{"lastUpdatedDate":{"year":2021,"month":7,"day":26},"county_demographics":[{"County":"Warren","confirmed_cases":1863,"total_tested":23081,"demographics":{"age":[{"race":[],"age_group":"<20","count":225,"tested":3302,"deaths":0},{"race":[],"age_group":"20-29   ","count":267,"tested":4998,"deaths":0},{"race":[],"age_group":"30-39   ","count":286,"tested":3278,"deaths":0},{"race":[],"age_group":"40-49   ","count":316,"tested":3121,"deaths":0},{"race":[],"age_group":"50-59   ","count":289,"tested":3096,"deaths":0},{"race":[],"age_group":"60-69   ","count":229,"tested":2639,"deaths":0},{"race":[],"age_group":"70-79   ","count":143,"tested":1554,"deaths":0},{"race":[],"age_group":"80+","count":108,"tested":1091,"deaths":0},{"race":[],"age_group":"Unknown","count":0,"tested":0,"deaths":0}],"race":[{"description":"AI/AN**","count":0,"tested":19,"deaths":0,"color":"rgb(31,119,180)"},{"description":"Asian","count":19,"tested":90,"deaths":0,"color":"rgb(140,86,75)"},{"description":"Black","count":44,"tested":378,"deaths":0,"color":"rgb(255,127,14)"},{"description":"Hispanic","count":145,"tested":897,"deaths":0,"color":"rgb(214,39,40)"},{"description":"Left Blank","count":518,"tested":9484,"deaths":0,"color":"rgb(44,160,44)"},{"description":"NH/PI*","count":0,"tested":15,"deaths":0,"color":"rgb(127,127,127)"},{"description":"Other","count":20,"tested":492,"deaths":0,"color":"rgb(148,103,189)"},{"description":"White","count":1112,"tested":11706,"deaths":0,"color":"rgb(31,119,180)"}],"gender":[{"description":"Female","count":974,"tested":12466,"deaths":0,"color":"rgb(255,127,14)"},{"description":"Male","count":842,"tested":9346,"deaths":0,"color":"rgb(31,119,180)"},{"description":"Unknown/Left Blank","count":44,"tested":1269,"deaths":0,"color":"rgb(44,160,44)"}]}}]}
