{"lastUpdatedDate":{"year":2021,"month":7,"day":26},"county_demographics":[{"County":"Franklin","confirmed_cases":4840,"total_tested":60362,"demographics":{"age":[{"race":[],"age_group":"<20","count":700,"tested":6398,"deaths":0},{"race":[],"age_group":"20-29   ","count":715,"tested":8667,"deaths":0},{"race":[],"age_group":"30-39   ","count":627,"tested":8569,"deaths":0},{"race":[],"age_group":"40-49   ","count":696,"tested":8835,"deaths":0},{"race":[],"age_group":"50-59   ","count":766,"tested":9301,"deaths":0},{"race":[],"age_group":"60-69   ","count":631,"tested":7248,"deaths":0},{"race":[],"age_group":"70-79   ","count":446,"tested":5660,"deaths":0},{"race":[],"age_group":"80+","count":259,"tested":5665,"deaths":0},{"race":[],"age_group":"Unknown","count":0,"tested":19,"deaths":0}],"race":[{"description":"AI/AN**","count":0,"tested":12,"deaths":0,"color":"rgb(31,119,180)"},{"description":"Asian","count":0,"tested":49,"deaths":0,"color":"rgb(140,86,75)"},{"description":"Black","count":15,"tested":260,"deaths":0,"color":"rgb(255,127,14)"},{"description":"Hispanic","count":38,"tested":363,"deaths":0,"color":"rgb(214,39,40)"},{"description":"Left Blank","count":1396,"tested":22809,"deaths":0,"color":"rgb(44,160,44)"},{"description":"NH/PI*","count":0,"tested":0,"deaths":0,"color":"rgb(127,127,127)"},{"description":"Other","count":30,"tested":460,"deaths":0,"color":"rgb(148,103,189)"},{"description":"White","count":3350,"tested":36405,"deaths":0,"color":"rgb(31,119,180)"}],"gender":[{"description":"Female","count":2614,"tested":33827,"deaths":0,"color":"rgb(255,127,14)"},{"description":"Male","count":2110,"tested":21210,"deaths":0,"color":"rgb(31,119,180)"},{"description":"Unknown/Left Blank","count":115,"tested":5325,"deaths":0,"color":"rgb(44,160,44)"}]}}]}
