{"lastUpdatedDate":{"year":2021,"month":7,"day":26},"county_demographics":[{"County":"Clinton","confirmed_cases":5889,"total_tested":74818,"demographics":{"age":[{"race":[],"age_group":"<20","count":899,"tested":9377,"deaths":0},{"race":[],"age_group":"20-29   ","count":909,"tested":12295,"deaths":0},{"race":[],"age_group":"30-39   ","count":917,"tested":12058,"deaths":0},{"race":[],"age_group":"40-49   ","count":779,"tested":10795,"deaths":0},{"race":[],"age_group":"50-59   ","count":913,"tested":11645,"deaths":0},{"race":[],"age_group":"60-69   ","count":744,"tested":8910,"deaths":0},{"race":[],"age_group":"70-79   ","count":358,"tested":4427,"deaths":0},{"race":[],"age_group":"80+","count":361,"tested":5134,"deaths":0},{"race":[],"age_group":"Unknown","count":9,"tested":177,"deaths":0}],"race":[{"description":"AI/AN**","count":6,"tested":23,"deaths":0,"color":"rgb(31,119,180)"},{"description":"Asian","count":0,"tested":114,"deaths":0,"color":"rgb(140,86,75)"},{"description":"Black","count":110,"tested":1943,"deaths":0,"color":"rgb(255,127,14)"},{"description":"Hispanic","count":78,"tested":446,"deaths":0,"color":"rgb(214,39,40)"},{"description":"Left Blank","count":2493,"tested":36799,"deaths":0,"color":"rgb(44,160,44)"},{"description":"NH/PI*","count":0,"tested":37,"deaths":0,"color":"rgb(127,127,127)"},{"description":"Other","count":117,"tested":865,"deaths":0,"color":"rgb(148,103,189)"},{"description":"White","count":3063,"tested":34591,"deaths":0,"color":"rgb(31,119,180)"}],"gender":[{"description":"Female","count":3071,"tested":41440,"deaths":0,"color":"rgb(255,127,14)"},{"description":"Male","count":2759,"tested":29393,"deaths":0,"color":"rgb(31,119,180)"},{"description":"Unknown/Left Blank","count":59,"tested":3985,"deaths":0,"color":"rgb(44,160,44)"}]}}]}
