{"lastUpdatedDate":{"year":2021,"month":7,"day":26},"county_demographics":[{"County":"Hardin","confirmed_cases":395,"total_tested":6412,"demographics":{"age":[{"race":[],"age_group":"<20","count":50,"tested":494,"deaths":0},{"race":[],"age_group":"20-29   ","count":51,"tested":1106,"deaths":0},{"race":[],"age_group":"30-39   ","count":46,"tested":982,"deaths":0},{"race":[],"age_group":"40-49   ","count":51,"tested":996,"deaths":0},{"race":[],"age_group":"50-59   ","count":57,"tested":1117,"deaths":0},{"race":[],"age_group":"60-69   ","count":58,"tested":826,"deaths":0},{"race":[],"age_group":"70-79   ","count":50,"tested":540,"deaths":0},{"race":[],"age_group":"80+","count":31,"tested":347,"deaths":0},{"race":[],"age_group":"Unknown","count":0,"tested":0,"deaths":0}],"race":[{"description":"AI/AN**","count":0,"tested":0,"deaths":0,"color":"rgb(31,119,180)"},{"description":"Asian","count":0,"tested":16,"deaths":0,"color":"rgb(140,86,75)"},{"description":"Black","count":0,"tested":95,"deaths":0,"color":"rgb(255,127,14)"},{"description":"Hispanic","count":0,"tested":17,"deaths":0,"color":"rgb(214,39,40)"},{"description":"Left Blank","count":113,"tested":2155,"deaths":0,"color":"rgb(44,160,44)"},{"description":"Other","count":0,"tested":19,"deaths":0,"color":"rgb(148,103,189)"},{"description":"White","count":276,"tested":4107,"deaths":0,"color":"rgb(31,119,180)"}],"gender":[{"description":"Female","count":232,"tested":3996,"deaths":0,"color":"rgb(255,127,14)"},{"description":"Male","count":162,"tested":2146,"deaths":0,"color":"rgb(31,119,180)"},{"description":"Unknown/Left Blank","count":0,"tested":270,"deaths":0,"color":"rgb(44,160,44)"}]}}]}
