{"lastUpdatedDate":{"year":2021,"month":7,"day":26},"county_demographics":[{"County":"DuPage","confirmed_cases":93568,"total_tested":1512422,"demographics":{"age":[{"race":[],"age_group":"<20","count":17099,"tested":220719,"deaths":0},{"race":[],"age_group":"20-29   ","count":16250,"tested":238572,"deaths":0},{"race":[],"age_group":"30-39   ","count":14387,"tested":212072,"deaths":0},{"race":[],"age_group":"40-49   ","count":14112,"tested":192424,"deaths":0},{"race":[],"age_group":"50-59   ","count":14359,"tested":217609,"deaths":0},{"race":[],"age_group":"60-69   ","count":9423,"tested":185655,"deaths":0},{"race":[],"age_group":"70-79   ","count":4332,"tested":110155,"deaths":0},{"race":[],"age_group":"80+","count":3601,"tested":133966,"deaths":0},{"race":[],"age_group":"Unknown","count":0,"tested":1250,"deaths":0}],"race":[{"description":"AI/AN**","count":142,"tested":2048,"deaths":0,"color":"rgb(31,119,180)"},{"description":"Asian","count":6140,"tested":81760,"deaths":0,"color":"rgb(140,86,75)"},{"description":"Black","count":4145,"tested":50806,"deaths":0,"color":"rgb(255,127,14)"},{"description":"Hispanic","count":17020,"tested":89686,"deaths":0,"color":"rgb(214,39,40)"},{"description":"Left Blank","count":16522,"tested":721873,"deaths":0,"color":"rgb(44,160,44)"},{"description":"NH/PI*","count":115,"tested":1301,"deaths":0,"color":"rgb(127,127,127)"},{"description":"Other","count":2997,"tested":45653,"deaths":0,"color":"rgb(148,103,189)"},{"description":"White","count":46487,"tested":519295,"deaths":0,"color":"rgb(31,119,180)"}],"gender":[{"description":"Female","count":47602,"tested":851192,"deaths":0,"color":"rgb(255,127,14)"},{"description":"Male","count":45431,"tested":631544,"deaths":0,"color":"rgb(31,119,180)"},{"description":"Unknown/Left Blank","count":535,"tested":29686,"deaths":0,"color":"rgb(44,160,44)"}]}}]}
