{"lastUpdatedDate":{"year":2021,"month":7,"day":26},"county_demographics":[{"County":"Douglas","confirmed_cases":2629,"total_tested":37289,"demographics":{"age":[{"race":[],"age_group":"<20","count":542,"tested":7843,"deaths":0},{"race":[],"age_group":"20-29   ","count":405,"tested":5613,"deaths":0},{"race":[],"age_group":"30-39   ","count":359,"tested":4683,"deaths":0},{"race":[],"age_group":"40-49   ","count":368,"tested":4744,"deaths":0},{"race":[],"age_group":"50-59   ","count":354,"tested":4037,"deaths":0},{"race":[],"age_group":"60-69   ","count":317,"tested":4491,"deaths":0},{"race":[],"age_group":"70-79   ","count":151,"tested":2713,"deaths":0},{"race":[],"age_group":"80+","count":128,"tested":3008,"deaths":0},{"race":[],"age_group":"Unknown","count":0,"tested":157,"deaths":0}],"race":[{"description":"AI/AN**","count":0,"tested":19,"deaths":0,"color":"rgb(31,119,180)"},{"description":"Asian","count":10,"tested":104,"deaths":0,"color":"rgb(140,86,75)"},{"description":"Black","count":8,"tested":235,"deaths":0,"color":"rgb(255,127,14)"},{"description":"Hispanic","count":314,"tested":2049,"deaths":0,"color":"rgb(214,39,40)"},{"description":"Left Blank","count":398,"tested":6260,"deaths":0,"color":"rgb(44,160,44)"},{"description":"NH/PI*","count":0,"tested":32,"deaths":0,"color":"rgb(127,127,127)"},{"description":"Other","count":73,"tested":901,"deaths":0,"color":"rgb(148,103,189)"},{"description":"White","count":1824,"tested":27689,"deaths":0,"color":"rgb(31,119,180)"}],"gender":[{"description":"Female","count":1319,"tested":22052,"deaths":0,"color":"rgb(255,127,14)"},{"description":"Male","count":1291,"tested":14968,"deaths":0,"color":"rgb(31,119,180)"},{"description":"Unknown/Left Blank","count":16,"tested":269,"deaths":0,"color":"rgb(44,160,44)"}]}}]}
