{"lastUpdatedDate":{"year":2021,"month":7,"day":26},"county_demographics":[{"County":"Schuyler","confirmed_cases":810,"total_tested":17069,"demographics":{"age":[{"race":[],"age_group":"<20","count":101,"tested":1325,"deaths":0},{"race":[],"age_group":"20-29   ","count":75,"tested":1648,"deaths":0},{"race":[],"age_group":"30-39   ","count":107,"tested":2344,"deaths":0},{"race":[],"age_group":"40-49   ","count":104,"tested":3071,"deaths":0},{"race":[],"age_group":"50-59   ","count":144,"tested":3961,"deaths":0},{"race":[],"age_group":"60-69   ","count":130,"tested":2901,"deaths":0},{"race":[],"age_group":"70-79   ","count":79,"tested":1135,"deaths":0},{"race":[],"age_group":"80+","count":70,"tested":666,"deaths":0},{"race":[],"age_group":"Unknown","count":0,"tested":18,"deaths":0}],"race":[{"description":"AI/AN**","count":0,"tested":15,"deaths":0,"color":"rgb(31,119,180)"},{"description":"Asian","count":0,"tested":7,"deaths":0,"color":"rgb(140,86,75)"},{"description":"Black","count":30,"tested":483,"deaths":0,"color":"rgb(255,127,14)"},{"description":"Hispanic","count":6,"tested":125,"deaths":0,"color":"rgb(214,39,40)"},{"description":"Left Blank","count":134,"tested":3389,"deaths":0,"color":"rgb(44,160,44)"},{"description":"NH/PI*","count":0,"tested":0,"deaths":0,"color":"rgb(127,127,127)"},{"description":"Other","count":0,"tested":275,"deaths":0,"color":"rgb(148,103,189)"},{"description":"White","count":635,"tested":12775,"deaths":0,"color":"rgb(31,119,180)"}],"gender":[{"description":"Female","count":420,"tested":6682,"deaths":0,"color":"rgb(255,127,14)"},{"description":"Male","count":364,"tested":9834,"deaths":0,"color":"rgb(31,119,180)"},{"description":"Unknown/Left Blank","count":26,"tested":553,"deaths":0,"color":"rgb(44,160,44)"}]}}]}
