{"lastUpdatedDate":{"year":2021,"month":7,"day":27},"county_demographics":[{"County":"McLean","confirmed_cases":18846,"total_tested":394494,"demographics":{"age":[{"race":[],"age_group":"<20","count":4030,"tested":82529,"deaths":0},{"race":[],"age_group":"20-29   ","count":5047,"tested":103331,"deaths":0},{"race":[],"age_group":"30-39   ","count":2538,"tested":55430,"deaths":0},{"race":[],"age_group":"40-49   ","count":2296,"tested":43571,"deaths":0},{"race":[],"age_group":"50-59   ","count":2106,"tested":43701,"deaths":0},{"race":[],"age_group":"60-69   ","count":1485,"tested":30311,"deaths":0},{"race":[],"age_group":"70-79   ","count":759,"tested":16825,"deaths":0},{"race":[],"age_group":"80+","count":585,"tested":18767,"deaths":0},{"race":[],"age_group":"Unknown","count":0,"tested":29,"deaths":0}],"race":[{"description":"AI/AN**","count":11,"tested":451,"deaths":0,"color":"rgb(31,119,180)"},{"description":"Asian","count":314,"tested":7182,"deaths":0,"color":"rgb(140,86,75)"},{"description":"Black","count":1610,"tested":19959,"deaths":0,"color":"rgb(255,127,14)"},{"description":"Hispanic","count":1184,"tested":12032,"deaths":0,"color":"rgb(214,39,40)"},{"description":"Left Blank","count":4202,"tested":200293,"deaths":0,"color":"rgb(44,160,44)"},{"description":"NH/PI*","count":12,"tested":231,"deaths":0,"color":"rgb(127,127,127)"},{"description":"Other","count":340,"tested":5097,"deaths":0,"color":"rgb(148,103,189)"},{"description":"White","count":11165,"tested":149249,"deaths":0,"color":"rgb(31,119,180)"}],"gender":[{"description":"Female","count":10063,"tested":202893,"deaths":0,"color":"rgb(255,127,14)"},{"description":"Male","count":8776,"tested":170304,"deaths":0,"color":"rgb(31,119,180)"},{"description":"Unknown/Left Blank","count":6,"tested":21297,"deaths":0,"color":"rgb(44,160,44)"}]}}]}
