{"lastUpdatedDate":{"year":2021,"month":7,"day":27},"county_demographics":[{"County":"Kankakee","confirmed_cases":14741,"total_tested":267394,"demographics":{"age":[{"race":[],"age_group":"<20","count":2308,"tested":22258,"deaths":0},{"race":[],"age_group":"20-29   ","count":2599,"tested":39253,"deaths":0},{"race":[],"age_group":"30-39   ","count":2278,"tested":39680,"deaths":0},{"race":[],"age_group":"40-49   ","count":2218,"tested":39910,"deaths":0},{"race":[],"age_group":"50-59   ","count":2201,"tested":44915,"deaths":0},{"race":[],"age_group":"60-69   ","count":1604,"tested":36617,"deaths":0},{"race":[],"age_group":"70-79   ","count":902,"tested":23162,"deaths":0},{"race":[],"age_group":"80+","count":629,"tested":21523,"deaths":0},{"race":[],"age_group":"Unknown","count":0,"tested":76,"deaths":0}],"race":[{"description":"AI/AN**","count":0,"tested":150,"deaths":0,"color":"rgb(31,119,180)"},{"description":"Asian","count":66,"tested":1694,"deaths":0,"color":"rgb(140,86,75)"},{"description":"Black","count":1973,"tested":48411,"deaths":0,"color":"rgb(255,127,14)"},{"description":"Hispanic","count":1375,"tested":10461,"deaths":0,"color":"rgb(214,39,40)"},{"description":"Left Blank","count":3365,"tested":60131,"deaths":0,"color":"rgb(44,160,44)"},{"description":"NH/PI*","count":0,"tested":360,"deaths":0,"color":"rgb(127,127,127)"},{"description":"Other","count":383,"tested":6755,"deaths":0,"color":"rgb(148,103,189)"},{"description":"White","count":7568,"tested":139432,"deaths":0,"color":"rgb(31,119,180)"}],"gender":[{"description":"Female","count":7807,"tested":157014,"deaths":0,"color":"rgb(255,127,14)"},{"description":"Male","count":6894,"tested":105669,"deaths":0,"color":"rgb(31,119,180)"},{"description":"Unknown/Left Blank","count":40,"tested":4711,"deaths":0,"color":"rgb(44,160,44)"}]}}]}
