{"lastUpdatedDate":{"year":2021,"month":7,"day":27},"county_demographics":[{"County":"McHenry","confirmed_cases":29561,"total_tested":389084,"demographics":{"age":[{"race":[],"age_group":"<20","count":4944,"tested":55859,"deaths":0},{"race":[],"age_group":"20-29   ","count":5110,"tested":59558,"deaths":0},{"race":[],"age_group":"30-39   ","count":4519,"tested":55542,"deaths":0},{"race":[],"age_group":"40-49   ","count":4569,"tested":51915,"deaths":0},{"race":[],"age_group":"50-59   ","count":5037,"tested":61959,"deaths":0},{"race":[],"age_group":"60-69   ","count":3067,"tested":47553,"deaths":0},{"race":[],"age_group":"70-79   ","count":1349,"tested":29277,"deaths":0},{"race":[],"age_group":"80+","count":962,"tested":27344,"deaths":0},{"race":[],"age_group":"Unknown","count":0,"tested":77,"deaths":0}],"race":[{"description":"AI/AN**","count":37,"tested":493,"deaths":0,"color":"rgb(31,119,180)"},{"description":"Asian","count":516,"tested":7128,"deaths":0,"color":"rgb(140,86,75)"},{"description":"Black","count":331,"tested":4622,"deaths":0,"color":"rgb(255,127,14)"},{"description":"Hispanic","count":4743,"tested":29099,"deaths":0,"color":"rgb(214,39,40)"},{"description":"Left Blank","count":7051,"tested":143238,"deaths":0,"color":"rgb(44,160,44)"},{"description":"NH/PI*","count":29,"tested":685,"deaths":0,"color":"rgb(127,127,127)"},{"description":"Other","count":583,"tested":7416,"deaths":0,"color":"rgb(148,103,189)"},{"description":"White","count":16266,"tested":196403,"deaths":0,"color":"rgb(31,119,180)"}],"gender":[{"description":"Female","count":15087,"tested":223563,"deaths":0,"color":"rgb(255,127,14)"},{"description":"Male","count":14309,"tested":160902,"deaths":0,"color":"rgb(31,119,180)"},{"description":"Unknown/Left Blank","count":165,"tested":4619,"deaths":0,"color":"rgb(44,160,44)"}]}}]}
