{"lastUpdatedDate":{"year":2021,"month":7,"day":27},"county_demographics":[{"County":"Lake","confirmed_cases":69132,"total_tested":1254216,"demographics":{"age":[{"race":[],"age_group":"<20","count":13214,"tested":281304,"deaths":0},{"race":[],"age_group":"20-29   ","count":12645,"tested":187757,"deaths":0},{"race":[],"age_group":"30-39   ","count":10125,"tested":152580,"deaths":0},{"race":[],"age_group":"40-49   ","count":10788,"tested":156137,"deaths":0},{"race":[],"age_group":"50-59   ","count":10550,"tested":176763,"deaths":0},{"race":[],"age_group":"60-69   ","count":6404,"tested":138125,"deaths":0},{"race":[],"age_group":"70-79   ","count":2994,"tested":78408,"deaths":0},{"race":[],"age_group":"80+","count":2394,"tested":82710,"deaths":0},{"race":[],"age_group":"Unknown","count":18,"tested":432,"deaths":0}],"race":[{"description":"AI/AN**","count":107,"tested":1674,"deaths":0,"color":"rgb(31,119,180)"},{"description":"Asian","count":1970,"tested":50658,"deaths":0,"color":"rgb(140,86,75)"},{"description":"Black","count":3812,"tested":53619,"deaths":0,"color":"rgb(255,127,14)"},{"description":"Hispanic","count":19794,"tested":141676,"deaths":0,"color":"rgb(214,39,40)"},{"description":"Left Blank","count":16284,"tested":464659,"deaths":0,"color":"rgb(44,160,44)"},{"description":"NH/PI*","count":137,"tested":2839,"deaths":0,"color":"rgb(127,127,127)"},{"description":"Other","count":3215,"tested":42485,"deaths":0,"color":"rgb(148,103,189)"},{"description":"White","count":23813,"tested":496606,"deaths":0,"color":"rgb(31,119,180)"}],"gender":[{"description":"Female","count":34590,"tested":691053,"deaths":0,"color":"rgb(255,127,14)"},{"description":"Male","count":33799,"tested":536281,"deaths":0,"color":"rgb(31,119,180)"},{"description":"Unknown/Left Blank","count":743,"tested":26882,"deaths":0,"color":"rgb(44,160,44)"}]}}]}
