{"lastUpdatedDate":{"year":2021,"month":1,"day":31},"county_demographics":[{"County":"Boone","confirmed_cases":5719,"total_tested":46698,"demographics":{"age":[{"race":[],"age_group":"<20","count":992,"tested":7143,"deaths":0},{"race":[],"age_group":"20-29   ","count":1019,"tested":7543,"deaths":0},{"race":[],"age_group":"30-39   ","count":814,"tested":6293,"deaths":0},{"race":[],"age_group":"40-49   ","count":978,"tested":6868,"deaths":0},{"race":[],"age_group":"50-59   ","count":873,"tested":6833,"deaths":0},{"race":[],"age_group":"60-69   ","count":547,"tested":4993,"deaths":0},{"race":[],"age_group":"70-79   ","count":306,"tested":3530,"deaths":0},{"race":[],"age_group":"80+","count":189,"tested":3484,"deaths":0},{"race":[],"age_group":"Unknown","count":0,"tested":11,"deaths":0}],"race":[{"description":"AI/AN**","count":7,"tested":30,"deaths":0,"color":"rgb(31,119,180)"},{"description":"Asian","count":37,"tested":306,"deaths":0,"color":"rgb(140,86,75)"},{"description":"Black","count":90,"tested":656,"deaths":0,"color":"rgb(255,127,14)"},{"description":"Hispanic","count":2038,"tested":4428,"deaths":0,"color":"rgb(214,39,40)"},{"description":"Left Blank","count":549,"tested":24034,"deaths":0,"color":"rgb(44,160,44)"},{"description":"NH/PI*","count":0,"tested":10,"deaths":0,"color":"rgb(127,127,127)"},{"description":"Other","count":76,"tested":541,"deaths":0,"color":"rgb(148,103,189)"},{"description":"White","count":2910,"tested":16693,"deaths":0,"color":"rgb(31,119,180)"}],"gender":[{"description":"Female","count":3027,"tested":27606,"deaths":0,"color":"rgb(255,127,14)"},{"description":"Male","count":2684,"tested":18338,"deaths":0,"color":"rgb(31,119,180)"},{"description":"Unknown/Left Blank","count":7,"tested":754,"deaths":0,"color":"rgb(44,160,44)"}]}}]}
