{"lastUpdatedDate":{"year":2021,"month":1,"day":31},"county_demographics":[{"County":"McHenry","confirmed_cases":22765,"total_tested":236762,"demographics":{"age":[{"race":[],"age_group":"<20","count":3314,"tested":27810,"deaths":0},{"race":[],"age_group":"20-29   ","count":4020,"tested":37355,"deaths":0},{"race":[],"age_group":"30-39   ","count":3482,"tested":33865,"deaths":0},{"race":[],"age_group":"40-49   ","count":3587,"tested":32458,"deaths":0},{"race":[],"age_group":"50-59   ","count":3918,"tested":38752,"deaths":0},{"race":[],"age_group":"60-69   ","count":2468,"tested":30095,"deaths":0},{"race":[],"age_group":"70-79   ","count":1115,"tested":18603,"deaths":0},{"race":[],"age_group":"80+","count":857,"tested":17779,"deaths":0},{"race":[],"age_group":"Unknown","count":0,"tested":45,"deaths":0}],"race":[{"description":"AI/AN**","count":24,"tested":286,"deaths":0,"color":"rgb(31,119,180)"},{"description":"Asian","count":353,"tested":3340,"deaths":0,"color":"rgb(140,86,75)"},{"description":"Black","count":221,"tested":2444,"deaths":0,"color":"rgb(255,127,14)"},{"description":"Hispanic","count":3614,"tested":16272,"deaths":0,"color":"rgb(214,39,40)"},{"description":"Left Blank","count":7028,"tested":99814,"deaths":0,"color":"rgb(44,160,44)"},{"description":"NH/PI*","count":22,"tested":143,"deaths":0,"color":"rgb(127,127,127)"},{"description":"Other","count":423,"tested":3346,"deaths":0,"color":"rgb(148,103,189)"},{"description":"White","count":11078,"tested":111117,"deaths":0,"color":"rgb(31,119,180)"}],"gender":[{"description":"Female","count":11710,"tested":137119,"deaths":0,"color":"rgb(255,127,14)"},{"description":"Male","count":10903,"tested":96852,"deaths":0,"color":"rgb(31,119,180)"},{"description":"Unknown/Left Blank","count":152,"tested":2791,"deaths":0,"color":"rgb(44,160,44)"}]}}]}
