{"lastUpdatedDate":{"year":2021,"month":1,"day":31},"county_demographics":[{"County":"Rock Island","confirmed_cases":12426,"total_tested":144328,"demographics":{"age":[{"race":[],"age_group":"<20","count":1586,"tested":15877,"deaths":0},{"race":[],"age_group":"20-29   ","count":2093,"tested":21129,"deaths":0},{"race":[],"age_group":"30-39   ","count":1965,"tested":21043,"deaths":0},{"race":[],"age_group":"40-49   ","count":1814,"tested":19768,"deaths":0},{"race":[],"age_group":"50-59   ","count":1785,"tested":19924,"deaths":0},{"race":[],"age_group":"60-69   ","count":1541,"tested":19059,"deaths":0},{"race":[],"age_group":"70-79   ","count":873,"tested":12167,"deaths":0},{"race":[],"age_group":"80+","count":769,"tested":13747,"deaths":0},{"race":[],"age_group":"Unknown","count":0,"tested":1614,"deaths":0}],"race":[{"description":"AI/AN**","count":10,"tested":55,"deaths":0,"color":"rgb(31,119,180)"},{"description":"Asian","count":128,"tested":793,"deaths":0,"color":"rgb(140,86,75)"},{"description":"Black","count":778,"tested":7777,"deaths":0,"color":"rgb(255,127,14)"},{"description":"Hispanic","count":1052,"tested":5438,"deaths":0,"color":"rgb(214,39,40)"},{"description":"Left Blank","count":6200,"tested":82503,"deaths":0,"color":"rgb(44,160,44)"},{"description":"NH/PI*","count":0,"tested":61,"deaths":0,"color":"rgb(127,127,127)"},{"description":"Other","count":289,"tested":2574,"deaths":0,"color":"rgb(148,103,189)"},{"description":"White","count":3963,"tested":45127,"deaths":0,"color":"rgb(31,119,180)"}],"gender":[{"description":"Female","count":6534,"tested":82660,"deaths":0,"color":"rgb(255,127,14)"},{"description":"Male","count":5810,"tested":52923,"deaths":0,"color":"rgb(31,119,180)"},{"description":"Unknown/Left Blank","count":82,"tested":8745,"deaths":0,"color":"rgb(44,160,44)"}]}}]}
