{"lastUpdatedDate":{"year":2021,"month":1,"day":31},"county_demographics":[{"County":"Putnam","confirmed_cases":375,"total_tested":4341,"demographics":{"age":[{"race":[],"age_group":"<20","count":37,"tested":461,"deaths":0},{"race":[],"age_group":"20-29   ","count":63,"tested":528,"deaths":0},{"race":[],"age_group":"30-39   ","count":55,"tested":752,"deaths":0},{"race":[],"age_group":"40-49   ","count":48,"tested":655,"deaths":0},{"race":[],"age_group":"50-59   ","count":72,"tested":880,"deaths":0},{"race":[],"age_group":"60-69   ","count":50,"tested":650,"deaths":0},{"race":[],"age_group":"70-79   ","count":29,"tested":287,"deaths":0},{"race":[],"age_group":"80+","count":11,"tested":127,"deaths":0},{"race":[],"age_group":"Unknown","count":0,"tested":0,"deaths":0}],"race":[{"description":"Asian","count":0,"tested":0,"deaths":0,"color":"rgb(140,86,75)"},{"description":"Black","count":0,"tested":15,"deaths":0,"color":"rgb(255,127,14)"},{"description":"Hispanic","count":9,"tested":93,"deaths":0,"color":"rgb(214,39,40)"},{"description":"Left Blank","count":147,"tested":1961,"deaths":0,"color":"rgb(44,160,44)"},{"description":"NH/PI*","count":0,"tested":34,"deaths":0,"color":"rgb(127,127,127)"},{"description":"Other","count":0,"tested":36,"deaths":0,"color":"rgb(148,103,189)"},{"description":"White","count":209,"tested":2199,"deaths":0,"color":"rgb(31,119,180)"}],"gender":[{"description":"Female","count":207,"tested":2702,"deaths":0,"color":"rgb(255,127,14)"},{"description":"Male","count":161,"tested":1292,"deaths":0,"color":"rgb(31,119,180)"},{"description":"Unknown/Left Blank","count":6,"tested":347,"deaths":0,"color":"rgb(44,160,44)"}]}}]}
