{"lastUpdatedDate":{"year":2021,"month":1,"day":31},"county_demographics":[{"County":"Johnson","confirmed_cases":1298,"total_tested":23835,"demographics":{"age":[{"race":[],"age_group":"<20","count":152,"tested":1268,"deaths":0},{"race":[],"age_group":"20-29   ","count":212,"tested":3600,"deaths":0},{"race":[],"age_group":"30-39   ","count":238,"tested":4771,"deaths":0},{"race":[],"age_group":"40-49   ","count":206,"tested":4277,"deaths":0},{"race":[],"age_group":"50-59   ","count":214,"tested":3111,"deaths":0},{"race":[],"age_group":"60-69   ","count":138,"tested":1798,"deaths":0},{"race":[],"age_group":"70-79   ","count":80,"tested":941,"deaths":0},{"race":[],"age_group":"80+","count":54,"tested":934,"deaths":0},{"race":[],"age_group":"Unknown","count":0,"tested":3135,"deaths":0}],"race":[{"description":"AI/AN**","count":0,"tested":0,"deaths":0,"color":"rgb(31,119,180)"},{"description":"Asian","count":0,"tested":63,"deaths":0,"color":"rgb(140,86,75)"},{"description":"Black","count":152,"tested":374,"deaths":0,"color":"rgb(255,127,14)"},{"description":"Hispanic","count":67,"tested":209,"deaths":0,"color":"rgb(214,39,40)"},{"description":"Left Blank","count":244,"tested":17147,"deaths":0,"color":"rgb(44,160,44)"},{"description":"NH/PI*","count":0,"tested":0,"deaths":0,"color":"rgb(127,127,127)"},{"description":"Other","count":6,"tested":81,"deaths":0,"color":"rgb(148,103,189)"},{"description":"White","count":820,"tested":5956,"deaths":0,"color":"rgb(31,119,180)"}],"gender":[{"description":"Female","count":497,"tested":5773,"deaths":0,"color":"rgb(255,127,14)"},{"description":"Male","count":744,"tested":4540,"deaths":0,"color":"rgb(31,119,180)"},{"description":"Unknown/Left Blank","count":55,"tested":13522,"deaths":0,"color":"rgb(44,160,44)"}]}}]}
