{"lastUpdatedDate":{"year":2021,"month":1,"day":31},"county_demographics":[{"County":"Hancock","confirmed_cases":1591,"total_tested":14805,"demographics":{"age":[{"race":[],"age_group":"<20","count":229,"tested":1730,"deaths":0},{"race":[],"age_group":"20-29   ","count":199,"tested":2098,"deaths":0},{"race":[],"age_group":"30-39   ","count":211,"tested":2046,"deaths":0},{"race":[],"age_group":"40-49   ","count":185,"tested":1773,"deaths":0},{"race":[],"age_group":"50-59   ","count":253,"tested":2451,"deaths":0},{"race":[],"age_group":"60-69   ","count":252,"tested":2040,"deaths":0},{"race":[],"age_group":"70-79   ","count":155,"tested":1245,"deaths":0},{"race":[],"age_group":"80+","count":107,"tested":1420,"deaths":0},{"race":[],"age_group":"Unknown","count":0,"tested":0,"deaths":0}],"race":[{"description":"AI/AN**","count":0,"tested":7,"deaths":0,"color":"rgb(31,119,180)"},{"description":"Asian","count":0,"tested":6,"deaths":0,"color":"rgb(140,86,75)"},{"description":"Black","count":0,"tested":17,"deaths":0,"color":"rgb(255,127,14)"},{"description":"Hispanic","count":15,"tested":57,"deaths":0,"color":"rgb(214,39,40)"},{"description":"Left Blank","count":948,"tested":8271,"deaths":0,"color":"rgb(44,160,44)"},{"description":"NH/PI*","count":0,"tested":13,"deaths":0,"color":"rgb(127,127,127)"},{"description":"Other","count":14,"tested":136,"deaths":0,"color":"rgb(148,103,189)"},{"description":"White","count":601,"tested":6298,"deaths":0,"color":"rgb(31,119,180)"}],"gender":[{"description":"Female","count":835,"tested":9263,"deaths":0,"color":"rgb(255,127,14)"},{"description":"Male","count":689,"tested":4835,"deaths":0,"color":"rgb(31,119,180)"},{"description":"Unknown/Left Blank","count":62,"tested":707,"deaths":0,"color":"rgb(44,160,44)"}]}}]}
