{"lastUpdatedDate":{"year":2021,"month":1,"day":31},"county_demographics":[{"County":"Lee","confirmed_cases":3214,"total_tested":47060,"demographics":{"age":[{"race":[],"age_group":"<20","count":363,"tested":3174,"deaths":0},{"race":[],"age_group":"20-29   ","count":540,"tested":7262,"deaths":0},{"race":[],"age_group":"30-39   ","count":471,"tested":8643,"deaths":0},{"race":[],"age_group":"40-49   ","count":516,"tested":8618,"deaths":0},{"race":[],"age_group":"50-59   ","count":518,"tested":6968,"deaths":0},{"race":[],"age_group":"60-69   ","count":390,"tested":4985,"deaths":0},{"race":[],"age_group":"70-79   ","count":208,"tested":2131,"deaths":0},{"race":[],"age_group":"80+","count":180,"tested":3003,"deaths":0},{"race":[],"age_group":"Unknown","count":27,"tested":2276,"deaths":0}],"race":[{"description":"AI/AN**","count":0,"tested":0,"deaths":0,"color":"rgb(31,119,180)"},{"description":"Asian","count":14,"tested":105,"deaths":0,"color":"rgb(140,86,75)"},{"description":"Black","count":125,"tested":970,"deaths":0,"color":"rgb(255,127,14)"},{"description":"Hispanic","count":74,"tested":482,"deaths":0,"color":"rgb(214,39,40)"},{"description":"Left Blank","count":1111,"tested":30112,"deaths":0,"color":"rgb(44,160,44)"},{"description":"NH/PI*","count":0,"tested":0,"deaths":0,"color":"rgb(127,127,127)"},{"description":"Other","count":86,"tested":518,"deaths":0,"color":"rgb(148,103,189)"},{"description":"White","count":1800,"tested":14865,"deaths":0,"color":"rgb(31,119,180)"}],"gender":[{"description":"Female","count":1439,"tested":14025,"deaths":0,"color":"rgb(255,127,14)"},{"description":"Male","count":1661,"tested":13714,"deaths":0,"color":"rgb(31,119,180)"},{"description":"Unknown/Left Blank","count":110,"tested":19321,"deaths":0,"color":"rgb(44,160,44)"}]}}]}
