{"lastUpdatedDate":{"year":2021,"month":1,"day":31},"county_demographics":[{"County":"Edgar","confirmed_cases":1508,"total_tested":11592,"demographics":{"age":[{"race":[],"age_group":"<20","count":241,"tested":1347,"deaths":0},{"race":[],"age_group":"20-29   ","count":186,"tested":1668,"deaths":0},{"race":[],"age_group":"30-39   ","count":191,"tested":1409,"deaths":0},{"race":[],"age_group":"40-49   ","count":214,"tested":1515,"deaths":0},{"race":[],"age_group":"50-59   ","count":192,"tested":1476,"deaths":0},{"race":[],"age_group":"60-69   ","count":200,"tested":1507,"deaths":0},{"race":[],"age_group":"70-79   ","count":146,"tested":1104,"deaths":0},{"race":[],"age_group":"80+","count":137,"tested":1524,"deaths":0},{"race":[],"age_group":"Unknown","count":0,"tested":42,"deaths":0}],"race":[{"description":"AI/AN**","count":0,"tested":0,"deaths":0,"color":"rgb(31,119,180)"},{"description":"Asian","count":0,"tested":0,"deaths":0,"color":"rgb(140,86,75)"},{"description":"Black","count":0,"tested":57,"deaths":0,"color":"rgb(255,127,14)"},{"description":"Hispanic","count":0,"tested":28,"deaths":0,"color":"rgb(214,39,40)"},{"description":"Left Blank","count":148,"tested":5630,"deaths":0,"color":"rgb(44,160,44)"},{"description":"NH/PI*","count":0,"tested":0,"deaths":0,"color":"rgb(127,127,127)"},{"description":"Other","count":0,"tested":86,"deaths":0,"color":"rgb(148,103,189)"},{"description":"White","count":1347,"tested":5782,"deaths":0,"color":"rgb(31,119,180)"}],"gender":[{"description":"Female","count":471,"tested":7173,"deaths":0,"color":"rgb(255,127,14)"},{"description":"Male","count":360,"tested":3404,"deaths":0,"color":"rgb(31,119,180)"},{"description":"Unknown/Left Blank","count":677,"tested":1015,"deaths":0,"color":"rgb(44,160,44)"}]}}]}
