{"lastUpdatedDate":{"year":2021,"month":6,"day":30},"county_demographics":[{"County":"Chicago","confirmed_cases":285965,"total_tested":4870995,"demographics":{"age":[{"race":[],"age_group":"<20","count":39278,"tested":530737,"deaths":0},{"race":[],"age_group":"20-29   ","count":62568,"tested":1117932,"deaths":0},{"race":[],"age_group":"30-39   ","count":56260,"tested":968161,"deaths":0},{"race":[],"age_group":"40-49   ","count":44946,"tested":664781,"deaths":0},{"race":[],"age_group":"50-59   ","count":37819,"tested":631396,"deaths":0},{"race":[],"age_group":"60-69   ","count":25056,"tested":513753,"deaths":0},{"race":[],"age_group":"70-79   ","count":12290,"tested":265493,"deaths":0},{"race":[],"age_group":"80+","count":7743,"tested":175811,"deaths":0},{"race":[],"age_group":"Unknown","count":0,"tested":2931,"deaths":0}],"race":[{"description":"AI/AN**","count":379,"tested":5808,"deaths":0,"color":"rgb(31,119,180)"},{"description":"Asian","count":7527,"tested":181898,"deaths":0,"color":"rgb(140,86,75)"},{"description":"Black","count":53093,"tested":750916,"deaths":0,"color":"rgb(255,127,14)"},{"description":"Hispanic","count":93284,"tested":620383,"deaths":0,"color":"rgb(214,39,40)"},{"description":"Left Blank","count":66307,"tested":2085398,"deaths":0,"color":"rgb(44,160,44)"},{"description":"NH/PI*","count":263,"tested":4995,"deaths":0,"color":"rgb(127,127,127)"},{"description":"Other","count":12555,"tested":184847,"deaths":0,"color":"rgb(148,103,189)"},{"description":"White","count":52557,"tested":1036750,"deaths":0,"color":"rgb(31,119,180)"}],"gender":[{"description":"Female","count":145770,"tested":2571325,"deaths":0,"color":"rgb(255,127,14)"},{"description":"Male","count":136279,"tested":2169477,"deaths":0,"color":"rgb(31,119,180)"},{"description":"Unknown/Left Blank","count":3916,"tested":130193,"deaths":0,"color":"rgb(44,160,44)"}]}}]}
