{"lastUpdatedDate":{"year":2021,"month":6,"day":30},"county_demographics":[{"County":"Hardin","confirmed_cases":391,"total_tested":6233,"demographics":{"age":[{"race":[],"age_group":"<20","count":49,"tested":479,"deaths":0},{"race":[],"age_group":"20-29   ","count":51,"tested":1083,"deaths":0},{"race":[],"age_group":"30-39   ","count":46,"tested":956,"deaths":0},{"race":[],"age_group":"40-49   ","count":51,"tested":967,"deaths":0},{"race":[],"age_group":"50-59   ","count":57,"tested":1090,"deaths":0},{"race":[],"age_group":"60-69   ","count":56,"tested":792,"deaths":0},{"race":[],"age_group":"70-79   ","count":49,"tested":520,"deaths":0},{"race":[],"age_group":"80+","count":31,"tested":342,"deaths":0},{"race":[],"age_group":"Unknown","count":0,"tested":0,"deaths":0}],"race":[{"description":"AI/AN**","count":0,"tested":0,"deaths":0,"color":"rgb(31,119,180)"},{"description":"Asian","count":0,"tested":16,"deaths":0,"color":"rgb(140,86,75)"},{"description":"Black","count":0,"tested":94,"deaths":0,"color":"rgb(255,127,14)"},{"description":"Hispanic","count":0,"tested":16,"deaths":0,"color":"rgb(214,39,40)"},{"description":"Left Blank","count":112,"tested":2080,"deaths":0,"color":"rgb(44,160,44)"},{"description":"Other","count":0,"tested":19,"deaths":0,"color":"rgb(148,103,189)"},{"description":"White","count":274,"tested":4005,"deaths":0,"color":"rgb(31,119,180)"}],"gender":[{"description":"Female","count":228,"tested":3895,"deaths":0,"color":"rgb(255,127,14)"},{"description":"Male","count":162,"tested":2069,"deaths":0,"color":"rgb(31,119,180)"},{"description":"Unknown/Left Blank","count":0,"tested":269,"deaths":0,"color":"rgb(44,160,44)"}]}}]}
