{"lastUpdatedDate":{"year":2021,"month":6,"day":30},"county_demographics":[{"County":"Grundy","confirmed_cases":5995,"total_tested":70075,"demographics":{"age":[{"race":[],"age_group":"<20","count":1083,"tested":12048,"deaths":0},{"race":[],"age_group":"20-29   ","count":1004,"tested":10989,"deaths":0},{"race":[],"age_group":"30-39   ","count":978,"tested":9765,"deaths":0},{"race":[],"age_group":"40-49   ","count":994,"tested":10044,"deaths":0},{"race":[],"age_group":"50-59   ","count":895,"tested":9942,"deaths":0},{"race":[],"age_group":"60-69   ","count":559,"tested":7064,"deaths":0},{"race":[],"age_group":"70-79   ","count":298,"tested":4799,"deaths":0},{"race":[],"age_group":"80+","count":182,"tested":5288,"deaths":0},{"race":[],"age_group":"Unknown","count":0,"tested":136,"deaths":0}],"race":[{"description":"AI/AN**","count":0,"tested":48,"deaths":0,"color":"rgb(31,119,180)"},{"description":"Asian","count":21,"tested":306,"deaths":0,"color":"rgb(140,86,75)"},{"description":"Black","count":57,"tested":951,"deaths":0,"color":"rgb(255,127,14)"},{"description":"Hispanic","count":396,"tested":2630,"deaths":0,"color":"rgb(214,39,40)"},{"description":"Left Blank","count":1413,"tested":19746,"deaths":0,"color":"rgb(44,160,44)"},{"description":"NH/PI*","count":0,"tested":17,"deaths":0,"color":"rgb(127,127,127)"},{"description":"Other","count":440,"tested":3621,"deaths":0,"color":"rgb(148,103,189)"},{"description":"White","count":3656,"tested":42756,"deaths":0,"color":"rgb(31,119,180)"}],"gender":[{"description":"Female","count":3058,"tested":40379,"deaths":0,"color":"rgb(255,127,14)"},{"description":"Male","count":2896,"tested":27907,"deaths":0,"color":"rgb(31,119,180)"},{"description":"Unknown/Left Blank","count":36,"tested":1789,"deaths":0,"color":"rgb(44,160,44)"}]}}]}
