{"lastUpdatedDate":{"year":2021,"month":6,"day":30},"county_demographics":[{"County":"Carroll","confirmed_cases":1786,"total_tested":22818,"demographics":{"age":[{"race":[],"age_group":"<20","count":235,"tested":2165,"deaths":0},{"race":[],"age_group":"20-29   ","count":213,"tested":2767,"deaths":0},{"race":[],"age_group":"30-39   ","count":354,"tested":4029,"deaths":0},{"race":[],"age_group":"40-49   ","count":271,"tested":3350,"deaths":0},{"race":[],"age_group":"50-59   ","count":259,"tested":3263,"deaths":0},{"race":[],"age_group":"60-69   ","count":203,"tested":2731,"deaths":0},{"race":[],"age_group":"70-79   ","count":131,"tested":1718,"deaths":0},{"race":[],"age_group":"80+","count":111,"tested":2793,"deaths":0},{"race":[],"age_group":"Unknown","count":0,"tested":0,"deaths":0}],"race":[{"description":"AI/AN**","count":7,"tested":9,"deaths":0,"color":"rgb(31,119,180)"},{"description":"Asian","count":0,"tested":110,"deaths":0,"color":"rgb(140,86,75)"},{"description":"Black","count":89,"tested":109,"deaths":0,"color":"rgb(255,127,14)"},{"description":"Hispanic","count":32,"tested":111,"deaths":0,"color":"rgb(214,39,40)"},{"description":"Left Blank","count":648,"tested":13279,"deaths":0,"color":"rgb(44,160,44)"},{"description":"NH/PI*","count":0,"tested":0,"deaths":0,"color":"rgb(127,127,127)"},{"description":"Other","count":17,"tested":189,"deaths":0,"color":"rgb(148,103,189)"},{"description":"White","count":984,"tested":9009,"deaths":0,"color":"rgb(31,119,180)"}],"gender":[{"description":"Female","count":818,"tested":11945,"deaths":0,"color":"rgb(255,127,14)"},{"description":"Male","count":961,"tested":10298,"deaths":0,"color":"rgb(31,119,180)"},{"description":"Unknown/Left Blank","count":6,"tested":575,"deaths":0,"color":"rgb(44,160,44)"}]}}]}
