{"lastUpdatedDate":{"year":2021,"month":6,"day":30},"county_demographics":[{"County":"Putnam","confirmed_cases":487,"total_tested":7422,"demographics":{"age":[{"race":[],"age_group":"<20","count":70,"tested":863,"deaths":0},{"race":[],"age_group":"20-29   ","count":75,"tested":822,"deaths":0},{"race":[],"age_group":"30-39   ","count":67,"tested":1236,"deaths":0},{"race":[],"age_group":"40-49   ","count":65,"tested":1193,"deaths":0},{"race":[],"age_group":"50-59   ","count":93,"tested":1588,"deaths":0},{"race":[],"age_group":"60-69   ","count":69,"tested":1074,"deaths":0},{"race":[],"age_group":"70-79   ","count":30,"tested":436,"deaths":0},{"race":[],"age_group":"80+","count":11,"tested":209,"deaths":0},{"race":[],"age_group":"Unknown","count":0,"tested":0,"deaths":0}],"race":[{"description":"Asian","count":0,"tested":6,"deaths":0,"color":"rgb(140,86,75)"},{"description":"Black","count":0,"tested":23,"deaths":0,"color":"rgb(255,127,14)"},{"description":"Hispanic","count":14,"tested":169,"deaths":0,"color":"rgb(214,39,40)"},{"description":"Left Blank","count":192,"tested":3488,"deaths":0,"color":"rgb(44,160,44)"},{"description":"NH/PI*","count":0,"tested":69,"deaths":0,"color":"rgb(127,127,127)"},{"description":"Other","count":0,"tested":58,"deaths":0,"color":"rgb(148,103,189)"},{"description":"White","count":269,"tested":3609,"deaths":0,"color":"rgb(31,119,180)"}],"gender":[{"description":"Female","count":268,"tested":4273,"deaths":0,"color":"rgb(255,127,14)"},{"description":"Male","count":207,"tested":1936,"deaths":0,"color":"rgb(31,119,180)"},{"description":"Unknown/Left Blank","count":7,"tested":1213,"deaths":0,"color":"rgb(44,160,44)"}]}}]}
