{"lastUpdatedDate":{"year":2021,"month":6,"day":30},"county_demographics":[{"County":"Winnebago","confirmed_cases":34193,"total_tested":454311,"demographics":{"age":[{"race":[],"age_group":"<20","count":6041,"tested":70714,"deaths":0},{"race":[],"age_group":"20-29   ","count":6081,"tested":75072,"deaths":0},{"race":[],"age_group":"30-39   ","count":5334,"tested":66317,"deaths":0},{"race":[],"age_group":"40-49   ","count":5119,"tested":59694,"deaths":0},{"race":[],"age_group":"50-59   ","count":4798,"tested":63652,"deaths":0},{"race":[],"age_group":"60-69   ","count":3509,"tested":51365,"deaths":0},{"race":[],"age_group":"70-79   ","count":1949,"tested":32622,"deaths":0},{"race":[],"age_group":"80+","count":1353,"tested":34706,"deaths":0},{"race":[],"age_group":"Unknown","count":7,"tested":169,"deaths":0}],"race":[{"description":"AI/AN**","count":38,"tested":419,"deaths":0,"color":"rgb(31,119,180)"},{"description":"Asian","count":675,"tested":5372,"deaths":0,"color":"rgb(140,86,75)"},{"description":"Black","count":4261,"tested":37383,"deaths":0,"color":"rgb(255,127,14)"},{"description":"Hispanic","count":6035,"tested":27816,"deaths":0,"color":"rgb(214,39,40)"},{"description":"Left Blank","count":3215,"tested":197933,"deaths":0,"color":"rgb(44,160,44)"},{"description":"NH/PI*","count":21,"tested":317,"deaths":0,"color":"rgb(127,127,127)"},{"description":"Other","count":535,"tested":9868,"deaths":0,"color":"rgb(148,103,189)"},{"description":"White","count":19411,"tested":175203,"deaths":0,"color":"rgb(31,119,180)"}],"gender":[{"description":"Female","count":18262,"tested":267451,"deaths":0,"color":"rgb(255,127,14)"},{"description":"Male","count":15780,"tested":179118,"deaths":0,"color":"rgb(31,119,180)"},{"description":"Unknown/Left Blank","count":151,"tested":7742,"deaths":0,"color":"rgb(44,160,44)"}]}}]}
