{"lastUpdatedDate":{"year":2020,"month":11,"day":29},"county_demographics":[{"County":"Adams","confirmed_cases":4735,"total_tested":63924,"demographics":{"age":[{"race":[],"age_group":"<20","count":680,"tested":6425,"deaths":0},{"race":[],"age_group":"20-29   ","count":748,"tested":8019,"deaths":0},{"race":[],"age_group":"30-39   ","count":648,"tested":8714,"deaths":0},{"race":[],"age_group":"40-49   ","count":619,"tested":8092,"deaths":0},{"race":[],"age_group":"50-59   ","count":733,"tested":10079,"deaths":0},{"race":[],"age_group":"60-69   ","count":652,"tested":7604,"deaths":0},{"race":[],"age_group":"70-79   ","count":395,"tested":6389,"deaths":0},{"race":[],"age_group":"80+","count":258,"tested":8576,"deaths":0},{"race":[],"age_group":"Unknown","count":0,"tested":26,"deaths":0}],"race":[{"description":"AI/AN**","count":0,"tested":23,"deaths":0,"color":"rgb(31,119,180)"},{"description":"Asian","count":0,"tested":96,"deaths":0,"color":"rgb(140,86,75)"},{"description":"Black","count":85,"tested":635,"deaths":0,"color":"rgb(255,127,14)"},{"description":"Hispanic","count":7,"tested":167,"deaths":0,"color":"rgb(214,39,40)"},{"description":"Left Blank","count":3449,"tested":43272,"deaths":0,"color":"rgb(44,160,44)"},{"description":"NH/PI*","count":0,"tested":43,"deaths":0,"color":"rgb(127,127,127)"},{"description":"Other","count":0,"tested":105,"deaths":0,"color":"rgb(148,103,189)"},{"description":"White","count":1180,"tested":19583,"deaths":0,"color":"rgb(31,119,180)"}],"gender":[{"description":"Female","count":2425,"tested":34819,"deaths":0,"color":"rgb(255,127,14)"},{"description":"Male","count":2064,"tested":24205,"deaths":0,"color":"rgb(31,119,180)"},{"description":"Unknown/Left Blank","count":246,"tested":4900,"deaths":0,"color":"rgb(44,160,44)"}]}}]}
