{"lastUpdatedDate":{"year":2020,"month":11,"day":29},"county_demographics":[{"County":"Peoria","confirmed_cases":9147,"total_tested":151833,"demographics":{"age":[{"race":[],"age_group":"<20","count":1566,"tested":23415,"deaths":0},{"race":[],"age_group":"20-29   ","count":1877,"tested":26672,"deaths":0},{"race":[],"age_group":"30-39   ","count":1324,"tested":22709,"deaths":0},{"race":[],"age_group":"40-49   ","count":1240,"tested":19867,"deaths":0},{"race":[],"age_group":"50-59   ","count":1294,"tested":20400,"deaths":0},{"race":[],"age_group":"60-69   ","count":939,"tested":18126,"deaths":0},{"race":[],"age_group":"70-79   ","count":531,"tested":11318,"deaths":0},{"race":[],"age_group":"80+","count":375,"tested":9295,"deaths":0},{"race":[],"age_group":"Unknown","count":0,"tested":31,"deaths":0}],"race":[{"description":"AI/AN**","count":8,"tested":55,"deaths":0,"color":"rgb(31,119,180)"},{"description":"Asian","count":98,"tested":780,"deaths":0,"color":"rgb(140,86,75)"},{"description":"Black","count":1437,"tested":9146,"deaths":0,"color":"rgb(255,127,14)"},{"description":"Hispanic","count":619,"tested":1319,"deaths":0,"color":"rgb(214,39,40)"},{"description":"Left Blank","count":1843,"tested":103127,"deaths":0,"color":"rgb(44,160,44)"},{"description":"NH/PI*","count":6,"tested":49,"deaths":0,"color":"rgb(127,127,127)"},{"description":"Other","count":269,"tested":3812,"deaths":0,"color":"rgb(148,103,189)"},{"description":"White","count":4867,"tested":33545,"deaths":0,"color":"rgb(31,119,180)"}],"gender":[{"description":"Female","count":4856,"tested":84479,"deaths":0,"color":"rgb(255,127,14)"},{"description":"Male","count":4110,"tested":60061,"deaths":0,"color":"rgb(31,119,180)"},{"description":"Unknown/Left Blank","count":179,"tested":7293,"deaths":0,"color":"rgb(44,160,44)"}]}}]}
