{"lastUpdatedDate":{"year":2020,"month":11,"day":29},"county_demographics":[{"County":"Mercer","confirmed_cases":745,"total_tested":9332,"demographics":{"age":[{"race":[],"age_group":"<20","count":102,"tested":1526,"deaths":0},{"race":[],"age_group":"20-29   ","count":90,"tested":1077,"deaths":0},{"race":[],"age_group":"30-39   ","count":87,"tested":1036,"deaths":0},{"race":[],"age_group":"40-49   ","count":105,"tested":1134,"deaths":0},{"race":[],"age_group":"50-59   ","count":140,"tested":1323,"deaths":0},{"race":[],"age_group":"60-69   ","count":95,"tested":1212,"deaths":0},{"race":[],"age_group":"70-79   ","count":46,"tested":893,"deaths":0},{"race":[],"age_group":"80+","count":59,"tested":1118,"deaths":0},{"race":[],"age_group":"Unknown","count":0,"tested":13,"deaths":0}],"race":[{"description":"Asian","count":0,"tested":0,"deaths":0,"color":"rgb(140,86,75)"},{"description":"Black","count":0,"tested":10,"deaths":0,"color":"rgb(255,127,14)"},{"description":"Hispanic","count":8,"tested":43,"deaths":0,"color":"rgb(214,39,40)"},{"description":"Left Blank","count":434,"tested":4869,"deaths":0,"color":"rgb(44,160,44)"},{"description":"NH/PI*","count":0,"tested":0,"deaths":0,"color":"rgb(127,127,127)"},{"description":"Other","count":0,"tested":117,"deaths":0,"color":"rgb(148,103,189)"},{"description":"White","count":298,"tested":4288,"deaths":0,"color":"rgb(31,119,180)"}],"gender":[{"description":"Female","count":390,"tested":5430,"deaths":0,"color":"rgb(255,127,14)"},{"description":"Male","count":340,"tested":3748,"deaths":0,"color":"rgb(31,119,180)"},{"description":"Unknown/Left Blank","count":7,"tested":154,"deaths":0,"color":"rgb(44,160,44)"}]}}]}
