{"lastUpdatedDate":{"year":2020,"month":11,"day":29},"county_demographics":[{"County":"Johnson","confirmed_cases":713,"total_tested":6344,"demographics":{"age":[{"race":[],"age_group":"<20","count":69,"tested":727,"deaths":0},{"race":[],"age_group":"20-29   ","count":116,"tested":874,"deaths":0},{"race":[],"age_group":"30-39   ","count":117,"tested":931,"deaths":0},{"race":[],"age_group":"40-49   ","count":119,"tested":901,"deaths":0},{"race":[],"age_group":"50-59   ","count":104,"tested":942,"deaths":0},{"race":[],"age_group":"60-69   ","count":77,"tested":843,"deaths":0},{"race":[],"age_group":"70-79   ","count":58,"tested":565,"deaths":0},{"race":[],"age_group":"80+","count":40,"tested":560,"deaths":0},{"race":[],"age_group":"Unknown","count":0,"tested":0,"deaths":0}],"race":[{"description":"AI/AN**","count":0,"tested":0,"deaths":0,"color":"rgb(31,119,180)"},{"description":"Asian","count":0,"tested":39,"deaths":0,"color":"rgb(140,86,75)"},{"description":"Black","count":66,"tested":200,"deaths":0,"color":"rgb(255,127,14)"},{"description":"Hispanic","count":42,"tested":139,"deaths":0,"color":"rgb(214,39,40)"},{"description":"Left Blank","count":143,"tested":2208,"deaths":0,"color":"rgb(44,160,44)"},{"description":"NH/PI*","count":0,"tested":0,"deaths":0,"color":"rgb(127,127,127)"},{"description":"Other","count":0,"tested":63,"deaths":0,"color":"rgb(148,103,189)"},{"description":"White","count":456,"tested":3692,"deaths":0,"color":"rgb(31,119,180)"}],"gender":[{"description":"Female","count":282,"tested":3315,"deaths":0,"color":"rgb(255,127,14)"},{"description":"Male","count":406,"tested":2555,"deaths":0,"color":"rgb(31,119,180)"},{"description":"Unknown/Left Blank","count":25,"tested":474,"deaths":0,"color":"rgb(44,160,44)"}]}}]}
