{"lastUpdatedDate":{"year":2020,"month":11,"day":29},"county_demographics":[{"County":"Grundy","confirmed_cases":2776,"total_tested":23203,"demographics":{"age":[{"race":[],"age_group":"<20","count":430,"tested":3822,"deaths":0},{"race":[],"age_group":"20-29   ","count":486,"tested":3759,"deaths":0},{"race":[],"age_group":"30-39   ","count":445,"tested":3416,"deaths":0},{"race":[],"age_group":"40-49   ","count":477,"tested":3383,"deaths":0},{"race":[],"age_group":"50-59   ","count":434,"tested":3498,"deaths":0},{"race":[],"age_group":"60-69   ","count":267,"tested":2484,"deaths":0},{"race":[],"age_group":"70-79   ","count":151,"tested":1502,"deaths":0},{"race":[],"age_group":"80+","count":83,"tested":1339,"deaths":0},{"race":[],"age_group":"Unknown","count":0,"tested":0,"deaths":0}],"race":[{"description":"AI/AN**","count":0,"tested":10,"deaths":0,"color":"rgb(31,119,180)"},{"description":"Asian","count":0,"tested":50,"deaths":0,"color":"rgb(140,86,75)"},{"description":"Black","count":19,"tested":246,"deaths":0,"color":"rgb(255,127,14)"},{"description":"Hispanic","count":140,"tested":708,"deaths":0,"color":"rgb(214,39,40)"},{"description":"Left Blank","count":955,"tested":8684,"deaths":0,"color":"rgb(44,160,44)"},{"description":"NH/PI*","count":0,"tested":8,"deaths":0,"color":"rgb(127,127,127)"},{"description":"Other","count":167,"tested":1030,"deaths":0,"color":"rgb(148,103,189)"},{"description":"White","count":1489,"tested":12467,"deaths":0,"color":"rgb(31,119,180)"}],"gender":[{"description":"Female","count":1380,"tested":13214,"deaths":0,"color":"rgb(255,127,14)"},{"description":"Male","count":1359,"tested":9768,"deaths":0,"color":"rgb(31,119,180)"},{"description":"Unknown/Left Blank","count":37,"tested":221,"deaths":0,"color":"rgb(44,160,44)"}]}}]}
