{"lastUpdatedDate":{"year":2020,"month":11,"day":29},"county_demographics":[{"County":"Douglas","confirmed_cases":1354,"total_tested":15390,"demographics":{"age":[{"race":[],"age_group":"<20","count":249,"tested":3040,"deaths":0},{"race":[],"age_group":"20-29   ","count":210,"tested":2360,"deaths":0},{"race":[],"age_group":"30-39   ","count":178,"tested":1899,"deaths":0},{"race":[],"age_group":"40-49   ","count":198,"tested":2031,"deaths":0},{"race":[],"age_group":"50-59   ","count":192,"tested":1763,"deaths":0},{"race":[],"age_group":"60-69   ","count":171,"tested":2072,"deaths":0},{"race":[],"age_group":"70-79   ","count":76,"tested":1145,"deaths":0},{"race":[],"age_group":"80+","count":68,"tested":1074,"deaths":0},{"race":[],"age_group":"Unknown","count":0,"tested":6,"deaths":0}],"race":[{"description":"AI/AN**","count":0,"tested":12,"deaths":0,"color":"rgb(31,119,180)"},{"description":"Asian","count":0,"tested":37,"deaths":0,"color":"rgb(140,86,75)"},{"description":"Black","count":0,"tested":97,"deaths":0,"color":"rgb(255,127,14)"},{"description":"Hispanic","count":232,"tested":929,"deaths":0,"color":"rgb(214,39,40)"},{"description":"Left Blank","count":280,"tested":3256,"deaths":0,"color":"rgb(44,160,44)"},{"description":"NH/PI*","count":0,"tested":7,"deaths":0,"color":"rgb(127,127,127)"},{"description":"Other","count":50,"tested":478,"deaths":0,"color":"rgb(148,103,189)"},{"description":"White","count":778,"tested":10574,"deaths":0,"color":"rgb(31,119,180)"}],"gender":[{"description":"Female","count":658,"tested":8861,"deaths":0,"color":"rgb(255,127,14)"},{"description":"Male","count":671,"tested":6413,"deaths":0,"color":"rgb(31,119,180)"},{"description":"Unknown/Left Blank","count":13,"tested":116,"deaths":0,"color":"rgb(44,160,44)"}]}}]}
