{"lastUpdatedDate":{"year":2020,"month":11,"day":29},"county_demographics":[{"County":"Whiteside","confirmed_cases":3743,"total_tested":32025,"demographics":{"age":[{"race":[],"age_group":"<20","count":492,"tested":4837,"deaths":0},{"race":[],"age_group":"20-29   ","count":563,"tested":4845,"deaths":0},{"race":[],"age_group":"30-39   ","count":548,"tested":4682,"deaths":0},{"race":[],"age_group":"40-49   ","count":523,"tested":4117,"deaths":0},{"race":[],"age_group":"50-59   ","count":654,"tested":4680,"deaths":0},{"race":[],"age_group":"60-69   ","count":447,"tested":3943,"deaths":0},{"race":[],"age_group":"70-79   ","count":252,"tested":2325,"deaths":0},{"race":[],"age_group":"80+","count":261,"tested":2584,"deaths":0},{"race":[],"age_group":"Unknown","count":0,"tested":12,"deaths":0}],"race":[{"description":"AI/AN**","count":0,"tested":9,"deaths":0,"color":"rgb(31,119,180)"},{"description":"Asian","count":7,"tested":47,"deaths":0,"color":"rgb(140,86,75)"},{"description":"Black","count":102,"tested":1226,"deaths":0,"color":"rgb(255,127,14)"},{"description":"Hispanic","count":202,"tested":948,"deaths":0,"color":"rgb(214,39,40)"},{"description":"Left Blank","count":973,"tested":15732,"deaths":0,"color":"rgb(44,160,44)"},{"description":"NH/PI*","count":0,"tested":0,"deaths":0,"color":"rgb(127,127,127)"},{"description":"Other","count":204,"tested":916,"deaths":0,"color":"rgb(148,103,189)"},{"description":"White","count":2240,"tested":13142,"deaths":0,"color":"rgb(31,119,180)"}],"gender":[{"description":"Female","count":2021,"tested":19146,"deaths":0,"color":"rgb(255,127,14)"},{"description":"Male","count":1629,"tested":11837,"deaths":0,"color":"rgb(31,119,180)"},{"description":"Unknown/Left Blank","count":92,"tested":1042,"deaths":0,"color":"rgb(44,160,44)"}]}}]}
