{"lastUpdatedDate":{"year":2021,"month":6,"day":28},"county_demographics":[{"County":"Marshall","confirmed_cases":1082,"total_tested":23059,"demographics":{"age":[{"race":[],"age_group":"<20","count":183,"tested":2828,"deaths":0},{"race":[],"age_group":"20-29   ","count":171,"tested":3373,"deaths":0},{"race":[],"age_group":"30-39   ","count":141,"tested":2889,"deaths":0},{"race":[],"age_group":"40-49   ","count":170,"tested":3131,"deaths":0},{"race":[],"age_group":"50-59   ","count":161,"tested":3746,"deaths":0},{"race":[],"age_group":"60-69   ","count":136,"tested":3163,"deaths":0},{"race":[],"age_group":"70-79   ","count":83,"tested":1779,"deaths":0},{"race":[],"age_group":"80+","count":32,"tested":2073,"deaths":0},{"race":[],"age_group":"Unknown","count":0,"tested":77,"deaths":0}],"race":[{"description":"AI/AN**","count":0,"tested":0,"deaths":0,"color":"rgb(31,119,180)"},{"description":"Asian","count":0,"tested":27,"deaths":0,"color":"rgb(140,86,75)"},{"description":"Black","count":0,"tested":85,"deaths":0,"color":"rgb(255,127,14)"},{"description":"Hispanic","count":9,"tested":239,"deaths":0,"color":"rgb(214,39,40)"},{"description":"Left Blank","count":361,"tested":10112,"deaths":0,"color":"rgb(44,160,44)"},{"description":"NH/PI*","count":0,"tested":8,"deaths":0,"color":"rgb(127,127,127)"},{"description":"Other","count":22,"tested":259,"deaths":0,"color":"rgb(148,103,189)"},{"description":"White","count":681,"tested":12327,"deaths":0,"color":"rgb(31,119,180)"}],"gender":[{"description":"Female","count":563,"tested":15063,"deaths":0,"color":"rgb(255,127,14)"},{"description":"Male","count":513,"tested":7510,"deaths":0,"color":"rgb(31,119,180)"},{"description":"Unknown/Left Blank","count":6,"tested":486,"deaths":0,"color":"rgb(44,160,44)"}]}}]}
