{"lastUpdatedDate":{"year":2021,"month":6,"day":28},"county_demographics":[{"County":"Piatt","confirmed_cases":1524,"total_tested":34488,"demographics":{"age":[{"race":[],"age_group":"<20","count":297,"tested":7465,"deaths":0},{"race":[],"age_group":"20-29   ","count":197,"tested":4874,"deaths":0},{"race":[],"age_group":"30-39   ","count":231,"tested":4490,"deaths":0},{"race":[],"age_group":"40-49   ","count":236,"tested":4256,"deaths":0},{"race":[],"age_group":"50-59   ","count":221,"tested":4412,"deaths":0},{"race":[],"age_group":"60-69   ","count":202,"tested":3989,"deaths":0},{"race":[],"age_group":"70-79   ","count":83,"tested":2348,"deaths":0},{"race":[],"age_group":"80+","count":57,"tested":2648,"deaths":0},{"race":[],"age_group":"Unknown","count":0,"tested":6,"deaths":0}],"race":[{"description":"AI/AN**","count":0,"tested":42,"deaths":0,"color":"rgb(31,119,180)"},{"description":"Asian","count":0,"tested":168,"deaths":0,"color":"rgb(140,86,75)"},{"description":"Black","count":11,"tested":197,"deaths":0,"color":"rgb(255,127,14)"},{"description":"Hispanic","count":10,"tested":282,"deaths":0,"color":"rgb(214,39,40)"},{"description":"Left Blank","count":255,"tested":9588,"deaths":0,"color":"rgb(44,160,44)"},{"description":"NH/PI*","count":0,"tested":9,"deaths":0,"color":"rgb(127,127,127)"},{"description":"Other","count":24,"tested":789,"deaths":0,"color":"rgb(148,103,189)"},{"description":"White","count":1215,"tested":23413,"deaths":0,"color":"rgb(31,119,180)"}],"gender":[{"description":"Female","count":794,"tested":20271,"deaths":0,"color":"rgb(255,127,14)"},{"description":"Male","count":730,"tested":13642,"deaths":0,"color":"rgb(31,119,180)"},{"description":"Unknown/Left Blank","count":0,"tested":575,"deaths":0,"color":"rgb(44,160,44)"}]}}]}
