{"lastUpdatedDate":{"year":2021,"month":6,"day":28},"county_demographics":[{"County":"Schuyler","confirmed_cases":783,"total_tested":16235,"demographics":{"age":[{"race":[],"age_group":"<20","count":96,"tested":1264,"deaths":0},{"race":[],"age_group":"20-29   ","count":67,"tested":1562,"deaths":0},{"race":[],"age_group":"30-39   ","count":104,"tested":2215,"deaths":0},{"race":[],"age_group":"40-49   ","count":103,"tested":2920,"deaths":0},{"race":[],"age_group":"50-59   ","count":138,"tested":3749,"deaths":0},{"race":[],"age_group":"60-69   ","count":130,"tested":2778,"deaths":0},{"race":[],"age_group":"70-79   ","count":77,"tested":1087,"deaths":0},{"race":[],"age_group":"80+","count":68,"tested":647,"deaths":0},{"race":[],"age_group":"Unknown","count":0,"tested":13,"deaths":0}],"race":[{"description":"AI/AN**","count":0,"tested":15,"deaths":0,"color":"rgb(31,119,180)"},{"description":"Asian","count":0,"tested":7,"deaths":0,"color":"rgb(140,86,75)"},{"description":"Black","count":30,"tested":467,"deaths":0,"color":"rgb(255,127,14)"},{"description":"Hispanic","count":6,"tested":117,"deaths":0,"color":"rgb(214,39,40)"},{"description":"Left Blank","count":138,"tested":3325,"deaths":0,"color":"rgb(44,160,44)"},{"description":"NH/PI*","count":0,"tested":0,"deaths":0,"color":"rgb(127,127,127)"},{"description":"Other","count":0,"tested":248,"deaths":0,"color":"rgb(148,103,189)"},{"description":"White","count":605,"tested":12056,"deaths":0,"color":"rgb(31,119,180)"}],"gender":[{"description":"Female","count":399,"tested":6315,"deaths":0,"color":"rgb(255,127,14)"},{"description":"Male","count":351,"tested":9379,"deaths":0,"color":"rgb(31,119,180)"},{"description":"Unknown/Left Blank","count":33,"tested":541,"deaths":0,"color":"rgb(44,160,44)"}]}}]}
