{"lastUpdatedDate":{"year":2021,"month":6,"day":28},"county_demographics":[{"County":"Vermilion","confirmed_cases":10047,"total_tested":170887,"demographics":{"age":[{"race":[],"age_group":"<20","count":1794,"tested":21406,"deaths":0},{"race":[],"age_group":"20-29   ","count":1559,"tested":26818,"deaths":0},{"race":[],"age_group":"30-39   ","count":1564,"tested":30007,"deaths":0},{"race":[],"age_group":"40-49   ","count":1470,"tested":25039,"deaths":0},{"race":[],"age_group":"50-59   ","count":1418,"tested":22144,"deaths":0},{"race":[],"age_group":"60-69   ","count":1156,"tested":19525,"deaths":0},{"race":[],"age_group":"70-79   ","count":668,"tested":12664,"deaths":0},{"race":[],"age_group":"80+","count":418,"tested":11035,"deaths":0},{"race":[],"age_group":"Unknown","count":0,"tested":2249,"deaths":0}],"race":[{"description":"AI/AN**","count":6,"tested":87,"deaths":0,"color":"rgb(31,119,180)"},{"description":"Asian","count":33,"tested":479,"deaths":0,"color":"rgb(140,86,75)"},{"description":"Black","count":1540,"tested":11933,"deaths":0,"color":"rgb(255,127,14)"},{"description":"Hispanic","count":586,"tested":3070,"deaths":0,"color":"rgb(214,39,40)"},{"description":"Left Blank","count":873,"tested":68447,"deaths":0,"color":"rgb(44,160,44)"},{"description":"NH/PI*","count":6,"tested":96,"deaths":0,"color":"rgb(127,127,127)"},{"description":"Other","count":478,"tested":4187,"deaths":0,"color":"rgb(148,103,189)"},{"description":"White","count":6520,"tested":82588,"deaths":0,"color":"rgb(31,119,180)"}],"gender":[{"description":"Female","count":4925,"tested":78562,"deaths":0,"color":"rgb(255,127,14)"},{"description":"Male","count":5053,"tested":74891,"deaths":0,"color":"rgb(31,119,180)"},{"description":"Unknown/Left Blank","count":69,"tested":17434,"deaths":0,"color":"rgb(44,160,44)"}]}}]}
