{"lastUpdatedDate":{"year":2021,"month":6,"day":28},"county_demographics":[{"County":"Grundy","confirmed_cases":5991,"total_tested":69870,"demographics":{"age":[{"race":[],"age_group":"<20","count":1082,"tested":12022,"deaths":0},{"race":[],"age_group":"20-29   ","count":1004,"tested":10954,"deaths":0},{"race":[],"age_group":"30-39   ","count":977,"tested":9736,"deaths":0},{"race":[],"age_group":"40-49   ","count":993,"tested":10014,"deaths":0},{"race":[],"age_group":"50-59   ","count":894,"tested":9908,"deaths":0},{"race":[],"age_group":"60-69   ","count":559,"tested":7038,"deaths":0},{"race":[],"age_group":"70-79   ","count":298,"tested":4784,"deaths":0},{"race":[],"age_group":"80+","count":182,"tested":5278,"deaths":0},{"race":[],"age_group":"Unknown","count":0,"tested":136,"deaths":0}],"race":[{"description":"AI/AN**","count":0,"tested":48,"deaths":0,"color":"rgb(31,119,180)"},{"description":"Asian","count":21,"tested":304,"deaths":0,"color":"rgb(140,86,75)"},{"description":"Black","count":57,"tested":944,"deaths":0,"color":"rgb(255,127,14)"},{"description":"Hispanic","count":395,"tested":2619,"deaths":0,"color":"rgb(214,39,40)"},{"description":"Left Blank","count":1414,"tested":19720,"deaths":0,"color":"rgb(44,160,44)"},{"description":"NH/PI*","count":0,"tested":17,"deaths":0,"color":"rgb(127,127,127)"},{"description":"Other","count":441,"tested":3598,"deaths":0,"color":"rgb(148,103,189)"},{"description":"White","count":3651,"tested":42620,"deaths":0,"color":"rgb(31,119,180)"}],"gender":[{"description":"Female","count":3056,"tested":40264,"deaths":0,"color":"rgb(255,127,14)"},{"description":"Male","count":2894,"tested":27817,"deaths":0,"color":"rgb(31,119,180)"},{"description":"Unknown/Left Blank","count":36,"tested":1789,"deaths":0,"color":"rgb(44,160,44)"}]}}]}
