{"lastUpdatedDate":{"year":2021,"month":6,"day":28},"county_demographics":[{"County":"McLean","confirmed_cases":18561,"total_tested":379116,"demographics":{"age":[{"race":[],"age_group":"<20","count":3955,"tested":80341,"deaths":0},{"race":[],"age_group":"20-29   ","count":4988,"tested":99182,"deaths":0},{"race":[],"age_group":"30-39   ","count":2487,"tested":52095,"deaths":0},{"race":[],"age_group":"40-49   ","count":2262,"tested":41327,"deaths":0},{"race":[],"age_group":"50-59   ","count":2079,"tested":41636,"deaths":0},{"race":[],"age_group":"60-69   ","count":1464,"tested":29473,"deaths":0},{"race":[],"age_group":"70-79   ","count":746,"tested":16525,"deaths":0},{"race":[],"age_group":"80+","count":580,"tested":18508,"deaths":0},{"race":[],"age_group":"Unknown","count":0,"tested":29,"deaths":0}],"race":[{"description":"AI/AN**","count":11,"tested":412,"deaths":0,"color":"rgb(31,119,180)"},{"description":"Asian","count":313,"tested":6147,"deaths":0,"color":"rgb(140,86,75)"},{"description":"Black","count":1578,"tested":18434,"deaths":0,"color":"rgb(255,127,14)"},{"description":"Hispanic","count":1176,"tested":10377,"deaths":0,"color":"rgb(214,39,40)"},{"description":"Left Blank","count":4194,"tested":198104,"deaths":0,"color":"rgb(44,160,44)"},{"description":"NH/PI*","count":12,"tested":216,"deaths":0,"color":"rgb(127,127,127)"},{"description":"Other","count":336,"tested":4779,"deaths":0,"color":"rgb(148,103,189)"},{"description":"White","count":10934,"tested":140647,"deaths":0,"color":"rgb(31,119,180)"}],"gender":[{"description":"Female","count":9905,"tested":197354,"deaths":0,"color":"rgb(255,127,14)"},{"description":"Male","count":8648,"tested":160570,"deaths":0,"color":"rgb(31,119,180)"},{"description":"Unknown/Left Blank","count":7,"tested":21192,"deaths":0,"color":"rgb(44,160,44)"}]}}]}
