{"age":[{"age_group":"<20","count":131,"tested":871},{"age_group":"20-29   ","count":181,"tested":1357},{"age_group":"30-39   ","count":143,"tested":1008},{"age_group":"40-49   ","count":123,"tested":872},{"age_group":"50-59   ","count":101,"tested":967},{"age_group":"60-69   ","count":70,"tested":606},{"age_group":"70-79   ","count":22,"tested":280},{"age_group":"80+","count":9,"tested":144}],"race":[{"description":"White","count":86,"tested":979,"color":"rgb(31,119,180)"},{"description":"Left Blank","count":296,"tested":2846,"color":"rgb(44,160,44)"},{"description":"Other","count":31,"tested":172,"color":"rgb(148,103,189)"},{"description":"Hispanic","count":305,"tested":1442,"color":"rgb(214,39,40)"},{"description":"Black","count":58,"tested":633,"color":"rgb(255,127,14)"}],"gender":[{"description":"Male","count":388,"tested":2673,"color":"rgb(31,119,180)"},{"description":"Female","count":390,"tested":3383,"color":"rgb(255,127,14)"}]}
