{"age":[{"age_group":"<20","count":296,"tested":2059},{"age_group":"20-29   ","count":444,"tested":3506},{"age_group":"30-39   ","count":461,"tested":3759},{"age_group":"40-49   ","count":378,"tested":2888},{"age_group":"50-59   ","count":342,"tested":3718},{"age_group":"60-69   ","count":236,"tested":3183},{"age_group":"70-79   ","count":122,"tested":2876},{"age_group":"80+","count":118,"tested":5010}],"race":[{"description":"Hispanic","count":1114,"tested":4203,"color":"rgb(214,39,40)"},{"description":"White","count":621,"tested":5809,"color":"rgb(31,119,180)"},{"description":"Left Blank","count":469,"tested":14883,"color":"rgb(44,160,44)"},{"description":"Asian","count":53,"tested":583,"color":"rgb(140,86,75)"},{"description":"Black","count":62,"tested":769,"color":"rgb(255,127,14)"},{"description":"Other","count":71,"tested":730,"color":"rgb(148,103,189)"}],"gender":[{"description":"Female","count":1234,"tested":15891,"color":"rgb(255,127,14)"},{"description":"Male","count":1154,"tested":10686,"color":"rgb(31,119,180)"}]}
