{"age":[{"age_group":"<20","count":348,"tested":3142},{"age_group":"20-29   ","count":315,"tested":2995},{"age_group":"30-39   ","count":381,"tested":4217},{"age_group":"40-49   ","count":335,"tested":3399},{"age_group":"50-59   ","count":255,"tested":3015},{"age_group":"60-69   ","count":183,"tested":2221},{"age_group":"70-79   ","count":60,"tested":1159},{"age_group":"80+","count":28,"tested":448}],"race":[{"description":"Left Blank","count":518,"tested":8041,"color":"rgb(44,160,44)"},{"description":"Other","count":36,"tested":349,"color":"rgb(148,103,189)"},{"description":"Black","count":52,"tested":493,"color":"rgb(255,127,14)"},{"description":"Hispanic","count":286,"tested":1601,"color":"rgb(214,39,40)"},{"description":"White","count":934,"tested":9294,"color":"rgb(31,119,180)"},{"description":"Asian","count":75,"tested":778,"color":"rgb(140,86,75)"}],"gender":[{"description":"Female","count":970,"tested":11584,"color":"rgb(255,127,14)"},{"description":"Male","count":924,"tested":8773,"color":"rgb(31,119,180)"}]}
