{"age":[{"age_group":"<20","count":235,"tested":3194},{"age_group":"20-29   ","count":273,"tested":3355},{"age_group":"30-39   ","count":233,"tested":2614},{"age_group":"40-49   ","count":251,"tested":2625},{"age_group":"50-59   ","count":248,"tested":3204},{"age_group":"60-69   ","count":219,"tested":2967},{"age_group":"70-79   ","count":138,"tested":2373},{"age_group":"80+","count":136,"tested":5024}],"race":[{"description":"Asian","count":61,"tested":440,"color":"rgb(140,86,75)"},{"description":"White","count":1082,"tested":11759,"color":"rgb(31,119,180)"},{"description":"Left Blank","count":209,"tested":10271,"color":"rgb(44,160,44)"},{"description":"Other","count":15,"tested":793,"color":"rgb(148,103,189)"},{"description":"Hispanic","count":209,"tested":846,"color":"rgb(214,39,40)"},{"description":"Black","count":155,"tested":1230,"color":"rgb(255,127,14)"}],"gender":[{"description":"Male","count":766,"tested":9329,"color":"rgb(31,119,180)"},{"description":"Unknown/Left Blank","count":7,"tested":512,"color":"rgb(44,160,44)"},{"description":"Female","count":960,"tested":15517,"color":"rgb(255,127,14)"}]}
