{"age":[{"age_group":"<20","count":193,"tested":2065},{"age_group":"20-29   ","count":243,"tested":2931},{"age_group":"30-39   ","count":277,"tested":3384},{"age_group":"40-49   ","count":255,"tested":3047},{"age_group":"50-59   ","count":230,"tested":3402},{"age_group":"60-69   ","count":156,"tested":2524},{"age_group":"70-79   ","count":78,"tested":2106},{"age_group":"80+","count":91,"tested":8039}],"race":[{"description":"AI/AN**","count":6,"tested":21,"color":"rgb(31,119,180)"},{"description":"Left Blank","count":529,"tested":17888,"color":"rgb(44,160,44)"},{"description":"Other","count":53,"tested":458,"color":"rgb(148,103,189)"},{"description":"White","count":487,"tested":5625,"color":"rgb(31,119,180)"},{"description":"Black","count":52,"tested":584,"color":"rgb(255,127,14)"},{"description":"Hispanic","count":220,"tested":1108,"color":"rgb(214,39,40)"},{"description":"Asian","count":175,"tested":1987,"color":"rgb(140,86,75)"}],"gender":[{"description":"Female","count":821,"tested":17165,"color":"rgb(255,127,14)"},{"description":"Unknown/Left Blank","count":8,"tested":543,"color":"rgb(44,160,44)"},{"description":"Male","count":694,"tested":10011,"color":"rgb(31,119,180)"}]}
