{"age":[{"age_group":"<20","count":36,"tested":345},{"age_group":"20-29   ","count":46,"tested":379},{"age_group":"30-39   ","count":27,"tested":346},{"age_group":"40-49   ","count":46,"tested":338},{"age_group":"50-59   ","count":32,"tested":239},{"age_group":"60-69   ","count":20,"tested":146},{"age_group":"70-79   ","count":6,"tested":113}],"race":[{"description":"White","count":110,"tested":879,"color":"rgb(31,119,180)"},{"description":"Left Blank","count":20,"tested":709,"color":"rgb(44,160,44)"},{"description":"Hispanic","count":85,"tested":335,"color":"rgb(214,39,40)"}],"gender":[{"description":"Female","count":115,"tested":1197,"color":"rgb(255,127,14)"},{"description":"Male","count":101,"tested":762,"color":"rgb(31,119,180)"}]}
