{"age":[{"age_group":"<20","count":12,"tested":163},{"age_group":"20-29   ","count":25,"tested":219},{"age_group":"30-39   ","count":12,"tested":207},{"age_group":"40-49   ","count":12,"tested":124},{"age_group":"50-59   ","count":33,"tested":209},{"age_group":"60-69   ","count":19,"tested":169},{"age_group":"70-79   ","count":8,"tested":119}],"race":[{"description":"White","count":75,"tested":737,"color":"rgb(31,119,180)"},{"description":"Hispanic","count":18,"tested":54,"color":"rgb(214,39,40)"},{"description":"Left Blank","count":30,"tested":441,"color":"rgb(44,160,44)"}],"gender":[{"description":"Male","count":62,"tested":608,"color":"rgb(31,119,180)"},{"description":"Female","count":61,"tested":663,"color":"rgb(255,127,14)"}]}
