{"age":[{"age_group":"<20","count":307,"tested":2889},{"age_group":"20-29   ","count":357,"tested":5141},{"age_group":"30-39   ","count":330,"tested":5154},{"age_group":"40-49   ","count":352,"tested":5701},{"age_group":"50-59   ","count":373,"tested":7206},{"age_group":"60-69   ","count":315,"tested":7012},{"age_group":"70-79   ","count":180,"tested":4829},{"age_group":"80+","count":170,"tested":5342}],"race":[{"description":"Left Blank","count":879,"tested":24914,"color":"rgb(44,160,44)"},{"description":"Hispanic","count":130,"tested":907,"color":"rgb(214,39,40)"},{"description":"Asian","count":9,"tested":144,"color":"rgb(140,86,75)"},{"description":"White","count":166,"tested":2240,"color":"rgb(31,119,180)"},{"description":"Black","count":1161,"tested":14755,"color":"rgb(255,127,14)"},{"description":"Other","count":39,"tested":440,"color":"rgb(148,103,189)"}],"gender":[{"description":"Female","count":1326,"tested":26876,"color":"rgb(255,127,14)"},{"description":"Male","count":1041,"tested":15846,"color":"rgb(31,119,180)"},{"description":"Unknown/Left Blank","count":19,"tested":779,"color":"rgb(44,160,44)"}]}
