{"age":[{"age_group":"<20","count":828,"tested":6429},{"age_group":"20-29   ","count":1110,"tested":10935},{"age_group":"30-39   ","count":970,"tested":11523},{"age_group":"40-49   ","count":855,"tested":10071},{"age_group":"50-59   ","count":870,"tested":11329},{"age_group":"60-69   ","count":611,"tested":10779},{"age_group":"70-79   ","count":356,"tested":6326},{"age_group":"80+","count":298,"tested":5845}],"race":[{"description":"Asian","count":78,"tested":1559,"color":"rgb(140,86,75)"},{"description":"Hispanic","count":996,"tested":6488,"color":"rgb(214,39,40)"},{"description":"Black","count":403,"tested":8970,"color":"rgb(255,127,14)"},{"description":"White","count":1867,"tested":21448,"color":"rgb(31,119,180)"},{"description":"Left Blank","count":2204,"tested":32162,"color":"rgb(44,160,44)"},{"description":"Other","count":336,"tested":2501,"color":"rgb(148,103,189)"},{"description":"AI/AN**","count":9,"tested":68,"color":"rgb(31,119,180)"},{"description":"NH/PI*","count":8,"tested":56,"color":"rgb(127,127,127)"}],"gender":[{"description":"Male","count":2735,"tested":29550,"color":"rgb(31,119,180)"},{"description":"Unknown/Left Blank","count":50,"tested":1279,"color":"rgb(44,160,44)"},{"description":"Female","count":3116,"tested":42423,"color":"rgb(255,127,14)"}]}
