{"age":[{"age_group":"<20","count":42,"tested":532},{"age_group":"20-29   ","count":44,"tested":533},{"age_group":"30-39   ","count":38,"tested":411},{"age_group":"40-49   ","count":29,"tested":303},{"age_group":"50-59   ","count":39,"tested":647},{"age_group":"60-69   ","count":22,"tested":315},{"age_group":"70-79   ","count":8,"tested":108},{"age_group":"80+","count":11,"tested":92}],"race":[{"description":"Left Blank","count":55,"tested":782,"color":"rgb(44,160,44)"},{"description":"White","count":168,"tested":2098,"color":"rgb(31,119,180)"},{"description":"Hispanic","count":6,"tested":17,"color":"rgb(214,39,40)"}],"gender":[{"description":"Female","count":113,"tested":2038,"color":"rgb(255,127,14)"},{"description":"Male","count":120,"tested":855,"color":"rgb(31,119,180)"}]}
