{"age":[{"age_group":"30-39   ","count":8,"tested":494},{"age_group":"40-49   ","count":6,"tested":412},{"age_group":"50-59   ","count":15,"tested":539},{"age_group":"60-69   ","count":18,"tested":595},{"age_group":"70-79   ","count":12,"tested":690},{"age_group":"80+","count":7,"tested":154}],"race":[{"description":"Left Blank","count":18,"tested":333,"color":"rgb(44,160,44)"},{"description":"White","count":14,"tested":421,"color":"rgb(31,119,180)"},{"description":"Black","count":28,"tested":779,"color":"rgb(255,127,14)"}],"gender":[{"description":"Male","count":37,"tested":2264,"color":"rgb(31,119,180)"},{"description":"Female","count":34,"tested":963,"color":"rgb(255,127,14)"}]}
