{"age":[{"age_group":"<20","count":601,"tested":6444},{"age_group":"20-29   ","count":834,"tested":11037},{"age_group":"30-39   ","count":885,"tested":11578},{"age_group":"40-49   ","count":825,"tested":12397},{"age_group":"50-59   ","count":852,"tested":15165},{"age_group":"60-69   ","count":624,"tested":12566},{"age_group":"70-79   ","count":362,"tested":6338},{"age_group":"80+","count":240,"tested":3592}],"race":[{"description":"Hispanic","count":143,"tested":960,"color":"rgb(214,39,40)"},{"description":"White","count":87,"tested":948,"color":"rgb(31,119,180)"},{"description":"Asian","count":9,"tested":79,"color":"rgb(140,86,75)"},{"description":"Black","count":3453,"tested":41743,"color":"rgb(255,127,14)"},{"description":"Left Blank","count":1389,"tested":34046,"color":"rgb(44,160,44)"},{"description":"Other","count":135,"tested":1184,"color":"rgb(148,103,189)"},{"description":"AI/AN**","count":7,"tested":44,"color":"rgb(31,119,180)"}],"gender":[{"description":"Female","count":2994,"tested":44484,"color":"rgb(255,127,14)"},{"description":"Unknown/Left Blank","count":54,"tested":1893,"color":"rgb(44,160,44)"},{"description":"Male","count":2176,"tested":32759,"color":"rgb(31,119,180)"}]}
