{"age":[{"age_group":"<20","count":62,"tested":508},{"age_group":"20-29   ","count":75,"tested":1125},{"age_group":"30-39   ","count":58,"tested":1719},{"age_group":"40-49   ","count":65,"tested":1824},{"age_group":"50-59   ","count":55,"tested":2610},{"age_group":"60-69   ","count":43,"tested":2618},{"age_group":"70-79   ","count":17,"tested":557},{"age_group":"80+","count":10,"tested":290}],"race":[{"description":"Other","count":6,"tested":75,"color":"rgb(148,103,189)"},{"description":"Black","count":241,"tested":7059,"color":"rgb(255,127,14)"},{"description":"White","count":13,"tested":966,"color":"rgb(31,119,180)"},{"description":"Hispanic","count":16,"tested":237,"color":"rgb(214,39,40)"},{"description":"Left Blank","count":109,"tested":2893,"color":"rgb(44,160,44)"}],"gender":[{"description":"Female","count":191,"tested":4940,"color":"rgb(255,127,14)"},{"description":"Male","count":192,"tested":6324,"color":"rgb(31,119,180)"}]}
