{"age":[{"age_group":"<20","count":127,"tested":2944},{"age_group":"20-29   ","count":628,"tested":12698},{"age_group":"30-39   ","count":557,"tested":13960},{"age_group":"40-49   ","count":240,"tested":5560},{"age_group":"50-59   ","count":175,"tested":4276},{"age_group":"60-69   ","count":117,"tested":3204},{"age_group":"70-79   ","count":41,"tested":1419},{"age_group":"80+","count":29,"tested":587}],"race":[{"description":"Other","count":114,"tested":2354,"color":"rgb(148,103,189)"},{"description":"Left Blank","count":736,"tested":20107,"color":"rgb(44,160,44)"},{"description":"White","count":601,"tested":12782,"color":"rgb(31,119,180)"},{"description":"Asian","count":115,"tested":3943,"color":"rgb(140,86,75)"},{"description":"Hispanic","count":118,"tested":1556,"color":"rgb(214,39,40)"},{"description":"Black","count":221,"tested":3831,"color":"rgb(255,127,14)"}],"gender":[{"description":"Female","count":843,"tested":22265,"color":"rgb(255,127,14)"},{"description":"Male","count":1039,"tested":21550,"color":"rgb(31,119,180)"},{"description":"Unknown/Left Blank","count":32,"tested":846,"color":"rgb(44,160,44)"}]}
