{"age":[{"age_group":"<20","count":732,"tested":5817},{"age_group":"20-29   ","count":992,"tested":10472},{"age_group":"30-39   ","count":987,"tested":10175},{"age_group":"40-49   ","count":896,"tested":9125},{"age_group":"50-59   ","count":776,"tested":9989},{"age_group":"60-69   ","count":501,"tested":8094},{"age_group":"70-79   ","count":286,"tested":5571},{"age_group":"80+","count":234,"tested":5979}],"race":[{"description":"Left Blank","count":1304,"tested":28501,"color":"rgb(44,160,44)"},{"description":"White","count":1780,"tested":19123,"color":"rgb(31,119,180)"},{"description":"Hispanic","count":1417,"tested":6919,"color":"rgb(214,39,40)"},{"description":"Black","count":564,"tested":6565,"color":"rgb(255,127,14)"},{"description":"Asian","count":60,"tested":548,"color":"rgb(140,86,75)"},{"description":"Other","count":244,"tested":3388,"color":"rgb(148,103,189)"},{"description":"AI/AN**","count":30,"tested":166,"color":"rgb(31,119,180)"}],"gender":[{"description":"Female","count":2875,"tested":37431,"color":"rgb(255,127,14)"},{"description":"Male","count":2493,"tested":26241,"color":"rgb(31,119,180)"},{"description":"Unknown/Left Blank","count":36,"tested":1559,"color":"rgb(44,160,44)"}]}
