{"age":[{"age_group":"<20","count":83,"tested":1893},{"age_group":"20-29   ","count":91,"tested":3298},{"age_group":"30-39   ","count":51,"tested":2015},{"age_group":"40-49   ","count":74,"tested":2845},{"age_group":"50-59   ","count":98,"tested":3225},{"age_group":"60-69   ","count":62,"tested":2628},{"age_group":"70-79   ","count":57,"tested":2231},{"age_group":"80+","count":105,"tested":5417}],"race":[{"description":"Other","count":40,"tested":554,"color":"rgb(148,103,189)"},{"description":"Left Blank","count":164,"tested":13377,"color":"rgb(44,160,44)"},{"description":"White","count":360,"tested":6643,"color":"rgb(31,119,180)"},{"description":"Asian","count":28,"tested":1342,"color":"rgb(140,86,75)"},{"description":"Hispanic","count":22,"tested":1078,"color":"rgb(214,39,40)"},{"description":"Black","count":6,"tested":563,"color":"rgb(255,127,14)"}],"gender":[{"description":"Unknown/Left Blank","count":9,"tested":899,"color":"rgb(44,160,44)"},{"description":"Male","count":287,"tested":8337,"color":"rgb(31,119,180)"},{"description":"Female","count":326,"tested":14372,"color":"rgb(255,127,14)"}]}
