{"age":[{"age_group":"<20","count":17,"tested":293},{"age_group":"20-29   ","count":18,"tested":314},{"age_group":"30-39   ","count":23,"tested":472},{"age_group":"40-49   ","count":27,"tested":326},{"age_group":"50-59   ","count":24,"tested":295},{"age_group":"60-69   ","count":22,"tested":256}],"race":[{"description":"Left Blank","count":24,"tested":817,"color":"rgb(44,160,44)"},{"description":"White","count":112,"tested":1271,"color":"rgb(31,119,180)"}],"gender":[{"description":"Female","count":79,"tested":1356,"color":"rgb(255,127,14)"},{"description":"Male","count":65,"tested":705,"color":"rgb(31,119,180)"}]}
