{"age":[{"age_group":"<20","count":292,"tested":2028},{"age_group":"20-29   ","count":353,"tested":4165},{"age_group":"30-39   ","count":334,"tested":3527},{"age_group":"40-49   ","count":312,"tested":3629},{"age_group":"50-59   ","count":284,"tested":3921},{"age_group":"60-69   ","count":203,"tested":4376},{"age_group":"70-79   ","count":83,"tested":2238},{"age_group":"80+","count":46,"tested":1426}],"race":[{"description":"Asian","count":11,"tested":146,"color":"rgb(140,86,75)"},{"description":"Hispanic","count":377,"tested":2253,"color":"rgb(214,39,40)"},{"description":"White","count":550,"tested":5408,"color":"rgb(31,119,180)"},{"description":"Black","count":143,"tested":1703,"color":"rgb(255,127,14)"},{"description":"Left Blank","count":784,"tested":15243,"color":"rgb(44,160,44)"},{"description":"Other","count":39,"tested":509,"color":"rgb(148,103,189)"}],"gender":[{"description":"Female","count":1047,"tested":14329,"color":"rgb(255,127,14)"},{"description":"Male","count":849,"tested":10664,"color":"rgb(31,119,180)"},{"description":"Unknown/Left Blank","count":11,"tested":321,"color":"rgb(44,160,44)"}]}
