{"age":[{"age_group":"<20","count":755,"tested":6414},{"age_group":"20-29   ","count":965,"tested":10186},{"age_group":"30-39   ","count":877,"tested":9793},{"age_group":"40-49   ","count":897,"tested":9977},{"age_group":"50-59   ","count":817,"tested":10122},{"age_group":"60-69   ","count":584,"tested":9205},{"age_group":"70-79   ","count":302,"tested":5119},{"age_group":"80+","count":160,"tested":2938}],"race":[{"description":"NH/PI*","count":8,"tested":92,"color":"rgb(127,127,127)"},{"description":"Left Blank","count":827,"tested":24317,"color":"rgb(44,160,44)"},{"description":"Hispanic","count":2107,"tested":14114,"color":"rgb(214,39,40)"},{"description":"Black","count":330,"tested":3682,"color":"rgb(255,127,14)"},{"description":"Asian","count":90,"tested":988,"color":"rgb(140,86,75)"},{"description":"White","count":1766,"tested":17735,"color":"rgb(31,119,180)"},{"description":"Other","count":225,"tested":2799,"color":"rgb(148,103,189)"}],"gender":[{"description":"Female","count":2776,"tested":36140,"color":"rgb(255,127,14)"},{"description":"Male","count":2547,"tested":26516,"color":"rgb(31,119,180)"},{"description":"Unknown/Left Blank","count":34,"tested":1114,"color":"rgb(44,160,44)"}]}
