{"age":[{"age_group":"<20","count":531,"tested":12794},{"age_group":"20-29   ","count":2655,"tested":47067},{"age_group":"30-39   ","count":1067,"tested":28996},{"age_group":"40-49   ","count":503,"tested":13941},{"age_group":"50-59   ","count":378,"tested":12932},{"age_group":"60-69   ","count":239,"tested":10538},{"age_group":"70-79   ","count":193,"tested":7524},{"age_group":"80+","count":192,"tested":6576}],"race":[{"description":"Left Blank","count":1583,"tested":70520,"color":"rgb(44,160,44)"},{"description":"Hispanic","count":326,"tested":3452,"color":"rgb(214,39,40)"},{"description":"Other","count":376,"tested":7021,"color":"rgb(148,103,189)"},{"description":"Black","count":250,"tested":4469,"color":"rgb(255,127,14)"},{"description":"Asian","count":140,"tested":3595,"color":"rgb(140,86,75)"},{"description":"White","count":3074,"tested":51262,"color":"rgb(31,119,180)"}],"gender":[{"description":"Unknown/Left Blank","count":360,"tested":2237,"color":"rgb(44,160,44)"},{"description":"Female","count":2782,"tested":78549,"color":"rgb(255,127,14)"},{"description":"Male","count":2616,"tested":59636,"color":"rgb(31,119,180)"}]}
