{"age":[{"age_group":"<20","count":377,"tested":2430},{"age_group":"20-29   ","count":487,"tested":3645},{"age_group":"30-39   ","count":438,"tested":3525},{"age_group":"40-49   ","count":457,"tested":3021},{"age_group":"50-59   ","count":395,"tested":2914},{"age_group":"60-69   ","count":219,"tested":2131},{"age_group":"70-79   ","count":107,"tested":893},{"age_group":"80+","count":62,"tested":418}],"race":[{"description":"AI/AN**","count":57,"tested":198,"color":"rgb(31,119,180)"},{"description":"Left Blank","count":643,"tested":6881,"color":"rgb(44,160,44)"},{"description":"Other","count":153,"tested":1504,"color":"rgb(148,103,189)"},{"description":"Hispanic","count":1086,"tested":4238,"color":"rgb(214,39,40)"},{"description":"White","count":318,"tested":3028,"color":"rgb(31,119,180)"},{"description":"Black","count":281,"tested":3082,"color":"rgb(255,127,14)"}],"gender":[{"description":"Unknown/Left Blank","count":17,"tested":222,"color":"rgb(44,160,44)"},{"description":"Male","count":1195,"tested":8062,"color":"rgb(31,119,180)"},{"description":"Female","count":1331,"tested":10700,"color":"rgb(255,127,14)"}]}
