{"age":[{"age_group":"<20","count":1463,"tested":11230},{"age_group":"20-29   ","count":1775,"tested":16605},{"age_group":"30-39   ","count":1877,"tested":18229},{"age_group":"40-49   ","count":1691,"tested":16261},{"age_group":"50-59   ","count":1579,"tested":15701},{"age_group":"60-69   ","count":1028,"tested":12653},{"age_group":"70-79   ","count":459,"tested":5866},{"age_group":"80+","count":257,"tested":4998}],"race":[{"description":"Hispanic","count":4452,"tested":29389,"color":"rgb(214,39,40)"},{"description":"Left Blank","count":1512,"tested":30173,"color":"rgb(44,160,44)"},{"description":"White","count":3144,"tested":29662,"color":"rgb(31,119,180)"},{"description":"NH/PI*","count":26,"tested":227,"color":"rgb(127,127,127)"},{"description":"Black","count":196,"tested":2643,"color":"rgb(255,127,14)"},{"description":"Asian","count":313,"tested":3833,"color":"rgb(140,86,75)"},{"description":"Other","count":471,"tested":5519,"color":"rgb(148,103,189)"},{"description":"AI/AN**","count":15,"tested":129,"color":"rgb(31,119,180)"}],"gender":[{"description":"Unknown/Left Blank","count":88,"tested":1699,"color":"rgb(44,160,44)"},{"description":"Female","count":5176,"tested":55371,"color":"rgb(255,127,14)"},{"description":"Male","count":4865,"tested":44505,"color":"rgb(31,119,180)"}]}
