{"age":[{"age_group":"<20","count":38,"tested":525},{"age_group":"20-29   ","count":27,"tested":273},{"age_group":"30-39   ","count":26,"tested":257},{"age_group":"40-49   ","count":28,"tested":314},{"age_group":"50-59   ","count":29,"tested":292},{"age_group":"60-69   ","count":14,"tested":266},{"age_group":"70-79   ","count":8,"tested":209},{"age_group":"80+","count":8,"tested":113}],"race":[{"description":"Left Blank","count":7,"tested":222,"color":"rgb(44,160,44)"},{"description":"White","count":165,"tested":1867,"color":"rgb(31,119,180)"}],"gender":[{"description":"Female","count":92,"tested":1166,"color":"rgb(255,127,14)"},{"description":"Male","count":86,"tested":1026,"color":"rgb(31,119,180)"}]}
