{"age":[{"age_group":"<20","count":64,"tested":505},{"age_group":"20-29   ","count":48,"tested":499},{"age_group":"30-39   ","count":51,"tested":561},{"age_group":"40-49   ","count":55,"tested":430},{"age_group":"50-59   ","count":46,"tested":707},{"age_group":"60-69   ","count":44,"tested":542},{"age_group":"70-79   ","count":18,"tested":196},{"age_group":"80+","count":10,"tested":126}],"race":[{"description":"Left Blank","count":75,"tested":1334,"color":"rgb(44,160,44)"},{"description":"White","count":235,"tested":1978,"color":"rgb(31,119,180)"},{"description":"Hispanic","count":15,"tested":151,"color":"rgb(214,39,40)"}],"gender":[{"description":"Male","count":156,"tested":1434,"color":"rgb(31,119,180)"},{"description":"Female","count":179,"tested":2069,"color":"rgb(255,127,14)"}]}
