{"age":[{"age_group":"<20","count":876,"tested":5730},{"age_group":"20-29   ","count":924,"tested":8671},{"age_group":"30-39   ","count":868,"tested":7908},{"age_group":"40-49   ","count":926,"tested":7900},{"age_group":"50-59   ","count":755,"tested":7790},{"age_group":"60-69   ","count":447,"tested":6216},{"age_group":"70-79   ","count":203,"tested":2495},{"age_group":"80+","count":159,"tested":2136}],"race":[{"description":"Hispanic","count":2084,"tested":10522,"color":"rgb(214,39,40)"},{"description":"Asian","count":12,"tested":197,"color":"rgb(140,86,75)"},{"description":"Black","count":1078,"tested":12706,"color":"rgb(255,127,14)"},{"description":"White","count":299,"tested":3580,"color":"rgb(31,119,180)"},{"description":"Left Blank","count":1509,"tested":20100,"color":"rgb(44,160,44)"},{"description":"Other","count":167,"tested":1573,"color":"rgb(148,103,189)"},{"description":"AI/AN**","count":10,"tested":31,"color":"rgb(31,119,180)"}],"gender":[{"description":"Female","count":2701,"tested":27872,"color":"rgb(255,127,14)"},{"description":"Male","count":2392,"tested":19862,"color":"rgb(31,119,180)"},{"description":"Unknown/Left Blank","count":66,"tested":1127,"color":"rgb(44,160,44)"}]}
