{"age":[{"age_group":"<20","count":493,"tested":6625},{"age_group":"20-29   ","count":621,"tested":7380},{"age_group":"30-39   ","count":490,"tested":7555},{"age_group":"40-49   ","count":450,"tested":6559},{"age_group":"50-59   ","count":453,"tested":6560},{"age_group":"60-69   ","count":374,"tested":5992},{"age_group":"70-79   ","count":249,"tested":4459},{"age_group":"80+","count":305,"tested":6037}],"race":[{"description":"Black","count":316,"tested":2707,"color":"rgb(255,127,14)"},{"description":"Asian","count":92,"tested":954,"color":"rgb(140,86,75)"},{"description":"White","count":2045,"tested":16454,"color":"rgb(31,119,180)"},{"description":"Other","count":59,"tested":1130,"color":"rgb(148,103,189)"},{"description":"Left Blank","count":408,"tested":27518,"color":"rgb(44,160,44)"},{"description":"Hispanic","count":507,"tested":2406,"color":"rgb(214,39,40)"}],"gender":[{"description":"Female","count":1830,"tested":31081,"color":"rgb(255,127,14)"},{"description":"Male","count":1589,"tested":18903,"color":"rgb(31,119,180)"},{"description":"Unknown/Left Blank","count":17,"tested":1211,"color":"rgb(44,160,44)"}]}
