{"age":[{"age_group":"<20","count":57,"tested":752},{"age_group":"20-29   ","count":59,"tested":629},{"age_group":"30-39   ","count":59,"tested":670},{"age_group":"40-49   ","count":49,"tested":585},{"age_group":"50-59   ","count":81,"tested":879},{"age_group":"60-69   ","count":56,"tested":634},{"age_group":"70-79   ","count":8,"tested":330}],"race":[{"description":"Hispanic","count":29,"tested":192,"color":"rgb(214,39,40)"},{"description":"White","count":207,"tested":2857,"color":"rgb(31,119,180)"},{"description":"Left Blank","count":123,"tested":1804,"color":"rgb(44,160,44)"}],"gender":[{"description":"Female","count":195,"tested":2742,"color":"rgb(255,127,14)"},{"description":"Male","count":173,"tested":2195,"color":"rgb(31,119,180)"}]}
