{"age":[{"age_group":"<20","count":143,"tested":740},{"age_group":"20-29   ","count":184,"tested":1240},{"age_group":"30-39   ","count":212,"tested":1267},{"age_group":"40-49   ","count":176,"tested":1029},{"age_group":"50-59   ","count":139,"tested":926},{"age_group":"60-69   ","count":124,"tested":931},{"age_group":"70-79   ","count":48,"tested":369},{"age_group":"80+","count":29,"tested":280}],"race":[{"description":"White","count":336,"tested":2321,"color":"rgb(31,119,180)"},{"description":"Left Blank","count":221,"tested":2312,"color":"rgb(44,160,44)"},{"description":"Asian","count":52,"tested":219,"color":"rgb(140,86,75)"},{"description":"Hispanic","count":326,"tested":1515,"color":"rgb(214,39,40)"},{"description":"Other","count":60,"tested":330,"color":"rgb(148,103,189)"},{"description":"Black","count":23,"tested":72,"color":"rgb(255,127,14)"}],"gender":[{"description":"Female","count":478,"tested":3651,"color":"rgb(255,127,14)"},{"description":"Male","count":482,"tested":3074,"color":"rgb(31,119,180)"}]}
