{"age":[{"age_group":"<20","count":318,"tested":1384},{"age_group":"20-29   ","count":351,"tested":1509},{"age_group":"30-39   ","count":319,"tested":1396},{"age_group":"40-49   ","count":327,"tested":1231},{"age_group":"50-59   ","count":285,"tested":1099},{"age_group":"60-69   ","count":233,"tested":1003},{"age_group":"70-79   ","count":197,"tested":659},{"age_group":"80+","count":181,"tested":453}],"race":[{"description":"White","count":415,"tested":3879,"color":"rgb(31,119,180)"},{"description":"Hispanic","count":687,"tested":2553,"color":"rgb(214,39,40)"},{"description":"Other","count":158,"tested":101,"color":"rgb(148,103,189)"},{"description":"Left Blank","count":357,"tested":2131,"color":"rgb(44,160,44)"}],"gender":[{"description":"Male","count":637,"tested":3558,"color":"rgb(31,119,180)"},{"description":"Female","count":689,"tested":5126,"color":"rgb(255,127,14)"}]}
