{"age":[{"age_group":"<20","count":27,"tested":221},{"age_group":"20-29   ","count":26,"tested":193},{"age_group":"30-39   ","count":18,"tested":165},{"age_group":"40-49   ","count":14,"tested":145},{"age_group":"50-59   ","count":26,"tested":254},{"age_group":"60-69   ","count":28,"tested":257},{"age_group":"70-79   ","count":17,"tested":181}],"race":[{"description":"Left Blank","count":12,"tested":146,"color":"rgb(44,160,44)"},{"description":"White","count":116,"tested":1247,"color":"rgb(31,119,180)"}],"gender":[{"description":"Female","count":74,"tested":963,"color":"rgb(255,127,14)"},{"description":"Male","count":62,"tested":502,"color":"rgb(31,119,180)"}]}
