{"age":[{"age_group":"<20","count":223,"tested":2504},{"age_group":"20-29   ","count":369,"tested":4911},{"age_group":"30-39   ","count":395,"tested":5478},{"age_group":"40-49   ","count":343,"tested":5318},{"age_group":"50-59   ","count":361,"tested":6240},{"age_group":"60-69   ","count":323,"tested":5682},{"age_group":"70-79   ","count":201,"tested":3005},{"age_group":"80+","count":162,"tested":1850}],"race":[{"description":"Other","count":51,"tested":378,"color":"rgb(148,103,189)"},{"description":"White","count":47,"tested":673,"color":"rgb(31,119,180)"},{"description":"Black","count":1646,"tested":18199,"color":"rgb(255,127,14)"},{"description":"Left Blank","count":519,"tested":15199,"color":"rgb(44,160,44)"},{"description":"Hispanic","count":68,"tested":389,"color":"rgb(214,39,40)"}],"gender":[{"description":"Male","count":974,"tested":14009,"color":"rgb(31,119,180)"},{"description":"Female","count":1287,"tested":19464,"color":"rgb(255,127,14)"},{"description":"Unknown/Left Blank","count":51,"tested":1528,"color":"rgb(44,160,44)"}]}
