{"age":[{"age_group":"<20","count":148,"tested":844},{"age_group":"20-29   ","count":220,"tested":1531},{"age_group":"30-39   ","count":179,"tested":1510},{"age_group":"40-49   ","count":183,"tested":1347},{"age_group":"50-59   ","count":158,"tested":1479},{"age_group":"60-69   ","count":126,"tested":1130},{"age_group":"70-79   ","count":66,"tested":498},{"age_group":"80+","count":47,"tested":344}],"race":[{"description":"Black","count":114,"tested":910,"color":"rgb(255,127,14)"},{"description":"Asian","count":30,"tested":33,"color":"rgb(140,86,75)"},{"description":"Other","count":83,"tested":370,"color":"rgb(148,103,189)"},{"description":"White","count":296,"tested":2152,"color":"rgb(31,119,180)"},{"description":"Left Blank","count":394,"tested":4507,"color":"rgb(44,160,44)"},{"description":"Hispanic","count":164,"tested":701,"color":"rgb(214,39,40)"}],"gender":[{"description":"Female","count":570,"tested":5410,"color":"rgb(255,127,14)"},{"description":"Male","count":421,"tested":3078,"color":"rgb(31,119,180)"}]}
