{"age":[{"age_group":"<20","count":611,"tested":3590},{"age_group":"20-29   ","count":749,"tested":5568},{"age_group":"30-39   ","count":621,"tested":4247},{"age_group":"40-49   ","count":712,"tested":4957},{"age_group":"50-59   ","count":632,"tested":4769},{"age_group":"60-69   ","count":357,"tested":2559},{"age_group":"70-79   ","count":233,"tested":1664},{"age_group":"80+","count":175,"tested":956}],"race":[{"description":"Hispanic","count":1024,"tested":4301,"color":"rgb(214,39,40)"},{"description":"Left Blank","count":1267,"tested":12852,"color":"rgb(44,160,44)"},{"description":"White","count":747,"tested":6840,"color":"rgb(31,119,180)"},{"description":"Asian","count":215,"tested":830,"color":"rgb(140,86,75)"},{"description":"Black","count":334,"tested":2135,"color":"rgb(255,127,14)"},{"description":"Other","count":261,"tested":1291,"color":"rgb(148,103,189)"}],"gender":[{"description":"Unknown/Left Blank","count":136,"tested":352,"color":"rgb(44,160,44)"},{"description":"Male","count":1579,"tested":11801,"color":"rgb(31,119,180)"},{"description":"Female","count":1791,"tested":16165,"color":"rgb(255,127,14)"}]}
