{"age":[{"age_group":"<20","count":13,"tested":125},{"age_group":"20-29   ","count":10,"tested":117},{"age_group":"30-39   ","count":22,"tested":136},{"age_group":"40-49   ","count":11,"tested":127},{"age_group":"50-59   ","count":16,"tested":146},{"age_group":"60-69   ","count":18,"tested":143}],"race":[{"description":"White","count":50,"tested":545,"color":"rgb(31,119,180)"},{"description":"Left Blank","count":25,"tested":332,"color":"rgb(44,160,44)"}],"gender":[{"description":"Female","count":38,"tested":527,"color":"rgb(255,127,14)"},{"description":"Male","count":41,"tested":381,"color":"rgb(31,119,180)"}]}
