{"age":[{"age_group":"<20","count":84,"tested":601},{"age_group":"20-29   ","count":123,"tested":969},{"age_group":"30-39   ","count":116,"tested":979},{"age_group":"40-49   ","count":95,"tested":887},{"age_group":"50-59   ","count":120,"tested":1077},{"age_group":"60-69   ","count":91,"tested":912},{"age_group":"70-79   ","count":56,"tested":621},{"age_group":"80+","count":47,"tested":545}],"race":[{"description":"Left Blank","count":214,"tested":2791,"color":"rgb(44,160,44)"},{"description":"Other","count":47,"tested":143,"color":"rgb(148,103,189)"},{"description":"White","count":247,"tested":3044,"color":"rgb(31,119,180)"},{"description":"Hispanic","count":97,"tested":380,"color":"rgb(214,39,40)"},{"description":"Black","count":41,"tested":118,"color":"rgb(255,127,14)"},{"description":"Asian","count":33,"tested":85,"color":"rgb(140,86,75)"}],"gender":[{"description":"Female","count":296,"tested":3918,"color":"rgb(255,127,14)"},{"description":"Male","count":278,"tested":2625,"color":"rgb(31,119,180)"}]}
