{"age":[{"age_group":"<20","count":482,"tested":2144},{"age_group":"20-29   ","count":577,"tested":3073},{"age_group":"30-39   ","count":576,"tested":3059},{"age_group":"40-49   ","count":554,"tested":2821},{"age_group":"50-59   ","count":492,"tested":2562},{"age_group":"60-69   ","count":352,"tested":1803},{"age_group":"70-79   ","count":270,"tested":1047},{"age_group":"80+","count":233,"tested":613}],"race":[{"description":"Other","count":253,"tested":767,"color":"rgb(148,103,189)"},{"description":"Left Blank","count":868,"tested":6799,"color":"rgb(44,160,44)"},{"description":"Black","count":415,"tested":1543,"color":"rgb(255,127,14)"},{"description":"Asian","count":235,"tested":223,"color":"rgb(140,86,75)"},{"description":"Hispanic","count":571,"tested":1593,"color":"rgb(214,39,40)"},{"description":"White","count":774,"tested":6161,"color":"rgb(31,119,180)"},{"description":"AI/AN**","count":215,"tested":25,"color":"rgb(31,119,180)"}],"gender":[{"description":"Female","count":1191,"tested":9751,"color":"rgb(255,127,14)"},{"description":"Male","count":1100,"tested":7174,"color":"rgb(31,119,180)"},{"description":"Unknown/Left Blank","count":220,"tested":203,"color":"rgb(44,160,44)"}]}
