{"age":[{"age_group":"<20","count":264,"tested":1743},{"age_group":"20-29   ","count":375,"tested":3348},{"age_group":"30-39   ","count":302,"tested":3028},{"age_group":"40-49   ","count":337,"tested":2666},{"age_group":"50-59   ","count":337,"tested":3321},{"age_group":"60-69   ","count":325,"tested":3332},{"age_group":"70-79   ","count":191,"tested":2009},{"age_group":"80+","count":194,"tested":2701}],"race":[{"description":"White","count":892,"tested":7067,"color":"rgb(31,119,180)"},{"description":"Other","count":117,"tested":511,"color":"rgb(148,103,189)"},{"description":"Left Blank","count":727,"tested":12256,"color":"rgb(44,160,44)"},{"description":"Black","count":66,"tested":266,"color":"rgb(255,127,14)"},{"description":"Asian","count":145,"tested":875,"color":"rgb(140,86,75)"},{"description":"Hispanic","count":275,"tested":1150,"color":"rgb(214,39,40)"}],"gender":[{"description":"Male","count":974,"tested":9068,"color":"rgb(31,119,180)"},{"description":"Unknown/Left Blank","count":55,"tested":349,"color":"rgb(44,160,44)"},{"description":"Female","count":1056,"tested":12745,"color":"rgb(255,127,14)"}]}
