{"age":[{"age_group":"<20","count":308,"tested":2830},{"age_group":"20-29   ","count":335,"tested":3631},{"age_group":"30-39   ","count":357,"tested":3456},{"age_group":"40-49   ","count":376,"tested":3685},{"age_group":"50-59   ","count":367,"tested":4094},{"age_group":"60-69   ","count":334,"tested":4102},{"age_group":"70-79   ","count":213,"tested":2107},{"age_group":"80+","count":231,"tested":2203}],"race":[{"description":"Left Blank","count":502,"tested":8011,"color":"rgb(44,160,44)"},{"description":"Other","count":193,"tested":1215,"color":"rgb(148,103,189)"},{"description":"White","count":956,"tested":12456,"color":"rgb(31,119,180)"},{"description":"Asian","count":242,"tested":2291,"color":"rgb(140,86,75)"},{"description":"Hispanic","count":295,"tested":1745,"color":"rgb(214,39,40)"},{"description":"Black","count":116,"tested":319,"color":"rgb(255,127,14)"}],"gender":[{"description":"Female","count":965,"tested":15312,"color":"rgb(255,127,14)"},{"description":"Male","count":914,"tested":10577,"color":"rgb(31,119,180)"},{"description":"Unknown/Left Blank","count":113,"tested":228,"color":"rgb(44,160,44)"}]}
