{"age":[{"age_group":"<20","count":152,"tested":1379},{"age_group":"20-29   ","count":233,"tested":2334},{"age_group":"30-39   ","count":232,"tested":2578},{"age_group":"40-49   ","count":208,"tested":2195},{"age_group":"50-59   ","count":194,"tested":2482},{"age_group":"60-69   ","count":152,"tested":2059},{"age_group":"70-79   ","count":62,"tested":914},{"age_group":"80+","count":35,"tested":312}],"race":[{"description":"Black","count":697,"tested":7530,"color":"rgb(255,127,14)"},{"description":"Hispanic","count":55,"tested":181,"color":"rgb(214,39,40)"},{"description":"White","count":30,"tested":206,"color":"rgb(31,119,180)"},{"description":"Left Blank","count":436,"tested":6099,"color":"rgb(44,160,44)"},{"description":"Other","count":29,"tested":213,"color":"rgb(148,103,189)"}],"gender":[{"description":"Female","count":724,"tested":8851,"color":"rgb(255,127,14)"},{"description":"Unknown/Left Blank","count":30,"tested":250,"color":"rgb(44,160,44)"},{"description":"Male","count":484,"tested":5156,"color":"rgb(31,119,180)"}]}
