{"age":[{"age_group":"<20","count":529,"tested":4097},{"age_group":"20-29   ","count":437,"tested":4042},{"age_group":"30-39   ","count":382,"tested":3723},{"age_group":"40-49   ","count":460,"tested":4266},{"age_group":"50-59   ","count":490,"tested":5093},{"age_group":"60-69   ","count":387,"tested":3709},{"age_group":"70-79   ","count":338,"tested":2729},{"age_group":"80+","count":390,"tested":4429}],"race":[{"description":"Black","count":193,"tested":227,"color":"rgb(255,127,14)"},{"description":"Other","count":270,"tested":768,"color":"rgb(148,103,189)"},{"description":"Left Blank","count":711,"tested":16458,"color":"rgb(44,160,44)"},{"description":"White","count":1291,"tested":12377,"color":"rgb(31,119,180)"},{"description":"Asian","count":255,"tested":1283,"color":"rgb(140,86,75)"},{"description":"Hispanic","count":330,"tested":922,"color":"rgb(214,39,40)"}],"gender":[{"description":"Male","count":1140,"tested":12585,"color":"rgb(31,119,180)"},{"description":"Unknown/Left Blank","count":198,"tested":331,"color":"rgb(44,160,44)"},{"description":"Female","count":1185,"tested":19180,"color":"rgb(255,127,14)"}]}
