{"age":[{"age_group":"<20","count":237,"tested":3685},{"age_group":"20-29   ","count":367,"tested":9167},{"age_group":"30-39   ","count":211,"tested":5116},{"age_group":"40-49   ","count":204,"tested":4059},{"age_group":"50-59   ","count":215,"tested":5128},{"age_group":"60-69   ","count":167,"tested":4637},{"age_group":"70-79   ","count":116,"tested":3171},{"age_group":"80+","count":141,"tested":6663}],"race":[{"description":"Hispanic","count":217,"tested":1092,"color":"rgb(214,39,40)"},{"description":"Left Blank","count":280,"tested":20046,"color":"rgb(44,160,44)"},{"description":"White","count":583,"tested":13817,"color":"rgb(31,119,180)"},{"description":"Asian","count":92,"tested":1794,"color":"rgb(140,86,75)"},{"description":"Black","count":295,"tested":2857,"color":"rgb(255,127,14)"},{"description":"Other","count":128,"tested":1992,"color":"rgb(148,103,189)"}],"gender":[{"description":"Male","count":720,"tested":16988,"color":"rgb(31,119,180)"},{"description":"Female","count":759,"tested":23616,"color":"rgb(255,127,14)"}]}
