{"age":[{"age_group":"<20","count":987,"tested":5333},{"age_group":"20-29   ","count":1288,"tested":8818},{"age_group":"30-39   ","count":1250,"tested":8752},{"age_group":"40-49   ","count":1314,"tested":7903},{"age_group":"50-59   ","count":1013,"tested":6964},{"age_group":"60-69   ","count":627,"tested":5168},{"age_group":"70-79   ","count":337,"tested":2882},{"age_group":"80+","count":214,"tested":1527}],"race":[{"description":"Hispanic","count":2842,"tested":12644,"color":"rgb(214,39,40)"},{"description":"Left Blank","count":1810,"tested":17193,"color":"rgb(44,160,44)"},{"description":"White","count":1073,"tested":10858,"color":"rgb(31,119,180)"},{"description":"Black","count":358,"tested":2160,"color":"rgb(255,127,14)"},{"description":"Asian","count":134,"tested":479,"color":"rgb(140,86,75)"},{"description":"Other","count":617,"tested":3980,"color":"rgb(148,103,189)"}],"gender":[{"description":"Female","count":3383,"tested":26118,"color":"rgb(255,127,14)"},{"description":"Male","count":3027,"tested":20208,"color":"rgb(31,119,180)"},{"description":"Unknown/Left Blank","count":137,"tested":1041,"color":"rgb(44,160,44)"}]}
