{"age":[{"age_group":"<20","count":197,"tested":676},{"age_group":"20-29   ","count":200,"tested":710},{"age_group":"30-39   ","count":195,"tested":733},{"age_group":"40-49   ","count":199,"tested":674},{"age_group":"50-59   ","count":193,"tested":670},{"age_group":"60-69   ","count":191,"tested":713},{"age_group":"70-79   ","count":186,"tested":432},{"age_group":"80+","count":192,"tested":699}],"race":[{"description":"Left Blank","count":231,"tested":1589,"color":"rgb(44,160,44)"},{"description":"White","count":290,"tested":3570,"color":"rgb(31,119,180)"}],"gender":[{"description":"Male","count":247,"tested":1931,"color":"rgb(31,119,180)"},{"description":"Female","count":276,"tested":2881,"color":"rgb(255,127,14)"}]}
