{"age":[{"age_group":"<20","count":97,"tested":676},{"age_group":"20-29   ","count":84,"tested":666},{"age_group":"30-39   ","count":75,"tested":608},{"age_group":"40-49   ","count":80,"tested":602},{"age_group":"50-59   ","count":84,"tested":761},{"age_group":"60-69   ","count":81,"tested":1074},{"age_group":"70-79   ","count":64,"tested":791},{"age_group":"80+","count":72,"tested":1378}],"race":[{"description":"White","count":230,"tested":2867,"color":"rgb(31,119,180)"},{"description":"Left Blank","count":186,"tested":3539,"color":"rgb(44,160,44)"},{"description":"Hispanic","count":49,"tested":89,"color":"rgb(214,39,40)"}],"gender":[{"description":"Male","count":192,"tested":2218,"color":"rgb(31,119,180)"},{"description":"Female","count":224,"tested":4021,"color":"rgb(255,127,14)"},{"description":"Unknown/Left Blank","count":51,"tested":322,"color":"rgb(44,160,44)"}]}
