{"age":[{"age_group":"<20","count":188,"tested":2173},{"age_group":"20-29   ","count":308,"tested":3490},{"age_group":"30-39   ","count":252,"tested":3153},{"age_group":"40-49   ","count":210,"tested":2276},{"age_group":"50-59   ","count":224,"tested":2675},{"age_group":"60-69   ","count":143,"tested":2397},{"age_group":"70-79   ","count":114,"tested":1427},{"age_group":"80+","count":124,"tested":2655}],"race":[{"description":"White","count":556,"tested":6663,"color":"rgb(31,119,180)"},{"description":"Asian","count":97,"tested":799,"color":"rgb(140,86,75)"},{"description":"Black","count":116,"tested":651,"color":"rgb(255,127,14)"},{"description":"Other","count":91,"tested":567,"color":"rgb(148,103,189)"},{"description":"Left Blank","count":437,"tested":10956,"color":"rgb(44,160,44)"},{"description":"Hispanic","count":167,"tested":600,"color":"rgb(214,39,40)"}],"gender":[{"description":"Female","count":648,"tested":11672,"color":"rgb(255,127,14)"},{"description":"Male","count":616,"tested":8287,"color":"rgb(31,119,180)"}]}
