{"age":[{"age_group":"<20","count":2396,"tested":12318},{"age_group":"20-29   ","count":2868,"tested":18324},{"age_group":"30-39   ","count":2483,"tested":13441},{"age_group":"40-49   ","count":2536,"tested":12769},{"age_group":"50-59   ","count":1923,"tested":9975},{"age_group":"60-69   ","count":1134,"tested":6846},{"age_group":"70-79   ","count":477,"tested":2906},{"age_group":"80+","count":277,"tested":1246}],"race":[{"description":"Hispanic","count":7990,"tested":32220,"color":"rgb(214,39,40)"},{"description":"Asian","count":144,"tested":204,"color":"rgb(140,86,75)"},{"description":"Black","count":885,"tested":6769,"color":"rgb(255,127,14)"},{"description":"White","count":736,"tested":5812,"color":"rgb(31,119,180)"},{"description":"Other","count":648,"tested":3670,"color":"rgb(148,103,189)"},{"description":"Left Blank","count":3405,"tested":29011,"color":"rgb(44,160,44)"},{"description":"AI/AN**","count":151,"tested":130,"color":"rgb(31,119,180)"},{"description":"NH/PI*","count":135,"tested":44,"color":"rgb(127,127,127)"}],"gender":[{"description":"Female","count":6861,"tested":43076,"color":"rgb(255,127,14)"},{"description":"Male","count":6380,"tested":34119,"color":"rgb(31,119,180)"},{"description":"Unknown/Left Blank","count":213,"tested":665,"color":"rgb(44,160,44)"}]}
