{"age":[{"age_group":"<20","count":12,"tested":66},{"age_group":"20-29   ","count":13,"tested":106},{"age_group":"30-39   ","count":10,"tested":95},{"age_group":"40-49   ","count":11,"tested":77},{"age_group":"50-59   ","count":15,"tested":94},{"age_group":"60-69   ","count":10,"tested":55}],"race":[{"description":"Left Blank","count":34,"tested":250,"color":"rgb(44,160,44)"},{"description":"White","count":38,"tested":282,"color":"rgb(31,119,180)"}],"gender":[{"description":"Male","count":38,"tested":226,"color":"rgb(31,119,180)"},{"description":"Female","count":36,"tested":318,"color":"rgb(255,127,14)"}]}
