{"age":[{"age_group":"<20","count":204,"tested":3276},{"age_group":"20-29   ","count":218,"tested":3942},{"age_group":"30-39   ","count":222,"tested":3894},{"age_group":"40-49   ","count":216,"tested":3913},{"age_group":"50-59   ","count":216,"tested":4812},{"age_group":"60-69   ","count":175,"tested":4518},{"age_group":"70-79   ","count":144,"tested":3495},{"age_group":"80+","count":161,"tested":2918}],"race":[{"description":"Asian","count":66,"tested":468,"color":"rgb(140,86,75)"},{"description":"White","count":570,"tested":13081,"color":"rgb(31,119,180)"},{"description":"Left Blank","count":363,"tested":14016,"color":"rgb(44,160,44)"},{"description":"Other","count":157,"tested":1766,"color":"rgb(148,103,189)"},{"description":"Hispanic","count":216,"tested":1134,"color":"rgb(214,39,40)"},{"description":"Black","count":82,"tested":284,"color":"rgb(255,127,14)"}],"gender":[{"description":"Male","count":615,"tested":13423,"color":"rgb(31,119,180)"},{"description":"Unknown/Left Blank","count":56,"tested":260,"color":"rgb(44,160,44)"},{"description":"Female","count":640,"tested":17093,"color":"rgb(255,127,14)"}]}
