{"age":[{"age_group":"<20","count":26,"tested":165},{"age_group":"20-29   ","count":27,"tested":180},{"age_group":"40-49   ","count":36,"tested":180},{"age_group":"50-59   ","count":31,"tested":159},{"age_group":"60-69   ","count":34,"tested":152}],"race":[{"description":"Left Blank","count":39,"tested":462,"color":"rgb(44,160,44)"},{"description":"White","count":61,"tested":673,"color":"rgb(31,119,180)"}],"gender":[{"description":"Female","count":54,"tested":763,"color":"rgb(255,127,14)"},{"description":"Male","count":49,"tested":381,"color":"rgb(31,119,180)"}]}
