{"age":[{"age_group":"<20","count":420,"tested":4041},{"age_group":"20-29   ","count":467,"tested":5139},{"age_group":"30-39   ","count":329,"tested":5117},{"age_group":"40-49   ","count":358,"tested":4389},{"age_group":"50-59   ","count":401,"tested":6792},{"age_group":"60-69   ","count":319,"tested":5308},{"age_group":"70-79   ","count":193,"tested":3138},{"age_group":"80+","count":187,"tested":3477}],"race":[{"description":"Black","count":99,"tested":544,"color":"rgb(255,127,14)"},{"description":"Hispanic","count":318,"tested":2491,"color":"rgb(214,39,40)"},{"description":"Asian","count":189,"tested":2695,"color":"rgb(140,86,75)"},{"description":"Left Blank","count":665,"tested":14405,"color":"rgb(44,160,44)"},{"description":"Other","count":142,"tested":676,"color":"rgb(148,103,189)"},{"description":"White","count":1131,"tested":16516,"color":"rgb(31,119,180)"}],"gender":[{"description":"Female","count":1186,"tested":21749,"color":"rgb(255,127,14)"},{"description":"Male","count":1101,"tested":14223,"color":"rgb(31,119,180)"},{"description":"Unknown/Left Blank","count":77,"tested":1444,"color":"rgb(44,160,44)"}]}
