{"age":[{"age_group":"<20","count":133,"tested":1178},{"age_group":"20-29   ","count":162,"tested":1679},{"age_group":"30-39   ","count":164,"tested":1723},{"age_group":"40-49   ","count":151,"tested":1668},{"age_group":"50-59   ","count":157,"tested":1672},{"age_group":"60-69   ","count":145,"tested":1880},{"age_group":"70-79   ","count":81,"tested":1030},{"age_group":"80+","count":75,"tested":882}],"race":[{"description":"White","count":60,"tested":507,"color":"rgb(31,119,180)"},{"description":"Other","count":40,"tested":190,"color":"rgb(148,103,189)"},{"description":"Left Blank","count":382,"tested":5611,"color":"rgb(44,160,44)"},{"description":"Hispanic","count":41,"tested":174,"color":"rgb(214,39,40)"},{"description":"Black","count":505,"tested":5192,"color":"rgb(255,127,14)"}],"gender":[{"description":"Female","count":544,"tested":6777,"color":"rgb(255,127,14)"},{"description":"Male","count":434,"tested":4553,"color":"rgb(31,119,180)"},{"description":"Unknown/Left Blank","count":25,"tested":384,"color":"rgb(44,160,44)"}]}
