{"age":[{"age_group":"<20","count":20,"tested":168},{"age_group":"20-29   ","count":27,"tested":200},{"age_group":"30-39   ","count":24,"tested":162},{"age_group":"40-49   ","count":28,"tested":202},{"age_group":"50-59   ","count":24,"tested":169},{"age_group":"60-69   ","count":17,"tested":185},{"age_group":"80+","count":10,"tested":47}],"race":[{"description":"White","count":87,"tested":599,"color":"rgb(31,119,180)"},{"description":"Left Blank","count":31,"tested":539,"color":"rgb(44,160,44)"},{"description":"Hispanic","count":25,"tested":58,"color":"rgb(214,39,40)"}],"gender":[{"description":"Female","count":65,"tested":651,"color":"rgb(255,127,14)"},{"description":"Male","count":75,"tested":555,"color":"rgb(31,119,180)"}]}
