{"age":[{"age_group":"<20","count":1304,"tested":7776},{"age_group":"20-29   ","count":1659,"tested":11829},{"age_group":"30-39   ","count":1630,"tested":10197},{"age_group":"40-49   ","count":1691,"tested":9002},{"age_group":"50-59   ","count":1306,"tested":7755},{"age_group":"60-69   ","count":795,"tested":6257},{"age_group":"70-79   ","count":410,"tested":2938},{"age_group":"80+","count":198,"tested":1063}],"race":[{"description":"Black","count":1114,"tested":8929,"color":"rgb(255,127,14)"},{"description":"Asian","count":59,"tested":136,"color":"rgb(140,86,75)"},{"description":"Other","count":357,"tested":2405,"color":"rgb(148,103,189)"},{"description":"Hispanic","count":5208,"tested":20786,"color":"rgb(214,39,40)"},{"description":"Left Blank","count":1827,"tested":21088,"color":"rgb(44,160,44)"},{"description":"White","count":321,"tested":3466,"color":"rgb(31,119,180)"}],"gender":[{"description":"Unknown/Left Blank","count":147,"tested":1011,"color":"rgb(44,160,44)"},{"description":"Female","count":4413,"tested":30241,"color":"rgb(255,127,14)"},{"description":"Male","count":4178,"tested":25596,"color":"rgb(31,119,180)"}]}
