{"age":[{"age_group":"<20","count":502,"tested":6650},{"age_group":"20-29   ","count":862,"tested":11005},{"age_group":"30-39   ","count":415,"tested":4498},{"age_group":"40-49   ","count":381,"tested":3114},{"age_group":"50-59   ","count":319,"tested":3533},{"age_group":"60-69   ","count":217,"tested":3014},{"age_group":"70-79   ","count":159,"tested":2355},{"age_group":"80+","count":155,"tested":4066}],"race":[{"description":"Left Blank","count":695,"tested":16298,"color":"rgb(44,160,44)"},{"description":"Other","count":88,"tested":457,"color":"rgb(148,103,189)"},{"description":"Black","count":410,"tested":4623,"color":"rgb(255,127,14)"},{"description":"Hispanic","count":613,"tested":2970,"color":"rgb(214,39,40)"},{"description":"White","count":1017,"tested":13183,"color":"rgb(31,119,180)"},{"description":"Asian","count":87,"tested":679,"color":"rgb(140,86,75)"}],"gender":[{"description":"Female","count":1434,"tested":23789,"color":"rgb(255,127,14)"},{"description":"Male","count":1273,"tested":14264,"color":"rgb(31,119,180)"},{"description":"Unknown/Left Blank","count":58,"tested":191,"color":"rgb(44,160,44)"}]}
