{"age":[{"age_group":"<20","count":235,"tested":1868},{"age_group":"20-29   ","count":326,"tested":2930},{"age_group":"30-39   ","count":243,"tested":2278},{"age_group":"40-49   ","count":269,"tested":2522},{"age_group":"50-59   ","count":342,"tested":3260},{"age_group":"60-69   ","count":263,"tested":2707},{"age_group":"70-79   ","count":169,"tested":1706},{"age_group":"80+","count":163,"tested":3050}],"race":[{"description":"Other","count":115,"tested":475,"color":"rgb(148,103,189)"},{"description":"Black","count":79,"tested":166,"color":"rgb(255,127,14)"},{"description":"Asian","count":81,"tested":136,"color":"rgb(140,86,75)"},{"description":"White","count":801,"tested":6877,"color":"rgb(31,119,180)"},{"description":"Left Blank","count":693,"tested":12348,"color":"rgb(44,160,44)"},{"description":"Hispanic","count":106,"tested":317,"color":"rgb(214,39,40)"}],"gender":[{"description":"Female","count":866,"tested":12565,"color":"rgb(255,127,14)"},{"description":"Male","count":737,"tested":7147,"color":"rgb(31,119,180)"}]}
