{"age":[{"age_group":"<20","count":111,"tested":1123},{"age_group":"20-29   ","count":139,"tested":1267},{"age_group":"30-39   ","count":105,"tested":1352},{"age_group":"40-49   ","count":136,"tested":1384},{"age_group":"50-59   ","count":136,"tested":1504},{"age_group":"60-69   ","count":84,"tested":1186},{"age_group":"70-79   ","count":54,"tested":632},{"age_group":"80+","count":30,"tested":183}],"race":[{"description":"Hispanic","count":50,"tested":269,"color":"rgb(214,39,40)"},{"description":"Left Blank","count":290,"tested":4469,"color":"rgb(44,160,44)"},{"description":"Black","count":29,"tested":131,"color":"rgb(255,127,14)"},{"description":"White","count":251,"tested":2543,"color":"rgb(31,119,180)"},{"description":"Asian","count":95,"tested":968,"color":"rgb(140,86,75)"},{"description":"Other","count":42,"tested":224,"color":"rgb(148,103,189)"}],"gender":[{"description":"Female","count":348,"tested":4700,"color":"rgb(255,127,14)"},{"description":"Male","count":344,"tested":3824,"color":"rgb(31,119,180)"}]}
