{"age":[{"age_group":"<20","count":573,"tested":5911},{"age_group":"20-29   ","count":736,"tested":7156},{"age_group":"30-39   ","count":666,"tested":6931},{"age_group":"40-49   ","count":713,"tested":6441},{"age_group":"50-59   ","count":657,"tested":7096},{"age_group":"60-69   ","count":459,"tested":5706},{"age_group":"70-79   ","count":206,"tested":3060},{"age_group":"80+","count":125,"tested":2068}],"race":[{"description":"AI/AN**","count":8,"tested":76,"color":"rgb(31,119,180)"},{"description":"NH/PI*","count":8,"tested":81,"color":"rgb(127,127,127)"},{"description":"Black","count":88,"tested":828,"color":"rgb(255,127,14)"},{"description":"Asian","count":323,"tested":3395,"color":"rgb(140,86,75)"},{"description":"Hispanic","count":761,"tested":3361,"color":"rgb(214,39,40)"},{"description":"White","count":1760,"tested":18308,"color":"rgb(31,119,180)"},{"description":"Left Blank","count":941,"tested":16571,"color":"rgb(44,160,44)"},{"description":"Other","count":248,"tested":1760,"color":"rgb(148,103,189)"}],"gender":[{"description":"Female","count":2070,"tested":24669,"color":"rgb(255,127,14)"},{"description":"Unknown/Left Blank","count":25,"tested":583,"color":"rgb(44,160,44)"},{"description":"Male","count":2042,"tested":19128,"color":"rgb(31,119,180)"}]}
