{"age":[{"age_group":"<20","count":608,"tested":4352},{"age_group":"20-29   ","count":844,"tested":7431},{"age_group":"30-39   ","count":868,"tested":7118},{"age_group":"40-49   ","count":778,"tested":6318},{"age_group":"50-59   ","count":672,"tested":6931},{"age_group":"60-69   ","count":444,"tested":5807},{"age_group":"70-79   ","count":266,"tested":3858},{"age_group":"80+","count":218,"tested":4354}],"race":[{"description":"Hispanic","count":1211,"tested":4972,"color":"rgb(214,39,40)"},{"description":"Left Blank","count":1297,"tested":19419,"color":"rgb(44,160,44)"},{"description":"White","count":1433,"tested":13946,"color":"rgb(31,119,180)"},{"description":"Black","count":465,"tested":4718,"color":"rgb(255,127,14)"},{"description":"Asian","count":52,"tested":345,"color":"rgb(140,86,75)"},{"description":"Other","count":208,"tested":2629,"color":"rgb(148,103,189)"},{"description":"AI/AN**","count":28,"tested":134,"color":"rgb(31,119,180)"}],"gender":[{"description":"Female","count":2514,"tested":26782,"color":"rgb(255,127,14)"},{"description":"Male","count":2150,"tested":18497,"color":"rgb(31,119,180)"},{"description":"Unknown/Left Blank","count":34,"tested":898,"color":"rgb(44,160,44)"}]}
