{"age":[{"age_group":"<20","count":344,"tested":2546},{"age_group":"20-29   ","count":283,"tested":2367},{"age_group":"30-39   ","count":273,"tested":2902},{"age_group":"40-49   ","count":329,"tested":3085},{"age_group":"50-59   ","count":301,"tested":2726},{"age_group":"60-69   ","count":188,"tested":2329},{"age_group":"70-79   ","count":126,"tested":1717},{"age_group":"80+","count":75,"tested":1082}],"race":[{"description":"Black","count":33,"tested":256,"color":"rgb(255,127,14)"},{"description":"Asian","count":138,"tested":1145,"color":"rgb(140,86,75)"},{"description":"Hispanic","count":231,"tested":1031,"color":"rgb(214,39,40)"},{"description":"Left Blank","count":636,"tested":8628,"color":"rgb(44,160,44)"},{"description":"White","count":809,"tested":7294,"color":"rgb(31,119,180)"},{"description":"Other","count":68,"tested":375,"color":"rgb(148,103,189)"}],"gender":[{"description":"Female","count":992,"tested":10431,"color":"rgb(255,127,14)"},{"description":"Male","count":907,"tested":8077,"color":"rgb(31,119,180)"},{"description":"Unknown/Left Blank","count":21,"tested":252,"color":"rgb(44,160,44)"}]}
