{"age":[{"age_group":"<20","count":17,"tested":144},{"age_group":"20-29   ","count":10,"tested":161},{"age_group":"30-39   ","count":15,"tested":78},{"age_group":"40-49   ","count":19,"tested":97},{"age_group":"50-59   ","count":22,"tested":189},{"age_group":"60-69   ","count":10,"tested":64},{"age_group":"70-79   ","count":10,"tested":67}],"race":[{"description":"White","count":85,"tested":481,"color":"rgb(31,119,180)"},{"description":"Left Blank","count":13,"tested":312,"color":"rgb(44,160,44)"}],"gender":[{"description":"Female","count":57,"tested":465,"color":"rgb(255,127,14)"},{"description":"Male","count":47,"tested":348,"color":"rgb(31,119,180)"}]}
