{"age":[{"age_group":"<20","count":198,"tested":1661},{"age_group":"20-29   ","count":303,"tested":3207},{"age_group":"30-39   ","count":311,"tested":3647},{"age_group":"40-49   ","count":296,"tested":4150},{"age_group":"50-59   ","count":375,"tested":5730},{"age_group":"60-69   ","count":246,"tested":3772},{"age_group":"70-79   ","count":98,"tested":1908},{"age_group":"80+","count":33,"tested":926}],"race":[{"description":"Other","count":43,"tested":434,"color":"rgb(148,103,189)"},{"description":"Left Blank","count":578,"tested":9224,"color":"rgb(44,160,44)"},{"description":"Hispanic","count":100,"tested":728,"color":"rgb(214,39,40)"},{"description":"White","count":313,"tested":4565,"color":"rgb(31,119,180)"},{"description":"Black","count":816,"tested":9930,"color":"rgb(255,127,14)"}],"gender":[{"description":"Female","count":1022,"tested":14008,"color":"rgb(255,127,14)"},{"description":"Male","count":813,"tested":10372,"color":"rgb(31,119,180)"},{"description":"Unknown/Left Blank","count":25,"tested":641,"color":"rgb(44,160,44)"}]}
