{"age":[{"age_group":"<20","count":138,"tested":1372},{"age_group":"20-29   ","count":131,"tested":1561},{"age_group":"30-39   ","count":140,"tested":1469},{"age_group":"40-49   ","count":101,"tested":1281},{"age_group":"50-59   ","count":160,"tested":1774},{"age_group":"60-69   ","count":154,"tested":1746},{"age_group":"70-79   ","count":72,"tested":898},{"age_group":"80+","count":41,"tested":465}],"race":[{"description":"Hispanic","count":93,"tested":308,"color":"rgb(214,39,40)"},{"description":"White","count":554,"tested":4535,"color":"rgb(31,119,180)"},{"description":"Left Blank","count":220,"tested":5163,"color":"rgb(44,160,44)"},{"description":"Black","count":13,"tested":140,"color":"rgb(255,127,14)"},{"description":"Asian","count":38,"tested":216,"color":"rgb(140,86,75)"},{"description":"Other","count":19,"tested":182,"color":"rgb(148,103,189)"}],"gender":[{"description":"Female","count":472,"tested":5925,"color":"rgb(255,127,14)"},{"description":"Male","count":461,"tested":4502,"color":"rgb(31,119,180)"}]}
