{"age":[{"age_group":"<20","count":350,"tested":3942},{"age_group":"20-29   ","count":259,"tested":3217},{"age_group":"30-39   ","count":212,"tested":3159},{"age_group":"40-49   ","count":242,"tested":2983},{"age_group":"50-59   ","count":288,"tested":3361},{"age_group":"60-69   ","count":197,"tested":3294},{"age_group":"70-79   ","count":86,"tested":2023},{"age_group":"80+","count":98,"tested":3032}],"race":[{"description":"Black","count":40,"tested":420,"color":"rgb(255,127,14)"},{"description":"Hispanic","count":113,"tested":450,"color":"rgb(214,39,40)"},{"description":"Asian","count":33,"tested":583,"color":"rgb(140,86,75)"},{"description":"White","count":1078,"tested":11828,"color":"rgb(31,119,180)"},{"description":"Other","count":35,"tested":771,"color":"rgb(148,103,189)"},{"description":"Left Blank","count":432,"tested":10943,"color":"rgb(44,160,44)"}],"gender":[{"description":"Female","count":885,"tested":14308,"color":"rgb(255,127,14)"},{"description":"Male","count":835,"tested":10240,"color":"rgb(31,119,180)"},{"description":"Unknown/Left Blank","count":12,"tested":468,"color":"rgb(44,160,44)"}]}
