{"age":[{"age_group":"<20","count":321,"tested":2485},{"age_group":"20-29   ","count":361,"tested":3603},{"age_group":"30-39   ","count":363,"tested":3691},{"age_group":"40-49   ","count":354,"tested":3293},{"age_group":"50-59   ","count":357,"tested":3807},{"age_group":"60-69   ","count":253,"tested":3758},{"age_group":"70-79   ","count":133,"tested":2112},{"age_group":"80+","count":99,"tested":1664}],"race":[{"description":"Asian","count":94,"tested":1188,"color":"rgb(140,86,75)"},{"description":"Hispanic","count":630,"tested":2902,"color":"rgb(214,39,40)"},{"description":"Black","count":39,"tested":413,"color":"rgb(255,127,14)"},{"description":"White","count":798,"tested":8703,"color":"rgb(31,119,180)"},{"description":"Left Blank","count":573,"tested":10571,"color":"rgb(44,160,44)"},{"description":"Other","count":105,"tested":590,"color":"rgb(148,103,189)"}],"gender":[{"description":"Male","count":1100,"tested":10422,"color":"rgb(31,119,180)"},{"description":"Unknown/Left Blank","count":12,"tested":464,"color":"rgb(44,160,44)"},{"description":"Female","count":1129,"tested":13532,"color":"rgb(255,127,14)"}]}
