{"age":[{"age_group":"<20","count":436,"tested":4761},{"age_group":"20-29   ","count":313,"tested":3800},{"age_group":"30-39   ","count":246,"tested":3462},{"age_group":"40-49   ","count":300,"tested":3345},{"age_group":"50-59   ","count":366,"tested":4671},{"age_group":"60-69   ","count":205,"tested":3091},{"age_group":"70-79   ","count":106,"tested":1821},{"age_group":"80+","count":97,"tested":2757}],"race":[{"description":"Black","count":10,"tested":184,"color":"rgb(255,127,14)"},{"description":"White","count":1223,"tested":13216,"color":"rgb(31,119,180)"},{"description":"Asian","count":34,"tested":351,"color":"rgb(140,86,75)"},{"description":"Other","count":38,"tested":471,"color":"rgb(148,103,189)"},{"description":"Hispanic","count":123,"tested":778,"color":"rgb(214,39,40)"},{"description":"Left Blank","count":644,"tested":12701,"color":"rgb(44,160,44)"}],"gender":[{"description":"Unknown/Left Blank","count":13,"tested":238,"color":"rgb(44,160,44)"},{"description":"Female","count":1058,"tested":16119,"color":"rgb(255,127,14)"},{"description":"Male","count":1003,"tested":11355,"color":"rgb(31,119,180)"}]}
