{"age":[{"age_group":"<20","count":149,"tested":1213},{"age_group":"20-29   ","count":235,"tested":2073},{"age_group":"30-39   ","count":180,"tested":1867},{"age_group":"40-49   ","count":172,"tested":1474},{"age_group":"50-59   ","count":205,"tested":1973},{"age_group":"60-69   ","count":133,"tested":1677},{"age_group":"70-79   ","count":70,"tested":846},{"age_group":"80+","count":33,"tested":432}],"race":[{"description":"Left Blank","count":409,"tested":5057,"color":"rgb(44,160,44)"},{"description":"White","count":504,"tested":4988,"color":"rgb(31,119,180)"},{"description":"Hispanic","count":161,"tested":749,"color":"rgb(214,39,40)"},{"description":"Black","count":38,"tested":237,"color":"rgb(255,127,14)"},{"description":"Asian","count":37,"tested":296,"color":"rgb(140,86,75)"},{"description":"Other","count":26,"tested":215,"color":"rgb(148,103,189)"}],"gender":[{"description":"Male","count":570,"tested":4974,"color":"rgb(31,119,180)"},{"description":"Female","count":599,"tested":6475,"color":"rgb(255,127,14)"}]}
