{"age":[{"age_group":"<20","count":305,"tested":3673},{"age_group":"20-29   ","count":769,"tested":16206},{"age_group":"30-39   ","count":663,"tested":14117},{"age_group":"40-49   ","count":522,"tested":11791},{"age_group":"50-59   ","count":514,"tested":12818},{"age_group":"60-69   ","count":455,"tested":12995},{"age_group":"70-79   ","count":290,"tested":7993},{"age_group":"80+","count":186,"tested":3544}],"race":[{"description":"Left Blank","count":1171,"tested":57573,"color":"rgb(44,160,44)"},{"description":"NH/PI*","count":6,"tested":51,"color":"rgb(127,127,127)"},{"description":"Hispanic","count":694,"tested":3786,"color":"rgb(214,39,40)"},{"description":"Other","count":174,"tested":1966,"color":"rgb(148,103,189)"},{"description":"Black","count":643,"tested":7490,"color":"rgb(255,127,14)"},{"description":"Asian","count":140,"tested":1356,"color":"rgb(140,86,75)"},{"description":"White","count":870,"tested":10911,"color":"rgb(31,119,180)"}],"gender":[{"description":"Unknown/Left Blank","count":79,"tested":5063,"color":"rgb(44,160,44)"},{"description":"Female","count":1802,"tested":43231,"color":"rgb(255,127,14)"},{"description":"Male","count":1824,"tested":34887,"color":"rgb(31,119,180)"}]}
