{"age":[{"age_group":"<20","count":71,"tested":471},{"age_group":"20-29   ","count":87,"tested":563},{"age_group":"30-39   ","count":46,"tested":475},{"age_group":"40-49   ","count":74,"tested":473},{"age_group":"50-59   ","count":96,"tested":742},{"age_group":"60-69   ","count":74,"tested":609},{"age_group":"70-79   ","count":27,"tested":387},{"age_group":"80+","count":16,"tested":175}],"race":[{"description":"Left Blank","count":101,"tested":1652,"color":"rgb(44,160,44)"},{"description":"Other","count":7,"tested":53,"color":"rgb(148,103,189)"},{"description":"White","count":308,"tested":1885,"color":"rgb(31,119,180)"},{"description":"Black","count":14,"tested":90,"color":"rgb(255,127,14)"},{"description":"Hispanic","count":51,"tested":178,"color":"rgb(214,39,40)"},{"description":"Asian","count":9,"tested":37,"color":"rgb(140,86,75)"}],"gender":[{"description":"Male","count":237,"tested":1632,"color":"rgb(31,119,180)"},{"description":"Female","count":252,"tested":2180,"color":"rgb(255,127,14)"}]}
