{"age":[{"age_group":"<20","count":242,"tested":1518},{"age_group":"20-29   ","count":375,"tested":2709},{"age_group":"30-39   ","count":344,"tested":2772},{"age_group":"40-49   ","count":317,"tested":2219},{"age_group":"50-59   ","count":320,"tested":2342},{"age_group":"60-69   ","count":197,"tested":2103},{"age_group":"70-79   ","count":93,"tested":1128},{"age_group":"80+","count":45,"tested":513}],"race":[{"description":"Hispanic","count":302,"tested":1373,"color":"rgb(214,39,40)"},{"description":"White","count":446,"tested":3848,"color":"rgb(31,119,180)"},{"description":"Asian","count":25,"tested":146,"color":"rgb(140,86,75)"},{"description":"Left Blank","count":869,"tested":7460,"color":"rgb(44,160,44)"},{"description":"Black","count":223,"tested":1962,"color":"rgb(255,127,14)"},{"description":"Other","count":64,"tested":488,"color":"rgb(148,103,189)"}],"gender":[{"description":"Male","count":893,"tested":6312,"color":"rgb(31,119,180)"},{"description":"Unknown/Left Blank","count":14,"tested":192,"color":"rgb(44,160,44)"},{"description":"Female","count":1026,"tested":8804,"color":"rgb(255,127,14)"}]}
