{"age":[{"age_group":"<20","count":340,"tested":5086},{"age_group":"20-29   ","count":171,"tested":3477},{"age_group":"30-39   ","count":98,"tested":2409},{"age_group":"40-49   ","count":183,"tested":3762},{"age_group":"50-59   ","count":206,"tested":4413},{"age_group":"60-69   ","count":100,"tested":2967},{"age_group":"70-79   ","count":72,"tested":1742},{"age_group":"80+","count":77,"tested":1274}],"race":[{"description":"Other","count":142,"tested":1942,"color":"rgb(148,103,189)"},{"description":"Left Blank","count":339,"tested":10684,"color":"rgb(44,160,44)"},{"description":"Black","count":14,"tested":147,"color":"rgb(255,127,14)"},{"description":"Asian","count":43,"tested":904,"color":"rgb(140,86,75)"},{"description":"Hispanic","count":47,"tested":390,"color":"rgb(214,39,40)"},{"description":"White","count":660,"tested":11034,"color":"rgb(31,119,180)"}],"gender":[{"description":"Female","count":611,"tested":13651,"color":"rgb(255,127,14)"},{"description":"Male","count":629,"tested":11341,"color":"rgb(31,119,180)"}]}
