{"age":[{"age_group":"<20","count":23,"tested":361},{"age_group":"20-29   ","count":17,"tested":519},{"age_group":"30-39   ","count":21,"tested":274},{"age_group":"40-49   ","count":24,"tested":443},{"age_group":"50-59   ","count":42,"tested":484},{"age_group":"60-69   ","count":27,"tested":612},{"age_group":"70-79   ","count":24,"tested":264},{"age_group":"80+","count":23,"tested":810}],"race":[{"description":"Left Blank","count":76,"tested":2941,"color":"rgb(44,160,44)"},{"description":"White","count":121,"tested":791,"color":"rgb(31,119,180)"}],"gender":[{"description":"Male","count":84,"tested":1090,"color":"rgb(31,119,180)"},{"description":"Female","count":115,"tested":2586,"color":"rgb(255,127,14)"}]}
