{"age":[{"age_group":"<20","count":177,"tested":1078},{"age_group":"20-29   ","count":244,"tested":1970},{"age_group":"30-39   ","count":201,"tested":1924},{"age_group":"40-49   ","count":206,"tested":1701},{"age_group":"50-59   ","count":177,"tested":1897},{"age_group":"60-69   ","count":127,"tested":1441},{"age_group":"70-79   ","count":53,"tested":627},{"age_group":"80+","count":30,"tested":484}],"race":[{"description":"Black","count":126,"tested":1186,"color":"rgb(255,127,14)"},{"description":"Asian","count":8,"tested":58,"color":"rgb(140,86,75)"},{"description":"Other","count":65,"tested":440,"color":"rgb(148,103,189)"},{"description":"Hispanic","count":196,"tested":879,"color":"rgb(214,39,40)"},{"description":"White","count":363,"tested":2657,"color":"rgb(31,119,180)"},{"description":"Left Blank","count":454,"tested":5891,"color":"rgb(44,160,44)"}],"gender":[{"description":"Female","count":689,"tested":6976,"color":"rgb(255,127,14)"},{"description":"Male","count":522,"tested":3913,"color":"rgb(31,119,180)"}]}
