{"age":[{"age_group":"<20","count":653,"tested":4387},{"age_group":"20-29   ","count":813,"tested":6973},{"age_group":"30-39   ","count":637,"tested":5391},{"age_group":"40-49   ","count":750,"tested":6157},{"age_group":"50-59   ","count":630,"tested":5954},{"age_group":"60-69   ","count":308,"tested":3150},{"age_group":"70-79   ","count":151,"tested":1994},{"age_group":"80+","count":85,"tested":1141}],"race":[{"description":"Hispanic","count":1176,"tested":5396,"color":"rgb(214,39,40)"},{"description":"Left Blank","count":1342,"tested":15660,"color":"rgb(44,160,44)"},{"description":"White","count":880,"tested":8550,"color":"rgb(31,119,180)"},{"description":"Asian","count":127,"tested":1114,"color":"rgb(140,86,75)"},{"description":"Black","count":311,"tested":2761,"color":"rgb(255,127,14)"},{"description":"NH/PI*","count":6,"tested":53,"color":"rgb(127,127,127)"},{"description":"Other","count":180,"tested":1576,"color":"rgb(148,103,189)"}],"gender":[{"description":"Unknown/Left Blank","count":21,"tested":621,"color":"rgb(44,160,44)"},{"description":"Male","count":1865,"tested":14582,"color":"rgb(31,119,180)"},{"description":"Female","count":2142,"tested":19952,"color":"rgb(255,127,14)"}]}
