{"age":[{"age_group":"<20","count":1948,"tested":10104},{"age_group":"20-29   ","count":2417,"tested":16080},{"age_group":"30-39   ","count":2139,"tested":13161},{"age_group":"40-49   ","count":2154,"tested":12279},{"age_group":"50-59   ","count":1712,"tested":10609},{"age_group":"60-69   ","count":1017,"tested":7725},{"age_group":"70-79   ","count":404,"tested":3397},{"age_group":"80+","count":183,"tested":1578},{"age_group":"Unknown","count":12,"tested":46}],"race":[{"description":"Black","count":183,"tested":1613,"color":"rgb(255,127,14)"},{"description":"Asian","count":26,"tested":238,"color":"rgb(140,86,75)"},{"description":"Hispanic","count":6534,"tested":27095,"color":"rgb(214,39,40)"},{"description":"White","count":1278,"tested":9437,"color":"rgb(31,119,180)"},{"description":"Other","count":874,"tested":6312,"color":"rgb(148,103,189)"},{"description":"Left Blank","count":3076,"tested":30216,"color":"rgb(44,160,44)"},{"description":"AI/AN**","count":10,"tested":54,"color":"rgb(31,119,180)"}],"gender":[{"description":"Female","count":6069,"tested":39492,"color":"rgb(255,127,14)"},{"description":"Unknown/Left Blank","count":127,"tested":928,"color":"rgb(44,160,44)"},{"description":"Male","count":5790,"tested":34559,"color":"rgb(31,119,180)"}]}
