{"age":[{"age_group":"<20","count":497,"tested":5013},{"age_group":"20-29   ","count":410,"tested":5283},{"age_group":"30-39   ","count":372,"tested":5306},{"age_group":"40-49   ","count":346,"tested":5073},{"age_group":"50-59   ","count":415,"tested":7092},{"age_group":"60-69   ","count":301,"tested":6392},{"age_group":"70-79   ","count":148,"tested":3937},{"age_group":"80+","count":143,"tested":3540}],"race":[{"description":"Left Blank","count":897,"tested":24433,"color":"rgb(44,160,44)"},{"description":"Other","count":101,"tested":1044,"color":"rgb(148,103,189)"},{"description":"Black","count":92,"tested":975,"color":"rgb(255,127,14)"},{"description":"Asian","count":18,"tested":331,"color":"rgb(140,86,75)"},{"description":"White","count":1161,"tested":12994,"color":"rgb(31,119,180)"},{"description":"Hispanic","count":359,"tested":1858,"color":"rgb(214,39,40)"}],"gender":[{"description":"Female","count":1340,"tested":23561,"color":"rgb(255,127,14)"},{"description":"Male","count":1268,"tested":16875,"color":"rgb(31,119,180)"},{"description":"Unknown/Left Blank","count":24,"tested":1225,"color":"rgb(44,160,44)"}]}
