{"age":[{"age_group":"<20","count":746,"tested":5406},{"age_group":"20-29   ","count":904,"tested":7327},{"age_group":"30-39   ","count":687,"tested":6204},{"age_group":"40-49   ","count":834,"tested":6783},{"age_group":"50-59   ","count":771,"tested":6756},{"age_group":"60-69   ","count":291,"tested":2943},{"age_group":"70-79   ","count":105,"tested":1360},{"age_group":"80+","count":45,"tested":536}],"race":[{"description":"Other","count":180,"tested":1609,"color":"rgb(148,103,189)"},{"description":"Hispanic","count":793,"tested":3970,"color":"rgb(214,39,40)"},{"description":"White","count":1572,"tested":13212,"color":"rgb(31,119,180)"},{"description":"Asian","count":49,"tested":602,"color":"rgb(140,86,75)"},{"description":"Left Blank","count":1494,"tested":15367,"color":"rgb(44,160,44)"},{"description":"Black","count":286,"tested":2469,"color":"rgb(255,127,14)"},{"description":"AI/AN**","count":8,"tested":53,"color":"rgb(31,119,180)"}],"gender":[{"description":"Male","count":2032,"tested":15719,"color":"rgb(31,119,180)"},{"description":"Unknown/Left Blank","count":31,"tested":498,"color":"rgb(44,160,44)"},{"description":"Female","count":2320,"tested":21101,"color":"rgb(255,127,14)"}]}
