{"age":[{"age_group":"<20","count":279,"tested":2631},{"age_group":"20-29   ","count":323,"tested":3336},{"age_group":"30-39   ","count":231,"tested":2871},{"age_group":"40-49   ","count":283,"tested":2583},{"age_group":"50-59   ","count":222,"tested":2815},{"age_group":"60-69   ","count":153,"tested":2309},{"age_group":"70-79   ","count":103,"tested":1677},{"age_group":"80+","count":60,"tested":1071}],"race":[{"description":"AI/AN**","count":6,"tested":15,"color":"rgb(31,119,180)"},{"description":"Hispanic","count":411,"tested":1644,"color":"rgb(214,39,40)"},{"description":"White","count":483,"tested":5175,"color":"rgb(31,119,180)"},{"description":"Black","count":465,"tested":3727,"color":"rgb(255,127,14)"},{"description":"Left Blank","count":257,"tested":8406,"color":"rgb(44,160,44)"},{"description":"Other","count":28,"tested":274,"color":"rgb(148,103,189)"}],"gender":[{"description":"Female","count":905,"tested":11227,"color":"rgb(255,127,14)"},{"description":"Male","count":726,"tested":7383,"color":"rgb(31,119,180)"},{"description":"Unknown/Left Blank","count":24,"tested":684,"color":"rgb(44,160,44)"}]}
