{"age":[{"age_group":"<20","count":24,"tested":262},{"age_group":"20-29   ","count":37,"tested":316},{"age_group":"30-39   ","count":25,"tested":254},{"age_group":"40-49   ","count":40,"tested":305},{"age_group":"50-59   ","count":50,"tested":455},{"age_group":"60-69   ","count":25,"tested":327},{"age_group":"70-79   ","count":19,"tested":247},{"age_group":"80+","count":12,"tested":124}],"race":[{"description":"Hispanic","count":11,"tested":64,"color":"rgb(214,39,40)"},{"description":"Left Blank","count":64,"tested":516,"color":"rgb(44,160,44)"},{"description":"White","count":150,"tested":1647,"color":"rgb(31,119,180)"},{"description":"Other","count":6,"tested":52,"color":"rgb(148,103,189)"}],"gender":[{"description":"Female","count":125,"tested":1308,"color":"rgb(255,127,14)"},{"description":"Male","count":105,"tested":933,"color":"rgb(31,119,180)"}]}
