{"age":[{"age_group":"<20","count":12,"tested":78},{"age_group":"20-29   ","count":13,"tested":58},{"age_group":"30-39   ","count":9,"tested":66},{"age_group":"40-49   ","count":13,"tested":94},{"age_group":"50-59   ","count":11,"tested":95},{"age_group":"60-69   ","count":16,"tested":138},{"age_group":"70-79   ","count":7,"tested":71}],"race":[{"description":"Left Blank","count":21,"tested":239,"color":"rgb(44,160,44)"},{"description":"White","count":60,"tested":368,"color":"rgb(31,119,180)"}],"gender":[{"description":"Male","count":44,"tested":276,"color":"rgb(31,119,180)"},{"description":"Female","count":36,"tested":348,"color":"rgb(255,127,14)"}]}
