{"age":[{"age_group":"<20","count":157,"tested":1509},{"age_group":"20-29   ","count":194,"tested":2319},{"age_group":"30-39   ","count":194,"tested":2480},{"age_group":"40-49   ","count":166,"tested":2076},{"age_group":"50-59   ","count":158,"tested":2424},{"age_group":"60-69   ","count":108,"tested":1689},{"age_group":"70-79   ","count":87,"tested":1102},{"age_group":"80+","count":46,"tested":975}],"race":[{"description":"Left Blank","count":293,"tested":4788,"color":"rgb(44,160,44)"},{"description":"White","count":634,"tested":7924,"color":"rgb(31,119,180)"},{"description":"Hispanic","count":90,"tested":647,"color":"rgb(214,39,40)"},{"description":"Other","count":22,"tested":315,"color":"rgb(148,103,189)"},{"description":"Black","count":65,"tested":856,"color":"rgb(255,127,14)"}],"gender":[{"description":"Female","count":636,"tested":9362,"color":"rgb(255,127,14)"},{"description":"Male","count":470,"tested":5067,"color":"rgb(31,119,180)"}]}
