{"age":[{"age_group":"<20","count":1089,"tested":8696},{"age_group":"20-29   ","count":1241,"tested":11850},{"age_group":"30-39   ","count":1079,"tested":10344},{"age_group":"40-49   ","count":1115,"tested":9997},{"age_group":"50-59   ","count":1023,"tested":10027},{"age_group":"60-69   ","count":712,"tested":8750},{"age_group":"70-79   ","count":375,"tested":5437},{"age_group":"80+","count":214,"tested":3177}],"race":[{"description":"Left Blank","count":1789,"tested":23890,"color":"rgb(44,160,44)"},{"description":"Other","count":146,"tested":1529,"color":"rgb(148,103,189)"},{"description":"White","count":618,"tested":5810,"color":"rgb(31,119,180)"},{"description":"Asian","count":18,"tested":106,"color":"rgb(140,86,75)"},{"description":"Hispanic","count":2416,"tested":14488,"color":"rgb(214,39,40)"},{"description":"Black","count":1848,"tested":22340,"color":"rgb(255,127,14)"},{"description":"AI/AN**","count":12,"tested":109,"color":"rgb(31,119,180)"}],"gender":[{"description":"Male","count":3158,"tested":28324,"color":"rgb(31,119,180)"},{"description":"Unknown/Left Blank","count":36,"tested":843,"color":"rgb(44,160,44)"},{"description":"Female","count":3654,"tested":39144,"color":"rgb(255,127,14)"}]}
