{"age":[{"age_group":"<20","count":39,"tested":450},{"age_group":"20-29   ","count":52,"tested":485},{"age_group":"30-39   ","count":48,"tested":530},{"age_group":"40-49   ","count":35,"tested":408},{"age_group":"50-59   ","count":64,"tested":621},{"age_group":"60-69   ","count":48,"tested":471},{"age_group":"70-79   ","count":8,"tested":270}],"race":[{"description":"Hispanic","count":23,"tested":118,"color":"rgb(214,39,40)"},{"description":"White","count":147,"tested":2135,"color":"rgb(31,119,180)"},{"description":"Left Blank","count":118,"tested":1373,"color":"rgb(44,160,44)"}],"gender":[{"description":"Male","count":135,"tested":1567,"color":"rgb(31,119,180)"},{"description":"Female","count":157,"tested":2116,"color":"rgb(255,127,14)"}]}
