{"lastUpdatedDate":{"year":2021,"month":7,"day":28},"county_demographics":[{"County":"Greene","confirmed_cases":1535,"total_tested":17069,"demographics":{"age":[{"race":[],"age_group":"<20","count":196,"tested":2532,"deaths":0},{"race":[],"age_group":"20-29   ","count":219,"tested":2575,"deaths":0},{"race":[],"age_group":"30-39   ","count":214,"tested":2698,"deaths":0},{"race":[],"age_group":"40-49   ","count":207,"tested":2432,"deaths":0},{"race":[],"age_group":"50-59   ","count":255,"tested":2578,"deaths":0},{"race":[],"age_group":"60-69   ","count":190,"tested":1890,"deaths":0},{"race":[],"age_group":"70-79   ","count":141,"tested":1298,"deaths":0},{"race":[],"age_group":"80+","count":108,"tested":1065,"deaths":0},{"race":[],"age_group":"Unknown","count":0,"tested":0,"deaths":0}],"race":[{"description":"AI/AN**","count":0,"tested":0,"deaths":0,"color":"rgb(31,119,180)"},{"description":"Asian","count":0,"tested":8,"deaths":0,"color":"rgb(140,86,75)"},{"description":"Black","count":0,"tested":51,"deaths":0,"color":"rgb(255,127,14)"},{"description":"Hispanic","count":0,"tested":26,"deaths":0,"color":"rgb(214,39,40)"},{"description":"Left Blank","count":668,"tested":8842,"deaths":0,"color":"rgb(44,160,44)"},{"description":"NH/PI*","count":0,"tested":7,"deaths":0,"color":"rgb(127,127,127)"},{"description":"Other","count":8,"tested":121,"deaths":0,"color":"rgb(148,103,189)"},{"description":"White","count":855,"tested":8009,"deaths":0,"color":"rgb(31,119,180)"}],"gender":[{"description":"Female","count":796,"tested":9883,"deaths":0,"color":"rgb(255,127,14)"},{"description":"Male","count":625,"tested":6202,"deaths":0,"color":"rgb(31,119,180)"},{"description":"Unknown/Left Blank","count":114,"tested":984,"deaths":0,"color":"rgb(44,160,44)"}]}}]}
