{"lastUpdatedDate":{"year":2021,"month":7,"day":28},"county_demographics":[{"County":"Edgar","confirmed_cases":1798,"total_tested":17609,"demographics":{"age":[{"race":[],"age_group":"<20","count":291,"tested":1989,"deaths":0},{"race":[],"age_group":"20-29   ","count":232,"tested":2585,"deaths":0},{"race":[],"age_group":"30-39   ","count":231,"tested":2149,"deaths":0},{"race":[],"age_group":"40-49   ","count":257,"tested":2502,"deaths":0},{"race":[],"age_group":"50-59   ","count":240,"tested":2278,"deaths":0},{"race":[],"age_group":"60-69   ","count":233,"tested":2265,"deaths":0},{"race":[],"age_group":"70-79   ","count":165,"tested":1596,"deaths":0},{"race":[],"age_group":"80+","count":149,"tested":2194,"deaths":0},{"race":[],"age_group":"Unknown","count":0,"tested":51,"deaths":0}],"race":[{"description":"AI/AN**","count":0,"tested":0,"deaths":0,"color":"rgb(31,119,180)"},{"description":"Asian","count":0,"tested":9,"deaths":0,"color":"rgb(140,86,75)"},{"description":"Black","count":0,"tested":105,"deaths":0,"color":"rgb(255,127,14)"},{"description":"Hispanic","count":0,"tested":56,"deaths":0,"color":"rgb(214,39,40)"},{"description":"Left Blank","count":159,"tested":7661,"deaths":0,"color":"rgb(44,160,44)"},{"description":"NH/PI*","count":0,"tested":0,"deaths":0,"color":"rgb(127,127,127)"},{"description":"Other","count":0,"tested":120,"deaths":0,"color":"rgb(148,103,189)"},{"description":"White","count":1625,"tested":9650,"deaths":0,"color":"rgb(31,119,180)"}],"gender":[{"description":"Female","count":637,"tested":10943,"deaths":0,"color":"rgb(255,127,14)"},{"description":"Male","count":498,"tested":5462,"deaths":0,"color":"rgb(31,119,180)"},{"description":"Unknown/Left Blank","count":663,"tested":1204,"deaths":0,"color":"rgb(44,160,44)"}]}}]}
