{"lastUpdatedDate":{"year":2021,"month":7,"day":28},"county_demographics":[{"County":"Crawford","confirmed_cases":2190,"total_tested":39903,"demographics":{"age":[{"race":[],"age_group":"<20","count":328,"tested":3987,"deaths":0},{"race":[],"age_group":"20-29   ","count":310,"tested":5454,"deaths":0},{"race":[],"age_group":"30-39   ","count":343,"tested":8348,"deaths":0},{"race":[],"age_group":"40-49   ","count":304,"tested":7077,"deaths":0},{"race":[],"age_group":"50-59   ","count":323,"tested":5939,"deaths":0},{"race":[],"age_group":"60-69   ","count":246,"tested":3334,"deaths":0},{"race":[],"age_group":"70-79   ","count":202,"tested":1850,"deaths":0},{"race":[],"age_group":"80+","count":134,"tested":1684,"deaths":0},{"race":[],"age_group":"Unknown","count":0,"tested":2230,"deaths":0}],"race":[{"description":"AI/AN**","count":0,"tested":0,"deaths":0,"color":"rgb(31,119,180)"},{"description":"Asian","count":0,"tested":49,"deaths":0,"color":"rgb(140,86,75)"},{"description":"Black","count":157,"tested":509,"deaths":0,"color":"rgb(255,127,14)"},{"description":"Hispanic","count":39,"tested":145,"deaths":0,"color":"rgb(214,39,40)"},{"description":"Left Blank","count":205,"tested":22153,"deaths":0,"color":"rgb(44,160,44)"},{"description":"NH/PI*","count":0,"tested":0,"deaths":0,"color":"rgb(127,127,127)"},{"description":"Other","count":25,"tested":574,"deaths":0,"color":"rgb(148,103,189)"},{"description":"White","count":1749,"tested":16468,"deaths":0,"color":"rgb(31,119,180)"}],"gender":[{"description":"Female","count":1048,"tested":14127,"deaths":0,"color":"rgb(255,127,14)"},{"description":"Male","count":1102,"tested":13675,"deaths":0,"color":"rgb(31,119,180)"},{"description":"Unknown/Left Blank","count":40,"tested":12101,"deaths":0,"color":"rgb(44,160,44)"}]}}]}
