{"lastUpdatedDate":{"year":2021,"month":7,"day":28},"county_demographics":[{"County":"Edwards","confirmed_cases":636,"total_tested":5303,"demographics":{"age":[{"race":[],"age_group":"<20","count":91,"tested":958,"deaths":0},{"race":[],"age_group":"20-29   ","count":80,"tested":745,"deaths":0},{"race":[],"age_group":"30-39   ","count":76,"tested":685,"deaths":0},{"race":[],"age_group":"40-49   ","count":91,"tested":809,"deaths":0},{"race":[],"age_group":"50-59   ","count":104,"tested":856,"deaths":0},{"race":[],"age_group":"60-69   ","count":89,"tested":654,"deaths":0},{"race":[],"age_group":"70-79   ","count":72,"tested":370,"deaths":0},{"race":[],"age_group":"80+","count":30,"tested":225,"deaths":0},{"race":[],"age_group":"Unknown","count":0,"tested":0,"deaths":0}],"race":[{"description":"Asian","count":0,"tested":7,"deaths":0,"color":"rgb(140,86,75)"},{"description":"Black","count":0,"tested":11,"deaths":0,"color":"rgb(255,127,14)"},{"description":"Hispanic","count":0,"tested":10,"deaths":0,"color":"rgb(214,39,40)"},{"description":"Left Blank","count":59,"tested":1231,"deaths":0,"color":"rgb(44,160,44)"},{"description":"NH/PI*","count":0,"tested":0,"deaths":0,"color":"rgb(127,127,127)"},{"description":"Other","count":0,"tested":11,"deaths":0,"color":"rgb(148,103,189)"},{"description":"White","count":573,"tested":4032,"deaths":0,"color":"rgb(31,119,180)"}],"gender":[{"description":"Female","count":341,"tested":3414,"deaths":0,"color":"rgb(255,127,14)"},{"description":"Male","count":288,"tested":1675,"deaths":0,"color":"rgb(31,119,180)"},{"description":"Unknown/Left Blank","count":7,"tested":214,"deaths":0,"color":"rgb(44,160,44)"}]}}]}
