{"lastUpdatedDate":{"year":2021,"month":7,"day":28},"county_demographics":[{"County":"Jefferson","confirmed_cases":4668,"total_tested":63899,"demographics":{"age":[{"race":[],"age_group":"<20","count":568,"tested":5120,"deaths":0},{"race":[],"age_group":"20-29   ","count":645,"tested":9602,"deaths":0},{"race":[],"age_group":"30-39   ","count":683,"tested":11661,"deaths":0},{"race":[],"age_group":"40-49   ","count":672,"tested":11324,"deaths":0},{"race":[],"age_group":"50-59   ","count":726,"tested":10101,"deaths":0},{"race":[],"age_group":"60-69   ","count":607,"tested":6583,"deaths":0},{"race":[],"age_group":"70-79   ","count":423,"tested":4472,"deaths":0},{"race":[],"age_group":"80+","count":342,"tested":4570,"deaths":0},{"race":[],"age_group":"Unknown","count":0,"tested":466,"deaths":0}],"race":[{"description":"AI/AN**","count":0,"tested":25,"deaths":0,"color":"rgb(31,119,180)"},{"description":"Asian","count":17,"tested":166,"deaths":0,"color":"rgb(140,86,75)"},{"description":"Black","count":203,"tested":2398,"deaths":0,"color":"rgb(255,127,14)"},{"description":"Hispanic","count":102,"tested":695,"deaths":0,"color":"rgb(214,39,40)"},{"description":"Left Blank","count":1823,"tested":33902,"deaths":0,"color":"rgb(44,160,44)"},{"description":"NH/PI*","count":0,"tested":29,"deaths":0,"color":"rgb(127,127,127)"},{"description":"Other","count":73,"tested":1686,"deaths":0,"color":"rgb(148,103,189)"},{"description":"White","count":2443,"tested":24998,"deaths":0,"color":"rgb(31,119,180)"}],"gender":[{"description":"Female","count":2334,"tested":28205,"deaths":0,"color":"rgb(255,127,14)"},{"description":"Male","count":2142,"tested":22921,"deaths":0,"color":"rgb(31,119,180)"},{"description":"Unknown/Left Blank","count":190,"tested":12773,"deaths":0,"color":"rgb(44,160,44)"}]}}]}
