{"lastUpdatedDate":{"year":2021,"month":7,"day":28},"county_demographics":[{"County":"Brown","confirmed_cases":811,"total_tested":30513,"demographics":{"age":[{"race":[],"age_group":"<20","count":129,"tested":1032,"deaths":0},{"race":[],"age_group":"20-29   ","count":134,"tested":6474,"deaths":0},{"race":[],"age_group":"30-39   ","count":166,"tested":6813,"deaths":0},{"race":[],"age_group":"40-49   ","count":125,"tested":6249,"deaths":0},{"race":[],"age_group":"50-59   ","count":101,"tested":3758,"deaths":0},{"race":[],"age_group":"60-69   ","count":90,"tested":2089,"deaths":0},{"race":[],"age_group":"70-79   ","count":22,"tested":651,"deaths":0},{"race":[],"age_group":"80+","count":36,"tested":603,"deaths":0},{"race":[],"age_group":"Unknown","count":0,"tested":2844,"deaths":0}],"race":[{"description":"AI/AN**","count":0,"tested":0,"deaths":0,"color":"rgb(31,119,180)"},{"description":"Asian","count":0,"tested":6,"deaths":0,"color":"rgb(140,86,75)"},{"description":"Black","count":119,"tested":393,"deaths":0,"color":"rgb(255,127,14)"},{"description":"Hispanic","count":18,"tested":76,"deaths":0,"color":"rgb(214,39,40)"},{"description":"Left Blank","count":154,"tested":25167,"deaths":0,"color":"rgb(44,160,44)"},{"description":"Other","count":0,"tested":54,"deaths":0,"color":"rgb(148,103,189)"},{"description":"White","count":514,"tested":4815,"deaths":0,"color":"rgb(31,119,180)"}],"gender":[{"description":"Female","count":325,"tested":4231,"deaths":0,"color":"rgb(255,127,14)"},{"description":"Male","count":446,"tested":12144,"deaths":0,"color":"rgb(31,119,180)"},{"description":"Unknown/Left Blank","count":40,"tested":14138,"deaths":0,"color":"rgb(44,160,44)"}]}}]}
