{"lastUpdatedDate":{"year":2021,"month":7,"day":28},"county_demographics":[{"County":"Effingham","confirmed_cases":4832,"total_tested":50282,"demographics":{"age":[{"race":[],"age_group":"<20","count":751,"tested":6697,"deaths":0},{"race":[],"age_group":"20-29   ","count":701,"tested":6707,"deaths":0},{"race":[],"age_group":"30-39   ","count":692,"tested":6588,"deaths":0},{"race":[],"age_group":"40-49   ","count":640,"tested":5504,"deaths":0},{"race":[],"age_group":"50-59   ","count":734,"tested":6730,"deaths":0},{"race":[],"age_group":"60-69   ","count":671,"tested":7175,"deaths":0},{"race":[],"age_group":"70-79   ","count":369,"tested":5413,"deaths":0},{"race":[],"age_group":"80+","count":274,"tested":5439,"deaths":0},{"race":[],"age_group":"Unknown","count":0,"tested":29,"deaths":0}],"race":[{"description":"AI/AN**","count":0,"tested":8,"deaths":0,"color":"rgb(31,119,180)"},{"description":"Asian","count":9,"tested":76,"deaths":0,"color":"rgb(140,86,75)"},{"description":"Black","count":7,"tested":197,"deaths":0,"color":"rgb(255,127,14)"},{"description":"Hispanic","count":48,"tested":229,"deaths":0,"color":"rgb(214,39,40)"},{"description":"Left Blank","count":2293,"tested":23279,"deaths":0,"color":"rgb(44,160,44)"},{"description":"NH/PI*","count":0,"tested":11,"deaths":0,"color":"rgb(127,127,127)"},{"description":"Other","count":115,"tested":2107,"deaths":0,"color":"rgb(148,103,189)"},{"description":"White","count":2352,"tested":24375,"deaths":0,"color":"rgb(31,119,180)"}],"gender":[{"description":"Female","count":2615,"tested":30591,"deaths":0,"color":"rgb(255,127,14)"},{"description":"Male","count":2087,"tested":18605,"deaths":0,"color":"rgb(31,119,180)"},{"description":"Unknown/Left Blank","count":130,"tested":1086,"deaths":0,"color":"rgb(44,160,44)"}]}}]}
