{"lastUpdatedDate":{"year":2021,"month":3,"day":15},"county_demographics":[{"County":"Grundy","confirmed_cases":5282,"total_tested":49222,"demographics":{"age":[{"race":[],"age_group":"<20","count":902,"tested":7863,"deaths":0},{"race":[],"age_group":"20-29   ","count":898,"tested":7981,"deaths":0},{"race":[],"age_group":"30-39   ","count":849,"tested":7021,"deaths":0},{"race":[],"age_group":"40-49   ","count":886,"tested":7110,"deaths":0},{"race":[],"age_group":"50-59   ","count":804,"tested":7089,"deaths":0},{"race":[],"age_group":"60-69   ","count":499,"tested":5053,"deaths":0},{"race":[],"age_group":"70-79   ","count":270,"tested":3354,"deaths":0},{"race":[],"age_group":"80+","count":172,"tested":3626,"deaths":0},{"race":[],"age_group":"Unknown","count":0,"tested":125,"deaths":0}],"race":[{"description":"AI/AN**","count":0,"tested":31,"deaths":0,"color":"rgb(31,119,180)"},{"description":"Asian","count":18,"tested":183,"deaths":0,"color":"rgb(140,86,75)"},{"description":"Black","count":46,"tested":590,"deaths":0,"color":"rgb(255,127,14)"},{"description":"Hispanic","count":314,"tested":1712,"deaths":0,"color":"rgb(214,39,40)"},{"description":"Left Blank","count":1377,"tested":14969,"deaths":0,"color":"rgb(44,160,44)"},{"description":"NH/PI*","count":0,"tested":11,"deaths":0,"color":"rgb(127,127,127)"},{"description":"Other","count":389,"tested":2406,"deaths":0,"color":"rgb(148,103,189)"},{"description":"White","count":3132,"tested":29320,"deaths":0,"color":"rgb(31,119,180)"}],"gender":[{"description":"Female","count":2694,"tested":28389,"deaths":0,"color":"rgb(255,127,14)"},{"description":"Male","count":2541,"tested":19329,"deaths":0,"color":"rgb(31,119,180)"},{"description":"Unknown/Left Blank","count":43,"tested":1504,"deaths":0,"color":"rgb(44,160,44)"}]}}]}
