{"lastUpdatedDate":{"year":2021,"month":3,"day":15},"county_demographics":[{"County":"Iroquois","confirmed_cases":2802,"total_tested":42711,"demographics":{"age":[{"race":[],"age_group":"<20","count":446,"tested":5647,"deaths":0},{"race":[],"age_group":"20-29   ","count":409,"tested":5371,"deaths":0},{"race":[],"age_group":"30-39   ","count":358,"tested":5343,"deaths":0},{"race":[],"age_group":"40-49   ","count":369,"tested":4417,"deaths":0},{"race":[],"age_group":"50-59   ","count":417,"tested":5850,"deaths":0},{"race":[],"age_group":"60-69   ","count":380,"tested":5486,"deaths":0},{"race":[],"age_group":"70-79   ","count":240,"tested":4047,"deaths":0},{"race":[],"age_group":"80+","count":183,"tested":6541,"deaths":0},{"race":[],"age_group":"Unknown","count":0,"tested":9,"deaths":0}],"race":[{"description":"AI/AN**","count":0,"tested":9,"deaths":0,"color":"rgb(31,119,180)"},{"description":"Asian","count":0,"tested":63,"deaths":0,"color":"rgb(140,86,75)"},{"description":"Black","count":32,"tested":368,"deaths":0,"color":"rgb(255,127,14)"},{"description":"Hispanic","count":232,"tested":1200,"deaths":0,"color":"rgb(214,39,40)"},{"description":"Left Blank","count":376,"tested":13858,"deaths":0,"color":"rgb(44,160,44)"},{"description":"NH/PI*","count":0,"tested":6,"deaths":0,"color":"rgb(127,127,127)"},{"description":"Other","count":65,"tested":670,"deaths":0,"color":"rgb(148,103,189)"},{"description":"White","count":2090,"tested":26537,"deaths":0,"color":"rgb(31,119,180)"}],"gender":[{"description":"Female","count":1483,"tested":27680,"deaths":0,"color":"rgb(255,127,14)"},{"description":"Male","count":1238,"tested":14344,"deaths":0,"color":"rgb(31,119,180)"},{"description":"Unknown/Left Blank","count":81,"tested":687,"deaths":0,"color":"rgb(44,160,44)"}]}}]}
