{"lastUpdatedDate":{"year":2021,"month":1,"day":20},"county_demographics":[{"County":"Fulton","confirmed_cases":2575,"total_tested":51660,"demographics":{"age":[{"race":[],"age_group":"<20","count":417,"tested":4893,"deaths":0},{"race":[],"age_group":"20-29   ","count":417,"tested":7380,"deaths":0},{"race":[],"age_group":"30-39   ","count":347,"tested":7797,"deaths":0},{"race":[],"age_group":"40-49   ","count":396,"tested":7395,"deaths":0},{"race":[],"age_group":"50-59   ","count":350,"tested":7675,"deaths":0},{"race":[],"age_group":"60-69   ","count":297,"tested":5549,"deaths":0},{"race":[],"age_group":"70-79   ","count":183,"tested":3171,"deaths":0},{"race":[],"age_group":"80+","count":151,"tested":3623,"deaths":0},{"race":[],"age_group":"Unknown","count":0,"tested":4177,"deaths":0}],"race":[{"description":"AI/AN**","count":0,"tested":13,"deaths":0,"color":"rgb(31,119,180)"},{"description":"Asian","count":0,"tested":21,"deaths":0,"color":"rgb(140,86,75)"},{"description":"Black","count":92,"tested":505,"deaths":0,"color":"rgb(255,127,14)"},{"description":"Hispanic","count":40,"tested":150,"deaths":0,"color":"rgb(214,39,40)"},{"description":"Left Blank","count":1797,"tested":40873,"deaths":0,"color":"rgb(44,160,44)"},{"description":"NH/PI*","count":0,"tested":0,"deaths":0,"color":"rgb(127,127,127)"},{"description":"Other","count":19,"tested":211,"deaths":0,"color":"rgb(148,103,189)"},{"description":"White","count":622,"tested":9885,"deaths":0,"color":"rgb(31,119,180)"}],"gender":[{"description":"Female","count":1292,"tested":27112,"deaths":0,"color":"rgb(255,127,14)"},{"description":"Male","count":1203,"tested":15850,"deaths":0,"color":"rgb(31,119,180)"},{"description":"Unknown/Left Blank","count":75,"tested":8698,"deaths":0,"color":"rgb(44,160,44)"}]}}]}
