{"lastUpdatedDate":{"year":2021,"month":1,"day":20},"county_demographics":[{"County":"Douglas","confirmed_cases":2007,"total_tested":22221,"demographics":{"age":[{"race":[],"age_group":"<20","count":399,"tested":4398,"deaths":0},{"race":[],"age_group":"20-29   ","count":292,"tested":3387,"deaths":0},{"race":[],"age_group":"30-39   ","count":277,"tested":2820,"deaths":0},{"race":[],"age_group":"40-49   ","count":293,"tested":2967,"deaths":0},{"race":[],"age_group":"50-59   ","count":268,"tested":2453,"deaths":0},{"race":[],"age_group":"60-69   ","count":239,"tested":2854,"deaths":0},{"race":[],"age_group":"70-79   ","count":108,"tested":1607,"deaths":0},{"race":[],"age_group":"80+","count":111,"tested":1728,"deaths":0},{"race":[],"age_group":"Unknown","count":0,"tested":7,"deaths":0}],"race":[{"description":"AI/AN**","count":0,"tested":12,"deaths":0,"color":"rgb(31,119,180)"},{"description":"Asian","count":8,"tested":65,"deaths":0,"color":"rgb(140,86,75)"},{"description":"Black","count":6,"tested":135,"deaths":0,"color":"rgb(255,127,14)"},{"description":"Hispanic","count":275,"tested":1215,"deaths":0,"color":"rgb(214,39,40)"},{"description":"Left Blank","count":354,"tested":4333,"deaths":0,"color":"rgb(44,160,44)"},{"description":"NH/PI*","count":0,"tested":23,"deaths":0,"color":"rgb(127,127,127)"},{"description":"Other","count":62,"tested":596,"deaths":0,"color":"rgb(148,103,189)"},{"description":"White","count":1293,"tested":15842,"deaths":0,"color":"rgb(31,119,180)"}],"gender":[{"description":"Female","count":1003,"tested":13091,"deaths":0,"color":"rgb(255,127,14)"},{"description":"Male","count":986,"tested":8987,"deaths":0,"color":"rgb(31,119,180)"},{"description":"Unknown/Left Blank","count":15,"tested":143,"deaths":0,"color":"rgb(44,160,44)"}]}}]}
