{"lastUpdatedDate":{"year":2021,"month":1,"day":20},"county_demographics":[{"County":"McDonough","confirmed_cases":2152,"total_tested":31394,"demographics":{"age":[{"race":[],"age_group":"<20","count":351,"tested":4231,"deaths":0},{"race":[],"age_group":"20-29   ","count":630,"tested":6326,"deaths":0},{"race":[],"age_group":"30-39   ","count":256,"tested":4400,"deaths":0},{"race":[],"age_group":"40-49   ","count":225,"tested":3486,"deaths":0},{"race":[],"age_group":"50-59   ","count":197,"tested":3692,"deaths":0},{"race":[],"age_group":"60-69   ","count":222,"tested":3590,"deaths":0},{"race":[],"age_group":"70-79   ","count":144,"tested":2433,"deaths":0},{"race":[],"age_group":"80+","count":125,"tested":3228,"deaths":0},{"race":[],"age_group":"Unknown","count":0,"tested":8,"deaths":0}],"race":[{"description":"AI/AN**","count":0,"tested":25,"deaths":0,"color":"rgb(31,119,180)"},{"description":"Asian","count":34,"tested":192,"deaths":0,"color":"rgb(140,86,75)"},{"description":"Black","count":154,"tested":1304,"deaths":0,"color":"rgb(255,127,14)"},{"description":"Hispanic","count":92,"tested":399,"deaths":0,"color":"rgb(214,39,40)"},{"description":"Left Blank","count":285,"tested":11539,"deaths":0,"color":"rgb(44,160,44)"},{"description":"NH/PI*","count":0,"tested":22,"deaths":0,"color":"rgb(127,127,127)"},{"description":"Other","count":19,"tested":276,"deaths":0,"color":"rgb(148,103,189)"},{"description":"White","count":1559,"tested":17637,"deaths":0,"color":"rgb(31,119,180)"}],"gender":[{"description":"Female","count":1137,"tested":19720,"deaths":0,"color":"rgb(255,127,14)"},{"description":"Male","count":978,"tested":10837,"deaths":0,"color":"rgb(31,119,180)"},{"description":"Unknown/Left Blank","count":37,"tested":837,"deaths":0,"color":"rgb(44,160,44)"}]}}]}
