{"lastUpdatedDate":{"year":2021,"month":1,"day":20},"county_demographics":[{"County":"Kendall","confirmed_cases":9768,"total_tested":91142,"demographics":{"age":[{"race":[],"age_group":"<20","count":1686,"tested":14978,"deaths":0},{"race":[],"age_group":"20-29   ","count":1726,"tested":15114,"deaths":0},{"race":[],"age_group":"30-39   ","count":1772,"tested":15737,"deaths":0},{"race":[],"age_group":"40-49   ","count":1883,"tested":15695,"deaths":0},{"race":[],"age_group":"50-59   ","count":1422,"tested":12893,"deaths":0},{"race":[],"age_group":"60-69   ","count":717,"tested":8195,"deaths":0},{"race":[],"age_group":"70-79   ","count":357,"tested":4841,"deaths":0},{"race":[],"age_group":"80+","count":198,"tested":3663,"deaths":0},{"race":[],"age_group":"Unknown","count":0,"tested":26,"deaths":0}],"race":[{"description":"AI/AN**","count":9,"tested":71,"deaths":0,"color":"rgb(31,119,180)"},{"description":"Asian","count":149,"tested":1551,"deaths":0,"color":"rgb(140,86,75)"},{"description":"Black","count":540,"tested":4646,"deaths":0,"color":"rgb(255,127,14)"},{"description":"Hispanic","count":2196,"tested":10147,"deaths":0,"color":"rgb(214,39,40)"},{"description":"Left Blank","count":2759,"tested":37389,"deaths":0,"color":"rgb(44,160,44)"},{"description":"NH/PI*","count":0,"tested":53,"deaths":0,"color":"rgb(127,127,127)"},{"description":"Other","count":258,"tested":3019,"deaths":0,"color":"rgb(148,103,189)"},{"description":"White","count":3851,"tested":34266,"deaths":0,"color":"rgb(31,119,180)"}],"gender":[{"description":"Female","count":5143,"tested":52315,"deaths":0,"color":"rgb(255,127,14)"},{"description":"Male","count":4588,"tested":37327,"deaths":0,"color":"rgb(31,119,180)"},{"description":"Unknown/Left Blank","count":37,"tested":1500,"deaths":0,"color":"rgb(44,160,44)"}]}}]}
