{"lastUpdatedDate":{"year":2021,"month":4,"day":15},"county_demographics":[{"County":"Adams","confirmed_cases":8155,"total_tested":143655,"demographics":{"age":[{"race":[],"age_group":"<20","count":1296,"tested":17607,"deaths":0},{"race":[],"age_group":"20-29   ","count":1251,"tested":20003,"deaths":0},{"race":[],"age_group":"30-39   ","count":1130,"tested":19955,"deaths":0},{"race":[],"age_group":"40-49   ","count":1009,"tested":17622,"deaths":0},{"race":[],"age_group":"50-59   ","count":1189,"tested":22114,"deaths":0},{"race":[],"age_group":"60-69   ","count":1044,"tested":16025,"deaths":0},{"race":[],"age_group":"70-79   ","count":687,"tested":12853,"deaths":0},{"race":[],"age_group":"80+","count":546,"tested":17442,"deaths":0},{"race":[],"age_group":"Unknown","count":0,"tested":34,"deaths":0}],"race":[{"description":"AI/AN**","count":0,"tested":62,"deaths":0,"color":"rgb(31,119,180)"},{"description":"Asian","count":0,"tested":258,"deaths":0,"color":"rgb(140,86,75)"},{"description":"Black","count":121,"tested":2576,"deaths":0,"color":"rgb(255,127,14)"},{"description":"Hispanic","count":24,"tested":440,"deaths":0,"color":"rgb(214,39,40)"},{"description":"Left Blank","count":5882,"tested":99047,"deaths":0,"color":"rgb(44,160,44)"},{"description":"NH/PI*","count":0,"tested":60,"deaths":0,"color":"rgb(127,127,127)"},{"description":"Other","count":7,"tested":368,"deaths":0,"color":"rgb(148,103,189)"},{"description":"White","count":2107,"tested":40844,"deaths":0,"color":"rgb(31,119,180)"}],"gender":[{"description":"Female","count":4068,"tested":78838,"deaths":0,"color":"rgb(255,127,14)"},{"description":"Male","count":3385,"tested":51854,"deaths":0,"color":"rgb(31,119,180)"},{"description":"Unknown/Left Blank","count":702,"tested":12963,"deaths":0,"color":"rgb(44,160,44)"}]}}]}
