{"lastUpdatedDate":{"year":2021,"month":4,"day":15},"county_demographics":[{"County":"Woodford","confirmed_cases":4356,"total_tested":66146,"demographics":{"age":[{"race":[],"age_group":"<20","count":868,"tested":11560,"deaths":0},{"race":[],"age_group":"20-29   ","count":572,"tested":8679,"deaths":0},{"race":[],"age_group":"30-39   ","count":606,"tested":8274,"deaths":0},{"race":[],"age_group":"40-49   ","count":614,"tested":8199,"deaths":0},{"race":[],"age_group":"50-59   ","count":664,"tested":8638,"deaths":0},{"race":[],"age_group":"60-69   ","count":524,"tested":7237,"deaths":0},{"race":[],"age_group":"70-79   ","count":267,"tested":4630,"deaths":0},{"race":[],"age_group":"80+","count":241,"tested":8900,"deaths":0},{"race":[],"age_group":"Unknown","count":0,"tested":29,"deaths":0}],"race":[{"description":"AI/AN**","count":0,"tested":50,"deaths":0,"color":"rgb(31,119,180)"},{"description":"Asian","count":10,"tested":217,"deaths":0,"color":"rgb(140,86,75)"},{"description":"Black","count":20,"tested":481,"deaths":0,"color":"rgb(255,127,14)"},{"description":"Hispanic","count":23,"tested":332,"deaths":0,"color":"rgb(214,39,40)"},{"description":"Left Blank","count":1695,"tested":26868,"deaths":0,"color":"rgb(44,160,44)"},{"description":"NH/PI*","count":0,"tested":13,"deaths":0,"color":"rgb(127,127,127)"},{"description":"Other","count":80,"tested":1376,"deaths":0,"color":"rgb(148,103,189)"},{"description":"White","count":2523,"tested":36809,"deaths":0,"color":"rgb(31,119,180)"}],"gender":[{"description":"Female","count":2207,"tested":40916,"deaths":0,"color":"rgb(255,127,14)"},{"description":"Male","count":2063,"tested":22894,"deaths":0,"color":"rgb(31,119,180)"},{"description":"Unknown/Left Blank","count":86,"tested":2336,"deaths":0,"color":"rgb(44,160,44)"}]}}]}
