{"lastUpdatedDate":{"year":2021,"month":4,"day":15},"county_demographics":[{"County":"Cumberland","confirmed_cases":1279,"total_tested":12025,"demographics":{"age":[{"race":[],"age_group":"<20","count":201,"tested":1735,"deaths":0},{"race":[],"age_group":"20-29   ","count":177,"tested":1618,"deaths":0},{"race":[],"age_group":"30-39   ","count":168,"tested":1625,"deaths":0},{"race":[],"age_group":"40-49   ","count":166,"tested":1775,"deaths":0},{"race":[],"age_group":"50-59   ","count":196,"tested":1553,"deaths":0},{"race":[],"age_group":"60-69   ","count":163,"tested":1555,"deaths":0},{"race":[],"age_group":"70-79   ","count":100,"tested":869,"deaths":0},{"race":[],"age_group":"80+","count":108,"tested":1294,"deaths":0},{"race":[],"age_group":"Unknown","count":0,"tested":0,"deaths":0}],"race":[{"description":"AI/AN**","count":0,"tested":0,"deaths":0,"color":"rgb(31,119,180)"},{"description":"Asian","count":0,"tested":11,"deaths":0,"color":"rgb(140,86,75)"},{"description":"Black","count":0,"tested":28,"deaths":0,"color":"rgb(255,127,14)"},{"description":"Hispanic","count":0,"tested":56,"deaths":0,"color":"rgb(214,39,40)"},{"description":"Left Blank","count":289,"tested":2460,"deaths":0,"color":"rgb(44,160,44)"},{"description":"NH/PI*","count":0,"tested":0,"deaths":0,"color":"rgb(127,127,127)"},{"description":"Other","count":17,"tested":346,"deaths":0,"color":"rgb(148,103,189)"},{"description":"White","count":965,"tested":9119,"deaths":0,"color":"rgb(31,119,180)"}],"gender":[{"description":"Female","count":666,"tested":7601,"deaths":0,"color":"rgb(255,127,14)"},{"description":"Male","count":598,"tested":4189,"deaths":0,"color":"rgb(31,119,180)"},{"description":"Unknown/Left Blank","count":15,"tested":235,"deaths":0,"color":"rgb(44,160,44)"}]}}]}
