{"lastUpdatedDate":{"year":2021,"month":4,"day":15},"county_demographics":[{"County":"Jersey","confirmed_cases":2607,"total_tested":30401,"demographics":{"age":[{"race":[],"age_group":"<20","count":391,"tested":3413,"deaths":0},{"race":[],"age_group":"20-29   ","count":334,"tested":4809,"deaths":0},{"race":[],"age_group":"30-39   ","count":333,"tested":3990,"deaths":0},{"race":[],"age_group":"40-49   ","count":339,"tested":4430,"deaths":0},{"race":[],"age_group":"50-59   ","count":389,"tested":4482,"deaths":0},{"race":[],"age_group":"60-69   ","count":359,"tested":3480,"deaths":0},{"race":[],"age_group":"70-79   ","count":234,"tested":2220,"deaths":0},{"race":[],"age_group":"80+","count":200,"tested":3565,"deaths":0},{"race":[],"age_group":"Unknown","count":28,"tested":12,"deaths":0}],"race":[{"description":"AI/AN**","count":0,"tested":9,"deaths":0,"color":"rgb(31,119,180)"},{"description":"Asian","count":0,"tested":17,"deaths":0,"color":"rgb(140,86,75)"},{"description":"Black","count":12,"tested":400,"deaths":0,"color":"rgb(255,127,14)"},{"description":"Hispanic","count":0,"tested":93,"deaths":0,"color":"rgb(214,39,40)"},{"description":"Left Blank","count":482,"tested":9423,"deaths":0,"color":"rgb(44,160,44)"},{"description":"NH/PI*","count":0,"tested":0,"deaths":0,"color":"rgb(127,127,127)"},{"description":"Other","count":29,"tested":391,"deaths":0,"color":"rgb(148,103,189)"},{"description":"White","count":2069,"tested":20066,"deaths":0,"color":"rgb(31,119,180)"}],"gender":[{"description":"Female","count":1445,"tested":20054,"deaths":0,"color":"rgb(255,127,14)"},{"description":"Male","count":1146,"tested":10199,"deaths":0,"color":"rgb(31,119,180)"},{"description":"Unknown/Left Blank","count":13,"tested":148,"deaths":0,"color":"rgb(44,160,44)"}]}}]}
