{"lastUpdatedDate":{"year":2021,"month":1,"day":30},"county_demographics":[{"County":"Livingston","confirmed_cases":3920,"total_tested":64018,"demographics":{"age":[{"race":[],"age_group":"<20","count":513,"tested":5976,"deaths":0},{"race":[],"age_group":"20-29   ","count":598,"tested":8514,"deaths":0},{"race":[],"age_group":"30-39   ","count":652,"tested":9744,"deaths":0},{"race":[],"age_group":"40-49   ","count":582,"tested":8205,"deaths":0},{"race":[],"age_group":"50-59   ","count":579,"tested":9590,"deaths":0},{"race":[],"age_group":"60-69   ","count":449,"tested":6922,"deaths":0},{"race":[],"age_group":"70-79   ","count":261,"tested":3998,"deaths":0},{"race":[],"age_group":"80+","count":281,"tested":8039,"deaths":0},{"race":[],"age_group":"Unknown","count":0,"tested":3030,"deaths":0}],"race":[{"description":"AI/AN**","count":0,"tested":21,"deaths":0,"color":"rgb(31,119,180)"},{"description":"Asian","count":0,"tested":80,"deaths":0,"color":"rgb(140,86,75)"},{"description":"Black","count":89,"tested":817,"deaths":0,"color":"rgb(255,127,14)"},{"description":"Hispanic","count":100,"tested":756,"deaths":0,"color":"rgb(214,39,40)"},{"description":"Left Blank","count":986,"tested":35894,"deaths":0,"color":"rgb(44,160,44)"},{"description":"NH/PI*","count":0,"tested":9,"deaths":0,"color":"rgb(127,127,127)"},{"description":"Other","count":95,"tested":875,"deaths":0,"color":"rgb(148,103,189)"},{"description":"White","count":2641,"tested":25566,"deaths":0,"color":"rgb(31,119,180)"}],"gender":[{"description":"Female","count":1983,"tested":33728,"deaths":0,"color":"rgb(255,127,14)"},{"description":"Male","count":1863,"tested":18007,"deaths":0,"color":"rgb(31,119,180)"},{"description":"Unknown/Left Blank","count":74,"tested":12283,"deaths":0,"color":"rgb(44,160,44)"}]}}]}
