{"lastUpdatedDate":{"year":2021,"month":1,"day":30},"county_demographics":[{"County":"Monroe","confirmed_cases":3803,"total_tested":31764,"demographics":{"age":[{"race":[],"age_group":"<20","count":593,"tested":4376,"deaths":0},{"race":[],"age_group":"20-29   ","count":509,"tested":3903,"deaths":0},{"race":[],"age_group":"30-39   ","count":535,"tested":4142,"deaths":0},{"race":[],"age_group":"40-49   ","count":575,"tested":3670,"deaths":0},{"race":[],"age_group":"50-59   ","count":657,"tested":4502,"deaths":0},{"race":[],"age_group":"60-69   ","count":477,"tested":3816,"deaths":0},{"race":[],"age_group":"70-79   ","count":208,"tested":2146,"deaths":0},{"race":[],"age_group":"80+","count":241,"tested":5181,"deaths":0},{"race":[],"age_group":"Unknown","count":0,"tested":28,"deaths":0}],"race":[{"description":"AI/AN**","count":0,"tested":8,"deaths":0,"color":"rgb(31,119,180)"},{"description":"Asian","count":0,"tested":59,"deaths":0,"color":"rgb(140,86,75)"},{"description":"Black","count":10,"tested":456,"deaths":0,"color":"rgb(255,127,14)"},{"description":"Hispanic","count":22,"tested":207,"deaths":0,"color":"rgb(214,39,40)"},{"description":"Left Blank","count":2030,"tested":14729,"deaths":0,"color":"rgb(44,160,44)"},{"description":"NH/PI*","count":0,"tested":0,"deaths":0,"color":"rgb(127,127,127)"},{"description":"Other","count":22,"tested":225,"deaths":0,"color":"rgb(148,103,189)"},{"description":"White","count":1713,"tested":16079,"deaths":0,"color":"rgb(31,119,180)"}],"gender":[{"description":"Female","count":2034,"tested":20823,"deaths":0,"color":"rgb(255,127,14)"},{"description":"Male","count":1732,"tested":10682,"deaths":0,"color":"rgb(31,119,180)"},{"description":"Unknown/Left Blank","count":36,"tested":259,"deaths":0,"color":"rgb(44,160,44)"}]}}]}
