{"lastUpdatedDate":{"year":2021,"month":1,"day":30},"county_demographics":[{"County":"Vermilion","confirmed_cases":7999,"total_tested":95465,"demographics":{"age":[{"race":[],"age_group":"<20","count":1269,"tested":12951,"deaths":0},{"race":[],"age_group":"20-29   ","count":1252,"tested":14260,"deaths":0},{"race":[],"age_group":"30-39   ","count":1262,"tested":14840,"deaths":0},{"race":[],"age_group":"40-49   ","count":1206,"tested":13130,"deaths":0},{"race":[],"age_group":"50-59   ","count":1136,"tested":12531,"deaths":0},{"race":[],"age_group":"60-69   ","count":945,"tested":11640,"deaths":0},{"race":[],"age_group":"70-79   ","count":563,"tested":7713,"deaths":0},{"race":[],"age_group":"80+","count":365,"tested":6176,"deaths":0},{"race":[],"age_group":"Unknown","count":0,"tested":2224,"deaths":0}],"race":[{"description":"AI/AN**","count":0,"tested":53,"deaths":0,"color":"rgb(31,119,180)"},{"description":"Asian","count":29,"tested":288,"deaths":0,"color":"rgb(140,86,75)"},{"description":"Black","count":1135,"tested":7469,"deaths":0,"color":"rgb(255,127,14)"},{"description":"Hispanic","count":441,"tested":2032,"deaths":0,"color":"rgb(214,39,40)"},{"description":"Left Blank","count":882,"tested":29294,"deaths":0,"color":"rgb(44,160,44)"},{"description":"NH/PI*","count":0,"tested":57,"deaths":0,"color":"rgb(127,127,127)"},{"description":"Other","count":358,"tested":2606,"deaths":0,"color":"rgb(148,103,189)"},{"description":"White","count":5144,"tested":53666,"deaths":0,"color":"rgb(31,119,180)"}],"gender":[{"description":"Female","count":3821,"tested":48290,"deaths":0,"color":"rgb(255,127,14)"},{"description":"Male","count":3954,"tested":35040,"deaths":0,"color":"rgb(31,119,180)"},{"description":"Unknown/Left Blank","count":224,"tested":12135,"deaths":0,"color":"rgb(44,160,44)"}]}}]}
