{"lastUpdatedDate":{"year":2021,"month":1,"day":30},"county_demographics":[{"County":"Warren","confirmed_cases":1621,"total_tested":13487,"demographics":{"age":[{"race":[],"age_group":"<20","count":177,"tested":1610,"deaths":0},{"race":[],"age_group":"20-29   ","count":234,"tested":2758,"deaths":0},{"race":[],"age_group":"30-39   ","count":259,"tested":2043,"deaths":0},{"race":[],"age_group":"40-49   ","count":282,"tested":1987,"deaths":0},{"race":[],"age_group":"50-59   ","count":250,"tested":1901,"deaths":0},{"race":[],"age_group":"60-69   ","count":194,"tested":1670,"deaths":0},{"race":[],"age_group":"70-79   ","count":126,"tested":936,"deaths":0},{"race":[],"age_group":"80+","count":99,"tested":580,"deaths":0},{"race":[],"age_group":"Unknown","count":0,"tested":0,"deaths":0}],"race":[{"description":"AI/AN**","count":0,"tested":0,"deaths":0,"color":"rgb(31,119,180)"},{"description":"Asian","count":18,"tested":28,"deaths":0,"color":"rgb(140,86,75)"},{"description":"Black","count":33,"tested":173,"deaths":0,"color":"rgb(255,127,14)"},{"description":"Hispanic","count":130,"tested":375,"deaths":0,"color":"rgb(214,39,40)"},{"description":"Left Blank","count":520,"tested":6802,"deaths":0,"color":"rgb(44,160,44)"},{"description":"NH/PI*","count":0,"tested":0,"deaths":0,"color":"rgb(127,127,127)"},{"description":"Other","count":13,"tested":179,"deaths":0,"color":"rgb(148,103,189)"},{"description":"White","count":903,"tested":5921,"deaths":0,"color":"rgb(31,119,180)"}],"gender":[{"description":"Female","count":835,"tested":7069,"deaths":0,"color":"rgb(255,127,14)"},{"description":"Male","count":725,"tested":5342,"deaths":0,"color":"rgb(31,119,180)"},{"description":"Unknown/Left Blank","count":61,"tested":1076,"deaths":0,"color":"rgb(44,160,44)"}]}}]}
