{"lastUpdatedDate":{"year":2021,"month":1,"day":30},"county_demographics":[{"County":"Brown","confirmed_cases":641,"total_tested":16124,"demographics":{"age":[{"race":[],"age_group":"<20","count":77,"tested":610,"deaths":0},{"race":[],"age_group":"20-29   ","count":102,"tested":2930,"deaths":0},{"race":[],"age_group":"30-39   ","count":124,"tested":3057,"deaths":0},{"race":[],"age_group":"40-49   ","count":111,"tested":2851,"deaths":0},{"race":[],"age_group":"50-59   ","count":80,"tested":1818,"deaths":0},{"race":[],"age_group":"60-69   ","count":84,"tested":1134,"deaths":0},{"race":[],"age_group":"70-79   ","count":22,"tested":391,"deaths":0},{"race":[],"age_group":"80+","count":33,"tested":489,"deaths":0},{"race":[],"age_group":"Unknown","count":0,"tested":2844,"deaths":0}],"race":[{"description":"AI/AN**","count":0,"tested":0,"deaths":0,"color":"rgb(31,119,180)"},{"description":"Asian","count":0,"tested":0,"deaths":0,"color":"rgb(140,86,75)"},{"description":"Black","count":116,"tested":310,"deaths":0,"color":"rgb(255,127,14)"},{"description":"Hispanic","count":15,"tested":62,"deaths":0,"color":"rgb(214,39,40)"},{"description":"Left Blank","count":172,"tested":12760,"deaths":0,"color":"rgb(44,160,44)"},{"description":"Other","count":0,"tested":29,"deaths":0,"color":"rgb(148,103,189)"},{"description":"White","count":335,"tested":2960,"deaths":0,"color":"rgb(31,119,180)"}],"gender":[{"description":"Female","count":234,"tested":2627,"deaths":0,"color":"rgb(255,127,14)"},{"description":"Male","count":344,"tested":3569,"deaths":0,"color":"rgb(31,119,180)"},{"description":"Unknown/Left Blank","count":63,"tested":9928,"deaths":0,"color":"rgb(44,160,44)"}]}}]}
