{"lastUpdatedDate":{"year":2021,"month":1,"day":30},"county_demographics":[{"County":"Christian","confirmed_cases":3114,"total_tested":35683,"demographics":{"age":[{"race":[],"age_group":"<20","count":310,"tested":3549,"deaths":0},{"race":[],"age_group":"20-29   ","count":467,"tested":5525,"deaths":0},{"race":[],"age_group":"30-39   ","count":464,"tested":5521,"deaths":0},{"race":[],"age_group":"40-49   ","count":510,"tested":5268,"deaths":0},{"race":[],"age_group":"50-59   ","count":538,"tested":5285,"deaths":0},{"race":[],"age_group":"60-69   ","count":371,"tested":4345,"deaths":0},{"race":[],"age_group":"70-79   ","count":235,"tested":2776,"deaths":0},{"race":[],"age_group":"80+","count":219,"tested":2803,"deaths":0},{"race":[],"age_group":"Unknown","count":0,"tested":611,"deaths":0}],"race":[{"description":"AI/AN**","count":0,"tested":19,"deaths":0,"color":"rgb(31,119,180)"},{"description":"Asian","count":0,"tested":51,"deaths":0,"color":"rgb(140,86,75)"},{"description":"Black","count":70,"tested":172,"deaths":0,"color":"rgb(255,127,14)"},{"description":"Hispanic","count":65,"tested":149,"deaths":0,"color":"rgb(214,39,40)"},{"description":"Left Blank","count":1414,"tested":19525,"deaths":0,"color":"rgb(44,160,44)"},{"description":"NH/PI*","count":0,"tested":10,"deaths":0,"color":"rgb(127,127,127)"},{"description":"Other","count":29,"tested":470,"deaths":0,"color":"rgb(148,103,189)"},{"description":"White","count":1522,"tested":15287,"deaths":0,"color":"rgb(31,119,180)"}],"gender":[{"description":"Female","count":1425,"tested":18618,"deaths":0,"color":"rgb(255,127,14)"},{"description":"Male","count":1515,"tested":11001,"deaths":0,"color":"rgb(31,119,180)"},{"description":"Unknown/Left Blank","count":174,"tested":6064,"deaths":0,"color":"rgb(44,160,44)"}]}}]}
