{"lastUpdatedDate":{"year":2021,"month":1,"day":30},"county_demographics":[{"County":"Douglas","confirmed_cases":2109,"total_tested":23596,"demographics":{"age":[{"race":[],"age_group":"<20","count":410,"tested":4712,"deaths":0},{"race":[],"age_group":"20-29   ","count":315,"tested":3582,"deaths":0},{"race":[],"age_group":"30-39   ","count":292,"tested":3003,"deaths":0},{"race":[],"age_group":"40-49   ","count":302,"tested":3134,"deaths":0},{"race":[],"age_group":"50-59   ","count":298,"tested":2621,"deaths":0},{"race":[],"age_group":"60-69   ","count":253,"tested":3025,"deaths":0},{"race":[],"age_group":"70-79   ","count":119,"tested":1708,"deaths":0},{"race":[],"age_group":"80+","count":120,"tested":1803,"deaths":0},{"race":[],"age_group":"Unknown","count":0,"tested":8,"deaths":0}],"race":[{"description":"AI/AN**","count":0,"tested":12,"deaths":0,"color":"rgb(31,119,180)"},{"description":"Asian","count":9,"tested":73,"deaths":0,"color":"rgb(140,86,75)"},{"description":"Black","count":6,"tested":138,"deaths":0,"color":"rgb(255,127,14)"},{"description":"Hispanic","count":279,"tested":1284,"deaths":0,"color":"rgb(214,39,40)"},{"description":"Left Blank","count":365,"tested":4543,"deaths":0,"color":"rgb(44,160,44)"},{"description":"NH/PI*","count":0,"tested":23,"deaths":0,"color":"rgb(127,127,127)"},{"description":"Other","count":63,"tested":621,"deaths":0,"color":"rgb(148,103,189)"},{"description":"White","count":1382,"tested":16902,"deaths":0,"color":"rgb(31,119,180)"}],"gender":[{"description":"Female","count":1055,"tested":13897,"deaths":0,"color":"rgb(255,127,14)"},{"description":"Male","count":1036,"tested":9544,"deaths":0,"color":"rgb(31,119,180)"},{"description":"Unknown/Left Blank","count":15,"tested":155,"deaths":0,"color":"rgb(44,160,44)"}]}}]}
