{"age":[{"age_group":"<20","count":60,"tested":514},{"age_group":"20-29   ","count":44,"tested":480},{"age_group":"30-39   ","count":59,"tested":792},{"age_group":"40-49   ","count":55,"tested":612},{"age_group":"50-59   ","count":65,"tested":816},{"age_group":"60-69   ","count":52,"tested":808},{"age_group":"70-79   ","count":38,"tested":738},{"age_group":"80+","count":60,"tested":1462}],"race":[{"description":"Hispanic","count":12,"tested":76,"color":"rgb(214,39,40)"},{"description":"Left Blank","count":181,"tested":2900,"color":"rgb(44,160,44)"},{"description":"White","count":235,"tested":3128,"color":"rgb(31,119,180)"}],"gender":[{"description":"Female","count":256,"tested":4153,"color":"rgb(255,127,14)"},{"description":"Male","count":176,"tested":2016,"color":"rgb(31,119,180)"}]}
