{"age":[{"age_group":"<20","count":692,"tested":6499},{"age_group":"20-29   ","count":754,"tested":9240},{"age_group":"30-39   ","count":675,"tested":8513},{"age_group":"40-49   ","count":671,"tested":7047},{"age_group":"50-59   ","count":836,"tested":9792},{"age_group":"60-69   ","count":441,"tested":6357},{"age_group":"70-79   ","count":177,"tested":3538},{"age_group":"80+","count":127,"tested":4203}],"race":[{"description":"AI/AN**","count":10,"tested":68,"color":"rgb(31,119,180)"},{"description":"NH/PI*","count":12,"tested":110,"color":"rgb(127,127,127)"},{"description":"Other","count":145,"tested":1347,"color":"rgb(148,103,189)"},{"description":"Left Blank","count":922,"tested":27551,"color":"rgb(44,160,44)"},{"description":"Hispanic","count":483,"tested":2973,"color":"rgb(214,39,40)"},{"description":"White","count":2311,"tested":17890,"color":"rgb(31,119,180)"},{"description":"Black","count":82,"tested":964,"color":"rgb(255,127,14)"},{"description":"Asian","count":408,"tested":4301,"color":"rgb(140,86,75)"}],"gender":[{"description":"Female","count":2163,"tested":32169,"color":"rgb(255,127,14)"},{"description":"Male","count":2179,"tested":21960,"color":"rgb(31,119,180)"},{"description":"Unknown/Left Blank","count":31,"tested":1075,"color":"rgb(44,160,44)"}]}
