{"age":[{"age_group":"<20","count":201,"tested":2082},{"age_group":"20-29   ","count":215,"tested":3940},{"age_group":"30-39   ","count":184,"tested":3456},{"age_group":"40-49   ","count":198,"tested":3984},{"age_group":"50-59   ","count":270,"tested":4260},{"age_group":"60-69   ","count":228,"tested":4582},{"age_group":"70-79   ","count":130,"tested":3192},{"age_group":"80+","count":152,"tested":5899}],"race":[{"description":"White","count":505,"tested":9409,"color":"rgb(31,119,180)"},{"description":"Left Blank","count":538,"tested":12566,"color":"rgb(44,160,44)"},{"description":"Other","count":42,"tested":598,"color":"rgb(148,103,189)"},{"description":"Black","count":357,"tested":7823,"color":"rgb(255,127,14)"},{"description":"Hispanic","count":128,"tested":825,"color":"rgb(214,39,40)"}],"gender":[{"description":"Female","count":857,"tested":20272,"color":"rgb(255,127,14)"},{"description":"Unknown/Left Blank","count":14,"tested":579,"color":"rgb(44,160,44)"},{"description":"Male","count":707,"tested":10548,"color":"rgb(31,119,180)"}]}
