{"age":[{"age_group":"<20","count":170,"tested":1625},{"age_group":"20-29   ","count":108,"tested":2200},{"age_group":"30-39   ","count":79,"tested":1586},{"age_group":"40-49   ","count":94,"tested":2293},{"age_group":"50-59   ","count":123,"tested":2019},{"age_group":"60-69   ","count":132,"tested":2408},{"age_group":"70-79   ","count":145,"tested":2652},{"age_group":"80+","count":138,"tested":2495}],"race":[{"description":"Black","count":13,"tested":193,"color":"rgb(255,127,14)"},{"description":"Hispanic","count":55,"tested":292,"color":"rgb(214,39,40)"},{"description":"Asian","count":140,"tested":1478,"color":"rgb(140,86,75)"},{"description":"White","count":525,"tested":5302,"color":"rgb(31,119,180)"},{"description":"Other","count":52,"tested":772,"color":"rgb(148,103,189)"},{"description":"Left Blank","count":203,"tested":9184,"color":"rgb(44,160,44)"}],"gender":[{"description":"Male","count":473,"tested":7224,"color":"rgb(31,119,180)"},{"description":"Female","count":507,"tested":9904,"color":"rgb(255,127,14)"}]}
