{"age":[{"age_group":"<20","count":99,"tested":876},{"age_group":"20-29   ","count":96,"tested":1052},{"age_group":"30-39   ","count":90,"tested":1053},{"age_group":"40-49   ","count":80,"tested":854},{"age_group":"50-59   ","count":55,"tested":664},{"age_group":"60-69   ","count":24,"tested":418},{"age_group":"70-79   ","count":8,"tested":170}],"race":[{"description":"White","count":204,"tested":2070,"color":"rgb(31,119,180)"},{"description":"Other","count":7,"tested":131,"color":"rgb(148,103,189)"},{"description":"Left Blank","count":108,"tested":2127,"color":"rgb(44,160,44)"},{"description":"Black","count":35,"tested":248,"color":"rgb(255,127,14)"},{"description":"Hispanic","count":98,"tested":489,"color":"rgb(214,39,40)"}],"gender":[{"description":"Female","count":240,"tested":2969,"color":"rgb(255,127,14)"},{"description":"Male","count":215,"tested":2083,"color":"rgb(31,119,180)"}]}
