{"age":[{"age_group":"<20","count":468,"tested":3928},{"age_group":"20-29   ","count":534,"tested":6295},{"age_group":"30-39   ","count":451,"tested":5430},{"age_group":"40-49   ","count":493,"tested":5358},{"age_group":"50-59   ","count":409,"tested":5981},{"age_group":"60-69   ","count":256,"tested":4509},{"age_group":"70-79   ","count":156,"tested":2228},{"age_group":"80+","count":92,"tested":1028}],"race":[{"description":"Hispanic","count":584,"tested":2798,"color":"rgb(214,39,40)"},{"description":"AI/AN**","count":13,"tested":61,"color":"rgb(31,119,180)"},{"description":"Left Blank","count":988,"tested":12467,"color":"rgb(44,160,44)"},{"description":"Other","count":93,"tested":688,"color":"rgb(148,103,189)"},{"description":"Black","count":1100,"tested":17100,"color":"rgb(255,127,14)"},{"description":"Asian","count":23,"tested":246,"color":"rgb(140,86,75)"},{"description":"White","count":58,"tested":1394,"color":"rgb(31,119,180)"}],"gender":[{"description":"Female","count":1494,"tested":19965,"color":"rgb(255,127,14)"},{"description":"Male","count":1349,"tested":14167,"color":"rgb(31,119,180)"},{"description":"Unknown/Left Blank","count":16,"tested":645,"color":"rgb(44,160,44)"}]}
