{"age":[{"age_group":"<20","count":599,"tested":6430},{"age_group":"20-29   ","count":710,"tested":7246},{"age_group":"30-39   ","count":585,"tested":6564},{"age_group":"40-49   ","count":579,"tested":5625},{"age_group":"50-59   ","count":580,"tested":6629},{"age_group":"60-69   ","count":367,"tested":5707},{"age_group":"70-79   ","count":136,"tested":3051},{"age_group":"80+","count":98,"tested":2202}],"race":[{"description":"Hispanic","count":1269,"tested":6950,"color":"rgb(214,39,40)"},{"description":"Left Blank","count":888,"tested":14710,"color":"rgb(44,160,44)"},{"description":"White","count":1128,"tested":17156,"color":"rgb(31,119,180)"},{"description":"Other","count":200,"tested":1587,"color":"rgb(148,103,189)"},{"description":"NH/PI*","count":6,"tested":93,"color":"rgb(127,127,127)"},{"description":"Black","count":43,"tested":686,"color":"rgb(255,127,14)"},{"description":"Asian","count":118,"tested":2186,"color":"rgb(140,86,75)"}],"gender":[{"description":"Unknown/Left Blank","count":28,"tested":376,"color":"rgb(44,160,44)"},{"description":"Male","count":1839,"tested":19016,"color":"rgb(31,119,180)"},{"description":"Female","count":1788,"tested":24065,"color":"rgb(255,127,14)"}]}
