{"age":[{"age_group":"<20","count":437,"tested":6141},{"age_group":"20-29   ","count":538,"tested":7678},{"age_group":"30-39   ","count":517,"tested":7013},{"age_group":"40-49   ","count":494,"tested":7202},{"age_group":"50-59   ","count":504,"tested":8483},{"age_group":"60-69   ","count":438,"tested":7659},{"age_group":"70-79   ","count":224,"tested":5074},{"age_group":"80+","count":179,"tested":5478}],"race":[{"description":"Asian","count":483,"tested":4999,"color":"rgb(140,86,75)"},{"description":"White","count":828,"tested":11875,"color":"rgb(31,119,180)"},{"description":"Left Blank","count":885,"tested":29683,"color":"rgb(44,160,44)"},{"description":"Other","count":615,"tested":3730,"color":"rgb(148,103,189)"},{"description":"Black","count":191,"tested":2328,"color":"rgb(255,127,14)"},{"description":"Hispanic","count":303,"tested":1872,"color":"rgb(214,39,40)"},{"description":"NH/PI*","count":6,"tested":135,"color":"rgb(127,127,127)"},{"description":"AI/AN**","count":20,"tested":117,"color":"rgb(31,119,180)"}],"gender":[{"description":"Male","count":1604,"tested":23343,"color":"rgb(31,119,180)"},{"description":"Unknown/Left Blank","count":25,"tested":1068,"color":"rgb(44,160,44)"},{"description":"Female","count":1702,"tested":30328,"color":"rgb(255,127,14)"}]}
