{"age":[{"age_group":"<20","count":294,"tested":2976},{"age_group":"20-29   ","count":433,"tested":3799},{"age_group":"30-39   ","count":341,"tested":3321},{"age_group":"40-49   ","count":344,"tested":3071},{"age_group":"50-59   ","count":443,"tested":4172},{"age_group":"60-69   ","count":265,"tested":3051},{"age_group":"70-79   ","count":118,"tested":1739},{"age_group":"80+","count":35,"tested":1022}],"race":[{"description":"Hispanic","count":217,"tested":1113,"color":"rgb(214,39,40)"},{"description":"Left Blank","count":600,"tested":8257,"color":"rgb(44,160,44)"},{"description":"Other","count":54,"tested":368,"color":"rgb(148,103,189)"},{"description":"Asian","count":21,"tested":218,"color":"rgb(140,86,75)"},{"description":"White","count":1358,"tested":12992,"color":"rgb(31,119,180)"},{"description":"Black","count":14,"tested":145,"color":"rgb(255,127,14)"}],"gender":[{"description":"Female","count":1139,"tested":13133,"color":"rgb(255,127,14)"},{"description":"Male","count":1123,"tested":9864,"color":"rgb(31,119,180)"}]}
