{"age":[{"age_group":"<20","count":16,"tested":186},{"age_group":"20-29   ","count":22,"tested":368},{"age_group":"30-39   ","count":19,"tested":191},{"age_group":"40-49   ","count":23,"tested":312},{"age_group":"50-59   ","count":15,"tested":241},{"age_group":"60-69   ","count":13,"tested":201},{"age_group":"70-79   ","count":7,"tested":79},{"age_group":"80+","count":7,"tested":72}],"race":[{"description":"White","count":84,"tested":905,"color":"rgb(31,119,180)"},{"description":"Hispanic","count":10,"tested":62,"color":"rgb(214,39,40)"},{"description":"Left Blank","count":27,"tested":644,"color":"rgb(44,160,44)"}],"gender":[{"description":"Female","count":52,"tested":985,"color":"rgb(255,127,14)"},{"description":"Male","count":70,"tested":659,"color":"rgb(31,119,180)"}]}
