{"age":[{"age_group":"<20","count":61,"tested":825},{"age_group":"20-29   ","count":101,"tested":896},{"age_group":"30-39   ","count":86,"tested":1052},{"age_group":"40-49   ","count":96,"tested":907},{"age_group":"50-59   ","count":92,"tested":1027},{"age_group":"60-69   ","count":60,"tested":978},{"age_group":"70-79   ","count":34,"tested":678},{"age_group":"80+","count":9,"tested":235}],"race":[{"description":"Hispanic","count":38,"tested":451,"color":"rgb(214,39,40)"},{"description":"White","count":247,"tested":2699,"color":"rgb(31,119,180)"},{"description":"Left Blank","count":223,"tested":2954,"color":"rgb(44,160,44)"},{"description":"Other","count":20,"tested":321,"color":"rgb(148,103,189)"}],"gender":[{"description":"Female","count":273,"tested":3323,"color":"rgb(255,127,14)"},{"description":"Male","count":260,"tested":3055,"color":"rgb(31,119,180)"}]}
