{"age":[{"age_group":"<20","count":681,"tested":8000},{"age_group":"20-29   ","count":482,"tested":7180},{"age_group":"30-39   ","count":458,"tested":7501},{"age_group":"40-49   ","count":454,"tested":7372},{"age_group":"50-59   ","count":509,"tested":10479},{"age_group":"60-69   ","count":356,"tested":9509},{"age_group":"70-79   ","count":182,"tested":5665},{"age_group":"80+","count":161,"tested":4786}],"race":[{"description":"Left Blank","count":1028,"tested":34210,"color":"rgb(44,160,44)"},{"description":"Other","count":122,"tested":1438,"color":"rgb(148,103,189)"},{"description":"Black","count":111,"tested":1474,"color":"rgb(255,127,14)"},{"description":"Asian","count":32,"tested":655,"color":"rgb(140,86,75)"},{"description":"White","count":1519,"tested":19898,"color":"rgb(31,119,180)"},{"description":"Hispanic","count":464,"tested":2791,"color":"rgb(214,39,40)"}],"gender":[{"description":"Female","count":1628,"tested":33422,"color":"rgb(255,127,14)"},{"description":"Male","count":1608,"tested":25234,"color":"rgb(31,119,180)"},{"description":"Unknown/Left Blank","count":47,"tested":1861,"color":"rgb(44,160,44)"}]}
