{"age":[{"age_group":"<20","count":609,"tested":13875},{"age_group":"20-29   ","count":756,"tested":10478},{"age_group":"30-39   ","count":704,"tested":10286},{"age_group":"40-49   ","count":664,"tested":8757},{"age_group":"50-59   ","count":663,"tested":9249},{"age_group":"60-69   ","count":481,"tested":8638},{"age_group":"70-79   ","count":193,"tested":4517},{"age_group":"80+","count":236,"tested":7987}],"race":[{"description":"AI/AN**","count":9,"tested":102,"color":"rgb(31,119,180)"},{"description":"Black","count":58,"tested":963,"color":"rgb(255,127,14)"},{"description":"Asian","count":269,"tested":4594,"color":"rgb(140,86,75)"},{"description":"Hispanic","count":1550,"tested":15485,"color":"rgb(214,39,40)"},{"description":"White","count":1241,"tested":15778,"color":"rgb(31,119,180)"},{"description":"Other","count":230,"tested":2016,"color":"rgb(148,103,189)"},{"description":"Left Blank","count":944,"tested":34883,"color":"rgb(44,160,44)"}],"gender":[{"description":"Unknown/Left Blank","count":29,"tested":1317,"color":"rgb(44,160,44)"},{"description":"Male","count":2077,"tested":28797,"color":"rgb(31,119,180)"},{"description":"Female","count":2200,"tested":43771,"color":"rgb(255,127,14)"}]}
