{"age":[{"age_group":"<20","count":32,"tested":387},{"age_group":"20-29   ","count":28,"tested":252},{"age_group":"30-39   ","count":30,"tested":219},{"age_group":"40-49   ","count":17,"tested":215},{"age_group":"50-59   ","count":30,"tested":232},{"age_group":"60-69   ","count":21,"tested":220},{"age_group":"70-79   ","count":12,"tested":172}],"race":[{"description":"Left Blank","count":31,"tested":430,"color":"rgb(44,160,44)"},{"description":"White","count":131,"tested":1181,"color":"rgb(31,119,180)"}],"gender":[{"description":"Female","count":97,"tested":963,"color":"rgb(255,127,14)"},{"description":"Male","count":75,"tested":762,"color":"rgb(31,119,180)"}]}
