{"age":[{"age_group":"<20","count":8,"tested":82},{"age_group":"50-59   ","count":11,"tested":683},{"age_group":"60-69   ","count":6,"tested":958}],"race":[{"description":"Left Blank","count":10,"tested":2285,"color":"rgb(44,160,44)"},{"description":"Hispanic","count":13,"tested":144,"color":"rgb(214,39,40)"},{"description":"Black","count":13,"tested":262,"color":"rgb(255,127,14)"}],"gender":[{"description":"Female","count":23,"tested":1348,"color":"rgb(255,127,14)"},{"description":"Male","count":19,"tested":1433,"color":"rgb(31,119,180)"}]}
