{"age":[{"age_group":"<20","count":521,"tested":6285},{"age_group":"20-29   ","count":637,"tested":8910},{"age_group":"30-39   ","count":482,"tested":7382},{"age_group":"40-49   ","count":446,"tested":6672},{"age_group":"50-59   ","count":563,"tested":8710},{"age_group":"60-69   ","count":338,"tested":6885},{"age_group":"70-79   ","count":129,"tested":2898},{"age_group":"80+","count":133,"tested":2472}],"race":[{"description":"Left Blank","count":663,"tested":15233,"color":"rgb(44,160,44)"},{"description":"White","count":1253,"tested":20553,"color":"rgb(31,119,180)"},{"description":"Other","count":237,"tested":2070,"color":"rgb(148,103,189)"},{"description":"Asian","count":154,"tested":3314,"color":"rgb(140,86,75)"},{"description":"Hispanic","count":683,"tested":5317,"color":"rgb(214,39,40)"},{"description":"Black","count":236,"tested":3434,"color":"rgb(255,127,14)"},{"description":"NH/PI*","count":17,"tested":250,"color":"rgb(127,127,127)"}],"gender":[{"description":"Male","count":1507,"tested":21291,"color":"rgb(31,119,180)"},{"description":"Unknown/Left Blank","count":52,"tested":560,"color":"rgb(44,160,44)"},{"description":"Female","count":1690,"tested":28372,"color":"rgb(255,127,14)"}]}
