{"age":[{"age_group":"<20","count":455,"tested":4838},{"age_group":"20-29   ","count":322,"tested":3650},{"age_group":"30-39   ","count":285,"tested":3509},{"age_group":"40-49   ","count":419,"tested":4794},{"age_group":"50-59   ","count":351,"tested":4872},{"age_group":"60-69   ","count":206,"tested":4002},{"age_group":"70-79   ","count":228,"tested":4831},{"age_group":"80+","count":178,"tested":4413}],"race":[{"description":"Black","count":33,"tested":639,"color":"rgb(255,127,14)"},{"description":"Asian","count":60,"tested":971,"color":"rgb(140,86,75)"},{"description":"Other","count":49,"tested":423,"color":"rgb(148,103,189)"},{"description":"Left Blank","count":510,"tested":12253,"color":"rgb(44,160,44)"},{"description":"White","count":1569,"tested":18785,"color":"rgb(31,119,180)"},{"description":"Hispanic","count":216,"tested":1719,"color":"rgb(214,39,40)"}],"gender":[{"description":"Female","count":1267,"tested":19925,"color":"rgb(255,127,14)"},{"description":"Male","count":1161,"tested":14428,"color":"rgb(31,119,180)"},{"description":"Unknown/Left Blank","count":16,"tested":560,"color":"rgb(44,160,44)"}]}
