{"age":[{"age_group":"<20","count":26,"tested":348},{"age_group":"20-29   ","count":16,"tested":139},{"age_group":"30-39   ","count":22,"tested":226},{"age_group":"40-49   ","count":23,"tested":230},{"age_group":"50-59   ","count":33,"tested":290},{"age_group":"60-69   ","count":24,"tested":174},{"age_group":"70-79   ","count":10,"tested":113}],"race":[{"description":"White","count":80,"tested":798,"color":"rgb(31,119,180)"},{"description":"Left Blank","count":76,"tested":753,"color":"rgb(44,160,44)"}],"gender":[{"description":"Female","count":73,"tested":847,"color":"rgb(255,127,14)"},{"description":"Male","count":85,"tested":719,"color":"rgb(31,119,180)"}]}
