{"age":[{"age_group":"<20","count":854,"tested":9387},{"age_group":"20-29   ","count":490,"tested":7454},{"age_group":"30-39   ","count":481,"tested":7249},{"age_group":"40-49   ","count":479,"tested":6371},{"age_group":"50-59   ","count":538,"tested":7438},{"age_group":"60-69   ","count":325,"tested":5736},{"age_group":"70-79   ","count":153,"tested":3021},{"age_group":"80+","count":119,"tested":3402}],"race":[{"description":"Black","count":78,"tested":801,"color":"rgb(255,127,14)"},{"description":"Asian","count":183,"tested":1427,"color":"rgb(140,86,75)"},{"description":"Hispanic","count":267,"tested":1500,"color":"rgb(214,39,40)"},{"description":"Other","count":100,"tested":1308,"color":"rgb(148,103,189)"},{"description":"Left Blank","count":620,"tested":24162,"color":"rgb(44,160,44)"},{"description":"White","count":2179,"tested":20785,"color":"rgb(31,119,180)"},{"description":"NH/PI*","count":6,"tested":35,"color":"rgb(127,127,127)"},{"description":"AI/AN**","count":6,"tested":47,"color":"rgb(31,119,180)"}],"gender":[{"description":"Male","count":1694,"tested":22122,"color":"rgb(31,119,180)"},{"description":"Unknown/Left Blank","count":23,"tested":612,"color":"rgb(44,160,44)"},{"description":"Female","count":1722,"tested":27331,"color":"rgb(255,127,14)"}]}
