{"age":[{"age_group":"<20","count":536,"tested":5420},{"age_group":"20-29   ","count":493,"tested":7694},{"age_group":"30-39   ","count":426,"tested":6260},{"age_group":"40-49   ","count":449,"tested":5654},{"age_group":"50-59   ","count":501,"tested":5991},{"age_group":"60-69   ","count":197,"tested":3538},{"age_group":"70-79   ","count":116,"tested":2865},{"age_group":"80+","count":119,"tested":4250}],"race":[{"description":"Black","count":75,"tested":736,"color":"rgb(255,127,14)"},{"description":"Asian","count":130,"tested":1811,"color":"rgb(140,86,75)"},{"description":"Other","count":66,"tested":664,"color":"rgb(148,103,189)"},{"description":"Hispanic","count":539,"tested":2761,"color":"rgb(214,39,40)"},{"description":"Left Blank","count":869,"tested":24507,"color":"rgb(44,160,44)"},{"description":"White","count":1153,"tested":11087,"color":"rgb(31,119,180)"}],"gender":[{"description":"Unknown/Left Blank","count":58,"tested":746,"color":"rgb(44,160,44)"},{"description":"Female","count":1397,"tested":25699,"color":"rgb(255,127,14)"},{"description":"Male","count":1384,"tested":15235,"color":"rgb(31,119,180)"}]}
