{"age":[{"age_group":"<20","count":568,"tested":5608},{"age_group":"20-29   ","count":1151,"tested":22213},{"age_group":"30-39   ","count":1093,"tested":22811},{"age_group":"40-49   ","count":742,"tested":8533},{"age_group":"50-59   ","count":670,"tested":5811},{"age_group":"60-69   ","count":451,"tested":3954},{"age_group":"70-79   ","count":272,"tested":2187},{"age_group":"80+","count":196,"tested":1069}],"race":[{"description":"Hispanic","count":2268,"tested":12922,"color":"rgb(214,39,40)"},{"description":"Left Blank","count":1265,"tested":29992,"color":"rgb(44,160,44)"},{"description":"White","count":907,"tested":22873,"color":"rgb(31,119,180)"},{"description":"Asian","count":124,"tested":1445,"color":"rgb(140,86,75)"},{"description":"Black","count":208,"tested":2136,"color":"rgb(255,127,14)"},{"description":"Other","count":219,"tested":2690,"color":"rgb(148,103,189)"},{"description":"AI/AN**","count":78,"tested":76,"color":"rgb(31,119,180)"}],"gender":[{"description":"Unknown/Left Blank","count":102,"tested":1689,"color":"rgb(44,160,44)"},{"description":"Male","count":2303,"tested":31204,"color":"rgb(31,119,180)"},{"description":"Female","count":2383,"tested":39308,"color":"rgb(255,127,14)"}]}
