{"age":[{"age_group":"20-29   ","count":23,"tested":130},{"age_group":"40-49   ","count":29,"tested":123},{"age_group":"50-59   ","count":26,"tested":132},{"age_group":"60-69   ","count":27,"tested":119}],"race":[{"description":"Left Blank","count":32,"tested":340,"color":"rgb(44,160,44)"},{"description":"White","count":49,"tested":513,"color":"rgb(31,119,180)"}],"gender":[{"description":"Male","count":39,"tested":294,"color":"rgb(31,119,180)"},{"description":"Female","count":46,"tested":563,"color":"rgb(255,127,14)"}]}
