{"age":[{"age_group":"<20","count":218,"tested":2549},{"age_group":"20-29   ","count":167,"tested":2012},{"age_group":"30-39   ","count":120,"tested":1353},{"age_group":"40-49   ","count":151,"tested":1602},{"age_group":"50-59   ","count":172,"tested":2070},{"age_group":"60-69   ","count":111,"tested":1531},{"age_group":"70-79   ","count":84,"tested":879},{"age_group":"80+","count":70,"tested":497}],"race":[{"description":"White","count":421,"tested":6161,"color":"rgb(31,119,180)"},{"description":"Asian","count":61,"tested":183,"color":"rgb(140,86,75)"},{"description":"Hispanic","count":151,"tested":495,"color":"rgb(214,39,40)"},{"description":"Left Blank","count":187,"tested":4781,"color":"rgb(44,160,44)"},{"description":"Other","count":116,"tested":820,"color":"rgb(148,103,189)"}],"gender":[{"description":"Male","count":421,"tested":5965,"color":"rgb(31,119,180)"},{"description":"Female","count":361,"tested":6456,"color":"rgb(255,127,14)"}]}
