{"age":[{"age_group":"<20","count":258,"tested":1523},{"age_group":"20-29   ","count":447,"tested":3439},{"age_group":"30-39   ","count":356,"tested":2894},{"age_group":"40-49   ","count":297,"tested":2331},{"age_group":"50-59   ","count":322,"tested":2798},{"age_group":"60-69   ","count":272,"tested":2693},{"age_group":"70-79   ","count":168,"tested":1547},{"age_group":"80+","count":123,"tested":1031}],"race":[{"description":"White","count":709,"tested":6532,"color":"rgb(31,119,180)"},{"description":"Other","count":136,"tested":613,"color":"rgb(148,103,189)"},{"description":"Left Blank","count":892,"tested":9444,"color":"rgb(44,160,44)"},{"description":"Black","count":138,"tested":956,"color":"rgb(255,127,14)"},{"description":"Asian","count":96,"tested":261,"color":"rgb(140,86,75)"},{"description":"Hispanic","count":140,"tested":424,"color":"rgb(214,39,40)"}],"gender":[{"description":"Unknown/Left Blank","count":72,"tested":274,"color":"rgb(44,160,44)"},{"description":"Male","count":893,"tested":7707,"color":"rgb(31,119,180)"},{"description":"Female","count":958,"tested":10279,"color":"rgb(255,127,14)"}]}
