{"age":[{"age_group":"<20","count":202,"tested":1669},{"age_group":"20-29   ","count":249,"tested":2382},{"age_group":"30-39   ","count":258,"tested":2343},{"age_group":"40-49   ","count":273,"tested":2112},{"age_group":"50-59   ","count":258,"tested":2341},{"age_group":"60-69   ","count":183,"tested":2381},{"age_group":"70-79   ","count":120,"tested":1436},{"age_group":"80+","count":108,"tested":1114}],"race":[{"description":"Asian","count":77,"tested":655,"color":"rgb(140,86,75)"},{"description":"Hispanic","count":426,"tested":1774,"color":"rgb(214,39,40)"},{"description":"Black","count":57,"tested":220,"color":"rgb(255,127,14)"},{"description":"White","count":498,"tested":5505,"color":"rgb(31,119,180)"},{"description":"Left Blank","count":426,"tested":7256,"color":"rgb(44,160,44)"},{"description":"Other","count":95,"tested":347,"color":"rgb(148,103,189)"}],"gender":[{"description":"Female","count":702,"tested":8643,"color":"rgb(255,127,14)"},{"description":"Unknown/Left Blank","count":44,"tested":420,"color":"rgb(44,160,44)"},{"description":"Male","count":725,"tested":6720,"color":"rgb(31,119,180)"}]}
