{"age":[{"age_group":"<20","count":225,"tested":2542},{"age_group":"20-29   ","count":250,"tested":2696},{"age_group":"30-39   ","count":227,"tested":2736},{"age_group":"40-49   ","count":198,"tested":2374},{"age_group":"50-59   ","count":202,"tested":2745},{"age_group":"60-69   ","count":188,"tested":2230},{"age_group":"70-79   ","count":115,"tested":1473},{"age_group":"80+","count":82,"tested":1753}],"race":[{"description":"Black","count":286,"tested":2521,"color":"rgb(255,127,14)"},{"description":"Asian","count":25,"tested":72,"color":"rgb(140,86,75)"},{"description":"Other","count":35,"tested":218,"color":"rgb(148,103,189)"},{"description":"White","count":561,"tested":6607,"color":"rgb(31,119,180)"},{"description":"Left Blank","count":290,"tested":7790,"color":"rgb(44,160,44)"},{"description":"Hispanic","count":256,"tested":1343,"color":"rgb(214,39,40)"}],"gender":[{"description":"Female","count":746,"tested":10967,"color":"rgb(255,127,14)"},{"description":"Male","count":629,"tested":7118,"color":"rgb(31,119,180)"},{"description":"Unknown/Left Blank","count":27,"tested":467,"color":"rgb(44,160,44)"}]}
