{"age":[{"age_group":"<20","count":137,"tested":856},{"age_group":"20-29   ","count":146,"tested":919},{"age_group":"30-39   ","count":118,"tested":804},{"age_group":"40-49   ","count":136,"tested":823},{"age_group":"50-59   ","count":126,"tested":951},{"age_group":"60-69   ","count":104,"tested":685},{"age_group":"70-79   ","count":60,"tested":398},{"age_group":"80+","count":49,"tested":195}],"race":[{"description":"Left Blank","count":272,"tested":2081,"color":"rgb(44,160,44)"},{"description":"Other","count":51,"tested":179,"color":"rgb(148,103,189)"},{"description":"White","count":318,"tested":3070,"color":"rgb(31,119,180)"},{"description":"Hispanic","count":76,"tested":201,"color":"rgb(214,39,40)"},{"description":"Black","count":44,"tested":66,"color":"rgb(255,127,14)"}],"gender":[{"description":"Female","count":314,"tested":3057,"color":"rgb(255,127,14)"},{"description":"Unknown/Left Blank","count":44,"tested":24,"color":"rgb(44,160,44)"},{"description":"Male","count":328,"tested":2550,"color":"rgb(31,119,180)"}]}
