{"age":[{"age_group":"<20","count":187,"tested":1768},{"age_group":"20-29   ","count":261,"tested":1658},{"age_group":"30-39   ","count":232,"tested":1502},{"age_group":"40-49   ","count":233,"tested":1323},{"age_group":"50-59   ","count":250,"tested":1371},{"age_group":"60-69   ","count":180,"tested":1291},{"age_group":"70-79   ","count":106,"tested":735},{"age_group":"80+","count":134,"tested":966}],"race":[{"description":"Black","count":93,"tested":644,"color":"rgb(255,127,14)"},{"description":"Other","count":155,"tested":485,"color":"rgb(148,103,189)"},{"description":"Hispanic","count":149,"tested":588,"color":"rgb(214,39,40)"},{"description":"White","count":754,"tested":5104,"color":"rgb(31,119,180)"},{"description":"Left Blank","count":327,"tested":3754,"color":"rgb(44,160,44)"}],"gender":[{"description":"Female","count":764,"tested":6352,"color":"rgb(255,127,14)"},{"description":"Male","count":576,"tested":3874,"color":"rgb(31,119,180)"},{"description":"Unknown/Left Blank","count":78,"tested":390,"color":"rgb(44,160,44)"}]}
