{"age":[{"age_group":"<20","count":16,"tested":86},{"age_group":"20-29   ","count":12,"tested":50},{"age_group":"30-39   ","count":12,"tested":92},{"age_group":"40-49   ","count":13,"tested":59},{"age_group":"50-59   ","count":15,"tested":63},{"age_group":"60-69   ","count":16,"tested":71},{"age_group":"70-79   ","count":12,"tested":38}],"race":[{"description":"Left Blank","count":29,"tested":142,"color":"rgb(44,160,44)"},{"description":"White","count":52,"tested":288,"color":"rgb(31,119,180)"}],"gender":[{"description":"Female","count":41,"tested":246,"color":"rgb(255,127,14)"},{"description":"Male","count":45,"tested":225,"color":"rgb(31,119,180)"}]}
