{"age":[{"age_group":"<20","count":189,"tested":1488},{"age_group":"20-29   ","count":239,"tested":1961},{"age_group":"30-39   ","count":221,"tested":1990},{"age_group":"40-49   ","count":231,"tested":1875},{"age_group":"50-59   ","count":246,"tested":2094},{"age_group":"60-69   ","count":166,"tested":1692},{"age_group":"70-79   ","count":82,"tested":838},{"age_group":"80+","count":56,"tested":394}],"race":[{"description":"Asian","count":83,"tested":436,"color":"rgb(140,86,75)"},{"description":"Hispanic","count":155,"tested":555,"color":"rgb(214,39,40)"},{"description":"Black","count":43,"tested":167,"color":"rgb(255,127,14)"},{"description":"Other","count":57,"tested":259,"color":"rgb(148,103,189)"},{"description":"Left Blank","count":472,"tested":7191,"color":"rgb(44,160,44)"},{"description":"White","count":558,"tested":3704,"color":"rgb(31,119,180)"}],"gender":[{"description":"Female","count":659,"tested":6758,"color":"rgb(255,127,14)"},{"description":"Male","count":585,"tested":5138,"color":"rgb(31,119,180)"},{"description":"Unknown/Left Blank","count":36,"tested":443,"color":"rgb(44,160,44)"}]}
