{"age":[{"age_group":"<20","count":148,"tested":803},{"age_group":"20-29   ","count":187,"tested":1461},{"age_group":"30-39   ","count":187,"tested":1274},{"age_group":"40-49   ","count":152,"tested":1023},{"age_group":"50-59   ","count":208,"tested":1346},{"age_group":"60-69   ","count":144,"tested":1168},{"age_group":"70-79   ","count":118,"tested":812},{"age_group":"80+","count":84,"tested":412}],"race":[{"description":"White","count":382,"tested":2432,"color":"rgb(31,119,180)"},{"description":"Left Blank","count":515,"tested":4918,"color":"rgb(44,160,44)"},{"description":"Other","count":93,"tested":317,"color":"rgb(148,103,189)"},{"description":"Asian","count":39,"tested":101,"color":"rgb(140,86,75)"},{"description":"Hispanic","count":88,"tested":306,"color":"rgb(214,39,40)"},{"description":"Black","count":57,"tested":222,"color":"rgb(255,127,14)"}],"gender":[{"description":"Unknown/Left Blank","count":43,"tested":101,"color":"rgb(44,160,44)"},{"description":"Male","count":491,"tested":3315,"color":"rgb(31,119,180)"},{"description":"Female","count":564,"tested":4887,"color":"rgb(255,127,14)"}]}
