{"age":[{"age_group":"<20","count":101,"tested":798},{"age_group":"20-29   ","count":133,"tested":1318},{"age_group":"30-39   ","count":104,"tested":1578},{"age_group":"40-49   ","count":122,"tested":1570},{"age_group":"50-59   ","count":146,"tested":1900},{"age_group":"60-69   ","count":169,"tested":2024},{"age_group":"70-79   ","count":159,"tested":1543},{"age_group":"80+","count":187,"tested":1439}],"race":[{"description":"Hispanic","count":49,"tested":258,"color":"rgb(214,39,40)"},{"description":"White","count":368,"tested":3965,"color":"rgb(31,119,180)"},{"description":"Asian","count":40,"tested":209,"color":"rgb(140,86,75)"},{"description":"Left Blank","count":480,"tested":6448,"color":"rgb(44,160,44)"},{"description":"Black","count":69,"tested":1057,"color":"rgb(255,127,14)"},{"description":"Other","count":53,"tested":230,"color":"rgb(148,103,189)"}],"gender":[{"description":"Male","count":429,"tested":4215,"color":"rgb(31,119,180)"},{"description":"Female","count":504,"tested":7736,"color":"rgb(255,127,14)"}]}
