{"age":[{"age_group":"<20","count":292,"tested":3814},{"age_group":"20-29   ","count":369,"tested":4846},{"age_group":"30-39   ","count":392,"tested":5046},{"age_group":"40-49   ","count":372,"tested":5967},{"age_group":"50-59   ","count":409,"tested":6588},{"age_group":"60-69   ","count":314,"tested":6590},{"age_group":"70-79   ","count":185,"tested":3761},{"age_group":"80+","count":177,"tested":2923}],"race":[{"description":"Other","count":91,"tested":578,"color":"rgb(148,103,189)"},{"description":"Left Blank","count":812,"tested":21226,"color":"rgb(44,160,44)"},{"description":"Hispanic","count":72,"tested":570,"color":"rgb(214,39,40)"},{"description":"White","count":294,"tested":4643,"color":"rgb(31,119,180)"},{"description":"Black","count":1164,"tested":12393,"color":"rgb(255,127,14)"}],"gender":[{"description":"Unknown/Left Blank","count":81,"tested":3066,"color":"rgb(44,160,44)"},{"description":"Male","count":1046,"tested":15633,"color":"rgb(31,119,180)"},{"description":"Female","count":1268,"tested":20852,"color":"rgb(255,127,14)"}]}
