{"age":[{"age_group":"<20","count":193,"tested":1842},{"age_group":"20-29   ","count":236,"tested":2040},{"age_group":"30-39   ","count":152,"tested":1824},{"age_group":"40-49   ","count":208,"tested":1730},{"age_group":"50-59   ","count":156,"tested":1801},{"age_group":"60-69   ","count":113,"tested":1436},{"age_group":"70-79   ","count":76,"tested":1048},{"age_group":"80+","count":49,"tested":653}],"race":[{"description":"Hispanic","count":309,"tested":1316,"color":"rgb(214,39,40)"},{"description":"White","count":296,"tested":3698,"color":"rgb(31,119,180)"},{"description":"Black","count":323,"tested":2484,"color":"rgb(255,127,14)"},{"description":"Other","count":33,"tested":179,"color":"rgb(148,103,189)"},{"description":"Left Blank","count":183,"tested":4650,"color":"rgb(44,160,44)"}],"gender":[{"description":"Female","count":598,"tested":7097,"color":"rgb(255,127,14)"},{"description":"Male","count":496,"tested":4693,"color":"rgb(31,119,180)"},{"description":"Unknown/Left Blank","count":29,"tested":585,"color":"rgb(44,160,44)"}]}
