{"age":[{"age_group":"<20","count":340,"tested":1785},{"age_group":"20-29   ","count":482,"tested":2879},{"age_group":"30-39   ","count":432,"tested":2457},{"age_group":"40-49   ","count":431,"tested":2144},{"age_group":"50-59   ","count":361,"tested":1968},{"age_group":"60-69   ","count":227,"tested":1685},{"age_group":"70-79   ","count":132,"tested":1248},{"age_group":"80+","count":104,"tested":1267}],"race":[{"description":"Other","count":156,"tested":790,"color":"rgb(148,103,189)"},{"description":"White","count":446,"tested":3507,"color":"rgb(31,119,180)"},{"description":"Left Blank","count":660,"tested":6501,"color":"rgb(44,160,44)"},{"description":"Black","count":114,"tested":535,"color":"rgb(255,127,14)"},{"description":"Hispanic","count":972,"tested":4024,"color":"rgb(214,39,40)"},{"description":"Asian","count":60,"tested":97,"color":"rgb(140,86,75)"}],"gender":[{"description":"Male","count":1096,"tested":6658,"color":"rgb(31,119,180)"},{"description":"Unknown/Left Blank","count":72,"tested":177,"color":"rgb(44,160,44)"},{"description":"Female","count":1092,"tested":8630,"color":"rgb(255,127,14)"}]}
