{"age":[{"age_group":"<20","count":102,"tested":625},{"age_group":"20-29   ","count":120,"tested":937},{"age_group":"30-39   ","count":124,"tested":1004},{"age_group":"40-49   ","count":105,"tested":787},{"age_group":"50-59   ","count":88,"tested":875},{"age_group":"60-69   ","count":87,"tested":750},{"age_group":"70-79   ","count":23,"tested":352},{"age_group":"80+","count":21,"tested":272}],"race":[{"description":"Other","count":31,"tested":253,"color":"rgb(148,103,189)"},{"description":"Left Blank","count":152,"tested":1605,"color":"rgb(44,160,44)"},{"description":"White","count":247,"tested":2361,"color":"rgb(31,119,180)"},{"description":"Black","count":22,"tested":67,"color":"rgb(255,127,14)"},{"description":"Hispanic","count":180,"tested":1223,"color":"rgb(214,39,40)"},{"description":"Asian","count":16,"tested":77,"color":"rgb(140,86,75)"}],"gender":[{"description":"Male","count":304,"tested":2501,"color":"rgb(31,119,180)"},{"description":"Female","count":306,"tested":3011,"color":"rgb(255,127,14)"}]}
