{"age":[{"age_group":"<20","count":348,"tested":4505},{"age_group":"20-29   ","count":382,"tested":4769},{"age_group":"30-39   ","count":270,"tested":4753},{"age_group":"40-49   ","count":314,"tested":4546},{"age_group":"50-59   ","count":262,"tested":5202},{"age_group":"60-69   ","count":229,"tested":4367},{"age_group":"70-79   ","count":140,"tested":2625},{"age_group":"80+","count":129,"tested":3818}],"race":[{"description":"Asian","count":107,"tested":1182,"color":"rgb(140,86,75)"},{"description":"White","count":1020,"tested":16484,"color":"rgb(31,119,180)"},{"description":"Black","count":64,"tested":772,"color":"rgb(255,127,14)"},{"description":"Other","count":101,"tested":746,"color":"rgb(148,103,189)"},{"description":"Left Blank","count":482,"tested":13948,"color":"rgb(44,160,44)"},{"description":"Hispanic","count":223,"tested":1565,"color":"rgb(214,39,40)"}],"gender":[{"description":"Female","count":918,"tested":18753,"color":"rgb(255,127,14)"},{"description":"Male","count":907,"tested":14260,"color":"rgb(31,119,180)"},{"description":"Unknown/Left Blank","count":64,"tested":1735,"color":"rgb(44,160,44)"}]}
