{"age":[{"age_group":"<20","count":224,"tested":2465},{"age_group":"20-29   ","count":233,"tested":2124},{"age_group":"30-39   ","count":229,"tested":2256},{"age_group":"40-49   ","count":212,"tested":2060},{"age_group":"50-59   ","count":197,"tested":1844},{"age_group":"60-69   ","count":145,"tested":1434},{"age_group":"70-79   ","count":72,"tested":873},{"age_group":"80+","count":45,"tested":975}],"race":[{"description":"Left Blank","count":360,"tested":6463,"color":"rgb(44,160,44)"},{"description":"Other","count":45,"tested":285,"color":"rgb(148,103,189)"},{"description":"Hispanic","count":212,"tested":944,"color":"rgb(214,39,40)"},{"description":"White","count":576,"tested":5801,"color":"rgb(31,119,180)"},{"description":"Black","count":78,"tested":442,"color":"rgb(255,127,14)"},{"description":"Asian","count":35,"tested":93,"color":"rgb(140,86,75)"}],"gender":[{"description":"Male","count":567,"tested":5531,"color":"rgb(31,119,180)"},{"description":"Female","count":637,"tested":7875,"color":"rgb(255,127,14)"}]}
