{"age":[{"age_group":"<20","count":103,"tested":637},{"age_group":"20-29   ","count":100,"tested":761},{"age_group":"30-39   ","count":93,"tested":592},{"age_group":"40-49   ","count":103,"tested":732},{"age_group":"50-59   ","count":127,"tested":861},{"age_group":"60-69   ","count":85,"tested":747},{"age_group":"70-79   ","count":85,"tested":584},{"age_group":"80+","count":109,"tested":1087}],"race":[{"description":"White","count":297,"tested":2346,"color":"rgb(31,119,180)"},{"description":"Left Blank","count":152,"tested":3421,"color":"rgb(44,160,44)"},{"description":"Hispanic","count":74,"tested":79,"color":"rgb(214,39,40)"},{"description":"Other","count":63,"tested":76,"color":"rgb(148,103,189)"}],"gender":[{"description":"Female","count":255,"tested":3548,"color":"rgb(255,127,14)"},{"description":"Male","count":230,"tested":2298,"color":"rgb(31,119,180)"}]}
