{"age":[{"age_group":"<20","count":103,"tested":754},{"age_group":"20-29   ","count":142,"tested":1015},{"age_group":"30-39   ","count":156,"tested":1003},{"age_group":"40-49   ","count":120,"tested":924},{"age_group":"50-59   ","count":83,"tested":844},{"age_group":"60-69   ","count":84,"tested":798},{"age_group":"70-79   ","count":31,"tested":394},{"age_group":"80+","count":26,"tested":201}],"race":[{"description":"Black","count":18,"tested":138,"color":"rgb(255,127,14)"},{"description":"Hispanic","count":259,"tested":1239,"color":"rgb(214,39,40)"},{"description":"White","count":194,"tested":1806,"color":"rgb(31,119,180)"},{"description":"Other","count":60,"tested":392,"color":"rgb(148,103,189)"},{"description":"Left Blank","count":186,"tested":2300,"color":"rgb(44,160,44)"},{"description":"Asian","count":13,"tested":52,"color":"rgb(140,86,75)"}],"gender":[{"description":"Male","count":351,"tested":2620,"color":"rgb(31,119,180)"},{"description":"Female","count":352,"tested":3243,"color":"rgb(255,127,14)"}]}
