{"age":[{"age_group":"<20","count":137,"tested":945},{"age_group":"20-29   ","count":127,"tested":799},{"age_group":"30-39   ","count":124,"tested":720},{"age_group":"40-49   ","count":129,"tested":750},{"age_group":"50-59   ","count":152,"tested":791},{"age_group":"60-69   ","count":124,"tested":724},{"age_group":"70-79   ","count":76,"tested":396},{"age_group":"80+","count":37,"tested":197}],"race":[{"description":"Left Blank","count":125,"tested":1282,"color":"rgb(44,160,44)"},{"description":"Hispanic","count":66,"tested":229,"color":"rgb(214,39,40)"},{"description":"White","count":556,"tested":3198,"color":"rgb(31,119,180)"},{"description":"Black","count":44,"tested":380,"color":"rgb(255,127,14)"},{"description":"Other","count":69,"tested":227,"color":"rgb(148,103,189)"}],"gender":[{"description":"Female","count":446,"tested":3106,"color":"rgb(255,127,14)"},{"description":"Male","count":371,"tested":2148,"color":"rgb(31,119,180)"}]}
