{"age":[{"age_group":"<20","count":993,"tested":8596},{"age_group":"20-29   ","count":1060,"tested":10568},{"age_group":"30-39   ","count":838,"tested":8916},{"age_group":"40-49   ","count":997,"tested":9619},{"age_group":"50-59   ","count":904,"tested":9527},{"age_group":"60-69   ","count":334,"tested":4031},{"age_group":"70-79   ","count":118,"tested":1966},{"age_group":"80+","count":52,"tested":747}],"race":[{"description":"Other","count":208,"tested":2157,"color":"rgb(148,103,189)"},{"description":"Hispanic","count":1007,"tested":6229,"color":"rgb(214,39,40)"},{"description":"White","count":1974,"tested":19898,"color":"rgb(31,119,180)"},{"description":"Asian","count":61,"tested":985,"color":"rgb(140,86,75)"},{"description":"Left Blank","count":1650,"tested":20668,"color":"rgb(44,160,44)"},{"description":"Black","count":385,"tested":3889,"color":"rgb(255,127,14)"},{"description":"AI/AN**","count":9,"tested":77,"color":"rgb(31,119,180)"}],"gender":[{"description":"Male","count":2489,"tested":23100,"color":"rgb(31,119,180)"},{"description":"Unknown/Left Blank","count":39,"tested":914,"color":"rgb(44,160,44)"},{"description":"Female","count":2768,"tested":29959,"color":"rgb(255,127,14)"}]}
