{"age":[{"age_group":"<20","count":43,"tested":387},{"age_group":"20-29   ","count":35,"tested":466},{"age_group":"30-39   ","count":34,"tested":414},{"age_group":"40-49   ","count":47,"tested":471},{"age_group":"50-59   ","count":50,"tested":579},{"age_group":"60-69   ","count":36,"tested":487},{"age_group":"70-79   ","count":21,"tested":274},{"age_group":"80+","count":6,"tested":228}],"race":[{"description":"White","count":177,"tested":1390,"color":"rgb(31,119,180)"},{"description":"Left Blank","count":89,"tested":1854,"color":"rgb(44,160,44)"}],"gender":[{"description":"Male","count":120,"tested":1216,"color":"rgb(31,119,180)"},{"description":"Female","count":152,"tested":2044,"color":"rgb(255,127,14)"}]}
