{"age":[{"age_group":"<20","count":282,"tested":3188},{"age_group":"20-29   ","count":418,"tested":5236},{"age_group":"30-39   ","count":423,"tested":5564},{"age_group":"40-49   ","count":326,"tested":4369},{"age_group":"50-59   ","count":357,"tested":5427},{"age_group":"60-69   ","count":300,"tested":4804},{"age_group":"70-79   ","count":143,"tested":2189},{"age_group":"80+","count":94,"tested":1658}],"race":[{"description":"Left Blank","count":545,"tested":10853,"color":"rgb(44,160,44)"},{"description":"Other","count":27,"tested":462,"color":"rgb(148,103,189)"},{"description":"Black","count":1586,"tested":19563,"color":"rgb(255,127,14)"},{"description":"White","count":32,"tested":618,"color":"rgb(31,119,180)"},{"description":"Hispanic","count":144,"tested":823,"color":"rgb(214,39,40)"}],"gender":[{"description":"Male","count":1016,"tested":14090,"color":"rgb(31,119,180)"},{"description":"Unknown/Left Blank","count":16,"tested":764,"color":"rgb(44,160,44)"},{"description":"Female","count":1311,"tested":17594,"color":"rgb(255,127,14)"}]}
