{"age":[{"age_group":"<20","count":244,"tested":2541},{"age_group":"20-29   ","count":233,"tested":3666},{"age_group":"30-39   ","count":245,"tested":3657},{"age_group":"40-49   ","count":282,"tested":3945},{"age_group":"50-59   ","count":238,"tested":3843},{"age_group":"60-69   ","count":187,"tested":4319},{"age_group":"70-79   ","count":134,"tested":3268},{"age_group":"80+","count":93,"tested":2074}],"race":[{"description":"Black","count":1041,"tested":12916,"color":"rgb(255,127,14)"},{"description":"Asian","count":7,"tested":168,"color":"rgb(140,86,75)"},{"description":"Hispanic","count":54,"tested":765,"color":"rgb(214,39,40)"},{"description":"White","count":75,"tested":1203,"color":"rgb(31,119,180)"},{"description":"Other","count":24,"tested":367,"color":"rgb(148,103,189)"},{"description":"Left Blank","count":454,"tested":11909,"color":"rgb(44,160,44)"}],"gender":[{"description":"Female","count":985,"tested":17197,"color":"rgb(255,127,14)"},{"description":"Male","count":664,"tested":9515,"color":"rgb(31,119,180)"},{"description":"Unknown/Left Blank","count":7,"tested":659,"color":"rgb(44,160,44)"}]}
