{"age":[{"age_group":"<20","count":648,"tested":8628},{"age_group":"20-29   ","count":460,"tested":7376},{"age_group":"30-39   ","count":322,"tested":5744},{"age_group":"40-49   ","count":416,"tested":6053},{"age_group":"50-59   ","count":461,"tested":7153},{"age_group":"60-69   ","count":314,"tested":5968},{"age_group":"70-79   ","count":109,"tested":2851},{"age_group":"80+","count":73,"tested":1111}],"race":[{"description":"Hispanic","count":187,"tested":1526,"color":"rgb(214,39,40)"},{"description":"White","count":1572,"tested":20225,"color":"rgb(31,119,180)"},{"description":"Left Blank","count":628,"tested":16572,"color":"rgb(44,160,44)"},{"description":"Other","count":80,"tested":1579,"color":"rgb(148,103,189)"},{"description":"Asian","count":223,"tested":3891,"color":"rgb(140,86,75)"},{"description":"Black","count":109,"tested":977,"color":"rgb(255,127,14)"}],"gender":[{"description":"Unknown/Left Blank","count":21,"tested":567,"color":"rgb(44,160,44)"},{"description":"Male","count":1410,"tested":20762,"color":"rgb(31,119,180)"},{"description":"Female","count":1372,"tested":23559,"color":"rgb(255,127,14)"}]}
