{"age":[{"age_group":"<20","count":282,"tested":2573},{"age_group":"20-29   ","count":357,"tested":5501},{"age_group":"30-39   ","count":332,"tested":5771},{"age_group":"40-49   ","count":330,"tested":6346},{"age_group":"50-59   ","count":378,"tested":8741},{"age_group":"60-69   ","count":299,"tested":9320},{"age_group":"70-79   ","count":132,"tested":4041},{"age_group":"80+","count":65,"tested":2432}],"race":[{"description":"White","count":42,"tested":704,"color":"rgb(31,119,180)"},{"description":"Other","count":32,"tested":349,"color":"rgb(148,103,189)"},{"description":"Left Blank","count":688,"tested":28708,"color":"rgb(44,160,44)"},{"description":"Black","count":1325,"tested":14495,"color":"rgb(255,127,14)"},{"description":"Hispanic","count":86,"tested":429,"color":"rgb(214,39,40)"}],"gender":[{"description":"Female","count":1274,"tested":25711,"color":"rgb(255,127,14)"},{"description":"Unknown/Left Blank","count":18,"tested":727,"color":"rgb(44,160,44)"},{"description":"Male","count":883,"tested":18317,"color":"rgb(31,119,180)"}]}
