{"age":[{"age_group":"<20","count":360,"tested":4421},{"age_group":"20-29   ","count":402,"tested":5149},{"age_group":"30-39   ","count":297,"tested":4359},{"age_group":"40-49   ","count":350,"tested":4794},{"age_group":"50-59   ","count":458,"tested":6089},{"age_group":"60-69   ","count":284,"tested":5043},{"age_group":"70-79   ","count":149,"tested":3337},{"age_group":"80+","count":136,"tested":5899}],"race":[{"description":"Hispanic","count":92,"tested":742,"color":"rgb(214,39,40)"},{"description":"Left Blank","count":817,"tested":22050,"color":"rgb(44,160,44)"},{"description":"Other","count":81,"tested":880,"color":"rgb(148,103,189)"},{"description":"Black","count":19,"tested":321,"color":"rgb(255,127,14)"},{"description":"White","count":1398,"tested":14694,"color":"rgb(31,119,180)"},{"description":"Asian","count":25,"tested":387,"color":"rgb(140,86,75)"}],"gender":[{"description":"Unknown/Left Blank","count":24,"tested":1194,"color":"rgb(44,160,44)"},{"description":"Male","count":1125,"tested":14366,"color":"rgb(31,119,180)"},{"description":"Female","count":1287,"tested":23544,"color":"rgb(255,127,14)"}]}
