{"age":[{"age_group":"<20","count":286,"tested":8193},{"age_group":"20-29   ","count":657,"tested":23143},{"age_group":"30-39   ","count":632,"tested":15473},{"age_group":"40-49   ","count":381,"tested":9526},{"age_group":"50-59   ","count":427,"tested":9918},{"age_group":"60-69   ","count":278,"tested":8230},{"age_group":"70-79   ","count":151,"tested":4120},{"age_group":"80+","count":66,"tested":1481}],"race":[{"description":"Black","count":258,"tested":5665,"color":"rgb(255,127,14)"},{"description":"Asian","count":200,"tested":3736,"color":"rgb(140,86,75)"},{"description":"White","count":883,"tested":25324,"color":"rgb(31,119,180)"},{"description":"Other","count":174,"tested":2506,"color":"rgb(148,103,189)"},{"description":"Hispanic","count":500,"tested":5168,"color":"rgb(214,39,40)"},{"description":"Left Blank","count":859,"tested":37612,"color":"rgb(44,160,44)"}],"gender":[{"description":"Female","count":1341,"tested":43942,"color":"rgb(255,127,14)"},{"description":"Male","count":1489,"tested":33977,"color":"rgb(31,119,180)"},{"description":"Unknown/Left Blank","count":48,"tested":2238,"color":"rgb(44,160,44)"}]}
