{"age":[{"age_group":"<20","count":159,"tested":1616},{"age_group":"20-29   ","count":185,"tested":3120},{"age_group":"30-39   ","count":222,"tested":3728},{"age_group":"40-49   ","count":235,"tested":4459},{"age_group":"50-59   ","count":209,"tested":5741},{"age_group":"60-69   ","count":142,"tested":4041},{"age_group":"70-79   ","count":63,"tested":1775},{"age_group":"80+","count":29,"tested":750}],"race":[{"description":"Left Blank","count":411,"tested":14794,"color":"rgb(44,160,44)"},{"description":"White","count":45,"tested":883,"color":"rgb(31,119,180)"},{"description":"Hispanic","count":33,"tested":205,"color":"rgb(214,39,40)"},{"description":"Black","count":723,"tested":8952,"color":"rgb(255,127,14)"},{"description":"Asian","count":8,"tested":88,"color":"rgb(140,86,75)"},{"description":"Other","count":20,"tested":283,"color":"rgb(148,103,189)"}],"gender":[{"description":"Male","count":481,"tested":10995,"color":"rgb(31,119,180)"},{"description":"Female","count":758,"tested":13946,"color":"rgb(255,127,14)"}]}
