{"age":[{"age_group":"<20","count":752,"tested":6413},{"age_group":"20-29   ","count":857,"tested":15126},{"age_group":"30-39   ","count":907,"tested":16766},{"age_group":"40-49   ","count":781,"tested":15871},{"age_group":"50-59   ","count":695,"tested":16653},{"age_group":"60-69   ","count":548,"tested":13591},{"age_group":"70-79   ","count":282,"tested":6393},{"age_group":"80+","count":243,"tested":5402}],"race":[{"description":"Black","count":1188,"tested":28766,"color":"rgb(255,127,14)"},{"description":"Hispanic","count":772,"tested":4527,"color":"rgb(214,39,40)"},{"description":"Asian","count":10,"tested":578,"color":"rgb(140,86,75)"},{"description":"White","count":1931,"tested":39958,"color":"rgb(31,119,180)"},{"description":"Other","count":100,"tested":2708,"color":"rgb(148,103,189)"},{"description":"Left Blank","count":1062,"tested":19513,"color":"rgb(44,160,44)"}],"gender":[{"description":"Unknown/Left Blank","count":18,"tested":1059,"color":"rgb(44,160,44)"},{"description":"Male","count":2371,"tested":35651,"color":"rgb(31,119,180)"},{"description":"Female","count":2677,"tested":59565,"color":"rgb(255,127,14)"}]}
