{"age":[{"age_group":"<20","count":660,"tested":9252},{"age_group":"20-29   ","count":478,"tested":7103},{"age_group":"30-39   ","count":314,"tested":5473},{"age_group":"40-49   ","count":507,"tested":6523},{"age_group":"50-59   ","count":607,"tested":8474},{"age_group":"60-69   ","count":375,"tested":7088},{"age_group":"70-79   ","count":206,"tested":4424},{"age_group":"80+","count":174,"tested":4254}],"race":[{"description":"Hispanic","count":125,"tested":1657,"color":"rgb(214,39,40)"},{"description":"Asian","count":170,"tested":2754,"color":"rgb(140,86,75)"},{"description":"White","count":1786,"tested":24533,"color":"rgb(31,119,180)"},{"description":"Black","count":24,"tested":480,"color":"rgb(255,127,14)"},{"description":"Left Blank","count":1091,"tested":21912,"color":"rgb(44,160,44)"},{"description":"Other","count":119,"tested":1151,"color":"rgb(148,103,189)"}],"gender":[{"description":"Male","count":1666,"tested":23048,"color":"rgb(31,119,180)"},{"description":"Unknown/Left Blank","count":34,"tested":1013,"color":"rgb(44,160,44)"},{"description":"Female","count":1621,"tested":28535,"color":"rgb(255,127,14)"}]}
