{"age":[{"age_group":"<20","count":149,"tested":1575},{"age_group":"20-29   ","count":154,"tested":1619},{"age_group":"30-39   ","count":124,"tested":1730},{"age_group":"40-49   ","count":158,"tested":1837},{"age_group":"50-59   ","count":120,"tested":2337},{"age_group":"60-69   ","count":86,"tested":1471},{"age_group":"70-79   ","count":58,"tested":730},{"age_group":"80+","count":20,"tested":241}],"race":[{"description":"Left Blank","count":216,"tested":3697,"color":"rgb(44,160,44)"},{"description":"White","count":299,"tested":3706,"color":"rgb(31,119,180)"},{"description":"Hispanic","count":174,"tested":1300,"color":"rgb(214,39,40)"},{"description":"Other","count":51,"tested":516,"color":"rgb(148,103,189)"},{"description":"Black","count":76,"tested":1247,"color":"rgb(255,127,14)"},{"description":"Asian","count":51,"tested":958,"color":"rgb(140,86,75)"}],"gender":[{"description":"Male","count":420,"tested":5014,"color":"rgb(31,119,180)"},{"description":"Female","count":443,"tested":6440,"color":"rgb(255,127,14)"}]}
