{"age":[{"age_group":"<20","count":65,"tested":460},{"age_group":"20-29   ","count":85,"tested":952},{"age_group":"30-39   ","count":65,"tested":797},{"age_group":"40-49   ","count":69,"tested":824},{"age_group":"50-59   ","count":53,"tested":789},{"age_group":"60-69   ","count":48,"tested":760},{"age_group":"70-79   ","count":17,"tested":295},{"age_group":"80+","count":11,"tested":227}],"race":[{"description":"Other","count":17,"tested":125,"color":"rgb(148,103,189)"},{"description":"Left Blank","count":117,"tested":1731,"color":"rgb(44,160,44)"},{"description":"White","count":164,"tested":2290,"color":"rgb(31,119,180)"},{"description":"Hispanic","count":107,"tested":579,"color":"rgb(214,39,40)"}],"gender":[{"description":"Female","count":238,"tested":3008,"color":"rgb(255,127,14)"},{"description":"Male","count":175,"tested":2010,"color":"rgb(31,119,180)"}]}
