{"age":[{"age_group":"<20","count":125,"tested":1236},{"age_group":"20-29   ","count":140,"tested":1481},{"age_group":"30-39   ","count":93,"tested":1072},{"age_group":"40-49   ","count":143,"tested":1077},{"age_group":"50-59   ","count":127,"tested":1304},{"age_group":"60-69   ","count":128,"tested":1776},{"age_group":"70-79   ","count":69,"tested":1594},{"age_group":"80+","count":71,"tested":2810}],"race":[{"description":"White","count":410,"tested":4684,"color":"rgb(31,119,180)"},{"description":"Other","count":37,"tested":309,"color":"rgb(148,103,189)"},{"description":"Left Blank","count":388,"tested":6844,"color":"rgb(44,160,44)"},{"description":"Black","count":8,"tested":65,"color":"rgb(255,127,14)"},{"description":"Hispanic","count":46,"tested":304,"color":"rgb(214,39,40)"},{"description":"Asian","count":6,"tested":139,"color":"rgb(140,86,75)"}],"gender":[{"description":"Female","count":488,"tested":7516,"color":"rgb(255,127,14)"},{"description":"Unknown/Left Blank","count":10,"tested":76,"color":"rgb(44,160,44)"},{"description":"Male","count":398,"tested":4758,"color":"rgb(31,119,180)"}]}
