{"age":[{"age_group":"<20","count":2222,"tested":12822},{"age_group":"20-29   ","count":2686,"tested":20619},{"age_group":"30-39   ","count":2380,"tested":17150},{"age_group":"40-49   ","count":2357,"tested":15667},{"age_group":"50-59   ","count":1862,"tested":14121},{"age_group":"60-69   ","count":1105,"tested":10529},{"age_group":"70-79   ","count":434,"tested":4528},{"age_group":"80+","count":193,"tested":2006},{"age_group":"Unknown","count":12,"tested":50}],"race":[{"description":"AI/AN**","count":13,"tested":75,"color":"rgb(31,119,180)"},{"description":"White","count":1277,"tested":11846,"color":"rgb(31,119,180)"},{"description":"Other","count":886,"tested":8024,"color":"rgb(148,103,189)"},{"description":"Left Blank","count":3143,"tested":40248,"color":"rgb(44,160,44)"},{"description":"Black","count":230,"tested":2364,"color":"rgb(255,127,14)"},{"description":"Asian","count":32,"tested":335,"color":"rgb(140,86,75)"},{"description":"Hispanic","count":7664,"tested":34581,"color":"rgb(214,39,40)"}],"gender":[{"description":"Female","count":6715,"tested":50705,"color":"rgb(255,127,14)"},{"description":"Unknown/Left Blank","count":144,"tested":1237,"color":"rgb(44,160,44)"},{"description":"Male","count":6392,"tested":45550,"color":"rgb(31,119,180)"}]}
