{"age":[{"age_group":"<20","count":427,"tested":5130},{"age_group":"20-29   ","count":352,"tested":3455},{"age_group":"30-39   ","count":320,"tested":3364},{"age_group":"40-49   ","count":359,"tested":3417},{"age_group":"50-59   ","count":365,"tested":3186},{"age_group":"60-69   ","count":246,"tested":2558},{"age_group":"70-79   ","count":108,"tested":1388},{"age_group":"80+","count":35,"tested":995}],"race":[{"description":"Asian","count":30,"tested":251,"color":"rgb(140,86,75)"},{"description":"Left Blank","count":186,"tested":8083,"color":"rgb(44,160,44)"},{"description":"White","count":1787,"tested":13557,"color":"rgb(31,119,180)"},{"description":"Black","count":45,"tested":415,"color":"rgb(255,127,14)"},{"description":"Other","count":23,"tested":437,"color":"rgb(148,103,189)"},{"description":"Hispanic","count":138,"tested":721,"color":"rgb(214,39,40)"}],"gender":[{"description":"Male","count":1049,"tested":10278,"color":"rgb(31,119,180)"},{"description":"Female","count":1160,"tested":13074,"color":"rgb(255,127,14)"}]}
