{"age":[{"age_group":"<20","count":94,"tested":1242},{"age_group":"20-29   ","count":105,"tested":1199},{"age_group":"30-39   ","count":116,"tested":1319},{"age_group":"40-49   ","count":129,"tested":1263},{"age_group":"50-59   ","count":111,"tested":1490},{"age_group":"60-69   ","count":91,"tested":927},{"age_group":"70-79   ","count":38,"tested":585},{"age_group":"80+","count":9,"tested":251}],"race":[{"description":"Hispanic","count":41,"tested":162,"color":"rgb(214,39,40)"},{"description":"White","count":406,"tested":4236,"color":"rgb(31,119,180)"},{"description":"Left Blank","count":231,"tested":3744,"color":"rgb(44,160,44)"}],"gender":[{"description":"Female","count":362,"tested":4771,"color":"rgb(255,127,14)"},{"description":"Male","count":329,"tested":3305,"color":"rgb(31,119,180)"}]}
