{"age":[{"age_group":"<20","count":210,"tested":3838},{"age_group":"20-29   ","count":120,"tested":2313},{"age_group":"30-39   ","count":83,"tested":1619},{"age_group":"40-49   ","count":115,"tested":2524},{"age_group":"50-59   ","count":142,"tested":2332},{"age_group":"60-69   ","count":91,"tested":2013},{"age_group":"70-79   ","count":37,"tested":1083},{"age_group":"80+","count":11,"tested":400}],"race":[{"description":"Hispanic","count":45,"tested":675,"color":"rgb(214,39,40)"},{"description":"Asian","count":13,"tested":624,"color":"rgb(140,86,75)"},{"description":"White","count":428,"tested":7922,"color":"rgb(31,119,180)"},{"description":"Left Blank","count":220,"tested":5198,"color":"rgb(44,160,44)"},{"description":"Other","count":48,"tested":704,"color":"rgb(148,103,189)"},{"description":"Black","count":55,"tested":986,"color":"rgb(255,127,14)"}],"gender":[{"description":"Female","count":377,"tested":8516,"color":"rgb(255,127,14)"},{"description":"Male","count":425,"tested":7308,"color":"rgb(31,119,180)"}]}
