{"age":[{"age_group":"<20","count":455,"tested":3907},{"age_group":"20-29   ","count":540,"tested":4613},{"age_group":"30-39   ","count":419,"tested":3744},{"age_group":"40-49   ","count":436,"tested":3341},{"age_group":"50-59   ","count":326,"tested":3313},{"age_group":"60-69   ","count":262,"tested":2226},{"age_group":"70-79   ","count":137,"tested":1408},{"age_group":"80+","count":56,"tested":589}],"race":[{"description":"Left Blank","count":479,"tested":10499,"color":"rgb(44,160,44)"},{"description":"Other","count":58,"tested":525,"color":"rgb(148,103,189)"},{"description":"White","count":1029,"tested":7543,"color":"rgb(31,119,180)"},{"description":"Black","count":238,"tested":1616,"color":"rgb(255,127,14)"},{"description":"Hispanic","count":747,"tested":2641,"color":"rgb(214,39,40)"},{"description":"Asian","count":77,"tested":298,"color":"rgb(140,86,75)"}],"gender":[{"description":"Female","count":1417,"tested":13379,"color":"rgb(255,127,14)"},{"description":"Unknown/Left Blank","count":18,"tested":383,"color":"rgb(44,160,44)"},{"description":"Male","count":1196,"tested":9380,"color":"rgb(31,119,180)"}]}
