{"age":[{"age_group":"<20","count":255,"tested":2303},{"age_group":"20-29   ","count":316,"tested":4070},{"age_group":"30-39   ","count":277,"tested":3930},{"age_group":"40-49   ","count":296,"tested":4335},{"age_group":"50-59   ","count":332,"tested":5476},{"age_group":"60-69   ","count":288,"tested":5384},{"age_group":"70-79   ","count":173,"tested":3566},{"age_group":"80+","count":155,"tested":3977}],"race":[{"description":"Left Blank","count":841,"tested":19181,"color":"rgb(44,160,44)"},{"description":"Hispanic","count":119,"tested":673,"color":"rgb(214,39,40)"},{"description":"Asian","count":9,"tested":105,"color":"rgb(140,86,75)"},{"description":"White","count":147,"tested":1682,"color":"rgb(31,119,180)"},{"description":"Black","count":942,"tested":11192,"color":"rgb(255,127,14)"},{"description":"Other","count":34,"tested":334,"color":"rgb(148,103,189)"}],"gender":[{"description":"Female","count":1152,"tested":20392,"color":"rgb(255,127,14)"},{"description":"Male","count":909,"tested":12214,"color":"rgb(31,119,180)"},{"description":"Unknown/Left Blank","count":33,"tested":630,"color":"rgb(44,160,44)"}]}
