{"age":[{"age_group":"<20","count":510,"tested":4698},{"age_group":"20-29   ","count":524,"tested":5624},{"age_group":"30-39   ","count":552,"tested":5315},{"age_group":"40-49   ","count":436,"tested":4913},{"age_group":"50-59   ","count":414,"tested":4949},{"age_group":"60-69   ","count":335,"tested":4547},{"age_group":"70-79   ","count":229,"tested":3174},{"age_group":"80+","count":138,"tested":2879}],"race":[{"description":"Hispanic","count":805,"tested":2992,"color":"rgb(214,39,40)"},{"description":"Other","count":57,"tested":595,"color":"rgb(148,103,189)"},{"description":"Black","count":282,"tested":2295,"color":"rgb(255,127,14)"},{"description":"Asian","count":103,"tested":488,"color":"rgb(140,86,75)"},{"description":"White","count":1333,"tested":9454,"color":"rgb(31,119,180)"},{"description":"Left Blank","count":555,"tested":20266,"color":"rgb(44,160,44)"}],"gender":[{"description":"Unknown/Left Blank","count":11,"tested":958,"color":"rgb(44,160,44)"},{"description":"Male","count":1457,"tested":13541,"color":"rgb(31,119,180)"},{"description":"Female","count":1670,"tested":21610,"color":"rgb(255,127,14)"}]}
