{"age":[{"age_group":"<20","count":75,"tested":507},{"age_group":"20-29   ","count":87,"tested":583},{"age_group":"30-39   ","count":48,"tested":508},{"age_group":"40-49   ","count":75,"tested":494},{"age_group":"50-59   ","count":98,"tested":775},{"age_group":"60-69   ","count":76,"tested":636},{"age_group":"70-79   ","count":27,"tested":396},{"age_group":"80+","count":18,"tested":183}],"race":[{"description":"Left Blank","count":78,"tested":1714,"color":"rgb(44,160,44)"},{"description":"Other","count":7,"tested":57,"color":"rgb(148,103,189)"},{"description":"White","count":338,"tested":1992,"color":"rgb(31,119,180)"},{"description":"Black","count":17,"tested":90,"color":"rgb(255,127,14)"},{"description":"Hispanic","count":53,"tested":188,"color":"rgb(214,39,40)"},{"description":"Asian","count":10,"tested":40,"color":"rgb(140,86,75)"}],"gender":[{"description":"Male","count":240,"tested":1707,"color":"rgb(31,119,180)"},{"description":"Female","count":262,"tested":2292,"color":"rgb(255,127,14)"}]}
