{"age":[{"age_group":"<20","count":11,"tested":174},{"age_group":"20-29   ","count":12,"tested":129},{"age_group":"30-39   ","count":10,"tested":146},{"age_group":"40-49   ","count":12,"tested":135},{"age_group":"50-59   ","count":11,"tested":149},{"age_group":"70-79   ","count":6,"tested":50}],"race":[{"description":"White","count":54,"tested":688,"color":"rgb(31,119,180)"}],"gender":[{"description":"Male","count":33,"tested":405,"color":"rgb(31,119,180)"},{"description":"Female","count":32,"tested":518,"color":"rgb(255,127,14)"}]}
