{"age":[{"age_group":"<20","count":521,"tested":5330},{"age_group":"20-29   ","count":416,"tested":5621},{"age_group":"30-39   ","count":380,"tested":5706},{"age_group":"40-49   ","count":356,"tested":5480},{"age_group":"50-59   ","count":430,"tested":7677},{"age_group":"60-69   ","count":318,"tested":6938},{"age_group":"70-79   ","count":157,"tested":4234},{"age_group":"80+","count":145,"tested":3841}],"race":[{"description":"Left Blank","count":903,"tested":26521,"color":"rgb(44,160,44)"},{"description":"Other","count":106,"tested":1083,"color":"rgb(148,103,189)"},{"description":"Asian","count":21,"tested":360,"color":"rgb(140,86,75)"},{"description":"Black","count":93,"tested":1068,"color":"rgb(255,127,14)"},{"description":"White","count":1217,"tested":13812,"color":"rgb(31,119,180)"},{"description":"Hispanic","count":379,"tested":1973,"color":"rgb(214,39,40)"}],"gender":[{"description":"Female","count":1378,"tested":25277,"color":"rgb(255,127,14)"},{"description":"Male","count":1319,"tested":18069,"color":"rgb(31,119,180)"},{"description":"Unknown/Left Blank","count":26,"tested":1506,"color":"rgb(44,160,44)"}]}
