{"age":[{"age_group":"<20","count":363,"tested":2750},{"age_group":"20-29   ","count":297,"tested":2533},{"age_group":"30-39   ","count":278,"tested":3119},{"age_group":"40-49   ","count":345,"tested":3338},{"age_group":"50-59   ","count":310,"tested":2912},{"age_group":"60-69   ","count":198,"tested":2471},{"age_group":"70-79   ","count":134,"tested":1787},{"age_group":"80+","count":84,"tested":1115}],"race":[{"description":"Black","count":33,"tested":286,"color":"rgb(255,127,14)"},{"description":"Asian","count":141,"tested":1233,"color":"rgb(140,86,75)"},{"description":"Hispanic","count":243,"tested":1128,"color":"rgb(214,39,40)"},{"description":"Left Blank","count":619,"tested":9080,"color":"rgb(44,160,44)"},{"description":"White","count":890,"tested":7870,"color":"rgb(31,119,180)"},{"description":"Other","count":79,"tested":402,"color":"rgb(148,103,189)"}],"gender":[{"description":"Female","count":1038,"tested":11134,"color":"rgb(255,127,14)"},{"description":"Male","count":951,"tested":8613,"color":"rgb(31,119,180)"},{"description":"Unknown/Left Blank","count":21,"tested":284,"color":"rgb(44,160,44)"}]}
