{"age":[{"age_group":"<20","count":205,"tested":1280},{"age_group":"20-29   ","count":322,"tested":2477},{"age_group":"30-39   ","count":267,"tested":2343},{"age_group":"40-49   ","count":253,"tested":2151},{"age_group":"50-59   ","count":240,"tested":2206},{"age_group":"60-69   ","count":152,"tested":2465},{"age_group":"70-79   ","count":117,"tested":1733},{"age_group":"80+","count":145,"tested":1441}],"race":[{"description":"Left Blank","count":451,"tested":7010,"color":"rgb(44,160,44)"},{"description":"Other","count":78,"tested":773,"color":"rgb(148,103,189)"},{"description":"Black","count":332,"tested":2776,"color":"rgb(255,127,14)"},{"description":"Hispanic","count":495,"tested":1822,"color":"rgb(214,39,40)"},{"description":"White","count":313,"tested":3551,"color":"rgb(31,119,180)"},{"description":"AI/AN**","count":25,"tested":76,"color":"rgb(31,119,180)"}],"gender":[{"description":"Female","count":953,"tested":9543,"color":"rgb(255,127,14)"},{"description":"Male","count":743,"tested":6157,"color":"rgb(31,119,180)"}]}
