{"age":[{"age_group":"<20","count":292,"tested":2407},{"age_group":"20-29   ","count":455,"tested":4072},{"age_group":"30-39   ","count":534,"tested":4763},{"age_group":"40-49   ","count":438,"tested":4015},{"age_group":"50-59   ","count":414,"tested":4157},{"age_group":"60-69   ","count":287,"tested":3263},{"age_group":"70-79   ","count":114,"tested":1464},{"age_group":"80+","count":80,"tested":1174}],"race":[{"description":"Black","count":37,"tested":310,"color":"rgb(255,127,14)"},{"description":"Hispanic","count":348,"tested":2557,"color":"rgb(214,39,40)"},{"description":"Asian","count":149,"tested":1236,"color":"rgb(140,86,75)"},{"description":"White","count":1381,"tested":11022,"color":"rgb(31,119,180)"},{"description":"Other","count":169,"tested":1144,"color":"rgb(148,103,189)"},{"description":"Left Blank","count":521,"tested":8965,"color":"rgb(44,160,44)"},{"description":"NH/PI*","count":6,"tested":63,"color":"rgb(127,127,127)"}],"gender":[{"description":"Female","count":1266,"tested":13349,"color":"rgb(255,127,14)"},{"description":"Male","count":1323,"tested":11496,"color":"rgb(31,119,180)"},{"description":"Unknown/Left Blank","count":25,"tested":471,"color":"rgb(44,160,44)"}]}
