{"age":[{"age_group":"<20","count":334,"tested":5311},{"age_group":"20-29   ","count":213,"tested":5453},{"age_group":"30-39   ","count":176,"tested":4239},{"age_group":"40-49   ","count":222,"tested":4844},{"age_group":"50-59   ","count":252,"tested":6068},{"age_group":"60-69   ","count":177,"tested":5134},{"age_group":"70-79   ","count":129,"tested":3380},{"age_group":"80+","count":172,"tested":5898}],"race":[{"description":"Other","count":128,"tested":1968,"color":"rgb(148,103,189)"},{"description":"White","count":943,"tested":14930,"color":"rgb(31,119,180)"},{"description":"Black","count":22,"tested":265,"color":"rgb(255,127,14)"},{"description":"Asian","count":59,"tested":863,"color":"rgb(140,86,75)"},{"description":"Left Blank","count":447,"tested":21627,"color":"rgb(44,160,44)"},{"description":"Hispanic","count":72,"tested":645,"color":"rgb(214,39,40)"}],"gender":[{"description":"Female","count":882,"tested":22871,"color":"rgb(255,127,14)"},{"description":"Male","count":770,"tested":16952,"color":"rgb(31,119,180)"},{"description":"Unknown/Left Blank","count":24,"tested":510,"color":"rgb(44,160,44)"}]}
