{"age":[{"age_group":"<20","count":44,"tested":238},{"age_group":"20-29   ","count":38,"tested":367},{"age_group":"30-39   ","count":36,"tested":391},{"age_group":"40-49   ","count":44,"tested":291},{"age_group":"50-59   ","count":56,"tested":505},{"age_group":"60-69   ","count":28,"tested":436},{"age_group":"70-79   ","count":15,"tested":209},{"age_group":"80+","count":7,"tested":118}],"race":[{"description":"White","count":168,"tested":1385,"color":"rgb(31,119,180)"},{"description":"Hispanic","count":19,"tested":98,"color":"rgb(214,39,40)"},{"description":"Black","count":6,"tested":61,"color":"rgb(255,127,14)"},{"description":"Left Blank","count":72,"tested":889,"color":"rgb(44,160,44)"}],"gender":[{"description":"Female","count":130,"tested":1400,"color":"rgb(255,127,14)"},{"description":"Male","count":137,"tested":1114,"color":"rgb(31,119,180)"}]}
