{"age":[{"age_group":"<20","count":230,"tested":4210},{"age_group":"20-29   ","count":317,"tested":7738},{"age_group":"30-39   ","count":323,"tested":8268},{"age_group":"40-49   ","count":291,"tested":6750},{"age_group":"50-59   ","count":275,"tested":8235},{"age_group":"60-69   ","count":211,"tested":7044},{"age_group":"70-79   ","count":102,"tested":3103},{"age_group":"80+","count":121,"tested":2310}],"race":[{"description":"Other","count":146,"tested":2056,"color":"rgb(148,103,189)"},{"description":"Asian","count":58,"tested":1460,"color":"rgb(140,86,75)"},{"description":"Black","count":413,"tested":4484,"color":"rgb(255,127,14)"},{"description":"White","count":540,"tested":11413,"color":"rgb(31,119,180)"},{"description":"Left Blank","count":350,"tested":26152,"color":"rgb(44,160,44)"},{"description":"Hispanic","count":361,"tested":2003,"color":"rgb(214,39,40)"}],"gender":[{"description":"Unknown/Left Blank","count":26,"tested":808,"color":"rgb(44,160,44)"},{"description":"Female","count":992,"tested":26534,"color":"rgb(255,127,14)"},{"description":"Male","count":852,"tested":20320,"color":"rgb(31,119,180)"}]}
