{"age":[{"age_group":"<20","count":201,"tested":1750},{"age_group":"20-29   ","count":313,"tested":3435},{"age_group":"30-39   ","count":318,"tested":3926},{"age_group":"40-49   ","count":302,"tested":4509},{"age_group":"50-59   ","count":383,"tested":6221},{"age_group":"60-69   ","count":250,"tested":4065},{"age_group":"70-79   ","count":104,"tested":2005},{"age_group":"80+","count":33,"tested":978}],"race":[{"description":"Other","count":42,"tested":457,"color":"rgb(148,103,189)"},{"description":"Left Blank","count":580,"tested":9710,"color":"rgb(44,160,44)"},{"description":"Hispanic","count":110,"tested":784,"color":"rgb(214,39,40)"},{"description":"White","count":318,"tested":5013,"color":"rgb(31,119,180)"},{"description":"Black","count":844,"tested":10793,"color":"rgb(255,127,14)"}],"gender":[{"description":"Female","count":1049,"tested":14991,"color":"rgb(255,127,14)"},{"description":"Male","count":831,"tested":11214,"color":"rgb(31,119,180)"},{"description":"Unknown/Left Blank","count":24,"tested":704,"color":"rgb(44,160,44)"}]}
