{"age":[{"age_group":"<20","count":614,"tested":3858},{"age_group":"20-29   ","count":260,"tested":2458},{"age_group":"30-39   ","count":300,"tested":2500},{"age_group":"40-49   ","count":218,"tested":2106},{"age_group":"50-59   ","count":213,"tested":2273},{"age_group":"60-69   ","count":157,"tested":2059},{"age_group":"70-79   ","count":88,"tested":1833},{"age_group":"80+","count":132,"tested":5132}],"race":[{"description":"Black","count":17,"tested":223,"color":"rgb(255,127,14)"},{"description":"Asian","count":144,"tested":1347,"color":"rgb(140,86,75)"},{"description":"Hispanic","count":67,"tested":520,"color":"rgb(214,39,40)"},{"description":"Left Blank","count":1113,"tested":14743,"color":"rgb(44,160,44)"},{"description":"Other","count":224,"tested":1183,"color":"rgb(148,103,189)"},{"description":"White","count":407,"tested":4270,"color":"rgb(31,119,180)"},{"description":"AI/AN**","count":6,"tested":53,"color":"rgb(31,119,180)"}],"gender":[{"description":"Unknown/Left Blank","count":23,"tested":303,"color":"rgb(44,160,44)"},{"description":"Male","count":995,"tested":9441,"color":"rgb(31,119,180)"},{"description":"Female","count":965,"tested":12621,"color":"rgb(255,127,14)"}]}
