{"age":[{"age_group":"<20","count":645,"tested":6523},{"age_group":"20-29   ","count":789,"tested":9486},{"age_group":"30-39   ","count":726,"tested":9500},{"age_group":"40-49   ","count":623,"tested":9233},{"age_group":"50-59   ","count":607,"tested":9489},{"age_group":"60-69   ","count":458,"tested":8164},{"age_group":"70-79   ","count":191,"tested":3824},{"age_group":"80+","count":150,"tested":2562}],"race":[{"description":"Hispanic","count":773,"tested":3470,"color":"rgb(214,39,40)"},{"description":"Asian","count":354,"tested":2523,"color":"rgb(140,86,75)"},{"description":"Left Blank","count":1136,"tested":35136,"color":"rgb(44,160,44)"},{"description":"White","count":1072,"tested":10690,"color":"rgb(31,119,180)"},{"description":"Black","count":423,"tested":3996,"color":"rgb(255,127,14)"},{"description":"Other","count":418,"tested":2838,"color":"rgb(148,103,189)"},{"description":"AI/AN**","count":9,"tested":80,"color":"rgb(31,119,180)"}],"gender":[{"description":"Unknown/Left Blank","count":37,"tested":2654,"color":"rgb(44,160,44)"},{"description":"Male","count":2023,"tested":24428,"color":"rgb(31,119,180)"},{"description":"Female","count":2129,"tested":31721,"color":"rgb(255,127,14)"}]}
