{"age":[{"age_group":"<20","count":118,"tested":735},{"age_group":"20-29   ","count":168,"tested":1145},{"age_group":"30-39   ","count":131,"tested":841},{"age_group":"40-49   ","count":118,"tested":730},{"age_group":"50-59   ","count":90,"tested":775},{"age_group":"60-69   ","count":58,"tested":474},{"age_group":"70-79   ","count":20,"tested":230},{"age_group":"80+","count":8,"tested":115}],"race":[{"description":"White","count":70,"tested":761,"color":"rgb(31,119,180)"},{"description":"Left Blank","count":295,"tested":2514,"color":"rgb(44,160,44)"},{"description":"Other","count":29,"tested":146,"color":"rgb(148,103,189)"},{"description":"Hispanic","count":272,"tested":1150,"color":"rgb(214,39,40)"},{"description":"Black","count":42,"tested":444,"color":"rgb(255,127,14)"}],"gender":[{"description":"Male","count":355,"tested":2216,"color":"rgb(31,119,180)"},{"description":"Female","count":355,"tested":2799,"color":"rgb(255,127,14)"}]}
