{"age":[{"age_group":"<20","count":228,"tested":6747},{"age_group":"20-29   ","count":201,"tested":3946},{"age_group":"30-39   ","count":77,"tested":2347},{"age_group":"40-49   ","count":158,"tested":3443},{"age_group":"50-59   ","count":189,"tested":3890},{"age_group":"60-69   ","count":115,"tested":2979},{"age_group":"70-79   ","count":69,"tested":2148},{"age_group":"80+","count":47,"tested":3104}],"race":[{"description":"Hispanic","count":33,"tested":594,"color":"rgb(214,39,40)"},{"description":"White","count":651,"tested":14981,"color":"rgb(31,119,180)"},{"description":"Asian","count":34,"tested":905,"color":"rgb(140,86,75)"},{"description":"Other","count":79,"tested":1370,"color":"rgb(148,103,189)"},{"description":"Left Blank","count":275,"tested":10401,"color":"rgb(44,160,44)"}],"gender":[{"description":"Male","count":562,"tested":13860,"color":"rgb(31,119,180)"},{"description":"Unknown/Left Blank","count":21,"tested":827,"color":"rgb(44,160,44)"},{"description":"Female","count":501,"tested":13929,"color":"rgb(255,127,14)"}]}
