{"age":[{"age_group":"<20","count":63,"tested":1275},{"age_group":"20-29   ","count":80,"tested":2777},{"age_group":"30-39   ","count":50,"tested":1744},{"age_group":"40-49   ","count":71,"tested":2378},{"age_group":"50-59   ","count":92,"tested":2737},{"age_group":"60-69   ","count":55,"tested":2171},{"age_group":"70-79   ","count":58,"tested":1713},{"age_group":"80+","count":99,"tested":3255}],"race":[{"description":"White","count":322,"tested":5077,"color":"rgb(31,119,180)"},{"description":"Asian","count":25,"tested":1098,"color":"rgb(140,86,75)"},{"description":"Hispanic","count":20,"tested":989,"color":"rgb(214,39,40)"},{"description":"Other","count":34,"tested":462,"color":"rgb(148,103,189)"},{"description":"Left Blank","count":162,"tested":9916,"color":"rgb(44,160,44)"}],"gender":[{"description":"Female","count":308,"tested":11162,"color":"rgb(255,127,14)"},{"description":"Male","count":254,"tested":6459,"color":"rgb(31,119,180)"}]}
