{"age":[{"age_group":"<20","count":332,"tested":2030},{"age_group":"20-29   ","count":442,"tested":2950},{"age_group":"30-39   ","count":396,"tested":2817},{"age_group":"40-49   ","count":421,"tested":2491},{"age_group":"50-59   ","count":365,"tested":2373},{"age_group":"60-69   ","count":197,"tested":1747},{"age_group":"70-79   ","count":99,"tested":718},{"age_group":"80+","count":58,"tested":340}],"race":[{"description":"AI/AN**","count":58,"tested":189,"color":"rgb(31,119,180)"},{"description":"Hispanic","count":959,"tested":3213,"color":"rgb(214,39,40)"},{"description":"White","count":280,"tested":2329,"color":"rgb(31,119,180)"},{"description":"Black","count":230,"tested":2372,"color":"rgb(255,127,14)"},{"description":"Left Blank","count":637,"tested":6054,"color":"rgb(44,160,44)"},{"description":"Other","count":142,"tested":1280,"color":"rgb(148,103,189)"}],"gender":[{"description":"Unknown/Left Blank","count":16,"tested":189,"color":"rgb(44,160,44)"},{"description":"Male","count":1078,"tested":6502,"color":"rgb(31,119,180)"},{"description":"Female","count":1217,"tested":8781,"color":"rgb(255,127,14)"}]}
