{"age":[{"age_group":"<20","count":514,"tested":4635},{"age_group":"20-29   ","count":656,"tested":5926},{"age_group":"30-39   ","count":550,"tested":5311},{"age_group":"40-49   ","count":530,"tested":4965},{"age_group":"50-59   ","count":597,"tested":6199},{"age_group":"60-69   ","count":390,"tested":4570},{"age_group":"70-79   ","count":149,"tested":2391},{"age_group":"80+","count":173,"tested":2846}],"race":[{"description":"Hispanic","count":520,"tested":2060,"color":"rgb(214,39,40)"},{"description":"Left Blank","count":1016,"tested":15477,"color":"rgb(44,160,44)"},{"description":"White","count":1840,"tested":17740,"color":"rgb(31,119,180)"},{"description":"Asian","count":59,"tested":447,"color":"rgb(140,86,75)"},{"description":"Black","count":43,"tested":352,"color":"rgb(255,127,14)"},{"description":"Other","count":75,"tested":677,"color":"rgb(148,103,189)"}],"gender":[{"description":"Female","count":1824,"tested":20888,"color":"rgb(255,127,14)"},{"description":"Male","count":1706,"tested":15534,"color":"rgb(31,119,180)"},{"description":"Unknown/Left Blank","count":30,"tested":425,"color":"rgb(44,160,44)"}]}
