{"age":[{"age_group":"<20","count":151,"tested":952},{"age_group":"20-29   ","count":230,"tested":2006},{"age_group":"30-39   ","count":184,"tested":1808},{"age_group":"40-49   ","count":181,"tested":1566},{"age_group":"50-59   ","count":163,"tested":1842},{"age_group":"60-69   ","count":140,"tested":1554},{"age_group":"70-79   ","count":52,"tested":818},{"age_group":"80+","count":31,"tested":353}],"race":[{"description":"White","count":386,"tested":3147,"color":"rgb(31,119,180)"},{"description":"Asian","count":21,"tested":173,"color":"rgb(140,86,75)"},{"description":"Hispanic","count":129,"tested":595,"color":"rgb(214,39,40)"},{"description":"Left Blank","count":494,"tested":6156,"color":"rgb(44,160,44)"},{"description":"Other","count":77,"tested":557,"color":"rgb(148,103,189)"},{"description":"Black","count":24,"tested":261,"color":"rgb(255,127,14)"}],"gender":[{"description":"Male","count":550,"tested":4478,"color":"rgb(31,119,180)"},{"description":"Female","count":577,"tested":5813,"color":"rgb(255,127,14)"}]}
