{"age":[{"age_group":"<20","count":40,"tested":290},{"age_group":"20-29   ","count":30,"tested":372},{"age_group":"30-39   ","count":31,"tested":336},{"age_group":"40-49   ","count":41,"tested":388},{"age_group":"50-59   ","count":48,"tested":488},{"age_group":"60-69   ","count":34,"tested":403},{"age_group":"70-79   ","count":18,"tested":241}],"race":[{"description":"White","count":155,"tested":1060,"color":"rgb(31,119,180)"},{"description":"Left Blank","count":86,"tested":1616,"color":"rgb(44,160,44)"}],"gender":[{"description":"Male","count":108,"tested":989,"color":"rgb(31,119,180)"},{"description":"Female","count":138,"tested":1691,"color":"rgb(255,127,14)"}]}
