{"age":[{"age_group":"<20","count":2861,"tested":15803},{"age_group":"20-29   ","count":3271,"tested":23520},{"age_group":"30-39   ","count":2794,"tested":17248},{"age_group":"40-49   ","count":2899,"tested":16470},{"age_group":"50-59   ","count":2151,"tested":12981},{"age_group":"60-69   ","count":1238,"tested":8810},{"age_group":"70-79   ","count":445,"tested":3974},{"age_group":"80+","count":180,"tested":1849}],"race":[{"description":"Hispanic","count":9773,"tested":41283,"color":"rgb(214,39,40)"},{"description":"Asian","count":18,"tested":280,"color":"rgb(140,86,75)"},{"description":"Black","count":986,"tested":9144,"color":"rgb(255,127,14)"},{"description":"White","count":744,"tested":7596,"color":"rgb(31,119,180)"},{"description":"Left Blank","count":3652,"tested":37330,"color":"rgb(44,160,44)"},{"description":"Other","count":630,"tested":4781,"color":"rgb(148,103,189)"},{"description":"AI/AN**","count":29,"tested":218,"color":"rgb(31,119,180)"},{"description":"NH/PI*","count":7,"tested":61,"color":"rgb(127,127,127)"}],"gender":[{"description":"Male","count":7588,"tested":43662,"color":"rgb(31,119,180)"},{"description":"Unknown/Left Blank","count":102,"tested":972,"color":"rgb(44,160,44)"},{"description":"Female","count":8149,"tested":56059,"color":"rgb(255,127,14)"}]}
