{"age":[{"age_group":"<20","count":177,"tested":1761},{"age_group":"20-29   ","count":194,"tested":2624},{"age_group":"30-39   ","count":198,"tested":2614},{"age_group":"40-49   ","count":237,"tested":2813},{"age_group":"50-59   ","count":196,"tested":2718},{"age_group":"60-69   ","count":165,"tested":3126},{"age_group":"70-79   ","count":119,"tested":2451},{"age_group":"80+","count":83,"tested":1428}],"race":[{"description":"Black","count":791,"tested":8670,"color":"rgb(255,127,14)"},{"description":"Asian","count":6,"tested":79,"color":"rgb(140,86,75)"},{"description":"Hispanic","count":43,"tested":299,"color":"rgb(214,39,40)"},{"description":"White","count":60,"tested":753,"color":"rgb(31,119,180)"},{"description":"Other","count":16,"tested":243,"color":"rgb(148,103,189)"},{"description":"Left Blank","count":451,"tested":9487,"color":"rgb(44,160,44)"}],"gender":[{"description":"Female","count":810,"tested":12331,"color":"rgb(255,127,14)"},{"description":"Male","count":537,"tested":6705,"color":"rgb(31,119,180)"},{"description":"Unknown/Left Blank","count":22,"tested":530,"color":"rgb(44,160,44)"}]}
