{"age":[{"age_group":"<20","count":384,"tested":3627},{"age_group":"20-29   ","count":521,"tested":5655},{"age_group":"30-39   ","count":414,"tested":4767},{"age_group":"40-49   ","count":424,"tested":4654},{"age_group":"50-59   ","count":435,"tested":5764},{"age_group":"60-69   ","count":319,"tested":5252},{"age_group":"70-79   ","count":161,"tested":3017},{"age_group":"80+","count":134,"tested":2882}],"race":[{"description":"Hispanic","count":736,"tested":3240,"color":"rgb(214,39,40)"},{"description":"Left Blank","count":610,"tested":14738,"color":"rgb(44,160,44)"},{"description":"Other","count":49,"tested":510,"color":"rgb(148,103,189)"},{"description":"Asian","count":45,"tested":616,"color":"rgb(140,86,75)"},{"description":"White","count":1292,"tested":15861,"color":"rgb(31,119,180)"},{"description":"Black","count":53,"tested":585,"color":"rgb(255,127,14)"}],"gender":[{"description":"Female","count":1445,"tested":20852,"color":"rgb(255,127,14)"},{"description":"Male","count":1337,"tested":14298,"color":"rgb(31,119,180)"},{"description":"Unknown/Left Blank","count":11,"tested":488,"color":"rgb(44,160,44)"}]}
