{"age":[{"age_group":"<20","count":69,"tested":1481},{"age_group":"20-29   ","count":636,"tested":13634},{"age_group":"30-39   ","count":452,"tested":10315},{"age_group":"40-49   ","count":160,"tested":3781},{"age_group":"50-59   ","count":178,"tested":4186},{"age_group":"60-69   ","count":158,"tested":3945},{"age_group":"70-79   ","count":107,"tested":3007},{"age_group":"80+","count":107,"tested":2635}],"race":[{"description":"NH/PI*","count":7,"tested":33,"color":"rgb(127,127,127)"},{"description":"Black","count":66,"tested":1424,"color":"rgb(255,127,14)"},{"description":"Asian","count":122,"tested":3921,"color":"rgb(140,86,75)"},{"description":"Other","count":150,"tested":2296,"color":"rgb(148,103,189)"},{"description":"White","count":897,"tested":17139,"color":"rgb(31,119,180)"},{"description":"Left Blank","count":515,"tested":17181,"color":"rgb(44,160,44)"},{"description":"Hispanic","count":109,"tested":910,"color":"rgb(214,39,40)"}],"gender":[{"description":"Female","count":965,"tested":23522,"color":"rgb(255,127,14)"},{"description":"Male","count":856,"tested":18831,"color":"rgb(31,119,180)"},{"description":"Unknown/Left Blank","count":46,"tested":634,"color":"rgb(44,160,44)"}]}
