{"age":[{"age_group":"<20","count":14,"tested":133},{"age_group":"20-29   ","count":18,"tested":122},{"age_group":"30-39   ","count":15,"tested":99},{"age_group":"40-49   ","count":18,"tested":130},{"age_group":"50-59   ","count":24,"tested":158},{"age_group":"60-69   ","count":18,"tested":204},{"age_group":"70-79   ","count":10,"tested":87}],"race":[{"description":"White","count":88,"tested":760,"color":"rgb(31,119,180)"},{"description":"Left Blank","count":24,"tested":158,"color":"rgb(44,160,44)"}],"gender":[{"description":"Male","count":58,"tested":431,"color":"rgb(31,119,180)"},{"description":"Female","count":62,"tested":523,"color":"rgb(255,127,14)"}]}
