{"age":[{"age_group":"<20","count":200,"tested":2092},{"age_group":"20-29   ","count":281,"tested":3007},{"age_group":"30-39   ","count":235,"tested":2744},{"age_group":"40-49   ","count":241,"tested":2759},{"age_group":"50-59   ","count":250,"tested":3466},{"age_group":"60-69   ","count":163,"tested":2659},{"age_group":"70-79   ","count":84,"tested":1543},{"age_group":"80+","count":76,"tested":1210}],"race":[{"description":"White","count":678,"tested":8512,"color":"rgb(31,119,180)"},{"description":"Left Blank","count":360,"tested":6903,"color":"rgb(44,160,44)"},{"description":"Hispanic","count":333,"tested":2132,"color":"rgb(214,39,40)"},{"description":"Other","count":50,"tested":552,"color":"rgb(148,103,189)"},{"description":"Black","count":65,"tested":945,"color":"rgb(255,127,14)"},{"description":"Asian","count":47,"tested":516,"color":"rgb(140,86,75)"}],"gender":[{"description":"Female","count":783,"tested":11136,"color":"rgb(255,127,14)"},{"description":"Male","count":738,"tested":8180,"color":"rgb(31,119,180)"}]}
