{"age":[{"age_group":"<20","count":374,"tested":8556},{"age_group":"20-29   ","count":224,"tested":6080},{"age_group":"30-39   ","count":183,"tested":4577},{"age_group":"40-49   ","count":230,"tested":5288},{"age_group":"50-59   ","count":263,"tested":6683},{"age_group":"60-69   ","count":185,"tested":5652},{"age_group":"70-79   ","count":132,"tested":3818},{"age_group":"80+","count":176,"tested":6618}],"race":[{"description":"Other","count":138,"tested":2228,"color":"rgb(148,103,189)"},{"description":"White","count":1038,"tested":18939,"color":"rgb(31,119,180)"},{"description":"Asian","count":60,"tested":1050,"color":"rgb(140,86,75)"},{"description":"Black","count":24,"tested":393,"color":"rgb(255,127,14)"},{"description":"Left Blank","count":431,"tested":23728,"color":"rgb(44,160,44)"},{"description":"Hispanic","count":72,"tested":900,"color":"rgb(214,39,40)"}],"gender":[{"description":"Female","count":909,"tested":26544,"color":"rgb(255,127,14)"},{"description":"Male","count":833,"tested":20188,"color":"rgb(31,119,180)"},{"description":"Unknown/Left Blank","count":26,"tested":547,"color":"rgb(44,160,44)"}]}
