{"age":[{"age_group":"<20","count":231,"tested":4479},{"age_group":"20-29   ","count":1154,"tested":23370},{"age_group":"30-39   ","count":796,"tested":19230},{"age_group":"40-49   ","count":375,"tested":8748},{"age_group":"50-59   ","count":319,"tested":7634},{"age_group":"60-69   ","count":247,"tested":6140},{"age_group":"70-79   ","count":110,"tested":3300},{"age_group":"80+","count":99,"tested":2314}],"race":[{"description":"White","count":1394,"tested":24291,"color":"rgb(31,119,180)"},{"description":"Asian","count":121,"tested":2019,"color":"rgb(140,86,75)"},{"description":"Black","count":196,"tested":2441,"color":"rgb(255,127,14)"},{"description":"Other","count":180,"tested":2946,"color":"rgb(148,103,189)"},{"description":"Left Blank","count":1083,"tested":40615,"color":"rgb(44,160,44)"},{"description":"Hispanic","count":351,"tested":2828,"color":"rgb(214,39,40)"}],"gender":[{"description":"Female","count":1476,"tested":39030,"color":"rgb(255,127,14)"},{"description":"Male","count":1714,"tested":34839,"color":"rgb(31,119,180)"},{"description":"Unknown/Left Blank","count":141,"tested":1365,"color":"rgb(44,160,44)"}]}
