{"age":[{"age_group":"<20","count":801,"tested":5206},{"age_group":"20-29   ","count":859,"tested":6241},{"age_group":"30-39   ","count":715,"tested":5269},{"age_group":"40-49   ","count":846,"tested":5397},{"age_group":"50-59   ","count":623,"tested":4591},{"age_group":"60-69   ","count":296,"tested":2896},{"age_group":"70-79   ","count":106,"tested":1138},{"age_group":"80+","count":39,"tested":484}],"race":[{"description":"Left Blank","count":1224,"tested":14182,"color":"rgb(44,160,44)"},{"description":"Hispanic","count":1986,"tested":6934,"color":"rgb(214,39,40)"},{"description":"Asian","count":66,"tested":776,"color":"rgb(140,86,75)"},{"description":"White","count":800,"tested":7606,"color":"rgb(31,119,180)"},{"description":"Black","count":112,"tested":964,"color":"rgb(255,127,14)"},{"description":"Other","count":92,"tested":709,"color":"rgb(148,103,189)"}],"gender":[{"description":"Female","count":2193,"tested":18002,"color":"rgb(255,127,14)"},{"description":"Male","count":2061,"tested":12787,"color":"rgb(31,119,180)"},{"description":"Unknown/Left Blank","count":31,"tested":441,"color":"rgb(44,160,44)"}]}
