{"age":[{"age_group":"<20","count":479,"tested":3587},{"age_group":"20-29   ","count":572,"tested":5809},{"age_group":"30-39   ","count":557,"tested":5204},{"age_group":"40-49   ","count":578,"tested":5808},{"age_group":"50-59   ","count":498,"tested":6133},{"age_group":"60-69   ","count":338,"tested":4923},{"age_group":"70-79   ","count":172,"tested":2872},{"age_group":"80+","count":95,"tested":1844}],"race":[{"description":"Hispanic","count":511,"tested":2534,"color":"rgb(214,39,40)"},{"description":"White","count":148,"tested":1589,"color":"rgb(31,119,180)"},{"description":"Asian","count":8,"tested":32,"color":"rgb(140,86,75)"},{"description":"Black","count":1381,"tested":15166,"color":"rgb(255,127,14)"},{"description":"Left Blank","count":1160,"tested":16200,"color":"rgb(44,160,44)"},{"description":"Other","count":80,"tested":645,"color":"rgb(148,103,189)"}],"gender":[{"description":"Male","count":1368,"tested":13358,"color":"rgb(31,119,180)"},{"description":"Unknown/Left Blank","count":48,"tested":982,"color":"rgb(44,160,44)"},{"description":"Female","count":1875,"tested":21863,"color":"rgb(255,127,14)"}]}
