{"age":[{"age_group":"<20","count":65,"tested":575},{"age_group":"20-29   ","count":64,"tested":722},{"age_group":"30-39   ","count":72,"tested":625},{"age_group":"40-49   ","count":76,"tested":958},{"age_group":"50-59   ","count":84,"tested":1156},{"age_group":"60-69   ","count":57,"tested":951},{"age_group":"70-79   ","count":29,"tested":505},{"age_group":"80+","count":24,"tested":295}],"race":[{"description":"Left Blank","count":102,"tested":1135,"color":"rgb(44,160,44)"},{"description":"White","count":248,"tested":3361,"color":"rgb(31,119,180)"},{"description":"Hispanic","count":44,"tested":297,"color":"rgb(214,39,40)"},{"description":"Black","count":67,"tested":804,"color":"rgb(255,127,14)"},{"description":"Other","count":10,"tested":176,"color":"rgb(148,103,189)"}],"gender":[{"description":"Female","count":263,"tested":3627,"color":"rgb(255,127,14)"},{"description":"Male","count":208,"tested":2129,"color":"rgb(31,119,180)"}]}
