{"age":[{"age_group":"<20","count":433,"tested":4569},{"age_group":"20-29   ","count":465,"tested":8177},{"age_group":"30-39   ","count":426,"tested":7603},{"age_group":"40-49   ","count":401,"tested":7414},{"age_group":"50-59   ","count":338,"tested":7394},{"age_group":"60-69   ","count":203,"tested":5929},{"age_group":"70-79   ","count":156,"tested":5398},{"age_group":"80+","count":362,"tested":12326}],"race":[{"description":"Hispanic","count":330,"tested":2006,"color":"rgb(214,39,40)"},{"description":"Asian","count":152,"tested":3168,"color":"rgb(140,86,75)"},{"description":"White","count":1495,"tested":18919,"color":"rgb(31,119,180)"},{"description":"Left Blank","count":536,"tested":31378,"color":"rgb(44,160,44)"},{"description":"Other","count":82,"tested":1099,"color":"rgb(148,103,189)"},{"description":"Black","count":184,"tested":2187,"color":"rgb(255,127,14)"}],"gender":[{"description":"Male","count":1230,"tested":20034,"color":"rgb(31,119,180)"},{"description":"Unknown/Left Blank","count":19,"tested":950,"color":"rgb(44,160,44)"},{"description":"Female","count":1535,"tested":37835,"color":"rgb(255,127,14)"}]}
