{"age":[{"age_group":"<20","count":106,"tested":924},{"age_group":"20-29   ","count":125,"tested":1208},{"age_group":"30-39   ","count":81,"tested":828},{"age_group":"40-49   ","count":124,"tested":844},{"age_group":"50-59   ","count":111,"tested":1000},{"age_group":"60-69   ","count":118,"tested":1449},{"age_group":"70-79   ","count":62,"tested":1323},{"age_group":"80+","count":69,"tested":2499}],"race":[{"description":"White","count":347,"tested":3689,"color":"rgb(31,119,180)"},{"description":"Other","count":30,"tested":257,"color":"rgb(148,103,189)"},{"description":"Left Blank","count":369,"tested":5753,"color":"rgb(44,160,44)"},{"description":"Black","count":7,"tested":40,"color":"rgb(255,127,14)"},{"description":"Hispanic","count":36,"tested":236,"color":"rgb(214,39,40)"},{"description":"Asian","count":6,"tested":95,"color":"rgb(140,86,75)"}],"gender":[{"description":"Female","count":436,"tested":6124,"color":"rgb(255,127,14)"},{"description":"Male","count":352,"tested":3902,"color":"rgb(31,119,180)"}]}
