{"age":[{"age_group":"<20","count":2208,"tested":13500},{"age_group":"20-29   ","count":2645,"tested":20351},{"age_group":"30-39   ","count":2512,"tested":17664},{"age_group":"40-49   ","count":2381,"tested":15232},{"age_group":"50-59   ","count":1942,"tested":13757},{"age_group":"60-69   ","count":1092,"tested":9667},{"age_group":"70-79   ","count":522,"tested":4430},{"age_group":"80+","count":182,"tested":1684}],"race":[{"description":"AI/AN**","count":10,"tested":79,"color":"rgb(31,119,180)"},{"description":"NH/PI*","count":7,"tested":84,"color":"rgb(127,127,127)"},{"description":"Left Blank","count":2286,"tested":28616,"color":"rgb(44,160,44)"},{"description":"White","count":727,"tested":7835,"color":"rgb(31,119,180)"},{"description":"Asian","count":64,"tested":739,"color":"rgb(140,86,75)"},{"description":"Other","count":479,"tested":4584,"color":"rgb(148,103,189)"},{"description":"Black","count":730,"tested":7355,"color":"rgb(255,127,14)"},{"description":"Hispanic","count":9181,"tested":47162,"color":"rgb(214,39,40)"}],"gender":[{"description":"Unknown/Left Blank","count":82,"tested":985,"color":"rgb(44,160,44)"},{"description":"Male","count":6545,"tested":43476,"color":"rgb(31,119,180)"},{"description":"Female","count":6857,"tested":51993,"color":"rgb(255,127,14)"}]}
