{"age":[{"age_group":"<20","count":649,"tested":4790},{"age_group":"20-29   ","count":728,"tested":7495},{"age_group":"30-39   ","count":630,"tested":6340},{"age_group":"40-49   ","count":646,"tested":5159},{"age_group":"50-59   ","count":642,"tested":6637},{"age_group":"60-69   ","count":468,"tested":5237},{"age_group":"70-79   ","count":193,"tested":2492},{"age_group":"80+","count":178,"tested":2638}],"race":[{"description":"Hispanic","count":759,"tested":2520,"color":"rgb(214,39,40)"},{"description":"Left Blank","count":885,"tested":19489,"color":"rgb(44,160,44)"},{"description":"White","count":1697,"tested":12844,"color":"rgb(31,119,180)"},{"description":"Asian","count":445,"tested":3104,"color":"rgb(140,86,75)"},{"description":"Black","count":185,"tested":1521,"color":"rgb(255,127,14)"},{"description":"NH/PI*","count":7,"tested":33,"color":"rgb(127,127,127)"},{"description":"Other","count":151,"tested":1243,"color":"rgb(148,103,189)"}],"gender":[{"description":"Male","count":1990,"tested":16997,"color":"rgb(31,119,180)"},{"description":"Unknown/Left Blank","count":20,"tested":572,"color":"rgb(44,160,44)"},{"description":"Female","count":2124,"tested":23224,"color":"rgb(255,127,14)"}]}
