{"age":[{"age_group":"<20","count":1129,"tested":9613},{"age_group":"20-29   ","count":1292,"tested":13242},{"age_group":"30-39   ","count":1124,"tested":11657},{"age_group":"40-49   ","count":1150,"tested":11179},{"age_group":"50-59   ","count":1057,"tested":11226},{"age_group":"60-69   ","count":752,"tested":9780},{"age_group":"70-79   ","count":390,"tested":6005},{"age_group":"80+","count":224,"tested":3582}],"race":[{"description":"Left Blank","count":1834,"tested":25977,"color":"rgb(44,160,44)"},{"description":"Other","count":156,"tested":1753,"color":"rgb(148,103,189)"},{"description":"White","count":637,"tested":6531,"color":"rgb(31,119,180)"},{"description":"Asian","count":18,"tested":137,"color":"rgb(140,86,75)"},{"description":"Hispanic","count":2499,"tested":16026,"color":"rgb(214,39,40)"},{"description":"Black","count":1961,"tested":25698,"color":"rgb(255,127,14)"},{"description":"AI/AN**","count":12,"tested":143,"color":"rgb(31,119,180)"}],"gender":[{"description":"Male","count":3271,"tested":31594,"color":"rgb(31,119,180)"},{"description":"Unknown/Left Blank","count":36,"tested":1018,"color":"rgb(44,160,44)"},{"description":"Female","count":3811,"tested":43712,"color":"rgb(255,127,14)"}]}
