{"age":[{"age_group":"<20","count":599,"tested":3731},{"age_group":"20-29   ","count":708,"tested":6149},{"age_group":"30-39   ","count":652,"tested":5331},{"age_group":"40-49   ","count":619,"tested":5065},{"age_group":"50-59   ","count":515,"tested":4664},{"age_group":"60-69   ","count":380,"tested":3450},{"age_group":"70-79   ","count":154,"tested":1829},{"age_group":"80+","count":38,"tested":835}],"race":[{"description":"AI/AN**","count":6,"tested":15,"color":"rgb(31,119,180)"},{"description":"Other","count":148,"tested":1398,"color":"rgb(148,103,189)"},{"description":"Left Blank","count":810,"tested":15623,"color":"rgb(44,160,44)"},{"description":"Black","count":126,"tested":1194,"color":"rgb(255,127,14)"},{"description":"White","count":725,"tested":5374,"color":"rgb(31,119,180)"},{"description":"Hispanic","count":1319,"tested":4071,"color":"rgb(214,39,40)"},{"description":"Asian","count":529,"tested":3301,"color":"rgb(140,86,75)"}],"gender":[{"description":"Male","count":1777,"tested":13434,"color":"rgb(31,119,180)"},{"description":"Unknown/Left Blank","count":16,"tested":304,"color":"rgb(44,160,44)"},{"description":"Female","count":1872,"tested":17332,"color":"rgb(255,127,14)"}]}
