{"age":[{"age_group":"<20","count":407,"tested":4155},{"age_group":"20-29   ","count":161,"tested":2647},{"age_group":"30-39   ","count":98,"tested":2171},{"age_group":"40-49   ","count":185,"tested":2934},{"age_group":"50-59   ","count":278,"tested":3785},{"age_group":"60-69   ","count":175,"tested":2927},{"age_group":"70-79   ","count":95,"tested":2120},{"age_group":"80+","count":98,"tested":2129}],"race":[{"description":"Hispanic","count":58,"tested":398,"color":"rgb(214,39,40)"},{"description":"Left Blank","count":396,"tested":11921,"color":"rgb(44,160,44)"},{"description":"Asian","count":48,"tested":812,"color":"rgb(140,86,75)"},{"description":"White","count":916,"tested":8501,"color":"rgb(31,119,180)"},{"description":"Black","count":23,"tested":422,"color":"rgb(255,127,14)"},{"description":"Other","count":55,"tested":794,"color":"rgb(148,103,189)"}],"gender":[{"description":"Male","count":718,"tested":9785,"color":"rgb(31,119,180)"},{"description":"Female","count":756,"tested":12893,"color":"rgb(255,127,14)"},{"description":"Unknown/Left Blank","count":23,"tested":192,"color":"rgb(44,160,44)"}]}
