{"age":[{"age_group":"<20","count":11,"tested":154},{"age_group":"20-29   ","count":9,"tested":150},{"age_group":"40-49   ","count":10,"tested":234},{"age_group":"50-59   ","count":7,"tested":143},{"age_group":"60-69   ","count":6,"tested":142}],"race":[{"description":"Hispanic","count":9,"tested":44,"color":"rgb(214,39,40)"},{"description":"White","count":38,"tested":764,"color":"rgb(31,119,180)"}],"gender":[{"description":"Female","count":27,"tested":581,"color":"rgb(255,127,14)"},{"description":"Male","count":25,"tested":415,"color":"rgb(31,119,180)"}]}
