{"age":[{"age_group":"<20","count":69,"tested":664},{"age_group":"20-29   ","count":115,"tested":1405},{"age_group":"30-39   ","count":76,"tested":1447},{"age_group":"40-49   ","count":86,"tested":1297},{"age_group":"50-59   ","count":115,"tested":1816},{"age_group":"60-69   ","count":108,"tested":1748},{"age_group":"70-79   ","count":69,"tested":1067},{"age_group":"80+","count":25,"tested":479}],"race":[{"description":"Black","count":38,"tested":1102,"color":"rgb(255,127,14)"},{"description":"White","count":340,"tested":5828,"color":"rgb(31,119,180)"},{"description":"Other","count":13,"tested":199,"color":"rgb(148,103,189)"},{"description":"Hispanic","count":100,"tested":551,"color":"rgb(214,39,40)"},{"description":"Left Blank","count":169,"tested":2213,"color":"rgb(44,160,44)"}],"gender":[{"description":"Female","count":311,"tested":5738,"color":"rgb(255,127,14)"},{"description":"Male","count":348,"tested":4078,"color":"rgb(31,119,180)"}]}
