{"age":[{"age_group":"<20","count":295,"tested":4185},{"age_group":"20-29   ","count":703,"tested":14174},{"age_group":"30-39   ","count":697,"tested":13390},{"age_group":"40-49   ","count":485,"tested":8870},{"age_group":"50-59   ","count":446,"tested":9163},{"age_group":"60-69   ","count":372,"tested":9188},{"age_group":"70-79   ","count":183,"tested":5193},{"age_group":"80+","count":156,"tested":3249}],"race":[{"description":"Black","count":787,"tested":11167,"color":"rgb(255,127,14)"},{"description":"Hispanic","count":394,"tested":3250,"color":"rgb(214,39,40)"},{"description":"Other","count":155,"tested":2303,"color":"rgb(148,103,189)"},{"description":"Left Blank","count":976,"tested":34770,"color":"rgb(44,160,44)"},{"description":"White","count":558,"tested":9202,"color":"rgb(31,119,180)"},{"description":"Asian","count":459,"tested":6612,"color":"rgb(140,86,75)"}],"gender":[{"description":"Female","count":1656,"tested":34296,"color":"rgb(255,127,14)"},{"description":"Unknown/Left Blank","count":61,"tested":2113,"color":"rgb(44,160,44)"},{"description":"Male","count":1620,"tested":31019,"color":"rgb(31,119,180)"}]}
