{"age":[{"age_group":"<20","count":72,"tested":1465},{"age_group":"20-29   ","count":83,"tested":2935},{"age_group":"30-39   ","count":49,"tested":1829},{"age_group":"40-49   ","count":73,"tested":2528},{"age_group":"50-59   ","count":96,"tested":2900},{"age_group":"60-69   ","count":58,"tested":2317},{"age_group":"70-79   ","count":58,"tested":1849},{"age_group":"80+","count":101,"tested":3675}],"race":[{"description":"White","count":340,"tested":5600,"color":"rgb(31,119,180)"},{"description":"Asian","count":26,"tested":1166,"color":"rgb(140,86,75)"},{"description":"Hispanic","count":21,"tested":1018,"color":"rgb(214,39,40)"},{"description":"Black","count":6,"tested":539,"color":"rgb(255,127,14)"},{"description":"Other","count":37,"tested":491,"color":"rgb(148,103,189)"},{"description":"Left Blank","count":159,"tested":10697,"color":"rgb(44,160,44)"}],"gender":[{"description":"Female","count":313,"tested":11992,"color":"rgb(255,127,14)"},{"description":"Male","count":270,"tested":7016,"color":"rgb(31,119,180)"}]}
