{"age":[{"age_group":"<20","count":20,"tested":144},{"age_group":"20-29   ","count":8,"tested":95},{"age_group":"30-39   ","count":16,"tested":104},{"age_group":"40-49   ","count":13,"tested":111},{"age_group":"50-59   ","count":24,"tested":119},{"age_group":"60-69   ","count":9,"tested":114},{"age_group":"70-79   ","count":6,"tested":76}],"race":[{"description":"White","count":78,"tested":536,"color":"rgb(31,119,180)"},{"description":"Left Blank","count":16,"tested":208,"color":"rgb(44,160,44)"}],"gender":[{"description":"Female","count":54,"tested":514,"color":"rgb(255,127,14)"},{"description":"Male","count":44,"tested":287,"color":"rgb(31,119,180)"}]}
