{"age":[{"age_group":"<20","count":10,"tested":170},{"age_group":"20-29   ","count":15,"tested":238},{"age_group":"40-49   ","count":17,"tested":161},{"age_group":"50-59   ","count":15,"tested":350},{"age_group":"60-69   ","count":18,"tested":221},{"age_group":"70-79   ","count":12,"tested":141}],"race":[{"description":"Left Blank","count":30,"tested":1003,"color":"rgb(44,160,44)"},{"description":"White","count":71,"tested":621,"color":"rgb(31,119,180)"}],"gender":[{"description":"Female","count":56,"tested":941,"color":"rgb(255,127,14)"},{"description":"Male","count":48,"tested":677,"color":"rgb(31,119,180)"}]}
