{"age":[{"age_group":"<20","count":26,"tested":276},{"age_group":"20-29   ","count":16,"tested":122},{"age_group":"30-39   ","count":20,"tested":166},{"age_group":"40-49   ","count":21,"tested":176},{"age_group":"50-59   ","count":31,"tested":261},{"age_group":"60-69   ","count":20,"tested":142},{"age_group":"70-79   ","count":8,"tested":93}],"race":[{"description":"White","count":68,"tested":596,"color":"rgb(31,119,180)"},{"description":"Left Blank","count":75,"tested":673,"color":"rgb(44,160,44)"}],"gender":[{"description":"Female","count":67,"tested":690,"color":"rgb(255,127,14)"},{"description":"Male","count":78,"tested":584,"color":"rgb(31,119,180)"}]}
