{"age":[{"age_group":"<20","count":52,"tested":541},{"age_group":"20-29   ","count":62,"tested":757},{"age_group":"30-39   ","count":52,"tested":640},{"age_group":"40-49   ","count":55,"tested":704},{"age_group":"50-59   ","count":40,"tested":655},{"age_group":"60-69   ","count":30,"tested":621},{"age_group":"70-79   ","count":18,"tested":253},{"age_group":"80+","count":7,"tested":157}],"race":[{"description":"Other","count":8,"tested":47,"color":"rgb(148,103,189)"},{"description":"White","count":217,"tested":3073,"color":"rgb(31,119,180)"},{"description":"Left Blank","count":88,"tested":1123,"color":"rgb(44,160,44)"}],"gender":[{"description":"Female","count":179,"tested":3158,"color":"rgb(255,127,14)"},{"description":"Male","count":138,"tested":1048,"color":"rgb(31,119,180)"}]}
