{"age":[{"age_group":"<20","count":49,"tested":395},{"age_group":"20-29   ","count":42,"tested":396},{"age_group":"30-39   ","count":54,"tested":650},{"age_group":"40-49   ","count":53,"tested":508},{"age_group":"50-59   ","count":54,"tested":708},{"age_group":"60-69   ","count":49,"tested":685},{"age_group":"70-79   ","count":37,"tested":609},{"age_group":"80+","count":60,"tested":1281}],"race":[{"description":"Hispanic","count":11,"tested":62,"color":"rgb(214,39,40)"},{"description":"Left Blank","count":178,"tested":2732,"color":"rgb(44,160,44)"},{"description":"White","count":205,"tested":2361,"color":"rgb(31,119,180)"}],"gender":[{"description":"Female","count":236,"tested":3522,"color":"rgb(255,127,14)"},{"description":"Male","count":161,"tested":1662,"color":"rgb(31,119,180)"}]}
