{"age":[{"age_group":"<20","count":260,"tested":1166},{"age_group":"20-29   ","count":262,"tested":1168},{"age_group":"30-39   ","count":227,"tested":1083},{"age_group":"40-49   ","count":262,"tested":1121},{"age_group":"50-59   ","count":250,"tested":1251},{"age_group":"60-69   ","count":209,"tested":890},{"age_group":"70-79   ","count":151,"tested":489},{"age_group":"80+","count":132,"tested":234}],"race":[{"description":"Other","count":134,"tested":236,"color":"rgb(148,103,189)"},{"description":"Left Blank","count":456,"tested":2750,"color":"rgb(44,160,44)"},{"description":"White","count":515,"tested":3998,"color":"rgb(31,119,180)"},{"description":"Hispanic","count":172,"tested":290,"color":"rgb(214,39,40)"},{"description":"Black","count":123,"tested":82,"color":"rgb(255,127,14)"}],"gender":[{"description":"Female","count":532,"tested":4029,"color":"rgb(255,127,14)"},{"description":"Unknown/Left Blank","count":123,"tested":28,"color":"rgb(44,160,44)"},{"description":"Male","count":513,"tested":3345,"color":"rgb(31,119,180)"}]}
