{"age":[{"age_group":"<20","count":383,"tested":2274},{"age_group":"20-29   ","count":395,"tested":2974},{"age_group":"30-39   ","count":350,"tested":2686},{"age_group":"40-49   ","count":434,"tested":3210},{"age_group":"50-59   ","count":407,"tested":3103},{"age_group":"60-69   ","count":241,"tested":2415},{"age_group":"70-79   ","count":224,"tested":2622},{"age_group":"80+","count":194,"tested":2420}],"race":[{"description":"Hispanic","count":354,"tested":1363,"color":"rgb(214,39,40)"},{"description":"Left Blank","count":747,"tested":9782,"color":"rgb(44,160,44)"},{"description":"Other","count":178,"tested":716,"color":"rgb(148,103,189)"},{"description":"White","count":770,"tested":8297,"color":"rgb(31,119,180)"},{"description":"Asian","count":152,"tested":516,"color":"rgb(140,86,75)"},{"description":"Black","count":201,"tested":991,"color":"rgb(255,127,14)"}],"gender":[{"description":"Unknown/Left Blank","count":122,"tested":203,"color":"rgb(44,160,44)"},{"description":"Female","count":1008,"tested":12874,"color":"rgb(255,127,14)"},{"description":"Male","count":938,"tested":8631,"color":"rgb(31,119,180)"}]}
