{"age":[{"age_group":"<20","count":44,"tested":685},{"age_group":"20-29   ","count":292,"tested":5877},{"age_group":"30-39   ","count":197,"tested":3695},{"age_group":"40-49   ","count":76,"tested":1199},{"age_group":"50-59   ","count":69,"tested":1312},{"age_group":"60-69   ","count":52,"tested":1066},{"age_group":"70-79   ","count":45,"tested":671},{"age_group":"80+","count":33,"tested":362}],"race":[{"description":"White","count":279,"tested":4195,"color":"rgb(31,119,180)"},{"description":"Black","count":75,"tested":1081,"color":"rgb(255,127,14)"},{"description":"Asian","count":60,"tested":1215,"color":"rgb(140,86,75)"},{"description":"Other","count":46,"tested":766,"color":"rgb(148,103,189)"},{"description":"Left Blank","count":257,"tested":7172,"color":"rgb(44,160,44)"},{"description":"Hispanic","count":60,"tested":389,"color":"rgb(214,39,40)"}],"gender":[{"description":"Female","count":337,"tested":7520,"color":"rgb(255,127,14)"},{"description":"Male","count":380,"tested":6982,"color":"rgb(31,119,180)"}]}
