{"age":[{"age_group":"<20","count":16,"tested":182},{"age_group":"20-29   ","count":31,"tested":230},{"age_group":"30-39   ","count":25,"tested":145},{"age_group":"40-49   ","count":27,"tested":175},{"age_group":"50-59   ","count":28,"tested":208},{"age_group":"60-69   ","count":15,"tested":142},{"age_group":"70-79   ","count":14,"tested":82}],"race":[{"description":"White","count":91,"tested":751,"color":"rgb(31,119,180)"},{"description":"Left Blank","count":34,"tested":329,"color":"rgb(44,160,44)"},{"description":"Other","count":12,"tested":64,"color":"rgb(148,103,189)"}],"gender":[{"description":"Male","count":72,"tested":532,"color":"rgb(31,119,180)"},{"description":"Female","count":67,"tested":653,"color":"rgb(255,127,14)"}]}
