{"age":[{"age_group":"<20","count":619,"tested":3818},{"age_group":"20-29   ","count":714,"tested":7322},{"age_group":"30-39   ","count":693,"tested":7650},{"age_group":"40-49   ","count":650,"tested":7446},{"age_group":"50-59   ","count":628,"tested":7921},{"age_group":"60-69   ","count":501,"tested":6868},{"age_group":"70-79   ","count":323,"tested":3524},{"age_group":"80+","count":295,"tested":3228}],"race":[{"description":"Other","count":177,"tested":1613,"color":"rgb(148,103,189)"},{"description":"Left Blank","count":851,"tested":10102,"color":"rgb(44,160,44)"},{"description":"Black","count":889,"tested":12978,"color":"rgb(255,127,14)"},{"description":"Hispanic","count":704,"tested":2433,"color":"rgb(214,39,40)"},{"description":"Asian","count":105,"tested":197,"color":"rgb(140,86,75)"},{"description":"White","count":1500,"tested":20402,"color":"rgb(31,119,180)"}],"gender":[{"description":"Unknown/Left Blank","count":110,"tested":321,"color":"rgb(44,160,44)"},{"description":"Male","count":1739,"tested":18311,"color":"rgb(31,119,180)"},{"description":"Female","count":2084,"tested":29161,"color":"rgb(255,127,14)"}]}
