{"age":[{"age_group":"<20","count":206,"tested":1805},{"age_group":"20-29   ","count":141,"tested":953},{"age_group":"30-39   ","count":116,"tested":1076},{"age_group":"40-49   ","count":195,"tested":1317},{"age_group":"50-59   ","count":168,"tested":1109},{"age_group":"60-69   ","count":112,"tested":955},{"age_group":"70-79   ","count":78,"tested":661},{"age_group":"80+","count":53,"tested":436}],"race":[{"description":"Other","count":50,"tested":118,"color":"rgb(148,103,189)"},{"description":"Black","count":35,"tested":85,"color":"rgb(255,127,14)"},{"description":"White","count":562,"tested":4826,"color":"rgb(31,119,180)"},{"description":"Hispanic","count":64,"tested":164,"color":"rgb(214,39,40)"},{"description":"Left Blank","count":267,"tested":3072,"color":"rgb(44,160,44)"}],"gender":[{"description":"Male","count":435,"tested":3470,"color":"rgb(31,119,180)"},{"description":"Female","count":457,"tested":4773,"color":"rgb(255,127,14)"}]}
