{"age":[{"age_group":"<20","count":703,"tested":4394},{"age_group":"20-29   ","count":837,"tested":7539},{"age_group":"30-39   ","count":767,"tested":7076},{"age_group":"40-49   ","count":762,"tested":6570},{"age_group":"50-59   ","count":684,"tested":7380},{"age_group":"60-69   ","count":443,"tested":5201},{"age_group":"70-79   ","count":319,"tested":3591},{"age_group":"80+","count":262,"tested":2609}],"race":[{"description":"AI/AN**","count":125,"tested":36,"color":"rgb(31,119,180)"},{"description":"NH/PI*","count":124,"tested":38,"color":"rgb(127,127,127)"},{"description":"Asian","count":262,"tested":1758,"color":"rgb(140,86,75)"},{"description":"Other","count":303,"tested":1531,"color":"rgb(148,103,189)"},{"description":"White","count":779,"tested":8233,"color":"rgb(31,119,180)"},{"description":"Left Blank","count":1403,"tested":22883,"color":"rgb(44,160,44)"},{"description":"Black","count":597,"tested":4863,"color":"rgb(255,127,14)"},{"description":"Hispanic","count":1184,"tested":5036,"color":"rgb(214,39,40)"}],"gender":[{"description":"Male","count":1906,"tested":17519,"color":"rgb(31,119,180)"},{"description":"Unknown/Left Blank","count":134,"tested":597,"color":"rgb(44,160,44)"},{"description":"Female","count":2147,"tested":26262,"color":"rgb(255,127,14)"}]}
