{"age":[{"age_group":"<20","count":381,"tested":2161},{"age_group":"20-29   ","count":438,"tested":3322},{"age_group":"30-39   ","count":436,"tested":2982},{"age_group":"40-49   ","count":444,"tested":3377},{"age_group":"50-59   ","count":440,"tested":3398},{"age_group":"60-69   ","count":334,"tested":2723},{"age_group":"70-79   ","count":201,"tested":1430},{"age_group":"80+","count":144,"tested":798}],"race":[{"description":"Hispanic","count":398,"tested":1716,"color":"rgb(214,39,40)"},{"description":"Left Blank","count":1031,"tested":9470,"color":"rgb(44,160,44)"},{"description":"Asian","count":72,"tested":82,"color":"rgb(140,86,75)"},{"description":"White","count":432,"tested":2865,"color":"rgb(31,119,180)"},{"description":"Black","count":620,"tested":5564,"color":"rgb(255,127,14)"},{"description":"Other","count":139,"tested":465,"color":"rgb(148,103,189)"}],"gender":[{"description":"Male","count":1100,"tested":7606,"color":"rgb(31,119,180)"},{"description":"Female","count":1337,"tested":12298,"color":"rgb(255,127,14)"},{"description":"Unknown/Left Blank","count":81,"tested":290,"color":"rgb(44,160,44)"}]}
