{"age":[{"age_group":"<20","count":231,"tested":2109},{"age_group":"20-29   ","count":256,"tested":3387},{"age_group":"30-39   ","count":238,"tested":2391},{"age_group":"40-49   ","count":271,"tested":2904},{"age_group":"50-59   ","count":269,"tested":2725},{"age_group":"60-69   ","count":188,"tested":2014},{"age_group":"70-79   ","count":143,"tested":1153},{"age_group":"80+","count":144,"tested":2066}],"race":[{"description":"Asian","count":163,"tested":1368,"color":"rgb(140,86,75)"},{"description":"Black","count":108,"tested":316,"color":"rgb(255,127,14)"},{"description":"Other","count":159,"tested":821,"color":"rgb(148,103,189)"},{"description":"Left Blank","count":350,"tested":9035,"color":"rgb(44,160,44)"},{"description":"White","count":494,"tested":5958,"color":"rgb(31,119,180)"},{"description":"Hispanic","count":287,"tested":1073,"color":"rgb(214,39,40)"}],"gender":[{"description":"Female","count":627,"tested":10398,"color":"rgb(255,127,14)"},{"description":"Male","count":589,"tested":7867,"color":"rgb(31,119,180)"},{"description":"Unknown/Left Blank","count":94,"tested":492,"color":"rgb(44,160,44)"}]}
