{"age":[{"age_group":"<20","count":224,"tested":1687},{"age_group":"20-29   ","count":294,"tested":3465},{"age_group":"30-39   ","count":280,"tested":3561},{"age_group":"40-49   ","count":305,"tested":3355},{"age_group":"50-59   ","count":298,"tested":4123},{"age_group":"60-69   ","count":310,"tested":4009},{"age_group":"70-79   ","count":229,"tested":2837},{"age_group":"80+","count":168,"tested":2742}],"race":[{"description":"Hispanic","count":230,"tested":777,"color":"rgb(214,39,40)"},{"description":"Left Blank","count":686,"tested":17011,"color":"rgb(44,160,44)"},{"description":"White","count":722,"tested":6065,"color":"rgb(31,119,180)"},{"description":"Black","count":84,"tested":496,"color":"rgb(255,127,14)"},{"description":"Asian","count":180,"tested":960,"color":"rgb(140,86,75)"},{"description":"Other","count":107,"tested":444,"color":"rgb(148,103,189)"}],"gender":[{"description":"Female","count":918,"tested":14575,"color":"rgb(255,127,14)"},{"description":"Male","count":893,"tested":10485,"color":"rgb(31,119,180)"},{"description":"Unknown/Left Blank","count":67,"tested":729,"color":"rgb(44,160,44)"}]}
