{"age":[{"age_group":"<20","count":801,"tested":5375},{"age_group":"20-29   ","count":1477,"tested":19299},{"age_group":"30-39   ","count":1265,"tested":15693},{"age_group":"40-49   ","count":1040,"tested":9244},{"age_group":"50-59   ","count":890,"tested":7009},{"age_group":"60-69   ","count":586,"tested":5434},{"age_group":"70-79   ","count":319,"tested":2524},{"age_group":"80+","count":190,"tested":1454}],"race":[{"description":"Other","count":279,"tested":3042,"color":"rgb(148,103,189)"},{"description":"Left Blank","count":1107,"tested":20023,"color":"rgb(44,160,44)"},{"description":"Hispanic","count":3533,"tested":20749,"color":"rgb(214,39,40)"},{"description":"Asian","count":176,"tested":2464,"color":"rgb(140,86,75)"},{"description":"White","count":695,"tested":11956,"color":"rgb(31,119,180)"},{"description":"Black","count":659,"tested":7671,"color":"rgb(255,127,14)"},{"description":"AI/AN**","count":61,"tested":99,"color":"rgb(31,119,180)"}],"gender":[{"description":"Unknown/Left Blank","count":113,"tested":2012,"color":"rgb(44,160,44)"},{"description":"Male","count":3232,"tested":31770,"color":"rgb(31,119,180)"},{"description":"Female","count":2948,"tested":32269,"color":"rgb(255,127,14)"}]}
