{"age":[{"age_group":"<20","count":83,"tested":1111},{"age_group":"20-29   ","count":534,"tested":9563},{"age_group":"30-39   ","count":392,"tested":7899},{"age_group":"40-49   ","count":164,"tested":2833},{"age_group":"50-59   ","count":171,"tested":3286},{"age_group":"60-69   ","count":158,"tested":3219},{"age_group":"70-79   ","count":117,"tested":2503},{"age_group":"80+","count":113,"tested":2222}],"race":[{"description":"NH/PI*","count":39,"tested":26,"color":"rgb(127,127,127)"},{"description":"Black","count":87,"tested":1118,"color":"rgb(255,127,14)"},{"description":"Asian","count":123,"tested":2464,"color":"rgb(140,86,75)"},{"description":"Other","count":142,"tested":1736,"color":"rgb(148,103,189)"},{"description":"White","count":701,"tested":12718,"color":"rgb(31,119,180)"},{"description":"Left Blank","count":489,"tested":14025,"color":"rgb(44,160,44)"},{"description":"Hispanic","count":117,"tested":501,"color":"rgb(214,39,40)"}],"gender":[{"description":"Female","count":819,"tested":18336,"color":"rgb(255,127,14)"},{"description":"Male","count":705,"tested":13827,"color":"rgb(31,119,180)"},{"description":"Unknown/Left Blank","count":43,"tested":476,"color":"rgb(44,160,44)"}]}
