{"age":[{"age_group":"<20","count":43,"tested":270},{"age_group":"20-29   ","count":34,"tested":224},{"age_group":"30-39   ","count":44,"tested":231},{"age_group":"40-49   ","count":36,"tested":154},{"age_group":"50-59   ","count":38,"tested":207},{"age_group":"60-69   ","count":24,"tested":178},{"age_group":"70-79   ","count":19,"tested":77},{"age_group":"80+","count":23,"tested":62}],"race":[{"description":"Left Blank","count":65,"tested":493,"color":"rgb(44,160,44)"},{"description":"White","count":104,"tested":831,"color":"rgb(31,119,180)"},{"description":"Hispanic","count":23,"tested":19,"color":"rgb(214,39,40)"}],"gender":[{"description":"Female","count":104,"tested":807,"color":"rgb(255,127,14)"},{"description":"Male","count":78,"tested":582,"color":"rgb(31,119,180)"}]}
