{"age":[{"age_group":"<20","count":398,"tested":2615},{"age_group":"20-29   ","count":505,"tested":3900},{"age_group":"30-39   ","count":488,"tested":3718},{"age_group":"40-49   ","count":498,"tested":4077},{"age_group":"50-59   ","count":429,"tested":4389},{"age_group":"60-69   ","count":315,"tested":3530},{"age_group":"70-79   ","count":176,"tested":2230},{"age_group":"80+","count":115,"tested":1427}],"race":[{"description":"White","count":147,"tested":1198,"color":"rgb(31,119,180)"},{"description":"Asian","count":49,"tested":28,"color":"rgb(140,86,75)"},{"description":"Hispanic","count":428,"tested":1845,"color":"rgb(214,39,40)"},{"description":"Black","count":1067,"tested":10550,"color":"rgb(255,127,14)"},{"description":"Left Blank","count":1039,"tested":11787,"color":"rgb(44,160,44)"},{"description":"Other","count":109,"tested":465,"color":"rgb(148,103,189)"}],"gender":[{"description":"Male","count":1117,"tested":9773,"color":"rgb(31,119,180)"},{"description":"Unknown/Left Blank","count":83,"tested":569,"color":"rgb(44,160,44)"},{"description":"Female","count":1520,"tested":15562,"color":"rgb(255,127,14)"}]}
