{"age":[{"age_group":"<20","count":498,"tested":4587},{"age_group":"20-29   ","count":455,"tested":4554},{"age_group":"30-39   ","count":294,"tested":3006},{"age_group":"40-49   ","count":385,"tested":3911},{"age_group":"50-59   ","count":466,"tested":5103},{"age_group":"60-69   ","count":248,"tested":2848},{"age_group":"70-79   ","count":156,"tested":1615},{"age_group":"80+","count":133,"tested":1099}],"race":[{"description":"Black","count":155,"tested":875,"color":"rgb(255,127,14)"},{"description":"Asian","count":230,"tested":2534,"color":"rgb(140,86,75)"},{"description":"Other","count":152,"tested":970,"color":"rgb(148,103,189)"},{"description":"White","count":758,"tested":8930,"color":"rgb(31,119,180)"},{"description":"Left Blank","count":965,"tested":12738,"color":"rgb(44,160,44)"},{"description":"Hispanic","count":171,"tested":612,"color":"rgb(214,39,40)"}],"gender":[{"description":"Female","count":1026,"tested":14877,"color":"rgb(255,127,14)"},{"description":"Male","count":990,"tested":11698,"color":"rgb(31,119,180)"},{"description":"Unknown/Left Blank","count":119,"tested":153,"color":"rgb(44,160,44)"}]}
