{"age":[{"age_group":"<20","count":585,"tested":2869},{"age_group":"20-29   ","count":760,"tested":4806},{"age_group":"30-39   ","count":700,"tested":4029},{"age_group":"40-49   ","count":687,"tested":3661},{"age_group":"50-59   ","count":596,"tested":3733},{"age_group":"60-69   ","count":451,"tested":3070},{"age_group":"70-79   ","count":228,"tested":1712},{"age_group":"80+","count":170,"tested":1490}],"race":[{"description":"Left Blank","count":1203,"tested":13042,"color":"rgb(44,160,44)"},{"description":"White","count":821,"tested":5644,"color":"rgb(31,119,180)"},{"description":"Other","count":249,"tested":1238,"color":"rgb(148,103,189)"},{"description":"Black","count":123,"tested":492,"color":"rgb(255,127,14)"},{"description":"Hispanic","count":1447,"tested":4235,"color":"rgb(214,39,40)"},{"description":"Asian","count":181,"tested":679,"color":"rgb(140,86,75)"}],"gender":[{"description":"Female","count":1874,"tested":13894,"color":"rgb(255,127,14)"},{"description":"Male","count":1849,"tested":11206,"color":"rgb(31,119,180)"},{"description":"Unknown/Left Blank","count":84,"tested":277,"color":"rgb(44,160,44)"}]}
