{"age":[{"age_group":"<20","count":217,"tested":1799},{"age_group":"20-29   ","count":263,"tested":2888},{"age_group":"30-39   ","count":248,"tested":2690},{"age_group":"40-49   ","count":256,"tested":3015},{"age_group":"50-59   ","count":285,"tested":3771},{"age_group":"60-69   ","count":254,"tested":3777},{"age_group":"70-79   ","count":154,"tested":2480},{"age_group":"80+","count":150,"tested":2624}],"race":[{"description":"Left Blank","count":690,"tested":12984,"color":"rgb(44,160,44)"},{"description":"Hispanic","count":110,"tested":473,"color":"rgb(214,39,40)"},{"description":"Black","count":775,"tested":8088,"color":"rgb(255,127,14)"},{"description":"White","count":122,"tested":1143,"color":"rgb(31,119,180)"},{"description":"Other","count":52,"tested":253,"color":"rgb(148,103,189)"}],"gender":[{"description":"Female","count":934,"tested":13894,"color":"rgb(255,127,14)"},{"description":"Male","count":730,"tested":8711,"color":"rgb(31,119,180)"},{"description":"Unknown/Left Blank","count":44,"tested":448,"color":"rgb(44,160,44)"}]}
