{"age":[{"age_group":"<20","count":345,"tested":3099},{"age_group":"20-29   ","count":362,"tested":2768},{"age_group":"30-39   ","count":354,"tested":2901},{"age_group":"40-49   ","count":342,"tested":2671},{"age_group":"50-59   ","count":317,"tested":2392},{"age_group":"60-69   ","count":234,"tested":1784},{"age_group":"70-79   ","count":160,"tested":1132},{"age_group":"80+","count":117,"tested":1390}],"race":[{"description":"Other","count":115,"tested":374,"color":"rgb(148,103,189)"},{"description":"Left Blank","count":569,"tested":8821,"color":"rgb(44,160,44)"},{"description":"Hispanic","count":320,"tested":1160,"color":"rgb(214,39,40)"},{"description":"White","count":802,"tested":7071,"color":"rgb(31,119,180)"},{"description":"Asian","count":99,"tested":140,"color":"rgb(140,86,75)"},{"description":"Black","count":148,"tested":562,"color":"rgb(255,127,14)"}],"gender":[{"description":"Male","count":811,"tested":7040,"color":"rgb(31,119,180)"},{"description":"Female","count":895,"tested":10423,"color":"rgb(255,127,14)"}]}
