{"age":[{"age_group":"<20","count":87,"tested":445},{"age_group":"20-29   ","count":99,"tested":549},{"age_group":"30-39   ","count":71,"tested":475},{"age_group":"40-49   ","count":89,"tested":469},{"age_group":"50-59   ","count":115,"tested":687},{"age_group":"60-69   ","count":83,"tested":509},{"age_group":"70-79   ","count":53,"tested":293},{"age_group":"80+","count":37,"tested":127}],"race":[{"description":"Other","count":33,"tested":97,"color":"rgb(148,103,189)"},{"description":"Left Blank","count":194,"tested":1210,"color":"rgb(44,160,44)"},{"description":"Hispanic","count":51,"tested":93,"color":"rgb(214,39,40)"},{"description":"White","count":244,"tested":2101,"color":"rgb(31,119,180)"}],"gender":[{"description":"Female","count":242,"tested":1984,"color":"rgb(255,127,14)"},{"description":"Male","count":227,"tested":1550,"color":"rgb(31,119,180)"}]}
