{"age":[{"age_group":"<20","count":24,"tested":154},{"age_group":"20-29   ","count":20,"tested":67},{"age_group":"30-39   ","count":21,"tested":107},{"age_group":"40-49   ","count":17,"tested":71},{"age_group":"50-59   ","count":24,"tested":120},{"age_group":"60-69   ","count":25,"tested":114},{"age_group":"70-79   ","count":13,"tested":61}],"race":[{"description":"White","count":109,"tested":438,"color":"rgb(31,119,180)"},{"description":"Left Blank","count":25,"tested":254,"color":"rgb(44,160,44)"}],"gender":[{"description":"Female","count":70,"tested":364,"color":"rgb(255,127,14)"},{"description":"Male","count":65,"tested":346,"color":"rgb(31,119,180)"}]}
