{"age":[{"age_group":"<20","count":336,"tested":1479},{"age_group":"20-29   ","count":488,"tested":2946},{"age_group":"30-39   ","count":407,"tested":2302},{"age_group":"40-49   ","count":390,"tested":2388},{"age_group":"50-59   ","count":356,"tested":2271},{"age_group":"60-69   ","count":281,"tested":1829},{"age_group":"70-79   ","count":168,"tested":1181},{"age_group":"80+","count":121,"tested":955}],"race":[{"description":"Hispanic","count":759,"tested":2404,"color":"rgb(214,39,40)"},{"description":"White","count":612,"tested":4302,"color":"rgb(31,119,180)"},{"description":"Left Blank","count":657,"tested":7302,"color":"rgb(44,160,44)"},{"description":"Other","count":167,"tested":672,"color":"rgb(148,103,189)"},{"description":"Asian","count":96,"tested":187,"color":"rgb(140,86,75)"},{"description":"Black","count":109,"tested":469,"color":"rgb(255,127,14)"}],"gender":[{"description":"Unknown/Left Blank","count":79,"tested":213,"color":"rgb(44,160,44)"},{"description":"Female","count":1110,"tested":8692,"color":"rgb(255,127,14)"},{"description":"Male","count":993,"tested":6450,"color":"rgb(31,119,180)"}]}
