{"age":[{"age_group":"20-29   ","count":19,"tested":145},{"age_group":"40-49   ","count":26,"tested":140},{"age_group":"50-59   ","count":23,"tested":141},{"age_group":"60-69   ","count":27,"tested":128}],"race":[{"description":"Left Blank","count":28,"tested":379,"color":"rgb(44,160,44)"},{"description":"White","count":51,"tested":543,"color":"rgb(31,119,180)"}],"gender":[{"description":"Male","count":38,"tested":314,"color":"rgb(31,119,180)"},{"description":"Female","count":44,"tested":617,"color":"rgb(255,127,14)"}]}
