{"age":[{"age_group":"<20","count":493,"tested":4816},{"age_group":"20-29   ","count":823,"tested":10440},{"age_group":"30-39   ","count":835,"tested":12509},{"age_group":"40-49   ","count":728,"tested":8066},{"age_group":"50-59   ","count":596,"tested":6839},{"age_group":"60-69   ","count":450,"tested":5493},{"age_group":"70-79   ","count":240,"tested":3057},{"age_group":"80+","count":176,"tested":2395}],"race":[{"description":"White","count":885,"tested":15122,"color":"rgb(31,119,180)"},{"description":"Asian","count":371,"tested":3272,"color":"rgb(140,86,75)"},{"description":"Black","count":156,"tested":2428,"color":"rgb(255,127,14)"},{"description":"Other","count":254,"tested":2642,"color":"rgb(148,103,189)"},{"description":"AI/AN**","count":45,"tested":58,"color":"rgb(31,119,180)"},{"description":"Hispanic","count":1601,"tested":8032,"color":"rgb(214,39,40)"},{"description":"NH/PI*","count":49,"tested":176,"color":"rgb(127,127,127)"},{"description":"Left Blank","count":980,"tested":21915,"color":"rgb(44,160,44)"}],"gender":[{"description":"Female","count":2038,"tested":28451,"color":"rgb(255,127,14)"},{"description":"Male","count":2035,"tested":22725,"color":"rgb(31,119,180)"},{"description":"Unknown/Left Blank","count":98,"tested":2469,"color":"rgb(44,160,44)"}]}
