{"age":[{"age_group":"<20","count":129,"tested":1259},{"age_group":"20-29   ","count":134,"tested":1768},{"age_group":"30-39   ","count":153,"tested":1769},{"age_group":"40-49   ","count":177,"tested":1894},{"age_group":"50-59   ","count":151,"tested":2107},{"age_group":"60-69   ","count":111,"tested":1926},{"age_group":"70-79   ","count":85,"tested":1250},{"age_group":"80+","count":81,"tested":733}],"race":[{"description":"Black","count":325,"tested":3216,"color":"rgb(255,127,14)"},{"description":"Asian","count":18,"tested":59,"color":"rgb(140,86,75)"},{"description":"Hispanic","count":55,"tested":286,"color":"rgb(214,39,40)"},{"description":"Left Blank","count":381,"tested":6025,"color":"rgb(44,160,44)"},{"description":"Other","count":30,"tested":242,"color":"rgb(148,103,189)"},{"description":"White","count":187,"tested":2848,"color":"rgb(31,119,180)"}],"gender":[{"description":"Male","count":421,"tested":5131,"color":"rgb(31,119,180)"},{"description":"Unknown/Left Blank","count":19,"tested":277,"color":"rgb(44,160,44)"},{"description":"Female","count":521,"tested":7303,"color":"rgb(255,127,14)"}]}
