{"age":[{"age_group":"<20","count":236,"tested":2693},{"age_group":"20-29   ","count":273,"tested":2850},{"age_group":"30-39   ","count":253,"tested":2915},{"age_group":"40-49   ","count":211,"tested":2494},{"age_group":"50-59   ","count":216,"tested":2883},{"age_group":"60-69   ","count":202,"tested":2344},{"age_group":"70-79   ","count":124,"tested":1551},{"age_group":"80+","count":87,"tested":1824}],"race":[{"description":"Black","count":295,"tested":2627,"color":"rgb(255,127,14)"},{"description":"Asian","count":27,"tested":74,"color":"rgb(140,86,75)"},{"description":"Other","count":37,"tested":231,"color":"rgb(148,103,189)"},{"description":"White","count":586,"tested":6870,"color":"rgb(31,119,180)"},{"description":"Left Blank","count":348,"tested":8355,"color":"rgb(44,160,44)"},{"description":"Hispanic","count":270,"tested":1399,"color":"rgb(214,39,40)"}],"gender":[{"description":"Female","count":803,"tested":11603,"color":"rgb(255,127,14)"},{"description":"Male","count":676,"tested":7480,"color":"rgb(31,119,180)"},{"description":"Unknown/Left Blank","count":28,"tested":474,"color":"rgb(44,160,44)"}]}
