{"age":[{"age_group":"<20","count":240,"tested":1780},{"age_group":"20-29   ","count":275,"tested":2139},{"age_group":"30-39   ","count":230,"tested":1663},{"age_group":"40-49   ","count":195,"tested":1529},{"age_group":"50-59   ","count":177,"tested":1258},{"age_group":"60-69   ","count":96,"tested":937},{"age_group":"70-79   ","count":55,"tested":565},{"age_group":"80+","count":45,"tested":335}],"race":[{"description":"Hispanic","count":441,"tested":1518,"color":"rgb(214,39,40)"},{"description":"White","count":242,"tested":2401,"color":"rgb(31,119,180)"},{"description":"Left Blank","count":308,"tested":4740,"color":"rgb(44,160,44)"},{"description":"Other","count":26,"tested":159,"color":"rgb(148,103,189)"},{"description":"Asian","count":54,"tested":134,"color":"rgb(140,86,75)"},{"description":"Black","count":219,"tested":1243,"color":"rgb(255,127,14)"}],"gender":[{"description":"Unknown/Left Blank","count":27,"tested":363,"color":"rgb(44,160,44)"},{"description":"Female","count":648,"tested":5786,"color":"rgb(255,127,14)"},{"description":"Male","count":583,"tested":4059,"color":"rgb(31,119,180)"}]}
