{"age":[{"age_group":"<20","count":140,"tested":1295},{"age_group":"20-29   ","count":145,"tested":868},{"age_group":"30-39   ","count":114,"tested":871},{"age_group":"40-49   ","count":124,"tested":836},{"age_group":"50-59   ","count":109,"tested":770},{"age_group":"60-69   ","count":60,"tested":536},{"age_group":"70-79   ","count":52,"tested":261},{"age_group":"80+","count":30,"tested":157}],"race":[{"description":"White","count":351,"tested":2782,"color":"rgb(31,119,180)"},{"description":"Left Blank","count":176,"tested":2086,"color":"rgb(44,160,44)"},{"description":"Hispanic","count":116,"tested":304,"color":"rgb(214,39,40)"},{"description":"Other","count":49,"tested":223,"color":"rgb(148,103,189)"},{"description":"Black","count":28,"tested":127,"color":"rgb(255,127,14)"},{"description":"Asian","count":27,"tested":60,"color":"rgb(140,86,75)"}],"gender":[{"description":"Unknown/Left Blank","count":19,"tested":60,"color":"rgb(44,160,44)"},{"description":"Male","count":312,"tested":2377,"color":"rgb(31,119,180)"},{"description":"Female","count":378,"tested":3157,"color":"rgb(255,127,14)"}]}
