{"age":[{"age_group":"<20","count":173,"tested":1033},{"age_group":"20-29   ","count":184,"tested":1069},{"age_group":"30-39   ","count":185,"tested":1140},{"age_group":"40-49   ","count":208,"tested":1196},{"age_group":"50-59   ","count":156,"tested":907},{"age_group":"60-69   ","count":135,"tested":697},{"age_group":"70-79   ","count":102,"tested":411}],"race":[{"description":"Other","count":87,"tested":264,"color":"rgb(148,103,189)"},{"description":"Black","count":78,"tested":123,"color":"rgb(255,127,14)"},{"description":"Left Blank","count":362,"tested":2848,"color":"rgb(44,160,44)"},{"description":"White","count":360,"tested":2995,"color":"rgb(31,119,180)"},{"description":"Hispanic","count":125,"tested":378,"color":"rgb(214,39,40)"}],"gender":[{"description":"Female","count":417,"tested":3800,"color":"rgb(255,127,14)"},{"description":"Male","count":385,"tested":2782,"color":"rgb(31,119,180)"},{"description":"Unknown/Left Blank","count":78,"tested":59,"color":"rgb(44,160,44)"}]}
