{"age":[{"age_group":"<20","count":44,"tested":525},{"age_group":"20-29   ","count":70,"tested":488},{"age_group":"30-39   ","count":64,"tested":544},{"age_group":"40-49   ","count":67,"tested":417},{"age_group":"50-59   ","count":74,"tested":608},{"age_group":"60-69   ","count":49,"tested":527},{"age_group":"70-79   ","count":36,"tested":279},{"age_group":"80+","count":38,"tested":181}],"race":[{"description":"White","count":196,"tested":2072,"color":"rgb(31,119,180)"},{"description":"Left Blank","count":125,"tested":1347,"color":"rgb(44,160,44)"},{"description":"Other","count":25,"tested":47,"color":"rgb(148,103,189)"}],"gender":[{"description":"Male","count":140,"tested":1373,"color":"rgb(31,119,180)"},{"description":"Female","count":193,"tested":2159,"color":"rgb(255,127,14)"}]}
