{"age":[{"age_group":"<20","count":54,"tested":408},{"age_group":"20-29   ","count":91,"tested":650},{"age_group":"30-39   ","count":60,"tested":561},{"age_group":"40-49   ","count":87,"tested":746},{"age_group":"50-59   ","count":81,"tested":855},{"age_group":"60-69   ","count":72,"tested":767},{"age_group":"70-79   ","count":42,"tested":430},{"age_group":"80+","count":20,"tested":217}],"race":[{"description":"Other","count":24,"tested":118,"color":"rgb(148,103,189)"},{"description":"Black","count":71,"tested":588,"color":"rgb(255,127,14)"},{"description":"White","count":185,"tested":1978,"color":"rgb(31,119,180)"},{"description":"Left Blank","count":143,"tested":1702,"color":"rgb(44,160,44)"},{"description":"Hispanic","count":46,"tested":177,"color":"rgb(214,39,40)"}],"gender":[{"description":"Female","count":225,"tested":2666,"color":"rgb(255,127,14)"},{"description":"Male","count":213,"tested":1920,"color":"rgb(31,119,180)"}]}
