{"age":[{"age_group":"<20","count":164,"tested":2405},{"age_group":"20-29   ","count":756,"tested":13423},{"age_group":"30-39   ","count":537,"tested":10956},{"age_group":"40-49   ","count":271,"tested":4812},{"age_group":"50-59   ","count":246,"tested":3875},{"age_group":"60-69   ","count":202,"tested":3285},{"age_group":"70-79   ","count":116,"tested":1949},{"age_group":"80+","count":113,"tested":1330}],"race":[{"description":"Left Blank","count":800,"tested":23319,"color":"rgb(44,160,44)"},{"description":"Hispanic","count":275,"tested":1650,"color":"rgb(214,39,40)"},{"description":"White","count":839,"tested":13169,"color":"rgb(31,119,180)"},{"description":"Black","count":164,"tested":1441,"color":"rgb(255,127,14)"},{"description":"Asian","count":109,"tested":1055,"color":"rgb(140,86,75)"},{"description":"Other","count":129,"tested":1359,"color":"rgb(148,103,189)"}],"gender":[{"description":"Female","count":1019,"tested":21935,"color":"rgb(255,127,14)"},{"description":"Male","count":1119,"tested":19424,"color":"rgb(31,119,180)"},{"description":"Unknown/Left Blank","count":52,"tested":690,"color":"rgb(44,160,44)"}]}
