{"age":[{"age_group":"<20","count":30,"tested":226},{"age_group":"20-29   ","count":27,"tested":248},{"age_group":"30-39   ","count":33,"tested":217},{"age_group":"40-49   ","count":28,"tested":182},{"age_group":"50-59   ","count":45,"tested":207},{"age_group":"60-69   ","count":23,"tested":176},{"age_group":"70-79   ","count":16,"tested":58},{"age_group":"80+","count":16,"tested":48}],"race":[{"description":"Left Blank","count":75,"tested":547,"color":"rgb(44,160,44)"},{"description":"White","count":95,"tested":776,"color":"rgb(31,119,180)"}],"gender":[{"description":"Female","count":99,"tested":793,"color":"rgb(255,127,14)"},{"description":"Male","count":77,"tested":560,"color":"rgb(31,119,180)"}]}
