{"age":[{"age_group":"<20","count":299,"tested":1452},{"age_group":"20-29   ","count":347,"tested":1911},{"age_group":"30-39   ","count":256,"tested":1555},{"age_group":"40-49   ","count":290,"tested":1347},{"age_group":"50-59   ","count":334,"tested":2155},{"age_group":"60-69   ","count":251,"tested":1504},{"age_group":"70-79   ","count":172,"tested":874},{"age_group":"80+","count":153,"tested":496}],"race":[{"description":"Hispanic","count":147,"tested":194,"color":"rgb(214,39,40)"},{"description":"Left Blank","count":704,"tested":6007,"color":"rgb(44,160,44)"},{"description":"White","count":633,"tested":4618,"color":"rgb(31,119,180)"},{"description":"Black","count":121,"tested":93,"color":"rgb(255,127,14)"},{"description":"Asian","count":122,"tested":102,"color":"rgb(140,86,75)"},{"description":"Other","count":146,"tested":269,"color":"rgb(148,103,189)"}],"gender":[{"description":"Female","count":711,"tested":6071,"color":"rgb(255,127,14)"},{"description":"Male","count":702,"tested":5080,"color":"rgb(31,119,180)"}]}
