{"age":[{"age_group":"<20","count":26,"tested":196},{"age_group":"20-29   ","count":214,"tested":3191},{"age_group":"30-39   ","count":178,"tested":3177},{"age_group":"40-49   ","count":50,"tested":716},{"age_group":"50-59   ","count":34,"tested":394},{"age_group":"60-69   ","count":33,"tested":230}],"race":[{"description":"White","count":184,"tested":2425,"color":"rgb(31,119,180)"},{"description":"Asian","count":43,"tested":717,"color":"rgb(140,86,75)"},{"description":"Black","count":35,"tested":256,"color":"rgb(255,127,14)"},{"description":"Other","count":47,"tested":470,"color":"rgb(148,103,189)"},{"description":"Left Blank","count":191,"tested":3908,"color":"rgb(44,160,44)"},{"description":"Hispanic","count":35,"tested":231,"color":"rgb(214,39,40)"}],"gender":[{"description":"Female","count":217,"tested":4124,"color":"rgb(255,127,14)"},{"description":"Male","count":250,"tested":3823,"color":"rgb(31,119,180)"}]}
