{"age":[{"age_group":"<20","count":21,"tested":261},{"age_group":"20-29   ","count":26,"tested":228},{"age_group":"30-39   ","count":22,"tested":208},{"age_group":"40-49   ","count":23,"tested":179},{"age_group":"50-59   ","count":23,"tested":263},{"age_group":"60-69   ","count":32,"tested":211},{"age_group":"70-79   ","count":19,"tested":190},{"age_group":"80+","count":10,"tested":91}],"race":[{"description":"Left Blank","count":50,"tested":506,"color":"rgb(44,160,44)"},{"description":"White","count":110,"tested":1068,"color":"rgb(31,119,180)"}],"gender":[{"description":"Male","count":72,"tested":627,"color":"rgb(31,119,180)"},{"description":"Female","count":92,"tested":985,"color":"rgb(255,127,14)"}]}
