{"age":[{"age_group":"<20","count":109,"tested":911},{"age_group":"20-29   ","count":137,"tested":1433},{"age_group":"30-39   ","count":157,"tested":1743},{"age_group":"40-49   ","count":155,"tested":1523},{"age_group":"50-59   ","count":149,"tested":1697},{"age_group":"60-69   ","count":101,"tested":1406},{"age_group":"70-79   ","count":66,"tested":1210},{"age_group":"80+","count":76,"tested":4708}],"race":[{"description":"Left Blank","count":353,"tested":10750,"color":"rgb(44,160,44)"},{"description":"White","count":225,"tested":2142,"color":"rgb(31,119,180)"},{"description":"Other","count":43,"tested":251,"color":"rgb(148,103,189)"},{"description":"Black","count":43,"tested":248,"color":"rgb(255,127,14)"},{"description":"Hispanic","count":155,"tested":544,"color":"rgb(214,39,40)"},{"description":"Asian","count":94,"tested":695,"color":"rgb(140,86,75)"}],"gender":[{"description":"Female","count":454,"tested":8992,"color":"rgb(255,127,14)"},{"description":"Male","count":390,"tested":5217,"color":"rgb(31,119,180)"}]}
