{"age":[{"age_group":"<20","count":18,"tested":156},{"age_group":"20-29   ","count":10,"tested":96},{"age_group":"30-39   ","count":6,"tested":108},{"age_group":"40-49   ","count":15,"tested":101},{"age_group":"50-59   ","count":9,"tested":244}],"race":[{"description":"Left Blank","count":9,"tested":166,"color":"rgb(44,160,44)"},{"description":"White","count":56,"tested":803,"color":"rgb(31,119,180)"}],"gender":[{"description":"Female","count":40,"tested":624,"color":"rgb(255,127,14)"},{"description":"Male","count":29,"tested":376,"color":"rgb(31,119,180)"}]}
