{"age":[{"age_group":"<20","count":75,"tested":2446},{"age_group":"20-29   ","count":1070,"tested":21673},{"age_group":"30-39   ","count":792,"tested":17668},{"age_group":"40-49   ","count":230,"tested":6051},{"age_group":"50-59   ","count":150,"tested":4513},{"age_group":"60-69   ","count":80,"tested":2861},{"age_group":"70-79   ","count":20,"tested":1169},{"age_group":"80+","count":9,"tested":327}],"race":[{"description":"AI/AN**","count":8,"tested":59,"color":"rgb(31,119,180)"},{"description":"Asian","count":116,"tested":4364,"color":"rgb(140,86,75)"},{"description":"Black","count":100,"tested":1488,"color":"rgb(255,127,14)"},{"description":"Hispanic","count":111,"tested":1433,"color":"rgb(214,39,40)"},{"description":"Left Blank","count":745,"tested":26143,"color":"rgb(44,160,44)"},{"description":"Other","count":123,"tested":2434,"color":"rgb(148,103,189)"},{"description":"White","count":1219,"tested":20758,"color":"rgb(31,119,180)"}],"gender":[{"description":"Female","count":1117,"tested":27571,"color":"rgb(255,127,14)"},{"description":"Male","count":1249,"tested":28196,"color":"rgb(31,119,180)"},{"description":"Unknown/Left Blank","count":60,"tested":952,"color":"rgb(44,160,44)"}]}
