{"age":[{"age_group":"<20","count":69,"tested":531},{"age_group":"20-29   ","count":51,"tested":610},{"age_group":"30-39   ","count":43,"tested":529},{"age_group":"40-49   ","count":43,"tested":482},{"age_group":"50-59   ","count":64,"tested":597},{"age_group":"60-69   ","count":53,"tested":658},{"age_group":"70-79   ","count":44,"tested":320},{"age_group":"80+","count":40,"tested":239}],"race":[{"description":"Left Blank","count":82,"tested":1900,"color":"rgb(44,160,44)"},{"description":"Other","count":6,"tested":34,"color":"rgb(148,103,189)"},{"description":"White","count":311,"tested":1986,"color":"rgb(31,119,180)"}],"gender":[{"description":"Female","count":222,"tested":2555,"color":"rgb(255,127,14)"},{"description":"Male","count":185,"tested":1314,"color":"rgb(31,119,180)"}]}
