{"age":[{"age_group":"<20","count":26,"tested":2906},{"age_group":"20-29   ","count":155,"tested":4851},{"age_group":"30-39   ","count":99,"tested":3727},{"age_group":"40-49   ","count":45,"tested":1694},{"age_group":"50-59   ","count":38,"tested":1664},{"age_group":"60-69   ","count":26,"tested":1167},{"age_group":"70-79   ","count":13,"tested":579}],"race":[{"description":"Asian","count":25,"tested":1460,"color":"rgb(140,86,75)"},{"description":"Black","count":34,"tested":1153,"color":"rgb(255,127,14)"},{"description":"Hispanic","count":33,"tested":738,"color":"rgb(214,39,40)"},{"description":"Left Blank","count":158,"tested":9622,"color":"rgb(44,160,44)"},{"description":"Other","count":16,"tested":569,"color":"rgb(148,103,189)"},{"description":"White","count":140,"tested":3242,"color":"rgb(31,119,180)"}],"gender":[{"description":"Female","count":151,"tested":6983,"color":"rgb(255,127,14)"},{"description":"Male","count":252,"tested":9645,"color":"rgb(31,119,180)"}]}
