{"age":[{"age_group":"<20","count":85,"tested":808},{"age_group":"20-29   ","count":81,"tested":1232},{"age_group":"30-39   ","count":79,"tested":1071},{"age_group":"40-49   ","count":75,"tested":1118},{"age_group":"50-59   ","count":56,"tested":995},{"age_group":"60-69   ","count":51,"tested":954},{"age_group":"70-79   ","count":33,"tested":411},{"age_group":"80+","count":12,"tested":266}],"race":[{"description":"Left Blank","count":147,"tested":1913,"color":"rgb(44,160,44)"},{"description":"Other","count":12,"tested":83,"color":"rgb(148,103,189)"},{"description":"White","count":312,"tested":4720,"color":"rgb(31,119,180)"}],"gender":[{"description":"Female","count":264,"tested":4852,"color":"rgb(255,127,14)"},{"description":"Male","count":205,"tested":1771,"color":"rgb(31,119,180)"},{"description":"Unknown/Left Blank","count":8,"tested":233,"color":"rgb(44,160,44)"}]}
