{"age":[{"age_group":"<20","count":1198,"tested":13713},{"age_group":"20-29   ","count":1512,"tested":16336},{"age_group":"30-39   ","count":1315,"tested":13002},{"age_group":"40-49   ","count":1263,"tested":10770},{"age_group":"50-59   ","count":1052,"tested":11108},{"age_group":"60-69   ","count":581,"tested":7292},{"age_group":"70-79   ","count":241,"tested":3486},{"age_group":"80+","count":140,"tested":2868}],"race":[{"description":"Asian","count":183,"tested":3654,"color":"rgb(140,86,75)"},{"description":"Black","count":332,"tested":3776,"color":"rgb(255,127,14)"},{"description":"Hispanic","count":3591,"tested":18899,"color":"rgb(214,39,40)"},{"description":"Left Blank","count":1910,"tested":34657,"color":"rgb(44,160,44)"},{"description":"NH/PI*","count":23,"tested":48,"color":"rgb(127,127,127)"},{"description":"Other","count":173,"tested":3060,"color":"rgb(148,103,189)"},{"description":"White","count":1086,"tested":14353,"color":"rgb(31,119,180)"}],"gender":[{"description":"Female","count":3838,"tested":45899,"color":"rgb(255,127,14)"},{"description":"Male","count":3433,"tested":31855,"color":"rgb(31,119,180)"},{"description":"Unknown/Left Blank","count":31,"tested":835,"color":"rgb(44,160,44)"}]}
