{"age":[{"age_group":"<20","count":800,"tested":14790},{"age_group":"20-29   ","count":928,"tested":22079},{"age_group":"30-39   ","count":982,"tested":26563},{"age_group":"40-49   ","count":816,"tested":23126},{"age_group":"50-59   ","count":712,"tested":24766},{"age_group":"60-69   ","count":530,"tested":21448},{"age_group":"70-79   ","count":267,"tested":8542},{"age_group":"80+","count":205,"tested":4737}],"race":[{"description":"Asian","count":12,"tested":194,"color":"rgb(140,86,75)"},{"description":"Black","count":3372,"tested":40567,"color":"rgb(255,127,14)"},{"description":"Hispanic","count":570,"tested":4267,"color":"rgb(214,39,40)"},{"description":"Left Blank","count":1001,"tested":84619,"color":"rgb(44,160,44)"},{"description":"Other","count":136,"tested":12525,"color":"rgb(148,103,189)"},{"description":"White","count":145,"tested":3720,"color":"rgb(31,119,180)"}],"gender":[{"description":"Female","count":2895,"tested":74109,"color":"rgb(255,127,14)"},{"description":"Male","count":2282,"tested":69450,"color":"rgb(31,119,180)"},{"description":"Unknown/Left Blank","count":64,"tested":2549,"color":"rgb(44,160,44)"}]}
