{"age":[{"age_group":"<20","count":291,"tested":4099},{"age_group":"20-29   ","count":240,"tested":4852},{"age_group":"30-39   ","count":209,"tested":4773},{"age_group":"40-49   ","count":224,"tested":4955},{"age_group":"50-59   ","count":266,"tested":5578},{"age_group":"60-69   ","count":257,"tested":5817},{"age_group":"70-79   ","count":201,"tested":4689},{"age_group":"80+","count":214,"tested":4897}],"race":[{"description":"Asian","count":19,"tested":1102,"color":"rgb(140,86,75)"},{"description":"Black","count":52,"tested":3060,"color":"rgb(255,127,14)"},{"description":"Hispanic","count":68,"tested":1091,"color":"rgb(214,39,40)"},{"description":"Left Blank","count":740,"tested":19038,"color":"rgb(44,160,44)"},{"description":"Other","count":53,"tested":864,"color":"rgb(148,103,189)"},{"description":"White","count":970,"tested":14473,"color":"rgb(31,119,180)"}],"gender":[{"description":"Female","count":1010,"tested":24663,"color":"rgb(255,127,14)"},{"description":"Male","count":875,"tested":13554,"color":"rgb(31,119,180)"},{"description":"Unknown/Left Blank","count":17,"tested":1447,"color":"rgb(44,160,44)"}]}
