{"age":[{"age_group":"<20","count":638,"tested":8913},{"age_group":"20-29   ","count":411,"tested":6534},{"age_group":"30-39   ","count":401,"tested":6356},{"age_group":"40-49   ","count":361,"tested":5184},{"age_group":"50-59   ","count":481,"tested":6411},{"age_group":"60-69   ","count":300,"tested":5154},{"age_group":"70-79   ","count":117,"tested":3058},{"age_group":"80+","count":112,"tested":4075}],"race":[{"description":"Asian","count":66,"tested":825,"color":"rgb(140,86,75)"},{"description":"Black","count":60,"tested":914,"color":"rgb(255,127,14)"},{"description":"Hispanic","count":243,"tested":2213,"color":"rgb(214,39,40)"},{"description":"Left Blank","count":473,"tested":15266,"color":"rgb(44,160,44)"},{"description":"Other","count":82,"tested":1455,"color":"rgb(148,103,189)"},{"description":"White","count":1892,"tested":24989,"color":"rgb(31,119,180)"}],"gender":[{"description":"Female","count":1454,"tested":25614,"color":"rgb(255,127,14)"},{"description":"Male","count":1353,"tested":19591,"color":"rgb(31,119,180)"}]}
