{"age":[{"age_group":"<20","count":162,"tested":1580},{"age_group":"20-29   ","count":140,"tested":1509},{"age_group":"30-39   ","count":124,"tested":1641},{"age_group":"40-49   ","count":131,"tested":1306},{"age_group":"50-59   ","count":152,"tested":1623},{"age_group":"60-69   ","count":79,"tested":1665},{"age_group":"70-79   ","count":55,"tested":735},{"age_group":"80+","count":52,"tested":596}],"race":[{"description":"Black","count":7,"tested":64,"color":"rgb(255,127,14)"},{"description":"Hispanic","count":19,"tested":215,"color":"rgb(214,39,40)"},{"description":"Left Blank","count":315,"tested":3412,"color":"rgb(44,160,44)"},{"description":"Other","count":14,"tested":159,"color":"rgb(148,103,189)"},{"description":"White","count":538,"tested":6767,"color":"rgb(31,119,180)"}],"gender":[{"description":"Female","count":490,"tested":6759,"color":"rgb(255,127,14)"},{"description":"Male","count":393,"tested":3682,"color":"rgb(31,119,180)"},{"description":"Unknown/Left Blank","count":15,"tested":227,"color":"rgb(44,160,44)"}]}
