{"age":[{"age_group":"<20","count":646,"tested":9588},{"age_group":"20-29   ","count":623,"tested":9165},{"age_group":"30-39   ","count":690,"tested":9380},{"age_group":"40-49   ","count":580,"tested":8097},{"age_group":"50-59   ","count":516,"tested":8080},{"age_group":"60-69   ","count":351,"tested":7089},{"age_group":"70-79   ","count":136,"tested":3500},{"age_group":"80+","count":43,"tested":2352}],"race":[{"description":"AI/AN**","count":10,"tested":102,"color":"rgb(31,119,180)"},{"description":"Asian","count":233,"tested":3591,"color":"rgb(140,86,75)"},{"description":"Black","count":315,"tested":3701,"color":"rgb(255,127,14)"},{"description":"Hispanic","count":594,"tested":3560,"color":"rgb(214,39,40)"},{"description":"Left Blank","count":647,"tested":24144,"color":"rgb(44,160,44)"},{"description":"NH/PI*","count":7,"tested":61,"color":"rgb(127,127,127)"},{"description":"Other","count":126,"tested":2938,"color":"rgb(148,103,189)"},{"description":"White","count":1653,"tested":19172,"color":"rgb(31,119,180)"}],"gender":[{"description":"Female","count":1848,"tested":32902,"color":"rgb(255,127,14)"},{"description":"Male","count":1715,"tested":23737,"color":"rgb(31,119,180)"},{"description":"Unknown/Left Blank","count":22,"tested":630,"color":"rgb(44,160,44)"}]}
