{"age":[{"age_group":"<20","count":568,"tested":6627},{"age_group":"20-29   ","count":584,"tested":6583},{"age_group":"30-39   ","count":488,"tested":5503},{"age_group":"40-49   ","count":479,"tested":5205},{"age_group":"50-59   ","count":480,"tested":5676},{"age_group":"60-69   ","count":311,"tested":3907},{"age_group":"70-79   ","count":196,"tested":2461},{"age_group":"80+","count":75,"tested":1709}],"race":[{"description":"Asian","count":53,"tested":462,"color":"rgb(140,86,75)"},{"description":"Black","count":132,"tested":940,"color":"rgb(255,127,14)"},{"description":"Hispanic","count":255,"tested":1612,"color":"rgb(214,39,40)"},{"description":"Left Blank","count":288,"tested":12575,"color":"rgb(44,160,44)"},{"description":"Other","count":50,"tested":667,"color":"rgb(148,103,189)"},{"description":"White","count":2399,"tested":21344,"color":"rgb(31,119,180)"}],"gender":[{"description":"Female","count":1691,"tested":22258,"color":"rgb(255,127,14)"},{"description":"Male","count":1484,"tested":15081,"color":"rgb(31,119,180)"},{"description":"Unknown/Left Blank","count":7,"tested":334,"color":"rgb(44,160,44)"}]}
