{"age":[{"age_group":"<20","count":50,"tested":501},{"age_group":"20-29   ","count":49,"tested":633},{"age_group":"30-39   ","count":32,"tested":414},{"age_group":"40-49   ","count":25,"tested":312},{"age_group":"50-59   ","count":65,"tested":871},{"age_group":"60-69   ","count":39,"tested":545},{"age_group":"70-79   ","count":18,"tested":313},{"age_group":"80+","count":9,"tested":99}],"race":[{"description":"Asian","count":17,"tested":192,"color":"rgb(140,86,75)"},{"description":"Hispanic","count":15,"tested":145,"color":"rgb(214,39,40)"},{"description":"Left Blank","count":53,"tested":1398,"color":"rgb(44,160,44)"},{"description":"Other","count":6,"tested":99,"color":"rgb(148,103,189)"},{"description":"White","count":193,"tested":1780,"color":"rgb(31,119,180)"}],"gender":[{"description":"Female","count":135,"tested":1778,"color":"rgb(255,127,14)"},{"description":"Male","count":151,"tested":1868,"color":"rgb(31,119,180)"}]}
