{"age":[{"age_group":"<20","count":531,"tested":7590},{"age_group":"20-29   ","count":177,"tested":2626},{"age_group":"30-39   ","count":164,"tested":2290},{"age_group":"40-49   ","count":224,"tested":2835},{"age_group":"50-59   ","count":257,"tested":3459},{"age_group":"60-69   ","count":102,"tested":2784},{"age_group":"70-79   ","count":49,"tested":1416},{"age_group":"80+","count":20,"tested":752}],"race":[{"description":"Hispanic","count":37,"tested":469,"color":"rgb(214,39,40)"},{"description":"Left Blank","count":612,"tested":9909,"color":"rgb(44,160,44)"},{"description":"Other","count":44,"tested":788,"color":"rgb(148,103,189)"},{"description":"White","count":818,"tested":12199,"color":"rgb(31,119,180)"}],"gender":[{"description":"Female","count":703,"tested":12191,"color":"rgb(255,127,14)"},{"description":"Male","count":787,"tested":11207,"color":"rgb(31,119,180)"}]}
