{"age":[{"age_group":"<20","count":539,"tested":8711},{"age_group":"20-29   ","count":533,"tested":6586},{"age_group":"30-39   ","count":493,"tested":6353},{"age_group":"40-49   ","count":430,"tested":5413},{"age_group":"50-59   ","count":427,"tested":5525},{"age_group":"60-69   ","count":373,"tested":5105},{"age_group":"70-79   ","count":193,"tested":2991},{"age_group":"80+","count":209,"tested":4095}],"race":[{"description":"Asian","count":12,"tested":249,"color":"rgb(140,86,75)"},{"description":"Black","count":107,"tested":1253,"color":"rgb(255,127,14)"},{"description":"Hispanic","count":328,"tested":2905,"color":"rgb(214,39,40)"},{"description":"Left Blank","count":752,"tested":21366,"color":"rgb(44,160,44)"},{"description":"Other","count":230,"tested":1327,"color":"rgb(148,103,189)"},{"description":"White","count":1767,"tested":17817,"color":"rgb(31,119,180)"}],"gender":[{"description":"Female","count":1717,"tested":26657,"color":"rgb(255,127,14)"},{"description":"Male","count":1425,"tested":15805,"color":"rgb(31,119,180)"},{"description":"Unknown/Left Blank","count":56,"tested":2492,"color":"rgb(44,160,44)"}]}
