{"age":[{"age_group":"<20","count":85,"tested":690},{"age_group":"20-29   ","count":57,"tested":669},{"age_group":"30-39   ","count":71,"tested":1082},{"age_group":"40-49   ","count":58,"tested":882},{"age_group":"50-59   ","count":72,"tested":1008},{"age_group":"60-69   ","count":58,"tested":1028},{"age_group":"70-79   ","count":44,"tested":952},{"age_group":"80+","count":61,"tested":1844}],"race":[{"description":"Hispanic","count":15,"tested":106,"color":"rgb(214,39,40)"},{"description":"Left Blank","count":198,"tested":3538,"color":"rgb(44,160,44)"},{"description":"White","count":287,"tested":4320,"color":"rgb(31,119,180)"}],"gender":[{"description":"Female","count":296,"tested":5420,"color":"rgb(255,127,14)"},{"description":"Male","count":209,"tested":2664,"color":"rgb(31,119,180)"}]}
