{"age":[{"age_group":"<20","count":663,"tested":9852},{"age_group":"20-29   ","count":568,"tested":9739},{"age_group":"30-39   ","count":503,"tested":8281},{"age_group":"40-49   ","count":516,"tested":7375},{"age_group":"50-59   ","count":554,"tested":7689},{"age_group":"60-69   ","count":231,"tested":4504},{"age_group":"70-79   ","count":137,"tested":3777},{"age_group":"80+","count":129,"tested":5429}],"race":[{"description":"Asian","count":145,"tested":2925,"color":"rgb(140,86,75)"},{"description":"Black","count":98,"tested":1075,"color":"rgb(255,127,14)"},{"description":"Hispanic","count":611,"tested":4037,"color":"rgb(214,39,40)"},{"description":"Left Blank","count":958,"tested":29761,"color":"rgb(44,160,44)"},{"description":"Other","count":81,"tested":1222,"color":"rgb(148,103,189)"},{"description":"White","count":1401,"tested":17464,"color":"rgb(31,119,180)"}],"gender":[{"description":"Female","count":1651,"tested":34455,"color":"rgb(255,127,14)"},{"description":"Male","count":1622,"tested":21383,"color":"rgb(31,119,180)"},{"description":"Unknown/Left Blank","count":30,"tested":817,"color":"rgb(44,160,44)"}]}
