{"age":[{"age_group":"<20","count":18,"tested":195},{"age_group":"20-29   ","count":8,"tested":72},{"age_group":"30-39   ","count":18,"tested":137},{"age_group":"40-49   ","count":11,"tested":70},{"age_group":"50-59   ","count":17,"tested":122},{"age_group":"60-69   ","count":8,"tested":70},{"age_group":"70-79   ","count":7,"tested":51}],"race":[{"description":"Left Blank","count":7,"tested":229,"color":"rgb(44,160,44)"},{"description":"White","count":78,"tested":480,"color":"rgb(31,119,180)"}],"gender":[{"description":"Female","count":42,"tested":471,"color":"rgb(255,127,14)"},{"description":"Male","count":48,"tested":264,"color":"rgb(31,119,180)"}]}
