{"age":[{"age_group":"<20","count":302,"tested":4348},{"age_group":"20-29   ","count":147,"tested":2223},{"age_group":"30-39   ","count":120,"tested":1763},{"age_group":"40-49   ","count":172,"tested":2136},{"age_group":"50-59   ","count":191,"tested":2608},{"age_group":"60-69   ","count":85,"tested":1925},{"age_group":"70-79   ","count":24,"tested":939},{"age_group":"80+","count":57,"tested":981}],"race":[{"description":"Asian","count":58,"tested":676,"color":"rgb(140,86,75)"},{"description":"Black","count":33,"tested":323,"color":"rgb(255,127,14)"},{"description":"Hispanic","count":43,"tested":382,"color":"rgb(214,39,40)"},{"description":"Left Blank","count":214,"tested":8066,"color":"rgb(44,160,44)"},{"description":"Other","count":23,"tested":561,"color":"rgb(148,103,189)"},{"description":"White","count":726,"tested":6907,"color":"rgb(31,119,180)"}],"gender":[{"description":"Female","count":547,"tested":9331,"color":"rgb(255,127,14)"},{"description":"Male","count":536,"tested":7278,"color":"rgb(31,119,180)"}]}
