{"age":[{"age_group":"<20","count":1105,"tested":16971},{"age_group":"20-29   ","count":1285,"tested":15509},{"age_group":"30-39   ","count":1159,"tested":16566},{"age_group":"40-49   ","count":997,"tested":14468},{"age_group":"50-59   ","count":1010,"tested":15734},{"age_group":"60-69   ","count":718,"tested":15277},{"age_group":"70-79   ","count":412,"tested":9475},{"age_group":"80+","count":327,"tested":8419}],"race":[{"description":"AI/AN**","count":17,"tested":168,"color":"rgb(31,119,180)"},{"description":"Asian","count":119,"tested":3190,"color":"rgb(140,86,75)"},{"description":"Black","count":474,"tested":13470,"color":"rgb(255,127,14)"},{"description":"Hispanic","count":1255,"tested":12442,"color":"rgb(214,39,40)"},{"description":"Left Blank","count":2351,"tested":43304,"color":"rgb(44,160,44)"},{"description":"NH/PI*","count":8,"tested":84,"color":"rgb(127,127,127)"},{"description":"Other","count":401,"tested":3861,"color":"rgb(148,103,189)"},{"description":"White","count":2390,"tested":35918,"color":"rgb(31,119,180)"}],"gender":[{"description":"Female","count":3691,"tested":64211,"color":"rgb(255,127,14)"},{"description":"Male","count":3283,"tested":46682,"color":"rgb(31,119,180)"},{"description":"Unknown/Left Blank","count":41,"tested":1544,"color":"rgb(44,160,44)"}]}
