{"age":[{"age_group":"<20","count":733,"tested":8197},{"age_group":"20-29   ","count":768,"tested":8219},{"age_group":"30-39   ","count":601,"tested":6522},{"age_group":"40-49   ","count":586,"tested":5565},{"age_group":"50-59   ","count":436,"tested":5506},{"age_group":"60-69   ","count":347,"tested":3847},{"age_group":"70-79   ","count":189,"tested":2375},{"age_group":"80+","count":83,"tested":982}],"race":[{"description":"AI/AN**","count":7,"tested":90,"color":"rgb(31,119,180)"},{"description":"Asian","count":96,"tested":605,"color":"rgb(140,86,75)"},{"description":"Black","count":471,"tested":3464,"color":"rgb(255,127,14)"},{"description":"Hispanic","count":1009,"tested":4517,"color":"rgb(214,39,40)"},{"description":"Left Blank","count":385,"tested":17017,"color":"rgb(44,160,44)"},{"description":"Other","count":90,"tested":1222,"color":"rgb(148,103,189)"},{"description":"White","count":1680,"tested":14292,"color":"rgb(31,119,180)"}],"gender":[{"description":"Female","count":2014,"tested":24088,"color":"rgb(255,127,14)"},{"description":"Male","count":1716,"tested":16677,"color":"rgb(31,119,180)"},{"description":"Unknown/Left Blank","count":13,"tested":449,"color":"rgb(44,160,44)"}]}
