{"age":[{"age_group":"<20","count":28,"tested":399},{"age_group":"20-29   ","count":34,"tested":506},{"age_group":"30-39   ","count":26,"tested":298},{"age_group":"40-49   ","count":30,"tested":341},{"age_group":"50-59   ","count":26,"tested":405},{"age_group":"60-69   ","count":21,"tested":296},{"age_group":"70-79   ","count":11,"tested":165}],"race":[{"description":"Hispanic","count":6,"tested":57,"color":"rgb(214,39,40)"},{"description":"Left Blank","count":26,"tested":582,"color":"rgb(44,160,44)"},{"description":"White","count":143,"tested":1758,"color":"rgb(31,119,180)"}],"gender":[{"description":"Female","count":98,"tested":1351,"color":"rgb(255,127,14)"},{"description":"Male","count":82,"tested":1066,"color":"rgb(31,119,180)"}]}
