{"age":[{"age_group":"<20","count":897,"tested":9825},{"age_group":"20-29   ","count":698,"tested":7819},{"age_group":"30-39   ","count":676,"tested":8317},{"age_group":"40-49   ","count":739,"tested":7756},{"age_group":"50-59   ","count":765,"tested":8506},{"age_group":"60-69   ","count":391,"tested":6293},{"age_group":"70-79   ","count":174,"tested":3298},{"age_group":"80+","count":65,"tested":2151}],"race":[{"description":"Asian","count":34,"tested":409,"color":"rgb(140,86,75)"},{"description":"Black","count":50,"tested":602,"color":"rgb(255,127,14)"},{"description":"Hispanic","count":165,"tested":1667,"color":"rgb(214,39,40)"},{"description":"Left Blank","count":1350,"tested":19618,"color":"rgb(44,160,44)"},{"description":"Other","count":75,"tested":1499,"color":"rgb(148,103,189)"},{"description":"White","count":2726,"tested":30123,"color":"rgb(31,119,180)"}],"gender":[{"description":"Female","count":2219,"tested":29143,"color":"rgb(255,127,14)"},{"description":"Male","count":2158,"tested":24162,"color":"rgb(31,119,180)"},{"description":"Unknown/Left Blank","count":28,"tested":669,"color":"rgb(44,160,44)"}]}
