{"age":[{"age_group":"<20","count":75,"tested":980},{"age_group":"20-29   ","count":73,"tested":1243},{"age_group":"30-39   ","count":79,"tested":1105},{"age_group":"40-49   ","count":58,"tested":1278},{"age_group":"50-59   ","count":61,"tested":1388},{"age_group":"60-69   ","count":38,"tested":1322},{"age_group":"70-79   ","count":37,"tested":911},{"age_group":"80+","count":41,"tested":3006}],"race":[{"description":"Hispanic","count":13,"tested":218,"color":"rgb(214,39,40)"},{"description":"Left Blank","count":147,"tested":2441,"color":"rgb(44,160,44)"},{"description":"Other","count":7,"tested":90,"color":"rgb(148,103,189)"},{"description":"White","count":292,"tested":8329,"color":"rgb(31,119,180)"}],"gender":[{"description":"Female","count":251,"tested":8450,"color":"rgb(255,127,14)"},{"description":"Male","count":204,"tested":2601,"color":"rgb(31,119,180)"},{"description":"Unknown/Left Blank","count":10,"tested":185,"color":"rgb(44,160,44)"}]}
