{"age":[{"age_group":"<20","count":226,"tested":2741},{"age_group":"20-29   ","count":333,"tested":3753},{"age_group":"30-39   ","count":264,"tested":3633},{"age_group":"40-49   ","count":223,"tested":3054},{"age_group":"50-59   ","count":164,"tested":3161},{"age_group":"60-69   ","count":168,"tested":3139},{"age_group":"70-79   ","count":95,"tested":3149},{"age_group":"80+","count":86,"tested":3269}],"race":[{"description":"Asian","count":31,"tested":771,"color":"rgb(140,86,75)"},{"description":"Black","count":133,"tested":3942,"color":"rgb(255,127,14)"},{"description":"Hispanic","count":177,"tested":1764,"color":"rgb(214,39,40)"},{"description":"Left Blank","count":532,"tested":9865,"color":"rgb(44,160,44)"},{"description":"Other","count":109,"tested":956,"color":"rgb(148,103,189)"},{"description":"White","count":572,"tested":8491,"color":"rgb(31,119,180)"}],"gender":[{"description":"Female","count":813,"tested":14880,"color":"rgb(255,127,14)"},{"description":"Male","count":736,"tested":10557,"color":"rgb(31,119,180)"},{"description":"Unknown/Left Blank","count":10,"tested":467,"color":"rgb(44,160,44)"}]}
