{"age":[{"age_group":"<20","count":873,"tested":25544},{"age_group":"20-29   ","count":629,"tested":19638},{"age_group":"30-39   ","count":501,"tested":9671},{"age_group":"40-49   ","count":566,"tested":9428},{"age_group":"50-59   ","count":575,"tested":10551},{"age_group":"60-69   ","count":327,"tested":8929},{"age_group":"70-79   ","count":158,"tested":5141},{"age_group":"80+","count":98,"tested":3158}],"race":[{"description":"AI/AN**","count":9,"tested":159,"color":"rgb(31,119,180)"},{"description":"Asian","count":261,"tested":6801,"color":"rgb(140,86,75)"},{"description":"Black","count":182,"tested":2917,"color":"rgb(255,127,14)"},{"description":"Hispanic","count":278,"tested":4187,"color":"rgb(214,39,40)"},{"description":"Left Blank","count":549,"tested":30472,"color":"rgb(44,160,44)"},{"description":"Other","count":99,"tested":2934,"color":"rgb(148,103,189)"},{"description":"White","count":2345,"tested":44614,"color":"rgb(31,119,180)"}],"gender":[{"description":"Female","count":1861,"tested":47276,"color":"rgb(255,127,14)"},{"description":"Male","count":1856,"tested":44360,"color":"rgb(31,119,180)"},{"description":"Unknown/Left Blank","count":11,"tested":525,"color":"rgb(44,160,44)"}]}
