{"age":[{"age_group":"<20","count":1011,"tested":12222},{"age_group":"20-29   ","count":1223,"tested":16756},{"age_group":"30-39   ","count":1102,"tested":13364},{"age_group":"40-49   ","count":1052,"tested":12667},{"age_group":"50-59   ","count":902,"tested":13478},{"age_group":"60-69   ","count":641,"tested":11971},{"age_group":"70-79   ","count":314,"tested":6948},{"age_group":"80+","count":244,"tested":5152}],"race":[{"description":"AI/AN**","count":8,"tested":115,"color":"rgb(31,119,180)"},{"description":"Asian","count":158,"tested":3089,"color":"rgb(140,86,75)"},{"description":"Black","count":403,"tested":5936,"color":"rgb(255,127,14)"},{"description":"Hispanic","count":2521,"tested":16452,"color":"rgb(214,39,40)"},{"description":"Left Blank","count":1745,"tested":40469,"color":"rgb(44,160,44)"},{"description":"Other","count":143,"tested":3125,"color":"rgb(148,103,189)"},{"description":"White","count":1510,"tested":23320,"color":"rgb(31,119,180)"}],"gender":[{"description":"Female","count":3445,"tested":53544,"color":"rgb(255,127,14)"},{"description":"Male","count":2983,"tested":37957,"color":"rgb(31,119,180)"},{"description":"Unknown/Left Blank","count":62,"tested":1092,"color":"rgb(44,160,44)"}]}
