{"age":[{"age_group":"<20","count":624,"tested":10591},{"age_group":"20-29   ","count":745,"tested":13397},{"age_group":"30-39   ","count":784,"tested":14657},{"age_group":"40-49   ","count":643,"tested":12340},{"age_group":"50-59   ","count":520,"tested":11794},{"age_group":"60-69   ","count":375,"tested":9212},{"age_group":"70-79   ","count":170,"tested":3452},{"age_group":"80+","count":88,"tested":1643}],"race":[{"description":"Asian","count":11,"tested":175,"color":"rgb(140,86,75)"},{"description":"Black","count":2463,"tested":31690,"color":"rgb(255,127,14)"},{"description":"Hispanic","count":436,"tested":3355,"color":"rgb(214,39,40)"},{"description":"Left Blank","count":831,"tested":37177,"color":"rgb(44,160,44)"},{"description":"Other","count":92,"tested":1817,"color":"rgb(148,103,189)"},{"description":"White","count":113,"tested":2541,"color":"rgb(31,119,180)"}],"gender":[{"description":"Female","count":2241,"tested":39149,"color":"rgb(255,127,14)"},{"description":"Male","count":1683,"tested":35255,"color":"rgb(31,119,180)"},{"description":"Unknown/Left Blank","count":25,"tested":2705,"color":"rgb(44,160,44)"}]}
