{"age":[{"age_group":"<20","count":914,"tested":16826},{"age_group":"20-29   ","count":517,"tested":9242},{"age_group":"30-39   ","count":421,"tested":9788},{"age_group":"40-49   ","count":594,"tested":10908},{"age_group":"50-59   ","count":647,"tested":12426},{"age_group":"60-69   ","count":425,"tested":9185},{"age_group":"70-79   ","count":237,"tested":6618},{"age_group":"80+","count":288,"tested":10560}],"race":[{"description":"AI/AN**","count":7,"tested":195,"color":"rgb(31,119,180)"},{"description":"Asian","count":172,"tested":4535,"color":"rgb(140,86,75)"},{"description":"Black","count":47,"tested":654,"color":"rgb(255,127,14)"},{"description":"Hispanic","count":273,"tested":2510,"color":"rgb(214,39,40)"},{"description":"Left Blank","count":1032,"tested":39590,"color":"rgb(44,160,44)"},{"description":"Other","count":176,"tested":2113,"color":"rgb(148,103,189)"},{"description":"White","count":2332,"tested":35902,"color":"rgb(31,119,180)"}],"gender":[{"description":"Female","count":2032,"tested":49267,"color":"rgb(255,127,14)"},{"description":"Male","count":1979,"tested":35170,"color":"rgb(31,119,180)"},{"description":"Unknown/Left Blank","count":32,"tested":1129,"color":"rgb(44,160,44)"}]}
