{"lastUpdatedDate":{"year":2021,"month":8,"day":24},"county_demographics":[{"County":"Jefferson","confirmed_cases":5259,"total_tested":69084,"demographics":{"age":[{"race":[],"age_group":"<20","count":710,"tested":5748,"deaths":0},{"race":[],"age_group":"20-29   ","count":748,"tested":10547,"deaths":0},{"race":[],"age_group":"30-39   ","count":776,"tested":12451,"deaths":0},{"race":[],"age_group":"40-49   ","count":767,"tested":12021,"deaths":0},{"race":[],"age_group":"50-59   ","count":801,"tested":10721,"deaths":0},{"race":[],"age_group":"60-69   ","count":663,"tested":7093,"deaths":0},{"race":[],"age_group":"70-79   ","count":443,"tested":4817,"deaths":0},{"race":[],"age_group":"80+","count":349,"tested":5220,"deaths":0},{"race":[],"age_group":"Unknown","count":0,"tested":466,"deaths":0}],"race":[{"description":"AI/AN**","count":0,"tested":32,"deaths":0,"color":"rgb(31,119,180)"},{"description":"Asian","count":17,"tested":179,"deaths":0,"color":"rgb(140,86,75)"},{"description":"Black","count":237,"tested":2734,"deaths":0,"color":"rgb(255,127,14)"},{"description":"Hispanic","count":108,"tested":735,"deaths":0,"color":"rgb(214,39,40)"},{"description":"Left Blank","count":2075,"tested":35984,"deaths":0,"color":"rgb(44,160,44)"},{"description":"NH/PI*","count":0,"tested":30,"deaths":0,"color":"rgb(127,127,127)"},{"description":"Other","count":76,"tested":1720,"deaths":0,"color":"rgb(148,103,189)"},{"description":"White","count":2737,"tested":27670,"deaths":0,"color":"rgb(31,119,180)"}],"gender":[{"description":"Female","count":2621,"tested":31443,"deaths":0,"color":"rgb(255,127,14)"},{"description":"Male","count":2422,"tested":24811,"deaths":0,"color":"rgb(31,119,180)"},{"description":"Unknown/Left Blank","count":215,"tested":12830,"deaths":0,"color":"rgb(44,160,44)"}]}}]}
