{"lastUpdatedDate":{"year":2021,"month":8,"day":24},"county_demographics":[{"County":"Wabash","confirmed_cases":1726,"total_tested":18130,"demographics":{"age":[{"race":[],"age_group":"<20","count":362,"tested":2992,"deaths":0},{"race":[],"age_group":"20-29   ","count":211,"tested":2576,"deaths":0},{"race":[],"age_group":"30-39   ","count":220,"tested":2315,"deaths":0},{"race":[],"age_group":"40-49   ","count":239,"tested":2445,"deaths":0},{"race":[],"age_group":"50-59   ","count":252,"tested":2586,"deaths":0},{"race":[],"age_group":"60-69   ","count":213,"tested":1997,"deaths":0},{"race":[],"age_group":"70-79   ","count":119,"tested":1033,"deaths":0},{"race":[],"age_group":"80+","count":110,"tested":2172,"deaths":0},{"race":[],"age_group":"Unknown","count":0,"tested":14,"deaths":0}],"race":[{"description":"AI/AN**","count":0,"tested":0,"deaths":0,"color":"rgb(31,119,180)"},{"description":"Asian","count":0,"tested":13,"deaths":0,"color":"rgb(140,86,75)"},{"description":"Black","count":8,"tested":95,"deaths":0,"color":"rgb(255,127,14)"},{"description":"Hispanic","count":18,"tested":73,"deaths":0,"color":"rgb(214,39,40)"},{"description":"Left Blank","count":229,"tested":7289,"deaths":0,"color":"rgb(44,160,44)"},{"description":"NH/PI*","count":0,"tested":0,"deaths":0,"color":"rgb(127,127,127)"},{"description":"Other","count":0,"tested":35,"deaths":0,"color":"rgb(148,103,189)"},{"description":"White","count":1452,"tested":10620,"deaths":0,"color":"rgb(31,119,180)"}],"gender":[{"description":"Female","count":937,"tested":11527,"deaths":0,"color":"rgb(255,127,14)"},{"description":"Male","count":773,"tested":6043,"deaths":0,"color":"rgb(31,119,180)"},{"description":"Unknown/Left Blank","count":12,"tested":560,"deaths":0,"color":"rgb(44,160,44)"}]}}]}
