{"lastUpdatedDate":{"year":2021,"month":8,"day":24},"county_demographics":[{"County":"Montgomery","confirmed_cases":4132,"total_tested":92803,"demographics":{"age":[{"race":[],"age_group":"<20","count":561,"tested":7475,"deaths":0},{"race":[],"age_group":"20-29   ","count":616,"tested":15502,"deaths":0},{"race":[],"age_group":"30-39   ","count":760,"tested":19452,"deaths":0},{"race":[],"age_group":"40-49   ","count":610,"tested":14869,"deaths":0},{"race":[],"age_group":"50-59   ","count":614,"tested":12723,"deaths":0},{"race":[],"age_group":"60-69   ","count":495,"tested":9471,"deaths":0},{"race":[],"age_group":"70-79   ","count":232,"tested":4799,"deaths":0},{"race":[],"age_group":"80+","count":239,"tested":6746,"deaths":0},{"race":[],"age_group":"Unknown","count":0,"tested":1766,"deaths":0}],"race":[{"description":"AI/AN**","count":0,"tested":19,"deaths":0,"color":"rgb(31,119,180)"},{"description":"Asian","count":0,"tested":140,"deaths":0,"color":"rgb(140,86,75)"},{"description":"Black","count":175,"tested":869,"deaths":0,"color":"rgb(255,127,14)"},{"description":"Hispanic","count":26,"tested":203,"deaths":0,"color":"rgb(214,39,40)"},{"description":"Left Blank","count":1796,"tested":64434,"deaths":0,"color":"rgb(44,160,44)"},{"description":"NH/PI*","count":0,"tested":43,"deaths":0,"color":"rgb(127,127,127)"},{"description":"Other","count":20,"tested":412,"deaths":0,"color":"rgb(148,103,189)"},{"description":"White","count":2094,"tested":26683,"deaths":0,"color":"rgb(31,119,180)"}],"gender":[{"description":"Female","count":1824,"tested":36866,"deaths":0,"color":"rgb(255,127,14)"},{"description":"Male","count":2090,"tested":41689,"deaths":0,"color":"rgb(31,119,180)"},{"description":"Unknown/Left Blank","count":218,"tested":14248,"deaths":0,"color":"rgb(44,160,44)"}]}}]}
