{"lastUpdatedDate":{"year":2021,"month":8,"day":24},"county_demographics":[{"County":"Washington","confirmed_cases":1880,"total_tested":17602,"demographics":{"age":[{"race":[],"age_group":"<20","count":295,"tested":2231,"deaths":0},{"race":[],"age_group":"20-29   ","count":230,"tested":2556,"deaths":0},{"race":[],"age_group":"30-39   ","count":274,"tested":2748,"deaths":0},{"race":[],"age_group":"40-49   ","count":273,"tested":2755,"deaths":0},{"race":[],"age_group":"50-59   ","count":286,"tested":2477,"deaths":0},{"race":[],"age_group":"60-69   ","count":274,"tested":2456,"deaths":0},{"race":[],"age_group":"70-79   ","count":122,"tested":1271,"deaths":0},{"race":[],"age_group":"80+","count":126,"tested":1105,"deaths":0},{"race":[],"age_group":"Unknown","count":0,"tested":0,"deaths":0}],"race":[{"description":"AI/AN**","count":0,"tested":0,"deaths":0,"color":"rgb(31,119,180)"},{"description":"Asian","count":0,"tested":48,"deaths":0,"color":"rgb(140,86,75)"},{"description":"Black","count":0,"tested":116,"deaths":0,"color":"rgb(255,127,14)"},{"description":"Hispanic","count":13,"tested":111,"deaths":0,"color":"rgb(214,39,40)"},{"description":"Left Blank","count":608,"tested":5781,"deaths":0,"color":"rgb(44,160,44)"},{"description":"NH/PI*","count":0,"tested":0,"deaths":0,"color":"rgb(127,127,127)"},{"description":"Other","count":18,"tested":253,"deaths":0,"color":"rgb(148,103,189)"},{"description":"White","count":1227,"tested":11285,"deaths":0,"color":"rgb(31,119,180)"}],"gender":[{"description":"Female","count":1021,"tested":10447,"deaths":0,"color":"rgb(255,127,14)"},{"description":"Male","count":845,"tested":6363,"deaths":0,"color":"rgb(31,119,180)"},{"description":"Unknown/Left Blank","count":10,"tested":792,"deaths":0,"color":"rgb(44,160,44)"}]}}]}
