{"lastUpdatedDate":{"year":2021,"month":8,"day":24},"county_demographics":[{"County":"Crawford","confirmed_cases":2640,"total_tested":45975,"demographics":{"age":[{"race":[],"age_group":"<20","count":442,"tested":4586,"deaths":0},{"race":[],"age_group":"20-29   ","count":388,"tested":6381,"deaths":0},{"race":[],"age_group":"30-39   ","count":415,"tested":9801,"deaths":0},{"race":[],"age_group":"40-49   ","count":367,"tested":8353,"deaths":0},{"race":[],"age_group":"50-59   ","count":358,"tested":6799,"deaths":0},{"race":[],"age_group":"60-69   ","count":292,"tested":3905,"deaths":0},{"race":[],"age_group":"70-79   ","count":231,"tested":2095,"deaths":0},{"race":[],"age_group":"80+","count":147,"tested":1825,"deaths":0},{"race":[],"age_group":"Unknown","count":0,"tested":2230,"deaths":0}],"race":[{"description":"AI/AN**","count":0,"tested":0,"deaths":0,"color":"rgb(31,119,180)"},{"description":"Asian","count":0,"tested":56,"deaths":0,"color":"rgb(140,86,75)"},{"description":"Black","count":168,"tested":607,"deaths":0,"color":"rgb(255,127,14)"},{"description":"Hispanic","count":51,"tested":186,"deaths":0,"color":"rgb(214,39,40)"},{"description":"Left Blank","count":257,"tested":25904,"deaths":0,"color":"rgb(44,160,44)"},{"description":"NH/PI*","count":0,"tested":0,"deaths":0,"color":"rgb(127,127,127)"},{"description":"Other","count":27,"tested":585,"deaths":0,"color":"rgb(148,103,189)"},{"description":"White","count":2124,"tested":18632,"deaths":0,"color":"rgb(31,119,180)"}],"gender":[{"description":"Female","count":1245,"tested":15587,"deaths":0,"color":"rgb(255,127,14)"},{"description":"Male","count":1350,"tested":17844,"deaths":0,"color":"rgb(31,119,180)"},{"description":"Unknown/Left Blank","count":45,"tested":12544,"deaths":0,"color":"rgb(44,160,44)"}]}}]}
