{"lastUpdatedDate":{"year":2021,"month":5,"day":13},"county_demographics":[{"County":"St. Clair","confirmed_cases":27847,"total_tested":399553,"demographics":{"age":[{"race":[],"age_group":"<20","count":4551,"tested":41890,"deaths":0},{"race":[],"age_group":"20-29   ","count":4356,"tested":59715,"deaths":0},{"race":[],"age_group":"30-39   ","count":4398,"tested":69135,"deaths":0},{"race":[],"age_group":"40-49   ","count":4211,"tested":62336,"deaths":0},{"race":[],"age_group":"50-59   ","count":4204,"tested":60440,"deaths":0},{"race":[],"age_group":"60-69   ","count":3243,"tested":49216,"deaths":0},{"race":[],"age_group":"70-79   ","count":1569,"tested":27474,"deaths":0},{"race":[],"age_group":"80+","count":1299,"tested":26636,"deaths":0},{"race":[],"age_group":"Unknown","count":16,"tested":2711,"deaths":0}],"race":[{"description":"AI/AN**","count":38,"tested":250,"deaths":0,"color":"rgb(31,119,180)"},{"description":"Asian","count":157,"tested":1145,"deaths":0,"color":"rgb(140,86,75)"},{"description":"Black","count":6608,"tested":49965,"deaths":0,"color":"rgb(255,127,14)"},{"description":"Hispanic","count":876,"tested":3609,"deaths":0,"color":"rgb(214,39,40)"},{"description":"Left Blank","count":10030,"tested":242429,"deaths":0,"color":"rgb(44,160,44)"},{"description":"NH/PI*","count":40,"tested":402,"deaths":0,"color":"rgb(127,127,127)"},{"description":"Other","count":485,"tested":8029,"deaths":0,"color":"rgb(148,103,189)"},{"description":"White","count":9609,"tested":93724,"deaths":0,"color":"rgb(31,119,180)"}],"gender":[{"description":"Female","count":14776,"tested":199392,"deaths":0,"color":"rgb(255,127,14)"},{"description":"Male","count":11937,"tested":161776,"deaths":0,"color":"rgb(31,119,180)"},{"description":"Unknown/Left Blank","count":1134,"tested":38385,"deaths":0,"color":"rgb(44,160,44)"}]}}]}
