{"lastUpdatedDate":{"year":2021,"month":5,"day":13},"county_demographics":[{"County":"Lake","confirmed_cases":67145,"total_tested":1092640,"demographics":{"age":[{"race":[],"age_group":"<20","count":12651,"tested":222898,"deaths":0},{"race":[],"age_group":"20-29   ","count":12277,"tested":168559,"deaths":0},{"race":[],"age_group":"30-39   ","count":9810,"tested":135112,"deaths":0},{"race":[],"age_group":"40-49   ","count":10511,"tested":139283,"deaths":0},{"race":[],"age_group":"50-59   ","count":10317,"tested":159217,"deaths":0},{"race":[],"age_group":"60-69   ","count":6264,"tested":123218,"deaths":0},{"race":[],"age_group":"70-79   ","count":2934,"tested":69559,"deaths":0},{"race":[],"age_group":"80+","count":2359,"tested":74416,"deaths":0},{"race":[],"age_group":"Unknown","count":22,"tested":378,"deaths":0}],"race":[{"description":"AI/AN**","count":100,"tested":1250,"deaths":0,"color":"rgb(31,119,180)"},{"description":"Asian","count":1894,"tested":42012,"deaths":0,"color":"rgb(140,86,75)"},{"description":"Black","count":3650,"tested":45606,"deaths":0,"color":"rgb(255,127,14)"},{"description":"Hispanic","count":19320,"tested":124417,"deaths":0,"color":"rgb(214,39,40)"},{"description":"Left Blank","count":15972,"tested":418014,"deaths":0,"color":"rgb(44,160,44)"},{"description":"NH/PI*","count":128,"tested":2587,"deaths":0,"color":"rgb(127,127,127)"},{"description":"Other","count":3153,"tested":36851,"deaths":0,"color":"rgb(148,103,189)"},{"description":"White","count":22928,"tested":421903,"deaths":0,"color":"rgb(31,119,180)"}],"gender":[{"description":"Female","count":33503,"tested":603062,"deaths":0,"color":"rgb(255,127,14)"},{"description":"Male","count":32775,"tested":464738,"deaths":0,"color":"rgb(31,119,180)"},{"description":"Unknown/Left Blank","count":867,"tested":24840,"deaths":0,"color":"rgb(44,160,44)"}]}}]}
