{"lastUpdatedDate":{"year":2021,"month":5,"day":13},"county_demographics":[{"County":"Ford","confirmed_cases":1782,"total_tested":30173,"demographics":{"age":[{"race":[],"age_group":"<20","count":370,"tested":4773,"deaths":0},{"race":[],"age_group":"20-29   ","count":258,"tested":4472,"deaths":0},{"race":[],"age_group":"30-39   ","count":239,"tested":4151,"deaths":0},{"race":[],"age_group":"40-49   ","count":215,"tested":3601,"deaths":0},{"race":[],"age_group":"50-59   ","count":208,"tested":3910,"deaths":0},{"race":[],"age_group":"60-69   ","count":198,"tested":3747,"deaths":0},{"race":[],"age_group":"70-79   ","count":116,"tested":2203,"deaths":0},{"race":[],"age_group":"80+","count":178,"tested":3308,"deaths":0},{"race":[],"age_group":"Unknown","count":0,"tested":8,"deaths":0}],"race":[{"description":"AI/AN**","count":0,"tested":15,"deaths":0,"color":"rgb(31,119,180)"},{"description":"Asian","count":0,"tested":82,"deaths":0,"color":"rgb(140,86,75)"},{"description":"Black","count":7,"tested":229,"deaths":0,"color":"rgb(255,127,14)"},{"description":"Hispanic","count":53,"tested":435,"deaths":0,"color":"rgb(214,39,40)"},{"description":"Left Blank","count":253,"tested":8061,"deaths":0,"color":"rgb(44,160,44)"},{"description":"NH/PI*","count":0,"tested":20,"deaths":0,"color":"rgb(127,127,127)"},{"description":"Other","count":30,"tested":397,"deaths":0,"color":"rgb(148,103,189)"},{"description":"White","count":1427,"tested":20934,"deaths":0,"color":"rgb(31,119,180)"}],"gender":[{"description":"Female","count":967,"tested":18634,"deaths":0,"color":"rgb(255,127,14)"},{"description":"Male","count":788,"tested":10706,"deaths":0,"color":"rgb(31,119,180)"},{"description":"Unknown/Left Blank","count":27,"tested":833,"deaths":0,"color":"rgb(44,160,44)"}]}}]}
