{"lastUpdatedDate":{"year":2021,"month":5,"day":13},"county_demographics":[{"County":"Edwards","confirmed_cases":569,"total_tested":4590,"demographics":{"age":[{"race":[],"age_group":"<20","count":79,"tested":847,"deaths":0},{"race":[],"age_group":"20-29   ","count":68,"tested":660,"deaths":0},{"race":[],"age_group":"30-39   ","count":64,"tested":595,"deaths":0},{"race":[],"age_group":"40-49   ","count":82,"tested":691,"deaths":0},{"race":[],"age_group":"50-59   ","count":91,"tested":716,"deaths":0},{"race":[],"age_group":"60-69   ","count":83,"tested":555,"deaths":0},{"race":[],"age_group":"70-79   ","count":70,"tested":334,"deaths":0},{"race":[],"age_group":"80+","count":30,"tested":191,"deaths":0},{"race":[],"age_group":"Unknown","count":0,"tested":0,"deaths":0}],"race":[{"description":"Asian","count":0,"tested":6,"deaths":0,"color":"rgb(140,86,75)"},{"description":"Black","count":0,"tested":8,"deaths":0,"color":"rgb(255,127,14)"},{"description":"Hispanic","count":0,"tested":10,"deaths":0,"color":"rgb(214,39,40)"},{"description":"Left Blank","count":55,"tested":1072,"deaths":0,"color":"rgb(44,160,44)"},{"description":"NH/PI*","count":0,"tested":0,"deaths":0,"color":"rgb(127,127,127)"},{"description":"Other","count":0,"tested":10,"deaths":0,"color":"rgb(148,103,189)"},{"description":"White","count":510,"tested":3483,"deaths":0,"color":"rgb(31,119,180)"}],"gender":[{"description":"Female","count":301,"tested":2962,"deaths":0,"color":"rgb(255,127,14)"},{"description":"Male","count":261,"tested":1424,"deaths":0,"color":"rgb(31,119,180)"},{"description":"Unknown/Left Blank","count":7,"tested":204,"deaths":0,"color":"rgb(44,160,44)"}]}}]}
