{"lastUpdatedDate":{"year":2021,"month":2,"day":5},"county_demographics":[{"County":"McDonough","confirmed_cases":2256,"total_tested":34991,"demographics":{"age":[{"race":[],"age_group":"<20","count":376,"tested":4914,"deaths":0},{"race":[],"age_group":"Unknown","count":0,"tested":8,"deaths":0},{"race":[],"age_group":"60-69   ","count":229,"tested":3916,"deaths":0},{"race":[],"age_group":"80+","count":136,"tested":3392,"deaths":0},{"race":[],"age_group":"40-49   ","count":231,"tested":3919,"deaths":0},{"race":[],"age_group":"30-39   ","count":262,"tested":4917,"deaths":0},{"race":[],"age_group":"50-59   ","count":218,"tested":4115,"deaths":0},{"race":[],"age_group":"70-79   ","count":153,"tested":2614,"deaths":0},{"race":[],"age_group":"20-29   ","count":649,"tested":7196,"deaths":0}],"race":[{"description":"AI/AN**","count":0,"tested":27,"deaths":0,"color":"rgb(31,119,180)"},{"description":"Asian","count":34,"tested":227,"deaths":0,"color":"rgb(140,86,75)"},{"description":"Black","count":160,"tested":1557,"deaths":0,"color":"rgb(255,127,14)"},{"description":"Hispanic","count":93,"tested":502,"deaths":0,"color":"rgb(214,39,40)"},{"description":"Left Blank","count":281,"tested":12540,"deaths":0,"color":"rgb(44,160,44)"},{"description":"NH/PI*","count":0,"tested":22,"deaths":0,"color":"rgb(127,127,127)"},{"description":"Other","count":20,"tested":311,"deaths":0,"color":"rgb(148,103,189)"},{"description":"White","count":1659,"tested":19805,"deaths":0,"color":"rgb(31,119,180)"}],"gender":[{"description":"Female","count":1187,"tested":21942,"deaths":0,"color":"rgb(255,127,14)"},{"description":"Male","count":1030,"tested":12111,"deaths":0,"color":"rgb(31,119,180)"},{"description":"Unknown/Left Blank","count":39,"tested":938,"deaths":0,"color":"rgb(44,160,44)"}]}}]}
