{"lastUpdatedDate":{"year":2021,"month":2,"day":5},"county_demographics":[{"County":"Sangamon","confirmed_cases":15453,"total_tested":279795,"demographics":{"age":[{"race":[],"age_group":"<20","count":2307,"tested":33119,"deaths":0},{"race":[],"age_group":"40-49   ","count":2177,"tested":38446,"deaths":0},{"race":[],"age_group":"80+","count":820,"tested":17345,"deaths":0},{"race":[],"age_group":"20-29   ","count":2603,"tested":47723,"deaths":0},{"race":[],"age_group":"30-39   ","count":2284,"tested":42862,"deaths":0},{"race":[],"age_group":"50-59   ","count":2334,"tested":41945,"deaths":0},{"race":[],"age_group":"70-79   ","count":1084,"tested":22379,"deaths":0},{"race":[],"age_group":"60-69   ","count":1844,"tested":35892,"deaths":0},{"race":[],"age_group":"Unknown","count":0,"tested":84,"deaths":0}],"race":[{"description":"AI/AN**","count":7,"tested":226,"deaths":0,"color":"rgb(31,119,180)"},{"description":"Asian","count":123,"tested":2760,"deaths":0,"color":"rgb(140,86,75)"},{"description":"Black","count":1632,"tested":20245,"deaths":0,"color":"rgb(255,127,14)"},{"description":"Hispanic","count":184,"tested":2181,"deaths":0,"color":"rgb(214,39,40)"},{"description":"Left Blank","count":6951,"tested":127268,"deaths":0,"color":"rgb(44,160,44)"},{"description":"NH/PI*","count":26,"tested":2345,"deaths":0,"color":"rgb(127,127,127)"},{"description":"Other","count":192,"tested":5714,"deaths":0,"color":"rgb(148,103,189)"},{"description":"White","count":6336,"tested":119056,"deaths":0,"color":"rgb(31,119,180)"}],"gender":[{"description":"Female","count":7841,"tested":163147,"deaths":0,"color":"rgb(255,127,14)"},{"description":"Male","count":6395,"tested":109813,"deaths":0,"color":"rgb(31,119,180)"},{"description":"Unknown/Left Blank","count":1217,"tested":6835,"deaths":0,"color":"rgb(44,160,44)"}]}}]}
