{"lastUpdatedDate":{"year":2021,"month":2,"day":5},"county_demographics":[{"County":"Clark","confirmed_cases":1614,"total_tested":12721,"demographics":{"age":[{"race":[],"age_group":"30-39   ","count":238,"tested":1733,"deaths":0},{"race":[],"age_group":"20-29   ","count":219,"tested":1438,"deaths":0},{"race":[],"age_group":"50-59   ","count":229,"tested":1725,"deaths":0},{"race":[],"age_group":"<20","count":293,"tested":2006,"deaths":0},{"race":[],"age_group":"40-49   ","count":195,"tested":1553,"deaths":0},{"race":[],"age_group":"Unknown","count":0,"tested":18,"deaths":0},{"race":[],"age_group":"60-69   ","count":184,"tested":1638,"deaths":0},{"race":[],"age_group":"80+","count":147,"tested":1551,"deaths":0},{"race":[],"age_group":"70-79   ","count":109,"tested":1059,"deaths":0}],"race":[{"description":"AI/AN**","count":0,"tested":0,"deaths":0,"color":"rgb(31,119,180)"},{"description":"Asian","count":0,"tested":9,"deaths":0,"color":"rgb(140,86,75)"},{"description":"Black","count":0,"tested":21,"deaths":0,"color":"rgb(255,127,14)"},{"description":"Hispanic","count":9,"tested":38,"deaths":0,"color":"rgb(214,39,40)"},{"description":"Left Blank","count":333,"tested":5536,"deaths":0,"color":"rgb(44,160,44)"},{"description":"Other","count":8,"tested":238,"deaths":0,"color":"rgb(148,103,189)"},{"description":"White","count":1255,"tested":6875,"deaths":0,"color":"rgb(31,119,180)"}],"gender":[{"description":"Female","count":747,"tested":8071,"deaths":0,"color":"rgb(255,127,14)"},{"description":"Male","count":524,"tested":4086,"deaths":0,"color":"rgb(31,119,180)"},{"description":"Unknown/Left Blank","count":343,"tested":564,"deaths":0,"color":"rgb(44,160,44)"}]}}]}
