{"lastUpdatedDate":{"year":2020,"month":11,"day":13},"county_demographics":[{"County":"Gallatin","confirmed_cases":157,"total_tested":1371,"demographics":{"age":[{"age_group":"<20","count":23,"tested":243},{"age_group":"20-29   ","count":15,"tested":185},{"age_group":"30-39   ","count":23,"tested":173},{"age_group":"40-49   ","count":26,"tested":177},{"age_group":"50-59   ","count":28,"tested":197},{"age_group":"60-69   ","count":18,"tested":186},{"age_group":"70-79   ","count":14,"tested":158},{"age_group":"80+","count":7,"tested":51},{"age_group":"Unknown","count":0,"tested":0}],"race":[{"description":"Asian","count":0,"tested":0,"color":"rgb(140,86,75)"},{"description":"Black","count":0,"tested":11,"color":"rgb(255,127,14)"},{"description":"Hispanic","count":0,"tested":0,"color":"rgb(214,39,40)"},{"description":"Left Blank","count":25,"tested":465,"color":"rgb(44,160,44)"},{"description":"Other","count":0,"tested":14,"color":"rgb(148,103,189)"},{"description":"White","count":127,"tested":877,"color":"rgb(31,119,180)"}],"gender":[{"description":"Female","count":81,"tested":817,"color":"rgb(255,127,14)"},{"description":"Male","count":71,"tested":492,"color":"rgb(31,119,180)"},{"description":"Unknown/Left Blank","count":0,"tested":62,"color":"rgb(44,160,44)"}]}}]}
