{"lastUpdatedDate":{"year":2020,"month":11,"day":13},"county_demographics":[{"County":"Mason","confirmed_cases":472,"total_tested":7672,"demographics":{"age":[{"age_group":"<20","count":67,"tested":1244},{"age_group":"20-29   ","count":47,"tested":939},{"age_group":"30-39   ","count":60,"tested":1097},{"age_group":"40-49   ","count":60,"tested":1087},{"age_group":"50-59   ","count":70,"tested":1120},{"age_group":"60-69   ","count":62,"tested":991},{"age_group":"70-79   ","count":39,"tested":703},{"age_group":"80+","count":50,"tested":491},{"age_group":"Unknown","count":0,"tested":0}],"race":[{"description":"AI/AN**","count":0,"tested":0,"color":"rgb(31,119,180)"},{"description":"Asian","count":0,"tested":6,"color":"rgb(140,86,75)"},{"description":"Black","count":0,"tested":19,"color":"rgb(255,127,14)"},{"description":"Hispanic","count":0,"tested":21,"color":"rgb(214,39,40)"},{"description":"Left Blank","count":206,"tested":3279,"color":"rgb(44,160,44)"},{"description":"Other","count":0,"tested":65,"color":"rgb(148,103,189)"},{"description":"White","count":257,"tested":4281,"color":"rgb(31,119,180)"}],"gender":[{"description":"Female","count":275,"tested":4598,"color":"rgb(255,127,14)"},{"description":"Male","count":169,"tested":2820,"color":"rgb(31,119,180)"},{"description":"Unknown/Left Blank","count":21,"tested":254,"color":"rgb(44,160,44)"}]}}]}
