{"lastUpdatedDate":{"year":2020,"month":11,"day":13},"county_demographics":[{"County":"Logan","confirmed_cases":1098,"total_tested":22509,"demographics":{"age":[{"age_group":"<20","count":114,"tested":2969},{"age_group":"20-29   ","count":190,"tested":3492},{"age_group":"30-39   ","count":186,"tested":3238},{"age_group":"40-49   ","count":168,"tested":2860},{"age_group":"50-59   ","count":170,"tested":3233},{"age_group":"60-69   ","count":161,"tested":2931},{"age_group":"70-79   ","count":66,"tested":1893},{"age_group":"80+","count":33,"tested":1879},{"age_group":"Unknown","count":0,"tested":14}],"race":[{"description":"AI/AN**","count":0,"tested":0,"color":"rgb(31,119,180)"},{"description":"Asian","count":0,"tested":14,"color":"rgb(140,86,75)"},{"description":"Black","count":97,"tested":486,"color":"rgb(255,127,14)"},{"description":"Hispanic","count":21,"tested":152,"color":"rgb(214,39,40)"},{"description":"Left Blank","count":167,"tested":12348,"color":"rgb(44,160,44)"},{"description":"NH/PI*","count":0,"tested":0,"color":"rgb(127,127,127)"},{"description":"Other","count":10,"tested":317,"color":"rgb(148,103,189)"},{"description":"White","count":795,"tested":9187,"color":"rgb(31,119,180)"}],"gender":[{"description":"Female","count":568,"tested":13963,"color":"rgb(255,127,14)"},{"description":"Male","count":506,"tested":7625,"color":"rgb(31,119,180)"},{"description":"Unknown/Left Blank","count":24,"tested":921,"color":"rgb(44,160,44)"}]}}]}
