{"lastUpdatedDate":{"year":2020,"month":11,"day":13},"county_demographics":[{"County":"Kendall","confirmed_cases":4602,"total_tested":54946,"demographics":{"age":[{"age_group":"<20","count":728,"tested":8916},{"age_group":"20-29   ","count":900,"tested":8944},{"age_group":"30-39   ","count":809,"tested":9452},{"age_group":"40-49   ","count":853,"tested":9263},{"age_group":"50-59   ","count":671,"tested":7658},{"age_group":"60-69   ","count":361,"tested":5221},{"age_group":"70-79   ","count":173,"tested":3200},{"age_group":"80+","count":102,"tested":2277},{"age_group":"Unknown","count":0,"tested":15}],"race":[{"description":"AI/AN**","count":7,"tested":39,"color":"rgb(31,119,180)"},{"description":"Asian","count":70,"tested":824,"color":"rgb(140,86,75)"},{"description":"Black","count":301,"tested":2714,"color":"rgb(255,127,14)"},{"description":"Hispanic","count":1219,"tested":6222,"color":"rgb(214,39,40)"},{"description":"Left Blank","count":1108,"tested":21954,"color":"rgb(44,160,44)"},{"description":"NH/PI*","count":0,"tested":18,"color":"rgb(127,127,127)"},{"description":"Other","count":104,"tested":1752,"color":"rgb(148,103,189)"},{"description":"White","count":1788,"tested":21423,"color":"rgb(31,119,180)"}],"gender":[{"description":"Female","count":2434,"tested":31324,"color":"rgb(255,127,14)"},{"description":"Male","count":2153,"tested":22626,"color":"rgb(31,119,180)"},{"description":"Unknown/Left Blank","count":13,"tested":996,"color":"rgb(44,160,44)"}]}}]}
