{"lastUpdatedDate":{"year":2020,"month":11,"day":13},"county_demographics":[{"County":"Massac","confirmed_cases":281,"total_tested":4006,"demographics":{"age":[{"age_group":"<20","count":46,"tested":519},{"age_group":"20-29   ","count":37,"tested":443},{"age_group":"30-39   ","count":41,"tested":404},{"age_group":"40-49   ","count":38,"tested":546},{"age_group":"50-59   ","count":50,"tested":650},{"age_group":"60-69   ","count":39,"tested":637},{"age_group":"70-79   ","count":20,"tested":445},{"age_group":"80+","count":8,"tested":361},{"age_group":"Unknown","count":0,"tested":0}],"race":[{"description":"AI/AN**","count":0,"tested":0,"color":"rgb(31,119,180)"},{"description":"Asian","count":0,"tested":0,"color":"rgb(140,86,75)"},{"description":"Black","count":13,"tested":112,"color":"rgb(255,127,14)"},{"description":"Hispanic","count":0,"tested":21,"color":"rgb(214,39,40)"},{"description":"Left Blank","count":111,"tested":2003,"color":"rgb(44,160,44)"},{"description":"Other","count":0,"tested":24,"color":"rgb(148,103,189)"},{"description":"White","count":154,"tested":1841,"color":"rgb(31,119,180)"}],"gender":[{"description":"Female","count":140,"tested":2292,"color":"rgb(255,127,14)"},{"description":"Male","count":131,"tested":1609,"color":"rgb(31,119,180)"},{"description":"Unknown/Left Blank","count":9,"tested":105,"color":"rgb(44,160,44)"}]}}]}
