{"lastUpdatedDate":{"year":2020,"month":11,"day":13},"county_demographics":[{"County":"Will","confirmed_cases":28304,"total_tested":337234,"demographics":{"age":[{"age_group":"<20","count":3982,"tested":38590},{"age_group":"20-29   ","count":5489,"tested":55172},{"age_group":"30-39   ","count":4390,"tested":48626},{"age_group":"40-49   ","count":4856,"tested":50020},{"age_group":"50-59   ","count":4721,"tested":55695},{"age_group":"60-69   ","count":2658,"tested":41313},{"age_group":"70-79   ","count":1326,"tested":26016},{"age_group":"80+","count":878,"tested":21359},{"age_group":"Unknown","count":0,"tested":443}],"race":[{"description":"AI/AN**","count":98,"tested":519,"color":"rgb(31,119,180)"},{"description":"Asian","count":499,"tested":6989,"color":"rgb(140,86,75)"},{"description":"Black","count":2602,"tested":26789,"color":"rgb(255,127,14)"},{"description":"Hispanic","count":4618,"tested":21938,"color":"rgb(214,39,40)"},{"description":"Left Blank","count":10642,"tested":160025,"color":"rgb(44,160,44)"},{"description":"NH/PI*","count":22,"tested":222,"color":"rgb(127,127,127)"},{"description":"Other","count":949,"tested":12475,"color":"rgb(148,103,189)"},{"description":"White","count":8866,"tested":108277,"color":"rgb(31,119,180)"}],"gender":[{"description":"Female","count":14550,"tested":188348,"color":"rgb(255,127,14)"},{"description":"Male","count":13571,"tested":143730,"color":"rgb(31,119,180)"},{"description":"Unknown/Left Blank","count":179,"tested":5156,"color":"rgb(44,160,44)"}]}}]}
