{"lastUpdatedDate":{"year":2020,"month":11,"day":13},"county_demographics":[{"County":"Wabash","confirmed_cases":364,"total_tested":3545,"demographics":{"age":[{"age_group":"<20","count":88,"tested":622},{"age_group":"20-29   ","count":37,"tested":587},{"age_group":"30-39   ","count":46,"tested":401},{"age_group":"40-49   ","count":50,"tested":431},{"age_group":"50-59   ","count":41,"tested":421},{"age_group":"60-69   ","count":46,"tested":365},{"age_group":"70-79   ","count":25,"tested":220},{"age_group":"80+","count":23,"tested":488},{"age_group":"Unknown","count":0,"tested":10}],"race":[{"description":"Asian","count":0,"tested":0,"color":"rgb(140,86,75)"},{"description":"Black","count":7,"tested":0,"color":"rgb(255,127,14)"},{"description":"Hispanic","count":13,"tested":0,"color":"rgb(214,39,40)"},{"description":"Left Blank","count":93,"tested":2078,"color":"rgb(44,160,44)"},{"description":"NH/PI*","count":0,"tested":0,"color":"rgb(127,127,127)"},{"description":"Other","count":0,"tested":0,"color":"rgb(148,103,189)"},{"description":"White","count":246,"tested":1454,"color":"rgb(31,119,180)"}],"gender":[{"description":"Female","count":192,"tested":2217,"color":"rgb(255,127,14)"},{"description":"Male","count":158,"tested":1169,"color":"rgb(31,119,180)"},{"description":"Unknown/Left Blank","count":13,"tested":159,"color":"rgb(44,160,44)"}]}}]}
