{"age":[{"age_group":"<20","count":121,"tested":1566},{"age_group":"20-29   ","count":145,"tested":2736},{"age_group":"30-39   ","count":203,"tested":3441},{"age_group":"40-49   ","count":189,"tested":3179},{"age_group":"50-59   ","count":147,"tested":3220},{"age_group":"60-69   ","count":134,"tested":3238},{"age_group":"70-79   ","count":72,"tested":2042},{"age_group":"80+","count":45,"tested":1151}],"race":[{"description":"White","count":33,"tested":732,"color":"rgb(31,119,180)"},{"description":"Other","count":17,"tested":328,"color":"rgb(148,103,189)"},{"description":"Left Blank","count":201,"tested":7459,"color":"rgb(44,160,44)"},{"description":"Black","count":747,"tested":11560,"color":"rgb(255,127,14)"},{"description":"Hispanic","count":35,"tested":382,"color":"rgb(214,39,40)"},{"description":"Asian","count":16,"tested":95,"color":"rgb(140,86,75)"}],"gender":[{"description":"Male","count":452,"tested":8065,"color":"rgb(31,119,180)"},{"description":"Unknown/Left Blank","count":30,"tested":1150,"color":"rgb(44,160,44)"},{"description":"Female","count":559,"tested":11379,"color":"rgb(255,127,14)"}]}
