{"age":[{"age_group":"<20","count":43,"tested":504},{"age_group":"20-29   ","count":60,"tested":610},{"age_group":"30-39   ","count":67,"tested":696},{"age_group":"40-49   ","count":66,"tested":635},{"age_group":"50-59   ","count":40,"tested":847},{"age_group":"60-69   ","count":53,"tested":584},{"age_group":"70-79   ","count":26,"tested":332}],"race":[{"description":"Hispanic","count":74,"tested":552,"color":"rgb(214,39,40)"},{"description":"Left Blank","count":68,"tested":1214,"color":"rgb(44,160,44)"},{"description":"White","count":113,"tested":1561,"color":"rgb(31,119,180)"},{"description":"Other","count":25,"tested":235,"color":"rgb(148,103,189)"},{"description":"Black","count":46,"tested":408,"color":"rgb(255,127,14)"},{"description":"Asian","count":25,"tested":291,"color":"rgb(140,86,75)"}],"gender":[{"description":"Male","count":172,"tested":1935,"color":"rgb(31,119,180)"},{"description":"Female","count":156,"tested":2325,"color":"rgb(255,127,14)"}]}
