{"age":[{"age_group":"<20","count":136,"tested":1339},{"age_group":"20-29   ","count":178,"tested":1858},{"age_group":"30-39   ","count":129,"tested":1755},{"age_group":"40-49   ","count":179,"tested":2019},{"age_group":"50-59   ","count":164,"tested":2038},{"age_group":"60-69   ","count":85,"tested":1643},{"age_group":"70-79   ","count":78,"tested":1785},{"age_group":"80+","count":53,"tested":1615}],"race":[{"description":"Hispanic","count":159,"tested":773,"color":"rgb(214,39,40)"},{"description":"Left Blank","count":285,"tested":6559,"color":"rgb(44,160,44)"},{"description":"Other","count":51,"tested":460,"color":"rgb(148,103,189)"},{"description":"Asian","count":36,"tested":304,"color":"rgb(140,86,75)"},{"description":"White","count":350,"tested":5332,"color":"rgb(31,119,180)"},{"description":"Black","count":80,"tested":601,"color":"rgb(255,127,14)"}],"gender":[{"description":"Female","count":456,"tested":8246,"color":"rgb(255,127,14)"},{"description":"Male","count":424,"tested":5703,"color":"rgb(31,119,180)"}]}
