{"age":[{"age_group":"<20","count":78,"tested":716},{"age_group":"20-29   ","count":178,"tested":1477},{"age_group":"30-39   ","count":132,"tested":1433},{"age_group":"40-49   ","count":160,"tested":1410},{"age_group":"50-59   ","count":166,"tested":1589},{"age_group":"60-69   ","count":101,"tested":1381},{"age_group":"70-79   ","count":60,"tested":763},{"age_group":"80+","count":26,"tested":384}],"race":[{"description":"Black","count":410,"tested":4037,"color":"rgb(255,127,14)"},{"description":"Hispanic","count":188,"tested":858,"color":"rgb(214,39,40)"},{"description":"White","count":44,"tested":556,"color":"rgb(31,119,180)"},{"description":"Left Blank","count":205,"tested":3355,"color":"rgb(44,160,44)"},{"description":"Other","count":38,"tested":324,"color":"rgb(148,103,189)"}],"gender":[{"description":"Unknown/Left Blank","count":9,"tested":173,"color":"rgb(44,160,44)"},{"description":"Male","count":417,"tested":3637,"color":"rgb(31,119,180)"},{"description":"Female","count":460,"tested":5346,"color":"rgb(255,127,14)"}]}
