{"age":[{"age_group":"<20","count":225,"tested":2643},{"age_group":"20-29   ","count":183,"tested":1822},{"age_group":"30-39   ","count":157,"tested":1746},{"age_group":"40-49   ","count":168,"tested":1707},{"age_group":"50-59   ","count":197,"tested":2416},{"age_group":"60-69   ","count":152,"tested":1586},{"age_group":"70-79   ","count":113,"tested":924},{"age_group":"80+","count":127,"tested":1125}],"race":[{"description":"Asian","count":66,"tested":159,"color":"rgb(140,86,75)"},{"description":"White","count":614,"tested":7201,"color":"rgb(31,119,180)"},{"description":"Other","count":77,"tested":208,"color":"rgb(148,103,189)"},{"description":"Hispanic","count":120,"tested":421,"color":"rgb(214,39,40)"},{"description":"Left Blank","count":261,"tested":5892,"color":"rgb(44,160,44)"}],"gender":[{"description":"Unknown/Left Blank","count":67,"tested":173,"color":"rgb(44,160,44)"},{"description":"Female","count":491,"tested":7877,"color":"rgb(255,127,14)"},{"description":"Male","count":465,"tested":5921,"color":"rgb(31,119,180)"}]}
