{"age":[{"age_group":"<20","count":14,"tested":254},{"age_group":"20-29   ","count":29,"tested":408},{"age_group":"30-39   ","count":22,"tested":398},{"age_group":"40-49   ","count":29,"tested":339},{"age_group":"50-59   ","count":25,"tested":454},{"age_group":"60-69   ","count":19,"tested":416},{"age_group":"70-79   ","count":15,"tested":382}],"race":[{"description":"Left Blank","count":23,"tested":434,"color":"rgb(44,160,44)"},{"description":"White","count":86,"tested":2411,"color":"rgb(31,119,180)"}],"gender":[{"description":"Male","count":46,"tested":1202,"color":"rgb(31,119,180)"},{"description":"Female","count":66,"tested":1806,"color":"rgb(255,127,14)"}]}
