{"age":[{"age_group":"<20","count":227,"tested":1540},{"age_group":"20-29   ","count":329,"tested":2835},{"age_group":"30-39   ","count":280,"tested":2511},{"age_group":"40-49   ","count":280,"tested":2340},{"age_group":"50-59   ","count":242,"tested":2195},{"age_group":"60-69   ","count":168,"tested":1727},{"age_group":"70-79   ","count":92,"tested":1018},{"age_group":"80+","count":31,"tested":479}],"race":[{"description":"Other","count":86,"tested":637,"color":"rgb(148,103,189)"},{"description":"Left Blank","count":379,"tested":7616,"color":"rgb(44,160,44)"},{"description":"White","count":281,"tested":2545,"color":"rgb(31,119,180)"},{"description":"Asian","count":197,"tested":1218,"color":"rgb(140,86,75)"},{"description":"Hispanic","count":601,"tested":2033,"color":"rgb(214,39,40)"},{"description":"Black","count":64,"tested":544,"color":"rgb(255,127,14)"}],"gender":[{"description":"Female","count":770,"tested":8082,"color":"rgb(255,127,14)"},{"description":"Male","count":756,"tested":6380,"color":"rgb(31,119,180)"}]}
