{"age":[{"age_group":"<20","count":294,"tested":2471},{"age_group":"20-29   ","count":344,"tested":2898},{"age_group":"30-39   ","count":260,"tested":2368},{"age_group":"40-49   ","count":320,"tested":2396},{"age_group":"50-59   ","count":256,"tested":2297},{"age_group":"60-69   ","count":156,"tested":1852},{"age_group":"70-79   ","count":92,"tested":1323},{"age_group":"80+","count":68,"tested":1352}],"race":[{"description":"Hispanic","count":792,"tested":2204,"color":"rgb(214,39,40)"},{"description":"Asian","count":26,"tested":72,"color":"rgb(140,86,75)"},{"description":"White","count":655,"tested":5208,"color":"rgb(31,119,180)"},{"description":"Black","count":34,"tested":242,"color":"rgb(255,127,14)"},{"description":"Other","count":40,"tested":227,"color":"rgb(148,103,189)"},{"description":"Left Blank","count":220,"tested":9008,"color":"rgb(44,160,44)"}],"gender":[{"description":"Male","count":804,"tested":6529,"color":"rgb(31,119,180)"},{"description":"Female","count":927,"tested":9955,"color":"rgb(255,127,14)"}]}
