{"age":[{"age_group":"<20","count":49,"tested":705},{"age_group":"20-29   ","count":65,"tested":768},{"age_group":"30-39   ","count":47,"tested":775},{"age_group":"40-49   ","count":58,"tested":810},{"age_group":"50-59   ","count":58,"tested":1147},{"age_group":"60-69   ","count":40,"tested":1157},{"age_group":"70-79   ","count":12,"tested":603}],"race":[{"description":"Left Blank","count":70,"tested":2872,"color":"rgb(44,160,44)"},{"description":"White","count":242,"tested":3179,"color":"rgb(31,119,180)"},{"description":"Hispanic","count":11,"tested":79,"color":"rgb(214,39,40)"}],"gender":[{"description":"Female","count":166,"tested":3425,"color":"rgb(255,127,14)"},{"description":"Male","count":156,"tested":2829,"color":"rgb(31,119,180)"}]}
