{"age":[{"age_group":"<20","count":210,"tested":2469},{"age_group":"20-29   ","count":192,"tested":2720},{"age_group":"30-39   ","count":143,"tested":2417},{"age_group":"40-49   ","count":168,"tested":2755},{"age_group":"50-59   ","count":209,"tested":3458},{"age_group":"60-69   ","count":166,"tested":2524},{"age_group":"70-79   ","count":151,"tested":1817},{"age_group":"80+","count":217,"tested":2661}],"race":[{"description":"Black","count":54,"tested":165,"color":"rgb(255,127,14)"},{"description":"Other","count":90,"tested":491,"color":"rgb(148,103,189)"},{"description":"White","count":685,"tested":8040,"color":"rgb(31,119,180)"},{"description":"Left Blank","count":322,"tested":10661,"color":"rgb(44,160,44)"},{"description":"Asian","count":80,"tested":802,"color":"rgb(140,86,75)"},{"description":"Hispanic","count":130,"tested":617,"color":"rgb(214,39,40)"}],"gender":[{"description":"Male","count":568,"tested":8193,"color":"rgb(31,119,180)"},{"description":"Unknown/Left Blank","count":55,"tested":254,"color":"rgb(44,160,44)"},{"description":"Female","count":613,"tested":12381,"color":"rgb(255,127,14)"}]}
