{"age":[{"age_group":"<20","count":26,"tested":256},{"age_group":"20-29   ","count":78,"tested":800},{"age_group":"30-39   ","count":59,"tested":793},{"age_group":"40-49   ","count":68,"tested":856},{"age_group":"50-59   ","count":54,"tested":802},{"age_group":"60-69   ","count":38,"tested":897},{"age_group":"70-79   ","count":19,"tested":554},{"age_group":"80+","count":16,"tested":467}],"race":[{"description":"Black","count":110,"tested":1184,"color":"rgb(255,127,14)"},{"description":"White","count":35,"tested":506,"color":"rgb(31,119,180)"},{"description":"Asian","count":8,"tested":43,"color":"rgb(140,86,75)"},{"description":"Hispanic","count":120,"tested":580,"color":"rgb(214,39,40)"},{"description":"Left Blank","count":73,"tested":2928,"color":"rgb(44,160,44)"},{"description":"Other","count":12,"tested":196,"color":"rgb(148,103,189)"}],"gender":[{"description":"Female","count":181,"tested":2799,"color":"rgb(255,127,14)"},{"description":"Male","count":168,"tested":2229,"color":"rgb(31,119,180)"},{"description":"Unknown/Left Blank","count":9,"tested":410,"color":"rgb(44,160,44)"}]}
