{"age":[{"age_group":"<20","count":278,"tested":2326},{"age_group":"20-29   ","count":442,"tested":4401},{"age_group":"30-39   ","count":400,"tested":3296},{"age_group":"40-49   ","count":418,"tested":3305},{"age_group":"50-59   ","count":345,"tested":3662},{"age_group":"60-69   ","count":233,"tested":3136},{"age_group":"70-79   ","count":127,"tested":1779},{"age_group":"80+","count":127,"tested":1288}],"race":[{"description":"Asian","count":79,"tested":612,"color":"rgb(140,86,75)"},{"description":"Left Blank","count":700,"tested":11918,"color":"rgb(44,160,44)"},{"description":"White","count":392,"tested":5409,"color":"rgb(31,119,180)"},{"description":"Hispanic","count":926,"tested":3479,"color":"rgb(214,39,40)"},{"description":"Other","count":74,"tested":596,"color":"rgb(148,103,189)"},{"description":"Black","count":129,"tested":1155,"color":"rgb(255,127,14)"}],"gender":[{"description":"Male","count":965,"tested":9356,"color":"rgb(31,119,180)"},{"description":"Unknown/Left Blank","count":59,"tested":478,"color":"rgb(44,160,44)"},{"description":"Female","count":1176,"tested":13372,"color":"rgb(255,127,14)"}]}
