{"age":[{"age_group":"<20","count":243,"tested":3026},{"age_group":"20-29   ","count":191,"tested":2746},{"age_group":"30-39   ","count":164,"tested":2752},{"age_group":"40-49   ","count":152,"tested":2248},{"age_group":"50-59   ","count":195,"tested":2929},{"age_group":"60-69   ","count":111,"tested":2327},{"age_group":"70-79   ","count":70,"tested":1395},{"age_group":"80+","count":51,"tested":1417}],"race":[{"description":"Hispanic","count":102,"tested":430,"color":"rgb(214,39,40)"},{"description":"Asian","count":42,"tested":371,"color":"rgb(140,86,75)"},{"description":"Black","count":48,"tested":263,"color":"rgb(255,127,14)"},{"description":"Other","count":33,"tested":355,"color":"rgb(148,103,189)"},{"description":"Left Blank","count":327,"tested":10126,"color":"rgb(44,160,44)"},{"description":"White","count":586,"tested":7273,"color":"rgb(31,119,180)"}],"gender":[{"description":"Male","count":541,"tested":8226,"color":"rgb(31,119,180)"},{"description":"Unknown/Left Blank","count":25,"tested":232,"color":"rgb(44,160,44)"},{"description":"Female","count":521,"tested":10384,"color":"rgb(255,127,14)"}]}
