{"age":[{"age_group":"<20","count":24,"tested":466},{"age_group":"20-29   ","count":150,"tested":3796},{"age_group":"30-39   ","count":91,"tested":2328},{"age_group":"40-49   ","count":37,"tested":788},{"age_group":"50-59   ","count":32,"tested":852},{"age_group":"60-69   ","count":24,"tested":711},{"age_group":"70-79   ","count":16,"tested":500},{"age_group":"80+","count":17,"tested":253}],"race":[{"description":"White","count":162,"tested":2623,"color":"rgb(31,119,180)"},{"description":"Asian","count":35,"tested":685,"color":"rgb(140,86,75)"},{"description":"Black","count":40,"tested":752,"color":"rgb(255,127,14)"},{"description":"Other","count":19,"tested":439,"color":"rgb(148,103,189)"},{"description":"Hispanic","count":32,"tested":227,"color":"rgb(214,39,40)"},{"description":"Left Blank","count":91,"tested":4931,"color":"rgb(44,160,44)"}],"gender":[{"description":"Female","count":167,"tested":4953,"color":"rgb(255,127,14)"},{"description":"Male","count":187,"tested":4499,"color":"rgb(31,119,180)"}]}
