{"age":[{"age_group":"<20","count":30,"tested":406},{"age_group":"20-29   ","count":94,"tested":1854},{"age_group":"30-39   ","count":94,"tested":2281},{"age_group":"40-49   ","count":76,"tested":1941},{"age_group":"50-59   ","count":61,"tested":2077},{"age_group":"60-69   ","count":67,"tested":1856},{"age_group":"70-79   ","count":35,"tested":1430},{"age_group":"80+","count":24,"tested":1082}],"race":[{"description":"White","count":110,"tested":3409,"color":"rgb(31,119,180)"},{"description":"Left Blank","count":102,"tested":3772,"color":"rgb(44,160,44)"},{"description":"Hispanic","count":58,"tested":955,"color":"rgb(214,39,40)"},{"description":"Other","count":27,"tested":459,"color":"rgb(148,103,189)"},{"description":"Black","count":152,"tested":4076,"color":"rgb(255,127,14)"},{"description":"Asian","count":19,"tested":251,"color":"rgb(140,86,75)"}],"gender":[{"description":"Female","count":227,"tested":7108,"color":"rgb(255,127,14)"},{"description":"Male","count":210,"tested":5058,"color":"rgb(31,119,180)"},{"description":"Unknown/Left Blank","count":14,"tested":770,"color":"rgb(44,160,44)"}]}
