{"age":[{"age_group":"<20","count":11,"tested":94},{"age_group":"20-29   ","count":8,"tested":40},{"age_group":"30-39   ","count":11,"tested":60},{"age_group":"50-59   ","count":11,"tested":79}],"race":[{"description":"White","count":18,"tested":217,"color":"rgb(31,119,180)"},{"description":"Left Blank","count":28,"tested":265,"color":"rgb(44,160,44)"}],"gender":[{"description":"Male","count":20,"tested":233,"color":"rgb(31,119,180)"},{"description":"Female","count":27,"tested":259,"color":"rgb(255,127,14)"}]}
