{"age":[{"age_group":"<20","count":273,"tested":1688},{"age_group":"20-29   ","count":424,"tested":3004},{"age_group":"30-39   ","count":387,"tested":2476},{"age_group":"40-49   ","count":395,"tested":2292},{"age_group":"50-59   ","count":316,"tested":2463},{"age_group":"60-69   ","count":244,"tested":2071},{"age_group":"70-79   ","count":111,"tested":1131},{"age_group":"80+","count":84,"tested":833}],"race":[{"description":"White","count":435,"tested":3855,"color":"rgb(31,119,180)"},{"description":"Left Blank","count":479,"tested":7653,"color":"rgb(44,160,44)"},{"description":"Other","count":114,"tested":737,"color":"rgb(148,103,189)"},{"description":"Black","count":65,"tested":348,"color":"rgb(255,127,14)"},{"description":"Hispanic","count":970,"tested":2934,"color":"rgb(214,39,40)"},{"description":"Asian","count":97,"tested":401,"color":"rgb(140,86,75)"}],"gender":[{"description":"Female","count":1007,"tested":8711,"color":"rgb(255,127,14)"},{"description":"Male","count":1008,"tested":7092,"color":"rgb(31,119,180)"}]}
