{"age":[{"age_group":"<20","count":276,"tested":4952},{"age_group":"20-29   ","count":302,"tested":5799},{"age_group":"30-39   ","count":264,"tested":5686},{"age_group":"40-49   ","count":255,"tested":5574},{"age_group":"50-59   ","count":248,"tested":5451},{"age_group":"60-69   ","count":179,"tested":4394},{"age_group":"70-79   ","count":119,"tested":3193},{"age_group":"80+","count":103,"tested":2462}],"race":[{"description":"Other","count":91,"tested":1718,"color":"rgb(148,103,189)"},{"description":"Left Blank","count":374,"tested":14926,"color":"rgb(44,160,44)"},{"description":"Black","count":385,"tested":4455,"color":"rgb(255,127,14)"},{"description":"Asian","count":44,"tested":865,"color":"rgb(140,86,75)"},{"description":"Hispanic","count":146,"tested":1526,"color":"rgb(214,39,40)"},{"description":"White","count":703,"tested":13995,"color":"rgb(31,119,180)"}],"gender":[{"description":"Male","count":818,"tested":15076,"color":"rgb(31,119,180)"},{"description":"Unknown/Left Blank","count":25,"tested":939,"color":"rgb(44,160,44)"},{"description":"Female","count":903,"tested":21504,"color":"rgb(255,127,14)"}]}
