{"age":[{"age_group":"<20","count":198,"tested":1178},{"age_group":"20-29   ","count":307,"tested":2514},{"age_group":"30-39   ","count":235,"tested":2466},{"age_group":"40-49   ","count":211,"tested":2507},{"age_group":"50-59   ","count":241,"tested":3015},{"age_group":"60-69   ","count":211,"tested":2795},{"age_group":"70-79   ","count":113,"tested":1855},{"age_group":"80+","count":85,"tested":1143}],"race":[{"description":"Black","count":56,"tested":1582,"color":"rgb(255,127,14)"},{"description":"Asian","count":27,"tested":228,"color":"rgb(140,86,75)"},{"description":"White","count":530,"tested":5230,"color":"rgb(31,119,180)"},{"description":"Hispanic","count":252,"tested":1299,"color":"rgb(214,39,40)"},{"description":"Other","count":129,"tested":763,"color":"rgb(148,103,189)"},{"description":"Left Blank","count":602,"tested":8371,"color":"rgb(44,160,44)"}],"gender":[{"description":"Male","count":749,"tested":8038,"color":"rgb(31,119,180)"},{"description":"Unknown/Left Blank","count":11,"tested":151,"color":"rgb(44,160,44)"},{"description":"Female","count":841,"tested":9313,"color":"rgb(255,127,14)"}]}
