{"age":[{"age_group":"<20","count":24,"tested":368},{"age_group":"20-29   ","count":36,"tested":520},{"age_group":"30-39   ","count":31,"tested":510},{"age_group":"40-49   ","count":26,"tested":388},{"age_group":"50-59   ","count":45,"tested":849},{"age_group":"60-69   ","count":30,"tested":531},{"age_group":"70-79   ","count":19,"tested":465},{"age_group":"80+","count":45,"tested":1437}],"race":[{"description":"Hispanic","count":6,"tested":19,"color":"rgb(214,39,40)"},{"description":"White","count":201,"tested":1894,"color":"rgb(31,119,180)"},{"description":"Left Blank","count":38,"tested":3024,"color":"rgb(44,160,44)"},{"description":"Other","count":10,"tested":109,"color":"rgb(148,103,189)"}],"gender":[{"description":"Male","count":109,"tested":1382,"color":"rgb(31,119,180)"},{"description":"Female","count":145,"tested":3598,"color":"rgb(255,127,14)"}]}
