{"age":[{"age_group":"<20","count":21,"tested":117},{"age_group":"20-29   ","count":14,"tested":86},{"age_group":"30-39   ","count":20,"tested":170},{"age_group":"40-49   ","count":18,"tested":137},{"age_group":"50-59   ","count":20,"tested":149},{"age_group":"60-69   ","count":21,"tested":115},{"age_group":"70-79   ","count":13,"tested":63}],"race":[{"description":"Left Blank","count":34,"tested":312,"color":"rgb(44,160,44)"},{"description":"White","count":88,"tested":503,"color":"rgb(31,119,180)"},{"description":"Black","count":7,"tested":38,"color":"rgb(255,127,14)"}],"gender":[{"description":"Male","count":60,"tested":359,"color":"rgb(31,119,180)"},{"description":"Female","count":69,"tested":437,"color":"rgb(255,127,14)"}]}
