{"age":[{"age_group":"<20","count":663,"tested":4958},{"age_group":"20-29   ","count":918,"tested":9302},{"age_group":"30-39   ","count":824,"tested":7114},{"age_group":"40-49   ","count":825,"tested":7067},{"age_group":"50-59   ","count":720,"tested":7483},{"age_group":"60-69   ","count":515,"tested":6249},{"age_group":"70-79   ","count":250,"tested":3714},{"age_group":"80+","count":191,"tested":3368}],"race":[{"description":"Asian","count":125,"tested":1464,"color":"rgb(140,86,75)"},{"description":"White","count":989,"tested":10585,"color":"rgb(31,119,180)"},{"description":"Left Blank","count":1552,"tested":24971,"color":"rgb(44,160,44)"},{"description":"Hispanic","count":1896,"tested":7983,"color":"rgb(214,39,40)"},{"description":"Black","count":232,"tested":2630,"color":"rgb(255,127,14)"},{"description":"Other","count":110,"tested":1565,"color":"rgb(148,103,189)"}],"gender":[{"description":"Male","count":2230,"tested":19445,"color":"rgb(31,119,180)"},{"description":"Unknown/Left Blank","count":63,"tested":769,"color":"rgb(44,160,44)"},{"description":"Female","count":2615,"tested":29057,"color":"rgb(255,127,14)"}]}
