{"age":[{"age_group":"<20","count":19,"tested":199},{"age_group":"20-29   ","count":21,"tested":223},{"age_group":"30-39   ","count":19,"tested":220},{"age_group":"40-49   ","count":18,"tested":155},{"age_group":"50-59   ","count":8,"tested":134},{"age_group":"60-69   ","count":8,"tested":148}],"race":[{"description":"Left Blank","count":28,"tested":406,"color":"rgb(44,160,44)"},{"description":"Hispanic","count":15,"tested":71,"color":"rgb(214,39,40)"},{"description":"White","count":55,"tested":668,"color":"rgb(31,119,180)"}],"gender":[{"description":"Male","count":48,"tested":515,"color":"rgb(31,119,180)"},{"description":"Female","count":54,"tested":662,"color":"rgb(255,127,14)"}]}
