{"age":[{"age_group":"<20","count":311,"tested":5723},{"age_group":"20-29   ","count":257,"tested":4105},{"age_group":"30-39   ","count":166,"tested":3070},{"age_group":"40-49   ","count":220,"tested":3660},{"age_group":"50-59   ","count":282,"tested":4437},{"age_group":"60-69   ","count":179,"tested":3899},{"age_group":"70-79   ","count":94,"tested":2006},{"age_group":"80+","count":105,"tested":1890}],"race":[{"description":"Hispanic","count":85,"tested":1001,"color":"rgb(214,39,40)"},{"description":"Left Blank","count":411,"tested":10262,"color":"rgb(44,160,44)"},{"description":"White","count":964,"tested":15116,"color":"rgb(31,119,180)"},{"description":"Other","count":83,"tested":1017,"color":"rgb(148,103,189)"},{"description":"Black","count":16,"tested":411,"color":"rgb(255,127,14)"},{"description":"Asian","count":50,"tested":882,"color":"rgb(140,86,75)"}],"gender":[{"description":"Female","count":799,"tested":15017,"color":"rgb(255,127,14)"},{"description":"Male","count":775,"tested":12526,"color":"rgb(31,119,180)"},{"description":"Unknown/Left Blank","count":40,"tested":1252,"color":"rgb(44,160,44)"}]}
