{"age":[{"age_group":"<20","count":16,"tested":173},{"age_group":"20-29   ","count":13,"tested":73},{"age_group":"30-39   ","count":10,"tested":103},{"age_group":"40-49   ","count":14,"tested":77},{"age_group":"50-59   ","count":12,"tested":166},{"age_group":"60-69   ","count":16,"tested":165},{"age_group":"70-79   ","count":7,"tested":101}],"race":[{"description":"Left Blank","count":24,"tested":363,"color":"rgb(44,160,44)"},{"description":"White","count":63,"tested":468,"color":"rgb(31,119,180)"}],"gender":[{"description":"Male","count":42,"tested":356,"color":"rgb(31,119,180)"},{"description":"Female","count":48,"tested":533,"color":"rgb(255,127,14)"}]}
