{"age":[{"age_group":"<20","count":779,"tested":1713},{"age_group":"20-29   ","count":706,"tested":5246},{"age_group":"30-39   ","count":308,"tested":2009},{"age_group":"40-49   ","count":261,"tested":1853},{"age_group":"50-59   ","count":202,"tested":1950},{"age_group":"60-69   ","count":140,"tested":1285},{"age_group":"70-79   ","count":64,"tested":450},{"age_group":"80+","count":39,"tested":246}],"race":[{"description":"White","count":629,"tested":2554,"color":"rgb(31,119,180)"},{"description":"Asian","count":86,"tested":812,"color":"rgb(140,86,75)"},{"description":"Other","count":82,"tested":525,"color":"rgb(148,103,189)"},{"description":"Black","count":511,"tested":3180,"color":"rgb(255,127,14)"},{"description":"Left Blank","count":245,"tested":3531,"color":"rgb(44,160,44)"},{"description":"NH/PI*","count":15,"tested":69,"color":"rgb(127,127,127)"},{"description":"Hispanic","count":916,"tested":4042,"color":"rgb(214,39,40)"},{"description":"AI/AN**","count":15,"tested":45,"color":"rgb(31,119,180)"}],"gender":[{"description":"Unknown/Left Blank","count":37,"tested":151,"color":"rgb(44,160,44)"},{"description":"Male","count":1465,"tested":5778,"color":"rgb(31,119,180)"},{"description":"Female","count":997,"tested":8829,"color":"rgb(255,127,14)"}]}
