{"age":[{"age_group":"<20","count":260,"tested":2595},{"age_group":"20-29   ","count":292,"tested":3035},{"age_group":"30-39   ","count":251,"tested":3031},{"age_group":"40-49   ","count":267,"tested":2765},{"age_group":"50-59   ","count":259,"tested":2664},{"age_group":"60-69   ","count":166,"tested":2160},{"age_group":"70-79   ","count":103,"tested":1496},{"age_group":"80+","count":68,"tested":803}],"race":[{"description":"Left Blank","count":464,"tested":8497,"color":"rgb(44,160,44)"},{"description":"White","count":958,"tested":8525,"color":"rgb(31,119,180)"},{"description":"Hispanic","count":147,"tested":772,"color":"rgb(214,39,40)"},{"description":"Other","count":18,"tested":169,"color":"rgb(148,103,189)"},{"description":"Asian","count":25,"tested":195,"color":"rgb(140,86,75)"},{"description":"Black","count":50,"tested":364,"color":"rgb(255,127,14)"}],"gender":[{"description":"Male","count":798,"tested":7505,"color":"rgb(31,119,180)"},{"description":"Female","count":862,"tested":10867,"color":"rgb(255,127,14)"}]}
