{"age":[{"age_group":"<20","count":618,"tested":4845},{"age_group":"20-29   ","count":726,"tested":10570},{"age_group":"30-39   ","count":752,"tested":11492},{"age_group":"40-49   ","count":661,"tested":10872},{"age_group":"50-59   ","count":620,"tested":11498},{"age_group":"60-69   ","count":483,"tested":9570},{"age_group":"70-79   ","count":259,"tested":4722},{"age_group":"80+","count":226,"tested":4364}],"race":[{"description":"Black","count":940,"tested":19134,"color":"rgb(255,127,14)"},{"description":"Hispanic","count":698,"tested":3170,"color":"rgb(214,39,40)"},{"description":"Asian","count":7,"tested":345,"color":"rgb(140,86,75)"},{"description":"White","count":1688,"tested":28146,"color":"rgb(31,119,180)"},{"description":"Left Blank","count":921,"tested":14954,"color":"rgb(44,160,44)"},{"description":"Other","count":91,"tested":2081,"color":"rgb(148,103,189)"}],"gender":[{"description":"Unknown/Left Blank","count":15,"tested":601,"color":"rgb(44,160,44)"},{"description":"Male","count":1999,"tested":25079,"color":"rgb(31,119,180)"},{"description":"Female","count":2332,"tested":42280,"color":"rgb(255,127,14)"}]}
