{"age":[{"age_group":"<20","count":39,"tested":366},{"age_group":"20-29   ","count":37,"tested":287},{"age_group":"30-39   ","count":32,"tested":269},{"age_group":"40-49   ","count":37,"tested":257},{"age_group":"50-59   ","count":44,"tested":348},{"age_group":"60-69   ","count":32,"tested":286},{"age_group":"70-79   ","count":9,"tested":135},{"age_group":"80+","count":11,"tested":56}],"race":[{"description":"White","count":152,"tested":923,"color":"rgb(31,119,180)"},{"description":"Left Blank","count":83,"tested":1038,"color":"rgb(44,160,44)"}],"gender":[{"description":"Male","count":113,"tested":736,"color":"rgb(31,119,180)"},{"description":"Female","count":128,"tested":1232,"color":"rgb(255,127,14)"}]}
