{"age":[{"age_group":"<20","count":11,"tested":99},{"age_group":"20-29   ","count":11,"tested":101},{"age_group":"30-39   ","count":15,"tested":67},{"age_group":"40-49   ","count":14,"tested":82},{"age_group":"50-59   ","count":16,"tested":132},{"age_group":"60-69   ","count":16,"tested":74}],"race":[{"description":"White","count":76,"tested":420,"color":"rgb(31,119,180)"},{"description":"Left Blank","count":11,"tested":175,"color":"rgb(44,160,44)"}],"gender":[{"description":"Female","count":46,"tested":329,"color":"rgb(255,127,14)"},{"description":"Male","count":42,"tested":271,"color":"rgb(31,119,180)"}]}
