{"age":[{"age_group":"<20","count":511,"tested":2952},{"age_group":"20-29   ","count":664,"tested":4454},{"age_group":"30-39   ","count":606,"tested":3784},{"age_group":"40-49   ","count":598,"tested":3371},{"age_group":"50-59   ","count":478,"tested":3026},{"age_group":"60-69   ","count":279,"tested":2631},{"age_group":"70-79   ","count":132,"tested":1997},{"age_group":"80+","count":78,"tested":2003}],"race":[{"description":"Other","count":175,"tested":1238,"color":"rgb(148,103,189)"},{"description":"Left Blank","count":964,"tested":10568,"color":"rgb(44,160,44)"},{"description":"White","count":605,"tested":5103,"color":"rgb(31,119,180)"},{"description":"Black","count":95,"tested":878,"color":"rgb(255,127,14)"},{"description":"Asian","count":14,"tested":159,"color":"rgb(140,86,75)"},{"description":"Hispanic","count":1490,"tested":6298,"color":"rgb(214,39,40)"}],"gender":[{"description":"Female","count":1669,"tested":13461,"color":"rgb(255,127,14)"},{"description":"Male","count":1650,"tested":10479,"color":"rgb(31,119,180)"},{"description":"Unknown/Left Blank","count":28,"tested":324,"color":"rgb(44,160,44)"}]}
