{"age":[{"age_group":"<20","count":39,"tested":281},{"age_group":"20-29   ","count":33,"tested":273},{"age_group":"30-39   ","count":21,"tested":235},{"age_group":"40-49   ","count":17,"tested":202},{"age_group":"50-59   ","count":28,"tested":351},{"age_group":"60-69   ","count":35,"tested":371},{"age_group":"70-79   ","count":17,"tested":233},{"age_group":"80+","count":6,"tested":80}],"race":[{"description":"Left Blank","count":13,"tested":243,"color":"rgb(44,160,44)"},{"description":"Hispanic","count":7,"tested":43,"color":"rgb(214,39,40)"},{"description":"White","count":164,"tested":1672,"color":"rgb(31,119,180)"},{"description":"Black","count":8,"tested":33,"color":"rgb(255,127,14)"}],"gender":[{"description":"Male","count":94,"tested":675,"color":"rgb(31,119,180)"},{"description":"Female","count":100,"tested":1325,"color":"rgb(255,127,14)"}]}
