{"age":[{"age_group":"<20","count":43,"tested":261},{"age_group":"20-29   ","count":32,"tested":364},{"age_group":"30-39   ","count":28,"tested":294},{"age_group":"40-49   ","count":28,"tested":301},{"age_group":"50-59   ","count":38,"tested":401},{"age_group":"60-69   ","count":18,"tested":302},{"age_group":"80+","count":9,"tested":92}],"race":[{"description":"White","count":127,"tested":1136,"color":"rgb(31,119,180)"},{"description":"Left Blank","count":53,"tested":849,"color":"rgb(44,160,44)"},{"description":"Hispanic","count":17,"tested":82,"color":"rgb(214,39,40)"}],"gender":[{"description":"Female","count":104,"tested":1189,"color":"rgb(255,127,14)"},{"description":"Male","count":96,"tested":860,"color":"rgb(31,119,180)"}]}
