{"age":[{"age_group":"<20","count":428,"tested":3662},{"age_group":"20-29   ","count":421,"tested":5786},{"age_group":"30-39   ","count":360,"tested":4727},{"age_group":"40-49   ","count":373,"tested":4158},{"age_group":"50-59   ","count":433,"tested":4464},{"age_group":"60-69   ","count":175,"tested":2789},{"age_group":"70-79   ","count":102,"tested":2481},{"age_group":"80+","count":113,"tested":3831}],"race":[{"description":"Black","count":57,"tested":516,"color":"rgb(255,127,14)"},{"description":"Asian","count":119,"tested":1135,"color":"rgb(140,86,75)"},{"description":"Other","count":56,"tested":467,"color":"rgb(148,103,189)"},{"description":"Hispanic","count":424,"tested":1785,"color":"rgb(214,39,40)"},{"description":"Left Blank","count":863,"tested":20335,"color":"rgb(44,160,44)"},{"description":"White","count":883,"tested":7597,"color":"rgb(31,119,180)"}],"gender":[{"description":"Unknown/Left Blank","count":56,"tested":660,"color":"rgb(44,160,44)"},{"description":"Female","count":1182,"tested":19825,"color":"rgb(255,127,14)"},{"description":"Male","count":1169,"tested":11419,"color":"rgb(31,119,180)"}]}
