{"age":[{"age_group":"<20","count":17,"tested":221},{"age_group":"20-29   ","count":40,"tested":347},{"age_group":"30-39   ","count":23,"tested":208},{"age_group":"40-49   ","count":27,"tested":247},{"age_group":"50-59   ","count":34,"tested":269},{"age_group":"60-69   ","count":15,"tested":199},{"age_group":"70-79   ","count":11,"tested":100}],"race":[{"description":"Left Blank","count":36,"tested":422,"color":"rgb(44,160,44)"},{"description":"White","count":115,"tested":1057,"color":"rgb(31,119,180)"},{"description":"Other","count":12,"tested":80,"color":"rgb(148,103,189)"}],"gender":[{"description":"Male","count":89,"tested":723,"color":"rgb(31,119,180)"},{"description":"Female","count":83,"tested":871,"color":"rgb(255,127,14)"}]}
