{"age":[{"age_group":"<20","count":113,"tested":2041},{"age_group":"20-29   ","count":65,"tested":1377},{"age_group":"30-39   ","count":24,"tested":958},{"age_group":"40-49   ","count":57,"tested":1174},{"age_group":"50-59   ","count":68,"tested":1472},{"age_group":"60-69   ","count":27,"tested":1023},{"age_group":"70-79   ","count":14,"tested":552},{"age_group":"80+","count":7,"tested":231}],"race":[{"description":"Other","count":56,"tested":954,"color":"rgb(148,103,189)"},{"description":"Left Blank","count":101,"tested":3465,"color":"rgb(44,160,44)"},{"description":"Asian","count":7,"tested":150,"color":"rgb(140,86,75)"},{"description":"White","count":195,"tested":4096,"color":"rgb(31,119,180)"},{"description":"Hispanic","count":13,"tested":121,"color":"rgb(214,39,40)"}],"gender":[{"description":"Female","count":169,"tested":4425,"color":"rgb(255,127,14)"},{"description":"Male","count":204,"tested":4364,"color":"rgb(31,119,180)"}]}
