{"age":[{"age_group":"<20","count":41,"tested":472},{"age_group":"20-29   ","count":52,"tested":503},{"age_group":"30-39   ","count":49,"tested":545},{"age_group":"40-49   ","count":35,"tested":429},{"age_group":"50-59   ","count":67,"tested":653},{"age_group":"60-69   ","count":49,"tested":491},{"age_group":"70-79   ","count":8,"tested":275}],"race":[{"description":"Hispanic","count":24,"tested":124,"color":"rgb(214,39,40)"},{"description":"White","count":153,"tested":2216,"color":"rgb(31,119,180)"},{"description":"Left Blank","count":116,"tested":1417,"color":"rgb(44,160,44)"}],"gender":[{"description":"Male","count":137,"tested":1624,"color":"rgb(31,119,180)"},{"description":"Female","count":162,"tested":2196,"color":"rgb(255,127,14)"}]}
