{"age":[{"age_group":"<20","count":166,"tested":1017},{"age_group":"20-29   ","count":169,"tested":1429},{"age_group":"30-39   ","count":209,"tested":1603},{"age_group":"40-49   ","count":147,"tested":1201},{"age_group":"50-59   ","count":160,"tested":1395},{"age_group":"60-69   ","count":133,"tested":1165},{"age_group":"70-79   ","count":28,"tested":492},{"age_group":"80+","count":23,"tested":372}],"race":[{"description":"White","count":437,"tested":3611,"color":"rgb(31,119,180)"},{"description":"Other","count":40,"tested":427,"color":"rgb(148,103,189)"},{"description":"Left Blank","count":210,"tested":2399,"color":"rgb(44,160,44)"},{"description":"Black","count":16,"tested":99,"color":"rgb(255,127,14)"},{"description":"Asian","count":20,"tested":155,"color":"rgb(140,86,75)"},{"description":"Hispanic","count":309,"tested":1959,"color":"rgb(214,39,40)"}],"gender":[{"description":"Male","count":491,"tested":3847,"color":"rgb(31,119,180)"},{"description":"Female","count":543,"tested":4722,"color":"rgb(255,127,14)"}]}
