{"age":[{"age_group":"<20","count":279,"tested":2132},{"age_group":"20-29   ","count":269,"tested":2375},{"age_group":"30-39   ","count":316,"tested":3201},{"age_group":"40-49   ","count":290,"tested":2572},{"age_group":"50-59   ","count":225,"tested":2332},{"age_group":"60-69   ","count":151,"tested":1738},{"age_group":"70-79   ","count":57,"tested":939},{"age_group":"80+","count":27,"tested":361}],"race":[{"description":"White","count":738,"tested":6601,"color":"rgb(31,119,180)"},{"description":"Asian","count":63,"tested":545,"color":"rgb(140,86,75)"},{"description":"Hispanic","count":219,"tested":1132,"color":"rgb(214,39,40)"},{"description":"Black","count":43,"tested":333,"color":"rgb(255,127,14)"},{"description":"Left Blank","count":517,"tested":6754,"color":"rgb(44,160,44)"},{"description":"Other","count":30,"tested":256,"color":"rgb(148,103,189)"}],"gender":[{"description":"Female","count":824,"tested":8791,"color":"rgb(255,127,14)"},{"description":"Male","count":780,"tested":6702,"color":"rgb(31,119,180)"}]}
