{"lastUpdatedDate":{"year":2021,"month":4,"day":12},"county_demographics":[{"County":"Greene","confirmed_cases":1418,"total_tested":14157,"demographics":{"age":[{"race":[],"age_group":"<20","count":168,"tested":2083,"deaths":0},{"race":[],"age_group":"20-29   ","count":190,"tested":2138,"deaths":0},{"race":[],"age_group":"30-39   ","count":198,"tested":2213,"deaths":0},{"race":[],"age_group":"40-49   ","count":187,"tested":1950,"deaths":0},{"race":[],"age_group":"50-59   ","count":240,"tested":2188,"deaths":0},{"race":[],"age_group":"60-69   ","count":178,"tested":1565,"deaths":0},{"race":[],"age_group":"70-79   ","count":138,"tested":1081,"deaths":0},{"race":[],"age_group":"80+","count":106,"tested":938,"deaths":0},{"race":[],"age_group":"Unknown","count":10,"tested":0,"deaths":0}],"race":[{"description":"AI/AN**","count":0,"tested":0,"deaths":0,"color":"rgb(31,119,180)"},{"description":"Asian","count":0,"tested":7,"deaths":0,"color":"rgb(140,86,75)"},{"description":"Black","count":0,"tested":48,"deaths":0,"color":"rgb(255,127,14)"},{"description":"Hispanic","count":0,"tested":21,"deaths":0,"color":"rgb(214,39,40)"},{"description":"Left Blank","count":620,"tested":7448,"deaths":0,"color":"rgb(44,160,44)"},{"description":"NH/PI*","count":0,"tested":6,"deaths":0,"color":"rgb(127,127,127)"},{"description":"Other","count":8,"tested":103,"deaths":0,"color":"rgb(148,103,189)"},{"description":"White","count":787,"tested":6520,"deaths":0,"color":"rgb(31,119,180)"}],"gender":[{"description":"Female","count":727,"tested":8344,"deaths":0,"color":"rgb(255,127,14)"},{"description":"Male","count":568,"tested":4881,"deaths":0,"color":"rgb(31,119,180)"},{"description":"Unknown/Left Blank","count":123,"tested":932,"deaths":0,"color":"rgb(44,160,44)"}]}}]}
