{"lastUpdatedDate":{"year":2021,"month":4,"day":12},"county_demographics":[{"County":"Logan","confirmed_cases":3569,"total_tested":81997,"demographics":{"age":[{"race":[],"age_group":"<20","count":422,"tested":7241,"deaths":0},{"race":[],"age_group":"20-29   ","count":567,"tested":13922,"deaths":0},{"race":[],"age_group":"30-39   ","count":704,"tested":17253,"deaths":0},{"race":[],"age_group":"40-49   ","count":544,"tested":13050,"deaths":0},{"race":[],"age_group":"50-59   ","count":501,"tested":11067,"deaths":0},{"race":[],"age_group":"60-69   ","count":385,"tested":7378,"deaths":0},{"race":[],"age_group":"70-79   ","count":227,"tested":4037,"deaths":0},{"race":[],"age_group":"80+","count":217,"tested":5321,"deaths":0},{"race":[],"age_group":"Unknown","count":0,"tested":2728,"deaths":0}],"race":[{"description":"AI/AN**","count":0,"tested":20,"deaths":0,"color":"rgb(31,119,180)"},{"description":"Asian","count":14,"tested":82,"deaths":0,"color":"rgb(140,86,75)"},{"description":"Black","count":361,"tested":1391,"deaths":0,"color":"rgb(255,127,14)"},{"description":"Hispanic","count":101,"tested":393,"deaths":0,"color":"rgb(214,39,40)"},{"description":"Left Blank","count":512,"tested":55849,"deaths":0,"color":"rgb(44,160,44)"},{"description":"NH/PI*","count":0,"tested":51,"deaths":0,"color":"rgb(127,127,127)"},{"description":"Other","count":23,"tested":622,"deaths":0,"color":"rgb(148,103,189)"},{"description":"White","count":2548,"tested":23589,"deaths":0,"color":"rgb(31,119,180)"}],"gender":[{"description":"Female","count":1898,"tested":43100,"deaths":0,"color":"rgb(255,127,14)"},{"description":"Male","count":1461,"tested":19776,"deaths":0,"color":"rgb(31,119,180)"},{"description":"Unknown/Left Blank","count":210,"tested":19121,"deaths":0,"color":"rgb(44,160,44)"}]}}]}
