{"lastUpdatedDate":{"year":2021,"month":4,"day":12},"county_demographics":[{"County":"LaSalle","confirmed_cases":11553,"total_tested":171973,"demographics":{"age":[{"race":[],"age_group":"<20","count":1483,"tested":15783,"deaths":0},{"race":[],"age_group":"20-29   ","count":1942,"tested":29598,"deaths":0},{"race":[],"age_group":"30-39   ","count":1777,"tested":30024,"deaths":0},{"race":[],"age_group":"40-49   ","count":1698,"tested":25853,"deaths":0},{"race":[],"age_group":"50-59   ","count":1798,"tested":23644,"deaths":0},{"race":[],"age_group":"60-69   ","count":1340,"tested":17867,"deaths":0},{"race":[],"age_group":"70-79   ","count":759,"tested":10455,"deaths":0},{"race":[],"age_group":"80+","count":755,"tested":17141,"deaths":0},{"race":[],"age_group":"Unknown","count":0,"tested":1608,"deaths":0}],"race":[{"description":"AI/AN**","count":6,"tested":76,"deaths":0,"color":"rgb(31,119,180)"},{"description":"Asian","count":23,"tested":520,"deaths":0,"color":"rgb(140,86,75)"},{"description":"Black","count":157,"tested":1635,"deaths":0,"color":"rgb(255,127,14)"},{"description":"Hispanic","count":843,"tested":5405,"deaths":0,"color":"rgb(214,39,40)"},{"description":"Left Blank","count":2865,"tested":81932,"deaths":0,"color":"rgb(44,160,44)"},{"description":"NH/PI*","count":0,"tested":163,"deaths":0,"color":"rgb(127,127,127)"},{"description":"Other","count":515,"tested":3474,"deaths":0,"color":"rgb(148,103,189)"},{"description":"White","count":7135,"tested":78768,"deaths":0,"color":"rgb(31,119,180)"}],"gender":[{"description":"Female","count":5943,"tested":81657,"deaths":0,"color":"rgb(255,127,14)"},{"description":"Male","count":5316,"tested":61753,"deaths":0,"color":"rgb(31,119,180)"},{"description":"Unknown/Left Blank","count":294,"tested":28563,"deaths":0,"color":"rgb(44,160,44)"}]}}]}
