{"lastUpdatedDate":{"year":2021,"month":4,"day":13},"county_demographics":[{"County":"Wabash","confirmed_cases":1341,"total_tested":13411,"demographics":{"age":[{"race":[],"age_group":"<20","count":263,"tested":2247,"deaths":0},{"race":[],"age_group":"20-29   ","count":162,"tested":1911,"deaths":0},{"race":[],"age_group":"30-39   ","count":157,"tested":1611,"deaths":0},{"race":[],"age_group":"40-49   ","count":183,"tested":1727,"deaths":0},{"race":[],"age_group":"50-59   ","count":200,"tested":1835,"deaths":0},{"race":[],"age_group":"60-69   ","count":176,"tested":1449,"deaths":0},{"race":[],"age_group":"70-79   ","count":102,"tested":772,"deaths":0},{"race":[],"age_group":"80+","count":98,"tested":1845,"deaths":0},{"race":[],"age_group":"Unknown","count":0,"tested":14,"deaths":0}],"race":[{"description":"AI/AN**","count":0,"tested":0,"deaths":0,"color":"rgb(31,119,180)"},{"description":"Asian","count":0,"tested":11,"deaths":0,"color":"rgb(140,86,75)"},{"description":"Black","count":7,"tested":44,"deaths":0,"color":"rgb(255,127,14)"},{"description":"Hispanic","count":17,"tested":52,"deaths":0,"color":"rgb(214,39,40)"},{"description":"Left Blank","count":217,"tested":6164,"deaths":0,"color":"rgb(44,160,44)"},{"description":"NH/PI*","count":0,"tested":0,"deaths":0,"color":"rgb(127,127,127)"},{"description":"Other","count":0,"tested":18,"deaths":0,"color":"rgb(148,103,189)"},{"description":"White","count":1086,"tested":7118,"deaths":0,"color":"rgb(31,119,180)"}],"gender":[{"description":"Female","count":739,"tested":8658,"deaths":0,"color":"rgb(255,127,14)"},{"description":"Male","count":579,"tested":4293,"deaths":0,"color":"rgb(31,119,180)"},{"description":"Unknown/Left Blank","count":20,"tested":460,"deaths":0,"color":"rgb(44,160,44)"}]}}]}
