{"lastUpdatedDate":{"year":2021,"month":4,"day":13},"county_demographics":[{"County":"Macon","confirmed_cases":10098,"total_tested":168412,"demographics":{"age":[{"race":[],"age_group":"<20","count":1479,"tested":18647,"deaths":0},{"race":[],"age_group":"20-29   ","count":1553,"tested":28305,"deaths":0},{"race":[],"age_group":"30-39   ","count":1491,"tested":25244,"deaths":0},{"race":[],"age_group":"40-49   ","count":1462,"tested":23413,"deaths":0},{"race":[],"age_group":"50-59   ","count":1449,"tested":22755,"deaths":0},{"race":[],"age_group":"60-69   ","count":1247,"tested":20051,"deaths":0},{"race":[],"age_group":"70-79   ","count":806,"tested":13307,"deaths":0},{"race":[],"age_group":"80+","count":608,"tested":15979,"deaths":0},{"race":[],"age_group":"Unknown","count":0,"tested":711,"deaths":0}],"race":[{"description":"AI/AN**","count":9,"tested":66,"deaths":0,"color":"rgb(31,119,180)"},{"description":"Asian","count":79,"tested":646,"deaths":0,"color":"rgb(140,86,75)"},{"description":"Black","count":1792,"tested":12924,"deaths":0,"color":"rgb(255,127,14)"},{"description":"Hispanic","count":194,"tested":1018,"deaths":0,"color":"rgb(214,39,40)"},{"description":"Left Blank","count":1063,"tested":98476,"deaths":0,"color":"rgb(44,160,44)"},{"description":"NH/PI*","count":6,"tested":78,"deaths":0,"color":"rgb(127,127,127)"},{"description":"Other","count":139,"tested":2299,"deaths":0,"color":"rgb(148,103,189)"},{"description":"White","count":6813,"tested":52905,"deaths":0,"color":"rgb(31,119,180)"}],"gender":[{"description":"Female","count":5509,"tested":96047,"deaths":0,"color":"rgb(255,127,14)"},{"description":"Male","count":4517,"tested":56381,"deaths":0,"color":"rgb(31,119,180)"},{"description":"Unknown/Left Blank","count":68,"tested":15984,"deaths":0,"color":"rgb(44,160,44)"}]}}]}
