{"lastUpdatedDate":{"year":2021,"month":4,"day":13},"county_demographics":[{"County":"Henry","confirmed_cases":4654,"total_tested":64637,"demographics":{"age":[{"race":[],"age_group":"<20","count":715,"tested":7752,"deaths":0},{"race":[],"age_group":"20-29   ","count":644,"tested":8862,"deaths":0},{"race":[],"age_group":"30-39   ","count":666,"tested":9825,"deaths":0},{"race":[],"age_group":"40-49   ","count":697,"tested":9448,"deaths":0},{"race":[],"age_group":"50-59   ","count":729,"tested":10435,"deaths":0},{"race":[],"age_group":"60-69   ","count":596,"tested":7954,"deaths":0},{"race":[],"age_group":"70-79   ","count":309,"tested":4609,"deaths":0},{"race":[],"age_group":"80+","count":293,"tested":5591,"deaths":0},{"race":[],"age_group":"Unknown","count":0,"tested":161,"deaths":0}],"race":[{"description":"AI/AN**","count":0,"tested":19,"deaths":0,"color":"rgb(31,119,180)"},{"description":"Asian","count":0,"tested":64,"deaths":0,"color":"rgb(140,86,75)"},{"description":"Black","count":61,"tested":684,"deaths":0,"color":"rgb(255,127,14)"},{"description":"Hispanic","count":205,"tested":1126,"deaths":0,"color":"rgb(214,39,40)"},{"description":"Left Blank","count":1400,"tested":35343,"deaths":0,"color":"rgb(44,160,44)"},{"description":"NH/PI*","count":0,"tested":18,"deaths":0,"color":"rgb(127,127,127)"},{"description":"Other","count":103,"tested":866,"deaths":0,"color":"rgb(148,103,189)"},{"description":"White","count":2876,"tested":26517,"deaths":0,"color":"rgb(31,119,180)"}],"gender":[{"description":"Female","count":2532,"tested":37847,"deaths":0,"color":"rgb(255,127,14)"},{"description":"Male","count":2077,"tested":21954,"deaths":0,"color":"rgb(31,119,180)"},{"description":"Unknown/Left Blank","count":42,"tested":4836,"deaths":0,"color":"rgb(44,160,44)"}]}}]}
