{"lastUpdatedDate":{"year":2021,"month":4,"day":13},"county_demographics":[{"County":"Grundy","confirmed_cases":5559,"total_tested":55475,"demographics":{"age":[{"race":[],"age_group":"<20","count":957,"tested":9117,"deaths":0},{"race":[],"age_group":"20-29   ","count":937,"tested":8913,"deaths":0},{"race":[],"age_group":"30-39   ","count":900,"tested":7840,"deaths":0},{"race":[],"age_group":"40-49   ","count":932,"tested":8013,"deaths":0},{"race":[],"age_group":"50-59   ","count":844,"tested":7954,"deaths":0},{"race":[],"age_group":"60-69   ","count":530,"tested":5619,"deaths":0},{"race":[],"age_group":"70-79   ","count":282,"tested":3774,"deaths":0},{"race":[],"age_group":"80+","count":175,"tested":4120,"deaths":0},{"race":[],"age_group":"Unknown","count":0,"tested":125,"deaths":0}],"race":[{"description":"AI/AN**","count":0,"tested":37,"deaths":0,"color":"rgb(31,119,180)"},{"description":"Asian","count":19,"tested":211,"deaths":0,"color":"rgb(140,86,75)"},{"description":"Black","count":50,"tested":712,"deaths":0,"color":"rgb(255,127,14)"},{"description":"Hispanic","count":350,"tested":1977,"deaths":0,"color":"rgb(214,39,40)"},{"description":"Left Blank","count":1396,"tested":16246,"deaths":0,"color":"rgb(44,160,44)"},{"description":"NH/PI*","count":0,"tested":11,"deaths":0,"color":"rgb(127,127,127)"},{"description":"Other","count":406,"tested":2749,"deaths":0,"color":"rgb(148,103,189)"},{"description":"White","count":3330,"tested":33532,"deaths":0,"color":"rgb(31,119,180)"}],"gender":[{"description":"Female","count":2827,"tested":31891,"deaths":0,"color":"rgb(255,127,14)"},{"description":"Male","count":2686,"tested":21954,"deaths":0,"color":"rgb(31,119,180)"},{"description":"Unknown/Left Blank","count":42,"tested":1630,"deaths":0,"color":"rgb(44,160,44)"}]}}]}
