{"lastUpdatedDate":{"year":2021,"month":4,"day":13},"county_demographics":[{"County":"Clark","confirmed_cases":1743,"total_tested":16310,"demographics":{"age":[{"race":[],"age_group":"<20","count":319,"tested":2675,"deaths":0},{"race":[],"age_group":"20-29   ","count":240,"tested":1830,"deaths":0},{"race":[],"age_group":"30-39   ","count":255,"tested":2331,"deaths":0},{"race":[],"age_group":"40-49   ","count":215,"tested":1969,"deaths":0},{"race":[],"age_group":"50-59   ","count":243,"tested":2218,"deaths":0},{"race":[],"age_group":"60-69   ","count":203,"tested":2096,"deaths":0},{"race":[],"age_group":"70-79   ","count":117,"tested":1305,"deaths":0},{"race":[],"age_group":"80+","count":151,"tested":1865,"deaths":0},{"race":[],"age_group":"Unknown","count":0,"tested":21,"deaths":0}],"race":[{"description":"AI/AN**","count":0,"tested":0,"deaths":0,"color":"rgb(31,119,180)"},{"description":"Asian","count":0,"tested":11,"deaths":0,"color":"rgb(140,86,75)"},{"description":"Black","count":0,"tested":28,"deaths":0,"color":"rgb(255,127,14)"},{"description":"Hispanic","count":9,"tested":43,"deaths":0,"color":"rgb(214,39,40)"},{"description":"Left Blank","count":337,"tested":7001,"deaths":0,"color":"rgb(44,160,44)"},{"description":"Other","count":8,"tested":257,"deaths":0,"color":"rgb(148,103,189)"},{"description":"White","count":1380,"tested":8966,"deaths":0,"color":"rgb(31,119,180)"}],"gender":[{"description":"Female","count":815,"tested":10242,"deaths":0,"color":"rgb(255,127,14)"},{"description":"Male","count":560,"tested":5323,"deaths":0,"color":"rgb(31,119,180)"},{"description":"Unknown/Left Blank","count":368,"tested":745,"deaths":0,"color":"rgb(44,160,44)"}]}}]}
