{"lastUpdatedDate":{"year":2021,"month":4,"day":13},"county_demographics":[{"County":"Jasper","confirmed_cases":1140,"total_tested":11736,"demographics":{"age":[{"race":[],"age_group":"<20","count":168,"tested":1828,"deaths":0},{"race":[],"age_group":"20-29   ","count":118,"tested":1393,"deaths":0},{"race":[],"age_group":"30-39   ","count":143,"tested":1396,"deaths":0},{"race":[],"age_group":"40-49   ","count":154,"tested":1685,"deaths":0},{"race":[],"age_group":"50-59   ","count":174,"tested":1648,"deaths":0},{"race":[],"age_group":"60-69   ","count":182,"tested":1348,"deaths":0},{"race":[],"age_group":"70-79   ","count":104,"tested":937,"deaths":0},{"race":[],"age_group":"80+","count":97,"tested":1499,"deaths":0},{"race":[],"age_group":"Unknown","count":0,"tested":0,"deaths":0}],"race":[{"description":"AI/AN**","count":0,"tested":0,"deaths":0,"color":"rgb(31,119,180)"},{"description":"Asian","count":0,"tested":26,"deaths":0,"color":"rgb(140,86,75)"},{"description":"Black","count":0,"tested":22,"deaths":0,"color":"rgb(255,127,14)"},{"description":"Hispanic","count":0,"tested":89,"deaths":0,"color":"rgb(214,39,40)"},{"description":"Left Blank","count":298,"tested":2602,"deaths":0,"color":"rgb(44,160,44)"},{"description":"Other","count":0,"tested":284,"deaths":0,"color":"rgb(148,103,189)"},{"description":"White","count":826,"tested":8712,"deaths":0,"color":"rgb(31,119,180)"}],"gender":[{"description":"Female","count":605,"tested":7246,"deaths":0,"color":"rgb(255,127,14)"},{"description":"Male","count":513,"tested":3905,"deaths":0,"color":"rgb(31,119,180)"},{"description":"Unknown/Left Blank","count":22,"tested":585,"deaths":0,"color":"rgb(44,160,44)"}]}}]}
