{"lastUpdatedDate":{"year":2021,"month":4,"day":13},"county_demographics":[{"County":"Piatt","confirmed_cases":1408,"total_tested":29857,"demographics":{"age":[{"race":[],"age_group":"<20","count":263,"tested":6400,"deaths":0},{"race":[],"age_group":"20-29   ","count":182,"tested":4207,"deaths":0},{"race":[],"age_group":"30-39   ","count":214,"tested":3995,"deaths":0},{"race":[],"age_group":"40-49   ","count":224,"tested":3784,"deaths":0},{"race":[],"age_group":"50-59   ","count":201,"tested":3825,"deaths":0},{"race":[],"age_group":"60-69   ","count":185,"tested":3421,"deaths":0},{"race":[],"age_group":"70-79   ","count":81,"tested":1997,"deaths":0},{"race":[],"age_group":"80+","count":57,"tested":2223,"deaths":0},{"race":[],"age_group":"Unknown","count":0,"tested":0,"deaths":0}],"race":[{"description":"AI/AN**","count":0,"tested":40,"deaths":0,"color":"rgb(31,119,180)"},{"description":"Asian","count":0,"tested":149,"deaths":0,"color":"rgb(140,86,75)"},{"description":"Black","count":10,"tested":173,"deaths":0,"color":"rgb(255,127,14)"},{"description":"Hispanic","count":9,"tested":248,"deaths":0,"color":"rgb(214,39,40)"},{"description":"Left Blank","count":249,"tested":8491,"deaths":0,"color":"rgb(44,160,44)"},{"description":"NH/PI*","count":0,"tested":6,"deaths":0,"color":"rgb(127,127,127)"},{"description":"Other","count":24,"tested":657,"deaths":0,"color":"rgb(148,103,189)"},{"description":"White","count":1110,"tested":20093,"deaths":0,"color":"rgb(31,119,180)"}],"gender":[{"description":"Female","count":732,"tested":17590,"deaths":0,"color":"rgb(255,127,14)"},{"description":"Male","count":675,"tested":11767,"deaths":0,"color":"rgb(31,119,180)"},{"description":"Unknown/Left Blank","count":0,"tested":500,"deaths":0,"color":"rgb(44,160,44)"}]}}]}
