{"lastUpdatedDate":{"year":2021,"month":4,"day":13},"county_demographics":[{"County":"Carroll","confirmed_cases":1683,"total_tested":19991,"demographics":{"age":[{"race":[],"age_group":"<20","count":207,"tested":1804,"deaths":0},{"race":[],"age_group":"20-29   ","count":197,"tested":2432,"deaths":0},{"race":[],"age_group":"30-39   ","count":342,"tested":3619,"deaths":0},{"race":[],"age_group":"40-49   ","count":259,"tested":2889,"deaths":0},{"race":[],"age_group":"50-59   ","count":246,"tested":2763,"deaths":0},{"race":[],"age_group":"60-69   ","count":190,"tested":2439,"deaths":0},{"race":[],"age_group":"70-79   ","count":126,"tested":1504,"deaths":0},{"race":[],"age_group":"80+","count":108,"tested":2539,"deaths":0},{"race":[],"age_group":"Unknown","count":0,"tested":0,"deaths":0}],"race":[{"description":"AI/AN**","count":7,"tested":8,"deaths":0,"color":"rgb(31,119,180)"},{"description":"Asian","count":0,"tested":84,"deaths":0,"color":"rgb(140,86,75)"},{"description":"Black","count":88,"tested":103,"deaths":0,"color":"rgb(255,127,14)"},{"description":"Hispanic","count":29,"tested":92,"deaths":0,"color":"rgb(214,39,40)"},{"description":"Left Blank","count":623,"tested":11888,"deaths":0,"color":"rgb(44,160,44)"},{"description":"NH/PI*","count":0,"tested":0,"deaths":0,"color":"rgb(127,127,127)"},{"description":"Other","count":16,"tested":160,"deaths":0,"color":"rgb(148,103,189)"},{"description":"White","count":911,"tested":7654,"deaths":0,"color":"rgb(31,119,180)"}],"gender":[{"description":"Female","count":769,"tested":10453,"deaths":0,"color":"rgb(255,127,14)"},{"description":"Male","count":907,"tested":9036,"deaths":0,"color":"rgb(31,119,180)"},{"description":"Unknown/Left Blank","count":6,"tested":502,"deaths":0,"color":"rgb(44,160,44)"}]}}]}
