{"lastUpdatedDate":{"year":2021,"month":4,"day":13},"county_demographics":[{"County":"Kane","confirmed_cases":54789,"total_tested":619587,"demographics":{"age":[{"race":[],"age_group":"<20","count":9553,"tested":80874,"deaths":0},{"race":[],"age_group":"20-29   ","count":10147,"tested":108692,"deaths":0},{"race":[],"age_group":"30-39   ","count":8589,"tested":91684,"deaths":0},{"race":[],"age_group":"40-49   ","count":9175,"tested":87424,"deaths":0},{"race":[],"age_group":"50-59   ","count":8389,"tested":94746,"deaths":0},{"race":[],"age_group":"60-69   ","count":4940,"tested":71014,"deaths":0},{"race":[],"age_group":"70-79   ","count":2303,"tested":44362,"deaths":0},{"race":[],"age_group":"80+","count":1659,"tested":40498,"deaths":0},{"race":[],"age_group":"Unknown","count":34,"tested":293,"deaths":0}],"race":[{"description":"AI/AN**","count":52,"tested":426,"deaths":0,"color":"rgb(31,119,180)"},{"description":"Asian","count":1248,"tested":15059,"deaths":0,"color":"rgb(140,86,75)"},{"description":"Black","count":1921,"tested":23229,"deaths":0,"color":"rgb(255,127,14)"},{"description":"Hispanic","count":17730,"tested":83204,"deaths":0,"color":"rgb(214,39,40)"},{"description":"Left Blank","count":14040,"tested":285744,"deaths":0,"color":"rgb(44,160,44)"},{"description":"NH/PI*","count":42,"tested":495,"deaths":0,"color":"rgb(127,127,127)"},{"description":"Other","count":1448,"tested":15608,"deaths":0,"color":"rgb(148,103,189)"},{"description":"White","count":18308,"tested":195822,"deaths":0,"color":"rgb(31,119,180)"}],"gender":[{"description":"Female","count":28013,"tested":342867,"deaths":0,"color":"rgb(255,127,14)"},{"description":"Male","count":26313,"tested":255844,"deaths":0,"color":"rgb(31,119,180)"},{"description":"Unknown/Left Blank","count":463,"tested":20876,"deaths":0,"color":"rgb(44,160,44)"}]}}]}
