{"age":[{"age_group":"<20","count":604,"tested":5049},{"age_group":"20-29   ","count":720,"tested":7736},{"age_group":"30-39   ","count":522,"tested":6610},{"age_group":"40-49   ","count":515,"tested":7136},{"age_group":"50-59   ","count":532,"tested":7942},{"age_group":"60-69   ","count":351,"tested":6067},{"age_group":"70-79   ","count":203,"tested":3629},{"age_group":"80+","count":115,"tested":2782}],"race":[{"description":"Other","count":128,"tested":1471,"color":"rgb(148,103,189)"},{"description":"Left Blank","count":913,"tested":14248,"color":"rgb(44,160,44)"},{"description":"Hispanic","count":164,"tested":1110,"color":"rgb(214,39,40)"},{"description":"Asian","count":21,"tested":545,"color":"rgb(140,86,75)"},{"description":"White","count":2043,"tested":25291,"color":"rgb(31,119,180)"},{"description":"Black","count":292,"tested":4196,"color":"rgb(255,127,14)"}],"gender":[{"description":"Male","count":1667,"tested":18090,"color":"rgb(31,119,180)"},{"description":"Female","count":1890,"tested":28536,"color":"rgb(255,127,14)"}]}
