{"age":[{"age_group":"<20","count":548,"tested":5223},{"age_group":"20-29   ","count":534,"tested":6650},{"age_group":"30-39   ","count":468,"tested":5585},{"age_group":"40-49   ","count":465,"tested":4903},{"age_group":"50-59   ","count":470,"tested":6657},{"age_group":"60-69   ","count":314,"tested":6019},{"age_group":"70-79   ","count":120,"tested":3578},{"age_group":"80+","count":149,"tested":5176}],"race":[{"description":"Black","count":33,"tested":345,"color":"rgb(255,127,14)"},{"description":"Hispanic","count":393,"tested":2056,"color":"rgb(214,39,40)"},{"description":"White","count":1796,"tested":16578,"color":"rgb(31,119,180)"},{"description":"Asian","count":60,"tested":715,"color":"rgb(140,86,75)"},{"description":"Other","count":63,"tested":619,"color":"rgb(148,103,189)"},{"description":"Left Blank","count":720,"tested":23442,"color":"rgb(44,160,44)"},{"description":"AI/AN**","count":6,"tested":9,"color":"rgb(31,119,180)"}],"gender":[{"description":"Female","count":1561,"tested":25486,"color":"rgb(255,127,14)"},{"description":"Male","count":1478,"tested":17632,"color":"rgb(31,119,180)"},{"description":"Unknown/Left Blank","count":37,"tested":687,"color":"rgb(44,160,44)"}]}
