{"age":[{"age_group":"<20","count":38,"tested":386},{"age_group":"20-29   ","count":41,"tested":302},{"age_group":"30-39   ","count":29,"tested":325},{"age_group":"40-49   ","count":44,"tested":471},{"age_group":"50-59   ","count":33,"tested":391},{"age_group":"60-69   ","count":24,"tested":355},{"age_group":"70-79   ","count":11,"tested":255}],"race":[{"description":"Other","count":7,"tested":55,"color":"rgb(148,103,189)"},{"description":"White","count":188,"tested":2099,"color":"rgb(31,119,180)"},{"description":"Left Blank","count":22,"tested":436,"color":"rgb(44,160,44)"}],"gender":[{"description":"Female","count":109,"tested":1588,"color":"rgb(255,127,14)"},{"description":"Male","count":112,"tested":1026,"color":"rgb(31,119,180)"}]}
