{"age":[{"age_group":"<20","count":589,"tested":5317},{"age_group":"20-29   ","count":590,"tested":5541},{"age_group":"30-39   ","count":599,"tested":5405},{"age_group":"40-49   ","count":596,"tested":5431},{"age_group":"50-59   ","count":380,"tested":3999},{"age_group":"60-69   ","count":195,"tested":2338},{"age_group":"70-79   ","count":100,"tested":1290},{"age_group":"80+","count":34,"tested":609}],"race":[{"description":"Hispanic","count":1158,"tested":6274,"color":"rgb(214,39,40)"},{"description":"Asian","count":47,"tested":549,"color":"rgb(140,86,75)"},{"description":"White","count":924,"tested":9726,"color":"rgb(31,119,180)"},{"description":"Black","count":200,"tested":1816,"color":"rgb(255,127,14)"},{"description":"Left Blank","count":665,"tested":10407,"color":"rgb(44,160,44)"},{"description":"Other","count":81,"tested":1105,"color":"rgb(148,103,189)"},{"description":"AI/AN**","count":6,"tested":35,"color":"rgb(31,119,180)"}],"gender":[{"description":"Female","count":1580,"tested":16635,"color":"rgb(255,127,14)"},{"description":"Male","count":1496,"tested":13039,"color":"rgb(31,119,180)"},{"description":"Unknown/Left Blank","count":7,"tested":260,"color":"rgb(44,160,44)"}]}
