{"age":[{"age_group":"<20","count":16,"tested":374},{"age_group":"20-29   ","count":35,"tested":274},{"age_group":"30-39   ","count":20,"tested":392},{"age_group":"40-49   ","count":27,"tested":434},{"age_group":"50-59   ","count":35,"tested":513},{"age_group":"60-69   ","count":17,"tested":241}],"race":[{"description":"Other","count":7,"tested":39,"color":"rgb(148,103,189)"},{"description":"White","count":132,"tested":1571,"color":"rgb(31,119,180)"},{"description":"Left Blank","count":24,"tested":674,"color":"rgb(44,160,44)"}],"gender":[{"description":"Female","count":95,"tested":1509,"color":"rgb(255,127,14)"},{"description":"Male","count":70,"tested":754,"color":"rgb(31,119,180)"}]}
