{"age":[{"age_group":"<20","count":14,"tested":537},{"age_group":"20-29   ","count":125,"tested":2958},{"age_group":"30-39   ","count":80,"tested":2218},{"age_group":"40-49   ","count":33,"tested":971},{"age_group":"50-59   ","count":32,"tested":860},{"age_group":"60-69   ","count":20,"tested":661},{"age_group":"70-79   ","count":12,"tested":356}],"race":[{"description":"Black","count":30,"tested":787,"color":"rgb(255,127,14)"},{"description":"Hispanic","count":28,"tested":367,"color":"rgb(214,39,40)"},{"description":"Asian","count":18,"tested":835,"color":"rgb(140,86,75)"},{"description":"Other","count":13,"tested":385,"color":"rgb(148,103,189)"},{"description":"Left Blank","count":115,"tested":4362,"color":"rgb(44,160,44)"},{"description":"White","count":116,"tested":1992,"color":"rgb(31,119,180)"}],"gender":[{"description":"Male","count":193,"tested":5076,"color":"rgb(31,119,180)"},{"description":"Female","count":124,"tested":3514,"color":"rgb(255,127,14)"}]}
