{"age":[{"age_group":"<20","count":478,"tested":5245},{"age_group":"20-29   ","count":593,"tested":7667},{"age_group":"30-39   ","count":645,"tested":8220},{"age_group":"40-49   ","count":550,"tested":7068},{"age_group":"50-59   ","count":452,"tested":6444},{"age_group":"60-69   ","count":325,"tested":4727},{"age_group":"70-79   ","count":148,"tested":1905},{"age_group":"80+","count":77,"tested":853}],"race":[{"description":"Left Blank","count":671,"tested":16626,"color":"rgb(44,160,44)"},{"description":"White","count":84,"tested":1442,"color":"rgb(31,119,180)"},{"description":"Hispanic","count":405,"tested":2358,"color":"rgb(214,39,40)"},{"description":"Other","count":62,"tested":878,"color":"rgb(148,103,189)"},{"description":"Asian","count":10,"tested":114,"color":"rgb(140,86,75)"},{"description":"Black","count":2033,"tested":20674,"color":"rgb(255,127,14)"}],"gender":[{"description":"Female","count":1856,"tested":22166,"color":"rgb(255,127,14)"},{"description":"Male","count":1378,"tested":17698,"color":"rgb(31,119,180)"},{"description":"Unknown/Left Blank","count":34,"tested":2276,"color":"rgb(44,160,44)"}]}
