{"age":[{"age_group":"<20","count":179,"tested":2014},{"age_group":"20-29   ","count":168,"tested":2299},{"age_group":"30-39   ","count":204,"tested":2311},{"age_group":"40-49   ","count":189,"tested":2244},{"age_group":"50-59   ","count":155,"tested":2261},{"age_group":"60-69   ","count":122,"tested":1792},{"age_group":"70-79   ","count":57,"tested":771},{"age_group":"80+","count":28,"tested":481}],"race":[{"description":"White","count":45,"tested":703,"color":"rgb(31,119,180)"},{"description":"Left Blank","count":348,"tested":5455,"color":"rgb(44,160,44)"},{"description":"Other","count":28,"tested":264,"color":"rgb(148,103,189)"},{"description":"Black","count":532,"tested":6810,"color":"rgb(255,127,14)"},{"description":"Hispanic","count":146,"tested":903,"color":"rgb(214,39,40)"}],"gender":[{"description":"Male","count":471,"tested":5451,"color":"rgb(31,119,180)"},{"description":"Female","count":626,"tested":8307,"color":"rgb(255,127,14)"}]}
