{"age":[{"age_group":"<20","count":43,"tested":390},{"age_group":"20-29   ","count":44,"tested":571},{"age_group":"30-39   ","count":25,"tested":477},{"age_group":"40-49   ","count":41,"tested":354},{"age_group":"50-59   ","count":52,"tested":554},{"age_group":"60-69   ","count":26,"tested":396},{"age_group":"70-79   ","count":17,"tested":283},{"age_group":"80+","count":6,"tested":126}],"race":[{"description":"Left Blank","count":47,"tested":841,"color":"rgb(44,160,44)"},{"description":"Other","count":6,"tested":65,"color":"rgb(148,103,189)"},{"description":"White","count":181,"tested":2090,"color":"rgb(31,119,180)"},{"description":"Hispanic","count":10,"tested":52,"color":"rgb(214,39,40)"},{"description":"Black","count":10,"tested":99,"color":"rgb(255,127,14)"}],"gender":[{"description":"Male","count":109,"tested":1047,"color":"rgb(31,119,180)"},{"description":"Female","count":143,"tested":2083,"color":"rgb(255,127,14)"}]}
