{"age":[{"age_group":"<20","count":200,"tested":2211},{"age_group":"20-29   ","count":191,"tested":1763},{"age_group":"30-39   ","count":169,"tested":1602},{"age_group":"40-49   ","count":183,"tested":1641},{"age_group":"50-59   ","count":154,"tested":1456},{"age_group":"60-69   ","count":98,"tested":989},{"age_group":"70-79   ","count":39,"tested":463},{"age_group":"80+","count":18,"tested":225}],"race":[{"description":"White","count":722,"tested":7184,"color":"rgb(31,119,180)"},{"description":"Left Blank","count":244,"tested":2425,"color":"rgb(44,160,44)"},{"description":"Other","count":60,"tested":443,"color":"rgb(148,103,189)"},{"description":"Hispanic","count":21,"tested":204,"color":"rgb(214,39,40)"}],"gender":[{"description":"Male","count":519,"tested":4240,"color":"rgb(31,119,180)"},{"description":"Female","count":529,"tested":5944,"color":"rgb(255,127,14)"}]}
