{"age":[{"age_group":"<20","count":316,"tested":2874},{"age_group":"20-29   ","count":324,"tested":3095},{"age_group":"30-39   ","count":302,"tested":2871},{"age_group":"40-49   ","count":397,"tested":3233},{"age_group":"50-59   ","count":332,"tested":3311},{"age_group":"60-69   ","count":175,"tested":2548},{"age_group":"70-79   ","count":139,"tested":2364},{"age_group":"80+","count":81,"tested":2748}],"race":[{"description":"Hispanic","count":220,"tested":1103,"color":"rgb(214,39,40)"},{"description":"Left Blank","count":639,"tested":9522,"color":"rgb(44,160,44)"},{"description":"Other","count":52,"tested":787,"color":"rgb(148,103,189)"},{"description":"Asian","count":21,"tested":303,"color":"rgb(140,86,75)"},{"description":"White","count":1052,"tested":10309,"color":"rgb(31,119,180)"},{"description":"Black","count":78,"tested":979,"color":"rgb(255,127,14)"}],"gender":[{"description":"Male","count":1019,"tested":9590,"color":"rgb(31,119,180)"},{"description":"Unknown/Left Blank","count":19,"tested":547,"color":"rgb(44,160,44)"},{"description":"Female","count":1028,"tested":12910,"color":"rgb(255,127,14)"}]}
