{"age":[{"age_group":"<20","count":85,"tested":1943},{"age_group":"20-29   ","count":91,"tested":3318},{"age_group":"30-39   ","count":52,"tested":2026},{"age_group":"40-49   ","count":74,"tested":2862},{"age_group":"50-59   ","count":98,"tested":3247},{"age_group":"60-69   ","count":62,"tested":2643},{"age_group":"70-79   ","count":57,"tested":2279},{"age_group":"80+","count":105,"tested":5650}],"race":[{"description":"Other","count":40,"tested":557,"color":"rgb(148,103,189)"},{"description":"Left Blank","count":165,"tested":13601,"color":"rgb(44,160,44)"},{"description":"White","count":362,"tested":6805,"color":"rgb(31,119,180)"},{"description":"Asian","count":28,"tested":1363,"color":"rgb(140,86,75)"},{"description":"Hispanic","count":22,"tested":1084,"color":"rgb(214,39,40)"},{"description":"Black","count":6,"tested":563,"color":"rgb(255,127,14)"}],"gender":[{"description":"Unknown/Left Blank","count":9,"tested":952,"color":"rgb(44,160,44)"},{"description":"Male","count":289,"tested":8471,"color":"rgb(31,119,180)"},{"description":"Female","count":327,"tested":14601,"color":"rgb(255,127,14)"}]}
