{"age":[{"age_group":"30-39   ","count":8,"tested":500},{"age_group":"40-49   ","count":7,"tested":414},{"age_group":"50-59   ","count":15,"tested":543},{"age_group":"60-69   ","count":18,"tested":596},{"age_group":"70-79   ","count":12,"tested":690},{"age_group":"80+","count":7,"tested":154}],"race":[{"description":"Left Blank","count":19,"tested":336,"color":"rgb(44,160,44)"},{"description":"White","count":14,"tested":426,"color":"rgb(31,119,180)"},{"description":"Black","count":28,"tested":783,"color":"rgb(255,127,14)"}],"gender":[{"description":"Male","count":38,"tested":2270,"color":"rgb(31,119,180)"},{"description":"Female","count":34,"tested":970,"color":"rgb(255,127,14)"}]}
