{"age":[{"age_group":"<20","count":192,"tested":1885},{"age_group":"20-29   ","count":283,"tested":2786},{"age_group":"30-39   ","count":202,"tested":2510},{"age_group":"40-49   ","count":199,"tested":2010},{"age_group":"50-59   ","count":250,"tested":2753},{"age_group":"60-69   ","count":154,"tested":2143},{"age_group":"70-79   ","count":82,"tested":1113},{"age_group":"80+","count":32,"tested":572}],"race":[{"description":"Left Blank","count":407,"tested":6216,"color":"rgb(44,160,44)"},{"description":"White","count":671,"tested":7311,"color":"rgb(31,119,180)"},{"description":"Hispanic","count":199,"tested":1120,"color":"rgb(214,39,40)"},{"description":"Other","count":30,"tested":310,"color":"rgb(148,103,189)"},{"description":"Asian","count":38,"tested":410,"color":"rgb(140,86,75)"},{"description":"Black","count":47,"tested":391,"color":"rgb(255,127,14)"}],"gender":[{"description":"Male","count":682,"tested":6722,"color":"rgb(31,119,180)"},{"description":"Female","count":705,"tested":8904,"color":"rgb(255,127,14)"}]}
