{"age":[{"age_group":"<20","count":20,"tested":185},{"age_group":"20-29   ","count":17,"tested":269},{"age_group":"30-39   ","count":21,"tested":94},{"age_group":"40-49   ","count":20,"tested":115},{"age_group":"50-59   ","count":23,"tested":275},{"age_group":"60-69   ","count":13,"tested":102},{"age_group":"70-79   ","count":12,"tested":86}],"race":[{"description":"White","count":105,"tested":683,"color":"rgb(31,119,180)"},{"description":"Left Blank","count":16,"tested":436,"color":"rgb(44,160,44)"}],"gender":[{"description":"Female","count":70,"tested":660,"color":"rgb(255,127,14)"},{"description":"Male","count":57,"tested":487,"color":"rgb(31,119,180)"}]}
