{"age":[{"age_group":"<20","count":157,"tested":1331},{"age_group":"20-29   ","count":167,"tested":1588},{"age_group":"30-39   ","count":135,"tested":1522},{"age_group":"40-49   ","count":119,"tested":1285},{"age_group":"50-59   ","count":160,"tested":1781},{"age_group":"60-69   ","count":102,"tested":1275},{"age_group":"70-79   ","count":35,"tested":756},{"age_group":"80+","count":9,"tested":238}],"race":[{"description":"Other","count":18,"tested":144,"color":"rgb(148,103,189)"},{"description":"Black","count":8,"tested":46,"color":"rgb(255,127,14)"},{"description":"White","count":539,"tested":5761,"color":"rgb(31,119,180)"},{"description":"Left Blank","count":235,"tested":3274,"color":"rgb(44,160,44)"},{"description":"Hispanic","count":81,"tested":441,"color":"rgb(214,39,40)"}],"gender":[{"description":"Female","count":441,"tested":5701,"color":"rgb(255,127,14)"},{"description":"Male","count":440,"tested":4044,"color":"rgb(31,119,180)"}]}
