{"age":[{"age_group":"<20","count":182,"tested":1784},{"age_group":"20-29   ","count":213,"tested":2026},{"age_group":"30-39   ","count":208,"tested":1847},{"age_group":"40-49   ","count":181,"tested":1639},{"age_group":"50-59   ","count":201,"tested":1976},{"age_group":"60-69   ","count":145,"tested":1797},{"age_group":"70-79   ","count":86,"tested":1349},{"age_group":"80+","count":59,"tested":1315}],"race":[{"description":"White","count":800,"tested":7131,"color":"rgb(31,119,180)"},{"description":"Other","count":23,"tested":293,"color":"rgb(148,103,189)"},{"description":"Left Blank","count":258,"tested":5124,"color":"rgb(44,160,44)"},{"description":"Hispanic","count":178,"tested":1021,"color":"rgb(214,39,40)"},{"description":"Asian","count":7,"tested":47,"color":"rgb(140,86,75)"},{"description":"Black","count":8,"tested":94,"color":"rgb(255,127,14)"}],"gender":[{"description":"Male","count":600,"tested":5265,"color":"rgb(31,119,180)"},{"description":"Female","count":668,"tested":8081,"color":"rgb(255,127,14)"}]}
