{"age":[{"age_group":"<20","count":1072,"tested":12258},{"age_group":"20-29   ","count":2212,"tested":43366},{"age_group":"30-39   ","count":2027,"tested":46121},{"age_group":"40-49   ","count":1226,"tested":17666},{"age_group":"50-59   ","count":1011,"tested":12115},{"age_group":"60-69   ","count":664,"tested":7750},{"age_group":"70-79   ","count":335,"tested":4209},{"age_group":"80+","count":176,"tested":2035}],"race":[{"description":"Hispanic","count":3791,"tested":24756,"color":"rgb(214,39,40)"},{"description":"Left Blank","count":2179,"tested":58539,"color":"rgb(44,160,44)"},{"description":"White","count":1953,"tested":47183,"color":"rgb(31,119,180)"},{"description":"Asian","count":119,"tested":3094,"color":"rgb(140,86,75)"},{"description":"Black","count":287,"tested":4449,"color":"rgb(255,127,14)"},{"description":"NH/PI*","count":6,"tested":111,"color":"rgb(127,127,127)"},{"description":"Other","count":377,"tested":7245,"color":"rgb(148,103,189)"},{"description":"AI/AN**","count":11,"tested":175,"color":"rgb(31,119,180)"}],"gender":[{"description":"Unknown/Left Blank","count":208,"tested":4899,"color":"rgb(44,160,44)"},{"description":"Male","count":4215,"tested":63026,"color":"rgb(31,119,180)"},{"description":"Female","count":4300,"tested":77627,"color":"rgb(255,127,14)"}]}
