{"age":[{"age_group":"<20","count":27,"tested":424},{"age_group":"20-29   ","count":36,"tested":677},{"age_group":"30-39   ","count":33,"tested":607},{"age_group":"40-49   ","count":28,"tested":470},{"age_group":"50-59   ","count":45,"tested":1069},{"age_group":"60-69   ","count":30,"tested":614},{"age_group":"70-79   ","count":20,"tested":532},{"age_group":"80+","count":45,"tested":1805}],"race":[{"description":"Hispanic","count":6,"tested":24,"color":"rgb(214,39,40)"},{"description":"White","count":210,"tested":2219,"color":"rgb(31,119,180)"},{"description":"Left Blank","count":37,"tested":3802,"color":"rgb(44,160,44)"},{"description":"Other","count":10,"tested":123,"color":"rgb(148,103,189)"}],"gender":[{"description":"Male","count":113,"tested":1699,"color":"rgb(31,119,180)"},{"description":"Female","count":149,"tested":4394,"color":"rgb(255,127,14)"}]}
