{"age":[{"age_group":"<20","count":518,"tested":48231},{"age_group":"20-29   ","count":736,"tested":38219},{"age_group":"30-39   ","count":665,"tested":14587},{"age_group":"40-49   ","count":469,"tested":10219},{"age_group":"50-59   ","count":440,"tested":10382},{"age_group":"60-69   ","count":308,"tested":7837},{"age_group":"70-79   ","count":143,"tested":3574},{"age_group":"80+","count":112,"tested":2906}],"race":[{"description":"Hispanic","count":119,"tested":10377,"color":"rgb(214,39,40)"},{"description":"Left Blank","count":886,"tested":35733,"color":"rgb(44,160,44)"},{"description":"Black","count":2021,"tested":31271,"color":"rgb(255,127,14)"},{"description":"Asian","count":68,"tested":18023,"color":"rgb(140,86,75)"},{"description":"White","count":246,"tested":39079,"color":"rgb(31,119,180)"},{"description":"Other","count":43,"tested":893,"color":"rgb(148,103,189)"}],"gender":[{"description":"Unknown/Left Blank","count":35,"tested":3196,"color":"rgb(44,160,44)"},{"description":"Female","count":1921,"tested":70330,"color":"rgb(255,127,14)"},{"description":"Male","count":1435,"tested":62439,"color":"rgb(31,119,180)"}]}
