{"age":[{"age_group":"<20","count":219,"tested":6706},{"age_group":"20-29   ","count":741,"tested":24030},{"age_group":"30-39   ","count":762,"tested":17391},{"age_group":"40-49   ","count":338,"tested":7208},{"age_group":"50-59   ","count":307,"tested":4290},{"age_group":"60-69   ","count":184,"tested":2881},{"age_group":"70-79   ","count":57,"tested":996},{"age_group":"80+","count":23,"tested":391}],"race":[{"description":"Other","count":152,"tested":4234,"color":"rgb(148,103,189)"},{"description":"Left Blank","count":666,"tested":19845,"color":"rgb(44,160,44)"},{"description":"Asian","count":171,"tested":8956,"color":"rgb(140,86,75)"},{"description":"Black","count":475,"tested":6627,"color":"rgb(255,127,14)"},{"description":"Hispanic","count":230,"tested":3796,"color":"rgb(214,39,40)"},{"description":"White","count":934,"tested":20288,"color":"rgb(31,119,180)"}],"gender":[{"description":"Female","count":1161,"tested":31728,"color":"rgb(255,127,14)"},{"description":"Male","count":1343,"tested":29110,"color":"rgb(31,119,180)"},{"description":"Unknown/Left Blank","count":128,"tested":3070,"color":"rgb(44,160,44)"}]}
