{"age":[{"age_group":"<20","count":576,"tested":5675},{"age_group":"20-29   ","count":743,"tested":9698},{"age_group":"30-39   ","count":809,"tested":11235},{"age_group":"40-49   ","count":687,"tested":10072},{"age_group":"50-59   ","count":617,"tested":10466},{"age_group":"60-69   ","count":462,"tested":9398},{"age_group":"70-79   ","count":244,"tested":4133},{"age_group":"80+","count":175,"tested":2334}],"race":[{"description":"Black","count":2717,"tested":26177,"color":"rgb(255,127,14)"},{"description":"Hispanic","count":529,"tested":2992,"color":"rgb(214,39,40)"},{"description":"White","count":120,"tested":2066,"color":"rgb(31,119,180)"},{"description":"Asian","count":9,"tested":119,"color":"rgb(140,86,75)"},{"description":"Other","count":100,"tested":1237,"color":"rgb(148,103,189)"},{"description":"Left Blank","count":835,"tested":30402,"color":"rgb(44,160,44)"}],"gender":[{"description":"Female","count":2310,"tested":34708,"color":"rgb(255,127,14)"},{"description":"Male","count":1887,"tested":26179,"color":"rgb(31,119,180)"},{"description":"Unknown/Left Blank","count":117,"tested":2159,"color":"rgb(44,160,44)"}]}
