{"age":[{"age_group":"<20","count":657,"tested":4536},{"age_group":"20-29   ","count":290,"tested":3095},{"age_group":"30-39   ","count":330,"tested":3033},{"age_group":"40-49   ","count":243,"tested":2628},{"age_group":"50-59   ","count":243,"tested":2932},{"age_group":"60-69   ","count":173,"tested":2526},{"age_group":"70-79   ","count":99,"tested":2197},{"age_group":"80+","count":141,"tested":5685}],"race":[{"description":"Asian","count":191,"tested":2208,"color":"rgb(140,86,75)"},{"description":"Black","count":19,"tested":336,"color":"rgb(255,127,14)"},{"description":"Hispanic","count":75,"tested":717,"color":"rgb(214,39,40)"},{"description":"Left Blank","count":1129,"tested":16255,"color":"rgb(44,160,44)"},{"description":"Other","count":254,"tested":1421,"color":"rgb(148,103,189)"},{"description":"White","count":499,"tested":5837,"color":"rgb(31,119,180)"},{"description":"AI/AN**","count":6,"tested":67,"color":"rgb(31,119,180)"}],"gender":[{"description":"Male","count":1090,"tested":11407,"color":"rgb(31,119,180)"},{"description":"Unknown/Left Blank","count":25,"tested":340,"color":"rgb(44,160,44)"},{"description":"Female","count":1062,"tested":15122,"color":"rgb(255,127,14)"}]}
