{"age":[{"age_group":"<20","count":60,"tested":1205},{"age_group":"20-29   ","count":24,"tested":456},{"age_group":"30-39   ","count":10,"tested":283},{"age_group":"40-49   ","count":24,"tested":514},{"age_group":"50-59   ","count":38,"tested":640},{"age_group":"60-69   ","count":13,"tested":295}],"race":[{"description":"Left Blank","count":45,"tested":1292,"color":"rgb(44,160,44)"},{"description":"Other","count":14,"tested":314,"color":"rgb(148,103,189)"},{"description":"White","count":107,"tested":1880,"color":"rgb(31,119,180)"}],"gender":[{"description":"Male","count":90,"tested":1739,"color":"rgb(31,119,180)"},{"description":"Female","count":84,"tested":1864,"color":"rgb(255,127,14)"}]}
