{"age":[{"age_group":"<20","count":37,"tested":369},{"age_group":"20-29   ","count":46,"tested":545},{"age_group":"30-39   ","count":47,"tested":428},{"age_group":"40-49   ","count":41,"tested":355},{"age_group":"50-59   ","count":41,"tested":524},{"age_group":"60-69   ","count":24,"tested":639},{"age_group":"70-79   ","count":19,"tested":212}],"race":[{"description":"Hispanic","count":9,"tested":62,"color":"rgb(214,39,40)"},{"description":"White","count":189,"tested":1967,"color":"rgb(31,119,180)"},{"description":"Left Blank","count":48,"tested":1043,"color":"rgb(44,160,44)"},{"description":"Other","count":11,"tested":70,"color":"rgb(148,103,189)"}],"gender":[{"description":"Male","count":129,"tested":1219,"color":"rgb(31,119,180)"},{"description":"Female","count":129,"tested":1626,"color":"rgb(255,127,14)"}]}
