{"age":[{"age_group":"<20","count":512,"tested":5278},{"age_group":"20-29   ","count":336,"tested":3974},{"age_group":"30-39   ","count":257,"tested":3230},{"age_group":"40-49   ","count":499,"tested":5018},{"age_group":"50-59   ","count":375,"tested":4799},{"age_group":"60-69   ","count":133,"tested":2065},{"age_group":"70-79   ","count":68,"tested":1426},{"age_group":"80+","count":58,"tested":1651}],"race":[{"description":"NH/PI*","count":8,"tested":33,"color":"rgb(127,127,127)"},{"description":"Black","count":112,"tested":1379,"color":"rgb(255,127,14)"},{"description":"Hispanic","count":194,"tested":1406,"color":"rgb(214,39,40)"},{"description":"Asian","count":89,"tested":1495,"color":"rgb(140,86,75)"},{"description":"White","count":983,"tested":10224,"color":"rgb(31,119,180)"},{"description":"Left Blank","count":772,"tested":11821,"color":"rgb(44,160,44)"},{"description":"Other","count":80,"tested":1077,"color":"rgb(148,103,189)"}],"gender":[{"description":"Female","count":1152,"tested":15095,"color":"rgb(255,127,14)"},{"description":"Unknown/Left Blank","count":19,"tested":292,"color":"rgb(44,160,44)"},{"description":"Male","count":1067,"tested":12056,"color":"rgb(31,119,180)"}]}
