{"age":[{"age_group":"<20","count":49,"tested":582},{"age_group":"20-29   ","count":49,"tested":470},{"age_group":"30-39   ","count":43,"tested":440},{"age_group":"40-49   ","count":50,"tested":448},{"age_group":"50-59   ","count":45,"tested":543},{"age_group":"60-69   ","count":61,"tested":502},{"age_group":"70-79   ","count":34,"tested":367},{"age_group":"80+","count":17,"tested":218}],"race":[{"description":"Left Blank","count":61,"tested":1050,"color":"rgb(44,160,44)"},{"description":"White","count":277,"tested":2403,"color":"rgb(31,119,180)"}],"gender":[]}
