{"age":[{"age_group":"<20","count":27,"tested":354},{"age_group":"20-29   ","count":27,"tested":332},{"age_group":"30-39   ","count":23,"tested":316},{"age_group":"40-49   ","count":24,"tested":252},{"age_group":"50-59   ","count":11,"tested":209},{"age_group":"60-69   ","count":11,"tested":197},{"age_group":"80+","count":6,"tested":73}],"race":[{"description":"Hispanic","count":17,"tested":106,"color":"rgb(214,39,40)"},{"description":"Left Blank","count":30,"tested":565,"color":"rgb(44,160,44)"},{"description":"White","count":79,"tested":1089,"color":"rgb(31,119,180)"}],"gender":[]}
