{"age":[{"age_group":"<20","count":133,"tested":1768},{"age_group":"20-29   ","count":247,"tested":3778},{"age_group":"30-39   ","count":241,"tested":3864},{"age_group":"40-49   ","count":160,"tested":2319},{"age_group":"50-59   ","count":134,"tested":2076},{"age_group":"60-69   ","count":76,"tested":1975},{"age_group":"70-79   ","count":34,"tested":679},{"age_group":"80+","count":30,"tested":578}],"race":[{"description":"Asian","count":129,"tested":2526,"color":"rgb(140,86,75)"},{"description":"Black","count":47,"tested":688,"color":"rgb(255,127,14)"},{"description":"Hispanic","count":129,"tested":1148,"color":"rgb(214,39,40)"},{"description":"Left Blank","count":370,"tested":8345,"color":"rgb(44,160,44)"},{"description":"Other","count":75,"tested":414,"color":"rgb(148,103,189)"},{"description":"White","count":301,"tested":3825,"color":"rgb(31,119,180)"}],"gender":[]}
