{"age":[{"age_group":"<20","count":191,"tested":2378},{"age_group":"20-29   ","count":159,"tested":2242},{"age_group":"30-39   ","count":130,"tested":1752},{"age_group":"40-49   ","count":183,"tested":1790},{"age_group":"50-59   ","count":201,"tested":2209},{"age_group":"60-69   ","count":118,"tested":1846},{"age_group":"70-79   ","count":50,"tested":1328},{"age_group":"80+","count":28,"tested":648}],"race":[{"description":"Asian","count":8,"tested":138,"color":"rgb(140,86,75)"},{"description":"Black","count":11,"tested":173,"color":"rgb(255,127,14)"},{"description":"Hispanic","count":95,"tested":745,"color":"rgb(214,39,40)"},{"description":"Left Blank","count":212,"tested":4121,"color":"rgb(44,160,44)"},{"description":"Other","count":39,"tested":396,"color":"rgb(148,103,189)"},{"description":"White","count":692,"tested":8597,"color":"rgb(31,119,180)"}],"gender":[]}
