{"age":[{"age_group":"<20","count":89,"tested":1365},{"age_group":"20-29   ","count":71,"tested":925},{"age_group":"30-39   ","count":54,"tested":968},{"age_group":"40-49   ","count":71,"tested":806},{"age_group":"50-59   ","count":73,"tested":1029},{"age_group":"60-69   ","count":80,"tested":1023},{"age_group":"70-79   ","count":45,"tested":913},{"age_group":"80+","count":68,"tested":1578}],"race":[{"description":"Left Blank","count":149,"tested":3227,"color":"rgb(44,160,44)"},{"description":"White","count":393,"tested":5251,"color":"rgb(31,119,180)"}],"gender":[]}
