{"age":[{"age_group":"<20","count":1195,"tested":10726},{"age_group":"20-29   ","count":1459,"tested":17791},{"age_group":"30-39   ","count":1356,"tested":16138},{"age_group":"40-49   ","count":1348,"tested":14360},{"age_group":"50-59   ","count":985,"tested":11496},{"age_group":"60-69   ","count":665,"tested":10644},{"age_group":"70-79   ","count":298,"tested":5863},{"age_group":"80+","count":139,"tested":3793}],"race":[{"description":"AI/AN**","count":10,"tested":64,"color":"rgb(31,119,180)"},{"description":"Asian","count":106,"tested":2111,"color":"rgb(140,86,75)"},{"description":"Black","count":993,"tested":13442,"color":"rgb(255,127,14)"},{"description":"Hispanic","count":3995,"tested":22198,"color":"rgb(214,39,40)"},{"description":"Left Blank","count":1363,"tested":39343,"color":"rgb(44,160,44)"},{"description":"Other","count":272,"tested":3297,"color":"rgb(148,103,189)"},{"description":"White","count":703,"tested":10350,"color":"rgb(31,119,180)"}],"gender":[]}
