{"age":[{"age_group":"<20","count":572,"tested":7735},{"age_group":"20-29   ","count":554,"tested":10857},{"age_group":"30-39   ","count":533,"tested":10194},{"age_group":"40-49   ","count":472,"tested":9663},{"age_group":"50-59   ","count":408,"tested":9593},{"age_group":"60-69   ","count":253,"tested":7586},{"age_group":"70-79   ","count":184,"tested":6608},{"age_group":"80+","count":429,"tested":14100}],"race":[{"description":"Asian","count":224,"tested":5049,"color":"rgb(140,86,75)"},{"description":"Black","count":266,"tested":3399,"color":"rgb(255,127,14)"},{"description":"Hispanic","count":419,"tested":3034,"color":"rgb(214,39,40)"},{"description":"Left Blank","count":434,"tested":36924,"color":"rgb(44,160,44)"},{"description":"Other","count":105,"tested":1641,"color":"rgb(148,103,189)"},{"description":"White","count":1950,"tested":26129,"color":"rgb(31,119,180)"}],"gender":[]}
