{"age":[{"age_group":"<20","count":845,"tested":7227},{"age_group":"20-29   ","count":983,"tested":10626},{"age_group":"30-39   ","count":857,"tested":8834},{"age_group":"40-49   ","count":836,"tested":7637},{"age_group":"50-59   ","count":763,"tested":7910},{"age_group":"60-69   ","count":461,"tested":5563},{"age_group":"70-79   ","count":165,"tested":2403},{"age_group":"80+","count":79,"tested":1245}],"race":[{"description":"AI/AN**","count":13,"tested":126,"color":"rgb(31,119,180)"},{"description":"Asian","count":497,"tested":4481,"color":"rgb(140,86,75)"},{"description":"Black","count":257,"tested":2042,"color":"rgb(255,127,14)"},{"description":"Hispanic","count":1830,"tested":7884,"color":"rgb(214,39,40)"},{"description":"Left Blank","count":1222,"tested":27107,"color":"rgb(44,160,44)"},{"description":"NH/PI*","count":13,"tested":100,"color":"rgb(127,127,127)"},{"description":"Other","count":219,"tested":1697,"color":"rgb(148,103,189)"},{"description":"White","count":938,"tested":8030,"color":"rgb(31,119,180)"}],"gender":[]}
