{"age":[{"age_group":"<20","count":787,"tested":8503},{"age_group":"20-29   ","count":773,"tested":8344},{"age_group":"30-39   ","count":697,"tested":7838},{"age_group":"40-49   ","count":668,"tested":7204},{"age_group":"50-59   ","count":735,"tested":9072},{"age_group":"60-69   ","count":472,"tested":6475},{"age_group":"70-79   ","count":170,"tested":3534},{"age_group":"80+","count":186,"tested":3656}],"race":[{"description":"AI/AN**","count":7,"tested":90,"color":"rgb(31,119,180)"},{"description":"Asian","count":87,"tested":853,"color":"rgb(140,86,75)"},{"description":"Black","count":59,"tested":645,"color":"rgb(255,127,14)"},{"description":"Hispanic","count":649,"tested":3426,"color":"rgb(214,39,40)"},{"description":"Left Blank","count":1013,"tested":20404,"color":"rgb(44,160,44)"},{"description":"Other","count":114,"tested":1175,"color":"rgb(148,103,189)"},{"description":"White","count":2557,"tested":27952,"color":"rgb(31,119,180)"}],"gender":[]}
