{"age":[{"age_group":"<20","count":148,"tested":1024},{"age_group":"20-29   ","count":196,"tested":1554},{"age_group":"30-39   ","count":152,"tested":1183},{"age_group":"40-49   ","count":124,"tested":1008},{"age_group":"50-59   ","count":106,"tested":1123},{"age_group":"60-69   ","count":73,"tested":705},{"age_group":"70-79   ","count":23,"tested":357},{"age_group":"80+","count":11,"tested":173}],"race":[{"description":"Black","count":65,"tested":853,"color":"rgb(255,127,14)"},{"description":"Hispanic","count":332,"tested":1721,"color":"rgb(214,39,40)"},{"description":"Left Blank","count":302,"tested":3144,"color":"rgb(44,160,44)"},{"description":"Other","count":34,"tested":194,"color":"rgb(148,103,189)"},{"description":"White","count":96,"tested":1178,"color":"rgb(31,119,180)"}],"gender":[]}
