{"age":[{"age_group":"<20","count":259,"tested":2368},{"age_group":"20-29   ","count":311,"tested":4001},{"age_group":"30-39   ","count":321,"tested":3657},{"age_group":"40-49   ","count":257,"tested":3157},{"age_group":"50-59   ","count":316,"tested":3706},{"age_group":"60-69   ","count":240,"tested":3666},{"age_group":"70-79   ","count":150,"tested":2169},{"age_group":"80+","count":85,"tested":1195}],"race":[{"description":"Asian","count":39,"tested":466,"color":"rgb(140,86,75)"},{"description":"Black","count":68,"tested":700,"color":"rgb(255,127,14)"},{"description":"Hispanic","count":144,"tested":1006,"color":"rgb(214,39,40)"},{"description":"Left Blank","count":752,"tested":13802,"color":"rgb(44,160,44)"},{"description":"Other","count":109,"tested":837,"color":"rgb(148,103,189)"},{"description":"White","count":822,"tested":7090,"color":"rgb(31,119,180)"}],"gender":[]}
