{"age":[{"age_group":"<20","count":166,"tested":1377},{"age_group":"20-29   ","count":140,"tested":1335},{"age_group":"30-39   ","count":118,"tested":1254},{"age_group":"40-49   ","count":132,"tested":1071},{"age_group":"50-59   ","count":121,"tested":1272},{"age_group":"60-69   ","count":87,"tested":856},{"age_group":"70-79   ","count":31,"tested":511},{"age_group":"80+","count":14,"tested":277}],"race":[{"description":"Black","count":7,"tested":65,"color":"rgb(255,127,14)"},{"description":"Hispanic","count":115,"tested":499,"color":"rgb(214,39,40)"},{"description":"Left Blank","count":220,"tested":3134,"color":"rgb(44,160,44)"},{"description":"Other","count":6,"tested":82,"color":"rgb(148,103,189)"},{"description":"White","count":458,"tested":4139,"color":"rgb(31,119,180)"}],"gender":[]}
