{"age":[{"age_group":"<20","count":37,"tested":490},{"age_group":"20-29   ","count":20,"tested":673},{"age_group":"30-39   ","count":25,"tested":397},{"age_group":"40-49   ","count":30,"tested":598},{"age_group":"50-59   ","count":50,"tested":758},{"age_group":"60-69   ","count":32,"tested":785},{"age_group":"70-79   ","count":26,"tested":344},{"age_group":"80+","count":23,"tested":1033}],"race":[{"description":"Left Blank","count":88,"tested":3845,"color":"rgb(44,160,44)"},{"description":"White","count":149,"tested":1187,"color":"rgb(31,119,180)"}],"gender":[]}
