{"age":[{"age_group":"<20","count":559,"tested":6947},{"age_group":"20-29   ","count":453,"tested":5544},{"age_group":"30-39   ","count":492,"tested":5693},{"age_group":"40-49   ","count":452,"tested":5226},{"age_group":"50-59   ","count":367,"tested":4710},{"age_group":"60-69   ","count":215,"tested":3244},{"age_group":"70-79   ","count":113,"tested":2060},{"age_group":"80+","count":52,"tested":2218}],"race":[{"description":"Asian","count":16,"tested":373,"color":"rgb(140,86,75)"},{"description":"Black","count":136,"tested":1434,"color":"rgb(255,127,14)"},{"description":"Hispanic","count":386,"tested":2680,"color":"rgb(214,39,40)"},{"description":"Left Blank","count":648,"tested":14725,"color":"rgb(44,160,44)"},{"description":"Other","count":70,"tested":840,"color":"rgb(148,103,189)"},{"description":"White","count":1441,"tested":15560,"color":"rgb(31,119,180)"}],"gender":[]}
