{"age":[{"age_group":"<20","count":503,"tested":8365},{"age_group":"20-29   ","count":991,"tested":27457},{"age_group":"30-39   ","count":1086,"tested":32497},{"age_group":"40-49   ","count":724,"tested":19078},{"age_group":"50-59   ","count":635,"tested":20457},{"age_group":"60-69   ","count":470,"tested":14610},{"age_group":"70-79   ","count":306,"tested":7306},{"age_group":"80+","count":265,"tested":8498}],"race":[{"description":"AI/AN**","count":7,"tested":112,"color":"rgb(31,119,180)"},{"description":"Asian","count":328,"tested":6167,"color":"rgb(140,86,75)"},{"description":"Black","count":633,"tested":11865,"color":"rgb(255,127,14)"},{"description":"Hispanic","count":737,"tested":6679,"color":"rgb(214,39,40)"},{"description":"Left Blank","count":1416,"tested":68652,"color":"rgb(44,160,44)"},{"description":"Other","count":268,"tested":5054,"color":"rgb(148,103,189)"},{"description":"White","count":1585,"tested":40101,"color":"rgb(31,119,180)"}],"gender":[]}
