{"age":[{"age_group":"<20","count":82,"tested":1120},{"age_group":"20-29   ","count":99,"tested":1239},{"age_group":"30-39   ","count":89,"tested":1485},{"age_group":"40-49   ","count":70,"tested":1572},{"age_group":"50-59   ","count":113,"tested":3312},{"age_group":"60-69   ","count":62,"tested":1985},{"age_group":"70-79   ","count":43,"tested":847},{"age_group":"80+","count":46,"tested":2107}],"race":[{"description":"Hispanic","count":18,"tested":235,"color":"rgb(214,39,40)"},{"description":"Left Blank","count":86,"tested":3417,"color":"rgb(44,160,44)"},{"description":"Other","count":32,"tested":305,"color":"rgb(148,103,189)"},{"description":"White","count":462,"tested":9307,"color":"rgb(31,119,180)"}],"gender":[]}
