{"age":[{"age_group":"<20","count":88,"tested":884},{"age_group":"20-29   ","count":132,"tested":1759},{"age_group":"30-39   ","count":96,"tested":1824},{"age_group":"40-49   ","count":100,"tested":1615},{"age_group":"50-59   ","count":131,"tested":2271},{"age_group":"60-69   ","count":124,"tested":2286},{"age_group":"70-79   ","count":75,"tested":1310},{"age_group":"80+","count":29,"tested":603}],"race":[{"description":"Black","count":44,"tested":1290,"color":"rgb(255,127,14)"},{"description":"Hispanic","count":112,"tested":705,"color":"rgb(214,39,40)"},{"description":"Left Blank","count":189,"tested":2880,"color":"rgb(44,160,44)"},{"description":"Other","count":15,"tested":271,"color":"rgb(148,103,189)"},{"description":"White","count":412,"tested":7369,"color":"rgb(31,119,180)"}],"gender":[]}
