{"age":[{"age_group":"<20","count":171,"tested":1661},{"age_group":"20-29   ","count":115,"tested":1541},{"age_group":"30-39   ","count":112,"tested":1369},{"age_group":"40-49   ","count":93,"tested":1207},{"age_group":"50-59   ","count":88,"tested":1392},{"age_group":"60-69   ","count":94,"tested":1150},{"age_group":"70-79   ","count":38,"tested":1085},{"age_group":"80+","count":46,"tested":1273}],"race":[{"description":"Hispanic","count":100,"tested":666,"color":"rgb(214,39,40)"},{"description":"Left Blank","count":44,"tested":2057,"color":"rgb(44,160,44)"},{"description":"Other","count":23,"tested":211,"color":"rgb(148,103,189)"},{"description":"White","count":585,"tested":7620,"color":"rgb(31,119,180)"}],"gender":[]}
