{"age":[{"age_group":"<20","count":255,"tested":3306},{"age_group":"20-29   ","count":140,"tested":1872},{"age_group":"30-39   ","count":107,"tested":1444},{"age_group":"40-49   ","count":145,"tested":1779},{"age_group":"50-59   ","count":167,"tested":2195},{"age_group":"60-69   ","count":78,"tested":1593},{"age_group":"70-79   ","count":20,"tested":804},{"age_group":"80+","count":56,"tested":915}],"race":[{"description":"Asian","count":48,"tested":524,"color":"rgb(140,86,75)"},{"description":"Black","count":28,"tested":262,"color":"rgb(255,127,14)"},{"description":"Hispanic","count":41,"tested":282,"color":"rgb(214,39,40)"},{"description":"Left Blank","count":187,"tested":6896,"color":"rgb(44,160,44)"},{"description":"Other","count":19,"tested":457,"color":"rgb(148,103,189)"},{"description":"White","count":644,"tested":5483,"color":"rgb(31,119,180)"}],"gender":[]}
