{"age":[{"age_group":"<20","count":698,"tested":11176},{"age_group":"20-29   ","count":495,"tested":7920},{"age_group":"30-39   ","count":319,"tested":6151},{"age_group":"40-49   ","count":519,"tested":7265},{"age_group":"50-59   ","count":630,"tested":9584},{"age_group":"60-69   ","count":389,"tested":7862},{"age_group":"70-79   ","count":216,"tested":4981},{"age_group":"80+","count":176,"tested":4666}],"race":[{"description":"AI/AN**","count":10,"tested":88,"color":"rgb(31,119,180)"},{"description":"Asian","count":182,"tested":3426,"color":"rgb(140,86,75)"},{"description":"Black","count":25,"tested":526,"color":"rgb(255,127,14)"},{"description":"Hispanic","count":130,"tested":1868,"color":"rgb(214,39,40)"},{"description":"Left Blank","count":1100,"tested":24364,"color":"rgb(44,160,44)"},{"description":"Other","count":130,"tested":1327,"color":"rgb(148,103,189)"},{"description":"White","count":1863,"tested":27952,"color":"rgb(31,119,180)"}],"gender":[]}
