{"age":[{"age_group":"<20","count":170,"tested":1905},{"age_group":"20-29   ","count":108,"tested":2371},{"age_group":"30-39   ","count":81,"tested":1707},{"age_group":"40-49   ","count":93,"tested":2447},{"age_group":"50-59   ","count":122,"tested":2225},{"age_group":"60-69   ","count":132,"tested":2642},{"age_group":"70-79   ","count":147,"tested":3083},{"age_group":"80+","count":138,"tested":3038}],"race":[{"description":"Asian","count":140,"tested":1735,"color":"rgb(140,86,75)"},{"description":"Black","count":15,"tested":246,"color":"rgb(255,127,14)"},{"description":"Hispanic","count":54,"tested":335,"color":"rgb(214,39,40)"},{"description":"Left Blank","count":191,"tested":10209,"color":"rgb(44,160,44)"},{"description":"Other","count":52,"tested":834,"color":"rgb(148,103,189)"},{"description":"White","count":538,"tested":5990,"color":"rgb(31,119,180)"}],"gender":[]}
