{"age":[{"age_group":"<20","count":54,"tested":751},{"age_group":"20-29   ","count":60,"tested":1089},{"age_group":"30-39   ","count":59,"tested":976},{"age_group":"40-49   ","count":49,"tested":1118},{"age_group":"50-59   ","count":54,"tested":1241},{"age_group":"60-69   ","count":29,"tested":1143},{"age_group":"70-79   ","count":36,"tested":790},{"age_group":"80+","count":40,"tested":2688}],"race":[{"description":"Hispanic","count":11,"tested":162,"color":"rgb(214,39,40)"},{"description":"Left Blank","count":109,"tested":2219,"color":"rgb(44,160,44)"},{"description":"Other","count":7,"tested":50,"color":"rgb(148,103,189)"},{"description":"White","count":254,"tested":7236,"color":"rgb(31,119,180)"}],"gender":[]}
