{"age":[{"age_group":"<20","count":131,"tested":2315},{"age_group":"20-29   ","count":725,"tested":13246},{"age_group":"30-39   ","count":667,"tested":14783},{"age_group":"40-49   ","count":212,"tested":3991},{"age_group":"50-59   ","count":152,"tested":2390},{"age_group":"60-69   ","count":107,"tested":1578},{"age_group":"70-79   ","count":61,"tested":900},{"age_group":"80+","count":47,"tested":389}],"race":[{"description":"Asian","count":37,"tested":1549,"color":"rgb(140,86,75)"},{"description":"Black","count":173,"tested":2195,"color":"rgb(255,127,14)"},{"description":"Hispanic","count":391,"tested":3265,"color":"rgb(214,39,40)"},{"description":"Left Blank","count":635,"tested":16945,"color":"rgb(44,160,44)"},{"description":"Other","count":117,"tested":2173,"color":"rgb(148,103,189)"},{"description":"White","count":744,"tested":13416,"color":"rgb(31,119,180)"}],"gender":[]}
