{"lastUpdatedDate":{"year":2021,"month":7,"day":30},"county_demographics":[{"County":"Jo Daviess","confirmed_cases":1840,"total_tested":23414,"demographics":{"age":[{"race":[],"age_group":"<20","count":312,"tested":3152,"deaths":0},{"race":[],"age_group":"20-29   ","count":246,"tested":2840,"deaths":0},{"race":[],"age_group":"30-39   ","count":210,"tested":2682,"deaths":0},{"race":[],"age_group":"40-49   ","count":236,"tested":2512,"deaths":0},{"race":[],"age_group":"50-59   ","count":305,"tested":3497,"deaths":0},{"race":[],"age_group":"60-69   ","count":257,"tested":3755,"deaths":0},{"race":[],"age_group":"70-79   ","count":157,"tested":2273,"deaths":0},{"race":[],"age_group":"80+","count":114,"tested":2698,"deaths":0},{"race":[],"age_group":"Unknown","count":0,"tested":0,"deaths":0}],"race":[{"description":"AI/AN**","count":0,"tested":17,"deaths":0,"color":"rgb(31,119,180)"},{"description":"Asian","count":0,"tested":45,"deaths":0,"color":"rgb(140,86,75)"},{"description":"Black","count":0,"tested":156,"deaths":0,"color":"rgb(255,127,14)"},{"description":"Hispanic","count":48,"tested":323,"deaths":0,"color":"rgb(214,39,40)"},{"description":"Left Blank","count":550,"tested":9554,"deaths":0,"color":"rgb(44,160,44)"},{"description":"NH/PI*","count":0,"tested":0,"deaths":0,"color":"rgb(127,127,127)"},{"description":"Other","count":12,"tested":203,"deaths":0,"color":"rgb(148,103,189)"},{"description":"White","count":1216,"tested":13112,"deaths":0,"color":"rgb(31,119,180)"}],"gender":[{"description":"Female","count":951,"tested":14756,"deaths":0,"color":"rgb(255,127,14)"},{"description":"Male","count":860,"tested":8127,"deaths":0,"color":"rgb(31,119,180)"},{"description":"Unknown/Left Blank","count":29,"tested":531,"deaths":0,"color":"rgb(44,160,44)"}]}}]}
