{"lastUpdatedDate":{"year":2021,"month":7,"day":30},"county_demographics":[{"County":"Perry","confirmed_cases":3302,"total_tested":65795,"demographics":{"age":[{"race":[],"age_group":"<20","count":347,"tested":3370,"deaths":0},{"race":[],"age_group":"20-29   ","count":642,"tested":15660,"deaths":0},{"race":[],"age_group":"30-39   ","count":629,"tested":14453,"deaths":0},{"race":[],"age_group":"40-49   ","count":483,"tested":10801,"deaths":0},{"race":[],"age_group":"50-59   ","count":451,"tested":8671,"deaths":0},{"race":[],"age_group":"60-69   ","count":335,"tested":4925,"deaths":0},{"race":[],"age_group":"70-79   ","count":211,"tested":3018,"deaths":0},{"race":[],"age_group":"80+","count":189,"tested":3222,"deaths":0},{"race":[],"age_group":"Unknown","count":6,"tested":1675,"deaths":0}],"race":[{"description":"AI/AN**","count":0,"tested":0,"deaths":0,"color":"rgb(31,119,180)"},{"description":"Asian","count":11,"tested":42,"deaths":0,"color":"rgb(140,86,75)"},{"description":"Black","count":234,"tested":551,"deaths":0,"color":"rgb(255,127,14)"},{"description":"Hispanic","count":53,"tested":158,"deaths":0,"color":"rgb(214,39,40)"},{"description":"Left Blank","count":992,"tested":48780,"deaths":0,"color":"rgb(44,160,44)"},{"description":"NH/PI*","count":0,"tested":9,"deaths":0,"color":"rgb(127,127,127)"},{"description":"Other","count":23,"tested":225,"deaths":0,"color":"rgb(148,103,189)"},{"description":"White","count":1983,"tested":16025,"deaths":0,"color":"rgb(31,119,180)"}],"gender":[{"description":"Female","count":1329,"tested":19192,"deaths":0,"color":"rgb(255,127,14)"},{"description":"Male","count":1621,"tested":28270,"deaths":0,"color":"rgb(31,119,180)"},{"description":"Unknown/Left Blank","count":352,"tested":18333,"deaths":0,"color":"rgb(44,160,44)"}]}}]}
