{"lastUpdatedDate":{"year":2021,"month":7,"day":30},"county_demographics":[{"County":"Jasper","confirmed_cases":1170,"total_tested":14240,"demographics":{"age":[{"race":[],"age_group":"<20","count":173,"tested":2188,"deaths":0},{"race":[],"age_group":"20-29   ","count":123,"tested":1706,"deaths":0},{"race":[],"age_group":"30-39   ","count":147,"tested":1781,"deaths":0},{"race":[],"age_group":"40-49   ","count":160,"tested":2160,"deaths":0},{"race":[],"age_group":"50-59   ","count":181,"tested":2008,"deaths":0},{"race":[],"age_group":"60-69   ","count":183,"tested":1624,"deaths":0},{"race":[],"age_group":"70-79   ","count":105,"tested":1110,"deaths":0},{"race":[],"age_group":"80+","count":98,"tested":1659,"deaths":0},{"race":[],"age_group":"Unknown","count":0,"tested":0,"deaths":0}],"race":[{"description":"AI/AN**","count":0,"tested":0,"deaths":0,"color":"rgb(31,119,180)"},{"description":"Asian","count":0,"tested":33,"deaths":0,"color":"rgb(140,86,75)"},{"description":"Black","count":0,"tested":30,"deaths":0,"color":"rgb(255,127,14)"},{"description":"Hispanic","count":0,"tested":113,"deaths":0,"color":"rgb(214,39,40)"},{"description":"Left Blank","count":302,"tested":3317,"deaths":0,"color":"rgb(44,160,44)"},{"description":"Other","count":0,"tested":297,"deaths":0,"color":"rgb(148,103,189)"},{"description":"White","count":852,"tested":10449,"deaths":0,"color":"rgb(31,119,180)"}],"gender":[{"description":"Female","count":623,"tested":8668,"deaths":0,"color":"rgb(255,127,14)"},{"description":"Male","count":532,"tested":4889,"deaths":0,"color":"rgb(31,119,180)"},{"description":"Unknown/Left Blank","count":15,"tested":683,"deaths":0,"color":"rgb(44,160,44)"}]}}]}
