{"lastUpdatedDate":{"year":2021,"month":7,"day":30},"county_demographics":[{"County":"Fayette","confirmed_cases":3274,"total_tested":39329,"demographics":{"age":[{"race":[],"age_group":"<20","count":423,"tested":3685,"deaths":0},{"race":[],"age_group":"20-29   ","count":484,"tested":6033,"deaths":0},{"race":[],"age_group":"30-39   ","count":493,"tested":7341,"deaths":0},{"race":[],"age_group":"40-49   ","count":511,"tested":7319,"deaths":0},{"race":[],"age_group":"50-59   ","count":510,"tested":5870,"deaths":0},{"race":[],"age_group":"60-69   ","count":430,"tested":4249,"deaths":0},{"race":[],"age_group":"70-79   ","count":266,"tested":2387,"deaths":0},{"race":[],"age_group":"80+","count":153,"tested":1969,"deaths":0},{"race":[],"age_group":"Unknown","count":0,"tested":476,"deaths":0}],"race":[{"description":"AI/AN**","count":0,"tested":0,"deaths":0,"color":"rgb(31,119,180)"},{"description":"Asian","count":6,"tested":16,"deaths":0,"color":"rgb(140,86,75)"},{"description":"Black","count":169,"tested":425,"deaths":0,"color":"rgb(255,127,14)"},{"description":"Hispanic","count":43,"tested":121,"deaths":0,"color":"rgb(214,39,40)"},{"description":"Left Blank","count":899,"tested":24772,"deaths":0,"color":"rgb(44,160,44)"},{"description":"NH/PI*","count":0,"tested":12,"deaths":0,"color":"rgb(127,127,127)"},{"description":"Other","count":69,"tested":1260,"deaths":0,"color":"rgb(148,103,189)"},{"description":"White","count":2078,"tested":12718,"deaths":0,"color":"rgb(31,119,180)"}],"gender":[{"description":"Female","count":1530,"tested":19140,"deaths":0,"color":"rgb(255,127,14)"},{"description":"Male","count":1716,"tested":14881,"deaths":0,"color":"rgb(31,119,180)"},{"description":"Unknown/Left Blank","count":28,"tested":5308,"deaths":0,"color":"rgb(44,160,44)"}]}}]}
