{"lastUpdatedDate":{"year":2021,"month":7,"day":30},"county_demographics":[{"County":"Grundy","confirmed_cases":6074,"total_tested":73009,"demographics":{"age":[{"race":[],"age_group":"<20","count":1092,"tested":12486,"deaths":0},{"race":[],"age_group":"20-29   ","count":1021,"tested":11455,"deaths":0},{"race":[],"age_group":"30-39   ","count":998,"tested":10200,"deaths":0},{"race":[],"age_group":"40-49   ","count":1010,"tested":10436,"deaths":0},{"race":[],"age_group":"50-59   ","count":903,"tested":10331,"deaths":0},{"race":[],"age_group":"60-69   ","count":565,"tested":7433,"deaths":0},{"race":[],"age_group":"70-79   ","count":299,"tested":5028,"deaths":0},{"race":[],"age_group":"80+","count":184,"tested":5504,"deaths":0},{"race":[],"age_group":"Unknown","count":0,"tested":136,"deaths":0}],"race":[{"description":"AI/AN**","count":0,"tested":55,"deaths":0,"color":"rgb(31,119,180)"},{"description":"Asian","count":22,"tested":336,"deaths":0,"color":"rgb(140,86,75)"},{"description":"Black","count":56,"tested":993,"deaths":0,"color":"rgb(255,127,14)"},{"description":"Hispanic","count":403,"tested":2770,"deaths":0,"color":"rgb(214,39,40)"},{"description":"Left Blank","count":1412,"tested":20203,"deaths":0,"color":"rgb(44,160,44)"},{"description":"NH/PI*","count":0,"tested":23,"deaths":0,"color":"rgb(127,127,127)"},{"description":"Other","count":452,"tested":3800,"deaths":0,"color":"rgb(148,103,189)"},{"description":"White","count":3717,"tested":44829,"deaths":0,"color":"rgb(31,119,180)"}],"gender":[{"description":"Female","count":3095,"tested":42118,"deaths":0,"color":"rgb(255,127,14)"},{"description":"Male","count":2950,"tested":29087,"deaths":0,"color":"rgb(31,119,180)"},{"description":"Unknown/Left Blank","count":25,"tested":1804,"deaths":0,"color":"rgb(44,160,44)"}]}}]}
