{"lastUpdatedDate":{"year":2021,"month":7,"day":30},"county_demographics":[{"County":"Cass","confirmed_cases":2115,"total_tested":24210,"demographics":{"age":[{"race":[],"age_group":"<20","count":407,"tested":4341,"deaths":0},{"race":[],"age_group":"20-29   ","count":356,"tested":3636,"deaths":0},{"race":[],"age_group":"30-39   ","count":342,"tested":3544,"deaths":0},{"race":[],"age_group":"40-49   ","count":301,"tested":3822,"deaths":0},{"race":[],"age_group":"50-59   ","count":274,"tested":3568,"deaths":0},{"race":[],"age_group":"60-69   ","count":211,"tested":2286,"deaths":0},{"race":[],"age_group":"70-79   ","count":122,"tested":1602,"deaths":0},{"race":[],"age_group":"80+","count":102,"tested":1408,"deaths":0},{"race":[],"age_group":"Unknown","count":0,"tested":0,"deaths":0}],"race":[{"description":"AI/AN**","count":0,"tested":22,"deaths":0,"color":"rgb(31,119,180)"},{"description":"Asian","count":14,"tested":79,"deaths":0,"color":"rgb(140,86,75)"},{"description":"Black","count":62,"tested":761,"deaths":0,"color":"rgb(255,127,14)"},{"description":"Hispanic","count":739,"tested":3338,"deaths":0,"color":"rgb(214,39,40)"},{"description":"Left Blank","count":52,"tested":6457,"deaths":0,"color":"rgb(44,160,44)"},{"description":"NH/PI*","count":0,"tested":21,"deaths":0,"color":"rgb(127,127,127)"},{"description":"Other","count":6,"tested":1391,"deaths":0,"color":"rgb(148,103,189)"},{"description":"White","count":1233,"tested":12141,"deaths":0,"color":"rgb(31,119,180)"}],"gender":[{"description":"Female","count":1139,"tested":13857,"deaths":0,"color":"rgb(255,127,14)"},{"description":"Male","count":969,"tested":9316,"deaths":0,"color":"rgb(31,119,180)"},{"description":"Unknown/Left Blank","count":0,"tested":1037,"deaths":0,"color":"rgb(44,160,44)"}]}}]}
