{"age":[{"age_group":"<20","count":328,"tested":4832},{"age_group":"20-29   ","count":1211,"tested":22467},{"age_group":"30-39   ","count":1202,"tested":25583},{"age_group":"40-49   ","count":508,"tested":8340},{"age_group":"50-59   ","count":367,"tested":5176},{"age_group":"60-69   ","count":247,"tested":3311},{"age_group":"70-79   ","count":149,"tested":1799},{"age_group":"80+","count":135,"tested":1232}],"race":[{"description":"Asian","count":61,"tested":1917,"color":"rgb(140,86,75)"},{"description":"Left Blank","count":1400,"tested":34211,"color":"rgb(44,160,44)"},{"description":"White","count":1279,"tested":24289,"color":"rgb(31,119,180)"},{"description":"Hispanic","count":1002,"tested":6585,"color":"rgb(214,39,40)"},{"description":"Other","count":176,"tested":3097,"color":"rgb(148,103,189)"},{"description":"Black","count":225,"tested":2564,"color":"rgb(255,127,14)"}],"gender":[{"description":"Female","count":2063,"tested":39129,"color":"rgb(255,127,14)"},{"description":"Unknown/Left Blank","count":106,"tested":1458,"color":"rgb(44,160,44)"},{"description":"Male","count":1980,"tested":32176,"color":"rgb(31,119,180)"}]}
