{"age":[{"age_group":"<20","count":39,"tested":311},{"age_group":"20-29   ","count":31,"tested":341},{"age_group":"30-39   ","count":39,"tested":300},{"age_group":"40-49   ","count":31,"tested":269},{"age_group":"50-59   ","count":57,"tested":303},{"age_group":"60-69   ","count":25,"tested":245},{"age_group":"70-79   ","count":14,"tested":90},{"age_group":"80+","count":11,"tested":67}],"race":[{"description":"Left Blank","count":112,"tested":806,"color":"rgb(44,160,44)"},{"description":"White","count":130,"tested":1070,"color":"rgb(31,119,180)"}],"gender":[{"description":"Female","count":136,"tested":1130,"color":"rgb(255,127,14)"},{"description":"Male","count":111,"tested":765,"color":"rgb(31,119,180)"}]}
