{"age":[{"age_group":"<20","count":734,"tested":5372},{"age_group":"20-29   ","count":875,"tested":9094},{"age_group":"30-39   ","count":805,"tested":8566},{"age_group":"40-49   ","count":773,"tested":7851},{"age_group":"50-59   ","count":696,"tested":9045},{"age_group":"60-69   ","count":398,"tested":6333},{"age_group":"70-79   ","count":240,"tested":4438},{"age_group":"80+","count":169,"tested":3568}],"race":[{"description":"AI/AN**","count":7,"tested":40,"color":"rgb(31,119,180)"},{"description":"NH/PI*","count":6,"tested":42,"color":"rgb(127,127,127)"},{"description":"Asian","count":206,"tested":2319,"color":"rgb(140,86,75)"},{"description":"Other","count":211,"tested":1861,"color":"rgb(148,103,189)"},{"description":"Left Blank","count":1399,"tested":28202,"color":"rgb(44,160,44)"},{"description":"White","count":898,"tested":10005,"color":"rgb(31,119,180)"},{"description":"Black","count":626,"tested":5956,"color":"rgb(255,127,14)"},{"description":"Hispanic","count":1337,"tested":5864,"color":"rgb(214,39,40)"}],"gender":[{"description":"Male","count":2194,"tested":21191,"color":"rgb(31,119,180)"},{"description":"Unknown/Left Blank","count":24,"tested":724,"color":"rgb(44,160,44)"},{"description":"Female","count":2472,"tested":32374,"color":"rgb(255,127,14)"}]}
