{"age":[{"age_group":"<20","count":490,"tested":3650},{"age_group":"20-29   ","count":445,"tested":3712},{"age_group":"30-39   ","count":313,"tested":2932},{"age_group":"40-49   ","count":465,"tested":3414},{"age_group":"50-59   ","count":632,"tested":4577},{"age_group":"60-69   ","count":334,"tested":3155},{"age_group":"70-79   ","count":146,"tested":1747},{"age_group":"80+","count":56,"tested":704}],"race":[{"description":"Black","count":122,"tested":1142,"color":"rgb(255,127,14)"},{"description":"Asian","count":34,"tested":258,"color":"rgb(140,86,75)"},{"description":"Other","count":92,"tested":775,"color":"rgb(148,103,189)"},{"description":"Left Blank","count":1147,"tested":11015,"color":"rgb(44,160,44)"},{"description":"White","count":1384,"tested":10187,"color":"rgb(31,119,180)"},{"description":"Hispanic","count":99,"tested":492,"color":"rgb(214,39,40)"}],"gender":[{"description":"Female","count":1470,"tested":12704,"color":"rgb(255,127,14)"},{"description":"Male","count":1396,"tested":10937,"color":"rgb(31,119,180)"},{"description":"Unknown/Left Blank","count":15,"tested":252,"color":"rgb(44,160,44)"}]}
