{"age":[{"age_group":"<20","count":29,"tested":296},{"age_group":"20-29   ","count":157,"tested":2727},{"age_group":"30-39   ","count":139,"tested":2872},{"age_group":"40-49   ","count":107,"tested":1743},{"age_group":"50-59   ","count":94,"tested":1096},{"age_group":"60-69   ","count":42,"tested":509},{"age_group":"70-79   ","count":15,"tested":193},{"age_group":"80+","count":6,"tested":92}],"race":[{"description":"Left Blank","count":311,"tested":9467,"color":"rgb(44,160,44)"},{"description":"White","count":206,"tested":1339,"color":"rgb(31,119,180)"},{"description":"Other","count":22,"tested":104,"color":"rgb(148,103,189)"},{"description":"Hispanic","count":8,"tested":45,"color":"rgb(214,39,40)"},{"description":"Black","count":40,"tested":51,"color":"rgb(255,127,14)"}],"gender":[{"description":"Female","count":143,"tested":1216,"color":"rgb(255,127,14)"},{"description":"Male","count":325,"tested":1458,"color":"rgb(31,119,180)"},{"description":"Unknown/Left Blank","count":121,"tested":8348,"color":"rgb(44,160,44)"}]}
