{"age":[{"age_group":"<20","count":279,"tested":2963},{"age_group":"20-29   ","count":400,"tested":3510},{"age_group":"30-39   ","count":303,"tested":2918},{"age_group":"40-49   ","count":326,"tested":2809},{"age_group":"50-59   ","count":347,"tested":3242},{"age_group":"60-69   ","count":209,"tested":2280},{"age_group":"70-79   ","count":132,"tested":1344},{"age_group":"80+","count":59,"tested":920}],"race":[{"description":"Black","count":66,"tested":426,"color":"rgb(255,127,14)"},{"description":"Asian","count":32,"tested":269,"color":"rgb(140,86,75)"},{"description":"Other","count":32,"tested":244,"color":"rgb(148,103,189)"},{"description":"Hispanic","count":148,"tested":782,"color":"rgb(214,39,40)"},{"description":"Left Blank","count":480,"tested":8096,"color":"rgb(44,160,44)"},{"description":"White","count":1292,"tested":10155,"color":"rgb(31,119,180)"}],"gender":[{"description":"Female","count":1103,"tested":11692,"color":"rgb(255,127,14)"},{"description":"Male","count":946,"tested":8077,"color":"rgb(31,119,180)"}]}
