{"age":[{"age_group":"<20","count":204,"tested":1554},{"age_group":"20-29   ","count":338,"tested":2637},{"age_group":"30-39   ","count":276,"tested":2289},{"age_group":"40-49   ","count":260,"tested":2103},{"age_group":"50-59   ","count":340,"tested":3012},{"age_group":"60-69   ","count":216,"tested":2119},{"age_group":"70-79   ","count":93,"tested":1227},{"age_group":"80+","count":33,"tested":730}],"race":[{"description":"Hispanic","count":159,"tested":685,"color":"rgb(214,39,40)"},{"description":"Left Blank","count":598,"tested":5981,"color":"rgb(44,160,44)"},{"description":"Other","count":44,"tested":230,"color":"rgb(148,103,189)"},{"description":"Asian","count":11,"tested":116,"color":"rgb(140,86,75)"},{"description":"White","count":934,"tested":8522,"color":"rgb(31,119,180)"},{"description":"Black","count":9,"tested":104,"color":"rgb(255,127,14)"}],"gender":[{"description":"Unknown/Left Blank","count":11,"tested":76,"color":"rgb(44,160,44)"},{"description":"Female","count":890,"tested":8977,"color":"rgb(255,127,14)"},{"description":"Male","count":859,"tested":6620,"color":"rgb(31,119,180)"}]}
