{"age":[{"age_group":"<20","count":2064,"tested":11928},{"age_group":"20-29   ","count":2525,"tested":18008},{"age_group":"30-39   ","count":2384,"tested":15478},{"age_group":"40-49   ","count":2271,"tested":13353},{"age_group":"50-59   ","count":1849,"tested":11809},{"age_group":"60-69   ","count":1044,"tested":8095},{"age_group":"70-79   ","count":496,"tested":3686},{"age_group":"80+","count":169,"tested":1406}],"race":[{"description":"AI/AN**","count":9,"tested":65,"color":"rgb(31,119,180)"},{"description":"NH/PI*","count":7,"tested":74,"color":"rgb(127,127,127)"},{"description":"White","count":700,"tested":6364,"color":"rgb(31,119,180)"},{"description":"Left Blank","count":2199,"tested":24969,"color":"rgb(44,160,44)"},{"description":"Asian","count":62,"tested":628,"color":"rgb(140,86,75)"},{"description":"Other","count":440,"tested":3819,"color":"rgb(148,103,189)"},{"description":"Black","count":670,"tested":5825,"color":"rgb(255,127,14)"},{"description":"Hispanic","count":8715,"tested":42094,"color":"rgb(214,39,40)"}],"gender":[{"description":"Unknown/Left Blank","count":76,"tested":851,"color":"rgb(44,160,44)"},{"description":"Male","count":6228,"tested":37694,"color":"rgb(31,119,180)"},{"description":"Female","count":6498,"tested":45293,"color":"rgb(255,127,14)"}]}
