{"age":[{"age_group":"<20","count":648,"tested":4158},{"age_group":"20-29   ","count":710,"tested":6218},{"age_group":"30-39   ","count":652,"tested":5192},{"age_group":"40-49   ","count":630,"tested":5238},{"age_group":"50-59   ","count":586,"tested":6368},{"age_group":"60-69   ","count":376,"tested":5321},{"age_group":"70-79   ","count":173,"tested":2395},{"age_group":"80+","count":102,"tested":1628}],"race":[{"description":"Black","count":42,"tested":480,"color":"rgb(255,127,14)"},{"description":"Asian","count":141,"tested":904,"color":"rgb(140,86,75)"},{"description":"Hispanic","count":1765,"tested":5666,"color":"rgb(214,39,40)"},{"description":"White","count":957,"tested":7661,"color":"rgb(31,119,180)"},{"description":"Left Blank","count":882,"tested":20924,"color":"rgb(44,160,44)"},{"description":"Other","count":84,"tested":845,"color":"rgb(148,103,189)"}],"gender":[{"description":"Female","count":1934,"tested":20119,"color":"rgb(255,127,14)"},{"description":"Male","count":1930,"tested":15835,"color":"rgb(31,119,180)"},{"description":"Unknown/Left Blank","count":13,"tested":568,"color":"rgb(44,160,44)"}]}
