{"age":[{"age_group":"<20","count":38,"tested":413},{"age_group":"20-29   ","count":48,"tested":455},{"age_group":"30-39   ","count":43,"tested":510},{"age_group":"40-49   ","count":34,"tested":384},{"age_group":"50-59   ","count":56,"tested":575},{"age_group":"60-69   ","count":44,"tested":448},{"age_group":"70-79   ","count":8,"tested":268}],"race":[{"description":"Hispanic","count":23,"tested":113,"color":"rgb(214,39,40)"},{"description":"White","count":136,"tested":2027,"color":"rgb(31,119,180)"},{"description":"Left Blank","count":107,"tested":1306,"color":"rgb(44,160,44)"}],"gender":[{"description":"Male","count":124,"tested":1490,"color":"rgb(31,119,180)"},{"description":"Female","count":145,"tested":2012,"color":"rgb(255,127,14)"}]}
