{"age":[{"age_group":"<20","count":325,"tested":2238},{"age_group":"20-29   ","count":433,"tested":3401},{"age_group":"30-39   ","count":264,"tested":2510},{"age_group":"40-49   ","count":359,"tested":2985},{"age_group":"50-59   ","count":403,"tested":3321},{"age_group":"60-69   ","count":272,"tested":2419},{"age_group":"70-79   ","count":112,"tested":1113},{"age_group":"80+","count":41,"tested":454}],"race":[{"description":"Asian","count":45,"tested":499,"color":"rgb(140,86,75)"},{"description":"Other","count":87,"tested":645,"color":"rgb(148,103,189)"},{"description":"Left Blank","count":969,"tested":9219,"color":"rgb(44,160,44)"},{"description":"White","count":941,"tested":6913,"color":"rgb(31,119,180)"},{"description":"Black","count":53,"tested":579,"color":"rgb(255,127,14)"},{"description":"Hispanic","count":112,"tested":552,"color":"rgb(214,39,40)"}],"gender":[{"description":"Unknown/Left Blank","count":27,"tested":194,"color":"rgb(44,160,44)"},{"description":"Male","count":1026,"tested":7928,"color":"rgb(31,119,180)"},{"description":"Female","count":1156,"tested":10320,"color":"rgb(255,127,14)"}]}
