{"age":[{"age_group":"<20","count":16,"tested":163},{"age_group":"20-29   ","count":22,"tested":226},{"age_group":"30-39   ","count":16,"tested":145},{"age_group":"40-49   ","count":18,"tested":156},{"age_group":"50-59   ","count":12,"tested":177},{"age_group":"60-69   ","count":14,"tested":155},{"age_group":"70-79   ","count":10,"tested":77}],"race":[{"description":"White","count":81,"tested":755,"color":"rgb(31,119,180)"},{"description":"Left Blank","count":24,"tested":319,"color":"rgb(44,160,44)"}],"gender":[{"description":"Male","count":56,"tested":486,"color":"rgb(31,119,180)"},{"description":"Female","count":55,"tested":629,"color":"rgb(255,127,14)"}]}
