{"age":[{"age_group":"<20","count":47,"tested":453},{"age_group":"20-29   ","count":50,"tested":612},{"age_group":"30-39   ","count":36,"tested":502},{"age_group":"40-49   ","count":49,"tested":568},{"age_group":"50-59   ","count":25,"tested":521},{"age_group":"60-69   ","count":26,"tested":508},{"age_group":"70-79   ","count":17,"tested":210}],"race":[{"description":"Other","count":6,"tested":41,"color":"rgb(148,103,189)"},{"description":"White","count":177,"tested":2455,"color":"rgb(31,119,180)"},{"description":"Left Blank","count":69,"tested":941,"color":"rgb(44,160,44)"}],"gender":[{"description":"Female","count":140,"tested":2534,"color":"rgb(255,127,14)"},{"description":"Male","count":117,"tested":901,"color":"rgb(31,119,180)"}]}
