{"age":[{"age_group":"<20","count":149,"tested":1305},{"age_group":"20-29   ","count":124,"tested":1066},{"age_group":"30-39   ","count":113,"tested":1320},{"age_group":"40-49   ","count":129,"tested":1125},{"age_group":"50-59   ","count":126,"tested":1326},{"age_group":"60-69   ","count":83,"tested":791},{"age_group":"70-79   ","count":61,"tested":825},{"age_group":"80+","count":59,"tested":950}],"race":[{"description":"White","count":434,"tested":2884,"color":"rgb(31,119,180)"},{"description":"Left Blank","count":377,"tested":5561,"color":"rgb(44,160,44)"},{"description":"Hispanic","count":26,"tested":117,"color":"rgb(214,39,40)"}],"gender":[{"description":"Female","count":446,"tested":3990,"color":"rgb(255,127,14)"},{"description":"Male","count":371,"tested":2527,"color":"rgb(31,119,180)"},{"description":"Unknown/Left Blank","count":35,"tested":2199,"color":"rgb(44,160,44)"}]}
