{"age":[{"age_group":"<20","count":279,"tested":2154},{"age_group":"20-29   ","count":441,"tested":3716},{"age_group":"30-39   ","count":515,"tested":4364},{"age_group":"40-49   ","count":412,"tested":3706},{"age_group":"50-59   ","count":394,"tested":3788},{"age_group":"60-69   ","count":276,"tested":2989},{"age_group":"70-79   ","count":106,"tested":1348},{"age_group":"80+","count":73,"tested":1083}],"race":[{"description":"Black","count":35,"tested":280,"color":"rgb(255,127,14)"},{"description":"Hispanic","count":332,"tested":2342,"color":"rgb(214,39,40)"},{"description":"Asian","count":144,"tested":1104,"color":"rgb(140,86,75)"},{"description":"White","count":1302,"tested":10085,"color":"rgb(31,119,180)"},{"description":"Other","count":165,"tested":1055,"color":"rgb(148,103,189)"},{"description":"Left Blank","count":510,"tested":8209,"color":"rgb(44,160,44)"}],"gender":[{"description":"Female","count":1208,"tested":12115,"color":"rgb(255,127,14)"},{"description":"Male","count":1267,"tested":10605,"color":"rgb(31,119,180)"},{"description":"Unknown/Left Blank","count":21,"tested":429,"color":"rgb(44,160,44)"}]}
