{"age":[{"age_group":"<20","count":92,"tested":743},{"age_group":"20-29   ","count":117,"tested":1229},{"age_group":"30-39   ","count":115,"tested":1211},{"age_group":"40-49   ","count":98,"tested":1134},{"age_group":"50-59   ","count":125,"tested":1373},{"age_group":"60-69   ","count":84,"tested":1098},{"age_group":"70-79   ","count":37,"tested":783},{"age_group":"80+","count":26,"tested":673}],"race":[{"description":"Left Blank","count":250,"tested":3613,"color":"rgb(44,160,44)"},{"description":"Other","count":27,"tested":174,"color":"rgb(148,103,189)"},{"description":"White","count":294,"tested":3705,"color":"rgb(31,119,180)"},{"description":"Hispanic","count":97,"tested":483,"color":"rgb(214,39,40)"},{"description":"Black","count":18,"tested":136,"color":"rgb(255,127,14)"},{"description":"Asian","count":7,"tested":98,"color":"rgb(140,86,75)"}],"gender":[{"description":"Female","count":353,"tested":4965,"color":"rgb(255,127,14)"},{"description":"Male","count":337,"tested":3223,"color":"rgb(31,119,180)"}]}
