{"age":[{"age_group":"<20","count":24,"tested":253},{"age_group":"20-29   ","count":37,"tested":308},{"age_group":"30-39   ","count":24,"tested":248},{"age_group":"40-49   ","count":40,"tested":298},{"age_group":"50-59   ","count":48,"tested":440},{"age_group":"60-69   ","count":23,"tested":318},{"age_group":"70-79   ","count":19,"tested":242},{"age_group":"80+","count":12,"tested":121}],"race":[{"description":"Hispanic","count":11,"tested":63,"color":"rgb(214,39,40)"},{"description":"Left Blank","count":62,"tested":502,"color":"rgb(44,160,44)"},{"description":"White","count":147,"tested":1600,"color":"rgb(31,119,180)"},{"description":"Other","count":6,"tested":52,"color":"rgb(148,103,189)"}],"gender":[{"description":"Female","count":123,"tested":1276,"color":"rgb(255,127,14)"},{"description":"Male","count":102,"tested":907,"color":"rgb(31,119,180)"}]}
