{"lastUpdatedDate":{"year":2021,"month":4,"day":26},"county_demographics":[{"County":"Knox","confirmed_cases":5403,"total_tested":107584,"demographics":{"age":[{"race":[],"age_group":"<20","count":690,"tested":11321,"deaths":0},{"race":[],"age_group":"20-29   ","count":825,"tested":21519,"deaths":0},{"race":[],"age_group":"30-39   ","count":792,"tested":17735,"deaths":0},{"race":[],"age_group":"40-49   ","count":797,"tested":16430,"deaths":0},{"race":[],"age_group":"50-59   ","count":788,"tested":14837,"deaths":0},{"race":[],"age_group":"60-69   ","count":675,"tested":10551,"deaths":0},{"race":[],"age_group":"70-79   ","count":446,"tested":6072,"deaths":0},{"race":[],"age_group":"80+","count":387,"tested":6089,"deaths":0},{"race":[],"age_group":"Unknown","count":0,"tested":3030,"deaths":0}],"race":[{"description":"AI/AN**","count":0,"tested":53,"deaths":0,"color":"rgb(31,119,180)"},{"description":"Asian","count":18,"tested":906,"deaths":0,"color":"rgb(140,86,75)"},{"description":"Black","count":469,"tested":3207,"deaths":0,"color":"rgb(255,127,14)"},{"description":"Hispanic","count":237,"tested":1974,"deaths":0,"color":"rgb(214,39,40)"},{"description":"Left Blank","count":967,"tested":68793,"deaths":0,"color":"rgb(44,160,44)"},{"description":"NH/PI*","count":0,"tested":58,"deaths":0,"color":"rgb(127,127,127)"},{"description":"Other","count":62,"tested":1056,"deaths":0,"color":"rgb(148,103,189)"},{"description":"White","count":3643,"tested":31537,"deaths":0,"color":"rgb(31,119,180)"}],"gender":[{"description":"Female","count":2766,"tested":45733,"deaths":0,"color":"rgb(255,127,14)"},{"description":"Male","count":2441,"tested":42589,"deaths":0,"color":"rgb(31,119,180)"},{"description":"Unknown/Left Blank","count":196,"tested":19262,"deaths":0,"color":"rgb(44,160,44)"}]}}]}
