{"lastUpdatedDate":{"year":2021,"month":4,"day":26},"county_demographics":[{"County":"Pulaski","confirmed_cases":680,"total_tested":6398,"demographics":{"age":[{"race":[],"age_group":"<20","count":91,"tested":605,"deaths":0},{"race":[],"age_group":"20-29   ","count":121,"tested":1078,"deaths":0},{"race":[],"age_group":"30-39   ","count":114,"tested":1300,"deaths":0},{"race":[],"age_group":"40-49   ","count":123,"tested":1251,"deaths":0},{"race":[],"age_group":"50-59   ","count":79,"tested":1132,"deaths":0},{"race":[],"age_group":"60-69   ","count":84,"tested":645,"deaths":0},{"race":[],"age_group":"70-79   ","count":37,"tested":266,"deaths":0},{"race":[],"age_group":"80+","count":17,"tested":121,"deaths":0}],"race":[{"description":"AI/AN**","count":0,"tested":0,"deaths":0,"color":"rgb(31,119,180)"},{"description":"Asian","count":0,"tested":9,"deaths":0,"color":"rgb(140,86,75)"},{"description":"Black","count":107,"tested":1255,"deaths":0,"color":"rgb(255,127,14)"},{"description":"Hispanic","count":99,"tested":705,"deaths":0,"color":"rgb(214,39,40)"},{"description":"Left Blank","count":150,"tested":1918,"deaths":0,"color":"rgb(44,160,44)"},{"description":"NH/PI*","count":0,"tested":0,"deaths":0,"color":"rgb(127,127,127)"},{"description":"Other","count":0,"tested":106,"deaths":0,"color":"rgb(148,103,189)"},{"description":"White","count":320,"tested":2402,"deaths":0,"color":"rgb(31,119,180)"}],"gender":[{"description":"Female","count":309,"tested":3090,"deaths":0,"color":"rgb(255,127,14)"},{"description":"Male","count":341,"tested":2768,"deaths":0,"color":"rgb(31,119,180)"},{"description":"Unknown/Left Blank","count":30,"tested":540,"deaths":0,"color":"rgb(44,160,44)"}]}}]}
