{"lastUpdatedDate":{"year":2021,"month":4,"day":26},"county_demographics":[{"County":"Jackson","confirmed_cases":4896,"total_tested":78860,"demographics":{"age":[{"race":[],"age_group":"<20","count":929,"tested":11887,"deaths":0},{"race":[],"age_group":"20-29   ","count":1360,"tested":20154,"deaths":0},{"race":[],"age_group":"30-39   ","count":682,"tested":11639,"deaths":0},{"race":[],"age_group":"40-49   ","count":516,"tested":9757,"deaths":0},{"race":[],"age_group":"50-59   ","count":518,"tested":8896,"deaths":0},{"race":[],"age_group":"60-69   ","count":443,"tested":7135,"deaths":0},{"race":[],"age_group":"70-79   ","count":259,"tested":4897,"deaths":0},{"race":[],"age_group":"80+","count":189,"tested":4430,"deaths":0},{"race":[],"age_group":"Unknown","count":0,"tested":65,"deaths":0}],"race":[{"description":"AI/AN**","count":0,"tested":34,"deaths":0,"color":"rgb(31,119,180)"},{"description":"Asian","count":58,"tested":642,"deaths":0,"color":"rgb(140,86,75)"},{"description":"Black","count":810,"tested":9166,"deaths":0,"color":"rgb(255,127,14)"},{"description":"Hispanic","count":336,"tested":1669,"deaths":0,"color":"rgb(214,39,40)"},{"description":"Left Blank","count":177,"tested":24839,"deaths":0,"color":"rgb(44,160,44)"},{"description":"NH/PI*","count":0,"tested":11,"deaths":0,"color":"rgb(127,127,127)"},{"description":"Other","count":71,"tested":1515,"deaths":0,"color":"rgb(148,103,189)"},{"description":"White","count":3434,"tested":40984,"deaths":0,"color":"rgb(31,119,180)"}],"gender":[{"description":"Female","count":2528,"tested":39506,"deaths":0,"color":"rgb(255,127,14)"},{"description":"Male","count":2362,"tested":31022,"deaths":0,"color":"rgb(31,119,180)"},{"description":"Unknown/Left Blank","count":6,"tested":8332,"deaths":0,"color":"rgb(44,160,44)"}]}}]}
