{"lastUpdatedDate":{"year":2021,"month":4,"day":26},"county_demographics":[{"County":"Pike","confirmed_cases":1776,"total_tested":18804,"demographics":{"age":[{"race":[],"age_group":"<20","count":251,"tested":2378,"deaths":0},{"race":[],"age_group":"20-29   ","count":256,"tested":3127,"deaths":0},{"race":[],"age_group":"30-39   ","count":239,"tested":2800,"deaths":0},{"race":[],"age_group":"40-49   ","count":228,"tested":2497,"deaths":0},{"race":[],"age_group":"50-59   ","count":255,"tested":2813,"deaths":0},{"race":[],"age_group":"60-69   ","count":254,"tested":2133,"deaths":0},{"race":[],"age_group":"70-79   ","count":139,"tested":1270,"deaths":0},{"race":[],"age_group":"80+","count":146,"tested":1785,"deaths":0},{"race":[],"age_group":"Unknown","count":0,"tested":0,"deaths":0}],"race":[{"description":"AI/AN**","count":0,"tested":0,"deaths":0,"color":"rgb(31,119,180)"},{"description":"Asian","count":0,"tested":10,"deaths":0,"color":"rgb(140,86,75)"},{"description":"Black","count":6,"tested":24,"deaths":0,"color":"rgb(255,127,14)"},{"description":"Hispanic","count":12,"tested":56,"deaths":0,"color":"rgb(214,39,40)"},{"description":"Left Blank","count":333,"tested":12899,"deaths":0,"color":"rgb(44,160,44)"},{"description":"NH/PI*","count":0,"tested":8,"deaths":0,"color":"rgb(127,127,127)"},{"description":"Other","count":0,"tested":54,"deaths":0,"color":"rgb(148,103,189)"},{"description":"White","count":1418,"tested":5753,"deaths":0,"color":"rgb(31,119,180)"}],"gender":[{"description":"Female","count":998,"tested":11171,"deaths":0,"color":"rgb(255,127,14)"},{"description":"Male","count":739,"tested":5895,"deaths":0,"color":"rgb(31,119,180)"},{"description":"Unknown/Left Blank","count":39,"tested":1738,"deaths":0,"color":"rgb(44,160,44)"}]}}]}
