{"lastUpdatedDate":{"year":2021,"month":4,"day":26},"county_demographics":[{"County":"Coles","confirmed_cases":5576,"total_tested":81193,"demographics":{"age":[{"race":[],"age_group":"<20","count":988,"tested":13883,"deaths":0},{"race":[],"age_group":"20-29   ","count":1159,"tested":18574,"deaths":0},{"race":[],"age_group":"30-39   ","count":716,"tested":10296,"deaths":0},{"race":[],"age_group":"40-49   ","count":664,"tested":8418,"deaths":0},{"race":[],"age_group":"50-59   ","count":677,"tested":9561,"deaths":0},{"race":[],"age_group":"60-69   ","count":647,"tested":8832,"deaths":0},{"race":[],"age_group":"70-79   ","count":405,"tested":6113,"deaths":0},{"race":[],"age_group":"80+","count":320,"tested":5506,"deaths":0},{"race":[],"age_group":"Unknown","count":0,"tested":10,"deaths":0}],"race":[{"description":"AI/AN**","count":0,"tested":34,"deaths":0,"color":"rgb(31,119,180)"},{"description":"Asian","count":19,"tested":453,"deaths":0,"color":"rgb(140,86,75)"},{"description":"Black","count":190,"tested":4168,"deaths":0,"color":"rgb(255,127,14)"},{"description":"Hispanic","count":118,"tested":1353,"deaths":0,"color":"rgb(214,39,40)"},{"description":"Left Blank","count":700,"tested":14673,"deaths":0,"color":"rgb(44,160,44)"},{"description":"NH/PI*","count":0,"tested":34,"deaths":0,"color":"rgb(127,127,127)"},{"description":"Other","count":94,"tested":1912,"deaths":0,"color":"rgb(148,103,189)"},{"description":"White","count":4442,"tested":58566,"deaths":0,"color":"rgb(31,119,180)"}],"gender":[{"description":"Female","count":2978,"tested":47443,"deaths":0,"color":"rgb(255,127,14)"},{"description":"Male","count":2512,"tested":32802,"deaths":0,"color":"rgb(31,119,180)"},{"description":"Unknown/Left Blank","count":86,"tested":948,"deaths":0,"color":"rgb(44,160,44)"}]}}]}
