{"lastUpdatedDate":{"year":2021,"month":4,"day":26},"county_demographics":[{"County":"DuPage","confirmed_cases":87994,"total_tested":1269170,"demographics":{"age":[{"race":[],"age_group":"<20","count":15529,"tested":166669,"deaths":0},{"race":[],"age_group":"20-29   ","count":15379,"tested":204528,"deaths":0},{"race":[],"age_group":"30-39   ","count":13520,"tested":178177,"deaths":0},{"race":[],"age_group":"40-49   ","count":13337,"tested":163528,"deaths":0},{"race":[],"age_group":"50-59   ","count":13666,"tested":186656,"deaths":0},{"race":[],"age_group":"60-69   ","count":8996,"tested":158183,"deaths":0},{"race":[],"age_group":"70-79   ","count":4151,"tested":93194,"deaths":0},{"race":[],"age_group":"80+","count":3410,"tested":117365,"deaths":0},{"race":[],"age_group":"Unknown","count":6,"tested":870,"deaths":0}],"race":[{"description":"AI/AN**","count":124,"tested":1126,"deaths":0,"color":"rgb(31,119,180)"},{"description":"Asian","count":5679,"tested":60437,"deaths":0,"color":"rgb(140,86,75)"},{"description":"Black","count":3592,"tested":39768,"deaths":0,"color":"rgb(255,127,14)"},{"description":"Hispanic","count":15896,"tested":70053,"deaths":0,"color":"rgb(214,39,40)"},{"description":"Left Blank","count":17349,"tested":638678,"deaths":0,"color":"rgb(44,160,44)"},{"description":"NH/PI*","count":99,"tested":1004,"deaths":0,"color":"rgb(127,127,127)"},{"description":"Other","count":2921,"tested":37624,"deaths":0,"color":"rgb(148,103,189)"},{"description":"White","count":42329,"tested":420480,"deaths":0,"color":"rgb(31,119,180)"}],"gender":[{"description":"Female","count":44660,"tested":719294,"deaths":0,"color":"rgb(255,127,14)"},{"description":"Male","count":42722,"tested":523584,"deaths":0,"color":"rgb(31,119,180)"},{"description":"Unknown/Left Blank","count":612,"tested":26292,"deaths":0,"color":"rgb(44,160,44)"}]}}]}
