{"lastUpdatedDate":{"year":2021,"month":4,"day":26},"county_demographics":[{"County":"Winnebago","confirmed_cases":31746,"total_tested":390344,"demographics":{"age":[{"race":[],"age_group":"<20","count":5397,"tested":59121,"deaths":0},{"race":[],"age_group":"20-29   ","count":5618,"tested":64916,"deaths":0},{"race":[],"age_group":"30-39   ","count":4936,"tested":57357,"deaths":0},{"race":[],"age_group":"40-49   ","count":4794,"tested":51963,"deaths":0},{"race":[],"age_group":"50-59   ","count":4518,"tested":55132,"deaths":0},{"race":[],"age_group":"60-69   ","count":3291,"tested":44398,"deaths":0},{"race":[],"age_group":"70-79   ","count":1877,"tested":28069,"deaths":0},{"race":[],"age_group":"80+","count":1304,"tested":29300,"deaths":0},{"race":[],"age_group":"Unknown","count":9,"tested":88,"deaths":0}],"race":[{"description":"AI/AN**","count":33,"tested":330,"deaths":0,"color":"rgb(31,119,180)"},{"description":"Asian","count":639,"tested":4289,"deaths":0,"color":"rgb(140,86,75)"},{"description":"Black","count":3702,"tested":30848,"deaths":0,"color":"rgb(255,127,14)"},{"description":"Hispanic","count":5630,"tested":23669,"deaths":0,"color":"rgb(214,39,40)"},{"description":"Left Blank","count":3382,"tested":174214,"deaths":0,"color":"rgb(44,160,44)"},{"description":"NH/PI*","count":21,"tested":286,"deaths":0,"color":"rgb(127,127,127)"},{"description":"Other","count":475,"tested":8229,"deaths":0,"color":"rgb(148,103,189)"},{"description":"White","count":17862,"tested":148479,"deaths":0,"color":"rgb(31,119,180)"}],"gender":[{"description":"Female","count":16970,"tested":229396,"deaths":0,"color":"rgb(255,127,14)"},{"description":"Male","count":14614,"tested":153652,"deaths":0,"color":"rgb(31,119,180)"},{"description":"Unknown/Left Blank","count":162,"tested":7296,"deaths":0,"color":"rgb(44,160,44)"}]}}]}
