{"lastUpdatedDate":{"year":2021,"month":4,"day":26},"county_demographics":[{"County":"Out Of State","confirmed_cases":5,"total_tested":145005,"demographics":{"age":[{"race":[],"age_group":"<20","count":0,"tested":31423,"deaths":0},{"race":[],"age_group":"20-29   ","count":0,"tested":35438,"deaths":0},{"race":[],"age_group":"30-39   ","count":0,"tested":20205,"deaths":0},{"race":[],"age_group":"40-49   ","count":0,"tested":16011,"deaths":0},{"race":[],"age_group":"50-59   ","count":0,"tested":17510,"deaths":0},{"race":[],"age_group":"60-69   ","count":0,"tested":12985,"deaths":0},{"race":[],"age_group":"70-79   ","count":0,"tested":7349,"deaths":0},{"race":[],"age_group":"80+","count":0,"tested":4046,"deaths":0},{"race":[],"age_group":"Unknown","count":0,"tested":38,"deaths":0}],"race":[{"description":"AI/AN**","count":0,"tested":193,"deaths":0,"color":"rgb(31,119,180)"},{"description":"Asian","count":0,"tested":2983,"deaths":0,"color":"rgb(140,86,75)"},{"description":"Black","count":0,"tested":10655,"deaths":0,"color":"rgb(255,127,14)"},{"description":"Hispanic","count":0,"tested":5834,"deaths":0,"color":"rgb(214,39,40)"},{"description":"Left Blank","count":0,"tested":57001,"deaths":0,"color":"rgb(44,160,44)"},{"description":"NH/PI*","count":0,"tested":246,"deaths":0,"color":"rgb(127,127,127)"},{"description":"Other","count":0,"tested":5663,"deaths":0,"color":"rgb(148,103,189)"},{"description":"White","count":0,"tested":62430,"deaths":0,"color":"rgb(31,119,180)"}],"gender":[{"description":"Female","count":0,"tested":75958,"deaths":0,"color":"rgb(255,127,14)"},{"description":"Male","count":0,"tested":63727,"deaths":0,"color":"rgb(31,119,180)"},{"description":"Unknown/Left Blank","count":0,"tested":5320,"deaths":0,"color":"rgb(44,160,44)"}]}}]}
