{"lastUpdatedDate":{"year":2021,"month":4,"day":26},"county_demographics":[{"County":"Calhoun","confirmed_cases":513,"total_tested":5902,"demographics":{"age":[{"race":[],"age_group":"<20","count":103,"tested":935,"deaths":0},{"race":[],"age_group":"20-29   ","count":75,"tested":763,"deaths":0},{"race":[],"age_group":"30-39   ","count":77,"tested":894,"deaths":0},{"race":[],"age_group":"40-49   ","count":62,"tested":659,"deaths":0},{"race":[],"age_group":"50-59   ","count":62,"tested":839,"deaths":0},{"race":[],"age_group":"60-69   ","count":77,"tested":623,"deaths":0},{"race":[],"age_group":"70-79   ","count":34,"tested":496,"deaths":0},{"race":[],"age_group":"80+","count":23,"tested":691,"deaths":0},{"race":[],"age_group":"Unknown","count":0,"tested":0,"deaths":0}],"race":[{"description":"AI/AN**","count":0,"tested":0,"deaths":0,"color":"rgb(31,119,180)"},{"description":"Asian","count":0,"tested":0,"deaths":0,"color":"rgb(140,86,75)"},{"description":"Black","count":0,"tested":26,"deaths":0,"color":"rgb(255,127,14)"},{"description":"Hispanic","count":0,"tested":0,"deaths":0,"color":"rgb(214,39,40)"},{"description":"Left Blank","count":77,"tested":1340,"deaths":0,"color":"rgb(44,160,44)"},{"description":"Other","count":0,"tested":36,"deaths":0,"color":"rgb(148,103,189)"},{"description":"White","count":426,"tested":4491,"deaths":0,"color":"rgb(31,119,180)"}],"gender":[{"description":"Female","count":269,"tested":3745,"deaths":0,"color":"rgb(255,127,14)"},{"description":"Male","count":241,"tested":2075,"deaths":0,"color":"rgb(31,119,180)"},{"description":"Unknown/Left Blank","count":0,"tested":82,"deaths":0,"color":"rgb(44,160,44)"}]}}]}
