{"age":[{"age_group":"<20","count":277,"tested":2664},{"age_group":"20-29   ","count":437,"tested":4710},{"age_group":"30-39   ","count":461,"tested":5194},{"age_group":"40-49   ","count":420,"tested":4827},{"age_group":"50-59   ","count":365,"tested":5037},{"age_group":"60-69   ","count":305,"tested":5179},{"age_group":"70-79   ","count":170,"tested":2396},{"age_group":"80+","count":134,"tested":1386}],"race":[{"description":"Black","count":1546,"tested":13598,"color":"rgb(255,127,14)"},{"description":"Hispanic","count":347,"tested":1632,"color":"rgb(214,39,40)"},{"description":"White","count":88,"tested":831,"color":"rgb(31,119,180)"},{"description":"Asian","count":10,"tested":63,"color":"rgb(140,86,75)"},{"description":"Other","count":66,"tested":665,"color":"rgb(148,103,189)"},{"description":"Left Blank","count":503,"tested":14612,"color":"rgb(44,160,44)"}],"gender":[{"description":"Female","count":1316,"tested":17037,"color":"rgb(255,127,14)"},{"description":"Male","count":1131,"tested":13119,"color":"rgb(31,119,180)"},{"description":"Unknown/Left Blank","count":103,"tested":1263,"color":"rgb(44,160,44)"}]}
