{"age":[{"age_group":"<20","count":276,"tested":2124},{"age_group":"20-29   ","count":329,"tested":2958},{"age_group":"30-39   ","count":337,"tested":2997},{"age_group":"40-49   ","count":323,"tested":2652},{"age_group":"50-59   ","count":256,"tested":2618},{"age_group":"60-69   ","count":189,"tested":2141},{"age_group":"70-79   ","count":134,"tested":1128},{"age_group":"80+","count":79,"tested":594}],"race":[{"description":"White","count":46,"tested":371,"color":"rgb(31,119,180)"},{"description":"Left Blank","count":412,"tested":5683,"color":"rgb(44,160,44)"},{"description":"Hispanic","count":442,"tested":1666,"color":"rgb(214,39,40)"},{"description":"Other","count":54,"tested":391,"color":"rgb(148,103,189)"},{"description":"Black","count":944,"tested":9052,"color":"rgb(255,127,14)"}],"gender":[{"description":"Female","count":1026,"tested":9401,"color":"rgb(255,127,14)"},{"description":"Male","count":841,"tested":7565,"color":"rgb(31,119,180)"},{"description":"Unknown/Left Blank","count":21,"tested":251,"color":"rgb(44,160,44)"}]}
