{"age":[{"age_group":"<20","count":58,"tested":636},{"age_group":"20-29   ","count":38,"tested":403},{"age_group":"30-39   ","count":68,"tested":446},{"age_group":"40-49   ","count":63,"tested":436},{"age_group":"50-59   ","count":66,"tested":619},{"age_group":"60-69   ","count":37,"tested":421},{"age_group":"70-79   ","count":20,"tested":267},{"age_group":"80+","count":17,"tested":209}],"race":[{"description":"Left Blank","count":100,"tested":1060,"color":"rgb(44,160,44)"},{"description":"White","count":232,"tested":2211,"color":"rgb(31,119,180)"},{"description":"Hispanic","count":14,"tested":94,"color":"rgb(214,39,40)"}],"gender":[{"description":"Male","count":164,"tested":1486,"color":"rgb(31,119,180)"},{"description":"Female","count":184,"tested":1876,"color":"rgb(255,127,14)"}]}
