{"age":[{"age_group":"<20","count":196,"tested":1879},{"age_group":"20-29   ","count":308,"tested":3445},{"age_group":"30-39   ","count":284,"tested":3164},{"age_group":"40-49   ","count":273,"tested":3220},{"age_group":"50-59   ","count":290,"tested":3789},{"age_group":"60-69   ","count":274,"tested":3514},{"age_group":"70-79   ","count":136,"tested":2108},{"age_group":"80+","count":142,"tested":2316}],"race":[{"description":"AI/AN**","count":36,"tested":53,"color":"rgb(31,119,180)"},{"description":"Asian","count":268,"tested":1875,"color":"rgb(140,86,75)"},{"description":"White","count":415,"tested":5192,"color":"rgb(31,119,180)"},{"description":"Left Blank","count":451,"tested":12298,"color":"rgb(44,160,44)"},{"description":"Other","count":389,"tested":2085,"color":"rgb(148,103,189)"},{"description":"Black","count":137,"tested":1075,"color":"rgb(255,127,14)"},{"description":"Hispanic","count":180,"tested":801,"color":"rgb(214,39,40)"}],"gender":[{"description":"Unknown/Left Blank","count":31,"tested":405,"color":"rgb(44,160,44)"},{"description":"Male","count":825,"tested":9894,"color":"rgb(31,119,180)"},{"description":"Female","count":937,"tested":13145,"color":"rgb(255,127,14)"}]}
