{"age":[{"age_group":"<20","count":108,"tested":676},{"age_group":"20-29   ","count":185,"tested":1292},{"age_group":"30-39   ","count":170,"tested":1241},{"age_group":"40-49   ","count":121,"tested":941},{"age_group":"50-59   ","count":160,"tested":1123},{"age_group":"60-69   ","count":97,"tested":1048},{"age_group":"70-79   ","count":60,"tested":687},{"age_group":"80+","count":47,"tested":773}],"race":[{"description":"Other","count":34,"tested":235,"color":"rgb(148,103,189)"},{"description":"Asian","count":27,"tested":148,"color":"rgb(140,86,75)"},{"description":"White","count":338,"tested":2365,"color":"rgb(31,119,180)"},{"description":"Black","count":20,"tested":104,"color":"rgb(255,127,14)"},{"description":"Hispanic","count":260,"tested":869,"color":"rgb(214,39,40)"},{"description":"Left Blank","count":256,"tested":4056,"color":"rgb(44,160,44)"}],"gender":[{"description":"Female","count":470,"tested":4285,"color":"rgb(255,127,14)"},{"description":"Male","count":440,"tested":3393,"color":"rgb(31,119,180)"}]}
