{"age":[{"age_group":"<20","count":484,"tested":3018},{"age_group":"20-29   ","count":709,"tested":5698},{"age_group":"30-39   ","count":642,"tested":4281},{"age_group":"40-49   ","count":677,"tested":4304},{"age_group":"50-59   ","count":584,"tested":4638},{"age_group":"60-69   ","count":455,"tested":3913},{"age_group":"70-79   ","count":281,"tested":2249},{"age_group":"80+","count":259,"tested":1751}],"race":[{"description":"Asian","count":209,"tested":820,"color":"rgb(140,86,75)"},{"description":"White","count":687,"tested":6677,"color":"rgb(31,119,180)"},{"description":"Left Blank","count":1140,"tested":15179,"color":"rgb(44,160,44)"},{"description":"Hispanic","count":1286,"tested":4803,"color":"rgb(214,39,40)"},{"description":"Other","count":205,"tested":789,"color":"rgb(148,103,189)"},{"description":"Black","count":280,"tested":1555,"color":"rgb(255,127,14)"}],"gender":[{"description":"Male","count":1484,"tested":12042,"color":"rgb(31,119,180)"},{"description":"Unknown/Left Blank","count":166,"tested":495,"color":"rgb(44,160,44)"},{"description":"Female","count":1736,"tested":17328,"color":"rgb(255,127,14)"}]}
