{"age":[{"age_group":"<20","count":122,"tested":1077},{"age_group":"20-29   ","count":190,"tested":2279},{"age_group":"30-39   ","count":181,"tested":2230},{"age_group":"40-49   ","count":164,"tested":2462},{"age_group":"50-59   ","count":229,"tested":3493},{"age_group":"60-69   ","count":173,"tested":3613},{"age_group":"70-79   ","count":88,"tested":1596},{"age_group":"80+","count":54,"tested":997}],"race":[{"description":"Black","count":662,"tested":6796,"color":"rgb(255,127,14)"},{"description":"Hispanic","count":59,"tested":197,"color":"rgb(214,39,40)"},{"description":"White","count":35,"tested":282,"color":"rgb(31,119,180)"},{"description":"Other","count":22,"tested":165,"color":"rgb(148,103,189)"},{"description":"Left Blank","count":399,"tested":10293,"color":"rgb(44,160,44)"}],"gender":[{"description":"Female","count":659,"tested":10298,"color":"rgb(255,127,14)"},{"description":"Male","count":481,"tested":7106,"color":"rgb(31,119,180)"},{"description":"Unknown/Left Blank","count":21,"tested":350,"color":"rgb(44,160,44)"}]}
