{"age":[{"age_group":"<20","count":211,"tested":21418},{"age_group":"20-29   ","count":390,"tested":15025},{"age_group":"30-39   ","count":370,"tested":6581},{"age_group":"40-49   ","count":277,"tested":4633},{"age_group":"50-59   ","count":260,"tested":4962},{"age_group":"60-69   ","count":181,"tested":4069},{"age_group":"70-79   ","count":92,"tested":2102},{"age_group":"80+","count":73,"tested":1814}],"race":[{"description":"Black","count":1181,"tested":16355,"color":"rgb(255,127,14)"},{"description":"Asian","count":24,"tested":6929,"color":"rgb(140,86,75)"},{"description":"White","count":106,"tested":15225,"color":"rgb(31,119,180)"},{"description":"Other","count":23,"tested":415,"color":"rgb(148,103,189)"},{"description":"Hispanic","count":55,"tested":4147,"color":"rgb(214,39,40)"},{"description":"Left Blank","count":446,"tested":17325,"color":"rgb(44,160,44)"}],"gender":[{"description":"Unknown/Left Blank","count":20,"tested":1252,"color":"rgb(44,160,44)"},{"description":"Female","count":1043,"tested":31867,"color":"rgb(255,127,14)"},{"description":"Male","count":751,"tested":27491,"color":"rgb(31,119,180)"}]}
