{"age":[{"age_group":"<20","count":1395,"tested":6933},{"age_group":"20-29   ","count":1812,"tested":11078},{"age_group":"30-39   ","count":1618,"tested":8783},{"age_group":"40-49   ","count":1616,"tested":8194},{"age_group":"50-59   ","count":1308,"tested":6685},{"age_group":"60-69   ","count":787,"tested":4842},{"age_group":"70-79   ","count":349,"tested":2271},{"age_group":"80+","count":190,"tested":999},{"age_group":"Unknown","count":78,"tested":39}],"race":[{"description":"Black","count":187,"tested":1051,"color":"rgb(255,127,14)"},{"description":"Asian","count":77,"tested":131,"color":"rgb(140,86,75)"},{"description":"Hispanic","count":4547,"tested":18879,"color":"rgb(214,39,40)"},{"description":"White","count":1040,"tested":6934,"color":"rgb(31,119,180)"},{"description":"Other","count":728,"tested":4520,"color":"rgb(148,103,189)"},{"description":"Left Blank","count":2365,"tested":18273,"color":"rgb(44,160,44)"},{"description":"AI/AN**","count":73,"tested":25,"color":"rgb(31,119,180)"}],"gender":[{"description":"Female","count":4393,"tested":26264,"color":"rgb(255,127,14)"},{"description":"Unknown/Left Blank","count":159,"tested":649,"color":"rgb(44,160,44)"},{"description":"Male","count":4205,"tested":22911,"color":"rgb(31,119,180)"}]}
