{"age":[{"age_group":"<20","count":25,"tested":313},{"age_group":"20-29   ","count":35,"tested":392},{"age_group":"30-39   ","count":22,"tested":290},{"age_group":"40-49   ","count":23,"tested":311},{"age_group":"50-59   ","count":22,"tested":322},{"age_group":"60-69   ","count":20,"tested":319},{"age_group":"70-79   ","count":17,"tested":149}],"race":[{"description":"White","count":102,"tested":1442,"color":"rgb(31,119,180)"},{"description":"Left Blank","count":37,"tested":689,"color":"rgb(44,160,44)"}],"gender":[{"description":"Female","count":88,"tested":1590,"color":"rgb(255,127,14)"},{"description":"Male","count":58,"tested":620,"color":"rgb(31,119,180)"}]}
