{"age":[{"age_group":"<20","count":154,"tested":1620},{"age_group":"20-29   ","count":138,"tested":1825},{"age_group":"30-39   ","count":153,"tested":2235},{"age_group":"40-49   ","count":141,"tested":2274},{"age_group":"50-59   ","count":137,"tested":2326},{"age_group":"60-69   ","count":95,"tested":1862},{"age_group":"70-79   ","count":47,"tested":1040},{"age_group":"80+","count":27,"tested":1830}],"race":[{"description":"Black","count":41,"tested":825,"color":"rgb(255,127,14)"},{"description":"Asian","count":23,"tested":215,"color":"rgb(140,86,75)"},{"description":"Hispanic","count":175,"tested":1674,"color":"rgb(214,39,40)"},{"description":"Left Blank","count":253,"tested":4479,"color":"rgb(44,160,44)"},{"description":"Other","count":60,"tested":622,"color":"rgb(148,103,189)"},{"description":"White","count":309,"tested":7182,"color":"rgb(31,119,180)"}],"gender":[{"description":"Female","count":423,"tested":9132,"color":"rgb(255,127,14)"},{"description":"Male","count":382,"tested":5579,"color":"rgb(31,119,180)"}]}
