{"age":[{"age_group":"<20","count":71,"tested":258},{"age_group":"20-29   ","count":65,"tested":254},{"age_group":"30-39   ","count":61,"tested":300},{"age_group":"40-49   ","count":72,"tested":243},{"age_group":"50-59   ","count":71,"tested":355},{"age_group":"60-69   ","count":75,"tested":379},{"age_group":"70-79   ","count":67,"tested":271},{"age_group":"80+","count":64,"tested":210}],"race":[{"description":"White","count":142,"tested":1110,"color":"rgb(31,119,180)"},{"description":"Hispanic","count":80,"tested":164,"color":"rgb(214,39,40)"},{"description":"Left Blank","count":71,"tested":955,"color":"rgb(44,160,44)"}],"gender":[{"description":"Female","count":142,"tested":1357,"color":"rgb(255,127,14)"},{"description":"Male","count":109,"tested":791,"color":"rgb(31,119,180)"}]}
