{"age":[{"age_group":"<20","count":298,"tested":2404},{"age_group":"20-29   ","count":342,"tested":2707},{"age_group":"30-39   ","count":335,"tested":2640},{"age_group":"40-49   ","count":337,"tested":2638},{"age_group":"50-59   ","count":228,"tested":1983},{"age_group":"60-69   ","count":125,"tested":1231},{"age_group":"70-79   ","count":79,"tested":671},{"age_group":"80+","count":35,"tested":358}],"race":[{"description":"Hispanic","count":613,"tested":2878,"color":"rgb(214,39,40)"},{"description":"Asian","count":50,"tested":193,"color":"rgb(140,86,75)"},{"description":"White","count":425,"tested":4705,"color":"rgb(31,119,180)"},{"description":"Black","count":128,"tested":835,"color":"rgb(255,127,14)"},{"description":"Left Blank","count":441,"tested":5515,"color":"rgb(44,160,44)"},{"description":"Other","count":66,"tested":496,"color":"rgb(148,103,189)"}],"gender":[{"description":"Male","count":780,"tested":6175,"color":"rgb(31,119,180)"},{"description":"Female","count":840,"tested":8353,"color":"rgb(255,127,14)"}]}
