{"age":[{"age_group":"<20","count":11,"tested":124},{"age_group":"20-29   ","count":23,"tested":111},{"age_group":"30-39   ","count":19,"tested":117},{"age_group":"40-49   ","count":16,"tested":73},{"age_group":"50-59   ","count":19,"tested":153}],"race":[{"description":"Left Blank","count":24,"tested":261,"color":"rgb(44,160,44)"},{"description":"White","count":56,"tested":388,"color":"rgb(31,119,180)"}],"gender":[{"description":"Male","count":44,"tested":317,"color":"rgb(31,119,180)"},{"description":"Female","count":38,"tested":374,"color":"rgb(255,127,14)"}]}
