{"age":[{"age_group":"<20","count":21,"tested":123},{"age_group":"20-29   ","count":24,"tested":157},{"age_group":"30-39   ","count":23,"tested":155},{"age_group":"50-59   ","count":26,"tested":129},{"age_group":"60-69   ","count":22,"tested":138},{"age_group":"70-79   ","count":16,"tested":119},{"age_group":"80+","count":15,"tested":110}],"race":[{"description":"White","count":78,"tested":773,"color":"rgb(31,119,180)"},{"description":"Hispanic","count":15,"tested":18,"color":"rgb(214,39,40)"},{"description":"Left Blank","count":18,"tested":174,"color":"rgb(44,160,44)"}],"gender":[{"description":"Male","count":56,"tested":405,"color":"rgb(31,119,180)"},{"description":"Female","count":51,"tested":591,"color":"rgb(255,127,14)"}]}
