{"age":[{"age_group":"<20","count":211,"tested":1292},{"age_group":"20-29   ","count":298,"tested":2100},{"age_group":"30-39   ","count":197,"tested":1261},{"age_group":"40-49   ","count":230,"tested":1423},{"age_group":"50-59   ","count":283,"tested":1998},{"age_group":"60-69   ","count":240,"tested":1826},{"age_group":"70-79   ","count":160,"tested":1458},{"age_group":"80+","count":152,"tested":2045}],"race":[{"description":"Other","count":115,"tested":451,"color":"rgb(148,103,189)"},{"description":"Left Blank","count":649,"tested":7580,"color":"rgb(44,160,44)"},{"description":"Black","count":88,"tested":203,"color":"rgb(255,127,14)"},{"description":"Hispanic","count":91,"tested":229,"color":"rgb(214,39,40)"},{"description":"White","count":591,"tested":4676,"color":"rgb(31,119,180)"},{"description":"Asian","count":97,"tested":258,"color":"rgb(140,86,75)"}],"gender":[{"description":"Male","count":648,"tested":5692,"color":"rgb(31,119,180)"},{"description":"Female","count":712,"tested":7518,"color":"rgb(255,127,14)"}]}
