{"age":[{"age_group":"<20","count":234,"tested":1666},{"age_group":"20-29   ","count":317,"tested":2355},{"age_group":"30-39   ","count":304,"tested":2430},{"age_group":"40-49   ","count":307,"tested":2088},{"age_group":"50-59   ","count":312,"tested":2475},{"age_group":"60-69   ","count":258,"tested":2225},{"age_group":"70-79   ","count":187,"tested":1522},{"age_group":"80+","count":169,"tested":1270}],"race":[{"description":"Black","count":102,"tested":120,"color":"rgb(255,127,14)"},{"description":"Asian","count":108,"tested":132,"color":"rgb(140,86,75)"},{"description":"White","count":756,"tested":7939,"color":"rgb(31,119,180)"},{"description":"Other","count":120,"tested":214,"color":"rgb(148,103,189)"},{"description":"Left Blank","count":527,"tested":6526,"color":"rgb(44,160,44)"},{"description":"Hispanic","count":285,"tested":1073,"color":"rgb(214,39,40)"}],"gender":[{"description":"Female","count":791,"tested":9172,"color":"rgb(255,127,14)"},{"description":"Male","count":724,"tested":6515,"color":"rgb(31,119,180)"},{"description":"Unknown/Left Blank","count":103,"tested":344,"color":"rgb(44,160,44)"}]}
