{"age":[{"age_group":"<20","count":34,"tested":571},{"age_group":"20-29   ","count":223,"tested":4888},{"age_group":"30-39   ","count":157,"tested":3029},{"age_group":"40-49   ","count":58,"tested":979},{"age_group":"50-59   ","count":56,"tested":1073},{"age_group":"60-69   ","count":32,"tested":888},{"age_group":"70-79   ","count":27,"tested":583},{"age_group":"80+","count":23,"tested":305}],"race":[{"description":"White","count":227,"tested":3450,"color":"rgb(31,119,180)"},{"description":"Asian","count":47,"tested":939,"color":"rgb(140,86,75)"},{"description":"Black","count":57,"tested":914,"color":"rgb(255,127,14)"},{"description":"Other","count":33,"tested":651,"color":"rgb(148,103,189)"},{"description":"Hispanic","count":49,"tested":319,"color":"rgb(214,39,40)"},{"description":"Left Blank","count":181,"tested":5997,"color":"rgb(44,160,44)"}],"gender":[{"description":"Female","count":274,"tested":6294,"color":"rgb(255,127,14)"},{"description":"Male","count":287,"tested":5690,"color":"rgb(31,119,180)"}]}
