{"age":[{"age_group":"<20","count":155,"tested":846},{"age_group":"20-29   ","count":251,"tested":1603},{"age_group":"30-39   ","count":204,"tested":1447},{"age_group":"40-49   ","count":202,"tested":1304},{"age_group":"50-59   ","count":182,"tested":1361},{"age_group":"60-69   ","count":139,"tested":1355},{"age_group":"70-79   ","count":107,"tested":893},{"age_group":"80+","count":103,"tested":864}],"race":[{"description":"Left Blank","count":370,"tested":4618,"color":"rgb(44,160,44)"},{"description":"Other","count":84,"tested":528,"color":"rgb(148,103,189)"},{"description":"Black","count":247,"tested":1563,"color":"rgb(255,127,14)"},{"description":"Hispanic","count":328,"tested":1076,"color":"rgb(214,39,40)"},{"description":"White","count":187,"tested":1799,"color":"rgb(31,119,180)"},{"description":"AI/AN**","count":52,"tested":52,"color":"rgb(31,119,180)"}],"gender":[{"description":"Female","count":622,"tested":5726,"color":"rgb(255,127,14)"},{"description":"Male","count":508,"tested":3764,"color":"rgb(31,119,180)"}]}
