{"age":[{"age_group":"<20","count":98,"tested":860},{"age_group":"20-29   ","count":134,"tested":1136},{"age_group":"30-39   ","count":104,"tested":911},{"age_group":"40-49   ","count":91,"tested":904},{"age_group":"50-59   ","count":109,"tested":1058},{"age_group":"60-69   ","count":86,"tested":988},{"age_group":"70-79   ","count":57,"tested":737},{"age_group":"80+","count":50,"tested":769}],"race":[{"description":"White","count":378,"tested":3777,"color":"rgb(31,119,180)"},{"description":"Other","count":23,"tested":130,"color":"rgb(148,103,189)"},{"description":"Left Blank","count":139,"tested":2800,"color":"rgb(44,160,44)"},{"description":"Hispanic","count":125,"tested":571,"color":"rgb(214,39,40)"},{"description":"Black","count":20,"tested":48,"color":"rgb(255,127,14)"},{"description":"Asian","count":19,"tested":31,"color":"rgb(140,86,75)"}],"gender":[{"description":"Male","count":295,"tested":2748,"color":"rgb(31,119,180)"},{"description":"Female","count":359,"tested":4490,"color":"rgb(255,127,14)"}]}
