{"age":[{"age_group":"<20","count":38,"tested":312},{"age_group":"20-29   ","count":45,"tested":536},{"age_group":"30-39   ","count":36,"tested":465},{"age_group":"40-49   ","count":41,"tested":348},{"age_group":"50-59   ","count":49,"tested":557},{"age_group":"60-69   ","count":38,"tested":416},{"age_group":"70-79   ","count":22,"tested":300},{"age_group":"80+","count":8,"tested":138}],"race":[{"description":"Other","count":6,"tested":49,"color":"rgb(148,103,189)"},{"description":"White","count":136,"tested":1834,"color":"rgb(31,119,180)"},{"description":"Left Blank","count":113,"tested":1060,"color":"rgb(44,160,44)"},{"description":"Hispanic","count":16,"tested":88,"color":"rgb(214,39,40)"}],"gender":[{"description":"Female","count":147,"tested":1787,"color":"rgb(255,127,14)"},{"description":"Male","count":127,"tested":1268,"color":"rgb(31,119,180)"}]}
