{"age":[{"age_group":"<20","count":32,"tested":385},{"age_group":"20-29   ","count":23,"tested":281},{"age_group":"30-39   ","count":23,"tested":267},{"age_group":"40-49   ","count":34,"tested":234},{"age_group":"50-59   ","count":39,"tested":393},{"age_group":"60-69   ","count":32,"tested":304},{"age_group":"70-79   ","count":19,"tested":183},{"age_group":"80+","count":44,"tested":141}],"race":[{"description":"White","count":218,"tested":1329,"color":"rgb(31,119,180)"},{"description":"Left Blank","count":15,"tested":761,"color":"rgb(44,160,44)"},{"description":"Hispanic","count":7,"tested":36,"color":"rgb(214,39,40)"}],"gender":[{"description":"Male","count":111,"tested":841,"color":"rgb(31,119,180)"},{"description":"Female","count":135,"tested":1326,"color":"rgb(255,127,14)"}]}
