{"age":[{"age_group":"<20","count":101,"tested":1048},{"age_group":"20-29   ","count":211,"tested":2372},{"age_group":"30-39   ","count":182,"tested":2389},{"age_group":"40-49   ","count":143,"tested":1637},{"age_group":"50-59   ","count":117,"tested":1458},{"age_group":"60-69   ","count":66,"tested":1112},{"age_group":"70-79   ","count":29,"tested":453},{"age_group":"80+","count":29,"tested":430}],"race":[{"description":"Other","count":54,"tested":314,"color":"rgb(148,103,189)"},{"description":"Left Blank","count":342,"tested":5601,"color":"rgb(44,160,44)"},{"description":"Hispanic","count":113,"tested":675,"color":"rgb(214,39,40)"},{"description":"White","count":234,"tested":2424,"color":"rgb(31,119,180)"},{"description":"Asian","count":97,"tested":1390,"color":"rgb(140,86,75)"},{"description":"Black","count":34,"tested":435,"color":"rgb(255,127,14)"}],"gender":[{"description":"Male","count":422,"tested":4761,"color":"rgb(31,119,180)"},{"description":"Female","count":451,"tested":6046,"color":"rgb(255,127,14)"}]}
