{"age":[{"age_group":"<20","count":554,"tested":6967},{"age_group":"20-29   ","count":412,"tested":6059},{"age_group":"30-39   ","count":278,"tested":4712},{"age_group":"40-49   ","count":438,"tested":5577},{"age_group":"50-59   ","count":535,"tested":7268},{"age_group":"60-69   ","count":335,"tested":6117},{"age_group":"70-79   ","count":191,"tested":3864},{"age_group":"80+","count":158,"tested":3826}],"race":[{"description":"Hispanic","count":107,"tested":1429,"color":"rgb(214,39,40)"},{"description":"Asian","count":152,"tested":2155,"color":"rgb(140,86,75)"},{"description":"White","count":1513,"tested":20054,"color":"rgb(31,119,180)"},{"description":"Black","count":20,"tested":407,"color":"rgb(255,127,14)"},{"description":"Other","count":104,"tested":913,"color":"rgb(148,103,189)"},{"description":"Left Blank","count":1000,"tested":19348,"color":"rgb(44,160,44)"}],"gender":[{"description":"Male","count":1447,"tested":19206,"color":"rgb(31,119,180)"},{"description":"Unknown/Left Blank","count":34,"tested":918,"color":"rgb(44,160,44)"},{"description":"Female","count":1420,"tested":24271,"color":"rgb(255,127,14)"}]}
