{"age":[{"age_group":"<20","count":1591,"tested":10669},{"age_group":"20-29   ","count":1946,"tested":16374},{"age_group":"30-39   ","count":1858,"tested":14393},{"age_group":"40-49   ","count":1923,"tested":12840},{"age_group":"50-59   ","count":1496,"tested":11532},{"age_group":"60-69   ","count":890,"tested":9611},{"age_group":"70-79   ","count":440,"tested":4637},{"age_group":"80+","count":181,"tested":1620}],"race":[{"description":"Black","count":1332,"tested":13819,"color":"rgb(255,127,14)"},{"description":"Asian","count":9,"tested":237,"color":"rgb(140,86,75)"},{"description":"Other","count":363,"tested":3348,"color":"rgb(148,103,189)"},{"description":"AI/AN**","count":7,"tested":44,"color":"rgb(31,119,180)"},{"description":"Hispanic","count":6181,"tested":27128,"color":"rgb(214,39,40)"},{"description":"Left Blank","count":2101,"tested":31985,"color":"rgb(44,160,44)"},{"description":"White","count":329,"tested":5128,"color":"rgb(31,119,180)"}],"gender":[{"description":"Unknown/Left Blank","count":118,"tested":1462,"color":"rgb(44,160,44)"},{"description":"Female","count":5284,"tested":43334,"color":"rgb(255,127,14)"},{"description":"Male","count":4923,"tested":36914,"color":"rgb(31,119,180)"}]}
