{"age":[{"age_group":"<20","count":2060,"tested":11219},{"age_group":"20-29   ","count":2507,"tested":18207},{"age_group":"30-39   ","count":2250,"tested":15056},{"age_group":"40-49   ","count":2251,"tested":13950},{"age_group":"50-59   ","count":1768,"tested":12298},{"age_group":"60-69   ","count":1059,"tested":9038},{"age_group":"70-79   ","count":423,"tested":3940},{"age_group":"80+","count":190,"tested":1783},{"age_group":"Unknown","count":12,"tested":48}],"race":[{"description":"AI/AN**","count":10,"tested":67,"color":"rgb(31,119,180)"},{"description":"White","count":1268,"tested":10685,"color":"rgb(31,119,180)"},{"description":"Other","count":884,"tested":7220,"color":"rgb(148,103,189)"},{"description":"Left Blank","count":3095,"tested":35106,"color":"rgb(44,160,44)"},{"description":"Black","count":200,"tested":1956,"color":"rgb(255,127,14)"},{"description":"Asian","count":28,"tested":279,"color":"rgb(140,86,75)"},{"description":"Hispanic","count":7029,"tested":30211,"color":"rgb(214,39,40)"}],"gender":[{"description":"Female","count":6348,"tested":44770,"color":"rgb(255,127,14)"},{"description":"Unknown/Left Blank","count":136,"tested":1051,"color":"rgb(44,160,44)"},{"description":"Male","count":6036,"tested":39718,"color":"rgb(31,119,180)"}]}
