{"age":[{"age_group":"<20","count":25,"tested":394},{"age_group":"20-29   ","count":18,"tested":572},{"age_group":"30-39   ","count":22,"tested":317},{"age_group":"40-49   ","count":25,"tested":492},{"age_group":"50-59   ","count":46,"tested":568},{"age_group":"60-69   ","count":27,"tested":679},{"age_group":"70-79   ","count":24,"tested":290},{"age_group":"80+","count":23,"tested":896}],"race":[{"description":"Left Blank","count":79,"tested":3242,"color":"rgb(44,160,44)"},{"description":"White","count":127,"tested":930,"color":"rgb(31,119,180)"}],"gender":[{"description":"Male","count":89,"tested":1223,"color":"rgb(31,119,180)"},{"description":"Female","count":119,"tested":2854,"color":"rgb(255,127,14)"}]}
