{"age":[{"age_group":"<20","count":274,"tested":4806},{"age_group":"20-29   ","count":843,"tested":21409},{"age_group":"30-39   ","count":923,"tested":25246},{"age_group":"40-49   ","count":621,"tested":14363},{"age_group":"50-59   ","count":567,"tested":15391},{"age_group":"60-69   ","count":444,"tested":11222},{"age_group":"70-79   ","count":294,"tested":5609},{"age_group":"80+","count":258,"tested":6386}],"race":[{"description":"Asian","count":287,"tested":4210,"color":"rgb(140,86,75)"},{"description":"Hispanic","count":534,"tested":4544,"color":"rgb(214,39,40)"},{"description":"Black","count":539,"tested":8417,"color":"rgb(255,127,14)"},{"description":"White","count":1374,"tested":30005,"color":"rgb(31,119,180)"},{"description":"Other","count":215,"tested":3677,"color":"rgb(148,103,189)"},{"description":"Left Blank","count":1262,"tested":53587,"color":"rgb(44,160,44)"},{"description":"AI/AN**","count":7,"tested":62,"color":"rgb(31,119,180)"}],"gender":[{"description":"Female","count":1909,"tested":51213,"color":"rgb(255,127,14)"},{"description":"Male","count":2110,"tested":48599,"color":"rgb(31,119,180)"},{"description":"Unknown/Left Blank","count":205,"tested":4803,"color":"rgb(44,160,44)"}]}
