{"age":[{"age_group":"<20","count":118,"tested":1295},{"age_group":"20-29   ","count":155,"tested":2593},{"age_group":"30-39   ","count":191,"tested":2994},{"age_group":"40-49   ","count":201,"tested":3620},{"age_group":"50-59   ","count":191,"tested":4789},{"age_group":"60-69   ","count":126,"tested":3344},{"age_group":"70-79   ","count":61,"tested":1544},{"age_group":"80+","count":26,"tested":629}],"race":[{"description":"Left Blank","count":370,"tested":12288,"color":"rgb(44,160,44)"},{"description":"White","count":41,"tested":748,"color":"rgb(31,119,180)"},{"description":"Hispanic","count":31,"tested":167,"color":"rgb(214,39,40)"},{"description":"Black","count":597,"tested":7285,"color":"rgb(255,127,14)"},{"description":"Asian","count":7,"tested":65,"color":"rgb(140,86,75)"},{"description":"Other","count":19,"tested":234,"color":"rgb(148,103,189)"}],"gender":[{"description":"Male","count":424,"tested":9094,"color":"rgb(31,119,180)"},{"description":"Female","count":639,"tested":11460,"color":"rgb(255,127,14)"},{"description":"Unknown/Left Blank","count":6,"tested":260,"color":"rgb(44,160,44)"}]}
