{"age":[{"age_group":"<20","count":193,"tested":1452},{"age_group":"20-29   ","count":250,"tested":2540},{"age_group":"30-39   ","count":228,"tested":2232},{"age_group":"40-49   ","count":249,"tested":2397},{"age_group":"50-59   ","count":213,"tested":2542},{"age_group":"60-69   ","count":162,"tested":2617},{"age_group":"70-79   ","count":68,"tested":1487},{"age_group":"80+","count":42,"tested":1114}],"race":[{"description":"Black","count":268,"tested":2599,"color":"rgb(255,127,14)"},{"description":"Asian","count":26,"tested":146,"color":"rgb(140,86,75)"},{"description":"White","count":123,"tested":1083,"color":"rgb(31,119,180)"},{"description":"Hispanic","count":291,"tested":1313,"color":"rgb(214,39,40)"},{"description":"Other","count":36,"tested":439,"color":"rgb(148,103,189)"},{"description":"Left Blank","count":661,"tested":10828,"color":"rgb(44,160,44)"}],"gender":[{"description":"Male","count":671,"tested":7038,"color":"rgb(31,119,180)"},{"description":"Unknown/Left Blank","count":11,"tested":541,"color":"rgb(44,160,44)"},{"description":"Female","count":723,"tested":8834,"color":"rgb(255,127,14)"}]}
