{"age":[{"age_group":"<20","count":254,"tested":4704},{"age_group":"20-29   ","count":329,"tested":8870},{"age_group":"30-39   ","count":329,"tested":9013},{"age_group":"40-49   ","count":303,"tested":7292},{"age_group":"50-59   ","count":296,"tested":8955},{"age_group":"60-69   ","count":218,"tested":7549},{"age_group":"70-79   ","count":107,"tested":3325},{"age_group":"80+","count":121,"tested":2491}],"race":[{"description":"Other","count":158,"tested":2257,"color":"rgb(148,103,189)"},{"description":"Black","count":435,"tested":5070,"color":"rgb(255,127,14)"},{"description":"Asian","count":62,"tested":1823,"color":"rgb(140,86,75)"},{"description":"White","count":596,"tested":13184,"color":"rgb(31,119,180)"},{"description":"Left Blank","count":327,"tested":27495,"color":"rgb(44,160,44)"},{"description":"Hispanic","count":374,"tested":2265,"color":"rgb(214,39,40)"}],"gender":[{"description":"Unknown/Left Blank","count":29,"tested":884,"color":"rgb(44,160,44)"},{"description":"Female","count":1038,"tested":28969,"color":"rgb(255,127,14)"},{"description":"Male","count":890,"tested":22350,"color":"rgb(31,119,180)"}]}
