{"age":[{"age_group":"<20","count":201,"tested":2844},{"age_group":"20-29   ","count":239,"tested":3060},{"age_group":"30-39   ","count":206,"tested":2397},{"age_group":"40-49   ","count":237,"tested":2429},{"age_group":"50-59   ","count":239,"tested":2946},{"age_group":"60-69   ","count":212,"tested":2788},{"age_group":"70-79   ","count":133,"tested":2158},{"age_group":"80+","count":129,"tested":4498}],"race":[{"description":"Asian","count":58,"tested":379,"color":"rgb(140,86,75)"},{"description":"White","count":979,"tested":10374,"color":"rgb(31,119,180)"},{"description":"Left Blank","count":209,"tested":9769,"color":"rgb(44,160,44)"},{"description":"Other","count":16,"tested":733,"color":"rgb(148,103,189)"},{"description":"Hispanic","count":188,"tested":731,"color":"rgb(214,39,40)"},{"description":"Black","count":144,"tested":1119,"color":"rgb(255,127,14)"}],"gender":[{"description":"Male","count":700,"tested":8491,"color":"rgb(31,119,180)"},{"description":"Unknown/Left Blank","count":8,"tested":495,"color":"rgb(44,160,44)"},{"description":"Female","count":888,"tested":14136,"color":"rgb(255,127,14)"}]}
