{"age":[{"age_group":"<20","count":335,"tested":2752},{"age_group":"20-29   ","count":462,"tested":3887},{"age_group":"30-39   ","count":399,"tested":3762},{"age_group":"40-49   ","count":390,"tested":3751},{"age_group":"50-59   ","count":398,"tested":4171},{"age_group":"60-69   ","count":336,"tested":3774},{"age_group":"70-79   ","count":181,"tested":2222},{"age_group":"80+","count":207,"tested":4527}],"race":[{"description":"Other","count":100,"tested":1008,"color":"rgb(148,103,189)"},{"description":"NH/PI*","count":6,"tested":141,"color":"rgb(127,127,127)"},{"description":"Black","count":26,"tested":177,"color":"rgb(255,127,14)"},{"description":"Asian","count":117,"tested":1385,"color":"rgb(140,86,75)"},{"description":"Hispanic","count":419,"tested":2584,"color":"rgb(214,39,40)"},{"description":"Left Blank","count":488,"tested":10060,"color":"rgb(44,160,44)"},{"description":"White","count":1551,"tested":13483,"color":"rgb(31,119,180)"}],"gender":[{"description":"Female","count":1371,"tested":17114,"color":"rgb(255,127,14)"},{"description":"Male","count":1324,"tested":11312,"color":"rgb(31,119,180)"},{"description":"Unknown/Left Blank","count":15,"tested":430,"color":"rgb(44,160,44)"}]}
