{"age":[{"age_group":"<20","count":175,"tested":2665},{"age_group":"20-29   ","count":109,"tested":1949},{"age_group":"30-39   ","count":72,"tested":1392},{"age_group":"40-49   ","count":101,"tested":2038},{"age_group":"50-59   ","count":124,"tested":2021},{"age_group":"60-69   ","count":89,"tested":1747},{"age_group":"70-79   ","count":37,"tested":949},{"age_group":"80+","count":10,"tested":338}],"race":[{"description":"Hispanic","count":42,"tested":541,"color":"rgb(214,39,40)"},{"description":"Asian","count":11,"tested":469,"color":"rgb(140,86,75)"},{"description":"White","count":364,"tested":6381,"color":"rgb(31,119,180)"},{"description":"Left Blank","count":209,"tested":4344,"color":"rgb(44,160,44)"},{"description":"Other","count":45,"tested":596,"color":"rgb(148,103,189)"},{"description":"Black","count":46,"tested":759,"color":"rgb(255,127,14)"}],"gender":[{"description":"Female","count":338,"tested":6980,"color":"rgb(255,127,14)"},{"description":"Male","count":375,"tested":5904,"color":"rgb(31,119,180)"}]}
