{"age":[{"age_group":"<20","count":484,"tested":4645},{"age_group":"20-29   ","count":424,"tested":8021},{"age_group":"30-39   ","count":304,"tested":7221},{"age_group":"40-49   ","count":353,"tested":6200},{"age_group":"50-59   ","count":438,"tested":5486},{"age_group":"60-69   ","count":217,"tested":3355},{"age_group":"70-79   ","count":98,"tested":1567},{"age_group":"80+","count":61,"tested":824}],"race":[{"description":"Left Blank","count":825,"tested":25201,"color":"rgb(44,160,44)"},{"description":"Other","count":44,"tested":471,"color":"rgb(148,103,189)"},{"description":"Hispanic","count":91,"tested":668,"color":"rgb(214,39,40)"},{"description":"Asian","count":50,"tested":451,"color":"rgb(140,86,75)"},{"description":"White","count":1332,"tested":10256,"color":"rgb(31,119,180)"},{"description":"Black","count":33,"tested":237,"color":"rgb(255,127,14)"}],"gender":[{"description":"Unknown/Left Blank","count":42,"tested":9232,"color":"rgb(44,160,44)"},{"description":"Male","count":1294,"tested":15685,"color":"rgb(31,119,180)"},{"description":"Female","count":1043,"tested":12406,"color":"rgb(255,127,14)"}]}
