{"age":[{"age_group":"<20","count":435,"tested":3436},{"age_group":"20-29   ","count":549,"tested":4869},{"age_group":"30-39   ","count":550,"tested":4835},{"age_group":"40-49   ","count":546,"tested":4672},{"age_group":"50-59   ","count":435,"tested":3965},{"age_group":"60-69   ","count":220,"tested":2702},{"age_group":"70-79   ","count":118,"tested":1578},{"age_group":"80+","count":109,"tested":1108}],"race":[{"description":"Black","count":297,"tested":2597,"color":"rgb(255,127,14)"},{"description":"Asian","count":43,"tested":354,"color":"rgb(140,86,75)"},{"description":"Hispanic","count":564,"tested":2582,"color":"rgb(214,39,40)"},{"description":"White","count":1151,"tested":10036,"color":"rgb(31,119,180)"},{"description":"Left Blank","count":828,"tested":10394,"color":"rgb(44,160,44)"},{"description":"Other","count":67,"tested":1150,"color":"rgb(148,103,189)"},{"description":"AI/AN**","count":12,"tested":35,"color":"rgb(31,119,180)"}],"gender":[{"description":"Female","count":1542,"tested":14887,"color":"rgb(255,127,14)"},{"description":"Male","count":1399,"tested":11304,"color":"rgb(31,119,180)"},{"description":"Unknown/Left Blank","count":21,"tested":981,"color":"rgb(44,160,44)"}]}
