{"age":[{"age_group":"<20","count":709,"tested":4646},{"age_group":"20-29   ","count":861,"tested":8023},{"age_group":"30-39   ","count":755,"tested":6632},{"age_group":"40-49   ","count":752,"tested":5795},{"age_group":"50-59   ","count":694,"tested":6217},{"age_group":"60-69   ","count":424,"tested":4273},{"age_group":"70-79   ","count":151,"tested":1933},{"age_group":"80+","count":75,"tested":1071}],"race":[{"description":"NH/PI*","count":13,"tested":66,"color":"rgb(127,127,127)"},{"description":"Left Blank","count":1260,"tested":21941,"color":"rgb(44,160,44)"},{"description":"AI/AN**","count":10,"tested":18,"color":"rgb(31,119,180)"},{"description":"Hispanic","count":1578,"tested":5351,"color":"rgb(214,39,40)"},{"description":"Other","count":197,"tested":1387,"color":"rgb(148,103,189)"},{"description":"White","count":746,"tested":5702,"color":"rgb(31,119,180)"},{"description":"Asian","count":441,"tested":2754,"color":"rgb(140,86,75)"},{"description":"Black","count":176,"tested":1388,"color":"rgb(255,127,14)"}],"gender":[{"description":"Male","count":2133,"tested":15707,"color":"rgb(31,119,180)"},{"description":"Female","count":2247,"tested":21938,"color":"rgb(255,127,14)"},{"description":"Unknown/Left Blank","count":41,"tested":962,"color":"rgb(44,160,44)"}]}
