{"age":[{"age_group":"<20","count":149,"tested":1996},{"age_group":"20-29   ","count":193,"tested":2779},{"age_group":"30-39   ","count":191,"tested":2778},{"age_group":"40-49   ","count":188,"tested":2719},{"age_group":"50-59   ","count":182,"tested":2699},{"age_group":"60-69   ","count":182,"tested":3139},{"age_group":"70-79   ","count":103,"tested":1640},{"age_group":"80+","count":88,"tested":1774}],"race":[{"description":"Hispanic","count":45,"tested":352,"color":"rgb(214,39,40)"},{"description":"Black","count":691,"tested":8917,"color":"rgb(255,127,14)"},{"description":"White","count":75,"tested":1019,"color":"rgb(31,119,180)"},{"description":"Other","count":33,"tested":288,"color":"rgb(148,103,189)"},{"description":"Left Blank","count":431,"tested":8913,"color":"rgb(44,160,44)"}],"gender":[{"description":"Female","count":696,"tested":11371,"color":"rgb(255,127,14)"},{"description":"Male","count":558,"tested":7310,"color":"rgb(31,119,180)"},{"description":"Unknown/Left Blank","count":22,"tested":868,"color":"rgb(44,160,44)"}]}
