{"age":[{"age_group":"<20","count":272,"tested":2808},{"age_group":"20-29   ","count":207,"tested":3388},{"age_group":"30-39   ","count":221,"tested":3872},{"age_group":"40-49   ","count":237,"tested":4154},{"age_group":"50-59   ","count":228,"tested":4199},{"age_group":"60-69   ","count":139,"tested":3170},{"age_group":"70-79   ","count":52,"tested":1690},{"age_group":"80+","count":28,"tested":2857}],"race":[{"description":"Black","count":46,"tested":1700,"color":"rgb(255,127,14)"},{"description":"Asian","count":22,"tested":469,"color":"rgb(140,86,75)"},{"description":"Hispanic","count":297,"tested":3084,"color":"rgb(214,39,40)"},{"description":"Left Blank","count":404,"tested":7582,"color":"rgb(44,160,44)"},{"description":"White","count":536,"tested":12229,"color":"rgb(31,119,180)"},{"description":"Other","count":76,"tested":1029,"color":"rgb(148,103,189)"}],"gender":[{"description":"Female","count":728,"tested":15868,"color":"rgb(255,127,14)"},{"description":"Male","count":646,"tested":9765,"color":"rgb(31,119,180)"},{"description":"Unknown/Left Blank","count":11,"tested":513,"color":"rgb(44,160,44)"}]}
