{"age":[{"age_group":"<20","count":531,"tested":6403},{"age_group":"20-29   ","count":555,"tested":7440},{"age_group":"30-39   ","count":391,"tested":7272},{"age_group":"40-49   ","count":407,"tested":6226},{"age_group":"50-59   ","count":487,"tested":9634},{"age_group":"60-69   ","count":345,"tested":7479},{"age_group":"70-79   ","count":194,"tested":4257},{"age_group":"80+","count":159,"tested":4484}],"race":[{"description":"NH/PI*","count":6,"tested":89,"color":"rgb(127,127,127)"},{"description":"Asian","count":183,"tested":4094,"color":"rgb(140,86,75)"},{"description":"Black","count":56,"tested":881,"color":"rgb(255,127,14)"},{"description":"Hispanic","count":327,"tested":3378,"color":"rgb(214,39,40)"},{"description":"Left Blank","count":835,"tested":19845,"color":"rgb(44,160,44)"},{"description":"White","count":1560,"tested":23918,"color":"rgb(31,119,180)"},{"description":"Other","count":101,"tested":977,"color":"rgb(148,103,189)"}],"gender":[{"description":"Female","count":1595,"tested":31141,"color":"rgb(255,127,14)"},{"description":"Unknown/Left Blank","count":21,"tested":1663,"color":"rgb(44,160,44)"},{"description":"Male","count":1453,"tested":20407,"color":"rgb(31,119,180)"}]}
