{"age":[{"age_group":"<20","count":11,"tested":172},{"age_group":"20-29   ","count":10,"tested":147},{"age_group":"40-49   ","count":10,"tested":160},{"age_group":"60-69   ","count":13,"tested":185}],"race":[{"description":"Left Blank","count":10,"tested":330,"color":"rgb(44,160,44)"},{"description":"White","count":50,"tested":723,"color":"rgb(31,119,180)"}],"gender":[{"description":"Female","count":27,"tested":628,"color":"rgb(255,127,14)"},{"description":"Male","count":36,"tested":463,"color":"rgb(31,119,180)"}]}
