{"age":[{"age_group":"<20","count":704,"tested":5678},{"age_group":"20-29   ","count":956,"tested":10624},{"age_group":"30-39   ","count":852,"tested":8164},{"age_group":"40-49   ","count":861,"tested":8179},{"age_group":"50-59   ","count":749,"tested":8646},{"age_group":"60-69   ","count":540,"tested":7274},{"age_group":"70-79   ","count":263,"tested":4267},{"age_group":"80+","count":204,"tested":3664}],"race":[{"description":"Asian","count":135,"tested":1740,"color":"rgb(140,86,75)"},{"description":"White","count":1091,"tested":12705,"color":"rgb(31,119,180)"},{"description":"Left Blank","count":1507,"tested":27831,"color":"rgb(44,160,44)"},{"description":"Hispanic","count":2022,"tested":9261,"color":"rgb(214,39,40)"},{"description":"Black","count":255,"tested":3151,"color":"rgb(255,127,14)"},{"description":"Other","count":117,"tested":1736,"color":"rgb(148,103,189)"}],"gender":[{"description":"Male","count":2327,"tested":22381,"color":"rgb(31,119,180)"},{"description":"Unknown/Left Blank","count":62,"tested":890,"color":"rgb(44,160,44)"},{"description":"Female","count":2742,"tested":33242,"color":"rgb(255,127,14)"}]}
