{"age":[{"age_group":"<20","count":292,"tested":2329},{"age_group":"20-29   ","count":304,"tested":2654},{"age_group":"30-39   ","count":278,"tested":2484},{"age_group":"40-49   ","count":376,"tested":2838},{"age_group":"50-59   ","count":307,"tested":2831},{"age_group":"60-69   ","count":163,"tested":2249},{"age_group":"70-79   ","count":139,"tested":2137},{"age_group":"80+","count":76,"tested":2545}],"race":[{"description":"Hispanic","count":207,"tested":939,"color":"rgb(214,39,40)"},{"description":"Left Blank","count":603,"tested":8332,"color":"rgb(44,160,44)"},{"description":"Other","count":50,"tested":683,"color":"rgb(148,103,189)"},{"description":"Asian","count":18,"tested":260,"color":"rgb(140,86,75)"},{"description":"White","count":990,"tested":9010,"color":"rgb(31,119,180)"},{"description":"Black","count":63,"tested":804,"color":"rgb(255,127,14)"}],"gender":[{"description":"Male","count":967,"tested":8309,"color":"rgb(31,119,180)"},{"description":"Unknown/Left Blank","count":19,"tested":475,"color":"rgb(44,160,44)"},{"description":"Female","count":949,"tested":11285,"color":"rgb(255,127,14)"}]}
