{"age":[{"age_group":"<20","count":91,"tested":621},{"age_group":"20-29   ","count":126,"tested":1109},{"age_group":"30-39   ","count":116,"tested":1201},{"age_group":"40-49   ","count":121,"tested":1237},{"age_group":"50-59   ","count":132,"tested":1327},{"age_group":"60-69   ","count":97,"tested":1114},{"age_group":"70-79   ","count":48,"tested":648},{"age_group":"80+","count":16,"tested":215}],"race":[{"description":"Hispanic","count":122,"tested":558,"color":"rgb(214,39,40)"},{"description":"White","count":49,"tested":535,"color":"rgb(31,119,180)"},{"description":"Left Blank","count":152,"tested":2792,"color":"rgb(44,160,44)"},{"description":"Other","count":37,"tested":218,"color":"rgb(148,103,189)"},{"description":"Asian","count":11,"tested":75,"color":"rgb(140,86,75)"},{"description":"Black","count":373,"tested":3294,"color":"rgb(255,127,14)"}],"gender":[{"description":"Male","count":339,"tested":2941,"color":"rgb(31,119,180)"},{"description":"Female","count":400,"tested":4254,"color":"rgb(255,127,14)"},{"description":"Unknown/Left Blank","count":8,"tested":279,"color":"rgb(44,160,44)"}]}
