{"age":[{"age_group":"<20","count":933,"tested":6839},{"age_group":"20-29   ","count":1197,"tested":11718},{"age_group":"30-39   ","count":897,"tested":8903},{"age_group":"40-49   ","count":979,"tested":9212},{"age_group":"50-59   ","count":820,"tested":9336},{"age_group":"60-69   ","count":502,"tested":7392},{"age_group":"70-79   ","count":251,"tested":3883},{"age_group":"80+","count":180,"tested":3689}],"race":[{"description":"Hispanic","count":2580,"tested":12600,"color":"rgb(214,39,40)"},{"description":"White","count":1110,"tested":16028,"color":"rgb(31,119,180)"},{"description":"Left Blank","count":1310,"tested":23638,"color":"rgb(44,160,44)"},{"description":"Other","count":211,"tested":2398,"color":"rgb(148,103,189)"},{"description":"Asian","count":125,"tested":709,"color":"rgb(140,86,75)"},{"description":"Black","count":414,"tested":5529,"color":"rgb(255,127,14)"}],"gender":[{"description":"Male","count":2779,"tested":26192,"color":"rgb(31,119,180)"},{"description":"Female","count":2965,"tested":33778,"color":"rgb(255,127,14)"},{"description":"Unknown/Left Blank","count":17,"tested":1020,"color":"rgb(44,160,44)"}]}
