{"age":[{"age_group":"<20","count":1550,"tested":9909},{"age_group":"20-29   ","count":1907,"tested":15169},{"age_group":"30-39   ","count":1824,"tested":13215},{"age_group":"40-49   ","count":1891,"tested":11706},{"age_group":"50-59   ","count":1472,"tested":10440},{"age_group":"60-69   ","count":873,"tested":8653},{"age_group":"70-79   ","count":434,"tested":4204},{"age_group":"80+","count":180,"tested":1478}],"race":[{"description":"Black","count":1281,"tested":12017,"color":"rgb(255,127,14)"},{"description":"Asian","count":10,"tested":199,"color":"rgb(140,86,75)"},{"description":"Other","count":352,"tested":3092,"color":"rgb(148,103,189)"},{"description":"AI/AN**","count":7,"tested":37,"color":"rgb(31,119,180)"},{"description":"Hispanic","count":6079,"tested":25665,"color":"rgb(214,39,40)"},{"description":"Left Blank","count":2072,"tested":29331,"color":"rgb(44,160,44)"},{"description":"White","count":327,"tested":4450,"color":"rgb(31,119,180)"}],"gender":[{"description":"Unknown/Left Blank","count":115,"tested":1329,"color":"rgb(44,160,44)"},{"description":"Female","count":5180,"tested":39817,"color":"rgb(255,127,14)"},{"description":"Male","count":4836,"tested":33662,"color":"rgb(31,119,180)"}]}
