{"age":[{"age_group":"<20","count":1013,"tested":7207},{"age_group":"20-29   ","count":1268,"tested":12822},{"age_group":"30-39   ","count":1202,"tested":11541},{"age_group":"40-49   ","count":1183,"tested":10263},{"age_group":"50-59   ","count":890,"tested":8168},{"age_group":"60-69   ","count":594,"tested":7538},{"age_group":"70-79   ","count":262,"tested":4254},{"age_group":"80+","count":121,"tested":2832}],"race":[{"description":"AI/AN**","count":6,"tested":37,"color":"rgb(31,119,180)"},{"description":"Black","count":764,"tested":8921,"color":"rgb(255,127,14)"},{"description":"Hispanic","count":3626,"tested":16189,"color":"rgb(214,39,40)"},{"description":"Asian","count":86,"tested":1322,"color":"rgb(140,86,75)"},{"description":"White","count":593,"tested":7454,"color":"rgb(31,119,180)"},{"description":"Other","count":233,"tested":2351,"color":"rgb(148,103,189)"},{"description":"Left Blank","count":1222,"tested":28361,"color":"rgb(44,160,44)"}],"gender":[{"description":"Female","count":3355,"tested":34257,"color":"rgb(255,127,14)"},{"description":"Male","count":3127,"tested":26829,"color":"rgb(31,119,180)"},{"description":"Unknown/Left Blank","count":51,"tested":3574,"color":"rgb(44,160,44)"}]}
