{"age":[{"age_group":"<20","count":332,"tested":2038},{"age_group":"20-29   ","count":443,"tested":2966},{"age_group":"30-39   ","count":395,"tested":2832},{"age_group":"40-49   ","count":422,"tested":2503},{"age_group":"50-59   ","count":365,"tested":2383},{"age_group":"60-69   ","count":198,"tested":1764},{"age_group":"70-79   ","count":99,"tested":725},{"age_group":"80+","count":58,"tested":342}],"race":[{"description":"AI/AN**","count":58,"tested":190,"color":"rgb(31,119,180)"},{"description":"Hispanic","count":961,"tested":3238,"color":"rgb(214,39,40)"},{"description":"White","count":280,"tested":2345,"color":"rgb(31,119,180)"},{"description":"Black","count":230,"tested":2388,"color":"rgb(255,127,14)"},{"description":"Left Blank","count":637,"tested":6074,"color":"rgb(44,160,44)"},{"description":"Other","count":142,"tested":1289,"color":"rgb(148,103,189)"}],"gender":[{"description":"Unknown/Left Blank","count":16,"tested":190,"color":"rgb(44,160,44)"},{"description":"Male","count":1079,"tested":6541,"color":"rgb(31,119,180)"},{"description":"Female","count":1218,"tested":8828,"color":"rgb(255,127,14)"}]}
