{"age":[{"age_group":"<20","count":89,"tested":881},{"age_group":"20-29   ","count":97,"tested":802},{"age_group":"30-39   ","count":83,"tested":935},{"age_group":"40-49   ","count":89,"tested":761},{"age_group":"50-59   ","count":103,"tested":1055},{"age_group":"60-69   ","count":57,"tested":1011},{"age_group":"70-79   ","count":42,"tested":435},{"age_group":"80+","count":48,"tested":284}],"race":[{"description":"Hispanic","count":11,"tested":88,"color":"rgb(214,39,40)"},{"description":"White","count":360,"tested":3579,"color":"rgb(31,119,180)"},{"description":"Left Blank","count":231,"tested":2363,"color":"rgb(44,160,44)"},{"description":"Other","count":10,"tested":81,"color":"rgb(148,103,189)"}],"gender":[{"description":"Male","count":257,"tested":2174,"color":"rgb(31,119,180)"},{"description":"Female","count":354,"tested":3840,"color":"rgb(255,127,14)"}]}
