{"age":[{"age_group":"<20","count":345,"tested":5576},{"age_group":"20-29   ","count":375,"tested":7581},{"age_group":"30-39   ","count":264,"tested":4481},{"age_group":"40-49   ","count":241,"tested":4214},{"age_group":"50-59   ","count":300,"tested":5595},{"age_group":"60-69   ","count":223,"tested":6788},{"age_group":"70-79   ","count":94,"tested":4224},{"age_group":"80+","count":126,"tested":6956}],"race":[{"description":"White","count":1155,"tested":14897,"color":"rgb(31,119,180)"},{"description":"Asian","count":93,"tested":828,"color":"rgb(140,86,75)"},{"description":"Hispanic","count":110,"tested":868,"color":"rgb(214,39,40)"},{"description":"Black","count":55,"tested":820,"color":"rgb(255,127,14)"},{"description":"Other","count":65,"tested":717,"color":"rgb(148,103,189)"},{"description":"Left Blank","count":487,"tested":27478,"color":"rgb(44,160,44)"}],"gender":[{"description":"Female","count":978,"tested":25839,"color":"rgb(255,127,14)"},{"description":"Unknown/Left Blank","count":10,"tested":678,"color":"rgb(44,160,44)"},{"description":"Male","count":980,"tested":19132,"color":"rgb(31,119,180)"}]}
