{"age":[{"age_group":"<20","count":33,"tested":283},{"age_group":"20-29   ","count":42,"tested":442},{"age_group":"30-39   ","count":37,"tested":324},{"age_group":"40-49   ","count":36,"tested":278},{"age_group":"50-59   ","count":36,"tested":400},{"age_group":"60-69   ","count":23,"tested":483},{"age_group":"70-79   ","count":14,"tested":175}],"race":[{"description":"Hispanic","count":9,"tested":49,"color":"rgb(214,39,40)"},{"description":"White","count":161,"tested":1558,"color":"rgb(31,119,180)"},{"description":"Left Blank","count":42,"tested":771,"color":"rgb(44,160,44)"},{"description":"Other","count":10,"tested":58,"color":"rgb(148,103,189)"}],"gender":[{"description":"Male","count":109,"tested":920,"color":"rgb(31,119,180)"},{"description":"Female","count":114,"tested":1285,"color":"rgb(255,127,14)"}]}
