{"age":[{"age_group":"<20","count":451,"tested":4163},{"age_group":"20-29   ","count":412,"tested":7548},{"age_group":"30-39   ","count":276,"tested":6800},{"age_group":"40-49   ","count":328,"tested":5871},{"age_group":"50-59   ","count":424,"tested":5092},{"age_group":"60-69   ","count":205,"tested":3086},{"age_group":"70-79   ","count":96,"tested":1459},{"age_group":"80+","count":59,"tested":773}],"race":[{"description":"Left Blank","count":893,"tested":24039,"color":"rgb(44,160,44)"},{"description":"Other","count":37,"tested":398,"color":"rgb(148,103,189)"},{"description":"Hispanic","count":78,"tested":563,"color":"rgb(214,39,40)"},{"description":"Asian","count":49,"tested":386,"color":"rgb(140,86,75)"},{"description":"White","count":1161,"tested":9177,"color":"rgb(31,119,180)"},{"description":"Black","count":30,"tested":197,"color":"rgb(255,127,14)"}],"gender":[{"description":"Unknown/Left Blank","count":36,"tested":8890,"color":"rgb(44,160,44)"},{"description":"Male","count":1235,"tested":14577,"color":"rgb(31,119,180)"},{"description":"Female","count":980,"tested":11329,"color":"rgb(255,127,14)"}]}
