{"age":[{"age_group":"<20","count":181,"tested":1142},{"age_group":"20-29   ","count":252,"tested":2129},{"age_group":"30-39   ","count":207,"tested":2071},{"age_group":"40-49   ","count":212,"tested":1859},{"age_group":"50-59   ","count":185,"tested":2098},{"age_group":"60-69   ","count":129,"tested":1598},{"age_group":"70-79   ","count":55,"tested":695},{"age_group":"80+","count":34,"tested":569}],"race":[{"description":"Black","count":132,"tested":1276,"color":"rgb(255,127,14)"},{"description":"Asian","count":10,"tested":59,"color":"rgb(140,86,75)"},{"description":"Other","count":66,"tested":458,"color":"rgb(148,103,189)"},{"description":"Hispanic","count":207,"tested":941,"color":"rgb(214,39,40)"},{"description":"White","count":383,"tested":2840,"color":"rgb(31,119,180)"},{"description":"Left Blank","count":454,"tested":6576,"color":"rgb(44,160,44)"}],"gender":[{"description":"Female","count":710,"tested":7785,"color":"rgb(255,127,14)"},{"description":"Male","count":541,"tested":4118,"color":"rgb(31,119,180)"}]}
