{"age":[{"age_group":"<20","count":349,"tested":4397},{"age_group":"20-29   ","count":457,"tested":5230},{"age_group":"30-39   ","count":376,"tested":4432},{"age_group":"40-49   ","count":352,"tested":3705},{"age_group":"50-59   ","count":354,"tested":4299},{"age_group":"60-69   ","count":240,"tested":3231},{"age_group":"70-79   ","count":130,"tested":1425},{"age_group":"80+","count":83,"tested":1414}],"race":[{"description":"Hispanic","count":206,"tested":1093,"color":"rgb(214,39,40)"},{"description":"Black","count":126,"tested":1134,"color":"rgb(255,127,14)"},{"description":"Asian","count":46,"tested":543,"color":"rgb(140,86,75)"},{"description":"White","count":1597,"tested":11721,"color":"rgb(31,119,180)"},{"description":"Other","count":23,"tested":344,"color":"rgb(148,103,189)"},{"description":"Left Blank","count":342,"tested":13127,"color":"rgb(44,160,44)"}],"gender":[{"description":"Male","count":1054,"tested":10733,"color":"rgb(31,119,180)"},{"description":"Unknown/Left Blank","count":12,"tested":481,"color":"rgb(44,160,44)"},{"description":"Female","count":1276,"tested":16921,"color":"rgb(255,127,14)"}]}
