{"age":[{"age_group":"<20","count":63,"tested":1285},{"age_group":"20-29   ","count":81,"tested":2787},{"age_group":"30-39   ","count":50,"tested":1749},{"age_group":"40-49   ","count":71,"tested":2386},{"age_group":"50-59   ","count":92,"tested":2746},{"age_group":"60-69   ","count":55,"tested":2177},{"age_group":"70-79   ","count":58,"tested":1717},{"age_group":"80+","count":99,"tested":3264}],"race":[{"description":"White","count":323,"tested":5104,"color":"rgb(31,119,180)"},{"description":"Asian","count":25,"tested":1105,"color":"rgb(140,86,75)"},{"description":"Hispanic","count":21,"tested":990,"color":"rgb(214,39,40)"},{"description":"Other","count":34,"tested":463,"color":"rgb(148,103,189)"},{"description":"Left Blank","count":161,"tested":9940,"color":"rgb(44,160,44)"}],"gender":[{"description":"Female","count":307,"tested":11196,"color":"rgb(255,127,14)"},{"description":"Male","count":256,"tested":6486,"color":"rgb(31,119,180)"}]}
