{"age":[{"age_group":"<20","count":434,"tested":2918},{"age_group":"20-29   ","count":653,"tested":5873},{"age_group":"30-39   ","count":566,"tested":4978},{"age_group":"40-49   ","count":470,"tested":4186},{"age_group":"50-59   ","count":530,"tested":5099},{"age_group":"60-69   ","count":403,"tested":4582},{"age_group":"70-79   ","count":212,"tested":2547},{"age_group":"80+","count":120,"tested":1693}],"race":[{"description":"Left Blank","count":1392,"tested":15077,"color":"rgb(44,160,44)"},{"description":"White","count":1499,"tested":12422,"color":"rgb(31,119,180)"},{"description":"Other","count":127,"tested":1093,"color":"rgb(148,103,189)"},{"description":"Black","count":129,"tested":1681,"color":"rgb(255,127,14)"},{"description":"Asian","count":68,"tested":578,"color":"rgb(140,86,75)"},{"description":"Hispanic","count":166,"tested":964,"color":"rgb(214,39,40)"}],"gender":[{"description":"Unknown/Left Blank","count":29,"tested":518,"color":"rgb(44,160,44)"},{"description":"Male","count":1584,"tested":13055,"color":"rgb(31,119,180)"},{"description":"Female","count":1775,"tested":18312,"color":"rgb(255,127,14)"}]}
