{"age":[{"age_group":"<20","count":226,"tested":5506},{"age_group":"20-29   ","count":480,"tested":24429},{"age_group":"30-39   ","count":396,"tested":9687},{"age_group":"40-49   ","count":282,"tested":5789},{"age_group":"50-59   ","count":253,"tested":5974},{"age_group":"60-69   ","count":145,"tested":4620},{"age_group":"70-79   ","count":95,"tested":2624},{"age_group":"80+","count":71,"tested":1405}],"race":[{"description":"Asian","count":45,"tested":4436,"color":"rgb(140,86,75)"},{"description":"White","count":221,"tested":17933,"color":"rgb(31,119,180)"},{"description":"Black","count":1052,"tested":16795,"color":"rgb(255,127,14)"},{"description":"Other","count":44,"tested":1033,"color":"rgb(148,103,189)"},{"description":"Left Blank","count":504,"tested":16585,"color":"rgb(44,160,44)"},{"description":"Hispanic","count":77,"tested":3100,"color":"rgb(214,39,40)"}],"gender":[{"description":"Male","count":866,"tested":24969,"color":"rgb(31,119,180)"},{"description":"Unknown/Left Blank","count":23,"tested":906,"color":"rgb(44,160,44)"},{"description":"Female","count":1059,"tested":34170,"color":"rgb(255,127,14)"}]}
