{"age":[{"age_group":"<20","count":456,"tested":3946},{"age_group":"20-29   ","count":541,"tested":4651},{"age_group":"30-39   ","count":418,"tested":3771},{"age_group":"40-49   ","count":436,"tested":3374},{"age_group":"50-59   ","count":326,"tested":3341},{"age_group":"60-69   ","count":262,"tested":2244},{"age_group":"70-79   ","count":137,"tested":1420},{"age_group":"80+","count":56,"tested":590}],"race":[{"description":"Left Blank","count":466,"tested":10599,"color":"rgb(44,160,44)"},{"description":"Other","count":57,"tested":527,"color":"rgb(148,103,189)"},{"description":"White","count":1039,"tested":7602,"color":"rgb(31,119,180)"},{"description":"Black","count":240,"tested":1637,"color":"rgb(255,127,14)"},{"description":"Hispanic","count":750,"tested":2651,"color":"rgb(214,39,40)"},{"description":"Asian","count":77,"tested":302,"color":"rgb(140,86,75)"}],"gender":[{"description":"Female","count":1419,"tested":13510,"color":"rgb(255,127,14)"},{"description":"Unknown/Left Blank","count":17,"tested":384,"color":"rgb(44,160,44)"},{"description":"Male","count":1196,"tested":9444,"color":"rgb(31,119,180)"}]}
