{"age":[{"age_group":"<20","count":41,"tested":384},{"age_group":"20-29   ","count":38,"tested":291},{"age_group":"30-39   ","count":32,"tested":271},{"age_group":"40-49   ","count":37,"tested":270},{"age_group":"50-59   ","count":45,"tested":361},{"age_group":"60-69   ","count":32,"tested":292},{"age_group":"70-79   ","count":9,"tested":140},{"age_group":"80+","count":11,"tested":58}],"race":[{"description":"White","count":154,"tested":962,"color":"rgb(31,119,180)"},{"description":"Left Blank","count":85,"tested":1060,"color":"rgb(44,160,44)"}],"gender":[{"description":"Male","count":114,"tested":756,"color":"rgb(31,119,180)"},{"description":"Female","count":131,"tested":1272,"color":"rgb(255,127,14)"}]}
