{"age":[{"age_group":"<20","count":193,"tested":1351},{"age_group":"20-29   ","count":260,"tested":2745},{"age_group":"30-39   ","count":252,"tested":2446},{"age_group":"40-49   ","count":213,"tested":2097},{"age_group":"50-59   ","count":280,"tested":2585},{"age_group":"60-69   ","count":203,"tested":2499},{"age_group":"70-79   ","count":131,"tested":1495},{"age_group":"80+","count":79,"tested":770}],"race":[{"description":"Hispanic","count":106,"tested":564,"color":"rgb(214,39,40)"},{"description":"Asian","count":27,"tested":171,"color":"rgb(140,86,75)"},{"description":"Black","count":49,"tested":427,"color":"rgb(255,127,14)"},{"description":"White","count":615,"tested":4180,"color":"rgb(31,119,180)"},{"description":"Left Blank","count":717,"tested":10100,"color":"rgb(44,160,44)"},{"description":"Other","count":93,"tested":544,"color":"rgb(148,103,189)"}],"gender":[{"description":"Unknown/Left Blank","count":22,"tested":197,"color":"rgb(44,160,44)"},{"description":"Male","count":754,"tested":6086,"color":"rgb(31,119,180)"},{"description":"Female","count":835,"tested":9715,"color":"rgb(255,127,14)"}]}
