{"age":[{"age_group":"<20","count":96,"tested":901},{"age_group":"20-29   ","count":204,"tested":2138},{"age_group":"30-39   ","count":167,"tested":2082},{"age_group":"40-49   ","count":143,"tested":1472},{"age_group":"50-59   ","count":113,"tested":1315},{"age_group":"60-69   ","count":64,"tested":1013},{"age_group":"70-79   ","count":28,"tested":428},{"age_group":"80+","count":28,"tested":408}],"race":[{"description":"Left Blank","count":340,"tested":5130,"color":"rgb(44,160,44)"},{"description":"Other","count":48,"tested":282,"color":"rgb(148,103,189)"},{"description":"Hispanic","count":108,"tested":602,"color":"rgb(214,39,40)"},{"description":"White","count":222,"tested":2153,"color":"rgb(31,119,180)"},{"description":"Black","count":29,"tested":383,"color":"rgb(255,127,14)"},{"description":"Asian","count":93,"tested":1153,"color":"rgb(140,86,75)"}],"gender":[{"description":"Male","count":406,"tested":4229,"color":"rgb(31,119,180)"},{"description":"Female","count":433,"tested":5442,"color":"rgb(255,127,14)"}]}
