{"age":[{"age_group":"<20","count":257,"tested":2322},{"age_group":"20-29   ","count":317,"tested":4110},{"age_group":"30-39   ","count":278,"tested":3990},{"age_group":"40-49   ","count":296,"tested":4389},{"age_group":"50-59   ","count":333,"tested":5551},{"age_group":"60-69   ","count":287,"tested":5463},{"age_group":"70-79   ","count":174,"tested":3641},{"age_group":"80+","count":156,"tested":4046}],"race":[{"description":"Left Blank","count":841,"tested":19443,"color":"rgb(44,160,44)"},{"description":"Hispanic","count":120,"tested":677,"color":"rgb(214,39,40)"},{"description":"Asian","count":9,"tested":106,"color":"rgb(140,86,75)"},{"description":"White","count":146,"tested":1725,"color":"rgb(31,119,180)"},{"description":"Black","count":948,"tested":11360,"color":"rgb(255,127,14)"},{"description":"Other","count":34,"tested":336,"color":"rgb(148,103,189)"}],"gender":[{"description":"Female","count":1154,"tested":20694,"color":"rgb(255,127,14)"},{"description":"Male","count":912,"tested":12388,"color":"rgb(31,119,180)"},{"description":"Unknown/Left Blank","count":34,"tested":636,"color":"rgb(44,160,44)"}]}
