{"age":[{"age_group":"<20","count":83,"tested":806},{"age_group":"20-29   ","count":91,"tested":971},{"age_group":"30-39   ","count":98,"tested":1005},{"age_group":"40-49   ","count":110,"tested":960},{"age_group":"50-59   ","count":97,"tested":1193},{"age_group":"60-69   ","count":78,"tested":742},{"age_group":"70-79   ","count":33,"tested":467},{"age_group":"80+","count":8,"tested":185}],"race":[{"description":"Hispanic","count":36,"tested":109,"color":"rgb(214,39,40)"},{"description":"White","count":331,"tested":2988,"color":"rgb(31,119,180)"},{"description":"Left Blank","count":218,"tested":3136,"color":"rgb(44,160,44)"}],"gender":[{"description":"Female","count":319,"tested":3712,"color":"rgb(255,127,14)"},{"description":"Male","count":276,"tested":2464,"color":"rgb(31,119,180)"}]}
