{"age":[{"age_group":"<20","count":179,"tested":1278},{"age_group":"20-29   ","count":242,"tested":2378},{"age_group":"30-39   ","count":222,"tested":2067},{"age_group":"40-49   ","count":248,"tested":2218},{"age_group":"50-59   ","count":210,"tested":2355},{"age_group":"60-69   ","count":164,"tested":2437},{"age_group":"70-79   ","count":67,"tested":1364},{"age_group":"80+","count":41,"tested":1020}],"race":[{"description":"Black","count":249,"tested":2286,"color":"rgb(255,127,14)"},{"description":"Asian","count":23,"tested":122,"color":"rgb(140,86,75)"},{"description":"White","count":119,"tested":968,"color":"rgb(31,119,180)"},{"description":"Hispanic","count":275,"tested":1142,"color":"rgb(214,39,40)"},{"description":"Left Blank","count":673,"tested":10249,"color":"rgb(44,160,44)"},{"description":"Other","count":34,"tested":377,"color":"rgb(148,103,189)"}],"gender":[{"description":"Male","count":657,"tested":6506,"color":"rgb(31,119,180)"},{"description":"Unknown/Left Blank","count":10,"tested":519,"color":"rgb(44,160,44)"},{"description":"Female","count":706,"tested":8123,"color":"rgb(255,127,14)"}]}
