{"age":[{"age_group":"<20","count":313,"tested":2462},{"age_group":"20-29   ","count":437,"tested":4503},{"age_group":"30-39   ","count":354,"tested":4227},{"age_group":"40-49   ","count":415,"tested":3718},{"age_group":"50-59   ","count":416,"tested":4548},{"age_group":"60-69   ","count":360,"tested":4314},{"age_group":"70-79   ","count":193,"tested":2609},{"age_group":"80+","count":174,"tested":3490}],"race":[{"description":"Other","count":97,"tested":705,"color":"rgb(148,103,189)"},{"description":"Left Blank","count":893,"tested":16370,"color":"rgb(44,160,44)"},{"description":"White","count":1212,"tested":9563,"color":"rgb(31,119,180)"},{"description":"Black","count":28,"tested":380,"color":"rgb(255,127,14)"},{"description":"Asian","count":134,"tested":1292,"color":"rgb(140,86,75)"},{"description":"Hispanic","count":290,"tested":1520,"color":"rgb(214,39,40)"},{"description":"NH/PI*","count":6,"tested":42,"color":"rgb(127,127,127)"}],"gender":[{"description":"Female","count":1363,"tested":17236,"color":"rgb(255,127,14)"},{"description":"Unknown/Left Blank","count":11,"tested":490,"color":"rgb(44,160,44)"},{"description":"Male","count":1288,"tested":12165,"color":"rgb(31,119,180)"}]}
