{"age":[{"age_group":"<20","count":531,"tested":5965},{"age_group":"20-29   ","count":393,"tested":5519},{"age_group":"30-39   ","count":266,"tested":4305},{"age_group":"40-49   ","count":414,"tested":5003},{"age_group":"50-59   ","count":510,"tested":6609},{"age_group":"60-69   ","count":315,"tested":5565},{"age_group":"70-79   ","count":182,"tested":3548},{"age_group":"80+","count":150,"tested":3567}],"race":[{"description":"Hispanic","count":104,"tested":1311,"color":"rgb(214,39,40)"},{"description":"Asian","count":142,"tested":1832,"color":"rgb(140,86,75)"},{"description":"White","count":1416,"tested":17590,"color":"rgb(31,119,180)"},{"description":"Black","count":21,"tested":369,"color":"rgb(255,127,14)"},{"description":"Other","count":93,"tested":825,"color":"rgb(148,103,189)"},{"description":"Left Blank","count":980,"tested":18076,"color":"rgb(44,160,44)"}],"gender":[{"description":"Male","count":1371,"tested":17177,"color":"rgb(31,119,180)"},{"description":"Unknown/Left Blank","count":36,"tested":883,"color":"rgb(44,160,44)"},{"description":"Female","count":1354,"tested":22026,"color":"rgb(255,127,14)"}]}
