{"age":[{"age_group":"<20","count":246,"tested":2709},{"age_group":"20-29   ","count":365,"tested":4546},{"age_group":"30-39   ","count":375,"tested":4830},{"age_group":"40-49   ","count":295,"tested":3814},{"age_group":"50-59   ","count":317,"tested":4735},{"age_group":"60-69   ","count":272,"tested":4223},{"age_group":"70-79   ","count":132,"tested":1927},{"age_group":"80+","count":87,"tested":1530}],"race":[{"description":"Other","count":26,"tested":402,"color":"rgb(148,103,189)"},{"description":"Left Blank","count":493,"tested":9649,"color":"rgb(44,160,44)"},{"description":"Black","count":1400,"tested":16923,"color":"rgb(255,127,14)"},{"description":"White","count":29,"tested":524,"color":"rgb(31,119,180)"},{"description":"Hispanic","count":133,"tested":723,"color":"rgb(214,39,40)"}],"gender":[{"description":"Male","count":913,"tested":12237,"color":"rgb(31,119,180)"},{"description":"Unknown/Left Blank","count":16,"tested":698,"color":"rgb(44,160,44)"},{"description":"Female","count":1160,"tested":15391,"color":"rgb(255,127,14)"}]}
