{"age":[{"age_group":"<20","count":50,"tested":382},{"age_group":"20-29   ","count":76,"tested":847},{"age_group":"30-39   ","count":59,"tested":716},{"age_group":"40-49   ","count":66,"tested":739},{"age_group":"50-59   ","count":46,"tested":684},{"age_group":"60-69   ","count":45,"tested":648},{"age_group":"70-79   ","count":17,"tested":265},{"age_group":"80+","count":11,"tested":191}],"race":[{"description":"Other","count":16,"tested":110,"color":"rgb(148,103,189)"},{"description":"Left Blank","count":108,"tested":1561,"color":"rgb(44,160,44)"},{"description":"White","count":146,"tested":1964,"color":"rgb(31,119,180)"},{"description":"Hispanic","count":92,"tested":492,"color":"rgb(214,39,40)"}],"gender":[{"description":"Female","count":215,"tested":2642,"color":"rgb(255,127,14)"},{"description":"Male","count":155,"tested":1757,"color":"rgb(31,119,180)"}]}
