{"age":[{"age_group":"<20","count":391,"tested":3247},{"age_group":"20-29   ","count":310,"tested":2878},{"age_group":"30-39   ","count":304,"tested":3607},{"age_group":"40-49   ","count":373,"tested":3877},{"age_group":"50-59   ","count":319,"tested":3289},{"age_group":"60-69   ","count":211,"tested":2777},{"age_group":"70-79   ","count":140,"tested":1983},{"age_group":"80+","count":89,"tested":1201}],"race":[{"description":"Black","count":35,"tested":347,"color":"rgb(255,127,14)"},{"description":"Asian","count":149,"tested":1530,"color":"rgb(140,86,75)"},{"description":"Hispanic","count":274,"tested":1354,"color":"rgb(214,39,40)"},{"description":"Left Blank","count":610,"tested":9917,"color":"rgb(44,160,44)"},{"description":"White","count":981,"tested":9218,"color":"rgb(31,119,180)"},{"description":"Other","count":83,"tested":457,"color":"rgb(148,103,189)"},{"description":"NH/PI*","count":6,"tested":27,"color":"rgb(127,127,127)"}],"gender":[{"description":"Female","count":1099,"tested":12648,"color":"rgb(255,127,14)"},{"description":"Male","count":1019,"tested":9874,"color":"rgb(31,119,180)"},{"description":"Unknown/Left Blank","count":20,"tested":345,"color":"rgb(44,160,44)"}]}
