{"age":[{"age_group":"<20","count":819,"tested":10182},{"age_group":"20-29   ","count":1257,"tested":20069},{"age_group":"30-39   ","count":1333,"tested":22350},{"age_group":"40-49   ","count":1139,"tested":14925},{"age_group":"50-59   ","count":894,"tested":13265},{"age_group":"60-69   ","count":648,"tested":11003},{"age_group":"70-79   ","count":302,"tested":6059},{"age_group":"80+","count":204,"tested":4440}],"race":[{"description":"White","count":1558,"tested":28893,"color":"rgb(31,119,180)"},{"description":"Asian","count":577,"tested":6357,"color":"rgb(140,86,75)"},{"description":"Black","count":186,"tested":4533,"color":"rgb(255,127,14)"},{"description":"Other","count":428,"tested":4791,"color":"rgb(148,103,189)"},{"description":"AI/AN**","count":18,"tested":105,"color":"rgb(31,119,180)"},{"description":"Hispanic","count":2402,"tested":13697,"color":"rgb(214,39,40)"},{"description":"NH/PI*","count":15,"tested":313,"color":"rgb(127,127,127)"},{"description":"Left Blank","count":1413,"tested":43663,"color":"rgb(44,160,44)"}],"gender":[{"description":"Female","count":3216,"tested":53920,"color":"rgb(255,127,14)"},{"description":"Male","count":3239,"tested":44967,"color":"rgb(31,119,180)"},{"description":"Unknown/Left Blank","count":142,"tested":3465,"color":"rgb(44,160,44)"}]}
