{"age":[{"age_group":"<20","count":444,"tested":3588},{"age_group":"20-29   ","count":558,"tested":5117},{"age_group":"30-39   ","count":562,"tested":5079},{"age_group":"40-49   ","count":556,"tested":4933},{"age_group":"50-59   ","count":440,"tested":4126},{"age_group":"60-69   ","count":222,"tested":2806},{"age_group":"70-79   ","count":122,"tested":1620},{"age_group":"80+","count":109,"tested":1133}],"race":[{"description":"Black","count":302,"tested":2746,"color":"rgb(255,127,14)"},{"description":"Asian","count":43,"tested":378,"color":"rgb(140,86,75)"},{"description":"Hispanic","count":577,"tested":2732,"color":"rgb(214,39,40)"},{"description":"White","count":1176,"tested":10488,"color":"rgb(31,119,180)"},{"description":"Other","count":68,"tested":1212,"color":"rgb(148,103,189)"},{"description":"Left Blank","count":834,"tested":10792,"color":"rgb(44,160,44)"},{"description":"AI/AN**","count":12,"tested":36,"color":"rgb(31,119,180)"}],"gender":[{"description":"Female","count":1571,"tested":15505,"color":"rgb(255,127,14)"},{"description":"Male","count":1421,"tested":11881,"color":"rgb(31,119,180)"},{"description":"Unknown/Left Blank","count":21,"tested":1023,"color":"rgb(44,160,44)"}]}
