{"age":[{"age_group":"<20","count":273,"tested":1952},{"age_group":"20-29   ","count":410,"tested":3262},{"age_group":"30-39   ","count":383,"tested":3402},{"age_group":"40-49   ","count":346,"tested":2685},{"age_group":"50-59   ","count":343,"tested":2862},{"age_group":"60-69   ","count":211,"tested":2569},{"age_group":"70-79   ","count":99,"tested":1386},{"age_group":"80+","count":50,"tested":635}],"race":[{"description":"Black","count":251,"tested":2514,"color":"rgb(255,127,14)"},{"description":"Other","count":71,"tested":608,"color":"rgb(148,103,189)"},{"description":"White","count":524,"tested":4954,"color":"rgb(31,119,180)"},{"description":"Asian","count":27,"tested":191,"color":"rgb(140,86,75)"},{"description":"Left Blank","count":878,"tested":8615,"color":"rgb(44,160,44)"},{"description":"Hispanic","count":360,"tested":1830,"color":"rgb(214,39,40)"}],"gender":[{"description":"Male","count":981,"tested":7765,"color":"rgb(31,119,180)"},{"description":"Unknown/Left Blank","count":16,"tested":266,"color":"rgb(44,160,44)"},{"description":"Female","count":1118,"tested":10727,"color":"rgb(255,127,14)"}]}
