{"age":[{"age_group":"<20","count":347,"tested":4273},{"age_group":"20-29   ","count":468,"tested":5662},{"age_group":"30-39   ","count":498,"tested":6530},{"age_group":"40-49   ","count":498,"tested":6976},{"age_group":"50-59   ","count":502,"tested":6902},{"age_group":"60-69   ","count":287,"tested":5239},{"age_group":"70-79   ","count":141,"tested":3213},{"age_group":"80+","count":243,"tested":6547}],"race":[{"description":"Black","count":29,"tested":444,"color":"rgb(255,127,14)"},{"description":"Asian","count":60,"tested":1126,"color":"rgb(140,86,75)"},{"description":"White","count":1671,"tested":18111,"color":"rgb(31,119,180)"},{"description":"Hispanic","count":344,"tested":2783,"color":"rgb(214,39,40)"},{"description":"Left Blank","count":717,"tested":21301,"color":"rgb(44,160,44)"},{"description":"Other","count":159,"tested":1508,"color":"rgb(148,103,189)"}],"gender":[{"description":"Female","count":1475,"tested":25391,"color":"rgb(255,127,14)"},{"description":"Male","count":1461,"tested":18166,"color":"rgb(31,119,180)"},{"description":"Unknown/Left Blank","count":49,"tested":1791,"color":"rgb(44,160,44)"}]}
