{"age":[{"age_group":"<20","count":441,"tested":4649},{"age_group":"20-29   ","count":372,"tested":5696},{"age_group":"30-39   ","count":369,"tested":4989},{"age_group":"40-49   ","count":354,"tested":4956},{"age_group":"50-59   ","count":386,"tested":5408},{"age_group":"60-69   ","count":305,"tested":5612},{"age_group":"70-79   ","count":214,"tested":4985},{"age_group":"80+","count":210,"tested":6980}],"race":[{"description":"Left Blank","count":724,"tested":19479,"color":"rgb(44,160,44)"},{"description":"Other","count":147,"tested":2072,"color":"rgb(148,103,189)"},{"description":"Black","count":212,"tested":3299,"color":"rgb(255,127,14)"},{"description":"White","count":1262,"tested":15170,"color":"rgb(31,119,180)"},{"description":"Asian","count":133,"tested":2064,"color":"rgb(140,86,75)"},{"description":"Hispanic","count":163,"tested":1165,"color":"rgb(214,39,40)"},{"description":"AI/AN**","count":8,"tested":43,"color":"rgb(31,119,180)"}],"gender":[{"description":"Female","count":1415,"tested":25953,"color":"rgb(255,127,14)"},{"description":"Male","count":1201,"tested":16667,"color":"rgb(31,119,180)"},{"description":"Unknown/Left Blank","count":35,"tested":702,"color":"rgb(44,160,44)"}]}
