{"age":[{"age_group":"<20","count":250,"tested":4214},{"age_group":"20-29   ","count":651,"tested":20352},{"age_group":"30-39   ","count":764,"tested":16734},{"age_group":"40-49   ","count":554,"tested":10629},{"age_group":"50-59   ","count":446,"tested":9454},{"age_group":"60-69   ","count":333,"tested":6667},{"age_group":"70-79   ","count":138,"tested":2960},{"age_group":"80+","count":56,"tested":1271}],"race":[{"description":"Hispanic","count":468,"tested":4371,"color":"rgb(214,39,40)"},{"description":"White","count":404,"tested":12153,"color":"rgb(31,119,180)"},{"description":"Left Blank","count":728,"tested":33808,"color":"rgb(44,160,44)"},{"description":"Other","count":118,"tested":2863,"color":"rgb(148,103,189)"},{"description":"Asian","count":79,"tested":2940,"color":"rgb(140,86,75)"},{"description":"NH/PI*","count":7,"tested":64,"color":"rgb(127,127,127)"},{"description":"Black","count":1388,"tested":16028,"color":"rgb(255,127,14)"}],"gender":[{"description":"Unknown/Left Blank","count":64,"tested":2592,"color":"rgb(44,160,44)"},{"description":"Male","count":1608,"tested":41991,"color":"rgb(31,119,180)"},{"description":"Female","count":1521,"tested":27711,"color":"rgb(255,127,14)"}]}
