{"age":[{"age_group":"<20","count":248,"tested":2171},{"age_group":"20-29   ","count":220,"tested":1962},{"age_group":"30-39   ","count":192,"tested":1701},{"age_group":"40-49   ","count":244,"tested":1962},{"age_group":"50-59   ","count":217,"tested":2051},{"age_group":"60-69   ","count":141,"tested":1353},{"age_group":"70-79   ","count":53,"tested":743},{"age_group":"80+","count":22,"tested":353}],"race":[{"description":"Other","count":31,"tested":388,"color":"rgb(148,103,189)"},{"description":"Left Blank","count":426,"tested":3903,"color":"rgb(44,160,44)"},{"description":"Hispanic","count":90,"tested":552,"color":"rgb(214,39,40)"},{"description":"White","count":776,"tested":7204,"color":"rgb(31,119,180)"},{"description":"Asian","count":7,"tested":71,"color":"rgb(140,86,75)"},{"description":"Black","count":6,"tested":162,"color":"rgb(255,127,14)"}],"gender":[{"description":"Female","count":687,"tested":6526,"color":"rgb(255,127,14)"},{"description":"Unknown/Left Blank","count":11,"tested":154,"color":"rgb(44,160,44)"},{"description":"Male","count":639,"tested":5616,"color":"rgb(31,119,180)"}]}
