{"age":[{"age_group":"<20","count":639,"tested":4241},{"age_group":"20-29   ","count":274,"tested":2840},{"age_group":"30-39   ","count":319,"tested":2827},{"age_group":"40-49   ","count":231,"tested":2407},{"age_group":"50-59   ","count":232,"tested":2689},{"age_group":"60-69   ","count":166,"tested":2357},{"age_group":"70-79   ","count":92,"tested":2040},{"age_group":"80+","count":134,"tested":5425}],"race":[{"description":"Black","count":19,"tested":294,"color":"rgb(255,127,14)"},{"description":"Asian","count":176,"tested":1865,"color":"rgb(140,86,75)"},{"description":"Hispanic","count":72,"tested":648,"color":"rgb(214,39,40)"},{"description":"Left Blank","count":1115,"tested":15623,"color":"rgb(44,160,44)"},{"description":"Other","count":240,"tested":1322,"color":"rgb(148,103,189)"},{"description":"White","count":455,"tested":5210,"color":"rgb(31,119,180)"},{"description":"AI/AN**","count":6,"tested":64,"color":"rgb(31,119,180)"}],"gender":[{"description":"Unknown/Left Blank","count":23,"tested":330,"color":"rgb(44,160,44)"},{"description":"Male","count":1045,"tested":10637,"color":"rgb(31,119,180)"},{"description":"Female","count":1020,"tested":14087,"color":"rgb(255,127,14)"}]}
