{"age":[{"age_group":"<20","count":478,"tested":3464},{"age_group":"20-29   ","count":708,"tested":6771},{"age_group":"30-39   ","count":592,"tested":5723},{"age_group":"40-49   ","count":506,"tested":4858},{"age_group":"50-59   ","count":574,"tested":5930},{"age_group":"60-69   ","count":444,"tested":5283},{"age_group":"70-79   ","count":229,"tested":2971},{"age_group":"80+","count":121,"tested":1935}],"race":[{"description":"Left Blank","count":1425,"tested":16810,"color":"rgb(44,160,44)"},{"description":"White","count":1664,"tested":14822,"color":"rgb(31,119,180)"},{"description":"Other","count":144,"tested":1302,"color":"rgb(148,103,189)"},{"description":"Black","count":151,"tested":2003,"color":"rgb(255,127,14)"},{"description":"Asian","count":75,"tested":710,"color":"rgb(140,86,75)"},{"description":"Hispanic","count":186,"tested":1209,"color":"rgb(214,39,40)"}],"gender":[{"description":"Unknown/Left Blank","count":27,"tested":617,"color":"rgb(44,160,44)"},{"description":"Male","count":1711,"tested":15189,"color":"rgb(31,119,180)"},{"description":"Female","count":1914,"tested":21142,"color":"rgb(255,127,14)"}]}
