{"age":[{"age_group":"<20","count":296,"tested":2498},{"age_group":"20-29   ","count":308,"tested":2809},{"age_group":"30-39   ","count":284,"tested":2607},{"age_group":"40-49   ","count":380,"tested":2966},{"age_group":"50-59   ","count":315,"tested":2987},{"age_group":"60-69   ","count":167,"tested":2350},{"age_group":"70-79   ","count":140,"tested":2201},{"age_group":"80+","count":78,"tested":2577}],"race":[{"description":"Hispanic","count":208,"tested":990,"color":"rgb(214,39,40)"},{"description":"Left Blank","count":611,"tested":8687,"color":"rgb(44,160,44)"},{"description":"Other","count":50,"tested":716,"color":"rgb(148,103,189)"},{"description":"Asian","count":18,"tested":269,"color":"rgb(140,86,75)"},{"description":"White","count":1010,"tested":9436,"color":"rgb(31,119,180)"},{"description":"Black","count":67,"tested":858,"color":"rgb(255,127,14)"}],"gender":[{"description":"Male","count":985,"tested":8723,"color":"rgb(31,119,180)"},{"description":"Unknown/Left Blank","count":19,"tested":504,"color":"rgb(44,160,44)"},{"description":"Female","count":964,"tested":11770,"color":"rgb(255,127,14)"}]}
