{"age":[{"age_group":"<20","count":77,"tested":1821},{"age_group":"20-29   ","count":746,"tested":16304},{"age_group":"30-39   ","count":518,"tested":11990},{"age_group":"40-49   ","count":188,"tested":4579},{"age_group":"50-59   ","count":206,"tested":4922},{"age_group":"60-69   ","count":171,"tested":4450},{"age_group":"70-79   ","count":117,"tested":3370},{"age_group":"80+","count":118,"tested":3055}],"race":[{"description":"NH/PI*","count":7,"tested":35,"color":"rgb(127,127,127)"},{"description":"Black","count":85,"tested":1677,"color":"rgb(255,127,14)"},{"description":"Asian","count":171,"tested":5023,"color":"rgb(140,86,75)"},{"description":"Other","count":202,"tested":2752,"color":"rgb(148,103,189)"},{"description":"Left Blank","count":441,"tested":19050,"color":"rgb(44,160,44)"},{"description":"White","count":1108,"tested":20583,"color":"rgb(31,119,180)"},{"description":"Hispanic","count":126,"tested":1276,"color":"rgb(214,39,40)"}],"gender":[{"description":"Female","count":1097,"tested":27221,"color":"rgb(255,127,14)"},{"description":"Male","count":996,"tested":22519,"color":"rgb(31,119,180)"},{"description":"Unknown/Left Blank","count":48,"tested":754,"color":"rgb(44,160,44)"}]}
