{"age":[{"age_group":"<20","count":307,"tested":3196},{"age_group":"20-29   ","count":349,"tested":3683},{"age_group":"30-39   ","count":283,"tested":3090},{"age_group":"40-49   ","count":263,"tested":2862},{"age_group":"50-59   ","count":369,"tested":3845},{"age_group":"60-69   ","count":233,"tested":3122},{"age_group":"70-79   ","count":65,"tested":1360},{"age_group":"80+","count":29,"tested":1358}],"race":[{"description":"Other","count":33,"tested":354,"color":"rgb(148,103,189)"},{"description":"Asian","count":26,"tested":284,"color":"rgb(140,86,75)"},{"description":"Left Blank","count":578,"tested":8948,"color":"rgb(44,160,44)"},{"description":"White","count":1010,"tested":11704,"color":"rgb(31,119,180)"},{"description":"Hispanic","count":237,"tested":1072,"color":"rgb(214,39,40)"}],"gender":[{"description":"Female","count":982,"tested":12869,"color":"rgb(255,127,14)"},{"description":"Male","count":900,"tested":9476,"color":"rgb(31,119,180)"}]}
