{"age":[{"age_group":"<20","count":96,"tested":995},{"age_group":"20-29   ","count":108,"tested":951},{"age_group":"30-39   ","count":95,"tested":1106},{"age_group":"40-49   ","count":101,"tested":897},{"age_group":"50-59   ","count":116,"tested":1200},{"age_group":"60-69   ","count":63,"tested":1176},{"age_group":"70-79   ","count":44,"tested":491},{"age_group":"80+","count":49,"tested":317}],"race":[{"description":"Hispanic","count":13,"tested":110,"color":"rgb(214,39,40)"},{"description":"White","count":400,"tested":4248,"color":"rgb(31,119,180)"},{"description":"Left Blank","count":252,"tested":2603,"color":"rgb(44,160,44)"},{"description":"Other","count":11,"tested":105,"color":"rgb(148,103,189)"}],"gender":[{"description":"Male","count":294,"tested":2503,"color":"rgb(31,119,180)"},{"description":"Female","count":381,"tested":4449,"color":"rgb(255,127,14)"}]}
