{"age":[{"age_group":"<20","count":270,"tested":2722},{"age_group":"20-29   ","count":289,"tested":3190},{"age_group":"30-39   ","count":241,"tested":3139},{"age_group":"40-49   ","count":267,"tested":2638},{"age_group":"50-59   ","count":304,"tested":3280},{"age_group":"60-69   ","count":221,"tested":3458},{"age_group":"70-79   ","count":102,"tested":2203},{"age_group":"80+","count":55,"tested":1224}],"race":[{"description":"Black","count":41,"tested":396,"color":"rgb(255,127,14)"},{"description":"Hispanic","count":135,"tested":735,"color":"rgb(214,39,40)"},{"description":"White","count":908,"tested":8043,"color":"rgb(31,119,180)"},{"description":"Asian","count":86,"tested":1218,"color":"rgb(140,86,75)"},{"description":"Other","count":78,"tested":852,"color":"rgb(148,103,189)"},{"description":"Left Blank","count":498,"tested":10565,"color":"rgb(44,160,44)"}],"gender":[{"description":"Female","count":870,"tested":11989,"color":"rgb(255,127,14)"},{"description":"Unknown/Left Blank","count":25,"tested":153,"color":"rgb(44,160,44)"},{"description":"Male","count":854,"tested":9716,"color":"rgb(31,119,180)"}]}
