{"age":[{"age_group":"<20","count":1174,"tested":10161},{"age_group":"20-29   ","count":1336,"tested":14098},{"age_group":"30-39   ","count":1162,"tested":12427},{"age_group":"40-49   ","count":1184,"tested":11859},{"age_group":"50-59   ","count":1088,"tested":11892},{"age_group":"60-69   ","count":781,"tested":10364},{"age_group":"70-79   ","count":396,"tested":6302},{"age_group":"80+","count":226,"tested":3770}],"race":[{"description":"Left Blank","count":1859,"tested":27076,"color":"rgb(44,160,44)"},{"description":"Other","count":159,"tested":1898,"color":"rgb(148,103,189)"},{"description":"White","count":652,"tested":6877,"color":"rgb(31,119,180)"},{"description":"Asian","count":18,"tested":156,"color":"rgb(140,86,75)"},{"description":"Hispanic","count":2572,"tested":16945,"color":"rgb(214,39,40)"},{"description":"Black","count":2069,"tested":27734,"color":"rgb(255,127,14)"},{"description":"AI/AN**","count":17,"tested":161,"color":"rgb(31,119,180)"}],"gender":[{"description":"Male","count":3370,"tested":33487,"color":"rgb(31,119,180)"},{"description":"Unknown/Left Blank","count":37,"tested":1100,"color":"rgb(44,160,44)"},{"description":"Female","count":3940,"tested":46327,"color":"rgb(255,127,14)"}]}
