{"age":[{"age_group":"<20","count":282,"tested":3760},{"age_group":"20-29   ","count":506,"tested":7708},{"age_group":"30-39   ","count":518,"tested":8862},{"age_group":"40-49   ","count":450,"tested":8654},{"age_group":"50-59   ","count":471,"tested":9592},{"age_group":"60-69   ","count":413,"tested":8645},{"age_group":"70-79   ","count":234,"tested":4222},{"age_group":"80+","count":176,"tested":2685}],"race":[{"description":"Other","count":50,"tested":650,"color":"rgb(148,103,189)"},{"description":"Asian","count":9,"tested":173,"color":"rgb(140,86,75)"},{"description":"White","count":44,"tested":1063,"color":"rgb(31,119,180)"},{"description":"Black","count":2167,"tested":27025,"color":"rgb(255,127,14)"},{"description":"Left Blank","count":691,"tested":24461,"color":"rgb(44,160,44)"},{"description":"Hispanic","count":80,"tested":666,"color":"rgb(214,39,40)"}],"gender":[{"description":"Male","count":1299,"tested":21393,"color":"rgb(31,119,180)"},{"description":"Female","count":1706,"tested":30331,"color":"rgb(255,127,14)"},{"description":"Unknown/Left Blank","count":45,"tested":2422,"color":"rgb(44,160,44)"}]}
