{"age":[{"age_group":"<20","count":622,"tested":1242},{"age_group":"20-29   ","count":517,"tested":3159},{"age_group":"30-39   ","count":228,"tested":1254},{"age_group":"40-49   ","count":207,"tested":1199},{"age_group":"50-59   ","count":167,"tested":1193},{"age_group":"60-69   ","count":126,"tested":900},{"age_group":"70-79   ","count":63,"tested":327},{"age_group":"80+","count":37,"tested":172}],"race":[{"description":"Other","count":75,"tested":365,"color":"rgb(148,103,189)"},{"description":"Black","count":399,"tested":2070,"color":"rgb(255,127,14)"},{"description":"White","count":498,"tested":1681,"color":"rgb(31,119,180)"},{"description":"Asian","count":74,"tested":453,"color":"rgb(140,86,75)"},{"description":"Left Blank","count":172,"tested":2070,"color":"rgb(44,160,44)"},{"description":"NH/PI*","count":26,"tested":44,"color":"rgb(127,127,127)"},{"description":"Hispanic","count":697,"tested":2755,"color":"rgb(214,39,40)"},{"description":"AI/AN**","count":26,"tested":14,"color":"rgb(31,119,180)"}],"gender":[{"description":"Unknown/Left Blank","count":32,"tested":139,"color":"rgb(44,160,44)"},{"description":"Male","count":1132,"tested":3840,"color":"rgb(31,119,180)"},{"description":"Female","count":738,"tested":5473,"color":"rgb(255,127,14)"}]}
