{"age":[{"age_group":"<20","count":458,"tested":3347},{"age_group":"20-29   ","count":657,"tested":6778},{"age_group":"30-39   ","count":571,"tested":6080},{"age_group":"40-49   ","count":580,"tested":6018},{"age_group":"50-59   ","count":523,"tested":7112},{"age_group":"60-69   ","count":401,"tested":5553},{"age_group":"70-79   ","count":236,"tested":2767},{"age_group":"80+","count":145,"tested":1936}],"race":[{"description":"Black","count":1038,"tested":11639,"color":"rgb(255,127,14)"},{"description":"AI/AN**","count":69,"tested":152,"color":"rgb(31,119,180)"},{"description":"Other","count":157,"tested":1022,"color":"rgb(148,103,189)"},{"description":"White","count":401,"tested":4814,"color":"rgb(31,119,180)"},{"description":"Left Blank","count":1228,"tested":19239,"color":"rgb(44,160,44)"},{"description":"Hispanic","count":576,"tested":2629,"color":"rgb(214,39,40)"}],"gender":[{"description":"Male","count":1474,"tested":17322,"color":"rgb(31,119,180)"},{"description":"Unknown/Left Blank","count":74,"tested":655,"color":"rgb(44,160,44)"},{"description":"Female","count":1784,"tested":21630,"color":"rgb(255,127,14)"}]}
