{"age":[{"age_group":"<20","count":280,"tested":3370},{"age_group":"20-29   ","count":386,"tested":3436},{"age_group":"30-39   ","count":298,"tested":3451},{"age_group":"40-49   ","count":284,"tested":3065},{"age_group":"50-59   ","count":306,"tested":3036},{"age_group":"60-69   ","count":222,"tested":2941},{"age_group":"70-79   ","count":149,"tested":2187},{"age_group":"80+","count":191,"tested":2371}],"race":[{"description":"Left Blank","count":508,"tested":11691,"color":"rgb(44,160,44)"},{"description":"Hispanic","count":336,"tested":1554,"color":"rgb(214,39,40)"},{"description":"Asian","count":66,"tested":372,"color":"rgb(140,86,75)"},{"description":"White","count":955,"tested":8722,"color":"rgb(31,119,180)"},{"description":"Black","count":154,"tested":1140,"color":"rgb(255,127,14)"},{"description":"Other","count":57,"tested":368,"color":"rgb(148,103,189)"}],"gender":[{"description":"Female","count":1049,"tested":13739,"color":"rgb(255,127,14)"},{"description":"Male","count":946,"tested":9813,"color":"rgb(31,119,180)"},{"description":"Unknown/Left Blank","count":31,"tested":309,"color":"rgb(44,160,44)"}]}
