{"age":[{"age_group":"<20","count":68,"tested":508},{"age_group":"20-29   ","count":69,"tested":867},{"age_group":"30-39   ","count":63,"tested":810},{"age_group":"40-49   ","count":82,"tested":1079},{"age_group":"50-59   ","count":83,"tested":1204},{"age_group":"60-69   ","count":71,"tested":1145},{"age_group":"70-79   ","count":35,"tested":555},{"age_group":"80+","count":24,"tested":350}],"race":[{"description":"Other","count":12,"tested":89,"color":"rgb(148,103,189)"},{"description":"Black","count":220,"tested":2426,"color":"rgb(255,127,14)"},{"description":"White","count":47,"tested":561,"color":"rgb(31,119,180)"},{"description":"Left Blank","count":177,"tested":3235,"color":"rgb(44,160,44)"},{"description":"Hispanic","count":35,"tested":184,"color":"rgb(214,39,40)"}],"gender":[{"description":"Female","count":254,"tested":3842,"color":"rgb(255,127,14)"},{"description":"Male","count":233,"tested":2478,"color":"rgb(31,119,180)"}]}
