{"age":[{"age_group":"<20","count":243,"tested":2960},{"age_group":"20-29   ","count":273,"tested":3169},{"age_group":"30-39   ","count":179,"tested":2632},{"age_group":"40-49   ","count":219,"tested":2619},{"age_group":"50-59   ","count":212,"tested":3155},{"age_group":"60-69   ","count":197,"tested":2869},{"age_group":"70-79   ","count":108,"tested":1468},{"age_group":"80+","count":97,"tested":595}],"race":[{"description":"Hispanic","count":112,"tested":521,"color":"rgb(214,39,40)"},{"description":"White","count":513,"tested":7633,"color":"rgb(31,119,180)"},{"description":"Left Blank","count":517,"tested":8977,"color":"rgb(44,160,44)"},{"description":"Asian","count":131,"tested":1293,"color":"rgb(140,86,75)"},{"description":"Black","count":94,"tested":440,"color":"rgb(255,127,14)"},{"description":"Other","count":72,"tested":572,"color":"rgb(148,103,189)"}],"gender":[{"description":"Unknown/Left Blank","count":50,"tested":247,"color":"rgb(44,160,44)"},{"description":"Male","count":617,"tested":8662,"color":"rgb(31,119,180)"},{"description":"Female","count":646,"tested":10559,"color":"rgb(255,127,14)"}]}
