{"age":[{"age_group":"<20","count":125,"tested":1018},{"age_group":"20-29   ","count":214,"tested":1861},{"age_group":"30-39   ","count":193,"tested":1601},{"age_group":"40-49   ","count":242,"tested":2147},{"age_group":"50-59   ","count":198,"tested":2300},{"age_group":"60-69   ","count":135,"tested":1970},{"age_group":"70-79   ","count":81,"tested":1145},{"age_group":"80+","count":68,"tested":666}],"race":[{"description":"Asian","count":19,"tested":73,"color":"rgb(140,86,75)"},{"description":"Black","count":600,"tested":5507,"color":"rgb(255,127,14)"},{"description":"White","count":92,"tested":1037,"color":"rgb(31,119,180)"},{"description":"Hispanic","count":72,"tested":273,"color":"rgb(214,39,40)"},{"description":"Other","count":28,"tested":234,"color":"rgb(148,103,189)"},{"description":"Left Blank","count":417,"tested":5536,"color":"rgb(44,160,44)"}],"gender":[{"description":"Female","count":649,"tested":7490,"color":"rgb(255,127,14)"},{"description":"Male","count":507,"tested":4744,"color":"rgb(31,119,180)"},{"description":"Unknown/Left Blank","count":40,"tested":474,"color":"rgb(44,160,44)"}]}
