{"age":[{"age_group":"<20","count":30,"tested":191},{"age_group":"20-29   ","count":33,"tested":313},{"age_group":"30-39   ","count":30,"tested":428},{"age_group":"40-49   ","count":38,"tested":423},{"age_group":"50-59   ","count":35,"tested":585},{"age_group":"60-69   ","count":26,"tested":536},{"age_group":"70-79   ","count":9,"tested":234}],"race":[{"description":"Black","count":115,"tested":1381,"color":"rgb(255,127,14)"},{"description":"Hispanic","count":12,"tested":63,"color":"rgb(214,39,40)"},{"description":"Left Blank","count":66,"tested":1268,"color":"rgb(44,160,44)"}],"gender":[{"description":"Female","count":91,"tested":1479,"color":"rgb(255,127,14)"},{"description":"Male","count":109,"tested":1348,"color":"rgb(31,119,180)"}]}
