{"age":[{"age_group":"<20","count":235,"tested":2619},{"age_group":"20-29   ","count":225,"tested":2401},{"age_group":"30-39   ","count":200,"tested":2328},{"age_group":"40-49   ","count":183,"tested":1939},{"age_group":"50-59   ","count":236,"tested":2592},{"age_group":"60-69   ","count":136,"tested":2074},{"age_group":"70-79   ","count":71,"tested":1324},{"age_group":"80+","count":80,"tested":1765}],"race":[{"description":"Asian","count":46,"tested":231,"color":"rgb(140,86,75)"},{"description":"White","count":690,"tested":8840,"color":"rgb(31,119,180)"},{"description":"Left Blank","count":323,"tested":6601,"color":"rgb(44,160,44)"},{"description":"Hispanic","count":144,"tested":759,"color":"rgb(214,39,40)"},{"description":"Black","count":54,"tested":314,"color":"rgb(255,127,14)"},{"description":"Other","count":50,"tested":281,"color":"rgb(148,103,189)"}],"gender":[{"description":"Male","count":564,"tested":7194,"color":"rgb(31,119,180)"},{"description":"Female","count":629,"tested":9633,"color":"rgb(255,127,14)"}]}
