{"age":[{"age_group":"<20","count":177,"tested":1435},{"age_group":"20-29   ","count":284,"tested":2770},{"age_group":"30-39   ","count":222,"tested":2460},{"age_group":"40-49   ","count":242,"tested":2147},{"age_group":"50-59   ","count":246,"tested":2736},{"age_group":"60-69   ","count":236,"tested":2809},{"age_group":"70-79   ","count":146,"tested":1704},{"age_group":"80+","count":152,"tested":2185}],"race":[{"description":"White","count":674,"tested":5849,"color":"rgb(31,119,180)"},{"description":"Other","count":84,"tested":401,"color":"rgb(148,103,189)"},{"description":"Left Blank","count":548,"tested":10165,"color":"rgb(44,160,44)"},{"description":"Black","count":43,"tested":213,"color":"rgb(255,127,14)"},{"description":"Asian","count":89,"tested":636,"color":"rgb(140,86,75)"},{"description":"Hispanic","count":206,"tested":961,"color":"rgb(214,39,40)"}],"gender":[{"description":"Female","count":804,"tested":10471,"color":"rgb(255,127,14)"},{"description":"Male","count":733,"tested":7516,"color":"rgb(31,119,180)"},{"description":"Unknown/Left Blank","count":33,"tested":268,"color":"rgb(44,160,44)"}]}
