{"age":[{"age_group":"<20","count":406,"tested":2746},{"age_group":"20-29   ","count":509,"tested":3967},{"age_group":"30-39   ","count":441,"tested":3218},{"age_group":"40-49   ","count":445,"tested":3215},{"age_group":"50-59   ","count":418,"tested":3916},{"age_group":"60-69   ","count":273,"tested":3217},{"age_group":"70-79   ","count":150,"tested":1436},{"age_group":"80+","count":92,"tested":808}],"race":[{"description":"Black","count":54,"tested":257,"color":"rgb(255,127,14)"},{"description":"Asian","count":113,"tested":533,"color":"rgb(140,86,75)"},{"description":"Hispanic","count":1098,"tested":3953,"color":"rgb(214,39,40)"},{"description":"White","count":521,"tested":4860,"color":"rgb(31,119,180)"},{"description":"Other","count":87,"tested":523,"color":"rgb(148,103,189)"},{"description":"Left Blank","count":792,"tested":12368,"color":"rgb(44,160,44)"}],"gender":[{"description":"Female","count":1212,"tested":12085,"color":"rgb(255,127,14)"},{"description":"Male","count":1317,"tested":9997,"color":"rgb(31,119,180)"},{"description":"Unknown/Left Blank","count":40,"tested":445,"color":"rgb(44,160,44)"}]}
