{"age":[{"age_group":"<20","count":198,"tested":1873},{"age_group":"20-29   ","count":244,"tested":2075},{"age_group":"30-39   ","count":153,"tested":1857},{"age_group":"40-49   ","count":218,"tested":1766},{"age_group":"50-59   ","count":163,"tested":1835},{"age_group":"60-69   ","count":114,"tested":1452},{"age_group":"70-79   ","count":79,"tested":1059},{"age_group":"80+","count":50,"tested":666}],"race":[{"description":"White","count":303,"tested":3772,"color":"rgb(31,119,180)"},{"description":"Hispanic","count":315,"tested":1332,"color":"rgb(214,39,40)"},{"description":"Black","count":332,"tested":2538,"color":"rgb(255,127,14)"},{"description":"Left Blank","count":196,"tested":4713,"color":"rgb(44,160,44)"},{"description":"Other","count":34,"tested":181,"color":"rgb(148,103,189)"}],"gender":[{"description":"Female","count":616,"tested":7223,"color":"rgb(255,127,14)"},{"description":"Male","count":510,"tested":4767,"color":"rgb(31,119,180)"},{"description":"Unknown/Left Blank","count":33,"tested":594,"color":"rgb(44,160,44)"}]}
