{"age":[{"age_group":"<20","count":115,"tested":694},{"age_group":"20-29   ","count":177,"tested":1266},{"age_group":"30-39   ","count":149,"tested":1268},{"age_group":"40-49   ","count":151,"tested":1154},{"age_group":"50-59   ","count":122,"tested":1287},{"age_group":"60-69   ","count":100,"tested":988},{"age_group":"70-79   ","count":54,"tested":439},{"age_group":"80+","count":39,"tested":326}],"race":[{"description":"Black","count":93,"tested":770,"color":"rgb(255,127,14)"},{"description":"Asian","count":24,"tested":24,"color":"rgb(140,86,75)"},{"description":"Other","count":66,"tested":315,"color":"rgb(148,103,189)"},{"description":"White","count":237,"tested":1832,"color":"rgb(31,119,180)"},{"description":"Left Blank","count":318,"tested":3900,"color":"rgb(44,160,44)"},{"description":"Hispanic","count":131,"tested":572,"color":"rgb(214,39,40)"}],"gender":[{"description":"Female","count":460,"tested":4681,"color":"rgb(255,127,14)"},{"description":"Male","count":335,"tested":2564,"color":"rgb(31,119,180)"}]}
