{"age":[{"age_group":"<20","count":311,"tested":3656},{"age_group":"20-29   ","count":485,"tested":4589},{"age_group":"30-39   ","count":443,"tested":4527},{"age_group":"40-49   ","count":458,"tested":4086},{"age_group":"50-59   ","count":437,"tested":4609},{"age_group":"60-69   ","count":297,"tested":3935},{"age_group":"70-79   ","count":138,"tested":2136},{"age_group":"80+","count":97,"tested":1446}],"race":[{"description":"Asian","count":209,"tested":1908,"color":"rgb(140,86,75)"},{"description":"Black","count":82,"tested":504,"color":"rgb(255,127,14)"},{"description":"Hispanic","count":542,"tested":2195,"color":"rgb(214,39,40)"},{"description":"White","count":991,"tested":11674,"color":"rgb(31,119,180)"},{"description":"Other","count":188,"tested":1135,"color":"rgb(148,103,189)"},{"description":"Left Blank","count":594,"tested":11472,"color":"rgb(44,160,44)"}],"gender":[{"description":"Female","count":1259,"tested":16015,"color":"rgb(255,127,14)"},{"description":"Unknown/Left Blank","count":38,"tested":502,"color":"rgb(44,160,44)"},{"description":"Male","count":1244,"tested":12475,"color":"rgb(31,119,180)"}]}
