{"age":[{"age_group":"<20","count":733,"tested":4677},{"age_group":"20-29   ","count":863,"tested":6053},{"age_group":"30-39   ","count":749,"tested":5036},{"age_group":"40-49   ","count":836,"tested":5385},{"age_group":"50-59   ","count":617,"tested":4707},{"age_group":"60-69   ","count":370,"tested":2825},{"age_group":"70-79   ","count":209,"tested":1477},{"age_group":"80+","count":182,"tested":1581}],"race":[{"description":"White","count":795,"tested":9985,"color":"rgb(31,119,180)"},{"description":"Left Blank","count":955,"tested":9904,"color":"rgb(44,160,44)"},{"description":"Hispanic","count":2008,"tested":8272,"color":"rgb(214,39,40)"},{"description":"Black","count":210,"tested":1180,"color":"rgb(255,127,14)"},{"description":"Asian","count":153,"tested":835,"color":"rgb(140,86,75)"},{"description":"Other","count":244,"tested":1406,"color":"rgb(148,103,189)"}],"gender":[{"description":"Female","count":2089,"tested":18680,"color":"rgb(255,127,14)"},{"description":"Male","count":1895,"tested":12463,"color":"rgb(31,119,180)"},{"description":"Unknown/Left Blank","count":111,"tested":611,"color":"rgb(44,160,44)"}]}
