{"age":[{"age_group":"<20","count":54,"tested":1169},{"age_group":"20-29   ","count":326,"tested":5639},{"age_group":"30-39   ","count":336,"tested":6489},{"age_group":"40-49   ","count":144,"tested":2531},{"age_group":"50-59   ","count":129,"tested":2014},{"age_group":"60-69   ","count":89,"tested":1642},{"age_group":"70-79   ","count":43,"tested":844},{"age_group":"80+","count":33,"tested":316}],"race":[{"description":"Asian","count":82,"tested":1629,"color":"rgb(140,86,75)"},{"description":"Hispanic","count":77,"tested":651,"color":"rgb(214,39,40)"},{"description":"Black","count":120,"tested":1880,"color":"rgb(255,127,14)"},{"description":"White","count":352,"tested":6323,"color":"rgb(31,119,180)"},{"description":"Left Blank","count":404,"tested":8932,"color":"rgb(44,160,44)"},{"description":"Other","count":74,"tested":1185,"color":"rgb(148,103,189)"}],"gender":[{"description":"Female","count":454,"tested":10753,"color":"rgb(255,127,14)"},{"description":"Male","count":581,"tested":9632,"color":"rgb(31,119,180)"}]}
