{"age":[{"age_group":"20-29   ","count":22,"tested":136},{"age_group":"40-49   ","count":28,"tested":133},{"age_group":"50-59   ","count":25,"tested":136},{"age_group":"60-69   ","count":27,"tested":123}],"race":[{"description":"Left Blank","count":31,"tested":356,"color":"rgb(44,160,44)"},{"description":"White","count":49,"tested":529,"color":"rgb(31,119,180)"}],"gender":[{"description":"Male","count":39,"tested":304,"color":"rgb(31,119,180)"},{"description":"Female","count":45,"tested":588,"color":"rgb(255,127,14)"}]}
