{"age":[{"age_group":"<20","count":165,"tested":1013},{"age_group":"20-29   ","count":258,"tested":1817},{"age_group":"30-39   ","count":218,"tested":1809},{"age_group":"40-49   ","count":242,"tested":1777},{"age_group":"50-59   ","count":271,"tested":1968},{"age_group":"60-69   ","count":193,"tested":1671},{"age_group":"70-79   ","count":109,"tested":917},{"age_group":"80+","count":40,"tested":449}],"race":[{"description":"Black","count":589,"tested":4876,"color":"rgb(255,127,14)"},{"description":"Hispanic","count":266,"tested":1087,"color":"rgb(214,39,40)"},{"description":"White","count":133,"tested":737,"color":"rgb(31,119,180)"},{"description":"Left Blank","count":408,"tested":4296,"color":"rgb(44,160,44)"},{"description":"Other","count":62,"tested":394,"color":"rgb(148,103,189)"}],"gender":[{"description":"Unknown/Left Blank","count":20,"tested":196,"color":"rgb(44,160,44)"},{"description":"Male","count":661,"tested":4557,"color":"rgb(31,119,180)"},{"description":"Female","count":766,"tested":6671,"color":"rgb(255,127,14)"}]}
