{"age":[{"age_group":"<20","count":180,"tested":2263},{"age_group":"20-29   ","count":198,"tested":1858},{"age_group":"30-39   ","count":141,"tested":1365},{"age_group":"40-49   ","count":185,"tested":2026},{"age_group":"50-59   ","count":205,"tested":2285},{"age_group":"60-69   ","count":172,"tested":1892},{"age_group":"70-79   ","count":139,"tested":1406},{"age_group":"80+","count":122,"tested":1813}],"race":[{"description":"Hispanic","count":115,"tested":256,"color":"rgb(214,39,40)"},{"description":"White","count":436,"tested":8112,"color":"rgb(31,119,180)"},{"description":"Asian","count":117,"tested":381,"color":"rgb(140,86,75)"},{"description":"Left Blank","count":230,"tested":5276,"color":"rgb(44,160,44)"},{"description":"Other","count":137,"tested":710,"color":"rgb(148,103,189)"}],"gender":[{"description":"Male","count":404,"tested":7426,"color":"rgb(31,119,180)"},{"description":"Female","count":335,"tested":7357,"color":"rgb(255,127,14)"}]}
