{"age":[{"age_group":"<20","count":111,"tested":1013},{"age_group":"20-29   ","count":153,"tested":1590},{"age_group":"30-39   ","count":149,"tested":1355},{"age_group":"40-49   ","count":172,"tested":1178},{"age_group":"50-59   ","count":114,"tested":1266},{"age_group":"60-69   ","count":92,"tested":1243},{"age_group":"70-79   ","count":45,"tested":893},{"age_group":"80+","count":44,"tested":2397}],"race":[{"description":"Hispanic","count":333,"tested":1275,"color":"rgb(214,39,40)"},{"description":"White","count":233,"tested":2880,"color":"rgb(31,119,180)"},{"description":"Asian","count":33,"tested":284,"color":"rgb(140,86,75)"},{"description":"Left Blank","count":191,"tested":6119,"color":"rgb(44,160,44)"},{"description":"Other","count":48,"tested":312,"color":"rgb(148,103,189)"},{"description":"Black","count":22,"tested":66,"color":"rgb(255,127,14)"}],"gender":[{"description":"Male","count":424,"tested":4059,"color":"rgb(31,119,180)"},{"description":"Unknown/Left Blank","count":16,"tested":427,"color":"rgb(44,160,44)"},{"description":"Female","count":395,"tested":6460,"color":"rgb(255,127,14)"}]}
