{"age":[{"age_group":"<20","count":404,"tested":2916},{"age_group":"20-29   ","count":547,"tested":4582},{"age_group":"30-39   ","count":407,"tested":3360},{"age_group":"40-49   ","count":499,"tested":4056},{"age_group":"50-59   ","count":425,"tested":3918},{"age_group":"60-69   ","count":208,"tested":2127},{"age_group":"70-79   ","count":122,"tested":1430},{"age_group":"80+","count":77,"tested":850}],"race":[{"description":"Hispanic","count":740,"tested":3475,"color":"rgb(214,39,40)"},{"description":"Left Blank","count":888,"tested":10473,"color":"rgb(44,160,44)"},{"description":"White","count":511,"tested":5775,"color":"rgb(31,119,180)"},{"description":"Asian","count":118,"tested":661,"color":"rgb(140,86,75)"},{"description":"Black","count":201,"tested":1744,"color":"rgb(255,127,14)"},{"description":"Other","count":151,"tested":1068,"color":"rgb(148,103,189)"}],"gender":[{"description":"Unknown/Left Blank","count":52,"tested":291,"color":"rgb(44,160,44)"},{"description":"Male","count":1146,"tested":9695,"color":"rgb(31,119,180)"},{"description":"Female","count":1307,"tested":13260,"color":"rgb(255,127,14)"}]}
