{"age":[{"age_group":"<20","count":75,"tested":909},{"age_group":"20-29   ","count":111,"tested":1054},{"age_group":"30-39   ","count":79,"tested":1168},{"age_group":"40-49   ","count":104,"tested":1128},{"age_group":"50-59   ","count":94,"tested":1193},{"age_group":"60-69   ","count":64,"tested":973},{"age_group":"70-79   ","count":38,"tested":551},{"age_group":"80+","count":20,"tested":146}],"race":[{"description":"Left Blank","count":221,"tested":3662,"color":"rgb(44,160,44)"},{"description":"Hispanic","count":37,"tested":227,"color":"rgb(214,39,40)"},{"description":"Black","count":16,"tested":109,"color":"rgb(255,127,14)"},{"description":"White","count":198,"tested":2127,"color":"rgb(31,119,180)"},{"description":"Asian","count":64,"tested":786,"color":"rgb(140,86,75)"},{"description":"Other","count":29,"tested":187,"color":"rgb(148,103,189)"}],"gender":[{"description":"Female","count":275,"tested":3835,"color":"rgb(255,127,14)"},{"description":"Male","count":261,"tested":3190,"color":"rgb(31,119,180)"}]}
