{"age":[{"age_group":"<20","count":236,"tested":2273},{"age_group":"20-29   ","count":518,"tested":9226},{"age_group":"30-39   ","count":472,"tested":9166},{"age_group":"40-49   ","count":393,"tested":7766},{"age_group":"50-59   ","count":390,"tested":8137},{"age_group":"60-69   ","count":350,"tested":8423},{"age_group":"70-79   ","count":266,"tested":4990},{"age_group":"80+","count":175,"tested":2307}],"race":[{"description":"Left Blank","count":786,"tested":34472,"color":"rgb(44,160,44)"},{"description":"NH/PI*","count":47,"tested":40,"color":"rgb(127,127,127)"},{"description":"Hispanic","count":521,"tested":2731,"color":"rgb(214,39,40)"},{"description":"Other","count":163,"tested":1393,"color":"rgb(148,103,189)"},{"description":"Black","count":504,"tested":5570,"color":"rgb(255,127,14)"},{"description":"Asian","count":127,"tested":891,"color":"rgb(140,86,75)"},{"description":"White","count":607,"tested":7204,"color":"rgb(31,119,180)"}],"gender":[{"description":"Unknown/Left Blank","count":80,"tested":3708,"color":"rgb(44,160,44)"},{"description":"Female","count":1213,"tested":26660,"color":"rgb(255,127,14)"},{"description":"Male","count":1302,"tested":21961,"color":"rgb(31,119,180)"}]}
