{"lastUpdatedDate":{"year":2021,"month":1,"day":22},"county_demographics":[{"County":"DuPage","confirmed_cases":70324,"total_tested":889736,"demographics":{"age":[{"race":[],"age_group":"<20","count":11318,"tested":101578,"deaths":0},{"race":[],"age_group":"20-29   ","count":12405,"tested":138931,"deaths":0},{"race":[],"age_group":"30-39   ","count":10713,"tested":126926,"deaths":0},{"race":[],"age_group":"40-49   ","count":10730,"tested":116325,"deaths":0},{"race":[],"age_group":"50-59   ","count":11032,"tested":134535,"deaths":0},{"race":[],"age_group":"60-69   ","count":7447,"tested":115624,"deaths":0},{"race":[],"age_group":"70-79   ","count":3615,"tested":69159,"deaths":0},{"race":[],"age_group":"80+","count":3059,"tested":86216,"deaths":0},{"race":[],"age_group":"Unknown","count":0,"tested":442,"deaths":0}],"race":[{"description":"AI/AN**","count":87,"tested":589,"deaths":0,"color":"rgb(31,119,180)"},{"description":"Asian","count":4032,"tested":34851,"deaths":0,"color":"rgb(140,86,75)"},{"description":"Black","count":2505,"tested":24950,"deaths":0,"color":"rgb(255,127,14)"},{"description":"Hispanic","count":12573,"tested":45568,"deaths":0,"color":"rgb(214,39,40)"},{"description":"Left Blank","count":18807,"tested":488649,"deaths":0,"color":"rgb(44,160,44)"},{"description":"NH/PI*","count":75,"tested":597,"deaths":0,"color":"rgb(127,127,127)"},{"description":"Other","count":2448,"tested":25459,"deaths":0,"color":"rgb(148,103,189)"},{"description":"White","count":29795,"tested":269073,"deaths":0,"color":"rgb(31,119,180)"}],"gender":[{"description":"Female","count":36036,"tested":510063,"deaths":0,"color":"rgb(255,127,14)"},{"description":"Male","count":33901,"tested":360298,"deaths":0,"color":"rgb(31,119,180)"},{"description":"Unknown/Left Blank","count":387,"tested":19375,"deaths":0,"color":"rgb(44,160,44)"}]}}]}
