{"lastUpdatedDate":{"year":2021,"month":1,"day":22},"county_demographics":[{"County":"Clinton","confirmed_cases":5145,"total_tested":44126,"demographics":{"age":[{"race":[],"age_group":"<20","count":749,"tested":5698,"deaths":0},{"race":[],"age_group":"20-29   ","count":810,"tested":6876,"deaths":0},{"race":[],"age_group":"30-39   ","count":789,"tested":6388,"deaths":0},{"race":[],"age_group":"40-49   ","count":689,"tested":5845,"deaths":0},{"race":[],"age_group":"50-59   ","count":799,"tested":6880,"deaths":0},{"race":[],"age_group":"60-69   ","count":652,"tested":5709,"deaths":0},{"race":[],"age_group":"70-79   ","count":322,"tested":2931,"deaths":0},{"race":[],"age_group":"80+","count":323,"tested":3644,"deaths":0},{"race":[],"age_group":"Unknown","count":12,"tested":155,"deaths":0}],"race":[{"description":"AI/AN**","count":0,"tested":13,"deaths":0,"color":"rgb(31,119,180)"},{"description":"Asian","count":0,"tested":62,"deaths":0,"color":"rgb(140,86,75)"},{"description":"Black","count":87,"tested":1106,"deaths":0,"color":"rgb(255,127,14)"},{"description":"Hispanic","count":58,"tested":273,"deaths":0,"color":"rgb(214,39,40)"},{"description":"Left Blank","count":2268,"tested":21593,"deaths":0,"color":"rgb(44,160,44)"},{"description":"NH/PI*","count":0,"tested":17,"deaths":0,"color":"rgb(127,127,127)"},{"description":"Other","count":102,"tested":627,"deaths":0,"color":"rgb(148,103,189)"},{"description":"White","count":2617,"tested":20435,"deaths":0,"color":"rgb(31,119,180)"}],"gender":[{"description":"Female","count":2708,"tested":25564,"deaths":0,"color":"rgb(255,127,14)"},{"description":"Male","count":2342,"tested":17203,"deaths":0,"color":"rgb(31,119,180)"},{"description":"Unknown/Left Blank","count":95,"tested":1359,"deaths":0,"color":"rgb(44,160,44)"}]}}]}
