{"lastUpdatedDate":{"year":2021,"month":1,"day":22},"county_demographics":[{"County":"Henry","confirmed_cases":4082,"total_tested":49962,"demographics":{"age":[{"race":[],"age_group":"<20","count":609,"tested":5618,"deaths":0},{"race":[],"age_group":"20-29   ","count":572,"tested":6907,"deaths":0},{"race":[],"age_group":"30-39   ","count":578,"tested":7309,"deaths":0},{"race":[],"age_group":"40-49   ","count":603,"tested":7099,"deaths":0},{"race":[],"age_group":"50-59   ","count":654,"tested":8208,"deaths":0},{"race":[],"age_group":"60-69   ","count":501,"tested":6207,"deaths":0},{"race":[],"age_group":"70-79   ","count":281,"tested":3781,"deaths":0},{"race":[],"age_group":"80+","count":278,"tested":4675,"deaths":0},{"race":[],"age_group":"Unknown","count":0,"tested":158,"deaths":0}],"race":[{"description":"AI/AN**","count":0,"tested":10,"deaths":0,"color":"rgb(31,119,180)"},{"description":"Asian","count":0,"tested":45,"deaths":0,"color":"rgb(140,86,75)"},{"description":"Black","count":54,"tested":500,"deaths":0,"color":"rgb(255,127,14)"},{"description":"Hispanic","count":140,"tested":791,"deaths":0,"color":"rgb(214,39,40)"},{"description":"Left Blank","count":1610,"tested":28984,"deaths":0,"color":"rgb(44,160,44)"},{"description":"NH/PI*","count":0,"tested":11,"deaths":0,"color":"rgb(127,127,127)"},{"description":"Other","count":93,"tested":622,"deaths":0,"color":"rgb(148,103,189)"},{"description":"White","count":2179,"tested":18999,"deaths":0,"color":"rgb(31,119,180)"}],"gender":[{"description":"Female","count":2246,"tested":30053,"deaths":0,"color":"rgb(255,127,14)"},{"description":"Male","count":1795,"tested":16660,"deaths":0,"color":"rgb(31,119,180)"},{"description":"Unknown/Left Blank","count":36,"tested":3249,"deaths":0,"color":"rgb(44,160,44)"}]}}]}
