{"lastUpdatedDate":{"year":2021,"month":1,"day":22},"county_demographics":[{"County":"Mason","confirmed_cases":1184,"total_tested":15340,"demographics":{"age":[{"race":[],"age_group":"<20","count":195,"tested":2306,"deaths":0},{"race":[],"age_group":"20-29   ","count":122,"tested":2073,"deaths":0},{"race":[],"age_group":"30-39   ","count":165,"tested":2346,"deaths":0},{"race":[],"age_group":"40-49   ","count":171,"tested":2414,"deaths":0},{"race":[],"age_group":"50-59   ","count":167,"tested":2216,"deaths":0},{"race":[],"age_group":"60-69   ","count":154,"tested":1699,"deaths":0},{"race":[],"age_group":"70-79   ","count":113,"tested":1084,"deaths":0},{"race":[],"age_group":"80+","count":89,"tested":1202,"deaths":0},{"race":[],"age_group":"Unknown","count":0,"tested":0,"deaths":0}],"race":[{"description":"AI/AN**","count":0,"tested":0,"deaths":0,"color":"rgb(31,119,180)"},{"description":"Asian","count":0,"tested":14,"deaths":0,"color":"rgb(140,86,75)"},{"description":"Black","count":0,"tested":34,"deaths":0,"color":"rgb(255,127,14)"},{"description":"Hispanic","count":7,"tested":25,"deaths":0,"color":"rgb(214,39,40)"},{"description":"Left Blank","count":446,"tested":6057,"deaths":0,"color":"rgb(44,160,44)"},{"description":"Other","count":8,"tested":129,"deaths":0,"color":"rgb(148,103,189)"},{"description":"White","count":719,"tested":9078,"deaths":0,"color":"rgb(31,119,180)"}],"gender":[{"description":"Female","count":661,"tested":9419,"deaths":0,"color":"rgb(255,127,14)"},{"description":"Male","count":481,"tested":5132,"deaths":0,"color":"rgb(31,119,180)"},{"description":"Unknown/Left Blank","count":42,"tested":789,"deaths":0,"color":"rgb(44,160,44)"}]}}]}
