{"lastUpdatedDate":{"year":2021,"month":1,"day":22},"county_demographics":[{"County":"Pike","confirmed_cases":1583,"total_tested":13417,"demographics":{"age":[{"race":[],"age_group":"<20","count":211,"tested":1666,"deaths":0},{"race":[],"age_group":"20-29   ","count":233,"tested":2198,"deaths":0},{"race":[],"age_group":"30-39   ","count":217,"tested":1812,"deaths":0},{"race":[],"age_group":"40-49   ","count":206,"tested":1648,"deaths":0},{"race":[],"age_group":"50-59   ","count":225,"tested":1855,"deaths":0},{"race":[],"age_group":"60-69   ","count":223,"tested":1582,"deaths":0},{"race":[],"age_group":"70-79   ","count":124,"tested":1050,"deaths":0},{"race":[],"age_group":"80+","count":137,"tested":1605,"deaths":0},{"race":[],"age_group":"Unknown","count":0,"tested":0,"deaths":0}],"race":[{"description":"AI/AN**","count":0,"tested":0,"deaths":0,"color":"rgb(31,119,180)"},{"description":"Asian","count":0,"tested":7,"deaths":0,"color":"rgb(140,86,75)"},{"description":"Black","count":0,"tested":20,"deaths":0,"color":"rgb(255,127,14)"},{"description":"Hispanic","count":10,"tested":45,"deaths":0,"color":"rgb(214,39,40)"},{"description":"Left Blank","count":455,"tested":9182,"deaths":0,"color":"rgb(44,160,44)"},{"description":"NH/PI*","count":0,"tested":0,"deaths":0,"color":"rgb(127,127,127)"},{"description":"Other","count":0,"tested":25,"deaths":0,"color":"rgb(148,103,189)"},{"description":"White","count":1108,"tested":4136,"deaths":0,"color":"rgb(31,119,180)"}],"gender":[{"description":"Female","count":891,"tested":8446,"deaths":0,"color":"rgb(255,127,14)"},{"description":"Male","count":640,"tested":4038,"deaths":0,"color":"rgb(31,119,180)"},{"description":"Unknown/Left Blank","count":52,"tested":933,"deaths":0,"color":"rgb(44,160,44)"}]}}]}
