{"lastUpdatedDate":{"year":2021,"month":1,"day":22},"county_demographics":[{"County":"Tazewell","confirmed_cases":12191,"total_tested":155166,"demographics":{"age":[{"race":[],"age_group":"<20","count":1981,"tested":23388,"deaths":0},{"race":[],"age_group":"20-29   ","count":1712,"tested":22195,"deaths":0},{"race":[],"age_group":"30-39   ","count":1755,"tested":22594,"deaths":0},{"race":[],"age_group":"40-49   ","count":1788,"tested":21633,"deaths":0},{"race":[],"age_group":"50-59   ","count":1774,"tested":21388,"deaths":0},{"race":[],"age_group":"60-69   ","count":1456,"tested":17769,"deaths":0},{"race":[],"age_group":"70-79   ","count":927,"tested":11771,"deaths":0},{"race":[],"age_group":"80+","count":798,"tested":14413,"deaths":0},{"race":[],"age_group":"Unknown","count":0,"tested":15,"deaths":0}],"race":[{"description":"AI/AN**","count":8,"tested":56,"deaths":0,"color":"rgb(31,119,180)"},{"description":"Asian","count":58,"tested":351,"deaths":0,"color":"rgb(140,86,75)"},{"description":"Black","count":96,"tested":1005,"deaths":0,"color":"rgb(255,127,14)"},{"description":"Hispanic","count":110,"tested":577,"deaths":0,"color":"rgb(214,39,40)"},{"description":"Left Blank","count":4308,"tested":90700,"deaths":0,"color":"rgb(44,160,44)"},{"description":"NH/PI*","count":0,"tested":20,"deaths":0,"color":"rgb(127,127,127)"},{"description":"Other","count":183,"tested":2039,"deaths":0,"color":"rgb(148,103,189)"},{"description":"White","count":7426,"tested":60418,"deaths":0,"color":"rgb(31,119,180)"}],"gender":[{"description":"Female","count":6567,"tested":92222,"deaths":0,"color":"rgb(255,127,14)"},{"description":"Male","count":5398,"tested":56949,"deaths":0,"color":"rgb(31,119,180)"},{"description":"Unknown/Left Blank","count":223,"tested":5995,"deaths":0,"color":"rgb(44,160,44)"}]}}]}
