{"lastUpdatedDate":{"year":2021,"month":1,"day":22},"county_demographics":[{"County":"Carroll","confirmed_cases":1457,"total_tested":15342,"demographics":{"age":[{"race":[],"age_group":"<20","count":172,"tested":1373,"deaths":0},{"race":[],"age_group":"20-29   ","count":174,"tested":1941,"deaths":0},{"race":[],"age_group":"30-39   ","count":299,"tested":2925,"deaths":0},{"race":[],"age_group":"40-49   ","count":227,"tested":2243,"deaths":0},{"race":[],"age_group":"50-59   ","count":204,"tested":1991,"deaths":0},{"race":[],"age_group":"60-69   ","count":157,"tested":1859,"deaths":0},{"race":[],"age_group":"70-79   ","count":111,"tested":1096,"deaths":0},{"race":[],"age_group":"80+","count":101,"tested":1912,"deaths":0},{"race":[],"age_group":"Unknown","count":0,"tested":0,"deaths":0}],"race":[{"description":"AI/AN**","count":7,"tested":7,"deaths":0,"color":"rgb(31,119,180)"},{"description":"Asian","count":0,"tested":58,"deaths":0,"color":"rgb(140,86,75)"},{"description":"Black","count":83,"tested":93,"deaths":0,"color":"rgb(255,127,14)"},{"description":"Hispanic","count":27,"tested":57,"deaths":0,"color":"rgb(214,39,40)"},{"description":"Left Blank","count":581,"tested":10038,"deaths":0,"color":"rgb(44,160,44)"},{"description":"NH/PI*","count":0,"tested":0,"deaths":0,"color":"rgb(127,127,127)"},{"description":"Other","count":13,"tested":110,"deaths":0,"color":"rgb(148,103,189)"},{"description":"White","count":738,"tested":4977,"deaths":0,"color":"rgb(31,119,180)"}],"gender":[{"description":"Female","count":649,"tested":7824,"deaths":0,"color":"rgb(255,127,14)"},{"description":"Male","count":800,"tested":7281,"deaths":0,"color":"rgb(31,119,180)"},{"description":"Unknown/Left Blank","count":7,"tested":237,"deaths":0,"color":"rgb(44,160,44)"}]}}]}
