{"lastUpdatedDate":{"year":2021,"month":1,"day":22},"county_demographics":[{"County":"Jefferson","confirmed_cases":3521,"total_tested":31946,"demographics":{"age":[{"race":[],"age_group":"<20","count":400,"tested":3214,"deaths":0},{"race":[],"age_group":"20-29   ","count":494,"tested":4746,"deaths":0},{"race":[],"age_group":"30-39   ","count":505,"tested":4883,"deaths":0},{"race":[],"age_group":"40-49   ","count":499,"tested":4508,"deaths":0},{"race":[],"age_group":"50-59   ","count":545,"tested":4698,"deaths":0},{"race":[],"age_group":"60-69   ","count":445,"tested":3559,"deaths":0},{"race":[],"age_group":"70-79   ","count":326,"tested":2834,"deaths":0},{"race":[],"age_group":"80+","count":305,"tested":3039,"deaths":0},{"race":[],"age_group":"Unknown","count":0,"tested":465,"deaths":0}],"race":[{"description":"AI/AN**","count":0,"tested":14,"deaths":0,"color":"rgb(31,119,180)"},{"description":"Asian","count":16,"tested":101,"deaths":0,"color":"rgb(140,86,75)"},{"description":"Black","count":136,"tested":1362,"deaths":0,"color":"rgb(255,127,14)"},{"description":"Hispanic","count":76,"tested":464,"deaths":0,"color":"rgb(214,39,40)"},{"description":"Left Blank","count":1345,"tested":13783,"deaths":0,"color":"rgb(44,160,44)"},{"description":"NH/PI*","count":0,"tested":21,"deaths":0,"color":"rgb(127,127,127)"},{"description":"Other","count":60,"tested":476,"deaths":0,"color":"rgb(148,103,189)"},{"description":"White","count":1882,"tested":15725,"deaths":0,"color":"rgb(31,119,180)"}],"gender":[{"description":"Female","count":1827,"tested":17816,"deaths":0,"color":"rgb(255,127,14)"},{"description":"Male","count":1557,"tested":9639,"deaths":0,"color":"rgb(31,119,180)"},{"description":"Unknown/Left Blank","count":136,"tested":4491,"deaths":0,"color":"rgb(44,160,44)"}]}}]}
