{"lastUpdatedDate":{"year":2021,"month":1,"day":22},"county_demographics":[{"County":"Peoria","confirmed_cases":15316,"total_tested":218893,"demographics":{"age":[{"race":[],"age_group":"<20","count":2604,"tested":32808,"deaths":0},{"race":[],"age_group":"20-29   ","count":2911,"tested":38609,"deaths":0},{"race":[],"age_group":"30-39   ","count":2293,"tested":33642,"deaths":0},{"race":[],"age_group":"40-49   ","count":2093,"tested":28919,"deaths":0},{"race":[],"age_group":"50-59   ","count":2212,"tested":29767,"deaths":0},{"race":[],"age_group":"60-69   ","count":1657,"tested":25403,"deaths":0},{"race":[],"age_group":"70-79   ","count":915,"tested":15514,"deaths":0},{"race":[],"age_group":"80+","count":630,"tested":13947,"deaths":0},{"race":[],"age_group":"Unknown","count":0,"tested":284,"deaths":0}],"race":[{"description":"AI/AN**","count":13,"tested":114,"deaths":0,"color":"rgb(31,119,180)"},{"description":"Asian","count":171,"tested":1313,"deaths":0,"color":"rgb(140,86,75)"},{"description":"Black","count":2535,"tested":14813,"deaths":0,"color":"rgb(255,127,14)"},{"description":"Hispanic","count":961,"tested":2296,"deaths":0,"color":"rgb(214,39,40)"},{"description":"Left Blank","count":2297,"tested":138155,"deaths":0,"color":"rgb(44,160,44)"},{"description":"NH/PI*","count":11,"tested":83,"deaths":0,"color":"rgb(127,127,127)"},{"description":"Other","count":366,"tested":4995,"deaths":0,"color":"rgb(148,103,189)"},{"description":"White","count":8958,"tested":57124,"deaths":0,"color":"rgb(31,119,180)"}],"gender":[{"description":"Female","count":8242,"tested":123460,"deaths":0,"color":"rgb(255,127,14)"},{"description":"Male","count":6881,"tested":85264,"deaths":0,"color":"rgb(31,119,180)"},{"description":"Unknown/Left Blank","count":191,"tested":10169,"deaths":0,"color":"rgb(44,160,44)"}]}}]}
