{"age":[{"age_group":"<20","count":111,"tested":688},{"age_group":"20-29   ","count":186,"tested":1306},{"age_group":"30-39   ","count":172,"tested":1258},{"age_group":"40-49   ","count":125,"tested":959},{"age_group":"50-59   ","count":163,"tested":1134},{"age_group":"60-69   ","count":107,"tested":1081},{"age_group":"70-79   ","count":62,"tested":698},{"age_group":"80+","count":50,"tested":780}],"race":[{"description":"Other","count":35,"tested":238,"color":"rgb(148,103,189)"},{"description":"Asian","count":28,"tested":148,"color":"rgb(140,86,75)"},{"description":"White","count":341,"tested":2388,"color":"rgb(31,119,180)"},{"description":"Black","count":21,"tested":106,"color":"rgb(255,127,14)"},{"description":"Hispanic","count":264,"tested":884,"color":"rgb(214,39,40)"},{"description":"Left Blank","count":272,"tested":4136,"color":"rgb(44,160,44)"}],"gender":[{"description":"Female","count":486,"tested":4352,"color":"rgb(255,127,14)"},{"description":"Male","count":446,"tested":3448,"color":"rgb(31,119,180)"}]}
