{"age":[{"age_group":"<20","count":522,"tested":2885},{"age_group":"20-29   ","count":673,"tested":4815},{"age_group":"30-39   ","count":694,"tested":4518},{"age_group":"40-49   ","count":634,"tested":4075},{"age_group":"50-59   ","count":578,"tested":4659},{"age_group":"60-69   ","count":426,"tested":4003},{"age_group":"70-79   ","count":311,"tested":2720},{"age_group":"80+","count":291,"tested":3066}],"race":[{"description":"Hispanic","count":899,"tested":3187,"color":"rgb(214,39,40)"},{"description":"White","count":938,"tested":9416,"color":"rgb(31,119,180)"},{"description":"Left Blank","count":1140,"tested":12952,"color":"rgb(44,160,44)"},{"description":"Black","count":436,"tested":3088,"color":"rgb(255,127,14)"},{"description":"Asian","count":159,"tested":215,"color":"rgb(140,86,75)"},{"description":"Other","count":264,"tested":1778,"color":"rgb(148,103,189)"},{"description":"AI/AN**","count":159,"tested":103,"color":"rgb(31,119,180)"}],"gender":[{"description":"Female","count":1785,"tested":17919,"color":"rgb(255,127,14)"},{"description":"Male","count":1512,"tested":12506,"color":"rgb(31,119,180)"},{"description":"Unknown/Left Blank","count":162,"tested":321,"color":"rgb(44,160,44)"}]}
