{"age":[{"age_group":"<20","count":333,"tested":3381},{"age_group":"20-29   ","count":590,"tested":5748},{"age_group":"30-39   ","count":610,"tested":7001},{"age_group":"40-49   ","count":501,"tested":5196},{"age_group":"50-59   ","count":488,"tested":4750},{"age_group":"60-69   ","count":321,"tested":3934},{"age_group":"70-79   ","count":177,"tested":2073},{"age_group":"80+","count":163,"tested":1448}],"race":[{"description":"White","count":980,"tested":11461,"color":"rgb(31,119,180)"},{"description":"Other","count":212,"tested":1790,"color":"rgb(148,103,189)"},{"description":"Left Blank","count":610,"tested":11542,"color":"rgb(44,160,44)"},{"description":"Hispanic","count":980,"tested":6188,"color":"rgb(214,39,40)"},{"description":"Asian","count":250,"tested":1932,"color":"rgb(140,86,75)"},{"description":"Black","count":71,"tested":456,"color":"rgb(255,127,14)"},{"description":"AI/AN**","count":35,"tested":30,"color":"rgb(31,119,180)"},{"description":"NH/PI*","count":45,"tested":136,"color":"rgb(127,127,127)"}],"gender":[{"description":"Male","count":1511,"tested":15017,"color":"rgb(31,119,180)"},{"description":"Unknown/Left Blank","count":37,"tested":589,"color":"rgb(44,160,44)"},{"description":"Female","count":1510,"tested":17929,"color":"rgb(255,127,14)"}]}
