{"age":[{"age_group":"<20","count":203,"tested":1118},{"age_group":"20-29   ","count":334,"tested":1981},{"age_group":"30-39   ","count":333,"tested":2119},{"age_group":"40-49   ","count":288,"tested":1758},{"age_group":"50-59   ","count":247,"tested":2160},{"age_group":"60-69   ","count":182,"tested":1720},{"age_group":"70-79   ","count":88,"tested":1352},{"age_group":"80+","count":81,"tested":1976}],"race":[{"description":"Hispanic","count":723,"tested":2436,"color":"rgb(214,39,40)"},{"description":"Left Blank","count":448,"tested":7134,"color":"rgb(44,160,44)"},{"description":"White","count":344,"tested":3411,"color":"rgb(31,119,180)"},{"description":"Black","count":58,"tested":475,"color":"rgb(255,127,14)"},{"description":"Asian","count":53,"tested":306,"color":"rgb(140,86,75)"},{"description":"Other","count":76,"tested":413,"color":"rgb(148,103,189)"}],"gender":[{"description":"Female","count":790,"tested":8152,"color":"rgb(255,127,14)"},{"description":"Male","count":801,"tested":5770,"color":"rgb(31,119,180)"}]}
