{"age":[{"age_group":"<20","count":331,"tested":2749},{"age_group":"20-29   ","count":487,"tested":5134},{"age_group":"30-39   ","count":426,"tested":5475},{"age_group":"40-49   ","count":332,"tested":4015},{"age_group":"50-59   ","count":392,"tested":5058},{"age_group":"60-69   ","count":265,"tested":4128},{"age_group":"70-79   ","count":130,"tested":2497},{"age_group":"80+","count":136,"tested":3931}],"race":[{"description":"Other","count":113,"tested":738,"color":"rgb(148,103,189)"},{"description":"Left Blank","count":857,"tested":19081,"color":"rgb(44,160,44)"},{"description":"White","count":907,"tested":10091,"color":"rgb(31,119,180)"},{"description":"Hispanic","count":287,"tested":1138,"color":"rgb(214,39,40)"},{"description":"Asian","count":128,"tested":1089,"color":"rgb(140,86,75)"},{"description":"Black","count":128,"tested":843,"color":"rgb(255,127,14)"},{"description":"NH/PI*","count":42,"tested":13,"color":"rgb(127,127,127)"}],"gender":[{"description":"Female","count":1180,"tested":19263,"color":"rgb(255,127,14)"},{"description":"Male","count":1075,"tested":13049,"color":"rgb(31,119,180)"},{"description":"Unknown/Left Blank","count":64,"tested":705,"color":"rgb(44,160,44)"}]}
