{"age":[{"age_group":"<20","count":113,"tested":779},{"age_group":"20-29   ","count":152,"tested":1058},{"age_group":"30-39   ","count":163,"tested":1036},{"age_group":"40-49   ","count":125,"tested":965},{"age_group":"50-59   ","count":93,"tested":885},{"age_group":"60-69   ","count":90,"tested":827},{"age_group":"70-79   ","count":41,"tested":412},{"age_group":"80+","count":32,"tested":209}],"race":[{"description":"Black","count":21,"tested":148,"color":"rgb(255,127,14)"},{"description":"Hispanic","count":273,"tested":1287,"color":"rgb(214,39,40)"},{"description":"Left Blank","count":206,"tested":2405,"color":"rgb(44,160,44)"},{"description":"White","count":204,"tested":1871,"color":"rgb(31,119,180)"},{"description":"Other","count":67,"tested":402,"color":"rgb(148,103,189)"},{"description":"Asian","count":17,"tested":52,"color":"rgb(140,86,75)"}],"gender":[{"description":"Male","count":377,"tested":2727,"color":"rgb(31,119,180)"},{"description":"Female","count":372,"tested":3369,"color":"rgb(255,127,14)"}]}
