{"age":[{"age_group":"<20","count":18,"tested":152},{"age_group":"20-29   ","count":38,"tested":410},{"age_group":"30-39   ","count":42,"tested":475},{"age_group":"40-49   ","count":30,"tested":361},{"age_group":"50-59   ","count":20,"tested":220},{"age_group":"60-69   ","count":13,"tested":222}],"race":[{"description":"Asian","count":18,"tested":162,"color":"rgb(140,86,75)"},{"description":"Hispanic","count":17,"tested":82,"color":"rgb(214,39,40)"},{"description":"Other","count":8,"tested":49,"color":"rgb(148,103,189)"},{"description":"White","count":52,"tested":488,"color":"rgb(31,119,180)"},{"description":"Left Blank","count":67,"tested":1165,"color":"rgb(44,160,44)"}],"gender":[{"description":"Male","count":75,"tested":866,"color":"rgb(31,119,180)"},{"description":"Female","count":83,"tested":1112,"color":"rgb(255,127,14)"}]}
