{"age":[{"age_group":"<20","count":732,"tested":5651},{"age_group":"20-29   ","count":1053,"tested":10030},{"age_group":"30-39   ","count":998,"tested":11034},{"age_group":"40-49   ","count":943,"tested":8891},{"age_group":"50-59   ","count":797,"tested":8020},{"age_group":"60-69   ","count":526,"tested":6228},{"age_group":"70-79   ","count":235,"tested":2839},{"age_group":"80+","count":122,"tested":1507}],"race":[{"description":"White","count":884,"tested":11463,"color":"rgb(31,119,180)"},{"description":"Left Blank","count":976,"tested":20905,"color":"rgb(44,160,44)"},{"description":"Other","count":261,"tested":2524,"color":"rgb(148,103,189)"},{"description":"Black","count":126,"tested":1092,"color":"rgb(255,127,14)"},{"description":"Asian","count":123,"tested":1138,"color":"rgb(140,86,75)"},{"description":"Hispanic","count":2958,"tested":16971,"color":"rgb(214,39,40)"}],"gender":[{"description":"Male","count":2547,"tested":24253,"color":"rgb(31,119,180)"},{"description":"Unknown/Left Blank","count":67,"tested":878,"color":"rgb(44,160,44)"},{"description":"Female","count":2607,"tested":29088,"color":"rgb(255,127,14)"}]}
