{"age":[{"age_group":"<20","count":619,"tested":6949},{"age_group":"20-29   ","count":1049,"tested":14722},{"age_group":"30-39   ","count":1121,"tested":18223},{"age_group":"40-49   ","count":888,"tested":10211},{"age_group":"50-59   ","count":663,"tested":6751},{"age_group":"60-69   ","count":416,"tested":4319},{"age_group":"70-79   ","count":214,"tested":2258},{"age_group":"80+","count":167,"tested":1628}],"race":[{"description":"Black","count":161,"tested":1595,"color":"rgb(255,127,14)"},{"description":"Asian","count":157,"tested":1937,"color":"rgb(140,86,75)"},{"description":"Hispanic","count":2209,"tested":12198,"color":"rgb(214,39,40)"},{"description":"White","count":1091,"tested":20880,"color":"rgb(31,119,180)"},{"description":"Left Blank","count":1112,"tested":25569,"color":"rgb(44,160,44)"},{"description":"Other","count":266,"tested":2724,"color":"rgb(148,103,189)"},{"description":"AI/AN**","count":69,"tested":58,"color":"rgb(31,119,180)"},{"description":"NH/PI*","count":73,"tested":121,"color":"rgb(127,127,127)"}],"gender":[{"description":"Female","count":2309,"tested":34930,"color":"rgb(255,127,14)"},{"description":"Male","count":2442,"tested":28787,"color":"rgb(31,119,180)"},{"description":"Unknown/Left Blank","count":82,"tested":1365,"color":"rgb(44,160,44)"}]}
