{"age":[{"age_group":"<20","count":334,"tested":3495},{"age_group":"20-29   ","count":395,"tested":4460},{"age_group":"30-39   ","count":270,"tested":4419},{"age_group":"40-49   ","count":289,"tested":3806},{"age_group":"50-59   ","count":326,"tested":5887},{"age_group":"60-69   ","count":255,"tested":4615},{"age_group":"70-79   ","count":149,"tested":2771},{"age_group":"80+","count":144,"tested":3110}],"race":[{"description":"Left Blank","count":547,"tested":12829,"color":"rgb(44,160,44)"},{"description":"Other","count":106,"tested":545,"color":"rgb(148,103,189)"},{"description":"White","count":917,"tested":14224,"color":"rgb(31,119,180)"},{"description":"Black","count":82,"tested":473,"color":"rgb(255,127,14)"},{"description":"Hispanic","count":268,"tested":2165,"color":"rgb(214,39,40)"},{"description":"Asian","count":142,"tested":2266,"color":"rgb(140,86,75)"}],"gender":[{"description":"Female","count":973,"tested":18793,"color":"rgb(255,127,14)"},{"description":"Male","count":893,"tested":12395,"color":"rgb(31,119,180)"},{"description":"Unknown/Left Blank","count":61,"tested":1390,"color":"rgb(44,160,44)"}]}
