{"age":[{"age_group":"<20","count":389,"tested":2108},{"age_group":"20-29   ","count":494,"tested":3702},{"age_group":"30-39   ","count":423,"tested":3238},{"age_group":"40-49   ","count":425,"tested":3028},{"age_group":"50-59   ","count":357,"tested":2753},{"age_group":"60-69   ","count":261,"tested":2148},{"age_group":"70-79   ","count":140,"tested":1235},{"age_group":"80+","count":54,"tested":583}],"race":[{"description":"Left Blank","count":834,"tested":10009,"color":"rgb(44,160,44)"},{"description":"Other","count":127,"tested":787,"color":"rgb(148,103,189)"},{"description":"Asian","count":254,"tested":1587,"color":"rgb(140,86,75)"},{"description":"White","count":395,"tested":3145,"color":"rgb(31,119,180)"},{"description":"Hispanic","count":765,"tested":2540,"color":"rgb(214,39,40)"},{"description":"Black","count":99,"tested":666,"color":"rgb(255,127,14)"}],"gender":[{"description":"Male","count":1156,"tested":8206,"color":"rgb(31,119,180)"},{"description":"Female","count":1179,"tested":10372,"color":"rgb(255,127,14)"}]}
