{"age":[{"age_group":"<20","count":79,"tested":561},{"age_group":"20-29   ","count":76,"tested":544},{"age_group":"30-39   ","count":100,"tested":769},{"age_group":"40-49   ","count":80,"tested":726},{"age_group":"50-59   ","count":91,"tested":703},{"age_group":"60-69   ","count":54,"tested":321},{"age_group":"70-79   ","count":35,"tested":184}],"race":[{"description":"Other","count":34,"tested":70,"color":"rgb(148,103,189)"},{"description":"Left Blank","count":133,"tested":1826,"color":"rgb(44,160,44)"},{"description":"White","count":174,"tested":1300,"color":"rgb(31,119,180)"},{"description":"Asian","count":48,"tested":292,"color":"rgb(140,86,75)"},{"description":"Hispanic","count":81,"tested":282,"color":"rgb(214,39,40)"}],"gender":[{"description":"Female","count":216,"tested":2106,"color":"rgb(255,127,14)"},{"description":"Male","count":192,"tested":1701,"color":"rgb(31,119,180)"}]}
