{"age":[{"age_group":"<20","count":321,"tested":2001},{"age_group":"20-29   ","count":173,"tested":1449},{"age_group":"30-39   ","count":179,"tested":1439},{"age_group":"40-49   ","count":141,"tested":1167},{"age_group":"50-59   ","count":144,"tested":1307},{"age_group":"60-69   ","count":104,"tested":1321},{"age_group":"70-79   ","count":60,"tested":1224},{"age_group":"80+","count":84,"tested":3825}],"race":[{"description":"Left Blank","count":601,"tested":8681,"color":"rgb(44,160,44)"},{"description":"Other","count":156,"tested":857,"color":"rgb(148,103,189)"},{"description":"White","count":245,"tested":2820,"color":"rgb(31,119,180)"},{"description":"Asian","count":117,"tested":847,"color":"rgb(140,86,75)"},{"description":"Black","count":22,"tested":122,"color":"rgb(255,127,14)"},{"description":"Hispanic","count":41,"tested":351,"color":"rgb(214,39,40)"}],"gender":[{"description":"Male","count":564,"tested":5644,"color":"rgb(31,119,180)"},{"description":"Unknown/Left Blank","count":24,"tested":216,"color":"rgb(44,160,44)"},{"description":"Female","count":583,"tested":7879,"color":"rgb(255,127,14)"}]}
