{"age":[{"age_group":"<20","count":371,"tested":2322},{"age_group":"20-29   ","count":445,"tested":3326},{"age_group":"30-39   ","count":366,"tested":2791},{"age_group":"40-49   ","count":377,"tested":2663},{"age_group":"50-59   ","count":381,"tested":3237},{"age_group":"60-69   ","count":331,"tested":2896},{"age_group":"70-79   ","count":243,"tested":1797},{"age_group":"80+","count":213,"tested":1446}],"race":[{"description":"Hispanic","count":590,"tested":2143,"color":"rgb(214,39,40)"},{"description":"Left Blank","count":461,"tested":8394,"color":"rgb(44,160,44)"},{"description":"Asian","count":163,"tested":318,"color":"rgb(140,86,75)"},{"description":"White","count":889,"tested":8938,"color":"rgb(31,119,180)"},{"description":"Black","count":177,"tested":352,"color":"rgb(255,127,14)"},{"description":"Other","count":168,"tested":297,"color":"rgb(148,103,189)"}],"gender":[{"description":"Female","count":986,"tested":11684,"color":"rgb(255,127,14)"},{"description":"Male","count":911,"tested":8503,"color":"rgb(31,119,180)"},{"description":"Unknown/Left Blank","count":145,"tested":292,"color":"rgb(44,160,44)"}]}
