{"age":[{"age_group":"<20","count":53,"tested":242},{"age_group":"20-29   ","count":118,"tested":801},{"age_group":"30-39   ","count":92,"tested":773},{"age_group":"40-49   ","count":74,"tested":736},{"age_group":"50-59   ","count":81,"tested":875},{"age_group":"60-69   ","count":72,"tested":898},{"age_group":"70-79   ","count":49,"tested":575},{"age_group":"80+","count":70,"tested":656}],"race":[{"description":"White","count":169,"tested":2082,"color":"rgb(31,119,180)"},{"description":"Left Blank","count":286,"tested":2406,"color":"rgb(44,160,44)"},{"description":"Other","count":16,"tested":85,"color":"rgb(148,103,189)"},{"description":"Hispanic","count":58,"tested":232,"color":"rgb(214,39,40)"},{"description":"Black","count":48,"tested":711,"color":"rgb(255,127,14)"}],"gender":[{"description":"Male","count":249,"tested":1926,"color":"rgb(31,119,180)"},{"description":"Female","count":296,"tested":3491,"color":"rgb(255,127,14)"}]}
