{"age":[{"age_group":"<20","count":137,"tested":781},{"age_group":"20-29   ","count":133,"tested":745},{"age_group":"30-39   ","count":135,"tested":681},{"age_group":"40-49   ","count":127,"tested":490},{"age_group":"50-59   ","count":132,"tested":636},{"age_group":"60-69   ","count":137,"tested":516},{"age_group":"70-79   ","count":129,"tested":344},{"age_group":"80+","count":146,"tested":327}],"race":[{"description":"Left Blank","count":150,"tested":955,"color":"rgb(44,160,44)"},{"description":"White","count":266,"tested":3334,"color":"rgb(31,119,180)"}],"gender":[{"description":"Female","count":228,"tested":2772,"color":"rgb(255,127,14)"},{"description":"Male","count":198,"tested":1709,"color":"rgb(31,119,180)"}]}
