{"age":[{"age_group":"<20","count":286,"tested":2705},{"age_group":"20-29   ","count":446,"tested":4766},{"age_group":"30-39   ","count":468,"tested":5256},{"age_group":"40-49   ","count":424,"tested":4876},{"age_group":"50-59   ","count":369,"tested":5084},{"age_group":"60-69   ","count":308,"tested":5211},{"age_group":"70-79   ","count":171,"tested":2429},{"age_group":"80+","count":135,"tested":1396}],"race":[{"description":"Black","count":1574,"tested":13742,"color":"rgb(255,127,14)"},{"description":"Hispanic","count":349,"tested":1644,"color":"rgb(214,39,40)"},{"description":"White","count":89,"tested":836,"color":"rgb(31,119,180)"},{"description":"Asian","count":10,"tested":63,"color":"rgb(140,86,75)"},{"description":"Other","count":68,"tested":672,"color":"rgb(148,103,189)"},{"description":"Left Blank","count":508,"tested":14774,"color":"rgb(44,160,44)"}],"gender":[{"description":"Female","count":1337,"tested":17219,"color":"rgb(255,127,14)"},{"description":"Male","count":1148,"tested":13257,"color":"rgb(31,119,180)"},{"description":"Unknown/Left Blank","count":103,"tested":1274,"color":"rgb(44,160,44)"}]}
