{"age":[{"age_group":"<20","count":251,"tested":3009},{"age_group":"20-29   ","count":296,"tested":3539},{"age_group":"30-39   ","count":204,"tested":3961},{"age_group":"40-49   ","count":263,"tested":3564},{"age_group":"50-59   ","count":266,"tested":4141},{"age_group":"60-69   ","count":229,"tested":3632},{"age_group":"70-79   ","count":132,"tested":2379},{"age_group":"80+","count":166,"tested":2898}],"race":[{"description":"Black","count":35,"tested":128,"color":"rgb(255,127,14)"},{"description":"Asian","count":76,"tested":519,"color":"rgb(140,86,75)"},{"description":"White","count":880,"tested":10325,"color":"rgb(31,119,180)"},{"description":"Hispanic","count":108,"tested":714,"color":"rgb(214,39,40)"},{"description":"Other","count":103,"tested":847,"color":"rgb(148,103,189)"},{"description":"Left Blank","count":543,"tested":14567,"color":"rgb(44,160,44)"}],"gender":[{"description":"Male","count":781,"tested":11330,"color":"rgb(31,119,180)"},{"description":"Unknown/Left Blank","count":44,"tested":311,"color":"rgb(44,160,44)"},{"description":"Female","count":842,"tested":15498,"color":"rgb(255,127,14)"}]}
