{"age":[{"age_group":"<20","count":834,"tested":7296},{"age_group":"20-29   ","count":610,"tested":6660},{"age_group":"30-39   ","count":541,"tested":6540},{"age_group":"40-49   ","count":711,"tested":7052},{"age_group":"50-59   ","count":720,"tested":7934},{"age_group":"60-69   ","count":447,"tested":5716},{"age_group":"70-79   ","count":302,"tested":3629},{"age_group":"80+","count":275,"tested":7155}],"race":[{"description":"Left Blank","count":1089,"tested":28329,"color":"rgb(44,160,44)"},{"description":"Other","count":233,"tested":1328,"color":"rgb(148,103,189)"},{"description":"Black","count":196,"tested":508,"color":"rgb(255,127,14)"},{"description":"Asian","count":252,"tested":1112,"color":"rgb(140,86,75)"},{"description":"White","count":1991,"tested":19113,"color":"rgb(31,119,180)"},{"description":"Hispanic","count":417,"tested":1548,"color":"rgb(214,39,40)"},{"description":"AI/AN**","count":134,"tested":28,"color":"rgb(31,119,180)"}],"gender":[{"description":"Male","count":1842,"tested":20853,"color":"rgb(31,119,180)"},{"description":"Unknown/Left Blank","count":139,"tested":594,"color":"rgb(44,160,44)"},{"description":"Female","count":1829,"tested":30542,"color":"rgb(255,127,14)"}]}
