{"age":[{"age_group":"<20","count":817,"tested":4114},{"age_group":"20-29   ","count":946,"tested":6521},{"age_group":"30-39   ","count":800,"tested":4992},{"age_group":"40-49   ","count":910,"tested":5789},{"age_group":"50-59   ","count":803,"tested":5574},{"age_group":"60-69   ","count":504,"tested":2954},{"age_group":"70-79   ","count":370,"tested":1874},{"age_group":"80+","count":310,"tested":1088}],"race":[{"description":"Hispanic","count":1268,"tested":5019,"color":"rgb(214,39,40)"},{"description":"Left Blank","count":1497,"tested":14773,"color":"rgb(44,160,44)"},{"description":"White","count":995,"tested":7995,"color":"rgb(31,119,180)"},{"description":"Asian","count":342,"tested":1008,"color":"rgb(140,86,75)"},{"description":"Black","count":498,"tested":2546,"color":"rgb(255,127,14)"},{"description":"NH/PI*","count":235,"tested":50,"color":"rgb(127,127,127)"},{"description":"Other","count":392,"tested":1482,"color":"rgb(148,103,189)"}],"gender":[{"description":"Unknown/Left Blank","count":248,"tested":489,"color":"rgb(44,160,44)"},{"description":"Male","count":1893,"tested":13646,"color":"rgb(31,119,180)"},{"description":"Female","count":2175,"tested":18779,"color":"rgb(255,127,14)"}]}
