{"age":[{"age_group":"<20","count":249,"tested":3728},{"age_group":"20-29   ","count":328,"tested":6062},{"age_group":"30-39   ","count":344,"tested":7100},{"age_group":"40-49   ","count":302,"tested":5775},{"age_group":"50-59   ","count":308,"tested":7105},{"age_group":"60-69   ","count":238,"tested":6130},{"age_group":"70-79   ","count":149,"tested":2719},{"age_group":"80+","count":165,"tested":1954}],"race":[{"description":"Other","count":186,"tested":1840,"color":"rgb(148,103,189)"},{"description":"Black","count":406,"tested":3953,"color":"rgb(255,127,14)"},{"description":"Asian","count":89,"tested":957,"color":"rgb(140,86,75)"},{"description":"White","count":507,"tested":9467,"color":"rgb(31,119,180)"},{"description":"Left Blank","count":422,"tested":22580,"color":"rgb(44,160,44)"},{"description":"Hispanic","count":373,"tested":1700,"color":"rgb(214,39,40)"}],"gender":[{"description":"Unknown/Left Blank","count":69,"tested":726,"color":"rgb(44,160,44)"},{"description":"Female","count":945,"tested":22628,"color":"rgb(255,127,14)"},{"description":"Male","count":824,"tested":17223,"color":"rgb(31,119,180)"}]}
