{"age":[{"age_group":"<20","count":281,"tested":1504},{"age_group":"20-29   ","count":362,"tested":2560},{"age_group":"30-39   ","count":342,"tested":2547},{"age_group":"40-49   ","count":351,"tested":2593},{"age_group":"50-59   ","count":397,"tested":2760},{"age_group":"60-69   ","count":275,"tested":2253},{"age_group":"70-79   ","count":166,"tested":1213},{"age_group":"80+","count":90,"tested":596}],"race":[{"description":"Black","count":807,"tested":6763,"color":"rgb(255,127,14)"},{"description":"Hispanic","count":389,"tested":1499,"color":"rgb(214,39,40)"},{"description":"White","count":198,"tested":963,"color":"rgb(31,119,180)"},{"description":"Asian","count":51,"tested":66,"color":"rgb(140,86,75)"},{"description":"Left Blank","count":619,"tested":6196,"color":"rgb(44,160,44)"},{"description":"Other","count":107,"tested":529,"color":"rgb(148,103,189)"}],"gender":[{"description":"Unknown/Left Blank","count":55,"tested":323,"color":"rgb(44,160,44)"},{"description":"Male","count":921,"tested":6319,"color":"rgb(31,119,180)"},{"description":"Female","count":1069,"tested":9389,"color":"rgb(255,127,14)"}]}
