{"age":[{"age_group":"<20","count":21,"tested":103},{"age_group":"20-29   ","count":24,"tested":85},{"age_group":"30-39   ","count":22,"tested":78},{"age_group":"40-49   ","count":22,"tested":112},{"age_group":"50-59   ","count":27,"tested":138},{"age_group":"60-69   ","count":22,"tested":174},{"age_group":"70-79   ","count":17,"tested":69}],"race":[{"description":"White","count":74,"tested":613,"color":"rgb(31,119,180)"},{"description":"Left Blank","count":32,"tested":133,"color":"rgb(44,160,44)"}],"gender":[{"description":"Female","count":62,"tested":427,"color":"rgb(255,127,14)"},{"description":"Male","count":50,"tested":350,"color":"rgb(31,119,180)"}]}
