{"age":[{"age_group":"<20","count":635,"tested":5648},{"age_group":"20-29   ","count":473,"tested":5123},{"age_group":"30-39   ","count":435,"tested":4960},{"age_group":"40-49   ","count":447,"tested":4217},{"age_group":"50-59   ","count":517,"tested":5297},{"age_group":"60-69   ","count":341,"tested":4086},{"age_group":"70-79   ","count":222,"tested":2196},{"age_group":"80+","count":199,"tested":2548}],"race":[{"description":"Black","count":154,"tested":455,"color":"rgb(255,127,14)"},{"description":"Asian","count":193,"tested":745,"color":"rgb(140,86,75)"},{"description":"Hispanic","count":280,"tested":844,"color":"rgb(214,39,40)"},{"description":"Other","count":166,"tested":762,"color":"rgb(148,103,189)"},{"description":"Left Blank","count":829,"tested":18428,"color":"rgb(44,160,44)"},{"description":"White","count":1447,"tested":12800,"color":"rgb(31,119,180)"},{"description":"AI/AN**","count":102,"tested":26,"color":"rgb(31,119,180)"}],"gender":[{"description":"Male","count":1329,"tested":14745,"color":"rgb(31,119,180)"},{"description":"Unknown/Left Blank","count":110,"tested":376,"color":"rgb(44,160,44)"},{"description":"Female","count":1350,"tested":18956,"color":"rgb(255,127,14)"}]}
