{"age":[{"age_group":"<20","count":373,"tested":3387},{"age_group":"20-29   ","count":337,"tested":2419},{"age_group":"30-39   ","count":309,"tested":2369},{"age_group":"40-49   ","count":349,"tested":2394},{"age_group":"50-59   ","count":359,"tested":2278},{"age_group":"60-69   ","count":264,"tested":1819},{"age_group":"70-79   ","count":150,"tested":1032},{"age_group":"80+","count":99,"tested":798}],"race":[{"description":"Asian","count":85,"tested":152,"color":"rgb(140,86,75)"},{"description":"Left Blank","count":436,"tested":6250,"color":"rgb(44,160,44)"},{"description":"White","count":1204,"tested":9067,"color":"rgb(31,119,180)"},{"description":"Black","count":107,"tested":250,"color":"rgb(255,127,14)"},{"description":"Other","count":93,"tested":264,"color":"rgb(148,103,189)"},{"description":"Hispanic","count":176,"tested":502,"color":"rgb(214,39,40)"}],"gender":[{"description":"Male","count":874,"tested":7141,"color":"rgb(31,119,180)"},{"description":"Female","count":949,"tested":9235,"color":"rgb(255,127,14)"}]}
