{"age":[{"age_group":"<20","count":172,"tested":1272},{"age_group":"20-29   ","count":187,"tested":1552},{"age_group":"30-39   ","count":167,"tested":1733},{"age_group":"40-49   ","count":211,"tested":1645},{"age_group":"50-59   ","count":255,"tested":2295},{"age_group":"60-69   ","count":220,"tested":2171},{"age_group":"70-79   ","count":128,"tested":1070},{"age_group":"80+","count":85,"tested":597}],"race":[{"description":"Hispanic","count":69,"tested":136,"color":"rgb(214,39,40)"},{"description":"Left Blank","count":413,"tested":6385,"color":"rgb(44,160,44)"},{"description":"White","count":649,"tested":5452,"color":"rgb(31,119,180)"},{"description":"Other","count":68,"tested":258,"color":"rgb(148,103,189)"},{"description":"Black","count":62,"tested":81,"color":"rgb(255,127,14)"}],"gender":[{"description":"Male","count":547,"tested":5158,"color":"rgb(31,119,180)"},{"description":"Female","count":558,"tested":7030,"color":"rgb(255,127,14)"}]}
