{"age":[{"age_group":"<20","count":202,"tested":1147},{"age_group":"20-29   ","count":198,"tested":1271},{"age_group":"30-39   ","count":238,"tested":1304},{"age_group":"40-49   ","count":211,"tested":1117},{"age_group":"50-59   ","count":224,"tested":1214},{"age_group":"60-69   ","count":181,"tested":1109},{"age_group":"70-79   ","count":130,"tested":763},{"age_group":"80+","count":115,"tested":557}],"race":[{"description":"White","count":486,"tested":4271,"color":"rgb(31,119,180)"},{"description":"Hispanic","count":245,"tested":656,"color":"rgb(214,39,40)"},{"description":"Left Blank","count":341,"tested":3339,"color":"rgb(44,160,44)"},{"description":"Other","count":95,"tested":130,"color":"rgb(148,103,189)"}],"gender":[{"description":"Female","count":537,"tested":5010,"color":"rgb(255,127,14)"},{"description":"Male","count":475,"tested":3379,"color":"rgb(31,119,180)"}]}
