{"age":[{"age_group":"<20","count":193,"tested":1010},{"age_group":"20-29   ","count":269,"tested":1814},{"age_group":"30-39   ","count":233,"tested":1768},{"age_group":"40-49   ","count":227,"tested":1555},{"age_group":"50-59   ","count":202,"tested":1724},{"age_group":"60-69   ","count":158,"tested":1292},{"age_group":"70-79   ","count":93,"tested":551},{"age_group":"80+","count":67,"tested":370}],"race":[{"description":"Black","count":153,"tested":1110,"color":"rgb(255,127,14)"},{"description":"Asian","count":49,"tested":49,"color":"rgb(140,86,75)"},{"description":"Other","count":102,"tested":413,"color":"rgb(148,103,189)"},{"description":"Hispanic","count":217,"tested":809,"color":"rgb(214,39,40)"},{"description":"White","count":366,"tested":2493,"color":"rgb(31,119,180)"},{"description":"Left Blank","count":470,"tested":5199,"color":"rgb(44,160,44)"}],"gender":[{"description":"Female","count":674,"tested":6237,"color":"rgb(255,127,14)"},{"description":"Male","count":518,"tested":3631,"color":"rgb(31,119,180)"}]}
