{"age":[{"age_group":"<20","count":663,"tested":5387},{"age_group":"20-29   ","count":838,"tested":6716},{"age_group":"30-39   ","count":781,"tested":6496},{"age_group":"40-49   ","count":808,"tested":5985},{"age_group":"50-59   ","count":780,"tested":6622},{"age_group":"60-69   ","count":588,"tested":5399},{"age_group":"70-79   ","count":355,"tested":2870},{"age_group":"80+","count":280,"tested":1951}],"race":[{"description":"AI/AN**","count":171,"tested":66,"color":"rgb(31,119,180)"},{"description":"NH/PI*","count":173,"tested":79,"color":"rgb(127,127,127)"},{"description":"Asian","count":460,"tested":3140,"color":"rgb(140,86,75)"},{"description":"Black","count":247,"tested":774,"color":"rgb(255,127,14)"},{"description":"Hispanic","count":878,"tested":3198,"color":"rgb(214,39,40)"},{"description":"White","count":1751,"tested":17020,"color":"rgb(31,119,180)"},{"description":"Left Blank","count":1023,"tested":15504,"color":"rgb(44,160,44)"},{"description":"Other","count":390,"tested":1656,"color":"rgb(148,103,189)"}],"gender":[{"description":"Female","count":2067,"tested":23029,"color":"rgb(255,127,14)"},{"description":"Unknown/Left Blank","count":183,"tested":564,"color":"rgb(44,160,44)"},{"description":"Male","count":2018,"tested":17844,"color":"rgb(31,119,180)"}]}
