{"age":[{"age_group":"<20","count":27,"tested":328},{"age_group":"20-29   ","count":22,"tested":475},{"age_group":"30-39   ","count":26,"tested":247},{"age_group":"40-49   ","count":28,"tested":398},{"age_group":"50-59   ","count":49,"tested":438},{"age_group":"60-69   ","count":34,"tested":557},{"age_group":"70-79   ","count":29,"tested":250},{"age_group":"80+","count":30,"tested":719}],"race":[{"description":"Left Blank","count":77,"tested":2647,"color":"rgb(44,160,44)"},{"description":"White","count":122,"tested":731,"color":"rgb(31,119,180)"}],"gender":[{"description":"Male","count":86,"tested":998,"color":"rgb(31,119,180)"},{"description":"Female","count":115,"tested":2337,"color":"rgb(255,127,14)"}]}
