{"age":[{"age_group":"<20","count":216,"tested":658},{"age_group":"20-29   ","count":219,"tested":885},{"age_group":"30-39   ","count":210,"tested":854},{"age_group":"40-49   ","count":228,"tested":801},{"age_group":"50-59   ","count":220,"tested":1063},{"age_group":"60-69   ","count":208,"tested":652},{"age_group":"70-79   ","count":180,"tested":424},{"age_group":"80+","count":164,"tested":169}],"race":[{"description":"Hispanic","count":174,"tested":85,"color":"rgb(214,39,40)"},{"description":"White","count":305,"tested":2480,"color":"rgb(31,119,180)"},{"description":"Left Blank","count":375,"tested":2860,"color":"rgb(44,160,44)"}],"gender":[{"description":"Female","count":368,"tested":3267,"color":"rgb(255,127,14)"},{"description":"Male","count":334,"tested":2160,"color":"rgb(31,119,180)"}]}
