{"age":[{"age_group":"<20","count":518,"tested":4462},{"age_group":"20-29   ","count":653,"tested":6945},{"age_group":"30-39   ","count":717,"tested":6876},{"age_group":"40-49   ","count":723,"tested":7300},{"age_group":"50-59   ","count":726,"tested":8351},{"age_group":"60-69   ","count":565,"tested":6975},{"age_group":"70-79   ","count":432,"tested":4767},{"age_group":"80+","count":291,"tested":2981}],"race":[{"description":"White","count":138,"tested":850,"color":"rgb(31,119,180)"},{"description":"Left Blank","count":993,"tested":17301,"color":"rgb(44,160,44)"},{"description":"Other","count":180,"tested":680,"color":"rgb(148,103,189)"},{"description":"Black","count":2789,"tested":28646,"color":"rgb(255,127,14)"},{"description":"Hispanic","count":284,"tested":1076,"color":"rgb(214,39,40)"}],"gender":[{"description":"Male","count":1814,"tested":19428,"color":"rgb(31,119,180)"},{"description":"Unknown/Left Blank","count":110,"tested":1292,"color":"rgb(44,160,44)"},{"description":"Female","count":2316,"tested":27949,"color":"rgb(255,127,14)"}]}
