{"age":[{"age_group":"<20","count":324,"tested":2317},{"age_group":"20-29   ","count":367,"tested":2881},{"age_group":"30-39   ","count":296,"tested":2221},{"age_group":"40-49   ","count":263,"tested":2021},{"age_group":"50-59   ","count":216,"tested":1675},{"age_group":"60-69   ","count":144,"tested":1354},{"age_group":"70-79   ","count":74,"tested":853},{"age_group":"80+","count":62,"tested":544}],"race":[{"description":"Hispanic","count":558,"tested":1713,"color":"rgb(214,39,40)"},{"description":"White","count":365,"tested":3180,"color":"rgb(31,119,180)"},{"description":"Left Blank","count":383,"tested":6894,"color":"rgb(44,160,44)"},{"description":"Other","count":45,"tested":231,"color":"rgb(148,103,189)"},{"description":"Asian","count":74,"tested":152,"color":"rgb(140,86,75)"},{"description":"Black","count":278,"tested":1683,"color":"rgb(255,127,14)"}],"gender":[{"description":"Unknown/Left Blank","count":40,"tested":576,"color":"rgb(44,160,44)"},{"description":"Female","count":830,"tested":7892,"color":"rgb(255,127,14)"},{"description":"Male","count":771,"tested":5401,"color":"rgb(31,119,180)"}]}
