{"age":[{"age_group":"<20","count":285,"tested":1148},{"age_group":"20-29   ","count":391,"tested":2190},{"age_group":"30-39   ","count":342,"tested":2054},{"age_group":"40-49   ","count":335,"tested":1869},{"age_group":"50-59   ","count":314,"tested":1919},{"age_group":"60-69   ","count":245,"tested":2090},{"age_group":"70-79   ","count":214,"tested":1449},{"age_group":"80+","count":220,"tested":1252}],"race":[{"description":"Left Blank","count":543,"tested":6454,"color":"rgb(44,160,44)"},{"description":"Other","count":181,"tested":695,"color":"rgb(148,103,189)"},{"description":"Black","count":389,"tested":2298,"color":"rgb(255,127,14)"},{"description":"Hispanic","count":527,"tested":1582,"color":"rgb(214,39,40)"},{"description":"White","count":343,"tested":2803,"color":"rgb(31,119,180)"},{"description":"AI/AN**","count":136,"tested":73,"color":"rgb(31,119,180)"}],"gender":[{"description":"Female","count":927,"tested":8323,"color":"rgb(255,127,14)"},{"description":"Male","count":747,"tested":5374,"color":"rgb(31,119,180)"},{"description":"Unknown/Left Blank","count":117,"tested":279,"color":"rgb(44,160,44)"}]}
