{"age":[{"age_group":"<20","count":1110,"tested":9754},{"age_group":"20-29   ","count":1595,"tested":20154},{"age_group":"30-39   ","count":1740,"tested":25042},{"age_group":"40-49   ","count":1382,"tested":14098},{"age_group":"50-59   ","count":1060,"tested":9313},{"age_group":"60-69   ","count":739,"tested":5918},{"age_group":"70-79   ","count":466,"tested":2943},{"age_group":"80+","count":384,"tested":2093}],"race":[{"description":"AI/AN**","count":255,"tested":86,"color":"rgb(31,119,180)"},{"description":"NH/PI*","count":255,"tested":146,"color":"rgb(127,127,127)"},{"description":"Black","count":381,"tested":2090,"color":"rgb(255,127,14)"},{"description":"Asian","count":402,"tested":2761,"color":"rgb(140,86,75)"},{"description":"Hispanic","count":3096,"tested":16149,"color":"rgb(214,39,40)"},{"description":"White","count":1744,"tested":28787,"color":"rgb(31,119,180)"},{"description":"Left Blank","count":1767,"tested":35113,"color":"rgb(44,160,44)"},{"description":"Other","count":576,"tested":4209,"color":"rgb(148,103,189)"}],"gender":[{"description":"Female","count":3407,"tested":47541,"color":"rgb(255,127,14)"},{"description":"Male","count":3552,"tested":39786,"color":"rgb(31,119,180)"},{"description":"Unknown/Left Blank","count":307,"tested":2014,"color":"rgb(44,160,44)"}]}
