{"age":[{"age_group":"<20","count":77,"tested":406},{"age_group":"20-29   ","count":111,"tested":890},{"age_group":"30-39   ","count":102,"tested":687},{"age_group":"40-49   ","count":105,"tested":669},{"age_group":"50-59   ","count":88,"tested":700},{"age_group":"60-69   ","count":57,"tested":552},{"age_group":"70-79   ","count":32,"tested":294},{"age_group":"80+","count":16,"tested":142}],"race":[{"description":"Left Blank","count":186,"tested":1693,"color":"rgb(44,160,44)"},{"description":"Other","count":22,"tested":158,"color":"rgb(148,103,189)"},{"description":"White","count":79,"tested":777,"color":"rgb(31,119,180)"},{"description":"Hispanic","count":191,"tested":759,"color":"rgb(214,39,40)"},{"description":"Black","count":82,"tested":890,"color":"rgb(255,127,14)"}],"gender":[{"description":"Female","count":277,"tested":2442,"color":"rgb(255,127,14)"},{"description":"Male","count":265,"tested":1831,"color":"rgb(31,119,180)"}]}
