{"age":[{"age_group":"<20","count":449,"tested":3643},{"age_group":"20-29   ","count":634,"tested":6457},{"age_group":"30-39   ","count":664,"tested":7289},{"age_group":"40-49   ","count":591,"tested":6634},{"age_group":"50-59   ","count":532,"tested":6727},{"age_group":"60-69   ","count":429,"tested":6387},{"age_group":"70-79   ","count":246,"tested":2875},{"age_group":"80+","count":198,"tested":1603}],"race":[{"description":"Black","count":2122,"tested":17825,"color":"rgb(255,127,14)"},{"description":"Hispanic","count":496,"tested":2137,"color":"rgb(214,39,40)"},{"description":"White","count":141,"tested":1071,"color":"rgb(31,119,180)"},{"description":"Asian","count":48,"tested":79,"color":"rgb(140,86,75)"},{"description":"Other","count":119,"tested":857,"color":"rgb(148,103,189)"},{"description":"Left Blank","count":733,"tested":19644,"color":"rgb(44,160,44)"}],"gender":[{"description":"Female","count":1840,"tested":22934,"color":"rgb(255,127,14)"},{"description":"Male","count":1555,"tested":17281,"color":"rgb(31,119,180)"},{"description":"Unknown/Left Blank","count":144,"tested":1428,"color":"rgb(44,160,44)"}]}
