{"age":[{"age_group":"<20","count":46,"tested":174},{"age_group":"20-29   ","count":52,"tested":178},{"age_group":"30-39   ","count":47,"tested":188},{"age_group":"40-49   ","count":43,"tested":185},{"age_group":"50-59   ","count":46,"tested":210},{"age_group":"60-69   ","count":42,"tested":281},{"age_group":"70-79   ","count":33,"tested":120}],"race":[{"description":"White","count":121,"tested":1120,"color":"rgb(31,119,180)"},{"description":"Left Blank","count":52,"tested":217,"color":"rgb(44,160,44)"},{"description":"Other","count":33,"tested":38,"color":"rgb(148,103,189)"}],"gender":[{"description":"Female","count":101,"tested":902,"color":"rgb(255,127,14)"},{"description":"Male","count":80,"tested":493,"color":"rgb(31,119,180)"}]}
