{"age":[{"age_group":"<20","count":173,"tested":1703},{"age_group":"20-29   ","count":195,"tested":1913},{"age_group":"30-39   ","count":163,"tested":2086},{"age_group":"40-49   ","count":140,"tested":1576},{"age_group":"50-59   ","count":154,"tested":1972},{"age_group":"60-69   ","count":148,"tested":2066},{"age_group":"70-79   ","count":61,"tested":1306},{"age_group":"80+","count":63,"tested":1400}],"race":[{"description":"Hispanic","count":86,"tested":264,"color":"rgb(214,39,40)"},{"description":"Asian","count":48,"tested":241,"color":"rgb(140,86,75)"},{"description":"Left Blank","count":397,"tested":7887,"color":"rgb(44,160,44)"},{"description":"White","count":402,"tested":5022,"color":"rgb(31,119,180)"},{"description":"Black","count":55,"tested":296,"color":"rgb(255,127,14)"},{"description":"Other","count":52,"tested":335,"color":"rgb(148,103,189)"}],"gender":[{"description":"Unknown/Left Blank","count":38,"tested":310,"color":"rgb(44,160,44)"},{"description":"Male","count":435,"tested":5985,"color":"rgb(31,119,180)"},{"description":"Female","count":484,"tested":7757,"color":"rgb(255,127,14)"}]}
