{"age":[{"age_group":"<20","count":66,"tested":583},{"age_group":"20-29   ","count":67,"tested":566},{"age_group":"30-39   ","count":56,"tested":507},{"age_group":"40-49   ","count":65,"tested":471},{"age_group":"50-59   ","count":62,"tested":578},{"age_group":"60-69   ","count":47,"tested":409},{"age_group":"70-79   ","count":18,"tested":261},{"age_group":"80+","count":14,"tested":153}],"race":[{"description":"Hispanic","count":67,"tested":197,"color":"rgb(214,39,40)"},{"description":"White","count":197,"tested":1617,"color":"rgb(31,119,180)"},{"description":"Left Blank","count":101,"tested":1650,"color":"rgb(44,160,44)"}],"gender":[{"description":"Male","count":180,"tested":1468,"color":"rgb(31,119,180)"},{"description":"Female","count":185,"tested":2044,"color":"rgb(255,127,14)"}]}
