{"age":[{"age_group":"<20","count":147,"tested":954},{"age_group":"20-29   ","count":236,"tested":1601},{"age_group":"30-39   ","count":191,"tested":1417},{"age_group":"40-49   ","count":192,"tested":1336},{"age_group":"50-59   ","count":242,"tested":1931},{"age_group":"60-69   ","count":178,"tested":1412},{"age_group":"70-79   ","count":108,"tested":864},{"age_group":"80+","count":77,"tested":456}],"race":[{"description":"Hispanic","count":154,"tested":436,"color":"rgb(214,39,40)"},{"description":"Left Blank","count":305,"tested":3441,"color":"rgb(44,160,44)"},{"description":"Other","count":87,"tested":149,"color":"rgb(148,103,189)"},{"description":"Asian","count":69,"tested":62,"color":"rgb(140,86,75)"},{"description":"White","count":560,"tested":5782,"color":"rgb(31,119,180)"},{"description":"Black","count":69,"tested":75,"color":"rgb(255,127,14)"}],"gender":[{"description":"Female","count":518,"tested":5690,"color":"rgb(255,127,14)"},{"description":"Male","count":476,"tested":4215,"color":"rgb(31,119,180)"}]}
