{"age":[{"age_group":"<20","count":113,"tested":1188},{"age_group":"20-29   ","count":115,"tested":773},{"age_group":"30-39   ","count":104,"tested":791},{"age_group":"40-49   ","count":98,"tested":754},{"age_group":"50-59   ","count":88,"tested":693},{"age_group":"60-69   ","count":49,"tested":479},{"age_group":"70-79   ","count":44,"tested":238},{"age_group":"80+","count":22,"tested":147}],"race":[{"description":"White","count":306,"tested":2537,"color":"rgb(31,119,180)"},{"description":"Left Blank","count":134,"tested":1857,"color":"rgb(44,160,44)"},{"description":"Hispanic","count":99,"tested":293,"color":"rgb(214,39,40)"},{"description":"Other","count":37,"tested":199,"color":"rgb(148,103,189)"},{"description":"Black","count":20,"tested":116,"color":"rgb(255,127,14)"},{"description":"Asian","count":22,"tested":50,"color":"rgb(140,86,75)"}],"gender":[{"description":"Male","count":251,"tested":2153,"color":"rgb(31,119,180)"},{"description":"Female","count":335,"tested":2853,"color":"rgb(255,127,14)"}]}
