{"age":[{"age_group":"<20","count":197,"tested":2027},{"age_group":"20-29   ","count":268,"tested":2316},{"age_group":"30-39   ","count":211,"tested":1983},{"age_group":"40-49   ","count":211,"tested":1823},{"age_group":"50-59   ","count":213,"tested":2106},{"age_group":"60-69   ","count":153,"tested":1463},{"age_group":"70-79   ","count":95,"tested":887},{"age_group":"80+","count":57,"tested":568}],"race":[{"description":"Black","count":64,"tested":311,"color":"rgb(255,127,14)"},{"description":"Asian","count":41,"tested":208,"color":"rgb(140,86,75)"},{"description":"Other","count":40,"tested":166,"color":"rgb(148,103,189)"},{"description":"White","count":833,"tested":7073,"color":"rgb(31,119,180)"},{"description":"Left Blank","count":285,"tested":4791,"color":"rgb(44,160,44)"},{"description":"Hispanic","count":107,"tested":615,"color":"rgb(214,39,40)"}],"gender":[{"description":"Female","count":680,"tested":7514,"color":"rgb(255,127,14)"},{"description":"Male","count":618,"tested":5479,"color":"rgb(31,119,180)"}]}
