{"age":[{"age_group":"<20","count":105,"tested":532},{"age_group":"20-29   ","count":140,"tested":1175},{"age_group":"30-39   ","count":121,"tested":1079},{"age_group":"40-49   ","count":113,"tested":937},{"age_group":"50-59   ","count":102,"tested":1099},{"age_group":"60-69   ","count":88,"tested":985},{"age_group":"70-79   ","count":41,"tested":546},{"age_group":"80+","count":28,"tested":226}],"race":[{"description":"Other","count":61,"tested":357,"color":"rgb(148,103,189)"},{"description":"White","count":233,"tested":1814,"color":"rgb(31,119,180)"},{"description":"Asian","count":28,"tested":89,"color":"rgb(140,86,75)"},{"description":"Hispanic","count":74,"tested":319,"color":"rgb(214,39,40)"},{"description":"Left Blank","count":299,"tested":3827,"color":"rgb(44,160,44)"},{"description":"Black","count":21,"tested":167,"color":"rgb(255,127,14)"}],"gender":[{"description":"Male","count":308,"tested":2642,"color":"rgb(31,119,180)"},{"description":"Female","count":362,"tested":3417,"color":"rgb(255,127,14)"}]}
