{"age":[{"age_group":"<20","count":426,"tested":2995},{"age_group":"20-29   ","count":462,"tested":3354},{"age_group":"30-39   ","count":378,"tested":2792},{"age_group":"40-49   ","count":431,"tested":2821},{"age_group":"50-59   ","count":370,"tested":2726},{"age_group":"60-69   ","count":234,"tested":2170},{"age_group":"70-79   ","count":152,"tested":1550},{"age_group":"80+","count":91,"tested":1525}],"race":[{"description":"Hispanic","count":1034,"tested":2603,"color":"rgb(214,39,40)"},{"description":"Asian","count":33,"tested":84,"color":"rgb(140,86,75)"},{"description":"White","count":931,"tested":6154,"color":"rgb(31,119,180)"},{"description":"Black","count":56,"tested":294,"color":"rgb(255,127,14)"},{"description":"Other","count":55,"tested":257,"color":"rgb(148,103,189)"},{"description":"Left Blank","count":395,"tested":10543,"color":"rgb(44,160,44)"}],"gender":[{"description":"Male","count":1137,"tested":7758,"color":"rgb(31,119,180)"},{"description":"Unknown/Left Blank","count":24,"tested":503,"color":"rgb(44,160,44)"},{"description":"Female","count":1298,"tested":11681,"color":"rgb(255,127,14)"}]}
