{"age":[{"age_group":"<20","count":209,"tested":2442},{"age_group":"20-29   ","count":234,"tested":2595},{"age_group":"30-39   ","count":207,"tested":2637},{"age_group":"40-49   ","count":187,"tested":2302},{"age_group":"50-59   ","count":185,"tested":2640},{"age_group":"60-69   ","count":174,"tested":2149},{"age_group":"70-79   ","count":106,"tested":1417},{"age_group":"80+","count":75,"tested":1669}],"race":[{"description":"Black","count":274,"tested":2438,"color":"rgb(255,127,14)"},{"description":"Asian","count":20,"tested":69,"color":"rgb(140,86,75)"},{"description":"Other","count":29,"tested":205,"color":"rgb(148,103,189)"},{"description":"White","count":542,"tested":6346,"color":"rgb(31,119,180)"},{"description":"Left Blank","count":244,"tested":7501,"color":"rgb(44,160,44)"},{"description":"Hispanic","count":244,"tested":1295,"color":"rgb(214,39,40)"}],"gender":[{"description":"Female","count":700,"tested":10533,"color":"rgb(255,127,14)"},{"description":"Male","count":595,"tested":6859,"color":"rgb(31,119,180)"},{"description":"Unknown/Left Blank","count":22,"tested":462,"color":"rgb(44,160,44)"}]}
