{"age":[{"age_group":"<20","count":109,"tested":1013},{"age_group":"20-29   ","count":125,"tested":1208},{"age_group":"30-39   ","count":102,"tested":1167},{"age_group":"40-49   ","count":110,"tested":925},{"age_group":"50-59   ","count":115,"tested":1181},{"age_group":"60-69   ","count":70,"tested":933},{"age_group":"70-79   ","count":38,"tested":474},{"age_group":"80+","count":25,"tested":233}],"race":[{"description":"Other","count":30,"tested":158,"color":"rgb(148,103,189)"},{"description":"Asian","count":24,"tested":140,"color":"rgb(140,86,75)"},{"description":"White","count":222,"tested":2729,"color":"rgb(31,119,180)"},{"description":"Black","count":22,"tested":135,"color":"rgb(255,127,14)"},{"description":"Hispanic","count":211,"tested":831,"color":"rgb(214,39,40)"},{"description":"Left Blank","count":160,"tested":3129,"color":"rgb(44,160,44)"}],"gender":[{"description":"Female","count":321,"tested":3976,"color":"rgb(255,127,14)"},{"description":"Male","count":299,"tested":3105,"color":"rgb(31,119,180)"}]}
