{"age":[{"age_group":"<20","count":12,"tested":98},{"age_group":"20-29   ","count":8,"tested":36},{"age_group":"30-39   ","count":8,"tested":71},{"age_group":"40-49   ","count":8,"tested":51},{"age_group":"60-69   ","count":12,"tested":91}],"race":[{"description":"Left Blank","count":22,"tested":264,"color":"rgb(44,160,44)"},{"description":"White","count":31,"tested":210,"color":"rgb(31,119,180)"}],"gender":[{"description":"Male","count":21,"tested":204,"color":"rgb(31,119,180)"},{"description":"Female","count":30,"tested":296,"color":"rgb(255,127,14)"}]}
