{"age":[{"age_group":"<20","count":19,"tested":158},{"age_group":"20-29   ","count":19,"tested":204},{"age_group":"30-39   ","count":10,"tested":173},{"age_group":"40-49   ","count":16,"tested":159},{"age_group":"50-59   ","count":16,"tested":201},{"age_group":"60-69   ","count":12,"tested":203}],"race":[{"description":"Left Blank","count":19,"tested":489,"color":"rgb(44,160,44)"},{"description":"Hispanic","count":9,"tested":42,"color":"rgb(214,39,40)"},{"description":"White","count":65,"tested":660,"color":"rgb(31,119,180)"}],"gender":[{"description":"Male","count":43,"tested":495,"color":"rgb(31,119,180)"},{"description":"Female","count":52,"tested":704,"color":"rgb(255,127,14)"}]}
