{"age":[{"age_group":"<20","count":175,"tested":1744},{"age_group":"20-29   ","count":270,"tested":3190},{"age_group":"30-39   ","count":253,"tested":2941},{"age_group":"40-49   ","count":234,"tested":2947},{"age_group":"50-59   ","count":256,"tested":3492},{"age_group":"60-69   ","count":238,"tested":3267},{"age_group":"70-79   ","count":112,"tested":1940},{"age_group":"80+","count":127,"tested":2104}],"race":[{"description":"AI/AN**","count":26,"tested":48,"color":"rgb(31,119,180)"},{"description":"Asian","count":239,"tested":1703,"color":"rgb(140,86,75)"},{"description":"Left Blank","count":385,"tested":11195,"color":"rgb(44,160,44)"},{"description":"White","count":368,"tested":4920,"color":"rgb(31,119,180)"},{"description":"Other","count":347,"tested":1957,"color":"rgb(148,103,189)"},{"description":"Black","count":119,"tested":1000,"color":"rgb(255,127,14)"},{"description":"Hispanic","count":160,"tested":746,"color":"rgb(214,39,40)"}],"gender":[{"description":"Unknown/Left Blank","count":26,"tested":383,"color":"rgb(44,160,44)"},{"description":"Male","count":723,"tested":9103,"color":"rgb(31,119,180)"},{"description":"Female","count":836,"tested":12147,"color":"rgb(255,127,14)"}]}
