{"age":[{"age_group":"20-29   ","count":9,"tested":162},{"age_group":"30-39   ","count":12,"tested":115},{"age_group":"40-49   ","count":11,"tested":114},{"age_group":"50-59   ","count":8,"tested":130},{"age_group":"60-69   ","count":8,"tested":94}],"race":[{"description":"White","count":38,"tested":420,"color":"rgb(31,119,180)"},{"description":"Left Blank","count":11,"tested":323,"color":"rgb(44,160,44)"}],"gender":[{"description":"Male","count":31,"tested":333,"color":"rgb(31,119,180)"},{"description":"Female","count":24,"tested":447,"color":"rgb(255,127,14)"}]}
