{"age":[{"age_group":"<20","count":324,"tested":1691},{"age_group":"20-29   ","count":456,"tested":2762},{"age_group":"30-39   ","count":411,"tested":2365},{"age_group":"40-49   ","count":412,"tested":2038},{"age_group":"50-59   ","count":340,"tested":1882},{"age_group":"60-69   ","count":211,"tested":1616},{"age_group":"70-79   ","count":119,"tested":1186},{"age_group":"80+","count":97,"tested":1212}],"race":[{"description":"White","count":426,"tested":3419,"color":"rgb(31,119,180)"},{"description":"Other","count":147,"tested":771,"color":"rgb(148,103,189)"},{"description":"Left Blank","count":608,"tested":6096,"color":"rgb(44,160,44)"},{"description":"Black","count":107,"tested":518,"color":"rgb(255,127,14)"},{"description":"Hispanic","count":936,"tested":3874,"color":"rgb(214,39,40)"},{"description":"Asian","count":55,"tested":93,"color":"rgb(140,86,75)"}],"gender":[{"description":"Male","count":1042,"tested":6357,"color":"rgb(31,119,180)"},{"description":"Unknown/Left Blank","count":67,"tested":169,"color":"rgb(44,160,44)"},{"description":"Female","count":1037,"tested":8256,"color":"rgb(255,127,14)"}]}
