{"age":[{"age_group":"<20","count":189,"tested":2191},{"age_group":"20-29   ","count":189,"tested":2367},{"age_group":"30-39   ","count":141,"tested":1783},{"age_group":"40-49   ","count":167,"tested":2061},{"age_group":"50-59   ","count":188,"tested":2558},{"age_group":"60-69   ","count":152,"tested":2360},{"age_group":"70-79   ","count":113,"tested":1359},{"age_group":"80+","count":133,"tested":1290}],"race":[{"description":"Hispanic","count":108,"tested":562,"color":"rgb(214,39,40)"},{"description":"Left Blank","count":218,"tested":5770,"color":"rgb(44,160,44)"},{"description":"White","count":556,"tested":8354,"color":"rgb(31,119,180)"},{"description":"Other","count":111,"tested":601,"color":"rgb(148,103,189)"},{"description":"Black","count":75,"tested":236,"color":"rgb(255,127,14)"},{"description":"Asian","count":80,"tested":375,"color":"rgb(140,86,75)"}],"gender":[{"description":"Female","count":458,"tested":8054,"color":"rgb(255,127,14)"},{"description":"Male","count":432,"tested":6832,"color":"rgb(31,119,180)"},{"description":"Unknown/Left Blank","count":72,"tested":1086,"color":"rgb(44,160,44)"}]}
