{"age":[{"age_group":"<20","count":136,"tested":2377},{"age_group":"20-29   ","count":416,"tested":10601},{"age_group":"30-39   ","count":496,"tested":13006},{"age_group":"40-49   ","count":322,"tested":7013},{"age_group":"50-59   ","count":331,"tested":7850},{"age_group":"60-69   ","count":279,"tested":6300},{"age_group":"70-79   ","count":174,"tested":3497},{"age_group":"80+","count":155,"tested":4161}],"race":[{"description":"Asian","count":133,"tested":2069,"color":"rgb(140,86,75)"},{"description":"Hispanic","count":348,"tested":2533,"color":"rgb(214,39,40)"},{"description":"Black","count":355,"tested":4724,"color":"rgb(255,127,14)"},{"description":"Other","count":110,"tested":1674,"color":"rgb(148,103,189)"},{"description":"White","count":711,"tested":16158,"color":"rgb(31,119,180)"},{"description":"Left Blank","count":600,"tested":27571,"color":"rgb(44,160,44)"}],"gender":[{"description":"Female","count":1001,"tested":26564,"color":"rgb(255,127,14)"},{"description":"Male","count":1102,"tested":24831,"color":"rgb(31,119,180)"},{"description":"Unknown/Left Blank","count":96,"tested":3434,"color":"rgb(44,160,44)"}]}
