{"age":[{"age_group":"<20","count":69,"tested":795},{"age_group":"20-29   ","count":119,"tested":956},{"age_group":"30-39   ","count":112,"tested":908},{"age_group":"40-49   ","count":97,"tested":873},{"age_group":"50-59   ","count":89,"tested":981},{"age_group":"60-69   ","count":86,"tested":1029},{"age_group":"70-79   ","count":52,"tested":570},{"age_group":"80+","count":48,"tested":321}],"race":[{"description":"Hispanic","count":109,"tested":415,"color":"rgb(214,39,40)"},{"description":"Left Blank","count":167,"tested":3623,"color":"rgb(44,160,44)"},{"description":"White","count":298,"tested":1983,"color":"rgb(31,119,180)"},{"description":"Other","count":26,"tested":127,"color":"rgb(148,103,189)"},{"description":"Asian","count":36,"tested":207,"color":"rgb(140,86,75)"},{"description":"Black","count":18,"tested":75,"color":"rgb(255,127,14)"}],"gender":[{"description":"Female","count":306,"tested":3571,"color":"rgb(255,127,14)"},{"description":"Male","count":317,"tested":2742,"color":"rgb(31,119,180)"}]}
