{"age":[{"age_group":"<20","count":20,"tested":139},{"age_group":"20-29   ","count":17,"tested":163},{"age_group":"30-39   ","count":20,"tested":147},{"age_group":"40-49   ","count":26,"tested":133},{"age_group":"50-59   ","count":12,"tested":183},{"age_group":"60-69   ","count":13,"tested":220}],"race":[{"description":"Left Blank","count":26,"tested":295,"color":"rgb(44,160,44)"},{"description":"White","count":64,"tested":764,"color":"rgb(31,119,180)"}],"gender":[{"description":"Male","count":51,"tested":465,"color":"rgb(31,119,180)"},{"description":"Female","count":47,"tested":626,"color":"rgb(255,127,14)"}]}
