{"age":[{"age_group":"<20","count":270,"tested":4341},{"age_group":"20-29   ","count":1265,"tested":19849},{"age_group":"30-39   ","count":493,"tested":11923},{"age_group":"40-49   ","count":325,"tested":5627},{"age_group":"50-59   ","count":273,"tested":5234},{"age_group":"60-69   ","count":225,"tested":4430},{"age_group":"70-79   ","count":227,"tested":3351},{"age_group":"80+","count":242,"tested":2893}],"race":[{"description":"Hispanic","count":294,"tested":1374,"color":"rgb(214,39,40)"},{"description":"Left Blank","count":905,"tested":34676,"color":"rgb(44,160,44)"},{"description":"Other","count":204,"tested":1419,"color":"rgb(148,103,189)"},{"description":"Black","count":248,"tested":1935,"color":"rgb(255,127,14)"},{"description":"White","count":1312,"tested":16907,"color":"rgb(31,119,180)"},{"description":"Asian","count":159,"tested":1299,"color":"rgb(140,86,75)"}],"gender":[{"description":"Unknown/Left Blank","count":116,"tested":1210,"color":"rgb(44,160,44)"},{"description":"Female","count":1388,"tested":33161,"color":"rgb(255,127,14)"},{"description":"Male","count":1331,"tested":23303,"color":"rgb(31,119,180)"}]}
