{"age":[{"age_group":"<20","count":168,"tested":2127},{"age_group":"20-29   ","count":217,"tested":2868},{"age_group":"30-39   ","count":216,"tested":2653},{"age_group":"40-49   ","count":227,"tested":2969},{"age_group":"50-59   ","count":237,"tested":3242},{"age_group":"60-69   ","count":194,"tested":3235},{"age_group":"70-79   ","count":124,"tested":1718},{"age_group":"80+","count":153,"tested":1733}],"race":[{"description":"White","count":650,"tested":9984,"color":"rgb(31,119,180)"},{"description":"Other","count":111,"tested":941,"color":"rgb(148,103,189)"},{"description":"Left Blank","count":284,"tested":6067,"color":"rgb(44,160,44)"},{"description":"Asian","count":137,"tested":1738,"color":"rgb(140,86,75)"},{"description":"Hispanic","count":206,"tested":1497,"color":"rgb(214,39,40)"},{"description":"Black","count":53,"tested":253,"color":"rgb(255,127,14)"}],"gender":[{"description":"Female","count":655,"tested":12095,"color":"rgb(255,127,14)"},{"description":"Male","count":595,"tested":8261,"color":"rgb(31,119,180)"}]}
