{"lastUpdatedDate":{"year":2021,"month":2,"day":3},"county_demographics":[{"County":"Unassigned","confirmed_cases":81,"total_tested":96450,"demographics":{"age":[{"race":[],"age_group":"<20","count":7,"tested":9711,"deaths":0},{"race":[],"age_group":"20-29   ","count":7,"tested":16439,"deaths":0},{"race":[],"age_group":"30-39   ","count":9,"tested":14598,"deaths":0},{"race":[],"age_group":"40-49   ","count":7,"tested":13827,"deaths":0},{"race":[],"age_group":"50-59   ","count":10,"tested":13971,"deaths":0},{"race":[],"age_group":"60-69   ","count":0,"tested":11679,"deaths":0},{"race":[],"age_group":"70-79   ","count":0,"tested":7505,"deaths":0},{"race":[],"age_group":"80+","count":6,"tested":8171,"deaths":0},{"race":[],"age_group":"Unknown","count":0,"tested":549,"deaths":0}],"race":[{"description":"AI/AN**","count":0,"tested":91,"deaths":0,"color":"rgb(31,119,180)"},{"description":"Asian","count":0,"tested":1394,"deaths":0,"color":"rgb(140,86,75)"},{"description":"Black","count":0,"tested":5395,"deaths":0,"color":"rgb(255,127,14)"},{"description":"Hispanic","count":0,"tested":3914,"deaths":0,"color":"rgb(214,39,40)"},{"description":"Left Blank","count":47,"tested":58886,"deaths":0,"color":"rgb(44,160,44)"},{"description":"NH/PI*","count":0,"tested":23,"deaths":0,"color":"rgb(127,127,127)"},{"description":"Other","count":0,"tested":1291,"deaths":0,"color":"rgb(148,103,189)"},{"description":"White","count":26,"tested":25456,"deaths":0,"color":"rgb(31,119,180)"}],"gender":[{"description":"Female","count":31,"tested":52549,"deaths":0,"color":"rgb(255,127,14)"},{"description":"Male","count":42,"tested":37615,"deaths":0,"color":"rgb(31,119,180)"},{"description":"Unknown/Left Blank","count":6,"tested":6286,"deaths":0,"color":"rgb(44,160,44)"}]}}]}
