{"lastUpdatedDate":{"year":2021,"month":2,"day":3},"county_demographics":[{"County":"Stephenson","confirmed_cases":3783,"total_tested":42496,"demographics":{"age":[{"race":[],"age_group":"<20","count":567,"tested":5246,"deaths":0},{"race":[],"age_group":"20-29   ","count":536,"tested":5945,"deaths":0},{"race":[],"age_group":"30-39   ","count":556,"tested":5558,"deaths":0},{"race":[],"age_group":"40-49   ","count":477,"tested":4492,"deaths":0},{"race":[],"age_group":"50-59   ","count":623,"tested":6213,"deaths":0},{"race":[],"age_group":"60-69   ","count":501,"tested":5468,"deaths":0},{"race":[],"age_group":"70-79   ","count":270,"tested":3669,"deaths":0},{"race":[],"age_group":"80+","count":253,"tested":5888,"deaths":0},{"race":[],"age_group":"Unknown","count":0,"tested":17,"deaths":0}],"race":[{"description":"AI/AN**","count":0,"tested":18,"deaths":0,"color":"rgb(31,119,180)"},{"description":"Asian","count":17,"tested":113,"deaths":0,"color":"rgb(140,86,75)"},{"description":"Black","count":213,"tested":1891,"deaths":0,"color":"rgb(255,127,14)"},{"description":"Hispanic","count":135,"tested":593,"deaths":0,"color":"rgb(214,39,40)"},{"description":"Left Blank","count":861,"tested":17908,"deaths":0,"color":"rgb(44,160,44)"},{"description":"NH/PI*","count":0,"tested":12,"deaths":0,"color":"rgb(127,127,127)"},{"description":"Other","count":40,"tested":561,"deaths":0,"color":"rgb(148,103,189)"},{"description":"White","count":2504,"tested":21400,"deaths":0,"color":"rgb(31,119,180)"}],"gender":[{"description":"Female","count":2066,"tested":27477,"deaths":0,"color":"rgb(255,127,14)"},{"description":"Male","count":1675,"tested":14085,"deaths":0,"color":"rgb(31,119,180)"},{"description":"Unknown/Left Blank","count":38,"tested":934,"deaths":0,"color":"rgb(44,160,44)"}]}}]}
