{"lastUpdatedDate":{"year":2021,"month":2,"day":3},"county_demographics":[{"County":"Brown","confirmed_cases":645,"total_tested":18121,"demographics":{"age":[{"race":[],"age_group":"<20","count":78,"tested":635,"deaths":0},{"race":[],"age_group":"20-29   ","count":103,"tested":3443,"deaths":0},{"race":[],"age_group":"30-39   ","count":125,"tested":3610,"deaths":0},{"race":[],"age_group":"40-49   ","count":111,"tested":3313,"deaths":0},{"race":[],"age_group":"50-59   ","count":80,"tested":2083,"deaths":0},{"race":[],"age_group":"60-69   ","count":84,"tested":1267,"deaths":0},{"race":[],"age_group":"70-79   ","count":22,"tested":425,"deaths":0},{"race":[],"age_group":"80+","count":34,"tested":501,"deaths":0},{"race":[],"age_group":"Unknown","count":0,"tested":2844,"deaths":0}],"race":[{"description":"AI/AN**","count":0,"tested":0,"deaths":0,"color":"rgb(31,119,180)"},{"description":"Asian","count":0,"tested":0,"deaths":0,"color":"rgb(140,86,75)"},{"description":"Black","count":116,"tested":310,"deaths":0,"color":"rgb(255,127,14)"},{"description":"Hispanic","count":16,"tested":62,"deaths":0,"color":"rgb(214,39,40)"},{"description":"Left Blank","count":167,"tested":14703,"deaths":0,"color":"rgb(44,160,44)"},{"description":"Other","count":0,"tested":29,"deaths":0,"color":"rgb(148,103,189)"},{"description":"White","count":343,"tested":3014,"deaths":0,"color":"rgb(31,119,180)"}],"gender":[{"description":"Female","count":235,"tested":2669,"deaths":0,"color":"rgb(255,127,14)"},{"description":"Male","count":347,"tested":4228,"deaths":0,"color":"rgb(31,119,180)"},{"description":"Unknown/Left Blank","count":63,"tested":11224,"deaths":0,"color":"rgb(44,160,44)"}]}}]}
