{"lastUpdatedDate":{"year":2021,"month":2,"day":3},"county_demographics":[{"County":"Grundy","confirmed_cases":4731,"total_tested":39751,"demographics":{"age":[{"race":[],"age_group":"<20","count":778,"tested":6301,"deaths":0},{"race":[],"age_group":"20-29   ","count":826,"tested":6524,"deaths":0},{"race":[],"age_group":"30-39   ","count":738,"tested":5767,"deaths":0},{"race":[],"age_group":"40-49   ","count":780,"tested":5728,"deaths":0},{"race":[],"age_group":"50-59   ","count":716,"tested":5806,"deaths":0},{"race":[],"age_group":"60-69   ","count":467,"tested":4225,"deaths":0},{"race":[],"age_group":"70-79   ","count":259,"tested":2694,"deaths":0},{"race":[],"age_group":"80+","count":165,"tested":2628,"deaths":0},{"race":[],"age_group":"Unknown","count":0,"tested":78,"deaths":0}],"race":[{"description":"AI/AN**","count":0,"tested":23,"deaths":0,"color":"rgb(31,119,180)"},{"description":"Asian","count":15,"tested":143,"deaths":0,"color":"rgb(140,86,75)"},{"description":"Black","count":40,"tested":456,"deaths":0,"color":"rgb(255,127,14)"},{"description":"Hispanic","count":270,"tested":1343,"deaths":0,"color":"rgb(214,39,40)"},{"description":"Left Blank","count":1359,"tested":12711,"deaths":0,"color":"rgb(44,160,44)"},{"description":"NH/PI*","count":0,"tested":10,"deaths":0,"color":"rgb(127,127,127)"},{"description":"Other","count":339,"tested":1913,"deaths":0,"color":"rgb(148,103,189)"},{"description":"White","count":2702,"tested":23152,"deaths":0,"color":"rgb(31,119,180)"}],"gender":[{"description":"Female","count":2432,"tested":23013,"deaths":0,"color":"rgb(255,127,14)"},{"description":"Male","count":2254,"tested":15791,"deaths":0,"color":"rgb(31,119,180)"},{"description":"Unknown/Left Blank","count":44,"tested":947,"deaths":0,"color":"rgb(44,160,44)"}]}}]}
