{"lastUpdatedDate":{"year":2021,"month":2,"day":3},"county_demographics":[{"County":"Moultrie","confirmed_cases":1441,"total_tested":18410,"demographics":{"age":[{"race":[],"age_group":"<20","count":228,"tested":2785,"deaths":0},{"race":[],"age_group":"20-29   ","count":168,"tested":2777,"deaths":0},{"race":[],"age_group":"30-39   ","count":169,"tested":2479,"deaths":0},{"race":[],"age_group":"40-49   ","count":157,"tested":2454,"deaths":0},{"race":[],"age_group":"50-59   ","count":227,"tested":2646,"deaths":0},{"race":[],"age_group":"60-69   ","count":222,"tested":2299,"deaths":0},{"race":[],"age_group":"70-79   ","count":138,"tested":1490,"deaths":0},{"race":[],"age_group":"80+","count":132,"tested":1464,"deaths":0},{"race":[],"age_group":"Unknown","count":0,"tested":16,"deaths":0}],"race":[{"description":"AI/AN**","count":0,"tested":0,"deaths":0,"color":"rgb(31,119,180)"},{"description":"Asian","count":0,"tested":37,"deaths":0,"color":"rgb(140,86,75)"},{"description":"Black","count":14,"tested":175,"deaths":0,"color":"rgb(255,127,14)"},{"description":"Hispanic","count":10,"tested":78,"deaths":0,"color":"rgb(214,39,40)"},{"description":"Left Blank","count":384,"tested":5924,"deaths":0,"color":"rgb(44,160,44)"},{"description":"NH/PI*","count":0,"tested":16,"deaths":0,"color":"rgb(127,127,127)"},{"description":"Other","count":12,"tested":349,"deaths":0,"color":"rgb(148,103,189)"},{"description":"White","count":1019,"tested":11830,"deaths":0,"color":"rgb(31,119,180)"}],"gender":[{"description":"Female","count":751,"tested":12098,"deaths":0,"color":"rgb(255,127,14)"},{"description":"Male","count":663,"tested":5868,"deaths":0,"color":"rgb(31,119,180)"},{"description":"Unknown/Left Blank","count":27,"tested":444,"deaths":0,"color":"rgb(44,160,44)"}]}}]}
