{"lastUpdatedDate":{"year":2021,"month":2,"day":3},"county_demographics":[{"County":"Cumberland","confirmed_cases":1135,"total_tested":9466,"demographics":{"age":[{"race":[],"age_group":"<20","count":166,"tested":1285,"deaths":0},{"race":[],"age_group":"20-29   ","count":161,"tested":1335,"deaths":0},{"race":[],"age_group":"30-39   ","count":146,"tested":1269,"deaths":0},{"race":[],"age_group":"40-49   ","count":141,"tested":1375,"deaths":0},{"race":[],"age_group":"50-59   ","count":180,"tested":1242,"deaths":0},{"race":[],"age_group":"60-69   ","count":145,"tested":1173,"deaths":0},{"race":[],"age_group":"70-79   ","count":92,"tested":683,"deaths":0},{"race":[],"age_group":"80+","count":104,"tested":1103,"deaths":0},{"race":[],"age_group":"Unknown","count":0,"tested":0,"deaths":0}],"race":[{"description":"AI/AN**","count":0,"tested":0,"deaths":0,"color":"rgb(31,119,180)"},{"description":"Asian","count":0,"tested":11,"deaths":0,"color":"rgb(140,86,75)"},{"description":"Black","count":0,"tested":22,"deaths":0,"color":"rgb(255,127,14)"},{"description":"Hispanic","count":0,"tested":44,"deaths":0,"color":"rgb(214,39,40)"},{"description":"Left Blank","count":274,"tested":1886,"deaths":0,"color":"rgb(44,160,44)"},{"description":"Other","count":17,"tested":325,"deaths":0,"color":"rgb(148,103,189)"},{"description":"White","count":838,"tested":7177,"deaths":0,"color":"rgb(31,119,180)"}],"gender":[{"description":"Female","count":595,"tested":6015,"deaths":0,"color":"rgb(255,127,14)"},{"description":"Male","count":527,"tested":3258,"deaths":0,"color":"rgb(31,119,180)"},{"description":"Unknown/Left Blank","count":13,"tested":193,"deaths":0,"color":"rgb(44,160,44)"}]}}]}
