{"lastUpdatedDate":{"year":2021,"month":1,"day":2},"county_demographics":[{"County":"Henderson","confirmed_cases":401,"total_tested":4457,"demographics":{"age":[{"race":[],"age_group":"<20","count":29,"tested":559,"deaths":0},{"race":[],"age_group":"50-59   ","count":70,"tested":651,"deaths":0},{"race":[],"age_group":"20-29   ","count":56,"tested":502,"deaths":0},{"race":[],"age_group":"30-39   ","count":51,"tested":665,"deaths":0},{"race":[],"age_group":"70-79   ","count":24,"tested":444,"deaths":0},{"race":[],"age_group":"40-49   ","count":55,"tested":591,"deaths":0},{"race":[],"age_group":"60-69   ","count":69,"tested":544,"deaths":0},{"race":[],"age_group":"80+","count":32,"tested":501,"deaths":0}],"race":[{"description":"White","count":251,"tested":2864,"deaths":0,"color":"rgb(31,119,180)"},{"description":"AI/AN**","count":0,"tested":0,"deaths":0,"color":"rgb(31,119,180)"},{"description":"Hispanic","count":0,"tested":14,"deaths":0,"color":"rgb(214,39,40)"},{"description":"Left Blank","count":148,"tested":1554,"deaths":0,"color":"rgb(44,160,44)"},{"description":"Other","count":0,"tested":21,"deaths":0,"color":"rgb(148,103,189)"}],"gender":[{"description":"Female","count":227,"tested":3031,"deaths":0,"color":"rgb(255,127,14)"},{"description":"Male","count":162,"tested":1266,"deaths":0,"color":"rgb(31,119,180)"},{"description":"Unknown/Left Blank","count":10,"tested":160,"deaths":0,"color":"rgb(44,160,44)"}]}}]}
