{"lastUpdatedDate":{"year":2021,"month":1,"day":2},"county_demographics":[{"County":"Montgomery","confirmed_cases":2225,"total_tested":34617,"demographics":{"age":[{"race":[],"age_group":"30-39   ","count":409,"tested":4711,"deaths":0},{"race":[],"age_group":"50-59   ","count":356,"tested":4965,"deaths":0},{"race":[],"age_group":"40-49   ","count":355,"tested":4153,"deaths":0},{"race":[],"age_group":"20-29   ","count":319,"tested":4598,"deaths":0},{"race":[],"age_group":"80+","count":118,"tested":4386,"deaths":0},{"race":[],"age_group":"60-69   ","count":294,"tested":4850,"deaths":0},{"race":[],"age_group":"Unknown","count":6,"tested":831,"deaths":0},{"race":[],"age_group":"70-79   ","count":131,"tested":2804,"deaths":0},{"race":[],"age_group":"<20","count":237,"tested":3319,"deaths":0}],"race":[{"description":"AI/AN**","count":0,"tested":0,"deaths":0,"color":"rgb(31,119,180)"},{"description":"Asian","count":0,"tested":48,"deaths":0,"color":"rgb(140,86,75)"},{"description":"Black","count":80,"tested":566,"deaths":0,"color":"rgb(255,127,14)"},{"description":"Left Blank","count":1143,"tested":20492,"deaths":0,"color":"rgb(44,160,44)"},{"description":"NH/PI*","count":0,"tested":13,"deaths":0,"color":"rgb(127,127,127)"},{"description":"Other","count":16,"tested":204,"deaths":0,"color":"rgb(148,103,189)"},{"description":"Hispanic","count":10,"tested":102,"deaths":0,"color":"rgb(214,39,40)"},{"description":"White","count":960,"tested":13192,"deaths":0,"color":"rgb(31,119,180)"}],"gender":[{"description":"Female","count":920,"tested":19917,"deaths":0,"color":"rgb(255,127,14)"},{"description":"Male","count":1113,"tested":12319,"deaths":0,"color":"rgb(31,119,180)"},{"description":"Unknown/Left Blank","count":188,"tested":2381,"deaths":0,"color":"rgb(44,160,44)"}]}}]}
