{"lastUpdatedDate":{"year":2021,"month":1,"day":2},"county_demographics":[{"County":"Carroll","confirmed_cases":1342,"total_tested":13787,"demographics":{"age":[{"race":[],"age_group":"40-49   ","count":209,"tested":2017,"deaths":0},{"race":[],"age_group":"30-39   ","count":274,"tested":2658,"deaths":0},{"race":[],"age_group":"50-59   ","count":186,"tested":1757,"deaths":0},{"race":[],"age_group":"20-29   ","count":155,"tested":1739,"deaths":0},{"race":[],"age_group":"60-69   ","count":146,"tested":1687,"deaths":0},{"race":[],"age_group":"70-79   ","count":106,"tested":998,"deaths":0},{"race":[],"age_group":"80+","count":97,"tested":1677,"deaths":0},{"race":[],"age_group":"<20","count":150,"tested":1252,"deaths":0},{"race":[],"age_group":"Unknown","count":0,"tested":0,"deaths":0}],"race":[{"description":"Left Blank","count":542,"tested":9255,"deaths":0,"color":"rgb(44,160,44)"},{"description":"Other","count":11,"tested":96,"deaths":0,"color":"rgb(148,103,189)"},{"description":"White","count":671,"tested":4249,"deaths":0,"color":"rgb(31,119,180)"},{"description":"Asian","count":0,"tested":51,"deaths":0,"color":"rgb(140,86,75)"},{"description":"Hispanic","count":26,"tested":41,"deaths":0,"color":"rgb(214,39,40)"},{"description":"Black","count":79,"tested":87,"deaths":0,"color":"rgb(255,127,14)"},{"description":"AI/AN**","count":7,"tested":6,"deaths":0,"color":"rgb(31,119,180)"},{"description":"NH/PI*","count":0,"tested":0,"deaths":0,"color":"rgb(127,127,127)"}],"gender":[{"description":"Female","count":595,"tested":6944,"deaths":0,"color":"rgb(255,127,14)"},{"description":"Male","count":739,"tested":6696,"deaths":0,"color":"rgb(31,119,180)"},{"description":"Unknown/Left Blank","count":8,"tested":147,"deaths":0,"color":"rgb(44,160,44)"}]}}]}
