{"lastUpdatedDate":{"year":2021,"month":1,"day":2},"county_demographics":[{"County":"Putnam","confirmed_cases":323,"total_tested":3518,"demographics":{"age":[{"race":[],"age_group":"<20","count":33,"tested":378,"deaths":0},{"race":[],"age_group":"50-59   ","count":62,"tested":699,"deaths":0},{"race":[],"age_group":"60-69   ","count":46,"tested":536,"deaths":0},{"race":[],"age_group":"80+","count":10,"tested":100,"deaths":0},{"race":[],"age_group":"20-29   ","count":50,"tested":435,"deaths":0},{"race":[],"age_group":"30-39   ","count":55,"tested":585,"deaths":0},{"race":[],"age_group":"70-79   ","count":25,"tested":248,"deaths":0},{"race":[],"age_group":"40-49   ","count":34,"tested":536,"deaths":0},{"race":[],"age_group":"Unknown","count":0,"tested":0,"deaths":0}],"race":[{"description":"White","count":172,"tested":1746,"deaths":0,"color":"rgb(31,119,180)"},{"description":"Hispanic","count":9,"tested":77,"deaths":0,"color":"rgb(214,39,40)"},{"description":"Left Blank","count":137,"tested":1622,"deaths":0,"color":"rgb(44,160,44)"},{"description":"NH/PI*","count":0,"tested":26,"deaths":0,"color":"rgb(127,127,127)"},{"description":"Other","count":0,"tested":30,"deaths":0,"color":"rgb(148,103,189)"},{"description":"Black","count":0,"tested":14,"deaths":0,"color":"rgb(255,127,14)"},{"description":"Asian","count":0,"tested":0,"deaths":0,"color":"rgb(140,86,75)"}],"gender":[{"description":"Female","count":183,"tested":2244,"deaths":0,"color":"rgb(255,127,14)"},{"description":"Male","count":133,"tested":1062,"deaths":0,"color":"rgb(31,119,180)"},{"description":"Unknown/Left Blank","count":6,"tested":212,"deaths":0,"color":"rgb(44,160,44)"}]}}]}
