{"lastUpdatedDate":{"year":2021,"month":1,"day":2},"county_demographics":[{"County":"Jasper","confirmed_cases":906,"total_tested":7463,"demographics":{"age":[{"race":[],"age_group":"30-39   ","count":112,"tested":829,"deaths":0},{"race":[],"age_group":"40-49   ","count":120,"tested":1025,"deaths":0},{"race":[],"age_group":"<20","count":139,"tested":983,"deaths":0},{"race":[],"age_group":"20-29   ","count":98,"tested":852,"deaths":0},{"race":[],"age_group":"Unknown","count":0,"tested":0,"deaths":0},{"race":[],"age_group":"50-59   ","count":145,"tested":1110,"deaths":0},{"race":[],"age_group":"70-79   ","count":78,"tested":658,"deaths":0},{"race":[],"age_group":"60-69   ","count":138,"tested":876,"deaths":0},{"race":[],"age_group":"80+","count":76,"tested":1128,"deaths":0}],"race":[{"description":"Black","count":0,"tested":14,"deaths":0,"color":"rgb(255,127,14)"},{"description":"Asian","count":0,"tested":0,"deaths":0,"color":"rgb(140,86,75)"},{"description":"White","count":623,"tested":5719,"deaths":0,"color":"rgb(31,119,180)"},{"description":"Other","count":0,"tested":275,"deaths":0,"color":"rgb(148,103,189)"},{"description":"AI/AN**","count":0,"tested":0,"deaths":0,"color":"rgb(31,119,180)"},{"description":"Hispanic","count":0,"tested":50,"deaths":0,"color":"rgb(214,39,40)"},{"description":"Left Blank","count":272,"tested":1402,"deaths":0,"color":"rgb(44,160,44)"}],"gender":[{"description":"Female","count":499,"tested":4771,"deaths":0,"color":"rgb(255,127,14)"},{"description":"Male","count":384,"tested":2450,"deaths":0,"color":"rgb(31,119,180)"},{"description":"Unknown/Left Blank","count":23,"tested":242,"deaths":0,"color":"rgb(44,160,44)"}]}}]}
