{"lastUpdatedDate":{"year":2021,"month":1,"day":2},"county_demographics":[{"County":"Bureau","confirmed_cases":2837,"total_tested":27135,"demographics":{"age":[{"race":[],"age_group":"<20","count":332,"tested":2850,"deaths":0},{"race":[],"age_group":"60-69   ","count":343,"tested":3856,"deaths":0},{"race":[],"age_group":"Unknown","count":0,"tested":0,"deaths":0},{"race":[],"age_group":"80+","count":222,"tested":2389,"deaths":0},{"race":[],"age_group":"20-29   ","count":386,"tested":3827,"deaths":0},{"race":[],"age_group":"70-79   ","count":238,"tested":2109,"deaths":0},{"race":[],"age_group":"40-49   ","count":427,"tested":3664,"deaths":0},{"race":[],"age_group":"50-59   ","count":475,"tested":4425,"deaths":0},{"race":[],"age_group":"30-39   ","count":414,"tested":4013,"deaths":0}],"race":[{"description":"Hispanic","count":212,"tested":710,"deaths":0,"color":"rgb(214,39,40)"},{"description":"Left Blank","count":1218,"tested":15554,"deaths":0,"color":"rgb(44,160,44)"},{"description":"White","count":1331,"tested":10368,"deaths":0,"color":"rgb(31,119,180)"},{"description":"Asian","count":6,"tested":83,"deaths":0,"color":"rgb(140,86,75)"},{"description":"NH/PI*","count":0,"tested":48,"deaths":0,"color":"rgb(127,127,127)"},{"description":"Other","count":58,"tested":249,"deaths":0,"color":"rgb(148,103,189)"},{"description":"AI/AN**","count":0,"tested":0,"deaths":0,"color":"rgb(31,119,180)"},{"description":"Black","count":7,"tested":121,"deaths":0,"color":"rgb(255,127,14)"}],"gender":[{"description":"Female","count":1532,"tested":17133,"deaths":0,"color":"rgb(255,127,14)"},{"description":"Male","count":1260,"tested":8675,"deaths":0,"color":"rgb(31,119,180)"},{"description":"Unknown/Left Blank","count":45,"tested":1327,"deaths":0,"color":"rgb(44,160,44)"}]}}]}
