{"lastUpdatedDate":{"year":2021,"month":1,"day":2},"county_demographics":[{"County":"St. Clair","confirmed_cases":19471,"total_tested":200600,"demographics":{"age":[{"race":[],"age_group":"40-49   ","count":2956,"tested":28450,"deaths":0},{"race":[],"age_group":"70-79   ","count":1161,"tested":15948,"deaths":0},{"race":[],"age_group":"80+","count":948,"tested":15791,"deaths":0},{"race":[],"age_group":"<20","count":2925,"tested":23484,"deaths":0},{"race":[],"age_group":"60-69   ","count":2351,"tested":27274,"deaths":0},{"race":[],"age_group":"Unknown","count":16,"tested":512,"deaths":0},{"race":[],"age_group":"50-59   ","count":2947,"tested":30583,"deaths":0},{"race":[],"age_group":"30-39   ","count":3049,"tested":30244,"deaths":0},{"race":[],"age_group":"20-29   ","count":3118,"tested":28314,"deaths":0}],"race":[{"description":"Hispanic","count":565,"tested":2254,"deaths":0,"color":"rgb(214,39,40)"},{"description":"AI/AN**","count":21,"tested":112,"deaths":0,"color":"rgb(31,119,180)"},{"description":"Black","count":4399,"tested":26420,"deaths":0,"color":"rgb(255,127,14)"},{"description":"Left Blank","count":8779,"tested":115029,"deaths":0,"color":"rgb(44,160,44)"},{"description":"NH/PI*","count":19,"tested":136,"deaths":0,"color":"rgb(127,127,127)"},{"description":"Other","count":393,"tested":5016,"deaths":0,"color":"rgb(148,103,189)"},{"description":"White","count":5210,"tested":51073,"deaths":0,"color":"rgb(31,119,180)"},{"description":"Asian","count":84,"tested":560,"deaths":0,"color":"rgb(140,86,75)"}],"gender":[{"description":"Female","count":10506,"tested":120677,"deaths":0,"color":"rgb(255,127,14)"},{"description":"Male","count":8178,"tested":76710,"deaths":0,"color":"rgb(31,119,180)"},{"description":"Unknown/Left Blank","count":787,"tested":3213,"deaths":0,"color":"rgb(44,160,44)"}]}}]}
