{"lastUpdatedDate":{"year":2021,"month":1,"day":2},"county_demographics":[{"County":"Perry","confirmed_cases":2260,"total_tested":18840,"demographics":{"age":[{"race":[],"age_group":"Unknown","count":51,"tested":604,"deaths":0},{"race":[],"age_group":"70-79   ","count":154,"tested":1578,"deaths":0},{"race":[],"age_group":"40-49   ","count":329,"tested":2618,"deaths":0},{"race":[],"age_group":"30-39   ","count":385,"tested":2754,"deaths":0},{"race":[],"age_group":"<20","count":237,"tested":1934,"deaths":0},{"race":[],"age_group":"50-59   ","count":303,"tested":2470,"deaths":0},{"race":[],"age_group":"20-29   ","count":388,"tested":3110,"deaths":0},{"race":[],"age_group":"60-69   ","count":240,"tested":2007,"deaths":0},{"race":[],"age_group":"80+","count":156,"tested":1765,"deaths":0}],"race":[{"description":"AI/AN**","count":0,"tested":0,"deaths":0,"color":"rgb(31,119,180)"},{"description":"Asian","count":7,"tested":26,"deaths":0,"color":"rgb(140,86,75)"},{"description":"Hispanic","count":17,"tested":104,"deaths":0,"color":"rgb(214,39,40)"},{"description":"Black","count":63,"tested":378,"deaths":0,"color":"rgb(255,127,14)"},{"description":"NH/PI*","count":0,"tested":0,"deaths":0,"color":"rgb(127,127,127)"},{"description":"White","count":1379,"tested":9283,"deaths":0,"color":"rgb(31,119,180)"},{"description":"Left Blank","count":773,"tested":8900,"deaths":0,"color":"rgb(44,160,44)"},{"description":"Other","count":13,"tested":143,"deaths":0,"color":"rgb(148,103,189)"}],"gender":[{"description":"Female","count":989,"tested":9707,"deaths":0,"color":"rgb(255,127,14)"},{"description":"Male","count":886,"tested":6031,"deaths":0,"color":"rgb(31,119,180)"},{"description":"Unknown/Left Blank","count":385,"tested":3102,"deaths":0,"color":"rgb(44,160,44)"}]}}]}
