{"lastUpdatedDate":{"year":2021,"month":1,"day":2},"county_demographics":[{"County":"Mercer","confirmed_cases":1076,"total_tested":11905,"demographics":{"age":[{"race":[],"age_group":"30-39   ","count":136,"tested":1391,"deaths":0},{"race":[],"age_group":"80+","count":82,"tested":1417,"deaths":0},{"race":[],"age_group":"<20","count":161,"tested":1902,"deaths":0},{"race":[],"age_group":"50-59   ","count":179,"tested":1701,"deaths":0},{"race":[],"age_group":"20-29   ","count":125,"tested":1378,"deaths":0},{"race":[],"age_group":"60-69   ","count":140,"tested":1527,"deaths":0},{"race":[],"age_group":"Unknown","count":0,"tested":13,"deaths":0},{"race":[],"age_group":"40-49   ","count":169,"tested":1422,"deaths":0},{"race":[],"age_group":"70-79   ","count":77,"tested":1154,"deaths":0}],"race":[{"description":"Asian","count":0,"tested":0,"deaths":0,"color":"rgb(140,86,75)"},{"description":"White","count":526,"tested":5655,"deaths":0,"color":"rgb(31,119,180)"},{"description":"Black","count":0,"tested":13,"deaths":0,"color":"rgb(255,127,14)"},{"description":"Hispanic","count":10,"tested":55,"deaths":0,"color":"rgb(214,39,40)"},{"description":"NH/PI*","count":0,"tested":0,"deaths":0,"color":"rgb(127,127,127)"},{"description":"Other","count":6,"tested":138,"deaths":0,"color":"rgb(148,103,189)"},{"description":"Left Blank","count":528,"tested":6038,"deaths":0,"color":"rgb(44,160,44)"}],"gender":[{"description":"Female","count":578,"tested":7076,"deaths":0,"color":"rgb(255,127,14)"},{"description":"Male","count":486,"tested":4630,"deaths":0,"color":"rgb(31,119,180)"},{"description":"Unknown/Left Blank","count":8,"tested":199,"deaths":0,"color":"rgb(44,160,44)"}]}}]}
