{"age":[{"age_group":"<20","count":888,"tested":5878},{"age_group":"20-29   ","count":933,"tested":8807},{"age_group":"30-39   ","count":886,"tested":8050},{"age_group":"40-49   ","count":936,"tested":8031},{"age_group":"50-59   ","count":765,"tested":7899},{"age_group":"60-69   ","count":453,"tested":6320},{"age_group":"70-79   ","count":204,"tested":2524},{"age_group":"80+","count":159,"tested":2145}],"race":[{"description":"Hispanic","count":2106,"tested":10729,"color":"rgb(214,39,40)"},{"description":"Asian","count":12,"tested":199,"color":"rgb(140,86,75)"},{"description":"Black","count":1108,"tested":12943,"color":"rgb(255,127,14)"},{"description":"White","count":301,"tested":3642,"color":"rgb(31,119,180)"},{"description":"Left Blank","count":1519,"tested":20374,"color":"rgb(44,160,44)"},{"description":"Other","count":169,"tested":1598,"color":"rgb(148,103,189)"},{"description":"AI/AN**","count":10,"tested":31,"color":"rgb(31,119,180)"}],"gender":[{"description":"Female","count":2739,"tested":28307,"color":"rgb(255,127,14)"},{"description":"Male","count":2420,"tested":20219,"color":"rgb(31,119,180)"},{"description":"Unknown/Left Blank","count":66,"tested":1143,"color":"rgb(44,160,44)"}]}
