{"age":[{"age_group":"<20","count":139,"tested":1499},{"age_group":"20-29   ","count":174,"tested":2980},{"age_group":"30-39   ","count":212,"tested":3539},{"age_group":"40-49   ","count":220,"tested":4197},{"age_group":"50-59   ","count":206,"tested":5484},{"age_group":"60-69   ","count":131,"tested":3830},{"age_group":"70-79   ","count":62,"tested":1712},{"age_group":"80+","count":29,"tested":716}],"race":[{"description":"White","count":45,"tested":838,"color":"rgb(31,119,180)"},{"description":"Left Blank","count":390,"tested":14072,"color":"rgb(44,160,44)"},{"description":"Hispanic","count":32,"tested":194,"color":"rgb(214,39,40)"},{"description":"Black","count":675,"tested":8477,"color":"rgb(255,127,14)"},{"description":"Asian","count":7,"tested":83,"color":"rgb(140,86,75)"},{"description":"Other","count":20,"tested":271,"color":"rgb(148,103,189)"}],"gender":[{"description":"Male","count":453,"tested":10443,"color":"rgb(31,119,180)"},{"description":"Female","count":715,"tested":13235,"color":"rgb(255,127,14)"}]}
