{"age":[{"age_group":"<20","count":365,"tested":4774},{"age_group":"20-29   ","count":434,"tested":5178},{"age_group":"30-39   ","count":390,"tested":5326},{"age_group":"40-49   ","count":356,"tested":4427},{"age_group":"50-59   ","count":343,"tested":5114},{"age_group":"60-69   ","count":279,"tested":4241},{"age_group":"70-79   ","count":160,"tested":2766},{"age_group":"80+","count":109,"tested":3488}],"race":[{"description":"Black","count":569,"tested":4751,"color":"rgb(255,127,14)"},{"description":"Asian","count":21,"tested":127,"color":"rgb(140,86,75)"},{"description":"Other","count":22,"tested":575,"color":"rgb(148,103,189)"},{"description":"White","count":1187,"tested":12831,"color":"rgb(31,119,180)"},{"description":"Left Blank","count":224,"tested":14845,"color":"rgb(44,160,44)"},{"description":"Hispanic","count":412,"tested":2178,"color":"rgb(214,39,40)"}],"gender":[{"description":"Female","count":1314,"tested":21793,"color":"rgb(255,127,14)"},{"description":"Male","count":1111,"tested":12937,"color":"rgb(31,119,180)"},{"description":"Unknown/Left Blank","count":12,"tested":594,"color":"rgb(44,160,44)"}]}
