{"age":[{"age_group":"<20","count":1073,"tested":12312},{"age_group":"20-29   ","count":2213,"tested":43422},{"age_group":"30-39   ","count":2026,"tested":46189},{"age_group":"40-49   ","count":1226,"tested":17699},{"age_group":"50-59   ","count":1012,"tested":12142},{"age_group":"60-69   ","count":664,"tested":7765},{"age_group":"70-79   ","count":335,"tested":4222},{"age_group":"80+","count":176,"tested":2048}],"race":[{"description":"Hispanic","count":3793,"tested":24829,"color":"rgb(214,39,40)"},{"description":"Left Blank","count":2179,"tested":58658,"color":"rgb(44,160,44)"},{"description":"White","count":1953,"tested":47244,"color":"rgb(31,119,180)"},{"description":"Asian","count":119,"tested":3101,"color":"rgb(140,86,75)"},{"description":"Black","count":287,"tested":4460,"color":"rgb(255,127,14)"},{"description":"NH/PI*","count":6,"tested":111,"color":"rgb(127,127,127)"},{"description":"Other","count":377,"tested":7254,"color":"rgb(148,103,189)"},{"description":"AI/AN**","count":11,"tested":175,"color":"rgb(31,119,180)"}],"gender":[{"description":"Unknown/Left Blank","count":207,"tested":4912,"color":"rgb(44,160,44)"},{"description":"Male","count":4217,"tested":63153,"color":"rgb(31,119,180)"},{"description":"Female","count":4301,"tested":77767,"color":"rgb(255,127,14)"}]}
