{"age":[{"age_group":"<20","count":36,"tested":330},{"age_group":"20-29   ","count":31,"tested":369},{"age_group":"30-39   ","count":27,"tested":406},{"age_group":"40-49   ","count":42,"tested":357},{"age_group":"50-59   ","count":29,"tested":338},{"age_group":"60-69   ","count":36,"tested":444},{"age_group":"70-79   ","count":26,"tested":193},{"age_group":"80+","count":6,"tested":113}],"race":[{"description":"Hispanic","count":19,"tested":65,"color":"rgb(214,39,40)"},{"description":"Left Blank","count":51,"tested":1374,"color":"rgb(44,160,44)"},{"description":"White","count":139,"tested":981,"color":"rgb(31,119,180)"},{"description":"Other","count":16,"tested":67,"color":"rgb(148,103,189)"}],"gender":[{"description":"Female","count":116,"tested":1309,"color":"rgb(255,127,14)"},{"description":"Male","count":117,"tested":1145,"color":"rgb(31,119,180)"}]}
