{"age":[{"age_group":"<20","count":26,"tested":327},{"age_group":"20-29   ","count":16,"tested":133},{"age_group":"30-39   ","count":22,"tested":213},{"age_group":"40-49   ","count":23,"tested":218},{"age_group":"50-59   ","count":32,"tested":277},{"age_group":"60-69   ","count":23,"tested":164},{"age_group":"70-79   ","count":9,"tested":105}],"race":[{"description":"White","count":77,"tested":731,"color":"rgb(31,119,180)"},{"description":"Left Blank","count":76,"tested":734,"color":"rgb(44,160,44)"}],"gender":[{"description":"Female","count":71,"tested":798,"color":"rgb(255,127,14)"},{"description":"Male","count":84,"tested":682,"color":"rgb(31,119,180)"}]}
