{"age":[{"age_group":"<20","count":387,"tested":2495},{"age_group":"20-29   ","count":496,"tested":3706},{"age_group":"30-39   ","count":441,"tested":3591},{"age_group":"40-49   ","count":462,"tested":3077},{"age_group":"50-59   ","count":399,"tested":2953},{"age_group":"60-69   ","count":222,"tested":2161},{"age_group":"70-79   ","count":107,"tested":904},{"age_group":"80+","count":62,"tested":422}],"race":[{"description":"AI/AN**","count":57,"tested":199,"color":"rgb(31,119,180)"},{"description":"Other","count":155,"tested":1534,"color":"rgb(148,103,189)"},{"description":"Left Blank","count":649,"tested":6942,"color":"rgb(44,160,44)"},{"description":"Hispanic","count":1100,"tested":4342,"color":"rgb(214,39,40)"},{"description":"White","count":324,"tested":3097,"color":"rgb(31,119,180)"},{"description":"Black","count":287,"tested":3149,"color":"rgb(255,127,14)"}],"gender":[{"description":"Unknown/Left Blank","count":17,"tested":223,"color":"rgb(44,160,44)"},{"description":"Male","count":1210,"tested":8202,"color":"rgb(31,119,180)"},{"description":"Female","count":1350,"tested":10891,"color":"rgb(255,127,14)"}]}
