{"age":[{"age_group":"<20","count":386,"tested":2826},{"age_group":"20-29   ","count":454,"tested":4990},{"age_group":"30-39   ","count":446,"tested":4632},{"age_group":"40-49   ","count":457,"tested":4401},{"age_group":"50-59   ","count":377,"tested":4377},{"age_group":"60-69   ","count":224,"tested":3202},{"age_group":"70-79   ","count":94,"tested":1603},{"age_group":"80+","count":66,"tested":2344}],"race":[{"description":"Asian","count":50,"tested":592,"color":"rgb(140,86,75)"},{"description":"NH/PI*","count":7,"tested":34,"color":"rgb(127,127,127)"},{"description":"Black","count":22,"tested":257,"color":"rgb(255,127,14)"},{"description":"Other","count":86,"tested":1013,"color":"rgb(148,103,189)"},{"description":"Hispanic","count":1043,"tested":5665,"color":"rgb(214,39,40)"},{"description":"Left Blank","count":569,"tested":14660,"color":"rgb(44,160,44)"},{"description":"White","count":725,"tested":6141,"color":"rgb(31,119,180)"}],"gender":[{"description":"Male","count":1234,"tested":11216,"color":"rgb(31,119,180)"},{"description":"Female","count":1265,"tested":16756,"color":"rgb(255,127,14)"}]}
