{"age":[{"age_group":"<20","count":308,"tested":2920},{"age_group":"20-29   ","count":287,"tested":3078},{"age_group":"30-39   ","count":300,"tested":2629},{"age_group":"40-49   ","count":341,"tested":3168},{"age_group":"50-59   ","count":339,"tested":3459},{"age_group":"60-69   ","count":219,"tested":2675},{"age_group":"70-79   ","count":117,"tested":1272},{"age_group":"80+","count":31,"tested":563}],"race":[{"description":"Hispanic","count":123,"tested":819,"color":"rgb(214,39,40)"},{"description":"White","count":793,"tested":9127,"color":"rgb(31,119,180)"},{"description":"Left Blank","count":848,"tested":8294,"color":"rgb(44,160,44)"},{"description":"Other","count":136,"tested":1002,"color":"rgb(148,103,189)"},{"description":"Black","count":25,"tested":234,"color":"rgb(255,127,14)"},{"description":"Asian","count":13,"tested":252,"color":"rgb(140,86,75)"}],"gender":[{"description":"Female","count":991,"tested":10893,"color":"rgb(255,127,14)"},{"description":"Male","count":931,"tested":8710,"color":"rgb(31,119,180)"},{"description":"Unknown/Left Blank","count":20,"tested":166,"color":"rgb(44,160,44)"}]}
