{"age":[{"age_group":"<20","count":55,"tested":464},{"age_group":"20-29   ","count":42,"tested":283},{"age_group":"30-39   ","count":37,"tested":311},{"age_group":"40-49   ","count":44,"tested":352},{"age_group":"50-59   ","count":50,"tested":430},{"age_group":"60-69   ","count":46,"tested":315},{"age_group":"70-79   ","count":23,"tested":123},{"age_group":"80+","count":7,"tested":83}],"race":[{"description":"Hispanic","count":13,"tested":58,"color":"rgb(214,39,40)"},{"description":"Left Blank","count":129,"tested":799,"color":"rgb(44,160,44)"},{"description":"White","count":161,"tested":1470,"color":"rgb(31,119,180)"}],"gender":[{"description":"Female","count":141,"tested":1612,"color":"rgb(255,127,14)"},{"description":"Male","count":144,"tested":706,"color":"rgb(31,119,180)"},{"description":"Unknown/Left Blank","count":19,"tested":43,"color":"rgb(44,160,44)"}]}
