{"age":[{"age_group":"<20","count":9,"tested":149},{"age_group":"20-29   ","count":13,"tested":251},{"age_group":"30-39   ","count":13,"tested":177},{"age_group":"40-49   ","count":11,"tested":183},{"age_group":"50-59   ","count":11,"tested":130},{"age_group":"60-69   ","count":9,"tested":141},{"age_group":"70-79   ","count":7,"tested":74}],"race":[{"description":"White","count":27,"tested":437,"color":"rgb(31,119,180)"},{"description":"Left Blank","count":38,"tested":508,"color":"rgb(44,160,44)"}],"gender":[{"description":"Female","count":44,"tested":678,"color":"rgb(255,127,14)"},{"description":"Male","count":32,"tested":455,"color":"rgb(31,119,180)"}]}
