{"lastUpdatedDate":{"year":2021,"month":2,"day":9},"county_demographics":[{"County":"Jackson","confirmed_cases":4503,"total_tested":60419,"demographics":{"age":[{"race":[],"age_group":"<20","count":818,"tested":9326,"deaths":0},{"race":[],"age_group":"20-29   ","count":1231,"tested":15330,"deaths":0},{"race":[],"age_group":"30-39   ","count":631,"tested":8684,"deaths":0},{"race":[],"age_group":"40-49   ","count":479,"tested":7160,"deaths":0},{"race":[],"age_group":"50-59   ","count":491,"tested":6660,"deaths":0},{"race":[],"age_group":"60-69   ","count":419,"tested":5754,"deaths":0},{"race":[],"age_group":"70-79   ","count":250,"tested":3938,"deaths":0},{"race":[],"age_group":"80+","count":184,"tested":3508,"deaths":0},{"race":[],"age_group":"Unknown","count":0,"tested":59,"deaths":0}],"race":[{"description":"AI/AN**","count":0,"tested":26,"deaths":0,"color":"rgb(31,119,180)"},{"description":"Asian","count":28,"tested":487,"deaths":0,"color":"rgb(140,86,75)"},{"description":"Black","count":606,"tested":6645,"deaths":0,"color":"rgb(255,127,14)"},{"description":"Hispanic","count":240,"tested":1335,"deaths":0,"color":"rgb(214,39,40)"},{"description":"Left Blank","count":673,"tested":18623,"deaths":0,"color":"rgb(44,160,44)"},{"description":"NH/PI*","count":0,"tested":6,"deaths":0,"color":"rgb(127,127,127)"},{"description":"Other","count":77,"tested":1141,"deaths":0,"color":"rgb(148,103,189)"},{"description":"White","count":2873,"tested":32156,"deaths":0,"color":"rgb(31,119,180)"}],"gender":[{"description":"Female","count":2252,"tested":30926,"deaths":0,"color":"rgb(255,127,14)"},{"description":"Male","count":2112,"tested":22700,"deaths":0,"color":"rgb(31,119,180)"},{"description":"Unknown/Left Blank","count":135,"tested":6793,"deaths":0,"color":"rgb(44,160,44)"}]}}]}
