{"lastUpdatedDate":{"year":2021,"month":2,"day":9},"county_demographics":[{"County":"Ogle","confirmed_cases":4871,"total_tested":46911,"demographics":{"age":[{"race":[],"age_group":"<20","count":758,"tested":6818,"deaths":0},{"race":[],"age_group":"20-29   ","count":798,"tested":7121,"deaths":0},{"race":[],"age_group":"30-39   ","count":739,"tested":6901,"deaths":0},{"race":[],"age_group":"40-49   ","count":728,"tested":6134,"deaths":0},{"race":[],"age_group":"50-59   ","count":769,"tested":6978,"deaths":0},{"race":[],"age_group":"60-69   ","count":493,"tested":5738,"deaths":0},{"race":[],"age_group":"70-79   ","count":290,"tested":3184,"deaths":0},{"race":[],"age_group":"80+","count":234,"tested":4018,"deaths":0},{"race":[],"age_group":"Unknown","count":62,"tested":19,"deaths":0}],"race":[{"description":"AI/AN**","count":0,"tested":42,"deaths":0,"color":"rgb(31,119,180)"},{"description":"Asian","count":6,"tested":51,"deaths":0,"color":"rgb(140,86,75)"},{"description":"Black","count":27,"tested":431,"deaths":0,"color":"rgb(255,127,14)"},{"description":"Hispanic","count":420,"tested":1334,"deaths":0,"color":"rgb(214,39,40)"},{"description":"Left Blank","count":2021,"tested":21902,"deaths":0,"color":"rgb(44,160,44)"},{"description":"NH/PI*","count":0,"tested":0,"deaths":0,"color":"rgb(127,127,127)"},{"description":"Other","count":72,"tested":571,"deaths":0,"color":"rgb(148,103,189)"},{"description":"White","count":2320,"tested":22577,"deaths":0,"color":"rgb(31,119,180)"}],"gender":[{"description":"Female","count":2562,"tested":28756,"deaths":0,"color":"rgb(255,127,14)"},{"description":"Male","count":2240,"tested":15200,"deaths":0,"color":"rgb(31,119,180)"},{"description":"Unknown/Left Blank","count":69,"tested":2955,"deaths":0,"color":"rgb(44,160,44)"}]}}]}
