{"lastUpdatedDate":{"year":2021,"month":2,"day":9},"county_demographics":[{"County":"Moultrie","confirmed_cases":1463,"total_tested":18974,"demographics":{"age":[{"race":[],"age_group":"<20","count":237,"tested":2875,"deaths":0},{"race":[],"age_group":"20-29   ","count":169,"tested":2886,"deaths":0},{"race":[],"age_group":"30-39   ","count":171,"tested":2569,"deaths":0},{"race":[],"age_group":"40-49   ","count":158,"tested":2535,"deaths":0},{"race":[],"age_group":"50-59   ","count":236,"tested":2729,"deaths":0},{"race":[],"age_group":"60-69   ","count":222,"tested":2370,"deaths":0},{"race":[],"age_group":"70-79   ","count":138,"tested":1519,"deaths":0},{"race":[],"age_group":"80+","count":132,"tested":1475,"deaths":0},{"race":[],"age_group":"Unknown","count":0,"tested":16,"deaths":0}],"race":[{"description":"AI/AN**","count":0,"tested":0,"deaths":0,"color":"rgb(31,119,180)"},{"description":"Asian","count":0,"tested":40,"deaths":0,"color":"rgb(140,86,75)"},{"description":"Black","count":14,"tested":180,"deaths":0,"color":"rgb(255,127,14)"},{"description":"Hispanic","count":10,"tested":79,"deaths":0,"color":"rgb(214,39,40)"},{"description":"Left Blank","count":388,"tested":6083,"deaths":0,"color":"rgb(44,160,44)"},{"description":"NH/PI*","count":0,"tested":17,"deaths":0,"color":"rgb(127,127,127)"},{"description":"Other","count":12,"tested":351,"deaths":0,"color":"rgb(148,103,189)"},{"description":"White","count":1037,"tested":12223,"deaths":0,"color":"rgb(31,119,180)"}],"gender":[{"description":"Female","count":761,"tested":12465,"deaths":0,"color":"rgb(255,127,14)"},{"description":"Male","count":674,"tested":6041,"deaths":0,"color":"rgb(31,119,180)"},{"description":"Unknown/Left Blank","count":28,"tested":468,"deaths":0,"color":"rgb(44,160,44)"}]}}]}
