{"lastUpdatedDate":{"year":2021,"month":2,"day":9},"county_demographics":[{"County":"Brown","confirmed_cases":648,"total_tested":19557,"demographics":{"age":[{"race":[],"age_group":"<20","count":80,"tested":656,"deaths":0},{"race":[],"age_group":"20-29   ","count":104,"tested":3808,"deaths":0},{"race":[],"age_group":"30-39   ","count":125,"tested":4006,"deaths":0},{"race":[],"age_group":"40-49   ","count":111,"tested":3648,"deaths":0},{"race":[],"age_group":"50-59   ","count":80,"tested":2284,"deaths":0},{"race":[],"age_group":"60-69   ","count":84,"tested":1359,"deaths":0},{"race":[],"age_group":"70-79   ","count":22,"tested":444,"deaths":0},{"race":[],"age_group":"80+","count":34,"tested":508,"deaths":0},{"race":[],"age_group":"Unknown","count":0,"tested":2844,"deaths":0}],"race":[{"description":"AI/AN**","count":0,"tested":0,"deaths":0,"color":"rgb(31,119,180)"},{"description":"Asian","count":0,"tested":0,"deaths":0,"color":"rgb(140,86,75)"},{"description":"Black","count":117,"tested":310,"deaths":0,"color":"rgb(255,127,14)"},{"description":"Hispanic","count":16,"tested":62,"deaths":0,"color":"rgb(214,39,40)"},{"description":"Left Blank","count":159,"tested":16086,"deaths":0,"color":"rgb(44,160,44)"},{"description":"Other","count":0,"tested":32,"deaths":0,"color":"rgb(148,103,189)"},{"description":"White","count":353,"tested":3064,"deaths":0,"color":"rgb(31,119,180)"}],"gender":[{"description":"Female","count":237,"tested":2715,"deaths":0,"color":"rgb(255,127,14)"},{"description":"Male","count":348,"tested":4686,"deaths":0,"color":"rgb(31,119,180)"},{"description":"Unknown/Left Blank","count":63,"tested":12156,"deaths":0,"color":"rgb(44,160,44)"}]}}]}
