{"lastUpdatedDate":{"year":2021,"month":2,"day":9},"county_demographics":[{"County":"Rock Island","confirmed_cases":12667,"total_tested":150604,"demographics":{"age":[{"race":[],"age_group":"<20","count":1633,"tested":16472,"deaths":0},{"race":[],"age_group":"20-29   ","count":2125,"tested":22057,"deaths":0},{"race":[],"age_group":"30-39   ","count":1994,"tested":22344,"deaths":0},{"race":[],"age_group":"40-49   ","count":1856,"tested":21028,"deaths":0},{"race":[],"age_group":"50-59   ","count":1819,"tested":20864,"deaths":0},{"race":[],"age_group":"60-69   ","count":1579,"tested":19751,"deaths":0},{"race":[],"age_group":"70-79   ","count":891,"tested":12510,"deaths":0},{"race":[],"age_group":"80+","count":770,"tested":13962,"deaths":0},{"race":[],"age_group":"Unknown","count":0,"tested":1616,"deaths":0}],"race":[{"description":"AI/AN**","count":10,"tested":56,"deaths":0,"color":"rgb(31,119,180)"},{"description":"Asian","count":132,"tested":834,"deaths":0,"color":"rgb(140,86,75)"},{"description":"Black","count":792,"tested":8107,"deaths":0,"color":"rgb(255,127,14)"},{"description":"Hispanic","count":1091,"tested":5676,"deaths":0,"color":"rgb(214,39,40)"},{"description":"Left Blank","count":6175,"tested":86269,"deaths":0,"color":"rgb(44,160,44)"},{"description":"NH/PI*","count":0,"tested":64,"deaths":0,"color":"rgb(127,127,127)"},{"description":"Other","count":295,"tested":2658,"deaths":0,"color":"rgb(148,103,189)"},{"description":"White","count":4165,"tested":46940,"deaths":0,"color":"rgb(31,119,180)"}],"gender":[{"description":"Female","count":6660,"tested":84972,"deaths":0,"color":"rgb(255,127,14)"},{"description":"Male","count":5923,"tested":54373,"deaths":0,"color":"rgb(31,119,180)"},{"description":"Unknown/Left Blank","count":84,"tested":11259,"deaths":0,"color":"rgb(44,160,44)"}]}}]}
