{"lastUpdatedDate":{"year":2021,"month":2,"day":9},"county_demographics":[{"County":"Clay","confirmed_cases":1400,"total_tested":12874,"demographics":{"age":[{"race":[],"age_group":"<20","count":193,"tested":2374,"deaths":0},{"race":[],"age_group":"20-29   ","count":182,"tested":1883,"deaths":0},{"race":[],"age_group":"30-39   ","count":202,"tested":1664,"deaths":0},{"race":[],"age_group":"40-49   ","count":199,"tested":1455,"deaths":0},{"race":[],"age_group":"50-59   ","count":211,"tested":1732,"deaths":0},{"race":[],"age_group":"60-69   ","count":178,"tested":1636,"deaths":0},{"race":[],"age_group":"70-79   ","count":148,"tested":1161,"deaths":0},{"race":[],"age_group":"80+","count":86,"tested":964,"deaths":0},{"race":[],"age_group":"Unknown","count":0,"tested":0,"deaths":0}],"race":[{"description":"AI/AN**","count":0,"tested":20,"deaths":0,"color":"rgb(31,119,180)"},{"description":"Asian","count":0,"tested":37,"deaths":0,"color":"rgb(140,86,75)"},{"description":"Black","count":7,"tested":46,"deaths":0,"color":"rgb(255,127,14)"},{"description":"Hispanic","count":0,"tested":58,"deaths":0,"color":"rgb(214,39,40)"},{"description":"Left Blank","count":83,"tested":2404,"deaths":0,"color":"rgb(44,160,44)"},{"description":"NH/PI*","count":0,"tested":0,"deaths":0,"color":"rgb(127,127,127)"},{"description":"Other","count":7,"tested":203,"deaths":0,"color":"rgb(148,103,189)"},{"description":"White","count":1291,"tested":10104,"deaths":0,"color":"rgb(31,119,180)"}],"gender":[{"description":"Female","count":747,"tested":7632,"deaths":0,"color":"rgb(255,127,14)"},{"description":"Male","count":644,"tested":4913,"deaths":0,"color":"rgb(31,119,180)"},{"description":"Unknown/Left Blank","count":0,"tested":329,"deaths":0,"color":"rgb(44,160,44)"}]}}]}
