{"lastUpdatedDate":{"year":2021,"month":2,"day":9},"county_demographics":[{"County":"Stark","confirmed_cases":517,"total_tested":7081,"demographics":{"age":[{"race":[],"age_group":"<20","count":90,"tested":1099,"deaths":0},{"race":[],"age_group":"20-29   ","count":72,"tested":1160,"deaths":0},{"race":[],"age_group":"30-39   ","count":63,"tested":826,"deaths":0},{"race":[],"age_group":"40-49   ","count":63,"tested":674,"deaths":0},{"race":[],"age_group":"50-59   ","count":82,"tested":947,"deaths":0},{"race":[],"age_group":"60-69   ","count":54,"tested":957,"deaths":0},{"race":[],"age_group":"70-79   ","count":43,"tested":725,"deaths":0},{"race":[],"age_group":"80+","count":45,"tested":686,"deaths":0},{"race":[],"age_group":"Unknown","count":0,"tested":7,"deaths":0}],"race":[{"description":"AI/AN**","count":0,"tested":0,"deaths":0,"color":"rgb(31,119,180)"},{"description":"Asian","count":0,"tested":7,"deaths":0,"color":"rgb(140,86,75)"},{"description":"Black","count":0,"tested":26,"deaths":0,"color":"rgb(255,127,14)"},{"description":"Hispanic","count":0,"tested":34,"deaths":0,"color":"rgb(214,39,40)"},{"description":"Left Blank","count":199,"tested":4183,"deaths":0,"color":"rgb(44,160,44)"},{"description":"Other","count":0,"tested":55,"deaths":0,"color":"rgb(148,103,189)"},{"description":"White","count":304,"tested":2774,"deaths":0,"color":"rgb(31,119,180)"}],"gender":[{"description":"Female","count":285,"tested":4522,"deaths":0,"color":"rgb(255,127,14)"},{"description":"Male","count":220,"tested":2338,"deaths":0,"color":"rgb(31,119,180)"},{"description":"Unknown/Left Blank","count":11,"tested":221,"deaths":0,"color":"rgb(44,160,44)"}]}}]}
