{"lastUpdatedDate":{"year":2021,"month":5,"day":28},"county_demographics":[{"County":"Wayne","confirmed_cases":1802,"total_tested":18219,"demographics":{"age":[{"race":[],"age_group":"<20","count":301,"tested":2559,"deaths":0},{"race":[],"age_group":"20-29   ","count":223,"tested":3124,"deaths":0},{"race":[],"age_group":"30-39   ","count":243,"tested":3144,"deaths":0},{"race":[],"age_group":"40-49   ","count":217,"tested":2297,"deaths":0},{"race":[],"age_group":"50-59   ","count":255,"tested":2486,"deaths":0},{"race":[],"age_group":"60-69   ","count":271,"tested":1965,"deaths":0},{"race":[],"age_group":"70-79   ","count":169,"tested":1239,"deaths":0},{"race":[],"age_group":"80+","count":117,"tested":1390,"deaths":0},{"race":[],"age_group":"Unknown","count":0,"tested":15,"deaths":0}],"race":[{"description":"AI/AN**","count":0,"tested":0,"deaths":0,"color":"rgb(31,119,180)"},{"description":"Asian","count":0,"tested":0,"deaths":0,"color":"rgb(140,86,75)"},{"description":"Black","count":0,"tested":21,"deaths":0,"color":"rgb(255,127,14)"},{"description":"Hispanic","count":17,"tested":192,"deaths":0,"color":"rgb(214,39,40)"},{"description":"Left Blank","count":237,"tested":6438,"deaths":0,"color":"rgb(44,160,44)"},{"description":"NH/PI*","count":0,"tested":0,"deaths":0,"color":"rgb(127,127,127)"},{"description":"Other","count":0,"tested":83,"deaths":0,"color":"rgb(148,103,189)"},{"description":"White","count":1539,"tested":11476,"deaths":0,"color":"rgb(31,119,180)"}],"gender":[{"description":"Female","count":931,"tested":10909,"deaths":0,"color":"rgb(255,127,14)"},{"description":"Male","count":849,"tested":6176,"deaths":0,"color":"rgb(31,119,180)"},{"description":"Unknown/Left Blank","count":19,"tested":1134,"deaths":0,"color":"rgb(44,160,44)"}]}}]}
