{"lastUpdatedDate":{"year":2021,"month":5,"day":28},"county_demographics":[{"County":"Washington","confirmed_cases":1648,"total_tested":14473,"demographics":{"age":[{"race":[],"age_group":"<20","count":229,"tested":1850,"deaths":0},{"race":[],"age_group":"20-29   ","count":212,"tested":2105,"deaths":0},{"race":[],"age_group":"30-39   ","count":229,"tested":2297,"deaths":0},{"race":[],"age_group":"40-49   ","count":236,"tested":2292,"deaths":0},{"race":[],"age_group":"50-59   ","count":264,"tested":2084,"deaths":0},{"race":[],"age_group":"60-69   ","count":248,"tested":2034,"deaths":0},{"race":[],"age_group":"70-79   ","count":109,"tested":1088,"deaths":0},{"race":[],"age_group":"80+","count":121,"tested":720,"deaths":0},{"race":[],"age_group":"Unknown","count":0,"tested":0,"deaths":0}],"race":[{"description":"AI/AN**","count":0,"tested":0,"deaths":0,"color":"rgb(31,119,180)"},{"description":"Asian","count":0,"tested":32,"deaths":0,"color":"rgb(140,86,75)"},{"description":"Black","count":0,"tested":84,"deaths":0,"color":"rgb(255,127,14)"},{"description":"Hispanic","count":12,"tested":96,"deaths":0,"color":"rgb(214,39,40)"},{"description":"Left Blank","count":520,"tested":4838,"deaths":0,"color":"rgb(44,160,44)"},{"description":"NH/PI*","count":0,"tested":0,"deaths":0,"color":"rgb(127,127,127)"},{"description":"Other","count":18,"tested":236,"deaths":0,"color":"rgb(148,103,189)"},{"description":"White","count":1087,"tested":9179,"deaths":0,"color":"rgb(31,119,180)"}],"gender":[{"description":"Female","count":889,"tested":8526,"deaths":0,"color":"rgb(255,127,14)"},{"description":"Male","count":739,"tested":5201,"deaths":0,"color":"rgb(31,119,180)"},{"description":"Unknown/Left Blank","count":20,"tested":746,"deaths":0,"color":"rgb(44,160,44)"}]}}]}
