{"lastUpdatedDate":{"year":2021,"month":5,"day":28},"county_demographics":[{"County":"Lake","confirmed_cases":67989,"total_tested":1151335,"demographics":{"age":[{"race":[],"age_group":"<20","count":12894,"tested":249850,"deaths":0},{"race":[],"age_group":"20-29   ","count":12443,"tested":174354,"deaths":0},{"race":[],"age_group":"30-39   ","count":9958,"tested":140203,"deaths":0},{"race":[],"age_group":"40-49   ","count":10614,"tested":144281,"deaths":0},{"race":[],"age_group":"50-59   ","count":10420,"tested":164445,"deaths":0},{"race":[],"age_group":"60-69   ","count":6312,"tested":127622,"deaths":0},{"race":[],"age_group":"70-79   ","count":2956,"tested":72360,"deaths":0},{"race":[],"age_group":"80+","count":2370,"tested":77824,"deaths":0},{"race":[],"age_group":"Unknown","count":22,"tested":396,"deaths":0}],"race":[{"description":"AI/AN**","count":104,"tested":1349,"deaths":0,"color":"rgb(31,119,180)"},{"description":"Asian","count":1932,"tested":44791,"deaths":0,"color":"rgb(140,86,75)"},{"description":"Black","count":3739,"tested":48107,"deaths":0,"color":"rgb(255,127,14)"},{"description":"Hispanic","count":19535,"tested":130401,"deaths":0,"color":"rgb(214,39,40)"},{"description":"Left Blank","count":16164,"tested":433941,"deaths":0,"color":"rgb(44,160,44)"},{"description":"NH/PI*","count":133,"tested":2689,"deaths":0,"color":"rgb(127,127,127)"},{"description":"Other","count":3185,"tested":38619,"deaths":0,"color":"rgb(148,103,189)"},{"description":"White","count":23197,"tested":451438,"deaths":0,"color":"rgb(31,119,180)"}],"gender":[{"description":"Female","count":33939,"tested":634354,"deaths":0,"color":"rgb(255,127,14)"},{"description":"Male","count":33183,"tested":490958,"deaths":0,"color":"rgb(31,119,180)"},{"description":"Unknown/Left Blank","count":867,"tested":26023,"deaths":0,"color":"rgb(44,160,44)"}]}}]}
