{"lastUpdatedDate":{"year":2021,"month":5,"day":28},"county_demographics":[{"County":"Crawford","confirmed_cases":2133,"total_tested":37649,"demographics":{"age":[{"race":[],"age_group":"<20","count":310,"tested":3785,"deaths":0},{"race":[],"age_group":"20-29   ","count":306,"tested":5101,"deaths":0},{"race":[],"age_group":"30-39   ","count":335,"tested":7791,"deaths":0},{"race":[],"age_group":"40-49   ","count":291,"tested":6636,"deaths":0},{"race":[],"age_group":"50-59   ","count":314,"tested":5579,"deaths":0},{"race":[],"age_group":"60-69   ","count":242,"tested":3155,"deaths":0},{"race":[],"age_group":"70-79   ","count":200,"tested":1764,"deaths":0},{"race":[],"age_group":"80+","count":134,"tested":1608,"deaths":0},{"race":[],"age_group":"Unknown","count":0,"tested":2230,"deaths":0}],"race":[{"description":"AI/AN**","count":0,"tested":0,"deaths":0,"color":"rgb(31,119,180)"},{"description":"Asian","count":0,"tested":41,"deaths":0,"color":"rgb(140,86,75)"},{"description":"Black","count":157,"tested":489,"deaths":0,"color":"rgb(255,127,14)"},{"description":"Hispanic","count":38,"tested":139,"deaths":0,"color":"rgb(214,39,40)"},{"description":"Left Blank","count":203,"tested":21027,"deaths":0,"color":"rgb(44,160,44)"},{"description":"NH/PI*","count":0,"tested":0,"deaths":0,"color":"rgb(127,127,127)"},{"description":"Other","count":18,"tested":566,"deaths":0,"color":"rgb(148,103,189)"},{"description":"White","count":1701,"tested":15383,"deaths":0,"color":"rgb(31,119,180)"}],"gender":[{"description":"Female","count":1015,"tested":13225,"deaths":0,"color":"rgb(255,127,14)"},{"description":"Male","count":1062,"tested":12427,"deaths":0,"color":"rgb(31,119,180)"},{"description":"Unknown/Left Blank","count":56,"tested":11997,"deaths":0,"color":"rgb(44,160,44)"}]}}]}
