{"lastUpdatedDate":{"year":2021,"month":5,"day":28},"county_demographics":[{"County":"Adams","confirmed_cases":8600,"total_tested":163628,"demographics":{"age":[{"race":[],"age_group":"<20","count":1431,"tested":20290,"deaths":0},{"race":[],"age_group":"20-29   ","count":1329,"tested":22400,"deaths":0},{"race":[],"age_group":"30-39   ","count":1212,"tested":22489,"deaths":0},{"race":[],"age_group":"40-49   ","count":1056,"tested":19886,"deaths":0},{"race":[],"age_group":"50-59   ","count":1237,"tested":25100,"deaths":0},{"race":[],"age_group":"60-69   ","count":1076,"tested":18029,"deaths":0},{"race":[],"age_group":"70-79   ","count":700,"tested":14809,"deaths":0},{"race":[],"age_group":"80+","count":556,"tested":20591,"deaths":0},{"race":[],"age_group":"Unknown","count":0,"tested":34,"deaths":0}],"race":[{"description":"AI/AN**","count":0,"tested":76,"deaths":0,"color":"rgb(31,119,180)"},{"description":"Asian","count":0,"tested":298,"deaths":0,"color":"rgb(140,86,75)"},{"description":"Black","count":152,"tested":3016,"deaths":0,"color":"rgb(255,127,14)"},{"description":"Hispanic","count":32,"tested":539,"deaths":0,"color":"rgb(214,39,40)"},{"description":"Left Blank","count":6028,"tested":111312,"deaths":0,"color":"rgb(44,160,44)"},{"description":"NH/PI*","count":0,"tested":66,"deaths":0,"color":"rgb(127,127,127)"},{"description":"Other","count":12,"tested":463,"deaths":0,"color":"rgb(148,103,189)"},{"description":"White","count":2359,"tested":47858,"deaths":0,"color":"rgb(31,119,180)"}],"gender":[{"description":"Female","count":4296,"tested":89601,"deaths":0,"color":"rgb(255,127,14)"},{"description":"Male","count":3594,"tested":59622,"deaths":0,"color":"rgb(31,119,180)"},{"description":"Unknown/Left Blank","count":710,"tested":14405,"deaths":0,"color":"rgb(44,160,44)"}]}}]}
