{"lastUpdatedDate":{"year":2021,"month":5,"day":28},"county_demographics":[{"County":"Jackson","confirmed_cases":5071,"total_tested":86025,"demographics":{"age":[{"race":[],"age_group":"<20","count":978,"tested":12879,"deaths":0},{"race":[],"age_group":"20-29   ","count":1409,"tested":21810,"deaths":0},{"race":[],"age_group":"30-39   ","count":712,"tested":12991,"deaths":0},{"race":[],"age_group":"40-49   ","count":534,"tested":10759,"deaths":0},{"race":[],"age_group":"50-59   ","count":533,"tested":9825,"deaths":0},{"race":[],"age_group":"60-69   ","count":455,"tested":7703,"deaths":0},{"race":[],"age_group":"70-79   ","count":261,"tested":5257,"deaths":0},{"race":[],"age_group":"80+","count":189,"tested":4736,"deaths":0},{"race":[],"age_group":"Unknown","count":0,"tested":65,"deaths":0}],"race":[{"description":"AI/AN**","count":0,"tested":36,"deaths":0,"color":"rgb(31,119,180)"},{"description":"Asian","count":58,"tested":708,"deaths":0,"color":"rgb(140,86,75)"},{"description":"Black","count":845,"tested":10054,"deaths":0,"color":"rgb(255,127,14)"},{"description":"Hispanic","count":341,"tested":1795,"deaths":0,"color":"rgb(214,39,40)"},{"description":"Left Blank","count":204,"tested":27707,"deaths":0,"color":"rgb(44,160,44)"},{"description":"NH/PI*","count":0,"tested":12,"deaths":0,"color":"rgb(127,127,127)"},{"description":"Other","count":74,"tested":1621,"deaths":0,"color":"rgb(148,103,189)"},{"description":"White","count":3539,"tested":44092,"deaths":0,"color":"rgb(31,119,180)"}],"gender":[{"description":"Female","count":2615,"tested":42783,"deaths":0,"color":"rgb(255,127,14)"},{"description":"Male","count":2449,"tested":34585,"deaths":0,"color":"rgb(31,119,180)"},{"description":"Unknown/Left Blank","count":7,"tested":8657,"deaths":0,"color":"rgb(44,160,44)"}]}}]}
