{"lastUpdatedDate":{"year":2021,"month":5,"day":28},"county_demographics":[{"County":"Fulton","confirmed_cases":4028,"total_tested":89556,"demographics":{"age":[{"race":[],"age_group":"<20","count":786,"tested":9272,"deaths":0},{"race":[],"age_group":"20-29   ","count":659,"tested":13693,"deaths":0},{"race":[],"age_group":"30-39   ","count":547,"tested":15159,"deaths":0},{"race":[],"age_group":"40-49   ","count":611,"tested":13583,"deaths":0},{"race":[],"age_group":"50-59   ","count":526,"tested":13447,"deaths":0},{"race":[],"age_group":"60-69   ","count":441,"tested":9234,"deaths":0},{"race":[],"age_group":"70-79   ","count":249,"tested":5188,"deaths":0},{"race":[],"age_group":"80+","count":194,"tested":5803,"deaths":0},{"race":[],"age_group":"Unknown","count":0,"tested":4177,"deaths":0}],"race":[{"description":"AI/AN**","count":0,"tested":26,"deaths":0,"color":"rgb(31,119,180)"},{"description":"Asian","count":0,"tested":33,"deaths":0,"color":"rgb(140,86,75)"},{"description":"Black","count":99,"tested":710,"deaths":0,"color":"rgb(255,127,14)"},{"description":"Hispanic","count":49,"tested":234,"deaths":0,"color":"rgb(214,39,40)"},{"description":"Left Blank","count":2707,"tested":65576,"deaths":0,"color":"rgb(44,160,44)"},{"description":"NH/PI*","count":0,"tested":0,"deaths":0,"color":"rgb(127,127,127)"},{"description":"Other","count":42,"tested":1489,"deaths":0,"color":"rgb(148,103,189)"},{"description":"White","count":1122,"tested":21483,"deaths":0,"color":"rgb(31,119,180)"}],"gender":[{"description":"Female","count":1959,"tested":44494,"deaths":0,"color":"rgb(255,127,14)"},{"description":"Male","count":1906,"tested":31362,"deaths":0,"color":"rgb(31,119,180)"},{"description":"Unknown/Left Blank","count":162,"tested":13700,"deaths":0,"color":"rgb(44,160,44)"}]}}]}
