{"lastUpdatedDate":{"year":2021,"month":5,"day":28},"county_demographics":[{"County":"Mercer","confirmed_cases":1487,"total_tested":18833,"demographics":{"age":[{"race":[],"age_group":"<20","count":244,"tested":3413,"deaths":0},{"race":[],"age_group":"20-29   ","count":189,"tested":2179,"deaths":0},{"race":[],"age_group":"30-39   ","count":191,"tested":2287,"deaths":0},{"race":[],"age_group":"40-49   ","count":236,"tested":2191,"deaths":0},{"race":[],"age_group":"50-59   ","count":231,"tested":2683,"deaths":0},{"race":[],"age_group":"60-69   ","count":190,"tested":2296,"deaths":0},{"race":[],"age_group":"70-79   ","count":106,"tested":1767,"deaths":0},{"race":[],"age_group":"80+","count":99,"tested":2003,"deaths":0},{"race":[],"age_group":"Unknown","count":0,"tested":14,"deaths":0}],"race":[{"description":"AI/AN**","count":0,"tested":0,"deaths":0,"color":"rgb(31,119,180)"},{"description":"Asian","count":0,"tested":8,"deaths":0,"color":"rgb(140,86,75)"},{"description":"Black","count":7,"tested":22,"deaths":0,"color":"rgb(255,127,14)"},{"description":"Hispanic","count":22,"tested":117,"deaths":0,"color":"rgb(214,39,40)"},{"description":"Left Blank","count":388,"tested":8057,"deaths":0,"color":"rgb(44,160,44)"},{"description":"NH/PI*","count":0,"tested":0,"deaths":0,"color":"rgb(127,127,127)"},{"description":"Other","count":13,"tested":244,"deaths":0,"color":"rgb(148,103,189)"},{"description":"White","count":1051,"tested":10379,"deaths":0,"color":"rgb(31,119,180)"}],"gender":[{"description":"Female","count":805,"tested":10968,"deaths":0,"color":"rgb(255,127,14)"},{"description":"Male","count":672,"tested":7351,"deaths":0,"color":"rgb(31,119,180)"},{"description":"Unknown/Left Blank","count":6,"tested":514,"deaths":0,"color":"rgb(44,160,44)"}]}}]}
