{"lastUpdatedDate":{"year":2021,"month":5,"day":28},"county_demographics":[{"County":"Henderson","confirmed_cases":528,"total_tested":7544,"demographics":{"age":[{"race":[],"age_group":"<20","count":51,"tested":973,"deaths":0},{"race":[],"age_group":"20-29   ","count":59,"tested":796,"deaths":0},{"race":[],"age_group":"30-39   ","count":75,"tested":1149,"deaths":0},{"race":[],"age_group":"40-49   ","count":73,"tested":902,"deaths":0},{"race":[],"age_group":"50-59   ","count":91,"tested":1118,"deaths":0},{"race":[],"age_group":"60-69   ","count":85,"tested":1010,"deaths":0},{"race":[],"age_group":"70-79   ","count":35,"tested":804,"deaths":0},{"race":[],"age_group":"80+","count":44,"tested":791,"deaths":0},{"race":[],"age_group":"Unknown","count":0,"tested":0,"deaths":0}],"race":[{"description":"AI/AN**","count":0,"tested":0,"deaths":0,"color":"rgb(31,119,180)"},{"description":"Asian","count":0,"tested":0,"deaths":0,"color":"rgb(140,86,75)"},{"description":"Black","count":0,"tested":0,"deaths":0,"color":"rgb(255,127,14)"},{"description":"Hispanic","count":0,"tested":30,"deaths":0,"color":"rgb(214,39,40)"},{"description":"Left Blank","count":163,"tested":2139,"deaths":0,"color":"rgb(44,160,44)"},{"description":"Other","count":0,"tested":40,"deaths":0,"color":"rgb(148,103,189)"},{"description":"White","count":360,"tested":5327,"deaths":0,"color":"rgb(31,119,180)"}],"gender":[{"description":"Female","count":299,"tested":5124,"deaths":0,"color":"rgb(255,127,14)"},{"description":"Male","count":214,"tested":2211,"deaths":0,"color":"rgb(31,119,180)"},{"description":"Unknown/Left Blank","count":13,"tested":209,"deaths":0,"color":"rgb(44,160,44)"}]}}]}
