{"lastUpdatedDate":{"year":2021,"month":5,"day":28},"county_demographics":[{"County":"Carroll","confirmed_cases":1773,"total_tested":22196,"demographics":{"age":[{"race":[],"age_group":"<20","count":234,"tested":2095,"deaths":0},{"race":[],"age_group":"20-29   ","count":211,"tested":2685,"deaths":0},{"race":[],"age_group":"30-39   ","count":353,"tested":3943,"deaths":0},{"race":[],"age_group":"40-49   ","count":270,"tested":3234,"deaths":0},{"race":[],"age_group":"50-59   ","count":259,"tested":3157,"deaths":0},{"race":[],"age_group":"60-69   ","count":198,"tested":2653,"deaths":0},{"race":[],"age_group":"70-79   ","count":129,"tested":1669,"deaths":0},{"race":[],"age_group":"80+","count":110,"tested":2758,"deaths":0},{"race":[],"age_group":"Unknown","count":0,"tested":0,"deaths":0}],"race":[{"description":"AI/AN**","count":7,"tested":9,"deaths":0,"color":"rgb(31,119,180)"},{"description":"Asian","count":0,"tested":103,"deaths":0,"color":"rgb(140,86,75)"},{"description":"Black","count":89,"tested":107,"deaths":0,"color":"rgb(255,127,14)"},{"description":"Hispanic","count":32,"tested":105,"deaths":0,"color":"rgb(214,39,40)"},{"description":"Left Blank","count":643,"tested":12951,"deaths":0,"color":"rgb(44,160,44)"},{"description":"NH/PI*","count":0,"tested":0,"deaths":0,"color":"rgb(127,127,127)"},{"description":"Other","count":17,"tested":178,"deaths":0,"color":"rgb(148,103,189)"},{"description":"White","count":976,"tested":8741,"deaths":0,"color":"rgb(31,119,180)"}],"gender":[{"description":"Female","count":810,"tested":11657,"deaths":0,"color":"rgb(255,127,14)"},{"description":"Male","count":956,"tested":9971,"deaths":0,"color":"rgb(31,119,180)"},{"description":"Unknown/Left Blank","count":6,"tested":568,"deaths":0,"color":"rgb(44,160,44)"}]}}]}
