{"age":[{"age_group":"<20","count":18,"tested":146},{"age_group":"20-29   ","count":25,"tested":114},{"age_group":"30-39   ","count":17,"tested":101},{"age_group":"40-49   ","count":23,"tested":103},{"age_group":"50-59   ","count":28,"tested":170},{"age_group":"60-69   ","count":24,"tested":162},{"age_group":"70-79   ","count":21,"tested":114}],"race":[{"description":"White","count":92,"tested":677,"color":"rgb(31,119,180)"},{"description":"Left Blank","count":25,"tested":212,"color":"rgb(44,160,44)"}],"gender":[{"description":"Male","count":63,"tested":381,"color":"rgb(31,119,180)"},{"description":"Female","count":54,"tested":564,"color":"rgb(255,127,14)"}]}
