{"age":[{"age_group":"<20","count":9,"tested":87},{"age_group":"30-39   ","count":12,"tested":200},{"age_group":"40-49   ","count":9,"tested":155},{"age_group":"50-59   ","count":10,"tested":152},{"age_group":"60-69   ","count":6,"tested":167},{"age_group":"70-79   ","count":7,"tested":148}],"race":[{"description":"Left Blank","count":14,"tested":635,"color":"rgb(44,160,44)"},{"description":"White","count":42,"tested":621,"color":"rgb(31,119,180)"}],"gender":[{"description":"Female","count":29,"tested":572,"color":"rgb(255,127,14)"},{"description":"Male","count":26,"tested":308,"color":"rgb(31,119,180)"}]}
