{"age":[{"age_group":"<20","count":20,"tested":104},{"age_group":"20-29   ","count":16,"tested":59},{"age_group":"30-39   ","count":17,"tested":73},{"age_group":"40-49   ","count":16,"tested":49},{"age_group":"50-59   ","count":16,"tested":78},{"age_group":"60-69   ","count":14,"tested":80},{"age_group":"70-79   ","count":18,"tested":54}],"race":[{"description":"Other","count":16,"tested":59,"color":"rgb(148,103,189)"},{"description":"White","count":49,"tested":252,"color":"rgb(31,119,180)"},{"description":"Left Blank","count":28,"tested":221,"color":"rgb(44,160,44)"}],"gender":[{"description":"Male","count":33,"tested":164,"color":"rgb(31,119,180)"},{"description":"Female","count":52,"tested":366,"color":"rgb(255,127,14)"}]}
