{"age":[{"age_group":"<20","count":12,"tested":44},{"age_group":"20-29   ","count":6,"tested":113},{"age_group":"30-39   ","count":9,"tested":116},{"age_group":"40-49   ","count":11,"tested":67},{"age_group":"60-69   ","count":11,"tested":71}],"race":[{"description":"Left Blank","count":12,"tested":108,"color":"rgb(44,160,44)"},{"description":"White","count":33,"tested":297,"color":"rgb(31,119,180)"}],"gender":[{"description":"Female","count":21,"tested":163,"color":"rgb(255,127,14)"},{"description":"Male","count":33,"tested":361,"color":"rgb(31,119,180)"}]}
