{"age":[{"age_group":"<20","count":86,"tested":852},{"age_group":"20-29   ","count":87,"tested":1139},{"age_group":"30-39   ","count":83,"tested":1072},{"age_group":"40-49   ","count":86,"tested":1025},{"age_group":"50-59   ","count":80,"tested":1097},{"age_group":"60-69   ","count":59,"tested":928},{"age_group":"70-79   ","count":63,"tested":695},{"age_group":"80+","count":62,"tested":633}],"race":[{"description":"White","count":450,"tested":5116,"color":"rgb(31,119,180)"},{"description":"Black","count":20,"tested":190,"color":"rgb(255,127,14)"},{"description":"Left Blank","count":89,"tested":1992,"color":"rgb(44,160,44)"}],"gender":[{"description":"Female","count":307,"tested":3996,"color":"rgb(255,127,14)"},{"description":"Male","count":206,"tested":2284,"color":"rgb(31,119,180)"},{"description":"Unknown/Left Blank","count":53,"tested":1161,"color":"rgb(44,160,44)"}]}
