{"age":[{"age_group":"<20","count":228,"tested":2266},{"age_group":"20-29   ","count":259,"tested":3018},{"age_group":"30-39   ","count":265,"tested":2846},{"age_group":"40-49   ","count":232,"tested":2453},{"age_group":"50-59   ","count":301,"tested":2611},{"age_group":"60-69   ","count":249,"tested":2266},{"age_group":"70-79   ","count":191,"tested":1763},{"age_group":"80+","count":190,"tested":2141}],"race":[{"description":"Hispanic","count":44,"tested":88,"color":"rgb(214,39,40)"},{"description":"White","count":905,"tested":7436,"color":"rgb(31,119,180)"},{"description":"Asian","count":40,"tested":52,"color":"rgb(140,86,75)"},{"description":"Black","count":359,"tested":1895,"color":"rgb(255,127,14)"},{"description":"Left Blank","count":448,"tested":9629,"color":"rgb(44,160,44)"},{"description":"Other","count":53,"tested":260,"color":"rgb(148,103,189)"}],"gender":[{"description":"Male","count":716,"tested":6755,"color":"rgb(31,119,180)"},{"description":"Unknown/Left Blank","count":54,"tested":485,"color":"rgb(44,160,44)"},{"description":"Female","count":986,"tested":12130,"color":"rgb(255,127,14)"}]}
