{"age":[{"age_group":"<20","count":6,"tested":150},{"age_group":"20-29   ","count":8,"tested":138},{"age_group":"40-49   ","count":6,"tested":115},{"age_group":"50-59   ","count":7,"tested":164}],"race":[{"description":"Left Blank","count":19,"tested":465,"color":"rgb(44,160,44)"},{"description":"White","count":21,"tested":477,"color":"rgb(31,119,180)"}],"gender":[{"description":"Female","count":24,"tested":563,"color":"rgb(255,127,14)"},{"description":"Male","count":17,"tested":371,"color":"rgb(31,119,180)"}]}
