{"age":[{"age_group":"20-29   ","count":19,"tested":113},{"age_group":"30-39   ","count":19,"tested":109},{"age_group":"40-49   ","count":15,"tested":83},{"age_group":"50-59   ","count":15,"tested":102},{"age_group":"60-69   ","count":6,"tested":93}],"race":[{"description":"Left Blank","count":22,"tested":283,"color":"rgb(44,160,44)"},{"description":"White","count":33,"tested":351,"color":"rgb(31,119,180)"},{"description":"Black","count":23,"tested":39,"color":"rgb(255,127,14)"}],"gender":[{"description":"Female","count":25,"tested":387,"color":"rgb(255,127,14)"},{"description":"Male","count":56,"tested":293,"color":"rgb(31,119,180)"}]}
