{"age":[{"age_group":"<20","count":24,"tested":192},{"age_group":"20-29   ","count":8,"tested":217},{"age_group":"30-39   ","count":11,"tested":164},{"age_group":"40-49   ","count":13,"tested":161},{"age_group":"50-59   ","count":9,"tested":156},{"age_group":"60-69   ","count":13,"tested":166}],"race":[{"description":"Left Blank","count":14,"tested":396,"color":"rgb(44,160,44)"},{"description":"White","count":63,"tested":707,"color":"rgb(31,119,180)"}],"gender":[{"description":"Female","count":46,"tested":531,"color":"rgb(255,127,14)"},{"description":"Male","count":29,"tested":416,"color":"rgb(31,119,180)"},{"description":"Unknown/Left Blank","count":6,"tested":219,"color":"rgb(44,160,44)"}]}
