{"age":[{"age_group":"<20","count":192,"tested":1354},{"age_group":"20-29   ","count":184,"tested":1096},{"age_group":"30-39   ","count":159,"tested":1021},{"age_group":"40-49   ","count":177,"tested":949},{"age_group":"50-59   ","count":153,"tested":868},{"age_group":"60-69   ","count":113,"tested":624},{"age_group":"70-79   ","count":73,"tested":283},{"age_group":"80+","count":55,"tested":132}],"race":[{"description":"White","count":542,"tested":4231,"color":"rgb(31,119,180)"},{"description":"Left Blank","count":266,"tested":1638,"color":"rgb(44,160,44)"},{"description":"Other","count":75,"tested":288,"color":"rgb(148,103,189)"},{"description":"Hispanic","count":57,"tested":123,"color":"rgb(214,39,40)"}],"gender":[{"description":"Male","count":422,"tested":2624,"color":"rgb(31,119,180)"},{"description":"Female","count":434,"tested":3660,"color":"rgb(255,127,14)"}]}
