{"age":[{"age_group":"<20","count":302,"tested":3150},{"age_group":"20-29   ","count":626,"tested":10350},{"age_group":"30-39   ","count":634,"tested":10156},{"age_group":"40-49   ","count":450,"tested":6578},{"age_group":"50-59   ","count":411,"tested":7113},{"age_group":"60-69   ","count":366,"tested":7492},{"age_group":"70-79   ","count":222,"tested":4276},{"age_group":"80+","count":192,"tested":2733}],"race":[{"description":"Black","count":678,"tested":8401,"color":"rgb(255,127,14)"},{"description":"Hispanic","count":398,"tested":2449,"color":"rgb(214,39,40)"},{"description":"White","count":496,"tested":6985,"color":"rgb(31,119,180)"},{"description":"Other","count":198,"tested":1815,"color":"rgb(148,103,189)"},{"description":"Left Blank","count":899,"tested":27129,"color":"rgb(44,160,44)"},{"description":"Asian","count":400,"tested":4986,"color":"rgb(140,86,75)"}],"gender":[{"description":"Female","count":1393,"tested":26778,"color":"rgb(255,127,14)"},{"description":"Unknown/Left Blank","count":99,"tested":1626,"color":"rgb(44,160,44)"},{"description":"Male","count":1386,"tested":23460,"color":"rgb(31,119,180)"}]}
