{"age":[{"age_group":"<20","count":268,"tested":2078},{"age_group":"20-29   ","count":353,"tested":3240},{"age_group":"30-39   ","count":282,"tested":2530},{"age_group":"40-49   ","count":311,"tested":2808},{"age_group":"50-59   ","count":382,"tested":3583},{"age_group":"60-69   ","count":297,"tested":3017},{"age_group":"70-79   ","count":199,"tested":1898},{"age_group":"80+","count":190,"tested":3441}],"race":[{"description":"Other","count":143,"tested":527,"color":"rgb(148,103,189)"},{"description":"Black","count":100,"tested":181,"color":"rgb(255,127,14)"},{"description":"White","count":883,"tested":7597,"color":"rgb(31,119,180)"},{"description":"Asian","count":102,"tested":146,"color":"rgb(140,86,75)"},{"description":"Left Blank","count":747,"tested":13783,"color":"rgb(44,160,44)"},{"description":"Hispanic","count":130,"tested":357,"color":"rgb(214,39,40)"}],"gender":[{"description":"Unknown/Left Blank","count":94,"tested":669,"color":"rgb(44,160,44)"},{"description":"Female","count":944,"tested":14029,"color":"rgb(255,127,14)"},{"description":"Male","count":804,"tested":7907,"color":"rgb(31,119,180)"}]}
