{"age":[{"age_group":"<20","count":342,"tested":2239},{"age_group":"20-29   ","count":305,"tested":2235},{"age_group":"30-39   ","count":285,"tested":2019},{"age_group":"40-49   ","count":281,"tested":2079},{"age_group":"50-59   ","count":269,"tested":1862},{"age_group":"60-69   ","count":190,"tested":1415},{"age_group":"70-79   ","count":103,"tested":726},{"age_group":"80+","count":65,"tested":445}],"race":[{"description":"Left Blank","count":392,"tested":5479,"color":"rgb(44,160,44)"},{"description":"Other","count":54,"tested":202,"color":"rgb(148,103,189)"},{"description":"Hispanic","count":579,"tested":1923,"color":"rgb(214,39,40)"},{"description":"White","count":352,"tested":2974,"color":"rgb(31,119,180)"},{"description":"Black","count":373,"tested":2386,"color":"rgb(255,127,14)"}],"gender":[{"description":"Unknown/Left Blank","count":57,"tested":552,"color":"rgb(44,160,44)"},{"description":"Male","count":764,"tested":5227,"color":"rgb(31,119,180)"},{"description":"Female","count":874,"tested":7241,"color":"rgb(255,127,14)"}]}
