{"age":[{"age_group":"<20","count":331,"tested":3059},{"age_group":"20-29   ","count":343,"tested":3474},{"age_group":"30-39   ","count":284,"tested":2550},{"age_group":"40-49   ","count":318,"tested":3041},{"age_group":"50-59   ","count":374,"tested":3669},{"age_group":"60-69   ","count":298,"tested":3318},{"age_group":"70-79   ","count":239,"tested":1775},{"age_group":"80+","count":247,"tested":1743}],"race":[{"description":"Hispanic","count":217,"tested":765,"color":"rgb(214,39,40)"},{"description":"Left Blank","count":461,"tested":8978,"color":"rgb(44,160,44)"},{"description":"White","count":866,"tested":11065,"color":"rgb(31,119,180)"},{"description":"Other","count":223,"tested":807,"color":"rgb(148,103,189)"},{"description":"Black","count":170,"tested":347,"color":"rgb(255,127,14)"},{"description":"Asian","count":185,"tested":589,"color":"rgb(140,86,75)"}],"gender":[{"description":"Female","count":758,"tested":11714,"color":"rgb(255,127,14)"},{"description":"Male","count":727,"tested":9700,"color":"rgb(31,119,180)"},{"description":"Unknown/Left Blank","count":169,"tested":1220,"color":"rgb(44,160,44)"}]}
