{"age":[{"age_group":"<20","count":153,"tested":1184},{"age_group":"20-29   ","count":168,"tested":1431},{"age_group":"30-39   ","count":149,"tested":1565},{"age_group":"40-49   ","count":188,"tested":1525},{"age_group":"50-59   ","count":232,"tested":2146},{"age_group":"60-69   ","count":200,"tested":2072},{"age_group":"70-79   ","count":112,"tested":1025},{"age_group":"80+","count":70,"tested":566}],"race":[{"description":"Hispanic","count":55,"tested":127,"color":"rgb(214,39,40)"},{"description":"Left Blank","count":385,"tested":5987,"color":"rgb(44,160,44)"},{"description":"White","count":606,"tested":5060,"color":"rgb(31,119,180)"},{"description":"Other","count":54,"tested":247,"color":"rgb(148,103,189)"},{"description":"Black","count":47,"tested":72,"color":"rgb(255,127,14)"}],"gender":[{"description":"Male","count":507,"tested":4878,"color":"rgb(31,119,180)"},{"description":"Female","count":523,"tested":6529,"color":"rgb(255,127,14)"}]}
