{"age":[{"age_group":"<20","count":132,"tested":1444},{"age_group":"20-29   ","count":122,"tested":1820},{"age_group":"30-39   ","count":112,"tested":1235},{"age_group":"40-49   ","count":116,"tested":2179},{"age_group":"50-59   ","count":131,"tested":2091},{"age_group":"60-69   ","count":104,"tested":1747},{"age_group":"70-79   ","count":89,"tested":1143},{"age_group":"80+","count":113,"tested":1149}],"race":[{"description":"Other","count":93,"tested":508,"color":"rgb(148,103,189)"},{"description":"Left Blank","count":157,"tested":5084,"color":"rgb(44,160,44)"},{"description":"Asian","count":76,"tested":564,"color":"rgb(140,86,75)"},{"description":"Black","count":80,"tested":233,"color":"rgb(255,127,14)"},{"description":"Hispanic","count":103,"tested":892,"color":"rgb(214,39,40)"},{"description":"White","count":297,"tested":5476,"color":"rgb(31,119,180)"}],"gender":[{"description":"Female","count":303,"tested":6630,"color":"rgb(255,127,14)"},{"description":"Male","count":278,"tested":6046,"color":"rgb(31,119,180)"}]}
