{"age":[{"age_group":"<20","count":707,"tested":3854},{"age_group":"20-29   ","count":848,"tested":6005},{"age_group":"30-39   ","count":700,"tested":4596},{"age_group":"40-49   ","count":799,"tested":5359},{"age_group":"50-59   ","count":696,"tested":5148},{"age_group":"60-69   ","count":411,"tested":2759},{"age_group":"70-79   ","count":285,"tested":1767},{"age_group":"80+","count":217,"tested":1010}],"race":[{"description":"Hispanic","count":1146,"tested":4655,"color":"rgb(214,39,40)"},{"description":"Left Blank","count":1343,"tested":13761,"color":"rgb(44,160,44)"},{"description":"White","count":867,"tested":7377,"color":"rgb(31,119,180)"},{"description":"Asian","count":265,"tested":919,"color":"rgb(140,86,75)"},{"description":"Black","count":407,"tested":2332,"color":"rgb(255,127,14)"},{"description":"NH/PI*","count":163,"tested":46,"color":"rgb(127,127,127)"},{"description":"Other","count":311,"tested":1383,"color":"rgb(148,103,189)"}],"gender":[{"description":"Unknown/Left Blank","count":178,"tested":377,"color":"rgb(44,160,44)"},{"description":"Male","count":1739,"tested":12684,"color":"rgb(31,119,180)"},{"description":"Female","count":1962,"tested":17445,"color":"rgb(255,127,14)"}]}
