{"age":[{"age_group":"<20","count":267,"tested":2025},{"age_group":"20-29   ","count":258,"tested":2035},{"age_group":"30-39   ","count":265,"tested":2740},{"age_group":"40-49   ","count":304,"tested":2580},{"age_group":"50-59   ","count":221,"tested":2083},{"age_group":"60-69   ","count":183,"tested":2084},{"age_group":"70-79   ","count":85,"tested":1126},{"age_group":"80+","count":77,"tested":1695}],"race":[{"description":"Black","count":71,"tested":292,"color":"rgb(255,127,14)"},{"description":"Asian","count":58,"tested":162,"color":"rgb(140,86,75)"},{"description":"Hispanic","count":295,"tested":1453,"color":"rgb(214,39,40)"},{"description":"White","count":510,"tested":5616,"color":"rgb(31,119,180)"},{"description":"Other","count":125,"tested":774,"color":"rgb(148,103,189)"},{"description":"Left Blank","count":513,"tested":8054,"color":"rgb(44,160,44)"}],"gender":[{"description":"Female","count":726,"tested":9315,"color":"rgb(255,127,14)"},{"description":"Male","count":669,"tested":6744,"color":"rgb(31,119,180)"},{"description":"Unknown/Left Blank","count":50,"tested":313,"color":"rgb(44,160,44)"}]}
