{"age":[{"age_group":"<20","count":38,"tested":312},{"age_group":"20-29   ","count":41,"tested":265},{"age_group":"30-39   ","count":31,"tested":191},{"age_group":"40-49   ","count":38,"tested":274},{"age_group":"50-59   ","count":44,"tested":374},{"age_group":"60-69   ","count":42,"tested":370},{"age_group":"70-79   ","count":19,"tested":215},{"age_group":"80+","count":15,"tested":81}],"race":[{"description":"Hispanic","count":21,"tested":63,"color":"rgb(214,39,40)"},{"description":"White","count":140,"tested":1000,"color":"rgb(31,119,180)"},{"description":"Left Blank","count":70,"tested":917,"color":"rgb(44,160,44)"}],"gender":[{"description":"Male","count":110,"tested":994,"color":"rgb(31,119,180)"},{"description":"Female","count":121,"tested":1076,"color":"rgb(255,127,14)"}]}
