{"age":[{"age_group":"<20","count":163,"tested":1056},{"age_group":"20-29   ","count":196,"tested":1359},{"age_group":"30-39   ","count":185,"tested":1178},{"age_group":"40-49   ","count":160,"tested":1143},{"age_group":"50-59   ","count":184,"tested":1364},{"age_group":"60-69   ","count":140,"tested":1304},{"age_group":"70-79   ","count":105,"tested":1023},{"age_group":"80+","count":91,"tested":1097}],"race":[{"description":"White","count":543,"tested":4600,"color":"rgb(31,119,180)"},{"description":"Other","count":65,"tested":174,"color":"rgb(148,103,189)"},{"description":"Left Blank","count":234,"tested":3969,"color":"rgb(44,160,44)"},{"description":"Hispanic","count":178,"tested":689,"color":"rgb(214,39,40)"},{"description":"Asian","count":54,"tested":35,"color":"rgb(140,86,75)"},{"description":"Black","count":55,"tested":51,"color":"rgb(255,127,14)"}],"gender":[{"description":"Male","count":433,"tested":3525,"color":"rgb(31,119,180)"},{"description":"Female","count":504,"tested":5767,"color":"rgb(255,127,14)"}]}
