{"age":[{"age_group":"<20","count":17,"tested":123},{"age_group":"20-29   ","count":22,"tested":370},{"age_group":"30-39   ","count":15,"tested":241},{"age_group":"40-49   ","count":15,"tested":170},{"age_group":"50-59   ","count":11,"tested":196},{"age_group":"60-69   ","count":10,"tested":160}],"race":[{"description":"White","count":18,"tested":333,"color":"rgb(31,119,180)"},{"description":"Left Blank","count":33,"tested":560,"color":"rgb(44,160,44)"},{"description":"Other","count":7,"tested":58,"color":"rgb(148,103,189)"},{"description":"Black","count":16,"tested":212,"color":"rgb(255,127,14)"},{"description":"Hispanic","count":16,"tested":131,"color":"rgb(214,39,40)"}],"gender":[{"description":"Male","count":44,"tested":732,"color":"rgb(31,119,180)"},{"description":"Female","count":45,"tested":601,"color":"rgb(255,127,14)"}]}
