{"age":[{"age_group":"<20","count":1073,"tested":7169},{"age_group":"20-29   ","count":1515,"tested":12868},{"age_group":"30-39   ","count":1419,"tested":14180},{"age_group":"40-49   ","count":1346,"tested":11593},{"age_group":"50-59   ","count":1128,"tested":10462},{"age_group":"60-69   ","count":794,"tested":8152},{"age_group":"70-79   ","count":430,"tested":3644},{"age_group":"80+","count":277,"tested":1836}],"race":[{"description":"White","count":1352,"tested":14388,"color":"rgb(31,119,180)"},{"description":"Other","count":475,"tested":3211,"color":"rgb(148,103,189)"},{"description":"Left Blank","count":1412,"tested":28193,"color":"rgb(44,160,44)"},{"description":"Black","count":260,"tested":1316,"color":"rgb(255,127,14)"},{"description":"Asian","count":292,"tested":1499,"color":"rgb(140,86,75)"},{"description":"Hispanic","count":3885,"tested":21178,"color":"rgb(214,39,40)"}],"gender":[{"description":"Male","count":3481,"tested":31522,"color":"rgb(31,119,180)"},{"description":"Unknown/Left Blank","count":191,"tested":1106,"color":"rgb(44,160,44)"},{"description":"Female","count":3555,"tested":37298,"color":"rgb(255,127,14)"}]}
