{"age":[{"age_group":"<20","count":857,"tested":3652},{"age_group":"20-29   ","count":947,"tested":4703},{"age_group":"30-39   ","count":832,"tested":3761},{"age_group":"40-49   ","count":917,"tested":3991},{"age_group":"50-59   ","count":736,"tested":3234},{"age_group":"60-69   ","count":505,"tested":2089},{"age_group":"70-79   ","count":342,"tested":875},{"age_group":"80+","count":282,"tested":363}],"race":[{"description":"Hispanic","count":1742,"tested":4857,"color":"rgb(214,39,40)"},{"description":"Left Blank","count":1375,"tested":11159,"color":"rgb(44,160,44)"},{"description":"Asian","count":299,"tested":497,"color":"rgb(140,86,75)"},{"description":"White","count":837,"tested":4947,"color":"rgb(31,119,180)"},{"description":"Black","count":334,"tested":647,"color":"rgb(255,127,14)"},{"description":"Other","count":319,"tested":534,"color":"rgb(148,103,189)"}],"gender":[{"description":"Female","count":1979,"tested":12796,"color":"rgb(255,127,14)"},{"description":"Male","count":1901,"tested":9568,"color":"rgb(31,119,180)"},{"description":"Unknown/Left Blank","count":268,"tested":310,"color":"rgb(44,160,44)"}]}
