{"age":[{"age_group":"<20","count":97,"tested":717},{"age_group":"20-29   ","count":112,"tested":1294},{"age_group":"30-39   ","count":96,"tested":1192},{"age_group":"40-49   ","count":115,"tested":1505},{"age_group":"50-59   ","count":118,"tested":1767},{"age_group":"60-69   ","count":99,"tested":1655},{"age_group":"70-79   ","count":56,"tested":754},{"age_group":"80+","count":39,"tested":496}],"race":[{"description":"Other","count":20,"tested":113,"color":"rgb(148,103,189)"},{"description":"Black","count":285,"tested":3093,"color":"rgb(255,127,14)"},{"description":"White","count":70,"tested":656,"color":"rgb(31,119,180)"},{"description":"Left Blank","count":281,"tested":5245,"color":"rgb(44,160,44)"},{"description":"Hispanic","count":51,"tested":243,"color":"rgb(214,39,40)"}],"gender":[{"description":"Female","count":351,"tested":5528,"color":"rgb(255,127,14)"},{"description":"Male","count":322,"tested":3596,"color":"rgb(31,119,180)"},{"description":"Unknown/Left Blank","count":19,"tested":262,"color":"rgb(44,160,44)"}]}
