{"age":[{"age_group":"<20","count":67,"tested":267},{"age_group":"20-29   ","count":70,"tested":205},{"age_group":"30-39   ","count":62,"tested":227},{"age_group":"40-49   ","count":69,"tested":305},{"age_group":"50-59   ","count":65,"tested":280},{"age_group":"60-69   ","count":57,"tested":213}],"race":[{"description":"White","count":157,"tested":1472,"color":"rgb(31,119,180)"},{"description":"Left Blank","count":59,"tested":262,"color":"rgb(44,160,44)"}],"gender":[{"description":"Male","count":113,"tested":700,"color":"rgb(31,119,180)"},{"description":"Female","count":111,"tested":1081,"color":"rgb(255,127,14)"}]}
