{"age":[{"age_group":"<20","count":300,"tested":4339},{"age_group":"20-29   ","count":197,"tested":2821},{"age_group":"30-39   ","count":138,"tested":2063},{"age_group":"40-49   ","count":203,"tested":3158},{"age_group":"50-59   ","count":222,"tested":3689},{"age_group":"60-69   ","count":138,"tested":2535},{"age_group":"70-79   ","count":110,"tested":1502},{"age_group":"80+","count":109,"tested":1022}],"race":[{"description":"Other","count":165,"tested":1683,"color":"rgb(148,103,189)"},{"description":"Left Blank","count":318,"tested":8773,"color":"rgb(44,160,44)"},{"description":"Asian","count":76,"tested":685,"color":"rgb(140,86,75)"},{"description":"Black","count":65,"tested":125,"color":"rgb(255,127,14)"},{"description":"Hispanic","count":94,"tested":323,"color":"rgb(214,39,40)"},{"description":"White","count":594,"tested":9514,"color":"rgb(31,119,180)"}],"gender":[{"description":"Female","count":544,"tested":11485,"color":"rgb(255,127,14)"},{"description":"Male","count":557,"tested":9542,"color":"rgb(31,119,180)"}]}
