{"age":[{"age_group":"<20","count":8,"tested":88},{"age_group":"20-29   ","count":13,"tested":139},{"age_group":"30-39   ","count":11,"tested":124},{"age_group":"40-49   ","count":10,"tested":97},{"age_group":"50-59   ","count":10,"tested":84},{"age_group":"60-69   ","count":9,"tested":101},{"age_group":"70-79   ","count":9,"tested":53}],"race":[{"description":"White","count":16,"tested":240,"color":"rgb(31,119,180)"},{"description":"Left Blank","count":37,"tested":385,"color":"rgb(44,160,44)"}],"gender":[{"description":"Female","count":37,"tested":453,"color":"rgb(255,127,14)"},{"description":"Male","count":25,"tested":260,"color":"rgb(31,119,180)"}]}
