{"age":[{"age_group":"<20","count":254,"tested":2073},{"age_group":"20-29   ","count":268,"tested":2491},{"age_group":"30-39   ","count":240,"tested":2512},{"age_group":"40-49   ","count":259,"tested":2265},{"age_group":"50-59   ","count":263,"tested":2247},{"age_group":"60-69   ","count":189,"tested":1844},{"age_group":"70-79   ","count":130,"tested":1313},{"age_group":"80+","count":98,"tested":710}],"race":[{"description":"Left Blank","count":450,"tested":7237,"color":"rgb(44,160,44)"},{"description":"White","count":831,"tested":6999,"color":"rgb(31,119,180)"},{"description":"Hispanic","count":159,"tested":620,"color":"rgb(214,39,40)"},{"description":"Asian","count":60,"tested":140,"color":"rgb(140,86,75)"},{"description":"Black","count":72,"tested":293,"color":"rgb(255,127,14)"},{"description":"Other","count":54,"tested":142,"color":"rgb(148,103,189)"}],"gender":[{"description":"Male","count":717,"tested":6371,"color":"rgb(31,119,180)"},{"description":"Female","count":765,"tested":8978,"color":"rgb(255,127,14)"}]}
