{"age":[{"age_group":"<20","count":355,"tested":3231},{"age_group":"20-29   ","count":332,"tested":3054},{"age_group":"30-39   ","count":306,"tested":2967},{"age_group":"40-49   ","count":289,"tested":2453},{"age_group":"50-59   ","count":371,"tested":3308},{"age_group":"60-69   ","count":237,"tested":2631},{"age_group":"70-79   ","count":144,"tested":1639},{"age_group":"80+","count":152,"tested":1998}],"race":[{"description":"Asian","count":128,"tested":330,"color":"rgb(140,86,75)"},{"description":"White","count":960,"tested":11142,"color":"rgb(31,119,180)"},{"description":"Left Blank","count":465,"tested":8036,"color":"rgb(44,160,44)"},{"description":"Hispanic","count":223,"tested":943,"color":"rgb(214,39,40)"},{"description":"Other","count":118,"tested":404,"color":"rgb(148,103,189)"},{"description":"Black","count":119,"tested":404,"color":"rgb(255,127,14)"}],"gender":[{"description":"Male","count":788,"tested":9040,"color":"rgb(31,119,180)"},{"description":"Unknown/Left Blank","count":91,"tested":269,"color":"rgb(44,160,44)"},{"description":"Female","count":882,"tested":11975,"color":"rgb(255,127,14)"}]}
