{"age":[{"age_group":"<20","count":630,"tested":2567},{"age_group":"20-29   ","count":784,"tested":3543},{"age_group":"30-39   ","count":761,"tested":3428},{"age_group":"40-49   ","count":702,"tested":3179},{"age_group":"50-59   ","count":728,"tested":3502},{"age_group":"60-69   ","count":534,"tested":2244},{"age_group":"70-79   ","count":443,"tested":1310},{"age_group":"80+","count":382,"tested":571}],"race":[{"description":"Asian","count":354,"tested":127,"color":"rgb(140,86,75)"},{"description":"Hispanic","count":531,"tested":800,"color":"rgb(214,39,40)"},{"description":"Black","count":433,"tested":566,"color":"rgb(255,127,14)"},{"description":"Left Blank","count":1240,"tested":9988,"color":"rgb(44,160,44)"},{"description":"Other","count":426,"tested":727,"color":"rgb(148,103,189)"},{"description":"White","count":1283,"tested":8082,"color":"rgb(31,119,180)"},{"description":"AI/AN**","count":353,"tested":45,"color":"rgb(31,119,180)"}],"gender":[{"description":"Female","count":1428,"tested":11345,"color":"rgb(255,127,14)"},{"description":"Male","count":1449,"tested":8820,"color":"rgb(31,119,180)"},{"description":"Unknown/Left Blank","count":367,"tested":183,"color":"rgb(44,160,44)"}]}
