{"age":[{"age_group":"<20","count":720,"tested":58411},{"age_group":"20-29   ","count":897,"tested":46509},{"age_group":"30-39   ","count":870,"tested":19744},{"age_group":"40-49   ","count":594,"tested":14073},{"age_group":"50-59   ","count":518,"tested":14313},{"age_group":"60-69   ","count":362,"tested":10765},{"age_group":"70-79   ","count":173,"tested":4812},{"age_group":"80+","count":133,"tested":3962}],"race":[{"description":"AI/AN**","count":8,"tested":530,"color":"rgb(31,119,180)"},{"description":"Asian","count":82,"tested":21527,"color":"rgb(140,86,75)"},{"description":"Black","count":2612,"tested":43222,"color":"rgb(255,127,14)"},{"description":"Hispanic","count":142,"tested":12454,"color":"rgb(214,39,40)"},{"description":"Left Blank","count":1062,"tested":46497,"color":"rgb(44,160,44)"},{"description":"Other","count":56,"tested":1433,"color":"rgb(148,103,189)"},{"description":"White","count":302,"tested":46810,"color":"rgb(31,119,180)"}],"gender":[{"description":"Female","count":2467,"tested":89891,"color":"rgb(255,127,14)"},{"description":"Male","count":1770,"tested":79166,"color":"rgb(31,119,180)"},{"description":"Unknown/Left Blank","count":30,"tested":3544,"color":"rgb(44,160,44)"}]}
