{"age":[{"age_group":"<20","count":17,"tested":143},{"age_group":"20-29   ","count":10,"tested":90},{"age_group":"30-39   ","count":6,"tested":99},{"age_group":"40-49   ","count":14,"tested":90},{"age_group":"50-59   ","count":9,"tested":232}],"race":[{"description":"Left Blank","count":9,"tested":148,"color":"rgb(44,160,44)"},{"description":"White","count":54,"tested":751,"color":"rgb(31,119,180)"}],"gender":[{"description":"Female","count":38,"tested":572,"color":"rgb(255,127,14)"},{"description":"Male","count":29,"tested":358,"color":"rgb(31,119,180)"}]}
