{"age":[{"age_group":"<20","count":15,"tested":152},{"age_group":"20-29   ","count":24,"tested":246},{"age_group":"30-39   ","count":14,"tested":134},{"age_group":"40-49   ","count":13,"tested":137},{"age_group":"50-59   ","count":22,"tested":277},{"age_group":"60-69   ","count":9,"tested":110},{"age_group":"70-79   ","count":9,"tested":102}],"race":[{"description":"Left Blank","count":21,"tested":307,"color":"rgb(44,160,44)"},{"description":"Other","count":10,"tested":55,"color":"rgb(148,103,189)"},{"description":"White","count":69,"tested":828,"color":"rgb(31,119,180)"}],"gender":[{"description":"Female","count":62,"tested":767,"color":"rgb(255,127,14)"},{"description":"Male","count":43,"tested":443,"color":"rgb(31,119,180)"}]}
