{"age":[{"age_group":"<20","count":219,"tested":3339},{"age_group":"20-29   ","count":142,"tested":2641},{"age_group":"30-39   ","count":119,"tested":1979},{"age_group":"40-49   ","count":160,"tested":2492},{"age_group":"50-59   ","count":183,"tested":2689},{"age_group":"60-69   ","count":115,"tested":2305},{"age_group":"70-79   ","count":67,"tested":1733},{"age_group":"80+","count":133,"tested":3237}],"race":[{"description":"Asian","count":20,"tested":276,"color":"rgb(140,86,75)"},{"description":"Hispanic","count":41,"tested":336,"color":"rgb(214,39,40)"},{"description":"Left Blank","count":286,"tested":10219,"color":"rgb(44,160,44)"},{"description":"Other","count":23,"tested":240,"color":"rgb(148,103,189)"},{"description":"White","count":761,"tested":9227,"color":"rgb(31,119,180)"}],"gender":[{"description":"Female","count":598,"tested":12308,"color":"rgb(255,127,14)"},{"description":"Male","count":527,"tested":7561,"color":"rgb(31,119,180)"},{"description":"Unknown/Left Blank","count":13,"tested":547,"color":"rgb(44,160,44)"}]}
