{"age":[{"age_group":"<20","count":1305,"tested":13567},{"age_group":"20-29   ","count":1185,"tested":13361},{"age_group":"30-39   ","count":984,"tested":11729},{"age_group":"40-49   ","count":1163,"tested":12575},{"age_group":"50-59   ","count":1038,"tested":12241},{"age_group":"60-69   ","count":380,"tested":5297},{"age_group":"70-79   ","count":140,"tested":2687},{"age_group":"80+","count":57,"tested":986}],"race":[{"description":"AI/AN**","count":9,"tested":102,"color":"rgb(31,119,180)"},{"description":"Asian","count":76,"tested":1481,"color":"rgb(140,86,75)"},{"description":"Black","count":475,"tested":5666,"color":"rgb(255,127,14)"},{"description":"Hispanic","count":1184,"tested":8765,"color":"rgb(214,39,40)"},{"description":"Left Blank","count":1827,"tested":25870,"color":"rgb(44,160,44)"},{"description":"Other","count":239,"tested":2818,"color":"rgb(148,103,189)"},{"description":"White","count":2439,"tested":27600,"color":"rgb(31,119,180)"}],"gender":[{"description":"Female","count":3269,"tested":40116,"color":"rgb(255,127,14)"},{"description":"Male","count":2961,"tested":31283,"color":"rgb(31,119,180)"},{"description":"Unknown/Left Blank","count":22,"tested":1047,"color":"rgb(44,160,44)"}]}
