{"age":[{"age_group":"<20","count":67,"tested":611},{"age_group":"20-29   ","count":45,"tested":629},{"age_group":"30-39   ","count":47,"tested":577},{"age_group":"40-49   ","count":59,"tested":596},{"age_group":"50-59   ","count":59,"tested":697},{"age_group":"60-69   ","count":39,"tested":629},{"age_group":"70-79   ","count":21,"tested":327},{"age_group":"80+","count":8,"tested":243}],"race":[{"description":"Left Blank","count":99,"tested":2192,"color":"rgb(44,160,44)"},{"description":"White","count":238,"tested":2027,"color":"rgb(31,119,180)"}],"gender":[{"description":"Female","count":198,"tested":2629,"color":"rgb(255,127,14)"},{"description":"Male","count":146,"tested":1622,"color":"rgb(31,119,180)"}]}
