{"age":[{"age_group":"<20","count":432,"tested":6074},{"age_group":"20-29   ","count":408,"tested":5360},{"age_group":"30-39   ","count":348,"tested":4605},{"age_group":"40-49   ","count":333,"tested":4358},{"age_group":"50-59   ","count":467,"tested":5576},{"age_group":"60-69   ","count":282,"tested":4524},{"age_group":"70-79   ","count":76,"tested":2110},{"age_group":"80+","count":38,"tested":1803}],"race":[{"description":"Asian","count":45,"tested":495,"color":"rgb(140,86,75)"},{"description":"Black","count":14,"tested":221,"color":"rgb(255,127,14)"},{"description":"Hispanic","count":282,"tested":1818,"color":"rgb(214,39,40)"},{"description":"Left Blank","count":674,"tested":13237,"color":"rgb(44,160,44)"},{"description":"Other","count":41,"tested":569,"color":"rgb(148,103,189)"},{"description":"White","count":1319,"tested":18012,"color":"rgb(31,119,180)"}],"gender":[{"description":"Female","count":1227,"tested":19257,"color":"rgb(255,127,14)"},{"description":"Male","count":1144,"tested":14895,"color":"rgb(31,119,180)"}]}
