{"age":[{"age_group":"<20","count":12,"tested":77},{"age_group":"20-29   ","count":6,"tested":186},{"age_group":"30-39   ","count":8,"tested":126},{"age_group":"40-49   ","count":7,"tested":85},{"age_group":"50-59   ","count":6,"tested":86},{"age_group":"60-69   ","count":6,"tested":63}],"race":[{"description":"Hispanic","count":6,"tested":41,"color":"rgb(214,39,40)"},{"description":"Left Blank","count":13,"tested":279,"color":"rgb(44,160,44)"},{"description":"White","count":26,"tested":311,"color":"rgb(31,119,180)"}],"gender":[{"description":"Female","count":23,"tested":448,"color":"rgb(255,127,14)"},{"description":"Male","count":23,"tested":199,"color":"rgb(31,119,180)"}]}
