{"age":[{"age_group":"<20","count":945,"tested":18134},{"age_group":"20-29   ","count":967,"tested":12762},{"age_group":"30-39   ","count":915,"tested":13117},{"age_group":"40-49   ","count":953,"tested":11906},{"age_group":"50-59   ","count":857,"tested":12486},{"age_group":"60-69   ","count":585,"tested":10053},{"age_group":"70-79   ","count":278,"tested":5518},{"age_group":"80+","count":171,"tested":3788}],"race":[{"description":"AI/AN**","count":14,"tested":245,"color":"rgb(31,119,180)"},{"description":"Asian","count":431,"tested":7968,"color":"rgb(140,86,75)"},{"description":"Black","count":126,"tested":1809,"color":"rgb(255,127,14)"},{"description":"Hispanic","count":992,"tested":6830,"color":"rgb(214,39,40)"},{"description":"Left Blank","count":1115,"tested":29425,"color":"rgb(44,160,44)"},{"description":"NH/PI*","count":11,"tested":135,"color":"rgb(127,127,127)"},{"description":"Other","count":344,"tested":3391,"color":"rgb(148,103,189)"},{"description":"White","count":2640,"tested":37976,"color":"rgb(31,119,180)"}],"gender":[{"description":"Female","count":2859,"tested":48103,"color":"rgb(255,127,14)"},{"description":"Male","count":2785,"tested":38902,"color":"rgb(31,119,180)"},{"description":"Unknown/Left Blank","count":29,"tested":774,"color":"rgb(44,160,44)"}]}
