{"age":[{"age_group":"<20","count":58,"tested":464},{"age_group":"20-29   ","count":42,"tested":454},{"age_group":"30-39   ","count":33,"tested":404},{"age_group":"40-49   ","count":31,"tested":345},{"age_group":"50-59   ","count":48,"tested":604},{"age_group":"60-69   ","count":53,"tested":592},{"age_group":"70-79   ","count":27,"tested":360},{"age_group":"80+","count":13,"tested":166}],"race":[{"description":"Black","count":9,"tested":40,"color":"rgb(255,127,14)"},{"description":"Hispanic","count":7,"tested":71,"color":"rgb(214,39,40)"},{"description":"Left Blank","count":21,"tested":442,"color":"rgb(44,160,44)"},{"description":"White","count":264,"tested":2779,"color":"rgb(31,119,180)"}],"gender":[{"description":"Female","count":163,"tested":2171,"color":"rgb(255,127,14)"},{"description":"Male","count":142,"tested":1184,"color":"rgb(31,119,180)"}]}
