{"age":[{"age_group":"<20","count":17,"tested":345},{"age_group":"20-29   ","count":17,"tested":326},{"age_group":"30-39   ","count":23,"tested":266},{"age_group":"40-49   ","count":16,"tested":242},{"age_group":"50-59   ","count":14,"tested":179},{"age_group":"60-69   ","count":12,"tested":157},{"age_group":"70-79   ","count":8,"tested":100}],"race":[{"description":"Black","count":16,"tested":235,"color":"rgb(255,127,14)"},{"description":"Left Blank","count":41,"tested":657,"color":"rgb(44,160,44)"},{"description":"White","count":44,"tested":654,"color":"rgb(31,119,180)"}],"gender":[{"description":"Female","count":74,"tested":986,"color":"rgb(255,127,14)"},{"description":"Male","count":37,"tested":666,"color":"rgb(31,119,180)"}]}
