{"age":[{"age_group":"<20","count":187,"tested":1751},{"age_group":"20-29   ","count":163,"tested":1546},{"age_group":"30-39   ","count":140,"tested":1411},{"age_group":"40-49   ","count":148,"tested":1253},{"age_group":"50-59   ","count":133,"tested":1418},{"age_group":"60-69   ","count":94,"tested":955},{"age_group":"70-79   ","count":34,"tested":563},{"age_group":"80+","count":16,"tested":313}],"race":[{"description":"Black","count":8,"tested":72,"color":"rgb(255,127,14)"},{"description":"Hispanic","count":126,"tested":591,"color":"rgb(214,39,40)"},{"description":"Left Blank","count":246,"tested":3448,"color":"rgb(44,160,44)"},{"description":"Other","count":6,"tested":93,"color":"rgb(148,103,189)"},{"description":"White","count":525,"tested":4961,"color":"rgb(31,119,180)"}],"gender":[{"description":"Female","count":471,"tested":5457,"color":"rgb(255,127,14)"},{"description":"Male","count":444,"tested":3710,"color":"rgb(31,119,180)"}]}
