{"age":[{"age_group":"<20","count":160,"tested":2176},{"age_group":"20-29   ","count":185,"tested":2139},{"age_group":"30-39   ","count":172,"tested":1715},{"age_group":"40-49   ","count":133,"tested":1726},{"age_group":"50-59   ","count":149,"tested":2153},{"age_group":"60-69   ","count":124,"tested":1710},{"age_group":"70-79   ","count":49,"tested":726},{"age_group":"80+","count":17,"tested":351}],"race":[{"description":"Black","count":15,"tested":183,"color":"rgb(255,127,14)"},{"description":"Hispanic","count":160,"tested":1209,"color":"rgb(214,39,40)"},{"description":"Left Blank","count":329,"tested":4686,"color":"rgb(44,160,44)"},{"description":"Other","count":40,"tested":362,"color":"rgb(148,103,189)"},{"description":"White","count":441,"tested":6117,"color":"rgb(31,119,180)"}],"gender":[{"description":"Female","count":511,"tested":7554,"color":"rgb(255,127,14)"},{"description":"Male","count":473,"tested":5028,"color":"rgb(31,119,180)"}]}
