{"age":[{"age_group":"<20","count":1137,"tested":18520},{"age_group":"20-29   ","count":1566,"tested":28377},{"age_group":"30-39   ","count":1662,"tested":32649},{"age_group":"40-49   ","count":1388,"tested":22000},{"age_group":"50-59   ","count":1075,"tested":19505},{"age_group":"60-69   ","count":740,"tested":16049},{"age_group":"70-79   ","count":360,"tested":8783},{"age_group":"80+","count":222,"tested":6184}],"race":[{"description":"AI/AN**","count":23,"tested":223,"color":"rgb(31,119,180)"},{"description":"Asian","count":694,"tested":10481,"color":"rgb(140,86,75)"},{"description":"Black","count":251,"tested":6783,"color":"rgb(255,127,14)"},{"description":"Hispanic","count":2711,"tested":20359,"color":"rgb(214,39,40)"},{"description":"Left Blank","count":2003,"tested":62999,"color":"rgb(44,160,44)"},{"description":"NH/PI*","count":18,"tested":396,"color":"rgb(127,127,127)"},{"description":"Other","count":508,"tested":7259,"color":"rgb(148,103,189)"},{"description":"White","count":1942,"tested":43686,"color":"rgb(31,119,180)"}],"gender":[{"description":"Female","count":3990,"tested":79842,"color":"rgb(255,127,14)"},{"description":"Male","count":4050,"tested":67965,"color":"rgb(31,119,180)"},{"description":"Unknown/Left Blank","count":110,"tested":4379,"color":"rgb(44,160,44)"}]}
