{"age":[{"age_group":"<20","count":30,"tested":250},{"age_group":"20-29   ","count":11,"tested":114},{"age_group":"30-39   ","count":15,"tested":120},{"age_group":"40-49   ","count":8,"tested":86},{"age_group":"50-59   ","count":15,"tested":197},{"age_group":"60-69   ","count":16,"tested":147},{"age_group":"70-79   ","count":8,"tested":65}],"race":[{"description":"Left Blank","count":25,"tested":363,"color":"rgb(44,160,44)"},{"description":"White","count":78,"tested":621,"color":"rgb(31,119,180)"}],"gender":[{"description":"Female","count":51,"tested":564,"color":"rgb(255,127,14)"},{"description":"Male","count":52,"tested":438,"color":"rgb(31,119,180)"}]}
