{"age":[{"age_group":"<20","count":445,"tested":5160},{"age_group":"20-29   ","count":407,"tested":5160},{"age_group":"30-39   ","count":408,"tested":5867},{"age_group":"40-49   ","count":375,"tested":5874},{"age_group":"50-59   ","count":342,"tested":6545},{"age_group":"60-69   ","count":244,"tested":6277},{"age_group":"70-79   ","count":105,"tested":3702},{"age_group":"80+","count":86,"tested":3638}],"race":[{"description":"Asian","count":13,"tested":220,"color":"rgb(140,86,75)"},{"description":"Black","count":386,"tested":5117,"color":"rgb(255,127,14)"},{"description":"Hispanic","count":293,"tested":2380,"color":"rgb(214,39,40)"},{"description":"Left Blank","count":914,"tested":24516,"color":"rgb(44,160,44)"},{"description":"Other","count":176,"tested":1881,"color":"rgb(148,103,189)"},{"description":"White","count":626,"tested":8061,"color":"rgb(31,119,180)"}],"gender":[{"description":"Female","count":1245,"tested":25225,"color":"rgb(255,127,14)"},{"description":"Male","count":1157,"tested":16613,"color":"rgb(31,119,180)"}]}
