{"age":[{"age_group":"<20","count":712,"tested":9628},{"age_group":"20-29   ","count":445,"tested":6470},{"age_group":"30-39   ","count":365,"tested":6178},{"age_group":"40-49   ","count":458,"tested":5649},{"age_group":"50-59   ","count":514,"tested":7688},{"age_group":"60-69   ","count":286,"tested":5123},{"age_group":"70-79   ","count":126,"tested":3155},{"age_group":"80+","count":112,"tested":5073}],"race":[{"description":"Asian","count":53,"tested":746,"color":"rgb(140,86,75)"},{"description":"Black","count":16,"tested":475,"color":"rgb(255,127,14)"},{"description":"Hispanic","count":185,"tested":1666,"color":"rgb(214,39,40)"},{"description":"Left Blank","count":637,"tested":18877,"color":"rgb(44,160,44)"},{"description":"Other","count":73,"tested":1183,"color":"rgb(148,103,189)"},{"description":"White","count":2053,"tested":26068,"color":"rgb(31,119,180)"}],"gender":[{"description":"Female","count":1536,"tested":28139,"color":"rgb(255,127,14)"},{"description":"Male","count":1467,"tested":20559,"color":"rgb(31,119,180)"},{"description":"Unknown/Left Blank","count":18,"tested":344,"color":"rgb(44,160,44)"}]}
