{"age":[{"age_group":"<20","count":32,"tested":330},{"age_group":"20-29   ","count":16,"tested":195},{"age_group":"30-39   ","count":20,"tested":250},{"age_group":"40-49   ","count":18,"tested":222},{"age_group":"50-59   ","count":14,"tested":233},{"age_group":"70-79   ","count":11,"tested":98}],"race":[{"description":"Left Blank","count":13,"tested":298,"color":"rgb(44,160,44)"},{"description":"White","count":95,"tested":1176,"color":"rgb(31,119,180)"}],"gender":[{"description":"Female","count":60,"tested":865,"color":"rgb(255,127,14)"},{"description":"Male","count":55,"tested":672,"color":"rgb(31,119,180)"}]}
