{"age":[{"age_group":"<20","count":603,"tested":8780},{"age_group":"20-29   ","count":722,"tested":12535},{"age_group":"30-39   ","count":769,"tested":13741},{"age_group":"40-49   ","count":632,"tested":11633},{"age_group":"50-59   ","count":512,"tested":11278},{"age_group":"60-69   ","count":374,"tested":8833},{"age_group":"70-79   ","count":167,"tested":3316},{"age_group":"80+","count":86,"tested":1565}],"race":[{"description":"Asian","count":11,"tested":162,"color":"rgb(140,86,75)"},{"description":"Black","count":2403,"tested":29642,"color":"rgb(255,127,14)"},{"description":"Hispanic","count":433,"tested":3156,"color":"rgb(214,39,40)"},{"description":"Left Blank","count":827,"tested":35372,"color":"rgb(44,160,44)"},{"description":"Other","count":79,"tested":1144,"color":"rgb(148,103,189)"},{"description":"White","count":109,"tested":2170,"color":"rgb(31,119,180)"}],"gender":[{"description":"Female","count":2195,"tested":36277,"color":"rgb(255,127,14)"},{"description":"Male","count":1645,"tested":32868,"color":"rgb(31,119,180)"},{"description":"Unknown/Left Blank","count":25,"tested":2559,"color":"rgb(44,160,44)"}]}
