{"age":[{"age_group":"<20","count":529,"tested":84910},{"age_group":"20-29   ","count":284,"tested":10046},{"age_group":"30-39   ","count":243,"tested":7376},{"age_group":"40-49   ","count":290,"tested":8594},{"age_group":"50-59   ","count":323,"tested":10301},{"age_group":"60-69   ","count":223,"tested":9134},{"age_group":"70-79   ","count":152,"tested":6223},{"age_group":"80+","count":179,"tested":10836}],"race":[{"description":"Asian","count":78,"tested":4650,"color":"rgb(140,86,75)"},{"description":"Black","count":30,"tested":1354,"color":"rgb(255,127,14)"},{"description":"Hispanic","count":92,"tested":5919,"color":"rgb(214,39,40)"},{"description":"Left Blank","count":505,"tested":38652,"color":"rgb(44,160,44)"},{"description":"Other","count":157,"tested":5745,"color":"rgb(148,103,189)"},{"description":"White","count":1357,"tested":90888,"color":"rgb(31,119,180)"}],"gender":[{"description":"Female","count":1136,"tested":78911,"color":"rgb(255,127,14)"},{"description":"Male","count":1068,"tested":67767,"color":"rgb(31,119,180)"},{"description":"Unknown/Left Blank","count":20,"tested":750,"color":"rgb(44,160,44)"}]}
