{"age":[{"age_group":"<20","count":10,"tested":149},{"age_group":"20-29   ","count":14,"tested":244},{"age_group":"30-39   ","count":11,"tested":268},{"age_group":"40-49   ","count":12,"tested":116},{"age_group":"50-59   ","count":22,"tested":252},{"age_group":"60-69   ","count":12,"tested":262}],"race":[{"description":"Left Blank","count":13,"tested":337,"color":"rgb(44,160,44)"},{"description":"White","count":66,"tested":1096,"color":"rgb(31,119,180)"}],"gender":[{"description":"Female","count":39,"tested":987,"color":"rgb(255,127,14)"},{"description":"Male","count":47,"tested":483,"color":"rgb(31,119,180)"}]}
