{"lastUpdatedDate":{"year":2021,"month":6,"day":22},"county_demographics":[{"County":"Mason","confirmed_cases":1542,"total_tested":26430,"demographics":{"age":[{"race":[],"age_group":"<20","count":263,"tested":3916,"deaths":0},{"race":[],"age_group":"20-29   ","count":178,"tested":3938,"deaths":0},{"race":[],"age_group":"30-39   ","count":220,"tested":4083,"deaths":0},{"race":[],"age_group":"40-49   ","count":220,"tested":4380,"deaths":0},{"race":[],"age_group":"50-59   ","count":221,"tested":3877,"deaths":0},{"race":[],"age_group":"60-69   ","count":195,"tested":2653,"deaths":0},{"race":[],"age_group":"70-79   ","count":140,"tested":1515,"deaths":0},{"race":[],"age_group":"80+","count":103,"tested":2068,"deaths":0},{"race":[],"age_group":"Unknown","count":0,"tested":0,"deaths":0}],"race":[{"description":"AI/AN**","count":0,"tested":10,"deaths":0,"color":"rgb(31,119,180)"},{"description":"Asian","count":0,"tested":64,"deaths":0,"color":"rgb(140,86,75)"},{"description":"Black","count":0,"tested":47,"deaths":0,"color":"rgb(255,127,14)"},{"description":"Hispanic","count":9,"tested":63,"deaths":0,"color":"rgb(214,39,40)"},{"description":"Left Blank","count":472,"tested":8820,"deaths":0,"color":"rgb(44,160,44)"},{"description":"Other","count":8,"tested":202,"deaths":0,"color":"rgb(148,103,189)"},{"description":"White","count":1046,"tested":17224,"deaths":0,"color":"rgb(31,119,180)"}],"gender":[{"description":"Female","count":841,"tested":16847,"deaths":0,"color":"rgb(255,127,14)"},{"description":"Male","count":648,"tested":8471,"deaths":0,"color":"rgb(31,119,180)"},{"description":"Unknown/Left Blank","count":52,"tested":1112,"deaths":0,"color":"rgb(44,160,44)"}]}}]}
