{"lastUpdatedDate":{"year":2021,"month":6,"day":22},"county_demographics":[{"County":"Pike","confirmed_cases":1819,"total_tested":21746,"demographics":{"age":[{"race":[],"age_group":"<20","count":258,"tested":2650,"deaths":0},{"race":[],"age_group":"20-29   ","count":263,"tested":3633,"deaths":0},{"race":[],"age_group":"30-39   ","count":252,"tested":3422,"deaths":0},{"race":[],"age_group":"40-49   ","count":231,"tested":3015,"deaths":0},{"race":[],"age_group":"50-59   ","count":261,"tested":3202,"deaths":0},{"race":[],"age_group":"60-69   ","count":259,"tested":2387,"deaths":0},{"race":[],"age_group":"70-79   ","count":143,"tested":1422,"deaths":0},{"race":[],"age_group":"80+","count":148,"tested":2014,"deaths":0},{"race":[],"age_group":"Unknown","count":0,"tested":0,"deaths":0}],"race":[{"description":"AI/AN**","count":0,"tested":0,"deaths":0,"color":"rgb(31,119,180)"},{"description":"Asian","count":0,"tested":12,"deaths":0,"color":"rgb(140,86,75)"},{"description":"Black","count":6,"tested":27,"deaths":0,"color":"rgb(255,127,14)"},{"description":"Hispanic","count":12,"tested":68,"deaths":0,"color":"rgb(214,39,40)"},{"description":"Left Blank","count":331,"tested":14758,"deaths":0,"color":"rgb(44,160,44)"},{"description":"NH/PI*","count":0,"tested":10,"deaths":0,"color":"rgb(127,127,127)"},{"description":"Other","count":0,"tested":311,"deaths":0,"color":"rgb(148,103,189)"},{"description":"White","count":1463,"tested":6559,"deaths":0,"color":"rgb(31,119,180)"}],"gender":[{"description":"Female","count":1023,"tested":12671,"deaths":0,"color":"rgb(255,127,14)"},{"description":"Male","count":757,"tested":7152,"deaths":0,"color":"rgb(31,119,180)"},{"description":"Unknown/Left Blank","count":39,"tested":1923,"deaths":0,"color":"rgb(44,160,44)"}]}}]}
