{"lastUpdatedDate":{"year":2021,"month":6,"day":22},"county_demographics":[{"County":"Union","confirmed_cases":2282,"total_tested":40524,"demographics":{"age":[{"race":[],"age_group":"<20","count":329,"tested":3086,"deaths":0},{"race":[],"age_group":"20-29   ","count":355,"tested":5653,"deaths":0},{"race":[],"age_group":"30-39   ","count":334,"tested":6285,"deaths":0},{"race":[],"age_group":"40-49   ","count":314,"tested":6500,"deaths":0},{"race":[],"age_group":"50-59   ","count":346,"tested":7540,"deaths":0},{"race":[],"age_group":"60-69   ","count":295,"tested":4913,"deaths":0},{"race":[],"age_group":"70-79   ","count":189,"tested":2909,"deaths":0},{"race":[],"age_group":"80+","count":120,"tested":3633,"deaths":0},{"race":[],"age_group":"Unknown","count":0,"tested":0,"deaths":0}],"race":[{"description":"AI/AN**","count":0,"tested":20,"deaths":0,"color":"rgb(31,119,180)"},{"description":"Asian","count":0,"tested":87,"deaths":0,"color":"rgb(140,86,75)"},{"description":"Black","count":69,"tested":1284,"deaths":0,"color":"rgb(255,127,14)"},{"description":"Hispanic","count":106,"tested":697,"deaths":0,"color":"rgb(214,39,40)"},{"description":"Left Blank","count":317,"tested":12564,"deaths":0,"color":"rgb(44,160,44)"},{"description":"NH/PI*","count":0,"tested":64,"deaths":0,"color":"rgb(127,127,127)"},{"description":"Other","count":15,"tested":220,"deaths":0,"color":"rgb(148,103,189)"},{"description":"White","count":1772,"tested":25588,"deaths":0,"color":"rgb(31,119,180)"}],"gender":[{"description":"Female","count":1135,"tested":20530,"deaths":0,"color":"rgb(255,127,14)"},{"description":"Male","count":1073,"tested":16951,"deaths":0,"color":"rgb(31,119,180)"},{"description":"Unknown/Left Blank","count":74,"tested":3043,"deaths":0,"color":"rgb(44,160,44)"}]}}]}
