{"lastUpdatedDate":{"year":2021,"month":6,"day":22},"county_demographics":[{"County":"Menard","confirmed_cases":1250,"total_tested":21601,"demographics":{"age":[{"race":[],"age_group":"<20","count":197,"tested":3388,"deaths":0},{"race":[],"age_group":"20-29   ","count":181,"tested":2928,"deaths":0},{"race":[],"age_group":"30-39   ","count":163,"tested":3351,"deaths":0},{"race":[],"age_group":"40-49   ","count":181,"tested":3016,"deaths":0},{"race":[],"age_group":"50-59   ","count":216,"tested":3038,"deaths":0},{"race":[],"age_group":"60-69   ","count":129,"tested":2403,"deaths":0},{"race":[],"age_group":"70-79   ","count":91,"tested":1773,"deaths":0},{"race":[],"age_group":"80+","count":92,"tested":1703,"deaths":0},{"race":[],"age_group":"Unknown","count":0,"tested":0,"deaths":0}],"race":[{"description":"AI/AN**","count":0,"tested":23,"deaths":0,"color":"rgb(31,119,180)"},{"description":"Asian","count":0,"tested":18,"deaths":0,"color":"rgb(140,86,75)"},{"description":"Black","count":0,"tested":111,"deaths":0,"color":"rgb(255,127,14)"},{"description":"Hispanic","count":6,"tested":131,"deaths":0,"color":"rgb(214,39,40)"},{"description":"Left Blank","count":554,"tested":7899,"deaths":0,"color":"rgb(44,160,44)"},{"description":"NH/PI*","count":0,"tested":0,"deaths":0,"color":"rgb(127,127,127)"},{"description":"Other","count":0,"tested":192,"deaths":0,"color":"rgb(148,103,189)"},{"description":"White","count":676,"tested":13223,"deaths":0,"color":"rgb(31,119,180)"}],"gender":[{"description":"Female","count":583,"tested":12433,"deaths":0,"color":"rgb(255,127,14)"},{"description":"Male","count":510,"tested":8279,"deaths":0,"color":"rgb(31,119,180)"},{"description":"Unknown/Left Blank","count":157,"tested":889,"deaths":0,"color":"rgb(44,160,44)"}]}}]}
