{"lastUpdatedDate":{"year":2021,"month":6,"day":22},"county_demographics":[{"County":"Whiteside","confirmed_cases":7199,"total_tested":82827,"demographics":{"age":[{"race":[],"age_group":"<20","count":1095,"tested":12858,"deaths":0},{"race":[],"age_group":"20-29   ","count":1091,"tested":12690,"deaths":0},{"race":[],"age_group":"30-39   ","count":1056,"tested":12973,"deaths":0},{"race":[],"age_group":"40-49   ","count":1010,"tested":11456,"deaths":0},{"race":[],"age_group":"50-59   ","count":1145,"tested":12381,"deaths":0},{"race":[],"age_group":"60-69   ","count":892,"tested":9708,"deaths":0},{"race":[],"age_group":"70-79   ","count":479,"tested":5091,"deaths":0},{"race":[],"age_group":"80+","count":429,"tested":5512,"deaths":0},{"race":[],"age_group":"Unknown","count":0,"tested":158,"deaths":0}],"race":[{"description":"AI/AN**","count":0,"tested":43,"deaths":0,"color":"rgb(31,119,180)"},{"description":"Asian","count":14,"tested":262,"deaths":0,"color":"rgb(140,86,75)"},{"description":"Black","count":160,"tested":1921,"deaths":0,"color":"rgb(255,127,14)"},{"description":"Hispanic","count":444,"tested":3148,"deaths":0,"color":"rgb(214,39,40)"},{"description":"Left Blank","count":1811,"tested":38723,"deaths":0,"color":"rgb(44,160,44)"},{"description":"NH/PI*","count":0,"tested":14,"deaths":0,"color":"rgb(127,127,127)"},{"description":"Other","count":348,"tested":2100,"deaths":0,"color":"rgb(148,103,189)"},{"description":"White","count":4408,"tested":36616,"deaths":0,"color":"rgb(31,119,180)"}],"gender":[{"description":"Female","count":3807,"tested":49127,"deaths":0,"color":"rgb(255,127,14)"},{"description":"Male","count":3218,"tested":29037,"deaths":0,"color":"rgb(31,119,180)"},{"description":"Unknown/Left Blank","count":173,"tested":4663,"deaths":0,"color":"rgb(44,160,44)"}]}}]}
