{"lastUpdatedDate":{"year":2021,"month":6,"day":22},"county_demographics":[{"County":"Richland","confirmed_cases":1769,"total_tested":28482,"demographics":{"age":[{"race":[],"age_group":"<20","count":256,"tested":3901,"deaths":0},{"race":[],"age_group":"20-29   ","count":236,"tested":4181,"deaths":0},{"race":[],"age_group":"30-39   ","count":239,"tested":4442,"deaths":0},{"race":[],"age_group":"40-49   ","count":239,"tested":4073,"deaths":0},{"race":[],"age_group":"50-59   ","count":257,"tested":4008,"deaths":0},{"race":[],"age_group":"60-69   ","count":224,"tested":3233,"deaths":0},{"race":[],"age_group":"70-79   ","count":157,"tested":2117,"deaths":0},{"race":[],"age_group":"80+","count":161,"tested":2520,"deaths":0},{"race":[],"age_group":"Unknown","count":0,"tested":7,"deaths":0}],"race":[{"description":"AI/AN**","count":0,"tested":0,"deaths":0,"color":"rgb(31,119,180)"},{"description":"Asian","count":6,"tested":78,"deaths":0,"color":"rgb(140,86,75)"},{"description":"Black","count":14,"tested":166,"deaths":0,"color":"rgb(255,127,14)"},{"description":"Hispanic","count":10,"tested":152,"deaths":0,"color":"rgb(214,39,40)"},{"description":"Left Blank","count":173,"tested":9046,"deaths":0,"color":"rgb(44,160,44)"},{"description":"NH/PI*","count":0,"tested":32,"deaths":0,"color":"rgb(127,127,127)"},{"description":"Other","count":7,"tested":185,"deaths":0,"color":"rgb(148,103,189)"},{"description":"White","count":1556,"tested":18818,"deaths":0,"color":"rgb(31,119,180)"}],"gender":[{"description":"Female","count":990,"tested":16182,"deaths":0,"color":"rgb(255,127,14)"},{"description":"Male","count":766,"tested":9844,"deaths":0,"color":"rgb(31,119,180)"},{"description":"Unknown/Left Blank","count":9,"tested":2456,"deaths":0,"color":"rgb(44,160,44)"}]}}]}
