{"lastUpdatedDate":{"year":2021,"month":6,"day":22},"county_demographics":[{"County":"Warren","confirmed_cases":1843,"total_tested":21873,"demographics":{"age":[{"race":[],"age_group":"<20","count":224,"tested":3184,"deaths":0},{"race":[],"age_group":"20-29   ","count":267,"tested":4872,"deaths":0},{"race":[],"age_group":"30-39   ","count":285,"tested":3160,"deaths":0},{"race":[],"age_group":"40-49   ","count":312,"tested":2961,"deaths":0},{"race":[],"age_group":"50-59   ","count":283,"tested":2924,"deaths":0},{"race":[],"age_group":"60-69   ","count":225,"tested":2475,"deaths":0},{"race":[],"age_group":"70-79   ","count":141,"tested":1418,"deaths":0},{"race":[],"age_group":"80+","count":106,"tested":877,"deaths":0},{"race":[],"age_group":"Unknown","count":0,"tested":0,"deaths":0}],"race":[{"description":"AI/AN**","count":0,"tested":19,"deaths":0,"color":"rgb(31,119,180)"},{"description":"Asian","count":19,"tested":79,"deaths":0,"color":"rgb(140,86,75)"},{"description":"Black","count":43,"tested":357,"deaths":0,"color":"rgb(255,127,14)"},{"description":"Hispanic","count":145,"tested":855,"deaths":0,"color":"rgb(214,39,40)"},{"description":"Left Blank","count":514,"tested":9332,"deaths":0,"color":"rgb(44,160,44)"},{"description":"NH/PI*","count":0,"tested":13,"deaths":0,"color":"rgb(127,127,127)"},{"description":"Other","count":19,"tested":311,"deaths":0,"color":"rgb(148,103,189)"},{"description":"White","count":1098,"tested":10907,"deaths":0,"color":"rgb(31,119,180)"}],"gender":[{"description":"Female","count":957,"tested":11675,"deaths":0,"color":"rgb(255,127,14)"},{"description":"Male","count":835,"tested":8941,"deaths":0,"color":"rgb(31,119,180)"},{"description":"Unknown/Left Blank","count":51,"tested":1257,"deaths":0,"color":"rgb(44,160,44)"}]}}]}
