{"lastUpdatedDate":{"year":2021,"month":6,"day":22},"county_demographics":[{"County":"Clay","confirmed_cases":1499,"total_tested":17445,"demographics":{"age":[{"race":[],"age_group":"<20","count":212,"tested":3279,"deaths":0},{"race":[],"age_group":"20-29   ","count":191,"tested":2508,"deaths":0},{"race":[],"age_group":"30-39   ","count":208,"tested":2292,"deaths":0},{"race":[],"age_group":"40-49   ","count":220,"tested":1987,"deaths":0},{"race":[],"age_group":"50-59   ","count":234,"tested":2447,"deaths":0},{"race":[],"age_group":"60-69   ","count":192,"tested":2158,"deaths":0},{"race":[],"age_group":"70-79   ","count":152,"tested":1545,"deaths":0},{"race":[],"age_group":"80+","count":90,"tested":1224,"deaths":0},{"race":[],"age_group":"Unknown","count":0,"tested":0,"deaths":0}],"race":[{"description":"AI/AN**","count":0,"tested":26,"deaths":0,"color":"rgb(31,119,180)"},{"description":"Asian","count":0,"tested":39,"deaths":0,"color":"rgb(140,86,75)"},{"description":"Black","count":8,"tested":58,"deaths":0,"color":"rgb(255,127,14)"},{"description":"Hispanic","count":6,"tested":102,"deaths":0,"color":"rgb(214,39,40)"},{"description":"Left Blank","count":48,"tested":3640,"deaths":0,"color":"rgb(44,160,44)"},{"description":"NH/PI*","count":0,"tested":0,"deaths":0,"color":"rgb(127,127,127)"},{"description":"Other","count":8,"tested":272,"deaths":0,"color":"rgb(148,103,189)"},{"description":"White","count":1410,"tested":13306,"deaths":0,"color":"rgb(31,119,180)"}],"gender":[{"description":"Female","count":801,"tested":9931,"deaths":0,"color":"rgb(255,127,14)"},{"description":"Male","count":694,"tested":6785,"deaths":0,"color":"rgb(31,119,180)"},{"description":"Unknown/Left Blank","count":0,"tested":729,"deaths":0,"color":"rgb(44,160,44)"}]}}]}
