{"lastUpdatedDate":{"year":2020,"month":12,"day":10},"county_demographics":[{"County":"Kane","confirmed_cases":35872,"total_tested":351305,"demographics":{"age":[{"race":[],"age_group":"<20","count":5844,"tested":44219,"deaths":0},{"race":[],"age_group":"20-29   ","count":6823,"tested":60573,"deaths":0},{"race":[],"age_group":"30-39   ","count":5670,"tested":51330,"deaths":0},{"race":[],"age_group":"40-49   ","count":6047,"tested":49168,"deaths":0},{"race":[],"age_group":"50-59   ","count":5580,"tested":53576,"deaths":0},{"race":[],"age_group":"60-69   ","count":3232,"tested":41373,"deaths":0},{"race":[],"age_group":"70-79   ","count":1518,"tested":27104,"deaths":0},{"race":[],"age_group":"80+","count":1130,"tested":23864,"deaths":0},{"race":[],"age_group":"Unknown","count":28,"tested":98,"deaths":0}],"race":[{"description":"AI/AN**","count":23,"tested":166,"deaths":0,"color":"rgb(31,119,180)"},{"description":"Asian","count":695,"tested":6832,"deaths":0,"color":"rgb(140,86,75)"},{"description":"Black","count":1173,"tested":11768,"deaths":0,"color":"rgb(255,127,14)"},{"description":"Hispanic","count":11382,"tested":45341,"deaths":0,"color":"rgb(214,39,40)"},{"description":"Left Blank","count":12092,"tested":174776,"deaths":0,"color":"rgb(44,160,44)"},{"description":"NH/PI*","count":21,"tested":210,"deaths":0,"color":"rgb(127,127,127)"},{"description":"Other","count":834,"tested":8439,"deaths":0,"color":"rgb(148,103,189)"},{"description":"White","count":9652,"tested":103773,"deaths":0,"color":"rgb(31,119,180)"}],"gender":[{"description":"Female","count":18349,"tested":194024,"deaths":0,"color":"rgb(255,127,14)"},{"description":"Male","count":17169,"tested":147861,"deaths":0,"color":"rgb(31,119,180)"},{"description":"Unknown/Left Blank","count":354,"tested":9420,"deaths":0,"color":"rgb(44,160,44)"}]}}]}
