{"lastUpdatedDate":{"year":2020,"month":12,"day":10},"county_demographics":[{"County":"Kendall","confirmed_cases":7191,"total_tested":71146,"demographics":{"age":[{"race":[],"age_group":"<20","count":1193,"tested":11694,"deaths":0},{"race":[],"age_group":"20-29   ","count":1299,"tested":11686,"deaths":0},{"race":[],"age_group":"30-39   ","count":1311,"tested":12346,"deaths":0},{"race":[],"age_group":"40-49   ","count":1368,"tested":12134,"deaths":0},{"race":[],"age_group":"50-59   ","count":1032,"tested":9913,"deaths":0},{"race":[],"age_group":"60-69   ","count":532,"tested":6494,"deaths":0},{"race":[],"age_group":"70-79   ","count":277,"tested":3912,"deaths":0},{"race":[],"age_group":"80+","count":162,"tested":2947,"deaths":0},{"race":[],"age_group":"Unknown","count":0,"tested":20,"deaths":0}],"race":[{"description":"AI/AN**","count":8,"tested":50,"deaths":0,"color":"rgb(31,119,180)"},{"description":"Asian","count":106,"tested":1136,"deaths":0,"color":"rgb(140,86,75)"},{"description":"Black","count":434,"tested":3597,"deaths":0,"color":"rgb(255,127,14)"},{"description":"Hispanic","count":1655,"tested":7959,"deaths":0,"color":"rgb(214,39,40)"},{"description":"Left Blank","count":2152,"tested":29481,"deaths":0,"color":"rgb(44,160,44)"},{"description":"NH/PI*","count":0,"tested":30,"deaths":0,"color":"rgb(127,127,127)"},{"description":"Other","count":179,"tested":2209,"deaths":0,"color":"rgb(148,103,189)"},{"description":"White","count":2653,"tested":26684,"deaths":0,"color":"rgb(31,119,180)"}],"gender":[{"description":"Female","count":3805,"tested":40740,"deaths":0,"color":"rgb(255,127,14)"},{"description":"Male","count":3362,"tested":29314,"deaths":0,"color":"rgb(31,119,180)"},{"description":"Unknown/Left Blank","count":20,"tested":1092,"deaths":0,"color":"rgb(44,160,44)"}]}}]}
