{"lastUpdatedDate":{"year":2020,"month":12,"day":10},"county_demographics":[{"County":"St. Clair","confirmed_cases":15741,"total_tested":166205,"demographics":{"age":[{"race":[],"age_group":"<20","count":2371,"tested":19993,"deaths":0},{"race":[],"age_group":"20-29   ","count":2602,"tested":23806,"deaths":0},{"race":[],"age_group":"30-39   ","count":2462,"tested":25054,"deaths":0},{"race":[],"age_group":"40-49   ","count":2444,"tested":23742,"deaths":0},{"race":[],"age_group":"50-59   ","count":2372,"tested":25440,"deaths":0},{"race":[],"age_group":"60-69   ","count":1829,"tested":22514,"deaths":0},{"race":[],"age_group":"70-79   ","count":947,"tested":13199,"deaths":0},{"race":[],"age_group":"80+","count":700,"tested":11952,"deaths":0},{"race":[],"age_group":"Unknown","count":14,"tested":505,"deaths":0}],"race":[{"description":"AI/AN**","count":11,"tested":84,"deaths":0,"color":"rgb(31,119,180)"},{"description":"Asian","count":54,"tested":475,"deaths":0,"color":"rgb(140,86,75)"},{"description":"Black","count":3663,"tested":21793,"deaths":0,"color":"rgb(255,127,14)"},{"description":"Hispanic","count":494,"tested":2044,"deaths":0,"color":"rgb(214,39,40)"},{"description":"Left Blank","count":7248,"tested":95762,"deaths":0,"color":"rgb(44,160,44)"},{"description":"NH/PI*","count":17,"tested":111,"deaths":0,"color":"rgb(127,127,127)"},{"description":"Other","count":361,"tested":4674,"deaths":0,"color":"rgb(148,103,189)"},{"description":"White","count":3890,"tested":41262,"deaths":0,"color":"rgb(31,119,180)"}],"gender":[{"description":"Female","count":8522,"tested":98893,"deaths":0,"color":"rgb(255,127,14)"},{"description":"Male","count":6653,"tested":64784,"deaths":0,"color":"rgb(31,119,180)"},{"description":"Unknown/Left Blank","count":566,"tested":2528,"deaths":0,"color":"rgb(44,160,44)"}]}}]}
