{"lastUpdatedDate":{"year":2020,"month":12,"day":10},"county_demographics":[{"County":"Williamson","confirmed_cases":4230,"total_tested":51169,"demographics":{"age":[{"race":[],"age_group":"<20","count":609,"tested":5613,"deaths":0},{"race":[],"age_group":"20-29   ","count":651,"tested":7070,"deaths":0},{"race":[],"age_group":"30-39   ","count":641,"tested":7975,"deaths":0},{"race":[],"age_group":"40-49   ","count":645,"tested":7061,"deaths":0},{"race":[],"age_group":"50-59   ","count":620,"tested":7574,"deaths":0},{"race":[],"age_group":"60-69   ","count":474,"tested":6326,"deaths":0},{"race":[],"age_group":"70-79   ","count":345,"tested":5210,"deaths":0},{"race":[],"age_group":"80+","count":241,"tested":4322,"deaths":0},{"race":[],"age_group":"Unknown","count":0,"tested":18,"deaths":0}],"race":[{"description":"AI/AN**","count":0,"tested":16,"deaths":0,"color":"rgb(31,119,180)"},{"description":"Asian","count":13,"tested":147,"deaths":0,"color":"rgb(140,86,75)"},{"description":"Black","count":124,"tested":1499,"deaths":0,"color":"rgb(255,127,14)"},{"description":"Hispanic","count":42,"tested":423,"deaths":0,"color":"rgb(214,39,40)"},{"description":"Left Blank","count":862,"tested":18468,"deaths":0,"color":"rgb(44,160,44)"},{"description":"NH/PI*","count":0,"tested":24,"deaths":0,"color":"rgb(127,127,127)"},{"description":"Other","count":30,"tested":691,"deaths":0,"color":"rgb(148,103,189)"},{"description":"White","count":3148,"tested":29901,"deaths":0,"color":"rgb(31,119,180)"}],"gender":[{"description":"Female","count":2167,"tested":26815,"deaths":0,"color":"rgb(255,127,14)"},{"description":"Male","count":1810,"tested":19076,"deaths":0,"color":"rgb(31,119,180)"},{"description":"Unknown/Left Blank","count":253,"tested":5278,"deaths":0,"color":"rgb(44,160,44)"}]}}]}
