{"lastUpdatedDate":{"year":2020,"month":12,"day":10},"county_demographics":[{"County":"Monroe","confirmed_cases":2444,"total_tested":20281,"demographics":{"age":[{"race":[],"age_group":"<20","count":362,"tested":2839,"deaths":0},{"race":[],"age_group":"20-29   ","count":322,"tested":2555,"deaths":0},{"race":[],"age_group":"30-39   ","count":322,"tested":2774,"deaths":0},{"race":[],"age_group":"40-49   ","count":377,"tested":2437,"deaths":0},{"race":[],"age_group":"50-59   ","count":417,"tested":2966,"deaths":0},{"race":[],"age_group":"60-69   ","count":317,"tested":2515,"deaths":0},{"race":[],"age_group":"70-79   ","count":141,"tested":1361,"deaths":0},{"race":[],"age_group":"80+","count":174,"tested":2813,"deaths":0},{"race":[],"age_group":"Unknown","count":0,"tested":21,"deaths":0}],"race":[{"description":"AI/AN**","count":0,"tested":0,"deaths":0,"color":"rgb(31,119,180)"},{"description":"Asian","count":0,"tested":33,"deaths":0,"color":"rgb(140,86,75)"},{"description":"Black","count":6,"tested":298,"deaths":0,"color":"rgb(255,127,14)"},{"description":"Hispanic","count":18,"tested":150,"deaths":0,"color":"rgb(214,39,40)"},{"description":"Left Blank","count":1343,"tested":9396,"deaths":0,"color":"rgb(44,160,44)"},{"description":"NH/PI*","count":0,"tested":0,"deaths":0,"color":"rgb(127,127,127)"},{"description":"Other","count":14,"tested":173,"deaths":0,"color":"rgb(148,103,189)"},{"description":"White","count":1056,"tested":10229,"deaths":0,"color":"rgb(31,119,180)"}],"gender":[{"description":"Female","count":1312,"tested":13185,"deaths":0,"color":"rgb(255,127,14)"},{"description":"Male","count":1104,"tested":7001,"deaths":0,"color":"rgb(31,119,180)"},{"description":"Unknown/Left Blank","count":28,"tested":95,"deaths":0,"color":"rgb(44,160,44)"}]}}]}
