{"lastUpdatedDate":{"year":2020,"month":11,"day":28},"county_demographics":[{"County":"Hamilton","confirmed_cases":385,"total_tested":3323,"demographics":{"age":[{"race":[],"age_group":"<20","count":46,"tested":480,"deaths":0},{"race":[],"age_group":"20-29   ","count":45,"tested":395,"deaths":0},{"race":[],"age_group":"30-39   ","count":55,"tested":454,"deaths":0},{"race":[],"age_group":"40-49   ","count":55,"tested":489,"deaths":0},{"race":[],"age_group":"50-59   ","count":61,"tested":536,"deaths":0},{"race":[],"age_group":"60-69   ","count":47,"tested":461,"deaths":0},{"race":[],"age_group":"70-79   ","count":35,"tested":274,"deaths":0},{"race":[],"age_group":"80+","count":19,"tested":232,"deaths":0},{"race":[],"age_group":"Unknown","count":0,"tested":0,"deaths":0}],"race":[{"description":"AI/AN**","count":0,"tested":0,"deaths":0,"color":"rgb(31,119,180)"},{"description":"Asian","count":0,"tested":0,"deaths":0,"color":"rgb(140,86,75)"},{"description":"Black","count":0,"tested":14,"deaths":0,"color":"rgb(255,127,14)"},{"description":"Hispanic","count":0,"tested":35,"deaths":0,"color":"rgb(214,39,40)"},{"description":"Left Blank","count":140,"tested":885,"deaths":0,"color":"rgb(44,160,44)"},{"description":"NH/PI*","count":0,"tested":0,"deaths":0,"color":"rgb(127,127,127)"},{"description":"Other","count":0,"tested":25,"deaths":0,"color":"rgb(148,103,189)"},{"description":"White","count":239,"tested":2358,"deaths":0,"color":"rgb(31,119,180)"}],"gender":[{"description":"Female","count":219,"tested":2062,"deaths":0,"color":"rgb(255,127,14)"},{"description":"Male","count":164,"tested":1188,"deaths":0,"color":"rgb(31,119,180)"},{"description":"Unknown/Left Blank","count":0,"tested":73,"deaths":0,"color":"rgb(44,160,44)"}]}}]}
