{"lastUpdatedDate":{"year":2020,"month":11,"day":28},"county_demographics":[{"County":"Randolph","confirmed_cases":2242,"total_tested":22728,"demographics":{"age":[{"race":[],"age_group":"<20","count":302,"tested":2741,"deaths":0},{"race":[],"age_group":"20-29   ","count":390,"tested":3489,"deaths":0},{"race":[],"age_group":"30-39   ","count":374,"tested":3239,"deaths":0},{"race":[],"age_group":"40-49   ","count":366,"tested":3080,"deaths":0},{"race":[],"age_group":"50-59   ","count":328,"tested":3120,"deaths":0},{"race":[],"age_group":"60-69   ","count":231,"tested":2516,"deaths":0},{"race":[],"age_group":"70-79   ","count":120,"tested":1664,"deaths":0},{"race":[],"age_group":"80+","count":120,"tested":2852,"deaths":0},{"race":[],"age_group":"Unknown","count":0,"tested":27,"deaths":0}],"race":[{"description":"AI/AN**","count":0,"tested":0,"deaths":0,"color":"rgb(31,119,180)"},{"description":"Asian","count":0,"tested":10,"deaths":0,"color":"rgb(140,86,75)"},{"description":"Black","count":130,"tested":626,"deaths":0,"color":"rgb(255,127,14)"},{"description":"Hispanic","count":119,"tested":220,"deaths":0,"color":"rgb(214,39,40)"},{"description":"Left Blank","count":839,"tested":10059,"deaths":0,"color":"rgb(44,160,44)"},{"description":"NH/PI*","count":0,"tested":0,"deaths":0,"color":"rgb(127,127,127)"},{"description":"Other","count":7,"tested":171,"deaths":0,"color":"rgb(148,103,189)"},{"description":"White","count":1142,"tested":11639,"deaths":0,"color":"rgb(31,119,180)"}],"gender":[{"description":"Female","count":1105,"tested":13827,"deaths":0,"color":"rgb(255,127,14)"},{"description":"Male","count":1076,"tested":7898,"deaths":0,"color":"rgb(31,119,180)"},{"description":"Unknown/Left Blank","count":57,"tested":1003,"deaths":0,"color":"rgb(44,160,44)"}]}}]}
