{"lastUpdatedDate":{"year":2020,"month":11,"day":28},"county_demographics":[{"County":"Bureau","confirmed_cases":2094,"total_tested":19371,"demographics":{"age":[{"race":[],"age_group":"<20","count":250,"tested":2132,"deaths":0},{"race":[],"age_group":"20-29   ","count":284,"tested":2687,"deaths":0},{"race":[],"age_group":"30-39   ","count":302,"tested":2750,"deaths":0},{"race":[],"age_group":"40-49   ","count":337,"tested":2508,"deaths":0},{"race":[],"age_group":"50-59   ","count":354,"tested":3136,"deaths":0},{"race":[],"age_group":"60-69   ","count":250,"tested":2777,"deaths":0},{"race":[],"age_group":"70-79   ","count":173,"tested":1678,"deaths":0},{"race":[],"age_group":"80+","count":144,"tested":1702,"deaths":0},{"race":[],"age_group":"Unknown","count":0,"tested":0,"deaths":0}],"race":[{"description":"AI/AN**","count":0,"tested":0,"deaths":0,"color":"rgb(31,119,180)"},{"description":"Asian","count":0,"tested":73,"deaths":0,"color":"rgb(140,86,75)"},{"description":"Black","count":6,"tested":96,"deaths":0,"color":"rgb(255,127,14)"},{"description":"Hispanic","count":182,"tested":552,"deaths":0,"color":"rgb(214,39,40)"},{"description":"Left Blank","count":1007,"tested":11712,"deaths":0,"color":"rgb(44,160,44)"},{"description":"NH/PI*","count":0,"tested":47,"deaths":0,"color":"rgb(127,127,127)"},{"description":"Other","count":34,"tested":187,"deaths":0,"color":"rgb(148,103,189)"},{"description":"White","count":853,"tested":6702,"deaths":0,"color":"rgb(31,119,180)"}],"gender":[{"description":"Female","count":1119,"tested":12106,"deaths":0,"color":"rgb(255,127,14)"},{"description":"Male","count":931,"tested":6624,"deaths":0,"color":"rgb(31,119,180)"},{"description":"Unknown/Left Blank","count":44,"tested":641,"deaths":0,"color":"rgb(44,160,44)"}]}}]}
