{"age":[{"age_group":"<20","count":31,"tested":241},{"age_group":"20-29   ","count":28,"tested":460},{"age_group":"30-39   ","count":28,"tested":396},{"age_group":"40-49   ","count":39,"tested":449},{"age_group":"50-59   ","count":49,"tested":677},{"age_group":"60-69   ","count":47,"tested":678},{"age_group":"70-79   ","count":31,"tested":522},{"age_group":"80+","count":21,"tested":293}],"race":[{"description":"Left Blank","count":85,"tested":1609,"color":"rgb(44,160,44)"},{"description":"Other","count":12,"tested":87,"color":"rgb(148,103,189)"},{"description":"White","count":25,"tested":331,"color":"rgb(31,119,180)"},{"description":"Black","count":141,"tested":1641,"color":"rgb(255,127,14)"}],"gender":[{"description":"Female","count":146,"tested":2183,"color":"rgb(255,127,14)"},{"description":"Male","count":113,"tested":1496,"color":"rgb(31,119,180)"}]}
