{"age":[{"age_group":"<20","count":50,"tested":779},{"age_group":"20-29   ","count":39,"tested":523},{"age_group":"30-39   ","count":28,"tested":514},{"age_group":"40-49   ","count":41,"tested":736},{"age_group":"50-59   ","count":40,"tested":526},{"age_group":"60-69   ","count":21,"tested":551},{"age_group":"70-79   ","count":12,"tested":310},{"age_group":"80+","count":14,"tested":114}],"race":[{"description":"Hispanic","count":20,"tested":130,"color":"rgb(214,39,40)"},{"description":"Left Blank","count":67,"tested":1647,"color":"rgb(44,160,44)"},{"description":"Black","count":25,"tested":216,"color":"rgb(255,127,14)"},{"description":"Asian","count":15,"tested":117,"color":"rgb(140,86,75)"},{"description":"White","count":86,"tested":1678,"color":"rgb(31,119,180)"},{"description":"Other","count":20,"tested":267,"color":"rgb(148,103,189)"}],"gender":[{"description":"Female","count":106,"tested":2241,"color":"rgb(255,127,14)"},{"description":"Male","count":102,"tested":1759,"color":"rgb(31,119,180)"}]}
