{"age":[{"age_group":"<20","count":7,"tested":113},{"age_group":"20-29   ","count":18,"tested":233},{"age_group":"30-39   ","count":15,"tested":144},{"age_group":"40-49   ","count":18,"tested":184},{"age_group":"50-59   ","count":11,"tested":164},{"age_group":"60-69   ","count":8,"tested":143}],"race":[{"description":"White","count":55,"tested":574,"color":"rgb(31,119,180)"},{"description":"Hispanic","count":7,"tested":36,"color":"rgb(214,39,40)"},{"description":"Left Blank","count":20,"tested":458,"color":"rgb(44,160,44)"}],"gender":[{"description":"Female","count":36,"tested":640,"color":"rgb(255,127,14)"},{"description":"Male","count":48,"tested":442,"color":"rgb(31,119,180)"}]}
