{"age":[{"age_group":"<20","count":17,"tested":124},{"age_group":"20-29   ","count":24,"tested":384},{"age_group":"30-39   ","count":15,"tested":250},{"age_group":"40-49   ","count":15,"tested":183},{"age_group":"50-59   ","count":11,"tested":208},{"age_group":"60-69   ","count":10,"tested":163}],"race":[{"description":"White","count":18,"tested":342,"color":"rgb(31,119,180)"},{"description":"Left Blank","count":34,"tested":594,"color":"rgb(44,160,44)"},{"description":"Other","count":7,"tested":60,"color":"rgb(148,103,189)"},{"description":"Black","count":17,"tested":219,"color":"rgb(255,127,14)"},{"description":"Hispanic","count":15,"tested":133,"color":"rgb(214,39,40)"}],"gender":[{"description":"Male","count":45,"tested":770,"color":"rgb(31,119,180)"},{"description":"Female","count":45,"tested":616,"color":"rgb(255,127,14)"}]}
