{"age":[{"age_group":"<20","count":916,"tested":3767},{"age_group":"20-29   ","count":998,"tested":4880},{"age_group":"30-39   ","count":874,"tested":3892},{"age_group":"40-49   ","count":968,"tested":4114},{"age_group":"50-59   ","count":785,"tested":3343},{"age_group":"60-69   ","count":540,"tested":2165},{"age_group":"70-79   ","count":379,"tested":902},{"age_group":"80+","count":317,"tested":369}],"race":[{"description":"Hispanic","count":1816,"tested":5026,"color":"rgb(214,39,40)"},{"description":"Left Blank","count":1438,"tested":11504,"color":"rgb(44,160,44)"},{"description":"Asian","count":335,"tested":529,"color":"rgb(140,86,75)"},{"description":"White","count":883,"tested":5132,"color":"rgb(31,119,180)"},{"description":"Black","count":369,"tested":669,"color":"rgb(255,127,14)"},{"description":"Other","count":356,"tested":544,"color":"rgb(148,103,189)"}],"gender":[{"description":"Female","count":2062,"tested":13242,"color":"rgb(255,127,14)"},{"description":"Male","count":1972,"tested":9878,"color":"rgb(31,119,180)"},{"description":"Unknown/Left Blank","count":303,"tested":318,"color":"rgb(44,160,44)"}]}
