{"age":[{"age_group":"<20","count":27,"tested":110},{"age_group":"20-29   ","count":28,"tested":162},{"age_group":"30-39   ","count":30,"tested":160},{"age_group":"40-49   ","count":25,"tested":121},{"age_group":"50-59   ","count":26,"tested":133},{"age_group":"60-69   ","count":33,"tested":141},{"age_group":"70-79   ","count":30,"tested":101},{"age_group":"80+","count":35,"tested":118}],"race":[{"description":"Left Blank","count":50,"tested":533,"color":"rgb(44,160,44)"},{"description":"White","count":72,"tested":475,"color":"rgb(31,119,180)"}],"gender":[{"description":"Male","count":55,"tested":402,"color":"rgb(31,119,180)"},{"description":"Female","count":71,"tested":641,"color":"rgb(255,127,14)"}]}
