{"age":[{"age_group":"<20","count":42,"tested":387},{"age_group":"20-29   ","count":57,"tested":517},{"age_group":"30-39   ","count":54,"tested":538},{"age_group":"40-49   ","count":52,"tested":600},{"age_group":"50-59   ","count":60,"tested":594},{"age_group":"60-69   ","count":39,"tested":568},{"age_group":"70-79   ","count":41,"tested":369},{"age_group":"80+","count":30,"tested":1189}],"race":[{"description":"Hispanic","count":29,"tested":60,"color":"rgb(214,39,40)"},{"description":"White","count":159,"tested":3086,"color":"rgb(31,119,180)"},{"description":"Other","count":28,"tested":31,"color":"rgb(148,103,189)"},{"description":"Left Blank","count":75,"tested":1567,"color":"rgb(44,160,44)"}],"gender":[{"description":"Female","count":125,"tested":3577,"color":"rgb(255,127,14)"},{"description":"Male","count":122,"tested":1128,"color":"rgb(31,119,180)"}]}
