{"age":[{"age_group":"<20","count":259,"tested":1428},{"age_group":"20-29   ","count":341,"tested":2434},{"age_group":"30-39   ","count":315,"tested":2382},{"age_group":"40-49   ","count":330,"tested":2450},{"age_group":"50-59   ","count":372,"tested":2616},{"age_group":"60-69   ","count":260,"tested":2148},{"age_group":"70-79   ","count":149,"tested":1168},{"age_group":"80+","count":77,"tested":578}],"race":[{"description":"Black","count":773,"tested":6409,"color":"rgb(255,127,14)"},{"description":"Hispanic","count":364,"tested":1408,"color":"rgb(214,39,40)"},{"description":"White","count":180,"tested":913,"color":"rgb(31,119,180)"},{"description":"Asian","count":37,"tested":52,"color":"rgb(140,86,75)"},{"description":"Other","count":93,"tested":507,"color":"rgb(148,103,189)"},{"description":"Left Blank","count":591,"tested":5906,"color":"rgb(44,160,44)"}],"gender":[{"description":"Unknown/Left Blank","count":40,"tested":274,"color":"rgb(44,160,44)"},{"description":"Male","count":889,"tested":6048,"color":"rgb(31,119,180)"},{"description":"Female","count":1025,"tested":8885,"color":"rgb(255,127,14)"}]}
