{"age":[{"age_group":"<20","count":929,"tested":4378},{"age_group":"20-29   ","count":1323,"tested":7657},{"age_group":"30-39   ","count":1113,"tested":6189},{"age_group":"40-49   ","count":1174,"tested":5418},{"age_group":"50-59   ","count":1010,"tested":5572},{"age_group":"60-69   ","count":665,"tested":3564},{"age_group":"70-79   ","count":426,"tested":1629},{"age_group":"80+","count":370,"tested":1282}],"race":[{"description":"Left Blank","count":1856,"tested":18687,"color":"rgb(44,160,44)"},{"description":"Hispanic","count":2609,"tested":7522,"color":"rgb(214,39,40)"},{"description":"Other","count":380,"tested":1111,"color":"rgb(148,103,189)"},{"description":"Asian","count":345,"tested":1383,"color":"rgb(140,86,75)"},{"description":"Black","count":414,"tested":1395,"color":"rgb(255,127,14)"},{"description":"NH/PI*","count":279,"tested":17,"color":"rgb(127,127,127)"},{"description":"White","count":865,"tested":5580,"color":"rgb(31,119,180)"}],"gender":[{"description":"Male","count":2586,"tested":14468,"color":"rgb(31,119,180)"},{"description":"Female","count":2850,"tested":20758,"color":"rgb(255,127,14)"},{"description":"Unknown/Left Blank","count":284,"tested":477,"color":"rgb(44,160,44)"}]}
