{"age":[{"age_group":"<20","count":123,"tested":631},{"age_group":"20-29   ","count":139,"tested":818},{"age_group":"30-39   ","count":130,"tested":626},{"age_group":"40-49   ","count":134,"tested":707},{"age_group":"50-59   ","count":164,"tested":1083},{"age_group":"60-69   ","count":136,"tested":716},{"age_group":"70-79   ","count":88,"tested":462},{"age_group":"80+","count":65,"tested":139}],"race":[{"description":"Hispanic","count":71,"tested":143,"color":"rgb(214,39,40)"},{"description":"White","count":342,"tested":2806,"color":"rgb(31,119,180)"},{"description":"Other","count":90,"tested":194,"color":"rgb(148,103,189)"},{"description":"Left Blank","count":263,"tested":1970,"color":"rgb(44,160,44)"}],"gender":[{"description":"Male","count":327,"tested":2324,"color":"rgb(31,119,180)"},{"description":"Female","count":333,"tested":2835,"color":"rgb(255,127,14)"}]}
