{"age":[{"age_group":"<20","count":290,"tested":2596},{"age_group":"20-29   ","count":317,"tested":4622},{"age_group":"30-39   ","count":432,"tested":5966},{"age_group":"40-49   ","count":356,"tested":5306},{"age_group":"50-59   ","count":298,"tested":5336},{"age_group":"60-69   ","count":260,"tested":5197},{"age_group":"70-79   ","count":149,"tested":3029},{"age_group":"80+","count":106,"tested":1692}],"race":[{"description":"Left Blank","count":499,"tested":13185,"color":"rgb(44,160,44)"},{"description":"Other","count":64,"tested":598,"color":"rgb(148,103,189)"},{"description":"White","count":84,"tested":1177,"color":"rgb(31,119,180)"},{"description":"Black","count":1346,"tested":17903,"color":"rgb(255,127,14)"},{"description":"Hispanic","count":96,"tested":649,"color":"rgb(214,39,40)"},{"description":"Asian","count":51,"tested":193,"color":"rgb(140,86,75)"}],"gender":[{"description":"Male","count":863,"tested":13468,"color":"rgb(31,119,180)"},{"description":"Unknown/Left Blank","count":62,"tested":1302,"color":"rgb(44,160,44)"},{"description":"Female","count":1118,"tested":18995,"color":"rgb(255,127,14)"}]}
