{"age":[{"age_group":"<20","count":66,"tested":423},{"age_group":"20-29   ","count":67,"tested":547},{"age_group":"30-39   ","count":77,"tested":485},{"age_group":"40-49   ","count":75,"tested":735},{"age_group":"50-59   ","count":82,"tested":805},{"age_group":"60-69   ","count":58,"tested":709},{"age_group":"70-79   ","count":40,"tested":445},{"age_group":"80+","count":37,"tested":237}],"race":[{"description":"Left Blank","count":90,"tested":796,"color":"rgb(44,160,44)"},{"description":"White","count":222,"tested":2622,"color":"rgb(31,119,180)"},{"description":"Hispanic","count":54,"tested":217,"color":"rgb(214,39,40)"},{"description":"Other","count":22,"tested":138,"color":"rgb(148,103,189)"},{"description":"Black","count":75,"tested":607,"color":"rgb(255,127,14)"}],"gender":[{"description":"Male","count":196,"tested":1655,"color":"rgb(31,119,180)"},{"description":"Female","count":228,"tested":2706,"color":"rgb(255,127,14)"}]}
