{"age":[{"age_group":"<20","count":961,"tested":6178},{"age_group":"20-29   ","count":1207,"tested":10897},{"age_group":"30-39   ","count":1137,"tested":9741},{"age_group":"40-49   ","count":1132,"tested":8725},{"age_group":"50-59   ","count":858,"tested":7054},{"age_group":"60-69   ","count":583,"tested":6327},{"age_group":"70-79   ","count":287,"tested":3600},{"age_group":"80+","count":165,"tested":2384}],"race":[{"description":"Black","count":740,"tested":7665,"color":"rgb(255,127,14)"},{"description":"Hispanic","count":3284,"tested":14080,"color":"rgb(214,39,40)"},{"description":"Asian","count":115,"tested":1078,"color":"rgb(140,86,75)"},{"description":"White","count":581,"tested":6419,"color":"rgb(31,119,180)"},{"description":"Other","count":274,"tested":1970,"color":"rgb(148,103,189)"},{"description":"Left Blank","count":1210,"tested":23678,"color":"rgb(44,160,44)"}],"gender":[{"description":"Female","count":3092,"tested":28813,"color":"rgb(255,127,14)"},{"description":"Male","count":2846,"tested":22698,"color":"rgb(31,119,180)"},{"description":"Unknown/Left Blank","count":97,"tested":3424,"color":"rgb(44,160,44)"}]}
