{"age":[{"age_group":"<20","count":387,"tested":2210},{"age_group":"20-29   ","count":431,"tested":3157},{"age_group":"30-39   ","count":425,"tested":3228},{"age_group":"40-49   ","count":426,"tested":2880},{"age_group":"50-59   ","count":434,"tested":3269},{"age_group":"60-69   ","count":320,"tested":3267},{"age_group":"70-79   ","count":234,"tested":1872},{"age_group":"80+","count":204,"tested":1404}],"race":[{"description":"Asian","count":192,"tested":986,"color":"rgb(140,86,75)"},{"description":"Hispanic","count":678,"tested":2566,"color":"rgb(214,39,40)"},{"description":"Black","count":152,"tested":335,"color":"rgb(255,127,14)"},{"description":"White","count":772,"tested":7566,"color":"rgb(31,119,180)"},{"description":"Left Blank","count":616,"tested":9265,"color":"rgb(44,160,44)"},{"description":"Other","count":211,"tested":530,"color":"rgb(148,103,189)"}],"gender":[{"description":"Male","count":1073,"tested":9133,"color":"rgb(31,119,180)"},{"description":"Unknown/Left Blank","count":129,"tested":448,"color":"rgb(44,160,44)"},{"description":"Female","count":1059,"tested":11711,"color":"rgb(255,127,14)"}]}
