{"age":[{"age_group":"<20","count":176,"tested":1325},{"age_group":"20-29   ","count":215,"tested":2027},{"age_group":"30-39   ","count":210,"tested":2193},{"age_group":"40-49   ","count":191,"tested":1841},{"age_group":"50-59   ","count":179,"tested":2150},{"age_group":"60-69   ","count":133,"tested":1487},{"age_group":"70-79   ","count":112,"tested":999},{"age_group":"80+","count":81,"tested":904}],"race":[{"description":"Left Blank","count":312,"tested":4252,"color":"rgb(44,160,44)"},{"description":"White","count":600,"tested":7046,"color":"rgb(31,119,180)"},{"description":"Hispanic","count":121,"tested":568,"color":"rgb(214,39,40)"},{"description":"Black","count":98,"tested":735,"color":"rgb(255,127,14)"},{"description":"Other","count":53,"tested":284,"color":"rgb(148,103,189)"}],"gender":[{"description":"Female","count":607,"tested":8243,"color":"rgb(255,127,14)"},{"description":"Male","count":470,"tested":4553,"color":"rgb(31,119,180)"}]}
