{"age":[{"age_group":"<20","count":17,"tested":183},{"age_group":"20-29   ","count":33,"tested":166},{"age_group":"30-39   ","count":25,"tested":191},{"age_group":"40-49   ","count":22,"tested":113},{"age_group":"50-59   ","count":32,"tested":209},{"age_group":"60-69   ","count":13,"tested":91}],"race":[{"description":"Left Blank","count":35,"tested":354,"color":"rgb(44,160,44)"},{"description":"Other","count":17,"tested":59,"color":"rgb(148,103,189)"},{"description":"White","count":75,"tested":577,"color":"rgb(31,119,180)"}],"gender":[{"description":"Male","count":66,"tested":424,"color":"rgb(31,119,180)"},{"description":"Female","count":54,"tested":578,"color":"rgb(255,127,14)"}]}
