{"age":[{"age_group":"<20","count":554,"tested":2915},{"age_group":"20-29   ","count":691,"tested":4484},{"age_group":"30-39   ","count":582,"tested":4079},{"age_group":"40-49   ","count":595,"tested":3452},{"age_group":"50-59   ","count":584,"tested":4038},{"age_group":"60-69   ","count":407,"tested":3478},{"age_group":"70-79   ","count":258,"tested":1808},{"age_group":"80+","count":230,"tested":1274}],"race":[{"description":"Hispanic","count":1156,"tested":4098,"color":"rgb(214,39,40)"},{"description":"Left Blank","count":832,"tested":9896,"color":"rgb(44,160,44)"},{"description":"White","count":850,"tested":9025,"color":"rgb(31,119,180)"},{"description":"Other","count":303,"tested":1082,"color":"rgb(148,103,189)"},{"description":"Black","count":192,"tested":312,"color":"rgb(255,127,14)"},{"description":"Asian","count":234,"tested":998,"color":"rgb(140,86,75)"}],"gender":[{"description":"Unknown/Left Blank","count":175,"tested":221,"color":"rgb(44,160,44)"},{"description":"Male","count":1476,"tested":11073,"color":"rgb(31,119,180)"},{"description":"Female","count":1426,"tested":14236,"color":"rgb(255,127,14)"}]}
