{"age":[{"age_group":"<20","count":98,"tested":408},{"age_group":"20-29   ","count":108,"tested":593},{"age_group":"30-39   ","count":107,"tested":605},{"age_group":"40-49   ","count":90,"tested":463},{"age_group":"50-59   ","count":132,"tested":711},{"age_group":"60-69   ","count":81,"tested":542},{"age_group":"70-79   ","count":65,"tested":244},{"age_group":"80+","count":48,"tested":109}],"race":[{"description":"Hispanic","count":98,"tested":410,"color":"rgb(214,39,40)"},{"description":"Left Blank","count":151,"tested":1235,"color":"rgb(44,160,44)"},{"description":"White","count":245,"tested":1639,"color":"rgb(31,119,180)"},{"description":"Black","count":61,"tested":157,"color":"rgb(255,127,14)"},{"description":"Asian","count":45,"tested":64,"color":"rgb(140,86,75)"},{"description":"Other","count":53,"tested":162,"color":"rgb(148,103,189)"}],"gender":[{"description":"Male","count":238,"tested":1518,"color":"rgb(31,119,180)"},{"description":"Female","count":262,"tested":2112,"color":"rgb(255,127,14)"}]}
