{"age":[{"age_group":"<20","count":304,"tested":2205},{"age_group":"20-29   ","count":347,"tested":2716},{"age_group":"30-39   ","count":286,"tested":2107},{"age_group":"40-49   ","count":249,"tested":1939},{"age_group":"50-59   ","count":208,"tested":1594},{"age_group":"60-69   ","count":133,"tested":1260},{"age_group":"70-79   ","count":70,"tested":817},{"age_group":"80+","count":56,"tested":497}],"race":[{"description":"Hispanic","count":533,"tested":1658,"color":"rgb(214,39,40)"},{"description":"White","count":335,"tested":3023,"color":"rgb(31,119,180)"},{"description":"Left Blank","count":375,"tested":6494,"color":"rgb(44,160,44)"},{"description":"Other","count":40,"tested":212,"color":"rgb(148,103,189)"},{"description":"Asian","count":68,"tested":149,"color":"rgb(140,86,75)"},{"description":"Black","count":267,"tested":1585,"color":"rgb(255,127,14)"}],"gender":[{"description":"Unknown/Left Blank","count":37,"tested":560,"color":"rgb(44,160,44)"},{"description":"Female","count":790,"tested":7448,"color":"rgb(255,127,14)"},{"description":"Male","count":741,"tested":5129,"color":"rgb(31,119,180)"}]}
