{"age":[{"age_group":"<20","count":353,"tested":3497},{"age_group":"20-29   ","count":452,"tested":4186},{"age_group":"30-39   ","count":377,"tested":3623},{"age_group":"40-49   ","count":364,"tested":3050},{"age_group":"50-59   ","count":371,"tested":3462},{"age_group":"60-69   ","count":274,"tested":2672},{"age_group":"70-79   ","count":169,"tested":1181},{"age_group":"80+","count":133,"tested":1129}],"race":[{"description":"Hispanic","count":222,"tested":881,"color":"rgb(214,39,40)"},{"description":"Black","count":160,"tested":847,"color":"rgb(255,127,14)"},{"description":"Asian","count":92,"tested":349,"color":"rgb(140,86,75)"},{"description":"White","count":1224,"tested":9579,"color":"rgb(31,119,180)"},{"description":"Other","count":77,"tested":266,"color":"rgb(148,103,189)"},{"description":"Left Blank","count":598,"tested":10848,"color":"rgb(44,160,44)"}],"gender":[{"description":"Male","count":958,"tested":8813,"color":"rgb(31,119,180)"},{"description":"Unknown/Left Blank","count":70,"tested":405,"color":"rgb(44,160,44)"},{"description":"Female","count":1166,"tested":13584,"color":"rgb(255,127,14)"}]}
