{"age":[{"age_group":"<20","count":213,"tested":1515},{"age_group":"20-29   ","count":307,"tested":2153},{"age_group":"30-39   ","count":259,"tested":2007},{"age_group":"40-49   ","count":257,"tested":2087},{"age_group":"50-59   ","count":280,"tested":2627},{"age_group":"60-69   ","count":198,"tested":2114},{"age_group":"70-79   ","count":136,"tested":1022},{"age_group":"80+","count":139,"tested":651}],"race":[{"description":"White","count":563,"tested":6065,"color":"rgb(31,119,180)"},{"description":"Left Blank","count":428,"tested":5379,"color":"rgb(44,160,44)"},{"description":"Hispanic","count":324,"tested":1414,"color":"rgb(214,39,40)"},{"description":"Other","count":104,"tested":406,"color":"rgb(148,103,189)"},{"description":"Black","count":122,"tested":548,"color":"rgb(255,127,14)"},{"description":"Asian","count":109,"tested":357,"color":"rgb(140,86,75)"}],"gender":[{"description":"Female","count":713,"tested":7846,"color":"rgb(255,127,14)"},{"description":"Male","count":658,"tested":6168,"color":"rgb(31,119,180)"}]}
