{"age":[{"age_group":"<20","count":54,"tested":216},{"age_group":"20-29   ","count":62,"tested":409},{"age_group":"30-39   ","count":54,"tested":348},{"age_group":"40-49   ","count":53,"tested":267},{"age_group":"50-59   ","count":63,"tested":448},{"age_group":"60-69   ","count":56,"tested":323},{"age_group":"70-79   ","count":44,"tested":232},{"age_group":"80+","count":34,"tested":106}],"race":[{"description":"White","count":121,"tested":1380,"color":"rgb(31,119,180)"},{"description":"Left Blank","count":121,"tested":829,"color":"rgb(44,160,44)"},{"description":"Hispanic","count":38,"tested":77,"color":"rgb(214,39,40)"}],"gender":[{"description":"Female","count":140,"tested":1334,"color":"rgb(255,127,14)"},{"description":"Male","count":118,"tested":998,"color":"rgb(31,119,180)"}]}
