{"age":[{"age_group":"<20","count":167,"tested":1026},{"age_group":"20-29   ","count":221,"tested":1395},{"age_group":"30-39   ","count":224,"tested":1322},{"age_group":"40-49   ","count":192,"tested":1354},{"age_group":"50-59   ","count":143,"tested":1172},{"age_group":"60-69   ","count":132,"tested":1043},{"age_group":"70-79   ","count":72,"tested":506},{"age_group":"80+","count":56,"tested":251}],"race":[{"description":"Black","count":44,"tested":202,"color":"rgb(255,127,14)"},{"description":"Hispanic","count":373,"tested":1727,"color":"rgb(214,39,40)"},{"description":"Other","count":111,"tested":508,"color":"rgb(148,103,189)"},{"description":"White","count":308,"tested":2374,"color":"rgb(31,119,180)"},{"description":"Left Blank","count":280,"tested":3179,"color":"rgb(44,160,44)"},{"description":"Asian","count":35,"tested":72,"color":"rgb(140,86,75)"}],"gender":[{"description":"Male","count":519,"tested":3549,"color":"rgb(31,119,180)"},{"description":"Female","count":518,"tested":4400,"color":"rgb(255,127,14)"}]}
