{"age":[{"age_group":"<20","count":1941,"tested":9107},{"age_group":"20-29   ","count":2425,"tested":14416},{"age_group":"30-39   ","count":2136,"tested":11684},{"age_group":"40-49   ","count":2159,"tested":10900},{"age_group":"50-59   ","count":1787,"tested":9241},{"age_group":"60-69   ","count":1095,"tested":6679},{"age_group":"70-79   ","count":557,"tested":2984},{"age_group":"80+","count":351,"tested":1338},{"age_group":"Unknown","count":197,"tested":44}],"race":[{"description":"White","count":1378,"tested":8661,"color":"rgb(31,119,180)"},{"description":"Other","count":1018,"tested":5738,"color":"rgb(148,103,189)"},{"description":"Left Blank","count":3139,"tested":26095,"color":"rgb(44,160,44)"},{"description":"Black","count":346,"tested":1397,"color":"rgb(255,127,14)"},{"description":"Asian","count":206,"tested":203,"color":"rgb(140,86,75)"},{"description":"Hispanic","count":5993,"tested":24240,"color":"rgb(214,39,40)"},{"description":"AI/AN**","count":194,"tested":46,"color":"rgb(31,119,180)"}],"gender":[{"description":"Female","count":5763,"tested":35006,"color":"rgb(255,127,14)"},{"description":"Unknown/Left Blank","count":293,"tested":814,"color":"rgb(44,160,44)"},{"description":"Male","count":5482,"tested":30573,"color":"rgb(31,119,180)"}]}
