{"age":[{"age_group":"<20","count":1501,"tested":8314},{"age_group":"20-29   ","count":1833,"tested":13780},{"age_group":"30-39   ","count":1522,"tested":10538},{"age_group":"40-49   ","count":1670,"tested":10365},{"age_group":"50-59   ","count":1482,"tested":12202},{"age_group":"60-69   ","count":939,"tested":8568},{"age_group":"70-79   ","count":462,"tested":3538},{"age_group":"80+","count":348,"tested":1557}],"race":[{"description":"AI/AN**","count":235,"tested":56,"color":"rgb(31,119,180)"},{"description":"Hispanic","count":5137,"tested":21980,"color":"rgb(214,39,40)"},{"description":"Left Blank","count":1779,"tested":28082,"color":"rgb(44,160,44)"},{"description":"Other","count":431,"tested":1932,"color":"rgb(148,103,189)"},{"description":"NH/PI*","count":238,"tested":160,"color":"rgb(127,127,127)"},{"description":"White","count":800,"tested":8508,"color":"rgb(31,119,180)"},{"description":"Black","count":827,"tested":6856,"color":"rgb(255,127,14)"},{"description":"Asian","count":311,"tested":1297,"color":"rgb(140,86,75)"}],"gender":[{"description":"Male","count":4008,"tested":31144,"color":"rgb(31,119,180)"},{"description":"Female","count":4321,"tested":36555,"color":"rgb(255,127,14)"},{"description":"Unknown/Left Blank","count":284,"tested":1172,"color":"rgb(44,160,44)"}]}
