{"age":[{"age_group":"<20","count":239,"tested":1835},{"age_group":"20-29   ","count":274,"tested":2266},{"age_group":"30-39   ","count":254,"tested":2045},{"age_group":"40-49   ","count":250,"tested":1677},{"age_group":"50-59   ","count":192,"tested":1576},{"age_group":"60-69   ","count":122,"tested":1492},{"age_group":"70-79   ","count":79,"tested":951},{"age_group":"80+","count":46,"tested":694}],"race":[{"description":"White","count":475,"tested":6148,"color":"rgb(31,119,180)"},{"description":"Hispanic","count":739,"tested":3258,"color":"rgb(214,39,40)"},{"description":"Other","count":16,"tested":150,"color":"rgb(148,103,189)"},{"description":"Left Blank","count":217,"tested":2868,"color":"rgb(44,160,44)"}],"gender":[{"description":"Female","count":767,"tested":7479,"color":"rgb(255,127,14)"},{"description":"Male","count":687,"tested":4992,"color":"rgb(31,119,180)"}]}
