{"age":[{"age_group":"<20","count":958,"tested":8003},{"age_group":"20-29   ","count":1790,"tested":28882},{"age_group":"30-39   ","count":1563,"tested":23408},{"age_group":"40-49   ","count":1216,"tested":13783},{"age_group":"50-59   ","count":1017,"tested":10746},{"age_group":"60-69   ","count":671,"tested":8367},{"age_group":"70-79   ","count":337,"tested":3832},{"age_group":"80+","count":168,"tested":2127}],"race":[{"description":"Hispanic","count":4319,"tested":28877,"color":"rgb(214,39,40)"},{"description":"White","count":874,"tested":18467,"color":"rgb(31,119,180)"},{"description":"Asian","count":200,"tested":4097,"color":"rgb(140,86,75)"},{"description":"Black","count":809,"tested":12863,"color":"rgb(255,127,14)"},{"description":"Left Blank","count":1200,"tested":29902,"color":"rgb(44,160,44)"},{"description":"Other","count":306,"tested":4730,"color":"rgb(148,103,189)"},{"description":"AI/AN**","count":8,"tested":178,"color":"rgb(31,119,180)"}],"gender":[{"description":"Unknown/Left Blank","count":80,"tested":3727,"color":"rgb(44,160,44)"},{"description":"Male","count":3993,"tested":47991,"color":"rgb(31,119,180)"},{"description":"Female","count":3647,"tested":47458,"color":"rgb(255,127,14)"}]}
