{"age":[{"age_group":"<20","count":213,"tested":3001},{"age_group":"20-29   ","count":254,"tested":3216},{"age_group":"30-39   ","count":219,"tested":2519},{"age_group":"40-49   ","count":246,"tested":2530},{"age_group":"50-59   ","count":241,"tested":3083},{"age_group":"60-69   ","count":214,"tested":2880},{"age_group":"70-79   ","count":136,"tested":2274},{"age_group":"80+","count":136,"tested":4709}],"race":[{"description":"Asian","count":60,"tested":410,"color":"rgb(140,86,75)"},{"description":"Left Blank","count":204,"tested":10032,"color":"rgb(44,160,44)"},{"description":"White","count":1030,"tested":11012,"color":"rgb(31,119,180)"},{"description":"Other","count":16,"tested":770,"color":"rgb(148,103,189)"},{"description":"Hispanic","count":198,"tested":783,"color":"rgb(214,39,40)"},{"description":"Black","count":149,"tested":1190,"color":"rgb(255,127,14)"}],"gender":[{"description":"Male","count":730,"tested":8904,"color":"rgb(31,119,180)"},{"description":"Unknown/Left Blank","count":8,"tested":505,"color":"rgb(44,160,44)"},{"description":"Female","count":921,"tested":14805,"color":"rgb(255,127,14)"}]}
