{"age":[{"age_group":"<20","count":69,"tested":922},{"age_group":"20-29   ","count":85,"tested":724},{"age_group":"30-39   ","count":85,"tested":768},{"age_group":"40-49   ","count":82,"tested":917},{"age_group":"50-59   ","count":81,"tested":900},{"age_group":"60-69   ","count":63,"tested":779},{"age_group":"70-79   ","count":56,"tested":695},{"age_group":"80+","count":14,"tested":263}],"race":[{"description":"White","count":297,"tested":2726,"color":"rgb(31,119,180)"},{"description":"Left Blank","count":215,"tested":3038,"color":"rgb(44,160,44)"},{"description":"Hispanic","count":12,"tested":66,"color":"rgb(214,39,40)"}],"gender":[{"description":"Male","count":259,"tested":2537,"color":"rgb(31,119,180)"},{"description":"Female","count":276,"tested":3342,"color":"rgb(255,127,14)"}]}
