{"age":[{"age_group":"<20","count":11,"tested":90},{"age_group":"20-29   ","count":10,"tested":101},{"age_group":"30-39   ","count":7,"tested":78},{"age_group":"40-49   ","count":6,"tested":59},{"age_group":"50-59   ","count":8,"tested":54},{"age_group":"70-79   ","count":6,"tested":27}],"race":[{"description":"White","count":47,"tested":372,"color":"rgb(31,119,180)"}],"gender":[{"description":"Male","count":26,"tested":208,"color":"rgb(31,119,180)"},{"description":"Female","count":25,"tested":248,"color":"rgb(255,127,14)"}]}
