{"age":[{"age_group":"<20","count":80,"tested":1707},{"age_group":"20-29   ","count":88,"tested":3195},{"age_group":"30-39   ","count":50,"tested":1962},{"age_group":"40-49   ","count":74,"tested":2762},{"age_group":"50-59   ","count":98,"tested":3136},{"age_group":"60-69   ","count":60,"tested":2554},{"age_group":"70-79   ","count":57,"tested":2126},{"age_group":"80+","count":102,"tested":4816}],"race":[{"description":"White","count":352,"tested":6252,"color":"rgb(31,119,180)"},{"description":"Asian","count":26,"tested":1285,"color":"rgb(140,86,75)"},{"description":"Hispanic","count":22,"tested":1058,"color":"rgb(214,39,40)"},{"description":"Black","count":6,"tested":554,"color":"rgb(255,127,14)"},{"description":"Other","count":39,"tested":522,"color":"rgb(148,103,189)"},{"description":"Left Blank","count":163,"tested":12596,"color":"rgb(44,160,44)"}],"gender":[{"description":"Female","count":321,"tested":13620,"color":"rgb(255,127,14)"},{"description":"Male","count":281,"tested":7919,"color":"rgb(31,119,180)"}]}
