{"age":[{"age_group":"<20","count":45,"tested":294},{"age_group":"20-29   ","count":47,"tested":488},{"age_group":"30-39   ","count":41,"tested":463},{"age_group":"40-49   ","count":46,"tested":347},{"age_group":"50-59   ","count":60,"tested":615},{"age_group":"60-69   ","count":30,"tested":522},{"age_group":"70-79   ","count":18,"tested":253},{"age_group":"80+","count":10,"tested":143}],"race":[{"description":"Hispanic","count":24,"tested":127,"color":"rgb(214,39,40)"},{"description":"White","count":190,"tested":1759,"color":"rgb(31,119,180)"},{"description":"Black","count":7,"tested":74,"color":"rgb(255,127,14)"},{"description":"Left Blank","count":72,"tested":1024,"color":"rgb(44,160,44)"}],"gender":[{"description":"Female","count":147,"tested":1719,"color":"rgb(255,127,14)"},{"description":"Male","count":149,"tested":1353,"color":"rgb(31,119,180)"}]}
