{"age":[{"age_group":"<20","count":332,"tested":3021},{"age_group":"20-29   ","count":391,"tested":3640},{"age_group":"30-39   ","count":324,"tested":2927},{"age_group":"40-49   ","count":270,"tested":2574},{"age_group":"50-59   ","count":218,"tested":2155},{"age_group":"60-69   ","count":139,"tested":1752},{"age_group":"70-79   ","count":61,"tested":1069},{"age_group":"80+","count":44,"tested":663}],"race":[{"description":"Hispanic","count":623,"tested":1962,"color":"rgb(214,39,40)"},{"description":"White","count":491,"tested":4346,"color":"rgb(31,119,180)"},{"description":"Left Blank","count":231,"tested":8595,"color":"rgb(44,160,44)"},{"description":"Other","count":30,"tested":360,"color":"rgb(148,103,189)"},{"description":"Asian","count":73,"tested":201,"color":"rgb(140,86,75)"},{"description":"Black","count":325,"tested":2318,"color":"rgb(255,127,14)"}],"gender":[{"description":"Unknown/Left Blank","count":17,"tested":604,"color":"rgb(44,160,44)"},{"description":"Female","count":924,"tested":10271,"color":"rgb(255,127,14)"},{"description":"Male","count":838,"tested":6929,"color":"rgb(31,119,180)"}]}
