{"age":[{"age_group":"<20","count":349,"tested":3768},{"age_group":"20-29   ","count":280,"tested":3710},{"age_group":"30-39   ","count":220,"tested":2631},{"age_group":"40-49   ","count":250,"tested":3427},{"age_group":"50-59   ","count":293,"tested":3613},{"age_group":"60-69   ","count":115,"tested":2242},{"age_group":"70-79   ","count":44,"tested":1019},{"age_group":"80+","count":14,"tested":438}],"race":[{"description":"Left Blank","count":269,"tested":6697,"color":"rgb(44,160,44)"},{"description":"Other","count":47,"tested":890,"color":"rgb(148,103,189)"},{"description":"Black","count":138,"tested":1597,"color":"rgb(255,127,14)"},{"description":"Hispanic","count":248,"tested":1568,"color":"rgb(214,39,40)"},{"description":"White","count":714,"tested":8019,"color":"rgb(31,119,180)"},{"description":"Asian","count":147,"tested":2038,"color":"rgb(140,86,75)"}],"gender":[{"description":"Female","count":820,"tested":11662,"color":"rgb(255,127,14)"},{"description":"Male","count":742,"tested":9041,"color":"rgb(31,119,180)"}]}
