{"age":[{"age_group":"<20","count":40,"tested":534},{"age_group":"20-29   ","count":43,"tested":472},{"age_group":"30-39   ","count":30,"tested":284},{"age_group":"40-49   ","count":38,"tested":257},{"age_group":"50-59   ","count":41,"tested":341},{"age_group":"60-69   ","count":30,"tested":304},{"age_group":"70-79   ","count":14,"tested":133},{"age_group":"80+","count":7,"tested":67}],"race":[{"description":"Hispanic","count":19,"tested":86,"color":"rgb(214,39,40)"},{"description":"Left Blank","count":80,"tested":1192,"color":"rgb(44,160,44)"},{"description":"White","count":143,"tested":1084,"color":"rgb(31,119,180)"}],"gender":[{"description":"Male","count":109,"tested":848,"color":"rgb(31,119,180)"},{"description":"Unknown/Left Blank","count":7,"tested":36,"color":"rgb(44,160,44)"},{"description":"Female","count":127,"tested":1508,"color":"rgb(255,127,14)"}]}
