{"age":[{"age_group":"<20","count":395,"tested":3272},{"age_group":"20-29   ","count":341,"tested":3150},{"age_group":"30-39   ","count":322,"tested":2772},{"age_group":"40-49   ","count":304,"tested":2835},{"age_group":"50-59   ","count":286,"tested":2540},{"age_group":"60-69   ","count":197,"tested":1920},{"age_group":"70-79   ","count":93,"tested":992},{"age_group":"80+","count":41,"tested":619}],"race":[{"description":"Left Blank","count":255,"tested":7694,"color":"rgb(44,160,44)"},{"description":"Other","count":33,"tested":312,"color":"rgb(148,103,189)"},{"description":"Hispanic","count":686,"tested":2443,"color":"rgb(214,39,40)"},{"description":"White","count":545,"tested":4172,"color":"rgb(31,119,180)"},{"description":"Black","count":453,"tested":3402,"color":"rgb(255,127,14)"}],"gender":[{"description":"Unknown/Left Blank","count":24,"tested":609,"color":"rgb(44,160,44)"},{"description":"Male","count":924,"tested":7196,"color":"rgb(31,119,180)"},{"description":"Female","count":1031,"tested":10295,"color":"rgb(255,127,14)"}]}
