{"age":[{"age_group":"<20","count":185,"tested":1644},{"age_group":"20-29   ","count":145,"tested":1664},{"age_group":"30-39   ","count":118,"tested":1294},{"age_group":"40-49   ","count":135,"tested":1417},{"age_group":"50-59   ","count":161,"tested":1853},{"age_group":"60-69   ","count":82,"tested":1331},{"age_group":"70-79   ","count":40,"tested":634},{"age_group":"80+","count":12,"tested":271}],"race":[{"description":"Asian","count":9,"tested":220,"color":"rgb(140,86,75)"},{"description":"Other","count":11,"tested":216,"color":"rgb(148,103,189)"},{"description":"Hispanic","count":79,"tested":418,"color":"rgb(214,39,40)"},{"description":"Left Blank","count":207,"tested":3731,"color":"rgb(44,160,44)"},{"description":"White","count":571,"tested":5458,"color":"rgb(31,119,180)"}],"gender":[{"description":"Female","count":450,"tested":5748,"color":"rgb(255,127,14)"},{"description":"Male","count":425,"tested":4257,"color":"rgb(31,119,180)"}]}
