{"age":[{"age_group":"<20","count":879,"tested":7167},{"age_group":"20-29   ","count":1007,"tested":9416},{"age_group":"30-39   ","count":781,"tested":7895},{"age_group":"40-49   ","count":925,"tested":8573},{"age_group":"50-59   ","count":847,"tested":8517},{"age_group":"60-69   ","count":316,"tested":3605},{"age_group":"70-79   ","count":115,"tested":1721},{"age_group":"80+","count":50,"tested":653}],"race":[{"description":"Other","count":192,"tested":1962,"color":"rgb(148,103,189)"},{"description":"Hispanic","count":924,"tested":5311,"color":"rgb(214,39,40)"},{"description":"White","count":1848,"tested":17415,"color":"rgb(31,119,180)"},{"description":"Asian","count":56,"tested":858,"color":"rgb(140,86,75)"},{"description":"Left Blank","count":1547,"tested":18615,"color":"rgb(44,160,44)"},{"description":"Black","count":341,"tested":3257,"color":"rgb(255,127,14)"},{"description":"AI/AN**","count":9,"tested":69,"color":"rgb(31,119,180)"}],"gender":[{"description":"Male","count":2295,"tested":20183,"color":"rgb(31,119,180)"},{"description":"Unknown/Left Blank","count":38,"tested":825,"color":"rgb(44,160,44)"},{"description":"Female","count":2587,"tested":26542,"color":"rgb(255,127,14)"}]}
