{"age":[{"age_group":"<20","count":291,"tested":5277},{"age_group":"20-29   ","count":911,"tested":22724},{"age_group":"30-39   ","count":986,"tested":26680},{"age_group":"40-49   ","count":653,"tested":15282},{"age_group":"50-59   ","count":593,"tested":16288},{"age_group":"60-69   ","count":453,"tested":11764},{"age_group":"70-79   ","count":299,"tested":5905},{"age_group":"80+","count":258,"tested":6792}],"race":[{"description":"Asian","count":297,"tested":4556,"color":"rgb(140,86,75)"},{"description":"Hispanic","count":554,"tested":4928,"color":"rgb(214,39,40)"},{"description":"Black","count":556,"tested":9015,"color":"rgb(255,127,14)"},{"description":"White","count":1466,"tested":32229,"color":"rgb(31,119,180)"},{"description":"Other","count":234,"tested":4008,"color":"rgb(148,103,189)"},{"description":"Left Blank","count":1324,"tested":55996,"color":"rgb(44,160,44)"},{"description":"AI/AN**","count":7,"tested":65,"color":"rgb(31,119,180)"}],"gender":[{"description":"Female","count":2005,"tested":54453,"color":"rgb(255,127,14)"},{"description":"Male","count":2227,"tested":51502,"color":"rgb(31,119,180)"},{"description":"Unknown/Left Blank","count":212,"tested":4963,"color":"rgb(44,160,44)"}]}
