{"age":[{"age_group":"<20","count":270,"tested":5123},{"age_group":"20-29   ","count":340,"tested":9594},{"age_group":"30-39   ","count":344,"tested":9435},{"age_group":"40-49   ","count":314,"tested":7675},{"age_group":"50-59   ","count":304,"tested":9336},{"age_group":"60-69   ","count":223,"tested":7817},{"age_group":"70-79   ","count":110,"tested":3468},{"age_group":"80+","count":120,"tested":2600}],"race":[{"description":"Other","count":160,"tested":2377,"color":"rgb(148,103,189)"},{"description":"Asian","count":68,"tested":2072,"color":"rgb(140,86,75)"},{"description":"Black","count":448,"tested":5405,"color":"rgb(255,127,14)"},{"description":"White","count":619,"tested":14364,"color":"rgb(31,119,180)"},{"description":"Left Blank","count":334,"tested":28241,"color":"rgb(44,160,44)"},{"description":"Hispanic","count":391,"tested":2477,"color":"rgb(214,39,40)"}],"gender":[{"description":"Unknown/Left Blank","count":28,"tested":934,"color":"rgb(44,160,44)"},{"description":"Female","count":1073,"tested":30463,"color":"rgb(255,127,14)"},{"description":"Male","count":924,"tested":23655,"color":"rgb(31,119,180)"}]}
