{"age":[{"age_group":"<20","count":18,"tested":178},{"age_group":"20-29   ","count":14,"tested":187},{"age_group":"30-39   ","count":6,"tested":190},{"age_group":"40-49   ","count":24,"tested":169},{"age_group":"50-59   ","count":32,"tested":210},{"age_group":"60-69   ","count":13,"tested":199},{"age_group":"70-79   ","count":10,"tested":152},{"age_group":"80+","count":6,"tested":111}],"race":[{"description":"White","count":75,"tested":716,"color":"rgb(31,119,180)"},{"description":"Left Blank","count":45,"tested":622,"color":"rgb(44,160,44)"}],"gender":[{"description":"Male","count":60,"tested":531,"color":"rgb(31,119,180)"},{"description":"Female","count":61,"tested":834,"color":"rgb(255,127,14)"}]}
