{"age":[{"age_group":"<20","count":484,"tested":3554},{"age_group":"20-29   ","count":713,"tested":6873},{"age_group":"30-39   ","count":598,"tested":5804},{"age_group":"40-49   ","count":508,"tested":4942},{"age_group":"50-59   ","count":581,"tested":6047},{"age_group":"60-69   ","count":448,"tested":5384},{"age_group":"70-79   ","count":231,"tested":3023},{"age_group":"80+","count":123,"tested":1959}],"race":[{"description":"Left Blank","count":1415,"tested":17002,"color":"rgb(44,160,44)"},{"description":"White","count":1693,"tested":15151,"color":"rgb(31,119,180)"},{"description":"Other","count":149,"tested":1325,"color":"rgb(148,103,189)"},{"description":"Black","count":154,"tested":2049,"color":"rgb(255,127,14)"},{"description":"Asian","count":75,"tested":726,"color":"rgb(140,86,75)"},{"description":"Hispanic","count":193,"tested":1248,"color":"rgb(214,39,40)"}],"gender":[{"description":"Male","count":1728,"tested":15473,"color":"rgb(31,119,180)"},{"description":"Unknown/Left Blank","count":22,"tested":625,"color":"rgb(44,160,44)"},{"description":"Female","count":1936,"tested":21501,"color":"rgb(255,127,14)"}]}
