{"age":[{"age_group":"<20","count":172,"tested":1318},{"age_group":"20-29   ","count":222,"tested":1863},{"age_group":"30-39   ","count":239,"tested":1749},{"age_group":"40-49   ","count":200,"tested":1805},{"age_group":"50-59   ","count":147,"tested":1590},{"age_group":"60-69   ","count":128,"tested":1424},{"age_group":"70-79   ","count":53,"tested":692},{"age_group":"80+","count":31,"tested":319}],"race":[{"description":"Black","count":21,"tested":296,"color":"rgb(255,127,14)"},{"description":"Hispanic","count":449,"tested":2335,"color":"rgb(214,39,40)"},{"description":"White","count":346,"tested":3303,"color":"rgb(31,119,180)"},{"description":"Left Blank","count":271,"tested":4001,"color":"rgb(44,160,44)"},{"description":"Other","count":97,"tested":718,"color":"rgb(148,103,189)"},{"description":"Asian","count":8,"tested":96,"color":"rgb(140,86,75)"}],"gender":[{"description":"Male","count":590,"tested":4716,"color":"rgb(31,119,180)"},{"description":"Female","count":598,"tested":5880,"color":"rgb(255,127,14)"}]}
