{"age":[{"age_group":"<20","count":353,"tested":2655},{"age_group":"20-29   ","count":447,"tested":4228},{"age_group":"30-39   ","count":466,"tested":4042},{"age_group":"40-49   ","count":437,"tested":3928},{"age_group":"50-59   ","count":351,"tested":3614},{"age_group":"60-69   ","count":220,"tested":2947},{"age_group":"70-79   ","count":122,"tested":1700},{"age_group":"80+","count":58,"tested":829}],"race":[{"description":"Hispanic","count":638,"tested":3114,"color":"rgb(214,39,40)"},{"description":"Left Blank","count":563,"tested":7690,"color":"rgb(44,160,44)"},{"description":"White","count":156,"tested":1449,"color":"rgb(31,119,180)"},{"description":"Black","count":978,"tested":10295,"color":"rgb(255,127,14)"},{"description":"Other","count":113,"tested":1233,"color":"rgb(148,103,189)"}],"gender":[{"description":"Male","count":1111,"tested":10064,"color":"rgb(31,119,180)"},{"description":"Unknown/Left Blank","count":49,"tested":596,"color":"rgb(44,160,44)"},{"description":"Female","count":1294,"tested":13289,"color":"rgb(255,127,14)"}]}
