{"age":[{"age_group":"<20","count":79,"tested":763},{"age_group":"20-29   ","count":116,"tested":1413},{"age_group":"30-39   ","count":104,"tested":1193},{"age_group":"40-49   ","count":90,"tested":1456},{"age_group":"50-59   ","count":87,"tested":1053},{"age_group":"60-69   ","count":44,"tested":732},{"age_group":"70-79   ","count":25,"tested":313},{"age_group":"80+","count":11,"tested":125}],"race":[{"description":"Hispanic","count":12,"tested":138,"color":"rgb(214,39,40)"},{"description":"Left Blank","count":149,"tested":2466,"color":"rgb(44,160,44)"},{"description":"Other","count":10,"tested":144,"color":"rgb(148,103,189)"},{"description":"Black","count":365,"tested":4128,"color":"rgb(255,127,14)"},{"description":"White","count":18,"tested":160,"color":"rgb(31,119,180)"}],"gender":[{"description":"Male","count":209,"tested":2362,"color":"rgb(31,119,180)"},{"description":"Female","count":340,"tested":4525,"color":"rgb(255,127,14)"},{"description":"Unknown/Left Blank","count":7,"tested":165,"color":"rgb(44,160,44)"}]}
