{"age":[{"age_group":"<20","count":722,"tested":8977},{"age_group":"20-29   ","count":547,"tested":7997},{"age_group":"30-39   ","count":318,"tested":5265},{"age_group":"40-49   ","count":500,"tested":6680},{"age_group":"50-59   ","count":617,"tested":8402},{"age_group":"60-69   ","count":252,"tested":4513},{"age_group":"70-79   ","count":110,"tested":2462},{"age_group":"80+","count":38,"tested":1757}],"race":[{"description":"Black","count":103,"tested":1610,"color":"rgb(255,127,14)"},{"description":"Asian","count":321,"tested":5150,"color":"rgb(140,86,75)"},{"description":"Other","count":105,"tested":2040,"color":"rgb(148,103,189)"},{"description":"AI/AN**","count":10,"tested":93,"color":"rgb(31,119,180)"},{"description":"White","count":1315,"tested":15566,"color":"rgb(31,119,180)"},{"description":"Left Blank","count":1119,"tested":20388,"color":"rgb(44,160,44)"},{"description":"Hispanic","count":131,"tested":1173,"color":"rgb(214,39,40)"}],"gender":[{"description":"Female","count":1558,"tested":25302,"color":"rgb(255,127,14)"},{"description":"Male","count":1515,"tested":20452,"color":"rgb(31,119,180)"},{"description":"Unknown/Left Blank","count":32,"tested":308,"color":"rgb(44,160,44)"}]}
