{"age":[{"age_group":"<20","count":290,"tested":13332},{"age_group":"20-29   ","count":242,"tested":6529},{"age_group":"30-39   ","count":88,"tested":2992},{"age_group":"40-49   ","count":186,"tested":4357},{"age_group":"50-59   ","count":216,"tested":5047},{"age_group":"60-69   ","count":137,"tested":3616},{"age_group":"70-79   ","count":76,"tested":2421},{"age_group":"80+","count":47,"tested":3307}],"race":[{"description":"Hispanic","count":35,"tested":1322,"color":"rgb(214,39,40)"},{"description":"White","count":818,"tested":22714,"color":"rgb(31,119,180)"},{"description":"Asian","count":38,"tested":1629,"color":"rgb(140,86,75)"},{"description":"Black","count":7,"tested":653,"color":"rgb(255,127,14)"},{"description":"Other","count":94,"tested":1818,"color":"rgb(148,103,189)"},{"description":"Left Blank","count":284,"tested":13380,"color":"rgb(44,160,44)"}],"gender":[{"description":"Male","count":679,"tested":20262,"color":"rgb(31,119,180)"},{"description":"Unknown/Left Blank","count":22,"tested":1284,"color":"rgb(44,160,44)"},{"description":"Female","count":581,"tested":20071,"color":"rgb(255,127,14)"}]}
