{"age":[{"age_group":"<20","count":695,"tested":8068},{"age_group":"20-29   ","count":821,"tested":8878},{"age_group":"30-39   ","count":761,"tested":8675},{"age_group":"40-49   ","count":795,"tested":8048},{"age_group":"50-59   ","count":736,"tested":8749},{"age_group":"60-69   ","count":508,"tested":6885},{"age_group":"70-79   ","count":225,"tested":3760},{"age_group":"80+","count":141,"tested":2543}],"race":[{"description":"AI/AN**","count":8,"tested":110,"color":"rgb(31,119,180)"},{"description":"NH/PI*","count":10,"tested":95,"color":"rgb(127,127,127)"},{"description":"Black","count":100,"tested":1083,"color":"rgb(255,127,14)"},{"description":"Asian","count":378,"tested":4566,"color":"rgb(140,86,75)"},{"description":"Hispanic","count":832,"tested":4116,"color":"rgb(214,39,40)"},{"description":"White","count":2080,"tested":23809,"color":"rgb(31,119,180)"},{"description":"Left Blank","count":995,"tested":19687,"color":"rgb(44,160,44)"},{"description":"Other","count":281,"tested":2151,"color":"rgb(148,103,189)"}],"gender":[{"description":"Female","count":2333,"tested":30847,"color":"rgb(255,127,14)"},{"description":"Unknown/Left Blank","count":30,"tested":640,"color":"rgb(44,160,44)"},{"description":"Male","count":2321,"tested":24130,"color":"rgb(31,119,180)"}]}
