{"age":[{"age_group":"<20","count":558,"tested":6941},{"age_group":"20-29   ","count":579,"tested":7825},{"age_group":"30-39   ","count":411,"tested":7621},{"age_group":"40-49   ","count":430,"tested":6541},{"age_group":"50-59   ","count":513,"tested":10045},{"age_group":"60-69   ","count":361,"tested":7798},{"age_group":"70-79   ","count":197,"tested":4372},{"age_group":"80+","count":162,"tested":4556}],"race":[{"description":"NH/PI*","count":6,"tested":92,"color":"rgb(127,127,127)"},{"description":"Black","count":62,"tested":943,"color":"rgb(255,127,14)"},{"description":"Asian","count":190,"tested":4338,"color":"rgb(140,86,75)"},{"description":"Hispanic","count":338,"tested":3504,"color":"rgb(214,39,40)"},{"description":"Left Blank","count":864,"tested":20647,"color":"rgb(44,160,44)"},{"description":"Other","count":105,"tested":1039,"color":"rgb(148,103,189)"},{"description":"White","count":1645,"tested":25121,"color":"rgb(31,119,180)"}],"gender":[{"description":"Female","count":1663,"tested":32568,"color":"rgb(255,127,14)"},{"description":"Unknown/Left Blank","count":26,"tested":1702,"color":"rgb(44,160,44)"},{"description":"Male","count":1522,"tested":21445,"color":"rgb(31,119,180)"}]}
