{"age":[{"age_group":"<20","count":23,"tested":315},{"age_group":"20-29   ","count":67,"tested":1219},{"age_group":"30-39   ","count":46,"tested":979},{"age_group":"40-49   ","count":26,"tested":552},{"age_group":"50-59   ","count":20,"tested":505},{"age_group":"60-69   ","count":10,"tested":317},{"age_group":"70-79   ","count":7,"tested":254}],"race":[{"description":"Black","count":37,"tested":560,"color":"rgb(255,127,14)"},{"description":"Asian","count":15,"tested":231,"color":"rgb(140,86,75)"},{"description":"Hispanic","count":20,"tested":187,"color":"rgb(214,39,40)"},{"description":"Left Blank","count":44,"tested":1633,"color":"rgb(44,160,44)"},{"description":"Other","count":13,"tested":256,"color":"rgb(148,103,189)"},{"description":"White","count":72,"tested":1360,"color":"rgb(31,119,180)"}],"gender":[{"description":"Female","count":101,"tested":2251,"color":"rgb(255,127,14)"},{"description":"Male","count":99,"tested":1742,"color":"rgb(31,119,180)"}]}
