{"age":[{"age_group":"<20","count":15,"tested":200},{"age_group":"20-29   ","count":26,"tested":253},{"age_group":"30-39   ","count":14,"tested":239},{"age_group":"40-49   ","count":12,"tested":134},{"age_group":"50-59   ","count":33,"tested":225},{"age_group":"60-69   ","count":19,"tested":186},{"age_group":"70-79   ","count":9,"tested":133}],"race":[{"description":"Hispanic","count":18,"tested":60,"color":"rgb(214,39,40)"},{"description":"Left Blank","count":30,"tested":501,"color":"rgb(44,160,44)"},{"description":"White","count":82,"tested":841,"color":"rgb(31,119,180)"}],"gender":[]}
