{"age":[{"age_group":"<20","count":253,"tested":3088},{"age_group":"20-29   ","count":139,"tested":1801},{"age_group":"30-39   ","count":106,"tested":1375},{"age_group":"40-49   ","count":143,"tested":1705},{"age_group":"50-59   ","count":167,"tested":2100},{"age_group":"60-69   ","count":78,"tested":1540},{"age_group":"70-79   ","count":20,"tested":763},{"age_group":"80+","count":56,"tested":897}],"race":[{"description":"Asian","count":46,"tested":500,"color":"rgb(140,86,75)"},{"description":"Black","count":28,"tested":241,"color":"rgb(255,127,14)"},{"description":"Hispanic","count":41,"tested":266,"color":"rgb(214,39,40)"},{"description":"Left Blank","count":189,"tested":6627,"color":"rgb(44,160,44)"},{"description":"Other","count":19,"tested":441,"color":"rgb(148,103,189)"},{"description":"White","count":638,"tested":5190,"color":"rgb(31,119,180)"}],"gender":[]}
