{"age":[{"age_group":"<20","count":94,"tested":1386},{"age_group":"20-29   ","count":105,"tested":1279},{"age_group":"30-39   ","count":118,"tested":1437},{"age_group":"40-49   ","count":134,"tested":1352},{"age_group":"50-59   ","count":116,"tested":1595},{"age_group":"60-69   ","count":93,"tested":977},{"age_group":"70-79   ","count":39,"tested":622},{"age_group":"80+","count":10,"tested":274}],"race":[{"description":"Hispanic","count":42,"tested":180,"color":"rgb(214,39,40)"},{"description":"Left Blank","count":232,"tested":3925,"color":"rgb(44,160,44)"},{"description":"White","count":419,"tested":4667,"color":"rgb(31,119,180)"}],"gender":[]}
