{"age":[{"age_group":"<20","count":131,"tested":1629},{"age_group":"20-29   ","count":244,"tested":3588},{"age_group":"30-39   ","count":236,"tested":3598},{"age_group":"40-49   ","count":159,"tested":2218},{"age_group":"50-59   ","count":133,"tested":1950},{"age_group":"60-69   ","count":76,"tested":1722},{"age_group":"70-79   ","count":32,"tested":619},{"age_group":"80+","count":30,"tested":547}],"race":[{"description":"Asian","count":126,"tested":2282,"color":"rgb(140,86,75)"},{"description":"Black","count":45,"tested":630,"color":"rgb(255,127,14)"},{"description":"Hispanic","count":128,"tested":1107,"color":"rgb(214,39,40)"},{"description":"Left Blank","count":369,"tested":7671,"color":"rgb(44,160,44)"},{"description":"Other","count":74,"tested":400,"color":"rgb(148,103,189)"},{"description":"White","count":295,"tested":3690,"color":"rgb(31,119,180)"}],"gender":[]}
