{"age":[{"age_group":"<20","count":411,"tested":4421},{"age_group":"20-29   ","count":506,"tested":6178},{"age_group":"30-39   ","count":427,"tested":6028},{"age_group":"40-49   ","count":508,"tested":5412},{"age_group":"50-59   ","count":491,"tested":6277},{"age_group":"60-69   ","count":418,"tested":5737},{"age_group":"70-79   ","count":219,"tested":3340},{"age_group":"80+","count":201,"tested":4037}],"race":[{"description":"Asian","count":180,"tested":2383,"color":"rgb(140,86,75)"},{"description":"Black","count":43,"tested":599,"color":"rgb(255,127,14)"},{"description":"Hispanic","count":356,"tested":2303,"color":"rgb(214,39,40)"},{"description":"Left Blank","count":898,"tested":21283,"color":"rgb(44,160,44)"},{"description":"NH/PI*","count":6,"tested":60,"color":"rgb(127,127,127)"},{"description":"Other","count":136,"tested":1009,"color":"rgb(148,103,189)"},{"description":"White","count":1556,"tested":13767,"color":"rgb(31,119,180)"}],"gender":[]}
