{"age":[{"age_group":"<20","count":621,"tested":7507},{"age_group":"20-29   ","count":530,"tested":6752},{"age_group":"30-39   ","count":446,"tested":5241},{"age_group":"40-49   ","count":456,"tested":5569},{"age_group":"50-59   ","count":567,"tested":6731},{"age_group":"60-69   ","count":270,"tested":4403},{"age_group":"70-79   ","count":119,"tested":2334},{"age_group":"80+","count":85,"tested":3100}],"race":[{"description":"Asian","count":67,"tested":1162,"color":"rgb(140,86,75)"},{"description":"Black","count":65,"tested":1321,"color":"rgb(255,127,14)"},{"description":"Hispanic","count":351,"tested":2767,"color":"rgb(214,39,40)"},{"description":"Left Blank","count":919,"tested":13184,"color":"rgb(44,160,44)"},{"description":"NH/PI*","count":6,"tested":114,"color":"rgb(127,127,127)"},{"description":"Other","count":194,"tested":1724,"color":"rgb(148,103,189)"},{"description":"White","count":1487,"tested":21291,"color":"rgb(31,119,180)"}],"gender":[]}
