{"age":[{"age_group":"<20","count":187,"tested":2077},{"age_group":"20-29   ","count":129,"tested":2325},{"age_group":"30-39   ","count":105,"tested":1679},{"age_group":"40-49   ","count":143,"tested":2203},{"age_group":"50-59   ","count":171,"tested":2360},{"age_group":"60-69   ","count":104,"tested":1998},{"age_group":"70-79   ","count":66,"tested":1558},{"age_group":"80+","count":132,"tested":3113}],"race":[{"description":"Asian","count":19,"tested":209,"color":"rgb(140,86,75)"},{"description":"Hispanic","count":37,"tested":223,"color":"rgb(214,39,40)"},{"description":"Left Blank","count":264,"tested":9250,"color":"rgb(44,160,44)"},{"description":"Other","count":22,"tested":184,"color":"rgb(148,103,189)"},{"description":"White","count":689,"tested":7351,"color":"rgb(31,119,180)"}],"gender":[]}
