{"age":[{"age_group":"<20","count":31,"tested":281},{"age_group":"20-29   ","count":38,"tested":487},{"age_group":"30-39   ","count":57,"tested":441},{"age_group":"40-49   ","count":45,"tested":386},{"age_group":"50-59   ","count":41,"tested":484},{"age_group":"60-69   ","count":36,"tested":523},{"age_group":"70-79   ","count":11,"tested":181},{"age_group":"80+","count":8,"tested":171}],"race":[{"description":"Black","count":45,"tested":510,"color":"rgb(255,127,14)"},{"description":"Hispanic","count":43,"tested":227,"color":"rgb(214,39,40)"},{"description":"Left Blank","count":87,"tested":1288,"color":"rgb(44,160,44)"},{"description":"White","count":87,"tested":865,"color":"rgb(31,119,180)"}],"gender":[]}
