{"age":[{"age_group":"<20","count":116,"tested":1423},{"age_group":"20-29   ","count":155,"tested":1739},{"age_group":"30-39   ","count":139,"tested":1392},{"age_group":"40-49   ","count":115,"tested":1471},{"age_group":"50-59   ","count":132,"tested":1818},{"age_group":"60-69   ","count":114,"tested":1448},{"age_group":"70-79   ","count":40,"tested":580},{"age_group":"80+","count":14,"tested":301}],"race":[{"description":"Black","count":12,"tested":145,"color":"rgb(255,127,14)"},{"description":"Hispanic","count":145,"tested":1011,"color":"rgb(214,39,40)"},{"description":"Left Blank","count":272,"tested":3664,"color":"rgb(44,160,44)"},{"description":"Other","count":37,"tested":311,"color":"rgb(148,103,189)"},{"description":"White","count":355,"tested":4948,"color":"rgb(31,119,180)"}],"gender":[]}
