{"age":[{"age_group":"<20","count":875,"tested":8410},{"age_group":"20-29   ","count":997,"tested":10831},{"age_group":"30-39   ","count":790,"tested":8483},{"age_group":"40-49   ","count":887,"tested":9319},{"age_group":"50-59   ","count":774,"tested":9134},{"age_group":"60-69   ","count":367,"tested":4850},{"age_group":"70-79   ","count":186,"tested":2897},{"age_group":"80+","count":98,"tested":1611}],"race":[{"description":"AI/AN**","count":8,"tested":91,"color":"rgb(31,119,180)"},{"description":"Asian","count":186,"tested":2153,"color":"rgb(140,86,75)"},{"description":"Black","count":448,"tested":5191,"color":"rgb(255,127,14)"},{"description":"Hispanic","count":1468,"tested":9407,"color":"rgb(214,39,40)"},{"description":"Left Blank","count":1418,"tested":21785,"color":"rgb(44,160,44)"},{"description":"NH/PI*","count":6,"tested":86,"color":"rgb(127,127,127)"},{"description":"Other","count":210,"tested":2323,"color":"rgb(148,103,189)"},{"description":"White","count":1231,"tested":14511,"color":"rgb(31,119,180)"}],"gender":[]}
