{"age":[{"age_group":"<20","count":883,"tested":13026},{"age_group":"20-29   ","count":600,"tested":9488},{"age_group":"30-39   ","count":344,"tested":6547},{"age_group":"40-49   ","count":556,"tested":8298},{"age_group":"50-59   ","count":683,"tested":10125},{"age_group":"60-69   ","count":270,"tested":5443},{"age_group":"70-79   ","count":116,"tested":2977},{"age_group":"80+","count":38,"tested":1957}],"race":[{"description":"AI/AN**","count":10,"tested":152,"color":"rgb(31,119,180)"},{"description":"Asian","count":354,"tested":7299,"color":"rgb(140,86,75)"},{"description":"Black","count":129,"tested":2149,"color":"rgb(255,127,14)"},{"description":"Hispanic","count":148,"tested":1559,"color":"rgb(214,39,40)"},{"description":"Left Blank","count":1176,"tested":24116,"color":"rgb(44,160,44)"},{"description":"Other","count":133,"tested":2565,"color":"rgb(148,103,189)"},{"description":"White","count":1539,"tested":19976,"color":"rgb(31,119,180)"}],"gender":[]}
