{"age":[{"age_group":"<20","count":611,"tested":7094},{"age_group":"20-29   ","count":716,"tested":7586},{"age_group":"30-39   ","count":586,"tested":6922},{"age_group":"40-49   ","count":589,"tested":5902},{"age_group":"50-59   ","count":587,"tested":6958},{"age_group":"60-69   ","count":368,"tested":5995},{"age_group":"70-79   ","count":139,"tested":3214},{"age_group":"80+","count":101,"tested":2264}],"race":[{"description":"Asian","count":118,"tested":2331,"color":"rgb(140,86,75)"},{"description":"Black","count":44,"tested":746,"color":"rgb(255,127,14)"},{"description":"Hispanic","count":1283,"tested":7419,"color":"rgb(214,39,40)"},{"description":"Left Blank","count":898,"tested":15310,"color":"rgb(44,160,44)"},{"description":"NH/PI*","count":6,"tested":97,"color":"rgb(127,127,127)"},{"description":"Other","count":201,"tested":1680,"color":"rgb(148,103,189)"},{"description":"White","count":1145,"tested":18265,"color":"rgb(31,119,180)"}],"gender":[]}
