{"age":[{"age_group":"<20","count":346,"tested":4196},{"age_group":"20-29   ","count":446,"tested":8625},{"age_group":"30-39   ","count":503,"tested":11669},{"age_group":"40-49   ","count":450,"tested":11592},{"age_group":"50-59   ","count":377,"tested":8675},{"age_group":"60-69   ","count":272,"tested":5802},{"age_group":"70-79   ","count":160,"tested":2947},{"age_group":"80+","count":137,"tested":2583}],"race":[{"description":"Asian","count":41,"tested":341,"color":"rgb(140,86,75)"},{"description":"Black","count":300,"tested":2193,"color":"rgb(255,127,14)"},{"description":"Hispanic","count":334,"tested":1897,"color":"rgb(214,39,40)"},{"description":"Left Blank","count":1065,"tested":41368,"color":"rgb(44,160,44)"},{"description":"Other","count":74,"tested":896,"color":"rgb(148,103,189)"},{"description":"White","count":871,"tested":10898,"color":"rgb(31,119,180)"}],"gender":[]}
