{"age":[{"age_group":"<20","count":593,"tested":55837},{"age_group":"20-29   ","count":793,"tested":43582},{"age_group":"30-39   ","count":734,"tested":16791},{"age_group":"40-49   ","count":507,"tested":11825},{"age_group":"50-59   ","count":477,"tested":12140},{"age_group":"60-69   ","count":327,"tested":9177},{"age_group":"70-79   ","count":153,"tested":4144},{"age_group":"80+","count":122,"tested":3364}],"race":[{"description":"AI/AN**","count":8,"tested":511,"color":"rgb(31,119,180)"},{"description":"Asian","count":73,"tested":20963,"color":"rgb(140,86,75)"},{"description":"Black","count":2260,"tested":36351,"color":"rgb(255,127,14)"},{"description":"Hispanic","count":127,"tested":12100,"color":"rgb(214,39,40)"},{"description":"Left Blank","count":928,"tested":40951,"color":"rgb(44,160,44)"},{"description":"Other","count":47,"tested":1075,"color":"rgb(148,103,189)"},{"description":"White","count":260,"tested":44794,"color":"rgb(31,119,180)"}],"gender":[]}
