{"age":[{"age_group":"<20","count":189,"tested":1894},{"age_group":"20-29   ","count":170,"tested":2026},{"age_group":"30-39   ","count":210,"tested":1922},{"age_group":"40-49   ","count":181,"tested":1760},{"age_group":"50-59   ","count":207,"tested":1853},{"age_group":"60-69   ","count":134,"tested":1734},{"age_group":"70-79   ","count":60,"tested":1086},{"age_group":"80+","count":39,"tested":831}],"race":[{"description":"Hispanic","count":230,"tested":1039,"color":"rgb(214,39,40)"},{"description":"Left Blank","count":267,"tested":4710,"color":"rgb(44,160,44)"},{"description":"Other","count":16,"tested":230,"color":"rgb(148,103,189)"},{"description":"White","count":665,"tested":6952,"color":"rgb(31,119,180)"}],"gender":[]}
