{"age":[{"age_group":"<20","count":356,"tested":5999},{"age_group":"20-29   ","count":813,"tested":19191},{"age_group":"30-39   ","count":829,"tested":18215},{"age_group":"40-49   ","count":557,"tested":12077},{"age_group":"50-59   ","count":530,"tested":12629},{"age_group":"60-69   ","count":410,"tested":12647},{"age_group":"70-79   ","count":195,"tested":6895},{"age_group":"80+","count":167,"tested":4482}],"race":[{"description":"Asian","count":527,"tested":9018,"color":"rgb(140,86,75)"},{"description":"Black","count":957,"tested":15428,"color":"rgb(255,127,14)"},{"description":"Hispanic","count":444,"tested":4453,"color":"rgb(214,39,40)"},{"description":"Left Blank","count":1123,"tested":47024,"color":"rgb(44,160,44)"},{"description":"Other","count":175,"tested":3404,"color":"rgb(148,103,189)"},{"description":"White","count":623,"tested":12654,"color":"rgb(31,119,180)"}],"gender":[]}
