{"age":[{"age_group":"<20","count":1034,"tested":9868},{"age_group":"20-29   ","count":1076,"tested":11345},{"age_group":"30-39   ","count":874,"tested":9758},{"age_group":"40-49   ","count":1019,"tested":10515},{"age_group":"50-59   ","count":926,"tested":10309},{"age_group":"60-69   ","count":343,"tested":4429},{"age_group":"70-79   ","count":118,"tested":2171},{"age_group":"80+","count":52,"tested":817}],"race":[{"description":"AI/AN**","count":9,"tested":91,"color":"rgb(31,119,180)"},{"description":"Asian","count":67,"tested":1127,"color":"rgb(140,86,75)"},{"description":"Black","count":403,"tested":4396,"color":"rgb(255,127,14)"},{"description":"Hispanic","count":1033,"tested":6951,"color":"rgb(214,39,40)"},{"description":"Left Blank","count":1678,"tested":22239,"color":"rgb(44,160,44)"},{"description":"Other","count":210,"tested":2369,"color":"rgb(148,103,189)"},{"description":"White","count":2040,"tested":21962,"color":"rgb(31,119,180)"}],"gender":[]}
