{"age":[{"age_group":"<20","count":297,"tested":2738},{"age_group":"20-29   ","count":306,"tested":2910},{"age_group":"30-39   ","count":304,"tested":3114},{"age_group":"40-49   ","count":300,"tested":2505},{"age_group":"50-59   ","count":232,"tested":1900},{"age_group":"60-69   ","count":131,"tested":1452},{"age_group":"70-79   ","count":47,"tested":682},{"age_group":"80+","count":23,"tested":306}],"race":[{"description":"Asian","count":10,"tested":140,"color":"rgb(140,86,75)"},{"description":"Black","count":74,"tested":958,"color":"rgb(255,127,14)"},{"description":"Hispanic","count":579,"tested":3023,"color":"rgb(214,39,40)"},{"description":"Left Blank","count":352,"tested":5167,"color":"rgb(44,160,44)"},{"description":"Other","count":35,"tested":492,"color":"rgb(148,103,189)"},{"description":"White","count":589,"tested":5795,"color":"rgb(31,119,180)"}],"gender":[]}
