{"age":[{"age_group":"<20","count":687,"tested":7062},{"age_group":"20-29   ","count":546,"tested":5769},{"age_group":"30-39   ","count":401,"tested":4613},{"age_group":"40-49   ","count":591,"tested":5680},{"age_group":"50-59   ","count":775,"tested":6934},{"age_group":"60-69   ","count":409,"tested":4943},{"age_group":"70-79   ","count":178,"tested":2777},{"age_group":"80+","count":66,"tested":1176}],"race":[{"description":"Asian","count":44,"tested":521,"color":"rgb(140,86,75)"},{"description":"Black","count":173,"tested":2146,"color":"rgb(255,127,14)"},{"description":"Hispanic","count":134,"tested":1023,"color":"rgb(214,39,40)"},{"description":"Left Blank","count":1267,"tested":15471,"color":"rgb(44,160,44)"},{"description":"Other","count":110,"tested":1303,"color":"rgb(148,103,189)"},{"description":"White","count":1921,"tested":18452,"color":"rgb(31,119,180)"}],"gender":[]}
