{"age":[{"age_group":"<20","count":2380,"tested":15828},{"age_group":"20-29   ","count":2788,"tested":24158},{"age_group":"30-39   ","count":2453,"tested":17625},{"age_group":"40-49   ","count":2375,"tested":15808},{"age_group":"50-59   ","count":1918,"tested":13784},{"age_group":"60-69   ","count":994,"tested":9757},{"age_group":"70-79   ","count":388,"tested":4594},{"age_group":"80+","count":211,"tested":2364}],"race":[{"description":"AI/AN**","count":9,"tested":92,"color":"rgb(31,119,180)"},{"description":"Asian","count":127,"tested":1947,"color":"rgb(140,86,75)"},{"description":"Black","count":184,"tested":1882,"color":"rgb(255,127,14)"},{"description":"Hispanic","count":9435,"tested":44050,"color":"rgb(214,39,40)"},{"description":"Left Blank","count":2542,"tested":42274,"color":"rgb(44,160,44)"},{"description":"Other","count":519,"tested":5453,"color":"rgb(148,103,189)"},{"description":"White","count":689,"tested":8177,"color":"rgb(31,119,180)"}],"gender":[]}
