{"age":[{"age_group":"<20","count":15,"tested":120},{"age_group":"20-29   ","count":21,"tested":208},{"age_group":"30-39   ","count":13,"tested":118},{"age_group":"40-49   ","count":13,"tested":116},{"age_group":"50-59   ","count":18,"tested":233},{"age_group":"60-69   ","count":7,"tested":93},{"age_group":"70-79   ","count":7,"tested":74}],"race":[{"description":"Left Blank","count":20,"tested":272,"color":"rgb(44,160,44)"},{"description":"Other","count":10,"tested":45,"color":"rgb(148,103,189)"},{"description":"White","count":60,"tested":666,"color":"rgb(31,119,180)"}],"gender":[]}
