{"age":[{"age_group":"<20","count":1054,"tested":9914},{"age_group":"20-29   ","count":1882,"tested":33801},{"age_group":"30-39   ","count":1682,"tested":27879},{"age_group":"40-49   ","count":1288,"tested":16659},{"age_group":"50-59   ","count":1047,"tested":13144},{"age_group":"60-69   ","count":702,"tested":10544},{"age_group":"70-79   ","count":353,"tested":5054},{"age_group":"80+","count":174,"tested":2678}],"race":[{"description":"AI/AN**","count":9,"tested":218,"color":"rgb(31,119,180)"},{"description":"Asian","count":215,"tested":5182,"color":"rgb(140,86,75)"},{"description":"Black","count":940,"tested":16255,"color":"rgb(255,127,14)"},{"description":"Hispanic","count":4524,"tested":33117,"color":"rgb(214,39,40)"},{"description":"Left Blank","count":1250,"tested":37136,"color":"rgb(44,160,44)"},{"description":"NH/PI*","count":6,"tested":78,"color":"rgb(127,127,127)"},{"description":"Other","count":319,"tested":5683,"color":"rgb(148,103,189)"},{"description":"White","count":919,"tested":22039,"color":"rgb(31,119,180)"}],"gender":[]}
