{"lastUpdatedDate":{"year":2021,"month":4,"day":9},"county_demographics":[{"County":"Schuyler","confirmed_cases":690,"total_tested":11966,"demographics":{"age":[{"race":[],"age_group":"<20","count":71,"tested":930,"deaths":0},{"race":[],"age_group":"20-29   ","count":60,"tested":1211,"deaths":0},{"race":[],"age_group":"30-39   ","count":87,"tested":1577,"deaths":0},{"race":[],"age_group":"40-49   ","count":88,"tested":2064,"deaths":0},{"race":[],"age_group":"50-59   ","count":124,"tested":2617,"deaths":0},{"race":[],"age_group":"60-69   ","count":116,"tested":2106,"deaths":0},{"race":[],"age_group":"70-79   ","count":77,"tested":876,"deaths":0},{"race":[],"age_group":"80+","count":67,"tested":585,"deaths":0}],"race":[{"description":"AI/AN**","count":0,"tested":13,"deaths":0,"color":"rgb(31,119,180)"},{"description":"Asian","count":0,"tested":0,"deaths":0,"color":"rgb(140,86,75)"},{"description":"Black","count":19,"tested":268,"deaths":0,"color":"rgb(255,127,14)"},{"description":"Hispanic","count":6,"tested":80,"deaths":0,"color":"rgb(214,39,40)"},{"description":"Left Blank","count":133,"tested":2677,"deaths":0,"color":"rgb(44,160,44)"},{"description":"NH/PI*","count":0,"tested":0,"deaths":0,"color":"rgb(127,127,127)"},{"description":"Other","count":0,"tested":224,"deaths":0,"color":"rgb(148,103,189)"},{"description":"White","count":524,"tested":8699,"deaths":0,"color":"rgb(31,119,180)"}],"gender":[{"description":"Female","count":360,"tested":4783,"deaths":0,"color":"rgb(255,127,14)"},{"description":"Male","count":294,"tested":6677,"deaths":0,"color":"rgb(31,119,180)"},{"description":"Unknown/Left Blank","count":36,"tested":506,"deaths":0,"color":"rgb(44,160,44)"}]}}]}
