{"lastUpdatedDate":{"year":2021,"month":4,"day":9},"county_demographics":[{"County":"Moultrie","confirmed_cases":1551,"total_tested":22744,"demographics":{"age":[{"race":[],"age_group":"<20","count":258,"tested":3513,"deaths":0},{"race":[],"age_group":"20-29   ","count":182,"tested":3507,"deaths":0},{"race":[],"age_group":"30-39   ","count":181,"tested":3115,"deaths":0},{"race":[],"age_group":"40-49   ","count":170,"tested":3111,"deaths":0},{"race":[],"age_group":"50-59   ","count":245,"tested":3339,"deaths":0},{"race":[],"age_group":"60-69   ","count":228,"tested":2830,"deaths":0},{"race":[],"age_group":"70-79   ","count":151,"tested":1741,"deaths":0},{"race":[],"age_group":"80+","count":136,"tested":1571,"deaths":0},{"race":[],"age_group":"Unknown","count":0,"tested":17,"deaths":0}],"race":[{"description":"AI/AN**","count":0,"tested":0,"deaths":0,"color":"rgb(31,119,180)"},{"description":"Asian","count":0,"tested":45,"deaths":0,"color":"rgb(140,86,75)"},{"description":"Black","count":14,"tested":215,"deaths":0,"color":"rgb(255,127,14)"},{"description":"Hispanic","count":12,"tested":102,"deaths":0,"color":"rgb(214,39,40)"},{"description":"Left Blank","count":405,"tested":7356,"deaths":0,"color":"rgb(44,160,44)"},{"description":"NH/PI*","count":0,"tested":19,"deaths":0,"color":"rgb(127,127,127)"},{"description":"Other","count":13,"tested":370,"deaths":0,"color":"rgb(148,103,189)"},{"description":"White","count":1104,"tested":14632,"deaths":0,"color":"rgb(31,119,180)"}],"gender":[{"description":"Female","count":811,"tested":14329,"deaths":0,"color":"rgb(255,127,14)"},{"description":"Male","count":710,"tested":7353,"deaths":0,"color":"rgb(31,119,180)"},{"description":"Unknown/Left Blank","count":30,"tested":1062,"deaths":0,"color":"rgb(44,160,44)"}]}}]}
