{"lastUpdatedDate":{"year":2021,"month":4,"day":9},"county_demographics":[{"County":"Pike","confirmed_cases":1748,"total_tested":17869,"demographics":{"age":[{"race":[],"age_group":"<20","count":244,"tested":2261,"deaths":0},{"race":[],"age_group":"20-29   ","count":252,"tested":2972,"deaths":0},{"race":[],"age_group":"30-39   ","count":234,"tested":2621,"deaths":0},{"race":[],"age_group":"40-49   ","count":225,"tested":2334,"deaths":0},{"race":[],"age_group":"50-59   ","count":252,"tested":2651,"deaths":0},{"race":[],"age_group":"60-69   ","count":251,"tested":2042,"deaths":0},{"race":[],"age_group":"70-79   ","count":136,"tested":1224,"deaths":0},{"race":[],"age_group":"80+","count":146,"tested":1763,"deaths":0},{"race":[],"age_group":"Unknown","count":0,"tested":0,"deaths":0}],"race":[{"description":"AI/AN**","count":0,"tested":0,"deaths":0,"color":"rgb(31,119,180)"},{"description":"Asian","count":0,"tested":10,"deaths":0,"color":"rgb(140,86,75)"},{"description":"Black","count":6,"tested":24,"deaths":0,"color":"rgb(255,127,14)"},{"description":"Hispanic","count":12,"tested":56,"deaths":0,"color":"rgb(214,39,40)"},{"description":"Left Blank","count":329,"tested":12203,"deaths":0,"color":"rgb(44,160,44)"},{"description":"NH/PI*","count":0,"tested":7,"deaths":0,"color":"rgb(127,127,127)"},{"description":"Other","count":0,"tested":51,"deaths":0,"color":"rgb(148,103,189)"},{"description":"White","count":1394,"tested":5518,"deaths":0,"color":"rgb(31,119,180)"}],"gender":[{"description":"Female","count":982,"tested":10718,"deaths":0,"color":"rgb(255,127,14)"},{"description":"Male","count":727,"tested":5477,"deaths":0,"color":"rgb(31,119,180)"},{"description":"Unknown/Left Blank","count":39,"tested":1674,"deaths":0,"color":"rgb(44,160,44)"}]}}]}
