{"lastUpdatedDate":{"year":2021,"month":4,"day":9},"county_demographics":[{"County":"Wabash","confirmed_cases":1340,"total_tested":13338,"demographics":{"age":[{"race":[],"age_group":"<20","count":263,"tested":2245,"deaths":0},{"race":[],"age_group":"20-29   ","count":162,"tested":1900,"deaths":0},{"race":[],"age_group":"30-39   ","count":157,"tested":1600,"deaths":0},{"race":[],"age_group":"40-49   ","count":183,"tested":1713,"deaths":0},{"race":[],"age_group":"50-59   ","count":199,"tested":1818,"deaths":0},{"race":[],"age_group":"60-69   ","count":176,"tested":1438,"deaths":0},{"race":[],"age_group":"70-79   ","count":102,"tested":769,"deaths":0},{"race":[],"age_group":"80+","count":98,"tested":1841,"deaths":0},{"race":[],"age_group":"Unknown","count":0,"tested":14,"deaths":0}],"race":[{"description":"AI/AN**","count":0,"tested":0,"deaths":0,"color":"rgb(31,119,180)"},{"description":"Asian","count":0,"tested":11,"deaths":0,"color":"rgb(140,86,75)"},{"description":"Black","count":7,"tested":44,"deaths":0,"color":"rgb(255,127,14)"},{"description":"Hispanic","count":17,"tested":52,"deaths":0,"color":"rgb(214,39,40)"},{"description":"Left Blank","count":217,"tested":6139,"deaths":0,"color":"rgb(44,160,44)"},{"description":"NH/PI*","count":0,"tested":0,"deaths":0,"color":"rgb(127,127,127)"},{"description":"Other","count":0,"tested":18,"deaths":0,"color":"rgb(148,103,189)"},{"description":"White","count":1085,"tested":7070,"deaths":0,"color":"rgb(31,119,180)"}],"gender":[{"description":"Female","count":738,"tested":8620,"deaths":0,"color":"rgb(255,127,14)"},{"description":"Male","count":579,"tested":4272,"deaths":0,"color":"rgb(31,119,180)"},{"description":"Unknown/Left Blank","count":20,"tested":446,"deaths":0,"color":"rgb(44,160,44)"}]}}]}
