{"lastUpdatedDate":{"year":2021,"month":4,"day":9},"county_demographics":[{"County":"DuPage","confirmed_cases":84261,"total_tested":1194902,"demographics":{"age":[{"race":[],"age_group":"<20","count":14488,"tested":151346,"deaths":0},{"race":[],"age_group":"20-29   ","count":14757,"tested":192240,"deaths":0},{"race":[],"age_group":"30-39   ","count":12898,"tested":168133,"deaths":0},{"race":[],"age_group":"40-49   ","count":12786,"tested":154645,"deaths":0},{"race":[],"age_group":"50-59   ","count":13192,"tested":177177,"deaths":0},{"race":[],"age_group":"60-69   ","count":8717,"tested":150468,"deaths":0},{"race":[],"age_group":"70-79   ","count":4066,"tested":88604,"deaths":0},{"race":[],"age_group":"80+","count":3351,"tested":111428,"deaths":0},{"race":[],"age_group":"Unknown","count":6,"tested":861,"deaths":0}],"race":[{"description":"AI/AN**","count":110,"tested":994,"deaths":0,"color":"rgb(31,119,180)"},{"description":"Asian","count":5374,"tested":54699,"deaths":0,"color":"rgb(140,86,75)"},{"description":"Black","count":3300,"tested":36402,"deaths":0,"color":"rgb(255,127,14)"},{"description":"Hispanic","count":15139,"tested":64000,"deaths":0,"color":"rgb(214,39,40)"},{"description":"Left Blank","count":17322,"tested":613919,"deaths":0,"color":"rgb(44,160,44)"},{"description":"NH/PI*","count":96,"tested":923,"deaths":0,"color":"rgb(127,127,127)"},{"description":"Other","count":2810,"tested":35235,"deaths":0,"color":"rgb(148,103,189)"},{"description":"White","count":40106,"tested":388730,"deaths":0,"color":"rgb(31,119,180)"}],"gender":[{"description":"Female","count":42757,"tested":678692,"deaths":0,"color":"rgb(255,127,14)"},{"description":"Male","count":40893,"tested":491096,"deaths":0,"color":"rgb(31,119,180)"},{"description":"Unknown/Left Blank","count":611,"tested":25114,"deaths":0,"color":"rgb(44,160,44)"}]}}]}
