{"lastUpdatedDate":{"year":2021,"month":7,"day":21},"county_demographics":[{"County":"Kendall","confirmed_cases":13418,"total_tested":167342,"demographics":{"age":[{"race":[],"age_group":"<20","count":2607,"tested":35133,"deaths":0},{"race":[],"age_group":"20-29   ","count":2338,"tested":27158,"deaths":0},{"race":[],"age_group":"30-39   ","count":2434,"tested":27466,"deaths":0},{"race":[],"age_group":"40-49   ","count":2543,"tested":27311,"deaths":0},{"race":[],"age_group":"50-59   ","count":1857,"tested":22245,"deaths":0},{"race":[],"age_group":"60-69   ","count":927,"tested":13803,"deaths":0},{"race":[],"age_group":"70-79   ","count":457,"tested":8083,"deaths":0},{"race":[],"age_group":"80+","count":255,"tested":6115,"deaths":0},{"race":[],"age_group":"Unknown","count":0,"tested":28,"deaths":0}],"race":[{"description":"AI/AN**","count":11,"tested":152,"deaths":0,"color":"rgb(31,119,180)"},{"description":"Asian","count":217,"tested":3341,"deaths":0,"color":"rgb(140,86,75)"},{"description":"Black","count":840,"tested":9905,"deaths":0,"color":"rgb(255,127,14)"},{"description":"Hispanic","count":2886,"tested":19313,"deaths":0,"color":"rgb(214,39,40)"},{"description":"Left Blank","count":3334,"tested":63224,"deaths":0,"color":"rgb(44,160,44)"},{"description":"NH/PI*","count":9,"tested":105,"deaths":0,"color":"rgb(127,127,127)"},{"description":"Other","count":395,"tested":5278,"deaths":0,"color":"rgb(148,103,189)"},{"description":"White","count":5721,"tested":66024,"deaths":0,"color":"rgb(31,119,180)"}],"gender":[{"description":"Female","count":6985,"tested":93429,"deaths":0,"color":"rgb(255,127,14)"},{"description":"Male","count":6381,"tested":70162,"deaths":0,"color":"rgb(31,119,180)"},{"description":"Unknown/Left Blank","count":52,"tested":3751,"deaths":0,"color":"rgb(44,160,44)"}]}}]}
