{"lastUpdatedDate":{"year":2021,"month":7,"day":21},"county_demographics":[{"County":"Kankakee","confirmed_cases":14700,"total_tested":265359,"demographics":{"age":[{"race":[],"age_group":"<20","count":2304,"tested":22042,"deaths":0},{"race":[],"age_group":"20-29   ","count":2596,"tested":38970,"deaths":0},{"race":[],"age_group":"30-39   ","count":2267,"tested":39427,"deaths":0},{"race":[],"age_group":"40-49   ","count":2205,"tested":39616,"deaths":0},{"race":[],"age_group":"50-59   ","count":2198,"tested":44596,"deaths":0},{"race":[],"age_group":"60-69   ","count":1601,"tested":36347,"deaths":0},{"race":[],"age_group":"70-79   ","count":899,"tested":22958,"deaths":0},{"race":[],"age_group":"80+","count":628,"tested":21327,"deaths":0},{"race":[],"age_group":"Unknown","count":0,"tested":76,"deaths":0}],"race":[{"description":"AI/AN**","count":0,"tested":149,"deaths":0,"color":"rgb(31,119,180)"},{"description":"Asian","count":65,"tested":1677,"deaths":0,"color":"rgb(140,86,75)"},{"description":"Black","count":1969,"tested":48083,"deaths":0,"color":"rgb(255,127,14)"},{"description":"Hispanic","count":1372,"tested":10349,"deaths":0,"color":"rgb(214,39,40)"},{"description":"Left Blank","count":3358,"tested":59697,"deaths":0,"color":"rgb(44,160,44)"},{"description":"NH/PI*","count":0,"tested":359,"deaths":0,"color":"rgb(127,127,127)"},{"description":"Other","count":383,"tested":6700,"deaths":0,"color":"rgb(148,103,189)"},{"description":"White","count":7542,"tested":138345,"deaths":0,"color":"rgb(31,119,180)"}],"gender":[{"description":"Female","count":7786,"tested":155775,"deaths":0,"color":"rgb(255,127,14)"},{"description":"Male","count":6874,"tested":104879,"deaths":0,"color":"rgb(31,119,180)"},{"description":"Unknown/Left Blank","count":40,"tested":4705,"deaths":0,"color":"rgb(44,160,44)"}]}}]}
