{"lastUpdatedDate":{"year":2021,"month":7,"day":21},"county_demographics":[{"County":"Chicago","confirmed_cases":287607,"total_tested":5031625,"demographics":{"age":[{"race":[],"age_group":"<20","count":39562,"tested":552338,"deaths":0},{"race":[],"age_group":"20-29   ","count":62978,"tested":1150280,"deaths":0},{"race":[],"age_group":"30-39   ","count":56679,"tested":1001782,"deaths":0},{"race":[],"age_group":"40-49   ","count":45153,"tested":689427,"deaths":0},{"race":[],"age_group":"50-59   ","count":37979,"tested":652752,"deaths":0},{"race":[],"age_group":"60-69   ","count":25146,"tested":529264,"deaths":0},{"race":[],"age_group":"70-79   ","count":12348,"tested":272911,"deaths":0},{"race":[],"age_group":"80+","count":7757,"tested":179879,"deaths":0},{"race":[],"age_group":"Unknown","count":0,"tested":2992,"deaths":0}],"race":[{"description":"AI/AN**","count":382,"tested":6131,"deaths":0,"color":"rgb(31,119,180)"},{"description":"Asian","count":7574,"tested":189106,"deaths":0,"color":"rgb(140,86,75)"},{"description":"Black","count":53574,"tested":778511,"deaths":0,"color":"rgb(255,127,14)"},{"description":"Hispanic","count":93611,"tested":637039,"deaths":0,"color":"rgb(214,39,40)"},{"description":"Left Blank","count":66572,"tested":2159364,"deaths":0,"color":"rgb(44,160,44)"},{"description":"NH/PI*","count":267,"tested":5098,"deaths":0,"color":"rgb(127,127,127)"},{"description":"Other","count":12629,"tested":190425,"deaths":0,"color":"rgb(148,103,189)"},{"description":"White","count":52998,"tested":1065951,"deaths":0,"color":"rgb(31,119,180)"}],"gender":[{"description":"Female","count":146703,"tested":2653802,"deaths":0,"color":"rgb(255,127,14)"},{"description":"Male","count":137156,"tested":2245456,"deaths":0,"color":"rgb(31,119,180)"},{"description":"Unknown/Left Blank","count":3748,"tested":132367,"deaths":0,"color":"rgb(44,160,44)"}]}}]}
