{"lastUpdatedDate":{"year":2021,"month":7,"day":21},"county_demographics":[{"County":"Putnam","confirmed_cases":493,"total_tested":7714,"demographics":{"age":[{"race":[],"age_group":"<20","count":71,"tested":889,"deaths":0},{"race":[],"age_group":"20-29   ","count":75,"tested":852,"deaths":0},{"race":[],"age_group":"30-39   ","count":68,"tested":1274,"deaths":0},{"race":[],"age_group":"40-49   ","count":66,"tested":1230,"deaths":0},{"race":[],"age_group":"50-59   ","count":95,"tested":1657,"deaths":0},{"race":[],"age_group":"60-69   ","count":70,"tested":1126,"deaths":0},{"race":[],"age_group":"70-79   ","count":30,"tested":458,"deaths":0},{"race":[],"age_group":"80+","count":11,"tested":227,"deaths":0},{"race":[],"age_group":"Unknown","count":0,"tested":0,"deaths":0}],"race":[{"description":"Asian","count":0,"tested":6,"deaths":0,"color":"rgb(140,86,75)"},{"description":"Black","count":0,"tested":23,"deaths":0,"color":"rgb(255,127,14)"},{"description":"Hispanic","count":14,"tested":176,"deaths":0,"color":"rgb(214,39,40)"},{"description":"Left Blank","count":190,"tested":3645,"deaths":0,"color":"rgb(44,160,44)"},{"description":"NH/PI*","count":0,"tested":77,"deaths":0,"color":"rgb(127,127,127)"},{"description":"Other","count":0,"tested":60,"deaths":0,"color":"rgb(148,103,189)"},{"description":"White","count":276,"tested":3727,"deaths":0,"color":"rgb(31,119,180)"}],"gender":[{"description":"Female","count":273,"tested":4416,"deaths":0,"color":"rgb(255,127,14)"},{"description":"Male","count":213,"tested":1991,"deaths":0,"color":"rgb(31,119,180)"},{"description":"Unknown/Left Blank","count":0,"tested":1307,"deaths":0,"color":"rgb(44,160,44)"}]}}]}
