{"lastUpdatedDate":{"year":2021,"month":5,"day":17},"county_demographics":[{"County":"Pike","confirmed_cases":1793,"total_tested":19894,"demographics":{"age":[{"race":[],"age_group":"<20","count":255,"tested":2480,"deaths":0},{"race":[],"age_group":"20-29   ","count":260,"tested":3340,"deaths":0},{"race":[],"age_group":"30-39   ","count":243,"tested":3028,"deaths":0},{"race":[],"age_group":"40-49   ","count":229,"tested":2668,"deaths":0},{"race":[],"age_group":"50-59   ","count":258,"tested":2961,"deaths":0},{"race":[],"age_group":"60-69   ","count":254,"tested":2234,"deaths":0},{"race":[],"age_group":"70-79   ","count":140,"tested":1318,"deaths":0},{"race":[],"age_group":"80+","count":147,"tested":1864,"deaths":0},{"race":[],"age_group":"Unknown","count":0,"tested":0,"deaths":0}],"race":[{"description":"AI/AN**","count":0,"tested":0,"deaths":0,"color":"rgb(31,119,180)"},{"description":"Asian","count":0,"tested":10,"deaths":0,"color":"rgb(140,86,75)"},{"description":"Black","count":6,"tested":24,"deaths":0,"color":"rgb(255,127,14)"},{"description":"Hispanic","count":12,"tested":59,"deaths":0,"color":"rgb(214,39,40)"},{"description":"Left Blank","count":332,"tested":13657,"deaths":0,"color":"rgb(44,160,44)"},{"description":"NH/PI*","count":0,"tested":9,"deaths":0,"color":"rgb(127,127,127)"},{"description":"Other","count":0,"tested":79,"deaths":0,"color":"rgb(148,103,189)"},{"description":"White","count":1436,"tested":6056,"deaths":0,"color":"rgb(31,119,180)"}],"gender":[{"description":"Female","count":1010,"tested":11732,"deaths":0,"color":"rgb(255,127,14)"},{"description":"Male","count":744,"tested":6363,"deaths":0,"color":"rgb(31,119,180)"},{"description":"Unknown/Left Blank","count":39,"tested":1799,"deaths":0,"color":"rgb(44,160,44)"}]}}]}
