{"lastUpdatedDate":{"year":2021,"month":5,"day":17},"county_demographics":[{"County":"Stark","confirmed_cases":638,"total_tested":9991,"demographics":{"age":[{"race":[],"age_group":"<20","count":108,"tested":1511,"deaths":0},{"race":[],"age_group":"20-29   ","count":95,"tested":1621,"deaths":0},{"race":[],"age_group":"30-39   ","count":77,"tested":1138,"deaths":0},{"race":[],"age_group":"40-49   ","count":82,"tested":975,"deaths":0},{"race":[],"age_group":"50-59   ","count":110,"tested":1306,"deaths":0},{"race":[],"age_group":"60-69   ","count":66,"tested":1394,"deaths":0},{"race":[],"age_group":"70-79   ","count":49,"tested":1071,"deaths":0},{"race":[],"age_group":"80+","count":46,"tested":968,"deaths":0},{"race":[],"age_group":"Unknown","count":0,"tested":7,"deaths":0}],"race":[{"description":"AI/AN**","count":0,"tested":0,"deaths":0,"color":"rgb(31,119,180)"},{"description":"Asian","count":0,"tested":18,"deaths":0,"color":"rgb(140,86,75)"},{"description":"Black","count":0,"tested":35,"deaths":0,"color":"rgb(255,127,14)"},{"description":"Hispanic","count":0,"tested":51,"deaths":0,"color":"rgb(214,39,40)"},{"description":"Left Blank","count":198,"tested":5466,"deaths":0,"color":"rgb(44,160,44)"},{"description":"NH/PI*","count":0,"tested":0,"deaths":0,"color":"rgb(127,127,127)"},{"description":"Other","count":0,"tested":74,"deaths":0,"color":"rgb(148,103,189)"},{"description":"White","count":417,"tested":4345,"deaths":0,"color":"rgb(31,119,180)"}],"gender":[{"description":"Female","count":347,"tested":6431,"deaths":0,"color":"rgb(255,127,14)"},{"description":"Male","count":278,"tested":3291,"deaths":0,"color":"rgb(31,119,180)"},{"description":"Unknown/Left Blank","count":11,"tested":269,"deaths":0,"color":"rgb(44,160,44)"}]}}]}
