{"lastUpdatedDate":{"year":2021,"month":5,"day":17},"county_demographics":[{"County":"Morgan","confirmed_cases":3902,"total_tested":64479,"demographics":{"age":[{"race":[],"age_group":"<20","count":502,"tested":6638,"deaths":0},{"race":[],"age_group":"20-29   ","count":660,"tested":11472,"deaths":0},{"race":[],"age_group":"30-39   ","count":579,"tested":10228,"deaths":0},{"race":[],"age_group":"40-49   ","count":593,"tested":8814,"deaths":0},{"race":[],"age_group":"50-59   ","count":623,"tested":8792,"deaths":0},{"race":[],"age_group":"60-69   ","count":435,"tested":7008,"deaths":0},{"race":[],"age_group":"70-79   ","count":271,"tested":4752,"deaths":0},{"race":[],"age_group":"80+","count":239,"tested":5879,"deaths":0},{"race":[],"age_group":"Unknown","count":0,"tested":896,"deaths":0}],"race":[{"description":"AI/AN**","count":0,"tested":20,"deaths":0,"color":"rgb(31,119,180)"},{"description":"Asian","count":9,"tested":296,"deaths":0,"color":"rgb(140,86,75)"},{"description":"Black","count":324,"tested":2318,"deaths":0,"color":"rgb(255,127,14)"},{"description":"Hispanic","count":62,"tested":423,"deaths":0,"color":"rgb(214,39,40)"},{"description":"Left Blank","count":1864,"tested":34216,"deaths":0,"color":"rgb(44,160,44)"},{"description":"NH/PI*","count":0,"tested":31,"deaths":0,"color":"rgb(127,127,127)"},{"description":"Other","count":32,"tested":722,"deaths":0,"color":"rgb(148,103,189)"},{"description":"White","count":1605,"tested":26453,"deaths":0,"color":"rgb(31,119,180)"}],"gender":[{"description":"Female","count":1593,"tested":34459,"deaths":0,"color":"rgb(255,127,14)"},{"description":"Male","count":1780,"tested":23335,"deaths":0,"color":"rgb(31,119,180)"},{"description":"Unknown/Left Blank","count":529,"tested":6685,"deaths":0,"color":"rgb(44,160,44)"}]}}]}
