{"lastUpdatedDate":{"year":2021,"month":5,"day":17},"county_demographics":[{"County":"Jersey","confirmed_cases":2693,"total_tested":32696,"demographics":{"age":[{"race":[],"age_group":"<20","count":414,"tested":3765,"deaths":0},{"race":[],"age_group":"20-29   ","count":351,"tested":5155,"deaths":0},{"race":[],"age_group":"30-39   ","count":339,"tested":4281,"deaths":0},{"race":[],"age_group":"40-49   ","count":353,"tested":4740,"deaths":0},{"race":[],"age_group":"50-59   ","count":400,"tested":4847,"deaths":0},{"race":[],"age_group":"60-69   ","count":370,"tested":3793,"deaths":0},{"race":[],"age_group":"70-79   ","count":239,"tested":2382,"deaths":0},{"race":[],"age_group":"80+","count":201,"tested":3721,"deaths":0},{"race":[],"age_group":"Unknown","count":26,"tested":12,"deaths":0}],"race":[{"description":"AI/AN**","count":0,"tested":9,"deaths":0,"color":"rgb(31,119,180)"},{"description":"Asian","count":0,"tested":19,"deaths":0,"color":"rgb(140,86,75)"},{"description":"Black","count":12,"tested":443,"deaths":0,"color":"rgb(255,127,14)"},{"description":"Hispanic","count":0,"tested":105,"deaths":0,"color":"rgb(214,39,40)"},{"description":"Left Blank","count":484,"tested":9743,"deaths":0,"color":"rgb(44,160,44)"},{"description":"NH/PI*","count":0,"tested":0,"deaths":0,"color":"rgb(127,127,127)"},{"description":"Other","count":29,"tested":599,"deaths":0,"color":"rgb(148,103,189)"},{"description":"White","count":2151,"tested":21775,"deaths":0,"color":"rgb(31,119,180)"}],"gender":[{"description":"Female","count":1492,"tested":21386,"deaths":0,"color":"rgb(255,127,14)"},{"description":"Male","count":1186,"tested":11154,"deaths":0,"color":"rgb(31,119,180)"},{"description":"Unknown/Left Blank","count":12,"tested":156,"deaths":0,"color":"rgb(44,160,44)"}]}}]}
