{"lastUpdatedDate":{"year":2021,"month":5,"day":17},"county_demographics":[{"County":"Edgar","confirmed_cases":1708,"total_tested":15748,"demographics":{"age":[{"race":[],"age_group":"<20","count":271,"tested":1830,"deaths":0},{"race":[],"age_group":"20-29   ","count":216,"tested":2299,"deaths":0},{"race":[],"age_group":"30-39   ","count":220,"tested":1939,"deaths":0},{"race":[],"age_group":"40-49   ","count":248,"tested":2209,"deaths":0},{"race":[],"age_group":"50-59   ","count":223,"tested":2056,"deaths":0},{"race":[],"age_group":"60-69   ","count":225,"tested":2009,"deaths":0},{"race":[],"age_group":"70-79   ","count":160,"tested":1439,"deaths":0},{"race":[],"age_group":"80+","count":144,"tested":1916,"deaths":0},{"race":[],"age_group":"Unknown","count":0,"tested":51,"deaths":0}],"race":[{"description":"AI/AN**","count":0,"tested":0,"deaths":0,"color":"rgb(31,119,180)"},{"description":"Asian","count":0,"tested":9,"deaths":0,"color":"rgb(140,86,75)"},{"description":"Black","count":0,"tested":78,"deaths":0,"color":"rgb(255,127,14)"},{"description":"Hispanic","count":0,"tested":46,"deaths":0,"color":"rgb(214,39,40)"},{"description":"Left Blank","count":155,"tested":7286,"deaths":0,"color":"rgb(44,160,44)"},{"description":"NH/PI*","count":0,"tested":0,"deaths":0,"color":"rgb(127,127,127)"},{"description":"Other","count":0,"tested":114,"deaths":0,"color":"rgb(148,103,189)"},{"description":"White","count":1539,"tested":8207,"deaths":0,"color":"rgb(31,119,180)"}],"gender":[{"description":"Female","count":519,"tested":9790,"deaths":0,"color":"rgb(255,127,14)"},{"description":"Male","count":402,"tested":4764,"deaths":0,"color":"rgb(31,119,180)"},{"description":"Unknown/Left Blank","count":787,"tested":1194,"deaths":0,"color":"rgb(44,160,44)"}]}}]}
