{"lastUpdatedDate":{"year":2021,"month":5,"day":14},"county_demographics":[{"County":"Williamson","confirmed_cases":7433,"total_tested":106924,"demographics":{"age":[{"race":[],"age_group":"<20","count":1194,"tested":11927,"deaths":0},{"race":[],"age_group":"20-29   ","count":1144,"tested":14930,"deaths":0},{"race":[],"age_group":"30-39   ","count":1180,"tested":16913,"deaths":0},{"race":[],"age_group":"40-49   ","count":1140,"tested":15888,"deaths":0},{"race":[],"age_group":"50-59   ","count":1054,"tested":16122,"deaths":0},{"race":[],"age_group":"60-69   ","count":795,"tested":12303,"deaths":0},{"race":[],"age_group":"70-79   ","count":563,"tested":9957,"deaths":0},{"race":[],"age_group":"80+","count":362,"tested":8851,"deaths":0},{"race":[],"age_group":"Unknown","count":0,"tested":33,"deaths":0}],"race":[{"description":"AI/AN**","count":0,"tested":35,"deaths":0,"color":"rgb(31,119,180)"},{"description":"Asian","count":23,"tested":372,"deaths":0,"color":"rgb(140,86,75)"},{"description":"Black","count":243,"tested":3174,"deaths":0,"color":"rgb(255,127,14)"},{"description":"Hispanic","count":96,"tested":894,"deaths":0,"color":"rgb(214,39,40)"},{"description":"Left Blank","count":1450,"tested":42212,"deaths":0,"color":"rgb(44,160,44)"},{"description":"NH/PI*","count":0,"tested":53,"deaths":0,"color":"rgb(127,127,127)"},{"description":"Other","count":60,"tested":1176,"deaths":0,"color":"rgb(148,103,189)"},{"description":"White","count":5555,"tested":59008,"deaths":0,"color":"rgb(31,119,180)"}],"gender":[{"description":"Female","count":3799,"tested":57096,"deaths":0,"color":"rgb(255,127,14)"},{"description":"Male","count":3250,"tested":40631,"deaths":0,"color":"rgb(31,119,180)"},{"description":"Unknown/Left Blank","count":382,"tested":9197,"deaths":0,"color":"rgb(44,160,44)"}]}}]}
