{"lastUpdatedDate":{"year":2021,"month":5,"day":14},"county_demographics":[{"County":"Stephenson","confirmed_cases":4759,"total_tested":61013,"demographics":{"age":[{"race":[],"age_group":"<20","count":761,"tested":7624,"deaths":0},{"race":[],"age_group":"20-29   ","count":703,"tested":8467,"deaths":0},{"race":[],"age_group":"30-39   ","count":695,"tested":8059,"deaths":0},{"race":[],"age_group":"40-49   ","count":602,"tested":6322,"deaths":0},{"race":[],"age_group":"50-59   ","count":765,"tested":8908,"deaths":0},{"race":[],"age_group":"60-69   ","count":602,"tested":7895,"deaths":0},{"race":[],"age_group":"70-79   ","count":330,"tested":5285,"deaths":0},{"race":[],"age_group":"80+","count":301,"tested":8436,"deaths":0},{"race":[],"age_group":"Unknown","count":0,"tested":17,"deaths":0}],"race":[{"description":"AI/AN**","count":0,"tested":41,"deaths":0,"color":"rgb(31,119,180)"},{"description":"Asian","count":22,"tested":186,"deaths":0,"color":"rgb(140,86,75)"},{"description":"Black","count":309,"tested":3020,"deaths":0,"color":"rgb(255,127,14)"},{"description":"Hispanic","count":146,"tested":802,"deaths":0,"color":"rgb(214,39,40)"},{"description":"Left Blank","count":1028,"tested":24905,"deaths":0,"color":"rgb(44,160,44)"},{"description":"NH/PI*","count":0,"tested":23,"deaths":0,"color":"rgb(127,127,127)"},{"description":"Other","count":49,"tested":901,"deaths":0,"color":"rgb(148,103,189)"},{"description":"White","count":3190,"tested":31135,"deaths":0,"color":"rgb(31,119,180)"}],"gender":[{"description":"Female","count":2581,"tested":39933,"deaths":0,"color":"rgb(255,127,14)"},{"description":"Male","count":2133,"tested":20025,"deaths":0,"color":"rgb(31,119,180)"},{"description":"Unknown/Left Blank","count":41,"tested":1055,"deaths":0,"color":"rgb(44,160,44)"}]}}]}
