{"lastUpdatedDate":{"year":2021,"month":5,"day":14},"county_demographics":[{"County":"Tazewell","confirmed_cases":16959,"total_tested":234963,"demographics":{"age":[{"race":[],"age_group":"<20","count":3112,"tested":38660,"deaths":0},{"race":[],"age_group":"20-29   ","count":2483,"tested":35486,"deaths":0},{"race":[],"age_group":"30-39   ","count":2498,"tested":34102,"deaths":0},{"race":[],"age_group":"40-49   ","count":2521,"tested":32727,"deaths":0},{"race":[],"age_group":"50-59   ","count":2433,"tested":31761,"deaths":0},{"race":[],"age_group":"60-69   ","count":1882,"tested":25195,"deaths":0},{"race":[],"age_group":"70-79   ","count":1125,"tested":16526,"deaths":0},{"race":[],"age_group":"80+","count":905,"tested":20482,"deaths":0},{"race":[],"age_group":"Unknown","count":0,"tested":24,"deaths":0}],"race":[{"description":"AI/AN**","count":21,"tested":118,"deaths":0,"color":"rgb(31,119,180)"},{"description":"Asian","count":115,"tested":661,"deaths":0,"color":"rgb(140,86,75)"},{"description":"Black","count":242,"tested":2277,"deaths":0,"color":"rgb(255,127,14)"},{"description":"Hispanic","count":285,"tested":1363,"deaths":0,"color":"rgb(214,39,40)"},{"description":"Left Blank","count":2337,"tested":112182,"deaths":0,"color":"rgb(44,160,44)"},{"description":"NH/PI*","count":0,"tested":67,"deaths":0,"color":"rgb(127,127,127)"},{"description":"Other","count":308,"tested":6201,"deaths":0,"color":"rgb(148,103,189)"},{"description":"White","count":13642,"tested":112094,"deaths":0,"color":"rgb(31,119,180)"}],"gender":[{"description":"Female","count":9006,"tested":139350,"deaths":0,"color":"rgb(255,127,14)"},{"description":"Male","count":7764,"tested":88625,"deaths":0,"color":"rgb(31,119,180)"},{"description":"Unknown/Left Blank","count":189,"tested":6988,"deaths":0,"color":"rgb(44,160,44)"}]}}]}
