{"lastUpdatedDate":{"year":2021,"month":5,"day":14},"county_demographics":[{"County":"Union","confirmed_cases":2260,"total_tested":36906,"demographics":{"age":[{"race":[],"age_group":"<20","count":324,"tested":2891,"deaths":0},{"race":[],"age_group":"20-29   ","count":352,"tested":5233,"deaths":0},{"race":[],"age_group":"30-39   ","count":327,"tested":5787,"deaths":0},{"race":[],"age_group":"40-49   ","count":311,"tested":5958,"deaths":0},{"race":[],"age_group":"50-59   ","count":345,"tested":6802,"deaths":0},{"race":[],"age_group":"60-69   ","count":293,"tested":4445,"deaths":0},{"race":[],"age_group":"70-79   ","count":188,"tested":2597,"deaths":0},{"race":[],"age_group":"80+","count":120,"tested":3188,"deaths":0},{"race":[],"age_group":"Unknown","count":0,"tested":0,"deaths":0}],"race":[{"description":"AI/AN**","count":0,"tested":12,"deaths":0,"color":"rgb(31,119,180)"},{"description":"Asian","count":0,"tested":81,"deaths":0,"color":"rgb(140,86,75)"},{"description":"Black","count":69,"tested":1251,"deaths":0,"color":"rgb(255,127,14)"},{"description":"Hispanic","count":105,"tested":668,"deaths":0,"color":"rgb(214,39,40)"},{"description":"Left Blank","count":313,"tested":10724,"deaths":0,"color":"rgb(44,160,44)"},{"description":"NH/PI*","count":0,"tested":56,"deaths":0,"color":"rgb(127,127,127)"},{"description":"Other","count":15,"tested":205,"deaths":0,"color":"rgb(148,103,189)"},{"description":"White","count":1754,"tested":23909,"deaths":0,"color":"rgb(31,119,180)"}],"gender":[{"description":"Female","count":1120,"tested":18510,"deaths":0,"color":"rgb(255,127,14)"},{"description":"Male","count":1058,"tested":15630,"deaths":0,"color":"rgb(31,119,180)"},{"description":"Unknown/Left Blank","count":82,"tested":2766,"deaths":0,"color":"rgb(44,160,44)"}]}}]}
