{"age":[{"age_group":"<20","count":771,"tested":4681},{"age_group":"20-29   ","count":1000,"tested":7790},{"age_group":"30-39   ","count":751,"tested":5849},{"age_group":"40-49   ","count":829,"tested":6024},{"age_group":"50-59   ","count":697,"tested":5982},{"age_group":"60-69   ","count":476,"tested":4839},{"age_group":"70-79   ","count":286,"tested":2611},{"age_group":"80+","count":242,"tested":2448}],"race":[{"description":"Hispanic","count":1957,"tested":8648,"color":"rgb(214,39,40)"},{"description":"White","count":824,"tested":10352,"color":"rgb(31,119,180)"},{"description":"Left Blank","count":1250,"tested":15450,"color":"rgb(44,160,44)"},{"description":"Other","count":228,"tested":1721,"color":"rgb(148,103,189)"},{"description":"Asian","count":183,"tested":486,"color":"rgb(140,86,75)"},{"description":"Black","count":402,"tested":3545,"color":"rgb(255,127,14)"}],"gender":[{"description":"Male","count":2170,"tested":17476,"color":"rgb(31,119,180)"},{"description":"Female","count":2257,"tested":22039,"color":"rgb(255,127,14)"},{"description":"Unknown/Left Blank","count":115,"tested":725,"color":"rgb(44,160,44)"}]}
