{"age":[{"age_group":"<20","count":575,"tested":3206},{"age_group":"20-29   ","count":665,"tested":4618},{"age_group":"30-39   ","count":538,"tested":3755},{"age_group":"40-49   ","count":570,"tested":3912},{"age_group":"50-59   ","count":581,"tested":4497},{"age_group":"60-69   ","count":431,"tested":3558},{"age_group":"70-79   ","count":337,"tested":2347},{"age_group":"80+","count":274,"tested":1649}],"race":[{"description":"Other","count":305,"tested":1100,"color":"rgb(148,103,189)"},{"description":"Left Blank","count":839,"tested":8586,"color":"rgb(44,160,44)"},{"description":"Hispanic","count":311,"tested":579,"color":"rgb(214,39,40)"},{"description":"Asian","count":210,"tested":277,"color":"rgb(140,86,75)"},{"description":"White","count":1521,"tested":14959,"color":"rgb(31,119,180)"},{"description":"Black","count":385,"tested":2014,"color":"rgb(255,127,14)"}],"gender":[{"description":"Male","count":1276,"tested":10991,"color":"rgb(31,119,180)"},{"description":"Female","count":1491,"tested":16496,"color":"rgb(255,127,14)"}]}
