{"age":[{"age_group":"<20","count":168,"tested":2079},{"age_group":"20-29   ","count":284,"tested":3315},{"age_group":"30-39   ","count":222,"tested":2999},{"age_group":"40-49   ","count":185,"tested":2158},{"age_group":"50-59   ","count":196,"tested":2500},{"age_group":"60-69   ","count":129,"tested":2270},{"age_group":"70-79   ","count":96,"tested":1321},{"age_group":"80+","count":100,"tested":2281}],"race":[{"description":"White","count":503,"tested":6278,"color":"rgb(31,119,180)"},{"description":"Asian","count":80,"tested":754,"color":"rgb(140,86,75)"},{"description":"Black","count":103,"tested":621,"color":"rgb(255,127,14)"},{"description":"Other","count":75,"tested":533,"color":"rgb(148,103,189)"},{"description":"Left Blank","count":398,"tested":10165,"color":"rgb(44,160,44)"},{"description":"Hispanic","count":146,"tested":564,"color":"rgb(214,39,40)"}],"gender":[{"description":"Female","count":590,"tested":10857,"color":"rgb(255,127,14)"},{"description":"Male","count":564,"tested":7794,"color":"rgb(31,119,180)"}]}
