{"age":[{"age_group":"<20","count":551,"tested":3183},{"age_group":"20-29   ","count":831,"tested":6160},{"age_group":"30-39   ","count":712,"tested":6478},{"age_group":"40-49   ","count":667,"tested":5484},{"age_group":"50-59   ","count":714,"tested":6274},{"age_group":"60-69   ","count":521,"tested":6018},{"age_group":"70-79   ","count":340,"tested":3397},{"age_group":"80+","count":317,"tested":3075}],"race":[{"description":"Asian","count":143,"tested":687,"color":"rgb(140,86,75)"},{"description":"Hispanic","count":682,"tested":3096,"color":"rgb(214,39,40)"},{"description":"Black","count":371,"tested":5016,"color":"rgb(255,127,14)"},{"description":"Other","count":286,"tested":1146,"color":"rgb(148,103,189)"},{"description":"White","count":1150,"tested":11332,"color":"rgb(31,119,180)"},{"description":"Left Blank","count":1802,"tested":18739,"color":"rgb(44,160,44)"}],"gender":[{"description":"Male","count":1881,"tested":16165,"color":"rgb(31,119,180)"},{"description":"Unknown/Left Blank","count":138,"tested":822,"color":"rgb(44,160,44)"},{"description":"Female","count":2110,"tested":23092,"color":"rgb(255,127,14)"}]}
