{"age":[{"age_group":"<20","count":77,"tested":525},{"age_group":"20-29   ","count":557,"tested":7141},{"age_group":"30-39   ","count":440,"tested":6329},{"age_group":"40-49   ","count":163,"tested":1880},{"age_group":"50-59   ","count":140,"tested":1398},{"age_group":"60-69   ","count":87,"tested":952},{"age_group":"70-79   ","count":60,"tested":359}],"race":[{"description":"Asian","count":87,"tested":823,"color":"rgb(140,86,75)"},{"description":"Black","count":107,"tested":605,"color":"rgb(255,127,14)"},{"description":"Hispanic","count":100,"tested":406,"color":"rgb(214,39,40)"},{"description":"White","count":594,"tested":6625,"color":"rgb(31,119,180)"},{"description":"Left Blank","count":495,"tested":9443,"color":"rgb(44,160,44)"},{"description":"Other","count":98,"tested":806,"color":"rgb(148,103,189)"}],"gender":[{"description":"Female","count":617,"tested":9974,"color":"rgb(255,127,14)"},{"description":"Male","count":678,"tested":8510,"color":"rgb(31,119,180)"},{"description":"Unknown/Left Blank","count":54,"tested":254,"color":"rgb(44,160,44)"}]}
