{"age":[{"age_group":"<20","count":279,"tested":2864},{"age_group":"20-29   ","count":336,"tested":3128},{"age_group":"30-39   ","count":309,"tested":3177},{"age_group":"40-49   ","count":273,"tested":2718},{"age_group":"50-59   ","count":270,"tested":3109},{"age_group":"60-69   ","count":241,"tested":2560},{"age_group":"70-79   ","count":157,"tested":1709},{"age_group":"80+","count":118,"tested":2046}],"race":[{"description":"Black","count":354,"tested":2845,"color":"rgb(255,127,14)"},{"description":"Asian","count":55,"tested":77,"color":"rgb(140,86,75)"},{"description":"Other","count":65,"tested":266,"color":"rgb(148,103,189)"},{"description":"White","count":661,"tested":7485,"color":"rgb(31,119,180)"},{"description":"Left Blank","count":445,"tested":9155,"color":"rgb(44,160,44)"},{"description":"Hispanic","count":312,"tested":1485,"color":"rgb(214,39,40)"}],"gender":[{"description":"Female","count":921,"tested":12720,"color":"rgb(255,127,14)"},{"description":"Male","count":779,"tested":8096,"color":"rgb(31,119,180)"},{"description":"Unknown/Left Blank","count":58,"tested":498,"color":"rgb(44,160,44)"}]}
