{"age":[{"age_group":"<20","count":239,"tested":2069},{"age_group":"20-29   ","count":281,"tested":2357},{"age_group":"30-39   ","count":198,"tested":2129},{"age_group":"40-49   ","count":261,"tested":1973},{"age_group":"50-59   ","count":194,"tested":2075},{"age_group":"60-69   ","count":141,"tested":1699},{"age_group":"70-79   ","count":96,"tested":1217},{"age_group":"80+","count":66,"tested":778}],"race":[{"description":"Hispanic","count":354,"tested":1450,"color":"rgb(214,39,40)"},{"description":"White","count":350,"tested":4178,"color":"rgb(31,119,180)"},{"description":"Black","count":383,"tested":2877,"color":"rgb(255,127,14)"},{"description":"Left Blank","count":291,"tested":5544,"color":"rgb(44,160,44)"},{"description":"Other","count":43,"tested":196,"color":"rgb(148,103,189)"}],"gender":[{"description":"Female","count":742,"tested":8328,"color":"rgb(255,127,14)"},{"description":"Male","count":607,"tested":5341,"color":"rgb(31,119,180)"},{"description":"Unknown/Left Blank","count":42,"tested":629,"color":"rgb(44,160,44)"}]}
