{"age":[{"age_group":"<20","count":46,"tested":205},{"age_group":"20-29   ","count":60,"tested":488},{"age_group":"30-39   ","count":53,"tested":427},{"age_group":"40-49   ","count":52,"tested":408},{"age_group":"50-59   ","count":41,"tested":414},{"age_group":"60-69   ","count":45,"tested":361},{"age_group":"70-79   ","count":21,"tested":130},{"age_group":"80+","count":20,"tested":105}],"race":[{"description":"White","count":87,"tested":1052,"color":"rgb(31,119,180)"},{"description":"Hispanic","count":69,"tested":248,"color":"rgb(214,39,40)"},{"description":"Other","count":27,"tested":62,"color":"rgb(148,103,189)"},{"description":"Left Blank","count":95,"tested":1015,"color":"rgb(44,160,44)"}],"gender":[{"description":"Female","count":146,"tested":1472,"color":"rgb(255,127,14)"},{"description":"Male","count":108,"tested":1023,"color":"rgb(31,119,180)"}]}
