{"age":[{"age_group":"<20","count":68,"tested":561},{"age_group":"20-29   ","count":103,"tested":772},{"age_group":"30-39   ","count":98,"tested":666},{"age_group":"40-49   ","count":82,"tested":655},{"age_group":"50-59   ","count":87,"tested":875},{"age_group":"60-69   ","count":87,"tested":711},{"age_group":"70-79   ","count":44,"tested":309},{"age_group":"80+","count":31,"tested":164}],"race":[{"description":"Black","count":28,"tested":61,"color":"rgb(255,127,14)"},{"description":"Hispanic","count":89,"tested":471,"color":"rgb(214,39,40)"},{"description":"Left Blank","count":174,"tested":1683,"color":"rgb(44,160,44)"},{"description":"Other","count":43,"tested":156,"color":"rgb(148,103,189)"},{"description":"White","count":202,"tested":2326,"color":"rgb(31,119,180)"}],"gender":[{"description":"Male","count":213,"tested":1939,"color":"rgb(31,119,180)"},{"description":"Female","count":257,"tested":2731,"color":"rgb(255,127,14)"}]}
