{"age":[{"age_group":"<20","count":88,"tested":389},{"age_group":"20-29   ","count":115,"tested":629},{"age_group":"30-39   ","count":98,"tested":508},{"age_group":"40-49   ","count":106,"tested":368},{"age_group":"50-59   ","count":71,"tested":379},{"age_group":"60-69   ","count":48,"tested":240},{"age_group":"70-79   ","count":30,"tested":101},{"age_group":"80+","count":12,"tested":47}],"race":[{"description":"Black","count":18,"tested":67,"color":"rgb(255,127,14)"},{"description":"Other","count":45,"tested":186,"color":"rgb(148,103,189)"},{"description":"Hispanic","count":244,"tested":900,"color":"rgb(214,39,40)"},{"description":"Left Blank","count":170,"tested":1069,"color":"rgb(44,160,44)"},{"description":"White","count":68,"tested":414,"color":"rgb(31,119,180)"}],"gender":[{"description":"Female","count":263,"tested":1386,"color":"rgb(255,127,14)"},{"description":"Male","count":266,"tested":1249,"color":"rgb(31,119,180)"}]}
