{"age":[{"age_group":"<20","count":200,"tested":2909},{"age_group":"20-29   ","count":539,"tested":12877},{"age_group":"30-39   ","count":651,"tested":15726},{"age_group":"40-49   ","count":430,"tested":8450},{"age_group":"50-59   ","count":421,"tested":9282},{"age_group":"60-69   ","count":337,"tested":7238},{"age_group":"70-79   ","count":223,"tested":3870},{"age_group":"80+","count":197,"tested":4441}],"race":[{"description":"Asian","count":190,"tested":2480,"color":"rgb(140,86,75)"},{"description":"Hispanic","count":419,"tested":2907,"color":"rgb(214,39,40)"},{"description":"Black","count":408,"tested":5435,"color":"rgb(255,127,14)"},{"description":"White","count":874,"tested":18522,"color":"rgb(31,119,180)"},{"description":"Other","count":148,"tested":1991,"color":"rgb(148,103,189)"},{"description":"Left Blank","count":891,"tested":33370,"color":"rgb(44,160,44)"},{"description":"AI/AN**","count":36,"tested":43,"color":"rgb(31,119,180)"}],"gender":[{"description":"Female","count":1313,"tested":31459,"color":"rgb(255,127,14)"},{"description":"Male","count":1432,"tested":29650,"color":"rgb(31,119,180)"},{"description":"Unknown/Left Blank","count":108,"tested":3708,"color":"rgb(44,160,44)"}]}
