{"age":[{"age_group":"<20","count":77,"tested":566},{"age_group":"20-29   ","count":115,"tested":922},{"age_group":"30-39   ","count":105,"tested":927},{"age_group":"40-49   ","count":83,"tested":841},{"age_group":"50-59   ","count":106,"tested":1018},{"age_group":"60-69   ","count":77,"tested":859},{"age_group":"70-79   ","count":46,"tested":584},{"age_group":"80+","count":40,"tested":521}],"race":[{"description":"Left Blank","count":200,"tested":2622,"color":"rgb(44,160,44)"},{"description":"Other","count":41,"tested":137,"color":"rgb(148,103,189)"},{"description":"White","count":220,"tested":2895,"color":"rgb(31,119,180)"},{"description":"Hispanic","count":85,"tested":358,"color":"rgb(214,39,40)"},{"description":"Black","count":36,"tested":114,"color":"rgb(255,127,14)"},{"description":"Asian","count":26,"tested":83,"color":"rgb(140,86,75)"}],"gender":[{"description":"Female","count":272,"tested":3699,"color":"rgb(255,127,14)"},{"description":"Male","count":255,"tested":2495,"color":"rgb(31,119,180)"}]}
