{"age":[{"age_group":"<20","count":293,"tested":1259},{"age_group":"20-29   ","count":331,"tested":1585},{"age_group":"30-39   ","count":298,"tested":1490},{"age_group":"40-49   ","count":333,"tested":1655},{"age_group":"50-59   ","count":313,"tested":1629},{"age_group":"60-69   ","count":235,"tested":1430},{"age_group":"70-79   ","count":217,"tested":1462},{"age_group":"80+","count":181,"tested":1616}],"race":[{"description":"Hispanic","count":232,"tested":518,"color":"rgb(214,39,40)"},{"description":"Left Blank","count":620,"tested":5146,"color":"rgb(44,160,44)"},{"description":"White","count":589,"tested":5393,"color":"rgb(31,119,180)"},{"description":"Asian","count":149,"tested":147,"color":"rgb(140,86,75)"},{"description":"Black","count":175,"tested":456,"color":"rgb(255,127,14)"},{"description":"Other","count":167,"tested":439,"color":"rgb(148,103,189)"}],"gender":[{"description":"Male","count":700,"tested":5060,"color":"rgb(31,119,180)"},{"description":"Unknown/Left Blank","count":152,"tested":142,"color":"rgb(44,160,44)"},{"description":"Female","count":679,"tested":6926,"color":"rgb(255,127,14)"}]}
