{"age":[{"age_group":"<20","count":15,"tested":138},{"age_group":"30-39   ","count":17,"tested":71},{"age_group":"40-49   ","count":17,"tested":73},{"age_group":"60-69   ","count":11,"tested":88},{"age_group":"70-79   ","count":12,"tested":66}],"race":[{"description":"Left Blank","count":22,"tested":258,"color":"rgb(44,160,44)"},{"description":"White","count":54,"tested":368,"color":"rgb(31,119,180)"}],"gender":[{"description":"Female","count":45,"tested":404,"color":"rgb(255,127,14)"},{"description":"Male","count":32,"tested":226,"color":"rgb(31,119,180)"}]}
