{"age":[{"age_group":"<20","count":103,"tested":1582},{"age_group":"20-29   ","count":75,"tested":1220},{"age_group":"30-39   ","count":45,"tested":872},{"age_group":"40-49   ","count":65,"tested":1260},{"age_group":"50-59   ","count":77,"tested":1342},{"age_group":"60-69   ","count":68,"tested":1170},{"age_group":"70-79   ","count":28,"tested":640},{"age_group":"80+","count":12,"tested":236}],"race":[{"description":"Hispanic","count":33,"tested":325,"color":"rgb(214,39,40)"},{"description":"Asian","count":13,"tested":293,"color":"rgb(140,86,75)"},{"description":"White","count":205,"tested":4069,"color":"rgb(31,119,180)"},{"description":"Left Blank","count":143,"tested":2743,"color":"rgb(44,160,44)"},{"description":"Other","count":33,"tested":387,"color":"rgb(148,103,189)"},{"description":"Black","count":38,"tested":498,"color":"rgb(255,127,14)"}],"gender":[{"description":"Female","count":213,"tested":4521,"color":"rgb(255,127,14)"},{"description":"Male","count":235,"tested":3696,"color":"rgb(31,119,180)"}]}
