{"age":[{"age_group":"<20","count":224,"tested":3513},{"age_group":"20-29   ","count":355,"tested":8892},{"age_group":"30-39   ","count":199,"tested":4905},{"age_group":"40-49   ","count":195,"tested":3886},{"age_group":"50-59   ","count":204,"tested":4890},{"age_group":"60-69   ","count":158,"tested":4416},{"age_group":"70-79   ","count":110,"tested":2973},{"age_group":"80+","count":138,"tested":6049}],"race":[{"description":"Hispanic","count":208,"tested":1050,"color":"rgb(214,39,40)"},{"description":"Left Blank","count":257,"tested":18609,"color":"rgb(44,160,44)"},{"description":"White","count":563,"tested":13412,"color":"rgb(31,119,180)"},{"description":"Black","count":280,"tested":2750,"color":"rgb(255,127,14)"},{"description":"Asian","count":90,"tested":1751,"color":"rgb(140,86,75)"},{"description":"Other","count":124,"tested":1924,"color":"rgb(148,103,189)"}],"gender":[{"description":"Male","count":686,"tested":16173,"color":"rgb(31,119,180)"},{"description":"Female","count":723,"tested":22341,"color":"rgb(255,127,14)"},{"description":"Unknown/Left Blank","count":34,"tested":1039,"color":"rgb(44,160,44)"}]}
