{"age":[{"age_group":"<20","count":38,"tested":640},{"age_group":"20-29   ","count":250,"tested":5421},{"age_group":"30-39   ","count":179,"tested":3374},{"age_group":"40-49   ","count":63,"tested":1103},{"age_group":"50-59   ","count":64,"tested":1214},{"age_group":"60-69   ","count":45,"tested":998},{"age_group":"70-79   ","count":35,"tested":630},{"age_group":"80+","count":27,"tested":343}],"race":[{"description":"White","count":250,"tested":3863,"color":"rgb(31,119,180)"},{"description":"Black","count":67,"tested":1029,"color":"rgb(255,127,14)"},{"description":"Asian","count":53,"tested":1077,"color":"rgb(140,86,75)"},{"description":"Other","count":40,"tested":714,"color":"rgb(148,103,189)"},{"description":"Left Blank","count":218,"tested":6635,"color":"rgb(44,160,44)"},{"description":"Hispanic","count":53,"tested":358,"color":"rgb(214,39,40)"}],"gender":[{"description":"Female","count":309,"tested":6976,"color":"rgb(255,127,14)"},{"description":"Male","count":331,"tested":6391,"color":"rgb(31,119,180)"}]}
