{"age":[{"age_group":"<20","count":258,"tested":3707},{"age_group":"20-29   ","count":165,"tested":2335},{"age_group":"30-39   ","count":111,"tested":1743},{"age_group":"40-49   ","count":171,"tested":2683},{"age_group":"50-59   ","count":186,"tested":3126},{"age_group":"60-69   ","count":119,"tested":2197},{"age_group":"70-79   ","count":90,"tested":1307},{"age_group":"80+","count":91,"tested":906}],"race":[{"description":"Left Blank","count":274,"tested":7233,"color":"rgb(44,160,44)"},{"description":"Other","count":135,"tested":1391,"color":"rgb(148,103,189)"},{"description":"Asian","count":61,"tested":597,"color":"rgb(140,86,75)"},{"description":"Black","count":49,"tested":112,"color":"rgb(255,127,14)"},{"description":"Hispanic","count":72,"tested":282,"color":"rgb(214,39,40)"},{"description":"White","count":525,"tested":8362,"color":"rgb(31,119,180)"}],"gender":[{"description":"Female","count":480,"tested":9812,"color":"rgb(255,127,14)"},{"description":"Male","count":488,"tested":8112,"color":"rgb(31,119,180)"}]}
