{"age":[{"age_group":"<20","count":167,"tested":1235},{"age_group":"20-29   ","count":243,"tested":2317},{"age_group":"30-39   ","count":255,"tested":2517},{"age_group":"40-49   ","count":248,"tested":2921},{"age_group":"50-59   ","count":328,"tested":3890},{"age_group":"60-69   ","count":217,"tested":2739},{"age_group":"70-79   ","count":93,"tested":1462},{"age_group":"80+","count":41,"tested":693}],"race":[{"description":"Other","count":48,"tested":306,"color":"rgb(148,103,189)"},{"description":"Left Blank","count":483,"tested":6967,"color":"rgb(44,160,44)"},{"description":"Hispanic","count":96,"tested":491,"color":"rgb(214,39,40)"},{"description":"White","count":257,"tested":2930,"color":"rgb(31,119,180)"},{"description":"Black","count":640,"tested":6997,"color":"rgb(255,127,14)"}],"gender":[{"description":"Female","count":815,"tested":10082,"color":"rgb(255,127,14)"},{"description":"Male","count":646,"tested":7250,"color":"rgb(31,119,180)"},{"description":"Unknown/Left Blank","count":31,"tested":460,"color":"rgb(44,160,44)"}]}
