{"age":[{"age_group":"<20","count":428,"tested":2497},{"age_group":"20-29   ","count":495,"tested":2972},{"age_group":"30-39   ","count":480,"tested":3189},{"age_group":"40-49   ","count":487,"tested":2787},{"age_group":"50-59   ","count":528,"tested":3076},{"age_group":"60-69   ","count":354,"tested":2329},{"age_group":"70-79   ","count":222,"tested":1091},{"age_group":"80+","count":186,"tested":437}],"race":[{"description":"Other","count":194,"tested":442,"color":"rgb(148,103,189)"},{"description":"Black","count":182,"tested":164,"color":"rgb(255,127,14)"},{"description":"White","count":1047,"tested":7899,"color":"rgb(31,119,180)"},{"description":"Asian","count":177,"tested":111,"color":"rgb(140,86,75)"},{"description":"Left Blank","count":1048,"tested":9412,"color":"rgb(44,160,44)"},{"description":"Hispanic","count":206,"tested":338,"color":"rgb(214,39,40)"}],"gender":[{"description":"Unknown/Left Blank","count":172,"tested":107,"color":"rgb(44,160,44)"},{"description":"Male","count":1073,"tested":8196,"color":"rgb(31,119,180)"},{"description":"Female","count":1120,"tested":10079,"color":"rgb(255,127,14)"}]}
