{"age":[{"age_group":"<20","count":107,"tested":721},{"age_group":"20-29   ","count":92,"tested":702},{"age_group":"30-39   ","count":82,"tested":630},{"age_group":"40-49   ","count":104,"tested":580},{"age_group":"50-59   ","count":92,"tested":705},{"age_group":"60-69   ","count":67,"tested":477},{"age_group":"70-79   ","count":32,"tested":308},{"age_group":"80+","count":28,"tested":171}],"race":[{"description":"Hispanic","count":92,"tested":233,"color":"rgb(214,39,40)"},{"description":"Left Blank","count":172,"tested":2111,"color":"rgb(44,160,44)"},{"description":"White","count":246,"tested":1872,"color":"rgb(31,119,180)"}],"gender":[{"description":"Male","count":246,"tested":1785,"color":"rgb(31,119,180)"},{"description":"Female","count":256,"tested":2490,"color":"rgb(255,127,14)"}]}
