{"age":[{"age_group":"<20","count":261,"tested":3921},{"age_group":"20-29   ","count":292,"tested":5358},{"age_group":"30-39   ","count":225,"tested":4901},{"age_group":"40-49   ","count":265,"tested":7040},{"age_group":"50-59   ","count":320,"tested":8253},{"age_group":"60-69   ","count":288,"tested":7345},{"age_group":"70-79   ","count":235,"tested":4908},{"age_group":"80+","count":344,"tested":7251}],"race":[{"description":"Hispanic","count":111,"tested":871,"color":"rgb(214,39,40)"},{"description":"Left Blank","count":728,"tested":30348,"color":"rgb(44,160,44)"},{"description":"Other","count":210,"tested":1745,"color":"rgb(148,103,189)"},{"description":"Asian","count":144,"tested":1845,"color":"rgb(140,86,75)"},{"description":"White","count":881,"tested":13518,"color":"rgb(31,119,180)"},{"description":"Black","count":66,"tested":523,"color":"rgb(255,127,14)"}],"gender":[{"description":"Female","count":1055,"tested":28433,"color":"rgb(255,127,14)"},{"description":"Male","count":908,"tested":17843,"color":"rgb(31,119,180)"},{"description":"Unknown/Left Blank","count":57,"tested":2725,"color":"rgb(44,160,44)"}]}
