{"age":[{"age_group":"<20","count":90,"tested":542},{"age_group":"20-29   ","count":115,"tested":778},{"age_group":"30-39   ","count":83,"tested":495},{"age_group":"40-49   ","count":102,"tested":520},{"age_group":"50-59   ","count":103,"tested":688},{"age_group":"60-69   ","count":103,"tested":916},{"age_group":"70-79   ","count":73,"tested":816},{"age_group":"80+","count":74,"tested":1224}],"race":[{"description":"Left Blank","count":287,"tested":3325,"color":"rgb(44,160,44)"},{"description":"Other","count":38,"tested":165,"color":"rgb(148,103,189)"},{"description":"White","count":255,"tested":2245,"color":"rgb(31,119,180)"},{"description":"Hispanic","count":44,"tested":154,"color":"rgb(214,39,40)"},{"description":"Asian","count":33,"tested":60,"color":"rgb(140,86,75)"}],"gender":[{"description":"Female","count":321,"tested":3544,"color":"rgb(255,127,14)"},{"description":"Male","count":258,"tested":2405,"color":"rgb(31,119,180)"}]}
