{"age":[{"age_group":"<20","count":79,"tested":535},{"age_group":"20-29   ","count":76,"tested":261},{"age_group":"30-39   ","count":81,"tested":208},{"age_group":"40-49   ","count":70,"tested":146},{"age_group":"50-59   ","count":72,"tested":146},{"age_group":"60-69   ","count":70,"tested":172},{"age_group":"70-79   ","count":65,"tested":97}],"race":[{"description":"Hispanic","count":98,"tested":289,"color":"rgb(214,39,40)"},{"description":"Left Blank","count":78,"tested":531,"color":"rgb(44,160,44)"},{"description":"White","count":105,"tested":724,"color":"rgb(31,119,180)"}],"gender":[{"description":"Male","count":109,"tested":804,"color":"rgb(31,119,180)"},{"description":"Female","count":113,"tested":772,"color":"rgb(255,127,14)"}]}
