{"age":[{"age_group":"<20","count":129,"tested":944},{"age_group":"20-29   ","count":130,"tested":981},{"age_group":"30-39   ","count":163,"tested":1027},{"age_group":"40-49   ","count":143,"tested":880},{"age_group":"50-59   ","count":151,"tested":957},{"age_group":"60-69   ","count":101,"tested":819},{"age_group":"70-79   ","count":74,"tested":570},{"age_group":"80+","count":64,"tested":361}],"race":[{"description":"White","count":338,"tested":3422,"color":"rgb(31,119,180)"},{"description":"Hispanic","count":163,"tested":543,"color":"rgb(214,39,40)"},{"description":"Left Blank","count":248,"tested":2404,"color":"rgb(44,160,44)"},{"description":"Other","count":48,"tested":105,"color":"rgb(148,103,189)"}],"gender":[{"description":"Male","count":342,"tested":2696,"color":"rgb(31,119,180)"},{"description":"Female","count":384,"tested":3764,"color":"rgb(255,127,14)"}]}
