{"age":[{"age_group":"50-59   ","count":10,"tested":229},{"age_group":"60-69   ","count":12,"tested":392},{"age_group":"70-79   ","count":10,"tested":606}],"race":[{"description":"Left Blank","count":16,"tested":167,"color":"rgb(44,160,44)"},{"description":"White","count":11,"tested":146,"color":"rgb(31,119,180)"},{"description":"Black","count":16,"tested":242,"color":"rgb(255,127,14)"}],"gender":[{"description":"Male","count":31,"tested":1618,"color":"rgb(31,119,180)"},{"description":"Female","count":19,"tested":292,"color":"rgb(255,127,14)"}]}
