{"age":[{"age_group":"<20","count":196,"tested":1096},{"age_group":"20-29   ","count":245,"tested":2351},{"age_group":"30-39   ","count":237,"tested":2001},{"age_group":"40-49   ","count":224,"tested":1928},{"age_group":"50-59   ","count":202,"tested":2171},{"age_group":"60-69   ","count":158,"tested":2483},{"age_group":"70-79   ","count":78,"tested":1339},{"age_group":"80+","count":51,"tested":818}],"race":[{"description":"Hispanic","count":216,"tested":977,"color":"rgb(214,39,40)"},{"description":"White","count":285,"tested":2640,"color":"rgb(31,119,180)"},{"description":"Black","count":87,"tested":740,"color":"rgb(255,127,14)"},{"description":"Other","count":56,"tested":273,"color":"rgb(148,103,189)"},{"description":"Left Blank","count":678,"tested":9463,"color":"rgb(44,160,44)"}],"gender":[{"description":"Female","count":709,"tested":7848,"color":"rgb(255,127,14)"},{"description":"Male","count":549,"tested":6107,"color":"rgb(31,119,180)"},{"description":"Unknown/Left Blank","count":33,"tested":236,"color":"rgb(44,160,44)"}]}
