{"age":[{"age_group":"<20","count":407,"tested":4058},{"age_group":"20-29   ","count":553,"tested":6337},{"age_group":"30-39   ","count":446,"tested":5456},{"age_group":"40-49   ","count":446,"tested":5299},{"age_group":"50-59   ","count":457,"tested":6464},{"age_group":"60-69   ","count":339,"tested":5915},{"age_group":"70-79   ","count":164,"tested":3297},{"age_group":"80+","count":136,"tested":3011}],"race":[{"description":"Hispanic","count":796,"tested":3714,"color":"rgb(214,39,40)"},{"description":"Left Blank","count":537,"tested":15462,"color":"rgb(44,160,44)"},{"description":"Other","count":63,"tested":606,"color":"rgb(148,103,189)"},{"description":"Asian","count":48,"tested":693,"color":"rgb(140,86,75)"},{"description":"White","count":1437,"tested":18508,"color":"rgb(31,119,180)"},{"description":"Black","count":59,"tested":747,"color":"rgb(255,127,14)"}],"gender":[{"description":"Female","count":1511,"tested":22937,"color":"rgb(255,127,14)"},{"description":"Male","count":1427,"tested":16392,"color":"rgb(31,119,180)"},{"description":"Unknown/Left Blank","count":11,"tested":529,"color":"rgb(44,160,44)"}]}
