{"age":[{"age_group":"20-29   ","count":22,"tested":570},{"age_group":"30-39   ","count":17,"tested":571},{"age_group":"40-49   ","count":14,"tested":236},{"age_group":"50-59   ","count":7,"tested":268}],"race":[{"description":"Asian","count":6,"tested":297,"color":"rgb(140,86,75)"},{"description":"White","count":25,"tested":719,"color":"rgb(31,119,180)"},{"description":"Black","count":6,"tested":127,"color":"rgb(255,127,14)"},{"description":"Left Blank","count":22,"tested":712,"color":"rgb(44,160,44)"},{"description":"Hispanic","count":6,"tested":98,"color":"rgb(214,39,40)"}],"gender":[{"description":"Male","count":38,"tested":1221,"color":"rgb(31,119,180)"},{"description":"Female","count":32,"tested":814,"color":"rgb(255,127,14)"}]}
