{"age":[{"age_group":"<20","count":8,"tested":104},{"age_group":"20-29   ","count":6,"tested":56},{"age_group":"30-39   ","count":7,"tested":67},{"age_group":"60-69   ","count":6,"tested":68}],"race":[{"description":"White","count":26,"tested":340,"color":"rgb(31,119,180)"},{"description":"Left Blank","count":9,"tested":113,"color":"rgb(44,160,44)"}],"gender":[{"description":"Female","count":20,"tested":340,"color":"rgb(255,127,14)"},{"description":"Male","count":21,"tested":128,"color":"rgb(31,119,180)"}]}
