{"age":[{"age_group":"<20","count":52,"tested":408},{"age_group":"20-29   ","count":62,"tested":883},{"age_group":"30-39   ","count":48,"tested":1340},{"age_group":"40-49   ","count":60,"tested":1404},{"age_group":"50-59   ","count":50,"tested":1996},{"age_group":"60-69   ","count":40,"tested":1983},{"age_group":"70-79   ","count":15,"tested":466},{"age_group":"80+","count":8,"tested":259}],"race":[{"description":"Black","count":205,"tested":5309,"color":"rgb(255,127,14)"},{"description":"White","count":8,"tested":678,"color":"rgb(31,119,180)"},{"description":"Hispanic","count":15,"tested":186,"color":"rgb(214,39,40)"},{"description":"Left Blank","count":103,"tested":2471,"color":"rgb(44,160,44)"}],"gender":[{"description":"Male","count":172,"tested":4768,"color":"rgb(31,119,180)"},{"description":"Female","count":161,"tested":3956,"color":"rgb(255,127,14)"}]}
