{"age":[{"age_group":"<20","count":325,"tested":3894},{"age_group":"20-29   ","count":446,"tested":5361},{"age_group":"30-39   ","count":461,"tested":6179},{"age_group":"40-49   ","count":473,"tested":6645},{"age_group":"50-59   ","count":478,"tested":6561},{"age_group":"60-69   ","count":277,"tested":4915},{"age_group":"70-79   ","count":138,"tested":3055},{"age_group":"80+","count":241,"tested":6222}],"race":[{"description":"Black","count":29,"tested":407,"color":"rgb(255,127,14)"},{"description":"White","count":1583,"tested":17024,"color":"rgb(31,119,180)"},{"description":"Asian","count":60,"tested":1031,"color":"rgb(140,86,75)"},{"description":"Hispanic","count":328,"tested":2627,"color":"rgb(214,39,40)"},{"description":"Other","count":154,"tested":1396,"color":"rgb(148,103,189)"},{"description":"Left Blank","count":681,"tested":20284,"color":"rgb(44,160,44)"}],"gender":[{"description":"Female","count":1410,"tested":24053,"color":"rgb(255,127,14)"},{"description":"Male","count":1381,"tested":17243,"color":"rgb(31,119,180)"},{"description":"Unknown/Left Blank","count":49,"tested":1542,"color":"rgb(44,160,44)"}]}
