{"age":[{"age_group":"<20","count":699,"tested":7100},{"age_group":"20-29   ","count":430,"tested":6292},{"age_group":"30-39   ","count":408,"tested":6033},{"age_group":"40-49   ","count":420,"tested":5333},{"age_group":"50-59   ","count":475,"tested":6343},{"age_group":"60-69   ","count":288,"tested":4914},{"age_group":"70-79   ","count":138,"tested":2593},{"age_group":"80+","count":117,"tested":2970}],"race":[{"description":"Black","count":65,"tested":606,"color":"rgb(255,127,14)"},{"description":"Asian","count":139,"tested":986,"color":"rgb(140,86,75)"},{"description":"Hispanic","count":219,"tested":1108,"color":"rgb(214,39,40)"},{"description":"White","count":1806,"tested":16324,"color":"rgb(31,119,180)"},{"description":"Other","count":81,"tested":1006,"color":"rgb(148,103,189)"},{"description":"Left Blank","count":653,"tested":21495,"color":"rgb(44,160,44)"},{"description":"NH/PI*","count":6,"tested":28,"color":"rgb(127,127,127)"},{"description":"AI/AN**","count":6,"tested":32,"color":"rgb(31,119,180)"}],"gender":[{"description":"Male","count":1464,"tested":18140,"color":"rgb(31,119,180)"},{"description":"Unknown/Left Blank","count":22,"tested":471,"color":"rgb(44,160,44)"},{"description":"Female","count":1489,"tested":22974,"color":"rgb(255,127,14)"}]}
