{"age":[{"age_group":"<20","count":122,"tested":721},{"age_group":"20-29   ","count":146,"tested":1385},{"age_group":"30-39   ","count":145,"tested":1292},{"age_group":"40-49   ","count":119,"tested":1100},{"age_group":"50-59   ","count":130,"tested":1185},{"age_group":"60-69   ","count":84,"tested":1259},{"age_group":"70-79   ","count":42,"tested":445},{"age_group":"80+","count":18,"tested":232}],"race":[{"description":"Black","count":22,"tested":220,"color":"rgb(255,127,14)"},{"description":"Asian","count":16,"tested":159,"color":"rgb(140,86,75)"},{"description":"Other","count":47,"tested":334,"color":"rgb(148,103,189)"},{"description":"Left Blank","count":345,"tested":3560,"color":"rgb(44,160,44)"},{"description":"White","count":284,"tested":2807,"color":"rgb(31,119,180)"},{"description":"Hispanic","count":89,"tested":519,"color":"rgb(214,39,40)"}],"gender":[{"description":"Female","count":455,"tested":4219,"color":"rgb(255,127,14)"},{"description":"Male","count":350,"tested":3261,"color":"rgb(31,119,180)"}]}
