{"age":[{"age_group":"<20","count":557,"tested":4372},{"age_group":"20-29   ","count":858,"tested":8594},{"age_group":"30-39   ","count":735,"tested":7427},{"age_group":"40-49   ","count":635,"tested":6125},{"age_group":"50-59   ","count":733,"tested":7304},{"age_group":"60-69   ","count":403,"tested":4852},{"age_group":"70-79   ","count":185,"tested":2299},{"age_group":"80+","count":130,"tested":1865}],"race":[{"description":"Other","count":116,"tested":1029,"color":"rgb(148,103,189)"},{"description":"AI/AN**","count":13,"tested":24,"color":"rgb(31,119,180)"},{"description":"NH/PI*","count":18,"tested":73,"color":"rgb(127,127,127)"},{"description":"Black","count":135,"tested":1093,"color":"rgb(255,127,14)"},{"description":"Asian","count":293,"tested":2585,"color":"rgb(140,86,75)"},{"description":"Hispanic","count":1202,"tested":4784,"color":"rgb(214,39,40)"},{"description":"Left Blank","count":1681,"tested":27100,"color":"rgb(44,160,44)"},{"description":"White","count":778,"tested":6169,"color":"rgb(31,119,180)"}],"gender":[{"description":"Unknown/Left Blank","count":30,"tested":1095,"color":"rgb(44,160,44)"},{"description":"Female","count":2197,"tested":24470,"color":"rgb(255,127,14)"},{"description":"Male","count":2009,"tested":17292,"color":"rgb(31,119,180)"}]}
