{"age":[{"age_group":"<20","count":283,"tested":2952},{"age_group":"20-29   ","count":336,"tested":3517},{"age_group":"30-39   ","count":278,"tested":2948},{"age_group":"40-49   ","count":253,"tested":2747},{"age_group":"50-59   ","count":357,"tested":3643},{"age_group":"60-69   ","count":227,"tested":2965},{"age_group":"70-79   ","count":65,"tested":1292},{"age_group":"80+","count":28,"tested":1329}],"race":[{"description":"Other","count":32,"tested":329,"color":"rgb(148,103,189)"},{"description":"Asian","count":23,"tested":264,"color":"rgb(140,86,75)"},{"description":"Left Blank","count":568,"tested":8598,"color":"rgb(44,160,44)"},{"description":"White","count":963,"tested":11047,"color":"rgb(31,119,180)"},{"description":"Hispanic","count":227,"tested":1009,"color":"rgb(214,39,40)"}],"gender":[{"description":"Female","count":951,"tested":12262,"color":"rgb(255,127,14)"},{"description":"Male","count":862,"tested":8973,"color":"rgb(31,119,180)"}]}
