{"age":[{"age_group":"<20","count":22,"tested":207},{"age_group":"20-29   ","count":26,"tested":174},{"age_group":"30-39   ","count":18,"tested":166},{"age_group":"40-49   ","count":15,"tested":188},{"age_group":"50-59   ","count":33,"tested":179},{"age_group":"60-69   ","count":12,"tested":122},{"age_group":"70-79   ","count":11,"tested":66}],"race":[{"description":"Left Blank","count":57,"tested":544,"color":"rgb(44,160,44)"},{"description":"White","count":80,"tested":538,"color":"rgb(31,119,180)"}],"gender":[{"description":"Male","count":72,"tested":435,"color":"rgb(31,119,180)"},{"description":"Female","count":69,"tested":679,"color":"rgb(255,127,14)"}]}
