{"age":[{"age_group":"<20","count":17,"tested":159},{"age_group":"20-29   ","count":15,"tested":227},{"age_group":"30-39   ","count":18,"tested":83},{"age_group":"40-49   ","count":19,"tested":106},{"age_group":"50-59   ","count":22,"tested":229},{"age_group":"60-69   ","count":13,"tested":86},{"age_group":"70-79   ","count":12,"tested":77}],"race":[{"description":"White","count":95,"tested":575,"color":"rgb(31,119,180)"},{"description":"Left Blank","count":16,"tested":381,"color":"rgb(44,160,44)"}],"gender":[{"description":"Female","count":63,"tested":564,"color":"rgb(255,127,14)"},{"description":"Male","count":54,"tested":416,"color":"rgb(31,119,180)"}]}
