{"age":[{"age_group":"<20","count":1046,"tested":7716},{"age_group":"20-29   ","count":1302,"tested":13755},{"age_group":"30-39   ","count":1233,"tested":12447},{"age_group":"40-49   ","count":1213,"tested":11087},{"age_group":"50-59   ","count":902,"tested":8777},{"age_group":"60-69   ","count":610,"tested":8146},{"age_group":"70-79   ","count":276,"tested":4556},{"age_group":"80+","count":132,"tested":3057}],"race":[{"description":"AI/AN**","count":6,"tested":38,"color":"rgb(31,119,180)"},{"description":"Black","count":793,"tested":9741,"color":"rgb(255,127,14)"},{"description":"Hispanic","count":3696,"tested":17293,"color":"rgb(214,39,40)"},{"description":"Asian","count":90,"tested":1453,"color":"rgb(140,86,75)"},{"description":"White","count":629,"tested":7965,"color":"rgb(31,119,180)"},{"description":"Other","count":241,"tested":2535,"color":"rgb(148,103,189)"},{"description":"Left Blank","count":1256,"tested":30524,"color":"rgb(44,160,44)"}],"gender":[{"description":"Female","count":3443,"tested":36806,"color":"rgb(255,127,14)"},{"description":"Male","count":3217,"tested":28881,"color":"rgb(31,119,180)"},{"description":"Unknown/Left Blank","count":54,"tested":3891,"color":"rgb(44,160,44)"}]}
