{"age":[{"age_group":"<20","count":501,"tested":4426},{"age_group":"20-29   ","count":520,"tested":4760},{"age_group":"30-39   ","count":539,"tested":4700},{"age_group":"40-49   ","count":537,"tested":4695},{"age_group":"50-59   ","count":351,"tested":3525},{"age_group":"60-69   ","count":187,"tested":2077},{"age_group":"70-79   ","count":98,"tested":1151},{"age_group":"80+","count":31,"tested":555}],"race":[{"description":"Hispanic","count":1042,"tested":5299,"color":"rgb(214,39,40)"},{"description":"Asian","count":39,"tested":431,"color":"rgb(140,86,75)"},{"description":"White","count":822,"tested":8371,"color":"rgb(31,119,180)"},{"description":"Black","count":170,"tested":1519,"color":"rgb(255,127,14)"},{"description":"Other","count":76,"tested":975,"color":"rgb(148,103,189)"},{"description":"Left Blank","count":609,"tested":9260,"color":"rgb(44,160,44)"}],"gender":[{"description":"Female","count":1432,"tested":14480,"color":"rgb(255,127,14)"},{"description":"Male","count":1325,"tested":11193,"color":"rgb(31,119,180)"},{"description":"Unknown/Left Blank","count":7,"tested":220,"color":"rgb(44,160,44)"}]}
