{"age":[{"age_group":"<20","count":201,"tested":2045},{"age_group":"20-29   ","count":235,"tested":2985},{"age_group":"30-39   ","count":225,"tested":2498},{"age_group":"40-49   ","count":259,"tested":2068},{"age_group":"50-59   ","count":181,"tested":2228},{"age_group":"60-69   ","count":144,"tested":2261},{"age_group":"70-79   ","count":64,"tested":1470},{"age_group":"80+","count":58,"tested":3793}],"race":[{"description":"Other","count":79,"tested":571,"color":"rgb(148,103,189)"},{"description":"Left Blank","count":297,"tested":9685,"color":"rgb(44,160,44)"},{"description":"White","count":470,"tested":5856,"color":"rgb(31,119,180)"},{"description":"Asian","count":44,"tested":694,"color":"rgb(140,86,75)"},{"description":"Hispanic","count":456,"tested":2387,"color":"rgb(214,39,40)"},{"description":"Black","count":18,"tested":161,"color":"rgb(255,127,14)"}],"gender":[{"description":"Male","count":686,"tested":7206,"color":"rgb(31,119,180)"},{"description":"Unknown/Left Blank","count":15,"tested":694,"color":"rgb(44,160,44)"},{"description":"Female","count":666,"tested":11474,"color":"rgb(255,127,14)"}]}
