{"age":[{"age_group":"<20","count":168,"tested":1235},{"age_group":"20-29   ","count":297,"tested":2241},{"age_group":"30-39   ","count":265,"tested":1957},{"age_group":"40-49   ","count":199,"tested":1640},{"age_group":"50-59   ","count":262,"tested":1954},{"age_group":"60-69   ","count":190,"tested":1923},{"age_group":"70-79   ","count":90,"tested":1321},{"age_group":"80+","count":70,"tested":1835}],"race":[{"description":"Other","count":53,"tested":392,"color":"rgb(148,103,189)"},{"description":"Black","count":28,"tested":187,"color":"rgb(255,127,14)"},{"description":"Asian","count":58,"tested":301,"color":"rgb(140,86,75)"},{"description":"White","count":677,"tested":4014,"color":"rgb(31,119,180)"},{"description":"Left Blank","count":310,"tested":7812,"color":"rgb(44,160,44)"},{"description":"Hispanic","count":412,"tested":1394,"color":"rgb(214,39,40)"}],"gender":[{"description":"Female","count":786,"tested":7879,"color":"rgb(255,127,14)"},{"description":"Male","count":747,"tested":6082,"color":"rgb(31,119,180)"}]}
