{"age":[{"age_group":"<20","count":368,"tested":10165},{"age_group":"20-29   ","count":283,"tested":4618},{"age_group":"30-39   ","count":183,"tested":3579},{"age_group":"40-49   ","count":248,"tested":4375},{"age_group":"50-59   ","count":317,"tested":5365},{"age_group":"60-69   ","count":201,"tested":4432},{"age_group":"70-79   ","count":101,"tested":2244},{"age_group":"80+","count":121,"tested":2307}],"race":[{"description":"Hispanic","count":92,"tested":1365,"color":"rgb(214,39,40)"},{"description":"Left Blank","count":430,"tested":11595,"color":"rgb(44,160,44)"},{"description":"White","count":1126,"tested":21141,"color":"rgb(31,119,180)"},{"description":"Other","count":98,"tested":1131,"color":"rgb(148,103,189)"},{"description":"Black","count":19,"tested":508,"color":"rgb(255,127,14)"},{"description":"Asian","count":52,"tested":1237,"color":"rgb(140,86,75)"}],"gender":[{"description":"Female","count":899,"tested":19619,"color":"rgb(255,127,14)"},{"description":"Male","count":881,"tested":16160,"color":"rgb(31,119,180)"},{"description":"Unknown/Left Blank","count":42,"tested":1322,"color":"rgb(44,160,44)"}]}
