{"age":[{"age_group":"<20","count":97,"tested":923},{"age_group":"20-29   ","count":113,"tested":1090},{"age_group":"30-39   ","count":114,"tested":883},{"age_group":"40-49   ","count":113,"tested":957},{"age_group":"50-59   ","count":165,"tested":1467},{"age_group":"60-69   ","count":99,"tested":929},{"age_group":"70-79   ","count":46,"tested":604},{"age_group":"80+","count":17,"tested":198}],"race":[{"description":"Hispanic","count":28,"tested":189,"color":"rgb(214,39,40)"},{"description":"White","count":444,"tested":3923,"color":"rgb(31,119,180)"},{"description":"Left Blank","count":248,"tested":2581,"color":"rgb(44,160,44)"},{"description":"Other","count":40,"tested":251,"color":"rgb(148,103,189)"}],"gender":[{"description":"Male","count":373,"tested":3241,"color":"rgb(31,119,180)"},{"description":"Female","count":387,"tested":3783,"color":"rgb(255,127,14)"}]}
