{"age":[{"age_group":"<20","count":935,"tested":7480},{"age_group":"20-29   ","count":1732,"tested":27218},{"age_group":"30-39   ","count":1508,"tested":22053},{"age_group":"40-49   ","count":1195,"tested":13004},{"age_group":"50-59   ","count":988,"tested":10064},{"age_group":"60-69   ","count":650,"tested":7835},{"age_group":"70-79   ","count":326,"tested":3615},{"age_group":"80+","count":166,"tested":1996}],"race":[{"description":"Left Blank","count":1170,"tested":28043,"color":"rgb(44,160,44)"},{"description":"Other","count":291,"tested":4431,"color":"rgb(148,103,189)"},{"description":"Hispanic","count":4228,"tested":27480,"color":"rgb(214,39,40)"},{"description":"White","count":835,"tested":17247,"color":"rgb(31,119,180)"},{"description":"Asian","count":185,"tested":3773,"color":"rgb(140,86,75)"},{"description":"Black","count":779,"tested":12091,"color":"rgb(255,127,14)"},{"description":"AI/AN**","count":8,"tested":169,"color":"rgb(31,119,180)"}],"gender":[{"description":"Unknown/Left Blank","count":80,"tested":3505,"color":"rgb(44,160,44)"},{"description":"Male","count":3884,"tested":45062,"color":"rgb(31,119,180)"},{"description":"Female","count":3536,"tested":44726,"color":"rgb(255,127,14)"}]}
