{"age":[{"age_group":"<20","count":312,"tested":2729},{"age_group":"20-29   ","count":496,"tested":4493},{"age_group":"30-39   ","count":571,"tested":5274},{"age_group":"40-49   ","count":477,"tested":4405},{"age_group":"50-59   ","count":429,"tested":4521},{"age_group":"60-69   ","count":299,"tested":3565},{"age_group":"70-79   ","count":117,"tested":1575},{"age_group":"80+","count":83,"tested":1246}],"race":[{"description":"Black","count":40,"tested":341,"color":"rgb(255,127,14)"},{"description":"Hispanic","count":364,"tested":2764,"color":"rgb(214,39,40)"},{"description":"White","count":1463,"tested":12159,"color":"rgb(31,119,180)"},{"description":"Asian","count":175,"tested":1451,"color":"rgb(140,86,75)"},{"description":"Other","count":175,"tested":1255,"color":"rgb(148,103,189)"},{"description":"Left Blank","count":557,"tested":9746,"color":"rgb(44,160,44)"},{"description":"NH/PI*","count":7,"tested":68,"color":"rgb(127,127,127)"}],"gender":[{"description":"Female","count":1349,"tested":14719,"color":"rgb(255,127,14)"},{"description":"Male","count":1403,"tested":12565,"color":"rgb(31,119,180)"},{"description":"Unknown/Left Blank","count":32,"tested":526,"color":"rgb(44,160,44)"}]}
