{"age":[{"age_group":"<20","count":704,"tested":5614},{"age_group":"20-29   ","count":954,"tested":10537},{"age_group":"30-39   ","count":849,"tested":8085},{"age_group":"40-49   ","count":861,"tested":8071},{"age_group":"50-59   ","count":747,"tested":8501},{"age_group":"60-69   ","count":541,"tested":7117},{"age_group":"70-79   ","count":263,"tested":4166},{"age_group":"80+","count":204,"tested":3575}],"race":[{"description":"Asian","count":135,"tested":1716,"color":"rgb(140,86,75)"},{"description":"White","count":1086,"tested":12367,"color":"rgb(31,119,180)"},{"description":"Left Blank","count":1514,"tested":27522,"color":"rgb(44,160,44)"},{"description":"Hispanic","count":2017,"tested":9168,"color":"rgb(214,39,40)"},{"description":"Black","count":253,"tested":3091,"color":"rgb(255,127,14)"},{"description":"Other","count":116,"tested":1731,"color":"rgb(148,103,189)"}],"gender":[{"description":"Male","count":2324,"tested":22025,"color":"rgb(31,119,180)"},{"description":"Unknown/Left Blank","count":62,"tested":885,"color":"rgb(44,160,44)"},{"description":"Female","count":2739,"tested":32773,"color":"rgb(255,127,14)"}]}
