{"lastUpdatedDate":{"year":2020,"month":11,"day":24},"county_demographics":[{"County":"Chicago","confirmed_cases":152310,"total_tested":1967273,"demographics":{"age":[{"race":[],"age_group":"<20","count":17946,"tested":194077,"deaths":0},{"race":[],"age_group":"20-29   ","count":32872,"tested":443319,"deaths":0},{"race":[],"age_group":"30-39   ","count":29799,"tested":397863,"deaths":0},{"race":[],"age_group":"40-49   ","count":24980,"tested":269778,"deaths":0},{"race":[],"age_group":"50-59   ","count":21142,"tested":255198,"deaths":0},{"race":[],"age_group":"60-69   ","count":14004,"tested":213112,"deaths":0},{"race":[],"age_group":"70-79   ","count":7020,"tested":116710,"deaths":0},{"race":[],"age_group":"80+","count":4542,"tested":75982,"deaths":0},{"race":[],"age_group":"Unknown","count":0,"tested":1234,"deaths":0}],"race":[{"description":"AI/AN**","count":164,"tested":1733,"deaths":0,"color":"rgb(31,119,180)"},{"description":"Asian","count":3173,"tested":56049,"deaths":0,"color":"rgb(140,86,75)"},{"description":"Black","count":26683,"tested":304557,"deaths":0,"color":"rgb(255,127,14)"},{"description":"Hispanic","count":54176,"tested":281968,"deaths":0,"color":"rgb(214,39,40)"},{"description":"Left Blank","count":36412,"tested":853045,"deaths":0,"color":"rgb(44,160,44)"},{"description":"NH/PI*","count":167,"tested":2404,"deaths":0,"color":"rgb(127,127,127)"},{"description":"Other","count":6133,"tested":69807,"deaths":0,"color":"rgb(148,103,189)"},{"description":"White","count":25398,"tested":397710,"deaths":0,"color":"rgb(31,119,180)"}],"gender":[{"description":"Female","count":77386,"tested":1047661,"deaths":0,"color":"rgb(255,127,14)"},{"description":"Male","count":73147,"tested":856126,"deaths":0,"color":"rgb(31,119,180)"},{"description":"Unknown/Left Blank","count":1777,"tested":63486,"deaths":0,"color":"rgb(44,160,44)"}]}}]}
