{"lastUpdatedDate":{"year":2020,"month":11,"day":24},"county_demographics":[{"County":"Pike","confirmed_cases":966,"total_tested":8635,"demographics":{"age":[{"race":[],"age_group":"<20","count":103,"tested":950,"deaths":0},{"race":[],"age_group":"20-29   ","count":150,"tested":1391,"deaths":0},{"race":[],"age_group":"30-39   ","count":127,"tested":1066,"deaths":0},{"race":[],"age_group":"40-49   ","count":140,"tested":1035,"deaths":0},{"race":[],"age_group":"50-59   ","count":142,"tested":1139,"deaths":0},{"race":[],"age_group":"60-69   ","count":131,"tested":1052,"deaths":0},{"race":[],"age_group":"70-79   ","count":70,"tested":737,"deaths":0},{"race":[],"age_group":"80+","count":95,"tested":1265,"deaths":0},{"race":[],"age_group":"Unknown","count":0,"tested":0,"deaths":0}],"race":[{"description":"AI/AN**","count":0,"tested":0,"deaths":0,"color":"rgb(31,119,180)"},{"description":"Asian","count":0,"tested":6,"deaths":0,"color":"rgb(140,86,75)"},{"description":"Black","count":0,"tested":14,"deaths":0,"color":"rgb(255,127,14)"},{"description":"Hispanic","count":0,"tested":39,"deaths":0,"color":"rgb(214,39,40)"},{"description":"Left Blank","count":335,"tested":5623,"deaths":0,"color":"rgb(44,160,44)"},{"description":"NH/PI*","count":0,"tested":0,"deaths":0,"color":"rgb(127,127,127)"},{"description":"Other","count":0,"tested":13,"deaths":0,"color":"rgb(148,103,189)"},{"description":"White","count":624,"tested":2938,"deaths":0,"color":"rgb(31,119,180)"}],"gender":[{"description":"Female","count":546,"tested":5749,"deaths":0,"color":"rgb(255,127,14)"},{"description":"Male","count":391,"tested":2702,"deaths":0,"color":"rgb(31,119,180)"},{"description":"Unknown/Left Blank","count":29,"tested":184,"deaths":0,"color":"rgb(44,160,44)"}]}}]}
