{"lastUpdatedDate":{"year":2020,"month":11,"day":24},"county_demographics":[{"County":"Christian","confirmed_cases":1776,"total_tested":18646,"demographics":{"age":[{"race":[],"age_group":"<20","count":134,"tested":2040,"deaths":0},{"race":[],"age_group":"20-29   ","count":262,"tested":2812,"deaths":0},{"race":[],"age_group":"30-39   ","count":286,"tested":2390,"deaths":0},{"race":[],"age_group":"40-49   ","count":300,"tested":2224,"deaths":0},{"race":[],"age_group":"50-59   ","count":327,"tested":2709,"deaths":0},{"race":[],"age_group":"60-69   ","count":214,"tested":2595,"deaths":0},{"race":[],"age_group":"70-79   ","count":116,"tested":1912,"deaths":0},{"race":[],"age_group":"80+","count":122,"tested":1961,"deaths":0},{"race":[],"age_group":"Unknown","count":0,"tested":0,"deaths":0}],"race":[{"description":"AI/AN**","count":0,"tested":8,"deaths":0,"color":"rgb(31,119,180)"},{"description":"Asian","count":0,"tested":34,"deaths":0,"color":"rgb(140,86,75)"},{"description":"Black","count":63,"tested":112,"deaths":0,"color":"rgb(255,127,14)"},{"description":"Hispanic","count":56,"tested":111,"deaths":0,"color":"rgb(214,39,40)"},{"description":"Left Blank","count":884,"tested":9152,"deaths":0,"color":"rgb(44,160,44)"},{"description":"NH/PI*","count":0,"tested":0,"deaths":0,"color":"rgb(127,127,127)"},{"description":"Other","count":25,"tested":304,"deaths":0,"color":"rgb(148,103,189)"},{"description":"White","count":740,"tested":8923,"deaths":0,"color":"rgb(31,119,180)"}],"gender":[{"description":"Female","count":770,"tested":11217,"deaths":0,"color":"rgb(255,127,14)"},{"description":"Male","count":960,"tested":7131,"deaths":0,"color":"rgb(31,119,180)"},{"description":"Unknown/Left Blank","count":39,"tested":298,"deaths":0,"color":"rgb(44,160,44)"}]}}]}
