{"lastUpdatedDate":{"year":2020,"month":11,"day":24},"county_demographics":[{"County":"Crawford","confirmed_cases":1050,"total_tested":8786,"demographics":{"age":[{"race":[],"age_group":"<20","count":123,"tested":1300,"deaths":0},{"race":[],"age_group":"20-29   ","count":167,"tested":1297,"deaths":0},{"race":[],"age_group":"30-39   ","count":185,"tested":1440,"deaths":0},{"race":[],"age_group":"40-49   ","count":172,"tested":1192,"deaths":0},{"race":[],"age_group":"50-59   ","count":160,"tested":1161,"deaths":0},{"race":[],"age_group":"60-69   ","count":102,"tested":882,"deaths":0},{"race":[],"age_group":"70-79   ","count":77,"tested":638,"deaths":0},{"race":[],"age_group":"80+","count":64,"tested":874,"deaths":0},{"race":[],"age_group":"Unknown","count":0,"tested":0,"deaths":0}],"race":[{"description":"AI/AN**","count":0,"tested":0,"deaths":0,"color":"rgb(31,119,180)"},{"description":"Asian","count":0,"tested":18,"deaths":0,"color":"rgb(140,86,75)"},{"description":"Black","count":150,"tested":337,"deaths":0,"color":"rgb(255,127,14)"},{"description":"Hispanic","count":36,"tested":60,"deaths":0,"color":"rgb(214,39,40)"},{"description":"Left Blank","count":134,"tested":2423,"deaths":0,"color":"rgb(44,160,44)"},{"description":"NH/PI*","count":0,"tested":0,"deaths":0,"color":"rgb(127,127,127)"},{"description":"Other","count":17,"tested":510,"deaths":0,"color":"rgb(148,103,189)"},{"description":"White","count":707,"tested":5437,"deaths":0,"color":"rgb(31,119,180)"}],"gender":[{"description":"Female","count":398,"tested":5087,"deaths":0,"color":"rgb(255,127,14)"},{"description":"Male","count":610,"tested":3108,"deaths":0,"color":"rgb(31,119,180)"},{"description":"Unknown/Left Blank","count":42,"tested":591,"deaths":0,"color":"rgb(44,160,44)"}]}}]}
