{"lastUpdatedDate":{"year":2020,"month":11,"day":24},"county_demographics":[{"County":"Carroll","confirmed_cases":1001,"total_tested":10176,"demographics":{"age":[{"race":[],"age_group":"<20","count":96,"tested":901,"deaths":0},{"race":[],"age_group":"20-29   ","count":116,"tested":1236,"deaths":0},{"race":[],"age_group":"30-39   ","count":215,"tested":2046,"deaths":0},{"race":[],"age_group":"40-49   ","count":162,"tested":1500,"deaths":0},{"race":[],"age_group":"50-59   ","count":140,"tested":1218,"deaths":0},{"race":[],"age_group":"60-69   ","count":106,"tested":1212,"deaths":0},{"race":[],"age_group":"70-79   ","count":80,"tested":767,"deaths":0},{"race":[],"age_group":"80+","count":79,"tested":1294,"deaths":0},{"race":[],"age_group":"Unknown","count":0,"tested":0,"deaths":0}],"race":[{"description":"AI/AN**","count":0,"tested":0,"deaths":0,"color":"rgb(31,119,180)"},{"description":"Asian","count":0,"tested":34,"deaths":0,"color":"rgb(140,86,75)"},{"description":"Black","count":32,"tested":76,"deaths":0,"color":"rgb(255,127,14)"},{"description":"Hispanic","count":13,"tested":19,"deaths":0,"color":"rgb(214,39,40)"},{"description":"Left Blank","count":462,"tested":7101,"deaths":0,"color":"rgb(44,160,44)"},{"description":"NH/PI*","count":0,"tested":0,"deaths":0,"color":"rgb(127,127,127)"},{"description":"Other","count":10,"tested":69,"deaths":0,"color":"rgb(148,103,189)"},{"description":"White","count":473,"tested":2871,"deaths":0,"color":"rgb(31,119,180)"}],"gender":[{"description":"Female","count":438,"tested":4882,"deaths":0,"color":"rgb(255,127,14)"},{"description":"Male","count":557,"tested":5245,"deaths":0,"color":"rgb(31,119,180)"},{"description":"Unknown/Left Blank","count":0,"tested":49,"deaths":0,"color":"rgb(44,160,44)"}]}}]}
