{"age":[{"age_group":"<20","count":186,"tested":1265},{"age_group":"20-29   ","count":191,"tested":1741},{"age_group":"30-39   ","count":227,"tested":1904},{"age_group":"40-49   ","count":155,"tested":1420},{"age_group":"50-59   ","count":171,"tested":1671},{"age_group":"60-69   ","count":149,"tested":1385},{"age_group":"70-79   ","count":36,"tested":597},{"age_group":"80+","count":26,"tested":424}],"race":[{"description":"White","count":497,"tested":4432,"color":"rgb(31,119,180)"},{"description":"Other","count":48,"tested":529,"color":"rgb(148,103,189)"},{"description":"Left Blank","count":212,"tested":2795,"color":"rgb(44,160,44)"},{"description":"Black","count":18,"tested":140,"color":"rgb(255,127,14)"},{"description":"Asian","count":21,"tested":191,"color":"rgb(140,86,75)"},{"description":"Hispanic","count":343,"tested":2294,"color":"rgb(214,39,40)"}],"gender":[{"description":"Male","count":551,"tested":4670,"color":"rgb(31,119,180)"},{"description":"Female","count":589,"tested":5617,"color":"rgb(255,127,14)"}]}
