{"age":[{"age_group":"<20","count":25,"tested":318},{"age_group":"20-29   ","count":68,"tested":1225},{"age_group":"30-39   ","count":47,"tested":986},{"age_group":"40-49   ","count":26,"tested":552},{"age_group":"50-59   ","count":20,"tested":505},{"age_group":"60-69   ","count":10,"tested":318},{"age_group":"70-79   ","count":7,"tested":255}],"race":[{"description":"Black","count":39,"tested":565,"color":"rgb(255,127,14)"},{"description":"Asian","count":15,"tested":231,"color":"rgb(140,86,75)"},{"description":"Hispanic","count":20,"tested":188,"color":"rgb(214,39,40)"},{"description":"Left Blank","count":46,"tested":1638,"color":"rgb(44,160,44)"},{"description":"Other","count":13,"tested":256,"color":"rgb(148,103,189)"},{"description":"White","count":72,"tested":1368,"color":"rgb(31,119,180)"}],"gender":[{"description":"Female","count":105,"tested":2264,"color":"rgb(255,127,14)"},{"description":"Male","count":99,"tested":1748,"color":"rgb(31,119,180)"}]}
