{"age":[{"age_group":"<20","count":99,"tested":1194},{"age_group":"20-29   ","count":115,"tested":2234},{"age_group":"30-39   ","count":96,"tested":1757},{"age_group":"40-49   ","count":113,"tested":1851},{"age_group":"50-59   ","count":142,"tested":2335},{"age_group":"60-69   ","count":94,"tested":1974},{"age_group":"70-79   ","count":70,"tested":1495},{"age_group":"80+","count":65,"tested":2058}],"race":[{"description":"Black","count":15,"tested":362,"color":"rgb(255,127,14)"},{"description":"Other","count":10,"tested":168,"color":"rgb(148,103,189)"},{"description":"Left Blank","count":235,"tested":9875,"color":"rgb(44,160,44)"},{"description":"White","count":478,"tested":4073,"color":"rgb(31,119,180)"},{"description":"Hispanic","count":54,"tested":361,"color":"rgb(214,39,40)"}],"gender":[{"description":"Male","count":338,"tested":4601,"color":"rgb(31,119,180)"},{"description":"Female","count":454,"tested":9941,"color":"rgb(255,127,14)"}]}
