{"age":[{"age_group":"<20","count":343,"tested":2852},{"age_group":"20-29   ","count":476,"tested":7136},{"age_group":"30-39   ","count":502,"tested":7979},{"age_group":"40-49   ","count":468,"tested":8988},{"age_group":"50-59   ","count":516,"tested":10418},{"age_group":"60-69   ","count":518,"tested":11087},{"age_group":"70-79   ","count":327,"tested":6581},{"age_group":"80+","count":473,"tested":9884}],"race":[{"description":"NH/PI*","count":16,"tested":160,"color":"rgb(127,127,127)"},{"description":"AI/AN**","count":11,"tested":69,"color":"rgb(31,119,180)"},{"description":"Left Blank","count":1135,"tested":39749,"color":"rgb(44,160,44)"},{"description":"Other","count":365,"tested":2342,"color":"rgb(148,103,189)"},{"description":"Black","count":55,"tested":933,"color":"rgb(255,127,14)"},{"description":"White","count":1246,"tested":12983,"color":"rgb(31,119,180)"},{"description":"Asian","count":416,"tested":6181,"color":"rgb(140,86,75)"},{"description":"Hispanic","count":381,"tested":2546,"color":"rgb(214,39,40)"}],"gender":[{"description":"Female","count":1939,"tested":39247,"color":"rgb(255,127,14)"},{"description":"Male","count":1654,"tested":24687,"color":"rgb(31,119,180)"},{"description":"Unknown/Left Blank","count":32,"tested":1029,"color":"rgb(44,160,44)"}]}
