{"age":[{"age_group":"<20","count":369,"tested":4977},{"age_group":"20-29   ","count":406,"tested":5134},{"age_group":"30-39   ","count":365,"tested":5093},{"age_group":"40-49   ","count":347,"tested":4369},{"age_group":"50-59   ","count":367,"tested":5695},{"age_group":"60-69   ","count":256,"tested":4565},{"age_group":"70-79   ","count":124,"tested":3228},{"age_group":"80+","count":154,"tested":6309}],"race":[{"description":"Hispanic","count":283,"tested":1964,"color":"rgb(214,39,40)"},{"description":"Left Blank","count":511,"tested":15785,"color":"rgb(44,160,44)"},{"description":"Other","count":90,"tested":837,"color":"rgb(148,103,189)"},{"description":"White","count":1335,"tested":18206,"color":"rgb(31,119,180)"},{"description":"Asian","count":118,"tested":1951,"color":"rgb(140,86,75)"},{"description":"Black","count":50,"tested":592,"color":"rgb(255,127,14)"}],"gender":[{"description":"Unknown/Left Blank","count":16,"tested":1567,"color":"rgb(44,160,44)"},{"description":"Male","count":1140,"tested":16100,"color":"rgb(31,119,180)"},{"description":"Female","count":1232,"tested":21711,"color":"rgb(255,127,14)"}]}
