{"age":[{"age_group":"<20","count":16,"tested":367},{"age_group":"20-29   ","count":35,"tested":262},{"age_group":"30-39   ","count":18,"tested":375},{"age_group":"40-49   ","count":26,"tested":401},{"age_group":"50-59   ","count":32,"tested":478},{"age_group":"60-69   ","count":17,"tested":220}],"race":[{"description":"Other","count":7,"tested":36,"color":"rgb(148,103,189)"},{"description":"White","count":129,"tested":1482,"color":"rgb(31,119,180)"},{"description":"Left Blank","count":22,"tested":640,"color":"rgb(44,160,44)"}],"gender":[{"description":"Male","count":67,"tested":702,"color":"rgb(31,119,180)"},{"description":"Female","count":92,"tested":1429,"color":"rgb(255,127,14)"}]}
