{"age":[{"age_group":"<20","count":75,"tested":715},{"age_group":"20-29   ","count":116,"tested":1491},{"age_group":"30-39   ","count":86,"tested":1539},{"age_group":"40-49   ","count":90,"tested":1383},{"age_group":"50-59   ","count":120,"tested":1939},{"age_group":"60-69   ","count":113,"tested":1904},{"age_group":"70-79   ","count":69,"tested":1149},{"age_group":"80+","count":25,"tested":508}],"race":[{"description":"Black","count":42,"tested":1152,"color":"rgb(255,127,14)"},{"description":"White","count":361,"tested":6204,"color":"rgb(31,119,180)"},{"description":"Other","count":14,"tested":217,"color":"rgb(148,103,189)"},{"description":"Hispanic","count":102,"tested":587,"color":"rgb(214,39,40)"},{"description":"Left Blank","count":172,"tested":2438,"color":"rgb(44,160,44)"}],"gender":[{"description":"Female","count":326,"tested":6103,"color":"rgb(255,127,14)"},{"description":"Male","count":364,"tested":4417,"color":"rgb(31,119,180)"}]}
