{"age":[{"age_group":"<20","count":40,"tested":436},{"age_group":"20-29   ","count":46,"tested":384},{"age_group":"30-39   ","count":30,"tested":263},{"age_group":"40-49   ","count":39,"tested":366},{"age_group":"50-59   ","count":51,"tested":550},{"age_group":"60-69   ","count":46,"tested":504},{"age_group":"70-79   ","count":15,"tested":278},{"age_group":"80+","count":10,"tested":110}],"race":[{"description":"Hispanic","count":18,"tested":72,"color":"rgb(214,39,40)"},{"description":"White","count":204,"tested":1434,"color":"rgb(31,119,180)"},{"description":"Left Blank","count":36,"tested":1181,"color":"rgb(44,160,44)"},{"description":"Black","count":9,"tested":80,"color":"rgb(255,127,14)"}],"gender":[{"description":"Male","count":133,"tested":1320,"color":"rgb(31,119,180)"},{"description":"Female","count":143,"tested":1558,"color":"rgb(255,127,14)"}]}
