{"age":[{"age_group":"<20","count":15,"tested":115},{"age_group":"20-29   ","count":17,"tested":130},{"age_group":"30-39   ","count":13,"tested":140},{"age_group":"40-49   ","count":16,"tested":125},{"age_group":"50-59   ","count":17,"tested":122},{"age_group":"60-69   ","count":18,"tested":91}],"race":[{"description":"Left Blank","count":45,"tested":377,"color":"rgb(44,160,44)"},{"description":"White","count":54,"tested":402,"color":"rgb(31,119,180)"}],"gender":[{"description":"Female","count":54,"tested":456,"color":"rgb(255,127,14)"},{"description":"Male","count":51,"tested":345,"color":"rgb(31,119,180)"}]}
