{"age":[{"age_group":"<20","count":204,"tested":1261},{"age_group":"20-29   ","count":245,"tested":1984},{"age_group":"30-39   ","count":278,"tested":2033},{"age_group":"40-49   ","count":243,"tested":1538},{"age_group":"50-59   ","count":190,"tested":1485},{"age_group":"60-69   ","count":160,"tested":1398},{"age_group":"70-79   ","count":54,"tested":595},{"age_group":"80+","count":26,"tested":410}],"race":[{"description":"Left Blank","count":276,"tested":3466,"color":"rgb(44,160,44)"},{"description":"White","count":514,"tested":3801,"color":"rgb(31,119,180)"},{"description":"Asian","count":56,"tested":454,"color":"rgb(140,86,75)"},{"description":"Hispanic","count":473,"tested":2380,"color":"rgb(214,39,40)"},{"description":"Other","count":58,"tested":467,"color":"rgb(148,103,189)"},{"description":"Black","count":16,"tested":112,"color":"rgb(255,127,14)"}],"gender":[{"description":"Female","count":711,"tested":5720,"color":"rgb(255,127,14)"},{"description":"Male","count":680,"tested":4871,"color":"rgb(31,119,180)"},{"description":"Unknown/Left Blank","count":9,"tested":116,"color":"rgb(44,160,44)"}]}
