{"age":[{"age_group":"<20","count":698,"tested":5487},{"age_group":"20-29   ","count":953,"tested":9891},{"age_group":"30-39   ","count":954,"tested":9663},{"age_group":"40-49   ","count":873,"tested":8605},{"age_group":"50-59   ","count":739,"tested":9423},{"age_group":"60-69   ","count":489,"tested":7672},{"age_group":"70-79   ","count":281,"tested":5201},{"age_group":"80+","count":234,"tested":5660}],"race":[{"description":"Left Blank","count":1288,"tested":26856,"color":"rgb(44,160,44)"},{"description":"White","count":1701,"tested":18064,"color":"rgb(31,119,180)"},{"description":"Hispanic","count":1377,"tested":6543,"color":"rgb(214,39,40)"},{"description":"Black","count":531,"tested":6219,"color":"rgb(255,127,14)"},{"description":"Asian","count":56,"tested":508,"color":"rgb(140,86,75)"},{"description":"Other","count":233,"tested":3246,"color":"rgb(148,103,189)"},{"description":"AI/AN**","count":30,"tested":156,"color":"rgb(31,119,180)"}],"gender":[{"description":"Female","count":2772,"tested":35384,"color":"rgb(255,127,14)"},{"description":"Male","count":2413,"tested":24729,"color":"rgb(31,119,180)"},{"description":"Unknown/Left Blank","count":36,"tested":1498,"color":"rgb(44,160,44)"}]}
