{"age":[{"age_group":"<20","count":179,"tested":1356},{"age_group":"20-29   ","count":313,"tested":2450},{"age_group":"30-39   ","count":273,"tested":2073},{"age_group":"40-49   ","count":209,"tested":1768},{"age_group":"50-59   ","count":273,"tested":2121},{"age_group":"60-69   ","count":198,"tested":2070},{"age_group":"70-79   ","count":96,"tested":1419},{"age_group":"80+","count":75,"tested":2002}],"race":[{"description":"Other","count":60,"tested":417,"color":"rgb(148,103,189)"},{"description":"Black","count":31,"tested":203,"color":"rgb(255,127,14)"},{"description":"Asian","count":62,"tested":351,"color":"rgb(140,86,75)"},{"description":"White","count":719,"tested":4424,"color":"rgb(31,119,180)"},{"description":"Left Blank","count":315,"tested":8354,"color":"rgb(44,160,44)"},{"description":"Hispanic","count":426,"tested":1501,"color":"rgb(214,39,40)"}],"gender":[{"description":"Female","count":818,"tested":8517,"color":"rgb(255,127,14)"},{"description":"Male","count":787,"tested":6584,"color":"rgb(31,119,180)"}]}
