{"age":[{"age_group":"<20","count":98,"tested":762},{"age_group":"20-29   ","count":139,"tested":1303},{"age_group":"30-39   ","count":132,"tested":1454},{"age_group":"40-49   ","count":136,"tested":1503},{"age_group":"50-59   ","count":147,"tested":1552},{"age_group":"60-69   ","count":103,"tested":1308},{"age_group":"70-79   ","count":50,"tested":765},{"age_group":"80+","count":19,"tested":244}],"race":[{"description":"Hispanic","count":139,"tested":675,"color":"rgb(214,39,40)"},{"description":"White","count":53,"tested":661,"color":"rgb(31,119,180)"},{"description":"Left Blank","count":168,"tested":3224,"color":"rgb(44,160,44)"},{"description":"Asian","count":14,"tested":88,"color":"rgb(140,86,75)"},{"description":"Black","count":409,"tested":3977,"color":"rgb(255,127,14)"},{"description":"Other","count":38,"tested":264,"color":"rgb(148,103,189)"}],"gender":[{"description":"Unknown/Left Blank","count":14,"tested":350,"color":"rgb(44,160,44)"},{"description":"Male","count":377,"tested":3512,"color":"rgb(31,119,180)"},{"description":"Female","count":433,"tested":5031,"color":"rgb(255,127,14)"}]}
