{"age":[{"age_group":"<20","count":23,"tested":435},{"age_group":"20-29   ","count":350,"tested":6625},{"age_group":"30-39   ","count":308,"tested":6179},{"age_group":"40-49   ","count":56,"tested":1393},{"age_group":"50-59   ","count":35,"tested":900},{"age_group":"60-69   ","count":23,"tested":406}],"race":[{"description":"Left Blank","count":292,"tested":7239,"color":"rgb(44,160,44)"},{"description":"Hispanic","count":43,"tested":503,"color":"rgb(214,39,40)"},{"description":"Other","count":48,"tested":961,"color":"rgb(148,103,189)"},{"description":"Asian","count":70,"tested":1805,"color":"rgb(140,86,75)"},{"description":"White","count":311,"tested":5107,"color":"rgb(31,119,180)"},{"description":"Black","count":32,"tested":503,"color":"rgb(255,127,14)"}],"gender":[{"description":"Unknown/Left Blank","count":21,"tested":169,"color":"rgb(44,160,44)"},{"description":"Female","count":364,"tested":8198,"color":"rgb(255,127,14)"},{"description":"Male","count":413,"tested":7785,"color":"rgb(31,119,180)"}]}
