{"age":[{"age_group":"<20","count":75,"tested":615},{"age_group":"20-29   ","count":60,"tested":568},{"age_group":"30-39   ","count":60,"tested":792},{"age_group":"40-49   ","count":57,"tested":447},{"age_group":"50-59   ","count":79,"tested":738},{"age_group":"60-69   ","count":58,"tested":633},{"age_group":"70-79   ","count":21,"tested":635},{"age_group":"80+","count":15,"tested":938}],"race":[{"description":"White","count":342,"tested":4060,"color":"rgb(31,119,180)"},{"description":"Left Blank","count":72,"tested":1168,"color":"rgb(44,160,44)"}],"gender":[{"description":"Female","count":223,"tested":3440,"color":"rgb(255,127,14)"},{"description":"Male","count":200,"tested":1878,"color":"rgb(31,119,180)"}]}
