{"age":[{"age_group":"<20","count":181,"tested":1692},{"age_group":"20-29   ","count":145,"tested":1399},{"age_group":"30-39   ","count":133,"tested":1656},{"age_group":"40-49   ","count":141,"tested":1406},{"age_group":"50-59   ","count":148,"tested":1647},{"age_group":"60-69   ","count":97,"tested":1010},{"age_group":"70-79   ","count":64,"tested":912},{"age_group":"80+","count":60,"tested":979}],"race":[{"description":"White","count":504,"tested":3912,"color":"rgb(31,119,180)"},{"description":"Left Blank","count":433,"tested":6446,"color":"rgb(44,160,44)"},{"description":"Hispanic","count":29,"tested":140,"color":"rgb(214,39,40)"}],"gender":[{"description":"Female","count":513,"tested":5184,"color":"rgb(255,127,14)"},{"description":"Male","count":433,"tested":3242,"color":"rgb(31,119,180)"},{"description":"Unknown/Left Blank","count":36,"tested":2283,"color":"rgb(44,160,44)"}]}
