{"age":[{"age_group":"<20","count":538,"tested":5299},{"age_group":"20-29   ","count":483,"tested":5693},{"age_group":"30-39   ","count":409,"tested":4328},{"age_group":"40-49   ","count":427,"tested":4662},{"age_group":"50-59   ","count":529,"tested":5691},{"age_group":"60-69   ","count":264,"tested":3661},{"age_group":"70-79   ","count":118,"tested":1933},{"age_group":"80+","count":81,"tested":2559}],"race":[{"description":"Left Blank","count":852,"tested":11278,"color":"rgb(44,160,44)"},{"description":"Other","count":184,"tested":1456,"color":"rgb(148,103,189)"},{"description":"Black","count":57,"tested":1062,"color":"rgb(255,127,14)"},{"description":"Hispanic","count":328,"tested":2148,"color":"rgb(214,39,40)"},{"description":"White","count":1359,"tested":16877,"color":"rgb(31,119,180)"},{"description":"Asian","count":58,"tested":871,"color":"rgb(140,86,75)"},{"description":"NH/PI*","count":7,"tested":109,"color":"rgb(127,127,127)"}],"gender":[{"description":"Female","count":1411,"tested":19333,"color":"rgb(255,127,14)"},{"description":"Unknown/Left Blank","count":21,"tested":337,"color":"rgb(44,160,44)"},{"description":"Male","count":1418,"tested":14175,"color":"rgb(31,119,180)"}]}
