{"age":[{"age_group":"<20","count":37,"tested":553},{"age_group":"20-29   ","count":20,"tested":285},{"age_group":"30-39   ","count":14,"tested":189},{"age_group":"40-49   ","count":23,"tested":293},{"age_group":"50-59   ","count":20,"tested":267},{"age_group":"60-69   ","count":24,"tested":304},{"age_group":"70-79   ","count":13,"tested":257}],"race":[{"description":"Left Blank","count":26,"tested":533,"color":"rgb(44,160,44)"},{"description":"White","count":124,"tested":1650,"color":"rgb(31,119,180)"}],"gender":[{"description":"Male","count":75,"tested":954,"color":"rgb(31,119,180)"},{"description":"Female","count":74,"tested":1314,"color":"rgb(255,127,14)"}]}
