{"age":[{"age_group":"<20","count":11,"tested":149},{"age_group":"20-29   ","count":20,"tested":206},{"age_group":"30-39   ","count":12,"tested":196},{"age_group":"40-49   ","count":12,"tested":120},{"age_group":"50-59   ","count":31,"tested":198},{"age_group":"60-69   ","count":17,"tested":167},{"age_group":"70-79   ","count":7,"tested":116}],"race":[{"description":"White","count":70,"tested":698,"color":"rgb(31,119,180)"},{"description":"Hispanic","count":17,"tested":50,"color":"rgb(214,39,40)"},{"description":"Left Blank","count":25,"tested":425,"color":"rgb(44,160,44)"}],"gender":[{"description":"Male","count":58,"tested":579,"color":"rgb(31,119,180)"},{"description":"Female","count":54,"tested":633,"color":"rgb(255,127,14)"}]}
