{"age":[{"age_group":"<20","count":883,"tested":2100},{"age_group":"20-29   ","count":859,"tested":6793},{"age_group":"30-39   ","count":334,"tested":2450},{"age_group":"40-49   ","count":280,"tested":2279},{"age_group":"50-59   ","count":216,"tested":2372},{"age_group":"60-69   ","count":148,"tested":1528},{"age_group":"70-79   ","count":66,"tested":528},{"age_group":"80+","count":41,"tested":279}],"race":[{"description":"White","count":760,"tested":3269,"color":"rgb(31,119,180)"},{"description":"Asian","count":109,"tested":1153,"color":"rgb(140,86,75)"},{"description":"Other","count":100,"tested":675,"color":"rgb(148,103,189)"},{"description":"Black","count":589,"tested":3911,"color":"rgb(255,127,14)"},{"description":"Left Blank","count":264,"tested":4258,"color":"rgb(44,160,44)"},{"description":"NH/PI*","count":15,"tested":91,"color":"rgb(127,127,127)"},{"description":"Hispanic","count":973,"tested":4916,"color":"rgb(214,39,40)"},{"description":"AI/AN**","count":17,"tested":62,"color":"rgb(31,119,180)"}],"gender":[{"description":"Unknown/Left Blank","count":34,"tested":160,"color":"rgb(44,160,44)"},{"description":"Male","count":1688,"tested":7196,"color":"rgb(31,119,180)"},{"description":"Female","count":1105,"tested":10979,"color":"rgb(255,127,14)"}]}
