{"age":[{"age_group":"<20","count":508,"tested":4979},{"age_group":"20-29   ","count":443,"tested":8221},{"age_group":"30-39   ","count":318,"tested":7391},{"age_group":"40-49   ","count":367,"tested":6406},{"age_group":"50-59   ","count":450,"tested":5713},{"age_group":"60-69   ","count":224,"tested":3485},{"age_group":"70-79   ","count":101,"tested":1618},{"age_group":"80+","count":63,"tested":854}],"race":[{"description":"Left Blank","count":852,"tested":25705,"color":"rgb(44,160,44)"},{"description":"Other","count":45,"tested":513,"color":"rgb(148,103,189)"},{"description":"White","count":1388,"tested":10936,"color":"rgb(31,119,180)"},{"description":"Asian","count":56,"tested":509,"color":"rgb(140,86,75)"},{"description":"Hispanic","count":93,"tested":715,"color":"rgb(214,39,40)"},{"description":"Black","count":36,"tested":253,"color":"rgb(255,127,14)"}],"gender":[{"description":"Unknown/Left Blank","count":43,"tested":9303,"color":"rgb(44,160,44)"},{"description":"Male","count":1347,"tested":16309,"color":"rgb(31,119,180)"},{"description":"Female","count":1084,"tested":13059,"color":"rgb(255,127,14)"}]}
