{"age":[{"age_group":"<20","count":460,"tested":4848},{"age_group":"20-29   ","count":379,"tested":5817},{"age_group":"30-39   ","count":373,"tested":5088},{"age_group":"40-49   ","count":360,"tested":5079},{"age_group":"50-59   ","count":391,"tested":5512},{"age_group":"60-69   ","count":309,"tested":5713},{"age_group":"70-79   ","count":217,"tested":5072},{"age_group":"80+","count":212,"tested":7115}],"race":[{"description":"Left Blank","count":727,"tested":19752,"color":"rgb(44,160,44)"},{"description":"Other","count":148,"tested":2112,"color":"rgb(148,103,189)"},{"description":"Black","count":213,"tested":3389,"color":"rgb(255,127,14)"},{"description":"Asian","count":136,"tested":2131,"color":"rgb(140,86,75)"},{"description":"White","count":1292,"tested":15604,"color":"rgb(31,119,180)"},{"description":"Hispanic","count":175,"tested":1228,"color":"rgb(214,39,40)"},{"description":"AI/AN**","count":8,"tested":43,"color":"rgb(31,119,180)"}],"gender":[{"description":"Female","count":1439,"tested":26537,"color":"rgb(255,127,14)"},{"description":"Male","count":1227,"tested":17046,"color":"rgb(31,119,180)"},{"description":"Unknown/Left Blank","count":35,"tested":708,"color":"rgb(44,160,44)"}]}
