{"age":[{"age_group":"<20","count":208,"tested":2088},{"age_group":"20-29   ","count":213,"tested":3263},{"age_group":"30-39   ","count":215,"tested":3224},{"age_group":"40-49   ","count":259,"tested":3523},{"age_group":"50-59   ","count":219,"tested":3393},{"age_group":"60-69   ","count":177,"tested":3842},{"age_group":"70-79   ","count":125,"tested":2954},{"age_group":"80+","count":86,"tested":1843}],"race":[{"description":"Black","count":922,"tested":11193,"color":"rgb(255,127,14)"},{"description":"Asian","count":6,"tested":147,"color":"rgb(140,86,75)"},{"description":"Hispanic","count":49,"tested":589,"color":"rgb(214,39,40)"},{"description":"White","count":65,"tested":1053,"color":"rgb(31,119,180)"},{"description":"Other","count":17,"tested":323,"color":"rgb(148,103,189)"},{"description":"Left Blank","count":442,"tested":10836,"color":"rgb(44,160,44)"}],"gender":[{"description":"Female","count":891,"tested":15273,"color":"rgb(255,127,14)"},{"description":"Male","count":599,"tested":8299,"color":"rgb(31,119,180)"},{"description":"Unknown/Left Blank","count":12,"tested":611,"color":"rgb(44,160,44)"}]}
