{"age":[{"age_group":"<20","count":10,"tested":185},{"age_group":"20-29   ","count":16,"tested":246},{"age_group":"40-49   ","count":20,"tested":166},{"age_group":"50-59   ","count":15,"tested":370},{"age_group":"60-69   ","count":18,"tested":230},{"age_group":"70-79   ","count":13,"tested":149}],"race":[{"description":"Left Blank","count":30,"tested":1036,"color":"rgb(44,160,44)"},{"description":"White","count":78,"tested":673,"color":"rgb(31,119,180)"}],"gender":[{"description":"Female","count":59,"tested":981,"color":"rgb(255,127,14)"},{"description":"Male","count":52,"tested":722,"color":"rgb(31,119,180)"}]}
