{"age":[{"age_group":"<20","count":3005,"tested":17852},{"age_group":"20-29   ","count":3467,"tested":26768},{"age_group":"30-39   ","count":2925,"tested":19629},{"age_group":"40-49   ","count":3015,"tested":18468},{"age_group":"50-59   ","count":2241,"tested":14750},{"age_group":"60-69   ","count":1303,"tested":10126},{"age_group":"70-79   ","count":474,"tested":4614},{"age_group":"80+","count":192,"tested":2113}],"race":[{"description":"Hispanic","count":10277,"tested":46865,"color":"rgb(214,39,40)"},{"description":"Asian","count":25,"tested":348,"color":"rgb(140,86,75)"},{"description":"Black","count":1095,"tested":11162,"color":"rgb(255,127,14)"},{"description":"White","count":787,"tested":8723,"color":"rgb(31,119,180)"},{"description":"Left Blank","count":3745,"tested":41359,"color":"rgb(44,160,44)"},{"description":"Other","count":655,"tested":5594,"color":"rgb(148,103,189)"},{"description":"AI/AN**","count":29,"tested":234,"color":"rgb(31,119,180)"},{"description":"NH/PI*","count":9,"tested":75,"color":"rgb(127,127,127)"}],"gender":[{"description":"Female","count":8586,"tested":63827,"color":"rgb(255,127,14)"},{"description":"Male","count":7929,"tested":49328,"color":"rgb(31,119,180)"},{"description":"Unknown/Left Blank","count":107,"tested":1205,"color":"rgb(44,160,44)"}]}
