{"age":[{"age_group":"<20","count":306,"tested":2102},{"age_group":"20-29   ","count":396,"tested":3439},{"age_group":"30-39   ","count":358,"tested":3584},{"age_group":"40-49   ","count":359,"tested":3609},{"age_group":"50-59   ","count":405,"tested":3883},{"age_group":"60-69   ","count":259,"tested":3080},{"age_group":"70-79   ","count":140,"tested":1659},{"age_group":"80+","count":55,"tested":757}],"race":[{"description":"Black","count":977,"tested":9639,"color":"rgb(255,127,14)"},{"description":"Hispanic","count":436,"tested":2008,"color":"rgb(214,39,40)"},{"description":"Asian","count":8,"tested":152,"color":"rgb(140,86,75)"},{"description":"White","count":158,"tested":1350,"color":"rgb(31,119,180)"},{"description":"Left Blank","count":623,"tested":8238,"color":"rgb(44,160,44)"},{"description":"Other","count":71,"tested":688,"color":"rgb(148,103,189)"}],"gender":[{"description":"Unknown/Left Blank","count":14,"tested":481,"color":"rgb(44,160,44)"},{"description":"Male","count":1031,"tested":8484,"color":"rgb(31,119,180)"},{"description":"Female","count":1234,"tested":13156,"color":"rgb(255,127,14)"}]}
