{"age":[{"age_group":"<20","count":321,"tested":4726},{"age_group":"20-29   ","count":751,"tested":15562},{"age_group":"30-39   ","count":753,"tested":14688},{"age_group":"40-49   ","count":514,"tested":9679},{"age_group":"50-59   ","count":475,"tested":10119},{"age_group":"60-69   ","count":387,"tested":10101},{"age_group":"70-79   ","count":192,"tested":5644},{"age_group":"80+","count":157,"tested":3564}],"race":[{"description":"Black","count":847,"tested":12317,"color":"rgb(255,127,14)"},{"description":"Hispanic","count":412,"tested":3594,"color":"rgb(214,39,40)"},{"description":"Other","count":166,"tested":2529,"color":"rgb(148,103,189)"},{"description":"Left Blank","count":1047,"tested":37907,"color":"rgb(44,160,44)"},{"description":"White","count":589,"tested":10342,"color":"rgb(31,119,180)"},{"description":"Asian","count":481,"tested":7273,"color":"rgb(140,86,75)"}],"gender":[{"description":"Female","count":1766,"tested":37484,"color":"rgb(255,127,14)"},{"description":"Unknown/Left Blank","count":63,"tested":2225,"color":"rgb(44,160,44)"},{"description":"Male","count":1721,"tested":34391,"color":"rgb(31,119,180)"}]}
