{"age":[{"age_group":"<20","count":1076,"tested":8189},{"age_group":"20-29   ","count":1351,"tested":14672},{"age_group":"30-39   ","count":1265,"tested":13258},{"age_group":"40-49   ","count":1243,"tested":11788},{"age_group":"50-59   ","count":923,"tested":9317},{"age_group":"60-69   ","count":627,"tested":8610},{"age_group":"70-79   ","count":280,"tested":4836},{"age_group":"80+","count":138,"tested":3212}],"race":[{"description":"AI/AN**","count":8,"tested":45,"color":"rgb(31,119,180)"},{"description":"Left Blank","count":1272,"tested":32254,"color":"rgb(44,160,44)"},{"description":"Other","count":258,"tested":2718,"color":"rgb(148,103,189)"},{"description":"Black","count":840,"tested":10440,"color":"rgb(255,127,14)"},{"description":"Hispanic","count":3766,"tested":18312,"color":"rgb(214,39,40)"},{"description":"Asian","count":97,"tested":1587,"color":"rgb(140,86,75)"},{"description":"White","count":659,"tested":8531,"color":"rgb(31,119,180)"}],"gender":[{"description":"Female","count":3538,"tested":39172,"color":"rgb(255,127,14)"},{"description":"Male","count":3310,"tested":30755,"color":"rgb(31,119,180)"},{"description":"Unknown/Left Blank","count":55,"tested":3992,"color":"rgb(44,160,44)"}]}
