{"age":[{"age_group":"<20","count":353,"tested":2313},{"age_group":"20-29   ","count":469,"tested":3453},{"age_group":"30-39   ","count":421,"tested":3344},{"age_group":"40-49   ","count":438,"tested":2888},{"age_group":"50-59   ","count":386,"tested":2778},{"age_group":"60-69   ","count":214,"tested":2034},{"age_group":"70-79   ","count":105,"tested":858},{"age_group":"80+","count":61,"tested":405}],"race":[{"description":"AI/AN**","count":57,"tested":190,"color":"rgb(31,119,180)"},{"description":"Other","count":150,"tested":1449,"color":"rgb(148,103,189)"},{"description":"Left Blank","count":631,"tested":6672,"color":"rgb(44,160,44)"},{"description":"Hispanic","count":1044,"tested":3946,"color":"rgb(214,39,40)"},{"description":"White","count":305,"tested":2862,"color":"rgb(31,119,180)"},{"description":"Black","count":256,"tested":2910,"color":"rgb(255,127,14)"}],"gender":[{"description":"Unknown/Left Blank","count":17,"tested":217,"color":"rgb(44,160,44)"},{"description":"Male","count":1148,"tested":7661,"color":"rgb(31,119,180)"},{"description":"Female","count":1283,"tested":10202,"color":"rgb(255,127,14)"}]}
