{"age":[{"age_group":"<20","count":214,"tested":2869},{"age_group":"20-29   ","count":249,"tested":3151},{"age_group":"30-39   ","count":234,"tested":2693},{"age_group":"40-49   ","count":270,"tested":2202},{"age_group":"50-59   ","count":190,"tested":2376},{"age_group":"60-69   ","count":150,"tested":2397},{"age_group":"70-79   ","count":67,"tested":1520},{"age_group":"80+","count":58,"tested":3833}],"race":[{"description":"Other","count":78,"tested":603,"color":"rgb(148,103,189)"},{"description":"Left Blank","count":309,"tested":9988,"color":"rgb(44,160,44)"},{"description":"White","count":506,"tested":6436,"color":"rgb(31,119,180)"},{"description":"Asian","count":50,"tested":788,"color":"rgb(140,86,75)"},{"description":"Hispanic","count":468,"tested":3053,"color":"rgb(214,39,40)"},{"description":"Black","count":18,"tested":176,"color":"rgb(255,127,14)"}],"gender":[{"description":"Male","count":726,"tested":7989,"color":"rgb(31,119,180)"},{"description":"Unknown/Left Blank","count":15,"tested":709,"color":"rgb(44,160,44)"},{"description":"Female","count":691,"tested":12369,"color":"rgb(255,127,14)"}]}
