{"age":[{"age_group":"<20","count":497,"tested":5462},{"age_group":"20-29   ","count":312,"tested":4096},{"age_group":"30-39   ","count":274,"tested":3998},{"age_group":"40-49   ","count":327,"tested":3808},{"age_group":"50-59   ","count":346,"tested":4208},{"age_group":"60-69   ","count":225,"tested":4168},{"age_group":"70-79   ","count":98,"tested":2578},{"age_group":"80+","count":113,"tested":4093}],"race":[{"description":"Black","count":51,"tested":561,"color":"rgb(255,127,14)"},{"description":"Asian","count":37,"tested":850,"color":"rgb(140,86,75)"},{"description":"White","count":1481,"tested":16517,"color":"rgb(31,119,180)"},{"description":"Hispanic","count":132,"tested":647,"color":"rgb(214,39,40)"},{"description":"Other","count":40,"tested":1083,"color":"rgb(148,103,189)"},{"description":"Left Blank","count":450,"tested":12734,"color":"rgb(44,160,44)"}],"gender":[{"description":"Female","count":1086,"tested":18446,"color":"rgb(255,127,14)"},{"description":"Male","count":1059,"tested":13432,"color":"rgb(31,119,180)"},{"description":"Unknown/Left Blank","count":47,"tested":539,"color":"rgb(44,160,44)"}]}
