{"age":[{"age_group":"<20","count":83,"tested":1019},{"age_group":"20-29   ","count":236,"tested":4421},{"age_group":"30-39   ","count":236,"tested":4736},{"age_group":"40-49   ","count":171,"tested":3722},{"age_group":"50-59   ","count":156,"tested":4362},{"age_group":"60-69   ","count":147,"tested":3882},{"age_group":"70-79   ","count":81,"tested":3141},{"age_group":"80+","count":52,"tested":2153}],"race":[{"description":"Left Blank","count":284,"tested":11602,"color":"rgb(44,160,44)"},{"description":"White","count":349,"tested":6735,"color":"rgb(31,119,180)"},{"description":"Hispanic","count":117,"tested":1479,"color":"rgb(214,39,40)"},{"description":"Other","count":51,"tested":912,"color":"rgb(148,103,189)"},{"description":"Black","count":336,"tested":6051,"color":"rgb(255,127,14)"},{"description":"Asian","count":24,"tested":639,"color":"rgb(140,86,75)"}],"gender":[{"description":"Unknown/Left Blank","count":16,"tested":1081,"color":"rgb(44,160,44)"},{"description":"Female","count":612,"tested":14803,"color":"rgb(255,127,14)"},{"description":"Male","count":534,"tested":11562,"color":"rgb(31,119,180)"}]}
