{"age":[{"age_group":"<20","count":750,"tested":7753},{"age_group":"20-29   ","count":465,"tested":6747},{"age_group":"30-39   ","count":441,"tested":6442},{"age_group":"40-49   ","count":448,"tested":5747},{"age_group":"50-59   ","count":509,"tested":6771},{"age_group":"60-69   ","count":305,"tested":5192},{"age_group":"70-79   ","count":146,"tested":2727},{"age_group":"80+","count":118,"tested":3079}],"race":[{"description":"Black","count":69,"tested":683,"color":"rgb(255,127,14)"},{"description":"Asian","count":164,"tested":1136,"color":"rgb(140,86,75)"},{"description":"Hispanic","count":230,"tested":1225,"color":"rgb(214,39,40)"},{"description":"White","count":1986,"tested":17895,"color":"rgb(31,119,180)"},{"description":"Other","count":89,"tested":1112,"color":"rgb(148,103,189)"},{"description":"Left Blank","count":632,"tested":22348,"color":"rgb(44,160,44)"},{"description":"NH/PI*","count":6,"tested":30,"color":"rgb(127,127,127)"},{"description":"AI/AN**","count":6,"tested":36,"color":"rgb(31,119,180)"}],"gender":[{"description":"Male","count":1572,"tested":19486,"color":"rgb(31,119,180)"},{"description":"Unknown/Left Blank","count":23,"tested":512,"color":"rgb(44,160,44)"},{"description":"Female","count":1587,"tested":24467,"color":"rgb(255,127,14)"}]}
