{"age":[{"age_group":"<20","count":19,"tested":222},{"age_group":"20-29   ","count":27,"tested":676},{"age_group":"30-39   ","count":24,"tested":596},{"age_group":"40-49   ","count":15,"tested":587},{"age_group":"50-59   ","count":12,"tested":573},{"age_group":"60-69   ","count":9,"tested":334}],"race":[{"description":"Black","count":23,"tested":451,"color":"rgb(255,127,14)"},{"description":"Hispanic","count":16,"tested":256,"color":"rgb(214,39,40)"},{"description":"Left Blank","count":40,"tested":1174,"color":"rgb(44,160,44)"},{"description":"White","count":22,"tested":958,"color":"rgb(31,119,180)"}],"gender":[{"description":"Male","count":57,"tested":1867,"color":"rgb(31,119,180)"},{"description":"Female","count":53,"tested":1257,"color":"rgb(255,127,14)"}]}
