{"age":[{"age_group":"<20","count":1547,"tested":11814},{"age_group":"20-29   ","count":1902,"tested":20535},{"age_group":"30-39   ","count":1563,"tested":15524},{"age_group":"40-49   ","count":1670,"tested":15114},{"age_group":"50-59   ","count":1465,"tested":18527},{"age_group":"60-69   ","count":843,"tested":13036},{"age_group":"70-79   ","count":292,"tested":5228},{"age_group":"80+","count":156,"tested":2389}],"race":[{"description":"Left Blank","count":1768,"tested":43838,"color":"rgb(44,160,44)"},{"description":"AI/AN**","count":13,"tested":87,"color":"rgb(31,119,180)"},{"description":"Hispanic","count":5790,"tested":30170,"color":"rgb(214,39,40)"},{"description":"Other","count":230,"tested":2630,"color":"rgb(148,103,189)"},{"description":"NH/PI*","count":10,"tested":191,"color":"rgb(127,127,127)"},{"description":"White","count":724,"tested":12527,"color":"rgb(31,119,180)"},{"description":"Black","count":798,"tested":10571,"color":"rgb(255,127,14)"},{"description":"Asian","count":109,"tested":2167,"color":"rgb(140,86,75)"}],"gender":[{"description":"Female","count":4853,"tested":54693,"color":"rgb(255,127,14)"},{"description":"Male","count":4470,"tested":46043,"color":"rgb(31,119,180)"},{"description":"Unknown/Left Blank","count":119,"tested":1445,"color":"rgb(44,160,44)"}]}
