{"age":[{"age_group":"<20","count":162,"tested":1532},{"age_group":"20-29   ","count":154,"tested":1768},{"age_group":"30-39   ","count":195,"tested":1728},{"age_group":"40-49   ","count":173,"tested":1543},{"age_group":"50-59   ","count":192,"tested":1633},{"age_group":"60-69   ","count":124,"tested":1495},{"age_group":"70-79   ","count":58,"tested":984},{"age_group":"80+","count":38,"tested":762}],"race":[{"description":"White","count":598,"tested":5948,"color":"rgb(31,119,180)"},{"description":"Hispanic","count":215,"tested":874,"color":"rgb(214,39,40)"},{"description":"Left Blank","count":255,"tested":4284,"color":"rgb(44,160,44)"},{"description":"Other","count":16,"tested":198,"color":"rgb(148,103,189)"}],"gender":[{"description":"Female","count":587,"tested":6797,"color":"rgb(255,127,14)"},{"description":"Male","count":507,"tested":4514,"color":"rgb(31,119,180)"}]}
