{"age":[{"age_group":"<20","count":62,"tested":504},{"age_group":"20-29   ","count":74,"tested":1108},{"age_group":"30-39   ","count":57,"tested":1680},{"age_group":"40-49   ","count":64,"tested":1789},{"age_group":"50-59   ","count":55,"tested":2560},{"age_group":"60-69   ","count":43,"tested":2564},{"age_group":"70-79   ","count":17,"tested":546},{"age_group":"80+","count":10,"tested":290}],"race":[{"description":"Other","count":6,"tested":74,"color":"rgb(148,103,189)"},{"description":"Black","count":238,"tested":6911,"color":"rgb(255,127,14)"},{"description":"White","count":13,"tested":939,"color":"rgb(31,119,180)"},{"description":"Hispanic","count":16,"tested":233,"color":"rgb(214,39,40)"},{"description":"Left Blank","count":109,"tested":2866,"color":"rgb(44,160,44)"}],"gender":[{"description":"Female","count":189,"tested":4860,"color":"rgb(255,127,14)"},{"description":"Male","count":191,"tested":6194,"color":"rgb(31,119,180)"}]}
