{"age":[{"age_group":"<20","count":188,"tested":1767},{"age_group":"20-29   ","count":152,"tested":1437},{"age_group":"30-39   ","count":139,"tested":1705},{"age_group":"40-49   ","count":148,"tested":1450},{"age_group":"50-59   ","count":149,"tested":1704},{"age_group":"60-69   ","count":97,"tested":1040},{"age_group":"70-79   ","count":68,"tested":926},{"age_group":"80+","count":60,"tested":996}],"race":[{"description":"White","count":519,"tested":4144,"color":"rgb(31,119,180)"},{"description":"Left Blank","count":449,"tested":6529,"color":"rgb(44,160,44)"},{"description":"Hispanic","count":29,"tested":143,"color":"rgb(214,39,40)"}],"gender":[{"description":"Female","count":530,"tested":5391,"color":"rgb(255,127,14)"},{"description":"Male","count":447,"tested":3354,"color":"rgb(31,119,180)"},{"description":"Unknown/Left Blank","count":37,"tested":2288,"color":"rgb(44,160,44)"}]}
