{"age":[{"age_group":"<20","count":223,"tested":3366},{"age_group":"20-29   ","count":253,"tested":3247},{"age_group":"30-39   ","count":244,"tested":2822},{"age_group":"40-49   ","count":278,"tested":2282},{"age_group":"50-59   ","count":196,"tested":2460},{"age_group":"60-69   ","count":155,"tested":2486},{"age_group":"70-79   ","count":69,"tested":1557},{"age_group":"80+","count":59,"tested":3855}],"race":[{"description":"Left Blank","count":311,"tested":10174,"color":"rgb(44,160,44)"},{"description":"White","count":522,"tested":6762,"color":"rgb(31,119,180)"},{"description":"Asian","count":60,"tested":857,"color":"rgb(140,86,75)"},{"description":"Hispanic","count":480,"tested":3472,"color":"rgb(214,39,40)"},{"description":"Other","count":83,"tested":630,"color":"rgb(148,103,189)"},{"description":"Black","count":18,"tested":181,"color":"rgb(255,127,14)"}],"gender":[{"description":"Female","count":715,"tested":12920,"color":"rgb(255,127,14)"},{"description":"Male","count":747,"tested":8463,"color":"rgb(31,119,180)"},{"description":"Unknown/Left Blank","count":15,"tested":718,"color":"rgb(44,160,44)"}]}
