{"age":[{"age_group":"<20","count":239,"tested":2776},{"age_group":"20-29   ","count":166,"tested":3717},{"age_group":"30-39   ","count":131,"tested":3143},{"age_group":"40-49   ","count":191,"tested":3468},{"age_group":"50-59   ","count":165,"tested":3977},{"age_group":"60-69   ","count":110,"tested":3749},{"age_group":"70-79   ","count":45,"tested":2632},{"age_group":"80+","count":82,"tested":4413}],"race":[{"description":"White","count":567,"tested":9111,"color":"rgb(31,119,180)"},{"description":"Asian","count":6,"tested":218,"color":"rgb(140,86,75)"},{"description":"Hispanic","count":97,"tested":1101,"color":"rgb(214,39,40)"},{"description":"Black","count":29,"tested":969,"color":"rgb(255,127,14)"},{"description":"Other","count":48,"tested":576,"color":"rgb(148,103,189)"},{"description":"Left Blank","count":382,"tested":15840,"color":"rgb(44,160,44)"}],"gender":[{"description":"Unknown/Left Blank","count":14,"tested":653,"color":"rgb(44,160,44)"},{"description":"Male","count":546,"tested":10519,"color":"rgb(31,119,180)"},{"description":"Female","count":569,"tested":16710,"color":"rgb(255,127,14)"}]}
