{"age":[{"age_group":"20-29   ","count":8,"tested":98},{"age_group":"30-39   ","count":10,"tested":216},{"age_group":"40-49   ","count":9,"tested":156},{"age_group":"60-69   ","count":6,"tested":94}],"race":[{"description":"Left Blank","count":11,"tested":250,"color":"rgb(44,160,44)"},{"description":"White","count":28,"tested":595,"color":"rgb(31,119,180)"}],"gender":[{"description":"Male","count":19,"tested":338,"color":"rgb(31,119,180)"},{"description":"Female","count":23,"tested":626,"color":"rgb(255,127,14)"}]}
