{"age":[{"age_group":"<20","count":209,"tested":1794},{"age_group":"20-29   ","count":233,"tested":2732},{"age_group":"30-39   ","count":249,"tested":3068},{"age_group":"40-49   ","count":250,"tested":2878},{"age_group":"50-59   ","count":280,"tested":3664},{"age_group":"60-69   ","count":221,"tested":3667},{"age_group":"70-79   ","count":133,"tested":2268},{"age_group":"80+","count":56,"tested":1487}],"race":[{"description":"Other","count":95,"tested":865,"color":"rgb(148,103,189)"},{"description":"Black","count":229,"tested":2700,"color":"rgb(255,127,14)"},{"description":"Asian","count":40,"tested":520,"color":"rgb(140,86,75)"},{"description":"White","count":505,"tested":6540,"color":"rgb(31,119,180)"},{"description":"Left Blank","count":464,"tested":9054,"color":"rgb(44,160,44)"},{"description":"Hispanic","count":296,"tested":1857,"color":"rgb(214,39,40)"}],"gender":[{"description":"Female","count":834,"tested":12454,"color":"rgb(255,127,14)"},{"description":"Male","count":787,"tested":8848,"color":"rgb(31,119,180)"},{"description":"Unknown/Left Blank","count":10,"tested":262,"color":"rgb(44,160,44)"}]}
