{"age":[{"age_group":"<20","count":136,"tested":1467},{"age_group":"20-29   ","count":166,"tested":2913},{"age_group":"30-39   ","count":211,"tested":3441},{"age_group":"40-49   ","count":219,"tested":4105},{"age_group":"50-59   ","count":205,"tested":5368},{"age_group":"60-69   ","count":131,"tested":3760},{"age_group":"70-79   ","count":62,"tested":1683},{"age_group":"80+","count":29,"tested":708}],"race":[{"description":"White","count":45,"tested":823,"color":"rgb(31,119,180)"},{"description":"Left Blank","count":389,"tested":13775,"color":"rgb(44,160,44)"},{"description":"Hispanic","count":32,"tested":190,"color":"rgb(214,39,40)"},{"description":"Black","count":662,"tested":8289,"color":"rgb(255,127,14)"},{"description":"Asian","count":7,"tested":81,"color":"rgb(140,86,75)"},{"description":"Other","count":20,"tested":266,"color":"rgb(148,103,189)"}],"gender":[{"description":"Male","count":449,"tested":10210,"color":"rgb(31,119,180)"},{"description":"Female","count":704,"tested":12959,"color":"rgb(255,127,14)"}]}
