{"age":[{"age_group":"<20","count":61,"tested":1617},{"age_group":"20-29   ","count":41,"tested":474},{"age_group":"30-39   ","count":39,"tested":402},{"age_group":"40-49   ","count":32,"tested":296},{"age_group":"50-59   ","count":36,"tested":269},{"age_group":"60-69   ","count":30,"tested":322},{"age_group":"70-79   ","count":14,"tested":161}],"race":[{"description":"Left Blank","count":65,"tested":1379,"color":"rgb(44,160,44)"},{"description":"Hispanic","count":98,"tested":508,"color":"rgb(214,39,40)"},{"description":"Other","count":8,"tested":84,"color":"rgb(148,103,189)"},{"description":"White","count":83,"tested":1518,"color":"rgb(31,119,180)"}],"gender":[{"description":"Male","count":137,"tested":1957,"color":"rgb(31,119,180)"},{"description":"Female","count":104,"tested":1565,"color":"rgb(255,127,14)"}]}
