{"age":[{"age_group":"<20","count":563,"tested":8015},{"age_group":"20-29   ","count":664,"tested":10371},{"age_group":"30-39   ","count":660,"tested":10823},{"age_group":"40-49   ","count":651,"tested":12739},{"age_group":"50-59   ","count":688,"tested":14117},{"age_group":"60-69   ","count":505,"tested":13629},{"age_group":"70-79   ","count":283,"tested":6991},{"age_group":"80+","count":247,"tested":6150}],"race":[{"description":"Left Blank","count":1458,"tested":46010,"color":"rgb(44,160,44)"},{"description":"Other","count":160,"tested":1806,"color":"rgb(148,103,189)"},{"description":"Hispanic","count":99,"tested":1098,"color":"rgb(214,39,40)"},{"description":"Asian","count":8,"tested":143,"color":"rgb(140,86,75)"},{"description":"White","count":467,"tested":8377,"color":"rgb(31,119,180)"},{"description":"Black","count":2065,"tested":25246,"color":"rgb(255,127,14)"}],"gender":[{"description":"Unknown/Left Blank","count":85,"tested":4782,"color":"rgb(44,160,44)"},{"description":"Male","count":1848,"tested":32828,"color":"rgb(31,119,180)"},{"description":"Female","count":2328,"tested":45245,"color":"rgb(255,127,14)"}]}
