{"age":[{"age_group":"<20","count":521,"tested":4606},{"age_group":"20-29   ","count":721,"tested":7592},{"age_group":"30-39   ","count":570,"tested":6278},{"age_group":"40-49   ","count":575,"tested":6169},{"age_group":"50-59   ","count":610,"tested":6306},{"age_group":"60-69   ","count":462,"tested":6040},{"age_group":"70-79   ","count":265,"tested":4288},{"age_group":"80+","count":175,"tested":3709}],"race":[{"description":"Black","count":114,"tested":2641,"color":"rgb(255,127,14)"},{"description":"Asian","count":74,"tested":1135,"color":"rgb(140,86,75)"},{"description":"White","count":1789,"tested":17574,"color":"rgb(31,119,180)"},{"description":"Other","count":165,"tested":1529,"color":"rgb(148,103,189)"},{"description":"Left Blank","count":1553,"tested":20523,"color":"rgb(44,160,44)"},{"description":"Hispanic","count":200,"tested":1496,"color":"rgb(214,39,40)"}],"gender":[{"description":"Male","count":1815,"tested":17585,"color":"rgb(31,119,180)"},{"description":"Female","count":2055,"tested":26695,"color":"rgb(255,127,14)"},{"description":"Unknown/Left Blank","count":31,"tested":722,"color":"rgb(44,160,44)"}]}
