{"age":[{"age_group":"<20","count":44,"tested":466},{"age_group":"20-29   ","count":47,"tested":409},{"age_group":"30-39   ","count":34,"tested":277},{"age_group":"40-49   ","count":40,"tested":376},{"age_group":"50-59   ","count":54,"tested":567},{"age_group":"60-69   ","count":47,"tested":525},{"age_group":"70-79   ","count":15,"tested":287},{"age_group":"80+","count":10,"tested":113}],"race":[{"description":"Hispanic","count":18,"tested":76,"color":"rgb(214,39,40)"},{"description":"White","count":217,"tested":1520,"color":"rgb(31,119,180)"},{"description":"Left Blank","count":36,"tested":1211,"color":"rgb(44,160,44)"},{"description":"Black","count":9,"tested":84,"color":"rgb(255,127,14)"}],"gender":[{"description":"Female","count":148,"tested":1622,"color":"rgb(255,127,14)"},{"description":"Male","count":142,"tested":1385,"color":"rgb(31,119,180)"}]}
