{"age":[{"age_group":"<20","count":754,"tested":6381},{"age_group":"20-29   ","count":964,"tested":10149},{"age_group":"30-39   ","count":874,"tested":9766},{"age_group":"40-49   ","count":896,"tested":9944},{"age_group":"50-59   ","count":815,"tested":10086},{"age_group":"60-69   ","count":584,"tested":9179},{"age_group":"70-79   ","count":298,"tested":5106},{"age_group":"80+","count":160,"tested":2937}],"race":[{"description":"NH/PI*","count":8,"tested":92,"color":"rgb(127,127,127)"},{"description":"Left Blank","count":824,"tested":24242,"color":"rgb(44,160,44)"},{"description":"Hispanic","count":2102,"tested":14063,"color":"rgb(214,39,40)"},{"description":"Black","count":328,"tested":3668,"color":"rgb(255,127,14)"},{"description":"Asian","count":90,"tested":983,"color":"rgb(140,86,75)"},{"description":"White","count":1763,"tested":17684,"color":"rgb(31,119,180)"},{"description":"Other","count":226,"tested":2789,"color":"rgb(148,103,189)"}],"gender":[{"description":"Female","count":2766,"tested":36007,"color":"rgb(255,127,14)"},{"description":"Male","count":2546,"tested":26446,"color":"rgb(31,119,180)"},{"description":"Unknown/Left Blank","count":33,"tested":1111,"color":"rgb(44,160,44)"}]}
