{"age":[{"age_group":"<20","count":60,"tested":1190},{"age_group":"20-29   ","count":896,"tested":14201},{"age_group":"30-39   ","count":657,"tested":11763},{"age_group":"40-49   ","count":194,"tested":3622},{"age_group":"50-59   ","count":133,"tested":2555},{"age_group":"60-69   ","count":68,"tested":1574},{"age_group":"70-79   ","count":19,"tested":642},{"age_group":"80+","count":9,"tested":221}],"race":[{"description":"Asian","count":88,"tested":2400,"color":"rgb(140,86,75)"},{"description":"Black","count":82,"tested":1022,"color":"rgb(255,127,14)"},{"description":"Hispanic","count":99,"tested":813,"color":"rgb(214,39,40)"},{"description":"White","count":1020,"tested":13733,"color":"rgb(31,119,180)"},{"description":"Left Blank","count":631,"tested":16066,"color":"rgb(44,160,44)"},{"description":"Other","count":109,"tested":1674,"color":"rgb(148,103,189)"}],"gender":[{"description":"Female","count":910,"tested":17746,"color":"rgb(255,127,14)"},{"description":"Male","count":1054,"tested":17332,"color":"rgb(31,119,180)"},{"description":"Unknown/Left Blank","count":72,"tested":697,"color":"rgb(44,160,44)"}]}
