{"age":[{"age_group":"<20","count":86,"tested":1092},{"age_group":"20-29   ","count":243,"tested":4628},{"age_group":"30-39   ","count":242,"tested":4908},{"age_group":"40-49   ","count":174,"tested":3848},{"age_group":"50-59   ","count":160,"tested":4597},{"age_group":"60-69   ","count":152,"tested":4110},{"age_group":"70-79   ","count":81,"tested":3342},{"age_group":"80+","count":52,"tested":2298}],"race":[{"description":"Left Blank","count":291,"tested":12395,"color":"rgb(44,160,44)"},{"description":"White","count":351,"tested":7036,"color":"rgb(31,119,180)"},{"description":"Hispanic","count":122,"tested":1532,"color":"rgb(214,39,40)"},{"description":"Other","count":52,"tested":941,"color":"rgb(148,103,189)"},{"description":"Black","count":349,"tested":6211,"color":"rgb(255,127,14)"},{"description":"Asian","count":24,"tested":689,"color":"rgb(140,86,75)"}],"gender":[{"description":"Unknown/Left Blank","count":19,"tested":1096,"color":"rgb(44,160,44)"},{"description":"Female","count":628,"tested":15530,"color":"rgb(255,127,14)"},{"description":"Male","count":543,"tested":12207,"color":"rgb(31,119,180)"}]}
