{"age":[{"age_group":"<20","count":150,"tested":1460},{"age_group":"20-29   ","count":102,"tested":1310},{"age_group":"30-39   ","count":108,"tested":1180},{"age_group":"40-49   ","count":90,"tested":1073},{"age_group":"50-59   ","count":79,"tested":1206},{"age_group":"60-69   ","count":87,"tested":1004},{"age_group":"70-79   ","count":30,"tested":917},{"age_group":"80+","count":37,"tested":1132}],"race":[{"description":"Left Blank","count":39,"tested":1851,"color":"rgb(44,160,44)"},{"description":"Hispanic","count":91,"tested":565,"color":"rgb(214,39,40)"},{"description":"White","count":527,"tested":6586,"color":"rgb(31,119,180)"},{"description":"Other","count":20,"tested":181,"color":"rgb(148,103,189)"}],"gender":[{"description":"Female","count":370,"tested":5268,"color":"rgb(255,127,14)"},{"description":"Male","count":306,"tested":3428,"color":"rgb(31,119,180)"},{"description":"Unknown/Left Blank","count":7,"tested":589,"color":"rgb(44,160,44)"}]}
