{"age":[{"age_group":"<20","count":415,"tested":3468},{"age_group":"20-29   ","count":348,"tested":3300},{"age_group":"30-39   ","count":336,"tested":2901},{"age_group":"40-49   ","count":317,"tested":2965},{"age_group":"50-59   ","count":301,"tested":2655},{"age_group":"60-69   ","count":209,"tested":2013},{"age_group":"70-79   ","count":99,"tested":1030},{"age_group":"80+","count":42,"tested":649}],"race":[{"description":"Other","count":33,"tested":330,"color":"rgb(148,103,189)"},{"description":"Left Blank","count":259,"tested":8041,"color":"rgb(44,160,44)"},{"description":"Hispanic","count":700,"tested":2543,"color":"rgb(214,39,40)"},{"description":"White","count":565,"tested":4370,"color":"rgb(31,119,180)"},{"description":"Black","count":503,"tested":3616,"color":"rgb(255,127,14)"}],"gender":[{"description":"Unknown/Left Blank","count":25,"tested":611,"color":"rgb(44,160,44)"},{"description":"Male","count":960,"tested":7540,"color":"rgb(31,119,180)"},{"description":"Female","count":1082,"tested":10830,"color":"rgb(255,127,14)"}]}
