{"age":[{"age_group":"<20","count":506,"tested":9100},{"age_group":"20-29   ","count":394,"tested":10172},{"age_group":"30-39   ","count":315,"tested":9253},{"age_group":"40-49   ","count":429,"tested":13482},{"age_group":"50-59   ","count":443,"tested":15022},{"age_group":"60-69   ","count":362,"tested":12838},{"age_group":"70-79   ","count":270,"tested":8150},{"age_group":"80+","count":391,"tested":11828}],"race":[{"description":"Hispanic","count":117,"tested":1754,"color":"rgb(214,39,40)"},{"description":"Left Blank","count":868,"tested":52587,"color":"rgb(44,160,44)"},{"description":"Other","count":272,"tested":3236,"color":"rgb(148,103,189)"},{"description":"Asian","count":182,"tested":4088,"color":"rgb(140,86,75)"},{"description":"White","count":1622,"tested":26155,"color":"rgb(31,119,180)"},{"description":"Black","count":38,"tested":1250,"color":"rgb(255,127,14)"}],"gender":[{"description":"Female","count":1601,"tested":53092,"color":"rgb(255,127,14)"},{"description":"Male","count":1488,"tested":33777,"color":"rgb(31,119,180)"},{"description":"Unknown/Left Blank","count":21,"tested":3003,"color":"rgb(44,160,44)"}]}
