{"age":[{"age_group":"<20","count":582,"tested":7414},{"age_group":"20-29   ","count":599,"tested":8101},{"age_group":"30-39   ","count":427,"tested":7910},{"age_group":"40-49   ","count":446,"tested":6811},{"age_group":"50-59   ","count":533,"tested":10400},{"age_group":"60-69   ","count":371,"tested":8093},{"age_group":"70-79   ","count":201,"tested":4550},{"age_group":"80+","count":167,"tested":4731}],"race":[{"description":"White","count":1713,"tested":26264,"color":"rgb(31,119,180)"},{"description":"Other","count":110,"tested":1089,"color":"rgb(148,103,189)"},{"description":"Left Blank","count":888,"tested":21342,"color":"rgb(44,160,44)"},{"description":"Black","count":64,"tested":994,"color":"rgb(255,127,14)"},{"description":"Asian","count":196,"tested":4572,"color":"rgb(140,86,75)"},{"description":"Hispanic","count":347,"tested":3636,"color":"rgb(214,39,40)"},{"description":"NH/PI*","count":6,"tested":96,"color":"rgb(127,127,127)"}],"gender":[{"description":"Male","count":1594,"tested":22421,"color":"rgb(31,119,180)"},{"description":"Unknown/Left Blank","count":25,"tested":1730,"color":"rgb(44,160,44)"},{"description":"Female","count":1707,"tested":33875,"color":"rgb(255,127,14)"}]}
