{"age":[{"age_group":"<20","count":359,"tested":3226},{"age_group":"20-29   ","count":412,"tested":3839},{"age_group":"30-39   ","count":340,"tested":3091},{"age_group":"40-49   ","count":285,"tested":2705},{"age_group":"50-59   ","count":226,"tested":2275},{"age_group":"60-69   ","count":145,"tested":1820},{"age_group":"70-79   ","count":63,"tested":1105},{"age_group":"80+","count":44,"tested":682}],"race":[{"description":"Hispanic","count":647,"tested":2048,"color":"rgb(214,39,40)"},{"description":"White","count":513,"tested":4622,"color":"rgb(31,119,180)"},{"description":"Left Blank","count":242,"tested":8965,"color":"rgb(44,160,44)"},{"description":"Other","count":32,"tested":379,"color":"rgb(148,103,189)"},{"description":"Asian","count":78,"tested":210,"color":"rgb(140,86,75)"},{"description":"Black","count":356,"tested":2496,"color":"rgb(255,127,14)"}],"gender":[{"description":"Unknown/Left Blank","count":18,"tested":606,"color":"rgb(44,160,44)"},{"description":"Female","count":980,"tested":10849,"color":"rgb(255,127,14)"},{"description":"Male","count":876,"tested":7291,"color":"rgb(31,119,180)"}]}
