{"age":[{"age_group":"<20","count":313,"tested":2788},{"age_group":"20-29   ","count":319,"tested":3033},{"age_group":"30-39   ","count":298,"tested":2809},{"age_group":"40-49   ","count":396,"tested":3165},{"age_group":"50-59   ","count":328,"tested":3228},{"age_group":"60-69   ","count":172,"tested":2508},{"age_group":"70-79   ","count":139,"tested":2329},{"age_group":"80+","count":79,"tested":2724}],"race":[{"description":"Hispanic","count":218,"tested":1085,"color":"rgb(214,39,40)"},{"description":"Left Blank","count":631,"tested":9321,"color":"rgb(44,160,44)"},{"description":"Other","count":51,"tested":774,"color":"rgb(148,103,189)"},{"description":"Asian","count":21,"tested":296,"color":"rgb(140,86,75)"},{"description":"White","count":1045,"tested":10120,"color":"rgb(31,119,180)"},{"description":"Black","count":74,"tested":947,"color":"rgb(255,127,14)"}],"gender":[{"description":"Male","count":1011,"tested":9397,"color":"rgb(31,119,180)"},{"description":"Unknown/Left Blank","count":19,"tested":536,"color":"rgb(44,160,44)"},{"description":"Female","count":1014,"tested":12653,"color":"rgb(255,127,14)"}]}
