{"age":[{"age_group":"<20","count":12,"tested":125},{"age_group":"20-29   ","count":8,"tested":64},{"age_group":"30-39   ","count":9,"tested":74},{"age_group":"40-49   ","count":7,"tested":101},{"age_group":"60-69   ","count":7,"tested":75}],"race":[{"description":"White","count":34,"tested":389,"color":"rgb(31,119,180)"},{"description":"Left Blank","count":13,"tested":132,"color":"rgb(44,160,44)"}],"gender":[{"description":"Female","count":29,"tested":393,"color":"rgb(255,127,14)"},{"description":"Male","count":25,"tested":145,"color":"rgb(31,119,180)"}]}
