{"age":[{"age_group":"<20","count":26,"tested":319},{"age_group":"20-29   ","count":16,"tested":130},{"age_group":"30-39   ","count":22,"tested":208},{"age_group":"40-49   ","count":23,"tested":213},{"age_group":"50-59   ","count":32,"tested":274},{"age_group":"60-69   ","count":23,"tested":161},{"age_group":"70-79   ","count":9,"tested":103}],"race":[{"description":"White","count":77,"tested":715,"color":"rgb(31,119,180)"},{"description":"Left Blank","count":76,"tested":722,"color":"rgb(44,160,44)"}],"gender":[{"description":"Female","count":71,"tested":778,"color":"rgb(255,127,14)"},{"description":"Male","count":84,"tested":673,"color":"rgb(31,119,180)"}]}
