{"age":[{"age_group":"<20","count":12,"tested":305},{"age_group":"20-29   ","count":32,"tested":690},{"age_group":"30-39   ","count":18,"tested":392},{"age_group":"40-49   ","count":14,"tested":366},{"age_group":"50-59   ","count":12,"tested":366},{"age_group":"60-69   ","count":10,"tested":316},{"age_group":"70-79   ","count":6,"tested":212}],"race":[{"description":"Hispanic","count":14,"tested":216,"color":"rgb(214,39,40)"},{"description":"Left Blank","count":24,"tested":1015,"color":"rgb(44,160,44)"},{"description":"Other","count":7,"tested":176,"color":"rgb(148,103,189)"},{"description":"Black","count":13,"tested":273,"color":"rgb(255,127,14)"},{"description":"Asian","count":7,"tested":205,"color":"rgb(140,86,75)"},{"description":"White","count":38,"tested":866,"color":"rgb(31,119,180)"}],"gender":[{"description":"Female","count":49,"tested":1378,"color":"rgb(255,127,14)"},{"description":"Male","count":53,"tested":1329,"color":"rgb(31,119,180)"}]}
