{"age":[{"age_group":"<20","count":23,"tested":463},{"age_group":"20-29   ","count":364,"tested":6905},{"age_group":"30-39   ","count":322,"tested":6419},{"age_group":"40-49   ","count":58,"tested":1455},{"age_group":"50-59   ","count":37,"tested":944},{"age_group":"60-69   ","count":23,"tested":417}],"race":[{"description":"Left Blank","count":302,"tested":7442,"color":"rgb(44,160,44)"},{"description":"Hispanic","count":44,"tested":532,"color":"rgb(214,39,40)"},{"description":"Other","count":48,"tested":1009,"color":"rgb(148,103,189)"},{"description":"White","count":327,"tested":5366,"color":"rgb(31,119,180)"},{"description":"Asian","count":73,"tested":1920,"color":"rgb(140,86,75)"},{"description":"Black","count":34,"tested":527,"color":"rgb(255,127,14)"}],"gender":[{"description":"Unknown/Left Blank","count":21,"tested":172,"color":"rgb(44,160,44)"},{"description":"Female","count":381,"tested":8541,"color":"rgb(255,127,14)"},{"description":"Male","count":428,"tested":8117,"color":"rgb(31,119,180)"}]}
