{"age":[{"age_group":"<20","count":473,"tested":5225},{"age_group":"20-29   ","count":356,"tested":4778},{"age_group":"30-39   ","count":320,"tested":4523},{"age_group":"40-49   ","count":305,"tested":3674},{"age_group":"50-59   ","count":415,"tested":4764},{"age_group":"60-69   ","count":246,"tested":3778},{"age_group":"70-79   ","count":79,"tested":2236},{"age_group":"80+","count":87,"tested":2965}],"race":[{"description":"Left Blank","count":407,"tested":11566,"color":"rgb(44,160,44)"},{"description":"White","count":1492,"tested":16929,"color":"rgb(31,119,180)"},{"description":"Asian","count":62,"tested":545,"color":"rgb(140,86,75)"},{"description":"Hispanic","count":204,"tested":1452,"color":"rgb(214,39,40)"},{"description":"Black","count":44,"tested":658,"color":"rgb(255,127,14)"},{"description":"Other","count":68,"tested":793,"color":"rgb(148,103,189)"}],"gender":[{"description":"Male","count":1088,"tested":13677,"color":"rgb(31,119,180)"},{"description":"Unknown/Left Blank","count":14,"tested":421,"color":"rgb(44,160,44)"},{"description":"Female","count":1180,"tested":17882,"color":"rgb(255,127,14)"}]}
