{"age":[{"age_group":"<20","count":81,"tested":736},{"age_group":"20-29   ","count":119,"tested":1523},{"age_group":"30-39   ","count":87,"tested":1565},{"age_group":"40-49   ","count":94,"tested":1408},{"age_group":"50-59   ","count":123,"tested":1977},{"age_group":"60-69   ","count":115,"tested":1949},{"age_group":"70-79   ","count":71,"tested":1170},{"age_group":"80+","count":26,"tested":519}],"race":[{"description":"Black","count":43,"tested":1161,"color":"rgb(255,127,14)"},{"description":"White","count":375,"tested":6359,"color":"rgb(31,119,180)"},{"description":"Other","count":14,"tested":222,"color":"rgb(148,103,189)"},{"description":"Hispanic","count":102,"tested":604,"color":"rgb(214,39,40)"},{"description":"Left Blank","count":179,"tested":2471,"color":"rgb(44,160,44)"}],"gender":[{"description":"Female","count":339,"tested":6240,"color":"rgb(255,127,14)"},{"description":"Male","count":372,"tested":4499,"color":"rgb(31,119,180)"}]}
