{"age":[{"age_group":"<20","count":11,"tested":181},{"age_group":"20-29   ","count":12,"tested":287},{"age_group":"30-39   ","count":18,"tested":246},{"age_group":"40-49   ","count":10,"tested":166},{"age_group":"50-59   ","count":13,"tested":192},{"age_group":"60-69   ","count":20,"tested":228},{"age_group":"70-79   ","count":15,"tested":132},{"age_group":"80+","count":29,"tested":168}],"race":[{"description":"Left Blank","count":44,"tested":791,"color":"rgb(44,160,44)"},{"description":"White","count":79,"tested":748,"color":"rgb(31,119,180)"}],"gender":[{"description":"Male","count":52,"tested":587,"color":"rgb(31,119,180)"},{"description":"Female","count":76,"tested":1009,"color":"rgb(255,127,14)"}]}
