{"lastUpdatedDate":{"year":2021,"month":1,"day":12},"county_demographics":[{"County":"Wayne","confirmed_cases":1450,"total_tested":11359,"demographics":{"age":[{"race":[],"age_group":"<20","count":231,"tested":1656,"deaths":0},{"race":[],"age_group":"20-29   ","count":190,"tested":2038,"deaths":0},{"race":[],"age_group":"30-39   ","count":192,"tested":1768,"deaths":0},{"race":[],"age_group":"40-49   ","count":174,"tested":1347,"deaths":0},{"race":[],"age_group":"50-59   ","count":207,"tested":1504,"deaths":0},{"race":[],"age_group":"60-69   ","count":208,"tested":1293,"deaths":0},{"race":[],"age_group":"70-79   ","count":149,"tested":772,"deaths":0},{"race":[],"age_group":"80+","count":95,"tested":966,"deaths":0},{"race":[],"age_group":"Unknown","count":0,"tested":15,"deaths":0}],"race":[{"description":"AI/AN**","count":0,"tested":0,"deaths":0,"color":"rgb(31,119,180)"},{"description":"Asian","count":0,"tested":0,"deaths":0,"color":"rgb(140,86,75)"},{"description":"Black","count":0,"tested":15,"deaths":0,"color":"rgb(255,127,14)"},{"description":"Hispanic","count":17,"tested":125,"deaths":0,"color":"rgb(214,39,40)"},{"description":"Left Blank","count":187,"tested":3142,"deaths":0,"color":"rgb(44,160,44)"},{"description":"NH/PI*","count":0,"tested":0,"deaths":0,"color":"rgb(127,127,127)"},{"description":"Other","count":0,"tested":63,"deaths":0,"color":"rgb(148,103,189)"},{"description":"White","count":1242,"tested":8009,"deaths":0,"color":"rgb(31,119,180)"}],"gender":[{"description":"Female","count":751,"tested":7219,"deaths":0,"color":"rgb(255,127,14)"},{"description":"Male","count":678,"tested":3726,"deaths":0,"color":"rgb(31,119,180)"},{"description":"Unknown/Left Blank","count":20,"tested":414,"deaths":0,"color":"rgb(44,160,44)"}]}}]}
