{"lastUpdatedDate":{"year":2021,"month":1,"day":12},"county_demographics":[{"County":"Greene","confirmed_cases":1221,"total_tested":10079,"demographics":{"age":[{"race":[],"age_group":"<20","count":132,"tested":1318,"deaths":0},{"race":[],"age_group":"20-29   ","count":159,"tested":1436,"deaths":0},{"race":[],"age_group":"30-39   ","count":169,"tested":1518,"deaths":0},{"race":[],"age_group":"40-49   ","count":160,"tested":1352,"deaths":0},{"race":[],"age_group":"50-59   ","count":217,"tested":1592,"deaths":0},{"race":[],"age_group":"60-69   ","count":152,"tested":1215,"deaths":0},{"race":[],"age_group":"70-79   ","count":124,"tested":854,"deaths":0},{"race":[],"age_group":"80+","count":96,"tested":793,"deaths":0},{"race":[],"age_group":"Unknown","count":9,"tested":0,"deaths":0}],"race":[{"description":"AI/AN**","count":0,"tested":0,"deaths":0,"color":"rgb(31,119,180)"},{"description":"Asian","count":0,"tested":7,"deaths":0,"color":"rgb(140,86,75)"},{"description":"Black","count":0,"tested":32,"deaths":0,"color":"rgb(255,127,14)"},{"description":"Hispanic","count":0,"tested":15,"deaths":0,"color":"rgb(214,39,40)"},{"description":"Left Blank","count":567,"tested":5529,"deaths":0,"color":"rgb(44,160,44)"},{"description":"NH/PI*","count":0,"tested":0,"deaths":0,"color":"rgb(127,127,127)"},{"description":"Other","count":7,"tested":65,"deaths":0,"color":"rgb(148,103,189)"},{"description":"White","count":645,"tested":4426,"deaths":0,"color":"rgb(31,119,180)"}],"gender":[{"description":"Female","count":630,"tested":6095,"deaths":0,"color":"rgb(255,127,14)"},{"description":"Male","count":482,"tested":3317,"deaths":0,"color":"rgb(31,119,180)"},{"description":"Unknown/Left Blank","count":109,"tested":667,"deaths":0,"color":"rgb(44,160,44)"}]}}]}
