{"lastUpdatedDate":{"year":2021,"month":1,"day":12},"county_demographics":[{"County":"Clay","confirmed_cases":1293,"total_tested":10925,"demographics":{"age":[{"race":[],"age_group":"<20","count":172,"tested":1825,"deaths":0},{"race":[],"age_group":"20-29   ","count":166,"tested":1592,"deaths":0},{"race":[],"age_group":"30-39   ","count":181,"tested":1397,"deaths":0},{"race":[],"age_group":"40-49   ","count":186,"tested":1288,"deaths":0},{"race":[],"age_group":"50-59   ","count":205,"tested":1520,"deaths":0},{"race":[],"age_group":"60-69   ","count":167,"tested":1434,"deaths":0},{"race":[],"age_group":"70-79   ","count":136,"tested":1020,"deaths":0},{"race":[],"age_group":"80+","count":79,"tested":844,"deaths":0},{"race":[],"age_group":"Unknown","count":0,"tested":0,"deaths":0}],"race":[{"description":"AI/AN**","count":0,"tested":11,"deaths":0,"color":"rgb(31,119,180)"},{"description":"Asian","count":0,"tested":28,"deaths":0,"color":"rgb(140,86,75)"},{"description":"Black","count":7,"tested":42,"deaths":0,"color":"rgb(255,127,14)"},{"description":"Hispanic","count":0,"tested":41,"deaths":0,"color":"rgb(214,39,40)"},{"description":"Left Blank","count":116,"tested":2128,"deaths":0,"color":"rgb(44,160,44)"},{"description":"NH/PI*","count":0,"tested":0,"deaths":0,"color":"rgb(127,127,127)"},{"description":"Other","count":6,"tested":198,"deaths":0,"color":"rgb(148,103,189)"},{"description":"White","count":1155,"tested":8475,"deaths":0,"color":"rgb(31,119,180)"}],"gender":[{"description":"Female","count":691,"tested":6574,"deaths":0,"color":"rgb(255,127,14)"},{"description":"Male","count":593,"tested":4151,"deaths":0,"color":"rgb(31,119,180)"},{"description":"Unknown/Left Blank","count":0,"tested":200,"deaths":0,"color":"rgb(44,160,44)"}]}}]}
