{"lastUpdatedDate":{"year":2021,"month":1,"day":12},"county_demographics":[{"County":"Pike","confirmed_cases":1511,"total_tested":12495,"demographics":{"age":[{"race":[],"age_group":"<20","count":196,"tested":1530,"deaths":0},{"race":[],"age_group":"20-29   ","count":227,"tested":2038,"deaths":0},{"race":[],"age_group":"30-39   ","count":209,"tested":1648,"deaths":0},{"race":[],"age_group":"40-49   ","count":198,"tested":1526,"deaths":0},{"race":[],"age_group":"50-59   ","count":215,"tested":1710,"deaths":0},{"race":[],"age_group":"60-69   ","count":213,"tested":1490,"deaths":0},{"race":[],"age_group":"70-79   ","count":118,"tested":1005,"deaths":0},{"race":[],"age_group":"80+","count":129,"tested":1547,"deaths":0},{"race":[],"age_group":"Unknown","count":0,"tested":0,"deaths":0}],"race":[{"description":"AI/AN**","count":0,"tested":0,"deaths":0,"color":"rgb(31,119,180)"},{"description":"Asian","count":0,"tested":7,"deaths":0,"color":"rgb(140,86,75)"},{"description":"Black","count":0,"tested":20,"deaths":0,"color":"rgb(255,127,14)"},{"description":"Hispanic","count":10,"tested":43,"deaths":0,"color":"rgb(214,39,40)"},{"description":"Left Blank","count":513,"tested":8472,"deaths":0,"color":"rgb(44,160,44)"},{"description":"NH/PI*","count":0,"tested":0,"deaths":0,"color":"rgb(127,127,127)"},{"description":"Other","count":0,"tested":20,"deaths":0,"color":"rgb(148,103,189)"},{"description":"White","count":980,"tested":3931,"deaths":0,"color":"rgb(31,119,180)"}],"gender":[{"description":"Female","count":859,"tested":8013,"deaths":0,"color":"rgb(255,127,14)"},{"description":"Male","count":599,"tested":3758,"deaths":0,"color":"rgb(31,119,180)"},{"description":"Unknown/Left Blank","count":53,"tested":724,"deaths":0,"color":"rgb(44,160,44)"}]}}]}
