{"lastUpdatedDate":{"year":2021,"month":1,"day":12},"county_demographics":[{"County":"Kendall","confirmed_cases":9305,"total_tested":87035,"demographics":{"age":[{"race":[],"age_group":"<20","count":1587,"tested":14246,"deaths":0},{"race":[],"age_group":"20-29   ","count":1660,"tested":14442,"deaths":0},{"race":[],"age_group":"30-39   ","count":1690,"tested":15053,"deaths":0},{"race":[],"age_group":"40-49   ","count":1794,"tested":14962,"deaths":0},{"race":[],"age_group":"50-59   ","count":1345,"tested":12268,"deaths":0},{"race":[],"age_group":"60-69   ","count":685,"tested":7865,"deaths":0},{"race":[],"age_group":"70-79   ","count":346,"tested":4645,"deaths":0},{"race":[],"age_group":"80+","count":191,"tested":3528,"deaths":0},{"race":[],"age_group":"Unknown","count":0,"tested":26,"deaths":0}],"race":[{"description":"AI/AN**","count":8,"tested":67,"deaths":0,"color":"rgb(31,119,180)"},{"description":"Asian","count":132,"tested":1467,"deaths":0,"color":"rgb(140,86,75)"},{"description":"Black","count":525,"tested":4447,"deaths":0,"color":"rgb(255,127,14)"},{"description":"Hispanic","count":2085,"tested":9645,"deaths":0,"color":"rgb(214,39,40)"},{"description":"Left Blank","count":2676,"tested":35778,"deaths":0,"color":"rgb(44,160,44)"},{"description":"NH/PI*","count":0,"tested":47,"deaths":0,"color":"rgb(127,127,127)"},{"description":"Other","count":247,"tested":2863,"deaths":0,"color":"rgb(148,103,189)"},{"description":"White","count":3622,"tested":32721,"deaths":0,"color":"rgb(31,119,180)"}],"gender":[{"description":"Female","count":4928,"tested":50052,"deaths":0,"color":"rgb(255,127,14)"},{"description":"Male","count":4342,"tested":35615,"deaths":0,"color":"rgb(31,119,180)"},{"description":"Unknown/Left Blank","count":35,"tested":1368,"deaths":0,"color":"rgb(44,160,44)"}]}}]}
