{"lastUpdatedDate":{"year":2021,"month":1,"day":12},"county_demographics":[{"County":"Pope","confirmed_cases":230,"total_tested":1939,"demographics":{"age":[{"race":[],"age_group":"<20","count":14,"tested":231,"deaths":0},{"race":[],"age_group":"20-29   ","count":22,"tested":219,"deaths":0},{"race":[],"age_group":"30-39   ","count":21,"tested":215,"deaths":0},{"race":[],"age_group":"40-49   ","count":35,"tested":278,"deaths":0},{"race":[],"age_group":"50-59   ","count":32,"tested":323,"deaths":0},{"race":[],"age_group":"60-69   ","count":52,"tested":390,"deaths":0},{"race":[],"age_group":"70-79   ","count":21,"tested":190,"deaths":0},{"race":[],"age_group":"80+","count":15,"tested":93,"deaths":0}],"race":[{"description":"Black","count":0,"tested":17,"deaths":0,"color":"rgb(255,127,14)"},{"description":"Hispanic","count":0,"tested":0,"deaths":0,"color":"rgb(214,39,40)"},{"description":"Left Blank","count":87,"tested":939,"deaths":0,"color":"rgb(44,160,44)"},{"description":"NH/PI*","count":0,"tested":0,"deaths":0,"color":"rgb(127,127,127)"},{"description":"Other","count":0,"tested":17,"deaths":0,"color":"rgb(148,103,189)"},{"description":"White","count":132,"tested":965,"deaths":0,"color":"rgb(31,119,180)"}],"gender":[{"description":"Female","count":123,"tested":1129,"deaths":0,"color":"rgb(255,127,14)"},{"description":"Male","count":105,"tested":734,"deaths":0,"color":"rgb(31,119,180)"},{"description":"Unknown/Left Blank","count":0,"tested":76,"deaths":0,"color":"rgb(44,160,44)"}]}}]}
