{"lastUpdatedDate":{"year":2021,"month":2,"day":26},"county_demographics":[{"County":"LaSalle","confirmed_cases":10764,"total_tested":141360,"demographics":{"age":[{"race":[],"age_group":"<20","count":1324,"tested":13006,"deaths":0},{"race":[],"age_group":"20-29   ","count":1822,"tested":23339,"deaths":0},{"race":[],"age_group":"30-39   ","count":1636,"tested":23516,"deaths":0},{"race":[],"age_group":"40-49   ","count":1581,"tested":20661,"deaths":0},{"race":[],"age_group":"50-59   ","count":1679,"tested":19493,"deaths":0},{"race":[],"age_group":"60-69   ","count":1268,"tested":15309,"deaths":0},{"race":[],"age_group":"70-79   ","count":721,"tested":9084,"deaths":0},{"race":[],"age_group":"80+","count":732,"tested":15345,"deaths":0},{"race":[],"age_group":"Unknown","count":0,"tested":1607,"deaths":0}],"race":[{"description":"AI/AN**","count":6,"tested":61,"deaths":0,"color":"rgb(31,119,180)"},{"description":"Asian","count":21,"tested":436,"deaths":0,"color":"rgb(140,86,75)"},{"description":"Black","count":148,"tested":1355,"deaths":0,"color":"rgb(255,127,14)"},{"description":"Hispanic","count":786,"tested":4558,"deaths":0,"color":"rgb(214,39,40)"},{"description":"Left Blank","count":2748,"tested":64684,"deaths":0,"color":"rgb(44,160,44)"},{"description":"NH/PI*","count":0,"tested":138,"deaths":0,"color":"rgb(127,127,127)"},{"description":"Other","count":463,"tested":3017,"deaths":0,"color":"rgb(148,103,189)"},{"description":"White","count":6583,"tested":67111,"deaths":0,"color":"rgb(31,119,180)"}],"gender":[{"description":"Female","count":5561,"tested":70229,"deaths":0,"color":"rgb(255,127,14)"},{"description":"Male","count":4937,"tested":45956,"deaths":0,"color":"rgb(31,119,180)"},{"description":"Unknown/Left Blank","count":266,"tested":25175,"deaths":0,"color":"rgb(44,160,44)"}]}}]}
