{"lastUpdatedDate":{"year":2021,"month":2,"day":26},"county_demographics":[{"County":"DeKalb","confirmed_cases":8241,"total_tested":109088,"demographics":{"age":[{"race":[],"age_group":"<20","count":1343,"tested":18655,"deaths":0},{"race":[],"age_group":"20-29   ","count":1912,"tested":26864,"deaths":0},{"race":[],"age_group":"30-39   ","count":1230,"tested":14082,"deaths":0},{"race":[],"age_group":"40-49   ","count":1168,"tested":11608,"deaths":0},{"race":[],"age_group":"50-59   ","count":1059,"tested":12376,"deaths":0},{"race":[],"age_group":"60-69   ","count":723,"tested":10118,"deaths":0},{"race":[],"age_group":"70-79   ","count":415,"tested":6933,"deaths":0},{"race":[],"age_group":"80+","count":390,"tested":8430,"deaths":0},{"race":[],"age_group":"Unknown","count":0,"tested":22,"deaths":0}],"race":[{"description":"AI/AN**","count":0,"tested":54,"deaths":0,"color":"rgb(31,119,180)"},{"description":"Asian","count":93,"tested":1161,"deaths":0,"color":"rgb(140,86,75)"},{"description":"Black","count":556,"tested":6506,"deaths":0,"color":"rgb(255,127,14)"},{"description":"Hispanic","count":1276,"tested":6374,"deaths":0,"color":"rgb(214,39,40)"},{"description":"Left Blank","count":2100,"tested":52571,"deaths":0,"color":"rgb(44,160,44)"},{"description":"NH/PI*","count":0,"tested":44,"deaths":0,"color":"rgb(127,127,127)"},{"description":"Other","count":98,"tested":1207,"deaths":0,"color":"rgb(148,103,189)"},{"description":"White","count":4108,"tested":41171,"deaths":0,"color":"rgb(31,119,180)"}],"gender":[{"description":"Female","count":4346,"tested":65842,"deaths":0,"color":"rgb(255,127,14)"},{"description":"Male","count":3867,"tested":41705,"deaths":0,"color":"rgb(31,119,180)"},{"description":"Unknown/Left Blank","count":28,"tested":1541,"deaths":0,"color":"rgb(44,160,44)"}]}}]}
