{"lastUpdatedDate":{"year":2021,"month":2,"day":26},"county_demographics":[{"County":"Fulton","confirmed_cases":2843,"total_tested":64020,"demographics":{"age":[{"race":[],"age_group":"<20","count":485,"tested":6363,"deaths":0},{"race":[],"age_group":"20-29   ","count":449,"tested":9516,"deaths":0},{"race":[],"age_group":"30-39   ","count":389,"tested":10290,"deaths":0},{"race":[],"age_group":"40-49   ","count":437,"tested":9517,"deaths":0},{"race":[],"age_group":"50-59   ","count":381,"tested":9577,"deaths":0},{"race":[],"age_group":"60-69   ","count":320,"tested":6666,"deaths":0},{"race":[],"age_group":"70-79   ","count":192,"tested":3699,"deaths":0},{"race":[],"age_group":"80+","count":168,"tested":4215,"deaths":0},{"race":[],"age_group":"Unknown","count":0,"tested":4177,"deaths":0}],"race":[{"description":"AI/AN**","count":0,"tested":17,"deaths":0,"color":"rgb(31,119,180)"},{"description":"Asian","count":0,"tested":21,"deaths":0,"color":"rgb(140,86,75)"},{"description":"Black","count":93,"tested":600,"deaths":0,"color":"rgb(255,127,14)"},{"description":"Hispanic","count":43,"tested":181,"deaths":0,"color":"rgb(214,39,40)"},{"description":"Left Blank","count":1981,"tested":50335,"deaths":0,"color":"rgb(44,160,44)"},{"description":"NH/PI*","count":0,"tested":0,"deaths":0,"color":"rgb(127,127,127)"},{"description":"Other","count":21,"tested":275,"deaths":0,"color":"rgb(148,103,189)"},{"description":"White","count":699,"tested":12589,"deaths":0,"color":"rgb(31,119,180)"}],"gender":[{"description":"Female","count":1420,"tested":32181,"deaths":0,"color":"rgb(255,127,14)"},{"description":"Male","count":1353,"tested":19279,"deaths":0,"color":"rgb(31,119,180)"},{"description":"Unknown/Left Blank","count":69,"tested":12560,"deaths":0,"color":"rgb(44,160,44)"}]}}]}
