{"lastUpdatedDate":{"year":2021,"month":2,"day":26},"county_demographics":[{"County":"Whiteside","confirmed_cases":5917,"total_tested":56565,"demographics":{"age":[{"race":[],"age_group":"<20","count":821,"tested":8584,"deaths":0},{"race":[],"age_group":"20-29   ","count":875,"tested":8760,"deaths":0},{"race":[],"age_group":"30-39   ","count":858,"tested":8769,"deaths":0},{"race":[],"age_group":"40-49   ","count":822,"tested":7804,"deaths":0},{"race":[],"age_group":"50-59   ","count":963,"tested":8445,"deaths":0},{"race":[],"age_group":"60-69   ","count":740,"tested":6822,"deaths":0},{"race":[],"age_group":"70-79   ","count":420,"tested":3606,"deaths":0},{"race":[],"age_group":"80+","count":413,"tested":3759,"deaths":0},{"race":[],"age_group":"Unknown","count":0,"tested":16,"deaths":0}],"race":[{"description":"AI/AN**","count":0,"tested":15,"deaths":0,"color":"rgb(31,119,180)"},{"description":"Asian","count":14,"tested":105,"deaths":0,"color":"rgb(140,86,75)"},{"description":"Black","count":126,"tested":1574,"deaths":0,"color":"rgb(255,127,14)"},{"description":"Hispanic","count":366,"tested":1960,"deaths":0,"color":"rgb(214,39,40)"},{"description":"Left Blank","count":1340,"tested":25988,"deaths":0,"color":"rgb(44,160,44)"},{"description":"NH/PI*","count":0,"tested":10,"deaths":0,"color":"rgb(127,127,127)"},{"description":"Other","count":283,"tested":1543,"deaths":0,"color":"rgb(148,103,189)"},{"description":"White","count":3778,"tested":25370,"deaths":0,"color":"rgb(31,119,180)"}],"gender":[{"description":"Female","count":3184,"tested":33912,"deaths":0,"color":"rgb(255,127,14)"},{"description":"Male","count":2630,"tested":19408,"deaths":0,"color":"rgb(31,119,180)"},{"description":"Unknown/Left Blank","count":102,"tested":3245,"deaths":0,"color":"rgb(44,160,44)"}]}}]}
