{"lastUpdatedDate":{"year":2021,"month":2,"day":26},"county_demographics":[{"County":"Mason","confirmed_cases":1278,"total_tested":18529,"demographics":{"age":[{"race":[],"age_group":"<20","count":218,"tested":2774,"deaths":0},{"race":[],"age_group":"20-29   ","count":135,"tested":2568,"deaths":0},{"race":[],"age_group":"30-39   ","count":175,"tested":2819,"deaths":0},{"race":[],"age_group":"40-49   ","count":182,"tested":2941,"deaths":0},{"race":[],"age_group":"50-59   ","count":186,"tested":2665,"deaths":0},{"race":[],"age_group":"60-69   ","count":163,"tested":1962,"deaths":0},{"race":[],"age_group":"70-79   ","count":119,"tested":1215,"deaths":0},{"race":[],"age_group":"80+","count":92,"tested":1585,"deaths":0},{"race":[],"age_group":"Unknown","count":0,"tested":0,"deaths":0}],"race":[{"description":"AI/AN**","count":0,"tested":0,"deaths":0,"color":"rgb(31,119,180)"},{"description":"Asian","count":0,"tested":24,"deaths":0,"color":"rgb(140,86,75)"},{"description":"Black","count":0,"tested":41,"deaths":0,"color":"rgb(255,127,14)"},{"description":"Hispanic","count":8,"tested":38,"deaths":0,"color":"rgb(214,39,40)"},{"description":"Left Blank","count":423,"tested":6819,"deaths":0,"color":"rgb(44,160,44)"},{"description":"Other","count":8,"tested":158,"deaths":0,"color":"rgb(148,103,189)"},{"description":"White","count":833,"tested":11446,"deaths":0,"color":"rgb(31,119,180)"}],"gender":[{"description":"Female","count":712,"tested":11608,"deaths":0,"color":"rgb(255,127,14)"},{"description":"Male","count":527,"tested":5934,"deaths":0,"color":"rgb(31,119,180)"},{"description":"Unknown/Left Blank","count":38,"tested":987,"deaths":0,"color":"rgb(44,160,44)"}]}}]}
