{"lastUpdatedDate":{"year":2021,"month":2,"day":26},"county_demographics":[{"County":"Out Of State","confirmed_cases":7,"total_tested":113613,"demographics":{"age":[{"race":[],"age_group":"<20","count":0,"tested":20179,"deaths":0},{"race":[],"age_group":"20-29   ","count":0,"tested":26996,"deaths":0},{"race":[],"age_group":"30-39   ","count":0,"tested":17242,"deaths":0},{"race":[],"age_group":"40-49   ","count":0,"tested":13626,"deaths":0},{"race":[],"age_group":"50-59   ","count":0,"tested":14641,"deaths":0},{"race":[],"age_group":"60-69   ","count":0,"tested":10933,"deaths":0},{"race":[],"age_group":"70-79   ","count":0,"tested":6400,"deaths":0},{"race":[],"age_group":"80+","count":0,"tested":3562,"deaths":0},{"race":[],"age_group":"Unknown","count":0,"tested":34,"deaths":0}],"race":[{"description":"AI/AN**","count":0,"tested":102,"deaths":0,"color":"rgb(31,119,180)"},{"description":"Asian","count":0,"tested":1620,"deaths":0,"color":"rgb(140,86,75)"},{"description":"Black","count":0,"tested":7632,"deaths":0,"color":"rgb(255,127,14)"},{"description":"Hispanic","count":0,"tested":3703,"deaths":0,"color":"rgb(214,39,40)"},{"description":"Left Blank","count":0,"tested":51544,"deaths":0,"color":"rgb(44,160,44)"},{"description":"NH/PI*","count":0,"tested":147,"deaths":0,"color":"rgb(127,127,127)"},{"description":"Other","count":0,"tested":4486,"deaths":0,"color":"rgb(148,103,189)"},{"description":"White","count":0,"tested":44379,"deaths":0,"color":"rgb(31,119,180)"}],"gender":[{"description":"Female","count":0,"tested":59374,"deaths":0,"color":"rgb(255,127,14)"},{"description":"Male","count":0,"tested":49390,"deaths":0,"color":"rgb(31,119,180)"},{"description":"Unknown/Left Blank","count":0,"tested":4849,"deaths":0,"color":"rgb(44,160,44)"}]}}]}
