{"lastUpdatedDate":{"year":2021,"month":2,"day":26},"county_demographics":[{"County":"Knox","confirmed_cases":5015,"total_tested":78460,"demographics":{"age":[{"race":[],"age_group":"<20","count":584,"tested":7563,"deaths":0},{"race":[],"age_group":"20-29   ","count":756,"tested":14390,"deaths":0},{"race":[],"age_group":"30-39   ","count":735,"tested":12428,"deaths":0},{"race":[],"age_group":"40-49   ","count":745,"tested":11664,"deaths":0},{"race":[],"age_group":"50-59   ","count":738,"tested":11149,"deaths":0},{"race":[],"age_group":"60-69   ","count":646,"tested":8242,"deaths":0},{"race":[],"age_group":"70-79   ","count":426,"tested":4956,"deaths":0},{"race":[],"age_group":"80+","count":381,"tested":5038,"deaths":0},{"race":[],"age_group":"Unknown","count":0,"tested":3030,"deaths":0}],"race":[{"description":"AI/AN**","count":0,"tested":27,"deaths":0,"color":"rgb(31,119,180)"},{"description":"Asian","count":10,"tested":425,"deaths":0,"color":"rgb(140,86,75)"},{"description":"Black","count":424,"tested":2198,"deaths":0,"color":"rgb(255,127,14)"},{"description":"Hispanic","count":221,"tested":1094,"deaths":0,"color":"rgb(214,39,40)"},{"description":"Left Blank","count":970,"tested":51459,"deaths":0,"color":"rgb(44,160,44)"},{"description":"NH/PI*","count":0,"tested":33,"deaths":0,"color":"rgb(127,127,127)"},{"description":"Other","count":55,"tested":748,"deaths":0,"color":"rgb(148,103,189)"},{"description":"White","count":3324,"tested":22476,"deaths":0,"color":"rgb(31,119,180)"}],"gender":[{"description":"Female","count":2578,"tested":35477,"deaths":0,"color":"rgb(255,127,14)"},{"description":"Male","count":2256,"tested":24634,"deaths":0,"color":"rgb(31,119,180)"},{"description":"Unknown/Left Blank","count":181,"tested":18349,"deaths":0,"color":"rgb(44,160,44)"}]}}]}
