{"lastUpdatedDate":{"year":2021,"month":1,"day":29},"county_demographics":[{"County":"Rock Island","confirmed_cases":12360,"total_tested":143552,"demographics":{"age":[{"race":[],"age_group":"<20","count":1573,"tested":15716,"deaths":0},{"race":[],"age_group":"60-69   ","count":1539,"tested":18957,"deaths":0},{"race":[],"age_group":"Unknown","count":0,"tested":1614,"deaths":0},{"race":[],"age_group":"40-49   ","count":1806,"tested":19654,"deaths":0},{"race":[],"age_group":"80+","count":770,"tested":13708,"deaths":0},{"race":[],"age_group":"30-39   ","count":1956,"tested":20944,"deaths":0},{"race":[],"age_group":"50-59   ","count":1771,"tested":19836,"deaths":0},{"race":[],"age_group":"70-79   ","count":863,"tested":12110,"deaths":0},{"race":[],"age_group":"20-29   ","count":2082,"tested":21013,"deaths":0}],"race":[{"description":"AI/AN**","count":8,"tested":55,"deaths":0,"color":"rgb(31,119,180)"},{"description":"Asian","count":126,"tested":786,"deaths":0,"color":"rgb(140,86,75)"},{"description":"Black","count":776,"tested":7727,"deaths":0,"color":"rgb(255,127,14)"},{"description":"Hispanic","count":1042,"tested":5376,"deaths":0,"color":"rgb(214,39,40)"},{"description":"Left Blank","count":6196,"tested":82195,"deaths":0,"color":"rgb(44,160,44)"},{"description":"NH/PI*","count":0,"tested":61,"deaths":0,"color":"rgb(127,127,127)"},{"description":"Other","count":286,"tested":2552,"deaths":0,"color":"rgb(148,103,189)"},{"description":"White","count":3920,"tested":44800,"deaths":0,"color":"rgb(31,119,180)"}],"gender":[{"description":"Female","count":6501,"tested":82230,"deaths":0,"color":"rgb(255,127,14)"},{"description":"Male","count":5777,"tested":52591,"deaths":0,"color":"rgb(31,119,180)"},{"description":"Unknown/Left Blank","count":82,"tested":8731,"deaths":0,"color":"rgb(44,160,44)"}]}}]}
