{"lastUpdatedDate":{"year":2021,"month":1,"day":29},"county_demographics":[{"County":"Johnson","confirmed_cases":1289,"total_tested":23676,"demographics":{"age":[{"race":[],"age_group":"50-59   ","count":212,"tested":3076,"deaths":0},{"race":[],"age_group":"30-39   ","count":238,"tested":4743,"deaths":0},{"race":[],"age_group":"70-79   ","count":78,"tested":935,"deaths":0},{"race":[],"age_group":"20-29   ","count":212,"tested":3584,"deaths":0},{"race":[],"age_group":"60-69   ","count":137,"tested":1780,"deaths":0},{"race":[],"age_group":"80+","count":54,"tested":933,"deaths":0},{"race":[],"age_group":"40-49   ","count":204,"tested":4238,"deaths":0},{"race":[],"age_group":"<20","count":150,"tested":1252,"deaths":0},{"race":[],"age_group":"Unknown","count":0,"tested":3135,"deaths":0}],"race":[{"description":"AI/AN**","count":0,"tested":0,"deaths":0,"color":"rgb(31,119,180)"},{"description":"Asian","count":0,"tested":63,"deaths":0,"color":"rgb(140,86,75)"},{"description":"Black","count":152,"tested":369,"deaths":0,"color":"rgb(255,127,14)"},{"description":"Hispanic","count":67,"tested":209,"deaths":0,"color":"rgb(214,39,40)"},{"description":"Left Blank","count":242,"tested":17059,"deaths":0,"color":"rgb(44,160,44)"},{"description":"NH/PI*","count":0,"tested":0,"deaths":0,"color":"rgb(127,127,127)"},{"description":"Other","count":6,"tested":80,"deaths":0,"color":"rgb(148,103,189)"},{"description":"White","count":813,"tested":5891,"deaths":0,"color":"rgb(31,119,180)"}],"gender":[{"description":"Female","count":493,"tested":5720,"deaths":0,"color":"rgb(255,127,14)"},{"description":"Male","count":741,"tested":4504,"deaths":0,"color":"rgb(31,119,180)"},{"description":"Unknown/Left Blank","count":53,"tested":13452,"deaths":0,"color":"rgb(44,160,44)"}]}}]}
