{"lastUpdatedDate":{"year":2021,"month":1,"day":29},"county_demographics":[{"County":"Crawford","confirmed_cases":1882,"total_tested":26060,"demographics":{"age":[{"race":[],"age_group":"30-39   ","count":297,"tested":5133,"deaths":0},{"race":[],"age_group":"50-59   ","count":282,"tested":3635,"deaths":0},{"race":[],"age_group":"40-49   ","count":268,"tested":4401,"deaths":0},{"race":[],"age_group":"20-29   ","count":269,"tested":3500,"deaths":0},{"race":[],"age_group":"80+","count":130,"tested":1276,"deaths":0},{"race":[],"age_group":"<20","count":256,"tested":2517,"deaths":0},{"race":[],"age_group":"60-69   ","count":204,"tested":2139,"deaths":0},{"race":[],"age_group":"Unknown","count":0,"tested":2230,"deaths":0},{"race":[],"age_group":"70-79   ","count":175,"tested":1229,"deaths":0}],"race":[{"description":"AI/AN**","count":0,"tested":0,"deaths":0,"color":"rgb(31,119,180)"},{"description":"Asian","count":0,"tested":29,"deaths":0,"color":"rgb(140,86,75)"},{"description":"Black","count":154,"tested":385,"deaths":0,"color":"rgb(255,127,14)"},{"description":"Hispanic","count":36,"tested":78,"deaths":0,"color":"rgb(214,39,40)"},{"description":"Left Blank","count":206,"tested":14744,"deaths":0,"color":"rgb(44,160,44)"},{"description":"NH/PI*","count":0,"tested":0,"deaths":0,"color":"rgb(127,127,127)"},{"description":"Other","count":17,"tested":546,"deaths":0,"color":"rgb(148,103,189)"},{"description":"White","count":1455,"tested":10276,"deaths":0,"color":"rgb(31,119,180)"}],"gender":[{"description":"Female","count":885,"tested":9039,"deaths":0,"color":"rgb(255,127,14)"},{"description":"Male","count":938,"tested":7207,"deaths":0,"color":"rgb(31,119,180)"},{"description":"Unknown/Left Blank","count":59,"tested":9814,"deaths":0,"color":"rgb(44,160,44)"}]}}]}
