{"lastUpdatedDate":{"year":2021,"month":1,"day":29},"county_demographics":[{"County":"Grundy","confirmed_cases":4632,"total_tested":38431,"demographics":{"age":[{"race":[],"age_group":"40-49   ","count":769,"tested":5556,"deaths":0},{"race":[],"age_group":"50-59   ","count":701,"tested":5638,"deaths":0},{"race":[],"age_group":"70-79   ","count":255,"tested":2598,"deaths":0},{"race":[],"age_group":"<20","count":758,"tested":6052,"deaths":0},{"race":[],"age_group":"Unknown","count":0,"tested":52,"deaths":0},{"race":[],"age_group":"20-29   ","count":812,"tested":6339,"deaths":0},{"race":[],"age_group":"60-69   ","count":449,"tested":4120,"deaths":0},{"race":[],"age_group":"80+","count":161,"tested":2474,"deaths":0},{"race":[],"age_group":"30-39   ","count":725,"tested":5602,"deaths":0}],"race":[{"description":"AI/AN**","count":0,"tested":22,"deaths":0,"color":"rgb(31,119,180)"},{"description":"Asian","count":15,"tested":136,"deaths":0,"color":"rgb(140,86,75)"},{"description":"Black","count":37,"tested":443,"deaths":0,"color":"rgb(255,127,14)"},{"description":"Hispanic","count":262,"tested":1284,"deaths":0,"color":"rgb(214,39,40)"},{"description":"Left Blank","count":1353,"tested":12365,"deaths":0,"color":"rgb(44,160,44)"},{"description":"NH/PI*","count":0,"tested":10,"deaths":0,"color":"rgb(127,127,127)"},{"description":"Other","count":325,"tested":1849,"deaths":0,"color":"rgb(148,103,189)"},{"description":"White","count":2633,"tested":22322,"deaths":0,"color":"rgb(31,119,180)"}],"gender":[{"description":"Female","count":2382,"tested":22217,"deaths":0,"color":"rgb(255,127,14)"},{"description":"Male","count":2205,"tested":15325,"deaths":0,"color":"rgb(31,119,180)"},{"description":"Unknown/Left Blank","count":44,"tested":889,"deaths":0,"color":"rgb(44,160,44)"}]}}]}
