{"lastUpdatedDate":{"year":2021,"month":1,"day":29},"county_demographics":[{"County":"Hamilton","confirmed_cases":746,"total_tested":5479,"demographics":{"age":[{"race":[],"age_group":"30-39   ","count":119,"tested":777,"deaths":0},{"race":[],"age_group":"20-29   ","count":102,"tested":731,"deaths":0},{"race":[],"age_group":"<20","count":96,"tested":750,"deaths":0},{"race":[],"age_group":"60-69   ","count":87,"tested":684,"deaths":0},{"race":[],"age_group":"Unknown","count":0,"tested":0,"deaths":0},{"race":[],"age_group":"80+","count":57,"tested":328,"deaths":0},{"race":[],"age_group":"40-49   ","count":96,"tested":879,"deaths":0},{"race":[],"age_group":"50-59   ","count":117,"tested":908,"deaths":0},{"race":[],"age_group":"70-79   ","count":58,"tested":419,"deaths":0}],"race":[{"description":"AI/AN**","count":0,"tested":0,"deaths":0,"color":"rgb(31,119,180)"},{"description":"Asian","count":0,"tested":7,"deaths":0,"color":"rgb(140,86,75)"},{"description":"Black","count":0,"tested":18,"deaths":0,"color":"rgb(255,127,14)"},{"description":"Hispanic","count":9,"tested":56,"deaths":0,"color":"rgb(214,39,40)"},{"description":"Left Blank","count":250,"tested":1685,"deaths":0,"color":"rgb(44,160,44)"},{"description":"NH/PI*","count":0,"tested":0,"deaths":0,"color":"rgb(127,127,127)"},{"description":"Other","count":0,"tested":36,"deaths":0,"color":"rgb(148,103,189)"},{"description":"White","count":483,"tested":3675,"deaths":0,"color":"rgb(31,119,180)"}],"gender":[{"description":"Female","count":401,"tested":3387,"deaths":0,"color":"rgb(255,127,14)"},{"description":"Male","count":298,"tested":1833,"deaths":0,"color":"rgb(31,119,180)"},{"description":"Unknown/Left Blank","count":47,"tested":259,"deaths":0,"color":"rgb(44,160,44)"}]}}]}
