{"lastUpdatedDate":{"year":2021,"month":1,"day":29},"county_demographics":[{"County":"Alexander","confirmed_cases":412,"total_tested":4454,"demographics":{"age":[{"race":[],"age_group":"<20","count":33,"tested":363,"deaths":0},{"race":[],"age_group":"60-69   ","count":76,"tested":793,"deaths":0},{"race":[],"age_group":"80+","count":11,"tested":201,"deaths":0},{"race":[],"age_group":"30-39   ","count":65,"tested":569,"deaths":0},{"race":[],"age_group":"40-49   ","count":53,"tested":688,"deaths":0},{"race":[],"age_group":"50-59   ","count":73,"tested":888,"deaths":0},{"race":[],"age_group":"20-29   ","count":40,"tested":624,"deaths":0},{"race":[],"age_group":"70-79   ","count":49,"tested":328,"deaths":0}],"race":[{"description":"Asian","count":0,"tested":0,"deaths":0,"color":"rgb(140,86,75)"},{"description":"Black","count":103,"tested":1179,"deaths":0,"color":"rgb(255,127,14)"},{"description":"Hispanic","count":0,"tested":16,"deaths":0,"color":"rgb(214,39,40)"},{"description":"Left Blank","count":129,"tested":1732,"deaths":0,"color":"rgb(44,160,44)"},{"description":"NH/PI*","count":0,"tested":0,"deaths":0,"color":"rgb(127,127,127)"},{"description":"Other","count":0,"tested":22,"deaths":0,"color":"rgb(148,103,189)"},{"description":"White","count":175,"tested":1501,"deaths":0,"color":"rgb(31,119,180)"}],"gender":[{"description":"Female","count":243,"tested":2727,"deaths":0,"color":"rgb(255,127,14)"},{"description":"Male","count":159,"tested":1488,"deaths":0,"color":"rgb(31,119,180)"},{"description":"Unknown/Left Blank","count":10,"tested":239,"deaths":0,"color":"rgb(44,160,44)"}]}}]}
