{"lastUpdatedDate":{"year":2021,"month":1,"day":29},"county_demographics":[{"County":"Calhoun","confirmed_cases":453,"total_tested":4568,"demographics":{"age":[{"race":[],"age_group":"<20","count":78,"tested":564,"deaths":0},{"race":[],"age_group":"40-49   ","count":57,"tested":499,"deaths":0},{"race":[],"age_group":"Unknown","count":0,"tested":0,"deaths":0},{"race":[],"age_group":"50-59   ","count":55,"tested":685,"deaths":0},{"race":[],"age_group":"30-39   ","count":67,"tested":708,"deaths":0},{"race":[],"age_group":"20-29   ","count":70,"tested":551,"deaths":0},{"race":[],"age_group":"70-79   ","count":33,"tested":423,"deaths":0},{"race":[],"age_group":"60-69   ","count":73,"tested":502,"deaths":0},{"race":[],"age_group":"80+","count":20,"tested":634,"deaths":0}],"race":[{"description":"AI/AN**","count":0,"tested":0,"deaths":0,"color":"rgb(31,119,180)"},{"description":"Black","count":0,"tested":22,"deaths":0,"color":"rgb(255,127,14)"},{"description":"Hispanic","count":0,"tested":0,"deaths":0,"color":"rgb(214,39,40)"},{"description":"Left Blank","count":77,"tested":1085,"deaths":0,"color":"rgb(44,160,44)"},{"description":"Other","count":0,"tested":28,"deaths":0,"color":"rgb(148,103,189)"},{"description":"White","count":366,"tested":3428,"deaths":0,"color":"rgb(31,119,180)"}],"gender":[{"description":"Female","count":244,"tested":2961,"deaths":0,"color":"rgb(255,127,14)"},{"description":"Male","count":207,"tested":1555,"deaths":0,"color":"rgb(31,119,180)"},{"description":"Unknown/Left Blank","count":0,"tested":52,"deaths":0,"color":"rgb(44,160,44)"}]}}]}
