{"lastUpdatedDate":{"year":2021,"month":1,"day":29},"county_demographics":[{"County":"Fayette","confirmed_cases":3002,"total_tested":22480,"demographics":{"age":[{"race":[],"age_group":"20-29   ","count":456,"tested":3315,"deaths":0},{"race":[],"age_group":"60-69   ","count":383,"tested":2789,"deaths":0},{"race":[],"age_group":"40-49   ","count":481,"tested":3436,"deaths":0},{"race":[],"age_group":"80+","count":146,"tested":1516,"deaths":0},{"race":[],"age_group":"30-39   ","count":447,"tested":3446,"deaths":0},{"race":[],"age_group":"50-59   ","count":469,"tested":3290,"deaths":0},{"race":[],"age_group":"70-79   ","count":255,"tested":1618,"deaths":0},{"race":[],"age_group":"<20","count":360,"tested":2594,"deaths":0},{"race":[],"age_group":"Unknown","count":0,"tested":476,"deaths":0}],"race":[{"description":"AI/AN**","count":0,"tested":0,"deaths":0,"color":"rgb(31,119,180)"},{"description":"Asian","count":6,"tested":11,"deaths":0,"color":"rgb(140,86,75)"},{"description":"Black","count":168,"tested":359,"deaths":0,"color":"rgb(255,127,14)"},{"description":"Hispanic","count":35,"tested":84,"deaths":0,"color":"rgb(214,39,40)"},{"description":"Left Blank","count":853,"tested":12759,"deaths":0,"color":"rgb(44,160,44)"},{"description":"NH/PI*","count":0,"tested":0,"deaths":0,"color":"rgb(127,127,127)"},{"description":"Other","count":67,"tested":1227,"deaths":0,"color":"rgb(148,103,189)"},{"description":"White","count":1865,"tested":8031,"deaths":0,"color":"rgb(31,119,180)"}],"gender":[{"description":"Female","count":1373,"tested":12453,"deaths":0,"color":"rgb(255,127,14)"},{"description":"Male","count":1593,"tested":7339,"deaths":0,"color":"rgb(31,119,180)"},{"description":"Unknown/Left Blank","count":36,"tested":2688,"deaths":0,"color":"rgb(44,160,44)"}]}}]}
