{"lastUpdatedDate":{"year":2021,"month":1,"day":29},"county_demographics":[{"County":"Madison","confirmed_cases":25953,"total_tested":233411,"demographics":{"age":[{"race":[],"age_group":"40-49   ","count":3722,"tested":30284,"deaths":0},{"race":[],"age_group":"60-69   ","count":3011,"tested":28282,"deaths":0},{"race":[],"age_group":"80+","count":1300,"tested":20809,"deaths":0},{"race":[],"age_group":"20-29   ","count":4513,"tested":39572,"deaths":0},{"race":[],"age_group":"70-79   ","count":1726,"tested":17461,"deaths":0},{"race":[],"age_group":"30-39   ","count":4016,"tested":35254,"deaths":0},{"race":[],"age_group":"50-59   ","count":3803,"tested":32326,"deaths":0},{"race":[],"age_group":"<20","count":3838,"tested":29178,"deaths":0},{"race":[],"age_group":"Unknown","count":22,"tested":245,"deaths":0}],"race":[{"description":"AI/AN**","count":22,"tested":136,"deaths":0,"color":"rgb(31,119,180)"},{"description":"Asian","count":85,"tested":677,"deaths":0,"color":"rgb(140,86,75)"},{"description":"Black","count":1733,"tested":10846,"deaths":0,"color":"rgb(255,127,14)"},{"description":"Hispanic","count":516,"tested":2196,"deaths":0,"color":"rgb(214,39,40)"},{"description":"Left Blank","count":8014,"tested":115301,"deaths":0,"color":"rgb(44,160,44)"},{"description":"NH/PI*","count":10,"tested":86,"deaths":0,"color":"rgb(127,127,127)"},{"description":"Other","count":918,"tested":8864,"deaths":0,"color":"rgb(148,103,189)"},{"description":"White","count":14652,"tested":95305,"deaths":0,"color":"rgb(31,119,180)"}],"gender":[{"description":"Female","count":13803,"tested":141884,"deaths":0,"color":"rgb(255,127,14)"},{"description":"Male","count":11530,"tested":86797,"deaths":0,"color":"rgb(31,119,180)"},{"description":"Unknown/Left Blank","count":620,"tested":4730,"deaths":0,"color":"rgb(44,160,44)"}]}}]}
