{"age":[{"age_group":"<20","count":235,"tested":2118},{"age_group":"20-29   ","count":237,"tested":3131},{"age_group":"30-39   ","count":149,"tested":3072},{"age_group":"40-49   ","count":219,"tested":3362},{"age_group":"50-59   ","count":246,"tested":4536},{"age_group":"60-69   ","count":173,"tested":3817},{"age_group":"70-79   ","count":97,"tested":5356},{"age_group":"80+","count":113,"tested":7893}],"race":[{"description":"Asian","count":16,"tested":123,"color":"rgb(140,86,75)"},{"description":"White","count":921,"tested":22733,"color":"rgb(31,119,180)"},{"description":"Left Blank","count":405,"tested":7026,"color":"rgb(44,160,44)"},{"description":"Hispanic","count":46,"tested":662,"color":"rgb(214,39,40)"},{"description":"Black","count":34,"tested":2183,"color":"rgb(255,127,14)"},{"description":"Other","count":46,"tested":531,"color":"rgb(148,103,189)"}],"gender":[{"description":"Male","count":691,"tested":16892,"color":"rgb(31,119,180)"},{"description":"Female","count":771,"tested":13989,"color":"rgb(255,127,14)"}]}
