{"age":[{"age_group":"<20","count":441,"tested":72076},{"age_group":"20-29   ","count":246,"tested":8312},{"age_group":"30-39   ","count":212,"tested":5798},{"age_group":"40-49   ","count":260,"tested":6870},{"age_group":"50-59   ","count":289,"tested":8410},{"age_group":"60-69   ","count":196,"tested":7280},{"age_group":"70-79   ","count":134,"tested":4928},{"age_group":"80+","count":175,"tested":8606}],"race":[{"description":"Left Blank","count":458,"tested":30770,"color":"rgb(44,160,44)"},{"description":"Hispanic","count":81,"tested":5171,"color":"rgb(214,39,40)"},{"description":"Other","count":146,"tested":5053,"color":"rgb(148,103,189)"},{"description":"White","count":1165,"tested":76318,"color":"rgb(31,119,180)"},{"description":"Black","count":27,"tested":1182,"color":"rgb(255,127,14)"},{"description":"Asian","count":72,"tested":3636,"color":"rgb(140,86,75)"}],"gender":[{"description":"Female","count":995,"tested":65210,"color":"rgb(255,127,14)"},{"description":"Male","count":933,"tested":56409,"color":"rgb(31,119,180)"},{"description":"Unknown/Left Blank","count":26,"tested":669,"color":"rgb(44,160,44)"}]}
