{"age":[{"age_group":"<20","count":202,"tested":2285},{"age_group":"20-29   ","count":299,"tested":3099},{"age_group":"30-39   ","count":216,"tested":2808},{"age_group":"40-49   ","count":207,"tested":2174},{"age_group":"50-59   ","count":269,"tested":3037},{"age_group":"60-69   ","count":165,"tested":2356},{"age_group":"70-79   ","count":84,"tested":1236},{"age_group":"80+","count":37,"tested":651}],"race":[{"description":"Left Blank","count":418,"tested":6741,"color":"rgb(44,160,44)"},{"description":"White","count":720,"tested":8215,"color":"rgb(31,119,180)"},{"description":"Hispanic","count":220,"tested":1394,"color":"rgb(214,39,40)"},{"description":"Other","count":32,"tested":349,"color":"rgb(148,103,189)"},{"description":"Asian","count":37,"tested":481,"color":"rgb(140,86,75)"},{"description":"Black","count":50,"tested":450,"color":"rgb(255,127,14)"}],"gender":[{"description":"Male","count":717,"tested":7569,"color":"rgb(31,119,180)"},{"description":"Female","count":755,"tested":9917,"color":"rgb(255,127,14)"}]}
