{"age":[{"age_group":"<20","count":570,"tested":7824},{"age_group":"20-29   ","count":667,"tested":8407},{"age_group":"30-39   ","count":522,"tested":8444},{"age_group":"40-49   ","count":477,"tested":7380},{"age_group":"50-59   ","count":477,"tested":7435},{"age_group":"60-69   ","count":392,"tested":6889},{"age_group":"70-79   ","count":262,"tested":5240},{"age_group":"80+","count":312,"tested":7117}],"race":[{"description":"Black","count":360,"tested":3186,"color":"rgb(255,127,14)"},{"description":"Asian","count":106,"tested":1209,"color":"rgb(140,86,75)"},{"description":"White","count":2199,"tested":18878,"color":"rgb(31,119,180)"},{"description":"Other","count":67,"tested":1381,"color":"rgb(148,103,189)"},{"description":"Left Blank","count":387,"tested":31430,"color":"rgb(44,160,44)"},{"description":"AI/AN**","count":6,"tested":23,"color":"rgb(31,119,180)"},{"description":"Hispanic","count":551,"tested":2717,"color":"rgb(214,39,40)"}],"gender":[{"description":"Female","count":1958,"tested":35831,"color":"rgb(255,127,14)"},{"description":"Male","count":1705,"tested":21605,"color":"rgb(31,119,180)"},{"description":"Unknown/Left Blank","count":17,"tested":1401,"color":"rgb(44,160,44)"}]}
