{"age":[{"age_group":"<20","count":500,"tested":6284},{"age_group":"20-29   ","count":515,"tested":7897},{"age_group":"30-39   ","count":536,"tested":8331},{"age_group":"40-49   ","count":555,"tested":7855},{"age_group":"50-59   ","count":563,"tested":7838},{"age_group":"60-69   ","count":380,"tested":6406},{"age_group":"70-79   ","count":199,"tested":4023},{"age_group":"80+","count":139,"tested":3450}],"race":[{"description":"Other","count":123,"tested":1082,"color":"rgb(148,103,189)"},{"description":"Black","count":84,"tested":1234,"color":"rgb(255,127,14)"},{"description":"White","count":1492,"tested":15833,"color":"rgb(31,119,180)"},{"description":"Asian","count":274,"tested":4501,"color":"rgb(140,86,75)"},{"description":"Left Blank","count":1055,"tested":26600,"color":"rgb(44,160,44)"},{"description":"AI/AN**","count":12,"tested":90,"color":"rgb(31,119,180)"},{"description":"Hispanic","count":346,"tested":2652,"color":"rgb(214,39,40)"}],"gender":[{"description":"Male","count":1590,"tested":20556,"color":"rgb(31,119,180)"},{"description":"Female","count":1784,"tested":30836,"color":"rgb(255,127,14)"}]}
