{"age":[{"age_group":"<20","count":564,"tested":9943},{"age_group":"20-29   ","count":232,"tested":4975},{"age_group":"30-39   ","count":140,"tested":3603},{"age_group":"40-49   ","count":251,"tested":5949},{"age_group":"50-59   ","count":288,"tested":6671},{"age_group":"60-69   ","count":125,"tested":4201},{"age_group":"70-79   ","count":84,"tested":2506},{"age_group":"80+","count":92,"tested":2029}],"race":[{"description":"Other","count":203,"tested":3000,"color":"rgb(148,103,189)"},{"description":"Left Blank","count":378,"tested":16026,"color":"rgb(44,160,44)"},{"description":"Asian","count":71,"tested":1876,"color":"rgb(140,86,75)"},{"description":"Black","count":26,"tested":280,"color":"rgb(255,127,14)"},{"description":"Hispanic","count":75,"tested":727,"color":"rgb(214,39,40)"},{"description":"White","count":1020,"tested":17909,"color":"rgb(31,119,180)"}],"gender":[{"description":"Female","count":854,"tested":21033,"color":"rgb(255,127,14)"},{"description":"Male","count":906,"tested":18629,"color":"rgb(31,119,180)"},{"description":"Unknown/Left Blank","count":16,"tested":231,"color":"rgb(44,160,44)"}]}
