{"age":[{"age_group":"<20","count":88,"tested":1292},{"age_group":"20-29   ","count":70,"tested":893},{"age_group":"30-39   ","count":53,"tested":927},{"age_group":"40-49   ","count":69,"tested":761},{"age_group":"50-59   ","count":73,"tested":989},{"age_group":"60-69   ","count":80,"tested":983},{"age_group":"70-79   ","count":45,"tested":879},{"age_group":"80+","count":68,"tested":1500}],"race":[{"description":"Left Blank","count":150,"tested":3170,"color":"rgb(44,160,44)"},{"description":"White","count":388,"tested":4933,"color":"rgb(31,119,180)"}],"gender":[{"description":"Male","count":241,"tested":3035,"color":"rgb(31,119,180)"},{"description":"Female","count":302,"tested":5013,"color":"rgb(255,127,14)"}]}
