{"age":[{"age_group":"<20","count":530,"tested":9048},{"age_group":"20-29   ","count":242,"tested":4649},{"age_group":"30-39   ","count":163,"tested":3252},{"age_group":"40-49   ","count":208,"tested":4054},{"age_group":"50-59   ","count":259,"tested":4787},{"age_group":"60-69   ","count":136,"tested":3181},{"age_group":"70-79   ","count":70,"tested":1716},{"age_group":"80+","count":45,"tested":967}],"race":[{"description":"White","count":926,"tested":15532,"color":"rgb(31,119,180)"},{"description":"Hispanic","count":177,"tested":1298,"color":"rgb(214,39,40)"},{"description":"Asian","count":39,"tested":726,"color":"rgb(140,86,75)"},{"description":"Black","count":12,"tested":105,"color":"rgb(255,127,14)"},{"description":"Left Blank","count":342,"tested":11439,"color":"rgb(44,160,44)"},{"description":"Other","count":155,"tested":2491,"color":"rgb(148,103,189)"}],"gender":[{"description":"Unknown/Left Blank","count":13,"tested":177,"color":"rgb(44,160,44)"},{"description":"Male","count":868,"tested":15152,"color":"rgb(31,119,180)"},{"description":"Female","count":772,"tested":16328,"color":"rgb(255,127,14)"}]}
