{"age":[{"age_group":"<20","count":704,"tested":7701},{"age_group":"20-29   ","count":921,"tested":12827},{"age_group":"30-39   ","count":966,"tested":13541},{"age_group":"40-49   ","count":915,"tested":14313},{"age_group":"50-59   ","count":916,"tested":17488},{"age_group":"60-69   ","count":663,"tested":14630},{"age_group":"70-79   ","count":386,"tested":7255},{"age_group":"80+","count":250,"tested":4061}],"race":[{"description":"White","count":98,"tested":1159,"color":"rgb(31,119,180)"},{"description":"Asian","count":9,"tested":95,"color":"rgb(140,86,75)"},{"description":"Hispanic","count":148,"tested":1104,"color":"rgb(214,39,40)"},{"description":"Black","count":3827,"tested":48222,"color":"rgb(255,127,14)"},{"description":"Left Blank","count":1487,"tested":39695,"color":"rgb(44,160,44)"},{"description":"Other","count":143,"tested":1363,"color":"rgb(148,103,189)"},{"description":"AI/AN**","count":9,"tested":51,"color":"rgb(31,119,180)"}],"gender":[{"description":"Female","count":3292,"tested":51489,"color":"rgb(255,127,14)"},{"description":"Unknown/Left Blank","count":47,"tested":2022,"color":"rgb(44,160,44)"},{"description":"Male","count":2383,"tested":38326,"color":"rgb(31,119,180)"}]}
