{"age":[{"age_group":"<20","count":218,"tested":3353},{"age_group":"20-29   ","count":273,"tested":2992},{"age_group":"30-39   ","count":258,"tested":2691},{"age_group":"40-49   ","count":261,"tested":2889},{"age_group":"50-59   ","count":235,"tested":3106},{"age_group":"60-69   ","count":170,"tested":3245},{"age_group":"70-79   ","count":72,"tested":1872},{"age_group":"80+","count":45,"tested":1431}],"race":[{"description":"Black","count":334,"tested":4163,"color":"rgb(255,127,14)"},{"description":"Asian","count":29,"tested":205,"color":"rgb(140,86,75)"},{"description":"White","count":141,"tested":1480,"color":"rgb(31,119,180)"},{"description":"Hispanic","count":323,"tested":2625,"color":"rgb(214,39,40)"},{"description":"Other","count":41,"tested":541,"color":"rgb(148,103,189)"},{"description":"Left Blank","count":664,"tested":12592,"color":"rgb(44,160,44)"}],"gender":[{"description":"Female","count":795,"tested":11620,"color":"rgb(255,127,14)"},{"description":"Male","count":727,"tested":9413,"color":"rgb(31,119,180)"},{"description":"Unknown/Left Blank","count":10,"tested":584,"color":"rgb(44,160,44)"}]}
