{"age":[{"age_group":"<20","count":68,"tested":780},{"age_group":"20-29   ","count":58,"tested":590},{"age_group":"30-39   ","count":73,"tested":677},{"age_group":"40-49   ","count":45,"tested":472},{"age_group":"50-59   ","count":82,"tested":677},{"age_group":"60-69   ","count":53,"tested":625},{"age_group":"70-79   ","count":29,"tested":379},{"age_group":"80+","count":13,"tested":192}],"race":[{"description":"White","count":365,"tested":2785,"color":"rgb(31,119,180)"},{"description":"Left Blank","count":30,"tested":1412,"color":"rgb(44,160,44)"},{"description":"Hispanic","count":13,"tested":73,"color":"rgb(214,39,40)"}],"gender":[{"description":"Male","count":217,"tested":1716,"color":"rgb(31,119,180)"},{"description":"Female","count":204,"tested":2616,"color":"rgb(255,127,14)"}]}
