{"age":[{"age_group":"<20","count":45,"tested":642},{"age_group":"20-29   ","count":21,"tested":315},{"age_group":"30-39   ","count":15,"tested":217},{"age_group":"40-49   ","count":24,"tested":310},{"age_group":"50-59   ","count":23,"tested":290},{"age_group":"60-69   ","count":27,"tested":350},{"age_group":"70-79   ","count":13,"tested":289}],"race":[{"description":"Left Blank","count":29,"tested":575,"color":"rgb(44,160,44)"},{"description":"White","count":138,"tested":1874,"color":"rgb(31,119,180)"}],"gender":[{"description":"Male","count":85,"tested":1087,"color":"rgb(31,119,180)"},{"description":"Female","count":81,"tested":1461,"color":"rgb(255,127,14)"}]}
