{"age":[{"age_group":"<20","count":388,"tested":4072},{"age_group":"20-29   ","count":371,"tested":4252},{"age_group":"30-39   ","count":374,"tested":4804},{"age_group":"40-49   ","count":345,"tested":4771},{"age_group":"50-59   ","count":309,"tested":5348},{"age_group":"60-69   ","count":219,"tested":5209},{"age_group":"70-79   ","count":93,"tested":3011},{"age_group":"80+","count":83,"tested":2886}],"race":[{"description":"Asian","count":11,"tested":158,"color":"rgb(140,86,75)"},{"description":"Hispanic","count":260,"tested":1900,"color":"rgb(214,39,40)"},{"description":"Black","count":342,"tested":3919,"color":"rgb(255,127,14)"},{"description":"White","count":541,"tested":6573,"color":"rgb(31,119,180)"},{"description":"Left Blank","count":853,"tested":20103,"color":"rgb(44,160,44)"},{"description":"Other","count":171,"tested":1664,"color":"rgb(148,103,189)"}],"gender":[{"description":"Unknown/Left Blank","count":20,"tested":341,"color":"rgb(44,160,44)"},{"description":"Male","count":1046,"tested":13653,"color":"rgb(31,119,180)"},{"description":"Female","count":1116,"tested":20363,"color":"rgb(255,127,14)"}]}
