{"age":[{"age_group":"<20","count":26,"tested":560},{"age_group":"20-29   ","count":380,"tested":7611},{"age_group":"30-39   ","count":335,"tested":7103},{"age_group":"40-49   ","count":61,"tested":1670},{"age_group":"50-59   ","count":40,"tested":1092},{"age_group":"60-69   ","count":25,"tested":489}],"race":[{"description":"Left Blank","count":319,"tested":7984,"color":"rgb(44,160,44)"},{"description":"Hispanic","count":44,"tested":625,"color":"rgb(214,39,40)"},{"description":"Other","count":48,"tested":1125,"color":"rgb(148,103,189)"},{"description":"White","count":340,"tested":6105,"color":"rgb(31,119,180)"},{"description":"Asian","count":80,"tested":2285,"color":"rgb(140,86,75)"},{"description":"Black","count":37,"tested":623,"color":"rgb(255,127,14)"}],"gender":[{"description":"Unknown/Left Blank","count":22,"tested":185,"color":"rgb(44,160,44)"},{"description":"Female","count":395,"tested":9532,"color":"rgb(255,127,14)"},{"description":"Male","count":453,"tested":9074,"color":"rgb(31,119,180)"}]}
