{"age":[{"age_group":"<20","count":1198,"tested":11315},{"age_group":"20-29   ","count":1413,"tested":17112},{"age_group":"30-39   ","count":1064,"tested":12288},{"age_group":"40-49   ","count":1121,"tested":12715},{"age_group":"50-59   ","count":951,"tested":12795},{"age_group":"60-69   ","count":575,"tested":10073},{"age_group":"70-79   ","count":277,"tested":5144},{"age_group":"80+","count":187,"tested":4652}],"race":[{"description":"Hispanic","count":3074,"tested":19029,"color":"rgb(214,39,40)"},{"description":"White","count":1404,"tested":23450,"color":"rgb(31,119,180)"},{"description":"Left Blank","count":1398,"tested":30711,"color":"rgb(44,160,44)"},{"description":"AI/AN**","count":8,"tested":78,"color":"rgb(31,119,180)"},{"description":"Other","count":240,"tested":3131,"color":"rgb(148,103,189)"},{"description":"Asian","count":139,"tested":1193,"color":"rgb(140,86,75)"},{"description":"Black","count":520,"tested":8457,"color":"rgb(255,127,14)"}],"gender":[{"description":"Male","count":3252,"tested":37238,"color":"rgb(31,119,180)"},{"description":"Female","count":3507,"tested":47689,"color":"rgb(255,127,14)"},{"description":"Unknown/Left Blank","count":29,"tested":1191,"color":"rgb(44,160,44)"}]}
