{"age":[{"age_group":"<20","count":206,"tested":1801},{"age_group":"20-29   ","count":330,"tested":2952},{"age_group":"30-39   ","count":295,"tested":2513},{"age_group":"40-49   ","count":233,"tested":2108},{"age_group":"50-59   ","count":302,"tested":2504},{"age_group":"60-69   ","count":218,"tested":2475},{"age_group":"70-79   ","count":104,"tested":1722},{"age_group":"80+","count":84,"tested":2566}],"race":[{"description":"Other","count":63,"tested":498,"color":"rgb(148,103,189)"},{"description":"Black","count":34,"tested":329,"color":"rgb(255,127,14)"},{"description":"Asian","count":66,"tested":502,"color":"rgb(140,86,75)"},{"description":"White","count":827,"tested":5413,"color":"rgb(31,119,180)"},{"description":"Left Blank","count":320,"tested":9959,"color":"rgb(44,160,44)"},{"description":"Hispanic","count":457,"tested":1929,"color":"rgb(214,39,40)"}],"gender":[{"description":"Female","count":895,"tested":10562,"color":"rgb(255,127,14)"},{"description":"Male","count":868,"tested":7882,"color":"rgb(31,119,180)"}]}
