{"age":[{"age_group":"<20","count":357,"tested":4903},{"age_group":"20-29   ","count":439,"tested":8546},{"age_group":"30-39   ","count":460,"tested":8709},{"age_group":"40-49   ","count":414,"tested":8490},{"age_group":"50-59   ","count":431,"tested":9750},{"age_group":"60-69   ","count":340,"tested":8680},{"age_group":"70-79   ","count":202,"tested":4534},{"age_group":"80+","count":112,"tested":3619}],"race":[{"description":"AI/AN**","count":13,"tested":78,"color":"rgb(31,119,180)"},{"description":"NH/PI*","count":19,"tested":120,"color":"rgb(127,127,127)"},{"description":"Asian","count":412,"tested":4762,"color":"rgb(140,86,75)"},{"description":"Hispanic","count":278,"tested":1847,"color":"rgb(214,39,40)"},{"description":"Black","count":160,"tested":2017,"color":"rgb(255,127,14)"},{"description":"Left Blank","count":727,"tested":37015,"color":"rgb(44,160,44)"},{"description":"White","count":658,"tested":8247,"color":"rgb(31,119,180)"},{"description":"Other","count":488,"tested":3156,"color":"rgb(148,103,189)"}],"gender":[{"description":"Female","count":1464,"tested":33600,"color":"rgb(255,127,14)"},{"description":"Male","count":1281,"tested":22702,"color":"rgb(31,119,180)"},{"description":"Unknown/Left Blank","count":10,"tested":940,"color":"rgb(44,160,44)"}]}
