{"age":[{"age_group":"<20","count":1128,"tested":13961},{"age_group":"20-29   ","count":2278,"tested":45827},{"age_group":"30-39   ","count":2076,"tested":49183},{"age_group":"40-49   ","count":1258,"tested":19075},{"age_group":"50-59   ","count":1035,"tested":13128},{"age_group":"60-69   ","count":680,"tested":8473},{"age_group":"70-79   ","count":344,"tested":4610},{"age_group":"80+","count":178,"tested":2197}],"race":[{"description":"Hispanic","count":3912,"tested":27070,"color":"rgb(214,39,40)"},{"description":"Left Blank","count":2234,"tested":62758,"color":"rgb(44,160,44)"},{"description":"White","count":1985,"tested":50126,"color":"rgb(31,119,180)"},{"description":"Black","count":313,"tested":4949,"color":"rgb(255,127,14)"},{"description":"NH/PI*","count":6,"tested":117,"color":"rgb(127,127,127)"},{"description":"Asian","count":123,"tested":3374,"color":"rgb(140,86,75)"},{"description":"Other","count":393,"tested":7902,"color":"rgb(148,103,189)"},{"description":"AI/AN**","count":11,"tested":197,"color":"rgb(31,119,180)"}],"gender":[{"description":"Unknown/Left Blank","count":208,"tested":5296,"color":"rgb(44,160,44)"},{"description":"Male","count":4327,"tested":67907,"color":"rgb(31,119,180)"},{"description":"Female","count":4442,"tested":83290,"color":"rgb(255,127,14)"}]}
