{"age":[{"age_group":"<20","count":7,"tested":180},{"age_group":"20-29   ","count":13,"tested":140},{"age_group":"30-39   ","count":12,"tested":201},{"age_group":"40-49   ","count":24,"tested":188},{"age_group":"50-59   ","count":21,"tested":179},{"age_group":"60-69   ","count":10,"tested":123},{"age_group":"70-79   ","count":6,"tested":83}],"race":[{"description":"Left Blank","count":38,"tested":551,"color":"rgb(44,160,44)"},{"description":"White","count":37,"tested":536,"color":"rgb(31,119,180)"}],"gender":[]}
