{"age":[{"age_group":"<20","count":666,"tested":5779},{"age_group":"20-29   ","count":730,"tested":7715},{"age_group":"30-39   ","count":650,"tested":5848},{"age_group":"40-49   ","count":651,"tested":5173},{"age_group":"50-59   ","count":528,"tested":5601},{"age_group":"60-69   ","count":315,"tested":4254},{"age_group":"70-79   ","count":123,"tested":1939},{"age_group":"80+","count":78,"tested":1112}],"race":[{"description":"Asian","count":53,"tested":831,"color":"rgb(140,86,75)"},{"description":"Black","count":299,"tested":4048,"color":"rgb(255,127,14)"},{"description":"Hispanic","count":2110,"tested":13193,"color":"rgb(214,39,40)"},{"description":"Left Blank","count":665,"tested":10910,"color":"rgb(44,160,44)"},{"description":"Other","count":119,"tested":1295,"color":"rgb(148,103,189)"},{"description":"White","count":493,"tested":6955,"color":"rgb(31,119,180)"}],"gender":[]}
