{"age":[{"age_group":"<20","count":314,"tested":3521},{"age_group":"20-29   ","count":458,"tested":4228},{"age_group":"30-39   ","count":352,"tested":3739},{"age_group":"40-49   ","count":352,"tested":3423},{"age_group":"50-59   ","count":457,"tested":4575},{"age_group":"60-69   ","count":277,"tested":3430},{"age_group":"70-79   ","count":126,"tested":2028},{"age_group":"80+","count":36,"tested":1135}],"race":[{"description":"Asian","count":21,"tested":268,"color":"rgb(140,86,75)"},{"description":"Black","count":16,"tested":173,"color":"rgb(255,127,14)"},{"description":"Hispanic","count":225,"tested":1275,"color":"rgb(214,39,40)"},{"description":"Left Blank","count":609,"tested":8883,"color":"rgb(44,160,44)"},{"description":"Other","count":55,"tested":443,"color":"rgb(148,103,189)"},{"description":"White","count":1437,"tested":14964,"color":"rgb(31,119,180)"}],"gender":[]}
