{"age":[{"age_group":"<20","count":264,"tested":1939},{"age_group":"20-29   ","count":310,"tested":2560},{"age_group":"30-39   ","count":263,"tested":2170},{"age_group":"40-49   ","count":258,"tested":1962},{"age_group":"50-59   ","count":193,"tested":1641},{"age_group":"60-69   ","count":130,"tested":1403},{"age_group":"70-79   ","count":49,"tested":587},{"age_group":"80+","count":31,"tested":399}],"race":[{"description":"Other","count":102,"tested":993,"color":"rgb(148,103,189)"},{"description":"Black","count":63,"tested":791,"color":"rgb(255,127,14)"},{"description":"White","count":227,"tested":2580,"color":"rgb(31,119,180)"},{"description":"Hispanic","count":678,"tested":3673,"color":"rgb(214,39,40)"},{"description":"Left Blank","count":352,"tested":4489,"color":"rgb(44,160,44)"}],"gender":[]}
