{"age":[{"age_group":"<20","count":551,"tested":6960},{"age_group":"20-29   ","count":382,"tested":5634},{"age_group":"30-39   ","count":345,"tested":5384},{"age_group":"40-49   ","count":323,"tested":4386},{"age_group":"50-59   ","count":432,"tested":5537},{"age_group":"60-69   ","count":261,"tested":4486},{"age_group":"70-79   ","count":90,"tested":2670},{"age_group":"80+","count":104,"tested":3669}],"race":[{"description":"White","count":1534,"tested":20669,"color":"rgb(31,119,180)"},{"description":"Black","count":46,"tested":779,"color":"rgb(255,127,14)"},{"description":"Other","count":55,"tested":999,"color":"rgb(148,103,189)"},{"description":"Asian","count":58,"tested":682,"color":"rgb(140,86,75)"},{"description":"Hispanic","count":208,"tested":1829,"color":"rgb(214,39,40)"},{"description":"Left Blank","count":370,"tested":13757,"color":"rgb(44,160,44)"}],"gender":[]}
