{"age":[{"age_group":"<20","count":681,"tested":6060},{"age_group":"20-29   ","count":763,"tested":9036},{"age_group":"30-39   ","count":580,"tested":7726},{"age_group":"40-49   ","count":556,"tested":8288},{"age_group":"50-59   ","count":563,"tested":9228},{"age_group":"60-69   ","count":376,"tested":7127},{"age_group":"70-79   ","count":208,"tested":4319},{"age_group":"80+","count":123,"tested":3359}],"race":[{"description":"Other","count":129,"tested":1684,"color":"rgb(148,103,189)"},{"description":"Left Blank","count":895,"tested":15333,"color":"rgb(44,160,44)"},{"description":"White","count":1869,"tested":30716,"color":"rgb(31,119,180)"},{"description":"Asian","count":17,"tested":681,"color":"rgb(140,86,75)"},{"description":"Black","count":266,"tested":5195,"color":"rgb(255,127,14)"},{"description":"Hispanic","count":159,"tested":1408,"color":"rgb(214,39,40)"}],"gender":[]}
