{"age":[{"age_group":"<20","count":641,"tested":8325},{"age_group":"20-29   ","count":865,"tested":14684},{"age_group":"30-39   ","count":884,"tested":14333},{"age_group":"40-49   ","count":837,"tested":14138},{"age_group":"50-59   ","count":835,"tested":16892},{"age_group":"60-69   ","count":610,"tested":15169},{"age_group":"70-79   ","count":293,"tested":6454},{"age_group":"80+","count":196,"tested":3600}],"race":[{"description":"Other","count":100,"tested":1291,"color":"rgb(148,103,189)"},{"description":"White","count":49,"tested":1191,"color":"rgb(31,119,180)"},{"description":"Black","count":3720,"tested":55208,"color":"rgb(255,127,14)"},{"description":"Hispanic","count":98,"tested":948,"color":"rgb(214,39,40)"},{"description":"Asian","count":12,"tested":189,"color":"rgb(140,86,75)"},{"description":"Left Blank","count":1021,"tested":34534,"color":"rgb(44,160,44)"}],"gender":[]}
