{"age":[{"age_group":"<20","count":26,"tested":182},{"age_group":"20-29   ","count":18,"tested":204},{"age_group":"30-39   ","count":23,"tested":202},{"age_group":"40-49   ","count":20,"tested":119},{"age_group":"50-59   ","count":22,"tested":158},{"age_group":"60-69   ","count":16,"tested":161},{"age_group":"70-79   ","count":10,"tested":106}],"race":[{"description":"Hispanic","count":16,"tested":40,"color":"rgb(214,39,40)"},{"description":"White","count":103,"tested":575,"color":"rgb(31,119,180)"},{"description":"Left Blank","count":8,"tested":514,"color":"rgb(44,160,44)"}],"gender":[]}
