{"age":[{"age_group":"<20","count":537,"tested":7657},{"age_group":"20-29   ","count":657,"tested":11399},{"age_group":"30-39   ","count":707,"tested":12603},{"age_group":"40-49   ","count":592,"tested":10706},{"age_group":"50-59   ","count":485,"tested":10461},{"age_group":"60-69   ","count":361,"tested":8170},{"age_group":"70-79   ","count":162,"tested":3096},{"age_group":"80+","count":84,"tested":1475}],"race":[{"description":"Black","count":2166,"tested":26631,"color":"rgb(255,127,14)"},{"description":"White","count":94,"tested":1861,"color":"rgb(31,119,180)"},{"description":"Other","count":71,"tested":1062,"color":"rgb(148,103,189)"},{"description":"Left Blank","count":703,"tested":32968,"color":"rgb(44,160,44)"},{"description":"Hispanic","count":409,"tested":2865,"color":"rgb(214,39,40)"},{"description":"Asian","count":10,"tested":148,"color":"rgb(140,86,75)"}],"gender":[]}
