{"age":[{"age_group":"<20","count":406,"tested":5366},{"age_group":"20-29   ","count":464,"tested":8682},{"age_group":"30-39   ","count":650,"tested":11349},{"age_group":"40-49   ","count":465,"tested":10020},{"age_group":"50-59   ","count":384,"tested":9511},{"age_group":"60-69   ","count":296,"tested":9137},{"age_group":"70-79   ","count":154,"tested":5091},{"age_group":"80+","count":89,"tested":2831}],"race":[{"description":"Left Blank","count":602,"tested":23778,"color":"rgb(44,160,44)"},{"description":"Black","count":1989,"tested":32987,"color":"rgb(255,127,14)"},{"description":"White","count":85,"tested":2279,"color":"rgb(31,119,180)"},{"description":"Other","count":53,"tested":1201,"color":"rgb(148,103,189)"},{"description":"Asian","count":18,"tested":419,"color":"rgb(140,86,75)"},{"description":"Hispanic","count":76,"tested":1222,"color":"rgb(214,39,40)"}],"gender":[]}
