{"age":[{"age_group":"<20","count":592,"tested":17728},{"age_group":"20-29   ","count":2805,"tested":54419},{"age_group":"30-39   ","count":1164,"tested":34935},{"age_group":"40-49   ","count":535,"tested":16908},{"age_group":"50-59   ","count":405,"tested":15383},{"age_group":"60-69   ","count":255,"tested":12483},{"age_group":"70-79   ","count":199,"tested":9030},{"age_group":"80+","count":191,"tested":7773}],"race":[{"description":"Hispanic","count":317,"tested":4462,"color":"rgb(214,39,40)"},{"description":"Asian","count":139,"tested":4760,"color":"rgb(140,86,75)"},{"description":"Other","count":396,"tested":8612,"color":"rgb(148,103,189)"},{"description":"White","count":3079,"tested":63039,"color":"rgb(31,119,180)"},{"description":"Left Blank","count":1459,"tested":82310,"color":"rgb(44,160,44)"},{"description":"Black","count":262,"tested":5391,"color":"rgb(255,127,14)"},{"description":"AI/AN**","count":6,"tested":75,"color":"rgb(31,119,180)"}],"gender":[]}
