{"age":[{"age_group":"<20","count":241,"tested":2289},{"age_group":"20-29   ","count":243,"tested":3325},{"age_group":"30-39   ","count":152,"tested":3269},{"age_group":"40-49   ","count":227,"tested":3596},{"age_group":"50-59   ","count":248,"tested":4828},{"age_group":"60-69   ","count":175,"tested":4173},{"age_group":"70-79   ","count":98,"tested":5853},{"age_group":"80+","count":114,"tested":8493}],"race":[{"description":"Hispanic","count":46,"tested":730,"color":"rgb(214,39,40)"},{"description":"Asian","count":12,"tested":126,"color":"rgb(140,86,75)"},{"description":"White","count":852,"tested":24804,"color":"rgb(31,119,180)"},{"description":"Left Blank","count":388,"tested":7273,"color":"rgb(44,160,44)"},{"description":"Other","count":44,"tested":591,"color":"rgb(148,103,189)"},{"description":"Black","count":33,"tested":2275,"color":"rgb(255,127,14)"}],"gender":[]}
