{"age":[{"age_group":"<20","count":101,"tested":1076},{"age_group":"20-29   ","count":143,"tested":1980},{"age_group":"30-39   ","count":117,"tested":1628},{"age_group":"40-49   ","count":113,"tested":1950},{"age_group":"50-59   ","count":93,"tested":1384},{"age_group":"60-69   ","count":50,"tested":986},{"age_group":"70-79   ","count":29,"tested":396},{"age_group":"80+","count":11,"tested":186}],"race":[{"description":"Left Blank","count":161,"tested":3335,"color":"rgb(44,160,44)"},{"description":"White","count":17,"tested":237,"color":"rgb(31,119,180)"},{"description":"Black","count":414,"tested":5619,"color":"rgb(255,127,14)"},{"description":"Hispanic","count":12,"tested":187,"color":"rgb(214,39,40)"},{"description":"Other","count":12,"tested":188,"color":"rgb(148,103,189)"}],"gender":[]}
