{"age":[{"age_group":"<20","count":116,"tested":1781},{"age_group":"20-29   ","count":99,"tested":2058},{"age_group":"30-39   ","count":105,"tested":2055},{"age_group":"40-49   ","count":117,"tested":2414},{"age_group":"50-59   ","count":104,"tested":2195},{"age_group":"60-69   ","count":55,"tested":1864},{"age_group":"70-79   ","count":33,"tested":1318},{"age_group":"80+","count":47,"tested":1428}],"race":[{"description":"Black","count":11,"tested":266,"color":"rgb(255,127,14)"},{"description":"Hispanic","count":353,"tested":3211,"color":"rgb(214,39,40)"},{"description":"Left Blank","count":114,"tested":8602,"color":"rgb(44,160,44)"},{"description":"Other","count":45,"tested":490,"color":"rgb(148,103,189)"},{"description":"White","count":149,"tested":2254,"color":"rgb(31,119,180)"}],"gender":[]}
