{"age":[{"age_group":"<20","count":900,"tested":7545},{"age_group":"20-29   ","count":804,"tested":7783},{"age_group":"30-39   ","count":701,"tested":6388},{"age_group":"40-49   ","count":757,"tested":6405},{"age_group":"50-59   ","count":709,"tested":6579},{"age_group":"60-69   ","count":416,"tested":4966},{"age_group":"70-79   ","count":241,"tested":3788},{"age_group":"80+","count":157,"tested":4233}],"race":[{"description":"Black","count":100,"tested":798,"color":"rgb(255,127,14)"},{"description":"Hispanic","count":1850,"tested":5157,"color":"rgb(214,39,40)"},{"description":"White","count":2117,"tested":16937,"color":"rgb(31,119,180)"},{"description":"Other","count":56,"tested":632,"color":"rgb(148,103,189)"},{"description":"Left Blank","count":362,"tested":23888,"color":"rgb(44,160,44)"},{"description":"AI/AN**","count":7,"tested":45,"color":"rgb(31,119,180)"},{"description":"Asian","count":32,"tested":227,"color":"rgb(140,86,75)"}],"gender":[]}
