{"age":[{"age_group":"<20","count":27,"tested":377},{"age_group":"20-29   ","count":17,"tested":151},{"age_group":"30-39   ","count":22,"tested":249},{"age_group":"40-49   ","count":23,"tested":249},{"age_group":"50-59   ","count":34,"tested":307},{"age_group":"60-69   ","count":26,"tested":188},{"age_group":"70-79   ","count":10,"tested":122}],"race":[{"description":"White","count":74,"tested":880,"color":"rgb(31,119,180)"},{"description":"Left Blank","count":72,"tested":794,"color":"rgb(44,160,44)"}],"gender":[]}
