{"age":[{"age_group":"<20","count":50,"tested":488},{"age_group":"20-29   ","count":57,"tested":710},{"age_group":"30-39   ","count":45,"tested":599},{"age_group":"40-49   ","count":47,"tested":455},{"age_group":"50-59   ","count":60,"tested":701},{"age_group":"60-69   ","count":43,"tested":550},{"age_group":"70-79   ","count":24,"tested":387},{"age_group":"80+","count":9,"tested":181}],"race":[{"description":"Asian","count":7,"tested":36,"color":"rgb(140,86,75)"},{"description":"Hispanic","count":23,"tested":124,"color":"rgb(214,39,40)"},{"description":"Left Blank","count":118,"tested":1284,"color":"rgb(44,160,44)"},{"description":"Other","count":6,"tested":66,"color":"rgb(148,103,189)"},{"description":"White","count":179,"tested":2532,"color":"rgb(31,119,180)"}],"gender":[]}
