{"age":[{"age_group":"<20","count":584,"tested":7121},{"age_group":"20-29   ","count":744,"tested":7148},{"age_group":"30-39   ","count":671,"tested":7025},{"age_group":"40-49   ","count":651,"tested":6693},{"age_group":"50-59   ","count":676,"tested":7162},{"age_group":"60-69   ","count":337,"tested":4558},{"age_group":"70-79   ","count":167,"tested":2571},{"age_group":"80+","count":63,"tested":1161}],"race":[{"description":"Asian","count":14,"tested":362,"color":"rgb(140,86,75)"},{"description":"Left Blank","count":903,"tested":16906,"color":"rgb(44,160,44)"},{"description":"Black","count":147,"tested":1560,"color":"rgb(255,127,14)"},{"description":"White","count":1491,"tested":20625,"color":"rgb(31,119,180)"},{"description":"Hispanic","count":281,"tested":2320,"color":"rgb(214,39,40)"},{"description":"AI/AN**","count":10,"tested":66,"color":"rgb(31,119,180)"},{"description":"Other","count":107,"tested":1579,"color":"rgb(148,103,189)"}],"gender":[]}
