{"age":[{"age_group":"<20","count":506,"tested":5758},{"age_group":"20-29   ","count":511,"tested":7006},{"age_group":"30-39   ","count":474,"tested":6640},{"age_group":"40-49   ","count":388,"tested":5027},{"age_group":"50-59   ","count":490,"tested":6956},{"age_group":"60-69   ","count":404,"tested":6596},{"age_group":"70-79   ","count":231,"tested":4155},{"age_group":"80+","count":235,"tested":7619}],"race":[{"description":"Other","count":42,"tested":800,"color":"rgb(148,103,189)"},{"description":"White","count":1808,"tested":22012,"color":"rgb(31,119,180)"},{"description":"Black","count":303,"tested":3459,"color":"rgb(255,127,14)"},{"description":"Asian","count":17,"tested":151,"color":"rgb(140,86,75)"},{"description":"Left Blank","count":748,"tested":22497,"color":"rgb(44,160,44)"},{"description":"Hispanic","count":130,"tested":792,"color":"rgb(214,39,40)"}],"gender":[]}
