{"age":[{"age_group":"<20","count":199,"tested":2094},{"age_group":"20-29   ","count":155,"tested":1616},{"age_group":"30-39   ","count":148,"tested":1897},{"age_group":"40-49   ","count":153,"tested":1624},{"age_group":"50-59   ","count":159,"tested":1919},{"age_group":"60-69   ","count":98,"tested":1203},{"age_group":"70-79   ","count":73,"tested":1050},{"age_group":"80+","count":61,"tested":1043}],"race":[{"description":"Hispanic","count":27,"tested":169,"color":"rgb(214,39,40)"},{"description":"White","count":528,"tested":5102,"color":"rgb(31,119,180)"},{"description":"Left Blank","count":414,"tested":6902,"color":"rgb(44,160,44)"}],"gender":[]}
