{"age":[{"age_group":"<20","count":332,"tested":2745},{"age_group":"20-29   ","count":388,"tested":5165},{"age_group":"30-39   ","count":362,"tested":4343},{"age_group":"40-49   ","count":338,"tested":4563},{"age_group":"50-59   ","count":307,"tested":4877},{"age_group":"60-69   ","count":214,"tested":5789},{"age_group":"70-79   ","count":91,"tested":3001},{"age_group":"80+","count":47,"tested":1994}],"race":[{"description":"Asian","count":11,"tested":209,"color":"rgb(140,86,75)"},{"description":"Left Blank","count":762,"tested":19532,"color":"rgb(44,160,44)"},{"description":"White","count":532,"tested":6767,"color":"rgb(31,119,180)"},{"description":"Black","count":156,"tested":2314,"color":"rgb(255,127,14)"},{"description":"Other","count":42,"tested":635,"color":"rgb(148,103,189)"},{"description":"Hispanic","count":385,"tested":2961,"color":"rgb(214,39,40)"}],"gender":[]}
