{"age":[{"age_group":"<20","count":108,"tested":1019},{"age_group":"20-29   ","count":100,"tested":1180},{"age_group":"30-39   ","count":95,"tested":1169},{"age_group":"40-49   ","count":83,"tested":983},{"age_group":"50-59   ","count":57,"tested":726},{"age_group":"60-69   ","count":25,"tested":463},{"age_group":"70-79   ","count":9,"tested":194}],"race":[{"description":"Black","count":38,"tested":311,"color":"rgb(255,127,14)"},{"description":"Hispanic","count":101,"tested":561,"color":"rgb(214,39,40)"},{"description":"Left Blank","count":114,"tested":2271,"color":"rgb(44,160,44)"},{"description":"Other","count":7,"tested":149,"color":"rgb(148,103,189)"},{"description":"White","count":217,"tested":2417,"color":"rgb(31,119,180)"}],"gender":[]}
