{"age":[{"age_group":"<20","count":433,"tested":3697},{"age_group":"20-29   ","count":480,"tested":5833},{"age_group":"30-39   ","count":473,"tested":5494},{"age_group":"40-49   ","count":477,"tested":5137},{"age_group":"50-59   ","count":391,"tested":5147},{"age_group":"60-69   ","count":231,"tested":3775},{"age_group":"70-79   ","count":96,"tested":1916},{"age_group":"80+","count":65,"tested":2782}],"race":[{"description":"Asian","count":53,"tested":709,"color":"rgb(140,86,75)"},{"description":"Black","count":25,"tested":340,"color":"rgb(255,127,14)"},{"description":"Hispanic","count":1124,"tested":6931,"color":"rgb(214,39,40)"},{"description":"Left Blank","count":589,"tested":17273,"color":"rgb(44,160,44)"},{"description":"NH/PI*","count":7,"tested":38,"color":"rgb(127,127,127)"},{"description":"Other","count":89,"tested":1170,"color":"rgb(148,103,189)"},{"description":"White","count":758,"tested":7304,"color":"rgb(31,119,180)"}],"gender":[]}
