{"age":[{"age_group":"<20","count":32,"tested":371},{"age_group":"20-29   ","count":28,"tested":347},{"age_group":"30-39   ","count":23,"tested":323},{"age_group":"40-49   ","count":24,"tested":262},{"age_group":"50-59   ","count":14,"tested":228},{"age_group":"60-69   ","count":11,"tested":206},{"age_group":"80+","count":6,"tested":74}],"race":[{"description":"White","count":75,"tested":1141,"color":"rgb(31,119,180)"},{"description":"Left Blank","count":35,"tested":584,"color":"rgb(44,160,44)"},{"description":"Hispanic","count":16,"tested":113,"color":"rgb(214,39,40)"}],"gender":[]}
