{"age":[{"age_group":"<20","count":822,"tested":18029},{"age_group":"20-29   ","count":1479,"tested":29016},{"age_group":"30-39   ","count":634,"tested":9627},{"age_group":"40-49   ","count":513,"tested":6375},{"age_group":"50-59   ","count":418,"tested":6999},{"age_group":"60-69   ","count":286,"tested":5873},{"age_group":"70-79   ","count":175,"tested":4355},{"age_group":"80+","count":211,"tested":8424}],"race":[{"description":"Asian","count":75,"tested":1789,"color":"rgb(140,86,75)"},{"description":"Black","count":657,"tested":10724,"color":"rgb(255,127,14)"},{"description":"Hispanic","count":819,"tested":6322,"color":"rgb(214,39,40)"},{"description":"Left Blank","count":1018,"tested":36602,"color":"rgb(44,160,44)"},{"description":"Other","count":53,"tested":882,"color":"rgb(148,103,189)"},{"description":"White","count":1912,"tested":32272,"color":"rgb(31,119,180)"}],"gender":[]}
