{"lastUpdatedDate":{"year":2021,"month":1,"day":15},"county_demographics":[{"County":"Fayette","confirmed_cases":2885,"total_tested":20317,"demographics":{"age":[{"race":[],"age_group":"<20","count":332,"tested":2363,"deaths":0},{"race":[],"age_group":"20-29   ","count":432,"tested":2971,"deaths":0},{"race":[],"age_group":"30-39   ","count":412,"tested":2983,"deaths":0},{"race":[],"age_group":"40-49   ","count":447,"tested":3050,"deaths":0},{"race":[],"age_group":"50-59   ","count":439,"tested":2931,"deaths":0},{"race":[],"age_group":"60-69   ","count":366,"tested":2587,"deaths":0},{"race":[],"age_group":"70-79   ","count":245,"tested":1526,"deaths":0},{"race":[],"age_group":"80+","count":141,"tested":1430,"deaths":0},{"race":[],"age_group":"Unknown","count":71,"tested":476,"deaths":0}],"race":[{"description":"AI/AN**","count":0,"tested":0,"deaths":0,"color":"rgb(31,119,180)"},{"description":"Asian","count":6,"tested":10,"deaths":0,"color":"rgb(140,86,75)"},{"description":"Black","count":131,"tested":359,"deaths":0,"color":"rgb(255,127,14)"},{"description":"Hispanic","count":25,"tested":83,"deaths":0,"color":"rgb(214,39,40)"},{"description":"Left Blank","count":909,"tested":11176,"deaths":0,"color":"rgb(44,160,44)"},{"description":"NH/PI*","count":0,"tested":0,"deaths":0,"color":"rgb(127,127,127)"},{"description":"Other","count":64,"tested":1226,"deaths":0,"color":"rgb(148,103,189)"},{"description":"White","count":1743,"tested":7455,"deaths":0,"color":"rgb(31,119,180)"}],"gender":[{"description":"Female","count":1311,"tested":11417,"deaths":0,"color":"rgb(255,127,14)"},{"description":"Male","count":1513,"tested":6815,"deaths":0,"color":"rgb(31,119,180)"},{"description":"Unknown/Left Blank","count":61,"tested":2085,"deaths":0,"color":"rgb(44,160,44)"}]}}]}
