{"lastUpdatedDate":{"year":2021,"month":1,"day":15},"county_demographics":[{"County":"Kendall","confirmed_cases":9514,"total_tested":88842,"demographics":{"age":[{"race":[],"age_group":"<20","count":1626,"tested":14591,"deaths":0},{"race":[],"age_group":"20-29   ","count":1699,"tested":14731,"deaths":0},{"race":[],"age_group":"30-39   ","count":1726,"tested":15356,"deaths":0},{"race":[],"age_group":"40-49   ","count":1832,"tested":15275,"deaths":0},{"race":[],"age_group":"50-59   ","count":1376,"tested":12534,"deaths":0},{"race":[],"age_group":"60-69   ","count":702,"tested":8007,"deaths":0},{"race":[],"age_group":"70-79   ","count":351,"tested":4741,"deaths":0},{"race":[],"age_group":"80+","count":195,"tested":3581,"deaths":0},{"race":[],"age_group":"Unknown","count":0,"tested":26,"deaths":0}],"race":[{"description":"AI/AN**","count":9,"tested":69,"deaths":0,"color":"rgb(31,119,180)"},{"description":"Asian","count":145,"tested":1500,"deaths":0,"color":"rgb(140,86,75)"},{"description":"Black","count":530,"tested":4532,"deaths":0,"color":"rgb(255,127,14)"},{"description":"Hispanic","count":2138,"tested":9853,"deaths":0,"color":"rgb(214,39,40)"},{"description":"Left Blank","count":2718,"tested":36492,"deaths":0,"color":"rgb(44,160,44)"},{"description":"NH/PI*","count":0,"tested":48,"deaths":0,"color":"rgb(127,127,127)"},{"description":"Other","count":252,"tested":2934,"deaths":0,"color":"rgb(148,103,189)"},{"description":"White","count":3716,"tested":33414,"deaths":0,"color":"rgb(31,119,180)"}],"gender":[{"description":"Female","count":5029,"tested":51032,"deaths":0,"color":"rgb(255,127,14)"},{"description":"Male","count":4448,"tested":36377,"deaths":0,"color":"rgb(31,119,180)"},{"description":"Unknown/Left Blank","count":37,"tested":1433,"deaths":0,"color":"rgb(44,160,44)"}]}}]}
