{"lastUpdatedDate":{"year":2021,"month":1,"day":15},"county_demographics":[{"County":"Douglas","confirmed_cases":1986,"total_tested":21678,"demographics":{"age":[{"race":[],"age_group":"<20","count":394,"tested":4289,"deaths":0},{"race":[],"age_group":"20-29   ","count":286,"tested":3306,"deaths":0},{"race":[],"age_group":"30-39   ","count":269,"tested":2744,"deaths":0},{"race":[],"age_group":"40-49   ","count":292,"tested":2893,"deaths":0},{"race":[],"age_group":"50-59   ","count":267,"tested":2386,"deaths":0},{"race":[],"age_group":"60-69   ","count":239,"tested":2787,"deaths":0},{"race":[],"age_group":"70-79   ","count":104,"tested":1572,"deaths":0},{"race":[],"age_group":"80+","count":109,"tested":1694,"deaths":0},{"race":[],"age_group":"Unknown","count":0,"tested":7,"deaths":0}],"race":[{"description":"AI/AN**","count":0,"tested":12,"deaths":0,"color":"rgb(31,119,180)"},{"description":"Asian","count":7,"tested":60,"deaths":0,"color":"rgb(140,86,75)"},{"description":"Black","count":6,"tested":132,"deaths":0,"color":"rgb(255,127,14)"},{"description":"Hispanic","count":274,"tested":1192,"deaths":0,"color":"rgb(214,39,40)"},{"description":"Left Blank","count":353,"tested":4240,"deaths":0,"color":"rgb(44,160,44)"},{"description":"NH/PI*","count":0,"tested":22,"deaths":0,"color":"rgb(127,127,127)"},{"description":"Other","count":62,"tested":585,"deaths":0,"color":"rgb(148,103,189)"},{"description":"White","count":1276,"tested":15435,"deaths":0,"color":"rgb(31,119,180)"}],"gender":[{"description":"Female","count":992,"tested":12752,"deaths":0,"color":"rgb(255,127,14)"},{"description":"Male","count":976,"tested":8785,"deaths":0,"color":"rgb(31,119,180)"},{"description":"Unknown/Left Blank","count":16,"tested":141,"deaths":0,"color":"rgb(44,160,44)"}]}}]}
