{"lastUpdatedDate":{"year":2021,"month":1,"day":15},"county_demographics":[{"County":"Greene","confirmed_cases":1249,"total_tested":10332,"demographics":{"age":[{"race":[],"age_group":"<20","count":136,"tested":1355,"deaths":0},{"race":[],"age_group":"20-29   ","count":163,"tested":1474,"deaths":0},{"race":[],"age_group":"30-39   ","count":171,"tested":1560,"deaths":0},{"race":[],"age_group":"40-49   ","count":166,"tested":1403,"deaths":0},{"race":[],"age_group":"50-59   ","count":222,"tested":1630,"deaths":0},{"race":[],"age_group":"60-69   ","count":156,"tested":1241,"deaths":0},{"race":[],"age_group":"70-79   ","count":126,"tested":864,"deaths":0},{"race":[],"age_group":"80+","count":97,"tested":804,"deaths":0},{"race":[],"age_group":"Unknown","count":9,"tested":0,"deaths":0}],"race":[{"description":"AI/AN**","count":0,"tested":0,"deaths":0,"color":"rgb(31,119,180)"},{"description":"Asian","count":0,"tested":7,"deaths":0,"color":"rgb(140,86,75)"},{"description":"Black","count":0,"tested":36,"deaths":0,"color":"rgb(255,127,14)"},{"description":"Hispanic","count":0,"tested":15,"deaths":0,"color":"rgb(214,39,40)"},{"description":"Left Blank","count":579,"tested":5618,"deaths":0,"color":"rgb(44,160,44)"},{"description":"NH/PI*","count":0,"tested":0,"deaths":0,"color":"rgb(127,127,127)"},{"description":"Other","count":7,"tested":66,"deaths":0,"color":"rgb(148,103,189)"},{"description":"White","count":661,"tested":4585,"deaths":0,"color":"rgb(31,119,180)"}],"gender":[{"description":"Female","count":644,"tested":6236,"deaths":0,"color":"rgb(255,127,14)"},{"description":"Male","count":495,"tested":3409,"deaths":0,"color":"rgb(31,119,180)"},{"description":"Unknown/Left Blank","count":110,"tested":687,"deaths":0,"color":"rgb(44,160,44)"}]}}]}
