{"lastUpdatedDate":{"year":2021,"month":1,"day":15},"county_demographics":[{"County":"Madison","confirmed_cases":23853,"total_tested":213707,"demographics":{"age":[{"race":[],"age_group":"<20","count":3479,"tested":26007,"deaths":0},{"race":[],"age_group":"20-29   ","count":4182,"tested":35395,"deaths":0},{"race":[],"age_group":"30-39   ","count":3664,"tested":32251,"deaths":0},{"race":[],"age_group":"40-49   ","count":3456,"tested":27952,"deaths":0},{"race":[],"age_group":"50-59   ","count":3522,"tested":29899,"deaths":0},{"race":[],"age_group":"60-69   ","count":2767,"tested":26295,"deaths":0},{"race":[],"age_group":"70-79   ","count":1578,"tested":16343,"deaths":0},{"race":[],"age_group":"80+","count":1188,"tested":19324,"deaths":0},{"race":[],"age_group":"Unknown","count":16,"tested":241,"deaths":0}],"race":[{"description":"AI/AN**","count":21,"tested":124,"deaths":0,"color":"rgb(31,119,180)"},{"description":"Asian","count":78,"tested":610,"deaths":0,"color":"rgb(140,86,75)"},{"description":"Black","count":1569,"tested":9635,"deaths":0,"color":"rgb(255,127,14)"},{"description":"Hispanic","count":464,"tested":1971,"deaths":0,"color":"rgb(214,39,40)"},{"description":"Left Blank","count":7702,"tested":105862,"deaths":0,"color":"rgb(44,160,44)"},{"description":"NH/PI*","count":8,"tested":75,"deaths":0,"color":"rgb(127,127,127)"},{"description":"Other","count":886,"tested":8588,"deaths":0,"color":"rgb(148,103,189)"},{"description":"White","count":13122,"tested":86842,"deaths":0,"color":"rgb(31,119,180)"}],"gender":[{"description":"Female","count":12756,"tested":129934,"deaths":0,"color":"rgb(255,127,14)"},{"description":"Male","count":10481,"tested":79359,"deaths":0,"color":"rgb(31,119,180)"},{"description":"Unknown/Left Blank","count":616,"tested":4414,"deaths":0,"color":"rgb(44,160,44)"}]}}]}
