{"lastUpdatedDate":{"year":2021,"month":1,"day":15},"county_demographics":[{"County":"Mason","confirmed_cases":1155,"total_tested":14645,"demographics":{"age":[{"race":[],"age_group":"<20","count":189,"tested":2211,"deaths":0},{"race":[],"age_group":"20-29   ","count":120,"tested":1966,"deaths":0},{"race":[],"age_group":"30-39   ","count":161,"tested":2235,"deaths":0},{"race":[],"age_group":"40-49   ","count":164,"tested":2286,"deaths":0},{"race":[],"age_group":"50-59   ","count":166,"tested":2115,"deaths":0},{"race":[],"age_group":"60-69   ","count":149,"tested":1627,"deaths":0},{"race":[],"age_group":"70-79   ","count":111,"tested":1046,"deaths":0},{"race":[],"age_group":"80+","count":88,"tested":1159,"deaths":0},{"race":[],"age_group":"Unknown","count":0,"tested":0,"deaths":0}],"race":[{"description":"AI/AN**","count":0,"tested":0,"deaths":0,"color":"rgb(31,119,180)"},{"description":"Asian","count":0,"tested":12,"deaths":0,"color":"rgb(140,86,75)"},{"description":"Black","count":0,"tested":34,"deaths":0,"color":"rgb(255,127,14)"},{"description":"Hispanic","count":7,"tested":25,"deaths":0,"color":"rgb(214,39,40)"},{"description":"Left Blank","count":438,"tested":5839,"deaths":0,"color":"rgb(44,160,44)"},{"description":"Other","count":7,"tested":119,"deaths":0,"color":"rgb(148,103,189)"},{"description":"White","count":699,"tested":8613,"deaths":0,"color":"rgb(31,119,180)"}],"gender":[{"description":"Female","count":646,"tested":8984,"deaths":0,"color":"rgb(255,127,14)"},{"description":"Male","count":465,"tested":4926,"deaths":0,"color":"rgb(31,119,180)"},{"description":"Unknown/Left Blank","count":44,"tested":735,"deaths":0,"color":"rgb(44,160,44)"}]}}]}
