{"lastUpdatedDate":{"year":2021,"month":1,"day":15},"county_demographics":[{"County":"McLean","confirmed_cases":13013,"total_tested":203513,"demographics":{"age":[{"race":[],"age_group":"<20","count":2538,"tested":38110,"deaths":0},{"race":[],"age_group":"20-29   ","count":3693,"tested":53233,"deaths":0},{"race":[],"age_group":"30-39   ","count":1647,"tested":27055,"deaths":0},{"race":[],"age_group":"40-49   ","count":1539,"tested":22383,"deaths":0},{"race":[],"age_group":"50-59   ","count":1481,"tested":22597,"deaths":0},{"race":[],"age_group":"60-69   ","count":1060,"tested":17913,"deaths":0},{"race":[],"age_group":"70-79   ","count":568,"tested":10543,"deaths":0},{"race":[],"age_group":"80+","count":486,"tested":11654,"deaths":0},{"race":[],"age_group":"Unknown","count":0,"tested":25,"deaths":0}],"race":[{"description":"AI/AN**","count":0,"tested":98,"deaths":0,"color":"rgb(31,119,180)"},{"description":"Asian","count":151,"tested":1027,"deaths":0,"color":"rgb(140,86,75)"},{"description":"Black","count":832,"tested":5731,"deaths":0,"color":"rgb(255,127,14)"},{"description":"Hispanic","count":604,"tested":1797,"deaths":0,"color":"rgb(214,39,40)"},{"description":"Left Blank","count":4879,"tested":142787,"deaths":0,"color":"rgb(44,160,44)"},{"description":"NH/PI*","count":0,"tested":47,"deaths":0,"color":"rgb(127,127,127)"},{"description":"Other","count":167,"tested":2013,"deaths":0,"color":"rgb(148,103,189)"},{"description":"White","count":6368,"tested":50013,"deaths":0,"color":"rgb(31,119,180)"}],"gender":[{"description":"Female","count":6961,"tested":108678,"deaths":0,"color":"rgb(255,127,14)"},{"description":"Male","count":5832,"tested":76202,"deaths":0,"color":"rgb(31,119,180)"},{"description":"Unknown/Left Blank","count":220,"tested":18633,"deaths":0,"color":"rgb(44,160,44)"}]}}]}
