{"lastUpdatedDate":{"year":2021,"month":1,"day":15},"county_demographics":[{"County":"Henry","confirmed_cases":3976,"total_tested":48170,"demographics":{"age":[{"race":[],"age_group":"<20","count":589,"tested":5398,"deaths":0},{"race":[],"age_group":"20-29   ","count":565,"tested":6630,"deaths":0},{"race":[],"age_group":"30-39   ","count":571,"tested":7012,"deaths":0},{"race":[],"age_group":"40-49   ","count":588,"tested":6795,"deaths":0},{"race":[],"age_group":"50-59   ","count":640,"tested":7928,"deaths":0},{"race":[],"age_group":"60-69   ","count":486,"tested":6001,"deaths":0},{"race":[],"age_group":"70-79   ","count":275,"tested":3691,"deaths":0},{"race":[],"age_group":"80+","count":256,"tested":4558,"deaths":0},{"race":[],"age_group":"Unknown","count":0,"tested":157,"deaths":0}],"race":[{"description":"AI/AN**","count":0,"tested":10,"deaths":0,"color":"rgb(31,119,180)"},{"description":"Asian","count":0,"tested":44,"deaths":0,"color":"rgb(140,86,75)"},{"description":"Black","count":51,"tested":489,"deaths":0,"color":"rgb(255,127,14)"},{"description":"Hispanic","count":136,"tested":764,"deaths":0,"color":"rgb(214,39,40)"},{"description":"Left Blank","count":1671,"tested":28241,"deaths":0,"color":"rgb(44,160,44)"},{"description":"NH/PI*","count":0,"tested":11,"deaths":0,"color":"rgb(127,127,127)"},{"description":"Other","count":91,"tested":588,"deaths":0,"color":"rgb(148,103,189)"},{"description":"White","count":2021,"tested":18023,"deaths":0,"color":"rgb(31,119,180)"}],"gender":[{"description":"Female","count":2187,"tested":29030,"deaths":0,"color":"rgb(255,127,14)"},{"description":"Male","count":1750,"tested":16163,"deaths":0,"color":"rgb(31,119,180)"},{"description":"Unknown/Left Blank","count":35,"tested":2977,"deaths":0,"color":"rgb(44,160,44)"}]}}]}
