{"lastUpdatedDate":{"year":2021,"month":1,"day":15},"county_demographics":[{"County":"Menard","confirmed_cases":853,"total_tested":13100,"demographics":{"age":[{"race":[],"age_group":"<20","count":116,"tested":1856,"deaths":0},{"race":[],"age_group":"20-29   ","count":114,"tested":1768,"deaths":0},{"race":[],"age_group":"30-39   ","count":123,"tested":1983,"deaths":0},{"race":[],"age_group":"40-49   ","count":120,"tested":1746,"deaths":0},{"race":[],"age_group":"50-59   ","count":153,"tested":2003,"deaths":0},{"race":[],"age_group":"60-69   ","count":87,"tested":1646,"deaths":0},{"race":[],"age_group":"70-79   ","count":66,"tested":1128,"deaths":0},{"race":[],"age_group":"80+","count":74,"tested":969,"deaths":0},{"race":[],"age_group":"Unknown","count":0,"tested":0,"deaths":0}],"race":[{"description":"AI/AN**","count":0,"tested":8,"deaths":0,"color":"rgb(31,119,180)"},{"description":"Asian","count":0,"tested":8,"deaths":0,"color":"rgb(140,86,75)"},{"description":"Black","count":0,"tested":56,"deaths":0,"color":"rgb(255,127,14)"},{"description":"Hispanic","count":0,"tested":68,"deaths":0,"color":"rgb(214,39,40)"},{"description":"Left Blank","count":437,"tested":5730,"deaths":0,"color":"rgb(44,160,44)"},{"description":"NH/PI*","count":0,"tested":0,"deaths":0,"color":"rgb(127,127,127)"},{"description":"Other","count":0,"tested":113,"deaths":0,"color":"rgb(148,103,189)"},{"description":"White","count":403,"tested":7115,"deaths":0,"color":"rgb(31,119,180)"}],"gender":[{"description":"Female","count":405,"tested":7736,"deaths":0,"color":"rgb(255,127,14)"},{"description":"Male","count":344,"tested":4832,"deaths":0,"color":"rgb(31,119,180)"},{"description":"Unknown/Left Blank","count":104,"tested":532,"deaths":0,"color":"rgb(44,160,44)"}]}}]}
