{"lastUpdatedDate":{"year":2021,"month":1,"day":21},"county_demographics":[{"County":"Clinton","confirmed_cases":5107,"total_tested":43626,"demographics":{"age":[{"race":[],"age_group":"<20","count":742,"tested":5590,"deaths":0},{"race":[],"age_group":"20-29   ","count":808,"tested":6820,"deaths":0},{"race":[],"age_group":"30-39   ","count":783,"tested":6321,"deaths":0},{"race":[],"age_group":"40-49   ","count":684,"tested":5765,"deaths":0},{"race":[],"age_group":"50-59   ","count":792,"tested":6801,"deaths":0},{"race":[],"age_group":"60-69   ","count":649,"tested":5652,"deaths":0},{"race":[],"age_group":"70-79   ","count":318,"tested":2901,"deaths":0},{"race":[],"age_group":"80+","count":319,"tested":3621,"deaths":0},{"race":[],"age_group":"Unknown","count":12,"tested":155,"deaths":0}],"race":[{"description":"AI/AN**","count":0,"tested":13,"deaths":0,"color":"rgb(31,119,180)"},{"description":"Asian","count":0,"tested":62,"deaths":0,"color":"rgb(140,86,75)"},{"description":"Black","count":85,"tested":1100,"deaths":0,"color":"rgb(255,127,14)"},{"description":"Hispanic","count":58,"tested":272,"deaths":0,"color":"rgb(214,39,40)"},{"description":"Left Blank","count":2249,"tested":21225,"deaths":0,"color":"rgb(44,160,44)"},{"description":"NH/PI*","count":0,"tested":16,"deaths":0,"color":"rgb(127,127,127)"},{"description":"Other","count":101,"tested":626,"deaths":0,"color":"rgb(148,103,189)"},{"description":"White","count":2601,"tested":20312,"deaths":0,"color":"rgb(31,119,180)"}],"gender":[{"description":"Female","count":2688,"tested":25307,"deaths":0,"color":"rgb(255,127,14)"},{"description":"Male","count":2326,"tested":16999,"deaths":0,"color":"rgb(31,119,180)"},{"description":"Unknown/Left Blank","count":93,"tested":1320,"deaths":0,"color":"rgb(44,160,44)"}]}}]}
