{"lastUpdatedDate":{"year":2021,"month":1,"day":21},"county_demographics":[{"County":"Fulton","confirmed_cases":2581,"total_tested":52810,"demographics":{"age":[{"race":[],"age_group":"<20","count":421,"tested":4916,"deaths":0},{"race":[],"age_group":"20-29   ","count":416,"tested":7661,"deaths":0},{"race":[],"age_group":"30-39   ","count":350,"tested":8133,"deaths":0},{"race":[],"age_group":"40-49   ","count":397,"tested":7648,"deaths":0},{"race":[],"age_group":"50-59   ","count":346,"tested":7845,"deaths":0},{"race":[],"age_group":"60-69   ","count":296,"tested":5593,"deaths":0},{"race":[],"age_group":"70-79   ","count":185,"tested":3194,"deaths":0},{"race":[],"age_group":"80+","count":151,"tested":3643,"deaths":0},{"race":[],"age_group":"Unknown","count":0,"tested":4177,"deaths":0}],"race":[{"description":"AI/AN**","count":0,"tested":13,"deaths":0,"color":"rgb(31,119,180)"},{"description":"Asian","count":0,"tested":21,"deaths":0,"color":"rgb(140,86,75)"},{"description":"Black","count":92,"tested":505,"deaths":0,"color":"rgb(255,127,14)"},{"description":"Hispanic","count":40,"tested":151,"deaths":0,"color":"rgb(214,39,40)"},{"description":"Left Blank","count":1801,"tested":41975,"deaths":0,"color":"rgb(44,160,44)"},{"description":"NH/PI*","count":0,"tested":0,"deaths":0,"color":"rgb(127,127,127)"},{"description":"Other","count":19,"tested":212,"deaths":0,"color":"rgb(148,103,189)"},{"description":"White","count":621,"tested":9931,"deaths":0,"color":"rgb(31,119,180)"}],"gender":[{"description":"Female","count":1294,"tested":27217,"deaths":0,"color":"rgb(255,127,14)"},{"description":"Male","count":1208,"tested":16061,"deaths":0,"color":"rgb(31,119,180)"},{"description":"Unknown/Left Blank","count":75,"tested":9532,"deaths":0,"color":"rgb(44,160,44)"}]}}]}
