{"lastUpdatedDate":{"year":2021,"month":1,"day":21},"county_demographics":[{"County":"Menard","confirmed_cases":902,"total_tested":13536,"demographics":{"age":[{"race":[],"age_group":"<20","count":131,"tested":1922,"deaths":0},{"race":[],"age_group":"20-29   ","count":122,"tested":1837,"deaths":0},{"race":[],"age_group":"30-39   ","count":127,"tested":2058,"deaths":0},{"race":[],"age_group":"40-49   ","count":132,"tested":1807,"deaths":0},{"race":[],"age_group":"50-59   ","count":158,"tested":2072,"deaths":0},{"race":[],"age_group":"60-69   ","count":90,"tested":1684,"deaths":0},{"race":[],"age_group":"70-79   ","count":67,"tested":1159,"deaths":0},{"race":[],"age_group":"80+","count":75,"tested":996,"deaths":0},{"race":[],"age_group":"Unknown","count":0,"tested":0,"deaths":0}],"race":[{"description":"AI/AN**","count":0,"tested":8,"deaths":0,"color":"rgb(31,119,180)"},{"description":"Asian","count":0,"tested":8,"deaths":0,"color":"rgb(140,86,75)"},{"description":"Black","count":0,"tested":56,"deaths":0,"color":"rgb(255,127,14)"},{"description":"Hispanic","count":0,"tested":70,"deaths":0,"color":"rgb(214,39,40)"},{"description":"Left Blank","count":455,"tested":5902,"deaths":0,"color":"rgb(44,160,44)"},{"description":"NH/PI*","count":0,"tested":0,"deaths":0,"color":"rgb(127,127,127)"},{"description":"Other","count":0,"tested":124,"deaths":0,"color":"rgb(148,103,189)"},{"description":"White","count":433,"tested":7366,"deaths":0,"color":"rgb(31,119,180)"}],"gender":[{"description":"Female","count":431,"tested":7991,"deaths":0,"color":"rgb(255,127,14)"},{"description":"Male","count":359,"tested":4978,"deaths":0,"color":"rgb(31,119,180)"},{"description":"Unknown/Left Blank","count":112,"tested":567,"deaths":0,"color":"rgb(44,160,44)"}]}}]}
