{"lastUpdatedDate":{"year":2021,"month":1,"day":21},"county_demographics":[{"County":"Macoupin","confirmed_cases":3913,"total_tested":51151,"demographics":{"age":[{"race":[],"age_group":"<20","count":596,"tested":6637,"deaths":0},{"race":[],"age_group":"20-29   ","count":538,"tested":7258,"deaths":0},{"race":[],"age_group":"30-39   ","count":568,"tested":7447,"deaths":0},{"race":[],"age_group":"40-49   ","count":566,"tested":6960,"deaths":0},{"race":[],"age_group":"50-59   ","count":567,"tested":7654,"deaths":0},{"race":[],"age_group":"60-69   ","count":515,"tested":6732,"deaths":0},{"race":[],"age_group":"70-79   ","count":311,"tested":3732,"deaths":0},{"race":[],"age_group":"80+","count":250,"tested":4708,"deaths":0},{"race":[],"age_group":"Unknown","count":0,"tested":23,"deaths":0}],"race":[{"description":"AI/AN**","count":0,"tested":19,"deaths":0,"color":"rgb(31,119,180)"},{"description":"Asian","count":0,"tested":97,"deaths":0,"color":"rgb(140,86,75)"},{"description":"Black","count":32,"tested":440,"deaths":0,"color":"rgb(255,127,14)"},{"description":"Hispanic","count":11,"tested":160,"deaths":0,"color":"rgb(214,39,40)"},{"description":"Left Blank","count":1253,"tested":12431,"deaths":0,"color":"rgb(44,160,44)"},{"description":"NH/PI*","count":0,"tested":26,"deaths":0,"color":"rgb(127,127,127)"},{"description":"Other","count":56,"tested":585,"deaths":0,"color":"rgb(148,103,189)"},{"description":"White","count":2547,"tested":37393,"deaths":0,"color":"rgb(31,119,180)"}],"gender":[{"description":"Female","count":2074,"tested":32634,"deaths":0,"color":"rgb(255,127,14)"},{"description":"Male","count":1745,"tested":17411,"deaths":0,"color":"rgb(31,119,180)"},{"description":"Unknown/Left Blank","count":94,"tested":1106,"deaths":0,"color":"rgb(44,160,44)"}]}}]}
