{"lastUpdatedDate":{"year":2021,"month":1,"day":21},"county_demographics":[{"County":"Richland","confirmed_cases":1553,"total_tested":18359,"demographics":{"age":[{"race":[],"age_group":"<20","count":211,"tested":2805,"deaths":0},{"race":[],"age_group":"20-29   ","count":203,"tested":2459,"deaths":0},{"race":[],"age_group":"30-39   ","count":208,"tested":2466,"deaths":0},{"race":[],"age_group":"40-49   ","count":210,"tested":2413,"deaths":0},{"race":[],"age_group":"50-59   ","count":225,"tested":2442,"deaths":0},{"race":[],"age_group":"60-69   ","count":201,"tested":2249,"deaths":0},{"race":[],"age_group":"70-79   ","count":142,"tested":1574,"deaths":0},{"race":[],"age_group":"80+","count":153,"tested":1945,"deaths":0},{"race":[],"age_group":"Unknown","count":0,"tested":6,"deaths":0}],"race":[{"description":"AI/AN**","count":0,"tested":0,"deaths":0,"color":"rgb(31,119,180)"},{"description":"Asian","count":6,"tested":58,"deaths":0,"color":"rgb(140,86,75)"},{"description":"Black","count":12,"tested":130,"deaths":0,"color":"rgb(255,127,14)"},{"description":"Hispanic","count":9,"tested":93,"deaths":0,"color":"rgb(214,39,40)"},{"description":"Left Blank","count":163,"tested":4729,"deaths":0,"color":"rgb(44,160,44)"},{"description":"NH/PI*","count":0,"tested":31,"deaths":0,"color":"rgb(127,127,127)"},{"description":"Other","count":7,"tested":151,"deaths":0,"color":"rgb(148,103,189)"},{"description":"White","count":1353,"tested":13164,"deaths":0,"color":"rgb(31,119,180)"}],"gender":[{"description":"Female","count":886,"tested":11301,"deaths":0,"color":"rgb(255,127,14)"},{"description":"Male","count":651,"tested":6237,"deaths":0,"color":"rgb(31,119,180)"},{"description":"Unknown/Left Blank","count":13,"tested":821,"deaths":0,"color":"rgb(44,160,44)"}]}}]}
