{"lastUpdatedDate":{"year":2021,"month":1,"day":21},"county_demographics":[{"County":"LaSalle","confirmed_cases":9595,"total_tested":110486,"demographics":{"age":[{"race":[],"age_group":"<20","count":1164,"tested":10373,"deaths":0},{"race":[],"age_group":"20-29   ","count":1634,"tested":17447,"deaths":0},{"race":[],"age_group":"30-39   ","count":1429,"tested":17032,"deaths":0},{"race":[],"age_group":"40-49   ","count":1404,"tested":15454,"deaths":0},{"race":[],"age_group":"50-59   ","count":1522,"tested":15435,"deaths":0},{"race":[],"age_group":"60-69   ","count":1146,"tested":12653,"deaths":0},{"race":[],"age_group":"70-79   ","count":647,"tested":7718,"deaths":0},{"race":[],"age_group":"80+","count":648,"tested":12769,"deaths":0},{"race":[],"age_group":"Unknown","count":0,"tested":1605,"deaths":0}],"race":[{"description":"AI/AN**","count":0,"tested":51,"deaths":0,"color":"rgb(31,119,180)"},{"description":"Asian","count":20,"tested":367,"deaths":0,"color":"rgb(140,86,75)"},{"description":"Black","count":128,"tested":1131,"deaths":0,"color":"rgb(255,127,14)"},{"description":"Hispanic","count":710,"tested":3804,"deaths":0,"color":"rgb(214,39,40)"},{"description":"Left Blank","count":2515,"tested":47014,"deaths":0,"color":"rgb(44,160,44)"},{"description":"NH/PI*","count":0,"tested":110,"deaths":0,"color":"rgb(127,127,127)"},{"description":"Other","count":414,"tested":2632,"deaths":0,"color":"rgb(148,103,189)"},{"description":"White","count":5795,"tested":55377,"deaths":0,"color":"rgb(31,119,180)"}],"gender":[{"description":"Female","count":5008,"tested":58601,"deaths":0,"color":"rgb(255,127,14)"},{"description":"Male","count":4331,"tested":37086,"deaths":0,"color":"rgb(31,119,180)"},{"description":"Unknown/Left Blank","count":256,"tested":14799,"deaths":0,"color":"rgb(44,160,44)"}]}}]}
