{"lastUpdatedDate":{"year":2021,"month":1,"day":21},"county_demographics":[{"County":"Tazewell","confirmed_cases":12087,"total_tested":154176,"demographics":{"age":[{"race":[],"age_group":"<20","count":1966,"tested":23169,"deaths":0},{"race":[],"age_group":"20-29   ","count":1695,"tested":22022,"deaths":0},{"race":[],"age_group":"30-39   ","count":1744,"tested":22428,"deaths":0},{"race":[],"age_group":"40-49   ","count":1780,"tested":21479,"deaths":0},{"race":[],"age_group":"50-59   ","count":1765,"tested":21275,"deaths":0},{"race":[],"age_group":"60-69   ","count":1448,"tested":17704,"deaths":0},{"race":[],"age_group":"70-79   ","count":916,"tested":11727,"deaths":0},{"race":[],"age_group":"80+","count":773,"tested":14357,"deaths":0},{"race":[],"age_group":"Unknown","count":0,"tested":15,"deaths":0}],"race":[{"description":"AI/AN**","count":8,"tested":54,"deaths":0,"color":"rgb(31,119,180)"},{"description":"Asian","count":57,"tested":347,"deaths":0,"color":"rgb(140,86,75)"},{"description":"Black","count":95,"tested":985,"deaths":0,"color":"rgb(255,127,14)"},{"description":"Hispanic","count":109,"tested":568,"deaths":0,"color":"rgb(214,39,40)"},{"description":"Left Blank","count":4304,"tested":90325,"deaths":0,"color":"rgb(44,160,44)"},{"description":"NH/PI*","count":0,"tested":20,"deaths":0,"color":"rgb(127,127,127)"},{"description":"Other","count":179,"tested":2019,"deaths":0,"color":"rgb(148,103,189)"},{"description":"White","count":7333,"tested":59858,"deaths":0,"color":"rgb(31,119,180)"}],"gender":[{"description":"Female","count":6516,"tested":91640,"deaths":0,"color":"rgb(255,127,14)"},{"description":"Male","count":5346,"tested":56563,"deaths":0,"color":"rgb(31,119,180)"},{"description":"Unknown/Left Blank","count":222,"tested":5973,"deaths":0,"color":"rgb(44,160,44)"}]}}]}
