{"age":[{"age_group":"<20","count":1082,"tested":7210},{"age_group":"20-29   ","count":1524,"tested":12923},{"age_group":"30-39   ","count":1438,"tested":14246},{"age_group":"40-49   ","count":1354,"tested":11648},{"age_group":"50-59   ","count":1136,"tested":10510},{"age_group":"60-69   ","count":800,"tested":8196},{"age_group":"70-79   ","count":436,"tested":3672},{"age_group":"80+","count":278,"tested":1840}],"race":[{"description":"White","count":1357,"tested":14482,"color":"rgb(31,119,180)"},{"description":"Other","count":481,"tested":3248,"color":"rgb(148,103,189)"},{"description":"Left Blank","count":1424,"tested":28271,"color":"rgb(44,160,44)"},{"description":"Black","count":262,"tested":1320,"color":"rgb(255,127,14)"},{"description":"Asian","count":300,"tested":1505,"color":"rgb(140,86,75)"},{"description":"Hispanic","count":3913,"tested":21300,"color":"rgb(214,39,40)"}],"gender":[{"description":"Unknown/Left Blank","count":196,"tested":1110,"color":"rgb(44,160,44)"},{"description":"Male","count":3503,"tested":31691,"color":"rgb(31,119,180)"},{"description":"Female","count":3584,"tested":37466,"color":"rgb(255,127,14)"}]}
