{"age":[{"age_group":"<20","count":50,"tested":177},{"age_group":"20-29   ","count":41,"tested":221},{"age_group":"30-39   ","count":40,"tested":221},{"age_group":"40-49   ","count":35,"tested":112},{"age_group":"50-59   ","count":41,"tested":165},{"age_group":"60-69   ","count":42,"tested":199},{"age_group":"70-79   ","count":32,"tested":177},{"age_group":"80+","count":28,"tested":139}],"race":[{"description":"White","count":145,"tested":1096,"color":"rgb(31,119,180)"},{"description":"Hispanic","count":26,"tested":24,"color":"rgb(214,39,40)"},{"description":"Left Blank","count":31,"tested":245,"color":"rgb(44,160,44)"}],"gender":[{"description":"Female","count":92,"tested":847,"color":"rgb(255,127,14)"},{"description":"Male","count":97,"tested":552,"color":"rgb(31,119,180)"}]}
