{"age":[{"age_group":"<20","count":420,"tested":2122},{"age_group":"20-29   ","count":399,"tested":1983},{"age_group":"30-39   ","count":385,"tested":2477},{"age_group":"40-49   ","count":425,"tested":2585},{"age_group":"50-59   ","count":416,"tested":2328},{"age_group":"60-69   ","count":315,"tested":2038},{"age_group":"70-79   ","count":271,"tested":1505},{"age_group":"80+","count":235,"tested":988}],"race":[{"description":"Black","count":196,"tested":219,"color":"rgb(255,127,14)"},{"description":"Asian","count":287,"tested":939,"color":"rgb(140,86,75)"},{"description":"Hispanic","count":349,"tested":885,"color":"rgb(214,39,40)"},{"description":"Left Blank","count":704,"tested":7574,"color":"rgb(44,160,44)"},{"description":"White","count":764,"tested":6059,"color":"rgb(31,119,180)"},{"description":"Other","count":224,"tested":330,"color":"rgb(148,103,189)"}],"gender":[{"description":"Female","count":965,"tested":8865,"color":"rgb(255,127,14)"},{"description":"Male","count":878,"tested":6969,"color":"rgb(31,119,180)"},{"description":"Unknown/Left Blank","count":179,"tested":197,"color":"rgb(44,160,44)"}]}
