{"age":[{"age_group":"<20","count":96,"tested":1689},{"age_group":"20-29   ","count":475,"tested":7966},{"age_group":"30-39   ","count":437,"tested":8995},{"age_group":"40-49   ","count":212,"tested":3571},{"age_group":"50-59   ","count":172,"tested":2711},{"age_group":"60-69   ","count":123,"tested":2120},{"age_group":"70-79   ","count":63,"tested":1042},{"age_group":"80+","count":52,"tested":378}],"race":[{"description":"Asian","count":110,"tested":2200,"color":"rgb(140,86,75)"},{"description":"Hispanic","count":106,"tested":881,"color":"rgb(214,39,40)"},{"description":"Black","count":179,"tested":2407,"color":"rgb(255,127,14)"},{"description":"White","count":454,"tested":8172,"color":"rgb(31,119,180)"},{"description":"Other","count":108,"tested":1527,"color":"rgb(148,103,189)"},{"description":"Left Blank","count":604,"tested":13235,"color":"rgb(44,160,44)"}],"gender":[{"description":"Female","count":627,"tested":14536,"color":"rgb(255,127,14)"},{"description":"Unknown/Left Blank","count":41,"tested":382,"color":"rgb(44,160,44)"},{"description":"Male","count":807,"tested":13566,"color":"rgb(31,119,180)"}]}
