{"age":[{"age_group":"<20","count":865,"tested":3663},{"age_group":"20-29   ","count":953,"tested":4736},{"age_group":"30-39   ","count":836,"tested":3781},{"age_group":"40-49   ","count":923,"tested":4008},{"age_group":"50-59   ","count":744,"tested":3251},{"age_group":"60-69   ","count":506,"tested":2099},{"age_group":"70-79   ","count":342,"tested":877},{"age_group":"80+","count":282,"tested":364}],"race":[{"description":"Hispanic","count":1748,"tested":4887,"color":"rgb(214,39,40)"},{"description":"Left Blank","count":1394,"tested":11192,"color":"rgb(44,160,44)"},{"description":"Asian","count":299,"tested":502,"color":"rgb(140,86,75)"},{"description":"White","count":844,"tested":4982,"color":"rgb(31,119,180)"},{"description":"Black","count":335,"tested":655,"color":"rgb(255,127,14)"},{"description":"Other","count":319,"tested":534,"color":"rgb(148,103,189)"}],"gender":[{"description":"Female","count":1998,"tested":12863,"color":"rgb(255,127,14)"},{"description":"Male","count":1915,"tested":9610,"color":"rgb(31,119,180)"},{"description":"Unknown/Left Blank","count":268,"tested":312,"color":"rgb(44,160,44)"}]}
