{"age":[{"age_group":"<20","count":268,"tested":2032},{"age_group":"20-29   ","count":260,"tested":2039},{"age_group":"30-39   ","count":270,"tested":2747},{"age_group":"40-49   ","count":307,"tested":2585},{"age_group":"50-59   ","count":226,"tested":2100},{"age_group":"60-69   ","count":188,"tested":2092},{"age_group":"70-79   ","count":86,"tested":1133},{"age_group":"80+","count":78,"tested":1696}],"race":[{"description":"Black","count":72,"tested":294,"color":"rgb(255,127,14)"},{"description":"Asian","count":59,"tested":163,"color":"rgb(140,86,75)"},{"description":"Hispanic","count":299,"tested":1462,"color":"rgb(214,39,40)"},{"description":"White","count":519,"tested":5640,"color":"rgb(31,119,180)"},{"description":"Other","count":126,"tested":776,"color":"rgb(148,103,189)"},{"description":"Left Blank","count":518,"tested":8072,"color":"rgb(44,160,44)"}],"gender":[{"description":"Female","count":734,"tested":9343,"color":"rgb(255,127,14)"},{"description":"Male","count":678,"tested":6772,"color":"rgb(31,119,180)"},{"description":"Unknown/Left Blank","count":51,"tested":313,"color":"rgb(44,160,44)"}]}
