{"age":[{"age_group":"<20","count":17,"tested":174},{"age_group":"20-29   ","count":33,"tested":161},{"age_group":"30-39   ","count":26,"tested":181},{"age_group":"40-49   ","count":22,"tested":107},{"age_group":"50-59   ","count":33,"tested":206},{"age_group":"60-69   ","count":14,"tested":89}],"race":[{"description":"Left Blank","count":36,"tested":345,"color":"rgb(44,160,44)"},{"description":"Other","count":17,"tested":50,"color":"rgb(148,103,189)"},{"description":"White","count":74,"tested":558,"color":"rgb(31,119,180)"}],"gender":[{"description":"Male","count":66,"tested":412,"color":"rgb(31,119,180)"},{"description":"Female","count":53,"tested":554,"color":"rgb(255,127,14)"}]}
