{"age":[{"age_group":"<20","count":997,"tested":5308},{"age_group":"20-29   ","count":1244,"tested":9008},{"age_group":"30-39   ","count":995,"tested":6833},{"age_group":"40-49   ","count":1050,"tested":7055},{"age_group":"50-59   ","count":913,"tested":7065},{"age_group":"60-69   ","count":643,"tested":5661},{"age_group":"70-79   ","count":445,"tested":3059},{"age_group":"80+","count":385,"tested":2933}],"race":[{"description":"Hispanic","count":2333,"tested":9885,"color":"rgb(214,39,40)"},{"description":"White","count":1070,"tested":12095,"color":"rgb(31,119,180)"},{"description":"Left Blank","count":1499,"tested":18213,"color":"rgb(44,160,44)"},{"description":"Other","count":388,"tested":1990,"color":"rgb(148,103,189)"},{"description":"Asian","count":331,"tested":540,"color":"rgb(140,86,75)"},{"description":"Black","count":572,"tested":4161,"color":"rgb(255,127,14)"}],"gender":[{"description":"Male","count":2560,"tested":20260,"color":"rgb(31,119,180)"},{"description":"Female","count":2676,"tested":25920,"color":"rgb(255,127,14)"},{"description":"Unknown/Left Blank","count":251,"tested":758,"color":"rgb(44,160,44)"}]}
