{"age":[{"age_group":"<20","count":32,"tested":174},{"age_group":"20-29   ","count":33,"tested":291},{"age_group":"30-39   ","count":50,"tested":279},{"age_group":"40-49   ","count":43,"tested":267},{"age_group":"50-59   ","count":35,"tested":282},{"age_group":"60-69   ","count":31,"tested":331},{"age_group":"70-79   ","count":13,"tested":113},{"age_group":"80+","count":12,"tested":128}],"race":[{"description":"Hispanic","count":35,"tested":146,"color":"rgb(214,39,40)"},{"description":"Black","count":34,"tested":253,"color":"rgb(255,127,14)"},{"description":"Left Blank","count":85,"tested":869,"color":"rgb(44,160,44)"},{"description":"White","count":67,"tested":559,"color":"rgb(31,119,180)"}],"gender":[{"description":"Female","count":103,"tested":989,"color":"rgb(255,127,14)"},{"description":"Male","count":107,"tested":858,"color":"rgb(31,119,180)"}]}
