{"age":[{"age_group":"<20","count":538,"tested":4484},{"age_group":"20-29   ","count":502,"tested":4854},{"age_group":"30-39   ","count":414,"tested":3729},{"age_group":"40-49   ","count":446,"tested":3715},{"age_group":"50-59   ","count":461,"tested":4568},{"age_group":"60-69   ","count":336,"tested":4024},{"age_group":"70-79   ","count":264,"tested":2336},{"age_group":"80+","count":226,"tested":1493}],"race":[{"description":"Left Blank","count":713,"tested":12382,"color":"rgb(44,160,44)"},{"description":"White","count":1109,"tested":12824,"color":"rgb(31,119,180)"},{"description":"Hispanic","count":292,"tested":873,"color":"rgb(214,39,40)"},{"description":"Black","count":244,"tested":728,"color":"rgb(255,127,14)"},{"description":"Asian","count":259,"tested":1472,"color":"rgb(140,86,75)"},{"description":"Other","count":229,"tested":903,"color":"rgb(148,103,189)"}],"gender":[{"description":"Male","count":1032,"tested":13108,"color":"rgb(31,119,180)"},{"description":"Unknown/Left Blank","count":178,"tested":235,"color":"rgb(44,160,44)"},{"description":"Female","count":1142,"tested":15868,"color":"rgb(255,127,14)"}]}
