{"age":[{"age_group":"<20","count":254,"tested":1367},{"age_group":"20-29   ","count":408,"tested":2466},{"age_group":"30-39   ","count":403,"tested":2615},{"age_group":"40-49   ","count":348,"tested":2090},{"age_group":"50-59   ","count":308,"tested":2693},{"age_group":"60-69   ","count":235,"tested":2279},{"age_group":"70-79   ","count":131,"tested":2044},{"age_group":"80+","count":125,"tested":3376}],"race":[{"description":"Hispanic","count":901,"tested":2860,"color":"rgb(214,39,40)"},{"description":"Left Blank","count":496,"tested":10539,"color":"rgb(44,160,44)"},{"description":"White","count":464,"tested":4104,"color":"rgb(31,119,180)"},{"description":"Asian","count":81,"tested":370,"color":"rgb(140,86,75)"},{"description":"Black","count":83,"tested":532,"color":"rgb(255,127,14)"},{"description":"Other","count":97,"tested":509,"color":"rgb(148,103,189)"}],"gender":[{"description":"Female","count":982,"tested":11088,"color":"rgb(255,127,14)"},{"description":"Male","count":962,"tested":7541,"color":"rgb(31,119,180)"}]}
