{"age":[{"age_group":"<20","count":407,"tested":3344},{"age_group":"20-29   ","count":554,"tested":5302},{"age_group":"30-39   ","count":438,"tested":4115},{"age_group":"40-49   ","count":429,"tested":3917},{"age_group":"50-59   ","count":495,"tested":5167},{"age_group":"60-69   ","count":354,"tested":4133},{"age_group":"70-79   ","count":209,"tested":1888},{"age_group":"80+","count":215,"tested":1556}],"race":[{"description":"Other","count":291,"tested":1343,"color":"rgb(148,103,189)"},{"description":"Left Blank","count":601,"tested":9721,"color":"rgb(44,160,44)"},{"description":"White","count":908,"tested":11614,"color":"rgb(31,119,180)"},{"description":"Hispanic","count":602,"tested":3099,"color":"rgb(214,39,40)"},{"description":"Asian","count":206,"tested":1556,"color":"rgb(140,86,75)"},{"description":"Black","count":263,"tested":1869,"color":"rgb(255,127,14)"},{"description":"NH/PI*","count":121,"tested":194,"color":"rgb(127,127,127)"}],"gender":[{"description":"Female","count":1291,"tested":16578,"color":"rgb(255,127,14)"},{"description":"Male","count":1160,"tested":12481,"color":"rgb(31,119,180)"},{"description":"Unknown/Left Blank","count":115,"tested":367,"color":"rgb(44,160,44)"}]}
