{"age":[{"age_group":"<20","count":32,"tested":292},{"age_group":"20-29   ","count":32,"tested":195},{"age_group":"30-39   ","count":29,"tested":201},{"age_group":"40-49   ","count":39,"tested":182},{"age_group":"50-59   ","count":42,"tested":274},{"age_group":"60-69   ","count":32,"tested":210},{"age_group":"70-79   ","count":22,"tested":129},{"age_group":"80+","count":26,"tested":86}],"race":[{"description":"White","count":130,"tested":1005,"color":"rgb(31,119,180)"},{"description":"Left Blank","count":37,"tested":484,"color":"rgb(44,160,44)"}],"gender":[{"description":"Male","count":84,"tested":627,"color":"rgb(31,119,180)"},{"description":"Female","count":92,"tested":915,"color":"rgb(255,127,14)"}]}
