{"age":[{"age_group":"<20","count":709,"tested":3726},{"age_group":"20-29   ","count":1034,"tested":7296},{"age_group":"30-39   ","count":901,"tested":7689},{"age_group":"40-49   ","count":848,"tested":6518},{"age_group":"50-59   ","count":878,"tested":7426},{"age_group":"60-69   ","count":665,"tested":7039},{"age_group":"70-79   ","count":466,"tested":3998},{"age_group":"80+","count":434,"tested":3645}],"race":[{"description":"Asian","count":248,"tested":824,"color":"rgb(140,86,75)"},{"description":"Hispanic","count":876,"tested":3729,"color":"rgb(214,39,40)"},{"description":"Black","count":482,"tested":5743,"color":"rgb(255,127,14)"},{"description":"White","count":1386,"tested":13156,"color":"rgb(31,119,180)"},{"description":"Left Blank","count":2099,"tested":22378,"color":"rgb(44,160,44)"},{"description":"Other","count":430,"tested":1441,"color":"rgb(148,103,189)"},{"description":"NH/PI*","count":208,"tested":37,"color":"rgb(127,127,127)"}],"gender":[{"description":"Male","count":2216,"tested":18890,"color":"rgb(31,119,180)"},{"description":"Unknown/Left Blank","count":237,"tested":908,"color":"rgb(44,160,44)"},{"description":"Female","count":2473,"tested":27552,"color":"rgb(255,127,14)"}]}
