{"age":[{"age_group":"<20","count":20,"tested":163},{"age_group":"20-29   ","count":21,"tested":160},{"age_group":"30-39   ","count":18,"tested":184},{"age_group":"40-49   ","count":19,"tested":127},{"age_group":"50-59   ","count":11,"tested":108},{"age_group":"60-69   ","count":10,"tested":131}],"race":[{"description":"Left Blank","count":28,"tested":313,"color":"rgb(44,160,44)"},{"description":"Hispanic","count":17,"tested":61,"color":"rgb(214,39,40)"},{"description":"White","count":46,"tested":557,"color":"rgb(31,119,180)"}],"gender":[{"description":"Male","count":41,"tested":423,"color":"rgb(31,119,180)"},{"description":"Female","count":50,"tested":532,"color":"rgb(255,127,14)"}]}
