{"age":[{"age_group":"<20","count":557,"tested":4877},{"age_group":"20-29   ","count":731,"tested":6190},{"age_group":"30-39   ","count":680,"tested":5999},{"age_group":"40-49   ","count":700,"tested":5492},{"age_group":"50-59   ","count":672,"tested":6068},{"age_group":"60-69   ","count":498,"tested":5035},{"age_group":"70-79   ","count":284,"tested":2671},{"age_group":"80+","count":214,"tested":1822}],"race":[{"description":"NH/PI*","count":114,"tested":78,"color":"rgb(127,127,127)"},{"description":"AI/AN**","count":112,"tested":55,"color":"rgb(31,119,180)"},{"description":"Asian","count":368,"tested":2799,"color":"rgb(140,86,75)"},{"description":"Black","count":179,"tested":706,"color":"rgb(255,127,14)"},{"description":"Hispanic","count":784,"tested":2961,"color":"rgb(214,39,40)"},{"description":"White","count":1546,"tested":15581,"color":"rgb(31,119,180)"},{"description":"Other","count":324,"tested":1536,"color":"rgb(148,103,189)"},{"description":"Left Blank","count":909,"tested":14449,"color":"rgb(44,160,44)"}],"gender":[{"description":"Female","count":1868,"tested":21236,"color":"rgb(255,127,14)"},{"description":"Unknown/Left Blank","count":122,"tested":551,"color":"rgb(44,160,44)"},{"description":"Male","count":1816,"tested":16378,"color":"rgb(31,119,180)"}]}
