{"age":[{"age_group":"<20","count":7,"tested":111},{"age_group":"20-29   ","count":16,"tested":227},{"age_group":"30-39   ","count":14,"tested":140},{"age_group":"40-49   ","count":18,"tested":178},{"age_group":"50-59   ","count":11,"tested":163},{"age_group":"60-69   ","count":8,"tested":141}],"race":[{"description":"White","count":55,"tested":561,"color":"rgb(31,119,180)"},{"description":"Hispanic","count":7,"tested":35,"color":"rgb(214,39,40)"},{"description":"Left Blank","count":17,"tested":447,"color":"rgb(44,160,44)"}],"gender":[{"description":"Female","count":34,"tested":625,"color":"rgb(255,127,14)"},{"description":"Male","count":47,"tested":432,"color":"rgb(31,119,180)"}]}
