{"age":[{"age_group":"<20","count":582,"tested":3439},{"age_group":"20-29   ","count":938,"tested":8496},{"age_group":"30-39   ","count":865,"tested":8215},{"age_group":"40-49   ","count":755,"tested":7105},{"age_group":"50-59   ","count":853,"tested":8943},{"age_group":"60-69   ","count":748,"tested":8020},{"age_group":"70-79   ","count":415,"tested":3638},{"age_group":"80+","count":354,"tested":3263}],"race":[{"description":"Hispanic","count":805,"tested":3751,"color":"rgb(214,39,40)"},{"description":"AI/AN**","count":154,"tested":118,"color":"rgb(31,119,180)"},{"description":"Left Blank","count":1304,"tested":24580,"color":"rgb(44,160,44)"},{"description":"NH/PI*","count":152,"tested":174,"color":"rgb(127,127,127)"},{"description":"Black","count":257,"tested":1267,"color":"rgb(255,127,14)"},{"description":"Asian","count":737,"tested":5430,"color":"rgb(140,86,75)"},{"description":"White","count":1530,"tested":13329,"color":"rgb(31,119,180)"},{"description":"Other","count":571,"tested":2488,"color":"rgb(148,103,189)"}],"gender":[{"description":"Unknown/Left Blank","count":168,"tested":990,"color":"rgb(44,160,44)"},{"description":"Female","count":2401,"tested":29877,"color":"rgb(255,127,14)"},{"description":"Male","count":2256,"tested":20270,"color":"rgb(31,119,180)"}]}
