{"age":[{"age_group":"<20","count":448,"tested":3122},{"age_group":"20-29   ","count":569,"tested":4815},{"age_group":"30-39   ","count":617,"tested":5262},{"age_group":"40-49   ","count":500,"tested":4331},{"age_group":"50-59   ","count":500,"tested":4429},{"age_group":"60-69   ","count":380,"tested":3889},{"age_group":"70-79   ","count":223,"tested":2143},{"age_group":"80+","count":165,"tested":1590}],"race":[{"description":"Black","count":207,"tested":1426,"color":"rgb(255,127,14)"},{"description":"NH/PI*","count":52,"tested":96,"color":"rgb(127,127,127)"},{"description":"Asian","count":559,"tested":2727,"color":"rgb(140,86,75)"},{"description":"Other","count":366,"tested":2027,"color":"rgb(148,103,189)"},{"description":"AI/AN**","count":58,"tested":54,"color":"rgb(31,119,180)"},{"description":"Left Blank","count":877,"tested":15340,"color":"rgb(44,160,44)"},{"description":"White","count":660,"tested":5316,"color":"rgb(31,119,180)"},{"description":"Hispanic","count":623,"tested":2604,"color":"rgb(214,39,40)"}],"gender":[{"description":"Male","count":1506,"tested":12792,"color":"rgb(31,119,180)"},{"description":"Female","count":1584,"tested":16067,"color":"rgb(255,127,14)"},{"description":"Unknown/Left Blank","count":82,"tested":731,"color":"rgb(44,160,44)"}]}
