{"age":[{"age_group":"<20","count":588,"tested":3357},{"age_group":"20-29   ","count":254,"tested":2042},{"age_group":"30-39   ","count":293,"tested":2098},{"age_group":"40-49   ","count":207,"tested":1654},{"age_group":"50-59   ","count":205,"tested":1799},{"age_group":"60-69   ","count":156,"tested":1731},{"age_group":"70-79   ","count":92,"tested":1562},{"age_group":"80+","count":137,"tested":4798}],"race":[{"description":"Left Blank","count":1114,"tested":13048,"color":"rgb(44,160,44)"},{"description":"Other","count":195,"tested":1004,"color":"rgb(148,103,189)"},{"description":"White","count":336,"tested":3334,"color":"rgb(31,119,180)"},{"description":"Black","count":32,"tested":147,"color":"rgb(255,127,14)"},{"description":"Asian","count":142,"tested":1040,"color":"rgb(140,86,75)"},{"description":"Hispanic","count":70,"tested":407,"color":"rgb(214,39,40)"}],"gender":[{"description":"Male","count":911,"tested":8021,"color":"rgb(31,119,180)"},{"description":"Unknown/Left Blank","count":38,"tested":282,"color":"rgb(44,160,44)"},{"description":"Female","count":899,"tested":10745,"color":"rgb(255,127,14)"}]}
