{"age":[{"age_group":"<20","count":321,"tested":2670},{"age_group":"20-29   ","count":354,"tested":3731},{"age_group":"30-39   ","count":339,"tested":3288},{"age_group":"40-49   ","count":326,"tested":3358},{"age_group":"50-59   ","count":355,"tested":3724},{"age_group":"60-69   ","count":297,"tested":4028},{"age_group":"70-79   ","count":245,"tested":3728},{"age_group":"80+","count":240,"tested":5179}],"race":[{"description":"Other","count":181,"tested":1584,"color":"rgb(148,103,189)"},{"description":"Left Blank","count":733,"tested":14218,"color":"rgb(44,160,44)"},{"description":"Black","count":194,"tested":2101,"color":"rgb(255,127,14)"},{"description":"Asian","count":160,"tested":1185,"color":"rgb(140,86,75)"},{"description":"White","count":909,"tested":9889,"color":"rgb(31,119,180)"},{"description":"Hispanic","count":159,"tested":681,"color":"rgb(214,39,40)"}],"gender":[{"description":"Female","count":1120,"tested":17836,"color":"rgb(255,127,14)"},{"description":"Male","count":945,"tested":11402,"color":"rgb(31,119,180)"},{"description":"Unknown/Left Blank","count":77,"tested":475,"color":"rgb(44,160,44)"}]}
