{"age":[{"age_group":"<20","count":105,"tested":725},{"age_group":"20-29   ","count":91,"tested":719},{"age_group":"30-39   ","count":85,"tested":663},{"age_group":"40-49   ","count":91,"tested":656},{"age_group":"50-59   ","count":92,"tested":825},{"age_group":"60-69   ","count":88,"tested":1150},{"age_group":"70-79   ","count":72,"tested":841},{"age_group":"80+","count":81,"tested":1549}],"race":[{"description":"White","count":250,"tested":3135,"color":"rgb(31,119,180)"},{"description":"Left Blank","count":192,"tested":3832,"color":"rgb(44,160,44)"},{"description":"Hispanic","count":56,"tested":95,"color":"rgb(214,39,40)"}],"gender":[{"description":"Male","count":209,"tested":2406,"color":"rgb(31,119,180)"},{"description":"Female","count":233,"tested":4401,"color":"rgb(255,127,14)"},{"description":"Unknown/Left Blank","count":58,"tested":326,"color":"rgb(44,160,44)"}]}
