{"age":[{"age_group":"<20","count":26,"tested":158},{"age_group":"20-29   ","count":23,"tested":75},{"age_group":"30-39   ","count":26,"tested":115},{"age_group":"40-49   ","count":19,"tested":71},{"age_group":"50-59   ","count":27,"tested":131},{"age_group":"60-69   ","count":28,"tested":117},{"age_group":"70-79   ","count":15,"tested":67}],"race":[{"description":"Left Blank","count":27,"tested":257,"color":"rgb(44,160,44)"},{"description":"White","count":117,"tested":473,"color":"rgb(31,119,180)"}],"gender":[{"description":"Female","count":75,"tested":387,"color":"rgb(255,127,14)"},{"description":"Male","count":70,"tested":364,"color":"rgb(31,119,180)"}]}
