{"age":[{"age_group":"<20","count":347,"tested":2885},{"age_group":"20-29   ","count":513,"tested":4240},{"age_group":"30-39   ","count":394,"tested":3940},{"age_group":"40-49   ","count":352,"tested":3003},{"age_group":"50-59   ","count":431,"tested":4203},{"age_group":"60-69   ","count":321,"tested":2985},{"age_group":"70-79   ","count":224,"tested":1686},{"age_group":"80+","count":190,"tested":999}],"race":[{"description":"Black","count":192,"tested":636,"color":"rgb(255,127,14)"},{"description":"Asian","count":165,"tested":639,"color":"rgb(140,86,75)"},{"description":"Hispanic","count":410,"tested":1820,"color":"rgb(214,39,40)"},{"description":"White","count":909,"tested":11874,"color":"rgb(31,119,180)"},{"description":"Other","count":235,"tested":1006,"color":"rgb(148,103,189)"},{"description":"Left Blank","count":598,"tested":7862,"color":"rgb(44,160,44)"}],"gender":[{"description":"Male","count":1003,"tested":10412,"color":"rgb(31,119,180)"},{"description":"Unknown/Left Blank","count":146,"tested":219,"color":"rgb(44,160,44)"},{"description":"Female","count":979,"tested":13311,"color":"rgb(255,127,14)"}]}
