{"age":[{"age_group":"<20","count":219,"tested":3086},{"age_group":"20-29   ","count":273,"tested":2947},{"age_group":"30-39   ","count":258,"tested":2636},{"age_group":"40-49   ","count":261,"tested":2848},{"age_group":"50-59   ","count":234,"tested":3058},{"age_group":"60-69   ","count":170,"tested":3194},{"age_group":"70-79   ","count":72,"tested":1854},{"age_group":"80+","count":45,"tested":1417}],"race":[{"description":"Black","count":330,"tested":3959,"color":"rgb(255,127,14)"},{"description":"Asian","count":29,"tested":200,"color":"rgb(140,86,75)"},{"description":"White","count":141,"tested":1425,"color":"rgb(31,119,180)"},{"description":"Hispanic","count":323,"tested":2444,"color":"rgb(214,39,40)"},{"description":"Other","count":42,"tested":535,"color":"rgb(148,103,189)"},{"description":"Left Blank","count":667,"tested":12506,"color":"rgb(44,160,44)"}],"gender":[{"description":"Female","count":794,"tested":11331,"color":"rgb(255,127,14)"},{"description":"Male","count":727,"tested":9165,"color":"rgb(31,119,180)"},{"description":"Unknown/Left Blank","count":11,"tested":581,"color":"rgb(44,160,44)"}]}
