{"age":[{"age_group":"<20","count":276,"tested":2774},{"age_group":"20-29   ","count":239,"tested":2349},{"age_group":"30-39   ","count":214,"tested":1982},{"age_group":"40-49   ","count":269,"tested":2334},{"age_group":"50-59   ","count":240,"tested":2394},{"age_group":"60-69   ","count":152,"tested":1575},{"age_group":"70-79   ","count":60,"tested":891},{"age_group":"80+","count":22,"tested":412}],"race":[{"description":"Other","count":35,"tested":462,"color":"rgb(148,103,189)"},{"description":"Left Blank","count":450,"tested":4391,"color":"rgb(44,160,44)"},{"description":"Hispanic","count":100,"tested":697,"color":"rgb(214,39,40)"},{"description":"White","count":869,"tested":8830,"color":"rgb(31,119,180)"},{"description":"Asian","count":10,"tested":102,"color":"rgb(140,86,75)"},{"description":"Black","count":7,"tested":207,"color":"rgb(255,127,14)"}],"gender":[{"description":"Female","count":755,"tested":7812,"color":"rgb(255,127,14)"},{"description":"Unknown/Left Blank","count":11,"tested":170,"color":"rgb(44,160,44)"},{"description":"Male","count":706,"tested":6729,"color":"rgb(31,119,180)"}]}
