{"age":[{"age_group":"<20","count":14,"tested":227},{"age_group":"20-29   ","count":14,"tested":162},{"age_group":"30-39   ","count":10,"tested":184},{"age_group":"40-49   ","count":14,"tested":176},{"age_group":"50-59   ","count":13,"tested":195},{"age_group":"70-79   ","count":6,"tested":71}],"race":[{"description":"White","count":62,"tested":874,"color":"rgb(31,119,180)"}],"gender":[{"description":"Male","count":39,"tested":512,"color":"rgb(31,119,180)"},{"description":"Female","count":35,"tested":663,"color":"rgb(255,127,14)"}]}
