{"age":[{"age_group":"<20","count":613,"tested":5802},{"age_group":"20-29   ","count":733,"tested":8266},{"age_group":"30-39   ","count":684,"tested":7516},{"age_group":"40-49   ","count":555,"tested":5501},{"age_group":"50-59   ","count":531,"tested":6874},{"age_group":"60-69   ","count":363,"tested":5266},{"age_group":"70-79   ","count":118,"tested":2302},{"age_group":"80+","count":90,"tested":1343}],"race":[{"description":"Asian","count":147,"tested":2140,"color":"rgb(140,86,75)"},{"description":"White","count":1222,"tested":15211,"color":"rgb(31,119,180)"},{"description":"Black","count":103,"tested":1265,"color":"rgb(255,127,14)"},{"description":"Other","count":152,"tested":1169,"color":"rgb(148,103,189)"},{"description":"Hispanic","count":1214,"tested":7082,"color":"rgb(214,39,40)"},{"description":"Left Blank","count":843,"tested":15895,"color":"rgb(44,160,44)"}],"gender":[{"description":"Female","count":1864,"tested":23956,"color":"rgb(255,127,14)"},{"description":"Male","count":1803,"tested":18307,"color":"rgb(31,119,180)"},{"description":"Unknown/Left Blank","count":20,"tested":610,"color":"rgb(44,160,44)"}]}
