{"age":[{"age_group":"<20","count":263,"tested":2950},{"age_group":"20-29   ","count":322,"tested":3973},{"age_group":"30-39   ","count":273,"tested":3484},{"age_group":"40-49   ","count":277,"tested":3435},{"age_group":"50-59   ","count":295,"tested":4203},{"age_group":"60-69   ","count":179,"tested":3142},{"age_group":"70-79   ","count":90,"tested":1965},{"age_group":"80+","count":78,"tested":1638}],"race":[{"description":"White","count":789,"tested":10994,"color":"rgb(31,119,180)"},{"description":"Left Blank","count":384,"tested":8221,"color":"rgb(44,160,44)"},{"description":"Hispanic","count":404,"tested":2915,"color":"rgb(214,39,40)"},{"description":"Other","count":59,"tested":680,"color":"rgb(148,103,189)"},{"description":"Black","count":86,"tested":1384,"color":"rgb(255,127,14)"},{"description":"Asian","count":57,"tested":689,"color":"rgb(140,86,75)"}],"gender":[{"description":"Female","count":905,"tested":14223,"color":"rgb(255,127,14)"},{"description":"Male","count":862,"tested":10316,"color":"rgb(31,119,180)"}]}
