{"age":[{"age_group":"<20","count":66,"tested":735},{"age_group":"20-29   ","count":66,"tested":553},{"age_group":"30-39   ","count":52,"tested":519},{"age_group":"40-49   ","count":73,"tested":518},{"age_group":"50-59   ","count":58,"tested":444},{"age_group":"60-69   ","count":29,"tested":230},{"age_group":"70-79   ","count":10,"tested":118},{"age_group":"80+","count":6,"tested":52}],"race":[{"description":"Hispanic","count":32,"tested":150,"color":"rgb(214,39,40)"},{"description":"White","count":175,"tested":1520,"color":"rgb(31,119,180)"},{"description":"Left Blank","count":146,"tested":1402,"color":"rgb(44,160,44)"},{"description":"Other","count":7,"tested":61,"color":"rgb(148,103,189)"}],"gender":[{"description":"Female","count":186,"tested":1805,"color":"rgb(255,127,14)"},{"description":"Male","count":175,"tested":1333,"color":"rgb(31,119,180)"}]}
