{"age":[{"age_group":"<20","count":552,"tested":6672},{"age_group":"20-29   ","count":348,"tested":4325},{"age_group":"30-39   ","count":265,"tested":3495},{"age_group":"40-49   ","count":521,"tested":5456},{"age_group":"50-59   ","count":389,"tested":5174},{"age_group":"60-69   ","count":136,"tested":2221},{"age_group":"70-79   ","count":68,"tested":1507},{"age_group":"80+","count":58,"tested":1675}],"race":[{"description":"NH/PI*","count":8,"tested":35,"color":"rgb(127,127,127)"},{"description":"Black","count":119,"tested":1545,"color":"rgb(255,127,14)"},{"description":"Hispanic","count":204,"tested":1557,"color":"rgb(214,39,40)"},{"description":"Asian","count":91,"tested":1704,"color":"rgb(140,86,75)"},{"description":"White","count":1039,"tested":11340,"color":"rgb(31,119,180)"},{"description":"Left Blank","count":795,"tested":13175,"color":"rgb(44,160,44)"},{"description":"Other","count":81,"tested":1159,"color":"rgb(148,103,189)"}],"gender":[{"description":"Female","count":1200,"tested":16566,"color":"rgb(255,127,14)"},{"description":"Unknown/Left Blank","count":21,"tested":554,"color":"rgb(44,160,44)"},{"description":"Male","count":1116,"tested":13407,"color":"rgb(31,119,180)"}]}
