{"age":[{"age_group":"<20","count":44,"tested":626},{"age_group":"20-29   ","count":49,"tested":531},{"age_group":"30-39   ","count":33,"tested":341},{"age_group":"40-49   ","count":43,"tested":288},{"age_group":"50-59   ","count":43,"tested":371},{"age_group":"60-69   ","count":31,"tested":325},{"age_group":"70-79   ","count":14,"tested":149},{"age_group":"80+","count":7,"tested":71}],"race":[{"description":"Hispanic","count":22,"tested":98,"color":"rgb(214,39,40)"},{"description":"Left Blank","count":84,"tested":1277,"color":"rgb(44,160,44)"},{"description":"White","count":157,"tested":1292,"color":"rgb(31,119,180)"}],"gender":[{"description":"Male","count":120,"tested":942,"color":"rgb(31,119,180)"},{"description":"Unknown/Left Blank","count":7,"tested":42,"color":"rgb(44,160,44)"},{"description":"Female","count":137,"tested":1718,"color":"rgb(255,127,14)"}]}
