{"age":[{"age_group":"<20","count":164,"tested":3775},{"age_group":"20-29   ","count":80,"tested":1792},{"age_group":"30-39   ","count":31,"tested":1286},{"age_group":"40-49   ","count":73,"tested":1725},{"age_group":"50-59   ","count":83,"tested":2066},{"age_group":"60-69   ","count":31,"tested":1329},{"age_group":"70-79   ","count":16,"tested":714},{"age_group":"80+","count":7,"tested":320}],"race":[{"description":"Asian","count":8,"tested":255,"color":"rgb(140,86,75)"},{"description":"White","count":272,"tested":6651,"color":"rgb(31,119,180)"},{"description":"Hispanic","count":18,"tested":190,"color":"rgb(214,39,40)"},{"description":"Left Blank","count":113,"tested":4492,"color":"rgb(44,160,44)"},{"description":"Other","count":71,"tested":1363,"color":"rgb(148,103,189)"}],"gender":[{"description":"Male","count":267,"tested":6456,"color":"rgb(31,119,180)"},{"description":"Female","count":216,"tested":6501,"color":"rgb(255,127,14)"}]}
