{"age":[{"age_group":"<20","count":517,"tested":4573},{"age_group":"20-29   ","count":620,"tested":6082},{"age_group":"30-39   ","count":612,"tested":6022},{"age_group":"40-49   ","count":614,"tested":6003},{"age_group":"50-59   ","count":469,"tested":4878},{"age_group":"60-69   ","count":232,"tested":3252},{"age_group":"70-79   ","count":127,"tested":1889},{"age_group":"80+","count":111,"tested":1293}],"race":[{"description":"Black","count":346,"tested":3401,"color":"rgb(255,127,14)"},{"description":"Asian","count":50,"tested":473,"color":"rgb(140,86,75)"},{"description":"Hispanic","count":623,"tested":3319,"color":"rgb(214,39,40)"},{"description":"White","count":1295,"tested":12625,"color":"rgb(31,119,180)"},{"description":"Other","count":77,"tested":1409,"color":"rgb(148,103,189)"},{"description":"Left Blank","count":893,"tested":12701,"color":"rgb(44,160,44)"},{"description":"AI/AN**","count":12,"tested":41,"color":"rgb(31,119,180)"}],"gender":[{"description":"Female","count":1711,"tested":18496,"color":"rgb(255,127,14)"},{"description":"Male","count":1568,"tested":14340,"color":"rgb(31,119,180)"},{"description":"Unknown/Left Blank","count":23,"tested":1165,"color":"rgb(44,160,44)"}]}
