{"age":[{"age_group":"<20","count":910,"tested":12676},{"age_group":"20-29   ","count":1359,"tested":23151},{"age_group":"30-39   ","count":1444,"tested":25611},{"age_group":"40-49   ","count":1237,"tested":17221},{"age_group":"50-59   ","count":948,"tested":15460},{"age_group":"60-69   ","count":689,"tested":12977},{"age_group":"70-79   ","count":321,"tested":7092},{"age_group":"80+","count":211,"tested":5136}],"race":[{"description":"White","count":1683,"tested":33684,"color":"rgb(31,119,180)"},{"description":"Asian","count":639,"tested":7785,"color":"rgb(140,86,75)"},{"description":"Black","count":218,"tested":5317,"color":"rgb(255,127,14)"},{"description":"Other","count":466,"tested":5796,"color":"rgb(148,103,189)"},{"description":"AI/AN**","count":18,"tested":121,"color":"rgb(31,119,180)"},{"description":"Hispanic","count":2577,"tested":16203,"color":"rgb(214,39,40)"},{"description":"NH/PI*","count":17,"tested":349,"color":"rgb(127,127,127)"},{"description":"Left Blank","count":1502,"tested":50156,"color":"rgb(44,160,44)"}],"gender":[{"description":"Female","count":3483,"tested":62507,"color":"rgb(255,127,14)"},{"description":"Male","count":3490,"tested":52912,"color":"rgb(31,119,180)"},{"description":"Unknown/Left Blank","count":147,"tested":3992,"color":"rgb(44,160,44)"}]}
