{"age":[{"age_group":"<20","count":88,"tested":1278},{"age_group":"20-29   ","count":69,"tested":864},{"age_group":"30-39   ","count":53,"tested":911},{"age_group":"40-49   ","count":68,"tested":742},{"age_group":"50-59   ","count":73,"tested":976},{"age_group":"60-69   ","count":78,"tested":973},{"age_group":"70-79   ","count":45,"tested":870},{"age_group":"80+","count":67,"tested":1493}],"race":[{"description":"Left Blank","count":149,"tested":3142,"color":"rgb(44,160,44)"},{"description":"White","count":384,"tested":4845,"color":"rgb(31,119,180)"}],"gender":[{"description":"Male","count":237,"tested":2995,"color":"rgb(31,119,180)"},{"description":"Female","count":302,"tested":4952,"color":"rgb(255,127,14)"}]}
