{"age":[{"age_group":"<20","count":483,"tested":5208},{"age_group":"20-29   ","count":490,"tested":6295},{"age_group":"30-39   ","count":456,"tested":5917},{"age_group":"40-49   ","count":380,"tested":4549},{"age_group":"50-59   ","count":482,"tested":6211},{"age_group":"60-69   ","count":394,"tested":5924},{"age_group":"70-79   ","count":229,"tested":3670},{"age_group":"80+","count":233,"tested":6751}],"race":[{"description":"Hispanic","count":128,"tested":688,"color":"rgb(214,39,40)"},{"description":"Asian","count":17,"tested":144,"color":"rgb(140,86,75)"},{"description":"Left Blank","count":747,"tested":19755,"color":"rgb(44,160,44)"},{"description":"White","count":1901,"tested":20209,"color":"rgb(31,119,180)"},{"description":"Other","count":42,"tested":721,"color":"rgb(148,103,189)"},{"description":"Black","count":308,"tested":2968,"color":"rgb(255,127,14)"}],"gender":[{"description":"Female","count":1727,"tested":29838,"color":"rgb(255,127,14)"},{"description":"Male","count":1389,"tested":13890,"color":"rgb(31,119,180)"},{"description":"Unknown/Left Blank","count":31,"tested":809,"color":"rgb(44,160,44)"}]}
