{"age":[{"age_group":"<20","count":275,"tested":2882},{"age_group":"20-29   ","count":148,"tested":1617},{"age_group":"30-39   ","count":150,"tested":1738},{"age_group":"40-49   ","count":261,"tested":2223},{"age_group":"50-59   ","count":202,"tested":1888},{"age_group":"60-69   ","count":128,"tested":1503},{"age_group":"70-79   ","count":71,"tested":1167},{"age_group":"80+","count":34,"tested":1000}],"race":[{"description":"Other","count":16,"tested":214,"color":"rgb(148,103,189)"},{"description":"Black","count":10,"tested":121,"color":"rgb(255,127,14)"},{"description":"White","count":1083,"tested":8547,"color":"rgb(31,119,180)"},{"description":"Asian","count":10,"tested":72,"color":"rgb(140,86,75)"},{"description":"Hispanic","count":57,"tested":253,"color":"rgb(214,39,40)"},{"description":"Left Blank","count":93,"tested":4770,"color":"rgb(44,160,44)"}],"gender":[{"description":"Male","count":608,"tested":5630,"color":"rgb(31,119,180)"},{"description":"Female","count":658,"tested":8252,"color":"rgb(255,127,14)"}]}
