{"age":[{"age_group":"<20","count":457,"tested":8026},{"age_group":"20-29   ","count":1540,"tested":30149},{"age_group":"30-39   ","count":1519,"tested":35538},{"age_group":"40-49   ","count":660,"tested":12386},{"age_group":"50-59   ","count":455,"tested":7904},{"age_group":"60-69   ","count":295,"tested":5295},{"age_group":"70-79   ","count":172,"tested":2819},{"age_group":"80+","count":142,"tested":2145}],"race":[{"description":"Asian","count":81,"tested":3191,"color":"rgb(140,86,75)"},{"description":"Left Blank","count":1691,"tested":45211,"color":"rgb(44,160,44)"},{"description":"White","count":1736,"tested":36127,"color":"rgb(31,119,180)"},{"description":"Hispanic","count":1194,"tested":10542,"color":"rgb(214,39,40)"},{"description":"Other","count":262,"tested":5090,"color":"rgb(148,103,189)"},{"description":"Black","count":271,"tested":4170,"color":"rgb(255,127,14)"}],"gender":[{"description":"Female","count":2549,"tested":55130,"color":"rgb(255,127,14)"},{"description":"Unknown/Left Blank","count":157,"tested":2462,"color":"rgb(44,160,44)"},{"description":"Male","count":2535,"tested":46867,"color":"rgb(31,119,180)"}]}
