{"age":[{"age_group":"<20","count":227,"tested":7296},{"age_group":"20-29   ","count":756,"tested":26101},{"age_group":"30-39   ","count":779,"tested":18677},{"age_group":"40-49   ","count":346,"tested":7716},{"age_group":"50-59   ","count":315,"tested":4637},{"age_group":"60-69   ","count":190,"tested":3124},{"age_group":"70-79   ","count":57,"tested":1078},{"age_group":"80+","count":23,"tested":428}],"race":[{"description":"Left Blank","count":678,"tested":20992,"color":"rgb(44,160,44)"},{"description":"Other","count":153,"tested":4563,"color":"rgb(148,103,189)"},{"description":"Asian","count":180,"tested":10111,"color":"rgb(140,86,75)"},{"description":"Black","count":494,"tested":7098,"color":"rgb(255,127,14)"},{"description":"Hispanic","count":234,"tested":4177,"color":"rgb(214,39,40)"},{"description":"White","count":951,"tested":21955,"color":"rgb(31,119,180)"}],"gender":[{"description":"Female","count":1188,"tested":34236,"color":"rgb(255,127,14)"},{"description":"Male","count":1378,"tested":31687,"color":"rgb(31,119,180)"},{"description":"Unknown/Left Blank","count":128,"tested":3151,"color":"rgb(44,160,44)"}]}
