{"age":[{"age_group":"<20","count":49,"tested":440},{"age_group":"20-29   ","count":44,"tested":728},{"age_group":"30-39   ","count":44,"tested":712},{"age_group":"40-49   ","count":49,"tested":713},{"age_group":"50-59   ","count":66,"tested":1052},{"age_group":"60-69   ","count":51,"tested":979},{"age_group":"70-79   ","count":35,"tested":740},{"age_group":"80+","count":28,"tested":425}],"race":[{"description":"Left Blank","count":104,"tested":2302,"color":"rgb(44,160,44)"},{"description":"Other","count":15,"tested":141,"color":"rgb(148,103,189)"},{"description":"White","count":44,"tested":527,"color":"rgb(31,119,180)"},{"description":"Black","count":198,"tested":2729,"color":"rgb(255,127,14)"}],"gender":[{"description":"Female","count":198,"tested":3413,"color":"rgb(255,127,14)"},{"description":"Male","count":164,"tested":2292,"color":"rgb(31,119,180)"}]}
