{"age":[{"age_group":"20-29   ","count":12,"tested":159},{"age_group":"30-39   ","count":9,"tested":203},{"age_group":"50-59   ","count":18,"tested":300},{"age_group":"60-69   ","count":13,"tested":156}],"race":[{"description":"Left Blank","count":6,"tested":492,"color":"rgb(44,160,44)"},{"description":"White","count":69,"tested":755,"color":"rgb(31,119,180)"}],"gender":[{"description":"Male","count":37,"tested":326,"color":"rgb(31,119,180)"},{"description":"Female","count":39,"tested":894,"color":"rgb(255,127,14)"}]}
