{"age":[{"age_group":"<20","count":23,"tested":164},{"age_group":"20-29   ","count":17,"tested":120},{"age_group":"30-39   ","count":27,"tested":229},{"age_group":"40-49   ","count":19,"tested":240},{"age_group":"50-59   ","count":22,"tested":253},{"age_group":"60-69   ","count":28,"tested":168},{"age_group":"70-79   ","count":14,"tested":97},{"age_group":"80+","count":6,"tested":36}],"race":[{"description":"Other","count":6,"tested":19,"color":"rgb(148,103,189)"},{"description":"Left Blank","count":35,"tested":558,"color":"rgb(44,160,44)"},{"description":"White","count":108,"tested":681,"color":"rgb(31,119,180)"},{"description":"Black","count":7,"tested":45,"color":"rgb(255,127,14)"}],"gender":[{"description":"Male","count":72,"tested":535,"color":"rgb(31,119,180)"},{"description":"Female","count":81,"tested":623,"color":"rgb(255,127,14)"}]}
