{"age":[{"age_group":"<20","count":1627,"tested":13380},{"age_group":"20-29   ","count":1979,"tested":22490},{"age_group":"30-39   ","count":1628,"tested":17073},{"age_group":"40-49   ","count":1720,"tested":16463},{"age_group":"50-59   ","count":1488,"tested":20327},{"age_group":"60-69   ","count":869,"tested":14356},{"age_group":"70-79   ","count":305,"tested":5772},{"age_group":"80+","count":161,"tested":2695}],"race":[{"description":"Left Blank","count":1838,"tested":48063,"color":"rgb(44,160,44)"},{"description":"AI/AN**","count":13,"tested":105,"color":"rgb(31,119,180)"},{"description":"Hispanic","count":5950,"tested":33067,"color":"rgb(214,39,40)"},{"description":"Other","count":236,"tested":2862,"color":"rgb(148,103,189)"},{"description":"NH/PI*","count":10,"tested":196,"color":"rgb(127,127,127)"},{"description":"White","count":752,"tested":13972,"color":"rgb(31,119,180)"},{"description":"Black","count":865,"tested":11837,"color":"rgb(255,127,14)"},{"description":"Asian","count":117,"tested":2468,"color":"rgb(140,86,75)"}],"gender":[{"description":"Male","count":4632,"tested":50607,"color":"rgb(31,119,180)"},{"description":"Female","count":5027,"tested":60491,"color":"rgb(255,127,14)"},{"description":"Unknown/Left Blank","count":122,"tested":1472,"color":"rgb(44,160,44)"}]}
