{"age":[{"age_group":"<20","count":55,"tested":457},{"age_group":"20-29   ","count":28,"tested":252},{"age_group":"30-39   ","count":39,"tested":330},{"age_group":"40-49   ","count":47,"tested":394},{"age_group":"50-59   ","count":36,"tested":404},{"age_group":"60-69   ","count":36,"tested":441},{"age_group":"70-79   ","count":23,"tested":266},{"age_group":"80+","count":7,"tested":127}],"race":[{"description":"White","count":199,"tested":1774,"color":"rgb(31,119,180)"},{"description":"Left Blank","count":64,"tested":820,"color":"rgb(44,160,44)"}],"gender":[{"description":"Female","count":147,"tested":1477,"color":"rgb(255,127,14)"},{"description":"Male","count":124,"tested":1115,"color":"rgb(31,119,180)"}]}
