{"lastUpdatedDate":{"year":2020,"month":11,"day":10},"county_demographics":[{"County":"Sangamon","confirmed_cases":6431,"total_tested":154402,"demographics":{"age":[{"age_group":"<20","count":883,"tested":17268},{"age_group":"20-29   ","count":1213,"tested":26173},{"age_group":"30-39   ","count":927,"tested":22491},{"age_group":"40-49   ","count":926,"tested":20464},{"age_group":"50-59   ","count":1019,"tested":23979},{"age_group":"60-69   ","count":750,"tested":21357},{"age_group":"70-79   ","count":416,"tested":13572},{"age_group":"80+","count":281,"tested":9025},{"age_group":"Unknown","count":0,"tested":73}],"race":[{"description":"AI/AN**","count":0,"tested":123,"color":"rgb(31,119,180)"},{"description":"Asian","count":46,"tested":1354,"color":"rgb(140,86,75)"},{"description":"Black","count":824,"tested":9853,"color":"rgb(255,127,14)"},{"description":"Hispanic","count":85,"tested":1139,"color":"rgb(214,39,40)"},{"description":"Left Blank","count":2558,"tested":72120,"color":"rgb(44,160,44)"},{"description":"NH/PI*","count":17,"tested":1312,"color":"rgb(127,127,127)"},{"description":"Other","count":55,"tested":3043,"color":"rgb(148,103,189)"},{"description":"White","count":2843,"tested":65458,"color":"rgb(31,119,180)"}],"gender":[{"description":"Female","count":3264,"tested":89082,"color":"rgb(255,127,14)"},{"description":"Male","count":2635,"tested":61687,"color":"rgb(31,119,180)"},{"description":"Unknown/Left Blank","count":532,"tested":3633,"color":"rgb(44,160,44)"}]}}]}
