{"lastUpdatedDate":{"year":2020,"month":11,"day":10},"county_demographics":[{"County":"Mason","confirmed_cases":418,"total_tested":7369,"demographics":{"age":[{"age_group":"<20","count":63,"tested":1188},{"age_group":"20-29   ","count":41,"tested":906},{"age_group":"30-39   ","count":49,"tested":1053},{"age_group":"40-49   ","count":56,"tested":1040},{"age_group":"50-59   ","count":58,"tested":1068},{"age_group":"60-69   ","count":59,"tested":961},{"age_group":"70-79   ","count":36,"tested":690},{"age_group":"80+","count":46,"tested":463},{"age_group":"Unknown","count":0,"tested":0}],"race":[{"description":"AI/AN**","count":0,"tested":0,"color":"rgb(31,119,180)"},{"description":"Asian","count":0,"tested":6,"color":"rgb(140,86,75)"},{"description":"Black","count":0,"tested":19,"color":"rgb(255,127,14)"},{"description":"Hispanic","count":0,"tested":21,"color":"rgb(214,39,40)"},{"description":"Left Blank","count":185,"tested":3127,"color":"rgb(44,160,44)"},{"description":"Other","count":0,"tested":65,"color":"rgb(148,103,189)"},{"description":"White","count":221,"tested":4130,"color":"rgb(31,119,180)"}],"gender":[{"description":"Female","count":239,"tested":4398,"color":"rgb(255,127,14)"},{"description":"Male","count":152,"tested":2719,"color":"rgb(31,119,180)"},{"description":"Unknown/Left Blank","count":21,"tested":252,"color":"rgb(44,160,44)"}]}}]}
