{"lastUpdatedDate":{"year":2020,"month":11,"day":10},"county_demographics":[{"County":"Lawrence","confirmed_cases":501,"total_tested":8106,"demographics":{"age":[{"age_group":"<20","count":64,"tested":1080},{"age_group":"20-29   ","count":70,"tested":1314},{"age_group":"30-39   ","count":71,"tested":1219},{"age_group":"40-49   ","count":69,"tested":1049},{"age_group":"50-59   ","count":70,"tested":1061},{"age_group":"60-69   ","count":59,"tested":814},{"age_group":"70-79   ","count":48,"tested":724},{"age_group":"80+","count":42,"tested":842},{"age_group":"Unknown","count":0,"tested":0}],"race":[{"description":"AI/AN**","count":0,"tested":0,"color":"rgb(31,119,180)"},{"description":"Asian","count":0,"tested":0,"color":"rgb(140,86,75)"},{"description":"Black","count":10,"tested":349,"color":"rgb(255,127,14)"},{"description":"Hispanic","count":0,"tested":35,"color":"rgb(214,39,40)"},{"description":"Left Blank","count":115,"tested":4338,"color":"rgb(44,160,44)"},{"description":"Other","count":0,"tested":49,"color":"rgb(148,103,189)"},{"description":"White","count":370,"tested":3330,"color":"rgb(31,119,180)"}],"gender":[{"description":"Female","count":282,"tested":4579,"color":"rgb(255,127,14)"},{"description":"Male","count":188,"tested":2620,"color":"rgb(31,119,180)"},{"description":"Unknown/Left Blank","count":23,"tested":907,"color":"rgb(44,160,44)"}]}}]}
