{"lastUpdatedDate":{"year":2020,"month":11,"day":10},"county_demographics":[{"County":"Morgan","confirmed_cases":1361,"total_tested":18533,"demographics":{"age":[{"age_group":"<20","count":114,"tested":1928},{"age_group":"20-29   ","count":248,"tested":2767},{"age_group":"30-39   ","count":231,"tested":2534},{"age_group":"40-49   ","count":235,"tested":2308},{"age_group":"50-59   ","count":237,"tested":2726},{"age_group":"60-69   ","count":126,"tested":2663},{"age_group":"70-79   ","count":69,"tested":1974},{"age_group":"80+","count":83,"tested":1630},{"age_group":"Unknown","count":0,"tested":0}],"race":[{"description":"AI/AN**","count":0,"tested":0,"color":"rgb(31,119,180)"},{"description":"Asian","count":0,"tested":42,"color":"rgb(140,86,75)"},{"description":"Black","count":220,"tested":702,"color":"rgb(255,127,14)"},{"description":"Hispanic","count":45,"tested":156,"color":"rgb(214,39,40)"},{"description":"Left Blank","count":563,"tested":9803,"color":"rgb(44,160,44)"},{"description":"NH/PI*","count":0,"tested":8,"color":"rgb(127,127,127)"},{"description":"Other","count":10,"tested":219,"color":"rgb(148,103,189)"},{"description":"White","count":518,"tested":7600,"color":"rgb(31,119,180)"}],"gender":[{"description":"Female","count":483,"tested":10586,"color":"rgb(255,127,14)"},{"description":"Male","count":772,"tested":7110,"color":"rgb(31,119,180)"},{"description":"Unknown/Left Blank","count":106,"tested":837,"color":"rgb(44,160,44)"}]}}]}
