{"lastUpdatedDate":{"year":2020,"month":11,"day":10},"county_demographics":[{"County":"Richland","confirmed_cases":448,"total_tested":8832,"demographics":{"age":[{"age_group":"<20","count":59,"tested":1461},{"age_group":"20-29   ","count":58,"tested":1154},{"age_group":"30-39   ","count":48,"tested":1052},{"age_group":"40-49   ","count":51,"tested":1021},{"age_group":"50-59   ","count":56,"tested":1133},{"age_group":"60-69   ","count":60,"tested":1150},{"age_group":"70-79   ","count":36,"tested":808},{"age_group":"80+","count":63,"tested":1052},{"age_group":"Unknown","count":0,"tested":0}],"race":[{"description":"Asian","count":0,"tested":30,"color":"rgb(140,86,75)"},{"description":"Black","count":0,"tested":65,"color":"rgb(255,127,14)"},{"description":"Hispanic","count":8,"tested":60,"color":"rgb(214,39,40)"},{"description":"Left Blank","count":41,"tested":1615,"color":"rgb(44,160,44)"},{"description":"NH/PI*","count":0,"tested":12,"color":"rgb(127,127,127)"},{"description":"Other","count":0,"tested":99,"color":"rgb(148,103,189)"},{"description":"White","count":390,"tested":6951,"color":"rgb(31,119,180)"}],"gender":[{"description":"Female","count":271,"tested":5636,"color":"rgb(255,127,14)"},{"description":"Male","count":175,"tested":3151,"color":"rgb(31,119,180)"},{"description":"Unknown/Left Blank","count":0,"tested":45,"color":"rgb(44,160,44)"}]}}]}
