{"lastUpdatedDate":{"year":2021,"month":10,"day":4},"county_demographics":[{"County":"Macoupin","confirmed_cases":6727,"total_tested":105691,"demographics":{"age":[{"race":[],"age_group":"<20","count":1369,"tested":17928,"deaths":0},{"race":[],"age_group":"20-29   ","count":911,"tested":15236,"deaths":0},{"race":[],"age_group":"30-39   ","count":1006,"tested":14886,"deaths":0},{"race":[],"age_group":"40-49   ","count":909,"tested":13721,"deaths":0},{"race":[],"age_group":"50-59   ","count":908,"tested":14864,"deaths":0},{"race":[],"age_group":"60-69   ","count":793,"tested":12612,"deaths":0},{"race":[],"age_group":"70-79   ","count":466,"tested":7639,"deaths":0},{"race":[],"age_group":"80+","count":364,"tested":8781,"deaths":0},{"race":[],"age_group":"Unknown","count":0,"tested":24,"deaths":0}],"race":[{"description":"AI/AN**","count":6,"tested":112,"deaths":0,"color":"rgb(31,119,180)"},{"description":"Asian","count":9,"tested":256,"deaths":0,"color":"rgb(140,86,75)"},{"description":"Black","count":59,"tested":1159,"deaths":0,"color":"rgb(255,127,14)"},{"description":"Hispanic","count":18,"tested":433,"deaths":0,"color":"rgb(214,39,40)"},{"description":"Left Blank","count":1762,"tested":28701,"deaths":0,"color":"rgb(44,160,44)"},{"description":"NH/PI*","count":0,"tested":43,"deaths":0,"color":"rgb(127,127,127)"},{"description":"Other","count":76,"tested":1040,"deaths":0,"color":"rgb(148,103,189)"},{"description":"White","count":4781,"tested":73947,"deaths":0,"color":"rgb(31,119,180)"}],"gender":[{"description":"Female","count":3566,"tested":66183,"deaths":0,"color":"rgb(255,127,14)"},{"description":"Male","count":3103,"tested":37546,"deaths":0,"color":"rgb(31,119,180)"},{"description":"Unknown/Left Blank","count":58,"tested":1962,"deaths":0,"color":"rgb(44,160,44)"}]}}]}
