{"lastUpdatedDate":{"year":2021,"month":10,"day":4},"county_demographics":[{"County":"Kendall","confirmed_cases":15818,"total_tested":210039,"demographics":{"age":[{"race":[],"age_group":"<20","count":3392,"tested":48937,"deaths":0},{"race":[],"age_group":"20-29   ","count":2615,"tested":33179,"deaths":0},{"race":[],"age_group":"30-39   ","count":2863,"tested":34628,"deaths":0},{"race":[],"age_group":"40-49   ","count":2924,"tested":33798,"deaths":0},{"race":[],"age_group":"50-59   ","count":2129,"tested":26789,"deaths":0},{"race":[],"age_group":"60-69   ","count":1067,"tested":16327,"deaths":0},{"race":[],"age_group":"70-79   ","count":542,"tested":9487,"deaths":0},{"race":[],"age_group":"80+","count":286,"tested":6866,"deaths":0},{"race":[],"age_group":"Unknown","count":0,"tested":28,"deaths":0}],"race":[{"description":"AI/AN**","count":13,"tested":233,"deaths":0,"color":"rgb(31,119,180)"},{"description":"Asian","count":258,"tested":4538,"deaths":0,"color":"rgb(140,86,75)"},{"description":"Black","count":1008,"tested":12500,"deaths":0,"color":"rgb(255,127,14)"},{"description":"Hispanic","count":3262,"tested":24655,"deaths":0,"color":"rgb(214,39,40)"},{"description":"Left Blank","count":3767,"tested":74094,"deaths":0,"color":"rgb(44,160,44)"},{"description":"NH/PI*","count":11,"tested":143,"deaths":0,"color":"rgb(127,127,127)"},{"description":"Other","count":494,"tested":7376,"deaths":0,"color":"rgb(148,103,189)"},{"description":"White","count":7000,"tested":86500,"deaths":0,"color":"rgb(31,119,180)"}],"gender":[{"description":"Female","count":8246,"tested":117466,"deaths":0,"color":"rgb(255,127,14)"},{"description":"Male","count":7518,"tested":88514,"deaths":0,"color":"rgb(31,119,180)"},{"description":"Unknown/Left Blank","count":54,"tested":4059,"deaths":0,"color":"rgb(44,160,44)"}]}}]}
