{"lastUpdatedDate":{"year":2021,"month":10,"day":4},"county_demographics":[{"County":"Iroquois","confirmed_cases":4086,"total_tested":70044,"demographics":{"age":[{"race":[],"age_group":"<20","count":732,"tested":10545,"deaths":0},{"race":[],"age_group":"20-29   ","count":570,"tested":8694,"deaths":0},{"race":[],"age_group":"30-39   ","count":551,"tested":8767,"deaths":0},{"race":[],"age_group":"40-49   ","count":531,"tested":7163,"deaths":0},{"race":[],"age_group":"50-59   ","count":606,"tested":9405,"deaths":0},{"race":[],"age_group":"60-69   ","count":518,"tested":8666,"deaths":0},{"race":[],"age_group":"70-79   ","count":337,"tested":6445,"deaths":0},{"race":[],"age_group":"80+","count":241,"tested":10322,"deaths":0},{"race":[],"age_group":"Unknown","count":0,"tested":37,"deaths":0}],"race":[{"description":"AI/AN**","count":0,"tested":20,"deaths":0,"color":"rgb(31,119,180)"},{"description":"Asian","count":0,"tested":146,"deaths":0,"color":"rgb(140,86,75)"},{"description":"Black","count":45,"tested":939,"deaths":0,"color":"rgb(255,127,14)"},{"description":"Hispanic","count":302,"tested":2212,"deaths":0,"color":"rgb(214,39,40)"},{"description":"Left Blank","count":498,"tested":20941,"deaths":0,"color":"rgb(44,160,44)"},{"description":"NH/PI*","count":0,"tested":20,"deaths":0,"color":"rgb(127,127,127)"},{"description":"Other","count":83,"tested":1023,"deaths":0,"color":"rgb(148,103,189)"},{"description":"White","count":3145,"tested":44743,"deaths":0,"color":"rgb(31,119,180)"}],"gender":[{"description":"Female","count":2212,"tested":45144,"deaths":0,"color":"rgb(255,127,14)"},{"description":"Male","count":1824,"tested":24116,"deaths":0,"color":"rgb(31,119,180)"},{"description":"Unknown/Left Blank","count":50,"tested":784,"deaths":0,"color":"rgb(44,160,44)"}]}}]}
