{"lastUpdatedDate":{"year":2021,"month":10,"day":4},"county_demographics":[{"County":"LaSalle","confirmed_cases":14744,"total_tested":274534,"demographics":{"age":[{"race":[],"age_group":"<20","count":2358,"tested":35473,"deaths":0},{"race":[],"age_group":"20-29   ","count":2458,"tested":46660,"deaths":0},{"race":[],"age_group":"30-39   ","count":2267,"tested":46688,"deaths":0},{"race":[],"age_group":"40-49   ","count":2126,"tested":39237,"deaths":0},{"race":[],"age_group":"50-59   ","count":2183,"tested":36330,"deaths":0},{"race":[],"age_group":"60-69   ","count":1599,"tested":26872,"deaths":0},{"race":[],"age_group":"70-79   ","count":904,"tested":15940,"deaths":0},{"race":[],"age_group":"80+","count":849,"tested":25725,"deaths":0},{"race":[],"age_group":"Unknown","count":0,"tested":1609,"deaths":0}],"race":[{"description":"AI/AN**","count":11,"tested":170,"deaths":0,"color":"rgb(31,119,180)"},{"description":"Asian","count":33,"tested":1047,"deaths":0,"color":"rgb(140,86,75)"},{"description":"Black","count":256,"tested":3175,"deaths":0,"color":"rgb(255,127,14)"},{"description":"Hispanic","count":1094,"tested":11333,"deaths":0,"color":"rgb(214,39,40)"},{"description":"Left Blank","count":3324,"tested":122147,"deaths":0,"color":"rgb(44,160,44)"},{"description":"NH/PI*","count":0,"tested":282,"deaths":0,"color":"rgb(127,127,127)"},{"description":"Other","count":628,"tested":5060,"deaths":0,"color":"rgb(148,103,189)"},{"description":"White","count":9390,"tested":131320,"deaths":0,"color":"rgb(31,119,180)"}],"gender":[{"description":"Female","count":7582,"tested":131065,"deaths":0,"color":"rgb(255,127,14)"},{"description":"Male","count":6921,"tested":104794,"deaths":0,"color":"rgb(31,119,180)"},{"description":"Unknown/Left Blank","count":241,"tested":38675,"deaths":0,"color":"rgb(44,160,44)"}]}}]}
