{"lastUpdatedDate":{"year":2021,"month":10,"day":4},"county_demographics":[{"County":"Coles","confirmed_cases":7629,"total_tested":125150,"demographics":{"age":[{"race":[],"age_group":"<20","count":1587,"tested":22698,"deaths":0},{"race":[],"age_group":"20-29   ","count":1504,"tested":27280,"deaths":0},{"race":[],"age_group":"30-39   ","count":1009,"tested":15476,"deaths":0},{"race":[],"age_group":"40-49   ","count":917,"tested":12502,"deaths":0},{"race":[],"age_group":"50-59   ","count":925,"tested":14449,"deaths":0},{"race":[],"age_group":"60-69   ","count":811,"tested":13592,"deaths":0},{"race":[],"age_group":"70-79   ","count":497,"tested":9775,"deaths":0},{"race":[],"age_group":"80+","count":379,"tested":9294,"deaths":0},{"race":[],"age_group":"Unknown","count":0,"tested":84,"deaths":0}],"race":[{"description":"AI/AN**","count":0,"tested":49,"deaths":0,"color":"rgb(31,119,180)"},{"description":"Asian","count":29,"tested":749,"deaths":0,"color":"rgb(140,86,75)"},{"description":"Black","count":274,"tested":7012,"deaths":0,"color":"rgb(255,127,14)"},{"description":"Hispanic","count":163,"tested":2335,"deaths":0,"color":"rgb(214,39,40)"},{"description":"Left Blank","count":887,"tested":20102,"deaths":0,"color":"rgb(44,160,44)"},{"description":"NH/PI*","count":0,"tested":81,"deaths":0,"color":"rgb(127,127,127)"},{"description":"Other","count":129,"tested":2517,"deaths":0,"color":"rgb(148,103,189)"},{"description":"White","count":6142,"tested":92305,"deaths":0,"color":"rgb(31,119,180)"}],"gender":[{"description":"Female","count":4063,"tested":73870,"deaths":0,"color":"rgb(255,127,14)"},{"description":"Male","count":3499,"tested":50183,"deaths":0,"color":"rgb(31,119,180)"},{"description":"Unknown/Left Blank","count":67,"tested":1097,"deaths":0,"color":"rgb(44,160,44)"}]}}]}
