{"lastUpdatedDate":{"year":2021,"month":10,"day":4},"county_demographics":[{"County":"Pulaski","confirmed_cases":1017,"total_tested":10448,"demographics":{"age":[{"race":[],"age_group":"<20","count":215,"tested":1149,"deaths":0},{"race":[],"age_group":"20-29   ","count":173,"tested":1824,"deaths":0},{"race":[],"age_group":"30-39   ","count":168,"tested":2102,"deaths":0},{"race":[],"age_group":"40-49   ","count":165,"tested":2030,"deaths":0},{"race":[],"age_group":"50-59   ","count":112,"tested":1800,"deaths":0},{"race":[],"age_group":"60-69   ","count":115,"tested":915,"deaths":0},{"race":[],"age_group":"70-79   ","count":42,"tested":412,"deaths":0},{"race":[],"age_group":"80+","count":22,"tested":216,"deaths":0}],"race":[{"description":"AI/AN**","count":0,"tested":17,"deaths":0,"color":"rgb(31,119,180)"},{"description":"Asian","count":0,"tested":15,"deaths":0,"color":"rgb(140,86,75)"},{"description":"Black","count":211,"tested":2341,"deaths":0,"color":"rgb(255,127,14)"},{"description":"Hispanic","count":107,"tested":901,"deaths":0,"color":"rgb(214,39,40)"},{"description":"Left Blank","count":198,"tested":2801,"deaths":0,"color":"rgb(44,160,44)"},{"description":"NH/PI*","count":0,"tested":10,"deaths":0,"color":"rgb(127,127,127)"},{"description":"Other","count":8,"tested":182,"deaths":0,"color":"rgb(148,103,189)"},{"description":"White","count":485,"tested":4181,"deaths":0,"color":"rgb(31,119,180)"}],"gender":[{"description":"Female","count":493,"tested":5417,"deaths":0,"color":"rgb(255,127,14)"},{"description":"Male","count":491,"tested":4384,"deaths":0,"color":"rgb(31,119,180)"},{"description":"Unknown/Left Blank","count":29,"tested":647,"deaths":0,"color":"rgb(44,160,44)"}]}}]}
