{"lastUpdatedDate":{"year":2021,"month":10,"day":4},"county_demographics":[{"County":"Montgomery","confirmed_cases":4783,"total_tested":102615,"demographics":{"age":[{"race":[],"age_group":"<20","count":770,"tested":10042,"deaths":0},{"race":[],"age_group":"20-29   ","count":698,"tested":17189,"deaths":0},{"race":[],"age_group":"30-39   ","count":851,"tested":21145,"deaths":0},{"race":[],"age_group":"40-49   ","count":686,"tested":16096,"deaths":0},{"race":[],"age_group":"50-59   ","count":702,"tested":13643,"deaths":0},{"race":[],"age_group":"60-69   ","count":556,"tested":10180,"deaths":0},{"race":[],"age_group":"70-79   ","count":263,"tested":5180,"deaths":0},{"race":[],"age_group":"80+","count":251,"tested":7374,"deaths":0},{"race":[],"age_group":"Unknown","count":0,"tested":1766,"deaths":0}],"race":[{"description":"AI/AN**","count":0,"tested":29,"deaths":0,"color":"rgb(31,119,180)"},{"description":"Asian","count":0,"tested":185,"deaths":0,"color":"rgb(140,86,75)"},{"description":"Black","count":178,"tested":911,"deaths":0,"color":"rgb(255,127,14)"},{"description":"Hispanic","count":34,"tested":248,"deaths":0,"color":"rgb(214,39,40)"},{"description":"Left Blank","count":2011,"tested":69215,"deaths":0,"color":"rgb(44,160,44)"},{"description":"NH/PI*","count":0,"tested":47,"deaths":0,"color":"rgb(127,127,127)"},{"description":"Other","count":27,"tested":456,"deaths":0,"color":"rgb(148,103,189)"},{"description":"White","count":2519,"tested":31524,"deaths":0,"color":"rgb(31,119,180)"}],"gender":[{"description":"Female","count":2158,"tested":41537,"deaths":0,"color":"rgb(255,127,14)"},{"description":"Male","count":2384,"tested":46354,"deaths":0,"color":"rgb(31,119,180)"},{"description":"Unknown/Left Blank","count":241,"tested":14724,"deaths":0,"color":"rgb(44,160,44)"}]}}]}
