{"lastUpdatedDate":{"year":2020,"month":12,"day":31},"county_demographics":[{"County":"Mercer","confirmed_cases":1069,"total_tested":11739,"demographics":{"age":[{"race":[],"age_group":"<20","count":161,"tested":1880,"deaths":0},{"race":[],"age_group":"20-29   ","count":125,"tested":1358,"deaths":0},{"race":[],"age_group":"30-39   ","count":135,"tested":1362,"deaths":0},{"race":[],"age_group":"40-49   ","count":167,"tested":1404,"deaths":0},{"race":[],"age_group":"50-59   ","count":178,"tested":1681,"deaths":0},{"race":[],"age_group":"60-69   ","count":138,"tested":1512,"deaths":0},{"race":[],"age_group":"70-79   ","count":76,"tested":1134,"deaths":0},{"race":[],"age_group":"80+","count":82,"tested":1395,"deaths":0},{"race":[],"age_group":"Unknown","count":0,"tested":13,"deaths":0}],"race":[{"description":"Asian","count":0,"tested":0,"deaths":0,"color":"rgb(140,86,75)"},{"description":"Black","count":0,"tested":13,"deaths":0,"color":"rgb(255,127,14)"},{"description":"Hispanic","count":10,"tested":54,"deaths":0,"color":"rgb(214,39,40)"},{"description":"Left Blank","count":538,"tested":5967,"deaths":0,"color":"rgb(44,160,44)"},{"description":"NH/PI*","count":0,"tested":0,"deaths":0,"color":"rgb(127,127,127)"},{"description":"Other","count":0,"tested":134,"deaths":0,"color":"rgb(148,103,189)"},{"description":"White","count":510,"tested":5566,"deaths":0,"color":"rgb(31,119,180)"}],"gender":[{"description":"Female","count":574,"tested":6983,"deaths":0,"color":"rgb(255,127,14)"},{"description":"Male","count":483,"tested":4565,"deaths":0,"color":"rgb(31,119,180)"},{"description":"Unknown/Left Blank","count":8,"tested":191,"deaths":0,"color":"rgb(44,160,44)"}]}}]}
