{"lastUpdatedDate":{"year":2020,"month":12,"day":31},"county_demographics":[{"County":"Hancock","confirmed_cases":1316,"total_tested":12338,"demographics":{"age":[{"race":[],"age_group":"<20","count":176,"tested":1297,"deaths":0},{"race":[],"age_group":"20-29   ","count":178,"tested":1739,"deaths":0},{"race":[],"age_group":"30-39   ","count":177,"tested":1653,"deaths":0},{"race":[],"age_group":"40-49   ","count":145,"tested":1467,"deaths":0},{"race":[],"age_group":"50-59   ","count":217,"tested":1986,"deaths":0},{"race":[],"age_group":"60-69   ","count":207,"tested":1736,"deaths":0},{"race":[],"age_group":"70-79   ","count":128,"tested":1098,"deaths":0},{"race":[],"age_group":"80+","count":88,"tested":1360,"deaths":0},{"race":[],"age_group":"Unknown","count":0,"tested":0,"deaths":0}],"race":[{"description":"AI/AN**","count":0,"tested":6,"deaths":0,"color":"rgb(31,119,180)"},{"description":"Asian","count":0,"tested":6,"deaths":0,"color":"rgb(140,86,75)"},{"description":"Black","count":0,"tested":14,"deaths":0,"color":"rgb(255,127,14)"},{"description":"Hispanic","count":11,"tested":41,"deaths":0,"color":"rgb(214,39,40)"},{"description":"Left Blank","count":851,"tested":7061,"deaths":0,"color":"rgb(44,160,44)"},{"description":"NH/PI*","count":0,"tested":10,"deaths":0,"color":"rgb(127,127,127)"},{"description":"Other","count":11,"tested":110,"deaths":0,"color":"rgb(148,103,189)"},{"description":"White","count":434,"tested":5090,"deaths":0,"color":"rgb(31,119,180)"}],"gender":[{"description":"Female","count":700,"tested":7780,"deaths":0,"color":"rgb(255,127,14)"},{"description":"Male","count":579,"tested":4092,"deaths":0,"color":"rgb(31,119,180)"},{"description":"Unknown/Left Blank","count":37,"tested":466,"deaths":0,"color":"rgb(44,160,44)"}]}}]}
