{"lastUpdatedDate":{"year":2020,"month":12,"day":31},"county_demographics":[{"County":"Sangamon","confirmed_cases":13219,"total_tested":235695,"demographics":{"age":[{"race":[],"age_group":"<20","count":1872,"tested":27023,"deaths":0},{"race":[],"age_group":"20-29   ","count":2286,"tested":39878,"deaths":0},{"race":[],"age_group":"30-39   ","count":1965,"tested":35697,"deaths":0},{"race":[],"age_group":"40-49   ","count":1859,"tested":31980,"deaths":0},{"race":[],"age_group":"50-59   ","count":2011,"tested":35696,"deaths":0},{"race":[],"age_group":"60-69   ","count":1579,"tested":30890,"deaths":0},{"race":[],"age_group":"70-79   ","count":936,"tested":19529,"deaths":0},{"race":[],"age_group":"80+","count":711,"tested":14920,"deaths":0},{"race":[],"age_group":"Unknown","count":0,"tested":82,"deaths":0}],"race":[{"description":"AI/AN**","count":0,"tested":188,"deaths":0,"color":"rgb(31,119,180)"},{"description":"Asian","count":83,"tested":2182,"deaths":0,"color":"rgb(140,86,75)"},{"description":"Black","count":1402,"tested":16661,"deaths":0,"color":"rgb(255,127,14)"},{"description":"Hispanic","count":143,"tested":1739,"deaths":0,"color":"rgb(214,39,40)"},{"description":"Left Blank","count":6270,"tested":109543,"deaths":0,"color":"rgb(44,160,44)"},{"description":"NH/PI*","count":25,"tested":1854,"deaths":0,"color":"rgb(127,127,127)"},{"description":"Other","count":147,"tested":4614,"deaths":0,"color":"rgb(148,103,189)"},{"description":"White","count":5139,"tested":98914,"deaths":0,"color":"rgb(31,119,180)"}],"gender":[{"description":"Female","count":6769,"tested":138137,"deaths":0,"color":"rgb(255,127,14)"},{"description":"Male","count":5484,"tested":92267,"deaths":0,"color":"rgb(31,119,180)"},{"description":"Unknown/Left Blank","count":966,"tested":5291,"deaths":0,"color":"rgb(44,160,44)"}]}}]}
