{"lastUpdatedDate":{"year":2020,"month":12,"day":31},"county_demographics":[{"County":"Kendall","confirmed_cases":8449,"total_tested":81191,"demographics":{"age":[{"race":[],"age_group":"<20","count":1413,"tested":13299,"deaths":0},{"race":[],"age_group":"20-29   ","count":1514,"tested":13391,"deaths":0},{"race":[],"age_group":"30-39   ","count":1544,"tested":14127,"deaths":0},{"race":[],"age_group":"40-49   ","count":1625,"tested":13931,"deaths":0},{"race":[],"age_group":"50-59   ","count":1216,"tested":11405,"deaths":0},{"race":[],"age_group":"60-69   ","count":632,"tested":7362,"deaths":0},{"race":[],"age_group":"70-79   ","count":320,"tested":4354,"deaths":0},{"race":[],"age_group":"80+","count":178,"tested":3300,"deaths":0},{"race":[],"age_group":"Unknown","count":0,"tested":22,"deaths":0}],"race":[{"description":"AI/AN**","count":8,"tested":59,"deaths":0,"color":"rgb(31,119,180)"},{"description":"Asian","count":127,"tested":1352,"deaths":0,"color":"rgb(140,86,75)"},{"description":"Black","count":493,"tested":4158,"deaths":0,"color":"rgb(255,127,14)"},{"description":"Hispanic","count":1928,"tested":9066,"deaths":0,"color":"rgb(214,39,40)"},{"description":"Left Blank","count":2450,"tested":33395,"deaths":0,"color":"rgb(44,160,44)"},{"description":"NH/PI*","count":0,"tested":43,"deaths":0,"color":"rgb(127,127,127)"},{"description":"Other","count":219,"tested":2631,"deaths":0,"color":"rgb(148,103,189)"},{"description":"White","count":3216,"tested":30487,"deaths":0,"color":"rgb(31,119,180)"}],"gender":[{"description":"Female","count":4485,"tested":46657,"deaths":0,"color":"rgb(255,127,14)"},{"description":"Male","count":3937,"tested":33295,"deaths":0,"color":"rgb(31,119,180)"},{"description":"Unknown/Left Blank","count":27,"tested":1239,"deaths":0,"color":"rgb(44,160,44)"}]}}]}
