{"lastUpdatedDate":{"year":2020,"month":12,"day":31},"county_demographics":[{"County":"Wayne","confirmed_cases":1336,"total_tested":10464,"demographics":{"age":[{"race":[],"age_group":"<20","count":218,"tested":1522,"deaths":0},{"race":[],"age_group":"20-29   ","count":172,"tested":1829,"deaths":0},{"race":[],"age_group":"30-39   ","count":172,"tested":1613,"deaths":0},{"race":[],"age_group":"40-49   ","count":167,"tested":1271,"deaths":0},{"race":[],"age_group":"50-59   ","count":193,"tested":1380,"deaths":0},{"race":[],"age_group":"60-69   ","count":192,"tested":1209,"deaths":0},{"race":[],"age_group":"70-79   ","count":125,"tested":728,"deaths":0},{"race":[],"age_group":"80+","count":88,"tested":897,"deaths":0},{"race":[],"age_group":"Unknown","count":0,"tested":15,"deaths":0}],"race":[{"description":"Asian","count":0,"tested":0,"deaths":0,"color":"rgb(140,86,75)"},{"description":"Black","count":0,"tested":14,"deaths":0,"color":"rgb(255,127,14)"},{"description":"Hispanic","count":16,"tested":112,"deaths":0,"color":"rgb(214,39,40)"},{"description":"Left Blank","count":165,"tested":2677,"deaths":0,"color":"rgb(44,160,44)"},{"description":"NH/PI*","count":0,"tested":0,"deaths":0,"color":"rgb(127,127,127)"},{"description":"Other","count":0,"tested":63,"deaths":0,"color":"rgb(148,103,189)"},{"description":"White","count":1152,"tested":7595,"deaths":0,"color":"rgb(31,119,180)"}],"gender":[{"description":"Female","count":700,"tested":6669,"deaths":0,"color":"rgb(255,127,14)"},{"description":"Male","count":617,"tested":3442,"deaths":0,"color":"rgb(31,119,180)"},{"description":"Unknown/Left Blank","count":19,"tested":353,"deaths":0,"color":"rgb(44,160,44)"}]}}]}
