{"lastUpdatedDate":{"year":2020,"month":12,"day":31},"county_demographics":[{"County":"Ogle","confirmed_cases":4102,"total_tested":38158,"demographics":{"age":[{"race":[],"age_group":"<20","count":608,"tested":5617,"deaths":0},{"race":[],"age_group":"20-29   ","count":692,"tested":5720,"deaths":0},{"race":[],"age_group":"30-39   ","count":622,"tested":5553,"deaths":0},{"race":[],"age_group":"40-49   ","count":630,"tested":5014,"deaths":0},{"race":[],"age_group":"50-59   ","count":651,"tested":5665,"deaths":0},{"race":[],"age_group":"60-69   ","count":411,"tested":4538,"deaths":0},{"race":[],"age_group":"70-79   ","count":239,"tested":2726,"deaths":0},{"race":[],"age_group":"80+","count":204,"tested":3308,"deaths":0},{"race":[],"age_group":"Unknown","count":45,"tested":17,"deaths":0}],"race":[{"description":"AI/AN**","count":0,"tested":41,"deaths":0,"color":"rgb(31,119,180)"},{"description":"Asian","count":0,"tested":43,"deaths":0,"color":"rgb(140,86,75)"},{"description":"Black","count":23,"tested":319,"deaths":0,"color":"rgb(255,127,14)"},{"description":"Hispanic","count":359,"tested":1104,"deaths":0,"color":"rgb(214,39,40)"},{"description":"Left Blank","count":1733,"tested":18303,"deaths":0,"color":"rgb(44,160,44)"},{"description":"NH/PI*","count":0,"tested":0,"deaths":0,"color":"rgb(127,127,127)"},{"description":"Other","count":62,"tested":449,"deaths":0,"color":"rgb(148,103,189)"},{"description":"White","count":1915,"tested":17896,"deaths":0,"color":"rgb(31,119,180)"}],"gender":[{"description":"Female","count":2172,"tested":22762,"deaths":0,"color":"rgb(255,127,14)"},{"description":"Male","count":1864,"tested":12730,"deaths":0,"color":"rgb(31,119,180)"},{"description":"Unknown/Left Blank","count":66,"tested":2666,"deaths":0,"color":"rgb(44,160,44)"}]}}]}
