{"lastUpdatedDate":{"year":2020,"month":12,"day":31},"county_demographics":[{"County":"Macon","confirmed_cases":7959,"total_tested":100670,"demographics":{"age":[{"race":[],"age_group":"<20","count":1105,"tested":11610,"deaths":0},{"race":[],"age_group":"20-29   ","count":1179,"tested":15614,"deaths":0},{"race":[],"age_group":"30-39   ","count":1140,"tested":13782,"deaths":0},{"race":[],"age_group":"40-49   ","count":1121,"tested":13008,"deaths":0},{"race":[],"age_group":"50-59   ","count":1140,"tested":13119,"deaths":0},{"race":[],"age_group":"60-69   ","count":1026,"tested":13071,"deaths":0},{"race":[],"age_group":"70-79   ","count":706,"tested":9230,"deaths":0},{"race":[],"age_group":"80+","count":538,"tested":11072,"deaths":0},{"race":[],"age_group":"Unknown","count":0,"tested":164,"deaths":0}],"race":[{"description":"AI/AN**","count":0,"tested":28,"deaths":0,"color":"rgb(31,119,180)"},{"description":"Asian","count":41,"tested":277,"deaths":0,"color":"rgb(140,86,75)"},{"description":"Black","count":1245,"tested":7664,"deaths":0,"color":"rgb(255,127,14)"},{"description":"Hispanic","count":80,"tested":502,"deaths":0,"color":"rgb(214,39,40)"},{"description":"Left Blank","count":2514,"tested":59589,"deaths":0,"color":"rgb(44,160,44)"},{"description":"NH/PI*","count":0,"tested":55,"deaths":0,"color":"rgb(127,127,127)"},{"description":"Other","count":107,"tested":1259,"deaths":0,"color":"rgb(148,103,189)"},{"description":"White","count":3954,"tested":31296,"deaths":0,"color":"rgb(31,119,180)"}],"gender":[{"description":"Female","count":4419,"tested":61616,"deaths":0,"color":"rgb(255,127,14)"},{"description":"Male","count":3428,"tested":34203,"deaths":0,"color":"rgb(31,119,180)"},{"description":"Unknown/Left Blank","count":108,"tested":4851,"deaths":0,"color":"rgb(44,160,44)"}]}}]}
