{"lastUpdatedDate":{"year":2020,"month":12,"day":31},"county_demographics":[{"County":"Washington","confirmed_cases":1225,"total_tested":8201,"demographics":{"age":[{"race":[],"age_group":"<20","count":157,"tested":1133,"deaths":0},{"race":[],"age_group":"20-29   ","count":163,"tested":1128,"deaths":0},{"race":[],"age_group":"30-39   ","count":170,"tested":1283,"deaths":0},{"race":[],"age_group":"40-49   ","count":168,"tested":1107,"deaths":0},{"race":[],"age_group":"50-59   ","count":197,"tested":1137,"deaths":0},{"race":[],"age_group":"60-69   ","count":189,"tested":1238,"deaths":0},{"race":[],"age_group":"70-79   ","count":79,"tested":706,"deaths":0},{"race":[],"age_group":"80+","count":102,"tested":467,"deaths":0},{"race":[],"age_group":"Unknown","count":0,"tested":0,"deaths":0}],"race":[{"description":"AI/AN**","count":0,"tested":0,"deaths":0,"color":"rgb(31,119,180)"},{"description":"Asian","count":0,"tested":19,"deaths":0,"color":"rgb(140,86,75)"},{"description":"Black","count":0,"tested":48,"deaths":0,"color":"rgb(255,127,14)"},{"description":"Hispanic","count":12,"tested":65,"deaths":0,"color":"rgb(214,39,40)"},{"description":"Left Blank","count":402,"tested":2529,"deaths":0,"color":"rgb(44,160,44)"},{"description":"NH/PI*","count":0,"tested":0,"deaths":0,"color":"rgb(127,127,127)"},{"description":"Other","count":12,"tested":168,"deaths":0,"color":"rgb(148,103,189)"},{"description":"White","count":792,"tested":5364,"deaths":0,"color":"rgb(31,119,180)"}],"gender":[{"description":"Female","count":672,"tested":4927,"deaths":0,"color":"rgb(255,127,14)"},{"description":"Male","count":539,"tested":3097,"deaths":0,"color":"rgb(31,119,180)"},{"description":"Unknown/Left Blank","count":11,"tested":177,"deaths":0,"color":"rgb(44,160,44)"}]}}]}
