{"lastUpdatedDate":{"year":2020,"month":12,"day":31},"county_demographics":[{"County":"Gallatin","confirmed_cases":330,"total_tested":2529,"demographics":{"age":[{"race":[],"age_group":"<20","count":42,"tested":414,"deaths":0},{"race":[],"age_group":"20-29   ","count":40,"tested":392,"deaths":0},{"race":[],"age_group":"30-39   ","count":44,"tested":365,"deaths":0},{"race":[],"age_group":"40-49   ","count":48,"tested":332,"deaths":0},{"race":[],"age_group":"50-59   ","count":49,"tested":368,"deaths":0},{"race":[],"age_group":"60-69   ","count":44,"tested":310,"deaths":0},{"race":[],"age_group":"70-79   ","count":38,"tested":263,"deaths":0},{"race":[],"age_group":"80+","count":18,"tested":83,"deaths":0},{"race":[],"age_group":"Unknown","count":0,"tested":0,"deaths":0}],"race":[{"description":"AI/AN**","count":0,"tested":0,"deaths":0,"color":"rgb(31,119,180)"},{"description":"Asian","count":0,"tested":0,"deaths":0,"color":"rgb(140,86,75)"},{"description":"Black","count":0,"tested":24,"deaths":0,"color":"rgb(255,127,14)"},{"description":"Hispanic","count":9,"tested":23,"deaths":0,"color":"rgb(214,39,40)"},{"description":"Left Blank","count":66,"tested":975,"deaths":0,"color":"rgb(44,160,44)"},{"description":"Other","count":0,"tested":18,"deaths":0,"color":"rgb(148,103,189)"},{"description":"White","count":250,"tested":1487,"deaths":0,"color":"rgb(31,119,180)"}],"gender":[{"description":"Female","count":172,"tested":1625,"deaths":0,"color":"rgb(255,127,14)"},{"description":"Male","count":150,"tested":823,"deaths":0,"color":"rgb(31,119,180)"},{"description":"Unknown/Left Blank","count":8,"tested":81,"deaths":0,"color":"rgb(44,160,44)"}]}}]}
