{"lastUpdatedDate":{"year":2020,"month":12,"day":31},"county_demographics":[{"County":"Pulaski","confirmed_cases":560,"total_tested":3825,"demographics":{"age":[{"race":[],"age_group":"<20","count":69,"tested":387,"deaths":0},{"race":[],"age_group":"20-29   ","count":104,"tested":658,"deaths":0},{"race":[],"age_group":"30-39   ","count":90,"tested":760,"deaths":0},{"race":[],"age_group":"40-49   ","count":105,"tested":688,"deaths":0},{"race":[],"age_group":"50-59   ","count":65,"tested":595,"deaths":0},{"race":[],"age_group":"60-69   ","count":67,"tested":482,"deaths":0},{"race":[],"age_group":"70-79   ","count":26,"tested":173,"deaths":0},{"race":[],"age_group":"80+","count":15,"tested":82,"deaths":0}],"race":[{"description":"Asian","count":0,"tested":7,"deaths":0,"color":"rgb(140,86,75)"},{"description":"Black","count":74,"tested":667,"deaths":0,"color":"rgb(255,127,14)"},{"description":"Hispanic","count":93,"tested":398,"deaths":0,"color":"rgb(214,39,40)"},{"description":"Left Blank","count":142,"tested":1224,"deaths":0,"color":"rgb(44,160,44)"},{"description":"NH/PI*","count":0,"tested":0,"deaths":0,"color":"rgb(127,127,127)"},{"description":"Other","count":0,"tested":44,"deaths":0,"color":"rgb(148,103,189)"},{"description":"White","count":246,"tested":1485,"deaths":0,"color":"rgb(31,119,180)"}],"gender":[{"description":"Female","count":248,"tested":1864,"deaths":0,"color":"rgb(255,127,14)"},{"description":"Male","count":282,"tested":1707,"deaths":0,"color":"rgb(31,119,180)"},{"description":"Unknown/Left Blank","count":30,"tested":254,"deaths":0,"color":"rgb(44,160,44)"}]}}]}
