{"lastUpdatedDate":{"year":2020,"month":12,"day":31},"county_demographics":[{"County":"Macoupin","confirmed_cases":3273,"total_tested":44817,"demographics":{"age":[{"race":[],"age_group":"<20","count":488,"tested":5707,"deaths":0},{"race":[],"age_group":"20-29   ","count":452,"tested":6245,"deaths":0},{"race":[],"age_group":"30-39   ","count":472,"tested":6450,"deaths":0},{"race":[],"age_group":"40-49   ","count":490,"tested":6076,"deaths":0},{"race":[],"age_group":"50-59   ","count":476,"tested":6656,"deaths":0},{"race":[],"age_group":"60-69   ","count":426,"tested":5960,"deaths":0},{"race":[],"age_group":"70-79   ","count":256,"tested":3338,"deaths":0},{"race":[],"age_group":"80+","count":211,"tested":4362,"deaths":0},{"race":[],"age_group":"Unknown","count":0,"tested":23,"deaths":0}],"race":[{"description":"AI/AN**","count":0,"tested":15,"deaths":0,"color":"rgb(31,119,180)"},{"description":"Asian","count":0,"tested":80,"deaths":0,"color":"rgb(140,86,75)"},{"description":"Black","count":30,"tested":397,"deaths":0,"color":"rgb(255,127,14)"},{"description":"Hispanic","count":11,"tested":141,"deaths":0,"color":"rgb(214,39,40)"},{"description":"Left Blank","count":1032,"tested":10692,"deaths":0,"color":"rgb(44,160,44)"},{"description":"NH/PI*","count":0,"tested":18,"deaths":0,"color":"rgb(127,127,127)"},{"description":"Other","count":51,"tested":555,"deaths":0,"color":"rgb(148,103,189)"},{"description":"White","count":2139,"tested":32919,"deaths":0,"color":"rgb(31,119,180)"}],"gender":[{"description":"Female","count":1745,"tested":28526,"deaths":0,"color":"rgb(255,127,14)"},{"description":"Male","count":1447,"tested":15330,"deaths":0,"color":"rgb(31,119,180)"},{"description":"Unknown/Left Blank","count":81,"tested":961,"deaths":0,"color":"rgb(44,160,44)"}]}}]}
