{"lastUpdatedDate":{"year":2021,"month":4,"day":6},"county_demographics":[{"County":"Livingston","confirmed_cases":4454,"total_tested":95518,"demographics":{"age":[{"race":[],"age_group":"<20","count":608,"tested":8236,"deaths":0},{"race":[],"age_group":"20-29   ","count":670,"tested":13306,"deaths":0},{"race":[],"age_group":"30-39   ","count":736,"tested":16706,"deaths":0},{"race":[],"age_group":"40-49   ","count":653,"tested":14531,"deaths":0},{"race":[],"age_group":"50-59   ","count":662,"tested":15068,"deaths":0},{"race":[],"age_group":"60-69   ","count":529,"tested":9973,"deaths":0},{"race":[],"age_group":"70-79   ","count":284,"tested":5201,"deaths":0},{"race":[],"age_group":"80+","count":307,"tested":9460,"deaths":0},{"race":[],"age_group":"Unknown","count":0,"tested":3037,"deaths":0}],"race":[{"description":"AI/AN**","count":0,"tested":34,"deaths":0,"color":"rgb(31,119,180)"},{"description":"Asian","count":6,"tested":113,"deaths":0,"color":"rgb(140,86,75)"},{"description":"Black","count":103,"tested":1123,"deaths":0,"color":"rgb(255,127,14)"},{"description":"Hispanic","count":121,"tested":1115,"deaths":0,"color":"rgb(214,39,40)"},{"description":"Left Blank","count":1045,"tested":57772,"deaths":0,"color":"rgb(44,160,44)"},{"description":"NH/PI*","count":0,"tested":12,"deaths":0,"color":"rgb(127,127,127)"},{"description":"Other","count":105,"tested":1076,"deaths":0,"color":"rgb(148,103,189)"},{"description":"White","count":3069,"tested":34273,"deaths":0,"color":"rgb(31,119,180)"}],"gender":[{"description":"Female","count":2233,"tested":43346,"deaths":0,"color":"rgb(255,127,14)"},{"description":"Male","count":2140,"tested":33780,"deaths":0,"color":"rgb(31,119,180)"},{"description":"Unknown/Left Blank","count":81,"tested":18392,"deaths":0,"color":"rgb(44,160,44)"}]}}]}
