{"lastUpdatedDate":{"year":2021,"month":4,"day":6},"county_demographics":[{"County":"Union","confirmed_cases":2228,"total_tested":32773,"demographics":{"age":[{"race":[],"age_group":"<20","count":316,"tested":2652,"deaths":0},{"race":[],"age_group":"20-29   ","count":347,"tested":4709,"deaths":0},{"race":[],"age_group":"30-39   ","count":322,"tested":5114,"deaths":0},{"race":[],"age_group":"40-49   ","count":308,"tested":5261,"deaths":0},{"race":[],"age_group":"50-59   ","count":344,"tested":6006,"deaths":0},{"race":[],"age_group":"60-69   ","count":288,"tested":3925,"deaths":0},{"race":[],"age_group":"70-79   ","count":183,"tested":2292,"deaths":0},{"race":[],"age_group":"80+","count":120,"tested":2809,"deaths":0},{"race":[],"age_group":"Unknown","count":0,"tested":0,"deaths":0}],"race":[{"description":"AI/AN**","count":0,"tested":6,"deaths":0,"color":"rgb(31,119,180)"},{"description":"Asian","count":0,"tested":74,"deaths":0,"color":"rgb(140,86,75)"},{"description":"Black","count":69,"tested":1201,"deaths":0,"color":"rgb(255,127,14)"},{"description":"Hispanic","count":105,"tested":640,"deaths":0,"color":"rgb(214,39,40)"},{"description":"Left Blank","count":306,"tested":8455,"deaths":0,"color":"rgb(44,160,44)"},{"description":"NH/PI*","count":0,"tested":51,"deaths":0,"color":"rgb(127,127,127)"},{"description":"Other","count":15,"tested":192,"deaths":0,"color":"rgb(148,103,189)"},{"description":"White","count":1731,"tested":22154,"deaths":0,"color":"rgb(31,119,180)"}],"gender":[{"description":"Female","count":1102,"tested":16662,"deaths":0,"color":"rgb(255,127,14)"},{"description":"Male","count":1044,"tested":14008,"deaths":0,"color":"rgb(31,119,180)"},{"description":"Unknown/Left Blank","count":82,"tested":2103,"deaths":0,"color":"rgb(44,160,44)"}]}}]}
