{"lastUpdatedDate":{"year":2021,"month":4,"day":6},"county_demographics":[{"County":"Edwards","confirmed_cases":542,"total_tested":4176,"demographics":{"age":[{"race":[],"age_group":"<20","count":77,"tested":792,"deaths":0},{"race":[],"age_group":"20-29   ","count":65,"tested":615,"deaths":0},{"race":[],"age_group":"30-39   ","count":60,"tested":540,"deaths":0},{"race":[],"age_group":"40-49   ","count":77,"tested":609,"deaths":0},{"race":[],"age_group":"50-59   ","count":82,"tested":640,"deaths":0},{"race":[],"age_group":"60-69   ","count":81,"tested":501,"deaths":0},{"race":[],"age_group":"70-79   ","count":68,"tested":304,"deaths":0},{"race":[],"age_group":"80+","count":30,"tested":174,"deaths":0},{"race":[],"age_group":"Unknown","count":0,"tested":0,"deaths":0}],"race":[{"description":"Asian","count":0,"tested":0,"deaths":0,"color":"rgb(140,86,75)"},{"description":"Black","count":0,"tested":8,"deaths":0,"color":"rgb(255,127,14)"},{"description":"Hispanic","count":0,"tested":8,"deaths":0,"color":"rgb(214,39,40)"},{"description":"Left Blank","count":52,"tested":961,"deaths":0,"color":"rgb(44,160,44)"},{"description":"NH/PI*","count":0,"tested":0,"deaths":0,"color":"rgb(127,127,127)"},{"description":"Other","count":0,"tested":8,"deaths":0,"color":"rgb(148,103,189)"},{"description":"White","count":487,"tested":3185,"deaths":0,"color":"rgb(31,119,180)"}],"gender":[{"description":"Female","count":287,"tested":2711,"deaths":0,"color":"rgb(255,127,14)"},{"description":"Male","count":248,"tested":1279,"deaths":0,"color":"rgb(31,119,180)"},{"description":"Unknown/Left Blank","count":7,"tested":186,"deaths":0,"color":"rgb(44,160,44)"}]}}]}
