{"lastUpdatedDate":{"year":2021,"month":4,"day":6},"county_demographics":[{"County":"Stephenson","confirmed_cases":4346,"total_tested":53467,"demographics":{"age":[{"race":[],"age_group":"<20","count":673,"tested":6584,"deaths":0},{"race":[],"age_group":"20-29   ","count":621,"tested":7426,"deaths":0},{"race":[],"age_group":"30-39   ","count":637,"tested":6987,"deaths":0},{"race":[],"age_group":"40-49   ","count":548,"tested":5543,"deaths":0},{"race":[],"age_group":"50-59   ","count":712,"tested":7790,"deaths":0},{"race":[],"age_group":"60-69   ","count":566,"tested":6947,"deaths":0},{"race":[],"age_group":"70-79   ","count":303,"tested":4670,"deaths":0},{"race":[],"age_group":"80+","count":286,"tested":7503,"deaths":0},{"race":[],"age_group":"Unknown","count":0,"tested":17,"deaths":0}],"race":[{"description":"AI/AN**","count":0,"tested":31,"deaths":0,"color":"rgb(31,119,180)"},{"description":"Asian","count":19,"tested":168,"deaths":0,"color":"rgb(140,86,75)"},{"description":"Black","count":269,"tested":2517,"deaths":0,"color":"rgb(255,127,14)"},{"description":"Hispanic","count":143,"tested":710,"deaths":0,"color":"rgb(214,39,40)"},{"description":"Left Blank","count":964,"tested":21880,"deaths":0,"color":"rgb(44,160,44)"},{"description":"NH/PI*","count":0,"tested":18,"deaths":0,"color":"rgb(127,127,127)"},{"description":"Other","count":47,"tested":789,"deaths":0,"color":"rgb(148,103,189)"},{"description":"White","count":2892,"tested":27354,"deaths":0,"color":"rgb(31,119,180)"}],"gender":[{"description":"Female","count":2363,"tested":34890,"deaths":0,"color":"rgb(255,127,14)"},{"description":"Male","count":1938,"tested":17559,"deaths":0,"color":"rgb(31,119,180)"},{"description":"Unknown/Left Blank","count":41,"tested":1018,"deaths":0,"color":"rgb(44,160,44)"}]}}]}
