{"lastUpdatedDate":{"year":2021,"month":4,"day":6},"county_demographics":[{"County":"Champaign","confirmed_cases":19227,"total_tested":2097101,"demographics":{"age":[{"race":[],"age_group":"<20","count":5226,"tested":481993,"deaths":0},{"race":[],"age_group":"20-29   ","count":5727,"tested":953671,"deaths":0},{"race":[],"age_group":"30-39   ","count":2337,"tested":207265,"deaths":0},{"race":[],"age_group":"40-49   ","count":2000,"tested":157891,"deaths":0},{"race":[],"age_group":"50-59   ","count":1658,"tested":148655,"deaths":0},{"race":[],"age_group":"60-69   ","count":1270,"tested":92371,"deaths":0},{"race":[],"age_group":"70-79   ","count":541,"tested":31510,"deaths":0},{"race":[],"age_group":"80+","count":466,"tested":23459,"deaths":0},{"race":[],"age_group":"Unknown","count":0,"tested":286,"deaths":0}],"race":[{"description":"AI/AN**","count":11,"tested":2850,"deaths":0,"color":"rgb(31,119,180)"},{"description":"Asian","count":1041,"tested":412765,"deaths":0,"color":"rgb(140,86,75)"},{"description":"Black","count":2946,"tested":158190,"deaths":0,"color":"rgb(255,127,14)"},{"description":"Hispanic","count":2262,"tested":167966,"deaths":0,"color":"rgb(214,39,40)"},{"description":"Left Blank","count":761,"tested":95881,"deaths":0,"color":"rgb(44,160,44)"},{"description":"NH/PI*","count":9,"tested":1362,"deaths":0,"color":"rgb(127,127,127)"},{"description":"Other","count":512,"tested":92082,"deaths":0,"color":"rgb(148,103,189)"},{"description":"White","count":11683,"tested":1166005,"deaths":0,"color":"rgb(31,119,180)"}],"gender":[{"description":"Female","count":9619,"tested":1021428,"deaths":0,"color":"rgb(255,127,14)"},{"description":"Male","count":9575,"tested":1070524,"deaths":0,"color":"rgb(31,119,180)"},{"description":"Unknown/Left Blank","count":33,"tested":5149,"deaths":0,"color":"rgb(44,160,44)"}]}}]}
