{"lastUpdatedDate":{"year":2021,"month":4,"day":6},"county_demographics":[{"County":"Moultrie","confirmed_cases":1543,"total_tested":22532,"demographics":{"age":[{"race":[],"age_group":"<20","count":256,"tested":3465,"deaths":0},{"race":[],"age_group":"20-29   ","count":181,"tested":3474,"deaths":0},{"race":[],"age_group":"30-39   ","count":181,"tested":3089,"deaths":0},{"race":[],"age_group":"40-49   ","count":168,"tested":3077,"deaths":0},{"race":[],"age_group":"50-59   ","count":244,"tested":3310,"deaths":0},{"race":[],"age_group":"60-69   ","count":227,"tested":2803,"deaths":0},{"race":[],"age_group":"70-79   ","count":150,"tested":1731,"deaths":0},{"race":[],"age_group":"80+","count":136,"tested":1566,"deaths":0},{"race":[],"age_group":"Unknown","count":0,"tested":17,"deaths":0}],"race":[{"description":"AI/AN**","count":0,"tested":0,"deaths":0,"color":"rgb(31,119,180)"},{"description":"Asian","count":0,"tested":44,"deaths":0,"color":"rgb(140,86,75)"},{"description":"Black","count":14,"tested":212,"deaths":0,"color":"rgb(255,127,14)"},{"description":"Hispanic","count":12,"tested":101,"deaths":0,"color":"rgb(214,39,40)"},{"description":"Left Blank","count":403,"tested":7322,"deaths":0,"color":"rgb(44,160,44)"},{"description":"NH/PI*","count":0,"tested":19,"deaths":0,"color":"rgb(127,127,127)"},{"description":"Other","count":13,"tested":367,"deaths":0,"color":"rgb(148,103,189)"},{"description":"White","count":1098,"tested":14462,"deaths":0,"color":"rgb(31,119,180)"}],"gender":[{"description":"Female","count":807,"tested":14219,"deaths":0,"color":"rgb(255,127,14)"},{"description":"Male","count":706,"tested":7264,"deaths":0,"color":"rgb(31,119,180)"},{"description":"Unknown/Left Blank","count":30,"tested":1049,"deaths":0,"color":"rgb(44,160,44)"}]}}]}
