{"lastUpdatedDate":{"year":2021,"month":4,"day":6},"county_demographics":[{"County":"DeKalb","confirmed_cases":8774,"total_tested":125417,"demographics":{"age":[{"race":[],"age_group":"<20","count":1445,"tested":22892,"deaths":0},{"race":[],"age_group":"20-29   ","count":2034,"tested":32636,"deaths":0},{"race":[],"age_group":"30-39   ","count":1324,"tested":15801,"deaths":0},{"race":[],"age_group":"40-49   ","count":1250,"tested":12865,"deaths":0},{"race":[],"age_group":"50-59   ","count":1127,"tested":13680,"deaths":0},{"race":[],"age_group":"60-69   ","count":763,"tested":10969,"deaths":0},{"race":[],"age_group":"70-79   ","count":430,"tested":7477,"deaths":0},{"race":[],"age_group":"80+","count":400,"tested":9072,"deaths":0},{"race":[],"age_group":"Unknown","count":0,"tested":25,"deaths":0}],"race":[{"description":"AI/AN**","count":0,"tested":77,"deaths":0,"color":"rgb(31,119,180)"},{"description":"Asian","count":99,"tested":1667,"deaths":0,"color":"rgb(140,86,75)"},{"description":"Black","count":602,"tested":8833,"deaths":0,"color":"rgb(255,127,14)"},{"description":"Hispanic","count":1337,"tested":7644,"deaths":0,"color":"rgb(214,39,40)"},{"description":"Left Blank","count":2124,"tested":56628,"deaths":0,"color":"rgb(44,160,44)"},{"description":"NH/PI*","count":0,"tested":62,"deaths":0,"color":"rgb(127,127,127)"},{"description":"Other","count":107,"tested":1442,"deaths":0,"color":"rgb(148,103,189)"},{"description":"White","count":4492,"tested":49064,"deaths":0,"color":"rgb(31,119,180)"}],"gender":[{"description":"Female","count":4640,"tested":75501,"deaths":0,"color":"rgb(255,127,14)"},{"description":"Male","count":4106,"tested":48204,"deaths":0,"color":"rgb(31,119,180)"},{"description":"Unknown/Left Blank","count":28,"tested":1712,"deaths":0,"color":"rgb(44,160,44)"}]}}]}
