{"lastUpdatedDate":{"year":2021,"month":4,"day":6},"county_demographics":[{"County":"Randolph","confirmed_cases":4058,"total_tested":52153,"demographics":{"age":[{"race":[],"age_group":"<20","count":589,"tested":5068,"deaths":0},{"race":[],"age_group":"20-29   ","count":652,"tested":7890,"deaths":0},{"race":[],"age_group":"30-39   ","count":638,"tested":8888,"deaths":0},{"race":[],"age_group":"40-49   ","count":618,"tested":8757,"deaths":0},{"race":[],"age_group":"50-59   ","count":564,"tested":7411,"deaths":0},{"race":[],"age_group":"60-69   ","count":460,"tested":5303,"deaths":0},{"race":[],"age_group":"70-79   ","count":250,"tested":3085,"deaths":0},{"race":[],"age_group":"80+","count":282,"tested":5721,"deaths":0},{"race":[],"age_group":"Unknown","count":0,"tested":30,"deaths":0}],"race":[{"description":"AI/AN**","count":0,"tested":0,"deaths":0,"color":"rgb(31,119,180)"},{"description":"Asian","count":0,"tested":48,"deaths":0,"color":"rgb(140,86,75)"},{"description":"Black","count":205,"tested":2004,"deaths":0,"color":"rgb(255,127,14)"},{"description":"Hispanic","count":137,"tested":425,"deaths":0,"color":"rgb(214,39,40)"},{"description":"Left Blank","count":1345,"tested":23535,"deaths":0,"color":"rgb(44,160,44)"},{"description":"NH/PI*","count":0,"tested":11,"deaths":0,"color":"rgb(127,127,127)"},{"description":"Other","count":13,"tested":336,"deaths":0,"color":"rgb(148,103,189)"},{"description":"White","count":2354,"tested":25791,"deaths":0,"color":"rgb(31,119,180)"}],"gender":[{"description":"Female","count":2078,"tested":28630,"deaths":0,"color":"rgb(255,127,14)"},{"description":"Male","count":1881,"tested":18578,"deaths":0,"color":"rgb(31,119,180)"},{"description":"Unknown/Left Blank","count":97,"tested":4945,"deaths":0,"color":"rgb(44,160,44)"}]}}]}
