{"lastUpdatedDate":{"year":2021,"month":9,"day":28},"county_demographics":[{"County":"Livingston","confirmed_cases":5765,"total_tested":145147,"demographics":{"age":[{"race":[],"age_group":"<20","count":1019,"tested":15265,"deaths":0},{"race":[],"age_group":"20-29   ","count":858,"tested":20934,"deaths":0},{"race":[],"age_group":"30-39   ","count":956,"tested":26604,"deaths":0},{"race":[],"age_group":"40-49   ","count":827,"tested":22805,"deaths":0},{"race":[],"age_group":"50-59   ","count":801,"tested":22214,"deaths":0},{"race":[],"age_group":"60-69   ","count":610,"tested":14325,"deaths":0},{"race":[],"age_group":"70-79   ","count":345,"tested":7441,"deaths":0},{"race":[],"age_group":"80+","count":346,"tested":12508,"deaths":0},{"race":[],"age_group":"Unknown","count":0,"tested":3051,"deaths":0}],"race":[{"description":"AI/AN**","count":0,"tested":54,"deaths":0,"color":"rgb(31,119,180)"},{"description":"Asian","count":8,"tested":234,"deaths":0,"color":"rgb(140,86,75)"},{"description":"Black","count":137,"tested":1972,"deaths":0,"color":"rgb(255,127,14)"},{"description":"Hispanic","count":183,"tested":2340,"deaths":0,"color":"rgb(214,39,40)"},{"description":"Left Blank","count":1245,"tested":80406,"deaths":0,"color":"rgb(44,160,44)"},{"description":"NH/PI*","count":0,"tested":41,"deaths":0,"color":"rgb(127,127,127)"},{"description":"Other","count":126,"tested":1958,"deaths":0,"color":"rgb(148,103,189)"},{"description":"White","count":4058,"tested":58142,"deaths":0,"color":"rgb(31,119,180)"}],"gender":[{"description":"Female","count":2904,"tested":65209,"deaths":0,"color":"rgb(255,127,14)"},{"description":"Male","count":2799,"tested":60952,"deaths":0,"color":"rgb(31,119,180)"},{"description":"Unknown/Left Blank","count":62,"tested":18986,"deaths":0,"color":"rgb(44,160,44)"}]}}]}
