{"lastUpdatedDate":{"year":2021,"month":9,"day":28},"county_demographics":[{"County":"De Witt","confirmed_cases":1984,"total_tested":35637,"demographics":{"age":[{"race":[],"age_group":"<20","count":398,"tested":6697,"deaths":0},{"race":[],"age_group":"20-29   ","count":266,"tested":5833,"deaths":0},{"race":[],"age_group":"30-39   ","count":287,"tested":5056,"deaths":0},{"race":[],"age_group":"40-49   ","count":265,"tested":4544,"deaths":0},{"race":[],"age_group":"50-59   ","count":288,"tested":4602,"deaths":0},{"race":[],"age_group":"60-69   ","count":224,"tested":3796,"deaths":0},{"race":[],"age_group":"70-79   ","count":148,"tested":2479,"deaths":0},{"race":[],"age_group":"80+","count":108,"tested":2628,"deaths":0},{"race":[],"age_group":"Unknown","count":0,"tested":0,"deaths":0}],"race":[{"description":"AI/AN**","count":0,"tested":58,"deaths":0,"color":"rgb(31,119,180)"},{"description":"Asian","count":0,"tested":67,"deaths":0,"color":"rgb(140,86,75)"},{"description":"Black","count":10,"tested":328,"deaths":0,"color":"rgb(255,127,14)"},{"description":"Hispanic","count":42,"tested":482,"deaths":0,"color":"rgb(214,39,40)"},{"description":"Left Blank","count":374,"tested":13977,"deaths":0,"color":"rgb(44,160,44)"},{"description":"NH/PI*","count":0,"tested":11,"deaths":0,"color":"rgb(127,127,127)"},{"description":"Other","count":14,"tested":441,"deaths":0,"color":"rgb(148,103,189)"},{"description":"White","count":1529,"tested":20273,"deaths":0,"color":"rgb(31,119,180)"}],"gender":[{"description":"Female","count":1048,"tested":21139,"deaths":0,"color":"rgb(255,127,14)"},{"description":"Male","count":925,"tested":13916,"deaths":0,"color":"rgb(31,119,180)"},{"description":"Unknown/Left Blank","count":7,"tested":582,"deaths":0,"color":"rgb(44,160,44)"}]}}]}
