{"lastUpdatedDate":{"year":2021,"month":9,"day":28},"county_demographics":[{"County":"Edwards","confirmed_cases":975,"total_tested":7038,"demographics":{"age":[{"race":[],"age_group":"<20","count":170,"tested":1314,"deaths":0},{"race":[],"age_group":"20-29   ","count":116,"tested":991,"deaths":0},{"race":[],"age_group":"30-39   ","count":133,"tested":923,"deaths":0},{"race":[],"age_group":"40-49   ","count":147,"tested":1092,"deaths":0},{"race":[],"age_group":"50-59   ","count":161,"tested":1109,"deaths":0},{"race":[],"age_group":"60-69   ","count":126,"tested":851,"deaths":0},{"race":[],"age_group":"70-79   ","count":84,"tested":476,"deaths":0},{"race":[],"age_group":"80+","count":34,"tested":281,"deaths":0},{"race":[],"age_group":"Unknown","count":0,"tested":0,"deaths":0}],"race":[{"description":"Asian","count":0,"tested":8,"deaths":0,"color":"rgb(140,86,75)"},{"description":"Black","count":0,"tested":12,"deaths":0,"color":"rgb(255,127,14)"},{"description":"Hispanic","count":0,"tested":12,"deaths":0,"color":"rgb(214,39,40)"},{"description":"Left Blank","count":88,"tested":1670,"deaths":0,"color":"rgb(44,160,44)"},{"description":"NH/PI*","count":0,"tested":0,"deaths":0,"color":"rgb(127,127,127)"},{"description":"Other","count":0,"tested":16,"deaths":0,"color":"rgb(148,103,189)"},{"description":"White","count":879,"tested":5319,"deaths":0,"color":"rgb(31,119,180)"}],"gender":[{"description":"Female","count":523,"tested":4494,"deaths":0,"color":"rgb(255,127,14)"},{"description":"Male","count":445,"tested":2313,"deaths":0,"color":"rgb(31,119,180)"},{"description":"Unknown/Left Blank","count":7,"tested":231,"deaths":0,"color":"rgb(44,160,44)"}]}}]}
