{"lastUpdatedDate":{"year":2021,"month":9,"day":28},"county_demographics":[{"County":"Christian","confirmed_cases":4990,"total_tested":76719,"demographics":{"age":[{"race":[],"age_group":"<20","count":744,"tested":7825,"deaths":0},{"race":[],"age_group":"20-29   ","count":720,"tested":12208,"deaths":0},{"race":[],"age_group":"30-39   ","count":708,"tested":13045,"deaths":0},{"race":[],"age_group":"40-49   ","count":785,"tested":12287,"deaths":0},{"race":[],"age_group":"50-59   ","count":779,"tested":11465,"deaths":0},{"race":[],"age_group":"60-69   ","count":588,"tested":8315,"deaths":0},{"race":[],"age_group":"70-79   ","count":366,"tested":5186,"deaths":0},{"race":[],"age_group":"80+","count":299,"tested":5773,"deaths":0},{"race":[],"age_group":"Unknown","count":0,"tested":615,"deaths":0}],"race":[{"description":"AI/AN**","count":0,"tested":57,"deaths":0,"color":"rgb(31,119,180)"},{"description":"Asian","count":0,"tested":115,"deaths":0,"color":"rgb(140,86,75)"},{"description":"Black","count":77,"tested":321,"deaths":0,"color":"rgb(255,127,14)"},{"description":"Hispanic","count":70,"tested":254,"deaths":0,"color":"rgb(214,39,40)"},{"description":"Left Blank","count":2041,"tested":40143,"deaths":0,"color":"rgb(44,160,44)"},{"description":"NH/PI*","count":0,"tested":30,"deaths":0,"color":"rgb(127,127,127)"},{"description":"Other","count":49,"tested":718,"deaths":0,"color":"rgb(148,103,189)"},{"description":"White","count":2735,"tested":35081,"deaths":0,"color":"rgb(31,119,180)"}],"gender":[{"description":"Female","count":2285,"tested":36449,"deaths":0,"color":"rgb(255,127,14)"},{"description":"Male","count":2304,"tested":29203,"deaths":0,"color":"rgb(31,119,180)"},{"description":"Unknown/Left Blank","count":401,"tested":11067,"deaths":0,"color":"rgb(44,160,44)"}]}}]}
