{"lastUpdatedDate":{"year":2021,"month":9,"day":28},"county_demographics":[{"County":"Brown","confirmed_cases":1031,"total_tested":38121,"demographics":{"age":[{"race":[],"age_group":"<20","count":198,"tested":1496,"deaths":0},{"race":[],"age_group":"20-29   ","count":157,"tested":8760,"deaths":0},{"race":[],"age_group":"30-39   ","count":204,"tested":8824,"deaths":0},{"race":[],"age_group":"40-49   ","count":153,"tested":7727,"deaths":0},{"race":[],"age_group":"50-59   ","count":122,"tested":4432,"deaths":0},{"race":[],"age_group":"60-69   ","count":110,"tested":2466,"deaths":0},{"race":[],"age_group":"70-79   ","count":42,"tested":813,"deaths":0},{"race":[],"age_group":"80+","count":41,"tested":759,"deaths":0},{"race":[],"age_group":"Unknown","count":0,"tested":2844,"deaths":0}],"race":[{"description":"AI/AN**","count":0,"tested":0,"deaths":0,"color":"rgb(31,119,180)"},{"description":"Asian","count":0,"tested":6,"deaths":0,"color":"rgb(140,86,75)"},{"description":"Black","count":121,"tested":408,"deaths":0,"color":"rgb(255,127,14)"},{"description":"Hispanic","count":18,"tested":86,"deaths":0,"color":"rgb(214,39,40)"},{"description":"Left Blank","count":177,"tested":31116,"deaths":0,"color":"rgb(44,160,44)"},{"description":"NH/PI*","count":0,"tested":0,"deaths":0,"color":"rgb(127,127,127)"},{"description":"Other","count":8,"tested":67,"deaths":0,"color":"rgb(148,103,189)"},{"description":"White","count":698,"tested":6434,"deaths":0,"color":"rgb(31,119,180)"}],"gender":[{"description":"Female","count":434,"tested":5430,"deaths":0,"color":"rgb(255,127,14)"},{"description":"Male","count":552,"tested":18444,"deaths":0,"color":"rgb(31,119,180)"},{"description":"Unknown/Left Blank","count":45,"tested":14247,"deaths":0,"color":"rgb(44,160,44)"}]}}]}
