{"lastUpdatedDate":{"year":2021,"month":9,"day":28},"county_demographics":[{"County":"Fulton","confirmed_cases":4960,"total_tested":120977,"demographics":{"age":[{"race":[],"age_group":"<20","count":1056,"tested":12084,"deaths":0},{"race":[],"age_group":"20-29   ","count":784,"tested":20637,"deaths":0},{"race":[],"age_group":"30-39   ","count":671,"tested":22148,"deaths":0},{"race":[],"age_group":"40-49   ","count":720,"tested":18575,"deaths":0},{"race":[],"age_group":"50-59   ","count":624,"tested":17319,"deaths":0},{"race":[],"age_group":"60-69   ","count":525,"tested":11908,"deaths":0},{"race":[],"age_group":"70-79   ","count":328,"tested":6695,"deaths":0},{"race":[],"age_group":"80+","count":247,"tested":7433,"deaths":0},{"race":[],"age_group":"Unknown","count":0,"tested":4178,"deaths":0}],"race":[{"description":"AI/AN**","count":0,"tested":36,"deaths":0,"color":"rgb(31,119,180)"},{"description":"Asian","count":0,"tested":54,"deaths":0,"color":"rgb(140,86,75)"},{"description":"Black","count":107,"tested":874,"deaths":0,"color":"rgb(255,127,14)"},{"description":"Hispanic","count":55,"tested":306,"deaths":0,"color":"rgb(214,39,40)"},{"description":"Left Blank","count":2815,"tested":83073,"deaths":0,"color":"rgb(44,160,44)"},{"description":"NH/PI*","count":0,"tested":0,"deaths":0,"color":"rgb(127,127,127)"},{"description":"Other","count":61,"tested":2418,"deaths":0,"color":"rgb(148,103,189)"},{"description":"White","count":1912,"tested":34211,"deaths":0,"color":"rgb(31,119,180)"}],"gender":[{"description":"Female","count":2526,"tested":56431,"deaths":0,"color":"rgb(255,127,14)"},{"description":"Male","count":2371,"tested":50343,"deaths":0,"color":"rgb(31,119,180)"},{"description":"Unknown/Left Blank","count":62,"tested":14203,"deaths":0,"color":"rgb(44,160,44)"}]}}]}
