{"lastUpdatedDate":{"year":2021,"month":9,"day":28},"county_demographics":[{"County":"Sangamon","confirmed_cases":24917,"total_tested":514330,"demographics":{"age":[{"race":[],"age_group":"<20","count":4931,"tested":84115,"deaths":0},{"race":[],"age_group":"20-29   ","count":4078,"tested":91936,"deaths":0},{"race":[],"age_group":"30-39   ","count":3774,"tested":79831,"deaths":0},{"race":[],"age_group":"40-49   ","count":3405,"tested":68909,"deaths":0},{"race":[],"age_group":"50-59   ","count":3460,"tested":70650,"deaths":0},{"race":[],"age_group":"60-69   ","count":2668,"tested":57175,"deaths":0},{"race":[],"age_group":"70-79   ","count":1536,"tested":34633,"deaths":0},{"race":[],"age_group":"80+","count":1064,"tested":26987,"deaths":0},{"race":[],"age_group":"Unknown","count":0,"tested":94,"deaths":0}],"race":[{"description":"AI/AN**","count":12,"tested":552,"deaths":0,"color":"rgb(31,119,180)"},{"description":"Asian","count":199,"tested":6713,"deaths":0,"color":"rgb(140,86,75)"},{"description":"Black","count":3193,"tested":49252,"deaths":0,"color":"rgb(255,127,14)"},{"description":"Hispanic","count":334,"tested":6013,"deaths":0,"color":"rgb(214,39,40)"},{"description":"Left Blank","count":8102,"tested":181490,"deaths":0,"color":"rgb(44,160,44)"},{"description":"NH/PI*","count":39,"tested":4578,"deaths":0,"color":"rgb(127,127,127)"},{"description":"Other","count":402,"tested":12849,"deaths":0,"color":"rgb(148,103,189)"},{"description":"White","count":12632,"tested":252883,"deaths":0,"color":"rgb(31,119,180)"}],"gender":[{"description":"Female","count":12812,"tested":294500,"deaths":0,"color":"rgb(255,127,14)"},{"description":"Male","count":10923,"tested":209953,"deaths":0,"color":"rgb(31,119,180)"},{"description":"Unknown/Left Blank","count":1182,"tested":9877,"deaths":0,"color":"rgb(44,160,44)"}]}}]}
