{"age":[{"age_group":"<20","count":280,"tested":2726},{"age_group":"20-29   ","count":324,"tested":3522},{"age_group":"30-39   ","count":232,"tested":2963},{"age_group":"40-49   ","count":284,"tested":2667},{"age_group":"50-59   ","count":224,"tested":2909},{"age_group":"60-69   ","count":154,"tested":2376},{"age_group":"70-79   ","count":103,"tested":1703},{"age_group":"80+","count":61,"tested":1086}],"race":[{"description":"AI/AN**","count":6,"tested":16,"color":"rgb(31,119,180)"},{"description":"Hispanic","count":417,"tested":1654,"color":"rgb(214,39,40)"},{"description":"White","count":488,"tested":5292,"color":"rgb(31,119,180)"},{"description":"Black","count":478,"tested":3805,"color":"rgb(255,127,14)"},{"description":"Other","count":27,"tested":288,"color":"rgb(148,103,189)"},{"description":"Left Blank","count":242,"tested":8844,"color":"rgb(44,160,44)"}],"gender":[{"description":"Female","count":909,"tested":11493,"color":"rgb(255,127,14)"},{"description":"Male","count":731,"tested":7774,"color":"rgb(31,119,180)"},{"description":"Unknown/Left Blank","count":23,"tested":687,"color":"rgb(44,160,44)"}]}
