{"age":[{"age_group":"<20","count":365,"tested":3941},{"age_group":"20-29   ","count":300,"tested":3679},{"age_group":"30-39   ","count":270,"tested":3564},{"age_group":"40-49   ","count":247,"tested":2905},{"age_group":"50-59   ","count":345,"tested":3858},{"age_group":"60-69   ","count":197,"tested":3088},{"age_group":"70-79   ","count":72,"tested":1906},{"age_group":"80+","count":82,"tested":2447}],"race":[{"description":"Asian","count":52,"tested":398,"color":"rgb(140,86,75)"},{"description":"White","count":1131,"tested":13248,"color":"rgb(31,119,180)"},{"description":"Left Blank","count":439,"tested":9541,"color":"rgb(44,160,44)"},{"description":"Hispanic","count":166,"tested":1134,"color":"rgb(214,39,40)"},{"description":"Black","count":35,"tested":502,"color":"rgb(255,127,14)"},{"description":"Other","count":52,"tested":561,"color":"rgb(148,103,189)"}],"gender":[{"description":"Male","count":886,"tested":10772,"color":"rgb(31,119,180)"},{"description":"Female","count":984,"tested":14322,"color":"rgb(255,127,14)"}]}
