{"age":[{"age_group":"<20","count":375,"tested":8357},{"age_group":"20-29   ","count":2061,"tested":36243},{"age_group":"30-39   ","count":825,"tested":22061},{"age_group":"40-49   ","count":428,"tested":10360},{"age_group":"50-59   ","count":306,"tested":9649},{"age_group":"60-69   ","count":209,"tested":7991},{"age_group":"70-79   ","count":183,"tested":5645},{"age_group":"80+","count":183,"tested":4887}],"race":[{"description":"Hispanic","count":285,"tested":2403,"color":"rgb(214,39,40)"},{"description":"Left Blank","count":1435,"tested":58192,"color":"rgb(44,160,44)"},{"description":"Other","count":227,"tested":4062,"color":"rgb(148,103,189)"},{"description":"Black","count":212,"tested":3134,"color":"rgb(255,127,14)"},{"description":"White","count":2291,"tested":34953,"color":"rgb(31,119,180)"},{"description":"Asian","count":112,"tested":2397,"color":"rgb(140,86,75)"}],"gender":[{"description":"Unknown/Left Blank","count":301,"tested":1663,"color":"rgb(44,160,44)"},{"description":"Female","count":2228,"tested":59771,"color":"rgb(255,127,14)"},{"description":"Male","count":2041,"tested":43794,"color":"rgb(31,119,180)"}]}
