{"age":[{"age_group":"<20","count":2835,"tested":15511},{"age_group":"20-29   ","count":3234,"tested":22898},{"age_group":"30-39   ","count":2771,"tested":16819},{"age_group":"40-49   ","count":2881,"tested":16087},{"age_group":"50-59   ","count":2134,"tested":12633},{"age_group":"60-69   ","count":1229,"tested":8575},{"age_group":"70-79   ","count":438,"tested":3857},{"age_group":"80+","count":179,"tested":1793}],"race":[{"description":"Hispanic","count":9678,"tested":40333,"color":"rgb(214,39,40)"},{"description":"Asian","count":17,"tested":267,"color":"rgb(140,86,75)"},{"description":"Black","count":969,"tested":8791,"color":"rgb(255,127,14)"},{"description":"White","count":743,"tested":7406,"color":"rgb(31,119,180)"},{"description":"Left Blank","count":3636,"tested":36479,"color":"rgb(44,160,44)"},{"description":"Other","count":622,"tested":4658,"color":"rgb(148,103,189)"},{"description":"AI/AN**","count":29,"tested":218,"color":"rgb(31,119,180)"},{"description":"NH/PI*","count":7,"tested":59,"color":"rgb(127,127,127)"}],"gender":[{"description":"Male","count":7520,"tested":42669,"color":"rgb(31,119,180)"},{"description":"Unknown/Left Blank","count":101,"tested":923,"color":"rgb(44,160,44)"},{"description":"Female","count":8080,"tested":54619,"color":"rgb(255,127,14)"}]}
