{"age":[{"age_group":"<20","count":567,"tested":6479},{"age_group":"20-29   ","count":480,"tested":6336},{"age_group":"30-39   ","count":258,"tested":4142},{"age_group":"40-49   ","count":405,"tested":5191},{"age_group":"50-59   ","count":529,"tested":6765},{"age_group":"60-69   ","count":207,"tested":3719},{"age_group":"70-79   ","count":98,"tested":2090},{"age_group":"80+","count":39,"tested":1501}],"race":[{"description":"Black","count":80,"tested":1181,"color":"rgb(255,127,14)"},{"description":"Asian","count":241,"tested":3561,"color":"rgb(140,86,75)"},{"description":"Other","count":80,"tested":1663,"color":"rgb(148,103,189)"},{"description":"White","count":1011,"tested":11759,"color":"rgb(31,119,180)"},{"description":"Left Blank","count":1055,"tested":17128,"color":"rgb(44,160,44)"},{"description":"Hispanic","count":110,"tested":849,"color":"rgb(214,39,40)"}],"gender":[{"description":"Female","count":1290,"tested":20197,"color":"rgb(255,127,14)"},{"description":"Male","count":1264,"tested":15795,"color":"rgb(31,119,180)"},{"description":"Unknown/Left Blank","count":29,"tested":238,"color":"rgb(44,160,44)"}]}
