{"age":[{"age_group":"<20","count":29,"tested":281},{"age_group":"20-29   ","count":33,"tested":532},{"age_group":"30-39   ","count":26,"tested":449},{"age_group":"40-49   ","count":39,"tested":510},{"age_group":"50-59   ","count":53,"tested":754},{"age_group":"60-69   ","count":48,"tested":767},{"age_group":"70-79   ","count":33,"tested":589},{"age_group":"80+","count":23,"tested":328}],"race":[{"description":"Left Blank","count":89,"tested":1787,"color":"rgb(44,160,44)"},{"description":"Other","count":10,"tested":94,"color":"rgb(148,103,189)"},{"description":"White","count":29,"tested":387,"color":"rgb(31,119,180)"},{"description":"Black","count":153,"tested":1886,"color":"rgb(255,127,14)"}],"gender":[{"description":"Female","count":157,"tested":2487,"color":"rgb(255,127,14)"},{"description":"Male","count":123,"tested":1670,"color":"rgb(31,119,180)"}]}
