{"age":[{"age_group":"<20","count":24,"tested":202},{"age_group":"20-29   ","count":30,"tested":252},{"age_group":"30-39   ","count":31,"tested":202},{"age_group":"40-49   ","count":33,"tested":266},{"age_group":"50-59   ","count":24,"tested":222},{"age_group":"60-69   ","count":19,"tested":221},{"age_group":"70-79   ","count":7,"tested":93},{"age_group":"80+","count":8,"tested":58}],"race":[{"description":"White","count":118,"tested":785,"color":"rgb(31,119,180)"},{"description":"Left Blank","count":32,"tested":629,"color":"rgb(44,160,44)"},{"description":"Hispanic","count":24,"tested":79,"color":"rgb(214,39,40)"}],"gender":[{"description":"Female","count":87,"tested":821,"color":"rgb(255,127,14)"},{"description":"Male","count":89,"tested":688,"color":"rgb(31,119,180)"}]}
