{"age":[{"age_group":"<20","count":6,"tested":103},{"age_group":"20-29   ","count":11,"tested":108},{"age_group":"40-49   ","count":22,"tested":125},{"age_group":"50-59   ","count":16,"tested":118},{"age_group":"60-69   ","count":9,"tested":78},{"age_group":"70-79   ","count":6,"tested":50}],"race":[{"description":"Left Blank","count":39,"tested":419,"color":"rgb(44,160,44)"},{"description":"White","count":40,"tested":310,"color":"rgb(31,119,180)"}],"gender":[{"description":"Male","count":40,"tested":309,"color":"rgb(31,119,180)"},{"description":"Female","count":43,"tested":430,"color":"rgb(255,127,14)"}]}
