{"age":[{"age_group":"<20","count":438,"tested":5090},{"age_group":"20-29   ","count":375,"tested":5233},{"age_group":"30-39   ","count":251,"tested":4153},{"age_group":"40-49   ","count":332,"tested":4266},{"age_group":"50-59   ","count":359,"tested":5177},{"age_group":"60-69   ","count":258,"tested":4457},{"age_group":"70-79   ","count":94,"tested":2124},{"age_group":"80+","count":69,"tested":876}],"race":[{"description":"Hispanic","count":137,"tested":911,"color":"rgb(214,39,40)"},{"description":"White","count":1150,"tested":13213,"color":"rgb(31,119,180)"},{"description":"Left Blank","count":585,"tested":13167,"color":"rgb(44,160,44)"},{"description":"Other","count":58,"tested":1110,"color":"rgb(148,103,189)"},{"description":"Asian","count":162,"tested":2243,"color":"rgb(140,86,75)"},{"description":"Black","count":80,"tested":671,"color":"rgb(255,127,14)"}],"gender":[{"description":"Unknown/Left Blank","count":12,"tested":378,"color":"rgb(44,160,44)"},{"description":"Male","count":1068,"tested":14167,"color":"rgb(31,119,180)"},{"description":"Female","count":1096,"tested":16832,"color":"rgb(255,127,14)"}]}
