{"age":[{"age_group":"<20","count":476,"tested":3545},{"age_group":"20-29   ","count":619,"tested":5246},{"age_group":"30-39   ","count":495,"tested":4819},{"age_group":"40-49   ","count":507,"tested":4112},{"age_group":"50-59   ","count":502,"tested":4778},{"age_group":"60-69   ","count":295,"tested":4064},{"age_group":"70-79   ","count":121,"tested":2146},{"age_group":"80+","count":92,"tested":1503}],"race":[{"description":"Hispanic","count":1124,"tested":4783,"color":"rgb(214,39,40)"},{"description":"White","count":892,"tested":11021,"color":"rgb(31,119,180)"},{"description":"Left Blank","count":793,"tested":11368,"color":"rgb(44,160,44)"},{"description":"Other","count":170,"tested":1244,"color":"rgb(148,103,189)"},{"description":"Black","count":32,"tested":389,"color":"rgb(255,127,14)"},{"description":"Asian","count":91,"tested":1279,"color":"rgb(140,86,75)"}],"gender":[{"description":"Unknown/Left Blank","count":26,"tested":261,"color":"rgb(44,160,44)"},{"description":"Male","count":1549,"tested":13148,"color":"rgb(31,119,180)"},{"description":"Female","count":1533,"tested":16807,"color":"rgb(255,127,14)"}]}
