{"age":[{"age_group":"<20","count":64,"tested":728},{"age_group":"20-29   ","count":75,"tested":645},{"age_group":"30-39   ","count":81,"tested":676},{"age_group":"40-49   ","count":76,"tested":806},{"age_group":"50-59   ","count":68,"tested":766},{"age_group":"60-69   ","count":57,"tested":683},{"age_group":"70-79   ","count":52,"tested":623},{"age_group":"80+","count":10,"tested":221}],"race":[{"description":"White","count":242,"tested":2194,"color":"rgb(31,119,180)"},{"description":"Left Blank","count":222,"tested":2789,"color":"rgb(44,160,44)"},{"description":"Hispanic","count":10,"tested":53,"color":"rgb(214,39,40)"}],"gender":[{"description":"Male","count":232,"tested":2156,"color":"rgb(31,119,180)"},{"description":"Female","count":252,"tested":2919,"color":"rgb(255,127,14)"}]}
