{"age":[{"age_group":"<20","count":446,"tested":3235},{"age_group":"20-29   ","count":631,"tested":5709},{"age_group":"30-39   ","count":500,"tested":4795},{"age_group":"40-49   ","count":488,"tested":4646},{"age_group":"50-59   ","count":539,"tested":4840},{"age_group":"60-69   ","count":402,"tested":4743},{"age_group":"70-79   ","count":237,"tested":3427},{"age_group":"80+","count":156,"tested":3048}],"race":[{"description":"Black","count":90,"tested":1600,"color":"rgb(255,127,14)"},{"description":"Asian","count":61,"tested":727,"color":"rgb(140,86,75)"},{"description":"White","count":1430,"tested":12718,"color":"rgb(31,119,180)"},{"description":"Other","count":144,"tested":1080,"color":"rgb(148,103,189)"},{"description":"Left Blank","count":1507,"tested":17249,"color":"rgb(44,160,44)"},{"description":"Hispanic","count":163,"tested":992,"color":"rgb(214,39,40)"}],"gender":[{"description":"Male","count":1565,"tested":13418,"color":"rgb(31,119,180)"},{"description":"Female","count":1801,"tested":20447,"color":"rgb(255,127,14)"},{"description":"Unknown/Left Blank","count":35,"tested":591,"color":"rgb(44,160,44)"}]}
