{"age":[{"age_group":"<20","count":19,"tested":244},{"age_group":"20-29   ","count":17,"tested":188},{"age_group":"30-39   ","count":20,"tested":238},{"age_group":"40-49   ","count":23,"tested":147},{"age_group":"50-59   ","count":18,"tested":235},{"age_group":"60-69   ","count":16,"tested":186},{"age_group":"70-79   ","count":16,"tested":95},{"age_group":"80+","count":11,"tested":50}],"race":[{"description":"Left Blank","count":42,"tested":413,"color":"rgb(44,160,44)"},{"description":"White","count":96,"tested":941,"color":"rgb(31,119,180)"}],"gender":[{"description":"Female","count":73,"tested":911,"color":"rgb(255,127,14)"},{"description":"Male","count":66,"tested":436,"color":"rgb(31,119,180)"}]}
