{"age":[{"age_group":"<20","count":615,"tested":4797},{"age_group":"20-29   ","count":725,"tested":10414},{"age_group":"30-39   ","count":751,"tested":11291},{"age_group":"40-49   ","count":660,"tested":10697},{"age_group":"50-59   ","count":620,"tested":11323},{"age_group":"60-69   ","count":481,"tested":9445},{"age_group":"70-79   ","count":259,"tested":4676},{"age_group":"80+","count":226,"tested":4307}],"race":[{"description":"Black","count":938,"tested":18811,"color":"rgb(255,127,14)"},{"description":"Hispanic","count":696,"tested":3136,"color":"rgb(214,39,40)"},{"description":"Asian","count":7,"tested":339,"color":"rgb(140,86,75)"},{"description":"White","count":1684,"tested":27790,"color":"rgb(31,119,180)"},{"description":"Left Blank","count":922,"tested":14721,"color":"rgb(44,160,44)"},{"description":"Other","count":90,"tested":2056,"color":"rgb(148,103,189)"}],"gender":[{"description":"Unknown/Left Blank","count":15,"tested":588,"color":"rgb(44,160,44)"},{"description":"Male","count":1994,"tested":24805,"color":"rgb(31,119,180)"},{"description":"Female","count":2329,"tested":41583,"color":"rgb(255,127,14)"}]}
