{"age":[{"age_group":"<20","count":31,"tested":257},{"age_group":"20-29   ","count":40,"tested":416},{"age_group":"30-39   ","count":34,"tested":307},{"age_group":"40-49   ","count":35,"tested":261},{"age_group":"50-59   ","count":36,"tested":373},{"age_group":"60-69   ","count":23,"tested":449},{"age_group":"70-79   ","count":14,"tested":168}],"race":[{"description":"Hispanic","count":7,"tested":46,"color":"rgb(214,39,40)"},{"description":"White","count":155,"tested":1465,"color":"rgb(31,119,180)"},{"description":"Left Blank","count":42,"tested":711,"color":"rgb(44,160,44)"},{"description":"Other","count":10,"tested":57,"color":"rgb(148,103,189)"}],"gender":[{"description":"Male","count":106,"tested":873,"color":"rgb(31,119,180)"},{"description":"Female","count":109,"tested":1213,"color":"rgb(255,127,14)"}]}
