{"age":[{"age_group":"<20","count":117,"tested":1003},{"age_group":"20-29   ","count":136,"tested":1227},{"age_group":"30-39   ","count":110,"tested":1367},{"age_group":"40-49   ","count":132,"tested":1307},{"age_group":"50-59   ","count":107,"tested":1772},{"age_group":"60-69   ","count":81,"tested":1115},{"age_group":"70-79   ","count":52,"tested":561},{"age_group":"80+","count":16,"tested":185}],"race":[{"description":"Left Blank","count":201,"tested":2917,"color":"rgb(44,160,44)"},{"description":"White","count":244,"tested":2693,"color":"rgb(31,119,180)"},{"description":"Hispanic","count":153,"tested":951,"color":"rgb(214,39,40)"},{"description":"Other","count":47,"tested":392,"color":"rgb(148,103,189)"},{"description":"Black","count":63,"tested":871,"color":"rgb(255,127,14)"},{"description":"Asian","count":42,"tested":616,"color":"rgb(140,86,75)"}],"gender":[{"description":"Male","count":363,"tested":3718,"color":"rgb(31,119,180)"},{"description":"Female","count":381,"tested":4744,"color":"rgb(255,127,14)"}]}
