{"age":[{"age_group":"<20","count":9,"tested":110},{"age_group":"20-29   ","count":17,"tested":168},{"age_group":"30-39   ","count":12,"tested":159},{"age_group":"40-49   ","count":10,"tested":100},{"age_group":"50-59   ","count":24,"tested":161},{"age_group":"60-69   ","count":17,"tested":154},{"age_group":"70-79   ","count":6,"tested":97}],"race":[{"description":"White","count":54,"tested":553,"color":"rgb(31,119,180)"},{"description":"Hispanic","count":14,"tested":42,"color":"rgb(214,39,40)"},{"description":"Left Blank","count":29,"tested":359,"color":"rgb(44,160,44)"}],"gender":[{"description":"Male","count":49,"tested":470,"color":"rgb(31,119,180)"},{"description":"Female","count":48,"tested":523,"color":"rgb(255,127,14)"}]}
