{"age":[{"age_group":"<20","count":140,"tested":1290},{"age_group":"20-29   ","count":95,"tested":1132},{"age_group":"30-39   ","count":100,"tested":1014},{"age_group":"40-49   ","count":83,"tested":919},{"age_group":"50-59   ","count":74,"tested":1039},{"age_group":"60-69   ","count":79,"tested":862},{"age_group":"70-79   ","count":29,"tested":724},{"age_group":"80+","count":35,"tested":1047}],"race":[{"description":"Left Blank","count":41,"tested":1653,"color":"rgb(44,160,44)"},{"description":"Hispanic","count":77,"tested":471,"color":"rgb(214,39,40)"},{"description":"White","count":495,"tested":5674,"color":"rgb(31,119,180)"},{"description":"Other","count":18,"tested":156,"color":"rgb(148,103,189)"}],"gender":[{"description":"Female","count":338,"tested":4602,"color":"rgb(255,127,14)"},{"description":"Male","count":290,"tested":2882,"color":"rgb(31,119,180)"},{"description":"Unknown/Left Blank","count":7,"tested":546,"color":"rgb(44,160,44)"}]}
