{"lastUpdatedDate":{"year":2021,"month":2,"day":8},"county_demographics":[{"County":"Fayette","confirmed_cases":3039,"total_tested":23731,"demographics":{"age":[{"race":[],"age_group":"<20","count":366,"tested":2713,"deaths":0},{"race":[],"age_group":"20-29   ","count":460,"tested":3512,"deaths":0},{"race":[],"age_group":"30-39   ","count":453,"tested":3701,"deaths":0},{"race":[],"age_group":"40-49   ","count":482,"tested":3690,"deaths":0},{"race":[],"age_group":"50-59   ","count":477,"tested":3494,"deaths":0},{"race":[],"age_group":"60-69   ","count":392,"tested":2915,"deaths":0},{"race":[],"age_group":"70-79   ","count":257,"tested":1667,"deaths":0},{"race":[],"age_group":"80+","count":147,"tested":1563,"deaths":0},{"race":[],"age_group":"Unknown","count":0,"tested":476,"deaths":0}],"race":[{"description":"AI/AN**","count":0,"tested":0,"deaths":0,"color":"rgb(31,119,180)"},{"description":"Asian","count":6,"tested":11,"deaths":0,"color":"rgb(140,86,75)"},{"description":"Black","count":168,"tested":361,"deaths":0,"color":"rgb(255,127,14)"},{"description":"Hispanic","count":35,"tested":85,"deaths":0,"color":"rgb(214,39,40)"},{"description":"Left Blank","count":858,"tested":13650,"deaths":0,"color":"rgb(44,160,44)"},{"description":"NH/PI*","count":0,"tested":0,"deaths":0,"color":"rgb(127,127,127)"},{"description":"Other","count":67,"tested":1230,"deaths":0,"color":"rgb(148,103,189)"},{"description":"White","count":1896,"tested":8385,"deaths":0,"color":"rgb(31,119,180)"}],"gender":[{"description":"Female","count":1392,"tested":13044,"deaths":0,"color":"rgb(255,127,14)"},{"description":"Male","count":1611,"tested":7663,"deaths":0,"color":"rgb(31,119,180)"},{"description":"Unknown/Left Blank","count":36,"tested":3024,"deaths":0,"color":"rgb(44,160,44)"}]}}]}
