{"lastUpdatedDate":{"year":2021,"month":2,"day":8},"county_demographics":[{"County":"Schuyler","confirmed_cases":664,"total_tested":9522,"demographics":{"age":[{"race":[],"age_group":"<20","count":71,"tested":751,"deaths":0},{"race":[],"age_group":"20-29   ","count":58,"tested":919,"deaths":0},{"race":[],"age_group":"30-39   ","count":82,"tested":1241,"deaths":0},{"race":[],"age_group":"40-49   ","count":84,"tested":1623,"deaths":0},{"race":[],"age_group":"50-59   ","count":119,"tested":2054,"deaths":0},{"race":[],"age_group":"60-69   ","count":111,"tested":1704,"deaths":0},{"race":[],"age_group":"70-79   ","count":75,"tested":705,"deaths":0},{"race":[],"age_group":"80+","count":64,"tested":525,"deaths":0}],"race":[{"description":"AI/AN**","count":0,"tested":13,"deaths":0,"color":"rgb(31,119,180)"},{"description":"Asian","count":0,"tested":0,"deaths":0,"color":"rgb(140,86,75)"},{"description":"Black","count":17,"tested":237,"deaths":0,"color":"rgb(255,127,14)"},{"description":"Hispanic","count":6,"tested":71,"deaths":0,"color":"rgb(214,39,40)"},{"description":"Left Blank","count":139,"tested":2183,"deaths":0,"color":"rgb(44,160,44)"},{"description":"NH/PI*","count":0,"tested":0,"deaths":0,"color":"rgb(127,127,127)"},{"description":"Other","count":0,"tested":174,"deaths":0,"color":"rgb(148,103,189)"},{"description":"White","count":494,"tested":6842,"deaths":0,"color":"rgb(31,119,180)"}],"gender":[{"description":"Female","count":347,"tested":3860,"deaths":0,"color":"rgb(255,127,14)"},{"description":"Male","count":273,"tested":5250,"deaths":0,"color":"rgb(31,119,180)"},{"description":"Unknown/Left Blank","count":44,"tested":412,"deaths":0,"color":"rgb(44,160,44)"}]}}]}
