{"lastUpdatedDate":{"year":2021,"month":2,"day":8},"county_demographics":[{"County":"Champaign","confirmed_cases":16958,"total_tested":1556283,"demographics":{"age":[{"race":[],"age_group":"<20","count":4533,"tested":349817,"deaths":0},{"race":[],"age_group":"20-29   ","count":4911,"tested":689254,"deaths":0},{"race":[],"age_group":"30-39   ","count":2109,"tested":160678,"deaths":0},{"race":[],"age_group":"40-49   ","count":1777,"tested":123201,"deaths":0},{"race":[],"age_group":"50-59   ","count":1511,"tested":115058,"deaths":0},{"race":[],"age_group":"60-69   ","count":1153,"tested":72897,"deaths":0},{"race":[],"age_group":"70-79   ","count":521,"tested":25780,"deaths":0},{"race":[],"age_group":"80+","count":441,"tested":19360,"deaths":0},{"race":[],"age_group":"Unknown","count":0,"tested":238,"deaths":0}],"race":[{"description":"AI/AN**","count":9,"tested":2265,"deaths":0,"color":"rgb(31,119,180)"},{"description":"Asian","count":877,"tested":291784,"deaths":0,"color":"rgb(140,86,75)"},{"description":"Black","count":2541,"tested":118613,"deaths":0,"color":"rgb(255,127,14)"},{"description":"Hispanic","count":2081,"tested":113438,"deaths":0,"color":"rgb(214,39,40)"},{"description":"Left Blank","count":589,"tested":81171,"deaths":0,"color":"rgb(44,160,44)"},{"description":"NH/PI*","count":8,"tested":1043,"deaths":0,"color":"rgb(127,127,127)"},{"description":"Other","count":447,"tested":74667,"deaths":0,"color":"rgb(148,103,189)"},{"description":"White","count":10405,"tested":873302,"deaths":0,"color":"rgb(31,119,180)"}],"gender":[{"description":"Female","count":8522,"tested":763668,"deaths":0,"color":"rgb(255,127,14)"},{"description":"Male","count":8406,"tested":788915,"deaths":0,"color":"rgb(31,119,180)"},{"description":"Unknown/Left Blank","count":30,"tested":3700,"deaths":0,"color":"rgb(44,160,44)"}]}}]}
