{"age":[{"age_group":"<20","count":195,"tested":1814},{"age_group":"20-29   ","count":118,"tested":1315},{"age_group":"30-39   ","count":196,"tested":1821},{"age_group":"40-49   ","count":161,"tested":1903},{"age_group":"50-59   ","count":134,"tested":1836},{"age_group":"60-69   ","count":74,"tested":756},{"age_group":"70-79   ","count":23,"tested":432}],"race":[{"description":"Left Blank","count":227,"tested":3767,"color":"rgb(44,160,44)"},{"description":"Other","count":29,"tested":219,"color":"rgb(148,103,189)"},{"description":"White","count":422,"tested":3905,"color":"rgb(31,119,180)"},{"description":"Asian","count":66,"tested":964,"color":"rgb(140,86,75)"},{"description":"Hispanic","count":143,"tested":872,"color":"rgb(214,39,40)"},{"description":"Black","count":22,"tested":218,"color":"rgb(255,127,14)"}],"gender":[{"description":"Female","count":463,"tested":5540,"color":"rgb(255,127,14)"},{"description":"Male","count":443,"tested":4351,"color":"rgb(31,119,180)"}]}
