{"age":[{"age_group":"<20","count":642,"tested":9641},{"age_group":"20-29   ","count":723,"tested":11823},{"age_group":"30-39   ","count":715,"tested":12364},{"age_group":"40-49   ","count":708,"tested":14651},{"age_group":"50-59   ","count":735,"tested":16180},{"age_group":"60-69   ","count":538,"tested":15523},{"age_group":"70-79   ","count":291,"tested":7935},{"age_group":"80+","count":255,"tested":7056}],"race":[{"description":"Left Blank","count":1536,"tested":52118,"color":"rgb(44,160,44)"},{"description":"Other","count":177,"tested":2138,"color":"rgb(148,103,189)"},{"description":"Hispanic","count":108,"tested":1336,"color":"rgb(214,39,40)"},{"description":"Asian","count":9,"tested":170,"color":"rgb(140,86,75)"},{"description":"White","count":483,"tested":9438,"color":"rgb(31,119,180)"},{"description":"Black","count":2290,"tested":29800,"color":"rgb(255,127,14)"}],"gender":[{"description":"Unknown/Left Blank","count":75,"tested":4921,"color":"rgb(44,160,44)"},{"description":"Male","count":2001,"tested":38110,"color":"rgb(31,119,180)"},{"description":"Female","count":2531,"tested":52166,"color":"rgb(255,127,14)"}]}
