{"age":[{"age_group":"<20","count":21,"tested":254},{"age_group":"20-29   ","count":25,"tested":202},{"age_group":"50-59   ","count":22,"tested":292},{"age_group":"60-69   ","count":13,"tested":216}],"race":[{"description":"White","count":72,"tested":755,"color":"rgb(31,119,180)"},{"description":"Left Blank","count":40,"tested":901,"color":"rgb(44,160,44)"}],"gender":[{"description":"Female","count":60,"tested":1082,"color":"rgb(255,127,14)"},{"description":"Male","count":60,"tested":556,"color":"rgb(31,119,180)"}]}
