{"age":[{"age_group":"<20","count":381,"tested":4702},{"age_group":"20-29   ","count":442,"tested":7931},{"age_group":"30-39   ","count":621,"tested":10257},{"age_group":"40-49   ","count":458,"tested":9135},{"age_group":"50-59   ","count":370,"tested":8804},{"age_group":"60-69   ","count":289,"tested":8556},{"age_group":"70-79   ","count":148,"tested":4781},{"age_group":"80+","count":87,"tested":2677}],"race":[{"description":"White","count":82,"tested":2061,"color":"rgb(31,119,180)"},{"description":"Left Blank","count":593,"tested":21709,"color":"rgb(44,160,44)"},{"description":"Other","count":52,"tested":1085,"color":"rgb(148,103,189)"},{"description":"Black","count":1962,"tested":30405,"color":"rgb(255,127,14)"},{"description":"Hispanic","count":84,"tested":1103,"color":"rgb(214,39,40)"},{"description":"Asian","count":20,"tested":380,"color":"rgb(140,86,75)"}],"gender":[{"description":"Male","count":1168,"tested":23019,"color":"rgb(31,119,180)"},{"description":"Unknown/Left Blank","count":23,"tested":1706,"color":"rgb(44,160,44)"},{"description":"Female","count":1605,"tested":32148,"color":"rgb(255,127,14)"}]}
