{"age":[{"age_group":"<20","count":423,"tested":5437},{"age_group":"20-29   ","count":307,"tested":4385},{"age_group":"30-39   ","count":256,"tested":3270},{"age_group":"40-49   ","count":279,"tested":4169},{"age_group":"50-59   ","count":322,"tested":4364},{"age_group":"60-69   ","count":125,"tested":2656},{"age_group":"70-79   ","count":46,"tested":1204},{"age_group":"80+","count":15,"tested":529}],"race":[{"description":"Left Blank","count":289,"tested":8113,"color":"rgb(44,160,44)"},{"description":"Other","count":53,"tested":1063,"color":"rgb(148,103,189)"},{"description":"Black","count":163,"tested":2113,"color":"rgb(255,127,14)"},{"description":"Hispanic","count":280,"tested":1965,"color":"rgb(214,39,40)"},{"description":"Asian","count":177,"tested":2851,"color":"rgb(140,86,75)"},{"description":"White","count":808,"tested":9830,"color":"rgb(31,119,180)"}],"gender":[{"description":"Female","count":925,"tested":14314,"color":"rgb(255,127,14)"},{"description":"Male","count":841,"tested":11509,"color":"rgb(31,119,180)"}]}
