{"age":[{"age_group":"<20","count":28,"tested":227},{"age_group":"20-29   ","count":34,"tested":376},{"age_group":"30-39   ","count":27,"tested":349},{"age_group":"40-49   ","count":23,"tested":377},{"age_group":"50-59   ","count":27,"tested":532},{"age_group":"60-69   ","count":17,"tested":471},{"age_group":"70-79   ","count":10,"tested":140},{"age_group":"80+","count":9,"tested":114}],"race":[{"description":"Hispanic","count":28,"tested":155,"color":"rgb(214,39,40)"},{"description":"Black","count":103,"tested":1552,"color":"rgb(255,127,14)"},{"description":"Left Blank","count":34,"tested":533,"color":"rgb(44,160,44)"},{"description":"White","count":7,"tested":270,"color":"rgb(31,119,180)"}],"gender":[{"description":"Male","count":75,"tested":870,"color":"rgb(31,119,180)"},{"description":"Female","count":100,"tested":1689,"color":"rgb(255,127,14)"}]}
