{"age":[{"age_group":"<20","count":302,"tested":5196},{"age_group":"20-29   ","count":238,"tested":3145},{"age_group":"30-39   ","count":237,"tested":3182},{"age_group":"40-49   ","count":305,"tested":3673},{"age_group":"50-59   ","count":190,"tested":2811},{"age_group":"60-69   ","count":73,"tested":1297},{"age_group":"70-79   ","count":18,"tested":591},{"age_group":"80+","count":9,"tested":191}],"race":[{"description":"Hispanic","count":164,"tested":1493,"color":"rgb(214,39,40)"},{"description":"White","count":478,"tested":5977,"color":"rgb(31,119,180)"},{"description":"Asian","count":76,"tested":1718,"color":"rgb(140,86,75)"},{"description":"Black","count":132,"tested":1379,"color":"rgb(255,127,14)"},{"description":"Other","count":61,"tested":816,"color":"rgb(148,103,189)"},{"description":"Left Blank","count":458,"tested":8642,"color":"rgb(44,160,44)"}],"gender":[{"description":"Male","count":662,"tested":8478,"color":"rgb(31,119,180)"},{"description":"Female","count":705,"tested":10854,"color":"rgb(255,127,14)"}]}
