{"age":[{"age_group":"<20","count":259,"tested":2176},{"age_group":"20-29   ","count":308,"tested":3846},{"age_group":"30-39   ","count":319,"tested":3478},{"age_group":"40-49   ","count":255,"tested":3002},{"age_group":"50-59   ","count":314,"tested":3556},{"age_group":"60-69   ","count":239,"tested":3520},{"age_group":"70-79   ","count":150,"tested":2101},{"age_group":"80+","count":85,"tested":1156}],"race":[{"description":"Hispanic","count":144,"tested":944,"color":"rgb(214,39,40)"},{"description":"Asian","count":39,"tested":361,"color":"rgb(140,86,75)"},{"description":"Black","count":68,"tested":655,"color":"rgb(255,127,14)"},{"description":"Other","count":108,"tested":799,"color":"rgb(148,103,189)"},{"description":"Left Blank","count":751,"tested":13416,"color":"rgb(44,160,44)"},{"description":"White","count":814,"tested":6652,"color":"rgb(31,119,180)"}],"gender":[{"description":"Male","count":900,"tested":8797,"color":"rgb(31,119,180)"},{"description":"Unknown/Left Blank","count":27,"tested":330,"color":"rgb(44,160,44)"},{"description":"Female","count":1002,"tested":13720,"color":"rgb(255,127,14)"}]}
