{"age":[{"age_group":"<20","count":258,"tested":1276},{"age_group":"20-29   ","count":329,"tested":5349},{"age_group":"30-39   ","count":149,"tested":1692},{"age_group":"40-49   ","count":24,"tested":294},{"age_group":"50-59   ","count":21,"tested":183},{"age_group":"60-69   ","count":13,"tested":169}],"race":[{"description":"AI/AN**","count":6,"tested":0,"color":"rgb(31,119,180)"},{"description":"Black","count":160,"tested":608,"color":"rgb(255,127,14)"},{"description":"Hispanic","count":105,"tested":370,"color":"rgb(214,39,40)"},{"description":"Asian","count":38,"tested":315,"color":"rgb(140,86,75)"},{"description":"Other","count":38,"tested":106,"color":"rgb(148,103,189)"},{"description":"Left Blank","count":76,"tested":4688,"color":"rgb(44,160,44)"},{"description":"White","count":373,"tested":2896,"color":"rgb(31,119,180)"}],"gender":[{"description":"Male","count":546,"tested":5511,"color":"rgb(31,119,180)"},{"description":"Female","count":251,"tested":3477,"color":"rgb(255,127,14)"}]}
