{"age":[{"age_group":"<20","count":127,"tested":2159},{"age_group":"20-29   ","count":719,"tested":12825},{"age_group":"30-39   ","count":661,"tested":14226},{"age_group":"40-49   ","count":209,"tested":3769},{"age_group":"50-59   ","count":152,"tested":2262},{"age_group":"60-69   ","count":107,"tested":1512},{"age_group":"70-79   ","count":60,"tested":853},{"age_group":"80+","count":47,"tested":377}],"race":[{"description":"Asian","count":37,"tested":1469,"color":"rgb(140,86,75)"},{"description":"Black","count":169,"tested":2097,"color":"rgb(255,127,14)"},{"description":"Hispanic","count":388,"tested":3172,"color":"rgb(214,39,40)"},{"description":"White","count":738,"tested":12946,"color":"rgb(31,119,180)"},{"description":"Other","count":117,"tested":2098,"color":"rgb(148,103,189)"},{"description":"Left Blank","count":628,"tested":16153,"color":"rgb(44,160,44)"}],"gender":[{"description":"Female","count":971,"tested":19462,"color":"rgb(255,127,14)"},{"description":"Male","count":1031,"tested":17860,"color":"rgb(31,119,180)"},{"description":"Unknown/Left Blank","count":80,"tested":670,"color":"rgb(44,160,44)"}]}
