{"age":[{"age_group":"<20","count":325,"tested":5662},{"age_group":"20-29   ","count":759,"tested":26327},{"age_group":"30-39   ","count":886,"tested":21121},{"age_group":"40-49   ","count":612,"tested":13514},{"age_group":"50-59   ","count":493,"tested":12056},{"age_group":"60-69   ","count":351,"tested":8323},{"age_group":"70-79   ","count":145,"tested":3472},{"age_group":"80+","count":56,"tested":1564}],"race":[{"description":"Left Blank","count":770,"tested":42207,"color":"rgb(44,160,44)"},{"description":"White","count":446,"tested":15497,"color":"rgb(31,119,180)"},{"description":"Hispanic","count":505,"tested":5492,"color":"rgb(214,39,40)"},{"description":"Other","count":133,"tested":3727,"color":"rgb(148,103,189)"},{"description":"Asian","count":82,"tested":3932,"color":"rgb(140,86,75)"},{"description":"NH/PI*","count":9,"tested":78,"color":"rgb(127,127,127)"},{"description":"Black","count":1681,"tested":21047,"color":"rgb(255,127,14)"}],"gender":[{"description":"Unknown/Left Blank","count":62,"tested":2859,"color":"rgb(44,160,44)"},{"description":"Male","count":1789,"tested":54155,"color":"rgb(31,119,180)"},{"description":"Female","count":1777,"tested":35051,"color":"rgb(255,127,14)"}]}
