{"age":[{"age_group":"<20","count":1034,"tested":9816},{"age_group":"20-29   ","count":1076,"tested":11310},{"age_group":"30-39   ","count":870,"tested":9720},{"age_group":"40-49   ","count":1018,"tested":10472},{"age_group":"50-59   ","count":925,"tested":10260},{"age_group":"60-69   ","count":342,"tested":4406},{"age_group":"70-79   ","count":118,"tested":2159},{"age_group":"80+","count":52,"tested":814}],"race":[{"description":"Other","count":210,"tested":2359,"color":"rgb(148,103,189)"},{"description":"Hispanic","count":1031,"tested":6912,"color":"rgb(214,39,40)"},{"description":"White","count":2036,"tested":21843,"color":"rgb(31,119,180)"},{"description":"Asian","count":67,"tested":1122,"color":"rgb(140,86,75)"},{"description":"Left Blank","count":1678,"tested":22185,"color":"rgb(44,160,44)"},{"description":"Black","count":402,"tested":4369,"color":"rgb(255,127,14)"},{"description":"AI/AN**","count":9,"tested":91,"color":"rgb(31,119,180)"}],"gender":[{"description":"Male","count":2556,"tested":25387,"color":"rgb(31,119,180)"},{"description":"Unknown/Left Blank","count":38,"tested":971,"color":"rgb(44,160,44)"},{"description":"Female","count":2841,"tested":32602,"color":"rgb(255,127,14)"}]}
