{"age":[{"age_group":"<20","count":19,"tested":192},{"age_group":"20-29   ","count":14,"tested":222},{"age_group":"30-39   ","count":6,"tested":248},{"age_group":"40-49   ","count":25,"tested":185},{"age_group":"50-59   ","count":37,"tested":239},{"age_group":"60-69   ","count":14,"tested":214},{"age_group":"70-79   ","count":10,"tested":161},{"age_group":"80+","count":6,"tested":116}],"race":[{"description":"White","count":83,"tested":856,"color":"rgb(31,119,180)"},{"description":"Left Blank","count":45,"tested":652,"color":"rgb(44,160,44)"}],"gender":[{"description":"Male","count":64,"tested":594,"color":"rgb(31,119,180)"},{"description":"Female","count":65,"tested":947,"color":"rgb(255,127,14)"}]}
