{"age":[{"age_group":"<20","count":833,"tested":6728},{"age_group":"20-29   ","count":977,"tested":10076},{"age_group":"30-39   ","count":851,"tested":8462},{"age_group":"40-49   ","count":832,"tested":7286},{"age_group":"50-59   ","count":755,"tested":7598},{"age_group":"60-69   ","count":460,"tested":5305},{"age_group":"70-79   ","count":162,"tested":2296},{"age_group":"80+","count":79,"tested":1186}],"race":[{"description":"NH/PI*","count":13,"tested":99,"color":"rgb(127,127,127)"},{"description":"Left Blank","count":1229,"tested":25889,"color":"rgb(44,160,44)"},{"description":"AI/AN**","count":13,"tested":100,"color":"rgb(31,119,180)"},{"description":"Hispanic","count":1812,"tested":7542,"color":"rgb(214,39,40)"},{"description":"Other","count":216,"tested":1643,"color":"rgb(148,103,189)"},{"description":"White","count":919,"tested":7580,"color":"rgb(31,119,180)"},{"description":"Asian","count":493,"tested":4168,"color":"rgb(140,86,75)"},{"description":"Black","count":254,"tested":1937,"color":"rgb(255,127,14)"}],"gender":[{"description":"Male","count":2366,"tested":20190,"color":"rgb(31,119,180)"},{"description":"Female","count":2538,"tested":27738,"color":"rgb(255,127,14)"},{"description":"Unknown/Left Blank","count":45,"tested":1030,"color":"rgb(44,160,44)"}]}
