{"age":[{"age_group":"<20","count":490,"tested":5003},{"age_group":"20-29   ","count":644,"tested":8234},{"age_group":"30-39   ","count":586,"tested":7729},{"age_group":"40-49   ","count":490,"tested":6190},{"age_group":"50-59   ","count":486,"tested":6005},{"age_group":"60-69   ","count":301,"tested":4790},{"age_group":"70-79   ","count":134,"tested":2221},{"age_group":"80+","count":127,"tested":2549}],"race":[{"description":"Hispanic","count":742,"tested":4033,"color":"rgb(214,39,40)"},{"description":"AI/AN**","count":23,"tested":130,"color":"rgb(31,119,180)"},{"description":"Left Blank","count":1053,"tested":21918,"color":"rgb(44,160,44)"},{"description":"NH/PI*","count":6,"tested":82,"color":"rgb(127,127,127)"},{"description":"Other","count":141,"tested":1040,"color":"rgb(148,103,189)"},{"description":"White","count":810,"tested":9510,"color":"rgb(31,119,180)"},{"description":"Asian","count":352,"tested":4670,"color":"rgb(140,86,75)"},{"description":"Black","count":131,"tested":1358,"color":"rgb(255,127,14)"}],"gender":[{"description":"Male","count":1586,"tested":18976,"color":"rgb(31,119,180)"},{"description":"Female","count":1645,"tested":23088,"color":"rgb(255,127,14)"},{"description":"Unknown/Left Blank","count":27,"tested":677,"color":"rgb(44,160,44)"}]}
