{"age":[{"age_group":"<20","count":112,"tested":1171},{"age_group":"20-29   ","count":152,"tested":1485},{"age_group":"30-39   ","count":135,"tested":1271},{"age_group":"40-49   ","count":107,"tested":1321},{"age_group":"50-59   ","count":126,"tested":1664},{"age_group":"60-69   ","count":113,"tested":1328},{"age_group":"70-79   ","count":38,"tested":521},{"age_group":"80+","count":13,"tested":270}],"race":[{"description":"Black","count":10,"tested":121,"color":"rgb(255,127,14)"},{"description":"Hispanic","count":140,"tested":902,"color":"rgb(214,39,40)"},{"description":"Left Blank","count":267,"tested":3237,"color":"rgb(44,160,44)"},{"description":"Other","count":37,"tested":285,"color":"rgb(148,103,189)"},{"description":"White","count":337,"tested":4412,"color":"rgb(31,119,180)"}],"gender":[{"description":"Male","count":369,"tested":3576,"color":"rgb(31,119,180)"},{"description":"Female","count":420,"tested":5357,"color":"rgb(255,127,14)"}]}
