{"age":[{"age_group":"<20","count":108,"tested":1315},{"age_group":"20-29   ","count":123,"tested":2474},{"age_group":"30-39   ","count":102,"tested":1904},{"age_group":"40-49   ","count":118,"tested":2006},{"age_group":"50-59   ","count":147,"tested":2536},{"age_group":"60-69   ","count":98,"tested":2184},{"age_group":"70-79   ","count":70,"tested":1667},{"age_group":"80+","count":66,"tested":2355}],"race":[{"description":"Black","count":16,"tested":402,"color":"rgb(255,127,14)"},{"description":"Other","count":11,"tested":184,"color":"rgb(148,103,189)"},{"description":"Left Blank","count":242,"tested":10924,"color":"rgb(44,160,44)"},{"description":"White","count":503,"tested":4469,"color":"rgb(31,119,180)"},{"description":"Hispanic","count":58,"tested":395,"color":"rgb(214,39,40)"}],"gender":[{"description":"Female","count":473,"tested":11029,"color":"rgb(255,127,14)"},{"description":"Male","count":357,"tested":5027,"color":"rgb(31,119,180)"}]}
