{"age":[{"age_group":"<20","count":30,"tested":387},{"age_group":"20-29   ","count":48,"tested":419},{"age_group":"30-39   ","count":31,"tested":340},{"age_group":"40-49   ","count":43,"tested":401},{"age_group":"50-59   ","count":62,"tested":617},{"age_group":"60-69   ","count":32,"tested":429},{"age_group":"70-79   ","count":21,"tested":320},{"age_group":"80+","count":13,"tested":147}],"race":[{"description":"Hispanic","count":17,"tested":103,"color":"rgb(214,39,40)"},{"description":"Left Blank","count":73,"tested":686,"color":"rgb(44,160,44)"},{"description":"White","count":181,"tested":2192,"color":"rgb(31,119,180)"},{"description":"Other","count":7,"tested":63,"color":"rgb(148,103,189)"}],"gender":[{"description":"Female","count":145,"tested":1705,"color":"rgb(255,127,14)"},{"description":"Male","count":133,"tested":1281,"color":"rgb(31,119,180)"}]}
