{"age":[{"age_group":"<20","count":23,"tested":308},{"age_group":"20-29   ","count":49,"tested":468},{"age_group":"30-39   ","count":32,"tested":343},{"age_group":"40-49   ","count":30,"tested":329},{"age_group":"50-59   ","count":37,"tested":366},{"age_group":"60-69   ","count":16,"tested":282},{"age_group":"70-79   ","count":13,"tested":123},{"age_group":"80+","count":6,"tested":62}],"race":[{"description":"Left Blank","count":36,"tested":574,"color":"rgb(44,160,44)"},{"description":"White","count":146,"tested":1487,"color":"rgb(31,119,180)"},{"description":"Other","count":12,"tested":98,"color":"rgb(148,103,189)"},{"description":"Black","count":6,"tested":64,"color":"rgb(255,127,14)"}],"gender":[{"description":"Male","count":105,"tested":998,"color":"rgb(31,119,180)"},{"description":"Female","count":101,"tested":1216,"color":"rgb(255,127,14)"}]}
