{"age":[{"age_group":"<20","count":648,"tested":6777},{"age_group":"20-29   ","count":767,"tested":10775},{"age_group":"30-39   ","count":839,"tested":10582},{"age_group":"40-49   ","count":854,"tested":10897},{"age_group":"50-59   ","count":816,"tested":12216},{"age_group":"60-69   ","count":595,"tested":9950},{"age_group":"70-79   ","count":409,"tested":6494},{"age_group":"80+","count":266,"tested":4159}],"race":[{"description":"White","count":83,"tested":1366,"color":"rgb(31,119,180)"},{"description":"Left Blank","count":1122,"tested":24738,"color":"rgb(44,160,44)"},{"description":"Other","count":122,"tested":1022,"color":"rgb(148,103,189)"},{"description":"Black","count":3602,"tested":42991,"color":"rgb(255,127,14)"},{"description":"Hispanic","count":252,"tested":1583,"color":"rgb(214,39,40)"}],"gender":[{"description":"Male","count":2221,"tested":28876,"color":"rgb(31,119,180)"},{"description":"Unknown/Left Blank","count":46,"tested":1979,"color":"rgb(44,160,44)"},{"description":"Female","count":2927,"tested":41029,"color":"rgb(255,127,14)"}]}
