{"age":[{"age_group":"<20","count":750,"tested":16305},{"age_group":"20-29   ","count":1361,"tested":25905},{"age_group":"30-39   ","count":585,"tested":7917},{"age_group":"40-49   ","count":480,"tested":5258},{"age_group":"50-59   ","count":405,"tested":5872},{"age_group":"60-69   ","count":273,"tested":4782},{"age_group":"70-79   ","count":166,"tested":3622},{"age_group":"80+","count":201,"tested":6688}],"race":[{"description":"Left Blank","count":963,"tested":32736,"color":"rgb(44,160,44)"},{"description":"Other","count":50,"tested":790,"color":"rgb(148,103,189)"},{"description":"Black","count":594,"tested":9553,"color":"rgb(255,127,14)"},{"description":"Hispanic","count":772,"tested":5474,"color":"rgb(214,39,40)"},{"description":"White","count":1767,"tested":26092,"color":"rgb(31,119,180)"},{"description":"Asian","count":71,"tested":1615,"color":"rgb(140,86,75)"}],"gender":[{"description":"Female","count":2260,"tested":47555,"color":"rgb(255,127,14)"},{"description":"Male","count":1951,"tested":28467,"color":"rgb(31,119,180)"},{"description":"Unknown/Left Blank","count":10,"tested":336,"color":"rgb(44,160,44)"}]}
