{"age":[{"age_group":"<20","count":1137,"tested":9807},{"age_group":"20-29   ","count":1373,"tested":15736},{"age_group":"30-39   ","count":1040,"tested":11321},{"age_group":"40-49   ","count":1088,"tested":11776},{"age_group":"50-59   ","count":939,"tested":11905},{"age_group":"60-69   ","count":568,"tested":9339},{"age_group":"70-79   ","count":275,"tested":4785},{"age_group":"80+","count":185,"tested":4375}],"race":[{"description":"Hispanic","count":2970,"tested":17034,"color":"rgb(214,39,40)"},{"description":"White","count":1359,"tested":21546,"color":"rgb(31,119,180)"},{"description":"Left Blank","count":1396,"tested":28720,"color":"rgb(44,160,44)"},{"description":"AI/AN**","count":8,"tested":71,"color":"rgb(31,119,180)"},{"description":"Other","count":237,"tested":2941,"color":"rgb(148,103,189)"},{"description":"Asian","count":136,"tested":1037,"color":"rgb(140,86,75)"},{"description":"Black","count":496,"tested":7652,"color":"rgb(255,127,14)"}],"gender":[{"description":"Male","count":3168,"tested":34190,"color":"rgb(31,119,180)"},{"description":"Female","count":3413,"tested":43725,"color":"rgb(255,127,14)"},{"description":"Unknown/Left Blank","count":26,"tested":1149,"color":"rgb(44,160,44)"}]}
