{"age":[{"age_group":"<20","count":376,"tested":7747},{"age_group":"20-29   ","count":973,"tested":35394},{"age_group":"30-39   ","count":786,"tested":18939},{"age_group":"40-49   ","count":620,"tested":15664},{"age_group":"50-59   ","count":589,"tested":17445},{"age_group":"60-69   ","count":510,"tested":17334},{"age_group":"70-79   ","count":303,"tested":10758},{"age_group":"80+","count":194,"tested":4918}],"race":[{"description":"Left Blank","count":1276,"tested":80092,"color":"rgb(44,160,44)"},{"description":"NH/PI*","count":7,"tested":106,"color":"rgb(127,127,127)"},{"description":"Hispanic","count":828,"tested":6354,"color":"rgb(214,39,40)"},{"description":"Other","count":209,"tested":3236,"color":"rgb(148,103,189)"},{"description":"Black","count":759,"tested":10620,"color":"rgb(255,127,14)"},{"description":"White","count":1095,"tested":24559,"color":"rgb(31,119,180)"},{"description":"Asian","count":170,"tested":3226,"color":"rgb(140,86,75)"}],"gender":[{"description":"Unknown/Left Blank","count":96,"tested":5964,"color":"rgb(44,160,44)"},{"description":"Female","count":2132,"tested":69340,"color":"rgb(255,127,14)"},{"description":"Male","count":2123,"tested":52968,"color":"rgb(31,119,180)"}]}
