{"age":[{"age_group":"20-29   ","count":8,"tested":101},{"age_group":"30-39   ","count":10,"tested":219},{"age_group":"40-49   ","count":9,"tested":162},{"age_group":"50-59   ","count":7,"tested":197},{"age_group":"60-69   ","count":6,"tested":95}],"race":[{"description":"Left Blank","count":11,"tested":255,"color":"rgb(44,160,44)"},{"description":"White","count":29,"tested":611,"color":"rgb(31,119,180)"}],"gender":[{"description":"Male","count":19,"tested":344,"color":"rgb(31,119,180)"},{"description":"Female","count":24,"tested":645,"color":"rgb(255,127,14)"}]}
