{"age":[{"age_group":"<20","count":15,"tested":142},{"age_group":"20-29   ","count":17,"tested":141},{"age_group":"30-39   ","count":20,"tested":84},{"age_group":"40-49   ","count":16,"tested":105},{"age_group":"50-59   ","count":19,"tested":162},{"age_group":"60-69   ","count":16,"tested":102}],"race":[{"description":"White","count":90,"tested":568,"color":"rgb(31,119,180)"},{"description":"Left Blank","count":18,"tested":228,"color":"rgb(44,160,44)"}],"gender":[{"description":"Female","count":59,"tested":441,"color":"rgb(255,127,14)"},{"description":"Male","count":50,"tested":363,"color":"rgb(31,119,180)"}]}
