{"age":[{"age_group":"<20","count":121,"tested":1877},{"age_group":"20-29   ","count":707,"tested":12101},{"age_group":"30-39   ","count":649,"tested":13270},{"age_group":"40-49   ","count":206,"tested":3441},{"age_group":"50-59   ","count":147,"tested":2084},{"age_group":"60-69   ","count":106,"tested":1390},{"age_group":"70-79   ","count":56,"tested":772},{"age_group":"80+","count":45,"tested":336}],"race":[{"description":"Asian","count":37,"tested":1312,"color":"rgb(140,86,75)"},{"description":"Black","count":160,"tested":1903,"color":"rgb(255,127,14)"},{"description":"Hispanic","count":379,"tested":2913,"color":"rgb(214,39,40)"},{"description":"White","count":725,"tested":12024,"color":"rgb(31,119,180)"},{"description":"Other","count":114,"tested":1937,"color":"rgb(148,103,189)"},{"description":"Left Blank","count":617,"tested":15134,"color":"rgb(44,160,44)"}],"gender":[{"description":"Female","count":943,"tested":18069,"color":"rgb(255,127,14)"},{"description":"Male","count":1013,"tested":16578,"color":"rgb(31,119,180)"},{"description":"Unknown/Left Blank","count":81,"tested":633,"color":"rgb(44,160,44)"}]}
