{"age":[{"age_group":"<20","count":920,"tested":2369},{"age_group":"20-29   ","count":890,"tested":7166},{"age_group":"30-39   ","count":354,"tested":2623},{"age_group":"40-49   ","count":288,"tested":2449},{"age_group":"50-59   ","count":224,"tested":2549},{"age_group":"60-69   ","count":156,"tested":1642},{"age_group":"70-79   ","count":66,"tested":553},{"age_group":"80+","count":41,"tested":295}],"race":[{"description":"White","count":772,"tested":3413,"color":"rgb(31,119,180)"},{"description":"Asian","count":114,"tested":1200,"color":"rgb(140,86,75)"},{"description":"Other","count":103,"tested":732,"color":"rgb(148,103,189)"},{"description":"Black","count":629,"tested":4278,"color":"rgb(255,127,14)"},{"description":"Left Blank","count":293,"tested":4515,"color":"rgb(44,160,44)"},{"description":"NH/PI*","count":15,"tested":101,"color":"rgb(127,127,127)"},{"description":"Hispanic","count":996,"tested":5343,"color":"rgb(214,39,40)"},{"description":"AI/AN**","count":17,"tested":70,"color":"rgb(31,119,180)"}],"gender":[{"description":"Unknown/Left Blank","count":35,"tested":164,"color":"rgb(44,160,44)"},{"description":"Male","count":1745,"tested":7739,"color":"rgb(31,119,180)"},{"description":"Female","count":1159,"tested":11749,"color":"rgb(255,127,14)"}]}
