{"age":[{"age_group":"<20","count":61,"tested":1253},{"age_group":"20-29   ","count":907,"tested":14611},{"age_group":"30-39   ","count":669,"tested":12085},{"age_group":"40-49   ","count":199,"tested":3765},{"age_group":"50-59   ","count":135,"tested":2647},{"age_group":"60-69   ","count":68,"tested":1643},{"age_group":"70-79   ","count":19,"tested":666},{"age_group":"80+","count":9,"tested":227}],"race":[{"description":"Asian","count":94,"tested":2531,"color":"rgb(140,86,75)"},{"description":"Black","count":85,"tested":1048,"color":"rgb(255,127,14)"},{"description":"Hispanic","count":100,"tested":853,"color":"rgb(214,39,40)"},{"description":"White","count":1030,"tested":14141,"color":"rgb(31,119,180)"},{"description":"Other","count":109,"tested":1727,"color":"rgb(148,103,189)"},{"description":"Left Blank","count":640,"tested":16531,"color":"rgb(44,160,44)"}],"gender":[{"description":"Female","count":927,"tested":18200,"color":"rgb(255,127,14)"},{"description":"Male","count":1067,"tested":17985,"color":"rgb(31,119,180)"},{"description":"Unknown/Left Blank","count":73,"tested":719,"color":"rgb(44,160,44)"}]}
