{"age":[{"age_group":"<20","count":404,"tested":4479},{"age_group":"20-29   ","count":300,"tested":3985},{"age_group":"30-39   ","count":248,"tested":2874},{"age_group":"40-49   ","count":265,"tested":3744},{"age_group":"50-59   ","count":313,"tested":3935},{"age_group":"60-69   ","count":121,"tested":2411},{"age_group":"70-79   ","count":45,"tested":1095},{"age_group":"80+","count":14,"tested":468}],"race":[{"description":"Left Blank","count":290,"tested":7241,"color":"rgb(44,160,44)"},{"description":"Other","count":52,"tested":965,"color":"rgb(148,103,189)"},{"description":"Black","count":154,"tested":1808,"color":"rgb(255,127,14)"},{"description":"Hispanic","count":268,"tested":1751,"color":"rgb(214,39,40)"},{"description":"Asian","count":166,"tested":2358,"color":"rgb(140,86,75)"},{"description":"White","count":778,"tested":8814,"color":"rgb(31,119,180)"}],"gender":[{"description":"Female","count":890,"tested":12758,"color":"rgb(255,127,14)"},{"description":"Male","count":816,"tested":10078,"color":"rgb(31,119,180)"}]}
