{"age":[{"age_group":"<20","count":344,"tested":3332},{"age_group":"20-29   ","count":467,"tested":4641},{"age_group":"30-39   ","count":247,"tested":2812},{"age_group":"40-49   ","count":321,"tested":3355},{"age_group":"50-59   ","count":448,"tested":4466},{"age_group":"60-69   ","count":344,"tested":4000},{"age_group":"70-79   ","count":166,"tested":3142},{"age_group":"80+","count":164,"tested":5611}],"race":[{"description":"Black","count":44,"tested":527,"color":"rgb(255,127,14)"},{"description":"White","count":1246,"tested":12814,"color":"rgb(31,119,180)"},{"description":"Hispanic","count":85,"tested":721,"color":"rgb(214,39,40)"},{"description":"Asian","count":76,"tested":806,"color":"rgb(140,86,75)"},{"description":"Other","count":108,"tested":1117,"color":"rgb(148,103,189)"},{"description":"Left Blank","count":936,"tested":15346,"color":"rgb(44,160,44)"}],"gender":[{"description":"Unknown/Left Blank","count":15,"tested":741,"color":"rgb(44,160,44)"},{"description":"Male","count":1184,"tested":13065,"color":"rgb(31,119,180)"},{"description":"Female","count":1302,"tested":17557,"color":"rgb(255,127,14)"}]}
