{"age":[{"age_group":"<20","count":504,"tested":5515},{"age_group":"20-29   ","count":365,"tested":4942},{"age_group":"30-39   ","count":323,"tested":4655},{"age_group":"40-49   ","count":308,"tested":3780},{"age_group":"50-59   ","count":417,"tested":4873},{"age_group":"60-69   ","count":249,"tested":3863},{"age_group":"70-79   ","count":80,"tested":2285},{"age_group":"80+","count":88,"tested":3003}],"race":[{"description":"Left Blank","count":419,"tested":11871,"color":"rgb(44,160,44)"},{"description":"White","count":1527,"tested":17463,"color":"rgb(31,119,180)"},{"description":"Asian","count":62,"tested":567,"color":"rgb(140,86,75)"},{"description":"Hispanic","count":207,"tested":1514,"color":"rgb(214,39,40)"},{"description":"Black","count":46,"tested":676,"color":"rgb(255,127,14)"},{"description":"Other","count":69,"tested":822,"color":"rgb(148,103,189)"}],"gender":[{"description":"Male","count":1111,"tested":14127,"color":"rgb(31,119,180)"},{"description":"Unknown/Left Blank","count":15,"tested":432,"color":"rgb(44,160,44)"},{"description":"Female","count":1209,"tested":18394,"color":"rgb(255,127,14)"}]}
