{"age":[{"age_group":"<20","count":21,"tested":254},{"age_group":"20-29   ","count":13,"tested":177},{"age_group":"30-39   ","count":25,"tested":212},{"age_group":"40-49   ","count":11,"tested":228},{"age_group":"50-59   ","count":24,"tested":224},{"age_group":"60-69   ","count":26,"tested":241},{"age_group":"70-79   ","count":7,"tested":140}],"race":[{"description":"White","count":85,"tested":890,"color":"rgb(31,119,180)"},{"description":"Left Blank","count":33,"tested":519,"color":"rgb(44,160,44)"}],"gender":[{"description":"Female","count":65,"tested":877,"color":"rgb(255,127,14)"},{"description":"Male","count":63,"tested":628,"color":"rgb(31,119,180)"}]}
