{"age":[{"age_group":"<20","count":565,"tested":23308},{"age_group":"20-29   ","count":739,"tested":56660},{"age_group":"30-39   ","count":286,"tested":11205},{"age_group":"40-49   ","count":276,"tested":7197},{"age_group":"50-59   ","count":294,"tested":9027},{"age_group":"60-69   ","count":196,"tested":8198},{"age_group":"70-79   ","count":121,"tested":5738},{"age_group":"80+","count":172,"tested":12705}],"race":[{"description":"Hispanic","count":341,"tested":9294,"color":"rgb(214,39,40)"},{"description":"Left Blank","count":333,"tested":39251,"color":"rgb(44,160,44)"},{"description":"White","count":1219,"tested":53210,"color":"rgb(31,119,180)"},{"description":"Black","count":432,"tested":9074,"color":"rgb(255,127,14)"},{"description":"Asian","count":154,"tested":19435,"color":"rgb(140,86,75)"},{"description":"Other","count":162,"tested":3560,"color":"rgb(148,103,189)"}],"gender":[{"description":"Male","count":1332,"tested":58346,"color":"rgb(31,119,180)"},{"description":"Female","count":1288,"tested":74394,"color":"rgb(255,127,14)"},{"description":"Unknown/Left Blank","count":29,"tested":1332,"color":"rgb(44,160,44)"}]}
