{"age":[{"age_group":"<20","count":230,"tested":2206},{"age_group":"20-29   ","count":214,"tested":1814},{"age_group":"30-39   ","count":190,"tested":1593},{"age_group":"40-49   ","count":219,"tested":1945},{"age_group":"50-59   ","count":177,"tested":1823},{"age_group":"60-69   ","count":104,"tested":1079},{"age_group":"70-79   ","count":58,"tested":549},{"age_group":"80+","count":16,"tested":246}],"race":[{"description":"Other","count":14,"tested":167,"color":"rgb(148,103,189)"},{"description":"Left Blank","count":108,"tested":4990,"color":"rgb(44,160,44)"},{"description":"Black","count":21,"tested":173,"color":"rgb(255,127,14)"},{"description":"White","count":784,"tested":5009,"color":"rgb(31,119,180)"},{"description":"Asian","count":11,"tested":115,"color":"rgb(140,86,75)"},{"description":"Hispanic","count":267,"tested":789,"color":"rgb(214,39,40)"}],"gender":[{"description":"Male","count":600,"tested":4630,"color":"rgb(31,119,180)"},{"description":"Female","count":606,"tested":6546,"color":"rgb(255,127,14)"}]}
