{"age":[{"age_group":"<20","count":84,"tested":2086},{"age_group":"20-29   ","count":787,"tested":17821},{"age_group":"30-39   ","count":543,"tested":12999},{"age_group":"40-49   ","count":209,"tested":5101},{"age_group":"50-59   ","count":225,"tested":5406},{"age_group":"60-69   ","count":182,"tested":4853},{"age_group":"70-79   ","count":119,"tested":3656},{"age_group":"80+","count":121,"tested":3587}],"race":[{"description":"NH/PI*","count":8,"tested":36,"color":"rgb(127,127,127)"},{"description":"Black","count":88,"tested":1864,"color":"rgb(255,127,14)"},{"description":"Asian","count":182,"tested":5759,"color":"rgb(140,86,75)"},{"description":"Other","count":210,"tested":2975,"color":"rgb(148,103,189)"},{"description":"Hispanic","count":140,"tested":1520,"color":"rgb(214,39,40)"},{"description":"White","count":1182,"tested":23048,"color":"rgb(31,119,180)"},{"description":"Left Blank","count":459,"tested":20204,"color":"rgb(44,160,44)"}],"gender":[{"description":"Female","count":1160,"tested":29688,"color":"rgb(255,127,14)"},{"description":"Male","count":1062,"tested":25001,"color":"rgb(31,119,180)"},{"description":"Unknown/Left Blank","count":48,"tested":823,"color":"rgb(44,160,44)"}]}
