{"age":[{"age_group":"<20","count":87,"tested":842},{"age_group":"20-29   ","count":128,"tested":1563},{"age_group":"30-39   ","count":109,"tested":1294},{"age_group":"40-49   ","count":100,"tested":1584},{"age_group":"50-59   ","count":94,"tested":1136},{"age_group":"60-69   ","count":47,"tested":791},{"age_group":"70-79   ","count":27,"tested":338},{"age_group":"80+","count":11,"tested":137}],"race":[{"description":"Hispanic","count":12,"tested":155,"color":"rgb(214,39,40)"},{"description":"Left Blank","count":156,"tested":2658,"color":"rgb(44,160,44)"},{"description":"Other","count":10,"tested":156,"color":"rgb(148,103,189)"},{"description":"Black","count":403,"tested":4523,"color":"rgb(255,127,14)"},{"description":"White","count":19,"tested":179,"color":"rgb(31,119,180)"}],"gender":[{"description":"Female","count":368,"tested":4928,"color":"rgb(255,127,14)"},{"description":"Male","count":228,"tested":2581,"color":"rgb(31,119,180)"},{"description":"Unknown/Left Blank","count":7,"tested":180,"color":"rgb(44,160,44)"}]}
