{"age":[{"age_group":"20-29   ","count":12,"tested":145},{"age_group":"30-39   ","count":9,"tested":181},{"age_group":"50-59   ","count":18,"tested":277},{"age_group":"60-69   ","count":13,"tested":153}],"race":[{"description":"Left Blank","count":6,"tested":471,"color":"rgb(44,160,44)"},{"description":"White","count":67,"tested":680,"color":"rgb(31,119,180)"}],"gender":[{"description":"Female","count":37,"tested":821,"color":"rgb(255,127,14)"},{"description":"Male","count":37,"tested":299,"color":"rgb(31,119,180)"}]}
