{"age":[{"age_group":"<20","count":387,"tested":3067},{"age_group":"20-29   ","count":467,"tested":12725},{"age_group":"30-39   ","count":436,"tested":17642},{"age_group":"40-49   ","count":452,"tested":16750},{"age_group":"50-59   ","count":458,"tested":12258},{"age_group":"60-69   ","count":345,"tested":7397},{"age_group":"70-79   ","count":162,"tested":2903},{"age_group":"80+","count":116,"tested":4157},{"age_group":"Unknown","count":16,"tested":2266}],"race":[{"description":"Hispanic","count":86,"tested":610,"color":"rgb(214,39,40)"},{"description":"White","count":1662,"tested":14216,"color":"rgb(31,119,180)"},{"description":"Left Blank","count":870,"tested":62352,"color":"rgb(44,160,44)"},{"description":"Other","count":63,"tested":485,"color":"rgb(148,103,189)"},{"description":"Black","count":145,"tested":1336,"color":"rgb(255,127,14)"},{"description":"Asian","count":13,"tested":151,"color":"rgb(140,86,75)"}],"gender":[{"description":"Male","count":1463,"tested":35157,"color":"rgb(31,119,180)"},{"description":"Unknown/Left Blank","count":125,"tested":29018,"color":"rgb(44,160,44)"},{"description":"Female","count":1251,"tested":14990,"color":"rgb(255,127,14)"}]}
