{"age":[{"age_group":"<20","count":46,"tested":487},{"age_group":"20-29   ","count":47,"tested":423},{"age_group":"30-39   ","count":35,"tested":288},{"age_group":"40-49   ","count":42,"tested":392},{"age_group":"50-59   ","count":55,"tested":583},{"age_group":"60-69   ","count":48,"tested":538},{"age_group":"70-79   ","count":16,"tested":293},{"age_group":"80+","count":10,"tested":118}],"race":[{"description":"Hispanic","count":18,"tested":78,"color":"rgb(214,39,40)"},{"description":"White","count":225,"tested":1590,"color":"rgb(31,119,180)"},{"description":"Left Blank","count":36,"tested":1235,"color":"rgb(44,160,44)"},{"description":"Black","count":9,"tested":84,"color":"rgb(255,127,14)"}],"gender":[{"description":"Female","count":153,"tested":1677,"color":"rgb(255,127,14)"},{"description":"Male","count":145,"tested":1432,"color":"rgb(31,119,180)"}]}
