{"age":[{"age_group":"<20","count":350,"tested":4260},{"age_group":"20-29   ","count":582,"tested":8687},{"age_group":"30-39   ","count":598,"tested":10089},{"age_group":"40-49   ","count":496,"tested":9852},{"age_group":"50-59   ","count":503,"tested":10773},{"age_group":"60-69   ","count":432,"tested":9690},{"age_group":"70-79   ","count":238,"tested":4628},{"age_group":"80+","count":186,"tested":2991}],"race":[{"description":"Other","count":58,"tested":747,"color":"rgb(148,103,189)"},{"description":"White","count":48,"tested":1185,"color":"rgb(31,119,180)"},{"description":"Asian","count":8,"tested":197,"color":"rgb(140,86,75)"},{"description":"Black","count":2403,"tested":30079,"color":"rgb(255,127,14)"},{"description":"Left Blank","count":776,"tested":27894,"color":"rgb(44,160,44)"},{"description":"Hispanic","count":84,"tested":761,"color":"rgb(214,39,40)"}],"gender":[{"description":"Male","count":1417,"tested":24055,"color":"rgb(31,119,180)"},{"description":"Female","count":1918,"tested":34375,"color":"rgb(255,127,14)"},{"description":"Unknown/Left Blank","count":50,"tested":2560,"color":"rgb(44,160,44)"}]}
