{"age":[{"age_group":"<20","count":225,"tested":1439},{"age_group":"20-29   ","count":266,"tested":2163},{"age_group":"30-39   ","count":291,"tested":2246},{"age_group":"40-49   ","count":257,"tested":1673},{"age_group":"50-59   ","count":198,"tested":1621},{"age_group":"60-69   ","count":170,"tested":1518},{"age_group":"70-79   ","count":62,"tested":630},{"age_group":"80+","count":27,"tested":439}],"race":[{"description":"Left Blank","count":291,"tested":3837,"color":"rgb(44,160,44)"},{"description":"White","count":556,"tested":4141,"color":"rgb(31,119,180)"},{"description":"Asian","count":56,"tested":500,"color":"rgb(140,86,75)"},{"description":"Hispanic","count":505,"tested":2604,"color":"rgb(214,39,40)"},{"description":"Other","count":63,"tested":496,"color":"rgb(148,103,189)"},{"description":"Black","count":18,"tested":127,"color":"rgb(255,127,14)"}],"gender":[{"description":"Female","count":755,"tested":6276,"color":"rgb(255,127,14)"},{"description":"Male","count":731,"tested":5329,"color":"rgb(31,119,180)"},{"description":"Unknown/Left Blank","count":10,"tested":127,"color":"rgb(44,160,44)"}]}
