{"age":[{"age_group":"<20","count":597,"tested":7768},{"age_group":"20-29   ","count":610,"tested":8307},{"age_group":"30-39   ","count":435,"tested":8132},{"age_group":"40-49   ","count":453,"tested":7018},{"age_group":"50-59   ","count":552,"tested":10657},{"age_group":"60-69   ","count":374,"tested":8316},{"age_group":"70-79   ","count":202,"tested":4680},{"age_group":"80+","count":170,"tested":4880}],"race":[{"description":"White","count":1749,"tested":27174,"color":"rgb(31,119,180)"},{"description":"Other","count":114,"tested":1118,"color":"rgb(148,103,189)"},{"description":"Left Blank","count":909,"tested":21817,"color":"rgb(44,160,44)"},{"description":"Black","count":67,"tested":1031,"color":"rgb(255,127,14)"},{"description":"Asian","count":197,"tested":4745,"color":"rgb(140,86,75)"},{"description":"Hispanic","count":349,"tested":3755,"color":"rgb(214,39,40)"},{"description":"NH/PI*","count":6,"tested":100,"color":"rgb(127,127,127)"}],"gender":[{"description":"Male","count":1626,"tested":23130,"color":"rgb(31,119,180)"},{"description":"Unknown/Left Blank","count":26,"tested":1749,"color":"rgb(44,160,44)"},{"description":"Female","count":1741,"tested":34895,"color":"rgb(255,127,14)"}]}
