{"age":[{"age_group":"<20","count":166,"tested":2155},{"age_group":"20-29   ","count":176,"tested":2240},{"age_group":"30-39   ","count":152,"tested":2318},{"age_group":"40-49   ","count":165,"tested":2470},{"age_group":"50-59   ","count":189,"tested":2591},{"age_group":"60-69   ","count":121,"tested":1941},{"age_group":"70-79   ","count":48,"tested":911},{"age_group":"80+","count":17,"tested":294}],"race":[{"description":"Hispanic","count":54,"tested":490,"color":"rgb(214,39,40)"},{"description":"Left Blank","count":360,"tested":7221,"color":"rgb(44,160,44)"},{"description":"Asian","count":134,"tested":1963,"color":"rgb(140,86,75)"},{"description":"White","count":418,"tested":4592,"color":"rgb(31,119,180)"},{"description":"Black","count":25,"tested":281,"color":"rgb(255,127,14)"},{"description":"Other","count":36,"tested":335,"color":"rgb(148,103,189)"}],"gender":[{"description":"Female","count":509,"tested":8035,"color":"rgb(255,127,14)"},{"description":"Male","count":522,"tested":6725,"color":"rgb(31,119,180)"}]}
