{"age":[{"age_group":"<20","count":318,"tested":3361},{"age_group":"20-29   ","count":421,"tested":7325},{"age_group":"30-39   ","count":475,"tested":9692},{"age_group":"40-49   ","count":431,"tested":9674},{"age_group":"50-59   ","count":357,"tested":7277},{"age_group":"60-69   ","count":264,"tested":5014},{"age_group":"70-79   ","count":144,"tested":2573},{"age_group":"80+","count":118,"tested":2266}],"race":[{"description":"Left Blank","count":1044,"tested":35261,"color":"rgb(44,160,44)"},{"description":"White","count":781,"tested":9156,"color":"rgb(31,119,180)"},{"description":"Hispanic","count":311,"tested":1546,"color":"rgb(214,39,40)"},{"description":"Other","count":66,"tested":756,"color":"rgb(148,103,189)"},{"description":"Black","count":281,"tested":1694,"color":"rgb(255,127,14)"},{"description":"Asian","count":40,"tested":277,"color":"rgb(140,86,75)"}],"gender":[{"description":"Unknown/Left Blank","count":31,"tested":10201,"color":"rgb(44,160,44)"},{"description":"Female","count":1145,"tested":17160,"color":"rgb(255,127,14)"},{"description":"Male","count":1352,"tested":21362,"color":"rgb(31,119,180)"}]}
