{"age":[{"age_group":"<20","count":306,"tested":2867},{"age_group":"20-29   ","count":355,"tested":5077},{"age_group":"30-39   ","count":325,"tested":5075},{"age_group":"40-49   ","count":345,"tested":5620},{"age_group":"50-59   ","count":370,"tested":7104},{"age_group":"60-69   ","count":310,"tested":6895},{"age_group":"70-79   ","count":179,"tested":4752},{"age_group":"80+","count":169,"tested":5251}],"race":[{"description":"Left Blank","count":875,"tested":24489,"color":"rgb(44,160,44)"},{"description":"Hispanic","count":129,"tested":899,"color":"rgb(214,39,40)"},{"description":"Asian","count":9,"tested":141,"color":"rgb(140,86,75)"},{"description":"White","count":163,"tested":2219,"color":"rgb(31,119,180)"},{"description":"Black","count":1145,"tested":14590,"color":"rgb(255,127,14)"},{"description":"Other","count":38,"tested":431,"color":"rgb(148,103,189)"}],"gender":[{"description":"Female","count":1311,"tested":26478,"color":"rgb(255,127,14)"},{"description":"Male","count":1029,"tested":15619,"color":"rgb(31,119,180)"},{"description":"Unknown/Left Blank","count":21,"tested":771,"color":"rgb(44,160,44)"}]}
