{"age":[{"age_group":"<20","count":1268,"tested":10805},{"age_group":"20-29   ","count":1422,"tested":14844},{"age_group":"30-39   ","count":1220,"tested":13145},{"age_group":"40-49   ","count":1244,"tested":12497},{"age_group":"50-59   ","count":1116,"tested":12490},{"age_group":"60-69   ","count":815,"tested":10882},{"age_group":"70-79   ","count":407,"tested":6541},{"age_group":"80+","count":236,"tested":3931}],"race":[{"description":"White","count":677,"tested":7163,"color":"rgb(31,119,180)"},{"description":"Left Blank","count":1939,"tested":28127,"color":"rgb(44,160,44)"},{"description":"Other","count":166,"tested":2011,"color":"rgb(148,103,189)"},{"description":"Asian","count":18,"tested":168,"color":"rgb(140,86,75)"},{"description":"Hispanic","count":2658,"tested":17807,"color":"rgb(214,39,40)"},{"description":"Black","count":2252,"tested":29656,"color":"rgb(255,127,14)"},{"description":"AI/AN**","count":17,"tested":174,"color":"rgb(31,119,180)"}],"gender":[{"description":"Male","count":3527,"tested":35256,"color":"rgb(31,119,180)"},{"description":"Unknown/Left Blank","count":40,"tested":1143,"color":"rgb(44,160,44)"},{"description":"Female","count":4161,"tested":48779,"color":"rgb(255,127,14)"}]}
