{"age":[{"age_group":"<20","count":355,"tested":3204},{"age_group":"20-29   ","count":410,"tested":3810},{"age_group":"30-39   ","count":338,"tested":3070},{"age_group":"40-49   ","count":283,"tested":2687},{"age_group":"50-59   ","count":226,"tested":2261},{"age_group":"60-69   ","count":143,"tested":1811},{"age_group":"70-79   ","count":63,"tested":1099},{"age_group":"80+","count":44,"tested":678}],"race":[{"description":"Hispanic","count":642,"tested":2033,"color":"rgb(214,39,40)"},{"description":"White","count":513,"tested":4590,"color":"rgb(31,119,180)"},{"description":"Left Blank","count":242,"tested":8925,"color":"rgb(44,160,44)"},{"description":"Other","count":31,"tested":377,"color":"rgb(148,103,189)"},{"description":"Asian","count":77,"tested":209,"color":"rgb(140,86,75)"},{"description":"Black","count":351,"tested":2466,"color":"rgb(255,127,14)"}],"gender":[{"description":"Unknown/Left Blank","count":17,"tested":606,"color":"rgb(44,160,44)"},{"description":"Female","count":972,"tested":10765,"color":"rgb(255,127,14)"},{"description":"Male","count":873,"tested":7252,"color":"rgb(31,119,180)"}]}
