{"age":[{"age_group":"<20","count":179,"tested":1687},{"age_group":"20-29   ","count":211,"tested":1968},{"age_group":"30-39   ","count":205,"tested":1810},{"age_group":"40-49   ","count":181,"tested":1604},{"age_group":"50-59   ","count":200,"tested":1933},{"age_group":"60-69   ","count":142,"tested":1753},{"age_group":"70-79   ","count":85,"tested":1334},{"age_group":"80+","count":59,"tested":1309}],"race":[{"description":"White","count":791,"tested":6916,"color":"rgb(31,119,180)"},{"description":"Other","count":23,"tested":280,"color":"rgb(148,103,189)"},{"description":"Left Blank","count":257,"tested":5061,"color":"rgb(44,160,44)"},{"description":"Hispanic","count":175,"tested":994,"color":"rgb(214,39,40)"},{"description":"Asian","count":7,"tested":46,"color":"rgb(140,86,75)"},{"description":"Black","count":8,"tested":83,"color":"rgb(255,127,14)"}],"gender":[{"description":"Male","count":592,"tested":5129,"color":"rgb(31,119,180)"},{"description":"Female","count":663,"tested":7883,"color":"rgb(255,127,14)"}]}
