{"age":[{"age_group":"<20","count":299,"tested":3254},{"age_group":"20-29   ","count":337,"tested":3728},{"age_group":"30-39   ","count":295,"tested":3717},{"age_group":"40-49   ","count":304,"tested":3371},{"age_group":"50-59   ","count":289,"tested":3204},{"age_group":"60-69   ","count":183,"tested":2486},{"age_group":"70-79   ","count":109,"tested":1709},{"age_group":"80+","count":70,"tested":940}],"race":[{"description":"Left Blank","count":469,"tested":9544,"color":"rgb(44,160,44)"},{"description":"White","count":1143,"tested":10927,"color":"rgb(31,119,180)"},{"description":"Hispanic","count":166,"tested":987,"color":"rgb(214,39,40)"},{"description":"Other","count":21,"tested":218,"color":"rgb(148,103,189)"},{"description":"Asian","count":27,"tested":264,"color":"rgb(140,86,75)"},{"description":"Black","count":56,"tested":433,"color":"rgb(255,127,14)"}],"gender":[{"description":"Male","count":905,"tested":9104,"color":"rgb(31,119,180)"},{"description":"Female","count":976,"tested":13062,"color":"rgb(255,127,14)"}]}
