{"age":[{"age_group":"<20","count":37,"tested":358},{"age_group":"20-29   ","count":44,"tested":529},{"age_group":"30-39   ","count":44,"tested":412},{"age_group":"40-49   ","count":41,"tested":349},{"age_group":"50-59   ","count":41,"tested":513},{"age_group":"60-69   ","count":24,"tested":625},{"age_group":"70-79   ","count":19,"tested":209}],"race":[{"description":"Hispanic","count":9,"tested":61,"color":"rgb(214,39,40)"},{"description":"White","count":184,"tested":1915,"color":"rgb(31,119,180)"},{"description":"Left Blank","count":48,"tested":1017,"color":"rgb(44,160,44)"},{"description":"Other","count":11,"tested":69,"color":"rgb(148,103,189)"}],"gender":[{"description":"Male","count":126,"tested":1179,"color":"rgb(31,119,180)"},{"description":"Female","count":127,"tested":1587,"color":"rgb(255,127,14)"}]}
