{"age":[{"age_group":"<20","count":481,"tested":2865},{"age_group":"20-29   ","count":645,"tested":5412},{"age_group":"30-39   ","count":550,"tested":4124},{"age_group":"40-49   ","count":496,"tested":4300},{"age_group":"50-59   ","count":443,"tested":4396},{"age_group":"60-69   ","count":328,"tested":3731},{"age_group":"70-79   ","count":161,"tested":2632},{"age_group":"80+","count":87,"tested":2047}],"race":[{"description":"White","count":937,"tested":8177,"color":"rgb(31,119,180)"},{"description":"Left Blank","count":898,"tested":13768,"color":"rgb(44,160,44)"},{"description":"Hispanic","count":1074,"tested":5015,"color":"rgb(214,39,40)"},{"description":"Other","count":138,"tested":1216,"color":"rgb(148,103,189)"},{"description":"Asian","count":67,"tested":456,"color":"rgb(140,86,75)"},{"description":"Black","count":72,"tested":820,"color":"rgb(255,127,14)"}],"gender":[{"description":"Female","count":1679,"tested":16890,"color":"rgb(255,127,14)"},{"description":"Male","count":1507,"tested":12266,"color":"rgb(31,119,180)"}]}
