{"age":[{"age_group":"<20","count":871,"tested":5670},{"age_group":"20-29   ","count":918,"tested":8580},{"age_group":"30-39   ","count":865,"tested":7826},{"age_group":"40-49   ","count":920,"tested":7821},{"age_group":"50-59   ","count":754,"tested":7729},{"age_group":"60-69   ","count":444,"tested":6154},{"age_group":"70-79   ","count":203,"tested":2479},{"age_group":"80+","count":159,"tested":2126}],"race":[{"description":"Hispanic","count":2079,"tested":10423,"color":"rgb(214,39,40)"},{"description":"Asian","count":11,"tested":194,"color":"rgb(140,86,75)"},{"description":"Black","count":1066,"tested":12543,"color":"rgb(255,127,14)"},{"description":"White","count":297,"tested":3543,"color":"rgb(31,119,180)"},{"description":"Left Blank","count":1505,"tested":19959,"color":"rgb(44,160,44)"},{"description":"Other","count":167,"tested":1556,"color":"rgb(148,103,189)"},{"description":"AI/AN**","count":10,"tested":31,"color":"rgb(31,119,180)"}],"gender":[{"description":"Female","count":2690,"tested":27617,"color":"rgb(255,127,14)"},{"description":"Male","count":2379,"tested":19665,"color":"rgb(31,119,180)"},{"description":"Unknown/Left Blank","count":66,"tested":1118,"color":"rgb(44,160,44)"}]}
