{"age":[{"age_group":"<20","count":10,"tested":145},{"age_group":"30-39   ","count":13,"tested":94},{"age_group":"40-49   ","count":9,"tested":51},{"age_group":"50-59   ","count":11,"tested":96},{"age_group":"60-69   ","count":6,"tested":53},{"age_group":"70-79   ","count":6,"tested":40}],"race":[{"description":"White","count":53,"tested":316,"color":"rgb(31,119,180)"},{"description":"Left Blank","count":7,"tested":202,"color":"rgb(44,160,44)"}],"gender":[{"description":"Female","count":30,"tested":339,"color":"rgb(255,127,14)"},{"description":"Male","count":32,"tested":194,"color":"rgb(31,119,180)"}]}
