{"age":[{"age_group":"<20","count":299,"tested":3000},{"age_group":"20-29   ","count":373,"tested":5324},{"age_group":"30-39   ","count":330,"tested":5471},{"age_group":"40-49   ","count":366,"tested":5261},{"age_group":"50-59   ","count":389,"tested":6325},{"age_group":"60-69   ","count":382,"tested":6287},{"age_group":"70-79   ","count":239,"tested":4228},{"age_group":"80+","count":193,"tested":4154}],"race":[{"description":"Hispanic","count":297,"tested":1241,"color":"rgb(214,39,40)"},{"description":"Left Blank","count":565,"tested":25302,"color":"rgb(44,160,44)"},{"description":"White","count":1330,"tested":10006,"color":"rgb(31,119,180)"},{"description":"Asian","count":213,"tested":1769,"color":"rgb(140,86,75)"},{"description":"Black","count":78,"tested":841,"color":"rgb(255,127,14)"},{"description":"AI/AN**","count":6,"tested":36,"color":"rgb(31,119,180)"},{"description":"Other","count":78,"tested":828,"color":"rgb(148,103,189)"}],"gender":[{"description":"Female","count":1307,"tested":22775,"color":"rgb(255,127,14)"},{"description":"Male","count":1253,"tested":16279,"color":"rgb(31,119,180)"}]}
