{"age":[{"age_group":"<20","count":22,"tested":291},{"age_group":"20-29   ","count":48,"tested":452},{"age_group":"30-39   ","count":32,"tested":323},{"age_group":"40-49   ","count":30,"tested":313},{"age_group":"50-59   ","count":37,"tested":355},{"age_group":"60-69   ","count":16,"tested":267},{"age_group":"70-79   ","count":13,"tested":120},{"age_group":"80+","count":6,"tested":62}],"race":[{"description":"Left Blank","count":36,"tested":551,"color":"rgb(44,160,44)"},{"description":"White","count":144,"tested":1420,"color":"rgb(31,119,180)"},{"description":"Other","count":12,"tested":94,"color":"rgb(148,103,189)"},{"description":"Black","count":6,"tested":63,"color":"rgb(255,127,14)"}],"gender":[{"description":"Male","count":103,"tested":956,"color":"rgb(31,119,180)"},{"description":"Female","count":101,"tested":1163,"color":"rgb(255,127,14)"}]}
