{"age":[{"age_group":"<20","count":19,"tested":213},{"age_group":"20-29   ","count":27,"tested":667},{"age_group":"30-39   ","count":24,"tested":575},{"age_group":"40-49   ","count":15,"tested":559},{"age_group":"50-59   ","count":12,"tested":551},{"age_group":"60-69   ","count":9,"tested":324}],"race":[{"description":"Black","count":23,"tested":435,"color":"rgb(255,127,14)"},{"description":"Hispanic","count":16,"tested":243,"color":"rgb(214,39,40)"},{"description":"Left Blank","count":40,"tested":1157,"color":"rgb(44,160,44)"},{"description":"White","count":22,"tested":912,"color":"rgb(31,119,180)"}],"gender":[{"description":"Male","count":57,"tested":1811,"color":"rgb(31,119,180)"},{"description":"Female","count":53,"tested":1210,"color":"rgb(255,127,14)"}]}
