{"age":[{"age_group":"<20","count":26,"tested":315},{"age_group":"20-29   ","count":16,"tested":129},{"age_group":"30-39   ","count":22,"tested":206},{"age_group":"40-49   ","count":22,"tested":212},{"age_group":"50-59   ","count":32,"tested":273},{"age_group":"60-69   ","count":23,"tested":161},{"age_group":"70-79   ","count":9,"tested":103}],"race":[{"description":"White","count":77,"tested":710,"color":"rgb(31,119,180)"},{"description":"Left Blank","count":75,"tested":718,"color":"rgb(44,160,44)"}],"gender":[{"description":"Female","count":71,"tested":774,"color":"rgb(255,127,14)"},{"description":"Male","count":83,"tested":668,"color":"rgb(31,119,180)"}]}
