{"age":[{"age_group":"<20","count":123,"tested":2905},{"age_group":"20-29   ","count":620,"tested":12590},{"age_group":"30-39   ","count":552,"tested":13826},{"age_group":"40-49   ","count":239,"tested":5496},{"age_group":"50-59   ","count":174,"tested":4214},{"age_group":"60-69   ","count":117,"tested":3161},{"age_group":"70-79   ","count":41,"tested":1407},{"age_group":"80+","count":29,"tested":582}],"race":[{"description":"Other","count":114,"tested":2327,"color":"rgb(148,103,189)"},{"description":"Left Blank","count":730,"tested":19931,"color":"rgb(44,160,44)"},{"description":"White","count":594,"tested":12656,"color":"rgb(31,119,180)"},{"description":"Asian","count":112,"tested":3881,"color":"rgb(140,86,75)"},{"description":"Hispanic","count":117,"tested":1536,"color":"rgb(214,39,40)"},{"description":"Black","count":219,"tested":3777,"color":"rgb(255,127,14)"}],"gender":[{"description":"Female","count":835,"tested":22048,"color":"rgb(255,127,14)"},{"description":"Male","count":1030,"tested":21314,"color":"rgb(31,119,180)"},{"description":"Unknown/Left Blank","count":30,"tested":832,"color":"rgb(44,160,44)"}]}
