{"age":[{"age_group":"<20","count":179,"tested":1951},{"age_group":"20-29   ","count":226,"tested":2932},{"age_group":"30-39   ","count":214,"tested":3064},{"age_group":"40-49   ","count":186,"tested":2660},{"age_group":"50-59   ","count":169,"tested":3056},{"age_group":"60-69   ","count":125,"tested":2171},{"age_group":"70-79   ","count":93,"tested":1431},{"age_group":"80+","count":51,"tested":1231}],"race":[{"description":"Left Blank","count":322,"tested":6068,"color":"rgb(44,160,44)"},{"description":"White","count":720,"tested":9924,"color":"rgb(31,119,180)"},{"description":"Asian","count":7,"tested":70,"color":"rgb(140,86,75)"},{"description":"Hispanic","count":97,"tested":860,"color":"rgb(214,39,40)"},{"description":"Black","count":72,"tested":1187,"color":"rgb(255,127,14)"},{"description":"Other","count":25,"tested":381,"color":"rgb(148,103,189)"}],"gender":[{"description":"Female","count":712,"tested":11841,"color":"rgb(255,127,14)"},{"description":"Male","count":526,"tested":6469,"color":"rgb(31,119,180)"}]}
