{"age":[{"age_group":"<20","count":19,"tested":180},{"age_group":"20-29   ","count":14,"tested":199},{"age_group":"30-39   ","count":6,"tested":205},{"age_group":"40-49   ","count":24,"tested":171},{"age_group":"50-59   ","count":35,"tested":225},{"age_group":"60-69   ","count":14,"tested":203},{"age_group":"70-79   ","count":10,"tested":155},{"age_group":"80+","count":6,"tested":112}],"race":[{"description":"White","count":80,"tested":761,"color":"rgb(31,119,180)"},{"description":"Left Blank","count":45,"tested":628,"color":"rgb(44,160,44)"}],"gender":[{"description":"Male","count":63,"tested":547,"color":"rgb(31,119,180)"},{"description":"Female","count":63,"tested":872,"color":"rgb(255,127,14)"}]}
