{"age":[{"age_group":"<20","count":584,"tested":8344},{"age_group":"20-29   ","count":517,"tested":7552},{"age_group":"30-39   ","count":391,"tested":7903},{"age_group":"40-49   ","count":485,"tested":8070},{"age_group":"50-59   ","count":527,"tested":9140},{"age_group":"60-69   ","count":395,"tested":7556},{"age_group":"70-79   ","count":189,"tested":4308},{"age_group":"80+","count":261,"tested":5776}],"race":[{"description":"NH/PI*","count":8,"tested":63,"color":"rgb(127,127,127)"},{"description":"Black","count":19,"tested":308,"color":"rgb(255,127,14)"},{"description":"Asian","count":87,"tested":1597,"color":"rgb(140,86,75)"},{"description":"White","count":1875,"tested":22788,"color":"rgb(31,119,180)"},{"description":"Hispanic","count":156,"tested":1658,"color":"rgb(214,39,40)"},{"description":"Other","count":158,"tested":1740,"color":"rgb(148,103,189)"},{"description":"Left Blank","count":1044,"tested":30496,"color":"rgb(44,160,44)"}],"gender":[{"description":"Female","count":1737,"tested":33894,"color":"rgb(255,127,14)"},{"description":"Male","count":1577,"tested":23938,"color":"rgb(31,119,180)"},{"description":"Unknown/Left Blank","count":35,"tested":837,"color":"rgb(44,160,44)"}]}
