date,group,positive_cases
2020-12-10,<20,606
2020-12-10,20-29,586
2020-12-10,30-39,509
2020-12-10,40-49,547
2020-12-10,50-59,521
2020-12-10,60-69,397
2020-12-10,70-79,187
2020-12-10,80+,121
2020-12-09,<20,1680
2020-12-09,20-29,1769
2020-12-09,30-39,1636
2020-12-09,40-49,1529
2020-12-09,50-59,1585
2020-12-09,60-69,1145
2020-12-09,70-79,581
2020-12-09,80+,511
2020-12-08,<20,1127
2020-12-08,20-29,1210
2020-12-08,30-39,1133
2020-12-08,40-49,1155
2020-12-08,50-59,1100
2020-12-08,60-69,827
2020-12-08,70-79,425
2020-12-08,80+,345
2020-12-07,<20,1302
2020-12-07,20-29,1587
2020-12-07,30-39,1322
2020-12-07,40-49,1301
2020-12-07,50-59,1382
2020-12-07,60-69,920
2020-12-07,70-79,477
2020-12-07,80+,411
2020-12-06,<20,1312
2020-12-06,20-29,1536
2020-12-06,30-39,1349
2020-12-06,40-49,1318
2020-12-06,50-59,1283
2020-12-06,60-69,919
2020-12-06,70-79,476
2020-12-06,80+,327
2020-12-05,<20,1355
2020-12-05,20-29,1501
2020-12-05,30-39,1295
2020-12-05,40-49,1266
2020-12-05,50-59,1152
2020-12-05,60-69,829
2020-12-05,70-79,472
2020-12-05,80+,322
2020-12-04,<20,1599
2020-12-04,20-29,1891
2020-12-04,30-39,1660
2020-12-04,40-49,1569
2020-12-04,50-59,1546
2020-12-04,60-69,1060
2020-12-04,70-79,557
2020-12-04,80+,466
2020-12-03,<20,1784
2020-12-03,20-29,1967
2020-12-03,30-39,1878
2020-12-03,40-49,1695
2020-12-03,50-59,1628
2020-12-03,60-69,1165
2020-12-03,70-79,648
2020-12-03,80+,521
2020-12-02,<20,1511
2020-12-02,20-29,1718
2020-12-02,30-39,1601
2020-12-02,40-49,1483
2020-12-02,50-59,1482
2020-12-02,60-69,1084
2020-12-02,70-79,585
2020-12-02,80+,478
2020-12-01,<20,1454
2020-12-01,20-29,1721
2020-12-01,30-39,1548
2020-12-01,40-49,1417
2020-12-01,50-59,1485
2020-12-01,60-69,1020
2020-12-01,70-79,498
2020-12-01,80+,408
2020-11-30,<20,1757
2020-11-30,20-29,1870
2020-11-30,30-39,1843
2020-11-30,40-49,1873
2020-11-30,50-59,1849
2020-11-30,60-69,1362
2020-11-30,70-79,745
2020-11-30,80+,555
2020-11-29,<20,1028
2020-11-29,20-29,1158
2020-11-29,30-39,1046
2020-11-29,40-49,1018
2020-11-29,50-59,1051
2020-11-29,60-69,752
2020-11-29,70-79,435
2020-11-29,80+,302
2020-11-28,<20,1011
2020-11-28,20-29,1107
2020-11-28,30-39,1099
2020-11-28,40-49,1021
2020-11-28,50-59,1021
2020-11-28,60-69,738
2020-11-28,70-79,367
2020-11-28,80+,314
2020-11-27,<20,1342
2020-11-27,20-29,1341
2020-11-27,30-39,1341
2020-11-27,40-49,1310
2020-11-27,50-59,1243
2020-11-27,60-69,928
2020-11-27,70-79,520
2020-11-27,80+,450
2020-11-26,<20,1336
2020-11-26,20-29,1449
2020-11-26,30-39,1397
2020-11-26,40-49,1377
2020-11-26,50-59,1329
2020-11-26,60-69,959
2020-11-26,70-79,501
2020-11-26,80+,371
2020-11-25,<20,1545
2020-11-25,20-29,1939
2020-11-25,30-39,1772
2020-11-25,40-49,1687
2020-11-25,50-59,1753
2020-11-25,60-69,1236
2020-11-25,70-79,688
2020-11-25,80+,431
2020-11-24,<20,1717
2020-11-24,20-29,1911
2020-11-24,30-39,1819
2020-11-24,40-49,1708
2020-11-24,50-59,1705
2020-11-24,60-69,1184
2020-11-24,70-79,622
2020-11-24,80+,418
2020-11-23,<20,1407
2020-11-23,20-29,1489
2020-11-23,30-39,1514
2020-11-23,40-49,1434
2020-11-23,50-59,1413
2020-11-23,60-69,1091
2020-11-23,70-79,590
2020-11-23,80+,438
2020-11-22,<20,1367
2020-11-22,20-29,1634
2020-11-22,30-39,1427
2020-11-22,40-49,1403
2020-11-22,50-59,1382
2020-11-22,60-69,977
2020-11-22,70-79,511
2020-11-22,80+,336
2020-11-21,<20,1448
2020-11-21,20-29,1730
2020-11-21,30-39,1530
2020-11-21,40-49,1549
2020-11-21,50-59,1447
2020-11-21,60-69,1045
2020-11-21,70-79,574
2020-11-21,80+,373
2020-11-20,<20,1998
2020-11-20,20-29,2189
2020-11-20,30-39,2012
2020-11-20,40-49,2127
2020-11-20,50-59,1979
2020-11-20,60-69,1397
2020-11-20,70-79,750
2020-11-20,80+,454
2020-11-19,<20,1940
2020-11-19,20-29,2185
2020-11-19,30-39,1944
2020-11-19,40-49,1928
2020-11-19,50-59,1926
2020-11-19,60-69,1358
2020-11-19,70-79,712
2020-11-19,80+,450
2020-11-18,<20,1950
2020-11-18,20-29,2140
2020-11-18,30-39,1951
2020-11-18,40-49,1965
2020-11-18,50-59,1960
2020-11-18,60-69,1364
2020-11-18,70-79,771
2020-11-18,80+,494
2020-11-17,<20,1658
2020-11-17,20-29,1824
2020-11-17,30-39,1784
2020-11-17,40-49,1778
2020-11-17,50-59,1635
2020-11-17,60-69,1195
2020-11-17,70-79,665
2020-11-17,80+,449
2020-11-16,<20,1766
2020-11-16,20-29,2013
2020-11-16,30-39,1819
2020-11-16,40-49,1706
2020-11-16,50-59,1722
2020-11-16,60-69,1265
2020-11-16,70-79,657
2020-11-16,80+,375
2020-11-15,<20,1720
2020-11-15,20-29,1948
2020-11-15,30-39,1831
2020-11-15,40-49,1676
2020-11-15,50-59,1647
2020-11-15,60-69,1141
2020-11-15,70-79,619
2020-11-15,80+,365
2020-11-14,<20,1595
2020-11-14,20-29,1842
2020-11-14,30-39,1684
2020-11-14,40-49,1611
2020-11-14,50-59,1462
2020-11-14,60-69,1068
2020-11-14,70-79,583
2020-11-14,80+,381
2020-11-13,<20,2316
2020-11-13,20-29,2642
2020-11-13,30-39,2378
2020-11-13,40-49,2312
2020-11-13,50-59,2079
2020-11-13,60-69,1573
2020-11-13,70-79,795
2020-11-13,80+,560
2020-11-12,<20,2227
2020-11-12,20-29,2678
2020-11-12,30-39,2314
2020-11-12,40-49,2278
2020-11-12,50-59,2205
2020-11-12,60-69,1528
2020-11-12,70-79,748
2020-11-12,80+,491
2020-11-11,<20,1838
2020-11-11,20-29,2116
2020-11-11,30-39,1912
2020-11-11,40-49,1846
2020-11-11,50-59,1737
2020-11-11,60-69,1297
2020-11-11,70-79,608
2020-11-11,80+,464
2020-11-10,<20,2036
2020-11-10,20-29,2259
2020-11-10,30-39,2021
2020-11-10,40-49,1932
2020-11-10,50-59,1806
2020-11-10,60-69,1287
2020-11-10,70-79,599
2020-11-10,80+,385
2020-11-09,<20,2083
2020-11-09,20-29,2465
2020-11-09,30-39,2150
2020-11-09,40-49,1966
2020-11-09,50-59,1844
2020-11-09,60-69,1335
2020-11-09,70-79,594
2020-11-09,80+,391
2020-11-08,<20,1334
2020-11-08,20-29,1723
2020-11-08,30-39,1478
2020-11-08,40-49,1326
2020-11-08,50-59,1187
2020-11-08,60-69,864
2020-11-08,70-79,411
2020-11-08,80+,317
2020-11-07,<20,1871
2020-11-07,20-29,2257
2020-11-07,30-39,1964
2020-11-07,40-49,1868
2020-11-07,50-59,1859
2020-11-07,60-69,1184
2020-11-07,70-79,571
2020-11-07,80+,398
2020-11-06,<20,1841
2020-11-06,20-29,2374
2020-11-06,30-39,1960
2020-11-06,40-49,1705
2020-11-06,50-59,1664
2020-11-06,60-69,1120
2020-11-06,70-79,532
2020-11-06,80+,364
2020-11-05,<20,1650
2020-11-05,20-29,1960
2020-11-05,30-39,1620
2020-11-05,40-49,1627
2020-11-05,50-59,1578
2020-11-05,60-69,1122
2020-11-05,70-79,594
2020-11-05,80+,365
2020-11-04,<20,1330
2020-11-04,20-29,1697
2020-11-04,30-39,1511
2020-11-04,40-49,1444
2020-11-04,50-59,1424
2020-11-04,60-69,982
2020-11-04,70-79,483
2020-11-04,80+,334
2020-11-03,<20,979
2020-11-03,20-29,1220
2020-11-03,30-39,1144
2020-11-03,40-49,1037
2020-11-03,50-59,971
2020-11-03,60-69,694
2020-11-03,70-79,339
2020-11-03,80+,242
2020-11-02,<20,1120
2020-11-02,20-29,1346
2020-11-02,30-39,1290
2020-11-02,40-49,1147
2020-11-02,50-59,1048
2020-11-02,60-69,750
2020-11-02,70-79,359
2020-11-02,80+,228
2020-11-01,<20,887
2020-11-01,20-29,1298
2020-11-01,30-39,966
2020-11-01,40-49,955
2020-11-01,50-59,895
2020-11-01,60-69,663
2020-11-01,70-79,322
2020-11-01,80+,185
2020-10-31,<20,1124
2020-10-31,20-29,1499
2020-10-31,30-39,1231
2020-10-31,40-49,1189
2020-10-31,50-59,1035
2020-10-31,60-69,672
2020-10-31,70-79,307
2020-10-31,80+,174
2020-10-30,<20,1305
2020-10-30,20-29,1643
2020-10-30,30-39,1415
2020-10-30,40-49,1321
2020-10-30,50-59,1224
2020-10-30,60-69,736
2020-10-30,70-79,358
2020-10-30,80+,232
2020-10-29,<20,1144
2020-10-29,20-29,1413
2020-10-29,30-39,1189
2020-10-29,40-49,1102
2020-10-29,50-59,1037
2020-10-29,60-69,681
2020-10-29,70-79,364
2020-10-29,80+,218
2020-10-28,<20,996
2020-10-28,20-29,1156
2020-10-28,30-39,1071
2020-10-28,40-49,1017
2020-10-28,50-59,1004
2020-10-28,60-69,690
2020-10-28,70-79,393
2020-10-28,80+,281
2020-10-27,<20,785
2020-10-27,20-29,1013
2020-10-27,30-39,851
2020-10-27,40-49,828
2020-10-27,50-59,822
2020-10-27,60-69,561
2020-10-27,70-79,298
2020-10-27,80+,180
2020-10-26,<20,683
2020-10-26,20-29,837
2020-10-26,30-39,774
2020-10-26,40-49,695
2020-10-26,50-59,671
2020-10-26,60-69,496
2020-10-26,70-79,275
2020-10-26,80+,157
2020-10-25,<20,677
2020-10-25,20-29,753
2020-10-25,30-39,722
2020-10-25,40-49,684
2020-10-25,50-59,661
2020-10-25,60-69,429
2020-10-25,70-79,248
2020-10-25,80+,146
2020-10-24,<20,783
2020-10-24,20-29,991
2020-10-24,30-39,821
2020-10-24,40-49,825
2020-10-24,50-59,661
2020-10-24,60-69,540
2020-10-24,70-79,268
2020-10-24,80+,153
2020-10-23,<20,727
2020-10-23,20-29,1002
2020-10-23,30-39,851
2020-10-23,40-49,727
2020-10-23,50-59,742
2020-10-23,60-69,487
2020-10-23,70-79,296
2020-10-23,80+,193
2020-10-22,<20,730
2020-10-22,20-29,965
2020-10-22,30-39,811
2020-10-22,40-49,768
2020-10-22,50-59,752
2020-10-22,60-69,515
2020-10-22,70-79,244
2020-10-22,80+,211
2020-10-21,<20,725
2020-10-21,20-29,890
2020-10-21,30-39,809
2020-10-21,40-49,765
2020-10-21,50-59,785
2020-10-21,60-69,514
2020-10-21,70-79,289
2020-10-21,80+,222
2020-10-20,<20,616
2020-10-20,20-29,726
2020-10-20,30-39,665
2020-10-20,40-49,570
2020-10-20,50-59,618
2020-10-20,60-69,456
2020-10-20,70-79,265
2020-10-20,80+,192
2020-10-19,<20,532
2020-10-19,20-29,713
2020-10-19,30-39,603
2020-10-19,40-49,524
2020-10-19,50-59,476
2020-10-19,60-69,342
2020-10-19,70-79,185
2020-10-19,80+,135
2020-10-18,<20,430
2020-10-18,20-29,567
2020-10-18,30-39,507
2020-10-18,40-49,431
2020-10-18,50-59,469
2020-10-18,60-69,334
2020-10-18,70-79,183
2020-10-18,80+,118
2020-10-17,<20,660
2020-10-17,20-29,1010
2020-10-17,30-39,818
2020-10-17,40-49,761
2020-10-17,50-59,695
2020-10-17,60-69,468
2020-10-17,70-79,268
2020-10-17,80+,160
2020-10-16,<20,633
2020-10-16,20-29,793
2020-10-16,30-39,696
2020-10-16,40-49,612
2020-10-16,50-59,573
2020-10-16,60-69,447
2020-10-16,70-79,211
2020-10-16,80+,170
2020-10-15,<20,605
2020-10-15,20-29,889
2020-10-15,30-39,756
2020-10-15,40-49,724
2020-10-15,50-59,690
2020-10-15,60-69,490
2020-10-15,70-79,267
2020-10-15,80+,188
2020-10-14,<20,453
2020-10-14,20-29,599
2020-10-14,30-39,535
2020-10-14,40-49,536
2020-10-14,50-59,505
2020-10-14,60-69,381
2020-10-14,70-79,244
2020-10-14,80+,222
2020-10-13,<20,420
2020-10-13,20-29,626
2020-10-13,30-39,463
2020-10-13,40-49,455
2020-10-13,50-59,451
2020-10-13,60-69,352
2020-10-13,70-79,219
2020-10-13,80+,123
2020-10-12,<20,427
2020-10-12,20-29,514
2020-10-12,30-39,482
2020-10-12,40-49,369
2020-10-12,50-59,405
2020-10-12,60-69,304
2020-10-12,70-79,128
2020-10-12,80+,107
2020-10-11,<20,365
2020-10-11,20-29,479
2020-10-11,30-39,420
2020-10-11,40-49,378
2020-10-11,50-59,366
2020-10-11,60-69,309
2020-10-11,70-79,142
2020-10-11,80+,92
2020-10-10,<20,394
2020-10-10,20-29,559
2020-10-10,30-39,448
2020-10-10,40-49,402
2020-10-10,50-59,422
2020-10-10,60-69,313
2020-10-10,70-79,133
2020-10-10,80+,134
2020-10-09,<20,488
2020-10-09,20-29,665
2020-10-09,30-39,490
2020-10-09,40-49,494
2020-10-09,50-59,459
2020-10-09,60-69,355
2020-10-09,70-79,207
2020-10-09,80+,112
2020-10-08,<20,380
2020-10-08,20-29,505
2020-10-08,30-39,448
2020-10-08,40-49,378
2020-10-08,50-59,401
2020-10-08,60-69,306
2020-10-08,70-79,187
2020-10-08,80+,126
2020-10-07,<20,369
2020-10-07,20-29,534
2020-10-07,30-39,472
2020-10-07,40-49,435
2020-10-07,50-59,458
2020-10-07,60-69,292
2020-10-07,70-79,169
2020-10-07,80+,134
2020-10-06,<20,276
2020-10-06,20-29,372
2020-10-06,30-39,309
2020-10-06,40-49,309
2020-10-06,50-59,328
2020-10-06,60-69,290
2020-10-06,70-79,154
2020-10-06,80+,102
2020-10-05,<20,276
2020-10-05,20-29,304
2020-10-05,30-39,289
2020-10-05,40-49,263
2020-10-05,50-59,245
2020-10-05,60-69,198
2020-10-05,70-79,134
2020-10-05,80+,76
2020-10-04,<20,231
2020-10-04,20-29,288
2020-10-04,30-39,260
2020-10-04,40-49,223
2020-10-04,50-59,251
2020-10-04,60-69,164
2020-10-04,70-79,102
2020-10-04,80+,55
2020-10-03,<20,302
2020-10-03,20-29,387
2020-10-03,30-39,316
2020-10-03,40-49,249
2020-10-03,50-59,258
2020-10-03,60-69,183
2020-10-03,70-79,87
2020-10-03,80+,62
2020-10-02,<20,392
2020-10-02,20-29,440
2020-10-02,30-39,364
2020-10-02,40-49,324
2020-10-02,50-59,308
2020-10-02,60-69,230
2020-10-02,70-79,146
2020-10-02,80+,131
2020-10-01,<20,405
2020-10-01,20-29,521
2020-10-01,30-39,400
2020-10-01,40-49,390
2020-10-01,50-59,364
2020-10-01,60-69,291
2020-10-01,70-79,128
2020-10-01,80+,86
2020-09-30,<20,376
2020-09-30,20-29,399
2020-09-30,30-39,321
2020-09-30,40-49,341
2020-09-30,50-59,330
2020-09-30,60-69,228
2020-09-30,70-79,141
2020-09-30,80+,81
2020-09-29,<20,284
2020-09-29,20-29,386
2020-09-29,30-39,269
2020-09-29,40-49,283
2020-09-29,50-59,305
2020-09-29,60-69,203
2020-09-29,70-79,107
2020-09-29,80+,53
2020-09-28,<20,243
2020-09-28,20-29,307
2020-09-28,30-39,259
2020-09-28,40-49,239
2020-09-28,50-59,220
2020-09-28,60-69,149
2020-09-28,70-79,87
2020-09-28,80+,68
2020-09-27,<20,245
2020-09-27,20-29,375
2020-09-27,30-39,273
2020-09-27,40-49,242
2020-09-27,50-59,250
2020-09-27,60-69,179
2020-09-27,70-79,67
2020-09-27,80+,51
2020-09-26,<20,299
2020-09-26,20-29,369
2020-09-26,30-39,334
2020-09-26,40-49,283
2020-09-26,50-59,254
2020-09-26,60-69,196
2020-09-26,70-79,98
2020-09-26,80+,40
2020-09-25,<20,464
2020-09-25,20-29,533
2020-09-25,30-39,396
2020-09-25,40-49,356
2020-09-25,50-59,342
2020-09-25,60-69,240
2020-09-25,70-79,125
2020-09-25,80+,102
2020-09-24,<20,412
2020-09-24,20-29,527
2020-09-24,30-39,439
2020-09-24,40-49,344
2020-09-24,50-59,336
2020-09-24,60-69,269
2020-09-24,70-79,131
2020-09-24,80+,108
2020-09-23,<20,345
2020-09-23,20-29,454
2020-09-23,30-39,318
2020-09-23,40-49,300
2020-09-23,50-59,293
2020-09-23,60-69,213
2020-09-23,70-79,124
2020-09-23,80+,84
2020-09-22,<20,269
2020-09-22,20-29,356
2020-09-22,30-39,284
2020-09-22,40-49,204
2020-09-22,50-59,222
2020-09-22,60-69,183
2020-09-22,70-79,99
2020-09-22,80+,76
2020-09-21,<20,292
2020-09-21,20-29,282
2020-09-21,30-39,219
2020-09-21,40-49,226
2020-09-21,50-59,207
2020-09-21,60-69,171
2020-09-21,70-79,92
2020-09-21,80+,68
2020-09-20,<20,265
2020-09-20,20-29,313
2020-09-20,30-39,258
2020-09-20,40-49,200
2020-09-20,50-59,186
2020-09-20,60-69,142
2020-09-20,70-79,83
2020-09-20,80+,43
2020-09-19,<20,305
2020-09-19,20-29,377
2020-09-19,30-39,290
2020-09-19,40-49,240
2020-09-19,50-59,225
2020-09-19,60-69,198
2020-09-19,70-79,68
2020-09-19,80+,49
2020-09-18,<20,431
2020-09-18,20-29,600
2020-09-18,30-39,401
2020-09-18,40-49,346
2020-09-18,50-59,365
2020-09-18,60-69,247
2020-09-18,70-79,118
2020-09-18,80+,98
2020-09-17,<20,380
2020-09-17,20-29,409
2020-09-17,30-39,348
2020-09-17,40-49,293
2020-09-17,50-59,260
2020-09-17,60-69,185
2020-09-17,70-79,112
2020-09-17,80+,74
2020-09-16,<20,386
2020-09-16,20-29,433
2020-09-16,30-39,288
2020-09-16,40-49,292
2020-09-16,50-59,305
2020-09-16,60-69,203
2020-09-16,70-79,107
2020-09-16,80+,55
2020-09-15,<20,352
2020-09-15,20-29,341
2020-09-15,30-39,269
2020-09-15,40-49,277
2020-09-15,50-59,262
2020-09-15,60-69,181
2020-09-15,70-79,101
2020-09-15,80+,88
2020-09-14,<20,263
2020-09-14,20-29,300
2020-09-14,30-39,234
2020-09-14,40-49,183
2020-09-14,50-59,208
2020-09-14,60-69,128
2020-09-14,70-79,79
2020-09-14,80+,59
2020-09-13,<20,231
2020-09-13,20-29,340
2020-09-13,30-39,219
2020-09-13,40-49,219
2020-09-13,50-59,172
2020-09-13,60-69,118
2020-09-13,70-79,62
2020-09-13,80+,34
2020-09-12,<20,324
2020-09-12,20-29,406
2020-09-12,30-39,242
2020-09-12,40-49,198
2020-09-12,50-59,227
2020-09-12,60-69,132
2020-09-12,70-79,85
2020-09-12,80+,42
2020-09-11,<20,415
2020-09-11,20-29,470
2020-09-11,30-39,315
2020-09-11,40-49,298
2020-09-11,50-59,251
2020-09-11,60-69,212
2020-09-11,70-79,119
2020-09-11,80+,87
2020-09-10,<20,381
2020-09-10,20-29,473
2020-09-10,30-39,273
2020-09-10,40-49,278
2020-09-10,50-59,302
2020-09-10,60-69,191
2020-09-10,70-79,114
2020-09-10,80+,69
2020-09-09,<20,353
2020-09-09,20-29,410
2020-09-09,30-39,239
2020-09-09,40-49,217
2020-09-09,50-59,212
2020-09-09,60-69,154
2020-09-09,70-79,87
2020-09-09,80+,72
2020-09-08,<20,376
2020-09-08,20-29,408
2020-09-08,30-39,223
2020-09-08,40-49,192
2020-09-08,50-59,210
2020-09-08,60-69,123
2020-09-08,70-79,72
2020-09-08,80+,46
2020-09-07,<20,292
2020-09-07,20-29,287
2020-09-07,30-39,224
2020-09-07,40-49,212
2020-09-07,50-59,193
2020-09-07,60-69,129
2020-09-07,70-79,58
2020-09-07,80+,36
2020-09-06,<20,240
2020-09-06,20-29,277
2020-09-06,30-39,194
2020-09-06,40-49,155
2020-09-06,50-59,153
2020-09-06,60-69,84
2020-09-06,70-79,45
2020-09-06,80+,24
2020-09-05,<20,431
2020-09-05,20-29,396
2020-09-05,30-39,236
2020-09-05,40-49,259
2020-09-05,50-59,245
2020-09-05,60-69,163
2020-09-05,70-79,83
2020-09-05,80+,49
2020-09-04,<20,608
2020-09-04,20-29,653
2020-09-04,30-39,380
2020-09-04,40-49,365
2020-09-04,50-59,340
2020-09-04,60-69,197
2020-09-04,70-79,129
2020-09-04,80+,61
2020-09-03,<20,1165
2020-09-03,20-29,1200
2020-09-03,30-39,553
2020-09-03,40-49,511
2020-09-03,50-59,597
2020-09-03,60-69,346
2020-09-03,70-79,178
2020-09-03,80+,125
2020-09-02,<20,402
2020-09-02,20-29,528
2020-09-02,30-39,284
2020-09-02,40-49,280
2020-09-02,50-59,256
2020-09-02,60-69,185
2020-09-02,70-79,100
2020-09-02,80+,49
2020-09-01,<20,351
2020-09-01,20-29,454
2020-09-01,30-39,220
2020-09-01,40-49,213
2020-09-01,50-59,208
2020-09-01,60-69,151
2020-09-01,70-79,82
2020-09-01,80+,68
2020-08-31,<20,297
2020-08-31,20-29,312
2020-08-31,30-39,199
2020-08-31,40-49,198
2020-08-31,50-59,159
2020-08-31,60-69,132
2020-08-31,70-79,78
2020-08-31,80+,67
2020-08-30,<20,345
2020-08-30,20-29,502
2020-08-30,30-39,239
2020-08-30,40-49,231
2020-08-30,50-59,184
2020-08-30,60-69,144
2020-08-30,70-79,73
2020-08-30,80+,19
2020-08-29,<20,412
2020-08-29,20-29,585
2020-08-29,30-39,322
2020-08-29,40-49,281
2020-08-29,50-59,274
2020-08-29,60-69,156
2020-08-29,70-79,92
2020-08-29,80+,45
2020-08-28,<20,451
2020-08-28,20-29,553
2020-08-28,30-39,312
2020-08-28,40-49,285
2020-08-28,50-59,248
2020-08-28,60-69,175
2020-08-28,70-79,104
2020-08-28,80+,64
2020-08-27,<20,407
2020-08-27,20-29,558
2020-08-27,30-39,287
2020-08-27,40-49,290
2020-08-27,50-59,279
2020-08-27,60-69,195
2020-08-27,70-79,100
2020-08-27,80+,64
2020-08-26,<20,373
2020-08-26,20-29,420
2020-08-26,30-39,220
2020-08-26,40-49,224
2020-08-26,50-59,247
2020-08-26,60-69,138
2020-08-26,70-79,88
2020-08-26,80+,54
2020-08-25,<20,409
2020-08-25,20-29,556
2020-08-25,30-39,262
2020-08-25,40-49,306
2020-08-25,50-59,254
2020-08-25,60-69,184
2020-08-25,70-79,89
2020-08-25,80+,56
2020-08-24,<20,309
2020-08-24,20-29,401
2020-08-24,30-39,278
2020-08-24,40-49,209
2020-08-24,50-59,233
2020-08-24,60-69,147
2020-08-24,70-79,100
2020-08-24,80+,54
2020-08-23,<20,301
2020-08-23,20-29,397
2020-08-23,30-39,241
2020-08-23,40-49,206
2020-08-23,50-59,217
2020-08-23,60-69,159
2020-08-23,70-79,57
2020-08-23,80+,24
2020-08-22,<20,462
2020-08-22,20-29,631
2020-08-22,30-39,337
2020-08-22,40-49,320
2020-08-22,50-59,305
2020-08-22,60-69,170
2020-08-22,70-79,92
2020-08-22,80+,44
2020-08-21,<20,358
2020-08-21,20-29,498
2020-08-21,30-39,345
2020-08-21,40-49,339
2020-08-21,50-59,293
2020-08-21,60-69,209
2020-08-21,70-79,140
2020-08-21,80+,45
2020-08-20,<20,342
2020-08-20,20-29,527
2020-08-20,30-39,356
2020-08-20,40-49,294
2020-08-20,50-59,305
2020-08-20,60-69,165
2020-08-20,70-79,79
2020-08-20,80+,60
2020-08-19,<20,370
2020-08-19,20-29,451
2020-08-19,30-39,329
2020-08-19,40-49,287
2020-08-19,50-59,310
2020-08-19,60-69,183
2020-08-19,70-79,99
2020-08-19,80+,79
2020-08-18,<20,349
2020-08-18,20-29,394
2020-08-18,30-39,289
2020-08-18,40-49,244
2020-08-18,50-59,284
2020-08-18,60-69,173
2020-08-18,70-79,87
2020-08-18,80+,61
2020-08-17,<20,307
2020-08-17,20-29,368
2020-08-17,30-39,242
2020-08-17,40-49,274
2020-08-17,50-59,228
2020-08-17,60-69,150
2020-08-17,70-79,94
2020-08-17,80+,69
2020-08-16,<20,322
2020-08-16,20-29,417
2020-08-16,30-39,315
2020-08-16,40-49,260
2020-08-16,50-59,247
2020-08-16,60-69,153
2020-08-16,70-79,66
2020-08-16,80+,38
2020-08-15,<20,248
2020-08-15,20-29,336
2020-08-15,30-39,229
2020-08-15,40-49,244
2020-08-15,50-59,220
2020-08-15,60-69,117
2020-08-15,70-79,59
2020-08-15,80+,46
2020-08-14,<20,321
2020-08-14,20-29,489
2020-08-14,30-39,332
2020-08-14,40-49,311
2020-08-14,50-59,295
2020-08-14,60-69,176
2020-08-14,70-79,91
2020-08-14,80+,102
2020-08-13,<20,334
2020-08-13,20-29,475
2020-08-13,30-39,335
2020-08-13,40-49,298
2020-08-13,50-59,269
2020-08-13,60-69,178
2020-08-13,70-79,79
2020-08-13,80+,59
2020-08-12,<20,277
2020-08-12,20-29,392
2020-08-12,30-39,270
2020-08-12,40-49,282
2020-08-12,50-59,259
2020-08-12,60-69,161
2020-08-12,70-79,89
2020-08-12,80+,83
2020-08-11,<20,250
2020-08-11,20-29,384
2020-08-11,30-39,248
2020-08-11,40-49,231
2020-08-11,50-59,216
2020-08-11,60-69,147
2020-08-11,70-79,70
2020-08-11,80+,52
2020-08-10,<20,256
2020-08-10,20-29,386
2020-08-10,30-39,308
2020-08-10,40-49,237
2020-08-10,50-59,192
2020-08-10,60-69,125
2020-08-10,70-79,75
2020-08-10,80+,57
2020-08-09,<20,220
2020-08-09,20-29,344
2020-08-09,30-39,231
2020-08-09,40-49,181
2020-08-09,50-59,149
2020-08-09,60-69,110
2020-08-09,70-79,69
2020-08-09,80+,63
2020-08-08,<20,281
2020-08-08,20-29,410
2020-08-08,30-39,274
2020-08-08,40-49,240
2020-08-08,50-59,186
2020-08-08,60-69,159
2020-08-08,70-79,82
2020-08-08,80+,53
2020-08-07,<20,332
2020-08-07,20-29,472
2020-08-07,30-39,367
2020-08-07,40-49,301
2020-08-07,50-59,278
2020-08-07,60-69,169
2020-08-07,70-79,106
2020-08-07,80+,77
2020-08-06,<20,322
2020-08-06,20-29,551
2020-08-06,30-39,316
2020-08-06,40-49,305
2020-08-06,50-59,283
2020-08-06,60-69,174
2020-08-06,70-79,77
2020-08-06,80+,71
2020-08-05,<20,258
2020-08-05,20-29,380
2020-08-05,30-39,283
2020-08-05,40-49,274
2020-08-05,50-59,255
2020-08-05,60-69,191
2020-08-05,70-79,96
2020-08-05,80+,66
2020-08-04,<20,291
2020-08-04,20-29,399
2020-08-04,30-39,266
2020-08-04,40-49,238
2020-08-04,50-59,232
2020-08-04,60-69,133
2020-08-04,70-79,70
2020-08-04,80+,56
2020-08-03,<20,272
2020-08-03,20-29,361
2020-08-03,30-39,271
2020-08-03,40-49,260
2020-08-03,50-59,185
2020-08-03,60-69,140
2020-08-03,70-79,65
2020-08-03,80+,39
2020-08-02,<20,192
2020-08-02,20-29,243
2020-08-02,30-39,206
2020-08-02,40-49,153
2020-08-02,50-59,134
2020-08-02,60-69,114
2020-08-02,70-79,55
2020-08-02,80+,44
2020-08-01,<20,272
2020-08-01,20-29,412
2020-08-01,30-39,311
2020-08-01,40-49,234
2020-08-01,50-59,222
2020-08-01,60-69,140
2020-08-01,70-79,66
2020-08-01,80+,46
2020-07-31,<20,260
2020-07-31,20-29,378
2020-07-31,30-39,311
2020-07-31,40-49,268
2020-07-31,50-59,218
2020-07-31,60-69,133
2020-07-31,70-79,81
2020-07-31,80+,41
2020-07-30,<20,373
2020-07-30,20-29,518
2020-07-30,30-39,316
2020-07-30,40-49,285
2020-07-30,50-59,249
2020-07-30,60-69,148
2020-07-30,70-79,90
2020-07-30,80+,40
2020-07-29,<20,265
2020-07-29,20-29,389
2020-07-29,30-39,251
2020-07-29,40-49,222
2020-07-29,50-59,206
2020-07-29,60-69,130
2020-07-29,70-79,76
2020-07-29,80+,46
2020-07-28,<20,228
2020-07-28,20-29,302
2020-07-28,30-39,190
2020-07-28,40-49,178
2020-07-28,50-59,182
2020-07-28,60-69,111
2020-07-28,70-79,63
2020-07-28,80+,26
2020-07-27,<20,191
2020-07-27,20-29,269
2020-07-27,30-39,197
2020-07-27,40-49,161
2020-07-27,50-59,159
2020-07-27,60-69,94
2020-07-27,70-79,64
2020-07-27,80+,29
2020-07-26,<20,196
2020-07-26,20-29,282
2020-07-26,30-39,175
2020-07-26,40-49,170
2020-07-26,50-59,133
2020-07-26,60-69,89
2020-07-26,70-79,45
2020-07-26,80+,21
2020-07-25,<20,269
2020-07-25,20-29,407
2020-07-25,30-39,255
2020-07-25,40-49,222
2020-07-25,50-59,207
2020-07-25,60-69,147
2020-07-25,70-79,57
2020-07-25,80+,39
2020-07-24,<20,229
2020-07-24,20-29,381
2020-07-24,30-39,251
2020-07-24,40-49,215
2020-07-24,50-59,191
2020-07-24,60-69,131
2020-07-24,70-79,69
2020-07-24,80+,44
2020-07-23,<20,240
2020-07-23,20-29,388
2020-07-23,30-39,293
2020-07-23,40-49,200
2020-07-23,50-59,209
2020-07-23,60-69,141
2020-07-23,70-79,76
2020-07-23,80+,63
2020-07-22,<20,240
2020-07-22,20-29,345
2020-07-22,30-39,224
2020-07-22,40-49,224
2020-07-22,50-59,184
2020-07-22,60-69,125
2020-07-22,70-79,64
2020-07-22,80+,40
2020-07-21,<20,222
2020-07-21,20-29,343
2020-07-21,30-39,262
2020-07-21,40-49,214
2020-07-21,50-59,185
2020-07-21,60-69,105
2020-07-21,70-79,67
2020-07-21,80+,36
2020-07-20,<20,157
2020-07-20,20-29,267
2020-07-20,30-39,179
2020-07-20,40-49,144
2020-07-20,50-59,149
2020-07-20,60-69,101
2020-07-20,70-79,44
2020-07-20,80+,26
2020-07-19,<20,200
2020-07-19,20-29,265
2020-07-19,30-39,169
2020-07-19,40-49,173
2020-07-19,50-59,177
2020-07-19,60-69,113
2020-07-19,70-79,57
2020-07-19,80+,29
2020-07-18,<20,159
2020-07-18,20-29,266
2020-07-18,30-39,177
2020-07-18,40-49,147
2020-07-18,50-59,150
2020-07-18,60-69,85
2020-07-18,70-79,34
2020-07-18,80+,18
2020-07-17,<20,218
2020-07-17,20-29,384
2020-07-17,30-39,197
2020-07-17,40-49,207
2020-07-17,50-59,203
2020-07-17,60-69,116
2020-07-17,70-79,58
2020-07-17,80+,42
2020-07-16,<20,219
2020-07-16,20-29,286
2020-07-16,30-39,201
2020-07-16,40-49,168
2020-07-16,50-59,180
2020-07-16,60-69,87
2020-07-16,70-79,55
2020-07-16,80+,44
2020-07-15,<20,252
2020-07-15,20-29,324
2020-07-15,30-39,168
2020-07-15,40-49,192
2020-07-15,50-59,157
2020-07-15,60-69,117
2020-07-15,70-79,65
2020-07-15,80+,45
2020-07-14,<20,183
2020-07-14,20-29,317
2020-07-14,30-39,200
2020-07-14,40-49,163
2020-07-14,50-59,133
2020-07-14,60-69,100
2020-07-14,70-79,43
2020-07-14,80+,32
2020-07-13,<20,168
2020-07-13,20-29,207
2020-07-13,30-39,144
2020-07-13,40-49,121
2020-07-13,50-59,123
2020-07-13,60-69,75
2020-07-13,70-79,38
2020-07-13,80+,28
2020-07-12,<20,156
2020-07-12,20-29,248
2020-07-12,30-39,140
2020-07-12,40-49,124
2020-07-12,50-59,127
2020-07-12,60-69,72
2020-07-12,70-79,38
2020-07-12,80+,25
2020-07-11,<20,190
2020-07-11,20-29,304
2020-07-11,30-39,208
2020-07-11,40-49,189
2020-07-11,50-59,122
2020-07-11,60-69,98
2020-07-11,70-79,44
2020-07-11,80+,35
2020-07-10,<20,178
2020-07-10,20-29,308
2020-07-10,30-39,191
2020-07-10,40-49,169
2020-07-10,50-59,137
2020-07-10,60-69,97
2020-07-10,70-79,49
2020-07-10,80+,31
2020-07-09,<20,173
2020-07-09,20-29,279
2020-07-09,30-39,166
2020-07-09,40-49,165
2020-07-09,50-59,160
2020-07-09,60-69,115
2020-07-09,70-79,58
2020-07-09,80+,64
2020-07-08,<20,132
2020-07-08,20-29,257
2020-07-08,30-39,157
2020-07-08,40-49,163
2020-07-08,50-59,152
2020-07-08,60-69,78
2020-07-08,70-79,53
2020-07-08,80+,39
2020-07-07,<20,84
2020-07-07,20-29,187
2020-07-07,30-39,121
2020-07-07,40-49,108
2020-07-07,50-59,113
2020-07-07,60-69,65
2020-07-07,70-79,50
2020-07-07,80+,44
2020-07-06,<20,119
2020-07-06,20-29,176
2020-07-06,30-39,115
2020-07-06,40-49,90
2020-07-06,50-59,101
2020-07-06,60-69,55
2020-07-06,70-79,38
2020-07-06,80+,31
2020-07-05,<20,88
2020-07-05,20-29,143
2020-07-05,30-39,84
2020-07-05,40-49,66
2020-07-05,50-59,77
2020-07-05,60-69,44
2020-07-05,70-79,35
2020-07-05,80+,9
2020-07-04,<20,119
2020-07-04,20-29,184
2020-07-04,30-39,144
2020-07-04,40-49,106
2020-07-04,50-59,95
2020-07-04,60-69,82
2020-07-04,70-79,29
2020-07-04,80+,23
2020-07-03,<20,128
2020-07-03,20-29,221
2020-07-03,30-39,131
2020-07-03,40-49,118
2020-07-03,50-59,131
2020-07-03,60-69,55
2020-07-03,70-79,35
2020-07-03,80+,23
2020-07-02,<20,127
2020-07-02,20-29,281
2020-07-02,30-39,149
2020-07-02,40-49,118
2020-07-02,50-59,117
2020-07-02,60-69,65
2020-07-02,70-79,34
2020-07-02,80+,49
2020-07-01,<20,131
2020-07-01,20-29,191
2020-07-01,30-39,123
2020-07-01,40-49,97
2020-07-01,50-59,114
2020-07-01,60-69,73
2020-07-01,70-79,36
2020-07-01,80+,36
2020-06-30,<20,113
2020-06-30,20-29,229
2020-06-30,30-39,134
2020-06-30,40-49,134
2020-06-30,50-59,139
2020-06-30,60-69,88
2020-06-30,70-79,49
2020-06-30,80+,51
2020-06-29,<20,126
2020-06-29,20-29,209
2020-06-29,30-39,126
2020-06-29,40-49,126
2020-06-29,50-59,89
2020-06-29,60-69,64
2020-06-29,70-79,32
2020-06-29,80+,44
2020-06-28,<20,80
2020-06-28,20-29,146
2020-06-28,30-39,114
2020-06-28,40-49,80
2020-06-28,50-59,68
2020-06-28,60-69,46
2020-06-28,70-79,36
2020-06-28,80+,27
2020-06-27,<20,82
2020-06-27,20-29,139
2020-06-27,30-39,122
2020-06-27,40-49,87
2020-06-27,50-59,94
2020-06-27,60-69,68
2020-06-27,70-79,35
2020-06-27,80+,28
2020-06-26,<20,122
2020-06-26,20-29,226
2020-06-26,30-39,161
2020-06-26,40-49,123
2020-06-26,50-59,94
2020-06-26,60-69,75
2020-06-26,70-79,40
2020-06-26,80+,52
2020-06-25,<20,99
2020-06-25,20-29,209
2020-06-25,30-39,129
2020-06-25,40-49,118
2020-06-25,50-59,88
2020-06-25,60-69,58
2020-06-25,70-79,61
2020-06-25,80+,60
2020-06-24,<20,109
2020-06-24,20-29,180
2020-06-24,30-39,108
2020-06-24,40-49,105
2020-06-24,50-59,112
2020-06-24,60-69,72
2020-06-24,70-79,50
2020-06-24,80+,62
2020-06-23,<20,91
2020-06-23,20-29,187
2020-06-23,30-39,132
2020-06-23,40-49,96
2020-06-23,50-59,98
2020-06-23,60-69,54
2020-06-23,70-79,51
2020-06-23,80+,51
2020-06-22,<20,99
2020-06-22,20-29,144
2020-06-22,30-39,87
2020-06-22,40-49,85
2020-06-22,50-59,72
2020-06-22,60-69,65
2020-06-22,70-79,41
2020-06-22,80+,39
2020-06-21,<20,67
2020-06-21,20-29,115
2020-06-21,30-39,59
2020-06-21,40-49,64
2020-06-21,50-59,47
2020-06-21,60-69,37
2020-06-21,70-79,24
2020-06-21,80+,23
2020-06-20,<20,107
2020-06-20,20-29,144
2020-06-20,30-39,108
2020-06-20,40-49,93
2020-06-20,50-59,93
2020-06-20,60-69,74
2020-06-20,70-79,33
2020-06-20,80+,47
2020-06-19,<20,87
2020-06-19,20-29,126
2020-06-19,30-39,101
2020-06-19,40-49,93
2020-06-19,50-59,94
2020-06-19,60-69,71
2020-06-19,70-79,33
2020-06-19,80+,53
2020-06-18,<20,74
2020-06-18,20-29,163
2020-06-18,30-39,126
2020-06-18,40-49,89
2020-06-18,50-59,82
2020-06-18,60-69,74
2020-06-18,70-79,32
2020-06-18,80+,49
2020-06-17,<20,89
2020-06-17,20-29,128
2020-06-17,30-39,103
2020-06-17,40-49,90
2020-06-17,50-59,93
2020-06-17,60-69,83
2020-06-17,70-79,37
2020-06-17,80+,26
2020-06-16,<20,116
2020-06-16,20-29,137
2020-06-16,30-39,115
2020-06-16,40-49,121
2020-06-16,50-59,109
2020-06-16,60-69,71
2020-06-16,70-79,52
2020-06-16,80+,60
2020-06-15,<20,76
2020-06-15,20-29,122
2020-06-15,30-39,89
2020-06-15,40-49,89
2020-06-15,50-59,83
2020-06-15,60-69,61
2020-06-15,70-79,44
2020-06-15,80+,51
2020-06-14,<20,92
2020-06-14,20-29,107
2020-06-14,30-39,88
2020-06-14,40-49,92
2020-06-14,50-59,67
2020-06-14,60-69,54
2020-06-14,70-79,32
2020-06-14,80+,18
2020-06-13,<20,93
2020-06-13,20-29,112
2020-06-13,30-39,88
2020-06-13,40-49,90
2020-06-13,50-59,91
2020-06-13,60-69,50
2020-06-13,70-79,36
2020-06-13,80+,33
2020-06-12,<20,101
2020-06-12,20-29,167
2020-06-12,30-39,123
2020-06-12,40-49,108
2020-06-12,50-59,87
2020-06-12,60-69,80
2020-06-12,70-79,40
2020-06-12,80+,60
2020-06-11,<20,81
2020-06-11,20-29,143
2020-06-11,30-39,120
2020-06-11,40-49,112
2020-06-11,50-59,112
2020-06-11,60-69,84
2020-06-11,70-79,43
2020-06-11,80+,67
2020-06-10,<20,91
2020-06-10,20-29,143
2020-06-10,30-39,131
2020-06-10,40-49,130
2020-06-10,50-59,122
2020-06-10,60-69,71
2020-06-10,70-79,65
2020-06-10,80+,59
2020-06-09,<20,76
2020-06-09,20-29,140
2020-06-09,30-39,109
2020-06-09,40-49,128
2020-06-09,50-59,111
2020-06-09,60-69,87
2020-06-09,70-79,53
2020-06-09,80+,82
2020-06-08,<20,94
2020-06-08,20-29,188
2020-06-08,30-39,152
2020-06-08,40-49,140
2020-06-08,50-59,123
2020-06-08,60-69,103
2020-06-08,70-79,60
2020-06-08,80+,100
2020-06-07,<20,77
2020-06-07,20-29,136
2020-06-07,30-39,120
2020-06-07,40-49,123
2020-06-07,50-59,86
2020-06-07,60-69,59
2020-06-07,70-79,41
2020-06-07,80+,64
2020-06-06,<20,97
2020-06-06,20-29,163
2020-06-06,30-39,156
2020-06-06,40-49,162
2020-06-06,50-59,140
2020-06-06,60-69,85
2020-06-06,70-79,59
2020-06-06,80+,59
2020-06-05,<20,115
2020-06-05,20-29,241
2020-06-05,30-39,171
2020-06-05,40-49,196
2020-06-05,50-59,194
2020-06-05,60-69,148
2020-06-05,70-79,83
2020-06-05,80+,128
2020-06-04,<20,112
2020-06-04,20-29,149
2020-06-04,30-39,144
2020-06-04,40-49,155
2020-06-04,50-59,107
2020-06-04,60-69,95
2020-06-04,70-79,42
2020-06-04,80+,61
2020-06-03,<20,77
2020-06-03,20-29,152
2020-06-03,30-39,150
2020-06-03,40-49,157
2020-06-03,50-59,150
2020-06-03,60-69,126
2020-06-03,70-79,59
2020-06-03,80+,70
2020-06-02,<20,201
2020-06-02,20-29,299
2020-06-02,30-39,285
2020-06-02,40-49,304
2020-06-02,50-59,234
2020-06-02,60-69,123
2020-06-02,70-79,66
2020-06-02,80+,63
2020-06-01,<20,93
2020-06-01,20-29,219
2020-06-01,30-39,186
2020-06-01,40-49,198
2020-06-01,50-59,145
2020-06-01,60-69,107
2020-06-01,70-79,69
2020-06-01,80+,75
2020-05-31,<20,131
2020-05-31,20-29,192
2020-05-31,30-39,192
2020-05-31,40-49,165
2020-05-31,50-59,151
2020-05-31,60-69,106
2020-05-31,70-79,48
2020-05-31,80+,59
2020-05-30,<20,152
2020-05-30,20-29,248
2020-05-30,30-39,193
2020-05-30,40-49,216
2020-05-30,50-59,172
2020-05-30,60-69,139
2020-05-30,70-79,83
2020-05-30,80+,82
2020-05-29,<20,200
2020-05-29,20-29,321
2020-05-29,30-39,294
2020-05-29,40-49,308
2020-05-29,50-59,230
2020-05-29,60-69,160
2020-05-29,70-79,85
2020-05-29,80+,103
2020-05-28,<20,201
2020-05-28,20-29,273
2020-05-28,30-39,241
2020-05-28,40-49,261
2020-05-28,50-59,236
2020-05-28,60-69,163
2020-05-28,70-79,88
2020-05-28,80+,96
2020-05-27,<20,171
2020-05-27,20-29,295
2020-05-27,30-39,258
2020-05-27,40-49,275
2020-05-27,50-59,228
2020-05-27,60-69,179
2020-05-27,70-79,99
2020-05-27,80+,115
2020-05-26,<20,123
2020-05-26,20-29,224
2020-05-26,30-39,212
2020-05-26,40-49,207
2020-05-26,50-59,214
2020-05-26,60-69,194
2020-05-26,70-79,107
2020-05-26,80+,130
2020-05-25,<20,121
2020-05-25,20-29,222
2020-05-25,30-39,180
2020-05-25,40-49,218
2020-05-25,50-59,179
2020-05-25,60-69,150
2020-05-25,70-79,62
2020-05-25,80+,40
2020-05-24,<20,204
2020-05-24,20-29,335
2020-05-24,30-39,330
2020-05-24,40-49,338
2020-05-24,50-59,283
2020-05-24,60-69,179
2020-05-24,70-79,82
2020-05-24,80+,97
2020-05-23,<20,253
2020-05-23,20-29,440
2020-05-23,30-39,420
2020-05-23,40-49,394
2020-05-23,50-59,356
2020-05-23,60-69,207
2020-05-23,70-79,135
2020-05-23,80+,170
2020-05-22,<20,243
2020-05-22,20-29,490
2020-05-22,30-39,453
2020-05-22,40-49,440
2020-05-22,50-59,387
2020-05-22,60-69,267
2020-05-22,70-79,119
2020-05-22,80+,147
2020-05-21,<20,281
2020-05-21,20-29,514
2020-05-21,30-39,504
2020-05-21,40-49,473
2020-05-21,50-59,426
2020-05-21,60-69,258
2020-05-21,70-79,125
2020-05-21,80+,136
2020-05-20,<20,266
2020-05-20,20-29,393
2020-05-20,30-39,352
2020-05-20,40-49,376
2020-05-20,50-59,345
2020-05-20,60-69,247
2020-05-20,70-79,138
2020-05-20,80+,184
2020-05-19,<20,240
2020-05-19,20-29,449
2020-05-19,30-39,415
2020-05-19,40-49,391
2020-05-19,50-59,386
2020-05-19,60-69,226
2020-05-19,70-79,95
2020-05-19,80+,71
2020-05-18,<20,158
2020-05-18,20-29,312
2020-05-18,30-39,331
2020-05-18,40-49,327
2020-05-18,50-59,262
2020-05-18,60-69,177
2020-05-18,70-79,94
2020-05-18,80+,122
2020-05-17,<20,175
2020-05-17,20-29,352
2020-05-17,30-39,382
2020-05-17,40-49,346
2020-05-17,50-59,294
2020-05-17,60-69,207
2020-05-17,70-79,89
2020-05-17,80+,86
2020-05-16,<20,190
2020-05-16,20-29,346
2020-05-16,30-39,304
2020-05-16,40-49,286
2020-05-16,50-59,262
2020-05-16,60-69,198
2020-05-16,70-79,116
2020-05-16,80+,109
2020-05-15,<20,216
2020-05-15,20-29,451
2020-05-15,30-39,402
2020-05-15,40-49,434
2020-05-15,50-59,410
2020-05-15,60-69,298
2020-05-15,70-79,141
2020-05-15,80+,165
2020-05-14,<20,288
2020-05-14,20-29,514
2020-05-14,30-39,533
2020-05-14,40-49,512
2020-05-14,50-59,491
2020-05-14,60-69,264
2020-05-14,70-79,134
2020-05-14,80+,115
2020-05-13,<20,237
2020-05-13,20-29,460
2020-05-13,30-39,443
2020-05-13,40-49,502
2020-05-13,50-59,350
2020-05-13,60-69,251
2020-05-13,70-79,142
2020-05-13,80+,111
2020-05-12,<20,171
2020-05-12,20-29,314
2020-05-12,30-39,328
2020-05-12,40-49,366
2020-05-12,50-59,294
2020-05-12,60-69,232
2020-05-12,70-79,141
2020-05-12,80+,135
2020-05-11,<20,300
2020-05-11,20-29,687
2020-05-11,30-39,695
2020-05-11,40-49,757
2020-05-11,50-59,632
2020-05-11,60-69,356
2020-05-11,70-79,179
2020-05-11,80+,202
2020-05-10,<20,108
2020-05-10,20-29,189
2020-05-10,30-39,209
2020-05-10,40-49,189
2020-05-10,50-59,193
2020-05-10,60-69,134
2020-05-10,70-79,82
2020-05-10,80+,92
2020-05-09,<20,139
2020-05-09,20-29,279
2020-05-09,30-39,260
2020-05-09,40-49,337
2020-05-09,50-59,289
2020-05-09,60-69,185
2020-05-09,70-79,77
2020-05-09,80+,119
2020-05-08,<20,208
2020-05-08,20-29,482
2020-05-08,30-39,422
2020-05-08,40-49,438
2020-05-08,50-59,404
2020-05-08,60-69,261
2020-05-08,70-79,136
2020-05-08,80+,141
2020-05-07,<20,242
2020-05-07,20-29,500
2020-05-07,30-39,506
2020-05-07,40-49,595
2020-05-07,50-59,526
2020-05-07,60-69,328
2020-05-07,70-79,170
2020-05-07,80+,135
2020-05-06,<20,217
2020-05-06,20-29,474
2020-05-06,30-39,481
2020-05-06,40-49,509
2020-05-06,50-59,479
2020-05-06,60-69,334
2020-05-06,70-79,191
2020-05-06,80+,240
2020-05-05,<20,161
2020-05-05,20-29,389
2020-05-05,30-39,411
2020-05-05,40-49,404
2020-05-05,50-59,407
2020-05-05,60-69,239
2020-05-05,70-79,139
2020-05-05,80+,178
2020-05-04,<20,174
2020-05-04,20-29,411
2020-05-04,30-39,385
2020-05-04,40-49,465
2020-05-04,50-59,407
2020-05-04,60-69,261
2020-05-04,70-79,168
2020-05-04,80+,152
2020-05-03,<20,152
2020-05-03,20-29,361
2020-05-03,30-39,401
2020-05-03,40-49,394
2020-05-03,50-59,360
2020-05-03,60-69,249
2020-05-03,70-79,123
2020-05-03,80+,140
2020-05-02,<20,217
2020-05-02,20-29,529
2020-05-02,30-39,486
2020-05-02,40-49,539
2020-05-02,50-59,559
2020-05-02,60-69,369
2020-05-02,70-79,181
2020-05-02,80+,209
2020-05-01,<20,200
2020-05-01,20-29,451
2020-05-01,30-39,497
2020-05-01,40-49,437
2020-05-01,50-59,476
2020-05-01,60-69,278
2020-05-01,70-79,161
2020-05-01,80+,181
2020-04-30,<20,208
2020-04-30,20-29,435
2020-04-30,30-39,499
2020-04-30,40-49,570
2020-04-30,50-59,518
2020-04-30,60-69,324
2020-04-30,70-79,152
2020-04-30,80+,137
2020-04-29,<20,130
2020-04-29,20-29,433
2020-04-29,30-39,430
2020-04-29,40-49,459
2020-04-29,50-59,447
2020-04-29,60-69,313
2020-04-29,70-79,165
2020-04-29,80+,200
2020-04-28,<20,142
2020-04-28,20-29,372
2020-04-28,30-39,359
2020-04-28,40-49,462
2020-04-28,50-59,380
2020-04-28,60-69,287
2020-04-28,70-79,120
2020-04-28,80+,180
2020-04-27,<20,104
2020-04-27,20-29,344
2020-04-27,30-39,340
2020-04-27,40-49,338
2020-04-27,50-59,369
2020-04-27,60-69,254
2020-04-27,70-79,140
2020-04-27,80+,195
2020-04-26,<20,89
2020-04-26,20-29,301
2020-04-26,30-39,328
2020-04-26,40-49,349
2020-04-26,50-59,353
2020-04-26,60-69,273
2020-04-26,70-79,138
2020-04-26,80+,180
2020-04-25,<20,110
2020-04-25,20-29,307
2020-04-25,30-39,333
2020-04-25,40-49,419
2020-04-25,50-59,450
2020-04-25,60-69,349
2020-04-25,70-79,165
2020-04-25,80+,179
2020-04-24,<20,122
2020-04-24,20-29,312
2020-04-24,30-39,390
2020-04-24,40-49,375
2020-04-24,50-59,404
2020-04-24,60-69,277
2020-04-24,70-79,175
2020-04-24,80+,246
2020-04-23,<20,100
2020-04-23,20-29,393
2020-04-23,30-39,427
2020-04-23,40-49,447
2020-04-23,50-59,450
2020-04-23,60-69,308
2020-04-23,70-79,172
2020-04-23,80+,195
2020-04-22,<20,70
2020-04-22,20-29,295
2020-04-22,30-39,330
2020-04-22,40-49,346
2020-04-22,50-59,382
2020-04-22,60-69,236
2020-04-22,70-79,135
2020-04-22,80+,143
2020-04-21,<20,74
2020-04-21,20-29,257
2020-04-21,30-39,291
2020-04-21,40-49,346
2020-04-21,50-59,329
2020-04-21,60-69,234
2020-04-21,70-79,166
2020-04-21,80+,223
2020-04-20,<20,65
2020-04-20,20-29,182
2020-04-20,30-39,162
2020-04-20,40-49,222
2020-04-20,50-59,246
2020-04-20,60-69,171
2020-04-20,70-79,116
2020-04-20,80+,128
2020-04-19,<20,54
2020-04-19,20-29,135
2020-04-19,30-39,158
2020-04-19,40-49,164
2020-04-19,50-59,186
2020-04-19,60-69,146
2020-04-19,70-79,69
2020-04-19,80+,71
2020-04-18,<20,56
2020-04-18,20-29,250
2020-04-18,30-39,262
2020-04-18,40-49,296
2020-04-18,50-59,290
2020-04-18,60-69,220
2020-04-18,70-79,112
2020-04-18,80+,121
2020-04-17,<20,82
2020-04-17,20-29,271
2020-04-17,30-39,298
2020-04-17,40-49,378
2020-04-17,50-59,376
2020-04-17,60-69,263
2020-04-17,70-79,139
2020-04-17,80+,122
2020-04-16,<20,58
2020-04-16,20-29,161
2020-04-16,30-39,169
2020-04-16,40-49,181
2020-04-16,50-59,254
2020-04-16,60-69,152
2020-04-16,70-79,81
2020-04-16,80+,112
2020-04-15,<20,35
2020-04-15,20-29,158
2020-04-15,30-39,198
2020-04-15,40-49,257
2020-04-15,50-59,280
2020-04-15,60-69,166
2020-04-15,70-79,127
2020-04-15,80+,126
2020-04-14,<20,49
2020-04-14,20-29,145
2020-04-14,30-39,191
2020-04-14,40-49,171
2020-04-14,50-59,233
2020-04-14,60-69,182
2020-04-14,70-79,130
2020-04-14,80+,115
2020-04-13,<20,17
2020-04-13,20-29,144
2020-04-13,30-39,196
2020-04-13,40-49,219
2020-04-13,50-59,212
2020-04-13,60-69,195
2020-04-13,70-79,93
2020-04-13,80+,96
2020-04-12,<20,29
2020-04-12,20-29,176
2020-04-12,30-39,212
2020-04-12,40-49,226
2020-04-12,50-59,252
2020-04-12,60-69,152
2020-04-12,70-79,93
2020-04-12,80+,105
2020-04-11,<20,51
2020-04-11,20-29,196
2020-04-11,30-39,268
2020-04-11,40-49,300
2020-04-11,50-59,311
2020-04-11,60-69,198
2020-04-11,70-79,118
2020-04-11,80+,125
2020-04-10,<20,21
2020-04-10,20-29,196
2020-04-10,30-39,248
2020-04-10,40-49,311
2020-04-10,50-59,307
2020-04-10,60-69,239
2020-04-10,70-79,106
2020-04-10,80+,109
2020-04-09,<20,35
2020-04-09,20-29,160
2020-04-09,30-39,228
2020-04-09,40-49,271
2020-04-09,50-59,291
2020-04-09,60-69,233
2020-04-09,70-79,128
2020-04-09,80+,122
2020-04-08,<20,23
2020-04-08,20-29,171
2020-04-08,30-39,202
2020-04-08,40-49,236
2020-04-08,50-59,299
2020-04-08,60-69,234
2020-04-08,70-79,149
2020-04-08,80+,122
2020-04-07,<20,19
2020-04-07,20-29,143
2020-04-07,30-39,216
2020-04-07,40-49,221
2020-04-07,50-59,241
2020-04-07,60-69,198
2020-04-07,70-79,131
2020-04-07,80+,112
2020-04-06,<20,28
2020-04-06,20-29,156
2020-04-06,30-39,189
2020-04-06,40-49,273
2020-04-06,50-59,277
2020-04-06,60-69,199
2020-04-06,70-79,111
2020-04-06,80+,82
2020-04-05,<20,15
2020-04-05,20-29,91
2020-04-05,30-39,109
2020-04-05,40-49,174
2020-04-05,50-59,150
2020-04-05,60-69,159
2020-04-05,70-79,106
2020-04-05,80+,74
2020-04-04,<20,15
2020-04-04,20-29,127
2020-04-04,30-39,179
2020-04-04,40-49,187
2020-04-04,50-59,196
2020-04-04,60-69,164
2020-04-04,70-79,97
2020-04-04,80+,77
2020-04-03,<20,18
2020-04-03,20-29,154
2020-04-03,30-39,210
2020-04-03,40-49,214
2020-04-03,50-59,259
2020-04-03,60-69,186
2020-04-03,70-79,116
2020-04-03,80+,94
2020-04-02,<20,22
2020-04-02,20-29,104
2020-04-02,30-39,148
2020-04-02,40-49,192
2020-04-02,50-59,212
2020-04-02,60-69,194
2020-04-02,70-79,99
2020-04-02,80+,93
2020-04-01,<20,22
2020-04-01,20-29,131
2020-04-01,30-39,162
2020-04-01,40-49,163
2020-04-01,50-59,216
2020-04-01,60-69,166
2020-04-01,70-79,89
2020-04-01,80+,62
2020-03-31,<20,20
2020-03-31,20-29,109
2020-03-31,30-39,138
2020-03-31,40-49,191
2020-03-31,50-59,185
2020-03-31,60-69,140
2020-03-31,70-79,113
2020-03-31,80+,49
2020-03-30,<20,15
2020-03-30,20-29,107
2020-03-30,30-39,136
2020-03-30,40-49,153
2020-03-30,50-59,172
2020-03-30,60-69,119
2020-03-30,70-79,89
2020-03-30,80+,57
2020-03-29,<20,9
2020-03-29,20-29,55
2020-03-29,30-39,70
2020-03-29,40-49,96
2020-03-29,50-59,113
2020-03-29,60-69,81
2020-03-29,70-79,68
2020-03-29,80+,48
2020-03-28,<20,9
2020-03-28,20-29,64
2020-03-28,30-39,74
2020-03-28,40-49,115
2020-03-28,50-59,126
2020-03-28,60-69,102
2020-03-28,70-79,61
2020-03-28,80+,30
2020-03-27,<20,17
2020-03-27,20-29,96
2020-03-27,30-39,138
2020-03-27,40-49,167
2020-03-27,50-59,202
2020-03-27,60-69,132
2020-03-27,70-79,97
2020-03-27,80+,54
2020-03-26,<20,7
2020-03-26,20-29,75
2020-03-26,30-39,82
2020-03-26,40-49,107
2020-03-26,50-59,122
2020-03-26,60-69,83
2020-03-26,70-79,60
2020-03-26,80+,21
2020-03-25,<20,11
2020-03-25,20-29,56
2020-03-25,30-39,87
2020-03-25,40-49,106
2020-03-25,50-59,99
2020-03-25,60-69,78
2020-03-25,70-79,57
2020-03-25,80+,31
2020-03-24,<20,12
2020-03-24,20-29,41
2020-03-24,30-39,54
2020-03-24,40-49,72
2020-03-24,50-59,66
2020-03-24,60-69,51
2020-03-24,70-79,43
2020-03-24,80+,30
2020-03-23,<20,3
2020-03-23,20-29,32
2020-03-23,30-39,47
2020-03-23,40-49,47
2020-03-23,50-59,50
2020-03-23,60-69,39
2020-03-23,70-79,19
2020-03-23,80+,11
2020-03-22,<20,3
2020-03-22,20-29,35
2020-03-22,30-39,18
2020-03-22,40-49,34
2020-03-22,50-59,30
2020-03-22,60-69,33
2020-03-22,70-79,11
2020-03-22,80+,4
2020-03-21,<20,9
2020-03-21,20-29,33
2020-03-21,30-39,53
2020-03-21,40-49,43
2020-03-21,50-59,44
2020-03-21,60-69,31
2020-03-21,70-79,16
2020-03-21,80+,5
2020-03-20,<20,6
2020-03-20,20-29,42
2020-03-20,30-39,45
2020-03-20,40-49,47
2020-03-20,50-59,43
2020-03-20,60-69,37
2020-03-20,70-79,13
2020-03-20,80+,13
2020-03-19,<20,3
2020-03-19,20-29,37
2020-03-19,30-39,23
2020-03-19,40-49,31
2020-03-19,50-59,35
2020-03-19,60-69,24
2020-03-19,70-79,11
2020-03-19,80+,12
2020-03-18,<20,3
2020-03-18,20-29,25
2020-03-18,30-39,23
2020-03-18,40-49,27
2020-03-18,50-59,32
2020-03-18,60-69,24
2020-03-18,70-79,14
2020-03-18,80+,10
2020-03-17,20-29,9
2020-03-17,30-39,20
2020-03-17,40-49,14
2020-03-17,50-59,16
2020-03-17,60-69,13
2020-03-17,70-79,15
2020-03-17,80+,20
2020-03-16,20-29,2
2020-03-16,30-39,4
2020-03-16,40-49,7
2020-03-16,50-59,4
2020-03-16,60-69,6
2020-03-16,70-79,2
2020-03-16,80+,1
2020-03-15,20-29,7
2020-03-15,30-39,6
2020-03-15,40-49,5
2020-03-15,50-59,4
2020-03-15,60-69,7
2020-03-15,70-79,5
2020-03-15,80+,1
2020-03-14,<20,1
2020-03-14,20-29,2
2020-03-14,30-39,7
2020-03-14,40-49,3
2020-03-14,50-59,6
2020-03-14,60-69,7
2020-03-14,70-79,2
2020-03-14,80+,2
2020-03-13,<20,2
2020-03-13,20-29,3
2020-03-13,30-39,6
2020-03-13,40-49,4
2020-03-13,50-59,3
2020-03-13,60-69,2
2020-03-13,70-79,4
2020-03-13,80+,1
2020-03-12,<20,1
2020-03-12,40-49,2
2020-03-12,50-59,2
2020-03-12,60-69,1
2020-03-12,70-79,2
2020-03-11,50-59,3
2020-03-11,70-79,3
2020-03-11,80+,1
2020-03-10,<20,1
2020-03-10,20-29,2
2020-03-10,40-49,5
2020-03-10,50-59,2
2020-03-10,60-69,1
2020-03-10,70-79,3
2020-03-09,20-29,1
2020-03-09,30-39,1
2020-03-09,40-49,1
2020-03-09,50-59,1
2020-03-09,60-69,2
2020-03-09,70-79,1
2020-03-08,30-39,1
2020-03-08,60-69,1
2020-03-07,50-59,1
2020-03-05,20-29,1
2020-03-04,20-29,1
2020-03-04,30-39,1
2020-03-01,30-39,1
2020-03-01,70-79,1
2020-02-28,70-79,1
2020-02-11,20-29,2
2020-02-05,50-59,1
2020-02-03,40-49,1
2020-01-30,30-39,2
2020-01-29,60-69,1
2020-01-23,20-29,1
2020-01-22,60-69,1
