date,County,youthCaseCount,youthCaseTested
2020-12-13,Adams,814,8108
2020-12-13,Alexander,30,292
2020-12-13,Bond,190,1467
2020-12-13,Boone,746,5573
2020-12-13,Brown,53,371
2020-12-13,Bureau,309,2499
2020-12-13,Calhoun,60,375
2020-12-13,Carroll,138,1108
2020-12-13,Cass,208,1708
2020-12-13,Champaign,3394,279036
2020-12-13,Chicago,22656,226689
2020-12-13,Christian,194,2408
2020-12-13,Clark,174,1299
2020-12-13,Clay,146,1477
2020-12-13,Clinton,550,4116
2020-12-13,Coles,629,6054
2020-12-13,Cook,23203,207520
2020-12-13,Crawford,177,1667
2020-12-13,Cumberland,115,904
2020-12-13,De Witt,133,1693
2020-12-13,DeKalb,960,12026
2020-12-13,Douglas,294,3492
2020-12-13,DuPage,8428,78306
2020-12-13,Edgar,190,959
2020-12-13,Edwards,42,436
2020-12-13,Effingham,528,3168
2020-12-13,Fayette,268,1785
2020-12-13,Ford,146,2175
2020-12-13,Franklin,367,2996
2020-12-13,Fulton,304,3867
2020-12-13,Gallatin,32,359
2020-12-13,Greene,91,1100
2020-12-13,Grundy,549,4379
2020-12-13,Hamilton,53,548
2020-12-13,Hancock,157,1098
2020-12-13,Hardin,14,178
2020-12-13,Henderson,27,485
2020-12-13,Henry,483,4503
2020-12-13,Illinois,122251,1431066
2020-12-13,Iroquois,304,3272
2020-12-13,Jackson,551,5519
2020-12-13,Jasper,123,833
2020-12-13,Jefferson,251,2553
2020-12-13,Jersey,229,1747
2020-12-13,Jo Daviess,209,1778
2020-12-13,Johnson,87,859
2020-12-13,Kane,6006,45167
2020-12-13,Kankakee,1440,11258
2020-12-13,Kendall,1226,11926
2020-12-13,Knox,439,5210
2020-12-13,Lake,7397,63082
2020-12-13,LaSalle,877,7893
2020-12-13,Lawrence,116,1487
2020-12-13,Lee,257,2487
2020-12-13,Livingston,355,4085
2020-12-13,Logan,217,4052
2020-12-13,Macon,1015,10601
2020-12-13,Macoupin,410,5035
2020-12-13,Madison,2527,20693
2020-12-13,Marion,369,3338
2020-12-13,Marshall,68,1041
2020-12-13,Mason,130,1757
2020-12-13,Massac,98,796
2020-12-13,McDonough,290,2974
2020-12-13,McHenry,2356,20641
2020-12-13,McLean,1967,31789
2020-12-13,Menard,81,1517
2020-12-13,Mercer,141,1727
2020-12-13,Monroe,377,2937
2020-12-13,Montgomery,161,2852
2020-12-13,Morgan,282,3053
2020-12-13,Moultrie,147,1894
2020-12-13,Ogle,486,4993
2020-12-13,Peoria,1887,26159
2020-12-13,Perry,183,1649
2020-12-13,Piatt,140,3630
2020-12-13,Pike,138,1201
2020-12-13,Pope,9,187
2020-12-13,Pulaski,64,342
2020-12-13,Putnam,30,337
2020-12-13,Randolph,406,3187
2020-12-13,Richland,133,2185
2020-12-13,Rock Island,1213,12787
2020-12-13,Saline,183,2065
2020-12-13,Sangamon,1678,24614
2020-12-13,Schuyler,45,451
2020-12-13,Scott,35,589
2020-12-13,Shelby,206,1889
2020-12-13,St. Clair,2464,20562
2020-12-13,Stark,55,780
2020-12-13,Stephenson,409,3898
2020-12-13,Tazewell,1341,18051
2020-12-13,Unassigned,33,8022
2020-12-13,Union,171,1512
2020-12-13,Vermilion,822,9666
2020-12-13,Wabash,148,1130
2020-12-13,Warren,145,1034
2020-12-13,Washington,118,962
2020-12-13,Wayne,191,1386
2020-12-13,White,100,1309
2020-12-13,Whiteside,569,5479
2020-12-13,Will,6914,53782
2020-12-13,Williamson,635,5844
2020-12-13,Winnebago,3492,34168
2020-12-13,Woodford,402,5591
2020-12-06,Adams,749,7315
2020-12-06,Alexander,28,283
2020-12-06,Bond,173,1363
2020-12-06,Boone,697,5333
2020-12-06,Brown,49,333
2020-12-06,Bureau,280,2297
2020-12-06,Calhoun,50,325
2020-12-06,Carroll,124,1038
2020-12-06,Cass,174,1503
2020-12-06,Champaign,3249,273496
2020-12-06,Chicago,20850,213995
2020-12-06,Christian,164,2234
2020-12-06,Clark,156,1200
2020-12-06,Clay,130,1339
2020-12-06,Clinton,505,3821
2020-12-06,Coles,586,5686
2020-12-06,Cook,21324,196210
2020-12-06,Crawford,155,1491
2020-12-06,Cumberland,106,836
2020-12-06,De Witt,118,1549
2020-12-06,DeKalb,907,11481
2020-12-06,Douglas,278,3270
2020-12-06,DuPage,7767,74084
2020-12-06,Edgar,165,861
2020-12-06,Edwards,40,413
2020-12-06,Effingham,485,2895
2020-12-06,Fayette,246,1587
2020-12-06,Ford,129,2005
2020-12-06,Franklin,313,2705
2020-12-06,Fulton,283,3625
2020-12-06,Gallatin,31,335
2020-12-06,Greene,85,1034
2020-12-06,Grundy,492,4098
2020-12-06,Hamilton,48,509
2020-12-06,Hancock,144,1027
2020-12-06,Hardin,14,168
2020-12-06,Henderson,25,449
2020-12-06,Henry,442,4165
2020-12-06,Illinois,112627,1359633
2020-12-06,Iroquois,265,2977
2020-12-06,Jackson,513,5189
2020-12-06,Jasper,116,743
2020-12-06,Jefferson,219,2427
2020-12-06,Jersey,194,1585
2020-12-06,Jo Daviess,196,1506
2020-12-06,Johnson,79,797
2020-12-06,Kane,5593,42898
2020-12-06,Kankakee,1364,10803
2020-12-06,Kendall,1127,11326
2020-12-06,Knox,402,4975
2020-12-06,Lake,6878,59738
2020-12-06,LaSalle,805,7307
2020-12-06,Lawrence,107,1391
2020-12-06,Lee,240,2330
2020-12-06,Livingston,314,3770
2020-12-06,Logan,194,3744
2020-12-06,Macon,952,9998
2020-12-06,Macoupin,373,4728
2020-12-06,Madison,2267,19481
2020-12-06,Marion,338,3126
2020-12-06,Marshall,68,970
2020-12-06,Mason,119,1633
2020-12-06,Massac,88,748
2020-12-06,McDonough,279,2822
2020-12-06,McHenry,2225,19651
2020-12-06,McLean,1820,30065
2020-12-06,Menard,69,1418
2020-12-06,Mercer,121,1600
2020-12-06,Monroe,341,2747
2020-12-06,Montgomery,140,2662
2020-12-06,Morgan,250,2838
2020-12-06,Moultrie,141,1753
2020-12-06,Ogle,432,4694
2020-12-06,Peoria,1723,24826
2020-12-06,Perry,165,1527
2020-12-06,Piatt,128,3433
2020-12-06,Pike,127,1112
2020-12-06,Pope,8,177
2020-12-06,Pulaski,58,323
2020-12-06,Putnam,29,311
2020-12-06,Randolph,346,2941
2020-12-06,Richland,121,2018
2020-12-06,Rock Island,1123,12280
2020-12-06,Saline,166,1898
2020-12-06,Sangamon,1575,23313
2020-12-06,Schuyler,36,412
2020-12-06,Scott,34,547
2020-12-06,Shelby,190,1730
2020-12-06,St. Clair,2211,19233
2020-12-06,Stark,49,726
2020-12-06,Stephenson,377,3614
2020-12-06,Tazewell,1219,16960
2020-12-06,Unassigned,45,7715
2020-12-06,Union,154,1402
2020-12-06,Vermilion,754,9083
2020-12-06,Wabash,131,1023
2020-12-06,Warren,127,964
2020-12-06,Washington,111,897
2020-12-06,Wayne,175,1274
2020-12-06,White,81,1218
2020-12-06,Whiteside,533,5114
2020-12-06,Will,6389,50546
2020-12-06,Williamson,575,5379
2020-12-06,Winnebago,3262,32548
2020-12-06,Woodford,363,5189
2020-11-29,Adams,680,6425
2020-11-29,Alexander,28,268
2020-11-29,Bond,147,1205
2020-11-29,Boone,650,5023
2020-11-29,Brown,44,299
2020-11-29,Bureau,252,2147
2020-11-29,Calhoun,38,276
2020-11-29,Carroll,105,950
2020-11-29,Cass,144,1355
2020-11-29,Champaign,3041,267410
2020-11-29,Chicago,19214,203029
2020-11-29,Christian,145,2116
2020-11-29,Clark,142,1105
2020-11-29,Clay,104,1180
2020-11-29,Clinton,446,3529
2020-11-29,Coles,537,5319
2020-11-29,Cook,19279,184537
2020-11-29,Crawford,141,1382
2020-11-29,Cumberland,87,751
2020-11-29,De Witt,106,1464
2020-11-29,DeKalb,824,10923
2020-11-29,Douglas,249,3040
2020-11-29,DuPage,6887,68291
2020-11-29,Edgar,125,784
2020-11-29,Edwards,36,375
2020-11-29,Effingham,405,2627
2020-11-29,Fayette,213,1442
2020-11-29,Ford,111,1833
2020-11-29,Franklin,276,2467
2020-11-29,Fulton,248,3332
2020-11-29,Gallatin,27,298
2020-11-29,Greene,71,958
2020-11-29,Grundy,430,3822
2020-11-29,Hamilton,46,483
2020-11-29,Hancock,133,932
2020-11-29,Hardin,14,156
2020-11-29,Henderson,22,417
2020-11-29,Henry,402,3948
2020-11-29,Illinois,102207,1287547
2020-11-29,Iroquois,222,2707
2020-11-29,Jackson,470,4893
2020-11-29,Jasper,99,650
2020-11-29,Jefferson,196,2270
2020-11-29,Jersey,170,1454
2020-11-29,Jo Daviess,181,1395
2020-11-29,Johnson,69,727
2020-11-29,Kane,5140,40610
2020-11-29,Kankakee,1268,10278
2020-11-29,Kendall,1015,10647
2020-11-29,Knox,364,4682
2020-11-29,Lake,6403,56151
2020-11-29,LaSalle,749,6855
2020-11-29,Lawrence,94,1305
2020-11-29,Lee,210,2201
2020-11-29,Livingston,277,3509
2020-11-29,Logan,174,3548
2020-11-29,Macon,885,9370
2020-11-29,Macoupin,334,4470
2020-11-29,Madison,1978,18127
2020-11-29,Marion,286,2876
2020-11-29,Marshall,57,913
2020-11-29,Mason,100,1488
2020-11-29,Massac,81,705
2020-11-29,McDonough,274,2673
2020-11-29,McHenry,2061,18668
2020-11-29,McLean,1682,28250
2020-11-29,Menard,57,1341
2020-11-29,Mercer,102,1526
2020-11-29,Monroe,299,2530
2020-11-29,Montgomery,109,2451
2020-11-29,Morgan,227,2640
2020-11-29,Moultrie,118,1624
2020-11-29,Ogle,368,4415
2020-11-29,Peoria,1566,23415
2020-11-29,Perry,144,1422
2020-11-29,Piatt,113,3281
2020-11-29,Pike,109,1007
2020-11-29,Pope,8,170
2020-11-29,Pulaski,49,301
2020-11-29,Putnam,28,299
2020-11-29,Randolph,307,2766
2020-11-29,Richland,100,1858
2020-11-29,Rock Island,1059,11761
2020-11-29,Saline,145,1779
2020-11-29,Sangamon,1413,21915
2020-11-29,Schuyler,31,377
2020-11-29,Scott,31,491
2020-11-29,Shelby,170,1606
2020-11-29,St. Clair,1986,17926
2020-11-29,Stark,45,679
2020-11-29,Stephenson,344,3459
2020-11-29,Tazewell,1072,15793
2020-11-29,Unassigned,23,7518
2020-11-29,Union,143,1289
2020-11-29,Vermilion,683,8439
2020-11-29,Wabash,111,884
2020-11-29,Warren,108,906
2020-11-29,Washington,95,820
2020-11-29,Wayne,160,1197
2020-11-29,White,75,1148
2020-11-29,Whiteside,492,4837
2020-11-29,Will,5725,47067
2020-11-29,Williamson,520,4956
2020-11-29,Winnebago,3009,30913
2020-11-29,Woodford,321,4848
2020-11-22,Adams,615,5498
2020-11-22,Alexander,24,256
2020-11-22,Bond,134,1093
2020-11-22,Boone,580,4709
2020-11-22,Brown,37,259
2020-11-22,Bureau,236,2032
2020-11-22,Calhoun,34,251
2020-11-22,Carroll,93,875
2020-11-22,Cass,134,1257
2020-11-22,Champaign,2906,263960
2020-11-22,Chicago,17467,190072
2020-11-22,Christian,130,2006
2020-11-22,Clark,123,1007
2020-11-22,Clay,92,1097
2020-11-22,Clinton,396,3259
2020-11-22,Coles,503,4806
2020-11-22,Cook,17412,172349
2020-11-22,Crawford,116,1266
2020-11-22,Cumberland,81,689
2020-11-22,De Witt,91,1392
2020-11-22,DeKalb,750,10384
2020-11-22,Douglas,231,2900
2020-11-22,DuPage,6223,63740
2020-11-22,Edgar,104,740
2020-11-22,Edwards,30,344
2020-11-22,Effingham,356,2392
2020-11-22,Fayette,186,1296
2020-11-22,Ford,97,1673
2020-11-22,Franklin,260,2339
2020-11-22,Fulton,216,3027
2020-11-22,Gallatin,27,287
2020-11-22,Greene,63,911
2020-11-22,Grundy,387,3553
2020-11-22,Hamilton,36,439
2020-11-22,Hancock,123,852
2020-11-22,Hardin,10,149
2020-11-22,Henderson,19,378
2020-11-22,Henry,356,3691
2020-11-22,Illinois,92646,1216720
2020-11-22,Iroquois,191,2457
2020-11-22,Jackson,434,4629
2020-11-22,Jasper,88,592
2020-11-22,Jefferson,170,2073
2020-11-22,Jersey,153,1332
2020-11-22,Jo Daviess,164,1302
2020-11-22,Johnson,67,676
2020-11-22,Kane,4719,38330
2020-11-22,Kankakee,1157,9553
2020-11-22,Kendall,917,9983
2020-11-22,Knox,344,4480
2020-11-22,Lake,5865,52289
2020-11-22,LaSalle,689,6341
2020-11-22,Lawrence,89,1247
2020-11-22,Lee,201,2072
2020-11-22,Livingston,247,3260
2020-11-22,Logan,160,3377
2020-11-22,Macon,810,8736
2020-11-22,Macoupin,290,4119
2020-11-22,Madison,1760,16785
2020-11-22,Marion,236,2657
2020-11-22,Marshall,49,839
2020-11-22,Mason,84,1386
2020-11-22,Massac,68,645
2020-11-22,McDonough,260,2533
2020-11-22,McHenry,1874,17493
2020-11-22,McLean,1532,26698
2020-11-22,Menard,54,1284
2020-11-22,Mercer,93,1437
2020-11-22,Monroe,267,2282
2020-11-22,Montgomery,91,2338
2020-11-22,Morgan,204,2433
2020-11-22,Moultrie,111,1511
2020-11-22,Ogle,341,4179
2020-11-22,Peoria,1400,21881
2020-11-22,Perry,131,1341
2020-11-22,Piatt,104,3110
2020-11-22,Pike,99,927
2020-11-22,Pope,7,162
2020-11-22,Pulaski,48,288
2020-11-22,Putnam,23,276
2020-11-22,Randolph,267,2570
2020-11-22,Richland,85,1698
2020-11-22,Rock Island,958,11201
2020-11-22,Saline,133,1649
2020-11-22,Sangamon,1277,20617
2020-11-22,Schuyler,28,341
2020-11-22,Scott,30,470
2020-11-22,Shelby,140,1477
2020-11-22,St. Clair,1766,16472
2020-11-22,Stark,36,627
2020-11-22,Stephenson,308,3276
2020-11-22,Tazewell,916,14415
2020-11-22,Unassigned,46,7324
2020-11-22,Union,129,1200
2020-11-22,Vermilion,594,7784
2020-11-22,Wabash,100,793
2020-11-22,Warren,100,840
2020-11-22,Washington,89,765
2020-11-22,Wayne,154,1139
2020-11-22,White,72,1064
2020-11-22,Whiteside,447,4602
2020-11-22,Will,5119,43530
2020-11-22,Williamson,487,4641
2020-11-22,Winnebago,2742,29062
2020-11-22,Woodford,287,4477
2020-11-15,Adams,514,4365
2020-11-15,Alexander,23,230
2020-11-15,Bond,118,884
2020-11-15,Boone,499,4344
2020-11-15,Brown,26,197
2020-11-15,Bureau,210,1836
2020-11-15,Calhoun,17,198
2020-11-15,Carroll,79,809
2020-11-15,Cass,97,1072
2020-11-15,Champaign,2626,245226
2020-11-15,Chicago,15308,174446
2020-11-15,Christian,107,1844
2020-11-15,Clark,104,910
2020-11-15,Clay,70,894
2020-11-15,Clinton,333,2798
2020-11-15,Coles,477,4553
2020-11-15,Cook,15178,158049
2020-11-15,Crawford,98,1094
2020-11-15,Cumberland,68,643
2020-11-15,De Witt,80,1280
2020-11-15,DeKalb,650,9449
2020-11-15,Douglas,210,2649
2020-11-15,DuPage,5199,58783
2020-11-15,Edgar,88,669
2020-11-15,Edwards,27,309
2020-11-15,Effingham,297,2140
2020-11-15,Fayette,167,1153
2020-11-15,Ford,70,1422
2020-11-15,Franklin,243,2162
2020-11-15,Fulton,195,2690
2020-11-15,Gallatin,25,252
2020-11-15,Greene,53,796
2020-11-15,Grundy,330,3238
2020-11-15,Hamilton,33,381
2020-11-15,Hancock,99,750
2020-11-15,Hardin,10,139
2020-11-15,Henderson,18,346
2020-11-15,Henry,275,3331
2020-11-15,Illinois,79895,1115226
2020-11-15,Iroquois,153,2125
2020-11-15,Jackson,376,4218
2020-11-15,Jasper,75,507
2020-11-15,Jefferson,150,1955
2020-11-15,Jersey,122,1170
2020-11-15,Jo Daviess,133,1217
2020-11-15,Johnson,63,618
2020-11-15,Kane,4069,35222
2020-11-15,Kankakee,946,8654
2020-11-15,Kendall,756,9119
2020-11-15,Knox,280,4124
2020-11-15,Lake,5226,48100
2020-11-15,LaSalle,581,5684
2020-11-15,Lawrence,68,1157
2020-11-15,Lee,172,1878
2020-11-15,Livingston,205,2942
2020-11-15,Logan,122,3072
2020-11-15,Macon,701,7823
2020-11-15,Macoupin,222,3673
2020-11-15,Madison,1510,14913
2020-11-15,Marion,202,2369
2020-11-15,Marshall,33,758
2020-11-15,Mason,67,1270
2020-11-15,Massac,51,554
2020-11-15,McDonough,234,2321
2020-11-15,McHenry,1608,15956
2020-11-15,McLean,1356,23630
2020-11-15,Menard,45,1159
2020-11-15,Mercer,81,1310
2020-11-15,Monroe,232,2081
2020-11-15,Montgomery,86,2143
2020-11-15,Morgan,160,2118
2020-11-15,Moultrie,95,1378
2020-11-15,Ogle,275,3799
2020-11-15,Peoria,1225,20068
2020-11-15,Perry,117,1208
2020-11-15,Piatt,88,2848
2020-11-15,Pike,74,822
2020-11-15,Pope,7,144
2020-11-15,Pulaski,39,264
2020-11-15,Putnam,16,240
2020-11-15,Randolph,229,2339
2020-11-15,Richland,67,1541
2020-11-15,Rock Island,804,10426
2020-11-15,Saline,104,1458
2020-11-15,Sangamon,1053,18693
2020-11-15,Schuyler,25,305
2020-11-15,Scott,24,434
2020-11-15,Shelby,116,1363
2020-11-15,St. Clair,1511,15058
2020-11-15,Stark,32,584
2020-11-15,Stephenson,272,3072
2020-11-15,Tazewell,745,13070
2020-11-15,Unassigned,35,7077
2020-11-15,Union,100,1051
2020-11-15,Vermilion,509,7077
2020-11-15,Wabash,90,657
2020-11-15,Warren,85,761
2020-11-15,Washington,80,711
2020-11-15,Wayne,140,1026
2020-11-15,White,54,949
2020-11-15,Whiteside,371,4143
2020-11-15,Will,4220,39653
2020-11-15,Williamson,425,4160
2020-11-15,Winnebago,2457,26970
2020-11-15,Woodford,224,4023
2020-11-08,Adams,410,3926
2020-11-08,Alexander,17,212
2020-11-08,Bond,104,821
2020-11-08,Boone,410,3951
2020-11-08,Brown,19,166
2020-11-08,Bureau,167,1672
2020-11-08,Calhoun,15,178
2020-11-08,Carroll,56,729
2020-11-08,Cass,65,920
2020-11-08,Champaign,2364,227154
2020-11-08,Chicago,13020,159607
2020-11-08,Christian,73,1639
2020-11-08,Clark,80,839
2020-11-08,Clay,41,772
2020-11-08,Clinton,268,2505
2020-11-08,Coles,422,4328
2020-11-08,Cook,12576,143803
2020-11-08,Crawford,81,967
2020-11-08,Cumberland,56,600
2020-11-08,De Witt,66,1181
2020-11-08,DeKalb,562,8733
2020-11-08,Douglas,187,2451
2020-11-08,DuPage,4296,53805
2020-11-08,Edgar,79,586
2020-11-08,Edwards,24,286
2020-11-08,Effingham,238,1984
2020-11-08,Fayette,138,1035
2020-11-08,Ford,60,1252
2020-11-08,Franklin,210,1983
2020-11-08,Fulton,156,2404
2020-11-08,Gallatin,19,227
2020-11-08,Greene,47,735
2020-11-08,Grundy,262,2896
2020-11-08,Hamilton,21,344
2020-11-08,Hancock,72,638
2020-11-08,Hardin,9,129
2020-11-08,Henderson,9,309
2020-11-08,Henry,203,2953
2020-11-08,Illinois,66443,1019976
2020-11-08,Iroquois,103,1880
2020-11-08,Jackson,307,3827
2020-11-08,Jasper,66,460
2020-11-08,Jefferson,130,1824
2020-11-08,Jersey,97,1056
2020-11-08,Jo Daviess,93,1112
2020-11-08,Johnson,54,561
2020-11-08,Kane,3427,32377
2020-11-08,Kankakee,719,7719
2020-11-08,Kendall,583,8225
2020-11-08,Knox,226,3863
2020-11-08,Lake,4400,43522
2020-11-08,LaSalle,437,5069
2020-11-08,Lawrence,59,1059
2020-11-08,Lee,128,1692
2020-11-08,Livingston,138,2598
2020-11-08,Logan,87,2756
2020-11-08,Macon,607,7238
2020-11-08,Macoupin,156,3298
2020-11-08,Madison,1272,13523
2020-11-08,Marion,157,2185
2020-11-08,Marshall,30,700
2020-11-08,Mason,61,1168
2020-11-08,Massac,38,479
2020-11-08,McDonough,188,2076
2020-11-08,McHenry,1287,14337
2020-11-08,McLean,1187,21705
2020-11-08,Menard,31,1008
2020-11-08,Mercer,52,1194
2020-11-08,Monroe,181,1832
2020-11-08,Montgomery,71,1985
2020-11-08,Morgan,97,1852
2020-11-08,Moultrie,83,1257
2020-11-08,Ogle,213,3453
2020-11-08,Peoria,1066,18433
2020-11-08,Perry,99,1066
2020-11-08,Piatt,64,2560
2020-11-08,Pike,54,721
2020-11-08,Pope,0,130
2020-11-08,Pulaski,36,245
2020-11-08,Putnam,15,228
2020-11-08,Randolph,194,2135
2020-11-08,Richland,52,1438
2020-11-08,Rock Island,643,9573
2020-11-08,Saline,88,1320
2020-11-08,Sangamon,817,16888
2020-11-08,Schuyler,20,264
2020-11-08,Scott,20,387
2020-11-08,Shelby,91,1266
2020-11-08,St. Clair,1306,13832
2020-11-08,Stark,25,540
2020-11-08,Stephenson,229,2851
2020-11-08,Tazewell,607,11953
2020-11-08,Unassigned,15,6798
2020-11-08,Union,95,965
2020-11-08,Vermilion,416,6320
2020-11-08,Wabash,75,550
2020-11-08,Warren,68,672
2020-11-08,Washington,67,633
2020-11-08,Wayne,122,951
2020-11-08,White,42,873
2020-11-08,Whiteside,290,3755
2020-11-08,Will,3379,35703
2020-11-08,Williamson,369,3700
2020-11-08,Winnebago,2127,24962
2020-11-08,Woodford,189,3650
2020-11-01,Adams,337,3613
2020-11-01,Alexander,15,199
2020-11-01,Bond,95,765
2020-11-01,Boone,347,3589
2020-11-01,Brown,15,145
2020-11-01,Bureau,141,1501
2020-11-01,Calhoun,14,154
2020-11-01,Carroll,46,655
2020-11-01,Cass,61,824
2020-11-01,Champaign,2165,208122
2020-11-01,Chicago,11067,146555
2020-11-01,Christian,55,1529
2020-11-01,Clark,54,798
2020-11-01,Clay,33,726
2020-11-01,Clinton,238,2293
2020-11-01,Coles,378,4177
2020-11-01,Cook,10646,132102
2020-11-01,Crawford,73,898
2020-11-01,Cumberland,44,559
2020-11-01,De Witt,37,1071
2020-11-01,DeKalb,479,7910
2020-11-01,Douglas,155,2295
2020-11-01,DuPage,3524,49922
2020-11-01,Edgar,29,538
2020-11-01,Edwards,24,273
2020-11-01,Effingham,188,1845
2020-11-01,Fayette,95,963
2020-11-01,Ford,22,1115
2020-11-01,Franklin,189,1868
2020-11-01,Fulton,131,2134
2020-11-01,Gallatin,18,207
2020-11-01,Greene,28,654
2020-11-01,Grundy,199,2488
2020-11-01,Hamilton,17,326
2020-11-01,Hancock,40,560
2020-11-01,Hardin,9,123
2020-11-01,Henderson,8,273
2020-11-01,Henry,127,2647
2020-11-01,Illinois,55340,935899
2020-11-01,Iroquois,62,1660
2020-11-01,Jackson,278,3537
2020-11-01,Jasper,44,442
2020-11-01,Jefferson,109,1568
2020-11-01,Jersey,55,909
2020-11-01,Jo Daviess,80,1056
2020-11-01,Johnson,48,515
2020-11-01,Kane,2799,29761
2020-11-01,Kankakee,559,6903
2020-11-01,Kendall,430,7263
2020-11-01,Knox,198,3563
2020-11-01,Lake,3722,40342
2020-11-01,LaSalle,321,4486
2020-11-01,Lawrence,48,969
2020-11-01,Lee,97,1507
2020-11-01,Livingston,109,2348
2020-11-01,Logan,62,2543
2020-11-01,Macon,489,6519
2020-11-01,Macoupin,116,2973
2020-11-01,Madison,1035,12446
2020-11-01,Marion,139,2012
2020-11-01,Marshall,25,640
2020-11-01,Mason,52,1074
2020-11-01,Massac,24,416
2020-11-01,McDonough,154,1858
2020-11-01,McHenry,1002,13026
2020-11-01,McLean,1004,19723
2020-11-01,Menard,28,932
2020-11-01,Mercer,41,1052
2020-11-01,Monroe,135,1591
2020-11-01,Montgomery,58,1868
2020-11-01,Morgan,64,1679
2020-11-01,Moultrie,71,1155
2020-11-01,Ogle,169,3151
2020-11-01,Peoria,956,17156
2020-11-01,Perry,66,970
2020-11-01,Piatt,41,2330
2020-11-01,Pike,32,632
2020-11-01,Pope,0,123
2020-11-01,Pulaski,34,230
2020-11-01,Putnam,13,211
2020-11-01,Randolph,176,1984
2020-11-01,Richland,50,1379
2020-11-01,Rock Island,503,8780
2020-11-01,Saline,76,1213
2020-11-01,Sangamon,643,15375
2020-11-01,Schuyler,15,243
2020-11-01,Scott,11,353
2020-11-01,Shelby,77,1190
2020-11-01,St. Clair,1182,12874
2020-11-01,Stark,21,469
2020-11-01,Stephenson,172,2592
2020-11-01,Tazewell,502,11033
2020-11-01,Unassigned,8,6626
2020-11-01,Union,88,895
2020-11-01,Vermilion,354,5796
2020-11-01,Wabash,58,525
2020-11-01,Warren,51,595
2020-11-01,Washington,54,569
2020-11-01,Wayne,99,915
2020-11-01,White,41,806
2020-11-01,Whiteside,229,3398
2020-11-01,Will,2734,32515
2020-11-01,Williamson,307,3377
2020-11-01,Winnebago,1814,22794
2020-11-01,Woodford,156,3297
2020-10-25,Adams,293,3360
2020-10-25,Alexander,8,156
2020-10-25,Bond,87,703
2020-10-25,Boone,293,3298
2020-10-25,Brown,12,136
2020-10-25,Bureau,128,1370
2020-10-25,Calhoun,12,112
2020-10-25,Carroll,27,560
2020-10-25,Cass,61,777
2020-10-25,Champaign,2028,191483
2020-10-25,Chicago,9716,134406
2020-10-25,Christian,52,1457
2020-10-25,Clark,51,761
2020-10-25,Clay,25,665
2020-10-25,Clinton,221,2092
2020-10-25,Coles,345,4060
2020-10-25,Cook,9396,121248
2020-10-25,Crawford,65,836
2020-10-25,Cumberland,34,542
2020-10-25,De Witt,27,918
2020-10-25,DeKalb,393,6988
2020-10-25,Douglas,128,2070
2020-10-25,DuPage,3069,46108
2020-10-25,Edgar,22,445
2020-10-25,Edwards,23,258
2020-10-25,Effingham,170,1765
2020-10-25,Fayette,83,930
2020-10-25,Ford,20,932
2020-10-25,Franklin,166,1746
2020-10-25,Fulton,96,1911
2020-10-25,Gallatin,18,197
2020-10-25,Greene,25,569
2020-10-25,Grundy,164,2227
2020-10-25,Hamilton,14,292
2020-10-25,Hancock,32,516
2020-10-25,Hardin,9,119
2020-10-25,Henderson,9,242
2020-10-25,Henry,123,2401
2020-10-25,Illinois,48792,860718
2020-10-25,Iroquois,50,1487
2020-10-25,Jackson,259,3286
2020-10-25,Jasper,37,421
2020-10-25,Jefferson,95,1457
2020-10-25,Jersey,54,770
2020-10-25,Jo Daviess,70,974
2020-10-25,Johnson,37,471
2020-10-25,Kane,2449,27370
2020-10-25,Kankakee,495,6329
2020-10-25,Kendall,362,6649
2020-10-25,Knox,179,3326
2020-10-25,Lake,3393,37308
2020-10-25,LaSalle,283,4108
2020-10-25,Lawrence,41,919
2020-10-25,Lee,75,1334
2020-10-25,Livingston,88,2118
2020-10-25,Logan,54,2352
2020-10-25,Macon,396,5800
2020-10-25,Macoupin,107,2773
2020-10-25,Madison,965,11623
2020-10-25,Marion,105,1826
2020-10-25,Marshall,22,592
2020-10-25,Mason,50,975
2020-10-25,Massac,22,376
2020-10-25,McDonough,136,1716
2020-10-25,McHenry,856,11749
2020-10-25,McLean,942,18108
2020-10-25,Menard,27,872
2020-10-25,Mercer,33,967
2020-10-25,Monroe,105,1467
2020-10-25,Montgomery,53,1747
2020-10-25,Morgan,45,1579
2020-10-25,Moultrie,64,1079
2020-10-25,Ogle,145,2856
2020-10-25,Peoria,880,16096
2020-10-25,Perry,56,890
2020-10-25,Piatt,35,2121
2020-10-25,Pike,26,570
2020-10-25,Pope,0,101
2020-10-25,Pulaski,31,210
2020-10-25,Putnam,12,192
2020-10-25,Randolph,154,1843
2020-10-25,Richland,46,1318
2020-10-25,Rock Island,395,7992
2020-10-25,Saline,66,1098
2020-10-25,Sangamon,547,14213
2020-10-25,Schuyler,13,236
2020-10-25,Scott,11,338
2020-10-25,Shelby,66,1116
2020-10-25,St. Clair,1100,12009
2020-10-25,Stark,13,412
2020-10-25,Stephenson,114,2286
2020-10-25,Tazewell,426,10267
2020-10-25,Unassigned,6,6425
2020-10-25,Union,83,839
2020-10-25,Vermilion,325,5380
2020-10-25,Wabash,43,458
2020-10-25,Warren,44,530
2020-10-25,Washington,48,528
2020-10-25,Wayne,88,889
2020-10-25,White,36,738
2020-10-25,Whiteside,180,3001
2020-10-25,Will,2384,29723
2020-10-25,Williamson,288,3174
2020-10-25,Winnebago,1606,20924
2020-10-25,Woodford,118,2972
2020-10-18,Adams,249,3170
2020-10-18,Alexander,6,152
2020-10-18,Bond,78,649
2020-10-18,Boone,253,3000
2020-10-18,Brown,11,120
2020-10-18,Bureau,123,1267
2020-10-18,Calhoun,13,106
2020-10-18,Carroll,23,502
2020-10-18,Cass,60,742
2020-10-18,Champaign,1943,173656
2020-10-18,Chicago,8907,123783
2020-10-18,Christian,47,1369
2020-10-18,Clark,47,738
2020-10-18,Clay,25,628
2020-10-18,Clinton,207,1883
2020-10-18,Coles,330,3953
2020-10-18,Cook,8517,111663
2020-10-18,Crawford,60,779
2020-10-18,Cumberland,32,521
2020-10-18,De Witt,24,784
2020-10-18,DeKalb,342,6257
2020-10-18,Douglas,93,1838
2020-10-18,DuPage,2777,42847
2020-10-18,Edgar,17,403
2020-10-18,Edwards,23,228
2020-10-18,Effingham,150,1708
2020-10-18,Fayette,73,888
2020-10-18,Ford,18,833
2020-10-18,Franklin,139,1599
2020-10-18,Fulton,75,1667
2020-10-18,Gallatin,18,173
2020-10-18,Greene,22,538
2020-10-18,Grundy,158,2048
2020-10-18,Hamilton,13,262
2020-10-18,Hancock,28,462
2020-10-18,Hardin,8,113
2020-10-18,Henderson,0,220
2020-10-18,Henry,114,2255
2020-10-18,Iroquois,38,1374
2020-10-18,Jackson,240,3064
2020-10-18,Jasper,33,404
2020-10-18,Jefferson,87,1322
2020-10-18,Jersey,52,732
2020-10-18,Jo Daviess,59,874
2020-10-18,Johnson,35,422
2020-10-18,Kane,2235,25379
2020-10-18,Kankakee,452,5809
2020-10-18,Kendall,334,6174
2020-10-18,Knox,151,3076
2020-10-18,Lake,3215,34955
2020-10-18,LaSalle,254,3713
2020-10-18,Lawrence,38,879
2020-10-18,Lee,63,1173
2020-10-18,Livingston,76,1937
2020-10-18,Logan,49,2175
2020-10-18,Macon,341,5183
2020-10-18,Macoupin,95,2620
2020-10-18,Madison,927,10921
2020-10-18,Marion,90,1681
2020-10-18,Marshall,20,534
2020-10-18,Mason,46,908
2020-10-18,Massac,22,357
2020-10-18,McDonough,123,1478
2020-10-18,McHenry,723,10626
2020-10-18,McLean,876,16800
2020-10-18,Menard,25,804
2020-10-18,Mercer,31,857
2020-10-18,Monroe,96,1307
2020-10-18,Montgomery,47,1599
2020-10-18,Morgan,44,1492
2020-10-18,Moultrie,60,988
2020-10-18,Ogle,126,2577
2020-10-18,Peoria,837,15127
2020-10-18,Perry,52,846
2020-10-18,Piatt,34,1874
2020-10-18,Pike,18,509
2020-10-18,Pope,0,85
2020-10-18,Pulaski,29,197
2020-10-18,Putnam,11,179
2020-10-18,Randolph,143,1678
2020-10-18,Richland,44,1265
2020-10-18,Rock Island,345,7431
2020-10-18,Saline,62,1024
2020-10-18,Sangamon,454,13238
2020-10-18,Schuyler,11,212
2020-10-18,Scott,10,319
2020-10-18,Shelby,54,1060
2020-10-18,St. Clair,1033,11235
2020-10-18,Stark,11,378
2020-10-18,Stephenson,90,2060
2020-10-18,Tazewell,378,9587
2020-10-18,Unassigned,0,6274
2020-10-18,Union,75,795
2020-10-18,Vermilion,289,4931
2020-10-18,Wabash,42,408
2020-10-18,Warren,39,471
2020-10-18,Washington,44,491
2020-10-18,Wayne,83,828
2020-10-18,White,33,663
2020-10-18,Whiteside,143,2719
2020-10-18,Will,2120,27342
2020-10-18,Williamson,263,2981
2020-10-18,Winnebago,1427,19021
2020-10-18,Woodford,105,2689
2020-10-11,Adams,224,1760
2020-10-11,Alexander,6,137
2020-10-11,Bond,59,598
2020-10-11,Boone,211,2666
2020-10-11,Brown,10,108
2020-10-11,Bureau,118,1186
2020-10-11,Calhoun,12,98
2020-10-11,Carroll,20,430
2020-10-11,Cass,57,684
2020-10-11,Champaign,1855,156801
2020-10-11,Chicago,8308,113949
2020-10-11,Christian,44,1287
2020-10-11,Clark,46,717
2020-10-11,Clay,24,580
2020-10-11,Clinton,191,1696
2020-10-11,Coles,300,2987
2020-10-11,Cook,7855,96023
2020-10-11,Crawford,56,734
2020-10-11,Cumberland,29,506
2020-10-11,De Witt,23,696
2020-10-11,DeKalb,313,5202
2020-10-11,Douglas,69,1662
2020-10-11,DuPage,2597,38231
2020-10-11,Edgar,17,322
2020-10-11,Edwards,21,220
2020-10-11,Effingham,133,1496
2020-10-11,Fayette,66,837
2020-10-11,Ford,12,620
2020-10-11,Franklin,119,1448
2020-10-11,Fulton,56,1460
2020-10-11,Gallatin,18,159
2020-10-11,Greene,21,505
2020-10-11,Grundy,145,1896
2020-10-11,Hamilton,11,243
2020-10-11,Hancock,28,374
2020-10-11,Hardin,8,110
2020-10-11,Henderson,0,188
2020-10-11,Henry,104,2041
2020-10-11,Iroquois,36,1233
2020-10-11,Jackson,228,2854
2020-10-11,Jasper,32,389
2020-10-11,Jefferson,83,1238
2020-10-11,Jersey,49,703
2020-10-11,Jo Daviess,57,785
2020-10-11,Johnson,32,379
2020-10-11,Kane,2061,22772
2020-10-11,Kankakee,420,5345
2020-10-11,Kendall,314,5674
2020-10-11,Knox,120,2753
2020-10-11,Lake,3023,30818
2020-10-11,LaSalle,231,3354
2020-10-11,Lawrence,35,741
2020-10-11,Lee,49,1069
2020-10-11,Livingston,65,1692
2020-10-11,Logan,45,1988
2020-10-11,Macon,300,4460
2020-10-11,Macoupin,81,2473
2020-10-11,Madison,889,9707
2020-10-11,Marion,85,1554
2020-10-11,Marshall,17,487
2020-10-11,Mason,40,818
2020-10-11,Massac,20,333
2020-10-11,McDonough,107,1219
2020-10-11,McHenry,650,9690
2020-10-11,McLean,842,15405
2020-10-11,Menard,25,758
2020-10-11,Mercer,26,754
2020-10-11,Monroe,86,1172
2020-10-11,Montgomery,35,1416
2020-10-11,Morgan,42,1399
2020-10-11,Moultrie,43,913
2020-10-11,Ogle,109,2349
2020-10-11,Peoria,804,13331
2020-10-11,Perry,51,805
2020-10-11,Piatt,29,1705
2020-10-11,Pike,14,379
2020-10-11,Pope,0,68
2020-10-11,Pulaski,24,182
2020-10-11,Putnam,11,164
2020-10-11,Randolph,130,1501
2020-10-11,Richland,39,1197
2020-10-11,Rock Island,315,6837
2020-10-11,Saline,56,949
2020-10-11,Sangamon,397,11418
2020-10-11,Schuyler,11,199
2020-10-11,Scott,10,309
2020-10-11,Shelby,49,1005
2020-10-11,St. Clair,977,10278
2020-10-11,Stark,6,339
2020-10-11,Stephenson,81,1867
2020-10-11,Tazewell,331,8513
2020-10-11,Unassigned,0,27071
2020-10-11,Union,68,745
2020-10-11,Vermilion,235,4348
2020-10-11,Wabash,32,344
2020-10-11,Warren,32,427
2020-10-11,Washington,42,444
2020-10-11,Wayne,76,774
2020-10-11,White,31,621
2020-10-11,Whiteside,126,2035
2020-10-11,Will,1938,24192
2020-10-11,Williamson,247,2816
2020-10-11,Winnebago,1207,16719
2020-10-11,Woodford,103,2509
2020-10-04,Adams,201,2817
2020-10-04,Alexander,0,134
2020-10-04,Bond,53,564
2020-10-04,Boone,178,2383
2020-10-04,Brown,10,102
2020-10-04,Bureau,110,1096
2020-10-04,Calhoun,12,92
2020-10-04,Carroll,17,387
2020-10-04,Cass,53,668
2020-10-04,Champaign,1782,140612
2020-10-04,Chicago,7940,106258
2020-10-04,Christian,41,1229
2020-10-04,Clark,44,691
2020-10-04,Clay,24,565
2020-10-04,Clinton,171,1565
2020-10-04,Coles,276,3604
2020-10-04,Cook,7467,97029
2020-10-04,Crawford,51,703
2020-10-04,Cumberland,29,491
2020-10-04,De Witt,19,631
2020-10-04,DeKalb,294,5048
2020-10-04,Douglas,66,1572
2020-10-04,DuPage,2460,37412
2020-10-04,Edgar,17,361
2020-10-04,Edwards,20,211
2020-10-04,Effingham,127,1568
2020-10-04,Fayette,61,792
2020-10-04,Ford,11,691
2020-10-04,Franklin,110,1390
2020-10-04,Fulton,43,1333
2020-10-04,Gallatin,17,151
2020-10-04,Greene,20,482
2020-10-04,Grundy,137,1792
2020-10-04,Hamilton,12,229
2020-10-04,Hancock,28,393
2020-10-04,Hardin,8,104
2020-10-04,Henderson,0,185
2020-10-04,Henry,95,2000
2020-10-04,Iroquois,31,1158
2020-10-04,Jackson,212,2614
2020-10-04,Jasper,29,378
2020-10-04,Jefferson,77,1155
2020-10-04,Jersey,47,666
2020-10-04,Jo Daviess,51,736
2020-10-04,Johnson,25,342
2020-10-04,Kane,1977,22256
2020-10-04,Kankakee,405,5078
2020-10-04,Kendall,300,5308
2020-10-04,Knox,113,2670
2020-10-04,Lake,2943,31302
2020-10-04,LaSalle,222,3143
2020-10-04,Lawrence,34,790
2020-10-04,Lee,40,979
2020-10-04,Livingston,61,1569
2020-10-04,Logan,44,1951
2020-10-04,Macon,268,4261
2020-10-04,Macoupin,78,2343
2020-10-04,Madison,844,9711
2020-10-04,Marion,79,1430
2020-10-04,Marshall,17,444
2020-10-04,Mason,35,778
2020-10-04,Massac,19,314
2020-10-04,McDonough,97,1238
2020-10-04,McHenry,620,9270
2020-10-04,McLean,817,14309
2020-10-04,Menard,20,688
2020-10-04,Mercer,22,704
2020-10-04,Monroe,78,1112
2020-10-04,Montgomery,26,1376
2020-10-04,Morgan,42,1344
2020-10-04,Moultrie,39,863
2020-10-04,Ogle,98,2194
2020-10-04,Peoria,778,13168
2020-10-04,Perry,48,764
2020-10-04,Piatt,28,1596
2020-10-04,Pike,12,417
2020-10-04,Pope,0,67
2020-10-04,Pulaski,20,172
2020-10-04,Putnam,11,153
2020-10-04,Randolph,122,1480
2020-10-04,Richland,35,1130
2020-10-04,Rock Island,302,6683
2020-10-04,Saline,50,874
2020-10-04,Sangamon,359,11439
2020-10-04,Schuyler,10,188
2020-10-04,Scott,10,289
2020-10-04,Shelby,48,965
2020-10-04,St. Clair,941,9906
2020-10-04,Stark,6,321
2020-10-04,Stephenson,77,1725
2020-10-04,Tazewell,306,8292
2020-10-04,Unassigned,0,6029
2020-10-04,Union,65,697
2020-10-04,Vermilion,178,3858
2020-10-04,Wabash,30,347
2020-10-04,Warren,28,397
2020-10-04,Washington,39,417
2020-10-04,Wayne,76,756
2020-10-04,White,31,570
2020-10-04,Whiteside,118,2290
2020-10-04,Will,1823,23880
2020-10-04,Williamson,239,2662
2020-10-04,Winnebago,1077,14885
2020-10-04,Woodford,97,2345
2020-09-27,Adams,179,2610
2020-09-27,Alexander,0,123
2020-09-27,Bond,42,523
2020-09-27,Boone,161,2128
2020-09-27,Brown,9,99
2020-09-27,Bureau,89,965
2020-09-27,Calhoun,11,84
2020-09-27,Carroll,15,325
2020-09-27,Cass,53,637
2020-09-27,Champaign,1672,121499
2020-09-27,Chicago,7551,97441
2020-09-27,Christian,40,1150
2020-09-27,Clark,36,619
2020-09-27,Clay,23,501
2020-09-27,Clinton,150,1323
2020-09-27,Coles,254,3532
2020-09-27,Cook,7014,89393
2020-09-27,Crawford,45,620
2020-09-27,Cumberland,28,469
2020-09-27,De Witt,18,567
2020-09-27,DeKalb,264,4232
2020-09-27,Douglas,59,1457
2020-09-27,DuPage,2339,34413
2020-09-27,Edgar,16,331
2020-09-27,Edwards,17,197
2020-09-27,Effingham,114,1496
2020-09-27,Fayette,55,753
2020-09-27,Ford,10,634
2020-09-27,Franklin,106,1301
2020-09-27,Fulton,37,1214
2020-09-27,Gallatin,14,132
2020-09-27,Greene,20,449
2020-09-27,Grundy,130,1655
2020-09-27,Hamilton,10,206
2020-09-27,Hancock,26,365
2020-09-27,Hardin,8,91
2020-09-27,Henderson,0,167
2020-09-27,Henry,90,1854
2020-09-27,Iroquois,30,1090
2020-09-27,Jackson,207,2452
2020-09-27,Jasper,29,352
2020-09-27,Jefferson,72,1033
2020-09-27,Jersey,46,611
2020-09-27,Jo Daviess,48,669
2020-09-27,Johnson,24,317
2020-09-27,Kane,1893,20679
2020-09-27,Kankakee,363,4613
2020-09-27,Kendall,275,4901
2020-09-27,Knox,97,2476
2020-09-27,Lake,2820,29352
2020-09-27,LaSalle,200,2852
2020-09-27,Lawrence,30,720
2020-09-27,Lee,34,866
2020-09-27,Livingston,54,1393
2020-09-27,Logan,42,1826
2020-09-27,Macon,234,3838
2020-09-27,Macoupin,74,2216
2020-09-27,Madison,803,8884
2020-09-27,Marion,69,1221
2020-09-27,Marshall,16,394
2020-09-27,Mason,30,684
2020-09-27,Massac,19,288
2020-09-27,McDonough,92,1137
2020-09-27,McHenry,602,8645
2020-09-27,McLean,797,13070
2020-09-27,Menard,17,634
2020-09-27,Mercer,18,622
2020-09-27,Monroe,71,1009
2020-09-27,Montgomery,26,1281
2020-09-27,Morgan,39,1236
2020-09-27,Moultrie,34,785
2020-09-27,Ogle,87,1966
2020-09-27,Peoria,727,12106
2020-09-27,Perry,44,721
2020-09-27,Piatt,24,1447
2020-09-27,Pike,9,378
2020-09-27,Pope,0,59
2020-09-27,Pulaski,20,162
2020-09-27,Putnam,9,139
2020-09-27,Randolph,117,1380
2020-09-27,Richland,30,1044
2020-09-27,Rock Island,285,6189
2020-09-27,Saline,42,797
2020-09-27,Sangamon,320,10637
2020-09-27,Schuyler,8,165
2020-09-27,Scott,10,270
2020-09-27,Shelby,44,912
2020-09-27,St. Clair,872,9173
2020-09-27,Stark,6,300
2020-09-27,Stephenson,70,1564
2020-09-27,Tazewell,285,7444
2020-09-27,Unassigned,0,5861
2020-09-27,Union,60,654
2020-09-27,Vermilion,123,3427
2020-09-27,Wabash,28,293
2020-09-27,Warren,26,367
2020-09-27,Washington,33,374
2020-09-27,Wayne,71,690
2020-09-27,White,30,518
2020-09-27,Whiteside,94,2047
2020-09-27,Will,1732,22138
2020-09-27,Williamson,230,2502
2020-09-27,Winnebago,911,12717
2020-09-27,Woodford,94,2155
2020-09-20,Adams,138,2429
2020-09-20,Alexander,0,116
2020-09-20,Bond,34,482
2020-09-20,Boone,145,1922
2020-09-20,Brown,8,95
2020-09-20,Bureau,78,842
2020-09-20,Calhoun,0,62
2020-09-20,Carroll,14,285
2020-09-20,Cass,50,593
2020-09-20,Champaign,1572,101656
2020-09-20,Chicago,7220,90062
2020-09-20,Christian,38,1059
2020-09-20,Clark,36,566
2020-09-20,Clay,19,456
2020-09-20,Clinton,125,1137
2020-09-20,Coles,223,3295
2020-09-20,Cook,6656,83442
2020-09-20,Crawford,35,511
2020-09-20,Cumberland,26,440
2020-09-20,De Witt,17,520
2020-09-20,DeKalb,218,3532
2020-09-20,Douglas,49,1311
2020-09-20,DuPage,2210,32052
2020-09-20,Edgar,16,301
2020-09-20,Edwards,16,172
2020-09-20,Effingham,112,1382
2020-09-20,Fayette,32,653
2020-09-20,Ford,10,567
2020-09-20,Franklin,96,1199
2020-09-20,Fulton,30,1086
2020-09-20,Gallatin,13,114
2020-09-20,Greene,20,413
2020-09-20,Grundy,126,1547
2020-09-20,Hamilton,10,190
2020-09-20,Hancock,27,333
2020-09-20,Hardin,7,72
2020-09-20,Henderson,0,155
2020-09-20,Henry,86,1711
2020-09-20,Iroquois,28,1010
2020-09-20,Jackson,203,2253
2020-09-20,Jasper,24,319
2020-09-20,Jefferson,67,948
2020-09-20,Jersey,44,559
2020-09-20,Jo Daviess,39,587
2020-09-20,Johnson,22,280
2020-09-20,Kane,1807,19199
2020-09-20,Kankakee,340,4283
2020-09-20,Kendall,250,4527
2020-09-20,Knox,90,2211
2020-09-20,Lake,2674,27843
2020-09-20,LaSalle,189,2644
2020-09-20,Lawrence,30,691
2020-09-20,Lee,32,793
2020-09-20,Livingston,48,1264
2020-09-20,Logan,39,1651
2020-09-20,Macon,210,3470
2020-09-20,Macoupin,66,2073
2020-09-20,Madison,744,8176
2020-09-20,Marion,60,1074
2020-09-20,Marshall,14,349
2020-09-20,Mason,25,588
2020-09-20,Massac,17,267
2020-09-20,McDonough,80,1011
2020-09-20,McHenry,584,8108
2020-09-20,McLean,769,11875
2020-09-20,Menard,16,599
2020-09-20,Mercer,17,552
2020-09-20,Monroe,70,925
2020-09-20,Montgomery,27,1179
2020-09-20,Morgan,34,1139
2020-09-20,Moultrie,35,706
2020-09-20,Ogle,76,1742
2020-09-20,Peoria,659,11071
2020-09-20,Perry,42,677
2020-09-20,Piatt,23,1264
2020-09-20,Pike,8,331
2020-09-20,Pope,0,54
2020-09-20,Pulaski,19,149
2020-09-20,Putnam,0,131
2020-09-20,Randolph,115,1282
2020-09-20,Richland,15,881
2020-09-20,Rock Island,263,5662
2020-09-20,Saline,36,664
2020-09-20,Sangamon,293,9876
2020-09-20,Schuyler,8,142
2020-09-20,Scott,7,210
2020-09-20,Shelby,41,819
2020-09-20,St. Clair,820,8598
2020-09-20,Stark,6,271
2020-09-20,Stephenson,59,1312
2020-09-20,Tazewell,255,6679
2020-09-20,Unassigned,0,5684
2020-09-20,Union,59,627
2020-09-20,Vermilion,90,3023
2020-09-20,Wabash,24,268
2020-09-20,Warren,22,350
2020-09-20,Washington,30,346
2020-09-20,Wayne,63,629
2020-09-20,White,28,461
2020-09-20,Whiteside,92,1865
2020-09-20,Will,1653,20833
2020-09-20,Williamson,217,2322
2020-09-20,Winnebago,802,11018
2020-09-20,Woodford,89,1975
2020-09-13,Adams,102,2223
2020-09-13,Alexander,0,94
2020-09-13,Bond,29,427
2020-09-13,Boone,132,1714
2020-09-13,Brown,0,79
2020-09-13,Bureau,69,687
2020-09-13,Calhoun,0,59
2020-09-13,Carroll,12,245
2020-09-13,Cass,43,522
2020-09-13,Champaign,1492,82397
2020-09-13,Chicago,6893,82542
2020-09-13,Christian,35,950
2020-09-13,Clark,35,509
2020-09-13,Clay,17,404
2020-09-13,Clinton,110,954
2020-09-13,Coles,208,3004
2020-09-13,Cook,6296,75483
2020-09-13,Crawford,21,367
2020-09-13,Cumberland,23,397
2020-09-13,De Witt,14,447
2020-09-13,DeKalb,192,2960
2020-09-13,Douglas,46,1158
2020-09-13,DuPage,2067,29070
2020-09-13,Edgar,16,273
2020-09-13,Edwards,16,144
2020-09-13,Effingham,99,1232
2020-09-13,Fayette,29,544
2020-09-13,Ford,8,484
2020-09-13,Franklin,84,1049
2020-09-13,Fulton,25,904
2020-09-13,Gallatin,13,105
2020-09-13,Greene,18,381
2020-09-13,Grundy,115,1378
2020-09-13,Hamilton,9,167
2020-09-13,Hancock,19,300
2020-09-13,Hardin,0,63
2020-09-13,Henderson,0,140
2020-09-13,Henry,82,1564
2020-09-13,Iroquois,25,889
2020-09-13,Jackson,174,2009
2020-09-13,Jasper,20,285
2020-09-13,Jefferson,62,766
2020-09-13,Jersey,41,483
2020-09-13,Jo Daviess,34,494
2020-09-13,Johnson,21,252
2020-09-13,Kane,1687,17442
2020-09-13,Kankakee,323,3829
2020-09-13,Kendall,235,4113
2020-09-13,Knox,67,1686
2020-09-13,Lake,2530,25488
2020-09-13,LaSalle,173,2349
2020-09-13,Lawrence,28,627
2020-09-13,Lee,28,701
2020-09-13,Livingston,44,1077
2020-09-13,Logan,33,1453
2020-09-13,Macon,193,2975
2020-09-13,Macoupin,56,1781
2020-09-13,Madison,672,7205
2020-09-13,Marion,49,843
2020-09-13,Marshall,13,269
2020-09-13,Mason,20,492
2020-09-13,Massac,13,246
2020-09-13,McDonough,69,868
2020-09-13,McHenry,562,7398
2020-09-13,McLean,717,10492
2020-09-13,Menard,13,524
2020-09-13,Mercer,15,488
2020-09-13,Monroe,65,810
2020-09-13,Montgomery,25,1017
2020-09-13,Morgan,29,1024
2020-09-13,Moultrie,31,615
2020-09-13,Ogle,68,1472
2020-09-13,Peoria,607,9754
2020-09-13,Perry,41,610
2020-09-13,Piatt,20,1088
2020-09-13,Pike,8,285
2020-09-13,Pope,0,50
2020-09-13,Pulaski,18,125
2020-09-13,Putnam,0,118
2020-09-13,Randolph,100,1148
2020-09-13,Richland,12,717
2020-09-13,Rock Island,241,5029
2020-09-13,Saline,27,569
2020-09-13,Sangamon,285,8936
2020-09-13,Schuyler,0,121
2020-09-13,Scott,0,189
2020-09-13,Shelby,34,710
2020-09-13,St. Clair,776,7849
2020-09-13,Stark,6,219
2020-09-13,Stephenson,49,1063
2020-09-13,Tazewell,235,5900
2020-09-13,Unassigned,7,5359
2020-09-13,Union,53,548
2020-09-13,Vermilion,85,2640
2020-09-13,Wabash,24,248
2020-09-13,Warren,18,321
2020-09-13,Washington,21,275
2020-09-13,Wayne,56,518
2020-09-13,White,27,397
2020-09-13,Whiteside,87,1656
2020-09-13,Will,1540,18839
2020-09-13,Williamson,194,2084
2020-09-13,Winnebago,699,9422
2020-09-13,Woodford,80,1758
2020-09-06,Adams,88,2079
2020-09-06,Alexander,0,88
2020-09-06,Bond,25,399
2020-09-06,Boone,118,1615
2020-09-06,Brown,0,75
2020-09-06,Bureau,63,605
2020-09-06,Calhoun,0,44
2020-09-06,Carroll,10,213
2020-09-06,Cass,38,482
2020-09-06,Champaign,1270,62617
2020-09-06,Chicago,6624,77611
2020-09-06,Christian,29,861
2020-09-06,Clark,30,458
2020-09-06,Clay,16,352
2020-09-06,Clinton,93,885
2020-09-06,Coles,188,2804
2020-09-06,Cook,5937,70718
2020-09-06,Crawford,14,294
2020-09-06,Cumberland,21,359
2020-09-06,De Witt,13,387
2020-09-06,DeKalb,170,2667
2020-09-06,Douglas,44,1062
2020-09-06,DuPage,1936,27302
2020-09-06,Edgar,14,251
2020-09-06,Edwards,15,131
2020-09-06,Effingham,83,1098
2020-09-06,Fayette,23,480
2020-09-06,Ford,0,428
2020-09-06,Franklin,77,970
2020-09-06,Fulton,22,815
2020-09-06,Gallatin,13,99
2020-09-06,Greene,20,342
2020-09-06,Grundy,111,1284
2020-09-06,Hamilton,6,135
2020-09-06,Hancock,15,285
2020-09-06,Hardin,0,55
2020-09-06,Henderson,0,126
2020-09-06,Henry,74,1428
2020-09-06,Iroquois,21,783
2020-09-06,Jackson,152,1859
2020-09-06,Jasper,20,252
2020-09-06,Jefferson,59,723
2020-09-06,Jersey,32,422
2020-09-06,Jo Daviess,31,467
2020-09-06,Johnson,20,221
2020-09-06,Kane,1596,16225
2020-09-06,Kankakee,309,3511
2020-09-06,Kendall,221,3865
2020-09-06,Knox,62,1421
2020-09-06,Lake,2364,24106
2020-09-06,LaSalle,159,2154
2020-09-06,Lawrence,25,574
2020-09-06,Lee,25,635
2020-09-06,Livingston,43,917
2020-09-06,Logan,23,1256
2020-09-06,Macon,180,2695
2020-09-06,Macoupin,48,1652
2020-09-06,Madison,592,6613
2020-09-06,Marion,34,711
2020-09-06,Marshall,10,220
2020-09-06,Mason,17,426
2020-09-06,Massac,11,232
2020-09-06,McDonough,53,739
2020-09-06,McHenry,518,6939
2020-09-06,McLean,625,9113
2020-09-06,Menard,9,448
2020-09-06,Mercer,15,443
2020-09-06,Monroe,59,752
2020-09-06,Montgomery,25,916
2020-09-06,Morgan,24,931
2020-09-06,Moultrie,25,536
2020-09-06,Ogle,63,1331
2020-09-06,Peoria,528,8739
2020-09-06,Perry,40,566
2020-09-06,Piatt,16,971
2020-09-06,Pike,7,230
2020-09-06,Pope,0,43
2020-09-06,Pulaski,16,108
2020-09-06,Putnam,0,96
2020-09-06,Randolph,88,1033
2020-09-06,Richland,9,648
2020-09-06,Rock Island,204,4655
2020-09-06,Saline,21,487
2020-09-06,Sangamon,249,8155
2020-09-06,Schuyler,0,109
2020-09-06,Scott,0,174
2020-09-06,Shelby,28,598
2020-09-06,St. Clair,735,7393
2020-09-06,Stark,0,180
2020-09-06,Stephenson,44,963
2020-09-06,Tazewell,214,5265
2020-09-06,Unassigned,0,5257
2020-09-06,Union,50,503
2020-09-06,Vermilion,81,2436
2020-09-06,Wabash,24,243
2020-09-06,Warren,18,287
2020-09-06,Washington,15,240
2020-09-06,Wayne,26,423
2020-09-06,White,25,335
2020-09-06,Whiteside,75,1467
2020-09-06,Will,1437,17541
2020-09-06,Williamson,176,1901
2020-09-06,Winnebago,638,8803
2020-09-06,Woodford,72,1535
2020-08-30,Adams,80,1908
2020-08-30,Alexander,0,78
2020-08-30,Bond,15,362
2020-08-30,Boone,107,1420
2020-08-30,Brown,0,71
2020-08-30,Bureau,52,508
2020-08-30,Calhoun,0,30
2020-08-30,Carroll,9,170
2020-08-30,Cass,33,416
2020-08-30,Champaign,721,40078
2020-08-30,Chicago,6222,71182
2020-08-30,Christian,20,759
2020-08-30,Clark,30,412
2020-08-30,Clay,7,252
2020-08-30,Clinton,74,743
2020-08-30,Coles,156,2392
2020-08-30,Cook,5371,64867
2020-08-30,Crawford,7,236
2020-08-30,Cumberland,17,303
2020-08-30,De Witt,7,326
2020-08-30,DeKalb,135,2339
2020-08-30,Douglas,40,918
2020-08-30,DuPage,1739,24674
2020-08-30,Edgar,12,226
2020-08-30,Edwards,15,111
2020-08-30,Effingham,77,917
2020-08-30,Fayette,11,370
2020-08-30,Ford,0,351
2020-08-30,Franklin,66,867
2020-08-30,Fulton,17,684
2020-08-30,Gallatin,11,81
2020-08-30,Greene,13,288
2020-08-30,Grundy,99,1122
2020-08-30,Hamilton,6,113
2020-08-30,Hancock,12,267
2020-08-30,Hardin,0,50
2020-08-30,Henderson,0,99
2020-08-30,Henry,59,1219
2020-08-30,Iroquois,17,667
2020-08-30,Jackson,120,1633
2020-08-30,Jasper,16,194
2020-08-30,Jefferson,52,649
2020-08-30,Jersey,26,335
2020-08-30,Jo Daviess,24,354
2020-08-30,Johnson,18,185
2020-08-30,Kane,1480,14894
2020-08-30,Kankakee,277,3024
2020-08-30,Kendall,204,3524
2020-08-30,Knox,53,1179
2020-08-30,Lake,2157,22501
2020-08-30,LaSalle,137,1846
2020-08-30,Lawrence,20,481
2020-08-30,Lee,24,566
2020-08-30,Livingston,36,751
2020-08-30,Logan,9,1034
2020-08-30,Macon,144,2321
2020-08-30,Macoupin,42,1471
2020-08-30,Madison,508,5886
2020-08-30,Marion,24,560
2020-08-30,Marshall,8,179
2020-08-30,Mason,13,290
2020-08-30,Massac,10,208
2020-08-30,McDonough,26,543
2020-08-30,McHenry,463,6167
2020-08-30,McLean,351,6897
2020-08-30,Menard,8,369
2020-08-30,Mercer,12,349
2020-08-30,Monroe,48,695
2020-08-30,Montgomery,22,787
2020-08-30,Morgan,23,821
2020-08-30,Moultrie,18,426
2020-08-30,Ogle,58,1122
2020-08-30,Peoria,467,7550
2020-08-30,Perry,38,506
2020-08-30,Piatt,9,832
2020-08-30,Pike,8,181
2020-08-30,Pope,0,40
2020-08-30,Pulaski,9,79
2020-08-30,Putnam,0,73
2020-08-30,Randolph,76,902
2020-08-30,Richland,8,587
2020-08-30,Rock Island,181,4060
2020-08-30,Saline,19,422
2020-08-30,Sangamon,191,7200
2020-08-30,Schuyler,0,86
2020-08-30,Scott,0,155
2020-08-30,Shelby,19,498
2020-08-30,St. Clair,659,6828
2020-08-30,Stark,0,127
2020-08-30,Stephenson,41,825
2020-08-30,Tazewell,167,4430
2020-08-30,Unassigned,0,4998
2020-08-30,Union,43,458
2020-08-30,Vermilion,61,2015
2020-08-30,Wabash,24,212
2020-08-30,Warren,16,258
2020-08-30,Washington,13,204
2020-08-30,Wayne,19,321
2020-08-30,White,20,234
2020-08-30,Whiteside,58,1220
2020-08-30,Will,1306,15956
2020-08-30,Williamson,152,1704
2020-08-30,Winnebago,585,7822
2020-08-30,Woodford,62,1257
2020-08-23,Adams,72,1824
2020-08-23,Alexander,0,78
2020-08-23,Bond,9,312
2020-08-23,Boone,99,1354
2020-08-23,Brown,0,65
2020-08-23,Bureau,46,434
2020-08-23,Calhoun,0,24
2020-08-23,Carroll,8,151
2020-08-23,Cass,31,386
2020-08-23,Champaign,524,25309
2020-08-23,Chicago,5809,65326
2020-08-23,Christian,18,685
2020-08-23,Clark,28,374
2020-08-23,Clay,0,209
2020-08-23,Clinton,54,650
2020-08-23,Coles,124,1983
2020-08-23,Cook,4907,59486
2020-08-23,Crawford,0,183
2020-08-23,Cumberland,11,248
2020-08-23,De Witt,6,291
2020-08-23,DeKalb,127,2123
2020-08-23,Douglas,33,788
2020-08-23,DuPage,1605,22593
2020-08-23,Edgar,9,200
2020-08-23,Edwards,11,96
2020-08-23,Effingham,67,775
2020-08-23,Fayette,0,296
2020-08-23,Ford,0,279
2020-08-23,Franklin,58,735
2020-08-23,Fulton,14,593
2020-08-23,Gallatin,10,63
2020-08-23,Greene,12,275
2020-08-23,Grundy,89,1031
2020-08-23,Hamilton,0,96
2020-08-23,Hancock,9,231
2020-08-23,Hardin,0,48
2020-08-23,Henderson,0,73
2020-08-23,Henry,43,1027
2020-08-23,Iroquois,14,574
2020-08-23,Jackson,104,1409
2020-08-23,Jasper,6,158
2020-08-23,Jefferson,35,580
2020-08-23,Jersey,20,287
2020-08-23,Jo Daviess,18,311
2020-08-23,Johnson,16,152
2020-08-23,Kane,1378,13836
2020-08-23,Kankakee,237,2659
2020-08-23,Kendall,186,3229
2020-08-23,Knox,49,1058
2020-08-23,Lake,1993,21010
2020-08-23,LaSalle,111,1615
2020-08-23,Lawrence,15,415
2020-08-23,Lee,22,522
2020-08-23,Livingston,27,654
2020-08-23,Logan,7,847
2020-08-23,Macon,123,2058
2020-08-23,Macoupin,40,1290
2020-08-23,Madison,439,5357
2020-08-23,Marion,18,506
2020-08-23,Marshall,7,163
2020-08-23,Mason,9,217
2020-08-23,Massac,9,189
2020-08-23,McDonough,13,452
2020-08-23,McHenry,414,5748
2020-08-23,McLean,204,6034
2020-08-23,Menard,9,339
2020-08-23,Mercer,12,270
2020-08-23,Monroe,40,609
2020-08-23,Montgomery,17,671
2020-08-23,Morgan,23,738
2020-08-23,Moultrie,18,324
2020-08-23,Ogle,55,1020
2020-08-23,Peoria,428,6480
2020-08-23,Perry,37,438
2020-08-23,Piatt,8,730
2020-08-23,Pike,6,159
2020-08-23,Pope,0,33
2020-08-23,Pulaski,0,63
2020-08-23,Putnam,0,53
2020-08-23,Randolph,64,817
2020-08-23,Richland,9,546
2020-08-23,Rock Island,161,3699
2020-08-23,Saline,17,366
2020-08-23,Sangamon,173,6658
2020-08-23,Schuyler,0,77
2020-08-23,Scott,0,126
2020-08-23,Shelby,15,439
2020-08-23,St. Clair,606,6274
2020-08-23,Stark,0,95
2020-08-23,Stephenson,40,775
2020-08-23,Tazewell,138,3749
2020-08-23,Unassigned,6,4815
2020-08-23,Union,39,412
2020-08-23,Vermilion,50,1794
2020-08-23,Wabash,22,201
2020-08-23,Warren,14,232
2020-08-23,Washington,9,160
2020-08-23,Wayne,18,235
2020-08-23,White,19,188
2020-08-23,Whiteside,52,1090
2020-08-23,Will,1205,14586
2020-08-23,Williamson,114,1445
2020-08-23,Winnebago,565,7421
2020-08-23,Woodford,55,1086
2020-08-16,Adams,67,1717
2020-08-16,Alexander,0,75
2020-08-16,Bond,8,276
2020-08-16,Boone,92,1211
2020-08-16,Brown,0,61
2020-08-16,Bureau,40,385
2020-08-16,Calhoun,0,20
2020-08-16,Carroll,7,135
2020-08-16,Cass,25,349
2020-08-16,Champaign,383,12446
2020-08-16,Chicago,5415,58108
2020-08-16,Christian,17,633
2020-08-16,Clark,21,321
2020-08-16,Clay,0,156
2020-08-16,Clinton,47,573
2020-08-16,Coles,97,1570
2020-08-16,Cook,4450,52721
2020-08-16,Crawford,0,157
2020-08-16,Cumberland,0,197
2020-08-16,De Witt,6,267
2020-08-16,DeKalb,113,1871
2020-08-16,Douglas,23,657
2020-08-16,DuPage,1395,19779
2020-08-16,Edgar,7,175
2020-08-16,Edwards,11,75
2020-08-16,Effingham,46,628
2020-08-16,Fayette,0,248
2020-08-16,Ford,0,253
2020-08-16,Franklin,53,622
2020-08-16,Fulton,9,486
2020-08-16,Gallatin,9,52
2020-08-16,Greene,11,238
2020-08-16,Grundy,76,913
2020-08-16,Hamilton,0,84
2020-08-16,Hancock,0,194
2020-08-16,Hardin,0,44
2020-08-16,Henderson,0,58
2020-08-16,Henry,34,886
2020-08-16,Iroquois,14,528
2020-08-16,Jackson,93,1281
2020-08-16,Jasper,0,117
2020-08-16,Jefferson,26,516
2020-08-16,Jersey,12,223
2020-08-16,Jo Daviess,17,289
2020-08-16,Johnson,14,124
2020-08-16,Kane,1255,12370
2020-08-16,Kankakee,221,2411
2020-08-16,Kendall,170,2839
2020-08-16,Knox,38,899
2020-08-16,Lake,1832,19042
2020-08-16,LaSalle,91,1417
2020-08-16,Lawrence,15,347
2020-08-16,Lee,19,459
2020-08-16,Livingston,24,553
2020-08-16,Logan,6,700
2020-08-16,Macon,108,1799
2020-08-16,Macoupin,33,1118
2020-08-16,Madison,378,4738
2020-08-16,Marion,13,446
2020-08-16,Marshall,0,139
2020-08-16,Mason,8,201
2020-08-16,Massac,8,170
2020-08-16,McDonough,12,410
2020-08-16,McHenry,380,5178
2020-08-16,McLean,105,5068
2020-08-16,Menard,9,312
2020-08-16,Mercer,7,234
2020-08-16,Monroe,38,560
2020-08-16,Montgomery,16,607
2020-08-16,Morgan,21,675
2020-08-16,Moultrie,14,257
2020-08-16,Ogle,49,912
2020-08-16,Peoria,371,5587
2020-08-16,Perry,28,379
2020-08-16,Piatt,8,661
2020-08-16,Pike,0,138
2020-08-16,Pope,0,28
2020-08-16,Pulaski,0,56
2020-08-16,Putnam,0,48
2020-08-16,Randolph,55,721
2020-08-16,Richland,7,515
2020-08-16,Rock Island,150,3424
2020-08-16,Saline,14,314
2020-08-16,Sangamon,145,6010
2020-08-16,Schuyler,0,69
2020-08-16,Scott,0,103
2020-08-16,Shelby,10,392
2020-08-16,St. Clair,541,5625
2020-08-16,Stark,0,87
2020-08-16,Stephenson,39,680
2020-08-16,Tazewell,97,3186
2020-08-16,Unassigned,7,4489
2020-08-16,Union,36,352
2020-08-16,Vermilion,45,1642
2020-08-16,Wabash,16,131
2020-08-16,Warren,12,212
2020-08-16,Washington,6,141
2020-08-16,Wayne,17,159
2020-08-16,White,13,162
2020-08-16,Whiteside,49,969
2020-08-16,Will,1048,12777
2020-08-16,Williamson,82,1203
2020-08-16,Winnebago,544,6835
2020-08-16,Woodford,39,933
2020-08-09,Adams,58,1582
2020-08-09,Alexander,0,66
2020-08-09,Bond,6,241
2020-08-09,Boone,92,1146
2020-08-09,Brown,0,58
2020-08-09,Bureau,25,324
2020-08-09,Calhoun,0,17
2020-08-09,Carroll,0,108
2020-08-09,Cass,22,305
2020-08-09,Champaign,360,10407
2020-08-09,Chicago,5055,52412
2020-08-09,Christian,16,553
2020-08-09,Clark,17,276
2020-08-09,Clay,0,135
2020-08-09,Clinton,36,514
2020-08-09,Coles,73,1322
2020-08-09,Cook,4103,47107
2020-08-09,Crawford,0,136
2020-08-09,Cumberland,0,169
2020-08-09,De Witt,6,240
2020-08-09,DeKalb,104,1658
2020-08-09,Douglas,19,566
2020-08-09,DuPage,1280,17399
2020-08-09,Edgar,7,159
2020-08-09,Edwards,10,67
2020-08-09,Effingham,36,551
2020-08-09,Fayette,0,208
2020-08-09,Ford,0,220
2020-08-09,Franklin,46,543
2020-08-09,Fulton,9,410
2020-08-09,Gallatin,8,48
2020-08-09,Greene,0,161
2020-08-09,Grundy,50,821
2020-08-09,Hamilton,0,70
2020-08-09,Hancock,0,173
2020-08-09,Hardin,0,40
2020-08-09,Henderson,0,56
2020-08-09,Henry,25,768
2020-08-09,Iroquois,13,445
2020-08-09,Jackson,82,1119
2020-08-09,Jasper,0,110
2020-08-09,Jefferson,19,457
2020-08-09,Jersey,9,181
2020-08-09,Jo Daviess,15,263
2020-08-09,Johnson,14,117
2020-08-09,Kane,1172,11122
2020-08-09,Kankakee,208,2189
2020-08-09,Kendall,158,2555
2020-08-09,Knox,33,776
2020-08-09,Lake,1681,17032
2020-08-09,LaSalle,72,1181
2020-08-09,Lawrence,15,313
2020-08-09,Lee,16,415
2020-08-09,Livingston,13,475
2020-08-09,Logan,0,617
2020-08-09,Macon,93,1512
2020-08-09,Macoupin,22,957
2020-08-09,Madison,309,4145
2020-08-09,Marion,8,400
2020-08-09,Marshall,0,119
2020-08-09,Mason,7,172
2020-08-09,Massac,8,154
2020-08-09,McDonough,10,346
2020-08-09,McHenry,354,4667
2020-08-09,McLean,73,3571
2020-08-09,Menard,8,257
2020-08-09,Mercer,0,200
2020-08-09,Monroe,29,523
2020-08-09,Montgomery,13,542
2020-08-09,Morgan,18,547
2020-08-09,Moultrie,12,209
2020-08-09,Ogle,47,836
2020-08-09,Peoria,297,4844
2020-08-09,Perry,28,350
2020-08-09,Piatt,0,543
2020-08-09,Pike,0,118
2020-08-09,Pope,0,23
2020-08-09,Pulaski,0,50
2020-08-09,Putnam,0,41
2020-08-09,Randolph,42,655
2020-08-09,Richland,6,469
2020-08-09,Rock Island,138,3165
2020-08-09,Saline,14,281
2020-08-09,Sangamon,125,5350
2020-08-09,Schuyler,0,55
2020-08-09,Scott,0,71
2020-08-09,Shelby,6,344
2020-08-09,St. Clair,482,5090
2020-08-09,Stark,0,77
2020-08-09,Stephenson,33,637
2020-08-09,Tazewell,69,2626
2020-08-09,Unassigned,0,4260
2020-08-09,Union,33,308
2020-08-09,Vermilion,41,1478
2020-08-09,Wabash,6,108
2020-08-09,Warren,11,186
2020-08-09,Washington,0,129
2020-08-09,Wayne,16,133
2020-08-09,White,11,148
2020-08-09,Whiteside,45,855
2020-08-09,Will,954,11433
2020-08-09,Williamson,59,1068
2020-08-09,Winnebago,528,6499
2020-08-09,Woodford,36,819
2020-08-02,Adams,47,1401
2020-08-02,Alexander,0,60
2020-08-02,Bond,6,180
2020-08-02,Boone,90,1056
2020-08-02,Brown,0,53
2020-08-02,Bureau,18,273
2020-08-02,Calhoun,0,15
2020-08-02,Carroll,0,97
2020-08-02,Cass,18,276
2020-08-02,Champaign,325,8903
2020-08-02,Chicago,4718,46445
2020-08-02,Christian,12,443
2020-08-02,Clark,12,246
2020-08-02,Clay,0,123
2020-08-02,Clinton,25,401
2020-08-02,Coles,68,1159
2020-08-02,Cook,3710,41500
2020-08-02,Crawford,0,128
2020-08-02,Cumberland,0,155
2020-08-02,De Witt,6,212
2020-08-02,DeKalb,90,1415
2020-08-02,Douglas,17,470
2020-08-02,DuPage,1119,15002
2020-08-02,Edgar,7,140
2020-08-02,Edwards,8,64
2020-08-02,Effingham,25,464
2020-08-02,Fayette,0,185
2020-08-02,Ford,0,202
2020-08-02,Franklin,32,476
2020-08-02,Fulton,0,317
2020-08-02,Gallatin,7,42
2020-08-02,Greene,0,108
2020-08-02,Grundy,47,755
2020-08-02,Hamilton,0,60
2020-08-02,Hancock,0,151
2020-08-02,Hardin,0,30
2020-08-02,Henderson,0,54
2020-08-02,Henry,20,695
2020-08-02,Iroquois,15,422
2020-08-02,Jackson,65,1004
2020-08-02,Jasper,0,92
2020-08-02,Jefferson,16,400
2020-08-02,Jersey,8,144
2020-08-02,Jo Daviess,13,223
2020-08-02,Johnson,12,103
2020-08-02,Kane,1051,9658
2020-08-02,Kankakee,196,1973
2020-08-02,Kendall,141,2201
2020-08-02,Knox,25,655
2020-08-02,Lake,1501,14806
2020-08-02,LaSalle,42,926
2020-08-02,Lawrence,13,300
2020-08-02,Lee,14,351
2020-08-02,Livingston,10,403
2020-08-02,Logan,0,546
2020-08-02,Macon,62,1176
2020-08-02,Macoupin,14,831
2020-08-02,Madison,263,3518
2020-08-02,Marion,8,368
2020-08-02,Marshall,0,90
2020-08-02,Mason,7,157
2020-08-02,Massac,7,143
2020-08-02,McDonough,8,310
2020-08-02,McHenry,318,4013
2020-08-02,McLean,61,2796
2020-08-02,Menard,0,222
2020-08-02,Mercer,0,174
2020-08-02,Monroe,27,456
2020-08-02,Montgomery,12,491
2020-08-02,Morgan,13,453
2020-08-02,Moultrie,7,171
2020-08-02,Ogle,40,736
2020-08-02,Peoria,244,3822
2020-08-02,Perry,18,308
2020-08-02,Piatt,0,437
2020-08-02,Pike,0,103
2020-08-02,Pope,0,15
2020-08-02,Pulaski,0,46
2020-08-02,Putnam,0,34
2020-08-02,Randolph,40,608
2020-08-02,Richland,0,428
2020-08-02,Rock Island,128,2880
2020-08-02,Saline,12,242
2020-08-02,Sangamon,104,4530
2020-08-02,Schuyler,0,48
2020-08-02,Scott,0,59
2020-08-02,Shelby,0,288
2020-08-02,St. Clair,436,4441
2020-08-02,Stark,0,68
2020-08-02,Stephenson,33,583
2020-08-02,Tazewell,37,2013
2020-08-02,Unassigned,6,4047
2020-08-02,Union,32,280
2020-08-02,Vermilion,37,1201
2020-08-02,Wabash,6,104
2020-08-02,Warren,10,170
2020-08-02,Washington,0,121
2020-08-02,Wayne,12,126
2020-08-02,White,9,127
2020-08-02,Whiteside,39,749
2020-08-02,Will,854,10059
2020-08-02,Williamson,46,931
2020-08-02,Winnebago,511,5960
2020-08-02,Woodford,13,554
2020-07-26,Adams,38,1227
2020-07-26,Alexander,0,49
2020-07-26,Bond,0,117
2020-07-26,Boone,88,906
2020-07-26,Brown,0,50
2020-07-26,Bureau,8,233
2020-07-26,Calhoun,0,13
2020-07-26,Carroll,0,82
2020-07-26,Cass,10,223
2020-07-26,Champaign,295,7390
2020-07-26,Chicago,4353,41086
2020-07-26,Christian,0,280
2020-07-26,Clark,11,216
2020-07-26,Clay,0,122
2020-07-26,Clinton,19,327
2020-07-26,Coles,38,886
2020-07-26,Cook,3395,36533
2020-07-26,Crawford,0,116
2020-07-26,Cumberland,0,127
2020-07-26,De Witt,0,183
2020-07-26,DeKalb,82,1283
2020-07-26,Douglas,12,331
2020-07-26,DuPage,998,12841
2020-07-26,Edgar,6,124
2020-07-26,Edwards,0,60
2020-07-26,Effingham,12,364
2020-07-26,Fayette,0,166
2020-07-26,Ford,0,183
2020-07-26,Franklin,26,429
2020-07-26,Fulton,0,278
2020-07-26,Gallatin,6,39
2020-07-26,Greene,0,97
2020-07-26,Grundy,38,660
2020-07-26,Hamilton,0,52
2020-07-26,Hancock,0,141
2020-07-26,Hardin,0,25
2020-07-26,Henderson,0,49
2020-07-26,Henry,13,587
2020-07-26,Iroquois,10,366
2020-07-26,Jackson,51,834
2020-07-26,Jasper,0,85
2020-07-26,Jefferson,13,352
2020-07-26,Jersey,7,119
2020-07-26,Jo Daviess,12,184
2020-07-26,Johnson,10,91
2020-07-26,Kane,968,8557
2020-07-26,Kankakee,177,1731
2020-07-26,Kendall,132,1944
2020-07-26,Knox,20,552
2020-07-26,Lake,1364,13176
2020-07-26,LaSalle,39,809
2020-07-26,Lawrence,11,264
2020-07-26,Lee,14,300
2020-07-26,Livingston,7,350
2020-07-26,Logan,0,475
2020-07-26,Macon,32,921
2020-07-26,Macoupin,9,696
2020-07-26,Madison,191,2764
2020-07-26,Marion,8,339
2020-07-26,Marshall,0,82
2020-07-26,Mason,0,116
2020-07-26,Massac,7,131
2020-07-26,McDonough,7,280
2020-07-26,McHenry,277,3538
2020-07-26,McLean,53,2154
2020-07-26,Menard,0,180
2020-07-26,Mercer,0,138
2020-07-26,Monroe,23,409
2020-07-26,Montgomery,11,412
2020-07-26,Morgan,10,379
2020-07-26,Moultrie,6,142
2020-07-26,Ogle,36,616
2020-07-26,Peoria,180,3130
2020-07-26,Perry,17,277
2020-07-26,Piatt,0,338
2020-07-26,Pike,0,95
2020-07-26,Pope,0,13
2020-07-26,Pulaski,0,45
2020-07-26,Putnam,0,33
2020-07-26,Randolph,39,536
2020-07-26,Richland,0,405
2020-07-26,Rock Island,112,2596
2020-07-26,Saline,6,205
2020-07-26,Sangamon,84,3801
2020-07-26,Schuyler,0,46
2020-07-26,Scott,0,46
2020-07-26,Shelby,0,202
2020-07-26,St. Clair,362,3670
2020-07-26,Stark,0,56
2020-07-26,Stephenson,31,537
2020-07-26,Tazewell,28,1596
2020-07-26,Unassigned,7,3775
2020-07-26,Union,29,259
2020-07-26,Vermilion,27,955
2020-07-26,Wabash,0,103
2020-07-26,Warren,9,140
2020-07-26,Washington,0,105
2020-07-26,Wayne,10,121
2020-07-26,White,7,114
2020-07-26,Whiteside,35,644
2020-07-26,Will,763,8749
2020-07-26,Williamson,34,793
2020-07-26,Winnebago,492,5320
2020-07-26,Woodford,6,449
2020-07-19,Adams,35,1081
2020-07-19,Alexander,0,41
2020-07-19,Bond,0,95
2020-07-19,Boone,73,797
2020-07-19,Brown,0,37
2020-07-19,Bureau,7,213
2020-07-19,Calhoun,0,10
2020-07-19,Carroll,0,73
2020-07-19,Cass,8,205
2020-07-19,Champaign,247,5968
2020-07-19,Chicago,4067,36284
2020-07-19,Christian,0,204
2020-07-19,Clark,11,167
2020-07-19,Clay,0,111
2020-07-19,Clinton,17,282
2020-07-19,Coles,25,695
2020-07-19,Cook,3144,31788
2020-07-19,Crawford,0,97
2020-07-19,Cumberland,0,102
2020-07-19,De Witt,0,155
2020-07-19,DeKalb,71,1183
2020-07-19,Douglas,8,245
2020-07-19,DuPage,890,10750
2020-07-19,Edgar,0,103
2020-07-19,Edwards,0,56
2020-07-19,Effingham,7,293
2020-07-19,Fayette,0,152
2020-07-19,Ford,0,151
2020-07-19,Franklin,21,349
2020-07-19,Fulton,0,238
2020-07-19,Gallatin,0,26
2020-07-19,Greene,0,82
2020-07-19,Grundy,28,566
2020-07-19,Hamilton,0,46
2020-07-19,Hancock,0,123
2020-07-19,Hardin,0,17
2020-07-19,Henderson,0,42
2020-07-19,Henry,12,508
2020-07-19,Iroquois,8,319
2020-07-19,Jackson,39,691
2020-07-19,Jasper,0,76
2020-07-19,Jefferson,12,309
2020-07-19,Jersey,6,97
2020-07-19,Jo Daviess,0,147
2020-07-19,Johnson,7,71
2020-07-19,Kane,894,7676
2020-07-19,Kankakee,152,1460
2020-07-19,Kendall,117,1714
2020-07-19,Knox,15,456
2020-07-19,Lake,1231,11361
2020-07-19,LaSalle,32,706
2020-07-19,Lawrence,0,165
2020-07-19,Lee,12,255
2020-07-19,Livingston,7,317
2020-07-19,Logan,0,387
2020-07-19,Macon,19,761
2020-07-19,Macoupin,7,567
2020-07-19,Madison,131,2170
2020-07-19,Marion,0,283
2020-07-19,Marshall,0,71
2020-07-19,Mason,0,98
2020-07-19,Massac,0,115
2020-07-19,McDonough,6,251
2020-07-19,McHenry,239,3023
2020-07-19,McLean,30,1697
2020-07-19,Menard,0,145
2020-07-19,Mercer,0,124
2020-07-19,Monroe,16,339
2020-07-19,Montgomery,9,349
2020-07-19,Morgan,9,342
2020-07-19,Moultrie,0,106
2020-07-19,Ogle,35,558
2020-07-19,Peoria,141,2518
2020-07-19,Perry,11,250
2020-07-19,Piatt,0,259
2020-07-19,Pike,0,83
2020-07-19,Pope,0,11
2020-07-19,Pulaski,0,43
2020-07-19,Putnam,0,22
2020-07-19,Randolph,28,457
2020-07-19,Richland,0,364
2020-07-19,Rock Island,100,2187
2020-07-19,Saline,0,151
2020-07-19,Sangamon,66,3141
2020-07-19,Schuyler,0,40
2020-07-19,Scott,0,31
2020-07-19,Shelby,0,178
2020-07-19,St. Clair,299,2964
2020-07-19,Stark,0,46
2020-07-19,Stephenson,27,495
2020-07-19,Tazewell,18,1254
2020-07-19,Unassigned,0,3498
2020-07-19,Union,28,235
2020-07-19,Vermilion,16,674
2020-07-19,Wabash,0,101
2020-07-19,Warren,9,116
2020-07-19,Washington,0,86
2020-07-19,Wayne,8,114
2020-07-19,White,0,99
2020-07-19,Whiteside,23,516
2020-07-19,Will,686,7540
2020-07-19,Williamson,20,605
2020-07-19,Winnebago,458,4708
2020-07-19,Woodford,7,376
2020-07-12,Adams,22,914
2020-07-12,Alexander,0,32
2020-07-12,Bond,0,79
2020-07-12,Boone,74,720
2020-07-12,Brown,0,34
2020-07-12,Bureau,7,180
2020-07-12,Calhoun,0,8
2020-07-12,Carroll,0,62
2020-07-12,Cass,8,184
2020-07-12,Champaign,215,4620
2020-07-12,Chicago,3832,31761
2020-07-12,Christian,0,161
2020-07-12,Clark,8,89
2020-07-12,Clay,0,87
2020-07-12,Clinton,15,255
2020-07-12,Coles,20,510
2020-07-12,Cook,2872,27424
2020-07-12,Crawford,0,80
2020-07-12,Cumberland,0,72
2020-07-12,De Witt,0,126
2020-07-12,DeKalb,63,1081
2020-07-12,Douglas,7,199
2020-07-12,DuPage,777,9168
2020-07-12,Edgar,0,82
2020-07-12,Edwards,0,44
2020-07-12,Effingham,0,233
2020-07-12,Fayette,0,132
2020-07-12,Ford,0,123
2020-07-12,Franklin,18,300
2020-07-12,Fulton,0,171
2020-07-12,Gallatin,0,21
2020-07-12,Greene,0,66
2020-07-12,Grundy,25,506
2020-07-12,Hamilton,0,41
2020-07-12,Hancock,0,87
2020-07-12,Hardin,0,11
2020-07-12,Henderson,0,28
2020-07-12,Henry,10,346
2020-07-12,Iroquois,6,267
2020-07-12,Jackson,33,575
2020-07-12,Jasper,0,58
2020-07-12,Jefferson,8,259
2020-07-12,Jersey,0,77
2020-07-12,Jo Daviess,0,121
2020-07-12,Johnson,0,52
2020-07-12,Kane,856,6868
2020-07-12,Kankakee,138,1254
2020-07-12,Kendall,105,1495
2020-07-12,Knox,12,348
2020-07-12,Lake,1128,9572
2020-07-12,LaSalle,21,574
2020-07-12,Lawrence,0,132
2020-07-12,Lee,10,222
2020-07-12,Livingston,7,284
2020-07-12,Logan,0,290
2020-07-12,Macon,17,645
2020-07-12,Macoupin,0,413
2020-07-12,Madison,96,1788
2020-07-12,Marion,0,241
2020-07-12,Marshall,0,67
2020-07-12,Mason,0,80
2020-07-12,Massac,0,103
2020-07-12,McDonough,0,189
2020-07-12,McHenry,202,2495
2020-07-12,McLean,20,1253
2020-07-12,Menard,0,117
2020-07-12,Mercer,0,89
2020-07-12,Monroe,11,268
2020-07-12,Montgomery,6,247
2020-07-12,Morgan,9,293
2020-07-12,Moultrie,0,86
2020-07-12,Ogle,33,456
2020-07-12,Peoria,92,1850
2020-07-12,Perry,11,233
2020-07-12,Piatt,0,179
2020-07-12,Pike,0,65
2020-07-12,Pope,0,8
2020-07-12,Pulaski,0,38
2020-07-12,Putnam,0,18
2020-07-12,Randolph,21,373
2020-07-12,Richland,0,311
2020-07-12,Rock Island,79,1508
2020-07-12,Saline,0,104
2020-07-12,Sangamon,36,2393
2020-07-12,Schuyler,0,32
2020-07-12,Scott,0,27
2020-07-12,Shelby,0,142
2020-07-12,St. Clair,228,2382
2020-07-12,Stark,0,31
2020-07-12,Stephenson,26,424
2020-07-12,Tazewell,9,958
2020-07-12,Unassigned,9,3296
2020-07-12,Union,25,205
2020-07-12,Vermilion,10,521
2020-07-12,Wabash,0,93
2020-07-12,Warren,8,105
2020-07-12,Washington,0,70
2020-07-12,Wayne,0,111
2020-07-12,White,0,63
2020-07-12,Whiteside,14,386
2020-07-12,Will,632,6682
2020-07-12,Williamson,14,479
2020-07-12,Winnebago,429,4141
2020-07-12,Woodford,0,260
2020-07-05,Adams,16,715
2020-07-05,Alexander,0,24
2020-07-05,Bond,0,60
2020-07-05,Boone,70,620
2020-07-05,Brown,0,30
2020-07-05,Bureau,7,170
2020-07-05,Calhoun,0,0
2020-07-05,Carroll,0,51
2020-07-05,Cass,7,166
2020-07-05,Champaign,201,3906
2020-07-05,Chicago,3642,28139
2020-07-05,Christian,0,142
2020-07-05,Clark,0,65
2020-07-05,Clay,0,73
2020-07-05,Clinton,15,226
2020-07-05,Coles,16,384
2020-07-05,Cook,2649,23732
2020-07-05,Crawford,0,71
2020-07-05,Cumberland,0,58
2020-07-05,De Witt,0,94
2020-07-05,DeKalb,54,968
2020-07-05,Douglas,0,163
2020-07-05,DuPage,695,7738
2020-07-05,Edgar,0,63
2020-07-05,Edwards,0,31
2020-07-05,Effingham,0,193
2020-07-05,Fayette,0,116
2020-07-05,Ford,0,98
2020-07-05,Franklin,14,224
2020-07-05,Fulton,0,154
2020-07-05,Gallatin,0,18
2020-07-05,Greene,0,56
2020-07-05,Grundy,23,424
2020-07-05,Hamilton,0,29
2020-07-05,Hancock,0,73
2020-07-05,Hardin,0,11
2020-07-05,Henderson,0,24
2020-07-05,Henry,6,253
2020-07-05,Iroquois,6,195
2020-07-05,Jackson,33,514
2020-07-05,Jasper,0,47
2020-07-05,Jefferson,8,235
2020-07-05,Jersey,0,63
2020-07-05,Jo Daviess,0,92
2020-07-05,Johnson,0,42
2020-07-05,Kane,813,6182
2020-07-05,Kankakee,127,1091
2020-07-05,Kendall,100,1280
2020-07-05,Knox,7,284
2020-07-05,Lake,1006,8255
2020-07-05,LaSalle,20,490
2020-07-05,Lawrence,0,97
2020-07-05,Lee,8,192
2020-07-05,Livingston,7,225
2020-07-05,Logan,0,249
2020-07-05,Macon,16,519
2020-07-05,Macoupin,0,327
2020-07-05,Madison,80,1415
2020-07-05,Marion,0,212
2020-07-05,Marshall,0,64
2020-07-05,Mason,0,74
2020-07-05,Massac,0,82
2020-07-05,McDonough,0,164
2020-07-05,McHenry,179,2172
2020-07-05,McLean,15,1074
2020-07-05,Menard,0,84
2020-07-05,Mercer,0,68
2020-07-05,Monroe,7,229
2020-07-05,Montgomery,6,188
2020-07-05,Morgan,9,266
2020-07-05,Moultrie,0,76
2020-07-05,Ogle,24,379
2020-07-05,Peoria,70,1474
2020-07-05,Perry,9,171
2020-07-05,Piatt,0,137
2020-07-05,Pike,0,57
2020-07-05,Pope,0,7
2020-07-05,Pulaski,0,36
2020-07-05,Putnam,0,15
2020-07-05,Randolph,20,340
2020-07-05,Richland,0,117
2020-07-05,Rock Island,58,1109
2020-07-05,Saline,0,85
2020-07-05,Sangamon,31,1996
2020-07-05,Schuyler,0,28
2020-07-05,Scott,0,26
2020-07-05,Shelby,0,120
2020-07-05,St. Clair,185,1951
2020-07-05,Stark,0,20
2020-07-05,Stephenson,25,373
2020-07-05,Tazewell,8,806
2020-07-05,Unassigned,6,3072
2020-07-05,Union,19,180
2020-07-05,Vermilion,8,440
2020-07-05,Wabash,0,58
2020-07-05,Warren,7,88
2020-07-05,Washington,0,64
2020-07-05,Wayne,0,107
2020-07-05,White,0,56
2020-07-05,Whiteside,11,323
2020-07-05,Will,576,5876
2020-07-05,Williamson,11,393
2020-07-05,Winnebago,416,3726
2020-07-05,Woodford,0,221
2020-06-28,Adams,12,633
2020-06-28,Alexander,0,23
2020-06-28,Bond,0,53
2020-06-28,Boone,64,559
2020-06-28,Brown,0,30
2020-06-28,Bureau,0,148
2020-06-28,Calhoun,0,0
2020-06-28,Carroll,0,42
2020-06-28,Cass,6,155
2020-06-28,Champaign,183,2986
2020-06-28,Chicago,3428,24620
2020-06-28,Christian,0,124
2020-06-28,Clark,0,61
2020-06-28,Clay,0,62
2020-06-28,Clinton,15,194
2020-06-28,Coles,14,313
2020-06-28,Cook,2483,20671
2020-06-28,Crawford,0,65
2020-06-28,Cumberland,0,42
2020-06-28,De Witt,0,75
2020-06-28,DeKalb,48,822
2020-06-28,Douglas,0,138
2020-06-28,DuPage,621,6447
2020-06-28,Edgar,0,57
2020-06-28,Edwards,0,30
2020-06-28,Effingham,0,153
2020-06-28,Fayette,0,106
2020-06-28,Ford,0,82
2020-06-28,Franklin,0,159
2020-06-28,Fulton,0,133
2020-06-28,Gallatin,0,16
2020-06-28,Greene,0,43
2020-06-28,Grundy,21,355
2020-06-28,Hamilton,0,26
2020-06-28,Hancock,0,67
2020-06-28,Hardin,0,11
2020-06-28,Henderson,0,19
2020-06-28,Henry,6,194
2020-06-28,Iroquois,6,148
2020-06-28,Jackson,32,474
2020-06-28,Jasper,0,44
2020-06-28,Jefferson,7,192
2020-06-28,Jersey,0,48
2020-06-28,Jo Daviess,0,65
2020-06-28,Johnson,0,38
2020-06-28,Kane,778,5510
2020-06-28,Kankakee,125,917
2020-06-28,Kendall,94,1113
2020-06-28,Knox,6,229
2020-06-28,Lake,952,7170
2020-06-28,LaSalle,17,409
2020-06-28,Lawrence,0,77
2020-06-28,Lee,8,153
2020-06-28,Livingston,0,173
2020-06-28,Logan,0,217
2020-06-28,Macon,15,436
2020-06-28,Macoupin,0,273
2020-06-28,Madison,64,1123
2020-06-28,Marion,0,188
2020-06-28,Marshall,0,56
2020-06-28,Mason,0,69
2020-06-28,Massac,0,74
2020-06-28,McDonough,0,148
2020-06-28,McHenry,157,1824
2020-06-28,McLean,14,907
2020-06-28,Menard,0,78
2020-06-28,Mercer,0,57
2020-06-28,Monroe,6,159
2020-06-28,Montgomery,0,150
2020-06-28,Morgan,9,227
2020-06-28,Moultrie,0,70
2020-06-28,Ogle,22,297
2020-06-28,Peoria,47,1137
2020-06-28,Perry,0,109
2020-06-28,Piatt,0,101
2020-06-28,Pike,0,48
2020-06-28,Pope,0,7
2020-06-28,Pulaski,0,29
2020-06-28,Putnam,0,14
2020-06-28,Randolph,17,300
2020-06-28,Richland,0,97
2020-06-28,Rock Island,48,835
2020-06-28,Saline,0,78
2020-06-28,Sangamon,28,1755
2020-06-28,Schuyler,0,28
2020-06-28,Scott,0,22
2020-06-28,Shelby,0,100
2020-06-28,St. Clair,162,1586
2020-06-28,Stark,0,16
2020-06-28,Stephenson,24,324
2020-06-28,Tazewell,6,606
2020-06-28,Unassigned,0,2763
2020-06-28,Union,18,164
2020-06-28,Vermilion,7,328
2020-06-28,Wabash,0,52
2020-06-28,Warren,0,70
2020-06-28,Washington,0,59
2020-06-28,Wayne,0,94
2020-06-28,White,0,46
2020-06-28,Whiteside,11,272
2020-06-28,Will,524,5129
2020-06-28,Williamson,10,311
2020-06-28,Winnebago,407,3398
2020-06-28,Woodford,0,185
2020-06-21,Adams,0,505
2020-06-21,Alexander,0,21
2020-06-21,Bond,0,48
2020-06-21,Boone,59,494
2020-06-21,Brown,0,27
2020-06-21,Bureau,0,122
2020-06-21,Calhoun,0,0
2020-06-21,Carroll,0,38
2020-06-21,Cass,6,124
2020-06-21,Champaign,152,2139
2020-06-21,Chicago,3190,21951
2020-06-21,Christian,0,113
2020-06-21,Clark,0,47
2020-06-21,Clay,0,41
2020-06-21,Clinton,15,176
2020-06-21,Coles,13,254
2020-06-21,Cook,2314,18425
2020-06-21,Crawford,0,44
2020-06-21,Cumberland,0,29
2020-06-21,De Witt,0,69
2020-06-21,DeKalb,47,739
2020-06-21,Douglas,0,109
2020-06-21,DuPage,566,5634
2020-06-21,Edgar,0,48
2020-06-21,Edwards,0,28
2020-06-21,Effingham,0,127
2020-06-21,Fayette,0,83
2020-06-21,Ford,0,71
2020-06-21,Franklin,0,144
2020-06-21,Fulton,0,116
2020-06-21,Gallatin,0,16
2020-06-21,Greene,0,27
2020-06-21,Grundy,22,299
2020-06-21,Hamilton,0,22
2020-06-21,Hancock,0,59
2020-06-21,Hardin,0,6
2020-06-21,Henderson,0,17
2020-06-21,Henry,0,173
2020-06-21,Iroquois,0,131
2020-06-21,Jackson,31,427
2020-06-21,Jasper,0,38
2020-06-21,Jefferson,7,169
2020-06-21,Jersey,0,23
2020-06-21,Jo Daviess,0,52
2020-06-21,Johnson,0,34
2020-06-21,Kane,726,4933
2020-06-21,Kankakee,112,778
2020-06-21,Kendall,93,977
2020-06-21,Knox,0,198
2020-06-21,Lake,864,6291
2020-06-21,LaSalle,14,353
2020-06-21,Lawrence,0,63
2020-06-21,Lee,9,145
2020-06-21,Livingston,0,161
2020-06-21,Logan,0,189
2020-06-21,Macon,11,356
2020-06-21,Macoupin,0,220
2020-06-21,Madison,52,909
2020-06-21,Marion,0,167
2020-06-21,Marshall,0,43
2020-06-21,Mason,0,62
2020-06-21,Massac,0,63
2020-06-21,McDonough,0,137
2020-06-21,McHenry,142,1535
2020-06-21,McLean,14,778
2020-06-21,Menard,0,70
2020-06-21,Mercer,0,49
2020-06-21,Monroe,0,124
2020-06-21,Montgomery,0,132
2020-06-21,Morgan,8,186
2020-06-21,Moultrie,0,31
2020-06-21,Ogle,22,260
2020-06-21,Peoria,33,946
2020-06-21,Perry,0,103
2020-06-21,Piatt,0,68
2020-06-21,Pike,0,42
2020-06-21,Pope,0,7
2020-06-21,Pulaski,0,25
2020-06-21,Putnam,0,10
2020-06-21,Randolph,15,274
2020-06-21,Richland,0,44
2020-06-21,Rock Island,43,698
2020-06-21,Saline,0,68
2020-06-21,Sangamon,25,1476
2020-06-21,Schuyler,0,22
2020-06-21,Scott,0,15
2020-06-21,Shelby,0,83
2020-06-21,St. Clair,130,1272
2020-06-21,Stark,0,15
2020-06-21,Stephenson,19,273
2020-06-21,Tazewell,0,523
2020-06-21,Unassigned,0,2465
2020-06-21,Union,17,155
2020-06-21,Vermilion,6,288
2020-06-21,Wabash,0,37
2020-06-21,Warren,0,61
2020-06-21,Washington,0,58
2020-06-21,Wayne,0,76
2020-06-21,White,0,46
2020-06-21,Whiteside,9,242
2020-06-21,Will,478,4439
2020-06-21,Williamson,10,282
2020-06-21,Winnebago,374,3099
2020-06-21,Woodford,0,156
2020-06-14,Adams,0,459
2020-06-14,Alexander,0,16
2020-06-14,Bond,0,41
2020-06-14,Boone,57,443
2020-06-14,Brown,0,27
2020-06-14,Bureau,0,91
2020-06-14,Calhoun,0,0
2020-06-14,Carroll,0,32
2020-06-14,Cass,0,100
2020-06-14,Champaign,138,1787
2020-06-14,Chicago,3070,19798
2020-06-14,Christian,0,94
2020-06-14,Clark,0,41
2020-06-14,Clay,0,33
2020-06-14,Clinton,13,136
2020-06-14,Coles,12,221
2020-06-14,Cook,2162,16182
2020-06-14,Crawford,0,34
2020-06-14,Cumberland,0,22
2020-06-14,De Witt,0,58
2020-06-14,DeKalb,42,605
2020-06-14,Douglas,0,85
2020-06-14,DuPage,528,4884
2020-06-14,Edgar,0,42
2020-06-14,Edwards,0,27
2020-06-14,Effingham,0,79
2020-06-14,Fayette,0,64
2020-06-14,Ford,0,57
2020-06-14,Franklin,0,127
2020-06-14,Fulton,0,108
2020-06-14,Gallatin,0,14
2020-06-14,Greene,0,24
2020-06-14,Grundy,20,222
2020-06-14,Hamilton,0,21
2020-06-14,Hancock,0,47
2020-06-14,Hardin,0,0
2020-06-14,Henderson,0,15
2020-06-14,Henry,0,145
2020-06-14,Iroquois,0,115
2020-06-14,Jackson,30,367
2020-06-14,Jasper,0,34
2020-06-14,Jefferson,7,146
2020-06-14,Jersey,0,19
2020-06-14,Jo Daviess,0,46
2020-06-14,Johnson,0,25
2020-06-14,Kane,691,4389
2020-06-14,Kankakee,105,694
2020-06-14,Kendall,88,857
2020-06-14,Knox,0,172
2020-06-14,Lake,826,5477
2020-06-14,LaSalle,11,280
2020-06-14,Lawrence,0,46
2020-06-14,Lee,7,121
2020-06-14,Livingston,0,141
2020-06-14,Logan,0,158
2020-06-14,Macon,11,253
2020-06-14,Macoupin,0,196
2020-06-14,Madison,32,651
2020-06-14,Marion,0,141
2020-06-14,Marshall,0,32
2020-06-14,Mason,0,55
2020-06-14,Massac,0,42
2020-06-14,McDonough,0,125
2020-06-14,McHenry,130,1309
2020-06-14,McLean,12,632
2020-06-14,Menard,0,48
2020-06-14,Mercer,0,45
2020-06-14,Monroe,0,75
2020-06-14,Montgomery,0,112
2020-06-14,Morgan,7,144
2020-06-14,Moultrie,0,23
2020-06-14,Ogle,21,249
2020-06-14,Peoria,28,746
2020-06-14,Perry,0,94
2020-06-14,Piatt,0,58
2020-06-14,Pike,0,37
2020-06-14,Pope,0,0
2020-06-14,Pulaski,0,20
2020-06-14,Putnam,0,8
2020-06-14,Randolph,15,234
2020-06-14,Richland,0,38
2020-06-14,Rock Island,43,609
2020-06-14,Saline,0,59
2020-06-14,Sangamon,24,1124
2020-06-14,Schuyler,0,21
2020-06-14,Scott,0,13
2020-06-14,Shelby,0,51
2020-06-14,St. Clair,108,936
2020-06-14,Stark,0,10
2020-06-14,Stephenson,18,223
2020-06-14,Tazewell,0,414
2020-06-14,Unassigned,0,2099
2020-06-14,Union,17,146
2020-06-14,Vermilion,0,230
2020-06-14,Wabash,0,25
2020-06-14,Warren,0,55
2020-06-14,Washington,0,50
2020-06-14,Wayne,0,65
2020-06-14,White,0,46
2020-06-14,Whiteside,8,194
2020-06-14,Will,445,3879
2020-06-14,Williamson,10,244
2020-06-14,Winnebago,346,2734
2020-06-14,Woodford,0,115
2020-06-07,Adams,0,362
2020-06-07,Alexander,0,15
2020-06-07,Bond,0,35
2020-06-07,Boone,54,377
2020-06-07,Brown,0,24
2020-06-07,Bureau,0,74
2020-06-07,Calhoun,0,0
2020-06-07,Carroll,0,24
2020-06-07,Cass,0,87
2020-06-07,Champaign,124,1435
2020-06-07,Chicago,2945,17818
2020-06-07,Christian,0,77
2020-06-07,Clark,0,30
2020-06-07,Clay,0,30
2020-06-07,Clinton,6,117
2020-06-07,Coles,10,184
2020-06-07,Cook,2026,14144
2020-06-07,Crawford,0,25
2020-06-07,Cumberland,0,18
2020-06-07,De Witt,0,51
2020-06-07,DeKalb,35,497
2020-06-07,Douglas,0,75
2020-06-07,DuPage,493,4210
2020-06-07,Edgar,0,37
2020-06-07,Edwards,0,19
2020-06-07,Effingham,0,60
2020-06-07,Fayette,0,60
2020-06-07,Ford,0,51
2020-06-07,Franklin,0,104
2020-06-07,Fulton,0,94
2020-06-07,Gallatin,0,13
2020-06-07,Greene,0,23
2020-06-07,Grundy,16,185
2020-06-07,Hamilton,0,18
2020-06-07,Hancock,0,40
2020-06-07,Hardin,0,0
2020-06-07,Henderson,0,12
2020-06-07,Henry,0,127
2020-06-07,Iroquois,0,97
2020-06-07,Jackson,28,313
2020-06-07,Jasper,0,28
2020-06-07,Jefferson,7,113
2020-06-07,Jersey,0,18
2020-06-07,Jo Daviess,0,38
2020-06-07,Johnson,0,16
2020-06-07,Kane,654,3810
2020-06-07,Kankakee,89,593
2020-06-07,Kendall,79,730
2020-06-07,Knox,0,154
2020-06-07,Lake,786,4728
2020-06-07,LaSalle,8,195
2020-06-07,Lawrence,0,32
2020-06-07,Lee,7,98
2020-06-07,Livingston,0,104
2020-06-07,Logan,0,132
2020-06-07,Macon,9,209
2020-06-07,Macoupin,0,150
2020-06-07,Madison,24,510
2020-06-07,Marion,0,126
2020-06-07,Marshall,0,24
2020-06-07,Mason,0,49
2020-06-07,Massac,0,20
2020-06-07,McDonough,0,102
2020-06-07,McHenry,119,1121
2020-06-07,McLean,10,529
2020-06-07,Menard,0,43
2020-06-07,Mercer,0,33
2020-06-07,Monroe,0,65
2020-06-07,Montgomery,0,100
2020-06-07,Morgan,0,118
2020-06-07,Moultrie,0,22
2020-06-07,Ogle,21,222
2020-06-07,Peoria,14,584
2020-06-07,Perry,0,85
2020-06-07,Piatt,0,41
2020-06-07,Pike,0,24
2020-06-07,Pope,0,0
2020-06-07,Pulaski,0,19
2020-06-07,Putnam,0,7
2020-06-07,Randolph,14,187
2020-06-07,Richland,0,38
2020-06-07,Rock Island,40,512
2020-06-07,Saline,0,46
2020-06-07,Sangamon,23,971
2020-06-07,Schuyler,0,14
2020-06-07,Scott,0,14
2020-06-07,Shelby,0,40
2020-06-07,St. Clair,91,751
2020-06-07,Stark,0,0
2020-06-07,Stephenson,18,183
2020-06-07,Tazewell,0,338
2020-06-07,Unassigned,8,1779
2020-06-07,Union,16,134
2020-06-07,Vermilion,0,189
2020-06-07,Wabash,0,22
2020-06-07,Warren,0,49
2020-06-07,Washington,0,47
2020-06-07,Wayne,0,59
2020-06-07,White,0,46
2020-06-07,Whiteside,8,145
2020-06-07,Will,408,3370
2020-06-07,Williamson,7,198
2020-06-07,Winnebago,302,2382
2020-06-07,Woodford,0,87
