date,region,id,ICUAvail,ICUCapacity,VentsAvailable,VentsCapacity
2020-11-22,Region 1,1,42,179,200,346
2020-11-22,Region 10,10,127,717,581,918
2020-11-22,Region 11,11,236,919,1235,1762
2020-11-22,Region 2,2,69,257,397,482
2020-11-22,Region 3,3,28,163,286,417
2020-11-22,Region 4,4,24,119,101,165
2020-11-22,Region 5,5,22,89,245,284
2020-11-22,Region 6,6,54,160,270,322
2020-11-22,Region 7,7,28,162,54,133
2020-11-22,Region 8,8,70,373,327,576
2020-11-22,Region 9,9,59,187,237,290
2020-11-23,Region 1,1,48,179,208,346
2020-11-23,Region 10,10,94,719,554,918
2020-11-23,Region 11,11,218,921,1209,1755
2020-11-23,Region 2,2,60,257,375,482
2020-11-23,Region 3,3,26,167,287,418
2020-11-23,Region 4,4,23,118,101,165
2020-11-23,Region 5,5,27,84,246,261
2020-11-23,Region 6,6,51,160,273,322
2020-11-23,Region 7,7,34,162,60,132
2020-11-23,Region 8,8,65,344,323,576
2020-11-23,Region 9,9,50,176,235,290
2020-11-24,Region 1,1,47,179,206,346
2020-11-24,Region 10,10,139,719,578,918
2020-11-24,Region 11,11,182,933,1244,1755
2020-11-24,Region 2,2,62,257,370,482
2020-11-24,Region 3,3,31,167,276,418
2020-11-24,Region 4,4,18,119,93,157
2020-11-24,Region 5,5,12,88,248,264
2020-11-24,Region 6,6,49,160,269,322
2020-11-24,Region 7,7,34,162,55,137
2020-11-24,Region 8,8,68,344,312,576
2020-11-24,Region 9,9,42,187,232,290
2020-11-25,Region 1,1,34,179,213,348
2020-11-25,Region 10,10,133,719,580,924
2020-11-25,Region 11,11,202,933,1207,1750
2020-11-25,Region 2,2,46,257,364,472
2020-11-25,Region 3,3,20,172,292,418
2020-11-25,Region 4,4,20,115,105,164
2020-11-25,Region 5,5,12,87,241,264
2020-11-25,Region 6,6,48,160,264,322
2020-11-25,Region 7,7,29,162,64,137
2020-11-25,Region 8,8,67,344,325,576
2020-11-25,Region 9,9,50,187,231,290
2020-11-26,Region 1,1,54,179,216,348
2020-11-26,Region 10,10,148,719,577,924
2020-11-26,Region 11,11,219,931,1258,1750
2020-11-26,Region 2,2,42,257,359,472
2020-11-26,Region 3,3,25,175,298,418
2020-11-26,Region 4,4,21,115,103,164
2020-11-26,Region 5,5,12,87,242,264
2020-11-26,Region 6,6,52,160,272,322
2020-11-26,Region 7,7,39,162,64,137
2020-11-26,Region 8,8,72,344,329,576
2020-11-26,Region 9,9,51,187,235,290
2020-11-27,Region 1,1,37,179,214,348
2020-11-27,Region 10,10,150,719,558,924
2020-11-27,Region 11,11,220,929,1216,1751
2020-11-27,Region 2,2,42,257,373,472
2020-11-27,Region 3,3,25,175,296,418
2020-11-27,Region 4,4,21,113,96,164
2020-11-27,Region 5,5,14,88,245,264
2020-11-27,Region 6,6,45,160,269,322
2020-11-27,Region 7,7,28,162,68,137
2020-11-27,Region 8,8,72,344,351,576
2020-11-27,Region 9,9,50,187,232,290
2020-11-28,Region 1,1,44,179,263,354
2020-11-28,Region 10,10,148,719,563,909
2020-11-28,Region 11,11,259,934,1197,1751
2020-11-28,Region 2,2,54,257,370,471
2020-11-28,Region 3,3,18,140,298,418
2020-11-28,Region 4,4,22,112,104,166
2020-11-28,Region 5,5,14,88,246,264
2020-11-28,Region 6,6,48,160,269,322
2020-11-28,Region 7,7,30,162,61,136
2020-11-28,Region 8,8,94,344,333,576
2020-11-28,Region 9,9,54,187,231,290
2020-11-29,Region 1,1,40,179,247,354
2020-11-29,Region 10,10,148,719,570,909
2020-11-29,Region 11,11,242,934,1237,1751
2020-11-29,Region 2,2,56,257,371,472
2020-11-29,Region 3,3,26,163,291,418
2020-11-29,Region 4,4,19,113,107,164
2020-11-29,Region 5,5,14,88,249,264
2020-11-29,Region 6,6,43,160,269,322
2020-11-29,Region 7,7,34,162,65,136
2020-11-29,Region 8,8,82,344,340,576
2020-11-29,Region 9,9,40,187,223,290
2020-11-30,Region 1,1,34,179,225,354
2020-11-30,Region 10,10,137,719,556,909
2020-11-30,Region 11,11,207,932,1117,1753
2020-11-30,Region 2,2,48,257,358,472
2020-11-30,Region 3,3,20,166,298,421
2020-11-30,Region 4,4,15,113,117,166
2020-11-30,Region 5,5,11,88,232,257
2020-11-30,Region 6,6,42,160,271,322
2020-11-30,Region 7,7,31,162,64,130
2020-11-30,Region 8,8,98,344,305,576
2020-11-30,Region 9,9,44,187,223,290
2020-12-01,Region 1,1,34,179,232,354
2020-12-01,Region 10,10,114,719,539,928
2020-12-01,Region 11,11,192,932,1112,1756
2020-12-01,Region 2,2,37,255,360,472
2020-12-01,Region 3,3,22,169,308,421
2020-12-01,Region 4,4,20,113,116,166
2020-12-01,Region 5,5,14,89,224,260
2020-12-01,Region 6,6,44,160,270,322
2020-12-01,Region 7,7,33,162,81,137
2020-12-01,Region 8,8,69,344,316,576
2020-12-01,Region 9,9,44,187,223,291
2020-12-02,Region 1,1,38,179,237,359
2020-12-02,Region 10,10,109,719,539,928
2020-12-02,Region 11,11,179,930,1233,1773
2020-12-02,Region 2,2,34,255,365,472
2020-12-02,Region 3,3,15,166,294,421
2020-12-02,Region 4,4,20,113,122,166
2020-12-02,Region 5,5,19,91,226,260
2020-12-02,Region 6,6,41,160,270,322
2020-12-02,Region 7,7,29,162,77,137
2020-12-02,Region 8,8,73,344,326,578
2020-12-02,Region 9,9,43,188,220,291
2020-12-03,Region 1,1,44,179,237,359
2020-12-03,Region 10,10,125,719,574,928
2020-12-03,Region 11,11,187,934,1230,1754
2020-12-03,Region 2,2,37,255,363,474
2020-12-03,Region 3,3,20,170,296,421
2020-12-03,Region 4,4,20,113,117,166
2020-12-03,Region 5,5,17,92,226,260
2020-12-03,Region 6,6,39,160,268,322
2020-12-03,Region 7,7,36,162,76,137
2020-12-03,Region 8,8,75,344,348,578
2020-12-03,Region 9,9,47,188,227,291
2020-12-04,Region 1,1,37,179,218,359
2020-12-04,Region 10,10,115,719,559,928
2020-12-04,Region 11,11,171,937,1209,1764
2020-12-04,Region 2,2,30,255,366,474
2020-12-04,Region 3,3,18,175,294,421
2020-12-04,Region 4,4,21,113,113,166
2020-12-04,Region 5,5,18,88,229,260
2020-12-04,Region 6,6,35,160,266,322
2020-12-04,Region 7,7,46,162,83,137
2020-12-04,Region 8,8,72,344,344,578
2020-12-04,Region 9,9,45,188,231,291
2020-12-05,Region 1,1,36,179,236,359
2020-12-05,Region 10,10,132,719,580,928
2020-12-05,Region 11,11,199,937,1228,1764
2020-12-05,Region 2,2,40,255,385,474
2020-12-05,Region 3,3,24,171,290,421
2020-12-05,Region 4,4,22,113,117,166
2020-12-05,Region 5,5,19,88,229,260
2020-12-05,Region 6,6,46,160,266,322
2020-12-05,Region 7,7,39,162,83,137
2020-12-05,Region 8,8,71,344,350,578
2020-12-05,Region 9,9,50,188,232,291
2020-12-06,Region 1,1,43,179,224,359
2020-12-06,Region 10,10,115,719,579,928
2020-12-06,Region 11,11,214,939,1169,1764
2020-12-06,Region 2,2,46,255,388,474
2020-12-06,Region 3,3,29,164,292,417
2020-12-06,Region 4,4,25,113,120,166
2020-12-06,Region 5,5,18,88,228,260
2020-12-06,Region 6,6,44,160,271,322
2020-12-06,Region 7,7,44,162,83,136
2020-12-06,Region 8,8,67,344,344,578
2020-12-06,Region 9,9,56,188,231,291
2020-12-07,Region 1,1,43,179,237,359
2020-12-07,Region 10,10,127,719,561,928
2020-12-07,Region 11,11,184,935,1237,1772
2020-12-07,Region 2,2,40,255,386,474
2020-12-07,Region 3,3,24,166,306,417
2020-12-07,Region 4,4,20,113,117,166
2020-12-07,Region 5,5,16,89,228,260
2020-12-07,Region 6,6,48,160,270,322
2020-12-07,Region 7,7,35,162,77,136
2020-12-07,Region 8,8,54,344,335,574
2020-12-07,Region 9,9,56,188,233,291
2020-12-08,Region 1,1,33,179,215,359
2020-12-08,Region 10,10,111,719,559,928
2020-12-08,Region 11,11,178,946,1228,1772
2020-12-08,Region 2,2,35,255,380,474
2020-12-08,Region 3,3,20,175,311,417
2020-12-08,Region 4,4,18,113,114,166
2020-12-08,Region 5,5,14,91,229,260
2020-12-08,Region 6,6,44,160,272,323
2020-12-08,Region 7,7,35,162,82,138
2020-12-08,Region 8,8,61,344,339,574
2020-12-08,Region 9,9,47,188,225,291
2020-12-09,Region 1,1,38,179,228,359
2020-12-09,Region 10,10,126,733,590,928
2020-12-09,Region 11,11,185,937,1228,1777
2020-12-09,Region 2,2,37,255,384,474
2020-12-09,Region 3,3,18,169,312,417
2020-12-09,Region 4,4,18,112,118,166
2020-12-09,Region 5,5,17,91,231,261
2020-12-09,Region 6,6,46,160,273,323
2020-12-09,Region 7,7,33,162,79,138
2020-12-09,Region 8,8,52,344,335,579
2020-12-09,Region 9,9,45,188,235,289
2020-12-10,Region 1,1,33,179,230,359
2020-12-10,Region 10,10,119,733,601,928
2020-12-10,Region 11,11,195,938,1199,1769
2020-12-10,Region 2,2,35,235,364,474
2020-12-10,Region 3,3,27,167,301,417
2020-12-10,Region 4,4,13,113,119,165
2020-12-10,Region 5,5,13,89,228,261
2020-12-10,Region 6,6,47,160,271,323
2020-12-10,Region 7,7,33,162,83,138
2020-12-10,Region 8,8,45,344,328,573
2020-12-10,Region 9,9,57,188,235,289
2020-12-11,Region 1,1,33,179,218,359
2020-12-11,Region 10,10,121,733,582,928
2020-12-11,Region 11,11,185,938,1237,1778
2020-12-11,Region 2,2,34,235,358,474
2020-12-11,Region 3,3,17,166,313,417
2020-12-11,Region 4,4,18,113,123,166
2020-12-11,Region 5,5,12,90,229,261
2020-12-11,Region 6,6,43,160,268,323
2020-12-11,Region 7,7,27,146,84,136
2020-12-11,Region 8,8,72,330,349,573
2020-12-11,Region 9,9,58,188,236,289
2020-12-12,Region 1,1,34,179,228,359
2020-12-12,Region 10,10,152,733,599,928
2020-12-12,Region 11,11,167,937,1270,1778
2020-12-12,Region 2,2,38,235,367,474
2020-12-12,Region 3,3,33,165,324,421
2020-12-12,Region 4,4,27,114,116,164
2020-12-12,Region 5,5,13,89,229,261
2020-12-12,Region 6,6,44,160,266,323
2020-12-12,Region 7,7,30,162,80,136
2020-12-12,Region 8,8,78,348,341,573
2020-12-12,Region 9,9,57,188,236,289
2020-12-13,Region 1,1,44,179,247,359
2020-12-13,Region 10,10,145,733,605,928
2020-12-13,Region 11,11,214,939,1269,1778
2020-12-13,Region 2,2,50,235,370,474
2020-12-13,Region 3,3,38,161,332,421
2020-12-13,Region 4,4,30,114,121,165
2020-12-13,Region 5,5,15,91,235,261
2020-12-13,Region 6,6,51,160,267,323
2020-12-13,Region 7,7,31,162,72,136
2020-12-13,Region 8,8,100,344,345,573
2020-12-13,Region 9,9,48,188,229,289
2020-12-14,Region 1,1,46,179,244,342
2020-12-14,Region 10,10,120,733,595,928
2020-12-14,Region 11,11,208,916,1259,1767
2020-12-14,Region 2,2,48,235,368,474
2020-12-14,Region 3,3,23,161,324,421
2020-12-14,Region 4,4,23,113,124,165
2020-12-14,Region 5,5,13,85,245,263
2020-12-14,Region 6,6,50,160,268,323
2020-12-14,Region 7,7,28,162,78,139
2020-12-14,Region 8,8,96,324,356,573
2020-12-14,Region 9,9,48,194,226,289
2020-12-15,Region 1,1,44,179,228,342
2020-12-15,Region 10,10,114,733,589,928
2020-12-15,Region 11,11,196,937,1223,1760
2020-12-15,Region 2,2,46,235,373,474
2020-12-15,Region 3,3,29,164,321,421
2020-12-15,Region 4,4,24,113,117,164
2020-12-15,Region 5,5,12,85,237,263
2020-12-15,Region 6,6,47,160,270,323
2020-12-15,Region 7,7,28,162,84,139
2020-12-15,Region 8,8,67,324,354,573
2020-12-15,Region 9,9,46,192,232,289
2020-12-16,Region 1,1,38,179,254,343
2020-12-16,Region 10,10,144,733,580,928
2020-12-16,Region 11,11,183,937,1277,1774
2020-12-16,Region 2,2,45,235,378,474
2020-12-16,Region 3,3,27,163,334,421
2020-12-16,Region 4,4,14,113,124,166
2020-12-16,Region 5,5,17,91,239,263
2020-12-16,Region 6,6,42,160,270,323
2020-12-16,Region 7,7,32,162,86,139
2020-12-16,Region 8,8,69,324,351,573
2020-12-16,Region 9,9,45,192,230,291
2020-12-17,Region 1,1,40,179,208,343
2020-12-17,Region 10,10,126,733,602,928
2020-12-17,Region 11,11,208,937,1270,1774
2020-12-17,Region 2,2,46,235,381,474
2020-12-17,Region 3,3,25,164,317,421
2020-12-17,Region 4,4,19,113,116,164
2020-12-17,Region 5,5,17,91,240,263
2020-12-17,Region 6,6,42,160,268,323
2020-12-17,Region 7,7,34,162,86,139
2020-12-17,Region 8,8,60,324,362,573
2020-12-17,Region 9,9,49,192,229,291
2020-12-18,Region 1,1,40,179,200,343
2020-12-18,Region 10,10,123,733,607,928
2020-12-18,Region 11,11,211,937,1289,1780
2020-12-18,Region 2,2,50,235,369,474
2020-12-18,Region 3,3,25,166,312,421
2020-12-18,Region 4,4,23,113,109,164
2020-12-18,Region 5,5,16,89,243,263
2020-12-18,Region 6,6,40,160,267,323
2020-12-18,Region 7,7,39,162,87,139
2020-12-18,Region 8,8,65,324,358,573
2020-12-18,Region 9,9,51,192,232,291
2020-12-19,Region 1,1,43,179,239,343
2020-12-19,Region 10,10,135,733,614,928
2020-12-19,Region 11,11,223,938,1240,1764
2020-12-19,Region 2,2,44,235,368,474
2020-12-19,Region 3,3,17,162,334,421
2020-12-19,Region 4,4,18,113,109,164
2020-12-19,Region 5,5,13,89,253,268
2020-12-19,Region 6,6,40,160,269,323
2020-12-19,Region 7,7,42,162,80,139
2020-12-19,Region 8,8,71,324,353,572
2020-12-19,Region 9,9,47,192,235,291
2020-12-20,Region 1,1,50,179,240,343
2020-12-20,Region 10,10,161,733,619,928
2020-12-20,Region 11,11,235,938,1266,1767
2020-12-20,Region 2,2,45,235,381,474
2020-12-20,Region 3,3,30,161,331,421
2020-12-20,Region 4,4,19,113,112,165
2020-12-20,Region 5,5,14,89,250,268
2020-12-20,Region 6,6,51,160,268,323
2020-12-20,Region 7,7,39,162,86,139
2020-12-20,Region 8,8,83,324,359,572
2020-12-20,Region 9,9,52,192,234,291
2020-12-21,Region 1,1,46,179,250,343
2020-12-21,Region 10,10,144,733,598,928
2020-12-21,Region 11,11,268,939,1262,1765
2020-12-21,Region 2,2,47,235,381,475
2020-12-21,Region 3,3,37,166,323,421
2020-12-21,Region 4,4,22,114,114,164
2020-12-21,Region 5,5,15,89,251,268
2020-12-21,Region 6,6,44,160,270,323
2020-12-21,Region 7,7,37,162,88,139
2020-12-21,Region 8,8,93,324,356,572
2020-12-21,Region 9,9,52,192,230,291
2020-12-22,Region 1,1,39,179,226,343
2020-12-22,Region 10,10,119,733,603,928
2020-12-22,Region 11,11,210,937,1265,1765
2020-12-22,Region 2,2,43,235,376,475
2020-12-22,Region 3,3,21,169,312,421
2020-12-22,Region 4,4,20,113,115,164
2020-12-22,Region 5,5,12,89,244,268
2020-12-22,Region 6,6,59,160,275,323
2020-12-22,Region 7,7,31,162,93,139
2020-12-22,Region 8,8,66,324,349,572
2020-12-22,Region 9,9,51,188,232,291
2020-12-23,Region 1,1,37,179,209,343
2020-12-23,Region 10,10,117,733,602,928
2020-12-23,Region 11,11,206,937,1298,1773
2020-12-23,Region 2,2,38,235,387,475
2020-12-23,Region 3,3,22,165,321,421
2020-12-23,Region 4,4,20,113,119,166
2020-12-23,Region 5,5,15,83,245,268
2020-12-23,Region 6,6,50,160,274,323
2020-12-23,Region 7,7,26,162,90,139
2020-12-23,Region 8,8,73,324,353,572
2020-12-23,Region 9,9,50,188,247,295
2020-12-24,Region 1,1,43,179,254,343
2020-12-24,Region 10,10,135,733,621,928
2020-12-24,Region 11,11,241,935,1288,1773
2020-12-24,Region 2,2,53,235,388,475
2020-12-24,Region 3,3,25,166,327,421
2020-12-24,Region 4,4,20,113,116,164
2020-12-24,Region 5,5,13,83,249,268
2020-12-24,Region 6,6,50,160,273,323
2020-12-24,Region 7,7,40,162,88,139
2020-12-24,Region 8,8,72,324,357,572
2020-12-24,Region 9,9,64,188,245,295
2020-12-25,Region 1,1,51,179,262,343
2020-12-25,Region 10,10,151,733,628,928
2020-12-25,Region 11,11,276,940,1259,1774
2020-12-25,Region 2,2,54,235,392,475
2020-12-25,Region 3,3,30,163,335,421
2020-12-25,Region 4,4,23,113,118,166
2020-12-25,Region 5,5,14,83,251,268
2020-12-25,Region 6,6,62,160,277,323
2020-12-25,Region 7,7,46,162,84,139
2020-12-25,Region 8,8,87,324,376,572
2020-12-25,Region 9,9,52,188,238,295
2020-12-26,Region 1,1,46,179,225,343
2020-12-26,Region 10,10,148,733,622,928
2020-12-26,Region 11,11,232,941,1261,1775
2020-12-26,Region 2,2,53,235,395,475
2020-12-26,Region 3,3,29,163,326,421
2020-12-26,Region 4,4,30,113,112,166
2020-12-26,Region 5,5,14,83,250,268
2020-12-26,Region 6,6,59,160,273,323
2020-12-26,Region 7,7,43,162,82,139
2020-12-26,Region 8,8,112,324,380,572
2020-12-26,Region 9,9,65,188,240,295
2020-12-27,Region 1,1,53,179,244,343
2020-12-27,Region 10,10,148,733,613,928
2020-12-27,Region 11,11,249,941,1287,1775
2020-12-27,Region 2,2,54,235,397,474
2020-12-27,Region 3,3,34,158,336,421
2020-12-27,Region 4,4,27,113,96,164
2020-12-27,Region 5,5,13,83,255,268
2020-12-27,Region 6,6,59,160,277,323
2020-12-27,Region 7,7,42,162,86,139
2020-12-27,Region 8,8,106,324,376,578
2020-12-27,Region 9,9,55,188,238,295
2020-12-28,Region 1,1,45,179,228,343
2020-12-28,Region 10,10,144,733,618,928
2020-12-28,Region 11,11,214,938,1264,1773
2020-12-28,Region 2,2,51,235,384,474
2020-12-28,Region 3,3,42,159,328,421
2020-12-28,Region 4,4,28,113,103,164
2020-12-28,Region 5,5,12,89,238,258
2020-12-28,Region 6,6,54,160,275,323
2020-12-28,Region 7,7,35,162,93,139
2020-12-28,Region 8,8,110,324,357,578
2020-12-28,Region 9,9,62,188,241,295
2020-12-29,Region 1,1,39,179,224,343
2020-12-29,Region 10,10,124,733,623,928
2020-12-29,Region 11,11,229,938,1228,1773
2020-12-29,Region 2,2,48,235,390,474
2020-12-29,Region 3,3,45,161,299,421
2020-12-29,Region 4,4,21,113,106,164
2020-12-29,Region 5,5,13,89,234,258
2020-12-29,Region 6,6,49,160,275,323
2020-12-29,Region 7,7,31,162,86,139
2020-12-29,Region 8,8,67,324,379,579
2020-12-29,Region 9,9,55,192,239,295
2020-12-30,Region 1,1,37,179,238,343
2020-12-30,Region 10,10,131,733,618,928
2020-12-30,Region 11,11,216,938,1232,1775
2020-12-30,Region 2,2,62,235,387,474
2020-12-30,Region 3,3,41,161,301,421
2020-12-30,Region 4,4,24,112,119,166
2020-12-30,Region 5,5,11,89,241,258
2020-12-30,Region 6,6,51,160,273,323
2020-12-30,Region 7,7,25,162,84,139
2020-12-30,Region 8,8,83,324,376,579
2020-12-30,Region 9,9,56,192,233,295
2020-12-31,Region 1,1,46,179,240,343
2020-12-31,Region 10,10,140,733,613,928
2020-12-31,Region 11,11,220,937,1268,1775
2020-12-31,Region 2,2,55,235,392,489
2020-12-31,Region 3,3,37,161,301,421
2020-12-31,Region 4,4,27,113,121,164
2020-12-31,Region 5,5,12,89,245,258
2020-12-31,Region 6,6,54,160,275,323
2020-12-31,Region 7,7,41,162,96,139
2020-12-31,Region 8,8,81,324,374,579
2020-12-31,Region 9,9,51,188,232,295
2021-01-01,Region 1,1,43,179,253,343
2021-01-01,Region 10,10,159,733,630,928
2021-01-01,Region 11,11,233,937,1265,1773
2021-01-01,Region 2,2,50,235,387,489
2021-01-01,Region 3,3,43,162,329,421
2021-01-01,Region 4,4,31,112,123,166
2021-01-01,Region 5,5,12,89,246,258
2021-01-01,Region 6,6,50,160,273,323
2021-01-01,Region 7,7,43,162,92,139
2021-01-01,Region 8,8,86,324,377,579
2021-01-01,Region 9,9,57,188,236,295
2021-01-02,Region 1,1,42,179,261,343
2021-01-02,Region 10,10,173,733,650,928
2021-01-02,Region 11,11,239,939,1281,1777
2021-01-02,Region 2,2,46,235,386,489
2021-01-02,Region 3,3,40,160,340,421
2021-01-02,Region 4,4,29,115,116,164
2021-01-02,Region 5,5,11,89,241,258
2021-01-02,Region 6,6,45,160,273,323
2021-01-02,Region 7,7,43,162,91,139
2021-01-02,Region 8,8,82,324,367,579
2021-01-02,Region 9,9,46,188,239,295
2021-01-03,Region 1,1,56,179,254,343
2021-01-03,Region 10,10,168,733,639,928
2021-01-03,Region 11,11,258,948,1234,1759
2021-01-03,Region 2,2,44,235,387,489
2021-01-03,Region 3,3,41,163,341,421
2021-01-03,Region 4,4,27,113,118,164
2021-01-03,Region 5,5,11,89,245,258
2021-01-03,Region 6,6,50,160,270,323
2021-01-03,Region 7,7,55,162,89,139
2021-01-03,Region 8,8,95,324,360,579
2021-01-03,Region 9,9,48,188,252,295
2021-01-04,Region 1,1,54,179,252,343
2021-01-04,Region 10,10,173,733,636,928
2021-01-04,Region 11,11,247,949,1228,1754
2021-01-04,Region 2,2,50,235,382,489
2021-01-04,Region 3,3,27,163,331,421
2021-01-04,Region 4,4,24,113,112,164
2021-01-04,Region 5,5,11,89,245,258
2021-01-04,Region 6,6,44,160,269,323
2021-01-04,Region 7,7,42,162,91,139
2021-01-04,Region 8,8,83,324,368,579
2021-01-04,Region 9,9,46,188,234,295
2021-01-05,Region 1,1,48,179,240,343
2021-01-05,Region 10,10,145,733,632,928
2021-01-05,Region 11,11,222,941,1269,1772
2021-01-05,Region 2,2,56,235,377,489
2021-01-05,Region 3,3,34,163,328,421
2021-01-05,Region 4,4,20,113,113,166
2021-01-05,Region 5,5,12,87,236,258
2021-01-05,Region 6,6,48,160,268,323
2021-01-05,Region 7,7,41,162,93,139
2021-01-05,Region 8,8,67,324,362,579
2021-01-05,Region 9,9,44,188,232,295
2021-01-06,Region 1,1,48,179,256,343
2021-01-06,Region 10,10,141,733,654,928
2021-01-06,Region 11,11,248,941,1277,1772
2021-01-06,Region 2,2,54,235,378,489
2021-01-06,Region 3,3,33,160,331,421
2021-01-06,Region 4,4,14,113,120,164
2021-01-06,Region 5,5,11,87,238,258
2021-01-06,Region 6,6,49,160,266,323
2021-01-06,Region 7,7,40,162,94,138
2021-01-06,Region 8,8,72,324,360,581
2021-01-06,Region 9,9,45,188,235,295
2021-01-07,Region 1,1,40,179,250,343
2021-01-07,Region 10,10,163,733,639,928
2021-01-07,Region 11,11,199,939,1275,1774
2021-01-07,Region 2,2,58,235,379,489
2021-01-07,Region 3,3,37,155,336,421
2021-01-07,Region 4,4,23,113,126,164
2021-01-07,Region 5,5,14,87,238,258
2021-01-07,Region 6,6,48,160,264,323
2021-01-07,Region 7,7,44,162,96,138
2021-01-07,Region 8,8,70,328,363,581
2021-01-07,Region 9,9,43,191,233,295
2021-01-08,Region 1,1,40,179,258,343
2021-01-08,Region 10,10,172,733,674,928
2021-01-08,Region 11,11,217,941,1273,1772
2021-01-08,Region 2,2,59,235,399,489
2021-01-08,Region 3,3,29,156,327,421
2021-01-08,Region 4,4,22,113,125,164
2021-01-08,Region 5,5,12,85,241,258
2021-01-08,Region 6,6,50,160,267,323
2021-01-08,Region 7,7,36,162,95,139
2021-01-08,Region 8,8,73,328,359,581
2021-01-08,Region 9,9,43,190,227,295
2021-01-09,Region 1,1,34,179,255,343
2021-01-09,Region 10,10,166,733,651,928
2021-01-09,Region 11,11,241,941,1301,1772
2021-01-09,Region 2,2,58,235,393,489
2021-01-09,Region 3,3,40,163,338,421
2021-01-09,Region 4,4,20,113,120,164
2021-01-09,Region 5,5,19,85,244,258
2021-01-09,Region 6,6,44,160,263,323
2021-01-09,Region 7,7,38,162,87,139
2021-01-09,Region 8,8,72,324,364,581
2021-01-09,Region 9,9,43,190,230,295
2021-01-10,Region 1,1,50,179,261,343
2021-01-10,Region 10,10,174,733,663,928
2021-01-10,Region 11,11,274,940,1296,1772
2021-01-10,Region 2,2,71,255,390,489
2021-01-10,Region 3,3,46,163,337,421
2021-01-10,Region 4,4,23,115,125,164
2021-01-10,Region 5,5,19,85,245,258
2021-01-10,Region 6,6,63,160,266,323
2021-01-10,Region 7,7,48,162,87,139
2021-01-10,Region 8,8,81,324,367,581
2021-01-10,Region 9,9,49,190,230,295
2021-01-11,Region 1,1,51,179,249,343
2021-01-11,Region 10,10,168,733,653,928
2021-01-11,Region 11,11,269,937,1306,1772
2021-01-11,Region 2,2,58,255,386,489
2021-01-11,Region 3,3,43,163,330,421
2021-01-11,Region 4,4,19,113,123,164
2021-01-11,Region 5,5,17,85,243,258
2021-01-11,Region 6,6,57,160,268,323
2021-01-11,Region 7,7,44,162,86,139
2021-01-11,Region 8,8,81,324,363,581
2021-01-11,Region 9,9,51,194,232,295
2021-01-12,Region 1,1,43,179,240,343
2021-01-12,Region 10,10,157,733,636,928
2021-01-12,Region 11,11,230,936,1278,1772
2021-01-12,Region 2,2,60,255,388,489
2021-01-12,Region 3,3,36,160,324,421
2021-01-12,Region 4,4,17,113,117,164
2021-01-12,Region 5,5,18,89,243,258
2021-01-12,Region 6,6,48,160,282,323
2021-01-12,Region 7,7,48,162,83,139
2021-01-12,Region 8,8,84,324,371,581
2021-01-12,Region 9,9,47,194,237,295
2021-01-13,Region 1,1,41,179,259,343
2021-01-13,Region 10,10,147,733,630,928
2021-01-13,Region 11,11,237,937,1291,1773
2021-01-13,Region 2,2,55,255,390,489
2021-01-13,Region 3,3,33,160,329,421
2021-01-13,Region 4,4,16,113,127,166
2021-01-13,Region 5,5,20,91,241,258
2021-01-13,Region 6,6,49,160,266,323
2021-01-13,Region 7,7,41,162,90,139
2021-01-13,Region 8,8,81,324,384,581
2021-01-13,Region 9,9,49,194,241,295
2021-01-14,Region 1,1,36,179,253,337
2021-01-14,Region 10,10,162,733,630,928
2021-01-14,Region 11,11,240,937,1335,1774
2021-01-14,Region 2,2,59,255,395,489
2021-01-14,Region 3,3,30,163,328,421
2021-01-14,Region 4,4,21,113,123,164
2021-01-14,Region 5,5,26,91,244,258
2021-01-14,Region 6,6,56,160,265,323
2021-01-14,Region 7,7,36,162,94,140
2021-01-14,Region 8,8,75,324,382,581
2021-01-14,Region 9,9,48,194,244,295
2021-01-15,Region 1,1,41,181,248,337
2021-01-15,Region 10,10,150,733,621,928
2021-01-15,Region 11,11,243,938,1322,1778
2021-01-15,Region 2,2,62,255,395,489
2021-01-15,Region 3,3,28,163,321,421
2021-01-15,Region 4,4,25,113,121,164
2021-01-15,Region 5,5,26,91,244,258
2021-01-15,Region 6,6,49,160,262,323
2021-01-15,Region 7,7,36,162,96,140
2021-01-15,Region 8,8,84,324,394,581
2021-01-15,Region 9,9,50,194,245,295
2021-01-16,Region 1,1,46,181,249,337
2021-01-16,Region 10,10,160,733,634,928
2021-01-16,Region 11,11,290,937,1281,1773
2021-01-16,Region 2,2,72,255,402,489
2021-01-16,Region 3,3,28,163,336,421
2021-01-16,Region 4,4,20,103,118,164
2021-01-16,Region 5,5,21,91,243,258
2021-01-16,Region 6,6,37,160,266,323
2021-01-16,Region 7,7,42,162,87,140
2021-01-16,Region 8,8,104,324,384,581
2021-01-16,Region 9,9,50,194,236,295
2021-01-17,Region 1,1,53,181,251,337
2021-01-17,Region 10,10,164,733,629,928
2021-01-17,Region 11,11,285,937,1267,1774
2021-01-17,Region 2,2,75,255,403,489
2021-01-17,Region 3,3,43,163,333,421
2021-01-17,Region 4,4,25,102,115,164
2021-01-17,Region 5,5,23,91,245,258
2021-01-17,Region 6,6,47,160,274,323
2021-01-17,Region 7,7,44,162,87,139
2021-01-17,Region 8,8,111,324,392,581
2021-01-17,Region 9,9,44,194,238,295
2021-01-18,Region 1,1,58,181,250,337
2021-01-18,Region 10,10,163,733,615,928
2021-01-18,Region 11,11,293,933,1264,1774
2021-01-18,Region 2,2,85,255,406,489
2021-01-18,Region 3,3,45,163,316,421
2021-01-18,Region 4,4,17,100,111,163
2021-01-18,Region 5,5,21,91,241,258
2021-01-18,Region 6,6,60,160,275,323
2021-01-18,Region 7,7,46,162,94,139
2021-01-18,Region 8,8,116,324,376,581
2021-01-18,Region 9,9,52,198,242,295
2021-01-19,Region 1,1,58,181,246,337
2021-01-19,Region 10,10,157,733,646,928
2021-01-19,Region 11,11,233,933,1299,1774
2021-01-19,Region 2,2,87,255,398,489
2021-01-19,Region 3,3,44,163,336,421
2021-01-19,Region 4,4,23,102,132,165
2021-01-19,Region 5,5,20,91,241,258
2021-01-19,Region 6,6,42,160,271,323
2021-01-19,Region 7,7,40,162,98,139
2021-01-19,Region 8,8,101,344,374,581
2021-01-19,Region 9,9,51,198,239,295
2021-01-20,Region 1,1,54,181,269,337
2021-01-20,Region 10,10,147,733,670,928
2021-01-20,Region 11,11,233,931,1285,1770
2021-01-20,Region 2,2,82,255,393,489
2021-01-20,Region 3,3,46,163,334,421
2021-01-20,Region 4,4,22,102,129,165
2021-01-20,Region 5,5,20,91,236,258
2021-01-20,Region 6,6,43,160,272,323
2021-01-20,Region 7,7,46,162,99,139
2021-01-20,Region 8,8,103,344,395,581
2021-01-20,Region 9,9,50,198,235,295
2021-01-21,Region 1,1,50,181,265,337
2021-01-21,Region 10,10,148,733,650,928
2021-01-21,Region 11,11,250,935,1157,1770
2021-01-21,Region 2,2,70,255,391,489
2021-01-21,Region 3,3,44,163,346,421
2021-01-21,Region 4,4,19,102,118,163
2021-01-21,Region 5,5,22,91,236,258
2021-01-21,Region 6,6,45,160,274,323
2021-01-21,Region 7,7,41,162,96,139
2021-01-21,Region 8,8,93,344,399,581
2021-01-21,Region 9,9,53,198,230,295
2021-01-22,Region 1,1,54,181,249,337
2021-01-22,Region 10,10,161,733,634,928
2021-01-22,Region 11,11,234,933,1273,1750
2021-01-22,Region 2,2,72,256,404,489
2021-01-22,Region 3,3,46,163,337,421
2021-01-22,Region 4,4,20,102,120,164
2021-01-22,Region 5,5,20,91,245,258
2021-01-22,Region 6,6,43,160,269,323
2021-01-22,Region 7,7,33,162,96,139
2021-01-22,Region 8,8,86,344,400,581
2021-01-22,Region 9,9,60,198,236,295
2021-01-23,Region 1,1,58,181,257,337
2021-01-23,Region 10,10,181,733,650,928
2021-01-23,Region 11,11,253,934,1279,1756
2021-01-23,Region 2,2,78,256,401,489
2021-01-23,Region 3,3,45,163,355,421
2021-01-23,Region 4,4,20,102,119,163
2021-01-23,Region 5,5,24,91,247,258
2021-01-23,Region 6,6,50,160,278,323
2021-01-23,Region 7,7,42,162,99,139
2021-01-23,Region 8,8,91,344,382,581
2021-01-23,Region 9,9,59,198,237,295
2021-01-24,Region 1,1,60,181,267,320
2021-01-24,Region 10,10,205,733,676,928
2021-01-24,Region 11,11,251,934,1252,1756
2021-01-24,Region 2,2,77,256,446,489
2021-01-24,Region 3,3,46,163,346,421
2021-01-24,Region 4,4,16,102,120,164
2021-01-24,Region 5,5,23,91,247,258
2021-01-24,Region 6,6,55,160,277,323
2021-01-24,Region 7,7,54,162,96,139
2021-01-24,Region 8,8,116,344,374,581
2021-01-24,Region 9,9,70,198,245,295
2021-01-25,Region 1,1,70,181,262,320
2021-01-25,Region 10,10,204,733,648,928
2021-01-25,Region 11,11,284,933,1321,1757
2021-01-25,Region 2,2,80,256,460,489
2021-01-25,Region 3,3,51,163,340,421
2021-01-25,Region 4,4,15,104,114,164
2021-01-25,Region 5,5,17,91,239,258
2021-01-25,Region 6,6,52,160,278,323
2021-01-25,Region 7,7,53,162,94,139
2021-01-25,Region 8,8,124,344,396,581
2021-01-25,Region 9,9,70,198,243,295
2021-01-26,Region 1,1,64,181,252,320
2021-01-26,Region 10,10,180,733,649,928
2021-01-26,Region 11,11,242,935,1301,1757
2021-01-26,Region 2,2,52,256,397,489
2021-01-26,Region 3,3,51,163,335,421
2021-01-26,Region 4,4,16,103,113,166
2021-01-26,Region 5,5,17,91,239,258
2021-01-26,Region 6,6,43,160,272,323
2021-01-26,Region 7,7,49,162,87,139
2021-01-26,Region 8,8,93,344,395,581
2021-01-26,Region 9,9,65,198,245,295
2021-01-27,Region 1,1,48,181,253,320
2021-01-27,Region 10,10,176,733,660,928
2021-01-27,Region 11,11,241,936,1271,1759
2021-01-27,Region 2,2,62,256,407,489
2021-01-27,Region 3,3,50,163,344,421
2021-01-27,Region 4,4,24,113,112,166
2021-01-27,Region 5,5,23,91,239,258
2021-01-27,Region 6,6,44,160,274,323
2021-01-27,Region 7,7,51,162,89,139
2021-01-27,Region 8,8,93,344,392,581
2021-01-27,Region 9,9,57,198,237,295
2021-01-28,Region 1,1,55,181,255,320
2021-01-28,Region 10,10,180,733,651,928
2021-01-28,Region 11,11,229,931,1281,1756
2021-01-28,Region 2,2,65,256,402,489
2021-01-28,Region 3,3,52,163,348,421
2021-01-28,Region 4,4,25,113,124,166
2021-01-28,Region 5,5,24,91,247,258
2021-01-28,Region 6,6,54,160,278,323
2021-01-28,Region 7,7,45,162,89,139
2021-01-28,Region 8,8,95,344,389,581
2021-01-28,Region 9,9,58,198,236,295
2021-01-29,Region 1,1,54,181,256,320
2021-01-29,Region 10,10,184,733,661,928
2021-01-29,Region 11,11,235,936,1311,1759
2021-01-29,Region 2,2,62,258,396,489
2021-01-29,Region 3,3,49,163,353,421
2021-01-29,Region 4,4,24,109,121,164
2021-01-29,Region 5,5,22,91,244,258
2021-01-29,Region 6,6,66,160,284,323
2021-01-29,Region 7,7,46,162,95,139
2021-01-29,Region 8,8,76,344,386,581
2021-01-29,Region 9,9,74,198,243,295
2021-01-30,Region 1,1,55,181,259,320
2021-01-30,Region 10,10,175,733,653,928
2021-01-30,Region 11,11,269,938,1266,1765
2021-01-30,Region 2,2,66,258,381,489
2021-01-30,Region 3,3,40,163,367,421
2021-01-30,Region 4,4,17,107,121,164
2021-01-30,Region 5,5,20,91,242,257
2021-01-30,Region 6,6,58,160,286,323
2021-01-30,Region 7,7,42,162,99,139
2021-01-30,Region 8,8,85,344,378,581
2021-01-30,Region 9,9,63,198,248,295
2021-01-31,Region 1,1,79,181,259,320
2021-01-31,Region 10,10,195,733,673,928
2021-01-31,Region 11,11,296,938,1307,1764
2021-01-31,Region 2,2,75,258,383,489
2021-01-31,Region 3,3,35,163,357,421
2021-01-31,Region 4,4,25,109,119,164
2021-01-31,Region 5,5,20,91,244,257
2021-01-31,Region 6,6,64,160,284,323
2021-01-31,Region 7,7,49,162,98,139
2021-01-31,Region 8,8,99,344,377,581
2021-01-31,Region 9,9,70,198,249,295
2021-02-01,Region 1,1,61,181,257,320
2021-02-01,Region 10,10,186,733,659,928
2021-02-01,Region 11,11,296,936,1307,1762
2021-02-01,Region 2,2,73,258,394,489
2021-02-01,Region 3,3,43,163,337,421
2021-02-01,Region 4,4,18,109,113,164
2021-02-01,Region 5,5,19,91,240,257
2021-02-01,Region 6,6,58,160,280,323
2021-02-01,Region 7,7,55,162,89,137
2021-02-01,Region 8,8,114,344,380,581
2021-02-01,Region 9,9,64,194,248,295
2021-02-02,Region 1,1,55,181,249,320
2021-02-02,Region 10,10,178,733,678,941
2021-02-02,Region 11,11,261,935,1337,1762
2021-02-02,Region 2,2,60,258,414,489
2021-02-02,Region 3,3,38,163,338,421
2021-02-02,Region 4,4,18,109,121,166
2021-02-02,Region 5,5,17,91,239,257
2021-02-02,Region 6,6,57,160,281,323
2021-02-02,Region 7,7,46,162,99,137
2021-02-02,Region 8,8,109,344,390,581
2021-02-02,Region 9,9,55,194,243,295
2021-02-03,Region 1,1,54,181,265,320
2021-02-03,Region 10,10,169,733,683,941
2021-02-03,Region 11,11,270,935,1339,1759
2021-02-03,Region 2,2,64,258,418,489
2021-02-03,Region 3,3,49,163,337,421
2021-02-03,Region 4,4,31,109,123,163
2021-02-03,Region 5,5,20,91,237,257
2021-02-03,Region 6,6,53,160,276,323
2021-02-03,Region 7,7,39,162,94,137
2021-02-03,Region 8,8,90,344,394,581
2021-02-03,Region 9,9,53,194,239,295
2021-02-04,Region 1,1,57,181,268,320
2021-02-04,Region 10,10,171,733,667,941
2021-02-04,Region 11,11,261,920,1272,1759
2021-02-04,Region 2,2,77,258,423,489
2021-02-04,Region 3,3,40,163,340,421
2021-02-04,Region 4,4,32,109,105,164
2021-02-04,Region 5,5,25,91,246,257
2021-02-04,Region 6,6,51,160,275,323
2021-02-04,Region 7,7,42,162,98,137
2021-02-04,Region 8,8,65,344,391,581
2021-02-04,Region 9,9,58,194,236,295
2021-02-05,Region 1,1,47,181,252,320
2021-02-05,Region 10,10,167,733,683,941
2021-02-05,Region 11,11,257,924,1302,1759
2021-02-05,Region 2,2,85,258,427,489
2021-02-05,Region 3,3,42,166,348,421
2021-02-05,Region 4,4,30,109,121,164
2021-02-05,Region 5,5,24,91,246,257
2021-02-05,Region 6,6,56,160,274,323
2021-02-05,Region 7,7,41,162,101,137
2021-02-05,Region 8,8,84,344,382,581
2021-02-05,Region 9,9,54,194,225,291
2021-02-06,Region 1,1,42,181,252,320
2021-02-06,Region 10,10,177,733,668,941
2021-02-06,Region 11,11,211,924,1310,1759
2021-02-06,Region 2,2,72,258,411,489
2021-02-06,Region 3,3,41,163,359,421
2021-02-06,Region 4,4,32,109,123,164
2021-02-06,Region 5,5,22,91,247,257
2021-02-06,Region 6,6,54,160,273,323
2021-02-06,Region 7,7,43,162,103,137
2021-02-06,Region 8,8,95,344,384,581
2021-02-06,Region 9,9,57,194,230,291
2021-02-07,Region 1,1,50,181,259,320
2021-02-07,Region 10,10,210,733,653,941
2021-02-07,Region 11,11,294,936,1341,1759
2021-02-07,Region 2,2,73,258,403,489
2021-02-07,Region 3,3,50,163,363,421
2021-02-07,Region 4,4,38,109,120,164
2021-02-07,Region 5,5,22,91,246,257
2021-02-07,Region 6,6,60,160,276,323
2021-02-07,Region 7,7,40,162,99,137
2021-02-07,Region 8,8,119,344,392,581
2021-02-07,Region 9,9,64,194,232,291
2021-02-08,Region 1,1,45,181,253,320
2021-02-08,Region 10,10,202,733,677,941
2021-02-08,Region 11,11,263,932,1302,1757
2021-02-08,Region 2,2,83,258,405,489
2021-02-08,Region 3,3,49,163,347,421
2021-02-08,Region 4,4,36,109,118,164
2021-02-08,Region 5,5,20,91,237,257
2021-02-08,Region 6,6,74,160,281,323
2021-02-08,Region 7,7,49,162,101,137
2021-02-08,Region 8,8,122,344,390,581
2021-02-08,Region 9,9,71,194,238,291
2021-02-09,Region 1,1,32,181,241,320
2021-02-09,Region 10,10,175,733,647,941
2021-02-09,Region 11,11,249,933,1312,1739
2021-02-09,Region 2,2,83,258,409,489
2021-02-09,Region 3,3,43,163,336,421
2021-02-09,Region 4,4,30,111,121,166
2021-02-09,Region 5,5,17,91,234,257
2021-02-09,Region 6,6,72,160,282,323
2021-02-09,Region 7,7,44,162,97,137
2021-02-09,Region 8,8,99,344,392,581
2021-02-09,Region 9,9,69,194,244,291
2021-02-10,Region 1,1,56,181,263,320
2021-02-10,Region 10,10,195,733,684,941
2021-02-10,Region 11,11,247,934,1313,1739
2021-02-10,Region 2,2,81,258,393,489
2021-02-10,Region 3,3,48,166,350,421
2021-02-10,Region 4,4,31,113,121,164
2021-02-10,Region 5,5,17,91,234,257
2021-02-10,Region 6,6,67,160,281,323
2021-02-10,Region 7,7,42,162,98,137
2021-02-10,Region 8,8,74,344,390,581
2021-02-10,Region 9,9,63,194,239,291
2021-02-11,Region 1,1,55,181,245,322
2021-02-11,Region 10,10,173,733,676,941
2021-02-11,Region 11,11,226,933,1306,1738
2021-02-11,Region 2,2,74,261,392,489
2021-02-11,Region 3,3,47,166,352,421
2021-02-11,Region 4,4,30,112,122,164
2021-02-11,Region 5,5,19,91,238,257
2021-02-11,Region 6,6,55,160,281,323
2021-02-11,Region 7,7,50,162,102,137
2021-02-11,Region 8,8,81,344,384,581
2021-02-11,Region 9,9,65,194,248,291
2021-02-12,Region 1,1,49,181,242,322
2021-02-12,Region 10,10,175,733,671,941
2021-02-12,Region 11,11,243,933,1261,1734
2021-02-12,Region 2,2,82,258,395,489
2021-02-12,Region 3,3,31,166,343,421
2021-02-12,Region 4,4,30,112,128,164
2021-02-12,Region 5,5,20,91,235,257
2021-02-12,Region 6,6,73,160,290,323
2021-02-12,Region 7,7,51,162,96,137
2021-02-12,Region 8,8,87,344,386,581
2021-02-12,Region 9,9,66,194,244,291
2021-02-13,Region 1,1,46,181,262,322
2021-02-13,Region 10,10,182,733,708,941
2021-02-13,Region 11,11,261,933,1292,1734
2021-02-13,Region 2,2,75,258,399,489
2021-02-13,Region 3,3,37,163,355,421
2021-02-13,Region 4,4,32,112,124,164
2021-02-13,Region 5,5,22,91,244,257
2021-02-13,Region 6,6,74,160,285,323
2021-02-13,Region 7,7,45,162,98,137
2021-02-13,Region 8,8,94,344,390,581
2021-02-13,Region 9,9,66,194,248,291
2021-02-14,Region 1,1,55,181,261,322
2021-02-14,Region 10,10,206,733,694,941
2021-02-14,Region 11,11,291,933,1281,1734
2021-02-14,Region 2,2,81,258,407,489
2021-02-14,Region 3,3,40,163,359,421
2021-02-14,Region 4,4,26,112,126,164
2021-02-14,Region 5,5,22,91,244,257
2021-02-14,Region 6,6,75,160,290,323
2021-02-14,Region 7,7,47,162,93,137
2021-02-14,Region 8,8,108,344,390,581
2021-02-14,Region 9,9,71,194,248,291
2021-02-15,Region 1,1,52,181,260,322
2021-02-15,Region 10,10,205,722,694,941
2021-02-15,Region 11,11,263,931,1278,1734
2021-02-15,Region 2,2,79,258,402,489
2021-02-15,Region 3,3,46,163,351,421
2021-02-15,Region 4,4,32,112,131,166
2021-02-15,Region 5,5,21,89,244,257
2021-02-15,Region 6,6,85,160,291,323
2021-02-15,Region 7,7,40,162,90,137
2021-02-15,Region 8,8,125,344,393,581
2021-02-15,Region 9,9,72,194,249,291
2021-02-16,Region 1,1,51,181,216,322
2021-02-16,Region 10,10,189,722,663,941
2021-02-16,Region 11,11,244,931,1083,1734
2021-02-16,Region 2,2,70,258,403,489
2021-02-16,Region 3,3,37,163,351,421
2021-02-16,Region 4,4,32,111,131,166
2021-02-16,Region 5,5,21,89,238,257
2021-02-16,Region 6,6,84,160,293,323
2021-02-16,Region 7,7,56,162,90,137
2021-02-16,Region 8,8,113,344,396,581
2021-02-16,Region 9,9,73,194,249,291
2021-02-17,Region 1,1,32,181,206,322
2021-02-17,Region 10,10,187,722,682,941
2021-02-17,Region 11,11,256,928,1215,1732
2021-02-17,Region 2,2,72,258,401,489
2021-02-17,Region 3,3,39,163,348,421
2021-02-17,Region 4,4,34,113,127,164
2021-02-17,Region 5,5,18,81,240,257
2021-02-17,Region 6,6,85,160,291,323
2021-02-17,Region 7,7,49,162,94,137
2021-02-17,Region 8,8,114,344,397,578
2021-02-17,Region 9,9,62,194,255,291
2021-02-18,Region 1,1,42,181,224,322
2021-02-18,Region 10,10,170,722,687,941
2021-02-18,Region 11,11,228,927,1295,1732
2021-02-18,Region 2,2,73,258,396,489
2021-02-18,Region 3,3,35,163,345,421
2021-02-18,Region 4,4,28,113,118,164
2021-02-18,Region 5,5,17,84,240,257
2021-02-18,Region 6,6,70,160,288,323
2021-02-18,Region 7,7,41,162,91,137
2021-02-18,Region 8,8,104,344,396,577
2021-02-18,Region 9,9,61,194,252,291
2021-02-19,Region 1,1,40,181,231,322
2021-02-19,Region 10,10,176,722,694,941
2021-02-19,Region 11,11,254,929,1275,1732
2021-02-19,Region 2,2,74,258,396,489
2021-02-19,Region 3,3,41,163,343,421
2021-02-19,Region 4,4,30,113,116,164
2021-02-19,Region 5,5,20,85,245,257
2021-02-19,Region 6,6,81,160,285,323
2021-02-19,Region 7,7,42,162,93,137
2021-02-19,Region 8,8,100,344,409,577
2021-02-19,Region 9,9,64,194,255,291
2021-02-20,Region 1,1,34,181,257,322
2021-02-20,Region 10,10,214,722,706,941
2021-02-20,Region 11,11,243,927,1274,1733
2021-02-20,Region 2,2,83,258,403,489
2021-02-20,Region 3,3,56,163,356,421
2021-02-20,Region 4,4,29,113,116,164
2021-02-20,Region 5,5,21,85,245,257
2021-02-20,Region 6,6,75,160,288,323
2021-02-20,Region 7,7,47,162,94,137
2021-02-20,Region 8,8,116,344,402,577
2021-02-20,Region 9,9,80,194,256,291
2021-02-21,Region 1,1,49,181,258,323
2021-02-21,Region 10,10,225,722,700,941
2021-02-21,Region 11,11,282,929,1304,1733
2021-02-21,Region 2,2,76,258,404,489
2021-02-21,Region 3,3,49,163,357,421
2021-02-21,Region 4,4,28,110,114,164
2021-02-21,Region 5,5,20,85,242,257
2021-02-21,Region 6,6,77,160,288,323
2021-02-21,Region 7,7,52,162,92,137
2021-02-21,Region 8,8,124,344,391,577
2021-02-21,Region 9,9,64,194,254,291
2021-02-22,Region 1,1,51,181,263,323
2021-02-22,Region 10,10,212,722,696,941
2021-02-22,Region 11,11,280,925,1336,1737
2021-02-22,Region 2,2,82,258,409,489
2021-02-22,Region 3,3,51,163,350,421
2021-02-22,Region 4,4,30,110,114,164
2021-02-22,Region 5,5,14,85,240,257
2021-02-22,Region 6,6,75,160,291,323
2021-02-22,Region 7,7,50,162,95,137
2021-02-22,Region 8,8,103,344,397,577
2021-02-22,Region 9,9,64,194,251,291
2021-02-23,Region 1,1,37,181,252,323
2021-02-23,Region 10,10,166,722,692,941
2021-02-23,Region 11,11,238,925,1270,1735
2021-02-23,Region 2,2,75,258,404,489
2021-02-23,Region 3,3,40,163,343,417
2021-02-23,Region 4,4,26,110,117,166
2021-02-23,Region 5,5,15,89,238,257
2021-02-23,Region 6,6,68,160,289,323
2021-02-23,Region 7,7,44,162,96,140
2021-02-23,Region 8,8,91,344,403,577
2021-02-23,Region 9,9,58,194,253,291
2021-02-24,Region 1,1,46,181,249,323
2021-02-24,Region 10,10,151,722,700,941
2021-02-24,Region 11,11,248,924,1282,1738
2021-02-24,Region 2,2,75,258,413,489
2021-02-24,Region 3,3,31,163,346,417
2021-02-24,Region 4,4,27,110,124,166
2021-02-24,Region 5,5,15,90,239,257
2021-02-24,Region 6,6,76,160,291,323
2021-02-24,Region 7,7,36,162,101,140
2021-02-24,Region 8,8,77,344,407,577
2021-02-24,Region 9,9,58,194,244,291
2021-02-25,Region 1,1,56,181,252,330
2021-02-25,Region 10,10,166,722,709,941
2021-02-25,Region 11,11,241,926,1268,1735
2021-02-25,Region 2,2,63,258,419,489
2021-02-25,Region 3,3,39,163,343,417
2021-02-25,Region 4,4,33,110,120,164
2021-02-25,Region 5,5,22,89,249,264
2021-02-25,Region 6,6,77,160,289,323
2021-02-25,Region 7,7,41,162,100,138
2021-02-25,Region 8,8,76,344,407,577
2021-02-25,Region 9,9,53,194,259,291
2021-02-26,Region 1,1,34,181,266,327
2021-02-26,Region 10,10,186,722,720,941
2021-02-26,Region 11,11,226,926,1280,1737
2021-02-26,Region 2,2,62,258,416,489
2021-02-26,Region 3,3,34,163,348,417
2021-02-26,Region 4,4,32,110,125,164
2021-02-26,Region 5,5,17,84,249,264
2021-02-26,Region 6,6,76,160,290,323
2021-02-26,Region 7,7,47,162,96,138
2021-02-26,Region 8,8,100,344,405,577
2021-02-26,Region 9,9,61,194,251,291
2021-02-27,Region 1,1,43,181,275,327
2021-02-27,Region 10,10,194,722,727,941
2021-02-27,Region 11,11,262,926,1255,1740
2021-02-27,Region 2,2,69,258,416,489
2021-02-27,Region 3,3,48,163,364,421
2021-02-27,Region 4,4,35,109,121,164
2021-02-27,Region 5,5,21,84,251,264
2021-02-27,Region 6,6,81,160,291,323
2021-02-27,Region 7,7,54,162,103,138
2021-02-27,Region 8,8,128,344,394,577
2021-02-27,Region 9,9,60,194,250,291
2021-02-28,Region 1,1,58,181,274,327
2021-02-28,Region 10,10,220,722,730,941
2021-02-28,Region 11,11,289,928,1264,1738
2021-02-28,Region 2,2,75,258,424,489
2021-02-28,Region 3,3,55,163,367,421
2021-02-28,Region 4,4,42,109,121,164
2021-02-28,Region 5,5,20,84,245,259
2021-02-28,Region 6,6,77,160,291,323
2021-02-28,Region 7,7,58,162,104,137
2021-02-28,Region 8,8,128,344,396,577
2021-02-28,Region 9,9,64,194,246,291
2021-03-01,Region 1,1,52,181,277,343
2021-03-01,Region 10,10,228,722,717,941
2021-03-01,Region 11,11,314,926,1298,1738
2021-03-01,Region 2,2,74,258,416,489
2021-03-01,Region 3,3,56,163,359,421
2021-03-01,Region 4,4,39,109,127,166
2021-03-01,Region 5,5,23,89,240,259
2021-03-01,Region 6,6,79,160,292,323
2021-03-01,Region 7,7,57,162,105,137
2021-03-01,Region 8,8,126,344,405,577
2021-03-01,Region 9,9,67,194,245,291
2021-03-02,Region 1,1,49,181,258,317
2021-03-02,Region 10,10,181,722,708,941
2021-03-02,Region 11,11,265,1003,1281,1737
2021-03-02,Region 2,2,72,258,424,489
2021-03-02,Region 3,3,40,163,348,421
2021-03-02,Region 4,4,27,109,129,166
2021-03-02,Region 5,5,19,88,242,259
2021-03-02,Region 6,6,66,160,291,323
2021-03-02,Region 7,7,48,162,104,137
2021-03-02,Region 8,8,89,344,400,577
2021-03-02,Region 9,9,52,194,245,291
2021-03-03,Region 1,1,52,181,274,345
2021-03-03,Region 10,10,178,722,714,941
2021-03-03,Region 11,11,294,1005,1326,1735
2021-03-03,Region 2,2,68,258,413,489
2021-03-03,Region 3,3,44,163,347,421
2021-03-03,Region 4,4,34,108,125,164
2021-03-03,Region 5,5,19,88,242,259
2021-03-03,Region 6,6,66,160,288,323
2021-03-03,Region 7,7,53,162,107,137
2021-03-03,Region 8,8,95,344,407,578
2021-03-03,Region 9,9,53,194,252,291
2021-03-04,Region 1,1,51,181,291,345
2021-03-04,Region 10,10,170,722,718,941
2021-03-04,Region 11,11,258,1005,1303,1735
2021-03-04,Region 2,2,87,258,420,489
2021-03-04,Region 3,3,28,163,360,421
2021-03-04,Region 4,4,38,109,130,164
2021-03-04,Region 5,5,20,91,250,259
2021-03-04,Region 6,6,67,160,289,323
2021-03-04,Region 7,7,66,162,105,137
2021-03-04,Region 8,8,98,344,404,577
2021-03-04,Region 9,9,67,194,254,291
2021-03-05,Region 1,1,60,181,275,345
2021-03-05,Region 10,10,163,722,699,941
2021-03-05,Region 11,11,251,1006,1279,1735
2021-03-05,Region 2,2,84,258,417,489
2021-03-05,Region 3,3,46,163,350,421
2021-03-05,Region 4,4,39,109,131,164
2021-03-05,Region 5,5,26,91,249,259
2021-03-05,Region 6,6,71,160,291,323
2021-03-05,Region 7,7,55,162,103,137
2021-03-05,Region 8,8,91,344,407,577
2021-03-05,Region 9,9,64,194,258,291
2021-03-06,Region 1,1,50,181,284,345
2021-03-06,Region 10,10,188,722,722,941
2021-03-06,Region 11,11,267,1006,1275,1676
2021-03-06,Region 2,2,77,258,421,489
2021-03-06,Region 3,3,40,163,361,421
2021-03-06,Region 4,4,38,108,124,164
2021-03-06,Region 5,5,29,91,249,259
2021-03-06,Region 6,6,68,160,294,323
2021-03-06,Region 7,7,50,162,109,137
2021-03-06,Region 8,8,100,344,398,577
2021-03-06,Region 9,9,69,194,255,291
2021-03-07,Region 1,1,57,181,281,345
2021-03-07,Region 10,10,207,722,700,941
2021-03-07,Region 11,11,273,1005,1291,1676
2021-03-07,Region 2,2,78,258,415,489
2021-03-07,Region 3,3,52,163,346,421
2021-03-07,Region 4,4,43,108,128,164
2021-03-07,Region 5,5,26,91,249,259
2021-03-07,Region 6,6,81,160,300,323
2021-03-07,Region 7,7,64,162,104,137
2021-03-07,Region 8,8,122,344,397,577
2021-03-07,Region 9,9,76,194,252,291
2021-03-08,Region 1,1,57,181,269,345
2021-03-08,Region 10,10,209,722,714,941
2021-03-08,Region 11,11,263,1003,1285,1735
2021-03-08,Region 2,2,72,258,432,510
2021-03-08,Region 3,3,53,163,349,421
2021-03-08,Region 4,4,35,108,132,164
2021-03-08,Region 5,5,20,86,239,259
2021-03-08,Region 6,6,84,160,292,323
2021-03-08,Region 7,7,61,162,100,137
2021-03-08,Region 8,8,121,344,410,577
2021-03-08,Region 9,9,75,194,250,291
2021-03-09,Region 1,1,49,181,263,345
2021-03-09,Region 10,10,178,722,703,941
2021-03-09,Region 11,11,233,1003,1276,1735
2021-03-09,Region 2,2,83,258,431,510
2021-03-09,Region 3,3,49,163,344,421
2021-03-09,Region 4,4,38,108,130,166
2021-03-09,Region 5,5,25,91,239,259
2021-03-09,Region 6,6,78,160,292,323
2021-03-09,Region 7,7,58,162,96,137
2021-03-09,Region 8,8,113,344,417,576
2021-03-09,Region 9,9,62,194,253,291
2021-03-10,Region 1,1,53,181,262,345
2021-03-10,Region 10,10,182,722,706,941
2021-03-10,Region 11,11,233,1003,1273,1735
2021-03-10,Region 2,2,73,258,428,510
2021-03-10,Region 3,3,45,163,341,421
2021-03-10,Region 4,4,38,108,133,164
2021-03-10,Region 5,5,26,93,239,259
2021-03-10,Region 6,6,80,160,292,323
2021-03-10,Region 7,7,62,162,98,137
2021-03-10,Region 8,8,97,344,411,575
2021-03-10,Region 9,9,64,194,251,291
2021-03-11,Region 1,1,53,181,265,345
2021-03-11,Region 10,10,164,722,716,941
2021-03-11,Region 11,11,220,1009,1279,1737
2021-03-11,Region 2,2,74,258,427,510
2021-03-11,Region 3,3,50,163,341,421
2021-03-11,Region 4,4,25,108,134,164
2021-03-11,Region 5,5,18,87,240,259
2021-03-11,Region 6,6,70,160,290,323
2021-03-11,Region 7,7,54,162,101,140
2021-03-11,Region 8,8,94,344,406,575
2021-03-11,Region 9,9,73,194,254,291
2021-03-12,Region 1,1,50,181,273,345
2021-03-12,Region 10,10,166,722,674,941
2021-03-12,Region 11,11,219,999,1303,1737
2021-03-12,Region 2,2,74,258,418,510
2021-03-12,Region 3,3,48,163,355,421
2021-03-12,Region 4,4,40,106,137,164
2021-03-12,Region 5,5,24,91,242,259
2021-03-12,Region 6,6,71,160,290,323
2021-03-12,Region 7,7,50,162,101,140
2021-03-12,Region 8,8,118,344,347,575
2021-03-12,Region 9,9,62,194,248,291
2021-03-13,Region 1,1,47,181,271,345
2021-03-13,Region 10,10,172,722,674,941
2021-03-13,Region 11,11,240,1005,1267,1728
2021-03-13,Region 2,2,75,258,415,510
2021-03-13,Region 3,3,41,163,376,421
2021-03-13,Region 4,4,36,107,128,164
2021-03-13,Region 5,5,26,91,243,259
2021-03-13,Region 6,6,73,160,287,323
2021-03-13,Region 7,7,54,162,106,140
2021-03-13,Region 8,8,115,344,407,575
2021-03-13,Region 9,9,62,194,248,291
2021-03-14,Region 1,1,48,181,260,345
2021-03-14,Region 10,10,179,722,668,941
2021-03-14,Region 11,11,288,998,1262,1729
2021-03-14,Region 2,2,67,258,420,510
2021-03-14,Region 3,3,59,163,375,421
2021-03-14,Region 4,4,44,107,127,164
2021-03-14,Region 5,5,29,91,250,259
2021-03-14,Region 6,6,80,160,287,323
2021-03-14,Region 7,7,58,162,109,140
2021-03-14,Region 8,8,119,344,396,575
2021-03-14,Region 9,9,65,194,253,291
2021-03-15,Region 1,1,39,181,269,345
2021-03-15,Region 10,10,207,722,684,941
2021-03-15,Region 11,11,276,996,1268,1728
2021-03-15,Region 2,2,73,258,434,510
2021-03-15,Region 3,3,69,163,361,421
2021-03-15,Region 4,4,47,107,128,164
2021-03-15,Region 5,5,25,89,243,259
2021-03-15,Region 6,6,78,160,287,323
2021-03-15,Region 7,7,57,162,97,140
2021-03-15,Region 8,8,124,344,400,575
2021-03-15,Region 9,9,78,194,254,291
2021-03-16,Region 1,1,42,181,257,345
2021-03-16,Region 10,10,167,722,697,941
2021-03-16,Region 11,11,244,996,1288,1727
2021-03-16,Region 2,2,73,258,412,510
2021-03-16,Region 3,3,46,163,357,421
2021-03-16,Region 4,4,37,107,131,166
2021-03-16,Region 5,5,23,91,244,259
2021-03-16,Region 6,6,69,160,285,323
2021-03-16,Region 7,7,54,162,98,140
2021-03-16,Region 8,8,102,344,398,575
2021-03-16,Region 9,9,73,194,256,291
2021-03-17,Region 1,1,47,181,253,345
2021-03-17,Region 10,10,163,722,709,941
2021-03-17,Region 11,11,252,996,1277,1728
2021-03-17,Region 2,2,73,258,422,510
2021-03-17,Region 3,3,26,163,350,421
2021-03-17,Region 4,4,33,107,131,164
2021-03-17,Region 5,5,34,89,244,259
2021-03-17,Region 6,6,71,160,287,323
2021-03-17,Region 7,7,33,162,95,140
2021-03-17,Region 8,8,96,344,401,575
2021-03-17,Region 9,9,66,194,247,291
2021-03-18,Region 1,1,53,181,250,345
2021-03-18,Region 10,10,167,722,703,941
2021-03-18,Region 11,11,260,996,1286,1732
2021-03-18,Region 2,2,66,258,422,510
2021-03-18,Region 3,3,32,163,358,421
2021-03-18,Region 4,4,33,107,129,166
2021-03-18,Region 5,5,32,89,250,259
2021-03-18,Region 6,6,64,160,288,323
2021-03-18,Region 7,7,43,162,90,140
2021-03-18,Region 8,8,89,344,397,575
2021-03-18,Region 9,9,61,194,228,291
2021-03-19,Region 1,1,52,181,262,345
2021-03-19,Region 10,10,151,722,697,941
2021-03-19,Region 11,11,252,999,1276,1729
2021-03-19,Region 2,2,69,258,423,510
2021-03-19,Region 3,3,34,163,365,421
2021-03-19,Region 4,4,37,107,134,166
2021-03-19,Region 5,5,18,89,247,259
2021-03-19,Region 6,6,59,160,286,323
2021-03-19,Region 7,7,44,162,86,138
2021-03-19,Region 8,8,91,344,404,575
2021-03-19,Region 9,9,69,194,256,291
2021-03-20,Region 1,1,50,181,268,345
2021-03-20,Region 10,10,186,724,704,941
2021-03-20,Region 11,11,249,1001,1278,1726
2021-03-20,Region 2,2,72,258,422,510
2021-03-20,Region 3,3,40,163,369,421
2021-03-20,Region 4,4,41,106,125,164
2021-03-20,Region 5,5,20,89,249,259
2021-03-20,Region 6,6,62,160,289,323
2021-03-20,Region 7,7,54,162,91,138
2021-03-20,Region 8,8,99,344,399,575
2021-03-20,Region 9,9,70,194,258,291
2021-03-21,Region 1,1,42,181,266,345
2021-03-21,Region 10,10,204,724,724,941
2021-03-21,Region 11,11,287,1001,1299,1732
2021-03-21,Region 2,2,77,258,432,510
2021-03-21,Region 3,3,53,163,373,421
2021-03-21,Region 4,4,41,106,124,164
2021-03-21,Region 5,5,25,89,251,259
2021-03-21,Region 6,6,62,160,288,323
2021-03-21,Region 7,7,55,162,95,138
2021-03-21,Region 8,8,123,344,402,575
2021-03-21,Region 9,9,77,194,257,291
