date,group,positive_cases,total_tested
2021-01-27,Asian,88,4290
2021-01-27,Black or African American,386,7313
2021-01-27,Other,160,2481
2021-01-27,Unknown,1573,39985
2021-01-27,White,1782,34473
2021-01-27,Hispanic or Latino,526,5888
2021-01-27,Not Hispanic or Not Latino,3995,88736
2021-01-26,Asian,118,4778
2021-01-26,Black or African American,310,7440
2021-01-26,Other,138,2156
2021-01-26,Unknown,1089,20624
2021-01-26,White,1877,34280
2021-01-26,Hispanic or Latino,560,6149
2021-01-26,Not Hispanic or Not Latino,3541,69511
2021-01-25,Asian,88,3594
2021-01-25,Black or African American,251,4688
2021-01-25,Other,112,1500
2021-01-25,Unknown,1358,21382
2021-01-25,White,1618,26689
2021-01-25,Hispanic or Latino,520,4644
2021-01-25,Not Hispanic or Not Latino,3435,57972
2021-01-24,Asian,132,3579
2021-01-24,Black or African American,325,4786
2021-01-24,Other,240,2403
2021-01-24,Unknown,1481,34833
2021-01-24,White,1458,22473
2021-01-24,Hispanic or Latino,576,4600
2021-01-24,Not Hispanic or Not Latino,3642,68176
2021-01-23,Asian,149,5567
2021-01-23,Black or African American,386,5930
2021-01-23,Other,174,2240
2021-01-23,Unknown,1307,37508
2021-01-23,White,1855,29536
2021-01-23,Hispanic or Latino,767,6799
2021-01-23,Not Hispanic or Not Latino,3878,80987
2021-01-22,Asian,143,4743
2021-01-22,Black or African American,445,7871
2021-01-22,Other,213,2641
2021-01-22,Unknown,2071,45346
2021-01-22,White,2294,35574
2021-01-22,Hispanic or Latino,989,7605
2021-01-22,Not Hispanic or Not Latino,5177,96399
2021-01-21,Asian,124,5221
2021-01-21,Black or African American,439,8676
2021-01-21,Other,238,3248
2021-01-21,Unknown,2165,52233
2021-01-21,White,2535,41770
2021-01-21,Hispanic or Latino,633,6640
2021-01-21,Not Hispanic or Not Latino,5522,111411
2021-01-20,Asian,115,3427
2021-01-20,Black or African American,401,6809
2021-01-20,Other,152,1821
2021-01-20,Unknown,1543,39750
2021-01-20,White,2006,29028
2021-01-20,Hispanic or Latino,599,5064
2021-01-20,Not Hispanic or Not Latino,4224,81033
2021-01-19,Asian,119,3562
2021-01-19,Black or African American,423,6473
2021-01-19,Other,208,2146
2021-01-19,Unknown,1552,30203
2021-01-19,White,2187,32648
2021-01-19,Hispanic or Latino,929,6309
2021-01-19,Not Hispanic or Not Latino,4498,75214
2021-01-18,Asian,101,2910
2021-01-18,Black or African American,274,4552
2021-01-18,Other,138,1613
2021-01-18,Unknown,1882,27891
2021-01-18,White,1833,25233
2021-01-18,Hispanic or Latino,579,4524
2021-01-18,Not Hispanic or Not Latino,4236,62328
2021-01-17,Asian,91,2156
2021-01-17,Black or African American,338,4513
2021-01-17,Other,222,2073
2021-01-17,Unknown,1539,29760
2021-01-17,White,1558,18536
2021-01-17,Hispanic or Latino,669,3895
2021-01-17,Not Hispanic or Not Latino,3762,57138
2021-01-16,Asian,130,3845
2021-01-16,Black or African American,463,6811
2021-01-16,Other,195,2371
2021-01-16,Unknown,1843,49608
2021-01-16,White,1973,25904
2021-01-16,Hispanic or Latino,689,5333
2021-01-16,Not Hispanic or Not Latino,4615,88718
2021-01-15,Asian,166,2865
2021-01-15,Black or African American,477,6597
2021-01-15,Other,246,2187
2021-01-15,Unknown,2440,40545
2021-01-15,White,2348,28829
2021-01-15,Hispanic or Latino,954,6581
2021-01-15,Not Hispanic or Not Latino,5680,81208
2021-01-14,Asian,133,3284
2021-01-14,Black or African American,496,7198
2021-01-14,Other,287,2795
2021-01-14,Unknown,2924,49348
2021-01-14,White,2478,33907
2021-01-14,Hispanic or Latino,828,6084
2021-01-14,Not Hispanic or Not Latino,6327,96725
2021-01-13,Asian,162,3585
2021-01-13,Black or African American,589,9211
2021-01-13,Other,355,3154
2021-01-13,Unknown,2688,50517
2021-01-13,White,3183,39734
2021-01-13,Hispanic or Latino,1073,7102
2021-01-13,Not Hispanic or Not Latino,6991,106476
2021-01-12,Asian,111,2465
2021-01-12,Black or African American,429,5581
2021-01-12,Other,163,1552
2021-01-12,Unknown,1486,27090
2021-01-12,White,2035,27033
2021-01-12,Hispanic or Latino,672,4707
2021-01-12,Not Hispanic or Not Latino,4234,63906
2021-01-11,Asian,181,2967
2021-01-11,Black or African American,423,5457
2021-01-11,Other,253,2075
2021-01-11,Unknown,2416,33892
2021-01-11,White,2340,29613
2021-01-11,Hispanic or Latino,1108,7026
2021-01-11,Not Hispanic or Not Latino,5618,74162
2021-01-10,Asian,105,1888
2021-01-10,Black or African American,375,4030
2021-01-10,Other,228,2029
2021-01-10,Unknown,2298,32519
2021-01-10,White,1971,20477
2021-01-10,Hispanic or Latino,566,3181
2021-01-10,Not Hispanic or Not Latino,4987,61038
2021-01-09,Asian,111,2462
2021-01-09,Black or African American,508,5579
2021-01-09,Other,270,2285
2021-01-09,Unknown,2327,37027
2021-01-09,White,2181,22873
2021-01-09,Hispanic or Latino,823,4866
2021-01-09,Not Hispanic or Not Latino,5410,70357
2021-01-08,Asian,151,2526
2021-01-08,Black or African American,591,6311
2021-01-08,Other,353,2860
2021-01-08,Unknown,3378,48749
2021-01-08,White,3136,31004
2021-01-08,Hispanic or Latino,940,5503
2021-01-08,Not Hispanic or Not Latino,7619,91617
2021-01-07,Asian,185,3411
2021-01-07,Black or African American,583,7770
2021-01-07,Other,402,3421
2021-01-07,Unknown,3867,50128
2021-01-07,White,3186,34046
2021-01-07,Hispanic or Latino,1246,7107
2021-01-07,Not Hispanic or Not Latino,8232,98916
2021-01-06,Asian,177,2983
2021-01-06,Black or African American,584,7338
2021-01-06,Other,368,2939
2021-01-06,Unknown,3411,48554
2021-01-06,White,3622,33627
2021-01-06,Hispanic or Latino,965,5439
2021-01-06,Not Hispanic or Not Latino,8172,95602
2021-01-05,Asian,185,2607
2021-01-05,Black or African American,464,6138
2021-01-05,Other,262,2173
2021-01-05,Unknown,2164,28332
2021-01-05,White,3317,31827
2021-01-05,Hispanic or Latino,1093,5679
2021-01-05,Not Hispanic or Not Latino,6402,71244
2021-01-04,Asian,142,2621
2021-01-04,Black or African American,399,5422
2021-01-04,Other,275,2022
2021-01-04,Unknown,2820,28320
2021-01-04,White,3028,29941
2021-01-04,Hispanic or Latino,1240,6012
2021-01-04,Not Hispanic or Not Latino,6674,68437
2021-01-03,Asian,121,1775
2021-01-03,Black or African American,368,3711
2021-01-03,Other,216,1807
2021-01-03,Unknown,1573,18300
2021-01-03,White,2047,17793
2021-01-03,Hispanic or Latino,769,4012
2021-01-03,Not Hispanic or Not Latino,4334,43479
2021-01-02,Asian,81,830
2021-01-02,Black or African American,259,2787
2021-01-02,Other,150,894
2021-01-02,Unknown,1857,24403
2021-01-02,White,1700,12887
2021-01-02,Hispanic or Latino,393,1835
2021-01-02,Not Hispanic or Not Latino,4051,41844
2021-01-01,Asian,117,1106
2021-01-01,Black or African American,331,3120
2021-01-01,Other,310,2024
2021-01-01,Unknown,2790,35007
2021-01-01,White,2123,16470
2021-01-01,Hispanic or Latino,593,2837
2021-01-01,Not Hispanic or Not Latino,5682,57817
2020-12-31,Asian,158,2173
2020-12-31,Black or African American,527,6833
2020-12-31,Other,348,2263
2020-12-31,Unknown,3806,47921
2020-12-31,White,3170,28227
2020-12-31,Hispanic or Latino,1223,6399
2020-12-31,Not Hispanic or Not Latino,8017,87550
2020-12-30,Asian,168,2077
2020-12-30,Black or African American,534,5915
2020-12-30,Other,304,2080
2020-12-30,Unknown,3606,44014
2020-12-30,White,3370,29139
2020-12-30,Hispanic or Latino,907,4844
2020-12-30,Not Hispanic or Not Latino,7992,83352
2020-12-29,Asian,116,2048
2020-12-29,Black or African American,451,5578
2020-12-29,Other,259,1970
2020-12-29,Unknown,1880,26956
2020-12-29,White,3095,28575
2020-12-29,Hispanic or Latino,972,5088
2020-12-29,Not Hispanic or Not Latino,5813,65270
2020-12-28,Asian,98,1889
2020-12-28,Black or African American,336,4057
2020-12-28,Other,204,1504
2020-12-28,Unknown,2463,28109
2020-12-28,White,2470,24394
2020-12-28,Hispanic or Latino,740,3997
2020-12-28,Not Hispanic or Not Latino,5573,60041
2020-12-27,Asian,114,1508
2020-12-27,Black or African American,341,3775
2020-12-27,Other,204,1624
2020-12-27,Unknown,1538,22308
2020-12-27,White,1862,17074
2020-12-27,Hispanic or Latino,596,3055
2020-12-27,Not Hispanic or Not Latino,4067,46372
2020-12-26,Asian,103,1353
2020-12-26,Black or African American,251,3123
2020-12-26,Other,179,1247
2020-12-26,Unknown,1829,21061
2020-12-26,White,1315,13505
2020-12-26,Hispanic or Latino,635,3322
2020-12-26,Not Hispanic or Not Latino,3683,40363
2020-12-25,Asian,97,1052
2020-12-25,Black or African American,296,2869
2020-12-25,Other,198,1555
2020-12-25,Unknown,2352,33978
2020-12-25,White,1512,13596
2020-12-25,Hispanic or Latino,496,2363
2020-12-25,Not Hispanic or Not Latino,4461,53102
2020-12-24,Asian,164,2843
2020-12-24,Black or African American,492,6718
2020-12-24,Other,319,2775
2020-12-24,Unknown,2730,45296
2020-12-24,White,2729,30418
2020-12-24,Hispanic or Latino,917,5243
2020-12-24,Not Hispanic or Not Latino,6443,88211
2020-12-23,Asian,178,2345
2020-12-23,Black or African American,449,5632
2020-12-23,Other,285,2764
2020-12-23,Unknown,3322,43933
2020-12-23,White,2982,31927
2020-12-23,Hispanic or Latino,1009,5379
2020-12-23,Not Hispanic or Not Latino,7227,86755
2020-12-22,Asian,161,2737
2020-12-22,Black or African American,489,6393
2020-12-22,Other,265,2380
2020-12-22,Unknown,2271,28739
2020-12-22,White,2879,32368
2020-12-22,Hispanic or Latino,1037,5875
2020-12-22,Not Hispanic or Not Latino,6072,72783
2020-12-21,Asian,146,2456
2020-12-21,Black or African American,406,4837
2020-12-21,Other,259,1967
2020-12-21,Unknown,2660,36367
2020-12-21,White,2433,27264
2020-12-21,Hispanic or Latino,963,5394
2020-12-21,Not Hispanic or Not Latino,5911,73001
2020-12-20,Asian,107,1795
2020-12-20,Black or African American,439,4236
2020-12-20,Other,264,2554
2020-12-20,Unknown,2945,49461
2020-12-20,White,2024,21124
2020-12-20,Hispanic or Latino,759,4045
2020-12-20,Not Hispanic or Not Latino,5788,79251
2020-12-19,Asian,153,2536
2020-12-19,Black or African American,398,4947
2020-12-19,Other,243,1947
2020-12-19,Unknown,3091,37094
2020-12-19,White,2178,23876
2020-12-19,Hispanic or Latino,982,5092
2020-12-19,Not Hispanic or Not Latino,6071,70533
2020-12-18,Asian,159,2919
2020-12-18,Black or African American,553,6310
2020-12-18,Other,319,2692
2020-12-18,Unknown,3461,38962
2020-12-18,White,2968,30863
2020-12-18,Hispanic or Latino,1195,6428
2020-12-18,Not Hispanic or Not Latino,7479,81923
2020-12-17,Asian,201,3526
2020-12-17,Black or African American,636,7855
2020-12-17,Other,500,3329
2020-12-17,Unknown,3592,41199
2020-12-17,White,3388,36374
2020-12-17,Hispanic or Latino,1095,6201
2020-12-17,Not Hispanic or Not Latino,8334,92501
2020-12-16,Asian,133,2858
2020-12-16,Black or African American,626,7062
2020-12-16,Other,258,2270
2020-12-16,Unknown,3807,41718
2020-12-16,White,3044,30265
2020-12-16,Hispanic or Latino,984,5219
2020-12-16,Not Hispanic or Not Latino,7897,84346
2020-12-15,Asian,177,3364
2020-12-15,Black or African American,493,6361
2020-12-15,Other,276,2016
2020-12-15,Unknown,2709,39106
2020-12-15,White,2986,32774
2020-12-15,Hispanic or Latino,1182,6749
2020-12-15,Not Hispanic or Not Latino,6655,83775
2020-12-14,Asian,164,2130
2020-12-14,Black or African American,480,4815
2020-12-14,Other,252,2061
2020-12-14,Unknown,4656,41991
2020-12-14,White,2798,26403
2020-12-14,Hispanic or Latino,1266,6125
2020-12-14,Not Hispanic or Not Latino,8358,77496
2020-12-13,Asian,244,2635
2020-12-13,Black or African American,663,6952
2020-12-13,Other,416,2734
2020-12-13,Unknown,3591,42219
2020-12-13,White,2957,30281
2020-12-13,Hispanic or Latino,1441,6460
2020-12-13,Not Hispanic or Not Latino,7884,84976
2020-12-12,Asian,106,2163
2020-12-12,Black or African American,431,4339
2020-12-12,Other,157,1167
2020-12-12,Unknown,3008,31543
2020-12-12,White,1875,18241
2020-12-12,Hispanic or Latino,859,4360
2020-12-12,Not Hispanic or Not Latino,5586,57538
2020-12-11,Asian,224,3663
2020-12-11,Black or African American,662,7411
2020-12-11,Other,418,2712
2020-12-11,Unknown,5496,67650
2020-12-11,White,3527,34449
2020-12-11,Hispanic or Latino,1437,7129
2020-12-11,Not Hispanic or Not Latino,10356,116077
2020-12-10,Asian,197,3204
2020-12-10,Black or African American,721,7903
2020-12-10,Other,474,3131
2020-12-10,Unknown,4465,43100
2020-12-10,White,3635,35365
2020-12-10,Hispanic or Latino,1491,7442
2020-12-10,Not Hispanic or Not Latino,9516,92873
2020-12-09,Asian,203,3197
2020-12-09,Black or African American,781,8287
2020-12-09,Other,366,2318
2020-12-09,Unknown,4903,49141
2020-12-09,White,4437,40704
2020-12-09,Hispanic or Latino,1450,7423
2020-12-09,Not Hispanic or Not Latino,10705,103825
2020-12-08,Asian,197,3879
2020-12-08,Black or African American,614,7723
2020-12-08,Other,287,2118
2020-12-08,Unknown,2986,28230
2020-12-08,White,3277,36463
2020-12-08,Hispanic or Latino,1119,6738
2020-12-08,Not Hispanic or Not Latino,7381,78636
2020-12-07,Asian,139,2227
2020-12-07,Black or African American,543,5109
2020-12-07,Other,304,1867
2020-12-07,Unknown,5061,43464
2020-12-07,White,2816,25156
2020-12-07,Hispanic or Latino,1011,5289
2020-12-07,Not Hispanic or Not Latino,8870,77914
2020-12-06,Asian,178,2411
2020-12-06,Black or African American,688,5772
2020-12-06,Other,458,2346
2020-12-06,Unknown,3933,35487
2020-12-06,White,2879,23707
2020-12-06,Hispanic or Latino,1639,6679
2020-12-06,Not Hispanic or Not Latino,8145,69824
2020-12-05,Asian,194,2961
2020-12-05,Black or African American,632,5877
2020-12-05,Other,407,2363
2020-12-05,Unknown,4042,35718
2020-12-05,White,2689,23964
2020-12-05,Hispanic or Latino,1372,6095
2020-12-05,Not Hispanic or Not Latino,7977,71032
2020-12-04,Asian,210,3539
2020-12-04,Black or African American,681,6985
2020-12-04,Other,431,2608
2020-12-04,Unknown,5455,48254
2020-12-04,White,3630,32256
2020-12-04,Hispanic or Latino,1105,5469
2020-12-04,Not Hispanic or Not Latino,10430,93831
2020-12-03,Asian,194,3208
2020-12-03,Black or African American,751,7322
2020-12-03,Other,419,2618
2020-12-03,Unknown,7034,56722
2020-12-03,White,3447,30184
2020-12-03,Hispanic or Latino,1708,7258
2020-12-03,Not Hispanic or Not Latino,11864,100235
2020-12-02,Asian,209,3007
2020-12-02,Black or African American,716,6916
2020-12-02,Other,391,2676
2020-12-02,Unknown,4540,44277
2020-12-02,White,3899,31693
2020-12-02,Hispanic or Latino,1287,5614
2020-12-02,Not Hispanic or Not Latino,9774,88721
2020-12-01,Asian,234,3988
2020-12-01,Black or African American,667,6486
2020-12-01,Other,453,2432
2020-12-01,Unknown,4198,30384
2020-12-01,White,3542,31360
2020-12-01,Hispanic or Latino,1413,6245
2020-12-01,Not Hispanic or Not Latino,9104,74780
2020-11-30,Asian,304,3346
2020-11-30,Black or African American,487,5025
2020-11-30,Other,554,3854
2020-11-30,Unknown,6129,59256
2020-11-30,White,4511,34504
2020-11-30,Hispanic or Latino,1149,5636
2020-11-30,Not Hispanic or Not Latino,12006,106133
2020-11-29,Asian,197,2095
2020-11-29,Black or African American,488,4552
2020-11-29,Other,347,2098
2020-11-29,Unknown,3641,33315
2020-11-29,White,2329,18218
2020-11-29,Hispanic or Latino,1104,4301
2020-11-29,Not Hispanic or Not Latino,7017,60358
2020-11-28,Asian,125,1765
2020-11-28,Black or African American,503,4311
2020-11-28,Other,292,1765
2020-11-28,Unknown,3903,32841
2020-11-28,White,2332,17313
2020-11-28,Hispanic or Latino,775,3187
2020-11-28,Not Hispanic or Not Latino,7163,58051
2020-11-27,Asian,110,1361
2020-11-27,Black or African American,523,4467
2020-11-27,Other,283,1320
2020-11-27,Unknown,5520,44234
2020-11-27,White,2320,18710
2020-11-27,Hispanic or Latino,1045,4488
2020-11-27,Not Hispanic or Not Latino,8768,70179
2020-11-26,Asian,157,1602
2020-11-26,Black or African American,709,4677
2020-11-26,Other,365,2113
2020-11-26,Unknown,5389,42545
2020-11-26,White,2585,18751
2020-11-26,Hispanic or Latino,1275,4949
2020-11-26,Not Hispanic or Not Latino,9226,69766
2020-11-25,Asian,211,3463
2020-11-25,Black or African American,759,7487
2020-11-25,Other,508,3294
2020-11-25,Unknown,5756,48382
2020-11-25,White,3884,37065
2020-11-25,Hispanic or Latino,1241,5843
2020-11-25,Not Hispanic or Not Latino,11136,99836
2020-11-24,Asian,256,4262
2020-11-24,Black or African American,710,7978
2020-11-24,Other,457,3272
2020-11-24,Unknown,5145,44683
2020-11-24,White,4124,40793
2020-11-24,Hispanic or Latino,1970,9310
2020-11-24,Not Hispanic or Not Latino,10706,101195
2020-11-23,Asian,175,2978
2020-11-23,Black or African American,611,5920
2020-11-23,Other,411,2452
2020-11-23,Unknown,5135,48598
2020-11-23,White,3105,27733
2020-11-23,Hispanic or Latino,1165,5089
2020-11-23,Not Hispanic or Not Latino,9460,87809
2020-11-22,Asian,155,2264
2020-11-22,Black or African American,548,5445
2020-11-22,Other,373,2382
2020-11-22,Unknown,5634,50586
2020-11-22,White,2830,23262
2020-11-22,Hispanic or Latino,1253,5208
2020-11-22,Not Hispanic or Not Latino,9548,84031
2020-11-21,Asian,187,4315
2020-11-21,Black or African American,730,6633
2020-11-21,Other,419,2612
2020-11-21,Unknown,5180,37331
2020-11-21,White,3219,29320
2020-11-21,Hispanic or Latino,1576,7321
2020-11-21,Not Hispanic or Not Latino,9744,80372
2020-11-20,Asian,293,4893
2020-11-20,Black or African American,882,8226
2020-11-20,Other,580,3499
2020-11-20,Unknown,6636,46957
2020-11-20,White,4501,39995
2020-11-20,Hispanic or Latino,1910,9180
2020-11-20,Not Hispanic or Not Latino,12920,103866
2020-11-19,Asian,223,5013
2020-11-19,Black or African American,881,7870
2020-11-19,Other,443,2819
2020-11-19,Unknown,6214,48638
2020-11-19,White,4182,39499
2020-11-19,Hispanic or Latino,1721,8489
2020-11-19,Not Hispanic or Not Latino,11961,104050
2020-11-18,Asian,290,4639
2020-11-18,Black or African American,733,7181
2020-11-18,Other,507,3001
2020-11-18,Unknown,6264,44266
2020-11-18,White,4710,38755
2020-11-18,Hispanic or Latino,1777,7845
2020-11-18,Not Hispanic or Not Latino,12526,98024
2020-11-17,Asian,259,5544
2020-11-17,Black or African American,667,6264
2020-11-17,Other,445,2984
2020-11-17,Unknown,5455,38800
2020-11-17,White,4139,38201
2020-11-17,Hispanic or Latino,1439,7573
2020-11-17,Not Hispanic or Not Latino,10980,92001
2020-11-16,Asian,201,3503
2020-11-16,Black or African American,711,6145
2020-11-16,Other,525,3003
2020-11-16,Unknown,5575,40600
2020-11-16,White,3664,29658
2020-11-16,Hispanic or Latino,1597,7493
2020-11-16,Not Hispanic or Not Latino,10698,83040
2020-11-15,Asian,199,3162
2020-11-15,Black or African American,766,5704
2020-11-15,Other,404,2142
2020-11-15,Unknown,6559,46992
2020-11-15,White,3362,24924
2020-11-15,Hispanic or Latino,1386,5617
2020-11-15,Not Hispanic or Not Latino,11304,83003
2020-11-14,Asian,238,4045
2020-11-14,Black or African American,816,5851
2020-11-14,Other,606,3072
2020-11-14,Unknown,4588,32851
2020-11-14,White,4044,30511
2020-11-14,Hispanic or Latino,2147,8215
2020-11-14,Not Hispanic or Not Latino,10309,76489
2020-11-13,Asian,265,4753
2020-11-13,Black or African American,981,7691
2020-11-13,Other,532,2961
2020-11-13,Unknown,6440,47939
2020-11-13,White,5364,37744
2020-11-13,Hispanic or Latino,2651,10004
2020-11-13,Not Hispanic or Not Latino,13605,101302
2020-11-12,Asian,288,4798
2020-11-12,Black or African American,914,7329
2020-11-12,Other,674,3610
2020-11-12,Unknown,6332,37142
2020-11-12,White,5550,37358
2020-11-12,Hispanic or Latino,2467,9447
2020-11-12,Not Hispanic or Not Latino,13775,90416
2020-11-11,Asian,201,4682
2020-11-11,Black or African American,833,6510
2020-11-11,Other,389,2450
2020-11-11,Unknown,5614,40154
2020-11-11,White,4746,34060
2020-11-11,Hispanic or Latino,1569,6948
2020-11-11,Not Hispanic or Not Latino,11803,88046
2020-11-10,Asian,273,4664
2020-11-10,Black or African American,869,6786
2020-11-10,Other,585,2966
2020-11-10,Unknown,3852,27332
2020-11-10,White,5201,37699
2020-11-10,Hispanic or Latino,2288,9340
2020-11-10,Not Hispanic or Not Latino,10792,79601
2020-11-09,Asian,215,2677
2020-11-09,Black or African American,758,5295
2020-11-09,Other,627,3299
2020-11-09,Unknown,6063,45437
2020-11-09,White,4601,29933
2020-11-09,Hispanic or Latino,1859,7409
2020-11-09,Not Hispanic or Not Latino,12297,86776
2020-11-08,Asian,112,2202
2020-11-08,Black or African American,488,4098
2020-11-08,Other,339,1616
2020-11-08,Unknown,4264,29815
2020-11-08,White,2677,19684
2020-11-08,Hispanic or Latino,1405,5539
2020-11-08,Not Hispanic or Not Latino,7895,57498
2020-11-07,Asian,230,4760
2020-11-07,Black or African American,849,6172
2020-11-07,Other,517,2703
2020-11-07,Unknown,4634,34565
2020-11-07,White,4657,31048
2020-11-07,Hispanic or Latino,2159,8591
2020-11-07,Not Hispanic or Not Latino,10914,79466
2020-11-06,Asian,222,4153
2020-11-06,Black or African American,702,6392
2020-11-06,Other,408,2635
2020-11-06,Unknown,4584,38231
2020-11-06,White,4566,33136
2020-11-06,Hispanic or Latino,2038,8975
2020-11-06,Not Hispanic or Not Latino,10506,84720
2020-11-05,Asian,166,4577
2020-11-05,Black or African American,654,6264
2020-11-05,Other,420,2582
2020-11-05,Unknown,4339,37600
2020-11-05,White,4052,33403
2020-11-05,Hispanic or Latino,1680,7613
2020-11-05,Not Hispanic or Not Latino,9653,84620
2020-11-04,Asian,190,3383
2020-11-04,Black or African American,545,5688
2020-11-04,Other,369,2444
2020-11-04,Unknown,3652,30574
2020-11-04,White,3510,30773
2020-11-04,Hispanic or Latino,1422,6593
2020-11-04,Not Hispanic or Not Latino,8282,73089
2020-11-03,Asian,133,4321
2020-11-03,Black or African American,405,4384
2020-11-03,Other,233,1850
2020-11-03,Unknown,2338,23464
2020-11-03,White,2831,27083
2020-11-03,Hispanic or Latino,1199,6516
2020-11-03,Not Hispanic or Not Latino,5945,61195
2020-11-02,Asian,137,2644
2020-11-02,Black or African American,470,4613
2020-11-02,Other,347,2185
2020-11-02,Unknown,3020,31844
2020-11-02,White,2663,23630
2020-11-02,Hispanic or Latino,1408,6724
2020-11-02,Not Hispanic or Not Latino,6646,65003
2020-11-01,Asian,120,3560
2020-11-01,Black or African American,421,4435
2020-11-01,Other,357,2312
2020-11-01,Unknown,3166,29486
2020-11-01,White,2180,20538
2020-11-01,Hispanic or Latino,1114,5586
2020-11-01,Not Hispanic or Not Latino,6267,60426
2020-10-31,Asian,163,3051
2020-10-31,Black or African American,445,5044
2020-10-31,Other,417,2979
2020-10-31,Unknown,3539,34203
2020-10-31,White,2613,24352
2020-10-31,Hispanic or Latino,1466,6520
2020-10-31,Not Hispanic or Not Latino,7195,69814
2020-10-30,Asian,163,4314
2020-10-30,Black or African American,605,6241
2020-10-30,Other,342,2383
2020-10-30,Unknown,3066,33652
2020-10-30,White,3046,30191
2020-10-30,Hispanic or Latino,1976,9583
2020-10-30,Not Hispanic or Not Latino,7229,76947
2020-10-29,Asian,121,3628
2020-10-29,Black or African American,549,6312
2020-10-29,Other,282,2254
2020-10-29,Unknown,3001,36901
2020-10-29,White,2513,28583
2020-10-29,Hispanic or Latino,1238,6879
2020-10-29,Not Hispanic or Not Latino,6470,77818
2020-10-28,Asian,110,3767
2020-10-28,Black or African American,527,5940
2020-10-28,Other,275,2240
2020-10-28,Unknown,2271,26882
2020-10-28,White,2887,30095
2020-10-28,Hispanic or Latino,1049,5818
2020-10-28,Not Hispanic or Not Latino,6082,69081
2020-10-27,Asian,97,4183
2020-10-27,Black or African American,438,5310
2020-10-27,Other,190,1662
2020-10-27,Unknown,1833,21493
2020-10-27,White,2177,27257
2020-10-27,Hispanic or Latino,945,5978
2020-10-27,Not Hispanic or Not Latino,4742,60033
2020-10-26,Asian,83,1949
2020-10-26,Black or African American,318,3379
2020-10-26,Other,221,1567
2020-10-26,Unknown,2196,25371
2020-10-26,White,1421,16967
2020-10-26,Hispanic or Latino,646,3880
2020-10-26,Not Hispanic or Not Latino,4246,49303
2020-10-25,Asian,87,2201
2020-10-25,Black or African American,352,3704
2020-10-25,Other,215,1577
2020-10-25,Unknown,1984,26552
2020-10-25,White,1441,16547
2020-10-25,Hispanic or Latino,951,4861
2020-10-25,Not Hispanic or Not Latino,4084,50641
2020-10-24,Asian,95,3629
2020-10-24,Black or African American,465,5288
2020-10-24,Other,261,2105
2020-10-24,Unknown,2111,28067
2020-10-24,White,2057,24231
2020-10-24,Hispanic or Latino,820,5424
2020-10-24,Not Hispanic or Not Latino,4994,63457
2020-10-23,Asian,85,3650
2020-10-23,Black or African American,365,5936
2020-10-23,Other,183,1919
2020-10-23,Unknown,1916,30999
2020-10-23,White,2079,26582
2020-10-23,Hispanic or Latino,811,5881
2020-10-23,Not Hispanic or Not Latino,4633,69227
2020-10-22,Asian,73,3573
2020-10-22,Black or African American,348,5422
2020-10-22,Other,190,1975
2020-10-22,Unknown,2001,30227
2020-10-22,White,1786,25106
2020-10-22,Hispanic or Latino,922,5879
2020-10-22,Not Hispanic or Not Latino,4405,66444
2020-10-21,Asian,102,4362
2020-10-21,Black or African American,450,6014
2020-10-21,Other,194,2348
2020-10-21,Unknown,1729,25683
2020-10-21,White,2023,30290
2020-10-21,Hispanic or Latino,939,6801
2020-10-21,Not Hispanic or Not Latino,4509,68842
2020-10-20,Asian,62,3573
2020-10-20,Black or African American,310,4617
2020-10-20,Other,110,1649
2020-10-20,Unknown,1417,21421
2020-10-20,White,1641,26211
2020-10-20,Hispanic or Latino,664,5188
2020-10-20,Not Hispanic or Not Latino,3545,57592
2020-10-19,Asian,59,1707
2020-10-19,Black or African American,262,3209
2020-10-19,Other,132,1223
2020-10-19,Unknown,1521,24699
2020-10-19,White,1356,16586
2020-10-19,Hispanic or Latino,612,3762
2020-10-19,Not Hispanic or Not Latino,3334,47476
2020-10-18,Asian,45,2261
2020-10-18,Black or African American,299,3988
2020-10-18,Other,132,1379
2020-10-18,Unknown,1258,19827
2020-10-18,White,1171,15883
2020-10-18,Hispanic or Latino,664,4259
2020-10-18,Not Hispanic or Not Latino,2909,43398
2020-10-17,Asian,79,3523
2020-10-17,Black or African American,380,5420
2020-10-17,Other,221,2022
2020-10-17,Unknown,2221,32641
2020-10-17,White,1983,25630
2020-10-17,Hispanic or Latino,1136,7272
2020-10-17,Not Hispanic or Not Latino,4891,69381
2020-10-16,Asian,83,3501
2020-10-16,Black or African American,363,5853
2020-10-16,Other,161,1903
2020-10-16,Unknown,1517,28967
2020-10-16,White,1672,24376
2020-10-16,Hispanic or Latino,724,5465
2020-10-16,Not Hispanic or Not Latino,3809,64765
2020-10-15,Asian,71,4353
2020-10-15,Black or African American,289,5162
2020-10-15,Other,163,1954
2020-10-15,Unknown,2378,36963
2020-10-15,White,1604,27246
2020-10-15,Hispanic or Latino,613,5466
2020-10-15,Not Hispanic or Not Latino,4519,75854
2020-10-14,Asian,67,3120
2020-10-14,Black or African American,275,4733
2020-10-14,Other,161,1625
2020-10-14,Unknown,1023,19966
2020-10-14,White,1787,23639
2020-10-14,Hispanic or Latino,438,3660
2020-10-14,Not Hispanic or Not Latino,3313,53215
2020-10-13,Asian,54,3610
2020-10-13,Black or African American,260,4249
2020-10-13,Other,142,1617
2020-10-13,Unknown,671,12522
2020-10-13,White,1578,23189
2020-10-13,Hispanic or Latino,596,4594
2020-10-13,Not Hispanic or Not Latino,2708,45285
2020-10-12,Asian,53,2146
2020-10-12,Black or African American,215,3400
2020-10-12,Other,113,1321
2020-10-12,Unknown,1049,19162
2020-10-12,White,1177,16783
2020-10-12,Hispanic or Latino,690,4858
2020-10-12,Not Hispanic or Not Latino,2612,42878
2020-10-11,Asian,48,2224
2020-10-11,Black or African American,218,3295
2020-10-11,Other,130,1388
2020-10-11,Unknown,1120,19755
2020-10-11,White,1115,16528
2020-10-11,Hispanic or Latino,495,3681
2020-10-11,Not Hispanic or Not Latino,2635,43241
2020-10-10,Asian,37,4003
2020-10-10,Black or African American,261,4678
2020-10-10,Other,123,1509
2020-10-10,Unknown,1269,25909
2020-10-10,White,1215,21193
2020-10-10,Hispanic or Latino,579,5642
2020-10-10,Not Hispanic or Not Latino,2907,57400
2020-10-09,Asian,54,2486
2020-10-09,Black or African American,256,4760
2020-10-09,Other,140,1678
2020-10-09,Unknown,1133,25561
2020-10-09,White,1505,20984
2020-10-09,Hispanic or Latino,544,4320
2020-10-09,Not Hispanic or Not Latino,3094,55630
2020-10-08,Asian,51,3596
2020-10-08,Black or African American,248,5450
2020-10-08,Other,137,1881
2020-10-08,Unknown,976,24962
2020-10-08,White,1299,24403
2020-10-08,Hispanic or Latino,473,5117
2020-10-08,Not Hispanic or Not Latino,2712,60432
2020-10-07,Asian,52,4104
2020-10-07,Black or African American,233,5288
2020-10-07,Other,121,1866
2020-10-07,Unknown,1015,23084
2020-10-07,White,1474,28408
2020-10-07,Hispanic or Latino,445,4558
2020-10-07,Not Hispanic or Not Latino,2902,62927
2020-10-06,Asian,53,4068
2020-10-06,Black or African American,171,4179
2020-10-06,Other,82,1516
2020-10-06,Unknown,800,17086
2020-10-06,White,1025,23633
2020-10-06,Hispanic or Latino,279,4015
2020-10-06,Not Hispanic or Not Latino,2132,50576
2020-10-05,Asian,23,1629
2020-10-05,Black or African American,140,3084
2020-10-05,Other,59,1132
2020-10-05,Unknown,673,15243
2020-10-05,White,800,14515
2020-10-05,Hispanic or Latino,337,3286
2020-10-05,Not Hispanic or Not Latino,1698,35691
2020-10-04,Asian,27,1281
2020-10-04,Black or African American,100,2461
2020-10-04,Other,77,1096
2020-10-04,Unknown,822,16735
2020-10-04,White,566,12104
2020-10-04,Hispanic or Latino,291,2554
2020-10-04,Not Hispanic or Not Latino,1597,33713
2020-10-03,Asian,40,3496
2020-10-03,Black or African American,171,3693
2020-10-03,Other,97,1399
2020-10-03,Unknown,840,20708
2020-10-03,White,807,17485
2020-10-03,Hispanic or Latino,400,4161
2020-10-03,Not Hispanic or Not Latino,1959,46834
2020-10-02,Asian,41,3417
2020-10-02,Black or African American,180,4885
2020-10-02,Other,131,1722
2020-10-02,Unknown,1015,30566
2020-10-02,White,949,20533
2020-10-02,Hispanic or Latino,381,4311
2020-10-02,Not Hispanic or Not Latino,2317,61244
2020-10-01,Asian,43,3619
2020-10-01,Black or African American,152,4481
2020-10-01,Other,102,1707
2020-10-01,Unknown,1238,28845
2020-10-01,White,976,22091
2020-10-01,Hispanic or Latino,525,5364
2020-10-01,Not Hispanic or Not Latino,2515,60909
2020-09-30,Asian,35,3455
2020-09-30,Black or African American,136,4529
2020-09-30,Other,111,1821
2020-09-30,Unknown,872,20363
2020-09-30,White,983,22174
2020-09-30,Hispanic or Latino,376,4238
2020-09-30,Not Hispanic or Not Latino,2145,52516
2020-09-29,Asian,46,3736
2020-09-29,Black or African American,154,4033
2020-09-29,Other,73,1249
2020-09-29,Unknown,681,14707
2020-09-29,White,836,20586
2020-09-29,Hispanic or Latino,355,4392
2020-09-29,Not Hispanic or Not Latino,1795,44414
2020-09-28,Asian,21,1643
2020-09-28,Black or African American,94,2352
2020-09-28,Other,76,996
2020-09-28,Unknown,781,18555
2020-09-28,White,519,12343
2020-09-28,Hispanic or Latino,234,2531
2020-09-28,Not Hispanic or Not Latino,1494,35941
2020-09-27,Asian,39,1720
2020-09-27,Black or African American,105,3087
2020-09-27,Other,114,1395
2020-09-27,Unknown,857,16751
2020-09-27,White,652,13650
2020-09-27,Hispanic or Latino,403,3458
2020-09-27,Not Hispanic or Not Latino,1769,36665
2020-09-26,Asian,35,3460
2020-09-26,Black or African American,128,3484
2020-09-26,Other,69,1293
2020-09-26,Unknown,1093,21407
2020-09-26,White,758,15871
2020-09-26,Hispanic or Latino,331,3551
2020-09-26,Not Hispanic or Not Latino,2086,45622
2020-09-25,Asian,42,3957
2020-09-25,Black or African American,168,4508
2020-09-25,Other,147,1827
2020-09-25,Unknown,1196,25197
2020-09-25,White,1022,20038
2020-09-25,Hispanic or Latino,456,5383
2020-09-25,Not Hispanic or Not Latino,2576,55659
2020-09-24,Asian,38,2746
2020-09-24,Black or African American,156,4294
2020-09-24,Other,108,1796
2020-09-24,Unknown,1323,30667
2020-09-24,White,886,20128
2020-09-24,Hispanic or Latino,408,4127
2020-09-24,Not Hispanic or Not Latino,2515,59769
2020-09-23,Asian,32,3662
2020-09-23,Black or African American,153,4775
2020-09-23,Other,127,1927
2020-09-23,Unknown,1011,19626
2020-09-23,White,846,22652
2020-09-23,Hispanic or Latino,333,4105
2020-09-23,Not Hispanic or Not Latino,2174,52821
2020-09-22,Asian,27,3411
2020-09-22,Black or African American,132,3809
2020-09-22,Other,73,1425
2020-09-22,Unknown,520,12919
2020-09-22,White,735,19549
2020-09-22,Hispanic or Latino,280,3739
2020-09-22,Not Hispanic or Not Latino,1489,41208
2020-09-21,Asian,34,1613
2020-09-21,Black or African American,79,2505
2020-09-21,Other,59,952
2020-09-21,Unknown,588,14757
2020-09-21,White,598,13080
2020-09-21,Hispanic or Latino,322,2774
2020-09-21,Not Hispanic or Not Latino,1360,32983
2020-09-20,Asian,23,2273
2020-09-20,Black or African American,116,2819
2020-09-20,Other,88,1238
2020-09-20,Unknown,735,13817
2020-09-20,White,610,14690
2020-09-20,Hispanic or Latino,270,2864
2020-09-20,Not Hispanic or Not Latino,1573,34883
2020-09-19,Asian,35,3215
2020-09-19,Black or African American,168,3770
2020-09-19,Other,80,1329
2020-09-19,Unknown,827,17879
2020-09-19,White,733,16335
2020-09-19,Hispanic or Latino,459,4545
2020-09-19,Not Hispanic or Not Latino,1843,42643
2020-09-18,Asian,46,2144
2020-09-18,Black or African American,228,4489
2020-09-18,Other,117,2383
2020-09-18,Unknown,1265,37028
2020-09-18,White,1227,21212
2020-09-18,Hispanic or Latino,515,4174
2020-09-18,Not Hispanic or Not Latino,2886,67404
2020-09-17,Asian,35,3098
2020-09-17,Black or African American,157,4297
2020-09-17,Other,110,1560
2020-09-17,Unknown,1014,24999
2020-09-17,White,865,20897
2020-09-17,Hispanic or Latino,380,4246
2020-09-17,Not Hispanic or Not Latino,2183,54958
2020-09-16,Asian,49,3438
2020-09-16,Black or African American,185,4339
2020-09-16,Other,130,2291
2020-09-16,Unknown,863,17304
2020-09-16,White,908,21500
2020-09-16,Hispanic or Latino,328,2908
2020-09-16,Not Hispanic or Not Latino,2140,49006
2020-09-15,Asian,42,3001
2020-09-15,Black or African American,148,3829
2020-09-15,Other,88,2036
2020-09-15,Unknown,670,17314
2020-09-15,White,885,19231
2020-09-15,Hispanic or Latino,369,2464
2020-09-15,Not Hispanic or Not Latino,1837,45512
2020-09-14,Asian,36,2219
2020-09-14,Black or African American,85,2601
2020-09-14,Other,71,1655
2020-09-14,Unknown,601,11673
2020-09-14,White,547,13626
2020-09-14,Hispanic or Latino,274,2130
2020-09-14,Not Hispanic or Not Latino,1342,31901
2020-09-13,Asian,43,1547
2020-09-13,Black or African American,112,2942
2020-09-13,Other,73,1370
2020-09-13,Unknown,682,13498
2020-09-13,White,652,13503
2020-09-13,Hispanic or Latino,332,2969
2020-09-13,Not Hispanic or Not Latino,1564,32916
2020-09-12,Asian,41,3363
2020-09-12,Black or African American,132,3547
2020-09-12,Other,108,2158
2020-09-12,Unknown,858,16620
2020-09-12,White,814,17598
2020-09-12,Hispanic or Latino,388,2836
2020-09-12,Not Hispanic or Not Latino,1958,43374
2020-09-11,Asian,34,3574
2020-09-11,Black or African American,184,4559
2020-09-11,Other,148,2859
2020-09-11,Unknown,967,18596
2020-09-11,White,947,21771
2020-09-11,Hispanic or Latino,480,3233
2020-09-11,Not Hispanic or Not Latino,2283,51488
2020-09-10,Asian,29,3181
2020-09-10,Black or African American,100,3642
2020-09-10,Other,113,2274
2020-09-10,Unknown,1142,22767
2020-09-10,White,783,19851
2020-09-10,Hispanic or Latino,277,2308
2020-09-10,Not Hispanic or Not Latino,2170,51811
2020-09-09,Asian,38,3532
2020-09-09,Black or African American,147,3663
2020-09-09,Other,94,2260
2020-09-09,Unknown,621,13145
2020-09-09,White,841,19953
2020-09-09,Hispanic or Latino,235,1785
2020-09-09,Not Hispanic or Not Latino,1743,42638
2020-09-08,Asian,33,3986
2020-09-08,Black or African American,119,3184
2020-09-08,Other,109,2330
2020-09-08,Unknown,670,13428
2020-09-08,White,728,18079
2020-09-08,Hispanic or Latino,257,1708
2020-09-08,Not Hispanic or Not Latino,1665,41160
2020-09-07,Asian,23,1395
2020-09-07,Black or African American,130,2626
2020-09-07,Other,88,1101
2020-09-07,Unknown,864,13008
2020-09-07,White,524,9945
2020-09-07,Hispanic or Latino,429,2952
2020-09-07,Not Hispanic or Not Latino,1631,28118
2020-09-06,Asian,23,1963
2020-09-06,Black or African American,85,2161
2020-09-06,Other,48,1199
2020-09-06,Unknown,755,11237
2020-09-06,White,454,10407
2020-09-06,Hispanic or Latino,269,1710
2020-09-06,Not Hispanic or Not Latino,1365,27010
2020-09-05,Asian,26,3295
2020-09-05,Black or African American,175,3604
2020-09-05,Other,159,2424
2020-09-05,Unknown,930,15778
2020-09-05,White,805,17949
2020-09-05,Hispanic or Latino,443,2989
2020-09-05,Not Hispanic or Not Latino,2102,43153
2020-09-04,Asian,44,3307
2020-09-04,Black or African American,224,4336
2020-09-04,Other,130,2342
2020-09-04,Unknown,1311,23385
2020-09-04,White,1123,20585
2020-09-04,Hispanic or Latino,554,3843
2020-09-04,Not Hispanic or Not Latino,2836,54118
2020-09-03,Asian,101,10839
2020-09-03,Black or African American,365,9566
2020-09-03,Other,248,6641
2020-09-03,Unknown,3027,62648
2020-09-03,White,2029,53161
2020-09-03,Hispanic or Latino,613,5444
2020-09-03,Not Hispanic or Not Latino,5776,143132
2020-09-02,Asian,14,2040
2020-09-02,Black or African American,159,3580
2020-09-02,Other,122,1876
2020-09-02,Unknown,804,11651
2020-09-02,White,688,15351
2020-09-02,Hispanic or Latino,301,2137
2020-09-02,Not Hispanic or Not Latino,1787,34637
2020-09-01,Asian,24,1786
2020-09-01,Black or African American,98,2048
2020-09-01,Other,60,1107
2020-09-01,Unknown,824,12928
2020-09-01,White,473,10167
2020-09-01,Hispanic or Latino,203,1703
2020-09-01,Not Hispanic or Not Latino,1479,28091
2020-08-31,Asian,15,609
2020-08-31,Black or African American,86,1930
2020-08-31,Other,54,736
2020-08-31,Unknown,621,8334
2020-08-31,White,346,7012
2020-08-31,Hispanic or Latino,318,2090
2020-08-31,Not Hispanic or Not Latino,1125,18659
2020-08-30,Asian,22,4660
2020-08-30,Black or African American,126,3531
2020-08-30,Other,111,3058
2020-08-30,Unknown,916,12956
2020-08-30,White,623,19957
2020-08-30,Hispanic or Latino,441,2979
2020-08-30,Not Hispanic or Not Latino,1800,44325
2020-08-29,Asian,28,1612
2020-08-29,Black or African American,175,4288
2020-08-29,Other,139,1497
2020-08-29,Unknown,1163,16456
2020-08-29,White,761,15660
2020-08-29,Hispanic or Latino,488,3752
2020-08-29,Not Hispanic or Not Latino,2271,39607
2020-08-28,Asian,26,2066
2020-08-28,Black or African American,137,3253
2020-08-28,Other,97,1944
2020-08-28,Unknown,1053,18988
2020-08-28,White,706,15779
2020-08-28,Hispanic or Latino,340,2679
2020-08-28,Not Hispanic or Not Latino,2022,42115
2020-08-27,Asian,40,3671
2020-08-27,Black or African American,132,3658
2020-08-27,Other,129,2392
2020-08-27,Unknown,850,14623
2020-08-27,White,794,17984
2020-08-27,Hispanic or Latino,467,3348
2020-08-27,Not Hispanic or Not Latino,1946,42431
2020-08-26,Asian,41,4105
2020-08-26,Black or African American,127,3407
2020-08-26,Other,123,2638
2020-08-26,Unknown,607,10029
2020-08-26,White,603,18181
2020-08-26,Hispanic or Latino,327,2500
2020-08-26,Not Hispanic or Not Latino,1503,38466
2020-08-25,Asian,32,2329
2020-08-25,Black or African American,143,3397
2020-08-25,Other,92,1894
2020-08-25,Unknown,1108,16103
2020-08-25,White,699,17725
2020-08-25,Hispanic or Latino,315,2381
2020-08-25,Not Hispanic or Not Latino,2078,41525
2020-08-24,Asian,22,1821
2020-08-24,Black or African American,144,2971
2020-08-24,Other,95,1812
2020-08-24,Unknown,821,15002
2020-08-24,White,566,14274
2020-08-24,Hispanic or Latino,420,2488
2020-08-24,Not Hispanic or Not Latino,1652,35969
2020-08-23,Asian,34,1756
2020-08-23,Black or African American,153,2628
2020-08-23,Other,126,1685
2020-08-23,Unknown,882,14142
2020-08-23,White,521,12933
2020-08-23,Hispanic or Latino,319,2799
2020-08-23,Not Hispanic or Not Latino,1717,33204
2020-08-22,Asian,39,3036
2020-08-22,Black or African American,197,4215
2020-08-22,Other,125,2290
2020-08-22,Unknown,1205,19073
2020-08-22,White,865,19176
2020-08-22,Hispanic or Latino,530,3467
2020-08-22,Not Hispanic or Not Latino,2438,47950
2020-08-21,Asian,29,3008
2020-08-21,Black or African American,167,4186
2020-08-21,Other,143,2559
2020-08-21,Unknown,1138,20643
2020-08-21,White,714,19447
2020-08-21,Hispanic or Latino,425,3166
2020-08-21,Not Hispanic or Not Latino,2198,49988
2020-08-20,Asian,18,2176
2020-08-20,Black or African American,204,4318
2020-08-20,Other,141,2139
2020-08-20,Unknown,946,17070
2020-08-20,White,721,17843
2020-08-20,Hispanic or Latino,487,3786
2020-08-20,Not Hispanic or Not Latino,2034,43727
2020-08-19,Asian,36,2071
2020-08-19,Black or African American,184,4423
2020-08-19,Other,114,2005
2020-08-19,Unknown,1029,17029
2020-08-19,White,837,19237
2020-08-19,Hispanic or Latino,452,3814
2020-08-19,Not Hispanic or Not Latino,2203,44927
2020-08-18,Asian,19,2583
2020-08-18,Black or African American,151,3653
2020-08-18,Other,102,1901
2020-08-18,Unknown,979,17100
2020-08-18,White,589,17627
2020-08-18,Hispanic or Latino,334,2455
2020-08-18,Not Hispanic or Not Latino,1844,43044
2020-08-17,Asian,27,1364
2020-08-17,Black or African American,133,2715
2020-08-17,Other,95,1363
2020-08-17,Unknown,981,17274
2020-08-17,White,527,12829
2020-08-17,Hispanic or Latino,237,2173
2020-08-17,Not Hispanic or Not Latino,1766,35624
2020-08-16,Asian,33,949
2020-08-16,Black or African American,219,3731
2020-08-16,Other,109,1478
2020-08-16,Unknown,1038,16191
2020-08-16,White,570,12242
2020-08-16,Hispanic or Latino,414,3333
2020-08-16,Not Hispanic or Not Latino,1972,34635
2020-08-15,Asian,15,891
2020-08-15,Black or African American,161,3495
2020-08-15,Other,103,1267
2020-08-15,Unknown,868,15581
2020-08-15,White,565,12663
2020-08-15,Hispanic or Latino,274,2710
2020-08-15,Not Hispanic or Not Latino,1713,33960
2020-08-14,Asian,21,1049
2020-08-14,Black or African American,200,4008
2020-08-14,Other,124,1343
2020-08-14,Unknown,943,18280
2020-08-14,White,780,14720
2020-08-14,Hispanic or Latino,457,3626
2020-08-14,Not Hispanic or Not Latino,2078,39535
2020-08-13,Asian,30,1419
2020-08-13,Black or African American,229,4502
2020-08-13,Other,131,1840
2020-08-13,Unknown,935,18506
2020-08-13,White,653,16758
2020-08-13,Hispanic or Latino,428,3789
2020-08-13,Not Hispanic or Not Latino,1978,43128
2020-08-12,Asian,29,1252
2020-08-12,Black or African American,192,3613
2020-08-12,Other,124,1589
2020-08-12,Unknown,714,15535
2020-08-12,White,731,16492
2020-08-12,Hispanic or Latino,348,2681
2020-08-12,Not Hispanic or Not Latino,1795,38564
2020-08-11,Asian,19,1088
2020-08-11,Black or African American,166,3482
2020-08-11,Other,81,1345
2020-08-11,Unknown,658,12117
2020-08-11,White,551,15282
2020-08-11,Hispanic or Latino,273,2279
2020-08-11,Not Hispanic or Not Latino,1479,33415
2020-08-10,Asian,20,914
2020-08-10,Black or African American,170,2632
2020-08-10,Other,75,1364
2020-08-10,Unknown,895,19502
2020-08-10,White,457,12912
2020-08-10,Hispanic or Latino,283,2097
2020-08-10,Not Hispanic or Not Latino,1619,37398
2020-08-09,Asian,22,587
2020-08-09,Black or African American,165,3444
2020-08-09,Other,93,1103
2020-08-09,Unknown,793,13783
2020-08-09,White,414,10124
2020-08-09,Hispanic or Latino,328,3086
2020-08-09,Not Hispanic or Not Latino,1492,29106
2020-08-08,Asian,17,895
2020-08-08,Black or African American,185,3827
2020-08-08,Other,89,1170
2020-08-08,Unknown,806,17697
2020-08-08,White,646,13745
2020-08-08,Hispanic or Latino,420,3545
2020-08-08,Not Hispanic or Not Latino,1750,37436
2020-08-07,Asian,37,1096
2020-08-07,Black or African American,256,4661
2020-08-07,Other,143,1673
2020-08-07,Unknown,935,18619
2020-08-07,White,785,16342
2020-08-07,Hispanic or Latino,401,3614
2020-08-07,Not Hispanic or Not Latino,2158,42485
2020-08-06,Asian,30,863
2020-08-06,Black or African American,199,3876
2020-08-06,Other,110,1301
2020-08-06,Unknown,1001,20031
2020-08-06,White,727,15218
2020-08-06,Hispanic or Latino,471,3750
2020-08-06,Not Hispanic or Not Latino,2068,41361
2020-08-05,Asian,26,720
2020-08-05,Black or African American,227,3616
2020-08-05,Other,82,1221
2020-08-05,Unknown,874,17287
2020-08-05,White,676,14253
2020-08-05,Hispanic or Latino,254,2238
2020-08-05,Not Hispanic or Not Latino,1891,37192
2020-08-04,Asian,35,722
2020-08-04,Black or African American,217,3437
2020-08-04,Other,59,984
2020-08-04,Unknown,723,16707
2020-08-04,White,567,13660
2020-08-04,Hispanic or Latino,367,2867
2020-08-04,Not Hispanic or Not Latino,1610,35592
2020-08-03,Asian,14,654
2020-08-03,Black or African American,175,3225
2020-08-03,Other,77,992
2020-08-03,Unknown,807,21771
2020-08-03,White,398,11215
2020-08-03,Hispanic or Latino,311,2797
2020-08-03,Not Hispanic or Not Latino,1473,37908
2020-08-02,Asian,15,629
2020-08-02,Black or African American,141,3133
2020-08-02,Other,73,953
2020-08-02,Unknown,499,10830
2020-08-02,White,463,10016
2020-08-02,Hispanic or Latino,262,2606
2020-08-02,Not Hispanic or Not Latino,1192,25615
2020-08-01,Asian,44,726
2020-08-01,Black or African American,201,3389
2020-08-01,Other,69,988
2020-08-01,Unknown,891,16703
2020-08-01,White,597,12667
2020-08-01,Hispanic or Latino,368,3593
2020-08-01,Not Hispanic or Not Latino,1806,34557
2020-07-31,Asian,26,846
2020-07-31,Black or African American,205,3797
2020-07-31,Other,88,1427
2020-07-31,Unknown,774,14693
2020-07-31,White,585,13688
2020-07-31,Hispanic or Latino,337,3228
2020-07-31,Not Hispanic or Not Latino,1680,34513
2020-07-30,Asian,32,840
2020-07-30,Black or African American,220,4217
2020-07-30,Other,107,1404
2020-07-30,Unknown,1072,20939
2020-07-30,White,577,14651
2020-07-30,Hispanic or Latino,389,3754
2020-07-30,Not Hispanic or Not Latino,2016,42097
2020-07-29,Asian,17,789
2020-07-29,Black or African American,185,3894
2020-07-29,Other,81,1185
2020-07-29,Unknown,841,17029
2020-07-29,White,507,13566
2020-07-29,Hispanic or Latino,233,2956
2020-07-29,Not Hispanic or Not Latino,1632,36520
2020-07-28,Asian,26,607
2020-07-28,Black or African American,150,2523
2020-07-28,Other,55,764
2020-07-28,Unknown,728,16444
2020-07-28,White,432,10636
2020-07-28,Hispanic or Latino,237,1878
2020-07-28,Not Hispanic or Not Latino,1393,31027
2020-07-27,Asian,19,514
2020-07-27,Black or African American,154,2472
2020-07-27,Other,58,803
2020-07-27,Unknown,598,12128
2020-07-27,White,335,9094
2020-07-27,Hispanic or Latino,140,1632
2020-07-27,Not Hispanic or Not Latino,1170,25059
2020-07-26,Asian,20,468
2020-07-26,Black or African American,141,2566
2020-07-26,Other,63,918
2020-07-26,Unknown,754,14500
2020-07-26,White,390,9050
2020-07-26,Hispanic or Latino,206,2003
2020-07-26,Not Hispanic or Not Latino,1370,27548
2020-07-25,Asian,22,760
2020-07-25,Black or African American,262,5180
2020-07-25,Other,81,1161
2020-07-25,Unknown,892,17249
2020-07-25,White,540,12369
2020-07-25,Hispanic or Latino,373,3524
2020-07-25,Not Hispanic or Not Latino,1801,36786
2020-07-24,Asian,29,688
2020-07-24,Black or African American,214,3339
2020-07-24,Other,120,1522
2020-07-24,Unknown,809,16786
2020-07-24,White,501,11148
2020-07-24,Hispanic or Latino,290,2556
2020-07-24,Not Hispanic or Not Latino,1678,33541
2020-07-23,Asian,27,734
2020-07-23,Black or African American,191,3844
2020-07-23,Other,88,1346
2020-07-23,Unknown,891,20342
2020-07-23,White,550,13102
2020-07-23,Hispanic or Latino,268,3177
2020-07-23,Not Hispanic or Not Latino,1747,39417
2020-07-22,Asian,14,649
2020-07-22,Black or African American,192,3956
2020-07-22,Other,86,1411
2020-07-22,Unknown,840,15847
2020-07-22,White,456,13241
2020-07-22,Hispanic or Latino,234,2402
2020-07-22,Not Hispanic or Not Latino,1591,35136
2020-07-21,Asian,12,633
2020-07-21,Black or African American,165,2750
2020-07-21,Other,67,1238
2020-07-21,Unknown,844,17872
2020-07-21,White,376,11808
2020-07-21,Hispanic or Latino,170,1806
2020-07-21,Not Hispanic or Not Latino,1467,34356
2020-07-20,Asian,16,435
2020-07-20,Black or African American,125,2567
2020-07-20,Other,65,1088
2020-07-20,Unknown,603,12621
2020-07-20,White,279,8711
2020-07-20,Hispanic or Latino,120,1286
2020-07-20,Not Hispanic or Not Latino,1088,25462
2020-07-19,Asian,18,476
2020-07-19,Black or African American,181,3282
2020-07-19,Other,84,1566
2020-07-19,Unknown,729,15231
2020-07-19,White,387,11101
2020-07-19,Hispanic or Latino,186,2560
2020-07-19,Not Hispanic or Not Latino,1401,31703
2020-07-18,Asian,9,547
2020-07-18,Black or African American,143,2970
2020-07-18,Other,55,1010
2020-07-18,Unknown,652,14913
2020-07-18,White,304,9462
2020-07-18,Hispanic or Latino,196,2703
2020-07-18,Not Hispanic or Not Latino,1164,28946
2020-07-17,Asian,15,700
2020-07-17,Black or African American,288,5117
2020-07-17,Other,90,1516
2020-07-17,Unknown,814,18065
2020-07-17,White,491,14923
2020-07-17,Hispanic or Latino,249,2868
2020-07-17,Not Hispanic or Not Latino,1699,40373
2020-07-16,Asian,13,700
2020-07-16,Black or African American,194,4580
2020-07-16,Other,95,2048
2020-07-16,Unknown,594,14920
2020-07-16,White,491,15733
2020-07-16,Hispanic or Latino,244,3484
2020-07-16,Not Hispanic or Not Latino,1387,38016
2020-07-15,Asian,11,484
2020-07-15,Black or African American,175,3921
2020-07-15,Other,97,2134
2020-07-15,Unknown,761,19013
2020-07-15,White,407,13461
2020-07-15,Hispanic or Latino,188,2384
2020-07-15,Not Hispanic or Not Latino,1453,39063
2020-07-14,Asian,14,507
2020-07-14,Black or African American,165,3630
2020-07-14,Other,66,1679
2020-07-14,Unknown,698,17500
2020-07-14,White,374,12451
2020-07-14,Hispanic or Latino,162,1688
2020-07-14,Not Hispanic or Not Latino,1320,35817
2020-07-13,Asian,8,522
2020-07-13,Black or African American,114,2558
2020-07-13,Other,47,919
2020-07-13,Unknown,536,13078
2020-07-13,White,199,8024
2020-07-13,Hispanic or Latino,83,1135
2020-07-13,Not Hispanic or Not Latino,905,25136
2020-07-12,Asian,18,415
2020-07-12,Black or African American,122,2994
2020-07-12,Other,53,797
2020-07-12,Unknown,563,15599
2020-07-12,White,252,8075
2020-07-12,Hispanic or Latino,142,1923
2020-07-12,Not Hispanic or Not Latino,1011,27920
2020-07-11,Asian,8,657
2020-07-11,Black or African American,189,3516
2020-07-11,Other,75,1101
2020-07-11,Unknown,811,19970
2020-07-11,White,330,10767
2020-07-11,Hispanic or Latino,219,2595
2020-07-11,Not Hispanic or Not Latino,1413,36043
2020-07-10,Asian,15,631
2020-07-10,Black or African American,175,3903
2020-07-10,Other,70,1413
2020-07-10,Unknown,507,11143
2020-07-10,White,393,12026
2020-07-10,Hispanic or Latino,239,3185
2020-07-10,Not Hispanic or Not Latino,1161,29160
2020-07-09,Asian,13,493
2020-07-09,Black or African American,160,3492
2020-07-09,Other,65,1031
2020-07-09,Unknown,678,14663
2020-07-09,White,358,10850
2020-07-09,Hispanic or Latino,172,2388
2020-07-09,Not Hispanic or Not Latino,1275,30601
2020-07-08,Asian,24,560
2020-07-08,Black or African American,141,3806
2020-07-08,Other,64,1052
2020-07-08,Unknown,594,15047
2020-07-08,White,336,11715
2020-07-08,Hispanic or Latino,157,2429
2020-07-08,Not Hispanic or Not Latino,1161,32236
2020-07-07,Asian,18,381
2020-07-07,Black or African American,114,3304
2020-07-07,Other,37,694
2020-07-07,Unknown,459,14959
2020-07-07,White,232,8804
2020-07-07,Hispanic or Latino,99,1307
2020-07-07,Not Hispanic or Not Latino,862,28193
2020-07-06,Asian,11,301
2020-07-06,Black or African American,76,2446
2020-07-06,Other,22,397
2020-07-06,Unknown,449,14015
2020-07-06,White,187,6574
2020-07-06,Hispanic or Latino,84,942
2020-07-06,Not Hispanic or Not Latino,747,23768
2020-07-05,Asian,4,279
2020-07-05,Black or African American,93,1937
2020-07-05,Other,26,474
2020-07-05,Unknown,376,10400
2020-07-05,White,138,6227
2020-07-05,Hispanic or Latino,133,1526
2020-07-05,Not Hispanic or Not Latino,637,19340
2020-07-04,Asian,10,417
2020-07-04,Black or African American,131,2995
2020-07-04,Other,54,710
2020-07-04,Unknown,474,12181
2020-07-04,White,267,8175
2020-07-04,Hispanic or Latino,202,2419
2020-07-04,Not Hispanic or Not Latino,940,24535
2020-07-03,Asian,7,504
2020-07-03,Black or African American,111,3107
2020-07-03,Other,48,752
2020-07-03,Unknown,562,16275
2020-07-03,White,244,8082
2020-07-03,Hispanic or Latino,270,3079
2020-07-03,Not Hispanic or Not Latino,976,28781
2020-07-02,Asian,9,510
2020-07-02,Black or African American,120,3402
2020-07-02,Other,63,967
2020-07-02,Unknown,589,14486
2020-07-02,White,270,10873
2020-07-02,Hispanic or Latino,224,2205
2020-07-02,Not Hispanic or Not Latino,1055,30327
2020-07-01,Asian,15,422
2020-07-01,Black or African American,112,3175
2020-07-01,Other,40,640
2020-07-01,Unknown,529,14041
2020-07-01,White,235,8883
2020-07-01,Hispanic or Latino,153,1622
2020-07-01,Not Hispanic or Not Latino,934,27199
2020-06-30,Asian,10,420
2020-06-30,Black or African American,118,3415
2020-06-30,Other,51,744
2020-06-30,Unknown,638,14268
2020-06-30,White,255,10041
2020-06-30,Hispanic or Latino,153,1877
2020-06-30,Not Hispanic or Not Latino,1073,28948
2020-06-29,Asian,9,391
2020-06-29,Black or African American,123,2370
2020-06-29,Other,38,604
2020-06-29,Unknown,650,16497
2020-06-29,White,172,7241
2020-06-29,Hispanic or Latino,181,1765
2020-06-29,Not Hispanic or Not Latino,994,27141
2020-06-28,Asian,6,361
2020-06-28,Black or African American,99,2781
2020-06-28,Other,31,572
2020-06-28,Unknown,382,12673
2020-06-28,White,169,8167
2020-06-28,Hispanic or Latino,167,1740
2020-06-28,Not Hispanic or Not Latino,688,24606
2020-06-27,Asian,15,413
2020-06-27,Black or African American,121,2852
2020-06-27,Other,41,658
2020-06-27,Unknown,380,9120
2020-06-27,White,218,7960
2020-06-27,Hispanic or Latino,202,2205
2020-06-27,Not Hispanic or Not Latino,779,21050
2020-06-26,Asian,13,492
2020-06-26,Black or African American,186,3759
2020-06-26,Other,61,822
2020-06-26,Unknown,476,12579
2020-06-26,White,279,9361
2020-06-26,Hispanic or Latino,254,2246
2020-06-26,Not Hispanic or Not Latino,1018,27085
2020-06-25,Asian,7,442
2020-06-25,Black or African American,125,3230
2020-06-25,Other,60,885
2020-06-25,Unknown,487,12557
2020-06-25,White,287,9987
2020-06-25,Hispanic or Latino,234,2202
2020-06-25,Not Hispanic or Not Latino,971,27154
2020-06-24,Asian,11,397
2020-06-24,Black or African American,77,2671
2020-06-24,Other,52,687
2020-06-24,Unknown,488,14971
2020-06-24,White,210,10429
2020-06-24,Hispanic or Latino,202,1889
2020-06-24,Not Hispanic or Not Latino,839,29205
2020-06-23,Asian,17,335
2020-06-23,Black or African American,95,1983
2020-06-23,Other,32,663
2020-06-23,Unknown,502,13423
2020-06-23,White,181,8765
2020-06-23,Hispanic or Latino,181,1689
2020-06-23,Not Hispanic or Not Latino,827,25213
2020-06-22,Asian,4,294
2020-06-22,Black or African American,80,1345
2020-06-22,Other,36,498
2020-06-22,Unknown,395,9913
2020-06-22,White,126,5882
2020-06-22,Hispanic or Latino,147,1093
2020-06-22,Not Hispanic or Not Latino,643,17966
2020-06-21,Asian,11,237
2020-06-21,Black or African American,31,1144
2020-06-21,Other,32,588
2020-06-21,Unknown,355,9664
2020-06-21,White,113,5351
2020-06-21,Hispanic or Latino,98,961
2020-06-21,Not Hispanic or Not Latino,543,17020
2020-06-20,Asian,11,254
2020-06-20,Black or African American,82,1894
2020-06-20,Other,47,598
2020-06-20,Unknown,614,13494
2020-06-20,White,163,6040
2020-06-20,Hispanic or Latino,174,1133
2020-06-20,Not Hispanic or Not Latino,922,22336
2020-06-19,Asian,13,367
2020-06-19,Black or African American,100,1950
2020-06-19,Other,48,798
2020-06-19,Unknown,516,12719
2020-06-19,White,189,8143
2020-06-19,Hispanic or Latino,209,1622
2020-06-19,Not Hispanic or Not Latino,876,24049
2020-06-18,Asian,14,376
2020-06-18,Black or African American,91,2019
2020-06-18,Other,37,768
2020-06-18,Unknown,461,12146
2020-06-18,White,182,9397
2020-06-18,Hispanic or Latino,160,1419
2020-06-18,Not Hispanic or Not Latino,786,24748
2020-06-17,Asian,15,365
2020-06-17,Black or African American,67,1734
2020-06-17,Other,25,676
2020-06-17,Unknown,533,12401
2020-06-17,White,142,8580
2020-06-17,Hispanic or Latino,134,1218
2020-06-17,Not Hispanic or Not Latino,787,23803
2020-06-16,Asian,18,442
2020-06-16,Black or African American,83,1740
2020-06-16,Other,41,642
2020-06-16,Unknown,670,14889
2020-06-16,White,157,8222
2020-06-16,Hispanic or Latino,194,1360
2020-06-16,Not Hispanic or Not Latino,972,26006
2020-06-15,Asian,7,289
2020-06-15,Black or African American,61,1331
2020-06-15,Other,30,462
2020-06-15,Unknown,400,9197
2020-06-15,White,81,4879
2020-06-15,Hispanic or Latino,111,885
2020-06-15,Not Hispanic or Not Latino,580,16201
2020-06-14,Asian,5,237
2020-06-14,Black or African American,75,1483
2020-06-14,Other,56,735
2020-06-14,Unknown,403,9116
2020-06-14,White,113,5573
2020-06-14,Hispanic or Latino,178,1247
2020-06-14,Not Hispanic or Not Latino,654,17190
2020-06-13,Asian,13,321
2020-06-13,Black or African American,72,1602
2020-06-13,Other,38,570
2020-06-13,Unknown,550,10930
2020-06-13,White,155,6860
2020-06-13,Hispanic or Latino,198,1427
2020-06-13,Not Hispanic or Not Latino,833,20345
2020-06-12,Asian,9,250
2020-06-12,Black or African American,68,1248
2020-06-12,Other,47,462
2020-06-12,Unknown,597,12053
2020-06-12,White,136,5645
2020-06-12,Hispanic or Latino,196,1335
2020-06-12,Not Hispanic or Not Latino,859,19685
2020-06-11,Asian,3,267
2020-06-11,Black or African American,100,1749
2020-06-11,Other,56,887
2020-06-11,Unknown,575,11770
2020-06-11,White,211,8118
2020-06-11,Hispanic or Latino,216,1546
2020-06-11,Not Hispanic or Not Latino,949,22840
2020-06-10,Asian,11,288
2020-06-10,Black or African American,97,1877
2020-06-10,Other,39,594
2020-06-10,Unknown,469,9720
2020-06-10,White,213,7561
2020-06-10,Hispanic or Latino,294,1707
2020-06-10,Not Hispanic or Not Latino,833,20096
2020-06-09,Asian,15,310
2020-06-09,Black or African American,74,1727
2020-06-09,Other,55,603
2020-06-09,Unknown,421,8423
2020-06-09,White,182,7312
2020-06-09,Hispanic or Latino,223,1447
2020-06-09,Not Hispanic or Not Latino,750,18426
2020-06-08,Asian,3,240
2020-06-08,Black or African American,111,1353
2020-06-08,Other,50,499
2020-06-08,Unknown,756,11168
2020-06-08,White,125,4996
2020-06-08,Hispanic or Latino,173,903
2020-06-08,Not Hispanic or Not Latino,1048,18278
2020-06-07,Asian,9,236
2020-06-07,Black or African American,78,1276
2020-06-07,Other,38,476
2020-06-07,Unknown,516,7413
2020-06-07,White,126,5122
2020-06-07,Hispanic or Latino,216,1074
2020-06-07,Not Hispanic or Not Latino,774,14582
2020-06-06,Asian,11,240
2020-06-06,Black or African American,113,1648
2020-06-06,Other,64,623
2020-06-06,Unknown,741,10096
2020-06-06,White,176,5784
2020-06-06,Hispanic or Latino,322,2011
2020-06-06,Not Hispanic or Not Latino,1111,18435
2020-06-05,Asian,16,318
2020-06-05,Black or African American,150,1638
2020-06-05,Other,84,627
2020-06-05,Unknown,1043,11336
2020-06-05,White,228,5630
2020-06-05,Hispanic or Latino,273,1293
2020-06-05,Not Hispanic or Not Latino,1529,19591
2020-06-04,Asian,10,248
2020-06-04,Black or African American,149,1964
2020-06-04,Other,69,565
2020-06-04,Unknown,529,7738
2020-06-04,White,164,5792
2020-06-04,Hispanic or Latino,263,1454
2020-06-04,Not Hispanic or Not Latino,921,16331
2020-06-03,Asian,15,301
2020-06-03,Black or African American,119,1702
2020-06-03,Other,49,645
2020-06-03,Unknown,705,10782
2020-06-03,White,199,7521
2020-06-03,Hispanic or Latino,225,1361
2020-06-03,Not Hispanic or Not Latino,1089,20978
2020-06-02,Asian,17,280
2020-06-02,Black or African American,146,2347
2020-06-02,Other,65,537
2020-06-02,Unknown,559,8606
2020-06-02,White,198,6376
2020-06-02,Hispanic or Latino,889,4961
2020-06-02,Not Hispanic or Not Latino,985,18179
2020-06-01,Asian,13,185
2020-06-01,Black or African American,130,1298
2020-06-01,Other,58,402
2020-06-01,Unknown,638,7888
2020-06-01,White,161,4602
2020-06-01,Hispanic or Latino,308,1319
2020-06-01,Not Hispanic or Not Latino,1005,14417
2020-05-31,Asian,14,280
2020-05-31,Black or African American,104,1299
2020-05-31,Other,56,660
2020-05-31,Unknown,843,10148
2020-05-31,White,190,5260
2020-05-31,Hispanic or Latino,280,1372
2020-05-31,Not Hispanic or Not Latino,1215,17689
2020-05-30,Asian,27,281
2020-05-30,Black or African American,157,1654
2020-05-30,Other,87,687
2020-05-30,Unknown,943,10832
2020-05-30,White,270,5746
2020-05-30,Hispanic or Latino,376,1595
2020-05-30,Not Hispanic or Not Latino,1494,19252
2020-05-29,Asian,31,287
2020-05-29,Black or African American,176,1927
2020-05-29,Other,93,747
2020-05-29,Unknown,1198,13127
2020-05-29,White,231,6128
2020-05-29,Hispanic or Latino,470,2312
2020-05-29,Not Hispanic or Not Latino,1735,22274
2020-05-28,Asian,36,313
2020-05-28,Black or African American,169,1614
2020-05-28,Other,93,680
2020-05-28,Unknown,946,9802
2020-05-28,White,275,6937
2020-05-28,Hispanic or Latino,517,1921
2020-05-28,Not Hispanic or Not Latino,1527,19393
2020-05-27,Asian,43,362
2020-05-27,Black or African American,188,1929
2020-05-27,Other,71,519
2020-05-27,Unknown,1015,9431
2020-05-27,White,385,7385
2020-05-27,Hispanic or Latino,493,2155
2020-05-27,Not Hispanic or Not Latino,1707,19681
2020-05-26,Asian,30,167
2020-05-26,Black or African American,157,1376
2020-05-26,Other,81,438
2020-05-26,Unknown,1002,8756
2020-05-26,White,214,4624
2020-05-26,Hispanic or Latino,341,1042
2020-05-26,Not Hispanic or Not Latino,1488,15399
2020-05-25,Asian,19,181
2020-05-25,Black or African American,156,1261
2020-05-25,Other,72,416
2020-05-25,Unknown,1056,9652
2020-05-25,White,200,4141
2020-05-25,Hispanic or Latino,345,1211
2020-05-25,Not Hispanic or Not Latino,1510,15690
2020-05-24,Asian,24,227
2020-05-24,Black or African American,191,1557
2020-05-24,Other,131,635
2020-05-24,Unknown,1483,12688
2020-05-24,White,254,4289
2020-05-24,Hispanic or Latino,547,1872
2020-05-24,Not Hispanic or Not Latino,2086,19451
2020-05-23,Asian,34,297
2020-05-23,Black or African American,227,1518
2020-05-23,Other,115,683
2020-05-23,Unknown,1880,14881
2020-05-23,White,313,4716
2020-05-23,Hispanic or Latino,646,2332
2020-05-23,Not Hispanic or Not Latino,2579,22153
2020-05-22,Asian,61,422
2020-05-22,Black or African American,257,2099
2020-05-22,Other,123,769
2020-05-22,Unknown,1681,15141
2020-05-22,White,375,6796
2020-05-22,Hispanic or Latino,797,3244
2020-05-22,Not Hispanic or Not Latino,2508,25295
2020-05-21,Asian,101,646
2020-05-21,Black or African American,312,2463
2020-05-21,Other,125,854
2020-05-21,Unknown,2459,18136
2020-05-21,White,571,8653
2020-05-21,Hispanic or Latino,1009,3604
2020-05-21,Not Hispanic or Not Latino,3577,30803
2020-05-20,Asian,50,412
2020-05-20,Black or African American,320,2396
2020-05-20,Other,105,617
2020-05-20,Unknown,1362,13878
2020-05-20,White,420,8737
2020-05-20,Hispanic or Latino,621,2437
2020-05-20,Not Hispanic or Not Latino,2270,26101
2020-05-19,Asian,34,298
2020-05-19,Black or African American,235,2361
2020-05-19,Other,90,529
2020-05-19,Unknown,2018,16267
2020-05-19,White,281,6540
2020-05-19,Hispanic or Latino,715,2735
2020-05-19,Not Hispanic or Not Latino,2669,26059
2020-05-18,Asian,34,178
2020-05-18,Black or African American,164,1301
2020-05-18,Other,79,470
2020-05-18,Unknown,981,8129
2020-05-18,White,249,4761
2020-05-18,Hispanic or Latino,500,1626
2020-05-18,Not Hispanic or Not Latino,1516,14882
2020-05-17,Asian,22,233
2020-05-17,Black or African American,161,1253
2020-05-17,Other,96,507
2020-05-17,Unknown,1415,11729
2020-05-17,White,251,4399
2020-05-17,Hispanic or Latino,623,2034
2020-05-17,Not Hispanic or Not Latino,1955,18161
2020-05-16,Asian,48,254
2020-05-16,Black or African American,237,1548
2020-05-16,Other,157,712
2020-05-16,Unknown,1000,8425
2020-05-16,White,381,5340
2020-05-16,Hispanic or Latino,552,1996
2020-05-16,Not Hispanic or Not Latino,1835,16327
2020-05-15,Asian,31,234
2020-05-15,Black or African American,236,1589
2020-05-15,Other,144,728
2020-05-15,Unknown,1496,11147
2020-05-15,White,375,5553
2020-05-15,Hispanic or Latino,781,2675
2020-05-15,Not Hispanic or Not Latino,2299,19296
2020-05-14,Asian,49,343
2020-05-14,Black or African American,403,2672
2020-05-14,Other,176,980
2020-05-14,Unknown,1448,9685
2020-05-14,White,439,7594
2020-05-14,Hispanic or Latino,1038,3311
2020-05-14,Not Hispanic or Not Latino,2523,21334
2020-05-13,Asian,35,269
2020-05-13,Black or African American,188,1357
2020-05-13,Other,123,632
2020-05-13,Unknown,1574,10244
2020-05-13,White,332,6189
2020-05-13,Hispanic or Latino,605,1979
2020-05-13,Not Hispanic or Not Latino,2260,18742
2020-05-12,Asian,19,195
2020-05-12,Black or African American,153,1057
2020-05-12,Other,116,460
2020-05-12,Unknown,958,7488
2020-05-12,White,353,4742
2020-05-12,Hispanic or Latino,547,1740
2020-05-12,Not Hispanic or Not Latino,1609,14001
2020-05-11,Asian,31,210
2020-05-11,Black or African American,194,1347
2020-05-11,Other,130,540
2020-05-11,Unknown,2852,18056
2020-05-11,White,293,4003
2020-05-11,Hispanic or Latino,853,2653
2020-05-11,Not Hispanic or Not Latino,3513,24215
2020-05-10,Asian,26,186
2020-05-10,Black or African American,126,759
2020-05-10,Other,90,466
2020-05-10,Unknown,588,4935
2020-05-10,White,228,3649
2020-05-10,Hispanic or Latino,362,1190
2020-05-10,Not Hispanic or Not Latino,1061,10023
2020-05-09,Asian,31,190
2020-05-09,Black or African American,183,1242
2020-05-09,Other,130,623
2020-05-09,Unknown,617,4625
2020-05-09,White,329,4042
2020-05-09,Hispanic or Latino,644,1850
2020-05-09,Not Hispanic or Not Latino,1295,10764
2020-05-08,Asian,47,257
2020-05-08,Black or African American,184,1185
2020-05-08,Other,100,578
2020-05-08,Unknown,1246,7296
2020-05-08,White,365,3976
2020-05-08,Hispanic or Latino,694,2073
2020-05-08,Not Hispanic or Not Latino,1944,13304
2020-05-07,Asian,43,276
2020-05-07,Black or African American,234,1493
2020-05-07,Other,182,794
2020-05-07,Unknown,1617,9107
2020-05-07,White,408,4330
2020-05-07,Hispanic or Latino,841,2308
2020-05-07,Not Hispanic or Not Latino,2490,16032
2020-05-06,Asian,58,295
2020-05-06,Black or African American,301,1622
2020-05-06,Other,192,716
2020-05-06,Unknown,1285,6920
2020-05-06,White,478,4604
2020-05-06,Hispanic or Latino,749,2195
2020-05-06,Not Hispanic or Not Latino,2324,14193
2020-05-05,Asian,31,267
2020-05-05,Black or African American,234,1229
2020-05-05,Other,159,586
2020-05-05,Unknown,1053,5783
2020-05-05,White,400,4130
2020-05-05,Hispanic or Latino,543,1678
2020-05-05,Not Hispanic or Not Latino,1881,12018
2020-05-04,Asian,29,224
2020-05-04,Black or African American,200,1162
2020-05-04,Other,90,392
2020-05-04,Unknown,1260,5541
2020-05-04,White,238,2612
2020-05-04,Hispanic or Latino,498,1379
2020-05-04,Not Hispanic or Not Latino,1818,9939
2020-05-03,Asian,49,245
2020-05-03,Black or African American,167,913
2020-05-03,Other,132,649
2020-05-03,Unknown,1115,5976
2020-05-03,White,272,3013
2020-05-03,Hispanic or Latino,594,1525
2020-05-03,Not Hispanic or Not Latino,1738,10816
2020-05-02,Asian,73,379
2020-05-02,Black or African American,495,1920
2020-05-02,Other,192,743
2020-05-02,Unknown,1690,8070
2020-05-02,White,532,4894
2020-05-02,Hispanic or Latino,717,1994
2020-05-02,Not Hispanic or Not Latino,2989,16043
2020-05-01,Asian,36,234
2020-05-01,Black or African American,209,1094
2020-05-01,Other,141,658
2020-05-01,Unknown,1378,6594
2020-05-01,White,369,3312
2020-05-01,Hispanic or Latino,664,1745
2020-05-01,Not Hispanic or Not Latino,2135,11909
2020-04-30,Asian,54,285
2020-04-30,Black or African American,268,1345
2020-04-30,Other,198,652
2020-04-30,Unknown,1468,7120
2020-04-30,White,396,3360
2020-04-30,Hispanic or Latino,669,1564
2020-04-30,Not Hispanic or Not Latino,2389,12775
2020-04-29,Asian,44,282
2020-04-29,Black or African American,286,1444
2020-04-29,Other,205,764
2020-04-29,Unknown,1423,8503
2020-04-29,White,467,4325
2020-04-29,Hispanic or Latino,570,1539
2020-04-29,Not Hispanic or Not Latino,2429,15342
2020-04-28,Asian,50,271
2020-04-28,Black or African American,246,1290
2020-04-28,Other,96,453
2020-04-28,Unknown,1205,6829
2020-04-28,White,411,3723
2020-04-28,Hispanic or Latino,484,1235
2020-04-28,Not Hispanic or Not Latino,2011,12579
2020-04-27,Asian,45,207
2020-04-27,Black or African American,207,833
2020-04-27,Other,97,311
2020-04-27,Unknown,1053,4524
2020-04-27,White,302,2153
2020-04-27,Hispanic or Latino,409,965
2020-04-27,Not Hispanic or Not Latino,1707,8039
2020-04-26,Asian,29,194
2020-04-26,Black or African American,209,1008
2020-04-26,Other,168,583
2020-04-26,Unknown,1219,6227
2020-04-26,White,330,2645
2020-04-26,Hispanic or Latino,388,1006
2020-04-26,Not Hispanic or Not Latino,1957,10671
2020-04-25,Asian,51,275
2020-04-25,Black or African American,247,1175
2020-04-25,Other,157,607
2020-04-25,Unknown,1587,7419
2020-04-25,White,435,3291
2020-04-25,Hispanic or Latino,482,1164
2020-04-25,Not Hispanic or Not Latino,2480,12786
2020-04-24,Asian,48,248
2020-04-24,Black or African American,296,1400
2020-04-24,Other,230,819
2020-04-24,Unknown,1156,5254
2020-04-24,White,476,3592
2020-04-24,Hispanic or Latino,477,1033
2020-04-24,Not Hispanic or Not Latino,2210,11335
2020-04-23,Asian,41,196
2020-04-23,Black or African American,297,1250
2020-04-23,Other,148,432
2020-04-23,Unknown,1240,5725
2020-04-23,White,360,2514
2020-04-23,Hispanic or Latino,483,1085
2020-04-23,Not Hispanic or Not Latino,2089,10129
2020-04-22,Asian,45,212
2020-04-22,Black or African American,265,1064
2020-04-22,Other,121,442
2020-04-22,Unknown,757,3124
2020-04-22,White,397,2779
2020-04-22,Hispanic or Latino,462,1046
2020-04-22,Not Hispanic or Not Latino,1587,7632
2020-04-21,Asian,36,156
2020-04-21,Black or African American,266,960
2020-04-21,Other,80,290
2020-04-21,Unknown,1173,5373
2020-04-21,White,264,1669
2020-04-21,Hispanic or Latino,269,609
2020-04-21,Not Hispanic or Not Latino,1820,8456
2020-04-20,Asian,23,103
2020-04-20,Black or African American,238,783
2020-04-20,Other,81,224
2020-04-20,Unknown,366,1864
2020-04-20,White,197,1206
2020-04-20,Hispanic or Latino,197,507
2020-04-20,Not Hispanic or Not Latino,907,4187
2020-04-19,Asian,23,89
2020-04-19,Black or African American,172,666
2020-04-19,Other,65,202
2020-04-19,Unknown,519,2145
2020-04-19,White,200,1133
2020-04-19,Hispanic or Latino,189,418
2020-04-19,Not Hispanic or Not Latino,981,4244
2020-04-18,Asian,40,179
2020-04-18,Black or African American,239,925
2020-04-18,Other,76,306
2020-04-18,Unknown,737,3683
2020-04-18,White,266,1497
2020-04-18,Hispanic or Latino,298,691
2020-04-18,Not Hispanic or Not Latino,1360,6598
2020-04-17,Asian,69,249
2020-04-17,Black or African American,271,1041
2020-04-17,Other,154,512
2020-04-17,Unknown,790,4402
2020-04-17,White,302,2057
2020-04-17,Hispanic or Latino,347,839
2020-04-17,Not Hispanic or Not Latino,1589,8272
2020-04-16,Asian,28,102
2020-04-16,Black or African American,209,811
2020-04-16,Other,79,219
2020-04-16,Unknown,586,2516
2020-04-16,White,209,1238
2020-04-16,Hispanic or Latino,176,366
2020-04-16,Not Hispanic or Not Latino,1114,4892
2020-04-15,Asian,45,163
2020-04-15,Black or African American,259,937
2020-04-15,Other,97,345
2020-04-15,Unknown,651,2482
2020-04-15,White,293,2063
2020-04-15,Hispanic or Latino,277,635
2020-04-15,Not Hispanic or Not Latino,1347,5999
2020-04-14,Asian,29,113
2020-04-14,Black or African American,204,719
2020-04-14,Other,63,224
2020-04-14,Unknown,459,1826
2020-04-14,White,219,1160
2020-04-14,Hispanic or Latino,186,381
2020-04-14,Not Hispanic or Not Latino,976,4049
2020-04-13,Asian,20,68
2020-04-13,Black or African American,186,611
2020-04-13,Other,68,223
2020-04-13,Unknown,480,1955
2020-04-13,White,168,840
2020-04-13,Hispanic or Latino,140,307
2020-04-13,Not Hispanic or Not Latino,922,3702
2020-04-12,Asian,27,78
2020-04-12,Black or African American,216,694
2020-04-12,Other,85,239
2020-04-12,Unknown,827,3587
2020-04-12,White,187,967
2020-04-12,Hispanic or Latino,146,330
2020-04-12,Not Hispanic or Not Latino,1344,5569
2020-04-11,Asian,56,145
2020-04-11,Black or African American,227,783
2020-04-11,Other,89,302
2020-04-11,Unknown,1065,4719
2020-04-11,White,219,1239
2020-04-11,Hispanic or Latino,156,410
2020-04-11,Not Hispanic or Not Latino,1659,7201
2020-04-10,Asian,21,80
2020-04-10,Black or African American,245,735
2020-04-10,Other,56,216
2020-04-10,Unknown,1014,4259
2020-04-10,White,186,1090
2020-04-10,Hispanic or Latino,149,291
2020-04-10,Not Hispanic or Not Latino,1526,6394
2020-04-09,Asian,28,108
2020-04-09,Black or African American,312,841
2020-04-09,Other,103,336
2020-04-09,Unknown,743,3345
2020-04-09,White,270,1425
2020-04-09,Hispanic or Latino,157,391
2020-04-09,Not Hispanic or Not Latino,1458,6062
2020-04-08,Asian,39,113
2020-04-08,Black or African American,268,705
2020-04-08,Other,94,322
2020-04-08,Unknown,601,2369
2020-04-08,White,290,1388
2020-04-08,Hispanic or Latino,148,302
2020-04-08,Not Hispanic or Not Latino,1295,4907
2020-04-07,Asian,32,101
2020-04-07,Black or African American,249,591
2020-04-07,Other,80,223
2020-04-07,Unknown,676,3597
2020-04-07,White,226,1023
2020-04-07,Hispanic or Latino,98,179
2020-04-07,Not Hispanic or Not Latino,1266,5540
2020-04-06,Asian,25,78
2020-04-06,Black or African American,222,628
2020-04-06,Other,75,209
2020-04-06,Unknown,611,3348
2020-04-06,White,184,825
2020-04-06,Hispanic or Latino,116,215
2020-04-06,Not Hispanic or Not Latino,1118,5091
2020-04-05,Asian,22,72
2020-04-05,Black or African American,147,424
2020-04-05,Other,61,190
2020-04-05,Unknown,513,2545
2020-04-05,White,169,777
2020-04-05,Hispanic or Latino,68,146
2020-04-05,Not Hispanic or Not Latino,914,4014
2020-04-04,Asian,34,103
2020-04-04,Black or African American,299,920
2020-04-04,Other,61,231
2020-04-04,Unknown,549,2825
2020-04-04,White,222,1237
2020-04-04,Hispanic or Latino,106,221
2020-04-04,Not Hispanic or Not Latino,1167,5322
2020-04-03,Asian,22,74
2020-04-03,Black or African American,244,634
2020-04-03,Other,76,233
2020-04-03,Unknown,601,3194
2020-04-03,White,209,1167
2020-04-03,Hispanic or Latino,72,179
2020-04-03,Not Hispanic or Not Latino,1154,5308
2020-04-02,Asian,49,149
2020-04-02,Black or African American,318,775
2020-04-02,Other,60,248
2020-04-02,Unknown,413,1936
2020-04-02,White,300,1332
2020-04-02,Hispanic or Latino,82,191
2020-04-02,Not Hispanic or Not Latino,1142,4452
2020-04-01,Asian,25,75
2020-04-01,Black or African American,261,615
2020-04-01,Other,62,221
2020-04-01,Unknown,362,1721
2020-04-01,White,230,1019
2020-04-01,Hispanic or Latino,81,185
2020-04-01,Not Hispanic or Not Latino,940,3653
2020-03-31,Asian,14,68
2020-03-31,Black or African American,207,481
2020-03-31,Other,42,171
2020-03-31,Unknown,439,2232
2020-03-31,White,155,859
2020-03-31,Hispanic or Latino,54,115
2020-03-31,Not Hispanic or Not Latino,857,3815
2020-03-30,Asian,19,70
2020-03-30,Black or African American,219,456
2020-03-30,Other,52,157
2020-03-30,Unknown,579,2923
2020-03-30,White,161,672
2020-03-30,Hispanic or Latino,58,138
2020-03-30,Not Hispanic or Not Latino,1032,4281
2020-03-29,Asian,12,60
2020-03-29,Black or African American,178,425
2020-03-29,Other,41,162
2020-03-29,Unknown,152,990
2020-03-29,White,112,701
2020-03-29,Hispanic or Latino,35,94
2020-03-29,Not Hispanic or Not Latino,497,2342
2020-03-28,Asian,16,86
2020-03-28,Black or African American,230,580
2020-03-28,Other,57,238
2020-03-28,Unknown,201,1107
2020-03-28,White,223,1161
2020-03-28,Hispanic or Latino,50,165
2020-03-28,Not Hispanic or Not Latino,728,3177
2020-03-27,Asian,12,81
2020-03-27,Black or African American,195,503
2020-03-27,Other,51,192
2020-03-27,Unknown,249,1563
2020-03-27,White,173,928
2020-03-27,Hispanic or Latino,38,137
2020-03-27,Not Hispanic or Not Latino,680,3272
2020-03-26,Asian,13,84
2020-03-26,Black or African American,210,513
2020-03-26,Other,39,189
2020-03-26,Unknown,465,2780
2020-03-26,White,184,914
2020-03-26,Hispanic or Latino,25,107
2020-03-26,Not Hispanic or Not Latino,913,4484
2020-03-25,Asian,16,76
2020-03-25,Black or African American,120,347
2020-03-25,Other,41,166
2020-03-25,Unknown,91,629
2020-03-25,White,139,701
2020-03-25,Hispanic or Latino,28,96
2020-03-25,Not Hispanic or Not Latino,409,1925
2020-03-24,Asian,13,79
2020-03-24,Black or African American,81,375
2020-03-24,Other,30,153
2020-03-24,Unknown,123,788
2020-03-24,White,117,906
2020-03-24,Hispanic or Latino,22,119
2020-03-24,Not Hispanic or Not Latino,364,2305
2020-03-23,Asian,10,76
2020-03-23,Black or African American,112,408
2020-03-23,Other,24,110
2020-03-23,Unknown,61,460
2020-03-23,White,78,668
2020-03-23,Hispanic or Latino,18,87
2020-03-23,Not Hispanic or Not Latino,285,1727
2020-03-22,Asian,3,29
2020-03-22,Black or African American,49,261
2020-03-22,Other,1,35
2020-03-22,Unknown,41,442
2020-03-22,White,25,287
2020-03-22,Hispanic or Latino,8,50
2020-03-22,Not Hispanic or Not Latino,119,1057
2020-03-21,Asian,8,49
2020-03-21,Black or African American,92,344
2020-03-21,Other,35,95
2020-03-21,Unknown,55,503
2020-03-21,White,124,617
2020-03-21,Hispanic or Latino,9,64
2020-03-21,Not Hispanic or Not Latino,315,1614
2020-03-20,Asian,2,58
2020-03-20,Black or African American,12,278
2020-03-20,Other,6,86
2020-03-20,Unknown,68,595
2020-03-20,White,49,620
2020-03-20,Hispanic or Latino,6,93
2020-03-20,Not Hispanic or Not Latino,137,1639
2020-03-19,Asian,2,24
2020-03-19,Black or African American,7,92
2020-03-19,Other,2,75
2020-03-19,Unknown,25,333
2020-03-19,White,11,465
2020-03-19,Hispanic or Latino,5,66
2020-03-19,Not Hispanic or Not Latino,47,991
2020-03-18,Asian,0,15
2020-03-18,Black or African American,3,43
2020-03-18,Other,4,44
2020-03-18,Unknown,43,447
2020-03-18,White,23,252
2020-03-18,Hispanic or Latino,6,65
2020-03-18,Not Hispanic or Not Latino,73,803
2020-03-17,Asian,1,6
2020-03-17,Black or African American,3,39
2020-03-17,Other,1,13
2020-03-17,Unknown,53,268
2020-03-17,White,9,95
2020-03-17,Hispanic or Latino,3,28
2020-03-17,Not Hispanic or Not Latino,67,422
2020-03-16,Asian,0,1
2020-03-16,Other,0,3
2020-03-16,Unknown,7,160
2020-03-16,White,4,27
2020-03-16,Hispanic or Latino,2,4
2020-03-16,Not Hispanic or Not Latino,11,191
2020-03-15,Asian,0,2
2020-03-15,Other,2,8
2020-03-15,Unknown,7,86
2020-03-15,White,5,44
2020-03-15,Hispanic or Latino,1,8
2020-03-15,Not Hispanic or Not Latino,14,140
2020-03-14,Asian,2,3
2020-03-14,Other,1,11
2020-03-14,Unknown,12,116
2020-03-14,White,13,82
2020-03-14,Hispanic or Latino,0,23
2020-03-14,Not Hispanic or Not Latino,28,212
2020-03-13,Asian,0,3
2020-03-13,Other,0,14
2020-03-13,Unknown,13,176
2020-03-13,White,12,83
2020-03-13,Hispanic or Latino,0,13
2020-03-13,Not Hispanic or Not Latino,25,276
2020-03-12,Asian,2,21
2020-03-12,Other,1,3
2020-03-12,Unknown,16,220
2020-03-12,White,9,99
2020-03-12,Hispanic or Latino,0,13
2020-03-12,Not Hispanic or Not Latino,28,343
2020-03-11,Asian,0,2
2020-03-11,Other,0,2
2020-03-11,Unknown,5,53
2020-03-11,White,4,28
2020-03-11,Hispanic or Latino,0,3
2020-03-11,Not Hispanic or Not Latino,9,87
2020-03-10,Asian,1,6
2020-03-10,Other,0,2
2020-03-10,Unknown,7,98
2020-03-10,White,10,49
2020-03-10,Hispanic or Latino,0,9
2020-03-10,Not Hispanic or Not Latino,18,155
2020-03-09,Unknown,3,39
2020-03-09,White,5,21
2020-03-09,Not Hispanic or Not Latino,8,60
2020-03-08,Unknown,2,53
2020-03-08,Not Hispanic or Not Latino,2,53
2020-03-07,Asian,0,4
2020-03-07,Unknown,0,61
2020-03-07,White,1,16
2020-03-07,Hispanic or Latino,0,9
2020-03-07,Not Hispanic or Not Latino,1,81
2020-03-06,Asian,0,8
2020-03-06,Unknown,3,81
2020-03-06,White,0,28
2020-03-06,Hispanic or Latino,0,1
2020-03-06,Not Hispanic or Not Latino,3,117
2020-03-05,Asian,1,6
2020-03-05,Other,0,2
2020-03-05,Unknown,0,48
2020-03-05,White,0,6
2020-03-05,Hispanic or Latino,0,3
2020-03-05,Not Hispanic or Not Latino,1,62
2020-03-04,Asian,0,7
2020-03-04,Other,0,1
2020-03-04,Unknown,4,23
2020-03-04,White,0,31
2020-03-04,Hispanic or Latino,0,2
2020-03-04,Not Hispanic or Not Latino,4,62
2020-03-03,Asian,0,11
2020-03-03,Other,0,4
2020-03-03,Unknown,0,8
2020-03-03,White,0,21
2020-03-03,Hispanic or Latino,0,2
2020-03-03,Not Hispanic or Not Latino,0,44
2020-02-29,Asian,0,3
2020-02-29,Other,0,3
2020-02-29,Unknown,0,12
2020-02-29,White,0,7
2020-02-29,Not Hispanic or Not Latino,0,25
2020-02-28,Other,0,1
2020-02-28,Unknown,0,1
2020-02-28,White,0,8
2020-02-28,Not Hispanic or Not Latino,0,10
2020-02-27,Other,0,3
2020-02-27,Unknown,0,3
2020-02-27,White,0,3
2020-02-27,Not Hispanic or Not Latino,0,9
