{"lastUpdatedDate":{"year":2020,"month":11,"day":3},"county_demographics":[{"County":"McDonough","confirmed_cases":858,"total_tested":14328,"demographics":{"age":[{"age_group":"<20","count":159,"tested":1898},{"age_group":"Unknown","count":0,"tested":0},{"age_group":"60-69   ","count":67,"tested":1665},{"age_group":"80+","count":43,"tested":1750},{"age_group":"40-49   ","count":61,"tested":1375},{"age_group":"30-39   ","count":82,"tested":1813},{"age_group":"50-59   ","count":52,"tested":1625},{"age_group":"70-79   ","count":42,"tested":1428},{"age_group":"20-29   ","count":352,"tested":2772}],"race":[{"description":"AI/AN**","count":0,"tested":0,"color":"rgb(31,119,180)"},{"description":"Black","count":88,"tested":408,"color":"rgb(255,127,14)"},{"description":"Left Blank","count":90,"tested":4943,"color":"rgb(44,160,44)"},{"description":"NH/PI*","count":0,"tested":16,"color":"rgb(127,127,127)"},{"description":"Other","count":8,"tested":131,"color":"rgb(148,103,189)"},{"description":"Asian","count":16,"tested":56,"color":"rgb(140,86,75)"},{"description":"Hispanic","count":51,"tested":125,"color":"rgb(214,39,40)"},{"description":"White","count":604,"tested":8644,"color":"rgb(31,119,180)"}],"gender":[{"description":"Female","count":459,"tested":8656,"color":"rgb(255,127,14)"},{"description":"Male","count":392,"tested":5221,"color":"rgb(31,119,180)"},{"description":"Unknown/Left Blank","count":7,"tested":451,"color":"rgb(44,160,44)"}]}}]}
