{"lastUpdatedDate":{"year":2020,"month":11,"day":3},"county_demographics":[{"County":"Henderson","confirmed_cases":145,"total_tested":2237,"demographics":{"age":[{"age_group":"<20","count":9,"tested":291},{"age_group":"50-59   ","count":31,"tested":308},{"age_group":"20-29   ","count":19,"tested":250},{"age_group":"30-39   ","count":16,"tested":304},{"age_group":"70-79   ","count":11,"tested":227},{"age_group":"40-49   ","count":23,"tested":312},{"age_group":"60-69   ","count":31,"tested":316},{"age_group":"80+","count":0,"tested":229}],"race":[{"description":"White","count":99,"tested":1334,"color":"rgb(31,119,180)"},{"description":"AI/AN**","count":0,"tested":0,"color":"rgb(31,119,180)"},{"description":"Left Blank","count":46,"tested":878,"color":"rgb(44,160,44)"},{"description":"Other","count":0,"tested":17,"color":"rgb(148,103,189)"},{"description":"Hispanic","count":0,"tested":0,"color":"rgb(214,39,40)"}],"gender":[{"description":"Female","count":75,"tested":1406,"color":"rgb(255,127,14)"},{"description":"Male","count":63,"tested":746,"color":"rgb(31,119,180)"},{"description":"Unknown/Left Blank","count":7,"tested":85,"color":"rgb(44,160,44)"}]}}]}
