{"lastUpdatedDate":{"year":2020,"month":11,"day":3},"county_demographics":[{"County":"Christian","confirmed_cases":942,"total_tested":15240,"demographics":{"age":[{"age_group":"<20","count":57,"tested":1556},{"age_group":"Unknown","count":0,"tested":0},{"age_group":"20-29   ","count":133,"tested":2157},{"age_group":"30-39   ","count":144,"tested":1855},{"age_group":"70-79   ","count":78,"tested":1683},{"age_group":"50-59   ","count":162,"tested":2231},{"age_group":"80+","count":100,"tested":1826},{"age_group":"40-49   ","count":153,"tested":1738},{"age_group":"60-69   ","count":115,"tested":2191}],"race":[{"description":"Black","count":21,"tested":60,"color":"rgb(255,127,14)"},{"description":"NH/PI*","count":0,"tested":0,"color":"rgb(127,127,127)"},{"description":"Other","count":14,"tested":260,"color":"rgb(148,103,189)"},{"description":"AI/AN**","count":0,"tested":0,"color":"rgb(31,119,180)"},{"description":"Asian","count":0,"tested":30,"color":"rgb(140,86,75)"},{"description":"Hispanic","count":13,"tested":55,"color":"rgb(214,39,40)"},{"description":"Left Blank","count":506,"tested":7584,"color":"rgb(44,160,44)"},{"description":"White","count":387,"tested":7245,"color":"rgb(31,119,180)"}],"gender":[{"description":"Female","count":473,"tested":9294,"color":"rgb(255,127,14)"},{"description":"Male","count":458,"tested":5760,"color":"rgb(31,119,180)"},{"description":"Unknown/Left Blank","count":11,"tested":186,"color":"rgb(44,160,44)"}]}}]}
