{"lastUpdatedDate":{"year":2020,"month":11,"day":3},"county_demographics":[{"County":"Mercer","confirmed_cases":362,"total_tested":6967,"demographics":{"age":[{"age_group":"30-39   ","count":46,"tested":736},{"age_group":"80+","count":24,"tested":837},{"age_group":"<20","count":47,"tested":1083},{"age_group":"50-59   ","count":67,"tested":1004},{"age_group":"20-29   ","count":45,"tested":815},{"age_group":"60-69   ","count":53,"tested":951},{"age_group":"Unknown","count":0,"tested":13},{"age_group":"40-49   ","count":51,"tested":837},{"age_group":"70-79   ","count":29,"tested":691}],"race":[{"description":"Asian","count":0,"tested":0,"color":"rgb(140,86,75)"},{"description":"White","count":165,"tested":3509,"color":"rgb(31,119,180)"},{"description":"Black","count":0,"tested":7,"color":"rgb(255,127,14)"},{"description":"Hispanic","count":7,"tested":37,"color":"rgb(214,39,40)"},{"description":"NH/PI*","count":0,"tested":0,"color":"rgb(127,127,127)"},{"description":"Other","count":0,"tested":103,"color":"rgb(148,103,189)"},{"description":"Left Blank","count":185,"tested":3306,"color":"rgb(44,160,44)"}],"gender":[{"description":"Female","count":184,"tested":4030,"color":"rgb(255,127,14)"},{"description":"Male","count":171,"tested":2799,"color":"rgb(31,119,180)"},{"description":"Unknown/Left Blank","count":7,"tested":138,"color":"rgb(44,160,44)"}]}}]}
