{"lastUpdatedDate":{"year":2021,"month":3,"day":28},"county_demographics":[{"County":"Edwards","confirmed_cases":540,"total_tested":4086,"demographics":{"age":[{"race":[],"age_group":"<20","count":77,"tested":773,"deaths":0},{"race":[],"age_group":"20-29   ","count":65,"tested":604,"deaths":0},{"race":[],"age_group":"30-39   ","count":60,"tested":530,"deaths":0},{"race":[],"age_group":"40-49   ","count":76,"tested":590,"deaths":0},{"race":[],"age_group":"50-59   ","count":81,"tested":624,"deaths":0},{"race":[],"age_group":"60-69   ","count":81,"tested":490,"deaths":0},{"race":[],"age_group":"70-79   ","count":68,"tested":300,"deaths":0},{"race":[],"age_group":"80+","count":30,"tested":174,"deaths":0},{"race":[],"age_group":"Unknown","count":0,"tested":0,"deaths":0}],"race":[{"description":"Asian","count":0,"tested":0,"deaths":0,"color":"rgb(140,86,75)"},{"description":"Black","count":0,"tested":8,"deaths":0,"color":"rgb(255,127,14)"},{"description":"Hispanic","count":0,"tested":8,"deaths":0,"color":"rgb(214,39,40)"},{"description":"Left Blank","count":53,"tested":932,"deaths":0,"color":"rgb(44,160,44)"},{"description":"NH/PI*","count":0,"tested":0,"deaths":0,"color":"rgb(127,127,127)"},{"description":"Other","count":0,"tested":8,"deaths":0,"color":"rgb(148,103,189)"},{"description":"White","count":484,"tested":3124,"deaths":0,"color":"rgb(31,119,180)"}],"gender":[{"description":"Female","count":286,"tested":2654,"deaths":0,"color":"rgb(255,127,14)"},{"description":"Male","count":247,"tested":1257,"deaths":0,"color":"rgb(31,119,180)"},{"description":"Unknown/Left Blank","count":7,"tested":175,"deaths":0,"color":"rgb(44,160,44)"}]}}]}
