{"lastUpdatedDate":{"year":2021,"month":3,"day":28},"county_demographics":[{"County":"Moultrie","confirmed_cases":1530,"total_tested":22181,"demographics":{"age":[{"race":[],"age_group":"<20","count":251,"tested":3408,"deaths":0},{"race":[],"age_group":"20-29   ","count":179,"tested":3428,"deaths":0},{"race":[],"age_group":"30-39   ","count":180,"tested":3031,"deaths":0},{"race":[],"age_group":"40-49   ","count":164,"tested":3026,"deaths":0},{"race":[],"age_group":"50-59   ","count":244,"tested":3258,"deaths":0},{"race":[],"age_group":"60-69   ","count":227,"tested":2759,"deaths":0},{"race":[],"age_group":"70-79   ","count":149,"tested":1702,"deaths":0},{"race":[],"age_group":"80+","count":136,"tested":1552,"deaths":0},{"race":[],"age_group":"Unknown","count":0,"tested":17,"deaths":0}],"race":[{"description":"AI/AN**","count":0,"tested":0,"deaths":0,"color":"rgb(31,119,180)"},{"description":"Asian","count":0,"tested":43,"deaths":0,"color":"rgb(140,86,75)"},{"description":"Black","count":14,"tested":209,"deaths":0,"color":"rgb(255,127,14)"},{"description":"Hispanic","count":12,"tested":100,"deaths":0,"color":"rgb(214,39,40)"},{"description":"Left Blank","count":401,"tested":7278,"deaths":0,"color":"rgb(44,160,44)"},{"description":"NH/PI*","count":0,"tested":19,"deaths":0,"color":"rgb(127,127,127)"},{"description":"Other","count":13,"tested":364,"deaths":0,"color":"rgb(148,103,189)"},{"description":"White","count":1087,"tested":14163,"deaths":0,"color":"rgb(31,119,180)"}],"gender":[{"description":"Female","count":796,"tested":14041,"deaths":0,"color":"rgb(255,127,14)"},{"description":"Male","count":704,"tested":7112,"deaths":0,"color":"rgb(31,119,180)"},{"description":"Unknown/Left Blank","count":30,"tested":1028,"deaths":0,"color":"rgb(44,160,44)"}]}}]}
