{"lastUpdatedDate":{"year":2021,"month":3,"day":28},"county_demographics":[{"County":"Ogle","confirmed_cases":5368,"total_tested":56534,"demographics":{"age":[{"race":[],"age_group":"<20","count":854,"tested":8105,"deaths":0},{"race":[],"age_group":"20-29   ","count":867,"tested":8596,"deaths":0},{"race":[],"age_group":"30-39   ","count":836,"tested":8264,"deaths":0},{"race":[],"age_group":"40-49   ","count":804,"tested":7282,"deaths":0},{"race":[],"age_group":"50-59   ","count":836,"tested":8359,"deaths":0},{"race":[],"age_group":"60-69   ","count":552,"tested":6941,"deaths":0},{"race":[],"age_group":"70-79   ","count":312,"tested":3734,"deaths":0},{"race":[],"age_group":"80+","count":245,"tested":5225,"deaths":0},{"race":[],"age_group":"Unknown","count":62,"tested":28,"deaths":0}],"race":[{"description":"AI/AN**","count":0,"tested":59,"deaths":0,"color":"rgb(31,119,180)"},{"description":"Asian","count":7,"tested":91,"deaths":0,"color":"rgb(140,86,75)"},{"description":"Black","count":33,"tested":531,"deaths":0,"color":"rgb(255,127,14)"},{"description":"Hispanic","count":475,"tested":1569,"deaths":0,"color":"rgb(214,39,40)"},{"description":"Left Blank","count":2161,"tested":24912,"deaths":0,"color":"rgb(44,160,44)"},{"description":"NH/PI*","count":0,"tested":0,"deaths":0,"color":"rgb(127,127,127)"},{"description":"Other","count":76,"tested":720,"deaths":0,"color":"rgb(148,103,189)"},{"description":"White","count":2610,"tested":28648,"deaths":0,"color":"rgb(31,119,180)"}],"gender":[{"description":"Female","count":2816,"tested":35278,"deaths":0,"color":"rgb(255,127,14)"},{"description":"Male","count":2481,"tested":17922,"deaths":0,"color":"rgb(31,119,180)"},{"description":"Unknown/Left Blank","count":71,"tested":3334,"deaths":0,"color":"rgb(44,160,44)"}]}}]}
