{"lastUpdatedDate":{"year":2021,"month":3,"day":28},"county_demographics":[{"County":"Marion","confirmed_cases":4354,"total_tested":78811,"demographics":{"age":[{"race":[],"age_group":"<20","count":546,"tested":5885,"deaths":0},{"race":[],"age_group":"20-29   ","count":602,"tested":13364,"deaths":0},{"race":[],"age_group":"30-39   ","count":615,"tested":15442,"deaths":0},{"race":[],"age_group":"40-49   ","count":634,"tested":13391,"deaths":0},{"race":[],"age_group":"50-59   ","count":659,"tested":11019,"deaths":0},{"race":[],"age_group":"60-69   ","count":603,"tested":8175,"deaths":0},{"race":[],"age_group":"70-79   ","count":375,"tested":4691,"deaths":0},{"race":[],"age_group":"80+","count":320,"tested":5921,"deaths":0},{"race":[],"age_group":"Unknown","count":0,"tested":923,"deaths":0}],"race":[{"description":"AI/AN**","count":7,"tested":37,"deaths":0,"color":"rgb(31,119,180)"},{"description":"Asian","count":0,"tested":112,"deaths":0,"color":"rgb(140,86,75)"},{"description":"Black","count":135,"tested":2146,"deaths":0,"color":"rgb(255,127,14)"},{"description":"Hispanic","count":39,"tested":242,"deaths":0,"color":"rgb(214,39,40)"},{"description":"Left Blank","count":845,"tested":47020,"deaths":0,"color":"rgb(44,160,44)"},{"description":"NH/PI*","count":0,"tested":13,"deaths":0,"color":"rgb(127,127,127)"},{"description":"Other","count":50,"tested":820,"deaths":0,"color":"rgb(148,103,189)"},{"description":"White","count":3269,"tested":28421,"deaths":0,"color":"rgb(31,119,180)"}],"gender":[{"description":"Female","count":2447,"tested":34885,"deaths":0,"color":"rgb(255,127,14)"},{"description":"Male","count":1870,"tested":25801,"deaths":0,"color":"rgb(31,119,180)"},{"description":"Unknown/Left Blank","count":32,"tested":18125,"deaths":0,"color":"rgb(44,160,44)"}]}}]}
