{"lastUpdatedDate":{"year":2021,"month":3,"day":28},"county_demographics":[{"County":"Lawrence","confirmed_cases":2366,"total_tested":43482,"demographics":{"age":[{"race":[],"age_group":"<20","count":162,"tested":2303,"deaths":0},{"race":[],"age_group":"20-29   ","count":470,"tested":9729,"deaths":0},{"race":[],"age_group":"30-39   ","count":479,"tested":10005,"deaths":0},{"race":[],"age_group":"40-49   ","count":403,"tested":8947,"deaths":0},{"race":[],"age_group":"50-59   ","count":349,"tested":5715,"deaths":0},{"race":[],"age_group":"60-69   ","count":253,"tested":3642,"deaths":0},{"race":[],"age_group":"70-79   ","count":151,"tested":1594,"deaths":0},{"race":[],"age_group":"80+","count":98,"tested":1491,"deaths":0},{"race":[],"age_group":"Unknown","count":0,"tested":56,"deaths":0}],"race":[{"description":"AI/AN**","count":0,"tested":0,"deaths":0,"color":"rgb(31,119,180)"},{"description":"Asian","count":0,"tested":10,"deaths":0,"color":"rgb(140,86,75)"},{"description":"Black","count":364,"tested":1621,"deaths":0,"color":"rgb(255,127,14)"},{"description":"Hispanic","count":18,"tested":101,"deaths":0,"color":"rgb(214,39,40)"},{"description":"Left Blank","count":832,"tested":33341,"deaths":0,"color":"rgb(44,160,44)"},{"description":"NH/PI*","count":0,"tested":0,"deaths":0,"color":"rgb(127,127,127)"},{"description":"Other","count":6,"tested":63,"deaths":0,"color":"rgb(148,103,189)"},{"description":"White","count":1137,"tested":8343,"deaths":0,"color":"rgb(31,119,180)"}],"gender":[{"description":"Female","count":775,"tested":10085,"deaths":0,"color":"rgb(255,127,14)"},{"description":"Male","count":1272,"tested":22578,"deaths":0,"color":"rgb(31,119,180)"},{"description":"Unknown/Left Blank","count":316,"tested":10819,"deaths":0,"color":"rgb(44,160,44)"}]}}]}
