{"age":[{"age_group":"<20","count":87,"tested":753},{"age_group":"20-29   ","count":94,"tested":1012},{"age_group":"30-39   ","count":108,"tested":1114},{"age_group":"40-49   ","count":77,"tested":798},{"age_group":"50-59   ","count":128,"tested":1210},{"age_group":"60-69   ","count":64,"tested":1048},{"age_group":"70-79   ","count":37,"tested":428},{"age_group":"80+","count":14,"tested":184}],"race":[{"description":"Asian","count":12,"tested":187,"color":"rgb(140,86,75)"},{"description":"Black","count":32,"tested":315,"color":"rgb(255,127,14)"},{"description":"Hispanic","count":83,"tested":710,"color":"rgb(214,39,40)"},{"description":"Left Blank","count":163,"tested":2007,"color":"rgb(44,160,44)"},{"description":"Other","count":24,"tested":233,"color":"rgb(148,103,189)"},{"description":"White","count":294,"tested":3083,"color":"rgb(31,119,180)"}],"gender":[]}
