{"age":[{"age_group":"<20","count":517,"tested":14070},{"age_group":"20-29   ","count":395,"tested":7426},{"age_group":"30-39   ","count":438,"tested":7523},{"age_group":"40-49   ","count":484,"tested":8143},{"age_group":"50-59   ","count":464,"tested":8526},{"age_group":"60-69   ","count":402,"tested":8310},{"age_group":"70-79   ","count":164,"tested":4924},{"age_group":"80+","count":178,"tested":5777}],"race":[{"description":"Asian","count":320,"tested":7642,"color":"rgb(140,86,75)"},{"description":"Black","count":27,"tested":990,"color":"rgb(255,127,14)"},{"description":"Hispanic","count":288,"tested":4159,"color":"rgb(214,39,40)"},{"description":"Left Blank","count":598,"tested":15963,"color":"rgb(44,160,44)"},{"description":"NH/PI*","count":8,"tested":97,"color":"rgb(127,127,127)"},{"description":"Other","count":187,"tested":2511,"color":"rgb(148,103,189)"},{"description":"White","count":1609,"tested":33226,"color":"rgb(31,119,180)"}],"gender":[]}
