{"age":[{"age_group":"<20","count":702,"tested":11324},{"age_group":"20-29   ","count":497,"tested":7993},{"age_group":"30-39   ","count":321,"tested":6227},{"age_group":"40-49   ","count":522,"tested":7331},{"age_group":"50-59   ","count":631,"tested":9685},{"age_group":"60-69   ","count":392,"tested":7921},{"age_group":"70-79   ","count":218,"tested":5025},{"age_group":"80+","count":176,"tested":4688}],"race":[{"description":"AI/AN**","count":10,"tested":89,"color":"rgb(31,119,180)"},{"description":"Asian","count":184,"tested":3477,"color":"rgb(140,86,75)"},{"description":"Black","count":25,"tested":531,"color":"rgb(255,127,14)"},{"description":"Hispanic","count":130,"tested":1876,"color":"rgb(214,39,40)"},{"description":"Left Blank","count":1102,"tested":24626,"color":"rgb(44,160,44)"},{"description":"Other","count":130,"tested":1335,"color":"rgb(148,103,189)"},{"description":"White","count":1876,"tested":28206,"color":"rgb(31,119,180)"}],"gender":[]}
