{"age":[{"age_group":"<20","count":483,"tested":9484},{"age_group":"20-29   ","count":491,"tested":12107},{"age_group":"30-39   ","count":333,"tested":6307},{"age_group":"40-49   ","count":290,"tested":5947},{"age_group":"50-59   ","count":396,"tested":7817},{"age_group":"60-69   ","count":268,"tested":8903},{"age_group":"70-79   ","count":114,"tested":5327},{"age_group":"80+","count":139,"tested":10445}],"race":[{"description":"Asian","count":137,"tested":1548,"color":"rgb(140,86,75)"},{"description":"Black","count":81,"tested":1384,"color":"rgb(255,127,14)"},{"description":"Hispanic","count":145,"tested":1787,"color":"rgb(214,39,40)"},{"description":"Left Blank","count":385,"tested":33963,"color":"rgb(44,160,44)"},{"description":"Other","count":80,"tested":1168,"color":"rgb(148,103,189)"},{"description":"White","count":1679,"tested":26965,"color":"rgb(31,119,180)"}],"gender":[]}
