{"age":[{"age_group":"<20","count":617,"tested":8145},{"age_group":"20-29   ","count":414,"tested":5740},{"age_group":"30-39   ","count":323,"tested":5358},{"age_group":"40-49   ","count":409,"tested":4909},{"age_group":"50-59   ","count":473,"tested":6877},{"age_group":"60-69   ","count":251,"tested":4525},{"age_group":"70-79   ","count":119,"tested":2801},{"age_group":"80+","count":106,"tested":4643}],"race":[{"description":"Asian","count":43,"tested":608,"color":"rgb(140,86,75)"},{"description":"Black","count":15,"tested":352,"color":"rgb(255,127,14)"},{"description":"Hispanic","count":172,"tested":1386,"color":"rgb(214,39,40)"},{"description":"Left Blank","count":589,"tested":17106,"color":"rgb(44,160,44)"},{"description":"Other","count":59,"tested":976,"color":"rgb(148,103,189)"},{"description":"White","count":1834,"tested":22584,"color":"rgb(31,119,180)"}],"gender":[]}
