{"age":[{"age_group":"<20","count":708,"tested":7722},{"age_group":"20-29   ","count":774,"tested":10366},{"age_group":"30-39   ","count":690,"tested":9480},{"age_group":"40-49   ","count":682,"tested":7882},{"age_group":"50-59   ","count":847,"tested":10803},{"age_group":"60-69   ","count":455,"tested":7057},{"age_group":"70-79   ","count":180,"tested":4030},{"age_group":"80+","count":127,"tested":4551}],"race":[{"description":"AI/AN**","count":10,"tested":106,"color":"rgb(31,119,180)"},{"description":"Asian","count":413,"tested":5182,"color":"rgb(140,86,75)"},{"description":"Black","count":86,"tested":1088,"color":"rgb(255,127,14)"},{"description":"Hispanic","count":500,"tested":3491,"color":"rgb(214,39,40)"},{"description":"Left Blank","count":918,"tested":30304,"color":"rgb(44,160,44)"},{"description":"NH/PI*","count":12,"tested":129,"color":"rgb(127,127,127)"},{"description":"Other","count":151,"tested":1473,"color":"rgb(148,103,189)"},{"description":"White","count":2373,"tested":20155,"color":"rgb(31,119,180)"}],"gender":[]}
