{"age":[{"age_group":"<20","count":14,"tested":731},{"age_group":"20-29   ","count":129,"tested":3728},{"age_group":"30-39   ","count":86,"tested":2828},{"age_group":"40-49   ","count":37,"tested":1295},{"age_group":"50-59   ","count":29,"tested":1177},{"age_group":"60-69   ","count":19,"tested":893},{"age_group":"70-79   ","count":10,"tested":451}],"race":[{"description":"Asian","count":20,"tested":1117,"color":"rgb(140,86,75)"},{"description":"Black","count":29,"tested":956,"color":"rgb(255,127,14)"},{"description":"Hispanic","count":28,"tested":534,"color":"rgb(214,39,40)"},{"description":"Left Blank","count":116,"tested":5768,"color":"rgb(44,160,44)"},{"description":"Other","count":14,"tested":478,"color":"rgb(148,103,189)"},{"description":"White","count":120,"tested":2472,"color":"rgb(31,119,180)"}],"gender":[]}
