{"age":[{"age_group":"<20","count":2495,"tested":19193},{"age_group":"20-29   ","count":2921,"tested":27189},{"age_group":"30-39   ","count":2755,"tested":23895},{"age_group":"40-49   ","count":2569,"tested":20630},{"age_group":"50-59   ","count":2072,"tested":19461},{"age_group":"60-69   ","count":1170,"tested":14342},{"age_group":"70-79   ","count":557,"tested":6710},{"age_group":"80+","count":203,"tested":2465}],"race":[{"description":"AI/AN**","count":10,"tested":136,"color":"rgb(31,119,180)"},{"description":"Asian","count":75,"tested":1063,"color":"rgb(140,86,75)"},{"description":"Black","count":906,"tested":11425,"color":"rgb(255,127,14)"},{"description":"Hispanic","count":9942,"tested":60756,"color":"rgb(214,39,40)"},{"description":"Left Blank","count":2474,"tested":43451,"color":"rgb(44,160,44)"},{"description":"NH/PI*","count":7,"tested":105,"color":"rgb(127,127,127)"},{"description":"Other","count":531,"tested":6051,"color":"rgb(148,103,189)"},{"description":"White","count":797,"tested":11134,"color":"rgb(31,119,180)"}],"gender":[]}
