{"age":[{"age_group":"<20","count":499,"tested":7201},{"age_group":"20-29   ","count":539,"tested":7257},{"age_group":"30-39   ","count":410,"tested":7063},{"age_group":"40-49   ","count":381,"tested":5651},{"age_group":"50-59   ","count":502,"tested":7873},{"age_group":"60-69   ","count":276,"tested":5472},{"age_group":"70-79   ","count":137,"tested":3085},{"age_group":"80+","count":85,"tested":1774}],"race":[{"description":"Asian","count":63,"tested":1621,"color":"rgb(140,86,75)"},{"description":"Black","count":105,"tested":1480,"color":"rgb(255,127,14)"},{"description":"Hispanic","count":408,"tested":3758,"color":"rgb(214,39,40)"},{"description":"Left Blank","count":671,"tested":12526,"color":"rgb(44,160,44)"},{"description":"Other","count":146,"tested":1641,"color":"rgb(148,103,189)"},{"description":"White","count":1427,"tested":24149,"color":"rgb(31,119,180)"}],"gender":[]}
