{"age":[{"age_group":"<20","count":344,"tested":3762},{"age_group":"20-29   ","count":342,"tested":3744},{"age_group":"30-39   ","count":322,"tested":3551},{"age_group":"40-49   ","count":420,"tested":3848},{"age_group":"50-59   ","count":345,"tested":3963},{"age_group":"60-69   ","count":183,"tested":3034},{"age_group":"70-79   ","count":144,"tested":2843},{"age_group":"80+","count":82,"tested":3110}],"race":[{"description":"Asian","count":27,"tested":379,"color":"rgb(140,86,75)"},{"description":"Black","count":93,"tested":1305,"color":"rgb(255,127,14)"},{"description":"Hispanic","count":228,"tested":1406,"color":"rgb(214,39,40)"},{"description":"Left Blank","count":652,"tested":11166,"color":"rgb(44,160,44)"},{"description":"Other","count":52,"tested":945,"color":"rgb(148,103,189)"},{"description":"White","count":1126,"tested":12602,"color":"rgb(31,119,180)"}],"gender":[]}
