{"age":[{"age_group":"<20","count":259,"tested":2401},{"age_group":"20-29   ","count":311,"tested":4022},{"age_group":"30-39   ","count":326,"tested":3693},{"age_group":"40-49   ","count":259,"tested":3194},{"age_group":"50-59   ","count":317,"tested":3725},{"age_group":"60-69   ","count":240,"tested":3693},{"age_group":"70-79   ","count":150,"tested":2195},{"age_group":"80+","count":85,"tested":1204}],"race":[{"description":"Asian","count":39,"tested":483,"color":"rgb(140,86,75)"},{"description":"Black","count":68,"tested":713,"color":"rgb(255,127,14)"},{"description":"Hispanic","count":146,"tested":1015,"color":"rgb(214,39,40)"},{"description":"Left Blank","count":756,"tested":13877,"color":"rgb(44,160,44)"},{"description":"Other","count":109,"tested":845,"color":"rgb(148,103,189)"},{"description":"White","count":824,"tested":7175,"color":"rgb(31,119,180)"}],"gender":[]}
