{"age":[{"age_group":"<20","count":1642,"tested":11636},{"age_group":"20-29   ","count":1850,"tested":16189},{"age_group":"30-39   ","count":1543,"tested":11977},{"age_group":"40-49   ","count":1694,"tested":11425},{"age_group":"50-59   ","count":1253,"tested":10590},{"age_group":"60-69   ","count":668,"tested":8563},{"age_group":"70-79   ","count":318,"tested":6759},{"age_group":"80+","count":160,"tested":4563}],"race":[{"description":"AI/AN**","count":8,"tested":88,"color":"rgb(31,119,180)"},{"description":"Asian","count":44,"tested":503,"color":"rgb(140,86,75)"},{"description":"Black","count":359,"tested":3982,"color":"rgb(255,127,14)"},{"description":"Hispanic","count":5808,"tested":28498,"color":"rgb(214,39,40)"},{"description":"Left Blank","count":1903,"tested":36394,"color":"rgb(44,160,44)"},{"description":"Other","count":265,"tested":3112,"color":"rgb(148,103,189)"},{"description":"White","count":736,"tested":9101,"color":"rgb(31,119,180)"}],"gender":[]}
