{"age":[{"age_group":"<20","count":1267,"tested":20102},{"age_group":"20-29   ","count":1793,"tested":30949},{"age_group":"30-39   ","count":1984,"tested":39754},{"age_group":"40-49   ","count":1485,"tested":23794},{"age_group":"50-59   ","count":1059,"tested":16037},{"age_group":"60-69   ","count":632,"tested":10094},{"age_group":"70-79   ","count":295,"tested":5156},{"age_group":"80+","count":188,"tested":4428}],"race":[{"description":"AI/AN**","count":21,"tested":186,"color":"rgb(31,119,180)"},{"description":"Asian","count":241,"tested":5226,"color":"rgb(140,86,75)"},{"description":"Black","count":209,"tested":3725,"color":"rgb(255,127,14)"},{"description":"Hispanic","count":3573,"tested":25762,"color":"rgb(214,39,40)"},{"description":"Left Blank","count":1938,"tested":58227,"color":"rgb(44,160,44)"},{"description":"NH/PI*","count":16,"tested":223,"color":"rgb(127,127,127)"},{"description":"Other","count":484,"tested":8213,"color":"rgb(148,103,189)"},{"description":"White","count":2221,"tested":48794,"color":"rgb(31,119,180)"}],"gender":[]}
