{"age":[{"age_group":"<20","count":353,"tested":20264},{"age_group":"20-29   ","count":265,"tested":8864},{"age_group":"30-39   ","count":96,"tested":3804},{"age_group":"40-49   ","count":196,"tested":5391},{"age_group":"50-59   ","count":234,"tested":6273},{"age_group":"60-69   ","count":149,"tested":4451},{"age_group":"70-79   ","count":80,"tested":3003},{"age_group":"80+","count":50,"tested":3732}],"race":[{"description":"Asian","count":40,"tested":2426,"color":"rgb(140,86,75)"},{"description":"Black","count":10,"tested":1039,"color":"rgb(255,127,14)"},{"description":"Hispanic","count":42,"tested":2032,"color":"rgb(214,39,40)"},{"description":"Left Blank","count":305,"tested":16551,"color":"rgb(44,160,44)"},{"description":"Other","count":99,"tested":2307,"color":"rgb(148,103,189)"},{"description":"White","count":918,"tested":31285,"color":"rgb(31,119,180)"}],"gender":[]}
