{"age":[{"age_group":"<20","count":171,"tested":4336},{"age_group":"20-29   ","count":1651,"tested":29533},{"age_group":"30-39   ","count":783,"tested":18863},{"age_group":"40-49   ","count":292,"tested":6926},{"age_group":"50-59   ","count":265,"tested":7646},{"age_group":"60-69   ","count":218,"tested":7853},{"age_group":"70-79   ","count":171,"tested":6618},{"age_group":"80+","count":93,"tested":5124}],"race":[{"description":"Asian","count":105,"tested":3058,"color":"rgb(140,86,75)"},{"description":"Black","count":472,"tested":7517,"color":"rgb(255,127,14)"},{"description":"Hispanic","count":181,"tested":1725,"color":"rgb(214,39,40)"},{"description":"Left Blank","count":1039,"tested":41466,"color":"rgb(44,160,44)"},{"description":"Other","count":179,"tested":2956,"color":"rgb(148,103,189)"},{"description":"White","count":1661,"tested":30060,"color":"rgb(31,119,180)"}],"gender":[]}
