{"age":[{"age_group":"<20","count":851,"tested":7332},{"age_group":"20-29   ","count":984,"tested":10753},{"age_group":"30-39   ","count":862,"tested":8934},{"age_group":"40-49   ","count":839,"tested":7714},{"age_group":"50-59   ","count":764,"tested":7982},{"age_group":"60-69   ","count":462,"tested":5609},{"age_group":"70-79   ","count":166,"tested":2422},{"age_group":"80+","count":80,"tested":1252}],"race":[{"description":"AI/AN**","count":13,"tested":130,"color":"rgb(31,119,180)"},{"description":"Asian","count":499,"tested":4569,"color":"rgb(140,86,75)"},{"description":"Black","count":260,"tested":2063,"color":"rgb(255,127,14)"},{"description":"Hispanic","count":1836,"tested":7964,"color":"rgb(214,39,40)"},{"description":"Left Blank","count":1223,"tested":27364,"color":"rgb(44,160,44)"},{"description":"NH/PI*","count":13,"tested":100,"color":"rgb(127,127,127)"},{"description":"Other","count":219,"tested":1708,"color":"rgb(148,103,189)"},{"description":"White","count":945,"tested":8122,"color":"rgb(31,119,180)"}],"gender":[]}
