{"age":[{"age_group":"<20","count":39,"tested":603},{"age_group":"20-29   ","count":91,"tested":1096},{"age_group":"30-39   ","count":100,"tested":1381},{"age_group":"40-49   ","count":61,"tested":950},{"age_group":"50-59   ","count":36,"tested":556},{"age_group":"60-69   ","count":18,"tested":502},{"age_group":"70-79   ","count":10,"tested":233}],"race":[{"description":"Asian","count":50,"tested":801,"color":"rgb(140,86,75)"},{"description":"Black","count":15,"tested":179,"color":"rgb(255,127,14)"},{"description":"Hispanic","count":37,"tested":271,"color":"rgb(214,39,40)"},{"description":"Left Blank","count":113,"tested":2607,"color":"rgb(44,160,44)"},{"description":"Other","count":17,"tested":148,"color":"rgb(148,103,189)"},{"description":"White","count":126,"tested":1379,"color":"rgb(31,119,180)"}],"gender":[]}
