{"age":[{"age_group":"<20","count":604,"tested":30384},{"age_group":"20-29   ","count":790,"tested":75559},{"age_group":"30-39   ","count":305,"tested":13895},{"age_group":"40-49   ","count":283,"tested":8233},{"age_group":"50-59   ","count":305,"tested":10258},{"age_group":"60-69   ","count":209,"tested":9360},{"age_group":"70-79   ","count":122,"tested":6505},{"age_group":"80+","count":177,"tested":13369}],"race":[{"description":"Asian","count":163,"tested":27060,"color":"rgb(140,86,75)"},{"description":"Black","count":461,"tested":11750,"color":"rgb(255,127,14)"},{"description":"Hispanic","count":361,"tested":12456,"color":"rgb(214,39,40)"},{"description":"Left Blank","count":349,"tested":43478,"color":"rgb(44,160,44)"},{"description":"Other","count":178,"tested":4264,"color":"rgb(148,103,189)"},{"description":"White","count":1275,"tested":68254,"color":"rgb(31,119,180)"}],"gender":[]}
