{"age":[{"age_group":"<20","count":69,"tested":795},{"age_group":"20-29   ","count":69,"tested":603},{"age_group":"30-39   ","count":55,"tested":565},{"age_group":"40-49   ","count":76,"tested":553},{"age_group":"50-59   ","count":58,"tested":480},{"age_group":"60-69   ","count":30,"tested":251},{"age_group":"70-79   ","count":10,"tested":135}],"race":[{"description":"Hispanic","count":32,"tested":162,"color":"rgb(214,39,40)"},{"description":"Left Blank","count":146,"tested":1475,"color":"rgb(44,160,44)"},{"description":"Other","count":7,"tested":68,"color":"rgb(148,103,189)"},{"description":"White","count":185,"tested":1695,"color":"rgb(31,119,180)"}],"gender":[]}
