{"age":[{"age_group":"<20","count":832,"tested":7558},{"age_group":"20-29   ","count":1075,"tested":12889},{"age_group":"30-39   ","count":1060,"tested":12856},{"age_group":"40-49   ","count":963,"tested":11460},{"age_group":"50-59   ","count":827,"tested":12492},{"age_group":"60-69   ","count":529,"tested":10230},{"age_group":"70-79   ","count":301,"tested":7048},{"age_group":"80+","count":248,"tested":7339}],"race":[{"description":"AI/AN**","count":32,"tested":198,"color":"rgb(31,119,180)"},{"description":"Asian","count":72,"tested":764,"color":"rgb(140,86,75)"},{"description":"Black","count":636,"tested":8543,"color":"rgb(255,127,14)"},{"description":"Hispanic","count":1542,"tested":8836,"color":"rgb(214,39,40)"},{"description":"Left Blank","count":1375,"tested":35407,"color":"rgb(44,160,44)"},{"description":"Other","count":267,"tested":4147,"color":"rgb(148,103,189)"},{"description":"White","count":1906,"tested":23960,"color":"rgb(31,119,180)"}],"gender":[]}
