{"age":[{"age_group":"<20","count":91,"tested":2827},{"age_group":"20-29   ","count":819,"tested":20437},{"age_group":"30-39   ","count":569,"tested":15372},{"age_group":"40-49   ","count":212,"tested":6098},{"age_group":"50-59   ","count":239,"tested":6517},{"age_group":"60-69   ","count":187,"tested":5776},{"age_group":"70-79   ","count":122,"tested":4450},{"age_group":"80+","count":124,"tested":4215}],"race":[{"description":"Asian","count":191,"tested":7117,"color":"rgb(140,86,75)"},{"description":"Black","count":97,"tested":2270,"color":"rgb(255,127,14)"},{"description":"Hispanic","count":148,"tested":1958,"color":"rgb(214,39,40)"},{"description":"Left Blank","count":466,"tested":23373,"color":"rgb(44,160,44)"},{"description":"NH/PI*","count":8,"tested":43,"color":"rgb(127,127,127)"},{"description":"Other","count":218,"tested":3486,"color":"rgb(148,103,189)"},{"description":"White","count":1234,"tested":27326,"color":"rgb(31,119,180)"}],"gender":[]}
