{"age":[{"age_group":"<20","count":132,"tested":1250},{"age_group":"20-29   ","count":127,"tested":1203},{"age_group":"30-39   ","count":108,"tested":1389},{"age_group":"40-49   ","count":115,"tested":1117},{"age_group":"50-59   ","count":132,"tested":1405},{"age_group":"60-69   ","count":69,"tested":1461},{"age_group":"70-79   ","count":49,"tested":635},{"age_group":"80+","count":48,"tested":468}],"race":[{"description":"Hispanic","count":18,"tested":177,"color":"rgb(214,39,40)"},{"description":"Left Blank","count":286,"tested":3058,"color":"rgb(44,160,44)"},{"description":"Other","count":12,"tested":132,"color":"rgb(148,103,189)"},{"description":"White","count":461,"tested":5476,"color":"rgb(31,119,180)"}],"gender":[]}
