{"age":[{"age_group":"<20","count":82,"tested":1124},{"age_group":"20-29   ","count":99,"tested":1250},{"age_group":"30-39   ","count":89,"tested":1499},{"age_group":"40-49   ","count":70,"tested":1582},{"age_group":"50-59   ","count":113,"tested":3321},{"age_group":"60-69   ","count":62,"tested":1992},{"age_group":"70-79   ","count":44,"tested":851},{"age_group":"80+","count":46,"tested":2115}],"race":[{"description":"Hispanic","count":18,"tested":236,"color":"rgb(214,39,40)"},{"description":"Left Blank","count":86,"tested":3438,"color":"rgb(44,160,44)"},{"description":"Other","count":32,"tested":307,"color":"rgb(148,103,189)"},{"description":"White","count":463,"tested":9346,"color":"rgb(31,119,180)"}],"gender":[]}
