{"age":[{"age_group":"<20","count":184,"tested":2188},{"age_group":"20-29   ","count":219,"tested":2725},{"age_group":"30-39   ","count":194,"tested":2497},{"age_group":"40-49   ","count":185,"tested":2198},{"age_group":"50-59   ","count":175,"tested":3058},{"age_group":"60-69   ","count":149,"tested":2791},{"age_group":"70-79   ","count":77,"tested":1742},{"age_group":"80+","count":58,"tested":1132}],"race":[{"description":"Asian","count":62,"tested":852,"color":"rgb(140,86,75)"},{"description":"Black","count":20,"tested":245,"color":"rgb(255,127,14)"},{"description":"Hispanic","count":167,"tested":1074,"color":"rgb(214,39,40)"},{"description":"Left Blank","count":216,"tested":9493,"color":"rgb(44,160,44)"},{"description":"Other","count":45,"tested":353,"color":"rgb(148,103,189)"},{"description":"White","count":729,"tested":6303,"color":"rgb(31,119,180)"}],"gender":[]}
