{"age":[{"age_group":"<20","count":354,"tested":2899},{"age_group":"20-29   ","count":459,"tested":4286},{"age_group":"30-39   ","count":437,"tested":4595},{"age_group":"40-49   ","count":383,"tested":3663},{"age_group":"50-59   ","count":371,"tested":3697},{"age_group":"60-69   ","count":240,"tested":3352},{"age_group":"70-79   ","count":111,"tested":1788},{"age_group":"80+","count":54,"tested":848}],"race":[{"description":"Asian","count":31,"tested":283,"color":"rgb(140,86,75)"},{"description":"Black","count":324,"tested":3729,"color":"rgb(255,127,14)"},{"description":"Hispanic","count":439,"tested":2673,"color":"rgb(214,39,40)"},{"description":"Left Blank","count":885,"tested":10778,"color":"rgb(44,160,44)"},{"description":"Other","count":81,"tested":834,"color":"rgb(148,103,189)"},{"description":"White","count":644,"tested":6772,"color":"rgb(31,119,180)"}],"gender":[]}
