{"age":[{"age_group":"<20","count":497,"tested":4667},{"age_group":"20-29   ","count":567,"tested":7153},{"age_group":"30-39   ","count":465,"tested":6219},{"age_group":"40-49   ","count":506,"tested":6076},{"age_group":"50-59   ","count":432,"tested":6839},{"age_group":"60-69   ","count":261,"tested":5154},{"age_group":"70-79   ","count":161,"tested":2534},{"age_group":"80+","count":95,"tested":1187}],"race":[{"description":"AI/AN**","count":13,"tested":69,"color":"rgb(31,119,180)"},{"description":"Asian","count":22,"tested":306,"color":"rgb(140,86,75)"},{"description":"Black","count":1190,"tested":20074,"color":"rgb(255,127,14)"},{"description":"Hispanic","count":631,"tested":3244,"color":"rgb(214,39,40)"},{"description":"Left Blank","count":971,"tested":13675,"color":"rgb(44,160,44)"},{"description":"Other","count":98,"tested":819,"color":"rgb(148,103,189)"},{"description":"White","count":59,"tested":1633,"color":"rgb(31,119,180)"}],"gender":[]}
