{"lastUpdatedDate":{"year":2021,"month":3,"day":23},"county_demographics":[{"County":"Randolph","confirmed_cases":4010,"total_tested":49654,"demographics":{"age":[{"race":[],"age_group":"<20","count":583,"tested":4898,"deaths":0},{"race":[],"age_group":"20-29   ","count":648,"tested":7488,"deaths":0},{"race":[],"age_group":"30-39   ","count":629,"tested":8311,"deaths":0},{"race":[],"age_group":"40-49   ","count":610,"tested":8192,"deaths":0},{"race":[],"age_group":"50-59   ","count":553,"tested":7058,"deaths":0},{"race":[],"age_group":"60-69   ","count":453,"tested":5087,"deaths":0},{"race":[],"age_group":"70-79   ","count":249,"tested":2990,"deaths":0},{"race":[],"age_group":"80+","count":281,"tested":5600,"deaths":0},{"race":[],"age_group":"Unknown","count":0,"tested":30,"deaths":0}],"race":[{"description":"AI/AN**","count":0,"tested":0,"deaths":0,"color":"rgb(31,119,180)"},{"description":"Asian","count":0,"tested":44,"deaths":0,"color":"rgb(140,86,75)"},{"description":"Black","count":205,"tested":1890,"deaths":0,"color":"rgb(255,127,14)"},{"description":"Hispanic","count":136,"tested":400,"deaths":0,"color":"rgb(214,39,40)"},{"description":"Left Blank","count":1334,"tested":22197,"deaths":0,"color":"rgb(44,160,44)"},{"description":"NH/PI*","count":0,"tested":10,"deaths":0,"color":"rgb(127,127,127)"},{"description":"Other","count":13,"tested":322,"deaths":0,"color":"rgb(148,103,189)"},{"description":"White","count":2319,"tested":24788,"deaths":0,"color":"rgb(31,119,180)"}],"gender":[{"description":"Female","count":2051,"tested":27636,"deaths":0,"color":"rgb(255,127,14)"},{"description":"Male","count":1860,"tested":17496,"deaths":0,"color":"rgb(31,119,180)"},{"description":"Unknown/Left Blank","count":97,"tested":4522,"deaths":0,"color":"rgb(44,160,44)"}]}}]}
