{"lastUpdatedDate":{"year":2021,"month":3,"day":23},"county_demographics":[{"County":"Carroll","confirmed_cases":1609,"total_tested":18675,"demographics":{"age":[{"race":[],"age_group":"<20","count":188,"tested":1664,"deaths":0},{"race":[],"age_group":"20-29   ","count":190,"tested":2276,"deaths":0},{"race":[],"age_group":"30-39   ","count":331,"tested":3427,"deaths":0},{"race":[],"age_group":"40-49   ","count":248,"tested":2678,"deaths":0},{"race":[],"age_group":"50-59   ","count":230,"tested":2544,"deaths":0},{"race":[],"age_group":"60-69   ","count":182,"tested":2290,"deaths":0},{"race":[],"age_group":"70-79   ","count":124,"tested":1394,"deaths":0},{"race":[],"age_group":"80+","count":108,"tested":2400,"deaths":0},{"race":[],"age_group":"Unknown","count":0,"tested":0,"deaths":0}],"race":[{"description":"AI/AN**","count":7,"tested":8,"deaths":0,"color":"rgb(31,119,180)"},{"description":"Asian","count":0,"tested":76,"deaths":0,"color":"rgb(140,86,75)"},{"description":"Black","count":88,"tested":100,"deaths":0,"color":"rgb(255,127,14)"},{"description":"Hispanic","count":28,"tested":80,"deaths":0,"color":"rgb(214,39,40)"},{"description":"Left Blank","count":604,"tested":11355,"deaths":0,"color":"rgb(44,160,44)"},{"description":"NH/PI*","count":0,"tested":0,"deaths":0,"color":"rgb(127,127,127)"},{"description":"Other","count":14,"tested":143,"deaths":0,"color":"rgb(148,103,189)"},{"description":"White","count":859,"tested":6911,"deaths":0,"color":"rgb(31,119,180)"}],"gender":[{"description":"Female","count":729,"tested":9671,"deaths":0,"color":"rgb(255,127,14)"},{"description":"Male","count":873,"tested":8548,"deaths":0,"color":"rgb(31,119,180)"},{"description":"Unknown/Left Blank","count":6,"tested":456,"deaths":0,"color":"rgb(44,160,44)"}]}}]}
