{"lastUpdatedDate":{"year":2021,"month":3,"day":23},"county_demographics":[{"County":"Will","confirmed_cases":67435,"total_tested":794023,"demographics":{"age":[{"race":[],"age_group":"<20","count":10558,"tested":92312,"deaths":0},{"race":[],"age_group":"20-29   ","count":11984,"tested":132051,"deaths":0},{"race":[],"age_group":"30-39   ","count":10272,"tested":121074,"deaths":0},{"race":[],"age_group":"40-49   ","count":11593,"tested":123872,"deaths":0},{"race":[],"age_group":"50-59   ","count":11343,"tested":130168,"deaths":0},{"race":[],"age_group":"60-69   ","count":6403,"tested":89816,"deaths":0},{"race":[],"age_group":"70-79   ","count":3183,"tested":53477,"deaths":0},{"race":[],"age_group":"80+","count":2071,"tested":48940,"deaths":0},{"race":[],"age_group":"Unknown","count":27,"tested":2313,"deaths":0}],"race":[{"description":"AI/AN**","count":211,"tested":1160,"deaths":0,"color":"rgb(31,119,180)"},{"description":"Asian","count":1414,"tested":19186,"deaths":0,"color":"rgb(140,86,75)"},{"description":"Black","count":5450,"tested":60785,"deaths":0,"color":"rgb(255,127,14)"},{"description":"Hispanic","count":10412,"tested":51520,"deaths":0,"color":"rgb(214,39,40)"},{"description":"Left Blank","count":21994,"tested":382434,"deaths":0,"color":"rgb(44,160,44)"},{"description":"NH/PI*","count":57,"tested":583,"deaths":0,"color":"rgb(127,127,127)"},{"description":"Other","count":2298,"tested":27494,"deaths":0,"color":"rgb(148,103,189)"},{"description":"White","count":25599,"tested":250861,"deaths":0,"color":"rgb(31,119,180)"}],"gender":[{"description":"Female","count":34457,"tested":422018,"deaths":0,"color":"rgb(255,127,14)"},{"description":"Male","count":32041,"tested":325326,"deaths":0,"color":"rgb(31,119,180)"},{"description":"Unknown/Left Blank","count":937,"tested":46679,"deaths":0,"color":"rgb(44,160,44)"}]}}]}
