{"lastUpdatedDate":{"year":2021,"month":3,"day":23},"county_demographics":[{"County":"LaSalle","confirmed_cases":11154,"total_tested":159973,"demographics":{"age":[{"race":[],"age_group":"<20","count":1419,"tested":14736,"deaths":0},{"race":[],"age_group":"20-29   ","count":1880,"tested":27084,"deaths":0},{"race":[],"age_group":"30-39   ","count":1700,"tested":27522,"deaths":0},{"race":[],"age_group":"40-49   ","count":1636,"tested":23832,"deaths":0},{"race":[],"age_group":"50-59   ","count":1737,"tested":22052,"deaths":0},{"race":[],"age_group":"60-69   ","count":1300,"tested":16810,"deaths":0},{"race":[],"age_group":"70-79   ","count":742,"tested":9873,"deaths":0},{"race":[],"age_group":"80+","count":739,"tested":16456,"deaths":0},{"race":[],"age_group":"Unknown","count":0,"tested":1608,"deaths":0}],"race":[{"description":"AI/AN**","count":6,"tested":70,"deaths":0,"color":"rgb(31,119,180)"},{"description":"Asian","count":22,"tested":483,"deaths":0,"color":"rgb(140,86,75)"},{"description":"Black","count":151,"tested":1532,"deaths":0,"color":"rgb(255,127,14)"},{"description":"Hispanic","count":813,"tested":5050,"deaths":0,"color":"rgb(214,39,40)"},{"description":"Left Blank","count":2808,"tested":75247,"deaths":0,"color":"rgb(44,160,44)"},{"description":"NH/PI*","count":0,"tested":155,"deaths":0,"color":"rgb(127,127,127)"},{"description":"Other","count":495,"tested":3295,"deaths":0,"color":"rgb(148,103,189)"},{"description":"White","count":6850,"tested":74141,"deaths":0,"color":"rgb(31,119,180)"}],"gender":[{"description":"Female","count":5748,"tested":76881,"deaths":0,"color":"rgb(255,127,14)"},{"description":"Male","count":5124,"tested":55253,"deaths":0,"color":"rgb(31,119,180)"},{"description":"Unknown/Left Blank","count":282,"tested":27839,"deaths":0,"color":"rgb(44,160,44)"}]}}]}
