{"lastUpdatedDate":{"year":2021,"month":3,"day":23},"county_demographics":[{"County":"Piatt","confirmed_cases":1380,"total_tested":28099,"demographics":{"age":[{"race":[],"age_group":"<20","count":254,"tested":6024,"deaths":0},{"race":[],"age_group":"20-29   ","count":181,"tested":3961,"deaths":0},{"race":[],"age_group":"30-39   ","count":209,"tested":3803,"deaths":0},{"race":[],"age_group":"40-49   ","count":218,"tested":3614,"deaths":0},{"race":[],"age_group":"50-59   ","count":195,"tested":3627,"deaths":0},{"race":[],"age_group":"60-69   ","count":184,"tested":3250,"deaths":0},{"race":[],"age_group":"70-79   ","count":81,"tested":1849,"deaths":0},{"race":[],"age_group":"80+","count":57,"tested":1967,"deaths":0},{"race":[],"age_group":"Unknown","count":0,"tested":0,"deaths":0}],"race":[{"description":"AI/AN**","count":0,"tested":38,"deaths":0,"color":"rgb(31,119,180)"},{"description":"Asian","count":0,"tested":143,"deaths":0,"color":"rgb(140,86,75)"},{"description":"Black","count":10,"tested":165,"deaths":0,"color":"rgb(255,127,14)"},{"description":"Hispanic","count":8,"tested":224,"deaths":0,"color":"rgb(214,39,40)"},{"description":"Left Blank","count":247,"tested":8152,"deaths":0,"color":"rgb(44,160,44)"},{"description":"NH/PI*","count":0,"tested":6,"deaths":0,"color":"rgb(127,127,127)"},{"description":"Other","count":23,"tested":623,"deaths":0,"color":"rgb(148,103,189)"},{"description":"White","count":1086,"tested":18748,"deaths":0,"color":"rgb(31,119,180)"}],"gender":[{"description":"Female","count":719,"tested":16572,"deaths":0,"color":"rgb(255,127,14)"},{"description":"Male","count":660,"tested":11089,"deaths":0,"color":"rgb(31,119,180)"},{"description":"Unknown/Left Blank","count":0,"tested":438,"deaths":0,"color":"rgb(44,160,44)"}]}}]}
