{"age":[{"age_group":"<20","count":100,"tested":998},{"age_group":"20-29   ","count":133,"tested":1477},{"age_group":"30-39   ","count":100,"tested":1204},{"age_group":"40-49   ","count":131,"tested":1746},{"age_group":"50-59   ","count":146,"tested":1873},{"age_group":"60-69   ","count":139,"tested":1479},{"age_group":"70-79   ","count":49,"tested":766},{"age_group":"80+","count":28,"tested":385}],"race":[{"description":"Other","count":26,"tested":310,"color":"rgb(148,103,189)"},{"description":"Black","count":120,"tested":1393,"color":"rgb(255,127,14)"},{"description":"White","count":377,"tested":4282,"color":"rgb(31,119,180)"},{"description":"Left Blank","count":228,"tested":3242,"color":"rgb(44,160,44)"},{"description":"Hispanic","count":66,"tested":473,"color":"rgb(214,39,40)"}],"gender":[{"description":"Female","count":424,"tested":5810,"color":"rgb(255,127,14)"},{"description":"Male","count":399,"tested":3981,"color":"rgb(31,119,180)"}]}
