{"age":[{"age_group":"<20","count":880,"tested":12253},{"age_group":"20-29   ","count":596,"tested":9176},{"age_group":"30-39   ","count":342,"tested":6266},{"age_group":"40-49   ","count":550,"tested":7941},{"age_group":"50-59   ","count":682,"tested":9810},{"age_group":"60-69   ","count":269,"tested":5239},{"age_group":"70-79   ","count":115,"tested":2868},{"age_group":"80+","count":38,"tested":1911}],"race":[{"description":"Black","count":127,"tested":2042,"color":"rgb(255,127,14)"},{"description":"Asian","count":353,"tested":6787,"color":"rgb(140,86,75)"},{"description":"Other","count":131,"tested":2466,"color":"rgb(148,103,189)"},{"description":"AI/AN**","count":10,"tested":145,"color":"rgb(31,119,180)"},{"description":"White","count":1528,"tested":19088,"color":"rgb(31,119,180)"},{"description":"Left Blank","count":1176,"tested":23405,"color":"rgb(44,160,44)"},{"description":"Hispanic","count":147,"tested":1487,"color":"rgb(214,39,40)"}],"gender":[{"description":"Female","count":1757,"tested":30256,"color":"rgb(255,127,14)"},{"description":"Male","count":1684,"tested":24829,"color":"rgb(31,119,180)"},{"description":"Unknown/Left Blank","count":32,"tested":391,"color":"rgb(44,160,44)"}]}
