{"age":[{"age_group":"<20","count":39,"tested":529},{"age_group":"20-29   ","count":27,"tested":383},{"age_group":"30-39   ","count":33,"tested":331},{"age_group":"40-49   ","count":39,"tested":283},{"age_group":"50-59   ","count":45,"tested":538},{"age_group":"60-69   ","count":34,"tested":373},{"age_group":"70-79   ","count":22,"tested":225},{"age_group":"80+","count":46,"tested":155}],"race":[{"description":"White","count":252,"tested":1730,"color":"rgb(31,119,180)"},{"description":"Left Blank","count":18,"tested":968,"color":"rgb(44,160,44)"},{"description":"Hispanic","count":9,"tested":41,"color":"rgb(214,39,40)"}],"gender":[{"description":"Male","count":125,"tested":1028,"color":"rgb(31,119,180)"},{"description":"Female","count":160,"tested":1768,"color":"rgb(255,127,14)"}]}
