{"age":[{"age_group":"<20","count":228,"tested":5104},{"age_group":"20-29   ","count":153,"tested":3717},{"age_group":"30-39   ","count":162,"tested":4557},{"age_group":"40-49   ","count":183,"tested":4624},{"age_group":"50-59   ","count":156,"tested":3924},{"age_group":"60-69   ","count":94,"tested":2366},{"age_group":"70-79   ","count":48,"tested":1285},{"age_group":"80+","count":13,"tested":410}],"race":[{"description":"Black","count":227,"tested":3071,"color":"rgb(255,127,14)"},{"description":"Hispanic","count":94,"tested":1172,"color":"rgb(214,39,40)"},{"description":"White","count":470,"tested":11450,"color":"rgb(31,119,180)"},{"description":"Asian","count":25,"tested":868,"color":"rgb(140,86,75)"},{"description":"Other","count":46,"tested":1253,"color":"rgb(148,103,189)"},{"description":"Left Blank","count":171,"tested":8062,"color":"rgb(44,160,44)"}],"gender":[{"description":"Male","count":530,"tested":11561,"color":"rgb(31,119,180)"},{"description":"Unknown/Left Blank","count":12,"tested":732,"color":"rgb(44,160,44)"},{"description":"Female","count":495,"tested":13697,"color":"rgb(255,127,14)"}]}
