{"age":[{"age_group":"<20","count":516,"tested":6051},{"age_group":"20-29   ","count":632,"tested":8702},{"age_group":"30-39   ","count":688,"tested":9392},{"age_group":"40-49   ","count":580,"tested":7941},{"age_group":"50-59   ","count":473,"tested":7223},{"age_group":"60-69   ","count":354,"tested":5298},{"age_group":"70-79   ","count":154,"tested":2104},{"age_group":"80+","count":84,"tested":980}],"race":[{"description":"Left Blank","count":711,"tested":19117,"color":"rgb(44,160,44)"},{"description":"White","count":90,"tested":1675,"color":"rgb(31,119,180)"},{"description":"Hispanic","count":415,"tested":2594,"color":"rgb(214,39,40)"},{"description":"Other","count":69,"tested":950,"color":"rgb(148,103,189)"},{"description":"Asian","count":10,"tested":123,"color":"rgb(140,86,75)"},{"description":"Black","count":2183,"tested":23192,"color":"rgb(255,127,14)"}],"gender":[{"description":"Male","count":1474,"tested":20362,"color":"rgb(31,119,180)"},{"description":"Female","count":1973,"tested":24960,"color":"rgb(255,127,14)"},{"description":"Unknown/Left Blank","count":34,"tested":2381,"color":"rgb(44,160,44)"}]}
