{"age":[{"age_group":"<20","count":712,"tested":5217},{"age_group":"20-29   ","count":794,"tested":7625},{"age_group":"30-39   ","count":731,"tested":6579},{"age_group":"40-49   ","count":678,"tested":6113},{"age_group":"50-59   ","count":558,"tested":5632},{"age_group":"60-69   ","count":408,"tested":4134},{"age_group":"70-79   ","count":163,"tested":2192},{"age_group":"80+","count":39,"tested":993}],"race":[{"description":"Hispanic","count":1471,"tested":5415,"color":"rgb(214,39,40)"},{"description":"White","count":842,"tested":7005,"color":"rgb(31,119,180)"},{"description":"Asian","count":600,"tested":4535,"color":"rgb(140,86,75)"},{"description":"Black","count":181,"tested":1651,"color":"rgb(255,127,14)"},{"description":"Other","count":154,"tested":1718,"color":"rgb(148,103,189)"},{"description":"Left Blank","count":825,"tested":18026,"color":"rgb(44,160,44)"},{"description":"AI/AN**","count":7,"tested":47,"color":"rgb(31,119,180)"}],"gender":[{"description":"Male","count":1985,"tested":16731,"color":"rgb(31,119,180)"},{"description":"Unknown/Left Blank","count":18,"tested":339,"color":"rgb(44,160,44)"},{"description":"Female","count":2080,"tested":21437,"color":"rgb(255,127,14)"}]}
