{"age":[{"age_group":"<20","count":13,"tested":346},{"age_group":"20-29   ","count":34,"tested":758},{"age_group":"30-39   ","count":18,"tested":449},{"age_group":"40-49   ","count":15,"tested":445},{"age_group":"50-59   ","count":14,"tested":447},{"age_group":"60-69   ","count":10,"tested":395},{"age_group":"70-79   ","count":6,"tested":245}],"race":[{"description":"Hispanic","count":15,"tested":281,"color":"rgb(214,39,40)"},{"description":"Left Blank","count":26,"tested":1102,"color":"rgb(44,160,44)"},{"description":"Other","count":7,"tested":207,"color":"rgb(148,103,189)"},{"description":"Black","count":14,"tested":328,"color":"rgb(255,127,14)"},{"description":"White","count":39,"tested":1025,"color":"rgb(31,119,180)"},{"description":"Asian","count":8,"tested":251,"color":"rgb(140,86,75)"}],"gender":[{"description":"Female","count":52,"tested":1618,"color":"rgb(255,127,14)"},{"description":"Male","count":56,"tested":1525,"color":"rgb(31,119,180)"}]}
