{"age":[{"age_group":"<20","count":616,"tested":5923},{"age_group":"20-29   ","count":736,"tested":8396},{"age_group":"30-39   ","count":686,"tested":7613},{"age_group":"40-49   ","count":558,"tested":5564},{"age_group":"50-59   ","count":535,"tested":6961},{"age_group":"60-69   ","count":364,"tested":5338},{"age_group":"70-79   ","count":118,"tested":2349},{"age_group":"80+","count":91,"tested":1355}],"race":[{"description":"Asian","count":148,"tested":2193,"color":"rgb(140,86,75)"},{"description":"White","count":1225,"tested":15473,"color":"rgb(31,119,180)"},{"description":"Black","count":104,"tested":1288,"color":"rgb(255,127,14)"},{"description":"Other","count":152,"tested":1186,"color":"rgb(148,103,189)"},{"description":"Hispanic","count":1223,"tested":7181,"color":"rgb(214,39,40)"},{"description":"Left Blank","count":847,"tested":16067,"color":"rgb(44,160,44)"}],"gender":[{"description":"Female","count":1872,"tested":24304,"color":"rgb(255,127,14)"},{"description":"Male","count":1811,"tested":18587,"color":"rgb(31,119,180)"},{"description":"Unknown/Left Blank","count":22,"tested":612,"color":"rgb(44,160,44)"}]}
