{"age":[{"age_group":"<20","count":459,"tested":4046},{"age_group":"20-29   ","count":382,"tested":3674},{"age_group":"30-39   ","count":358,"tested":3187},{"age_group":"40-49   ","count":345,"tested":3267},{"age_group":"50-59   ","count":319,"tested":2928},{"age_group":"60-69   ","count":226,"tested":2242},{"age_group":"70-79   ","count":100,"tested":1115},{"age_group":"80+","count":45,"tested":744}],"race":[{"description":"Left Blank","count":250,"tested":8886,"color":"rgb(44,160,44)"},{"description":"Other","count":35,"tested":393,"color":"rgb(148,103,189)"},{"description":"Hispanic","count":740,"tested":2822,"color":"rgb(214,39,40)"},{"description":"White","count":635,"tested":4921,"color":"rgb(31,119,180)"},{"description":"AI/AN**","count":6,"tested":11,"color":"rgb(31,119,180)"},{"description":"Black","count":566,"tested":4091,"color":"rgb(255,127,14)"}],"gender":[{"description":"Unknown/Left Blank","count":26,"tested":621,"color":"rgb(44,160,44)"},{"description":"Male","count":1044,"tested":8386,"color":"rgb(31,119,180)"},{"description":"Female","count":1164,"tested":12196,"color":"rgb(255,127,14)"}]}
