{"age":[{"age_group":"<20","count":1321,"tested":12241},{"age_group":"20-29   ","count":1824,"tested":20441},{"age_group":"30-39   ","count":1721,"tested":22481},{"age_group":"40-49   ","count":1601,"tested":18715},{"age_group":"50-59   ","count":1269,"tested":16864},{"age_group":"60-69   ","count":854,"tested":13426},{"age_group":"70-79   ","count":355,"tested":5937},{"age_group":"80+","count":169,"tested":2941}],"race":[{"description":"AI/AN**","count":10,"tested":116,"color":"rgb(31,119,180)"},{"description":"White","count":1684,"tested":23331,"color":"rgb(31,119,180)"},{"description":"Other","count":458,"tested":5704,"color":"rgb(148,103,189)"},{"description":"Left Blank","count":1635,"tested":46029,"color":"rgb(44,160,44)"},{"description":"Black","count":157,"tested":2237,"color":"rgb(255,127,14)"},{"description":"Asian","count":226,"tested":3034,"color":"rgb(140,86,75)"},{"description":"Hispanic","count":4940,"tested":32503,"color":"rgb(214,39,40)"}],"gender":[{"description":"Male","count":4463,"tested":51104,"color":"rgb(31,119,180)"},{"description":"Unknown/Left Blank","count":104,"tested":2352,"color":"rgb(44,160,44)"},{"description":"Female","count":4547,"tested":59627,"color":"rgb(255,127,14)"}]}
