{"age":[{"age_group":"<20","count":232,"tested":1628},{"age_group":"20-29   ","count":269,"tested":2312},{"age_group":"30-39   ","count":300,"tested":2438},{"age_group":"40-49   ","count":267,"tested":1799},{"age_group":"50-59   ","count":199,"tested":1759},{"age_group":"60-69   ","count":177,"tested":1623},{"age_group":"70-79   ","count":63,"tested":678},{"age_group":"80+","count":28,"tested":465}],"race":[{"description":"Left Blank","count":289,"tested":4165,"color":"rgb(44,160,44)"},{"description":"White","count":588,"tested":4503,"color":"rgb(31,119,180)"},{"description":"Asian","count":56,"tested":564,"color":"rgb(140,86,75)"},{"description":"Hispanic","count":514,"tested":2785,"color":"rgb(214,39,40)"},{"description":"Other","count":63,"tested":527,"color":"rgb(148,103,189)"},{"description":"Black","count":18,"tested":134,"color":"rgb(255,127,14)"}],"gender":[{"description":"Female","count":774,"tested":6798,"color":"rgb(255,127,14)"},{"description":"Male","count":751,"tested":5779,"color":"rgb(31,119,180)"},{"description":"Unknown/Left Blank","count":10,"tested":129,"color":"rgb(44,160,44)"}]}
