{"age":[{"age_group":"<20","count":168,"tested":1605},{"age_group":"20-29   ","count":111,"tested":1452},{"age_group":"30-39   ","count":111,"tested":1289},{"age_group":"40-49   ","count":93,"tested":1158},{"age_group":"50-59   ","count":85,"tested":1317},{"age_group":"60-69   ","count":93,"tested":1075},{"age_group":"70-79   ","count":34,"tested":1005},{"age_group":"80+","count":37,"tested":1204}],"race":[{"description":"Left Blank","count":39,"tested":2009,"color":"rgb(44,160,44)"},{"description":"Hispanic","count":97,"tested":621,"color":"rgb(214,39,40)"},{"description":"White","count":568,"tested":7164,"color":"rgb(31,119,180)"},{"description":"Other","count":23,"tested":200,"color":"rgb(148,103,189)"}],"gender":[{"description":"Female","count":399,"tested":5746,"color":"rgb(255,127,14)"},{"description":"Male","count":326,"tested":3769,"color":"rgb(31,119,180)"},{"description":"Unknown/Left Blank","count":7,"tested":594,"color":"rgb(44,160,44)"}]}
