{"age":[{"age_group":"<20","count":1320,"tested":9728},{"age_group":"20-29   ","count":1405,"tested":12989},{"age_group":"30-39   ","count":1483,"tested":12656},{"age_group":"40-49   ","count":1512,"tested":11448},{"age_group":"50-59   ","count":1094,"tested":10297},{"age_group":"60-69   ","count":695,"tested":7501},{"age_group":"70-79   ","count":337,"tested":3791},{"age_group":"80+","count":199,"tested":2357}],"race":[{"description":"Other","count":423,"tested":4062,"color":"rgb(148,103,189)"},{"description":"White","count":1958,"tested":19664,"color":"rgb(31,119,180)"},{"description":"Asian","count":38,"tested":367,"color":"rgb(140,86,75)"},{"description":"Black","count":204,"tested":1970,"color":"rgb(255,127,14)"},{"description":"Left Blank","count":1919,"tested":23028,"color":"rgb(44,160,44)"},{"description":"Hispanic","count":3489,"tested":21596,"color":"rgb(214,39,40)"},{"description":"AI/AN**","count":8,"tested":69,"color":"rgb(31,119,180)"}],"gender":[{"description":"Male","count":3890,"tested":31830,"color":"rgb(31,119,180)"},{"description":"Female","count":4092,"tested":37566,"color":"rgb(255,127,14)"},{"description":"Unknown/Left Blank","count":63,"tested":1387,"color":"rgb(44,160,44)"}]}
