{"age":[{"age_group":"<20","count":235,"tested":2101},{"age_group":"20-29   ","count":237,"tested":3124},{"age_group":"30-39   ","count":148,"tested":3057},{"age_group":"40-49   ","count":220,"tested":3354},{"age_group":"50-59   ","count":246,"tested":4507},{"age_group":"60-69   ","count":174,"tested":3785},{"age_group":"70-79   ","count":97,"tested":5274},{"age_group":"80+","count":113,"tested":7799}],"race":[{"description":"Asian","count":16,"tested":123,"color":"rgb(140,86,75)"},{"description":"White","count":921,"tested":22489,"color":"rgb(31,119,180)"},{"description":"Left Blank","count":407,"tested":7010,"color":"rgb(44,160,44)"},{"description":"Hispanic","count":46,"tested":658,"color":"rgb(214,39,40)"},{"description":"Black","count":34,"tested":2166,"color":"rgb(255,127,14)"},{"description":"Other","count":45,"tested":529,"color":"rgb(148,103,189)"}],"gender":[{"description":"Male","count":691,"tested":16677,"color":"rgb(31,119,180)"},{"description":"Female","count":772,"tested":13921,"color":"rgb(255,127,14)"}]}
