{"age":[{"age_group":"<20","count":1307,"tested":10304},{"age_group":"20-29   ","count":1456,"tested":15329},{"age_group":"30-39   ","count":1557,"tested":15616},{"age_group":"40-49   ","count":1444,"tested":12906},{"age_group":"50-59   ","count":1011,"tested":11023},{"age_group":"60-69   ","count":727,"tested":8471},{"age_group":"70-79   ","count":380,"tested":4349},{"age_group":"80+","count":131,"tested":1544}],"race":[{"description":"AI/AN**","count":6,"tested":73,"color":"rgb(31,119,180)"},{"description":"Asian","count":12,"tested":299,"color":"rgb(140,86,75)"},{"description":"White","count":281,"tested":5562,"color":"rgb(31,119,180)"},{"description":"Other","count":206,"tested":2622,"color":"rgb(148,103,189)"},{"description":"Left Blank","count":1536,"tested":28476,"color":"rgb(44,160,44)"},{"description":"Black","count":2325,"tested":23333,"color":"rgb(255,127,14)"},{"description":"Hispanic","count":3647,"tested":19112,"color":"rgb(214,39,40)"}],"gender":[{"description":"Male","count":3663,"tested":33520,"color":"rgb(31,119,180)"},{"description":"Unknown/Left Blank","count":71,"tested":1724,"color":"rgb(44,160,44)"},{"description":"Female","count":4279,"tested":44352,"color":"rgb(255,127,14)"}]}
