{"age":[{"age_group":"<20","count":287,"tested":2543},{"age_group":"20-29   ","count":391,"tested":4857},{"age_group":"30-39   ","count":392,"tested":5706},{"age_group":"40-49   ","count":376,"tested":6404},{"age_group":"50-59   ","count":425,"tested":8895},{"age_group":"60-69   ","count":286,"tested":5924},{"age_group":"70-79   ","count":113,"tested":2554},{"age_group":"80+","count":37,"tested":1186}],"race":[{"description":"Other","count":51,"tested":668,"color":"rgb(148,103,189)"},{"description":"Left Blank","count":659,"tested":12230,"color":"rgb(44,160,44)"},{"description":"Hispanic","count":124,"tested":1154,"color":"rgb(214,39,40)"},{"description":"White","count":350,"tested":7474,"color":"rgb(31,119,180)"},{"description":"Black","count":1108,"tested":16344,"color":"rgb(255,127,14)"},{"description":"Asian","count":9,"tested":137,"color":"rgb(140,86,75)"}],"gender":[{"description":"Female","count":1303,"tested":21012,"color":"rgb(255,127,14)"},{"description":"Male","count":994,"tested":16200,"color":"rgb(31,119,180)"},{"description":"Unknown/Left Blank","count":10,"tested":878,"color":"rgb(44,160,44)"}]}
