{"age":[{"age_group":"<20","count":417,"tested":3230},{"age_group":"20-29   ","count":472,"tested":5422},{"age_group":"30-39   ","count":467,"tested":5055},{"age_group":"40-49   ","count":470,"tested":4769},{"age_group":"50-59   ","count":387,"tested":4761},{"age_group":"60-69   ","count":229,"tested":3486},{"age_group":"70-79   ","count":95,"tested":1761},{"age_group":"80+","count":65,"tested":2612}],"race":[{"description":"Asian","count":52,"tested":659,"color":"rgb(140,86,75)"},{"description":"NH/PI*","count":7,"tested":35,"color":"rgb(127,127,127)"},{"description":"Black","count":22,"tested":295,"color":"rgb(255,127,14)"},{"description":"Other","count":89,"tested":1100,"color":"rgb(148,103,189)"},{"description":"Hispanic","count":1104,"tested":6205,"color":"rgb(214,39,40)"},{"description":"Left Blank","count":582,"tested":16130,"color":"rgb(44,160,44)"},{"description":"White","count":744,"tested":6659,"color":"rgb(31,119,180)"}],"gender":[{"description":"Male","count":1285,"tested":12227,"color":"rgb(31,119,180)"},{"description":"Female","count":1312,"tested":18448,"color":"rgb(255,127,14)"}]}
