{"age":[{"age_group":"<20","count":97,"tested":943},{"age_group":"20-29   ","count":206,"tested":2221},{"age_group":"30-39   ","count":174,"tested":2200},{"age_group":"40-49   ","count":143,"tested":1528},{"age_group":"50-59   ","count":114,"tested":1368},{"age_group":"60-69   ","count":65,"tested":1052},{"age_group":"70-79   ","count":28,"tested":438},{"age_group":"80+","count":29,"tested":415}],"race":[{"description":"Left Blank","count":345,"tested":5309,"color":"rgb(44,160,44)"},{"description":"Other","count":50,"tested":289,"color":"rgb(148,103,189)"},{"description":"Hispanic","count":110,"tested":628,"color":"rgb(214,39,40)"},{"description":"White","count":224,"tested":2248,"color":"rgb(31,119,180)"},{"description":"Asian","count":95,"tested":1237,"color":"rgb(140,86,75)"},{"description":"Black","count":29,"tested":401,"color":"rgb(255,127,14)"}],"gender":[{"description":"Male","count":414,"tested":4422,"color":"rgb(31,119,180)"},{"description":"Female","count":437,"tested":5656,"color":"rgb(255,127,14)"}]}
