{"age":[{"age_group":"<20","count":806,"tested":4934},{"age_group":"20-29   ","count":872,"tested":7456},{"age_group":"30-39   ","count":794,"tested":6782},{"age_group":"40-49   ","count":866,"tested":6786},{"age_group":"50-59   ","count":706,"tested":6757},{"age_group":"60-69   ","count":423,"tested":5184},{"age_group":"70-79   ","count":193,"tested":2059},{"age_group":"80+","count":155,"tested":1591}],"race":[{"description":"Hispanic","count":1982,"tested":9103,"color":"rgb(214,39,40)"},{"description":"Asian","count":8,"tested":152,"color":"rgb(140,86,75)"},{"description":"Black","count":937,"tested":10338,"color":"rgb(255,127,14)"},{"description":"White","count":287,"tested":3031,"color":"rgb(31,119,180)"},{"description":"Other","count":151,"tested":1340,"color":"rgb(148,103,189)"},{"description":"Left Blank","count":1441,"tested":17444,"color":"rgb(44,160,44)"},{"description":"AI/AN**","count":10,"tested":27,"color":"rgb(31,119,180)"}],"gender":[{"description":"Female","count":2517,"tested":23816,"color":"rgb(255,127,14)"},{"description":"Male","count":2243,"tested":16783,"color":"rgb(31,119,180)"},{"description":"Unknown/Left Blank","count":56,"tested":964,"color":"rgb(44,160,44)"}]}
