{"age":[{"age_group":"<20","count":328,"tested":2796},{"age_group":"20-29   ","count":365,"tested":3975},{"age_group":"30-39   ","count":372,"tested":4072},{"age_group":"40-49   ","count":369,"tested":3590},{"age_group":"50-59   ","count":367,"tested":4159},{"age_group":"60-69   ","count":266,"tested":4156},{"age_group":"70-79   ","count":140,"tested":2399},{"age_group":"80+","count":101,"tested":1995}],"race":[{"description":"Asian","count":100,"tested":1385,"color":"rgb(140,86,75)"},{"description":"Hispanic","count":640,"tested":3159,"color":"rgb(214,39,40)"},{"description":"Black","count":40,"tested":455,"color":"rgb(255,127,14)"},{"description":"White","count":836,"tested":9610,"color":"rgb(31,119,180)"},{"description":"Left Blank","count":582,"tested":11836,"color":"rgb(44,160,44)"},{"description":"Other","count":108,"tested":642,"color":"rgb(148,103,189)"}],"gender":[{"description":"Male","count":1132,"tested":11564,"color":"rgb(31,119,180)"},{"description":"Unknown/Left Blank","count":12,"tested":492,"color":"rgb(44,160,44)"},{"description":"Female","count":1164,"tested":15092,"color":"rgb(255,127,14)"}]}
