{"age":[{"age_group":"<20","count":800,"tested":6284},{"age_group":"20-29   ","count":938,"tested":10596},{"age_group":"30-39   ","count":872,"tested":9910},{"age_group":"40-49   ","count":829,"tested":8981},{"age_group":"50-59   ","count":758,"tested":10552},{"age_group":"60-69   ","count":435,"tested":7419},{"age_group":"70-79   ","count":258,"tested":5118},{"age_group":"80+","count":179,"tested":4172}],"race":[{"description":"Asian","count":220,"tested":2939,"color":"rgb(140,86,75)"},{"description":"Other","count":229,"tested":2102,"color":"rgb(148,103,189)"},{"description":"Left Blank","count":1458,"tested":32375,"color":"rgb(44,160,44)"},{"description":"White","count":1003,"tested":11689,"color":"rgb(31,119,180)"},{"description":"Black","count":688,"tested":7015,"color":"rgb(255,127,14)"},{"description":"Hispanic","count":1458,"tested":6837,"color":"rgb(214,39,40)"},{"description":"AI/AN**","count":7,"tested":45,"color":"rgb(31,119,180)"},{"description":"NH/PI*","count":6,"tested":52,"color":"rgb(127,127,127)"}],"gender":[{"description":"Male","count":2366,"tested":24607,"color":"rgb(31,119,180)"},{"description":"Unknown/Left Blank","count":38,"tested":909,"color":"rgb(44,160,44)"},{"description":"Female","count":2665,"tested":37538,"color":"rgb(255,127,14)"}]}
