{"age":[{"age_group":"<20","count":591,"tested":3571},{"age_group":"20-29   ","count":698,"tested":5966},{"age_group":"30-39   ","count":645,"tested":5173},{"age_group":"40-49   ","count":614,"tested":4945},{"age_group":"50-59   ","count":511,"tested":4545},{"age_group":"60-69   ","count":376,"tested":3368},{"age_group":"70-79   ","count":154,"tested":1786},{"age_group":"80+","count":37,"tested":815}],"race":[{"description":"AI/AN**","count":6,"tested":15,"color":"rgb(31,119,180)"},{"description":"Other","count":147,"tested":1340,"color":"rgb(148,103,189)"},{"description":"Left Blank","count":836,"tested":15339,"color":"rgb(44,160,44)"},{"description":"Black","count":121,"tested":1133,"color":"rgb(255,127,14)"},{"description":"White","count":710,"tested":5187,"color":"rgb(31,119,180)"},{"description":"Hispanic","count":1301,"tested":3926,"color":"rgb(214,39,40)"},{"description":"Asian","count":503,"tested":3156,"color":"rgb(140,86,75)"}],"gender":[{"description":"Male","count":1753,"tested":13050,"color":"rgb(31,119,180)"},{"description":"Unknown/Left Blank","count":14,"tested":301,"color":"rgb(44,160,44)"},{"description":"Female","count":1859,"tested":16834,"color":"rgb(255,127,14)"}]}
