{"age":[{"age_group":"<20","count":268,"tested":2786},{"age_group":"20-29   ","count":306,"tested":3268},{"age_group":"30-39   ","count":261,"tested":3260},{"age_group":"40-49   ","count":279,"tested":2990},{"age_group":"50-59   ","count":271,"tested":2856},{"age_group":"60-69   ","count":176,"tested":2292},{"age_group":"70-79   ","count":106,"tested":1559},{"age_group":"80+","count":69,"tested":853}],"race":[{"description":"Left Blank","count":453,"tested":8969,"color":"rgb(44,160,44)"},{"description":"White","count":1031,"tested":9232,"color":"rgb(31,119,180)"},{"description":"Hispanic","count":151,"tested":851,"color":"rgb(214,39,40)"},{"description":"Other","count":19,"tested":182,"color":"rgb(148,103,189)"},{"description":"Asian","count":26,"tested":217,"color":"rgb(140,86,75)"},{"description":"Black","count":52,"tested":384,"color":"rgb(255,127,14)"}],"gender":[{"description":"Male","count":833,"tested":8020,"color":"rgb(31,119,180)"},{"description":"Female","count":898,"tested":11639,"color":"rgb(255,127,14)"}]}
