{"age":[{"age_group":"<20","count":141,"tested":1343},{"age_group":"20-29   ","count":97,"tested":1184},{"age_group":"30-39   ","count":102,"tested":1070},{"age_group":"40-49   ","count":84,"tested":979},{"age_group":"50-59   ","count":75,"tested":1098},{"age_group":"60-69   ","count":84,"tested":912},{"age_group":"70-79   ","count":30,"tested":771},{"age_group":"80+","count":36,"tested":1069}],"race":[{"description":"Left Blank","count":40,"tested":1717,"color":"rgb(44,160,44)"},{"description":"Hispanic","count":81,"tested":505,"color":"rgb(214,39,40)"},{"description":"White","count":502,"tested":5948,"color":"rgb(31,119,180)"},{"description":"Other","count":21,"tested":173,"color":"rgb(148,103,189)"}],"gender":[{"description":"Female","count":346,"tested":4807,"color":"rgb(255,127,14)"},{"description":"Male","count":296,"tested":3056,"color":"rgb(31,119,180)"},{"description":"Unknown/Left Blank","count":7,"tested":566,"color":"rgb(44,160,44)"}]}
