{"age":[{"age_group":"<20","count":416,"tested":4354},{"age_group":"20-29   ","count":456,"tested":7906},{"age_group":"30-39   ","count":412,"tested":7382},{"age_group":"40-49   ","count":394,"tested":7162},{"age_group":"50-59   ","count":334,"tested":7156},{"age_group":"60-69   ","count":201,"tested":5739},{"age_group":"70-79   ","count":156,"tested":5271},{"age_group":"80+","count":362,"tested":12130}],"race":[{"description":"Hispanic","count":318,"tested":1937,"color":"rgb(214,39,40)"},{"description":"Asian","count":150,"tested":3029,"color":"rgb(140,86,75)"},{"description":"Left Blank","count":537,"tested":30686,"color":"rgb(44,160,44)"},{"description":"White","count":1459,"tested":18235,"color":"rgb(31,119,180)"},{"description":"Other","count":81,"tested":1066,"color":"rgb(148,103,189)"},{"description":"Black","count":182,"tested":2097,"color":"rgb(255,127,14)"}],"gender":[{"description":"Male","count":1207,"tested":19338,"color":"rgb(31,119,180)"},{"description":"Unknown/Left Blank","count":14,"tested":936,"color":"rgb(44,160,44)"},{"description":"Female","count":1510,"tested":36835,"color":"rgb(255,127,14)"}]}
