{"age":[{"age_group":"<20","count":1290,"tested":9124},{"age_group":"20-29   ","count":1627,"tested":14275},{"age_group":"30-39   ","count":1723,"tested":15382},{"age_group":"40-49   ","count":1546,"tested":13825},{"age_group":"50-59   ","count":1484,"tested":13500},{"age_group":"60-69   ","count":967,"tested":10844},{"age_group":"70-79   ","count":429,"tested":5066},{"age_group":"80+","count":234,"tested":4296}],"race":[{"description":"Hispanic","count":4095,"tested":25300,"color":"rgb(214,39,40)"},{"description":"White","count":2870,"tested":25077,"color":"rgb(31,119,180)"},{"description":"Left Blank","count":1413,"tested":25910,"color":"rgb(44,160,44)"},{"description":"NH/PI*","count":24,"tested":212,"color":"rgb(127,127,127)"},{"description":"Black","count":171,"tested":2114,"color":"rgb(255,127,14)"},{"description":"Asian","count":275,"tested":3064,"color":"rgb(140,86,75)"},{"description":"Other","count":441,"tested":4560,"color":"rgb(148,103,189)"},{"description":"AI/AN**","count":11,"tested":95,"color":"rgb(31,119,180)"}],"gender":[{"description":"Female","count":4745,"tested":46963,"color":"rgb(255,127,14)"},{"description":"Male","count":4470,"tested":37994,"color":"rgb(31,119,180)"},{"description":"Unknown/Left Blank","count":85,"tested":1375,"color":"rgb(44,160,44)"}]}
