{"age":[{"age_group":"<20","count":158,"tested":1532},{"age_group":"20-29   ","count":187,"tested":2903},{"age_group":"30-39   ","count":166,"tested":2630},{"age_group":"40-49   ","count":179,"tested":3062},{"age_group":"50-59   ","count":238,"tested":3186},{"age_group":"60-69   ","count":203,"tested":3637},{"age_group":"70-79   ","count":117,"tested":2550},{"age_group":"80+","count":138,"tested":4856}],"race":[{"description":"Black","count":280,"tested":5830,"color":"rgb(255,127,14)"},{"description":"Hispanic","count":117,"tested":610,"color":"rgb(214,39,40)"},{"description":"White","count":445,"tested":7289,"color":"rgb(31,119,180)"},{"description":"Left Blank","count":501,"tested":10025,"color":"rgb(44,160,44)"},{"description":"Other","count":37,"tested":474,"color":"rgb(148,103,189)"}],"gender":[{"description":"Female","count":762,"tested":15648,"color":"rgb(255,127,14)"},{"description":"Unknown/Left Blank","count":12,"tested":403,"color":"rgb(44,160,44)"},{"description":"Male","count":612,"tested":8308,"color":"rgb(31,119,180)"}]}
