{"age":[{"age_group":"<20","count":479,"tested":3394},{"age_group":"20-29   ","count":570,"tested":6211},{"age_group":"30-39   ","count":470,"tested":5499},{"age_group":"40-49   ","count":566,"tested":5770},{"age_group":"50-59   ","count":457,"tested":5864},{"age_group":"60-69   ","count":341,"tested":5509},{"age_group":"70-79   ","count":205,"tested":3851},{"age_group":"80+","count":220,"tested":5293}],"race":[{"description":"Black","count":33,"tested":417,"color":"rgb(255,127,14)"},{"description":"Asian","count":197,"tested":1910,"color":"rgb(140,86,75)"},{"description":"Hispanic","count":1114,"tested":5627,"color":"rgb(214,39,40)"},{"description":"White","count":846,"tested":8374,"color":"rgb(31,119,180)"},{"description":"Other","count":167,"tested":1215,"color":"rgb(148,103,189)"},{"description":"Left Blank","count":938,"tested":23970,"color":"rgb(44,160,44)"},{"description":"AI/AN**","count":9,"tested":77,"color":"rgb(31,119,180)"}],"gender":[{"description":"Male","count":1590,"tested":16162,"color":"rgb(31,119,180)"},{"description":"Unknown/Left Blank","count":23,"tested":1152,"color":"rgb(44,160,44)"},{"description":"Female","count":1695,"tested":24396,"color":"rgb(255,127,14)"}]}
