{"age":[{"age_group":"<20","count":484,"tested":4379},{"age_group":"20-29   ","count":663,"tested":7388},{"age_group":"30-39   ","count":452,"tested":5786},{"age_group":"40-49   ","count":554,"tested":5455},{"age_group":"50-59   ","count":433,"tested":5184},{"age_group":"60-69   ","count":214,"tested":2915},{"age_group":"70-79   ","count":78,"tested":1163},{"age_group":"80+","count":38,"tested":501}],"race":[{"description":"Other","count":103,"tested":1482,"color":"rgb(148,103,189)"},{"description":"Left Blank","count":666,"tested":12780,"color":"rgb(44,160,44)"},{"description":"Hispanic","count":785,"tested":3835,"color":"rgb(214,39,40)"},{"description":"White","count":818,"tested":8807,"color":"rgb(31,119,180)"},{"description":"Asian","count":206,"tested":2399,"color":"rgb(140,86,75)"},{"description":"Black","count":331,"tested":3403,"color":"rgb(255,127,14)"}],"gender":[{"description":"Female","count":1526,"tested":18426,"color":"rgb(255,127,14)"},{"description":"Male","count":1379,"tested":14078,"color":"rgb(31,119,180)"},{"description":"Unknown/Left Blank","count":11,"tested":272,"color":"rgb(44,160,44)"}]}
