{"age":[{"age_group":"<20","count":354,"tested":36258},{"age_group":"20-29   ","count":602,"tested":28414},{"age_group":"30-39   ","count":578,"tested":11619},{"age_group":"40-49   ","count":402,"tested":8098},{"age_group":"50-59   ","count":400,"tested":8174},{"age_group":"60-69   ","count":283,"tested":6169},{"age_group":"70-79   ","count":135,"tested":2915},{"age_group":"80+","count":108,"tested":2379}],"race":[{"description":"Hispanic","count":92,"tested":7587,"color":"rgb(214,39,40)"},{"description":"Left Blank","count":768,"tested":28420,"color":"rgb(44,160,44)"},{"description":"Black","count":1742,"tested":25305,"color":"rgb(255,127,14)"},{"description":"Asian","count":37,"tested":12942,"color":"rgb(140,86,75)"},{"description":"White","count":183,"tested":28632,"color":"rgb(31,119,180)"},{"description":"Other","count":35,"tested":699,"color":"rgb(148,103,189)"}],"gender":[{"description":"Unknown/Left Blank","count":29,"tested":2369,"color":"rgb(44,160,44)"},{"description":"Female","count":1606,"tested":54355,"color":"rgb(255,127,14)"},{"description":"Male","count":1227,"tested":47311,"color":"rgb(31,119,180)"}]}
