{"age":[{"age_group":"<20","count":688,"tested":5322},{"age_group":"20-29   ","count":942,"tested":10044},{"age_group":"30-39   ","count":838,"tested":7686},{"age_group":"40-49   ","count":852,"tested":7670},{"age_group":"50-59   ","count":737,"tested":8106},{"age_group":"60-69   ","count":537,"tested":6765},{"age_group":"70-79   ","count":258,"tested":3990},{"age_group":"80+","count":200,"tested":3493}],"race":[{"description":"Asian","count":128,"tested":1598,"color":"rgb(140,86,75)"},{"description":"White","count":1049,"tested":11637,"color":"rgb(31,119,180)"},{"description":"Left Blank","count":1524,"tested":26531,"color":"rgb(44,160,44)"},{"description":"Hispanic","count":1987,"tested":8687,"color":"rgb(214,39,40)"},{"description":"Black","count":248,"tested":2897,"color":"rgb(255,127,14)"},{"description":"Other","count":114,"tested":1664,"color":"rgb(148,103,189)"}],"gender":[{"description":"Male","count":2293,"tested":20944,"color":"rgb(31,119,180)"},{"description":"Unknown/Left Blank","count":62,"tested":859,"color":"rgb(44,160,44)"},{"description":"Female","count":2699,"tested":31290,"color":"rgb(255,127,14)"}]}
