{"age":[{"age_group":"<20","count":9,"tested":126},{"age_group":"20-29   ","count":18,"tested":182},{"age_group":"30-39   ","count":12,"tested":173},{"age_group":"40-49   ","count":10,"tested":109},{"age_group":"50-59   ","count":29,"tested":180},{"age_group":"60-69   ","count":17,"tested":158},{"age_group":"70-79   ","count":6,"tested":104}],"race":[{"description":"White","count":60,"tested":610,"color":"rgb(31,119,180)"},{"description":"Hispanic","count":14,"tested":46,"color":"rgb(214,39,40)"},{"description":"Left Blank","count":29,"tested":388,"color":"rgb(44,160,44)"}],"gender":[{"description":"Male","count":52,"tested":513,"color":"rgb(31,119,180)"},{"description":"Female","count":51,"tested":570,"color":"rgb(255,127,14)"}]}
