{"age":[{"age_group":"<20","count":91,"tested":901},{"age_group":"20-29   ","count":99,"tested":833},{"age_group":"30-39   ","count":85,"tested":973},{"age_group":"40-49   ","count":89,"tested":788},{"age_group":"50-59   ","count":104,"tested":1089},{"age_group":"60-69   ","count":58,"tested":1052},{"age_group":"70-79   ","count":43,"tested":457},{"age_group":"80+","count":48,"tested":304}],"race":[{"description":"Hispanic","count":11,"tested":91,"color":"rgb(214,39,40)"},{"description":"White","count":365,"tested":3753,"color":"rgb(31,119,180)"},{"description":"Left Blank","count":234,"tested":2412,"color":"rgb(44,160,44)"},{"description":"Other","count":11,"tested":84,"color":"rgb(148,103,189)"}],"gender":[{"description":"Male","count":264,"tested":2248,"color":"rgb(31,119,180)"},{"description":"Female","count":357,"tested":3986,"color":"rgb(255,127,14)"}]}
