{"age":[{"age_group":"<20","count":60,"tested":1168},{"age_group":"20-29   ","count":40,"tested":398},{"age_group":"30-39   ","count":39,"tested":339},{"age_group":"40-49   ","count":32,"tested":262},{"age_group":"50-59   ","count":31,"tested":247},{"age_group":"60-69   ","count":30,"tested":283},{"age_group":"70-79   ","count":11,"tested":140}],"race":[{"description":"Left Blank","count":60,"tested":1228,"color":"rgb(44,160,44)"},{"description":"Hispanic","count":95,"tested":445,"color":"rgb(214,39,40)"},{"description":"Other","count":8,"tested":62,"color":"rgb(148,103,189)"},{"description":"White","count":82,"tested":1125,"color":"rgb(31,119,180)"}],"gender":[{"description":"Male","count":131,"tested":1457,"color":"rgb(31,119,180)"},{"description":"Female","count":100,"tested":1349,"color":"rgb(255,127,14)"}]}
