{"age":[{"age_group":"<20","count":376,"tested":3240},{"age_group":"20-29   ","count":525,"tested":4838},{"age_group":"30-39   ","count":471,"tested":4805},{"age_group":"40-49   ","count":399,"tested":3556},{"age_group":"50-59   ","count":402,"tested":4047},{"age_group":"60-69   ","count":269,"tested":3420},{"age_group":"70-79   ","count":137,"tested":2043},{"age_group":"80+","count":68,"tested":1756}],"race":[{"description":"Left Blank","count":612,"tested":13493,"color":"rgb(44,160,44)"},{"description":"Hispanic","count":631,"tested":2199,"color":"rgb(214,39,40)"},{"description":"White","count":1030,"tested":8906,"color":"rgb(31,119,180)"},{"description":"Asian","count":143,"tested":909,"color":"rgb(140,86,75)"},{"description":"Black","count":119,"tested":1039,"color":"rgb(255,127,14)"},{"description":"Other","count":111,"tested":1138,"color":"rgb(148,103,189)"}],"gender":[{"description":"Female","count":1367,"tested":15510,"color":"rgb(255,127,14)"},{"description":"Male","count":1274,"tested":11971,"color":"rgb(31,119,180)"}]}
