{"age":[{"age_group":"<20","count":403,"tested":3299},{"age_group":"20-29   ","count":595,"tested":4828},{"age_group":"30-39   ","count":411,"tested":4050},{"age_group":"40-49   ","count":466,"tested":4580},{"age_group":"50-59   ","count":469,"tested":5335},{"age_group":"60-69   ","count":275,"tested":4152},{"age_group":"70-79   ","count":151,"tested":2752},{"age_group":"80+","count":122,"tested":3050}],"race":[{"description":"Left Blank","count":866,"tested":17858,"color":"rgb(44,160,44)"},{"description":"White","count":573,"tested":5746,"color":"rgb(31,119,180)"},{"description":"Asian","count":40,"tested":427,"color":"rgb(140,86,75)"},{"description":"Other","count":120,"tested":1181,"color":"rgb(148,103,189)"},{"description":"Hispanic","count":1242,"tested":6241,"color":"rgb(214,39,40)"},{"description":"Black","count":45,"tested":572,"color":"rgb(255,127,14)"}],"gender":[{"description":"Male","count":1375,"tested":12601,"color":"rgb(31,119,180)"},{"description":"Unknown/Left Blank","count":12,"tested":191,"color":"rgb(44,160,44)"},{"description":"Female","count":1505,"tested":19273,"color":"rgb(255,127,14)"}]}
