{"age":[{"age_group":"<20","count":790,"tested":5015},{"age_group":"20-29   ","count":855,"tested":6063},{"age_group":"30-39   ","count":712,"tested":5091},{"age_group":"40-49   ","count":843,"tested":5265},{"age_group":"50-59   ","count":617,"tested":4431},{"age_group":"60-69   ","count":295,"tested":2799},{"age_group":"70-79   ","count":105,"tested":1108},{"age_group":"80+","count":39,"tested":469}],"race":[{"description":"Left Blank","count":1244,"tested":13934,"color":"rgb(44,160,44)"},{"description":"Hispanic","count":1965,"tested":6643,"color":"rgb(214,39,40)"},{"description":"White","count":779,"tested":7263,"color":"rgb(31,119,180)"},{"description":"Asian","count":65,"tested":745,"color":"rgb(140,86,75)"},{"description":"Black","count":106,"tested":917,"color":"rgb(255,127,14)"},{"description":"Other","count":93,"tested":690,"color":"rgb(148,103,189)"}],"gender":[{"description":"Female","count":2176,"tested":17424,"color":"rgb(255,127,14)"},{"description":"Male","count":2049,"tested":12407,"color":"rgb(31,119,180)"},{"description":"Unknown/Left Blank","count":31,"tested":418,"color":"rgb(44,160,44)"}]}
