{"age":[{"age_group":"<20","count":49,"tested":333},{"age_group":"20-29   ","count":70,"tested":774},{"age_group":"30-39   ","count":55,"tested":656},{"age_group":"40-49   ","count":64,"tested":667},{"age_group":"50-59   ","count":39,"tested":614},{"age_group":"60-69   ","count":39,"tested":565},{"age_group":"70-79   ","count":15,"tested":232},{"age_group":"80+","count":11,"tested":168}],"race":[{"description":"Other","count":14,"tested":95,"color":"rgb(148,103,189)"},{"description":"Left Blank","count":107,"tested":1472,"color":"rgb(44,160,44)"},{"description":"White","count":129,"tested":1715,"color":"rgb(31,119,180)"},{"description":"Hispanic","count":87,"tested":426,"color":"rgb(214,39,40)"}],"gender":[{"description":"Female","count":198,"tested":2360,"color":"rgb(255,127,14)"},{"description":"Male","count":144,"tested":1585,"color":"rgb(31,119,180)"}]}
