{"age":[{"age_group":"<20","count":73,"tested":678},{"age_group":"20-29   ","count":115,"tested":1120},{"age_group":"30-39   ","count":81,"tested":910},{"age_group":"40-49   ","count":106,"tested":1308},{"age_group":"50-59   ","count":120,"tested":1388},{"age_group":"60-69   ","count":118,"tested":1124},{"age_group":"70-79   ","count":46,"tested":608},{"age_group":"80+","count":25,"tested":326}],"race":[{"description":"Other","count":22,"tested":242,"color":"rgb(148,103,189)"},{"description":"Black","count":93,"tested":943,"color":"rgb(255,127,14)"},{"description":"White","count":316,"tested":3154,"color":"rgb(31,119,180)"},{"description":"Left Blank","count":193,"tested":2644,"color":"rgb(44,160,44)"},{"description":"Hispanic","count":52,"tested":314,"color":"rgb(214,39,40)"}],"gender":[{"description":"Female","count":348,"tested":4384,"color":"rgb(255,127,14)"},{"description":"Male","count":332,"tested":2978,"color":"rgb(31,119,180)"}]}
