{"age":[{"age_group":"<20","count":478,"tested":4355},{"age_group":"20-29   ","count":472,"tested":5697},{"age_group":"30-39   ","count":422,"tested":4834},{"age_group":"40-49   ","count":421,"tested":4190},{"age_group":"50-59   ","count":424,"tested":5800},{"age_group":"60-69   ","count":283,"tested":5262},{"age_group":"70-79   ","count":107,"tested":3172},{"age_group":"80+","count":130,"tested":4576}],"race":[{"description":"Black","count":30,"tested":297,"color":"rgb(255,127,14)"},{"description":"Hispanic","count":347,"tested":1743,"color":"rgb(214,39,40)"},{"description":"White","count":1500,"tested":14093,"color":"rgb(31,119,180)"},{"description":"Asian","count":56,"tested":612,"color":"rgb(140,86,75)"},{"description":"Other","count":57,"tested":499,"color":"rgb(148,103,189)"},{"description":"Left Blank","count":745,"tested":20605,"color":"rgb(44,160,44)"},{"description":"AI/AN**","count":6,"tested":7,"color":"rgb(31,119,180)"}],"gender":[{"description":"Female","count":1401,"tested":22060,"color":"rgb(255,127,14)"},{"description":"Male","count":1309,"tested":15188,"color":"rgb(31,119,180)"},{"description":"Unknown/Left Blank","count":35,"tested":649,"color":"rgb(44,160,44)"}]}
