{"age":[{"age_group":"<20","count":36,"tested":401},{"age_group":"20-29   ","count":44,"tested":367},{"age_group":"30-39   ","count":35,"tested":305},{"age_group":"40-49   ","count":33,"tested":296},{"age_group":"50-59   ","count":36,"tested":400},{"age_group":"60-69   ","count":55,"tested":371},{"age_group":"70-79   ","count":31,"tested":283},{"age_group":"80+","count":15,"tested":152}],"race":[{"description":"Left Blank","count":54,"tested":784,"color":"rgb(44,160,44)"},{"description":"White","count":222,"tested":1703,"color":"rgb(31,119,180)"}],"gender":[{"description":"Male","count":135,"tested":991,"color":"rgb(31,119,180)"},{"description":"Female","count":150,"tested":1559,"color":"rgb(255,127,14)"}]}
