{"age":[{"age_group":"<20","count":83,"tested":849},{"age_group":"20-29   ","count":90,"tested":1001},{"age_group":"30-39   ","count":100,"tested":1037},{"age_group":"40-49   ","count":112,"tested":1004},{"age_group":"50-59   ","count":98,"tested":1235},{"age_group":"60-69   ","count":79,"tested":763},{"age_group":"70-79   ","count":33,"tested":486},{"age_group":"80+","count":8,"tested":198}],"race":[{"description":"Hispanic","count":37,"tested":116,"color":"rgb(214,39,40)"},{"description":"White","count":334,"tested":3150,"color":"rgb(31,119,180)"},{"description":"Left Blank","count":219,"tested":3205,"color":"rgb(44,160,44)"}],"gender":[{"description":"Female","count":323,"tested":3850,"color":"rgb(255,127,14)"},{"description":"Male","count":278,"tested":2555,"color":"rgb(31,119,180)"}]}
