{"age":[{"age_group":"<20","count":7,"tested":65},{"age_group":"20-29   ","count":8,"tested":59},{"age_group":"30-39   ","count":14,"tested":55},{"age_group":"40-49   ","count":9,"tested":49},{"age_group":"50-59   ","count":15,"tested":106},{"age_group":"60-69   ","count":8,"tested":72}],"race":[{"description":"White","count":52,"tested":290,"color":"rgb(31,119,180)"},{"description":"Left Blank","count":13,"tested":156,"color":"rgb(44,160,44)"}],"gender":[{"description":"Female","count":35,"tested":254,"color":"rgb(255,127,14)"},{"description":"Male","count":31,"tested":196,"color":"rgb(31,119,180)"}]}
