{"age":[{"age_group":"<20","count":260,"tested":2397},{"age_group":"20-29   ","count":319,"tested":4270},{"age_group":"30-39   ","count":281,"tested":4183},{"age_group":"40-49   ","count":304,"tested":4601},{"age_group":"50-59   ","count":333,"tested":5818},{"age_group":"60-69   ","count":288,"tested":5668},{"age_group":"70-79   ","count":173,"tested":3800},{"age_group":"80+","count":156,"tested":4210}],"race":[{"description":"Left Blank","count":840,"tested":20270,"color":"rgb(44,160,44)"},{"description":"Hispanic","count":121,"tested":691,"color":"rgb(214,39,40)"},{"description":"Asian","count":9,"tested":111,"color":"rgb(140,86,75)"},{"description":"White","count":146,"tested":1798,"color":"rgb(31,119,180)"},{"description":"Black","count":963,"tested":11869,"color":"rgb(255,127,14)"},{"description":"Other","count":35,"tested":348,"color":"rgb(148,103,189)"}],"gender":[{"description":"Female","count":1162,"tested":21637,"color":"rgb(255,127,14)"},{"description":"Male","count":921,"tested":12864,"color":"rgb(31,119,180)"},{"description":"Unknown/Left Blank","count":33,"tested":662,"color":"rgb(44,160,44)"}]}
