{"age":[{"age_group":"<20","count":402,"tested":3929},{"age_group":"20-29   ","count":412,"tested":4190},{"age_group":"30-39   ","count":295,"tested":3437},{"age_group":"40-49   ","count":356,"tested":3491},{"age_group":"50-59   ","count":369,"tested":4229},{"age_group":"60-69   ","count":320,"tested":3754},{"age_group":"70-79   ","count":193,"tested":1817},{"age_group":"80+","count":171,"tested":760}],"race":[{"description":"Hispanic","count":205,"tested":694,"color":"rgb(214,39,40)"},{"description":"White","count":869,"tested":10472,"color":"rgb(31,119,180)"},{"description":"Left Blank","count":651,"tested":11175,"color":"rgb(44,160,44)"},{"description":"Other","count":155,"tested":873,"color":"rgb(148,103,189)"},{"description":"Asian","count":245,"tested":1774,"color":"rgb(140,86,75)"},{"description":"Black","count":175,"tested":574,"color":"rgb(255,127,14)"}],"gender":[{"description":"Unknown/Left Blank","count":117,"tested":296,"color":"rgb(44,160,44)"},{"description":"Male","count":915,"tested":11440,"color":"rgb(31,119,180)"},{"description":"Female","count":951,"tested":13872,"color":"rgb(255,127,14)"}]}
