{"age":[{"age_group":"<20","count":399,"tested":2073},{"age_group":"20-29   ","count":386,"tested":1941},{"age_group":"30-39   ","count":373,"tested":2424},{"age_group":"40-49   ","count":408,"tested":2533},{"age_group":"50-59   ","count":408,"tested":2292},{"age_group":"60-69   ","count":304,"tested":2009},{"age_group":"70-79   ","count":261,"tested":1480},{"age_group":"80+","count":227,"tested":979}],"race":[{"description":"Black","count":187,"tested":209,"color":"rgb(255,127,14)"},{"description":"Asian","count":271,"tested":898,"color":"rgb(140,86,75)"},{"description":"Hispanic","count":337,"tested":863,"color":"rgb(214,39,40)"},{"description":"Left Blank","count":681,"tested":7475,"color":"rgb(44,160,44)"},{"description":"White","count":743,"tested":5947,"color":"rgb(31,119,180)"},{"description":"Other","count":217,"tested":319,"color":"rgb(148,103,189)"}],"gender":[{"description":"Female","count":930,"tested":8701,"color":"rgb(255,127,14)"},{"description":"Male","count":850,"tested":6841,"color":"rgb(31,119,180)"},{"description":"Unknown/Left Blank","count":172,"tested":194,"color":"rgb(44,160,44)"}]}
