{"age":[{"age_group":"<20","count":371,"tested":4248},{"age_group":"20-29   ","count":1121,"tested":19910},{"age_group":"30-39   ","count":1115,"tested":22848},{"age_group":"40-49   ","count":534,"tested":7401},{"age_group":"50-59   ","count":425,"tested":4563},{"age_group":"60-69   ","count":312,"tested":2942},{"age_group":"70-79   ","count":241,"tested":1579},{"age_group":"80+","count":224,"tested":1068}],"race":[{"description":"Asian","count":149,"tested":1630,"color":"rgb(140,86,75)"},{"description":"Left Blank","count":1319,"tested":31302,"color":"rgb(44,160,44)"},{"description":"White","count":1151,"tested":20963,"color":"rgb(31,119,180)"},{"description":"Hispanic","count":973,"tested":5757,"color":"rgb(214,39,40)"},{"description":"Other","count":243,"tested":2585,"color":"rgb(148,103,189)"},{"description":"Black","count":300,"tested":2240,"color":"rgb(255,127,14)"}],"gender":[{"description":"Female","count":1878,"tested":34802,"color":"rgb(255,127,14)"},{"description":"Unknown/Left Blank","count":137,"tested":1247,"color":"rgb(44,160,44)"},{"description":"Male","count":1820,"tested":28523,"color":"rgb(31,119,180)"}]}
