{"age":[{"age_group":"<20","count":210,"tested":1848},{"age_group":"20-29   ","count":145,"tested":1015},{"age_group":"30-39   ","count":120,"tested":1139},{"age_group":"40-49   ","count":200,"tested":1389},{"age_group":"50-59   ","count":173,"tested":1174},{"age_group":"60-69   ","count":117,"tested":1004},{"age_group":"70-79   ","count":81,"tested":711},{"age_group":"80+","count":53,"tested":485}],"race":[{"description":"Other","count":48,"tested":119,"color":"rgb(148,103,189)"},{"description":"Black","count":32,"tested":89,"color":"rgb(255,127,14)"},{"description":"White","count":644,"tested":5091,"color":"rgb(31,119,180)"},{"description":"Hispanic","count":63,"tested":169,"color":"rgb(214,39,40)"},{"description":"Left Blank","count":230,"tested":3246,"color":"rgb(44,160,44)"}],"gender":[{"description":"Male","count":457,"tested":3634,"color":"rgb(31,119,180)"},{"description":"Female","count":484,"tested":5060,"color":"rgb(255,127,14)"}]}
