{"age":[{"age_group":"<20","count":337,"tested":1990},{"age_group":"20-29   ","count":404,"tested":3380},{"age_group":"30-39   ","count":339,"tested":2927},{"age_group":"40-49   ","count":364,"tested":2782},{"age_group":"50-59   ","count":311,"tested":3153},{"age_group":"60-69   ","count":207,"tested":2397},{"age_group":"70-79   ","count":137,"tested":1327},{"age_group":"80+","count":96,"tested":582}],"race":[{"description":"Hispanic","count":408,"tested":1611,"color":"rgb(214,39,40)"},{"description":"AI/AN**","count":42,"tested":46,"color":"rgb(31,119,180)"},{"description":"Left Blank","count":856,"tested":7750,"color":"rgb(44,160,44)"},{"description":"Asian","count":46,"tested":74,"color":"rgb(140,86,75)"},{"description":"White","count":66,"tested":594,"color":"rgb(31,119,180)"},{"description":"Black","count":662,"tested":8107,"color":"rgb(255,127,14)"},{"description":"Other","count":83,"tested":361,"color":"rgb(148,103,189)"}],"gender":[{"description":"Unknown/Left Blank","count":82,"tested":283,"color":"rgb(44,160,44)"},{"description":"Female","count":1007,"tested":10231,"color":"rgb(255,127,14)"},{"description":"Male","count":946,"tested":8032,"color":"rgb(31,119,180)"}]}
