{"age":[{"age_group":"<20","count":290,"tested":1969},{"age_group":"20-29   ","count":384,"tested":2631},{"age_group":"30-39   ","count":330,"tested":2624},{"age_group":"40-49   ","count":371,"tested":2487},{"age_group":"50-59   ","count":369,"tested":2738},{"age_group":"60-69   ","count":261,"tested":2222},{"age_group":"70-79   ","count":162,"tested":1047},{"age_group":"80+","count":110,"tested":473}],"race":[{"description":"Asian","count":154,"tested":604,"color":"rgb(140,86,75)"},{"description":"Hispanic","count":245,"tested":734,"color":"rgb(214,39,40)"},{"description":"Black","count":97,"tested":217,"color":"rgb(255,127,14)"},{"description":"Other","count":123,"tested":391,"color":"rgb(148,103,189)"},{"description":"Left Blank","count":658,"tested":9280,"color":"rgb(44,160,44)"},{"description":"White","count":845,"tested":4932,"color":"rgb(31,119,180)"}],"gender":[{"description":"Female","count":941,"tested":8904,"color":"rgb(255,127,14)"},{"description":"Male","count":874,"tested":6808,"color":"rgb(31,119,180)"},{"description":"Unknown/Left Blank","count":82,"tested":491,"color":"rgb(44,160,44)"}]}
