{"age":[{"age_group":"<20","count":232,"tested":2717},{"age_group":"20-29   ","count":542,"tested":10582},{"age_group":"30-39   ","count":675,"tested":9704},{"age_group":"40-49   ","count":503,"tested":5914},{"age_group":"50-59   ","count":433,"tested":5352},{"age_group":"60-69   ","count":330,"tested":4180},{"age_group":"70-79   ","count":162,"tested":1936},{"age_group":"80+","count":88,"tested":829}],"race":[{"description":"Hispanic","count":404,"tested":2915,"color":"rgb(214,39,40)"},{"description":"White","count":342,"tested":5971,"color":"rgb(31,119,180)"},{"description":"Left Blank","count":799,"tested":18328,"color":"rgb(44,160,44)"},{"description":"Other","count":135,"tested":1838,"color":"rgb(148,103,189)"},{"description":"Asian","count":96,"tested":1686,"color":"rgb(140,86,75)"},{"description":"NH/PI*","count":44,"tested":33,"color":"rgb(127,127,127)"},{"description":"Black","count":1107,"tested":10407,"color":"rgb(255,127,14)"}],"gender":[{"description":"Unknown/Left Blank","count":84,"tested":1609,"color":"rgb(44,160,44)"},{"description":"Male","count":1391,"tested":21537,"color":"rgb(31,119,180)"},{"description":"Female","count":1300,"tested":18076,"color":"rgb(255,127,14)"}]}
