{"age":[{"age_group":"<20","count":130,"tested":1517},{"age_group":"20-29   ","count":110,"tested":1531},{"age_group":"30-39   ","count":90,"tested":1543},{"age_group":"40-49   ","count":126,"tested":1744},{"age_group":"50-59   ","count":118,"tested":2175},{"age_group":"60-69   ","count":91,"tested":2266},{"age_group":"70-79   ","count":71,"tested":1784},{"age_group":"80+","count":112,"tested":3471}],"race":[{"description":"Other","count":107,"tested":767,"color":"rgb(148,103,189)"},{"description":"Asian","count":78,"tested":1097,"color":"rgb(140,86,75)"},{"description":"Black","count":29,"tested":361,"color":"rgb(255,127,14)"},{"description":"Hispanic","count":62,"tested":560,"color":"rgb(214,39,40)"},{"description":"White","count":332,"tested":6790,"color":"rgb(31,119,180)"},{"description":"Left Blank","count":205,"tested":6394,"color":"rgb(44,160,44)"}],"gender":[{"description":"Female","count":377,"tested":8136,"color":"rgb(255,127,14)"},{"description":"Male","count":351,"tested":5594,"color":"rgb(31,119,180)"},{"description":"Unknown/Left Blank","count":35,"tested":2318,"color":"rgb(44,160,44)"}]}
