{"age":[{"age_group":"<20","count":265,"tested":2043},{"age_group":"20-29   ","count":349,"tested":3184},{"age_group":"30-39   ","count":278,"tested":2499},{"age_group":"40-49   ","count":308,"tested":2762},{"age_group":"50-59   ","count":378,"tested":3521},{"age_group":"60-69   ","count":295,"tested":2964},{"age_group":"70-79   ","count":194,"tested":1851},{"age_group":"80+","count":190,"tested":3369}],"race":[{"description":"Other","count":141,"tested":521,"color":"rgb(148,103,189)"},{"description":"Black","count":100,"tested":180,"color":"rgb(255,127,14)"},{"description":"White","count":870,"tested":7468,"color":"rgb(31,119,180)"},{"description":"Asian","count":101,"tested":146,"color":"rgb(140,86,75)"},{"description":"Left Blank","count":742,"tested":13519,"color":"rgb(44,160,44)"},{"description":"Hispanic","count":128,"tested":353,"color":"rgb(214,39,40)"}],"gender":[{"description":"Unknown/Left Blank","count":93,"tested":664,"color":"rgb(44,160,44)"},{"description":"Female","count":935,"tested":13763,"color":"rgb(255,127,14)"},{"description":"Male","count":794,"tested":7774,"color":"rgb(31,119,180)"}]}
