{"age":[{"age_group":"<20","count":40,"tested":259},{"age_group":"20-29   ","count":26,"tested":120},{"age_group":"30-39   ","count":28,"tested":175},{"age_group":"40-49   ","count":34,"tested":169},{"age_group":"50-59   ","count":31,"tested":194},{"age_group":"60-69   ","count":31,"tested":274},{"age_group":"70-79   ","count":19,"tested":158},{"age_group":"80+","count":9,"tested":66}],"race":[{"description":"White","count":147,"tested":920,"color":"rgb(31,119,180)"},{"description":"Left Blank","count":48,"tested":453,"color":"rgb(44,160,44)"}],"gender":[{"description":"Female","count":107,"tested":759,"color":"rgb(255,127,14)"},{"description":"Male","count":93,"tested":629,"color":"rgb(31,119,180)"}]}
