{"age":[{"age_group":"<20","count":259,"tested":1256},{"age_group":"20-29   ","count":375,"tested":2297},{"age_group":"30-39   ","count":361,"tested":2362},{"age_group":"40-49   ","count":325,"tested":1872},{"age_group":"50-59   ","count":335,"tested":1999},{"age_group":"60-69   ","count":224,"tested":1782},{"age_group":"70-79   ","count":142,"tested":975},{"age_group":"80+","count":106,"tested":435}],"race":[{"description":"Hispanic","count":292,"tested":1042,"color":"rgb(214,39,40)"},{"description":"White","count":409,"tested":3125,"color":"rgb(31,119,180)"},{"description":"Asian","count":84,"tested":117,"color":"rgb(140,86,75)"},{"description":"Left Blank","count":846,"tested":6633,"color":"rgb(44,160,44)"},{"description":"Black","count":240,"tested":1644,"color":"rgb(255,127,14)"},{"description":"Other","count":121,"tested":395,"color":"rgb(148,103,189)"}],"gender":[{"description":"Male","count":815,"tested":5371,"color":"rgb(31,119,180)"},{"description":"Unknown/Left Blank","count":75,"tested":139,"color":"rgb(44,160,44)"},{"description":"Female","count":912,"tested":7471,"color":"rgb(255,127,14)"}]}
