{"age":[{"age_group":"<20","count":45,"tested":138},{"age_group":"20-29   ","count":48,"tested":131},{"age_group":"50-59   ","count":42,"tested":167},{"age_group":"70-79   ","count":40,"tested":61}],"race":[{"description":"White","count":44,"tested":367,"color":"rgb(31,119,180)"},{"description":"Left Blank","count":73,"tested":623,"color":"rgb(44,160,44)"}],"gender":[{"description":"Male","count":60,"tested":343,"color":"rgb(31,119,180)"},{"description":"Female","count":60,"tested":653,"color":"rgb(255,127,14)"}]}
