{"age":[{"age_group":"<20","count":777,"tested":3662},{"age_group":"20-29   ","count":972,"tested":6221},{"age_group":"30-39   ","count":1009,"tested":5829},{"age_group":"40-49   ","count":917,"tested":5208},{"age_group":"50-59   ","count":850,"tested":5862},{"age_group":"60-69   ","count":681,"tested":4985},{"age_group":"70-79   ","count":537,"tested":3311},{"age_group":"80+","count":499,"tested":3902}],"race":[{"description":"Hispanic","count":1272,"tested":4167,"color":"rgb(214,39,40)"},{"description":"Left Blank","count":1462,"tested":16420,"color":"rgb(44,160,44)"},{"description":"White","count":1373,"tested":11803,"color":"rgb(31,119,180)"},{"description":"Black","count":681,"tested":3940,"color":"rgb(255,127,14)"},{"description":"Asian","count":342,"tested":284,"color":"rgb(140,86,75)"},{"description":"Other","count":475,"tested":2235,"color":"rgb(148,103,189)"},{"description":"AI/AN**","count":331,"tested":125,"color":"rgb(31,119,180)"}],"gender":[{"description":"Female","count":2339,"tested":22839,"color":"rgb(255,127,14)"},{"description":"Male","count":2047,"tested":15744,"color":"rgb(31,119,180)"},{"description":"Unknown/Left Blank","count":331,"tested":402,"color":"rgb(44,160,44)"}]}
