{"age":[{"age_group":"<20","count":60,"tested":234},{"age_group":"20-29   ","count":71,"tested":575},{"age_group":"30-39   ","count":66,"tested":494},{"age_group":"40-49   ","count":67,"tested":493},{"age_group":"50-59   ","count":52,"tested":467},{"age_group":"60-69   ","count":53,"tested":407},{"age_group":"70-79   ","count":29,"tested":150},{"age_group":"80+","count":27,"tested":124}],"race":[{"description":"Left Blank","count":107,"tested":1135,"color":"rgb(44,160,44)"},{"description":"Other","count":37,"tested":77,"color":"rgb(148,103,189)"},{"description":"White","count":104,"tested":1225,"color":"rgb(31,119,180)"},{"description":"Hispanic","count":88,"tested":307,"color":"rgb(214,39,40)"}],"gender":[{"description":"Female","count":171,"tested":1724,"color":"rgb(255,127,14)"},{"description":"Male","count":128,"tested":1175,"color":"rgb(31,119,180)"}]}
