{"age":[{"age_group":"<20","count":300,"tested":3117},{"age_group":"20-29   ","count":615,"tested":10232},{"age_group":"30-39   ","count":625,"tested":10042},{"age_group":"40-49   ","count":442,"tested":6528},{"age_group":"50-59   ","count":401,"tested":7063},{"age_group":"60-69   ","count":358,"tested":7450},{"age_group":"70-79   ","count":222,"tested":4256},{"age_group":"80+","count":183,"tested":2711}],"race":[{"description":"Black","count":668,"tested":8314,"color":"rgb(255,127,14)"},{"description":"Hispanic","count":396,"tested":2427,"color":"rgb(214,39,40)"},{"description":"White","count":487,"tested":6901,"color":"rgb(31,119,180)"},{"description":"Other","count":196,"tested":1802,"color":"rgb(148,103,189)"},{"description":"Left Blank","count":880,"tested":26950,"color":"rgb(44,160,44)"},{"description":"Asian","count":387,"tested":4923,"color":"rgb(140,86,75)"}],"gender":[{"description":"Female","count":1368,"tested":26526,"color":"rgb(255,127,14)"},{"description":"Unknown/Left Blank","count":98,"tested":1623,"color":"rgb(44,160,44)"},{"description":"Male","count":1360,"tested":23266,"color":"rgb(31,119,180)"}]}
