{"age":[{"age_group":"<20","count":18,"tested":151},{"age_group":"20-29   ","count":19,"tested":244},{"age_group":"30-39   ","count":19,"tested":285},{"age_group":"40-49   ","count":23,"tested":217},{"age_group":"50-59   ","count":23,"tested":196},{"age_group":"60-69   ","count":19,"tested":219}],"race":[{"description":"Left Blank","count":25,"tested":986,"color":"rgb(44,160,44)"},{"description":"White","count":60,"tested":2214,"color":"rgb(31,119,180)"}],"gender":[{"description":"Male","count":38,"tested":767,"color":"rgb(31,119,180)"},{"description":"Female","count":48,"tested":2416,"color":"rgb(255,127,14)"}]}
