{"age":[{"age_group":"<20","count":668,"tested":3321},{"age_group":"20-29   ","count":826,"tested":5951},{"age_group":"30-39   ","count":741,"tested":4908},{"age_group":"40-49   ","count":731,"tested":4353},{"age_group":"50-59   ","count":690,"tested":4589},{"age_group":"60-69   ","count":438,"tested":3171},{"age_group":"70-79   ","count":228,"tested":1354},{"age_group":"80+","count":159,"tested":779}],"race":[{"description":"NH/PI*","count":121,"tested":42,"color":"rgb(127,127,127)"},{"description":"Left Blank","count":1378,"tested":17124,"color":"rgb(44,160,44)"},{"description":"AI/AN**","count":117,"tested":15,"color":"rgb(31,119,180)"},{"description":"Hispanic","count":1335,"tested":3703,"color":"rgb(214,39,40)"},{"description":"Other","count":273,"tested":925,"color":"rgb(148,103,189)"},{"description":"White","count":614,"tested":3952,"color":"rgb(31,119,180)"},{"description":"Asian","count":402,"tested":1728,"color":"rgb(140,86,75)"},{"description":"Black","count":241,"tested":949,"color":"rgb(255,127,14)"}],"gender":[{"description":"Male","count":1866,"tested":11736,"color":"rgb(31,119,180)"},{"description":"Female","count":1946,"tested":15887,"color":"rgb(255,127,14)"},{"description":"Unknown/Left Blank","count":129,"tested":815,"color":"rgb(44,160,44)"}]}
