{"age":[{"age_group":"<20","count":152,"tested":1474},{"age_group":"20-29   ","count":113,"tested":971},{"age_group":"30-39   ","count":83,"tested":737},{"age_group":"40-49   ","count":112,"tested":895},{"age_group":"50-59   ","count":116,"tested":1226},{"age_group":"60-69   ","count":66,"tested":865},{"age_group":"70-79   ","count":32,"tested":454},{"age_group":"80+","count":61,"tested":547}],"race":[{"description":"Other","count":35,"tested":249,"color":"rgb(148,103,189)"},{"description":"Left Blank","count":221,"tested":3895,"color":"rgb(44,160,44)"},{"description":"Asian","count":49,"tested":228,"color":"rgb(140,86,75)"},{"description":"White","count":313,"tested":2564,"color":"rgb(31,119,180)"},{"description":"Hispanic","count":37,"tested":116,"color":"rgb(214,39,40)"},{"description":"Black","count":39,"tested":118,"color":"rgb(255,127,14)"}],"gender":[{"description":"Male","count":300,"tested":2954,"color":"rgb(31,119,180)"},{"description":"Female","count":313,"tested":4129,"color":"rgb(255,127,14)"}]}
