{"age":[{"age_group":"<20","count":25,"tested":310},{"age_group":"20-29   ","count":20,"tested":441},{"age_group":"30-39   ","count":23,"tested":223},{"age_group":"40-49   ","count":25,"tested":360},{"age_group":"50-59   ","count":46,"tested":388},{"age_group":"60-69   ","count":31,"tested":518},{"age_group":"70-79   ","count":26,"tested":236},{"age_group":"80+","count":27,"tested":659}],"race":[{"description":"Left Blank","count":74,"tested":2432,"color":"rgb(44,160,44)"},{"description":"White","count":115,"tested":672,"color":"rgb(31,119,180)"}],"gender":[{"description":"Female","count":110,"tested":2162,"color":"rgb(255,127,14)"},{"description":"Male","count":81,"tested":921,"color":"rgb(31,119,180)"}]}
