{"age":[{"age_group":"<20","count":48,"tested":354},{"age_group":"20-29   ","count":61,"tested":332},{"age_group":"30-39   ","count":52,"tested":301},{"age_group":"40-49   ","count":68,"tested":320},{"age_group":"50-59   ","count":64,"tested":478},{"age_group":"60-69   ","count":49,"tested":304},{"age_group":"70-79   ","count":32,"tested":186},{"age_group":"80+","count":30,"tested":104}],"race":[{"description":"Hispanic","count":34,"tested":67,"color":"rgb(214,39,40)"},{"description":"Left Blank","count":71,"tested":764,"color":"rgb(44,160,44)"},{"description":"White","count":178,"tested":1460,"color":"rgb(31,119,180)"}],"gender":[{"description":"Female","count":139,"tested":1354,"color":"rgb(255,127,14)"},{"description":"Male","count":127,"tested":987,"color":"rgb(31,119,180)"}]}
