{"age":[{"age_group":"<20","count":185,"tested":3004},{"age_group":"20-29   ","count":529,"tested":12602},{"age_group":"30-39   ","count":582,"tested":10704},{"age_group":"40-49   ","count":302,"tested":4378},{"age_group":"50-59   ","count":299,"tested":2806},{"age_group":"60-69   ","count":219,"tested":1889},{"age_group":"70-79   ","count":99,"tested":673},{"age_group":"80+","count":71,"tested":261}],"race":[{"description":"Asian","count":154,"tested":3991,"color":"rgb(140,86,75)"},{"description":"Black","count":428,"tested":3958,"color":"rgb(255,127,14)"},{"description":"Hispanic","count":233,"tested":1868,"color":"rgb(214,39,40)"},{"description":"White","count":658,"tested":10865,"color":"rgb(31,119,180)"},{"description":"Other","count":167,"tested":2308,"color":"rgb(148,103,189)"},{"description":"Left Blank","count":537,"tested":13242,"color":"rgb(44,160,44)"}],"gender":[{"description":"Female","count":847,"tested":17751,"color":"rgb(255,127,14)"},{"description":"Male","count":1031,"tested":16459,"color":"rgb(31,119,180)"},{"description":"Unknown/Left Blank","count":139,"tested":2118,"color":"rgb(44,160,44)"}]}
