{"age":[{"age_group":"<20","count":173,"tested":1267},{"age_group":"20-29   ","count":177,"tested":2011},{"age_group":"30-39   ","count":194,"tested":2038},{"age_group":"40-49   ","count":223,"tested":2169},{"age_group":"50-59   ","count":190,"tested":2146},{"age_group":"60-69   ","count":166,"tested":2458},{"age_group":"70-79   ","count":132,"tested":1935},{"age_group":"80+","count":108,"tested":1119}],"race":[{"description":"Black","count":663,"tested":6372,"color":"rgb(255,127,14)"},{"description":"Asian","count":33,"tested":57,"color":"rgb(140,86,75)"},{"description":"Hispanic","count":60,"tested":205,"color":"rgb(214,39,40)"},{"description":"White","count":76,"tested":521,"color":"rgb(31,119,180)"},{"description":"Other","count":41,"tested":171,"color":"rgb(148,103,189)"},{"description":"Left Blank","count":434,"tested":7789,"color":"rgb(44,160,44)"}],"gender":[{"description":"Female","count":694,"tested":9548,"color":"rgb(255,127,14)"},{"description":"Male","count":489,"tested":5198,"color":"rgb(31,119,180)"},{"description":"Unknown/Left Blank","count":45,"tested":400,"color":"rgb(44,160,44)"}]}
