{"age":[{"age_group":"<20","count":81,"tested":679},{"age_group":"20-29   ","count":118,"tested":884},{"age_group":"30-39   ","count":110,"tested":775},{"age_group":"40-49   ","count":97,"tested":772},{"age_group":"50-59   ","count":100,"tested":995},{"age_group":"60-69   ","count":95,"tested":814},{"age_group":"70-79   ","count":50,"tested":338},{"age_group":"80+","count":34,"tested":191}],"race":[{"description":"Black","count":32,"tested":71,"color":"rgb(255,127,14)"},{"description":"Hispanic","count":107,"tested":559,"color":"rgb(214,39,40)"},{"description":"Left Blank","count":195,"tested":1963,"color":"rgb(44,160,44)"},{"description":"Other","count":46,"tested":178,"color":"rgb(148,103,189)"},{"description":"White","count":231,"tested":2655,"color":"rgb(31,119,180)"}],"gender":[{"description":"Male","count":243,"tested":2211,"color":"rgb(31,119,180)"},{"description":"Female","count":295,"tested":3187,"color":"rgb(255,127,14)"}]}
