{"age":[{"age_group":"<20","count":332,"tested":1921},{"age_group":"20-29   ","count":513,"tested":3257},{"age_group":"30-39   ","count":466,"tested":2965},{"age_group":"40-49   ","count":419,"tested":2628},{"age_group":"50-59   ","count":411,"tested":2684},{"age_group":"60-69   ","count":328,"tested":2318},{"age_group":"70-79   ","count":178,"tested":992},{"age_group":"80+","count":143,"tested":437}],"race":[{"description":"White","count":742,"tested":5690,"color":"rgb(31,119,180)"},{"description":"Other","count":166,"tested":616,"color":"rgb(148,103,189)"},{"description":"Left Blank","count":1088,"tested":8859,"color":"rgb(44,160,44)"},{"description":"Black","count":196,"tested":821,"color":"rgb(255,127,14)"},{"description":"Asian","count":126,"tested":256,"color":"rgb(140,86,75)"},{"description":"Hispanic","count":278,"tested":903,"color":"rgb(214,39,40)"}],"gender":[{"description":"Female","count":1123,"tested":9561,"color":"rgb(255,127,14)"},{"description":"Male","count":1087,"tested":7478,"color":"rgb(31,119,180)"},{"description":"Unknown/Left Blank","count":111,"tested":166,"color":"rgb(44,160,44)"}]}
