{"age":[{"age_group":"<20","count":289,"tested":2125},{"age_group":"20-29   ","count":260,"tested":2516},{"age_group":"30-39   ","count":203,"tested":2073},{"age_group":"40-49   ","count":312,"tested":2702},{"age_group":"50-59   ","count":300,"tested":3039},{"age_group":"60-69   ","count":144,"tested":1621},{"age_group":"70-79   ","count":89,"tested":703},{"age_group":"80+","count":63,"tested":275}],"race":[{"description":"Black","count":210,"tested":1599,"color":"rgb(255,127,14)"},{"description":"Asian","count":165,"tested":1370,"color":"rgb(140,86,75)"},{"description":"Hispanic","count":211,"tested":978,"color":"rgb(214,39,40)"},{"description":"White","count":341,"tested":3551,"color":"rgb(31,119,180)"},{"description":"Left Blank","count":511,"tested":6829,"color":"rgb(44,160,44)"},{"description":"Other","count":116,"tested":678,"color":"rgb(148,103,189)"}],"gender":[{"description":"Female","count":686,"tested":8276,"color":"rgb(255,127,14)"},{"description":"Male","count":669,"tested":6620,"color":"rgb(31,119,180)"}]}
