{"age":[{"age_group":"<20","count":7,"tested":111},{"age_group":"20-29   ","count":15,"tested":222},{"age_group":"30-39   ","count":15,"tested":138},{"age_group":"40-49   ","count":20,"tested":175},{"age_group":"50-59   ","count":12,"tested":162},{"age_group":"60-69   ","count":9,"tested":139}],"race":[{"description":"White","count":54,"tested":549,"color":"rgb(31,119,180)"},{"description":"Hispanic","count":7,"tested":35,"color":"rgb(214,39,40)"},{"description":"Left Blank","count":19,"tested":445,"color":"rgb(44,160,44)"}],"gender":[{"description":"Female","count":33,"tested":617,"color":"rgb(255,127,14)"},{"description":"Male","count":48,"tested":426,"color":"rgb(31,119,180)"}]}
