{"age":[{"age_group":"50-59   ","count":11,"tested":259},{"age_group":"60-69   ","count":13,"tested":410},{"age_group":"70-79   ","count":12,"tested":621},{"age_group":"80+","count":6,"tested":123}],"race":[{"description":"Left Blank","count":17,"tested":181,"color":"rgb(44,160,44)"},{"description":"White","count":12,"tested":160,"color":"rgb(31,119,180)"},{"description":"Black","count":19,"tested":312,"color":"rgb(255,127,14)"}],"gender":[{"description":"Male","count":33,"tested":1681,"color":"rgb(31,119,180)"},{"description":"Female","count":22,"tested":378,"color":"rgb(255,127,14)"}]}
