{"age":[{"age_group":"<20","count":242,"tested":1367},{"age_group":"20-29   ","count":324,"tested":2317},{"age_group":"30-39   ","count":296,"tested":2277},{"age_group":"40-49   ","count":312,"tested":2341},{"age_group":"50-59   ","count":356,"tested":2504},{"age_group":"60-69   ","count":243,"tested":2068},{"age_group":"70-79   ","count":138,"tested":1131},{"age_group":"80+","count":67,"tested":558}],"race":[{"description":"Black","count":738,"tested":6086,"color":"rgb(255,127,14)"},{"description":"Hispanic","count":347,"tested":1366,"color":"rgb(214,39,40)"},{"description":"White","count":169,"tested":880,"color":"rgb(31,119,180)"},{"description":"Asian","count":29,"tested":43,"color":"rgb(140,86,75)"},{"description":"Other","count":85,"tested":493,"color":"rgb(148,103,189)"},{"description":"Left Blank","count":559,"tested":5687,"color":"rgb(44,160,44)"}],"gender":[{"description":"Unknown/Left Blank","count":33,"tested":258,"color":"rgb(44,160,44)"},{"description":"Male","count":840,"tested":5792,"color":"rgb(31,119,180)"},{"description":"Female","count":991,"tested":8516,"color":"rgb(255,127,14)"}]}
