{"age":[{"age_group":"<20","count":432,"tested":4993},{"age_group":"20-29   ","count":405,"tested":4904},{"age_group":"30-39   ","count":369,"tested":5026},{"age_group":"40-49   ","count":365,"tested":4500},{"age_group":"50-59   ","count":339,"tested":4277},{"age_group":"60-69   ","count":221,"tested":3216},{"age_group":"70-79   ","count":122,"tested":2236},{"age_group":"80+","count":73,"tested":1346}],"race":[{"description":"Asian","count":31,"tested":401,"color":"rgb(140,86,75)"},{"description":"Black","count":64,"tested":602,"color":"rgb(255,127,14)"},{"description":"Hispanic","count":179,"tested":1477,"color":"rgb(214,39,40)"},{"description":"Left Blank","count":529,"tested":11122,"color":"rgb(44,160,44)"},{"description":"Other","count":25,"tested":317,"color":"rgb(148,103,189)"},{"description":"White","count":1493,"tested":16533,"color":"rgb(31,119,180)"}],"gender":[{"description":"Female","count":1211,"tested":17839,"color":"rgb(255,127,14)"},{"description":"Male","count":1109,"tested":12349,"color":"rgb(31,119,180)"}]}
