{"age":[{"age_group":"<20","count":1169,"tested":13411},{"age_group":"20-29   ","count":2063,"tested":40089},{"age_group":"30-39   ","count":1833,"tested":33740},{"age_group":"40-49   ","count":1371,"tested":20002},{"age_group":"50-59   ","count":1093,"tested":15873},{"age_group":"60-69   ","count":733,"tested":12825},{"age_group":"70-79   ","count":365,"tested":6147},{"age_group":"80+","count":183,"tested":3150}],"race":[{"description":"AI/AN**","count":10,"tested":240,"color":"rgb(31,119,180)"},{"description":"Asian","count":242,"tested":6533,"color":"rgb(140,86,75)"},{"description":"Black","count":1032,"tested":20105,"color":"rgb(255,127,14)"},{"description":"Hispanic","count":4769,"tested":39044,"color":"rgb(214,39,40)"},{"description":"Left Blank","count":1394,"tested":46539,"color":"rgb(44,160,44)"},{"description":"NH/PI*","count":8,"tested":86,"color":"rgb(127,127,127)"},{"description":"Other","count":337,"tested":6683,"color":"rgb(148,103,189)"},{"description":"White","count":1018,"tested":26045,"color":"rgb(31,119,180)"}],"gender":[{"description":"Female","count":4208,"tested":69684,"color":"rgb(255,127,14)"},{"description":"Male","count":4541,"tested":71070,"color":"rgb(31,119,180)"},{"description":"Unknown/Left Blank","count":61,"tested":4521,"color":"rgb(44,160,44)"}]}
