{"age":[{"age_group":"<20","count":27,"tested":378},{"age_group":"20-29   ","count":32,"tested":465},{"age_group":"30-39   ","count":25,"tested":269},{"age_group":"40-49   ","count":30,"tested":321},{"age_group":"50-59   ","count":25,"tested":384},{"age_group":"60-69   ","count":21,"tested":281},{"age_group":"70-79   ","count":11,"tested":161}],"race":[{"description":"Left Blank","count":25,"tested":557,"color":"rgb(44,160,44)"},{"description":"White","count":141,"tested":1637,"color":"rgb(31,119,180)"}],"gender":[{"description":"Female","count":95,"tested":1260,"color":"rgb(255,127,14)"},{"description":"Male","count":80,"tested":1002,"color":"rgb(31,119,180)"}]}
