{"age":[{"age_group":"<20","count":808,"tested":9861},{"age_group":"20-29   ","count":836,"tested":12214},{"age_group":"30-39   ","count":757,"tested":11110},{"age_group":"40-49   ","count":737,"tested":9277},{"age_group":"50-59   ","count":922,"tested":12227},{"age_group":"60-69   ","count":493,"tested":8047},{"age_group":"70-79   ","count":192,"tested":4624},{"age_group":"80+","count":130,"tested":5104}],"race":[{"description":"AI/AN**","count":12,"tested":142,"color":"rgb(31,119,180)"},{"description":"Asian","count":452,"tested":6663,"color":"rgb(140,86,75)"},{"description":"Black","count":90,"tested":1233,"color":"rgb(255,127,14)"},{"description":"Hispanic","count":551,"tested":4106,"color":"rgb(214,39,40)"},{"description":"Left Blank","count":995,"tested":35007,"color":"rgb(44,160,44)"},{"description":"NH/PI*","count":13,"tested":136,"color":"rgb(127,127,127)"},{"description":"Other","count":162,"tested":1663,"color":"rgb(148,103,189)"},{"description":"White","count":2600,"tested":23554,"color":"rgb(31,119,180)"}],"gender":[{"description":"Female","count":2424,"tested":41767,"color":"rgb(255,127,14)"},{"description":"Male","count":2426,"tested":29604,"color":"rgb(31,119,180)"},{"description":"Unknown/Left Blank","count":25,"tested":1133,"color":"rgb(44,160,44)"}]}
