{"age":[{"age_group":"<20","count":639,"tested":7172},{"age_group":"20-29   ","count":684,"tested":10099},{"age_group":"30-39   ","count":603,"tested":9220},{"age_group":"40-49   ","count":656,"tested":9288},{"age_group":"50-59   ","count":549,"tested":9904},{"age_group":"60-69   ","count":404,"tested":8739},{"age_group":"70-79   ","count":229,"tested":6141},{"age_group":"80+","count":243,"tested":8016}],"race":[{"description":"AI/AN**","count":13,"tested":197,"color":"rgb(31,119,180)"},{"description":"Asian","count":254,"tested":4268,"color":"rgb(140,86,75)"},{"description":"Black","count":50,"tested":876,"color":"rgb(255,127,14)"},{"description":"Hispanic","count":1327,"tested":9658,"color":"rgb(214,39,40)"},{"description":"Left Blank","count":1038,"tested":36372,"color":"rgb(44,160,44)"},{"description":"Other","count":209,"tested":1839,"color":"rgb(148,103,189)"},{"description":"White","count":1112,"tested":15546,"color":"rgb(31,119,180)"}],"gender":[{"description":"Female","count":2047,"tested":37673,"color":"rgb(255,127,14)"},{"description":"Male","count":1929,"tested":29861,"color":"rgb(31,119,180)"},{"description":"Unknown/Left Blank","count":32,"tested":1392,"color":"rgb(44,160,44)"}]}
