{"age":[{"age_group":"<20","count":698,"tested":22395},{"age_group":"20-29   ","count":831,"tested":12784},{"age_group":"30-39   ","count":771,"tested":12909},{"age_group":"40-49   ","count":718,"tested":10560},{"age_group":"50-59   ","count":707,"tested":11082},{"age_group":"60-69   ","count":526,"tested":10670},{"age_group":"70-79   ","count":220,"tested":5895},{"age_group":"80+","count":247,"tested":9770}],"race":[{"description":"AI/AN**","count":11,"tested":166,"color":"rgb(31,119,180)"},{"description":"Asian","count":309,"tested":6340,"color":"rgb(140,86,75)"},{"description":"Black","count":67,"tested":1342,"color":"rgb(255,127,14)"},{"description":"Hispanic","count":1648,"tested":21524,"color":"rgb(214,39,40)"},{"description":"Left Blank","count":993,"tested":43036,"color":"rgb(44,160,44)"},{"description":"Other","count":254,"tested":2462,"color":"rgb(148,103,189)"},{"description":"White","count":1431,"tested":21218,"color":"rgb(31,119,180)"}],"gender":[{"description":"Female","count":2410,"tested":56264,"color":"rgb(255,127,14)"},{"description":"Male","count":2282,"tested":38403,"color":"rgb(31,119,180)"},{"description":"Unknown/Left Blank","count":26,"tested":1501,"color":"rgb(44,160,44)"}]}
