{"age":[{"age_group":"<20","count":607,"tested":8086},{"age_group":"20-29   ","count":403,"tested":6210},{"age_group":"30-39   ","count":389,"tested":6008},{"age_group":"40-49   ","count":346,"tested":4834},{"age_group":"50-59   ","count":463,"tested":6086},{"age_group":"60-69   ","count":292,"tested":4932},{"age_group":"70-79   ","count":113,"tested":2931},{"age_group":"80+","count":110,"tested":4009}],"race":[{"description":"Asian","count":63,"tested":769,"color":"rgb(140,86,75)"},{"description":"Black","count":57,"tested":862,"color":"rgb(255,127,14)"},{"description":"Hispanic","count":233,"tested":2033,"color":"rgb(214,39,40)"},{"description":"Left Blank","count":460,"tested":14821,"color":"rgb(44,160,44)"},{"description":"Other","count":79,"tested":1284,"color":"rgb(148,103,189)"},{"description":"White","count":1826,"tested":23312,"color":"rgb(31,119,180)"}],"gender":[{"description":"Female","count":1411,"tested":24158,"color":"rgb(255,127,14)"},{"description":"Male","count":1300,"tested":18480,"color":"rgb(31,119,180)"}]}
