{"age":[{"age_group":"<20","count":8,"tested":111},{"age_group":"20-29   ","count":11,"tested":105},{"age_group":"30-39   ","count":17,"tested":100},{"age_group":"40-49   ","count":9,"tested":91},{"age_group":"50-59   ","count":20,"tested":162},{"age_group":"60-69   ","count":10,"tested":107}],"race":[{"description":"Left Blank","count":14,"tested":261,"color":"rgb(44,160,44)"},{"description":"White","count":65,"tested":491,"color":"rgb(31,119,180)"}],"gender":[{"description":"Female","count":43,"tested":438,"color":"rgb(255,127,14)"},{"description":"Male","count":38,"tested":321,"color":"rgb(31,119,180)"}]}
