{"age":[{"age_group":"<20","count":11,"tested":187},{"age_group":"20-29   ","count":9,"tested":142},{"age_group":"30-39   ","count":10,"tested":70},{"age_group":"40-49   ","count":15,"tested":160},{"age_group":"50-59   ","count":15,"tested":158},{"age_group":"60-69   ","count":8,"tested":104}],"race":[{"description":"Left Blank","count":9,"tested":221,"color":"rgb(44,160,44)"},{"description":"White","count":63,"tested":683,"color":"rgb(31,119,180)"}],"gender":[{"description":"Female","count":45,"tested":620,"color":"rgb(255,127,14)"},{"description":"Male","count":28,"tested":311,"color":"rgb(31,119,180)"}]}
