{"age":[{"age_group":"<20","count":515,"tested":7521},{"age_group":"20-29   ","count":339,"tested":5418},{"age_group":"30-39   ","count":293,"tested":4115},{"age_group":"40-49   ","count":315,"tested":5179},{"age_group":"50-59   ","count":354,"tested":5274},{"age_group":"60-69   ","count":140,"tested":3219},{"age_group":"70-79   ","count":56,"tested":1472},{"age_group":"80+","count":17,"tested":614}],"race":[{"description":"Asian","count":204,"tested":3971,"color":"rgb(140,86,75)"},{"description":"Black","count":193,"tested":2644,"color":"rgb(255,127,14)"},{"description":"Hispanic","count":313,"tested":2459,"color":"rgb(214,39,40)"},{"description":"Left Blank","count":314,"tested":10176,"color":"rgb(44,160,44)"},{"description":"Other","count":59,"tested":1240,"color":"rgb(148,103,189)"},{"description":"White","count":939,"tested":12184,"color":"rgb(31,119,180)"}],"gender":[{"description":"Female","count":1060,"tested":17905,"color":"rgb(255,127,14)"},{"description":"Male","count":965,"tested":14688,"color":"rgb(31,119,180)"}]}
