{"age":[{"age_group":"<20","count":14,"tested":150},{"age_group":"20-29   ","count":11,"tested":258},{"age_group":"40-49   ","count":8,"tested":142},{"age_group":"50-59   ","count":20,"tested":179},{"age_group":"70-79   ","count":7,"tested":62}],"race":[{"description":"Left Blank","count":10,"tested":289,"color":"rgb(44,160,44)"},{"description":"White","count":53,"tested":602,"color":"rgb(31,119,180)"}],"gender":[{"description":"Female","count":37,"tested":570,"color":"rgb(255,127,14)"},{"description":"Male","count":36,"tested":389,"color":"rgb(31,119,180)"}]}
