{"age":[{"age_group":"<20","count":613,"tested":4708},{"age_group":"20-29   ","count":714,"tested":7151},{"age_group":"30-39   ","count":598,"tested":6646},{"age_group":"40-49   ","count":554,"tested":6412},{"age_group":"50-59   ","count":480,"tested":7096},{"age_group":"60-69   ","count":304,"tested":4661},{"age_group":"70-79   ","count":126,"tested":1893},{"age_group":"80+","count":63,"tested":1113}],"race":[{"description":"Asian","count":8,"tested":96,"color":"rgb(140,86,75)"},{"description":"Black","count":589,"tested":9680,"color":"rgb(255,127,14)"},{"description":"Hispanic","count":1226,"tested":7178,"color":"rgb(214,39,40)"},{"description":"Left Blank","count":1221,"tested":16231,"color":"rgb(44,160,44)"},{"description":"Other","count":89,"tested":1340,"color":"rgb(148,103,189)"},{"description":"White","count":315,"tested":5068,"color":"rgb(31,119,180)"}],"gender":[{"description":"Female","count":1841,"tested":20374,"color":"rgb(255,127,14)"},{"description":"Male","count":1601,"tested":18809,"color":"rgb(31,119,180)"},{"description":"Unknown/Left Blank","count":10,"tested":503,"color":"rgb(44,160,44)"}]}
