{"age":[{"age_group":"<20","count":703,"tested":9635},{"age_group":"20-29   ","count":785,"tested":8796},{"age_group":"30-39   ","count":653,"tested":8198},{"age_group":"40-49   ","count":624,"tested":6839},{"age_group":"50-59   ","count":627,"tested":8020},{"age_group":"60-69   ","count":404,"tested":7054},{"age_group":"70-79   ","count":162,"tested":3933},{"age_group":"80+","count":106,"tested":2942}],"race":[{"description":"Asian","count":127,"tested":2891,"color":"rgb(140,86,75)"},{"description":"Black","count":48,"tested":968,"color":"rgb(255,127,14)"},{"description":"Hispanic","count":1359,"tested":8960,"color":"rgb(214,39,40)"},{"description":"Left Blank","count":1020,"tested":18323,"color":"rgb(44,160,44)"},{"description":"NH/PI*","count":6,"tested":105,"color":"rgb(127,127,127)"},{"description":"Other","count":214,"tested":1924,"color":"rgb(148,103,189)"},{"description":"White","count":1288,"tested":22151,"color":"rgb(31,119,180)"}],"gender":[{"description":"Female","count":2004,"tested":30536,"color":"rgb(255,127,14)"},{"description":"Male","count":2044,"tested":24427,"color":"rgb(31,119,180)"},{"description":"Unknown/Left Blank","count":17,"tested":457,"color":"rgb(44,160,44)"}]}
