{"age":[{"age_group":"<20","count":34,"tested":354},{"age_group":"20-29   ","count":12,"tested":221},{"age_group":"30-39   ","count":26,"tested":150},{"age_group":"40-49   ","count":24,"tested":183},{"age_group":"50-59   ","count":15,"tested":259},{"age_group":"60-69   ","count":13,"tested":192},{"age_group":"70-79   ","count":13,"tested":133},{"age_group":"80+","count":9,"tested":78}],"race":[{"description":"Left Blank","count":42,"tested":565,"color":"rgb(44,160,44)"},{"description":"White","count":100,"tested":961,"color":"rgb(31,119,180)"}],"gender":[{"description":"Female","count":80,"tested":1027,"color":"rgb(255,127,14)"},{"description":"Male","count":66,"tested":536,"color":"rgb(31,119,180)"}]}
