{"age":[{"age_group":"<20","count":783,"tested":10862},{"age_group":"20-29   ","count":537,"tested":8642},{"age_group":"30-39   ","count":506,"tested":9034},{"age_group":"40-49   ","count":511,"tested":8857},{"age_group":"50-59   ","count":569,"tested":12218},{"age_group":"60-69   ","count":386,"tested":11133},{"age_group":"70-79   ","count":204,"tested":6671},{"age_group":"80+","count":169,"tested":5436}],"race":[{"description":"Asian","count":31,"tested":846,"color":"rgb(140,86,75)"},{"description":"Black","count":129,"tested":1812,"color":"rgb(255,127,14)"},{"description":"Hispanic","count":512,"tested":3697,"color":"rgb(214,39,40)"},{"description":"Left Blank","count":1126,"tested":39072,"color":"rgb(44,160,44)"},{"description":"Other","count":129,"tested":1723,"color":"rgb(148,103,189)"},{"description":"White","count":1731,"tested":25662,"color":"rgb(31,119,180)"}],"gender":[{"description":"Female","count":1824,"tested":40006,"color":"rgb(255,127,14)"},{"description":"Male","count":1786,"tested":30873,"color":"rgb(31,119,180)"},{"description":"Unknown/Left Blank","count":55,"tested":1999,"color":"rgb(44,160,44)"}]}
