{"age":[{"age_group":"<20","count":422,"tested":13073},{"age_group":"20-29   ","count":326,"tested":7518},{"age_group":"30-39   ","count":294,"tested":5610},{"age_group":"40-49   ","count":388,"tested":6698},{"age_group":"50-59   ","count":349,"tested":6838},{"age_group":"60-69   ","count":177,"tested":4668},{"age_group":"70-79   ","count":100,"tested":2657},{"age_group":"80+","count":106,"tested":3759}],"race":[{"description":"AI/AN**","count":8,"tested":120,"color":"rgb(31,119,180)"},{"description":"Asian","count":192,"tested":5929,"color":"rgb(140,86,75)"},{"description":"Black","count":51,"tested":1023,"color":"rgb(255,127,14)"},{"description":"Hispanic","count":362,"tested":3351,"color":"rgb(214,39,40)"},{"description":"Left Blank","count":463,"tested":18349,"color":"rgb(44,160,44)"},{"description":"Other","count":139,"tested":1758,"color":"rgb(148,103,189)"},{"description":"White","count":943,"tested":20056,"color":"rgb(31,119,180)"}],"gender":[{"description":"Female","count":1115,"tested":28174,"color":"rgb(255,127,14)"},{"description":"Male","count":1035,"tested":21895,"color":"rgb(31,119,180)"},{"description":"Unknown/Left Blank","count":13,"tested":785,"color":"rgb(44,160,44)"}]}
