{"age":[{"age_group":"<20","count":273,"tested":3347},{"age_group":"20-29   ","count":176,"tested":2322},{"age_group":"30-39   ","count":153,"tested":1891},{"age_group":"40-49   ","count":177,"tested":1954},{"age_group":"50-59   ","count":196,"tested":2520},{"age_group":"60-69   ","count":108,"tested":1829},{"age_group":"70-79   ","count":55,"tested":890},{"age_group":"80+","count":13,"tested":357}],"race":[{"description":"Asian","count":12,"tested":354,"color":"rgb(140,86,75)"},{"description":"Hispanic","count":100,"tested":739,"color":"rgb(214,39,40)"},{"description":"Left Blank","count":249,"tested":4865,"color":"rgb(44,160,44)"},{"description":"Other","count":19,"tested":373,"color":"rgb(148,103,189)"},{"description":"White","count":770,"tested":8671,"color":"rgb(31,119,180)"}],"gender":[{"description":"Female","count":596,"tested":8440,"color":"rgb(255,127,14)"},{"description":"Male","count":552,"tested":6542,"color":"rgb(31,119,180)"}]}
