{"age":[{"age_group":"<20","count":774,"tested":9444},{"age_group":"20-29   ","count":677,"tested":7345},{"age_group":"30-39   ","count":719,"tested":7403},{"age_group":"40-49   ","count":702,"tested":7369},{"age_group":"50-59   ","count":448,"tested":5276},{"age_group":"60-69   ","count":222,"tested":3080},{"age_group":"70-79   ","count":119,"tested":1707},{"age_group":"80+","count":37,"tested":768}],"race":[{"description":"AI/AN**","count":6,"tested":41,"color":"rgb(31,119,180)"},{"description":"Asian","count":57,"tested":807,"color":"rgb(140,86,75)"},{"description":"Black","count":263,"tested":2703,"color":"rgb(255,127,14)"},{"description":"Hispanic","count":1330,"tested":9081,"color":"rgb(214,39,40)"},{"description":"Left Blank","count":790,"tested":14066,"color":"rgb(44,160,44)"},{"description":"Other","count":111,"tested":1506,"color":"rgb(148,103,189)"},{"description":"White","count":1139,"tested":14154,"color":"rgb(31,119,180)"}],"gender":[{"description":"Female","count":1902,"tested":23539,"color":"rgb(255,127,14)"},{"description":"Male","count":1788,"tested":18508,"color":"rgb(31,119,180)"},{"description":"Unknown/Left Blank","count":8,"tested":349,"color":"rgb(44,160,44)"}]}
