{"age":[{"age_group":"<20","count":1784,"tested":14682},{"age_group":"20-29   ","count":1948,"tested":18286},{"age_group":"30-39   ","count":1644,"tested":13554},{"age_group":"40-49   ","count":1756,"tested":12609},{"age_group":"50-59   ","count":1294,"tested":11791},{"age_group":"60-69   ","count":690,"tested":9699},{"age_group":"70-79   ","count":330,"tested":7735},{"age_group":"80+","count":166,"tested":5157}],"race":[{"description":"AI/AN**","count":8,"tested":142,"color":"rgb(31,119,180)"},{"description":"Asian","count":46,"tested":743,"color":"rgb(140,86,75)"},{"description":"Black","count":393,"tested":4581,"color":"rgb(255,127,14)"},{"description":"Hispanic","count":6096,"tested":32986,"color":"rgb(214,39,40)"},{"description":"Left Blank","count":1979,"tested":41144,"color":"rgb(44,160,44)"},{"description":"Other","count":282,"tested":3503,"color":"rgb(148,103,189)"},{"description":"White","count":803,"tested":10387,"color":"rgb(31,119,180)"}],"gender":[{"description":"Female","count":4929,"tested":52882,"color":"rgb(255,127,14)"},{"description":"Male","count":4659,"tested":39872,"color":"rgb(31,119,180)"},{"description":"Unknown/Left Blank","count":25,"tested":767,"color":"rgb(44,160,44)"}]}
