{"age":[{"age_group":"<20","count":409,"tested":7447},{"age_group":"20-29   ","count":527,"tested":7723},{"age_group":"30-39   ","count":419,"tested":7829},{"age_group":"40-49   ","count":337,"tested":5796},{"age_group":"50-59   ","count":360,"tested":6161},{"age_group":"60-69   ","count":205,"tested":5242},{"age_group":"70-79   ","count":111,"tested":3328},{"age_group":"80+","count":103,"tested":6608}],"race":[{"description":"AI/AN**","count":6,"tested":51,"color":"rgb(31,119,180)"},{"description":"Asian","count":139,"tested":3099,"color":"rgb(140,86,75)"},{"description":"Black","count":173,"tested":2057,"color":"rgb(255,127,14)"},{"description":"Hispanic","count":274,"tested":1907,"color":"rgb(214,39,40)"},{"description":"Left Blank","count":355,"tested":22616,"color":"rgb(44,160,44)"},{"description":"Other","count":82,"tested":1615,"color":"rgb(148,103,189)"},{"description":"White","count":1441,"tested":18762,"color":"rgb(31,119,180)"}],"gender":[{"description":"Female","count":1246,"tested":28576,"color":"rgb(255,127,14)"},{"description":"Male","count":1215,"tested":20819,"color":"rgb(31,119,180)"}]}
