{"age":[{"age_group":"<20","count":188,"tested":1862},{"age_group":"20-29   ","count":182,"tested":2615},{"age_group":"30-39   ","count":161,"tested":2723},{"age_group":"40-49   ","count":181,"tested":3034},{"age_group":"50-59   ","count":165,"tested":3512},{"age_group":"60-69   ","count":131,"tested":3331},{"age_group":"70-79   ","count":64,"tested":1546},{"age_group":"80+","count":39,"tested":980}],"race":[{"description":"Black","count":586,"tested":7164,"color":"rgb(255,127,14)"},{"description":"Hispanic","count":78,"tested":548,"color":"rgb(214,39,40)"},{"description":"Left Blank","count":332,"tested":10343,"color":"rgb(44,160,44)"},{"description":"Other","count":20,"tested":236,"color":"rgb(148,103,189)"},{"description":"White","count":94,"tested":1250,"color":"rgb(31,119,180)"}],"gender":[{"description":"Female","count":609,"tested":11443,"color":"rgb(255,127,14)"},{"description":"Male","count":499,"tested":7721,"color":"rgb(31,119,180)"}]}
