{"age":[{"age_group":"50-59   ","count":12,"tested":146},{"age_group":"60-69   ","count":7,"tested":77}],"race":[{"description":"Black","count":6,"tested":182,"color":"rgb(255,127,14)"},{"description":"Hispanic","count":18,"tested":119,"color":"rgb(214,39,40)"},{"description":"Left Blank","count":7,"tested":141,"color":"rgb(44,160,44)"},{"description":"White","count":7,"tested":118,"color":"rgb(31,119,180)"}],"gender":[{"description":"Female","count":25,"tested":338,"color":"rgb(255,127,14)"},{"description":"Male","count":14,"tested":260,"color":"rgb(31,119,180)"}]}
