{"age":[{"age_group":"<20","count":561,"tested":6009},{"age_group":"20-29   ","count":716,"tested":7271},{"age_group":"30-39   ","count":498,"tested":6087},{"age_group":"40-49   ","count":557,"tested":6442},{"age_group":"50-59   ","count":542,"tested":7699},{"age_group":"60-69   ","count":328,"tested":5990},{"age_group":"70-79   ","count":170,"tested":3834},{"age_group":"80+","count":150,"tested":3931}],"race":[{"description":"Asian","count":49,"tested":721,"color":"rgb(140,86,75)"},{"description":"Black","count":65,"tested":1116,"color":"rgb(255,127,14)"},{"description":"Hispanic","count":1626,"tested":11010,"color":"rgb(214,39,40)"},{"description":"Left Blank","count":934,"tested":23720,"color":"rgb(44,160,44)"},{"description":"Other","count":132,"tested":1683,"color":"rgb(148,103,189)"},{"description":"White","count":710,"tested":8986,"color":"rgb(31,119,180)"}],"gender":[{"description":"Female","count":1818,"tested":28198,"color":"rgb(255,127,14)"},{"description":"Male","count":1690,"tested":18812,"color":"rgb(31,119,180)"},{"description":"Unknown/Left Blank","count":14,"tested":278,"color":"rgb(44,160,44)"}]}
