{"age":[{"age_group":"<20","count":658,"tested":5391},{"age_group":"20-29   ","count":630,"tested":7293},{"age_group":"30-39   ","count":617,"tested":6882},{"age_group":"40-49   ","count":615,"tested":7561},{"age_group":"50-59   ","count":592,"tested":7685},{"age_group":"60-69   ","count":433,"tested":5930},{"age_group":"70-79   ","count":208,"tested":3048},{"age_group":"80+","count":124,"tested":2121}],"race":[{"description":"Asian","count":18,"tested":234,"color":"rgb(140,86,75)"},{"description":"Black","count":1204,"tested":14589,"color":"rgb(255,127,14)"},{"description":"Hispanic","count":611,"tested":4023,"color":"rgb(214,39,40)"},{"description":"Left Blank","count":1289,"tested":19782,"color":"rgb(44,160,44)"},{"description":"Other","count":119,"tested":989,"color":"rgb(148,103,189)"},{"description":"White","count":630,"tested":6338,"color":"rgb(31,119,180)"}],"gender":[{"description":"Female","count":2130,"tested":28637,"color":"rgb(255,127,14)"},{"description":"Male","count":1739,"tested":16358,"color":"rgb(31,119,180)"},{"description":"Unknown/Left Blank","count":8,"tested":1054,"color":"rgb(44,160,44)"}]}
