{"age":[{"age_group":"<20","count":871,"tested":14725},{"age_group":"20-29   ","count":681,"tested":8835},{"age_group":"30-39   ","count":703,"tested":8797},{"age_group":"40-49   ","count":770,"tested":8972},{"age_group":"50-59   ","count":671,"tested":8325},{"age_group":"60-69   ","count":305,"tested":4853},{"age_group":"70-79   ","count":165,"tested":3052},{"age_group":"80+","count":144,"tested":2636}],"race":[{"description":"Asian","count":101,"tested":1392,"color":"rgb(140,86,75)"},{"description":"Black","count":282,"tested":3627,"color":"rgb(255,127,14)"},{"description":"Hispanic","count":713,"tested":5848,"color":"rgb(214,39,40)"},{"description":"Left Blank","count":1104,"tested":22143,"color":"rgb(44,160,44)"},{"description":"Other","count":131,"tested":1826,"color":"rgb(148,103,189)"},{"description":"White","count":1974,"tested":25263,"color":"rgb(31,119,180)"}],"gender":[{"description":"Female","count":2234,"tested":32812,"color":"rgb(255,127,14)"},{"description":"Male","count":2059,"tested":26288,"color":"rgb(31,119,180)"},{"description":"Unknown/Left Blank","count":17,"tested":1096,"color":"rgb(44,160,44)"}]}
