{"age":[{"age_group":"<20","count":402,"tested":5339},{"age_group":"20-29   ","count":351,"tested":4581},{"age_group":"30-39   ","count":309,"tested":4684},{"age_group":"40-49   ","count":348,"tested":3892},{"age_group":"50-59   ","count":354,"tested":4781},{"age_group":"60-69   ","count":276,"tested":5051},{"age_group":"70-79   ","count":127,"tested":3229},{"age_group":"80+","count":61,"tested":1712}],"race":[{"description":"Asian","count":119,"tested":2386,"color":"rgb(140,86,75)"},{"description":"Black","count":63,"tested":684,"color":"rgb(255,127,14)"},{"description":"Hispanic","count":184,"tested":1376,"color":"rgb(214,39,40)"},{"description":"Left Blank","count":551,"tested":14569,"color":"rgb(44,160,44)"},{"description":"Other","count":95,"tested":1224,"color":"rgb(148,103,189)"},{"description":"White","count":1212,"tested":12925,"color":"rgb(31,119,180)"}],"gender":[{"description":"Female","count":1106,"tested":18039,"color":"rgb(255,127,14)"},{"description":"Male","count":1099,"tested":14952,"color":"rgb(31,119,180)"},{"description":"Unknown/Left Blank","count":23,"tested":283,"color":"rgb(44,160,44)"}]}
