{"age":[{"age_group":"<20","count":302,"tested":5160},{"age_group":"20-29   ","count":287,"tested":4116},{"age_group":"30-39   ","count":328,"tested":5181},{"age_group":"40-49   ","count":318,"tested":4528},{"age_group":"50-59   ","count":262,"tested":4703},{"age_group":"60-69   ","count":175,"tested":3560},{"age_group":"70-79   ","count":97,"tested":2934},{"age_group":"80+","count":99,"tested":9933}],"race":[{"description":"AI/AN**","count":8,"tested":109,"color":"rgb(31,119,180)"},{"description":"Asian","count":230,"tested":4348,"color":"rgb(140,86,75)"},{"description":"Black","count":87,"tested":976,"color":"rgb(255,127,14)"},{"description":"Hispanic","count":265,"tested":1834,"color":"rgb(214,39,40)"},{"description":"Left Blank","count":567,"tested":22305,"color":"rgb(44,160,44)"},{"description":"Other","count":66,"tested":654,"color":"rgb(148,103,189)"},{"description":"White","count":644,"tested":10160,"color":"rgb(31,119,180)"}],"gender":[{"description":"Female","count":998,"tested":24568,"color":"rgb(255,127,14)"},{"description":"Male","count":862,"tested":15281,"color":"rgb(31,119,180)"},{"description":"Unknown/Left Blank","count":8,"tested":591,"color":"rgb(44,160,44)"}]}
