{"lastUpdatedDate":{"year":2021,"month":2,"day":7},"county_demographics":[{"County":"Iroquois","confirmed_cases":2710,"total_tested":36954,"demographics":{"age":[{"race":[],"age_group":"<20","count":426,"tested":4930,"deaths":0},{"race":[],"age_group":"20-29   ","count":396,"tested":4678,"deaths":0},{"race":[],"age_group":"30-39   ","count":348,"tested":4663,"deaths":0},{"race":[],"age_group":"40-49   ","count":362,"tested":3972,"deaths":0},{"race":[],"age_group":"50-59   ","count":409,"tested":5116,"deaths":0},{"race":[],"age_group":"60-69   ","count":362,"tested":4758,"deaths":0},{"race":[],"age_group":"70-79   ","count":235,"tested":3517,"deaths":0},{"race":[],"age_group":"80+","count":172,"tested":5312,"deaths":0},{"race":[],"age_group":"Unknown","count":0,"tested":8,"deaths":0}],"race":[{"description":"AI/AN**","count":0,"tested":9,"deaths":0,"color":"rgb(31,119,180)"},{"description":"Asian","count":0,"tested":56,"deaths":0,"color":"rgb(140,86,75)"},{"description":"Black","count":32,"tested":312,"deaths":0,"color":"rgb(255,127,14)"},{"description":"Hispanic","count":228,"tested":1081,"deaths":0,"color":"rgb(214,39,40)"},{"description":"Left Blank","count":361,"tested":11262,"deaths":0,"color":"rgb(44,160,44)"},{"description":"NH/PI*","count":0,"tested":6,"deaths":0,"color":"rgb(127,127,127)"},{"description":"Other","count":65,"tested":616,"deaths":0,"color":"rgb(148,103,189)"},{"description":"White","count":2017,"tested":23612,"deaths":0,"color":"rgb(31,119,180)"}],"gender":[{"description":"Female","count":1435,"tested":23822,"deaths":0,"color":"rgb(255,127,14)"},{"description":"Male","count":1192,"tested":12507,"deaths":0,"color":"rgb(31,119,180)"},{"description":"Unknown/Left Blank","count":83,"tested":625,"deaths":0,"color":"rgb(44,160,44)"}]}}]}
