{"lastUpdatedDate":{"year":2021,"month":2,"day":7},"county_demographics":[{"County":"Marshall","confirmed_cases":796,"total_tested":14917,"demographics":{"age":[{"race":[],"age_group":"<20","count":107,"tested":1563,"deaths":0},{"race":[],"age_group":"20-29   ","count":123,"tested":2180,"deaths":0},{"race":[],"age_group":"30-39   ","count":91,"tested":1825,"deaths":0},{"race":[],"age_group":"40-49   ","count":140,"tested":2096,"deaths":0},{"race":[],"age_group":"50-59   ","count":126,"tested":2425,"deaths":0},{"race":[],"age_group":"60-69   ","count":105,"tested":2181,"deaths":0},{"race":[],"age_group":"70-79   ","count":69,"tested":1241,"deaths":0},{"race":[],"age_group":"80+","count":30,"tested":1394,"deaths":0},{"race":[],"age_group":"Unknown","count":0,"tested":12,"deaths":0}],"race":[{"description":"AI/AN**","count":0,"tested":0,"deaths":0,"color":"rgb(31,119,180)"},{"description":"Asian","count":0,"tested":21,"deaths":0,"color":"rgb(140,86,75)"},{"description":"Black","count":0,"tested":33,"deaths":0,"color":"rgb(255,127,14)"},{"description":"Hispanic","count":0,"tested":80,"deaths":0,"color":"rgb(214,39,40)"},{"description":"Left Blank","count":306,"tested":7502,"deaths":0,"color":"rgb(44,160,44)"},{"description":"NH/PI*","count":0,"tested":0,"deaths":0,"color":"rgb(127,127,127)"},{"description":"Other","count":16,"tested":180,"deaths":0,"color":"rgb(148,103,189)"},{"description":"White","count":465,"tested":7098,"deaths":0,"color":"rgb(31,119,180)"}],"gender":[{"description":"Female","count":412,"tested":9555,"deaths":0,"color":"rgb(255,127,14)"},{"description":"Male","count":379,"tested":5026,"deaths":0,"color":"rgb(31,119,180)"},{"description":"Unknown/Left Blank","count":0,"tested":336,"deaths":0,"color":"rgb(44,160,44)"}]}}]}
