{"lastUpdatedDate":{"year":2021,"month":2,"day":7},"county_demographics":[{"County":"Ogle","confirmed_cases":4859,"total_tested":46652,"demographics":{"age":[{"race":[],"age_group":"<20","count":753,"tested":6797,"deaths":0},{"race":[],"age_group":"20-29   ","count":797,"tested":7083,"deaths":0},{"race":[],"age_group":"30-39   ","count":736,"tested":6865,"deaths":0},{"race":[],"age_group":"40-49   ","count":727,"tested":6108,"deaths":0},{"race":[],"age_group":"50-59   ","count":768,"tested":6933,"deaths":0},{"race":[],"age_group":"60-69   ","count":492,"tested":5694,"deaths":0},{"race":[],"age_group":"70-79   ","count":290,"tested":3163,"deaths":0},{"race":[],"age_group":"80+","count":234,"tested":3990,"deaths":0},{"race":[],"age_group":"Unknown","count":62,"tested":19,"deaths":0}],"race":[{"description":"AI/AN**","count":0,"tested":42,"deaths":0,"color":"rgb(31,119,180)"},{"description":"Asian","count":6,"tested":50,"deaths":0,"color":"rgb(140,86,75)"},{"description":"Black","count":27,"tested":426,"deaths":0,"color":"rgb(255,127,14)"},{"description":"Hispanic","count":417,"tested":1325,"deaths":0,"color":"rgb(214,39,40)"},{"description":"Left Blank","count":2017,"tested":21873,"deaths":0,"color":"rgb(44,160,44)"},{"description":"NH/PI*","count":0,"tested":0,"deaths":0,"color":"rgb(127,127,127)"},{"description":"Other","count":72,"tested":570,"deaths":0,"color":"rgb(148,103,189)"},{"description":"White","count":2315,"tested":22363,"deaths":0,"color":"rgb(31,119,180)"}],"gender":[{"description":"Female","count":2557,"tested":28566,"deaths":0,"color":"rgb(255,127,14)"},{"description":"Male","count":2233,"tested":15132,"deaths":0,"color":"rgb(31,119,180)"},{"description":"Unknown/Left Blank","count":69,"tested":2954,"deaths":0,"color":"rgb(44,160,44)"}]}}]}
