{"lastUpdatedDate":{"year":2021,"month":2,"day":7},"county_demographics":[{"County":"Christian","confirmed_cases":3193,"total_tested":38448,"demographics":{"age":[{"race":[],"age_group":"<20","count":322,"tested":3697,"deaths":0},{"race":[],"age_group":"20-29   ","count":483,"tested":5889,"deaths":0},{"race":[],"age_group":"30-39   ","count":470,"tested":6089,"deaths":0},{"race":[],"age_group":"40-49   ","count":520,"tested":5837,"deaths":0},{"race":[],"age_group":"50-59   ","count":552,"tested":5794,"deaths":0},{"race":[],"age_group":"60-69   ","count":377,"tested":4632,"deaths":0},{"race":[],"age_group":"70-79   ","count":239,"tested":2914,"deaths":0},{"race":[],"age_group":"80+","count":230,"tested":2985,"deaths":0},{"race":[],"age_group":"Unknown","count":0,"tested":611,"deaths":0}],"race":[{"description":"AI/AN**","count":0,"tested":20,"deaths":0,"color":"rgb(31,119,180)"},{"description":"Asian","count":0,"tested":56,"deaths":0,"color":"rgb(140,86,75)"},{"description":"Black","count":70,"tested":174,"deaths":0,"color":"rgb(255,127,14)"},{"description":"Hispanic","count":65,"tested":149,"deaths":0,"color":"rgb(214,39,40)"},{"description":"Left Blank","count":1437,"tested":21584,"deaths":0,"color":"rgb(44,160,44)"},{"description":"NH/PI*","count":0,"tested":10,"deaths":0,"color":"rgb(127,127,127)"},{"description":"Other","count":35,"tested":475,"deaths":0,"color":"rgb(148,103,189)"},{"description":"White","count":1577,"tested":15980,"deaths":0,"color":"rgb(31,119,180)"}],"gender":[{"description":"Female","count":1469,"tested":19327,"deaths":0,"color":"rgb(255,127,14)"},{"description":"Male","count":1549,"tested":11569,"deaths":0,"color":"rgb(31,119,180)"},{"description":"Unknown/Left Blank","count":175,"tested":7552,"deaths":0,"color":"rgb(44,160,44)"}]}}]}
