{"lastUpdatedDate":{"year":2021,"month":2,"day":7},"county_demographics":[{"County":"Carroll","confirmed_cases":1523,"total_tested":16470,"demographics":{"age":[{"race":[],"age_group":"<20","count":179,"tested":1484,"deaths":0},{"race":[],"age_group":"20-29   ","count":181,"tested":2074,"deaths":0},{"race":[],"age_group":"30-39   ","count":311,"tested":3106,"deaths":0},{"race":[],"age_group":"40-49   ","count":233,"tested":2379,"deaths":0},{"race":[],"age_group":"50-59   ","count":215,"tested":2165,"deaths":0},{"race":[],"age_group":"60-69   ","count":163,"tested":1993,"deaths":0},{"race":[],"age_group":"70-79   ","count":117,"tested":1181,"deaths":0},{"race":[],"age_group":"80+","count":106,"tested":2086,"deaths":0},{"race":[],"age_group":"Unknown","count":0,"tested":0,"deaths":0}],"race":[{"description":"AI/AN**","count":7,"tested":8,"deaths":0,"color":"rgb(31,119,180)"},{"description":"Asian","count":0,"tested":65,"deaths":0,"color":"rgb(140,86,75)"},{"description":"Black","count":88,"tested":98,"deaths":0,"color":"rgb(255,127,14)"},{"description":"Hispanic","count":28,"tested":68,"deaths":0,"color":"rgb(214,39,40)"},{"description":"Left Blank","count":593,"tested":10579,"deaths":0,"color":"rgb(44,160,44)"},{"description":"NH/PI*","count":0,"tested":0,"deaths":0,"color":"rgb(127,127,127)"},{"description":"Other","count":13,"tested":118,"deaths":0,"color":"rgb(148,103,189)"},{"description":"White","count":785,"tested":5532,"deaths":0,"color":"rgb(31,119,180)"}],"gender":[{"description":"Female","count":682,"tested":8438,"deaths":0,"color":"rgb(255,127,14)"},{"description":"Male","count":833,"tested":7724,"deaths":0,"color":"rgb(31,119,180)"},{"description":"Unknown/Left Blank","count":7,"tested":308,"deaths":0,"color":"rgb(44,160,44)"}]}}]}
