{"lastUpdatedDate":{"year":2021,"month":2,"day":7},"county_demographics":[{"County":"Wayne","confirmed_cases":1625,"total_tested":13186,"demographics":{"age":[{"race":[],"age_group":"<20","count":269,"tested":1872,"deaths":0},{"race":[],"age_group":"20-29   ","count":206,"tested":2372,"deaths":0},{"race":[],"age_group":"30-39   ","count":208,"tested":2099,"deaths":0},{"race":[],"age_group":"40-49   ","count":194,"tested":1589,"deaths":0},{"race":[],"age_group":"50-59   ","count":230,"tested":1767,"deaths":0},{"race":[],"age_group":"60-69   ","count":243,"tested":1486,"deaths":0},{"race":[],"age_group":"70-79   ","count":161,"tested":896,"deaths":0},{"race":[],"age_group":"80+","count":110,"tested":1090,"deaths":0},{"race":[],"age_group":"Unknown","count":0,"tested":15,"deaths":0}],"race":[{"description":"AI/AN**","count":0,"tested":0,"deaths":0,"color":"rgb(31,119,180)"},{"description":"Asian","count":0,"tested":0,"deaths":0,"color":"rgb(140,86,75)"},{"description":"Black","count":0,"tested":16,"deaths":0,"color":"rgb(255,127,14)"},{"description":"Hispanic","count":17,"tested":146,"deaths":0,"color":"rgb(214,39,40)"},{"description":"Left Blank","count":206,"tested":4069,"deaths":0,"color":"rgb(44,160,44)"},{"description":"NH/PI*","count":0,"tested":0,"deaths":0,"color":"rgb(127,127,127)"},{"description":"Other","count":0,"tested":64,"deaths":0,"color":"rgb(148,103,189)"},{"description":"White","count":1396,"tested":8886,"deaths":0,"color":"rgb(31,119,180)"}],"gender":[{"description":"Female","count":841,"tested":8307,"deaths":0,"color":"rgb(255,127,14)"},{"description":"Male","count":762,"tested":4262,"deaths":0,"color":"rgb(31,119,180)"},{"description":"Unknown/Left Blank","count":21,"tested":617,"deaths":0,"color":"rgb(44,160,44)"}]}}]}
