{"lastUpdatedDate":{"year":2021,"month":4,"day":27},"county_demographics":[{"County":"Putnam","confirmed_cases":460,"total_tested":6277,"demographics":{"age":[{"race":[],"age_group":"<20","count":61,"tested":695,"deaths":0},{"race":[],"age_group":"20-29   ","count":73,"tested":727,"deaths":0},{"race":[],"age_group":"30-39   ","count":65,"tested":1076,"deaths":0},{"race":[],"age_group":"40-49   ","count":60,"tested":993,"deaths":0},{"race":[],"age_group":"50-59   ","count":87,"tested":1346,"deaths":0},{"race":[],"age_group":"60-69   ","count":66,"tested":906,"deaths":0},{"race":[],"age_group":"70-79   ","count":30,"tested":369,"deaths":0},{"race":[],"age_group":"80+","count":11,"tested":164,"deaths":0},{"race":[],"age_group":"Unknown","count":0,"tested":0,"deaths":0}],"race":[{"description":"Asian","count":0,"tested":0,"deaths":0,"color":"rgb(140,86,75)"},{"description":"Black","count":0,"tested":18,"deaths":0,"color":"rgb(255,127,14)"},{"description":"Hispanic","count":14,"tested":149,"deaths":0,"color":"rgb(214,39,40)"},{"description":"Left Blank","count":181,"tested":2893,"deaths":0,"color":"rgb(44,160,44)"},{"description":"NH/PI*","count":0,"tested":51,"deaths":0,"color":"rgb(127,127,127)"},{"description":"Other","count":0,"tested":53,"deaths":0,"color":"rgb(148,103,189)"},{"description":"White","count":254,"tested":3110,"deaths":0,"color":"rgb(31,119,180)"}],"gender":[{"description":"Female","count":249,"tested":3705,"deaths":0,"color":"rgb(255,127,14)"},{"description":"Male","count":194,"tested":1706,"deaths":0,"color":"rgb(31,119,180)"},{"description":"Unknown/Left Blank","count":12,"tested":866,"deaths":0,"color":"rgb(44,160,44)"}]}}]}
