{"lastUpdatedDate":{"year":2021,"month":4,"day":27},"county_demographics":[{"County":"Massac","confirmed_cases":1317,"total_tested":12112,"demographics":{"age":[{"race":[],"age_group":"<20","count":184,"tested":1296,"deaths":0},{"race":[],"age_group":"20-29   ","count":177,"tested":1605,"deaths":0},{"race":[],"age_group":"30-39   ","count":165,"tested":1351,"deaths":0},{"race":[],"age_group":"40-49   ","count":170,"tested":1786,"deaths":0},{"race":[],"age_group":"50-59   ","count":213,"tested":1795,"deaths":0},{"race":[],"age_group":"60-69   ","count":160,"tested":1465,"deaths":0},{"race":[],"age_group":"70-79   ","count":130,"tested":1213,"deaths":0},{"race":[],"age_group":"80+","count":109,"tested":1599,"deaths":0},{"race":[],"age_group":"Unknown","count":0,"tested":0,"deaths":0}],"race":[{"description":"AI/AN**","count":0,"tested":6,"deaths":0,"color":"rgb(31,119,180)"},{"description":"Asian","count":0,"tested":12,"deaths":0,"color":"rgb(140,86,75)"},{"description":"Black","count":29,"tested":311,"deaths":0,"color":"rgb(255,127,14)"},{"description":"Hispanic","count":8,"tested":47,"deaths":0,"color":"rgb(214,39,40)"},{"description":"Left Blank","count":629,"tested":6876,"deaths":0,"color":"rgb(44,160,44)"},{"description":"NH/PI*","count":0,"tested":0,"deaths":0,"color":"rgb(127,127,127)"},{"description":"Other","count":0,"tested":53,"deaths":0,"color":"rgb(148,103,189)"},{"description":"White","count":645,"tested":4806,"deaths":0,"color":"rgb(31,119,180)"}],"gender":[{"description":"Female","count":693,"tested":7240,"deaths":0,"color":"rgb(255,127,14)"},{"description":"Male","count":592,"tested":4305,"deaths":0,"color":"rgb(31,119,180)"},{"description":"Unknown/Left Blank","count":28,"tested":567,"deaths":0,"color":"rgb(44,160,44)"}]}}]}
