{"lastUpdatedDate":{"year":2021,"month":4,"day":27},"county_demographics":[{"County":"Tazewell","confirmed_cases":16392,"total_tested":220074,"demographics":{"age":[{"race":[],"age_group":"<20","count":2962,"tested":35772,"deaths":0},{"race":[],"age_group":"20-29   ","count":2399,"tested":33163,"deaths":0},{"race":[],"age_group":"30-39   ","count":2398,"tested":32194,"deaths":0},{"race":[],"age_group":"40-49   ","count":2442,"tested":30788,"deaths":0},{"race":[],"age_group":"50-59   ","count":2372,"tested":29916,"deaths":0},{"race":[],"age_group":"60-69   ","count":1839,"tested":23640,"deaths":0},{"race":[],"age_group":"70-79   ","count":1096,"tested":15478,"deaths":0},{"race":[],"age_group":"80+","count":884,"tested":19099,"deaths":0},{"race":[],"age_group":"Unknown","count":0,"tested":24,"deaths":0}],"race":[{"description":"AI/AN**","count":20,"tested":109,"deaths":0,"color":"rgb(31,119,180)"},{"description":"Asian","count":113,"tested":605,"deaths":0,"color":"rgb(140,86,75)"},{"description":"Black","count":229,"tested":1988,"deaths":0,"color":"rgb(255,127,14)"},{"description":"Hispanic","count":269,"tested":1220,"deaths":0,"color":"rgb(214,39,40)"},{"description":"Left Blank","count":2276,"tested":109212,"deaths":0,"color":"rgb(44,160,44)"},{"description":"NH/PI*","count":0,"tested":63,"deaths":0,"color":"rgb(127,127,127)"},{"description":"Other","count":294,"tested":4132,"deaths":0,"color":"rgb(148,103,189)"},{"description":"White","count":13182,"tested":102745,"deaths":0,"color":"rgb(31,119,180)"}],"gender":[{"description":"Female","count":8715,"tested":130398,"deaths":0,"color":"rgb(255,127,14)"},{"description":"Male","count":7486,"tested":82759,"deaths":0,"color":"rgb(31,119,180)"},{"description":"Unknown/Left Blank","count":191,"tested":6917,"deaths":0,"color":"rgb(44,160,44)"}]}}]}
