{"lastUpdatedDate":{"year":2021,"month":4,"day":27},"county_demographics":[{"County":"Morgan","confirmed_cases":3806,"total_tested":60027,"demographics":{"age":[{"race":[],"age_group":"<20","count":477,"tested":6240,"deaths":0},{"race":[],"age_group":"20-29   ","count":643,"tested":10582,"deaths":0},{"race":[],"age_group":"30-39   ","count":566,"tested":9256,"deaths":0},{"race":[],"age_group":"40-49   ","count":580,"tested":7978,"deaths":0},{"race":[],"age_group":"50-59   ","count":609,"tested":8118,"deaths":0},{"race":[],"age_group":"60-69   ","count":423,"tested":6696,"deaths":0},{"race":[],"age_group":"70-79   ","count":268,"tested":4586,"deaths":0},{"race":[],"age_group":"80+","count":239,"tested":5675,"deaths":0},{"race":[],"age_group":"Unknown","count":0,"tested":896,"deaths":0}],"race":[{"description":"AI/AN**","count":0,"tested":16,"deaths":0,"color":"rgb(31,119,180)"},{"description":"Asian","count":9,"tested":252,"deaths":0,"color":"rgb(140,86,75)"},{"description":"Black","count":323,"tested":2164,"deaths":0,"color":"rgb(255,127,14)"},{"description":"Hispanic","count":60,"tested":383,"deaths":0,"color":"rgb(214,39,40)"},{"description":"Left Blank","count":1817,"tested":31690,"deaths":0,"color":"rgb(44,160,44)"},{"description":"NH/PI*","count":0,"tested":28,"deaths":0,"color":"rgb(127,127,127)"},{"description":"Other","count":32,"tested":701,"deaths":0,"color":"rgb(148,103,189)"},{"description":"White","count":1559,"tested":24793,"deaths":0,"color":"rgb(31,119,180)"}],"gender":[{"description":"Female","count":1558,"tested":32485,"deaths":0,"color":"rgb(255,127,14)"},{"description":"Male","count":1754,"tested":21256,"deaths":0,"color":"rgb(31,119,180)"},{"description":"Unknown/Left Blank","count":494,"tested":6286,"deaths":0,"color":"rgb(44,160,44)"}]}}]}
