{"lastUpdatedDate":{"year":2021,"month":4,"day":27},"county_demographics":[{"County":"Wabash","confirmed_cases":1340,"total_tested":13737,"demographics":{"age":[{"race":[],"age_group":"<20","count":264,"tested":2295,"deaths":0},{"race":[],"age_group":"20-29   ","count":161,"tested":1946,"deaths":0},{"race":[],"age_group":"30-39   ","count":157,"tested":1651,"deaths":0},{"race":[],"age_group":"40-49   ","count":183,"tested":1787,"deaths":0},{"race":[],"age_group":"50-59   ","count":200,"tested":1889,"deaths":0},{"race":[],"age_group":"60-69   ","count":175,"tested":1491,"deaths":0},{"race":[],"age_group":"70-79   ","count":102,"tested":794,"deaths":0},{"race":[],"age_group":"80+","count":98,"tested":1870,"deaths":0},{"race":[],"age_group":"Unknown","count":0,"tested":14,"deaths":0}],"race":[{"description":"AI/AN**","count":0,"tested":0,"deaths":0,"color":"rgb(31,119,180)"},{"description":"Asian","count":0,"tested":11,"deaths":0,"color":"rgb(140,86,75)"},{"description":"Black","count":7,"tested":60,"deaths":0,"color":"rgb(255,127,14)"},{"description":"Hispanic","count":17,"tested":54,"deaths":0,"color":"rgb(214,39,40)"},{"description":"Left Blank","count":216,"tested":6250,"deaths":0,"color":"rgb(44,160,44)"},{"description":"NH/PI*","count":0,"tested":0,"deaths":0,"color":"rgb(127,127,127)"},{"description":"Other","count":0,"tested":19,"deaths":0,"color":"rgb(148,103,189)"},{"description":"White","count":1086,"tested":7339,"deaths":0,"color":"rgb(31,119,180)"}],"gender":[{"description":"Female","count":738,"tested":8833,"deaths":0,"color":"rgb(255,127,14)"},{"description":"Male","count":579,"tested":4413,"deaths":0,"color":"rgb(31,119,180)"},{"description":"Unknown/Left Blank","count":20,"tested":491,"deaths":0,"color":"rgb(44,160,44)"}]}}]}
