{"lastUpdatedDate":{"year":2021,"month":4,"day":27},"county_demographics":[{"County":"Chicago","confirmed_cases":273699,"total_tested":4137490,"demographics":{"age":[{"race":[],"age_group":"<20","count":36621,"tested":435939,"deaths":0},{"race":[],"age_group":"20-29   ","count":60132,"tested":976170,"deaths":0},{"race":[],"age_group":"30-39   ","count":53850,"tested":831923,"deaths":0},{"race":[],"age_group":"40-49   ","count":43222,"tested":563962,"deaths":0},{"race":[],"age_group":"50-59   ","count":36357,"tested":528405,"deaths":0},{"race":[],"age_group":"60-69   ","count":24105,"tested":426823,"deaths":0},{"race":[],"age_group":"70-79   ","count":11890,"tested":222875,"deaths":0},{"race":[],"age_group":"80+","count":7511,"tested":149058,"deaths":0},{"race":[],"age_group":"Unknown","count":11,"tested":2335,"deaths":0}],"race":[{"description":"AI/AN**","count":362,"tested":4594,"deaths":0,"color":"rgb(31,119,180)"},{"description":"Asian","count":7207,"tested":148586,"deaths":0,"color":"rgb(140,86,75)"},{"description":"Black","count":48359,"tested":625118,"deaths":0,"color":"rgb(255,127,14)"},{"description":"Hispanic","count":90384,"tested":542485,"deaths":0,"color":"rgb(214,39,40)"},{"description":"Left Blank","count":64088,"tested":1749547,"deaths":0,"color":"rgb(44,160,44)"},{"description":"NH/PI*","count":251,"tested":4465,"deaths":0,"color":"rgb(127,127,127)"},{"description":"Other","count":12178,"tested":159858,"deaths":0,"color":"rgb(148,103,189)"},{"description":"White","count":50870,"tested":902837,"deaths":0,"color":"rgb(31,119,180)"}],"gender":[{"description":"Female","count":138895,"tested":2193368,"deaths":0,"color":"rgb(255,127,14)"},{"description":"Male","count":130288,"tested":1823329,"deaths":0,"color":"rgb(31,119,180)"},{"description":"Unknown/Left Blank","count":4516,"tested":120793,"deaths":0,"color":"rgb(44,160,44)"}]}}]}
