{"lastUpdatedDate":{"year":2021,"month":4,"day":27},"county_demographics":[{"County":"Richland","confirmed_cases":1723,"total_tested":25675,"demographics":{"age":[{"race":[],"age_group":"<20","count":244,"tested":3635,"deaths":0},{"race":[],"age_group":"20-29   ","count":226,"tested":3738,"deaths":0},{"race":[],"age_group":"30-39   ","count":232,"tested":3877,"deaths":0},{"race":[],"age_group":"40-49   ","count":236,"tested":3593,"deaths":0},{"race":[],"age_group":"50-59   ","count":249,"tested":3527,"deaths":0},{"race":[],"age_group":"60-69   ","count":220,"tested":2982,"deaths":0},{"race":[],"age_group":"70-79   ","count":154,"tested":1970,"deaths":0},{"race":[],"age_group":"80+","count":162,"tested":2346,"deaths":0},{"race":[],"age_group":"Unknown","count":0,"tested":7,"deaths":0}],"race":[{"description":"AI/AN**","count":0,"tested":0,"deaths":0,"color":"rgb(31,119,180)"},{"description":"Asian","count":6,"tested":74,"deaths":0,"color":"rgb(140,86,75)"},{"description":"Black","count":14,"tested":158,"deaths":0,"color":"rgb(255,127,14)"},{"description":"Hispanic","count":10,"tested":140,"deaths":0,"color":"rgb(214,39,40)"},{"description":"Left Blank","count":171,"tested":7779,"deaths":0,"color":"rgb(44,160,44)"},{"description":"NH/PI*","count":0,"tested":32,"deaths":0,"color":"rgb(127,127,127)"},{"description":"Other","count":7,"tested":174,"deaths":0,"color":"rgb(148,103,189)"},{"description":"White","count":1512,"tested":17314,"deaths":0,"color":"rgb(31,119,180)"}],"gender":[{"description":"Female","count":967,"tested":14890,"deaths":0,"color":"rgb(255,127,14)"},{"description":"Male","count":743,"tested":8543,"deaths":0,"color":"rgb(31,119,180)"},{"description":"Unknown/Left Blank","count":9,"tested":2242,"deaths":0,"color":"rgb(44,160,44)"}]}}]}
