{"age":[{"age_group":"<20","count":327,"tested":7605},{"age_group":"20-29   ","count":374,"tested":12688},{"age_group":"30-39   ","count":383,"tested":11641},{"age_group":"40-49   ","count":343,"tested":9274},{"age_group":"50-59   ","count":328,"tested":11098},{"age_group":"60-69   ","count":238,"tested":9313},{"age_group":"70-79   ","count":115,"tested":4482},{"age_group":"80+","count":121,"tested":3518}],"race":[{"description":"Asian","count":72,"tested":3217,"color":"rgb(140,86,75)"},{"description":"Black","count":533,"tested":7489,"color":"rgb(255,127,14)"},{"description":"Hispanic","count":418,"tested":3491,"color":"rgb(214,39,40)"},{"description":"Left Blank","count":348,"tested":32070,"color":"rgb(44,160,44)"},{"description":"Other","count":175,"tested":3102,"color":"rgb(148,103,189)"},{"description":"White","count":678,"tested":20090,"color":"rgb(31,119,180)"}],"gender":[]}
