{"age":[{"age_group":"<20","count":26,"tested":181},{"age_group":"20-29   ","count":18,"tested":203},{"age_group":"30-39   ","count":23,"tested":200},{"age_group":"40-49   ","count":20,"tested":118},{"age_group":"50-59   ","count":22,"tested":157},{"age_group":"60-69   ","count":16,"tested":161},{"age_group":"70-79   ","count":10,"tested":105}],"race":[{"description":"Hispanic","count":18,"tested":39,"color":"rgb(214,39,40)"},{"description":"Left Blank","count":8,"tested":514,"color":"rgb(44,160,44)"},{"description":"White","count":109,"tested":569,"color":"rgb(31,119,180)"}],"gender":[]}
