{"age":[{"age_group":"<20","count":607,"tested":56610},{"age_group":"20-29   ","count":812,"tested":44688},{"age_group":"30-39   ","count":774,"tested":17994},{"age_group":"40-49   ","count":526,"tested":12777},{"age_group":"50-59   ","count":485,"tested":13116},{"age_group":"60-69   ","count":334,"tested":9883},{"age_group":"70-79   ","count":158,"tested":4446},{"age_group":"80+","count":125,"tested":3663}],"race":[{"description":"AI/AN**","count":8,"tested":518,"color":"rgb(31,119,180)"},{"description":"Asian","count":73,"tested":21150,"color":"rgb(140,86,75)"},{"description":"Black","count":2337,"tested":39121,"color":"rgb(255,127,14)"},{"description":"Hispanic","count":128,"tested":12227,"color":"rgb(214,39,40)"},{"description":"Left Blank","count":954,"tested":43352,"color":"rgb(44,160,44)"},{"description":"Other","count":51,"tested":1281,"color":"rgb(148,103,189)"},{"description":"White","count":267,"tested":45412,"color":"rgb(31,119,180)"}],"gender":[]}
