{"age":[{"age_group":"<20","count":472,"tested":4802},{"age_group":"20-29   ","count":544,"tested":5583},{"age_group":"30-39   ","count":376,"tested":4686},{"age_group":"40-49   ","count":470,"tested":5110},{"age_group":"50-59   ","count":502,"tested":5482},{"age_group":"60-69   ","count":331,"tested":3933},{"age_group":"70-79   ","count":138,"tested":1896},{"age_group":"80+","count":51,"tested":828}],"race":[{"description":"Asian","count":69,"tested":1201,"color":"rgb(140,86,75)"},{"description":"Black","count":99,"tested":1270,"color":"rgb(255,127,14)"},{"description":"Hispanic","count":167,"tested":1330,"color":"rgb(214,39,40)"},{"description":"Left Blank","count":1053,"tested":13785,"color":"rgb(44,160,44)"},{"description":"Other","count":121,"tested":1372,"color":"rgb(148,103,189)"},{"description":"White","count":1370,"tested":13279,"color":"rgb(31,119,180)"}],"gender":[]}
