{"age":[{"age_group":"<20","count":460,"tested":8489},{"age_group":"20-29   ","count":556,"tested":8886},{"age_group":"30-39   ","count":536,"tested":8447},{"age_group":"40-49   ","count":507,"tested":8279},{"age_group":"50-59   ","count":518,"tested":9647},{"age_group":"60-69   ","count":447,"tested":9038},{"age_group":"70-79   ","count":224,"tested":6057},{"age_group":"80+","count":178,"tested":6037}],"race":[{"description":"AI/AN**","count":20,"tested":193,"color":"rgb(31,119,180)"},{"description":"Asian","count":500,"tested":6446,"color":"rgb(140,86,75)"},{"description":"Black","count":199,"tested":2797,"color":"rgb(255,127,14)"},{"description":"Hispanic","count":317,"tested":2272,"color":"rgb(214,39,40)"},{"description":"Left Blank","count":886,"tested":34013,"color":"rgb(44,160,44)"},{"description":"NH/PI*","count":6,"tested":165,"color":"rgb(127,127,127)"},{"description":"Other","count":638,"tested":4447,"color":"rgb(148,103,189)"},{"description":"White","count":860,"tested":14560,"color":"rgb(31,119,180)"}],"gender":[]}
