{"age":[{"age_group":"<20","count":797,"tested":7367},{"age_group":"20-29   ","count":900,"tested":17112},{"age_group":"30-39   ","count":947,"tested":18983},{"age_group":"40-49   ","count":817,"tested":18131},{"age_group":"50-59   ","count":727,"tested":18987},{"age_group":"60-69   ","count":570,"tested":15428},{"age_group":"70-79   ","count":303,"tested":7481},{"age_group":"80+","count":247,"tested":6244}],"race":[{"description":"Asian","count":10,"tested":653,"color":"rgb(140,86,75)"},{"description":"Black","count":1266,"tested":32884,"color":"rgb(255,127,14)"},{"description":"Hispanic","count":797,"tested":5225,"color":"rgb(214,39,40)"},{"description":"Left Blank","count":1096,"tested":22053,"color":"rgb(44,160,44)"},{"description":"Other","count":106,"tested":2992,"color":"rgb(148,103,189)"},{"description":"White","count":2031,"tested":45726,"color":"rgb(31,119,180)"}],"gender":[]}
