{"age":[{"age_group":"<20","count":40,"tested":566},{"age_group":"20-29   ","count":27,"tested":429},{"age_group":"30-39   ","count":35,"tested":362},{"age_group":"40-49   ","count":39,"tested":310},{"age_group":"50-59   ","count":45,"tested":583},{"age_group":"60-69   ","count":35,"tested":403},{"age_group":"70-79   ","count":21,"tested":245},{"age_group":"80+","count":46,"tested":163}],"race":[{"description":"Hispanic","count":9,"tested":45,"color":"rgb(214,39,40)"},{"description":"Left Blank","count":15,"tested":1042,"color":"rgb(44,160,44)"},{"description":"White","count":258,"tested":1891,"color":"rgb(31,119,180)"}],"gender":[]}
