{"age":[{"age_group":"<20","count":284,"tested":3124},{"age_group":"20-29   ","count":158,"tested":1766},{"age_group":"30-39   ","count":159,"tested":1896},{"age_group":"40-49   ","count":271,"tested":2350},{"age_group":"50-59   ","count":209,"tested":2053},{"age_group":"60-69   ","count":130,"tested":1623},{"age_group":"70-79   ","count":73,"tested":1249},{"age_group":"80+","count":36,"tested":1051}],"race":[{"description":"Asian","count":10,"tested":78,"color":"rgb(140,86,75)"},{"description":"Black","count":10,"tested":131,"color":"rgb(255,127,14)"},{"description":"Hispanic","count":57,"tested":279,"color":"rgb(214,39,40)"},{"description":"Left Blank","count":101,"tested":5027,"color":"rgb(44,160,44)"},{"description":"Other","count":17,"tested":222,"color":"rgb(148,103,189)"},{"description":"White","count":1124,"tested":9333,"color":"rgb(31,119,180)"}],"gender":[]}
