{"age":[{"age_group":"<20","count":319,"tested":2716},{"age_group":"20-29   ","count":312,"tested":4584},{"age_group":"30-39   ","count":313,"tested":4688},{"age_group":"40-49   ","count":317,"tested":5124},{"age_group":"50-59   ","count":301,"tested":5410},{"age_group":"60-69   ","count":218,"tested":4936},{"age_group":"70-79   ","count":79,"tested":1755},{"age_group":"80+","count":53,"tested":868}],"race":[{"description":"Asian","count":14,"tested":233,"color":"rgb(140,86,75)"},{"description":"Black","count":284,"tested":4946,"color":"rgb(255,127,14)"},{"description":"Hispanic","count":656,"tested":4930,"color":"rgb(214,39,40)"},{"description":"Left Blank","count":637,"tested":15010,"color":"rgb(44,160,44)"},{"description":"Other","count":54,"tested":572,"color":"rgb(148,103,189)"},{"description":"White","count":266,"tested":4349,"color":"rgb(31,119,180)"}],"gender":[]}
