{"age":[{"age_group":"<20","count":207,"tested":3196},{"age_group":"20-29   ","count":188,"tested":2950},{"age_group":"30-39   ","count":174,"tested":3152},{"age_group":"40-49   ","count":192,"tested":3319},{"age_group":"50-59   ","count":212,"tested":3344},{"age_group":"60-69   ","count":131,"tested":2569},{"age_group":"70-79   ","count":53,"tested":1217},{"age_group":"80+","count":17,"tested":364}],"race":[{"description":"AI/AN**","count":7,"tested":87,"color":"rgb(31,119,180)"},{"description":"Asian","count":153,"tested":2908,"color":"rgb(140,86,75)"},{"description":"Black","count":32,"tested":398,"color":"rgb(255,127,14)"},{"description":"Hispanic","count":60,"tested":625,"color":"rgb(214,39,40)"},{"description":"Left Blank","count":373,"tested":9900,"color":"rgb(44,160,44)"},{"description":"Other","count":54,"tested":393,"color":"rgb(148,103,189)"},{"description":"White","count":494,"tested":5784,"color":"rgb(31,119,180)"}],"gender":[]}
