{"age":[{"age_group":"<20","count":142,"tested":1578},{"age_group":"20-29   ","count":159,"tested":2103},{"age_group":"30-39   ","count":149,"tested":1928},{"age_group":"40-49   ","count":150,"tested":1876},{"age_group":"50-59   ","count":160,"tested":2248},{"age_group":"60-69   ","count":114,"tested":1775},{"age_group":"70-79   ","count":51,"tested":1275},{"age_group":"80+","count":33,"tested":982}],"race":[{"description":"Asian","count":11,"tested":202,"color":"rgb(140,86,75)"},{"description":"Black","count":23,"tested":219,"color":"rgb(255,127,14)"},{"description":"Hispanic","count":131,"tested":879,"color":"rgb(214,39,40)"},{"description":"Left Blank","count":304,"tested":5591,"color":"rgb(44,160,44)"},{"description":"Other","count":31,"tested":309,"color":"rgb(148,103,189)"},{"description":"White","count":456,"tested":6488,"color":"rgb(31,119,180)"}],"gender":[]}
