{"age":[{"age_group":"<20","count":375,"tested":3248},{"age_group":"20-29   ","count":449,"tested":4549},{"age_group":"30-39   ","count":428,"tested":4959},{"age_group":"40-49   ","count":407,"tested":4900},{"age_group":"50-59   ","count":436,"tested":5213},{"age_group":"60-69   ","count":288,"tested":4027},{"age_group":"70-79   ","count":147,"tested":2164},{"age_group":"80+","count":64,"tested":972}],"race":[{"description":"Asian","count":9,"tested":311,"color":"rgb(140,86,75)"},{"description":"Black","count":1198,"tested":13440,"color":"rgb(255,127,14)"},{"description":"Hispanic","count":501,"tested":2732,"color":"rgb(214,39,40)"},{"description":"Left Blank","count":641,"tested":10947,"color":"rgb(44,160,44)"},{"description":"Other","count":81,"tested":825,"color":"rgb(148,103,189)"},{"description":"White","count":159,"tested":1708,"color":"rgb(31,119,180)"}],"gender":[]}
