{"age":[{"age_group":"<20","count":75,"tested":757},{"age_group":"20-29   ","count":66,"tested":723},{"age_group":"30-39   ","count":69,"tested":591},{"age_group":"40-49   ","count":77,"tested":633},{"age_group":"50-59   ","count":68,"tested":812},{"age_group":"60-69   ","count":46,"tested":560},{"age_group":"70-79   ","count":23,"tested":341},{"age_group":"80+","count":10,"tested":192}],"race":[{"description":"Hispanic","count":22,"tested":137,"color":"rgb(214,39,40)"},{"description":"Left Blank","count":72,"tested":1196,"color":"rgb(44,160,44)"},{"description":"Other","count":12,"tested":154,"color":"rgb(148,103,189)"},{"description":"White","count":325,"tested":3082,"color":"rgb(31,119,180)"}],"gender":[]}
