{"age":[{"age_group":"<20","count":139,"tested":4026},{"age_group":"20-29   ","count":665,"tested":15376},{"age_group":"30-39   ","count":595,"tested":16918},{"age_group":"40-49   ","count":251,"tested":6957},{"age_group":"50-59   ","count":186,"tested":5468},{"age_group":"60-69   ","count":119,"tested":4044},{"age_group":"70-79   ","count":44,"tested":1807},{"age_group":"80+","count":31,"tested":743}],"race":[{"description":"Asian","count":121,"tested":5261,"color":"rgb(140,86,75)"},{"description":"Black","count":237,"tested":4861,"color":"rgb(255,127,14)"},{"description":"Hispanic","count":124,"tested":2049,"color":"rgb(214,39,40)"},{"description":"Left Blank","count":781,"tested":24840,"color":"rgb(44,160,44)"},{"description":"Other","count":114,"tested":2743,"color":"rgb(148,103,189)"},{"description":"White","count":644,"tested":15487,"color":"rgb(31,119,180)"}],"gender":[]}
