{"age":[{"age_group":"<20","count":349,"tested":4475},{"age_group":"20-29   ","count":389,"tested":5851},{"age_group":"30-39   ","count":389,"tested":7305},{"age_group":"40-49   ","count":371,"tested":6289},{"age_group":"50-59   ","count":381,"tested":6974},{"age_group":"60-69   ","count":309,"tested":7294},{"age_group":"70-79   ","count":149,"tested":5343},{"age_group":"80+","count":114,"tested":5777}],"race":[{"description":"AI/AN**","count":14,"tested":215,"color":"rgb(31,119,180)"},{"description":"Asian","count":400,"tested":5922,"color":"rgb(140,86,75)"},{"description":"Black","count":48,"tested":541,"color":"rgb(255,127,14)"},{"description":"Hispanic","count":180,"tested":1696,"color":"rgb(214,39,40)"},{"description":"Left Blank","count":593,"tested":27145,"color":"rgb(44,160,44)"},{"description":"NH/PI*","count":10,"tested":145,"color":"rgb(127,127,127)"},{"description":"Other","count":336,"tested":2807,"color":"rgb(148,103,189)"},{"description":"White","count":870,"tested":10861,"color":"rgb(31,119,180)"}],"gender":[]}
