{"age":[{"age_group":"<20","count":586,"tested":5715},{"age_group":"20-29   ","count":637,"tested":7700},{"age_group":"30-39   ","count":599,"tested":8121},{"age_group":"40-49   ","count":588,"tested":7032},{"age_group":"50-59   ","count":454,"tested":7337},{"age_group":"60-69   ","count":331,"tested":5717},{"age_group":"70-79   ","count":200,"tested":2671},{"age_group":"80+","count":132,"tested":1418}],"race":[{"description":"Asian","count":6,"tested":68,"color":"rgb(140,86,75)"},{"description":"Black","count":1898,"tested":22333,"color":"rgb(255,127,14)"},{"description":"Hispanic","count":764,"tested":3689,"color":"rgb(214,39,40)"},{"description":"Left Blank","count":722,"tested":17629,"color":"rgb(44,160,44)"},{"description":"Other","count":75,"tested":925,"color":"rgb(148,103,189)"},{"description":"White","count":56,"tested":980,"color":"rgb(31,119,180)"}],"gender":[]}
