{"age":[{"age_group":"<20","count":607,"tested":30659},{"age_group":"20-29   ","count":795,"tested":75893},{"age_group":"30-39   ","count":308,"tested":14006},{"age_group":"40-49   ","count":288,"tested":8353},{"age_group":"50-59   ","count":307,"tested":10375},{"age_group":"60-69   ","count":211,"tested":9483},{"age_group":"70-79   ","count":124,"tested":6600},{"age_group":"80+","count":177,"tested":13431}],"race":[{"description":"Asian","count":164,"tested":27184,"color":"rgb(140,86,75)"},{"description":"Black","count":468,"tested":11879,"color":"rgb(255,127,14)"},{"description":"Hispanic","count":360,"tested":12518,"color":"rgb(214,39,40)"},{"description":"Left Blank","count":352,"tested":43734,"color":"rgb(44,160,44)"},{"description":"Other","count":181,"tested":4356,"color":"rgb(148,103,189)"},{"description":"White","count":1284,"tested":68823,"color":"rgb(31,119,180)"}],"gender":[]}
