{"age":[{"age_group":"<20","count":7,"tested":180},{"age_group":"20-29   ","count":13,"tested":140},{"age_group":"30-39   ","count":12,"tested":199},{"age_group":"40-49   ","count":24,"tested":188},{"age_group":"50-59   ","count":21,"tested":178},{"age_group":"60-69   ","count":10,"tested":121},{"age_group":"70-79   ","count":6,"tested":83}],"race":[{"description":"Left Blank","count":40,"tested":548,"color":"rgb(44,160,44)"},{"description":"White","count":51,"tested":534,"color":"rgb(31,119,180)"}],"gender":[]}
