{"age":[{"age_group":"<20","count":606,"tested":6459},{"age_group":"20-29   ","count":579,"tested":7685},{"age_group":"30-39   ","count":501,"tested":6479},{"age_group":"40-49   ","count":496,"tested":5760},{"age_group":"50-59   ","count":503,"tested":7647},{"age_group":"60-69   ","count":335,"tested":6864},{"age_group":"70-79   ","count":135,"tested":4248},{"age_group":"80+","count":158,"tested":6122}],"race":[{"description":"AI/AN**","count":6,"tested":14,"color":"rgb(31,119,180)"},{"description":"Asian","count":68,"tested":899,"color":"rgb(140,86,75)"},{"description":"Black","count":36,"tested":392,"color":"rgb(255,127,14)"},{"description":"Hispanic","count":435,"tested":2505,"color":"rgb(214,39,40)"},{"description":"Left Blank","count":751,"tested":26985,"color":"rgb(44,160,44)"},{"description":"NH/PI*","count":6,"tested":45,"color":"rgb(127,127,127)"},{"description":"Other","count":66,"tested":766,"color":"rgb(148,103,189)"},{"description":"White","count":1950,"tested":19672,"color":"rgb(31,119,180)"}],"gender":[]}
