{"age":[{"age_group":"<20","count":281,"tested":3180},{"age_group":"20-29   ","count":274,"tested":4495},{"age_group":"30-39   ","count":283,"tested":4510},{"age_group":"40-49   ","count":307,"tested":4851},{"age_group":"50-59   ","count":261,"tested":4684},{"age_group":"60-69   ","count":200,"tested":5250},{"age_group":"70-79   ","count":140,"tested":3990},{"age_group":"80+","count":96,"tested":2579}],"race":[{"description":"Asian","count":7,"tested":217,"color":"rgb(140,86,75)"},{"description":"Black","count":1200,"tested":16324,"color":"rgb(255,127,14)"},{"description":"Hispanic","count":60,"tested":931,"color":"rgb(214,39,40)"},{"description":"Left Blank","count":462,"tested":14038,"color":"rgb(44,160,44)"},{"description":"Other","count":27,"tested":487,"color":"rgb(148,103,189)"},{"description":"White","count":85,"tested":1575,"color":"rgb(31,119,180)"}],"gender":[]}
