{"age":[{"age_group":"<20","count":218,"tested":1916},{"age_group":"20-29   ","count":288,"tested":3438},{"age_group":"30-39   ","count":253,"tested":3117},{"age_group":"40-49   ","count":224,"tested":2772},{"age_group":"50-59   ","count":208,"tested":3013},{"age_group":"60-69   ","count":170,"tested":2546},{"age_group":"70-79   ","count":68,"tested":1386},{"age_group":"80+","count":40,"tested":616}],"race":[{"description":"Asian","count":33,"tested":535,"color":"rgb(140,86,75)"},{"description":"Black","count":43,"tested":450,"color":"rgb(255,127,14)"},{"description":"Hispanic","count":183,"tested":1100,"color":"rgb(214,39,40)"},{"description":"Left Blank","count":541,"tested":10102,"color":"rgb(44,160,44)"},{"description":"Other","count":93,"tested":860,"color":"rgb(148,103,189)"},{"description":"White","count":575,"tested":5726,"color":"rgb(31,119,180)"}],"gender":[]}
