{"age":[{"age_group":"<20","count":27,"tested":392},{"age_group":"20-29   ","count":28,"tested":283},{"age_group":"30-39   ","count":25,"tested":416},{"age_group":"40-49   ","count":26,"tested":253},{"age_group":"50-59   ","count":24,"tested":405},{"age_group":"60-69   ","count":21,"tested":305},{"age_group":"70-79   ","count":18,"tested":119},{"age_group":"80+","count":13,"tested":72}],"race":[{"description":"Left Blank","count":55,"tested":614,"color":"rgb(44,160,44)"},{"description":"White","count":124,"tested":1582,"color":"rgb(31,119,180)"}],"gender":[]}
