{"age":[{"age_group":"<20","count":553,"tested":6638},{"age_group":"20-29   ","count":681,"tested":8896},{"age_group":"30-39   ","count":538,"tested":7847},{"age_group":"40-49   ","count":536,"tested":7197},{"age_group":"50-59   ","count":522,"tested":8769},{"age_group":"60-69   ","count":388,"tested":8026},{"age_group":"70-79   ","count":192,"tested":4563},{"age_group":"80+","count":143,"tested":4081}],"race":[{"description":"AI/AN**","count":9,"tested":82,"color":"rgb(31,119,180)"},{"description":"Asian","count":53,"tested":1062,"color":"rgb(140,86,75)"},{"description":"Black","count":77,"tested":1095,"color":"rgb(255,127,14)"},{"description":"Hispanic","count":928,"tested":5753,"color":"rgb(214,39,40)"},{"description":"Left Blank","count":589,"tested":19603,"color":"rgb(44,160,44)"},{"description":"Other","count":73,"tested":791,"color":"rgb(148,103,189)"},{"description":"White","count":1821,"tested":27384,"color":"rgb(31,119,180)"}],"gender":[]}
