{"age":[{"age_group":"<20","count":20,"tested":209},{"age_group":"20-29   ","count":20,"tested":155},{"age_group":"30-39   ","count":17,"tested":160},{"age_group":"40-49   ","count":27,"tested":178},{"age_group":"50-59   ","count":26,"tested":221},{"age_group":"60-69   ","count":19,"tested":259},{"age_group":"70-79   ","count":11,"tested":120}],"race":[{"description":"Left Blank","count":25,"tested":204,"color":"rgb(44,160,44)"},{"description":"White","count":111,"tested":1077,"color":"rgb(31,119,180)"}],"gender":[]}
