{"age":[{"age_group":"<20","count":415,"tested":4741},{"age_group":"20-29   ","count":435,"tested":5588},{"age_group":"30-39   ","count":445,"tested":5960},{"age_group":"40-49   ","count":430,"tested":4825},{"age_group":"50-59   ","count":414,"tested":5567},{"age_group":"60-69   ","count":300,"tested":5641},{"age_group":"70-79   ","count":152,"tested":3281},{"age_group":"80+","count":103,"tested":2729}],"race":[{"description":"Asian","count":124,"tested":2277,"color":"rgb(140,86,75)"},{"description":"Black","count":46,"tested":675,"color":"rgb(255,127,14)"},{"description":"Hispanic","count":733,"tested":4485,"color":"rgb(214,39,40)"},{"description":"Left Blank","count":614,"tested":16268,"color":"rgb(44,160,44)"},{"description":"Other","count":145,"tested":848,"color":"rgb(148,103,189)"},{"description":"White","count":1025,"tested":13675,"color":"rgb(31,119,180)"}],"gender":[]}
