{"age":[{"age_group":"<20","count":489,"tested":77671},{"age_group":"20-29   ","count":267,"tested":9365},{"age_group":"30-39   ","count":230,"tested":6756},{"age_group":"40-49   ","count":278,"tested":7939},{"age_group":"50-59   ","count":307,"tested":9531},{"age_group":"60-69   ","count":209,"tested":8274},{"age_group":"70-79   ","count":143,"tested":5537},{"age_group":"80+","count":174,"tested":9738}],"race":[{"description":"Asian","count":76,"tested":4124,"color":"rgb(140,86,75)"},{"description":"Black","count":29,"tested":1271,"color":"rgb(255,127,14)"},{"description":"Hispanic","count":86,"tested":5468,"color":"rgb(214,39,40)"},{"description":"Left Blank","count":483,"tested":35302,"color":"rgb(44,160,44)"},{"description":"Other","count":154,"tested":5550,"color":"rgb(148,103,189)"},{"description":"White","count":1265,"tested":82895,"color":"rgb(31,119,180)"}],"gender":[]}
