{"age":[{"age_group":"<20","count":17,"tested":190},{"age_group":"20-29   ","count":19,"tested":124},{"age_group":"30-39   ","count":16,"tested":115},{"age_group":"40-49   ","count":9,"tested":123},{"age_group":"50-59   ","count":15,"tested":154},{"age_group":"60-69   ","count":14,"tested":124},{"age_group":"70-79   ","count":7,"tested":59}],"race":[{"description":"Left Blank","count":26,"tested":210,"color":"rgb(44,160,44)"},{"description":"White","count":69,"tested":682,"color":"rgb(31,119,180)"}],"gender":[]}
