{"age":[{"age_group":"<20","count":504,"tested":5387},{"age_group":"20-29   ","count":372,"tested":3852},{"age_group":"30-39   ","count":368,"tested":5066},{"age_group":"40-49   ","count":455,"tested":5154},{"age_group":"50-59   ","count":374,"tested":4353},{"age_group":"60-69   ","count":239,"tested":3654},{"age_group":"70-79   ","count":157,"tested":2632},{"age_group":"80+","count":94,"tested":1608}],"race":[{"description":"Asian","count":170,"tested":2552,"color":"rgb(140,86,75)"},{"description":"Black","count":51,"tested":528,"color":"rgb(255,127,14)"},{"description":"Hispanic","count":327,"tested":2055,"color":"rgb(214,39,40)"},{"description":"Left Blank","count":689,"tested":12684,"color":"rgb(44,160,44)"},{"description":"NH/PI*","count":6,"tested":47,"color":"rgb(127,127,127)"},{"description":"Other","count":90,"tested":603,"color":"rgb(148,103,189)"},{"description":"White","count":1229,"tested":13213,"color":"rgb(31,119,180)"}],"gender":[]}
