{"age":[{"age_group":"<20","count":228,"tested":1870},{"age_group":"20-29   ","count":220,"tested":2374},{"age_group":"30-39   ","count":267,"tested":2507},{"age_group":"40-49   ","count":187,"tested":1895},{"age_group":"50-59   ","count":193,"tested":2278},{"age_group":"60-69   ","count":159,"tested":1812},{"age_group":"70-79   ","count":43,"tested":754},{"age_group":"80+","count":26,"tested":563}],"race":[{"description":"Asian","count":27,"tested":272,"color":"rgb(140,86,75)"},{"description":"Black","count":20,"tested":221,"color":"rgb(255,127,14)"},{"description":"Hispanic","count":407,"tested":3130,"color":"rgb(214,39,40)"},{"description":"Left Blank","count":228,"tested":3906,"color":"rgb(44,160,44)"},{"description":"Other","count":53,"tested":635,"color":"rgb(148,103,189)"},{"description":"White","count":586,"tested":5858,"color":"rgb(31,119,180)"}],"gender":[]}
