{"age":[{"age_group":"<20","count":588,"tested":7445},{"age_group":"20-29   ","count":472,"tested":5829},{"age_group":"30-39   ","count":512,"tested":6023},{"age_group":"40-49   ","count":473,"tested":5583},{"age_group":"50-59   ","count":383,"tested":4954},{"age_group":"60-69   ","count":230,"tested":3406},{"age_group":"70-79   ","count":120,"tested":2165},{"age_group":"80+","count":53,"tested":2288}],"race":[{"description":"Asian","count":17,"tested":414,"color":"rgb(140,86,75)"},{"description":"Black","count":143,"tested":1555,"color":"rgb(255,127,14)"},{"description":"Hispanic","count":395,"tested":2924,"color":"rgb(214,39,40)"},{"description":"Left Blank","count":662,"tested":15211,"color":"rgb(44,160,44)"},{"description":"Other","count":74,"tested":907,"color":"rgb(148,103,189)"},{"description":"White","count":1534,"tested":16647,"color":"rgb(31,119,180)"}],"gender":[]}
