{"age":[{"age_group":"<20","count":322,"tested":4285},{"age_group":"20-29   ","count":460,"tested":6917},{"age_group":"30-39   ","count":454,"tested":7370},{"age_group":"40-49   ","count":353,"tested":5792},{"age_group":"50-59   ","count":377,"tested":7146},{"age_group":"60-69   ","count":318,"tested":6250},{"age_group":"70-79   ","count":155,"tested":2812},{"age_group":"80+","count":101,"tested":1934}],"race":[{"description":"Black","count":1750,"tested":24703,"color":"rgb(255,127,14)"},{"description":"Hispanic","count":149,"tested":1048,"color":"rgb(214,39,40)"},{"description":"Left Blank","count":569,"tested":15204,"color":"rgb(44,160,44)"},{"description":"Other","count":28,"tested":572,"color":"rgb(148,103,189)"},{"description":"White","count":35,"tested":810,"color":"rgb(31,119,180)"}],"gender":[]}
