{"age":[{"age_group":"<20","count":126,"tested":922},{"age_group":"20-29   ","count":170,"tested":1168},{"age_group":"30-39   ","count":133,"tested":988},{"age_group":"40-49   ","count":140,"tested":669},{"age_group":"50-59   ","count":90,"tested":705},{"age_group":"60-69   ","count":71,"tested":499},{"age_group":"70-79   ","count":26,"tested":170},{"age_group":"80+","count":9,"tested":82}],"race":[{"description":"Black","count":18,"tested":145,"color":"rgb(255,127,14)"},{"description":"Hispanic","count":409,"tested":2013,"color":"rgb(214,39,40)"},{"description":"Left Blank","count":207,"tested":2001,"color":"rgb(44,160,44)"},{"description":"Other","count":39,"tested":315,"color":"rgb(148,103,189)"},{"description":"White","count":83,"tested":688,"color":"rgb(31,119,180)"}],"gender":[]}
