{"age":[{"age_group":"<20","count":217,"tested":3437},{"age_group":"20-29   ","count":195,"tested":3131},{"age_group":"30-39   ","count":178,"tested":3335},{"age_group":"40-49   ","count":201,"tested":3518},{"age_group":"50-59   ","count":218,"tested":3494},{"age_group":"60-69   ","count":133,"tested":2717},{"age_group":"70-79   ","count":53,"tested":1289},{"age_group":"80+","count":17,"tested":373}],"race":[{"description":"AI/AN**","count":7,"tested":91,"color":"rgb(31,119,180)"},{"description":"Asian","count":160,"tested":3068,"color":"rgb(140,86,75)"},{"description":"Black","count":33,"tested":415,"color":"rgb(255,127,14)"},{"description":"Hispanic","count":65,"tested":660,"color":"rgb(214,39,40)"},{"description":"Left Blank","count":375,"tested":10545,"color":"rgb(44,160,44)"},{"description":"Other","count":56,"tested":403,"color":"rgb(148,103,189)"},{"description":"White","count":515,"tested":6096,"color":"rgb(31,119,180)"}],"gender":[]}
