{"age":[{"age_group":"<20","count":27,"tested":739},{"age_group":"20-29   ","count":413,"tested":8722},{"age_group":"30-39   ","count":369,"tested":8171},{"age_group":"40-49   ","count":69,"tested":2006},{"age_group":"50-59   ","count":40,"tested":1269},{"age_group":"60-69   ","count":29,"tested":609}],"race":[{"description":"Asian","count":90,"tested":2872,"color":"rgb(140,86,75)"},{"description":"Black","count":45,"tested":733,"color":"rgb(255,127,14)"},{"description":"Hispanic","count":46,"tested":761,"color":"rgb(214,39,40)"},{"description":"Left Blank","count":343,"tested":8987,"color":"rgb(44,160,44)"},{"description":"Other","count":50,"tested":1259,"color":"rgb(148,103,189)"},{"description":"White","count":374,"tested":7157,"color":"rgb(31,119,180)"}],"gender":[]}
