{"age":[{"age_group":"<20","count":1502,"tested":14409},{"age_group":"20-29   ","count":1606,"tested":19889},{"age_group":"30-39   ","count":1379,"tested":17835},{"age_group":"40-49   ","count":1369,"tested":16615},{"age_group":"50-59   ","count":1230,"tested":16410},{"age_group":"60-69   ","count":882,"tested":14121},{"age_group":"70-79   ","count":431,"tested":8352},{"age_group":"80+","count":249,"tested":5021}],"race":[{"description":"AI/AN**","count":18,"tested":242,"color":"rgb(31,119,180)"},{"description":"Asian","count":20,"tested":275,"color":"rgb(140,86,75)"},{"description":"Black","count":2718,"tested":40120,"color":"rgb(255,127,14)"},{"description":"Hispanic","count":2869,"tested":22074,"color":"rgb(214,39,40)"},{"description":"Left Blank","count":2124,"tested":38732,"color":"rgb(44,160,44)"},{"description":"Other","count":181,"tested":2590,"color":"rgb(148,103,189)"},{"description":"White","count":716,"tested":8583,"color":"rgb(31,119,180)"}],"gender":[]}
