{"age":[{"age_group":"<20","count":44,"tested":449},{"age_group":"20-29   ","count":37,"tested":541},{"age_group":"30-39   ","count":35,"tested":488},{"age_group":"40-49   ","count":51,"tested":527},{"age_group":"50-59   ","count":52,"tested":635},{"age_group":"60-69   ","count":36,"tested":564},{"age_group":"70-79   ","count":21,"tested":308},{"age_group":"80+","count":7,"tested":233}],"race":[{"description":"Left Blank","count":91,"tested":1999,"color":"rgb(44,160,44)"},{"description":"White","count":185,"tested":1665,"color":"rgb(31,119,180)"}],"gender":[]}
