{"age":[{"age_group":"<20","count":140,"tested":1254},{"age_group":"20-29   ","count":146,"tested":1601},{"age_group":"30-39   ","count":112,"tested":1443},{"age_group":"40-49   ","count":123,"tested":1554},{"age_group":"50-59   ","count":138,"tested":1898},{"age_group":"60-69   ","count":73,"tested":1471},{"age_group":"70-79   ","count":38,"tested":479},{"age_group":"80+","count":8,"tested":200}],"race":[{"description":"Asian","count":7,"tested":120,"color":"rgb(140,86,75)"},{"description":"Hispanic","count":142,"tested":769,"color":"rgb(214,39,40)"},{"description":"Left Blank","count":260,"tested":4290,"color":"rgb(44,160,44)"},{"description":"Other","count":14,"tested":196,"color":"rgb(148,103,189)"},{"description":"White","count":350,"tested":4403,"color":"rgb(31,119,180)"}],"gender":[]}
