{"age":[{"age_group":"<20","count":91,"tested":944},{"age_group":"20-29   ","count":136,"tested":1842},{"age_group":"30-39   ","count":102,"tested":1912},{"age_group":"40-49   ","count":103,"tested":1715},{"age_group":"50-59   ","count":133,"tested":2370},{"age_group":"60-69   ","count":124,"tested":2393},{"age_group":"70-79   ","count":79,"tested":1355},{"age_group":"80+","count":29,"tested":628}],"race":[{"description":"Black","count":47,"tested":1333,"color":"rgb(255,127,14)"},{"description":"Hispanic","count":113,"tested":746,"color":"rgb(214,39,40)"},{"description":"Left Blank","count":193,"tested":3073,"color":"rgb(44,160,44)"},{"description":"Other","count":16,"tested":289,"color":"rgb(148,103,189)"},{"description":"White","count":425,"tested":7678,"color":"rgb(31,119,180)"}],"gender":[]}
