{"age":[{"age_group":"<20","count":175,"tested":1442},{"age_group":"20-29   ","count":238,"tested":3200},{"age_group":"30-39   ","count":219,"tested":3069},{"age_group":"40-49   ","count":226,"tested":3457},{"age_group":"50-59   ","count":286,"tested":4896},{"age_group":"60-69   ","count":225,"tested":5099},{"age_group":"70-79   ","count":109,"tested":2239},{"age_group":"80+","count":71,"tested":1324}],"race":[{"description":"Black","count":789,"tested":8279,"color":"rgb(255,127,14)"},{"description":"Hispanic","count":74,"tested":229,"color":"rgb(214,39,40)"},{"description":"White","count":50,"tested":384,"color":"rgb(31,119,180)"},{"description":"Other","count":35,"tested":195,"color":"rgb(148,103,189)"},{"description":"Left Blank","count":550,"tested":15620,"color":"rgb(44,160,44)"}],"gender":[{"description":"Female","count":820,"tested":14274,"color":"rgb(255,127,14)"},{"description":"Male","count":598,"tested":10007,"color":"rgb(31,119,180)"},{"description":"Unknown/Left Blank","count":46,"tested":452,"color":"rgb(44,160,44)"}]}
