{"age":[{"age_group":"<20","count":1898,"tested":9775},{"age_group":"20-29   ","count":2349,"tested":15286},{"age_group":"30-39   ","count":2094,"tested":11529},{"age_group":"40-49   ","count":2048,"tested":10101},{"age_group":"50-59   ","count":1720,"tested":8697},{"age_group":"60-69   ","count":925,"tested":5363},{"age_group":"70-79   ","count":439,"tested":2326},{"age_group":"80+","count":283,"tested":1009}],"race":[{"description":"Other","count":551,"tested":3486,"color":"rgb(148,103,189)"},{"description":"Left Blank","count":2401,"tested":25585,"color":"rgb(44,160,44)"},{"description":"Asian","count":203,"tested":988,"color":"rgb(140,86,75)"},{"description":"White","count":671,"tested":5110,"color":"rgb(31,119,180)"},{"description":"Hispanic","count":7423,"tested":27943,"color":"rgb(214,39,40)"},{"description":"Black","count":262,"tested":913,"color":"rgb(255,127,14)"},{"description":"AI/AN**","count":126,"tested":44,"color":"rgb(31,119,180)"}],"gender":[{"description":"Unknown/Left Blank","count":197,"tested":934,"color":"rgb(44,160,44)"},{"description":"Male","count":5377,"tested":28708,"color":"rgb(31,119,180)"},{"description":"Female","count":5597,"tested":34466,"color":"rgb(255,127,14)"}]}
