{"age":[{"age_group":"<20","count":447,"tested":2196},{"age_group":"20-29   ","count":657,"tested":4653},{"age_group":"30-39   ","count":581,"tested":3950},{"age_group":"40-49   ","count":499,"tested":3254},{"age_group":"50-59   ","count":548,"tested":3953},{"age_group":"60-69   ","count":453,"tested":3652},{"age_group":"70-79   ","count":295,"tested":1956},{"age_group":"80+","count":229,"tested":1316}],"race":[{"description":"Left Blank","count":1294,"tested":12217,"color":"rgb(44,160,44)"},{"description":"White","count":1234,"tested":9490,"color":"rgb(31,119,180)"},{"description":"Other","count":237,"tested":866,"color":"rgb(148,103,189)"},{"description":"Black","count":234,"tested":1268,"color":"rgb(255,127,14)"},{"description":"Hispanic","count":251,"tested":645,"color":"rgb(214,39,40)"},{"description":"Asian","count":187,"tested":408,"color":"rgb(140,86,75)"}],"gender":[{"description":"Male","count":1360,"tested":10368,"color":"rgb(31,119,180)"},{"description":"Unknown/Left Blank","count":157,"tested":350,"color":"rgb(44,160,44)"},{"description":"Female","count":1522,"tested":14216,"color":"rgb(255,127,14)"}]}
