{"age":[{"age_group":"<20","count":95,"tested":457},{"age_group":"20-29   ","count":110,"tested":585},{"age_group":"30-39   ","count":83,"tested":509},{"age_group":"40-49   ","count":97,"tested":491},{"age_group":"50-59   ","count":129,"tested":736},{"age_group":"60-69   ","count":93,"tested":537},{"age_group":"70-79   ","count":64,"tested":311},{"age_group":"80+","count":44,"tested":134}],"race":[{"description":"Left Blank","count":205,"tested":1293,"color":"rgb(44,160,44)"},{"description":"Other","count":40,"tested":100,"color":"rgb(148,103,189)"},{"description":"Hispanic","count":59,"tested":98,"color":"rgb(214,39,40)"},{"description":"White","count":271,"tested":2214,"color":"rgb(31,119,180)"}],"gender":[{"description":"Female","count":262,"tested":2115,"color":"rgb(255,127,14)"},{"description":"Male","count":246,"tested":1624,"color":"rgb(31,119,180)"}]}
