{"age":[{"age_group":"<20","count":629,"tested":3193},{"age_group":"20-29   ","count":616,"tested":3185},{"age_group":"30-39   ","count":491,"tested":2555},{"age_group":"40-49   ","count":619,"tested":2973},{"age_group":"50-59   ","count":757,"tested":3944},{"age_group":"60-69   ","count":512,"tested":2701},{"age_group":"70-79   ","count":356,"tested":1505},{"age_group":"80+","count":286,"tested":597}],"race":[{"description":"Black","count":347,"tested":976,"color":"rgb(255,127,14)"},{"description":"Asian","count":274,"tested":218,"color":"rgb(140,86,75)"},{"description":"Other","count":329,"tested":690,"color":"rgb(148,103,189)"},{"description":"White","count":1312,"tested":8644,"color":"rgb(31,119,180)"},{"description":"Left Blank","count":1192,"tested":9705,"color":"rgb(44,160,44)"},{"description":"Hispanic","count":322,"tested":404,"color":"rgb(214,39,40)"}],"gender":[{"description":"Female","count":1438,"tested":10993,"color":"rgb(255,127,14)"},{"description":"Male","count":1361,"tested":9474,"color":"rgb(31,119,180)"}]}
