{"age":[{"age_group":"<20","count":370,"tested":3323},{"age_group":"20-29   ","count":469,"tested":4529},{"age_group":"30-39   ","count":513,"tested":4695},{"age_group":"40-49   ","count":441,"tested":4293},{"age_group":"50-59   ","count":381,"tested":4004},{"age_group":"60-69   ","count":275,"tested":3012},{"age_group":"70-79   ","count":149,"tested":1281},{"age_group":"80+","count":92,"tested":560}],"race":[{"description":"Left Blank","count":575,"tested":9291,"color":"rgb(44,160,44)"},{"description":"White","count":92,"tested":965,"color":"rgb(31,119,180)"},{"description":"Hispanic","count":346,"tested":1590,"color":"rgb(214,39,40)"},{"description":"Other","count":81,"tested":590,"color":"rgb(148,103,189)"},{"description":"Asian","count":34,"tested":73,"color":"rgb(140,86,75)"},{"description":"Black","count":1508,"tested":13161,"color":"rgb(255,127,14)"}],"gender":[{"description":"Female","count":1446,"tested":13815,"color":"rgb(255,127,14)"},{"description":"Male","count":1061,"tested":10860,"color":"rgb(31,119,180)"},{"description":"Unknown/Left Blank","count":53,"tested":1032,"color":"rgb(44,160,44)"}]}
