{"age":[{"age_group":"<20","count":33,"tested":175},{"age_group":"20-29   ","count":34,"tested":202},{"age_group":"40-49   ","count":44,"tested":200},{"age_group":"50-59   ","count":38,"tested":175},{"age_group":"60-69   ","count":40,"tested":169}],"race":[{"description":"Left Blank","count":46,"tested":523,"color":"rgb(44,160,44)"},{"description":"White","count":72,"tested":743,"color":"rgb(31,119,180)"}],"gender":[{"description":"Female","count":64,"tested":853,"color":"rgb(255,127,14)"},{"description":"Male","count":57,"tested":414,"color":"rgb(31,119,180)"}]}
