{"age":[{"age_group":"<20","count":24,"tested":177},{"age_group":"20-29   ","count":30,"tested":213},{"age_group":"30-39   ","count":28,"tested":171},{"age_group":"40-49   ","count":33,"tested":219},{"age_group":"50-59   ","count":24,"tested":180},{"age_group":"60-69   ","count":19,"tested":195},{"age_group":"80+","count":10,"tested":49}],"race":[{"description":"White","count":102,"tested":635,"color":"rgb(31,119,180)"},{"description":"Left Blank","count":31,"tested":569,"color":"rgb(44,160,44)"},{"description":"Hispanic","count":26,"tested":62,"color":"rgb(214,39,40)"}],"gender":[{"description":"Female","count":74,"tested":689,"color":"rgb(255,127,14)"},{"description":"Male","count":84,"tested":590,"color":"rgb(31,119,180)"}]}
