{"age":[{"age_group":"<20","count":153,"tested":1476},{"age_group":"20-29   ","count":115,"tested":972},{"age_group":"30-39   ","count":84,"tested":739},{"age_group":"40-49   ","count":114,"tested":897},{"age_group":"50-59   ","count":118,"tested":1231},{"age_group":"60-69   ","count":66,"tested":867},{"age_group":"70-79   ","count":32,"tested":456},{"age_group":"80+","count":61,"tested":547}],"race":[{"description":"Other","count":35,"tested":249,"color":"rgb(148,103,189)"},{"description":"Left Blank","count":223,"tested":3902,"color":"rgb(44,160,44)"},{"description":"White","count":319,"tested":2571,"color":"rgb(31,119,180)"},{"description":"Asian","count":49,"tested":228,"color":"rgb(140,86,75)"},{"description":"Hispanic","count":37,"tested":116,"color":"rgb(214,39,40)"},{"description":"Black","count":39,"tested":120,"color":"rgb(255,127,14)"}],"gender":[{"description":"Male","count":305,"tested":2959,"color":"rgb(31,119,180)"},{"description":"Female","count":316,"tested":4140,"color":"rgb(255,127,14)"}]}
