{"age":[{"age_group":"<20","count":920,"tested":5924},{"age_group":"20-29   ","count":1166,"tested":10450},{"age_group":"30-39   ","count":1099,"tested":9350},{"age_group":"40-49   ","count":1082,"tested":8347},{"age_group":"50-59   ","count":826,"tested":6779},{"age_group":"60-69   ","count":566,"tested":6087},{"age_group":"70-79   ","count":278,"tested":3460},{"age_group":"80+","count":161,"tested":2308}],"race":[{"description":"Black","count":720,"tested":7429,"color":"rgb(255,127,14)"},{"description":"Hispanic","count":3157,"tested":13597,"color":"rgb(214,39,40)"},{"description":"Asian","count":109,"tested":1047,"color":"rgb(140,86,75)"},{"description":"White","count":557,"tested":6203,"color":"rgb(31,119,180)"},{"description":"Other","count":262,"tested":1880,"color":"rgb(148,103,189)"},{"description":"Left Blank","count":1176,"tested":22535,"color":"rgb(44,160,44)"}],"gender":[{"description":"Female","count":2975,"tested":27551,"color":"rgb(255,127,14)"},{"description":"Male","count":2759,"tested":21775,"color":"rgb(31,119,180)"},{"description":"Unknown/Left Blank","count":89,"tested":3408,"color":"rgb(44,160,44)"}]}
