{"age":[{"age_group":"<20","count":95,"tested":660},{"age_group":"20-29   ","count":178,"tested":1651},{"age_group":"30-39   ","count":160,"tested":1630},{"age_group":"40-49   ","count":138,"tested":1122},{"age_group":"50-59   ","count":119,"tested":1018},{"age_group":"60-69   ","count":72,"tested":824},{"age_group":"70-79   ","count":42,"tested":356},{"age_group":"80+","count":45,"tested":307}],"race":[{"description":"Other","count":52,"tested":227,"color":"rgb(148,103,189)"},{"description":"Left Blank","count":303,"tested":3992,"color":"rgb(44,160,44)"},{"description":"Hispanic","count":119,"tested":492,"color":"rgb(214,39,40)"},{"description":"White","count":191,"tested":1664,"color":"rgb(31,119,180)"},{"description":"Black","count":43,"tested":288,"color":"rgb(255,127,14)"},{"description":"Asian","count":96,"tested":863,"color":"rgb(140,86,75)"}],"gender":[{"description":"Male","count":347,"tested":3273,"color":"rgb(31,119,180)"},{"description":"Female","count":372,"tested":4218,"color":"rgb(255,127,14)"}]}
