{"age":[{"age_group":"<20","count":451,"tested":3274},{"age_group":"20-29   ","count":613,"tested":5462},{"age_group":"30-39   ","count":448,"tested":4453},{"age_group":"40-49   ","count":545,"tested":4105},{"age_group":"50-59   ","count":429,"tested":3855},{"age_group":"60-69   ","count":262,"tested":2204},{"age_group":"70-79   ","count":156,"tested":924},{"age_group":"80+","count":125,"tested":398}],"race":[{"description":"Other","count":171,"tested":1118,"color":"rgb(148,103,189)"},{"description":"Left Blank","count":754,"tested":10014,"color":"rgb(44,160,44)"},{"description":"White","count":664,"tested":6585,"color":"rgb(31,119,180)"},{"description":"Asian","count":226,"tested":1604,"color":"rgb(140,86,75)"},{"description":"Hispanic","count":659,"tested":2871,"color":"rgb(214,39,40)"},{"description":"Black","count":360,"tested":2441,"color":"rgb(255,127,14)"}],"gender":[{"description":"Female","count":1296,"tested":13944,"color":"rgb(255,127,14)"},{"description":"Male","count":1150,"tested":10545,"color":"rgb(31,119,180)"},{"description":"Unknown/Left Blank","count":103,"tested":190,"color":"rgb(44,160,44)"}]}
