{"age":[{"age_group":"<20","count":50,"tested":293},{"age_group":"20-29   ","count":41,"tested":253},{"age_group":"30-39   ","count":47,"tested":251},{"age_group":"40-49   ","count":44,"tested":169},{"age_group":"50-59   ","count":41,"tested":221},{"age_group":"60-69   ","count":32,"tested":200},{"age_group":"70-79   ","count":22,"tested":80},{"age_group":"80+","count":26,"tested":63}],"race":[{"description":"Hispanic","count":26,"tested":21,"color":"rgb(214,39,40)"},{"description":"Left Blank","count":74,"tested":555,"color":"rgb(44,160,44)"},{"description":"White","count":118,"tested":888,"color":"rgb(31,119,180)"}],"gender":[{"description":"Female","count":115,"tested":875,"color":"rgb(255,127,14)"},{"description":"Male","count":91,"tested":631,"color":"rgb(31,119,180)"}]}
