{"age":[{"age_group":"<20","count":401,"tested":2191},{"age_group":"20-29   ","count":513,"tested":2925},{"age_group":"30-39   ","count":414,"tested":2770},{"age_group":"40-49   ","count":439,"tested":2642},{"age_group":"50-59   ","count":444,"tested":2780},{"age_group":"60-69   ","count":279,"tested":1512},{"age_group":"70-79   ","count":210,"tested":830},{"age_group":"80+","count":179,"tested":443}],"race":[{"description":"Black","count":187,"tested":267,"color":"rgb(255,127,14)"},{"description":"Asian","count":211,"tested":394,"color":"rgb(140,86,75)"},{"description":"White","count":866,"tested":6308,"color":"rgb(31,119,180)"},{"description":"Other","count":195,"tested":258,"color":"rgb(148,103,189)"},{"description":"Left Blank","count":694,"tested":7728,"color":"rgb(44,160,44)"},{"description":"Hispanic","count":395,"tested":1110,"color":"rgb(214,39,40)"}],"gender":[{"description":"Female","count":970,"tested":9061,"color":"rgb(255,127,14)"},{"description":"Male","count":925,"tested":6944,"color":"rgb(31,119,180)"},{"description":"Unknown/Left Blank","count":169,"tested":91,"color":"rgb(44,160,44)"}]}
