{"age":[{"age_group":"<20","count":586,"tested":3327},{"age_group":"20-29   ","count":251,"tested":2011},{"age_group":"30-39   ","count":291,"tested":2074},{"age_group":"40-49   ","count":203,"tested":1637},{"age_group":"50-59   ","count":202,"tested":1764},{"age_group":"60-69   ","count":157,"tested":1721},{"age_group":"70-79   ","count":92,"tested":1550},{"age_group":"80+","count":136,"tested":4770}],"race":[{"description":"Left Blank","count":1105,"tested":12915,"color":"rgb(44,160,44)"},{"description":"Other","count":193,"tested":998,"color":"rgb(148,103,189)"},{"description":"White","count":329,"tested":3302,"color":"rgb(31,119,180)"},{"description":"Asian","count":143,"tested":1030,"color":"rgb(140,86,75)"},{"description":"Black","count":33,"tested":146,"color":"rgb(255,127,14)"},{"description":"Hispanic","count":70,"tested":402,"color":"rgb(214,39,40)"}],"gender":[{"description":"Male","count":903,"tested":7953,"color":"rgb(31,119,180)"},{"description":"Unknown/Left Blank","count":39,"tested":267,"color":"rgb(44,160,44)"},{"description":"Female","count":887,"tested":10641,"color":"rgb(255,127,14)"}]}
