{"age":[{"age_group":"<20","count":251,"tested":4015},{"age_group":"20-29   ","count":278,"tested":4545},{"age_group":"30-39   ","count":254,"tested":4607},{"age_group":"40-49   ","count":264,"tested":4662},{"age_group":"50-59   ","count":237,"tested":4432},{"age_group":"60-69   ","count":206,"tested":3615},{"age_group":"70-79   ","count":153,"tested":2594},{"age_group":"80+","count":135,"tested":1865}],"race":[{"description":"Other","count":118,"tested":1417,"color":"rgb(148,103,189)"},{"description":"Left Blank","count":371,"tested":11630,"color":"rgb(44,160,44)"},{"description":"Black","count":375,"tested":3686,"color":"rgb(255,127,14)"},{"description":"Asian","count":79,"tested":672,"color":"rgb(140,86,75)"},{"description":"Hispanic","count":162,"tested":1248,"color":"rgb(214,39,40)"},{"description":"White","count":577,"tested":11655,"color":"rgb(31,119,180)"}],"gender":[{"description":"Male","count":703,"tested":12283,"color":"rgb(31,119,180)"},{"description":"Unknown/Left Blank","count":64,"tested":558,"color":"rgb(44,160,44)"},{"description":"Female","count":776,"tested":17497,"color":"rgb(255,127,14)"}]}
