{"age":[{"age_group":"<20","count":225,"tested":2271},{"age_group":"20-29   ","count":222,"tested":2439},{"age_group":"30-39   ","count":192,"tested":1782},{"age_group":"40-49   ","count":205,"tested":2305},{"age_group":"50-59   ","count":243,"tested":2493},{"age_group":"60-69   ","count":110,"tested":1563},{"age_group":"70-79   ","count":74,"tested":753},{"age_group":"80+","count":47,"tested":323}],"race":[{"description":"Other","count":67,"tested":583,"color":"rgb(148,103,189)"},{"description":"Left Blank","count":254,"tested":4749,"color":"rgb(44,160,44)"},{"description":"Black","count":129,"tested":1035,"color":"rgb(255,127,14)"},{"description":"Asian","count":139,"tested":1184,"color":"rgb(140,86,75)"},{"description":"White","count":439,"tested":5306,"color":"rgb(31,119,180)"},{"description":"Hispanic","count":211,"tested":1060,"color":"rgb(214,39,40)"}],"gender":[{"description":"Female","count":576,"tested":7858,"color":"rgb(255,127,14)"},{"description":"Male","count":508,"tested":5993,"color":"rgb(31,119,180)"}]}
