{"age":[{"age_group":"<20","count":163,"tested":1534},{"age_group":"20-29   ","count":175,"tested":1657},{"age_group":"30-39   ","count":167,"tested":1646},{"age_group":"40-49   ","count":222,"tested":2052},{"age_group":"50-59   ","count":136,"tested":1492},{"age_group":"60-69   ","count":81,"tested":695},{"age_group":"70-79   ","count":48,"tested":339},{"age_group":"80+","count":40,"tested":105}],"race":[{"description":"White","count":249,"tested":2817,"color":"rgb(31,119,180)"},{"description":"Asian","count":84,"tested":747,"color":"rgb(140,86,75)"},{"description":"Hispanic","count":129,"tested":731,"color":"rgb(214,39,40)"},{"description":"Black","count":104,"tested":686,"color":"rgb(255,127,14)"},{"description":"Other","count":73,"tested":419,"color":"rgb(148,103,189)"},{"description":"Left Blank","count":324,"tested":4089,"color":"rgb(44,160,44)"}],"gender":[{"description":"Male","count":390,"tested":4173,"color":"rgb(31,119,180)"},{"description":"Female","count":438,"tested":5294,"color":"rgb(255,127,14)"}]}
