{"age":[{"age_group":"<20","count":613,"tested":3455},{"age_group":"20-29   ","count":698,"tested":5205},{"age_group":"30-39   ","count":589,"tested":4341},{"age_group":"40-49   ","count":597,"tested":4556},{"age_group":"50-59   ","count":616,"tested":5204},{"age_group":"60-69   ","count":455,"tested":4032},{"age_group":"70-79   ","count":374,"tested":2605},{"age_group":"80+","count":289,"tested":1926}],"race":[{"description":"Left Blank","count":914,"tested":10204,"color":"rgb(44,160,44)"},{"description":"Other","count":319,"tested":1158,"color":"rgb(148,103,189)"},{"description":"Hispanic","count":320,"tested":637,"color":"rgb(214,39,40)"},{"description":"Asian","count":221,"tested":324,"color":"rgb(140,86,75)"},{"description":"White","count":1634,"tested":16646,"color":"rgb(31,119,180)"},{"description":"Black","count":405,"tested":2322,"color":"rgb(255,127,14)"}],"gender":[{"description":"Male","count":1379,"tested":12321,"color":"rgb(31,119,180)"},{"description":"Female","count":1594,"tested":18906,"color":"rgb(255,127,14)"}]}
