{"age":[{"age_group":"<20","count":13,"tested":62},{"age_group":"20-29   ","count":13,"tested":53},{"age_group":"30-39   ","count":14,"tested":60},{"age_group":"40-49   ","count":13,"tested":71},{"age_group":"50-59   ","count":16,"tested":74},{"age_group":"60-69   ","count":20,"tested":118},{"age_group":"70-79   ","count":12,"tested":65}],"race":[{"description":"Left Blank","count":21,"tested":196,"color":"rgb(44,160,44)"},{"description":"White","count":56,"tested":311,"color":"rgb(31,119,180)"}],"gender":[{"description":"Male","count":42,"tested":235,"color":"rgb(31,119,180)"},{"description":"Female","count":33,"tested":288,"color":"rgb(255,127,14)"}]}
