{"age":[{"age_group":"<20","count":503,"tested":3754},{"age_group":"20-29   ","count":676,"tested":6759},{"age_group":"30-39   ","count":601,"tested":7265},{"age_group":"40-49   ","count":543,"tested":5361},{"age_group":"50-59   ","count":592,"tested":6717},{"age_group":"60-69   ","count":404,"tested":5455},{"age_group":"70-79   ","count":210,"tested":3227},{"age_group":"80+","count":227,"tested":5934}],"race":[{"description":"Left Blank","count":989,"tested":25561,"color":"rgb(44,160,44)"},{"description":"Other","count":195,"tested":1057,"color":"rgb(148,103,189)"},{"description":"White","count":1517,"tested":13706,"color":"rgb(31,119,180)"},{"description":"Hispanic","count":433,"tested":1498,"color":"rgb(214,39,40)"},{"description":"Asian","count":231,"tested":1526,"color":"rgb(140,86,75)"},{"description":"Black","count":211,"tested":1104,"color":"rgb(255,127,14)"},{"description":"NH/PI*","count":92,"tested":19,"color":"rgb(127,127,127)"}],"gender":[{"description":"Male","count":1526,"tested":17338,"color":"rgb(31,119,180)"},{"description":"Unknown/Left Blank","count":110,"tested":879,"color":"rgb(44,160,44)"},{"description":"Female","count":1690,"tested":26285,"color":"rgb(255,127,14)"}]}
