{"age":[{"age_group":"<20","count":60,"tested":176},{"age_group":"20-29   ","count":46,"tested":266},{"age_group":"30-39   ","count":50,"tested":299},{"age_group":"40-49   ","count":57,"tested":213},{"age_group":"50-59   ","count":64,"tested":361},{"age_group":"60-69   ","count":46,"tested":342},{"age_group":"70-79   ","count":38,"tested":169},{"age_group":"80+","count":33,"tested":97}],"race":[{"description":"White","count":124,"tested":1005,"color":"rgb(31,119,180)"},{"description":"Hispanic","count":41,"tested":73,"color":"rgb(214,39,40)"},{"description":"Left Blank","count":86,"tested":699,"color":"rgb(44,160,44)"}],"gender":[{"description":"Female","count":113,"tested":1050,"color":"rgb(255,127,14)"},{"description":"Male","count":116,"tested":862,"color":"rgb(31,119,180)"}]}
