{"age":[{"age_group":"<20","count":904,"tested":4441},{"age_group":"20-29   ","count":1069,"tested":6099},{"age_group":"30-39   ","count":866,"tested":5179},{"age_group":"40-49   ","count":946,"tested":5613},{"age_group":"50-59   ","count":925,"tested":5758},{"age_group":"60-69   ","count":565,"tested":2510},{"age_group":"70-79   ","count":415,"tested":1152},{"age_group":"80+","count":363,"tested":466}],"race":[{"description":"Other","count":480,"tested":1377,"color":"rgb(148,103,189)"},{"description":"Hispanic","count":913,"tested":3180,"color":"rgb(214,39,40)"},{"description":"White","count":1416,"tested":10937,"color":"rgb(31,119,180)"},{"description":"Asian","count":370,"tested":512,"color":"rgb(140,86,75)"},{"description":"Left Blank","count":1645,"tested":13132,"color":"rgb(44,160,44)"},{"description":"Black","count":559,"tested":2004,"color":"rgb(255,127,14)"},{"description":"AI/AN**","count":339,"tested":48,"color":"rgb(31,119,180)"}],"gender":[{"description":"Male","count":1898,"tested":13175,"color":"rgb(31,119,180)"},{"description":"Unknown/Left Blank","count":354,"tested":253,"color":"rgb(44,160,44)"},{"description":"Female","count":2146,"tested":17792,"color":"rgb(255,127,14)"}]}
