{"age":[{"age_group":"<20","count":33,"tested":108},{"age_group":"20-29   ","count":34,"tested":152},{"age_group":"30-39   ","count":29,"tested":135},{"age_group":"40-49   ","count":29,"tested":168},{"age_group":"50-59   ","count":28,"tested":111},{"age_group":"60-69   ","count":34,"tested":97},{"age_group":"70-79   ","count":32,"tested":73},{"age_group":"80+","count":44,"tested":85}],"race":[{"description":"White","count":88,"tested":599,"color":"rgb(31,119,180)"},{"description":"Left Blank","count":61,"tested":297,"color":"rgb(44,160,44)"}],"gender":[{"description":"Male","count":70,"tested":343,"color":"rgb(31,119,180)"},{"description":"Female","count":85,"tested":566,"color":"rgb(255,127,14)"}]}
