{"age":[{"age_group":"<20","count":96,"tested":1547},{"age_group":"20-29   ","count":80,"tested":1113},{"age_group":"30-39   ","count":47,"tested":793},{"age_group":"40-49   ","count":68,"tested":948},{"age_group":"50-59   ","count":81,"tested":1196},{"age_group":"60-69   ","count":52,"tested":865},{"age_group":"70-79   ","count":40,"tested":479},{"age_group":"80+","count":35,"tested":200}],"race":[{"description":"Other","count":66,"tested":677,"color":"rgb(148,103,189)"},{"description":"Left Blank","count":104,"tested":3004,"color":"rgb(44,160,44)"},{"description":"Hispanic","count":40,"tested":90,"color":"rgb(214,39,40)"},{"description":"White","count":169,"tested":3216,"color":"rgb(31,119,180)"}],"gender":[{"description":"Female","count":156,"tested":3591,"color":"rgb(255,127,14)"},{"description":"Male","count":173,"tested":3519,"color":"rgb(31,119,180)"}]}
