{"age":[{"age_group":"<20","count":209,"tested":1857},{"age_group":"20-29   ","count":144,"tested":1016},{"age_group":"30-39   ","count":120,"tested":1141},{"age_group":"40-49   ","count":201,"tested":1399},{"age_group":"50-59   ","count":172,"tested":1177},{"age_group":"60-69   ","count":117,"tested":1008},{"age_group":"70-79   ","count":80,"tested":713},{"age_group":"80+","count":52,"tested":486}],"race":[{"description":"Other","count":47,"tested":119,"color":"rgb(148,103,189)"},{"description":"Black","count":31,"tested":89,"color":"rgb(255,127,14)"},{"description":"White","count":650,"tested":5107,"color":"rgb(31,119,180)"},{"description":"Hispanic","count":62,"tested":169,"color":"rgb(214,39,40)"},{"description":"Left Blank","count":226,"tested":3262,"color":"rgb(44,160,44)"}],"gender":[{"description":"Male","count":457,"tested":3648,"color":"rgb(31,119,180)"},{"description":"Female","count":486,"tested":5078,"color":"rgb(255,127,14)"}]}
