{"age":[{"age_group":"<20","count":164,"tested":1044},{"age_group":"20-29   ","count":163,"tested":1128},{"age_group":"30-39   ","count":199,"tested":1160},{"age_group":"40-49   ","count":175,"tested":1000},{"age_group":"50-59   ","count":187,"tested":1094},{"age_group":"60-69   ","count":144,"tested":986},{"age_group":"70-79   ","count":103,"tested":668},{"age_group":"80+","count":88,"tested":438}],"race":[{"description":"White","count":417,"tested":3870,"color":"rgb(31,119,180)"},{"description":"Hispanic","count":202,"tested":606,"color":"rgb(214,39,40)"},{"description":"Left Blank","count":297,"tested":2857,"color":"rgb(44,160,44)"},{"description":"Other","count":68,"tested":112,"color":"rgb(148,103,189)"}],"gender":[{"description":"Female","count":462,"tested":4377,"color":"rgb(255,127,14)"},{"description":"Male","count":412,"tested":3057,"color":"rgb(31,119,180)"}]}
