{"age":[{"age_group":"<20","count":14,"tested":72},{"age_group":"30-39   ","count":15,"tested":68},{"age_group":"40-49   ","count":17,"tested":65},{"age_group":"50-59   ","count":22,"tested":78},{"age_group":"60-69   ","count":14,"tested":80}],"race":[{"description":"Left Blank","count":31,"tested":225,"color":"rgb(44,160,44)"},{"description":"White","count":41,"tested":248,"color":"rgb(31,119,180)"}],"gender":[{"description":"Female","count":36,"tested":323,"color":"rgb(255,127,14)"},{"description":"Male","count":37,"tested":161,"color":"rgb(31,119,180)"}]}
