{"age":[{"age_group":"<20","count":132,"tested":1520},{"age_group":"20-29   ","count":113,"tested":1536},{"age_group":"30-39   ","count":91,"tested":1550},{"age_group":"40-49   ","count":127,"tested":1746},{"age_group":"50-59   ","count":119,"tested":2177},{"age_group":"60-69   ","count":90,"tested":2270},{"age_group":"70-79   ","count":72,"tested":1786},{"age_group":"80+","count":112,"tested":3473}],"race":[{"description":"Other","count":107,"tested":770,"color":"rgb(148,103,189)"},{"description":"Asian","count":79,"tested":1100,"color":"rgb(140,86,75)"},{"description":"Black","count":29,"tested":361,"color":"rgb(255,127,14)"},{"description":"Hispanic","count":63,"tested":561,"color":"rgb(214,39,40)"},{"description":"White","count":334,"tested":6798,"color":"rgb(31,119,180)"},{"description":"Left Blank","count":209,"tested":6406,"color":"rgb(44,160,44)"}],"gender":[{"description":"Female","count":381,"tested":8149,"color":"rgb(255,127,14)"},{"description":"Male","count":354,"tested":5606,"color":"rgb(31,119,180)"},{"description":"Unknown/Left Blank","count":36,"tested":2320,"color":"rgb(44,160,44)"}]}
