{"age":[{"age_group":"<20","count":543,"tested":3107},{"age_group":"20-29   ","count":791,"tested":6155},{"age_group":"30-39   ","count":696,"tested":5389},{"age_group":"40-49   ","count":642,"tested":4561},{"age_group":"50-59   ","count":704,"tested":5416},{"age_group":"60-69   ","count":433,"tested":3626},{"age_group":"70-79   ","count":253,"tested":1795},{"age_group":"80+","count":203,"tested":1480}],"race":[{"description":"Other","count":192,"tested":773,"color":"rgb(148,103,189)"},{"description":"AI/AN**","count":110,"tested":18,"color":"rgb(31,119,180)"},{"description":"NH/PI*","count":112,"tested":62,"color":"rgb(127,127,127)"},{"description":"Black","count":192,"tested":734,"color":"rgb(255,127,14)"},{"description":"Asian","count":312,"tested":1723,"color":"rgb(140,86,75)"},{"description":"Left Blank","count":1591,"tested":20381,"color":"rgb(44,160,44)"},{"description":"White","count":685,"tested":4292,"color":"rgb(31,119,180)"},{"description":"Hispanic","count":1071,"tested":3564,"color":"rgb(214,39,40)"}],"gender":[{"description":"Unknown/Left Blank","count":123,"tested":930,"color":"rgb(44,160,44)"},{"description":"Female","count":1924,"tested":17926,"color":"rgb(255,127,14)"},{"description":"Male","count":1728,"tested":12691,"color":"rgb(31,119,180)"}]}
