{"age":[{"age_group":"<20","count":48,"tested":231},{"age_group":"20-29   ","count":63,"tested":242},{"age_group":"30-39   ","count":43,"tested":229},{"age_group":"40-49   ","count":55,"tested":236},{"age_group":"50-59   ","count":46,"tested":175},{"age_group":"60-69   ","count":41,"tested":108}],"race":[{"description":"Left Blank","count":41,"tested":515,"color":"rgb(44,160,44)"},{"description":"Hispanic","count":86,"tested":249,"color":"rgb(214,39,40)"},{"description":"White","count":102,"tested":547,"color":"rgb(31,119,180)"}],"gender":[{"description":"Female","count":111,"tested":787,"color":"rgb(255,127,14)"},{"description":"Male","count":94,"tested":545,"color":"rgb(31,119,180)"}]}
