{"age":[{"age_group":"<20","count":654,"tested":3997},{"age_group":"20-29   ","count":756,"tested":8107},{"age_group":"30-39   ","count":754,"tested":8510},{"age_group":"40-49   ","count":701,"tested":8200},{"age_group":"50-59   ","count":669,"tested":8675},{"age_group":"60-69   ","count":545,"tested":7409},{"age_group":"70-79   ","count":354,"tested":3764},{"age_group":"80+","count":321,"tested":3498}],"race":[{"description":"Other","count":203,"tested":1703,"color":"rgb(148,103,189)"},{"description":"Left Blank","count":922,"tested":11292,"color":"rgb(44,160,44)"},{"description":"Black","count":937,"tested":14298,"color":"rgb(255,127,14)"},{"description":"Hispanic","count":733,"tested":2564,"color":"rgb(214,39,40)"},{"description":"Asian","count":129,"tested":234,"color":"rgb(140,86,75)"},{"description":"White","count":1585,"tested":22007,"color":"rgb(31,119,180)"}],"gender":[{"description":"Unknown/Left Blank","count":135,"tested":377,"color":"rgb(44,160,44)"},{"description":"Male","count":1829,"tested":19746,"color":"rgb(31,119,180)"},{"description":"Female","count":2180,"tested":32053,"color":"rgb(255,127,14)"}]}
