{"age":[{"age_group":"<20","count":532,"tested":4800},{"age_group":"20-29   ","count":703,"tested":6079},{"age_group":"30-39   ","count":661,"tested":5917},{"age_group":"40-49   ","count":669,"tested":5398},{"age_group":"50-59   ","count":651,"tested":5972},{"age_group":"60-69   ","count":478,"tested":4960},{"age_group":"70-79   ","count":269,"tested":2633},{"age_group":"80+","count":198,"tested":1793}],"race":[{"description":"AI/AN**","count":99,"tested":53,"color":"rgb(31,119,180)"},{"description":"NH/PI*","count":100,"tested":77,"color":"rgb(127,127,127)"},{"description":"Asian","count":356,"tested":2750,"color":"rgb(140,86,75)"},{"description":"Black","count":165,"tested":697,"color":"rgb(255,127,14)"},{"description":"Hispanic","count":754,"tested":2911,"color":"rgb(214,39,40)"},{"description":"White","count":1495,"tested":15319,"color":"rgb(31,119,180)"},{"description":"Other","count":311,"tested":1521,"color":"rgb(148,103,189)"},{"description":"Left Blank","count":881,"tested":14235,"color":"rgb(44,160,44)"}],"gender":[{"description":"Female","count":1811,"tested":20896,"color":"rgb(255,127,14)"},{"description":"Unknown/Left Blank","count":109,"tested":544,"color":"rgb(44,160,44)"},{"description":"Male","count":1776,"tested":16123,"color":"rgb(31,119,180)"}]}
