{"age":[{"age_group":"20-29   ","count":13,"tested":108},{"age_group":"40-49   ","count":13,"tested":167},{"age_group":"50-59   ","count":12,"tested":99},{"age_group":"60-69   ","count":12,"tested":100}],"race":[{"description":"Hispanic","count":15,"tested":42,"color":"rgb(214,39,40)"},{"description":"White","count":29,"tested":533,"color":"rgb(31,119,180)"}],"gender":[{"description":"Male","count":25,"tested":306,"color":"rgb(31,119,180)"},{"description":"Female","count":24,"tested":425,"color":"rgb(255,127,14)"}]}
