{"age":[{"age_group":"<20","count":402,"tested":2081},{"age_group":"20-29   ","count":386,"tested":1945},{"age_group":"30-39   ","count":374,"tested":2433},{"age_group":"40-49   ","count":410,"tested":2542},{"age_group":"50-59   ","count":410,"tested":2298},{"age_group":"60-69   ","count":305,"tested":2012},{"age_group":"70-79   ","count":261,"tested":1483},{"age_group":"80+","count":228,"tested":982}],"race":[{"description":"Black","count":188,"tested":211,"color":"rgb(255,127,14)"},{"description":"Asian","count":272,"tested":902,"color":"rgb(140,86,75)"},{"description":"Hispanic","count":338,"tested":865,"color":"rgb(214,39,40)"},{"description":"Left Blank","count":684,"tested":7496,"color":"rgb(44,160,44)"},{"description":"White","count":747,"tested":5961,"color":"rgb(31,119,180)"},{"description":"Other","count":217,"tested":321,"color":"rgb(148,103,189)"}],"gender":[{"description":"Female","count":934,"tested":8728,"color":"rgb(255,127,14)"},{"description":"Male","count":856,"tested":6859,"color":"rgb(31,119,180)"},{"description":"Unknown/Left Blank","count":172,"tested":194,"color":"rgb(44,160,44)"}]}
