{"lastUpdatedDate":{"year":2021,"month":7,"day":8},"county_demographics":[{"County":"Pulaski","confirmed_cases":704,"total_tested":7513,"demographics":{"age":[{"race":[],"age_group":"<20","count":89,"tested":658,"deaths":0},{"race":[],"age_group":"20-29   ","count":127,"tested":1284,"deaths":0},{"race":[],"age_group":"30-39   ","count":115,"tested":1528,"deaths":0},{"race":[],"age_group":"40-49   ","count":124,"tested":1487,"deaths":0},{"race":[],"age_group":"50-59   ","count":78,"tested":1365,"deaths":0},{"race":[],"age_group":"60-69   ","count":86,"tested":716,"deaths":0},{"race":[],"age_group":"70-79   ","count":40,"tested":321,"deaths":0},{"race":[],"age_group":"80+","count":20,"tested":154,"deaths":0}],"race":[{"description":"AI/AN**","count":0,"tested":7,"deaths":0,"color":"rgb(31,119,180)"},{"description":"Asian","count":0,"tested":10,"deaths":0,"color":"rgb(140,86,75)"},{"description":"Black","count":110,"tested":1544,"deaths":0,"color":"rgb(255,127,14)"},{"description":"Hispanic","count":105,"tested":805,"deaths":0,"color":"rgb(214,39,40)"},{"description":"Left Blank","count":156,"tested":2220,"deaths":0,"color":"rgb(44,160,44)"},{"description":"NH/PI*","count":0,"tested":0,"deaths":0,"color":"rgb(127,127,127)"},{"description":"Other","count":0,"tested":132,"deaths":0,"color":"rgb(148,103,189)"},{"description":"White","count":327,"tested":2793,"deaths":0,"color":"rgb(31,119,180)"}],"gender":[{"description":"Female","count":318,"tested":3657,"deaths":0,"color":"rgb(255,127,14)"},{"description":"Male","count":357,"tested":3239,"deaths":0,"color":"rgb(31,119,180)"},{"description":"Unknown/Left Blank","count":29,"tested":617,"deaths":0,"color":"rgb(44,160,44)"}]}}]}
