{"lastUpdatedDate":{"year":2021,"month":7,"day":8},"county_demographics":[{"County":"McDonough","confirmed_cases":2971,"total_tested":57489,"demographics":{"age":[{"race":[],"age_group":"<20","count":567,"tested":8991,"deaths":0},{"race":[],"age_group":"20-29   ","count":789,"tested":13976,"deaths":0},{"race":[],"age_group":"30-39   ","count":350,"tested":7901,"deaths":0},{"race":[],"age_group":"40-49   ","count":335,"tested":6188,"deaths":0},{"race":[],"age_group":"50-59   ","count":302,"tested":6307,"deaths":0},{"race":[],"age_group":"60-69   ","count":291,"tested":5810,"deaths":0},{"race":[],"age_group":"70-79   ","count":184,"tested":3767,"deaths":0},{"race":[],"age_group":"80+","count":152,"tested":4541,"deaths":0},{"race":[],"age_group":"Unknown","count":0,"tested":8,"deaths":0}],"race":[{"description":"AI/AN**","count":0,"tested":88,"deaths":0,"color":"rgb(31,119,180)"},{"description":"Asian","count":43,"tested":514,"deaths":0,"color":"rgb(140,86,75)"},{"description":"Black","count":213,"tested":3693,"deaths":0,"color":"rgb(255,127,14)"},{"description":"Hispanic","count":106,"tested":1239,"deaths":0,"color":"rgb(214,39,40)"},{"description":"Left Blank","count":293,"tested":16103,"deaths":0,"color":"rgb(44,160,44)"},{"description":"NH/PI*","count":0,"tested":47,"deaths":0,"color":"rgb(127,127,127)"},{"description":"Other","count":24,"tested":733,"deaths":0,"color":"rgb(148,103,189)"},{"description":"White","count":2274,"tested":35072,"deaths":0,"color":"rgb(31,119,180)"}],"gender":[{"description":"Female","count":1566,"tested":34376,"deaths":0,"color":"rgb(255,127,14)"},{"description":"Male","count":1369,"tested":21804,"deaths":0,"color":"rgb(31,119,180)"},{"description":"Unknown/Left Blank","count":36,"tested":1309,"deaths":0,"color":"rgb(44,160,44)"}]}}]}
