{"lastUpdatedDate":{"year":2021,"month":7,"day":8},"county_demographics":[{"County":"Chicago","confirmed_cases":286356,"total_tested":4927573,"demographics":{"age":[{"race":[],"age_group":"<20","count":39361,"tested":538093,"deaths":0},{"race":[],"age_group":"20-29   ","count":62638,"tested":1129234,"deaths":0},{"race":[],"age_group":"30-39   ","count":56351,"tested":979899,"deaths":0},{"race":[],"age_group":"40-49   ","count":45001,"tested":673493,"deaths":0},{"race":[],"age_group":"50-59   ","count":37859,"tested":638910,"deaths":0},{"race":[],"age_group":"60-69   ","count":25085,"tested":519644,"deaths":0},{"race":[],"age_group":"70-79   ","count":12308,"tested":268134,"deaths":0},{"race":[],"age_group":"80+","count":7748,"tested":177230,"deaths":0},{"race":[],"age_group":"Unknown","count":0,"tested":2936,"deaths":0}],"race":[{"description":"AI/AN**","count":380,"tested":5928,"deaths":0,"color":"rgb(31,119,180)"},{"description":"Asian","count":7541,"tested":184724,"deaths":0,"color":"rgb(140,86,75)"},{"description":"Black","count":53228,"tested":760701,"deaths":0,"color":"rgb(255,127,14)"},{"description":"Hispanic","count":93381,"tested":626032,"deaths":0,"color":"rgb(214,39,40)"},{"description":"Left Blank","count":66287,"tested":2111631,"deaths":0,"color":"rgb(44,160,44)"},{"description":"NH/PI*","count":265,"tested":5035,"deaths":0,"color":"rgb(127,127,127)"},{"description":"Other","count":12603,"tested":186930,"deaths":0,"color":"rgb(148,103,189)"},{"description":"White","count":52671,"tested":1046592,"deaths":0,"color":"rgb(31,119,180)"}],"gender":[{"description":"Female","count":146050,"tested":2600242,"deaths":0,"color":"rgb(255,127,14)"},{"description":"Male","count":136534,"tested":2196237,"deaths":0,"color":"rgb(31,119,180)"},{"description":"Unknown/Left Blank","count":3772,"tested":131094,"deaths":0,"color":"rgb(44,160,44)"}]}}]}
