{"lastUpdatedDate":{"year":2021,"month":7,"day":8},"county_demographics":[{"County":"Henderson","confirmed_cases":530,"total_tested":7763,"demographics":{"age":[{"race":[],"age_group":"<20","count":52,"tested":998,"deaths":0},{"race":[],"age_group":"20-29   ","count":57,"tested":818,"deaths":0},{"race":[],"age_group":"30-39   ","count":76,"tested":1178,"deaths":0},{"race":[],"age_group":"40-49   ","count":74,"tested":922,"deaths":0},{"race":[],"age_group":"50-59   ","count":91,"tested":1148,"deaths":0},{"race":[],"age_group":"60-69   ","count":86,"tested":1047,"deaths":0},{"race":[],"age_group":"70-79   ","count":35,"tested":840,"deaths":0},{"race":[],"age_group":"80+","count":44,"tested":811,"deaths":0},{"race":[],"age_group":"Unknown","count":0,"tested":0,"deaths":0}],"race":[{"description":"AI/AN**","count":0,"tested":0,"deaths":0,"color":"rgb(31,119,180)"},{"description":"Asian","count":0,"tested":0,"deaths":0,"color":"rgb(140,86,75)"},{"description":"Black","count":0,"tested":0,"deaths":0,"color":"rgb(255,127,14)"},{"description":"Hispanic","count":0,"tested":33,"deaths":0,"color":"rgb(214,39,40)"},{"description":"Left Blank","count":165,"tested":2194,"deaths":0,"color":"rgb(44,160,44)"},{"description":"Other","count":0,"tested":40,"deaths":0,"color":"rgb(148,103,189)"},{"description":"White","count":360,"tested":5487,"deaths":0,"color":"rgb(31,119,180)"}],"gender":[{"description":"Female","count":303,"tested":5268,"deaths":0,"color":"rgb(255,127,14)"},{"description":"Male","count":212,"tested":2286,"deaths":0,"color":"rgb(31,119,180)"},{"description":"Unknown/Left Blank","count":13,"tested":209,"deaths":0,"color":"rgb(44,160,44)"}]}}]}
