{"lastUpdatedDate":{"year":2021,"month":7,"day":8},"county_demographics":[{"County":"Peoria","confirmed_cases":23494,"total_tested":369947,"demographics":{"age":[{"race":[],"age_group":"<20","count":4793,"tested":72943,"deaths":0},{"race":[],"age_group":"20-29   ","count":4288,"tested":62710,"deaths":0},{"race":[],"age_group":"30-39   ","count":3652,"tested":55215,"deaths":0},{"race":[],"age_group":"40-49   ","count":3286,"tested":46899,"deaths":0},{"race":[],"age_group":"50-59   ","count":3226,"tested":47412,"deaths":0},{"race":[],"age_group":"60-69   ","count":2315,"tested":39574,"deaths":0},{"race":[],"age_group":"70-79   ","count":1160,"tested":23462,"deaths":0},{"race":[],"age_group":"80+","count":774,"tested":21444,"deaths":0},{"race":[],"age_group":"Unknown","count":0,"tested":288,"deaths":0}],"race":[{"description":"AI/AN**","count":21,"tested":278,"deaths":0,"color":"rgb(31,119,180)"},{"description":"Asian","count":339,"tested":3262,"deaths":0,"color":"rgb(140,86,75)"},{"description":"Black","count":5126,"tested":35420,"deaths":0,"color":"rgb(255,127,14)"},{"description":"Hispanic","count":1418,"tested":5951,"deaths":0,"color":"rgb(214,39,40)"},{"description":"Left Blank","count":1579,"tested":191474,"deaths":0,"color":"rgb(44,160,44)"},{"description":"NH/PI*","count":19,"tested":216,"deaths":0,"color":"rgb(127,127,127)"},{"description":"Other","count":567,"tested":12972,"deaths":0,"color":"rgb(148,103,189)"},{"description":"White","count":14419,"tested":120374,"deaths":0,"color":"rgb(31,119,180)"}],"gender":[{"description":"Female","count":12632,"tested":207776,"deaths":0,"color":"rgb(255,127,14)"},{"description":"Male","count":10680,"tested":147822,"deaths":0,"color":"rgb(31,119,180)"},{"description":"Unknown/Left Blank","count":180,"tested":14349,"deaths":0,"color":"rgb(44,160,44)"}]}}]}
