{"lastUpdatedDate":{"year":2021,"month":7,"day":8},"county_demographics":[{"County":"Alexander","confirmed_cases":475,"total_tested":6478,"demographics":{"age":[{"race":[],"age_group":"<20","count":42,"tested":441,"deaths":0},{"race":[],"age_group":"20-29   ","count":47,"tested":928,"deaths":0},{"race":[],"age_group":"30-39   ","count":76,"tested":900,"deaths":0},{"race":[],"age_group":"40-49   ","count":56,"tested":1067,"deaths":0},{"race":[],"age_group":"50-59   ","count":80,"tested":1436,"deaths":0},{"race":[],"age_group":"60-69   ","count":85,"tested":1101,"deaths":0},{"race":[],"age_group":"70-79   ","count":56,"tested":378,"deaths":0},{"race":[],"age_group":"80+","count":16,"tested":227,"deaths":0},{"race":[],"age_group":"Unknown","count":0,"tested":0,"deaths":0}],"race":[{"description":"AI/AN**","count":0,"tested":0,"deaths":0,"color":"rgb(31,119,180)"},{"description":"Asian","count":0,"tested":0,"deaths":0,"color":"rgb(140,86,75)"},{"description":"Black","count":128,"tested":1592,"deaths":0,"color":"rgb(255,127,14)"},{"description":"Hispanic","count":0,"tested":21,"deaths":0,"color":"rgb(214,39,40)"},{"description":"Left Blank","count":138,"tested":2535,"deaths":0,"color":"rgb(44,160,44)"},{"description":"NH/PI*","count":0,"tested":0,"deaths":0,"color":"rgb(127,127,127)"},{"description":"Other","count":0,"tested":36,"deaths":0,"color":"rgb(148,103,189)"},{"description":"White","count":204,"tested":2288,"deaths":0,"color":"rgb(31,119,180)"}],"gender":[{"description":"Female","count":279,"tested":3801,"deaths":0,"color":"rgb(255,127,14)"},{"description":"Male","count":188,"tested":2127,"deaths":0,"color":"rgb(31,119,180)"},{"description":"Unknown/Left Blank","count":8,"tested":550,"deaths":0,"color":"rgb(44,160,44)"}]}}]}
