{"lastUpdatedDate":{"year":2021,"month":7,"day":8},"county_demographics":[{"County":"Randolph","confirmed_cases":4200,"total_tested":66827,"demographics":{"age":[{"race":[],"age_group":"<20","count":630,"tested":5955,"deaths":0},{"race":[],"age_group":"20-29   ","count":678,"tested":10087,"deaths":0},{"race":[],"age_group":"30-39   ","count":657,"tested":12309,"deaths":0},{"race":[],"age_group":"40-49   ","count":632,"tested":12134,"deaths":0},{"race":[],"age_group":"50-59   ","count":585,"tested":9598,"deaths":0},{"race":[],"age_group":"60-69   ","count":480,"tested":6513,"deaths":0},{"race":[],"age_group":"70-79   ","count":252,"tested":3743,"deaths":0},{"race":[],"age_group":"80+","count":286,"tested":6458,"deaths":0},{"race":[],"age_group":"Unknown","count":0,"tested":30,"deaths":0}],"race":[{"description":"AI/AN**","count":0,"tested":12,"deaths":0,"color":"rgb(31,119,180)"},{"description":"Asian","count":0,"tested":61,"deaths":0,"color":"rgb(140,86,75)"},{"description":"Black","count":218,"tested":2961,"deaths":0,"color":"rgb(255,127,14)"},{"description":"Hispanic","count":137,"tested":580,"deaths":0,"color":"rgb(214,39,40)"},{"description":"Left Blank","count":1367,"tested":30554,"deaths":0,"color":"rgb(44,160,44)"},{"description":"NH/PI*","count":0,"tested":26,"deaths":0,"color":"rgb(127,127,127)"},{"description":"Other","count":17,"tested":440,"deaths":0,"color":"rgb(148,103,189)"},{"description":"White","count":2454,"tested":32193,"deaths":0,"color":"rgb(31,119,180)"}],"gender":[{"description":"Female","count":2156,"tested":34776,"deaths":0,"color":"rgb(255,127,14)"},{"description":"Male","count":1957,"tested":26157,"deaths":0,"color":"rgb(31,119,180)"},{"description":"Unknown/Left Blank","count":84,"tested":5894,"deaths":0,"color":"rgb(44,160,44)"}]}}]}
