{"lastUpdatedDate":{"year":2021,"month":7,"day":8},"county_demographics":[{"County":"Douglas","confirmed_cases":2613,"total_tested":36653,"demographics":{"age":[{"race":[],"age_group":"<20","count":540,"tested":7734,"deaths":0},{"race":[],"age_group":"20-29   ","count":403,"tested":5519,"deaths":0},{"race":[],"age_group":"30-39   ","count":353,"tested":4592,"deaths":0},{"race":[],"age_group":"40-49   ","count":366,"tested":4679,"deaths":0},{"race":[],"age_group":"50-59   ","count":354,"tested":3975,"deaths":0},{"race":[],"age_group":"60-69   ","count":315,"tested":4403,"deaths":0},{"race":[],"age_group":"70-79   ","count":149,"tested":2656,"deaths":0},{"race":[],"age_group":"80+","count":128,"tested":2940,"deaths":0},{"race":[],"age_group":"Unknown","count":0,"tested":155,"deaths":0}],"race":[{"description":"AI/AN**","count":0,"tested":19,"deaths":0,"color":"rgb(31,119,180)"},{"description":"Asian","count":10,"tested":102,"deaths":0,"color":"rgb(140,86,75)"},{"description":"Black","count":7,"tested":230,"deaths":0,"color":"rgb(255,127,14)"},{"description":"Hispanic","count":313,"tested":2012,"deaths":0,"color":"rgb(214,39,40)"},{"description":"Left Blank","count":397,"tested":6221,"deaths":0,"color":"rgb(44,160,44)"},{"description":"NH/PI*","count":0,"tested":32,"deaths":0,"color":"rgb(127,127,127)"},{"description":"Other","count":72,"tested":889,"deaths":0,"color":"rgb(148,103,189)"},{"description":"White","count":1812,"tested":27148,"deaths":0,"color":"rgb(31,119,180)"}],"gender":[{"description":"Female","count":1311,"tested":21669,"deaths":0,"color":"rgb(255,127,14)"},{"description":"Male","count":1283,"tested":14717,"deaths":0,"color":"rgb(31,119,180)"},{"description":"Unknown/Left Blank","count":16,"tested":267,"deaths":0,"color":"rgb(44,160,44)"}]}}]}
