{"lastUpdatedDate":{"year":2021,"month":7,"day":8},"county_demographics":[{"County":"Rock Island","confirmed_cases":15266,"total_tested":230113,"demographics":{"age":[{"race":[],"age_group":"<20","count":2199,"tested":28290,"deaths":0},{"race":[],"age_group":"20-29   ","count":2572,"tested":33382,"deaths":0},{"race":[],"age_group":"30-39   ","count":2421,"tested":35655,"deaths":0},{"race":[],"age_group":"40-49   ","count":2254,"tested":33512,"deaths":0},{"race":[],"age_group":"50-59   ","count":2145,"tested":31808,"deaths":0},{"race":[],"age_group":"60-69   ","count":1804,"tested":28765,"deaths":0},{"race":[],"age_group":"70-79   ","count":1018,"tested":18072,"deaths":0},{"race":[],"age_group":"80+","count":853,"tested":18990,"deaths":0},{"race":[],"age_group":"Unknown","count":0,"tested":1639,"deaths":0}],"race":[{"description":"AI/AN**","count":11,"tested":96,"deaths":0,"color":"rgb(31,119,180)"},{"description":"Asian","count":176,"tested":1455,"deaths":0,"color":"rgb(140,86,75)"},{"description":"Black","count":1112,"tested":13669,"deaths":0,"color":"rgb(255,127,14)"},{"description":"Hispanic","count":1396,"tested":9385,"deaths":0,"color":"rgb(214,39,40)"},{"description":"Left Blank","count":6428,"tested":122439,"deaths":0,"color":"rgb(44,160,44)"},{"description":"NH/PI*","count":13,"tested":97,"deaths":0,"color":"rgb(127,127,127)"},{"description":"Other","count":403,"tested":7574,"deaths":0,"color":"rgb(148,103,189)"},{"description":"White","count":5726,"tested":75398,"deaths":0,"color":"rgb(31,119,180)"}],"gender":[{"description":"Female","count":8031,"tested":121504,"deaths":0,"color":"rgb(255,127,14)"},{"description":"Male","count":7176,"tested":94498,"deaths":0,"color":"rgb(31,119,180)"},{"description":"Unknown/Left Blank","count":59,"tested":14111,"deaths":0,"color":"rgb(44,160,44)"}]}}]}
