{"lastUpdatedDate":{"year":2021,"month":7,"day":8},"county_demographics":[{"County":"Out Of State","confirmed_cases":4,"total_tested":170451,"demographics":{"age":[{"race":[],"age_group":"<20","count":0,"tested":36553,"deaths":0},{"race":[],"age_group":"20-29   ","count":0,"tested":40695,"deaths":0},{"race":[],"age_group":"30-39   ","count":0,"tested":23997,"deaths":0},{"race":[],"age_group":"40-49   ","count":0,"tested":19165,"deaths":0},{"race":[],"age_group":"50-59   ","count":0,"tested":21106,"deaths":0},{"race":[],"age_group":"60-69   ","count":0,"tested":15509,"deaths":0},{"race":[],"age_group":"70-79   ","count":0,"tested":8708,"deaths":0},{"race":[],"age_group":"80+","count":0,"tested":4673,"deaths":0},{"race":[],"age_group":"Unknown","count":0,"tested":45,"deaths":0}],"race":[{"description":"AI/AN**","count":0,"tested":267,"deaths":0,"color":"rgb(31,119,180)"},{"description":"Asian","count":0,"tested":4027,"deaths":0,"color":"rgb(140,86,75)"},{"description":"Black","count":0,"tested":13164,"deaths":0,"color":"rgb(255,127,14)"},{"description":"Hispanic","count":0,"tested":7672,"deaths":0,"color":"rgb(214,39,40)"},{"description":"Left Blank","count":0,"tested":62060,"deaths":0,"color":"rgb(44,160,44)"},{"description":"NH/PI*","count":0,"tested":324,"deaths":0,"color":"rgb(127,127,127)"},{"description":"Other","count":0,"tested":7005,"deaths":0,"color":"rgb(148,103,189)"},{"description":"White","count":0,"tested":75932,"deaths":0,"color":"rgb(31,119,180)"}],"gender":[{"description":"Female","count":0,"tested":88011,"deaths":0,"color":"rgb(255,127,14)"},{"description":"Male","count":0,"tested":76584,"deaths":0,"color":"rgb(31,119,180)"},{"description":"Unknown/Left Blank","count":0,"tested":5856,"deaths":0,"color":"rgb(44,160,44)"}]}}]}
