{"age":[{"age_group":"<20","count":70,"tested":1527},{"age_group":"20-29   ","count":644,"tested":13828},{"age_group":"30-39   ","count":454,"tested":10472},{"age_group":"40-49   ","count":162,"tested":3852},{"age_group":"50-59   ","count":180,"tested":4262},{"age_group":"60-69   ","count":159,"tested":3995},{"age_group":"70-79   ","count":107,"tested":3044},{"age_group":"80+","count":108,"tested":2674}],"race":[{"description":"NH/PI*","count":7,"tested":33,"color":"rgb(127,127,127)"},{"description":"Black","count":66,"tested":1441,"color":"rgb(255,127,14)"},{"description":"Asian","count":128,"tested":4014,"color":"rgb(140,86,75)"},{"description":"Other","count":150,"tested":2358,"color":"rgb(148,103,189)"},{"description":"White","count":904,"tested":17399,"color":"rgb(31,119,180)"},{"description":"Left Blank","count":517,"tested":17406,"color":"rgb(44,160,44)"},{"description":"Hispanic","count":111,"tested":923,"color":"rgb(214,39,40)"}],"gender":[{"description":"Female","count":975,"tested":23838,"color":"rgb(255,127,14)"},{"description":"Male","count":862,"tested":19165,"color":"rgb(31,119,180)"},{"description":"Unknown/Left Blank","count":47,"tested":654,"color":"rgb(44,160,44)"}]}
