{"age":[{"age_group":"<20","count":150,"tested":1464},{"age_group":"20-29   ","count":134,"tested":1670},{"age_group":"30-39   ","count":145,"tested":1555},{"age_group":"40-49   ","count":108,"tested":1374},{"age_group":"50-59   ","count":167,"tested":1884},{"age_group":"60-69   ","count":157,"tested":1824},{"age_group":"70-79   ","count":72,"tested":947},{"age_group":"80+","count":41,"tested":499}],"race":[{"description":"Hispanic","count":102,"tested":340,"color":"rgb(214,39,40)"},{"description":"White","count":589,"tested":4888,"color":"rgb(31,119,180)"},{"description":"Left Blank","count":207,"tested":5376,"color":"rgb(44,160,44)"},{"description":"Black","count":16,"tested":150,"color":"rgb(255,127,14)"},{"description":"Asian","count":38,"tested":233,"color":"rgb(140,86,75)"},{"description":"Other","count":22,"tested":205,"color":"rgb(148,103,189)"}],"gender":[{"description":"Male","count":476,"tested":4767,"color":"rgb(31,119,180)"},{"description":"Female","count":495,"tested":6301,"color":"rgb(255,127,14)"}]}
