{"age":[{"age_group":"<20","count":18,"tested":94},{"age_group":"30-39   ","count":10,"tested":51},{"age_group":"40-49   ","count":13,"tested":61},{"age_group":"50-59   ","count":8,"tested":83},{"age_group":"60-69   ","count":6,"tested":65}],"race":[{"description":"Left Blank","count":6,"tested":135,"color":"rgb(44,160,44)"},{"description":"White","count":59,"tested":329,"color":"rgb(31,119,180)"}],"gender":[{"description":"Female","count":32,"tested":295,"color":"rgb(255,127,14)"},{"description":"Male","count":34,"tested":195,"color":"rgb(31,119,180)"}]}
