{"age":[{"age_group":"<20","count":28,"tested":231},{"age_group":"20-29   ","count":27,"tested":157},{"age_group":"30-39   ","count":24,"tested":131},{"age_group":"40-49   ","count":23,"tested":109},{"age_group":"50-59   ","count":32,"tested":180},{"age_group":"60-69   ","count":21,"tested":138},{"age_group":"70-79   ","count":11,"tested":82},{"age_group":"80+","count":7,"tested":40}],"race":[{"description":"Left Blank","count":38,"tested":348,"color":"rgb(44,160,44)"},{"description":"White","count":130,"tested":697,"color":"rgb(31,119,180)"}],"gender":[{"description":"Female","count":100,"tested":615,"color":"rgb(255,127,14)"},{"description":"Male","count":71,"tested":447,"color":"rgb(31,119,180)"}]}
