{"age":[{"age_group":"<20","count":32,"tested":282},{"age_group":"20-29   ","count":45,"tested":303},{"age_group":"30-39   ","count":26,"tested":297},{"age_group":"40-49   ","count":42,"tested":290},{"age_group":"50-59   ","count":30,"tested":207},{"age_group":"60-69   ","count":19,"tested":126},{"age_group":"70-79   ","count":6,"tested":96}],"race":[{"description":"White","count":97,"tested":706,"color":"rgb(31,119,180)"},{"description":"Left Blank","count":20,"tested":614,"color":"rgb(44,160,44)"},{"description":"Hispanic","count":86,"tested":292,"color":"rgb(214,39,40)"}],"gender":[{"description":"Male","count":97,"tested":638,"color":"rgb(31,119,180)"},{"description":"Female","count":107,"tested":1001,"color":"rgb(255,127,14)"}]}
