{"age":[{"age_group":"<20","count":89,"tested":818},{"age_group":"20-29   ","count":110,"tested":1013},{"age_group":"30-39   ","count":111,"tested":796},{"age_group":"40-49   ","count":104,"tested":870},{"age_group":"50-59   ","count":157,"tested":1352},{"age_group":"60-69   ","count":96,"tested":869},{"age_group":"70-79   ","count":41,"tested":553},{"age_group":"80+","count":16,"tested":182}],"race":[{"description":"Hispanic","count":24,"tested":173,"color":"rgb(214,39,40)"},{"description":"White","count":397,"tested":3530,"color":"rgb(31,119,180)"},{"description":"Other","count":39,"tested":229,"color":"rgb(148,103,189)"},{"description":"Left Blank","count":261,"tested":2431,"color":"rgb(44,160,44)"}],"gender":[{"description":"Male","count":358,"tested":2958,"color":"rgb(31,119,180)"},{"description":"Female","count":363,"tested":3470,"color":"rgb(255,127,14)"}]}
