{"age":[{"age_group":"<20","count":21,"tested":123},{"age_group":"20-29   ","count":15,"tested":89},{"age_group":"30-39   ","count":21,"tested":174},{"age_group":"40-49   ","count":18,"tested":144},{"age_group":"50-59   ","count":20,"tested":158},{"age_group":"60-69   ","count":25,"tested":125},{"age_group":"70-79   ","count":13,"tested":68}],"race":[{"description":"Left Blank","count":34,"tested":326,"color":"rgb(44,160,44)"},{"description":"White","count":93,"tested":531,"color":"rgb(31,119,180)"},{"description":"Black","count":7,"tested":38,"color":"rgb(255,127,14)"}],"gender":[{"description":"Male","count":62,"tested":372,"color":"rgb(31,119,180)"},{"description":"Female","count":73,"tested":457,"color":"rgb(255,127,14)"}]}
