{"age":[{"age_group":"<20","count":676,"tested":6596},{"age_group":"20-29   ","count":405,"tested":5828},{"age_group":"30-39   ","count":393,"tested":5636},{"age_group":"40-49   ","count":404,"tested":4934},{"age_group":"50-59   ","count":456,"tested":5963},{"age_group":"60-69   ","count":280,"tested":4634},{"age_group":"70-79   ","count":137,"tested":2459},{"age_group":"80+","count":113,"tested":2861}],"race":[{"description":"Black","count":64,"tested":556,"color":"rgb(255,127,14)"},{"description":"Hispanic","count":206,"tested":975,"color":"rgb(214,39,40)"},{"description":"Asian","count":125,"tested":887,"color":"rgb(140,86,75)"},{"description":"White","count":1654,"tested":14950,"color":"rgb(31,119,180)"},{"description":"Other","count":81,"tested":905,"color":"rgb(148,103,189)"},{"description":"Left Blank","count":723,"tested":20590,"color":"rgb(44,160,44)"},{"description":"AI/AN**","count":6,"tested":29,"color":"rgb(31,119,180)"}],"gender":[{"description":"Unknown/Left Blank","count":23,"tested":440,"color":"rgb(44,160,44)"},{"description":"Male","count":1414,"tested":16858,"color":"rgb(31,119,180)"},{"description":"Female","count":1427,"tested":21619,"color":"rgb(255,127,14)"}]}
