{"age":[{"age_group":"<20","count":110,"tested":2396},{"age_group":"20-29   ","count":1288,"tested":20444},{"age_group":"30-39   ","count":605,"tested":12447},{"age_group":"40-49   ","count":224,"tested":4219},{"age_group":"50-59   ","count":210,"tested":4646},{"age_group":"60-69   ","count":178,"tested":4755},{"age_group":"70-79   ","count":152,"tested":4435},{"age_group":"80+","count":81,"tested":3251}],"race":[{"description":"Hispanic","count":141,"tested":931,"color":"rgb(214,39,40)"},{"description":"Asian","count":63,"tested":1532,"color":"rgb(140,86,75)"},{"description":"Left Blank","count":913,"tested":28778,"color":"rgb(44,160,44)"},{"description":"White","count":1256,"tested":19227,"color":"rgb(31,119,180)"},{"description":"Other","count":125,"tested":1927,"color":"rgb(148,103,189)"},{"description":"Black","count":347,"tested":4135,"color":"rgb(255,127,14)"}],"gender":[{"description":"Unknown/Left Blank","count":116,"tested":964,"color":"rgb(44,160,44)"},{"description":"Male","count":1253,"tested":23725,"color":"rgb(31,119,180)"},{"description":"Female","count":1479,"tested":31911,"color":"rgb(255,127,14)"}]}
