{"age":[{"age_group":"<20","count":476,"tested":4233},{"age_group":"20-29   ","count":658,"tested":7153},{"age_group":"30-39   ","count":448,"tested":5597},{"age_group":"40-49   ","count":549,"tested":5320},{"age_group":"50-59   ","count":424,"tested":5006},{"age_group":"60-69   ","count":212,"tested":2830},{"age_group":"70-79   ","count":77,"tested":1135},{"age_group":"80+","count":37,"tested":487}],"race":[{"description":"Other","count":101,"tested":1458,"color":"rgb(148,103,189)"},{"description":"Left Blank","count":666,"tested":12449,"color":"rgb(44,160,44)"},{"description":"Hispanic","count":776,"tested":3720,"color":"rgb(214,39,40)"},{"description":"White","count":802,"tested":8514,"color":"rgb(31,119,180)"},{"description":"Asian","count":202,"tested":2299,"color":"rgb(140,86,75)"},{"description":"Black","count":327,"tested":3256,"color":"rgb(255,127,14)"}],"gender":[{"description":"Female","count":1510,"tested":17883,"color":"rgb(255,127,14)"},{"description":"Male","count":1359,"tested":13624,"color":"rgb(31,119,180)"},{"description":"Unknown/Left Blank","count":12,"tested":259,"color":"rgb(44,160,44)"}]}
