{"age":[{"age_group":"<20","count":283,"tested":2056},{"age_group":"20-29   ","count":296,"tested":2388},{"age_group":"30-39   ","count":267,"tested":2241},{"age_group":"40-49   ","count":361,"tested":2599},{"age_group":"50-59   ","count":301,"tested":2561},{"age_group":"60-69   ","count":159,"tested":2068},{"age_group":"70-79   ","count":133,"tested":1997},{"age_group":"80+","count":77,"tested":2475}],"race":[{"description":"Hispanic","count":195,"tested":842,"color":"rgb(214,39,40)"},{"description":"Left Blank","count":605,"tested":7776,"color":"rgb(44,160,44)"},{"description":"Other","count":50,"tested":627,"color":"rgb(148,103,189)"},{"description":"White","count":943,"tested":8172,"color":"rgb(31,119,180)"},{"description":"Asian","count":17,"tested":227,"color":"rgb(140,86,75)"},{"description":"Black","count":63,"tested":703,"color":"rgb(255,127,14)"}],"gender":[{"description":"Male","count":940,"tested":7590,"color":"rgb(31,119,180)"},{"description":"Unknown/Left Blank","count":19,"tested":393,"color":"rgb(44,160,44)"},{"description":"Female","count":918,"tested":10404,"color":"rgb(255,127,14)"}]}
