{"age":[{"age_group":"<20","count":40,"tested":293},{"age_group":"20-29   ","count":30,"tested":377},{"age_group":"30-39   ","count":31,"tested":338},{"age_group":"40-49   ","count":41,"tested":388},{"age_group":"50-59   ","count":48,"tested":492},{"age_group":"60-69   ","count":34,"tested":406},{"age_group":"70-79   ","count":18,"tested":243}],"race":[{"description":"White","count":155,"tested":1072,"color":"rgb(31,119,180)"},{"description":"Left Blank","count":86,"tested":1624,"color":"rgb(44,160,44)"}],"gender":[{"description":"Male","count":108,"tested":998,"color":"rgb(31,119,180)"},{"description":"Female","count":138,"tested":1703,"color":"rgb(255,127,14)"}]}
