{"age":[{"age_group":"<20","count":73,"tested":531},{"age_group":"20-29   ","count":56,"tested":488},{"age_group":"30-39   ","count":58,"tested":672},{"age_group":"40-49   ","count":54,"tested":370},{"age_group":"50-59   ","count":74,"tested":598},{"age_group":"60-69   ","count":53,"tested":511},{"age_group":"70-79   ","count":20,"tested":508},{"age_group":"80+","count":13,"tested":714}],"race":[{"description":"White","count":324,"tested":3252,"color":"rgb(31,119,180)"},{"description":"Left Blank","count":67,"tested":1035,"color":"rgb(44,160,44)"}],"gender":[{"description":"Female","count":211,"tested":2802,"color":"rgb(255,127,14)"},{"description":"Male","count":189,"tested":1545,"color":"rgb(31,119,180)"}]}
