{"age":[{"age_group":"<20","count":49,"tested":323},{"age_group":"20-29   ","count":69,"tested":748},{"age_group":"30-39   ","count":55,"tested":645},{"age_group":"40-49   ","count":64,"tested":651},{"age_group":"50-59   ","count":38,"tested":592},{"age_group":"60-69   ","count":37,"tested":549},{"age_group":"70-79   ","count":14,"tested":222},{"age_group":"80+","count":11,"tested":165}],"race":[{"description":"Other","count":14,"tested":92,"color":"rgb(148,103,189)"},{"description":"Left Blank","count":106,"tested":1441,"color":"rgb(44,160,44)"},{"description":"White","count":125,"tested":1652,"color":"rgb(31,119,180)"},{"description":"Hispanic","count":87,"tested":419,"color":"rgb(214,39,40)"}],"gender":[{"description":"Female","count":197,"tested":2294,"color":"rgb(255,127,14)"},{"description":"Male","count":140,"tested":1540,"color":"rgb(31,119,180)"}]}
