{"age":[{"age_group":"<20","count":329,"tested":2611},{"age_group":"20-29   ","count":515,"tested":4130},{"age_group":"30-39   ","count":463,"tested":3840},{"age_group":"40-49   ","count":404,"tested":3409},{"age_group":"50-59   ","count":408,"tested":3439},{"age_group":"60-69   ","count":322,"tested":2952},{"age_group":"70-79   ","count":118,"tested":1278},{"age_group":"80+","count":64,"tested":566}],"race":[{"description":"White","count":905,"tested":7804,"color":"rgb(31,119,180)"},{"description":"Other","count":99,"tested":787,"color":"rgb(148,103,189)"},{"description":"Left Blank","count":1152,"tested":10737,"color":"rgb(44,160,44)"},{"description":"Black","count":132,"tested":1124,"color":"rgb(255,127,14)"},{"description":"Asian","count":61,"tested":412,"color":"rgb(140,86,75)"},{"description":"Hispanic","count":265,"tested":1288,"color":"rgb(214,39,40)"}],"gender":[{"description":"Female","count":1307,"tested":12357,"color":"rgb(255,127,14)"},{"description":"Male","count":1288,"tested":9621,"color":"rgb(31,119,180)"},{"description":"Unknown/Left Blank","count":29,"tested":253,"color":"rgb(44,160,44)"}]}
