{"age":[{"age_group":"<20","count":105,"tested":1082},{"age_group":"20-29   ","count":60,"tested":639},{"age_group":"30-39   ","count":96,"tested":628},{"age_group":"40-49   ","count":96,"tested":667},{"age_group":"50-59   ","count":107,"tested":939},{"age_group":"60-69   ","count":58,"tested":679},{"age_group":"70-79   ","count":27,"tested":383},{"age_group":"80+","count":33,"tested":378}],"race":[{"description":"Left Blank","count":81,"tested":1833,"color":"rgb(44,160,44)"},{"description":"Black","count":8,"tested":72,"color":"rgb(255,127,14)"},{"description":"White","count":472,"tested":3294,"color":"rgb(31,119,180)"},{"description":"Hispanic","count":18,"tested":118,"color":"rgb(214,39,40)"}],"gender":[{"description":"Male","count":272,"tested":2360,"color":"rgb(31,119,180)"},{"description":"Female","count":310,"tested":2934,"color":"rgb(255,127,14)"}]}
