{"age":[{"age_group":"<20","count":18,"tested":136},{"age_group":"20-29   ","count":8,"tested":92},{"age_group":"30-39   ","count":16,"tested":103},{"age_group":"40-49   ","count":13,"tested":101},{"age_group":"50-59   ","count":22,"tested":113},{"age_group":"60-69   ","count":9,"tested":111},{"age_group":"70-79   ","count":6,"tested":69}],"race":[{"description":"White","count":75,"tested":510,"color":"rgb(31,119,180)"},{"description":"Left Blank","count":15,"tested":195,"color":"rgb(44,160,44)"}],"gender":[{"description":"Female","count":53,"tested":492,"color":"rgb(255,127,14)"},{"description":"Male","count":41,"tested":270,"color":"rgb(31,119,180)"}]}
