{"age":[{"age_group":"<20","count":286,"tested":3923},{"age_group":"20-29   ","count":690,"tested":13202},{"age_group":"30-39   ","count":683,"tested":12572},{"age_group":"40-49   ","count":474,"tested":8359},{"age_group":"50-59   ","count":434,"tested":8686},{"age_group":"60-69   ","count":363,"tested":8809},{"age_group":"70-79   ","count":177,"tested":4953},{"age_group":"80+","count":153,"tested":3112}],"race":[{"description":"Black","count":754,"tested":10511,"color":"rgb(255,127,14)"},{"description":"Hispanic","count":381,"tested":3043,"color":"rgb(214,39,40)"},{"description":"Other","count":150,"tested":2153,"color":"rgb(148,103,189)"},{"description":"Left Blank","count":982,"tested":33167,"color":"rgb(44,160,44)"},{"description":"White","count":546,"tested":8456,"color":"rgb(31,119,180)"},{"description":"Asian","count":441,"tested":6189,"color":"rgb(140,86,75)"}],"gender":[{"description":"Female","count":1619,"tested":32480,"color":"rgb(255,127,14)"},{"description":"Unknown/Left Blank","count":60,"tested":1987,"color":"rgb(44,160,44)"},{"description":"Male","count":1581,"tested":29165,"color":"rgb(31,119,180)"}]}
