{"age":[{"age_group":"30-39   ","count":7,"tested":433},{"age_group":"40-49   ","count":6,"tested":343},{"age_group":"50-59   ","count":14,"tested":434},{"age_group":"60-69   ","count":14,"tested":521},{"age_group":"70-79   ","count":12,"tested":637},{"age_group":"80+","count":8,"tested":130}],"race":[{"description":"Left Blank","count":16,"tested":214,"color":"rgb(44,160,44)"},{"description":"White","count":14,"tested":281,"color":"rgb(31,119,180)"},{"description":"Black","count":25,"tested":631,"color":"rgb(255,127,14)"}],"gender":[{"description":"Male","count":37,"tested":1983,"color":"rgb(31,119,180)"},{"description":"Female","count":29,"tested":776,"color":"rgb(255,127,14)"}]}
