{"age":[{"age_group":"<20","count":570,"tested":4871},{"age_group":"20-29   ","count":741,"tested":8944},{"age_group":"30-39   ","count":658,"tested":9296},{"age_group":"40-49   ","count":589,"tested":6815},{"age_group":"50-59   ","count":604,"tested":8528},{"age_group":"60-69   ","count":405,"tested":7066},{"age_group":"70-79   ","count":162,"tested":4108},{"age_group":"80+","count":172,"tested":8257}],"race":[{"description":"Left Blank","count":892,"tested":31893,"color":"rgb(44,160,44)"},{"description":"Other","count":142,"tested":1462,"color":"rgb(148,103,189)"},{"description":"White","count":2010,"tested":18739,"color":"rgb(31,119,180)"},{"description":"Hispanic","count":456,"tested":1971,"color":"rgb(214,39,40)"},{"description":"Asian","count":225,"tested":2280,"color":"rgb(140,86,75)"},{"description":"Black","count":163,"tested":1502,"color":"rgb(255,127,14)"},{"description":"NH/PI*","count":9,"tested":31,"color":"rgb(127,127,127)"}],"gender":[{"description":"Unknown/Left Blank","count":32,"tested":1083,"color":"rgb(44,160,44)"},{"description":"Male","count":1867,"tested":22755,"color":"rgb(31,119,180)"},{"description":"Female","count":2002,"tested":34077,"color":"rgb(255,127,14)"}]}
