{"age":[{"age_group":"<20","count":10,"tested":202},{"age_group":"20-29   ","count":10,"tested":340},{"age_group":"30-39   ","count":11,"tested":404},{"age_group":"40-49   ","count":16,"tested":294},{"age_group":"50-59   ","count":16,"tested":263},{"age_group":"60-69   ","count":12,"tested":341},{"age_group":"80+","count":11,"tested":2474}],"race":[{"description":"Left Blank","count":18,"tested":2098,"color":"rgb(44,160,44)"},{"description":"White","count":70,"tested":2774,"color":"rgb(31,119,180)"}],"gender":[{"description":"Male","count":38,"tested":1164,"color":"rgb(31,119,180)"},{"description":"Female","count":51,"tested":3690,"color":"rgb(255,127,14)"}]}
