{"lastUpdatedDate":{"year":2021,"month":9,"day":22},"county_demographics":[{"County":"Pulaski","confirmed_cases":983,"total_tested":9946,"demographics":{"age":[{"race":[],"age_group":"<20","count":206,"tested":1070,"deaths":0},{"race":[],"age_group":"20-29   ","count":169,"tested":1714,"deaths":0},{"race":[],"age_group":"30-39   ","count":156,"tested":1990,"deaths":0},{"race":[],"age_group":"40-49   ","count":163,"tested":1956,"deaths":0},{"race":[],"age_group":"50-59   ","count":108,"tested":1730,"deaths":0},{"race":[],"age_group":"60-69   ","count":112,"tested":885,"deaths":0},{"race":[],"age_group":"70-79   ","count":42,"tested":397,"deaths":0},{"race":[],"age_group":"80+","count":22,"tested":204,"deaths":0}],"race":[{"description":"AI/AN**","count":0,"tested":14,"deaths":0,"color":"rgb(31,119,180)"},{"description":"Asian","count":0,"tested":12,"deaths":0,"color":"rgb(140,86,75)"},{"description":"Black","count":200,"tested":2215,"deaths":0,"color":"rgb(255,127,14)"},{"description":"Hispanic","count":107,"tested":893,"deaths":0,"color":"rgb(214,39,40)"},{"description":"Left Blank","count":194,"tested":2706,"deaths":0,"color":"rgb(44,160,44)"},{"description":"NH/PI*","count":0,"tested":7,"deaths":0,"color":"rgb(127,127,127)"},{"description":"Other","count":8,"tested":180,"deaths":0,"color":"rgb(148,103,189)"},{"description":"White","count":466,"tested":3919,"deaths":0,"color":"rgb(31,119,180)"}],"gender":[{"description":"Female","count":472,"tested":5084,"deaths":0,"color":"rgb(255,127,14)"},{"description":"Male","count":478,"tested":4219,"deaths":0,"color":"rgb(31,119,180)"},{"description":"Unknown/Left Blank","count":29,"tested":643,"deaths":0,"color":"rgb(44,160,44)"}]}}]}
