{"lastUpdatedDate":{"year":2021,"month":9,"day":22},"county_demographics":[{"County":"Perry","confirmed_cases":4151,"total_tested":75204,"demographics":{"age":[{"race":[],"age_group":"<20","count":566,"tested":4501,"deaths":0},{"race":[],"age_group":"20-29   ","count":760,"tested":17832,"deaths":0},{"race":[],"age_group":"30-39   ","count":753,"tested":16382,"deaths":0},{"race":[],"age_group":"40-49   ","count":621,"tested":12145,"deaths":0},{"race":[],"age_group":"50-59   ","count":559,"tested":9730,"deaths":0},{"race":[],"age_group":"60-69   ","count":419,"tested":5714,"deaths":0},{"race":[],"age_group":"70-79   ","count":258,"tested":3525,"deaths":0},{"race":[],"age_group":"80+","count":209,"tested":3697,"deaths":0},{"race":[],"age_group":"Unknown","count":6,"tested":1678,"deaths":0}],"race":[{"description":"AI/AN**","count":0,"tested":0,"deaths":0,"color":"rgb(31,119,180)"},{"description":"Asian","count":12,"tested":50,"deaths":0,"color":"rgb(140,86,75)"},{"description":"Black","count":255,"tested":616,"deaths":0,"color":"rgb(255,127,14)"},{"description":"Hispanic","count":58,"tested":180,"deaths":0,"color":"rgb(214,39,40)"},{"description":"Left Blank","count":1165,"tested":55033,"deaths":0,"color":"rgb(44,160,44)"},{"description":"NH/PI*","count":0,"tested":13,"deaths":0,"color":"rgb(127,127,127)"},{"description":"Other","count":31,"tested":257,"deaths":0,"color":"rgb(148,103,189)"},{"description":"White","count":2626,"tested":19050,"deaths":0,"color":"rgb(31,119,180)"}],"gender":[{"description":"Female","count":1797,"tested":23426,"deaths":0,"color":"rgb(255,127,14)"},{"description":"Male","count":2026,"tested":33340,"deaths":0,"color":"rgb(31,119,180)"},{"description":"Unknown/Left Blank","count":328,"tested":18438,"deaths":0,"color":"rgb(44,160,44)"}]}}]}
