{"lastUpdatedDate":{"year":2021,"month":9,"day":22},"county_demographics":[{"County":"Unassigned","confirmed_cases":188,"total_tested":193823,"demographics":{"age":[{"race":[],"age_group":"<20","count":48,"tested":23057,"deaths":0},{"race":[],"age_group":"20-29   ","count":34,"tested":36951,"deaths":0},{"race":[],"age_group":"30-39   ","count":40,"tested":29481,"deaths":0},{"race":[],"age_group":"40-49   ","count":10,"tested":27398,"deaths":0},{"race":[],"age_group":"50-59   ","count":24,"tested":27615,"deaths":0},{"race":[],"age_group":"60-69   ","count":6,"tested":22954,"deaths":0},{"race":[],"age_group":"70-79   ","count":7,"tested":12870,"deaths":0},{"race":[],"age_group":"80+","count":8,"tested":12627,"deaths":0},{"race":[],"age_group":"Unknown","count":0,"tested":870,"deaths":0}],"race":[{"description":"AI/AN**","count":0,"tested":160,"deaths":0,"color":"rgb(31,119,180)"},{"description":"Asian","count":0,"tested":4526,"deaths":0,"color":"rgb(140,86,75)"},{"description":"Black","count":0,"tested":16242,"deaths":0,"color":"rgb(255,127,14)"},{"description":"Hispanic","count":0,"tested":9809,"deaths":0,"color":"rgb(214,39,40)"},{"description":"Left Blank","count":101,"tested":105775,"deaths":0,"color":"rgb(44,160,44)"},{"description":"NH/PI*","count":0,"tested":79,"deaths":0,"color":"rgb(127,127,127)"},{"description":"Other","count":0,"tested":2189,"deaths":0,"color":"rgb(148,103,189)"},{"description":"White","count":76,"tested":55043,"deaths":0,"color":"rgb(31,119,180)"}],"gender":[{"description":"Female","count":79,"tested":103465,"deaths":0,"color":"rgb(255,127,14)"},{"description":"Male","count":99,"tested":81664,"deaths":0,"color":"rgb(31,119,180)"},{"description":"Unknown/Left Blank","count":7,"tested":8694,"deaths":0,"color":"rgb(44,160,44)"}]}}]}
