{"lastUpdatedDate":{"year":2021,"month":9,"day":22},"county_demographics":[{"County":"Sangamon","confirmed_cases":24588,"total_tested":504117,"demographics":{"age":[{"race":[],"age_group":"<20","count":4809,"tested":79968,"deaths":0},{"race":[],"age_group":"20-29   ","count":4042,"tested":90522,"deaths":0},{"race":[],"age_group":"30-39   ","count":3720,"tested":78480,"deaths":0},{"race":[],"age_group":"40-49   ","count":3369,"tested":67862,"deaths":0},{"race":[],"age_group":"50-59   ","count":3429,"tested":69713,"deaths":0},{"race":[],"age_group":"60-69   ","count":2645,"tested":56548,"deaths":0},{"race":[],"age_group":"70-79   ","count":1516,"tested":34248,"deaths":0},{"race":[],"age_group":"80+","count":1057,"tested":26682,"deaths":0},{"race":[],"age_group":"Unknown","count":0,"tested":94,"deaths":0}],"race":[{"description":"AI/AN**","count":11,"tested":511,"deaths":0,"color":"rgb(31,119,180)"},{"description":"Asian","count":195,"tested":6516,"deaths":0,"color":"rgb(140,86,75)"},{"description":"Black","count":3146,"tested":47667,"deaths":0,"color":"rgb(255,127,14)"},{"description":"Hispanic","count":330,"tested":5841,"deaths":0,"color":"rgb(214,39,40)"},{"description":"Left Blank","count":8032,"tested":178963,"deaths":0,"color":"rgb(44,160,44)"},{"description":"NH/PI*","count":39,"tested":4567,"deaths":0,"color":"rgb(127,127,127)"},{"description":"Other","count":396,"tested":12543,"deaths":0,"color":"rgb(148,103,189)"},{"description":"White","count":12435,"tested":247509,"deaths":0,"color":"rgb(31,119,180)"}],"gender":[{"description":"Female","count":12653,"tested":288510,"deaths":0,"color":"rgb(255,127,14)"},{"description":"Male","count":10786,"tested":205781,"deaths":0,"color":"rgb(31,119,180)"},{"description":"Unknown/Left Blank","count":1149,"tested":9826,"deaths":0,"color":"rgb(44,160,44)"}]}}]}
