{"lastUpdatedDate":{"year":2021,"month":9,"day":22},"county_demographics":[{"County":"Wabash","confirmed_cases":2009,"total_tested":21566,"demographics":{"age":[{"race":[],"age_group":"<20","count":454,"tested":3782,"deaths":0},{"race":[],"age_group":"20-29   ","count":249,"tested":3019,"deaths":0},{"race":[],"age_group":"30-39   ","count":258,"tested":2706,"deaths":0},{"race":[],"age_group":"40-49   ","count":275,"tested":2840,"deaths":0},{"race":[],"age_group":"50-59   ","count":282,"tested":2913,"deaths":0},{"race":[],"age_group":"60-69   ","count":246,"tested":2340,"deaths":0},{"race":[],"age_group":"70-79   ","count":133,"tested":1274,"deaths":0},{"race":[],"age_group":"80+","count":112,"tested":2625,"deaths":0},{"race":[],"age_group":"Unknown","count":0,"tested":67,"deaths":0}],"race":[{"description":"AI/AN**","count":0,"tested":0,"deaths":0,"color":"rgb(31,119,180)"},{"description":"Asian","count":0,"tested":18,"deaths":0,"color":"rgb(140,86,75)"},{"description":"Black","count":8,"tested":101,"deaths":0,"color":"rgb(255,127,14)"},{"description":"Hispanic","count":19,"tested":80,"deaths":0,"color":"rgb(214,39,40)"},{"description":"Left Blank","count":250,"tested":8649,"deaths":0,"color":"rgb(44,160,44)"},{"description":"NH/PI*","count":0,"tested":0,"deaths":0,"color":"rgb(127,127,127)"},{"description":"Other","count":0,"tested":46,"deaths":0,"color":"rgb(148,103,189)"},{"description":"White","count":1708,"tested":12665,"deaths":0,"color":"rgb(31,119,180)"}],"gender":[{"description":"Female","count":1071,"tested":13829,"deaths":0,"color":"rgb(255,127,14)"},{"description":"Male","count":915,"tested":7138,"deaths":0,"color":"rgb(31,119,180)"},{"description":"Unknown/Left Blank","count":23,"tested":599,"deaths":0,"color":"rgb(44,160,44)"}]}}]}
