{"lastUpdatedDate":{"year":2021,"month":9,"day":22},"county_demographics":[{"County":"Warren","confirmed_cases":2249,"total_tested":27339,"demographics":{"age":[{"race":[],"age_group":"<20","count":352,"tested":4594,"deaths":0},{"race":[],"age_group":"20-29   ","count":305,"tested":5746,"deaths":0},{"race":[],"age_group":"30-39   ","count":344,"tested":3759,"deaths":0},{"race":[],"age_group":"40-49   ","count":362,"tested":3536,"deaths":0},{"race":[],"age_group":"50-59   ","count":319,"tested":3486,"deaths":0},{"race":[],"age_group":"60-69   ","count":262,"tested":2993,"deaths":0},{"race":[],"age_group":"70-79   ","count":173,"tested":1864,"deaths":0},{"race":[],"age_group":"80+","count":132,"tested":1358,"deaths":0},{"race":[],"age_group":"Unknown","count":0,"tested":0,"deaths":0}],"race":[{"description":"AI/AN**","count":0,"tested":24,"deaths":0,"color":"rgb(31,119,180)"},{"description":"Asian","count":20,"tested":136,"deaths":0,"color":"rgb(140,86,75)"},{"description":"Black","count":55,"tested":475,"deaths":0,"color":"rgb(255,127,14)"},{"description":"Hispanic","count":179,"tested":1230,"deaths":0,"color":"rgb(214,39,40)"},{"description":"Left Blank","count":563,"tested":10425,"deaths":0,"color":"rgb(44,160,44)"},{"description":"NH/PI*","count":0,"tested":16,"deaths":0,"color":"rgb(127,127,127)"},{"description":"Other","count":37,"tested":984,"deaths":0,"color":"rgb(148,103,189)"},{"description":"White","count":1389,"tested":14049,"deaths":0,"color":"rgb(31,119,180)"}],"gender":[{"description":"Female","count":1181,"tested":14801,"deaths":0,"color":"rgb(255,127,14)"},{"description":"Male","count":1018,"tested":10904,"deaths":0,"color":"rgb(31,119,180)"},{"description":"Unknown/Left Blank","count":46,"tested":1634,"deaths":0,"color":"rgb(44,160,44)"}]}}]}
