{"age":[{"age_group":"<20","count":2927,"tested":16769},{"age_group":"20-29   ","count":3358,"tested":25012},{"age_group":"30-39   ","count":2840,"tested":18384},{"age_group":"40-49   ","count":2950,"tested":17464},{"age_group":"50-59   ","count":2188,"tested":13858},{"age_group":"60-69   ","count":1269,"tested":9484},{"age_group":"70-79   ","count":462,"tested":4293},{"age_group":"80+","count":188,"tested":1976}],"race":[{"description":"Hispanic","count":10014,"tested":43807,"color":"rgb(214,39,40)"},{"description":"Asian","count":20,"tested":311,"color":"rgb(140,86,75)"},{"description":"Black","count":1017,"tested":10113,"color":"rgb(255,127,14)"},{"description":"White","count":761,"tested":8151,"color":"rgb(31,119,180)"},{"description":"Left Blank","count":3686,"tested":39441,"color":"rgb(44,160,44)"},{"description":"Other","count":646,"tested":5168,"color":"rgb(148,103,189)"},{"description":"AI/AN**","count":29,"tested":220,"color":"rgb(31,119,180)"},{"description":"NH/PI*","count":9,"tested":69,"color":"rgb(127,127,127)"}],"gender":[{"description":"Female","count":8330,"tested":59826,"color":"rgb(255,127,14)"},{"description":"Male","count":7745,"tested":46368,"color":"rgb(31,119,180)"},{"description":"Unknown/Left Blank","count":107,"tested":1086,"color":"rgb(44,160,44)"}]}
