{"age":[{"age_group":"<20","count":111,"tested":1150},{"age_group":"20-29   ","count":71,"tested":1104},{"age_group":"30-39   ","count":60,"tested":1105},{"age_group":"40-49   ","count":80,"tested":1048},{"age_group":"50-59   ","count":59,"tested":1060},{"age_group":"60-69   ","count":58,"tested":1068},{"age_group":"70-79   ","count":36,"tested":681},{"age_group":"80+","count":55,"tested":1181}],"race":[{"description":"Left Blank","count":82,"tested":2092,"color":"rgb(44,160,44)"},{"description":"White","count":424,"tested":6063,"color":"rgb(31,119,180)"},{"description":"Hispanic","count":10,"tested":86,"color":"rgb(214,39,40)"}],"gender":[{"description":"Female","count":298,"tested":4747,"color":"rgb(255,127,14)"},{"description":"Male","count":223,"tested":3146,"color":"rgb(31,119,180)"}]}
