{"age":[{"age_group":"<20","count":453,"tested":4865},{"age_group":"20-29   ","count":292,"tested":3741},{"age_group":"30-39   ","count":251,"tested":3660},{"age_group":"40-49   ","count":301,"tested":3506},{"age_group":"50-59   ","count":325,"tested":3881},{"age_group":"60-69   ","count":211,"tested":3867},{"age_group":"70-79   ","count":95,"tested":2440},{"age_group":"80+","count":111,"tested":3989}],"race":[{"description":"Black","count":50,"tested":528,"color":"rgb(255,127,14)"},{"description":"Hispanic","count":125,"tested":569,"color":"rgb(214,39,40)"},{"description":"Asian","count":35,"tested":784,"color":"rgb(140,86,75)"},{"description":"White","count":1328,"tested":14945,"color":"rgb(31,119,180)"},{"description":"Left Blank","count":458,"tested":12156,"color":"rgb(44,160,44)"},{"description":"Other","count":42,"tested":949,"color":"rgb(148,103,189)"}],"gender":[{"description":"Female","count":1011,"tested":17218,"color":"rgb(255,127,14)"},{"description":"Male","count":971,"tested":12234,"color":"rgb(31,119,180)"},{"description":"Unknown/Left Blank","count":57,"tested":503,"color":"rgb(44,160,44)"}]}
