{"age":[{"age_group":"<20","count":89,"tested":521},{"age_group":"20-29   ","count":174,"tested":1753},{"age_group":"30-39   ","count":144,"tested":1539},{"age_group":"40-49   ","count":111,"tested":1526},{"age_group":"50-59   ","count":129,"tested":1838},{"age_group":"60-69   ","count":120,"tested":1725},{"age_group":"70-79   ","count":76,"tested":1258},{"age_group":"80+","count":102,"tested":1424}],"race":[{"description":"White","count":352,"tested":4719,"color":"rgb(31,119,180)"},{"description":"Left Blank","count":382,"tested":4098,"color":"rgb(44,160,44)"},{"description":"Other","count":14,"tested":193,"color":"rgb(148,103,189)"},{"description":"Hispanic","count":118,"tested":695,"color":"rgb(214,39,40)"},{"description":"Black","count":73,"tested":1813,"color":"rgb(255,127,14)"}],"gender":[{"description":"Male","count":420,"tested":3979,"color":"rgb(31,119,180)"},{"description":"Unknown/Left Blank","count":10,"tested":265,"color":"rgb(44,160,44)"},{"description":"Female","count":515,"tested":7340,"color":"rgb(255,127,14)"}]}
