{"age":[{"age_group":"<20","count":199,"tested":1882},{"age_group":"20-29   ","count":234,"tested":2958},{"age_group":"30-39   ","count":224,"tested":2471},{"age_group":"40-49   ","count":258,"tested":2047},{"age_group":"50-59   ","count":181,"tested":2210},{"age_group":"60-69   ","count":143,"tested":2231},{"age_group":"70-79   ","count":64,"tested":1463},{"age_group":"80+","count":58,"tested":3789}],"race":[{"description":"Other","count":78,"tested":566,"color":"rgb(148,103,189)"},{"description":"Left Blank","count":296,"tested":9626,"color":"rgb(44,160,44)"},{"description":"White","count":467,"tested":5776,"color":"rgb(31,119,180)"},{"description":"Asian","count":43,"tested":678,"color":"rgb(140,86,75)"},{"description":"Hispanic","count":456,"tested":2252,"color":"rgb(214,39,40)"},{"description":"Black","count":18,"tested":159,"color":"rgb(255,127,14)"}],"gender":[{"description":"Male","count":681,"tested":7070,"color":"rgb(31,119,180)"},{"description":"Unknown/Left Blank","count":15,"tested":692,"color":"rgb(44,160,44)"},{"description":"Female","count":665,"tested":11315,"color":"rgb(255,127,14)"}]}
