{"age":[{"age_group":"<20","count":2045,"tested":11050},{"age_group":"20-29   ","count":2489,"tested":17919},{"age_group":"30-39   ","count":2236,"tested":14792},{"age_group":"40-49   ","count":2241,"tested":13742},{"age_group":"50-59   ","count":1761,"tested":12076},{"age_group":"60-69   ","count":1051,"tested":8867},{"age_group":"70-79   ","count":422,"tested":3864},{"age_group":"80+","count":189,"tested":1751},{"age_group":"Unknown","count":12,"tested":48}],"race":[{"description":"AI/AN**","count":10,"tested":65,"color":"rgb(31,119,180)"},{"description":"White","count":1272,"tested":10505,"color":"rgb(31,119,180)"},{"description":"Left Blank","count":3077,"tested":34466,"color":"rgb(44,160,44)"},{"description":"Other","count":879,"tested":7087,"color":"rgb(148,103,189)"},{"description":"Black","count":196,"tested":1919,"color":"rgb(255,127,14)"},{"description":"Asian","count":28,"tested":275,"color":"rgb(140,86,75)"},{"description":"Hispanic","count":6978,"tested":29778,"color":"rgb(214,39,40)"}],"gender":[{"description":"Female","count":6307,"tested":44080,"color":"rgb(255,127,14)"},{"description":"Unknown/Left Blank","count":132,"tested":1035,"color":"rgb(44,160,44)"},{"description":"Male","count":6007,"tested":38994,"color":"rgb(31,119,180)"}]}
