{"age":[{"age_group":"<20","count":56,"tested":587},{"age_group":"20-29   ","count":49,"tested":497},{"age_group":"30-39   ","count":56,"tested":529},{"age_group":"40-49   ","count":41,"tested":390},{"age_group":"50-59   ","count":57,"tested":526},{"age_group":"60-69   ","count":45,"tested":528},{"age_group":"70-79   ","count":19,"tested":283},{"age_group":"80+","count":10,"tested":154}],"race":[{"description":"White","count":279,"tested":2201,"color":"rgb(31,119,180)"},{"description":"Left Blank","count":31,"tested":1152,"color":"rgb(44,160,44)"},{"description":"Hispanic","count":12,"tested":58,"color":"rgb(214,39,40)"}],"gender":[{"description":"Male","count":170,"tested":1377,"color":"rgb(31,119,180)"},{"description":"Female","count":163,"tested":2058,"color":"rgb(255,127,14)"}]}
