{"age":[{"age_group":"<20","count":100,"tested":1000},{"age_group":"20-29   ","count":210,"tested":2309},{"age_group":"30-39   ","count":178,"tested":2319},{"age_group":"40-49   ","count":143,"tested":1596},{"age_group":"50-59   ","count":115,"tested":1423},{"age_group":"60-69   ","count":65,"tested":1097},{"age_group":"70-79   ","count":29,"tested":445},{"age_group":"80+","count":29,"tested":425}],"race":[{"description":"Other","count":53,"tested":304,"color":"rgb(148,103,189)"},{"description":"Left Blank","count":345,"tested":5478,"color":"rgb(44,160,44)"},{"description":"Hispanic","count":112,"tested":659,"color":"rgb(214,39,40)"},{"description":"White","count":227,"tested":2347,"color":"rgb(31,119,180)"},{"description":"Asian","count":97,"tested":1345,"color":"rgb(140,86,75)"},{"description":"Black","count":31,"tested":426,"color":"rgb(255,127,14)"}],"gender":[{"description":"Male","count":418,"tested":4621,"color":"rgb(31,119,180)"},{"description":"Female","count":446,"tested":5902,"color":"rgb(255,127,14)"}]}
