{"age":[{"age_group":"<20","count":354,"tested":4671},{"age_group":"20-29   ","count":459,"tested":5508},{"age_group":"30-39   ","count":382,"tested":4680},{"age_group":"40-49   ","count":363,"tested":3901},{"age_group":"50-59   ","count":358,"tested":4562},{"age_group":"60-69   ","count":246,"tested":3430},{"age_group":"70-79   ","count":135,"tested":1569},{"age_group":"80+","count":86,"tested":1579}],"race":[{"description":"Black","count":129,"tested":1196,"color":"rgb(255,127,14)"},{"description":"Asian","count":48,"tested":571,"color":"rgb(140,86,75)"},{"description":"Hispanic","count":210,"tested":1158,"color":"rgb(214,39,40)"},{"description":"White","count":1677,"tested":12473,"color":"rgb(31,119,180)"},{"description":"Other","count":24,"tested":387,"color":"rgb(148,103,189)"},{"description":"Left Blank","count":294,"tested":13940,"color":"rgb(44,160,44)"}],"gender":[{"description":"Male","count":1071,"tested":11362,"color":"rgb(31,119,180)"},{"description":"Unknown/Left Blank","count":12,"tested":516,"color":"rgb(44,160,44)"},{"description":"Female","count":1301,"tested":18024,"color":"rgb(255,127,14)"}]}
