{"age":[{"age_group":"<20","count":6,"tested":123},{"age_group":"20-29   ","count":11,"tested":116},{"age_group":"30-39   ","count":12,"tested":164},{"age_group":"40-49   ","count":24,"tested":145},{"age_group":"50-59   ","count":16,"tested":136},{"age_group":"60-69   ","count":9,"tested":92},{"age_group":"70-79   ","count":6,"tested":56}],"race":[{"description":"Left Blank","count":35,"tested":455,"color":"rgb(44,160,44)"},{"description":"White","count":47,"tested":373,"color":"rgb(31,119,180)"}],"gender":[{"description":"Male","count":43,"tested":355,"color":"rgb(31,119,180)"},{"description":"Female","count":45,"tested":480,"color":"rgb(255,127,14)"}]}
