{"age":[{"age_group":"<20","count":149,"tested":1134},{"age_group":"20-29   ","count":106,"tested":1030},{"age_group":"30-39   ","count":168,"tested":1401},{"age_group":"40-49   ","count":133,"tested":1522},{"age_group":"50-59   ","count":116,"tested":1410},{"age_group":"60-69   ","count":67,"tested":584},{"age_group":"70-79   ","count":20,"tested":325}],"race":[{"description":"White","count":353,"tested":2879,"color":"rgb(31,119,180)"},{"description":"Other","count":26,"tested":146,"color":"rgb(148,103,189)"},{"description":"Left Blank","count":200,"tested":3066,"color":"rgb(44,160,44)"},{"description":"Hispanic","count":110,"tested":561,"color":"rgb(214,39,40)"},{"description":"Asian","count":58,"tested":642,"color":"rgb(140,86,75)"},{"description":"Black","count":19,"tested":159,"color":"rgb(255,127,14)"}],"gender":[{"description":"Female","count":396,"tested":4154,"color":"rgb(255,127,14)"},{"description":"Male","count":366,"tested":3243,"color":"rgb(31,119,180)"}]}
