{"age":[{"age_group":"<20","count":184,"tested":1223},{"age_group":"20-29   ","count":257,"tested":2313},{"age_group":"30-39   ","count":210,"tested":2269},{"age_group":"40-49   ","count":215,"tested":2042},{"age_group":"50-59   ","count":188,"tested":2319},{"age_group":"60-69   ","count":136,"tested":1778},{"age_group":"70-79   ","count":60,"tested":767},{"age_group":"80+","count":34,"tested":593}],"race":[{"description":"Black","count":137,"tested":1392,"color":"rgb(255,127,14)"},{"description":"Asian","count":10,"tested":66,"color":"rgb(140,86,75)"},{"description":"Other","count":68,"tested":504,"color":"rgb(148,103,189)"},{"description":"Hispanic","count":215,"tested":1004,"color":"rgb(214,39,40)"},{"description":"White","count":390,"tested":3091,"color":"rgb(31,119,180)"},{"description":"Left Blank","count":461,"tested":7236,"color":"rgb(44,160,44)"}],"gender":[{"description":"Female","count":723,"tested":8575,"color":"rgb(255,127,14)"},{"description":"Male","count":556,"tested":4449,"color":"rgb(31,119,180)"}]}
