{"age":[{"age_group":"<20","count":319,"tested":3826},{"age_group":"20-29   ","count":444,"tested":5310},{"age_group":"30-39   ","count":460,"tested":6106},{"age_group":"40-49   ","count":473,"tested":6571},{"age_group":"50-59   ","count":477,"tested":6486},{"age_group":"60-69   ","count":276,"tested":4866},{"age_group":"70-79   ","count":137,"tested":3032},{"age_group":"80+","count":241,"tested":6188}],"race":[{"description":"Black","count":29,"tested":399,"color":"rgb(255,127,14)"},{"description":"White","count":1578,"tested":16808,"color":"rgb(31,119,180)"},{"description":"Asian","count":60,"tested":1001,"color":"rgb(140,86,75)"},{"description":"Hispanic","count":326,"tested":2606,"color":"rgb(214,39,40)"},{"description":"Left Blank","count":675,"tested":20136,"color":"rgb(44,160,44)"},{"description":"Other","count":155,"tested":1372,"color":"rgb(148,103,189)"}],"gender":[{"description":"Female","count":1407,"tested":23791,"color":"rgb(255,127,14)"},{"description":"Male","count":1372,"tested":17066,"color":"rgb(31,119,180)"},{"description":"Unknown/Left Blank","count":49,"tested":1534,"color":"rgb(44,160,44)"}]}
