{"age":[{"age_group":"<20","count":108,"tested":1169},{"age_group":"20-29   ","count":63,"tested":684},{"age_group":"30-39   ","count":98,"tested":657},{"age_group":"40-49   ","count":98,"tested":700},{"age_group":"50-59   ","count":107,"tested":987},{"age_group":"60-69   ","count":61,"tested":717},{"age_group":"70-79   ","count":28,"tested":395},{"age_group":"80+","count":33,"tested":413}],"race":[{"description":"Left Blank","count":71,"tested":1943,"color":"rgb(44,160,44)"},{"description":"Black","count":8,"tested":74,"color":"rgb(255,127,14)"},{"description":"White","count":495,"tested":3494,"color":"rgb(31,119,180)"},{"description":"Hispanic","count":19,"tested":125,"color":"rgb(214,39,40)"}],"gender":[{"description":"Male","count":278,"tested":2509,"color":"rgb(31,119,180)"},{"description":"Female","count":318,"tested":3112,"color":"rgb(255,127,14)"}]}
