{"age":[{"age_group":"<20","count":45,"tested":582},{"age_group":"20-29   ","count":56,"tested":571},{"age_group":"30-39   ","count":56,"tested":597},{"age_group":"40-49   ","count":39,"tested":499},{"age_group":"50-59   ","count":74,"tested":761},{"age_group":"60-69   ","count":52,"tested":567},{"age_group":"70-79   ","count":8,"tested":301}],"race":[{"description":"Hispanic","count":26,"tested":154,"color":"rgb(214,39,40)"},{"description":"White","count":175,"tested":2524,"color":"rgb(31,119,180)"},{"description":"Left Blank","count":120,"tested":1584,"color":"rgb(44,160,44)"}],"gender":[{"description":"Male","count":152,"tested":1881,"color":"rgb(31,119,180)"},{"description":"Female","count":178,"tested":2457,"color":"rgb(255,127,14)"}]}
