{"age":[{"age_group":"<20","count":338,"tested":4325},{"age_group":"20-29   ","count":388,"tested":4794},{"age_group":"30-39   ","count":343,"tested":4677},{"age_group":"40-49   ","count":317,"tested":3971},{"age_group":"50-59   ","count":341,"tested":5316},{"age_group":"60-69   ","count":249,"tested":4290},{"age_group":"70-79   ","count":119,"tested":3091},{"age_group":"80+","count":151,"tested":6142}],"race":[{"description":"Hispanic","count":270,"tested":1833,"color":"rgb(214,39,40)"},{"description":"Left Blank","count":501,"tested":15086,"color":"rgb(44,160,44)"},{"description":"Other","count":86,"tested":778,"color":"rgb(148,103,189)"},{"description":"White","count":1232,"tested":16606,"color":"rgb(31,119,180)"},{"description":"Asian","count":108,"tested":1745,"color":"rgb(140,86,75)"},{"description":"Black","count":48,"tested":528,"color":"rgb(255,127,14)"}],"gender":[{"description":"Unknown/Left Blank","count":11,"tested":1541,"color":"rgb(44,160,44)"},{"description":"Male","count":1069,"tested":14860,"color":"rgb(31,119,180)"},{"description":"Female","count":1166,"tested":20213,"color":"rgb(255,127,14)"}]}
