{"age":[{"age_group":"<20","count":94,"tested":684},{"age_group":"20-29   ","count":133,"tested":1202},{"age_group":"30-39   ","count":121,"tested":1307},{"age_group":"40-49   ","count":131,"tested":1356},{"age_group":"50-59   ","count":133,"tested":1432},{"age_group":"60-69   ","count":99,"tested":1206},{"age_group":"70-79   ","count":48,"tested":703},{"age_group":"80+","count":17,"tested":228}],"race":[{"description":"Hispanic","count":126,"tested":610,"color":"rgb(214,39,40)"},{"description":"White","count":52,"tested":586,"color":"rgb(31,119,180)"},{"description":"Left Blank","count":157,"tested":3001,"color":"rgb(44,160,44)"},{"description":"Asian","count":11,"tested":81,"color":"rgb(140,86,75)"},{"description":"Black","count":390,"tested":3602,"color":"rgb(255,127,14)"},{"description":"Other","count":37,"tested":238,"color":"rgb(148,103,189)"}],"gender":[{"description":"Unknown/Left Blank","count":12,"tested":316,"color":"rgb(44,160,44)"},{"description":"Male","count":355,"tested":3208,"color":"rgb(31,119,180)"},{"description":"Female","count":409,"tested":4596,"color":"rgb(255,127,14)"}]}
