{"age":[{"age_group":"<20","count":419,"tested":4372},{"age_group":"20-29   ","count":530,"tested":6426},{"age_group":"30-39   ","count":574,"tested":6764},{"age_group":"40-49   ","count":493,"tested":5970},{"age_group":"50-59   ","count":415,"tested":5461},{"age_group":"60-69   ","count":291,"tested":4068},{"age_group":"70-79   ","count":143,"tested":1663},{"age_group":"80+","count":74,"tested":741}],"race":[{"description":"Left Blank","count":613,"tested":13644,"color":"rgb(44,160,44)"},{"description":"White","count":77,"tested":1273,"color":"rgb(31,119,180)"},{"description":"Hispanic","count":378,"tested":2035,"color":"rgb(214,39,40)"},{"description":"Other","count":59,"tested":763,"color":"rgb(148,103,189)"},{"description":"Asian","count":9,"tested":90,"color":"rgb(140,86,75)"},{"description":"Black","count":1800,"tested":17625,"color":"rgb(255,127,14)"}],"gender":[{"description":"Male","count":1245,"tested":14660,"color":"rgb(31,119,180)"},{"description":"Female","count":1662,"tested":18791,"color":"rgb(255,127,14)"},{"description":"Unknown/Left Blank","count":32,"tested":2024,"color":"rgb(44,160,44)"}]}
