{"age":[{"age_group":"<20","count":9,"tested":134},{"age_group":"20-29   ","count":19,"tested":192},{"age_group":"30-39   ","count":12,"tested":180},{"age_group":"40-49   ","count":11,"tested":112},{"age_group":"50-59   ","count":31,"tested":185},{"age_group":"60-69   ","count":17,"tested":162},{"age_group":"70-79   ","count":7,"tested":107}],"race":[{"description":"White","count":68,"tested":638,"color":"rgb(31,119,180)"},{"description":"Hispanic","count":14,"tested":47,"color":"rgb(214,39,40)"},{"description":"Left Blank","count":26,"tested":402,"color":"rgb(44,160,44)"}],"gender":[{"description":"Male","count":55,"tested":531,"color":"rgb(31,119,180)"},{"description":"Female","count":53,"tested":594,"color":"rgb(255,127,14)"}]}
