{"age":[{"age_group":"<20","count":174,"tested":1511},{"age_group":"20-29   ","count":138,"tested":1543},{"age_group":"30-39   ","count":116,"tested":1205},{"age_group":"40-49   ","count":130,"tested":1317},{"age_group":"50-59   ","count":154,"tested":1726},{"age_group":"60-69   ","count":75,"tested":1235},{"age_group":"70-79   ","count":38,"tested":599},{"age_group":"80+","count":11,"tested":260}],"race":[{"description":"Other","count":10,"tested":190,"color":"rgb(148,103,189)"},{"description":"Asian","count":9,"tested":196,"color":"rgb(140,86,75)"},{"description":"Hispanic","count":76,"tested":378,"color":"rgb(214,39,40)"},{"description":"Left Blank","count":199,"tested":3538,"color":"rgb(44,160,44)"},{"description":"White","count":541,"tested":5036,"color":"rgb(31,119,180)"}],"gender":[{"description":"Female","count":433,"tested":5349,"color":"rgb(255,127,14)"},{"description":"Male","count":399,"tested":3948,"color":"rgb(31,119,180)"}]}
