{"age":[{"age_group":"<20","count":815,"tested":6639},{"age_group":"20-29   ","count":963,"tested":11067},{"age_group":"30-39   ","count":891,"tested":10334},{"age_group":"40-49   ","count":848,"tested":9331},{"age_group":"50-59   ","count":771,"tested":10966},{"age_group":"60-69   ","count":443,"tested":7724},{"age_group":"70-79   ","count":259,"tested":5297},{"age_group":"80+","count":180,"tested":4310}],"race":[{"description":"Asian","count":235,"tested":3133,"color":"rgb(140,86,75)"},{"description":"Other","count":228,"tested":2191,"color":"rgb(148,103,189)"},{"description":"Left Blank","count":1443,"tested":33428,"color":"rgb(44,160,44)"},{"description":"White","count":1034,"tested":12240,"color":"rgb(31,119,180)"},{"description":"Black","count":709,"tested":7375,"color":"rgb(255,127,14)"},{"description":"Hispanic","count":1505,"tested":7216,"color":"rgb(214,39,40)"},{"description":"NH/PI*","count":6,"tested":54,"color":"rgb(127,127,127)"},{"description":"AI/AN**","count":10,"tested":53,"color":"rgb(31,119,180)"}],"gender":[{"description":"Male","count":2412,"tested":25668,"color":"rgb(31,119,180)"},{"description":"Unknown/Left Blank","count":38,"tested":959,"color":"rgb(44,160,44)"},{"description":"Female","count":2720,"tested":39063,"color":"rgb(255,127,14)"}]}
