{"age":[{"age_group":"<20","count":274,"tested":5282},{"age_group":"20-29   ","count":255,"tested":5107},{"age_group":"30-39   ","count":220,"tested":3585},{"age_group":"40-49   ","count":300,"tested":4285},{"age_group":"50-59   ","count":284,"tested":4462},{"age_group":"60-69   ","count":135,"tested":3026},{"age_group":"70-79   ","count":86,"tested":1723},{"age_group":"80+","count":96,"tested":2873}],"race":[{"description":"Asian","count":141,"tested":2865,"color":"rgb(140,86,75)"},{"description":"Black","count":31,"tested":534,"color":"rgb(255,127,14)"},{"description":"Other","count":114,"tested":1189,"color":"rgb(148,103,189)"},{"description":"White","count":693,"tested":10812,"color":"rgb(31,119,180)"},{"description":"Left Blank","count":359,"tested":12921,"color":"rgb(44,160,44)"},{"description":"Hispanic","count":305,"tested":1823,"color":"rgb(214,39,40)"}],"gender":[{"description":"Female","count":847,"tested":16965,"color":"rgb(255,127,14)"},{"description":"Male","count":785,"tested":12732,"color":"rgb(31,119,180)"},{"description":"Unknown/Left Blank","count":20,"tested":678,"color":"rgb(44,160,44)"}]}
