{"age":[{"age_group":"<20","count":159,"tested":1553},{"age_group":"20-29   ","count":140,"tested":1772},{"age_group":"30-39   ","count":154,"tested":1625},{"age_group":"40-49   ","count":110,"tested":1444},{"age_group":"50-59   ","count":172,"tested":2000},{"age_group":"60-69   ","count":165,"tested":1997},{"age_group":"70-79   ","count":73,"tested":1036},{"age_group":"80+","count":40,"tested":568}],"race":[{"description":"Hispanic","count":109,"tested":364,"color":"rgb(214,39,40)"},{"description":"White","count":641,"tested":5250,"color":"rgb(31,119,180)"},{"description":"Left Blank","count":185,"tested":5723,"color":"rgb(44,160,44)"},{"description":"Black","count":17,"tested":155,"color":"rgb(255,127,14)"},{"description":"Asian","count":40,"tested":248,"color":"rgb(140,86,75)"},{"description":"Other","count":21,"tested":222,"color":"rgb(148,103,189)"}],"gender":[{"description":"Male","count":493,"tested":5117,"color":"rgb(31,119,180)"},{"description":"Female","count":517,"tested":6720,"color":"rgb(255,127,14)"}]}
