{"age":[{"age_group":"<20","count":271,"tested":4659},{"age_group":"20-29   ","count":829,"tested":20882},{"age_group":"30-39   ","count":914,"tested":24735},{"age_group":"40-49   ","count":615,"tested":14044},{"age_group":"50-59   ","count":564,"tested":15067},{"age_group":"60-69   ","count":442,"tested":11020},{"age_group":"70-79   ","count":292,"tested":5498},{"age_group":"80+","count":256,"tested":6223}],"race":[{"description":"Asian","count":285,"tested":4081,"color":"rgb(140,86,75)"},{"description":"Hispanic","count":530,"tested":4402,"color":"rgb(214,39,40)"},{"description":"Black","count":535,"tested":8199,"color":"rgb(255,127,14)"},{"description":"White","count":1357,"tested":29221,"color":"rgb(31,119,180)"},{"description":"Left Blank","count":1249,"tested":52670,"color":"rgb(44,160,44)"},{"description":"Other","count":213,"tested":3567,"color":"rgb(148,103,189)"},{"description":"AI/AN**","count":8,"tested":60,"color":"rgb(31,119,180)"}],"gender":[{"description":"Female","count":1890,"tested":50035,"color":"rgb(255,127,14)"},{"description":"Male","count":2090,"tested":47533,"color":"rgb(31,119,180)"},{"description":"Unknown/Left Blank","count":203,"tested":4742,"color":"rgb(44,160,44)"}]}
