{"age":[{"age_group":"<20","count":271,"tested":2333},{"age_group":"20-29   ","count":234,"tested":2164},{"age_group":"30-39   ","count":278,"tested":2224},{"age_group":"40-49   ","count":302,"tested":2372},{"age_group":"50-59   ","count":192,"tested":1831},{"age_group":"60-69   ","count":121,"tested":1387},{"age_group":"70-79   ","count":53,"tested":998},{"age_group":"80+","count":17,"tested":823}],"race":[{"description":"Other","count":58,"tested":518,"color":"rgb(148,103,189)"},{"description":"Black","count":25,"tested":231,"color":"rgb(255,127,14)"},{"description":"Left Blank","count":451,"tested":4896,"color":"rgb(44,160,44)"},{"description":"White","count":769,"tested":7516,"color":"rgb(31,119,180)"},{"description":"Hispanic","count":159,"tested":890,"color":"rgb(214,39,40)"}],"gender":[{"description":"Female","count":768,"tested":8055,"color":"rgb(255,127,14)"},{"description":"Male","count":690,"tested":5534,"color":"rgb(31,119,180)"},{"description":"Unknown/Left Blank","count":10,"tested":544,"color":"rgb(44,160,44)"}]}
