{"lastUpdatedDate":{"year":2021,"month":8,"day":18},"county_demographics":[{"County":"Pope","confirmed_cases":376,"total_tested":4437,"demographics":{"age":[{"race":[],"age_group":"<20","count":47,"tested":503,"deaths":0},{"race":[],"age_group":"20-29   ","count":39,"tested":527,"deaths":0},{"race":[],"age_group":"30-39   ","count":35,"tested":626,"deaths":0},{"race":[],"age_group":"40-49   ","count":53,"tested":785,"deaths":0},{"race":[],"age_group":"50-59   ","count":58,"tested":783,"deaths":0},{"race":[],"age_group":"60-69   ","count":76,"tested":710,"deaths":0},{"race":[],"age_group":"70-79   ","count":38,"tested":324,"deaths":0},{"race":[],"age_group":"80+","count":18,"tested":179,"deaths":0}],"race":[{"description":"AI/AN**","count":0,"tested":0,"deaths":0,"color":"rgb(31,119,180)"},{"description":"Asian","count":0,"tested":0,"deaths":0,"color":"rgb(140,86,75)"},{"description":"Black","count":0,"tested":25,"deaths":0,"color":"rgb(255,127,14)"},{"description":"Hispanic","count":0,"tested":8,"deaths":0,"color":"rgb(214,39,40)"},{"description":"Left Blank","count":142,"tested":2439,"deaths":0,"color":"rgb(44,160,44)"},{"description":"NH/PI*","count":0,"tested":0,"deaths":0,"color":"rgb(127,127,127)"},{"description":"Other","count":0,"tested":19,"deaths":0,"color":"rgb(148,103,189)"},{"description":"White","count":226,"tested":1943,"deaths":0,"color":"rgb(31,119,180)"}],"gender":[{"description":"Female","count":188,"tested":2137,"deaths":0,"color":"rgb(255,127,14)"},{"description":"Male","count":186,"tested":1790,"deaths":0,"color":"rgb(31,119,180)"},{"description":"Unknown/Left Blank","count":0,"tested":510,"deaths":0,"color":"rgb(44,160,44)"}]}}]}
