{"lastUpdatedDate":{"year":2021,"month":8,"day":18},"county_demographics":[{"County":"Moultrie","confirmed_cases":1762,"total_tested":29499,"demographics":{"age":[{"race":[],"age_group":"<20","count":303,"tested":4553,"deaths":0},{"race":[],"age_group":"20-29   ","count":211,"tested":4305,"deaths":0},{"race":[],"age_group":"30-39   ","count":218,"tested":3981,"deaths":0},{"race":[],"age_group":"40-49   ","count":189,"tested":4017,"deaths":0},{"race":[],"age_group":"50-59   ","count":277,"tested":4178,"deaths":0},{"race":[],"age_group":"60-69   ","count":257,"tested":3778,"deaths":0},{"race":[],"age_group":"70-79   ","count":162,"tested":2348,"deaths":0},{"race":[],"age_group":"80+","count":145,"tested":2168,"deaths":0},{"race":[],"age_group":"Unknown","count":0,"tested":171,"deaths":0}],"race":[{"description":"AI/AN**","count":0,"tested":6,"deaths":0,"color":"rgb(31,119,180)"},{"description":"Asian","count":0,"tested":52,"deaths":0,"color":"rgb(140,86,75)"},{"description":"Black","count":14,"tested":291,"deaths":0,"color":"rgb(255,127,14)"},{"description":"Hispanic","count":13,"tested":136,"deaths":0,"color":"rgb(214,39,40)"},{"description":"Left Blank","count":446,"tested":9289,"deaths":0,"color":"rgb(44,160,44)"},{"description":"NH/PI*","count":0,"tested":21,"deaths":0,"color":"rgb(127,127,127)"},{"description":"Other","count":20,"tested":399,"deaths":0,"color":"rgb(148,103,189)"},{"description":"White","count":1265,"tested":19305,"deaths":0,"color":"rgb(31,119,180)"}],"gender":[{"description":"Female","count":924,"tested":18397,"deaths":0,"color":"rgb(255,127,14)"},{"description":"Male","count":825,"tested":9926,"deaths":0,"color":"rgb(31,119,180)"},{"description":"Unknown/Left Blank","count":9,"tested":1176,"deaths":0,"color":"rgb(44,160,44)"}]}}]}
