{"lastUpdatedDate":{"year":2021,"month":8,"day":18},"county_demographics":[{"County":"Hardin","confirmed_cases":464,"total_tested":7191,"demographics":{"age":[{"race":[],"age_group":"<20","count":78,"tested":593,"deaths":0},{"race":[],"age_group":"20-29   ","count":60,"tested":1206,"deaths":0},{"race":[],"age_group":"30-39   ","count":50,"tested":1079,"deaths":0},{"race":[],"age_group":"40-49   ","count":61,"tested":1090,"deaths":0},{"race":[],"age_group":"50-59   ","count":63,"tested":1230,"deaths":0},{"race":[],"age_group":"60-69   ","count":65,"tested":915,"deaths":0},{"race":[],"age_group":"70-79   ","count":52,"tested":630,"deaths":0},{"race":[],"age_group":"80+","count":31,"tested":444,"deaths":0},{"race":[],"age_group":"Unknown","count":0,"tested":0,"deaths":0}],"race":[{"description":"AI/AN**","count":0,"tested":0,"deaths":0,"color":"rgb(31,119,180)"},{"description":"Asian","count":0,"tested":17,"deaths":0,"color":"rgb(140,86,75)"},{"description":"Black","count":0,"tested":98,"deaths":0,"color":"rgb(255,127,14)"},{"description":"Hispanic","count":0,"tested":19,"deaths":0,"color":"rgb(214,39,40)"},{"description":"Left Blank","count":122,"tested":2289,"deaths":0,"color":"rgb(44,160,44)"},{"description":"Other","count":0,"tested":20,"deaths":0,"color":"rgb(148,103,189)"},{"description":"White","count":333,"tested":4745,"deaths":0,"color":"rgb(31,119,180)"}],"gender":[{"description":"Female","count":270,"tested":4539,"deaths":0,"color":"rgb(255,127,14)"},{"description":"Male","count":193,"tested":2380,"deaths":0,"color":"rgb(31,119,180)"},{"description":"Unknown/Left Blank","count":0,"tested":272,"deaths":0,"color":"rgb(44,160,44)"}]}}]}
