{"lastUpdatedDate":{"year":2021,"month":7,"day":22},"county_demographics":[{"County":"Calhoun","confirmed_cases":534,"total_tested":6506,"demographics":{"age":[{"race":[],"age_group":"<20","count":107,"tested":1053,"deaths":0},{"race":[],"age_group":"20-29   ","count":80,"tested":839,"deaths":0},{"race":[],"age_group":"30-39   ","count":78,"tested":976,"deaths":0},{"race":[],"age_group":"40-49   ","count":65,"tested":749,"deaths":0},{"race":[],"age_group":"50-59   ","count":63,"tested":927,"deaths":0},{"race":[],"age_group":"60-69   ","count":80,"tested":688,"deaths":0},{"race":[],"age_group":"70-79   ","count":37,"tested":541,"deaths":0},{"race":[],"age_group":"80+","count":24,"tested":731,"deaths":0},{"race":[],"age_group":"Unknown","count":0,"tested":0,"deaths":0}],"race":[{"description":"AI/AN**","count":0,"tested":0,"deaths":0,"color":"rgb(31,119,180)"},{"description":"Asian","count":0,"tested":0,"deaths":0,"color":"rgb(140,86,75)"},{"description":"Black","count":0,"tested":27,"deaths":0,"color":"rgb(255,127,14)"},{"description":"Hispanic","count":0,"tested":0,"deaths":0,"color":"rgb(214,39,40)"},{"description":"Left Blank","count":78,"tested":1490,"deaths":0,"color":"rgb(44,160,44)"},{"description":"Other","count":0,"tested":39,"deaths":0,"color":"rgb(148,103,189)"},{"description":"White","count":446,"tested":4940,"deaths":0,"color":"rgb(31,119,180)"}],"gender":[{"description":"Female","count":280,"tested":4065,"deaths":0,"color":"rgb(255,127,14)"},{"description":"Male","count":251,"tested":2349,"deaths":0,"color":"rgb(31,119,180)"},{"description":"Unknown/Left Blank","count":0,"tested":92,"deaths":0,"color":"rgb(44,160,44)"}]}}]}
