{"lastUpdatedDate":{"year":2021,"month":7,"day":22},"county_demographics":[{"County":"Ford","confirmed_cases":1919,"total_tested":33788,"demographics":{"age":[{"race":[],"age_group":"<20","count":393,"tested":5347,"deaths":0},{"race":[],"age_group":"20-29   ","count":274,"tested":4931,"deaths":0},{"race":[],"age_group":"30-39   ","count":256,"tested":4578,"deaths":0},{"race":[],"age_group":"40-49   ","count":232,"tested":4056,"deaths":0},{"race":[],"age_group":"50-59   ","count":234,"tested":4416,"deaths":0},{"race":[],"age_group":"60-69   ","count":215,"tested":4152,"deaths":0},{"race":[],"age_group":"70-79   ","count":125,"tested":2458,"deaths":0},{"race":[],"age_group":"80+","count":190,"tested":3841,"deaths":0},{"race":[],"age_group":"Unknown","count":0,"tested":9,"deaths":0}],"race":[{"description":"AI/AN**","count":0,"tested":17,"deaths":0,"color":"rgb(31,119,180)"},{"description":"Asian","count":0,"tested":92,"deaths":0,"color":"rgb(140,86,75)"},{"description":"Black","count":7,"tested":275,"deaths":0,"color":"rgb(255,127,14)"},{"description":"Hispanic","count":63,"tested":511,"deaths":0,"color":"rgb(214,39,40)"},{"description":"Left Blank","count":256,"tested":8366,"deaths":0,"color":"rgb(44,160,44)"},{"description":"NH/PI*","count":0,"tested":25,"deaths":0,"color":"rgb(127,127,127)"},{"description":"Other","count":35,"tested":446,"deaths":0,"color":"rgb(148,103,189)"},{"description":"White","count":1544,"tested":24056,"deaths":0,"color":"rgb(31,119,180)"}],"gender":[{"description":"Female","count":1046,"tested":20892,"deaths":0,"color":"rgb(255,127,14)"},{"description":"Male","count":854,"tested":12060,"deaths":0,"color":"rgb(31,119,180)"},{"description":"Unknown/Left Blank","count":19,"tested":836,"deaths":0,"color":"rgb(44,160,44)"}]}}]}
