{"lastUpdatedDate":{"year":2021,"month":7,"day":22},"county_demographics":[{"County":"Saline","confirmed_cases":2670,"total_tested":42115,"demographics":{"age":[{"race":[],"age_group":"<20","count":435,"tested":5010,"deaths":0},{"race":[],"age_group":"20-29   ","count":384,"tested":6327,"deaths":0},{"race":[],"age_group":"30-39   ","count":377,"tested":5854,"deaths":0},{"race":[],"age_group":"40-49   ","count":342,"tested":5709,"deaths":0},{"race":[],"age_group":"50-59   ","count":366,"tested":5862,"deaths":0},{"race":[],"age_group":"60-69   ","count":326,"tested":5148,"deaths":0},{"race":[],"age_group":"70-79   ","count":250,"tested":4090,"deaths":0},{"race":[],"age_group":"80+","count":190,"tested":4113,"deaths":0},{"race":[],"age_group":"Unknown","count":0,"tested":0,"deaths":0}],"race":[{"description":"AI/AN**","count":0,"tested":12,"deaths":0,"color":"rgb(31,119,180)"},{"description":"Asian","count":0,"tested":62,"deaths":0,"color":"rgb(140,86,75)"},{"description":"Black","count":80,"tested":1155,"deaths":0,"color":"rgb(255,127,14)"},{"description":"Hispanic","count":21,"tested":165,"deaths":0,"color":"rgb(214,39,40)"},{"description":"Left Blank","count":837,"tested":21398,"deaths":0,"color":"rgb(44,160,44)"},{"description":"NH/PI*","count":0,"tested":20,"deaths":0,"color":"rgb(127,127,127)"},{"description":"Other","count":17,"tested":183,"deaths":0,"color":"rgb(148,103,189)"},{"description":"White","count":1704,"tested":19120,"deaths":0,"color":"rgb(31,119,180)"}],"gender":[{"description":"Female","count":1453,"tested":24206,"deaths":0,"color":"rgb(255,127,14)"},{"description":"Male","count":1172,"tested":15762,"deaths":0,"color":"rgb(31,119,180)"},{"description":"Unknown/Left Blank","count":41,"tested":2147,"deaths":0,"color":"rgb(44,160,44)"}]}}]}
