{"lastUpdatedDate":{"year":2021,"month":7,"day":22},"county_demographics":[{"County":"Marshall","confirmed_cases":1095,"total_tested":23477,"demographics":{"age":[{"race":[],"age_group":"<20","count":184,"tested":2885,"deaths":0},{"race":[],"age_group":"20-29   ","count":177,"tested":3447,"deaths":0},{"race":[],"age_group":"30-39   ","count":142,"tested":2963,"deaths":0},{"race":[],"age_group":"40-49   ","count":170,"tested":3196,"deaths":0},{"race":[],"age_group":"50-59   ","count":165,"tested":3813,"deaths":0},{"race":[],"age_group":"60-69   ","count":137,"tested":3204,"deaths":0},{"race":[],"age_group":"70-79   ","count":83,"tested":1799,"deaths":0},{"race":[],"age_group":"80+","count":32,"tested":2093,"deaths":0},{"race":[],"age_group":"Unknown","count":0,"tested":77,"deaths":0}],"race":[{"description":"AI/AN**","count":0,"tested":0,"deaths":0,"color":"rgb(31,119,180)"},{"description":"Asian","count":0,"tested":27,"deaths":0,"color":"rgb(140,86,75)"},{"description":"Black","count":0,"tested":90,"deaths":0,"color":"rgb(255,127,14)"},{"description":"Hispanic","count":9,"tested":250,"deaths":0,"color":"rgb(214,39,40)"},{"description":"Left Blank","count":363,"tested":10202,"deaths":0,"color":"rgb(44,160,44)"},{"description":"NH/PI*","count":0,"tested":12,"deaths":0,"color":"rgb(127,127,127)"},{"description":"Other","count":22,"tested":262,"deaths":0,"color":"rgb(148,103,189)"},{"description":"White","count":692,"tested":12632,"deaths":0,"color":"rgb(31,119,180)"}],"gender":[{"description":"Female","count":568,"tested":15275,"deaths":0,"color":"rgb(255,127,14)"},{"description":"Male","count":522,"tested":7702,"deaths":0,"color":"rgb(31,119,180)"},{"description":"Unknown/Left Blank","count":0,"tested":500,"deaths":0,"color":"rgb(44,160,44)"}]}}]}
