{"lastUpdatedDate":{"year":2021,"month":7,"day":22},"county_demographics":[{"County":"Sangamon","confirmed_cases":19437,"total_tested":419414,"demographics":{"age":[{"race":[],"age_group":"<20","count":3254,"tested":55784,"deaths":0},{"race":[],"age_group":"20-29   ","count":3306,"tested":76895,"deaths":0},{"race":[],"age_group":"30-39   ","count":2898,"tested":65583,"deaths":0},{"race":[],"age_group":"40-49   ","count":2734,"tested":57554,"deaths":0},{"race":[],"age_group":"50-59   ","count":2866,"tested":60301,"deaths":0},{"race":[],"age_group":"60-69   ","count":2162,"tested":49569,"deaths":0},{"race":[],"age_group":"70-79   ","count":1281,"tested":30273,"deaths":0},{"race":[],"age_group":"80+","count":935,"tested":23368,"deaths":0},{"race":[],"age_group":"Unknown","count":0,"tested":87,"deaths":0}],"race":[{"description":"AI/AN**","count":8,"tested":410,"deaths":0,"color":"rgb(31,119,180)"},{"description":"Asian","count":154,"tested":5175,"deaths":0,"color":"rgb(140,86,75)"},{"description":"Black","count":2238,"tested":36044,"deaths":0,"color":"rgb(255,127,14)"},{"description":"Hispanic","count":245,"tested":4179,"deaths":0,"color":"rgb(214,39,40)"},{"description":"Left Blank","count":7663,"tested":159853,"deaths":0,"color":"rgb(44,160,44)"},{"description":"NH/PI*","count":33,"tested":4467,"deaths":0,"color":"rgb(127,127,127)"},{"description":"Other","count":265,"tested":9987,"deaths":0,"color":"rgb(148,103,189)"},{"description":"White","count":8828,"tested":199299,"deaths":0,"color":"rgb(31,119,180)"}],"gender":[{"description":"Female","count":9710,"tested":239142,"deaths":0,"color":"rgb(255,127,14)"},{"description":"Male","count":8197,"tested":171264,"deaths":0,"color":"rgb(31,119,180)"},{"description":"Unknown/Left Blank","count":1530,"tested":9008,"deaths":0,"color":"rgb(44,160,44)"}]}}]}
