{"lastUpdatedDate":{"year":2021,"month":7,"day":22},"county_demographics":[{"County":"Piatt","confirmed_cases":1549,"total_tested":35210,"demographics":{"age":[{"race":[],"age_group":"<20","count":304,"tested":7604,"deaths":0},{"race":[],"age_group":"20-29   ","count":200,"tested":4973,"deaths":0},{"race":[],"age_group":"30-39   ","count":234,"tested":4550,"deaths":0},{"race":[],"age_group":"40-49   ","count":240,"tested":4334,"deaths":0},{"race":[],"age_group":"50-59   ","count":226,"tested":4521,"deaths":0},{"race":[],"age_group":"60-69   ","count":204,"tested":4085,"deaths":0},{"race":[],"age_group":"70-79   ","count":83,"tested":2420,"deaths":0},{"race":[],"age_group":"80+","count":58,"tested":2716,"deaths":0},{"race":[],"age_group":"Unknown","count":0,"tested":7,"deaths":0}],"race":[{"description":"AI/AN**","count":0,"tested":42,"deaths":0,"color":"rgb(31,119,180)"},{"description":"Asian","count":0,"tested":173,"deaths":0,"color":"rgb(140,86,75)"},{"description":"Black","count":11,"tested":204,"deaths":0,"color":"rgb(255,127,14)"},{"description":"Hispanic","count":10,"tested":288,"deaths":0,"color":"rgb(214,39,40)"},{"description":"Left Blank","count":258,"tested":9709,"deaths":0,"color":"rgb(44,160,44)"},{"description":"NH/PI*","count":0,"tested":9,"deaths":0,"color":"rgb(127,127,127)"},{"description":"Other","count":30,"tested":812,"deaths":0,"color":"rgb(148,103,189)"},{"description":"White","count":1236,"tested":23973,"deaths":0,"color":"rgb(31,119,180)"}],"gender":[{"description":"Female","count":806,"tested":20667,"deaths":0,"color":"rgb(255,127,14)"},{"description":"Male","count":743,"tested":13966,"deaths":0,"color":"rgb(31,119,180)"},{"description":"Unknown/Left Blank","count":0,"tested":577,"deaths":0,"color":"rgb(44,160,44)"}]}}]}
