{"lastUpdatedDate":{"year":2021,"month":8,"day":17},"county_demographics":[{"County":"Randolph","confirmed_cases":4709,"total_tested":73455,"demographics":{"age":[{"race":[],"age_group":"<20","count":734,"tested":6572,"deaths":0},{"race":[],"age_group":"20-29   ","count":764,"tested":11183,"deaths":0},{"race":[],"age_group":"30-39   ","count":735,"tested":13708,"deaths":0},{"race":[],"age_group":"40-49   ","count":698,"tested":13320,"deaths":0},{"race":[],"age_group":"50-59   ","count":640,"tested":10512,"deaths":0},{"race":[],"age_group":"60-69   ","count":545,"tested":7130,"deaths":0},{"race":[],"age_group":"70-79   ","count":290,"tested":4097,"deaths":0},{"race":[],"age_group":"80+","count":303,"tested":6903,"deaths":0},{"race":[],"age_group":"Unknown","count":0,"tested":30,"deaths":0}],"race":[{"description":"AI/AN**","count":0,"tested":14,"deaths":0,"color":"rgb(31,119,180)"},{"description":"Asian","count":0,"tested":63,"deaths":0,"color":"rgb(140,86,75)"},{"description":"Black","count":239,"tested":3455,"deaths":0,"color":"rgb(255,127,14)"},{"description":"Hispanic","count":139,"tested":669,"deaths":0,"color":"rgb(214,39,40)"},{"description":"Left Blank","count":1457,"tested":32790,"deaths":0,"color":"rgb(44,160,44)"},{"description":"NH/PI*","count":0,"tested":34,"deaths":0,"color":"rgb(127,127,127)"},{"description":"Other","count":25,"tested":501,"deaths":0,"color":"rgb(148,103,189)"},{"description":"White","count":2841,"tested":35929,"deaths":0,"color":"rgb(31,119,180)"}],"gender":[{"description":"Female","count":2418,"tested":38004,"deaths":0,"color":"rgb(255,127,14)"},{"description":"Male","count":2217,"tested":29348,"deaths":0,"color":"rgb(31,119,180)"},{"description":"Unknown/Left Blank","count":74,"tested":6103,"deaths":0,"color":"rgb(44,160,44)"}]}}]}
