{"lastUpdatedDate":{"year":2021,"month":8,"day":17},"county_demographics":[{"County":"Logan","confirmed_cases":4337,"total_tested":109496,"demographics":{"age":[{"race":[],"age_group":"<20","count":593,"tested":9601,"deaths":0},{"race":[],"age_group":"20-29   ","count":709,"tested":19109,"deaths":0},{"race":[],"age_group":"30-39   ","count":810,"tested":23566,"deaths":0},{"race":[],"age_group":"40-49   ","count":651,"tested":17810,"deaths":0},{"race":[],"age_group":"50-59   ","count":585,"tested":14642,"deaths":0},{"race":[],"age_group":"60-69   ","count":468,"tested":9439,"deaths":0},{"race":[],"age_group":"70-79   ","count":279,"tested":5282,"deaths":0},{"race":[],"age_group":"80+","count":240,"tested":7319,"deaths":0},{"race":[],"age_group":"Unknown","count":0,"tested":2728,"deaths":0}],"race":[{"description":"AI/AN**","count":0,"tested":23,"deaths":0,"color":"rgb(31,119,180)"},{"description":"Asian","count":14,"tested":94,"deaths":0,"color":"rgb(140,86,75)"},{"description":"Black","count":373,"tested":1739,"deaths":0,"color":"rgb(255,127,14)"},{"description":"Hispanic","count":115,"tested":576,"deaths":0,"color":"rgb(214,39,40)"},{"description":"Left Blank","count":550,"tested":72799,"deaths":0,"color":"rgb(44,160,44)"},{"description":"NH/PI*","count":0,"tested":89,"deaths":0,"color":"rgb(127,127,127)"},{"description":"Other","count":26,"tested":797,"deaths":0,"color":"rgb(148,103,189)"},{"description":"White","count":3245,"tested":33379,"deaths":0,"color":"rgb(31,119,180)"}],"gender":[{"description":"Female","count":2325,"tested":61327,"deaths":0,"color":"rgb(255,127,14)"},{"description":"Male","count":1822,"tested":28401,"deaths":0,"color":"rgb(31,119,180)"},{"description":"Unknown/Left Blank","count":190,"tested":19768,"deaths":0,"color":"rgb(44,160,44)"}]}}]}
