{"lastUpdatedDate":{"year":2021,"month":8,"day":17},"county_demographics":[{"County":"Ogle","confirmed_cases":6456,"total_tested":74114,"demographics":{"age":[{"race":[],"age_group":"<20","count":1124,"tested":10739,"deaths":0},{"race":[],"age_group":"20-29   ","count":1054,"tested":11412,"deaths":0},{"race":[],"age_group":"30-39   ","count":997,"tested":10874,"deaths":0},{"race":[],"age_group":"40-49   ","count":950,"tested":9573,"deaths":0},{"race":[],"age_group":"50-59   ","count":1004,"tested":10986,"deaths":0},{"race":[],"age_group":"60-69   ","count":645,"tested":9076,"deaths":0},{"race":[],"age_group":"70-79   ","count":373,"tested":4802,"deaths":0},{"race":[],"age_group":"80+","count":266,"tested":6623,"deaths":0},{"race":[],"age_group":"Unknown","count":43,"tested":29,"deaths":0}],"race":[{"description":"AI/AN**","count":0,"tested":125,"deaths":0,"color":"rgb(31,119,180)"},{"description":"Asian","count":11,"tested":166,"deaths":0,"color":"rgb(140,86,75)"},{"description":"Black","count":40,"tested":696,"deaths":0,"color":"rgb(255,127,14)"},{"description":"Hispanic","count":540,"tested":2329,"deaths":0,"color":"rgb(214,39,40)"},{"description":"Left Blank","count":2475,"tested":30122,"deaths":0,"color":"rgb(44,160,44)"},{"description":"NH/PI*","count":0,"tested":6,"deaths":0,"color":"rgb(127,127,127)"},{"description":"Other","count":86,"tested":956,"deaths":0,"color":"rgb(148,103,189)"},{"description":"White","count":3296,"tested":39714,"deaths":0,"color":"rgb(31,119,180)"}],"gender":[{"description":"Female","count":3442,"tested":46693,"deaths":0,"color":"rgb(255,127,14)"},{"description":"Male","count":2972,"tested":23724,"deaths":0,"color":"rgb(31,119,180)"},{"description":"Unknown/Left Blank","count":42,"tested":3697,"deaths":0,"color":"rgb(44,160,44)"}]}}]}
