{"age":[{"age_group":"<20","count":809,"tested":17344},{"age_group":"20-29   ","count":1449,"tested":27794},{"age_group":"30-39   ","count":617,"tested":8960},{"age_group":"40-49   ","count":495,"tested":5919},{"age_group":"50-59   ","count":414,"tested":6558},{"age_group":"60-69   ","count":282,"tested":5405},{"age_group":"70-79   ","count":172,"tested":4069},{"age_group":"80+","count":201,"tested":7830}],"race":[{"description":"Left Blank","count":1000,"tested":35445,"color":"rgb(44,160,44)"},{"description":"Other","count":53,"tested":835,"color":"rgb(148,103,189)"},{"description":"Black","count":638,"tested":10239,"color":"rgb(255,127,14)"},{"description":"Hispanic","count":808,"tested":5937,"color":"rgb(214,39,40)"},{"description":"White","count":1864,"tested":29604,"color":"rgb(31,119,180)"},{"description":"Asian","count":72,"tested":1723,"color":"rgb(140,86,75)"}],"gender":[{"description":"Female","count":2370,"tested":52790,"color":"rgb(255,127,14)"},{"description":"Male","count":2058,"tested":30738,"color":"rgb(31,119,180)"},{"description":"Unknown/Left Blank","count":11,"tested":360,"color":"rgb(44,160,44)"}]}
