{"age":[{"age_group":"<20","count":173,"tested":4090},{"age_group":"20-29   ","count":82,"tested":1862},{"age_group":"30-39   ","count":32,"tested":1342},{"age_group":"40-49   ","count":73,"tested":1780},{"age_group":"50-59   ","count":83,"tested":2152},{"age_group":"60-69   ","count":31,"tested":1389},{"age_group":"70-79   ","count":17,"tested":750},{"age_group":"80+","count":7,"tested":333}],"race":[{"description":"Asian","count":8,"tested":267,"color":"rgb(140,86,75)"},{"description":"Hispanic","count":18,"tested":210,"color":"rgb(214,39,40)"},{"description":"White","count":283,"tested":7087,"color":"rgb(31,119,180)"},{"description":"Other","count":71,"tested":1442,"color":"rgb(148,103,189)"},{"description":"Left Blank","count":115,"tested":4633,"color":"rgb(44,160,44)"}],"gender":[{"description":"Male","count":273,"tested":6833,"color":"rgb(31,119,180)"},{"description":"Female","count":223,"tested":6813,"color":"rgb(255,127,14)"}]}
