{"age":[{"age_group":"<20","count":736,"tested":7998},{"age_group":"20-29   ","count":834,"tested":12666},{"age_group":"30-39   ","count":899,"tested":12428},{"age_group":"40-49   ","count":918,"tested":12599},{"age_group":"50-59   ","count":872,"tested":13979},{"age_group":"60-69   ","count":640,"tested":11561},{"age_group":"70-79   ","count":423,"tested":7429},{"age_group":"80+","count":281,"tested":4801}],"race":[{"description":"White","count":86,"tested":1558,"color":"rgb(31,119,180)"},{"description":"Left Blank","count":1206,"tested":29486,"color":"rgb(44,160,44)"},{"description":"Other","count":130,"tested":1205,"color":"rgb(148,103,189)"},{"description":"Black","count":3903,"tested":49240,"color":"rgb(255,127,14)"},{"description":"Hispanic","count":264,"tested":1797,"color":"rgb(214,39,40)"}],"gender":[{"description":"Male","count":2386,"tested":33922,"color":"rgb(31,119,180)"},{"description":"Unknown/Left Blank","count":38,"tested":2113,"color":"rgb(44,160,44)"},{"description":"Female","count":3179,"tested":47465,"color":"rgb(255,127,14)"}]}
