{"age":[{"age_group":"<20","count":460,"tested":4628},{"age_group":"20-29   ","count":353,"tested":3446},{"age_group":"30-39   ","count":335,"tested":4450},{"age_group":"40-49   ","count":430,"tested":4689},{"age_group":"50-59   ","count":350,"tested":3940},{"age_group":"60-69   ","count":230,"tested":3309},{"age_group":"70-79   ","count":148,"tested":2411},{"age_group":"80+","count":91,"tested":1498}],"race":[{"description":"Black","count":45,"tested":475,"color":"rgb(255,127,14)"},{"description":"Asian","count":164,"tested":2135,"color":"rgb(140,86,75)"},{"description":"Hispanic","count":312,"tested":1821,"color":"rgb(214,39,40)"},{"description":"Left Blank","count":655,"tested":11556,"color":"rgb(44,160,44)"},{"description":"Other","count":90,"tested":553,"color":"rgb(148,103,189)"},{"description":"White","count":1126,"tested":11773,"color":"rgb(31,119,180)"},{"description":"NH/PI*","count":6,"tested":42,"color":"rgb(127,127,127)"}],"gender":[{"description":"Female","count":1220,"tested":15658,"color":"rgb(255,127,14)"},{"description":"Male","count":1160,"tested":12338,"color":"rgb(31,119,180)"},{"description":"Unknown/Left Blank","count":19,"tested":384,"color":"rgb(44,160,44)"}]}
