{"age":[{"age_group":"<20","count":414,"tested":5086},{"age_group":"20-29   ","count":625,"tested":10174},{"age_group":"30-39   ","count":653,"tested":11916},{"age_group":"40-49   ","count":552,"tested":11432},{"age_group":"50-59   ","count":536,"tested":12416},{"age_group":"60-69   ","count":450,"tested":11220},{"age_group":"70-79   ","count":249,"tested":5176},{"age_group":"80+","count":190,"tested":3382}],"race":[{"description":"Other","count":60,"tested":928,"color":"rgb(148,103,189)"},{"description":"Black","count":2619,"tested":34208,"color":"rgb(255,127,14)"},{"description":"White","count":49,"tested":1326,"color":"rgb(31,119,180)"},{"description":"Asian","count":10,"tested":230,"color":"rgb(140,86,75)"},{"description":"Left Blank","count":836,"tested":33127,"color":"rgb(44,160,44)"},{"description":"Hispanic","count":86,"tested":858,"color":"rgb(214,39,40)"}],"gender":[{"description":"Male","count":1523,"tested":28148,"color":"rgb(31,119,180)"},{"description":"Female","count":2100,"tested":39877,"color":"rgb(255,127,14)"},{"description":"Unknown/Left Blank","count":46,"tested":2800,"color":"rgb(44,160,44)"}]}
