{"age":[{"age_group":"<20","count":40,"tested":543},{"age_group":"20-29   ","count":27,"tested":394},{"age_group":"30-39   ","count":34,"tested":340},{"age_group":"40-49   ","count":39,"tested":291},{"age_group":"50-59   ","count":45,"tested":552},{"age_group":"60-69   ","count":35,"tested":383},{"age_group":"70-79   ","count":22,"tested":230},{"age_group":"80+","count":46,"tested":158}],"race":[{"description":"White","count":256,"tested":1774,"color":"rgb(31,119,180)"},{"description":"Left Blank","count":17,"tested":996,"color":"rgb(44,160,44)"},{"description":"Hispanic","count":9,"tested":42,"color":"rgb(214,39,40)"}],"gender":[{"description":"Male","count":128,"tested":1059,"color":"rgb(31,119,180)"},{"description":"Female","count":160,"tested":1811,"color":"rgb(255,127,14)"}]}
