{"age":[{"age_group":"<20","count":187,"tested":2067},{"age_group":"20-29   ","count":129,"tested":2320},{"age_group":"30-39   ","count":105,"tested":1676},{"age_group":"40-49   ","count":143,"tested":2198},{"age_group":"50-59   ","count":171,"tested":2355},{"age_group":"60-69   ","count":104,"tested":1995},{"age_group":"70-79   ","count":66,"tested":1555},{"age_group":"80+","count":132,"tested":3113}],"race":[{"description":"Other","count":22,"tested":183,"color":"rgb(148,103,189)"},{"description":"Hispanic","count":37,"tested":222,"color":"rgb(214,39,40)"},{"description":"White","count":689,"tested":7330,"color":"rgb(31,119,180)"},{"description":"Left Blank","count":264,"tested":9241,"color":"rgb(44,160,44)"},{"description":"Asian","count":19,"tested":207,"color":"rgb(140,86,75)"}],"gender":[{"description":"Female","count":550,"tested":10628,"color":"rgb(255,127,14)"},{"description":"Unknown/Left Blank","count":11,"tested":537,"color":"rgb(44,160,44)"},{"description":"Male","count":476,"tested":6114,"color":"rgb(31,119,180)"}]}
