{"age":[{"age_group":"<20","count":606,"tested":7776},{"age_group":"20-29   ","count":402,"tested":5572},{"age_group":"30-39   ","count":317,"tested":5125},{"age_group":"40-49   ","count":404,"tested":4693},{"age_group":"50-59   ","count":468,"tested":6615},{"age_group":"60-69   ","count":250,"tested":4379},{"age_group":"70-79   ","count":116,"tested":2679},{"age_group":"80+","count":106,"tested":4529}],"race":[{"description":"Black","count":15,"tested":334,"color":"rgb(255,127,14)"},{"description":"White","count":1809,"tested":21519,"color":"rgb(31,119,180)"},{"description":"Asian","count":42,"tested":583,"color":"rgb(140,86,75)"},{"description":"Other","count":56,"tested":919,"color":"rgb(148,103,189)"},{"description":"Hispanic","count":167,"tested":1313,"color":"rgb(214,39,40)"},{"description":"Left Blank","count":580,"tested":16713,"color":"rgb(44,160,44)"}],"gender":[{"description":"Unknown/Left Blank","count":20,"tested":301,"color":"rgb(44,160,44)"},{"description":"Female","count":1351,"tested":23886,"color":"rgb(255,127,14)"},{"description":"Male","count":1301,"tested":17214,"color":"rgb(31,119,180)"}]}
