{"age":[{"age_group":"<20","count":133,"tested":852},{"age_group":"20-29   ","count":111,"tested":919},{"age_group":"30-39   ","count":79,"tested":967},{"age_group":"40-49   ","count":114,"tested":784},{"age_group":"50-59   ","count":137,"tested":1324},{"age_group":"60-69   ","count":87,"tested":930},{"age_group":"70-79   ","count":43,"tested":534},{"age_group":"80+","count":17,"tested":229}],"race":[{"description":"Left Blank","count":219,"tested":1972,"color":"rgb(44,160,44)"},{"description":"Other","count":11,"tested":176,"color":"rgb(148,103,189)"},{"description":"Hispanic","count":41,"tested":227,"color":"rgb(214,39,40)"},{"description":"White","count":446,"tested":4072,"color":"rgb(31,119,180)"}],"gender":[{"description":"Female","count":376,"tested":3683,"color":"rgb(255,127,14)"},{"description":"Male","count":340,"tested":2784,"color":"rgb(31,119,180)"}]}
