{"age":[{"age_group":"<20","count":2379,"tested":15753},{"age_group":"20-29   ","count":2787,"tested":24109},{"age_group":"30-39   ","count":2453,"tested":17594},{"age_group":"40-49   ","count":2375,"tested":15780},{"age_group":"50-59   ","count":1918,"tested":13745},{"age_group":"60-69   ","count":994,"tested":9724},{"age_group":"70-79   ","count":388,"tested":4583},{"age_group":"80+","count":211,"tested":2358}],"race":[{"description":"Other","count":520,"tested":5440,"color":"rgb(148,103,189)"},{"description":"Left Blank","count":2542,"tested":42189,"color":"rgb(44,160,44)"},{"description":"Asian","count":127,"tested":1940,"color":"rgb(140,86,75)"},{"description":"White","count":689,"tested":8157,"color":"rgb(31,119,180)"},{"description":"Hispanic","count":9432,"tested":43906,"color":"rgb(214,39,40)"},{"description":"Black","count":184,"tested":1880,"color":"rgb(255,127,14)"},{"description":"AI/AN**","count":9,"tested":91,"color":"rgb(31,119,180)"}],"gender":[{"description":"Unknown/Left Blank","count":104,"tested":1337,"color":"rgb(44,160,44)"},{"description":"Male","count":6530,"tested":46518,"color":"rgb(31,119,180)"},{"description":"Female","count":6871,"tested":55817,"color":"rgb(255,127,14)"}]}
