{"age":[{"age_group":"<20","count":396,"tested":4103},{"age_group":"20-29   ","count":421,"tested":5121},{"age_group":"30-39   ","count":432,"tested":5353},{"age_group":"40-49   ","count":411,"tested":4475},{"age_group":"50-59   ","count":404,"tested":5170},{"age_group":"60-69   ","count":299,"tested":5269},{"age_group":"70-79   ","count":147,"tested":3079},{"age_group":"80+","count":103,"tested":2613}],"race":[{"description":"Asian","count":123,"tested":2006,"color":"rgb(140,86,75)"},{"description":"Hispanic","count":713,"tested":4122,"color":"rgb(214,39,40)"},{"description":"Black","count":44,"tested":616,"color":"rgb(255,127,14)"},{"description":"Left Blank","count":602,"tested":15249,"color":"rgb(44,160,44)"},{"description":"White","count":981,"tested":12336,"color":"rgb(31,119,180)"},{"description":"Other","count":143,"tested":770,"color":"rgb(148,103,189)"}],"gender":[{"description":"Male","count":1292,"tested":15115,"color":"rgb(31,119,180)"},{"description":"Unknown/Left Blank","count":15,"tested":589,"color":"rgb(44,160,44)"},{"description":"Female","count":1306,"tested":19490,"color":"rgb(255,127,14)"}]}
