{"age":[{"age_group":"<20","count":401,"tested":4084},{"age_group":"20-29   ","count":339,"tested":3372},{"age_group":"30-39   ","count":411,"tested":4754},{"age_group":"40-49   ","count":356,"tested":3857},{"age_group":"50-59   ","count":275,"tested":3379},{"age_group":"60-69   ","count":189,"tested":2492},{"age_group":"70-79   ","count":64,"tested":1327},{"age_group":"80+","count":29,"tested":523}],"race":[{"description":"Left Blank","count":540,"tested":8949,"color":"rgb(44,160,44)"},{"description":"Other","count":38,"tested":410,"color":"rgb(148,103,189)"},{"description":"Black","count":57,"tested":615,"color":"rgb(255,127,14)"},{"description":"Hispanic","count":320,"tested":2010,"color":"rgb(214,39,40)"},{"description":"White","count":1029,"tested":10769,"color":"rgb(31,119,180)"},{"description":"Asian","count":76,"tested":982,"color":"rgb(140,86,75)"}],"gender":[{"description":"Female","count":1050,"tested":13264,"color":"rgb(255,127,14)"},{"description":"Male","count":1004,"tested":10249,"color":"rgb(31,119,180)"}]}
