{"age":[{"age_group":"<20","count":721,"tested":5490},{"age_group":"20-29   ","count":797,"tested":7856},{"age_group":"30-39   ","count":733,"tested":6801},{"age_group":"40-49   ","count":682,"tested":6269},{"age_group":"50-59   ","count":563,"tested":5805},{"age_group":"60-69   ","count":409,"tested":4276},{"age_group":"70-79   ","count":164,"tested":2261},{"age_group":"80+","count":39,"tested":1025}],"race":[{"description":"Hispanic","count":1485,"tested":5621,"color":"rgb(214,39,40)"},{"description":"White","count":848,"tested":7301,"color":"rgb(31,119,180)"},{"description":"Asian","count":607,"tested":4796,"color":"rgb(140,86,75)"},{"description":"Black","count":188,"tested":1722,"color":"rgb(255,127,14)"},{"description":"Other","count":156,"tested":1772,"color":"rgb(148,103,189)"},{"description":"Left Blank","count":813,"tested":18413,"color":"rgb(44,160,44)"},{"description":"AI/AN**","count":7,"tested":70,"color":"rgb(31,119,180)"}],"gender":[{"description":"Male","count":1994,"tested":17295,"color":"rgb(31,119,180)"},{"description":"Unknown/Left Blank","count":15,"tested":343,"color":"rgb(44,160,44)"},{"description":"Female","count":2099,"tested":22168,"color":"rgb(255,127,14)"}]}
