{"age":[{"age_group":"<20","count":674,"tested":9989},{"age_group":"20-29   ","count":534,"tested":8562},{"age_group":"30-39   ","count":396,"tested":7637},{"age_group":"40-49   ","count":537,"tested":8605},{"age_group":"50-59   ","count":563,"tested":11054},{"age_group":"60-69   ","count":368,"tested":9011},{"age_group":"70-79   ","count":162,"tested":5615},{"age_group":"80+","count":181,"tested":5806}],"race":[{"description":"Hispanic","count":250,"tested":2411,"color":"rgb(214,39,40)"},{"description":"Left Blank","count":684,"tested":28675,"color":"rgb(44,160,44)"},{"description":"White","count":1767,"tested":25137,"color":"rgb(31,119,180)"},{"description":"Black","count":31,"tested":779,"color":"rgb(255,127,14)"},{"description":"NH/PI*","count":8,"tested":115,"color":"rgb(127,127,127)"},{"description":"Asian","count":267,"tested":5193,"color":"rgb(140,86,75)"},{"description":"AI/AN**","count":12,"tested":92,"color":"rgb(31,119,180)"},{"description":"Other","count":398,"tested":3891,"color":"rgb(148,103,189)"}],"gender":[{"description":"Male","count":1615,"tested":27285,"color":"rgb(31,119,180)"},{"description":"Female","count":1757,"tested":37499,"color":"rgb(255,127,14)"},{"description":"Unknown/Left Blank","count":45,"tested":1509,"color":"rgb(44,160,44)"}]}
