{"age":[{"age_group":"<20","count":313,"tested":2577},{"age_group":"20-29   ","count":310,"tested":4336},{"age_group":"30-39   ","count":303,"tested":4414},{"age_group":"40-49   ","count":311,"tested":4895},{"age_group":"50-59   ","count":300,"tested":5148},{"age_group":"60-69   ","count":215,"tested":4775},{"age_group":"70-79   ","count":80,"tested":1692},{"age_group":"80+","count":52,"tested":833}],"race":[{"description":"Black","count":272,"tested":4690,"color":"rgb(255,127,14)"},{"description":"Left Blank","count":631,"tested":14313,"color":"rgb(44,160,44)"},{"description":"Asian","count":14,"tested":231,"color":"rgb(140,86,75)"},{"description":"White","count":264,"tested":4160,"color":"rgb(31,119,180)"},{"description":"Hispanic","count":649,"tested":4706,"color":"rgb(214,39,40)"},{"description":"Other","count":53,"tested":531,"color":"rgb(148,103,189)"}],"gender":[{"description":"Female","count":979,"tested":16205,"color":"rgb(255,127,14)"},{"description":"Male","count":882,"tested":11959,"color":"rgb(31,119,180)"},{"description":"Unknown/Left Blank","count":23,"tested":520,"color":"rgb(44,160,44)"}]}
