{"age":[{"age_group":"<20","count":924,"tested":7770},{"age_group":"20-29   ","count":948,"tested":7860},{"age_group":"30-39   ","count":811,"tested":6771},{"age_group":"40-49   ","count":925,"tested":6607},{"age_group":"50-59   ","count":698,"tested":5810},{"age_group":"60-69   ","count":346,"tested":3700},{"age_group":"70-79   ","count":121,"tested":1514},{"age_group":"80+","count":44,"tested":623}],"race":[{"description":"Hispanic","count":2175,"tested":9715,"color":"rgb(214,39,40)"},{"description":"AI/AN**","count":8,"tested":60,"color":"rgb(31,119,180)"},{"description":"Left Blank","count":1317,"tested":17198,"color":"rgb(44,160,44)"},{"description":"White","count":988,"tested":10123,"color":"rgb(31,119,180)"},{"description":"Asian","count":79,"tested":1238,"color":"rgb(140,86,75)"},{"description":"Black","count":147,"tested":1434,"color":"rgb(255,127,14)"},{"description":"Other","count":101,"tested":854,"color":"rgb(148,103,189)"}],"gender":[{"description":"Female","count":2477,"tested":23294,"color":"rgb(255,127,14)"},{"description":"Male","count":2312,"tested":16805,"color":"rgb(31,119,180)"},{"description":"Unknown/Left Blank","count":28,"tested":564,"color":"rgb(44,160,44)"}]}
