{"age":[{"age_group":"<20","count":565,"tested":10320},{"age_group":"20-29   ","count":235,"tested":5098},{"age_group":"30-39   ","count":141,"tested":3712},{"age_group":"40-49   ","count":253,"tested":6100},{"age_group":"50-59   ","count":289,"tested":6776},{"age_group":"60-69   ","count":125,"tested":4293},{"age_group":"70-79   ","count":84,"tested":2599},{"age_group":"80+","count":92,"tested":2141}],"race":[{"description":"Left Blank","count":376,"tested":16406,"color":"rgb(44,160,44)"},{"description":"Other","count":203,"tested":3121,"color":"rgb(148,103,189)"},{"description":"Asian","count":72,"tested":1965,"color":"rgb(140,86,75)"},{"description":"Black","count":26,"tested":290,"color":"rgb(255,127,14)"},{"description":"Hispanic","count":76,"tested":754,"color":"rgb(214,39,40)"},{"description":"White","count":1028,"tested":18442,"color":"rgb(31,119,180)"}],"gender":[{"description":"Female","count":859,"tested":21628,"color":"rgb(255,127,14)"},{"description":"Male","count":910,"tested":19195,"color":"rgb(31,119,180)"},{"description":"Unknown/Left Blank","count":15,"tested":232,"color":"rgb(44,160,44)"}]}
