{"age":[{"age_group":"<20","count":423,"tested":6329},{"age_group":"20-29   ","count":514,"tested":6772},{"age_group":"30-39   ","count":533,"tested":7736},{"age_group":"40-49   ","count":548,"tested":8103},{"age_group":"50-59   ","count":547,"tested":8040},{"age_group":"60-69   ","count":318,"tested":6304},{"age_group":"70-79   ","count":154,"tested":3901},{"age_group":"80+","count":249,"tested":7569}],"race":[{"description":"Black","count":30,"tested":558,"color":"rgb(255,127,14)"},{"description":"White","count":1835,"tested":22487,"color":"rgb(31,119,180)"},{"description":"Asian","count":68,"tested":1415,"color":"rgb(140,86,75)"},{"description":"Hispanic","count":377,"tested":3452,"color":"rgb(214,39,40)"},{"description":"Other","count":171,"tested":1825,"color":"rgb(148,103,189)"},{"description":"Left Blank","count":797,"tested":24922,"color":"rgb(44,160,44)"}],"gender":[{"description":"Female","count":1633,"tested":30750,"color":"rgb(255,127,14)"},{"description":"Male","count":1606,"tested":22098,"color":"rgb(31,119,180)"},{"description":"Unknown/Left Blank","count":48,"tested":1912,"color":"rgb(44,160,44)"}]}
