{"age":[{"age_group":"<20","count":345,"tested":3967},{"age_group":"20-29   ","count":367,"tested":4183},{"age_group":"30-39   ","count":318,"tested":4228},{"age_group":"40-49   ","count":324,"tested":3824},{"age_group":"50-59   ","count":311,"tested":3620},{"age_group":"60-69   ","count":194,"tested":2752},{"age_group":"70-79   ","count":110,"tested":1911},{"age_group":"80+","count":72,"tested":1180}],"race":[{"description":"Left Blank","count":497,"tested":10303,"color":"rgb(44,160,44)"},{"description":"White","count":1255,"tested":13051,"color":"rgb(31,119,180)"},{"description":"Hispanic","count":172,"tested":1183,"color":"rgb(214,39,40)"},{"description":"Other","count":23,"tested":261,"color":"rgb(148,103,189)"},{"description":"Asian","count":28,"tested":324,"color":"rgb(140,86,75)"},{"description":"Black","count":62,"tested":505,"color":"rgb(255,127,14)"}],"gender":[{"description":"Male","count":969,"tested":10386,"color":"rgb(31,119,180)"},{"description":"Female","count":1067,"tested":14992,"color":"rgb(255,127,14)"}]}
