{"age":[{"age_group":"<20","count":194,"tested":2223},{"age_group":"20-29   ","count":239,"tested":3266},{"age_group":"30-39   ","count":228,"tested":3392},{"age_group":"40-49   ","count":196,"tested":2965},{"age_group":"50-59   ","count":183,"tested":3454},{"age_group":"60-69   ","count":130,"tested":2450},{"age_group":"70-79   ","count":98,"tested":1635},{"age_group":"80+","count":53,"tested":1411}],"race":[{"description":"Left Blank","count":335,"tested":6418,"color":"rgb(44,160,44)"},{"description":"White","count":767,"tested":11411,"color":"rgb(31,119,180)"},{"description":"Asian","count":9,"tested":93,"color":"rgb(140,86,75)"},{"description":"Hispanic","count":103,"tested":999,"color":"rgb(214,39,40)"},{"description":"Black","count":80,"tested":1442,"color":"rgb(255,127,14)"},{"description":"Other","count":27,"tested":424,"color":"rgb(148,103,189)"}],"gender":[{"description":"Female","count":754,"tested":13263,"color":"rgb(255,127,14)"},{"description":"Male","count":563,"tested":7332,"color":"rgb(31,119,180)"}]}
