{"lastUpdatedDate":{"year":2021,"month":2,"day":25},"county_demographics":[{"County":"Christian","confirmed_cases":3294,"total_tested":43045,"demographics":{"age":[{"race":[],"age_group":"<20","count":332,"tested":3926,"deaths":0},{"race":[],"age_group":"20-29   ","count":499,"tested":6557,"deaths":0},{"race":[],"age_group":"30-39   ","count":484,"tested":6965,"deaths":0},{"race":[],"age_group":"40-49   ","count":539,"tested":6748,"deaths":0},{"race":[],"age_group":"50-59   ","count":566,"tested":6614,"deaths":0},{"race":[],"age_group":"60-69   ","count":394,"tested":5113,"deaths":0},{"race":[],"age_group":"70-79   ","count":243,"tested":3168,"deaths":0},{"race":[],"age_group":"80+","count":237,"tested":3343,"deaths":0},{"race":[],"age_group":"Unknown","count":0,"tested":611,"deaths":0}],"race":[{"description":"AI/AN**","count":0,"tested":24,"deaths":0,"color":"rgb(31,119,180)"},{"description":"Asian","count":0,"tested":62,"deaths":0,"color":"rgb(140,86,75)"},{"description":"Black","count":70,"tested":194,"deaths":0,"color":"rgb(255,127,14)"},{"description":"Hispanic","count":65,"tested":157,"deaths":0,"color":"rgb(214,39,40)"},{"description":"Left Blank","count":1461,"tested":24547,"deaths":0,"color":"rgb(44,160,44)"},{"description":"NH/PI*","count":0,"tested":11,"deaths":0,"color":"rgb(127,127,127)"},{"description":"Other","count":35,"tested":484,"deaths":0,"color":"rgb(148,103,189)"},{"description":"White","count":1654,"tested":17566,"deaths":0,"color":"rgb(31,119,180)"}],"gender":[{"description":"Female","count":1512,"tested":20779,"deaths":0,"color":"rgb(255,127,14)"},{"description":"Male","count":1603,"tested":12895,"deaths":0,"color":"rgb(31,119,180)"},{"description":"Unknown/Left Blank","count":179,"tested":9371,"deaths":0,"color":"rgb(44,160,44)"}]}}]}
