{"lastUpdatedDate":{"year":2021,"month":2,"day":25},"county_demographics":[{"County":"Illinois","confirmed_cases":1181226,"total_tested":17895829,"demographics":{"age":[{"race":[{"description":"AI/AN**","count":222,"tested":2016,"deaths":0,"color":"rgb(31,119,180)"},{"description":"Asian","count":3419,"tested":127013,"deaths":0,"color":"rgb(140,86,75)"},{"description":"Black","count":13705,"tested":157732,"deaths":7,"color":"rgb(255,127,14)"},{"description":"Hispanic","count":40706,"tested":239487,"deaths":0,"color":"rgb(214,39,40)"},{"description":"Left Blank","count":49332,"tested":764036,"deaths":0,"color":"rgb(44,160,44)"},{"description":"NH/PI*","count":141,"tested":2687,"deaths":0,"color":"rgb(127,127,127)"},{"description":"Other","count":6691,"tested":89134,"deaths":0,"color":"rgb(148,103,189)"},{"description":"White","count":64139,"tested":779439,"deaths":0,"color":"rgb(31,119,180)"}],"age_group":"<20","count":178355,"tested":2161544,"deaths":14},{"race":[{"description":"AI/AN**","count":262,"tested":3474,"deaths":0,"color":"rgb(31,119,180)"},{"description":"Asian","count":5125,"tested":293857,"deaths":0,"color":"rgb(140,86,75)"},{"description":"Black","count":20048,"tested":259723,"deaths":26,"color":"rgb(255,127,14)"},{"description":"Hispanic","count":44940,"tested":332124,"deaths":29,"color":"rgb(214,39,40)"},{"description":"Left Blank","count":62051,"tested":1333709,"deaths":0,"color":"rgb(44,160,44)"},{"description":"NH/PI*","count":190,"tested":4861,"deaths":0,"color":"rgb(127,127,127)"},{"description":"Other","count":7891,"tested":126351,"deaths":0,"color":"rgb(148,103,189)"},{"description":"White","count":76077,"tested":1170062,"deaths":6,"color":"rgb(31,119,180)"}],"age_group":"20-29   ","count":216584,"tested":3524161,"deaths":65},{"race":[{"description":"AI/AN**","count":270,"tested":2317,"deaths":0,"color":"rgb(31,119,180)"},{"description":"Asian","count":4503,"tested":87787,"deaths":9,"color":"rgb(140,86,75)"},{"description":"Black","count":18534,"tested":203961,"deaths":73,"color":"rgb(255,127,14)"},{"description":"Hispanic","count":39196,"tested":203734,"deaths":108,"color":"rgb(214,39,40)"},{"description":"Left Blank","count":55090,"tested":1222387,"deaths":0,"color":"rgb(44,160,44)"},{"description":"NH/PI*","count":198,"tested":3063,"deaths":0,"color":"rgb(127,127,127)"},{"description":"Other","count":7199,"tested":85663,"deaths":0,"color":"rgb(148,103,189)"},{"description":"White","count":64370,"tested":786200,"deaths":26,"color":"rgb(31,119,180)"}],"age_group":"30-39   ","count":189360,"tested":2595112,"deaths":218},{"race":[{"description":"AI/AN**","count":226,"tested":2111,"deaths":0,"color":"rgb(31,119,180)"},{"description":"Asian","count":4287,"tested":59321,"deaths":19,"color":"rgb(140,86,75)"},{"description":"Black","count":16998,"tested":190102,"deaths":155,"color":"rgb(255,127,14)"},{"description":"Hispanic","count":40011,"tested":178188,"deaths":259,"color":"rgb(214,39,40)"},{"description":"Left Blank","count":50846,"tested":1066102,"deaths":9,"color":"rgb(44,160,44)"},{"description":"NH/PI*","count":190,"tested":2513,"deaths":0,"color":"rgb(127,127,127)"},{"description":"Other","count":6494,"tested":67749,"deaths":0,"color":"rgb(148,103,189)"},{"description":"White","count":62208,"tested":663450,"deaths":113,"color":"rgb(31,119,180)"}],"age_group":"40-49   ","count":181260,"tested":2229536,"deaths":558},{"race":[{"description":"AI/AN**","count":207,"tested":2133,"deaths":0,"color":"rgb(31,119,180)"},{"description":"Asian","count":3723,"tested":50370,"deaths":44,"color":"rgb(140,86,75)"},{"description":"Black","count":16236,"tested":198368,"deaths":352,"color":"rgb(255,127,14)"},{"description":"Hispanic","count":28531,"tested":136139,"deaths":514,"color":"rgb(214,39,40)"},{"description":"Left Blank","count":49059,"tested":1077351,"deaths":17,"color":"rgb(44,160,44)"},{"description":"NH/PI*","count":183,"tested":2466,"deaths":0,"color":"rgb(127,127,127)"},{"description":"Other","count":5775,"tested":61771,"deaths":7,"color":"rgb(148,103,189)"},{"description":"White","count":71337,"tested":790441,"deaths":434,"color":"rgb(31,119,180)"}],"age_group":"50-59   ","count":175051,"tested":2319039,"deaths":1372},{"race":[{"description":"AI/AN**","count":147,"tested":1387,"deaths":9,"color":"rgb(31,119,180)"},{"description":"Asian","count":2795,"tested":31940,"deaths":118,"color":"rgb(140,86,75)"},{"description":"Black","count":12250,"tested":162152,"deaths":839,"color":"rgb(255,127,14)"},{"description":"Hispanic","count":14597,"tested":75902,"deaths":785,"color":"rgb(214,39,40)"},{"description":"Left Blank","count":33213,"tested":850072,"deaths":72,"color":"rgb(44,160,44)"},{"description":"NH/PI*","count":127,"tested":1535,"deaths":0,"color":"rgb(127,127,127)"},{"description":"Other","count":3698,"tested":44784,"deaths":22,"color":"rgb(148,103,189)"},{"description":"White","count":57003,"tested":699816,"deaths":1382,"color":"rgb(31,119,180)"}],"age_group":"60-69   ","count":123830,"tested":1867588,"deaths":3231},{"race":[{"description":"AI/AN**","count":77,"tested":766,"deaths":6,"color":"rgb(31,119,180)"},{"description":"Asian","count":1513,"tested":15532,"deaths":203,"color":"rgb(140,86,75)"},{"description":"Black","count":6667,"tested":81249,"deaths":974,"color":"rgb(255,127,14)"},{"description":"Hispanic","count":5846,"tested":31200,"deaths":761,"color":"rgb(214,39,40)"},{"description":"Left Blank","count":15535,"tested":473385,"deaths":117,"color":"rgb(44,160,44)"},{"description":"NH/PI*","count":45,"tested":545,"deaths":6,"color":"rgb(127,127,127)"},{"description":"Other","count":1622,"tested":24319,"deaths":36,"color":"rgb(148,103,189)"},{"description":"White","count":34541,"tested":458375,"deaths":2954,"color":"rgb(31,119,180)"}],"age_group":"70-79   ","count":65848,"tested":1085371,"deaths":5057},{"race":[{"description":"AI/AN**","count":41,"tested":348,"deaths":7,"color":"rgb(31,119,180)"},{"description":"Asian","count":980,"tested":10325,"deaths":336,"color":"rgb(140,86,75)"},{"description":"Black","count":4310,"tested":47222,"deaths":1188,"color":"rgb(255,127,14)"},{"description":"Hispanic","count":2854,"tested":16472,"deaths":774,"color":"rgb(214,39,40)"},{"description":"Left Blank","count":11953,"tested":562128,"deaths":472,"color":"rgb(44,160,44)"},{"description":"NH/PI*","count":31,"tested":316,"deaths":7,"color":"rgb(127,127,127)"},{"description":"Other","count":800,"tested":13696,"deaths":54,"color":"rgb(148,103,189)"},{"description":"White","count":29507,"tested":446480,"deaths":7053,"color":"rgb(31,119,180)"}],"age_group":"80+","count":50479,"tested":1096987,"deaths":9891},{"race":[{"description":"AI/AN**","count":0,"tested":0,"deaths":0,"color":"rgb(31,119,180)"},{"description":"Asian","count":0,"tested":111,"deaths":0,"color":"rgb(140,86,75)"},{"description":"Black","count":6,"tested":621,"deaths":0,"color":"rgb(255,127,14)"},{"description":"Hispanic","count":18,"tested":521,"deaths":0,"color":"rgb(214,39,40)"},{"description":"Left Blank","count":338,"tested":47637,"deaths":0,"color":"rgb(44,160,44)"},{"description":"NH/PI*","count":0,"tested":0,"deaths":0,"color":"rgb(127,127,127)"},{"description":"Other","count":0,"tested":74,"deaths":0,"color":"rgb(148,103,189)"},{"description":"White","count":90,"tested":1775,"deaths":0,"color":"rgb(31,119,180)"}],"age_group":"Unknown","count":459,"tested":50743,"deaths":0}],"race":[{"description":"AI/AN**","count":1455,"tested":14555,"deaths":25,"color":"rgb(31,119,180)"},{"description":"Asian","count":26346,"tested":676256,"deaths":731,"color":"rgb(140,86,75)"},{"description":"Black","count":108756,"tested":1301130,"deaths":3614,"color":"rgb(255,127,14)"},{"description":"Hispanic","count":216699,"tested":1213767,"deaths":3233,"color":"rgb(214,39,40)"},{"description":"Left Blank","count":327417,"tested":7396807,"deaths":690,"color":"rgb(44,160,44)"},{"description":"NH/PI*","count":1109,"tested":17987,"deaths":20,"color":"rgb(127,127,127)"},{"description":"Other","count":40172,"tested":513541,"deaths":121,"color":"rgb(148,103,189)"},{"description":"White","count":459272,"tested":5796038,"deaths":11972,"color":"rgb(31,119,180)"}],"gender":[{"description":"Female","count":606899,"tested":9271546,"deaths":9410,"color":"rgb(255,127,14)"},{"description":"Male","count":553070,"tested":6906479,"deaths":10996,"color":"rgb(31,119,180)"},{"description":"Unknown/Left Blank","count":21257,"tested":752056,"deaths":0,"color":"rgb(44,160,44)"}]}}]}
