{"lastUpdatedDate":{"year":2021,"month":6,"day":8},"county_demographics":[{"County":"Kendall","confirmed_cases":13260,"total_tested":157771,"demographics":{"age":[{"race":[],"age_group":"<20","count":2568,"tested":32862,"deaths":0},{"race":[],"age_group":"20-29   ","count":2307,"tested":25721,"deaths":0},{"race":[],"age_group":"30-39   ","count":2400,"tested":25923,"deaths":0},{"race":[],"age_group":"40-49   ","count":2512,"tested":25639,"deaths":0},{"race":[],"age_group":"50-59   ","count":1847,"tested":21042,"deaths":0},{"race":[],"age_group":"60-69   ","count":919,"tested":13077,"deaths":0},{"race":[],"age_group":"70-79   ","count":453,"tested":7657,"deaths":0},{"race":[],"age_group":"80+","count":252,"tested":5822,"deaths":0},{"race":[],"age_group":"Unknown","count":0,"tested":28,"deaths":0}],"race":[{"description":"AI/AN**","count":11,"tested":145,"deaths":0,"color":"rgb(31,119,180)"},{"description":"Asian","count":215,"tested":3016,"deaths":0,"color":"rgb(140,86,75)"},{"description":"Black","count":822,"tested":9138,"deaths":0,"color":"rgb(255,127,14)"},{"description":"Hispanic","count":2861,"tested":17934,"deaths":0,"color":"rgb(214,39,40)"},{"description":"Left Blank","count":3320,"tested":60729,"deaths":0,"color":"rgb(44,160,44)"},{"description":"NH/PI*","count":9,"tested":98,"deaths":0,"color":"rgb(127,127,127)"},{"description":"Other","count":381,"tested":4947,"deaths":0,"color":"rgb(148,103,189)"},{"description":"White","count":5636,"tested":61764,"deaths":0,"color":"rgb(31,119,180)"}],"gender":[{"description":"Female","count":6896,"tested":87997,"deaths":0,"color":"rgb(255,127,14)"},{"description":"Male","count":6307,"tested":66063,"deaths":0,"color":"rgb(31,119,180)"},{"description":"Unknown/Left Blank","count":57,"tested":3711,"deaths":0,"color":"rgb(44,160,44)"}]}}]}
