{"lastUpdatedDate":{"year":2021,"month":6,"day":8},"county_demographics":[{"County":"Pulaski","confirmed_cases":697,"total_tested":7093,"demographics":{"age":[{"race":[],"age_group":"<20","count":88,"tested":634,"deaths":0},{"race":[],"age_group":"20-29   ","count":126,"tested":1199,"deaths":0},{"race":[],"age_group":"30-39   ","count":114,"tested":1436,"deaths":0},{"race":[],"age_group":"40-49   ","count":124,"tested":1408,"deaths":0},{"race":[],"age_group":"50-59   ","count":78,"tested":1291,"deaths":0},{"race":[],"age_group":"60-69   ","count":85,"tested":695,"deaths":0},{"race":[],"age_group":"70-79   ","count":39,"tested":293,"deaths":0},{"race":[],"age_group":"80+","count":19,"tested":137,"deaths":0}],"race":[{"description":"AI/AN**","count":0,"tested":6,"deaths":0,"color":"rgb(31,119,180)"},{"description":"Asian","count":0,"tested":10,"deaths":0,"color":"rgb(140,86,75)"},{"description":"Black","count":108,"tested":1422,"deaths":0,"color":"rgb(255,127,14)"},{"description":"Hispanic","count":102,"tested":747,"deaths":0,"color":"rgb(214,39,40)"},{"description":"Left Blank","count":156,"tested":2140,"deaths":0,"color":"rgb(44,160,44)"},{"description":"NH/PI*","count":0,"tested":0,"deaths":0,"color":"rgb(127,127,127)"},{"description":"Other","count":0,"tested":126,"deaths":0,"color":"rgb(148,103,189)"},{"description":"White","count":325,"tested":2640,"deaths":0,"color":"rgb(31,119,180)"}],"gender":[{"description":"Female","count":318,"tested":3435,"deaths":0,"color":"rgb(255,127,14)"},{"description":"Male","count":349,"tested":3053,"deaths":0,"color":"rgb(31,119,180)"},{"description":"Unknown/Left Blank","count":30,"tested":605,"deaths":0,"color":"rgb(44,160,44)"}]}}]}
