{"lastUpdatedDate":{"year":2021,"month":6,"day":8},"county_demographics":[{"County":"Madison","confirmed_cases":30866,"total_tested":334659,"demographics":{"age":[{"race":[],"age_group":"<20","count":4928,"tested":45972,"deaths":0},{"race":[],"age_group":"20-29   ","count":5343,"tested":57173,"deaths":0},{"race":[],"age_group":"30-39   ","count":4804,"tested":50305,"deaths":0},{"race":[],"age_group":"40-49   ","count":4381,"tested":43172,"deaths":0},{"race":[],"age_group":"50-59   ","count":4508,"tested":46286,"deaths":0},{"race":[],"age_group":"60-69   ","count":3493,"tested":40186,"deaths":0},{"race":[],"age_group":"70-79   ","count":1937,"tested":24258,"deaths":0},{"race":[],"age_group":"80+","count":1441,"tested":27048,"deaths":0},{"race":[],"age_group":"Unknown","count":29,"tested":259,"deaths":0}],"race":[{"description":"AI/AN**","count":29,"tested":251,"deaths":0,"color":"rgb(31,119,180)"},{"description":"Asian","count":138,"tested":1277,"deaths":0,"color":"rgb(140,86,75)"},{"description":"Black","count":2365,"tested":20279,"deaths":0,"color":"rgb(255,127,14)"},{"description":"Hispanic","count":748,"tested":3602,"deaths":0,"color":"rgb(214,39,40)"},{"description":"Left Blank","count":7482,"tested":149593,"deaths":0,"color":"rgb(44,160,44)"},{"description":"NH/PI*","count":15,"tested":161,"deaths":0,"color":"rgb(127,127,127)"},{"description":"Other","count":1004,"tested":10894,"deaths":0,"color":"rgb(148,103,189)"},{"description":"White","count":19079,"tested":148602,"deaths":0,"color":"rgb(31,119,180)"}],"gender":[{"description":"Female","count":16431,"tested":202936,"deaths":0,"color":"rgb(255,127,14)"},{"description":"Male","count":13919,"tested":125498,"deaths":0,"color":"rgb(31,119,180)"},{"description":"Unknown/Left Blank","count":516,"tested":6225,"deaths":0,"color":"rgb(44,160,44)"}]}}]}
