{"lastUpdatedDate":{"year":2021,"month":6,"day":8},"county_demographics":[{"County":"Ogle","confirmed_cases":6194,"total_tested":68756,"demographics":{"age":[{"race":[],"age_group":"<20","count":1058,"tested":9934,"deaths":0},{"race":[],"age_group":"20-29   ","count":1011,"tested":10519,"deaths":0},{"race":[],"age_group":"30-39   ","count":949,"tested":10128,"deaths":0},{"race":[],"age_group":"40-49   ","count":906,"tested":8882,"deaths":0},{"race":[],"age_group":"50-59   ","count":960,"tested":10178,"deaths":0},{"race":[],"age_group":"60-69   ","count":612,"tested":8352,"deaths":0},{"race":[],"age_group":"70-79   ","count":361,"tested":4447,"deaths":0},{"race":[],"age_group":"80+","count":261,"tested":6287,"deaths":0},{"race":[],"age_group":"Unknown","count":76,"tested":29,"deaths":0}],"race":[{"description":"AI/AN**","count":0,"tested":81,"deaths":0,"color":"rgb(31,119,180)"},{"description":"Asian","count":9,"tested":138,"deaths":0,"color":"rgb(140,86,75)"},{"description":"Black","count":37,"tested":635,"deaths":0,"color":"rgb(255,127,14)"},{"description":"Hispanic","count":516,"tested":2032,"deaths":0,"color":"rgb(214,39,40)"},{"description":"Left Blank","count":2424,"tested":28721,"deaths":0,"color":"rgb(44,160,44)"},{"description":"NH/PI*","count":0,"tested":6,"deaths":0,"color":"rgb(127,127,127)"},{"description":"Other","count":84,"tested":887,"deaths":0,"color":"rgb(148,103,189)"},{"description":"White","count":3117,"tested":36256,"deaths":0,"color":"rgb(31,119,180)"}],"gender":[{"description":"Female","count":3269,"tested":43344,"deaths":0,"color":"rgb(255,127,14)"},{"description":"Male","count":2850,"tested":21746,"deaths":0,"color":"rgb(31,119,180)"},{"description":"Unknown/Left Blank","count":75,"tested":3666,"deaths":0,"color":"rgb(44,160,44)"}]}}]}
