{"lastUpdatedDate":{"year":2021,"month":6,"day":8},"county_demographics":[{"County":"Jefferson","confirmed_cases":4414,"total_tested":59917,"demographics":{"age":[{"race":[],"age_group":"<20","count":514,"tested":4692,"deaths":0},{"race":[],"age_group":"20-29   ","count":601,"tested":8851,"deaths":0},{"race":[],"age_group":"30-39   ","count":639,"tested":10988,"deaths":0},{"race":[],"age_group":"40-49   ","count":631,"tested":10737,"deaths":0},{"race":[],"age_group":"50-59   ","count":700,"tested":9589,"deaths":0},{"race":[],"age_group":"60-69   ","count":579,"tested":6192,"deaths":0},{"race":[],"age_group":"70-79   ","count":408,"tested":4188,"deaths":0},{"race":[],"age_group":"80+","count":340,"tested":4214,"deaths":0},{"race":[],"age_group":"Unknown","count":0,"tested":466,"deaths":0}],"race":[{"description":"AI/AN**","count":0,"tested":24,"deaths":0,"color":"rgb(31,119,180)"},{"description":"Asian","count":17,"tested":142,"deaths":0,"color":"rgb(140,86,75)"},{"description":"Black","count":178,"tested":2181,"deaths":0,"color":"rgb(255,127,14)"},{"description":"Hispanic","count":90,"tested":647,"deaths":0,"color":"rgb(214,39,40)"},{"description":"Left Blank","count":1807,"tested":32275,"deaths":0,"color":"rgb(44,160,44)"},{"description":"NH/PI*","count":0,"tested":29,"deaths":0,"color":"rgb(127,127,127)"},{"description":"Other","count":68,"tested":1633,"deaths":0,"color":"rgb(148,103,189)"},{"description":"White","count":2248,"tested":22986,"deaths":0,"color":"rgb(31,119,180)"}],"gender":[{"description":"Female","count":2185,"tested":25978,"deaths":0,"color":"rgb(255,127,14)"},{"description":"Male","count":1889,"tested":21350,"deaths":0,"color":"rgb(31,119,180)"},{"description":"Unknown/Left Blank","count":338,"tested":12589,"deaths":0,"color":"rgb(44,160,44)"}]}}]}
