{"lastUpdatedDate":{"year":2021,"month":6,"day":8},"county_demographics":[{"County":"Union","confirmed_cases":2272,"total_tested":39298,"demographics":{"age":[{"race":[],"age_group":"<20","count":326,"tested":3011,"deaths":0},{"race":[],"age_group":"20-29   ","count":355,"tested":5506,"deaths":0},{"race":[],"age_group":"30-39   ","count":331,"tested":6103,"deaths":0},{"race":[],"age_group":"40-49   ","count":314,"tested":6341,"deaths":0},{"race":[],"age_group":"50-59   ","count":345,"tested":7296,"deaths":0},{"race":[],"age_group":"60-69   ","count":293,"tested":4761,"deaths":0},{"race":[],"age_group":"70-79   ","count":188,"tested":2799,"deaths":0},{"race":[],"age_group":"80+","count":120,"tested":3476,"deaths":0},{"race":[],"age_group":"Unknown","count":0,"tested":0,"deaths":0}],"race":[{"description":"AI/AN**","count":0,"tested":18,"deaths":0,"color":"rgb(31,119,180)"},{"description":"Asian","count":0,"tested":85,"deaths":0,"color":"rgb(140,86,75)"},{"description":"Black","count":69,"tested":1274,"deaths":0,"color":"rgb(255,127,14)"},{"description":"Hispanic","count":106,"tested":690,"deaths":0,"color":"rgb(214,39,40)"},{"description":"Left Blank","count":317,"tested":11958,"deaths":0,"color":"rgb(44,160,44)"},{"description":"NH/PI*","count":0,"tested":62,"deaths":0,"color":"rgb(127,127,127)"},{"description":"Other","count":15,"tested":209,"deaths":0,"color":"rgb(148,103,189)"},{"description":"White","count":1761,"tested":25002,"deaths":0,"color":"rgb(31,119,180)"}],"gender":[{"description":"Female","count":1128,"tested":19818,"deaths":0,"color":"rgb(255,127,14)"},{"description":"Male","count":1069,"tested":16573,"deaths":0,"color":"rgb(31,119,180)"},{"description":"Unknown/Left Blank","count":75,"tested":2907,"deaths":0,"color":"rgb(44,160,44)"}]}}]}
