{"lastUpdatedDate":{"year":2020,"month":11,"day":25},"county_demographics":[{"County":"Gallatin","confirmed_cases":181,"total_tested":1651,"demographics":{"age":[{"race":[],"age_group":"<20","count":27,"tested":291,"deaths":0},{"race":[],"age_group":"20-29   ","count":19,"tested":239,"deaths":0},{"race":[],"age_group":"30-39   ","count":26,"tested":223,"deaths":0},{"race":[],"age_group":"40-49   ","count":27,"tested":214,"deaths":0},{"race":[],"age_group":"50-59   ","count":30,"tested":229,"deaths":0},{"race":[],"age_group":"60-69   ","count":23,"tested":218,"deaths":0},{"race":[],"age_group":"70-79   ","count":18,"tested":180,"deaths":0},{"race":[],"age_group":"80+","count":8,"tested":56,"deaths":0},{"race":[],"age_group":"Unknown","count":0,"tested":0,"deaths":0}],"race":[{"description":"AI/AN**","count":0,"tested":0,"deaths":0,"color":"rgb(31,119,180)"},{"description":"Asian","count":0,"tested":0,"deaths":0,"color":"rgb(140,86,75)"},{"description":"Black","count":0,"tested":13,"deaths":0,"color":"rgb(255,127,14)"},{"description":"Hispanic","count":0,"tested":7,"deaths":0,"color":"rgb(214,39,40)"},{"description":"Left Blank","count":30,"tested":581,"deaths":0,"color":"rgb(44,160,44)"},{"description":"Other","count":0,"tested":17,"deaths":0,"color":"rgb(148,103,189)"},{"description":"White","count":145,"tested":1032,"deaths":0,"color":"rgb(31,119,180)"}],"gender":[{"description":"Female","count":95,"tested":1012,"deaths":0,"color":"rgb(255,127,14)"},{"description":"Male","count":80,"tested":574,"deaths":0,"color":"rgb(31,119,180)"},{"description":"Unknown/Left Blank","count":0,"tested":65,"deaths":0,"color":"rgb(44,160,44)"}]}}]}
