{"lastUpdatedDate":{"year":2020,"month":11,"day":25},"county_demographics":[{"County":"Illinois","confirmed_cases":685467,"total_tested":10104537,"demographics":{"age":[{"race":[{"description":"AI/AN**","count":105,"tested":1105,"deaths":0,"color":"rgb(31,119,180)"},{"description":"Asian","count":1500,"tested":77009,"deaths":0,"color":"rgb(140,86,75)"},{"description":"Black","count":7673,"tested":96126,"deaths":0,"color":"rgb(255,127,14)"},{"description":"Hispanic","count":23100,"tested":146956,"deaths":0,"color":"rgb(214,39,40)"},{"description":"Left Blank","count":31639,"tested":429245,"deaths":0,"color":"rgb(44,160,44)"},{"description":"NH/PI*","count":76,"tested":1744,"deaths":0,"color":"rgb(127,127,127)"},{"description":"Other","count":3598,"tested":54363,"deaths":0,"color":"rgb(148,103,189)"},{"description":"White","count":29261,"tested":444631,"deaths":0,"color":"rgb(31,119,180)"}],"age_group":"<20","count":96959,"tested":1251179,"deaths":8},{"race":[{"description":"AI/AN**","count":150,"tested":1854,"deaths":0,"color":"rgb(31,119,180)"},{"description":"Asian","count":2621,"tested":169924,"deaths":0,"color":"rgb(140,86,75)"},{"description":"Black","count":12157,"tested":148510,"deaths":16,"color":"rgb(255,127,14)"},{"description":"Hispanic","count":28978,"tested":196219,"deaths":20,"color":"rgb(214,39,40)"},{"description":"Left Blank","count":41647,"tested":734133,"deaths":0,"color":"rgb(44,160,44)"},{"description":"NH/PI*","count":128,"tested":2993,"deaths":0,"color":"rgb(127,127,127)"},{"description":"Other","count":4713,"tested":79235,"deaths":0,"color":"rgb(148,103,189)"},{"description":"White","count":40934,"tested":659171,"deaths":0,"color":"rgb(31,119,180)"}],"age_group":"20-29   ","count":131333,"tested":1992039,"deaths":40},{"race":[{"description":"AI/AN**","count":140,"tested":1257,"deaths":0,"color":"rgb(31,119,180)"},{"description":"Asian","count":2362,"tested":46446,"deaths":6,"color":"rgb(140,86,75)"},{"description":"Black","count":11189,"tested":115444,"deaths":54,"color":"rgb(255,127,14)"},{"description":"Hispanic","count":25159,"tested":124356,"deaths":84,"color":"rgb(214,39,40)"},{"description":"Left Blank","count":35304,"tested":656223,"deaths":0,"color":"rgb(44,160,44)"},{"description":"NH/PI*","count":127,"tested":1756,"deaths":0,"color":"rgb(127,127,127)"},{"description":"Other","count":4209,"tested":51010,"deaths":0,"color":"rgb(148,103,189)"},{"description":"White","count":31963,"tested":432326,"deaths":14,"color":"rgb(31,119,180)"}],"age_group":"30-39   ","count":110459,"tested":1428818,"deaths":160},{"race":[{"description":"AI/AN**","count":117,"tested":1103,"deaths":0,"color":"rgb(31,119,180)"},{"description":"Asian","count":2215,"tested":30581,"deaths":13,"color":"rgb(140,86,75)"},{"description":"Black","count":10535,"tested":108354,"deaths":103,"color":"rgb(255,127,14)"},{"description":"Hispanic","count":25893,"tested":109137,"deaths":186,"color":"rgb(214,39,40)"},{"description":"Left Blank","count":33062,"tested":568064,"deaths":0,"color":"rgb(44,160,44)"},{"description":"NH/PI*","count":123,"tested":1366,"deaths":0,"color":"rgb(127,127,127)"},{"description":"Other","count":3845,"tested":40406,"deaths":0,"color":"rgb(148,103,189)"},{"description":"White","count":30679,"tested":364836,"deaths":56,"color":"rgb(31,119,180)"}],"age_group":"40-49   ","count":106474,"tested":1223847,"deaths":363},{"race":[{"description":"AI/AN**","count":118,"tested":1113,"deaths":0,"color":"rgb(31,119,180)"},{"description":"Asian","count":1960,"tested":25761,"deaths":28,"color":"rgb(140,86,75)"},{"description":"Black","count":10128,"tested":116143,"deaths":246,"color":"rgb(255,127,14)"},{"description":"Hispanic","count":18343,"tested":82165,"deaths":346,"color":"rgb(214,39,40)"},{"description":"Left Blank","count":31836,"tested":594381,"deaths":9,"color":"rgb(44,160,44)"},{"description":"NH/PI*","count":104,"tested":1392,"deaths":0,"color":"rgb(127,127,127)"},{"description":"Other","count":3479,"tested":36733,"deaths":0,"color":"rgb(148,103,189)"},{"description":"White","count":35992,"tested":438666,"deaths":229,"color":"rgb(31,119,180)"}],"age_group":"50-59   ","count":101961,"tested":1296354,"deaths":866},{"race":[{"description":"AI/AN**","count":78,"tested":817,"deaths":0,"color":"rgb(31,119,180)"},{"description":"Asian","count":1512,"tested":17029,"deaths":72,"color":"rgb(140,86,75)"},{"description":"Black","count":7688,"tested":98758,"deaths":579,"color":"rgb(255,127,14)"},{"description":"Hispanic","count":9222,"tested":46303,"deaths":508,"color":"rgb(214,39,40)"},{"description":"Left Blank","count":21402,"tested":491909,"deaths":27,"color":"rgb(44,160,44)"},{"description":"NH/PI*","count":85,"tested":880,"deaths":0,"color":"rgb(127,127,127)"},{"description":"Other","count":2214,"tested":27723,"deaths":14,"color":"rgb(148,103,189)"},{"description":"White","count":29023,"tested":404426,"deaths":718,"color":"rgb(31,119,180)"}],"age_group":"60-69   ","count":71226,"tested":1087845,"deaths":1925},{"race":[{"description":"AI/AN**","count":45,"tested":440,"deaths":0,"color":"rgb(31,119,180)"},{"description":"Asian","count":788,"tested":8854,"deaths":107,"color":"rgb(140,86,75)"},{"description":"Black","count":4344,"tested":50840,"deaths":684,"color":"rgb(255,127,14)"},{"description":"Hispanic","count":3596,"tested":19090,"deaths":458,"color":"rgb(214,39,40)"},{"description":"Left Blank","count":10234,"tested":285494,"deaths":58,"color":"rgb(44,160,44)"},{"description":"NH/PI*","count":31,"tested":342,"deaths":0,"color":"rgb(127,127,127)"},{"description":"Other","count":999,"tested":15617,"deaths":20,"color":"rgb(148,103,189)"},{"description":"White","count":17826,"tested":274072,"deaths":1535,"color":"rgb(31,119,180)"}],"age_group":"70-79   ","count":37865,"tested":654749,"deaths":2867},{"race":[{"description":"AI/AN**","count":28,"tested":241,"deaths":6,"color":"rgb(31,119,180)"},{"description":"Asian","count":545,"tested":5292,"deaths":210,"color":"rgb(140,86,75)"},{"description":"Black","count":2800,"tested":27943,"deaths":850,"color":"rgb(255,127,14)"},{"description":"Hispanic","count":1774,"tested":9653,"deaths":481,"color":"rgb(214,39,40)"},{"description":"Left Blank","count":7647,"tested":309356,"deaths":182,"color":"rgb(44,160,44)"},{"description":"NH/PI*","count":17,"tested":151,"deaths":0,"color":"rgb(127,127,127)"},{"description":"Other","count":499,"tested":7999,"deaths":24,"color":"rgb(148,103,189)"},{"description":"White","count":15657,"tested":240376,"deaths":3847,"color":"rgb(31,119,180)"}],"age_group":"80+","count":28972,"tested":601011,"deaths":5603},{"race":[{"description":"Asian","count":0,"tested":51,"deaths":0,"color":"rgb(140,86,75)"},{"description":"Black","count":0,"tested":172,"deaths":0,"color":"rgb(255,127,14)"},{"description":"Hispanic","count":9,"tested":263,"deaths":0,"color":"rgb(214,39,40)"},{"description":"Left Blank","count":163,"tested":5065,"deaths":0,"color":"rgb(44,160,44)"},{"description":"Other","count":0,"tested":45,"deaths":0,"color":"rgb(148,103,189)"},{"description":"White","count":37,"tested":547,"deaths":0,"color":"rgb(31,119,180)"}],"age_group":"Unknown","count":218,"tested":6143,"deaths":0}],"race":[{"description":"AI/AN**","count":794,"tested":7930,"deaths":16,"color":"rgb(31,119,180)"},{"description":"Asian","count":13503,"tested":380947,"deaths":438,"color":"rgb(140,86,75)"},{"description":"Black","count":66519,"tested":762290,"deaths":2537,"color":"rgb(255,127,14)"},{"description":"Hispanic","count":136076,"tested":734142,"deaths":2084,"color":"rgb(214,39,40)"},{"description":"Left Blank","count":212934,"tested":4073870,"deaths":281,"color":"rgb(44,160,44)"},{"description":"NH/PI*","count":708,"tested":10624,"deaths":11,"color":"rgb(127,127,127)"},{"description":"Other","count":23561,"tested":313131,"deaths":63,"color":"rgb(148,103,189)"},{"description":"White","count":231372,"tested":3259051,"deaths":6402,"color":"rgb(31,119,180)"}],"gender":[{"description":"Female","count":353703,"tested":5265470,"deaths":5466,"color":"rgb(255,127,14)"},{"description":"Male","count":321050,"tested":4004493,"deaths":6366,"color":"rgb(31,119,180)"},{"description":"Unknown/Left Blank","count":10714,"tested":272022,"deaths":0,"color":"rgb(44,160,44)"}]}}]}
