{"lastUpdatedDate":{"year":2020,"month":11,"day":25},"county_demographics":[{"County":"Boone","confirmed_cases":3721,"total_tested":30764,"demographics":{"age":[{"race":[],"age_group":"<20","count":606,"tested":4819,"deaths":0},{"race":[],"age_group":"20-29   ","count":699,"tested":5118,"deaths":0},{"race":[],"age_group":"30-39   ","count":541,"tested":4253,"deaths":0},{"race":[],"age_group":"40-49   ","count":655,"tested":4686,"deaths":0},{"race":[],"age_group":"50-59   ","count":557,"tested":4448,"deaths":0},{"race":[],"age_group":"60-69   ","count":344,"tested":3352,"deaths":0},{"race":[],"age_group":"70-79   ","count":200,"tested":2220,"deaths":0},{"race":[],"age_group":"80+","count":109,"tested":1857,"deaths":0},{"race":[],"age_group":"Unknown","count":0,"tested":11,"deaths":0}],"race":[{"description":"AI/AN**","count":6,"tested":17,"deaths":0,"color":"rgb(31,119,180)"},{"description":"Asian","count":25,"tested":204,"deaths":0,"color":"rgb(140,86,75)"},{"description":"Black","count":57,"tested":442,"deaths":0,"color":"rgb(255,127,14)"},{"description":"Hispanic","count":1323,"tested":3509,"deaths":0,"color":"rgb(214,39,40)"},{"description":"Left Blank","count":643,"tested":15250,"deaths":0,"color":"rgb(44,160,44)"},{"description":"NH/PI*","count":0,"tested":6,"deaths":0,"color":"rgb(127,127,127)"},{"description":"Other","count":53,"tested":389,"deaths":0,"color":"rgb(148,103,189)"},{"description":"White","count":1607,"tested":10947,"deaths":0,"color":"rgb(31,119,180)"}],"gender":[{"description":"Female","count":1964,"tested":17758,"deaths":0,"color":"rgb(255,127,14)"},{"description":"Male","count":1747,"tested":12366,"deaths":0,"color":"rgb(31,119,180)"},{"description":"Unknown/Left Blank","count":9,"tested":640,"deaths":0,"color":"rgb(44,160,44)"}]}}]}
