{"lastUpdatedDate":{"year":2020,"month":11,"day":25},"county_demographics":[{"County":"Hardin","confirmed_cases":136,"total_tested":2006,"demographics":{"age":[{"race":[],"age_group":"<20","count":10,"tested":152,"deaths":0},{"race":[],"age_group":"20-29   ","count":20,"tested":315,"deaths":0},{"race":[],"age_group":"30-39   ","count":8,"tested":301,"deaths":0},{"race":[],"age_group":"40-49   ","count":18,"tested":231,"deaths":0},{"race":[],"age_group":"50-59   ","count":26,"tested":331,"deaths":0},{"race":[],"age_group":"60-69   ","count":28,"tested":279,"deaths":0},{"race":[],"age_group":"70-79   ","count":17,"tested":225,"deaths":0},{"race":[],"age_group":"80+","count":9,"tested":169,"deaths":0},{"race":[],"age_group":"Unknown","count":0,"tested":0,"deaths":0}],"race":[{"description":"AI/AN**","count":0,"tested":0,"deaths":0,"color":"rgb(31,119,180)"},{"description":"Asian","count":0,"tested":0,"deaths":0,"color":"rgb(140,86,75)"},{"description":"Black","count":0,"tested":26,"deaths":0,"color":"rgb(255,127,14)"},{"description":"Hispanic","count":0,"tested":0,"deaths":0,"color":"rgb(214,39,40)"},{"description":"Left Blank","count":43,"tested":556,"deaths":0,"color":"rgb(44,160,44)"},{"description":"Other","count":0,"tested":7,"deaths":0,"color":"rgb(148,103,189)"},{"description":"White","count":93,"tested":1412,"deaths":0,"color":"rgb(31,119,180)"}],"gender":[{"description":"Female","count":74,"tested":1350,"deaths":0,"color":"rgb(255,127,14)"},{"description":"Male","count":61,"tested":635,"deaths":0,"color":"rgb(31,119,180)"},{"description":"Unknown/Left Blank","count":0,"tested":21,"deaths":0,"color":"rgb(44,160,44)"}]}}]}
