{"lastUpdatedDate":{"year":2020,"month":11,"day":25},"county_demographics":[{"County":"Winnebago","confirmed_cases":18042,"total_tested":186696,"demographics":{"age":[{"race":[],"age_group":"<20","count":2842,"tested":29870,"deaths":0},{"race":[],"age_group":"20-29   ","count":3314,"tested":29939,"deaths":0},{"race":[],"age_group":"30-39   ","count":2762,"tested":27740,"deaths":0},{"race":[],"age_group":"40-49   ","count":2697,"tested":25522,"deaths":0},{"race":[],"age_group":"50-59   ","count":2638,"tested":26536,"deaths":0},{"race":[],"age_group":"60-69   ","count":1941,"tested":21507,"deaths":0},{"race":[],"age_group":"70-79   ","count":1126,"tested":13863,"deaths":0},{"race":[],"age_group":"80+","count":720,"tested":11686,"deaths":0},{"race":[],"age_group":"Unknown","count":0,"tested":33,"deaths":0}],"race":[{"description":"AI/AN**","count":9,"tested":80,"deaths":0,"color":"rgb(31,119,180)"},{"description":"Asian","count":318,"tested":2086,"deaths":0,"color":"rgb(140,86,75)"},{"description":"Black","count":1851,"tested":14079,"deaths":0,"color":"rgb(255,127,14)"},{"description":"Hispanic","count":3445,"tested":14904,"deaths":0,"color":"rgb(214,39,40)"},{"description":"Left Blank","count":4096,"tested":78025,"deaths":0,"color":"rgb(44,160,44)"},{"description":"NH/PI*","count":6,"tested":68,"deaths":0,"color":"rgb(127,127,127)"},{"description":"Other","count":311,"tested":3007,"deaths":0,"color":"rgb(148,103,189)"},{"description":"White","count":7995,"tested":74447,"deaths":0,"color":"rgb(31,119,180)"}],"gender":[{"description":"Female","count":9604,"tested":107565,"deaths":0,"color":"rgb(255,127,14)"},{"description":"Male","count":8296,"tested":74750,"deaths":0,"color":"rgb(31,119,180)"},{"description":"Unknown/Left Blank","count":140,"tested":4381,"deaths":0,"color":"rgb(44,160,44)"}]}}]}
