{"age":[{"age_group":"<20","count":11,"tested":227},{"age_group":"20-29   ","count":16,"tested":272},{"age_group":"30-39   ","count":16,"tested":278},{"age_group":"40-49   ","count":22,"tested":183},{"age_group":"50-59   ","count":17,"tested":413},{"age_group":"60-69   ","count":18,"tested":258},{"age_group":"70-79   ","count":13,"tested":160}],"race":[{"description":"Left Blank","count":30,"tested":1128,"color":"rgb(44,160,44)"},{"description":"White","count":87,"tested":792,"color":"rgb(31,119,180)"}],"gender":[{"description":"Male","count":58,"tested":824,"color":"rgb(31,119,180)"},{"description":"Female","count":62,"tested":1092,"color":"rgb(255,127,14)"}]}
