{"age":[{"age_group":"<20","count":26,"tested":347},{"age_group":"20-29   ","count":51,"tested":516},{"age_group":"30-39   ","count":33,"tested":412},{"age_group":"40-49   ","count":31,"tested":353},{"age_group":"50-59   ","count":41,"tested":412},{"age_group":"60-69   ","count":17,"tested":315},{"age_group":"70-79   ","count":13,"tested":132},{"age_group":"80+","count":6,"tested":73}],"race":[{"description":"Left Blank","count":36,"tested":646,"color":"rgb(44,160,44)"},{"description":"White","count":158,"tested":1658,"color":"rgb(31,119,180)"},{"description":"Other","count":12,"tested":109,"color":"rgb(148,103,189)"}],"gender":[{"description":"Male","count":109,"tested":1105,"color":"rgb(31,119,180)"},{"description":"Female","count":109,"tested":1383,"color":"rgb(255,127,14)"}]}
