{"age":[{"age_group":"<20","count":356,"tested":5875},{"age_group":"20-29   ","count":812,"tested":18856},{"age_group":"30-39   ","count":827,"tested":17843},{"age_group":"40-49   ","count":557,"tested":11810},{"age_group":"50-59   ","count":530,"tested":12365},{"age_group":"60-69   ","count":409,"tested":12399},{"age_group":"70-79   ","count":195,"tested":6759},{"age_group":"80+","count":167,"tested":4381}],"race":[{"description":"Black","count":954,"tested":15169,"color":"rgb(255,127,14)"},{"description":"Hispanic","count":442,"tested":4363,"color":"rgb(214,39,40)"},{"description":"Other","count":174,"tested":3311,"color":"rgb(148,103,189)"},{"description":"Left Blank","count":1127,"tested":46063,"color":"rgb(44,160,44)"},{"description":"White","count":622,"tested":12443,"color":"rgb(31,119,180)"},{"description":"Asian","count":526,"tested":8786,"color":"rgb(140,86,75)"}],"gender":[{"description":"Female","count":1928,"tested":45481,"color":"rgb(255,127,14)"},{"description":"Unknown/Left Blank","count":66,"tested":2519,"color":"rgb(44,160,44)"},{"description":"Male","count":1859,"tested":42310,"color":"rgb(31,119,180)"}]}
