{"age":[{"age_group":"<20","count":87,"tested":1105},{"age_group":"20-29   ","count":65,"tested":1073},{"age_group":"30-39   ","count":54,"tested":974},{"age_group":"40-49   ","count":62,"tested":916},{"age_group":"50-59   ","count":69,"tested":1270},{"age_group":"60-69   ","count":65,"tested":1672},{"age_group":"70-79   ","count":43,"tested":1095},{"age_group":"80+","count":51,"tested":1797}],"race":[{"description":"White","count":297,"tested":5194,"color":"rgb(31,119,180)"},{"description":"Left Blank","count":176,"tested":4434,"color":"rgb(44,160,44)"},{"description":"Hispanic","count":19,"tested":164,"color":"rgb(214,39,40)"}],"gender":[{"description":"Male","count":223,"tested":3355,"color":"rgb(31,119,180)"},{"description":"Female","count":257,"tested":6222,"color":"rgb(255,127,14)"},{"description":"Unknown/Left Blank","count":18,"tested":330,"color":"rgb(44,160,44)"}]}
