{"age":[{"age_group":"<20","count":11,"tested":135},{"age_group":"20-29   ","count":9,"tested":114},{"age_group":"40-49   ","count":15,"tested":117},{"age_group":"50-59   ","count":12,"tested":176},{"age_group":"60-69   ","count":7,"tested":116}],"race":[{"description":"White","count":43,"tested":595,"color":"rgb(31,119,180)"},{"description":"Left Blank","count":14,"tested":298,"color":"rgb(44,160,44)"}],"gender":[{"description":"Female","count":35,"tested":524,"color":"rgb(255,127,14)"},{"description":"Male","count":26,"tested":420,"color":"rgb(31,119,180)"}]}
