{"age":[{"age_group":"<20","count":570,"tested":5787},{"age_group":"20-29   ","count":654,"tested":6408},{"age_group":"30-39   ","count":506,"tested":5000},{"age_group":"40-49   ","count":519,"tested":4438},{"age_group":"50-59   ","count":391,"tested":4448},{"age_group":"60-69   ","count":311,"tested":3107},{"age_group":"70-79   ","count":156,"tested":1892},{"age_group":"80+","count":65,"tested":771}],"race":[{"description":"Other","count":74,"tested":759,"color":"rgb(148,103,189)"},{"description":"Left Blank","count":346,"tested":14076,"color":"rgb(44,160,44)"},{"description":"White","count":1417,"tested":10658,"color":"rgb(31,119,180)"},{"description":"Black","count":341,"tested":2443,"color":"rgb(255,127,14)"},{"description":"Hispanic","count":899,"tested":3437,"color":"rgb(214,39,40)"},{"description":"Asian","count":89,"tested":437,"color":"rgb(140,86,75)"}],"gender":[{"description":"Female","count":1697,"tested":18555,"color":"rgb(255,127,14)"},{"description":"Unknown/Left Blank","count":16,"tested":417,"color":"rgb(44,160,44)"},{"description":"Male","count":1459,"tested":12880,"color":"rgb(31,119,180)"}]}
