{"age":[{"age_group":"<20","count":557,"tested":3973},{"age_group":"20-29   ","count":566,"tested":6132},{"age_group":"30-39   ","count":545,"tested":5628},{"age_group":"40-49   ","count":561,"tested":6353},{"age_group":"50-59   ","count":549,"tested":6435},{"age_group":"60-69   ","count":408,"tested":5020},{"age_group":"70-79   ","count":193,"tested":2670},{"age_group":"80+","count":117,"tested":1838}],"race":[{"description":"Asian","count":18,"tested":180,"color":"rgb(140,86,75)"},{"description":"White","count":573,"tested":5288,"color":"rgb(31,119,180)"},{"description":"Black","count":1021,"tested":11567,"color":"rgb(255,127,14)"},{"description":"Other","count":103,"tested":817,"color":"rgb(148,103,189)"},{"description":"Hispanic","count":555,"tested":3292,"color":"rgb(214,39,40)"},{"description":"Left Blank","count":1220,"tested":16961,"color":"rgb(44,160,44)"}],"gender":[{"description":"Female","count":1925,"tested":23638,"color":"rgb(255,127,14)"},{"description":"Male","count":1558,"tested":13565,"color":"rgb(31,119,180)"},{"description":"Unknown/Left Blank","count":13,"tested":975,"color":"rgb(44,160,44)"}]}
