{"age":[{"age_group":"<20","count":140,"tested":1877},{"age_group":"20-29   ","count":117,"tested":1866},{"age_group":"30-39   ","count":110,"tested":1516},{"age_group":"40-49   ","count":152,"tested":2097},{"age_group":"50-59   ","count":135,"tested":2545},{"age_group":"60-69   ","count":93,"tested":1824},{"age_group":"70-79   ","count":35,"tested":1107},{"age_group":"80+","count":40,"tested":1128}],"race":[{"description":"Left Blank","count":273,"tested":6361,"color":"rgb(44,160,44)"},{"description":"White","count":127,"tested":2294,"color":"rgb(31,119,180)"},{"description":"Other","count":15,"tested":332,"color":"rgb(148,103,189)"},{"description":"Hispanic","count":24,"tested":230,"color":"rgb(214,39,40)"},{"description":"Black","count":377,"tested":4627,"color":"rgb(255,127,14)"}],"gender":[{"description":"Male","count":383,"tested":5750,"color":"rgb(31,119,180)"},{"description":"Female","count":435,"tested":8072,"color":"rgb(255,127,14)"}]}
