{"age":[{"age_group":"<20","count":221,"tested":2578},{"age_group":"20-29   ","count":221,"tested":3737},{"age_group":"30-39   ","count":179,"tested":3796},{"age_group":"40-49   ","count":187,"tested":3860},{"age_group":"50-59   ","count":230,"tested":4513},{"age_group":"60-69   ","count":230,"tested":4673},{"age_group":"70-79   ","count":193,"tested":3583},{"age_group":"80+","count":206,"tested":3758}],"race":[{"description":"Hispanic","count":60,"tested":807,"color":"rgb(214,39,40)"},{"description":"Black","count":49,"tested":2697,"color":"rgb(255,127,14)"},{"description":"Other","count":44,"tested":645,"color":"rgb(148,103,189)"},{"description":"Asian","count":16,"tested":939,"color":"rgb(140,86,75)"},{"description":"White","count":810,"tested":10938,"color":"rgb(31,119,180)"},{"description":"Left Blank","count":688,"tested":14455,"color":"rgb(44,160,44)"}],"gender":[{"description":"Unknown/Left Blank","count":18,"tested":425,"color":"rgb(44,160,44)"},{"description":"Male","count":752,"tested":10433,"color":"rgb(31,119,180)"},{"description":"Female","count":897,"tested":19643,"color":"rgb(255,127,14)"}]}
