{"age":[{"age_group":"<20","count":669,"tested":11007},{"age_group":"20-29   ","count":542,"tested":8596},{"age_group":"30-39   ","count":420,"tested":9011},{"age_group":"40-49   ","count":524,"tested":9286},{"age_group":"50-59   ","count":572,"tested":10387},{"age_group":"60-69   ","count":421,"tested":8632},{"age_group":"70-79   ","count":193,"tested":4953},{"age_group":"80+","count":269,"tested":6644}],"race":[{"description":"NH/PI*","count":8,"tested":68,"color":"rgb(127,127,127)"},{"description":"Black","count":23,"tested":400,"color":"rgb(255,127,14)"},{"description":"Asian","count":89,"tested":2016,"color":"rgb(140,86,75)"},{"description":"White","count":2045,"tested":26961,"color":"rgb(31,119,180)"},{"description":"Hispanic","count":175,"tested":2053,"color":"rgb(214,39,40)"},{"description":"Other","count":174,"tested":2056,"color":"rgb(148,103,189)"},{"description":"Left Blank","count":1094,"tested":34956,"color":"rgb(44,160,44)"}],"gender":[{"description":"Female","count":1854,"tested":39480,"color":"rgb(255,127,14)"},{"description":"Male","count":1697,"tested":28159,"color":"rgb(31,119,180)"},{"description":"Unknown/Left Blank","count":59,"tested":898,"color":"rgb(44,160,44)"}]}
