{"age":[{"age_group":"<20","count":334,"tested":3846},{"age_group":"20-29   ","count":321,"tested":3817},{"age_group":"30-39   ","count":271,"tested":3816},{"age_group":"40-49   ","count":305,"tested":3204},{"age_group":"50-59   ","count":334,"tested":3960},{"age_group":"60-69   ","count":251,"tested":4198},{"age_group":"70-79   ","count":108,"tested":2683},{"age_group":"80+","count":57,"tested":1467}],"race":[{"description":"Black","count":57,"tested":528,"color":"rgb(255,127,14)"},{"description":"Hispanic","count":167,"tested":1054,"color":"rgb(214,39,40)"},{"description":"White","count":1050,"tested":10268,"color":"rgb(31,119,180)"},{"description":"Asian","count":101,"tested":1768,"color":"rgb(140,86,75)"},{"description":"Other","count":86,"tested":994,"color":"rgb(148,103,189)"},{"description":"Left Blank","count":516,"tested":12316,"color":"rgb(44,160,44)"}],"gender":[{"description":"Female","count":981,"tested":14633,"color":"rgb(255,127,14)"},{"description":"Unknown/Left Blank","count":25,"tested":238,"color":"rgb(44,160,44)"},{"description":"Male","count":975,"tested":12124,"color":"rgb(31,119,180)"}]}
