{"age":[{"age_group":"<20","count":127,"tested":2126},{"age_group":"20-29   ","count":719,"tested":12746},{"age_group":"30-39   ","count":661,"tested":14131},{"age_group":"40-49   ","count":209,"tested":3728},{"age_group":"50-59   ","count":151,"tested":2246},{"age_group":"60-69   ","count":107,"tested":1504},{"age_group":"70-79   ","count":60,"tested":849},{"age_group":"80+","count":47,"tested":375}],"race":[{"description":"Black","count":168,"tested":2073,"color":"rgb(255,127,14)"},{"description":"Asian","count":37,"tested":1448,"color":"rgb(140,86,75)"},{"description":"Hispanic","count":388,"tested":3151,"color":"rgb(214,39,40)"},{"description":"White","count":738,"tested":12843,"color":"rgb(31,119,180)"},{"description":"Other","count":116,"tested":2075,"color":"rgb(148,103,189)"},{"description":"Left Blank","count":629,"tested":16067,"color":"rgb(44,160,44)"}],"gender":[{"description":"Female","count":971,"tested":19303,"color":"rgb(255,127,14)"},{"description":"Male","count":1030,"tested":17741,"color":"rgb(31,119,180)"},{"description":"Unknown/Left Blank","count":80,"tested":670,"color":"rgb(44,160,44)"}]}
