{"age":[{"age_group":"<20","count":50,"tested":491},{"age_group":"20-29   ","count":40,"tested":625},{"age_group":"30-39   ","count":34,"tested":408},{"age_group":"40-49   ","count":35,"tested":392},{"age_group":"50-59   ","count":50,"tested":616},{"age_group":"60-69   ","count":25,"tested":399},{"age_group":"80+","count":9,"tested":122}],"race":[{"description":"White","count":168,"tested":1834,"color":"rgb(31,119,180)"},{"description":"Left Blank","count":55,"tested":1141,"color":"rgb(44,160,44)"},{"description":"Hispanic","count":19,"tested":121,"color":"rgb(214,39,40)"}],"gender":[{"description":"Female","count":129,"tested":1765,"color":"rgb(255,127,14)"},{"description":"Male","count":118,"tested":1274,"color":"rgb(31,119,180)"}]}
