{"age":[{"age_group":"<20","count":481,"tested":5287},{"age_group":"20-29   ","count":621,"tested":6589},{"age_group":"30-39   ","count":562,"tested":6463},{"age_group":"40-49   ","count":458,"tested":4933},{"age_group":"50-59   ","count":453,"tested":5336},{"age_group":"60-69   ","count":306,"tested":4630},{"age_group":"70-79   ","count":143,"tested":2822},{"age_group":"80+","count":77,"tested":2487}],"race":[{"description":"Left Blank","count":641,"tested":17780,"color":"rgb(44,160,44)"},{"description":"Hispanic","count":778,"tested":3318,"color":"rgb(214,39,40)"},{"description":"White","count":1221,"tested":12640,"color":"rgb(31,119,180)"},{"description":"Asian","count":177,"tested":1638,"color":"rgb(140,86,75)"},{"description":"Black","count":168,"tested":1574,"color":"rgb(255,127,14)"},{"description":"Other","count":112,"tested":1560,"color":"rgb(148,103,189)"}],"gender":[{"description":"Female","count":1591,"tested":21622,"color":"rgb(255,127,14)"},{"description":"Male","count":1501,"tested":16590,"color":"rgb(31,119,180)"}]}
