{"age":[{"age_group":"<20","count":345,"tested":3705},{"age_group":"20-29   ","count":298,"tested":3384},{"age_group":"30-39   ","count":340,"tested":4559},{"age_group":"40-49   ","count":369,"tested":4469},{"age_group":"50-59   ","count":258,"tested":3576},{"age_group":"60-69   ","count":205,"tested":3438},{"age_group":"70-79   ","count":66,"tested":1843},{"age_group":"80+","count":45,"tested":2836}],"race":[{"description":"Black","count":46,"tested":585,"color":"rgb(255,127,14)"},{"description":"Asian","count":21,"tested":426,"color":"rgb(140,86,75)"},{"description":"White","count":751,"tested":10379,"color":"rgb(31,119,180)"},{"description":"Hispanic","count":414,"tested":2881,"color":"rgb(214,39,40)"},{"description":"Other","count":93,"tested":1222,"color":"rgb(148,103,189)"},{"description":"Left Blank","count":597,"tested":12279,"color":"rgb(44,160,44)"}],"gender":[{"description":"Female","count":986,"tested":15795,"color":"rgb(255,127,14)"},{"description":"Male","count":915,"tested":11458,"color":"rgb(31,119,180)"},{"description":"Unknown/Left Blank","count":25,"tested":561,"color":"rgb(44,160,44)"}]}
