{"age":[{"age_group":"<20","count":531,"tested":9174},{"age_group":"20-29   ","count":242,"tested":4687},{"age_group":"30-39   ","count":163,"tested":3276},{"age_group":"40-49   ","count":208,"tested":4092},{"age_group":"50-59   ","count":260,"tested":4820},{"age_group":"60-69   ","count":136,"tested":3198},{"age_group":"70-79   ","count":70,"tested":1736},{"age_group":"80+","count":45,"tested":975}],"race":[{"description":"White","count":929,"tested":15712,"color":"rgb(31,119,180)"},{"description":"Hispanic","count":177,"tested":1310,"color":"rgb(214,39,40)"},{"description":"Asian","count":39,"tested":740,"color":"rgb(140,86,75)"},{"description":"Black","count":12,"tested":106,"color":"rgb(255,127,14)"},{"description":"Left Blank","count":341,"tested":11503,"color":"rgb(44,160,44)"},{"description":"Other","count":155,"tested":2521,"color":"rgb(148,103,189)"}],"gender":[{"description":"Unknown/Left Blank","count":13,"tested":178,"color":"rgb(44,160,44)"},{"description":"Male","count":870,"tested":15285,"color":"rgb(31,119,180)"},{"description":"Female","count":772,"tested":16498,"color":"rgb(255,127,14)"}]}
