{"age":[{"age_group":"<20","count":413,"tested":4740},{"age_group":"20-29   ","count":491,"tested":5211},{"age_group":"30-39   ","count":384,"tested":4305},{"age_group":"40-49   ","count":404,"tested":4167},{"age_group":"50-59   ","count":438,"tested":4674},{"age_group":"60-69   ","count":265,"tested":3251},{"age_group":"70-79   ","count":158,"tested":2011},{"age_group":"80+","count":66,"tested":1428}],"race":[{"description":"Black","count":104,"tested":687,"color":"rgb(255,127,14)"},{"description":"Asian","count":43,"tested":364,"color":"rgb(140,86,75)"},{"description":"Other","count":39,"tested":385,"color":"rgb(148,103,189)"},{"description":"Hispanic","count":204,"tested":1198,"color":"rgb(214,39,40)"},{"description":"White","count":1964,"tested":16006,"color":"rgb(31,119,180)"},{"description":"Left Blank","count":261,"tested":11119,"color":"rgb(44,160,44)"}],"gender":[{"description":"Female","count":1395,"tested":17638,"color":"rgb(255,127,14)"},{"description":"Male","count":1218,"tested":11887,"color":"rgb(31,119,180)"}]}
