{"age":[{"age_group":"<20","count":414,"tested":3946},{"age_group":"20-29   ","count":443,"tested":4272},{"age_group":"30-39   ","count":365,"tested":3522},{"age_group":"40-49   ","count":308,"tested":3022},{"age_group":"50-59   ","count":244,"tested":2603},{"age_group":"60-69   ","count":152,"tested":2041},{"age_group":"70-79   ","count":65,"tested":1246},{"age_group":"80+","count":43,"tested":756}],"race":[{"description":"Hispanic","count":671,"tested":2315,"color":"rgb(214,39,40)"},{"description":"White","count":574,"tested":5430,"color":"rgb(31,119,180)"},{"description":"Left Blank","count":232,"tested":10016,"color":"rgb(44,160,44)"},{"description":"Other","count":41,"tested":433,"color":"rgb(148,103,189)"},{"description":"Asian","count":81,"tested":250,"color":"rgb(140,86,75)"},{"description":"Black","count":429,"tested":2936,"color":"rgb(255,127,14)"}],"gender":[{"description":"Unknown/Left Blank","count":16,"tested":619,"color":"rgb(44,160,44)"},{"description":"Female","count":1073,"tested":12458,"color":"rgb(255,127,14)"},{"description":"Male","count":945,"tested":8336,"color":"rgb(31,119,180)"}]}
