{"age":[{"age_group":"<20","count":411,"tested":4282},{"age_group":"20-29   ","count":506,"tested":6092},{"age_group":"30-39   ","count":424,"tested":5926},{"age_group":"40-49   ","count":509,"tested":5322},{"age_group":"50-59   ","count":489,"tested":6190},{"age_group":"60-69   ","count":416,"tested":5640},{"age_group":"70-79   ","count":218,"tested":3277},{"age_group":"80+","count":199,"tested":4003}],"race":[{"description":"Other","count":136,"tested":987,"color":"rgb(148,103,189)"},{"description":"Left Blank","count":898,"tested":20926,"color":"rgb(44,160,44)"},{"description":"White","count":1548,"tested":13545,"color":"rgb(31,119,180)"},{"description":"Black","count":43,"tested":592,"color":"rgb(255,127,14)"},{"description":"Asian","count":180,"tested":2337,"color":"rgb(140,86,75)"},{"description":"Hispanic","count":355,"tested":2263,"color":"rgb(214,39,40)"},{"description":"NH/PI*","count":6,"tested":58,"color":"rgb(127,127,127)"}],"gender":[{"description":"Female","count":1606,"tested":23087,"color":"rgb(255,127,14)"},{"description":"Unknown/Left Blank","count":25,"tested":652,"color":"rgb(44,160,44)"},{"description":"Male","count":1541,"tested":17019,"color":"rgb(31,119,180)"}]}
