{"lastUpdatedDate":{"year":2020,"month":11,"day":15},"county_demographics":[{"County":"Sangamon","confirmed_cases":7586,"total_tested":164187,"demographics":{"age":[{"age_group":"60-69   ","count":879,"tested":22442},{"age_group":"Unknown","count":0,"tested":75},{"age_group":"<20","count":1053,"tested":18693},{"age_group":"40-49   ","count":1081,"tested":21838},{"age_group":"80+","count":343,"tested":9567},{"age_group":"20-29   ","count":1435,"tested":28022},{"age_group":"30-39   ","count":1108,"tested":24042},{"age_group":"50-59   ","count":1184,"tested":25332},{"age_group":"70-79   ","count":488,"tested":14176}],"race":[{"description":"Asian","count":54,"tested":1467,"color":"rgb(140,86,75)"},{"description":"NH/PI*","count":20,"tested":1437,"color":"rgb(127,127,127)"},{"description":"AI/AN**","count":0,"tested":138,"color":"rgb(31,119,180)"},{"description":"Black","count":949,"tested":10555,"color":"rgb(255,127,14)"},{"description":"Other","count":73,"tested":3275,"color":"rgb(148,103,189)"},{"description":"Left Blank","count":3224,"tested":76780,"color":"rgb(44,160,44)"},{"description":"White","count":3174,"tested":69341,"color":"rgb(31,119,180)"},{"description":"Hispanic","count":88,"tested":1194,"color":"rgb(214,39,40)"}],"gender":[{"description":"Female","count":3902,"tested":94877,"color":"rgb(255,127,14)"},{"description":"Male","count":3102,"tested":65586,"color":"rgb(31,119,180)"},{"description":"Unknown/Left Blank","count":582,"tested":3724,"color":"rgb(44,160,44)"}]}}]}
