{"lastUpdatedDate":{"year":2020,"month":11,"day":15},"county_demographics":[{"County":"Hamilton","confirmed_cases":290,"total_tested":2709,"demographics":{"age":[{"age_group":"30-39   ","count":49,"tested":365},{"age_group":"20-29   ","count":33,"tested":293},{"age_group":"<20","count":33,"tested":381},{"age_group":"60-69   ","count":40,"tested":388},{"age_group":"Unknown","count":0,"tested":0},{"age_group":"80+","count":9,"tested":209},{"age_group":"40-49   ","count":43,"tested":387},{"age_group":"50-59   ","count":46,"tested":444},{"age_group":"70-79   ","count":26,"tested":240}],"race":[{"description":"Asian","count":0,"tested":0,"color":"rgb(140,86,75)"},{"description":"Black","count":0,"tested":11,"color":"rgb(255,127,14)"},{"description":"NH/PI*","count":0,"tested":0,"color":"rgb(127,127,127)"},{"description":"Other","count":0,"tested":19,"color":"rgb(148,103,189)"},{"description":"AI/AN**","count":0,"tested":0,"color":"rgb(31,119,180)"},{"description":"Hispanic","count":0,"tested":33,"color":"rgb(214,39,40)"},{"description":"White","count":182,"tested":1926,"color":"rgb(31,119,180)"},{"description":"Left Blank","count":97,"tested":715,"color":"rgb(44,160,44)"}],"gender":[{"description":"Female","count":150,"tested":1658,"color":"rgb(255,127,14)"},{"description":"Male","count":134,"tested":982,"color":"rgb(31,119,180)"},{"description":"Unknown/Left Blank","count":0,"tested":69,"color":"rgb(44,160,44)"}]}}]}
