{"lastUpdatedDate":{"year":2020,"month":11,"day":15},"county_demographics":[{"County":"Piatt","confirmed_cases":584,"total_tested":13641,"demographics":{"age":[{"age_group":"20-29   ","count":86,"tested":1786},{"age_group":"60-69   ","count":73,"tested":1602},{"age_group":"80+","count":12,"tested":1132},{"age_group":"<20","count":88,"tested":2848},{"age_group":"50-59   ","count":93,"tested":1641},{"age_group":"30-39   ","count":89,"tested":1877},{"age_group":"40-49   ","count":105,"tested":1731},{"age_group":"70-79   ","count":33,"tested":1022},{"age_group":"Unknown","count":0,"tested":0}],"race":[{"description":"AI/AN**","count":0,"tested":28,"color":"rgb(31,119,180)"},{"description":"Hispanic","count":0,"tested":111,"color":"rgb(214,39,40)"},{"description":"White","count":448,"tested":9471,"color":"rgb(31,119,180)"},{"description":"Black","count":0,"tested":97,"color":"rgb(255,127,14)"},{"description":"Asian","count":0,"tested":60,"color":"rgb(140,86,75)"},{"description":"Left Blank","count":116,"tested":3475,"color":"rgb(44,160,44)"},{"description":"NH/PI*","count":0,"tested":0,"color":"rgb(127,127,127)"},{"description":"Other","count":10,"tested":394,"color":"rgb(148,103,189)"}],"gender":[{"description":"Female","count":316,"tested":7970,"color":"rgb(255,127,14)"},{"description":"Male","count":267,"tested":5592,"color":"rgb(31,119,180)"},{"description":"Unknown/Left Blank","count":0,"tested":79,"color":"rgb(44,160,44)"}]}}]}
