{"lastUpdatedDate":{"year":2020,"month":11,"day":15},"county_demographics":[{"County":"Pope","confirmed_cases":62,"total_tested":1010,"demographics":{"age":[{"age_group":"40-49   ","count":0,"tested":130},{"age_group":"70-79   ","count":6,"tested":112},{"age_group":"30-39   ","count":10,"tested":97},{"age_group":"<20","count":7,"tested":144},{"age_group":"50-59   ","count":12,"tested":175},{"age_group":"80+","count":6,"tested":55},{"age_group":"20-29   ","count":0,"tested":96},{"age_group":"60-69   ","count":13,"tested":201}],"race":[{"description":"Black","count":0,"tested":9,"color":"rgb(255,127,14)"},{"description":"Other","count":0,"tested":14,"color":"rgb(148,103,189)"},{"description":"Hispanic","count":0,"tested":0,"color":"rgb(214,39,40)"},{"description":"Left Blank","count":20,"tested":417,"color":"rgb(44,160,44)"},{"description":"White","count":39,"tested":569,"color":"rgb(31,119,180)"}],"gender":[{"description":"Female","count":33,"tested":566,"color":"rgb(255,127,14)"},{"description":"Male","count":28,"tested":412,"color":"rgb(31,119,180)"},{"description":"Unknown/Left Blank","count":0,"tested":32,"color":"rgb(44,160,44)"}]}}]}
