{"lastUpdatedDate":{"year":2020,"month":11,"day":15},"county_demographics":[{"County":"Ogle","confirmed_cases":2196,"total_tested":25403,"demographics":{"age":[{"age_group":"50-59   ","count":358,"tested":3746},{"age_group":"70-79   ","count":140,"tested":1942},{"age_group":"<20","count":275,"tested":3799},{"age_group":"Unknown","count":11,"tested":17},{"age_group":"20-29   ","count":392,"tested":3804},{"age_group":"60-69   ","count":222,"tested":2980},{"age_group":"80+","count":112,"tested":2211},{"age_group":"30-39   ","count":340,"tested":3661},{"age_group":"40-49   ","count":337,"tested":3243}],"race":[{"description":"Black","count":12,"tested":183,"color":"rgb(255,127,14)"},{"description":"Hispanic","count":254,"tested":794,"color":"rgb(214,39,40)"},{"description":"AI/AN**","count":0,"tested":24,"color":"rgb(31,119,180)"},{"description":"Other","count":37,"tested":319,"color":"rgb(148,103,189)"},{"description":"Left Blank","count":914,"tested":13227,"color":"rgb(44,160,44)"},{"description":"NH/PI*","count":0,"tested":0,"color":"rgb(127,127,127)"},{"description":"White","count":973,"tested":10822,"color":"rgb(31,119,180)"},{"description":"Asian","count":0,"tested":32,"color":"rgb(140,86,75)"}],"gender":[{"description":"Female","count":1144,"tested":14302,"color":"rgb(255,127,14)"},{"description":"Male","count":994,"tested":8778,"color":"rgb(31,119,180)"},{"description":"Unknown/Left Blank","count":55,"tested":2323,"color":"rgb(44,160,44)"}]}}]}
