{"lastUpdatedDate":{"year":2020,"month":11,"day":15},"county_demographics":[{"County":"Bureau","confirmed_cases":1602,"total_tested":16576,"demographics":{"age":[{"age_group":"<20","count":210,"tested":1836},{"age_group":"60-69   ","count":180,"tested":2399},{"age_group":"Unknown","count":0,"tested":0},{"age_group":"80+","count":97,"tested":1564},{"age_group":"20-29   ","count":225,"tested":2244},{"age_group":"70-79   ","count":117,"tested":1497},{"age_group":"40-49   ","count":260,"tested":2058},{"age_group":"50-59   ","count":268,"tested":2704},{"age_group":"30-39   ","count":243,"tested":2273}],"race":[{"description":"Hispanic","count":169,"tested":470,"color":"rgb(214,39,40)"},{"description":"Left Blank","count":736,"tested":10163,"color":"rgb(44,160,44)"},{"description":"White","count":660,"tested":5571,"color":"rgb(31,119,180)"},{"description":"AI/AN**","count":0,"tested":0,"color":"rgb(31,119,180)"},{"description":"Black","count":0,"tested":89,"color":"rgb(255,127,14)"},{"description":"Asian","count":0,"tested":69,"color":"rgb(140,86,75)"},{"description":"NH/PI*","count":0,"tested":45,"color":"rgb(127,127,127)"},{"description":"Other","count":20,"tested":167,"color":"rgb(148,103,189)"}],"gender":[{"description":"Female","count":848,"tested":10259,"color":"rgb(255,127,14)"},{"description":"Male","count":714,"tested":5691,"color":"rgb(31,119,180)"},{"description":"Unknown/Left Blank","count":39,"tested":626,"color":"rgb(44,160,44)"}]}}]}
