{"age":[{"age_group":"<20","count":205,"tested":1976},{"age_group":"20-29   ","count":320,"tested":3386},{"age_group":"30-39   ","count":249,"tested":3251},{"age_group":"40-49   ","count":211,"tested":2780},{"age_group":"50-59   ","count":159,"tested":2846},{"age_group":"60-69   ","count":160,"tested":2813},{"age_group":"70-79   ","count":90,"tested":2877},{"age_group":"80+","count":80,"tested":2928}],"race":[{"description":"Asian","count":28,"tested":625,"color":"rgb(140,86,75)"},{"description":"Black","count":126,"tested":3706,"color":"rgb(255,127,14)"},{"description":"Hispanic","count":168,"tested":1545,"color":"rgb(214,39,40)"},{"description":"Left Blank","count":516,"tested":8486,"color":"rgb(44,160,44)"},{"description":"Other","count":100,"tested":832,"color":"rgb(148,103,189)"},{"description":"White","count":531,"tested":7565,"color":"rgb(31,119,180)"}],"gender":[{"description":"Female","count":771,"tested":13126,"color":"rgb(255,127,14)"},{"description":"Male","count":694,"tested":9293,"color":"rgb(31,119,180)"},{"description":"Unknown/Left Blank","count":9,"tested":442,"color":"rgb(44,160,44)"}]}
