{"age":[{"age_group":"<20","count":375,"tested":3226},{"age_group":"20-29   ","count":481,"tested":4624},{"age_group":"30-39   ","count":459,"tested":5014},{"age_group":"40-49   ","count":405,"tested":3973},{"age_group":"50-59   ","count":381,"tested":3970},{"age_group":"60-69   ","count":257,"tested":3623},{"age_group":"70-79   ","count":116,"tested":1918},{"age_group":"80+","count":56,"tested":910}],"race":[{"description":"Asian","count":31,"tested":309,"color":"rgb(140,86,75)"},{"description":"Black","count":352,"tested":4131,"color":"rgb(255,127,14)"},{"description":"Hispanic","count":467,"tested":2994,"color":"rgb(214,39,40)"},{"description":"Left Blank","count":896,"tested":11412,"color":"rgb(44,160,44)"},{"description":"Other","count":84,"tested":908,"color":"rgb(148,103,189)"},{"description":"White","count":695,"tested":7439,"color":"rgb(31,119,180)"}],"gender":[{"description":"Female","count":1349,"tested":15612,"color":"rgb(255,127,14)"},{"description":"Male","count":1170,"tested":11269,"color":"rgb(31,119,180)"}]}
