{"age":[{"age_group":"<20","count":226,"tested":2210},{"age_group":"20-29   ","count":363,"tested":3424},{"age_group":"30-39   ","count":313,"tested":3036},{"age_group":"40-49   ","count":245,"tested":2488},{"age_group":"50-59   ","count":316,"tested":2983},{"age_group":"60-69   ","count":231,"tested":3014},{"age_group":"70-79   ","count":111,"tested":2086},{"age_group":"80+","count":91,"tested":3253}],"race":[{"description":"Asian","count":68,"tested":687,"color":"rgb(140,86,75)"},{"description":"Black","count":36,"tested":382,"color":"rgb(255,127,14)"},{"description":"Hispanic","count":479,"tested":2322,"color":"rgb(214,39,40)"},{"description":"Left Blank","count":326,"tested":12045,"color":"rgb(44,160,44)"},{"description":"Other","count":65,"tested":564,"color":"rgb(148,103,189)"},{"description":"White","count":916,"tested":6473,"color":"rgb(31,119,180)"}],"gender":[{"description":"Female","count":965,"tested":12950,"color":"rgb(255,127,14)"},{"description":"Male","count":924,"tested":9341,"color":"rgb(31,119,180)"}]}
