{"age":[{"age_group":"<20","count":256,"tested":6694},{"age_group":"20-29   ","count":172,"tested":4425},{"age_group":"30-39   ","count":180,"tested":5412},{"age_group":"40-49   ","count":201,"tested":5532},{"age_group":"50-59   ","count":162,"tested":4731},{"age_group":"60-69   ","count":100,"tested":2899},{"age_group":"70-79   ","count":52,"tested":1536},{"age_group":"80+","count":13,"tested":493}],"race":[{"description":"Asian","count":26,"tested":1094,"color":"rgb(140,86,75)"},{"description":"Black","count":241,"tested":3681,"color":"rgb(255,127,14)"},{"description":"Hispanic","count":105,"tested":1470,"color":"rgb(214,39,40)"},{"description":"Left Blank","count":198,"tested":10202,"color":"rgb(44,160,44)"},{"description":"Other","count":48,"tested":1423,"color":"rgb(148,103,189)"},{"description":"White","count":514,"tested":13713,"color":"rgb(31,119,180)"}],"gender":[{"description":"Female","count":553,"tested":16858,"color":"rgb(255,127,14)"},{"description":"Male","count":574,"tested":14106,"color":"rgb(31,119,180)"}]}
