{"age":[{"age_group":"<20","count":1567,"tested":14540},{"age_group":"20-29   ","count":1536,"tested":15594},{"age_group":"30-39   ","count":1334,"tested":13570},{"age_group":"40-49   ","count":1449,"tested":14246},{"age_group":"50-59   ","count":1097,"tested":12082},{"age_group":"60-69   ","count":582,"tested":7496},{"age_group":"70-79   ","count":243,"tested":4399},{"age_group":"80+","count":123,"tested":3707}],"race":[{"description":"AI/AN**","count":9,"tested":152,"color":"rgb(31,119,180)"},{"description":"Asian","count":127,"tested":3041,"color":"rgb(140,86,75)"},{"description":"Black","count":262,"tested":3510,"color":"rgb(255,127,14)"},{"description":"Hispanic","count":3534,"tested":20137,"color":"rgb(214,39,40)"},{"description":"Left Blank","count":1983,"tested":27564,"color":"rgb(44,160,44)"},{"description":"NH/PI*","count":11,"tested":291,"color":"rgb(127,127,127)"},{"description":"Other","count":288,"tested":3221,"color":"rgb(148,103,189)"},{"description":"White","count":1719,"tested":27733,"color":"rgb(31,119,180)"}],"gender":[{"description":"Female","count":4145,"tested":50952,"color":"rgb(255,127,14)"},{"description":"Male","count":3751,"tested":33502,"color":"rgb(31,119,180)"},{"description":"Unknown/Left Blank","count":37,"tested":1195,"color":"rgb(44,160,44)"}]}
