{"age":[{"age_group":"<20","count":251,"tested":2949},{"age_group":"20-29   ","count":218,"tested":2277},{"age_group":"30-39   ","count":209,"tested":2087},{"age_group":"40-49   ","count":216,"tested":2107},{"age_group":"50-59   ","count":175,"tested":1893},{"age_group":"60-69   ","count":116,"tested":1334},{"age_group":"70-79   ","count":46,"tested":662},{"age_group":"80+","count":20,"tested":333}],"race":[{"description":"Black","count":6,"tested":110,"color":"rgb(255,127,14)"},{"description":"Hispanic","count":34,"tested":314,"color":"rgb(214,39,40)"},{"description":"Left Blank","count":260,"tested":2847,"color":"rgb(44,160,44)"},{"description":"Other","count":72,"tested":611,"color":"rgb(148,103,189)"},{"description":"White","count":879,"tested":9738,"color":"rgb(31,119,180)"}],"gender":[{"description":"Female","count":626,"tested":7759,"color":"rgb(255,127,14)"},{"description":"Male","count":622,"tested":5703,"color":"rgb(31,119,180)"}]}
