{"age":[{"age_group":"<20","count":10,"tested":269},{"age_group":"20-29   ","count":12,"tested":184},{"age_group":"30-39   ","count":12,"tested":260},{"age_group":"40-49   ","count":8,"tested":196},{"age_group":"50-59   ","count":19,"tested":340},{"age_group":"60-69   ","count":15,"tested":180},{"age_group":"70-79   ","count":8,"tested":69}],"race":[{"description":"Left Blank","count":6,"tested":548,"color":"rgb(44,160,44)"},{"description":"White","count":81,"tested":944,"color":"rgb(31,119,180)"}],"gender":[{"description":"Female","count":46,"tested":1056,"color":"rgb(255,127,14)"},{"description":"Male","count":42,"tested":424,"color":"rgb(31,119,180)"}]}
