{"age":[{"age_group":"<20","count":1060,"tested":9877},{"age_group":"20-29   ","count":1269,"tested":17566},{"age_group":"30-39   ","count":1102,"tested":16776},{"age_group":"40-49   ","count":1122,"tested":16467},{"age_group":"50-59   ","count":990,"tested":18980},{"age_group":"60-69   ","count":674,"tested":14500},{"age_group":"70-79   ","count":331,"tested":7268},{"age_group":"80+","count":207,"tested":5801}],"race":[{"description":"AI/AN**","count":38,"tested":259,"color":"rgb(31,119,180)"},{"description":"Asian","count":15,"tested":282,"color":"rgb(140,86,75)"},{"description":"Black","count":2442,"tested":36126,"color":"rgb(255,127,14)"},{"description":"Hispanic","count":1163,"tested":7659,"color":"rgb(214,39,40)"},{"description":"Left Blank","count":2064,"tested":46889,"color":"rgb(44,160,44)"},{"description":"Other","count":212,"tested":2647,"color":"rgb(148,103,189)"},{"description":"White","count":817,"tested":13296,"color":"rgb(31,119,180)"}],"gender":[{"description":"Female","count":3716,"tested":61001,"color":"rgb(255,127,14)"},{"description":"Male","count":3011,"tested":44549,"color":"rgb(31,119,180)"},{"description":"Unknown/Left Blank","count":29,"tested":1713,"color":"rgb(44,160,44)"}]}
