{"age":[{"age_group":"<20","count":1722,"tested":13140},{"age_group":"20-29   ","count":1916,"tested":17597},{"age_group":"30-39   ","count":1615,"tested":13015},{"age_group":"40-49   ","count":1734,"tested":12189},{"age_group":"50-59   ","count":1287,"tested":11361},{"age_group":"60-69   ","count":683,"tested":9285},{"age_group":"70-79   ","count":329,"tested":7344},{"age_group":"80+","count":164,"tested":4916}],"race":[{"description":"AI/AN**","count":8,"tested":124,"color":"rgb(31,119,180)"},{"description":"Asian","count":46,"tested":660,"color":"rgb(140,86,75)"},{"description":"Black","count":387,"tested":4369,"color":"rgb(255,127,14)"},{"description":"Hispanic","count":6006,"tested":31324,"color":"rgb(214,39,40)"},{"description":"Left Blank","count":1953,"tested":39144,"color":"rgb(44,160,44)"},{"description":"Other","count":270,"tested":3269,"color":"rgb(148,103,189)"},{"description":"White","count":776,"tested":9931,"color":"rgb(31,119,180)"}],"gender":[{"description":"Female","count":4838,"tested":50347,"color":"rgb(255,127,14)"},{"description":"Male","count":4588,"tested":37757,"color":"rgb(31,119,180)"},{"description":"Unknown/Left Blank","count":25,"tested":751,"color":"rgb(44,160,44)"}]}
