{"age":[{"age_group":"<20","count":738,"tested":9376},{"age_group":"20-29   ","count":574,"tested":7808},{"age_group":"30-39   ","count":495,"tested":6159},{"age_group":"40-49   ","count":510,"tested":6488},{"age_group":"50-59   ","count":603,"tested":7658},{"age_group":"60-69   ","count":295,"tested":5099},{"age_group":"70-79   ","count":123,"tested":2631},{"age_group":"80+","count":87,"tested":3244}],"race":[{"description":"Asian","count":71,"tested":1437,"color":"rgb(140,86,75)"},{"description":"Black","count":71,"tested":1593,"color":"rgb(255,127,14)"},{"description":"Hispanic","count":385,"tested":3290,"color":"rgb(214,39,40)"},{"description":"Left Blank","count":1013,"tested":15060,"color":"rgb(44,160,44)"},{"description":"NH/PI*","count":7,"tested":140,"color":"rgb(127,127,127)"},{"description":"Other","count":211,"tested":2002,"color":"rgb(148,103,189)"},{"description":"White","count":1662,"tested":24776,"color":"rgb(31,119,180)"}],"gender":[{"description":"Female","count":1698,"tested":27136,"color":"rgb(255,127,14)"},{"description":"Male","count":1719,"tested":20896,"color":"rgb(31,119,180)"},{"description":"Unknown/Left Blank","count":8,"tested":451,"color":"rgb(44,160,44)"}]}
