{"age":[{"age_group":"<20","count":500,"tested":6937},{"age_group":"20-29   ","count":332,"tested":5172},{"age_group":"30-39   ","count":287,"tested":3899},{"age_group":"40-49   ","count":308,"tested":4939},{"age_group":"50-59   ","count":343,"tested":5067},{"age_group":"60-69   ","count":140,"tested":3090},{"age_group":"70-79   ","count":56,"tested":1407},{"age_group":"80+","count":16,"tested":589}],"race":[{"description":"Asian","count":194,"tested":3639,"color":"rgb(140,86,75)"},{"description":"Black","count":192,"tested":2548,"color":"rgb(255,127,14)"},{"description":"Hispanic","count":311,"tested":2351,"color":"rgb(214,39,40)"},{"description":"Left Blank","count":304,"tested":9698,"color":"rgb(44,160,44)"},{"description":"Other","count":59,"tested":1195,"color":"rgb(148,103,189)"},{"description":"White","count":916,"tested":11545,"color":"rgb(31,119,180)"}],"gender":[{"description":"Female","count":1036,"tested":17010,"color":"rgb(255,127,14)"},{"description":"Male","count":943,"tested":13879,"color":"rgb(31,119,180)"}]}
