{"age":[{"age_group":"<20","count":897,"tested":14766},{"age_group":"20-29   ","count":958,"tested":12257},{"age_group":"30-39   ","count":892,"tested":12500},{"age_group":"40-49   ","count":944,"tested":11365},{"age_group":"50-59   ","count":841,"tested":11990},{"age_group":"60-69   ","count":575,"tested":9642},{"age_group":"70-79   ","count":272,"tested":5305},{"age_group":"80+","count":168,"tested":3642}],"race":[{"description":"AI/AN**","count":13,"tested":220,"color":"rgb(31,119,180)"},{"description":"Asian","count":418,"tested":7056,"color":"rgb(140,86,75)"},{"description":"Black","count":121,"tested":1698,"color":"rgb(255,127,14)"},{"description":"Hispanic","count":976,"tested":6129,"color":"rgb(214,39,40)"},{"description":"Left Blank","count":1095,"tested":27777,"color":"rgb(44,160,44)"},{"description":"NH/PI*","count":11,"tested":127,"color":"rgb(127,127,127)"},{"description":"Other","count":335,"tested":3214,"color":"rgb(148,103,189)"},{"description":"White","count":2580,"tested":35261,"color":"rgb(31,119,180)"}],"gender":[{"description":"Female","count":2797,"tested":44828,"color":"rgb(255,127,14)"},{"description":"Male","count":2725,"tested":35898,"color":"rgb(31,119,180)"},{"description":"Unknown/Left Blank","count":27,"tested":756,"color":"rgb(44,160,44)"}]}
