{"age":[{"age_group":"<20","count":88,"tested":892},{"age_group":"20-29   ","count":77,"tested":670},{"age_group":"30-39   ","count":62,"tested":623},{"age_group":"40-49   ","count":88,"tested":606},{"age_group":"50-59   ","count":63,"tested":523},{"age_group":"60-69   ","count":34,"tested":270},{"age_group":"70-79   ","count":12,"tested":156}],"race":[{"description":"Hispanic","count":38,"tested":196,"color":"rgb(214,39,40)"},{"description":"Left Blank","count":168,"tested":1548,"color":"rgb(44,160,44)"},{"description":"Other","count":7,"tested":71,"color":"rgb(148,103,189)"},{"description":"White","count":214,"tested":1942,"color":"rgb(31,119,180)"}],"gender":[{"description":"Female","count":220,"tested":2184,"color":"rgb(255,127,14)"},{"description":"Male","count":209,"tested":1584,"color":"rgb(31,119,180)"}]}
