{"age":[{"age_group":"<20","count":298,"tested":3862},{"age_group":"20-29   ","count":350,"tested":5128},{"age_group":"30-39   ","count":291,"tested":4293},{"age_group":"40-49   ","count":304,"tested":4160},{"age_group":"50-59   ","count":323,"tested":4863},{"age_group":"60-69   ","count":195,"tested":3854},{"age_group":"70-79   ","count":98,"tested":2923},{"age_group":"80+","count":82,"tested":2885}],"race":[{"description":"Asian","count":60,"tested":876,"color":"rgb(140,86,75)"},{"description":"Black","count":97,"tested":2009,"color":"rgb(255,127,14)"},{"description":"Hispanic","count":439,"tested":3858,"color":"rgb(214,39,40)"},{"description":"Left Blank","count":399,"tested":10091,"color":"rgb(44,160,44)"},{"description":"Other","count":62,"tested":832,"color":"rgb(148,103,189)"},{"description":"White","count":882,"tested":14535,"color":"rgb(31,119,180)"}],"gender":[{"description":"Female","count":992,"tested":18777,"color":"rgb(255,127,14)"},{"description":"Male","count":939,"tested":13089,"color":"rgb(31,119,180)"}]}
