{"age":[{"age_group":"<20","count":54,"tested":413},{"age_group":"20-29   ","count":43,"tested":435},{"age_group":"30-39   ","count":29,"tested":378},{"age_group":"40-49   ","count":30,"tested":331},{"age_group":"50-59   ","count":44,"tested":572},{"age_group":"60-69   ","count":49,"tested":567},{"age_group":"70-79   ","count":25,"tested":347},{"age_group":"80+","count":13,"tested":164}],"race":[{"description":"Black","count":9,"tested":40,"color":"rgb(255,127,14)"},{"description":"Hispanic","count":7,"tested":64,"color":"rgb(214,39,40)"},{"description":"Left Blank","count":18,"tested":414,"color":"rgb(44,160,44)"},{"description":"White","count":249,"tested":2633,"color":"rgb(31,119,180)"}],"gender":[{"description":"Female","count":151,"tested":2055,"color":"rgb(255,127,14)"},{"description":"Male","count":136,"tested":1119,"color":"rgb(31,119,180)"}]}
