{"age":[{"age_group":"<20","count":411,"tested":6757},{"age_group":"20-29   ","count":475,"tested":10039},{"age_group":"30-39   ","count":491,"tested":10353},{"age_group":"40-49   ","count":446,"tested":10007},{"age_group":"50-59   ","count":462,"tested":11278},{"age_group":"60-69   ","count":362,"tested":10142},{"age_group":"70-79   ","count":210,"tested":5452},{"age_group":"80+","count":119,"tested":4127}],"race":[{"description":"AI/AN**","count":14,"tested":141,"color":"rgb(31,119,180)"},{"description":"Asian","count":452,"tested":6404,"color":"rgb(140,86,75)"},{"description":"Black","count":186,"tested":2463,"color":"rgb(255,127,14)"},{"description":"Hispanic","count":300,"tested":2333,"color":"rgb(214,39,40)"},{"description":"Left Blank","count":779,"tested":42494,"color":"rgb(44,160,44)"},{"description":"NH/PI*","count":19,"tested":126,"color":"rgb(127,127,127)"},{"description":"Other","count":508,"tested":3829,"color":"rgb(148,103,189)"},{"description":"White","count":718,"tested":10379,"color":"rgb(31,119,180)"}],"gender":[{"description":"Female","count":1578,"tested":39769,"color":"rgb(255,127,14)"},{"description":"Male","count":1387,"tested":27406,"color":"rgb(31,119,180)"},{"description":"Unknown/Left Blank","count":11,"tested":994,"color":"rgb(44,160,44)"}]}
