{"age":[{"age_group":"<20","count":24,"tested":530},{"age_group":"20-29   ","count":35,"tested":382},{"age_group":"30-39   ","count":22,"tested":493},{"age_group":"40-49   ","count":31,"tested":606},{"age_group":"50-59   ","count":37,"tested":722},{"age_group":"60-69   ","count":17,"tested":293}],"race":[{"description":"Left Blank","count":25,"tested":833,"color":"rgb(44,160,44)"},{"description":"Other","count":7,"tested":61,"color":"rgb(148,103,189)"},{"description":"White","count":147,"tested":2211,"color":"rgb(31,119,180)"}],"gender":[{"description":"Female","count":105,"tested":2052,"color":"rgb(255,127,14)"},{"description":"Male","count":78,"tested":1052,"color":"rgb(31,119,180)"}]}
