{"age":[{"age_group":"<20","count":97,"tested":759},{"age_group":"20-29   ","count":74,"tested":733},{"age_group":"30-39   ","count":70,"tested":1011},{"age_group":"40-49   ","count":74,"tested":597},{"age_group":"50-59   ","count":89,"tested":971},{"age_group":"60-69   ","count":70,"tested":849},{"age_group":"70-79   ","count":24,"tested":827},{"age_group":"80+","count":19,"tested":1185}],"race":[{"description":"Left Blank","count":87,"tested":1507,"color":"rgb(44,160,44)"},{"description":"White","count":418,"tested":5216,"color":"rgb(31,119,180)"}],"gender":[{"description":"Female","count":277,"tested":4477,"color":"rgb(255,127,14)"},{"description":"Male","count":239,"tested":2393,"color":"rgb(31,119,180)"}]}
