{"age":[{"age_group":"<20","count":19,"tested":193},{"age_group":"20-29   ","count":20,"tested":163},{"age_group":"30-39   ","count":26,"tested":108},{"age_group":"40-49   ","count":19,"tested":133},{"age_group":"50-59   ","count":24,"tested":190},{"age_group":"60-69   ","count":18,"tested":156}],"race":[{"description":"Left Blank","count":21,"tested":322,"color":"rgb(44,160,44)"},{"description":"White","count":111,"tested":706,"color":"rgb(31,119,180)"}],"gender":[{"description":"Female","count":70,"tested":573,"color":"rgb(255,127,14)"},{"description":"Male","count":63,"tested":467,"color":"rgb(31,119,180)"}]}
