{"age":[{"age_group":"<20","count":536,"tested":6513},{"age_group":"20-29   ","count":677,"tested":9638},{"age_group":"30-39   ","count":625,"tested":9406},{"age_group":"40-49   ","count":513,"tested":7558},{"age_group":"50-59   ","count":498,"tested":6920},{"age_group":"60-69   ","count":316,"tested":5610},{"age_group":"70-79   ","count":138,"tested":2588},{"age_group":"80+","count":133,"tested":2998}],"race":[{"description":"AI/AN**","count":24,"tested":254,"color":"rgb(31,119,180)"},{"description":"Asian","count":378,"tested":6198,"color":"rgb(140,86,75)"},{"description":"Black","count":147,"tested":1670,"color":"rgb(255,127,14)"},{"description":"Hispanic","count":770,"tested":4667,"color":"rgb(214,39,40)"},{"description":"Left Blank","count":1071,"tested":26172,"color":"rgb(44,160,44)"},{"description":"NH/PI*","count":7,"tested":94,"color":"rgb(127,127,127)"},{"description":"Other","count":143,"tested":1169,"color":"rgb(148,103,189)"},{"description":"White","count":896,"tested":11047,"color":"rgb(31,119,180)"}],"gender":[{"description":"Female","count":1737,"tested":27608,"color":"rgb(255,127,14)"},{"description":"Male","count":1675,"tested":22929,"color":"rgb(31,119,180)"},{"description":"Unknown/Left Blank","count":24,"tested":734,"color":"rgb(44,160,44)"}]}
