{"age":[{"age_group":"<20","count":610,"tested":6582},{"age_group":"20-29   ","count":674,"tested":9739},{"age_group":"30-39   ","count":585,"tested":8859},{"age_group":"40-49   ","count":644,"tested":8973},{"age_group":"50-59   ","count":540,"tested":9604},{"age_group":"60-69   ","count":392,"tested":8440},{"age_group":"70-79   ","count":225,"tested":5913},{"age_group":"80+","count":240,"tested":7697}],"race":[{"description":"AI/AN**","count":13,"tested":191,"color":"rgb(31,119,180)"},{"description":"Asian","count":250,"tested":4035,"color":"rgb(140,86,75)"},{"description":"Black","count":47,"tested":828,"color":"rgb(255,127,14)"},{"description":"Hispanic","count":1310,"tested":9286,"color":"rgb(214,39,40)"},{"description":"Left Blank","count":1005,"tested":34978,"color":"rgb(44,160,44)"},{"description":"Other","count":200,"tested":1780,"color":"rgb(148,103,189)"},{"description":"White","count":1080,"tested":14879,"color":"rgb(31,119,180)"}],"gender":[{"description":"Female","count":1996,"tested":36358,"color":"rgb(255,127,14)"},{"description":"Male","count":1883,"tested":28407,"color":"rgb(31,119,180)"},{"description":"Unknown/Left Blank","count":31,"tested":1379,"color":"rgb(44,160,44)"}]}
