{"age":[{"age_group":"<20","count":81,"tested":819},{"age_group":"20-29   ","count":74,"tested":786},{"age_group":"30-39   ","count":74,"tested":644},{"age_group":"40-49   ","count":80,"tested":692},{"age_group":"50-59   ","count":70,"tested":852},{"age_group":"60-69   ","count":53,"tested":602},{"age_group":"70-79   ","count":25,"tested":362},{"age_group":"80+","count":11,"tested":204}],"race":[{"description":"Hispanic","count":22,"tested":148,"color":"rgb(214,39,40)"},{"description":"Left Blank","count":76,"tested":1244,"color":"rgb(44,160,44)"},{"description":"Other","count":12,"tested":165,"color":"rgb(148,103,189)"},{"description":"White","count":355,"tested":3360,"color":"rgb(31,119,180)"}],"gender":[{"description":"Female","count":241,"tested":2700,"color":"rgb(255,127,14)"},{"description":"Male","count":227,"tested":2171,"color":"rgb(31,119,180)"}]}
