{"age":[{"age_group":"<20","count":113,"tested":1205},{"age_group":"20-29   ","count":103,"tested":1478},{"age_group":"30-39   ","count":105,"tested":1571},{"age_group":"40-49   ","count":99,"tested":1346},{"age_group":"50-59   ","count":123,"tested":1653},{"age_group":"60-69   ","count":108,"tested":1547},{"age_group":"70-79   ","count":91,"tested":1120},{"age_group":"80+","count":62,"tested":1122}],"race":[{"description":"Black","count":11,"tested":221,"color":"rgb(255,127,14)"},{"description":"Hispanic","count":33,"tested":239,"color":"rgb(214,39,40)"},{"description":"Left Blank","count":59,"tested":1462,"color":"rgb(44,160,44)"},{"description":"Other","count":12,"tested":164,"color":"rgb(148,103,189)"},{"description":"White","count":687,"tested":8931,"color":"rgb(31,119,180)"}],"gender":[{"description":"Female","count":449,"tested":6885,"color":"rgb(255,127,14)"},{"description":"Male","count":349,"tested":4069,"color":"rgb(31,119,180)"}]}
