{"age":[{"age_group":"<20","count":464,"tested":5168},{"age_group":"20-29   ","count":461,"tested":8076},{"age_group":"30-39   ","count":362,"tested":5510},{"age_group":"40-49   ","count":372,"tested":4648},{"age_group":"50-59   ","count":322,"tested":5241},{"age_group":"60-69   ","count":218,"tested":4112},{"age_group":"70-79   ","count":132,"tested":2579},{"age_group":"80+","count":73,"tested":1711}],"race":[{"description":"Asian","count":6,"tested":126,"color":"rgb(140,86,75)"},{"description":"Black","count":822,"tested":6845,"color":"rgb(255,127,14)"},{"description":"Hispanic","count":539,"tested":2553,"color":"rgb(214,39,40)"},{"description":"Left Blank","count":200,"tested":17888,"color":"rgb(44,160,44)"},{"description":"Other","count":35,"tested":495,"color":"rgb(148,103,189)"},{"description":"White","count":795,"tested":9115,"color":"rgb(31,119,180)"}],"gender":[{"description":"Female","count":1347,"tested":19448,"color":"rgb(255,127,14)"},{"description":"Male","count":1040,"tested":16859,"color":"rgb(31,119,180)"},{"description":"Unknown/Left Blank","count":17,"tested":740,"color":"rgb(44,160,44)"}]}
