{"age":[{"age_group":"<20","count":239,"tested":2698},{"age_group":"20-29   ","count":173,"tested":2494},{"age_group":"30-39   ","count":188,"tested":2212},{"age_group":"40-49   ","count":150,"tested":2172},{"age_group":"50-59   ","count":217,"tested":2679},{"age_group":"60-69   ","count":202,"tested":2890},{"age_group":"70-79   ","count":84,"tested":1514},{"age_group":"80+","count":49,"tested":853}],"race":[{"description":"Asian","count":53,"tested":554,"color":"rgb(140,86,75)"},{"description":"Black","count":19,"tested":233,"color":"rgb(255,127,14)"},{"description":"Hispanic","count":125,"tested":618,"color":"rgb(214,39,40)"},{"description":"Left Blank","count":173,"tested":7482,"color":"rgb(44,160,44)"},{"description":"Other","count":31,"tested":363,"color":"rgb(148,103,189)"},{"description":"White","count":901,"tested":8212,"color":"rgb(31,119,180)"}],"gender":[{"description":"Female","count":663,"tested":9756,"color":"rgb(255,127,14)"},{"description":"Male","count":637,"tested":7578,"color":"rgb(31,119,180)"}]}
