{"age":[{"age_group":"<20","count":749,"tested":6555},{"age_group":"20-29   ","count":804,"tested":9572},{"age_group":"30-39   ","count":616,"tested":8199},{"age_group":"40-49   ","count":596,"tested":8748},{"age_group":"50-59   ","count":597,"tested":9686},{"age_group":"60-69   ","count":391,"tested":7533},{"age_group":"70-79   ","count":223,"tested":4653},{"age_group":"80+","count":130,"tested":3636}],"race":[{"description":"Asian","count":32,"tested":739,"color":"rgb(140,86,75)"},{"description":"Black","count":348,"tested":5557,"color":"rgb(255,127,14)"},{"description":"Hispanic","count":204,"tested":1527,"color":"rgb(214,39,40)"},{"description":"Left Blank","count":991,"tested":16356,"color":"rgb(44,160,44)"},{"description":"Other","count":148,"tested":1753,"color":"rgb(148,103,189)"},{"description":"White","count":2382,"tested":32516,"color":"rgb(31,119,180)"}],"gender":[{"description":"Female","count":2168,"tested":35637,"color":"rgb(255,127,14)"},{"description":"Male","count":1930,"tested":22573,"color":"rgb(31,119,180)"}]}
