{"age":[{"age_group":"<20","count":894,"tested":9268},{"age_group":"20-29   ","count":872,"tested":11952},{"age_group":"30-39   ","count":797,"tested":9783},{"age_group":"40-49   ","count":788,"tested":7987},{"age_group":"50-59   ","count":752,"tested":10506},{"age_group":"60-69   ","count":549,"tested":8306},{"age_group":"70-79   ","count":225,"tested":3734},{"age_group":"80+","count":233,"tested":3913}],"race":[{"description":"AI/AN**","count":12,"tested":226,"color":"rgb(31,119,180)"},{"description":"Asian","count":551,"tested":6139,"color":"rgb(140,86,75)"},{"description":"Black","count":282,"tested":2455,"color":"rgb(255,127,14)"},{"description":"Hispanic","count":924,"tested":4164,"color":"rgb(214,39,40)"},{"description":"Left Blank","count":821,"tested":29674,"color":"rgb(44,160,44)"},{"description":"NH/PI*","count":10,"tested":46,"color":"rgb(127,127,127)"},{"description":"Other","count":170,"tested":1855,"color":"rgb(148,103,189)"},{"description":"White","count":2340,"tested":20904,"color":"rgb(31,119,180)"}],"gender":[{"description":"Female","count":2639,"tested":36222,"color":"rgb(255,127,14)"},{"description":"Male","count":2454,"tested":28478,"color":"rgb(31,119,180)"},{"description":"Unknown/Left Blank","count":17,"tested":763,"color":"rgb(44,160,44)"}]}
