{"age":[{"age_group":"<20","count":217,"tested":2571},{"age_group":"20-29   ","count":240,"tested":2522},{"age_group":"30-39   ","count":232,"tested":2413},{"age_group":"40-49   ","count":197,"tested":2052},{"age_group":"50-59   ","count":231,"tested":2423},{"age_group":"60-69   ","count":154,"tested":2204},{"age_group":"70-79   ","count":97,"tested":1598},{"age_group":"80+","count":61,"tested":1465}],"race":[{"description":"Asian","count":7,"tested":63,"color":"rgb(140,86,75)"},{"description":"Black","count":9,"tested":124,"color":"rgb(255,127,14)"},{"description":"Hispanic","count":189,"tested":1349,"color":"rgb(214,39,40)"},{"description":"Left Blank","count":271,"tested":5905,"color":"rgb(44,160,44)"},{"description":"Other","count":29,"tested":404,"color":"rgb(148,103,189)"},{"description":"White","count":922,"tested":9376,"color":"rgb(31,119,180)"}],"gender":[{"description":"Female","count":752,"tested":10061,"color":"rgb(255,127,14)"},{"description":"Male","count":672,"tested":6757,"color":"rgb(31,119,180)"}]}
