{"age":[{"age_group":"<20","count":403,"tested":21251},{"age_group":"20-29   ","count":297,"tested":8556},{"age_group":"30-39   ","count":261,"tested":8906},{"age_group":"40-49   ","count":298,"tested":9280},{"age_group":"50-59   ","count":296,"tested":10871},{"age_group":"60-69   ","count":208,"tested":10444},{"age_group":"70-79   ","count":156,"tested":7866},{"age_group":"80+","count":147,"tested":6500}],"race":[{"description":"Asian","count":33,"tested":1432,"color":"rgb(140,86,75)"},{"description":"Black","count":50,"tested":777,"color":"rgb(255,127,14)"},{"description":"Hispanic","count":231,"tested":2904,"color":"rgb(214,39,40)"},{"description":"Left Blank","count":489,"tested":35186,"color":"rgb(44,160,44)"},{"description":"Other","count":214,"tested":5162,"color":"rgb(148,103,189)"},{"description":"White","count":1044,"tested":38177,"color":"rgb(31,119,180)"}],"gender":[{"description":"Female","count":1008,"tested":45968,"color":"rgb(255,127,14)"},{"description":"Male","count":1042,"tested":37223,"color":"rgb(31,119,180)"},{"description":"Unknown/Left Blank","count":16,"tested":522,"color":"rgb(44,160,44)"}]}
