{"age":[{"age_group":"<20","count":267,"tested":1556},{"age_group":"20-29   ","count":333,"tested":5738},{"age_group":"30-39   ","count":158,"tested":1945},{"age_group":"40-49   ","count":26,"tested":336},{"age_group":"50-59   ","count":21,"tested":226},{"age_group":"60-69   ","count":14,"tested":192},{"age_group":"70-79   ","count":6,"tested":48}],"race":[{"description":"AI/AN**","count":6,"tested":0,"color":"rgb(31,119,180)"},{"description":"Asian","count":39,"tested":341,"color":"rgb(140,86,75)"},{"description":"Black","count":164,"tested":746,"color":"rgb(255,127,14)"},{"description":"Hispanic","count":109,"tested":441,"color":"rgb(214,39,40)"},{"description":"Left Blank","count":81,"tested":5150,"color":"rgb(44,160,44)"},{"description":"Other","count":38,"tested":126,"color":"rgb(148,103,189)"},{"description":"White","count":385,"tested":3197,"color":"rgb(31,119,180)"}],"gender":[{"description":"Female","count":265,"tested":3907,"color":"rgb(255,127,14)"},{"description":"Male","count":560,"tested":6121,"color":"rgb(31,119,180)"}]}
