{"age":[{"age_group":"<20","count":804,"tested":20924},{"age_group":"20-29   ","count":599,"tested":18306},{"age_group":"30-39   ","count":466,"tested":8576},{"age_group":"40-49   ","count":523,"tested":8331},{"age_group":"50-59   ","count":551,"tested":9410},{"age_group":"60-69   ","count":306,"tested":8069},{"age_group":"70-79   ","count":147,"tested":4673},{"age_group":"80+","count":97,"tested":2931}],"race":[{"description":"AI/AN**","count":9,"tested":127,"color":"rgb(31,119,180)"},{"description":"Asian","count":240,"tested":5480,"color":"rgb(140,86,75)"},{"description":"Black","count":166,"tested":2574,"color":"rgb(255,127,14)"},{"description":"Hispanic","count":262,"tested":3601,"color":"rgb(214,39,40)"},{"description":"Left Blank","count":535,"tested":28481,"color":"rgb(44,160,44)"},{"description":"Other","count":92,"tested":2391,"color":"rgb(148,103,189)"},{"description":"White","count":2186,"tested":38602,"color":"rgb(31,119,180)"}],"gender":[{"description":"Female","count":1744,"tested":41598,"color":"rgb(255,127,14)"},{"description":"Male","count":1739,"tested":39289,"color":"rgb(31,119,180)"},{"description":"Unknown/Left Blank","count":11,"tested":434,"color":"rgb(44,160,44)"}]}
