{"age":[{"age_group":"<20","count":398,"tested":4572},{"age_group":"20-29   ","count":398,"tested":4689},{"age_group":"30-39   ","count":349,"tested":4811},{"age_group":"40-49   ","count":350,"tested":4318},{"age_group":"50-59   ","count":332,"tested":4087},{"age_group":"60-69   ","count":206,"tested":3108},{"age_group":"70-79   ","count":116,"tested":2165},{"age_group":"80+","count":72,"tested":1324}],"race":[{"description":"Asian","count":30,"tested":378,"color":"rgb(140,86,75)"},{"description":"Black","count":63,"tested":585,"color":"rgb(255,127,14)"},{"description":"Hispanic","count":179,"tested":1373,"color":"rgb(214,39,40)"},{"description":"Left Blank","count":510,"tested":10879,"color":"rgb(44,160,44)"},{"description":"Other","count":25,"tested":292,"color":"rgb(148,103,189)"},{"description":"White","count":1409,"tested":15525,"color":"rgb(31,119,180)"}],"gender":[{"description":"Female","count":1151,"tested":17021,"color":"rgb(255,127,14)"},{"description":"Male","count":1066,"tested":11753,"color":"rgb(31,119,180)"}]}
