{"lastUpdatedDate":{"year":2020,"month":12,"day":6},"county_demographics":[{"County":"Clinton","confirmed_cases":3617,"total_tested":29860,"demographics":{"age":[{"race":[],"age_group":"<20","count":505,"tested":3821,"deaths":0},{"race":[],"age_group":"20-29   ","count":549,"tested":4667,"deaths":0},{"race":[],"age_group":"30-39   ","count":536,"tested":4325,"deaths":0},{"race":[],"age_group":"40-49   ","count":469,"tested":3880,"deaths":0},{"race":[],"age_group":"50-59   ","count":556,"tested":4685,"deaths":0},{"race":[],"age_group":"60-69   ","count":479,"tested":4009,"deaths":0},{"race":[],"age_group":"70-79   ","count":243,"tested":2143,"deaths":0},{"race":[],"age_group":"80+","count":273,"tested":2295,"deaths":0},{"race":[],"age_group":"Unknown","count":7,"tested":35,"deaths":0}],"race":[{"description":"AI/AN**","count":0,"tested":8,"deaths":0,"color":"rgb(31,119,180)"},{"description":"Asian","count":0,"tested":43,"deaths":0,"color":"rgb(140,86,75)"},{"description":"Black","count":60,"tested":723,"deaths":0,"color":"rgb(255,127,14)"},{"description":"Hispanic","count":51,"tested":215,"deaths":0,"color":"rgb(214,39,40)"},{"description":"Left Blank","count":1517,"tested":13795,"deaths":0,"color":"rgb(44,160,44)"},{"description":"NH/PI*","count":0,"tested":7,"deaths":0,"color":"rgb(127,127,127)"},{"description":"Other","count":88,"tested":550,"deaths":0,"color":"rgb(148,103,189)"},{"description":"White","count":1896,"tested":14519,"deaths":0,"color":"rgb(31,119,180)"}],"gender":[{"description":"Female","count":1927,"tested":17477,"deaths":0,"color":"rgb(255,127,14)"},{"description":"Male","count":1619,"tested":11702,"deaths":0,"color":"rgb(31,119,180)"},{"description":"Unknown/Left Blank","count":71,"tested":681,"deaths":0,"color":"rgb(44,160,44)"}]}}]}
