{"lastUpdatedDate":{"year":2020,"month":12,"day":6},"county_demographics":[{"County":"Piatt","confirmed_cases":852,"total_tested":16791,"demographics":{"age":[{"race":[],"age_group":"<20","count":128,"tested":3433,"deaths":0},{"race":[],"age_group":"20-29   ","count":123,"tested":2246,"deaths":0},{"race":[],"age_group":"30-39   ","count":130,"tested":2305,"deaths":0},{"race":[],"age_group":"40-49   ","count":138,"tested":2157,"deaths":0},{"race":[],"age_group":"50-59   ","count":128,"tested":2083,"deaths":0},{"race":[],"age_group":"60-69   ","count":124,"tested":1984,"deaths":0},{"race":[],"age_group":"70-79   ","count":55,"tested":1208,"deaths":0},{"race":[],"age_group":"80+","count":25,"tested":1373,"deaths":0},{"race":[],"age_group":"Unknown","count":0,"tested":0,"deaths":0}],"race":[{"description":"AI/AN**","count":0,"tested":29,"deaths":0,"color":"rgb(31,119,180)"},{"description":"Asian","count":0,"tested":83,"deaths":0,"color":"rgb(140,86,75)"},{"description":"Black","count":0,"tested":108,"deaths":0,"color":"rgb(255,127,14)"},{"description":"Hispanic","count":6,"tested":125,"deaths":0,"color":"rgb(214,39,40)"},{"description":"Left Blank","count":176,"tested":4503,"deaths":0,"color":"rgb(44,160,44)"},{"description":"NH/PI*","count":0,"tested":6,"deaths":0,"color":"rgb(127,127,127)"},{"description":"Other","count":17,"tested":450,"deaths":0,"color":"rgb(148,103,189)"},{"description":"White","count":645,"tested":11487,"deaths":0,"color":"rgb(31,119,180)"}],"gender":[{"description":"Female","count":442,"tested":9918,"deaths":0,"color":"rgb(255,127,14)"},{"description":"Male","count":409,"tested":6745,"deaths":0,"color":"rgb(31,119,180)"},{"description":"Unknown/Left Blank","count":0,"tested":128,"deaths":0,"color":"rgb(44,160,44)"}]}}]}
