{"lastUpdatedDate":{"year":2020,"month":12,"day":6},"county_demographics":[{"County":"McDonough","confirmed_cases":1667,"total_tested":21429,"demographics":{"age":[{"race":[],"age_group":"<20","count":279,"tested":2822,"deaths":0},{"race":[],"age_group":"20-29   ","count":556,"tested":4120,"deaths":0},{"race":[],"age_group":"30-39   ","count":173,"tested":2900,"deaths":0},{"race":[],"age_group":"40-49   ","count":148,"tested":2215,"deaths":0},{"race":[],"age_group":"50-59   ","count":141,"tested":2532,"deaths":0},{"race":[],"age_group":"60-69   ","count":154,"tested":2474,"deaths":0},{"race":[],"age_group":"70-79   ","count":104,"tested":1914,"deaths":0},{"race":[],"age_group":"80+","count":107,"tested":2449,"deaths":0},{"race":[],"age_group":"Unknown","count":0,"tested":0,"deaths":0}],"race":[{"description":"AI/AN**","count":0,"tested":8,"deaths":0,"color":"rgb(31,119,180)"},{"description":"Asian","count":24,"tested":93,"deaths":0,"color":"rgb(140,86,75)"},{"description":"Black","count":141,"tested":665,"deaths":0,"color":"rgb(255,127,14)"},{"description":"Hispanic","count":87,"tested":184,"deaths":0,"color":"rgb(214,39,40)"},{"description":"Left Blank","count":217,"tested":7768,"deaths":0,"color":"rgb(44,160,44)"},{"description":"NH/PI*","count":0,"tested":19,"deaths":0,"color":"rgb(127,127,127)"},{"description":"Other","count":18,"tested":179,"deaths":0,"color":"rgb(148,103,189)"},{"description":"White","count":1175,"tested":12513,"deaths":0,"color":"rgb(31,119,180)"}],"gender":[{"description":"Female","count":897,"tested":13380,"deaths":0,"color":"rgb(255,127,14)"},{"description":"Male","count":744,"tested":7468,"deaths":0,"color":"rgb(31,119,180)"},{"description":"Unknown/Left Blank","count":26,"tested":581,"deaths":0,"color":"rgb(44,160,44)"}]}}]}
