{"lastUpdatedDate":{"year":2020,"month":12,"day":6},"county_demographics":[{"County":"Whiteside","confirmed_cases":4053,"total_tested":33732,"demographics":{"age":[{"race":[],"age_group":"<20","count":533,"tested":5114,"deaths":0},{"race":[],"age_group":"20-29   ","count":603,"tested":5094,"deaths":0},{"race":[],"age_group":"30-39   ","count":597,"tested":4962,"deaths":0},{"race":[],"age_group":"40-49   ","count":570,"tested":4362,"deaths":0},{"race":[],"age_group":"50-59   ","count":701,"tested":4930,"deaths":0},{"race":[],"age_group":"60-69   ","count":495,"tested":4191,"deaths":0},{"race":[],"age_group":"70-79   ","count":279,"tested":2417,"deaths":0},{"race":[],"age_group":"80+","count":272,"tested":2650,"deaths":0},{"race":[],"age_group":"Unknown","count":0,"tested":12,"deaths":0}],"race":[{"description":"AI/AN**","count":0,"tested":9,"deaths":0,"color":"rgb(31,119,180)"},{"description":"Asian","count":8,"tested":52,"deaths":0,"color":"rgb(140,86,75)"},{"description":"Black","count":105,"tested":1255,"deaths":0,"color":"rgb(255,127,14)"},{"description":"Hispanic","count":215,"tested":999,"deaths":0,"color":"rgb(214,39,40)"},{"description":"Left Blank","count":1017,"tested":16342,"deaths":0,"color":"rgb(44,160,44)"},{"description":"NH/PI*","count":0,"tested":0,"deaths":0,"color":"rgb(127,127,127)"},{"description":"Other","count":217,"tested":983,"deaths":0,"color":"rgb(148,103,189)"},{"description":"White","count":2475,"tested":14087,"deaths":0,"color":"rgb(31,119,180)"}],"gender":[{"description":"Female","count":2196,"tested":20268,"deaths":0,"color":"rgb(255,127,14)"},{"description":"Male","count":1766,"tested":12416,"deaths":0,"color":"rgb(31,119,180)"},{"description":"Unknown/Left Blank","count":90,"tested":1048,"deaths":0,"color":"rgb(44,160,44)"}]}}]}
