{"lastUpdatedDate":{"year":2020,"month":12,"day":6},"county_demographics":[{"County":"Effingham","confirmed_cases":3138,"total_tested":22462,"demographics":{"age":[{"race":[],"age_group":"<20","count":485,"tested":2895,"deaths":0},{"race":[],"age_group":"20-29   ","count":463,"tested":2889,"deaths":0},{"race":[],"age_group":"30-39   ","count":447,"tested":2734,"deaths":0},{"race":[],"age_group":"40-49   ","count":376,"tested":2380,"deaths":0},{"race":[],"age_group":"50-59   ","count":483,"tested":3054,"deaths":0},{"race":[],"age_group":"60-69   ","count":430,"tested":3291,"deaths":0},{"race":[],"age_group":"70-79   ","count":252,"tested":2584,"deaths":0},{"race":[],"age_group":"80+","count":200,"tested":2621,"deaths":0},{"race":[],"age_group":"Unknown","count":0,"tested":14,"deaths":0}],"race":[{"description":"AI/AN**","count":0,"tested":0,"deaths":0,"color":"rgb(31,119,180)"},{"description":"Asian","count":0,"tested":29,"deaths":0,"color":"rgb(140,86,75)"},{"description":"Black","count":0,"tested":63,"deaths":0,"color":"rgb(255,127,14)"},{"description":"Hispanic","count":19,"tested":87,"deaths":0,"color":"rgb(214,39,40)"},{"description":"Left Blank","count":1746,"tested":10126,"deaths":0,"color":"rgb(44,160,44)"},{"description":"NH/PI*","count":0,"tested":0,"deaths":0,"color":"rgb(127,127,127)"},{"description":"Other","count":110,"tested":2020,"deaths":0,"color":"rgb(148,103,189)"},{"description":"White","count":1251,"tested":10129,"deaths":0,"color":"rgb(31,119,180)"}],"gender":[{"description":"Female","count":1633,"tested":13964,"deaths":0,"color":"rgb(255,127,14)"},{"description":"Male","count":1267,"tested":8169,"deaths":0,"color":"rgb(31,119,180)"},{"description":"Unknown/Left Blank","count":238,"tested":329,"deaths":0,"color":"rgb(44,160,44)"}]}}]}
