{"lastUpdatedDate":{"year":2020,"month":12,"day":6},"county_demographics":[{"County":"Washington","confirmed_cases":839,"total_tested":6471,"demographics":{"age":[{"race":[],"age_group":"<20","count":111,"tested":897,"deaths":0},{"race":[],"age_group":"20-29   ","count":114,"tested":882,"deaths":0},{"race":[],"age_group":"30-39   ","count":117,"tested":977,"deaths":0},{"race":[],"age_group":"40-49   ","count":115,"tested":876,"deaths":0},{"race":[],"age_group":"50-59   ","count":144,"tested":906,"deaths":0},{"race":[],"age_group":"60-69   ","count":117,"tested":992,"deaths":0},{"race":[],"age_group":"70-79   ","count":54,"tested":575,"deaths":0},{"race":[],"age_group":"80+","count":53,"tested":364,"deaths":0},{"race":[],"age_group":"Unknown","count":0,"tested":0,"deaths":0}],"race":[{"description":"AI/AN**","count":0,"tested":0,"deaths":0,"color":"rgb(31,119,180)"},{"description":"Asian","count":0,"tested":16,"deaths":0,"color":"rgb(140,86,75)"},{"description":"Black","count":0,"tested":29,"deaths":0,"color":"rgb(255,127,14)"},{"description":"Hispanic","count":10,"tested":53,"deaths":0,"color":"rgb(214,39,40)"},{"description":"Left Blank","count":252,"tested":1891,"deaths":0,"color":"rgb(44,160,44)"},{"description":"NH/PI*","count":0,"tested":0,"deaths":0,"color":"rgb(127,127,127)"},{"description":"Other","count":12,"tested":158,"deaths":0,"color":"rgb(148,103,189)"},{"description":"White","count":562,"tested":4318,"deaths":0,"color":"rgb(31,119,180)"}],"gender":[{"description":"Female","count":450,"tested":3825,"deaths":0,"color":"rgb(255,127,14)"},{"description":"Male","count":379,"tested":2506,"deaths":0,"color":"rgb(31,119,180)"},{"description":"Unknown/Left Blank","count":9,"tested":140,"deaths":0,"color":"rgb(44,160,44)"}]}}]}
