{"lastUpdatedDate":{"year":2020,"month":12,"day":6},"county_demographics":[{"County":"Scott","confirmed_cases":264,"total_tested":4307,"demographics":{"age":[{"race":[],"age_group":"<20","count":34,"tested":547,"deaths":0},{"race":[],"age_group":"20-29   ","count":43,"tested":562,"deaths":0},{"race":[],"age_group":"30-39   ","count":36,"tested":671,"deaths":0},{"race":[],"age_group":"40-49   ","count":35,"tested":486,"deaths":0},{"race":[],"age_group":"50-59   ","count":58,"tested":662,"deaths":0},{"race":[],"age_group":"60-69   ","count":34,"tested":584,"deaths":0},{"race":[],"age_group":"70-79   ","count":8,"tested":346,"deaths":0},{"race":[],"age_group":"80+","count":9,"tested":449,"deaths":0}],"race":[{"description":"Asian","count":0,"tested":0,"deaths":0,"color":"rgb(140,86,75)"},{"description":"Black","count":0,"tested":8,"deaths":0,"color":"rgb(255,127,14)"},{"description":"Hispanic","count":0,"tested":10,"deaths":0,"color":"rgb(214,39,40)"},{"description":"Left Blank","count":130,"tested":1528,"deaths":0,"color":"rgb(44,160,44)"},{"description":"Other","count":0,"tested":18,"deaths":0,"color":"rgb(148,103,189)"},{"description":"White","count":129,"tested":2739,"deaths":0,"color":"rgb(31,119,180)"}],"gender":[{"description":"Female","count":119,"tested":2705,"deaths":0,"color":"rgb(255,127,14)"},{"description":"Male","count":91,"tested":1184,"deaths":0,"color":"rgb(31,119,180)"},{"description":"Unknown/Left Blank","count":52,"tested":418,"deaths":0,"color":"rgb(44,160,44)"}]}}]}
