{"lastUpdatedDate":{"year":2020,"month":12,"day":6},"county_demographics":[{"County":"Rock Island","confirmed_cases":9191,"total_tested":104187,"demographics":{"age":[{"race":[],"age_group":"<20","count":1123,"tested":12280,"deaths":0},{"race":[],"age_group":"20-29   ","count":1588,"tested":15393,"deaths":0},{"race":[],"age_group":"30-39   ","count":1500,"tested":14866,"deaths":0},{"race":[],"age_group":"40-49   ","count":1377,"tested":13899,"deaths":0},{"race":[],"age_group":"50-59   ","count":1324,"tested":14071,"deaths":0},{"race":[],"age_group":"60-69   ","count":1159,"tested":13925,"deaths":0},{"race":[],"age_group":"70-79   ","count":646,"tested":9341,"deaths":0},{"race":[],"age_group":"80+","count":474,"tested":10337,"deaths":0},{"race":[],"age_group":"Unknown","count":0,"tested":75,"deaths":0}],"race":[{"description":"AI/AN**","count":6,"tested":43,"deaths":0,"color":"rgb(31,119,180)"},{"description":"Asian","count":86,"tested":503,"deaths":0,"color":"rgb(140,86,75)"},{"description":"Black","count":618,"tested":5358,"deaths":0,"color":"rgb(255,127,14)"},{"description":"Hispanic","count":709,"tested":3915,"deaths":0,"color":"rgb(214,39,40)"},{"description":"Left Blank","count":5230,"tested":60544,"deaths":0,"color":"rgb(44,160,44)"},{"description":"NH/PI*","count":0,"tested":30,"deaths":0,"color":"rgb(127,127,127)"},{"description":"Other","count":168,"tested":1866,"deaths":0,"color":"rgb(148,103,189)"},{"description":"White","count":2368,"tested":31928,"deaths":0,"color":"rgb(31,119,180)"}],"gender":[{"description":"Female","count":4808,"tested":62072,"deaths":0,"color":"rgb(255,127,14)"},{"description":"Male","count":4318,"tested":40428,"deaths":0,"color":"rgb(31,119,180)"},{"description":"Unknown/Left Blank","count":65,"tested":1687,"deaths":0,"color":"rgb(44,160,44)"}]}}]}
