{"lastUpdatedDate":{"year":2021,"month":4,"day":5},"county_demographics":[{"County":"Menard","confirmed_cases":1152,"total_tested":18166,"demographics":{"age":[{"race":[],"age_group":"<20","count":178,"tested":2712,"deaths":0},{"race":[],"age_group":"20-29   ","count":166,"tested":2517,"deaths":0},{"race":[],"age_group":"30-39   ","count":150,"tested":2831,"deaths":0},{"race":[],"age_group":"40-49   ","count":163,"tested":2477,"deaths":0},{"race":[],"age_group":"50-59   ","count":200,"tested":2621,"deaths":0},{"race":[],"age_group":"60-69   ","count":119,"tested":2079,"deaths":0},{"race":[],"age_group":"70-79   ","count":86,"tested":1501,"deaths":0},{"race":[],"age_group":"80+","count":90,"tested":1427,"deaths":0},{"race":[],"age_group":"Unknown","count":0,"tested":0,"deaths":0}],"race":[{"description":"AI/AN**","count":0,"tested":18,"deaths":0,"color":"rgb(31,119,180)"},{"description":"Asian","count":0,"tested":14,"deaths":0,"color":"rgb(140,86,75)"},{"description":"Black","count":0,"tested":88,"deaths":0,"color":"rgb(255,127,14)"},{"description":"Hispanic","count":6,"tested":105,"deaths":0,"color":"rgb(214,39,40)"},{"description":"Left Blank","count":528,"tested":7229,"deaths":0,"color":"rgb(44,160,44)"},{"description":"NH/PI*","count":0,"tested":0,"deaths":0,"color":"rgb(127,127,127)"},{"description":"Other","count":0,"tested":159,"deaths":0,"color":"rgb(148,103,189)"},{"description":"White","count":604,"tested":10549,"deaths":0,"color":"rgb(31,119,180)"}],"gender":[{"description":"Female","count":536,"tested":10521,"deaths":0,"color":"rgb(255,127,14)"},{"description":"Male","count":472,"tested":6807,"deaths":0,"color":"rgb(31,119,180)"},{"description":"Unknown/Left Blank","count":144,"tested":838,"deaths":0,"color":"rgb(44,160,44)"}]}}]}
