{"lastUpdatedDate":{"year":2021,"month":4,"day":5},"county_demographics":[{"County":"Clark","confirmed_cases":1732,"total_tested":15919,"demographics":{"age":[{"race":[],"age_group":"<20","count":319,"tested":2619,"deaths":0},{"race":[],"age_group":"20-29   ","count":239,"tested":1781,"deaths":0},{"race":[],"age_group":"30-39   ","count":253,"tested":2257,"deaths":0},{"race":[],"age_group":"40-49   ","count":212,"tested":1924,"deaths":0},{"race":[],"age_group":"50-59   ","count":242,"tested":2165,"deaths":0},{"race":[],"age_group":"60-69   ","count":200,"tested":2041,"deaths":0},{"race":[],"age_group":"70-79   ","count":116,"tested":1285,"deaths":0},{"race":[],"age_group":"80+","count":151,"tested":1829,"deaths":0},{"race":[],"age_group":"Unknown","count":0,"tested":18,"deaths":0}],"race":[{"description":"AI/AN**","count":0,"tested":0,"deaths":0,"color":"rgb(31,119,180)"},{"description":"Asian","count":0,"tested":11,"deaths":0,"color":"rgb(140,86,75)"},{"description":"Black","count":0,"tested":28,"deaths":0,"color":"rgb(255,127,14)"},{"description":"Hispanic","count":9,"tested":43,"deaths":0,"color":"rgb(214,39,40)"},{"description":"Left Blank","count":336,"tested":6863,"deaths":0,"color":"rgb(44,160,44)"},{"description":"Other","count":8,"tested":256,"deaths":0,"color":"rgb(148,103,189)"},{"description":"White","count":1370,"tested":8714,"deaths":0,"color":"rgb(31,119,180)"}],"gender":[{"description":"Female","count":810,"tested":10010,"deaths":0,"color":"rgb(255,127,14)"},{"description":"Male","count":555,"tested":5175,"deaths":0,"color":"rgb(31,119,180)"},{"description":"Unknown/Left Blank","count":367,"tested":734,"deaths":0,"color":"rgb(44,160,44)"}]}}]}
