{"lastUpdatedDate":{"year":2021,"month":4,"day":5},"county_demographics":[{"County":"Hancock","confirmed_cases":1706,"total_tested":17766,"demographics":{"age":[{"race":[],"age_group":"<20","count":250,"tested":2271,"deaths":0},{"race":[],"age_group":"20-29   ","count":214,"tested":2528,"deaths":0},{"race":[],"age_group":"30-39   ","count":225,"tested":2424,"deaths":0},{"race":[],"age_group":"40-49   ","count":199,"tested":2210,"deaths":0},{"race":[],"age_group":"50-59   ","count":270,"tested":2988,"deaths":0},{"race":[],"age_group":"60-69   ","count":266,"tested":2410,"deaths":0},{"race":[],"age_group":"70-79   ","count":171,"tested":1436,"deaths":0},{"race":[],"age_group":"80+","count":111,"tested":1497,"deaths":0},{"race":[],"age_group":"Unknown","count":0,"tested":0,"deaths":0}],"race":[{"description":"AI/AN**","count":0,"tested":8,"deaths":0,"color":"rgb(31,119,180)"},{"description":"Asian","count":0,"tested":8,"deaths":0,"color":"rgb(140,86,75)"},{"description":"Black","count":0,"tested":31,"deaths":0,"color":"rgb(255,127,14)"},{"description":"Hispanic","count":16,"tested":69,"deaths":0,"color":"rgb(214,39,40)"},{"description":"Left Blank","count":933,"tested":9219,"deaths":0,"color":"rgb(44,160,44)"},{"description":"NH/PI*","count":0,"tested":15,"deaths":0,"color":"rgb(127,127,127)"},{"description":"Other","count":17,"tested":168,"deaths":0,"color":"rgb(148,103,189)"},{"description":"White","count":726,"tested":8248,"deaths":0,"color":"rgb(31,119,180)"}],"gender":[{"description":"Female","count":903,"tested":11102,"deaths":0,"color":"rgb(255,127,14)"},{"description":"Male","count":738,"tested":5785,"deaths":0,"color":"rgb(31,119,180)"},{"description":"Unknown/Left Blank","count":65,"tested":879,"deaths":0,"color":"rgb(44,160,44)"}]}}]}
