{"lastUpdatedDate":{"year":2021,"month":4,"day":5},"county_demographics":[{"County":"Washington","confirmed_cases":1616,"total_tested":12517,"demographics":{"age":[{"race":[],"age_group":"<20","count":223,"tested":1672,"deaths":0},{"race":[],"age_group":"20-29   ","count":207,"tested":1763,"deaths":0},{"race":[],"age_group":"30-39   ","count":221,"tested":1949,"deaths":0},{"race":[],"age_group":"40-49   ","count":234,"tested":1888,"deaths":0},{"race":[],"age_group":"50-59   ","count":259,"tested":1799,"deaths":0},{"race":[],"age_group":"60-69   ","count":245,"tested":1799,"deaths":0},{"race":[],"age_group":"70-79   ","count":106,"tested":978,"deaths":0},{"race":[],"age_group":"80+","count":121,"tested":666,"deaths":0},{"race":[],"age_group":"Unknown","count":0,"tested":0,"deaths":0}],"race":[{"description":"AI/AN**","count":0,"tested":0,"deaths":0,"color":"rgb(31,119,180)"},{"description":"Asian","count":0,"tested":25,"deaths":0,"color":"rgb(140,86,75)"},{"description":"Black","count":0,"tested":73,"deaths":0,"color":"rgb(255,127,14)"},{"description":"Hispanic","count":12,"tested":86,"deaths":0,"color":"rgb(214,39,40)"},{"description":"Left Blank","count":517,"tested":4097,"deaths":0,"color":"rgb(44,160,44)"},{"description":"NH/PI*","count":0,"tested":0,"deaths":0,"color":"rgb(127,127,127)"},{"description":"Other","count":18,"tested":218,"deaths":0,"color":"rgb(148,103,189)"},{"description":"White","count":1058,"tested":8010,"deaths":0,"color":"rgb(31,119,180)"}],"gender":[{"description":"Female","count":872,"tested":7425,"deaths":0,"color":"rgb(255,127,14)"},{"description":"Male","count":724,"tested":4514,"deaths":0,"color":"rgb(31,119,180)"},{"description":"Unknown/Left Blank","count":20,"tested":578,"deaths":0,"color":"rgb(44,160,44)"}]}}]}
