{"lastUpdatedDate":{"year":2021,"month":4,"day":5},"county_demographics":[{"County":"St. Clair","confirmed_cases":26750,"total_tested":356838,"demographics":{"age":[{"race":[],"age_group":"<20","count":4240,"tested":36977,"deaths":0},{"race":[],"age_group":"20-29   ","count":4122,"tested":53430,"deaths":0},{"race":[],"age_group":"30-39   ","count":4212,"tested":61324,"deaths":0},{"race":[],"age_group":"40-49   ","count":4076,"tested":55493,"deaths":0},{"race":[],"age_group":"50-59   ","count":4082,"tested":54078,"deaths":0},{"race":[],"age_group":"60-69   ","count":3173,"tested":44158,"deaths":0},{"race":[],"age_group":"70-79   ","count":1544,"tested":24535,"deaths":0},{"race":[],"age_group":"80+","count":1285,"tested":24134,"deaths":0},{"race":[],"age_group":"Unknown","count":16,"tested":2709,"deaths":0}],"race":[{"description":"AI/AN**","count":38,"tested":209,"deaths":0,"color":"rgb(31,119,180)"},{"description":"Asian","count":149,"tested":974,"deaths":0,"color":"rgb(140,86,75)"},{"description":"Black","count":6148,"tested":43191,"deaths":0,"color":"rgb(255,127,14)"},{"description":"Hispanic","count":835,"tested":3244,"deaths":0,"color":"rgb(214,39,40)"},{"description":"Left Blank","count":9861,"tested":219691,"deaths":0,"color":"rgb(44,160,44)"},{"description":"NH/PI*","count":37,"tested":329,"deaths":0,"color":"rgb(127,127,127)"},{"description":"Other","count":473,"tested":6506,"deaths":0,"color":"rgb(148,103,189)"},{"description":"White","count":9206,"tested":82694,"deaths":0,"color":"rgb(31,119,180)"}],"gender":[{"description":"Female","count":14229,"tested":180476,"deaths":0,"color":"rgb(255,127,14)"},{"description":"Male","count":11439,"tested":139265,"deaths":0,"color":"rgb(31,119,180)"},{"description":"Unknown/Left Blank","count":1082,"tested":37097,"deaths":0,"color":"rgb(44,160,44)"}]}}]}
