{"lastUpdatedDate":{"year":2021,"month":4,"day":5},"county_demographics":[{"County":"Henderson","confirmed_cases":518,"total_tested":6862,"demographics":{"age":[{"race":[],"age_group":"<20","count":49,"tested":826,"deaths":0},{"race":[],"age_group":"20-29   ","count":59,"tested":728,"deaths":0},{"race":[],"age_group":"30-39   ","count":72,"tested":1057,"deaths":0},{"race":[],"age_group":"40-49   ","count":73,"tested":830,"deaths":0},{"race":[],"age_group":"50-59   ","count":92,"tested":998,"deaths":0},{"race":[],"age_group":"60-69   ","count":83,"tested":908,"deaths":0},{"race":[],"age_group":"70-79   ","count":35,"tested":754,"deaths":0},{"race":[],"age_group":"80+","count":44,"tested":760,"deaths":0},{"race":[],"age_group":"Unknown","count":0,"tested":0,"deaths":0}],"race":[{"description":"AI/AN**","count":0,"tested":0,"deaths":0,"color":"rgb(31,119,180)"},{"description":"Asian","count":0,"tested":0,"deaths":0,"color":"rgb(140,86,75)"},{"description":"Black","count":0,"tested":0,"deaths":0,"color":"rgb(255,127,14)"},{"description":"Hispanic","count":0,"tested":25,"deaths":0,"color":"rgb(214,39,40)"},{"description":"Left Blank","count":160,"tested":1992,"deaths":0,"color":"rgb(44,160,44)"},{"description":"Other","count":0,"tested":36,"deaths":0,"color":"rgb(148,103,189)"},{"description":"White","count":353,"tested":4803,"deaths":0,"color":"rgb(31,119,180)"}],"gender":[{"description":"Female","count":294,"tested":4720,"deaths":0,"color":"rgb(255,127,14)"},{"description":"Male","count":204,"tested":1936,"deaths":0,"color":"rgb(31,119,180)"},{"description":"Unknown/Left Blank","count":13,"tested":206,"deaths":0,"color":"rgb(44,160,44)"}]}}]}
