{"lastUpdatedDate":{"year":2021,"month":4,"day":5},"county_demographics":[{"County":"Edgar","confirmed_cases":1637,"total_tested":14402,"demographics":{"age":[{"race":[],"age_group":"<20","count":260,"tested":1671,"deaths":0},{"race":[],"age_group":"20-29   ","count":209,"tested":2111,"deaths":0},{"race":[],"age_group":"30-39   ","count":206,"tested":1754,"deaths":0},{"race":[],"age_group":"40-49   ","count":229,"tested":1959,"deaths":0},{"race":[],"age_group":"50-59   ","count":211,"tested":1866,"deaths":0},{"race":[],"age_group":"60-69   ","count":222,"tested":1844,"deaths":0},{"race":[],"age_group":"70-79   ","count":158,"tested":1340,"deaths":0},{"race":[],"age_group":"80+","count":141,"tested":1808,"deaths":0},{"race":[],"age_group":"Unknown","count":0,"tested":49,"deaths":0}],"race":[{"description":"AI/AN**","count":0,"tested":0,"deaths":0,"color":"rgb(31,119,180)"},{"description":"Asian","count":0,"tested":0,"deaths":0,"color":"rgb(140,86,75)"},{"description":"Black","count":0,"tested":72,"deaths":0,"color":"rgb(255,127,14)"},{"description":"Hispanic","count":0,"tested":42,"deaths":0,"color":"rgb(214,39,40)"},{"description":"Left Blank","count":150,"tested":6825,"deaths":0,"color":"rgb(44,160,44)"},{"description":"NH/PI*","count":0,"tested":0,"deaths":0,"color":"rgb(127,127,127)"},{"description":"Other","count":0,"tested":106,"deaths":0,"color":"rgb(148,103,189)"},{"description":"White","count":1474,"tested":7347,"deaths":0,"color":"rgb(31,119,180)"}],"gender":[{"description":"Female","count":504,"tested":9038,"deaths":0,"color":"rgb(255,127,14)"},{"description":"Male","count":391,"tested":4200,"deaths":0,"color":"rgb(31,119,180)"},{"description":"Unknown/Left Blank","count":742,"tested":1164,"deaths":0,"color":"rgb(44,160,44)"}]}}]}
