{"lastUpdatedDate":{"year":2021,"month":4,"day":5},"county_demographics":[{"County":"Out Of State","confirmed_cases":4,"total_tested":133873,"demographics":{"age":[{"race":[],"age_group":"<20","count":0,"tested":27554,"deaths":0},{"race":[],"age_group":"20-29   ","count":0,"tested":32518,"deaths":0},{"race":[],"age_group":"30-39   ","count":0,"tested":19147,"deaths":0},{"race":[],"age_group":"40-49   ","count":0,"tested":15128,"deaths":0},{"race":[],"age_group":"50-59   ","count":0,"tested":16440,"deaths":0},{"race":[],"age_group":"60-69   ","count":0,"tested":12204,"deaths":0},{"race":[],"age_group":"70-79   ","count":0,"tested":7004,"deaths":0},{"race":[],"age_group":"80+","count":0,"tested":3841,"deaths":0},{"race":[],"age_group":"Unknown","count":0,"tested":37,"deaths":0}],"race":[{"description":"AI/AN**","count":0,"tested":163,"deaths":0,"color":"rgb(31,119,180)"},{"description":"Asian","count":0,"tested":2485,"deaths":0,"color":"rgb(140,86,75)"},{"description":"Black","count":0,"tested":9588,"deaths":0,"color":"rgb(255,127,14)"},{"description":"Hispanic","count":0,"tested":5025,"deaths":0,"color":"rgb(214,39,40)"},{"description":"Left Blank","count":0,"tested":55540,"deaths":0,"color":"rgb(44,160,44)"},{"description":"NH/PI*","count":0,"tested":210,"deaths":0,"color":"rgb(127,127,127)"},{"description":"Other","count":0,"tested":5230,"deaths":0,"color":"rgb(148,103,189)"},{"description":"White","count":0,"tested":55632,"deaths":0,"color":"rgb(31,119,180)"}],"gender":[{"description":"Female","count":0,"tested":70042,"deaths":0,"color":"rgb(255,127,14)"},{"description":"Male","count":0,"tested":58644,"deaths":0,"color":"rgb(31,119,180)"},{"description":"Unknown/Left Blank","count":0,"tested":5187,"deaths":0,"color":"rgb(44,160,44)"}]}}]}
