{"lastUpdatedDate":{"year":2021,"month":8,"day":9},"county_demographics":[{"County":"Fulton","confirmed_cases":4205,"total_tested":99025,"demographics":{"age":[{"race":[],"age_group":"<20","count":825,"tested":9983,"deaths":0},{"race":[],"age_group":"20-29   ","count":686,"tested":15603,"deaths":0},{"race":[],"age_group":"30-39   ","count":576,"tested":17153,"deaths":0},{"race":[],"age_group":"40-49   ","count":629,"tested":15121,"deaths":0},{"race":[],"age_group":"50-59   ","count":549,"tested":14718,"deaths":0},{"race":[],"age_group":"60-69   ","count":464,"tested":10172,"deaths":0},{"race":[],"age_group":"70-79   ","count":267,"tested":5699,"deaths":0},{"race":[],"age_group":"80+","count":200,"tested":6399,"deaths":0},{"race":[],"age_group":"Unknown","count":0,"tested":4177,"deaths":0}],"race":[{"description":"AI/AN**","count":0,"tested":27,"deaths":0,"color":"rgb(31,119,180)"},{"description":"Asian","count":0,"tested":42,"deaths":0,"color":"rgb(140,86,75)"},{"description":"Black","count":100,"tested":753,"deaths":0,"color":"rgb(255,127,14)"},{"description":"Hispanic","count":50,"tested":258,"deaths":0,"color":"rgb(214,39,40)"},{"description":"Left Blank","count":2706,"tested":70257,"deaths":0,"color":"rgb(44,160,44)"},{"description":"NH/PI*","count":0,"tested":0,"deaths":0,"color":"rgb(127,127,127)"},{"description":"Other","count":43,"tested":1768,"deaths":0,"color":"rgb(148,103,189)"},{"description":"White","count":1297,"tested":25915,"deaths":0,"color":"rgb(31,119,180)"}],"gender":[{"description":"Female","count":2077,"tested":48431,"deaths":0,"color":"rgb(255,127,14)"},{"description":"Male","count":2037,"tested":36556,"deaths":0,"color":"rgb(31,119,180)"},{"description":"Unknown/Left Blank","count":91,"tested":14038,"deaths":0,"color":"rgb(44,160,44)"}]}}]}
