{"lastUpdatedDate":{"year":2021,"month":8,"day":9},"county_demographics":[{"County":"Knox","confirmed_cases":5830,"total_tested":127729,"demographics":{"age":[{"race":[],"age_group":"<20","count":788,"tested":14092,"deaths":0},{"race":[],"age_group":"20-29   ","count":896,"tested":25821,"deaths":0},{"race":[],"age_group":"30-39   ","count":869,"tested":20976,"deaths":0},{"race":[],"age_group":"40-49   ","count":875,"tested":19302,"deaths":0},{"race":[],"age_group":"50-59   ","count":830,"tested":17337,"deaths":0},{"race":[],"age_group":"60-69   ","count":710,"tested":12533,"deaths":0},{"race":[],"age_group":"70-79   ","count":461,"tested":7297,"deaths":0},{"race":[],"age_group":"80+","count":398,"tested":7341,"deaths":0},{"race":[],"age_group":"Unknown","count":0,"tested":3030,"deaths":0}],"race":[{"description":"AI/AN**","count":0,"tested":66,"deaths":0,"color":"rgb(31,119,180)"},{"description":"Asian","count":20,"tested":1227,"deaths":0,"color":"rgb(140,86,75)"},{"description":"Black","count":527,"tested":4213,"deaths":0,"color":"rgb(255,127,14)"},{"description":"Hispanic","count":264,"tested":2588,"deaths":0,"color":"rgb(214,39,40)"},{"description":"Left Blank","count":945,"tested":76969,"deaths":0,"color":"rgb(44,160,44)"},{"description":"NH/PI*","count":0,"tested":88,"deaths":0,"color":"rgb(127,127,127)"},{"description":"Other","count":83,"tested":1696,"deaths":0,"color":"rgb(148,103,189)"},{"description":"White","count":3983,"tested":40882,"deaths":0,"color":"rgb(31,119,180)"}],"gender":[{"description":"Female","count":3011,"tested":56079,"deaths":0,"color":"rgb(255,127,14)"},{"description":"Male","count":2716,"tested":51980,"deaths":0,"color":"rgb(31,119,180)"},{"description":"Unknown/Left Blank","count":103,"tested":19670,"deaths":0,"color":"rgb(44,160,44)"}]}}]}
