{"lastUpdatedDate":{"year":2021,"month":8,"day":9},"county_demographics":[{"County":"Warren","confirmed_cases":1894,"total_tested":23445,"demographics":{"age":[{"race":[],"age_group":"<20","count":228,"tested":3359,"deaths":0},{"race":[],"age_group":"20-29   ","count":268,"tested":5057,"deaths":0},{"race":[],"age_group":"30-39   ","count":292,"tested":3337,"deaths":0},{"race":[],"age_group":"40-49   ","count":318,"tested":3158,"deaths":0},{"race":[],"age_group":"50-59   ","count":296,"tested":3152,"deaths":0},{"race":[],"age_group":"60-69   ","count":234,"tested":2677,"deaths":0},{"race":[],"age_group":"70-79   ","count":148,"tested":1587,"deaths":0},{"race":[],"age_group":"80+","count":110,"tested":1116,"deaths":0},{"race":[],"age_group":"Unknown","count":0,"tested":0,"deaths":0}],"race":[{"description":"AI/AN**","count":0,"tested":19,"deaths":0,"color":"rgb(31,119,180)"},{"description":"Asian","count":19,"tested":99,"deaths":0,"color":"rgb(140,86,75)"},{"description":"Black","count":44,"tested":386,"deaths":0,"color":"rgb(255,127,14)"},{"description":"Hispanic","count":147,"tested":921,"deaths":0,"color":"rgb(214,39,40)"},{"description":"Left Blank","count":519,"tested":9573,"deaths":0,"color":"rgb(44,160,44)"},{"description":"NH/PI*","count":0,"tested":15,"deaths":0,"color":"rgb(127,127,127)"},{"description":"Other","count":20,"tested":500,"deaths":0,"color":"rgb(148,103,189)"},{"description":"White","count":1139,"tested":11932,"deaths":0,"color":"rgb(31,119,180)"}],"gender":[{"description":"Female","count":992,"tested":12686,"deaths":0,"color":"rgb(255,127,14)"},{"description":"Male","count":856,"tested":9489,"deaths":0,"color":"rgb(31,119,180)"},{"description":"Unknown/Left Blank","count":44,"tested":1270,"deaths":0,"color":"rgb(44,160,44)"}]}}]}
