{"lastUpdatedDate":{"year":2021,"month":8,"day":9},"county_demographics":[{"County":"Sangamon","confirmed_cases":20571,"total_tested":431884,"demographics":{"age":[{"race":[],"age_group":"<20","count":3582,"tested":57987,"deaths":0},{"race":[],"age_group":"20-29   ","count":3481,"tested":78891,"deaths":0},{"race":[],"age_group":"30-39   ","count":3092,"tested":67731,"deaths":0},{"race":[],"age_group":"40-49   ","count":2879,"tested":59335,"deaths":0},{"race":[],"age_group":"50-59   ","count":2992,"tested":61992,"deaths":0},{"race":[],"age_group":"60-69   ","count":2264,"tested":50864,"deaths":0},{"race":[],"age_group":"70-79   ","count":1325,"tested":30999,"deaths":0},{"race":[],"age_group":"80+","count":955,"tested":23995,"deaths":0},{"race":[],"age_group":"Unknown","count":0,"tested":90,"deaths":0}],"race":[{"description":"AI/AN**","count":10,"tested":434,"deaths":0,"color":"rgb(31,119,180)"},{"description":"Asian","count":162,"tested":5343,"deaths":0,"color":"rgb(140,86,75)"},{"description":"Black","count":2487,"tested":38095,"deaths":0,"color":"rgb(255,127,14)"},{"description":"Hispanic","count":268,"tested":4373,"deaths":0,"color":"rgb(214,39,40)"},{"description":"Left Blank","count":7468,"tested":161927,"deaths":0,"color":"rgb(44,160,44)"},{"description":"NH/PI*","count":33,"tested":4480,"deaths":0,"color":"rgb(127,127,127)"},{"description":"Other","count":299,"tested":10230,"deaths":0,"color":"rgb(148,103,189)"},{"description":"White","count":9841,"tested":207002,"deaths":0,"color":"rgb(31,119,180)"}],"gender":[{"description":"Female","count":10556,"tested":246651,"deaths":0,"color":"rgb(255,127,14)"},{"description":"Male","count":8924,"tested":176152,"deaths":0,"color":"rgb(31,119,180)"},{"description":"Unknown/Left Blank","count":1091,"tested":9081,"deaths":0,"color":"rgb(44,160,44)"}]}}]}
