{"lastUpdatedDate":{"year":2021,"month":8,"day":9},"county_demographics":[{"County":"Monroe","confirmed_cases":4620,"total_tested":48337,"demographics":{"age":[{"race":[],"age_group":"<20","count":790,"tested":7322,"deaths":0},{"race":[],"age_group":"20-29   ","count":630,"tested":5823,"deaths":0},{"race":[],"age_group":"30-39   ","count":648,"tested":6088,"deaths":0},{"race":[],"age_group":"40-49   ","count":679,"tested":5444,"deaths":0},{"race":[],"age_group":"50-59   ","count":795,"tested":6703,"deaths":0},{"race":[],"age_group":"60-69   ","count":565,"tested":5800,"deaths":0},{"race":[],"age_group":"70-79   ","count":249,"tested":3289,"deaths":0},{"race":[],"age_group":"80+","count":263,"tested":7837,"deaths":0},{"race":[],"age_group":"Unknown","count":0,"tested":31,"deaths":0}],"race":[{"description":"AI/AN**","count":0,"tested":15,"deaths":0,"color":"rgb(31,119,180)"},{"description":"Asian","count":0,"tested":99,"deaths":0,"color":"rgb(140,86,75)"},{"description":"Black","count":12,"tested":624,"deaths":0,"color":"rgb(255,127,14)"},{"description":"Hispanic","count":25,"tested":294,"deaths":0,"color":"rgb(214,39,40)"},{"description":"Left Blank","count":2423,"tested":21143,"deaths":0,"color":"rgb(44,160,44)"},{"description":"NH/PI*","count":0,"tested":0,"deaths":0,"color":"rgb(127,127,127)"},{"description":"Other","count":29,"tested":374,"deaths":0,"color":"rgb(148,103,189)"},{"description":"White","count":2123,"tested":25784,"deaths":0,"color":"rgb(31,119,180)"}],"gender":[{"description":"Female","count":2447,"tested":30974,"deaths":0,"color":"rgb(255,127,14)"},{"description":"Male","count":2153,"tested":16674,"deaths":0,"color":"rgb(31,119,180)"},{"description":"Unknown/Left Blank","count":19,"tested":689,"deaths":0,"color":"rgb(44,160,44)"}]}}]}
