{"age":[{"age_group":"<20","count":1699,"tested":12678},{"age_group":"20-29   ","count":1901,"tested":17206},{"age_group":"30-39   ","count":1603,"tested":12730},{"age_group":"40-49   ","count":1722,"tested":11970},{"age_group":"50-59   ","count":1278,"tested":11115},{"age_group":"60-69   ","count":678,"tested":9038},{"age_group":"70-79   ","count":328,"tested":7119},{"age_group":"80+","count":163,"tested":4766}],"race":[{"description":"AI/AN**","count":8,"tested":115,"color":"rgb(31,119,180)"},{"description":"Asian","count":47,"tested":606,"color":"rgb(140,86,75)"},{"description":"Black","count":383,"tested":4276,"color":"rgb(255,127,14)"},{"description":"Hispanic","count":5964,"tested":30539,"color":"rgb(214,39,40)"},{"description":"Left Blank","count":1933,"tested":38151,"color":"rgb(44,160,44)"},{"description":"Other","count":270,"tested":3224,"color":"rgb(148,103,189)"},{"description":"White","count":763,"tested":9685,"color":"rgb(31,119,180)"}],"gender":[]}
