{"age":[{"age_group":"<20","count":618,"tested":6153},{"age_group":"20-29   ","count":648,"tested":8348},{"age_group":"30-39   ","count":619,"tested":8768},{"age_group":"40-49   ","count":597,"tested":7635},{"age_group":"50-59   ","count":462,"tested":7933},{"age_group":"60-69   ","count":343,"tested":6102},{"age_group":"70-79   ","count":202,"tested":2788},{"age_group":"80+","count":136,"tested":1493}],"race":[{"description":"Black","count":1955,"tested":23674,"color":"rgb(255,127,14)"},{"description":"Hispanic","count":780,"tested":3877,"color":"rgb(214,39,40)"},{"description":"Left Blank","count":740,"tested":19445,"color":"rgb(44,160,44)"},{"description":"Other","count":77,"tested":976,"color":"rgb(148,103,189)"},{"description":"White","count":62,"tested":1059,"color":"rgb(31,119,180)"}],"gender":[]}
