{"age":[{"age_group":"<20","count":92,"tested":1443},{"age_group":"20-29   ","count":94,"tested":902},{"age_group":"30-39   ","count":97,"tested":994},{"age_group":"40-49   ","count":98,"tested":1123},{"age_group":"50-59   ","count":90,"tested":1122},{"age_group":"60-69   ","count":71,"tested":961},{"age_group":"70-79   ","count":62,"tested":827},{"age_group":"80+","count":15,"tested":310}],"race":[{"description":"Hispanic","count":13,"tested":96,"color":"rgb(214,39,40)"},{"description":"Left Blank","count":221,"tested":3525,"color":"rgb(44,160,44)"},{"description":"Other","count":8,"tested":127,"color":"rgb(148,103,189)"},{"description":"White","count":373,"tested":3847,"color":"rgb(31,119,180)"}],"gender":[]}
