{"age":[{"age_group":"<20","count":697,"tested":10616},{"age_group":"20-29   ","count":868,"tested":18815},{"age_group":"30-39   ","count":920,"tested":23038},{"age_group":"40-49   ","count":776,"tested":20368},{"age_group":"50-59   ","count":676,"tested":22754},{"age_group":"60-69   ","count":504,"tested":19834},{"age_group":"70-79   ","count":254,"tested":8063},{"age_group":"80+","count":195,"tested":4481}],"race":[{"description":"Asian","count":10,"tested":158,"color":"rgb(140,86,75)"},{"description":"Black","count":3156,"tested":35344,"color":"rgb(255,127,14)"},{"description":"Hispanic","count":562,"tested":3788,"color":"rgb(214,39,40)"},{"description":"Left Blank","count":903,"tested":79178,"color":"rgb(44,160,44)"},{"description":"Other","count":122,"tested":6279,"color":"rgb(148,103,189)"},{"description":"White","count":134,"tested":3206,"color":"rgb(31,119,180)"}],"gender":[]}
