{"age":[{"age_group":"<20","count":675,"tested":5690},{"age_group":"20-29   ","count":747,"tested":8673},{"age_group":"30-39   ","count":738,"tested":7884},{"age_group":"40-49   ","count":725,"tested":8488},{"age_group":"50-59   ","count":633,"tested":8865},{"age_group":"60-69   ","count":401,"tested":7077},{"age_group":"70-79   ","count":201,"tested":3929},{"age_group":"80+","count":109,"tested":2494}],"race":[{"description":"Asian","count":11,"tested":61,"color":"rgb(140,86,75)"},{"description":"Black","count":2044,"tested":24405,"color":"rgb(255,127,14)"},{"description":"Hispanic","count":657,"tested":3760,"color":"rgb(214,39,40)"},{"description":"Left Blank","count":1231,"tested":21536,"color":"rgb(44,160,44)"},{"description":"Other","count":89,"tested":931,"color":"rgb(148,103,189)"},{"description":"White","count":195,"tested":2378,"color":"rgb(31,119,180)"}],"gender":[]}
