{"age":[{"age_group":"<20","count":396,"tested":4985},{"age_group":"20-29   ","count":471,"tested":9286},{"age_group":"30-39   ","count":529,"tested":12362},{"age_group":"40-49   ","count":468,"tested":12217},{"age_group":"50-59   ","count":393,"tested":9135},{"age_group":"60-69   ","count":286,"tested":6084},{"age_group":"70-79   ","count":173,"tested":3162},{"age_group":"80+","count":144,"tested":2761}],"race":[{"description":"Asian","count":41,"tested":370,"color":"rgb(140,86,75)"},{"description":"Black","count":316,"tested":2564,"color":"rgb(255,127,14)"},{"description":"Hispanic","count":362,"tested":2222,"color":"rgb(214,39,40)"},{"description":"Left Blank","count":1074,"tested":43074,"color":"rgb(44,160,44)"},{"description":"Other","count":80,"tested":1014,"color":"rgb(148,103,189)"},{"description":"White","count":981,"tested":12252,"color":"rgb(31,119,180)"}],"gender":[]}
