{"age":[{"age_group":"<20","count":441,"tested":6122},{"age_group":"20-29   ","count":437,"tested":6145},{"age_group":"30-39   ","count":351,"tested":5491},{"age_group":"40-49   ","count":403,"tested":5880},{"age_group":"50-59   ","count":507,"tested":7421},{"age_group":"60-69   ","count":313,"tested":6249},{"age_group":"70-79   ","count":158,"tested":3932},{"age_group":"80+","count":144,"tested":6875}],"race":[{"description":"Asian","count":27,"tested":530,"color":"rgb(140,86,75)"},{"description":"Black","count":21,"tested":413,"color":"rgb(255,127,14)"},{"description":"Hispanic","count":113,"tested":1028,"color":"rgb(214,39,40)"},{"description":"Left Blank","count":855,"tested":25967,"color":"rgb(44,160,44)"},{"description":"Other","count":94,"tested":1116,"color":"rgb(148,103,189)"},{"description":"White","count":1637,"tested":19035,"color":"rgb(31,119,180)"}],"gender":[]}
