{"age":[{"age_group":"<20","count":768,"tested":8737},{"age_group":"20-29   ","count":804,"tested":11338},{"age_group":"30-39   ","count":724,"tested":10308},{"age_group":"40-49   ","count":704,"tested":8575},{"age_group":"50-59   ","count":892,"tested":11552},{"age_group":"60-69   ","count":477,"tested":7525},{"age_group":"70-79   ","count":188,"tested":4359},{"age_group":"80+","count":131,"tested":4858}],"race":[{"description":"AI/AN**","count":11,"tested":125,"color":"rgb(31,119,180)"},{"description":"Asian","count":434,"tested":5848,"color":"rgb(140,86,75)"},{"description":"Black","count":87,"tested":1160,"color":"rgb(255,127,14)"},{"description":"Hispanic","count":531,"tested":3799,"color":"rgb(214,39,40)"},{"description":"Left Blank","count":946,"tested":32698,"color":"rgb(44,160,44)"},{"description":"NH/PI*","count":13,"tested":134,"color":"rgb(127,127,127)"},{"description":"Other","count":160,"tested":1554,"color":"rgb(148,103,189)"},{"description":"White","count":2506,"tested":21972,"color":"rgb(31,119,180)"}],"gender":[]}
