{"age":[{"age_group":"<20","count":69,"tested":1040},{"age_group":"20-29   ","count":110,"tested":1027},{"age_group":"30-39   ","count":91,"tested":1206},{"age_group":"40-49   ","count":100,"tested":1061},{"age_group":"50-59   ","count":104,"tested":1205},{"age_group":"60-69   ","count":66,"tested":1136},{"age_group":"70-79   ","count":33,"tested":805},{"age_group":"80+","count":9,"tested":285}],"race":[{"description":"Asian","count":6,"tested":161,"color":"rgb(140,86,75)"},{"description":"Black","count":6,"tested":69,"color":"rgb(255,127,14)"},{"description":"Hispanic","count":42,"tested":550,"color":"rgb(214,39,40)"},{"description":"Left Blank","count":230,"tested":3369,"color":"rgb(44,160,44)"},{"description":"Other","count":20,"tested":357,"color":"rgb(148,103,189)"},{"description":"White","count":277,"tested":3257,"color":"rgb(31,119,180)"}],"gender":[]}
