{"age":[{"age_group":"<20","count":554,"tested":7840},{"age_group":"20-29   ","count":539,"tested":8874},{"age_group":"30-39   ","count":579,"tested":9813},{"age_group":"40-49   ","count":587,"tested":9163},{"age_group":"50-59   ","count":577,"tested":8806},{"age_group":"60-69   ","count":398,"tested":7576},{"age_group":"70-79   ","count":210,"tested":4556},{"age_group":"80+","count":142,"tested":3721}],"race":[{"description":"AI/AN**","count":11,"tested":136,"color":"rgb(31,119,180)"},{"description":"Asian","count":300,"tested":5718,"color":"rgb(140,86,75)"},{"description":"Black","count":94,"tested":1401,"color":"rgb(255,127,14)"},{"description":"Hispanic","count":361,"tested":3080,"color":"rgb(214,39,40)"},{"description":"Left Blank","count":1078,"tested":30091,"color":"rgb(44,160,44)"},{"description":"Other","count":126,"tested":1235,"color":"rgb(148,103,189)"},{"description":"White","count":1615,"tested":18589,"color":"rgb(31,119,180)"}],"gender":[]}
