{"age":[{"age_group":"<20","count":397,"tested":5149},{"age_group":"20-29   ","count":400,"tested":4982},{"age_group":"30-39   ","count":339,"tested":4263},{"age_group":"40-49   ","count":318,"tested":4035},{"age_group":"50-59   ","count":453,"tested":5205},{"age_group":"60-69   ","count":267,"tested":4205},{"age_group":"70-79   ","count":72,"tested":1958},{"age_group":"80+","count":38,"tested":1730}],"race":[{"description":"Asian","count":40,"tested":453,"color":"rgb(140,86,75)"},{"description":"Black","count":12,"tested":195,"color":"rgb(255,127,14)"},{"description":"Hispanic","count":273,"tested":1662,"color":"rgb(214,39,40)"},{"description":"Left Blank","count":649,"tested":12067,"color":"rgb(44,160,44)"},{"description":"Other","count":40,"tested":515,"color":"rgb(148,103,189)"},{"description":"White","count":1261,"tested":16580,"color":"rgb(31,119,180)"}],"gender":[]}
