{"age":[{"age_group":"<20","count":729,"tested":13874},{"age_group":"20-29   ","count":570,"tested":9771},{"age_group":"30-39   ","count":428,"tested":8871},{"age_group":"40-49   ","count":565,"tested":9733},{"age_group":"50-59   ","count":592,"tested":12433},{"age_group":"60-69   ","count":382,"tested":10079},{"age_group":"70-79   ","count":168,"tested":6514},{"age_group":"80+","count":188,"tested":6546}],"race":[{"description":"AI/AN**","count":12,"tested":124,"color":"rgb(31,119,180)"},{"description":"Asian","count":282,"tested":6352,"color":"rgb(140,86,75)"},{"description":"Black","count":32,"tested":898,"color":"rgb(255,127,14)"},{"description":"Hispanic","count":258,"tested":2918,"color":"rgb(214,39,40)"},{"description":"Left Blank","count":712,"tested":32252,"color":"rgb(44,160,44)"},{"description":"NH/PI*","count":8,"tested":135,"color":"rgb(127,127,127)"},{"description":"Other","count":420,"tested":4435,"color":"rgb(148,103,189)"},{"description":"White","count":1899,"tested":30721,"color":"rgb(31,119,180)"}],"gender":[]}
