{"age":[{"age_group":"<20","count":613,"tested":17275},{"age_group":"20-29   ","count":443,"tested":12755},{"age_group":"30-39   ","count":366,"tested":11928},{"age_group":"40-49   ","count":484,"tested":17007},{"age_group":"50-59   ","count":495,"tested":18546},{"age_group":"60-69   ","count":400,"tested":16216},{"age_group":"70-79   ","count":303,"tested":10953},{"age_group":"80+","count":432,"tested":15437}],"race":[{"description":"Asian","count":211,"tested":6566,"color":"rgb(140,86,75)"},{"description":"Black","count":44,"tested":1657,"color":"rgb(255,127,14)"},{"description":"Hispanic","count":139,"tested":2549,"color":"rgb(214,39,40)"},{"description":"Left Blank","count":912,"tested":66006,"color":"rgb(44,160,44)"},{"description":"Other","count":302,"tested":4202,"color":"rgb(148,103,189)"},{"description":"White","count":1915,"tested":38199,"color":"rgb(31,119,180)"}],"gender":[]}
