{"age":[{"age_group":"<20","count":824,"tested":7443},{"age_group":"20-29   ","count":1023,"tested":9407},{"age_group":"30-39   ","count":946,"tested":8203},{"age_group":"40-49   ","count":909,"tested":7033},{"age_group":"50-59   ","count":788,"tested":7346},{"age_group":"60-69   ","count":554,"tested":5947},{"age_group":"70-79   ","count":231,"tested":3367},{"age_group":"80+","count":139,"tested":2506}],"race":[{"description":"AI/AN**","count":7,"tested":90,"color":"rgb(31,119,180)"},{"description":"Asian","count":230,"tested":1841,"color":"rgb(140,86,75)"},{"description":"Black","count":125,"tested":1204,"color":"rgb(255,127,14)"},{"description":"Hispanic","count":2277,"tested":8754,"color":"rgb(214,39,40)"},{"description":"Left Blank","count":973,"tested":24345,"color":"rgb(44,160,44)"},{"description":"NH/PI*","count":6,"tested":74,"color":"rgb(127,127,127)"},{"description":"Other","count":217,"tested":2418,"color":"rgb(148,103,189)"},{"description":"White","count":1579,"tested":12536,"color":"rgb(31,119,180)"}],"gender":[]}
