{"age":[{"age_group":"<20","count":21,"tested":225},{"age_group":"20-29   ","count":14,"tested":244},{"age_group":"30-39   ","count":6,"tested":284},{"age_group":"40-49   ","count":27,"tested":200},{"age_group":"50-59   ","count":38,"tested":260},{"age_group":"60-69   ","count":19,"tested":227},{"age_group":"70-79   ","count":10,"tested":177},{"age_group":"80+","count":7,"tested":133}],"race":[{"description":"Left Blank","count":46,"tested":684,"color":"rgb(44,160,44)"},{"description":"White","count":93,"tested":986,"color":"rgb(31,119,180)"}],"gender":[]}
