{"age":[{"age_group":"<20","count":2444,"tested":17956},{"age_group":"20-29   ","count":2865,"tested":27284},{"age_group":"30-39   ","count":2519,"tested":20133},{"age_group":"40-49   ","count":2418,"tested":17881},{"age_group":"50-59   ","count":1943,"tested":15874},{"age_group":"60-69   ","count":1006,"tested":11495},{"age_group":"70-79   ","count":394,"tested":5566},{"age_group":"80+","count":212,"tested":2948}],"race":[{"description":"AI/AN**","count":9,"tested":106,"color":"rgb(31,119,180)"},{"description":"Asian","count":132,"tested":2347,"color":"rgb(140,86,75)"},{"description":"Black","count":195,"tested":2101,"color":"rgb(255,127,14)"},{"description":"Hispanic","count":9627,"tested":48387,"color":"rgb(214,39,40)"},{"description":"Left Blank","count":2595,"tested":51147,"color":"rgb(44,160,44)"},{"description":"Other","count":533,"tested":6118,"color":"rgb(148,103,189)"},{"description":"White","count":707,"tested":8888,"color":"rgb(31,119,180)"}],"gender":[]}
