{"age":[{"age_group":"<20","count":290,"tested":3056},{"age_group":"20-29   ","count":231,"tested":2145},{"age_group":"30-39   ","count":241,"tested":2105},{"age_group":"40-49   ","count":210,"tested":1796},{"age_group":"50-59   ","count":180,"tested":1821},{"age_group":"60-69   ","count":112,"tested":1332},{"age_group":"70-79   ","count":72,"tested":559},{"age_group":"80+","count":40,"tested":369}],"race":[{"description":"Asian","count":18,"tested":132,"color":"rgb(140,86,75)"},{"description":"Black","count":56,"tested":388,"color":"rgb(255,127,14)"},{"description":"Hispanic","count":182,"tested":652,"color":"rgb(214,39,40)"},{"description":"Left Blank","count":103,"tested":4542,"color":"rgb(44,160,44)"},{"description":"Other","count":26,"tested":429,"color":"rgb(148,103,189)"},{"description":"White","count":992,"tested":7014,"color":"rgb(31,119,180)"}],"gender":[]}
