{"age":[{"age_group":"<20","count":1195,"tested":17714},{"age_group":"20-29   ","count":2425,"tested":51882},{"age_group":"30-39   ","count":2238,"tested":56991},{"age_group":"40-49   ","count":1329,"tested":22402},{"age_group":"50-59   ","count":1064,"tested":15177},{"age_group":"60-69   ","count":692,"tested":9884},{"age_group":"70-79   ","count":351,"tested":5297},{"age_group":"80+","count":179,"tested":2458}],"race":[{"description":"AI/AN**","count":11,"tested":245,"color":"rgb(31,119,180)"},{"description":"Asian","count":132,"tested":4088,"color":"rgb(140,86,75)"},{"description":"Black","count":339,"tested":5764,"color":"rgb(255,127,14)"},{"description":"Hispanic","count":4019,"tested":30878,"color":"rgb(214,39,40)"},{"description":"Left Blank","count":2357,"tested":73905,"color":"rgb(44,160,44)"},{"description":"NH/PI*","count":6,"tested":151,"color":"rgb(127,127,127)"},{"description":"Other","count":411,"tested":9087,"color":"rgb(148,103,189)"},{"description":"White","count":2198,"tested":57728,"color":"rgb(31,119,180)"}],"gender":[]}
