{"age":[{"age_group":"<20","count":362,"tested":4497},{"age_group":"20-29   ","count":410,"tested":6517},{"age_group":"30-39   ","count":380,"tested":6914},{"age_group":"40-49   ","count":410,"tested":6576},{"age_group":"50-59   ","count":423,"tested":7603},{"age_group":"60-69   ","count":415,"tested":7643},{"age_group":"70-79   ","count":250,"tested":5130},{"age_group":"80+","count":208,"tested":4723}],"race":[{"description":"AI/AN**","count":8,"tested":66,"color":"rgb(31,119,180)"},{"description":"Asian","count":248,"tested":2701,"color":"rgb(140,86,75)"},{"description":"Black","count":98,"tested":1051,"color":"rgb(255,127,14)"},{"description":"Hispanic","count":338,"tested":1745,"color":"rgb(214,39,40)"},{"description":"Left Blank","count":494,"tested":29625,"color":"rgb(44,160,44)"},{"description":"Other","count":91,"tested":1179,"color":"rgb(148,103,189)"},{"description":"White","count":1577,"tested":13201,"color":"rgb(31,119,180)"}],"gender":[]}
