{"age":[{"age_group":"<20","count":698,"tested":7728},{"age_group":"20-29   ","count":666,"tested":8880},{"age_group":"30-39   ","count":694,"tested":8154},{"age_group":"40-49   ","count":550,"tested":7522},{"age_group":"50-59   ","count":483,"tested":7554},{"age_group":"60-69   ","count":398,"tested":6819},{"age_group":"70-79   ","count":262,"tested":4691},{"age_group":"80+","count":154,"tested":4526}],"race":[{"description":"Asian","count":140,"tested":856,"color":"rgb(140,86,75)"},{"description":"Black","count":452,"tested":4125,"color":"rgb(255,127,14)"},{"description":"Hispanic","count":1021,"tested":4530,"color":"rgb(214,39,40)"},{"description":"Left Blank","count":380,"tested":29545,"color":"rgb(44,160,44)"},{"description":"Other","count":83,"tested":986,"color":"rgb(148,103,189)"},{"description":"White","count":1826,"tested":15800,"color":"rgb(31,119,180)"}],"gender":[]}
