{"age":[{"age_group":"<20","count":12,"tested":244},{"age_group":"20-29   ","count":18,"tested":294},{"age_group":"30-39   ","count":17,"tested":311},{"age_group":"40-49   ","count":23,"tested":196},{"age_group":"50-59   ","count":18,"tested":433},{"age_group":"60-69   ","count":18,"tested":289},{"age_group":"70-79   ","count":13,"tested":174}],"race":[{"description":"Left Blank","count":32,"tested":1186,"color":"rgb(44,160,44)"},{"description":"White","count":90,"tested":885,"color":"rgb(31,119,180)"}],"gender":[]}
