{"age":[{"age_group":"<20","count":879,"tested":13394},{"age_group":"20-29   ","count":938,"tested":15385},{"age_group":"30-39   ","count":900,"tested":15120},{"age_group":"40-49   ","count":750,"tested":14162},{"age_group":"50-59   ","count":711,"tested":14189},{"age_group":"60-69   ","count":549,"tested":11922},{"age_group":"70-79   ","count":232,"tested":5516},{"age_group":"80+","count":166,"tested":3388}],"race":[{"description":"AI/AN**","count":10,"tested":289,"color":"rgb(31,119,180)"},{"description":"Asian","count":470,"tested":6855,"color":"rgb(140,86,75)"},{"description":"Black","count":530,"tested":7595,"color":"rgb(255,127,14)"},{"description":"Hispanic","count":977,"tested":6268,"color":"rgb(214,39,40)"},{"description":"Left Blank","count":1322,"tested":49108,"color":"rgb(44,160,44)"},{"description":"NH/PI*","count":6,"tested":124,"color":"rgb(127,127,127)"},{"description":"Other","count":494,"tested":4329,"color":"rgb(148,103,189)"},{"description":"White","count":1316,"tested":18536,"color":"rgb(31,119,180)"}],"gender":[]}
