{"age":[{"age_group":"<20","count":92,"tested":962},{"age_group":"20-29   ","count":140,"tested":1875},{"age_group":"30-39   ","count":102,"tested":1940},{"age_group":"40-49   ","count":104,"tested":1738},{"age_group":"50-59   ","count":133,"tested":2403},{"age_group":"60-69   ","count":124,"tested":2423},{"age_group":"70-79   ","count":79,"tested":1367},{"age_group":"80+","count":29,"tested":636}],"race":[{"description":"Black","count":48,"tested":1341,"color":"rgb(255,127,14)"},{"description":"Hispanic","count":114,"tested":753,"color":"rgb(214,39,40)"},{"description":"Left Blank","count":194,"tested":3177,"color":"rgb(44,160,44)"},{"description":"Other","count":16,"tested":292,"color":"rgb(148,103,189)"},{"description":"White","count":428,"tested":7739,"color":"rgb(31,119,180)"}],"gender":[]}
