{"age":[{"age_group":"<20","count":461,"tested":5796},{"age_group":"20-29   ","count":495,"tested":5673},{"age_group":"30-39   ","count":464,"tested":5634},{"age_group":"40-49   ","count":406,"tested":4815},{"age_group":"50-59   ","count":411,"tested":4882},{"age_group":"60-69   ","count":349,"tested":4494},{"age_group":"70-79   ","count":171,"tested":2502},{"age_group":"80+","count":197,"tested":3399}],"race":[{"description":"Asian","count":11,"tested":205,"color":"rgb(140,86,75)"},{"description":"Black","count":104,"tested":1165,"color":"rgb(255,127,14)"},{"description":"Hispanic","count":287,"tested":2138,"color":"rgb(214,39,40)"},{"description":"Left Blank","count":654,"tested":17625,"color":"rgb(44,160,44)"},{"description":"Other","count":227,"tested":1231,"color":"rgb(148,103,189)"},{"description":"White","count":1670,"tested":14958,"color":"rgb(31,119,180)"}],"gender":[]}
