{"age":[{"age_group":"<20","count":58,"tested":577},{"age_group":"20-29   ","count":48,"tested":880},{"age_group":"30-39   ","count":52,"tested":879},{"age_group":"40-49   ","count":53,"tested":904},{"age_group":"50-59   ","count":72,"tested":1270},{"age_group":"60-69   ","count":54,"tested":1154},{"age_group":"70-79   ","count":38,"tested":858},{"age_group":"80+","count":28,"tested":501}],"race":[{"description":"Black","count":227,"tested":3402,"color":"rgb(255,127,14)"},{"description":"Left Blank","count":111,"tested":2696,"color":"rgb(44,160,44)"},{"description":"Other","count":16,"tested":176,"color":"rgb(148,103,189)"},{"description":"White","count":44,"tested":631,"color":"rgb(31,119,180)"}],"gender":[]}
