{"age":[{"age_group":"<20","count":54,"tested":484},{"age_group":"20-29   ","count":50,"tested":695},{"age_group":"30-39   ","count":28,"tested":626},{"age_group":"40-49   ","count":48,"tested":452},{"age_group":"50-59   ","count":55,"tested":656},{"age_group":"60-69   ","count":26,"tested":494},{"age_group":"70-79   ","count":19,"tested":353},{"age_group":"80+","count":6,"tested":152}],"race":[{"description":"Black","count":11,"tested":127,"color":"rgb(255,127,14)"},{"description":"Hispanic","count":10,"tested":77,"color":"rgb(214,39,40)"},{"description":"Left Blank","count":62,"tested":1017,"color":"rgb(44,160,44)"},{"description":"Other","count":6,"tested":73,"color":"rgb(148,103,189)"},{"description":"White","count":197,"tested":2612,"color":"rgb(31,119,180)"}],"gender":[]}
