{"age":[{"age_group":"<20","count":739,"tested":8114},{"age_group":"20-29   ","count":589,"tested":6548},{"age_group":"30-39   ","count":453,"tested":5327},{"age_group":"40-49   ","count":637,"tested":6525},{"age_group":"50-59   ","count":816,"tested":7743},{"age_group":"60-69   ","count":428,"tested":5535},{"age_group":"70-79   ","count":190,"tested":3236},{"age_group":"80+","count":68,"tested":1394}],"race":[{"description":"Asian","count":49,"tested":614,"color":"rgb(140,86,75)"},{"description":"Black","count":187,"tested":2573,"color":"rgb(255,127,14)"},{"description":"Hispanic","count":145,"tested":1213,"color":"rgb(214,39,40)"},{"description":"Left Blank","count":1331,"tested":17281,"color":"rgb(44,160,44)"},{"description":"Other","count":112,"tested":1468,"color":"rgb(148,103,189)"},{"description":"White","count":2092,"tested":21229,"color":"rgb(31,119,180)"}],"gender":[]}
