{"lastUpdatedDate":{"year":2021,"month":4,"day":22},"county_demographics":[{"County":"Calhoun","confirmed_cases":512,"total_tested":5848,"demographics":{"age":[{"race":[],"age_group":"<20","count":103,"tested":918,"deaths":0},{"race":[],"age_group":"20-29   ","count":75,"tested":757,"deaths":0},{"race":[],"age_group":"30-39   ","count":76,"tested":887,"deaths":0},{"race":[],"age_group":"40-49   ","count":62,"tested":653,"deaths":0},{"race":[],"age_group":"50-59   ","count":62,"tested":832,"deaths":0},{"race":[],"age_group":"60-69   ","count":77,"tested":620,"deaths":0},{"race":[],"age_group":"70-79   ","count":34,"tested":491,"deaths":0},{"race":[],"age_group":"80+","count":23,"tested":688,"deaths":0},{"race":[],"age_group":"Unknown","count":0,"tested":0,"deaths":0}],"race":[{"description":"AI/AN**","count":0,"tested":0,"deaths":0,"color":"rgb(31,119,180)"},{"description":"Asian","count":0,"tested":0,"deaths":0,"color":"rgb(140,86,75)"},{"description":"Black","count":0,"tested":26,"deaths":0,"color":"rgb(255,127,14)"},{"description":"Hispanic","count":0,"tested":0,"deaths":0,"color":"rgb(214,39,40)"},{"description":"Left Blank","count":77,"tested":1324,"deaths":0,"color":"rgb(44,160,44)"},{"description":"Other","count":0,"tested":35,"deaths":0,"color":"rgb(148,103,189)"},{"description":"White","count":425,"tested":4454,"deaths":0,"color":"rgb(31,119,180)"}],"gender":[{"description":"Female","count":268,"tested":3715,"deaths":0,"color":"rgb(255,127,14)"},{"description":"Male","count":241,"tested":2054,"deaths":0,"color":"rgb(31,119,180)"},{"description":"Unknown/Left Blank","count":0,"tested":79,"deaths":0,"color":"rgb(44,160,44)"}]}}]}
