{"lastUpdatedDate":{"year":2021,"month":4,"day":22},"county_demographics":[{"County":"Cumberland","confirmed_cases":1283,"total_tested":12266,"demographics":{"age":[{"race":[],"age_group":"<20","count":201,"tested":1775,"deaths":0},{"race":[],"age_group":"20-29   ","count":177,"tested":1640,"deaths":0},{"race":[],"age_group":"30-39   ","count":169,"tested":1662,"deaths":0},{"race":[],"age_group":"40-49   ","count":169,"tested":1818,"deaths":0},{"race":[],"age_group":"50-59   ","count":196,"tested":1588,"deaths":0},{"race":[],"age_group":"60-69   ","count":163,"tested":1583,"deaths":0},{"race":[],"age_group":"70-79   ","count":100,"tested":888,"deaths":0},{"race":[],"age_group":"80+","count":108,"tested":1311,"deaths":0},{"race":[],"age_group":"Unknown","count":0,"tested":0,"deaths":0}],"race":[{"description":"AI/AN**","count":0,"tested":0,"deaths":0,"color":"rgb(31,119,180)"},{"description":"Asian","count":0,"tested":11,"deaths":0,"color":"rgb(140,86,75)"},{"description":"Black","count":0,"tested":30,"deaths":0,"color":"rgb(255,127,14)"},{"description":"Hispanic","count":0,"tested":57,"deaths":0,"color":"rgb(214,39,40)"},{"description":"Left Blank","count":289,"tested":2504,"deaths":0,"color":"rgb(44,160,44)"},{"description":"NH/PI*","count":0,"tested":0,"deaths":0,"color":"rgb(127,127,127)"},{"description":"Other","count":17,"tested":346,"deaths":0,"color":"rgb(148,103,189)"},{"description":"White","count":969,"tested":9313,"deaths":0,"color":"rgb(31,119,180)"}],"gender":[{"description":"Female","count":667,"tested":7738,"deaths":0,"color":"rgb(255,127,14)"},{"description":"Male","count":601,"tested":4291,"deaths":0,"color":"rgb(31,119,180)"},{"description":"Unknown/Left Blank","count":15,"tested":237,"deaths":0,"color":"rgb(44,160,44)"}]}}]}
