{"lastUpdatedDate":{"year":2021,"month":4,"day":22},"county_demographics":[{"County":"Bureau","confirmed_cases":3554,"total_tested":43305,"demographics":{"age":[{"race":[],"age_group":"<20","count":450,"tested":4812,"deaths":0},{"race":[],"age_group":"20-29   ","count":480,"tested":6314,"deaths":0},{"race":[],"age_group":"30-39   ","count":525,"tested":6553,"deaths":0},{"race":[],"age_group":"40-49   ","count":528,"tested":6182,"deaths":0},{"race":[],"age_group":"50-59   ","count":600,"tested":7407,"deaths":0},{"race":[],"age_group":"60-69   ","count":433,"tested":5727,"deaths":0},{"race":[],"age_group":"70-79   ","count":289,"tested":2999,"deaths":0},{"race":[],"age_group":"80+","count":249,"tested":3309,"deaths":0},{"race":[],"age_group":"Unknown","count":0,"tested":0,"deaths":0}],"race":[{"description":"AI/AN**","count":0,"tested":0,"deaths":0,"color":"rgb(31,119,180)"},{"description":"Asian","count":6,"tested":170,"deaths":0,"color":"rgb(140,86,75)"},{"description":"Black","count":7,"tested":189,"deaths":0,"color":"rgb(255,127,14)"},{"description":"Hispanic","count":245,"tested":1138,"deaths":0,"color":"rgb(214,39,40)"},{"description":"Left Blank","count":1407,"tested":23197,"deaths":0,"color":"rgb(44,160,44)"},{"description":"NH/PI*","count":0,"tested":104,"deaths":0,"color":"rgb(127,127,127)"},{"description":"Other","count":76,"tested":397,"deaths":0,"color":"rgb(148,103,189)"},{"description":"White","count":1804,"tested":18107,"deaths":0,"color":"rgb(31,119,180)"}],"gender":[{"description":"Female","count":1862,"tested":26367,"deaths":0,"color":"rgb(255,127,14)"},{"description":"Male","count":1606,"tested":13114,"deaths":0,"color":"rgb(31,119,180)"},{"description":"Unknown/Left Blank","count":86,"tested":3824,"deaths":0,"color":"rgb(44,160,44)"}]}}]}
