{"lastUpdatedDate":{"year":2021,"month":4,"day":22},"county_demographics":[{"County":"Madison","confirmed_cases":29941,"total_tested":302874,"demographics":{"age":[{"race":[],"age_group":"<20","count":4691,"tested":40675,"deaths":0},{"race":[],"age_group":"20-29   ","count":5165,"tested":52337,"deaths":0},{"race":[],"age_group":"30-39   ","count":4628,"tested":45675,"deaths":0},{"race":[],"age_group":"40-49   ","count":4278,"tested":39114,"deaths":0},{"race":[],"age_group":"50-59   ","count":4378,"tested":41811,"deaths":0},{"race":[],"age_group":"60-69   ","count":3431,"tested":36137,"deaths":0},{"race":[],"age_group":"70-79   ","count":1910,"tested":21833,"deaths":0},{"race":[],"age_group":"80+","count":1430,"tested":25036,"deaths":0},{"race":[],"age_group":"Unknown","count":28,"tested":256,"deaths":0}],"race":[{"description":"AI/AN**","count":28,"tested":211,"deaths":0,"color":"rgb(31,119,180)"},{"description":"Asian","count":130,"tested":1099,"deaths":0,"color":"rgb(140,86,75)"},{"description":"Black","count":2209,"tested":16549,"deaths":0,"color":"rgb(255,127,14)"},{"description":"Hispanic","count":714,"tested":3158,"deaths":0,"color":"rgb(214,39,40)"},{"description":"Left Blank","count":7386,"tested":139734,"deaths":0,"color":"rgb(44,160,44)"},{"description":"NH/PI*","count":13,"tested":136,"deaths":0,"color":"rgb(127,127,127)"},{"description":"Other","count":980,"tested":10069,"deaths":0,"color":"rgb(148,103,189)"},{"description":"White","count":18475,"tested":131918,"deaths":0,"color":"rgb(31,119,180)"}],"gender":[{"description":"Female","count":15922,"tested":183910,"deaths":0,"color":"rgb(255,127,14)"},{"description":"Male","count":13498,"tested":112942,"deaths":0,"color":"rgb(31,119,180)"},{"description":"Unknown/Left Blank","count":521,"tested":6022,"deaths":0,"color":"rgb(44,160,44)"}]}}]}
