{"lastUpdatedDate":{"year":2021,"month":4,"day":22},"county_demographics":[{"County":"Shelby","confirmed_cases":2251,"total_tested":25831,"demographics":{"age":[{"race":[],"age_group":"<20","count":323,"tested":3528,"deaths":0},{"race":[],"age_group":"20-29   ","count":321,"tested":3657,"deaths":0},{"race":[],"age_group":"30-39   ","count":289,"tested":3519,"deaths":0},{"race":[],"age_group":"40-49   ","count":287,"tested":3311,"deaths":0},{"race":[],"age_group":"50-59   ","count":347,"tested":3969,"deaths":0},{"race":[],"age_group":"60-69   ","count":324,"tested":2975,"deaths":0},{"race":[],"age_group":"70-79   ","count":225,"tested":2262,"deaths":0},{"race":[],"age_group":"80+","count":135,"tested":2604,"deaths":0},{"race":[],"age_group":"Unknown","count":0,"tested":6,"deaths":0}],"race":[{"description":"AI/AN**","count":0,"tested":8,"deaths":0,"color":"rgb(31,119,180)"},{"description":"Asian","count":0,"tested":45,"deaths":0,"color":"rgb(140,86,75)"},{"description":"Black","count":8,"tested":65,"deaths":0,"color":"rgb(255,127,14)"},{"description":"Hispanic","count":14,"tested":104,"deaths":0,"color":"rgb(214,39,40)"},{"description":"Left Blank","count":230,"tested":9645,"deaths":0,"color":"rgb(44,160,44)"},{"description":"NH/PI*","count":0,"tested":0,"deaths":0,"color":"rgb(127,127,127)"},{"description":"Other","count":11,"tested":529,"deaths":0,"color":"rgb(148,103,189)"},{"description":"White","count":1979,"tested":15430,"deaths":0,"color":"rgb(31,119,180)"}],"gender":[{"description":"Female","count":1246,"tested":15925,"deaths":0,"color":"rgb(255,127,14)"},{"description":"Male","count":951,"tested":8864,"deaths":0,"color":"rgb(31,119,180)"},{"description":"Unknown/Left Blank","count":54,"tested":1042,"deaths":0,"color":"rgb(44,160,44)"}]}}]}
