{"lastUpdatedDate":{"year":2021,"month":4,"day":22},"county_demographics":[{"County":"Clark","confirmed_cases":1768,"total_tested":16732,"demographics":{"age":[{"race":[],"age_group":"<20","count":330,"tested":2770,"deaths":0},{"race":[],"age_group":"20-29   ","count":241,"tested":1874,"deaths":0},{"race":[],"age_group":"30-39   ","count":258,"tested":2418,"deaths":0},{"race":[],"age_group":"40-49   ","count":218,"tested":2022,"deaths":0},{"race":[],"age_group":"50-59   ","count":244,"tested":2268,"deaths":0},{"race":[],"age_group":"60-69   ","count":207,"tested":2125,"deaths":0},{"race":[],"age_group":"70-79   ","count":119,"tested":1333,"deaths":0},{"race":[],"age_group":"80+","count":151,"tested":1901,"deaths":0},{"race":[],"age_group":"Unknown","count":0,"tested":21,"deaths":0}],"race":[{"description":"AI/AN**","count":0,"tested":0,"deaths":0,"color":"rgb(31,119,180)"},{"description":"Asian","count":0,"tested":11,"deaths":0,"color":"rgb(140,86,75)"},{"description":"Black","count":0,"tested":29,"deaths":0,"color":"rgb(255,127,14)"},{"description":"Hispanic","count":9,"tested":44,"deaths":0,"color":"rgb(214,39,40)"},{"description":"Left Blank","count":338,"tested":7147,"deaths":0,"color":"rgb(44,160,44)"},{"description":"Other","count":8,"tested":261,"deaths":0,"color":"rgb(148,103,189)"},{"description":"White","count":1403,"tested":9236,"deaths":0,"color":"rgb(31,119,180)"}],"gender":[{"description":"Female","count":825,"tested":10463,"deaths":0,"color":"rgb(255,127,14)"},{"description":"Male","count":570,"tested":5504,"deaths":0,"color":"rgb(31,119,180)"},{"description":"Unknown/Left Blank","count":373,"tested":765,"deaths":0,"color":"rgb(44,160,44)"}]}}]}
