{"age":[{"age_group":"<20","count":98,"tested":744},{"age_group":"20-29   ","count":136,"tested":1288},{"age_group":"30-39   ","count":130,"tested":1428},{"age_group":"40-49   ","count":133,"tested":1476},{"age_group":"50-59   ","count":144,"tested":1530},{"age_group":"60-69   ","count":103,"tested":1297},{"age_group":"70-79   ","count":50,"tested":754},{"age_group":"80+","count":19,"tested":243}],"race":[{"description":"Hispanic","count":137,"tested":665,"color":"rgb(214,39,40)"},{"description":"White","count":53,"tested":647,"color":"rgb(31,119,180)"},{"description":"Left Blank","count":165,"tested":3183,"color":"rgb(44,160,44)"},{"description":"Asian","count":13,"tested":88,"color":"rgb(140,86,75)"},{"description":"Black","count":405,"tested":3919,"color":"rgb(255,127,14)"},{"description":"Other","count":37,"tested":257,"color":"rgb(148,103,189)"}],"gender":[{"description":"Unknown/Left Blank","count":14,"tested":346,"color":"rgb(44,160,44)"},{"description":"Male","count":371,"tested":3457,"color":"rgb(31,119,180)"},{"description":"Female","count":428,"tested":4959,"color":"rgb(255,127,14)"}]}
