{"age":[{"age_group":"<20","count":482,"tested":3499},{"age_group":"20-29   ","count":709,"tested":6821},{"age_group":"30-39   ","count":592,"tested":5750},{"age_group":"40-49   ","count":507,"tested":4884},{"age_group":"50-59   ","count":577,"tested":5972},{"age_group":"60-69   ","count":446,"tested":5316},{"age_group":"70-79   ","count":229,"tested":2989},{"age_group":"80+","count":122,"tested":1941}],"race":[{"description":"Left Blank","count":1417,"tested":16880,"color":"rgb(44,160,44)"},{"description":"White","count":1676,"tested":14947,"color":"rgb(31,119,180)"},{"description":"Other","count":144,"tested":1311,"color":"rgb(148,103,189)"},{"description":"Black","count":153,"tested":2015,"color":"rgb(255,127,14)"},{"description":"Asian","count":75,"tested":718,"color":"rgb(140,86,75)"},{"description":"Hispanic","count":192,"tested":1220,"color":"rgb(214,39,40)"}],"gender":[{"description":"Unknown/Left Blank","count":26,"tested":620,"color":"rgb(44,160,44)"},{"description":"Male","count":1717,"tested":15295,"color":"rgb(31,119,180)"},{"description":"Female","count":1921,"tested":21270,"color":"rgb(255,127,14)"}]}
