{"age":[{"age_group":"<20","count":656,"tested":6559},{"age_group":"20-29   ","count":1008,"tested":10401},{"age_group":"30-39   ","count":989,"tested":12604},{"age_group":"40-49   ","count":842,"tested":9493},{"age_group":"50-59   ","count":820,"tested":8721},{"age_group":"60-69   ","count":535,"tested":7331},{"age_group":"70-79   ","count":271,"tested":3879},{"age_group":"80+","count":200,"tested":2982}],"race":[{"description":"NH/PI*","count":22,"tested":224,"color":"rgb(127,127,127)"},{"description":"AI/AN**","count":11,"tested":58,"color":"rgb(31,119,180)"},{"description":"Other","count":330,"tested":3383,"color":"rgb(148,103,189)"},{"description":"White","count":1822,"tested":20914,"color":"rgb(31,119,180)"},{"description":"Left Blank","count":949,"tested":21316,"color":"rgb(44,160,44)"},{"description":"Hispanic","count":1673,"tested":11004,"color":"rgb(214,39,40)"},{"description":"Asian","count":441,"tested":4084,"color":"rgb(140,86,75)"},{"description":"Black","count":73,"tested":997,"color":"rgb(255,127,14)"}],"gender":[{"description":"Male","count":2628,"tested":27277,"color":"rgb(31,119,180)"},{"description":"Unknown/Left Blank","count":56,"tested":1184,"color":"rgb(44,160,44)"},{"description":"Female","count":2637,"tested":33519,"color":"rgb(255,127,14)"}]}
