{"age":[{"age_group":"<20","count":103,"tested":589},{"age_group":"20-29   ","count":181,"tested":1891},{"age_group":"30-39   ","count":148,"tested":1649},{"age_group":"40-49   ","count":115,"tested":1619},{"age_group":"50-59   ","count":136,"tested":1959},{"age_group":"60-69   ","count":124,"tested":1834},{"age_group":"70-79   ","count":80,"tested":1347},{"age_group":"80+","count":106,"tested":1498}],"race":[{"description":"White","count":383,"tested":4982,"color":"rgb(31,119,180)"},{"description":"Other","count":16,"tested":213,"color":"rgb(148,103,189)"},{"description":"Left Blank","count":381,"tested":4508,"color":"rgb(44,160,44)"},{"description":"Hispanic","count":123,"tested":745,"color":"rgb(214,39,40)"},{"description":"Black","count":84,"tested":1869,"color":"rgb(255,127,14)"}],"gender":[{"description":"Male","count":437,"tested":4260,"color":"rgb(31,119,180)"},{"description":"Unknown/Left Blank","count":11,"tested":275,"color":"rgb(44,160,44)"},{"description":"Female","count":545,"tested":7851,"color":"rgb(255,127,14)"}]}
