{"age":[{"age_group":"<20","count":26,"tested":300},{"age_group":"20-29   ","count":16,"tested":127},{"age_group":"30-39   ","count":20,"tested":189},{"age_group":"40-49   ","count":21,"tested":196},{"age_group":"50-59   ","count":32,"tested":265},{"age_group":"60-69   ","count":22,"tested":153},{"age_group":"70-79   ","count":8,"tested":98}],"race":[{"description":"White","count":74,"tested":663,"color":"rgb(31,119,180)"},{"description":"Left Blank","count":73,"tested":698,"color":"rgb(44,160,44)"}],"gender":[{"description":"Female","count":69,"tested":739,"color":"rgb(255,127,14)"},{"description":"Male","count":80,"tested":630,"color":"rgb(31,119,180)"}]}
