{"age":[{"age_group":"<20","count":780,"tested":6379},{"age_group":"20-29   ","count":1004,"tested":12914},{"age_group":"30-39   ","count":890,"tested":12053},{"age_group":"40-49   ","count":935,"tested":11867},{"age_group":"50-59   ","count":834,"tested":14092},{"age_group":"60-69   ","count":573,"tested":10826},{"age_group":"70-79   ","count":291,"tested":5672},{"age_group":"80+","count":184,"tested":4499}],"race":[{"description":"Black","count":1744,"tested":24221,"color":"rgb(255,127,14)"},{"description":"Asian","count":13,"tested":184,"color":"rgb(140,86,75)"},{"description":"AI/AN**","count":37,"tested":230,"color":"rgb(31,119,180)"},{"description":"Other","count":186,"tested":2217,"color":"rgb(148,103,189)"},{"description":"White","count":671,"tested":9310,"color":"rgb(31,119,180)"},{"description":"Left Blank","count":1903,"tested":36960,"color":"rgb(44,160,44)"},{"description":"Hispanic","count":936,"tested":5129,"color":"rgb(214,39,40)"}],"gender":[{"description":"Male","count":2453,"tested":32912,"color":"rgb(31,119,180)"},{"description":"Unknown/Left Blank","count":45,"tested":1192,"color":"rgb(44,160,44)"},{"description":"Female","count":2994,"tested":44225,"color":"rgb(255,127,14)"}]}
