{"age":[{"age_group":"<20","count":452,"tested":4820},{"age_group":"20-29   ","count":677,"tested":6807},{"age_group":"30-39   ","count":515,"tested":5782},{"age_group":"40-49   ","count":488,"tested":5661},{"age_group":"50-59   ","count":466,"tested":5697},{"age_group":"60-69   ","count":438,"tested":6221},{"age_group":"70-79   ","count":234,"tested":3866},{"age_group":"80+","count":226,"tested":6546}],"race":[{"description":"Left Blank","count":1620,"tested":24940,"color":"rgb(44,160,44)"},{"description":"Hispanic","count":253,"tested":1389,"color":"rgb(214,39,40)"},{"description":"Other","count":99,"tested":1081,"color":"rgb(148,103,189)"},{"description":"Black","count":388,"tested":4878,"color":"rgb(255,127,14)"},{"description":"Asian","count":75,"tested":368,"color":"rgb(140,86,75)"},{"description":"White","count":1056,"tested":12746,"color":"rgb(31,119,180)"}],"gender":[{"description":"Male","count":1611,"tested":16666,"color":"rgb(31,119,180)"},{"description":"Female","count":1868,"tested":27918,"color":"rgb(255,127,14)"},{"description":"Unknown/Left Blank","count":17,"tested":855,"color":"rgb(44,160,44)"}]}
