{"age":[{"age_group":"<20","count":407,"tested":4611},{"age_group":"20-29   ","count":467,"tested":6739},{"age_group":"30-39   ","count":481,"tested":6872},{"age_group":"40-49   ","count":498,"tested":6603},{"age_group":"50-59   ","count":513,"tested":6721},{"age_group":"60-69   ","count":340,"tested":5417},{"age_group":"70-79   ","count":187,"tested":3333},{"age_group":"80+","count":135,"tested":2742}],"race":[{"description":"Other","count":99,"tested":928,"color":"rgb(148,103,189)"},{"description":"Black","count":70,"tested":952,"color":"rgb(255,127,14)"},{"description":"White","count":1223,"tested":12124,"color":"rgb(31,119,180)"},{"description":"Asian","count":247,"tested":3246,"color":"rgb(140,86,75)"},{"description":"Left Blank","count":1082,"tested":23628,"color":"rgb(44,160,44)"},{"description":"Hispanic","count":296,"tested":2043,"color":"rgb(214,39,40)"},{"description":"AI/AN**","count":10,"tested":45,"color":"rgb(31,119,180)"}],"gender":[{"description":"Male","count":1426,"tested":16774,"color":"rgb(31,119,180)"},{"description":"Unknown/Left Blank","count":11,"tested":668,"color":"rgb(44,160,44)"},{"description":"Female","count":1592,"tested":25621,"color":"rgb(255,127,14)"}]}
