{"age":[{"age_group":"<20","count":183,"tested":1239},{"age_group":"20-29   ","count":190,"tested":1715},{"age_group":"30-39   ","count":224,"tested":1870},{"age_group":"40-49   ","count":151,"tested":1407},{"age_group":"50-59   ","count":169,"tested":1646},{"age_group":"60-69   ","count":147,"tested":1370},{"age_group":"70-79   ","count":35,"tested":593},{"age_group":"80+","count":24,"tested":418}],"race":[{"description":"White","count":484,"tested":4358,"color":"rgb(31,119,180)"},{"description":"Other","count":48,"tested":527,"color":"rgb(148,103,189)"},{"description":"Left Blank","count":213,"tested":2762,"color":"rgb(44,160,44)"},{"description":"Black","count":18,"tested":135,"color":"rgb(255,127,14)"},{"description":"Asian","count":21,"tested":191,"color":"rgb(140,86,75)"},{"description":"Hispanic","count":337,"tested":2260,"color":"rgb(214,39,40)"}],"gender":[{"description":"Male","count":541,"tested":4604,"color":"rgb(31,119,180)"},{"description":"Female","count":581,"tested":5536,"color":"rgb(255,127,14)"}]}
