{"age":[{"age_group":"<20","count":327,"tested":6377},{"age_group":"20-29   ","count":342,"tested":7245},{"age_group":"30-39   ","count":286,"tested":7001},{"age_group":"40-49   ","count":280,"tested":6803},{"age_group":"50-59   ","count":277,"tested":6831},{"age_group":"60-69   ","count":193,"tested":5354},{"age_group":"70-79   ","count":123,"tested":3887},{"age_group":"80+","count":104,"tested":3074}],"race":[{"description":"Other","count":106,"tested":2114,"color":"rgb(148,103,189)"},{"description":"Left Blank","count":393,"tested":18252,"color":"rgb(44,160,44)"},{"description":"Black","count":422,"tested":5540,"color":"rgb(255,127,14)"},{"description":"Asian","count":47,"tested":1263,"color":"rgb(140,86,75)"},{"description":"Hispanic","count":167,"tested":1936,"color":"rgb(214,39,40)"},{"description":"White","count":794,"tested":17446,"color":"rgb(31,119,180)"}],"gender":[{"description":"Male","count":901,"tested":18847,"color":"rgb(31,119,180)"},{"description":"Unknown/Left Blank","count":37,"tested":1307,"color":"rgb(44,160,44)"},{"description":"Female","count":994,"tested":26438,"color":"rgb(255,127,14)"}]}
