{"age":[{"age_group":"<20","count":165,"tested":1128},{"age_group":"20-29   ","count":250,"tested":2408},{"age_group":"30-39   ","count":207,"tested":2174},{"age_group":"40-49   ","count":187,"tested":1889},{"age_group":"50-59   ","count":179,"tested":2193},{"age_group":"60-69   ","count":148,"tested":1825},{"age_group":"70-79   ","count":58,"tested":993},{"age_group":"80+","count":30,"tested":407}],"race":[{"description":"White","count":438,"tested":3844,"color":"rgb(31,119,180)"},{"description":"Asian","count":24,"tested":233,"color":"rgb(140,86,75)"},{"description":"Hispanic","count":142,"tested":708,"color":"rgb(214,39,40)"},{"description":"Left Blank","count":510,"tested":7272,"color":"rgb(44,160,44)"},{"description":"Other","count":82,"tested":648,"color":"rgb(148,103,189)"},{"description":"Black","count":27,"tested":303,"color":"rgb(255,127,14)"}],"gender":[{"description":"Male","count":595,"tested":5399,"color":"rgb(31,119,180)"},{"description":"Female","count":624,"tested":6987,"color":"rgb(255,127,14)"}]}
