{"age":[{"age_group":"<20","count":411,"tested":3252},{"age_group":"20-29   ","count":488,"tested":5350},{"age_group":"30-39   ","count":402,"tested":4626},{"age_group":"40-49   ","count":425,"tested":4483},{"age_group":"50-59   ","count":367,"tested":5027},{"age_group":"60-69   ","count":232,"tested":3795},{"age_group":"70-79   ","count":144,"tested":1945},{"age_group":"80+","count":84,"tested":895}],"race":[{"description":"Hispanic","count":523,"tested":2404,"color":"rgb(214,39,40)"},{"description":"AI/AN**","count":12,"tested":58,"color":"rgb(31,119,180)"},{"description":"Left Blank","count":942,"tested":10941,"color":"rgb(44,160,44)"},{"description":"Other","count":87,"tested":586,"color":"rgb(148,103,189)"},{"description":"Black","count":920,"tested":14045,"color":"rgb(255,127,14)"},{"description":"Asian","count":20,"tested":188,"color":"rgb(140,86,75)"},{"description":"White","count":49,"tested":1153,"color":"rgb(31,119,180)"}],"gender":[{"description":"Unknown/Left Blank","count":25,"tested":569,"color":"rgb(44,160,44)"},{"description":"Female","count":1333,"tested":16743,"color":"rgb(255,127,14)"},{"description":"Male","count":1195,"tested":12080,"color":"rgb(31,119,180)"}]}
