{"age":[{"age_group":"<20","count":266,"tested":2133},{"age_group":"20-29   ","count":282,"tested":3642},{"age_group":"30-39   ","count":277,"tested":3657},{"age_group":"40-49   ","count":291,"tested":4110},{"age_group":"50-59   ","count":284,"tested":4326},{"age_group":"60-69   ","count":203,"tested":4097},{"age_group":"70-79   ","count":77,"tested":1435},{"age_group":"80+","count":48,"tested":730}],"race":[{"description":"Black","count":220,"tested":3751,"color":"rgb(255,127,14)"},{"description":"Left Blank","count":593,"tested":12150,"color":"rgb(44,160,44)"},{"description":"Asian","count":13,"tested":214,"color":"rgb(140,86,75)"},{"description":"White","count":244,"tested":3494,"color":"rgb(31,119,180)"},{"description":"Hispanic","count":609,"tested":4055,"color":"rgb(214,39,40)"},{"description":"Other","count":48,"tested":432,"color":"rgb(148,103,189)"}],"gender":[{"description":"Female","count":893,"tested":13572,"color":"rgb(255,127,14)"},{"description":"Male","count":806,"tested":10072,"color":"rgb(31,119,180)"},{"description":"Unknown/Left Blank","count":29,"tested":499,"color":"rgb(44,160,44)"}]}
