{"age":[{"age_group":"<20","count":2196,"tested":13041},{"age_group":"20-29   ","count":2637,"tested":20695},{"age_group":"30-39   ","count":2330,"tested":15215},{"age_group":"40-49   ","count":2274,"tested":13508},{"age_group":"50-59   ","count":1854,"tested":11619},{"age_group":"60-69   ","count":969,"tested":7684},{"age_group":"70-79   ","count":374,"tested":3408},{"age_group":"80+","count":200,"tested":1605}],"race":[{"description":"Other","count":496,"tested":4734,"color":"rgb(148,103,189)"},{"description":"Left Blank","count":2457,"tested":34337,"color":"rgb(44,160,44)"},{"description":"Asian","count":123,"tested":1536,"color":"rgb(140,86,75)"},{"description":"White","count":650,"tested":7044,"color":"rgb(31,119,180)"},{"description":"Hispanic","count":8924,"tested":37404,"color":"rgb(214,39,40)"},{"description":"Black","count":173,"tested":1615,"color":"rgb(255,127,14)"},{"description":"AI/AN**","count":9,"tested":68,"color":"rgb(31,119,180)"}],"gender":[{"description":"Unknown/Left Blank","count":104,"tested":1169,"color":"rgb(44,160,44)"},{"description":"Male","count":6210,"tested":38782,"color":"rgb(31,119,180)"},{"description":"Female","count":6520,"tested":46847,"color":"rgb(255,127,14)"}]}
