{"age":[{"age_group":"<20","count":365,"tested":3463},{"age_group":"20-29   ","count":463,"tested":5144},{"age_group":"30-39   ","count":440,"tested":5106},{"age_group":"40-49   ","count":436,"tested":4005},{"age_group":"50-59   ","count":442,"tested":4911},{"age_group":"60-69   ","count":334,"tested":4064},{"age_group":"70-79   ","count":158,"tested":3370},{"age_group":"80+","count":153,"tested":3831}],"race":[{"description":"Asian","count":29,"tested":342,"color":"rgb(140,86,75)"},{"description":"Black","count":19,"tested":243,"color":"rgb(255,127,14)"},{"description":"White","count":1485,"tested":16666,"color":"rgb(31,119,180)"},{"description":"Other","count":49,"tested":925,"color":"rgb(148,103,189)"},{"description":"Left Blank","count":742,"tested":13454,"color":"rgb(44,160,44)"},{"description":"Hispanic","count":462,"tested":2241,"color":"rgb(214,39,40)"}],"gender":[{"description":"Female","count":1406,"tested":19890,"color":"rgb(255,127,14)"},{"description":"Male","count":1366,"tested":13288,"color":"rgb(31,119,180)"},{"description":"Unknown/Left Blank","count":19,"tested":733,"color":"rgb(44,160,44)"}]}
