{"age":[{"age_group":"<20","count":513,"tested":3918},{"age_group":"20-29   ","count":595,"tested":6921},{"age_group":"30-39   ","count":495,"tested":6154},{"age_group":"40-49   ","count":587,"tested":6428},{"age_group":"50-59   ","count":476,"tested":6646},{"age_group":"60-69   ","count":349,"tested":6085},{"age_group":"70-79   ","count":209,"tested":4334},{"age_group":"80+","count":225,"tested":5789}],"race":[{"description":"AI/AN**","count":9,"tested":91,"color":"rgb(31,119,180)"},{"description":"Black","count":34,"tested":522,"color":"rgb(255,127,14)"},{"description":"Asian","count":209,"tested":2246,"color":"rgb(140,86,75)"},{"description":"Hispanic","count":1172,"tested":6479,"color":"rgb(214,39,40)"},{"description":"White","count":899,"tested":9859,"color":"rgb(31,119,180)"},{"description":"Other","count":180,"tested":1344,"color":"rgb(148,103,189)"},{"description":"Left Blank","count":941,"tested":25932,"color":"rgb(44,160,44)"}],"gender":[{"description":"Female","count":1764,"tested":27136,"color":"rgb(255,127,14)"},{"description":"Male","count":1661,"tested":18235,"color":"rgb(31,119,180)"},{"description":"Unknown/Left Blank","count":24,"tested":1237,"color":"rgb(44,160,44)"}]}
