{"age":[{"age_group":"<20","count":145,"tested":1546},{"age_group":"20-29   ","count":117,"tested":2030},{"age_group":"30-39   ","count":98,"tested":1429},{"age_group":"40-49   ","count":128,"tested":1899},{"age_group":"50-59   ","count":148,"tested":1973},{"age_group":"60-69   ","count":97,"tested":1716},{"age_group":"70-79   ","count":65,"tested":1399},{"age_group":"80+","count":133,"tested":2975}],"race":[{"description":"Hispanic","count":32,"tested":168,"color":"rgb(214,39,40)"},{"description":"White","count":603,"tested":6124,"color":"rgb(31,119,180)"},{"description":"Left Blank","count":254,"tested":8293,"color":"rgb(44,160,44)"},{"description":"Asian","count":16,"tested":150,"color":"rgb(140,86,75)"},{"description":"Other","count":21,"tested":150,"color":"rgb(148,103,189)"}],"gender":[{"description":"Female","count":497,"tested":9306,"color":"rgb(255,127,14)"},{"description":"Unknown/Left Blank","count":11,"tested":474,"color":"rgb(44,160,44)"},{"description":"Male","count":423,"tested":5187,"color":"rgb(31,119,180)"}]}
