{"age":[{"age_group":"<20","count":228,"tested":1476},{"age_group":"20-29   ","count":332,"tested":2946},{"age_group":"30-39   ","count":265,"tested":2962},{"age_group":"40-49   ","count":234,"tested":3070},{"age_group":"50-59   ","count":264,"tested":3646},{"age_group":"60-69   ","count":221,"tested":3368},{"age_group":"70-79   ","count":123,"tested":2237},{"age_group":"80+","count":88,"tested":1341}],"race":[{"description":"Black","count":59,"tested":2109,"color":"rgb(255,127,14)"},{"description":"Asian","count":32,"tested":336,"color":"rgb(140,86,75)"},{"description":"White","count":601,"tested":6612,"color":"rgb(31,119,180)"},{"description":"Hispanic","count":291,"tested":1611,"color":"rgb(214,39,40)"},{"description":"Other","count":147,"tested":912,"color":"rgb(148,103,189)"},{"description":"Left Blank","count":619,"tested":9470,"color":"rgb(44,160,44)"}],"gender":[{"description":"Male","count":820,"tested":9789,"color":"rgb(31,119,180)"},{"description":"Unknown/Left Blank","count":11,"tested":190,"color":"rgb(44,160,44)"},{"description":"Female","count":924,"tested":11106,"color":"rgb(255,127,14)"}]}
