{"age":[{"age_group":"<20","count":347,"tested":2615},{"age_group":"20-29   ","count":442,"tested":4183},{"age_group":"30-39   ","count":461,"tested":4003},{"age_group":"40-49   ","count":432,"tested":3871},{"age_group":"50-59   ","count":350,"tested":3560},{"age_group":"60-69   ","count":217,"tested":2906},{"age_group":"70-79   ","count":122,"tested":1684},{"age_group":"80+","count":56,"tested":822}],"race":[{"description":"Hispanic","count":633,"tested":3089,"color":"rgb(214,39,40)"},{"description":"Left Blank","count":554,"tested":7570,"color":"rgb(44,160,44)"},{"description":"White","count":155,"tested":1429,"color":"rgb(31,119,180)"},{"description":"Black","count":966,"tested":10176,"color":"rgb(255,127,14)"},{"description":"Other","count":114,"tested":1223,"color":"rgb(148,103,189)"}],"gender":[{"description":"Male","count":1098,"tested":9932,"color":"rgb(31,119,180)"},{"description":"Unknown/Left Blank","count":49,"tested":594,"color":"rgb(44,160,44)"},{"description":"Female","count":1280,"tested":13124,"color":"rgb(255,127,14)"}]}
