{"age":[{"age_group":"<20","count":788,"tested":5874},{"age_group":"20-29   ","count":1059,"tested":10395},{"age_group":"30-39   ","count":937,"tested":10963},{"age_group":"40-49   ","count":824,"tested":9518},{"age_group":"50-59   ","count":841,"tested":10742},{"age_group":"60-69   ","count":587,"tested":10192},{"age_group":"70-79   ","count":346,"tested":5992},{"age_group":"80+","count":293,"tested":5563}],"race":[{"description":"Asian","count":68,"tested":1415,"color":"rgb(140,86,75)"},{"description":"Hispanic","count":941,"tested":6010,"color":"rgb(214,39,40)"},{"description":"Black","count":379,"tested":8486,"color":"rgb(255,127,14)"},{"description":"White","count":1777,"tested":19957,"color":"rgb(31,119,180)"},{"description":"Other","count":324,"tested":2325,"color":"rgb(148,103,189)"},{"description":"Left Blank","count":2173,"tested":30947,"color":"rgb(44,160,44)"},{"description":"AI/AN**","count":8,"tested":59,"color":"rgb(31,119,180)"},{"description":"NH/PI*","count":8,"tested":55,"color":"rgb(127,127,127)"}],"gender":[{"description":"Male","count":2633,"tested":27849,"color":"rgb(31,119,180)"},{"description":"Unknown/Left Blank","count":50,"tested":1243,"color":"rgb(44,160,44)"},{"description":"Female","count":2995,"tested":40162,"color":"rgb(255,127,14)"}]}
