{"age":[{"age_group":"<20","count":353,"tested":3125},{"age_group":"20-29   ","count":465,"tested":5174},{"age_group":"30-39   ","count":373,"tested":4885},{"age_group":"40-49   ","count":453,"tested":4359},{"age_group":"50-59   ","count":454,"tested":5268},{"age_group":"60-69   ","count":382,"tested":4846},{"age_group":"70-79   ","count":202,"tested":2857},{"age_group":"80+","count":184,"tested":3713}],"race":[{"description":"White","count":1355,"tested":11338,"color":"rgb(31,119,180)"},{"description":"Other","count":110,"tested":835,"color":"rgb(148,103,189)"},{"description":"Left Blank","count":889,"tested":18024,"color":"rgb(44,160,44)"},{"description":"Black","count":31,"tested":470,"color":"rgb(255,127,14)"},{"description":"Asian","count":154,"tested":1689,"color":"rgb(140,86,75)"},{"description":"Hispanic","count":317,"tested":1818,"color":"rgb(214,39,40)"},{"description":"NH/PI*","count":6,"tested":47,"color":"rgb(127,127,127)"}],"gender":[{"description":"Female","count":1463,"tested":19539,"color":"rgb(255,127,14)"},{"description":"Unknown/Left Blank","count":14,"tested":559,"color":"rgb(44,160,44)"},{"description":"Male","count":1389,"tested":14151,"color":"rgb(31,119,180)"}]}
