{"age":[{"age_group":"<20","count":32,"tested":402},{"age_group":"20-29   ","count":23,"tested":301},{"age_group":"30-39   ","count":26,"tested":279},{"age_group":"40-49   ","count":34,"tested":242},{"age_group":"50-59   ","count":40,"tested":416},{"age_group":"60-69   ","count":32,"tested":312},{"age_group":"70-79   ","count":19,"tested":191},{"age_group":"80+","count":44,"tested":141}],"race":[{"description":"White","count":224,"tested":1403,"color":"rgb(31,119,180)"},{"description":"Left Blank","count":13,"tested":778,"color":"rgb(44,160,44)"},{"description":"Hispanic","count":7,"tested":38,"color":"rgb(214,39,40)"}],"gender":[{"description":"Male","count":111,"tested":878,"color":"rgb(31,119,180)"},{"description":"Female","count":139,"tested":1385,"color":"rgb(255,127,14)"}]}
