{"age":[{"age_group":"<20","count":380,"tested":4970},{"age_group":"20-29   ","count":472,"tested":5811},{"age_group":"30-39   ","count":400,"tested":4943},{"age_group":"40-49   ","count":380,"tested":4112},{"age_group":"50-59   ","count":362,"tested":4808},{"age_group":"60-69   ","count":253,"tested":3630},{"age_group":"70-79   ","count":137,"tested":1656},{"age_group":"80+","count":89,"tested":1674}],"race":[{"description":"Black","count":138,"tested":1289,"color":"rgb(255,127,14)"},{"description":"Asian","count":49,"tested":601,"color":"rgb(140,86,75)"},{"description":"Hispanic","count":222,"tested":1256,"color":"rgb(214,39,40)"},{"description":"White","count":1773,"tested":13303,"color":"rgb(31,119,180)"},{"description":"Other","count":24,"tested":422,"color":"rgb(148,103,189)"},{"description":"Left Blank","count":265,"tested":14523,"color":"rgb(44,160,44)"}],"gender":[{"description":"Male","count":1119,"tested":12009,"color":"rgb(31,119,180)"},{"description":"Unknown/Left Blank","count":12,"tested":527,"color":"rgb(44,160,44)"},{"description":"Female","count":1343,"tested":19070,"color":"rgb(255,127,14)"}]}
