{"age":[{"age_group":"<20","count":17,"tested":293},{"age_group":"20-29   ","count":280,"tested":4730},{"age_group":"30-39   ","count":246,"tested":4595},{"age_group":"40-49   ","count":43,"tested":1006},{"age_group":"50-59   ","count":27,"tested":577},{"age_group":"60-69   ","count":19,"tested":313}],"race":[{"description":"Other","count":37,"tested":685,"color":"rgb(148,103,189)"},{"description":"White","count":234,"tested":3479,"color":"rgb(31,119,180)"},{"description":"Asian","count":51,"tested":1111,"color":"rgb(140,86,75)"},{"description":"Black","count":23,"tested":348,"color":"rgb(255,127,14)"},{"description":"Left Blank","count":255,"tested":5678,"color":"rgb(44,160,44)"},{"description":"Hispanic","count":33,"tested":336,"color":"rgb(214,39,40)"}],"gender":[{"description":"Unknown/Left Blank","count":21,"tested":112,"color":"rgb(44,160,44)"},{"description":"Female","count":287,"tested":5943,"color":"rgb(255,127,14)"},{"description":"Male","count":327,"tested":5609,"color":"rgb(31,119,180)"}]}
