{"age":[{"age_group":"<20","count":756,"tested":4394},{"age_group":"20-29   ","count":829,"tested":6596},{"age_group":"30-39   ","count":750,"tested":5806},{"age_group":"40-49   ","count":822,"tested":5860},{"age_group":"50-59   ","count":672,"tested":5804},{"age_group":"60-69   ","count":396,"tested":4386},{"age_group":"70-79   ","count":182,"tested":1740},{"age_group":"80+","count":147,"tested":1291}],"race":[{"description":"Hispanic","count":1880,"tested":8044,"color":"rgb(214,39,40)"},{"description":"Asian","count":7,"tested":113,"color":"rgb(140,86,75)"},{"description":"Black","count":862,"tested":8185,"color":"rgb(255,127,14)"},{"description":"White","count":270,"tested":2590,"color":"rgb(31,119,180)"},{"description":"Left Blank","count":1382,"tested":15658,"color":"rgb(44,160,44)"},{"description":"Other","count":145,"tested":1181,"color":"rgb(148,103,189)"},{"description":"AI/AN**","count":9,"tested":23,"color":"rgb(31,119,180)"}],"gender":[{"description":"Female","count":2375,"tested":20576,"color":"rgb(255,127,14)"},{"description":"Male","count":2128,"tested":14553,"color":"rgb(31,119,180)"},{"description":"Unknown/Left Blank","count":52,"tested":762,"color":"rgb(44,160,44)"}]}
