{"age":[{"age_group":"<20","count":198,"tested":2722},{"age_group":"20-29   ","count":346,"tested":4255},{"age_group":"30-39   ","count":255,"tested":3926},{"age_group":"40-49   ","count":219,"tested":2866},{"age_group":"50-59   ","count":232,"tested":3345},{"age_group":"60-69   ","count":132,"tested":2926},{"age_group":"70-79   ","count":77,"tested":1799},{"age_group":"80+","count":90,"tested":3979}],"race":[{"description":"White","count":793,"tested":8281,"color":"rgb(31,119,180)"},{"description":"Asian","count":75,"tested":1043,"color":"rgb(140,86,75)"},{"description":"Black","count":90,"tested":796,"color":"rgb(255,127,14)"},{"description":"Other","count":57,"tested":712,"color":"rgb(148,103,189)"},{"description":"Left Blank","count":363,"tested":14219,"color":"rgb(44,160,44)"},{"description":"Hispanic","count":169,"tested":752,"color":"rgb(214,39,40)"}],"gender":[{"description":"Female","count":791,"tested":15123,"color":"rgb(255,127,14)"},{"description":"Male","count":751,"tested":10340,"color":"rgb(31,119,180)"}]}
