{"age":[{"age_group":"<20","count":15,"tested":229},{"age_group":"20-29   ","count":57,"tested":793},{"age_group":"30-39   ","count":38,"tested":673},{"age_group":"40-49   ","count":19,"tested":402},{"age_group":"50-59   ","count":18,"tested":388},{"age_group":"60-69   ","count":7,"tested":245},{"age_group":"70-79   ","count":7,"tested":209}],"race":[{"description":"Hispanic","count":16,"tested":137,"color":"rgb(214,39,40)"},{"description":"Asian","count":11,"tested":116,"color":"rgb(140,86,75)"},{"description":"Black","count":27,"tested":379,"color":"rgb(255,127,14)"},{"description":"Left Blank","count":46,"tested":1225,"color":"rgb(44,160,44)"},{"description":"Other","count":9,"tested":187,"color":"rgb(148,103,189)"},{"description":"White","count":54,"tested":950,"color":"rgb(31,119,180)"}],"gender":[{"description":"Female","count":83,"tested":1619,"color":"rgb(255,127,14)"},{"description":"Male","count":80,"tested":1266,"color":"rgb(31,119,180)"}]}
