{"age":[{"age_group":"<20","count":314,"tested":4964},{"age_group":"20-29   ","count":338,"tested":6650},{"age_group":"30-39   ","count":247,"tested":3848},{"age_group":"40-49   ","count":226,"tested":3525},{"age_group":"50-59   ","count":282,"tested":4682},{"age_group":"60-69   ","count":207,"tested":5823},{"age_group":"70-79   ","count":88,"tested":3699},{"age_group":"80+","count":109,"tested":5846}],"race":[{"description":"White","count":1001,"tested":12682,"color":"rgb(31,119,180)"},{"description":"Asian","count":80,"tested":735,"color":"rgb(140,86,75)"},{"description":"Hispanic","count":104,"tested":733,"color":"rgb(214,39,40)"},{"description":"Black","count":50,"tested":719,"color":"rgb(255,127,14)"},{"description":"Other","count":62,"tested":640,"color":"rgb(148,103,189)"},{"description":"Left Blank","count":512,"tested":23507,"color":"rgb(44,160,44)"}],"gender":[{"description":"Female","count":898,"tested":21992,"color":"rgb(255,127,14)"},{"description":"Unknown/Left Blank","count":8,"tested":598,"color":"rgb(44,160,44)"},{"description":"Male","count":905,"tested":16460,"color":"rgb(31,119,180)"}]}
