{"age":[{"age_group":"<20","count":61,"tested":460},{"age_group":"20-29   ","count":49,"tested":438},{"age_group":"30-39   ","count":45,"tested":580},{"age_group":"40-49   ","count":45,"tested":322},{"age_group":"50-59   ","count":67,"tested":530},{"age_group":"60-69   ","count":48,"tested":444},{"age_group":"70-79   ","count":19,"tested":438},{"age_group":"80+","count":12,"tested":591}],"race":[{"description":"White","count":276,"tested":2764,"color":"rgb(31,119,180)"},{"description":"Left Blank","count":62,"tested":960,"color":"rgb(44,160,44)"}],"gender":[{"description":"Female","count":178,"tested":2418,"color":"rgb(255,127,14)"},{"description":"Male","count":167,"tested":1341,"color":"rgb(31,119,180)"}]}
