{"age":[{"age_group":"<20","count":381,"tested":3712},{"age_group":"20-29   ","count":509,"tested":5945},{"age_group":"30-39   ","count":378,"tested":4600},{"age_group":"40-49   ","count":362,"tested":4374},{"age_group":"50-59   ","count":454,"tested":5819},{"age_group":"60-69   ","count":278,"tested":4625},{"age_group":"70-79   ","count":111,"tested":2041},{"age_group":"80+","count":115,"tested":1704}],"race":[{"description":"Other","count":197,"tested":1463,"color":"rgb(148,103,189)"},{"description":"White","count":924,"tested":12963,"color":"rgb(31,119,180)"},{"description":"Left Blank","count":601,"tested":10751,"color":"rgb(44,160,44)"},{"description":"Asian","count":110,"tested":1817,"color":"rgb(140,86,75)"},{"description":"Hispanic","count":556,"tested":3456,"color":"rgb(214,39,40)"},{"description":"Black","count":181,"tested":2145,"color":"rgb(255,127,14)"},{"description":"NH/PI*","count":15,"tested":197,"color":"rgb(127,127,127)"}],"gender":[{"description":"Female","count":1357,"tested":18542,"color":"rgb(255,127,14)"},{"description":"Male","count":1189,"tested":13896,"color":"rgb(31,119,180)"},{"description":"Unknown/Left Blank","count":42,"tested":386,"color":"rgb(44,160,44)"}]}
