{"age":[{"age_group":"<20","count":31,"tested":385},{"age_group":"20-29   ","count":19,"tested":203},{"age_group":"30-39   ","count":13,"tested":164},{"age_group":"40-49   ","count":22,"tested":237},{"age_group":"50-59   ","count":17,"tested":225},{"age_group":"60-69   ","count":18,"tested":229},{"age_group":"70-79   ","count":13,"tested":190}],"race":[{"description":"Left Blank","count":26,"tested":382,"color":"rgb(44,160,44)"},{"description":"White","count":105,"tested":1275,"color":"rgb(31,119,180)"}],"gender":[{"description":"Male","count":64,"tested":712,"color":"rgb(31,119,180)"},{"description":"Female","count":65,"tested":1011,"color":"rgb(255,127,14)"}]}
