{"age":[{"age_group":"<20","count":225,"tested":1687},{"age_group":"20-29   ","count":221,"tested":2071},{"age_group":"30-39   ","count":236,"tested":1789},{"age_group":"40-49   ","count":263,"tested":2078},{"age_group":"50-59   ","count":264,"tested":2326},{"age_group":"60-69   ","count":181,"tested":1804},{"age_group":"70-79   ","count":88,"tested":863},{"age_group":"80+","count":20,"tested":373}],"race":[{"description":"Hispanic","count":88,"tested":510,"color":"rgb(214,39,40)"},{"description":"White","count":574,"tested":5812,"color":"rgb(31,119,180)"},{"description":"Left Blank","count":699,"tested":5700,"color":"rgb(44,160,44)"},{"description":"Other","count":106,"tested":651,"color":"rgb(148,103,189)"},{"description":"Black","count":17,"tested":140,"color":"rgb(255,127,14)"},{"description":"Asian","count":12,"tested":158,"color":"rgb(140,86,75)"}],"gender":[{"description":"Female","count":760,"tested":7154,"color":"rgb(255,127,14)"},{"description":"Male","count":721,"tested":5716,"color":"rgb(31,119,180)"}]}
