{"age":[{"age_group":"<20","count":258,"tested":2280},{"age_group":"20-29   ","count":358,"tested":4087},{"age_group":"30-39   ","count":404,"tested":4252},{"age_group":"40-49   ","count":377,"tested":4137},{"age_group":"50-59   ","count":298,"tested":3815},{"age_group":"60-69   ","count":217,"tested":3199},{"age_group":"70-79   ","count":119,"tested":2079},{"age_group":"80+","count":89,"tested":2005}],"race":[{"description":"Left Blank","count":1008,"tested":18005,"color":"rgb(44,160,44)"},{"description":"White","count":543,"tested":6450,"color":"rgb(31,119,180)"},{"description":"Hispanic","count":254,"tested":1136,"color":"rgb(214,39,40)"},{"description":"Other","count":50,"tested":412,"color":"rgb(148,103,189)"},{"description":"Black","count":232,"tested":1181,"color":"rgb(255,127,14)"},{"description":"Asian","count":32,"tested":189,"color":"rgb(140,86,75)"}],"gender":[{"description":"Unknown/Left Blank","count":17,"tested":5161,"color":"rgb(44,160,44)"},{"description":"Female","count":953,"tested":13475,"color":"rgb(255,127,14)"},{"description":"Male","count":1150,"tested":8759,"color":"rgb(31,119,180)"}]}
