{"age":[{"age_group":"<20","count":82,"tested":752},{"age_group":"20-29   ","count":117,"tested":1011},{"age_group":"30-39   ","count":101,"tested":880},{"age_group":"40-49   ","count":87,"tested":915},{"age_group":"50-59   ","count":95,"tested":1143},{"age_group":"60-69   ","count":81,"tested":905},{"age_group":"70-79   ","count":29,"tested":369},{"age_group":"80+","count":11,"tested":205}],"race":[{"description":"Black","count":8,"tested":76,"color":"rgb(255,127,14)"},{"description":"Hispanic","count":100,"tested":617,"color":"rgb(214,39,40)"},{"description":"Left Blank","count":224,"tested":2269,"color":"rgb(44,160,44)"},{"description":"Other","count":27,"tested":207,"color":"rgb(148,103,189)"},{"description":"White","count":241,"tested":2975,"color":"rgb(31,119,180)"}],"gender":[{"description":"Male","count":279,"tested":2492,"color":"rgb(31,119,180)"},{"description":"Female","count":318,"tested":3637,"color":"rgb(255,127,14)"}]}
