{"age":[{"age_group":"<20","count":24,"tested":215},{"age_group":"20-29   ","count":21,"tested":260},{"age_group":"30-39   ","count":20,"tested":286},{"age_group":"40-49   ","count":31,"tested":185},{"age_group":"50-59   ","count":19,"tested":291},{"age_group":"60-69   ","count":22,"tested":301},{"age_group":"70-79   ","count":8,"tested":126}],"race":[{"description":"Left Blank","count":26,"tested":466,"color":"rgb(44,160,44)"},{"description":"White","count":113,"tested":1174,"color":"rgb(31,119,180)"}],"gender":[{"description":"Female","count":85,"tested":1152,"color":"rgb(255,127,14)"},{"description":"Male","count":61,"tested":527,"color":"rgb(31,119,180)"}]}
