{"age":[{"age_group":"<20","count":38,"tested":405},{"age_group":"20-29   ","count":48,"tested":450},{"age_group":"30-39   ","count":40,"tested":501},{"age_group":"40-49   ","count":34,"tested":381},{"age_group":"50-59   ","count":55,"tested":565},{"age_group":"60-69   ","count":44,"tested":443},{"age_group":"70-79   ","count":8,"tested":265}],"race":[{"description":"Hispanic","count":23,"tested":113,"color":"rgb(214,39,40)"},{"description":"White","count":133,"tested":2004,"color":"rgb(31,119,180)"},{"description":"Left Blank","count":106,"tested":1287,"color":"rgb(44,160,44)"}],"gender":[{"description":"Male","count":122,"tested":1469,"color":"rgb(31,119,180)"},{"description":"Female","count":143,"tested":1991,"color":"rgb(255,127,14)"}]}
