{"age":[{"age_group":"20-29   ","count":16,"tested":335},{"age_group":"30-39   ","count":13,"tested":379},{"age_group":"40-49   ","count":12,"tested":159},{"age_group":"50-59   ","count":7,"tested":184}],"race":[{"description":"White","count":15,"tested":464,"color":"rgb(31,119,180)"},{"description":"Left Blank","count":27,"tested":517,"color":"rgb(44,160,44)"}],"gender":[{"description":"Male","count":31,"tested":761,"color":"rgb(31,119,180)"},{"description":"Female","count":27,"tested":597,"color":"rgb(255,127,14)"}]}
