{"age":[{"age_group":"<20","count":628,"tested":4173},{"age_group":"20-29   ","count":793,"tested":6653},{"age_group":"30-39   ","count":620,"tested":5104},{"age_group":"40-49   ","count":735,"tested":5894},{"age_group":"50-59   ","count":606,"tested":5684},{"age_group":"60-69   ","count":298,"tested":3011},{"age_group":"70-79   ","count":149,"tested":1907},{"age_group":"80+","count":84,"tested":1099}],"race":[{"description":"Hispanic","count":1144,"tested":5138,"color":"rgb(214,39,40)"},{"description":"Left Blank","count":1322,"tested":15017,"color":"rgb(44,160,44)"},{"description":"White","count":849,"tested":8143,"color":"rgb(31,119,180)"},{"description":"Asian","count":122,"tested":1041,"color":"rgb(140,86,75)"},{"description":"Black","count":290,"tested":2591,"color":"rgb(255,127,14)"},{"description":"NH/PI*","count":6,"tested":51,"color":"rgb(127,127,127)"},{"description":"Other","count":175,"tested":1510,"color":"rgb(148,103,189)"}],"gender":[{"description":"Unknown/Left Blank","count":21,"tested":526,"color":"rgb(44,160,44)"},{"description":"Male","count":1806,"tested":13884,"color":"rgb(31,119,180)"},{"description":"Female","count":2087,"tested":19123,"color":"rgb(255,127,14)"}]}
