{"age":[{"age_group":"<20","count":11,"tested":119},{"age_group":"20-29   ","count":12,"tested":182},{"age_group":"30-39   ","count":16,"tested":176},{"age_group":"40-49   ","count":9,"tested":125},{"age_group":"50-59   ","count":8,"tested":138},{"age_group":"60-69   ","count":18,"tested":158},{"age_group":"70-79   ","count":14,"tested":106},{"age_group":"80+","count":26,"tested":119}],"race":[{"description":"Left Blank","count":46,"tested":566,"color":"rgb(44,160,44)"},{"description":"White","count":63,"tested":516,"color":"rgb(31,119,180)"}],"gender":[{"description":"Male","count":46,"tested":425,"color":"rgb(31,119,180)"},{"description":"Female","count":68,"tested":695,"color":"rgb(255,127,14)"}]}
