{"age":[{"age_group":"<20","count":248,"tested":2051},{"age_group":"20-29   ","count":397,"tested":3224},{"age_group":"30-39   ","count":215,"tested":1966},{"age_group":"40-49   ","count":258,"tested":2263},{"age_group":"50-59   ","count":369,"tested":3058},{"age_group":"60-69   ","count":292,"tested":2778},{"age_group":"70-79   ","count":146,"tested":2232},{"age_group":"80+","count":141,"tested":3910}],"race":[{"description":"Black","count":31,"tested":338,"color":"rgb(255,127,14)"},{"description":"Hispanic","count":59,"tested":439,"color":"rgb(214,39,40)"},{"description":"Asian","count":61,"tested":455,"color":"rgb(140,86,75)"},{"description":"White","count":955,"tested":8524,"color":"rgb(31,119,180)"},{"description":"Left Blank","count":861,"tested":10990,"color":"rgb(44,160,44)"},{"description":"Other","count":93,"tested":720,"color":"rgb(148,103,189)"}],"gender":[{"description":"Unknown/Left Blank","count":13,"tested":553,"color":"rgb(44,160,44)"},{"description":"Male","count":978,"tested":8841,"color":"rgb(31,119,180)"},{"description":"Female","count":1075,"tested":12092,"color":"rgb(255,127,14)"}]}
