{"age":[{"age_group":"<20","count":639,"tested":4190},{"age_group":"20-29   ","count":956,"tested":8201},{"age_group":"30-39   ","count":804,"tested":8551},{"age_group":"40-49   ","count":727,"tested":7283},{"age_group":"50-59   ","count":754,"tested":8322},{"age_group":"60-69   ","count":515,"tested":7821},{"age_group":"70-79   ","count":301,"tested":4476},{"age_group":"80+","count":260,"tested":4155}],"race":[{"description":"Asian","count":53,"tested":938,"color":"rgb(140,86,75)"},{"description":"Hispanic","count":797,"tested":4300,"color":"rgb(214,39,40)"},{"description":"Black","count":328,"tested":6415,"color":"rgb(255,127,14)"},{"description":"White","count":1423,"tested":14697,"color":"rgb(31,119,180)"},{"description":"Left Blank","count":2077,"tested":24940,"color":"rgb(44,160,44)"},{"description":"Other","count":269,"tested":1635,"color":"rgb(148,103,189)"},{"description":"NH/PI*","count":7,"tested":42,"color":"rgb(127,127,127)"}],"gender":[{"description":"Male","count":2299,"tested":21060,"color":"rgb(31,119,180)"},{"description":"Unknown/Left Blank","count":45,"tested":999,"color":"rgb(44,160,44)"},{"description":"Female","count":2615,"tested":30953,"color":"rgb(255,127,14)"}]}
