{"age":[{"age_group":"<20","count":272,"tested":3542},{"age_group":"20-29   ","count":237,"tested":3824},{"age_group":"30-39   ","count":151,"tested":2800},{"age_group":"40-49   ","count":204,"tested":3342},{"age_group":"50-59   ","count":265,"tested":4040},{"age_group":"60-69   ","count":165,"tested":3592},{"age_group":"70-79   ","count":90,"tested":1882},{"age_group":"80+","count":105,"tested":1822}],"race":[{"description":"Hispanic","count":77,"tested":858,"color":"rgb(214,39,40)"},{"description":"Left Blank","count":381,"tested":9597,"color":"rgb(44,160,44)"},{"description":"White","count":887,"tested":12345,"color":"rgb(31,119,180)"},{"description":"Other","count":78,"tested":893,"color":"rgb(148,103,189)"},{"description":"Black","count":16,"tested":369,"color":"rgb(255,127,14)"},{"description":"Asian","count":47,"tested":688,"color":"rgb(140,86,75)"}],"gender":[{"description":"Female","count":742,"tested":12885,"color":"rgb(255,127,14)"},{"description":"Male","count":714,"tested":10737,"color":"rgb(31,119,180)"},{"description":"Unknown/Left Blank","count":33,"tested":1227,"color":"rgb(44,160,44)"}]}
