{"age":[{"age_group":"<20","count":44,"tested":475},{"age_group":"20-29   ","count":82,"tested":613},{"age_group":"30-39   ","count":69,"tested":654},{"age_group":"40-49   ","count":85,"tested":640},{"age_group":"50-59   ","count":74,"tested":702},{"age_group":"60-69   ","count":47,"tested":691},{"age_group":"70-79   ","count":27,"tested":473},{"age_group":"80+","count":9,"tested":148}],"race":[{"description":"Hispanic","count":25,"tested":266,"color":"rgb(214,39,40)"},{"description":"White","count":172,"tested":1709,"color":"rgb(31,119,180)"},{"description":"Other","count":15,"tested":213,"color":"rgb(148,103,189)"},{"description":"Left Blank","count":218,"tested":2123,"color":"rgb(44,160,44)"}],"gender":[{"description":"Female","count":222,"tested":2261,"color":"rgb(255,127,14)"},{"description":"Male","count":212,"tested":2026,"color":"rgb(31,119,180)"}]}
