{"age":[{"age_group":"<20","count":270,"tested":2490},{"age_group":"20-29   ","count":312,"tested":2966},{"age_group":"30-39   ","count":225,"tested":2671},{"age_group":"40-49   ","count":279,"tested":2419},{"age_group":"50-59   ","count":216,"tested":2633},{"age_group":"60-69   ","count":151,"tested":2194},{"age_group":"70-79   ","count":100,"tested":1596},{"age_group":"80+","count":60,"tested":1021}],"race":[{"description":"AI/AN**","count":6,"tested":14,"color":"rgb(31,119,180)"},{"description":"Hispanic","count":404,"tested":1596,"color":"rgb(214,39,40)"},{"description":"White","count":463,"tested":4975,"color":"rgb(31,119,180)"},{"description":"Black","count":447,"tested":3568,"color":"rgb(255,127,14)"},{"description":"Left Blank","count":262,"tested":7531,"color":"rgb(44,160,44)"},{"description":"Other","count":27,"tested":257,"color":"rgb(148,103,189)"}],"gender":[{"description":"Female","count":885,"tested":10641,"color":"rgb(255,127,14)"},{"description":"Male","count":706,"tested":6682,"color":"rgb(31,119,180)"},{"description":"Unknown/Left Blank","count":23,"tested":668,"color":"rgb(44,160,44)"}]}
