{"age":[{"age_group":"<20","count":500,"tested":9966},{"age_group":"20-29   ","count":504,"tested":12425},{"age_group":"30-39   ","count":344,"tested":6621},{"age_group":"40-49   ","count":298,"tested":6194},{"age_group":"50-59   ","count":414,"tested":8135},{"age_group":"60-69   ","count":278,"tested":9196},{"age_group":"70-79   ","count":117,"tested":5464},{"age_group":"80+","count":142,"tested":10814}],"race":[{"description":"Asian","count":139,"tested":1645,"color":"rgb(140,86,75)"},{"description":"Black","count":81,"tested":1435,"color":"rgb(255,127,14)"},{"description":"Hispanic","count":152,"tested":1885,"color":"rgb(214,39,40)"},{"description":"Left Blank","count":402,"tested":34735,"color":"rgb(44,160,44)"},{"description":"Other","count":80,"tested":1220,"color":"rgb(148,103,189)"},{"description":"White","count":1737,"tested":28463,"color":"rgb(31,119,180)"}],"gender":[]}
