{"age":[{"age_group":"<20","count":210,"tested":2408},{"age_group":"20-29   ","count":222,"tested":4807},{"age_group":"30-39   ","count":193,"tested":4310},{"age_group":"40-49   ","count":214,"tested":4770},{"age_group":"50-59   ","count":284,"tested":5077},{"age_group":"60-69   ","count":238,"tested":5370},{"age_group":"70-79   ","count":137,"tested":3781},{"age_group":"80+","count":156,"tested":6686}],"race":[{"description":"Black","count":379,"tested":8683,"color":"rgb(255,127,14)"},{"description":"Hispanic","count":133,"tested":986,"color":"rgb(214,39,40)"},{"description":"Left Blank","count":553,"tested":16332,"color":"rgb(44,160,44)"},{"description":"Other","count":42,"tested":669,"color":"rgb(148,103,189)"},{"description":"White","count":538,"tested":10352,"color":"rgb(31,119,180)"}],"gender":[]}
