{"age":[{"age_group":"<20","count":12,"tested":161},{"age_group":"20-29   ","count":7,"tested":58},{"age_group":"30-39   ","count":16,"tested":112},{"age_group":"40-49   ","count":10,"tested":60},{"age_group":"50-59   ","count":13,"tested":114},{"age_group":"60-69   ","count":8,"tested":61},{"age_group":"70-79   ","count":7,"tested":48}],"race":[{"description":"Left Blank","count":7,"tested":225,"color":"rgb(44,160,44)"},{"description":"White","count":67,"tested":387,"color":"rgb(31,119,180)"}],"gender":[]}
