{"age":[{"age_group":"<20","count":45,"tested":377},{"age_group":"20-29   ","count":36,"tested":408},{"age_group":"30-39   ","count":26,"tested":350},{"age_group":"40-49   ","count":26,"tested":303},{"age_group":"50-59   ","count":33,"tested":531},{"age_group":"60-69   ","count":46,"tested":541},{"age_group":"70-79   ","count":20,"tested":337},{"age_group":"80+","count":8,"tested":155}],"race":[{"description":"Black","count":9,"tested":37,"color":"rgb(255,127,14)"},{"description":"Hispanic","count":7,"tested":59,"color":"rgb(214,39,40)"},{"description":"Left Blank","count":15,"tested":388,"color":"rgb(44,160,44)"},{"description":"White","count":205,"tested":2468,"color":"rgb(31,119,180)"}],"gender":[]}
