{"age":[{"age_group":"<20","count":375,"tested":6927},{"age_group":"20-29   ","count":862,"tested":21338},{"age_group":"30-39   ","count":872,"tested":20421},{"age_group":"40-49   ","count":574,"tested":13498},{"age_group":"50-59   ","count":544,"tested":13926},{"age_group":"60-69   ","count":418,"tested":13943},{"age_group":"70-79   ","count":203,"tested":7562},{"age_group":"80+","count":172,"tested":4869}],"race":[{"description":"Asian","count":537,"tested":10323,"color":"rgb(140,86,75)"},{"description":"Black","count":1017,"tested":17127,"color":"rgb(255,127,14)"},{"description":"Hispanic","count":457,"tested":4917,"color":"rgb(214,39,40)"},{"description":"Left Blank","count":1170,"tested":52317,"color":"rgb(44,160,44)"},{"description":"Other","count":183,"tested":3711,"color":"rgb(148,103,189)"},{"description":"White","count":647,"tested":13911,"color":"rgb(31,119,180)"}],"gender":[]}
