{"age":[{"age_group":"<20","count":651,"tested":10373},{"age_group":"20-29   ","count":667,"tested":9741},{"age_group":"30-39   ","count":462,"tested":9695},{"age_group":"40-49   ","count":480,"tested":8349},{"age_group":"50-59   ","count":602,"tested":12170},{"age_group":"60-69   ","count":400,"tested":9622},{"age_group":"70-79   ","count":218,"tested":5409},{"age_group":"80+","count":174,"tested":5292}],"race":[{"description":"Asian","count":216,"tested":5915,"color":"rgb(140,86,75)"},{"description":"Black","count":71,"tested":1260,"color":"rgb(255,127,14)"},{"description":"Hispanic","count":374,"tested":4198,"color":"rgb(214,39,40)"},{"description":"Left Blank","count":938,"tested":25767,"color":"rgb(44,160,44)"},{"description":"NH/PI*","count":7,"tested":107,"color":"rgb(127,127,127)"},{"description":"Other","count":129,"tested":1404,"color":"rgb(148,103,189)"},{"description":"White","count":1916,"tested":31954,"color":"rgb(31,119,180)"}],"gender":[]}
