{"age":[{"age_group":"<20","count":1166,"tested":17106},{"age_group":"20-29   ","count":2379,"tested":50659},{"age_group":"30-39   ","count":2178,"tested":55269},{"age_group":"40-49   ","count":1302,"tested":21756},{"age_group":"50-59   ","count":1055,"tested":14856},{"age_group":"60-69   ","count":690,"tested":9660},{"age_group":"70-79   ","count":349,"tested":5187},{"age_group":"80+","count":179,"tested":2424}],"race":[{"description":"AI/AN**","count":11,"tested":235,"color":"rgb(31,119,180)"},{"description":"Asian","count":130,"tested":3904,"color":"rgb(140,86,75)"},{"description":"Black","count":328,"tested":5612,"color":"rgb(255,127,14)"},{"description":"Hispanic","count":3983,"tested":30188,"color":"rgb(214,39,40)"},{"description":"Left Blank","count":2306,"tested":72001,"color":"rgb(44,160,44)"},{"description":"NH/PI*","count":6,"tested":145,"color":"rgb(127,127,127)"},{"description":"Other","count":408,"tested":8918,"color":"rgb(148,103,189)"},{"description":"White","count":2126,"tested":55955,"color":"rgb(31,119,180)"}],"gender":[]}
