{"age":[{"age_group":"<20","count":604,"tested":5932},{"age_group":"20-29   ","count":643,"tested":8066},{"age_group":"30-39   ","count":609,"tested":8462},{"age_group":"40-49   ","count":591,"tested":7352},{"age_group":"50-59   ","count":457,"tested":7655},{"age_group":"60-69   ","count":335,"tested":5887},{"age_group":"70-79   ","count":202,"tested":2721},{"age_group":"80+","count":132,"tested":1449}],"race":[{"description":"Asian","count":6,"tested":75,"color":"rgb(140,86,75)"},{"description":"Black","count":1923,"tested":22990,"color":"rgb(255,127,14)"},{"description":"Hispanic","count":775,"tested":3801,"color":"rgb(214,39,40)"},{"description":"Left Blank","count":728,"tested":18592,"color":"rgb(44,160,44)"},{"description":"Other","count":77,"tested":958,"color":"rgb(148,103,189)"},{"description":"White","count":58,"tested":1019,"color":"rgb(31,119,180)"}],"gender":[]}
