{"age":[{"age_group":"<20","count":407,"tested":4629},{"age_group":"20-29   ","count":547,"tested":9264},{"age_group":"30-39   ","count":562,"tested":10302},{"age_group":"40-49   ","count":528,"tested":11519},{"age_group":"50-59   ","count":559,"tested":13394},{"age_group":"60-69   ","count":567,"tested":14272},{"age_group":"70-79   ","count":347,"tested":8755},{"age_group":"80+","count":503,"tested":12600}],"race":[{"description":"AI/AN**","count":12,"tested":182,"color":"rgb(31,119,180)"},{"description":"Asian","count":460,"tested":8382,"color":"rgb(140,86,75)"},{"description":"Black","count":68,"tested":1291,"color":"rgb(255,127,14)"},{"description":"Hispanic","count":420,"tested":3603,"color":"rgb(214,39,40)"},{"description":"Left Blank","count":1182,"tested":50128,"color":"rgb(44,160,44)"},{"description":"NH/PI*","count":20,"tested":202,"color":"rgb(127,127,127)"},{"description":"Other","count":393,"tested":2901,"color":"rgb(148,103,189)"},{"description":"White","count":1467,"tested":18089,"color":"rgb(31,119,180)"}],"gender":[]}
