{"age":[{"age_group":"<20","count":521,"tested":5597},{"age_group":"20-29   ","count":567,"tested":5500},{"age_group":"30-39   ","count":495,"tested":5639},{"age_group":"40-49   ","count":481,"tested":5159},{"age_group":"50-59   ","count":462,"tested":5471},{"age_group":"60-69   ","count":201,"tested":3072},{"age_group":"70-79   ","count":73,"tested":1697},{"age_group":"80+","count":32,"tested":1189}],"race":[{"description":"Asian","count":100,"tested":1087,"color":"rgb(140,86,75)"},{"description":"Black","count":55,"tested":715,"color":"rgb(255,127,14)"},{"description":"Hispanic","count":420,"tested":2616,"color":"rgb(214,39,40)"},{"description":"Left Blank","count":739,"tested":13743,"color":"rgb(44,160,44)"},{"description":"Other","count":60,"tested":608,"color":"rgb(148,103,189)"},{"description":"White","count":1451,"tested":14444,"color":"rgb(31,119,180)"}],"gender":[]}
