{"age":[{"age_group":"<20","count":548,"tested":10981},{"age_group":"20-29   ","count":258,"tested":5182},{"age_group":"30-39   ","count":176,"tested":3608},{"age_group":"40-49   ","count":218,"tested":4540},{"age_group":"50-59   ","count":267,"tested":5324},{"age_group":"60-69   ","count":140,"tested":3615},{"age_group":"70-79   ","count":71,"tested":2001},{"age_group":"80+","count":46,"tested":1102}],"race":[{"description":"Asian","count":39,"tested":917,"color":"rgb(140,86,75)"},{"description":"Black","count":12,"tested":119,"color":"rgb(255,127,14)"},{"description":"Hispanic","count":179,"tested":1452,"color":"rgb(214,39,40)"},{"description":"Left Blank","count":356,"tested":12672,"color":"rgb(44,160,44)"},{"description":"Other","count":159,"tested":2883,"color":"rgb(148,103,189)"},{"description":"White","count":977,"tested":18236,"color":"rgb(31,119,180)"}],"gender":[]}
