{"age":[{"age_group":"<20","count":24,"tested":411},{"age_group":"20-29   ","count":36,"tested":345},{"age_group":"30-39   ","count":33,"tested":385},{"age_group":"40-49   ","count":25,"tested":286},{"age_group":"50-59   ","count":33,"tested":315},{"age_group":"60-69   ","count":13,"tested":186},{"age_group":"70-79   ","count":10,"tested":123}],"race":[{"description":"Left Blank","count":31,"tested":557,"color":"rgb(44,160,44)"},{"description":"Other","count":20,"tested":157,"color":"rgb(148,103,189)"},{"description":"White","count":126,"tested":1324,"color":"rgb(31,119,180)"}],"gender":[]}
