{"age":[{"age_group":"<20","count":620,"tested":31316},{"age_group":"20-29   ","count":818,"tested":76845},{"age_group":"30-39   ","count":316,"tested":14336},{"age_group":"40-49   ","count":289,"tested":8643},{"age_group":"50-59   ","count":311,"tested":10665},{"age_group":"60-69   ","count":214,"tested":9749},{"age_group":"70-79   ","count":126,"tested":6764},{"age_group":"80+","count":181,"tested":13502}],"race":[{"description":"Asian","count":168,"tested":27497,"color":"rgb(140,86,75)"},{"description":"Black","count":474,"tested":12158,"color":"rgb(255,127,14)"},{"description":"Hispanic","count":368,"tested":12712,"color":"rgb(214,39,40)"},{"description":"Left Blank","count":358,"tested":44493,"color":"rgb(44,160,44)"},{"description":"Other","count":183,"tested":4460,"color":"rgb(148,103,189)"},{"description":"White","count":1316,"tested":70182,"color":"rgb(31,119,180)"}],"gender":[]}
