{"age":[{"age_group":"<20","count":871,"tested":12794},{"age_group":"20-29   ","count":934,"tested":14948},{"age_group":"30-39   ","count":888,"tested":14672},{"age_group":"40-49   ","count":739,"tested":13809},{"age_group":"50-59   ","count":702,"tested":13863},{"age_group":"60-69   ","count":542,"tested":11653},{"age_group":"70-79   ","count":230,"tested":5398},{"age_group":"80+","count":167,"tested":3341}],"race":[{"description":"AI/AN**","count":10,"tested":249,"color":"rgb(31,119,180)"},{"description":"Asian","count":466,"tested":6508,"color":"rgb(140,86,75)"},{"description":"Black","count":523,"tested":7327,"color":"rgb(255,127,14)"},{"description":"Hispanic","count":971,"tested":6055,"color":"rgb(214,39,40)"},{"description":"Left Blank","count":1311,"tested":48259,"color":"rgb(44,160,44)"},{"description":"NH/PI*","count":6,"tested":123,"color":"rgb(127,127,127)"},{"description":"Other","count":487,"tested":4228,"color":"rgb(148,103,189)"},{"description":"White","count":1299,"tested":17757,"color":"rgb(31,119,180)"}],"gender":[]}
