{"age":[{"age_group":"<20","count":366,"tested":4608},{"age_group":"20-29   ","count":455,"tested":9088},{"age_group":"30-39   ","count":515,"tested":12137},{"age_group":"40-49   ","count":459,"tested":12036},{"age_group":"50-59   ","count":384,"tested":9000},{"age_group":"60-69   ","count":277,"tested":5990},{"age_group":"70-79   ","count":163,"tested":3101},{"age_group":"80+","count":137,"tested":2729}],"race":[{"description":"Asian","count":41,"tested":363,"color":"rgb(140,86,75)"},{"description":"Black","count":310,"tested":2439,"color":"rgb(255,127,14)"},{"description":"Hispanic","count":339,"tested":2072,"color":"rgb(214,39,40)"},{"description":"Left Blank","count":1069,"tested":42601,"color":"rgb(44,160,44)"},{"description":"Other","count":77,"tested":969,"color":"rgb(148,103,189)"},{"description":"White","count":914,"tested":11749,"color":"rgb(31,119,180)"}],"gender":[]}
