{"age":[{"age_group":"<20","count":483,"tested":5579},{"age_group":"20-29   ","count":537,"tested":6606},{"age_group":"30-39   ","count":502,"tested":6583},{"age_group":"40-49   ","count":508,"tested":5215},{"age_group":"50-59   ","count":515,"tested":6492},{"age_group":"60-69   ","count":369,"tested":5341},{"age_group":"70-79   ","count":169,"tested":4235},{"age_group":"80+","count":158,"tested":4971}],"race":[{"description":"Asian","count":31,"tested":545,"color":"rgb(140,86,75)"},{"description":"Black","count":26,"tested":341,"color":"rgb(255,127,14)"},{"description":"Hispanic","count":524,"tested":3104,"color":"rgb(214,39,40)"},{"description":"Left Blank","count":817,"tested":16142,"color":"rgb(44,160,44)"},{"description":"Other","count":53,"tested":1866,"color":"rgb(148,103,189)"},{"description":"White","count":1785,"tested":22974,"color":"rgb(31,119,180)"}],"gender":[]}
