{"age":[{"age_group":"<20","count":463,"tested":6688},{"age_group":"20-29   ","count":439,"tested":5861},{"age_group":"30-39   ","count":391,"tested":6061},{"age_group":"40-49   ","count":330,"tested":4832},{"age_group":"50-59   ","count":359,"tested":5869},{"age_group":"60-69   ","count":297,"tested":5962},{"age_group":"70-79   ","count":111,"tested":3599},{"age_group":"80+","count":95,"tested":4493}],"race":[{"description":"Asian","count":91,"tested":1137,"color":"rgb(140,86,75)"},{"description":"Black","count":90,"tested":1039,"color":"rgb(255,127,14)"},{"description":"Hispanic","count":203,"tested":1137,"color":"rgb(214,39,40)"},{"description":"Left Blank","count":546,"tested":21732,"color":"rgb(44,160,44)"},{"description":"Other","count":74,"tested":1246,"color":"rgb(148,103,189)"},{"description":"White","count":1477,"tested":17072,"color":"rgb(31,119,180)"}],"gender":[]}
