{"age":[{"age_group":"<20","count":102,"tested":918},{"age_group":"20-29   ","count":121,"tested":1452},{"age_group":"30-39   ","count":115,"tested":1265},{"age_group":"40-49   ","count":131,"tested":1110},{"age_group":"50-59   ","count":109,"tested":1202},{"age_group":"60-69   ","count":77,"tested":1095},{"age_group":"70-79   ","count":31,"tested":485},{"age_group":"80+","count":12,"tested":228}],"race":[{"description":"Asian","count":8,"tested":134,"color":"rgb(140,86,75)"},{"description":"Black","count":137,"tested":1918,"color":"rgb(255,127,14)"},{"description":"Hispanic","count":244,"tested":1395,"color":"rgb(214,39,40)"},{"description":"Left Blank","count":193,"tested":2654,"color":"rgb(44,160,44)"},{"description":"Other","count":18,"tested":284,"color":"rgb(148,103,189)"},{"description":"White","count":96,"tested":1351,"color":"rgb(31,119,180)"}],"gender":[]}
