{"age":[{"age_group":"<20","count":32,"tested":376},{"age_group":"20-29   ","count":29,"tested":355},{"age_group":"30-39   ","count":23,"tested":325},{"age_group":"40-49   ","count":24,"tested":269},{"age_group":"50-59   ","count":14,"tested":234},{"age_group":"60-69   ","count":11,"tested":209},{"age_group":"80+","count":6,"tested":75}],"race":[{"description":"Hispanic","count":17,"tested":114,"color":"rgb(214,39,40)"},{"description":"Left Blank","count":35,"tested":593,"color":"rgb(44,160,44)"},{"description":"White","count":84,"tested":1165,"color":"rgb(31,119,180)"}],"gender":[]}
