{"age":[{"age_group":"<20","count":812,"tested":7233},{"age_group":"20-29   ","count":1015,"tested":9179},{"age_group":"30-39   ","count":937,"tested":8024},{"age_group":"40-49   ","count":897,"tested":6899},{"age_group":"50-59   ","count":779,"tested":7203},{"age_group":"60-69   ","count":540,"tested":5799},{"age_group":"70-79   ","count":220,"tested":3282},{"age_group":"80+","count":137,"tested":2452}],"race":[{"description":"AI/AN**","count":7,"tested":86,"color":"rgb(31,119,180)"},{"description":"Asian","count":228,"tested":1779,"color":"rgb(140,86,75)"},{"description":"Black","count":120,"tested":1171,"color":"rgb(255,127,14)"},{"description":"Hispanic","count":2254,"tested":8491,"color":"rgb(214,39,40)"},{"description":"Left Blank","count":960,"tested":23895,"color":"rgb(44,160,44)"},{"description":"NH/PI*","count":6,"tested":71,"color":"rgb(127,127,127)"},{"description":"Other","count":217,"tested":2384,"color":"rgb(148,103,189)"},{"description":"White","count":1545,"tested":12204,"color":"rgb(31,119,180)"}],"gender":[]}
