{"age":[{"age_group":"<20","count":585,"tested":4525},{"age_group":"20-29   ","count":591,"tested":6761},{"age_group":"30-39   ","count":571,"tested":6290},{"age_group":"40-49   ","count":587,"tested":7029},{"age_group":"50-59   ","count":562,"tested":7127},{"age_group":"60-69   ","count":420,"tested":5520},{"age_group":"70-79   ","count":195,"tested":2847},{"age_group":"80+","count":121,"tested":1950}],"race":[{"description":"Asian","count":18,"tested":204,"color":"rgb(140,86,75)"},{"description":"Black","count":1101,"tested":13139,"color":"rgb(255,127,14)"},{"description":"Hispanic","count":573,"tested":3623,"color":"rgb(214,39,40)"},{"description":"Left Blank","count":1238,"tested":18406,"color":"rgb(44,160,44)"},{"description":"Other","count":111,"tested":918,"color":"rgb(148,103,189)"},{"description":"White","count":585,"tested":5815,"color":"rgb(31,119,180)"}],"gender":[]}
