{"age":[{"age_group":"<20","count":191,"tested":1715},{"age_group":"20-29   ","count":290,"tested":3046},{"age_group":"30-39   ","count":230,"tested":2895},{"age_group":"40-49   ","count":199,"tested":2524},{"age_group":"50-59   ","count":152,"tested":2551},{"age_group":"60-69   ","count":153,"tested":2579},{"age_group":"70-79   ","count":78,"tested":2752},{"age_group":"80+","count":75,"tested":2851}],"race":[{"description":"Asian","count":27,"tested":549,"color":"rgb(140,86,75)"},{"description":"Black","count":118,"tested":3497,"color":"rgb(255,127,14)"},{"description":"Hispanic","count":155,"tested":1371,"color":"rgb(214,39,40)"},{"description":"Left Blank","count":487,"tested":7833,"color":"rgb(44,160,44)"},{"description":"Other","count":89,"tested":748,"color":"rgb(148,103,189)"},{"description":"White","count":487,"tested":6836,"color":"rgb(31,119,180)"}],"gender":[]}
