{"age":[{"age_group":"<20","count":463,"tested":4281},{"age_group":"20-29   ","count":396,"tested":3899},{"age_group":"30-39   ","count":368,"tested":3336},{"age_group":"40-49   ","count":350,"tested":3446},{"age_group":"50-59   ","count":324,"tested":3109},{"age_group":"60-69   ","count":228,"tested":2387},{"age_group":"70-79   ","count":101,"tested":1188},{"age_group":"80+","count":45,"tested":784}],"race":[{"description":"AI/AN**","count":7,"tested":14,"color":"rgb(31,119,180)"},{"description":"Black","count":581,"tested":4429,"color":"rgb(255,127,14)"},{"description":"Hispanic","count":750,"tested":2983,"color":"rgb(214,39,40)"},{"description":"Left Blank","count":244,"tested":9233,"color":"rgb(44,160,44)"},{"description":"Other","count":39,"tested":406,"color":"rgb(148,103,189)"},{"description":"White","count":652,"tested":5285,"color":"rgb(31,119,180)"}],"gender":[]}
