{"age":[{"age_group":"<20","count":376,"tested":11765},{"age_group":"20-29   ","count":2649,"tested":50763},{"age_group":"30-39   ","count":1261,"tested":33647},{"age_group":"40-49   ","count":468,"tested":12678},{"age_group":"50-59   ","count":370,"tested":9353},{"age_group":"60-69   ","count":187,"tested":6147},{"age_group":"70-79   ","count":114,"tested":4657},{"age_group":"80+","count":128,"tested":4481}],"race":[{"description":"AI/AN**","count":13,"tested":115,"color":"rgb(31,119,180)"},{"description":"Asian","count":155,"tested":4258,"color":"rgb(140,86,75)"},{"description":"Black","count":132,"tested":2873,"color":"rgb(255,127,14)"},{"description":"Hispanic","count":364,"tested":4123,"color":"rgb(214,39,40)"},{"description":"Left Blank","count":1725,"tested":61907,"color":"rgb(44,160,44)"},{"description":"Other","count":334,"tested":7084,"color":"rgb(148,103,189)"},{"description":"White","count":2826,"tested":53120,"color":"rgb(31,119,180)"}],"gender":[]}
