{"age":[{"age_group":"<20","count":381,"tested":4322},{"age_group":"20-29   ","count":478,"tested":4878},{"age_group":"30-39   ","count":377,"tested":4987},{"age_group":"40-49   ","count":436,"tested":4657},{"age_group":"50-59   ","count":464,"tested":5219},{"age_group":"60-69   ","count":280,"tested":4355},{"age_group":"70-79   ","count":105,"tested":1956},{"age_group":"80+","count":48,"tested":980}],"race":[{"description":"Asian","count":130,"tested":1601,"color":"rgb(140,86,75)"},{"description":"Black","count":52,"tested":489,"color":"rgb(255,127,14)"},{"description":"Hispanic","count":289,"tested":1501,"color":"rgb(214,39,40)"},{"description":"Left Blank","count":621,"tested":17168,"color":"rgb(44,160,44)"},{"description":"Other","count":74,"tested":791,"color":"rgb(148,103,189)"},{"description":"White","count":1398,"tested":9710,"color":"rgb(31,119,180)"}],"gender":[]}
