{"age":[{"age_group":"<20","count":556,"tested":6541},{"age_group":"20-29   ","count":755,"tested":8601},{"age_group":"30-39   ","count":591,"tested":7197},{"age_group":"40-49   ","count":547,"tested":7030},{"age_group":"50-59   ","count":516,"tested":7402},{"age_group":"60-69   ","count":460,"tested":8186},{"age_group":"70-79   ","count":247,"tested":5521},{"age_group":"80+","count":231,"tested":8196}],"race":[{"description":"Asian","count":83,"tested":462,"color":"rgb(140,86,75)"},{"description":"Black","count":501,"tested":6457,"color":"rgb(255,127,14)"},{"description":"Hispanic","count":291,"tested":1915,"color":"rgb(214,39,40)"},{"description":"Left Blank","count":1699,"tested":29831,"color":"rgb(44,160,44)"},{"description":"Other","count":109,"tested":4088,"color":"rgb(148,103,189)"},{"description":"White","count":1215,"tested":15930,"color":"rgb(31,119,180)"}],"gender":[]}
