{"age":[{"age_group":"<20","count":508,"tested":6876},{"age_group":"20-29   ","count":517,"tested":8227},{"age_group":"30-39   ","count":543,"tested":8862},{"age_group":"40-49   ","count":557,"tested":8332},{"age_group":"50-59   ","count":561,"tested":8207},{"age_group":"60-69   ","count":381,"tested":6885},{"age_group":"70-79   ","count":199,"tested":4253},{"age_group":"80+","count":140,"tested":3553}],"race":[{"description":"AI/AN**","count":11,"tested":111,"color":"rgb(31,119,180)"},{"description":"Asian","count":279,"tested":4955,"color":"rgb(140,86,75)"},{"description":"Black","count":84,"tested":1291,"color":"rgb(255,127,14)"},{"description":"Hispanic","count":348,"tested":2803,"color":"rgb(214,39,40)"},{"description":"Left Blank","count":1056,"tested":27931,"color":"rgb(44,160,44)"},{"description":"Other","count":123,"tested":1154,"color":"rgb(148,103,189)"},{"description":"White","count":1504,"tested":16857,"color":"rgb(31,119,180)"}],"gender":[]}
