{"age":[{"age_group":"<20","count":689,"tested":7758},{"age_group":"20-29   ","count":806,"tested":10622},{"age_group":"30-39   ","count":579,"tested":8833},{"age_group":"40-49   ","count":676,"tested":7837},{"age_group":"50-59   ","count":537,"tested":7445},{"age_group":"60-69   ","count":243,"tested":3989},{"age_group":"70-79   ","count":81,"tested":1554},{"age_group":"80+","count":41,"tested":682}],"race":[{"description":"Asian","count":259,"tested":4280,"color":"rgb(140,86,75)"},{"description":"Black","count":481,"tested":5625,"color":"rgb(255,127,14)"},{"description":"Hispanic","count":974,"tested":5964,"color":"rgb(214,39,40)"},{"description":"Left Blank","count":695,"tested":17357,"color":"rgb(44,160,44)"},{"description":"Other","count":121,"tested":2068,"color":"rgb(148,103,189)"},{"description":"White","count":1114,"tested":13303,"color":"rgb(31,119,180)"}],"gender":[]}
