{"age":[{"age_group":"<20","count":362,"tested":18583},{"age_group":"20-29   ","count":267,"tested":7475},{"age_group":"30-39   ","count":240,"tested":7726},{"age_group":"40-49   ","count":274,"tested":8019},{"age_group":"50-59   ","count":276,"tested":9494},{"age_group":"60-69   ","count":188,"tested":8911},{"age_group":"70-79   ","count":138,"tested":6664},{"age_group":"80+","count":134,"tested":5716}],"race":[{"description":"Asian","count":28,"tested":1156,"color":"rgb(140,86,75)"},{"description":"Black","count":48,"tested":663,"color":"rgb(255,127,14)"},{"description":"Hispanic","count":215,"tested":2480,"color":"rgb(214,39,40)"},{"description":"Left Blank","count":452,"tested":31208,"color":"rgb(44,160,44)"},{"description":"Other","count":202,"tested":4513,"color":"rgb(148,103,189)"},{"description":"White","count":929,"tested":32519,"color":"rgb(31,119,180)"}],"gender":[]}
