{"age":[{"age_group":"<20","count":21,"tested":302},{"age_group":"20-29   ","count":13,"tested":198},{"age_group":"30-39   ","count":27,"tested":249},{"age_group":"40-49   ","count":11,"tested":252},{"age_group":"50-59   ","count":22,"tested":244},{"age_group":"60-69   ","count":28,"tested":275},{"age_group":"70-79   ","count":7,"tested":155}],"race":[{"description":"Left Blank","count":33,"tested":579,"color":"rgb(44,160,44)"},{"description":"White","count":87,"tested":1015,"color":"rgb(31,119,180)"}],"gender":[]}
