{"age":[{"age_group":"<20","count":1436,"tested":13278},{"age_group":"20-29   ","count":1543,"tested":18237},{"age_group":"30-39   ","count":1326,"tested":16289},{"age_group":"40-49   ","count":1331,"tested":15297},{"age_group":"50-59   ","count":1203,"tested":15177},{"age_group":"60-69   ","count":863,"tested":13254},{"age_group":"70-79   ","count":423,"tested":7867},{"age_group":"80+","count":244,"tested":4737}],"race":[{"description":"AI/AN**","count":17,"tested":223,"color":"rgb(31,119,180)"},{"description":"Asian","count":19,"tested":243,"color":"rgb(140,86,75)"},{"description":"Black","count":2584,"tested":36995,"color":"rgb(255,127,14)"},{"description":"Hispanic","count":2806,"tested":20700,"color":"rgb(214,39,40)"},{"description":"Left Blank","count":2059,"tested":35360,"color":"rgb(44,160,44)"},{"description":"Other","count":175,"tested":2425,"color":"rgb(148,103,189)"},{"description":"White","count":707,"tested":8153,"color":"rgb(31,119,180)"}],"gender":[]}
