{"age":[{"age_group":"<20","count":200,"tested":3008},{"age_group":"20-29   ","count":186,"tested":2783},{"age_group":"30-39   ","count":170,"tested":2948},{"age_group":"40-49   ","count":189,"tested":3114},{"age_group":"50-59   ","count":206,"tested":3195},{"age_group":"60-69   ","count":129,"tested":2436},{"age_group":"70-79   ","count":53,"tested":1148},{"age_group":"80+","count":17,"tested":348}],"race":[{"description":"AI/AN**","count":7,"tested":77,"color":"rgb(31,119,180)"},{"description":"Asian","count":150,"tested":2736,"color":"rgb(140,86,75)"},{"description":"Black","count":26,"tested":363,"color":"rgb(255,127,14)"},{"description":"Hispanic","count":60,"tested":601,"color":"rgb(214,39,40)"},{"description":"Left Blank","count":366,"tested":9236,"color":"rgb(44,160,44)"},{"description":"Other","count":53,"tested":382,"color":"rgb(148,103,189)"},{"description":"White","count":487,"tested":5570,"color":"rgb(31,119,180)"}],"gender":[]}
