{"age":[{"age_group":"<20","count":43,"tested":482},{"age_group":"20-29   ","count":51,"tested":613},{"age_group":"30-39   ","count":52,"tested":508},{"age_group":"40-49   ","count":47,"tested":419},{"age_group":"50-59   ","count":43,"tested":637},{"age_group":"60-69   ","count":29,"tested":796},{"age_group":"70-79   ","count":20,"tested":258}],"race":[{"description":"Hispanic","count":12,"tested":81,"color":"rgb(214,39,40)"},{"description":"Left Blank","count":51,"tested":1286,"color":"rgb(44,160,44)"},{"description":"Other","count":11,"tested":83,"color":"rgb(148,103,189)"},{"description":"White","count":213,"tested":2341,"color":"rgb(31,119,180)"}],"gender":[]}
