{"age":[{"age_group":"<20","count":271,"tested":3297},{"age_group":"20-29   ","count":328,"tested":4329},{"age_group":"30-39   ","count":276,"tested":3766},{"age_group":"40-49   ","count":283,"tested":3693},{"age_group":"50-59   ","count":298,"tested":4449},{"age_group":"60-69   ","count":184,"tested":3405},{"age_group":"70-79   ","count":92,"tested":2333},{"age_group":"80+","count":80,"tested":2084}],"race":[{"description":"Asian","count":57,"tested":753,"color":"rgb(140,86,75)"},{"description":"Black","count":89,"tested":1597,"color":"rgb(255,127,14)"},{"description":"Hispanic","count":413,"tested":3232,"color":"rgb(214,39,40)"},{"description":"Left Blank","count":386,"tested":8884,"color":"rgb(44,160,44)"},{"description":"Other","count":59,"tested":749,"color":"rgb(148,103,189)"},{"description":"White","count":806,"tested":12238,"color":"rgb(31,119,180)"}],"gender":[]}
