{"age":[{"age_group":"<20","count":464,"tested":6725},{"age_group":"20-29   ","count":397,"tested":6008},{"age_group":"30-39   ","count":405,"tested":6384},{"age_group":"40-49   ","count":472,"tested":7023},{"age_group":"50-59   ","count":508,"tested":7850},{"age_group":"60-69   ","count":275,"tested":6101},{"age_group":"70-79   ","count":151,"tested":4192},{"age_group":"80+","count":159,"tested":3957}],"race":[{"description":"Asian","count":171,"tested":2448,"color":"rgb(140,86,75)"},{"description":"Black","count":33,"tested":553,"color":"rgb(255,127,14)"},{"description":"Hispanic","count":361,"tested":3223,"color":"rgb(214,39,40)"},{"description":"Left Blank","count":693,"tested":21883,"color":"rgb(44,160,44)"},{"description":"NH/PI*","count":8,"tested":81,"color":"rgb(127,127,127)"},{"description":"Other","count":234,"tested":2362,"color":"rgb(148,103,189)"},{"description":"White","count":1328,"tested":17648,"color":"rgb(31,119,180)"}],"gender":[]}
