{"lastUpdatedDate":{"year":2021,"month":9,"day":17},"county_demographics":[{"County":"Illinois","confirmed_cases":1590342,"total_tested":30395751,"demographics":{"age":[{"race":[{"description":"AI/AN**","count":377,"tested":6153,"deaths":0,"color":"rgb(31,119,180)"},{"description":"Asian","count":5983,"tested":279982,"deaths":0,"color":"rgb(140,86,75)"},{"description":"Black","count":28053,"tested":361872,"deaths":13,"color":"rgb(255,127,14)"},{"description":"Hispanic","count":55755,"tested":523142,"deaths":6,"color":"rgb(214,39,40)"},{"description":"Left Blank","count":67020,"tested":1370784,"deaths":0,"color":"rgb(44,160,44)"},{"description":"NH/PI*","count":242,"tested":6243,"deaths":0,"color":"rgb(127,127,127)"},{"description":"Other","count":10502,"tested":181752,"deaths":0,"color":"rgb(148,103,189)"},{"description":"White","count":112867,"tested":1768759,"deaths":6,"color":"rgb(31,119,180)"}],"age_group":"<20","count":280799,"tested":4498687,"deaths":25},{"race":[{"description":"AI/AN**","count":366,"tested":7773,"deaths":0,"color":"rgb(31,119,180)"},{"description":"Asian","count":7340,"tested":530145,"deaths":0,"color":"rgb(140,86,75)"},{"description":"Black","count":31977,"tested":488741,"deaths":34,"color":"rgb(255,127,14)"},{"description":"Hispanic","count":56192,"tested":577206,"deaths":39,"color":"rgb(214,39,40)"},{"description":"Left Blank","count":73152,"tested":2046753,"deaths":0,"color":"rgb(44,160,44)"},{"description":"NH/PI*","count":279,"tested":8288,"deaths":0,"color":"rgb(127,127,127)"},{"description":"Other","count":10211,"tested":201451,"deaths":0,"color":"rgb(148,103,189)"},{"description":"White","count":110153,"tested":2065121,"deaths":16,"color":"rgb(31,119,180)"}],"age_group":"20-29   ","count":289670,"tested":5925478,"deaths":92},{"race":[{"description":"AI/AN**","count":366,"tested":5684,"deaths":0,"color":"rgb(31,119,180)"},{"description":"Asian","count":6552,"tested":183976,"deaths":11,"color":"rgb(140,86,75)"},{"description":"Black","count":29563,"tested":390021,"deaths":113,"color":"rgb(255,127,14)"},{"description":"Hispanic","count":48848,"tested":347319,"deaths":131,"color":"rgb(214,39,40)"},{"description":"Left Blank","count":65888,"tested":1994458,"deaths":0,"color":"rgb(44,160,44)"},{"description":"NH/PI*","count":280,"tested":5158,"deaths":0,"color":"rgb(127,127,127)"},{"description":"Other","count":9370,"tested":142294,"deaths":0,"color":"rgb(148,103,189)"},{"description":"White","count":97146,"tested":1406004,"deaths":63,"color":"rgb(31,119,180)"}],"age_group":"30-39   ","count":258013,"tested":4474914,"deaths":320},{"race":[{"description":"AI/AN**","count":315,"tested":4846,"deaths":0,"color":"rgb(31,119,180)"},{"description":"Asian","count":5937,"tested":123139,"deaths":26,"color":"rgb(140,86,75)"},{"description":"Black","count":25052,"tested":352481,"deaths":220,"color":"rgb(255,127,14)"},{"description":"Hispanic","count":48116,"tested":290419,"deaths":323,"color":"rgb(214,39,40)"},{"description":"Left Blank","count":59188,"tested":1728100,"deaths":8,"color":"rgb(44,160,44)"},{"description":"NH/PI*","count":247,"tested":4506,"deaths":0,"color":"rgb(127,127,127)"},{"description":"Other","count":8175,"tested":111853,"deaths":0,"color":"rgb(148,103,189)"},{"description":"White","count":91623,"tested":1177578,"deaths":191,"color":"rgb(31,119,180)"}],"age_group":"40-49   ","count":238653,"tested":3792922,"deaths":771},{"race":[{"description":"AI/AN**","count":300,"tested":4667,"deaths":0,"color":"rgb(31,119,180)"},{"description":"Asian","count":4948,"tested":101001,"deaths":59,"color":"rgb(140,86,75)"},{"description":"Black","count":22706,"tested":357772,"deaths":512,"color":"rgb(255,127,14)"},{"description":"Hispanic","count":33526,"tested":221624,"deaths":616,"color":"rgb(214,39,40)"},{"description":"Left Blank","count":54930,"tested":1682195,"deaths":16,"color":"rgb(44,160,44)"},{"description":"NH/PI*","count":230,"tested":4315,"deaths":0,"color":"rgb(127,127,127)"},{"description":"Other","count":7152,"tested":101536,"deaths":6,"color":"rgb(148,103,189)"},{"description":"White","count":100739,"tested":1373336,"deaths":676,"color":"rgb(31,119,180)"}],"age_group":"50-59   ","count":224531,"tested":3846446,"deaths":1890},{"race":[{"description":"AI/AN**","count":193,"tested":2954,"deaths":11,"color":"rgb(31,119,180)"},{"description":"Asian","count":3543,"tested":65069,"deaths":133,"color":"rgb(140,86,75)"},{"description":"Black","count":16404,"tested":286859,"deaths":1051,"color":"rgb(255,127,14)"},{"description":"Hispanic","count":17042,"tested":127289,"deaths":924,"color":"rgb(214,39,40)"},{"description":"Left Blank","count":36626,"tested":1290122,"deaths":44,"color":"rgb(44,160,44)"},{"description":"NH/PI*","count":151,"tested":2360,"deaths":6,"color":"rgb(127,127,127)"},{"description":"Other","count":4438,"tested":75283,"deaths":23,"color":"rgb(148,103,189)"},{"description":"White","count":78533,"tested":1201389,"deaths":1901,"color":"rgb(31,119,180)"}],"age_group":"60-69   ","count":156930,"tested":3051325,"deaths":4093},{"race":[{"description":"AI/AN**","count":112,"tested":1539,"deaths":6,"color":"rgb(31,119,180)"},{"description":"Asian","count":1927,"tested":30635,"deaths":236,"color":"rgb(140,86,75)"},{"description":"Black","count":8427,"tested":140766,"deaths":1168,"color":"rgb(255,127,14)"},{"description":"Hispanic","count":6917,"tested":55601,"deaths":877,"color":"rgb(214,39,40)"},{"description":"Left Blank","count":16695,"tested":699327,"deaths":52,"color":"rgb(44,160,44)"},{"description":"NH/PI*","count":59,"tested":981,"deaths":8,"color":"rgb(127,127,127)"},{"description":"Other","count":1969,"tested":42152,"deaths":33,"color":"rgb(148,103,189)"},{"description":"White","count":45797,"tested":790026,"deaths":3708,"color":"rgb(31,119,180)"}],"age_group":"70-79   ","count":81908,"tested":1761027,"deaths":6088},{"race":[{"description":"AI/AN**","count":46,"tested":656,"deaths":7,"color":"rgb(31,119,180)"},{"description":"Asian","count":1158,"tested":18483,"deaths":375,"color":"rgb(140,86,75)"},{"description":"Black","count":5262,"tested":81302,"deaths":1422,"color":"rgb(255,127,14)"},{"description":"Hispanic","count":3305,"tested":30628,"deaths":874,"color":"rgb(214,39,40)"},{"description":"Left Blank","count":11804,"tested":800795,"deaths":114,"color":"rgb(44,160,44)"},{"description":"NH/PI*","count":46,"tested":589,"deaths":9,"color":"rgb(127,127,127)"},{"description":"Other","count":972,"tested":27471,"deaths":46,"color":"rgb(148,103,189)"},{"description":"White","count":36908,"tested":763088,"deaths":8420,"color":"rgb(31,119,180)"}],"age_group":"80+","count":59503,"tested":1723012,"deaths":11267},{"race":[{"description":"AI/AN**","count":0,"tested":17,"deaths":0,"color":"rgb(31,119,180)"},{"description":"Asian","count":0,"tested":202,"deaths":0,"color":"rgb(140,86,75)"},{"description":"Black","count":0,"tested":1302,"deaths":0,"color":"rgb(255,127,14)"},{"description":"Hispanic","count":12,"tested":691,"deaths":0,"color":"rgb(214,39,40)"},{"description":"Left Blank","count":249,"tested":50540,"deaths":0,"color":"rgb(44,160,44)"},{"description":"NH/PI*","count":0,"tested":0,"deaths":0,"color":"rgb(127,127,127)"},{"description":"Other","count":0,"tested":123,"deaths":0,"color":"rgb(148,103,189)"},{"description":"White","count":57,"tested":4159,"deaths":0,"color":"rgb(31,119,180)"}],"age_group":"Unknown","count":335,"tested":57035,"deaths":0}],"race":[{"description":"AI/AN**","count":2078,"tested":34289,"deaths":28,"color":"rgb(31,119,180)"},{"description":"Asian","count":37389,"tested":1332632,"deaths":842,"color":"rgb(140,86,75)"},{"description":"Black","count":167451,"tested":2461116,"deaths":4533,"color":"rgb(255,127,14)"},{"description":"Hispanic","count":269717,"tested":2173919,"deaths":3790,"color":"rgb(214,39,40)"},{"description":"Left Blank","count":385552,"tested":11663074,"deaths":235,"color":"rgb(44,160,44)"},{"description":"NH/PI*","count":1539,"tested":32441,"deaths":26,"color":"rgb(127,127,127)"},{"description":"Other","count":52793,"tested":883915,"deaths":111,"color":"rgb(148,103,189)"},{"description":"White","count":673823,"tested":10549460,"deaths":14981,"color":"rgb(31,119,180)"}],"gender":[{"description":"Female","count":820918,"tested":15669996,"deaths":11228,"color":"rgb(255,127,14)"},{"description":"Male","count":750329,"tested":12450036,"deaths":13318,"color":"rgb(31,119,180)"},{"description":"Unknown/Left Blank","count":19095,"tested":1010814,"deaths":0,"color":"rgb(44,160,44)"}]}}]}
