{"lastUpdatedDate":{"year":2021,"month":9,"day":17},"county_demographics":[{"County":"Hancock","confirmed_cases":2534,"total_tested":24964,"demographics":{"age":[{"race":[],"age_group":"<20","count":486,"tested":3845,"deaths":0},{"race":[],"age_group":"20-29   ","count":325,"tested":3563,"deaths":0},{"race":[],"age_group":"30-39   ","count":333,"tested":3337,"deaths":0},{"race":[],"age_group":"40-49   ","count":325,"tested":3236,"deaths":0},{"race":[],"age_group":"50-59   ","count":369,"tested":4106,"deaths":0},{"race":[],"age_group":"60-69   ","count":348,"tested":3249,"deaths":0},{"race":[],"age_group":"70-79   ","count":213,"tested":1903,"deaths":0},{"race":[],"age_group":"80+","count":135,"tested":1723,"deaths":0},{"race":[],"age_group":"Unknown","count":0,"tested":0,"deaths":0}],"race":[{"description":"AI/AN**","count":0,"tested":18,"deaths":0,"color":"rgb(31,119,180)"},{"description":"Asian","count":0,"tested":17,"deaths":0,"color":"rgb(140,86,75)"},{"description":"Black","count":10,"tested":74,"deaths":0,"color":"rgb(255,127,14)"},{"description":"Hispanic","count":26,"tested":128,"deaths":0,"color":"rgb(214,39,40)"},{"description":"Left Blank","count":1060,"tested":10431,"deaths":0,"color":"rgb(44,160,44)"},{"description":"NH/PI*","count":0,"tested":19,"deaths":0,"color":"rgb(127,127,127)"},{"description":"Other","count":38,"tested":277,"deaths":0,"color":"rgb(148,103,189)"},{"description":"White","count":1388,"tested":14000,"deaths":0,"color":"rgb(31,119,180)"}],"gender":[{"description":"Female","count":1346,"tested":15286,"deaths":0,"color":"rgb(255,127,14)"},{"description":"Male","count":1125,"tested":8525,"deaths":0,"color":"rgb(31,119,180)"},{"description":"Unknown/Left Blank","count":63,"tested":1153,"deaths":0,"color":"rgb(44,160,44)"}]}}]}
