{"lastUpdatedDate":{"year":2021,"month":9,"day":17},"county_demographics":[{"County":"Morgan","confirmed_cases":4799,"total_tested":82533,"demographics":{"age":[{"race":[],"age_group":"<20","count":684,"tested":8906,"deaths":0},{"race":[],"age_group":"20-29   ","count":811,"tested":14626,"deaths":0},{"race":[],"age_group":"30-39   ","count":714,"tested":13305,"deaths":0},{"race":[],"age_group":"40-49   ","count":704,"tested":11107,"deaths":0},{"race":[],"age_group":"50-59   ","count":758,"tested":11003,"deaths":0},{"race":[],"age_group":"60-69   ","count":524,"tested":8679,"deaths":0},{"race":[],"age_group":"70-79   ","count":324,"tested":5891,"deaths":0},{"race":[],"age_group":"80+","count":279,"tested":8120,"deaths":0},{"race":[],"age_group":"Unknown","count":0,"tested":896,"deaths":0}],"race":[{"description":"AI/AN**","count":0,"tested":24,"deaths":0,"color":"rgb(31,119,180)"},{"description":"Asian","count":13,"tested":410,"deaths":0,"color":"rgb(140,86,75)"},{"description":"Black","count":369,"tested":2955,"deaths":0,"color":"rgb(255,127,14)"},{"description":"Hispanic","count":82,"tested":651,"deaths":0,"color":"rgb(214,39,40)"},{"description":"Left Blank","count":1944,"tested":42422,"deaths":0,"color":"rgb(44,160,44)"},{"description":"NH/PI*","count":0,"tested":45,"deaths":0,"color":"rgb(127,127,127)"},{"description":"Other","count":36,"tested":1150,"deaths":0,"color":"rgb(148,103,189)"},{"description":"White","count":2353,"tested":34876,"deaths":0,"color":"rgb(31,119,180)"}],"gender":[{"description":"Female","count":2214,"tested":44582,"deaths":0,"color":"rgb(255,127,14)"},{"description":"Male","count":2303,"tested":30905,"deaths":0,"color":"rgb(31,119,180)"},{"description":"Unknown/Left Blank","count":282,"tested":7046,"deaths":0,"color":"rgb(44,160,44)"}]}}]}
