{"lastUpdatedDate":{"year":2021,"month":1,"day":7},"county_demographics":[{"County":"Logan","confirmed_cases":2878,"total_tested":47018,"demographics":{"age":[{"race":[],"age_group":"<20","count":277,"tested":4704,"deaths":0},{"race":[],"age_group":"20-29   ","count":475,"tested":7126,"deaths":0},{"race":[],"age_group":"30-39   ","count":588,"tested":7995,"deaths":0},{"race":[],"age_group":"40-49   ","count":461,"tested":6567,"deaths":0},{"race":[],"age_group":"50-59   ","count":410,"tested":6518,"deaths":0},{"race":[],"age_group":"60-69   ","count":319,"tested":5073,"deaths":0},{"race":[],"age_group":"70-79   ","count":186,"tested":3020,"deaths":0},{"race":[],"age_group":"80+","count":157,"tested":3851,"deaths":0},{"race":[],"age_group":"Unknown","count":0,"tested":2164,"deaths":0}],"race":[{"description":"AI/AN**","count":0,"tested":11,"deaths":0,"color":"rgb(31,119,180)"},{"description":"Asian","count":8,"tested":47,"deaths":0,"color":"rgb(140,86,75)"},{"description":"Black","count":334,"tested":942,"deaths":0,"color":"rgb(255,127,14)"},{"description":"Hispanic","count":86,"tested":264,"deaths":0,"color":"rgb(214,39,40)"},{"description":"Left Blank","count":492,"tested":30078,"deaths":0,"color":"rgb(44,160,44)"},{"description":"NH/PI*","count":0,"tested":21,"deaths":0,"color":"rgb(127,127,127)"},{"description":"Other","count":21,"tested":450,"deaths":0,"color":"rgb(148,103,189)"},{"description":"White","count":1930,"tested":15205,"deaths":0,"color":"rgb(31,119,180)"}],"gender":[{"description":"Female","count":1487,"tested":24847,"deaths":0,"color":"rgb(255,127,14)"},{"description":"Male","count":1181,"tested":12574,"deaths":0,"color":"rgb(31,119,180)"},{"description":"Unknown/Left Blank","count":210,"tested":9597,"deaths":0,"color":"rgb(44,160,44)"}]}}]}
