{"lastUpdatedDate":{"year":2021,"month":1,"day":7},"county_demographics":[{"County":"Pike","confirmed_cases":1471,"total_tested":12099,"demographics":{"age":[{"race":[],"age_group":"<20","count":183,"tested":1459,"deaths":0},{"race":[],"age_group":"20-29   ","count":221,"tested":1962,"deaths":0},{"race":[],"age_group":"30-39   ","count":208,"tested":1589,"deaths":0},{"race":[],"age_group":"40-49   ","count":194,"tested":1468,"deaths":0},{"race":[],"age_group":"50-59   ","count":214,"tested":1660,"deaths":0},{"race":[],"age_group":"60-69   ","count":207,"tested":1456,"deaths":0},{"race":[],"age_group":"70-79   ","count":112,"tested":976,"deaths":0},{"race":[],"age_group":"80+","count":126,"tested":1528,"deaths":0},{"race":[],"age_group":"Unknown","count":0,"tested":0,"deaths":0}],"race":[{"description":"AI/AN**","count":0,"tested":0,"deaths":0,"color":"rgb(31,119,180)"},{"description":"Asian","count":0,"tested":7,"deaths":0,"color":"rgb(140,86,75)"},{"description":"Black","count":0,"tested":20,"deaths":0,"color":"rgb(255,127,14)"},{"description":"Hispanic","count":10,"tested":43,"deaths":0,"color":"rgb(214,39,40)"},{"description":"Left Blank","count":533,"tested":8152,"deaths":0,"color":"rgb(44,160,44)"},{"description":"NH/PI*","count":0,"tested":0,"deaths":0,"color":"rgb(127,127,127)"},{"description":"Other","count":0,"tested":14,"deaths":0,"color":"rgb(148,103,189)"},{"description":"White","count":920,"tested":3861,"deaths":0,"color":"rgb(31,119,180)"}],"gender":[{"description":"Female","count":830,"tested":7832,"deaths":0,"color":"rgb(255,127,14)"},{"description":"Male","count":579,"tested":3635,"deaths":0,"color":"rgb(31,119,180)"},{"description":"Unknown/Left Blank","count":62,"tested":632,"deaths":0,"color":"rgb(44,160,44)"}]}}]}
