{"lastUpdatedDate":{"year":2021,"month":1,"day":7},"county_demographics":[{"County":"Coles","confirmed_cases":4494,"total_tested":48989,"demographics":{"age":[{"race":[],"age_group":"<20","count":749,"tested":7040,"deaths":0},{"race":[],"age_group":"20-29   ","count":923,"tested":9993,"deaths":0},{"race":[],"age_group":"30-39   ","count":571,"tested":6646,"deaths":0},{"race":[],"age_group":"40-49   ","count":517,"tested":5458,"deaths":0},{"race":[],"age_group":"50-59   ","count":556,"tested":6191,"deaths":0},{"race":[],"age_group":"60-69   ","count":540,"tested":5798,"deaths":0},{"race":[],"age_group":"70-79   ","count":350,"tested":4123,"deaths":0},{"race":[],"age_group":"80+","count":288,"tested":3730,"deaths":0},{"race":[],"age_group":"Unknown","count":0,"tested":10,"deaths":0}],"race":[{"description":"AI/AN**","count":0,"tested":19,"deaths":0,"color":"rgb(31,119,180)"},{"description":"Asian","count":17,"tested":249,"deaths":0,"color":"rgb(140,86,75)"},{"description":"Black","count":136,"tested":1949,"deaths":0,"color":"rgb(255,127,14)"},{"description":"Hispanic","count":96,"tested":635,"deaths":0,"color":"rgb(214,39,40)"},{"description":"Left Blank","count":610,"tested":8220,"deaths":0,"color":"rgb(44,160,44)"},{"description":"NH/PI*","count":0,"tested":17,"deaths":0,"color":"rgb(127,127,127)"},{"description":"Other","count":83,"tested":1705,"deaths":0,"color":"rgb(148,103,189)"},{"description":"White","count":3544,"tested":36195,"deaths":0,"color":"rgb(31,119,180)"}],"gender":[{"description":"Female","count":2415,"tested":29476,"deaths":0,"color":"rgb(255,127,14)"},{"description":"Male","count":2000,"tested":18682,"deaths":0,"color":"rgb(31,119,180)"},{"description":"Unknown/Left Blank","count":79,"tested":831,"deaths":0,"color":"rgb(44,160,44)"}]}}]}
