{"lastUpdatedDate":{"year":2021,"month":1,"day":7},"county_demographics":[{"County":"Knox","confirmed_cases":4207,"total_tested":50893,"demographics":{"age":[{"race":[],"age_group":"<20","count":521,"tested":5820,"deaths":0},{"race":[],"age_group":"20-29   ","count":647,"tested":8759,"deaths":0},{"race":[],"age_group":"30-39   ","count":592,"tested":6860,"deaths":0},{"race":[],"age_group":"40-49   ","count":638,"tested":6555,"deaths":0},{"race":[],"age_group":"50-59   ","count":637,"tested":7242,"deaths":0},{"race":[],"age_group":"60-69   ","count":529,"tested":5938,"deaths":0},{"race":[],"age_group":"70-79   ","count":343,"tested":3886,"deaths":0},{"race":[],"age_group":"80+","count":299,"tested":3696,"deaths":0},{"race":[],"age_group":"Unknown","count":0,"tested":2137,"deaths":0}],"race":[{"description":"AI/AN**","count":0,"tested":18,"deaths":0,"color":"rgb(31,119,180)"},{"description":"Asian","count":0,"tested":367,"deaths":0,"color":"rgb(140,86,75)"},{"description":"Black","count":299,"tested":1730,"deaths":0,"color":"rgb(255,127,14)"},{"description":"Hispanic","count":139,"tested":887,"deaths":0,"color":"rgb(214,39,40)"},{"description":"Left Blank","count":1521,"tested":30286,"deaths":0,"color":"rgb(44,160,44)"},{"description":"NH/PI*","count":0,"tested":30,"deaths":0,"color":"rgb(127,127,127)"},{"description":"Other","count":45,"tested":615,"deaths":0,"color":"rgb(148,103,189)"},{"description":"White","count":2192,"tested":16960,"deaths":0,"color":"rgb(31,119,180)"}],"gender":[{"description":"Female","count":2205,"tested":27268,"deaths":0,"color":"rgb(255,127,14)"},{"description":"Male","count":1802,"tested":17390,"deaths":0,"color":"rgb(31,119,180)"},{"description":"Unknown/Left Blank","count":200,"tested":6235,"deaths":0,"color":"rgb(44,160,44)"}]}}]}
