{"lastUpdatedDate":{"year":2021,"month":1,"day":7},"county_demographics":[{"County":"Gallatin","confirmed_cases":365,"total_tested":2720,"demographics":{"age":[{"race":[],"age_group":"<20","count":45,"tested":450,"deaths":0},{"race":[],"age_group":"20-29   ","count":48,"tested":427,"deaths":0},{"race":[],"age_group":"30-39   ","count":51,"tested":404,"deaths":0},{"race":[],"age_group":"40-49   ","count":52,"tested":352,"deaths":0},{"race":[],"age_group":"50-59   ","count":50,"tested":392,"deaths":0},{"race":[],"age_group":"60-69   ","count":50,"tested":331,"deaths":0},{"race":[],"age_group":"70-79   ","count":44,"tested":277,"deaths":0},{"race":[],"age_group":"80+","count":18,"tested":85,"deaths":0},{"race":[],"age_group":"Unknown","count":0,"tested":0,"deaths":0}],"race":[{"description":"AI/AN**","count":0,"tested":0,"deaths":0,"color":"rgb(31,119,180)"},{"description":"Asian","count":0,"tested":0,"deaths":0,"color":"rgb(140,86,75)"},{"description":"Black","count":0,"tested":27,"deaths":0,"color":"rgb(255,127,14)"},{"description":"Hispanic","count":9,"tested":25,"deaths":0,"color":"rgb(214,39,40)"},{"description":"Left Blank","count":74,"tested":1070,"deaths":0,"color":"rgb(44,160,44)"},{"description":"Other","count":0,"tested":18,"deaths":0,"color":"rgb(148,103,189)"},{"description":"White","count":277,"tested":1578,"deaths":0,"color":"rgb(31,119,180)"}],"gender":[{"description":"Female","count":192,"tested":1768,"deaths":0,"color":"rgb(255,127,14)"},{"description":"Male","count":162,"tested":866,"deaths":0,"color":"rgb(31,119,180)"},{"description":"Unknown/Left Blank","count":11,"tested":86,"deaths":0,"color":"rgb(44,160,44)"}]}}]}
