{"age":[{"age_group":"<20","count":24,"tested":375},{"age_group":"20-29   ","count":17,"tested":537},{"age_group":"30-39   ","count":21,"tested":290},{"age_group":"40-49   ","count":25,"tested":458},{"age_group":"50-59   ","count":44,"tested":507},{"age_group":"60-69   ","count":27,"tested":637},{"age_group":"70-79   ","count":24,"tested":273},{"age_group":"80+","count":23,"tested":849}],"race":[{"description":"Left Blank","count":78,"tested":3065,"color":"rgb(44,160,44)"},{"description":"White","count":123,"tested":826,"color":"rgb(31,119,180)"}],"gender":[{"description":"Male","count":85,"tested":1133,"color":"rgb(31,119,180)"},{"description":"Female","count":118,"tested":2690,"color":"rgb(255,127,14)"}]}
