{"age":[{"age_group":"<20","count":61,"tested":1246},{"age_group":"20-29   ","count":80,"tested":2736},{"age_group":"30-39   ","count":50,"tested":1725},{"age_group":"40-49   ","count":70,"tested":2349},{"age_group":"50-59   ","count":92,"tested":2711},{"age_group":"60-69   ","count":54,"tested":2147},{"age_group":"70-79   ","count":58,"tested":1699},{"age_group":"80+","count":99,"tested":3236}],"race":[{"description":"White","count":318,"tested":5015,"color":"rgb(31,119,180)"},{"description":"Asian","count":25,"tested":1092,"color":"rgb(140,86,75)"},{"description":"Hispanic","count":20,"tested":984,"color":"rgb(214,39,40)"},{"description":"Other","count":34,"tested":458,"color":"rgb(148,103,189)"},{"description":"Left Blank","count":162,"tested":9795,"color":"rgb(44,160,44)"}],"gender":[{"description":"Female","count":307,"tested":11043,"color":"rgb(255,127,14)"},{"description":"Male","count":251,"tested":6379,"color":"rgb(31,119,180)"}]}
