{"age":[{"age_group":"<20","count":19,"tested":330},{"age_group":"20-29   ","count":302,"tested":5268},{"age_group":"30-39   ","count":261,"tested":5049},{"age_group":"40-49   ","count":47,"tested":1137},{"age_group":"50-59   ","count":29,"tested":661},{"age_group":"60-69   ","count":21,"tested":341}],"race":[{"description":"Left Blank","count":274,"tested":6209,"color":"rgb(44,160,44)"},{"description":"Hispanic","count":34,"tested":387,"color":"rgb(214,39,40)"},{"description":"Other","count":37,"tested":743,"color":"rgb(148,103,189)"},{"description":"White","count":251,"tested":3914,"color":"rgb(31,119,180)"},{"description":"Asian","count":59,"tested":1286,"color":"rgb(140,86,75)"},{"description":"Black","count":25,"tested":395,"color":"rgb(255,127,14)"}],"gender":[{"description":"Unknown/Left Blank","count":22,"tested":138,"color":"rgb(44,160,44)"},{"description":"Female","count":310,"tested":6582,"color":"rgb(255,127,14)"},{"description":"Male","count":350,"tested":6243,"color":"rgb(31,119,180)"}]}
