{"age":[{"age_group":"<20","count":46,"tested":672},{"age_group":"20-29   ","count":81,"tested":886},{"age_group":"30-39   ","count":74,"tested":872},{"age_group":"40-49   ","count":54,"tested":893},{"age_group":"50-59   ","count":90,"tested":2026},{"age_group":"60-69   ","count":55,"tested":1263},{"age_group":"70-79   ","count":39,"tested":583},{"age_group":"80+","count":45,"tested":1727}],"race":[{"description":"Other","count":30,"tested":214,"color":"rgb(148,103,189)"},{"description":"Left Blank","count":81,"tested":1874,"color":"rgb(44,160,44)"},{"description":"White","count":359,"tested":6401,"color":"rgb(31,119,180)"},{"description":"Hispanic","count":10,"tested":139,"color":"rgb(214,39,40)"}],"gender":[{"description":"Male","count":201,"tested":3003,"color":"rgb(31,119,180)"},{"description":"Female","count":279,"tested":5561,"color":"rgb(255,127,14)"}]}
