{"age":[{"age_group":"<20","count":624,"tested":4920},{"age_group":"20-29   ","count":729,"tested":10691},{"age_group":"30-39   ","count":759,"tested":11647},{"age_group":"40-49   ","count":664,"tested":11002},{"age_group":"50-59   ","count":621,"tested":11615},{"age_group":"60-69   ","count":489,"tested":9677},{"age_group":"70-79   ","count":259,"tested":4770},{"age_group":"80+","count":227,"tested":4398}],"race":[{"description":"Black","count":946,"tested":19364,"color":"rgb(255,127,14)"},{"description":"Hispanic","count":700,"tested":3201,"color":"rgb(214,39,40)"},{"description":"Asian","count":7,"tested":347,"color":"rgb(140,86,75)"},{"description":"White","count":1702,"tested":28446,"color":"rgb(31,119,180)"},{"description":"Other","count":92,"tested":2109,"color":"rgb(148,103,189)"},{"description":"Left Blank","count":925,"tested":15145,"color":"rgb(44,160,44)"}],"gender":[{"description":"Unknown/Left Blank","count":16,"tested":620,"color":"rgb(44,160,44)"},{"description":"Male","count":2008,"tested":25369,"color":"rgb(31,119,180)"},{"description":"Female","count":2349,"tested":42758,"color":"rgb(255,127,14)"}]}
