{"age":[{"age_group":"<20","count":131,"tested":1423},{"age_group":"20-29   ","count":152,"tested":1734},{"age_group":"30-39   ","count":140,"tested":1984},{"age_group":"40-49   ","count":178,"tested":1861},{"age_group":"50-59   ","count":219,"tested":2513},{"age_group":"60-69   ","count":193,"tested":2364},{"age_group":"70-79   ","count":81,"tested":1175},{"age_group":"80+","count":32,"tested":633}],"race":[{"description":"Hispanic","count":16,"tested":153,"color":"rgb(214,39,40)"},{"description":"Left Blank","count":372,"tested":7006,"color":"rgb(44,160,44)"},{"description":"White","count":704,"tested":6121,"color":"rgb(31,119,180)"},{"description":"Other","count":16,"tested":287,"color":"rgb(148,103,189)"},{"description":"Black","count":11,"tested":90,"color":"rgb(255,127,14)"}],"gender":[{"description":"Male","count":549,"tested":5666,"color":"rgb(31,119,180)"},{"description":"Female","count":573,"tested":7793,"color":"rgb(255,127,14)"}]}
