{"age":[{"age_group":"<20","count":1448,"tested":9605},{"age_group":"20-29   ","count":1798,"tested":16624},{"age_group":"30-39   ","count":1447,"tested":12660},{"age_group":"40-49   ","count":1572,"tested":12467},{"age_group":"50-59   ","count":1403,"tested":14920},{"age_group":"60-69   ","count":807,"tested":10486},{"age_group":"70-79   ","count":274,"tested":4189},{"age_group":"80+","count":148,"tested":1876}],"race":[{"description":"Left Blank","count":1738,"tested":34933,"color":"rgb(44,160,44)"},{"description":"AI/AN**","count":7,"tested":61,"color":"rgb(31,119,180)"},{"description":"Hispanic","count":5450,"tested":25312,"color":"rgb(214,39,40)"},{"description":"Other","count":221,"tested":2191,"color":"rgb(148,103,189)"},{"description":"NH/PI*","count":9,"tested":176,"color":"rgb(127,127,127)"},{"description":"White","count":664,"tested":10162,"color":"rgb(31,119,180)"},{"description":"Asian","count":97,"tested":1646,"color":"rgb(140,86,75)"},{"description":"Black","count":714,"tested":8357,"color":"rgb(255,127,14)"}],"gender":[{"description":"Male","count":4199,"tested":37303,"color":"rgb(31,119,180)"},{"description":"Female","count":4584,"tested":44217,"color":"rgb(255,127,14)"},{"description":"Unknown/Left Blank","count":117,"tested":1318,"color":"rgb(44,160,44)"}]}
