{"age":[{"age_group":"30-39   ","count":7,"tested":431},{"age_group":"40-49   ","count":6,"tested":342},{"age_group":"50-59   ","count":15,"tested":431},{"age_group":"60-69   ","count":14,"tested":516},{"age_group":"70-79   ","count":12,"tested":633},{"age_group":"80+","count":8,"tested":130}],"race":[{"description":"Left Blank","count":16,"tested":209,"color":"rgb(44,160,44)"},{"description":"White","count":14,"tested":278,"color":"rgb(31,119,180)"},{"description":"Black","count":25,"tested":625,"color":"rgb(255,127,14)"}],"gender":[{"description":"Male","count":38,"tested":1968,"color":"rgb(31,119,180)"},{"description":"Female","count":29,"tested":772,"color":"rgb(255,127,14)"}]}
