{"age":[{"age_group":"<20","count":157,"tested":1360},{"age_group":"20-29   ","count":125,"tested":1403},{"age_group":"30-39   ","count":101,"tested":1194},{"age_group":"40-49   ","count":150,"tested":1231},{"age_group":"50-59   ","count":158,"tested":1548},{"age_group":"60-69   ","count":92,"tested":1275},{"age_group":"70-79   ","count":36,"tested":926},{"age_group":"80+","count":26,"tested":478}],"race":[{"description":"Left Blank","count":215,"tested":3005,"color":"rgb(44,160,44)"},{"description":"Hispanic","count":81,"tested":452,"color":"rgb(214,39,40)"},{"description":"Other","count":28,"tested":238,"color":"rgb(148,103,189)"},{"description":"White","count":504,"tested":5533,"color":"rgb(31,119,180)"},{"description":"Black","count":7,"tested":102,"color":"rgb(255,127,14)"},{"description":"Asian","count":8,"tested":77,"color":"rgb(140,86,75)"}],"gender":[{"description":"Female","count":419,"tested":4937,"color":"rgb(255,127,14)"},{"description":"Male","count":424,"tested":4403,"color":"rgb(31,119,180)"}]}
