{"age":[{"age_group":"<20","count":118,"tested":620},{"age_group":"20-29   ","count":140,"tested":1222},{"age_group":"30-39   ","count":138,"tested":1145},{"age_group":"40-49   ","count":105,"tested":953},{"age_group":"50-59   ","count":118,"tested":1059},{"age_group":"60-69   ","count":79,"tested":1117},{"age_group":"70-79   ","count":40,"tested":403},{"age_group":"80+","count":18,"tested":214}],"race":[{"description":"Black","count":20,"tested":194,"color":"rgb(255,127,14)"},{"description":"Asian","count":16,"tested":130,"color":"rgb(140,86,75)"},{"description":"Other","count":44,"tested":300,"color":"rgb(148,103,189)"},{"description":"Left Blank","count":330,"tested":3179,"color":"rgb(44,160,44)"},{"description":"White","count":263,"tested":2457,"color":"rgb(31,119,180)"},{"description":"Hispanic","count":80,"tested":455,"color":"rgb(214,39,40)"}],"gender":[{"description":"Female","count":428,"tested":3757,"color":"rgb(255,127,14)"},{"description":"Male","count":327,"tested":2865,"color":"rgb(31,119,180)"}]}
