{"age":[{"age_group":"<20","count":268,"tested":2457},{"age_group":"20-29   ","count":251,"tested":2455},{"age_group":"30-39   ","count":266,"tested":3303},{"age_group":"40-49   ","count":312,"tested":3119},{"age_group":"50-59   ","count":221,"tested":2614},{"age_group":"60-69   ","count":177,"tested":2502},{"age_group":"70-79   ","count":50,"tested":1318},{"age_group":"80+","count":39,"tested":1961}],"race":[{"description":"Black","count":32,"tested":346,"color":"rgb(255,127,14)"},{"description":"Asian","count":17,"tested":207,"color":"rgb(140,86,75)"},{"description":"Hispanic","count":325,"tested":1815,"color":"rgb(214,39,40)"},{"description":"White","count":587,"tested":6884,"color":"rgb(31,119,180)"},{"description":"Other","count":84,"tested":911,"color":"rgb(148,103,189)"},{"description":"Left Blank","count":537,"tested":9547,"color":"rgb(44,160,44)"}],"gender":[{"description":"Female","count":821,"tested":11226,"color":"rgb(255,127,14)"},{"description":"Male","count":755,"tested":8091,"color":"rgb(31,119,180)"},{"description":"Unknown/Left Blank","count":8,"tested":416,"color":"rgb(44,160,44)"}]}
