{"age":[{"age_group":"<20","count":341,"tested":2843},{"age_group":"20-29   ","count":453,"tested":3668},{"age_group":"30-39   ","count":366,"tested":3624},{"age_group":"40-49   ","count":379,"tested":3412},{"age_group":"50-59   ","count":365,"tested":3554},{"age_group":"60-69   ","count":160,"tested":1962},{"age_group":"70-79   ","count":63,"tested":1017},{"age_group":"80+","count":22,"tested":609}],"race":[{"description":"Black","count":36,"tested":392,"color":"rgb(255,127,14)"},{"description":"White","count":996,"tested":8464,"color":"rgb(31,119,180)"},{"description":"Asian","count":74,"tested":552,"color":"rgb(140,86,75)"},{"description":"Other","count":43,"tested":353,"color":"rgb(148,103,189)"},{"description":"Left Blank","count":694,"tested":9425,"color":"rgb(44,160,44)"},{"description":"Hispanic","count":301,"tested":1465,"color":"rgb(214,39,40)"}],"gender":[{"description":"Male","count":1053,"tested":8775,"color":"rgb(31,119,180)"},{"description":"Female","count":1079,"tested":11796,"color":"rgb(255,127,14)"},{"description":"Unknown/Left Blank","count":18,"tested":121,"color":"rgb(44,160,44)"}]}
