{"age":[{"age_group":"<20","count":191,"tested":1688},{"age_group":"20-29   ","count":228,"tested":2728},{"age_group":"30-39   ","count":219,"tested":2239},{"age_group":"40-49   ","count":254,"tested":1865},{"age_group":"50-59   ","count":174,"tested":2033},{"age_group":"60-69   ","count":139,"tested":2036},{"age_group":"70-79   ","count":61,"tested":1349},{"age_group":"80+","count":54,"tested":3470}],"race":[{"description":"Other","count":75,"tested":523,"color":"rgb(148,103,189)"},{"description":"White","count":432,"tested":5146,"color":"rgb(31,119,180)"},{"description":"Asian","count":40,"tested":587,"color":"rgb(140,86,75)"},{"description":"Hispanic","count":447,"tested":2064,"color":"rgb(214,39,40)"},{"description":"Left Blank","count":306,"tested":8950,"color":"rgb(44,160,44)"},{"description":"Black","count":18,"tested":148,"color":"rgb(255,127,14)"}],"gender":[{"description":"Male","count":659,"tested":6451,"color":"rgb(31,119,180)"},{"description":"Unknown/Left Blank","count":15,"tested":625,"color":"rgb(44,160,44)"},{"description":"Female","count":646,"tested":10358,"color":"rgb(255,127,14)"}]}
