{"age":[{"age_group":"<20","count":255,"tested":1576},{"age_group":"20-29   ","count":314,"tested":3352},{"age_group":"30-39   ","count":296,"tested":2839},{"age_group":"40-49   ","count":275,"tested":2878},{"age_group":"50-59   ","count":259,"tested":3051},{"age_group":"60-69   ","count":180,"tested":3355},{"age_group":"70-79   ","count":81,"tested":1664},{"age_group":"80+","count":42,"tested":963}],"race":[{"description":"Hispanic","count":330,"tested":1684,"color":"rgb(214,39,40)"},{"description":"White","count":452,"tested":4054,"color":"rgb(31,119,180)"},{"description":"Asian","count":7,"tested":122,"color":"rgb(140,86,75)"},{"description":"Black","count":98,"tested":1199,"color":"rgb(255,127,14)"},{"description":"Other","count":39,"tested":383,"color":"rgb(148,103,189)"},{"description":"Left Blank","count":773,"tested":12202,"color":"rgb(44,160,44)"}],"gender":[{"description":"Female","count":936,"tested":11171,"color":"rgb(255,127,14)"},{"description":"Male","count":748,"tested":8241,"color":"rgb(31,119,180)"},{"description":"Unknown/Left Blank","count":18,"tested":270,"color":"rgb(44,160,44)"}]}
