{"age":[{"age_group":"<20","count":278,"tested":1724},{"age_group":"20-29   ","count":377,"tested":3605},{"age_group":"30-39   ","count":369,"tested":3659},{"age_group":"40-49   ","count":322,"tested":3518},{"age_group":"50-59   ","count":257,"tested":3421},{"age_group":"60-69   ","count":163,"tested":2463},{"age_group":"70-79   ","count":78,"tested":1165},{"age_group":"80+","count":40,"tested":471}],"race":[{"description":"AI/AN**","count":17,"tested":57,"color":"rgb(31,119,180)"},{"description":"Other","count":61,"tested":968,"color":"rgb(148,103,189)"},{"description":"Black","count":249,"tested":2536,"color":"rgb(255,127,14)"},{"description":"Left Blank","count":603,"tested":9993,"color":"rgb(44,160,44)"},{"description":"White","count":392,"tested":4296,"color":"rgb(31,119,180)"},{"description":"Hispanic","count":556,"tested":2070,"color":"rgb(214,39,40)"}],"gender":[{"description":"Unknown/Left Blank","count":18,"tested":2635,"color":"rgb(44,160,44)"},{"description":"Male","count":906,"tested":7241,"color":"rgb(31,119,180)"},{"description":"Female","count":960,"tested":10154,"color":"rgb(255,127,14)"}]}
