{"age":[{"age_group":"<20","count":32,"tested":222},{"age_group":"20-29   ","count":39,"tested":324},{"age_group":"30-39   ","count":27,"tested":201},{"age_group":"40-49   ","count":18,"tested":163},{"age_group":"50-59   ","count":45,"tested":435},{"age_group":"60-69   ","count":32,"tested":306},{"age_group":"70-79   ","count":13,"tested":211},{"age_group":"80+","count":6,"tested":63}],"race":[{"description":"Left Blank","count":64,"tested":830,"color":"rgb(44,160,44)"},{"description":"White","count":117,"tested":883,"color":"rgb(31,119,180)"},{"description":"Asian","count":14,"tested":87,"color":"rgb(140,86,75)"},{"description":"Hispanic","count":10,"tested":60,"color":"rgb(214,39,40)"}],"gender":[{"description":"Male","count":110,"tested":921,"color":"rgb(31,119,180)"},{"description":"Female","count":102,"tested":974,"color":"rgb(255,127,14)"}]}
