{"lastUpdatedDate":{"year":2021,"month":10,"day":6},"county_demographics":[{"County":"Peoria","confirmed_cases":26459,"total_tested":445648,"demographics":{"age":[{"race":[],"age_group":"<20","count":5719,"tested":93780,"deaths":0},{"race":[],"age_group":"20-29   ","count":4752,"tested":75246,"deaths":0},{"race":[],"age_group":"30-39   ","count":4143,"tested":67224,"deaths":0},{"race":[],"age_group":"40-49   ","count":3660,"tested":56111,"deaths":0},{"race":[],"age_group":"50-59   ","count":3528,"tested":55439,"deaths":0},{"race":[],"age_group":"60-69   ","count":2520,"tested":45874,"deaths":0},{"race":[],"age_group":"70-79   ","count":1291,"tested":27095,"deaths":0},{"race":[],"age_group":"80+","count":846,"tested":24591,"deaths":0},{"race":[],"age_group":"Unknown","count":0,"tested":288,"deaths":0}],"race":[{"description":"AI/AN**","count":23,"tested":376,"deaths":0,"color":"rgb(31,119,180)"},{"description":"Asian","count":369,"tested":4555,"deaths":0,"color":"rgb(140,86,75)"},{"description":"Black","count":5725,"tested":47781,"deaths":0,"color":"rgb(255,127,14)"},{"description":"Hispanic","count":1537,"tested":8815,"deaths":0,"color":"rgb(214,39,40)"},{"description":"Left Blank","count":1823,"tested":211701,"deaths":0,"color":"rgb(44,160,44)"},{"description":"NH/PI*","count":22,"tested":278,"deaths":0,"color":"rgb(127,127,127)"},{"description":"Other","count":654,"tested":15767,"deaths":0,"color":"rgb(148,103,189)"},{"description":"White","count":16300,"tested":156375,"deaths":0,"color":"rgb(31,119,180)"}],"gender":[{"description":"Female","count":14219,"tested":250654,"deaths":0,"color":"rgb(255,127,14)"},{"description":"Male","count":12058,"tested":180061,"deaths":0,"color":"rgb(31,119,180)"},{"description":"Unknown/Left Blank","count":178,"tested":14933,"deaths":0,"color":"rgb(44,160,44)"}]}}]}
