{"lastUpdatedDate":{"year":2021,"month":10,"day":6},"county_demographics":[{"County":"Kane","confirmed_cases":67190,"total_tested":951940,"demographics":{"age":[{"race":[],"age_group":"<20","count":13102,"tested":178553,"deaths":0},{"race":[],"age_group":"20-29   ","count":12051,"tested":157631,"deaths":0},{"race":[],"age_group":"30-39   ","count":10569,"tested":135473,"deaths":0},{"race":[],"age_group":"40-49   ","count":10935,"tested":125006,"deaths":0},{"race":[],"age_group":"50-59   ","count":9937,"tested":133081,"deaths":0},{"race":[],"age_group":"60-69   ","count":5866,"tested":100714,"deaths":0},{"race":[],"age_group":"70-79   ","count":2801,"tested":63830,"deaths":0},{"race":[],"age_group":"80+","count":1902,"tested":57073,"deaths":0},{"race":[],"age_group":"Unknown","count":27,"tested":579,"deaths":0}],"race":[{"description":"AI/AN**","count":79,"tested":1185,"deaths":0,"color":"rgb(31,119,180)"},{"description":"Asian","count":1499,"tested":29619,"deaths":0,"color":"rgb(140,86,75)"},{"description":"Black","count":2755,"tested":40352,"deaths":0,"color":"rgb(255,127,14)"},{"description":"Hispanic","count":21176,"tested":141211,"deaths":0,"color":"rgb(214,39,40)"},{"description":"Left Blank","count":15807,"tested":386213,"deaths":0,"color":"rgb(44,160,44)"},{"description":"NH/PI*","count":54,"tested":830,"deaths":0,"color":"rgb(127,127,127)"},{"description":"Other","count":1777,"tested":27980,"deaths":0,"color":"rgb(148,103,189)"},{"description":"White","count":24043,"tested":324550,"deaths":0,"color":"rgb(31,119,180)"}],"gender":[{"description":"Female","count":34399,"tested":527014,"deaths":0,"color":"rgb(255,127,14)"},{"description":"Male","count":32409,"tested":400704,"deaths":0,"color":"rgb(31,119,180)"},{"description":"Unknown/Left Blank","count":382,"tested":24222,"deaths":0,"color":"rgb(44,160,44)"}]}}]}
