{"lastUpdatedDate":{"year":2021,"month":10,"day":6},"county_demographics":[{"County":"Scott","confirmed_cases":704,"total_tested":13074,"demographics":{"age":[{"race":[],"age_group":"<20","count":131,"tested":1779,"deaths":0},{"race":[],"age_group":"20-29   ","count":97,"tested":1910,"deaths":0},{"race":[],"age_group":"30-39   ","count":84,"tested":1932,"deaths":0},{"race":[],"age_group":"40-49   ","count":96,"tested":1563,"deaths":0},{"race":[],"age_group":"50-59   ","count":121,"tested":2035,"deaths":0},{"race":[],"age_group":"60-69   ","count":93,"tested":1551,"deaths":0},{"race":[],"age_group":"70-79   ","count":46,"tested":890,"deaths":0},{"race":[],"age_group":"80+","count":36,"tested":1414,"deaths":0}],"race":[{"description":"AI/AN**","count":0,"tested":0,"deaths":0,"color":"rgb(31,119,180)"},{"description":"Asian","count":0,"tested":19,"deaths":0,"color":"rgb(140,86,75)"},{"description":"Black","count":0,"tested":100,"deaths":0,"color":"rgb(255,127,14)"},{"description":"Hispanic","count":0,"tested":57,"deaths":0,"color":"rgb(214,39,40)"},{"description":"Left Blank","count":243,"tested":3317,"deaths":0,"color":"rgb(44,160,44)"},{"description":"NH/PI*","count":0,"tested":0,"deaths":0,"color":"rgb(127,127,127)"},{"description":"Other","count":0,"tested":117,"deaths":0,"color":"rgb(148,103,189)"},{"description":"White","count":455,"tested":9461,"deaths":0,"color":"rgb(31,119,180)"}],"gender":[{"description":"Female","count":326,"tested":8436,"deaths":0,"color":"rgb(255,127,14)"},{"description":"Male","count":287,"tested":3934,"deaths":0,"color":"rgb(31,119,180)"},{"description":"Unknown/Left Blank","count":87,"tested":704,"deaths":0,"color":"rgb(44,160,44)"}]}}]}
