{"lastUpdatedDate":{"year":2021,"month":10,"day":6},"county_demographics":[{"County":"Schuyler","confirmed_cases":1017,"total_tested":22263,"demographics":{"age":[{"race":[],"age_group":"<20","count":152,"tested":1831,"deaths":0},{"race":[],"age_group":"20-29   ","count":99,"tested":2274,"deaths":0},{"race":[],"age_group":"30-39   ","count":143,"tested":3199,"deaths":0},{"race":[],"age_group":"40-49   ","count":136,"tested":3923,"deaths":0},{"race":[],"age_group":"50-59   ","count":170,"tested":5066,"deaths":0},{"race":[],"age_group":"60-69   ","count":155,"tested":3605,"deaths":0},{"race":[],"age_group":"70-79   ","count":88,"tested":1452,"deaths":0},{"race":[],"age_group":"80+","count":74,"tested":878,"deaths":0},{"race":[],"age_group":"Unknown","count":0,"tested":35,"deaths":0}],"race":[{"description":"AI/AN**","count":0,"tested":16,"deaths":0,"color":"rgb(31,119,180)"},{"description":"Asian","count":0,"tested":15,"deaths":0,"color":"rgb(140,86,75)"},{"description":"Black","count":35,"tested":565,"deaths":0,"color":"rgb(255,127,14)"},{"description":"Hispanic","count":7,"tested":165,"deaths":0,"color":"rgb(214,39,40)"},{"description":"Left Blank","count":151,"tested":3864,"deaths":0,"color":"rgb(44,160,44)"},{"description":"NH/PI*","count":0,"tested":0,"deaths":0,"color":"rgb(127,127,127)"},{"description":"Other","count":0,"tested":345,"deaths":0,"color":"rgb(148,103,189)"},{"description":"White","count":811,"tested":17293,"deaths":0,"color":"rgb(31,119,180)"}],"gender":[{"description":"Female","count":512,"tested":9350,"deaths":0,"color":"rgb(255,127,14)"},{"description":"Male","count":480,"tested":12284,"deaths":0,"color":"rgb(31,119,180)"},{"description":"Unknown/Left Blank","count":25,"tested":629,"deaths":0,"color":"rgb(44,160,44)"}]}}]}
