{"lastUpdatedDate":{"year":2021,"month":5,"day":21},"county_demographics":[{"County":"Mason","confirmed_cases":1526,"total_tested":25223,"demographics":{"age":[{"race":[],"age_group":"<20","count":261,"tested":3764,"deaths":0},{"race":[],"age_group":"20-29   ","count":177,"tested":3732,"deaths":0},{"race":[],"age_group":"30-39   ","count":218,"tested":3858,"deaths":0},{"race":[],"age_group":"40-49   ","count":216,"tested":4149,"deaths":0},{"race":[],"age_group":"50-59   ","count":217,"tested":3659,"deaths":0},{"race":[],"age_group":"60-69   ","count":193,"tested":2538,"deaths":0},{"race":[],"age_group":"70-79   ","count":137,"tested":1476,"deaths":0},{"race":[],"age_group":"80+","count":103,"tested":2047,"deaths":0},{"race":[],"age_group":"Unknown","count":0,"tested":0,"deaths":0}],"race":[{"description":"AI/AN**","count":0,"tested":10,"deaths":0,"color":"rgb(31,119,180)"},{"description":"Asian","count":0,"tested":50,"deaths":0,"color":"rgb(140,86,75)"},{"description":"Black","count":0,"tested":47,"deaths":0,"color":"rgb(255,127,14)"},{"description":"Hispanic","count":9,"tested":57,"deaths":0,"color":"rgb(214,39,40)"},{"description":"Left Blank","count":474,"tested":8527,"deaths":0,"color":"rgb(44,160,44)"},{"description":"Other","count":8,"tested":198,"deaths":0,"color":"rgb(148,103,189)"},{"description":"White","count":1029,"tested":16334,"deaths":0,"color":"rgb(31,119,180)"}],"gender":[{"description":"Female","count":832,"tested":16047,"deaths":0,"color":"rgb(255,127,14)"},{"description":"Male","count":641,"tested":8065,"deaths":0,"color":"rgb(31,119,180)"},{"description":"Unknown/Left Blank","count":52,"tested":1111,"deaths":0,"color":"rgb(44,160,44)"}]}}]}
