{"lastUpdatedDate":{"year":2021,"month":5,"day":21},"county_demographics":[{"County":"Christian","confirmed_cases":3723,"total_tested":56598,"demographics":{"age":[{"race":[],"age_group":"<20","count":413,"tested":5215,"deaths":0},{"race":[],"age_group":"20-29   ","count":565,"tested":8915,"deaths":0},{"race":[],"age_group":"30-39   ","count":532,"tested":9448,"deaths":0},{"race":[],"age_group":"40-49   ","count":592,"tested":9133,"deaths":0},{"race":[],"age_group":"50-59   ","count":618,"tested":8835,"deaths":0},{"race":[],"age_group":"60-69   ","count":449,"tested":6453,"deaths":0},{"race":[],"age_group":"70-79   ","count":293,"tested":3904,"deaths":0},{"race":[],"age_group":"80+","count":261,"tested":4082,"deaths":0},{"race":[],"age_group":"Unknown","count":0,"tested":613,"deaths":0}],"race":[{"description":"AI/AN**","count":0,"tested":40,"deaths":0,"color":"rgb(31,119,180)"},{"description":"Asian","count":0,"tested":91,"deaths":0,"color":"rgb(140,86,75)"},{"description":"Black","count":71,"tested":242,"deaths":0,"color":"rgb(255,127,14)"},{"description":"Hispanic","count":65,"tested":197,"deaths":0,"color":"rgb(214,39,40)"},{"description":"Left Blank","count":1651,"tested":31190,"deaths":0,"color":"rgb(44,160,44)"},{"description":"NH/PI*","count":0,"tested":16,"deaths":0,"color":"rgb(127,127,127)"},{"description":"Other","count":42,"tested":594,"deaths":0,"color":"rgb(148,103,189)"},{"description":"White","count":1882,"tested":24228,"deaths":0,"color":"rgb(31,119,180)"}],"gender":[{"description":"Female","count":1669,"tested":26648,"deaths":0,"color":"rgb(255,127,14)"},{"description":"Male","count":1739,"tested":19235,"deaths":0,"color":"rgb(31,119,180)"},{"description":"Unknown/Left Blank","count":315,"tested":10715,"deaths":0,"color":"rgb(44,160,44)"}]}}]}
