{"lastUpdatedDate":{"year":2021,"month":5,"day":21},"county_demographics":[{"County":"Macon","confirmed_cases":10848,"total_tested":188017,"demographics":{"age":[{"race":[],"age_group":"<20","count":1646,"tested":21408,"deaths":0},{"race":[],"age_group":"20-29   ","count":1675,"tested":31860,"deaths":0},{"race":[],"age_group":"30-39   ","count":1611,"tested":28337,"deaths":0},{"race":[],"age_group":"40-49   ","count":1591,"tested":26353,"deaths":0},{"race":[],"age_group":"50-59   ","count":1549,"tested":25475,"deaths":0},{"race":[],"age_group":"60-69   ","count":1308,"tested":22000,"deaths":0},{"race":[],"age_group":"70-79   ","count":842,"tested":14577,"deaths":0},{"race":[],"age_group":"80+","count":623,"tested":17294,"deaths":0},{"race":[],"age_group":"Unknown","count":0,"tested":713,"deaths":0}],"race":[{"description":"AI/AN**","count":9,"tested":87,"deaths":0,"color":"rgb(31,119,180)"},{"description":"Asian","count":84,"tested":811,"deaths":0,"color":"rgb(140,86,75)"},{"description":"Black","count":2039,"tested":15864,"deaths":0,"color":"rgb(255,127,14)"},{"description":"Hispanic","count":223,"tested":1347,"deaths":0,"color":"rgb(214,39,40)"},{"description":"Left Blank","count":1115,"tested":105576,"deaths":0,"color":"rgb(44,160,44)"},{"description":"NH/PI*","count":7,"tested":92,"deaths":0,"color":"rgb(127,127,127)"},{"description":"Other","count":163,"tested":2595,"deaths":0,"color":"rgb(148,103,189)"},{"description":"White","count":7205,"tested":61645,"deaths":0,"color":"rgb(31,119,180)"}],"gender":[{"description":"Female","count":5920,"tested":107278,"deaths":0,"color":"rgb(255,127,14)"},{"description":"Male","count":4855,"tested":64602,"deaths":0,"color":"rgb(31,119,180)"},{"description":"Unknown/Left Blank","count":69,"tested":16137,"deaths":0,"color":"rgb(44,160,44)"}]}}]}
