{"lastUpdatedDate":{"year":2021,"month":5,"day":21},"county_demographics":[{"County":"Iroquois","confirmed_cases":3048,"total_tested":50376,"demographics":{"age":[{"race":[],"age_group":"<20","count":512,"tested":7171,"deaths":0},{"race":[],"age_group":"20-29   ","count":435,"tested":6393,"deaths":0},{"race":[],"age_group":"30-39   ","count":389,"tested":6324,"deaths":0},{"race":[],"age_group":"40-49   ","count":398,"tested":5154,"deaths":0},{"race":[],"age_group":"50-59   ","count":460,"tested":6881,"deaths":0},{"race":[],"age_group":"60-69   ","count":411,"tested":6483,"deaths":0},{"race":[],"age_group":"70-79   ","count":257,"tested":4658,"deaths":0},{"race":[],"age_group":"80+","count":186,"tested":7303,"deaths":0},{"race":[],"age_group":"Unknown","count":0,"tested":9,"deaths":0}],"race":[{"description":"AI/AN**","count":0,"tested":13,"deaths":0,"color":"rgb(31,119,180)"},{"description":"Asian","count":0,"tested":98,"deaths":0,"color":"rgb(140,86,75)"},{"description":"Black","count":36,"tested":570,"deaths":0,"color":"rgb(255,127,14)"},{"description":"Hispanic","count":241,"tested":1492,"deaths":0,"color":"rgb(214,39,40)"},{"description":"Left Blank","count":402,"tested":16108,"deaths":0,"color":"rgb(44,160,44)"},{"description":"NH/PI*","count":0,"tested":8,"deaths":0,"color":"rgb(127,127,127)"},{"description":"Other","count":69,"tested":812,"deaths":0,"color":"rgb(148,103,189)"},{"description":"White","count":2293,"tested":31275,"deaths":0,"color":"rgb(31,119,180)"}],"gender":[{"description":"Female","count":1615,"tested":32279,"deaths":0,"color":"rgb(255,127,14)"},{"description":"Male","count":1354,"tested":17380,"deaths":0,"color":"rgb(31,119,180)"},{"description":"Unknown/Left Blank","count":79,"tested":717,"deaths":0,"color":"rgb(44,160,44)"}]}}]}
