{"lastUpdatedDate":{"year":2021,"month":5,"day":21},"county_demographics":[{"County":"Bond","confirmed_cases":2070,"total_tested":38623,"demographics":{"age":[{"race":[],"age_group":"<20","count":336,"tested":6403,"deaths":0},{"race":[],"age_group":"20-29   ","count":375,"tested":11497,"deaths":0},{"race":[],"age_group":"30-39   ","count":303,"tested":5049,"deaths":0},{"race":[],"age_group":"40-49   ","count":306,"tested":4393,"deaths":0},{"race":[],"age_group":"50-59   ","count":310,"tested":3872,"deaths":0},{"race":[],"age_group":"60-69   ","count":228,"tested":3332,"deaths":0},{"race":[],"age_group":"70-79   ","count":117,"tested":2037,"deaths":0},{"race":[],"age_group":"80+","count":95,"tested":1908,"deaths":0},{"race":[],"age_group":"Unknown","count":0,"tested":132,"deaths":0}],"race":[{"description":"AI/AN**","count":0,"tested":29,"deaths":0,"color":"rgb(31,119,180)"},{"description":"Asian","count":0,"tested":351,"deaths":0,"color":"rgb(140,86,75)"},{"description":"Black","count":49,"tested":1909,"deaths":0,"color":"rgb(255,127,14)"},{"description":"Hispanic","count":19,"tested":1208,"deaths":0,"color":"rgb(214,39,40)"},{"description":"Left Blank","count":1034,"tested":18913,"deaths":0,"color":"rgb(44,160,44)"},{"description":"NH/PI*","count":0,"tested":45,"deaths":0,"color":"rgb(127,127,127)"},{"description":"Other","count":23,"tested":258,"deaths":0,"color":"rgb(148,103,189)"},{"description":"White","count":929,"tested":15910,"deaths":0,"color":"rgb(31,119,180)"}],"gender":[{"description":"Female","count":978,"tested":17968,"deaths":0,"color":"rgb(255,127,14)"},{"description":"Male","count":1055,"tested":18618,"deaths":0,"color":"rgb(31,119,180)"},{"description":"Unknown/Left Blank","count":37,"tested":2037,"deaths":0,"color":"rgb(44,160,44)"}]}}]}
