{"age":[{"age_group":"<20","count":271,"tested":2719},{"age_group":"20-29   ","count":225,"tested":1908},{"age_group":"30-39   ","count":222,"tested":1823},{"age_group":"40-49   ","count":196,"tested":1581},{"age_group":"50-59   ","count":167,"tested":1593},{"age_group":"60-69   ","count":101,"tested":1181},{"age_group":"70-79   ","count":70,"tested":482},{"age_group":"80+","count":38,"tested":327}],"race":[{"description":"Left Blank","count":99,"tested":4102,"color":"rgb(44,160,44)"},{"description":"White","count":921,"tested":6085,"color":"rgb(31,119,180)"},{"description":"Hispanic","count":177,"tested":552,"color":"rgb(214,39,40)"},{"description":"Other","count":24,"tested":398,"color":"rgb(148,103,189)"},{"description":"Black","count":53,"tested":333,"color":"rgb(255,127,14)"},{"description":"Asian","count":17,"tested":123,"color":"rgb(140,86,75)"}],"gender":[{"description":"Male","count":597,"tested":4787,"color":"rgb(31,119,180)"},{"description":"Female","count":689,"tested":6737,"color":"rgb(255,127,14)"}]}
