{"age":[{"age_group":"<20","count":633,"tested":5869},{"age_group":"20-29   ","count":739,"tested":8673},{"age_group":"30-39   ","count":784,"tested":9285},{"age_group":"40-49   ","count":608,"tested":7727},{"age_group":"50-59   ","count":606,"tested":7607},{"age_group":"60-69   ","count":433,"tested":7025},{"age_group":"70-79   ","count":238,"tested":3663},{"age_group":"80+","count":148,"tested":2822}],"race":[{"description":"Left Blank","count":1075,"tested":26607,"color":"rgb(44,160,44)"},{"description":"White","count":834,"tested":8808,"color":"rgb(31,119,180)"},{"description":"Hispanic","count":788,"tested":4641,"color":"rgb(214,39,40)"},{"description":"AI/AN**","count":15,"tested":165,"color":"rgb(31,119,180)"},{"description":"Other","count":423,"tested":2977,"color":"rgb(148,103,189)"},{"description":"NH/PI*","count":10,"tested":156,"color":"rgb(127,127,127)"},{"description":"Black","count":223,"tested":2570,"color":"rgb(255,127,14)"},{"description":"Asian","count":821,"tested":6760,"color":"rgb(140,86,75)"}],"gender":[{"description":"Female","count":2074,"tested":28355,"color":"rgb(255,127,14)"},{"description":"Male","count":2062,"tested":23130,"color":"rgb(31,119,180)"},{"description":"Unknown/Left Blank","count":53,"tested":1199,"color":"rgb(44,160,44)"}]}
