{"age":[{"age_group":"<20","count":48,"tested":537},{"age_group":"20-29   ","count":49,"tested":446},{"age_group":"30-39   ","count":43,"tested":415},{"age_group":"40-49   ","count":47,"tested":408},{"age_group":"50-59   ","count":45,"tested":510},{"age_group":"60-69   ","count":59,"tested":465},{"age_group":"70-79   ","count":34,"tested":338},{"age_group":"80+","count":17,"tested":198}],"race":[{"description":"Left Blank","count":61,"tested":967,"color":"rgb(44,160,44)"},{"description":"White","count":271,"tested":2244,"color":"rgb(31,119,180)"}],"gender":[{"description":"Male","count":163,"tested":1263,"color":"rgb(31,119,180)"},{"description":"Female","count":179,"tested":2028,"color":"rgb(255,127,14)"}]}
