{"age":[{"age_group":"<20","count":30,"tested":442},{"age_group":"20-29   ","count":39,"tested":705},{"age_group":"30-39   ","count":35,"tested":636},{"age_group":"40-49   ","count":29,"tested":511},{"age_group":"50-59   ","count":46,"tested":1135},{"age_group":"60-69   ","count":32,"tested":652},{"age_group":"70-79   ","count":20,"tested":574},{"age_group":"80+","count":45,"tested":1979}],"race":[{"description":"Hispanic","count":6,"tested":26,"color":"rgb(214,39,40)"},{"description":"White","count":220,"tested":2372,"color":"rgb(31,119,180)"},{"description":"Left Blank","count":39,"tested":4069,"color":"rgb(44,160,44)"},{"description":"Other","count":10,"tested":136,"color":"rgb(148,103,189)"}],"gender":[{"description":"Male","count":116,"tested":1830,"color":"rgb(31,119,180)"},{"description":"Female","count":158,"tested":4699,"color":"rgb(255,127,14)"}]}
