{"age":[{"age_group":"<20","count":522,"tested":6311},{"age_group":"20-29   ","count":637,"tested":8936},{"age_group":"30-39   ","count":483,"tested":7402},{"age_group":"40-49   ","count":447,"tested":6691},{"age_group":"50-59   ","count":564,"tested":8728},{"age_group":"60-69   ","count":338,"tested":6898},{"age_group":"70-79   ","count":129,"tested":2919},{"age_group":"80+","count":133,"tested":2498}],"race":[{"description":"Left Blank","count":666,"tested":15277,"color":"rgb(44,160,44)"},{"description":"White","count":1253,"tested":20638,"color":"rgb(31,119,180)"},{"description":"Other","count":238,"tested":2077,"color":"rgb(148,103,189)"},{"description":"Asian","count":154,"tested":3324,"color":"rgb(140,86,75)"},{"description":"Hispanic","count":683,"tested":5332,"color":"rgb(214,39,40)"},{"description":"Black","count":236,"tested":3441,"color":"rgb(255,127,14)"},{"description":"NH/PI*","count":17,"tested":251,"color":"rgb(127,127,127)"}],"gender":[{"description":"Male","count":1509,"tested":21348,"color":"rgb(31,119,180)"},{"description":"Unknown/Left Blank","count":52,"tested":560,"color":"rgb(44,160,44)"},{"description":"Female","count":1692,"tested":28484,"color":"rgb(255,127,14)"}]}
