{"age":[{"age_group":"<20","count":2461,"tested":16931},{"age_group":"20-29   ","count":2878,"tested":24672},{"age_group":"30-39   ","count":2718,"tested":21467},{"age_group":"40-49   ","count":2555,"tested":18469},{"age_group":"50-59   ","count":2054,"tested":17089},{"age_group":"60-69   ","count":1155,"tested":12377},{"age_group":"70-79   ","count":550,"tested":5723},{"age_group":"80+","count":201,"tested":2134}],"race":[{"description":"AI/AN**","count":10,"tested":112,"color":"rgb(31,119,180)"},{"description":"NH/PI*","count":7,"tested":100,"color":"rgb(127,127,127)"},{"description":"White","count":782,"tested":9982,"color":"rgb(31,119,180)"},{"description":"Left Blank","count":2460,"tested":36378,"color":"rgb(44,160,44)"},{"description":"Asian","count":70,"tested":933,"color":"rgb(140,86,75)"},{"description":"Other","count":528,"tested":5661,"color":"rgb(148,103,189)"},{"description":"Black","count":874,"tested":9926,"color":"rgb(255,127,14)"},{"description":"Hispanic","count":9841,"tested":55957,"color":"rgb(214,39,40)"}],"gender":[{"description":"Unknown/Left Blank","count":85,"tested":1126,"color":"rgb(44,160,44)"},{"description":"Male","count":7088,"tested":53762,"color":"rgb(31,119,180)"},{"description":"Female","count":7399,"tested":64161,"color":"rgb(255,127,14)"}]}
