{"age":[{"age_group":"<20","count":347,"tested":5581},{"age_group":"20-29   ","count":812,"tested":18044},{"age_group":"30-39   ","count":821,"tested":16949},{"age_group":"40-49   ","count":553,"tested":11226},{"age_group":"50-59   ","count":520,"tested":11765},{"age_group":"60-69   ","count":405,"tested":11711},{"age_group":"70-79   ","count":195,"tested":6381},{"age_group":"80+","count":166,"tested":4112}],"race":[{"description":"Black","count":940,"tested":14508,"color":"rgb(255,127,14)"},{"description":"Hispanic","count":438,"tested":4162,"color":"rgb(214,39,40)"},{"description":"Other","count":172,"tested":3107,"color":"rgb(148,103,189)"},{"description":"Left Blank","count":1117,"tested":43544,"color":"rgb(44,160,44)"},{"description":"White","count":620,"tested":11949,"color":"rgb(31,119,180)"},{"description":"Asian","count":524,"tested":8350,"color":"rgb(140,86,75)"}],"gender":[{"description":"Female","count":1914,"tested":43227,"color":"rgb(255,127,14)"},{"description":"Unknown/Left Blank","count":66,"tested":2493,"color":"rgb(44,160,44)"},{"description":"Male","count":1839,"tested":40069,"color":"rgb(31,119,180)"}]}
