{"age":[{"age_group":"<20","count":47,"tested":413},{"age_group":"20-29   ","count":47,"tested":606},{"age_group":"30-39   ","count":26,"tested":517},{"age_group":"40-49   ","count":42,"tested":386},{"age_group":"50-59   ","count":52,"tested":581},{"age_group":"60-69   ","count":26,"tested":416},{"age_group":"70-79   ","count":17,"tested":302},{"age_group":"80+","count":6,"tested":137}],"race":[{"description":"Left Blank","count":53,"tested":898,"color":"rgb(44,160,44)"},{"description":"Other","count":6,"tested":68,"color":"rgb(148,103,189)"},{"description":"White","count":184,"tested":2223,"color":"rgb(31,119,180)"},{"description":"Hispanic","count":10,"tested":59,"color":"rgb(214,39,40)"},{"description":"Black","count":10,"tested":106,"color":"rgb(255,127,14)"}],"gender":[{"description":"Male","count":111,"tested":1104,"color":"rgb(31,119,180)"},{"description":"Female","count":150,"tested":2233,"color":"rgb(255,127,14)"}]}
