{"age":[{"age_group":"<20","count":53,"tested":379},{"age_group":"20-29   ","count":52,"tested":590},{"age_group":"30-39   ","count":50,"tested":551},{"age_group":"40-49   ","count":48,"tested":402},{"age_group":"50-59   ","count":64,"tested":725},{"age_group":"60-69   ","count":33,"tested":609},{"age_group":"70-79   ","count":18,"tested":285},{"age_group":"80+","count":11,"tested":173}],"race":[{"description":"Left Blank","count":75,"tested":1189,"color":"rgb(44,160,44)"},{"description":"Hispanic","count":29,"tested":155,"color":"rgb(214,39,40)"},{"description":"White","count":212,"tested":2122,"color":"rgb(31,119,180)"},{"description":"Black","count":9,"tested":87,"color":"rgb(255,127,14)"}],"gender":[{"description":"Female","count":161,"tested":2024,"color":"rgb(255,127,14)"},{"description":"Male","count":167,"tested":1620,"color":"rgb(31,119,180)"}]}
