{"age":[{"age_group":"<20","count":390,"tested":3822},{"age_group":"20-29   ","count":414,"tested":4933},{"age_group":"30-39   ","count":429,"tested":5110},{"age_group":"40-49   ","count":409,"tested":4341},{"age_group":"50-59   ","count":396,"tested":5004},{"age_group":"60-69   ","count":292,"tested":5091},{"age_group":"70-79   ","count":147,"tested":2998},{"age_group":"80+","count":103,"tested":2559}],"race":[{"description":"Asian","count":122,"tested":1917,"color":"rgb(140,86,75)"},{"description":"Hispanic","count":703,"tested":3953,"color":"rgb(214,39,40)"},{"description":"Black","count":45,"tested":591,"color":"rgb(255,127,14)"},{"description":"White","count":968,"tested":11826,"color":"rgb(31,119,180)"},{"description":"Left Blank","count":599,"tested":14753,"color":"rgb(44,160,44)"},{"description":"Other","count":136,"tested":741,"color":"rgb(148,103,189)"}],"gender":[{"description":"Male","count":1271,"tested":14445,"color":"rgb(31,119,180)"},{"description":"Unknown/Left Blank","count":15,"tested":584,"color":"rgb(44,160,44)"},{"description":"Female","count":1294,"tested":18840,"color":"rgb(255,127,14)"}]}
