{"age":[{"age_group":"<20","count":521,"tested":5996},{"age_group":"20-29   ","count":370,"tested":5169},{"age_group":"30-39   ","count":333,"tested":4896},{"age_group":"40-49   ","count":312,"tested":3954},{"age_group":"50-59   ","count":422,"tested":5070},{"age_group":"60-69   ","count":254,"tested":4056},{"age_group":"70-79   ","count":82,"tested":2397},{"age_group":"80+","count":89,"tested":3187}],"race":[{"description":"Left Blank","count":419,"tested":12475,"color":"rgb(44,160,44)"},{"description":"White","count":1569,"tested":18414,"color":"rgb(31,119,180)"},{"description":"Asian","count":61,"tested":613,"color":"rgb(140,86,75)"},{"description":"Hispanic","count":214,"tested":1620,"color":"rgb(214,39,40)"},{"description":"Black","count":46,"tested":711,"color":"rgb(255,127,14)"},{"description":"Other","count":70,"tested":887,"color":"rgb(148,103,189)"}],"gender":[{"description":"Male","count":1137,"tested":14880,"color":"rgb(31,119,180)"},{"description":"Unknown/Left Blank","count":14,"tested":459,"color":"rgb(44,160,44)"},{"description":"Female","count":1233,"tested":19423,"color":"rgb(255,127,14)"}]}
