{"age":[{"age_group":"<20","count":215,"tested":4064},{"age_group":"20-29   ","count":120,"tested":2355},{"age_group":"30-39   ","count":85,"tested":1654},{"age_group":"40-49   ","count":117,"tested":2599},{"age_group":"50-59   ","count":146,"tested":2374},{"age_group":"60-69   ","count":93,"tested":2071},{"age_group":"70-79   ","count":37,"tested":1110},{"age_group":"80+","count":11,"tested":423}],"race":[{"description":"Hispanic","count":47,"tested":706,"color":"rgb(214,39,40)"},{"description":"Asian","count":13,"tested":640,"color":"rgb(140,86,75)"},{"description":"White","count":438,"tested":8160,"color":"rgb(31,119,180)"},{"description":"Left Blank","count":217,"tested":5384,"color":"rgb(44,160,44)"},{"description":"Other","count":49,"tested":720,"color":"rgb(148,103,189)"},{"description":"Black","count":60,"tested":1027,"color":"rgb(255,127,14)"}],"gender":[{"description":"Female","count":383,"tested":8815,"color":"rgb(255,127,14)"},{"description":"Male","count":429,"tested":7524,"color":"rgb(31,119,180)"}]}
