{"age":[{"age_group":"<20","count":31,"tested":263},{"age_group":"20-29   ","count":37,"tested":462},{"age_group":"30-39   ","count":55,"tested":423},{"age_group":"40-49   ","count":44,"tested":371},{"age_group":"50-59   ","count":41,"tested":462},{"age_group":"60-69   ","count":36,"tested":506},{"age_group":"70-79   ","count":10,"tested":171},{"age_group":"80+","count":8,"tested":161}],"race":[{"description":"Hispanic","count":42,"tested":219,"color":"rgb(214,39,40)"},{"description":"Black","count":44,"tested":474,"color":"rgb(255,127,14)"},{"description":"Left Blank","count":87,"tested":1243,"color":"rgb(44,160,44)"},{"description":"White","count":84,"tested":827,"color":"rgb(31,119,180)"}],"gender":[{"description":"Female","count":128,"tested":1522,"color":"rgb(255,127,14)"},{"description":"Male","count":134,"tested":1260,"color":"rgb(31,119,180)"}]}
