{"age":[{"age_group":"<20","count":140,"tested":1229},{"age_group":"20-29   ","count":154,"tested":2179},{"age_group":"30-39   ","count":136,"tested":2193},{"age_group":"40-49   ","count":155,"tested":2488},{"age_group":"50-59   ","count":141,"tested":2935},{"age_group":"60-69   ","count":117,"tested":2795},{"age_group":"70-79   ","count":58,"tested":1259},{"age_group":"80+","count":38,"tested":804}],"race":[{"description":"White","count":82,"tested":981,"color":"rgb(31,119,180)"},{"description":"Black","count":473,"tested":5510,"color":"rgb(255,127,14)"},{"description":"Other","count":15,"tested":192,"color":"rgb(148,103,189)"},{"description":"Left Blank","count":297,"tested":8734,"color":"rgb(44,160,44)"},{"description":"Hispanic","count":71,"tested":417,"color":"rgb(214,39,40)"}],"gender":[{"description":"Female","count":504,"tested":9211,"color":"rgb(255,127,14)"},{"description":"Male","count":431,"tested":6258,"color":"rgb(31,119,180)"}]}
