{"age":[{"age_group":"<20","count":15,"tested":194},{"age_group":"20-29   ","count":14,"tested":130},{"age_group":"30-39   ","count":24,"tested":137},{"age_group":"40-49   ","count":20,"tested":110},{"age_group":"50-59   ","count":18,"tested":172},{"age_group":"60-69   ","count":20,"tested":113},{"age_group":"70-79   ","count":13,"tested":32}],"race":[{"description":"White","count":76,"tested":564,"color":"rgb(31,119,180)"},{"description":"Left Blank","count":45,"tested":313,"color":"rgb(44,160,44)"}],"gender":[{"description":"Female","count":70,"tested":518,"color":"rgb(255,127,14)"},{"description":"Male","count":55,"tested":337,"color":"rgb(31,119,180)"}]}
