{"age":[{"age_group":"<20","count":70,"tested":1496},{"age_group":"20-29   ","count":38,"tested":823},{"age_group":"30-39   ","count":36,"tested":788},{"age_group":"40-49   ","count":54,"tested":1161},{"age_group":"50-59   ","count":44,"tested":792},{"age_group":"60-69   ","count":25,"tested":866},{"age_group":"70-79   ","count":10,"tested":452},{"age_group":"80+","count":9,"tested":207}],"race":[{"description":"Hispanic","count":20,"tested":206,"color":"rgb(214,39,40)"},{"description":"Left Blank","count":86,"tested":2576,"color":"rgb(44,160,44)"},{"description":"Black","count":26,"tested":381,"color":"rgb(255,127,14)"},{"description":"Asian","count":10,"tested":217,"color":"rgb(140,86,75)"},{"description":"White","count":121,"tested":2786,"color":"rgb(31,119,180)"},{"description":"Other","count":23,"tested":421,"color":"rgb(148,103,189)"}],"gender":[{"description":"Female","count":144,"tested":3568,"color":"rgb(255,127,14)"},{"description":"Male","count":141,"tested":2913,"color":"rgb(31,119,180)"}]}
