{"age":[{"age_group":"<20","count":1112,"tested":13456},{"age_group":"20-29   ","count":2263,"tested":45158},{"age_group":"30-39   ","count":2069,"tested":48320},{"age_group":"40-49   ","count":1256,"tested":18686},{"age_group":"50-59   ","count":1030,"tested":12869},{"age_group":"60-69   ","count":680,"tested":8268},{"age_group":"70-79   ","count":344,"tested":4491},{"age_group":"80+","count":178,"tested":2153}],"race":[{"description":"Hispanic","count":3895,"tested":26426,"color":"rgb(214,39,40)"},{"description":"Left Blank","count":2219,"tested":61572,"color":"rgb(44,160,44)"},{"description":"White","count":1983,"tested":49333,"color":"rgb(31,119,180)"},{"description":"Black","count":305,"tested":4799,"color":"rgb(255,127,14)"},{"description":"NH/PI*","count":6,"tested":114,"color":"rgb(127,127,127)"},{"description":"Asian","count":122,"tested":3299,"color":"rgb(140,86,75)"},{"description":"Other","count":391,"tested":7707,"color":"rgb(148,103,189)"},{"description":"AI/AN**","count":11,"tested":190,"color":"rgb(31,119,180)"}],"gender":[{"description":"Unknown/Left Blank","count":210,"tested":5265,"color":"rgb(44,160,44)"},{"description":"Male","count":4304,"tested":66518,"color":"rgb(31,119,180)"},{"description":"Female","count":4418,"tested":81657,"color":"rgb(255,127,14)"}]}
