{"age":[{"age_group":"<20","count":12,"tested":134},{"age_group":"20-29   ","count":8,"tested":74},{"age_group":"30-39   ","count":10,"tested":79},{"age_group":"40-49   ","count":7,"tested":108},{"age_group":"60-69   ","count":7,"tested":85},{"age_group":"70-79   ","count":6,"tested":25}],"race":[{"description":"White","count":36,"tested":420,"color":"rgb(31,119,180)"},{"description":"Left Blank","count":13,"tested":145,"color":"rgb(44,160,44)"}],"gender":[{"description":"Female","count":30,"tested":429,"color":"rgb(255,127,14)"},{"description":"Male","count":26,"tested":153,"color":"rgb(31,119,180)"}]}
