{"age":[{"age_group":"<20","count":431,"tested":5109},{"age_group":"20-29   ","count":486,"tested":4941},{"age_group":"30-39   ","count":451,"tested":4896},{"age_group":"40-49   ","count":389,"tested":4279},{"age_group":"50-59   ","count":402,"tested":4264},{"age_group":"60-69   ","count":345,"tested":3892},{"age_group":"70-79   ","count":169,"tested":2047},{"age_group":"80+","count":196,"tested":2694}],"race":[{"description":"Asian","count":11,"tested":179,"color":"rgb(140,86,75)"},{"description":"Black","count":102,"tested":1114,"color":"rgb(255,127,14)"},{"description":"Other","count":226,"tested":1202,"color":"rgb(148,103,189)"},{"description":"Hispanic","count":272,"tested":1840,"color":"rgb(214,39,40)"},{"description":"Left Blank","count":626,"tested":14296,"color":"rgb(44,160,44)"},{"description":"White","count":1631,"tested":13590,"color":"rgb(31,119,180)"}],"gender":[{"description":"Female","count":1540,"tested":18979,"color":"rgb(255,127,14)"},{"description":"Male","count":1259,"tested":10932,"color":"rgb(31,119,180)"},{"description":"Unknown/Left Blank","count":71,"tested":2332,"color":"rgb(44,160,44)"}]}
