{"age":[{"age_group":"<20","count":524,"tested":8731},{"age_group":"20-29   ","count":241,"tested":4561},{"age_group":"30-39   ","count":161,"tested":3203},{"age_group":"40-49   ","count":206,"tested":3970},{"age_group":"50-59   ","count":255,"tested":4701},{"age_group":"60-69   ","count":134,"tested":3119},{"age_group":"70-79   ","count":69,"tested":1672},{"age_group":"80+","count":45,"tested":946}],"race":[{"description":"White","count":911,"tested":15104,"color":"rgb(31,119,180)"},{"description":"Hispanic","count":175,"tested":1265,"color":"rgb(214,39,40)"},{"description":"Asian","count":36,"tested":686,"color":"rgb(140,86,75)"},{"description":"Black","count":11,"tested":104,"color":"rgb(255,127,14)"},{"description":"Left Blank","count":346,"tested":11242,"color":"rgb(44,160,44)"},{"description":"Other","count":154,"tested":2439,"color":"rgb(148,103,189)"}],"gender":[{"description":"Unknown/Left Blank","count":10,"tested":171,"color":"rgb(44,160,44)"},{"description":"Male","count":861,"tested":14798,"color":"rgb(31,119,180)"},{"description":"Female","count":764,"tested":15937,"color":"rgb(255,127,14)"}]}
