{"age":[{"age_group":"<20","count":28,"tested":196},{"age_group":"20-29   ","count":10,"tested":90},{"age_group":"30-39   ","count":13,"tested":107},{"age_group":"40-49   ","count":8,"tested":75},{"age_group":"50-59   ","count":14,"tested":182},{"age_group":"60-69   ","count":13,"tested":124},{"age_group":"70-79   ","count":8,"tested":53}],"race":[{"description":"White","count":71,"tested":509,"color":"rgb(31,119,180)"},{"description":"Left Blank","count":23,"tested":328,"color":"rgb(44,160,44)"}],"gender":[{"description":"Female","count":47,"tested":472,"color":"rgb(255,127,14)"},{"description":"Male","count":47,"tested":377,"color":"rgb(31,119,180)"}]}
