{"age":[{"age_group":"<20","count":21,"tested":275},{"age_group":"20-29   ","count":13,"tested":180},{"age_group":"30-39   ","count":25,"tested":232},{"age_group":"40-49   ","count":12,"tested":241},{"age_group":"50-59   ","count":23,"tested":234},{"age_group":"60-69   ","count":27,"tested":253},{"age_group":"70-79   ","count":7,"tested":144}],"race":[{"description":"White","count":86,"tested":936,"color":"rgb(31,119,180)"},{"description":"Left Blank","count":33,"tested":545,"color":"rgb(44,160,44)"}],"gender":[{"description":"Female","count":66,"tested":929,"color":"rgb(255,127,14)"},{"description":"Male","count":63,"tested":663,"color":"rgb(31,119,180)"}]}
