{"age":[{"age_group":"<20","count":55,"tested":455},{"age_group":"20-29   ","count":28,"tested":251},{"age_group":"30-39   ","count":38,"tested":329},{"age_group":"40-49   ","count":47,"tested":394},{"age_group":"50-59   ","count":36,"tested":404},{"age_group":"60-69   ","count":36,"tested":441},{"age_group":"70-79   ","count":23,"tested":265},{"age_group":"80+","count":7,"tested":127}],"race":[{"description":"White","count":199,"tested":1772,"color":"rgb(31,119,180)"},{"description":"Left Blank","count":63,"tested":817,"color":"rgb(44,160,44)"}],"gender":[{"description":"Female","count":147,"tested":1473,"color":"rgb(255,127,14)"},{"description":"Male","count":123,"tested":1114,"color":"rgb(31,119,180)"}]}
