{"age":[{"age_group":"<20","count":135,"tested":1244},{"age_group":"20-29   ","count":167,"tested":1795},{"age_group":"30-39   ","count":165,"tested":2178},{"age_group":"40-49   ","count":171,"tested":2160},{"age_group":"50-59   ","count":175,"tested":2192},{"age_group":"60-69   ","count":112,"tested":1887},{"age_group":"70-79   ","count":56,"tested":1046},{"age_group":"80+","count":24,"tested":352}],"race":[{"description":"Asian","count":14,"tested":121,"color":"rgb(140,86,75)"},{"description":"Black","count":540,"tested":5968,"color":"rgb(255,127,14)"},{"description":"Hispanic","count":161,"tested":955,"color":"rgb(214,39,40)"},{"description":"Left Blank","count":188,"tested":4550,"color":"rgb(44,160,44)"},{"description":"Other","count":37,"tested":334,"color":"rgb(148,103,189)"},{"description":"White","count":63,"tested":924,"color":"rgb(31,119,180)"}],"gender":[{"description":"Female","count":542,"tested":7216,"color":"rgb(255,127,14)"},{"description":"Male","count":455,"tested":5227,"color":"rgb(31,119,180)"},{"description":"Unknown/Left Blank","count":9,"tested":414,"color":"rgb(44,160,44)"}]}
