{"age":[{"age_group":"<20","count":629,"tested":6661},{"age_group":"20-29   ","count":728,"tested":7344},{"age_group":"30-39   ","count":559,"tested":5750},{"age_group":"40-49   ","count":553,"tested":5065},{"age_group":"50-59   ","count":421,"tested":5054},{"age_group":"60-69   ","count":332,"tested":3581},{"age_group":"70-79   ","count":176,"tested":2191},{"age_group":"80+","count":81,"tested":908}],"race":[{"description":"Asian","count":94,"tested":535,"color":"rgb(140,86,75)"},{"description":"Black","count":402,"tested":2930,"color":"rgb(255,127,14)"},{"description":"Hispanic","count":952,"tested":3979,"color":"rgb(214,39,40)"},{"description":"Left Blank","count":370,"tested":15649,"color":"rgb(44,160,44)"},{"description":"Other","count":81,"tested":854,"color":"rgb(148,103,189)"},{"description":"White","count":1571,"tested":12556,"color":"rgb(31,119,180)"}],"gender":[{"description":"Female","count":1867,"tested":21290,"color":"rgb(255,127,14)"},{"description":"Male","count":1599,"tested":14840,"color":"rgb(31,119,180)"},{"description":"Unknown/Left Blank","count":13,"tested":425,"color":"rgb(44,160,44)"}]}
