{"age":[{"age_group":"<20","count":523,"tested":10931},{"age_group":"20-29   ","count":1700,"tested":35028},{"age_group":"30-39   ","count":1699,"tested":42750},{"age_group":"40-49   ","count":717,"tested":15407},{"age_group":"50-59   ","count":487,"tested":9834},{"age_group":"60-69   ","count":306,"tested":6707},{"age_group":"70-79   ","count":183,"tested":3528},{"age_group":"80+","count":147,"tested":2778}],"race":[{"description":"Asian","count":91,"tested":4042,"color":"rgb(140,86,75)"},{"description":"Black","count":298,"tested":5257,"color":"rgb(255,127,14)"},{"description":"Hispanic","count":1251,"tested":13132,"color":"rgb(214,39,40)"},{"description":"Left Blank","count":1896,"tested":54917,"color":"rgb(44,160,44)"},{"description":"Other","count":274,"tested":6075,"color":"rgb(148,103,189)"},{"description":"White","count":1948,"tested":43613,"color":"rgb(31,119,180)"}],"gender":[{"description":"Female","count":2816,"tested":66856,"color":"rgb(255,127,14)"},{"description":"Male","count":2813,"tested":57474,"color":"rgb(31,119,180)"},{"description":"Unknown/Left Blank","count":135,"tested":2868,"color":"rgb(44,160,44)"}]}
