{"age":[{"age_group":"<20","count":143,"tested":1665},{"age_group":"20-29   ","count":140,"tested":1635},{"age_group":"30-39   ","count":152,"tested":1351},{"age_group":"40-49   ","count":151,"tested":1335},{"age_group":"50-59   ","count":199,"tested":2042},{"age_group":"60-69   ","count":123,"tested":1366},{"age_group":"70-79   ","count":53,"tested":843},{"age_group":"80+","count":21,"tested":334}],"race":[{"description":"Asian","count":6,"tested":106,"color":"rgb(140,86,75)"},{"description":"Hispanic","count":41,"tested":323,"color":"rgb(214,39,40)"},{"description":"Left Blank","count":300,"tested":3496,"color":"rgb(44,160,44)"},{"description":"Other","count":43,"tested":333,"color":"rgb(148,103,189)"},{"description":"White","count":589,"tested":6237,"color":"rgb(31,119,180)"}],"gender":[{"description":"Female","count":501,"tested":5621,"color":"rgb(255,127,14)"},{"description":"Male","count":477,"tested":4902,"color":"rgb(31,119,180)"}]}
