{"age":[{"age_group":"<20","count":394,"tested":4806},{"age_group":"20-29   ","count":320,"tested":3946},{"age_group":"30-39   ","count":368,"tested":5400},{"age_group":"40-49   ","count":398,"tested":5273},{"age_group":"50-59   ","count":271,"tested":4101},{"age_group":"60-69   ","count":212,"tested":3944},{"age_group":"70-79   ","count":71,"tested":2045},{"age_group":"80+","count":44,"tested":2963}],"race":[{"description":"Asian","count":22,"tested":488,"color":"rgb(140,86,75)"},{"description":"Black","count":52,"tested":742,"color":"rgb(255,127,14)"},{"description":"Hispanic","count":456,"tested":3608,"color":"rgb(214,39,40)"},{"description":"Left Blank","count":617,"tested":13622,"color":"rgb(44,160,44)"},{"description":"Other","count":99,"tested":1413,"color":"rgb(148,103,189)"},{"description":"White","count":827,"tested":12562,"color":"rgb(31,119,180)"}],"gender":[{"description":"Female","count":1065,"tested":18416,"color":"rgb(255,127,14)"},{"description":"Male","count":993,"tested":13457,"color":"rgb(31,119,180)"},{"description":"Unknown/Left Blank","count":20,"tested":609,"color":"rgb(44,160,44)"}]}
