{"age":[{"age_group":"<20","count":524,"tested":8243},{"age_group":"20-29   ","count":421,"tested":6820},{"age_group":"30-39   ","count":434,"tested":7302},{"age_group":"40-49   ","count":528,"tested":8100},{"age_group":"50-59   ","count":542,"tested":8947},{"age_group":"60-69   ","count":284,"tested":6979},{"age_group":"70-79   ","count":164,"tested":4826},{"age_group":"80+","count":161,"tested":4561}],"race":[{"description":"Asian","count":182,"tested":2930,"color":"rgb(140,86,75)"},{"description":"Black","count":38,"tested":615,"color":"rgb(255,127,14)"},{"description":"Hispanic","count":389,"tested":3743,"color":"rgb(214,39,40)"},{"description":"Left Blank","count":729,"tested":25259,"color":"rgb(44,160,44)"},{"description":"NH/PI*","count":8,"tested":87,"color":"rgb(127,127,127)"},{"description":"Other","count":249,"tested":2694,"color":"rgb(148,103,189)"},{"description":"White","count":1459,"tested":20403,"color":"rgb(31,119,180)"}],"gender":[{"description":"Female","count":1530,"tested":29160,"color":"rgb(255,127,14)"},{"description":"Male","count":1498,"tested":25093,"color":"rgb(31,119,180)"},{"description":"Unknown/Left Blank","count":30,"tested":1536,"color":"rgb(44,160,44)"}]}
