{"age":[{"age_group":"<20","count":575,"tested":9504},{"age_group":"20-29   ","count":579,"tested":7868},{"age_group":"30-39   ","count":457,"tested":7817},{"age_group":"40-49   ","count":431,"tested":6276},{"age_group":"50-59   ","count":529,"tested":8568},{"age_group":"60-69   ","count":297,"tested":6029},{"age_group":"70-79   ","count":149,"tested":3395},{"age_group":"80+","count":89,"tested":1946}],"race":[{"description":"Asian","count":71,"tested":1905,"color":"rgb(140,86,75)"},{"description":"Black","count":113,"tested":1725,"color":"rgb(255,127,14)"},{"description":"Hispanic","count":432,"tested":4440,"color":"rgb(214,39,40)"},{"description":"Left Blank","count":731,"tested":13730,"color":"rgb(44,160,44)"},{"description":"Other","count":153,"tested":1783,"color":"rgb(148,103,189)"},{"description":"White","count":1596,"tested":27598,"color":"rgb(31,119,180)"}],"gender":[{"description":"Female","count":1533,"tested":28592,"color":"rgb(255,127,14)"},{"description":"Male","count":1551,"tested":22353,"color":"rgb(31,119,180)"},{"description":"Unknown/Left Blank","count":23,"tested":459,"color":"rgb(44,160,44)"}]}
