{"age":[{"age_group":"<20","count":331,"tested":2909},{"age_group":"20-29   ","count":328,"tested":4810},{"age_group":"30-39   ","count":331,"tested":4970},{"age_group":"40-49   ","count":327,"tested":5369},{"age_group":"50-59   ","count":310,"tested":5695},{"age_group":"60-69   ","count":222,"tested":5277},{"age_group":"70-79   ","count":80,"tested":1883},{"age_group":"80+","count":56,"tested":927}],"race":[{"description":"Asian","count":14,"tested":239,"color":"rgb(140,86,75)"},{"description":"Black","count":309,"tested":5528,"color":"rgb(255,127,14)"},{"description":"Hispanic","count":672,"tested":5212,"color":"rgb(214,39,40)"},{"description":"Left Blank","count":651,"tested":15499,"color":"rgb(44,160,44)"},{"description":"Other","count":59,"tested":609,"color":"rgb(148,103,189)"},{"description":"White","count":279,"tested":4710,"color":"rgb(31,119,180)"}],"gender":[{"description":"Female","count":1043,"tested":17874,"color":"rgb(255,127,14)"},{"description":"Male","count":932,"tested":13453,"color":"rgb(31,119,180)"},{"description":"Unknown/Left Blank","count":10,"tested":527,"color":"rgb(44,160,44)"}]}
