{"age":[{"age_group":"<20","count":554,"tested":8029},{"age_group":"20-29   ","count":463,"tested":7785},{"age_group":"30-39   ","count":461,"tested":6876},{"age_group":"40-49   ","count":446,"tested":6824},{"age_group":"50-59   ","count":428,"tested":7478},{"age_group":"60-69   ","count":349,"tested":7597},{"age_group":"70-79   ","count":241,"tested":6511},{"age_group":"80+","count":226,"tested":8341}],"race":[{"description":"AI/AN**","count":9,"tested":69,"color":"rgb(31,119,180)"},{"description":"Asian","count":187,"tested":3552,"color":"rgb(140,86,75)"},{"description":"Black","count":258,"tested":4554,"color":"rgb(255,127,14)"},{"description":"Hispanic","count":223,"tested":1979,"color":"rgb(214,39,40)"},{"description":"Left Blank","count":748,"tested":25012,"color":"rgb(44,160,44)"},{"description":"Other","count":165,"tested":2762,"color":"rgb(148,103,189)"},{"description":"White","count":1575,"tested":21517,"color":"rgb(31,119,180)"}],"gender":[{"description":"Female","count":1694,"tested":34845,"color":"rgb(255,127,14)"},{"description":"Male","count":1442,"tested":23556,"color":"rgb(31,119,180)"},{"description":"Unknown/Left Blank","count":32,"tested":1089,"color":"rgb(44,160,44)"}]}
