{"age":[{"age_group":"<20","count":378,"tested":3267},{"age_group":"20-29   ","count":482,"tested":4651},{"age_group":"30-39   ","count":459,"tested":5041},{"age_group":"40-49   ","count":407,"tested":4000},{"age_group":"50-59   ","count":382,"tested":3993},{"age_group":"60-69   ","count":257,"tested":3645},{"age_group":"70-79   ","count":116,"tested":1930},{"age_group":"80+","count":56,"tested":913}],"race":[{"description":"Asian","count":31,"tested":311,"color":"rgb(140,86,75)"},{"description":"Black","count":352,"tested":4160,"color":"rgb(255,127,14)"},{"description":"Hispanic","count":468,"tested":3029,"color":"rgb(214,39,40)"},{"description":"Left Blank","count":899,"tested":11462,"color":"rgb(44,160,44)"},{"description":"Other","count":85,"tested":914,"color":"rgb(148,103,189)"},{"description":"White","count":697,"tested":7498,"color":"rgb(31,119,180)"}],"gender":[{"description":"Female","count":1351,"tested":15713,"color":"rgb(255,127,14)"},{"description":"Male","count":1175,"tested":11349,"color":"rgb(31,119,180)"}]}
