{"age":[{"age_group":"<20","count":22,"tested":335},{"age_group":"20-29   ","count":34,"tested":1212},{"age_group":"30-39   ","count":27,"tested":1417},{"age_group":"40-49   ","count":17,"tested":1626},{"age_group":"50-59   ","count":14,"tested":1617},{"age_group":"60-69   ","count":9,"tested":825}],"race":[{"description":"Black","count":26,"tested":966,"color":"rgb(255,127,14)"},{"description":"Hispanic","count":18,"tested":570,"color":"rgb(214,39,40)"},{"description":"Left Blank","count":46,"tested":2584,"color":"rgb(44,160,44)"},{"description":"Other","count":7,"tested":197,"color":"rgb(148,103,189)"},{"description":"White","count":26,"tested":2599,"color":"rgb(31,119,180)"}],"gender":[{"description":"Female","count":62,"tested":2932,"color":"rgb(255,127,14)"},{"description":"Male","count":65,"tested":4382,"color":"rgb(31,119,180)"}]}
