{"age":[{"age_group":"<20","count":457,"tested":5222},{"age_group":"20-29   ","count":449,"tested":5076},{"age_group":"30-39   ","count":420,"tested":4197},{"age_group":"40-49   ","count":396,"tested":3949},{"age_group":"50-59   ","count":392,"tested":4983},{"age_group":"60-69   ","count":288,"tested":3981},{"age_group":"70-79   ","count":180,"tested":3078},{"age_group":"80+","count":144,"tested":4341}],"race":[{"description":"Asian","count":12,"tested":176,"color":"rgb(140,86,75)"},{"description":"Black","count":37,"tested":441,"color":"rgb(255,127,14)"},{"description":"Hispanic","count":169,"tested":1163,"color":"rgb(214,39,40)"},{"description":"Left Blank","count":583,"tested":9737,"color":"rgb(44,160,44)"},{"description":"Other","count":303,"tested":2434,"color":"rgb(148,103,189)"},{"description":"White","count":1620,"tested":20974,"color":"rgb(31,119,180)"}],"gender":[{"description":"Female","count":1392,"tested":20986,"color":"rgb(255,127,14)"},{"description":"Male","count":1325,"tested":13259,"color":"rgb(31,119,180)"},{"description":"Unknown/Left Blank","count":10,"tested":718,"color":"rgb(44,160,44)"}]}
