{"age":[{"age_group":"<20","count":505,"tested":7032},{"age_group":"20-29   ","count":332,"tested":5215},{"age_group":"30-39   ","count":287,"tested":3946},{"age_group":"40-49   ","count":310,"tested":4976},{"age_group":"50-59   ","count":345,"tested":5106},{"age_group":"60-69   ","count":140,"tested":3107},{"age_group":"70-79   ","count":56,"tested":1420},{"age_group":"80+","count":16,"tested":592}],"race":[{"description":"Asian","count":195,"tested":3682,"color":"rgb(140,86,75)"},{"description":"Black","count":192,"tested":2567,"color":"rgb(255,127,14)"},{"description":"Hispanic","count":311,"tested":2361,"color":"rgb(214,39,40)"},{"description":"Left Blank","count":307,"tested":9785,"color":"rgb(44,160,44)"},{"description":"Other","count":59,"tested":1204,"color":"rgb(148,103,189)"},{"description":"White","count":921,"tested":11670,"color":"rgb(31,119,180)"}],"gender":[{"description":"Female","count":1039,"tested":17153,"color":"rgb(255,127,14)"},{"description":"Male","count":949,"tested":14029,"color":"rgb(31,119,180)"}]}
