{"age":[{"age_group":"<20","count":273,"tested":2247},{"age_group":"20-29   ","count":338,"tested":3557},{"age_group":"30-39   ","count":277,"tested":3678},{"age_group":"40-49   ","count":275,"tested":3267},{"age_group":"50-59   ","count":232,"tested":3619},{"age_group":"60-69   ","count":168,"tested":2801},{"age_group":"70-79   ","count":71,"tested":1174},{"age_group":"80+","count":38,"tested":950}],"race":[{"description":"Asian","count":18,"tested":276,"color":"rgb(140,86,75)"},{"description":"Black","count":221,"tested":2307,"color":"rgb(255,127,14)"},{"description":"Hispanic","count":288,"tested":1777,"color":"rgb(214,39,40)"},{"description":"Left Blank","count":538,"tested":11147,"color":"rgb(44,160,44)"},{"description":"Other","count":85,"tested":750,"color":"rgb(148,103,189)"},{"description":"White","count":517,"tested":4994,"color":"rgb(31,119,180)"}],"gender":[{"description":"Female","count":950,"tested":13702,"color":"rgb(255,127,14)"},{"description":"Male","count":717,"tested":7228,"color":"rgb(31,119,180)"}]}
