{"age":[{"age_group":"<20","count":63,"tested":491},{"age_group":"20-29   ","count":51,"tested":583},{"age_group":"30-39   ","count":41,"tested":479},{"age_group":"40-49   ","count":42,"tested":445},{"age_group":"50-59   ","count":60,"tested":556},{"age_group":"60-69   ","count":48,"tested":619},{"age_group":"70-79   ","count":42,"tested":302},{"age_group":"80+","count":38,"tested":223}],"race":[{"description":"Left Blank","count":78,"tested":1868,"color":"rgb(44,160,44)"},{"description":"Other","count":6,"tested":33,"color":"rgb(148,103,189)"},{"description":"White","count":294,"tested":1757,"color":"rgb(31,119,180)"}],"gender":[{"description":"Female","count":208,"tested":2371,"color":"rgb(255,127,14)"},{"description":"Male","count":177,"tested":1236,"color":"rgb(31,119,180)"}]}
