{"age":[{"age_group":"<20","count":647,"tested":6646},{"age_group":"20-29   ","count":667,"tested":8675},{"age_group":"30-39   ","count":631,"tested":9087},{"age_group":"40-49   ","count":607,"tested":7915},{"age_group":"50-59   ","count":473,"tested":8224},{"age_group":"60-69   ","count":349,"tested":6290},{"age_group":"70-79   ","count":203,"tested":2856},{"age_group":"80+","count":138,"tested":1530}],"race":[{"description":"Black","count":2016,"tested":24429,"color":"rgb(255,127,14)"},{"description":"Hispanic","count":787,"tested":4052,"color":"rgb(214,39,40)"},{"description":"Left Blank","count":760,"tested":20431,"color":"rgb(44,160,44)"},{"description":"Other","count":77,"tested":995,"color":"rgb(148,103,189)"},{"description":"White","count":64,"tested":1094,"color":"rgb(31,119,180)"}],"gender":[{"description":"Female","count":2045,"tested":27586,"color":"rgb(255,127,14)"},{"description":"Male","count":1653,"tested":22842,"color":"rgb(31,119,180)"},{"description":"Unknown/Left Blank","count":17,"tested":802,"color":"rgb(44,160,44)"}]}
