{"age":[{"age_group":"<20","count":232,"tested":5210},{"age_group":"20-29   ","count":155,"tested":3026},{"age_group":"30-39   ","count":109,"tested":2952},{"age_group":"40-49   ","count":172,"tested":3392},{"age_group":"50-59   ","count":168,"tested":4200},{"age_group":"60-69   ","count":120,"tested":4442},{"age_group":"70-79   ","count":85,"tested":4105},{"age_group":"80+","count":127,"tested":8057}],"race":[{"description":"Asian","count":121,"tested":3284,"color":"rgb(140,86,75)"},{"description":"Black","count":17,"tested":881,"color":"rgb(255,127,14)"},{"description":"Hispanic","count":86,"tested":1395,"color":"rgb(214,39,40)"},{"description":"Left Blank","count":246,"tested":10387,"color":"rgb(44,160,44)"},{"description":"Other","count":130,"tested":1500,"color":"rgb(148,103,189)"},{"description":"White","count":566,"tested":17842,"color":"rgb(31,119,180)"}],"gender":[{"description":"Female","count":592,"tested":19239,"color":"rgb(255,127,14)"},{"description":"Male","count":557,"tested":13762,"color":"rgb(31,119,180)"},{"description":"Unknown/Left Blank","count":19,"tested":2412,"color":"rgb(44,160,44)"}]}
