{"age":[{"age_group":"<20","count":597,"tested":4324},{"age_group":"20-29   ","count":700,"tested":6979},{"age_group":"30-39   ","count":590,"tested":6488},{"age_group":"40-49   ","count":548,"tested":6273},{"age_group":"50-59   ","count":478,"tested":6973},{"age_group":"60-69   ","count":300,"tested":4561},{"age_group":"70-79   ","count":125,"tested":1843},{"age_group":"80+","count":63,"tested":1090}],"race":[{"description":"Asian","count":8,"tested":90,"color":"rgb(140,86,75)"},{"description":"Black","count":568,"tested":9369,"color":"rgb(255,127,14)"},{"description":"Hispanic","count":1212,"tested":6889,"color":"rgb(214,39,40)"},{"description":"Left Blank","count":1209,"tested":15873,"color":"rgb(44,160,44)"},{"description":"Other","count":88,"tested":1311,"color":"rgb(148,103,189)"},{"description":"White","count":312,"tested":4921,"color":"rgb(31,119,180)"}],"gender":[{"description":"Female","count":1813,"tested":19712,"color":"rgb(255,127,14)"},{"description":"Male","count":1579,"tested":18331,"color":"rgb(31,119,180)"},{"description":"Unknown/Left Blank","count":9,"tested":494,"color":"rgb(44,160,44)"}]}
