{"age":[{"age_group":"<20","count":368,"tested":4724},{"age_group":"20-29   ","count":252,"tested":4552},{"age_group":"30-39   ","count":265,"tested":5224},{"age_group":"40-49   ","count":290,"tested":5764},{"age_group":"50-59   ","count":270,"tested":5772},{"age_group":"60-69   ","count":162,"tested":4181},{"age_group":"70-79   ","count":67,"tested":2299},{"age_group":"80+","count":34,"tested":3590}],"race":[{"description":"Asian","count":23,"tested":725,"color":"rgb(140,86,75)"},{"description":"Black","count":63,"tested":2344,"color":"rgb(255,127,14)"},{"description":"Hispanic","count":369,"tested":4434,"color":"rgb(214,39,40)"},{"description":"Left Blank","count":485,"tested":10107,"color":"rgb(44,160,44)"},{"description":"Other","count":87,"tested":1391,"color":"rgb(148,103,189)"},{"description":"White","count":677,"tested":17012,"color":"rgb(31,119,180)"}],"gender":[{"description":"Female","count":882,"tested":21654,"color":"rgb(255,127,14)"},{"description":"Male","count":798,"tested":13747,"color":"rgb(31,119,180)"},{"description":"Unknown/Left Blank","count":28,"tested":714,"color":"rgb(44,160,44)"}]}
