{"age":[{"age_group":"<20","count":202,"tested":7392},{"age_group":"20-29   ","count":108,"tested":3418},{"age_group":"30-39   ","count":101,"tested":2498},{"age_group":"40-49   ","count":107,"tested":3609},{"age_group":"50-59   ","count":122,"tested":3472},{"age_group":"60-69   ","count":71,"tested":3078},{"age_group":"70-79   ","count":52,"tested":2431},{"age_group":"80+","count":65,"tested":3288}],"race":[{"description":"Asian","count":31,"tested":1470,"color":"rgb(140,86,75)"},{"description":"Black","count":35,"tested":623,"color":"rgb(255,127,14)"},{"description":"Hispanic","count":90,"tested":2172,"color":"rgb(214,39,40)"},{"description":"Left Blank","count":166,"tested":9490,"color":"rgb(44,160,44)"},{"description":"Other","count":59,"tested":1034,"color":"rgb(148,103,189)"},{"description":"White","count":445,"tested":14325,"color":"rgb(31,119,180)"}],"gender":[{"description":"Female","count":420,"tested":15536,"color":"rgb(255,127,14)"},{"description":"Male","count":401,"tested":13396,"color":"rgb(31,119,180)"}]}
