{"age":[{"age_group":"<20","count":74,"tested":605},{"age_group":"20-29   ","count":49,"tested":571},{"age_group":"30-39   ","count":63,"tested":957},{"age_group":"40-49   ","count":56,"tested":760},{"age_group":"50-59   ","count":67,"tested":937},{"age_group":"60-69   ","count":58,"tested":963},{"age_group":"70-79   ","count":42,"tested":911},{"age_group":"80+","count":61,"tested":1791}],"race":[{"description":"Hispanic","count":13,"tested":95,"color":"rgb(214,39,40)"},{"description":"Left Blank","count":192,"tested":3189,"color":"rgb(44,160,44)"},{"description":"White","count":259,"tested":4050,"color":"rgb(31,119,180)"}],"gender":[{"description":"Female","count":275,"tested":4985,"color":"rgb(255,127,14)"},{"description":"Male","count":194,"tested":2453,"color":"rgb(31,119,180)"}]}
