{"age":[{"age_group":"<20","count":126,"tested":791},{"age_group":"20-29   ","count":111,"tested":873},{"age_group":"30-39   ","count":77,"tested":901},{"age_group":"40-49   ","count":110,"tested":747},{"age_group":"50-59   ","count":135,"tested":1233},{"age_group":"60-69   ","count":86,"tested":843},{"age_group":"70-79   ","count":43,"tested":479},{"age_group":"80+","count":17,"tested":207}],"race":[{"description":"Left Blank","count":221,"tested":1903,"color":"rgb(44,160,44)"},{"description":"Other","count":9,"tested":161,"color":"rgb(148,103,189)"},{"description":"Hispanic","count":40,"tested":198,"color":"rgb(214,39,40)"},{"description":"White","count":431,"tested":3731,"color":"rgb(31,119,180)"}],"gender":[{"description":"Female","count":371,"tested":3429,"color":"rgb(255,127,14)"},{"description":"Male","count":330,"tested":2576,"color":"rgb(31,119,180)"}]}
