{"age":[{"age_group":"<20","count":60,"tested":497},{"age_group":"20-29   ","count":44,"tested":472},{"age_group":"30-39   ","count":59,"tested":776},{"age_group":"40-49   ","count":54,"tested":600},{"age_group":"50-59   ","count":64,"tested":802},{"age_group":"60-69   ","count":52,"tested":792},{"age_group":"70-79   ","count":38,"tested":713},{"age_group":"80+","count":60,"tested":1424}],"race":[{"description":"Hispanic","count":12,"tested":76,"color":"rgb(214,39,40)"},{"description":"Left Blank","count":181,"tested":2877,"color":"rgb(44,160,44)"},{"description":"White","count":233,"tested":3018,"color":"rgb(31,119,180)"}],"gender":[{"description":"Female","count":254,"tested":4069,"color":"rgb(255,127,14)"},{"description":"Male","count":176,"tested":1954,"color":"rgb(31,119,180)"}]}
