{"age":[{"age_group":"<20","count":655,"tested":6034},{"age_group":"20-29   ","count":598,"tested":5705},{"age_group":"30-39   ","count":565,"tested":5981},{"age_group":"40-49   ","count":616,"tested":5504},{"age_group":"50-59   ","count":650,"tested":6218},{"age_group":"60-69   ","count":337,"tested":4461},{"age_group":"70-79   ","count":129,"tested":2248},{"age_group":"80+","count":52,"tested":1607}],"race":[{"description":"Other","count":55,"tested":868,"color":"rgb(148,103,189)"},{"description":"Black","count":42,"tested":401,"color":"rgb(255,127,14)"},{"description":"White","count":2155,"tested":19497,"color":"rgb(31,119,180)"},{"description":"Asian","count":29,"tested":307,"color":"rgb(140,86,75)"},{"description":"Left Blank","count":1190,"tested":15679,"color":"rgb(44,160,44)"},{"description":"Hispanic","count":126,"tested":972,"color":"rgb(214,39,40)"}],"gender":[{"description":"Unknown/Left Blank","count":32,"tested":525,"color":"rgb(44,160,44)"},{"description":"Male","count":1776,"tested":17003,"color":"rgb(31,119,180)"},{"description":"Female","count":1794,"tested":20237,"color":"rgb(255,127,14)"}]}
