{"age":[{"age_group":"<20","count":2346,"tested":14509},{"age_group":"20-29   ","count":2749,"tested":22546},{"age_group":"30-39   ","count":2426,"tested":16492},{"age_group":"40-49   ","count":2353,"tested":14644},{"age_group":"50-59   ","count":1897,"tested":12547},{"age_group":"60-69   ","count":988,"tested":8483},{"age_group":"70-79   ","count":386,"tested":3821},{"age_group":"80+","count":207,"tested":1829}],"race":[{"description":"Other","count":517,"tested":5177,"color":"rgb(148,103,189)"},{"description":"Left Blank","count":2522,"tested":37300,"color":"rgb(44,160,44)"},{"description":"Asian","count":126,"tested":1747,"color":"rgb(140,86,75)"},{"description":"White","count":683,"tested":7724,"color":"rgb(31,119,180)"},{"description":"Hispanic","count":9311,"tested":41027,"color":"rgb(214,39,40)"},{"description":"Black","count":182,"tested":1771,"color":"rgb(255,127,14)"},{"description":"AI/AN**","count":9,"tested":82,"color":"rgb(31,119,180)"}],"gender":[{"description":"Unknown/Left Blank","count":107,"tested":1275,"color":"rgb(44,160,44)"},{"description":"Male","count":6443,"tested":42414,"color":"rgb(31,119,180)"},{"description":"Female","count":6802,"tested":51206,"color":"rgb(255,127,14)"}]}
