{"age":[{"age_group":"<20","count":189,"tested":2065},{"age_group":"20-29   ","count":233,"tested":3063},{"age_group":"30-39   ","count":223,"tested":3210},{"age_group":"40-49   ","count":190,"tested":2785},{"age_group":"50-59   ","count":178,"tested":3214},{"age_group":"60-69   ","count":129,"tested":2272},{"age_group":"70-79   ","count":95,"tested":1514},{"age_group":"80+","count":52,"tested":1298}],"race":[{"description":"Left Blank","count":331,"tested":6271,"color":"rgb(44,160,44)"},{"description":"White","count":745,"tested":10479,"color":"rgb(31,119,180)"},{"description":"Asian","count":9,"tested":74,"color":"rgb(140,86,75)"},{"description":"Hispanic","count":101,"tested":916,"color":"rgb(214,39,40)"},{"description":"Black","count":76,"tested":1277,"color":"rgb(255,127,14)"},{"description":"Other","count":27,"tested":396,"color":"rgb(148,103,189)"}],"gender":[{"description":"Female","count":735,"tested":12430,"color":"rgb(255,127,14)"},{"description":"Male","count":549,"tested":6800,"color":"rgb(31,119,180)"}]}
