{"age":[{"age_group":"<20","count":86,"tested":1234},{"age_group":"20-29   ","count":67,"tested":839},{"age_group":"30-39   ","count":50,"tested":884},{"age_group":"40-49   ","count":66,"tested":710},{"age_group":"50-59   ","count":72,"tested":955},{"age_group":"60-69   ","count":78,"tested":949},{"age_group":"70-79   ","count":41,"tested":834},{"age_group":"80+","count":66,"tested":1382}],"race":[{"description":"White","count":363,"tested":4585,"color":"rgb(31,119,180)"},{"description":"Left Blank","count":155,"tested":3083,"color":"rgb(44,160,44)"}],"gender":[{"description":"Male","count":232,"tested":2902,"color":"rgb(31,119,180)"},{"description":"Female","count":292,"tested":4765,"color":"rgb(255,127,14)"}]}
