{"age":[{"age_group":"<20","count":15,"tested":181},{"age_group":"20-29   ","count":21,"tested":358},{"age_group":"30-39   ","count":17,"tested":187},{"age_group":"40-49   ","count":23,"tested":308},{"age_group":"50-59   ","count":13,"tested":234},{"age_group":"60-69   ","count":13,"tested":197},{"age_group":"70-79   ","count":7,"tested":79},{"age_group":"80+","count":7,"tested":72}],"race":[{"description":"White","count":81,"tested":887,"color":"rgb(31,119,180)"},{"description":"Hispanic","count":10,"tested":62,"color":"rgb(214,39,40)"},{"description":"Left Blank","count":24,"tested":630,"color":"rgb(44,160,44)"}],"gender":[{"description":"Female","count":50,"tested":959,"color":"rgb(255,127,14)"},{"description":"Male","count":66,"tested":651,"color":"rgb(31,119,180)"}]}
