{"age":[{"age_group":"<20","count":352,"tested":3489},{"age_group":"20-29   ","count":468,"tested":4750},{"age_group":"30-39   ","count":252,"tested":2883},{"age_group":"40-49   ","count":329,"tested":3455},{"age_group":"50-59   ","count":453,"tested":4591},{"age_group":"60-69   ","count":347,"tested":4098},{"age_group":"70-79   ","count":167,"tested":3211},{"age_group":"80+","count":166,"tested":5705}],"race":[{"description":"Black","count":45,"tested":553,"color":"rgb(255,127,14)"},{"description":"Hispanic","count":91,"tested":752,"color":"rgb(214,39,40)"},{"description":"White","count":1271,"tested":13188,"color":"rgb(31,119,180)"},{"description":"Asian","count":77,"tested":856,"color":"rgb(140,86,75)"},{"description":"Other","count":109,"tested":1147,"color":"rgb(148,103,189)"},{"description":"Left Blank","count":935,"tested":15657,"color":"rgb(44,160,44)"}],"gender":[{"description":"Male","count":1201,"tested":13429,"color":"rgb(31,119,180)"},{"description":"Female","count":1319,"tested":17974,"color":"rgb(255,127,14)"}]}
