{"age":[{"age_group":"<20","count":259,"tested":2302},{"age_group":"20-29   ","count":344,"tested":4177},{"age_group":"30-39   ","count":322,"tested":3804},{"age_group":"40-49   ","count":399,"tested":4996},{"age_group":"50-59   ","count":329,"tested":4961},{"age_group":"60-69   ","count":207,"tested":3870},{"age_group":"70-79   ","count":124,"tested":2230},{"age_group":"80+","count":90,"tested":1278}],"race":[{"description":"Black","count":1124,"tested":12834,"color":"rgb(255,127,14)"},{"description":"Asian","count":11,"tested":152,"color":"rgb(140,86,75)"},{"description":"White","count":168,"tested":2417,"color":"rgb(31,119,180)"},{"description":"Hispanic","count":86,"tested":591,"color":"rgb(214,39,40)"},{"description":"Other","count":38,"tested":553,"color":"rgb(148,103,189)"},{"description":"Left Blank","count":642,"tested":10976,"color":"rgb(44,160,44)"}],"gender":[{"description":"Female","count":1165,"tested":16194,"color":"rgb(255,127,14)"},{"description":"Male","count":875,"tested":10431,"color":"rgb(31,119,180)"},{"description":"Unknown/Left Blank","count":34,"tested":995,"color":"rgb(44,160,44)"}]}
