{"age":[{"age_group":"<20","count":419,"tested":5816},{"age_group":"20-29   ","count":529,"tested":7482},{"age_group":"30-39   ","count":506,"tested":6785},{"age_group":"40-49   ","count":482,"tested":7020},{"age_group":"50-59   ","count":501,"tested":8244},{"age_group":"60-69   ","count":437,"tested":7436},{"age_group":"70-79   ","count":220,"tested":4911},{"age_group":"80+","count":176,"tested":5336}],"race":[{"description":"Asian","count":477,"tested":4783,"color":"rgb(140,86,75)"},{"description":"White","count":803,"tested":11394,"color":"rgb(31,119,180)"},{"description":"Left Blank","count":877,"tested":28951,"color":"rgb(44,160,44)"},{"description":"Other","count":606,"tested":3636,"color":"rgb(148,103,189)"},{"description":"Black","count":186,"tested":2238,"color":"rgb(255,127,14)"},{"description":"Hispanic","count":295,"tested":1797,"color":"rgb(214,39,40)"},{"description":"NH/PI*","count":6,"tested":132,"color":"rgb(127,127,127)"},{"description":"AI/AN**","count":20,"tested":110,"color":"rgb(31,119,180)"}],"gender":[{"description":"Male","count":1574,"tested":22585,"color":"rgb(31,119,180)"},{"description":"Unknown/Left Blank","count":25,"tested":1055,"color":"rgb(44,160,44)"},{"description":"Female","count":1671,"tested":29401,"color":"rgb(255,127,14)"}]}
