{"age":[{"age_group":"<20","count":37,"tested":314},{"age_group":"20-29   ","count":33,"tested":205},{"age_group":"30-39   ","count":25,"tested":157},{"age_group":"40-49   ","count":26,"tested":138},{"age_group":"50-59   ","count":36,"tested":234},{"age_group":"60-69   ","count":23,"tested":175},{"age_group":"70-79   ","count":13,"tested":115},{"age_group":"80+","count":9,"tested":52}],"race":[{"description":"Left Blank","count":47,"tested":441,"color":"rgb(44,160,44)"},{"description":"White","count":149,"tested":919,"color":"rgb(31,119,180)"}],"gender":[{"description":"Female","count":115,"tested":797,"color":"rgb(255,127,14)"},{"description":"Male","count":84,"tested":587,"color":"rgb(31,119,180)"}]}
