{"age":[{"age_group":"<20","count":70,"tested":1444},{"age_group":"20-29   ","count":37,"tested":801},{"age_group":"30-39   ","count":36,"tested":772},{"age_group":"40-49   ","count":54,"tested":1133},{"age_group":"50-59   ","count":45,"tested":775},{"age_group":"60-69   ","count":25,"tested":844},{"age_group":"70-79   ","count":10,"tested":435},{"age_group":"80+","count":8,"tested":195}],"race":[{"description":"Hispanic","count":21,"tested":197,"color":"rgb(214,39,40)"},{"description":"Left Blank","count":86,"tested":2534,"color":"rgb(44,160,44)"},{"description":"Black","count":26,"tested":362,"color":"rgb(255,127,14)"},{"description":"Asian","count":10,"tested":206,"color":"rgb(140,86,75)"},{"description":"White","count":120,"tested":2705,"color":"rgb(31,119,180)"},{"description":"Other","count":22,"tested":397,"color":"rgb(148,103,189)"}],"gender":[{"description":"Female","count":144,"tested":3465,"color":"rgb(255,127,14)"},{"description":"Male","count":140,"tested":2837,"color":"rgb(31,119,180)"}]}
