{"age":[{"age_group":"<20","count":661,"tested":6271},{"age_group":"20-29   ","count":531,"tested":5360},{"age_group":"30-39   ","count":389,"tested":4249},{"age_group":"40-49   ","count":579,"tested":5235},{"age_group":"50-59   ","count":759,"tested":6425},{"age_group":"60-69   ","count":405,"tested":4579},{"age_group":"70-79   ","count":179,"tested":2502},{"age_group":"80+","count":66,"tested":1050}],"race":[{"description":"Black","count":170,"tested":1912,"color":"rgb(255,127,14)"},{"description":"Asian","count":44,"tested":440,"color":"rgb(140,86,75)"},{"description":"Other","count":108,"tested":1170,"color":"rgb(148,103,189)"},{"description":"Hispanic","count":130,"tested":886,"color":"rgb(214,39,40)"},{"description":"Left Blank","count":1246,"tested":14632,"color":"rgb(44,160,44)"},{"description":"White","count":1868,"tested":16599,"color":"rgb(31,119,180)"}],"gender":[{"description":"Female","count":1823,"tested":18673,"color":"rgb(255,127,14)"},{"description":"Male","count":1726,"tested":16463,"color":"rgb(31,119,180)"},{"description":"Unknown/Left Blank","count":20,"tested":538,"color":"rgb(44,160,44)"}]}
