{"age":[{"age_group":"<20","count":805,"tested":5896},{"age_group":"20-29   ","count":952,"tested":9265},{"age_group":"30-39   ","count":835,"tested":7738},{"age_group":"40-49   ","count":815,"tested":6723},{"age_group":"50-59   ","count":746,"tested":7126},{"age_group":"60-69   ","count":452,"tested":4914},{"age_group":"70-79   ","count":163,"tested":2148},{"age_group":"80+","count":77,"tested":1151}],"race":[{"description":"NH/PI*","count":13,"tested":88,"color":"rgb(127,127,127)"},{"description":"Left Blank","count":1259,"tested":24278,"color":"rgb(44,160,44)"},{"description":"AI/AN**","count":11,"tested":64,"color":"rgb(31,119,180)"},{"description":"Hispanic","count":1771,"tested":6766,"color":"rgb(214,39,40)"},{"description":"Other","count":205,"tested":1560,"color":"rgb(148,103,189)"},{"description":"White","count":884,"tested":6862,"color":"rgb(31,119,180)"},{"description":"Asian","count":482,"tested":3642,"color":"rgb(140,86,75)"},{"description":"Black","count":220,"tested":1720,"color":"rgb(255,127,14)"}],"gender":[{"description":"Male","count":2331,"tested":18452,"color":"rgb(31,119,180)"},{"description":"Female","count":2473,"tested":25508,"color":"rgb(255,127,14)"},{"description":"Unknown/Left Blank","count":41,"tested":1020,"color":"rgb(44,160,44)"}]}
