{"age":[{"age_group":"<20","count":91,"tested":1185},{"age_group":"20-29   ","count":248,"tested":4933},{"age_group":"30-39   ","count":255,"tested":5177},{"age_group":"40-49   ","count":181,"tested":4088},{"age_group":"50-59   ","count":162,"tested":4903},{"age_group":"60-69   ","count":156,"tested":4408},{"age_group":"70-79   ","count":83,"tested":3556},{"age_group":"80+","count":52,"tested":2444}],"race":[{"description":"Left Blank","count":295,"tested":13437,"color":"rgb(44,160,44)"},{"description":"White","count":366,"tested":7452,"color":"rgb(31,119,180)"},{"description":"Hispanic","count":124,"tested":1600,"color":"rgb(214,39,40)"},{"description":"Other","count":54,"tested":987,"color":"rgb(148,103,189)"},{"description":"Black","count":364,"tested":6453,"color":"rgb(255,127,14)"},{"description":"Asian","count":24,"tested":746,"color":"rgb(140,86,75)"}],"gender":[{"description":"Unknown/Left Blank","count":20,"tested":1119,"color":"rgb(44,160,44)"},{"description":"Female","count":648,"tested":16495,"color":"rgb(255,127,14)"},{"description":"Male","count":560,"tested":13090,"color":"rgb(31,119,180)"}]}
