{"age":[{"age_group":"<20","count":19,"tested":185},{"age_group":"20-29   ","count":14,"tested":210},{"age_group":"30-39   ","count":6,"tested":230},{"age_group":"40-49   ","count":25,"tested":179},{"age_group":"50-59   ","count":35,"tested":232},{"age_group":"60-69   ","count":14,"tested":207},{"age_group":"70-79   ","count":10,"tested":157},{"age_group":"80+","count":6,"tested":114}],"race":[{"description":"White","count":81,"tested":813,"color":"rgb(31,119,180)"},{"description":"Left Blank","count":45,"tested":637,"color":"rgb(44,160,44)"}],"gender":[{"description":"Male","count":63,"tested":566,"color":"rgb(31,119,180)"},{"description":"Female","count":64,"tested":916,"color":"rgb(255,127,14)"}]}
