{"age":[{"age_group":"<20","count":295,"tested":4823},{"age_group":"20-29   ","count":455,"tested":6228},{"age_group":"30-39   ","count":346,"tested":5939},{"age_group":"40-49   ","count":288,"tested":4410},{"age_group":"50-59   ","count":302,"tested":4840},{"age_group":"60-69   ","count":172,"tested":4173},{"age_group":"70-79   ","count":89,"tested":2608},{"age_group":"80+","count":95,"tested":6018}],"race":[{"description":"White","count":1149,"tested":13508,"color":"rgb(31,119,180)"},{"description":"Asian","count":103,"tested":1964,"color":"rgb(140,86,75)"},{"description":"Black","count":130,"tested":1429,"color":"rgb(255,127,14)"},{"description":"Other","count":64,"tested":1095,"color":"rgb(148,103,189)"},{"description":"Left Blank","count":365,"tested":19682,"color":"rgb(44,160,44)"},{"description":"Hispanic","count":226,"tested":1326,"color":"rgb(214,39,40)"}],"gender":[{"description":"Female","count":1011,"tested":22484,"color":"rgb(255,127,14)"},{"description":"Male","count":1018,"tested":15888,"color":"rgb(31,119,180)"},{"description":"Unknown/Left Blank","count":13,"tested":683,"color":"rgb(44,160,44)"}]}
