{"age":[{"age_group":"<20","count":35,"tested":466},{"age_group":"20-29   ","count":20,"tested":647},{"age_group":"30-39   ","count":23,"tested":378},{"age_group":"40-49   ","count":30,"tested":570},{"age_group":"50-59   ","count":48,"tested":685},{"age_group":"60-69   ","count":30,"tested":755},{"age_group":"70-79   ","count":25,"tested":332},{"age_group":"80+","count":23,"tested":1009}],"race":[{"description":"Left Blank","count":86,"tested":3713,"color":"rgb(44,160,44)"},{"description":"White","count":142,"tested":1090,"color":"rgb(31,119,180)"}],"gender":[{"description":"Male","count":99,"tested":1414,"color":"rgb(31,119,180)"},{"description":"Female","count":133,"tested":3268,"color":"rgb(255,127,14)"}]}
