{"age":[{"age_group":"<20","count":55,"tested":445},{"age_group":"20-29   ","count":28,"tested":244},{"age_group":"30-39   ","count":38,"tested":319},{"age_group":"40-49   ","count":47,"tested":383},{"age_group":"50-59   ","count":35,"tested":384},{"age_group":"60-69   ","count":36,"tested":430},{"age_group":"70-79   ","count":22,"tested":252},{"age_group":"80+","count":7,"tested":122}],"race":[{"description":"White","count":198,"tested":1739,"color":"rgb(31,119,180)"},{"description":"Left Blank","count":62,"tested":765,"color":"rgb(44,160,44)"}],"gender":[{"description":"Female","count":145,"tested":1431,"color":"rgb(255,127,14)"},{"description":"Male","count":123,"tested":1069,"color":"rgb(31,119,180)"}]}
