{"age":[{"age_group":"<20","count":21,"tested":200},{"age_group":"20-29   ","count":17,"tested":278},{"age_group":"30-39   ","count":21,"tested":100},{"age_group":"40-49   ","count":20,"tested":119},{"age_group":"50-59   ","count":24,"tested":289},{"age_group":"60-69   ","count":13,"tested":110},{"age_group":"70-79   ","count":12,"tested":88}],"race":[{"description":"White","count":107,"tested":728,"color":"rgb(31,119,180)"},{"description":"Left Blank","count":16,"tested":450,"color":"rgb(44,160,44)"}],"gender":[{"description":"Female","count":70,"tested":694,"color":"rgb(255,127,14)"},{"description":"Male","count":59,"tested":512,"color":"rgb(31,119,180)"}]}
