{"age":[{"age_group":"<20","count":601,"tested":6382},{"age_group":"20-29   ","count":509,"tested":6233},{"age_group":"30-39   ","count":432,"tested":4818},{"age_group":"40-49   ","count":452,"tested":5138},{"age_group":"50-59   ","count":553,"tested":6210},{"age_group":"60-69   ","count":265,"tested":4027},{"age_group":"70-79   ","count":118,"tested":2132},{"age_group":"80+","count":84,"tested":2788}],"race":[{"description":"Left Blank","count":896,"tested":12266,"color":"rgb(44,160,44)"},{"description":"Other","count":191,"tested":1610,"color":"rgb(148,103,189)"},{"description":"Black","count":61,"tested":1191,"color":"rgb(255,127,14)"},{"description":"Hispanic","count":343,"tested":2441,"color":"rgb(214,39,40)"},{"description":"White","count":1445,"tested":19031,"color":"rgb(31,119,180)"},{"description":"Asian","count":67,"tested":1033,"color":"rgb(140,86,75)"},{"description":"NH/PI*","count":7,"tested":112,"color":"rgb(127,127,127)"}],"gender":[{"description":"Female","count":1501,"tested":21464,"color":"rgb(255,127,14)"},{"description":"Unknown/Left Blank","count":20,"tested":374,"color":"rgb(44,160,44)"},{"description":"Male","count":1494,"tested":15909,"color":"rgb(31,119,180)"}]}
