{"age":[{"age_group":"<20","count":801,"tested":7082},{"age_group":"20-29   ","count":1076,"tested":12584},{"age_group":"30-39   ","count":952,"tested":9683},{"age_group":"40-49   ","count":950,"tested":9637},{"age_group":"50-59   ","count":824,"tested":10268},{"age_group":"60-69   ","count":574,"tested":8816},{"age_group":"70-79   ","count":281,"tested":5136},{"age_group":"80+","count":219,"tested":4244}],"race":[{"description":"Asian","count":139,"tested":2193,"color":"rgb(140,86,75)"},{"description":"White","count":1249,"tested":15874,"color":"rgb(31,119,180)"},{"description":"Left Blank","count":1640,"tested":31889,"color":"rgb(44,160,44)"},{"description":"Hispanic","count":2219,"tested":11363,"color":"rgb(214,39,40)"},{"description":"Black","count":296,"tested":3912,"color":"rgb(255,127,14)"},{"description":"Other","count":131,"tested":2134,"color":"rgb(148,103,189)"}],"gender":[{"description":"Male","count":2588,"tested":27116,"color":"rgb(31,119,180)"},{"description":"Unknown/Left Blank","count":69,"tested":940,"color":"rgb(44,160,44)"},{"description":"Female","count":3022,"tested":39417,"color":"rgb(255,127,14)"}]}
