{"age":[{"age_group":"<20","count":81,"tested":1139},{"age_group":"20-29   ","count":88,"tested":790},{"age_group":"30-39   ","count":91,"tested":842},{"age_group":"40-49   ","count":95,"tested":994},{"age_group":"50-59   ","count":84,"tested":974},{"age_group":"60-69   ","count":64,"tested":842},{"age_group":"70-79   ","count":58,"tested":744},{"age_group":"80+","count":14,"tested":282}],"race":[{"description":"White","count":335,"tested":3151,"color":"rgb(31,119,180)"},{"description":"Left Blank","count":217,"tested":3222,"color":"rgb(44,160,44)"},{"description":"Hispanic","count":12,"tested":76,"color":"rgb(214,39,40)"}],"gender":[{"description":"Male","count":276,"tested":2846,"color":"rgb(31,119,180)"},{"description":"Female","count":299,"tested":3664,"color":"rgb(255,127,14)"}]}
