{"age":[{"age_group":"<20","count":787,"tested":6952},{"age_group":"20-29   ","count":988,"tested":10800},{"age_group":"30-39   ","count":917,"tested":10403},{"age_group":"40-49   ","count":920,"tested":10536},{"age_group":"50-59   ","count":836,"tested":10753},{"age_group":"60-69   ","count":596,"tested":9768},{"age_group":"70-79   ","count":305,"tested":5407},{"age_group":"80+","count":164,"tested":3128}],"race":[{"description":"NH/PI*","count":9,"tested":95,"color":"rgb(127,127,127)"},{"description":"Left Blank","count":840,"tested":26163,"color":"rgb(44,160,44)"},{"description":"Hispanic","count":2169,"tested":14890,"color":"rgb(214,39,40)"},{"description":"Black","count":350,"tested":3895,"color":"rgb(255,127,14)"},{"description":"Asian","count":91,"tested":1062,"color":"rgb(140,86,75)"},{"description":"White","count":1817,"tested":18682,"color":"rgb(31,119,180)"},{"description":"Other","count":233,"tested":2929,"color":"rgb(148,103,189)"}],"gender":[{"description":"Female","count":2845,"tested":38428,"color":"rgb(255,127,14)"},{"description":"Male","count":2632,"tested":28162,"color":"rgb(31,119,180)"},{"description":"Unknown/Left Blank","count":36,"tested":1174,"color":"rgb(44,160,44)"}]}
