{"age":[{"age_group":"<20","count":236,"tested":2287},{"age_group":"20-29   ","count":220,"tested":1865},{"age_group":"30-39   ","count":191,"tested":1625},{"age_group":"40-49   ","count":221,"tested":1988},{"age_group":"50-59   ","count":180,"tested":1863},{"age_group":"60-69   ","count":104,"tested":1106},{"age_group":"70-79   ","count":58,"tested":568},{"age_group":"80+","count":16,"tested":254}],"race":[{"description":"Other","count":14,"tested":168,"color":"rgb(148,103,189)"},{"description":"Left Blank","count":108,"tested":5125,"color":"rgb(44,160,44)"},{"description":"Black","count":21,"tested":179,"color":"rgb(255,127,14)"},{"description":"White","count":800,"tested":5138,"color":"rgb(31,119,180)"},{"description":"Asian","count":11,"tested":117,"color":"rgb(140,86,75)"},{"description":"Hispanic","count":269,"tested":817,"color":"rgb(214,39,40)"}],"gender":[{"description":"Male","count":608,"tested":4751,"color":"rgb(31,119,180)"},{"description":"Female","count":616,"tested":6725,"color":"rgb(255,127,14)"}]}
