{"age":[{"age_group":"<20","count":6,"tested":120},{"age_group":"20-29   ","count":8,"tested":82},{"age_group":"30-39   ","count":7,"tested":178},{"age_group":"40-49   ","count":8,"tested":94}],"race":[{"description":"White","count":25,"tested":285,"color":"rgb(31,119,180)"},{"description":"Left Blank","count":17,"tested":328,"color":"rgb(44,160,44)"}],"gender":[{"description":"Female","count":22,"tested":398,"color":"rgb(255,127,14)"},{"description":"Male","count":20,"tested":233,"color":"rgb(31,119,180)"}]}
