{"age":[{"age_group":"<20","count":682,"tested":4784},{"age_group":"20-29   ","count":783,"tested":7288},{"age_group":"30-39   ","count":720,"tested":6281},{"age_group":"40-49   ","count":667,"tested":5865},{"age_group":"50-59   ","count":553,"tested":5432},{"age_group":"60-69   ","count":404,"tested":3954},{"age_group":"70-79   ","count":158,"tested":2089},{"age_group":"80+","count":40,"tested":947}],"race":[{"description":"Hispanic","count":1436,"tested":5061,"color":"rgb(214,39,40)"},{"description":"White","count":820,"tested":6611,"color":"rgb(31,119,180)"},{"description":"Asian","count":586,"tested":4256,"color":"rgb(140,86,75)"},{"description":"Black","count":171,"tested":1528,"color":"rgb(255,127,14)"},{"description":"Other","count":156,"tested":1651,"color":"rgb(148,103,189)"},{"description":"Left Blank","count":828,"tested":17406,"color":"rgb(44,160,44)"},{"description":"AI/AN**","count":7,"tested":34,"color":"rgb(31,119,180)"}],"gender":[{"description":"Male","count":1953,"tested":15923,"color":"rgb(31,119,180)"},{"description":"Unknown/Left Blank","count":15,"tested":331,"color":"rgb(44,160,44)"},{"description":"Female","count":2039,"tested":20403,"color":"rgb(255,127,14)"}]}
