{"age":[{"age_group":"<20","count":403,"tested":5666},{"age_group":"20-29   ","count":423,"tested":5549},{"age_group":"30-39   ","count":391,"tested":5545},{"age_group":"40-49   ","count":368,"tested":4749},{"age_group":"50-59   ","count":390,"tested":6135},{"age_group":"60-69   ","count":270,"tested":4952},{"age_group":"70-79   ","count":129,"tested":3508},{"age_group":"80+","count":158,"tested":6656}],"race":[{"description":"Hispanic","count":299,"tested":2178,"color":"rgb(214,39,40)"},{"description":"Left Blank","count":536,"tested":16684,"color":"rgb(44,160,44)"},{"description":"Other","count":97,"tested":944,"color":"rgb(148,103,189)"},{"description":"White","count":1411,"tested":20042,"color":"rgb(31,119,180)"},{"description":"Asian","count":131,"tested":2203,"color":"rgb(140,86,75)"},{"description":"Black","count":57,"tested":662,"color":"rgb(255,127,14)"}],"gender":[{"description":"Unknown/Left Blank","count":20,"tested":1610,"color":"rgb(44,160,44)"},{"description":"Male","count":1222,"tested":17627,"color":"rgb(31,119,180)"},{"description":"Female","count":1290,"tested":23531,"color":"rgb(255,127,14)"}]}
