{"age":[{"age_group":"30-39   ","count":11,"tested":78},{"age_group":"40-49   ","count":11,"tested":145},{"age_group":"50-59   ","count":7,"tested":81},{"age_group":"60-69   ","count":7,"tested":123}],"race":[{"description":"White","count":47,"tested":467,"color":"rgb(31,119,180)"},{"description":"Left Blank","count":8,"tested":190,"color":"rgb(44,160,44)"}],"gender":[{"description":"Female","count":27,"tested":397,"color":"rgb(255,127,14)"},{"description":"Male","count":31,"tested":263,"color":"rgb(31,119,180)"}]}
