{"age":[{"age_group":"<20","count":10,"tested":171},{"age_group":"20-29   ","count":13,"tested":259},{"age_group":"30-39   ","count":15,"tested":190},{"age_group":"40-49   ","count":11,"tested":190},{"age_group":"50-59   ","count":11,"tested":135},{"age_group":"60-69   ","count":11,"tested":145},{"age_group":"70-79   ","count":8,"tested":75}],"race":[{"description":"White","count":28,"tested":460,"color":"rgb(31,119,180)"},{"description":"Left Blank","count":42,"tested":526,"color":"rgb(44,160,44)"}],"gender":[{"description":"Female","count":49,"tested":719,"color":"rgb(255,127,14)"},{"description":"Male","count":33,"tested":474,"color":"rgb(31,119,180)"}]}
