{"age":[{"age_group":"30-39   ","count":8,"tested":534},{"age_group":"40-49   ","count":7,"tested":442},{"age_group":"50-59   ","count":15,"tested":582},{"age_group":"60-69   ","count":18,"tested":626},{"age_group":"70-79   ","count":12,"tested":710},{"age_group":"80+","count":7,"tested":162}],"race":[{"description":"Left Blank","count":19,"tested":394,"color":"rgb(44,160,44)"},{"description":"White","count":14,"tested":487,"color":"rgb(31,119,180)"},{"description":"Black","count":29,"tested":827,"color":"rgb(255,127,14)"}],"gender":[{"description":"Male","count":39,"tested":2383,"color":"rgb(31,119,180)"},{"description":"Female","count":35,"tested":1044,"color":"rgb(255,127,14)"}]}
