{"age":[{"age_group":"<20","count":255,"tested":2477},{"age_group":"20-29   ","count":201,"tested":3087},{"age_group":"30-39   ","count":208,"tested":3487},{"age_group":"40-49   ","count":225,"tested":3675},{"age_group":"50-59   ","count":218,"tested":3744},{"age_group":"60-69   ","count":134,"tested":2891},{"age_group":"70-79   ","count":52,"tested":1528},{"age_group":"80+","count":27,"tested":2713}],"race":[{"description":"Black","count":42,"tested":1493,"color":"rgb(255,127,14)"},{"description":"Asian","count":21,"tested":404,"color":"rgb(140,86,75)"},{"description":"Hispanic","count":280,"tested":2770,"color":"rgb(214,39,40)"},{"description":"Left Blank","count":403,"tested":6923,"color":"rgb(44,160,44)"},{"description":"White","count":498,"tested":11054,"color":"rgb(31,119,180)"},{"description":"Other","count":73,"tested":925,"color":"rgb(148,103,189)"}],"gender":[{"description":"Female","count":697,"tested":14390,"color":"rgb(255,127,14)"},{"description":"Male","count":616,"tested":8778,"color":"rgb(31,119,180)"},{"description":"Unknown/Left Blank","count":8,"tested":442,"color":"rgb(44,160,44)"}]}
