{"age":[{"age_group":"<20","count":668,"tested":5016},{"age_group":"20-29   ","count":921,"tested":9435},{"age_group":"30-39   ","count":825,"tested":7206},{"age_group":"40-49   ","count":827,"tested":7170},{"age_group":"50-59   ","count":724,"tested":7591},{"age_group":"60-69   ","count":516,"tested":6322},{"age_group":"70-79   ","count":250,"tested":3743},{"age_group":"80+","count":191,"tested":3391}],"race":[{"description":"Asian","count":125,"tested":1479,"color":"rgb(140,86,75)"},{"description":"Left Blank","count":1544,"tested":25236,"color":"rgb(44,160,44)"},{"description":"White","count":994,"tested":10763,"color":"rgb(31,119,180)"},{"description":"Hispanic","count":1912,"tested":8096,"color":"rgb(214,39,40)"},{"description":"Black","count":235,"tested":2673,"color":"rgb(255,127,14)"},{"description":"Other","count":110,"tested":1569,"color":"rgb(148,103,189)"}],"gender":[{"description":"Male","count":2237,"tested":19695,"color":"rgb(31,119,180)"},{"description":"Unknown/Left Blank","count":63,"tested":789,"color":"rgb(44,160,44)"},{"description":"Female","count":2624,"tested":29407,"color":"rgb(255,127,14)"}]}
