{"age":[{"age_group":"<20","count":28,"tested":266},{"age_group":"20-29   ","count":65,"tested":648},{"age_group":"30-39   ","count":75,"tested":745},{"age_group":"40-49   ","count":44,"tested":582},{"age_group":"50-59   ","count":31,"tested":351},{"age_group":"60-69   ","count":17,"tested":337},{"age_group":"70-79   ","count":8,"tested":162}],"race":[{"description":"Asian","count":36,"tested":278,"color":"rgb(140,86,75)"},{"description":"Hispanic","count":28,"tested":160,"color":"rgb(214,39,40)"},{"description":"Black","count":8,"tested":94,"color":"rgb(255,127,14)"},{"description":"White","count":89,"tested":785,"color":"rgb(31,119,180)"},{"description":"Left Blank","count":100,"tested":1735,"color":"rgb(44,160,44)"},{"description":"Other","count":13,"tested":97,"color":"rgb(148,103,189)"}],"gender":[{"description":"Male","count":132,"tested":1426,"color":"rgb(31,119,180)"},{"description":"Female","count":139,"tested":1695,"color":"rgb(255,127,14)"}]}
