{"age":[{"age_group":"<20","count":493,"tested":7637},{"age_group":"20-29   ","count":424,"tested":8020},{"age_group":"30-39   ","count":329,"tested":4683},{"age_group":"40-49   ","count":364,"tested":4572},{"age_group":"50-59   ","count":387,"tested":5560},{"age_group":"60-69   ","count":213,"tested":4858},{"age_group":"70-79   ","count":125,"tested":2777},{"age_group":"80+","count":75,"tested":1878}],"race":[{"description":"Left Blank","count":551,"tested":18804,"color":"rgb(44,160,44)"},{"description":"White","count":1373,"tested":16039,"color":"rgb(31,119,180)"},{"description":"Hispanic","count":169,"tested":1107,"color":"rgb(214,39,40)"},{"description":"Black","count":97,"tested":914,"color":"rgb(255,127,14)"},{"description":"Asian","count":129,"tested":1901,"color":"rgb(140,86,75)"},{"description":"AI/AN**","count":8,"tested":31,"color":"rgb(31,119,180)"},{"description":"Other","count":80,"tested":1201,"color":"rgb(148,103,189)"}],"gender":[{"description":"Female","count":1238,"tested":21416,"color":"rgb(255,127,14)"},{"description":"Male","count":1159,"tested":18314,"color":"rgb(31,119,180)"},{"description":"Unknown/Left Blank","count":13,"tested":275,"color":"rgb(44,160,44)"}]}
