{"age":[{"age_group":"<20","count":133,"tested":952},{"age_group":"20-29   ","count":104,"tested":904},{"age_group":"30-39   ","count":152,"tested":1241},{"age_group":"40-49   ","count":127,"tested":1320},{"age_group":"50-59   ","count":105,"tested":1225},{"age_group":"60-69   ","count":60,"tested":504},{"age_group":"70-79   ","count":21,"tested":294}],"race":[{"description":"Left Blank","count":200,"tested":2805,"color":"rgb(44,160,44)"},{"description":"Other","count":24,"tested":119,"color":"rgb(148,103,189)"},{"description":"White","count":314,"tested":2377,"color":"rgb(31,119,180)"},{"description":"Asian","count":52,"tested":547,"color":"rgb(140,86,75)"},{"description":"Hispanic","count":104,"tested":492,"color":"rgb(214,39,40)"},{"description":"Black","count":15,"tested":141,"color":"rgb(255,127,14)"}],"gender":[{"description":"Female","count":367,"tested":3613,"color":"rgb(255,127,14)"},{"description":"Male","count":337,"tested":2821,"color":"rgb(31,119,180)"}]}
