{"age":[{"age_group":"<20","count":38,"tested":270},{"age_group":"20-29   ","count":44,"tested":486},{"age_group":"30-39   ","count":36,"tested":427},{"age_group":"40-49   ","count":38,"tested":312},{"age_group":"50-59   ","count":47,"tested":504},{"age_group":"60-69   ","count":36,"tested":371},{"age_group":"70-79   ","count":20,"tested":268},{"age_group":"80+","count":8,"tested":126}],"race":[{"description":"Other","count":6,"tested":48,"color":"rgb(148,103,189)"},{"description":"White","count":126,"tested":1630,"color":"rgb(31,119,180)"},{"description":"Left Blank","count":117,"tested":968,"color":"rgb(44,160,44)"},{"description":"Hispanic","count":15,"tested":82,"color":"rgb(214,39,40)"}],"gender":[{"description":"Female","count":142,"tested":1587,"color":"rgb(255,127,14)"},{"description":"Male","count":122,"tested":1160,"color":"rgb(31,119,180)"}]}
