{"age":[{"age_group":"<20","count":86,"tested":1347},{"age_group":"20-29   ","count":579,"tested":9626},{"age_group":"30-39   ","count":530,"tested":10495},{"age_group":"40-49   ","count":177,"tested":2721},{"age_group":"50-59   ","count":122,"tested":1653},{"age_group":"60-69   ","count":92,"tested":1145},{"age_group":"70-79   ","count":52,"tested":623},{"age_group":"80+","count":43,"tested":278}],"race":[{"description":"Asian","count":32,"tested":899,"color":"rgb(140,86,75)"},{"description":"Black","count":128,"tested":1535,"color":"rgb(255,127,14)"},{"description":"White","count":550,"tested":8949,"color":"rgb(31,119,180)"},{"description":"Hispanic","count":333,"tested":2376,"color":"rgb(214,39,40)"},{"description":"Other","count":81,"tested":1402,"color":"rgb(148,103,189)"},{"description":"Left Blank","count":552,"tested":12684,"color":"rgb(44,160,44)"}],"gender":[{"description":"Female","count":789,"tested":14570,"color":"rgb(255,127,14)"},{"description":"Male","count":814,"tested":12875,"color":"rgb(31,119,180)"},{"description":"Unknown/Left Blank","count":78,"tested":449,"color":"rgb(44,160,44)"}]}
