{"age":[{"age_group":"<20","count":224,"tested":3416},{"age_group":"20-29   ","count":578,"tested":14939},{"age_group":"30-39   ","count":711,"tested":12946},{"age_group":"40-49   ","count":516,"tested":8077},{"age_group":"50-59   ","count":433,"tested":7266},{"age_group":"60-69   ","count":324,"tested":5360},{"age_group":"70-79   ","count":134,"tested":2477},{"age_group":"80+","count":52,"tested":1015}],"race":[{"description":"Hispanic","count":441,"tested":3596,"color":"rgb(214,39,40)"},{"description":"White","count":352,"tested":8916,"color":"rgb(31,119,180)"},{"description":"Left Blank","count":737,"tested":25544,"color":"rgb(44,160,44)"},{"description":"Other","count":109,"tested":2259,"color":"rgb(148,103,189)"},{"description":"Asian","count":67,"tested":2159,"color":"rgb(140,86,75)"},{"description":"NH/PI*","count":7,"tested":48,"color":"rgb(127,127,127)"},{"description":"Black","count":1259,"tested":12930,"color":"rgb(255,127,14)"}],"gender":[{"description":"Unknown/Left Blank","count":63,"tested":2219,"color":"rgb(44,160,44)"},{"description":"Male","count":1499,"tested":30910,"color":"rgb(31,119,180)"},{"description":"Female","count":1411,"tested":22379,"color":"rgb(255,127,14)"}]}
