{"age":[{"age_group":"<20","count":170,"tested":987},{"age_group":"20-29   ","count":224,"tested":1631},{"age_group":"30-39   ","count":253,"tested":1687},{"age_group":"40-49   ","count":220,"tested":1324},{"age_group":"50-59   ","count":159,"tested":1217},{"age_group":"60-69   ","count":137,"tested":1171},{"age_group":"70-79   ","count":51,"tested":506},{"age_group":"80+","count":25,"tested":360}],"race":[{"description":"White","count":454,"tested":3072,"color":"rgb(31,119,180)"},{"description":"Left Blank","count":254,"tested":2973,"color":"rgb(44,160,44)"},{"description":"Asian","count":44,"tested":329,"color":"rgb(140,86,75)"},{"description":"Hispanic","count":415,"tested":2004,"color":"rgb(214,39,40)"},{"description":"Other","count":53,"tested":398,"color":"rgb(148,103,189)"},{"description":"Black","count":12,"tested":89,"color":"rgb(255,127,14)"}],"gender":[{"description":"Female","count":621,"tested":4775,"color":"rgb(255,127,14)"},{"description":"Male","count":612,"tested":4025,"color":"rgb(31,119,180)"}]}
