{"age":[{"age_group":"<20","count":630,"tested":4547},{"age_group":"20-29   ","count":860,"tested":7850},{"age_group":"30-39   ","count":885,"tested":7576},{"age_group":"40-49   ","count":799,"tested":6721},{"age_group":"50-59   ","count":692,"tested":7365},{"age_group":"60-69   ","count":452,"tested":6119},{"age_group":"70-79   ","count":271,"tested":4074},{"age_group":"80+","count":223,"tested":4590}],"race":[{"description":"Hispanic","count":1250,"tested":5212,"color":"rgb(214,39,40)"},{"description":"White","count":1489,"tested":14629,"color":"rgb(31,119,180)"},{"description":"Left Blank","count":1298,"tested":20785,"color":"rgb(44,160,44)"},{"description":"Black","count":475,"tested":4964,"color":"rgb(255,127,14)"},{"description":"Asian","count":53,"tested":368,"color":"rgb(140,86,75)"},{"description":"Other","count":214,"tested":2740,"color":"rgb(148,103,189)"},{"description":"AI/AN**","count":29,"tested":136,"color":"rgb(31,119,180)"}],"gender":[{"description":"Female","count":2570,"tested":28247,"color":"rgb(255,127,14)"},{"description":"Male","count":2210,"tested":19494,"color":"rgb(31,119,180)"},{"description":"Unknown/Left Blank","count":32,"tested":1109,"color":"rgb(44,160,44)"}]}
