{"age":[{"age_group":"<20","count":32,"tested":221},{"age_group":"20-29   ","count":39,"tested":322},{"age_group":"30-39   ","count":27,"tested":198},{"age_group":"40-49   ","count":18,"tested":162},{"age_group":"50-59   ","count":45,"tested":429},{"age_group":"60-69   ","count":32,"tested":304},{"age_group":"70-79   ","count":13,"tested":210}],"race":[{"description":"Left Blank","count":64,"tested":826,"color":"rgb(44,160,44)"},{"description":"White","count":116,"tested":874,"color":"rgb(31,119,180)"},{"description":"Asian","count":14,"tested":83,"color":"rgb(140,86,75)"},{"description":"Hispanic","count":10,"tested":60,"color":"rgb(214,39,40)"}],"gender":[{"description":"Male","count":110,"tested":913,"color":"rgb(31,119,180)"},{"description":"Female","count":101,"tested":965,"color":"rgb(255,127,14)"}]}
