{"age":[{"age_group":"<20","count":1109,"tested":7536},{"age_group":"20-29   ","count":1223,"tested":9787},{"age_group":"30-39   ","count":1076,"tested":8367},{"age_group":"40-49   ","count":1181,"tested":9148},{"age_group":"50-59   ","count":878,"tested":7849},{"age_group":"60-69   ","count":483,"tested":4678},{"age_group":"70-79   ","count":205,"tested":2941},{"age_group":"80+","count":108,"tested":3055}],"race":[{"description":"White","count":1217,"tested":16999,"color":"rgb(31,119,180)"},{"description":"Left Blank","count":1612,"tested":17884,"color":"rgb(44,160,44)"},{"description":"Hispanic","count":2904,"tested":12497,"color":"rgb(214,39,40)"},{"description":"AI/AN**","count":8,"tested":55,"color":"rgb(31,119,180)"},{"description":"Other","count":242,"tested":2192,"color":"rgb(148,103,189)"},{"description":"NH/PI*","count":9,"tested":184,"color":"rgb(127,127,127)"},{"description":"Asian","count":91,"tested":1643,"color":"rgb(140,86,75)"},{"description":"Black","count":183,"tested":1921,"color":"rgb(255,127,14)"}],"gender":[{"description":"Male","count":2919,"tested":20372,"color":"rgb(31,119,180)"},{"description":"Female","count":3299,"tested":32176,"color":"rgb(255,127,14)"},{"description":"Unknown/Left Blank","count":48,"tested":827,"color":"rgb(44,160,44)"}]}
