{"age":[{"age_group":"<20","count":614,"tested":4305},{"age_group":"20-29   ","count":704,"tested":6886},{"age_group":"30-39   ","count":605,"tested":5807},{"age_group":"40-49   ","count":625,"tested":4740},{"age_group":"50-59   ","count":614,"tested":6114},{"age_group":"60-69   ","count":442,"tested":4800},{"age_group":"70-79   ","count":190,"tested":2294},{"age_group":"80+","count":171,"tested":2410}],"race":[{"description":"Hispanic","count":733,"tested":2314,"color":"rgb(214,39,40)"},{"description":"Left Blank","count":949,"tested":18157,"color":"rgb(44,160,44)"},{"description":"White","count":1529,"tested":11625,"color":"rgb(31,119,180)"},{"description":"Asian","count":415,"tested":2704,"color":"rgb(140,86,75)"},{"description":"Black","count":173,"tested":1392,"color":"rgb(255,127,14)"},{"description":"NH/PI*","count":7,"tested":33,"color":"rgb(127,127,127)"},{"description":"Other","count":154,"tested":1103,"color":"rgb(148,103,189)"}],"gender":[{"description":"Male","count":1909,"tested":15573,"color":"rgb(31,119,180)"},{"description":"Unknown/Left Blank","count":21,"tested":505,"color":"rgb(44,160,44)"},{"description":"Female","count":2035,"tested":21281,"color":"rgb(255,127,14)"}]}
