{"age":[{"age_group":"<20","count":9,"tested":119},{"age_group":"20-29   ","count":18,"tested":172},{"age_group":"30-39   ","count":12,"tested":165},{"age_group":"40-49   ","count":10,"tested":102},{"age_group":"50-59   ","count":26,"tested":163},{"age_group":"60-69   ","count":17,"tested":156},{"age_group":"70-79   ","count":6,"tested":99}],"race":[{"description":"White","count":57,"tested":566,"color":"rgb(31,119,180)"},{"description":"Hispanic","count":14,"tested":43,"color":"rgb(214,39,40)"},{"description":"Left Blank","count":29,"tested":372,"color":"rgb(44,160,44)"}],"gender":[{"description":"Male","count":50,"tested":484,"color":"rgb(31,119,180)"},{"description":"Female","count":50,"tested":537,"color":"rgb(255,127,14)"}]}
