{"age":[{"age_group":"<20","count":142,"tested":1470},{"age_group":"20-29   ","count":150,"tested":1766},{"age_group":"30-39   ","count":168,"tested":1723},{"age_group":"40-49   ","count":158,"tested":1634},{"age_group":"50-59   ","count":132,"tested":1625},{"age_group":"60-69   ","count":107,"tested":1407},{"age_group":"70-79   ","count":52,"tested":582},{"age_group":"80+","count":26,"tested":351}],"race":[{"description":"Black","count":419,"tested":4848,"color":"rgb(255,127,14)"},{"description":"Hispanic","count":120,"tested":641,"color":"rgb(214,39,40)"},{"description":"White","count":32,"tested":499,"color":"rgb(31,119,180)"},{"description":"Left Blank","count":335,"tested":4352,"color":"rgb(44,160,44)"},{"description":"Other","count":26,"tested":201,"color":"rgb(148,103,189)"}],"gender":[{"description":"Male","count":406,"tested":4082,"color":"rgb(31,119,180)"},{"description":"Unknown/Left Blank","count":10,"tested":226,"color":"rgb(44,160,44)"},{"description":"Female","count":519,"tested":6256,"color":"rgb(255,127,14)"}]}
