{"age":[{"age_group":"<20","count":51,"tested":787},{"age_group":"20-29   ","count":733,"tested":10673},{"age_group":"30-39   ","count":555,"tested":9182},{"age_group":"40-49   ","count":161,"tested":2706},{"age_group":"50-59   ","count":116,"tested":1924},{"age_group":"60-69   ","count":62,"tested":1246},{"age_group":"70-79   ","count":17,"tested":491},{"age_group":"80+","count":9,"tested":190}],"race":[{"description":"Asian","count":62,"tested":1475,"color":"rgb(140,86,75)"},{"description":"Black","count":74,"tested":795,"color":"rgb(255,127,14)"},{"description":"Hispanic","count":81,"tested":594,"color":"rgb(214,39,40)"},{"description":"White","count":811,"tested":10137,"color":"rgb(31,119,180)"},{"description":"Other","count":87,"tested":1194,"color":"rgb(148,103,189)"},{"description":"Left Blank","count":584,"tested":12952,"color":"rgb(44,160,44)"}],"gender":[{"description":"Female","count":762,"tested":14041,"color":"rgb(255,127,14)"},{"description":"Male","count":872,"tested":12664,"color":"rgb(31,119,180)"},{"description":"Unknown/Left Blank","count":70,"tested":498,"color":"rgb(44,160,44)"}]}
