{"age":[{"age_group":"<20","count":228,"tested":1637},{"age_group":"20-29   ","count":261,"tested":1904},{"age_group":"30-39   ","count":235,"tested":1777},{"age_group":"40-49   ","count":240,"tested":1478},{"age_group":"50-59   ","count":185,"tested":1361},{"age_group":"60-69   ","count":112,"tested":1277},{"age_group":"70-79   ","count":74,"tested":819},{"age_group":"80+","count":46,"tested":544}],"race":[{"description":"White","count":416,"tested":5051,"color":"rgb(31,119,180)"},{"description":"Hispanic","count":710,"tested":2949,"color":"rgb(214,39,40)"},{"description":"Other","count":16,"tested":128,"color":"rgb(148,103,189)"},{"description":"Left Blank","count":232,"tested":2577,"color":"rgb(44,160,44)"}],"gender":[{"description":"Male","count":655,"tested":4356,"color":"rgb(31,119,180)"},{"description":"Female","count":722,"tested":6384,"color":"rgb(255,127,14)"}]}
