{"age":[{"age_group":"<20","count":43,"tested":451},{"age_group":"20-29   ","count":51,"tested":440},{"age_group":"30-39   ","count":53,"tested":378},{"age_group":"40-49   ","count":69,"tested":410},{"age_group":"50-59   ","count":54,"tested":584},{"age_group":"60-69   ","count":41,"tested":368},{"age_group":"70-79   ","count":20,"tested":226},{"age_group":"80+","count":9,"tested":119}],"race":[{"description":"Other","count":11,"tested":97,"color":"rgb(148,103,189)"},{"description":"Hispanic","count":19,"tested":88,"color":"rgb(214,39,40)"},{"description":"Left Blank","count":63,"tested":916,"color":"rgb(44,160,44)"},{"description":"White","count":245,"tested":1856,"color":"rgb(31,119,180)"}],"gender":[{"description":"Female","count":179,"tested":1677,"color":"rgb(255,127,14)"},{"description":"Male","count":161,"tested":1226,"color":"rgb(31,119,180)"}]}
