{"age":[{"age_group":"<20","count":116,"tested":1206},{"age_group":"20-29   ","count":101,"tested":1730},{"age_group":"30-39   ","count":90,"tested":1208},{"age_group":"40-49   ","count":119,"tested":1632},{"age_group":"50-59   ","count":139,"tested":1674},{"age_group":"60-69   ","count":94,"tested":1507},{"age_group":"70-79   ","count":63,"tested":1207},{"age_group":"80+","count":133,"tested":2719}],"race":[{"description":"Hispanic","count":29,"tested":143,"color":"rgb(214,39,40)"},{"description":"White","count":517,"tested":4943,"color":"rgb(31,119,180)"},{"description":"Left Blank","count":278,"tested":7511,"color":"rgb(44,160,44)"},{"description":"Asian","count":12,"tested":98,"color":"rgb(140,86,75)"},{"description":"Other","count":14,"tested":120,"color":"rgb(148,103,189)"}],"gender":[{"description":"Female","count":463,"tested":8037,"color":"rgb(255,127,14)"},{"description":"Unknown/Left Blank","count":9,"tested":417,"color":"rgb(44,160,44)"},{"description":"Male","count":383,"tested":4429,"color":"rgb(31,119,180)"}]}
