{"age":[{"age_group":"<20","count":12,"tested":80},{"age_group":"20-29   ","count":13,"tested":60},{"age_group":"30-39   ","count":9,"tested":69},{"age_group":"40-49   ","count":13,"tested":97},{"age_group":"50-59   ","count":11,"tested":101},{"age_group":"60-69   ","count":16,"tested":140},{"age_group":"70-79   ","count":7,"tested":74}],"race":[{"description":"Left Blank","count":20,"tested":247,"color":"rgb(44,160,44)"},{"description":"White","count":61,"tested":380,"color":"rgb(31,119,180)"}],"gender":[{"description":"Male","count":44,"tested":281,"color":"rgb(31,119,180)"},{"description":"Female","count":36,"tested":365,"color":"rgb(255,127,14)"}]}
