{"age":[{"age_group":"<20","count":406,"tested":2270},{"age_group":"20-29   ","count":573,"tested":4359},{"age_group":"30-39   ","count":505,"tested":3405},{"age_group":"40-49   ","count":445,"tested":3535},{"age_group":"50-59   ","count":394,"tested":3576},{"age_group":"60-69   ","count":290,"tested":2882},{"age_group":"70-79   ","count":147,"tested":1949},{"age_group":"80+","count":78,"tested":1523}],"race":[{"description":"White","count":819,"tested":6467,"color":"rgb(31,119,180)"},{"description":"Left Blank","count":819,"tested":11185,"color":"rgb(44,160,44)"},{"description":"Hispanic","count":969,"tested":3894,"color":"rgb(214,39,40)"},{"description":"Other","count":125,"tested":976,"color":"rgb(148,103,189)"},{"description":"Asian","count":53,"tested":309,"color":"rgb(140,86,75)"},{"description":"Black","count":49,"tested":635,"color":"rgb(255,127,14)"}],"gender":[{"description":"Unknown/Left Blank","count":17,"tested":315,"color":"rgb(44,160,44)"},{"description":"Female","count":1495,"tested":13368,"color":"rgb(255,127,14)"},{"description":"Male","count":1326,"tested":9822,"color":"rgb(31,119,180)"}]}
