{"age":[{"age_group":"<20","count":255,"tested":2443},{"age_group":"20-29   ","count":317,"tested":3114},{"age_group":"30-39   ","count":265,"tested":2576},{"age_group":"40-49   ","count":239,"tested":2429},{"age_group":"50-59   ","count":341,"tested":3181},{"age_group":"60-69   ","count":210,"tested":2639},{"age_group":"70-79   ","count":62,"tested":1150},{"age_group":"80+","count":28,"tested":1199}],"race":[{"description":"Other","count":29,"tested":270,"color":"rgb(148,103,189)"},{"description":"Asian","count":23,"tested":220,"color":"rgb(140,86,75)"},{"description":"Left Blank","count":581,"tested":7885,"color":"rgb(44,160,44)"},{"description":"White","count":861,"tested":9375,"color":"rgb(31,119,180)"},{"description":"Hispanic","count":209,"tested":861,"color":"rgb(214,39,40)"}],"gender":[{"description":"Female","count":899,"tested":10678,"color":"rgb(255,127,14)"},{"description":"Male","count":806,"tested":7921,"color":"rgb(31,119,180)"}]}
