{"age":[{"age_group":"<20","count":24,"tested":195},{"age_group":"20-29   ","count":32,"tested":237},{"age_group":"30-39   ","count":27,"tested":305},{"age_group":"40-49   ","count":19,"tested":231},{"age_group":"50-59   ","count":22,"tested":255},{"age_group":"60-69   ","count":14,"tested":276}],"race":[{"description":"Left Blank","count":45,"tested":601,"color":"rgb(44,160,44)"},{"description":"White","count":72,"tested":917,"color":"rgb(31,119,180)"},{"description":"Hispanic","count":19,"tested":111,"color":"rgb(214,39,40)"}],"gender":[{"description":"Female","count":80,"tested":979,"color":"rgb(255,127,14)"},{"description":"Male","count":62,"tested":664,"color":"rgb(31,119,180)"}]}
