{"age":[{"age_group":"<20","count":207,"tested":3520},{"age_group":"20-29   ","count":512,"tested":12166},{"age_group":"30-39   ","count":514,"tested":10928},{"age_group":"40-49   ","count":325,"tested":6585},{"age_group":"50-59   ","count":362,"tested":7048},{"age_group":"60-69   ","count":248,"tested":5646},{"age_group":"70-79   ","count":137,"tested":2808},{"age_group":"80+","count":59,"tested":1072}],"race":[{"description":"Black","count":216,"tested":3286,"color":"rgb(255,127,14)"},{"description":"Asian","count":130,"tested":1660,"color":"rgb(140,86,75)"},{"description":"White","count":675,"tested":12565,"color":"rgb(31,119,180)"},{"description":"Other","count":150,"tested":1720,"color":"rgb(148,103,189)"},{"description":"Hispanic","count":410,"tested":2639,"color":"rgb(214,39,40)"},{"description":"Left Blank","count":779,"tested":27871,"color":"rgb(44,160,44)"}],"gender":[{"description":"Female","count":1090,"tested":26612,"color":"rgb(255,127,14)"},{"description":"Male","count":1234,"tested":21607,"color":"rgb(31,119,180)"},{"description":"Unknown/Left Blank","count":40,"tested":1606,"color":"rgb(44,160,44)"}]}
