{"age":[{"age_group":"<20","count":1095,"tested":8506},{"age_group":"20-29   ","count":1576,"tested":15344},{"age_group":"30-39   ","count":1501,"tested":16932},{"age_group":"40-49   ","count":1386,"tested":13948},{"age_group":"50-59   ","count":1122,"tested":12668},{"age_group":"60-69   ","count":751,"tested":10014},{"age_group":"70-79   ","count":321,"tested":4485},{"age_group":"80+","count":145,"tested":2181}],"race":[{"description":"Other","count":366,"tested":4053,"color":"rgb(148,103,189)"},{"description":"Left Blank","count":1444,"tested":34480,"color":"rgb(44,160,44)"},{"description":"White","count":1395,"tested":17090,"color":"rgb(31,119,180)"},{"description":"Black","count":126,"tested":1538,"color":"rgb(255,127,14)"},{"description":"Asian","count":180,"tested":1956,"color":"rgb(140,86,75)"},{"description":"Hispanic","count":4378,"tested":24809,"color":"rgb(214,39,40)"}],"gender":[{"description":"Male","count":3862,"tested":37989,"color":"rgb(31,119,180)"},{"description":"Unknown/Left Blank","count":89,"tested":1571,"color":"rgb(44,160,44)"},{"description":"Female","count":3946,"tested":44544,"color":"rgb(255,127,14)"}]}
