{"age":[{"age_group":"<20","count":396,"tested":3084},{"age_group":"20-29   ","count":588,"tested":4574},{"age_group":"30-39   ","count":400,"tested":3841},{"age_group":"40-49   ","count":465,"tested":4371},{"age_group":"50-59   ","count":458,"tested":5004},{"age_group":"60-69   ","count":264,"tested":3953},{"age_group":"70-79   ","count":142,"tested":2644},{"age_group":"80+","count":121,"tested":2993}],"race":[{"description":"Left Blank","count":865,"tested":17122,"color":"rgb(44,160,44)"},{"description":"White","count":552,"tested":5422,"color":"rgb(31,119,180)"},{"description":"Asian","count":37,"tested":401,"color":"rgb(140,86,75)"},{"description":"Other","count":118,"tested":1105,"color":"rgb(148,103,189)"},{"description":"Hispanic","count":1214,"tested":5891,"color":"rgb(214,39,40)"},{"description":"Black","count":44,"tested":506,"color":"rgb(255,127,14)"}],"gender":[{"description":"Male","count":1344,"tested":11952,"color":"rgb(31,119,180)"},{"description":"Unknown/Left Blank","count":12,"tested":181,"color":"rgb(44,160,44)"},{"description":"Female","count":1478,"tested":18350,"color":"rgb(255,127,14)"}]}
