{"age":[{"age_group":"<20","count":38,"tested":357},{"age_group":"20-29   ","count":38,"tested":649},{"age_group":"30-39   ","count":37,"tested":615},{"age_group":"40-49   ","count":45,"tested":635},{"age_group":"50-59   ","count":63,"tested":949},{"age_group":"60-69   ","count":49,"tested":885},{"age_group":"70-79   ","count":35,"tested":686},{"age_group":"80+","count":26,"tested":390}],"race":[{"description":"Left Blank","count":97,"tested":2094,"color":"rgb(44,160,44)"},{"description":"Other","count":13,"tested":130,"color":"rgb(148,103,189)"},{"description":"White","count":39,"tested":480,"color":"rgb(31,119,180)"},{"description":"Black","count":177,"tested":2383,"color":"rgb(255,127,14)"}],"gender":[{"description":"Female","count":183,"tested":3055,"color":"rgb(255,127,14)"},{"description":"Male","count":145,"tested":2036,"color":"rgb(31,119,180)"}]}
