{"age":[{"age_group":"<20","count":491,"tested":4101},{"age_group":"20-29   ","count":552,"tested":5432},{"age_group":"30-39   ","count":528,"tested":5802},{"age_group":"40-49   ","count":528,"tested":4980},{"age_group":"50-59   ","count":396,"tested":5114},{"age_group":"60-69   ","count":290,"tested":3981},{"age_group":"70-79   ","count":186,"tested":1940},{"age_group":"80+","count":120,"tested":1089}],"race":[{"description":"Other","count":66,"tested":742,"color":"rgb(148,103,189)"},{"description":"Asian","count":6,"tested":40,"color":"rgb(140,86,75)"},{"description":"Black","count":1603,"tested":16876,"color":"rgb(255,127,14)"},{"description":"White","count":49,"tested":759,"color":"rgb(31,119,180)"},{"description":"Left Blank","count":647,"tested":11003,"color":"rgb(44,160,44)"},{"description":"Hispanic","count":715,"tested":2947,"color":"rgb(214,39,40)"}],"gender":[{"description":"Female","count":1693,"tested":17775,"color":"rgb(255,127,14)"},{"description":"Male","count":1380,"tested":14062,"color":"rgb(31,119,180)"},{"description":"Unknown/Left Blank","count":18,"tested":608,"color":"rgb(44,160,44)"}]}
