{"age":[{"age_group":"<20","count":838,"tested":5922},{"age_group":"20-29   ","count":881,"tested":6806},{"age_group":"30-39   ","count":745,"tested":5755},{"age_group":"40-49   ","count":881,"tested":5836},{"age_group":"50-59   ","count":652,"tested":5014},{"age_group":"60-69   ","count":313,"tested":3190},{"age_group":"70-79   ","count":113,"tested":1291},{"age_group":"80+","count":43,"tested":551}],"race":[{"description":"Hispanic","count":2055,"tested":7816,"color":"rgb(214,39,40)"},{"description":"AI/AN**","count":6,"tested":44,"color":"rgb(31,119,180)"},{"description":"Left Blank","count":1257,"tested":15149,"color":"rgb(44,160,44)"},{"description":"Asian","count":70,"tested":953,"color":"rgb(140,86,75)"},{"description":"White","count":858,"tested":8476,"color":"rgb(31,119,180)"},{"description":"Black","count":124,"tested":1123,"color":"rgb(255,127,14)"},{"description":"Other","count":95,"tested":781,"color":"rgb(148,103,189)"}],"gender":[{"description":"Female","count":2284,"tested":19700,"color":"rgb(255,127,14)"},{"description":"Male","count":2153,"tested":14172,"color":"rgb(31,119,180)"},{"description":"Unknown/Left Blank","count":29,"tested":501,"color":"rgb(44,160,44)"}]}
