{"age":[{"age_group":"<20","count":202,"tested":1807},{"age_group":"20-29   ","count":262,"tested":2705},{"age_group":"30-39   ","count":242,"tested":2383},{"age_group":"40-49   ","count":256,"tested":2593},{"age_group":"50-59   ","count":223,"tested":2745},{"age_group":"60-69   ","count":165,"tested":2807},{"age_group":"70-79   ","count":69,"tested":1616},{"age_group":"80+","count":42,"tested":1208}],"race":[{"description":"Black","count":294,"tested":3038,"color":"rgb(255,127,14)"},{"description":"Asian","count":27,"tested":166,"color":"rgb(140,86,75)"},{"description":"White","count":132,"tested":1213,"color":"rgb(31,119,180)"},{"description":"Hispanic","count":307,"tested":1589,"color":"rgb(214,39,40)"},{"description":"Other","count":38,"tested":494,"color":"rgb(148,103,189)"},{"description":"Left Blank","count":663,"tested":11392,"color":"rgb(44,160,44)"}],"gender":[{"description":"Female","count":751,"tested":9650,"color":"rgb(255,127,14)"},{"description":"Male","count":699,"tested":7690,"color":"rgb(31,119,180)"},{"description":"Unknown/Left Blank","count":11,"tested":557,"color":"rgb(44,160,44)"}]}
