{"age":[{"age_group":"<20","count":11,"tested":102},{"age_group":"20-29   ","count":9,"tested":65},{"age_group":"30-39   ","count":6,"tested":75},{"age_group":"40-49   ","count":12,"tested":73}],"race":[{"description":"Left Blank","count":8,"tested":104,"color":"rgb(44,160,44)"},{"description":"White","count":45,"tested":562,"color":"rgb(31,119,180)"}],"gender":[{"description":"Female","count":29,"tested":410,"color":"rgb(255,127,14)"},{"description":"Male","count":27,"tested":277,"color":"rgb(31,119,180)"}]}
