{"age":[{"age_group":"<20","count":8,"tested":68},{"age_group":"50-59   ","count":10,"tested":638},{"age_group":"60-69   ","count":6,"tested":890}],"race":[{"description":"Left Blank","count":10,"tested":2115,"color":"rgb(44,160,44)"},{"description":"Hispanic","count":12,"tested":130,"color":"rgb(214,39,40)"},{"description":"Black","count":13,"tested":220,"color":"rgb(255,127,14)"}],"gender":[{"description":"Female","count":23,"tested":1227,"color":"rgb(255,127,14)"},{"description":"Male","count":18,"tested":1323,"color":"rgb(31,119,180)"}]}
