{"age":[{"age_group":"<20","count":13,"tested":135},{"age_group":"20-29   ","count":14,"tested":135},{"age_group":"30-39   ","count":20,"tested":78},{"age_group":"40-49   ","count":15,"tested":100},{"age_group":"50-59   ","count":19,"tested":156},{"age_group":"60-69   ","count":16,"tested":97}],"race":[{"description":"White","count":84,"tested":537,"color":"rgb(31,119,180)"},{"description":"Left Blank","count":17,"tested":218,"color":"rgb(44,160,44)"}],"gender":[{"description":"Female","count":56,"tested":420,"color":"rgb(255,127,14)"},{"description":"Male","count":46,"tested":342,"color":"rgb(31,119,180)"}]}
