{"age":[{"age_group":"<20","count":12,"tested":300},{"age_group":"20-29   ","count":33,"tested":679},{"age_group":"30-39   ","count":18,"tested":385},{"age_group":"40-49   ","count":14,"tested":359},{"age_group":"50-59   ","count":12,"tested":358},{"age_group":"60-69   ","count":10,"tested":312},{"age_group":"70-79   ","count":6,"tested":207}],"race":[{"description":"Hispanic","count":15,"tested":211,"color":"rgb(214,39,40)"},{"description":"Left Blank","count":24,"tested":1005,"color":"rgb(44,160,44)"},{"description":"Other","count":7,"tested":170,"color":"rgb(148,103,189)"},{"description":"Black","count":13,"tested":268,"color":"rgb(255,127,14)"},{"description":"Asian","count":7,"tested":201,"color":"rgb(140,86,75)"},{"description":"White","count":38,"tested":849,"color":"rgb(31,119,180)"}],"gender":[{"description":"Female","count":49,"tested":1352,"color":"rgb(255,127,14)"},{"description":"Male","count":54,"tested":1309,"color":"rgb(31,119,180)"}]}
