{"age":[{"age_group":"<20","count":814,"tested":6235},{"age_group":"20-29   ","count":1093,"tested":10762},{"age_group":"30-39   ","count":961,"tested":11334},{"age_group":"40-49   ","count":843,"tested":9871},{"age_group":"50-59   ","count":856,"tested":11146},{"age_group":"60-69   ","count":604,"tested":10569},{"age_group":"70-79   ","count":350,"tested":6192},{"age_group":"80+","count":296,"tested":5715}],"race":[{"description":"Asian","count":74,"tested":1508,"color":"rgb(140,86,75)"},{"description":"Hispanic","count":973,"tested":6325,"color":"rgb(214,39,40)"},{"description":"Black","count":393,"tested":8760,"color":"rgb(255,127,14)"},{"description":"White","count":1835,"tested":20925,"color":"rgb(31,119,180)"},{"description":"Left Blank","count":2198,"tested":31767,"color":"rgb(44,160,44)"},{"description":"Other","count":330,"tested":2432,"color":"rgb(148,103,189)"},{"description":"AI/AN**","count":9,"tested":66,"color":"rgb(31,119,180)"},{"description":"NH/PI*","count":8,"tested":56,"color":"rgb(127,127,127)"}],"gender":[{"description":"Male","count":2698,"tested":28947,"color":"rgb(31,119,180)"},{"description":"Unknown/Left Blank","count":49,"tested":1265,"color":"rgb(44,160,44)"},{"description":"Female","count":3073,"tested":41627,"color":"rgb(255,127,14)"}]}
