{"age":[{"age_group":"<20","count":58,"tested":410},{"age_group":"20-29   ","count":79,"tested":885},{"age_group":"30-39   ","count":60,"tested":739},{"age_group":"40-49   ","count":67,"tested":760},{"age_group":"50-59   ","count":49,"tested":721},{"age_group":"60-69   ","count":47,"tested":685},{"age_group":"70-79   ","count":17,"tested":276},{"age_group":"80+","count":11,"tested":206}],"race":[{"description":"Other","count":16,"tested":117,"color":"rgb(148,103,189)"},{"description":"Left Blank","count":117,"tested":1618,"color":"rgb(44,160,44)"},{"description":"White","count":147,"tested":2076,"color":"rgb(31,119,180)"},{"description":"Hispanic","count":100,"tested":513,"color":"rgb(214,39,40)"}],"gender":[{"description":"Female","count":224,"tested":2772,"color":"rgb(255,127,14)"},{"description":"Male","count":164,"tested":1833,"color":"rgb(31,119,180)"}]}
