{"age":[{"age_group":"<20","count":149,"tested":1230},{"age_group":"20-29   ","count":165,"tested":1544},{"age_group":"30-39   ","count":128,"tested":1462},{"age_group":"40-49   ","count":116,"tested":1252},{"age_group":"50-59   ","count":155,"tested":1730},{"age_group":"60-69   ","count":99,"tested":1224},{"age_group":"70-79   ","count":32,"tested":733},{"age_group":"80+","count":9,"tested":233}],"race":[{"description":"Other","count":18,"tested":140,"color":"rgb(148,103,189)"},{"description":"Black","count":8,"tested":44,"color":"rgb(255,127,14)"},{"description":"White","count":517,"tested":5538,"color":"rgb(31,119,180)"},{"description":"Left Blank","count":231,"tested":3161,"color":"rgb(44,160,44)"},{"description":"Hispanic","count":76,"tested":423,"color":"rgb(214,39,40)"}],"gender":[{"description":"Female","count":429,"tested":5489,"color":"rgb(255,127,14)"},{"description":"Male","count":421,"tested":3889,"color":"rgb(31,119,180)"}]}
