{"age":[{"age_group":"<20","count":34,"tested":319},{"age_group":"20-29   ","count":29,"tested":357},{"age_group":"30-39   ","count":27,"tested":395},{"age_group":"40-49   ","count":42,"tested":348},{"age_group":"50-59   ","count":29,"tested":324},{"age_group":"60-69   ","count":36,"tested":429},{"age_group":"70-79   ","count":26,"tested":191},{"age_group":"80+","count":6,"tested":112}],"race":[{"description":"Hispanic","count":19,"tested":62,"color":"rgb(214,39,40)"},{"description":"Left Blank","count":50,"tested":1342,"color":"rgb(44,160,44)"},{"description":"White","count":137,"tested":945,"color":"rgb(31,119,180)"},{"description":"Other","count":15,"tested":65,"color":"rgb(148,103,189)"}],"gender":[{"description":"Female","count":116,"tested":1268,"color":"rgb(255,127,14)"},{"description":"Male","count":113,"tested":1116,"color":"rgb(31,119,180)"}]}
