{"age":[{"age_group":"<20","count":376,"tested":4922},{"age_group":"20-29   ","count":491,"tested":5919},{"age_group":"30-39   ","count":511,"tested":6814},{"age_group":"40-49   ","count":522,"tested":7246},{"age_group":"50-59   ","count":521,"tested":7188},{"age_group":"60-69   ","count":303,"tested":5449},{"age_group":"70-79   ","count":149,"tested":3388},{"age_group":"80+","count":246,"tested":6839}],"race":[{"description":"Black","count":30,"tested":462,"color":"rgb(255,127,14)"},{"description":"White","count":1747,"tested":19279,"color":"rgb(31,119,180)"},{"description":"Asian","count":63,"tested":1188,"color":"rgb(140,86,75)"},{"description":"Hispanic","count":357,"tested":2953,"color":"rgb(214,39,40)"},{"description":"Other","count":164,"tested":1602,"color":"rgb(148,103,189)"},{"description":"Left Blank","count":754,"tested":22211,"color":"rgb(44,160,44)"}],"gender":[{"description":"Female","count":1540,"tested":26765,"color":"rgb(255,127,14)"},{"description":"Male","count":1531,"tested":19182,"color":"rgb(31,119,180)"},{"description":"Unknown/Left Blank","count":49,"tested":1824,"color":"rgb(44,160,44)"}]}
