{"age":[{"age_group":"<20","count":185,"tested":1380},{"age_group":"20-29   ","count":229,"tested":1923},{"age_group":"30-39   ","count":250,"tested":1816},{"age_group":"40-49   ","count":204,"tested":1847},{"age_group":"50-59   ","count":148,"tested":1632},{"age_group":"60-69   ","count":130,"tested":1456},{"age_group":"70-79   ","count":55,"tested":723},{"age_group":"80+","count":31,"tested":334}],"race":[{"description":"Black","count":25,"tested":314,"color":"rgb(255,127,14)"},{"description":"Hispanic","count":462,"tested":2425,"color":"rgb(214,39,40)"},{"description":"White","count":361,"tested":3435,"color":"rgb(31,119,180)"},{"description":"Left Blank","count":276,"tested":4089,"color":"rgb(44,160,44)"},{"description":"Other","count":98,"tested":738,"color":"rgb(148,103,189)"},{"description":"Asian","count":10,"tested":99,"color":"rgb(140,86,75)"}],"gender":[{"description":"Male","count":610,"tested":4878,"color":"rgb(31,119,180)"},{"description":"Female","count":618,"tested":6064,"color":"rgb(255,127,14)"}]}
