{"age":[{"age_group":"<20","count":32,"tested":432},{"age_group":"20-29   ","count":20,"tested":612},{"age_group":"30-39   ","count":23,"tested":344},{"age_group":"40-49   ","count":29,"tested":535},{"age_group":"50-59   ","count":48,"tested":628},{"age_group":"60-69   ","count":29,"tested":719},{"age_group":"70-79   ","count":24,"tested":313},{"age_group":"80+","count":23,"tested":930}],"race":[{"description":"Left Blank","count":87,"tested":3457,"color":"rgb(44,160,44)"},{"description":"White","count":137,"tested":1019,"color":"rgb(31,119,180)"}],"gender":[{"description":"Male","count":96,"tested":1310,"color":"rgb(31,119,180)"},{"description":"Female","count":130,"tested":3057,"color":"rgb(255,127,14)"}]}
