{"age":[{"age_group":"<20","count":641,"tested":5678},{"age_group":"20-29   ","count":722,"tested":8439},{"age_group":"30-39   ","count":643,"tested":7719},{"age_group":"40-49   ","count":643,"tested":6453},{"age_group":"50-59   ","count":795,"tested":8969},{"age_group":"60-69   ","count":431,"tested":5823},{"age_group":"70-79   ","count":174,"tested":3213},{"age_group":"80+","count":127,"tested":3868}],"race":[{"description":"AI/AN**","count":9,"tested":35,"color":"rgb(31,119,180)"},{"description":"NH/PI*","count":12,"tested":96,"color":"rgb(127,127,127)"},{"description":"Left Blank","count":926,"tested":25906,"color":"rgb(44,160,44)"},{"description":"Other","count":135,"tested":1200,"color":"rgb(148,103,189)"},{"description":"Hispanic","count":450,"tested":2488,"color":"rgb(214,39,40)"},{"description":"White","count":2184,"tested":15972,"color":"rgb(31,119,180)"},{"description":"Asian","count":390,"tested":3645,"color":"rgb(140,86,75)"},{"description":"Black","count":70,"tested":835,"color":"rgb(255,127,14)"}],"gender":[{"description":"Female","count":2056,"tested":29220,"color":"rgb(255,127,14)"},{"description":"Male","count":2091,"tested":19938,"color":"rgb(31,119,180)"},{"description":"Unknown/Left Blank","count":29,"tested":1019,"color":"rgb(44,160,44)"}]}
