{"age":[{"age_group":"<20","count":543,"tested":5356},{"age_group":"20-29   ","count":712,"tested":9237},{"age_group":"30-39   ","count":780,"tested":10610},{"age_group":"40-49   ","count":660,"tested":9518},{"age_group":"50-59   ","count":595,"tested":9907},{"age_group":"60-69   ","count":456,"tested":8940},{"age_group":"70-79   ","count":242,"tested":3944},{"age_group":"80+","count":174,"tested":2201}],"race":[{"description":"Black","count":2611,"tested":25111,"color":"rgb(255,127,14)"},{"description":"Hispanic","count":514,"tested":2866,"color":"rgb(214,39,40)"},{"description":"White","count":115,"tested":1787,"color":"rgb(31,119,180)"},{"description":"Asian","count":8,"tested":115,"color":"rgb(140,86,75)"},{"description":"Other","count":96,"tested":1158,"color":"rgb(148,103,189)"},{"description":"Left Blank","count":815,"tested":28659,"color":"rgb(44,160,44)"}],"gender":[{"description":"Female","count":2232,"tested":32937,"color":"rgb(255,127,14)"},{"description":"Male","count":1814,"tested":24680,"color":"rgb(31,119,180)"},{"description":"Unknown/Left Blank","count":117,"tested":2129,"color":"rgb(44,160,44)"}]}
