{"age":[{"age_group":"<20","count":149,"tested":1443},{"age_group":"20-29   ","count":100,"tested":1300},{"age_group":"30-39   ","count":108,"tested":1167},{"age_group":"40-49   ","count":87,"tested":1061},{"age_group":"50-59   ","count":78,"tested":1199},{"age_group":"60-69   ","count":86,"tested":993},{"age_group":"70-79   ","count":30,"tested":906},{"age_group":"80+","count":37,"tested":1130}],"race":[{"description":"Left Blank","count":39,"tested":1848,"color":"rgb(44,160,44)"},{"description":"Hispanic","count":91,"tested":562,"color":"rgb(214,39,40)"},{"description":"White","count":519,"tested":6511,"color":"rgb(31,119,180)"},{"description":"Other","count":20,"tested":179,"color":"rgb(148,103,189)"}],"gender":[{"description":"Female","count":362,"tested":5223,"color":"rgb(255,127,14)"},{"description":"Male","count":306,"tested":3390,"color":"rgb(31,119,180)"},{"description":"Unknown/Left Blank","count":7,"tested":589,"color":"rgb(44,160,44)"}]}
