{"age":[{"age_group":"<20","count":109,"tested":1199},{"age_group":"20-29   ","count":225,"tested":2713},{"age_group":"30-39   ","count":199,"tested":2722},{"age_group":"40-49   ","count":155,"tested":1816},{"age_group":"50-59   ","count":120,"tested":1592},{"age_group":"60-69   ","count":69,"tested":1234},{"age_group":"70-79   ","count":30,"tested":488},{"age_group":"80+","count":29,"tested":447}],"race":[{"description":"Other","count":56,"tested":340,"color":"rgb(148,103,189)"},{"description":"Left Blank","count":357,"tested":6048,"color":"rgb(44,160,44)"},{"description":"Hispanic","count":118,"tested":800,"color":"rgb(214,39,40)"},{"description":"White","count":258,"tested":2815,"color":"rgb(31,119,180)"},{"description":"Black","count":38,"tested":496,"color":"rgb(255,127,14)"},{"description":"Asian","count":105,"tested":1645,"color":"rgb(140,86,75)"}],"gender":[{"description":"Male","count":454,"tested":5473,"color":"rgb(31,119,180)"},{"description":"Female","count":476,"tested":6637,"color":"rgb(255,127,14)"}]}
