{"age":[{"age_group":"<20","count":788,"tested":6085},{"age_group":"20-29   ","count":934,"tested":9334},{"age_group":"30-39   ","count":737,"tested":7111},{"age_group":"40-49   ","count":848,"tested":7947},{"age_group":"50-59   ","count":730,"tested":7715},{"age_group":"60-69   ","count":351,"tested":4069},{"age_group":"70-79   ","count":174,"tested":2524},{"age_group":"80+","count":95,"tested":1380}],"race":[{"description":"Hispanic","count":1370,"tested":7478,"color":"rgb(214,39,40)"},{"description":"Left Blank","count":1365,"tested":19095,"color":"rgb(44,160,44)"},{"description":"White","count":1123,"tested":11777,"color":"rgb(31,119,180)"},{"description":"Asian","count":184,"tested":1696,"color":"rgb(140,86,75)"},{"description":"Black","count":399,"tested":4002,"color":"rgb(255,127,14)"},{"description":"NH/PI*","count":6,"tested":72,"color":"rgb(127,127,127)"},{"description":"Other","count":205,"tested":1997,"color":"rgb(148,103,189)"}],"gender":[{"description":"Unknown/Left Blank","count":30,"tested":1000,"color":"rgb(44,160,44)"},{"description":"Male","count":2168,"tested":19366,"color":"rgb(31,119,180)"},{"description":"Female","count":2460,"tested":25809,"color":"rgb(255,127,14)"}]}
