{"age":[{"age_group":"<20","count":250,"tested":2357},{"age_group":"20-29   ","count":221,"tested":1859},{"age_group":"30-39   ","count":198,"tested":1824},{"age_group":"40-49   ","count":248,"tested":1980},{"age_group":"50-59   ","count":258,"tested":1864},{"age_group":"60-69   ","count":222,"tested":1589},{"age_group":"70-79   ","count":125,"tested":776},{"age_group":"80+","count":53,"tested":362}],"race":[{"description":"Left Blank","count":273,"tested":3511,"color":"rgb(44,160,44)"},{"description":"Hispanic","count":120,"tested":679,"color":"rgb(214,39,40)"},{"description":"White","count":1060,"tested":7411,"color":"rgb(31,119,180)"},{"description":"Black","count":40,"tested":502,"color":"rgb(255,127,14)"},{"description":"Other","count":78,"tested":454,"color":"rgb(148,103,189)"}],"gender":[{"description":"Female","count":830,"tested":7037,"color":"rgb(255,127,14)"},{"description":"Male","count":724,"tested":4916,"color":"rgb(31,119,180)"},{"description":"Unknown/Left Blank","count":24,"tested":659,"color":"rgb(44,160,44)"}]}
