{"age":[{"age_group":"<20","count":220,"tested":3308},{"age_group":"20-29   ","count":253,"tested":3203},{"age_group":"30-39   ","count":243,"tested":2780},{"age_group":"40-49   ","count":277,"tested":2242},{"age_group":"50-59   ","count":195,"tested":2425},{"age_group":"60-69   ","count":153,"tested":2449},{"age_group":"70-79   ","count":69,"tested":1547},{"age_group":"80+","count":59,"tested":3850}],"race":[{"description":"Other","count":82,"tested":624,"color":"rgb(148,103,189)"},{"description":"Left Blank","count":313,"tested":10093,"color":"rgb(44,160,44)"},{"description":"White","count":518,"tested":6657,"color":"rgb(31,119,180)"},{"description":"Asian","count":59,"tested":837,"color":"rgb(140,86,75)"},{"description":"Hispanic","count":476,"tested":3417,"color":"rgb(214,39,40)"},{"description":"Black","count":18,"tested":177,"color":"rgb(255,127,14)"}],"gender":[{"description":"Male","count":742,"tested":8351,"color":"rgb(31,119,180)"},{"description":"Unknown/Left Blank","count":15,"tested":715,"color":"rgb(44,160,44)"},{"description":"Female","count":712,"tested":12764,"color":"rgb(255,127,14)"}]}
