{"age":[{"age_group":"<20","count":60,"tested":1157},{"age_group":"20-29   ","count":24,"tested":451},{"age_group":"30-39   ","count":10,"tested":274},{"age_group":"40-49   ","count":24,"tested":503},{"age_group":"50-59   ","count":38,"tested":628},{"age_group":"60-69   ","count":13,"tested":289}],"race":[{"description":"Left Blank","count":46,"tested":1254,"color":"rgb(44,160,44)"},{"description":"Other","count":14,"tested":306,"color":"rgb(148,103,189)"},{"description":"White","count":106,"tested":1834,"color":"rgb(31,119,180)"}],"gender":[{"description":"Male","count":90,"tested":1688,"color":"rgb(31,119,180)"},{"description":"Female","count":84,"tested":1819,"color":"rgb(255,127,14)"}]}
