{"age":[{"age_group":"<20","count":863,"tested":5597},{"age_group":"20-29   ","count":912,"tested":8496},{"age_group":"30-39   ","count":860,"tested":7754},{"age_group":"40-49   ","count":912,"tested":7747},{"age_group":"50-59   ","count":749,"tested":7653},{"age_group":"60-69   ","count":443,"tested":6100},{"age_group":"70-79   ","count":203,"tested":2459},{"age_group":"80+","count":158,"tested":2115}],"race":[{"description":"Hispanic","count":2071,"tested":10332,"color":"rgb(214,39,40)"},{"description":"Asian","count":11,"tested":192,"color":"rgb(140,86,75)"},{"description":"Black","count":1053,"tested":12387,"color":"rgb(255,127,14)"},{"description":"White","count":295,"tested":3513,"color":"rgb(31,119,180)"},{"description":"Left Blank","count":1495,"tested":19793,"color":"rgb(44,160,44)"},{"description":"Other","count":166,"tested":1538,"color":"rgb(148,103,189)"},{"description":"AI/AN**","count":10,"tested":31,"color":"rgb(31,119,180)"}],"gender":[{"description":"Female","count":2667,"tested":27378,"color":"rgb(255,127,14)"},{"description":"Male","count":2368,"tested":19453,"color":"rgb(31,119,180)"},{"description":"Unknown/Left Blank","count":66,"tested":1105,"color":"rgb(44,160,44)"}]}
