{"age":[{"age_group":"<20","count":37,"tested":356},{"age_group":"20-29   ","count":44,"tested":524},{"age_group":"30-39   ","count":43,"tested":402},{"age_group":"40-49   ","count":40,"tested":343},{"age_group":"50-59   ","count":41,"tested":505},{"age_group":"60-69   ","count":24,"tested":618},{"age_group":"70-79   ","count":19,"tested":207}],"race":[{"description":"Hispanic","count":9,"tested":61,"color":"rgb(214,39,40)"},{"description":"Left Blank","count":47,"tested":1005,"color":"rgb(44,160,44)"},{"description":"White","count":183,"tested":1884,"color":"rgb(31,119,180)"},{"description":"Other","count":11,"tested":69,"color":"rgb(148,103,189)"}],"gender":[{"description":"Male","count":124,"tested":1156,"color":"rgb(31,119,180)"},{"description":"Female","count":127,"tested":1567,"color":"rgb(255,127,14)"}]}
