{"age":[{"age_group":"<20","count":353,"tested":3311},{"age_group":"20-29   ","count":440,"tested":4040},{"age_group":"30-39   ","count":354,"tested":4057},{"age_group":"40-49   ","count":405,"tested":3982},{"age_group":"50-59   ","count":425,"tested":4408},{"age_group":"60-69   ","count":261,"tested":3620},{"age_group":"70-79   ","count":101,"tested":1627},{"age_group":"80+","count":45,"tested":807}],"race":[{"description":"Asian","count":126,"tested":1109,"color":"rgb(140,86,75)"},{"description":"Hispanic","count":267,"tested":1190,"color":"rgb(214,39,40)"},{"description":"Black","count":36,"tested":377,"color":"rgb(255,127,14)"},{"description":"Other","count":71,"tested":660,"color":"rgb(148,103,189)"},{"description":"Left Blank","count":625,"tested":14589,"color":"rgb(44,160,44)"},{"description":"White","count":1254,"tested":7856,"color":"rgb(31,119,180)"}],"gender":[{"description":"Female","count":1212,"tested":14458,"color":"rgb(255,127,14)"},{"description":"Male","count":1157,"tested":10816,"color":"rgb(31,119,180)"},{"description":"Unknown/Left Blank","count":15,"tested":594,"color":"rgb(44,160,44)"}]}
