{"age":[{"age_group":"<20","count":85,"tested":796},{"age_group":"20-29   ","count":118,"tested":1474},{"age_group":"30-39   ","count":105,"tested":1232},{"age_group":"40-49   ","count":93,"tested":1498},{"age_group":"50-59   ","count":90,"tested":1087},{"age_group":"60-69   ","count":45,"tested":747},{"age_group":"70-79   ","count":27,"tested":325},{"age_group":"80+","count":11,"tested":131}],"race":[{"description":"Hispanic","count":12,"tested":141,"color":"rgb(214,39,40)"},{"description":"Left Blank","count":151,"tested":2527,"color":"rgb(44,160,44)"},{"description":"Other","count":10,"tested":146,"color":"rgb(148,103,189)"},{"description":"Black","count":380,"tested":4298,"color":"rgb(255,127,14)"},{"description":"White","count":19,"tested":165,"color":"rgb(31,119,180)"}],"gender":[{"description":"Female","count":350,"tested":4679,"color":"rgb(255,127,14)"},{"description":"Male","count":217,"tested":2445,"color":"rgb(31,119,180)"},{"description":"Unknown/Left Blank","count":7,"tested":170,"color":"rgb(44,160,44)"}]}
