{"age":[{"age_group":"<20","count":439,"tested":3767},{"age_group":"20-29   ","count":589,"tested":6669},{"age_group":"30-39   ","count":549,"tested":6391},{"age_group":"40-49   ","count":461,"tested":5194},{"age_group":"50-59   ","count":468,"tested":5094},{"age_group":"60-69   ","count":285,"tested":4109},{"age_group":"70-79   ","count":129,"tested":1956},{"age_group":"80+","count":126,"tested":2332}],"race":[{"description":"Hispanic","count":676,"tested":3259,"color":"rgb(214,39,40)"},{"description":"AI/AN**","count":18,"tested":36,"color":"rgb(31,119,180)"},{"description":"Left Blank","count":1073,"tested":19266,"color":"rgb(44,160,44)"},{"description":"NH/PI*","count":6,"tested":70,"color":"rgb(127,127,127)"},{"description":"Other","count":126,"tested":889,"color":"rgb(148,103,189)"},{"description":"White","count":715,"tested":7334,"color":"rgb(31,119,180)"},{"description":"Asian","count":319,"tested":3564,"color":"rgb(140,86,75)"},{"description":"Black","count":113,"tested":1113,"color":"rgb(255,127,14)"}],"gender":[{"description":"Male","count":1479,"tested":15239,"color":"rgb(31,119,180)"},{"description":"Female","count":1541,"tested":19650,"color":"rgb(255,127,14)"},{"description":"Unknown/Left Blank","count":26,"tested":642,"color":"rgb(44,160,44)"}]}
