{"age":[{"age_group":"<20","count":598,"tested":4933},{"age_group":"20-29   ","count":895,"tested":9457},{"age_group":"30-39   ","count":785,"tested":8209},{"age_group":"40-49   ","count":678,"tested":6674},{"age_group":"50-59   ","count":767,"tested":7928},{"age_group":"60-69   ","count":422,"tested":5289},{"age_group":"70-79   ","count":193,"tested":2538},{"age_group":"80+","count":134,"tested":2083}],"race":[{"description":"Other","count":120,"tested":1106,"color":"rgb(148,103,189)"},{"description":"AI/AN**","count":15,"tested":54,"color":"rgb(31,119,180)"},{"description":"NH/PI*","count":18,"tested":83,"color":"rgb(127,127,127)"},{"description":"Black","count":154,"tested":1246,"color":"rgb(255,127,14)"},{"description":"Asian","count":321,"tested":3082,"color":"rgb(140,86,75)"},{"description":"Left Blank","count":1688,"tested":29235,"color":"rgb(44,160,44)"},{"description":"White","count":872,"tested":6942,"color":"rgb(31,119,180)"},{"description":"Hispanic","count":1284,"tested":5382,"color":"rgb(214,39,40)"}],"gender":[{"description":"Unknown/Left Blank","count":31,"tested":1137,"color":"rgb(44,160,44)"},{"description":"Female","count":2320,"tested":26972,"color":"rgb(255,127,14)"},{"description":"Male","count":2121,"tested":19021,"color":"rgb(31,119,180)"}]}
