{"age":[{"age_group":"<20","count":17,"tested":120},{"age_group":"20-29   ","count":19,"tested":205},{"age_group":"30-39   ","count":24,"tested":191},{"age_group":"40-49   ","count":24,"tested":203},{"age_group":"50-59   ","count":20,"tested":213},{"age_group":"60-69   ","count":18,"tested":241}],"race":[{"description":"Hispanic","count":22,"tested":116,"color":"rgb(214,39,40)"},{"description":"Black","count":15,"tested":171,"color":"rgb(255,127,14)"},{"description":"White","count":49,"tested":474,"color":"rgb(31,119,180)"},{"description":"Left Blank","count":42,"tested":589,"color":"rgb(44,160,44)"}],"gender":[{"description":"Female","count":62,"tested":711,"color":"rgb(255,127,14)"},{"description":"Male","count":68,"tested":649,"color":"rgb(31,119,180)"}]}
