{"age":[{"age_group":"<20","count":106,"tested":1610},{"age_group":"20-29   ","count":186,"tested":2599},{"age_group":"30-39   ","count":137,"tested":2275},{"age_group":"40-49   ","count":119,"tested":1648},{"age_group":"50-59   ","count":126,"tested":1908},{"age_group":"60-69   ","count":70,"tested":1761},{"age_group":"70-79   ","count":48,"tested":1013},{"age_group":"80+","count":53,"tested":1391}],"race":[{"description":"Asian","count":46,"tested":582,"color":"rgb(140,86,75)"},{"description":"White","count":328,"tested":5005,"color":"rgb(31,119,180)"},{"description":"Black","count":64,"tested":490,"color":"rgb(255,127,14)"},{"description":"Other","count":36,"tested":400,"color":"rgb(148,103,189)"},{"description":"Left Blank","count":240,"tested":7274,"color":"rgb(44,160,44)"},{"description":"Hispanic","count":94,"tested":448,"color":"rgb(214,39,40)"}],"gender":[{"description":"Female","count":370,"tested":7992,"color":"rgb(255,127,14)"},{"description":"Male","count":364,"tested":5997,"color":"rgb(31,119,180)"}]}
