{"age":[{"age_group":"<20","count":241,"tested":2207},{"age_group":"20-29   ","count":342,"tested":3286},{"age_group":"30-39   ","count":384,"tested":3569},{"age_group":"40-49   ","count":303,"tested":2824},{"age_group":"50-59   ","count":274,"tested":2958},{"age_group":"60-69   ","count":225,"tested":2579},{"age_group":"70-79   ","count":111,"tested":1435},{"age_group":"80+","count":87,"tested":1036}],"race":[{"description":"Black","count":121,"tested":1098,"color":"rgb(255,127,14)"},{"description":"NH/PI*","count":16,"tested":77,"color":"rgb(127,127,127)"},{"description":"Asian","count":342,"tested":1833,"color":"rgb(140,86,75)"},{"description":"Other","count":217,"tested":1518,"color":"rgb(148,103,189)"},{"description":"AI/AN**","count":18,"tested":41,"color":"rgb(31,119,180)"},{"description":"Left Blank","count":442,"tested":9632,"color":"rgb(44,160,44)"},{"description":"White","count":401,"tested":3836,"color":"rgb(31,119,180)"},{"description":"Hispanic","count":410,"tested":1868,"color":"rgb(214,39,40)"}],"gender":[{"description":"Male","count":949,"tested":8700,"color":"rgb(31,119,180)"},{"description":"Female","count":940,"tested":10836,"color":"rgb(255,127,14)"},{"description":"Unknown/Left Blank","count":33,"tested":367,"color":"rgb(44,160,44)"}]}
