{"age":[{"age_group":"<20","count":126,"tested":2339},{"age_group":"20-29   ","count":405,"tested":10408},{"age_group":"30-39   ","count":484,"tested":12796},{"age_group":"40-49   ","count":316,"tested":6878},{"age_group":"50-59   ","count":319,"tested":7726},{"age_group":"60-69   ","count":277,"tested":6231},{"age_group":"70-79   ","count":167,"tested":3442},{"age_group":"80+","count":155,"tested":4127}],"race":[{"description":"Asian","count":132,"tested":2017,"color":"rgb(140,86,75)"},{"description":"Hispanic","count":344,"tested":2480,"color":"rgb(214,39,40)"},{"description":"Black","count":342,"tested":4635,"color":"rgb(255,127,14)"},{"description":"Other","count":108,"tested":1649,"color":"rgb(148,103,189)"},{"description":"White","count":687,"tested":15882,"color":"rgb(31,119,180)"},{"description":"Left Blank","count":584,"tested":27209,"color":"rgb(44,160,44)"}],"gender":[{"description":"Female","count":966,"tested":26095,"color":"rgb(255,127,14)"},{"description":"Male","count":1077,"tested":24460,"color":"rgb(31,119,180)"},{"description":"Unknown/Left Blank","count":96,"tested":3416,"color":"rgb(44,160,44)"}]}
