{"age":[{"age_group":"<20","count":192,"tested":2336},{"age_group":"20-29   ","count":138,"tested":1901},{"age_group":"30-39   ","count":96,"tested":1251},{"age_group":"40-49   ","count":113,"tested":1459},{"age_group":"50-59   ","count":146,"tested":1936},{"age_group":"60-69   ","count":87,"tested":1448},{"age_group":"70-79   ","count":62,"tested":835},{"age_group":"80+","count":50,"tested":475}],"race":[{"description":"Hispanic","count":120,"tested":450,"color":"rgb(214,39,40)"},{"description":"White","count":378,"tested":5840,"color":"rgb(31,119,180)"},{"description":"Asian","count":41,"tested":173,"color":"rgb(140,86,75)"},{"description":"Left Blank","count":157,"tested":4344,"color":"rgb(44,160,44)"},{"description":"Other","count":91,"tested":782,"color":"rgb(148,103,189)"}],"gender":[{"description":"Male","count":376,"tested":5547,"color":"rgb(31,119,180)"},{"description":"Female","count":317,"tested":6026,"color":"rgb(255,127,14)"}]}
