{"age":[{"age_group":"<20","count":181,"tested":3274},{"age_group":"20-29   ","count":1138,"tested":19477},{"age_group":"30-39   ","count":552,"tested":12842},{"age_group":"40-49   ","count":253,"tested":4526},{"age_group":"50-59   ","count":224,"tested":3206},{"age_group":"60-69   ","count":144,"tested":2303},{"age_group":"70-79   ","count":120,"tested":1937},{"age_group":"80+","count":136,"tested":1631}],"race":[{"description":"Hispanic","count":219,"tested":1136,"color":"rgb(214,39,40)"},{"description":"Asian","count":117,"tested":1015,"color":"rgb(140,86,75)"},{"description":"White","count":1093,"tested":15355,"color":"rgb(31,119,180)"},{"description":"Left Blank","count":926,"tested":29389,"color":"rgb(44,160,44)"},{"description":"AI/AN**","count":70,"tested":39,"color":"rgb(31,119,180)"},{"description":"Other","count":141,"tested":1403,"color":"rgb(148,103,189)"},{"description":"Black","count":119,"tested":847,"color":"rgb(255,127,14)"}],"gender":[{"description":"Male","count":1225,"tested":21965,"color":"rgb(31,119,180)"},{"description":"Unknown/Left Blank","count":77,"tested":665,"color":"rgb(44,160,44)"},{"description":"Female","count":1136,"tested":26575,"color":"rgb(255,127,14)"}]}
