{"age":[{"age_group":"<20","count":134,"tested":1316},{"age_group":"20-29   ","count":178,"tested":2072},{"age_group":"30-39   ","count":177,"tested":1922},{"age_group":"40-49   ","count":167,"tested":2137},{"age_group":"50-59   ","count":188,"tested":2718},{"age_group":"60-69   ","count":176,"tested":2715},{"age_group":"70-79   ","count":106,"tested":1793},{"age_group":"80+","count":104,"tested":1643}],"race":[{"description":"Left Blank","count":388,"tested":8333,"color":"rgb(44,160,44)"},{"description":"Hispanic","count":85,"tested":396,"color":"rgb(214,39,40)"},{"description":"Black","count":623,"tested":6405,"color":"rgb(255,127,14)"},{"description":"White","count":83,"tested":877,"color":"rgb(31,119,180)"},{"description":"Other","count":30,"tested":214,"color":"rgb(148,103,189)"}],"gender":[{"description":"Female","count":667,"tested":9644,"color":"rgb(255,127,14)"},{"description":"Male","count":517,"tested":6333,"color":"rgb(31,119,180)"},{"description":"Unknown/Left Blank","count":17,"tested":346,"color":"rgb(44,160,44)"}]}
