{"age":[{"age_group":"<20","count":246,"tested":3104},{"age_group":"20-29   ","count":348,"tested":3154},{"age_group":"30-39   ","count":259,"tested":3154},{"age_group":"40-49   ","count":246,"tested":2809},{"age_group":"50-59   ","count":260,"tested":2757},{"age_group":"60-69   ","count":185,"tested":2686},{"age_group":"70-79   ","count":126,"tested":2017},{"age_group":"80+","count":180,"tested":2248}],"race":[{"description":"Left Blank","count":377,"tested":10450,"color":"rgb(44,160,44)"},{"description":"Hispanic","count":317,"tested":1479,"color":"rgb(214,39,40)"},{"description":"Asian","count":54,"tested":352,"color":"rgb(140,86,75)"},{"description":"White","count":888,"tested":8222,"color":"rgb(31,119,180)"},{"description":"Black","count":141,"tested":1072,"color":"rgb(255,127,14)"},{"description":"Other","count":47,"tested":344,"color":"rgb(148,103,189)"}],"gender":[{"description":"Female","count":939,"tested":12593,"color":"rgb(255,127,14)"},{"description":"Male","count":836,"tested":9040,"color":"rgb(31,119,180)"},{"description":"Unknown/Left Blank","count":20,"tested":300,"color":"rgb(44,160,44)"}]}
