{"age":[{"age_group":"<20","count":51,"tested":468},{"age_group":"20-29   ","count":55,"tested":713},{"age_group":"30-39   ","count":60,"tested":729},{"age_group":"40-49   ","count":57,"tested":837},{"age_group":"50-59   ","count":63,"tested":885},{"age_group":"60-69   ","count":45,"tested":742},{"age_group":"70-79   ","count":32,"tested":684},{"age_group":"80+","count":47,"tested":760}],"race":[{"description":"White","count":99,"tested":849,"color":"rgb(31,119,180)"},{"description":"Black","count":12,"tested":91,"color":"rgb(255,127,14)"},{"description":"Other","count":14,"tested":128,"color":"rgb(148,103,189)"},{"description":"Hispanic","count":214,"tested":1210,"color":"rgb(214,39,40)"},{"description":"Left Blank","count":54,"tested":3410,"color":"rgb(44,160,44)"}],"gender":[{"description":"Male","count":178,"tested":2328,"color":"rgb(31,119,180)"},{"description":"Female","count":199,"tested":3369,"color":"rgb(255,127,14)"}]}
