{"age":[{"age_group":"<20","count":31,"tested":205},{"age_group":"20-29   ","count":21,"tested":69},{"age_group":"30-39   ","count":23,"tested":107},{"age_group":"40-49   ","count":34,"tested":129},{"age_group":"50-59   ","count":24,"tested":127},{"age_group":"60-69   ","count":27,"tested":113},{"age_group":"70-79   ","count":16,"tested":85}],"race":[{"description":"Left Blank","count":80,"tested":411,"color":"rgb(44,160,44)"},{"description":"White","count":62,"tested":439,"color":"rgb(31,119,180)"}],"gender":[{"description":"Female","count":63,"tested":484,"color":"rgb(255,127,14)"},{"description":"Male","count":79,"tested":357,"color":"rgb(31,119,180)"}]}
