{"age":[{"age_group":"<20","count":35,"tested":379},{"age_group":"20-29   ","count":65,"tested":685},{"age_group":"30-39   ","count":41,"tested":680},{"age_group":"40-49   ","count":44,"tested":638},{"age_group":"50-59   ","count":60,"tested":970},{"age_group":"60-69   ","count":47,"tested":970},{"age_group":"70-79   ","count":22,"tested":649},{"age_group":"80+","count":16,"tested":291}],"race":[{"description":"White","count":141,"tested":3333,"color":"rgb(31,119,180)"},{"description":"Black","count":22,"tested":657,"color":"rgb(255,127,14)"},{"description":"Left Blank","count":74,"tested":788,"color":"rgb(44,160,44)"},{"description":"Hispanic","count":65,"tested":359,"color":"rgb(214,39,40)"}],"gender":[{"description":"Female","count":138,"tested":2930,"color":"rgb(255,127,14)"},{"description":"Male","count":154,"tested":2247,"color":"rgb(31,119,180)"}]}
