{"age":[{"age_group":"<20","count":101,"tested":920},{"age_group":"20-29   ","count":133,"tested":1438},{"age_group":"30-39   ","count":143,"tested":1228},{"age_group":"40-49   ","count":160,"tested":1052},{"age_group":"50-59   ","count":97,"tested":1152},{"age_group":"60-69   ","count":81,"tested":1146},{"age_group":"70-79   ","count":40,"tested":832},{"age_group":"80+","count":43,"tested":2243}],"race":[{"description":"White","count":207,"tested":2613,"color":"rgb(31,119,180)"},{"description":"Asian","count":26,"tested":238,"color":"rgb(140,86,75)"},{"description":"Hispanic","count":307,"tested":1154,"color":"rgb(214,39,40)"},{"description":"Left Blank","count":177,"tested":5661,"color":"rgb(44,160,44)"},{"description":"Other","count":43,"tested":286,"color":"rgb(148,103,189)"},{"description":"Black","count":20,"tested":60,"color":"rgb(255,127,14)"}],"gender":[{"description":"Male","count":386,"tested":3706,"color":"rgb(31,119,180)"},{"description":"Unknown/Left Blank","count":15,"tested":398,"color":"rgb(44,160,44)"},{"description":"Female","count":357,"tested":5918,"color":"rgb(255,127,14)"}]}
