{"age":[{"age_group":"<20","count":33,"tested":375},{"age_group":"20-29   ","count":51,"tested":436},{"age_group":"30-39   ","count":38,"tested":489},{"age_group":"40-49   ","count":38,"tested":359},{"age_group":"50-59   ","count":31,"tested":313},{"age_group":"60-69   ","count":14,"tested":210}],"race":[{"description":"White","count":87,"tested":876,"color":"rgb(31,119,180)"},{"description":"Left Blank","count":43,"tested":1089,"color":"rgb(44,160,44)"},{"description":"Black","count":18,"tested":100,"color":"rgb(255,127,14)"},{"description":"Hispanic","count":58,"tested":196,"color":"rgb(214,39,40)"}],"gender":[{"description":"Male","count":100,"tested":929,"color":"rgb(31,119,180)"},{"description":"Female","count":105,"tested":1381,"color":"rgb(255,127,14)"}]}
