{"age":[{"age_group":"<20","count":26,"tested":209},{"age_group":"20-29   ","count":32,"tested":242},{"age_group":"30-39   ","count":17,"tested":186},{"age_group":"40-49   ","count":16,"tested":225},{"age_group":"50-59   ","count":32,"tested":279},{"age_group":"60-69   ","count":28,"tested":287},{"age_group":"70-79   ","count":26,"tested":152},{"age_group":"80+","count":19,"tested":124}],"race":[{"description":"Left Blank","count":53,"tested":1051,"color":"rgb(44,160,44)"},{"description":"White","count":137,"tested":634,"color":"rgb(31,119,180)"}],"gender":[{"description":"Male","count":89,"tested":583,"color":"rgb(31,119,180)"},{"description":"Female","count":107,"tested":1073,"color":"rgb(255,127,14)"}]}
