{"age":[{"age_group":"<20","count":1085,"tested":7140},{"age_group":"20-29   ","count":1619,"tested":11613},{"age_group":"30-39   ","count":1528,"tested":9950},{"age_group":"40-49   ","count":1489,"tested":8599},{"age_group":"50-59   ","count":1190,"tested":7704},{"age_group":"60-69   ","count":681,"tested":5307},{"age_group":"70-79   ","count":307,"tested":2431},{"age_group":"80+","count":130,"tested":963}],"race":[{"description":"White","count":474,"tested":4160,"color":"rgb(31,119,180)"},{"description":"Left Blank","count":1349,"tested":16117,"color":"rgb(44,160,44)"},{"description":"Asian","count":60,"tested":378,"color":"rgb(140,86,75)"},{"description":"Other","count":286,"tested":2402,"color":"rgb(148,103,189)"},{"description":"Black","count":449,"tested":3775,"color":"rgb(255,127,14)"},{"description":"Hispanic","count":5346,"tested":26806,"color":"rgb(214,39,40)"}],"gender":[{"description":"Unknown/Left Blank","count":64,"tested":597,"color":"rgb(44,160,44)"},{"description":"Male","count":3843,"tested":24099,"color":"rgb(31,119,180)"},{"description":"Female","count":3977,"tested":29041,"color":"rgb(255,127,14)"}]}
