{"age":[{"age_group":"<20","count":129,"tested":1247},{"age_group":"20-29   ","count":191,"tested":2657},{"age_group":"30-39   ","count":180,"tested":2695},{"age_group":"40-49   ","count":195,"tested":2504},{"age_group":"50-59   ","count":185,"tested":3001},{"age_group":"60-69   ","count":206,"tested":2769},{"age_group":"70-79   ","count":146,"tested":1942},{"age_group":"80+","count":118,"tested":1694}],"race":[{"description":"Hispanic","count":144,"tested":584,"color":"rgb(214,39,40)"},{"description":"Left Blank","count":410,"tested":11980,"color":"rgb(44,160,44)"},{"description":"White","count":516,"tested":4648,"color":"rgb(31,119,180)"},{"description":"Asian","count":115,"tested":650,"color":"rgb(140,86,75)"},{"description":"Black","count":54,"tested":355,"color":"rgb(255,127,14)"},{"description":"Other","count":56,"tested":275,"color":"rgb(148,103,189)"}],"gender":[{"description":"Female","count":606,"tested":10255,"color":"rgb(255,127,14)"},{"description":"Male","count":579,"tested":7615,"color":"rgb(31,119,180)"},{"description":"Unknown/Left Blank","count":45,"tested":646,"color":"rgb(44,160,44)"}]}
