{"age":[{"age_group":"<20","count":28,"tested":327},{"age_group":"20-29   ","count":68,"tested":617},{"age_group":"30-39   ","count":63,"tested":548},{"age_group":"40-49   ","count":52,"tested":622},{"age_group":"50-59   ","count":46,"tested":523},{"age_group":"60-69   ","count":27,"tested":385},{"age_group":"70-79   ","count":20,"tested":186},{"age_group":"80+","count":9,"tested":64}],"race":[{"description":"Black","count":194,"tested":1926,"color":"rgb(255,127,14)"},{"description":"White","count":11,"tested":74,"color":"rgb(31,119,180)"},{"description":"Hispanic","count":8,"tested":48,"color":"rgb(214,39,40)"},{"description":"Left Blank","count":90,"tested":1162,"color":"rgb(44,160,44)"}],"gender":[{"description":"Female","count":191,"tested":2070,"color":"rgb(255,127,14)"},{"description":"Male","count":114,"tested":1127,"color":"rgb(31,119,180)"}]}
