{"age":[{"age_group":"<20","count":146,"tested":831},{"age_group":"20-29   ","count":243,"tested":1666},{"age_group":"30-39   ","count":215,"tested":1646},{"age_group":"40-49   ","count":206,"tested":1332},{"age_group":"50-59   ","count":193,"tested":1459},{"age_group":"60-69   ","count":110,"tested":1240},{"age_group":"70-79   ","count":69,"tested":747},{"age_group":"80+","count":42,"tested":322}],"race":[{"description":"Hispanic","count":171,"tested":683,"color":"rgb(214,39,40)"},{"description":"White","count":244,"tested":2242,"color":"rgb(31,119,180)"},{"description":"Asian","count":30,"tested":71,"color":"rgb(140,86,75)"},{"description":"Left Blank","count":522,"tested":4791,"color":"rgb(44,160,44)"},{"description":"Black","count":159,"tested":1190,"color":"rgb(255,127,14)"},{"description":"Other","count":54,"tested":253,"color":"rgb(148,103,189)"}],"gender":[{"description":"Male","count":507,"tested":3840,"color":"rgb(31,119,180)"},{"description":"Female","count":586,"tested":5313,"color":"rgb(255,127,14)"}]}
