{"age":[{"age_group":"<20","count":220,"tested":2086},{"age_group":"20-29   ","count":253,"tested":2335},{"age_group":"30-39   ","count":254,"tested":2172},{"age_group":"40-49   ","count":219,"tested":1666},{"age_group":"50-59   ","count":285,"tested":2318},{"age_group":"60-69   ","count":262,"tested":2215},{"age_group":"70-79   ","count":148,"tested":1363},{"age_group":"80+","count":127,"tested":2060}],"race":[{"description":"Hispanic","count":130,"tested":300,"color":"rgb(214,39,40)"},{"description":"Left Blank","count":393,"tested":7812,"color":"rgb(44,160,44)"},{"description":"White","count":888,"tested":7084,"color":"rgb(31,119,180)"},{"description":"Other","count":65,"tested":179,"color":"rgb(148,103,189)"},{"description":"Black","count":144,"tested":787,"color":"rgb(255,127,14)"}],"gender":[{"description":"Female","count":790,"tested":9851,"color":"rgb(255,127,14)"},{"description":"Male","count":674,"tested":5811,"color":"rgb(31,119,180)"},{"description":"Unknown/Left Blank","count":74,"tested":565,"color":"rgb(44,160,44)"}]}
