{"age":[{"age_group":"<20","count":392,"tested":3062},{"age_group":"20-29   ","count":595,"tested":6195},{"age_group":"30-39   ","count":513,"tested":5580},{"age_group":"40-49   ","count":520,"tested":5530},{"age_group":"50-59   ","count":462,"tested":6498},{"age_group":"60-69   ","count":362,"tested":5125},{"age_group":"70-79   ","count":216,"tested":2528},{"age_group":"80+","count":132,"tested":1688}],"race":[{"description":"Black","count":948,"tested":10687,"color":"rgb(255,127,14)"},{"description":"AI/AN**","count":60,"tested":140,"color":"rgb(31,119,180)"},{"description":"Other","count":139,"tested":922,"color":"rgb(148,103,189)"},{"description":"White","count":356,"tested":4454,"color":"rgb(31,119,180)"},{"description":"Left Blank","count":1074,"tested":17466,"color":"rgb(44,160,44)"},{"description":"Hispanic","count":525,"tested":2449,"color":"rgb(214,39,40)"}],"gender":[{"description":"Male","count":1318,"tested":15946,"color":"rgb(31,119,180)"},{"description":"Unknown/Left Blank","count":66,"tested":609,"color":"rgb(44,160,44)"},{"description":"Female","count":1599,"tested":19666,"color":"rgb(255,127,14)"}]}
