{"age":[{"age_group":"<20","count":8,"tested":97},{"age_group":"20-29   ","count":10,"tested":97},{"age_group":"30-39   ","count":7,"tested":73},{"age_group":"40-49   ","count":8,"tested":108},{"age_group":"50-59   ","count":13,"tested":109},{"age_group":"60-69   ","count":7,"tested":110},{"age_group":"70-79   ","count":9,"tested":77}],"race":[{"description":"Left Blank","count":13,"tested":159,"color":"rgb(44,160,44)"},{"description":"White","count":40,"tested":475,"color":"rgb(31,119,180)"}],"gender":[{"description":"Male","count":23,"tested":304,"color":"rgb(31,119,180)"},{"description":"Female","count":34,"tested":383,"color":"rgb(255,127,14)"}]}
