{"age":[{"age_group":"<20","count":96,"tested":834},{"age_group":"20-29   ","count":191,"tested":1639},{"age_group":"30-39   ","count":154,"tested":1181},{"age_group":"40-49   ","count":168,"tested":1414},{"age_group":"50-59   ","count":147,"tested":1309},{"age_group":"60-69   ","count":77,"tested":990},{"age_group":"70-79   ","count":58,"tested":980},{"age_group":"80+","count":53,"tested":908}],"race":[{"description":"Other","count":39,"tested":479,"color":"rgb(148,103,189)"},{"description":"Black","count":130,"tested":948,"color":"rgb(255,127,14)"},{"description":"Asian","count":38,"tested":164,"color":"rgb(140,86,75)"},{"description":"White","count":256,"tested":3345,"color":"rgb(31,119,180)"},{"description":"Left Blank","count":274,"tested":3424,"color":"rgb(44,160,44)"},{"description":"Hispanic","count":177,"tested":874,"color":"rgb(214,39,40)"}],"gender":[{"description":"Unknown/Left Blank","count":20,"tested":90,"color":"rgb(44,160,44)"},{"description":"Female","count":433,"tested":5346,"color":"rgb(255,127,14)"},{"description":"Male","count":421,"tested":3820,"color":"rgb(31,119,180)"}]}
