{"age":[{"age_group":"<20","count":181,"tested":3151},{"age_group":"20-29   ","count":211,"tested":4097},{"age_group":"30-39   ","count":152,"tested":3692},{"age_group":"40-49   ","count":184,"tested":5075},{"age_group":"50-59   ","count":226,"tested":6126},{"age_group":"60-69   ","count":208,"tested":5831},{"age_group":"70-79   ","count":163,"tested":4006},{"age_group":"80+","count":229,"tested":5796}],"race":[{"description":"Hispanic","count":80,"tested":634,"color":"rgb(214,39,40)"},{"description":"Left Blank","count":486,"tested":22847,"color":"rgb(44,160,44)"},{"description":"Asian","count":92,"tested":1421,"color":"rgb(140,86,75)"},{"description":"White","count":649,"tested":11093,"color":"rgb(31,119,180)"},{"description":"Black","count":40,"tested":341,"color":"rgb(255,127,14)"},{"description":"Other","count":154,"tested":1372,"color":"rgb(148,103,189)"}],"gender":[{"description":"Female","count":749,"tested":21318,"color":"rgb(255,127,14)"},{"description":"Male","count":640,"tested":13942,"color":"rgb(31,119,180)"},{"description":"Unknown/Left Blank","count":40,"tested":2537,"color":"rgb(44,160,44)"}]}
