{"age":[{"age_group":"<20","count":50,"tested":659},{"age_group":"20-29   ","count":56,"tested":747},{"age_group":"30-39   ","count":51,"tested":577},{"age_group":"40-49   ","count":54,"tested":849},{"age_group":"50-59   ","count":68,"tested":1104},{"age_group":"60-69   ","count":45,"tested":880},{"age_group":"70-79   ","count":17,"tested":527},{"age_group":"80+","count":17,"tested":358}],"race":[{"description":"White","count":58,"tested":1027,"color":"rgb(31,119,180)"},{"description":"Left Blank","count":128,"tested":2547,"color":"rgb(44,160,44)"},{"description":"Black","count":160,"tested":1867,"color":"rgb(255,127,14)"}],"gender":[{"description":"Male","count":174,"tested":2465,"color":"rgb(31,119,180)"},{"description":"Female","count":184,"tested":3200,"color":"rgb(255,127,14)"}]}
