{"lastUpdatedDate":{"year":2020,"month":11,"day":7},"county_demographics":[{"County":"Brown","confirmed_cases":171,"total_tested":2533,"demographics":{"age":[{"age_group":"70-79   ","count":0,"tested":175},{"age_group":"80+","count":0,"tested":255},{"age_group":"40-49   ","count":0,"tested":446},{"age_group":"30-39   ","count":0,"tested":362},{"age_group":"50-59   ","count":0,"tested":347},{"age_group":"20-29   ","count":0,"tested":453},{"age_group":"<20","count":0,"tested":164},{"age_group":"60-69   ","count":0,"tested":331}],"race":[{"description":"Black","count":0,"tested":211,"color":"rgb(255,127,14)"},{"description":"Left Blank","count":0,"tested":890,"color":"rgb(44,160,44)"},{"description":"Other","count":0,"tested":15,"color":"rgb(148,103,189)"},{"description":"White","count":0,"tested":1372,"color":"rgb(31,119,180)"},{"description":"Hispanic","count":0,"tested":45,"color":"rgb(214,39,40)"}],"gender":[{"description":"Female","count":0,"tested":1259,"color":"rgb(255,127,14)"},{"description":"Male","count":0,"tested":969,"color":"rgb(31,119,180)"},{"description":"Unknown/Left Blank","count":0,"tested":305,"color":"rgb(44,160,44)"}]}}]}
