{"lastUpdatedDate":{"year":2020,"month":11,"day":7},"county_demographics":[{"County":"Lawrence","confirmed_cases":437,"total_tested":7690,"demographics":{"age":[{"age_group":"<20","count":0,"tested":1047},{"age_group":"50-59   ","count":0,"tested":1005},{"age_group":"Unknown","count":0,"tested":0},{"age_group":"20-29   ","count":0,"tested":1252},{"age_group":"30-39   ","count":0,"tested":1153},{"age_group":"70-79   ","count":0,"tested":683},{"age_group":"80+","count":0,"tested":769},{"age_group":"40-49   ","count":0,"tested":1000},{"age_group":"60-69   ","count":0,"tested":778}],"race":[{"description":"AI/AN**","count":0,"tested":0,"color":"rgb(31,119,180)"},{"description":"Other","count":0,"tested":48,"color":"rgb(148,103,189)"},{"description":"Black","count":0,"tested":346,"color":"rgb(255,127,14)"},{"description":"Asian","count":0,"tested":0,"color":"rgb(140,86,75)"},{"description":"Hispanic","count":0,"tested":34,"color":"rgb(214,39,40)"},{"description":"Left Blank","count":0,"tested":4202,"color":"rgb(44,160,44)"},{"description":"White","count":0,"tested":3056,"color":"rgb(31,119,180)"}],"gender":[{"description":"Female","count":0,"tested":4348,"color":"rgb(255,127,14)"},{"description":"Male","count":0,"tested":2488,"color":"rgb(31,119,180)"},{"description":"Unknown/Left Blank","count":0,"tested":854,"color":"rgb(44,160,44)"}]}}]}
