{"lastUpdatedDate":{"year":2020,"month":11,"day":7},"county_demographics":[{"County":"Winnebago","confirmed_cases":13378,"total_tested":155888,"demographics":{"age":[{"age_group":"40-49   ","count":0,"tested":21377},{"age_group":"20-29   ","count":0,"tested":25122},{"age_group":"30-39   ","count":0,"tested":23216},{"age_group":"50-59   ","count":0,"tested":22152},{"age_group":"80+","count":0,"tested":9678},{"age_group":"70-79   ","count":0,"tested":11551},{"age_group":"<20","count":0,"tested":24681},{"age_group":"60-69   ","count":0,"tested":18078},{"age_group":"Unknown","count":0,"tested":33}],"race":[{"description":"Asian","count":0,"tested":1700,"color":"rgb(140,86,75)"},{"description":"White","count":0,"tested":62399,"color":"rgb(31,119,180)"},{"description":"Black","count":0,"tested":11719,"color":"rgb(255,127,14)"},{"description":"Left Blank","count":0,"tested":64810,"color":"rgb(44,160,44)"},{"description":"NH/PI*","count":0,"tested":56,"color":"rgb(127,127,127)"},{"description":"Other","count":0,"tested":2465,"color":"rgb(148,103,189)"},{"description":"Hispanic","count":0,"tested":12675,"color":"rgb(214,39,40)"},{"description":"AI/AN**","count":0,"tested":64,"color":"rgb(31,119,180)"}],"gender":[{"description":"Female","count":0,"tested":89206,"color":"rgb(255,127,14)"},{"description":"Male","count":0,"tested":62562,"color":"rgb(31,119,180)"},{"description":"Unknown/Left Blank","count":0,"tested":4120,"color":"rgb(44,160,44)"}]}}]}
