{"lastUpdatedDate":{"year":2020,"month":11,"day":7},"county_demographics":[{"County":"Cass","confirmed_cases":564,"total_tested":6323,"demographics":{"age":[{"age_group":"30-39   ","count":0,"tested":905},{"age_group":"20-29   ","count":0,"tested":1006},{"age_group":"60-69   ","count":0,"tested":752},{"age_group":"40-49   ","count":0,"tested":802},{"age_group":"80+","count":0,"tested":512},{"age_group":"50-59   ","count":0,"tested":895},{"age_group":"70-79   ","count":0,"tested":542},{"age_group":"<20","count":0,"tested":907},{"age_group":"Unknown","count":0,"tested":0}],"race":[{"description":"Left Blank","count":0,"tested":1970,"color":"rgb(44,160,44)"},{"description":"Asian","count":0,"tested":7,"color":"rgb(140,86,75)"},{"description":"Hispanic","count":0,"tested":878,"color":"rgb(214,39,40)"},{"description":"White","count":0,"tested":3166,"color":"rgb(31,119,180)"},{"description":"Black","count":0,"tested":184,"color":"rgb(255,127,14)"},{"description":"AI/AN**","count":0,"tested":0,"color":"rgb(31,119,180)"},{"description":"NH/PI*","count":0,"tested":0,"color":"rgb(127,127,127)"},{"description":"Other","count":0,"tested":113,"color":"rgb(148,103,189)"}],"gender":[{"description":"Female","count":0,"tested":3725,"color":"rgb(255,127,14)"},{"description":"Male","count":0,"tested":2434,"color":"rgb(31,119,180)"},{"description":"Unknown/Left Blank","count":0,"tested":164,"color":"rgb(44,160,44)"}]}}]}
