{"lastUpdatedDate":{"year":2020,"month":11,"day":7},"county_demographics":[{"County":"Pulaski","confirmed_cases":276,"total_tested":2331,"demographics":{"age":[{"age_group":"70-79   ","count":0,"tested":109},{"age_group":"<20","count":0,"tested":243},{"age_group":"50-59   ","count":0,"tested":351},{"age_group":"80+","count":0,"tested":41},{"age_group":"20-29   ","count":0,"tested":406},{"age_group":"60-69   ","count":0,"tested":303},{"age_group":"30-39   ","count":0,"tested":478},{"age_group":"40-49   ","count":0,"tested":400}],"race":[{"description":"Black","count":0,"tested":366,"color":"rgb(255,127,14)"},{"description":"Hispanic","count":0,"tested":284,"color":"rgb(214,39,40)"},{"description":"White","count":0,"tested":775,"color":"rgb(31,119,180)"},{"description":"Left Blank","count":0,"tested":875,"color":"rgb(44,160,44)"},{"description":"Other","count":0,"tested":25,"color":"rgb(148,103,189)"},{"description":"Asian","count":0,"tested":6,"color":"rgb(140,86,75)"}],"gender":[{"description":"Female","count":0,"tested":1027,"color":"rgb(255,127,14)"},{"description":"Male","count":0,"tested":1061,"color":"rgb(31,119,180)"},{"description":"Unknown/Left Blank","count":0,"tested":243,"color":"rgb(44,160,44)"}]}}]}
