{"lastUpdatedDate":{"year":2020,"month":11,"day":7},"county_demographics":[{"County":"Cook","confirmed_cases":99289,"total_tested":1447888,"demographics":{"age":[{"age_group":"60-69   ","count":0,"tested":199150},{"age_group":"30-39   ","count":0,"tested":205505},{"age_group":"40-49   ","count":0,"tested":195708},{"age_group":"20-29   ","count":0,"tested":242303},{"age_group":"70-79   ","count":0,"tested":121910},{"age_group":"<20","count":0,"tested":141720},{"age_group":"50-59   ","count":0,"tested":221958},{"age_group":"Unknown","count":0,"tested":1517},{"age_group":"80+","count":0,"tested":118117}],"race":[{"description":"Left Blank","count":0,"tested":718005,"color":"rgb(44,160,44)"},{"description":"White","count":0,"tested":372526,"color":"rgb(31,119,180)"},{"description":"Asian","count":0,"tested":43831,"color":"rgb(140,86,75)"},{"description":"Hispanic","count":0,"tested":115750,"color":"rgb(214,39,40)"},{"description":"NH/PI*","count":0,"tested":2013,"color":"rgb(127,127,127)"},{"description":"Other","count":0,"tested":56138,"color":"rgb(148,103,189)"},{"description":"Black","count":0,"tested":138309,"color":"rgb(255,127,14)"},{"description":"AI/AN**","count":0,"tested":1316,"color":"rgb(31,119,180)"}],"gender":[{"description":"Female","count":0,"tested":806351,"color":"rgb(255,127,14)"},{"description":"Male","count":0,"tested":596025,"color":"rgb(31,119,180)"},{"description":"Unknown/Left Blank","count":0,"tested":45512,"color":"rgb(44,160,44)"}]}}]}
