{"age":[{"age_group":"<20","count":28,"tested":93},{"age_group":"20-29   ","count":32,"tested":134},{"age_group":"30-39   ","count":27,"tested":113},{"age_group":"40-49   ","count":25,"tested":137},{"age_group":"50-59   ","count":26,"tested":93},{"age_group":"60-69   ","count":29,"tested":87},{"age_group":"70-79   ","count":31,"tested":63},{"age_group":"80+","count":43,"tested":70}],"race":[{"description":"White","count":78,"tested":510,"color":"rgb(31,119,180)"},{"description":"Left Blank","count":57,"tested":251,"color":"rgb(44,160,44)"}],"gender":[{"description":"Male","count":63,"tested":295,"color":"rgb(31,119,180)"},{"description":"Female","count":76,"tested":488,"color":"rgb(255,127,14)"}]}
