{"age":[{"age_group":"<20","count":79,"tested":532},{"age_group":"20-29   ","count":76,"tested":257},{"age_group":"30-39   ","count":81,"tested":206},{"age_group":"40-49   ","count":70,"tested":144},{"age_group":"50-59   ","count":72,"tested":145},{"age_group":"60-69   ","count":70,"tested":170},{"age_group":"70-79   ","count":65,"tested":97}],"race":[{"description":"Hispanic","count":98,"tested":286,"color":"rgb(214,39,40)"},{"description":"Left Blank","count":78,"tested":526,"color":"rgb(44,160,44)"},{"description":"White","count":105,"tested":717,"color":"rgb(31,119,180)"}],"gender":[{"description":"Male","count":109,"tested":802,"color":"rgb(31,119,180)"},{"description":"Female","count":113,"tested":759,"color":"rgb(255,127,14)"}]}
