{"age":[{"age_group":"20-29   ","count":19,"tested":68},{"age_group":"30-39   ","count":15,"tested":57},{"age_group":"40-49   ","count":14,"tested":56},{"age_group":"50-59   ","count":17,"tested":51},{"age_group":"60-69   ","count":15,"tested":72}],"race":[{"description":"Left Blank","count":26,"tested":161,"color":"rgb(44,160,44)"},{"description":"White","count":36,"tested":286,"color":"rgb(31,119,180)"}],"gender":[{"description":"Male","count":33,"tested":188,"color":"rgb(31,119,180)"},{"description":"Female","count":30,"tested":272,"color":"rgb(255,127,14)"}]}
