{"age":[{"age_group":"<20","count":94,"tested":940},{"age_group":"20-29   ","count":142,"tested":1209},{"age_group":"30-39   ","count":140,"tested":1148},{"age_group":"40-49   ","count":118,"tested":1074},{"age_group":"50-59   ","count":114,"tested":1239},{"age_group":"60-69   ","count":111,"tested":1264},{"age_group":"70-79   ","count":65,"tested":695},{"age_group":"80+","count":56,"tested":395}],"race":[{"description":"Hispanic","count":120,"tested":472,"color":"rgb(214,39,40)"},{"description":"Left Blank","count":239,"tested":4527,"color":"rgb(44,160,44)"},{"description":"White","count":353,"tested":2433,"color":"rgb(31,119,180)"},{"description":"Other","count":36,"tested":172,"color":"rgb(148,103,189)"},{"description":"Asian","count":43,"tested":272,"color":"rgb(140,86,75)"},{"description":"Black","count":23,"tested":88,"color":"rgb(255,127,14)"}],"gender":[{"description":"Female","count":379,"tested":4467,"color":"rgb(255,127,14)"},{"description":"Male","count":388,"tested":3341,"color":"rgb(31,119,180)"}]}
