{"age":[{"age_group":"<20","count":76,"tested":562},{"age_group":"20-29   ","count":115,"tested":913},{"age_group":"30-39   ","count":105,"tested":923},{"age_group":"40-49   ","count":83,"tested":834},{"age_group":"50-59   ","count":106,"tested":1011},{"age_group":"60-69   ","count":77,"tested":857},{"age_group":"70-79   ","count":46,"tested":580},{"age_group":"80+","count":40,"tested":516}],"race":[{"description":"Left Blank","count":201,"tested":2585,"color":"rgb(44,160,44)"},{"description":"Other","count":40,"tested":136,"color":"rgb(148,103,189)"},{"description":"White","count":219,"tested":2891,"color":"rgb(31,119,180)"},{"description":"Hispanic","count":85,"tested":358,"color":"rgb(214,39,40)"},{"description":"Black","count":36,"tested":114,"color":"rgb(255,127,14)"},{"description":"Asian","count":26,"tested":83,"color":"rgb(140,86,75)"}],"gender":[{"description":"Female","count":271,"tested":3668,"color":"rgb(255,127,14)"},{"description":"Male","count":255,"tested":2484,"color":"rgb(31,119,180)"}]}
