{"age":[{"age_group":"<20","count":205,"tested":2230},{"age_group":"20-29   ","count":336,"tested":3367},{"age_group":"30-39   ","count":342,"tested":4150},{"age_group":"40-49   ","count":339,"tested":4373},{"age_group":"50-59   ","count":340,"tested":4368},{"age_group":"60-69   ","count":209,"tested":3095},{"age_group":"70-79   ","count":118,"tested":1700},{"age_group":"80+","count":186,"tested":3210}],"race":[{"description":"Black","count":45,"tested":191,"color":"rgb(255,127,14)"},{"description":"Asian","count":69,"tested":357,"color":"rgb(140,86,75)"},{"description":"White","count":1042,"tested":10365,"color":"rgb(31,119,180)"},{"description":"Hispanic","count":252,"tested":1626,"color":"rgb(214,39,40)"},{"description":"Left Blank","count":486,"tested":12999,"color":"rgb(44,160,44)"},{"description":"Other","count":126,"tested":906,"color":"rgb(148,103,189)"}],"gender":[{"description":"Female","count":963,"tested":14611,"color":"rgb(255,127,14)"},{"description":"Male","count":941,"tested":11192,"color":"rgb(31,119,180)"},{"description":"Unknown/Left Blank","count":41,"tested":694,"color":"rgb(44,160,44)"}]}
