{"age":[{"age_group":"<20","count":465,"tested":2409},{"age_group":"20-29   ","count":575,"tested":4184},{"age_group":"30-39   ","count":512,"tested":3647},{"age_group":"40-49   ","count":499,"tested":3458},{"age_group":"50-59   ","count":428,"tested":3111},{"age_group":"60-69   ","count":303,"tested":2397},{"age_group":"70-79   ","count":160,"tested":1350},{"age_group":"80+","count":66,"tested":623}],"race":[{"description":"Left Blank","count":1012,"tested":11231,"color":"rgb(44,160,44)"},{"description":"Other","count":156,"tested":913,"color":"rgb(148,103,189)"},{"description":"Asian","count":312,"tested":1883,"color":"rgb(140,86,75)"},{"description":"White","count":460,"tested":3511,"color":"rgb(31,119,180)"},{"description":"Hispanic","count":874,"tested":2831,"color":"rgb(214,39,40)"},{"description":"Black","count":112,"tested":744,"color":"rgb(255,127,14)"}],"gender":[{"description":"Male","count":1359,"tested":9210,"color":"rgb(31,119,180)"},{"description":"Unknown/Left Blank","count":46,"tested":238,"color":"rgb(44,160,44)"},{"description":"Female","count":1403,"tested":11744,"color":"rgb(255,127,14)"}]}
