{"age":[{"age_group":"<20","count":2230,"tested":11572},{"age_group":"20-29   ","count":2713,"tested":17396},{"age_group":"30-39   ","count":2344,"tested":12701},{"age_group":"40-49   ","count":2384,"tested":12095},{"age_group":"50-59   ","count":1801,"tested":9451},{"age_group":"60-69   ","count":1057,"tested":6450},{"age_group":"70-79   ","count":425,"tested":2705},{"age_group":"80+","count":239,"tested":1177}],"race":[{"description":"Hispanic","count":7545,"tested":30635,"color":"rgb(214,39,40)"},{"description":"Asian","count":116,"tested":190,"color":"rgb(140,86,75)"},{"description":"Black","count":825,"tested":6320,"color":"rgb(255,127,14)"},{"description":"White","count":666,"tested":5533,"color":"rgb(31,119,180)"},{"description":"Other","count":594,"tested":3504,"color":"rgb(148,103,189)"},{"description":"Left Blank","count":3226,"tested":27283,"color":"rgb(44,160,44)"},{"description":"AI/AN**","count":113,"tested":75,"color":"rgb(31,119,180)"},{"description":"NH/PI*","count":108,"tested":42,"color":"rgb(127,127,127)"}],"gender":[{"description":"Female","count":6475,"tested":40683,"color":"rgb(255,127,14)"},{"description":"Male","count":6030,"tested":32270,"color":"rgb(31,119,180)"},{"description":"Unknown/Left Blank","count":183,"tested":629,"color":"rgb(44,160,44)"}]}
