{"age":[{"age_group":"<20","count":753,"tested":7643},{"age_group":"20-29   ","count":1175,"tested":16162},{"age_group":"30-39   ","count":1295,"tested":19899},{"age_group":"40-49   ","count":1032,"tested":11215},{"age_group":"50-59   ","count":778,"tested":7433},{"age_group":"60-69   ","count":486,"tested":4741},{"age_group":"70-79   ","count":257,"tested":2419},{"age_group":"80+","count":200,"tested":1691}],"race":[{"description":"Black","count":200,"tested":1702,"color":"rgb(255,127,14)"},{"description":"Asian","count":193,"tested":2091,"color":"rgb(140,86,75)"},{"description":"Hispanic","count":2479,"tested":13175,"color":"rgb(214,39,40)"},{"description":"White","count":1217,"tested":22259,"color":"rgb(31,119,180)"},{"description":"Left Blank","count":1382,"tested":28833,"color":"rgb(44,160,44)"},{"description":"Other","count":314,"tested":2967,"color":"rgb(148,103,189)"},{"description":"AI/AN**","count":95,"tested":73,"color":"rgb(31,119,180)"},{"description":"NH/PI*","count":97,"tested":124,"color":"rgb(127,127,127)"}],"gender":[{"description":"Female","count":2660,"tested":38132,"color":"rgb(255,127,14)"},{"description":"Male","count":2785,"tested":31608,"color":"rgb(31,119,180)"},{"description":"Unknown/Left Blank","count":107,"tested":1484,"color":"rgb(44,160,44)"}]}
