{"age":[{"age_group":"<20","count":140,"tested":893},{"age_group":"20-29   ","count":146,"tested":1428},{"age_group":"30-39   ","count":164,"tested":1723},{"age_group":"40-49   ","count":154,"tested":1542},{"age_group":"50-59   ","count":179,"tested":2017},{"age_group":"60-69   ","count":156,"tested":2208},{"age_group":"70-79   ","count":101,"tested":1405},{"age_group":"80+","count":54,"tested":854}],"race":[{"description":"Black","count":163,"tested":1473,"color":"rgb(255,127,14)"},{"description":"Asian","count":33,"tested":253,"color":"rgb(140,86,75)"},{"description":"Other","count":73,"tested":524,"color":"rgb(148,103,189)"},{"description":"White","count":278,"tested":3712,"color":"rgb(31,119,180)"},{"description":"Left Blank","count":344,"tested":5107,"color":"rgb(44,160,44)"},{"description":"Hispanic","count":175,"tested":982,"color":"rgb(214,39,40)"}],"gender":[{"description":"Female","count":513,"tested":6850,"color":"rgb(255,127,14)"},{"description":"Male","count":498,"tested":5095,"color":"rgb(31,119,180)"}]}
