{"age":[{"age_group":"<20","count":6,"tested":48},{"age_group":"20-29   ","count":6,"tested":36},{"age_group":"30-39   ","count":10,"tested":42},{"age_group":"50-59   ","count":11,"tested":63},{"age_group":"60-69   ","count":6,"tested":48}],"race":[{"description":"White","count":31,"tested":192,"color":"rgb(31,119,180)"},{"description":"Left Blank","count":13,"tested":94,"color":"rgb(44,160,44)"}],"gender":[{"description":"Female","count":23,"tested":146,"color":"rgb(255,127,14)"},{"description":"Male","count":22,"tested":138,"color":"rgb(31,119,180)"}]}
