{"age":[{"age_group":"<20","count":27,"tested":197},{"age_group":"20-29   ","count":40,"tested":143},{"age_group":"40-49   ","count":31,"tested":173},{"age_group":"50-59   ","count":37,"tested":238},{"age_group":"60-69   ","count":31,"tested":106}],"race":[{"description":"Other","count":27,"tested":23,"color":"rgb(148,103,189)"},{"description":"White","count":71,"tested":706,"color":"rgb(31,119,180)"},{"description":"Left Blank","count":38,"tested":331,"color":"rgb(44,160,44)"}],"gender":[{"description":"Female","count":66,"tested":711,"color":"rgb(255,127,14)"},{"description":"Male","count":51,"tested":368,"color":"rgb(31,119,180)"}]}
