{"age":[{"age_group":"<20","count":87,"tested":440},{"age_group":"20-29   ","count":103,"tested":687},{"age_group":"30-39   ","count":76,"tested":573},{"age_group":"40-49   ","count":95,"tested":633},{"age_group":"50-59   ","count":95,"tested":722},{"age_group":"60-69   ","count":64,"tested":599},{"age_group":"70-79   ","count":49,"tested":220}],"race":[{"description":"Left Blank","count":167,"tested":1915,"color":"rgb(44,160,44)"},{"description":"Other","count":39,"tested":73,"color":"rgb(148,103,189)"},{"description":"White","count":167,"tested":1668,"color":"rgb(31,119,180)"},{"description":"Asian","count":36,"tested":40,"color":"rgb(140,86,75)"},{"description":"Hispanic","count":98,"tested":275,"color":"rgb(214,39,40)"}],"gender":[{"description":"Female","count":225,"tested":2151,"color":"rgb(255,127,14)"},{"description":"Male","count":193,"tested":1818,"color":"rgb(31,119,180)"}]}
