{"age":[{"age_group":"<20","count":31,"tested":153},{"age_group":"20-29   ","count":38,"tested":247},{"age_group":"30-39   ","count":25,"tested":141},{"age_group":"40-49   ","count":19,"tested":116},{"age_group":"50-59   ","count":40,"tested":300},{"age_group":"60-69   ","count":32,"tested":208},{"age_group":"70-79   ","count":20,"tested":168}],"race":[{"description":"Left Blank","count":62,"tested":629,"color":"rgb(44,160,44)"},{"description":"White","count":76,"tested":606,"color":"rgb(31,119,180)"},{"description":"Asian","count":19,"tested":64,"color":"rgb(140,86,75)"},{"description":"Hispanic","count":18,"tested":39,"color":"rgb(214,39,40)"}],"gender":[{"description":"Male","count":88,"tested":664,"color":"rgb(31,119,180)"},{"description":"Female","count":75,"tested":694,"color":"rgb(255,127,14)"}]}
