{"age":[{"age_group":"<20","count":88,"tested":388},{"age_group":"20-29   ","count":114,"tested":626},{"age_group":"30-39   ","count":97,"tested":504},{"age_group":"40-49   ","count":106,"tested":367},{"age_group":"50-59   ","count":71,"tested":379},{"age_group":"60-69   ","count":48,"tested":238},{"age_group":"70-79   ","count":30,"tested":100},{"age_group":"80+","count":12,"tested":47}],"race":[{"description":"Black","count":18,"tested":67,"color":"rgb(255,127,14)"},{"description":"Other","count":44,"tested":186,"color":"rgb(148,103,189)"},{"description":"Hispanic","count":243,"tested":897,"color":"rgb(214,39,40)"},{"description":"Left Blank","count":170,"tested":1063,"color":"rgb(44,160,44)"},{"description":"White","count":68,"tested":412,"color":"rgb(31,119,180)"}],"gender":[{"description":"Female","count":261,"tested":1378,"color":"rgb(255,127,14)"},{"description":"Male","count":266,"tested":1247,"color":"rgb(31,119,180)"}]}
