{"age":[{"age_group":"<20","count":41,"tested":291},{"age_group":"20-29   ","count":49,"tested":335},{"age_group":"30-39   ","count":41,"tested":383},{"age_group":"40-49   ","count":36,"tested":288},{"age_group":"50-59   ","count":49,"tested":392},{"age_group":"60-69   ","count":49,"tested":334},{"age_group":"70-79   ","count":25,"tested":234}],"race":[{"description":"Hispanic","count":35,"tested":93,"color":"rgb(214,39,40)"},{"description":"White","count":106,"tested":1584,"color":"rgb(31,119,180)"},{"description":"Left Blank","count":74,"tested":987,"color":"rgb(44,160,44)"}],"gender":[{"description":"Male","count":91,"tested":1126,"color":"rgb(31,119,180)"},{"description":"Female","count":110,"tested":1578,"color":"rgb(255,127,14)"}]}
