{"age":[{"age_group":"<20","count":81,"tested":423},{"age_group":"20-29   ","count":93,"tested":519},{"age_group":"30-39   ","count":66,"tested":449},{"age_group":"40-49   ","count":78,"tested":425},{"age_group":"50-59   ","count":110,"tested":648},{"age_group":"60-69   ","count":75,"tested":473},{"age_group":"70-79   ","count":48,"tested":276},{"age_group":"80+","count":34,"tested":117}],"race":[{"description":"Other","count":31,"tested":94,"color":"rgb(148,103,189)"},{"description":"Left Blank","count":180,"tested":1106,"color":"rgb(44,160,44)"},{"description":"Hispanic","count":47,"tested":86,"color":"rgb(214,39,40)"},{"description":"White","count":222,"tested":1993,"color":"rgb(31,119,180)"}],"gender":[{"description":"Female","count":225,"tested":1854,"color":"rgb(255,127,14)"},{"description":"Male","count":207,"tested":1457,"color":"rgb(31,119,180)"}]}
