{"age":[{"age_group":"<20","count":28,"tested":203},{"age_group":"20-29   ","count":24,"tested":381},{"age_group":"30-39   ","count":24,"tested":324},{"age_group":"40-49   ","count":28,"tested":380},{"age_group":"50-59   ","count":44,"tested":590},{"age_group":"60-69   ","count":39,"tested":591},{"age_group":"70-79   ","count":25,"tested":450},{"age_group":"80+","count":13,"tested":237}],"race":[{"description":"Left Blank","count":70,"tested":1396,"color":"rgb(44,160,44)"},{"description":"Other","count":12,"tested":84,"color":"rgb(148,103,189)"},{"description":"White","count":18,"tested":287,"color":"rgb(31,119,180)"},{"description":"Black","count":114,"tested":1350,"color":"rgb(255,127,14)"}],"gender":[{"description":"Female","count":119,"tested":1854,"color":"rgb(255,127,14)"},{"description":"Male","count":92,"tested":1275,"color":"rgb(31,119,180)"}]}
