{"age":[{"age_group":"<20","count":90,"tested":615},{"age_group":"20-29   ","count":74,"tested":615},{"age_group":"30-39   ","count":67,"tested":541},{"age_group":"40-49   ","count":73,"tested":549},{"age_group":"50-59   ","count":70,"tested":703},{"age_group":"60-69   ","count":72,"tested":992},{"age_group":"70-79   ","count":55,"tested":735},{"age_group":"80+","count":64,"tested":1178}],"race":[{"description":"White","count":212,"tested":2427,"color":"rgb(31,119,180)"},{"description":"Left Blank","count":174,"tested":3366,"color":"rgb(44,160,44)"},{"description":"Hispanic","count":42,"tested":79,"color":"rgb(214,39,40)"}],"gender":[{"description":"Male","count":177,"tested":1971,"color":"rgb(31,119,180)"},{"description":"Female","count":207,"tested":3645,"color":"rgb(255,127,14)"},{"description":"Unknown/Left Blank","count":46,"tested":317,"color":"rgb(44,160,44)"}]}
