{"age":[{"age_group":"<20","count":189,"tested":1382},{"age_group":"20-29   ","count":246,"tested":2573},{"age_group":"30-39   ","count":262,"tested":3129},{"age_group":"40-49   ","count":244,"tested":2716},{"age_group":"50-59   ","count":251,"tested":3258},{"age_group":"60-69   ","count":213,"tested":3418},{"age_group":"70-79   ","count":131,"tested":2608},{"age_group":"80+","count":116,"tested":3151}],"race":[{"description":"White","count":444,"tested":4551,"color":"rgb(31,119,180)"},{"description":"Other","count":237,"tested":1363,"color":"rgb(148,103,189)"},{"description":"Left Blank","count":427,"tested":13300,"color":"rgb(44,160,44)"},{"description":"Asian","count":232,"tested":2047,"color":"rgb(140,86,75)"},{"description":"Black","count":68,"tested":213,"color":"rgb(255,127,14)"},{"description":"Hispanic","count":144,"tested":649,"color":"rgb(214,39,40)"},{"description":"AI/AN**","count":55,"tested":53,"color":"rgb(31,119,180)"}],"gender":[{"description":"Male","count":688,"tested":8983,"color":"rgb(31,119,180)"},{"description":"Female","count":716,"tested":12935,"color":"rgb(255,127,14)"}]}
