{"age":[{"age_group":"<20","count":111,"tested":779},{"age_group":"20-29   ","count":119,"tested":1245},{"age_group":"30-39   ","count":125,"tested":1173},{"age_group":"40-49   ","count":130,"tested":1122},{"age_group":"50-59   ","count":105,"tested":1149},{"age_group":"60-69   ","count":86,"tested":1035},{"age_group":"70-79   ","count":41,"tested":444},{"age_group":"80+","count":27,"tested":248}],"race":[{"description":"Black","count":303,"tested":3128,"color":"rgb(255,127,14)"},{"description":"Hispanic","count":86,"tested":372,"color":"rgb(214,39,40)"},{"description":"White","count":28,"tested":302,"color":"rgb(31,119,180)"},{"description":"Left Blank","count":288,"tested":3243,"color":"rgb(44,160,44)"},{"description":"Other","count":21,"tested":136,"color":"rgb(148,103,189)"}],"gender":[{"description":"Unknown/Left Blank","count":13,"tested":136,"color":"rgb(44,160,44)"},{"description":"Male","count":309,"tested":2820,"color":"rgb(31,119,180)"},{"description":"Female","count":397,"tested":4243,"color":"rgb(255,127,14)"}]}
