{"age":[{"age_group":"<20","count":643,"tested":3228},{"age_group":"20-29   ","count":817,"tested":5454},{"age_group":"30-39   ","count":840,"tested":5106},{"age_group":"40-49   ","count":767,"tested":4564},{"age_group":"50-59   ","count":709,"tested":5198},{"age_group":"60-69   ","count":543,"tested":4435},{"age_group":"70-79   ","count":412,"tested":2959},{"age_group":"80+","count":378,"tested":3330}],"race":[{"description":"Hispanic","count":1071,"tested":3606,"color":"rgb(214,39,40)"},{"description":"White","count":1126,"tested":10458,"color":"rgb(31,119,180)"},{"description":"Left Blank","count":1352,"tested":14381,"color":"rgb(44,160,44)"},{"description":"Black","count":540,"tested":3485,"color":"rgb(255,127,14)"},{"description":"Asian","count":228,"tested":238,"color":"rgb(140,86,75)"},{"description":"Other","count":362,"tested":1984,"color":"rgb(148,103,189)"},{"description":"AI/AN**","count":228,"tested":118,"color":"rgb(31,119,180)"}],"gender":[{"description":"Female","count":2086,"tested":19983,"color":"rgb(255,127,14)"},{"description":"Male","count":1789,"tested":13960,"color":"rgb(31,119,180)"},{"description":"Unknown/Left Blank","count":229,"tested":336,"color":"rgb(44,160,44)"}]}
