{"age":[{"age_group":"<20","count":255,"tested":1647},{"age_group":"20-29   ","count":422,"tested":2792},{"age_group":"30-39   ","count":362,"tested":2554},{"age_group":"40-49   ","count":320,"tested":2256},{"age_group":"50-59   ","count":322,"tested":2354},{"age_group":"60-69   ","count":256,"tested":2032},{"age_group":"70-79   ","count":124,"tested":871},{"age_group":"80+","count":88,"tested":378}],"race":[{"description":"White","count":581,"tested":4775,"color":"rgb(31,119,180)"},{"description":"Other","count":113,"tested":527,"color":"rgb(148,103,189)"},{"description":"Left Blank","count":948,"tested":7917,"color":"rgb(44,160,44)"},{"description":"Black","count":141,"tested":691,"color":"rgb(255,127,14)"},{"description":"Asian","count":70,"tested":209,"color":"rgb(140,86,75)"},{"description":"Hispanic","count":192,"tested":719,"color":"rgb(214,39,40)"}],"gender":[{"description":"Female","count":923,"tested":8239,"color":"rgb(255,127,14)"},{"description":"Male","count":918,"tested":6488,"color":"rgb(31,119,180)"},{"description":"Unknown/Left Blank","count":59,"tested":159,"color":"rgb(44,160,44)"}]}
