{"age":[{"age_group":"<20","count":18,"tested":128},{"age_group":"20-29   ","count":12,"tested":119},{"age_group":"40-49   ","count":23,"tested":123},{"age_group":"50-59   ","count":20,"tested":137},{"age_group":"60-69   ","count":14,"tested":154}],"race":[{"description":"White","count":45,"tested":411,"color":"rgb(31,119,180)"},{"description":"Left Blank","count":43,"tested":517,"color":"rgb(44,160,44)"}],"gender":[{"description":"Male","count":43,"tested":366,"color":"rgb(31,119,180)"},{"description":"Female","count":46,"tested":585,"color":"rgb(255,127,14)"}]}
