{"age":[{"age_group":"<20","count":19,"tested":130},{"age_group":"20-29   ","count":8,"tested":110},{"age_group":"30-39   ","count":16,"tested":66},{"age_group":"40-49   ","count":16,"tested":79},{"age_group":"50-59   ","count":16,"tested":143}],"race":[{"description":"White","count":61,"tested":398,"color":"rgb(31,119,180)"},{"description":"Left Blank","count":11,"tested":226,"color":"rgb(44,160,44)"}],"gender":[{"description":"Female","count":42,"tested":354,"color":"rgb(255,127,14)"},{"description":"Male","count":36,"tested":285,"color":"rgb(31,119,180)"}]}
