{"age":[{"age_group":"<20","count":231,"tested":1250},{"age_group":"20-29   ","count":372,"tested":2175},{"age_group":"30-39   ","count":357,"tested":2331},{"age_group":"40-49   ","count":312,"tested":1910},{"age_group":"50-59   ","count":270,"tested":2353},{"age_group":"60-69   ","count":199,"tested":1917},{"age_group":"70-79   ","count":101,"tested":1562},{"age_group":"80+","count":94,"tested":2366}],"race":[{"description":"Hispanic","count":779,"tested":2626,"color":"rgb(214,39,40)"},{"description":"Left Blank","count":515,"tested":8298,"color":"rgb(44,160,44)"},{"description":"White","count":378,"tested":3660,"color":"rgb(31,119,180)"},{"description":"Asian","count":61,"tested":328,"color":"rgb(140,86,75)"},{"description":"Black","count":61,"tested":487,"color":"rgb(255,127,14)"},{"description":"Other","count":84,"tested":456,"color":"rgb(148,103,189)"}],"gender":[{"description":"Female","count":882,"tested":9161,"color":"rgb(255,127,14)"},{"description":"Male","count":876,"tested":6426,"color":"rgb(31,119,180)"}]}
