{"age":[{"age_group":"<20","count":39,"tested":247},{"age_group":"20-29   ","count":27,"tested":202},{"age_group":"30-39   ","count":38,"tested":210},{"age_group":"40-49   ","count":31,"tested":145},{"age_group":"50-59   ","count":31,"tested":195},{"age_group":"60-69   ","count":19,"tested":155},{"age_group":"70-79   ","count":15,"tested":73},{"age_group":"80+","count":19,"tested":62}],"race":[{"description":"Left Blank","count":57,"tested":450,"color":"rgb(44,160,44)"},{"description":"White","count":93,"tested":769,"color":"rgb(31,119,180)"},{"description":"Hispanic","count":19,"tested":17,"color":"rgb(214,39,40)"}],"gender":[{"description":"Female","count":94,"tested":737,"color":"rgb(255,127,14)"},{"description":"Male","count":70,"tested":539,"color":"rgb(31,119,180)"}]}
