{"age":[{"age_group":"<20","count":241,"tested":1773},{"age_group":"20-29   ","count":319,"tested":2317},{"age_group":"30-39   ","count":278,"tested":2333},{"age_group":"40-49   ","count":309,"tested":2223},{"age_group":"50-59   ","count":306,"tested":2445},{"age_group":"60-69   ","count":209,"tested":1956},{"age_group":"70-79   ","count":113,"tested":942},{"age_group":"80+","count":76,"tested":431}],"race":[{"description":"Asian","count":107,"tested":525,"color":"rgb(140,86,75)"},{"description":"Hispanic","count":187,"tested":655,"color":"rgb(214,39,40)"},{"description":"Black","count":60,"tested":186,"color":"rgb(255,127,14)"},{"description":"Other","count":84,"tested":344,"color":"rgb(148,103,189)"},{"description":"Left Blank","count":635,"tested":8288,"color":"rgb(44,160,44)"},{"description":"White","count":688,"tested":4398,"color":"rgb(31,119,180)"}],"gender":[{"description":"Female","count":819,"tested":7917,"color":"rgb(255,127,14)"},{"description":"Male","count":762,"tested":6051,"color":"rgb(31,119,180)"},{"description":"Unknown/Left Blank","count":50,"tested":464,"color":"rgb(44,160,44)"}]}
