{"age":[{"age_group":"<20","count":247,"tested":2261},{"age_group":"20-29   ","count":163,"tested":1592},{"age_group":"30-39   ","count":123,"tested":1243},{"age_group":"40-49   ","count":163,"tested":1632},{"age_group":"50-59   ","count":233,"tested":2271},{"age_group":"60-69   ","count":172,"tested":1836},{"age_group":"70-79   ","count":134,"tested":1443},{"age_group":"80+","count":134,"tested":1246}],"race":[{"description":"White","count":527,"tested":5097,"color":"rgb(31,119,180)"},{"description":"Asian","count":83,"tested":443,"color":"rgb(140,86,75)"},{"description":"Black","count":75,"tested":236,"color":"rgb(255,127,14)"},{"description":"Other","count":93,"tested":492,"color":"rgb(148,103,189)"},{"description":"Hispanic","count":102,"tested":190,"color":"rgb(214,39,40)"},{"description":"Left Blank","count":364,"tested":7056,"color":"rgb(44,160,44)"}],"gender":[{"description":"Female","count":510,"tested":7551,"color":"rgb(255,127,14)"},{"description":"Male","count":483,"tested":5880,"color":"rgb(31,119,180)"}]}
