{"age":[{"age_group":"<20","count":202,"tested":1485},{"age_group":"20-29   ","count":209,"tested":1862},{"age_group":"30-39   ","count":194,"tested":1804},{"age_group":"40-49   ","count":211,"tested":1554},{"age_group":"50-59   ","count":235,"tested":1937},{"age_group":"60-69   ","count":178,"tested":2099},{"age_group":"70-79   ","count":104,"tested":1434},{"age_group":"80+","count":81,"tested":731}],"race":[{"description":"Black","count":63,"tested":233,"color":"rgb(255,127,14)"},{"description":"Hispanic","count":112,"tested":358,"color":"rgb(214,39,40)"},{"description":"White","count":450,"tested":4642,"color":"rgb(31,119,180)"},{"description":"Asian","count":102,"tested":626,"color":"rgb(140,86,75)"},{"description":"Other","count":87,"tested":506,"color":"rgb(148,103,189)"},{"description":"Left Blank","count":506,"tested":6518,"color":"rgb(44,160,44)"}],"gender":[{"description":"Female","count":577,"tested":7079,"color":"rgb(255,127,14)"},{"description":"Male","count":552,"tested":5747,"color":"rgb(31,119,180)"},{"description":"Unknown/Left Blank","count":55,"tested":83,"color":"rgb(44,160,44)"}]}
