{"lastUpdatedDate":{"year":2021,"month":4,"day":30},"county_demographics":[{"County":"Crawford","confirmed_cases":2103,"total_tested":35125,"demographics":{"age":[{"race":[],"age_group":"<20","count":299,"tested":3487,"deaths":0},{"race":[],"age_group":"20-29   ","count":304,"tested":4781,"deaths":0},{"race":[],"age_group":"30-39   ","count":328,"tested":7155,"deaths":0},{"race":[],"age_group":"40-49   ","count":288,"tested":6106,"deaths":0},{"race":[],"age_group":"50-59   ","count":310,"tested":5161,"deaths":0},{"race":[],"age_group":"60-69   ","count":241,"tested":2974,"deaths":0},{"race":[],"age_group":"70-79   ","count":199,"tested":1682,"deaths":0},{"race":[],"age_group":"80+","count":133,"tested":1549,"deaths":0},{"race":[],"age_group":"Unknown","count":0,"tested":2230,"deaths":0}],"race":[{"description":"AI/AN**","count":0,"tested":0,"deaths":0,"color":"rgb(31,119,180)"},{"description":"Asian","count":0,"tested":40,"deaths":0,"color":"rgb(140,86,75)"},{"description":"Black","count":157,"tested":468,"deaths":0,"color":"rgb(255,127,14)"},{"description":"Hispanic","count":38,"tested":133,"deaths":0,"color":"rgb(214,39,40)"},{"description":"Left Blank","count":203,"tested":19570,"deaths":0,"color":"rgb(44,160,44)"},{"description":"NH/PI*","count":0,"tested":0,"deaths":0,"color":"rgb(127,127,127)"},{"description":"Other","count":18,"tested":559,"deaths":0,"color":"rgb(148,103,189)"},{"description":"White","count":1671,"tested":14352,"deaths":0,"color":"rgb(31,119,180)"}],"gender":[{"description":"Female","count":996,"tested":12331,"deaths":0,"color":"rgb(255,127,14)"},{"description":"Male","count":1051,"tested":11057,"deaths":0,"color":"rgb(31,119,180)"},{"description":"Unknown/Left Blank","count":56,"tested":11737,"deaths":0,"color":"rgb(44,160,44)"}]}}]}
