{"lastUpdatedDate":{"year":2021,"month":4,"day":30},"county_demographics":[{"County":"Brown","confirmed_cases":695,"total_tested":25951,"demographics":{"age":[{"race":[],"age_group":"<20","count":91,"tested":843,"deaths":0},{"race":[],"age_group":"20-29   ","count":117,"tested":5333,"deaths":0},{"race":[],"age_group":"30-39   ","count":136,"tested":5629,"deaths":0},{"race":[],"age_group":"40-49   ","count":115,"tested":5203,"deaths":0},{"race":[],"age_group":"50-59   ","count":86,"tested":3166,"deaths":0},{"race":[],"age_group":"60-69   ","count":85,"tested":1788,"deaths":0},{"race":[],"age_group":"70-79   ","count":22,"tested":574,"deaths":0},{"race":[],"age_group":"80+","count":35,"tested":571,"deaths":0},{"race":[],"age_group":"Unknown","count":0,"tested":2844,"deaths":0}],"race":[{"description":"AI/AN**","count":0,"tested":0,"deaths":0,"color":"rgb(31,119,180)"},{"description":"Asian","count":0,"tested":0,"deaths":0,"color":"rgb(140,86,75)"},{"description":"Black","count":116,"tested":353,"deaths":0,"color":"rgb(255,127,14)"},{"description":"Hispanic","count":16,"tested":67,"deaths":0,"color":"rgb(214,39,40)"},{"description":"Left Blank","count":155,"tested":21602,"deaths":0,"color":"rgb(44,160,44)"},{"description":"Other","count":0,"tested":52,"deaths":0,"color":"rgb(148,103,189)"},{"description":"White","count":405,"tested":3872,"deaths":0,"color":"rgb(31,119,180)"}],"gender":[{"description":"Female","count":263,"tested":3494,"deaths":0,"color":"rgb(255,127,14)"},{"description":"Male","count":374,"tested":8616,"deaths":0,"color":"rgb(31,119,180)"},{"description":"Unknown/Left Blank","count":58,"tested":13841,"deaths":0,"color":"rgb(44,160,44)"}]}}]}
