{"lastUpdatedDate":{"year":2021,"month":4,"day":30},"county_demographics":[{"County":"Stark","confirmed_cases":627,"total_tested":9315,"demographics":{"age":[{"race":[],"age_group":"<20","count":106,"tested":1456,"deaths":0},{"race":[],"age_group":"20-29   ","count":94,"tested":1541,"deaths":0},{"race":[],"age_group":"30-39   ","count":77,"tested":1080,"deaths":0},{"race":[],"age_group":"40-49   ","count":80,"tested":918,"deaths":0},{"race":[],"age_group":"50-59   ","count":108,"tested":1223,"deaths":0},{"race":[],"age_group":"60-69   ","count":65,"tested":1273,"deaths":0},{"race":[],"age_group":"70-79   ","count":47,"tested":949,"deaths":0},{"race":[],"age_group":"80+","count":45,"tested":868,"deaths":0},{"race":[],"age_group":"Unknown","count":0,"tested":7,"deaths":0}],"race":[{"description":"AI/AN**","count":0,"tested":0,"deaths":0,"color":"rgb(31,119,180)"},{"description":"Asian","count":0,"tested":18,"deaths":0,"color":"rgb(140,86,75)"},{"description":"Black","count":0,"tested":34,"deaths":0,"color":"rgb(255,127,14)"},{"description":"Hispanic","count":0,"tested":44,"deaths":0,"color":"rgb(214,39,40)"},{"description":"Left Blank","count":197,"tested":5100,"deaths":0,"color":"rgb(44,160,44)"},{"description":"NH/PI*","count":0,"tested":0,"deaths":0,"color":"rgb(127,127,127)"},{"description":"Other","count":0,"tested":68,"deaths":0,"color":"rgb(148,103,189)"},{"description":"White","count":407,"tested":4049,"deaths":0,"color":"rgb(31,119,180)"}],"gender":[{"description":"Female","count":344,"tested":5974,"deaths":0,"color":"rgb(255,127,14)"},{"description":"Male","count":270,"tested":3074,"deaths":0,"color":"rgb(31,119,180)"},{"description":"Unknown/Left Blank","count":11,"tested":267,"deaths":0,"color":"rgb(44,160,44)"}]}}]}
