{"lastUpdatedDate":{"year":2021,"month":4,"day":30},"county_demographics":[{"County":"Henderson","confirmed_cases":522,"total_tested":7274,"demographics":{"age":[{"race":[],"age_group":"<20","count":49,"tested":906,"deaths":0},{"race":[],"age_group":"20-29   ","count":59,"tested":766,"deaths":0},{"race":[],"age_group":"30-39   ","count":74,"tested":1128,"deaths":0},{"race":[],"age_group":"40-49   ","count":73,"tested":879,"deaths":0},{"race":[],"age_group":"50-59   ","count":92,"tested":1066,"deaths":0},{"race":[],"age_group":"60-69   ","count":84,"tested":971,"deaths":0},{"race":[],"age_group":"70-79   ","count":35,"tested":779,"deaths":0},{"race":[],"age_group":"80+","count":44,"tested":778,"deaths":0},{"race":[],"age_group":"Unknown","count":0,"tested":0,"deaths":0}],"race":[{"description":"AI/AN**","count":0,"tested":0,"deaths":0,"color":"rgb(31,119,180)"},{"description":"Asian","count":0,"tested":0,"deaths":0,"color":"rgb(140,86,75)"},{"description":"Black","count":0,"tested":0,"deaths":0,"color":"rgb(255,127,14)"},{"description":"Hispanic","count":0,"tested":26,"deaths":0,"color":"rgb(214,39,40)"},{"description":"Left Blank","count":161,"tested":2068,"deaths":0,"color":"rgb(44,160,44)"},{"description":"Other","count":0,"tested":38,"deaths":0,"color":"rgb(148,103,189)"},{"description":"White","count":356,"tested":5135,"deaths":0,"color":"rgb(31,119,180)"}],"gender":[{"description":"Female","count":295,"tested":4974,"deaths":0,"color":"rgb(255,127,14)"},{"description":"Male","count":212,"tested":2093,"deaths":0,"color":"rgb(31,119,180)"},{"description":"Unknown/Left Blank","count":13,"tested":207,"deaths":0,"color":"rgb(44,160,44)"}]}}]}
