{"lastUpdatedDate":{"year":2021,"month":4,"day":30},"county_demographics":[{"County":"Saline","confirmed_cases":2547,"total_tested":35986,"demographics":{"age":[{"race":[],"age_group":"<20","count":407,"tested":4350,"deaths":0},{"race":[],"age_group":"20-29   ","count":366,"tested":5306,"deaths":0},{"race":[],"age_group":"30-39   ","count":359,"tested":4960,"deaths":0},{"race":[],"age_group":"40-49   ","count":325,"tested":4771,"deaths":0},{"race":[],"age_group":"50-59   ","count":347,"tested":5000,"deaths":0},{"race":[],"age_group":"60-69   ","count":311,"tested":4369,"deaths":0},{"race":[],"age_group":"70-79   ","count":244,"tested":3532,"deaths":0},{"race":[],"age_group":"80+","count":188,"tested":3696,"deaths":0},{"race":[],"age_group":"Unknown","count":0,"tested":0,"deaths":0}],"race":[{"description":"AI/AN**","count":0,"tested":11,"deaths":0,"color":"rgb(31,119,180)"},{"description":"Asian","count":0,"tested":54,"deaths":0,"color":"rgb(140,86,75)"},{"description":"Black","count":80,"tested":1018,"deaths":0,"color":"rgb(255,127,14)"},{"description":"Hispanic","count":20,"tested":150,"deaths":0,"color":"rgb(214,39,40)"},{"description":"Left Blank","count":786,"tested":18034,"deaths":0,"color":"rgb(44,160,44)"},{"description":"NH/PI*","count":0,"tested":12,"deaths":0,"color":"rgb(127,127,127)"},{"description":"Other","count":16,"tested":169,"deaths":0,"color":"rgb(148,103,189)"},{"description":"White","count":1635,"tested":16538,"deaths":0,"color":"rgb(31,119,180)"}],"gender":[{"description":"Female","count":1376,"tested":20917,"deaths":0,"color":"rgb(255,127,14)"},{"description":"Male","count":1125,"tested":13237,"deaths":0,"color":"rgb(31,119,180)"},{"description":"Unknown/Left Blank","count":41,"tested":1832,"deaths":0,"color":"rgb(44,160,44)"}]}}]}
