{"lastUpdatedDate":{"year":2021,"month":4,"day":30},"county_demographics":[{"County":"Mercer","confirmed_cases":1414,"total_tested":17642,"demographics":{"age":[{"race":[],"age_group":"<20","count":231,"tested":3131,"deaths":0},{"race":[],"age_group":"20-29   ","count":173,"tested":2020,"deaths":0},{"race":[],"age_group":"30-39   ","count":182,"tested":2163,"deaths":0},{"race":[],"age_group":"40-49   ","count":223,"tested":2063,"deaths":0},{"race":[],"age_group":"50-59   ","count":224,"tested":2557,"deaths":0},{"race":[],"age_group":"60-69   ","count":184,"tested":2198,"deaths":0},{"race":[],"age_group":"70-79   ","count":99,"tested":1661,"deaths":0},{"race":[],"age_group":"80+","count":97,"tested":1835,"deaths":0},{"race":[],"age_group":"Unknown","count":0,"tested":14,"deaths":0}],"race":[{"description":"AI/AN**","count":0,"tested":0,"deaths":0,"color":"rgb(31,119,180)"},{"description":"Asian","count":0,"tested":6,"deaths":0,"color":"rgb(140,86,75)"},{"description":"Black","count":7,"tested":21,"deaths":0,"color":"rgb(255,127,14)"},{"description":"Hispanic","count":22,"tested":107,"deaths":0,"color":"rgb(214,39,40)"},{"description":"Left Blank","count":389,"tested":7702,"deaths":0,"color":"rgb(44,160,44)"},{"description":"NH/PI*","count":0,"tested":0,"deaths":0,"color":"rgb(127,127,127)"},{"description":"Other","count":11,"tested":230,"deaths":0,"color":"rgb(148,103,189)"},{"description":"White","count":981,"tested":9570,"deaths":0,"color":"rgb(31,119,180)"}],"gender":[{"description":"Female","count":767,"tested":10371,"deaths":0,"color":"rgb(255,127,14)"},{"description":"Male","count":639,"tested":6916,"deaths":0,"color":"rgb(31,119,180)"},{"description":"Unknown/Left Blank","count":6,"tested":355,"deaths":0,"color":"rgb(44,160,44)"}]}}]}
