{"lastUpdatedDate":{"year":2021,"month":4,"day":30},"county_demographics":[{"County":"Kane","confirmed_cases":57181,"total_tested":657480,"demographics":{"age":[{"race":[],"age_group":"<20","count":10223,"tested":88802,"deaths":0},{"race":[],"age_group":"20-29   ","count":10551,"tested":115326,"deaths":0},{"race":[],"age_group":"30-39   ","count":8959,"tested":96896,"deaths":0},{"race":[],"age_group":"40-49   ","count":9514,"tested":92350,"deaths":0},{"race":[],"age_group":"50-59   ","count":8717,"tested":99857,"deaths":0},{"race":[],"age_group":"60-69   ","count":5127,"tested":74850,"deaths":0},{"race":[],"age_group":"70-79   ","count":2369,"tested":46609,"deaths":0},{"race":[],"age_group":"80+","count":1687,"tested":42468,"deaths":0},{"race":[],"age_group":"Unknown","count":34,"tested":322,"deaths":0}],"race":[{"description":"AI/AN**","count":57,"tested":464,"deaths":0,"color":"rgb(31,119,180)"},{"description":"Asian","count":1284,"tested":16347,"deaths":0,"color":"rgb(140,86,75)"},{"description":"Black","count":2080,"tested":25297,"deaths":0,"color":"rgb(255,127,14)"},{"description":"Hispanic","count":18464,"tested":90125,"deaths":0,"color":"rgb(214,39,40)"},{"description":"Left Blank","count":14543,"tested":298181,"deaths":0,"color":"rgb(44,160,44)"},{"description":"NH/PI*","count":43,"tested":555,"deaths":0,"color":"rgb(127,127,127)"},{"description":"Other","count":1500,"tested":16725,"deaths":0,"color":"rgb(148,103,189)"},{"description":"White","count":19210,"tested":209786,"deaths":0,"color":"rgb(31,119,180)"}],"gender":[{"description":"Female","count":29211,"tested":364233,"deaths":0,"color":"rgb(255,127,14)"},{"description":"Male","count":27460,"tested":271866,"deaths":0,"color":"rgb(31,119,180)"},{"description":"Unknown/Left Blank","count":510,"tested":21381,"deaths":0,"color":"rgb(44,160,44)"}]}}]}
