{"age":[{"age_group":"<20","count":76,"tested":835},{"age_group":"20-29   ","count":127,"tested":1019},{"age_group":"30-39   ","count":120,"tested":965},{"age_group":"40-49   ","count":103,"tested":925},{"age_group":"50-59   ","count":92,"tested":1038},{"age_group":"60-69   ","count":90,"tested":1085},{"age_group":"70-79   ","count":54,"tested":591},{"age_group":"80+","count":49,"tested":339}],"race":[{"description":"Hispanic","count":113,"tested":432,"color":"rgb(214,39,40)"},{"description":"Left Blank","count":181,"tested":3807,"color":"rgb(44,160,44)"},{"description":"White","count":311,"tested":2110,"color":"rgb(31,119,180)"},{"description":"Other","count":29,"tested":137,"color":"rgb(148,103,189)"},{"description":"Asian","count":38,"tested":228,"color":"rgb(140,86,75)"},{"description":"Black","count":19,"tested":79,"color":"rgb(255,127,14)"}],"gender":[{"description":"Female","count":321,"tested":3772,"color":"rgb(255,127,14)"},{"description":"Male","count":335,"tested":2895,"color":"rgb(31,119,180)"}]}
