{"age":[{"age_group":"<20","count":15,"tested":146},{"age_group":"20-29   ","count":35,"tested":390},{"age_group":"30-39   ","count":40,"tested":452},{"age_group":"40-49   ","count":27,"tested":345},{"age_group":"50-59   ","count":18,"tested":213},{"age_group":"60-69   ","count":12,"tested":210}],"race":[{"description":"Asian","count":16,"tested":156,"color":"rgb(140,86,75)"},{"description":"Hispanic","count":14,"tested":74,"color":"rgb(214,39,40)"},{"description":"White","count":48,"tested":466,"color":"rgb(31,119,180)"},{"description":"Left Blank","count":63,"tested":1117,"color":"rgb(44,160,44)"}],"gender":[{"description":"Male","count":68,"tested":825,"color":"rgb(31,119,180)"},{"description":"Female","count":76,"tested":1067,"color":"rgb(255,127,14)"}]}
