{"age":[{"age_group":"<20","count":138,"tested":719},{"age_group":"20-29   ","count":138,"tested":721},{"age_group":"30-39   ","count":148,"tested":914},{"age_group":"40-49   ","count":144,"tested":778},{"age_group":"50-59   ","count":129,"tested":683},{"age_group":"60-69   ","count":90,"tested":460},{"age_group":"70-79   ","count":71,"tested":236}],"race":[{"description":"Other","count":73,"tested":115,"color":"rgb(148,103,189)"},{"description":"Left Blank","count":300,"tested":2343,"color":"rgb(44,160,44)"},{"description":"White","count":240,"tested":1934,"color":"rgb(31,119,180)"},{"description":"Hispanic","count":75,"tested":108,"color":"rgb(214,39,40)"}],"gender":[{"description":"Male","count":278,"tested":2067,"color":"rgb(31,119,180)"},{"description":"Female","count":303,"tested":2471,"color":"rgb(255,127,14)"}]}
