{"age":[{"age_group":"<20","count":465,"tested":3394},{"age_group":"20-29   ","count":614,"tested":5946},{"age_group":"30-39   ","count":558,"tested":5643},{"age_group":"40-49   ","count":528,"tested":5100},{"age_group":"50-59   ","count":462,"tested":5625},{"age_group":"60-69   ","count":266,"tested":4139},{"age_group":"70-79   ","count":204,"tested":2856},{"age_group":"80+","count":166,"tested":1839}],"race":[{"description":"Asian","count":157,"tested":1311,"color":"rgb(140,86,75)"},{"description":"Other","count":182,"tested":1200,"color":"rgb(148,103,189)"},{"description":"White","count":523,"tested":6574,"color":"rgb(31,119,180)"},{"description":"Left Blank","count":971,"tested":17429,"color":"rgb(44,160,44)"},{"description":"Black","count":411,"tested":3856,"color":"rgb(255,127,14)"},{"description":"Hispanic","count":917,"tested":4129,"color":"rgb(214,39,40)"}],"gender":[{"description":"Male","count":1411,"tested":13925,"color":"rgb(31,119,180)"},{"description":"Unknown/Left Blank","count":61,"tested":484,"color":"rgb(44,160,44)"},{"description":"Female","count":1556,"tested":20150,"color":"rgb(255,127,14)"}]}
