{"age":[{"age_group":"<20","count":12,"tested":108},{"age_group":"20-29   ","count":14,"tested":125},{"age_group":"30-39   ","count":15,"tested":101},{"age_group":"40-49   ","count":13,"tested":95},{"age_group":"50-59   ","count":13,"tested":106},{"age_group":"60-69   ","count":10,"tested":92},{"age_group":"70-79   ","count":12,"tested":60}],"race":[{"description":"White","count":48,"tested":462,"color":"rgb(31,119,180)"},{"description":"Left Blank","count":18,"tested":203,"color":"rgb(44,160,44)"}],"gender":[{"description":"Male","count":32,"tested":296,"color":"rgb(31,119,180)"},{"description":"Female","count":37,"tested":413,"color":"rgb(255,127,14)"}]}
