{"age":[{"age_group":"<20","count":208,"tested":2216},{"age_group":"20-29   ","count":343,"tested":3136},{"age_group":"30-39   ","count":238,"tested":2864},{"age_group":"40-49   ","count":204,"tested":2242},{"age_group":"50-59   ","count":262,"tested":3130},{"age_group":"60-69   ","count":180,"tested":2258},{"age_group":"70-79   ","count":125,"tested":1335},{"age_group":"80+","count":92,"tested":777}],"race":[{"description":"Black","count":110,"tested":490,"color":"rgb(255,127,14)"},{"description":"Hispanic","count":243,"tested":1303,"color":"rgb(214,39,40)"},{"description":"Asian","count":91,"tested":450,"color":"rgb(140,86,75)"},{"description":"White","count":613,"tested":9396,"color":"rgb(31,119,180)"},{"description":"Other","count":143,"tested":796,"color":"rgb(148,103,189)"},{"description":"Left Blank","count":328,"tested":5444,"color":"rgb(44,160,44)"}],"gender":[{"description":"Male","count":644,"tested":7930,"color":"rgb(31,119,180)"},{"description":"Unknown/Left Blank","count":70,"tested":176,"color":"rgb(44,160,44)"},{"description":"Female","count":639,"tested":9853,"color":"rgb(255,127,14)"}]}
