{"age":[{"age_group":"<20","count":393,"tested":3291},{"age_group":"20-29   ","count":326,"tested":3312},{"age_group":"30-39   ","count":276,"tested":2987},{"age_group":"40-49   ","count":325,"tested":3429},{"age_group":"50-59   ","count":356,"tested":4171},{"age_group":"60-69   ","count":287,"tested":3047},{"age_group":"70-79   ","count":250,"tested":2213},{"age_group":"80+","count":308,"tested":3207}],"race":[{"description":"Black","count":135,"tested":199,"color":"rgb(255,127,14)"},{"description":"Other","count":196,"tested":622,"color":"rgb(148,103,189)"},{"description":"Left Blank","count":525,"tested":12973,"color":"rgb(44,160,44)"},{"description":"White","count":1000,"tested":10017,"color":"rgb(31,119,180)"},{"description":"Asian","count":172,"tested":1024,"color":"rgb(140,86,75)"},{"description":"Hispanic","count":244,"tested":774,"color":"rgb(214,39,40)"}],"gender":[{"description":"Male","count":877,"tested":10157,"color":"rgb(31,119,180)"},{"description":"Unknown/Left Blank","count":135,"tested":290,"color":"rgb(44,160,44)"},{"description":"Female","count":904,"tested":15218,"color":"rgb(255,127,14)"}]}
