{"age":[{"age_group":"<20","count":95,"tested":804},{"age_group":"20-29   ","count":124,"tested":1336},{"age_group":"30-39   ","count":121,"tested":1384},{"age_group":"40-49   ","count":115,"tested":1307},{"age_group":"50-59   ","count":113,"tested":1371},{"age_group":"60-69   ","count":88,"tested":1491},{"age_group":"70-79   ","count":44,"tested":831},{"age_group":"80+","count":45,"tested":605}],"race":[{"description":"White","count":38,"tested":464,"color":"rgb(31,119,180)"},{"description":"Left Blank","count":250,"tested":4194,"color":"rgb(44,160,44)"},{"description":"Other","count":20,"tested":145,"color":"rgb(148,103,189)"},{"description":"Hispanic","count":25,"tested":135,"color":"rgb(214,39,40)"},{"description":"Black","count":408,"tested":4155,"color":"rgb(255,127,14)"}],"gender":[{"description":"Female","count":410,"tested":5313,"color":"rgb(255,127,14)"},{"description":"Male","count":321,"tested":3618,"color":"rgb(31,119,180)"},{"description":"Unknown/Left Blank","count":9,"tested":199,"color":"rgb(44,160,44)"}]}
