{"age":[{"age_group":"<20","count":24,"tested":332},{"age_group":"20-29   ","count":37,"tested":259},{"age_group":"30-39   ","count":31,"tested":241},{"age_group":"40-49   ","count":30,"tested":235},{"age_group":"50-59   ","count":31,"tested":220},{"age_group":"60-69   ","count":16,"tested":112},{"age_group":"70-79   ","count":10,"tested":48}],"race":[{"description":"Hispanic","count":19,"tested":76,"color":"rgb(214,39,40)"},{"description":"White","count":81,"tested":663,"color":"rgb(31,119,180)"},{"description":"Left Blank","count":62,"tested":679,"color":"rgb(44,160,44)"}],"gender":[{"description":"Female","count":84,"tested":850,"color":"rgb(255,127,14)"},{"description":"Male","count":79,"tested":599,"color":"rgb(31,119,180)"}]}
