{"age":[{"age_group":"<20","count":33,"tested":557},{"age_group":"20-29   ","count":213,"tested":4745},{"age_group":"30-39   ","count":143,"tested":2929},{"age_group":"40-49   ","count":55,"tested":956},{"age_group":"50-59   ","count":56,"tested":1055},{"age_group":"60-69   ","count":29,"tested":865},{"age_group":"70-79   ","count":26,"tested":570},{"age_group":"80+","count":23,"tested":301}],"race":[{"description":"White","count":220,"tested":3361,"color":"rgb(31,119,180)"},{"description":"Asian","count":44,"tested":914,"color":"rgb(140,86,75)"},{"description":"Black","count":53,"tested":894,"color":"rgb(255,127,14)"},{"description":"Other","count":32,"tested":632,"color":"rgb(148,103,189)"},{"description":"Hispanic","count":50,"tested":314,"color":"rgb(214,39,40)"},{"description":"Left Blank","count":163,"tested":5817,"color":"rgb(44,160,44)"}],"gender":[{"description":"Female","count":253,"tested":6114,"color":"rgb(255,127,14)"},{"description":"Male","count":276,"tested":5534,"color":"rgb(31,119,180)"}]}
