{"age":[{"age_group":"<20","count":58,"tested":492},{"age_group":"20-29   ","count":93,"tested":879},{"age_group":"30-39   ","count":85,"tested":687},{"age_group":"40-49   ","count":76,"tested":646},{"age_group":"50-59   ","count":81,"tested":668},{"age_group":"60-69   ","count":73,"tested":626},{"age_group":"70-79   ","count":36,"tested":336},{"age_group":"80+","count":16,"tested":150}],"race":[{"description":"Other","count":24,"tested":161,"color":"rgb(148,103,189)"},{"description":"Left Blank","count":166,"tested":1701,"color":"rgb(44,160,44)"},{"description":"White","count":144,"tested":1490,"color":"rgb(31,119,180)"},{"description":"Black","count":87,"tested":787,"color":"rgb(255,127,14)"},{"description":"Hispanic","count":69,"tested":309,"color":"rgb(214,39,40)"}],"gender":[{"description":"Male","count":210,"tested":1875,"color":"rgb(31,119,180)"},{"description":"Female","count":253,"tested":2575,"color":"rgb(255,127,14)"}]}
