{"age":[{"age_group":"<20","count":185,"tested":1918},{"age_group":"20-29   ","count":122,"tested":1309},{"age_group":"30-39   ","count":81,"tested":970},{"age_group":"40-49   ","count":106,"tested":1227},{"age_group":"50-59   ","count":173,"tested":1864},{"age_group":"60-69   ","count":131,"tested":1515},{"age_group":"70-79   ","count":100,"tested":1248},{"age_group":"80+","count":101,"tested":1046}],"race":[{"description":"Asian","count":55,"tested":382,"color":"rgb(140,86,75)"},{"description":"White","count":412,"tested":4403,"color":"rgb(31,119,180)"},{"description":"Black","count":48,"tested":217,"color":"rgb(255,127,14)"},{"description":"Other","count":61,"tested":407,"color":"rgb(148,103,189)"},{"description":"Hispanic","count":71,"tested":161,"color":"rgb(214,39,40)"},{"description":"Left Blank","count":279,"tested":5518,"color":"rgb(44,160,44)"}],"gender":[{"description":"Female","count":398,"tested":6090,"color":"rgb(255,127,14)"},{"description":"Male","count":382,"tested":4931,"color":"rgb(31,119,180)"}]}
