{"age":[{"age_group":"20-29   ","count":16,"tested":152},{"age_group":"30-39   ","count":16,"tested":178},{"age_group":"40-49   ","count":20,"tested":133},{"age_group":"50-59   ","count":17,"tested":137},{"age_group":"60-69   ","count":17,"tested":135}],"race":[{"description":"Left Blank","count":18,"tested":311,"color":"rgb(44,160,44)"},{"description":"White","count":46,"tested":1483,"color":"rgb(31,119,180)"}],"gender":[{"description":"Female","count":37,"tested":1346,"color":"rgb(255,127,14)"},{"description":"Male","count":28,"tested":439,"color":"rgb(31,119,180)"}]}
