{"age":[{"age_group":"<20","count":151,"tested":1683},{"age_group":"20-29   ","count":157,"tested":1660},{"age_group":"30-39   ","count":139,"tested":1300},{"age_group":"40-49   ","count":175,"tested":1269},{"age_group":"50-59   ","count":166,"tested":1560},{"age_group":"60-69   ","count":147,"tested":1511},{"age_group":"70-79   ","count":104,"tested":1241},{"age_group":"80+","count":75,"tested":1712}],"race":[{"description":"Other","count":22,"tested":195,"color":"rgb(148,103,189)"},{"description":"Hispanic","count":131,"tested":499,"color":"rgb(214,39,40)"},{"description":"White","count":488,"tested":5463,"color":"rgb(31,119,180)"},{"description":"Left Blank","count":308,"tested":4893,"color":"rgb(44,160,44)"},{"description":"Asian","count":39,"tested":241,"color":"rgb(140,86,75)"},{"description":"Black","count":99,"tested":640,"color":"rgb(255,127,14)"}],"gender":[{"description":"Female","count":564,"tested":6918,"color":"rgb(255,127,14)"},{"description":"Male","count":466,"tested":4675,"color":"rgb(31,119,180)"},{"description":"Unknown/Left Blank","count":19,"tested":344,"color":"rgb(44,160,44)"}]}
