{"age":[{"age_group":"<20","count":190,"tested":1370},{"age_group":"20-29   ","count":335,"tested":2402},{"age_group":"30-39   ","count":286,"tested":2185},{"age_group":"40-49   ","count":247,"tested":1911},{"age_group":"50-59   ","count":249,"tested":2019},{"age_group":"60-69   ","count":200,"tested":1779},{"age_group":"70-79   ","count":95,"tested":773},{"age_group":"80+","count":74,"tested":333}],"race":[{"description":"White","count":454,"tested":4070,"color":"rgb(31,119,180)"},{"description":"Other","count":84,"tested":468,"color":"rgb(148,103,189)"},{"description":"Left Blank","count":739,"tested":6827,"color":"rgb(44,160,44)"},{"description":"Black","count":121,"tested":591,"color":"rgb(255,127,14)"},{"description":"Asian","count":54,"tested":182,"color":"rgb(140,86,75)"},{"description":"Hispanic","count":144,"tested":593,"color":"rgb(214,39,40)"}],"gender":[{"description":"Female","count":721,"tested":7036,"color":"rgb(255,127,14)"},{"description":"Male","count":723,"tested":5592,"color":"rgb(31,119,180)"}]}
