{"age":[{"age_group":"20-29   ","count":14,"tested":121},{"age_group":"50-59   ","count":16,"tested":97},{"age_group":"60-69   ","count":15,"tested":91}],"race":[{"description":"White","count":29,"tested":337,"color":"rgb(31,119,180)"},{"description":"Hispanic","count":13,"tested":32,"color":"rgb(214,39,40)"},{"description":"Left Blank","count":14,"tested":222,"color":"rgb(44,160,44)"}],"gender":[{"description":"Male","count":27,"tested":290,"color":"rgb(31,119,180)"},{"description":"Female","count":25,"tested":334,"color":"rgb(255,127,14)"}]}
