{"age":[{"age_group":"<20","count":188,"tested":1284},{"age_group":"20-29   ","count":286,"tested":2298},{"age_group":"30-39   ","count":287,"tested":2138},{"age_group":"40-49   ","count":262,"tested":2047},{"age_group":"50-59   ","count":202,"tested":1855},{"age_group":"60-69   ","count":120,"tested":1521},{"age_group":"70-79   ","count":76,"tested":970},{"age_group":"80+","count":38,"tested":518}],"race":[{"description":"Hispanic","count":372,"tested":1674,"color":"rgb(214,39,40)"},{"description":"White","count":112,"tested":777,"color":"rgb(31,119,180)"},{"description":"Left Blank","count":303,"tested":3861,"color":"rgb(44,160,44)"},{"description":"Other","count":72,"tested":676,"color":"rgb(148,103,189)"},{"description":"Black","count":573,"tested":5582,"color":"rgb(255,127,14)"}],"gender":[{"description":"Female","count":770,"tested":7195,"color":"rgb(255,127,14)"},{"description":"Male","count":625,"tested":5255,"color":"rgb(31,119,180)"},{"description":"Unknown/Left Blank","count":24,"tested":187,"color":"rgb(44,160,44)"}]}
