{"age":[{"age_group":"<20","count":160,"tested":1203},{"age_group":"20-29   ","count":281,"tested":3074},{"age_group":"30-39   ","count":264,"tested":3431},{"age_group":"40-49   ","count":258,"tested":3705},{"age_group":"50-59   ","count":277,"tested":4344},{"age_group":"60-69   ","count":284,"tested":4739},{"age_group":"70-79   ","count":208,"tested":2851},{"age_group":"80+","count":355,"tested":4055}],"race":[{"description":"Black","count":54,"tested":341,"color":"rgb(255,127,14)"},{"description":"White","count":678,"tested":5669,"color":"rgb(31,119,180)"},{"description":"Asian","count":261,"tested":1835,"color":"rgb(140,86,75)"},{"description":"Hispanic","count":226,"tested":1042,"color":"rgb(214,39,40)"},{"description":"Other","count":246,"tested":1431,"color":"rgb(148,103,189)"},{"description":"Left Blank","count":566,"tested":16990,"color":"rgb(44,160,44)"},{"description":"AI/AN**","count":27,"tested":37,"color":"rgb(31,119,180)"},{"description":"NH/PI*","count":30,"tested":82,"color":"rgb(127,127,127)"}],"gender":[{"description":"Female","count":1063,"tested":16246,"color":"rgb(255,127,14)"},{"description":"Male","count":886,"tested":10572,"color":"rgb(31,119,180)"},{"description":"Unknown/Left Blank","count":39,"tested":609,"color":"rgb(44,160,44)"}]}
