{"age":[{"age_group":"<20","count":280,"tested":3348},{"age_group":"20-29   ","count":380,"tested":3399},{"age_group":"30-39   ","count":294,"tested":3410},{"age_group":"40-49   ","count":280,"tested":3035},{"age_group":"50-59   ","count":302,"tested":3015},{"age_group":"60-69   ","count":221,"tested":2915},{"age_group":"70-79   ","count":145,"tested":2171},{"age_group":"80+","count":192,"tested":2364}],"race":[{"description":"Left Blank","count":496,"tested":11581,"color":"rgb(44,160,44)"},{"description":"Hispanic","count":333,"tested":1544,"color":"rgb(214,39,40)"},{"description":"Asian","count":67,"tested":370,"color":"rgb(140,86,75)"},{"description":"White","count":945,"tested":8652,"color":"rgb(31,119,180)"},{"description":"Black","count":154,"tested":1135,"color":"rgb(255,127,14)"},{"description":"Other","count":57,"tested":365,"color":"rgb(148,103,189)"}],"gender":[{"description":"Female","count":1034,"tested":13613,"color":"rgb(255,127,14)"},{"description":"Male","count":933,"tested":9739,"color":"rgb(31,119,180)"},{"description":"Unknown/Left Blank","count":32,"tested":309,"color":"rgb(44,160,44)"}]}
