{"age":[{"age_group":"<20","count":138,"tested":3372},{"age_group":"20-29   ","count":290,"tested":13115},{"age_group":"30-39   ","count":258,"tested":5697},{"age_group":"40-49   ","count":187,"tested":3316},{"age_group":"50-59   ","count":181,"tested":3632},{"age_group":"60-69   ","count":105,"tested":2961},{"age_group":"70-79   ","count":68,"tested":1821},{"age_group":"80+","count":50,"tested":1012}],"race":[{"description":"Left Blank","count":297,"tested":9959,"color":"rgb(44,160,44)"},{"description":"Hispanic","count":59,"tested":1640,"color":"rgb(214,39,40)"},{"description":"Asian","count":31,"tested":2333,"color":"rgb(140,86,75)"},{"description":"White","count":139,"tested":9533,"color":"rgb(31,119,180)"},{"description":"Black","count":696,"tested":10780,"color":"rgb(255,127,14)"},{"description":"Other","count":37,"tested":618,"color":"rgb(148,103,189)"}],"gender":[{"description":"Male","count":556,"tested":14421,"color":"rgb(31,119,180)"},{"description":"Unknown/Left Blank","count":15,"tested":560,"color":"rgb(44,160,44)"},{"description":"Female","count":671,"tested":19951,"color":"rgb(255,127,14)"}]}
