{"age":[{"age_group":"<20","count":264,"tested":1611},{"age_group":"20-29   ","count":343,"tested":2672},{"age_group":"30-39   ","count":322,"tested":2394},{"age_group":"40-49   ","count":343,"tested":2725},{"age_group":"50-59   ","count":342,"tested":2775},{"age_group":"60-69   ","count":262,"tested":2253},{"age_group":"70-79   ","count":153,"tested":1177},{"age_group":"80+","count":103,"tested":654}],"race":[{"description":"Hispanic","count":322,"tested":1447,"color":"rgb(214,39,40)"},{"description":"Left Blank","count":714,"tested":7185,"color":"rgb(44,160,44)"},{"description":"Asian","count":54,"tested":66,"color":"rgb(140,86,75)"},{"description":"White","count":331,"tested":2471,"color":"rgb(31,119,180)"},{"description":"Black","count":507,"tested":4662,"color":"rgb(255,127,14)"},{"description":"Other","count":109,"tested":403,"color":"rgb(148,103,189)"}],"gender":[{"description":"Male","count":815,"tested":6196,"color":"rgb(31,119,180)"},{"description":"Female","count":1039,"tested":9868,"color":"rgb(255,127,14)"},{"description":"Unknown/Left Blank","count":53,"tested":200,"color":"rgb(44,160,44)"}]}
