{"age":[{"age_group":"<20","count":25,"tested":186},{"age_group":"20-29   ","count":21,"tested":316},{"age_group":"30-39   ","count":20,"tested":290},{"age_group":"40-49   ","count":25,"tested":330},{"age_group":"50-59   ","count":41,"tested":526},{"age_group":"60-69   ","count":32,"tested":541},{"age_group":"70-79   ","count":25,"tested":419},{"age_group":"80+","count":9,"tested":215}],"race":[{"description":"Left Blank","count":60,"tested":1241,"color":"rgb(44,160,44)"},{"description":"White","count":18,"tested":267,"color":"rgb(31,119,180)"},{"description":"Black","count":102,"tested":1202,"color":"rgb(255,127,14)"},{"description":"Other","count":11,"tested":79,"color":"rgb(148,103,189)"}],"gender":[{"description":"Female","count":110,"tested":1664,"color":"rgb(255,127,14)"},{"description":"Male","count":80,"tested":1137,"color":"rgb(31,119,180)"}]}
