{"age":[{"age_group":"<20","count":164,"tested":3051},{"age_group":"20-29   ","count":182,"tested":3425},{"age_group":"30-39   ","count":163,"tested":3541},{"age_group":"40-49   ","count":172,"tested":3570},{"age_group":"50-59   ","count":153,"tested":3485},{"age_group":"60-69   ","count":124,"tested":2781},{"age_group":"70-79   ","count":95,"tested":1917},{"age_group":"80+","count":86,"tested":1138}],"race":[{"description":"Black","count":270,"tested":2882,"color":"rgb(255,127,14)"},{"description":"Asian","count":37,"tested":478,"color":"rgb(140,86,75)"},{"description":"Hispanic","count":101,"tested":973,"color":"rgb(214,39,40)"},{"description":"White","count":383,"tested":9141,"color":"rgb(31,119,180)"},{"description":"Left Blank","count":245,"tested":8339,"color":"rgb(44,160,44)"},{"description":"Other","count":67,"tested":1073,"color":"rgb(148,103,189)"}],"gender":[{"description":"Male","count":471,"tested":9366,"color":"rgb(31,119,180)"},{"description":"Unknown/Left Blank","count":28,"tested":284,"color":"rgb(44,160,44)"},{"description":"Female","count":555,"tested":13261,"color":"rgb(255,127,14)"}]}
