{"age":[{"age_group":"20-29   ","count":7,"tested":74},{"age_group":"40-49   ","count":14,"tested":93},{"age_group":"50-59   ","count":10,"tested":119},{"age_group":"60-69   ","count":6,"tested":82}],"race":[{"description":"White","count":29,"tested":381,"color":"rgb(31,119,180)"},{"description":"Left Blank","count":18,"tested":231,"color":"rgb(44,160,44)"}],"gender":[{"description":"Female","count":29,"tested":371,"color":"rgb(255,127,14)"},{"description":"Male","count":20,"tested":263,"color":"rgb(31,119,180)"}]}
