{"age":[{"age_group":"<20","count":345,"tested":2719},{"age_group":"20-29   ","count":490,"tested":4269},{"age_group":"30-39   ","count":444,"tested":4242},{"age_group":"40-49   ","count":370,"tested":3053},{"age_group":"50-59   ","count":373,"tested":3574},{"age_group":"60-69   ","count":248,"tested":2964},{"age_group":"70-79   ","count":125,"tested":1748},{"age_group":"80+","count":68,"tested":1445}],"race":[{"description":"Left Blank","count":626,"tested":11761,"color":"rgb(44,160,44)"},{"description":"Hispanic","count":576,"tested":1903,"color":"rgb(214,39,40)"},{"description":"White","count":928,"tested":7729,"color":"rgb(31,119,180)"},{"description":"Asian","count":115,"tested":731,"color":"rgb(140,86,75)"},{"description":"Black","count":108,"tested":888,"color":"rgb(255,127,14)"},{"description":"Other","count":109,"tested":978,"color":"rgb(148,103,189)"}],"gender":[{"description":"Female","count":1273,"tested":13380,"color":"rgb(255,127,14)"},{"description":"Male","count":1183,"tested":10442,"color":"rgb(31,119,180)"}]}
