{"age":[{"age_group":"<20","count":356,"tested":3690},{"age_group":"20-29   ","count":429,"tested":6784},{"age_group":"30-39   ","count":376,"tested":6414},{"age_group":"40-49   ","count":355,"tested":6057},{"age_group":"50-59   ","count":304,"tested":6134},{"age_group":"60-69   ","count":191,"tested":4962},{"age_group":"70-79   ","count":149,"tested":4430},{"age_group":"80+","count":346,"tested":10380}],"race":[{"description":"Hispanic","count":292,"tested":1669,"color":"rgb(214,39,40)"},{"description":"Asian","count":130,"tested":2521,"color":"rgb(140,86,75)"},{"description":"Left Blank","count":564,"tested":26156,"color":"rgb(44,160,44)"},{"description":"White","count":1286,"tested":15737,"color":"rgb(31,119,180)"},{"description":"Other","count":76,"tested":935,"color":"rgb(148,103,189)"},{"description":"Black","count":154,"tested":1789,"color":"rgb(255,127,14)"}],"gender":[{"description":"Unknown/Left Blank","count":12,"tested":861,"color":"rgb(44,160,44)"},{"description":"Male","count":1109,"tested":16530,"color":"rgb(31,119,180)"},{"description":"Female","count":1385,"tested":31469,"color":"rgb(255,127,14)"}]}
