{"age":[{"age_group":"<20","count":318,"tested":1906},{"age_group":"20-29   ","count":431,"tested":2747},{"age_group":"30-39   ","count":384,"tested":2600},{"age_group":"40-49   ","count":408,"tested":2325},{"age_group":"50-59   ","count":351,"tested":2211},{"age_group":"60-69   ","count":188,"tested":1604},{"age_group":"70-79   ","count":98,"tested":664},{"age_group":"80+","count":57,"tested":319}],"race":[{"description":"AI/AN**","count":59,"tested":188,"color":"rgb(31,119,180)"},{"description":"Hispanic","count":902,"tested":2951,"color":"rgb(214,39,40)"},{"description":"White","count":260,"tested":2130,"color":"rgb(31,119,180)"},{"description":"Black","count":217,"tested":2160,"color":"rgb(255,127,14)"},{"description":"Left Blank","count":652,"tested":5709,"color":"rgb(44,160,44)"},{"description":"Other","count":141,"tested":1215,"color":"rgb(148,103,189)"}],"gender":[{"description":"Unknown/Left Blank","count":15,"tested":168,"color":"rgb(44,160,44)"},{"description":"Male","count":1042,"tested":6051,"color":"rgb(31,119,180)"},{"description":"Female","count":1179,"tested":8163,"color":"rgb(255,127,14)"}]}
