{"age":[{"age_group":"<20","count":350,"tested":4461},{"age_group":"20-29   ","count":191,"tested":3294},{"age_group":"30-39   ","count":133,"tested":2250},{"age_group":"40-49   ","count":167,"tested":2552},{"age_group":"50-59   ","count":202,"tested":3160},{"age_group":"60-69   ","count":111,"tested":2252},{"age_group":"70-79   ","count":54,"tested":1218},{"age_group":"80+","count":38,"tested":707}],"race":[{"description":"White","count":634,"tested":9033,"color":"rgb(31,119,180)"},{"description":"Asian","count":22,"tested":335,"color":"rgb(140,86,75)"},{"description":"Hispanic","count":153,"tested":862,"color":"rgb(214,39,40)"},{"description":"Black","count":7,"tested":56,"color":"rgb(255,127,14)"},{"description":"Left Blank","count":305,"tested":7988,"color":"rgb(44,160,44)"},{"description":"Other","count":123,"tested":1588,"color":"rgb(148,103,189)"}],"gender":[{"description":"Male","count":653,"tested":9473,"color":"rgb(31,119,180)"},{"description":"Unknown/Left Blank","count":8,"tested":135,"color":"rgb(44,160,44)"},{"description":"Female","count":585,"tested":10288,"color":"rgb(255,127,14)"}]}
