{"age":[{"age_group":"<20","count":312,"tested":3707},{"age_group":"20-29   ","count":298,"tested":4642},{"age_group":"30-39   ","count":328,"tested":4393},{"age_group":"40-49   ","count":374,"tested":4641},{"age_group":"50-59   ","count":356,"tested":5205},{"age_group":"60-69   ","count":324,"tested":5190},{"age_group":"70-79   ","count":149,"tested":2770},{"age_group":"80+","count":163,"tested":3004}],"race":[{"description":"Left Blank","count":538,"tested":10245,"color":"rgb(44,160,44)"},{"description":"Other","count":132,"tested":1517,"color":"rgb(148,103,189)"},{"description":"White","count":1190,"tested":16047,"color":"rgb(31,119,180)"},{"description":"Asian","count":193,"tested":3148,"color":"rgb(140,86,75)"},{"description":"Hispanic","count":226,"tested":2029,"color":"rgb(214,39,40)"},{"description":"Black","count":17,"tested":474,"color":"rgb(255,127,14)"}],"gender":[{"description":"Female","count":1185,"tested":19575,"color":"rgb(255,127,14)"},{"description":"Male","count":1107,"tested":13711,"color":"rgb(31,119,180)"},{"description":"Unknown/Left Blank","count":13,"tested":275,"color":"rgb(44,160,44)"}]}
