{"age":[{"age_group":"<20","count":256,"tested":4540},{"age_group":"20-29   ","count":217,"tested":5076},{"age_group":"30-39   ","count":207,"tested":4956},{"age_group":"40-49   ","count":219,"tested":4952},{"age_group":"50-59   ","count":224,"tested":6148},{"age_group":"60-69   ","count":159,"tested":5684},{"age_group":"70-79   ","count":121,"tested":4291},{"age_group":"80+","count":128,"tested":3612}],"race":[{"description":"Asian","count":21,"tested":604,"color":"rgb(140,86,75)"},{"description":"Left Blank","count":418,"tested":17929,"color":"rgb(44,160,44)"},{"description":"White","count":701,"tested":16355,"color":"rgb(31,119,180)"},{"description":"Other","count":168,"tested":2680,"color":"rgb(148,103,189)"},{"description":"Hispanic","count":182,"tested":1306,"color":"rgb(214,39,40)"},{"description":"Black","count":36,"tested":360,"color":"rgb(255,127,14)"}],"gender":[{"description":"Male","count":741,"tested":17078,"color":"rgb(31,119,180)"},{"description":"Unknown/Left Blank","count":21,"tested":320,"color":"rgb(44,160,44)"},{"description":"Female","count":769,"tested":21870,"color":"rgb(255,127,14)"}]}
