{"age":[{"age_group":"<20","count":41,"tested":347},{"age_group":"20-29   ","count":38,"tested":321},{"age_group":"30-39   ","count":47,"tested":307},{"age_group":"40-49   ","count":30,"tested":182},{"age_group":"50-59   ","count":37,"tested":252},{"age_group":"60-69   ","count":21,"tested":238},{"age_group":"70-79   ","count":8,"tested":93},{"age_group":"80+","count":10,"tested":71}],"race":[{"description":"Hispanic","count":10,"tested":24,"color":"rgb(214,39,40)"},{"description":"Left Blank","count":61,"tested":647,"color":"rgb(44,160,44)"},{"description":"White","count":150,"tested":1064,"color":"rgb(31,119,180)"}],"gender":[{"description":"Female","count":130,"tested":1027,"color":"rgb(255,127,14)"},{"description":"Male","count":101,"tested":731,"color":"rgb(31,119,180)"}]}
