{"age":[{"age_group":"<20","count":201,"tested":3644},{"age_group":"20-29   ","count":1047,"tested":19854},{"age_group":"30-39   ","count":728,"tested":16356},{"age_group":"40-49   ","count":342,"tested":7294},{"age_group":"50-59   ","count":293,"tested":6221},{"age_group":"60-69   ","count":222,"tested":5107},{"age_group":"70-79   ","count":100,"tested":2781},{"age_group":"80+","count":93,"tested":1934}],"race":[{"description":"White","count":1194,"tested":19790,"color":"rgb(31,119,180)"},{"description":"Black","count":176,"tested":1966,"color":"rgb(255,127,14)"},{"description":"Asian","count":105,"tested":1591,"color":"rgb(140,86,75)"},{"description":"Other","count":137,"tested":2345,"color":"rgb(148,103,189)"},{"description":"Left Blank","count":1084,"tested":35126,"color":"rgb(44,160,44)"},{"description":"Hispanic","count":325,"tested":2316,"color":"rgb(214,39,40)"}],"gender":[{"description":"Female","count":1348,"tested":32918,"color":"rgb(255,127,14)"},{"description":"Male","count":1556,"tested":29197,"color":"rgb(31,119,180)"},{"description":"Unknown/Left Blank","count":122,"tested":1094,"color":"rgb(44,160,44)"}]}
