{"age":[{"age_group":"<20","count":224,"tested":3192},{"age_group":"20-29   ","count":571,"tested":13308},{"age_group":"30-39   ","count":710,"tested":11688},{"age_group":"40-49   ","count":517,"tested":7266},{"age_group":"50-59   ","count":430,"tested":6550},{"age_group":"60-69   ","count":323,"tested":4927},{"age_group":"70-79   ","count":133,"tested":2321},{"age_group":"80+","count":48,"tested":951}],"race":[{"description":"Hispanic","count":430,"tested":3377,"color":"rgb(214,39,40)"},{"description":"Left Blank","count":763,"tested":22728,"color":"rgb(44,160,44)"},{"description":"White","count":343,"tested":7884,"color":"rgb(31,119,180)"},{"description":"Other","count":108,"tested":2117,"color":"rgb(148,103,189)"},{"description":"Asian","count":67,"tested":1962,"color":"rgb(140,86,75)"},{"description":"NH/PI*","count":7,"tested":42,"color":"rgb(127,127,127)"},{"description":"Black","count":1238,"tested":12051,"color":"rgb(255,127,14)"}],"gender":[{"description":"Unknown/Left Blank","count":70,"tested":1932,"color":"rgb(44,160,44)"},{"description":"Male","count":1487,"tested":27437,"color":"rgb(31,119,180)"},{"description":"Female","count":1400,"tested":20844,"color":"rgb(255,127,14)"}]}
