{"age":[{"age_group":"<20","count":681,"tested":6951},{"age_group":"20-29   ","count":1106,"tested":14935},{"age_group":"30-39   ","count":1181,"tested":17896},{"age_group":"40-49   ","count":1014,"tested":11775},{"age_group":"50-59   ","count":805,"tested":10154},{"age_group":"60-69   ","count":584,"tested":8363},{"age_group":"70-79   ","count":283,"tested":4658},{"age_group":"80+","count":197,"tested":3470}],"race":[{"description":"Asian","count":520,"tested":4675,"color":"rgb(140,86,75)"},{"description":"White","count":1299,"tested":21909,"color":"rgb(31,119,180)"},{"description":"Black","count":161,"tested":3436,"color":"rgb(255,127,14)"},{"description":"Other","count":355,"tested":3690,"color":"rgb(148,103,189)"},{"description":"AI/AN**","count":15,"tested":74,"color":"rgb(31,119,180)"},{"description":"Hispanic","count":2192,"tested":10836,"color":"rgb(214,39,40)"},{"description":"NH/PI*","count":14,"tested":256,"color":"rgb(127,127,127)"},{"description":"Left Blank","count":1295,"tested":33364,"color":"rgb(44,160,44)"}],"gender":[{"description":"Female","count":2888,"tested":41829,"color":"rgb(255,127,14)"},{"description":"Male","count":2859,"tested":33405,"color":"rgb(31,119,180)"},{"description":"Unknown/Left Blank","count":104,"tested":3006,"color":"rgb(44,160,44)"}]}
