{"age":[{"age_group":"<20","count":443,"tested":3764},{"age_group":"20-29   ","count":625,"tested":6333},{"age_group":"30-39   ","count":430,"tested":5110},{"age_group":"40-49   ","count":523,"tested":4776},{"age_group":"50-59   ","count":387,"tested":4471},{"age_group":"60-69   ","count":206,"tested":2540},{"age_group":"70-79   ","count":77,"tested":1057},{"age_group":"80+","count":35,"tested":453}],"race":[{"description":"Other","count":93,"tested":1313,"color":"rgb(148,103,189)"},{"description":"Left Blank","count":701,"tested":11358,"color":"rgb(44,160,44)"},{"description":"White","count":715,"tested":7586,"color":"rgb(31,119,180)"},{"description":"Asian","count":183,"tested":1984,"color":"rgb(140,86,75)"},{"description":"Hispanic","count":719,"tested":3352,"color":"rgb(214,39,40)"},{"description":"Black","count":310,"tested":2859,"color":"rgb(255,127,14)"}],"gender":[{"description":"Female","count":1428,"tested":16124,"color":"rgb(255,127,14)"},{"description":"Male","count":1286,"tested":12160,"color":"rgb(31,119,180)"},{"description":"Unknown/Left Blank","count":12,"tested":225,"color":"rgb(44,160,44)"}]}
