{"age":[{"age_group":"<20","count":44,"tested":601},{"age_group":"20-29   ","count":81,"tested":831},{"age_group":"30-39   ","count":71,"tested":764},{"age_group":"40-49   ","count":53,"tested":802},{"age_group":"50-59   ","count":88,"tested":1814},{"age_group":"60-69   ","count":54,"tested":1152},{"age_group":"70-79   ","count":39,"tested":546},{"age_group":"80+","count":44,"tested":1605}],"race":[{"description":"Left Blank","count":84,"tested":1627,"color":"rgb(44,160,44)"},{"description":"Other","count":29,"tested":199,"color":"rgb(148,103,189)"},{"description":"White","count":347,"tested":5886,"color":"rgb(31,119,180)"},{"description":"Hispanic","count":10,"tested":130,"color":"rgb(214,39,40)"}],"gender":[{"description":"Male","count":197,"tested":2728,"color":"rgb(31,119,180)"},{"description":"Female","count":273,"tested":5094,"color":"rgb(255,127,14)"}]}
