{"age":[{"age_group":"<20","count":310,"tested":4493},{"age_group":"20-29   ","count":201,"tested":4817},{"age_group":"30-39   ","count":171,"tested":3838},{"age_group":"40-49   ","count":212,"tested":4356},{"age_group":"50-59   ","count":239,"tested":5439},{"age_group":"60-69   ","count":162,"tested":4553},{"age_group":"70-79   ","count":119,"tested":2962},{"age_group":"80+","count":159,"tested":4753}],"race":[{"description":"Other","count":124,"tested":1825,"color":"rgb(148,103,189)"},{"description":"White","count":886,"tested":13294,"color":"rgb(31,119,180)"},{"description":"Black","count":21,"tested":189,"color":"rgb(255,127,14)"},{"description":"Asian","count":54,"tested":762,"color":"rgb(140,86,75)"},{"description":"Left Blank","count":415,"tested":18541,"color":"rgb(44,160,44)"},{"description":"Hispanic","count":70,"tested":571,"color":"rgb(214,39,40)"}],"gender":[{"description":"Female","count":834,"tested":19833,"color":"rgb(255,127,14)"},{"description":"Male","count":715,"tested":14907,"color":"rgb(31,119,180)"},{"description":"Unknown/Left Blank","count":25,"tested":477,"color":"rgb(44,160,44)"}]}
