{"age":[{"age_group":"<20","count":620,"tested":4467},{"age_group":"20-29   ","count":811,"tested":7455},{"age_group":"30-39   ","count":763,"tested":7394},{"age_group":"40-49   ","count":787,"tested":7308},{"age_group":"50-59   ","count":704,"tested":7321},{"age_group":"60-69   ","count":514,"tested":6787},{"age_group":"70-79   ","count":268,"tested":3822},{"age_group":"80+","count":147,"tested":2169}],"race":[{"description":"Hispanic","count":1788,"tested":10915,"color":"rgb(214,39,40)"},{"description":"NH/PI*","count":8,"tested":77,"color":"rgb(127,127,127)"},{"description":"Left Blank","count":778,"tested":17008,"color":"rgb(44,160,44)"},{"description":"Other","count":212,"tested":2081,"color":"rgb(148,103,189)"},{"description":"Black","count":281,"tested":2664,"color":"rgb(255,127,14)"},{"description":"Asian","count":87,"tested":681,"color":"rgb(140,86,75)"},{"description":"White","count":1458,"tested":13285,"color":"rgb(31,119,180)"}],"gender":[{"description":"Female","count":2406,"tested":26399,"color":"rgb(255,127,14)"},{"description":"Male","count":2184,"tested":19419,"color":"rgb(31,119,180)"},{"description":"Unknown/Left Blank","count":24,"tested":917,"color":"rgb(44,160,44)"}]}
