{"age":[{"age_group":"<20","count":370,"tested":2559},{"age_group":"20-29   ","count":492,"tested":4625},{"age_group":"30-39   ","count":490,"tested":4829},{"age_group":"40-49   ","count":408,"tested":3944},{"age_group":"50-59   ","count":408,"tested":3832},{"age_group":"60-69   ","count":257,"tested":3165},{"age_group":"70-79   ","count":116,"tested":1599},{"age_group":"80+","count":107,"tested":2086}],"race":[{"description":"Hispanic","count":552,"tested":2329,"color":"rgb(214,39,40)"},{"description":"AI/AN**","count":16,"tested":20,"color":"rgb(31,119,180)"},{"description":"Left Blank","count":1073,"tested":15882,"color":"rgb(44,160,44)"},{"description":"NH/PI*","count":6,"tested":49,"color":"rgb(127,127,127)"},{"description":"Other","count":101,"tested":680,"color":"rgb(148,103,189)"},{"description":"White","count":564,"tested":4666,"color":"rgb(31,119,180)"},{"description":"Asian","count":247,"tested":2225,"color":"rgb(140,86,75)"},{"description":"Black","count":89,"tested":801,"color":"rgb(255,127,14)"}],"gender":[{"description":"Male","count":1283,"tested":10890,"color":"rgb(31,119,180)"},{"description":"Female","count":1342,"tested":15186,"color":"rgb(255,127,14)"},{"description":"Unknown/Left Blank","count":23,"tested":576,"color":"rgb(44,160,44)"}]}
