{"age":[{"age_group":"<20","count":224,"tested":2855},{"age_group":"20-29   ","count":237,"tested":4340},{"age_group":"30-39   ","count":197,"tested":2996},{"age_group":"40-49   ","count":266,"tested":3596},{"age_group":"50-59   ","count":253,"tested":3587},{"age_group":"60-69   ","count":123,"tested":2506},{"age_group":"70-79   ","count":76,"tested":1438},{"age_group":"80+","count":93,"tested":2552}],"race":[{"description":"Asian","count":116,"tested":1915,"color":"rgb(140,86,75)"},{"description":"Black","count":31,"tested":417,"color":"rgb(255,127,14)"},{"description":"Other","count":102,"tested":1009,"color":"rgb(148,103,189)"},{"description":"Left Blank","count":359,"tested":11237,"color":"rgb(44,160,44)"},{"description":"White","count":589,"tested":7772,"color":"rgb(31,119,180)"},{"description":"Hispanic","count":267,"tested":1342,"color":"rgb(214,39,40)"}],"gender":[{"description":"Female","count":755,"tested":13349,"color":"rgb(255,127,14)"},{"description":"Male","count":698,"tested":9944,"color":"rgb(31,119,180)"},{"description":"Unknown/Left Blank","count":18,"tested":597,"color":"rgb(44,160,44)"}]}
