{"age":[{"age_group":"<20","count":173,"tested":3827},{"age_group":"20-29   ","count":581,"tested":14941},{"age_group":"30-39   ","count":624,"tested":12443},{"age_group":"40-49   ","count":289,"tested":5107},{"age_group":"50-59   ","count":275,"tested":3210},{"age_group":"60-69   ","count":177,"tested":2177},{"age_group":"70-79   ","count":52,"tested":750},{"age_group":"80+","count":20,"tested":281}],"race":[{"description":"Asian","count":125,"tested":4774,"color":"rgb(140,86,75)"},{"description":"Black","count":406,"tested":4673,"color":"rgb(255,127,14)"},{"description":"Hispanic","count":208,"tested":2306,"color":"rgb(214,39,40)"},{"description":"White","count":731,"tested":12926,"color":"rgb(31,119,180)"},{"description":"Other","count":130,"tested":2702,"color":"rgb(148,103,189)"},{"description":"Left Blank","count":589,"tested":15260,"color":"rgb(44,160,44)"}],"gender":[{"description":"Female","count":964,"tested":20841,"color":"rgb(255,127,14)"},{"description":"Male","count":1107,"tested":19264,"color":"rgb(31,119,180)"},{"description":"Unknown/Left Blank","count":121,"tested":2642,"color":"rgb(44,160,44)"}]}
