{"age":[{"age_group":"<20","count":394,"tested":2142},{"age_group":"20-29   ","count":564,"tested":4082},{"age_group":"30-39   ","count":493,"tested":3223},{"age_group":"40-49   ","count":440,"tested":3370},{"age_group":"50-59   ","count":386,"tested":3360},{"age_group":"60-69   ","count":286,"tested":2663},{"age_group":"70-79   ","count":146,"tested":1794},{"age_group":"80+","count":76,"tested":1390}],"race":[{"description":"White","count":786,"tested":6086,"color":"rgb(31,119,180)"},{"description":"Left Blank","count":823,"tested":10436,"color":"rgb(44,160,44)"},{"description":"Hispanic","count":955,"tested":3672,"color":"rgb(214,39,40)"},{"description":"Other","count":122,"tested":924,"color":"rgb(148,103,189)"},{"description":"Asian","count":48,"tested":276,"color":"rgb(140,86,75)"},{"description":"Black","count":47,"tested":599,"color":"rgb(255,127,14)"}],"gender":[{"description":"Unknown/Left Blank","count":15,"tested":296,"color":"rgb(44,160,44)"},{"description":"Female","count":1468,"tested":12512,"color":"rgb(255,127,14)"},{"description":"Male","count":1302,"tested":9222,"color":"rgb(31,119,180)"}]}
