{"age":[{"age_group":"<20","count":769,"tested":4496},{"age_group":"20-29   ","count":838,"tested":6747},{"age_group":"30-39   ","count":762,"tested":5967},{"age_group":"40-49   ","count":829,"tested":6000},{"age_group":"50-59   ","count":678,"tested":5947},{"age_group":"60-69   ","count":400,"tested":4498},{"age_group":"70-79   ","count":185,"tested":1776},{"age_group":"80+","count":149,"tested":1302}],"race":[{"description":"Hispanic","count":1903,"tested":8242,"color":"rgb(214,39,40)"},{"description":"Asian","count":7,"tested":118,"color":"rgb(140,86,75)"},{"description":"Black","count":878,"tested":8446,"color":"rgb(255,127,14)"},{"description":"White","count":272,"tested":2647,"color":"rgb(31,119,180)"},{"description":"Left Blank","count":1396,"tested":15961,"color":"rgb(44,160,44)"},{"description":"Other","count":145,"tested":1207,"color":"rgb(148,103,189)"},{"description":"AI/AN**","count":10,"tested":24,"color":"rgb(31,119,180)"}],"gender":[{"description":"Female","count":2404,"tested":21051,"color":"rgb(255,127,14)"},{"description":"Male","count":2154,"tested":14902,"color":"rgb(31,119,180)"},{"description":"Unknown/Left Blank","count":53,"tested":794,"color":"rgb(44,160,44)"}]}
