{"age":[{"age_group":"<20","count":124,"tested":1170},{"age_group":"20-29   ","count":174,"tested":1670},{"age_group":"30-39   ","count":156,"tested":1564},{"age_group":"40-49   ","count":138,"tested":1383},{"age_group":"50-59   ","count":140,"tested":1739},{"age_group":"60-69   ","count":126,"tested":1614},{"age_group":"70-79   ","count":68,"tested":976},{"age_group":"80+","count":54,"tested":532}],"race":[{"description":"Hispanic","count":135,"tested":583,"color":"rgb(214,39,40)"},{"description":"Left Blank","count":222,"tested":6117,"color":"rgb(44,160,44)"},{"description":"White","count":533,"tested":3247,"color":"rgb(31,119,180)"},{"description":"Other","count":37,"tested":216,"color":"rgb(148,103,189)"},{"description":"Asian","count":40,"tested":374,"color":"rgb(140,86,75)"},{"description":"Black","count":11,"tested":109,"color":"rgb(255,127,14)"}],"gender":[{"description":"Female","count":489,"tested":6038,"color":"rgb(255,127,14)"},{"description":"Male","count":489,"tested":4386,"color":"rgb(31,119,180)"}]}
