{"lastUpdatedDate":{"year":2021,"month":4,"day":1},"county_demographics":[{"County":"Henderson","confirmed_cases":519,"total_tested":6791,"demographics":{"age":[{"race":[],"age_group":"<20","count":49,"tested":816,"deaths":0},{"race":[],"age_group":"20-29   ","count":60,"tested":718,"deaths":0},{"race":[],"age_group":"30-39   ","count":72,"tested":1045,"deaths":0},{"race":[],"age_group":"40-49   ","count":73,"tested":820,"deaths":0},{"race":[],"age_group":"50-59   ","count":92,"tested":987,"deaths":0},{"race":[],"age_group":"60-69   ","count":83,"tested":898,"deaths":0},{"race":[],"age_group":"70-79   ","count":35,"tested":746,"deaths":0},{"race":[],"age_group":"80+","count":44,"tested":760,"deaths":0},{"race":[],"age_group":"Unknown","count":0,"tested":0,"deaths":0}],"race":[{"description":"AI/AN**","count":0,"tested":0,"deaths":0,"color":"rgb(31,119,180)"},{"description":"Asian","count":0,"tested":0,"deaths":0,"color":"rgb(140,86,75)"},{"description":"Black","count":0,"tested":0,"deaths":0,"color":"rgb(255,127,14)"},{"description":"Hispanic","count":0,"tested":25,"deaths":0,"color":"rgb(214,39,40)"},{"description":"Left Blank","count":160,"tested":1983,"deaths":0,"color":"rgb(44,160,44)"},{"description":"Other","count":0,"tested":35,"deaths":0,"color":"rgb(148,103,189)"},{"description":"White","count":354,"tested":4742,"deaths":0,"color":"rgb(31,119,180)"}],"gender":[{"description":"Female","count":294,"tested":4670,"deaths":0,"color":"rgb(255,127,14)"},{"description":"Male","count":205,"tested":1916,"deaths":0,"color":"rgb(31,119,180)"},{"description":"Unknown/Left Blank","count":13,"tested":205,"deaths":0,"color":"rgb(44,160,44)"}]}}]}
