{"lastUpdatedDate":{"year":2021,"month":4,"day":1},"county_demographics":[{"County":"Knox","confirmed_cases":5139,"total_tested":98163,"demographics":{"age":[{"race":[],"age_group":"<20","count":612,"tested":9530,"deaths":0},{"race":[],"age_group":"20-29   ","count":779,"tested":19104,"deaths":0},{"race":[],"age_group":"30-39   ","count":752,"tested":16443,"deaths":0},{"race":[],"age_group":"40-49   ","count":767,"tested":15289,"deaths":0},{"race":[],"age_group":"50-59   ","count":754,"tested":13772,"deaths":0},{"race":[],"age_group":"60-69   ","count":657,"tested":9789,"deaths":0},{"race":[],"age_group":"70-79   ","count":432,"tested":5628,"deaths":0},{"race":[],"age_group":"80+","count":382,"tested":5578,"deaths":0},{"race":[],"age_group":"Unknown","count":0,"tested":3030,"deaths":0}],"race":[{"description":"AI/AN**","count":0,"tested":42,"deaths":0,"color":"rgb(31,119,180)"},{"description":"Asian","count":17,"tested":669,"deaths":0,"color":"rgb(140,86,75)"},{"description":"Black","count":444,"tested":2733,"deaths":0,"color":"rgb(255,127,14)"},{"description":"Hispanic","count":222,"tested":1516,"deaths":0,"color":"rgb(214,39,40)"},{"description":"Left Blank","count":944,"tested":64974,"deaths":0,"color":"rgb(44,160,44)"},{"description":"NH/PI*","count":0,"tested":44,"deaths":0,"color":"rgb(127,127,127)"},{"description":"Other","count":58,"tested":898,"deaths":0,"color":"rgb(148,103,189)"},{"description":"White","count":3448,"tested":27287,"deaths":0,"color":"rgb(31,119,180)"}],"gender":[{"description":"Female","count":2634,"tested":40997,"deaths":0,"color":"rgb(255,127,14)"},{"description":"Male","count":2315,"tested":38225,"deaths":0,"color":"rgb(31,119,180)"},{"description":"Unknown/Left Blank","count":190,"tested":18941,"deaths":0,"color":"rgb(44,160,44)"}]}}]}
