{"lastUpdatedDate":{"year":2021,"month":4,"day":1},"county_demographics":[{"County":"Douglas","confirmed_cases":2520,"total_tested":30930,"demographics":{"age":[{"race":[],"age_group":"<20","count":520,"tested":6379,"deaths":0},{"race":[],"age_group":"20-29   ","count":389,"tested":4722,"deaths":0},{"race":[],"age_group":"30-39   ","count":340,"tested":3925,"deaths":0},{"race":[],"age_group":"40-49   ","count":355,"tested":4068,"deaths":0},{"race":[],"age_group":"50-59   ","count":347,"tested":3464,"deaths":0},{"race":[],"age_group":"60-69   ","count":299,"tested":3800,"deaths":0},{"race":[],"age_group":"70-79   ","count":141,"tested":2155,"deaths":0},{"race":[],"age_group":"80+","count":126,"tested":2268,"deaths":0},{"race":[],"age_group":"Unknown","count":0,"tested":149,"deaths":0}],"race":[{"description":"AI/AN**","count":0,"tested":15,"deaths":0,"color":"rgb(31,119,180)"},{"description":"Asian","count":10,"tested":92,"deaths":0,"color":"rgb(140,86,75)"},{"description":"Black","count":7,"tested":176,"deaths":0,"color":"rgb(255,127,14)"},{"description":"Hispanic","count":311,"tested":1656,"deaths":0,"color":"rgb(214,39,40)"},{"description":"Left Blank","count":392,"tested":5738,"deaths":0,"color":"rgb(44,160,44)"},{"description":"NH/PI*","count":0,"tested":28,"deaths":0,"color":"rgb(127,127,127)"},{"description":"Other","count":69,"tested":741,"deaths":0,"color":"rgb(148,103,189)"},{"description":"White","count":1729,"tested":22484,"deaths":0,"color":"rgb(31,119,180)"}],"gender":[{"description":"Female","count":1262,"tested":18347,"deaths":0,"color":"rgb(255,127,14)"},{"description":"Male","count":1238,"tested":12349,"deaths":0,"color":"rgb(31,119,180)"},{"description":"Unknown/Left Blank","count":17,"tested":234,"deaths":0,"color":"rgb(44,160,44)"}]}}]}
