{"lastUpdatedDate":{"year":2021,"month":4,"day":1},"county_demographics":[{"County":"De Witt","confirmed_cases":1331,"total_tested":20556,"demographics":{"age":[{"race":[],"age_group":"<20","count":231,"tested":3555,"deaths":0},{"race":[],"age_group":"20-29   ","count":175,"tested":3333,"deaths":0},{"race":[],"age_group":"30-39   ","count":186,"tested":2764,"deaths":0},{"race":[],"age_group":"40-49   ","count":161,"tested":2583,"deaths":0},{"race":[],"age_group":"50-59   ","count":195,"tested":2853,"deaths":0},{"race":[],"age_group":"60-69   ","count":161,"tested":2421,"deaths":0},{"race":[],"age_group":"70-79   ","count":124,"tested":1549,"deaths":0},{"race":[],"age_group":"80+","count":96,"tested":1497,"deaths":0},{"race":[],"age_group":"Unknown","count":0,"tested":0,"deaths":0}],"race":[{"description":"AI/AN**","count":0,"tested":15,"deaths":0,"color":"rgb(31,119,180)"},{"description":"Asian","count":0,"tested":46,"deaths":0,"color":"rgb(140,86,75)"},{"description":"Black","count":6,"tested":101,"deaths":0,"color":"rgb(255,127,14)"},{"description":"Hispanic","count":17,"tested":168,"deaths":0,"color":"rgb(214,39,40)"},{"description":"Left Blank","count":323,"tested":9844,"deaths":0,"color":"rgb(44,160,44)"},{"description":"NH/PI*","count":0,"tested":8,"deaths":0,"color":"rgb(127,127,127)"},{"description":"Other","count":9,"tested":238,"deaths":0,"color":"rgb(148,103,189)"},{"description":"White","count":966,"tested":10136,"deaths":0,"color":"rgb(31,119,180)"}],"gender":[{"description":"Female","count":711,"tested":12643,"deaths":0,"color":"rgb(255,127,14)"},{"description":"Male","count":608,"tested":7467,"deaths":0,"color":"rgb(31,119,180)"},{"description":"Unknown/Left Blank","count":12,"tested":446,"deaths":0,"color":"rgb(44,160,44)"}]}}]}
