{"age":[{"age_group":"<20","count":197,"tested":2800},{"age_group":"20-29   ","count":186,"tested":2652},{"age_group":"30-39   ","count":171,"tested":2736},{"age_group":"40-49   ","count":188,"tested":2896},{"age_group":"50-59   ","count":203,"tested":3035},{"age_group":"60-69   ","count":126,"tested":2268},{"age_group":"70-79   ","count":52,"tested":1074},{"age_group":"80+","count":17,"tested":337}],"race":[{"description":"Hispanic","count":60,"tested":582,"color":"rgb(214,39,40)"},{"description":"AI/AN**","count":7,"tested":68,"color":"rgb(31,119,180)"},{"description":"Left Blank","count":364,"tested":8521,"color":"rgb(44,160,44)"},{"description":"Asian","count":148,"tested":2526,"color":"rgb(140,86,75)"},{"description":"White","count":480,"tested":5381,"color":"rgb(31,119,180)"},{"description":"Black","count":27,"tested":335,"color":"rgb(255,127,14)"},{"description":"Other","count":53,"tested":370,"color":"rgb(148,103,189)"}],"gender":[{"description":"Female","count":554,"tested":9504,"color":"rgb(255,127,14)"},{"description":"Male","count":582,"tested":8109,"color":"rgb(31,119,180)"}]}
