{"age":[{"age_group":"<20","count":454,"tested":4491},{"age_group":"20-29   ","count":464,"tested":4661},{"age_group":"30-39   ","count":352,"tested":3834},{"age_group":"40-49   ","count":396,"tested":3437},{"age_group":"50-59   ","count":493,"tested":5033},{"age_group":"60-69   ","count":298,"tested":3700},{"age_group":"70-79   ","count":128,"tested":2168},{"age_group":"80+","count":70,"tested":1873}],"race":[{"description":"Hispanic","count":102,"tested":750,"color":"rgb(214,39,40)"},{"description":"Left Blank","count":1032,"tested":13256,"color":"rgb(44,160,44)"},{"description":"White","count":1400,"tested":13818,"color":"rgb(31,119,180)"},{"description":"Black","count":31,"tested":315,"color":"rgb(255,127,14)"},{"description":"Asian","count":17,"tested":239,"color":"rgb(140,86,75)"},{"description":"Other","count":70,"tested":773,"color":"rgb(148,103,189)"}],"gender":[{"description":"Unknown/Left Blank","count":48,"tested":571,"color":"rgb(44,160,44)"},{"description":"Female","count":1285,"tested":15567,"color":"rgb(255,127,14)"},{"description":"Male","count":1323,"tested":13061,"color":"rgb(31,119,180)"}]}
