{"age":[{"age_group":"<20","count":132,"tested":1202},{"age_group":"20-29   ","count":127,"tested":1169},{"age_group":"30-39   ","count":108,"tested":1351},{"age_group":"40-49   ","count":114,"tested":1086},{"age_group":"50-59   ","count":132,"tested":1383},{"age_group":"60-69   ","count":68,"tested":1416},{"age_group":"70-79   ","count":50,"tested":612},{"age_group":"80+","count":48,"tested":459}],"race":[{"description":"Hispanic","count":18,"tested":169,"color":"rgb(214,39,40)"},{"description":"White","count":458,"tested":5302,"color":"rgb(31,119,180)"},{"description":"Left Blank","count":288,"tested":2994,"color":"rgb(44,160,44)"},{"description":"Other","count":12,"tested":129,"color":"rgb(148,103,189)"}],"gender":[{"description":"Male","count":350,"tested":3050,"color":"rgb(31,119,180)"},{"description":"Female","count":425,"tested":5424,"color":"rgb(255,127,14)"}]}
