{"age":[{"age_group":"<20","count":482,"tested":4600},{"age_group":"20-29   ","count":666,"tested":6270},{"age_group":"30-39   ","count":450,"tested":5288},{"age_group":"40-49   ","count":529,"tested":5779},{"age_group":"50-59   ","count":501,"tested":6880},{"age_group":"60-69   ","count":303,"tested":5292},{"age_group":"70-79   ","count":158,"tested":3408},{"age_group":"80+","count":136,"tested":3589}],"race":[{"description":"Left Blank","count":866,"tested":21280,"color":"rgb(44,160,44)"},{"description":"White","count":652,"tested":7821,"color":"rgb(31,119,180)"},{"description":"Asian","count":46,"tested":595,"color":"rgb(140,86,75)"},{"description":"Other","count":124,"tested":1548,"color":"rgb(148,103,189)"},{"description":"Hispanic","count":1468,"tested":8905,"color":"rgb(214,39,40)"},{"description":"Black","count":63,"tested":934,"color":"rgb(255,127,14)"}],"gender":[{"description":"Female","count":1657,"tested":24671,"color":"rgb(255,127,14)"},{"description":"Male","count":1547,"tested":16213,"color":"rgb(31,119,180)"},{"description":"Unknown/Left Blank","count":21,"tested":245,"color":"rgb(44,160,44)"}]}
