{"age":[{"age_group":"<20","count":348,"tested":2739},{"age_group":"20-29   ","count":455,"tested":4100},{"age_group":"30-39   ","count":431,"tested":4335},{"age_group":"40-49   ","count":382,"tested":3462},{"age_group":"50-59   ","count":367,"tested":3553},{"age_group":"60-69   ","count":239,"tested":3187},{"age_group":"70-79   ","count":110,"tested":1708},{"age_group":"80+","count":54,"tested":812}],"race":[{"description":"Other","count":81,"tested":793,"color":"rgb(148,103,189)"},{"description":"Black","count":316,"tested":3462,"color":"rgb(255,127,14)"},{"description":"White","count":637,"tested":6436,"color":"rgb(31,119,180)"},{"description":"Asian","count":30,"tested":264,"color":"rgb(140,86,75)"},{"description":"Left Blank","count":886,"tested":10399,"color":"rgb(44,160,44)"},{"description":"Hispanic","count":431,"tested":2489,"color":"rgb(214,39,40)"}],"gender":[{"description":"Male","count":1094,"tested":9907,"color":"rgb(31,119,180)"},{"description":"Unknown/Left Blank","count":19,"tested":359,"color":"rgb(44,160,44)"},{"description":"Female","count":1273,"tested":13636,"color":"rgb(255,127,14)"}]}
