{"age":[{"age_group":"<20","count":868,"tested":7081},{"age_group":"20-29   ","count":792,"tested":7403},{"age_group":"30-39   ","count":680,"tested":6067},{"age_group":"40-49   ","count":745,"tested":6131},{"age_group":"50-59   ","count":699,"tested":6250},{"age_group":"60-69   ","count":410,"tested":4785},{"age_group":"70-79   ","count":233,"tested":3641},{"age_group":"80+","count":155,"tested":4154}],"race":[{"description":"Other","count":57,"tested":589,"color":"rgb(148,103,189)"},{"description":"Left Blank","count":355,"tested":23267,"color":"rgb(44,160,44)"},{"description":"White","count":2149,"tested":15789,"color":"rgb(31,119,180)"},{"description":"Hispanic","count":1878,"tested":4865,"color":"rgb(214,39,40)"},{"description":"Asian","count":35,"tested":219,"color":"rgb(140,86,75)"},{"description":"Black","count":99,"tested":745,"color":"rgb(255,127,14)"},{"description":"AI/AN**","count":7,"tested":35,"color":"rgb(31,119,180)"}],"gender":[{"description":"Male","count":2143,"tested":17363,"color":"rgb(31,119,180)"},{"description":"Unknown/Left Blank","count":6,"tested":647,"color":"rgb(44,160,44)"},{"description":"Female","count":2433,"tested":27515,"color":"rgb(255,127,14)"}]}
