{"age":[{"age_group":"<20","count":33,"tested":444},{"age_group":"20-29   ","count":28,"tested":263},{"age_group":"30-39   ","count":30,"tested":253},{"age_group":"40-49   ","count":17,"tested":227},{"age_group":"50-59   ","count":31,"tested":255},{"age_group":"60-69   ","count":21,"tested":224},{"age_group":"70-79   ","count":14,"tested":177}],"race":[{"description":"Left Blank","count":31,"tested":472,"color":"rgb(44,160,44)"},{"description":"White","count":134,"tested":1286,"color":"rgb(31,119,180)"}],"gender":[{"description":"Female","count":99,"tested":1064,"color":"rgb(255,127,14)"},{"description":"Male","count":77,"tested":815,"color":"rgb(31,119,180)"}]}
