{"age":[{"age_group":"<20","count":117,"tested":1342},{"age_group":"20-29   ","count":127,"tested":1378},{"age_group":"30-39   ","count":137,"tested":1161},{"age_group":"40-49   ","count":133,"tested":1173},{"age_group":"50-59   ","count":188,"tested":1794},{"age_group":"60-69   ","count":107,"tested":1149},{"age_group":"70-79   ","count":49,"tested":725},{"age_group":"80+","count":17,"tested":280}],"race":[{"description":"Hispanic","count":33,"tested":269,"color":"rgb(214,39,40)"},{"description":"White","count":523,"tested":5189,"color":"rgb(31,119,180)"},{"description":"Other","count":40,"tested":297,"color":"rgb(148,103,189)"},{"description":"Left Blank","count":272,"tested":3085,"color":"rgb(44,160,44)"}],"gender":[{"description":"Male","count":430,"tested":4181,"color":"rgb(31,119,180)"},{"description":"Female","count":438,"tested":4787,"color":"rgb(255,127,14)"}]}
