{"age":[{"age_group":"<20","count":443,"tested":74315},{"age_group":"20-29   ","count":246,"tested":8560},{"age_group":"30-39   ","count":212,"tested":5948},{"age_group":"40-49   ","count":262,"tested":7049},{"age_group":"50-59   ","count":292,"tested":8622},{"age_group":"60-69   ","count":197,"tested":7472},{"age_group":"70-79   ","count":134,"tested":5064},{"age_group":"80+","count":174,"tested":8946}],"race":[{"description":"Left Blank","count":459,"tested":31779,"color":"rgb(44,160,44)"},{"description":"Hispanic","count":81,"tested":5293,"color":"rgb(214,39,40)"},{"description":"Other","count":146,"tested":5210,"color":"rgb(148,103,189)"},{"description":"White","count":1169,"tested":78553,"color":"rgb(31,119,180)"},{"description":"Black","count":29,"tested":1211,"color":"rgb(255,127,14)"},{"description":"Asian","count":72,"tested":3770,"color":"rgb(140,86,75)"}],"gender":[{"description":"Female","count":997,"tested":67237,"color":"rgb(255,127,14)"},{"description":"Male","count":938,"tested":58065,"color":"rgb(31,119,180)"},{"description":"Unknown/Left Blank","count":26,"tested":682,"color":"rgb(44,160,44)"}]}
