{"age":[{"age_group":"<20","count":10,"tested":201},{"age_group":"20-29   ","count":13,"tested":274},{"age_group":"30-39   ","count":17,"tested":210},{"age_group":"40-49   ","count":11,"tested":206},{"age_group":"50-59   ","count":12,"tested":143},{"age_group":"60-69   ","count":11,"tested":150},{"age_group":"70-79   ","count":8,"tested":80}],"race":[{"description":"White","count":32,"tested":512,"color":"rgb(31,119,180)"},{"description":"Left Blank","count":40,"tested":550,"color":"rgb(44,160,44)"},{"description":"Black","count":8,"tested":153,"color":"rgb(255,127,14)"}],"gender":[{"description":"Female","count":52,"tested":775,"color":"rgb(255,127,14)"},{"description":"Male","count":34,"tested":520,"color":"rgb(31,119,180)"}]}
