{"age":[{"age_group":"<20","count":54,"tested":479},{"age_group":"20-29   ","count":44,"tested":759},{"age_group":"30-39   ","count":48,"tested":761},{"age_group":"40-49   ","count":51,"tested":774},{"age_group":"50-59   ","count":67,"tested":1112},{"age_group":"60-69   ","count":51,"tested":1022},{"age_group":"70-79   ","count":36,"tested":772},{"age_group":"80+","count":28,"tested":443}],"race":[{"description":"Left Blank","count":108,"tested":2406,"color":"rgb(44,160,44)"},{"description":"Other","count":16,"tested":157,"color":"rgb(148,103,189)"},{"description":"White","count":43,"tested":543,"color":"rgb(31,119,180)"},{"description":"Black","count":207,"tested":2915,"color":"rgb(255,127,14)"}],"gender":[{"description":"Female","count":204,"tested":3615,"color":"rgb(255,127,14)"},{"description":"Male","count":171,"tested":2419,"color":"rgb(31,119,180)"}]}
