{"age":[{"age_group":"<20","count":41,"tested":331},{"age_group":"20-29   ","count":34,"tested":372},{"age_group":"30-39   ","count":24,"tested":315},{"age_group":"40-49   ","count":22,"tested":259},{"age_group":"50-59   ","count":31,"tested":488},{"age_group":"60-69   ","count":38,"tested":497},{"age_group":"70-79   ","count":20,"tested":317},{"age_group":"80+","count":7,"tested":114}],"race":[{"description":"Left Blank","count":16,"tested":358,"color":"rgb(44,160,44)"},{"description":"Hispanic","count":7,"tested":58,"color":"rgb(214,39,40)"},{"description":"White","count":182,"tested":2194,"color":"rgb(31,119,180)"},{"description":"Black","count":8,"tested":36,"color":"rgb(255,127,14)"}],"gender":[{"description":"Female","count":111,"tested":1718,"color":"rgb(255,127,14)"},{"description":"Male","count":104,"tested":942,"color":"rgb(31,119,180)"}]}
