{"age":[{"age_group":"<20","count":781,"tested":8090},{"age_group":"20-29   ","count":762,"tested":8100},{"age_group":"30-39   ","count":690,"tested":7548},{"age_group":"40-49   ","count":664,"tested":7009},{"age_group":"50-59   ","count":730,"tested":8785},{"age_group":"60-69   ","count":464,"tested":6260},{"age_group":"70-79   ","count":167,"tested":3381},{"age_group":"80+","count":188,"tested":3561}],"race":[{"description":"Asian","count":85,"tested":810,"color":"rgb(140,86,75)"},{"description":"Black","count":57,"tested":612,"color":"rgb(255,127,14)"},{"description":"Other","count":113,"tested":1146,"color":"rgb(148,103,189)"},{"description":"AI/AN**","count":7,"tested":87,"color":"rgb(31,119,180)"},{"description":"Hispanic","count":646,"tested":3288,"color":"rgb(214,39,40)"},{"description":"White","count":2522,"tested":26815,"color":"rgb(31,119,180)"},{"description":"Left Blank","count":1014,"tested":19904,"color":"rgb(44,160,44)"}],"gender":[{"description":"Female","count":2252,"tested":29537,"color":"rgb(255,127,14)"},{"description":"Male","count":2155,"tested":22560,"color":"rgb(31,119,180)"},{"description":"Unknown/Left Blank","count":40,"tested":643,"color":"rgb(44,160,44)"}]}
