{"age":[{"age_group":"<20","count":44,"tested":603},{"age_group":"20-29   ","count":30,"tested":329},{"age_group":"30-39   ","count":32,"tested":286},{"age_group":"40-49   ","count":30,"tested":365},{"age_group":"50-59   ","count":33,"tested":349},{"age_group":"60-69   ","count":16,"tested":293},{"age_group":"70-79   ","count":9,"tested":229},{"age_group":"80+","count":8,"tested":144}],"race":[{"description":"Left Blank","count":8,"tested":297,"color":"rgb(44,160,44)"},{"description":"White","count":183,"tested":2112,"color":"rgb(31,119,180)"}],"gender":[{"description":"Female","count":111,"tested":1339,"color":"rgb(255,127,14)"},{"description":"Male","count":91,"tested":1195,"color":"rgb(31,119,180)"}]}
