{"age":[{"age_group":"20-29   ","count":8,"tested":170},{"age_group":"40-49   ","count":11,"tested":192},{"age_group":"50-59   ","count":7,"tested":161},{"age_group":"70-79   ","count":8,"tested":59}],"race":[{"description":"Left Blank","count":13,"tested":335,"color":"rgb(44,160,44)"},{"description":"White","count":26,"tested":457,"color":"rgb(31,119,180)"}],"gender":[{"description":"Female","count":23,"tested":598,"color":"rgb(255,127,14)"},{"description":"Male","count":22,"tested":239,"color":"rgb(31,119,180)"}]}
