{"age":[{"age_group":"<20","count":488,"tested":6599},{"age_group":"20-29   ","count":532,"tested":6987},{"age_group":"30-39   ","count":406,"tested":6756},{"age_group":"40-49   ","count":379,"tested":5376},{"age_group":"50-59   ","count":493,"tested":7555},{"age_group":"60-69   ","count":271,"tested":5204},{"age_group":"70-79   ","count":135,"tested":2919},{"age_group":"80+","count":83,"tested":1691}],"race":[{"description":"Black","count":102,"tested":1398,"color":"rgb(255,127,14)"},{"description":"Hispanic","count":401,"tested":3558,"color":"rgb(214,39,40)"},{"description":"Asian","count":63,"tested":1493,"color":"rgb(140,86,75)"},{"description":"White","count":1399,"tested":22794,"color":"rgb(31,119,180)"},{"description":"Other","count":146,"tested":1553,"color":"rgb(148,103,189)"},{"description":"Left Blank","count":667,"tested":12098,"color":"rgb(44,160,44)"}],"gender":[{"description":"Female","count":1377,"tested":24056,"color":"rgb(255,127,14)"},{"description":"Male","count":1379,"tested":18618,"color":"rgb(31,119,180)"},{"description":"Unknown/Left Blank","count":32,"tested":414,"color":"rgb(44,160,44)"}]}
