{"age":[{"age_group":"<20","count":35,"tested":482},{"age_group":"20-29   ","count":20,"tested":661},{"age_group":"30-39   ","count":25,"tested":391},{"age_group":"40-49   ","count":30,"tested":589},{"age_group":"50-59   ","count":50,"tested":740},{"age_group":"60-69   ","count":30,"tested":776},{"age_group":"70-79   ","count":25,"tested":338},{"age_group":"80+","count":23,"tested":1024}],"race":[{"description":"Left Blank","count":86,"tested":3812,"color":"rgb(44,160,44)"},{"description":"White","count":146,"tested":1148,"color":"rgb(31,119,180)"}],"gender":[{"description":"Male","count":100,"tested":1495,"color":"rgb(31,119,180)"},{"description":"Female","count":136,"tested":3338,"color":"rgb(255,127,14)"}]}
