{"age":[{"age_group":"<20","count":458,"tested":5641},{"age_group":"20-29   ","count":156,"tested":2156},{"age_group":"30-39   ","count":137,"tested":1784},{"age_group":"40-49   ","count":193,"tested":2233},{"age_group":"50-59   ","count":235,"tested":2846},{"age_group":"60-69   ","count":86,"tested":2281},{"age_group":"70-79   ","count":42,"tested":1191},{"age_group":"80+","count":19,"tested":653}],"race":[{"description":"Left Blank","count":561,"tested":8397,"color":"rgb(44,160,44)"},{"description":"Other","count":41,"tested":643,"color":"rgb(148,103,189)"},{"description":"White","count":693,"tested":9169,"color":"rgb(31,119,180)"},{"description":"Hispanic","count":22,"tested":321,"color":"rgb(214,39,40)"}],"gender":[{"description":"Male","count":669,"tested":8829,"color":"rgb(31,119,180)"},{"description":"Female","count":610,"tested":9671,"color":"rgb(255,127,14)"}]}
