{"age":[{"age_group":"<20","count":208,"tested":1611},{"age_group":"20-29   ","count":271,"tested":3002},{"age_group":"30-39   ","count":242,"tested":2754},{"age_group":"40-49   ","count":214,"tested":2435},{"age_group":"50-59   ","count":199,"tested":2682},{"age_group":"60-69   ","count":158,"tested":2247},{"age_group":"70-79   ","count":64,"tested":1238},{"age_group":"80+","count":39,"tested":541}],"race":[{"description":"White","count":534,"tested":5007,"color":"rgb(31,119,180)"},{"description":"Asian","count":31,"tested":440,"color":"rgb(140,86,75)"},{"description":"Hispanic","count":169,"tested":936,"color":"rgb(214,39,40)"},{"description":"Left Blank","count":528,"tested":8929,"color":"rgb(44,160,44)"},{"description":"Other","count":91,"tested":783,"color":"rgb(148,103,189)"},{"description":"Black","count":41,"tested":393,"color":"rgb(255,127,14)"}],"gender":[{"description":"Male","count":681,"tested":6954,"color":"rgb(31,119,180)"},{"description":"Female","count":710,"tested":8890,"color":"rgb(255,127,14)"}]}
