{"age":[{"age_group":"<20","count":140,"tested":1908},{"age_group":"20-29   ","count":117,"tested":1904},{"age_group":"30-39   ","count":110,"tested":1536},{"age_group":"40-49   ","count":153,"tested":2124},{"age_group":"50-59   ","count":135,"tested":2580},{"age_group":"60-69   ","count":93,"tested":1849},{"age_group":"70-79   ","count":35,"tested":1130},{"age_group":"80+","count":41,"tested":1139}],"race":[{"description":"Left Blank","count":273,"tested":6435,"color":"rgb(44,160,44)"},{"description":"White","count":128,"tested":2322,"color":"rgb(31,119,180)"},{"description":"Other","count":15,"tested":334,"color":"rgb(148,103,189)"},{"description":"Hispanic","count":24,"tested":232,"color":"rgb(214,39,40)"},{"description":"Black","count":378,"tested":4730,"color":"rgb(255,127,14)"}],"gender":[{"description":"Male","count":384,"tested":5839,"color":"rgb(31,119,180)"},{"description":"Female","count":436,"tested":8193,"color":"rgb(255,127,14)"}]}
