{"age":[{"age_group":"<20","count":879,"tested":10253},{"age_group":"20-29   ","count":498,"tested":7726},{"age_group":"30-39   ","count":490,"tested":7594},{"age_group":"40-49   ","count":488,"tested":6669},{"age_group":"50-59   ","count":540,"tested":7710},{"age_group":"60-69   ","count":327,"tested":6017},{"age_group":"70-79   ","count":152,"tested":3191},{"age_group":"80+","count":117,"tested":3504}],"race":[{"description":"Black","count":79,"tested":849,"color":"rgb(255,127,14)"},{"description":"Asian","count":195,"tested":1607,"color":"rgb(140,86,75)"},{"description":"Hispanic","count":275,"tested":1641,"color":"rgb(214,39,40)"},{"description":"Left Blank","count":584,"tested":24873,"color":"rgb(44,160,44)"},{"description":"Other","count":101,"tested":1421,"color":"rgb(148,103,189)"},{"description":"White","count":2245,"tested":22195,"color":"rgb(31,119,180)"},{"description":"NH/PI*","count":6,"tested":38,"color":"rgb(127,127,127)"},{"description":"AI/AN**","count":6,"tested":50,"color":"rgb(31,119,180)"}],"gender":[{"description":"Male","count":1722,"tested":23348,"color":"rgb(31,119,180)"},{"description":"Unknown/Left Blank","count":20,"tested":635,"color":"rgb(44,160,44)"},{"description":"Female","count":1749,"tested":28691,"color":"rgb(255,127,14)"}]}
