{"age":[{"age_group":"<20","count":581,"tested":7278},{"age_group":"20-29   ","count":333,"tested":4837},{"age_group":"30-39   ","count":300,"tested":4740},{"age_group":"40-49   ","count":366,"tested":4433},{"age_group":"50-59   ","count":371,"tested":4870},{"age_group":"60-69   ","count":241,"tested":5001},{"age_group":"70-79   ","count":102,"tested":3154},{"age_group":"80+","count":118,"tested":4810}],"race":[{"description":"Black","count":65,"tested":684,"color":"rgb(255,127,14)"},{"description":"Asian","count":54,"tested":1087,"color":"rgb(140,86,75)"},{"description":"White","count":1625,"tested":20357,"color":"rgb(31,119,180)"},{"description":"Hispanic","count":161,"tested":874,"color":"rgb(214,39,40)"},{"description":"Other","count":41,"tested":1494,"color":"rgb(148,103,189)"},{"description":"Left Blank","count":465,"tested":14600,"color":"rgb(44,160,44)"}],"gender":[{"description":"Female","count":1205,"tested":22151,"color":"rgb(255,127,14)"},{"description":"Male","count":1159,"tested":16350,"color":"rgb(31,119,180)"},{"description":"Unknown/Left Blank","count":48,"tested":628,"color":"rgb(44,160,44)"}]}
