{"age":[{"age_group":"<20","count":373,"tested":8629},{"age_group":"20-29   ","count":364,"tested":8689},{"age_group":"30-39   ","count":316,"tested":8564},{"age_group":"40-49   ","count":312,"tested":8288},{"age_group":"50-59   ","count":292,"tested":8422},{"age_group":"60-69   ","count":202,"tested":6464},{"age_group":"70-79   ","count":133,"tested":4639},{"age_group":"80+","count":110,"tested":3514}],"race":[{"description":"Other","count":111,"tested":2538,"color":"rgb(148,103,189)"},{"description":"Left Blank","count":420,"tested":21844,"color":"rgb(44,160,44)"},{"description":"Black","count":487,"tested":6998,"color":"rgb(255,127,14)"},{"description":"Asian","count":50,"tested":1832,"color":"rgb(140,86,75)"},{"description":"Hispanic","count":187,"tested":2499,"color":"rgb(214,39,40)"},{"description":"White","count":844,"tested":21451,"color":"rgb(31,119,180)"}],"gender":[{"description":"Male","count":961,"tested":23381,"color":"rgb(31,119,180)"},{"description":"Unknown/Left Blank","count":39,"tested":1486,"color":"rgb(44,160,44)"},{"description":"Female","count":1102,"tested":32365,"color":"rgb(255,127,14)"}]}
