{"age":[{"age_group":"<20","count":360,"tested":4040},{"age_group":"20-29   ","count":473,"tested":5088},{"age_group":"30-39   ","count":258,"tested":3137},{"age_group":"40-49   ","count":336,"tested":3788},{"age_group":"50-59   ","count":463,"tested":4998},{"age_group":"60-69   ","count":354,"tested":4436},{"age_group":"70-79   ","count":169,"tested":3449},{"age_group":"80+","count":166,"tested":5904}],"race":[{"description":"Black","count":49,"tested":627,"color":"rgb(255,127,14)"},{"description":"White","count":1317,"tested":14472,"color":"rgb(31,119,180)"},{"description":"Hispanic","count":93,"tested":879,"color":"rgb(214,39,40)"},{"description":"Asian","count":78,"tested":1004,"color":"rgb(140,86,75)"},{"description":"Left Blank","count":926,"tested":16534,"color":"rgb(44,160,44)"},{"description":"Other","count":110,"tested":1288,"color":"rgb(148,103,189)"}],"gender":[{"description":"Male","count":1217,"tested":14636,"color":"rgb(31,119,180)"},{"description":"Female","count":1345,"tested":19385,"color":"rgb(255,127,14)"}]}
