{"age":[{"age_group":"<20","count":25,"tested":215},{"age_group":"20-29   ","count":20,"tested":128},{"age_group":"30-39   ","count":30,"tested":168},{"age_group":"40-49   ","count":17,"tested":92},{"age_group":"50-59   ","count":33,"tested":184},{"age_group":"60-69   ","count":29,"tested":173},{"age_group":"70-79   ","count":12,"tested":98}],"race":[{"description":"Left Blank","count":28,"tested":311,"color":"rgb(44,160,44)"},{"description":"White","count":137,"tested":739,"color":"rgb(31,119,180)"}],"gender":[{"description":"Female","count":87,"tested":566,"color":"rgb(255,127,14)"},{"description":"Male","count":79,"tested":528,"color":"rgb(31,119,180)"}]}
