{"age":[{"age_group":"<20","count":111,"tested":727},{"age_group":"20-29   ","count":157,"tested":1027},{"age_group":"30-39   ","count":123,"tested":836},{"age_group":"40-49   ","count":132,"tested":586},{"age_group":"50-59   ","count":86,"tested":614},{"age_group":"60-69   ","count":65,"tested":425},{"age_group":"70-79   ","count":25,"tested":143},{"age_group":"80+","count":8,"tested":64}],"race":[{"description":"Black","count":16,"tested":113,"color":"rgb(255,127,14)"},{"description":"Other","count":41,"tested":304,"color":"rgb(148,103,189)"},{"description":"Hispanic","count":367,"tested":1624,"color":"rgb(214,39,40)"},{"description":"Left Blank","count":194,"tested":1709,"color":"rgb(44,160,44)"},{"description":"White","count":81,"tested":635,"color":"rgb(31,119,180)"}],"gender":[{"description":"Female","count":344,"tested":2357,"color":"rgb(255,127,14)"},{"description":"Male","count":354,"tested":1999,"color":"rgb(31,119,180)"}]}
