{"age":[{"age_group":"<20","count":23,"tested":161},{"age_group":"20-29   ","count":18,"tested":183},{"age_group":"30-39   ","count":21,"tested":174},{"age_group":"40-49   ","count":17,"tested":106},{"age_group":"50-59   ","count":22,"tested":142},{"age_group":"60-69   ","count":16,"tested":141},{"age_group":"70-79   ","count":10,"tested":89}],"race":[{"description":"White","count":103,"tested":479,"color":"rgb(31,119,180)"},{"description":"Left Blank","count":7,"tested":481,"color":"rgb(44,160,44)"},{"description":"Hispanic","count":18,"tested":31,"color":"rgb(214,39,40)"}],"gender":[{"description":"Male","count":58,"tested":461,"color":"rgb(31,119,180)"},{"description":"Female","count":74,"tested":573,"color":"rgb(255,127,14)"}]}
