{"age":[{"age_group":"<20","count":232,"tested":5042},{"age_group":"20-29   ","count":263,"tested":3455},{"age_group":"30-39   ","count":255,"tested":3062},{"age_group":"40-49   ","count":282,"tested":2435},{"age_group":"50-59   ","count":207,"tested":2659},{"age_group":"60-69   ","count":164,"tested":2686},{"age_group":"70-79   ","count":75,"tested":1649},{"age_group":"80+","count":59,"tested":3902}],"race":[{"description":"Left Blank","count":314,"tested":10611,"color":"rgb(44,160,44)"},{"description":"White","count":550,"tested":7580,"color":"rgb(31,119,180)"},{"description":"Asian","count":61,"tested":988,"color":"rgb(140,86,75)"},{"description":"Hispanic","count":504,"tested":4821,"color":"rgb(214,39,40)"},{"description":"Other","count":86,"tested":688,"color":"rgb(148,103,189)"},{"description":"Black","count":19,"tested":200,"color":"rgb(255,127,14)"}],"gender":[{"description":"Female","count":744,"tested":14340,"color":"rgb(255,127,14)"},{"description":"Male","count":777,"tested":9836,"color":"rgb(31,119,180)"},{"description":"Unknown/Left Blank","count":16,"tested":740,"color":"rgb(44,160,44)"}]}
