{"age":[{"age_group":"<20","count":9,"tested":99},{"age_group":"40-49   ","count":6,"tested":85},{"age_group":"50-59   ","count":7,"tested":95},{"age_group":"60-69   ","count":8,"tested":68}],"race":[{"description":"White","count":36,"tested":304,"color":"rgb(31,119,180)"},{"description":"Left Blank","count":13,"tested":180,"color":"rgb(44,160,44)"}],"gender":[{"description":"Female","count":25,"tested":309,"color":"rgb(255,127,14)"},{"description":"Male","count":24,"tested":206,"color":"rgb(31,119,180)"}]}
