{"age":[{"age_group":"<20","count":159,"tested":1043},{"age_group":"20-29   ","count":188,"tested":1802},{"age_group":"30-39   ","count":173,"tested":1651},{"age_group":"40-49   ","count":139,"tested":1440},{"age_group":"50-59   ","count":145,"tested":1485},{"age_group":"60-69   ","count":100,"tested":1557},{"age_group":"70-79   ","count":47,"tested":561},{"age_group":"80+","count":21,"tested":283}],"race":[{"description":"Black","count":28,"tested":305,"color":"rgb(255,127,14)"},{"description":"Asian","count":25,"tested":282,"color":"rgb(140,86,75)"},{"description":"Other","count":56,"tested":419,"color":"rgb(148,103,189)"},{"description":"Left Blank","count":377,"tested":4464,"color":"rgb(44,160,44)"},{"description":"White","count":371,"tested":3609,"color":"rgb(31,119,180)"},{"description":"Hispanic","count":112,"tested":722,"color":"rgb(214,39,40)"}],"gender":[{"description":"Female","count":547,"tested":5401,"color":"rgb(255,127,14)"},{"description":"Male","count":423,"tested":4249,"color":"rgb(31,119,180)"}]}
