{"age":[{"age_group":"<20","count":8,"tested":80},{"age_group":"50-59   ","count":10,"tested":681},{"age_group":"60-69   ","count":6,"tested":958}],"race":[{"description":"Left Blank","count":10,"tested":2283,"color":"rgb(44,160,44)"},{"description":"Hispanic","count":12,"tested":142,"color":"rgb(214,39,40)"},{"description":"Black","count":13,"tested":260,"color":"rgb(255,127,14)"}],"gender":[{"description":"Female","count":23,"tested":1342,"color":"rgb(255,127,14)"},{"description":"Male","count":18,"tested":1432,"color":"rgb(31,119,180)"}]}
