{"age":[{"age_group":"<20","count":31,"tested":332},{"age_group":"20-29   ","count":23,"tested":339},{"age_group":"30-39   ","count":22,"tested":443},{"age_group":"40-49   ","count":34,"tested":273},{"age_group":"50-59   ","count":21,"tested":435},{"age_group":"60-69   ","count":25,"tested":487},{"age_group":"70-79   ","count":9,"tested":176}],"race":[{"description":"White","count":131,"tested":1652,"color":"rgb(31,119,180)"},{"description":"Left Blank","count":28,"tested":807,"color":"rgb(44,160,44)"}],"gender":[{"description":"Female","count":96,"tested":1735,"color":"rgb(255,127,14)"},{"description":"Male","count":70,"tested":747,"color":"rgb(31,119,180)"}]}
