{"age":[{"age_group":"<20","count":18,"tested":120},{"age_group":"20-29   ","count":7,"tested":93},{"age_group":"30-39   ","count":12,"tested":58},{"age_group":"40-49   ","count":14,"tested":71},{"age_group":"50-59   ","count":8,"tested":105},{"age_group":"60-69   ","count":6,"tested":80},{"age_group":"70-79   ","count":8,"tested":94}],"race":[{"description":"Left Blank","count":6,"tested":180,"color":"rgb(44,160,44)"},{"description":"White","count":67,"tested":408,"color":"rgb(31,119,180)"}],"gender":[{"description":"Female","count":37,"tested":388,"color":"rgb(255,127,14)"},{"description":"Male","count":37,"tested":237,"color":"rgb(31,119,180)"}]}
