{"age":[{"age_group":"<20","count":767,"tested":10003},{"age_group":"20-29   ","count":465,"tested":7307},{"age_group":"30-39   ","count":364,"tested":7480},{"age_group":"40-49   ","count":519,"tested":8374},{"age_group":"50-59   ","count":574,"tested":9588},{"age_group":"60-69   ","count":360,"tested":6962},{"age_group":"70-79   ","count":212,"tested":5191},{"age_group":"80+","count":253,"tested":8782}],"race":[{"description":"Black","count":42,"tested":476,"color":"rgb(255,127,14)"},{"description":"AI/AN**","count":7,"tested":89,"color":"rgb(31,119,180)"},{"description":"Other","count":159,"tested":1475,"color":"rgb(148,103,189)"},{"description":"Asian","count":145,"tested":2979,"color":"rgb(140,86,75)"},{"description":"Left Blank","count":875,"tested":30120,"color":"rgb(44,160,44)"},{"description":"White","count":2032,"tested":26647,"color":"rgb(31,119,180)"},{"description":"Hispanic","count":251,"tested":1859,"color":"rgb(214,39,40)"}],"gender":[{"description":"Male","count":1718,"tested":25466,"color":"rgb(31,119,180)"},{"description":"Unknown/Left Blank","count":39,"tested":1029,"color":"rgb(44,160,44)"},{"description":"Female","count":1757,"tested":37205,"color":"rgb(255,127,14)"}]}
