{"age":[{"age_group":"<20","count":326,"tested":9392},{"age_group":"20-29   ","count":287,"tested":6104},{"age_group":"30-39   ","count":256,"tested":4348},{"age_group":"40-49   ","count":337,"tested":5186},{"age_group":"50-59   ","count":315,"tested":5382},{"age_group":"60-69   ","count":144,"tested":3607},{"age_group":"70-79   ","count":90,"tested":2048},{"age_group":"80+","count":100,"tested":3167}],"race":[{"description":"Asian","count":167,"tested":4372,"color":"rgb(140,86,75)"},{"description":"Black","count":39,"tested":753,"color":"rgb(255,127,14)"},{"description":"Other","count":125,"tested":1366,"color":"rgb(148,103,189)"},{"description":"White","count":801,"tested":15045,"color":"rgb(31,119,180)"},{"description":"Left Blank","count":380,"tested":14828,"color":"rgb(44,160,44)"},{"description":"Hispanic","count":334,"tested":2585,"color":"rgb(214,39,40)"}],"gender":[{"description":"Female","count":949,"tested":21826,"color":"rgb(255,127,14)"},{"description":"Male","count":886,"tested":16709,"color":"rgb(31,119,180)"},{"description":"Unknown/Left Blank","count":22,"tested":731,"color":"rgb(44,160,44)"}]}
