{"age":[{"age_group":"<20","count":605,"tested":13823},{"age_group":"20-29   ","count":751,"tested":10418},{"age_group":"30-39   ","count":703,"tested":10214},{"age_group":"40-49   ","count":664,"tested":8706},{"age_group":"50-59   ","count":660,"tested":9207},{"age_group":"60-69   ","count":480,"tested":8604},{"age_group":"70-79   ","count":192,"tested":4482},{"age_group":"80+","count":235,"tested":7960}],"race":[{"description":"Black","count":58,"tested":956,"color":"rgb(255,127,14)"},{"description":"Asian","count":266,"tested":4552,"color":"rgb(140,86,75)"},{"description":"Hispanic","count":1543,"tested":15404,"color":"rgb(214,39,40)"},{"description":"White","count":1233,"tested":15647,"color":"rgb(31,119,180)"},{"description":"Other","count":231,"tested":2005,"color":"rgb(148,103,189)"},{"description":"Left Blank","count":945,"tested":34784,"color":"rgb(44,160,44)"},{"description":"AI/AN**","count":9,"tested":101,"color":"rgb(31,119,180)"}],"gender":[{"description":"Unknown/Left Blank","count":29,"tested":1314,"color":"rgb(44,160,44)"},{"description":"Male","count":2067,"tested":28637,"color":"rgb(31,119,180)"},{"description":"Female","count":2194,"tested":43561,"color":"rgb(255,127,14)"}]}
