{"age":[{"age_group":"<20","count":185,"tested":1771},{"age_group":"20-29   ","count":166,"tested":1899},{"age_group":"30-39   ","count":207,"tested":1839},{"age_group":"40-49   ","count":180,"tested":1671},{"age_group":"50-59   ","count":203,"tested":1743},{"age_group":"60-69   ","count":132,"tested":1621},{"age_group":"70-79   ","count":60,"tested":1033},{"age_group":"80+","count":39,"tested":796}],"race":[{"description":"White","count":654,"tested":6505,"color":"rgb(31,119,180)"},{"description":"Hispanic","count":226,"tested":959,"color":"rgb(214,39,40)"},{"description":"Left Blank","count":264,"tested":4534,"color":"rgb(44,160,44)"},{"description":"Other","count":16,"tested":216,"color":"rgb(148,103,189)"}],"gender":[{"description":"Female","count":622,"tested":7317,"color":"rgb(255,127,14)"},{"description":"Male","count":546,"tested":4913,"color":"rgb(31,119,180)"}]}
