{"age":[{"age_group":"<20","count":2363,"tested":14815},{"age_group":"20-29   ","count":2760,"tested":23015},{"age_group":"30-39   ","count":2438,"tested":16794},{"age_group":"40-49   ","count":2364,"tested":14993},{"age_group":"50-59   ","count":1905,"tested":12910},{"age_group":"60-69   ","count":989,"tested":8872},{"age_group":"70-79   ","count":388,"tested":4061},{"age_group":"80+","count":208,"tested":2006}],"race":[{"description":"Other","count":517,"tested":5239,"color":"rgb(148,103,189)"},{"description":"Left Blank","count":2533,"tested":38950,"color":"rgb(44,160,44)"},{"description":"Asian","count":126,"tested":1781,"color":"rgb(140,86,75)"},{"description":"White","count":685,"tested":7816,"color":"rgb(31,119,180)"},{"description":"Hispanic","count":9360,"tested":41755,"color":"rgb(214,39,40)"},{"description":"Black","count":183,"tested":1798,"color":"rgb(255,127,14)"},{"description":"AI/AN**","count":9,"tested":83,"color":"rgb(31,119,180)"}],"gender":[{"description":"Unknown/Left Blank","count":107,"tested":1298,"color":"rgb(44,160,44)"},{"description":"Male","count":6476,"tested":43633,"color":"rgb(31,119,180)"},{"description":"Female","count":6832,"tested":52559,"color":"rgb(255,127,14)"}]}
