{"age":[{"age_group":"<20","count":183,"tested":1905},{"age_group":"20-29   ","count":128,"tested":2256},{"age_group":"30-39   ","count":105,"tested":1602},{"age_group":"40-49   ","count":142,"tested":2123},{"age_group":"50-59   ","count":168,"tested":2246},{"age_group":"60-69   ","count":103,"tested":1914},{"age_group":"70-79   ","count":66,"tested":1496},{"age_group":"80+","count":132,"tested":3065}],"race":[{"description":"Hispanic","count":37,"tested":205,"color":"rgb(214,39,40)"},{"description":"White","count":680,"tested":6940,"color":"rgb(31,119,180)"},{"description":"Left Blank","count":263,"tested":9002,"color":"rgb(44,160,44)"},{"description":"Asian","count":19,"tested":197,"color":"rgb(140,86,75)"},{"description":"Other","count":22,"tested":169,"color":"rgb(148,103,189)"}],"gender":[{"description":"Female","count":544,"tested":10248,"color":"rgb(255,127,14)"},{"description":"Unknown/Left Blank","count":11,"tested":528,"color":"rgb(44,160,44)"},{"description":"Male","count":472,"tested":5831,"color":"rgb(31,119,180)"}]}
