{"age":[{"age_group":"<20","count":52,"tested":631},{"age_group":"20-29   ","count":53,"tested":534},{"age_group":"30-39   ","count":59,"tested":474},{"age_group":"40-49   ","count":39,"tested":262},{"age_group":"50-59   ","count":43,"tested":342},{"age_group":"60-69   ","count":30,"tested":323},{"age_group":"70-79   ","count":11,"tested":149},{"age_group":"80+","count":12,"tested":100}],"race":[{"description":"Other","count":15,"tested":94,"color":"rgb(148,103,189)"},{"description":"Hispanic","count":11,"tested":51,"color":"rgb(214,39,40)"},{"description":"Left Blank","count":71,"tested":929,"color":"rgb(44,160,44)"},{"description":"White","count":200,"tested":1704,"color":"rgb(31,119,180)"}],"gender":[{"description":"Female","count":166,"tested":1558,"color":"rgb(255,127,14)"},{"description":"Male","count":132,"tested":1169,"color":"rgb(31,119,180)"}]}
