{"age":[{"age_group":"<20","count":1303,"tested":9391},{"age_group":"20-29   ","count":1395,"tested":12681},{"age_group":"30-39   ","count":1474,"tested":12324},{"age_group":"40-49   ","count":1501,"tested":11197},{"age_group":"50-59   ","count":1091,"tested":10038},{"age_group":"60-69   ","count":691,"tested":7296},{"age_group":"70-79   ","count":338,"tested":3677},{"age_group":"80+","count":196,"tested":2298}],"race":[{"description":"Other","count":420,"tested":3981,"color":"rgb(148,103,189)"},{"description":"White","count":1940,"tested":19142,"color":"rgb(31,119,180)"},{"description":"Asian","count":38,"tested":352,"color":"rgb(140,86,75)"},{"description":"Black","count":200,"tested":1900,"color":"rgb(255,127,14)"},{"description":"Left Blank","count":1900,"tested":22500,"color":"rgb(44,160,44)"},{"description":"Hispanic","count":3477,"tested":20951,"color":"rgb(214,39,40)"},{"description":"AI/AN**","count":8,"tested":66,"color":"rgb(31,119,180)"}],"gender":[{"description":"Male","count":3865,"tested":30967,"color":"rgb(31,119,180)"},{"description":"Female","count":4061,"tested":36578,"color":"rgb(255,127,14)"},{"description":"Unknown/Left Blank","count":63,"tested":1373,"color":"rgb(44,160,44)"}]}
