{"age":[{"age_group":"<20","count":501,"tested":11350},{"age_group":"20-29   ","count":380,"tested":6686},{"age_group":"30-39   ","count":425,"tested":6598},{"age_group":"40-49   ","count":475,"tested":7065},{"age_group":"50-59   ","count":454,"tested":7615},{"age_group":"60-69   ","count":397,"tested":7394},{"age_group":"70-79   ","count":163,"tested":4426},{"age_group":"80+","count":176,"tested":5393}],"race":[{"description":"Other","count":180,"tested":2164,"color":"rgb(148,103,189)"},{"description":"Left Blank","count":586,"tested":13955,"color":"rgb(44,160,44)"},{"description":"White","count":1568,"tested":29307,"color":"rgb(31,119,180)"},{"description":"Asian","count":317,"tested":6311,"color":"rgb(140,86,75)"},{"description":"Hispanic","count":284,"tested":3723,"color":"rgb(214,39,40)"},{"description":"Black","count":25,"tested":901,"color":"rgb(255,127,14)"}],"gender":[{"description":"Female","count":1519,"tested":32336,"color":"rgb(255,127,14)"},{"description":"Unknown/Left Blank","count":20,"tested":398,"color":"rgb(44,160,44)"},{"description":"Male","count":1433,"tested":23804,"color":"rgb(31,119,180)"}]}
