{"age":[{"age_group":"<20","count":25,"tested":516},{"age_group":"20-29   ","count":373,"tested":7388},{"age_group":"30-39   ","count":333,"tested":6869},{"age_group":"40-49   ","count":61,"tested":1604},{"age_group":"50-59   ","count":40,"tested":1045},{"age_group":"60-69   ","count":25,"tested":459}],"race":[{"description":"Left Blank","count":312,"tested":7796,"color":"rgb(44,160,44)"},{"description":"Hispanic","count":44,"tested":602,"color":"rgb(214,39,40)"},{"description":"Other","count":48,"tested":1087,"color":"rgb(148,103,189)"},{"description":"White","count":337,"tested":5844,"color":"rgb(31,119,180)"},{"description":"Asian","count":80,"tested":2168,"color":"rgb(140,86,75)"},{"description":"Black","count":37,"tested":595,"color":"rgb(255,127,14)"}],"gender":[{"description":"Unknown/Left Blank","count":22,"tested":183,"color":"rgb(44,160,44)"},{"description":"Female","count":393,"tested":9201,"color":"rgb(255,127,14)"},{"description":"Male","count":445,"tested":8748,"color":"rgb(31,119,180)"}]}
