{"age":[{"age_group":"<20","count":320,"tested":3316},{"age_group":"20-29   ","count":294,"tested":3276},{"age_group":"30-39   ","count":310,"tested":2780},{"age_group":"40-49   ","count":349,"tested":3344},{"age_group":"50-59   ","count":350,"tested":3636},{"age_group":"60-69   ","count":220,"tested":2816},{"age_group":"70-79   ","count":118,"tested":1351},{"age_group":"80+","count":31,"tested":598}],"race":[{"description":"Hispanic","count":128,"tested":878,"color":"rgb(214,39,40)"},{"description":"White","count":814,"tested":9772,"color":"rgb(31,119,180)"},{"description":"Left Blank","count":866,"tested":8822,"color":"rgb(44,160,44)"},{"description":"Other","count":137,"tested":1075,"color":"rgb(148,103,189)"},{"description":"Black","count":28,"tested":263,"color":"rgb(255,127,14)"},{"description":"Asian","count":15,"tested":268,"color":"rgb(140,86,75)"}],"gender":[{"description":"Female","count":1012,"tested":11624,"color":"rgb(255,127,14)"},{"description":"Male","count":960,"tested":9325,"color":"rgb(31,119,180)"},{"description":"Unknown/Left Blank","count":20,"tested":173,"color":"rgb(44,160,44)"}]}
