{"age":[{"age_group":"<20","count":192,"tested":1407},{"age_group":"20-29   ","count":265,"tested":2807},{"age_group":"30-39   ","count":230,"tested":2576},{"age_group":"40-49   ","count":205,"tested":2263},{"age_group":"50-59   ","count":193,"tested":2538},{"age_group":"60-69   ","count":154,"tested":2107},{"age_group":"70-79   ","count":61,"tested":1159},{"age_group":"80+","count":37,"tested":480}],"race":[{"description":"White","count":499,"tested":4571,"color":"rgb(31,119,180)"},{"description":"Asian","count":27,"tested":337,"color":"rgb(140,86,75)"},{"description":"Hispanic","count":157,"tested":856,"color":"rgb(214,39,40)"},{"description":"Left Blank","count":526,"tested":8455,"color":"rgb(44,160,44)"},{"description":"Other","count":86,"tested":735,"color":"rgb(148,103,189)"},{"description":"Black","count":41,"tested":366,"color":"rgb(255,127,14)"}],"gender":[{"description":"Male","count":655,"tested":6428,"color":"rgb(31,119,180)"},{"description":"Female","count":678,"tested":8248,"color":"rgb(255,127,14)"}]}
