{"age":[{"age_group":"<20","count":619,"tested":6539},{"age_group":"20-29   ","count":599,"tested":7706},{"age_group":"30-39   ","count":649,"tested":7094},{"age_group":"40-49   ","count":507,"tested":6522},{"age_group":"50-59   ","count":465,"tested":6535},{"age_group":"60-69   ","count":386,"tested":5986},{"age_group":"70-79   ","count":246,"tested":4086},{"age_group":"80+","count":152,"tested":3804}],"race":[{"description":"Hispanic","count":951,"tested":3834,"color":"rgb(214,39,40)"},{"description":"Other","count":74,"tested":838,"color":"rgb(148,103,189)"},{"description":"Black","count":401,"tested":3452,"color":"rgb(255,127,14)"},{"description":"Asian","count":124,"tested":678,"color":"rgb(140,86,75)"},{"description":"White","count":1675,"tested":13448,"color":"rgb(31,119,180)"},{"description":"Left Blank","count":395,"tested":26000,"color":"rgb(44,160,44)"}],"gender":[{"description":"Unknown/Left Blank","count":12,"tested":1078,"color":"rgb(44,160,44)"},{"description":"Male","count":1686,"tested":18066,"color":"rgb(31,119,180)"},{"description":"Female","count":1925,"tested":29140,"color":"rgb(255,127,14)"}]}
