{"age":[{"age_group":"<20","count":1374,"tested":11865},{"age_group":"20-29   ","count":1500,"tested":16194},{"age_group":"30-39   ","count":1288,"tested":14353},{"age_group":"40-49   ","count":1299,"tested":13570},{"age_group":"50-59   ","count":1177,"tested":13490},{"age_group":"60-69   ","count":847,"tested":11714},{"age_group":"70-79   ","count":417,"tested":7018},{"age_group":"80+","count":243,"tested":4262}],"race":[{"description":"Left Blank","count":2028,"tested":30373,"color":"rgb(44,160,44)"},{"description":"Other","count":172,"tested":2162,"color":"rgb(148,103,189)"},{"description":"White","count":688,"tested":7622,"color":"rgb(31,119,180)"},{"description":"Asian","count":19,"tested":190,"color":"rgb(140,86,75)"},{"description":"Hispanic","count":2748,"tested":19130,"color":"rgb(214,39,40)"},{"description":"Black","count":2472,"tested":32758,"color":"rgb(255,127,14)"},{"description":"AI/AN**","count":17,"tested":196,"color":"rgb(31,119,180)"}],"gender":[{"description":"Male","count":3698,"tested":38248,"color":"rgb(31,119,180)"},{"description":"Unknown/Left Blank","count":39,"tested":1242,"color":"rgb(44,160,44)"},{"description":"Female","count":4408,"tested":53022,"color":"rgb(255,127,14)"}]}
