{"lastUpdatedDate":{"year":2021,"month":1,"day":19},"county_demographics":[{"County":"McLean","confirmed_cases":13244,"total_tested":207066,"demographics":{"age":[{"race":[],"age_group":"<20","count":2580,"tested":38771,"deaths":0},{"race":[],"age_group":"20-29   ","count":3758,"tested":53975,"deaths":0},{"race":[],"age_group":"30-39   ","count":1685,"tested":27622,"deaths":0},{"race":[],"age_group":"40-49   ","count":1567,"tested":22808,"deaths":0},{"race":[],"age_group":"50-59   ","count":1504,"tested":23065,"deaths":0},{"race":[],"age_group":"60-69   ","count":1081,"tested":18246,"deaths":0},{"race":[],"age_group":"70-79   ","count":579,"tested":10705,"deaths":0},{"race":[],"age_group":"80+","count":489,"tested":11849,"deaths":0},{"race":[],"age_group":"Unknown","count":0,"tested":25,"deaths":0}],"race":[{"description":"AI/AN**","count":0,"tested":102,"deaths":0,"color":"rgb(31,119,180)"},{"description":"Asian","count":157,"tested":1055,"deaths":0,"color":"rgb(140,86,75)"},{"description":"Black","count":870,"tested":5945,"deaths":0,"color":"rgb(255,127,14)"},{"description":"Hispanic","count":621,"tested":1871,"deaths":0,"color":"rgb(214,39,40)"},{"description":"Left Blank","count":4824,"tested":144484,"deaths":0,"color":"rgb(44,160,44)"},{"description":"NH/PI*","count":0,"tested":52,"deaths":0,"color":"rgb(127,127,127)"},{"description":"Other","count":169,"tested":2072,"deaths":0,"color":"rgb(148,103,189)"},{"description":"White","count":6590,"tested":51485,"deaths":0,"color":"rgb(31,119,180)"}],"gender":[{"description":"Female","count":7093,"tested":110781,"deaths":0,"color":"rgb(255,127,14)"},{"description":"Male","count":5937,"tested":77560,"deaths":0,"color":"rgb(31,119,180)"},{"description":"Unknown/Left Blank","count":214,"tested":18725,"deaths":0,"color":"rgb(44,160,44)"}]}}]}
