{"lastUpdatedDate":{"year":2021,"month":1,"day":19},"county_demographics":[{"County":"Washington","confirmed_cases":1452,"total_tested":9372,"demographics":{"age":[{"race":[],"age_group":"<20","count":200,"tested":1302,"deaths":0},{"race":[],"age_group":"20-29   ","count":186,"tested":1308,"deaths":0},{"race":[],"age_group":"30-39   ","count":202,"tested":1454,"deaths":0},{"race":[],"age_group":"40-49   ","count":199,"tested":1297,"deaths":0},{"race":[],"age_group":"50-59   ","count":233,"tested":1290,"deaths":0},{"race":[],"age_group":"60-69   ","count":222,"tested":1388,"deaths":0},{"race":[],"age_group":"70-79   ","count":95,"tested":792,"deaths":0},{"race":[],"age_group":"80+","count":115,"tested":538,"deaths":0},{"race":[],"age_group":"Unknown","count":0,"tested":0,"deaths":0}],"race":[{"description":"AI/AN**","count":0,"tested":0,"deaths":0,"color":"rgb(31,119,180)"},{"description":"Asian","count":0,"tested":19,"deaths":0,"color":"rgb(140,86,75)"},{"description":"Black","count":0,"tested":53,"deaths":0,"color":"rgb(255,127,14)"},{"description":"Hispanic","count":11,"tested":70,"deaths":0,"color":"rgb(214,39,40)"},{"description":"Left Blank","count":470,"tested":2963,"deaths":0,"color":"rgb(44,160,44)"},{"description":"NH/PI*","count":0,"tested":0,"deaths":0,"color":"rgb(127,127,127)"},{"description":"Other","count":16,"tested":182,"deaths":0,"color":"rgb(148,103,189)"},{"description":"White","count":945,"tested":6077,"deaths":0,"color":"rgb(31,119,180)"}],"gender":[{"description":"Female","count":799,"tested":5650,"deaths":0,"color":"rgb(255,127,14)"},{"description":"Male","count":636,"tested":3475,"deaths":0,"color":"rgb(31,119,180)"},{"description":"Unknown/Left Blank","count":13,"tested":247,"deaths":0,"color":"rgb(44,160,44)"}]}}]}
