{"lastUpdatedDate":{"year":2021,"month":1,"day":19},"county_demographics":[{"County":"Hardin","confirmed_cases":303,"total_tested":3763,"demographics":{"age":[{"race":[],"age_group":"<20","count":31,"tested":263,"deaths":0},{"race":[],"age_group":"20-29   ","count":35,"tested":633,"deaths":0},{"race":[],"age_group":"30-39   ","count":29,"tested":620,"deaths":0},{"race":[],"age_group":"40-49   ","count":27,"tested":460,"deaths":0},{"race":[],"age_group":"50-59   ","count":42,"tested":645,"deaths":0},{"race":[],"age_group":"60-69   ","count":47,"tested":516,"deaths":0},{"race":[],"age_group":"70-79   ","count":41,"tested":358,"deaths":0},{"race":[],"age_group":"80+","count":31,"tested":264,"deaths":0},{"race":[],"age_group":"Unknown","count":0,"tested":0,"deaths":0}],"race":[{"description":"AI/AN**","count":0,"tested":0,"deaths":0,"color":"rgb(31,119,180)"},{"description":"Asian","count":0,"tested":9,"deaths":0,"color":"rgb(140,86,75)"},{"description":"Black","count":0,"tested":58,"deaths":0,"color":"rgb(255,127,14)"},{"description":"Hispanic","count":0,"tested":0,"deaths":0,"color":"rgb(214,39,40)"},{"description":"Left Blank","count":92,"tested":1082,"deaths":0,"color":"rgb(44,160,44)"},{"description":"Other","count":0,"tested":10,"deaths":0,"color":"rgb(148,103,189)"},{"description":"White","count":203,"tested":2601,"deaths":0,"color":"rgb(31,119,180)"}],"gender":[{"description":"Female","count":178,"tested":2570,"deaths":0,"color":"rgb(255,127,14)"},{"description":"Male","count":124,"tested":1118,"deaths":0,"color":"rgb(31,119,180)"},{"description":"Unknown/Left Blank","count":0,"tested":75,"deaths":0,"color":"rgb(44,160,44)"}]}}]}
