{"lastUpdatedDate":{"year":2021,"month":1,"day":19},"county_demographics":[{"County":"Bond","confirmed_cases":1738,"total_tested":17866,"demographics":{"age":[{"race":[],"age_group":"<20","count":252,"tested":1896,"deaths":0},{"race":[],"age_group":"20-29   ","count":281,"tested":2589,"deaths":0},{"race":[],"age_group":"30-39   ","count":272,"tested":2912,"deaths":0},{"race":[],"age_group":"40-49   ","count":262,"tested":2615,"deaths":0},{"race":[],"age_group":"50-59   ","count":276,"tested":2397,"deaths":0},{"race":[],"age_group":"60-69   ","count":204,"tested":2264,"deaths":0},{"race":[],"age_group":"70-79   ","count":105,"tested":1555,"deaths":0},{"race":[],"age_group":"80+","count":86,"tested":1625,"deaths":0},{"race":[],"age_group":"Unknown","count":0,"tested":13,"deaths":0}],"race":[{"description":"AI/AN**","count":0,"tested":6,"deaths":0,"color":"rgb(31,119,180)"},{"description":"Asian","count":0,"tested":23,"deaths":0,"color":"rgb(140,86,75)"},{"description":"Black","count":19,"tested":126,"deaths":0,"color":"rgb(255,127,14)"},{"description":"Hispanic","count":6,"tested":55,"deaths":0,"color":"rgb(214,39,40)"},{"description":"Left Blank","count":961,"tested":11176,"deaths":0,"color":"rgb(44,160,44)"},{"description":"NH/PI*","count":0,"tested":0,"deaths":0,"color":"rgb(127,127,127)"},{"description":"Other","count":22,"tested":206,"deaths":0,"color":"rgb(148,103,189)"},{"description":"White","count":720,"tested":6271,"deaths":0,"color":"rgb(31,119,180)"}],"gender":[{"description":"Female","count":817,"tested":9521,"deaths":0,"color":"rgb(255,127,14)"},{"description":"Male","count":883,"tested":7650,"deaths":0,"color":"rgb(31,119,180)"},{"description":"Unknown/Left Blank","count":34,"tested":695,"deaths":0,"color":"rgb(44,160,44)"}]}}]}
