{"lastUpdatedDate":{"year":2021,"month":1,"day":19},"county_demographics":[{"County":"Johnson","confirmed_cases":1211,"total_tested":18330,"demographics":{"age":[{"race":[],"age_group":"<20","count":135,"tested":1117,"deaths":0},{"race":[],"age_group":"20-29   ","count":201,"tested":2472,"deaths":0},{"race":[],"age_group":"30-39   ","count":224,"tested":3193,"deaths":0},{"race":[],"age_group":"40-49   ","count":194,"tested":2908,"deaths":0},{"race":[],"age_group":"50-59   ","count":195,"tested":2295,"deaths":0},{"race":[],"age_group":"60-69   ","count":125,"tested":1490,"deaths":0},{"race":[],"age_group":"70-79   ","count":77,"tested":844,"deaths":0},{"race":[],"age_group":"80+","count":48,"tested":877,"deaths":0},{"race":[],"age_group":"Unknown","count":0,"tested":3134,"deaths":0}],"race":[{"description":"AI/AN**","count":0,"tested":0,"deaths":0,"color":"rgb(31,119,180)"},{"description":"Asian","count":0,"tested":55,"deaths":0,"color":"rgb(140,86,75)"},{"description":"Black","count":150,"tested":351,"deaths":0,"color":"rgb(255,127,14)"},{"description":"Hispanic","count":67,"tested":200,"deaths":0,"color":"rgb(214,39,40)"},{"description":"Left Blank","count":231,"tested":12182,"deaths":0,"color":"rgb(44,160,44)"},{"description":"NH/PI*","count":0,"tested":0,"deaths":0,"color":"rgb(127,127,127)"},{"description":"Other","count":6,"tested":77,"deaths":0,"color":"rgb(148,103,189)"},{"description":"White","count":748,"tested":5461,"deaths":0,"color":"rgb(31,119,180)"}],"gender":[{"description":"Female","count":452,"tested":5284,"deaths":0,"color":"rgb(255,127,14)"},{"description":"Male","count":705,"tested":4048,"deaths":0,"color":"rgb(31,119,180)"},{"description":"Unknown/Left Blank","count":50,"tested":8998,"deaths":0,"color":"rgb(44,160,44)"}]}}]}
