{"age":[{"age_group":"<20","count":401,"tested":4520},{"age_group":"20-29   ","count":428,"tested":5444},{"age_group":"30-39   ","count":441,"tested":5748},{"age_group":"40-49   ","count":416,"tested":4717},{"age_group":"50-59   ","count":408,"tested":5439},{"age_group":"60-69   ","count":298,"tested":5524},{"age_group":"70-79   ","count":150,"tested":3214},{"age_group":"80+","count":104,"tested":2691}],"race":[{"description":"Asian","count":124,"tested":2193,"color":"rgb(140,86,75)"},{"description":"Black","count":43,"tested":660,"color":"rgb(255,127,14)"},{"description":"Hispanic","count":722,"tested":4363,"color":"rgb(214,39,40)"},{"description":"Left Blank","count":610,"tested":15930,"color":"rgb(44,160,44)"},{"description":"Other","count":142,"tested":829,"color":"rgb(148,103,189)"},{"description":"White","count":998,"tested":13221,"color":"rgb(31,119,180)"}],"gender":[]}
