{"age":[{"age_group":"<20","count":136,"tested":1582},{"age_group":"20-29   ","count":84,"tested":1390},{"age_group":"30-39   ","count":78,"tested":1413},{"age_group":"40-49   ","count":94,"tested":1310},{"age_group":"50-59   ","count":75,"tested":1431},{"age_group":"60-69   ","count":72,"tested":1358},{"age_group":"70-79   ","count":43,"tested":878},{"age_group":"80+","count":73,"tested":1687}],"race":[{"description":"Hispanic","count":14,"tested":111,"color":"rgb(214,39,40)"},{"description":"Left Blank","count":98,"tested":2356,"color":"rgb(44,160,44)"},{"description":"White","count":524,"tested":8328,"color":"rgb(31,119,180)"}],"gender":[]}
