{"age":[{"age_group":"<20","count":32,"tested":367},{"age_group":"20-29   ","count":28,"tested":347},{"age_group":"30-39   ","count":23,"tested":323},{"age_group":"40-49   ","count":24,"tested":258},{"age_group":"50-59   ","count":13,"tested":225},{"age_group":"60-69   ","count":11,"tested":205},{"age_group":"80+","count":6,"tested":74}],"race":[{"description":"Hispanic","count":17,"tested":111,"color":"rgb(214,39,40)"},{"description":"Left Blank","count":34,"tested":582,"color":"rgb(44,160,44)"},{"description":"White","count":83,"tested":1133,"color":"rgb(31,119,180)"}],"gender":[]}
