{"age":[{"age_group":"<20","count":739,"tested":19450},{"age_group":"20-29   ","count":581,"tested":17534},{"age_group":"30-39   ","count":435,"tested":7790},{"age_group":"40-49   ","count":495,"tested":7549},{"age_group":"50-59   ","count":518,"tested":8648},{"age_group":"60-69   ","count":280,"tested":7371},{"age_group":"70-79   ","count":136,"tested":4300},{"age_group":"80+","count":93,"tested":2782}],"race":[{"description":"AI/AN**","count":8,"tested":116,"color":"rgb(31,119,180)"},{"description":"Asian","count":213,"tested":4735,"color":"rgb(140,86,75)"},{"description":"Black","count":154,"tested":2387,"color":"rgb(255,127,14)"},{"description":"Hispanic","count":251,"tested":3327,"color":"rgb(214,39,40)"},{"description":"Left Blank","count":520,"tested":27237,"color":"rgb(44,160,44)"},{"description":"Other","count":87,"tested":2201,"color":"rgb(148,103,189)"},{"description":"White","count":2041,"tested":35466,"color":"rgb(31,119,180)"}],"gender":[]}
