{"age":[{"age_group":"<20","count":255,"tested":2633},{"age_group":"20-29   ","count":228,"tested":2131},{"age_group":"30-39   ","count":198,"tested":1797},{"age_group":"40-49   ","count":230,"tested":2191},{"age_group":"50-59   ","count":188,"tested":2080},{"age_group":"60-69   ","count":108,"tested":1317},{"age_group":"70-79   ","count":59,"tested":665},{"age_group":"80+","count":17,"tested":298}],"race":[{"description":"Asian","count":11,"tested":136,"color":"rgb(140,86,75)"},{"description":"Black","count":21,"tested":215,"color":"rgb(255,127,14)"},{"description":"Hispanic","count":275,"tested":953,"color":"rgb(214,39,40)"},{"description":"Left Blank","count":107,"tested":5572,"color":"rgb(44,160,44)"},{"description":"Other","count":15,"tested":211,"color":"rgb(148,103,189)"},{"description":"White","count":851,"tested":6010,"color":"rgb(31,119,180)"}],"gender":[]}
