{"age":[{"age_group":"<20","count":143,"tested":1623},{"age_group":"20-29   ","count":155,"tested":1854},{"age_group":"30-39   ","count":98,"tested":1375},{"age_group":"40-49   ","count":150,"tested":1400},{"age_group":"50-59   ","count":136,"tested":1601},{"age_group":"60-69   ","count":139,"tested":2124},{"age_group":"70-79   ","count":74,"tested":1952},{"age_group":"80+","count":71,"tested":3421}],"race":[{"description":"Asian","count":8,"tested":197,"color":"rgb(140,86,75)"},{"description":"Black","count":8,"tested":95,"color":"rgb(255,127,14)"},{"description":"Hispanic","count":46,"tested":383,"color":"rgb(214,39,40)"},{"description":"Left Blank","count":397,"tested":8349,"color":"rgb(44,160,44)"},{"description":"Other","count":42,"tested":368,"color":"rgb(148,103,189)"},{"description":"White","count":463,"tested":5951,"color":"rgb(31,119,180)"}],"gender":[]}
