{"age":[{"age_group":"<20","count":194,"tested":2013},{"age_group":"20-29   ","count":175,"tested":2154},{"age_group":"30-39   ","count":216,"tested":2028},{"age_group":"40-49   ","count":187,"tested":1865},{"age_group":"50-59   ","count":210,"tested":2021},{"age_group":"60-69   ","count":134,"tested":1836},{"age_group":"70-79   ","count":61,"tested":1165},{"age_group":"80+","count":40,"tested":866}],"race":[{"description":"Asian","count":6,"tested":84,"color":"rgb(140,86,75)"},{"description":"Hispanic","count":236,"tested":1140,"color":"rgb(214,39,40)"},{"description":"Left Blank","count":273,"tested":4922,"color":"rgb(44,160,44)"},{"description":"Other","count":16,"tested":242,"color":"rgb(148,103,189)"},{"description":"White","count":678,"tested":7451,"color":"rgb(31,119,180)"}],"gender":[]}
