{"age":[{"age_group":"<20","count":393,"tested":4499},{"age_group":"20-29   ","count":379,"tested":4680},{"age_group":"30-39   ","count":379,"tested":5259},{"age_group":"40-49   ","count":348,"tested":5254},{"age_group":"50-59   ","count":313,"tested":5878},{"age_group":"60-69   ","count":228,"tested":5676},{"age_group":"70-79   ","count":97,"tested":3375},{"age_group":"80+","count":84,"tested":3255}],"race":[{"description":"Asian","count":11,"tested":188,"color":"rgb(140,86,75)"},{"description":"Black","count":352,"tested":4459,"color":"rgb(255,127,14)"},{"description":"Hispanic","count":265,"tested":2106,"color":"rgb(214,39,40)"},{"description":"Left Blank","count":855,"tested":22118,"color":"rgb(44,160,44)"},{"description":"Other","count":173,"tested":1776,"color":"rgb(148,103,189)"},{"description":"White","count":561,"tested":7185,"color":"rgb(31,119,180)"}],"gender":[]}
