{"age":[{"age_group":"<20","count":323,"tested":2416},{"age_group":"20-29   ","count":363,"tested":3350},{"age_group":"30-39   ","count":342,"tested":2605},{"age_group":"40-49   ","count":269,"tested":2018},{"age_group":"50-59   ","count":275,"tested":2156},{"age_group":"60-69   ","count":194,"tested":1874},{"age_group":"70-79   ","count":105,"tested":805},{"age_group":"80+","count":53,"tested":1324}],"race":[{"description":"Black","count":12,"tested":336,"color":"rgb(255,127,14)"},{"description":"Hispanic","count":409,"tested":1361,"color":"rgb(214,39,40)"},{"description":"Left Blank","count":831,"tested":9019,"color":"rgb(44,160,44)"},{"description":"Other","count":33,"tested":255,"color":"rgb(148,103,189)"},{"description":"White","count":643,"tested":5525,"color":"rgb(31,119,180)"}],"gender":[]}
