{"age":[{"age_group":"<20","count":476,"tested":5100},{"age_group":"20-29   ","count":363,"tested":3708},{"age_group":"30-39   ","count":354,"tested":4858},{"age_group":"40-49   ","count":441,"tested":5006},{"age_group":"50-59   ","count":359,"tested":4231},{"age_group":"60-69   ","count":235,"tested":3556},{"age_group":"70-79   ","count":155,"tested":2572},{"age_group":"80+","count":92,"tested":1572}],"race":[{"description":"Asian","count":169,"tested":2394,"color":"rgb(140,86,75)"},{"description":"Black","count":47,"tested":502,"color":"rgb(255,127,14)"},{"description":"Hispanic","count":319,"tested":1973,"color":"rgb(214,39,40)"},{"description":"Left Blank","count":672,"tested":12313,"color":"rgb(44,160,44)"},{"description":"NH/PI*","count":6,"tested":47,"color":"rgb(127,127,127)"},{"description":"Other","count":90,"tested":590,"color":"rgb(148,103,189)"},{"description":"White","count":1173,"tested":12766,"color":"rgb(31,119,180)"}],"gender":[]}
