{"age":[{"age_group":"<20","count":317,"tested":2900},{"age_group":"20-29   ","count":471,"tested":4205},{"age_group":"30-39   ","count":490,"tested":4737},{"age_group":"40-49   ","count":397,"tested":3590},{"age_group":"50-59   ","count":360,"tested":4430},{"age_group":"60-69   ","count":248,"tested":3819},{"age_group":"70-79   ","count":133,"tested":3254},{"age_group":"80+","count":124,"tested":5527}],"race":[{"description":"Asian","count":55,"tested":764,"color":"rgb(140,86,75)"},{"description":"Black","count":78,"tested":964,"color":"rgb(255,127,14)"},{"description":"Hispanic","count":1178,"tested":5473,"color":"rgb(214,39,40)"},{"description":"Left Blank","count":434,"tested":17276,"color":"rgb(44,160,44)"},{"description":"Other","count":70,"tested":879,"color":"rgb(148,103,189)"},{"description":"White","count":716,"tested":7069,"color":"rgb(31,119,180)"}],"gender":[]}
