{"age":[{"age_group":"<20","count":31,"tested":480},{"age_group":"20-29   ","count":45,"tested":775},{"age_group":"30-39   ","count":35,"tested":711},{"age_group":"40-49   ","count":29,"tested":571},{"age_group":"50-59   ","count":48,"tested":1238},{"age_group":"60-69   ","count":33,"tested":700},{"age_group":"70-79   ","count":23,"tested":619},{"age_group":"80+","count":46,"tested":2063}],"race":[{"description":"Hispanic","count":6,"tested":31,"color":"rgb(214,39,40)"},{"description":"Left Blank","count":40,"tested":4201,"color":"rgb(44,160,44)"},{"description":"Other","count":10,"tested":144,"color":"rgb(148,103,189)"},{"description":"White","count":232,"tested":2745,"color":"rgb(31,119,180)"}],"gender":[]}
