{"age":[{"age_group":"<20","count":208,"tested":2510},{"age_group":"20-29   ","count":303,"tested":3390},{"age_group":"30-39   ","count":220,"tested":3036},{"age_group":"40-49   ","count":213,"tested":2343},{"age_group":"50-59   ","count":275,"tested":3241},{"age_group":"60-69   ","count":170,"tested":2545},{"age_group":"70-79   ","count":86,"tested":1354},{"age_group":"80+","count":37,"tested":726}],"race":[{"description":"Asian","count":37,"tested":545,"color":"rgb(140,86,75)"},{"description":"Black","count":56,"tested":512,"color":"rgb(255,127,14)"},{"description":"Hispanic","count":222,"tested":1542,"color":"rgb(214,39,40)"},{"description":"Left Blank","count":422,"tested":7133,"color":"rgb(44,160,44)"},{"description":"Other","count":32,"tested":407,"color":"rgb(148,103,189)"},{"description":"White","count":741,"tested":8986,"color":"rgb(31,119,180)"}],"gender":[]}
