{"age":[{"age_group":"<20","count":475,"tested":6033},{"age_group":"20-29   ","count":500,"tested":6084},{"age_group":"30-39   ","count":454,"tested":6347},{"age_group":"40-49   ","count":394,"tested":5206},{"age_group":"50-59   ","count":369,"tested":6020},{"age_group":"60-69   ","count":304,"tested":5025},{"age_group":"70-79   ","count":166,"tested":3226},{"age_group":"80+","count":114,"tested":3979}],"race":[{"description":"Asian","count":22,"tested":173,"color":"rgb(140,86,75)"},{"description":"Black","count":715,"tested":5953,"color":"rgb(255,127,14)"},{"description":"Hispanic","count":464,"tested":2637,"color":"rgb(214,39,40)"},{"description":"Left Blank","count":224,"tested":17082,"color":"rgb(44,160,44)"},{"description":"Other","count":28,"tested":691,"color":"rgb(148,103,189)"},{"description":"White","count":1320,"tested":15361,"color":"rgb(31,119,180)"}],"gender":[]}
