{"age":[{"age_group":"<20","count":56,"tested":507},{"age_group":"20-29   ","count":42,"tested":324},{"age_group":"30-39   ","count":37,"tested":341},{"age_group":"40-49   ","count":44,"tested":385},{"age_group":"50-59   ","count":52,"tested":500},{"age_group":"60-69   ","count":46,"tested":342},{"age_group":"70-79   ","count":23,"tested":133},{"age_group":"80+","count":9,"tested":94}],"race":[{"description":"Hispanic","count":13,"tested":66,"color":"rgb(214,39,40)"},{"description":"Left Blank","count":126,"tested":803,"color":"rgb(44,160,44)"},{"description":"White","count":169,"tested":1718,"color":"rgb(31,119,180)"}],"gender":[]}
