{"age":[{"age_group":"<20","count":595,"tested":4720},{"age_group":"20-29   ","count":748,"tested":6193},{"age_group":"30-39   ","count":684,"tested":5448},{"age_group":"40-49   ","count":668,"tested":4612},{"age_group":"50-59   ","count":526,"tested":4232},{"age_group":"60-69   ","count":320,"tested":3701},{"age_group":"70-79   ","count":140,"tested":2551},{"age_group":"80+","count":82,"tested":2389}],"race":[{"description":"Asian","count":20,"tested":286,"color":"rgb(140,86,75)"},{"description":"Black","count":120,"tested":1418,"color":"rgb(255,127,14)"},{"description":"Hispanic","count":1810,"tested":9538,"color":"rgb(214,39,40)"},{"description":"Left Blank","count":984,"tested":13720,"color":"rgb(44,160,44)"},{"description":"Other","count":171,"tested":1689,"color":"rgb(148,103,189)"},{"description":"White","count":654,"tested":7200,"color":"rgb(31,119,180)"}],"gender":[]}
