{"age":[{"age_group":"<20","count":54,"tested":701},{"age_group":"20-29   ","count":54,"tested":588},{"age_group":"30-39   ","count":62,"tested":538},{"age_group":"40-49   ","count":42,"tested":292},{"age_group":"50-59   ","count":45,"tested":378},{"age_group":"60-69   ","count":33,"tested":377},{"age_group":"70-79   ","count":12,"tested":166},{"age_group":"80+","count":12,"tested":109}],"race":[{"description":"Hispanic","count":11,"tested":64,"color":"rgb(214,39,40)"},{"description":"Left Blank","count":72,"tested":1004,"color":"rgb(44,160,44)"},{"description":"Other","count":17,"tested":111,"color":"rgb(148,103,189)"},{"description":"White","count":212,"tested":1930,"color":"rgb(31,119,180)"}],"gender":[]}
