{"age":[{"age_group":"<20","count":226,"tested":1798},{"age_group":"20-29   ","count":215,"tested":2297},{"age_group":"30-39   ","count":263,"tested":2439},{"age_group":"40-49   ","count":180,"tested":1844},{"age_group":"50-59   ","count":193,"tested":2224},{"age_group":"60-69   ","count":156,"tested":1764},{"age_group":"70-79   ","count":43,"tested":743},{"age_group":"80+","count":26,"tested":542}],"race":[{"description":"Asian","count":27,"tested":256,"color":"rgb(140,86,75)"},{"description":"Black","count":20,"tested":212,"color":"rgb(255,127,14)"},{"description":"Hispanic","count":401,"tested":3030,"color":"rgb(214,39,40)"},{"description":"Left Blank","count":224,"tested":3777,"color":"rgb(44,160,44)"},{"description":"Other","count":52,"tested":624,"color":"rgb(148,103,189)"},{"description":"White","count":576,"tested":5722,"color":"rgb(31,119,180)"}],"gender":[]}
