{"age":[{"age_group":"<20","count":232,"tested":2736},{"age_group":"20-29   ","count":202,"tested":2111},{"age_group":"30-39   ","count":193,"tested":1962},{"age_group":"40-49   ","count":196,"tested":1987},{"age_group":"50-59   ","count":162,"tested":1792},{"age_group":"60-69   ","count":107,"tested":1222},{"age_group":"70-79   ","count":44,"tested":613},{"age_group":"80+","count":19,"tested":301}],"race":[{"description":"Black","count":6,"tested":106,"color":"rgb(255,127,14)"},{"description":"Hispanic","count":31,"tested":279,"color":"rgb(214,39,40)"},{"description":"Left Blank","count":253,"tested":2728,"color":"rgb(44,160,44)"},{"description":"Other","count":68,"tested":574,"color":"rgb(148,103,189)"},{"description":"White","count":797,"tested":9016,"color":"rgb(31,119,180)"}],"gender":[]}
