{"age":[{"age_group":"<20","count":20,"tested":163},{"age_group":"20-29   ","count":21,"tested":150},{"age_group":"30-39   ","count":13,"tested":165},{"age_group":"40-49   ","count":19,"tested":156},{"age_group":"50-59   ","count":22,"tested":155},{"age_group":"60-69   ","count":20,"tested":105},{"age_group":"70-79   ","count":6,"tested":75}],"race":[{"description":"Left Blank","count":57,"tested":461,"color":"rgb(44,160,44)"},{"description":"White","count":63,"tested":498,"color":"rgb(31,119,180)"}],"gender":[]}
