{"age":[{"age_group":"<20","count":862,"tested":7562},{"age_group":"20-29   ","count":991,"tested":11038},{"age_group":"30-39   ","count":868,"tested":9131},{"age_group":"40-49   ","count":849,"tested":7888},{"age_group":"50-59   ","count":772,"tested":8143},{"age_group":"60-69   ","count":465,"tested":5783},{"age_group":"70-79   ","count":166,"tested":2559},{"age_group":"80+","count":81,"tested":1379}],"race":[{"description":"AI/AN**","count":13,"tested":132,"color":"rgb(31,119,180)"},{"description":"Asian","count":501,"tested":4706,"color":"rgb(140,86,75)"},{"description":"Black","count":271,"tested":2120,"color":"rgb(255,127,14)"},{"description":"Hispanic","count":1855,"tested":8140,"color":"rgb(214,39,40)"},{"description":"Left Blank","count":1226,"tested":28241,"color":"rgb(44,160,44)"},{"description":"NH/PI*","count":13,"tested":100,"color":"rgb(127,127,127)"},{"description":"Other","count":221,"tested":1734,"color":"rgb(148,103,189)"},{"description":"White","count":954,"tested":8332,"color":"rgb(31,119,180)"}],"gender":[]}
