{"age":[{"age_group":"<20","count":295,"tested":2136},{"age_group":"20-29   ","count":422,"tested":3484},{"age_group":"30-39   ","count":403,"tested":3588},{"age_group":"40-49   ","count":353,"tested":2861},{"age_group":"50-59   ","count":353,"tested":3030},{"age_group":"60-69   ","count":230,"tested":2723},{"age_group":"70-79   ","count":103,"tested":1451},{"age_group":"80+","count":51,"tested":667}],"race":[{"description":"Black","count":272,"tested":2726,"color":"rgb(255,127,14)"},{"description":"Other","count":73,"tested":658,"color":"rgb(148,103,189)"},{"description":"White","count":562,"tested":5325,"color":"rgb(31,119,180)"},{"description":"Asian","count":27,"tested":209,"color":"rgb(140,86,75)"},{"description":"Left Blank","count":890,"tested":8988,"color":"rgb(44,160,44)"},{"description":"Hispanic","count":382,"tested":1991,"color":"rgb(214,39,40)"}],"gender":[{"description":"Male","count":1019,"tested":8263,"color":"rgb(31,119,180)"},{"description":"Unknown/Left Blank","count":15,"tested":285,"color":"rgb(44,160,44)"},{"description":"Female","count":1176,"tested":11397,"color":"rgb(255,127,14)"}]}
