{"age":[{"age_group":"<20","count":469,"tested":3837},{"age_group":"20-29   ","count":580,"tested":5415},{"age_group":"30-39   ","count":578,"tested":5391},{"age_group":"40-49   ","count":579,"tested":5272},{"age_group":"50-59   ","count":449,"tested":4355},{"age_group":"60-69   ","count":225,"tested":2955},{"age_group":"70-79   ","count":123,"tested":1724},{"age_group":"80+","count":110,"tested":1169}],"race":[{"description":"Asian","count":45,"tested":409,"color":"rgb(140,86,75)"},{"description":"Black","count":314,"tested":2944,"color":"rgb(255,127,14)"},{"description":"Hispanic","count":595,"tested":2901,"color":"rgb(214,39,40)"},{"description":"White","count":1221,"tested":11155,"color":"rgb(31,119,180)"},{"description":"Other","count":73,"tested":1278,"color":"rgb(148,103,189)"},{"description":"Left Blank","count":851,"tested":11375,"color":"rgb(44,160,44)"},{"description":"AI/AN**","count":12,"tested":36,"color":"rgb(31,119,180)"}],"gender":[{"description":"Female","count":1619,"tested":16386,"color":"rgb(255,127,14)"},{"description":"Male","count":1473,"tested":12661,"color":"rgb(31,119,180)"},{"description":"Unknown/Left Blank","count":21,"tested":1078,"color":"rgb(44,160,44)"}]}
