{"age":[{"age_group":"<20","count":215,"tested":1899},{"age_group":"20-29   ","count":220,"tested":2885},{"age_group":"30-39   ","count":140,"tested":2771},{"age_group":"40-49   ","count":209,"tested":3041},{"age_group":"50-59   ","count":238,"tested":4070},{"age_group":"60-69   ","count":162,"tested":3425},{"age_group":"70-79   ","count":93,"tested":4752},{"age_group":"80+","count":109,"tested":7146}],"race":[{"description":"Asian","count":11,"tested":110,"color":"rgb(140,86,75)"},{"description":"White","count":871,"tested":20371,"color":"rgb(31,119,180)"},{"description":"Left Blank","count":393,"tested":6387,"color":"rgb(44,160,44)"},{"description":"Hispanic","count":42,"tested":587,"color":"rgb(214,39,40)"},{"description":"Black","count":31,"tested":2039,"color":"rgb(255,127,14)"},{"description":"Other","count":37,"tested":473,"color":"rgb(148,103,189)"}],"gender":[{"description":"Male","count":655,"tested":14964,"color":"rgb(31,119,180)"},{"description":"Female","count":726,"tested":12692,"color":"rgb(255,127,14)"}]}
