{"age":[{"age_group":"<20","count":446,"tested":7818},{"age_group":"20-29   ","count":366,"tested":6210},{"age_group":"30-39   ","count":398,"tested":5984},{"age_group":"40-49   ","count":441,"tested":6424},{"age_group":"50-59   ","count":428,"tested":6967},{"age_group":"60-69   ","count":374,"tested":6824},{"age_group":"70-79   ","count":163,"tested":3989},{"age_group":"80+","count":176,"tested":4776}],"race":[{"description":"Left Blank","count":569,"tested":12771,"color":"rgb(44,160,44)"},{"description":"Other","count":169,"tested":1948,"color":"rgb(148,103,189)"},{"description":"White","count":1479,"tested":25048,"color":"rgb(31,119,180)"},{"description":"Asian","count":273,"tested":5321,"color":"rgb(140,86,75)"},{"description":"Hispanic","count":269,"tested":2986,"color":"rgb(214,39,40)"},{"description":"Black","count":23,"tested":777,"color":"rgb(255,127,14)"}],"gender":[{"description":"Female","count":1423,"tested":28198,"color":"rgb(255,127,14)"},{"description":"Male","count":1352,"tested":20441,"color":"rgb(31,119,180)"},{"description":"Unknown/Left Blank","count":18,"tested":364,"color":"rgb(44,160,44)"}]}
