{"age":[{"age_group":"<20","count":868,"tested":5654},{"age_group":"20-29   ","count":916,"tested":8565},{"age_group":"30-39   ","count":863,"tested":7806},{"age_group":"40-49   ","count":919,"tested":7800},{"age_group":"50-59   ","count":750,"tested":7704},{"age_group":"60-69   ","count":444,"tested":6139},{"age_group":"70-79   ","count":203,"tested":2471},{"age_group":"80+","count":159,"tested":2122}],"race":[{"description":"Hispanic","count":2078,"tested":10405,"color":"rgb(214,39,40)"},{"description":"Asian","count":11,"tested":193,"color":"rgb(140,86,75)"},{"description":"Black","count":1059,"tested":12495,"color":"rgb(255,127,14)"},{"description":"White","count":297,"tested":3532,"color":"rgb(31,119,180)"},{"description":"Left Blank","count":1503,"tested":19921,"color":"rgb(44,160,44)"},{"description":"Other","count":165,"tested":1548,"color":"rgb(148,103,189)"},{"description":"AI/AN**","count":10,"tested":31,"color":"rgb(31,119,180)"}],"gender":[{"description":"Female","count":2682,"tested":27554,"color":"rgb(255,127,14)"},{"description":"Male","count":2375,"tested":19607,"color":"rgb(31,119,180)"},{"description":"Unknown/Left Blank","count":66,"tested":1115,"color":"rgb(44,160,44)"}]}
