{"age":[{"age_group":"<20","count":59,"tested":1175},{"age_group":"20-29   ","count":892,"tested":14082},{"age_group":"30-39   ","count":653,"tested":11677},{"age_group":"40-49   ","count":194,"tested":3584},{"age_group":"50-59   ","count":133,"tested":2540},{"age_group":"60-69   ","count":68,"tested":1559},{"age_group":"70-79   ","count":19,"tested":635},{"age_group":"80+","count":9,"tested":220}],"race":[{"description":"Asian","count":87,"tested":2367,"color":"rgb(140,86,75)"},{"description":"Black","count":82,"tested":1018,"color":"rgb(255,127,14)"},{"description":"Hispanic","count":98,"tested":795,"color":"rgb(214,39,40)"},{"description":"White","count":1014,"tested":13612,"color":"rgb(31,119,180)"},{"description":"Left Blank","count":631,"tested":15960,"color":"rgb(44,160,44)"},{"description":"Other","count":108,"tested":1660,"color":"rgb(148,103,189)"}],"gender":[{"description":"Female","count":904,"tested":17631,"color":"rgb(255,127,14)"},{"description":"Male","count":1051,"tested":17156,"color":"rgb(31,119,180)"},{"description":"Unknown/Left Blank","count":72,"tested":692,"color":"rgb(44,160,44)"}]}
