{"age":[{"age_group":"<20","count":6,"tested":94},{"age_group":"20-29   ","count":10,"tested":102},{"age_group":"30-39   ","count":7,"tested":58},{"age_group":"50-59   ","count":7,"tested":57}],"race":[{"description":"White","count":20,"tested":203,"color":"rgb(31,119,180)"},{"description":"Hispanic","count":13,"tested":86,"color":"rgb(214,39,40)"}],"gender":[{"description":"Male","count":24,"tested":253,"color":"rgb(31,119,180)"},{"description":"Female","count":16,"tested":170,"color":"rgb(255,127,14)"}]}
