{"age":[{"age_group":"<20","count":498,"tested":3201},{"age_group":"20-29   ","count":635,"tested":5562},{"age_group":"30-39   ","count":512,"tested":5098},{"age_group":"40-49   ","count":461,"tested":4990},{"age_group":"50-59   ","count":447,"tested":5676},{"age_group":"60-69   ","count":269,"tested":3564},{"age_group":"70-79   ","count":109,"tested":1418},{"age_group":"80+","count":58,"tested":812}],"race":[{"description":"White","count":258,"tested":3803,"color":"rgb(31,119,180)"},{"description":"Other","count":84,"tested":1092,"color":"rgb(148,103,189)"},{"description":"Left Blank","count":1169,"tested":13297,"color":"rgb(44,160,44)"},{"description":"Black","count":417,"tested":6829,"color":"rgb(255,127,14)"},{"description":"Hispanic","count":1052,"tested":5190,"color":"rgb(214,39,40)"},{"description":"Asian","count":6,"tested":58,"color":"rgb(140,86,75)"}],"gender":[{"description":"Female","count":1576,"tested":15072,"color":"rgb(255,127,14)"},{"description":"Male","count":1403,"tested":14879,"color":"rgb(31,119,180)"},{"description":"Unknown/Left Blank","count":10,"tested":376,"color":"rgb(44,160,44)"}]}
