{"age":[{"age_group":"<20","count":47,"tested":564},{"age_group":"20-29   ","count":57,"tested":579},{"age_group":"30-39   ","count":61,"tested":447},{"age_group":"40-49   ","count":71,"tested":508},{"age_group":"50-59   ","count":61,"tested":689},{"age_group":"60-69   ","count":44,"tested":453},{"age_group":"70-79   ","count":22,"tested":272},{"age_group":"80+","count":9,"tested":147}],"race":[{"description":"Other","count":12,"tested":128,"color":"rgb(148,103,189)"},{"description":"Hispanic","count":20,"tested":107,"color":"rgb(214,39,40)"},{"description":"Left Blank","count":62,"tested":1052,"color":"rgb(44,160,44)"},{"description":"White","count":276,"tested":2350,"color":"rgb(31,119,180)"}],"gender":[{"description":"Female","count":195,"tested":2038,"color":"rgb(255,127,14)"},{"description":"Male","count":177,"tested":1535,"color":"rgb(31,119,180)"}]}
