{"age":[{"age_group":"<20","count":1539,"tested":11638},{"age_group":"20-29   ","count":1891,"tested":20398},{"age_group":"30-39   ","count":1556,"tested":15427},{"age_group":"40-49   ","count":1666,"tested":15038},{"age_group":"50-59   ","count":1465,"tested":18424},{"age_group":"60-69   ","count":841,"tested":12971},{"age_group":"70-79   ","count":291,"tested":5192},{"age_group":"80+","count":156,"tested":2383}],"race":[{"description":"Left Blank","count":1762,"tested":43646,"color":"rgb(44,160,44)"},{"description":"AI/AN**","count":13,"tested":86,"color":"rgb(31,119,180)"},{"description":"Hispanic","count":5774,"tested":29899,"color":"rgb(214,39,40)"},{"description":"Other","count":230,"tested":2608,"color":"rgb(148,103,189)"},{"description":"NH/PI*","count":10,"tested":190,"color":"rgb(127,127,127)"},{"description":"White","count":722,"tested":12434,"color":"rgb(31,119,180)"},{"description":"Asian","count":108,"tested":2144,"color":"rgb(140,86,75)"},{"description":"Black","count":790,"tested":10478,"color":"rgb(255,127,14)"}],"gender":[{"description":"Female","count":4841,"tested":54283,"color":"rgb(255,127,14)"},{"description":"Male","count":4450,"tested":45759,"color":"rgb(31,119,180)"},{"description":"Unknown/Left Blank","count":118,"tested":1443,"color":"rgb(44,160,44)"}]}
