{"age":[{"age_group":"<20","count":570,"tested":5004},{"age_group":"20-29   ","count":634,"tested":7090},{"age_group":"30-39   ","count":570,"tested":7205},{"age_group":"40-49   ","count":584,"tested":6836},{"age_group":"50-59   ","count":471,"tested":6879},{"age_group":"60-69   ","count":298,"tested":5960},{"age_group":"70-79   ","count":143,"tested":2584},{"age_group":"80+","count":116,"tested":1448}],"race":[{"description":"Other","count":96,"tested":1050,"color":"rgb(148,103,189)"},{"description":"Black","count":498,"tested":5788,"color":"rgb(255,127,14)"},{"description":"White","count":564,"tested":6119,"color":"rgb(31,119,180)"},{"description":"Asian","count":39,"tested":571,"color":"rgb(140,86,75)"},{"description":"Left Blank","count":802,"tested":21735,"color":"rgb(44,160,44)"},{"description":"NH/PI*","count":6,"tested":67,"color":"rgb(127,127,127)"},{"description":"Hispanic","count":1379,"tested":7644,"color":"rgb(214,39,40)"}],"gender":[{"description":"Unknown/Left Blank","count":76,"tested":413,"color":"rgb(44,160,44)"},{"description":"Male","count":1558,"tested":16227,"color":"rgb(31,119,180)"},{"description":"Female","count":1753,"tested":26375,"color":"rgb(255,127,14)"}]}
