{"age":[{"age_group":"<20","count":214,"tested":6495},{"age_group":"20-29   ","count":734,"tested":23264},{"age_group":"30-39   ","count":746,"tested":16948},{"age_group":"40-49   ","count":334,"tested":7029},{"age_group":"50-59   ","count":302,"tested":4150},{"age_group":"60-69   ","count":184,"tested":2811},{"age_group":"70-79   ","count":57,"tested":956},{"age_group":"80+","count":22,"tested":379}],"race":[{"description":"Other","count":150,"tested":4099,"color":"rgb(148,103,189)"},{"description":"Left Blank","count":659,"tested":19454,"color":"rgb(44,160,44)"},{"description":"Black","count":466,"tested":6430,"color":"rgb(255,127,14)"},{"description":"Asian","count":163,"tested":8563,"color":"rgb(140,86,75)"},{"description":"Hispanic","count":229,"tested":3654,"color":"rgb(214,39,40)"},{"description":"White","count":923,"tested":19690,"color":"rgb(31,119,180)"}],"gender":[{"description":"Female","count":1142,"tested":30785,"color":"rgb(255,127,14)"},{"description":"Male","count":1325,"tested":28228,"color":"rgb(31,119,180)"},{"description":"Unknown/Left Blank","count":127,"tested":3033,"color":"rgb(44,160,44)"}]}
