{"age":[{"age_group":"<20","count":141,"tested":3140},{"age_group":"20-29   ","count":1581,"tested":25384},{"age_group":"30-39   ","count":720,"tested":15372},{"age_group":"40-49   ","count":268,"tested":5336},{"age_group":"50-59   ","count":246,"tested":5819},{"age_group":"60-69   ","count":199,"tested":5963},{"age_group":"70-79   ","count":157,"tested":5329},{"age_group":"80+","count":91,"tested":4008}],"race":[{"description":"Asian","count":93,"tested":2204,"color":"rgb(140,86,75)"},{"description":"White","count":1590,"tested":24601,"color":"rgb(31,119,180)"},{"description":"Left Blank","count":968,"tested":34382,"color":"rgb(44,160,44)"},{"description":"Hispanic","count":165,"tested":1237,"color":"rgb(214,39,40)"},{"description":"Other","count":164,"tested":2504,"color":"rgb(148,103,189)"},{"description":"Black","count":418,"tested":5329,"color":"rgb(255,127,14)"}],"gender":[{"description":"Unknown/Left Blank","count":123,"tested":1162,"color":"rgb(44,160,44)"},{"description":"Male","count":1529,"tested":29886,"color":"rgb(31,119,180)"},{"description":"Female","count":1751,"tested":39312,"color":"rgb(255,127,14)"}]}
