{"age":[{"age_group":"<20","count":159,"tested":3260},{"age_group":"20-29   ","count":74,"tested":1678},{"age_group":"30-39   ","count":30,"tested":1194},{"age_group":"40-49   ","count":72,"tested":1616},{"age_group":"50-59   ","count":78,"tested":1940},{"age_group":"60-69   ","count":31,"tested":1248},{"age_group":"70-79   ","count":16,"tested":645},{"age_group":"80+","count":7,"tested":296}],"race":[{"description":"Other","count":67,"tested":1263,"color":"rgb(148,103,189)"},{"description":"Left Blank","count":109,"tested":4218,"color":"rgb(44,160,44)"},{"description":"Asian","count":8,"tested":217,"color":"rgb(140,86,75)"},{"description":"Hispanic","count":19,"tested":181,"color":"rgb(214,39,40)"},{"description":"White","count":261,"tested":5948,"color":"rgb(31,119,180)"}],"gender":[{"description":"Male","count":260,"tested":5862,"color":"rgb(31,119,180)"},{"description":"Female","count":205,"tested":5970,"color":"rgb(255,127,14)"}]}
