{"age":[{"age_group":"<20","count":482,"tested":5149},{"age_group":"20-29   ","count":178,"tested":2881},{"age_group":"30-39   ","count":108,"tested":2462},{"age_group":"40-49   ","count":215,"tested":3335},{"age_group":"50-59   ","count":300,"tested":4209},{"age_group":"60-69   ","count":191,"tested":3166},{"age_group":"70-79   ","count":104,"tested":2277},{"age_group":"80+","count":99,"tested":2225}],"race":[{"description":"Hispanic","count":62,"tested":498,"color":"rgb(214,39,40)"},{"description":"Left Blank","count":410,"tested":12872,"color":"rgb(44,160,44)"},{"description":"White","count":1056,"tested":9933,"color":"rgb(31,119,180)"},{"description":"Asian","count":68,"tested":1028,"color":"rgb(140,86,75)"},{"description":"Black","count":24,"tested":460,"color":"rgb(255,127,14)"},{"description":"Other","count":56,"tested":885,"color":"rgb(148,103,189)"}],"gender":[{"description":"Male","count":801,"tested":11115,"color":"rgb(31,119,180)"},{"description":"Female","count":846,"tested":14330,"color":"rgb(255,127,14)"},{"description":"Unknown/Left Blank","count":30,"tested":261,"color":"rgb(44,160,44)"}]}
