{"age":[{"age_group":"<20","count":37,"tested":459},{"age_group":"20-29   ","count":26,"tested":328},{"age_group":"30-39   ","count":29,"tested":291},{"age_group":"40-49   ","count":36,"tested":256},{"age_group":"50-59   ","count":43,"tested":455},{"age_group":"60-69   ","count":32,"tested":334},{"age_group":"70-79   ","count":19,"tested":200},{"age_group":"80+","count":44,"tested":143}],"race":[{"description":"White","count":234,"tested":1539,"color":"rgb(31,119,180)"},{"description":"Left Blank","count":18,"tested":815,"color":"rgb(44,160,44)"},{"description":"Hispanic","count":8,"tested":39,"color":"rgb(214,39,40)"}],"gender":[{"description":"Male","count":116,"tested":929,"color":"rgb(31,119,180)"},{"description":"Female","count":150,"tested":1516,"color":"rgb(255,127,14)"}]}
