{"age":[{"age_group":"<20","count":17,"tested":168},{"age_group":"20-29   ","count":17,"tested":262},{"age_group":"30-39   ","count":20,"tested":89},{"age_group":"40-49   ","count":19,"tested":111},{"age_group":"50-59   ","count":23,"tested":268},{"age_group":"60-69   ","count":13,"tested":96},{"age_group":"70-79   ","count":12,"tested":85}],"race":[{"description":"White","count":100,"tested":646,"color":"rgb(31,119,180)"},{"description":"Left Blank","count":16,"tested":422,"color":"rgb(44,160,44)"}],"gender":[{"description":"Female","count":67,"tested":632,"color":"rgb(255,127,14)"},{"description":"Male","count":55,"tested":463,"color":"rgb(31,119,180)"}]}
