{"age":[{"age_group":"<20","count":213,"tested":1824},{"age_group":"20-29   ","count":196,"tested":1647},{"age_group":"30-39   ","count":231,"tested":2044},{"age_group":"40-49   ","count":211,"tested":1696},{"age_group":"50-59   ","count":168,"tested":1609},{"age_group":"60-69   ","count":93,"tested":1019},{"age_group":"70-79   ","count":41,"tested":581},{"age_group":"80+","count":10,"tested":203}],"race":[{"description":"Other","count":26,"tested":243,"color":"rgb(148,103,189)"},{"description":"Left Blank","count":388,"tested":4274,"color":"rgb(44,160,44)"},{"description":"White","count":667,"tested":5506,"color":"rgb(31,119,180)"},{"description":"Black","count":10,"tested":181,"color":"rgb(255,127,14)"},{"description":"Hispanic","count":69,"tested":372,"color":"rgb(214,39,40)"}],"gender":[{"description":"Male","count":567,"tested":4822,"color":"rgb(31,119,180)"},{"description":"Female","count":588,"tested":5668,"color":"rgb(255,127,14)"}]}
