{"age":[{"age_group":"<20","count":307,"tested":14833},{"age_group":"20-29   ","count":245,"tested":6993},{"age_group":"30-39   ","count":90,"tested":3096},{"age_group":"40-49   ","count":188,"tested":4503},{"age_group":"50-59   ","count":224,"tested":5227},{"age_group":"60-69   ","count":140,"tested":3755},{"age_group":"70-79   ","count":77,"tested":2479},{"age_group":"80+","count":48,"tested":3341}],"race":[{"description":"Hispanic","count":36,"tested":1493,"color":"rgb(214,39,40)"},{"description":"White","count":845,"tested":24463,"color":"rgb(31,119,180)"},{"description":"Asian","count":39,"tested":1784,"color":"rgb(140,86,75)"},{"description":"Black","count":7,"tested":746,"color":"rgb(255,127,14)"},{"description":"Left Blank","count":289,"tested":13751,"color":"rgb(44,160,44)"},{"description":"Other","count":95,"tested":1895,"color":"rgb(148,103,189)"}],"gender":[{"description":"Male","count":695,"tested":21569,"color":"rgb(31,119,180)"},{"description":"Unknown/Left Blank","count":22,"tested":1299,"color":"rgb(44,160,44)"},{"description":"Female","count":602,"tested":21375,"color":"rgb(255,127,14)"}]}
