{"age":[{"age_group":"<20","count":2259,"tested":13597},{"age_group":"20-29   ","count":2685,"tested":21469},{"age_group":"30-39   ","count":2366,"tested":15765},{"age_group":"40-49   ","count":2313,"tested":13978},{"age_group":"50-59   ","count":1872,"tested":12031},{"age_group":"60-69   ","count":973,"tested":8036},{"age_group":"70-79   ","count":379,"tested":3589},{"age_group":"80+","count":203,"tested":1720}],"race":[{"description":"Other","count":502,"tested":4934,"color":"rgb(148,103,189)"},{"description":"Left Blank","count":2486,"tested":35644,"color":"rgb(44,160,44)"},{"description":"Asian","count":124,"tested":1619,"color":"rgb(140,86,75)"},{"description":"White","count":672,"tested":7349,"color":"rgb(31,119,180)"},{"description":"Hispanic","count":9079,"tested":38850,"color":"rgb(214,39,40)"},{"description":"Black","count":176,"tested":1670,"color":"rgb(255,127,14)"},{"description":"AI/AN**","count":9,"tested":77,"color":"rgb(31,119,180)"}],"gender":[{"description":"Unknown/Left Blank","count":106,"tested":1219,"color":"rgb(44,160,44)"},{"description":"Male","count":6307,"tested":40294,"color":"rgb(31,119,180)"},{"description":"Female","count":6637,"tested":48695,"color":"rgb(255,127,14)"}]}
