{"age":[{"age_group":"<20","count":408,"tested":4788},{"age_group":"20-29   ","count":333,"tested":3240},{"age_group":"30-39   ","count":305,"tested":3142},{"age_group":"40-49   ","count":341,"tested":3199},{"age_group":"50-59   ","count":343,"tested":2998},{"age_group":"60-69   ","count":236,"tested":2403},{"age_group":"70-79   ","count":105,"tested":1324},{"age_group":"80+","count":35,"tested":967}],"race":[{"description":"Asian","count":28,"tested":230,"color":"rgb(140,86,75)"},{"description":"Left Blank","count":183,"tested":7763,"color":"rgb(44,160,44)"},{"description":"White","count":1700,"tested":12617,"color":"rgb(31,119,180)"},{"description":"Black","count":43,"tested":379,"color":"rgb(255,127,14)"},{"description":"Other","count":21,"tested":386,"color":"rgb(148,103,189)"},{"description":"Hispanic","count":128,"tested":661,"color":"rgb(214,39,40)"}],"gender":[{"description":"Male","count":997,"tested":9658,"color":"rgb(31,119,180)"},{"description":"Female","count":1106,"tested":12267,"color":"rgb(255,127,14)"}]}
