{"age":[{"age_group":"<20","count":38,"tested":648},{"age_group":"20-29   ","count":51,"tested":942},{"age_group":"30-39   ","count":51,"tested":882},{"age_group":"40-49   ","count":42,"tested":975},{"age_group":"50-59   ","count":48,"tested":1082},{"age_group":"60-69   ","count":24,"tested":1001},{"age_group":"70-79   ","count":34,"tested":724},{"age_group":"80+","count":36,"tested":2529}],"race":[{"description":"Hispanic","count":11,"tested":124,"color":"rgb(214,39,40)"},{"description":"White","count":216,"tested":6520,"color":"rgb(31,119,180)"},{"description":"Left Blank","count":97,"tested":2001,"color":"rgb(44,160,44)"},{"description":"Other","count":7,"tested":36,"color":"rgb(148,103,189)"}],"gender":[{"description":"Female","count":187,"tested":6763,"color":"rgb(255,127,14)"},{"description":"Male","count":142,"tested":1888,"color":"rgb(31,119,180)"}]}
