{"age":[{"age_group":"<20","count":958,"tested":6241},{"age_group":"20-29   ","count":1686,"tested":22462},{"age_group":"30-39   ","count":1470,"tested":18125},{"age_group":"40-49   ","count":1212,"tested":10675},{"age_group":"50-59   ","count":1016,"tested":8120},{"age_group":"60-69   ","count":704,"tested":6171},{"age_group":"70-79   ","count":409,"tested":2939},{"age_group":"80+","count":258,"tested":1661}],"race":[{"description":"Other","count":362,"tested":3542,"color":"rgb(148,103,189)"},{"description":"Left Blank","count":1220,"tested":23297,"color":"rgb(44,160,44)"},{"description":"Hispanic","count":3986,"tested":23503,"color":"rgb(214,39,40)"},{"description":"Asian","count":269,"tested":2952,"color":"rgb(140,86,75)"},{"description":"White","count":838,"tested":13895,"color":"rgb(31,119,180)"},{"description":"Black","count":812,"tested":9051,"color":"rgb(255,127,14)"},{"description":"AI/AN**","count":115,"tested":123,"color":"rgb(31,119,180)"}],"gender":[{"description":"Unknown/Left Blank","count":176,"tested":2625,"color":"rgb(44,160,44)"},{"description":"Male","count":3649,"tested":36775,"color":"rgb(31,119,180)"},{"description":"Female","count":3353,"tested":37015,"color":"rgb(255,127,14)"}]}
