{"age":[{"age_group":"<20","count":29,"tested":345},{"age_group":"20-29   ","count":23,"tested":500},{"age_group":"30-39   ","count":27,"tested":260},{"age_group":"40-49   ","count":29,"tested":419},{"age_group":"50-59   ","count":51,"tested":451},{"age_group":"60-69   ","count":35,"tested":579},{"age_group":"70-79   ","count":30,"tested":257},{"age_group":"80+","count":31,"tested":774}],"race":[{"description":"Left Blank","count":79,"tested":2809,"color":"rgb(44,160,44)"},{"description":"White","count":124,"tested":741,"color":"rgb(31,119,180)"}],"gender":[{"description":"Male","count":88,"tested":1039,"color":"rgb(31,119,180)"},{"description":"Female","count":117,"tested":2469,"color":"rgb(255,127,14)"}]}
