{"age":[{"age_group":"<20","count":46,"tested":242},{"age_group":"20-29   ","count":62,"tested":193},{"age_group":"40-49   ","count":51,"tested":253},{"age_group":"50-59   ","count":56,"tested":345},{"age_group":"60-69   ","count":49,"tested":148}],"race":[{"description":"Other","count":42,"tested":24,"color":"rgb(148,103,189)"},{"description":"White","count":105,"tested":1006,"color":"rgb(31,119,180)"},{"description":"Left Blank","count":58,"tested":440,"color":"rgb(44,160,44)"}],"gender":[{"description":"Female","count":95,"tested":979,"color":"rgb(255,127,14)"},{"description":"Male","count":75,"tested":494,"color":"rgb(31,119,180)"}]}
