{"age":[{"age_group":"<20","count":485,"tested":3678},{"age_group":"20-29   ","count":633,"tested":5914},{"age_group":"30-39   ","count":503,"tested":4573},{"age_group":"40-49   ","count":493,"tested":4356},{"age_group":"50-59   ","count":574,"tested":5795},{"age_group":"60-69   ","count":417,"tested":4615},{"age_group":"70-79   ","count":258,"tested":2037},{"age_group":"80+","count":261,"tested":1700}],"race":[{"description":"Other","count":341,"tested":1458,"color":"rgb(148,103,189)"},{"description":"White","count":1025,"tested":12907,"color":"rgb(31,119,180)"},{"description":"Left Blank","count":678,"tested":10706,"color":"rgb(44,160,44)"},{"description":"Asian","count":257,"tested":1804,"color":"rgb(140,86,75)"},{"description":"Hispanic","count":685,"tested":3441,"color":"rgb(214,39,40)"},{"description":"Black","count":321,"tested":2127,"color":"rgb(255,127,14)"},{"description":"NH/PI*","count":164,"tested":197,"color":"rgb(127,127,127)"}],"gender":[{"description":"Female","count":1440,"tested":18457,"color":"rgb(255,127,14)"},{"description":"Male","count":1278,"tested":13831,"color":"rgb(31,119,180)"},{"description":"Unknown/Left Blank","count":161,"tested":384,"color":"rgb(44,160,44)"}]}
