{"age":[{"age_group":"<20","count":135,"tested":691},{"age_group":"20-29   ","count":740,"tested":9606},{"age_group":"30-39   ","count":583,"tested":8353},{"age_group":"40-49   ","count":234,"tested":2442},{"age_group":"50-59   ","count":202,"tested":1759},{"age_group":"60-69   ","count":148,"tested":1140},{"age_group":"70-79   ","count":108,"tested":449},{"age_group":"80+","count":100,"tested":181}],"race":[{"description":"Asian","count":147,"tested":1223,"color":"rgb(140,86,75)"},{"description":"Black","count":160,"tested":714,"color":"rgb(255,127,14)"},{"description":"Hispanic","count":161,"tested":541,"color":"rgb(214,39,40)"},{"description":"White","count":822,"tested":8996,"color":"rgb(31,119,180)"},{"description":"Left Blank","count":606,"tested":12014,"color":"rgb(44,160,44)"},{"description":"Other","count":168,"tested":1092,"color":"rgb(148,103,189)"}],"gender":[{"description":"Female","count":791,"tested":12828,"color":"rgb(255,127,14)"},{"description":"Male","count":881,"tested":11387,"color":"rgb(31,119,180)"},{"description":"Unknown/Left Blank","count":123,"tested":410,"color":"rgb(44,160,44)"}]}
