{"age":[{"age_group":"<20","count":232,"tested":1825},{"age_group":"20-29   ","count":221,"tested":2534},{"age_group":"30-39   ","count":270,"tested":2728},{"age_group":"40-49   ","count":284,"tested":2786},{"age_group":"50-59   ","count":251,"tested":3012},{"age_group":"60-69   ","count":215,"tested":2729},{"age_group":"70-79   ","count":150,"tested":1745},{"age_group":"80+","count":140,"tested":1104}],"race":[{"description":"Black","count":459,"tested":4864,"color":"rgb(255,127,14)"},{"description":"Asian","count":66,"tested":97,"color":"rgb(140,86,75)"},{"description":"Hispanic","count":114,"tested":435,"color":"rgb(214,39,40)"},{"description":"Other","count":89,"tested":345,"color":"rgb(148,103,189)"},{"description":"Left Blank","count":594,"tested":8739,"color":"rgb(44,160,44)"},{"description":"White","count":321,"tested":3946,"color":"rgb(31,119,180)"}],"gender":[{"description":"Male","count":616,"tested":7338,"color":"rgb(31,119,180)"},{"description":"Unknown/Left Blank","count":73,"tested":331,"color":"rgb(44,160,44)"},{"description":"Female","count":779,"tested":10802,"color":"rgb(255,127,14)"}]}
