{"age":[{"age_group":"<20","count":192,"tested":1174},{"age_group":"20-29   ","count":173,"tested":1202},{"age_group":"30-39   ","count":152,"tested":1043},{"age_group":"40-49   ","count":192,"tested":1066},{"age_group":"50-59   ","count":196,"tested":1382},{"age_group":"60-69   ","count":152,"tested":1156},{"age_group":"70-79   ","count":104,"tested":864},{"age_group":"80+","count":95,"tested":437}],"race":[{"description":"Left Blank","count":264,"tested":2702,"color":"rgb(44,160,44)"},{"description":"Hispanic","count":131,"tested":406,"color":"rgb(214,39,40)"},{"description":"Other","count":92,"tested":215,"color":"rgb(148,103,189)"},{"description":"White","count":472,"tested":4843,"color":"rgb(31,119,180)"},{"description":"Asian","count":77,"tested":65,"color":"rgb(140,86,75)"}],"gender":[{"description":"Female","count":417,"tested":4378,"color":"rgb(255,127,14)"},{"description":"Male","count":411,"tested":3884,"color":"rgb(31,119,180)"}]}
