{"age":[{"age_group":"<20","count":57,"tested":805},{"age_group":"20-29   ","count":357,"tested":7021},{"age_group":"30-39   ","count":238,"tested":4404},{"age_group":"40-49   ","count":95,"tested":1469},{"age_group":"50-59   ","count":94,"tested":1587},{"age_group":"60-69   ","count":73,"tested":1255},{"age_group":"70-79   ","count":65,"tested":806},{"age_group":"80+","count":47,"tested":451}],"race":[{"description":"White","count":346,"tested":5049,"color":"rgb(31,119,180)"},{"description":"Black","count":94,"tested":1295,"color":"rgb(255,127,14)"},{"description":"Asian","count":86,"tested":1685,"color":"rgb(140,86,75)"},{"description":"Other","count":67,"tested":897,"color":"rgb(148,103,189)"},{"description":"Left Blank","count":297,"tested":8322,"color":"rgb(44,160,44)"},{"description":"Hispanic","count":82,"tested":488,"color":"rgb(214,39,40)"}],"gender":[{"description":"Female","count":392,"tested":8929,"color":"rgb(255,127,14)"},{"description":"Male","count":472,"tested":8421,"color":"rgb(31,119,180)"},{"description":"Unknown/Left Blank","count":32,"tested":457,"color":"rgb(44,160,44)"}]}
