{"age":[{"age_group":"<20","count":685,"tested":5073},{"age_group":"20-29   ","count":629,"tested":4929},{"age_group":"30-39   ","count":507,"tested":3882},{"age_group":"40-49   ","count":611,"tested":4458},{"age_group":"50-59   ","count":686,"tested":5831},{"age_group":"60-69   ","count":547,"tested":5040},{"age_group":"70-79   ","count":444,"tested":3235},{"age_group":"80+","count":412,"tested":3372}],"race":[{"description":"Hispanic","count":375,"tested":1204,"color":"rgb(214,39,40)"},{"description":"Asian","count":414,"tested":1595,"color":"rgb(140,86,75)"},{"description":"White","count":1424,"tested":15337,"color":"rgb(31,119,180)"},{"description":"Black","count":301,"tested":324,"color":"rgb(255,127,14)"},{"description":"Other","count":367,"tested":731,"color":"rgb(148,103,189)"},{"description":"Left Blank","count":1063,"tested":16553,"color":"rgb(44,160,44)"}],"gender":[{"description":"Male","count":1396,"tested":15256,"color":"rgb(31,119,180)"},{"description":"Unknown/Left Blank","count":306,"tested":850,"color":"rgb(44,160,44)"},{"description":"Female","count":1389,"tested":19718,"color":"rgb(255,127,14)"}]}
