{"age":[{"age_group":"<20","count":513,"tested":2365},{"age_group":"20-29   ","count":483,"tested":2216},{"age_group":"30-39   ","count":463,"tested":2724},{"age_group":"40-49   ","count":513,"tested":2883},{"age_group":"50-59   ","count":499,"tested":2559},{"age_group":"60-69   ","count":391,"tested":2216},{"age_group":"70-79   ","count":349,"tested":1617},{"age_group":"80+","count":305,"tested":1040}],"race":[{"description":"Black","count":267,"tested":243,"color":"rgb(255,127,14)"},{"description":"Asian","count":363,"tested":1052,"color":"rgb(140,86,75)"},{"description":"Hispanic","count":433,"tested":974,"color":"rgb(214,39,40)"},{"description":"White","count":888,"tested":6771,"color":"rgb(31,119,180)"},{"description":"Other","count":300,"tested":357,"color":"rgb(148,103,189)"},{"description":"Left Blank","count":786,"tested":8203,"color":"rgb(44,160,44)"}],"gender":[{"description":"Female","count":1094,"tested":9792,"color":"rgb(255,127,14)"},{"description":"Male","count":994,"tested":7605,"color":"rgb(31,119,180)"},{"description":"Unknown/Left Blank","count":244,"tested":229,"color":"rgb(44,160,44)"}]}
