{"age":[{"age_group":"<20","count":1126,"tested":5035},{"age_group":"20-29   ","count":1299,"tested":6836},{"age_group":"30-39   ","count":1083,"tested":5820},{"age_group":"40-49   ","count":1189,"tested":6342},{"age_group":"50-59   ","count":1147,"tested":6399},{"age_group":"60-69   ","count":758,"tested":2794},{"age_group":"70-79   ","count":603,"tested":1280},{"age_group":"80+","count":547,"tested":518}],"race":[{"description":"Other","count":668,"tested":1525,"color":"rgb(148,103,189)"},{"description":"Hispanic","count":1148,"tested":3682,"color":"rgb(214,39,40)"},{"description":"Asian","count":549,"tested":568,"color":"rgb(140,86,75)"},{"description":"White","count":1722,"tested":12349,"color":"rgb(31,119,180)"},{"description":"Left Blank","count":1887,"tested":14548,"color":"rgb(44,160,44)"},{"description":"Black","count":758,"tested":2273,"color":"rgb(255,127,14)"},{"description":"AI/AN**","count":513,"tested":49,"color":"rgb(31,119,180)"}],"gender":[{"description":"Male","count":2214,"tested":14775,"color":"rgb(31,119,180)"},{"description":"Unknown/Left Blank","count":531,"tested":389,"color":"rgb(44,160,44)"},{"description":"Female","count":2477,"tested":19863,"color":"rgb(255,127,14)"}]}
