{"age":[{"age_group":"<20","count":499,"tested":3137},{"age_group":"20-29   ","count":579,"tested":5288},{"age_group":"30-39   ","count":569,"tested":5306},{"age_group":"40-49   ","count":586,"tested":5152},{"age_group":"50-59   ","count":618,"tested":5322},{"age_group":"60-69   ","count":487,"tested":4358},{"age_group":"70-79   ","count":338,"tested":2697},{"age_group":"80+","count":286,"tested":2280}],"race":[{"description":"Other","count":282,"tested":712,"color":"rgb(148,103,189)"},{"description":"Black","count":251,"tested":702,"color":"rgb(255,127,14)"},{"description":"Asian","count":381,"tested":2120,"color":"rgb(140,86,75)"},{"description":"White","count":1051,"tested":8511,"color":"rgb(31,119,180)"},{"description":"Left Blank","count":1178,"tested":19961,"color":"rgb(44,160,44)"},{"description":"Hispanic","count":410,"tested":1461,"color":"rgb(214,39,40)"},{"description":"AI/AN**","count":207,"tested":18,"color":"rgb(31,119,180)"}],"gender":[{"description":"Male","count":1311,"tested":12795,"color":"rgb(31,119,180)"},{"description":"Unknown/Left Blank","count":207,"tested":594,"color":"rgb(44,160,44)"},{"description":"Female","count":1439,"tested":20174,"color":"rgb(255,127,14)"}]}
