{"age":[{"age_group":"<20","count":55,"tested":234},{"age_group":"20-29   ","count":67,"tested":441},{"age_group":"30-39   ","count":56,"tested":379},{"age_group":"40-49   ","count":56,"tested":283},{"age_group":"50-59   ","count":65,"tested":470},{"age_group":"60-69   ","count":62,"tested":344},{"age_group":"70-79   ","count":46,"tested":247},{"age_group":"80+","count":36,"tested":111}],"race":[{"description":"White","count":134,"tested":1481,"color":"rgb(31,119,180)"},{"description":"Left Blank","count":125,"tested":880,"color":"rgb(44,160,44)"},{"description":"Hispanic","count":39,"tested":78,"color":"rgb(214,39,40)"}],"gender":[{"description":"Female","count":146,"tested":1419,"color":"rgb(255,127,14)"},{"description":"Male","count":129,"tested":1073,"color":"rgb(31,119,180)"}]}
