{"age":[{"age_group":"<20","count":17,"tested":135},{"age_group":"20-29   ","count":15,"tested":119},{"age_group":"40-49   ","count":17,"tested":191},{"age_group":"50-59   ","count":14,"tested":111},{"age_group":"60-69   ","count":14,"tested":107}],"race":[{"description":"Hispanic","count":17,"tested":43,"color":"rgb(214,39,40)"},{"description":"White","count":36,"tested":609,"color":"rgb(31,119,180)"}],"gender":[{"description":"Female","count":30,"tested":473,"color":"rgb(255,127,14)"},{"description":"Male","count":29,"tested":342,"color":"rgb(31,119,180)"}]}
