{"age":[{"age_group":"<20","count":443,"tested":2787},{"age_group":"20-29   ","count":629,"tested":4151},{"age_group":"30-39   ","count":460,"tested":3493},{"age_group":"40-49   ","count":516,"tested":4010},{"age_group":"50-59   ","count":495,"tested":4534},{"age_group":"60-69   ","count":328,"tested":3640},{"age_group":"70-79   ","count":199,"tested":2459},{"age_group":"80+","count":186,"tested":2881}],"race":[{"description":"Left Blank","count":916,"tested":15984,"color":"rgb(44,160,44)"},{"description":"White","count":591,"tested":4922,"color":"rgb(31,119,180)"},{"description":"Asian","count":117,"tested":351,"color":"rgb(140,86,75)"},{"description":"Other","count":200,"tested":996,"color":"rgb(148,103,189)"},{"description":"Hispanic","count":1153,"tested":5283,"color":"rgb(214,39,40)"},{"description":"Black","count":112,"tested":402,"color":"rgb(255,127,14)"}],"gender":[{"description":"Male","count":1327,"tested":10960,"color":"rgb(31,119,180)"},{"description":"Unknown/Left Blank","count":92,"tested":164,"color":"rgb(44,160,44)"},{"description":"Female","count":1427,"tested":16847,"color":"rgb(255,127,14)"}]}
