{"age":[{"age_group":"<20","count":598,"tested":4145},{"age_group":"20-29   ","count":644,"tested":4086},{"age_group":"30-39   ","count":626,"tested":4414},{"age_group":"40-49   ","count":689,"tested":4509},{"age_group":"50-59   ","count":624,"tested":4122},{"age_group":"60-69   ","count":419,"tested":2520},{"age_group":"70-79   ","count":327,"tested":1621},{"age_group":"80+","count":332,"tested":1112}],"race":[{"description":"Black","count":373,"tested":1372,"color":"rgb(255,127,14)"},{"description":"White","count":1238,"tested":10837,"color":"rgb(31,119,180)"},{"description":"Asian","count":259,"tested":498,"color":"rgb(140,86,75)"},{"description":"Other","count":289,"tested":967,"color":"rgb(148,103,189)"},{"description":"Hispanic","count":666,"tested":2459,"color":"rgb(214,39,40)"},{"description":"Left Blank","count":1001,"tested":10363,"color":"rgb(44,160,44)"}],"gender":[{"description":"Female","count":1551,"tested":15032,"color":"rgb(255,127,14)"},{"description":"Male","count":1402,"tested":11243,"color":"rgb(31,119,180)"},{"description":"Unknown/Left Blank","count":226,"tested":255,"color":"rgb(44,160,44)"}]}
