{"age":[{"age_group":"<20","count":8,"tested":88},{"age_group":"30-39   ","count":10,"tested":65},{"age_group":"40-49   ","count":6,"tested":41},{"age_group":"50-59   ","count":9,"tested":59}],"race":[{"description":"White","count":38,"tested":199,"color":"rgb(31,119,180)"},{"description":"Left Blank","count":6,"tested":148,"color":"rgb(44,160,44)"}],"gender":[{"description":"Female","count":22,"tested":218,"color":"rgb(255,127,14)"},{"description":"Male","count":23,"tested":143,"color":"rgb(31,119,180)"}]}
