{"age":[{"age_group":"<20","count":251,"tested":1102},{"age_group":"20-29   ","count":333,"tested":1938},{"age_group":"30-39   ","count":282,"tested":1693},{"age_group":"40-49   ","count":269,"tested":1353},{"age_group":"50-59   ","count":307,"tested":1811},{"age_group":"60-69   ","count":250,"tested":1574},{"age_group":"70-79   ","count":195,"tested":810},{"age_group":"80+","count":164,"tested":406}],"race":[{"description":"Left Blank","count":499,"tested":4779,"color":"rgb(44,160,44)"},{"description":"White","count":529,"tested":4549,"color":"rgb(31,119,180)"},{"description":"Hispanic","count":273,"tested":668,"color":"rgb(214,39,40)"},{"description":"Other","count":157,"tested":193,"color":"rgb(148,103,189)"},{"description":"Black","count":161,"tested":221,"color":"rgb(255,127,14)"},{"description":"Asian","count":164,"tested":266,"color":"rgb(140,86,75)"}],"gender":[{"description":"Male","count":606,"tested":4629,"color":"rgb(31,119,180)"},{"description":"Female","count":643,"tested":5961,"color":"rgb(255,127,14)"}]}
