{"age":[{"age_group":"<20","count":52,"tested":231},{"age_group":"20-29   ","count":41,"tested":321},{"age_group":"30-39   ","count":40,"tested":265},{"age_group":"40-49   ","count":43,"tested":282},{"age_group":"50-59   ","count":46,"tested":359},{"age_group":"60-69   ","count":32,"tested":275},{"age_group":"80+","count":24,"tested":83}],"race":[{"description":"White","count":125,"tested":1028,"color":"rgb(31,119,180)"},{"description":"Left Blank","count":61,"tested":771,"color":"rgb(44,160,44)"},{"description":"Hispanic","count":29,"tested":75,"color":"rgb(214,39,40)"}],"gender":[{"description":"Female","count":106,"tested":1083,"color":"rgb(255,127,14)"},{"description":"Male","count":95,"tested":770,"color":"rgb(31,119,180)"}]}
