{"age":[{"age_group":"30-39   ","count":10,"tested":381},{"age_group":"50-59   ","count":15,"tested":375},{"age_group":"60-69   ","count":17,"tested":493},{"age_group":"70-79   ","count":16,"tested":630},{"age_group":"80+","count":10,"tested":126}],"race":[{"description":"Left Blank","count":20,"tested":200,"color":"rgb(44,160,44)"},{"description":"White","count":19,"tested":239,"color":"rgb(31,119,180)"},{"description":"Black","count":24,"tested":537,"color":"rgb(255,127,14)"}],"gender":[{"description":"Male","count":38,"tested":1875,"color":"rgb(31,119,180)"},{"description":"Female","count":28,"tested":665,"color":"rgb(255,127,14)"}]}
