{"age":[{"age_group":"<20","count":23,"tested":103},{"age_group":"20-29   ","count":17,"tested":121},{"age_group":"30-39   ","count":19,"tested":121},{"age_group":"40-49   ","count":14,"tested":84},{"age_group":"50-59   ","count":22,"tested":103},{"age_group":"60-69   ","count":17,"tested":104}],"race":[{"description":"White","count":82,"tested":316,"color":"rgb(31,119,180)"},{"description":"Left Blank","count":11,"tested":370,"color":"rgb(44,160,44)"},{"description":"Hispanic","count":16,"tested":22,"color":"rgb(214,39,40)"}],"gender":[{"description":"Male","count":47,"tested":325,"color":"rgb(31,119,180)"},{"description":"Female","count":62,"tested":401,"color":"rgb(255,127,14)"}]}
