{"age":[{"age_group":"<20","count":602,"tested":3315},{"age_group":"20-29   ","count":768,"tested":7058},{"age_group":"30-39   ","count":705,"tested":6607},{"age_group":"40-49   ","count":725,"tested":5813},{"age_group":"50-59   ","count":698,"tested":6064},{"age_group":"60-69   ","count":553,"tested":5655},{"age_group":"70-79   ","count":341,"tested":2919},{"age_group":"80+","count":381,"tested":4872}],"race":[{"description":"Black","count":215,"tested":525,"color":"rgb(255,127,14)"},{"description":"Asian","count":344,"tested":2443,"color":"rgb(140,86,75)"},{"description":"Hispanic","count":1399,"tested":6224,"color":"rgb(214,39,40)"},{"description":"Left Blank","count":1078,"tested":23134,"color":"rgb(44,160,44)"},{"description":"White","count":994,"tested":8542,"color":"rgb(31,119,180)"},{"description":"Other","count":379,"tested":1414,"color":"rgb(148,103,189)"}],"gender":[{"description":"Male","count":1771,"tested":15868,"color":"rgb(31,119,180)"},{"description":"Unknown/Left Blank","count":201,"tested":998,"color":"rgb(44,160,44)"},{"description":"Female","count":1916,"tested":25503,"color":"rgb(255,127,14)"}]}
