{"age":[{"age_group":"<20","count":195,"tested":2023},{"age_group":"20-29   ","count":1200,"tested":17617},{"age_group":"30-39   ","count":653,"tested":10788},{"age_group":"40-49   ","count":310,"tested":3683},{"age_group":"50-59   ","count":300,"tested":4101},{"age_group":"60-69   ","count":266,"tested":4165},{"age_group":"70-79   ","count":248,"tested":3953},{"age_group":"80+","count":182,"tested":2877}],"race":[{"description":"Hispanic","count":229,"tested":777,"color":"rgb(214,39,40)"},{"description":"Asian","count":163,"tested":1235,"color":"rgb(140,86,75)"},{"description":"White","count":1195,"tested":16370,"color":"rgb(31,119,180)"},{"description":"Left Blank","count":901,"tested":25451,"color":"rgb(44,160,44)"},{"description":"Other","count":215,"tested":1668,"color":"rgb(148,103,189)"},{"description":"Black","count":431,"tested":3655,"color":"rgb(255,127,14)"}],"gender":[{"description":"Unknown/Left Blank","count":158,"tested":853,"color":"rgb(44,160,44)"},{"description":"Male","count":1223,"tested":20421,"color":"rgb(31,119,180)"},{"description":"Female","count":1428,"tested":27939,"color":"rgb(255,127,14)"}]}
