{"age":[{"age_group":"<20","count":141,"tested":1872},{"age_group":"20-29   ","count":97,"tested":1592},{"age_group":"30-39   ","count":102,"tested":1529},{"age_group":"40-49   ","count":69,"tested":1061},{"age_group":"50-59   ","count":80,"tested":1346},{"age_group":"60-69   ","count":82,"tested":1199},{"age_group":"70-79   ","count":45,"tested":731},{"age_group":"80+","count":71,"tested":776}],"race":[{"description":"Left Blank","count":94,"tested":2198,"color":"rgb(44,160,44)"},{"description":"Other","count":10,"tested":164,"color":"rgb(148,103,189)"},{"description":"White","count":550,"tested":7444,"color":"rgb(31,119,180)"},{"description":"Black","count":8,"tested":118,"color":"rgb(255,127,14)"},{"description":"Hispanic","count":22,"tested":159,"color":"rgb(214,39,40)"}],"gender":[{"description":"Female","count":361,"tested":6372,"color":"rgb(255,127,14)"},{"description":"Male","count":313,"tested":3679,"color":"rgb(31,119,180)"}]}
