{"age":[{"age_group":"<20","count":372,"tested":4869},{"age_group":"20-29   ","count":490,"tested":5899},{"age_group":"30-39   ","count":510,"tested":6779},{"age_group":"40-49   ","count":519,"tested":7225},{"age_group":"50-59   ","count":520,"tested":7154},{"age_group":"60-69   ","count":300,"tested":5426},{"age_group":"70-79   ","count":147,"tested":3347},{"age_group":"80+","count":246,"tested":6760}],"race":[{"description":"Black","count":30,"tested":460,"color":"rgb(255,127,14)"},{"description":"White","count":1741,"tested":19181,"color":"rgb(31,119,180)"},{"description":"Asian","count":63,"tested":1180,"color":"rgb(140,86,75)"},{"description":"Hispanic","count":355,"tested":2945,"color":"rgb(214,39,40)"},{"description":"Left Blank","count":747,"tested":22027,"color":"rgb(44,160,44)"},{"description":"Other","count":164,"tested":1596,"color":"rgb(148,103,189)"}],"gender":[{"description":"Female","count":1532,"tested":26571,"color":"rgb(255,127,14)"},{"description":"Male","count":1524,"tested":19074,"color":"rgb(31,119,180)"},{"description":"Unknown/Left Blank","count":49,"tested":1820,"color":"rgb(44,160,44)"}]}
