{"age":[{"age_group":"<20","count":709,"tested":8398},{"age_group":"20-29   ","count":834,"tested":9110},{"age_group":"30-39   ","count":781,"tested":8904},{"age_group":"40-49   ","count":814,"tested":8251},{"age_group":"50-59   ","count":750,"tested":8941},{"age_group":"60-69   ","count":518,"tested":7042},{"age_group":"70-79   ","count":231,"tested":3855},{"age_group":"80+","count":144,"tested":2604}],"race":[{"description":"AI/AN**","count":8,"tested":116,"color":"rgb(31,119,180)"},{"description":"NH/PI*","count":10,"tested":95,"color":"rgb(127,127,127)"},{"description":"Black","count":102,"tested":1121,"color":"rgb(255,127,14)"},{"description":"Asian","count":380,"tested":4732,"color":"rgb(140,86,75)"},{"description":"Hispanic","count":850,"tested":4260,"color":"rgb(214,39,40)"},{"description":"White","count":2134,"tested":24519,"color":"rgb(31,119,180)"},{"description":"Left Blank","count":1013,"tested":20067,"color":"rgb(44,160,44)"},{"description":"Other","count":286,"tested":2206,"color":"rgb(148,103,189)"}],"gender":[{"description":"Female","count":2393,"tested":31656,"color":"rgb(255,127,14)"},{"description":"Unknown/Left Blank","count":30,"tested":650,"color":"rgb(44,160,44)"},{"description":"Male","count":2360,"tested":24810,"color":"rgb(31,119,180)"}]}
