{"age":[{"age_group":"<20","count":324,"tested":3698},{"age_group":"20-29   ","count":378,"tested":6740},{"age_group":"30-39   ","count":533,"tested":8637},{"age_group":"40-49   ","count":418,"tested":7729},{"age_group":"50-59   ","count":329,"tested":7509},{"age_group":"60-69   ","count":271,"tested":7353},{"age_group":"70-79   ","count":146,"tested":4159},{"age_group":"80+","count":84,"tested":2363}],"race":[{"description":"Left Blank","count":544,"tested":18544,"color":"rgb(44,160,44)"},{"description":"White","count":79,"tested":1744,"color":"rgb(31,119,180)"},{"description":"Other","count":44,"tested":901,"color":"rgb(148,103,189)"},{"description":"Black","count":1711,"tested":25669,"color":"rgb(255,127,14)"},{"description":"Hispanic","count":83,"tested":944,"color":"rgb(214,39,40)"},{"description":"Asian","count":20,"tested":305,"color":"rgb(140,86,75)"}],"gender":[{"description":"Male","count":1026,"tested":19450,"color":"rgb(31,119,180)"},{"description":"Unknown/Left Blank","count":36,"tested":1605,"color":"rgb(44,160,44)"},{"description":"Female","count":1421,"tested":27160,"color":"rgb(255,127,14)"}]}
