{"age":[{"age_group":"<20","count":1532,"tested":11527},{"age_group":"20-29   ","count":1878,"tested":20190},{"age_group":"30-39   ","count":1550,"tested":15285},{"age_group":"40-49   ","count":1659,"tested":14922},{"age_group":"50-59   ","count":1464,"tested":18250},{"age_group":"60-69   ","count":838,"tested":12845},{"age_group":"70-79   ","count":290,"tested":5145},{"age_group":"80+","count":155,"tested":2362}],"race":[{"description":"Left Blank","count":1755,"tested":43180,"color":"rgb(44,160,44)"},{"description":"AI/AN**","count":13,"tested":83,"color":"rgb(31,119,180)"},{"description":"Hispanic","count":5757,"tested":29664,"color":"rgb(214,39,40)"},{"description":"Other","count":229,"tested":2577,"color":"rgb(148,103,189)"},{"description":"NH/PI*","count":10,"tested":189,"color":"rgb(127,127,127)"},{"description":"White","count":719,"tested":12347,"color":"rgb(31,119,180)"},{"description":"Asian","count":106,"tested":2115,"color":"rgb(140,86,75)"},{"description":"Black","count":781,"tested":10385,"color":"rgb(255,127,14)"}],"gender":[{"description":"Female","count":4828,"tested":53775,"color":"rgb(255,127,14)"},{"description":"Male","count":4425,"tested":45325,"color":"rgb(31,119,180)"},{"description":"Unknown/Left Blank","count":117,"tested":1440,"color":"rgb(44,160,44)"}]}
