{"age":[{"age_group":"<20","count":71,"tested":967},{"age_group":"20-29   ","count":87,"tested":739},{"age_group":"30-39   ","count":86,"tested":789},{"age_group":"40-49   ","count":86,"tested":939},{"age_group":"50-59   ","count":82,"tested":921},{"age_group":"60-69   ","count":63,"tested":795},{"age_group":"70-79   ","count":58,"tested":708},{"age_group":"80+","count":14,"tested":265}],"race":[{"description":"White","count":306,"tested":2837,"color":"rgb(31,119,180)"},{"description":"Left Blank","count":218,"tested":3078,"color":"rgb(44,160,44)"},{"description":"Hispanic","count":12,"tested":68,"color":"rgb(214,39,40)"}],"gender":[{"description":"Male","count":264,"tested":2609,"color":"rgb(31,119,180)"},{"description":"Female","count":283,"tested":3423,"color":"rgb(255,127,14)"}]}
