{"age":[{"age_group":"<20","count":546,"tested":5208},{"age_group":"20-29   ","count":672,"tested":6612},{"age_group":"30-39   ","count":554,"tested":5919},{"age_group":"40-49   ","count":555,"tested":5121},{"age_group":"50-59   ","count":561,"tested":6042},{"age_group":"60-69   ","count":342,"tested":5155},{"age_group":"70-79   ","count":131,"tested":2639},{"age_group":"80+","count":96,"tested":1787}],"race":[{"description":"Hispanic","count":1221,"tested":6134,"color":"rgb(214,39,40)"},{"description":"Left Blank","count":824,"tested":13457,"color":"rgb(44,160,44)"},{"description":"White","count":1063,"tested":14826,"color":"rgb(31,119,180)"},{"description":"Other","count":193,"tested":1467,"color":"rgb(148,103,189)"},{"description":"NH/PI*","count":6,"tested":91,"color":"rgb(127,127,127)"},{"description":"Black","count":37,"tested":566,"color":"rgb(255,127,14)"},{"description":"Asian","count":112,"tested":1873,"color":"rgb(140,86,75)"}],"gender":[{"description":"Unknown/Left Blank","count":27,"tested":327,"color":"rgb(44,160,44)"},{"description":"Male","count":1732,"tested":16837,"color":"rgb(31,119,180)"},{"description":"Female","count":1699,"tested":21322,"color":"rgb(255,127,14)"}]}
