{"age":[{"age_group":"<20","count":79,"tested":880},{"age_group":"20-29   ","count":98,"tested":1020},{"age_group":"30-39   ","count":85,"tested":817},{"age_group":"40-49   ","count":112,"tested":780},{"age_group":"50-59   ","count":111,"tested":1083},{"age_group":"60-69   ","count":53,"tested":744},{"age_group":"70-79   ","count":35,"tested":378},{"age_group":"80+","count":7,"tested":155}],"race":[{"description":"Left Blank","count":120,"tested":1386,"color":"rgb(44,160,44)"},{"description":"Other","count":25,"tested":185,"color":"rgb(148,103,189)"},{"description":"Hispanic","count":30,"tested":199,"color":"rgb(214,39,40)"},{"description":"White","count":403,"tested":3984,"color":"rgb(31,119,180)"}],"gender":[{"description":"Female","count":283,"tested":3218,"color":"rgb(255,127,14)"},{"description":"Male","count":297,"tested":2536,"color":"rgb(31,119,180)"}]}
