{"age":[{"age_group":"<20","count":102,"tested":1236},{"age_group":"20-29   ","count":119,"tested":2294},{"age_group":"30-39   ","count":98,"tested":1797},{"age_group":"40-49   ","count":115,"tested":1892},{"age_group":"50-59   ","count":145,"tested":2383},{"age_group":"60-69   ","count":96,"tested":2029},{"age_group":"70-79   ","count":70,"tested":1531},{"age_group":"80+","count":65,"tested":2109}],"race":[{"description":"Black","count":16,"tested":370,"color":"rgb(255,127,14)"},{"description":"Other","count":10,"tested":174,"color":"rgb(148,103,189)"},{"description":"Left Blank","count":237,"tested":10108,"color":"rgb(44,160,44)"},{"description":"White","count":488,"tested":4185,"color":"rgb(31,119,180)"},{"description":"Hispanic","count":57,"tested":373,"color":"rgb(214,39,40)"}],"gender":[{"description":"Female","count":459,"tested":10182,"color":"rgb(255,127,14)"},{"description":"Male","count":349,"tested":4728,"color":"rgb(31,119,180)"}]}
