{"age":[{"age_group":"<20","count":27,"tested":421},{"age_group":"20-29   ","count":36,"tested":662},{"age_group":"30-39   ","count":33,"tested":595},{"age_group":"40-49   ","count":27,"tested":454},{"age_group":"50-59   ","count":45,"tested":1054},{"age_group":"60-69   ","count":30,"tested":600},{"age_group":"70-79   ","count":20,"tested":523},{"age_group":"80+","count":45,"tested":1749}],"race":[{"description":"Hispanic","count":6,"tested":23,"color":"rgb(214,39,40)"},{"description":"White","count":209,"tested":2171,"color":"rgb(31,119,180)"},{"description":"Left Blank","count":37,"tested":3715,"color":"rgb(44,160,44)"},{"description":"Other","count":10,"tested":122,"color":"rgb(148,103,189)"}],"gender":[{"description":"Male","count":112,"tested":1654,"color":"rgb(31,119,180)"},{"description":"Female","count":149,"tested":4299,"color":"rgb(255,127,14)"}]}
