{"age":[{"age_group":"<20","count":175,"tested":1780},{"age_group":"20-29   ","count":206,"tested":3467},{"age_group":"30-39   ","count":177,"tested":3067},{"age_group":"40-49   ","count":192,"tested":3559},{"age_group":"50-59   ","count":257,"tested":3753},{"age_group":"60-69   ","count":217,"tested":4107},{"age_group":"70-79   ","count":124,"tested":2879},{"age_group":"80+","count":146,"tested":5362}],"race":[{"description":"Black","count":320,"tested":6926,"color":"rgb(255,127,14)"},{"description":"Hispanic","count":127,"tested":722,"color":"rgb(214,39,40)"},{"description":"White","count":480,"tested":8397,"color":"rgb(31,119,180)"},{"description":"Other","count":42,"tested":549,"color":"rgb(148,103,189)"},{"description":"Left Blank","count":517,"tested":11225,"color":"rgb(44,160,44)"}],"gender":[{"description":"Female","count":816,"tested":18045,"color":"rgb(255,127,14)"},{"description":"Male","count":665,"tested":9472,"color":"rgb(31,119,180)"},{"description":"Unknown/Left Blank","count":13,"tested":461,"color":"rgb(44,160,44)"}]}
