{"age":[{"age_group":"<20","count":1250,"tested":10644},{"age_group":"20-29   ","count":1405,"tested":14647},{"age_group":"30-39   ","count":1199,"tested":12941},{"age_group":"40-49   ","count":1234,"tested":12351},{"age_group":"50-59   ","count":1110,"tested":12327},{"age_group":"60-69   ","count":810,"tested":10772},{"age_group":"70-79   ","count":405,"tested":6471},{"age_group":"80+","count":235,"tested":3904}],"race":[{"description":"White","count":672,"tested":7080,"color":"rgb(31,119,180)"},{"description":"Left Blank","count":1920,"tested":27819,"color":"rgb(44,160,44)"},{"description":"Other","count":165,"tested":1981,"color":"rgb(148,103,189)"},{"description":"Asian","count":18,"tested":165,"color":"rgb(140,86,75)"},{"description":"Hispanic","count":2635,"tested":17595,"color":"rgb(214,39,40)"},{"description":"Black","count":2220,"tested":29218,"color":"rgb(255,127,14)"},{"description":"AI/AN**","count":17,"tested":172,"color":"rgb(31,119,180)"}],"gender":[{"description":"Male","count":3496,"tested":34817,"color":"rgb(31,119,180)"},{"description":"Unknown/Left Blank","count":38,"tested":1134,"color":"rgb(44,160,44)"},{"description":"Female","count":4114,"tested":48149,"color":"rgb(255,127,14)"}]}
