{"age":[{"age_group":"<20","count":500,"tested":3727},{"age_group":"20-29   ","count":731,"tested":7058},{"age_group":"30-39   ","count":610,"tested":5958},{"age_group":"40-49   ","count":515,"tested":5055},{"age_group":"50-59   ","count":593,"tested":6222},{"age_group":"60-69   ","count":454,"tested":5518},{"age_group":"70-79   ","count":232,"tested":3082},{"age_group":"80+","count":126,"tested":1997}],"race":[{"description":"Left Blank","count":1432,"tested":17352,"color":"rgb(44,160,44)"},{"description":"Other","count":154,"tested":1366,"color":"rgb(148,103,189)"},{"description":"White","count":1734,"tested":15639,"color":"rgb(31,119,180)"},{"description":"Black","count":163,"tested":2117,"color":"rgb(255,127,14)"},{"description":"Hispanic","count":196,"tested":1324,"color":"rgb(214,39,40)"},{"description":"Asian","count":75,"tested":752,"color":"rgb(140,86,75)"}],"gender":[{"description":"Male","count":1762,"tested":15927,"color":"rgb(31,119,180)"},{"description":"Unknown/Left Blank","count":24,"tested":640,"color":"rgb(44,160,44)"},{"description":"Female","count":1975,"tested":22085,"color":"rgb(255,127,14)"}]}
