{"age":[{"age_group":"<20","count":366,"tested":3281},{"age_group":"20-29   ","count":472,"tested":5335},{"age_group":"30-39   ","count":387,"tested":5035},{"age_group":"40-49   ","count":463,"tested":4537},{"age_group":"50-59   ","count":462,"tested":5424},{"age_group":"60-69   ","count":392,"tested":4970},{"age_group":"70-79   ","count":203,"tested":2919},{"age_group":"80+","count":186,"tested":3765}],"race":[{"description":"White","count":1392,"tested":11763,"color":"rgb(31,119,180)"},{"description":"Other","count":113,"tested":857,"color":"rgb(148,103,189)"},{"description":"Left Blank","count":893,"tested":18418,"color":"rgb(44,160,44)"},{"description":"Black","count":35,"tested":490,"color":"rgb(255,127,14)"},{"description":"Asian","count":159,"tested":1784,"color":"rgb(140,86,75)"},{"description":"Hispanic","count":328,"tested":1894,"color":"rgb(214,39,40)"},{"description":"NH/PI*","count":6,"tested":48,"color":"rgb(127,127,127)"}],"gender":[{"description":"Female","count":1492,"tested":20099,"color":"rgb(255,127,14)"},{"description":"Male","count":1423,"tested":14614,"color":"rgb(31,119,180)"},{"description":"Unknown/Left Blank","count":16,"tested":575,"color":"rgb(44,160,44)"}]}
