{"age":[{"age_group":"<20","count":58,"tested":1150},{"age_group":"20-29   ","count":888,"tested":13930},{"age_group":"30-39   ","count":652,"tested":11576},{"age_group":"40-49   ","count":193,"tested":3549},{"age_group":"50-59   ","count":132,"tested":2505},{"age_group":"60-69   ","count":68,"tested":1542},{"age_group":"70-79   ","count":19,"tested":627},{"age_group":"80+","count":9,"tested":219}],"race":[{"description":"Asian","count":87,"tested":2326,"color":"rgb(140,86,75)"},{"description":"Black","count":82,"tested":1002,"color":"rgb(255,127,14)"},{"description":"Hispanic","count":98,"tested":787,"color":"rgb(214,39,40)"},{"description":"White","count":1011,"tested":13438,"color":"rgb(31,119,180)"},{"description":"Other","count":108,"tested":1635,"color":"rgb(148,103,189)"},{"description":"Left Blank","count":626,"tested":15850,"color":"rgb(44,160,44)"}],"gender":[{"description":"Female","count":901,"tested":17490,"color":"rgb(255,127,14)"},{"description":"Male","count":1046,"tested":16929,"color":"rgb(31,119,180)"},{"description":"Unknown/Left Blank","count":72,"tested":686,"color":"rgb(44,160,44)"}]}
