{"age":[{"age_group":"<20","count":251,"tested":2081},{"age_group":"20-29   ","count":285,"tested":2434},{"age_group":"30-39   ","count":279,"tested":2565},{"age_group":"40-49   ","count":288,"tested":2108},{"age_group":"50-59   ","count":213,"tested":1614},{"age_group":"60-69   ","count":118,"tested":1242},{"age_group":"70-79   ","count":38,"tested":589},{"age_group":"80+","count":21,"tested":243}],"race":[{"description":"Left Blank","count":324,"tested":4392,"color":"rgb(44,160,44)"},{"description":"Asian","count":10,"tested":97,"color":"rgb(140,86,75)"},{"description":"White","count":523,"tested":4743,"color":"rgb(31,119,180)"},{"description":"Other","count":29,"tested":415,"color":"rgb(148,103,189)"},{"description":"Black","count":61,"tested":751,"color":"rgb(255,127,14)"},{"description":"Hispanic","count":546,"tested":2454,"color":"rgb(214,39,40)"}],"gender":[{"description":"Male","count":713,"tested":5335,"color":"rgb(31,119,180)"},{"description":"Female","count":774,"tested":7266,"color":"rgb(255,127,14)"}]}
