{"age":[{"age_group":"<20","count":38,"tested":640},{"age_group":"20-29   ","count":50,"tested":935},{"age_group":"30-39   ","count":50,"tested":875},{"age_group":"40-49   ","count":42,"tested":965},{"age_group":"50-59   ","count":48,"tested":1072},{"age_group":"60-69   ","count":24,"tested":994},{"age_group":"70-79   ","count":34,"tested":717},{"age_group":"80+","count":36,"tested":2495}],"race":[{"description":"Hispanic","count":11,"tested":120,"color":"rgb(214,39,40)"},{"description":"White","count":214,"tested":6453,"color":"rgb(31,119,180)"},{"description":"Left Blank","count":97,"tested":1986,"color":"rgb(44,160,44)"},{"description":"Other","count":7,"tested":35,"color":"rgb(148,103,189)"}],"gender":[{"description":"Female","count":185,"tested":6698,"color":"rgb(255,127,14)"},{"description":"Male","count":142,"tested":1870,"color":"rgb(31,119,180)"}]}
