{"age":[{"age_group":"<20","count":393,"tested":4479},{"age_group":"20-29   ","count":138,"tested":1942},{"age_group":"30-39   ","count":117,"tested":1517},{"age_group":"40-49   ","count":165,"tested":2012},{"age_group":"50-59   ","count":198,"tested":2531},{"age_group":"60-69   ","count":82,"tested":1979},{"age_group":"70-79   ","count":37,"tested":1023},{"age_group":"80+","count":16,"tested":577}],"race":[{"description":"Left Blank","count":467,"tested":7488,"color":"rgb(44,160,44)"},{"description":"Other","count":36,"tested":543,"color":"rgb(148,103,189)"},{"description":"White","count":614,"tested":7595,"color":"rgb(31,119,180)"},{"description":"Hispanic","count":22,"tested":241,"color":"rgb(214,39,40)"}],"gender":[{"description":"Male","count":587,"tested":7546,"color":"rgb(31,119,180)"},{"description":"Unknown/Left Blank","count":22,"tested":212,"color":"rgb(44,160,44)"},{"description":"Female","count":537,"tested":8302,"color":"rgb(255,127,14)"}]}
