{"age":[{"age_group":"<20","count":106,"tested":1093},{"age_group":"20-29   ","count":146,"tested":1398},{"age_group":"30-39   ","count":132,"tested":1216},{"age_group":"40-49   ","count":103,"tested":1257},{"age_group":"50-59   ","count":121,"tested":1587},{"age_group":"60-69   ","count":110,"tested":1267},{"age_group":"70-79   ","count":37,"tested":501},{"age_group":"80+","count":13,"tested":259}],"race":[{"description":"Black","count":9,"tested":112,"color":"rgb(255,127,14)"},{"description":"Hispanic","count":138,"tested":869,"color":"rgb(214,39,40)"},{"description":"Left Blank","count":257,"tested":3078,"color":"rgb(44,160,44)"},{"description":"Other","count":37,"tested":274,"color":"rgb(148,103,189)"},{"description":"White","count":323,"tested":4180,"color":"rgb(31,119,180)"}],"gender":[{"description":"Male","count":358,"tested":3402,"color":"rgb(31,119,180)"},{"description":"Female","count":403,"tested":5081,"color":"rgb(255,127,14)"}]}
