{"age":[{"age_group":"<20","count":353,"tested":3298},{"age_group":"20-29   ","count":439,"tested":4029},{"age_group":"30-39   ","count":353,"tested":4019},{"age_group":"40-49   ","count":405,"tested":3956},{"age_group":"50-59   ","count":422,"tested":4380},{"age_group":"60-69   ","count":261,"tested":3600},{"age_group":"70-79   ","count":101,"tested":1625},{"age_group":"80+","count":45,"tested":806}],"race":[{"description":"Asian","count":126,"tested":1106,"color":"rgb(140,86,75)"},{"description":"Hispanic","count":267,"tested":1185,"color":"rgb(214,39,40)"},{"description":"Black","count":36,"tested":374,"color":"rgb(255,127,14)"},{"description":"Other","count":71,"tested":658,"color":"rgb(148,103,189)"},{"description":"Left Blank","count":622,"tested":14488,"color":"rgb(44,160,44)"},{"description":"White","count":1252,"tested":7831,"color":"rgb(31,119,180)"}],"gender":[{"description":"Female","count":1209,"tested":14391,"color":"rgb(255,127,14)"},{"description":"Male","count":1155,"tested":10752,"color":"rgb(31,119,180)"},{"description":"Unknown/Left Blank","count":15,"tested":586,"color":"rgb(44,160,44)"}]}
