{"age":[{"age_group":"<20","count":60,"tested":478},{"age_group":"20-29   ","count":72,"tested":1067},{"age_group":"30-39   ","count":54,"tested":1613},{"age_group":"40-49   ","count":64,"tested":1725},{"age_group":"50-59   ","count":54,"tested":2463},{"age_group":"60-69   ","count":42,"tested":2471},{"age_group":"70-79   ","count":17,"tested":527},{"age_group":"80+","count":10,"tested":284}],"race":[{"description":"Other","count":6,"tested":72,"color":"rgb(148,103,189)"},{"description":"Black","count":232,"tested":6647,"color":"rgb(255,127,14)"},{"description":"White","count":11,"tested":891,"color":"rgb(31,119,180)"},{"description":"Hispanic","count":15,"tested":219,"color":"rgb(214,39,40)"},{"description":"Left Blank","count":109,"tested":2784,"color":"rgb(44,160,44)"}],"gender":[{"description":"Female","count":185,"tested":4700,"color":"rgb(255,127,14)"},{"description":"Male","count":186,"tested":5943,"color":"rgb(31,119,180)"}]}
