{"age":[{"age_group":"<20","count":79,"tested":574},{"age_group":"20-29   ","count":91,"tested":839},{"age_group":"30-39   ","count":103,"tested":877},{"age_group":"40-49   ","count":73,"tested":651},{"age_group":"50-59   ","count":121,"tested":1032},{"age_group":"60-69   ","count":59,"tested":818},{"age_group":"70-79   ","count":36,"tested":348},{"age_group":"80+","count":13,"tested":151}],"race":[{"description":"Hispanic","count":75,"tested":555,"color":"rgb(214,39,40)"},{"description":"Left Blank","count":153,"tested":1707,"color":"rgb(44,160,44)"},{"description":"White","count":282,"tested":2440,"color":"rgb(31,119,180)"},{"description":"Black","count":30,"tested":225,"color":"rgb(255,127,14)"},{"description":"Asian","count":10,"tested":134,"color":"rgb(140,86,75)"},{"description":"Other","count":24,"tested":218,"color":"rgb(148,103,189)"}],"gender":[{"description":"Female","count":296,"tested":3060,"color":"rgb(255,127,14)"},{"description":"Male","count":263,"tested":2169,"color":"rgb(31,119,180)"}]}
