{"age":[{"age_group":"<20","count":763,"tested":5142},{"age_group":"20-29   ","count":907,"tested":8589},{"age_group":"30-39   ","count":803,"tested":7155},{"age_group":"40-49   ","count":801,"tested":6250},{"age_group":"50-59   ","count":730,"tested":6647},{"age_group":"60-69   ","count":439,"tested":4593},{"age_group":"70-79   ","count":155,"tested":2047},{"age_group":"80+","count":79,"tested":1108}],"race":[{"description":"NH/PI*","count":13,"tested":76,"color":"rgb(127,127,127)"},{"description":"Left Blank","count":1257,"tested":22924,"color":"rgb(44,160,44)"},{"description":"AI/AN**","count":10,"tested":29,"color":"rgb(31,119,180)"},{"description":"Hispanic","count":1691,"tested":5975,"color":"rgb(214,39,40)"},{"description":"Other","count":206,"tested":1465,"color":"rgb(148,103,189)"},{"description":"White","count":834,"tested":6285,"color":"rgb(31,119,180)"},{"description":"Asian","count":470,"tested":3261,"color":"rgb(140,86,75)"},{"description":"Black","count":196,"tested":1533,"color":"rgb(255,127,14)"}],"gender":[{"description":"Male","count":2256,"tested":16985,"color":"rgb(31,119,180)"},{"description":"Female","count":2380,"tested":23581,"color":"rgb(255,127,14)"},{"description":"Unknown/Left Blank","count":41,"tested":982,"color":"rgb(44,160,44)"}]}
