{"lastUpdatedDate":{"year":2021,"month":3,"day":21},"county_demographics":[{"County":"Cook","confirmed_cases":236426,"total_tested":3290562,"demographics":{"age":[{"race":[],"age_group":"<20","count":35061,"tested":352238,"deaths":0},{"race":[],"age_group":"20-29   ","count":41669,"tested":560279,"deaths":0},{"race":[],"age_group":"30-39   ","count":37006,"tested":467705,"deaths":0},{"race":[],"age_group":"40-49   ","count":37264,"tested":451651,"deaths":0},{"race":[],"age_group":"50-59   ","count":36404,"tested":506885,"deaths":0},{"race":[],"age_group":"60-69   ","count":25833,"tested":433355,"deaths":0},{"race":[],"age_group":"70-79   ","count":13005,"tested":252767,"deaths":0},{"race":[],"age_group":"80+","count":10133,"tested":262351,"deaths":0},{"race":[],"age_group":"Unknown","count":51,"tested":3331,"deaths":0}],"race":[{"description":"AI/AN**","count":381,"tested":3186,"deaths":0,"color":"rgb(31,119,180)"},{"description":"Asian","count":8340,"tested":129529,"deaths":0,"color":"rgb(140,86,75)"},{"description":"Black","count":23921,"tested":317611,"deaths":0,"color":"rgb(255,127,14)"},{"description":"Hispanic","count":47253,"tested":268110,"deaths":0,"color":"rgb(214,39,40)"},{"description":"Left Blank","count":75393,"tested":1586276,"deaths":0,"color":"rgb(44,160,44)"},{"description":"NH/PI*","count":336,"tested":4667,"deaths":0,"color":"rgb(127,127,127)"},{"description":"Other","count":12661,"tested":120426,"deaths":0,"color":"rgb(148,103,189)"},{"description":"White","count":68141,"tested":860757,"deaths":0,"color":"rgb(31,119,180)"}],"gender":[{"description":"Female","count":122629,"tested":1869330,"deaths":0,"color":"rgb(255,127,14)"},{"description":"Male","count":111540,"tested":1344332,"deaths":0,"color":"rgb(31,119,180)"},{"description":"Unknown/Left Blank","count":2257,"tested":76900,"deaths":0,"color":"rgb(44,160,44)"}]}}]}
