{"lastUpdatedDate":{"year":2021,"month":3,"day":21},"county_demographics":[{"County":"Cumberland","confirmed_cases":1243,"total_tested":11242,"demographics":{"age":[{"race":[],"age_group":"<20","count":192,"tested":1585,"deaths":0},{"race":[],"age_group":"20-29   ","count":176,"tested":1536,"deaths":0},{"race":[],"age_group":"30-39   ","count":158,"tested":1518,"deaths":0},{"race":[],"age_group":"40-49   ","count":161,"tested":1660,"deaths":0},{"race":[],"age_group":"50-59   ","count":189,"tested":1471,"deaths":0},{"race":[],"age_group":"60-69   ","count":163,"tested":1433,"deaths":0},{"race":[],"age_group":"70-79   ","count":97,"tested":798,"deaths":0},{"race":[],"age_group":"80+","count":107,"tested":1240,"deaths":0},{"race":[],"age_group":"Unknown","count":0,"tested":0,"deaths":0}],"race":[{"description":"AI/AN**","count":0,"tested":0,"deaths":0,"color":"rgb(31,119,180)"},{"description":"Asian","count":0,"tested":11,"deaths":0,"color":"rgb(140,86,75)"},{"description":"Black","count":0,"tested":27,"deaths":0,"color":"rgb(255,127,14)"},{"description":"Hispanic","count":0,"tested":52,"deaths":0,"color":"rgb(214,39,40)"},{"description":"Left Blank","count":286,"tested":2337,"deaths":0,"color":"rgb(44,160,44)"},{"description":"NH/PI*","count":0,"tested":0,"deaths":0,"color":"rgb(127,127,127)"},{"description":"Other","count":17,"tested":341,"deaths":0,"color":"rgb(148,103,189)"},{"description":"White","count":932,"tested":8470,"deaths":0,"color":"rgb(31,119,180)"}],"gender":[{"description":"Female","count":649,"tested":7141,"deaths":0,"color":"rgb(255,127,14)"},{"description":"Male","count":579,"tested":3875,"deaths":0,"color":"rgb(31,119,180)"},{"description":"Unknown/Left Blank","count":15,"tested":226,"deaths":0,"color":"rgb(44,160,44)"}]}}]}
