{"lastUpdatedDate":{"year":2021,"month":3,"day":21},"county_demographics":[{"County":"Hancock","confirmed_cases":1686,"total_tested":17217,"demographics":{"age":[{"race":[],"age_group":"<20","count":241,"tested":2155,"deaths":0},{"race":[],"age_group":"20-29   ","count":212,"tested":2451,"deaths":0},{"race":[],"age_group":"30-39   ","count":223,"tested":2365,"deaths":0},{"race":[],"age_group":"40-49   ","count":197,"tested":2140,"deaths":0},{"race":[],"age_group":"50-59   ","count":267,"tested":2885,"deaths":0},{"race":[],"age_group":"60-69   ","count":266,"tested":2344,"deaths":0},{"race":[],"age_group":"70-79   ","count":169,"tested":1387,"deaths":0},{"race":[],"age_group":"80+","count":111,"tested":1488,"deaths":0},{"race":[],"age_group":"Unknown","count":0,"tested":0,"deaths":0}],"race":[{"description":"AI/AN**","count":0,"tested":8,"deaths":0,"color":"rgb(31,119,180)"},{"description":"Asian","count":0,"tested":7,"deaths":0,"color":"rgb(140,86,75)"},{"description":"Black","count":0,"tested":29,"deaths":0,"color":"rgb(255,127,14)"},{"description":"Hispanic","count":16,"tested":66,"deaths":0,"color":"rgb(214,39,40)"},{"description":"Left Blank","count":927,"tested":9052,"deaths":0,"color":"rgb(44,160,44)"},{"description":"NH/PI*","count":0,"tested":14,"deaths":0,"color":"rgb(127,127,127)"},{"description":"Other","count":17,"tested":163,"deaths":0,"color":"rgb(148,103,189)"},{"description":"White","count":712,"tested":7878,"deaths":0,"color":"rgb(31,119,180)"}],"gender":[{"description":"Female","count":888,"tested":10789,"deaths":0,"color":"rgb(255,127,14)"},{"description":"Male","count":732,"tested":5581,"deaths":0,"color":"rgb(31,119,180)"},{"description":"Unknown/Left Blank","count":66,"tested":847,"deaths":0,"color":"rgb(44,160,44)"}]}}]}
