{"lastUpdatedDate":{"year":2021,"month":3,"day":21},"county_demographics":[{"County":"Moultrie","confirmed_cases":1521,"total_tested":21771,"demographics":{"age":[{"race":[],"age_group":"<20","count":250,"tested":3326,"deaths":0},{"race":[],"age_group":"20-29   ","count":177,"tested":3372,"deaths":0},{"race":[],"age_group":"30-39   ","count":178,"tested":2964,"deaths":0},{"race":[],"age_group":"40-49   ","count":164,"tested":2967,"deaths":0},{"race":[],"age_group":"50-59   ","count":243,"tested":3208,"deaths":0},{"race":[],"age_group":"60-69   ","count":227,"tested":2707,"deaths":0},{"race":[],"age_group":"70-79   ","count":147,"tested":1674,"deaths":0},{"race":[],"age_group":"80+","count":135,"tested":1536,"deaths":0},{"race":[],"age_group":"Unknown","count":0,"tested":17,"deaths":0}],"race":[{"description":"AI/AN**","count":0,"tested":0,"deaths":0,"color":"rgb(31,119,180)"},{"description":"Asian","count":0,"tested":43,"deaths":0,"color":"rgb(140,86,75)"},{"description":"Black","count":14,"tested":203,"deaths":0,"color":"rgb(255,127,14)"},{"description":"Hispanic","count":12,"tested":95,"deaths":0,"color":"rgb(214,39,40)"},{"description":"Left Blank","count":401,"tested":7222,"deaths":0,"color":"rgb(44,160,44)"},{"description":"NH/PI*","count":0,"tested":19,"deaths":0,"color":"rgb(127,127,127)"},{"description":"Other","count":13,"tested":361,"deaths":0,"color":"rgb(148,103,189)"},{"description":"White","count":1078,"tested":13823,"deaths":0,"color":"rgb(31,119,180)"}],"gender":[{"description":"Female","count":792,"tested":13811,"deaths":0,"color":"rgb(255,127,14)"},{"description":"Male","count":700,"tested":6959,"deaths":0,"color":"rgb(31,119,180)"},{"description":"Unknown/Left Blank","count":29,"tested":1001,"deaths":0,"color":"rgb(44,160,44)"}]}}]}
