{"lastUpdatedDate":{"year":2021,"month":3,"day":21},"county_demographics":[{"County":"Tazewell","confirmed_cases":14028,"total_tested":190474,"demographics":{"age":[{"race":[],"age_group":"<20","count":2427,"tested":30223,"deaths":0},{"race":[],"age_group":"20-29   ","count":1979,"tested":27873,"deaths":0},{"race":[],"age_group":"30-39   ","count":2006,"tested":27813,"deaths":0},{"race":[],"age_group":"40-49   ","count":2089,"tested":26630,"deaths":0},{"race":[],"age_group":"50-59   ","count":2042,"tested":26042,"deaths":0},{"race":[],"age_group":"60-69   ","count":1645,"tested":21075,"deaths":0},{"race":[],"age_group":"70-79   ","count":1007,"tested":13848,"deaths":0},{"race":[],"age_group":"80+","count":833,"tested":16948,"deaths":0},{"race":[],"age_group":"Unknown","count":0,"tested":22,"deaths":0}],"race":[{"description":"AI/AN**","count":19,"tested":79,"deaths":0,"color":"rgb(31,119,180)"},{"description":"Asian","count":95,"tested":481,"deaths":0,"color":"rgb(140,86,75)"},{"description":"Black","count":189,"tested":1513,"deaths":0,"color":"rgb(255,127,14)"},{"description":"Hispanic","count":221,"tested":911,"deaths":0,"color":"rgb(214,39,40)"},{"description":"Left Blank","count":2139,"tested":101519,"deaths":0,"color":"rgb(44,160,44)"},{"description":"NH/PI*","count":0,"tested":33,"deaths":0,"color":"rgb(127,127,127)"},{"description":"Other","count":229,"tested":2925,"deaths":0,"color":"rgb(148,103,189)"},{"description":"White","count":11129,"tested":83013,"deaths":0,"color":"rgb(31,119,180)"}],"gender":[{"description":"Female","count":7523,"tested":113357,"deaths":0,"color":"rgb(255,127,14)"},{"description":"Male","count":6333,"tested":70493,"deaths":0,"color":"rgb(31,119,180)"},{"description":"Unknown/Left Blank","count":168,"tested":6624,"deaths":0,"color":"rgb(44,160,44)"}]}}]}
