{"lastUpdatedDate":{"year":2021,"month":3,"day":21},"county_demographics":[{"County":"Union","confirmed_cases":2220,"total_tested":31645,"demographics":{"age":[{"race":[],"age_group":"<20","count":315,"tested":2568,"deaths":0},{"race":[],"age_group":"20-29   ","count":346,"tested":4568,"deaths":0},{"race":[],"age_group":"30-39   ","count":322,"tested":4932,"deaths":0},{"race":[],"age_group":"40-49   ","count":306,"tested":5041,"deaths":0},{"race":[],"age_group":"50-59   ","count":342,"tested":5734,"deaths":0},{"race":[],"age_group":"60-69   ","count":287,"tested":3805,"deaths":0},{"race":[],"age_group":"70-79   ","count":182,"tested":2242,"deaths":0},{"race":[],"age_group":"80+","count":120,"tested":2750,"deaths":0},{"race":[],"age_group":"Unknown","count":0,"tested":0,"deaths":0}],"race":[{"description":"AI/AN**","count":0,"tested":0,"deaths":0,"color":"rgb(31,119,180)"},{"description":"Asian","count":0,"tested":72,"deaths":0,"color":"rgb(140,86,75)"},{"description":"Black","count":69,"tested":1187,"deaths":0,"color":"rgb(255,127,14)"},{"description":"Hispanic","count":105,"tested":635,"deaths":0,"color":"rgb(214,39,40)"},{"description":"Left Blank","count":306,"tested":8087,"deaths":0,"color":"rgb(44,160,44)"},{"description":"NH/PI*","count":0,"tested":48,"deaths":0,"color":"rgb(127,127,127)"},{"description":"Other","count":15,"tested":186,"deaths":0,"color":"rgb(148,103,189)"},{"description":"White","count":1723,"tested":21425,"deaths":0,"color":"rgb(31,119,180)"}],"gender":[{"description":"Female","count":1100,"tested":16162,"deaths":0,"color":"rgb(255,127,14)"},{"description":"Male","count":1039,"tested":13509,"deaths":0,"color":"rgb(31,119,180)"},{"description":"Unknown/Left Blank","count":81,"tested":1974,"deaths":0,"color":"rgb(44,160,44)"}]}}]}
