{"lastUpdatedDate":{"year":2021,"month":1,"day":3},"county_demographics":[{"County":"Macon","confirmed_cases":8071,"total_tested":102466,"demographics":{"age":[{"race":[],"age_group":"80+","count":546,"tested":11258,"deaths":0},{"race":[],"age_group":"<20","count":1118,"tested":11751,"deaths":0},{"race":[],"age_group":"40-49   ","count":1138,"tested":13217,"deaths":0},{"race":[],"age_group":"70-79   ","count":712,"tested":9324,"deaths":0},{"race":[],"age_group":"30-39   ","count":1156,"tested":13969,"deaths":0},{"race":[],"age_group":"20-29   ","count":1197,"tested":15887,"deaths":0},{"race":[],"age_group":"50-59   ","count":1162,"tested":13345,"deaths":0},{"race":[],"age_group":"Unknown","count":0,"tested":482,"deaths":0},{"race":[],"age_group":"60-69   ","count":1038,"tested":13233,"deaths":0}],"race":[{"description":"AI/AN**","count":8,"tested":29,"deaths":0,"color":"rgb(31,119,180)"},{"description":"Black","count":1275,"tested":7747,"deaths":0,"color":"rgb(255,127,14)"},{"description":"Left Blank","count":2302,"tested":60888,"deaths":0,"color":"rgb(44,160,44)"},{"description":"NH/PI*","count":0,"tested":55,"deaths":0,"color":"rgb(127,127,127)"},{"description":"Other","count":111,"tested":1301,"deaths":0,"color":"rgb(148,103,189)"},{"description":"Hispanic","count":92,"tested":508,"deaths":0,"color":"rgb(214,39,40)"},{"description":"White","count":4224,"tested":31654,"deaths":0,"color":"rgb(31,119,180)"},{"description":"Asian","count":44,"tested":284,"deaths":0,"color":"rgb(140,86,75)"}],"gender":[{"description":"Female","count":4479,"tested":62591,"deaths":0,"color":"rgb(255,127,14)"},{"description":"Male","count":3483,"tested":34659,"deaths":0,"color":"rgb(31,119,180)"},{"description":"Unknown/Left Blank","count":105,"tested":5216,"deaths":0,"color":"rgb(44,160,44)"}]}}]}
