{"lastUpdatedDate":{"year":2021,"month":1,"day":3},"county_demographics":[{"County":"Bureau","confirmed_cases":2844,"total_tested":27215,"demographics":{"age":[{"race":[],"age_group":"<20","count":332,"tested":2853,"deaths":0},{"race":[],"age_group":"60-69   ","count":344,"tested":3865,"deaths":0},{"race":[],"age_group":"Unknown","count":0,"tested":0,"deaths":0},{"race":[],"age_group":"80+","count":222,"tested":2390,"deaths":0},{"race":[],"age_group":"20-29   ","count":388,"tested":3840,"deaths":0},{"race":[],"age_group":"70-79   ","count":238,"tested":2113,"deaths":0},{"race":[],"age_group":"40-49   ","count":429,"tested":3684,"deaths":0},{"race":[],"age_group":"50-59   ","count":475,"tested":4439,"deaths":0},{"race":[],"age_group":"30-39   ","count":416,"tested":4029,"deaths":0}],"race":[{"description":"Hispanic","count":213,"tested":712,"deaths":0,"color":"rgb(214,39,40)"},{"description":"Left Blank","count":1220,"tested":15586,"deaths":0,"color":"rgb(44,160,44)"},{"description":"White","count":1335,"tested":10412,"deaths":0,"color":"rgb(31,119,180)"},{"description":"Asian","count":0,"tested":84,"deaths":0,"color":"rgb(140,86,75)"},{"description":"NH/PI*","count":0,"tested":48,"deaths":0,"color":"rgb(127,127,127)"},{"description":"Other","count":58,"tested":249,"deaths":0,"color":"rgb(148,103,189)"},{"description":"AI/AN**","count":0,"tested":0,"deaths":0,"color":"rgb(31,119,180)"},{"description":"Black","count":7,"tested":122,"deaths":0,"color":"rgb(255,127,14)"}],"gender":[{"description":"Female","count":1536,"tested":17173,"deaths":0,"color":"rgb(255,127,14)"},{"description":"Male","count":1263,"tested":8698,"deaths":0,"color":"rgb(31,119,180)"},{"description":"Unknown/Left Blank","count":45,"tested":1344,"deaths":0,"color":"rgb(44,160,44)"}]}}]}
