{"lastUpdatedDate":{"year":2021,"month":1,"day":3},"county_demographics":[{"County":"Hardin","confirmed_cases":221,"total_tested":3056,"demographics":{"age":[{"race":[],"age_group":"40-49   ","count":26,"tested":369,"deaths":0},{"race":[],"age_group":"70-79   ","count":29,"tested":291,"deaths":0},{"race":[],"age_group":"<20","count":19,"tested":221,"deaths":0},{"race":[],"age_group":"50-59   ","count":32,"tested":526,"deaths":0},{"race":[],"age_group":"Unknown","count":0,"tested":0,"deaths":0},{"race":[],"age_group":"20-29   ","count":29,"tested":516,"deaths":0},{"race":[],"age_group":"60-69   ","count":41,"tested":433,"deaths":0},{"race":[],"age_group":"80+","count":13,"tested":198,"deaths":0},{"race":[],"age_group":"30-39   ","count":19,"tested":499,"deaths":0}],"race":[{"description":"Black","count":0,"tested":44,"deaths":0,"color":"rgb(255,127,14)"},{"description":"Hispanic","count":0,"tested":0,"deaths":0,"color":"rgb(214,39,40)"},{"description":"AI/AN**","count":0,"tested":0,"deaths":0,"color":"rgb(31,119,180)"},{"description":"Other","count":0,"tested":10,"deaths":0,"color":"rgb(148,103,189)"},{"description":"Left Blank","count":81,"tested":893,"deaths":0,"color":"rgb(44,160,44)"},{"description":"Asian","count":0,"tested":6,"deaths":0,"color":"rgb(140,86,75)"},{"description":"White","count":132,"tested":2100,"deaths":0,"color":"rgb(31,119,180)"}],"gender":[{"description":"Female","count":123,"tested":2095,"deaths":0,"color":"rgb(255,127,14)"},{"description":"Male","count":93,"tested":924,"deaths":0,"color":"rgb(31,119,180)"},{"description":"Unknown/Left Blank","count":0,"tested":37,"deaths":0,"color":"rgb(44,160,44)"}]}}]}
