{"lastUpdatedDate":{"year":2021,"month":1,"day":3},"county_demographics":[{"County":"Edgar","confirmed_cases":1354,"total_tested":9561,"demographics":{"age":[{"race":[],"age_group":"70-79   ","count":127,"tested":957,"deaths":0},{"race":[],"age_group":"20-29   ","count":162,"tested":1343,"deaths":0},{"race":[],"age_group":"60-69   ","count":177,"tested":1250,"deaths":0},{"race":[],"age_group":"80+","count":119,"tested":1304,"deaths":0},{"race":[],"age_group":"40-49   ","count":192,"tested":1234,"deaths":0},{"race":[],"age_group":"<20","count":219,"tested":1111,"deaths":0},{"race":[],"age_group":"30-39   ","count":182,"tested":1152,"deaths":0},{"race":[],"age_group":"50-59   ","count":175,"tested":1206,"deaths":0},{"race":[],"age_group":"Unknown","count":0,"tested":0,"deaths":0}],"race":[{"description":"AI/AN**","count":0,"tested":0,"deaths":0,"color":"rgb(31,119,180)"},{"description":"Hispanic","count":0,"tested":24,"deaths":0,"color":"rgb(214,39,40)"},{"description":"NH/PI*","count":0,"tested":0,"deaths":0,"color":"rgb(127,127,127)"},{"description":"White","count":1192,"tested":4665,"deaths":0,"color":"rgb(31,119,180)"},{"description":"Left Blank","count":149,"tested":4748,"deaths":0,"color":"rgb(44,160,44)"},{"description":"Asian","count":0,"tested":0,"deaths":0,"color":"rgb(140,86,75)"},{"description":"Other","count":0,"tested":79,"deaths":0,"color":"rgb(148,103,189)"},{"description":"Black","count":0,"tested":38,"deaths":0,"color":"rgb(255,127,14)"}],"gender":[{"description":"Female","count":427,"tested":5741,"deaths":0,"color":"rgb(255,127,14)"},{"description":"Male","count":328,"tested":2882,"deaths":0,"color":"rgb(31,119,180)"},{"description":"Unknown/Left Blank","count":599,"tested":938,"deaths":0,"color":"rgb(44,160,44)"}]}}]}
