{"lastUpdatedDate":{"year":2021,"month":1,"day":3},"county_demographics":[{"County":"Effingham","confirmed_cases":3949,"total_tested":28503,"demographics":{"age":[{"race":[],"age_group":"40-49   ","count":503,"tested":3032,"deaths":0},{"race":[],"age_group":"70-79   ","count":306,"tested":3110,"deaths":0},{"race":[],"age_group":"80+","count":233,"tested":3367,"deaths":0},{"race":[],"age_group":"20-29   ","count":578,"tested":3721,"deaths":0},{"race":[],"age_group":"60-69   ","count":542,"tested":4128,"deaths":0},{"race":[],"age_group":"Unknown","count":0,"tested":17,"deaths":0},{"race":[],"age_group":"<20","count":607,"tested":3744,"deaths":0},{"race":[],"age_group":"50-59   ","count":610,"tested":3803,"deaths":0},{"race":[],"age_group":"30-39   ","count":568,"tested":3581,"deaths":0}],"race":[{"description":"Asian","count":0,"tested":37,"deaths":0,"color":"rgb(140,86,75)"},{"description":"White","count":1709,"tested":13198,"deaths":0,"color":"rgb(31,119,180)"},{"description":"NH/PI*","count":0,"tested":0,"deaths":0,"color":"rgb(127,127,127)"},{"description":"Other","count":113,"tested":2032,"deaths":0,"color":"rgb(148,103,189)"},{"description":"Left Blank","count":2092,"tested":13036,"deaths":0,"color":"rgb(44,160,44)"},{"description":"Black","count":0,"tested":88,"deaths":0,"color":"rgb(255,127,14)"},{"description":"Hispanic","count":24,"tested":104,"deaths":0,"color":"rgb(214,39,40)"},{"description":"AI/AN**","count":0,"tested":0,"deaths":0,"color":"rgb(31,119,180)"}],"gender":[{"description":"Female","count":2053,"tested":17695,"deaths":0,"color":"rgb(255,127,14)"},{"description":"Male","count":1643,"tested":10329,"deaths":0,"color":"rgb(31,119,180)"},{"description":"Unknown/Left Blank","count":253,"tested":479,"deaths":0,"color":"rgb(44,160,44)"}]}}]}
