{"lastUpdatedDate":{"year":2021,"month":1,"day":3},"county_demographics":[{"County":"Williamson","confirmed_cases":5467,"total_tested":63516,"demographics":{"age":[{"race":[],"age_group":"50-59   ","count":791,"tested":9349,"deaths":0},{"race":[],"age_group":"70-79   ","count":434,"tested":6301,"deaths":0},{"race":[],"age_group":"<20","count":821,"tested":6975,"deaths":0},{"race":[],"age_group":"Unknown","count":0,"tested":24,"deaths":0},{"race":[],"age_group":"20-29   ","count":844,"tested":8805,"deaths":0},{"race":[],"age_group":"60-69   ","count":599,"tested":7672,"deaths":0},{"race":[],"age_group":"30-39   ","count":844,"tested":9928,"deaths":0},{"race":[],"age_group":"40-49   ","count":843,"tested":8895,"deaths":0},{"race":[],"age_group":"80+","count":291,"tested":5567,"deaths":0}],"race":[{"description":"NH/PI*","count":0,"tested":29,"deaths":0,"color":"rgb(127,127,127)"},{"description":"Other","count":46,"tested":801,"deaths":0,"color":"rgb(148,103,189)"},{"description":"Black","count":162,"tested":1760,"deaths":0,"color":"rgb(255,127,14)"},{"description":"AI/AN**","count":0,"tested":18,"deaths":0,"color":"rgb(31,119,180)"},{"description":"Asian","count":15,"tested":193,"deaths":0,"color":"rgb(140,86,75)"},{"description":"Hispanic","count":66,"tested":518,"deaths":0,"color":"rgb(214,39,40)"},{"description":"White","count":4090,"tested":36154,"deaths":0,"color":"rgb(31,119,180)"},{"description":"Left Blank","count":1080,"tested":24043,"deaths":0,"color":"rgb(44,160,44)"}],"gender":[{"description":"Female","count":2785,"tested":34259,"deaths":0,"color":"rgb(255,127,14)"},{"description":"Male","count":2351,"tested":23753,"deaths":0,"color":"rgb(31,119,180)"},{"description":"Unknown/Left Blank","count":331,"tested":5504,"deaths":0,"color":"rgb(44,160,44)"}]}}]}
