{"lastUpdatedDate":{"year":2021,"month":1,"day":3},"county_demographics":[{"County":"Mercer","confirmed_cases":1078,"total_tested":11936,"demographics":{"age":[{"race":[],"age_group":"30-39   ","count":136,"tested":1394,"deaths":0},{"race":[],"age_group":"80+","count":84,"tested":1422,"deaths":0},{"race":[],"age_group":"<20","count":161,"tested":1908,"deaths":0},{"race":[],"age_group":"50-59   ","count":179,"tested":1702,"deaths":0},{"race":[],"age_group":"20-29   ","count":125,"tested":1379,"deaths":0},{"race":[],"age_group":"60-69   ","count":140,"tested":1531,"deaths":0},{"race":[],"age_group":"Unknown","count":0,"tested":13,"deaths":0},{"race":[],"age_group":"40-49   ","count":170,"tested":1425,"deaths":0},{"race":[],"age_group":"70-79   ","count":77,"tested":1162,"deaths":0}],"race":[{"description":"Asian","count":0,"tested":0,"deaths":0,"color":"rgb(140,86,75)"},{"description":"White","count":531,"tested":5675,"deaths":0,"color":"rgb(31,119,180)"},{"description":"Black","count":0,"tested":13,"deaths":0,"color":"rgb(255,127,14)"},{"description":"Hispanic","count":10,"tested":55,"deaths":0,"color":"rgb(214,39,40)"},{"description":"NH/PI*","count":0,"tested":0,"deaths":0,"color":"rgb(127,127,127)"},{"description":"Other","count":6,"tested":139,"deaths":0,"color":"rgb(148,103,189)"},{"description":"Left Blank","count":525,"tested":6048,"deaths":0,"color":"rgb(44,160,44)"}],"gender":[{"description":"Female","count":580,"tested":7093,"deaths":0,"color":"rgb(255,127,14)"},{"description":"Male","count":486,"tested":4643,"deaths":0,"color":"rgb(31,119,180)"},{"description":"Unknown/Left Blank","count":8,"tested":200,"deaths":0,"color":"rgb(44,160,44)"}]}}]}
