{"lastUpdatedDate":{"year":2021,"month":1,"day":3},"county_demographics":[{"County":"White","confirmed_cases":1151,"total_tested":15339,"demographics":{"age":[{"race":[],"age_group":"60-69   ","count":178,"tested":1795,"deaths":0},{"race":[],"age_group":"<20","count":141,"tested":1556,"deaths":0},{"race":[],"age_group":"40-49   ","count":141,"tested":1840,"deaths":0},{"race":[],"age_group":"50-59   ","count":176,"tested":1750,"deaths":0},{"race":[],"age_group":"Unknown","count":0,"tested":6,"deaths":0},{"race":[],"age_group":"80+","count":122,"tested":3111,"deaths":0},{"race":[],"age_group":"20-29   ","count":144,"tested":2040,"deaths":0},{"race":[],"age_group":"30-39   ","count":138,"tested":1941,"deaths":0},{"race":[],"age_group":"70-79   ","count":111,"tested":1300,"deaths":0}],"race":[{"description":"Left Blank","count":440,"tested":10767,"deaths":0,"color":"rgb(44,160,44)"},{"description":"White","count":699,"tested":4477,"deaths":0,"color":"rgb(31,119,180)"},{"description":"Asian","count":0,"tested":18,"deaths":0,"color":"rgb(140,86,75)"},{"description":"Hispanic","count":0,"tested":16,"deaths":0,"color":"rgb(214,39,40)"},{"description":"NH/PI*","count":0,"tested":0,"deaths":0,"color":"rgb(127,127,127)"},{"description":"Other","count":6,"tested":48,"deaths":0,"color":"rgb(148,103,189)"},{"description":"Black","count":0,"tested":11,"deaths":0,"color":"rgb(255,127,14)"}],"gender":[{"description":"Female","count":596,"tested":11144,"deaths":0,"color":"rgb(255,127,14)"},{"description":"Male","count":409,"tested":3511,"deaths":0,"color":"rgb(31,119,180)"},{"description":"Unknown/Left Blank","count":146,"tested":684,"deaths":0,"color":"rgb(44,160,44)"}]}}]}
