{"lastUpdatedDate":{"year":2021,"month":1,"day":3},"county_demographics":[{"County":"Montgomery","confirmed_cases":2254,"total_tested":34723,"demographics":{"age":[{"race":[],"age_group":"30-39   ","count":417,"tested":4728,"deaths":0},{"race":[],"age_group":"50-59   ","count":360,"tested":4981,"deaths":0},{"race":[],"age_group":"40-49   ","count":360,"tested":4169,"deaths":0},{"race":[],"age_group":"20-29   ","count":320,"tested":4615,"deaths":0},{"race":[],"age_group":"80+","count":120,"tested":4388,"deaths":0},{"race":[],"age_group":"60-69   ","count":297,"tested":4863,"deaths":0},{"race":[],"age_group":"Unknown","count":6,"tested":831,"deaths":0},{"race":[],"age_group":"70-79   ","count":131,"tested":2812,"deaths":0},{"race":[],"age_group":"<20","count":243,"tested":3336,"deaths":0}],"race":[{"description":"AI/AN**","count":0,"tested":0,"deaths":0,"color":"rgb(31,119,180)"},{"description":"Asian","count":0,"tested":53,"deaths":0,"color":"rgb(140,86,75)"},{"description":"Black","count":81,"tested":568,"deaths":0,"color":"rgb(255,127,14)"},{"description":"Left Blank","count":1155,"tested":20532,"deaths":0,"color":"rgb(44,160,44)"},{"description":"NH/PI*","count":0,"tested":13,"deaths":0,"color":"rgb(127,127,127)"},{"description":"Other","count":16,"tested":204,"deaths":0,"color":"rgb(148,103,189)"},{"description":"Hispanic","count":11,"tested":102,"deaths":0,"color":"rgb(214,39,40)"},{"description":"White","count":975,"tested":13251,"deaths":0,"color":"rgb(31,119,180)"}],"gender":[{"description":"Female","count":938,"tested":19967,"deaths":0,"color":"rgb(255,127,14)"},{"description":"Male","count":1123,"tested":12367,"deaths":0,"color":"rgb(31,119,180)"},{"description":"Unknown/Left Blank","count":189,"tested":2389,"deaths":0,"color":"rgb(44,160,44)"}]}}]}
