{"lastUpdatedDate":{"year":2021,"month":1,"day":18},"county_demographics":[{"County":"Pike","confirmed_cases":1542,"total_tested":12992,"demographics":{"age":[{"race":[],"age_group":"30-39   ","count":212,"tested":1730,"deaths":0},{"race":[],"age_group":"80+","count":132,"tested":1582,"deaths":0},{"race":[],"age_group":"20-29   ","count":229,"tested":2121,"deaths":0},{"race":[],"age_group":"<20","count":204,"tested":1613,"deaths":0},{"race":[],"age_group":"40-49   ","count":203,"tested":1584,"deaths":0},{"race":[],"age_group":"Unknown","count":0,"tested":0,"deaths":0},{"race":[],"age_group":"50-59   ","count":219,"tested":1795,"deaths":0},{"race":[],"age_group":"60-69   ","count":218,"tested":1540,"deaths":0},{"race":[],"age_group":"70-79   ","count":119,"tested":1026,"deaths":0}],"race":[{"description":"AI/AN**","count":0,"tested":0,"deaths":0,"color":"rgb(31,119,180)"},{"description":"Asian","count":0,"tested":7,"deaths":0,"color":"rgb(140,86,75)"},{"description":"Black","count":0,"tested":20,"deaths":0,"color":"rgb(255,127,14)"},{"description":"Hispanic","count":10,"tested":43,"deaths":0,"color":"rgb(214,39,40)"},{"description":"Left Blank","count":457,"tested":8868,"deaths":0,"color":"rgb(44,160,44)"},{"description":"NH/PI*","count":0,"tested":0,"deaths":0,"color":"rgb(127,127,127)"},{"description":"Other","count":0,"tested":23,"deaths":0,"color":"rgb(148,103,189)"},{"description":"White","count":1065,"tested":4029,"deaths":0,"color":"rgb(31,119,180)"}],"gender":[{"description":"Female","count":876,"tested":8250,"deaths":0,"color":"rgb(255,127,14)"},{"description":"Male","count":615,"tested":3885,"deaths":0,"color":"rgb(31,119,180)"},{"description":"Unknown/Left Blank","count":51,"tested":857,"deaths":0,"color":"rgb(44,160,44)"}]}}]}
