{"lastUpdatedDate":{"year":2021,"month":1,"day":18},"county_demographics":[{"County":"Montgomery","confirmed_cases":3038,"total_tested":41817,"demographics":{"age":[{"race":[],"age_group":"30-39   ","count":585,"tested":6074,"deaths":0},{"race":[],"age_group":"50-59   ","count":467,"tested":5836,"deaths":0},{"race":[],"age_group":"40-49   ","count":474,"tested":5228,"deaths":0},{"race":[],"age_group":"20-29   ","count":456,"tested":5650,"deaths":0},{"race":[],"age_group":"80+","count":198,"tested":4832,"deaths":0},{"race":[],"age_group":"60-69   ","count":354,"tested":5397,"deaths":0},{"race":[],"age_group":"Unknown","count":0,"tested":1766,"deaths":0},{"race":[],"age_group":"70-79   ","count":183,"tested":3086,"deaths":0},{"race":[],"age_group":"<20","count":317,"tested":3948,"deaths":0}],"race":[{"description":"AI/AN**","count":0,"tested":0,"deaths":0,"color":"rgb(31,119,180)"},{"description":"Asian","count":0,"tested":58,"deaths":0,"color":"rgb(140,86,75)"},{"description":"Black","count":136,"tested":595,"deaths":0,"color":"rgb(255,127,14)"},{"description":"Hispanic","count":18,"tested":113,"deaths":0,"color":"rgb(214,39,40)"},{"description":"Left Blank","count":1537,"tested":25771,"deaths":0,"color":"rgb(44,160,44)"},{"description":"NH/PI*","count":0,"tested":13,"deaths":0,"color":"rgb(127,127,127)"},{"description":"Other","count":18,"tested":221,"deaths":0,"color":"rgb(148,103,189)"},{"description":"White","count":1313,"tested":15042,"deaths":0,"color":"rgb(31,119,180)"}],"gender":[{"description":"Female","count":1252,"tested":22592,"deaths":0,"color":"rgb(255,127,14)"},{"description":"Male","count":1555,"tested":14008,"deaths":0,"color":"rgb(31,119,180)"},{"description":"Unknown/Left Blank","count":227,"tested":5217,"deaths":0,"color":"rgb(44,160,44)"}]}}]}
