{"lastUpdatedDate":{"year":2021,"month":1,"day":18},"county_demographics":[{"County":"Illinois","confirmed_cases":1072214,"total_tested":14826995,"demographics":{"age":[{"race":[{"description":"AI/AN**","count":188,"tested":1576,"deaths":0,"color":"rgb(31,119,180)"},{"description":"Asian","count":2760,"tested":91240,"deaths":0,"color":"rgb(140,86,75)"},{"description":"Black","count":11808,"tested":128618,"deaths":6,"color":"rgb(255,127,14)"},{"description":"Hispanic","count":36160,"tested":197712,"deaths":0,"color":"rgb(214,39,40)"},{"description":"Left Blank","count":48815,"tested":635097,"deaths":0,"color":"rgb(44,160,44)"},{"description":"NH/PI*","count":114,"tested":2067,"deaths":0,"color":"rgb(127,127,127)"},{"description":"Other","count":5890,"tested":73781,"deaths":0,"color":"rgb(148,103,189)"},{"description":"White","count":52164,"tested":604093,"deaths":0,"color":"rgb(31,119,180)"}],"age_group":"<20","count":157899,"tested":1734184,"deaths":12},{"race":[{"description":"AI/AN**","count":238,"tested":2720,"deaths":0,"color":"rgb(31,119,180)"},{"description":"Asian","count":4319,"tested":223727,"deaths":0,"color":"rgb(140,86,75)"},{"description":"Black","count":17926,"tested":211334,"deaths":26,"color":"rgb(255,127,14)"},{"description":"Hispanic","count":41266,"tested":273173,"deaths":25,"color":"rgb(214,39,40)"},{"description":"Left Blank","count":60964,"tested":1101050,"deaths":0,"color":"rgb(44,160,44)"},{"description":"NH/PI*","count":168,"tested":3751,"deaths":0,"color":"rgb(127,127,127)"},{"description":"Other","count":7229,"tested":107568,"deaths":0,"color":"rgb(148,103,189)"},{"description":"White","count":66186,"tested":931761,"deaths":0,"color":"rgb(31,119,180)"}],"age_group":"20-29   ","count":198296,"tested":2855084,"deaths":58},{"race":[{"description":"AI/AN**","count":236,"tested":1843,"deaths":0,"color":"rgb(31,119,180)"},{"description":"Asian","count":3888,"tested":69588,"deaths":7,"color":"rgb(140,86,75)"},{"description":"Black","count":16503,"tested":168623,"deaths":66,"color":"rgb(255,127,14)"},{"description":"Hispanic","count":35719,"tested":174855,"deaths":101,"color":"rgb(214,39,40)"},{"description":"Left Blank","count":54182,"tested":1009303,"deaths":0,"color":"rgb(44,160,44)"},{"description":"NH/PI*","count":178,"tested":2494,"deaths":0,"color":"rgb(127,127,127)"},{"description":"Other","count":6588,"tested":73415,"deaths":0,"color":"rgb(148,103,189)"},{"description":"White","count":55154,"tested":648300,"deaths":21,"color":"rgb(31,119,180)"}],"age_group":"30-39   ","count":172448,"tested":2148421,"deaths":198},{"race":[{"description":"AI/AN**","count":203,"tested":1702,"deaths":0,"color":"rgb(31,119,180)"},{"description":"Asian","count":3726,"tested":47535,"deaths":19,"color":"rgb(140,86,75)"},{"description":"Black","count":15225,"tested":157306,"deaths":138,"color":"rgb(255,127,14)"},{"description":"Hispanic","count":36581,"tested":153759,"deaths":236,"color":"rgb(214,39,40)"},{"description":"Left Blank","count":50263,"tested":876641,"deaths":8,"color":"rgb(44,160,44)"},{"description":"NH/PI*","count":175,"tested":2003,"deaths":0,"color":"rgb(127,127,127)"},{"description":"Other","count":6032,"tested":58186,"deaths":0,"color":"rgb(148,103,189)"},{"description":"White","count":53117,"tested":546126,"deaths":97,"color":"rgb(31,119,180)"}],"age_group":"40-49   ","count":165322,"tested":1843258,"deaths":501},{"race":[{"description":"AI/AN**","count":179,"tested":1683,"deaths":0,"color":"rgb(31,119,180)"},{"description":"Asian","count":3276,"tested":40377,"deaths":40,"color":"rgb(140,86,75)"},{"description":"Black","count":14567,"tested":164827,"deaths":320,"color":"rgb(255,127,14)"},{"description":"Hispanic","count":26065,"tested":117128,"deaths":464,"color":"rgb(214,39,40)"},{"description":"Left Blank","count":48684,"tested":901360,"deaths":18,"color":"rgb(44,160,44)"},{"description":"NH/PI*","count":165,"tested":2006,"deaths":0,"color":"rgb(127,127,127)"},{"description":"Other","count":5389,"tested":52779,"deaths":8,"color":"rgb(148,103,189)"},{"description":"White","count":61294,"tested":653326,"deaths":376,"color":"rgb(31,119,180)"}],"age_group":"50-59   ","count":159619,"tested":1933486,"deaths":1230},{"race":[{"description":"AI/AN**","count":126,"tested":1156,"deaths":8,"color":"rgb(31,119,180)"},{"description":"Asian","count":2482,"tested":25896,"deaths":106,"color":"rgb(140,86,75)"},{"description":"Black","count":10994,"tested":135687,"deaths":768,"color":"rgb(255,127,14)"},{"description":"Hispanic","count":13284,"tested":65236,"deaths":699,"color":"rgb(214,39,40)"},{"description":"Left Blank","count":32884,"tested":726201,"deaths":70,"color":"rgb(44,160,44)"},{"description":"NH/PI*","count":115,"tested":1265,"deaths":0,"color":"rgb(127,127,127)"},{"description":"Other","count":3424,"tested":38400,"deaths":22,"color":"rgb(148,103,189)"},{"description":"White","count":49204,"tested":586128,"deaths":1218,"color":"rgb(31,119,180)"}],"age_group":"60-69   ","count":112518,"tested":1579969,"deaths":2895},{"race":[{"description":"AI/AN**","count":61,"tested":641,"deaths":0,"color":"rgb(31,119,180)"},{"description":"Asian","count":1323,"tested":12909,"deaths":177,"color":"rgb(140,86,75)"},{"description":"Black","count":6009,"tested":68645,"deaths":892,"color":"rgb(255,127,14)"},{"description":"Hispanic","count":5301,"tested":26820,"deaths":682,"color":"rgb(214,39,40)"},{"description":"Left Blank","count":15555,"tested":412123,"deaths":107,"color":"rgb(44,160,44)"},{"description":"NH/PI*","count":41,"tested":467,"deaths":0,"color":"rgb(127,127,127)"},{"description":"Other","count":1497,"tested":20900,"deaths":33,"color":"rgb(148,103,189)"},{"description":"White","count":30048,"tested":388325,"deaths":2572,"color":"rgb(31,119,180)"}],"age_group":"70-79   ","count":59841,"tested":930830,"deaths":4471},{"race":[{"description":"AI/AN**","count":39,"tested":316,"deaths":7,"color":"rgb(31,119,180)"},{"description":"Asian","count":883,"tested":8297,"deaths":307,"color":"rgb(140,86,75)"},{"description":"Black","count":3883,"tested":39459,"deaths":1088,"color":"rgb(255,127,14)"},{"description":"Hispanic","count":2574,"tested":13771,"deaths":677,"color":"rgb(214,39,40)"},{"description":"Left Blank","count":11888,"tested":482362,"deaths":424,"color":"rgb(44,160,44)"},{"description":"NH/PI*","count":24,"tested":249,"deaths":0,"color":"rgb(127,127,127)"},{"description":"Other","count":758,"tested":11237,"deaths":49,"color":"rgb(148,103,189)"},{"description":"White","count":25741,"tested":371246,"deaths":6336,"color":"rgb(31,119,180)"}],"age_group":"80+","count":45792,"tested":926937,"deaths":8893},{"race":[{"description":"AI/AN**","count":0,"tested":0,"deaths":0,"color":"rgb(31,119,180)"},{"description":"Asian","count":0,"tested":79,"deaths":0,"color":"rgb(140,86,75)"},{"description":"Black","count":7,"tested":282,"deaths":0,"color":"rgb(255,127,14)"},{"description":"Hispanic","count":12,"tested":317,"deaths":0,"color":"rgb(214,39,40)"},{"description":"Left Blank","count":383,"tested":46798,"deaths":0,"color":"rgb(44,160,44)"},{"description":"NH/PI*","count":0,"tested":0,"deaths":0,"color":"rgb(127,127,127)"},{"description":"Other","count":0,"tested":58,"deaths":0,"color":"rgb(148,103,189)"},{"description":"White","count":66,"tested":796,"deaths":0,"color":"rgb(31,119,180)"}],"age_group":"Unknown","count":479,"tested":48332,"deaths":0}],"race":[{"description":"AI/AN**","count":1282,"tested":11638,"deaths":22,"color":"rgb(31,119,180)"},{"description":"Asian","count":22657,"tested":519648,"deaths":658,"color":"rgb(140,86,75)"},{"description":"Black","count":96924,"tested":1074781,"deaths":3304,"color":"rgb(255,127,14)"},{"description":"Hispanic","count":196967,"tested":1022771,"deaths":2887,"color":"rgb(214,39,40)"},{"description":"Left Blank","count":323618,"tested":6190935,"deaths":630,"color":"rgb(44,160,44)"},{"description":"NH/PI*","count":983,"tested":14303,"deaths":16,"color":"rgb(127,127,127)"},{"description":"Other","count":36809,"tested":436324,"deaths":113,"color":"rgb(148,103,189)"},{"description":"White","count":392974,"tested":4730101,"deaths":10628,"color":"rgb(31,119,180)"}],"gender":[{"description":"Female","count":552678,"tested":7751258,"deaths":8477,"color":"rgb(255,127,14)"},{"description":"Male","count":499715,"tested":5734970,"deaths":9781,"color":"rgb(31,119,180)"},{"description":"Unknown/Left Blank","count":19821,"tested":514273,"deaths":0,"color":"rgb(44,160,44)"}]}}]}
