{"lastUpdatedDate":{"year":2021,"month":1,"day":18},"county_demographics":[{"County":"Stark","confirmed_cases":493,"total_tested":6436,"demographics":{"age":[{"race":[],"age_group":"70-79   ","count":44,"tested":674,"deaths":0},{"race":[],"age_group":"80+","count":44,"tested":637,"deaths":0},{"race":[],"age_group":"<20","count":80,"tested":988,"deaths":0},{"race":[],"age_group":"60-69   ","count":51,"tested":871,"deaths":0},{"race":[],"age_group":"Unknown","count":0,"tested":7,"deaths":0},{"race":[],"age_group":"40-49   ","count":62,"tested":606,"deaths":0},{"race":[],"age_group":"50-59   ","count":76,"tested":876,"deaths":0},{"race":[],"age_group":"20-29   ","count":69,"tested":1034,"deaths":0},{"race":[],"age_group":"30-39   ","count":62,"tested":743,"deaths":0}],"race":[{"description":"AI/AN**","count":0,"tested":0,"deaths":0,"color":"rgb(31,119,180)"},{"description":"Asian","count":0,"tested":0,"deaths":0,"color":"rgb(140,86,75)"},{"description":"Black","count":0,"tested":26,"deaths":0,"color":"rgb(255,127,14)"},{"description":"Hispanic","count":0,"tested":29,"deaths":0,"color":"rgb(214,39,40)"},{"description":"Left Blank","count":215,"tested":3886,"deaths":0,"color":"rgb(44,160,44)"},{"description":"Other","count":0,"tested":51,"deaths":0,"color":"rgb(148,103,189)"},{"description":"White","count":268,"tested":2438,"deaths":0,"color":"rgb(31,119,180)"}],"gender":[{"description":"Female","count":273,"tested":4090,"deaths":0,"color":"rgb(255,127,14)"},{"description":"Male","count":209,"tested":2154,"deaths":0,"color":"rgb(31,119,180)"},{"description":"Unknown/Left Blank","count":10,"tested":192,"deaths":0,"color":"rgb(44,160,44)"}]}}]}
