{"age":[{"age_group":"<20","count":7,"tested":132},{"age_group":"20-29   ","count":13,"tested":184},{"age_group":"30-39   ","count":10,"tested":220},{"age_group":"40-49   ","count":9,"tested":96},{"age_group":"50-59   ","count":19,"tested":199},{"age_group":"60-69   ","count":11,"tested":226}],"race":[{"description":"White","count":59,"tested":896,"color":"rgb(31,119,180)"},{"description":"Left Blank","count":7,"tested":287,"color":"rgb(44,160,44)"}],"gender":[{"description":"Female","count":34,"tested":822,"color":"rgb(255,127,14)"},{"description":"Male","count":38,"tested":386,"color":"rgb(31,119,180)"}]}
