{"age":[{"age_group":"<20","count":922,"tested":6279},{"age_group":"20-29   ","count":957,"tested":9285},{"age_group":"30-39   ","count":919,"tested":8560},{"age_group":"40-49   ","count":965,"tested":8451},{"age_group":"50-59   ","count":785,"tested":8275},{"age_group":"60-69   ","count":461,"tested":6639},{"age_group":"70-79   ","count":209,"tested":2662},{"age_group":"80+","count":161,"tested":2193}],"race":[{"description":"Hispanic","count":2145,"tested":11301,"color":"rgb(214,39,40)"},{"description":"Asian","count":13,"tested":213,"color":"rgb(140,86,75)"},{"description":"Black","count":1169,"tested":13888,"color":"rgb(255,127,14)"},{"description":"White","count":305,"tested":3813,"color":"rgb(31,119,180)"},{"description":"Other","count":175,"tested":1689,"color":"rgb(148,103,189)"},{"description":"Left Blank","count":1562,"tested":21269,"color":"rgb(44,160,44)"},{"description":"AI/AN**","count":10,"tested":31,"color":"rgb(31,119,180)"}],"gender":[{"description":"Female","count":2816,"tested":29805,"color":"rgb(255,127,14)"},{"description":"Male","count":2497,"tested":21365,"color":"rgb(31,119,180)"},{"description":"Unknown/Left Blank","count":66,"tested":1189,"color":"rgb(44,160,44)"}]}
