{"age":[{"age_group":"<20","count":123,"tested":1411},{"age_group":"20-29   ","count":127,"tested":2657},{"age_group":"30-39   ","count":107,"tested":2032},{"age_group":"40-49   ","count":126,"tested":2135},{"age_group":"50-59   ","count":148,"tested":2698},{"age_group":"60-69   ","count":101,"tested":2346},{"age_group":"70-79   ","count":70,"tested":1795},{"age_group":"80+","count":67,"tested":2598}],"race":[{"description":"Black","count":16,"tested":422,"color":"rgb(255,127,14)"},{"description":"Other","count":11,"tested":197,"color":"rgb(148,103,189)"},{"description":"Left Blank","count":250,"tested":11882,"color":"rgb(44,160,44)"},{"description":"White","count":522,"tested":4684,"color":"rgb(31,119,180)"},{"description":"Hispanic","count":69,"tested":419,"color":"rgb(214,39,40)"}],"gender":[{"description":"Male","count":375,"tested":5334,"color":"rgb(31,119,180)"},{"description":"Female","count":493,"tested":11925,"color":"rgb(255,127,14)"}]}
