{"age":[{"age_group":"<20","count":19,"tested":189},{"age_group":"20-29   ","count":14,"tested":212},{"age_group":"30-39   ","count":6,"tested":233},{"age_group":"40-49   ","count":25,"tested":180},{"age_group":"50-59   ","count":37,"tested":234},{"age_group":"60-69   ","count":14,"tested":207},{"age_group":"70-79   ","count":10,"tested":158},{"age_group":"80+","count":6,"tested":114}],"race":[{"description":"White","count":83,"tested":823,"color":"rgb(31,119,180)"},{"description":"Left Blank","count":45,"tested":638,"color":"rgb(44,160,44)"}],"gender":[{"description":"Male","count":64,"tested":570,"color":"rgb(31,119,180)"},{"description":"Female","count":65,"tested":924,"color":"rgb(255,127,14)"}]}
