{"age":[{"age_group":"<20","count":364,"tested":4238},{"age_group":"20-29   ","count":424,"tested":7383},{"age_group":"30-39   ","count":599,"tested":9540},{"age_group":"40-49   ","count":450,"tested":8520},{"age_group":"50-59   ","count":358,"tested":8215},{"age_group":"60-69   ","count":286,"tested":8011},{"age_group":"70-79   ","count":148,"tested":4485},{"age_group":"80+","count":88,"tested":2558}],"race":[{"description":"Left Blank","count":585,"tested":20177,"color":"rgb(44,160,44)"},{"description":"Other","count":50,"tested":985,"color":"rgb(148,103,189)"},{"description":"White","count":81,"tested":1914,"color":"rgb(31,119,180)"},{"description":"Black","count":1894,"tested":28403,"color":"rgb(255,127,14)"},{"description":"Hispanic","count":84,"tested":1032,"color":"rgb(214,39,40)"},{"description":"Asian","count":20,"tested":343,"color":"rgb(140,86,75)"}],"gender":[{"description":"Male","count":1116,"tested":21342,"color":"rgb(31,119,180)"},{"description":"Unknown/Left Blank","count":37,"tested":1686,"color":"rgb(44,160,44)"},{"description":"Female","count":1564,"tested":29951,"color":"rgb(255,127,14)"}]}
