{"age":[{"age_group":"<20","count":190,"tested":2053},{"age_group":"20-29   ","count":157,"tested":2085},{"age_group":"30-39   ","count":128,"tested":1609},{"age_group":"40-49   ","count":178,"tested":1600},{"age_group":"50-59   ","count":194,"tested":2033},{"age_group":"60-69   ","count":114,"tested":1706},{"age_group":"70-79   ","count":47,"tested":1187},{"age_group":"80+","count":27,"tested":587}],"race":[{"description":"Left Blank","count":217,"tested":3762,"color":"rgb(44,160,44)"},{"description":"Hispanic","count":94,"tested":670,"color":"rgb(214,39,40)"},{"description":"Other","count":39,"tested":363,"color":"rgb(148,103,189)"},{"description":"White","count":665,"tested":7776,"color":"rgb(31,119,180)"},{"description":"Black","count":9,"tested":152,"color":"rgb(255,127,14)"},{"description":"Asian","count":8,"tested":118,"color":"rgb(140,86,75)"}],"gender":[{"description":"Female","count":522,"tested":6726,"color":"rgb(255,127,14)"},{"description":"Male","count":506,"tested":6023,"color":"rgb(31,119,180)"}]}
