{"age":[{"age_group":"<20","count":214,"tested":1519},{"age_group":"20-29   ","count":206,"tested":2027},{"age_group":"30-39   ","count":250,"tested":2120},{"age_group":"40-49   ","count":171,"tested":1596},{"age_group":"50-59   ","count":183,"tested":1931},{"age_group":"60-69   ","count":154,"tested":1539},{"age_group":"70-79   ","count":39,"tested":650},{"age_group":"80+","count":26,"tested":474}],"race":[{"description":"Other","count":51,"tested":582,"color":"rgb(148,103,189)"},{"description":"Left Blank","count":220,"tested":3198,"color":"rgb(44,160,44)"},{"description":"White","count":538,"tested":5017,"color":"rgb(31,119,180)"},{"description":"Black","count":20,"tested":174,"color":"rgb(255,127,14)"},{"description":"Asian","count":22,"tested":214,"color":"rgb(140,86,75)"},{"description":"Hispanic","count":390,"tested":2643,"color":"rgb(214,39,40)"}],"gender":[{"description":"Male","count":601,"tested":5332,"color":"rgb(31,119,180)"},{"description":"Female","count":641,"tested":6360,"color":"rgb(255,127,14)"}]}
