{"age":[{"age_group":"<20","count":470,"tested":4325},{"age_group":"20-29   ","count":655,"tested":6025},{"age_group":"30-39   ","count":444,"tested":5059},{"age_group":"40-49   ","count":515,"tested":5576},{"age_group":"50-59   ","count":497,"tested":6650},{"age_group":"60-69   ","count":300,"tested":5061},{"age_group":"70-79   ","count":159,"tested":3268},{"age_group":"80+","count":134,"tested":3503}],"race":[{"description":"Left Blank","count":864,"tested":20807,"color":"rgb(44,160,44)"},{"description":"White","count":643,"tested":7424,"color":"rgb(31,119,180)"},{"description":"Asian","count":46,"tested":568,"color":"rgb(140,86,75)"},{"description":"Other","count":125,"tested":1482,"color":"rgb(148,103,189)"},{"description":"Hispanic","count":1429,"tested":8285,"color":"rgb(214,39,40)"},{"description":"Black","count":61,"tested":877,"color":"rgb(255,127,14)"}],"gender":[{"description":"Female","count":1638,"tested":23738,"color":"rgb(255,127,14)"},{"description":"Male","count":1518,"tested":15509,"color":"rgb(31,119,180)"},{"description":"Unknown/Left Blank","count":18,"tested":240,"color":"rgb(44,160,44)"}]}
