{"age":[{"age_group":"<20","count":321,"tested":3652},{"age_group":"20-29   ","count":224,"tested":3889},{"age_group":"30-39   ","count":244,"tested":4441},{"age_group":"40-49   ","count":264,"tested":4931},{"age_group":"50-59   ","count":254,"tested":4860},{"age_group":"60-69   ","count":150,"tested":3627},{"age_group":"70-79   ","count":55,"tested":1966},{"age_group":"80+","count":29,"tested":3199}],"race":[{"description":"Black","count":53,"tested":1996,"color":"rgb(255,127,14)"},{"description":"Asian","count":22,"tested":594,"color":"rgb(140,86,75)"},{"description":"Hispanic","count":339,"tested":3666,"color":"rgb(214,39,40)"},{"description":"Left Blank","count":443,"tested":8587,"color":"rgb(44,160,44)"},{"description":"White","count":602,"tested":14456,"color":"rgb(31,119,180)"},{"description":"Other","count":79,"tested":1191,"color":"rgb(148,103,189)"}],"gender":[{"description":"Female","count":805,"tested":18467,"color":"rgb(255,127,14)"},{"description":"Male","count":720,"tested":11456,"color":"rgb(31,119,180)"},{"description":"Unknown/Left Blank","count":17,"tested":651,"color":"rgb(44,160,44)"}]}
