{"age":[{"age_group":"<20","count":30,"tested":438},{"age_group":"20-29   ","count":39,"tested":697},{"age_group":"30-39   ","count":35,"tested":630},{"age_group":"40-49   ","count":29,"tested":503},{"age_group":"50-59   ","count":45,"tested":1114},{"age_group":"60-69   ","count":32,"tested":643},{"age_group":"70-79   ","count":20,"tested":574},{"age_group":"80+","count":45,"tested":1972}],"race":[{"description":"Hispanic","count":6,"tested":25,"color":"rgb(214,39,40)"},{"description":"White","count":220,"tested":2317,"color":"rgb(31,119,180)"},{"description":"Left Blank","count":38,"tested":4063,"color":"rgb(44,160,44)"},{"description":"Other","count":10,"tested":135,"color":"rgb(148,103,189)"}],"gender":[{"description":"Male","count":115,"tested":1813,"color":"rgb(31,119,180)"},{"description":"Female","count":158,"tested":4653,"color":"rgb(255,127,14)"}]}
