{"lastUpdatedDate":{"year":2021,"month":5,"day":12},"county_demographics":[{"County":"Moultrie","confirmed_cases":1609,"total_tested":25079,"demographics":{"age":[{"race":[],"age_group":"<20","count":271,"tested":3885,"deaths":0},{"race":[],"age_group":"20-29   ","count":187,"tested":3773,"deaths":0},{"race":[],"age_group":"30-39   ","count":191,"tested":3445,"deaths":0},{"race":[],"age_group":"40-49   ","count":177,"tested":3410,"deaths":0},{"race":[],"age_group":"50-59   ","count":251,"tested":3616,"deaths":0},{"race":[],"age_group":"60-69   ","count":242,"tested":3145,"deaths":0},{"race":[],"age_group":"70-79   ","count":153,"tested":1948,"deaths":0},{"race":[],"age_group":"80+","count":137,"tested":1775,"deaths":0},{"race":[],"age_group":"Unknown","count":0,"tested":82,"deaths":0}],"race":[{"description":"AI/AN**","count":0,"tested":6,"deaths":0,"color":"rgb(31,119,180)"},{"description":"Asian","count":0,"tested":47,"deaths":0,"color":"rgb(140,86,75)"},{"description":"Black","count":14,"tested":253,"deaths":0,"color":"rgb(255,127,14)"},{"description":"Hispanic","count":12,"tested":111,"deaths":0,"color":"rgb(214,39,40)"},{"description":"Left Blank","count":414,"tested":8056,"deaths":0,"color":"rgb(44,160,44)"},{"description":"NH/PI*","count":0,"tested":20,"deaths":0,"color":"rgb(127,127,127)"},{"description":"Other","count":13,"tested":377,"deaths":0,"color":"rgb(148,103,189)"},{"description":"White","count":1152,"tested":16209,"deaths":0,"color":"rgb(31,119,180)"}],"gender":[{"description":"Female","count":834,"tested":15774,"deaths":0,"color":"rgb(255,127,14)"},{"description":"Male","count":746,"tested":8234,"deaths":0,"color":"rgb(31,119,180)"},{"description":"Unknown/Left Blank","count":29,"tested":1071,"deaths":0,"color":"rgb(44,160,44)"}]}}]}
