{"lastUpdatedDate":{"year":2021,"month":5,"day":12},"county_demographics":[{"County":"Clark","confirmed_cases":1794,"total_tested":17612,"demographics":{"age":[{"race":[],"age_group":"<20","count":338,"tested":2907,"deaths":0},{"race":[],"age_group":"20-29   ","count":242,"tested":1999,"deaths":0},{"race":[],"age_group":"30-39   ","count":261,"tested":2605,"deaths":0},{"race":[],"age_group":"40-49   ","count":225,"tested":2140,"deaths":0},{"race":[],"age_group":"50-59   ","count":248,"tested":2395,"deaths":0},{"race":[],"age_group":"60-69   ","count":207,"tested":2247,"deaths":0},{"race":[],"age_group":"70-79   ","count":122,"tested":1381,"deaths":0},{"race":[],"age_group":"80+","count":151,"tested":1917,"deaths":0},{"race":[],"age_group":"Unknown","count":0,"tested":21,"deaths":0}],"race":[{"description":"AI/AN**","count":0,"tested":0,"deaths":0,"color":"rgb(31,119,180)"},{"description":"Asian","count":0,"tested":11,"deaths":0,"color":"rgb(140,86,75)"},{"description":"Black","count":0,"tested":36,"deaths":0,"color":"rgb(255,127,14)"},{"description":"Hispanic","count":9,"tested":46,"deaths":0,"color":"rgb(214,39,40)"},{"description":"Left Blank","count":337,"tested":7430,"deaths":0,"color":"rgb(44,160,44)"},{"description":"Other","count":8,"tested":268,"deaths":0,"color":"rgb(148,103,189)"},{"description":"White","count":1430,"tested":9817,"deaths":0,"color":"rgb(31,119,180)"}],"gender":[{"description":"Female","count":833,"tested":10997,"deaths":0,"color":"rgb(255,127,14)"},{"description":"Male","count":582,"tested":5816,"deaths":0,"color":"rgb(31,119,180)"},{"description":"Unknown/Left Blank","count":379,"tested":799,"deaths":0,"color":"rgb(44,160,44)"}]}}]}
