{"lastUpdatedDate":{"year":2021,"month":5,"day":12},"county_demographics":[{"County":"Pulaski","confirmed_cases":687,"total_tested":6662,"demographics":{"age":[{"race":[],"age_group":"<20","count":86,"tested":617,"deaths":0},{"race":[],"age_group":"20-29   ","count":125,"tested":1118,"deaths":0},{"race":[],"age_group":"30-39   ","count":115,"tested":1349,"deaths":0},{"race":[],"age_group":"40-49   ","count":123,"tested":1319,"deaths":0},{"race":[],"age_group":"50-59   ","count":79,"tested":1198,"deaths":0},{"race":[],"age_group":"60-69   ","count":85,"tested":659,"deaths":0},{"race":[],"age_group":"70-79   ","count":38,"tested":278,"deaths":0},{"race":[],"age_group":"80+","count":17,"tested":124,"deaths":0}],"race":[{"description":"AI/AN**","count":0,"tested":0,"deaths":0,"color":"rgb(31,119,180)"},{"description":"Asian","count":0,"tested":9,"deaths":0,"color":"rgb(140,86,75)"},{"description":"Black","count":107,"tested":1318,"deaths":0,"color":"rgb(255,127,14)"},{"description":"Hispanic","count":102,"tested":722,"deaths":0,"color":"rgb(214,39,40)"},{"description":"Left Blank","count":151,"tested":1998,"deaths":0,"color":"rgb(44,160,44)"},{"description":"NH/PI*","count":0,"tested":0,"deaths":0,"color":"rgb(127,127,127)"},{"description":"Other","count":0,"tested":115,"deaths":0,"color":"rgb(148,103,189)"},{"description":"White","count":321,"tested":2493,"deaths":0,"color":"rgb(31,119,180)"}],"gender":[{"description":"Female","count":312,"tested":3214,"deaths":0,"color":"rgb(255,127,14)"},{"description":"Male","count":345,"tested":2881,"deaths":0,"color":"rgb(31,119,180)"},{"description":"Unknown/Left Blank","count":30,"tested":567,"deaths":0,"color":"rgb(44,160,44)"}]}}]}
