{"lastUpdatedDate":{"year":2021,"month":5,"day":12},"county_demographics":[{"County":"Ogle","confirmed_cases":6097,"total_tested":65667,"demographics":{"age":[{"race":[],"age_group":"<20","count":1027,"tested":9436,"deaths":0},{"race":[],"age_group":"20-29   ","count":997,"tested":10010,"deaths":0},{"race":[],"age_group":"30-39   ","count":938,"tested":9632,"deaths":0},{"race":[],"age_group":"40-49   ","count":902,"tested":8468,"deaths":0},{"race":[],"age_group":"50-59   ","count":940,"tested":9710,"deaths":0},{"race":[],"age_group":"60-69   ","count":606,"tested":7994,"deaths":0},{"race":[],"age_group":"70-79   ","count":351,"tested":4265,"deaths":0},{"race":[],"age_group":"80+","count":259,"tested":6123,"deaths":0},{"race":[],"age_group":"Unknown","count":77,"tested":29,"deaths":0}],"race":[{"description":"AI/AN**","count":0,"tested":75,"deaths":0,"color":"rgb(31,119,180)"},{"description":"Asian","count":8,"tested":128,"deaths":0,"color":"rgb(140,86,75)"},{"description":"Black","count":37,"tested":613,"deaths":0,"color":"rgb(255,127,14)"},{"description":"Hispanic","count":509,"tested":1881,"deaths":0,"color":"rgb(214,39,40)"},{"description":"Left Blank","count":2397,"tested":27630,"deaths":0,"color":"rgb(44,160,44)"},{"description":"NH/PI*","count":0,"tested":0,"deaths":0,"color":"rgb(127,127,127)"},{"description":"Other","count":83,"tested":837,"deaths":0,"color":"rgb(148,103,189)"},{"description":"White","count":3055,"tested":34498,"deaths":0,"color":"rgb(31,119,180)"}],"gender":[{"description":"Female","count":3208,"tested":41385,"deaths":0,"color":"rgb(255,127,14)"},{"description":"Male","count":2814,"tested":20700,"deaths":0,"color":"rgb(31,119,180)"},{"description":"Unknown/Left Blank","count":75,"tested":3582,"deaths":0,"color":"rgb(44,160,44)"}]}}]}
