{"lastUpdatedDate":{"year":2021,"month":5,"day":12},"county_demographics":[{"County":"Union","confirmed_cases":2257,"total_tested":36592,"demographics":{"age":[{"race":[],"age_group":"<20","count":322,"tested":2871,"deaths":0},{"race":[],"age_group":"20-29   ","count":350,"tested":5204,"deaths":0},{"race":[],"age_group":"30-39   ","count":327,"tested":5760,"deaths":0},{"race":[],"age_group":"40-49   ","count":312,"tested":5925,"deaths":0},{"race":[],"age_group":"50-59   ","count":345,"tested":6745,"deaths":0},{"race":[],"age_group":"60-69   ","count":293,"tested":4398,"deaths":0},{"race":[],"age_group":"70-79   ","count":188,"tested":2557,"deaths":0},{"race":[],"age_group":"80+","count":120,"tested":3127,"deaths":0},{"race":[],"age_group":"Unknown","count":0,"tested":0,"deaths":0}],"race":[{"description":"AI/AN**","count":0,"tested":12,"deaths":0,"color":"rgb(31,119,180)"},{"description":"Asian","count":0,"tested":80,"deaths":0,"color":"rgb(140,86,75)"},{"description":"Black","count":69,"tested":1247,"deaths":0,"color":"rgb(255,127,14)"},{"description":"Hispanic","count":105,"tested":667,"deaths":0,"color":"rgb(214,39,40)"},{"description":"Left Blank","count":311,"tested":10502,"deaths":0,"color":"rgb(44,160,44)"},{"description":"NH/PI*","count":0,"tested":56,"deaths":0,"color":"rgb(127,127,127)"},{"description":"Other","count":15,"tested":204,"deaths":0,"color":"rgb(148,103,189)"},{"description":"White","count":1753,"tested":23824,"deaths":0,"color":"rgb(31,119,180)"}],"gender":[{"description":"Female","count":1117,"tested":18365,"deaths":0,"color":"rgb(255,127,14)"},{"description":"Male","count":1058,"tested":15471,"deaths":0,"color":"rgb(31,119,180)"},{"description":"Unknown/Left Blank","count":82,"tested":2756,"deaths":0,"color":"rgb(44,160,44)"}]}}]}
