{"lastUpdatedDate":{"year":2021,"month":5,"day":12},"county_demographics":[{"County":"Cook","confirmed_cases":264067,"total_tested":3947504,"demographics":{"age":[{"race":[],"age_group":"<20","count":41454,"tested":472670,"deaths":0},{"race":[],"age_group":"20-29   ","count":46613,"tested":671789,"deaths":0},{"race":[],"age_group":"30-39   ","count":41743,"tested":557368,"deaths":0},{"race":[],"age_group":"40-49   ","count":41427,"tested":535693,"deaths":0},{"race":[],"age_group":"50-59   ","count":40056,"tested":597708,"deaths":0},{"race":[],"age_group":"60-69   ","count":28087,"tested":509775,"deaths":0},{"race":[],"age_group":"70-79   ","count":13934,"tested":296257,"deaths":0},{"race":[],"age_group":"80+","count":10701,"tested":302352,"deaths":0},{"race":[],"age_group":"Unknown","count":52,"tested":3892,"deaths":0}],"race":[{"description":"AI/AN**","count":455,"tested":4344,"deaths":0,"color":"rgb(31,119,180)"},{"description":"Asian","count":9628,"tested":172498,"deaths":0,"color":"rgb(140,86,75)"},{"description":"Black","count":29320,"tested":398597,"deaths":0,"color":"rgb(255,127,14)"},{"description":"Hispanic","count":52824,"tested":336061,"deaths":0,"color":"rgb(214,39,40)"},{"description":"Left Blank","count":79121,"tested":1820203,"deaths":0,"color":"rgb(44,160,44)"},{"description":"NH/PI*","count":370,"tested":5699,"deaths":0,"color":"rgb(127,127,127)"},{"description":"Other","count":13921,"tested":142096,"deaths":0,"color":"rgb(148,103,189)"},{"description":"White","count":78428,"tested":1068006,"deaths":0,"color":"rgb(31,119,180)"}],"gender":[{"description":"Female","count":137003,"tested":2233736,"deaths":0,"color":"rgb(255,127,14)"},{"description":"Male","count":124734,"tested":1626311,"deaths":0,"color":"rgb(31,119,180)"},{"description":"Unknown/Left Blank","count":2330,"tested":87457,"deaths":0,"color":"rgb(44,160,44)"}]}}]}
