{"lastUpdatedDate":{"year":2021,"month":1,"day":25},"county_demographics":[{"County":"Henderson","confirmed_cases":468,"total_tested":5248,"demographics":{"age":[{"race":[],"age_group":"<20","count":40,"tested":615,"deaths":0},{"race":[],"age_group":"20-29   ","count":59,"tested":581,"deaths":0},{"race":[],"age_group":"30-39   ","count":66,"tested":814,"deaths":0},{"race":[],"age_group":"40-49   ","count":61,"tested":672,"deaths":0},{"race":[],"age_group":"50-59   ","count":86,"tested":752,"deaths":0},{"race":[],"age_group":"60-69   ","count":72,"tested":641,"deaths":0},{"race":[],"age_group":"70-79   ","count":30,"tested":545,"deaths":0},{"race":[],"age_group":"80+","count":42,"tested":627,"deaths":0},{"race":[],"age_group":"Unknown","count":0,"tested":0,"deaths":0}],"race":[{"description":"AI/AN**","count":0,"tested":0,"deaths":0,"color":"rgb(31,119,180)"},{"description":"Asian","count":0,"tested":0,"deaths":0,"color":"rgb(140,86,75)"},{"description":"Hispanic","count":0,"tested":18,"deaths":0,"color":"rgb(214,39,40)"},{"description":"Left Blank","count":162,"tested":1753,"deaths":0,"color":"rgb(44,160,44)"},{"description":"Other","count":0,"tested":23,"deaths":0,"color":"rgb(148,103,189)"},{"description":"White","count":302,"tested":3449,"deaths":0,"color":"rgb(31,119,180)"}],"gender":[{"description":"Female","count":267,"tested":3607,"deaths":0,"color":"rgb(255,127,14)"},{"description":"Male","count":187,"tested":1459,"deaths":0,"color":"rgb(31,119,180)"},{"description":"Unknown/Left Blank","count":10,"tested":182,"deaths":0,"color":"rgb(44,160,44)"}]}}]}
