{"lastUpdatedDate":{"year":2021,"month":1,"day":25},"county_demographics":[{"County":"Cook","confirmed_cases":215103,"total_tested":2660327,"demographics":{"age":[{"race":[],"age_group":"<20","count":30839,"tested":274712,"deaths":0},{"race":[],"age_group":"20-29   ","count":38266,"tested":449849,"deaths":0},{"race":[],"age_group":"30-39   ","count":33800,"tested":381261,"deaths":0},{"race":[],"age_group":"40-49   ","count":34072,"tested":366593,"deaths":0},{"race":[],"age_group":"50-59   ","count":33144,"tested":410906,"deaths":0},{"race":[],"age_group":"60-69   ","count":23643,"tested":352994,"deaths":0},{"race":[],"age_group":"70-79   ","count":11848,"tested":206851,"deaths":0},{"race":[],"age_group":"80+","count":9444,"tested":214925,"deaths":0},{"race":[],"age_group":"Unknown","count":47,"tested":2236,"deaths":0}],"race":[{"description":"AI/AN**","count":351,"tested":2435,"deaths":0,"color":"rgb(31,119,180)"},{"description":"Asian","count":7099,"tested":93904,"deaths":0,"color":"rgb(140,86,75)"},{"description":"Black","count":20929,"tested":243719,"deaths":0,"color":"rgb(255,127,14)"},{"description":"Hispanic","count":42298,"tested":217109,"deaths":0,"color":"rgb(214,39,40)"},{"description":"Left Blank","count":73820,"tested":1325493,"deaths":0,"color":"rgb(44,160,44)"},{"description":"NH/PI*","count":301,"tested":3607,"deaths":0,"color":"rgb(127,127,127)"},{"description":"Other","count":11615,"tested":99429,"deaths":0,"color":"rgb(148,103,189)"},{"description":"White","count":58690,"tested":674631,"deaths":0,"color":"rgb(31,119,180)"}],"gender":[{"description":"Female","count":111897,"tested":1511586,"deaths":0,"color":"rgb(255,127,14)"},{"description":"Male","count":101026,"tested":1084368,"deaths":0,"color":"rgb(31,119,180)"},{"description":"Unknown/Left Blank","count":2180,"tested":64373,"deaths":0,"color":"rgb(44,160,44)"}]}}]}
