{"lastUpdatedDate":{"year":2021,"month":1,"day":25},"county_demographics":[{"County":"Champaign","confirmed_cases":15937,"total_tested":1408507,"demographics":{"age":[{"race":[],"age_group":"<20","count":4193,"tested":311488,"deaths":0},{"race":[],"age_group":"20-29   ","count":4632,"tested":619921,"deaths":0},{"race":[],"age_group":"30-39   ","count":1994,"tested":147873,"deaths":0},{"race":[],"age_group":"40-49   ","count":1679,"tested":113535,"deaths":0},{"race":[],"age_group":"50-59   ","count":1449,"tested":105921,"deaths":0},{"race":[],"age_group":"60-69   ","count":1084,"tested":67503,"deaths":0},{"race":[],"age_group":"70-79   ","count":491,"tested":24196,"deaths":0},{"race":[],"age_group":"80+","count":413,"tested":17845,"deaths":0},{"race":[],"age_group":"Unknown","count":0,"tested":225,"deaths":0}],"race":[{"description":"AI/AN**","count":8,"tested":2077,"deaths":0,"color":"rgb(31,119,180)"},{"description":"Asian","count":791,"tested":260525,"deaths":0,"color":"rgb(140,86,75)"},{"description":"Black","count":2446,"tested":108069,"deaths":0,"color":"rgb(255,127,14)"},{"description":"Hispanic","count":1964,"tested":98632,"deaths":0,"color":"rgb(214,39,40)"},{"description":"Left Blank","count":579,"tested":75849,"deaths":0,"color":"rgb(44,160,44)"},{"description":"NH/PI*","count":8,"tested":946,"deaths":0,"color":"rgb(127,127,127)"},{"description":"Other","count":431,"tested":69996,"deaths":0,"color":"rgb(148,103,189)"},{"description":"White","count":9710,"tested":792413,"deaths":0,"color":"rgb(31,119,180)"}],"gender":[{"description":"Female","count":8036,"tested":691532,"deaths":0,"color":"rgb(255,127,14)"},{"description":"Male","count":7873,"tested":713682,"deaths":0,"color":"rgb(31,119,180)"},{"description":"Unknown/Left Blank","count":28,"tested":3293,"deaths":0,"color":"rgb(44,160,44)"}]}}]}
