{"lastUpdatedDate":{"year":2021,"month":1,"day":25},"county_demographics":[{"County":"Winnebago","confirmed_cases":26813,"total_tested":281040,"demographics":{"age":[{"race":[],"age_group":"<20","count":4271,"tested":41940,"deaths":0},{"race":[],"age_group":"20-29   ","count":4789,"tested":45158,"deaths":0},{"race":[],"age_group":"30-39   ","count":4092,"tested":41393,"deaths":0},{"race":[],"age_group":"40-49   ","count":4069,"tested":38157,"deaths":0},{"race":[],"age_group":"50-59   ","count":3893,"tested":40034,"deaths":0},{"race":[],"age_group":"60-69   ","count":2855,"tested":32471,"deaths":0},{"race":[],"age_group":"70-79   ","count":1671,"tested":20890,"deaths":0},{"race":[],"age_group":"80+","count":1161,"tested":20955,"deaths":0},{"race":[],"age_group":"Unknown","count":10,"tested":42,"deaths":0}],"race":[{"description":"AI/AN**","count":23,"tested":161,"deaths":0,"color":"rgb(31,119,180)"},{"description":"Asian","count":471,"tested":2785,"deaths":0,"color":"rgb(140,86,75)"},{"description":"Black","count":2644,"tested":20787,"deaths":0,"color":"rgb(255,127,14)"},{"description":"Hispanic","count":4666,"tested":18368,"deaths":0,"color":"rgb(214,39,40)"},{"description":"Left Blank","count":5813,"tested":127890,"deaths":0,"color":"rgb(44,160,44)"},{"description":"NH/PI*","count":12,"tested":113,"deaths":0,"color":"rgb(127,127,127)"},{"description":"Other","count":439,"tested":5081,"deaths":0,"color":"rgb(148,103,189)"},{"description":"White","count":12743,"tested":105855,"deaths":0,"color":"rgb(31,119,180)"}],"gender":[{"description":"Female","count":14317,"tested":165498,"deaths":0,"color":"rgb(255,127,14)"},{"description":"Male","count":12317,"tested":109420,"deaths":0,"color":"rgb(31,119,180)"},{"description":"Unknown/Left Blank","count":176,"tested":6122,"deaths":0,"color":"rgb(44,160,44)"}]}}]}
