{"lastUpdatedDate":{"year":2021,"month":1,"day":25},"county_demographics":[{"County":"White","confirmed_cases":1413,"total_tested":18028,"demographics":{"age":[{"race":[],"age_group":"<20","count":182,"tested":1864,"deaths":0},{"race":[],"age_group":"20-29   ","count":169,"tested":2336,"deaths":0},{"race":[],"age_group":"30-39   ","count":172,"tested":2280,"deaths":0},{"race":[],"age_group":"40-49   ","count":182,"tested":2155,"deaths":0},{"race":[],"age_group":"50-59   ","count":215,"tested":2063,"deaths":0},{"race":[],"age_group":"60-69   ","count":209,"tested":2143,"deaths":0},{"race":[],"age_group":"70-79   ","count":137,"tested":1547,"deaths":0},{"race":[],"age_group":"80+","count":147,"tested":3633,"deaths":0},{"race":[],"age_group":"Unknown","count":0,"tested":7,"deaths":0}],"race":[{"description":"Asian","count":0,"tested":19,"deaths":0,"color":"rgb(140,86,75)"},{"description":"Black","count":0,"tested":41,"deaths":0,"color":"rgb(255,127,14)"},{"description":"Hispanic","count":0,"tested":19,"deaths":0,"color":"rgb(214,39,40)"},{"description":"Left Blank","count":521,"tested":12724,"deaths":0,"color":"rgb(44,160,44)"},{"description":"NH/PI*","count":0,"tested":0,"deaths":0,"color":"rgb(127,127,127)"},{"description":"Other","count":6,"tested":54,"deaths":0,"color":"rgb(148,103,189)"},{"description":"White","count":879,"tested":5168,"deaths":0,"color":"rgb(31,119,180)"}],"gender":[{"description":"Female","count":715,"tested":13007,"deaths":0,"color":"rgb(255,127,14)"},{"description":"Male","count":509,"tested":4043,"deaths":0,"color":"rgb(31,119,180)"},{"description":"Unknown/Left Blank","count":189,"tested":978,"deaths":0,"color":"rgb(44,160,44)"}]}}]}
