{"lastUpdatedDate":{"year":2021,"month":1,"day":25},"county_demographics":[{"County":"Lawrence","confirmed_cases":2207,"total_tested":24367,"demographics":{"age":[{"race":[],"age_group":"<20","count":143,"tested":1932,"deaths":0},{"race":[],"age_group":"20-29   ","count":431,"tested":4972,"deaths":0},{"race":[],"age_group":"30-39   ","count":442,"tested":4982,"deaths":0},{"race":[],"age_group":"40-49   ","count":378,"tested":4370,"deaths":0},{"race":[],"age_group":"50-59   ","count":336,"tested":3298,"deaths":0},{"race":[],"age_group":"60-69   ","count":235,"tested":2200,"deaths":0},{"race":[],"age_group":"70-79   ","count":143,"tested":1256,"deaths":0},{"race":[],"age_group":"80+","count":98,"tested":1302,"deaths":0},{"race":[],"age_group":"Unknown","count":0,"tested":55,"deaths":0}],"race":[{"description":"AI/AN**","count":0,"tested":0,"deaths":0,"color":"rgb(31,119,180)"},{"description":"Asian","count":0,"tested":10,"deaths":0,"color":"rgb(140,86,75)"},{"description":"Black","count":351,"tested":1568,"deaths":0,"color":"rgb(255,127,14)"},{"description":"Hispanic","count":18,"tested":95,"deaths":0,"color":"rgb(214,39,40)"},{"description":"Left Blank","count":764,"tested":15602,"deaths":0,"color":"rgb(44,160,44)"},{"description":"NH/PI*","count":0,"tested":0,"deaths":0,"color":"rgb(127,127,127)"},{"description":"Other","count":6,"tested":62,"deaths":0,"color":"rgb(148,103,189)"},{"description":"White","count":1055,"tested":7027,"deaths":0,"color":"rgb(31,119,180)"}],"gender":[{"description":"Female","count":728,"tested":8589,"deaths":0,"color":"rgb(255,127,14)"},{"description":"Male","count":1179,"tested":9907,"deaths":0,"color":"rgb(31,119,180)"},{"description":"Unknown/Left Blank","count":298,"tested":5871,"deaths":0,"color":"rgb(44,160,44)"}]}}]}
