{"lastUpdatedDate":{"year":2021,"month":1,"day":25},"county_demographics":[{"County":"Woodford","confirmed_cases":3354,"total_tested":47166,"demographics":{"age":[{"race":[],"age_group":"<20","count":599,"tested":7900,"deaths":0},{"race":[],"age_group":"20-29   ","count":463,"tested":6013,"deaths":0},{"race":[],"age_group":"30-39   ","count":451,"tested":6025,"deaths":0},{"race":[],"age_group":"40-49   ","count":455,"tested":5875,"deaths":0},{"race":[],"age_group":"50-59   ","count":523,"tested":6188,"deaths":0},{"race":[],"age_group":"60-69   ","count":420,"tested":5284,"deaths":0},{"race":[],"age_group":"70-79   ","count":231,"tested":3401,"deaths":0},{"race":[],"age_group":"80+","count":212,"tested":6452,"deaths":0},{"race":[],"age_group":"Unknown","count":0,"tested":28,"deaths":0}],"race":[{"description":"AI/AN**","count":0,"tested":32,"deaths":0,"color":"rgb(31,119,180)"},{"description":"Asian","count":7,"tested":130,"deaths":0,"color":"rgb(140,86,75)"},{"description":"Black","count":15,"tested":265,"deaths":0,"color":"rgb(255,127,14)"},{"description":"Hispanic","count":10,"tested":174,"deaths":0,"color":"rgb(214,39,40)"},{"description":"Left Blank","count":1481,"tested":22777,"deaths":0,"color":"rgb(44,160,44)"},{"description":"NH/PI*","count":0,"tested":7,"deaths":0,"color":"rgb(127,127,127)"},{"description":"Other","count":63,"tested":1020,"deaths":0,"color":"rgb(148,103,189)"},{"description":"White","count":1771,"tested":22761,"deaths":0,"color":"rgb(31,119,180)"}],"gender":[{"description":"Female","count":1732,"tested":28867,"deaths":0,"color":"rgb(255,127,14)"},{"description":"Male","count":1549,"tested":16178,"deaths":0,"color":"rgb(31,119,180)"},{"description":"Unknown/Left Blank","count":70,"tested":2121,"deaths":0,"color":"rgb(44,160,44)"}]}}]}
