{"lastUpdatedDate":{"year":2021,"month":1,"day":25},"county_demographics":[{"County":"LaSalle","confirmed_cases":9807,"total_tested":115154,"demographics":{"age":[{"race":[],"age_group":"<20","count":1186,"tested":10752,"deaths":0},{"race":[],"age_group":"20-29   ","count":1661,"tested":18454,"deaths":0},{"race":[],"age_group":"30-39   ","count":1456,"tested":18128,"deaths":0},{"race":[],"age_group":"40-49   ","count":1432,"tested":16283,"deaths":0},{"race":[],"age_group":"50-59   ","count":1546,"tested":15981,"deaths":0},{"race":[],"age_group":"60-69   ","count":1165,"tested":13002,"deaths":0},{"race":[],"age_group":"70-79   ","count":670,"tested":7869,"deaths":0},{"race":[],"age_group":"80+","count":690,"tested":13079,"deaths":0},{"race":[],"age_group":"Unknown","count":0,"tested":1606,"deaths":0}],"race":[{"description":"AI/AN**","count":0,"tested":53,"deaths":0,"color":"rgb(31,119,180)"},{"description":"Asian","count":20,"tested":373,"deaths":0,"color":"rgb(140,86,75)"},{"description":"Black","count":133,"tested":1161,"deaths":0,"color":"rgb(255,127,14)"},{"description":"Hispanic","count":722,"tested":3882,"deaths":0,"color":"rgb(214,39,40)"},{"description":"Left Blank","count":2553,"tested":50229,"deaths":0,"color":"rgb(44,160,44)"},{"description":"NH/PI*","count":0,"tested":113,"deaths":0,"color":"rgb(127,127,127)"},{"description":"Other","count":416,"tested":2665,"deaths":0,"color":"rgb(148,103,189)"},{"description":"White","count":5950,"tested":56678,"deaths":0,"color":"rgb(31,119,180)"}],"gender":[{"description":"Female","count":5113,"tested":60037,"deaths":0,"color":"rgb(255,127,14)"},{"description":"Male","count":4438,"tested":38166,"deaths":0,"color":"rgb(31,119,180)"},{"description":"Unknown/Left Blank","count":256,"tested":16951,"deaths":0,"color":"rgb(44,160,44)"}]}}]}
