{"lastUpdatedDate":{"year":2021,"month":1,"day":25},"county_demographics":[{"County":"Jefferson","confirmed_cases":3570,"total_tested":33197,"demographics":{"age":[{"race":[],"age_group":"<20","count":408,"tested":3284,"deaths":0},{"race":[],"age_group":"20-29   ","count":499,"tested":4927,"deaths":0},{"race":[],"age_group":"30-39   ","count":512,"tested":5181,"deaths":0},{"race":[],"age_group":"40-49   ","count":507,"tested":4792,"deaths":0},{"race":[],"age_group":"50-59   ","count":554,"tested":4923,"deaths":0},{"race":[],"age_group":"60-69   ","count":453,"tested":3673,"deaths":0},{"race":[],"age_group":"70-79   ","count":328,"tested":2887,"deaths":0},{"race":[],"age_group":"80+","count":307,"tested":3065,"deaths":0},{"race":[],"age_group":"Unknown","count":0,"tested":465,"deaths":0}],"race":[{"description":"AI/AN**","count":0,"tested":14,"deaths":0,"color":"rgb(31,119,180)"},{"description":"Asian","count":17,"tested":102,"deaths":0,"color":"rgb(140,86,75)"},{"description":"Black","count":137,"tested":1370,"deaths":0,"color":"rgb(255,127,14)"},{"description":"Hispanic","count":78,"tested":469,"deaths":0,"color":"rgb(214,39,40)"},{"description":"Left Blank","count":1365,"tested":14781,"deaths":0,"color":"rgb(44,160,44)"},{"description":"NH/PI*","count":0,"tested":21,"deaths":0,"color":"rgb(127,127,127)"},{"description":"Other","count":60,"tested":482,"deaths":0,"color":"rgb(148,103,189)"},{"description":"White","count":1907,"tested":15958,"deaths":0,"color":"rgb(31,119,180)"}],"gender":[{"description":"Female","count":1851,"tested":18078,"deaths":0,"color":"rgb(255,127,14)"},{"description":"Male","count":1574,"tested":9825,"deaths":0,"color":"rgb(31,119,180)"},{"description":"Unknown/Left Blank","count":144,"tested":5294,"deaths":0,"color":"rgb(44,160,44)"}]}}]}
