{"lastUpdatedDate":{"year":2021,"month":2,"day":22},"county_demographics":[{"County":"Clay","confirmed_cases":1421,"total_tested":13450,"demographics":{"age":[{"race":[],"age_group":"<20","count":195,"tested":2483,"deaths":0},{"race":[],"age_group":"20-29   ","count":183,"tested":1975,"deaths":0},{"race":[],"age_group":"30-39   ","count":206,"tested":1747,"deaths":0},{"race":[],"age_group":"40-49   ","count":203,"tested":1514,"deaths":0},{"race":[],"age_group":"50-59   ","count":215,"tested":1798,"deaths":0},{"race":[],"age_group":"60-69   ","count":180,"tested":1694,"deaths":0},{"race":[],"age_group":"70-79   ","count":151,"tested":1208,"deaths":0},{"race":[],"age_group":"80+","count":87,"tested":1026,"deaths":0},{"race":[],"age_group":"Unknown","count":0,"tested":0,"deaths":0}],"race":[{"description":"AI/AN**","count":0,"tested":21,"deaths":0,"color":"rgb(31,119,180)"},{"description":"Asian","count":0,"tested":38,"deaths":0,"color":"rgb(140,86,75)"},{"description":"Black","count":7,"tested":50,"deaths":0,"color":"rgb(255,127,14)"},{"description":"Hispanic","count":0,"tested":58,"deaths":0,"color":"rgb(214,39,40)"},{"description":"Left Blank","count":70,"tested":2525,"deaths":0,"color":"rgb(44,160,44)"},{"description":"NH/PI*","count":0,"tested":0,"deaths":0,"color":"rgb(127,127,127)"},{"description":"Other","count":7,"tested":207,"deaths":0,"color":"rgb(148,103,189)"},{"description":"White","count":1324,"tested":10549,"deaths":0,"color":"rgb(31,119,180)"}],"gender":[{"description":"Female","count":762,"tested":7955,"deaths":0,"color":"rgb(255,127,14)"},{"description":"Male","count":652,"tested":5105,"deaths":0,"color":"rgb(31,119,180)"},{"description":"Unknown/Left Blank","count":0,"tested":390,"deaths":0,"color":"rgb(44,160,44)"}]}}]}
