{"lastUpdatedDate":{"year":2021,"month":2,"day":22},"county_demographics":[{"County":"Alexander","confirmed_cases":442,"total_tested":4837,"demographics":{"age":[{"race":[],"age_group":"<20","count":39,"tested":381,"deaths":0},{"race":[],"age_group":"20-29   ","count":43,"tested":691,"deaths":0},{"race":[],"age_group":"30-39   ","count":72,"tested":626,"deaths":0},{"race":[],"age_group":"40-49   ","count":56,"tested":756,"deaths":0},{"race":[],"age_group":"50-59   ","count":74,"tested":997,"deaths":0},{"race":[],"age_group":"60-69   ","count":77,"tested":848,"deaths":0},{"race":[],"age_group":"70-79   ","count":52,"tested":333,"deaths":0},{"race":[],"age_group":"80+","count":14,"tested":205,"deaths":0},{"race":[],"age_group":"Unknown","count":0,"tested":0,"deaths":0}],"race":[{"description":"Asian","count":0,"tested":0,"deaths":0,"color":"rgb(140,86,75)"},{"description":"Black","count":116,"tested":1255,"deaths":0,"color":"rgb(255,127,14)"},{"description":"Hispanic","count":0,"tested":17,"deaths":0,"color":"rgb(214,39,40)"},{"description":"Left Blank","count":134,"tested":1880,"deaths":0,"color":"rgb(44,160,44)"},{"description":"NH/PI*","count":0,"tested":0,"deaths":0,"color":"rgb(127,127,127)"},{"description":"Other","count":0,"tested":27,"deaths":0,"color":"rgb(148,103,189)"},{"description":"White","count":187,"tested":1654,"deaths":0,"color":"rgb(31,119,180)"}],"gender":[{"description":"Female","count":260,"tested":2936,"deaths":0,"color":"rgb(255,127,14)"},{"description":"Male","count":172,"tested":1591,"deaths":0,"color":"rgb(31,119,180)"},{"description":"Unknown/Left Blank","count":10,"tested":310,"deaths":0,"color":"rgb(44,160,44)"}]}}]}
