{"lastUpdatedDate":{"year":2021,"month":2,"day":22},"county_demographics":[{"County":"Carroll","confirmed_cases":1561,"total_tested":17197,"demographics":{"age":[{"race":[],"age_group":"<20","count":183,"tested":1545,"deaths":0},{"race":[],"age_group":"20-29   ","count":184,"tested":2136,"deaths":0},{"race":[],"age_group":"30-39   ","count":318,"tested":3222,"deaths":0},{"race":[],"age_group":"40-49   ","count":244,"tested":2459,"deaths":0},{"race":[],"age_group":"50-59   ","count":222,"tested":2293,"deaths":0},{"race":[],"age_group":"60-69   ","count":175,"tested":2079,"deaths":0},{"race":[],"age_group":"70-79   ","count":120,"tested":1256,"deaths":0},{"race":[],"age_group":"80+","count":107,"tested":2205,"deaths":0},{"race":[],"age_group":"Unknown","count":0,"tested":0,"deaths":0}],"race":[{"description":"AI/AN**","count":7,"tested":8,"deaths":0,"color":"rgb(31,119,180)"},{"description":"Asian","count":0,"tested":69,"deaths":0,"color":"rgb(140,86,75)"},{"description":"Black","count":88,"tested":98,"deaths":0,"color":"rgb(255,127,14)"},{"description":"Hispanic","count":28,"tested":75,"deaths":0,"color":"rgb(214,39,40)"},{"description":"Left Blank","count":595,"tested":10801,"deaths":0,"color":"rgb(44,160,44)"},{"description":"NH/PI*","count":0,"tested":0,"deaths":0,"color":"rgb(127,127,127)"},{"description":"Other","count":14,"tested":127,"deaths":0,"color":"rgb(148,103,189)"},{"description":"White","count":820,"tested":6017,"deaths":0,"color":"rgb(31,119,180)"}],"gender":[{"description":"Female","count":707,"tested":8853,"deaths":0,"color":"rgb(255,127,14)"},{"description":"Male","count":846,"tested":7985,"deaths":0,"color":"rgb(31,119,180)"},{"description":"Unknown/Left Blank","count":7,"tested":359,"deaths":0,"color":"rgb(44,160,44)"}]}}]}
