{"age":[{"age_group":"<20","count":147,"tested":837},{"age_group":"20-29   ","count":217,"tested":1514},{"age_group":"30-39   ","count":177,"tested":1502},{"age_group":"40-49   ","count":182,"tested":1336},{"age_group":"50-59   ","count":157,"tested":1471},{"age_group":"60-69   ","count":125,"tested":1129},{"age_group":"70-79   ","count":65,"tested":496},{"age_group":"80+","count":46,"tested":343}],"race":[{"description":"Black","count":111,"tested":908,"color":"rgb(255,127,14)"},{"description":"Asian","count":29,"tested":32,"color":"rgb(140,86,75)"},{"description":"Other","count":81,"tested":368,"color":"rgb(148,103,189)"},{"description":"White","count":295,"tested":2140,"color":"rgb(31,119,180)"},{"description":"Left Blank","count":393,"tested":4475,"color":"rgb(44,160,44)"},{"description":"Hispanic","count":163,"tested":695,"color":"rgb(214,39,40)"}],"gender":[{"description":"Female","count":565,"tested":5381,"color":"rgb(255,127,14)"},{"description":"Male","count":421,"tested":3055,"color":"rgb(31,119,180)"}]}
