{"age":[{"age_group":"<20","count":58,"tested":390},{"age_group":"20-29   ","count":62,"tested":458},{"age_group":"30-39   ","count":69,"tested":423},{"age_group":"40-49   ","count":68,"tested":642},{"age_group":"50-59   ","count":79,"tested":696},{"age_group":"60-69   ","count":55,"tested":625},{"age_group":"70-79   ","count":36,"tested":404},{"age_group":"80+","count":35,"tested":216}],"race":[{"description":"Left Blank","count":81,"tested":654,"color":"rgb(44,160,44)"},{"description":"White","count":197,"tested":2334,"color":"rgb(31,119,180)"},{"description":"Hispanic","count":52,"tested":187,"color":"rgb(214,39,40)"},{"description":"Other","count":22,"tested":133,"color":"rgb(148,103,189)"},{"description":"Black","count":71,"tested":541,"color":"rgb(255,127,14)"}],"gender":[{"description":"Female","count":205,"tested":2343,"color":"rgb(255,127,14)"},{"description":"Male","count":179,"tested":1487,"color":"rgb(31,119,180)"}]}
