{"age":[{"age_group":"<20","count":119,"tested":1084},{"age_group":"20-29   ","count":111,"tested":1209},{"age_group":"30-39   ","count":107,"tested":1192},{"age_group":"40-49   ","count":93,"tested":1039},{"age_group":"50-59   ","count":143,"tested":1458},{"age_group":"60-69   ","count":130,"tested":1430},{"age_group":"70-79   ","count":78,"tested":762},{"age_group":"80+","count":53,"tested":391}],"race":[{"description":"Hispanic","count":70,"tested":217,"color":"rgb(214,39,40)"},{"description":"White","count":392,"tested":3514,"color":"rgb(31,119,180)"},{"description":"Left Blank","count":243,"tested":4413,"color":"rgb(44,160,44)"},{"description":"Asian","count":43,"tested":163,"color":"rgb(140,86,75)"},{"description":"Black","count":25,"tested":116,"color":"rgb(255,127,14)"},{"description":"Other","count":31,"tested":134,"color":"rgb(148,103,189)"}],"gender":[{"description":"Female","count":383,"tested":4793,"color":"rgb(255,127,14)"},{"description":"Male","count":359,"tested":3664,"color":"rgb(31,119,180)"}]}
