{"age":[{"age_group":"<20","count":183,"tested":1282},{"age_group":"20-29   ","count":263,"tested":2446},{"age_group":"30-39   ","count":271,"tested":2650},{"age_group":"40-49   ","count":262,"tested":3043},{"age_group":"50-59   ","count":344,"tested":4061},{"age_group":"60-69   ","count":232,"tested":2831},{"age_group":"70-79   ","count":102,"tested":1525},{"age_group":"80+","count":54,"tested":724}],"race":[{"description":"Other","count":62,"tested":330,"color":"rgb(148,103,189)"},{"description":"Left Blank","count":513,"tested":7287,"color":"rgb(44,160,44)"},{"description":"Hispanic","count":104,"tested":513,"color":"rgb(214,39,40)"},{"description":"White","count":274,"tested":3047,"color":"rgb(31,119,180)"},{"description":"Black","count":663,"tested":7298,"color":"rgb(255,127,14)"}],"gender":[{"description":"Female","count":846,"tested":10556,"color":"rgb(255,127,14)"},{"description":"Male","count":680,"tested":7551,"color":"rgb(31,119,180)"},{"description":"Unknown/Left Blank","count":40,"tested":473,"color":"rgb(44,160,44)"}]}
