{"age":[{"age_group":"<20","count":63,"tested":340},{"age_group":"20-29   ","count":91,"tested":769},{"age_group":"30-39   ","count":79,"tested":560},{"age_group":"40-49   ","count":87,"tested":572},{"age_group":"50-59   ","count":67,"tested":596},{"age_group":"60-69   ","count":42,"tested":451},{"age_group":"70-79   ","count":23,"tested":264},{"age_group":"80+","count":11,"tested":129}],"race":[{"description":"Other","count":13,"tested":141,"color":"rgb(148,103,189)"},{"description":"Left Blank","count":154,"tested":1420,"color":"rgb(44,160,44)"},{"description":"White","count":58,"tested":657,"color":"rgb(31,119,180)"},{"description":"Hispanic","count":163,"tested":651,"color":"rgb(214,39,40)"},{"description":"Black","count":66,"tested":761,"color":"rgb(255,127,14)"}],"gender":[{"description":"Female","count":238,"tested":2074,"color":"rgb(255,127,14)"},{"description":"Male","count":215,"tested":1553,"color":"rgb(31,119,180)"}]}
