{"age":[{"age_group":"<20","count":83,"tested":589},{"age_group":"20-29   ","count":127,"tested":1074},{"age_group":"30-39   ","count":105,"tested":845},{"age_group":"40-49   ","count":96,"tested":763},{"age_group":"50-59   ","count":105,"tested":835},{"age_group":"60-69   ","count":88,"tested":722},{"age_group":"70-79   ","count":48,"tested":386},{"age_group":"80+","count":25,"tested":167}],"race":[{"description":"Left Blank","count":229,"tested":2105,"color":"rgb(44,160,44)"},{"description":"Other","count":34,"tested":200,"color":"rgb(148,103,189)"},{"description":"White","count":174,"tested":1687,"color":"rgb(31,119,180)"},{"description":"Black","count":110,"tested":985,"color":"rgb(255,127,14)"},{"description":"Hispanic","count":84,"tested":368,"color":"rgb(214,39,40)"}],"gender":[{"description":"Male","count":266,"tested":2216,"color":"rgb(31,119,180)"},{"description":"Female","count":317,"tested":3124,"color":"rgb(255,127,14)"}]}
