{"age":[{"age_group":"<20","count":576,"tested":2777},{"age_group":"20-29   ","count":753,"tested":4706},{"age_group":"30-39   ","count":689,"tested":3917},{"age_group":"40-49   ","count":684,"tested":3575},{"age_group":"50-59   ","count":589,"tested":3637},{"age_group":"60-69   ","count":443,"tested":2999},{"age_group":"70-79   ","count":228,"tested":1679},{"age_group":"80+","count":166,"tested":1472}],"race":[{"description":"White","count":804,"tested":5538,"color":"rgb(31,119,180)"},{"description":"Left Blank","count":1190,"tested":12640,"color":"rgb(44,160,44)"},{"description":"Other","count":247,"tested":1214,"color":"rgb(148,103,189)"},{"description":"Black","count":122,"tested":480,"color":"rgb(255,127,14)"},{"description":"Hispanic","count":1433,"tested":4187,"color":"rgb(214,39,40)"},{"description":"Asian","count":179,"tested":663,"color":"rgb(140,86,75)"}],"gender":[{"description":"Female","count":1843,"tested":13551,"color":"rgb(255,127,14)"},{"description":"Male","count":1832,"tested":10946,"color":"rgb(31,119,180)"},{"description":"Unknown/Left Blank","count":83,"tested":272,"color":"rgb(44,160,44)"}]}
