{"age":[{"age_group":"<20","count":161,"tested":1193},{"age_group":"20-29   ","count":192,"tested":1769},{"age_group":"30-39   ","count":190,"tested":1897},{"age_group":"40-49   ","count":177,"tested":1603},{"age_group":"50-59   ","count":162,"tested":1852},{"age_group":"60-69   ","count":123,"tested":1335},{"age_group":"70-79   ","count":101,"tested":910},{"age_group":"80+","count":73,"tested":831}],"race":[{"description":"Left Blank","count":282,"tested":3631,"color":"rgb(44,160,44)"},{"description":"White","count":550,"tested":6315,"color":"rgb(31,119,180)"},{"description":"Hispanic","count":108,"tested":492,"color":"rgb(214,39,40)"},{"description":"Other","count":49,"tested":269,"color":"rgb(148,103,189)"},{"description":"Black","count":90,"tested":645,"color":"rgb(255,127,14)"}],"gender":[{"description":"Female","count":553,"tested":7164,"color":"rgb(255,127,14)"},{"description":"Male","count":429,"tested":4122,"color":"rgb(31,119,180)"}]}
