{"age":[{"age_group":"<20","count":38,"tested":324},{"age_group":"20-29   ","count":54,"tested":309},{"age_group":"30-39   ","count":42,"tested":277},{"age_group":"40-49   ","count":61,"tested":290},{"age_group":"50-59   ","count":55,"tested":441},{"age_group":"60-69   ","count":41,"tested":284},{"age_group":"70-79   ","count":26,"tested":178},{"age_group":"80+","count":24,"tested":98}],"race":[{"description":"Hispanic","count":28,"tested":62,"color":"rgb(214,39,40)"},{"description":"Left Blank","count":64,"tested":703,"color":"rgb(44,160,44)"},{"description":"White","count":154,"tested":1358,"color":"rgb(31,119,180)"}],"gender":[{"description":"Female","count":120,"tested":1250,"color":"rgb(255,127,14)"},{"description":"Male","count":113,"tested":925,"color":"rgb(31,119,180)"}]}
