{"age":[{"age_group":"<20","count":313,"tested":1374},{"age_group":"20-29   ","count":371,"tested":2060},{"age_group":"30-39   ","count":318,"tested":1846},{"age_group":"40-49   ","count":326,"tested":1594},{"age_group":"50-59   ","count":392,"tested":2169},{"age_group":"60-69   ","count":317,"tested":2186},{"age_group":"70-79   ","count":198,"tested":1143},{"age_group":"80+","count":172,"tested":2317}],"race":[{"description":"Hispanic","count":160,"tested":207,"color":"rgb(214,39,40)"},{"description":"Asian","count":124,"tested":101,"color":"rgb(140,86,75)"},{"description":"White","count":852,"tested":6273,"color":"rgb(31,119,180)"},{"description":"Black","count":134,"tested":79,"color":"rgb(255,127,14)"},{"description":"Other","count":175,"tested":391,"color":"rgb(148,103,189)"},{"description":"Left Blank","count":725,"tested":7639,"color":"rgb(44,160,44)"}],"gender":[{"description":"Male","count":842,"tested":5742,"color":"rgb(31,119,180)"},{"description":"Unknown/Left Blank","count":125,"tested":638,"color":"rgb(44,160,44)"},{"description":"Female","count":850,"tested":8315,"color":"rgb(255,127,14)"}]}
