{"age":[{"age_group":"<20","count":147,"tested":1106},{"age_group":"20-29   ","count":160,"tested":1296},{"age_group":"30-39   ","count":141,"tested":1385},{"age_group":"40-49   ","count":176,"tested":1385},{"age_group":"50-59   ","count":196,"tested":1934},{"age_group":"60-69   ","count":156,"tested":1935},{"age_group":"70-79   ","count":93,"tested":950},{"age_group":"80+","count":62,"tested":528}],"race":[{"description":"Hispanic","count":57,"tested":114,"color":"rgb(214,39,40)"},{"description":"Left Blank","count":300,"tested":5399,"color":"rgb(44,160,44)"},{"description":"White","count":538,"tested":4704,"color":"rgb(31,119,180)"},{"description":"Other","count":56,"tested":220,"color":"rgb(148,103,189)"}],"gender":[{"description":"Male","count":420,"tested":4540,"color":"rgb(31,119,180)"},{"description":"Female","count":452,"tested":5890,"color":"rgb(255,127,14)"}]}
