{"age":[{"age_group":"<20","count":340,"tested":2112},{"age_group":"20-29   ","count":301,"tested":1928},{"age_group":"30-39   ","count":275,"tested":1800},{"age_group":"40-49   ","count":360,"tested":2411},{"age_group":"50-59   ","count":317,"tested":2520},{"age_group":"60-69   ","count":246,"tested":2178},{"age_group":"70-79   ","count":257,"tested":2910},{"age_group":"80+","count":225,"tested":2468}],"race":[{"description":"Black","count":132,"tested":230,"color":"rgb(255,127,14)"},{"description":"Asian","count":147,"tested":388,"color":"rgb(140,86,75)"},{"description":"Other","count":140,"tested":240,"color":"rgb(148,103,189)"},{"description":"Left Blank","count":575,"tested":7813,"color":"rgb(44,160,44)"},{"description":"White","count":873,"tested":8911,"color":"rgb(31,119,180)"},{"description":"Hispanic","count":224,"tested":695,"color":"rgb(214,39,40)"}],"gender":[{"description":"Female","count":849,"tested":10526,"color":"rgb(255,127,14)"},{"description":"Male","count":785,"tested":7577,"color":"rgb(31,119,180)"},{"description":"Unknown/Left Blank","count":123,"tested":226,"color":"rgb(44,160,44)"}]}
