{"age":[{"age_group":"<20","count":93,"tested":565},{"age_group":"20-29   ","count":121,"tested":807},{"age_group":"30-39   ","count":87,"tested":518},{"age_group":"40-49   ","count":107,"tested":544},{"age_group":"50-59   ","count":107,"tested":710},{"age_group":"60-69   ","count":106,"tested":950},{"age_group":"70-79   ","count":77,"tested":848},{"age_group":"80+","count":77,"tested":1258}],"race":[{"description":"White","count":260,"tested":2334,"color":"rgb(31,119,180)"},{"description":"Other","count":43,"tested":174,"color":"rgb(148,103,189)"},{"description":"Left Blank","count":299,"tested":3437,"color":"rgb(44,160,44)"},{"description":"Hispanic","count":46,"tested":161,"color":"rgb(214,39,40)"},{"description":"Asian","count":35,"tested":62,"color":"rgb(140,86,75)"}],"gender":[{"description":"Female","count":332,"tested":3667,"color":"rgb(255,127,14)"},{"description":"Male","count":266,"tested":2502,"color":"rgb(31,119,180)"}]}
