{"age":[{"age_group":"<20","count":146,"tested":990},{"age_group":"20-29   ","count":142,"tested":1028},{"age_group":"30-39   ","count":179,"tested":1075},{"age_group":"40-49   ","count":157,"tested":925},{"age_group":"50-59   ","count":165,"tested":1005},{"age_group":"60-69   ","count":114,"tested":874},{"age_group":"70-79   ","count":86,"tested":606},{"age_group":"80+","count":74,"tested":393}],"race":[{"description":"White","count":363,"tested":3589,"color":"rgb(31,119,180)"},{"description":"Hispanic","count":179,"tested":570,"color":"rgb(214,39,40)"},{"description":"Left Blank","count":269,"tested":2560,"color":"rgb(44,160,44)"},{"description":"Other","count":58,"tested":109,"color":"rgb(148,103,189)"}],"gender":[{"description":"Male","count":372,"tested":2840,"color":"rgb(31,119,180)"},{"description":"Female","count":408,"tested":3975,"color":"rgb(255,127,14)"}]}
