{"age":[{"age_group":"<20","count":7,"tested":51},{"age_group":"20-29   ","count":6,"tested":39},{"age_group":"30-39   ","count":10,"tested":43},{"age_group":"50-59   ","count":12,"tested":67},{"age_group":"60-69   ","count":6,"tested":50}],"race":[{"description":"White","count":34,"tested":207,"color":"rgb(31,119,180)"},{"description":"Left Blank","count":13,"tested":96,"color":"rgb(44,160,44)"}],"gender":[{"description":"Female","count":26,"tested":158,"color":"rgb(255,127,14)"},{"description":"Male","count":22,"tested":144,"color":"rgb(31,119,180)"}]}
