{"age":[{"age_group":"<20","count":230,"tested":1837},{"age_group":"20-29   ","count":232,"tested":1878},{"age_group":"30-39   ","count":234,"tested":2503},{"age_group":"40-49   ","count":263,"tested":2340},{"age_group":"50-59   ","count":195,"tested":1896},{"age_group":"60-69   ","count":162,"tested":1939},{"age_group":"70-79   ","count":73,"tested":1071},{"age_group":"80+","count":64,"tested":1650}],"race":[{"description":"Black","count":61,"tested":261,"color":"rgb(255,127,14)"},{"description":"Asian","count":47,"tested":144,"color":"rgb(140,86,75)"},{"description":"Hispanic","count":245,"tested":1294,"color":"rgb(214,39,40)"},{"description":"White","count":448,"tested":5180,"color":"rgb(31,119,180)"},{"description":"Other","count":107,"tested":701,"color":"rgb(148,103,189)"},{"description":"Left Blank","count":473,"tested":7519,"color":"rgb(44,160,44)"}],"gender":[{"description":"Female","count":647,"tested":8624,"color":"rgb(255,127,14)"},{"description":"Male","count":589,"tested":6189,"color":"rgb(31,119,180)"},{"description":"Unknown/Left Blank","count":42,"tested":305,"color":"rgb(44,160,44)"}]}
