{"age":[{"age_group":"<20","count":48,"tested":308},{"age_group":"20-29   ","count":54,"tested":351},{"age_group":"30-39   ","count":46,"tested":406},{"age_group":"40-49   ","count":41,"tested":301},{"age_group":"50-59   ","count":55,"tested":422},{"age_group":"60-69   ","count":54,"tested":356},{"age_group":"70-79   ","count":30,"tested":241}],"race":[{"description":"Hispanic","count":39,"tested":97,"color":"rgb(214,39,40)"},{"description":"White","count":116,"tested":1654,"color":"rgb(31,119,180)"},{"description":"Left Blank","count":83,"tested":1042,"color":"rgb(44,160,44)"}],"gender":[{"description":"Male","count":103,"tested":1188,"color":"rgb(31,119,180)"},{"description":"Female","count":117,"tested":1642,"color":"rgb(255,127,14)"}]}
