{"age":[{"age_group":"<20","count":12,"tested":150},{"age_group":"30-39   ","count":7,"tested":111},{"age_group":"40-49   ","count":6,"tested":179},{"age_group":"50-59   ","count":7,"tested":139},{"age_group":"60-69   ","count":12,"tested":151},{"age_group":"80+","count":8,"tested":94}],"race":[{"description":"White","count":52,"tested":804,"color":"rgb(31,119,180)"},{"description":"Left Blank","count":7,"tested":149,"color":"rgb(44,160,44)"}],"gender":[{"description":"Female","count":39,"tested":662,"color":"rgb(255,127,14)"},{"description":"Male","count":21,"tested":336,"color":"rgb(31,119,180)"}]}
