{"age":[{"age_group":"<20","count":124,"tested":1386},{"age_group":"20-29   ","count":95,"tested":1399},{"age_group":"30-39   ","count":81,"tested":1409},{"age_group":"40-49   ","count":116,"tested":1638},{"age_group":"50-59   ","count":108,"tested":2012},{"age_group":"60-69   ","count":80,"tested":2065},{"age_group":"70-79   ","count":64,"tested":1591},{"age_group":"80+","count":105,"tested":3031}],"race":[{"description":"Other","count":95,"tested":700,"color":"rgb(148,103,189)"},{"description":"Asian","count":71,"tested":965,"color":"rgb(140,86,75)"},{"description":"Black","count":24,"tested":304,"color":"rgb(255,127,14)"},{"description":"Hispanic","count":53,"tested":485,"color":"rgb(214,39,40)"},{"description":"White","count":308,"tested":5973,"color":"rgb(31,119,180)"},{"description":"Left Blank","count":195,"tested":6048,"color":"rgb(44,160,44)"}],"gender":[{"description":"Female","count":353,"tested":7225,"color":"rgb(255,127,14)"},{"description":"Male","count":326,"tested":5011,"color":"rgb(31,119,180)"},{"description":"Unknown/Left Blank","count":29,"tested":2312,"color":"rgb(44,160,44)"}]}
