{"age":[{"age_group":"<20","count":286,"tested":2615},{"age_group":"20-29   ","count":628,"tested":10892},{"age_group":"30-39   ","count":548,"tested":10743},{"age_group":"40-49   ","count":451,"tested":9071},{"age_group":"50-59   ","count":465,"tested":9674},{"age_group":"60-69   ","count":402,"tested":9877},{"age_group":"70-79   ","count":294,"tested":5911},{"age_group":"80+","count":202,"tested":2690}],"race":[{"description":"Left Blank","count":950,"tested":41375,"color":"rgb(44,160,44)"},{"description":"NH/PI*","count":54,"tested":43,"color":"rgb(127,127,127)"},{"description":"Hispanic","count":611,"tested":3068,"color":"rgb(214,39,40)"},{"description":"Other","count":193,"tested":1584,"color":"rgb(148,103,189)"},{"description":"Black","count":563,"tested":6248,"color":"rgb(255,127,14)"},{"description":"Asian","count":151,"tested":1015,"color":"rgb(140,86,75)"},{"description":"White","count":703,"tested":8151,"color":"rgb(31,119,180)"}],"gender":[{"description":"Unknown/Left Blank","count":103,"tested":4063,"color":"rgb(44,160,44)"},{"description":"Female","count":1426,"tested":31526,"color":"rgb(255,127,14)"},{"description":"Male","count":1508,"tested":25926,"color":"rgb(31,119,180)"}]}
