{"age":[{"age_group":"<20","count":231,"tested":1849},{"age_group":"20-29   ","count":323,"tested":2910},{"age_group":"30-39   ","count":242,"tested":2262},{"age_group":"40-49   ","count":267,"tested":2509},{"age_group":"50-59   ","count":342,"tested":3236},{"age_group":"60-69   ","count":262,"tested":2682},{"age_group":"70-79   ","count":169,"tested":1697},{"age_group":"80+","count":162,"tested":3017}],"race":[{"description":"Other","count":115,"tested":470,"color":"rgb(148,103,189)"},{"description":"Black","count":79,"tested":164,"color":"rgb(255,127,14)"},{"description":"White","count":796,"tested":6842,"color":"rgb(31,119,180)"},{"description":"Asian","count":81,"tested":136,"color":"rgb(140,86,75)"},{"description":"Left Blank","count":686,"tested":12233,"color":"rgb(44,160,44)"},{"description":"Hispanic","count":106,"tested":315,"color":"rgb(214,39,40)"}],"gender":[{"description":"Female","count":858,"tested":12460,"color":"rgb(255,127,14)"},{"description":"Male","count":733,"tested":7094,"color":"rgb(31,119,180)"}]}
