{"age":[{"age_group":"<20","count":163,"tested":858},{"age_group":"20-29   ","count":271,"tested":1881},{"age_group":"30-39   ","count":212,"tested":1779},{"age_group":"40-49   ","count":195,"tested":1718},{"age_group":"50-59   ","count":231,"tested":2157},{"age_group":"60-69   ","count":201,"tested":2035},{"age_group":"70-79   ","count":127,"tested":1270},{"age_group":"80+","count":100,"tested":815}],"race":[{"description":"Other","count":137,"tested":608,"color":"rgb(148,103,189)"},{"description":"Left Blank","count":556,"tested":6405,"color":"rgb(44,160,44)"},{"description":"Asian","count":50,"tested":168,"color":"rgb(140,86,75)"},{"description":"White","count":403,"tested":3482,"color":"rgb(31,119,180)"},{"description":"Hispanic","count":216,"tested":914,"color":"rgb(214,39,40)"},{"description":"Black","count":77,"tested":916,"color":"rgb(255,127,14)"}],"gender":[{"description":"Male","count":653,"tested":5796,"color":"rgb(31,119,180)"},{"description":"Unknown/Left Blank","count":36,"tested":122,"color":"rgb(44,160,44)"},{"description":"Female","count":671,"tested":6599,"color":"rgb(255,127,14)"}]}
