{"age":[{"age_group":"<20","count":16,"tested":178},{"age_group":"20-29   ","count":30,"tested":228},{"age_group":"30-39   ","count":25,"tested":142},{"age_group":"40-49   ","count":27,"tested":174},{"age_group":"50-59   ","count":26,"tested":202},{"age_group":"60-69   ","count":14,"tested":139},{"age_group":"70-79   ","count":14,"tested":81}],"race":[{"description":"White","count":87,"tested":735,"color":"rgb(31,119,180)"},{"description":"Left Blank","count":34,"tested":325,"color":"rgb(44,160,44)"},{"description":"Other","count":12,"tested":64,"color":"rgb(148,103,189)"}],"gender":[{"description":"Male","count":69,"tested":521,"color":"rgb(31,119,180)"},{"description":"Female","count":66,"tested":644,"color":"rgb(255,127,14)"}]}
