{"age":[{"age_group":"<20","count":88,"tested":627},{"age_group":"20-29   ","count":102,"tested":833},{"age_group":"30-39   ","count":86,"tested":830},{"age_group":"40-49   ","count":87,"tested":769},{"age_group":"50-59   ","count":109,"tested":939},{"age_group":"60-69   ","count":92,"tested":799},{"age_group":"70-79   ","count":96,"tested":616},{"age_group":"80+","count":81,"tested":710}],"race":[{"description":"Left Blank","count":63,"tested":823,"color":"rgb(44,160,44)"},{"description":"Other","count":37,"tested":91,"color":"rgb(148,103,189)"},{"description":"White","count":457,"tested":4969,"color":"rgb(31,119,180)"},{"description":"Hispanic","count":54,"tested":131,"color":"rgb(214,39,40)"}],"gender":[{"description":"Female","count":309,"tested":3803,"color":"rgb(255,127,14)"},{"description":"Unknown/Left Blank","count":37,"tested":91,"color":"rgb(44,160,44)"},{"description":"Male","count":240,"tested":2230,"color":"rgb(31,119,180)"}]}
