{"age":[{"age_group":"<20","count":40,"tested":271},{"age_group":"20-29   ","count":26,"tested":129},{"age_group":"30-39   ","count":29,"tested":187},{"age_group":"40-49   ","count":34,"tested":191},{"age_group":"50-59   ","count":31,"tested":206},{"age_group":"60-69   ","count":33,"tested":290},{"age_group":"70-79   ","count":20,"tested":171},{"age_group":"80+","count":10,"tested":72}],"race":[{"description":"White","count":150,"tested":995,"color":"rgb(31,119,180)"},{"description":"Left Blank","count":49,"tested":474,"color":"rgb(44,160,44)"}],"gender":[{"description":"Female","count":110,"tested":812,"color":"rgb(255,127,14)"},{"description":"Male","count":95,"tested":667,"color":"rgb(31,119,180)"}]}
