{"age":[{"age_group":"<20","count":1204,"tested":6581},{"age_group":"20-29   ","count":1343,"tested":8555},{"age_group":"30-39   ","count":1210,"tested":7251},{"age_group":"40-49   ","count":1304,"tested":7941},{"age_group":"50-59   ","count":1037,"tested":6821},{"age_group":"60-69   ","count":687,"tested":4092},{"age_group":"70-79   ","count":456,"tested":2456},{"age_group":"80+","count":381,"tested":2635}],"race":[{"description":"White","count":1257,"tested":14613,"color":"rgb(31,119,180)"},{"description":"Left Blank","count":1683,"tested":15493,"color":"rgb(44,160,44)"},{"description":"Hispanic","count":2813,"tested":11022,"color":"rgb(214,39,40)"},{"description":"AI/AN**","count":285,"tested":47,"color":"rgb(31,119,180)"},{"description":"NH/PI*","count":285,"tested":161,"color":"rgb(127,127,127)"},{"description":"Black","count":438,"tested":1660,"color":"rgb(255,127,14)"},{"description":"Asian","count":360,"tested":1372,"color":"rgb(140,86,75)"},{"description":"Other","count":503,"tested":1978,"color":"rgb(148,103,189)"}],"gender":[{"description":"Male","count":2816,"tested":17726,"color":"rgb(31,119,180)"},{"description":"Female","count":3115,"tested":27938,"color":"rgb(255,127,14)"},{"description":"Unknown/Left Blank","count":303,"tested":682,"color":"rgb(44,160,44)"}]}
