{"age":[{"age_group":"<20","count":192,"tested":1375},{"age_group":"20-29   ","count":220,"tested":2080},{"age_group":"30-39   ","count":148,"tested":2122},{"age_group":"40-49   ","count":207,"tested":2226},{"age_group":"50-59   ","count":217,"tested":2886},{"age_group":"60-69   ","count":170,"tested":2520},{"age_group":"70-79   ","count":108,"tested":3270},{"age_group":"80+","count":134,"tested":5068}],"race":[{"description":"Asian","count":46,"tested":88,"color":"rgb(140,86,75)"},{"description":"Left Blank","count":370,"tested":4370,"color":"rgb(44,160,44)"},{"description":"White","count":719,"tested":14679,"color":"rgb(31,119,180)"},{"description":"Hispanic","count":66,"tested":420,"color":"rgb(214,39,40)"},{"description":"Black","count":60,"tested":1634,"color":"rgb(255,127,14)"},{"description":"Other","count":64,"tested":344,"color":"rgb(148,103,189)"}],"gender":[{"description":"Male","count":574,"tested":9993,"color":"rgb(31,119,180)"},{"description":"Female","count":609,"tested":9498,"color":"rgb(255,127,14)"}]}
