{"age":[{"age_group":"<20","count":19,"tested":68},{"age_group":"20-29   ","count":16,"tested":89},{"age_group":"30-39   ","count":12,"tested":34},{"age_group":"50-59   ","count":13,"tested":128}],"race":[{"description":"White","count":42,"tested":459,"color":"rgb(31,119,180)"},{"description":"Left Blank","count":14,"tested":107,"color":"rgb(44,160,44)"}],"gender":[{"description":"Female","count":32,"tested":377,"color":"rgb(255,127,14)"},{"description":"Male","count":28,"tested":219,"color":"rgb(31,119,180)"}]}
