{"age":[{"age_group":"<20","count":389,"tested":1530},{"age_group":"20-29   ","count":423,"tested":1725},{"age_group":"30-39   ","count":393,"tested":1600},{"age_group":"40-49   ","count":402,"tested":1363},{"age_group":"50-59   ","count":350,"tested":1231},{"age_group":"60-69   ","count":299,"tested":1137},{"age_group":"70-79   ","count":263,"tested":758},{"age_group":"80+","count":240,"tested":498}],"race":[{"description":"White","count":511,"tested":4470,"color":"rgb(31,119,180)"},{"description":"Hispanic","count":784,"tested":2769,"color":"rgb(214,39,40)"},{"description":"Other","count":219,"tested":114,"color":"rgb(148,103,189)"},{"description":"Left Blank","count":419,"tested":2409,"color":"rgb(44,160,44)"}],"gender":[{"description":"Male","count":736,"tested":3971,"color":"rgb(31,119,180)"},{"description":"Female","count":790,"tested":5818,"color":"rgb(255,127,14)"}]}
