{"age":[{"age_group":"<20","count":133,"tested":879},{"age_group":"20-29   ","count":162,"tested":1488},{"age_group":"30-39   ","count":139,"tested":1237},{"age_group":"40-49   ","count":144,"tested":1249},{"age_group":"50-59   ","count":173,"tested":1606},{"age_group":"60-69   ","count":136,"tested":1296},{"age_group":"70-79   ","count":119,"tested":933},{"age_group":"80+","count":109,"tested":1223}],"race":[{"description":"Black","count":73,"tested":216,"color":"rgb(255,127,14)"},{"description":"Other","count":68,"tested":131,"color":"rgb(148,103,189)"},{"description":"Left Blank","count":287,"tested":6300,"color":"rgb(44,160,44)"},{"description":"White","count":398,"tested":2980,"color":"rgb(31,119,180)"},{"description":"Hispanic","count":101,"tested":252,"color":"rgb(214,39,40)"}],"gender":[{"description":"Male","count":320,"tested":3124,"color":"rgb(31,119,180)"},{"description":"Female","count":418,"tested":6537,"color":"rgb(255,127,14)"}]}
