{"age":[{"age_group":"<20","count":575,"tested":3145},{"age_group":"20-29   ","count":579,"tested":4993},{"age_group":"30-39   ","count":548,"tested":4138},{"age_group":"40-49   ","count":540,"tested":3582},{"age_group":"50-59   ","count":612,"tested":3892},{"age_group":"60-69   ","count":384,"tested":2439},{"age_group":"70-79   ","count":337,"tested":2186},{"age_group":"80+","count":350,"tested":3429}],"race":[{"description":"Black","count":287,"tested":442,"color":"rgb(255,127,14)"},{"description":"Asian","count":330,"tested":952,"color":"rgb(140,86,75)"},{"description":"Other","count":291,"tested":399,"color":"rgb(148,103,189)"},{"description":"Hispanic","count":563,"tested":1526,"color":"rgb(214,39,40)"},{"description":"Left Blank","count":1014,"tested":17863,"color":"rgb(44,160,44)"},{"description":"White","count":953,"tested":6580,"color":"rgb(31,119,180)"}],"gender":[{"description":"Unknown/Left Blank","count":283,"tested":611,"color":"rgb(44,160,44)"},{"description":"Female","count":1226,"tested":17229,"color":"rgb(255,127,14)"},{"description":"Male","count":1211,"tested":9969,"color":"rgb(31,119,180)"}]}
