{"age":[{"age_group":"<20","count":423,"tested":4048},{"age_group":"20-29   ","count":601,"tested":7283},{"age_group":"30-39   ","count":607,"tested":6833},{"age_group":"40-49   ","count":639,"tested":6991},{"age_group":"50-59   ","count":640,"tested":8880},{"age_group":"60-69   ","count":482,"tested":8506},{"age_group":"70-79   ","count":269,"tested":3952},{"age_group":"80+","count":207,"tested":2090}],"race":[{"description":"Other","count":117,"tested":556,"color":"rgb(148,103,189)"},{"description":"Left Blank","count":851,"tested":17703,"color":"rgb(44,160,44)"},{"description":"Asian","count":59,"tested":61,"color":"rgb(140,86,75)"},{"description":"Black","count":2522,"tested":29146,"color":"rgb(255,127,14)"},{"description":"Hispanic","count":119,"tested":493,"color":"rgb(214,39,40)"},{"description":"White","count":88,"tested":520,"color":"rgb(31,119,180)"}],"gender":[{"description":"Male","count":1430,"tested":19166,"color":"rgb(31,119,180)"},{"description":"Unknown/Left Blank","count":71,"tested":723,"color":"rgb(44,160,44)"},{"description":"Female","count":2103,"tested":28714,"color":"rgb(255,127,14)"}]}
