{"age":[{"age_group":"<20","count":329,"tested":1949},{"age_group":"20-29   ","count":423,"tested":3177},{"age_group":"30-39   ","count":437,"tested":2965},{"age_group":"40-49   ","count":405,"tested":2899},{"age_group":"50-59   ","count":326,"tested":2596},{"age_group":"60-69   ","count":215,"tested":2115},{"age_group":"70-79   ","count":146,"tested":1299},{"age_group":"80+","count":88,"tested":649}],"race":[{"description":"Hispanic","count":540,"tested":2353,"color":"rgb(214,39,40)"},{"description":"Left Blank","count":553,"tested":5680,"color":"rgb(44,160,44)"},{"description":"White","count":179,"tested":1070,"color":"rgb(31,119,180)"},{"description":"Other","count":135,"tested":947,"color":"rgb(148,103,189)"},{"description":"Black","count":841,"tested":7507,"color":"rgb(255,127,14)"}],"gender":[{"description":"Male","count":972,"tested":7333,"color":"rgb(31,119,180)"},{"description":"Unknown/Left Blank","count":78,"tested":367,"color":"rgb(44,160,44)"},{"description":"Female","count":1124,"tested":9955,"color":"rgb(255,127,14)"}]}
