{"age":[{"age_group":"<20","count":72,"tested":280},{"age_group":"20-29   ","count":77,"tested":225},{"age_group":"30-39   ","count":68,"tested":238},{"age_group":"40-49   ","count":75,"tested":328},{"age_group":"50-59   ","count":72,"tested":307},{"age_group":"60-69   ","count":62,"tested":237},{"age_group":"70-79   ","count":55,"tested":206}],"race":[{"description":"White","count":162,"tested":1563,"color":"rgb(31,119,180)"},{"description":"Left Blank","count":67,"tested":295,"color":"rgb(44,160,44)"}],"gender":[{"description":"Male","count":121,"tested":743,"color":"rgb(31,119,180)"},{"description":"Female","count":116,"tested":1171,"color":"rgb(255,127,14)"}]}
