{"age":[{"age_group":"<20","count":557,"tested":4007},{"age_group":"20-29   ","count":606,"tested":3956},{"age_group":"30-39   ","count":588,"tested":4283},{"age_group":"40-49   ","count":647,"tested":4350},{"age_group":"50-59   ","count":575,"tested":3963},{"age_group":"60-69   ","count":385,"tested":2435},{"age_group":"70-79   ","count":292,"tested":1592},{"age_group":"80+","count":302,"tested":1093}],"race":[{"description":"Black","count":343,"tested":1322,"color":"rgb(255,127,14)"},{"description":"White","count":1169,"tested":10462,"color":"rgb(31,119,180)"},{"description":"Asian","count":231,"tested":482,"color":"rgb(140,86,75)"},{"description":"Other","count":259,"tested":926,"color":"rgb(148,103,189)"},{"description":"Hispanic","count":627,"tested":2361,"color":"rgb(214,39,40)"},{"description":"Left Blank","count":946,"tested":10096,"color":"rgb(44,160,44)"}],"gender":[{"description":"Female","count":1482,"tested":14582,"color":"rgb(255,127,14)"},{"description":"Male","count":1332,"tested":10863,"color":"rgb(31,119,180)"},{"description":"Unknown/Left Blank","count":198,"tested":235,"color":"rgb(44,160,44)"}]}
