{"age":[{"age_group":"<20","count":93,"tested":376},{"age_group":"20-29   ","count":81,"tested":396},{"age_group":"30-39   ","count":74,"tested":430},{"age_group":"40-49   ","count":83,"tested":353},{"age_group":"50-59   ","count":82,"tested":493},{"age_group":"60-69   ","count":90,"tested":482},{"age_group":"70-79   ","count":77,"tested":329},{"age_group":"80+","count":71,"tested":221}],"race":[{"description":"White","count":188,"tested":1475,"color":"rgb(31,119,180)"},{"description":"Hispanic","count":97,"tested":242,"color":"rgb(214,39,40)"},{"description":"Left Blank","count":90,"tested":1309,"color":"rgb(44,160,44)"},{"description":"Other","count":61,"tested":37,"color":"rgb(148,103,189)"}],"gender":[{"description":"Female","count":188,"tested":1948,"color":"rgb(255,127,14)"},{"description":"Male","count":144,"tested":1006,"color":"rgb(31,119,180)"}]}
