{"age":[{"age_group":"<20","count":416,"tested":3438},{"age_group":"20-29   ","count":435,"tested":4370},{"age_group":"30-39   ","count":449,"tested":4097},{"age_group":"40-49   ","count":492,"tested":4332},{"age_group":"50-59   ","count":462,"tested":4828},{"age_group":"60-69   ","count":443,"tested":4784},{"age_group":"70-79   ","count":293,"tested":2532},{"age_group":"80+","count":302,"tested":2719}],"race":[{"description":"Other","count":279,"tested":1446,"color":"rgb(148,103,189)"},{"description":"Left Blank","count":634,"tested":9538,"color":"rgb(44,160,44)"},{"description":"White","count":1187,"tested":14813,"color":"rgb(31,119,180)"},{"description":"Asian","count":333,"tested":2863,"color":"rgb(140,86,75)"},{"description":"Hispanic","count":359,"tested":1940,"color":"rgb(214,39,40)"},{"description":"Black","count":174,"tested":416,"color":"rgb(255,127,14)"}],"gender":[{"description":"Female","count":1206,"tested":18188,"color":"rgb(255,127,14)"},{"description":"Unknown/Left Blank","count":167,"tested":255,"color":"rgb(44,160,44)"},{"description":"Male","count":1120,"tested":12666,"color":"rgb(31,119,180)"}]}
