{"age":[{"age_group":"<20","count":188,"tested":1949},{"age_group":"20-29   ","count":1177,"tested":17071},{"age_group":"30-39   ","count":632,"tested":10453},{"age_group":"40-49   ","count":301,"tested":3568},{"age_group":"50-59   ","count":294,"tested":3997},{"age_group":"60-69   ","count":256,"tested":4047},{"age_group":"70-79   ","count":240,"tested":3858},{"age_group":"80+","count":175,"tested":2792}],"race":[{"description":"Hispanic","count":220,"tested":751,"color":"rgb(214,39,40)"},{"description":"Asian","count":154,"tested":1167,"color":"rgb(140,86,75)"},{"description":"White","count":1163,"tested":15837,"color":"rgb(31,119,180)"},{"description":"Left Blank","count":887,"tested":24780,"color":"rgb(44,160,44)"},{"description":"Other","count":204,"tested":1613,"color":"rgb(148,103,189)"},{"description":"Black","count":424,"tested":3540,"color":"rgb(255,127,14)"}],"gender":[{"description":"Unknown/Left Blank","count":149,"tested":837,"color":"rgb(44,160,44)"},{"description":"Male","count":1200,"tested":19758,"color":"rgb(31,119,180)"},{"description":"Female","count":1394,"tested":27146,"color":"rgb(255,127,14)"}]}
