{"age":[{"age_group":"<20","count":1117,"tested":6214},{"age_group":"20-29   ","count":1258,"tested":9963},{"age_group":"30-39   ","count":1326,"tested":9992},{"age_group":"40-49   ","count":1275,"tested":8293},{"age_group":"50-59   ","count":904,"tested":7004},{"age_group":"60-69   ","count":701,"tested":5389},{"age_group":"70-79   ","count":425,"tested":2858},{"age_group":"80+","count":197,"tested":939}],"race":[{"description":"White","count":331,"tested":3704,"color":"rgb(31,119,180)"},{"description":"Left Blank","count":1379,"tested":17977,"color":"rgb(44,160,44)"},{"description":"Other","count":255,"tested":1653,"color":"rgb(148,103,189)"},{"description":"Asian","count":117,"tested":164,"color":"rgb(140,86,75)"},{"description":"Black","count":1806,"tested":14118,"color":"rgb(255,127,14)"},{"description":"Hispanic","count":3098,"tested":12986,"color":"rgb(214,39,40)"}],"gender":[{"description":"Male","count":3034,"tested":21371,"color":"rgb(31,119,180)"},{"description":"Unknown/Left Blank","count":159,"tested":1240,"color":"rgb(44,160,44)"},{"description":"Female","count":3480,"tested":28064,"color":"rgb(255,127,14)"}]}
