{"age":[{"age_group":"<20","count":639,"tested":5251},{"age_group":"20-29   ","count":816,"tested":6580},{"age_group":"30-39   ","count":761,"tested":6345},{"age_group":"40-49   ","count":788,"tested":5840},{"age_group":"50-59   ","count":757,"tested":6475},{"age_group":"60-69   ","count":570,"tested":5287},{"age_group":"70-79   ","count":344,"tested":2827},{"age_group":"80+","count":269,"tested":1916}],"race":[{"description":"AI/AN**","count":161,"tested":62,"color":"rgb(31,119,180)"},{"description":"NH/PI*","count":163,"tested":79,"color":"rgb(127,127,127)"},{"description":"Asian","count":445,"tested":3040,"color":"rgb(140,86,75)"},{"description":"Black","count":235,"tested":754,"color":"rgb(255,127,14)"},{"description":"Hispanic","count":862,"tested":3128,"color":"rgb(214,39,40)"},{"description":"White","count":1695,"tested":16616,"color":"rgb(31,119,180)"},{"description":"Other","count":381,"tested":1631,"color":"rgb(148,103,189)"},{"description":"Left Blank","count":1002,"tested":15222,"color":"rgb(44,160,44)"}],"gender":[{"description":"Female","count":2020,"tested":22548,"color":"rgb(255,127,14)"},{"description":"Unknown/Left Blank","count":173,"tested":560,"color":"rgb(44,160,44)"},{"description":"Male","count":1976,"tested":17424,"color":"rgb(31,119,180)"}]}
