{"age":[{"age_group":"<20","count":209,"tested":3399},{"age_group":"20-29   ","count":598,"tested":13827},{"age_group":"30-39   ","count":644,"tested":11670},{"age_group":"40-49   ","count":340,"tested":4753},{"age_group":"50-59   ","count":335,"tested":3006},{"age_group":"60-69   ","count":240,"tested":2046},{"age_group":"70-79   ","count":117,"tested":723},{"age_group":"80+","count":86,"tested":272}],"race":[{"description":"Black","count":463,"tested":4346,"color":"rgb(255,127,14)"},{"description":"Asian","count":183,"tested":4405,"color":"rgb(140,86,75)"},{"description":"Hispanic","count":258,"tested":2091,"color":"rgb(214,39,40)"},{"description":"White","count":731,"tested":11919,"color":"rgb(31,119,180)"},{"description":"Other","count":187,"tested":2504,"color":"rgb(148,103,189)"},{"description":"Left Blank","count":610,"tested":14342,"color":"rgb(44,160,44)"}],"gender":[{"description":"Female","count":947,"tested":19439,"color":"rgb(255,127,14)"},{"description":"Male","count":1115,"tested":17933,"color":"rgb(31,119,180)"},{"description":"Unknown/Left Blank","count":168,"tested":2335,"color":"rgb(44,160,44)"}]}
