{"age":[{"age_group":"<20","count":45,"tested":405},{"age_group":"20-29   ","count":58,"tested":544},{"age_group":"30-39   ","count":54,"tested":567},{"age_group":"40-49   ","count":53,"tested":633},{"age_group":"50-59   ","count":60,"tested":629},{"age_group":"60-69   ","count":39,"tested":599},{"age_group":"70-79   ","count":41,"tested":379},{"age_group":"80+","count":33,"tested":1215}],"race":[{"description":"Hispanic","count":29,"tested":61,"color":"rgb(214,39,40)"},{"description":"White","count":164,"tested":3253,"color":"rgb(31,119,180)"},{"description":"Left Blank","count":79,"tested":1608,"color":"rgb(44,160,44)"},{"description":"Other","count":28,"tested":31,"color":"rgb(148,103,189)"}],"gender":[{"description":"Female","count":131,"tested":3747,"color":"rgb(255,127,14)"},{"description":"Male","count":125,"tested":1160,"color":"rgb(31,119,180)"}]}
