{"age":[{"age_group":"<20","count":821,"tested":7146},{"age_group":"20-29   ","count":597,"tested":6541},{"age_group":"30-39   ","count":530,"tested":6427},{"age_group":"40-49   ","count":691,"tested":6905},{"age_group":"50-59   ","count":702,"tested":7782},{"age_group":"60-69   ","count":433,"tested":5618},{"age_group":"70-79   ","count":295,"tested":3578},{"age_group":"80+","count":268,"tested":7056}],"race":[{"description":"Other","count":225,"tested":1312,"color":"rgb(148,103,189)"},{"description":"Left Blank","count":1106,"tested":27922,"color":"rgb(44,160,44)"},{"description":"Black","count":187,"tested":495,"color":"rgb(255,127,14)"},{"description":"Asian","count":243,"tested":1092,"color":"rgb(140,86,75)"},{"description":"White","count":1929,"tested":18671,"color":"rgb(31,119,180)"},{"description":"Hispanic","count":400,"tested":1519,"color":"rgb(214,39,40)"},{"description":"AI/AN**","count":126,"tested":26,"color":"rgb(31,119,180)"}],"gender":[{"description":"Male","count":1811,"tested":20478,"color":"rgb(31,119,180)"},{"description":"Unknown/Left Blank","count":133,"tested":585,"color":"rgb(44,160,44)"},{"description":"Female","count":1798,"tested":29997,"color":"rgb(255,127,14)"}]}
