{"age":[{"age_group":"<20","count":814,"tested":4824},{"age_group":"20-29   ","count":1033,"tested":9696},{"age_group":"30-39   ","count":945,"tested":8907},{"age_group":"40-49   ","count":962,"tested":8835},{"age_group":"50-59   ","count":882,"tested":10397},{"age_group":"60-69   ","count":675,"tested":8057},{"age_group":"70-79   ","count":443,"tested":4262},{"age_group":"80+","count":345,"tested":3340}],"race":[{"description":"Black","count":1560,"tested":16916,"color":"rgb(255,127,14)"},{"description":"Asian","count":197,"tested":107,"color":"rgb(140,86,75)"},{"description":"AI/AN**","count":222,"tested":194,"color":"rgb(31,119,180)"},{"description":"Other","count":347,"tested":1397,"color":"rgb(148,103,189)"},{"description":"White","count":726,"tested":6736,"color":"rgb(31,119,180)"},{"description":"Left Blank","count":1954,"tested":29184,"color":"rgb(44,160,44)"},{"description":"Hispanic","count":902,"tested":3763,"color":"rgb(214,39,40)"}],"gender":[{"description":"Male","count":2234,"tested":24877,"color":"rgb(31,119,180)"},{"description":"Unknown/Left Blank","count":240,"tested":856,"color":"rgb(44,160,44)"},{"description":"Female","count":2681,"tested":32608,"color":"rgb(255,127,14)"}]}
