{"age":[{"age_group":"<20","count":46,"tested":172},{"age_group":"20-29   ","count":51,"tested":174},{"age_group":"30-39   ","count":47,"tested":182},{"age_group":"40-49   ","count":43,"tested":180},{"age_group":"50-59   ","count":46,"tested":209},{"age_group":"60-69   ","count":42,"tested":279},{"age_group":"70-79   ","count":33,"tested":119}],"race":[{"description":"White","count":120,"tested":1105,"color":"rgb(31,119,180)"},{"description":"Other","count":33,"tested":37,"color":"rgb(148,103,189)"},{"description":"Left Blank","count":52,"tested":213,"color":"rgb(44,160,44)"}],"gender":[{"description":"Female","count":100,"tested":887,"color":"rgb(255,127,14)"},{"description":"Male","count":80,"tested":487,"color":"rgb(31,119,180)"}]}
