{"age":[{"age_group":"<20","count":74,"tested":572},{"age_group":"20-29   ","count":59,"tested":530},{"age_group":"30-39   ","count":58,"tested":736},{"age_group":"40-49   ","count":54,"tested":408},{"age_group":"50-59   ","count":76,"tested":675},{"age_group":"60-69   ","count":55,"tested":575},{"age_group":"70-79   ","count":20,"tested":575},{"age_group":"80+","count":13,"tested":863}],"race":[{"description":"White","count":329,"tested":3723,"color":"rgb(31,119,180)"},{"description":"Left Blank","count":69,"tested":1090,"color":"rgb(44,160,44)"}],"gender":[{"description":"Female","count":216,"tested":3167,"color":"rgb(255,127,14)"},{"description":"Male","count":192,"tested":1721,"color":"rgb(31,119,180)"}]}
