{"age":[{"age_group":"<20","count":13,"tested":108},{"age_group":"30-39   ","count":13,"tested":89},{"age_group":"40-49   ","count":13,"tested":93},{"age_group":"50-59   ","count":22,"tested":100},{"age_group":"60-69   ","count":10,"tested":137},{"age_group":"70-79   ","count":6,"tested":37}],"race":[{"description":"Left Blank","count":35,"tested":313,"color":"rgb(44,160,44)"},{"description":"White","count":47,"tested":354,"color":"rgb(31,119,180)"}],"gender":[{"description":"Female","count":43,"tested":484,"color":"rgb(255,127,14)"},{"description":"Male","count":40,"tested":196,"color":"rgb(31,119,180)"}]}
