{"age":[{"age_group":"<20","count":1173,"tested":8438},{"age_group":"20-29   ","count":1271,"tested":10733},{"age_group":"30-39   ","count":1119,"tested":9214},{"age_group":"40-49   ","count":1216,"tested":10091},{"age_group":"50-59   ","count":918,"tested":8621},{"age_group":"60-69   ","count":503,"tested":5171},{"age_group":"70-79   ","count":216,"tested":3323},{"age_group":"80+","count":114,"tested":3336}],"race":[{"description":"White","count":1301,"tested":18964,"color":"rgb(31,119,180)"},{"description":"Left Blank","count":1610,"tested":19594,"color":"rgb(44,160,44)"},{"description":"Hispanic","count":3063,"tested":13693,"color":"rgb(214,39,40)"},{"description":"AI/AN**","count":9,"tested":62,"color":"rgb(31,119,180)"},{"description":"Other","count":249,"tested":2404,"color":"rgb(148,103,189)"},{"description":"NH/PI*","count":9,"tested":211,"color":"rgb(127,127,127)"},{"description":"Black","count":191,"tested":2128,"color":"rgb(255,127,14)"},{"description":"Asian","count":101,"tested":1885,"color":"rgb(140,86,75)"}],"gender":[{"description":"Male","count":3060,"tested":22505,"color":"rgb(31,119,180)"},{"description":"Female","count":3420,"tested":35412,"color":"rgb(255,127,14)"},{"description":"Unknown/Left Blank","count":53,"tested":1024,"color":"rgb(44,160,44)"}]}
