{"age":[{"age_group":"<20","count":200,"tested":2309},{"age_group":"20-29   ","count":153,"tested":3385},{"age_group":"30-39   ","count":117,"tested":2781},{"age_group":"40-49   ","count":160,"tested":3060},{"age_group":"50-59   ","count":156,"tested":3568},{"age_group":"60-69   ","count":104,"tested":3346},{"age_group":"70-79   ","count":42,"tested":2323},{"age_group":"80+","count":76,"tested":4105}],"race":[{"description":"White","count":492,"tested":7958,"color":"rgb(31,119,180)"},{"description":"Hispanic","count":83,"tested":976,"color":"rgb(214,39,40)"},{"description":"Black","count":28,"tested":898,"color":"rgb(255,127,14)"},{"description":"Other","count":48,"tested":510,"color":"rgb(148,103,189)"},{"description":"Left Blank","count":352,"tested":14298,"color":"rgb(44,160,44)"}],"gender":[{"description":"Unknown/Left Blank","count":12,"tested":558,"color":"rgb(44,160,44)"},{"description":"Male","count":480,"tested":9292,"color":"rgb(31,119,180)"},{"description":"Female","count":516,"tested":15034,"color":"rgb(255,127,14)"}]}
