{"age":[{"age_group":"<20","count":130,"tested":2449},{"age_group":"20-29   ","count":69,"tested":1498},{"age_group":"30-39   ","count":26,"tested":1054},{"age_group":"40-49   ","count":63,"tested":1361},{"age_group":"50-59   ","count":74,"tested":1708},{"age_group":"60-69   ","count":28,"tested":1125},{"age_group":"70-79   ","count":14,"tested":582},{"age_group":"80+","count":7,"tested":258}],"race":[{"description":"Other","count":62,"tested":1102,"color":"rgb(148,103,189)"},{"description":"Left Blank","count":102,"tested":3746,"color":"rgb(44,160,44)"},{"description":"Asian","count":7,"tested":183,"color":"rgb(140,86,75)"},{"description":"White","count":221,"tested":4809,"color":"rgb(31,119,180)"},{"description":"Hispanic","count":16,"tested":149,"color":"rgb(214,39,40)"}],"gender":[{"description":"Female","count":183,"tested":5017,"color":"rgb(255,127,14)"},{"description":"Male","count":226,"tested":4974,"color":"rgb(31,119,180)"}]}
