{"age":[{"age_group":"<20","count":17,"tested":157},{"age_group":"20-29   ","count":15,"tested":227},{"age_group":"30-39   ","count":18,"tested":83},{"age_group":"40-49   ","count":19,"tested":106},{"age_group":"50-59   ","count":22,"tested":226},{"age_group":"60-69   ","count":13,"tested":82},{"age_group":"70-79   ","count":12,"tested":77}],"race":[{"description":"White","count":95,"tested":567,"color":"rgb(31,119,180)"},{"description":"Left Blank","count":16,"tested":380,"color":"rgb(44,160,44)"}],"gender":[{"description":"Female","count":63,"tested":558,"color":"rgb(255,127,14)"},{"description":"Male","count":54,"tested":413,"color":"rgb(31,119,180)"}]}
