{"age":[{"age_group":"<20","count":104,"tested":745},{"age_group":"20-29   ","count":129,"tested":1133},{"age_group":"30-39   ","count":87,"tested":1004},{"age_group":"40-49   ","count":99,"tested":1123},{"age_group":"50-59   ","count":121,"tested":1298},{"age_group":"60-69   ","count":55,"tested":998},{"age_group":"70-79   ","count":32,"tested":344},{"age_group":"80+","count":6,"tested":150}],"race":[{"description":"Other","count":13,"tested":130,"color":"rgb(148,103,189)"},{"description":"Left Blank","count":235,"tested":3182,"color":"rgb(44,160,44)"},{"description":"White","count":260,"tested":2832,"color":"rgb(31,119,180)"},{"description":"Asian","count":6,"tested":85,"color":"rgb(140,86,75)"},{"description":"Hispanic","count":115,"tested":506,"color":"rgb(214,39,40)"}],"gender":[{"description":"Female","count":335,"tested":3747,"color":"rgb(255,127,14)"},{"description":"Male","count":293,"tested":2971,"color":"rgb(31,119,180)"}]}
