{"age":[{"age_group":"<20","count":11,"tested":112},{"age_group":"20-29   ","count":11,"tested":116},{"age_group":"30-39   ","count":15,"tested":70},{"age_group":"40-49   ","count":14,"tested":87},{"age_group":"50-59   ","count":16,"tested":143},{"age_group":"60-69   ","count":16,"tested":86}],"race":[{"description":"White","count":76,"tested":471,"color":"rgb(31,119,180)"},{"description":"Left Blank","count":11,"tested":189,"color":"rgb(44,160,44)"}],"gender":[{"description":"Female","count":46,"tested":366,"color":"rgb(255,127,14)"},{"description":"Male","count":42,"tested":299,"color":"rgb(31,119,180)"}]}
