{"age":[{"age_group":"<20","count":626,"tested":4059},{"age_group":"20-29   ","count":265,"tested":2649},{"age_group":"30-39   ","count":304,"tested":2662},{"age_group":"40-49   ","count":220,"tested":2257},{"age_group":"50-59   ","count":219,"tested":2507},{"age_group":"60-69   ","count":159,"tested":2210},{"age_group":"70-79   ","count":89,"tested":1946},{"age_group":"80+","count":134,"tested":5285}],"race":[{"description":"Asian","count":155,"tested":1576,"color":"rgb(140,86,75)"},{"description":"Black","count":19,"tested":264,"color":"rgb(255,127,14)"},{"description":"Hispanic","count":71,"tested":587,"color":"rgb(214,39,40)"},{"description":"Left Blank","count":1104,"tested":15266,"color":"rgb(44,160,44)"},{"description":"Other","count":236,"tested":1246,"color":"rgb(148,103,189)"},{"description":"White","count":421,"tested":4729,"color":"rgb(31,119,180)"},{"description":"AI/AN**","count":6,"tested":58,"color":"rgb(31,119,180)"}],"gender":[{"description":"Unknown/Left Blank","count":23,"tested":320,"color":"rgb(44,160,44)"},{"description":"Male","count":1011,"tested":10052,"color":"rgb(31,119,180)"},{"description":"Female","count":983,"tested":13381,"color":"rgb(255,127,14)"}]}
