{"age":[{"age_group":"<20","count":267,"tested":2469},{"age_group":"20-29   ","count":329,"tested":4765},{"age_group":"30-39   ","count":309,"tested":4932},{"age_group":"40-49   ","count":343,"tested":4780},{"age_group":"50-59   ","count":349,"tested":5804},{"age_group":"60-69   ","count":363,"tested":5814},{"age_group":"70-79   ","count":234,"tested":4030},{"age_group":"80+","count":186,"tested":4010}],"race":[{"description":"Left Blank","count":592,"tested":23810,"color":"rgb(44,160,44)"},{"description":"White","count":1156,"tested":8763,"color":"rgb(31,119,180)"},{"description":"Hispanic","count":284,"tested":1093,"color":"rgb(214,39,40)"},{"description":"Asian","count":198,"tested":1459,"color":"rgb(140,86,75)"},{"description":"Black","count":61,"tested":726,"color":"rgb(255,127,14)"},{"description":"AI/AN**","count":6,"tested":25,"color":"rgb(31,119,180)"},{"description":"Other","count":79,"tested":708,"color":"rgb(148,103,189)"}],"gender":[{"description":"Female","count":1224,"tested":20880,"color":"rgb(255,127,14)"},{"description":"Male","count":1142,"tested":14815,"color":"rgb(31,119,180)"},{"description":"Unknown/Left Blank","count":14,"tested":920,"color":"rgb(44,160,44)"}]}
