{"age":[{"age_group":"<20","count":295,"tested":4195},{"age_group":"20-29   ","count":704,"tested":14194},{"age_group":"30-39   ","count":697,"tested":13403},{"age_group":"40-49   ","count":485,"tested":8879},{"age_group":"50-59   ","count":447,"tested":9180},{"age_group":"60-69   ","count":373,"tested":9200},{"age_group":"70-79   ","count":183,"tested":5196},{"age_group":"80+","count":157,"tested":3250}],"race":[{"description":"Black","count":788,"tested":11194,"color":"rgb(255,127,14)"},{"description":"Hispanic","count":394,"tested":3255,"color":"rgb(214,39,40)"},{"description":"Left Blank","count":979,"tested":34791,"color":"rgb(44,160,44)"},{"description":"Other","count":155,"tested":2305,"color":"rgb(148,103,189)"},{"description":"White","count":558,"tested":9214,"color":"rgb(31,119,180)"},{"description":"Asian","count":459,"tested":6630,"color":"rgb(140,86,75)"}],"gender":[{"description":"Female","count":1657,"tested":34335,"color":"rgb(255,127,14)"},{"description":"Unknown/Left Blank","count":61,"tested":2116,"color":"rgb(44,160,44)"},{"description":"Male","count":1623,"tested":31062,"color":"rgb(31,119,180)"}]}
