{"age":[{"age_group":"<20","count":525,"tested":3187},{"age_group":"20-29   ","count":675,"tested":4806},{"age_group":"30-39   ","count":620,"tested":4062},{"age_group":"40-49   ","count":607,"tested":3634},{"age_group":"50-59   ","count":483,"tested":3269},{"age_group":"60-69   ","count":293,"tested":2843},{"age_group":"70-79   ","count":133,"tested":2113},{"age_group":"80+","count":79,"tested":2105}],"race":[{"description":"Other","count":177,"tested":1341,"color":"rgb(148,103,189)"},{"description":"Left Blank","count":970,"tested":11149,"color":"rgb(44,160,44)"},{"description":"White","count":613,"tested":5625,"color":"rgb(31,119,180)"},{"description":"Black","count":99,"tested":974,"color":"rgb(255,127,14)"},{"description":"Asian","count":15,"tested":189,"color":"rgb(140,86,75)"},{"description":"Hispanic","count":1538,"tested":6763,"color":"rgb(214,39,40)"}],"gender":[{"description":"Female","count":1710,"tested":14425,"color":"rgb(255,127,14)"},{"description":"Male","count":1678,"tested":11265,"color":"rgb(31,119,180)"},{"description":"Unknown/Left Blank","count":28,"tested":375,"color":"rgb(44,160,44)"}]}
