{"age":[{"age_group":"<20","count":147,"tested":1948},{"age_group":"20-29   ","count":190,"tested":2691},{"age_group":"30-39   ","count":188,"tested":2697},{"age_group":"40-49   ","count":186,"tested":2641},{"age_group":"50-59   ","count":179,"tested":2617},{"age_group":"60-69   ","count":180,"tested":3027},{"age_group":"70-79   ","count":103,"tested":1603},{"age_group":"80+","count":89,"tested":1732}],"race":[{"description":"White","count":75,"tested":982,"color":"rgb(31,119,180)"},{"description":"Other","count":34,"tested":279,"color":"rgb(148,103,189)"},{"description":"Left Blank","count":433,"tested":8725,"color":"rgb(44,160,44)"},{"description":"Hispanic","count":41,"tested":328,"color":"rgb(214,39,40)"},{"description":"Black","count":678,"tested":8608,"color":"rgb(255,127,14)"}],"gender":[{"description":"Female","count":684,"tested":11048,"color":"rgb(255,127,14)"},{"description":"Male","count":555,"tested":7078,"color":"rgb(31,119,180)"},{"description":"Unknown/Left Blank","count":23,"tested":855,"color":"rgb(44,160,44)"}]}
