{"age":[{"age_group":"<20","count":822,"tested":6453},{"age_group":"20-29   ","count":964,"tested":8575},{"age_group":"30-39   ","count":748,"tested":7232},{"age_group":"40-49   ","count":891,"tested":7913},{"age_group":"50-59   ","count":814,"tested":7816},{"age_group":"60-69   ","count":302,"tested":3353},{"age_group":"70-79   ","count":109,"tested":1575},{"age_group":"80+","count":51,"tested":615}],"race":[{"description":"Other","count":183,"tested":1841,"color":"rgb(148,103,189)"},{"description":"Hispanic","count":877,"tested":4734,"color":"rgb(214,39,40)"},{"description":"White","count":1757,"tested":15730,"color":"rgb(31,119,180)"},{"description":"Asian","count":51,"tested":740,"color":"rgb(140,86,75)"},{"description":"Left Blank","count":1503,"tested":17458,"color":"rgb(44,160,44)"},{"description":"Black","count":320,"tested":2917,"color":"rgb(255,127,14)"},{"description":"AI/AN**","count":8,"tested":61,"color":"rgb(31,119,180)"}],"gender":[{"description":"Male","count":2188,"tested":18369,"color":"rgb(31,119,180)"},{"description":"Unknown/Left Blank","count":38,"tested":756,"color":"rgb(44,160,44)"},{"description":"Female","count":2475,"tested":24410,"color":"rgb(255,127,14)"}]}
