{"age":[{"age_group":"<20","count":541,"tested":4358},{"age_group":"20-29   ","count":633,"tested":6637},{"age_group":"30-39   ","count":688,"tested":7361},{"age_group":"40-49   ","count":540,"tested":6151},{"age_group":"50-59   ","count":524,"tested":6134},{"age_group":"60-69   ","count":394,"tested":5668},{"age_group":"70-79   ","count":218,"tested":3124},{"age_group":"80+","count":139,"tested":2461}],"race":[{"description":"Left Blank","count":976,"tested":22413,"color":"rgb(44,160,44)"},{"description":"White","count":747,"tested":7055,"color":"rgb(31,119,180)"},{"description":"Hispanic","count":689,"tested":3475,"color":"rgb(214,39,40)"},{"description":"Other","count":387,"tested":2527,"color":"rgb(148,103,189)"},{"description":"AI/AN**","count":13,"tested":72,"color":"rgb(31,119,180)"},{"description":"Black","count":187,"tested":1945,"color":"rgb(255,127,14)"},{"description":"NH/PI*","count":8,"tested":138,"color":"rgb(127,127,127)"},{"description":"Asian","count":670,"tested":4280,"color":"rgb(140,86,75)"}],"gender":[{"description":"Female","count":1845,"tested":22850,"color":"rgb(255,127,14)"},{"description":"Male","count":1781,"tested":18019,"color":"rgb(31,119,180)"},{"description":"Unknown/Left Blank","count":51,"tested":1036,"color":"rgb(44,160,44)"}]}
