{"age":[{"age_group":"<20","count":16,"tested":184},{"age_group":"20-29   ","count":13,"tested":82},{"age_group":"30-39   ","count":13,"tested":116},{"age_group":"40-49   ","count":15,"tested":87},{"age_group":"50-59   ","count":12,"tested":191},{"age_group":"60-69   ","count":16,"tested":177},{"age_group":"70-79   ","count":7,"tested":108}],"race":[{"description":"Left Blank","count":24,"tested":369,"color":"rgb(44,160,44)"},{"description":"White","count":68,"tested":543,"color":"rgb(31,119,180)"}],"gender":[{"description":"Male","count":44,"tested":383,"color":"rgb(31,119,180)"},{"description":"Female","count":51,"tested":594,"color":"rgb(255,127,14)"}]}
