{"age":[{"age_group":"<20","count":33,"tested":270},{"age_group":"20-29   ","count":28,"tested":326},{"age_group":"30-39   ","count":27,"tested":347},{"age_group":"40-49   ","count":38,"tested":310},{"age_group":"50-59   ","count":26,"tested":292},{"age_group":"60-69   ","count":30,"tested":384},{"age_group":"70-79   ","count":26,"tested":183},{"age_group":"80+","count":6,"tested":103}],"race":[{"description":"Hispanic","count":18,"tested":51,"color":"rgb(214,39,40)"},{"description":"Left Blank","count":51,"tested":1217,"color":"rgb(44,160,44)"},{"description":"White","count":122,"tested":833,"color":"rgb(31,119,180)"},{"description":"Other","count":15,"tested":61,"color":"rgb(148,103,189)"}],"gender":[{"description":"Female","count":106,"tested":1137,"color":"rgb(255,127,14)"},{"description":"Male","count":108,"tested":1003,"color":"rgb(31,119,180)"}]}
