{"age":[{"age_group":"<20","count":374,"tested":3047},{"age_group":"20-29   ","count":411,"tested":3857},{"age_group":"30-39   ","count":321,"tested":3402},{"age_group":"40-49   ","count":386,"tested":3470},{"age_group":"50-59   ","count":464,"tested":4511},{"age_group":"60-69   ","count":290,"tested":3415},{"age_group":"70-79   ","count":86,"tested":1544},{"age_group":"80+","count":54,"tested":1209}],"race":[{"description":"Left Blank","count":816,"tested":10804,"color":"rgb(44,160,44)"},{"description":"Other","count":37,"tested":413,"color":"rgb(148,103,189)"},{"description":"White","count":1147,"tested":10798,"color":"rgb(31,119,180)"},{"description":"Hispanic","count":242,"tested":1187,"color":"rgb(214,39,40)"},{"description":"Asian","count":86,"tested":675,"color":"rgb(140,86,75)"},{"description":"Black","count":50,"tested":531,"color":"rgb(255,127,14)"},{"description":"NH/PI*","count":6,"tested":18,"color":"rgb(127,127,127)"}],"gender":[{"description":"Male","count":1164,"tested":10164,"color":"rgb(31,119,180)"},{"description":"Unknown/Left Blank","count":13,"tested":290,"color":"rgb(44,160,44)"},{"description":"Female","count":1209,"tested":14008,"color":"rgb(255,127,14)"}]}
