{"age":[{"age_group":"<20","count":131,"tested":2459},{"age_group":"20-29   ","count":87,"tested":2240},{"age_group":"30-39   ","count":76,"tested":1490},{"age_group":"40-49   ","count":81,"tested":2509},{"age_group":"50-59   ","count":98,"tested":2411},{"age_group":"60-69   ","count":60,"tested":2038},{"age_group":"70-79   ","count":39,"tested":1347},{"age_group":"80+","count":59,"tested":1444}],"race":[{"description":"Other","count":45,"tested":637,"color":"rgb(148,103,189)"},{"description":"Left Blank","count":149,"tested":6065,"color":"rgb(44,160,44)"},{"description":"Asian","count":26,"tested":720,"color":"rgb(140,86,75)"},{"description":"Black","count":25,"tested":296,"color":"rgb(255,127,14)"},{"description":"Hispanic","count":71,"tested":1100,"color":"rgb(214,39,40)"},{"description":"White","count":314,"tested":7068,"color":"rgb(31,119,180)"}],"gender":[{"description":"Female","count":317,"tested":8321,"color":"rgb(255,127,14)"},{"description":"Male","count":297,"tested":7463,"color":"rgb(31,119,180)"},{"description":"Unknown/Left Blank","count":17,"tested":154,"color":"rgb(44,160,44)"}]}
