{"age":[{"age_group":"<20","count":158,"tested":1050},{"age_group":"20-29   ","count":280,"tested":1995},{"age_group":"30-39   ","count":252,"tested":1808},{"age_group":"40-49   ","count":187,"tested":1480},{"age_group":"50-59   ","count":247,"tested":1755},{"age_group":"60-69   ","count":176,"tested":1714},{"age_group":"70-79   ","count":82,"tested":1157},{"age_group":"80+","count":68,"tested":1594}],"race":[{"description":"Other","count":50,"tested":346,"color":"rgb(148,103,189)"},{"description":"Black","count":25,"tested":165,"color":"rgb(255,127,14)"},{"description":"White","count":615,"tested":3508,"color":"rgb(31,119,180)"},{"description":"Asian","count":52,"tested":253,"color":"rgb(140,86,75)"},{"description":"Left Blank","count":315,"tested":7037,"color":"rgb(44,160,44)"},{"description":"Hispanic","count":391,"tested":1239,"color":"rgb(214,39,40)"}],"gender":[{"description":"Female","count":737,"tested":6966,"color":"rgb(255,127,14)"},{"description":"Male","count":711,"tested":5452,"color":"rgb(31,119,180)"}]}
