{"age":[{"age_group":"<20","count":554,"tested":4479},{"age_group":"20-29   ","count":970,"tested":10487},{"age_group":"30-39   ","count":897,"tested":10160},{"age_group":"40-49   ","count":748,"tested":8946},{"age_group":"50-59   ","count":872,"tested":11155},{"age_group":"60-69   ","count":721,"tested":10110},{"age_group":"70-79   ","count":331,"tested":4421},{"age_group":"80+","count":265,"tested":3993}],"race":[{"description":"Hispanic","count":816,"tested":4573,"color":"rgb(214,39,40)"},{"description":"AI/AN**","count":17,"tested":158,"color":"rgb(31,119,180)"},{"description":"Left Blank","count":1378,"tested":30852,"color":"rgb(44,160,44)"},{"description":"NH/PI*","count":17,"tested":204,"color":"rgb(127,127,127)"},{"description":"Black","count":141,"tested":1607,"color":"rgb(255,127,14)"},{"description":"Asian","count":742,"tested":6932,"color":"rgb(140,86,75)"},{"description":"White","count":1748,"tested":16595,"color":"rgb(31,119,180)"},{"description":"Other","count":499,"tested":2854,"color":"rgb(148,103,189)"}],"gender":[{"description":"Unknown/Left Blank","count":41,"tested":1121,"color":"rgb(44,160,44)"},{"description":"Female","count":2727,"tested":37519,"color":"rgb(255,127,14)"},{"description":"Male","count":2590,"tested":25135,"color":"rgb(31,119,180)"}]}
