{"age":[{"age_group":"<20","count":345,"tested":4275},{"age_group":"20-29   ","count":455,"tested":5095},{"age_group":"30-39   ","count":374,"tested":4332},{"age_group":"40-49   ","count":346,"tested":3615},{"age_group":"50-59   ","count":351,"tested":4181},{"age_group":"60-69   ","count":239,"tested":3147},{"age_group":"70-79   ","count":128,"tested":1391},{"age_group":"80+","count":83,"tested":1369}],"race":[{"description":"Black","count":123,"tested":1081,"color":"rgb(255,127,14)"},{"description":"Asian","count":45,"tested":497,"color":"rgb(140,86,75)"},{"description":"Hispanic","count":202,"tested":1059,"color":"rgb(214,39,40)"},{"description":"White","count":1541,"tested":11433,"color":"rgb(31,119,180)"},{"description":"Other","count":23,"tested":329,"color":"rgb(148,103,189)"},{"description":"Left Blank","count":386,"tested":12851,"color":"rgb(44,160,44)"}],"gender":[{"description":"Male","count":1045,"tested":10468,"color":"rgb(31,119,180)"},{"description":"Unknown/Left Blank","count":12,"tested":470,"color":"rgb(44,160,44)"},{"description":"Female","count":1265,"tested":16469,"color":"rgb(255,127,14)"}]}
