{"age":[{"age_group":"<20","count":40,"tested":736},{"age_group":"20-29   ","count":21,"tested":392},{"age_group":"30-39   ","count":8,"tested":210},{"age_group":"40-49   ","count":19,"tested":337},{"age_group":"50-59   ","count":34,"tested":474},{"age_group":"60-69   ","count":13,"tested":242}],"race":[{"description":"Other","count":9,"tested":208,"color":"rgb(148,103,189)"},{"description":"Left Blank","count":40,"tested":982,"color":"rgb(44,160,44)"},{"description":"White","count":85,"tested":1290,"color":"rgb(31,119,180)"}],"gender":[{"description":"Male","count":68,"tested":1233,"color":"rgb(31,119,180)"},{"description":"Female","count":73,"tested":1330,"color":"rgb(255,127,14)"}]}
