{"age":[{"age_group":"<20","count":141,"tested":1466},{"age_group":"20-29   ","count":149,"tested":1757},{"age_group":"30-39   ","count":167,"tested":1716},{"age_group":"40-49   ","count":158,"tested":1629},{"age_group":"50-59   ","count":132,"tested":1623},{"age_group":"60-69   ","count":107,"tested":1405},{"age_group":"70-79   ","count":51,"tested":580},{"age_group":"80+","count":26,"tested":351}],"race":[{"description":"Black","count":416,"tested":4836,"color":"rgb(255,127,14)"},{"description":"Hispanic","count":120,"tested":639,"color":"rgb(214,39,40)"},{"description":"White","count":31,"tested":497,"color":"rgb(31,119,180)"},{"description":"Other","count":26,"tested":199,"color":"rgb(148,103,189)"},{"description":"Left Blank","count":335,"tested":4339,"color":"rgb(44,160,44)"}],"gender":[{"description":"Male","count":404,"tested":4071,"color":"rgb(31,119,180)"},{"description":"Unknown/Left Blank","count":10,"tested":224,"color":"rgb(44,160,44)"},{"description":"Female","count":517,"tested":6238,"color":"rgb(255,127,14)"}]}
