{"age":[{"age_group":"<20","count":284,"tested":3808},{"age_group":"20-29   ","count":676,"tested":12733},{"age_group":"30-39   ","count":671,"tested":12131},{"age_group":"40-49   ","count":470,"tested":8072},{"age_group":"50-59   ","count":431,"tested":8444},{"age_group":"60-69   ","count":356,"tested":8570},{"age_group":"70-79   ","count":176,"tested":4834},{"age_group":"80+","count":154,"tested":3048}],"race":[{"description":"Black","count":746,"tested":9978,"color":"rgb(255,127,14)"},{"description":"Hispanic","count":380,"tested":2937,"color":"rgb(214,39,40)"},{"description":"Left Blank","count":973,"tested":32484,"color":"rgb(44,160,44)"},{"description":"Other","count":147,"tested":2082,"color":"rgb(148,103,189)"},{"description":"White","count":532,"tested":8104,"color":"rgb(31,119,180)"},{"description":"Asian","count":435,"tested":5962,"color":"rgb(140,86,75)"}],"gender":[{"description":"Female","count":1599,"tested":31501,"color":"rgb(255,127,14)"},{"description":"Unknown/Left Blank","count":61,"tested":1909,"color":"rgb(44,160,44)"},{"description":"Male","count":1558,"tested":28246,"color":"rgb(31,119,180)"}]}
