{"age":[{"age_group":"<20","count":289,"tested":2347},{"age_group":"20-29   ","count":453,"tested":4006},{"age_group":"30-39   ","count":533,"tested":4684},{"age_group":"40-49   ","count":433,"tested":3960},{"age_group":"50-59   ","count":411,"tested":4090},{"age_group":"60-69   ","count":286,"tested":3217},{"age_group":"70-79   ","count":112,"tested":1440},{"age_group":"80+","count":80,"tested":1157}],"race":[{"description":"Black","count":37,"tested":301,"color":"rgb(255,127,14)"},{"description":"Hispanic","count":346,"tested":2519,"color":"rgb(214,39,40)"},{"description":"White","count":1369,"tested":10831,"color":"rgb(31,119,180)"},{"description":"Asian","count":147,"tested":1211,"color":"rgb(140,86,75)"},{"description":"Other","count":168,"tested":1130,"color":"rgb(148,103,189)"},{"description":"Left Blank","count":521,"tested":8829,"color":"rgb(44,160,44)"},{"description":"NH/PI*","count":6,"tested":62,"color":"rgb(127,127,127)"}],"gender":[{"description":"Female","count":1255,"tested":13127,"color":"rgb(255,127,14)"},{"description":"Male","count":1318,"tested":11312,"color":"rgb(31,119,180)"},{"description":"Unknown/Left Blank","count":24,"tested":463,"color":"rgb(44,160,44)"}]}
