{"age":[{"age_group":"<20","count":611,"tested":3828},{"age_group":"20-29   ","count":257,"tested":2421},{"age_group":"30-39   ","count":299,"tested":2457},{"age_group":"40-49   ","count":218,"tested":2068},{"age_group":"50-59   ","count":213,"tested":2222},{"age_group":"60-69   ","count":156,"tested":2024},{"age_group":"70-79   ","count":88,"tested":1806},{"age_group":"80+","count":132,"tested":5078}],"race":[{"description":"Asian","count":144,"tested":1301,"color":"rgb(140,86,75)"},{"description":"Black","count":16,"tested":211,"color":"rgb(255,127,14)"},{"description":"Hispanic","count":65,"tested":491,"color":"rgb(214,39,40)"},{"description":"Left Blank","count":1113,"tested":14629,"color":"rgb(44,160,44)"},{"description":"Other","count":223,"tested":1166,"color":"rgb(148,103,189)"},{"description":"White","count":403,"tested":4172,"color":"rgb(31,119,180)"},{"description":"AI/AN**","count":6,"tested":51,"color":"rgb(31,119,180)"}],"gender":[{"description":"Unknown/Left Blank","count":23,"tested":302,"color":"rgb(44,160,44)"},{"description":"Male","count":990,"tested":9314,"color":"rgb(31,119,180)"},{"description":"Female","count":962,"tested":12431,"color":"rgb(255,127,14)"}]}
