{"age":[{"age_group":"<20","count":92,"tested":2078},{"age_group":"20-29   ","count":526,"tested":9769},{"age_group":"30-39   ","count":476,"tested":10824},{"age_group":"40-49   ","count":205,"tested":4258},{"age_group":"50-59   ","count":161,"tested":3299},{"age_group":"60-69   ","count":105,"tested":2504},{"age_group":"70-79   ","count":37,"tested":1171},{"age_group":"80+","count":26,"tested":440}],"race":[{"description":"Asian","count":100,"tested":2743,"color":"rgb(140,86,75)"},{"description":"Hispanic","count":92,"tested":1097,"color":"rgb(214,39,40)"},{"description":"Black","count":186,"tested":2904,"color":"rgb(255,127,14)"},{"description":"White","count":487,"tested":9738,"color":"rgb(31,119,180)"},{"description":"Other","count":100,"tested":1792,"color":"rgb(148,103,189)"},{"description":"Left Blank","count":655,"tested":16009,"color":"rgb(44,160,44)"}],"gender":[{"description":"Female","count":705,"tested":17369,"color":"rgb(255,127,14)"},{"description":"Unknown/Left Blank","count":24,"tested":546,"color":"rgb(44,160,44)"},{"description":"Male","count":899,"tested":16440,"color":"rgb(31,119,180)"}]}
