{"age":[{"age_group":"<20","count":261,"tested":3103},{"age_group":"20-29   ","count":372,"tested":6060},{"age_group":"30-39   ","count":377,"tested":6055},{"age_group":"40-49   ","count":355,"tested":6107},{"age_group":"50-59   ","count":343,"tested":6600},{"age_group":"60-69   ","count":288,"tested":5895},{"age_group":"70-79   ","count":174,"tested":2969},{"age_group":"80+","count":83,"tested":2366}],"race":[{"description":"AI/AN**","count":9,"tested":38,"color":"rgb(31,119,180)"},{"description":"NH/PI*","count":17,"tested":100,"color":"rgb(127,127,127)"},{"description":"Asian","count":336,"tested":2861,"color":"rgb(140,86,75)"},{"description":"Hispanic","count":227,"tested":1164,"color":"rgb(214,39,40)"},{"description":"Black","count":112,"tested":1340,"color":"rgb(255,127,14)"},{"description":"Left Blank","count":628,"tested":25735,"color":"rgb(44,160,44)"},{"description":"White","count":523,"tested":5576,"color":"rgb(31,119,180)"},{"description":"Other","count":401,"tested":2351,"color":"rgb(148,103,189)"}],"gender":[{"description":"Female","count":1209,"tested":22935,"color":"rgb(255,127,14)"},{"description":"Male","count":1035,"tested":15437,"color":"rgb(31,119,180)"},{"description":"Unknown/Left Blank","count":9,"tested":793,"color":"rgb(44,160,44)"}]}
