{"age":[{"age_group":"<20","count":646,"tested":3709},{"age_group":"20-29   ","count":851,"tested":6159},{"age_group":"30-39   ","count":764,"tested":5104},{"age_group":"40-49   ","count":754,"tested":4634},{"age_group":"50-59   ","count":661,"tested":4829},{"age_group":"60-69   ","count":457,"tested":3852},{"age_group":"70-79   ","count":188,"tested":2171},{"age_group":"80+","count":112,"tested":1842}],"race":[{"description":"Black","count":79,"tested":627,"color":"rgb(255,127,14)"},{"description":"Hispanic","count":1866,"tested":5136,"color":"rgb(214,39,40)"},{"description":"Asian","count":169,"tested":917,"color":"rgb(140,86,75)"},{"description":"White","count":1122,"tested":7267,"color":"rgb(31,119,180)"},{"description":"Left Blank","count":990,"tested":16700,"color":"rgb(44,160,44)"},{"description":"Other","count":198,"tested":1592,"color":"rgb(148,103,189)"}],"gender":[{"description":"Female","count":2222,"tested":17634,"color":"rgb(255,127,14)"},{"description":"Unknown/Left Blank","count":19,"tested":395,"color":"rgb(44,160,44)"},{"description":"Male","count":2193,"tested":14278,"color":"rgb(31,119,180)"}]}
