{"age":[{"age_group":"<20","count":353,"tested":3562},{"age_group":"20-29   ","count":433,"tested":5791},{"age_group":"30-39   ","count":436,"tested":5789},{"age_group":"40-49   ","count":436,"tested":5591},{"age_group":"50-59   ","count":462,"tested":5789},{"age_group":"60-69   ","count":316,"tested":4712},{"age_group":"70-79   ","count":174,"tested":2919},{"age_group":"80+","count":126,"tested":2470}],"race":[{"description":"Other","count":90,"tested":770,"color":"rgb(148,103,189)"},{"description":"Black","count":57,"tested":793,"color":"rgb(255,127,14)"},{"description":"Asian","count":227,"tested":2386,"color":"rgb(140,86,75)"},{"description":"White","count":1034,"tested":9636,"color":"rgb(31,119,180)"},{"description":"Left Blank","count":1069,"tested":21334,"color":"rgb(44,160,44)"},{"description":"Hispanic","count":250,"tested":1622,"color":"rgb(214,39,40)"},{"description":"AI/AN**","count":8,"tested":23,"color":"rgb(31,119,180)"}],"gender":[{"description":"Male","count":1268,"tested":13948,"color":"rgb(31,119,180)"},{"description":"Unknown/Left Blank","count":11,"tested":623,"color":"rgb(44,160,44)"},{"description":"Female","count":1458,"tested":22075,"color":"rgb(255,127,14)"}]}
