{"age":[{"age_group":"<20","count":551,"tested":3473},{"age_group":"20-29   ","count":619,"tested":5374},{"age_group":"30-39   ","count":555,"tested":3977},{"age_group":"40-49   ","count":570,"tested":3617},{"age_group":"50-59   ","count":478,"tested":4128},{"age_group":"60-69   ","count":276,"tested":2973},{"age_group":"70-79   ","count":114,"tested":1368},{"age_group":"80+","count":71,"tested":805}],"race":[{"description":"Black","count":232,"tested":2483,"color":"rgb(255,127,14)"},{"description":"White","count":401,"tested":4461,"color":"rgb(31,119,180)"},{"description":"Asian","count":43,"tested":498,"color":"rgb(140,86,75)"},{"description":"Other","count":109,"tested":876,"color":"rgb(148,103,189)"},{"description":"Hispanic","count":1831,"tested":8992,"color":"rgb(214,39,40)"},{"description":"Left Blank","count":616,"tested":8289,"color":"rgb(44,160,44)"}],"gender":[{"description":"Unknown/Left Blank","count":48,"tested":404,"color":"rgb(44,160,44)"},{"description":"Female","count":1677,"tested":14875,"color":"rgb(255,127,14)"},{"description":"Male","count":1511,"tested":10443,"color":"rgb(31,119,180)"}]}
