{"age":[{"age_group":"<20","count":31,"tested":274},{"age_group":"20-29   ","count":45,"tested":286},{"age_group":"30-39   ","count":24,"tested":279},{"age_group":"40-49   ","count":42,"tested":284},{"age_group":"50-59   ","count":30,"tested":202},{"age_group":"60-69   ","count":18,"tested":119}],"race":[{"description":"White","count":96,"tested":675,"color":"rgb(31,119,180)"},{"description":"Left Blank","count":19,"tested":595,"color":"rgb(44,160,44)"},{"description":"Hispanic","count":83,"tested":280,"color":"rgb(214,39,40)"}],"gender":[{"description":"Male","count":94,"tested":617,"color":"rgb(31,119,180)"},{"description":"Female","count":105,"tested":958,"color":"rgb(255,127,14)"}]}
