{"age":[{"age_group":"<20","count":318,"tested":2815},{"age_group":"20-29   ","count":415,"tested":4280},{"age_group":"30-39   ","count":413,"tested":4317},{"age_group":"40-49   ","count":391,"tested":3381},{"age_group":"50-59   ","count":413,"tested":4087},{"age_group":"60-69   ","count":317,"tested":3521},{"age_group":"70-79   ","count":146,"tested":2807},{"age_group":"80+","count":150,"tested":3011}],"race":[{"description":"Asian","count":25,"tested":258,"color":"rgb(140,86,75)"},{"description":"Black","count":17,"tested":214,"color":"rgb(255,127,14)"},{"description":"White","count":1245,"tested":13493,"color":"rgb(31,119,180)"},{"description":"Other","count":44,"tested":435,"color":"rgb(148,103,189)"},{"description":"Left Blank","count":830,"tested":11870,"color":"rgb(44,160,44)"},{"description":"Hispanic","count":398,"tested":1917,"color":"rgb(214,39,40)"}],"gender":[{"description":"Female","count":1289,"tested":16452,"color":"rgb(255,127,14)"},{"description":"Male","count":1259,"tested":11184,"color":"rgb(31,119,180)"},{"description":"Unknown/Left Blank","count":15,"tested":591,"color":"rgb(44,160,44)"}]}
