{"age":[{"age_group":"<20","count":1347,"tested":7560},{"age_group":"20-29   ","count":1546,"tested":11236},{"age_group":"30-39   ","count":1330,"tested":8503},{"age_group":"40-49   ","count":1470,"tested":8232},{"age_group":"50-59   ","count":1100,"tested":7573},{"age_group":"60-69   ","count":581,"tested":6119},{"age_group":"70-79   ","count":290,"tested":4914},{"age_group":"80+","count":141,"tested":3610}],"race":[{"description":"Black","count":264,"tested":2555,"color":"rgb(255,127,14)"},{"description":"Asian","count":39,"tested":283,"color":"rgb(140,86,75)"},{"description":"Other","count":234,"tested":2316,"color":"rgb(148,103,189)"},{"description":"AI/AN**","count":7,"tested":54,"color":"rgb(31,119,180)"},{"description":"White","count":567,"tested":6248,"color":"rgb(31,119,180)"},{"description":"Left Blank","count":1872,"tested":27482,"color":"rgb(44,160,44)"},{"description":"Hispanic","count":4819,"tested":18798,"color":"rgb(214,39,40)"}],"gender":[{"description":"Unknown/Left Blank","count":32,"tested":623,"color":"rgb(44,160,44)"},{"description":"Female","count":3982,"tested":32744,"color":"rgb(255,127,14)"},{"description":"Male","count":3792,"tested":24384,"color":"rgb(31,119,180)"}]}
