{"lastUpdatedDate":{"year":2021,"month":2,"day":4},"county_demographics":[{"County":"Livingston","confirmed_cases":3980,"total_tested":66332,"demographics":{"age":[{"race":[],"age_group":"<20","count":521,"tested":6161,"deaths":0},{"race":[],"age_group":"20-29   ","count":603,"tested":8840,"deaths":0},{"race":[],"age_group":"30-39   ","count":661,"tested":10184,"deaths":0},{"race":[],"age_group":"40-49   ","count":591,"tested":8613,"deaths":0},{"race":[],"age_group":"50-59   ","count":588,"tested":9986,"deaths":0},{"race":[],"age_group":"60-69   ","count":458,"tested":7163,"deaths":0},{"race":[],"age_group":"70-79   ","count":266,"tested":4119,"deaths":0},{"race":[],"age_group":"80+","count":287,"tested":8235,"deaths":0},{"race":[],"age_group":"Unknown","count":0,"tested":3031,"deaths":0}],"race":[{"description":"AI/AN**","count":0,"tested":24,"deaths":0,"color":"rgb(31,119,180)"},{"description":"Asian","count":6,"tested":82,"deaths":0,"color":"rgb(140,86,75)"},{"description":"Black","count":91,"tested":829,"deaths":0,"color":"rgb(255,127,14)"},{"description":"Hispanic","count":105,"tested":781,"deaths":0,"color":"rgb(214,39,40)"},{"description":"Left Blank","count":993,"tested":37424,"deaths":0,"color":"rgb(44,160,44)"},{"description":"NH/PI*","count":0,"tested":9,"deaths":0,"color":"rgb(127,127,127)"},{"description":"Other","count":96,"tested":894,"deaths":0,"color":"rgb(148,103,189)"},{"description":"White","count":2685,"tested":26289,"deaths":0,"color":"rgb(31,119,180)"}],"gender":[{"description":"Female","count":2016,"tested":34615,"deaths":0,"color":"rgb(255,127,14)"},{"description":"Male","count":1890,"tested":18488,"deaths":0,"color":"rgb(31,119,180)"},{"description":"Unknown/Left Blank","count":74,"tested":13229,"deaths":0,"color":"rgb(44,160,44)"}]}}]}
