{"lastUpdatedDate":{"year":2021,"month":2,"day":4},"county_demographics":[{"County":"Cook","confirmed_cases":220869,"total_tested":2792830,"demographics":{"age":[{"race":[],"age_group":"<20","count":31872,"tested":289775,"deaths":0},{"race":[],"age_group":"20-29   ","count":39174,"tested":473571,"deaths":0},{"race":[],"age_group":"30-39   ","count":34688,"tested":399151,"deaths":0},{"race":[],"age_group":"40-49   ","count":34944,"tested":384340,"deaths":0},{"race":[],"age_group":"50-59   ","count":34012,"tested":430772,"deaths":0},{"race":[],"age_group":"60-69   ","count":24277,"tested":370050,"deaths":0},{"race":[],"age_group":"70-79   ","count":12182,"tested":216401,"deaths":0},{"race":[],"age_group":"80+","count":9672,"tested":226272,"deaths":0},{"race":[],"age_group":"Unknown","count":48,"tested":2498,"deaths":0}],"race":[{"description":"AI/AN**","count":355,"tested":2575,"deaths":0,"color":"rgb(31,119,180)"},{"description":"Asian","count":7397,"tested":100666,"deaths":0,"color":"rgb(140,86,75)"},{"description":"Black","count":21649,"tested":257407,"deaths":0,"color":"rgb(255,127,14)"},{"description":"Hispanic","count":43503,"tested":227573,"deaths":0,"color":"rgb(214,39,40)"},{"description":"Left Blank","count":75010,"tested":1387626,"deaths":0,"color":"rgb(44,160,44)"},{"description":"NH/PI*","count":311,"tested":3827,"deaths":0,"color":"rgb(127,127,127)"},{"description":"Other","count":11853,"tested":103464,"deaths":0,"color":"rgb(148,103,189)"},{"description":"White","count":60791,"tested":709692,"deaths":0,"color":"rgb(31,119,180)"}],"gender":[{"description":"Female","count":114820,"tested":1588637,"deaths":0,"color":"rgb(255,127,14)"},{"description":"Male","count":103830,"tested":1137436,"deaths":0,"color":"rgb(31,119,180)"},{"description":"Unknown/Left Blank","count":2219,"tested":66757,"deaths":0,"color":"rgb(44,160,44)"}]}}]}
