{"lastUpdatedDate":{"year":2021,"month":2,"day":4},"county_demographics":[{"County":"Richland","confirmed_cases":1608,"total_tested":19752,"demographics":{"age":[{"race":[],"age_group":"<20","count":223,"tested":3010,"deaths":0},{"race":[],"age_group":"20-29   ","count":208,"tested":2694,"deaths":0},{"race":[],"age_group":"30-39   ","count":211,"tested":2694,"deaths":0},{"race":[],"age_group":"40-49   ","count":221,"tested":2645,"deaths":0},{"race":[],"age_group":"50-59   ","count":231,"tested":2625,"deaths":0},{"race":[],"age_group":"60-69   ","count":206,"tested":2369,"deaths":0},{"race":[],"age_group":"70-79   ","count":148,"tested":1655,"deaths":0},{"race":[],"age_group":"80+","count":160,"tested":2054,"deaths":0},{"race":[],"age_group":"Unknown","count":0,"tested":6,"deaths":0}],"race":[{"description":"AI/AN**","count":0,"tested":0,"deaths":0,"color":"rgb(31,119,180)"},{"description":"Asian","count":6,"tested":61,"deaths":0,"color":"rgb(140,86,75)"},{"description":"Black","count":12,"tested":135,"deaths":0,"color":"rgb(255,127,14)"},{"description":"Hispanic","count":10,"tested":103,"deaths":0,"color":"rgb(214,39,40)"},{"description":"Left Blank","count":162,"tested":5414,"deaths":0,"color":"rgb(44,160,44)"},{"description":"NH/PI*","count":0,"tested":32,"deaths":0,"color":"rgb(127,127,127)"},{"description":"Other","count":7,"tested":159,"deaths":0,"color":"rgb(148,103,189)"},{"description":"White","count":1408,"tested":13845,"deaths":0,"color":"rgb(31,119,180)"}],"gender":[{"description":"Female","count":912,"tested":12052,"deaths":0,"color":"rgb(255,127,14)"},{"description":"Male","count":682,"tested":6658,"deaths":0,"color":"rgb(31,119,180)"},{"description":"Unknown/Left Blank","count":10,"tested":1042,"deaths":0,"color":"rgb(44,160,44)"}]}}]}
