{"lastUpdatedDate":{"year":2021,"month":2,"day":4},"county_demographics":[{"County":"Marshall","confirmed_cases":765,"total_tested":14677,"demographics":{"age":[{"race":[],"age_group":"<20","count":105,"tested":1536,"deaths":0},{"race":[],"age_group":"20-29   ","count":122,"tested":2146,"deaths":0},{"race":[],"age_group":"30-39   ","count":86,"tested":1790,"deaths":0},{"race":[],"age_group":"40-49   ","count":132,"tested":2054,"deaths":0},{"race":[],"age_group":"50-59   ","count":120,"tested":2379,"deaths":0},{"race":[],"age_group":"60-69   ","count":101,"tested":2149,"deaths":0},{"race":[],"age_group":"70-79   ","count":66,"tested":1226,"deaths":0},{"race":[],"age_group":"80+","count":28,"tested":1385,"deaths":0},{"race":[],"age_group":"Unknown","count":0,"tested":12,"deaths":0}],"race":[{"description":"AI/AN**","count":0,"tested":0,"deaths":0,"color":"rgb(31,119,180)"},{"description":"Asian","count":0,"tested":20,"deaths":0,"color":"rgb(140,86,75)"},{"description":"Black","count":0,"tested":33,"deaths":0,"color":"rgb(255,127,14)"},{"description":"Hispanic","count":0,"tested":79,"deaths":0,"color":"rgb(214,39,40)"},{"description":"Left Blank","count":278,"tested":7366,"deaths":0,"color":"rgb(44,160,44)"},{"description":"NH/PI*","count":0,"tested":0,"deaths":0,"color":"rgb(127,127,127)"},{"description":"Other","count":16,"tested":176,"deaths":0,"color":"rgb(148,103,189)"},{"description":"White","count":462,"tested":7000,"deaths":0,"color":"rgb(31,119,180)"}],"gender":[{"description":"Female","count":395,"tested":9395,"deaths":0,"color":"rgb(255,127,14)"},{"description":"Male","count":365,"tested":4950,"deaths":0,"color":"rgb(31,119,180)"},{"description":"Unknown/Left Blank","count":0,"tested":332,"deaths":0,"color":"rgb(44,160,44)"}]}}]}
