{"lastUpdatedDate":{"year":2021,"month":3,"day":18},"county_demographics":[{"County":"McLean","confirmed_cases":15017,"total_tested":273403,"demographics":{"age":[{"race":[],"age_group":"<20","count":3034,"tested":57994,"deaths":0},{"race":[],"age_group":"20-29   ","count":4134,"tested":72554,"deaths":0},{"race":[],"age_group":"30-39   ","count":1908,"tested":34811,"deaths":0},{"race":[],"age_group":"40-49   ","count":1771,"tested":28550,"deaths":0},{"race":[],"age_group":"50-59   ","count":1709,"tested":29076,"deaths":0},{"race":[],"age_group":"60-69   ","count":1244,"tested":22600,"deaths":0},{"race":[],"age_group":"70-79   ","count":668,"tested":13129,"deaths":0},{"race":[],"age_group":"80+","count":549,"tested":14663,"deaths":0},{"race":[],"age_group":"Unknown","count":0,"tested":26,"deaths":0}],"race":[{"description":"AI/AN**","count":0,"tested":168,"deaths":0,"color":"rgb(31,119,180)"},{"description":"Asian","count":224,"tested":2191,"deaths":0,"color":"rgb(140,86,75)"},{"description":"Black","count":1095,"tested":9948,"deaths":0,"color":"rgb(255,127,14)"},{"description":"Hispanic","count":860,"tested":3628,"deaths":0,"color":"rgb(214,39,40)"},{"description":"Left Blank","count":3918,"tested":170656,"deaths":0,"color":"rgb(44,160,44)"},{"description":"NH/PI*","count":8,"tested":103,"deaths":0,"color":"rgb(127,127,127)"},{"description":"Other","count":212,"tested":2904,"deaths":0,"color":"rgb(148,103,189)"},{"description":"White","count":8689,"tested":83805,"deaths":0,"color":"rgb(31,119,180)"}],"gender":[{"description":"Female","count":8100,"tested":148180,"deaths":0,"color":"rgb(255,127,14)"},{"description":"Male","count":6900,"tested":105003,"deaths":0,"color":"rgb(31,119,180)"},{"description":"Unknown/Left Blank","count":12,"tested":20220,"deaths":0,"color":"rgb(44,160,44)"}]}}]}
