{"lastUpdatedDate":{"year":2021,"month":3,"day":18},"county_demographics":[{"County":"Johnson","confirmed_cases":1364,"total_tested":38582,"demographics":{"age":[{"race":[],"age_group":"<20","count":164,"tested":1496,"deaths":0},{"race":[],"age_group":"20-29   ","count":219,"tested":6964,"deaths":0},{"race":[],"age_group":"30-39   ","count":245,"tested":9322,"deaths":0},{"race":[],"age_group":"40-49   ","count":223,"tested":7639,"deaths":0},{"race":[],"age_group":"50-59   ","count":225,"tested":5156,"deaths":0},{"race":[],"age_group":"60-69   ","count":143,"tested":2542,"deaths":0},{"race":[],"age_group":"70-79   ","count":86,"tested":1207,"deaths":0},{"race":[],"age_group":"80+","count":54,"tested":1120,"deaths":0},{"race":[],"age_group":"Unknown","count":0,"tested":3136,"deaths":0}],"race":[{"description":"AI/AN**","count":0,"tested":0,"deaths":0,"color":"rgb(31,119,180)"},{"description":"Asian","count":0,"tested":77,"deaths":0,"color":"rgb(140,86,75)"},{"description":"Black","count":152,"tested":443,"deaths":0,"color":"rgb(255,127,14)"},{"description":"Hispanic","count":68,"tested":240,"deaths":0,"color":"rgb(214,39,40)"},{"description":"Left Blank","count":257,"tested":30616,"deaths":0,"color":"rgb(44,160,44)"},{"description":"NH/PI*","count":0,"tested":10,"deaths":0,"color":"rgb(127,127,127)"},{"description":"Other","count":7,"tested":90,"deaths":0,"color":"rgb(148,103,189)"},{"description":"White","count":871,"tested":7104,"deaths":0,"color":"rgb(31,119,180)"}],"gender":[{"description":"Female","count":530,"tested":7019,"deaths":0,"color":"rgb(255,127,14)"},{"description":"Male","count":777,"tested":9077,"deaths":0,"color":"rgb(31,119,180)"},{"description":"Unknown/Left Blank","count":55,"tested":22486,"deaths":0,"color":"rgb(44,160,44)"}]}}]}
