{"lastUpdatedDate":{"year":2021,"month":1,"day":4},"county_demographics":[{"County":"Carroll","confirmed_cases":1348,"total_tested":13865,"demographics":{"age":[{"race":[],"age_group":"<20","count":151,"tested":1256,"deaths":0},{"race":[],"age_group":"20-29   ","count":156,"tested":1749,"deaths":0},{"race":[],"age_group":"30-39   ","count":274,"tested":2675,"deaths":0},{"race":[],"age_group":"40-49   ","count":210,"tested":2036,"deaths":0},{"race":[],"age_group":"50-59   ","count":186,"tested":1772,"deaths":0},{"race":[],"age_group":"60-69   ","count":147,"tested":1698,"deaths":0},{"race":[],"age_group":"70-79   ","count":107,"tested":999,"deaths":0},{"race":[],"age_group":"80+","count":98,"tested":1678,"deaths":0},{"race":[],"age_group":"Unknown","count":0,"tested":0,"deaths":0}],"race":[{"description":"AI/AN**","count":7,"tested":6,"deaths":0,"color":"rgb(31,119,180)"},{"description":"Asian","count":0,"tested":52,"deaths":0,"color":"rgb(140,86,75)"},{"description":"Black","count":80,"tested":87,"deaths":0,"color":"rgb(255,127,14)"},{"description":"Hispanic","count":26,"tested":41,"deaths":0,"color":"rgb(214,39,40)"},{"description":"Left Blank","count":544,"tested":9312,"deaths":0,"color":"rgb(44,160,44)"},{"description":"NH/PI*","count":0,"tested":0,"deaths":0,"color":"rgb(127,127,127)"},{"description":"Other","count":11,"tested":97,"deaths":0,"color":"rgb(148,103,189)"},{"description":"White","count":674,"tested":4268,"deaths":0,"color":"rgb(31,119,180)"}],"gender":[{"description":"Female","count":597,"tested":6963,"deaths":0,"color":"rgb(255,127,14)"},{"description":"Male","count":743,"tested":6745,"deaths":0,"color":"rgb(31,119,180)"},{"description":"Unknown/Left Blank","count":8,"tested":157,"deaths":0,"color":"rgb(44,160,44)"}]}}]}
