{"lastUpdatedDate":{"year":2021,"month":1,"day":4},"county_demographics":[{"County":"Christian","confirmed_cases":2682,"total_tested":27753,"demographics":{"age":[{"race":[],"age_group":"<20","count":240,"tested":2859,"deaths":0},{"race":[],"age_group":"20-29   ","count":398,"tested":4318,"deaths":0},{"race":[],"age_group":"30-39   ","count":419,"tested":4109,"deaths":0},{"race":[],"age_group":"40-49   ","count":436,"tested":3796,"deaths":0},{"race":[],"age_group":"50-59   ","count":480,"tested":4090,"deaths":0},{"race":[],"age_group":"60-69   ","count":329,"tested":3528,"deaths":0},{"race":[],"age_group":"70-79   ","count":202,"tested":2387,"deaths":0},{"race":[],"age_group":"80+","count":178,"tested":2384,"deaths":0},{"race":[],"age_group":"Unknown","count":0,"tested":282,"deaths":0}],"race":[{"description":"AI/AN**","count":0,"tested":13,"deaths":0,"color":"rgb(31,119,180)"},{"description":"Asian","count":0,"tested":40,"deaths":0,"color":"rgb(140,86,75)"},{"description":"Black","count":69,"tested":153,"deaths":0,"color":"rgb(255,127,14)"},{"description":"Hispanic","count":65,"tested":146,"deaths":0,"color":"rgb(214,39,40)"},{"description":"Left Blank","count":1266,"tested":14449,"deaths":0,"color":"rgb(44,160,44)"},{"description":"NH/PI*","count":0,"tested":8,"deaths":0,"color":"rgb(127,127,127)"},{"description":"Other","count":30,"tested":410,"deaths":0,"color":"rgb(148,103,189)"},{"description":"White","count":1241,"tested":12534,"deaths":0,"color":"rgb(31,119,180)"}],"gender":[{"description":"Female","count":1219,"tested":15514,"deaths":0,"color":"rgb(255,127,14)"},{"description":"Male","count":1339,"tested":9293,"deaths":0,"color":"rgb(31,119,180)"},{"description":"Unknown/Left Blank","count":124,"tested":2946,"deaths":0,"color":"rgb(44,160,44)"}]}}]}
