{"lastUpdatedDate":{"year":2021,"month":1,"day":4},"county_demographics":[{"County":"Stark","confirmed_cases":469,"total_tested":5930,"demographics":{"age":[{"race":[],"age_group":"<20","count":75,"tested":910,"deaths":0},{"race":[],"age_group":"20-29   ","count":66,"tested":928,"deaths":0},{"race":[],"age_group":"30-39   ","count":58,"tested":689,"deaths":0},{"race":[],"age_group":"40-49   ","count":60,"tested":560,"deaths":0},{"race":[],"age_group":"50-59   ","count":73,"tested":794,"deaths":0},{"race":[],"age_group":"60-69   ","count":48,"tested":810,"deaths":0},{"race":[],"age_group":"70-79   ","count":36,"tested":635,"deaths":0},{"race":[],"age_group":"80+","count":43,"tested":597,"deaths":0},{"race":[],"age_group":"Unknown","count":0,"tested":7,"deaths":0}],"race":[{"description":"AI/AN**","count":0,"tested":0,"deaths":0,"color":"rgb(31,119,180)"},{"description":"Asian","count":0,"tested":0,"deaths":0,"color":"rgb(140,86,75)"},{"description":"Black","count":0,"tested":26,"deaths":0,"color":"rgb(255,127,14)"},{"description":"Hispanic","count":0,"tested":28,"deaths":0,"color":"rgb(214,39,40)"},{"description":"Left Blank","count":230,"tested":3652,"deaths":0,"color":"rgb(44,160,44)"},{"description":"Other","count":0,"tested":46,"deaths":0,"color":"rgb(148,103,189)"},{"description":"White","count":229,"tested":2172,"deaths":0,"color":"rgb(31,119,180)"}],"gender":[{"description":"Female","count":261,"tested":3760,"deaths":0,"color":"rgb(255,127,14)"},{"description":"Male","count":199,"tested":1999,"deaths":0,"color":"rgb(31,119,180)"},{"description":"Unknown/Left Blank","count":8,"tested":171,"deaths":0,"color":"rgb(44,160,44)"}]}}]}
