{"lastUpdatedDate":{"year":2021,"month":1,"day":4},"county_demographics":[{"County":"Lake","confirmed_cases":49151,"total_tested":598172,"demographics":{"age":[{"race":[],"age_group":"<20","count":8453,"tested":71952,"deaths":0},{"race":[],"age_group":"20-29   ","count":9157,"tested":100663,"deaths":0},{"race":[],"age_group":"30-39   ","count":7265,"tested":82001,"deaths":0},{"race":[],"age_group":"40-49   ","count":7738,"tested":84526,"deaths":0},{"race":[],"age_group":"50-59   ","count":7622,"tested":96335,"deaths":0},{"race":[],"age_group":"60-69   ","count":4673,"tested":75580,"deaths":0},{"race":[],"age_group":"70-79   ","count":2275,"tested":42847,"deaths":0},{"race":[],"age_group":"80+","count":1950,"tested":44019,"deaths":0},{"race":[],"age_group":"Unknown","count":18,"tested":249,"deaths":0}],"race":[{"description":"AI/AN**","count":63,"tested":518,"deaths":0,"color":"rgb(31,119,180)"},{"description":"Asian","count":1198,"tested":18301,"deaths":0,"color":"rgb(140,86,75)"},{"description":"Black","count":2585,"tested":24727,"deaths":0,"color":"rgb(255,127,14)"},{"description":"Hispanic","count":15064,"tested":73411,"deaths":0,"color":"rgb(214,39,40)"},{"description":"Left Blank","count":12841,"tested":262757,"deaths":0,"color":"rgb(44,160,44)"},{"description":"NH/PI*","count":90,"tested":1693,"deaths":0,"color":"rgb(127,127,127)"},{"description":"Other","count":2252,"tested":21575,"deaths":0,"color":"rgb(148,103,189)"},{"description":"White","count":15055,"tested":195190,"deaths":0,"color":"rgb(31,119,180)"}],"gender":[{"description":"Female","count":24750,"tested":332260,"deaths":0,"color":"rgb(255,127,14)"},{"description":"Male","count":23782,"tested":251613,"deaths":0,"color":"rgb(31,119,180)"},{"description":"Unknown/Left Blank","count":619,"tested":14299,"deaths":0,"color":"rgb(44,160,44)"}]}}]}
