{"lastUpdatedDate":{"year":2021,"month":1,"day":4},"county_demographics":[{"County":"Iroquois","confirmed_cases":2375,"total_tested":30641,"demographics":{"age":[{"race":[],"age_group":"<20","count":362,"tested":3976,"deaths":0},{"race":[],"age_group":"20-29   ","count":351,"tested":3916,"deaths":0},{"race":[],"age_group":"30-39   ","count":313,"tested":3853,"deaths":0},{"race":[],"age_group":"40-49   ","count":315,"tested":3288,"deaths":0},{"race":[],"age_group":"50-59   ","count":362,"tested":4284,"deaths":0},{"race":[],"age_group":"60-69   ","count":309,"tested":3945,"deaths":0},{"race":[],"age_group":"70-79   ","count":206,"tested":2994,"deaths":0},{"race":[],"age_group":"80+","count":153,"tested":4381,"deaths":0},{"race":[],"age_group":"Unknown","count":0,"tested":0,"deaths":0}],"race":[{"description":"AI/AN**","count":0,"tested":8,"deaths":0,"color":"rgb(31,119,180)"},{"description":"Asian","count":0,"tested":45,"deaths":0,"color":"rgb(140,86,75)"},{"description":"Black","count":19,"tested":253,"deaths":0,"color":"rgb(255,127,14)"},{"description":"Hispanic","count":202,"tested":903,"deaths":0,"color":"rgb(214,39,40)"},{"description":"Left Blank","count":331,"tested":8690,"deaths":0,"color":"rgb(44,160,44)"},{"description":"NH/PI*","count":0,"tested":0,"deaths":0,"color":"rgb(127,127,127)"},{"description":"Other","count":52,"tested":533,"deaths":0,"color":"rgb(148,103,189)"},{"description":"White","count":1765,"tested":20204,"deaths":0,"color":"rgb(31,119,180)"}],"gender":[{"description":"Female","count":1263,"tested":19659,"deaths":0,"color":"rgb(255,127,14)"},{"description":"Male","count":1032,"tested":10473,"deaths":0,"color":"rgb(31,119,180)"},{"description":"Unknown/Left Blank","count":80,"tested":509,"deaths":0,"color":"rgb(44,160,44)"}]}}]}
