{"lastUpdatedDate":{"year":2021,"month":1,"day":4},"county_demographics":[{"County":"Crawford","confirmed_cases":1594,"total_tested":19980,"demographics":{"age":[{"race":[],"age_group":"<20","count":205,"tested":1957,"deaths":0},{"race":[],"age_group":"20-29   ","count":236,"tested":2578,"deaths":0},{"race":[],"age_group":"30-39   ","count":260,"tested":3768,"deaths":0},{"race":[],"age_group":"40-49   ","count":238,"tested":3138,"deaths":0},{"race":[],"age_group":"50-59   ","count":244,"tested":2640,"deaths":0},{"race":[],"age_group":"60-69   ","count":165,"tested":1663,"deaths":0},{"race":[],"age_group":"70-79   ","count":136,"tested":1029,"deaths":0},{"race":[],"age_group":"80+","count":108,"tested":1145,"deaths":0},{"race":[],"age_group":"Unknown","count":0,"tested":2062,"deaths":0}],"race":[{"description":"AI/AN**","count":0,"tested":0,"deaths":0,"color":"rgb(31,119,180)"},{"description":"Asian","count":0,"tested":24,"deaths":0,"color":"rgb(140,86,75)"},{"description":"Black","count":152,"tested":360,"deaths":0,"color":"rgb(255,127,14)"},{"description":"Hispanic","count":36,"tested":71,"deaths":0,"color":"rgb(214,39,40)"},{"description":"Left Blank","count":195,"tested":10539,"deaths":0,"color":"rgb(44,160,44)"},{"description":"NH/PI*","count":0,"tested":0,"deaths":0,"color":"rgb(127,127,127)"},{"description":"Other","count":16,"tested":539,"deaths":0,"color":"rgb(148,103,189)"},{"description":"White","count":1185,"tested":8446,"deaths":0,"color":"rgb(31,119,180)"}],"gender":[{"description":"Female","count":723,"tested":7676,"deaths":0,"color":"rgb(255,127,14)"},{"description":"Male","count":813,"tested":5531,"deaths":0,"color":"rgb(31,119,180)"},{"description":"Unknown/Left Blank","count":58,"tested":6773,"deaths":0,"color":"rgb(44,160,44)"}]}}]}
