{"age":[{"age_group":"<20","count":281,"tested":6325},{"age_group":"20-29   ","count":1361,"tested":28139},{"age_group":"30-39   ","count":957,"tested":23583},{"age_group":"40-49   ","count":445,"tested":11324},{"age_group":"50-59   ","count":364,"tested":9796},{"age_group":"60-69   ","count":270,"tested":7897},{"age_group":"70-79   ","count":115,"tested":4106},{"age_group":"80+","count":104,"tested":2849}],"race":[{"description":"White","count":1673,"tested":31929,"color":"rgb(31,119,180)"},{"description":"Black","count":226,"tested":3724,"color":"rgb(255,127,14)"},{"description":"Asian","count":140,"tested":2822,"color":"rgb(140,86,75)"},{"description":"Other","count":217,"tested":3886,"color":"rgb(148,103,189)"},{"description":"Hispanic","count":404,"tested":3947,"color":"rgb(214,39,40)"},{"description":"Left Blank","count":1229,"tested":47622,"color":"rgb(44,160,44)"}],"gender":[{"description":"Female","count":1726,"tested":47967,"color":"rgb(255,127,14)"},{"description":"Male","count":2017,"tested":44312,"color":"rgb(31,119,180)"},{"description":"Unknown/Left Blank","count":154,"tested":1766,"color":"rgb(44,160,44)"}]}
