{"age":[{"age_group":"<20","count":111,"tested":738},{"age_group":"20-29   ","count":194,"tested":2221},{"age_group":"30-39   ","count":171,"tested":1993},{"age_group":"40-49   ","count":119,"tested":1866},{"age_group":"50-59   ","count":146,"tested":2267},{"age_group":"60-69   ","count":132,"tested":2098},{"age_group":"70-79   ","count":84,"tested":1531},{"age_group":"80+","count":108,"tested":1643}],"race":[{"description":"Hispanic","count":136,"tested":906,"color":"rgb(214,39,40)"},{"description":"Black","count":94,"tested":2097,"color":"rgb(255,127,14)"},{"description":"White","count":419,"tested":5589,"color":"rgb(31,119,180)"},{"description":"Left Blank","count":394,"tested":5444,"color":"rgb(44,160,44)"},{"description":"Other","count":17,"tested":239,"color":"rgb(148,103,189)"}],"gender":[{"description":"Male","count":473,"tested":4922,"color":"rgb(31,119,180)"},{"description":"Unknown/Left Blank","count":11,"tested":299,"color":"rgb(44,160,44)"},{"description":"Female","count":581,"tested":9136,"color":"rgb(255,127,14)"}]}
