{"age":[{"age_group":"<20","count":34,"tested":273},{"age_group":"20-29   ","count":28,"tested":320},{"age_group":"30-39   ","count":30,"tested":321},{"age_group":"40-49   ","count":19,"tested":142},{"age_group":"50-59   ","count":22,"tested":230},{"age_group":"60-69   ","count":26,"tested":293},{"age_group":"70-79   ","count":17,"tested":281},{"age_group":"80+","count":9,"tested":217}],"race":[{"description":"White","count":154,"tested":1608,"color":"rgb(31,119,180)"},{"description":"Hispanic","count":6,"tested":37,"color":"rgb(214,39,40)"},{"description":"Other","count":6,"tested":46,"color":"rgb(148,103,189)"},{"description":"Left Blank","count":17,"tested":370,"color":"rgb(44,160,44)"}],"gender":[{"description":"Female","count":93,"tested":1245,"color":"rgb(255,127,14)"},{"description":"Male","count":89,"tested":819,"color":"rgb(31,119,180)"}]}
