{"age":[{"age_group":"<20","count":469,"tested":4356},{"age_group":"20-29   ","count":659,"tested":6061},{"age_group":"30-39   ","count":445,"tested":5086},{"age_group":"40-49   ","count":517,"tested":5601},{"age_group":"50-59   ","count":498,"tested":6679},{"age_group":"60-69   ","count":300,"tested":5082},{"age_group":"70-79   ","count":160,"tested":3277},{"age_group":"80+","count":134,"tested":3513}],"race":[{"description":"Left Blank","count":862,"tested":20876,"color":"rgb(44,160,44)"},{"description":"White","count":643,"tested":7465,"color":"rgb(31,119,180)"},{"description":"Asian","count":46,"tested":575,"color":"rgb(140,86,75)"},{"description":"Other","count":124,"tested":1488,"color":"rgb(148,103,189)"},{"description":"Hispanic","count":1438,"tested":8344,"color":"rgb(214,39,40)"},{"description":"Black","count":63,"tested":883,"color":"rgb(255,127,14)"}],"gender":[{"description":"Female","count":1641,"tested":23851,"color":"rgb(255,127,14)"},{"description":"Male","count":1522,"tested":15584,"color":"rgb(31,119,180)"},{"description":"Unknown/Left Blank","count":19,"tested":240,"color":"rgb(44,160,44)"}]}
