{"age":[{"age_group":"<20","count":66,"tested":559},{"age_group":"20-29   ","count":54,"tested":531},{"age_group":"30-39   ","count":53,"tested":606},{"age_group":"40-49   ","count":58,"tested":456},{"age_group":"50-59   ","count":46,"tested":747},{"age_group":"60-69   ","count":45,"tested":568},{"age_group":"70-79   ","count":19,"tested":204},{"age_group":"80+","count":10,"tested":129}],"race":[{"description":"Left Blank","count":76,"tested":1382,"color":"rgb(44,160,44)"},{"description":"White","count":248,"tested":2131,"color":"rgb(31,119,180)"},{"description":"Hispanic","count":16,"tested":173,"color":"rgb(214,39,40)"}],"gender":[{"description":"Male","count":163,"tested":1529,"color":"rgb(31,119,180)"},{"description":"Female","count":187,"tested":2202,"color":"rgb(255,127,14)"}]}
