{"age":[{"age_group":"<20","count":416,"tested":2755},{"age_group":"20-29   ","count":522,"tested":3933},{"age_group":"30-39   ","count":455,"tested":3859},{"age_group":"40-49   ","count":479,"tested":3290},{"age_group":"50-59   ","count":410,"tested":3176},{"age_group":"60-69   ","count":223,"tested":2296},{"age_group":"70-79   ","count":108,"tested":956},{"age_group":"80+","count":66,"tested":458}],"race":[{"description":"AI/AN**","count":57,"tested":201,"color":"rgb(31,119,180)"},{"description":"Other","count":159,"tested":1623,"color":"rgb(148,103,189)"},{"description":"Left Blank","count":671,"tested":7307,"color":"rgb(44,160,44)"},{"description":"Hispanic","count":1133,"tested":4750,"color":"rgb(214,39,40)"},{"description":"White","count":346,"tested":3365,"color":"rgb(31,119,180)"},{"description":"Black","count":309,"tested":3427,"color":"rgb(255,127,14)"}],"gender":[{"description":"Unknown/Left Blank","count":18,"tested":232,"color":"rgb(44,160,44)"},{"description":"Male","count":1264,"tested":8848,"color":"rgb(31,119,180)"},{"description":"Female","count":1398,"tested":11651,"color":"rgb(255,127,14)"}]}
