{"age":[{"age_group":"<20","count":48,"tested":1422},{"age_group":"20-29   ","count":457,"tested":11849},{"age_group":"30-39   ","count":285,"tested":7016},{"age_group":"40-49   ","count":86,"tested":2521},{"age_group":"50-59   ","count":86,"tested":2588},{"age_group":"60-69   ","count":62,"tested":2000},{"age_group":"70-79   ","count":45,"tested":1367},{"age_group":"80+","count":26,"tested":988}],"race":[{"description":"White","count":444,"tested":8435,"color":"rgb(31,119,180)"},{"description":"Black","count":98,"tested":1986,"color":"rgb(255,127,14)"},{"description":"Asian","count":96,"tested":4056,"color":"rgb(140,86,75)"},{"description":"Other","count":64,"tested":1479,"color":"rgb(148,103,189)"},{"description":"Left Blank","count":301,"tested":12766,"color":"rgb(44,160,44)"},{"description":"Hispanic","count":89,"tested":919,"color":"rgb(214,39,40)"}],"gender":[{"description":"Male","count":582,"tested":14889,"color":"rgb(31,119,180)"},{"description":"Female","count":493,"tested":14189,"color":"rgb(255,127,14)"},{"description":"Unknown/Left Blank","count":20,"tested":687,"color":"rgb(44,160,44)"}]}
