{"age":[{"age_group":"<20","count":1177,"tested":9499},{"age_group":"20-29   ","count":1434,"tested":16281},{"age_group":"30-39   ","count":1330,"tested":14636},{"age_group":"40-49   ","count":1320,"tested":13068},{"age_group":"50-59   ","count":967,"tested":10381},{"age_group":"60-69   ","count":656,"tested":9502},{"age_group":"70-79   ","count":295,"tested":5277},{"age_group":"80+","count":139,"tested":3473}],"race":[{"description":"AI/AN**","count":9,"tested":57,"color":"rgb(31,119,180)"},{"description":"Other","count":267,"tested":3032,"color":"rgb(148,103,189)"},{"description":"Left Blank","count":1354,"tested":35430,"color":"rgb(44,160,44)"},{"description":"Black","count":947,"tested":12009,"color":"rgb(255,127,14)"},{"description":"Hispanic","count":3945,"tested":20268,"color":"rgb(214,39,40)"},{"description":"Asian","count":104,"tested":1844,"color":"rgb(140,86,75)"},{"description":"White","count":689,"tested":9476,"color":"rgb(31,119,180)"}],"gender":[{"description":"Female","count":3768,"tested":43582,"color":"rgb(255,127,14)"},{"description":"Male","count":3492,"tested":34207,"color":"rgb(31,119,180)"},{"description":"Unknown/Left Blank","count":58,"tested":4366,"color":"rgb(44,160,44)"}]}
