{"age":[{"age_group":"<20","count":255,"tested":1189},{"age_group":"20-29   ","count":327,"tested":5135},{"age_group":"30-39   ","count":143,"tested":1585},{"age_group":"40-49   ","count":24,"tested":270},{"age_group":"50-59   ","count":21,"tested":172},{"age_group":"60-69   ","count":13,"tested":156}],"race":[{"description":"Black","count":159,"tested":544,"color":"rgb(255,127,14)"},{"description":"Hispanic","count":100,"tested":352,"color":"rgb(214,39,40)"},{"description":"Asian","count":38,"tested":306,"color":"rgb(140,86,75)"},{"description":"Left Blank","count":73,"tested":4438,"color":"rgb(44,160,44)"},{"description":"Other","count":38,"tested":95,"color":"rgb(148,103,189)"},{"description":"White","count":372,"tested":2799,"color":"rgb(31,119,180)"}],"gender":[{"description":"Male","count":539,"tested":5240,"color":"rgb(31,119,180)"},{"description":"Female","count":247,"tested":3290,"color":"rgb(255,127,14)"}]}
