{"age":[{"age_group":"<20","count":20,"tested":179},{"age_group":"20-29   ","count":19,"tested":144},{"age_group":"30-39   ","count":16,"tested":132},{"age_group":"40-49   ","count":25,"tested":154},{"age_group":"50-59   ","count":25,"tested":192},{"age_group":"60-69   ","count":18,"tested":225},{"age_group":"70-79   ","count":11,"tested":100}],"race":[{"description":"White","count":106,"tested":925,"color":"rgb(31,119,180)"},{"description":"Left Blank","count":25,"tested":184,"color":"rgb(44,160,44)"}],"gender":[{"description":"Female","count":71,"tested":638,"color":"rgb(255,127,14)"},{"description":"Male","count":68,"tested":512,"color":"rgb(31,119,180)"}]}
