{"age":[{"age_group":"<20","count":52,"tested":518},{"age_group":"20-29   ","count":42,"tested":451},{"age_group":"30-39   ","count":49,"tested":458},{"age_group":"40-49   ","count":42,"tested":401},{"age_group":"50-59   ","count":74,"tested":439},{"age_group":"60-69   ","count":32,"tested":337},{"age_group":"70-79   ","count":16,"tested":150},{"age_group":"80+","count":12,"tested":93}],"race":[{"description":"Left Blank","count":138,"tested":1174,"color":"rgb(44,160,44)"},{"description":"White","count":174,"tested":1598,"color":"rgb(31,119,180)"}],"gender":[{"description":"Female","count":174,"tested":1700,"color":"rgb(255,127,14)"},{"description":"Male","count":146,"tested":1089,"color":"rgb(31,119,180)"}]}
