{"age":[{"age_group":"<20","count":50,"tested":454},{"age_group":"20-29   ","count":40,"tested":594},{"age_group":"30-39   ","count":34,"tested":383},{"age_group":"40-49   ","count":35,"tested":378},{"age_group":"50-59   ","count":50,"tested":593},{"age_group":"60-69   ","count":25,"tested":390},{"age_group":"80+","count":9,"tested":115}],"race":[{"description":"White","count":167,"tested":1726,"color":"rgb(31,119,180)"},{"description":"Left Blank","count":56,"tested":1108,"color":"rgb(44,160,44)"},{"description":"Hispanic","count":19,"tested":116,"color":"rgb(214,39,40)"}],"gender":[{"description":"Female","count":129,"tested":1659,"color":"rgb(255,127,14)"},{"description":"Male","count":118,"tested":1233,"color":"rgb(31,119,180)"}]}
