{"age":[{"age_group":"<20","count":800,"tested":15097},{"age_group":"20-29   ","count":673,"tested":9708},{"age_group":"30-39   ","count":561,"tested":10227},{"age_group":"40-49   ","count":590,"tested":9314},{"age_group":"50-59   ","count":609,"tested":10153},{"age_group":"60-69   ","count":411,"tested":8648},{"age_group":"70-79   ","count":218,"tested":4967},{"age_group":"80+","count":184,"tested":6602}],"race":[{"description":"Black","count":65,"tested":1476,"color":"rgb(255,127,14)"},{"description":"Asian","count":174,"tested":3629,"color":"rgb(140,86,75)"},{"description":"White","count":2410,"tested":39872,"color":"rgb(31,119,180)"},{"description":"Other","count":146,"tested":1889,"color":"rgb(148,103,189)"},{"description":"Left Blank","count":847,"tested":24068,"color":"rgb(44,160,44)"},{"description":"AI/AN**","count":7,"tested":26,"color":"rgb(31,119,180)"},{"description":"Hispanic","count":396,"tested":3844,"color":"rgb(214,39,40)"}],"gender":[{"description":"Female","count":2015,"tested":40264,"color":"rgb(255,127,14)"},{"description":"Male","count":1991,"tested":32472,"color":"rgb(31,119,180)"},{"description":"Unknown/Left Blank","count":41,"tested":2148,"color":"rgb(44,160,44)"}]}
