{"age":[{"age_group":"<20","count":25,"tested":397},{"age_group":"20-29   ","count":73,"tested":1449},{"age_group":"30-39   ","count":49,"tested":1157},{"age_group":"40-49   ","count":30,"tested":634},{"age_group":"50-59   ","count":21,"tested":560},{"age_group":"60-69   ","count":10,"tested":348},{"age_group":"70-79   ","count":7,"tested":289}],"race":[{"description":"Black","count":45,"tested":687,"color":"rgb(255,127,14)"},{"description":"Asian","count":15,"tested":290,"color":"rgb(140,86,75)"},{"description":"Hispanic","count":21,"tested":225,"color":"rgb(214,39,40)"},{"description":"Left Blank","count":46,"tested":1823,"color":"rgb(44,160,44)"},{"description":"Other","count":16,"tested":298,"color":"rgb(148,103,189)"},{"description":"White","count":74,"tested":1605,"color":"rgb(31,119,180)"}],"gender":[{"description":"Female","count":110,"tested":2612,"color":"rgb(255,127,14)"},{"description":"Male","count":106,"tested":2032,"color":"rgb(31,119,180)"}]}
