{"age":[{"age_group":"<20","count":581,"tested":4051},{"age_group":"20-29   ","count":728,"tested":5649},{"age_group":"30-39   ","count":665,"tested":4834},{"age_group":"40-49   ","count":648,"tested":4242},{"age_group":"50-59   ","count":516,"tested":3856},{"age_group":"60-69   ","count":316,"tested":3299},{"age_group":"70-79   ","count":138,"tested":2335},{"age_group":"80+","count":81,"tested":2271}],"race":[{"description":"White","count":646,"tested":6601,"color":"rgb(31,119,180)"},{"description":"Other","count":172,"tested":1570,"color":"rgb(148,103,189)"},{"description":"Left Blank","count":981,"tested":12627,"color":"rgb(44,160,44)"},{"description":"Black","count":113,"tested":1226,"color":"rgb(255,127,14)"},{"description":"Asian","count":19,"tested":254,"color":"rgb(140,86,75)"},{"description":"Hispanic","count":1739,"tested":8266,"color":"rgb(214,39,40)"}],"gender":[{"description":"Female","count":1833,"tested":16888,"color":"rgb(255,127,14)"},{"description":"Male","count":1807,"tested":13224,"color":"rgb(31,119,180)"},{"description":"Unknown/Left Blank","count":34,"tested":471,"color":"rgb(44,160,44)"}]}
