{"age":[{"age_group":"<20","count":559,"tested":6579},{"age_group":"20-29   ","count":453,"tested":6199},{"age_group":"30-39   ","count":338,"tested":5418},{"age_group":"40-49   ","count":331,"tested":4610},{"age_group":"50-59   ","count":363,"tested":5045},{"age_group":"60-69   ","count":249,"tested":5036},{"age_group":"70-79   ","count":117,"tested":2740},{"age_group":"80+","count":53,"tested":2422}],"race":[{"description":"Other","count":55,"tested":1132,"color":"rgb(148,103,189)"},{"description":"Asian","count":103,"tested":1074,"color":"rgb(140,86,75)"},{"description":"Black","count":80,"tested":882,"color":"rgb(255,127,14)"},{"description":"Left Blank","count":379,"tested":17937,"color":"rgb(44,160,44)"},{"description":"White","count":1707,"tested":16086,"color":"rgb(31,119,180)"},{"description":"Hispanic","count":136,"tested":911,"color":"rgb(214,39,40)"}],"gender":[{"description":"Female","count":1283,"tested":21411,"color":"rgb(255,127,14)"},{"description":"Male","count":1169,"tested":16360,"color":"rgb(31,119,180)"},{"description":"Unknown/Left Blank","count":11,"tested":285,"color":"rgb(44,160,44)"}]}
