{"age":[{"age_group":"<20","count":69,"tested":690},{"age_group":"20-29   ","count":63,"tested":644},{"age_group":"30-39   ","count":67,"tested":507},{"age_group":"40-49   ","count":74,"tested":558},{"age_group":"50-59   ","count":66,"tested":738},{"age_group":"60-69   ","count":45,"tested":490},{"age_group":"70-79   ","count":22,"tested":294},{"age_group":"80+","count":9,"tested":161}],"race":[{"description":"Other","count":12,"tested":138,"color":"rgb(148,103,189)"},{"description":"Hispanic","count":22,"tested":126,"color":"rgb(214,39,40)"},{"description":"Left Blank","count":69,"tested":1124,"color":"rgb(44,160,44)"},{"description":"White","count":309,"tested":2665,"color":"rgb(31,119,180)"}],"gender":[{"description":"Female","count":212,"tested":2240,"color":"rgb(255,127,14)"},{"description":"Male","count":203,"tested":1754,"color":"rgb(31,119,180)"}]}
