{"age":[{"age_group":"<20","count":666,"tested":6222},{"age_group":"20-29   ","count":601,"tested":5838},{"age_group":"30-39   ","count":572,"tested":6109},{"age_group":"40-49   ","count":620,"tested":5651},{"age_group":"50-59   ","count":656,"tested":6378},{"age_group":"60-69   ","count":337,"tested":4565},{"age_group":"70-79   ","count":132,"tested":2313},{"age_group":"80+","count":52,"tested":1637}],"race":[{"description":"Other","count":55,"tested":888,"color":"rgb(148,103,189)"},{"description":"Black","count":42,"tested":413,"color":"rgb(255,127,14)"},{"description":"White","count":2182,"tested":20089,"color":"rgb(31,119,180)"},{"description":"Asian","count":29,"tested":317,"color":"rgb(140,86,75)"},{"description":"Left Blank","count":1195,"tested":15958,"color":"rgb(44,160,44)"},{"description":"Hispanic","count":128,"tested":1010,"color":"rgb(214,39,40)"}],"gender":[{"description":"Unknown/Left Blank","count":32,"tested":539,"color":"rgb(44,160,44)"},{"description":"Male","count":1796,"tested":17471,"color":"rgb(31,119,180)"},{"description":"Female","count":1808,"tested":20710,"color":"rgb(255,127,14)"}]}
