{"age":[{"age_group":"<20","count":55,"tested":451},{"age_group":"20-29   ","count":28,"tested":251},{"age_group":"30-39   ","count":38,"tested":326},{"age_group":"40-49   ","count":47,"tested":390},{"age_group":"50-59   ","count":36,"tested":399},{"age_group":"60-69   ","count":36,"tested":439},{"age_group":"70-79   ","count":23,"tested":262},{"age_group":"80+","count":7,"tested":125}],"race":[{"description":"White","count":199,"tested":1765,"color":"rgb(31,119,180)"},{"description":"Left Blank","count":63,"tested":801,"color":"rgb(44,160,44)"}],"gender":[{"description":"Female","count":147,"tested":1462,"color":"rgb(255,127,14)"},{"description":"Male","count":123,"tested":1102,"color":"rgb(31,119,180)"}]}
