{"age":[{"age_group":"<20","count":383,"tested":4616},{"age_group":"20-29   ","count":609,"tested":9326},{"age_group":"30-39   ","count":641,"tested":10899},{"age_group":"40-49   ","count":527,"tested":10549},{"age_group":"50-59   ","count":529,"tested":11503},{"age_group":"60-69   ","count":443,"tested":10330},{"age_group":"70-79   ","count":250,"tested":4880},{"age_group":"80+","count":186,"tested":3179}],"race":[{"description":"Other","count":60,"tested":812,"color":"rgb(148,103,189)"},{"description":"Black","count":2538,"tested":32010,"color":"rgb(255,127,14)"},{"description":"White","count":49,"tested":1249,"color":"rgb(31,119,180)"},{"description":"Asian","count":10,"tested":212,"color":"rgb(140,86,75)"},{"description":"Left Blank","count":817,"tested":30080,"color":"rgb(44,160,44)"},{"description":"Hispanic","count":85,"tested":800,"color":"rgb(214,39,40)"}],"gender":[{"description":"Male","count":1483,"tested":25748,"color":"rgb(31,119,180)"},{"description":"Female","count":2038,"tested":36817,"color":"rgb(255,127,14)"},{"description":"Unknown/Left Blank","count":47,"tested":2738,"color":"rgb(44,160,44)"}]}
