{"age":[{"age_group":"<20","count":778,"tested":9994},{"age_group":"20-29   ","count":898,"tested":9988},{"age_group":"30-39   ","count":825,"tested":9827},{"age_group":"40-49   ","count":860,"tested":9103},{"age_group":"50-59   ","count":783,"tested":9803},{"age_group":"60-69   ","count":540,"tested":7710},{"age_group":"70-79   ","count":238,"tested":4212},{"age_group":"80+","count":148,"tested":2859}],"race":[{"description":"AI/AN**","count":9,"tested":135,"color":"rgb(31,119,180)"},{"description":"NH/PI*","count":11,"tested":103,"color":"rgb(127,127,127)"},{"description":"Black","count":111,"tested":1303,"color":"rgb(255,127,14)"},{"description":"Asian","count":391,"tested":5319,"color":"rgb(140,86,75)"},{"description":"Hispanic","count":919,"tested":4814,"color":"rgb(214,39,40)"},{"description":"White","count":2275,"tested":27272,"color":"rgb(31,119,180)"},{"description":"Left Blank","count":1054,"tested":22079,"color":"rgb(44,160,44)"},{"description":"Other","count":302,"tested":2482,"color":"rgb(148,103,189)"}],"gender":[{"description":"Female","count":2531,"tested":35171,"color":"rgb(255,127,14)"},{"description":"Unknown/Left Blank","count":36,"tested":686,"color":"rgb(44,160,44)"},{"description":"Male","count":2505,"tested":27650,"color":"rgb(31,119,180)"}]}
