{"age":[{"age_group":"<20","count":199,"tested":2167},{"age_group":"20-29   ","count":291,"tested":2988},{"age_group":"30-39   ","count":211,"tested":2699},{"age_group":"40-49   ","count":203,"tested":2122},{"age_group":"50-59   ","count":265,"tested":2927},{"age_group":"60-69   ","count":161,"tested":2258},{"age_group":"70-79   ","count":84,"tested":1188},{"age_group":"80+","count":32,"tested":616}],"race":[{"description":"Left Blank","count":415,"tested":6563,"color":"rgb(44,160,44)"},{"description":"White","count":695,"tested":7883,"color":"rgb(31,119,180)"},{"description":"Hispanic","count":218,"tested":1302,"color":"rgb(214,39,40)"},{"description":"Other","count":29,"tested":329,"color":"rgb(148,103,189)"},{"description":"Asian","count":38,"tested":444,"color":"rgb(140,86,75)"},{"description":"Black","count":49,"tested":429,"color":"rgb(255,127,14)"}],"gender":[{"description":"Male","count":702,"tested":7253,"color":"rgb(31,119,180)"},{"description":"Female","count":737,"tested":9555,"color":"rgb(255,127,14)"}]}
