{"age":[{"age_group":"<20","count":348,"tested":12502},{"age_group":"20-29   ","count":264,"tested":6942},{"age_group":"30-39   ","count":233,"tested":7090},{"age_group":"40-49   ","count":273,"tested":7305},{"age_group":"50-59   ","count":270,"tested":8758},{"age_group":"60-69   ","count":186,"tested":8098},{"age_group":"70-79   ","count":136,"tested":5981},{"age_group":"80+","count":132,"tested":5235}],"race":[{"description":"Asian","count":28,"tested":979,"color":"rgb(140,86,75)"},{"description":"Left Blank","count":444,"tested":26475,"color":"rgb(44,160,44)"},{"description":"White","count":904,"tested":27567,"color":"rgb(31,119,180)"},{"description":"Other","count":201,"tested":4069,"color":"rgb(148,103,189)"},{"description":"Hispanic","count":213,"tested":2199,"color":"rgb(214,39,40)"},{"description":"Black","count":47,"tested":578,"color":"rgb(255,127,14)"}],"gender":[{"description":"Female","count":895,"tested":34132,"color":"rgb(255,127,14)"},{"description":"Male","count":924,"tested":27305,"color":"rgb(31,119,180)"},{"description":"Unknown/Left Blank","count":23,"tested":485,"color":"rgb(44,160,44)"}]}
