{"age":[{"age_group":"<20","count":466,"tested":3900},{"age_group":"20-29   ","count":533,"tested":6261},{"age_group":"30-39   ","count":446,"tested":5394},{"age_group":"40-49   ","count":491,"tested":5325},{"age_group":"50-59   ","count":406,"tested":5940},{"age_group":"60-69   ","count":254,"tested":4485},{"age_group":"70-79   ","count":154,"tested":2219},{"age_group":"80+","count":93,"tested":1022}],"race":[{"description":"Hispanic","count":580,"tested":2781,"color":"rgb(214,39,40)"},{"description":"AI/AN**","count":13,"tested":61,"color":"rgb(31,119,180)"},{"description":"Left Blank","count":981,"tested":12385,"color":"rgb(44,160,44)"},{"description":"Other","count":92,"tested":687,"color":"rgb(148,103,189)"},{"description":"Black","count":1097,"tested":17001,"color":"rgb(255,127,14)"},{"description":"Asian","count":23,"tested":241,"color":"rgb(140,86,75)"},{"description":"White","count":57,"tested":1387,"color":"rgb(31,119,180)"}],"gender":[{"description":"Female","count":1488,"tested":19855,"color":"rgb(255,127,14)"},{"description":"Male","count":1339,"tested":14071,"color":"rgb(31,119,180)"},{"description":"Unknown/Left Blank","count":16,"tested":640,"color":"rgb(44,160,44)"}]}
