{"age":[{"age_group":"<20","count":255,"tested":1973},{"age_group":"20-29   ","count":302,"tested":3713},{"age_group":"30-39   ","count":308,"tested":3290},{"age_group":"40-49   ","count":248,"tested":2834},{"age_group":"50-59   ","count":308,"tested":3414},{"age_group":"60-69   ","count":234,"tested":3366},{"age_group":"70-79   ","count":147,"tested":1995},{"age_group":"80+","count":84,"tested":1101}],"race":[{"description":"Hispanic","count":141,"tested":866,"color":"rgb(214,39,40)"},{"description":"Asian","count":35,"tested":282,"color":"rgb(140,86,75)"},{"description":"Black","count":64,"tested":615,"color":"rgb(255,127,14)"},{"description":"White","count":777,"tested":6132,"color":"rgb(31,119,180)"},{"description":"Left Blank","count":758,"tested":13034,"color":"rgb(44,160,44)"},{"description":"Other","count":106,"tested":748,"color":"rgb(148,103,189)"}],"gender":[{"description":"Unknown/Left Blank","count":23,"tested":323,"color":"rgb(44,160,44)"},{"description":"Male","count":881,"tested":8319,"color":"rgb(31,119,180)"},{"description":"Female","count":982,"tested":13055,"color":"rgb(255,127,14)"}]}
