{"age":[{"age_group":"<20","count":327,"tested":3182},{"age_group":"20-29   ","count":255,"tested":2617},{"age_group":"30-39   ","count":305,"tested":2756},{"age_group":"40-49   ","count":331,"tested":3034},{"age_group":"50-59   ","count":217,"tested":2295},{"age_group":"60-69   ","count":131,"tested":1682},{"age_group":"70-79   ","count":56,"tested":1170},{"age_group":"80+","count":17,"tested":1030}],"race":[{"description":"Other","count":63,"tested":631,"color":"rgb(148,103,189)"},{"description":"Asian","count":8,"tested":90,"color":"rgb(140,86,75)"},{"description":"Black","count":28,"tested":317,"color":"rgb(255,127,14)"},{"description":"Left Blank","count":469,"tested":5801,"color":"rgb(44,160,44)"},{"description":"White","count":885,"tested":9754,"color":"rgb(31,119,180)"},{"description":"Hispanic","count":186,"tested":1158,"color":"rgb(214,39,40)"}],"gender":[{"description":"Female","count":850,"tested":9894,"color":"rgb(255,127,14)"},{"description":"Male","count":779,"tested":7225,"color":"rgb(31,119,180)"},{"description":"Unknown/Left Blank","count":11,"tested":648,"color":"rgb(44,160,44)"}]}
