{"age":[{"age_group":"<20","count":262,"tested":1620},{"age_group":"20-29   ","count":366,"tested":3163},{"age_group":"30-39   ","count":354,"tested":3188},{"age_group":"40-49   ","count":317,"tested":3033},{"age_group":"50-59   ","count":247,"tested":3079},{"age_group":"60-69   ","count":156,"tested":2300},{"age_group":"70-79   ","count":77,"tested":1110},{"age_group":"80+","count":38,"tested":437}],"race":[{"description":"AI/AN**","count":17,"tested":56,"color":"rgb(31,119,180)"},{"description":"Other","count":59,"tested":914,"color":"rgb(148,103,189)"},{"description":"Black","count":234,"tested":2371,"color":"rgb(255,127,14)"},{"description":"Left Blank","count":601,"tested":8561,"color":"rgb(44,160,44)"},{"description":"White","count":373,"tested":3996,"color":"rgb(31,119,180)"},{"description":"Hispanic","count":528,"tested":1939,"color":"rgb(214,39,40)"}],"gender":[{"description":"Unknown/Left Blank","count":18,"tested":1580,"color":"rgb(44,160,44)"},{"description":"Male","count":876,"tested":6792,"color":"rgb(31,119,180)"},{"description":"Female","count":923,"tested":9562,"color":"rgb(255,127,14)"}]}
