{"age":[{"age_group":"<20","count":226,"tested":2017},{"age_group":"20-29   ","count":258,"tested":2581},{"age_group":"30-39   ","count":211,"tested":2391},{"age_group":"40-49   ","count":232,"tested":2081},{"age_group":"50-59   ","count":263,"tested":2585},{"age_group":"60-69   ","count":188,"tested":2739},{"age_group":"70-79   ","count":87,"tested":1777},{"age_group":"80+","count":51,"tested":988}],"race":[{"description":"Black","count":34,"tested":311,"color":"rgb(255,127,14)"},{"description":"Hispanic","count":103,"tested":502,"color":"rgb(214,39,40)"},{"description":"White","count":718,"tested":6119,"color":"rgb(31,119,180)"},{"description":"Asian","count":75,"tested":861,"color":"rgb(140,86,75)"},{"description":"Other","count":66,"tested":682,"color":"rgb(148,103,189)"},{"description":"Left Blank","count":518,"tested":8652,"color":"rgb(44,160,44)"}],"gender":[{"description":"Female","count":755,"tested":9517,"color":"rgb(255,127,14)"},{"description":"Male","count":745,"tested":7544,"color":"rgb(31,119,180)"},{"description":"Unknown/Left Blank","count":16,"tested":102,"color":"rgb(44,160,44)"}]}
