{"age":[{"age_group":"<20","count":248,"tested":3830},{"age_group":"20-29   ","count":746,"tested":17545},{"age_group":"30-39   ","count":821,"tested":20979},{"age_group":"40-49   ","count":550,"tested":11560},{"age_group":"50-59   ","count":526,"tested":12504},{"age_group":"60-69   ","count":399,"tested":9366},{"age_group":"70-79   ","count":259,"tested":4771},{"age_group":"80+","count":244,"tested":5210}],"race":[{"description":"Asian","count":259,"tested":3386,"color":"rgb(140,86,75)"},{"description":"Hispanic","count":507,"tested":3686,"color":"rgb(214,39,40)"},{"description":"Black","count":490,"tested":6797,"color":"rgb(255,127,14)"},{"description":"White","count":1212,"tested":24419,"color":"rgb(31,119,180)"},{"description":"Left Blank","count":1133,"tested":44531,"color":"rgb(44,160,44)"},{"description":"Other","count":179,"tested":2915,"color":"rgb(148,103,189)"},{"description":"AI/AN**","count":8,"tested":53,"color":"rgb(31,119,180)"}],"gender":[{"description":"Female","count":1742,"tested":41868,"color":"rgb(255,127,14)"},{"description":"Male","count":1917,"tested":39708,"color":"rgb(31,119,180)"},{"description":"Unknown/Left Blank","count":134,"tested":4298,"color":"rgb(44,160,44)"}]}
