{"age":[{"age_group":"<20","count":7,"tested":60},{"age_group":"20-29   ","count":8,"tested":53},{"age_group":"30-39   ","count":14,"tested":53},{"age_group":"40-49   ","count":8,"tested":36},{"age_group":"50-59   ","count":13,"tested":90},{"age_group":"60-69   ","count":7,"tested":60}],"race":[{"description":"White","count":48,"tested":258,"color":"rgb(31,119,180)"},{"description":"Left Blank","count":13,"tested":126,"color":"rgb(44,160,44)"}],"gender":[{"description":"Female","count":33,"tested":210,"color":"rgb(255,127,14)"},{"description":"Male","count":29,"tested":177,"color":"rgb(31,119,180)"}]}
