{"age":[{"age_group":"<20","count":13,"tested":207},{"age_group":"20-29   ","count":16,"tested":248},{"age_group":"30-39   ","count":13,"tested":329},{"age_group":"40-49   ","count":23,"tested":250},{"age_group":"50-59   ","count":21,"tested":211},{"age_group":"60-69   ","count":18,"tested":200}],"race":[{"description":"Left Blank","count":23,"tested":641,"color":"rgb(44,160,44)"},{"description":"White","count":84,"tested":903,"color":"rgb(31,119,180)"}],"gender":[{"description":"Female","count":61,"tested":1038,"color":"rgb(255,127,14)"},{"description":"Male","count":52,"tested":495,"color":"rgb(31,119,180)"}]}
