{"age":[{"age_group":"<20","count":84,"tested":780},{"age_group":"20-29   ","count":121,"tested":1055},{"age_group":"30-39   ","count":104,"tested":903},{"age_group":"40-49   ","count":87,"tested":952},{"age_group":"50-59   ","count":97,"tested":1193},{"age_group":"60-69   ","count":83,"tested":943},{"age_group":"70-79   ","count":31,"tested":386},{"age_group":"80+","count":12,"tested":209}],"race":[{"description":"Black","count":8,"tested":78,"color":"rgb(255,127,14)"},{"description":"Hispanic","count":103,"tested":638,"color":"rgb(214,39,40)"},{"description":"Left Blank","count":227,"tested":2374,"color":"rgb(44,160,44)"},{"description":"Other","count":28,"tested":212,"color":"rgb(148,103,189)"},{"description":"White","count":250,"tested":3079,"color":"rgb(31,119,180)"}],"gender":[{"description":"Male","count":286,"tested":2585,"color":"rgb(31,119,180)"},{"description":"Female","count":326,"tested":3782,"color":"rgb(255,127,14)"}]}
