{"age":[{"age_group":"<20","count":335,"tested":2320},{"age_group":"20-29   ","count":435,"tested":3473},{"age_group":"30-39   ","count":272,"tested":2573},{"age_group":"40-49   ","count":376,"tested":3067},{"age_group":"50-59   ","count":407,"tested":3388},{"age_group":"60-69   ","count":276,"tested":2461},{"age_group":"70-79   ","count":114,"tested":1138},{"age_group":"80+","count":43,"tested":466}],"race":[{"description":"Asian","count":46,"tested":523,"color":"rgb(140,86,75)"},{"description":"Other","count":90,"tested":662,"color":"rgb(148,103,189)"},{"description":"Left Blank","count":980,"tested":9365,"color":"rgb(44,160,44)"},{"description":"White","count":971,"tested":7121,"color":"rgb(31,119,180)"},{"description":"Black","count":54,"tested":597,"color":"rgb(255,127,14)"},{"description":"Hispanic","count":115,"tested":583,"color":"rgb(214,39,40)"}],"gender":[{"description":"Unknown/Left Blank","count":26,"tested":208,"color":"rgb(44,160,44)"},{"description":"Male","count":1049,"tested":8109,"color":"rgb(31,119,180)"},{"description":"Female","count":1183,"tested":10570,"color":"rgb(255,127,14)"}]}
