{"age":[{"age_group":"<20","count":192,"tested":1592},{"age_group":"20-29   ","count":283,"tested":2900},{"age_group":"30-39   ","count":257,"tested":2549},{"age_group":"40-49   ","count":322,"tested":3321},{"age_group":"50-59   ","count":273,"tested":3519},{"age_group":"60-69   ","count":177,"tested":2826},{"age_group":"70-79   ","count":99,"tested":1614},{"age_group":"80+","count":76,"tested":974}],"race":[{"description":"Black","count":848,"tested":8431,"color":"rgb(255,127,14)"},{"description":"Asian","count":10,"tested":100,"color":"rgb(140,86,75)"},{"description":"Hispanic","count":77,"tested":387,"color":"rgb(214,39,40)"},{"description":"White","count":129,"tested":1629,"color":"rgb(31,119,180)"},{"description":"Other","count":29,"tested":378,"color":"rgb(148,103,189)"},{"description":"Left Blank","count":582,"tested":8310,"color":"rgb(44,160,44)"}],"gender":[{"description":"Female","count":928,"tested":11404,"color":"rgb(255,127,14)"},{"description":"Male","count":717,"tested":7208,"color":"rgb(31,119,180)"},{"description":"Unknown/Left Blank","count":34,"tested":683,"color":"rgb(44,160,44)"}]}
