{"age":[{"age_group":"<20","count":28,"tested":212},{"age_group":"20-29   ","count":21,"tested":168},{"age_group":"30-39   ","count":29,"tested":141},{"age_group":"40-49   ","count":14,"tested":167},{"age_group":"50-59   ","count":26,"tested":168},{"age_group":"60-69   ","count":19,"tested":169},{"age_group":"70-79   ","count":11,"tested":117}],"race":[{"description":"Left Blank","count":34,"tested":293,"color":"rgb(44,160,44)"},{"description":"White","count":107,"tested":789,"color":"rgb(31,119,180)"}],"gender":[{"description":"Female","count":85,"tested":665,"color":"rgb(255,127,14)"},{"description":"Male","count":64,"tested":499,"color":"rgb(31,119,180)"}]}
