{"age":[{"age_group":"<20","count":873,"tested":8641},{"age_group":"20-29   ","count":1836,"tested":33900},{"age_group":"30-39   ","count":1690,"tested":35023},{"age_group":"40-49   ","count":1057,"tested":13192},{"age_group":"50-59   ","count":909,"tested":9011},{"age_group":"60-69   ","count":610,"tested":5866},{"age_group":"70-79   ","count":310,"tested":3235},{"age_group":"80+","count":175,"tested":1598}],"race":[{"description":"Hispanic","count":3436,"tested":19172,"color":"rgb(214,39,40)"},{"description":"Left Blank","count":1921,"tested":46046,"color":"rgb(44,160,44)"},{"description":"White","count":1503,"tested":34812,"color":"rgb(31,119,180)"},{"description":"Asian","count":95,"tested":2249,"color":"rgb(140,86,75)"},{"description":"Black","count":214,"tested":3160,"color":"rgb(255,127,14)"},{"description":"Other","count":280,"tested":4849,"color":"rgb(148,103,189)"},{"description":"AI/AN**","count":7,"tested":110,"color":"rgb(31,119,180)"}],"gender":[{"description":"Unknown/Left Blank","count":154,"tested":2862,"color":"rgb(44,160,44)"},{"description":"Male","count":3578,"tested":47712,"color":"rgb(31,119,180)"},{"description":"Female","count":3728,"tested":59913,"color":"rgb(255,127,14)"}]}
