{"age":[{"age_group":"<20","count":465,"tested":5718},{"age_group":"20-29   ","count":401,"tested":6063},{"age_group":"30-39   ","count":313,"tested":4335},{"age_group":"40-49   ","count":348,"tested":4261},{"age_group":"50-59   ","count":379,"tested":5209},{"age_group":"60-69   ","count":207,"tested":4536},{"age_group":"70-79   ","count":122,"tested":2607},{"age_group":"80+","count":73,"tested":1737}],"race":[{"description":"Left Blank","count":575,"tested":14839,"color":"rgb(44,160,44)"},{"description":"White","count":1276,"tested":14904,"color":"rgb(31,119,180)"},{"description":"Hispanic","count":160,"tested":1021,"color":"rgb(214,39,40)"},{"description":"Black","count":91,"tested":841,"color":"rgb(255,127,14)"},{"description":"Asian","count":121,"tested":1723,"color":"rgb(140,86,75)"},{"description":"Other","count":76,"tested":1119,"color":"rgb(148,103,189)"}],"gender":[{"description":"Male","count":1102,"tested":15495,"color":"rgb(31,119,180)"},{"description":"Unknown/Left Blank","count":12,"tested":262,"color":"rgb(44,160,44)"},{"description":"Female","count":1194,"tested":18726,"color":"rgb(255,127,14)"}]}
