{"age":[{"age_group":"<20","count":69,"tested":585},{"age_group":"20-29   ","count":112,"tested":971},{"age_group":"30-39   ","count":77,"tested":825},{"age_group":"40-49   ","count":100,"tested":1128},{"age_group":"50-59   ","count":104,"tested":1223},{"age_group":"60-69   ","count":113,"tested":1024},{"age_group":"70-79   ","count":41,"tested":558},{"age_group":"80+","count":22,"tested":298}],"race":[{"description":"Other","count":20,"tested":209,"color":"rgb(148,103,189)"},{"description":"Black","count":87,"tested":844,"color":"rgb(255,127,14)"},{"description":"White","count":288,"tested":2789,"color":"rgb(31,119,180)"},{"description":"Left Blank","count":185,"tested":2376,"color":"rgb(44,160,44)"},{"description":"Hispanic","count":51,"tested":269,"color":"rgb(214,39,40)"}],"gender":[{"description":"Female","count":324,"tested":3859,"color":"rgb(255,127,14)"},{"description":"Male","count":311,"tested":2679,"color":"rgb(31,119,180)"}]}
