{"age":[{"age_group":"30-39   ","count":6,"tested":388},{"age_group":"50-59   ","count":15,"tested":386},{"age_group":"60-69   ","count":13,"tested":493},{"age_group":"70-79   ","count":12,"tested":631},{"age_group":"80+","count":7,"tested":128}],"race":[{"description":"Left Blank","count":16,"tested":203,"color":"rgb(44,160,44)"},{"description":"White","count":15,"tested":246,"color":"rgb(31,119,180)"},{"description":"Black","count":21,"tested":554,"color":"rgb(255,127,14)"}],"gender":[{"description":"Male","count":36,"tested":1897,"color":"rgb(31,119,180)"},{"description":"Female","count":27,"tested":674,"color":"rgb(255,127,14)"}]}
