{"age":[{"age_group":"<20","count":125,"tested":861},{"age_group":"20-29   ","count":101,"tested":843},{"age_group":"30-39   ","count":142,"tested":1145},{"age_group":"40-49   ","count":122,"tested":1205},{"age_group":"50-59   ","count":102,"tested":1126},{"age_group":"60-69   ","count":56,"tested":468},{"age_group":"70-79   ","count":21,"tested":278}],"race":[{"description":"Other","count":22,"tested":108,"color":"rgb(148,103,189)"},{"description":"Left Blank","count":202,"tested":2639,"color":"rgb(44,160,44)"},{"description":"White","count":293,"tested":2134,"color":"rgb(31,119,180)"},{"description":"Asian","count":51,"tested":505,"color":"rgb(140,86,75)"},{"description":"Hispanic","count":95,"tested":454,"color":"rgb(214,39,40)"},{"description":"Black","count":13,"tested":130,"color":"rgb(255,127,14)"}],"gender":[{"description":"Female","count":350,"tested":3316,"color":"rgb(255,127,14)"},{"description":"Male","count":321,"tested":2609,"color":"rgb(31,119,180)"}]}
