{"age":[{"age_group":"<20","count":34,"tested":381},{"age_group":"20-29   ","count":33,"tested":343},{"age_group":"30-39   ","count":32,"tested":288},{"age_group":"40-49   ","count":27,"tested":211},{"age_group":"50-59   ","count":27,"tested":425},{"age_group":"60-69   ","count":18,"tested":205},{"age_group":"80+","count":10,"tested":66}],"race":[{"description":"Left Blank","count":40,"tested":535,"color":"rgb(44,160,44)"},{"description":"White","count":137,"tested":1418,"color":"rgb(31,119,180)"},{"description":"Hispanic","count":6,"tested":17,"color":"rgb(214,39,40)"}],"gender":[{"description":"Female","count":86,"tested":1351,"color":"rgb(255,127,14)"},{"description":"Male","count":100,"tested":625,"color":"rgb(31,119,180)"}]}
