{"age":[{"age_group":"<20","count":270,"tested":2925},{"age_group":"20-29   ","count":355,"tested":2924},{"age_group":"30-39   ","count":321,"tested":2839},{"age_group":"40-49   ","count":300,"tested":2506},{"age_group":"50-59   ","count":315,"tested":2421},{"age_group":"60-69   ","count":267,"tested":2231},{"age_group":"70-79   ","count":130,"tested":1138},{"age_group":"80+","count":183,"tested":1384}],"race":[{"description":"Asian","count":9,"tested":57,"color":"rgb(140,86,75)"},{"description":"Black","count":77,"tested":825,"color":"rgb(255,127,14)"},{"description":"Other","count":178,"tested":796,"color":"rgb(148,103,189)"},{"description":"Hispanic","count":188,"tested":1019,"color":"rgb(214,39,40)"},{"description":"Left Blank","count":419,"tested":7265,"color":"rgb(44,160,44)"},{"description":"White","count":1269,"tested":8399,"color":"rgb(31,119,180)"}],"gender":[{"description":"Female","count":1193,"tested":10828,"color":"rgb(255,127,14)"},{"description":"Male","count":897,"tested":6217,"color":"rgb(31,119,180)"},{"description":"Unknown/Left Blank","count":51,"tested":1325,"color":"rgb(44,160,44)"}]}
