{"age":[{"age_group":"<20","count":350,"tested":3785},{"age_group":"20-29   ","count":296,"tested":3514},{"age_group":"30-39   ","count":262,"tested":3399},{"age_group":"40-49   ","count":241,"tested":2765},{"age_group":"50-59   ","count":339,"tested":3722},{"age_group":"60-69   ","count":190,"tested":2964},{"age_group":"70-79   ","count":70,"tested":1832},{"age_group":"80+","count":80,"tested":2286}],"race":[{"description":"Asian","count":51,"tested":382,"color":"rgb(140,86,75)"},{"description":"White","count":1084,"tested":12707,"color":"rgb(31,119,180)"},{"description":"Left Blank","count":442,"tested":9092,"color":"rgb(44,160,44)"},{"description":"Hispanic","count":162,"tested":1078,"color":"rgb(214,39,40)"},{"description":"Other","count":51,"tested":522,"color":"rgb(148,103,189)"},{"description":"Black","count":35,"tested":470,"color":"rgb(255,127,14)"}],"gender":[{"description":"Male","count":858,"tested":10293,"color":"rgb(31,119,180)"},{"description":"Unknown/Left Blank","count":9,"tested":306,"color":"rgb(44,160,44)"},{"description":"Female","count":962,"tested":13681,"color":"rgb(255,127,14)"}]}
