{"age":[{"age_group":"<20","count":36,"tested":343},{"age_group":"20-29   ","count":43,"tested":297},{"age_group":"30-39   ","count":29,"tested":221},{"age_group":"40-49   ","count":38,"tested":315},{"age_group":"50-59   ","count":46,"tested":453},{"age_group":"60-69   ","count":44,"tested":406},{"age_group":"70-79   ","count":15,"tested":226},{"age_group":"80+","count":8,"tested":87}],"race":[{"description":"Hispanic","count":17,"tested":67,"color":"rgb(214,39,40)"},{"description":"White","count":170,"tested":1117,"color":"rgb(31,119,180)"},{"description":"Left Blank","count":59,"tested":1017,"color":"rgb(44,160,44)"},{"description":"Black","count":6,"tested":64,"color":"rgb(255,127,14)"}],"gender":[{"description":"Female","count":134,"tested":1230,"color":"rgb(255,127,14)"},{"description":"Male","count":124,"tested":1105,"color":"rgb(31,119,180)"}]}
