{"age":[{"age_group":"<20","count":71,"tested":783},{"age_group":"20-29   ","count":212,"tested":3231},{"age_group":"30-39   ","count":198,"tested":3792},{"age_group":"40-49   ","count":154,"tested":3001},{"age_group":"50-59   ","count":135,"tested":3435},{"age_group":"60-69   ","count":134,"tested":2983},{"age_group":"70-79   ","count":72,"tested":2427},{"age_group":"80+","count":52,"tested":1705}],"race":[{"description":"Left Blank","count":283,"tested":8363,"color":"rgb(44,160,44)"},{"description":"White","count":290,"tested":5315,"color":"rgb(31,119,180)"},{"description":"Hispanic","count":96,"tested":1272,"color":"rgb(214,39,40)"},{"description":"Other","count":47,"tested":730,"color":"rgb(148,103,189)"},{"description":"Black","count":291,"tested":5234,"color":"rgb(255,127,14)"},{"description":"Asian","count":20,"tested":432,"color":"rgb(140,86,75)"}],"gender":[{"description":"Unknown/Left Blank","count":13,"tested":991,"color":"rgb(44,160,44)"},{"description":"Female","count":545,"tested":11643,"color":"rgb(255,127,14)"},{"description":"Male","count":470,"tested":8733,"color":"rgb(31,119,180)"}]}
