{"age":[{"age_group":"<20","count":105,"tested":521},{"age_group":"20-29   ","count":144,"tested":797},{"age_group":"30-39   ","count":111,"tested":645},{"age_group":"40-49   ","count":122,"tested":465},{"age_group":"50-59   ","count":79,"tested":490},{"age_group":"60-69   ","count":57,"tested":309},{"age_group":"70-79   ","count":25,"tested":125},{"age_group":"80+","count":8,"tested":54}],"race":[{"description":"Black","count":16,"tested":81,"color":"rgb(255,127,14)"},{"description":"Other","count":41,"tested":236,"color":"rgb(148,103,189)"},{"description":"Hispanic","count":313,"tested":1158,"color":"rgb(214,39,40)"},{"description":"Left Blank","count":198,"tested":1388,"color":"rgb(44,160,44)"},{"description":"White","count":76,"tested":513,"color":"rgb(31,119,180)"}],"gender":[{"description":"Female","count":324,"tested":1802,"color":"rgb(255,127,14)"},{"description":"Male","count":322,"tested":1564,"color":"rgb(31,119,180)"}]}
