{"age":[{"age_group":"<20","count":14,"tested":264},{"age_group":"20-29   ","count":33,"tested":202},{"age_group":"30-39   ","count":16,"tested":277},{"age_group":"40-49   ","count":24,"tested":272},{"age_group":"50-59   ","count":27,"tested":363},{"age_group":"60-69   ","count":14,"tested":155}],"race":[{"description":"Other","count":7,"tested":25,"color":"rgb(148,103,189)"},{"description":"White","count":112,"tested":1066,"color":"rgb(31,119,180)"},{"description":"Left Blank","count":22,"tested":473,"color":"rgb(44,160,44)"}],"gender":[{"description":"Female","count":82,"tested":1030,"color":"rgb(255,127,14)"},{"description":"Male","count":60,"tested":529,"color":"rgb(31,119,180)"}]}
