{"age":[{"age_group":"<20","count":531,"tested":4143},{"age_group":"20-29   ","count":941,"tested":9868},{"age_group":"30-39   ","count":870,"tested":9544},{"age_group":"40-49   ","count":727,"tested":8318},{"age_group":"50-59   ","count":842,"tested":10439},{"age_group":"60-69   ","count":704,"tested":9433},{"age_group":"70-79   ","count":327,"tested":4197},{"age_group":"80+","count":255,"tested":3817}],"race":[{"description":"Hispanic","count":781,"tested":4335,"color":"rgb(214,39,40)"},{"description":"AI/AN**","count":17,"tested":145,"color":"rgb(31,119,180)"},{"description":"Left Blank","count":1379,"tested":28832,"color":"rgb(44,160,44)"},{"description":"NH/PI*","count":17,"tested":192,"color":"rgb(127,127,127)"},{"description":"Black","count":137,"tested":1489,"color":"rgb(255,127,14)"},{"description":"Asian","count":708,"tested":6467,"color":"rgb(140,86,75)"},{"description":"White","count":1671,"tested":15579,"color":"rgb(31,119,180)"},{"description":"Other","count":487,"tested":2739,"color":"rgb(148,103,189)"}],"gender":[{"description":"Unknown/Left Blank","count":40,"tested":1029,"color":"rgb(44,160,44)"},{"description":"Female","count":2643,"tested":35129,"color":"rgb(255,127,14)"},{"description":"Male","count":2514,"tested":23620,"color":"rgb(31,119,180)"}]}
