{"age":[{"age_group":"<20","count":278,"tested":3080},{"age_group":"20-29   ","count":403,"tested":4558},{"age_group":"30-39   ","count":423,"tested":5267},{"age_group":"40-49   ","count":445,"tested":5690},{"age_group":"50-59   ","count":453,"tested":5639},{"age_group":"60-69   ","count":252,"tested":4089},{"age_group":"70-79   ","count":129,"tested":2468},{"age_group":"80+","count":232,"tested":5028}],"race":[{"description":"Black","count":26,"tested":285,"color":"rgb(255,127,14)"},{"description":"White","count":1452,"tested":13947,"color":"rgb(31,119,180)"},{"description":"Asian","count":52,"tested":674,"color":"rgb(140,86,75)"},{"description":"Hispanic","count":305,"tested":2221,"color":"rgb(214,39,40)"},{"description":"Left Blank","count":634,"tested":17451,"color":"rgb(44,160,44)"},{"description":"Other","count":142,"tested":1182,"color":"rgb(148,103,189)"}],"gender":[{"description":"Male","count":1271,"tested":14683,"color":"rgb(31,119,180)"},{"description":"Unknown/Left Blank","count":30,"tested":995,"color":"rgb(44,160,44)"},{"description":"Female","count":1315,"tested":20145,"color":"rgb(255,127,14)"}]}
