{"age":[{"age_group":"<20","count":13,"tested":113},{"age_group":"20-29   ","count":17,"tested":92},{"age_group":"30-39   ","count":13,"tested":80},{"age_group":"40-49   ","count":17,"tested":117},{"age_group":"50-59   ","count":22,"tested":142},{"age_group":"60-69   ","count":15,"tested":181},{"age_group":"70-79   ","count":10,"tested":72}],"race":[{"description":"White","count":79,"tested":648,"color":"rgb(31,119,180)"},{"description":"Left Blank","count":24,"tested":137,"color":"rgb(44,160,44)"}],"gender":[{"description":"Male","count":49,"tested":372,"color":"rgb(31,119,180)"},{"description":"Female","count":61,"tested":444,"color":"rgb(255,127,14)"}]}
