{"age":[{"age_group":"<20","count":25,"tested":222},{"age_group":"20-29   ","count":16,"tested":108},{"age_group":"30-39   ","count":20,"tested":126},{"age_group":"40-49   ","count":19,"tested":157},{"age_group":"50-59   ","count":28,"tested":238},{"age_group":"60-69   ","count":19,"tested":125},{"age_group":"70-79   ","count":8,"tested":78}],"race":[{"description":"White","count":58,"tested":475,"color":"rgb(31,119,180)"},{"description":"Left Blank","count":77,"tested":609,"color":"rgb(44,160,44)"}],"gender":[{"description":"Female","count":65,"tested":589,"color":"rgb(255,127,14)"},{"description":"Male","count":72,"tested":504,"color":"rgb(31,119,180)"}]}
