{"age":[{"age_group":"<20","count":82,"tested":949},{"age_group":"20-29   ","count":109,"tested":1638},{"age_group":"30-39   ","count":88,"tested":1362},{"age_group":"40-49   ","count":96,"tested":1374},{"age_group":"50-59   ","count":122,"tested":1760},{"age_group":"60-69   ","count":85,"tested":1442},{"age_group":"70-79   ","count":66,"tested":1053},{"age_group":"80+","count":60,"tested":1410}],"race":[{"description":"Black","count":13,"tested":243,"color":"rgb(255,127,14)"},{"description":"Other","count":8,"tested":138,"color":"rgb(148,103,189)"},{"description":"Left Blank","count":247,"tested":7142,"color":"rgb(44,160,44)"},{"description":"White","count":396,"tested":3161,"color":"rgb(31,119,180)"},{"description":"Hispanic","count":42,"tested":267,"color":"rgb(214,39,40)"}],"gender":[{"description":"Female","count":404,"tested":7298,"color":"rgb(255,127,14)"},{"description":"Male","count":299,"tested":3416,"color":"rgb(31,119,180)"}]}
