{"age":[{"age_group":"<20","count":101,"tested":489},{"age_group":"20-29   ","count":117,"tested":750},{"age_group":"30-39   ","count":89,"tested":635},{"age_group":"40-49   ","count":102,"tested":700},{"age_group":"50-59   ","count":111,"tested":812},{"age_group":"60-69   ","count":76,"tested":658},{"age_group":"70-79   ","count":54,"tested":235}],"race":[{"description":"Other","count":44,"tested":77,"color":"rgb(148,103,189)"},{"description":"Left Blank","count":192,"tested":2121,"color":"rgb(44,160,44)"},{"description":"White","count":190,"tested":1825,"color":"rgb(31,119,180)"},{"description":"Asian","count":41,"tested":43,"color":"rgb(140,86,75)"},{"description":"Hispanic","count":112,"tested":314,"color":"rgb(214,39,40)"}],"gender":[{"description":"Female","count":260,"tested":2386,"color":"rgb(255,127,14)"},{"description":"Male","count":214,"tested":1995,"color":"rgb(31,119,180)"}]}
