{"age":[{"age_group":"<20","count":84,"tested":920},{"age_group":"20-29   ","count":81,"tested":1001},{"age_group":"30-39   ","count":78,"tested":843},{"age_group":"40-49   ","count":83,"tested":1119},{"age_group":"50-59   ","count":102,"tested":1461},{"age_group":"60-69   ","count":62,"tested":1143},{"age_group":"70-79   ","count":27,"tested":698},{"age_group":"80+","count":32,"tested":616}],"race":[{"description":"Other","count":11,"tested":163,"color":"rgb(148,103,189)"},{"description":"Hispanic","count":11,"tested":101,"color":"rgb(214,39,40)"},{"description":"White","count":79,"tested":1306,"color":"rgb(31,119,180)"},{"description":"Left Blank","count":224,"tested":3811,"color":"rgb(44,160,44)"},{"description":"Black","count":213,"tested":2349,"color":"rgb(255,127,14)"}],"gender":[{"description":"Male","count":259,"tested":3301,"color":"rgb(31,119,180)"},{"description":"Female","count":270,"tested":4444,"color":"rgb(255,127,14)"}]}
