{"age":[{"age_group":"<20","count":301,"tested":3454},{"age_group":"20-29   ","count":254,"tested":3714},{"age_group":"30-39   ","count":219,"tested":3011},{"age_group":"40-49   ","count":236,"tested":3279},{"age_group":"50-59   ","count":293,"tested":4120},{"age_group":"60-69   ","count":232,"tested":3504},{"age_group":"70-79   ","count":192,"tested":2303},{"age_group":"80+","count":218,"tested":2856}],"race":[{"description":"Other","count":186,"tested":1441,"color":"rgb(148,103,189)"},{"description":"White","count":754,"tested":10578,"color":"rgb(31,119,180)"},{"description":"Black","count":111,"tested":155,"color":"rgb(255,127,14)"},{"description":"Asian","count":133,"tested":543,"color":"rgb(140,86,75)"},{"description":"Left Blank","count":415,"tested":13042,"color":"rgb(44,160,44)"},{"description":"Hispanic","count":153,"tested":457,"color":"rgb(214,39,40)"}],"gender":[{"description":"Female","count":735,"tested":14388,"color":"rgb(255,127,14)"},{"description":"Male","count":625,"tested":11416,"color":"rgb(31,119,180)"},{"description":"Unknown/Left Blank","count":106,"tested":443,"color":"rgb(44,160,44)"}]}
