{"age":[{"age_group":"<20","count":188,"tested":1283},{"age_group":"20-29   ","count":178,"tested":1023},{"age_group":"30-39   ","count":157,"tested":956},{"age_group":"40-49   ","count":165,"tested":884},{"age_group":"50-59   ","count":147,"tested":811},{"age_group":"60-69   ","count":108,"tested":578},{"age_group":"70-79   ","count":72,"tested":272},{"age_group":"80+","count":54,"tested":120}],"race":[{"description":"White","count":504,"tested":3944,"color":"rgb(31,119,180)"},{"description":"Left Blank","count":261,"tested":1558,"color":"rgb(44,160,44)"},{"description":"Other","count":74,"tested":267,"color":"rgb(148,103,189)"},{"description":"Hispanic","count":56,"tested":113,"color":"rgb(214,39,40)"}],"gender":[{"description":"Male","count":400,"tested":2485,"color":"rgb(31,119,180)"},{"description":"Female","count":408,"tested":3407,"color":"rgb(255,127,14)"}]}
