{"age":[{"age_group":"<20","count":425,"tested":2899},{"age_group":"20-29   ","count":447,"tested":3190},{"age_group":"30-39   ","count":461,"tested":3207},{"age_group":"40-49   ","count":466,"tested":3164},{"age_group":"50-59   ","count":308,"tested":2404},{"age_group":"60-69   ","count":197,"tested":1461},{"age_group":"70-79   ","count":139,"tested":776},{"age_group":"80+","count":86,"tested":415}],"race":[{"description":"Hispanic","count":796,"tested":3548,"color":"rgb(214,39,40)"},{"description":"Asian","count":102,"tested":244,"color":"rgb(140,86,75)"},{"description":"White","count":563,"tested":5604,"color":"rgb(31,119,180)"},{"description":"Black","count":189,"tested":1031,"color":"rgb(255,127,14)"},{"description":"Other","count":123,"tested":635,"color":"rgb(148,103,189)"},{"description":"Left Blank","count":608,"tested":6437,"color":"rgb(44,160,44)"}],"gender":[{"description":"Male","count":995,"tested":7425,"color":"rgb(31,119,180)"},{"description":"Female","count":1099,"tested":9979,"color":"rgb(255,127,14)"}]}
