{"age":[{"age_group":"<20","count":359,"tested":3136},{"age_group":"20-29   ","count":378,"tested":2808},{"age_group":"30-39   ","count":367,"tested":2936},{"age_group":"40-49   ","count":356,"tested":2708},{"age_group":"50-59   ","count":320,"tested":2432},{"age_group":"60-69   ","count":242,"tested":1808},{"age_group":"70-79   ","count":169,"tested":1150},{"age_group":"80+","count":125,"tested":1409}],"race":[{"description":"Other","count":124,"tested":379,"color":"rgb(148,103,189)"},{"description":"Left Blank","count":577,"tested":8950,"color":"rgb(44,160,44)"},{"description":"Hispanic","count":330,"tested":1175,"color":"rgb(214,39,40)"},{"description":"White","count":827,"tested":7156,"color":"rgb(31,119,180)"},{"description":"Asian","count":107,"tested":146,"color":"rgb(140,86,75)"},{"description":"Black","count":157,"tested":571,"color":"rgb(255,127,14)"}],"gender":[{"description":"Male","count":828,"tested":7143,"color":"rgb(31,119,180)"},{"description":"Female","count":915,"tested":10562,"color":"rgb(255,127,14)"}]}
