{"age":[{"age_group":"<20","count":43,"tested":137},{"age_group":"20-29   ","count":45,"tested":120},{"age_group":"50-59   ","count":39,"tested":159},{"age_group":"70-79   ","count":37,"tested":61}],"race":[{"description":"White","count":42,"tested":337,"color":"rgb(31,119,180)"},{"description":"Left Blank","count":70,"tested":610,"color":"rgb(44,160,44)"}],"gender":[{"description":"Male","count":58,"tested":335,"color":"rgb(31,119,180)"},{"description":"Female","count":57,"tested":619,"color":"rgb(255,127,14)"}]}
