{"age":[{"age_group":"<20","count":1899,"tested":10098},{"age_group":"20-29   ","count":2338,"tested":15404},{"age_group":"30-39   ","count":2218,"tested":13248},{"age_group":"40-49   ","count":2151,"tested":11522},{"age_group":"50-59   ","count":1777,"tested":10166},{"age_group":"60-69   ","count":1056,"tested":6905},{"age_group":"70-79   ","count":585,"tested":3188},{"age_group":"80+","count":313,"tested":1226}],"race":[{"description":"AI/AN**","count":179,"tested":56,"color":"rgb(31,119,180)"},{"description":"NH/PI*","count":176,"tested":60,"color":"rgb(127,127,127)"},{"description":"White","count":780,"tested":5357,"color":"rgb(31,119,180)"},{"description":"Left Blank","count":2129,"tested":21646,"color":"rgb(44,160,44)"},{"description":"Asian","count":223,"tested":523,"color":"rgb(140,86,75)"},{"description":"Other","count":545,"tested":3133,"color":"rgb(148,103,189)"},{"description":"Black","count":738,"tested":4868,"color":"rgb(255,127,14)"},{"description":"Hispanic","count":7567,"tested":36150,"color":"rgb(214,39,40)"}],"gender":[{"description":"Unknown/Left Blank","count":215,"tested":741,"color":"rgb(44,160,44)"},{"description":"Male","count":5549,"tested":32294,"color":"rgb(31,119,180)"},{"description":"Female","count":5723,"tested":38758,"color":"rgb(255,127,14)"}]}
