{"age":[{"age_group":"<20","count":88,"tested":446},{"age_group":"20-29   ","count":103,"tested":560},{"age_group":"30-39   ","count":72,"tested":484},{"age_group":"40-49   ","count":90,"tested":475},{"age_group":"50-59   ","count":115,"tested":697},{"age_group":"60-69   ","count":84,"tested":516},{"age_group":"70-79   ","count":55,"tested":296},{"age_group":"80+","count":38,"tested":128}],"race":[{"description":"Other","count":34,"tested":97,"color":"rgb(148,103,189)"},{"description":"Left Blank","count":194,"tested":1234,"color":"rgb(44,160,44)"},{"description":"Hispanic","count":52,"tested":93,"color":"rgb(214,39,40)"},{"description":"White","count":249,"tested":2124,"color":"rgb(31,119,180)"}],"gender":[{"description":"Female","count":247,"tested":2016,"color":"rgb(255,127,14)"},{"description":"Male","count":227,"tested":1565,"color":"rgb(31,119,180)"}]}
