{"age":[{"age_group":"<20","count":322,"tested":1682},{"age_group":"20-29   ","count":438,"tested":2693},{"age_group":"30-39   ","count":297,"tested":1676},{"age_group":"40-49   ","count":340,"tested":1875},{"age_group":"50-59   ","count":420,"tested":2571},{"age_group":"60-69   ","count":368,"tested":2332},{"age_group":"70-79   ","count":250,"tested":1873},{"age_group":"80+","count":246,"tested":2849}],"race":[{"description":"Black","count":160,"tested":266,"color":"rgb(255,127,14)"},{"description":"Hispanic","count":176,"tested":334,"color":"rgb(214,39,40)"},{"description":"White","count":846,"tested":6388,"color":"rgb(31,119,180)"},{"description":"Asian","count":182,"tested":348,"color":"rgb(140,86,75)"},{"description":"Left Blank","count":828,"tested":9620,"color":"rgb(44,160,44)"},{"description":"Other","count":210,"tested":584,"color":"rgb(148,103,189)"}],"gender":[{"description":"Male","count":880,"tested":7332,"color":"rgb(31,119,180)"},{"description":"Female","count":974,"tested":9719,"color":"rgb(255,127,14)"}]}
