{"age":[{"age_group":"<20","count":729,"tested":3499},{"age_group":"20-29   ","count":921,"tested":5937},{"age_group":"30-39   ","count":946,"tested":5563},{"age_group":"40-49   ","count":867,"tested":4970},{"age_group":"50-59   ","count":799,"tested":5601},{"age_group":"60-69   ","count":631,"tested":4780},{"age_group":"70-79   ","count":494,"tested":3178},{"age_group":"80+","count":455,"tested":3673}],"race":[{"description":"Hispanic","count":1193,"tested":3950,"color":"rgb(214,39,40)"},{"description":"Left Blank","count":1432,"tested":15654,"color":"rgb(44,160,44)"},{"description":"White","count":1279,"tested":11281,"color":"rgb(31,119,180)"},{"description":"Black","count":630,"tested":3768,"color":"rgb(255,127,14)"},{"description":"Asian","count":302,"tested":266,"color":"rgb(140,86,75)"},{"description":"Other","count":437,"tested":2153,"color":"rgb(148,103,189)"},{"description":"AI/AN**","count":297,"tested":123,"color":"rgb(31,119,180)"}],"gender":[{"description":"Female","count":2233,"tested":21762,"color":"rgb(255,127,14)"},{"description":"Male","count":1957,"tested":15070,"color":"rgb(31,119,180)"},{"description":"Unknown/Left Blank","count":297,"tested":374,"color":"rgb(44,160,44)"}]}
