{"age":[{"age_group":"<20","count":356,"tested":3204},{"age_group":"20-29   ","count":442,"tested":4305},{"age_group":"30-39   ","count":491,"tested":4460},{"age_group":"40-49   ","count":426,"tested":4113},{"age_group":"50-59   ","count":357,"tested":3840},{"age_group":"60-69   ","count":261,"tested":2877},{"age_group":"70-79   ","count":141,"tested":1246},{"age_group":"80+","count":84,"tested":541}],"race":[{"description":"Left Blank","count":553,"tested":8859,"color":"rgb(44,160,44)"},{"description":"White","count":87,"tested":920,"color":"rgb(31,119,180)"},{"description":"Hispanic","count":330,"tested":1533,"color":"rgb(214,39,40)"},{"description":"Other","count":73,"tested":570,"color":"rgb(148,103,189)"},{"description":"Asian","count":29,"tested":69,"color":"rgb(140,86,75)"},{"description":"Black","count":1440,"tested":12609,"color":"rgb(255,127,14)"}],"gender":[{"description":"Male","count":1017,"tested":10407,"color":"rgb(31,119,180)"},{"description":"Female","count":1383,"tested":13185,"color":"rgb(255,127,14)"},{"description":"Unknown/Left Blank","count":48,"tested":1004,"color":"rgb(44,160,44)"}]}
