{"age":[{"age_group":"<20","count":286,"tested":1380},{"age_group":"20-29   ","count":362,"tested":2357},{"age_group":"30-39   ","count":344,"tested":2307},{"age_group":"40-49   ","count":336,"tested":2217},{"age_group":"50-59   ","count":257,"tested":2305},{"age_group":"60-69   ","count":200,"tested":1828},{"age_group":"70-79   ","count":136,"tested":917},{"age_group":"80+","count":101,"tested":374}],"race":[{"description":"AI/AN**","count":83,"tested":51,"color":"rgb(31,119,180)"},{"description":"Other","count":126,"tested":780,"color":"rgb(148,103,189)"},{"description":"Black","count":243,"tested":1864,"color":"rgb(255,127,14)"},{"description":"Left Blank","count":629,"tested":6225,"color":"rgb(44,160,44)"},{"description":"White","count":340,"tested":3177,"color":"rgb(31,119,180)"},{"description":"Hispanic","count":462,"tested":1524,"color":"rgb(214,39,40)"}],"gender":[{"description":"Unknown/Left Blank","count":84,"tested":317,"color":"rgb(44,160,44)"},{"description":"Male","count":799,"tested":5494,"color":"rgb(31,119,180)"},{"description":"Female","count":799,"tested":7876,"color":"rgb(255,127,14)"}]}
