{"age":[{"age_group":"<20","count":28,"tested":222},{"age_group":"20-29   ","count":30,"tested":202},{"age_group":"30-39   ","count":19,"tested":171},{"age_group":"40-49   ","count":16,"tested":147},{"age_group":"50-59   ","count":28,"tested":261},{"age_group":"60-69   ","count":28,"tested":263},{"age_group":"70-79   ","count":18,"tested":181}],"race":[{"description":"Left Blank","count":14,"tested":150,"color":"rgb(44,160,44)"},{"description":"White","count":120,"tested":1273,"color":"rgb(31,119,180)"}],"gender":[{"description":"Male","count":67,"tested":510,"color":"rgb(31,119,180)"},{"description":"Female","count":75,"tested":986,"color":"rgb(255,127,14)"}]}
