{"age":[{"age_group":"<20","count":418,"tested":3861},{"age_group":"20-29   ","count":562,"tested":6011},{"age_group":"30-39   ","count":610,"tested":5997},{"age_group":"40-49   ","count":620,"tested":6400},{"age_group":"50-59   ","count":613,"tested":7372},{"age_group":"60-69   ","count":473,"tested":6256},{"age_group":"70-79   ","count":360,"tested":4290},{"age_group":"80+","count":230,"tested":2664}],"race":[{"description":"White","count":85,"tested":689,"color":"rgb(31,119,180)"},{"description":"Left Blank","count":865,"tested":15472,"color":"rgb(44,160,44)"},{"description":"Other","count":131,"tested":576,"color":"rgb(148,103,189)"},{"description":"Black","count":2454,"tested":25088,"color":"rgb(255,127,14)"},{"description":"Hispanic","count":224,"tested":928,"color":"rgb(214,39,40)"}],"gender":[{"description":"Male","count":1593,"tested":17220,"color":"rgb(31,119,180)"},{"description":"Unknown/Left Blank","count":69,"tested":1157,"color":"rgb(44,160,44)"},{"description":"Female","count":2029,"tested":24484,"color":"rgb(255,127,14)"}]}
