{"age":[{"age_group":"<20","count":373,"tested":2574},{"age_group":"20-29   ","count":421,"tested":3547},{"age_group":"30-39   ","count":426,"tested":3666},{"age_group":"40-49   ","count":423,"tested":3217},{"age_group":"50-59   ","count":322,"tested":3110},{"age_group":"60-69   ","count":240,"tested":2515},{"age_group":"70-79   ","count":161,"tested":1280},{"age_group":"80+","count":107,"tested":705}],"race":[{"description":"Other","count":70,"tested":497,"color":"rgb(148,103,189)"},{"description":"Black","count":1157,"tested":10459,"color":"rgb(255,127,14)"},{"description":"White","count":56,"tested":462,"color":"rgb(31,119,180)"},{"description":"Left Blank","count":576,"tested":7116,"color":"rgb(44,160,44)"},{"description":"Hispanic","count":565,"tested":2024,"color":"rgb(214,39,40)"}],"gender":[{"description":"Male","count":1072,"tested":9029,"color":"rgb(31,119,180)"},{"description":"Female","count":1294,"tested":11299,"color":"rgb(255,127,14)"},{"description":"Unknown/Left Blank","count":32,"tested":291,"color":"rgb(44,160,44)"}]}
