{"age":[{"age_group":"<20","count":25,"tested":154},{"age_group":"20-29   ","count":21,"tested":70},{"age_group":"30-39   ","count":23,"tested":109},{"age_group":"40-49   ","count":18,"tested":71},{"age_group":"50-59   ","count":25,"tested":121},{"age_group":"60-69   ","count":27,"tested":115},{"age_group":"70-79   ","count":14,"tested":61}],"race":[{"description":"Left Blank","count":25,"tested":254,"color":"rgb(44,160,44)"},{"description":"White","count":113,"tested":444,"color":"rgb(31,119,180)"}],"gender":[{"description":"Female","count":73,"tested":369,"color":"rgb(255,127,14)"},{"description":"Male","count":66,"tested":348,"color":"rgb(31,119,180)"}]}
