{"age":[{"age_group":"<20","count":231,"tested":1392},{"age_group":"20-29   ","count":228,"tested":1672},{"age_group":"30-39   ","count":251,"tested":1480},{"age_group":"40-49   ","count":281,"tested":1709},{"age_group":"50-59   ","count":259,"tested":1932},{"age_group":"60-69   ","count":187,"tested":1465},{"age_group":"70-79   ","count":128,"tested":700},{"age_group":"80+","count":79,"tested":302}],"race":[{"description":"Hispanic","count":144,"tested":426,"color":"rgb(214,39,40)"},{"description":"Left Blank","count":586,"tested":4568,"color":"rgb(44,160,44)"},{"description":"White","count":482,"tested":4898,"color":"rgb(31,119,180)"},{"description":"Other","count":144,"tested":492,"color":"rgb(148,103,189)"},{"description":"Black","count":81,"tested":121,"color":"rgb(255,127,14)"},{"description":"Asian","count":73,"tested":129,"color":"rgb(140,86,75)"}],"gender":[{"description":"Female","count":643,"tested":5883,"color":"rgb(255,127,14)"},{"description":"Male","count":601,"tested":4657,"color":"rgb(31,119,180)"}]}
