{"age":[{"age_group":"<20","count":430,"tested":2407},{"age_group":"20-29   ","count":529,"tested":4406},{"age_group":"30-39   ","count":414,"tested":3864},{"age_group":"40-49   ","count":514,"tested":3944},{"age_group":"50-59   ","count":418,"tested":4129},{"age_group":"60-69   ","count":325,"tested":3693},{"age_group":"70-79   ","count":199,"tested":2486},{"age_group":"80+","count":224,"tested":3557}],"race":[{"description":"Black","count":79,"tested":249,"color":"rgb(255,127,14)"},{"description":"Asian","count":180,"tested":1217,"color":"rgb(140,86,75)"},{"description":"Hispanic","count":952,"tested":4161,"color":"rgb(214,39,40)"},{"description":"White","count":674,"tested":5927,"color":"rgb(31,119,180)"},{"description":"Other","count":195,"tested":924,"color":"rgb(148,103,189)"},{"description":"Left Blank","count":853,"tested":15887,"color":"rgb(44,160,44)"},{"description":"AI/AN**","count":62,"tested":50,"color":"rgb(31,119,180)"}],"gender":[{"description":"Male","count":1301,"tested":11050,"color":"rgb(31,119,180)"},{"description":"Unknown/Left Blank","count":73,"tested":836,"color":"rgb(44,160,44)"},{"description":"Female","count":1409,"tested":16612,"color":"rgb(255,127,14)"}]}
