{"age":[{"age_group":"<20","count":40,"tested":336},{"age_group":"20-29   ","count":56,"tested":320},{"age_group":"30-39   ","count":44,"tested":283},{"age_group":"40-49   ","count":64,"tested":305},{"age_group":"50-59   ","count":56,"tested":451},{"age_group":"60-69   ","count":42,"tested":288},{"age_group":"70-79   ","count":27,"tested":181},{"age_group":"80+","count":26,"tested":100}],"race":[{"description":"Hispanic","count":29,"tested":63,"color":"rgb(214,39,40)"},{"description":"Left Blank","count":65,"tested":727,"color":"rgb(44,160,44)"},{"description":"White","count":160,"tested":1394,"color":"rgb(31,119,180)"}],"gender":[{"description":"Female","count":123,"tested":1284,"color":"rgb(255,127,14)"},{"description":"Male","count":118,"tested":948,"color":"rgb(31,119,180)"}]}
