{"age":[{"age_group":"<20","count":1780,"tested":9311},{"age_group":"20-29   ","count":2243,"tested":14663},{"age_group":"30-39   ","count":2022,"tested":11114},{"age_group":"40-49   ","count":1951,"tested":9704},{"age_group":"50-59   ","count":1659,"tested":8364},{"age_group":"60-69   ","count":880,"tested":5164},{"age_group":"70-79   ","count":422,"tested":2252},{"age_group":"80+","count":265,"tested":980}],"race":[{"description":"Other","count":514,"tested":3319,"color":"rgb(148,103,189)"},{"description":"Left Blank","count":2329,"tested":24526,"color":"rgb(44,160,44)"},{"description":"Asian","count":185,"tested":942,"color":"rgb(140,86,75)"},{"description":"White","count":646,"tested":4915,"color":"rgb(31,119,180)"},{"description":"Hispanic","count":7087,"tested":26913,"color":"rgb(214,39,40)"},{"description":"Black","count":242,"tested":880,"color":"rgb(255,127,14)"},{"description":"AI/AN**","count":112,"tested":41,"color":"rgb(31,119,180)"}],"gender":[{"description":"Unknown/Left Blank","count":183,"tested":926,"color":"rgb(44,160,44)"},{"description":"Male","count":5158,"tested":27580,"color":"rgb(31,119,180)"},{"description":"Female","count":5356,"tested":33068,"color":"rgb(255,127,14)"}]}
