{"lastUpdatedDate":{"year":2020,"month":11,"day":27},"county_demographics":[{"County":"Putnam","confirmed_cases":242,"total_tested":2413,"demographics":{"age":[{"race":[],"age_group":"<20","count":27,"tested":295,"deaths":0},{"race":[],"age_group":"20-29   ","count":33,"tested":287,"deaths":0},{"race":[],"age_group":"30-39   ","count":39,"tested":395,"deaths":0},{"race":[],"age_group":"40-49   ","count":28,"tested":365,"deaths":0},{"race":[],"age_group":"50-59   ","count":44,"tested":433,"deaths":0},{"race":[],"age_group":"60-69   ","count":28,"tested":375,"deaths":0},{"race":[],"age_group":"70-79   ","count":21,"tested":191,"deaths":0},{"race":[],"age_group":"80+","count":10,"tested":71,"deaths":0},{"race":[],"age_group":"Unknown","count":0,"tested":0,"deaths":0}],"race":[{"description":"Asian","count":0,"tested":0,"deaths":0,"color":"rgb(140,86,75)"},{"description":"Black","count":0,"tested":10,"deaths":0,"color":"rgb(255,127,14)"},{"description":"Hispanic","count":8,"tested":61,"deaths":0,"color":"rgb(214,39,40)"},{"description":"Left Blank","count":109,"tested":1109,"deaths":0,"color":"rgb(44,160,44)"},{"description":"NH/PI*","count":0,"tested":19,"deaths":0,"color":"rgb(127,127,127)"},{"description":"Other","count":0,"tested":17,"deaths":0,"color":"rgb(148,103,189)"},{"description":"White","count":119,"tested":1195,"deaths":0,"color":"rgb(31,119,180)"}],"gender":[{"description":"Female","count":137,"tested":1522,"deaths":0,"color":"rgb(255,127,14)"},{"description":"Male","count":94,"tested":790,"deaths":0,"color":"rgb(31,119,180)"},{"description":"Unknown/Left Blank","count":6,"tested":101,"deaths":0,"color":"rgb(44,160,44)"}]}}]}
