{"lastUpdatedDate":{"year":2020,"month":11,"day":27},"county_demographics":[{"County":"Christian","confirmed_cases":1854,"total_tested":19072,"demographics":{"age":[{"race":[],"age_group":"<20","count":140,"tested":2092,"deaths":0},{"race":[],"age_group":"20-29   ","count":277,"tested":2892,"deaths":0},{"race":[],"age_group":"30-39   ","count":300,"tested":2465,"deaths":0},{"race":[],"age_group":"40-49   ","count":310,"tested":2300,"deaths":0},{"race":[],"age_group":"50-59   ","count":340,"tested":2765,"deaths":0},{"race":[],"age_group":"60-69   ","count":225,"tested":2631,"deaths":0},{"race":[],"age_group":"70-79   ","count":124,"tested":1935,"deaths":0},{"race":[],"age_group":"80+","count":123,"tested":1989,"deaths":0},{"race":[],"age_group":"Unknown","count":0,"tested":0,"deaths":0}],"race":[{"description":"AI/AN**","count":0,"tested":8,"deaths":0,"color":"rgb(31,119,180)"},{"description":"Asian","count":0,"tested":36,"deaths":0,"color":"rgb(140,86,75)"},{"description":"Black","count":65,"tested":117,"deaths":0,"color":"rgb(255,127,14)"},{"description":"Hispanic","count":57,"tested":116,"deaths":0,"color":"rgb(214,39,40)"},{"description":"Left Blank","count":933,"tested":9338,"deaths":0,"color":"rgb(44,160,44)"},{"description":"NH/PI*","count":0,"tested":0,"deaths":0,"color":"rgb(127,127,127)"},{"description":"Other","count":26,"tested":313,"deaths":0,"color":"rgb(148,103,189)"},{"description":"White","count":764,"tested":9142,"deaths":0,"color":"rgb(31,119,180)"}],"gender":[{"description":"Female","count":805,"tested":11503,"deaths":0,"color":"rgb(255,127,14)"},{"description":"Male","count":1000,"tested":7270,"deaths":0,"color":"rgb(31,119,180)"},{"description":"Unknown/Left Blank","count":42,"tested":299,"deaths":0,"color":"rgb(44,160,44)"}]}}]}
