{"lastUpdatedDate":{"year":2020,"month":11,"day":27},"county_demographics":[{"County":"Pike","confirmed_cases":994,"total_tested":8942,"demographics":{"age":[{"race":[],"age_group":"<20","count":106,"tested":987,"deaths":0},{"race":[],"age_group":"20-29   ","count":154,"tested":1434,"deaths":0},{"race":[],"age_group":"30-39   ","count":129,"tested":1105,"deaths":0},{"race":[],"age_group":"40-49   ","count":142,"tested":1070,"deaths":0},{"race":[],"age_group":"50-59   ","count":148,"tested":1185,"deaths":0},{"race":[],"age_group":"60-69   ","count":137,"tested":1089,"deaths":0},{"race":[],"age_group":"70-79   ","count":76,"tested":766,"deaths":0},{"race":[],"age_group":"80+","count":99,"tested":1306,"deaths":0},{"race":[],"age_group":"Unknown","count":0,"tested":0,"deaths":0}],"race":[{"description":"AI/AN**","count":0,"tested":0,"deaths":0,"color":"rgb(31,119,180)"},{"description":"Asian","count":0,"tested":6,"deaths":0,"color":"rgb(140,86,75)"},{"description":"Black","count":0,"tested":15,"deaths":0,"color":"rgb(255,127,14)"},{"description":"Hispanic","count":0,"tested":39,"deaths":0,"color":"rgb(214,39,40)"},{"description":"Left Blank","count":343,"tested":5800,"deaths":0,"color":"rgb(44,160,44)"},{"description":"NH/PI*","count":0,"tested":0,"deaths":0,"color":"rgb(127,127,127)"},{"description":"Other","count":0,"tested":14,"deaths":0,"color":"rgb(148,103,189)"},{"description":"White","count":643,"tested":3066,"deaths":0,"color":"rgb(31,119,180)"}],"gender":[{"description":"Female","count":560,"tested":5953,"deaths":0,"color":"rgb(255,127,14)"},{"description":"Male","count":404,"tested":2785,"deaths":0,"color":"rgb(31,119,180)"},{"description":"Unknown/Left Blank","count":30,"tested":204,"deaths":0,"color":"rgb(44,160,44)"}]}}]}
