{"lastUpdatedDate":{"year":2020,"month":11,"day":27},"county_demographics":[{"County":"Bureau","confirmed_cases":2078,"total_tested":19184,"demographics":{"age":[{"race":[],"age_group":"<20","count":249,"tested":2114,"deaths":0},{"race":[],"age_group":"20-29   ","count":282,"tested":2655,"deaths":0},{"race":[],"age_group":"30-39   ","count":301,"tested":2717,"deaths":0},{"race":[],"age_group":"40-49   ","count":337,"tested":2477,"deaths":0},{"race":[],"age_group":"50-59   ","count":348,"tested":3099,"deaths":0},{"race":[],"age_group":"60-69   ","count":250,"tested":2749,"deaths":0},{"race":[],"age_group":"70-79   ","count":172,"tested":1674,"deaths":0},{"race":[],"age_group":"80+","count":135,"tested":1698,"deaths":0},{"race":[],"age_group":"Unknown","count":0,"tested":0,"deaths":0}],"race":[{"description":"AI/AN**","count":0,"tested":0,"deaths":0,"color":"rgb(31,119,180)"},{"description":"Asian","count":0,"tested":72,"deaths":0,"color":"rgb(140,86,75)"},{"description":"Black","count":6,"tested":96,"deaths":0,"color":"rgb(255,127,14)"},{"description":"Hispanic","count":182,"tested":549,"deaths":0,"color":"rgb(214,39,40)"},{"description":"Left Blank","count":1002,"tested":11607,"deaths":0,"color":"rgb(44,160,44)"},{"description":"NH/PI*","count":0,"tested":47,"deaths":0,"color":"rgb(127,127,127)"},{"description":"Other","count":32,"tested":185,"deaths":0,"color":"rgb(148,103,189)"},{"description":"White","count":844,"tested":6626,"deaths":0,"color":"rgb(31,119,180)"}],"gender":[{"description":"Female","count":1107,"tested":11970,"deaths":0,"color":"rgb(255,127,14)"},{"description":"Male","count":927,"tested":6573,"deaths":0,"color":"rgb(31,119,180)"},{"description":"Unknown/Left Blank","count":44,"tested":641,"deaths":0,"color":"rgb(44,160,44)"}]}}]}
