{"lastUpdatedDate":{"year":2020,"month":11,"day":27},"county_demographics":[{"County":"Schuyler","confirmed_cases":266,"total_tested":4315,"demographics":{"age":[{"race":[],"age_group":"<20","count":31,"tested":369,"deaths":0},{"race":[],"age_group":"20-29   ","count":14,"tested":431,"deaths":0},{"race":[],"age_group":"30-39   ","count":42,"tested":539,"deaths":0},{"race":[],"age_group":"40-49   ","count":41,"tested":649,"deaths":0},{"race":[],"age_group":"50-59   ","count":54,"tested":829,"deaths":0},{"race":[],"age_group":"60-69   ","count":44,"tested":815,"deaths":0},{"race":[],"age_group":"70-79   ","count":25,"tested":395,"deaths":0},{"race":[],"age_group":"80+","count":10,"tested":288,"deaths":0}],"race":[{"description":"AI/AN**","count":0,"tested":0,"deaths":0,"color":"rgb(31,119,180)"},{"description":"Asian","count":0,"tested":0,"deaths":0,"color":"rgb(140,86,75)"},{"description":"Black","count":17,"tested":198,"deaths":0,"color":"rgb(255,127,14)"},{"description":"Hispanic","count":0,"tested":47,"deaths":0,"color":"rgb(214,39,40)"},{"description":"Left Blank","count":55,"tested":1126,"deaths":0,"color":"rgb(44,160,44)"},{"description":"Other","count":0,"tested":52,"deaths":0,"color":"rgb(148,103,189)"},{"description":"White","count":187,"tested":2888,"deaths":0,"color":"rgb(31,119,180)"}],"gender":[{"description":"Female","count":118,"tested":1898,"deaths":0,"color":"rgb(255,127,14)"},{"description":"Male","count":124,"tested":2309,"deaths":0,"color":"rgb(31,119,180)"},{"description":"Unknown/Left Blank","count":24,"tested":108,"deaths":0,"color":"rgb(44,160,44)"}]}}]}
