{"lastUpdatedDate":{"year":2020,"month":11,"day":27},"county_demographics":[{"County":"Lawrence","confirmed_cases":1017,"total_tested":10551,"demographics":{"age":[{"race":[],"age_group":"<20","count":94,"tested":1297,"deaths":0},{"race":[],"age_group":"20-29   ","count":164,"tested":1770,"deaths":0},{"race":[],"age_group":"30-39   ","count":161,"tested":1656,"deaths":0},{"race":[],"age_group":"40-49   ","count":164,"tested":1458,"deaths":0},{"race":[],"age_group":"50-59   ","count":140,"tested":1437,"deaths":0},{"race":[],"age_group":"60-69   ","count":128,"tested":1076,"deaths":0},{"race":[],"age_group":"70-79   ","count":95,"tested":867,"deaths":0},{"race":[],"age_group":"80+","count":71,"tested":987,"deaths":0},{"race":[],"age_group":"Unknown","count":0,"tested":0,"deaths":0}],"race":[{"description":"AI/AN**","count":0,"tested":0,"deaths":0,"color":"rgb(31,119,180)"},{"description":"Asian","count":0,"tested":7,"deaths":0,"color":"rgb(140,86,75)"},{"description":"Black","count":156,"tested":870,"deaths":0,"color":"rgb(255,127,14)"},{"description":"Hispanic","count":6,"tested":57,"deaths":0,"color":"rgb(214,39,40)"},{"description":"Left Blank","count":212,"tested":5028,"deaths":0,"color":"rgb(44,160,44)"},{"description":"Other","count":0,"tested":51,"deaths":0,"color":"rgb(148,103,189)"},{"description":"White","count":635,"tested":4536,"deaths":0,"color":"rgb(31,119,180)"}],"gender":[{"description":"Female","count":465,"tested":5565,"deaths":0,"color":"rgb(255,127,14)"},{"description":"Male","count":513,"tested":3820,"deaths":0,"color":"rgb(31,119,180)"},{"description":"Unknown/Left Blank","count":37,"tested":1166,"deaths":0,"color":"rgb(44,160,44)"}]}}]}
