{"lastUpdatedDate":{"year":2020,"month":11,"day":27},"county_demographics":[{"County":"Marshall","confirmed_cases":392,"total_tested":8035,"demographics":{"age":[{"race":[],"age_group":"<20","count":57,"tested":901,"deaths":0},{"race":[],"age_group":"20-29   ","count":56,"tested":1129,"deaths":0},{"race":[],"age_group":"30-39   ","count":38,"tested":958,"deaths":0},{"race":[],"age_group":"40-49   ","count":70,"tested":1095,"deaths":0},{"race":[],"age_group":"50-59   ","count":66,"tested":1271,"deaths":0},{"race":[],"age_group":"60-69   ","count":50,"tested":1182,"deaths":0},{"race":[],"age_group":"70-79   ","count":22,"tested":730,"deaths":0},{"race":[],"age_group":"80+","count":19,"tested":762,"deaths":0},{"race":[],"age_group":"Unknown","count":0,"tested":7,"deaths":0}],"race":[{"description":"Asian","count":0,"tested":0,"deaths":0,"color":"rgb(140,86,75)"},{"description":"Black","count":0,"tested":25,"deaths":0,"color":"rgb(255,127,14)"},{"description":"Hispanic","count":0,"tested":40,"deaths":0,"color":"rgb(214,39,40)"},{"description":"Left Blank","count":177,"tested":4566,"deaths":0,"color":"rgb(44,160,44)"},{"description":"NH/PI*","count":0,"tested":0,"deaths":0,"color":"rgb(127,127,127)"},{"description":"Other","count":0,"tested":88,"deaths":0,"color":"rgb(148,103,189)"},{"description":"White","count":202,"tested":3311,"deaths":0,"color":"rgb(31,119,180)"}],"gender":[{"description":"Female","count":208,"tested":4841,"deaths":0,"color":"rgb(255,127,14)"},{"description":"Male","count":179,"tested":2941,"deaths":0,"color":"rgb(31,119,180)"},{"description":"Unknown/Left Blank","count":0,"tested":253,"deaths":0,"color":"rgb(44,160,44)"}]}}]}
