{"lastUpdatedDate":{"year":2020,"month":11,"day":27},"county_demographics":[{"County":"Carroll","confirmed_cases":1047,"total_tested":10417,"demographics":{"age":[{"race":[],"age_group":"<20","count":103,"tested":920,"deaths":0},{"race":[],"age_group":"20-29   ","count":123,"tested":1278,"deaths":0},{"race":[],"age_group":"30-39   ","count":222,"tested":2086,"deaths":0},{"race":[],"age_group":"40-49   ","count":166,"tested":1534,"deaths":0},{"race":[],"age_group":"50-59   ","count":147,"tested":1261,"deaths":0},{"race":[],"age_group":"60-69   ","count":114,"tested":1245,"deaths":0},{"race":[],"age_group":"70-79   ","count":83,"tested":777,"deaths":0},{"race":[],"age_group":"80+","count":82,"tested":1314,"deaths":0},{"race":[],"age_group":"Unknown","count":0,"tested":0,"deaths":0}],"race":[{"description":"AI/AN**","count":0,"tested":0,"deaths":0,"color":"rgb(31,119,180)"},{"description":"Asian","count":0,"tested":36,"deaths":0,"color":"rgb(140,86,75)"},{"description":"Black","count":33,"tested":77,"deaths":0,"color":"rgb(255,127,14)"},{"description":"Hispanic","count":13,"tested":20,"deaths":0,"color":"rgb(214,39,40)"},{"description":"Left Blank","count":497,"tested":7235,"deaths":0,"color":"rgb(44,160,44)"},{"description":"NH/PI*","count":0,"tested":0,"deaths":0,"color":"rgb(127,127,127)"},{"description":"Other","count":11,"tested":72,"deaths":0,"color":"rgb(148,103,189)"},{"description":"White","count":482,"tested":2971,"deaths":0,"color":"rgb(31,119,180)"}],"gender":[{"description":"Female","count":454,"tested":5020,"deaths":0,"color":"rgb(255,127,14)"},{"description":"Male","count":587,"tested":5346,"deaths":0,"color":"rgb(31,119,180)"},{"description":"Unknown/Left Blank","count":0,"tested":51,"deaths":0,"color":"rgb(44,160,44)"}]}}]}
