{"lastUpdatedDate":{"year":2020,"month":11,"day":27},"county_demographics":[{"County":"De Witt","confirmed_cases":600,"total_tested":8329,"demographics":{"age":[{"race":[],"age_group":"<20","count":101,"tested":1442,"deaths":0},{"race":[],"age_group":"20-29   ","count":79,"tested":1270,"deaths":0},{"race":[],"age_group":"30-39   ","count":74,"tested":1115,"deaths":0},{"race":[],"age_group":"40-49   ","count":61,"tested":1012,"deaths":0},{"race":[],"age_group":"50-59   ","count":82,"tested":1198,"deaths":0},{"race":[],"age_group":"60-69   ","count":58,"tested":1054,"deaths":0},{"race":[],"age_group":"70-79   ","count":68,"tested":729,"deaths":0},{"race":[],"age_group":"80+","count":66,"tested":508,"deaths":0},{"race":[],"age_group":"Unknown","count":0,"tested":0,"deaths":0}],"race":[{"description":"AI/AN**","count":0,"tested":0,"deaths":0,"color":"rgb(31,119,180)"},{"description":"Asian","count":0,"tested":13,"deaths":0,"color":"rgb(140,86,75)"},{"description":"Black","count":0,"tested":49,"deaths":0,"color":"rgb(255,127,14)"},{"description":"Hispanic","count":6,"tested":49,"deaths":0,"color":"rgb(214,39,40)"},{"description":"Left Blank","count":165,"tested":3977,"deaths":0,"color":"rgb(44,160,44)"},{"description":"NH/PI*","count":0,"tested":0,"deaths":0,"color":"rgb(127,127,127)"},{"description":"Other","count":0,"tested":127,"deaths":0,"color":"rgb(148,103,189)"},{"description":"White","count":412,"tested":4105,"deaths":0,"color":"rgb(31,119,180)"}],"gender":[{"description":"Female","count":328,"tested":4879,"deaths":0,"color":"rgb(255,127,14)"},{"description":"Male","count":262,"tested":3251,"deaths":0,"color":"rgb(31,119,180)"},{"description":"Unknown/Left Blank","count":7,"tested":199,"deaths":0,"color":"rgb(44,160,44)"}]}}]}
