{"lastUpdatedDate":{"year":2021,"month":6,"day":16},"county_demographics":[{"County":"McHenry","confirmed_cases":29180,"total_tested":368842,"demographics":{"age":[{"race":[],"age_group":"<20","count":4851,"tested":52140,"deaths":0},{"race":[],"age_group":"20-29   ","count":5041,"tested":56710,"deaths":0},{"race":[],"age_group":"30-39   ","count":4450,"tested":52598,"deaths":0},{"race":[],"age_group":"40-49   ","count":4529,"tested":49399,"deaths":0},{"race":[],"age_group":"50-59   ","count":4987,"tested":58969,"deaths":0},{"race":[],"age_group":"60-69   ","count":3029,"tested":45016,"deaths":0},{"race":[],"age_group":"70-79   ","count":1331,"tested":27640,"deaths":0},{"race":[],"age_group":"80+","count":958,"tested":26294,"deaths":0},{"race":[],"age_group":"Unknown","count":0,"tested":76,"deaths":0}],"race":[{"description":"AI/AN**","count":37,"tested":447,"deaths":0,"color":"rgb(31,119,180)"},{"description":"Asian","count":504,"tested":6594,"deaths":0,"color":"rgb(140,86,75)"},{"description":"Black","count":327,"tested":4362,"deaths":0,"color":"rgb(255,127,14)"},{"description":"Hispanic","count":4700,"tested":27347,"deaths":0,"color":"rgb(214,39,40)"},{"description":"Left Blank","count":7015,"tested":137506,"deaths":0,"color":"rgb(44,160,44)"},{"description":"NH/PI*","count":29,"tested":590,"deaths":0,"color":"rgb(127,127,127)"},{"description":"Other","count":580,"tested":7003,"deaths":0,"color":"rgb(148,103,189)"},{"description":"White","count":15983,"tested":184993,"deaths":0,"color":"rgb(31,119,180)"}],"gender":[{"description":"Female","count":14862,"tested":212345,"deaths":0,"color":"rgb(255,127,14)"},{"description":"Male","count":14129,"tested":151990,"deaths":0,"color":"rgb(31,119,180)"},{"description":"Unknown/Left Blank","count":189,"tested":4507,"deaths":0,"color":"rgb(44,160,44)"}]}}]}
