{"lastUpdatedDate":{"year":2021,"month":6,"day":16},"county_demographics":[{"County":"Logan","confirmed_cases":3963,"total_tested":99619,"demographics":{"age":[{"race":[],"age_group":"<20","count":520,"tested":8684,"deaths":0},{"race":[],"age_group":"20-29   ","count":630,"tested":17159,"deaths":0},{"race":[],"age_group":"30-39   ","count":760,"tested":21543,"deaths":0},{"race":[],"age_group":"40-49   ","count":606,"tested":16370,"deaths":0},{"race":[],"age_group":"50-59   ","count":548,"tested":13490,"deaths":0},{"race":[],"age_group":"60-69   ","count":424,"tested":8655,"deaths":0},{"race":[],"age_group":"70-79   ","count":253,"tested":4694,"deaths":0},{"race":[],"age_group":"80+","count":220,"tested":6296,"deaths":0},{"race":[],"age_group":"Unknown","count":0,"tested":2728,"deaths":0}],"race":[{"description":"AI/AN**","count":0,"tested":21,"deaths":0,"color":"rgb(31,119,180)"},{"description":"Asian","count":14,"tested":89,"deaths":0,"color":"rgb(140,86,75)"},{"description":"Black","count":368,"tested":1615,"deaths":0,"color":"rgb(255,127,14)"},{"description":"Hispanic","count":109,"tested":514,"deaths":0,"color":"rgb(214,39,40)"},{"description":"Left Blank","count":528,"tested":67404,"deaths":0,"color":"rgb(44,160,44)"},{"description":"NH/PI*","count":0,"tested":76,"deaths":0,"color":"rgb(127,127,127)"},{"description":"Other","count":26,"tested":722,"deaths":0,"color":"rgb(148,103,189)"},{"description":"White","count":2908,"tested":29178,"deaths":0,"color":"rgb(31,119,180)"}],"gender":[{"description":"Female","count":2103,"tested":54924,"deaths":0,"color":"rgb(255,127,14)"},{"description":"Male","count":1649,"tested":25117,"deaths":0,"color":"rgb(31,119,180)"},{"description":"Unknown/Left Blank","count":211,"tested":19578,"deaths":0,"color":"rgb(44,160,44)"}]}}]}
