{"lastUpdatedDate":{"year":2021,"month":6,"day":16},"county_demographics":[{"County":"Edgar","confirmed_cases":1763,"total_tested":16780,"demographics":{"age":[{"race":[],"age_group":"<20","count":288,"tested":1931,"deaths":0},{"race":[],"age_group":"20-29   ","count":220,"tested":2448,"deaths":0},{"race":[],"age_group":"30-39   ","count":226,"tested":2045,"deaths":0},{"race":[],"age_group":"40-49   ","count":252,"tested":2382,"deaths":0},{"race":[],"age_group":"50-59   ","count":236,"tested":2182,"deaths":0},{"race":[],"age_group":"60-69   ","count":229,"tested":2148,"deaths":0},{"race":[],"age_group":"70-79   ","count":165,"tested":1513,"deaths":0},{"race":[],"age_group":"80+","count":147,"tested":2080,"deaths":0},{"race":[],"age_group":"Unknown","count":0,"tested":51,"deaths":0}],"race":[{"description":"AI/AN**","count":0,"tested":0,"deaths":0,"color":"rgb(31,119,180)"},{"description":"Asian","count":0,"tested":9,"deaths":0,"color":"rgb(140,86,75)"},{"description":"Black","count":0,"tested":96,"deaths":0,"color":"rgb(255,127,14)"},{"description":"Hispanic","count":0,"tested":52,"deaths":0,"color":"rgb(214,39,40)"},{"description":"Left Blank","count":157,"tested":7514,"deaths":0,"color":"rgb(44,160,44)"},{"description":"NH/PI*","count":0,"tested":0,"deaths":0,"color":"rgb(127,127,127)"},{"description":"Other","count":0,"tested":119,"deaths":0,"color":"rgb(148,103,189)"},{"description":"White","count":1592,"tested":8982,"deaths":0,"color":"rgb(31,119,180)"}],"gender":[{"description":"Female","count":539,"tested":10435,"deaths":0,"color":"rgb(255,127,14)"},{"description":"Male","count":413,"tested":5143,"deaths":0,"color":"rgb(31,119,180)"},{"description":"Unknown/Left Blank","count":811,"tested":1202,"deaths":0,"color":"rgb(44,160,44)"}]}}]}
