{"lastUpdatedDate":{"year":2021,"month":6,"day":16},"county_demographics":[{"County":"DeKalb","confirmed_cases":10109,"total_tested":154133,"demographics":{"age":[{"race":[],"age_group":"<20","count":1802,"tested":28900,"deaths":0},{"race":[],"age_group":"20-29   ","count":2444,"tested":40248,"deaths":0},{"race":[],"age_group":"30-39   ","count":1519,"tested":19518,"deaths":0},{"race":[],"age_group":"40-49   ","count":1383,"tested":15450,"deaths":0},{"race":[],"age_group":"50-59   ","count":1264,"tested":16412,"deaths":0},{"race":[],"age_group":"60-69   ","count":835,"tested":13018,"deaths":0},{"race":[],"age_group":"70-79   ","count":448,"tested":8859,"deaths":0},{"race":[],"age_group":"80+","count":414,"tested":11663,"deaths":0},{"race":[],"age_group":"Unknown","count":0,"tested":65,"deaths":0}],"race":[{"description":"AI/AN**","count":6,"tested":103,"deaths":0,"color":"rgb(31,119,180)"},{"description":"Asian","count":111,"tested":2302,"deaths":0,"color":"rgb(140,86,75)"},{"description":"Black","count":766,"tested":11440,"deaths":0,"color":"rgb(255,127,14)"},{"description":"Hispanic","count":1474,"tested":9758,"deaths":0,"color":"rgb(214,39,40)"},{"description":"Left Blank","count":2338,"tested":64398,"deaths":0,"color":"rgb(44,160,44)"},{"description":"NH/PI*","count":0,"tested":86,"deaths":0,"color":"rgb(127,127,127)"},{"description":"Other","count":117,"tested":1806,"deaths":0,"color":"rgb(148,103,189)"},{"description":"White","count":5289,"tested":64240,"deaths":0,"color":"rgb(31,119,180)"}],"gender":[{"description":"Female","count":5342,"tested":93611,"deaths":0,"color":"rgb(255,127,14)"},{"description":"Male","count":4736,"tested":58616,"deaths":0,"color":"rgb(31,119,180)"},{"description":"Unknown/Left Blank","count":31,"tested":1906,"deaths":0,"color":"rgb(44,160,44)"}]}}]}
