{"lastUpdatedDate":{"year":2021,"month":6,"day":16},"county_demographics":[{"County":"Christian","confirmed_cases":3838,"total_tested":59228,"demographics":{"age":[{"race":[],"age_group":"<20","count":437,"tested":5417,"deaths":0},{"race":[],"age_group":"20-29   ","count":576,"tested":9327,"deaths":0},{"race":[],"age_group":"30-39   ","count":549,"tested":9957,"deaths":0},{"race":[],"age_group":"40-49   ","count":604,"tested":9609,"deaths":0},{"race":[],"age_group":"50-59   ","count":635,"tested":9281,"deaths":0},{"race":[],"age_group":"60-69   ","count":468,"tested":6738,"deaths":0},{"race":[],"age_group":"70-79   ","count":301,"tested":4060,"deaths":0},{"race":[],"age_group":"80+","count":268,"tested":4226,"deaths":0},{"race":[],"age_group":"Unknown","count":0,"tested":613,"deaths":0}],"race":[{"description":"AI/AN**","count":0,"tested":42,"deaths":0,"color":"rgb(31,119,180)"},{"description":"Asian","count":0,"tested":93,"deaths":0,"color":"rgb(140,86,75)"},{"description":"Black","count":72,"tested":258,"deaths":0,"color":"rgb(255,127,14)"},{"description":"Hispanic","count":65,"tested":210,"deaths":0,"color":"rgb(214,39,40)"},{"description":"Left Blank","count":1733,"tested":32577,"deaths":0,"color":"rgb(44,160,44)"},{"description":"NH/PI*","count":0,"tested":17,"deaths":0,"color":"rgb(127,127,127)"},{"description":"Other","count":43,"tested":605,"deaths":0,"color":"rgb(148,103,189)"},{"description":"White","count":1913,"tested":25426,"deaths":0,"color":"rgb(31,119,180)"}],"gender":[{"description":"Female","count":1696,"tested":27724,"deaths":0,"color":"rgb(255,127,14)"},{"description":"Male","count":1757,"tested":20714,"deaths":0,"color":"rgb(31,119,180)"},{"description":"Unknown/Left Blank","count":385,"tested":10790,"deaths":0,"color":"rgb(44,160,44)"}]}}]}
