{"lastUpdatedDate":{"year":2021,"month":6,"day":16},"county_demographics":[{"County":"Perry","confirmed_cases":3201,"total_tested":62684,"demographics":{"age":[{"race":[],"age_group":"<20","count":321,"tested":3125,"deaths":0},{"race":[],"age_group":"20-29   ","count":626,"tested":14947,"deaths":0},{"race":[],"age_group":"30-39   ","count":610,"tested":13781,"deaths":0},{"race":[],"age_group":"40-49   ","count":474,"tested":10351,"deaths":0},{"race":[],"age_group":"50-59   ","count":443,"tested":8325,"deaths":0},{"race":[],"age_group":"60-69   ","count":325,"tested":4664,"deaths":0},{"race":[],"age_group":"70-79   ","count":203,"tested":2819,"deaths":0},{"race":[],"age_group":"80+","count":186,"tested":2997,"deaths":0},{"race":[],"age_group":"Unknown","count":6,"tested":1675,"deaths":0}],"race":[{"description":"AI/AN**","count":0,"tested":0,"deaths":0,"color":"rgb(31,119,180)"},{"description":"Asian","count":10,"tested":39,"deaths":0,"color":"rgb(140,86,75)"},{"description":"Black","count":152,"tested":522,"deaths":0,"color":"rgb(255,127,14)"},{"description":"Hispanic","count":43,"tested":150,"deaths":0,"color":"rgb(214,39,40)"},{"description":"Left Blank","count":1097,"tested":46862,"deaths":0,"color":"rgb(44,160,44)"},{"description":"NH/PI*","count":0,"tested":7,"deaths":0,"color":"rgb(127,127,127)"},{"description":"Other","count":19,"tested":213,"deaths":0,"color":"rgb(148,103,189)"},{"description":"White","count":1874,"tested":14887,"deaths":0,"color":"rgb(31,119,180)"}],"gender":[{"description":"Female","count":1274,"tested":17804,"deaths":0,"color":"rgb(255,127,14)"},{"description":"Male","count":1337,"tested":26617,"deaths":0,"color":"rgb(31,119,180)"},{"description":"Unknown/Left Blank","count":590,"tested":18263,"deaths":0,"color":"rgb(44,160,44)"}]}}]}
