{"lastUpdatedDate":{"year":2021,"month":6,"day":16},"county_demographics":[{"County":"Tazewell","confirmed_cases":17224,"total_tested":250945,"demographics":{"age":[{"race":[],"age_group":"<20","count":3163,"tested":41335,"deaths":0},{"race":[],"age_group":"20-29   ","count":2518,"tested":37984,"deaths":0},{"race":[],"age_group":"30-39   ","count":2538,"tested":36453,"deaths":0},{"race":[],"age_group":"40-49   ","count":2556,"tested":34982,"deaths":0},{"race":[],"age_group":"50-59   ","count":2465,"tested":33775,"deaths":0},{"race":[],"age_group":"60-69   ","count":1913,"tested":26709,"deaths":0},{"race":[],"age_group":"70-79   ","count":1146,"tested":17640,"deaths":0},{"race":[],"age_group":"80+","count":925,"tested":22042,"deaths":0},{"race":[],"age_group":"Unknown","count":0,"tested":25,"deaths":0}],"race":[{"description":"AI/AN**","count":23,"tested":136,"deaths":0,"color":"rgb(31,119,180)"},{"description":"Asian","count":116,"tested":730,"deaths":0,"color":"rgb(140,86,75)"},{"description":"Black","count":243,"tested":2623,"deaths":0,"color":"rgb(255,127,14)"},{"description":"Hispanic","count":292,"tested":1541,"deaths":0,"color":"rgb(214,39,40)"},{"description":"Left Blank","count":2284,"tested":115627,"deaths":0,"color":"rgb(44,160,44)"},{"description":"NH/PI*","count":0,"tested":78,"deaths":0,"color":"rgb(127,127,127)"},{"description":"Other","count":315,"tested":7197,"deaths":0,"color":"rgb(148,103,189)"},{"description":"White","count":13941,"tested":123013,"deaths":0,"color":"rgb(31,119,180)"}],"gender":[{"description":"Female","count":9147,"tested":148234,"deaths":0,"color":"rgb(255,127,14)"},{"description":"Male","count":7891,"tested":95647,"deaths":0,"color":"rgb(31,119,180)"},{"description":"Unknown/Left Blank","count":186,"tested":7064,"deaths":0,"color":"rgb(44,160,44)"}]}}]}
