{"age":[{"age_group":"<20","count":468,"tested":10898},{"age_group":"20-29   ","count":2432,"tested":43695},{"age_group":"30-39   ","count":976,"tested":26763},{"age_group":"40-49   ","count":478,"tested":12828},{"age_group":"50-59   ","count":345,"tested":12008},{"age_group":"60-69   ","count":232,"tested":9894},{"age_group":"70-79   ","count":188,"tested":7054},{"age_group":"80+","count":188,"tested":6154}],"race":[{"description":"Hispanic","count":314,"tested":3133,"color":"rgb(214,39,40)"},{"description":"Left Blank","count":1480,"tested":67223,"color":"rgb(44,160,44)"},{"description":"Other","count":326,"tested":5933,"color":"rgb(148,103,189)"},{"description":"Black","count":234,"tested":4120,"color":"rgb(255,127,14)"},{"description":"White","count":2820,"tested":45693,"color":"rgb(31,119,180)"},{"description":"Asian","count":125,"tested":3147,"color":"rgb(140,86,75)"}],"gender":[{"description":"Unknown/Left Blank","count":350,"tested":2040,"color":"rgb(44,160,44)"},{"description":"Female","count":2566,"tested":72875,"color":"rgb(255,127,14)"},{"description":"Male","count":2391,"tested":54433,"color":"rgb(31,119,180)"}]}
