{"age":[{"age_group":"<20","count":9,"tested":125},{"age_group":"20-29   ","count":13,"tested":227},{"age_group":"30-39   ","count":12,"tested":163},{"age_group":"40-49   ","count":9,"tested":158},{"age_group":"50-59   ","count":10,"tested":116},{"age_group":"60-69   ","count":9,"tested":129},{"age_group":"70-79   ","count":7,"tested":70}],"race":[{"description":"White","count":23,"tested":378,"color":"rgb(31,119,180)"},{"description":"Left Blank","count":38,"tested":482,"color":"rgb(44,160,44)"}],"gender":[{"description":"Female","count":43,"tested":611,"color":"rgb(255,127,14)"},{"description":"Male","count":29,"tested":404,"color":"rgb(31,119,180)"}]}
