{"age":[{"age_group":"<20","count":234,"tested":1958},{"age_group":"20-29   ","count":272,"tested":2284},{"age_group":"30-39   ","count":269,"tested":2412},{"age_group":"40-49   ","count":273,"tested":2017},{"age_group":"50-59   ","count":206,"tested":1539},{"age_group":"60-69   ","count":114,"tested":1171},{"age_group":"70-79   ","count":38,"tested":559},{"age_group":"80+","count":21,"tested":232}],"race":[{"description":"Left Blank","count":315,"tested":4211,"color":"rgb(44,160,44)"},{"description":"Asian","count":9,"tested":90,"color":"rgb(140,86,75)"},{"description":"White","count":484,"tested":4446,"color":"rgb(31,119,180)"},{"description":"Other","count":28,"tested":386,"color":"rgb(148,103,189)"},{"description":"Black","count":55,"tested":680,"color":"rgb(255,127,14)"},{"description":"Hispanic","count":536,"tested":2339,"color":"rgb(214,39,40)"}],"gender":[{"description":"Male","count":684,"tested":5042,"color":"rgb(31,119,180)"},{"description":"Female","count":737,"tested":6868,"color":"rgb(255,127,14)"}]}
