{"age":[{"age_group":"<20","count":399,"tested":3147},{"age_group":"20-29   ","count":476,"tested":5212},{"age_group":"30-39   ","count":393,"tested":4455},{"age_group":"40-49   ","count":412,"tested":4320},{"age_group":"50-59   ","count":357,"tested":4877},{"age_group":"60-69   ","count":224,"tested":3695},{"age_group":"70-79   ","count":140,"tested":1914},{"age_group":"80+","count":82,"tested":868}],"race":[{"description":"Hispanic","count":517,"tested":2329,"color":"rgb(214,39,40)"},{"description":"AI/AN**","count":10,"tested":53,"color":"rgb(31,119,180)"},{"description":"Left Blank","count":931,"tested":10707,"color":"rgb(44,160,44)"},{"description":"Other","count":85,"tested":573,"color":"rgb(148,103,189)"},{"description":"Black","count":874,"tested":13546,"color":"rgb(255,127,14)"},{"description":"Asian","count":20,"tested":177,"color":"rgb(140,86,75)"},{"description":"White","count":46,"tested":1106,"color":"rgb(31,119,180)"}],"gender":[{"description":"Unknown/Left Blank","count":30,"tested":554,"color":"rgb(44,160,44)"},{"description":"Female","count":1284,"tested":16230,"color":"rgb(255,127,14)"},{"description":"Male","count":1169,"tested":11723,"color":"rgb(31,119,180)"}]}
