{"age":[{"age_group":"<20","count":380,"tested":5402},{"age_group":"20-29   ","count":342,"tested":5809},{"age_group":"30-39   ","count":370,"tested":5547},{"age_group":"40-49   ","count":422,"tested":5927},{"age_group":"50-59   ","count":404,"tested":6547},{"age_group":"60-69   ","count":360,"tested":6404},{"age_group":"70-79   ","count":158,"tested":3672},{"age_group":"80+","count":173,"tested":4280}],"race":[{"description":"Other","count":157,"tested":1801,"color":"rgb(148,103,189)"},{"description":"Left Blank","count":544,"tested":12193,"color":"rgb(44,160,44)"},{"description":"White","count":1374,"tested":21675,"color":"rgb(31,119,180)"},{"description":"Asian","count":245,"tested":4619,"color":"rgb(140,86,75)"},{"description":"Hispanic","count":258,"tested":2487,"color":"rgb(214,39,40)"},{"description":"Black","count":22,"tested":684,"color":"rgb(255,127,14)"}],"gender":[{"description":"Female","count":1336,"tested":25210,"color":"rgb(255,127,14)"},{"description":"Unknown/Left Blank","count":16,"tested":351,"color":"rgb(44,160,44)"},{"description":"Male","count":1258,"tested":18036,"color":"rgb(31,119,180)"}]}
