{"age":[{"age_group":"<20","count":323,"tested":3061},{"age_group":"20-29   ","count":423,"tested":3781},{"age_group":"30-39   ","count":336,"tested":3762},{"age_group":"40-49   ","count":388,"tested":3694},{"age_group":"50-59   ","count":406,"tested":4106},{"age_group":"60-69   ","count":255,"tested":3357},{"age_group":"70-79   ","count":101,"tested":1554},{"age_group":"80+","count":44,"tested":753}],"race":[{"description":"Asian","count":122,"tested":1009,"color":"rgb(140,86,75)"},{"description":"Hispanic","count":256,"tested":1093,"color":"rgb(214,39,40)"},{"description":"Black","count":33,"tested":345,"color":"rgb(255,127,14)"},{"description":"Other","count":69,"tested":609,"color":"rgb(148,103,189)"},{"description":"Left Blank","count":607,"tested":13675,"color":"rgb(44,160,44)"},{"description":"White","count":1185,"tested":7278,"color":"rgb(31,119,180)"}],"gender":[{"description":"Female","count":1164,"tested":13541,"color":"rgb(255,127,14)"},{"description":"Male","count":1098,"tested":9978,"color":"rgb(31,119,180)"},{"description":"Unknown/Left Blank","count":15,"tested":564,"color":"rgb(44,160,44)"}]}
