{"age":[{"age_group":"<20","count":575,"tested":3937},{"age_group":"20-29   ","count":651,"tested":6061},{"age_group":"30-39   ","count":583,"tested":4485},{"age_group":"40-49   ","count":595,"tested":4067},{"age_group":"50-59   ","count":494,"tested":4593},{"age_group":"60-69   ","count":289,"tested":3306},{"age_group":"70-79   ","count":118,"tested":1508},{"age_group":"80+","count":75,"tested":884}],"race":[{"description":"Black","count":248,"tested":2874,"color":"rgb(255,127,14)"},{"description":"White","count":426,"tested":5172,"color":"rgb(31,119,180)"},{"description":"Asian","count":42,"tested":575,"color":"rgb(140,86,75)"},{"description":"Other","count":113,"tested":1005,"color":"rgb(148,103,189)"},{"description":"Hispanic","count":1922,"tested":10064,"color":"rgb(214,39,40)"},{"description":"Left Blank","count":627,"tested":9015,"color":"rgb(44,160,44)"}],"gender":[{"description":"Unknown/Left Blank","count":47,"tested":414,"color":"rgb(44,160,44)"},{"description":"Female","count":1750,"tested":16732,"color":"rgb(255,127,14)"},{"description":"Male","count":1585,"tested":11702,"color":"rgb(31,119,180)"}]}
