{"age":[{"age_group":"<20","count":33,"tested":264},{"age_group":"20-29   ","count":28,"tested":176},{"age_group":"30-39   ","count":24,"tested":143},{"age_group":"40-49   ","count":26,"tested":126},{"age_group":"50-59   ","count":33,"tested":201},{"age_group":"60-69   ","count":21,"tested":156},{"age_group":"70-79   ","count":11,"tested":96},{"age_group":"80+","count":8,"tested":48}],"race":[{"description":"Left Blank","count":43,"tested":391,"color":"rgb(44,160,44)"},{"description":"White","count":136,"tested":792,"color":"rgb(31,119,180)"}],"gender":[{"description":"Female","count":103,"tested":695,"color":"rgb(255,127,14)"},{"description":"Male","count":78,"tested":509,"color":"rgb(31,119,180)"}]}
