{"age":[{"age_group":"<20","count":12,"tested":479},{"age_group":"20-29   ","count":116,"tested":2606},{"age_group":"30-39   ","count":78,"tested":1969},{"age_group":"40-49   ","count":30,"tested":864},{"age_group":"50-59   ","count":29,"tested":796},{"age_group":"60-69   ","count":17,"tested":598},{"age_group":"70-79   ","count":11,"tested":333}],"race":[{"description":"Other","count":12,"tested":323,"color":"rgb(148,103,189)"},{"description":"Left Blank","count":104,"tested":3985,"color":"rgb(44,160,44)"},{"description":"White","count":107,"tested":1789,"color":"rgb(31,119,180)"},{"description":"Black","count":27,"tested":710,"color":"rgb(255,127,14)"},{"description":"Hispanic","count":28,"tested":300,"color":"rgb(214,39,40)"},{"description":"Asian","count":18,"tested":696,"color":"rgb(140,86,75)"}],"gender":[{"description":"Male","count":174,"tested":4519,"color":"rgb(31,119,180)"},{"description":"Female","count":119,"tested":3181,"color":"rgb(255,127,14)"}]}
