{"age":[{"age_group":"<20","count":621,"tested":5579},{"age_group":"20-29   ","count":1061,"tested":12160},{"age_group":"30-39   ","count":980,"tested":11868},{"age_group":"40-49   ","count":813,"tested":10456},{"age_group":"50-59   ","count":957,"tested":12961},{"age_group":"60-69   ","count":765,"tested":11778},{"age_group":"70-79   ","count":353,"tested":5199},{"age_group":"80+","count":277,"tested":4430}],"race":[{"description":"Hispanic","count":867,"tested":5436,"color":"rgb(214,39,40)"},{"description":"AI/AN**","count":27,"tested":213,"color":"rgb(31,119,180)"},{"description":"Left Blank","count":1431,"tested":34827,"color":"rgb(44,160,44)"},{"description":"NH/PI*","count":20,"tested":238,"color":"rgb(127,127,127)"},{"description":"Black","count":146,"tested":1992,"color":"rgb(255,127,14)"},{"description":"Asian","count":831,"tested":8538,"color":"rgb(140,86,75)"},{"description":"White","count":1969,"tested":20012,"color":"rgb(31,119,180)"},{"description":"Other","count":536,"tested":3206,"color":"rgb(148,103,189)"}],"gender":[{"description":"Unknown/Left Blank","count":43,"tested":1183,"color":"rgb(44,160,44)"},{"description":"Female","count":2961,"tested":43741,"color":"rgb(255,127,14)"},{"description":"Male","count":2823,"tested":29538,"color":"rgb(31,119,180)"}]}
