{"age":[{"age_group":"<20","count":327,"tested":2929},{"age_group":"20-29   ","count":378,"tested":3554},{"age_group":"30-39   ","count":310,"tested":2829},{"age_group":"40-49   ","count":263,"tested":2510},{"age_group":"50-59   ","count":212,"tested":2095},{"age_group":"60-69   ","count":134,"tested":1686},{"age_group":"70-79   ","count":60,"tested":1048},{"age_group":"80+","count":44,"tested":658}],"race":[{"description":"Hispanic","count":615,"tested":1916,"color":"rgb(214,39,40)"},{"description":"White","count":469,"tested":4196,"color":"rgb(31,119,180)"},{"description":"Left Blank","count":224,"tested":8415,"color":"rgb(44,160,44)"},{"description":"Other","count":30,"tested":341,"color":"rgb(148,103,189)"},{"description":"Asian","count":69,"tested":189,"color":"rgb(140,86,75)"},{"description":"Black","count":315,"tested":2233,"color":"rgb(255,127,14)"}],"gender":[{"description":"Unknown/Left Blank","count":17,"tested":604,"color":"rgb(44,160,44)"},{"description":"Female","count":896,"tested":9976,"color":"rgb(255,127,14)"},{"description":"Male","count":815,"tested":6732,"color":"rgb(31,119,180)"}]}
