{"age":[{"age_group":"<20","count":35,"tested":513},{"age_group":"20-29   ","count":194,"tested":7377},{"age_group":"30-39   ","count":184,"tested":7743},{"age_group":"40-49   ","count":126,"tested":4400},{"age_group":"50-59   ","count":111,"tested":2206},{"age_group":"60-69   ","count":50,"tested":839},{"age_group":"70-79   ","count":19,"tested":250},{"age_group":"80+","count":7,"tested":112}],"race":[{"description":"Left Blank","count":392,"tested":22955,"color":"rgb(44,160,44)"},{"description":"White","count":252,"tested":1703,"color":"rgb(31,119,180)"},{"description":"Other","count":23,"tested":134,"color":"rgb(148,103,189)"},{"description":"Hispanic","count":9,"tested":56,"color":"rgb(214,39,40)"},{"description":"Black","count":48,"tested":67,"color":"rgb(255,127,14)"}],"gender":[{"description":"Female","count":165,"tested":1548,"color":"rgb(255,127,14)"},{"description":"Male","count":422,"tested":9935,"color":"rgb(31,119,180)"},{"description":"Unknown/Left Blank","count":139,"tested":13451,"color":"rgb(44,160,44)"}]}
