{"age":[{"age_group":"<20","count":328,"tested":3755},{"age_group":"20-29   ","count":407,"tested":3793},{"age_group":"30-39   ","count":382,"tested":3742},{"age_group":"40-49   ","count":343,"tested":3285},{"age_group":"50-59   ","count":354,"tested":3189},{"age_group":"60-69   ","count":304,"tested":2931},{"age_group":"70-79   ","count":151,"tested":1503},{"age_group":"80+","count":189,"tested":1826}],"race":[{"description":"Asian","count":11,"tested":64,"color":"rgb(140,86,75)"},{"description":"Black","count":90,"tested":931,"color":"rgb(255,127,14)"},{"description":"Other","count":197,"tested":987,"color":"rgb(148,103,189)"},{"description":"Hispanic","count":234,"tested":1297,"color":"rgb(214,39,40)"},{"description":"Left Blank","count":479,"tested":10088,"color":"rgb(44,160,44)"},{"description":"White","count":1447,"tested":10646,"color":"rgb(31,119,180)"}],"gender":[{"description":"Female","count":1338,"tested":14039,"color":"rgb(255,127,14)"},{"description":"Male","count":1066,"tested":8010,"color":"rgb(31,119,180)"},{"description":"Unknown/Left Blank","count":55,"tested":1978,"color":"rgb(44,160,44)"}]}
