{"age":[{"age_group":"<20","count":217,"tested":2161},{"age_group":"20-29   ","count":216,"tested":2448},{"age_group":"30-39   ","count":211,"tested":2896},{"age_group":"40-49   ","count":239,"tested":2859},{"age_group":"50-59   ","count":215,"tested":2924},{"age_group":"60-69   ","count":146,"tested":2430},{"age_group":"70-79   ","count":78,"tested":1409},{"age_group":"80+","count":51,"tested":1484}],"race":[{"description":"Asian","count":30,"tested":344,"color":"rgb(140,86,75)"},{"description":"Black","count":7,"tested":119,"color":"rgb(255,127,14)"},{"description":"Other","count":31,"tested":317,"color":"rgb(148,103,189)"},{"description":"Hispanic","count":271,"tested":1419,"color":"rgb(214,39,40)"},{"description":"Left Blank","count":458,"tested":9117,"color":"rgb(44,160,44)"},{"description":"White","count":575,"tested":7260,"color":"rgb(31,119,180)"}],"gender":[{"description":"Female","count":699,"tested":10688,"color":"rgb(255,127,14)"},{"description":"Male","count":662,"tested":7493,"color":"rgb(31,119,180)"},{"description":"Unknown/Left Blank","count":12,"tested":432,"color":"rgb(44,160,44)"}]}
