{"age":[{"age_group":"<20","count":850,"tested":6898},{"age_group":"20-29   ","count":983,"tested":9062},{"age_group":"30-39   ","count":764,"tested":7618},{"age_group":"40-49   ","count":909,"tested":8297},{"age_group":"50-59   ","count":836,"tested":8199},{"age_group":"60-69   ","count":312,"tested":3486},{"age_group":"70-79   ","count":113,"tested":1658},{"age_group":"80+","count":51,"tested":638}],"race":[{"description":"Other","count":187,"tested":1910,"color":"rgb(148,103,189)"},{"description":"Hispanic","count":905,"tested":5062,"color":"rgb(214,39,40)"},{"description":"White","count":1811,"tested":16705,"color":"rgb(31,119,180)"},{"description":"Asian","count":55,"tested":803,"color":"rgb(140,86,75)"},{"description":"Left Blank","count":1524,"tested":18147,"color":"rgb(44,160,44)"},{"description":"Black","count":325,"tested":3106,"color":"rgb(255,127,14)"},{"description":"AI/AN**","count":9,"tested":66,"color":"rgb(31,119,180)"}],"gender":[{"description":"Male","count":2249,"tested":19407,"color":"rgb(31,119,180)"},{"description":"Unknown/Left Blank","count":37,"tested":802,"color":"rgb(44,160,44)"},{"description":"Female","count":2532,"tested":25650,"color":"rgb(255,127,14)"}]}
