{"age":[{"age_group":"<20","count":43,"tested":452},{"age_group":"20-29   ","count":39,"tested":313},{"age_group":"30-39   ","count":36,"tested":289},{"age_group":"40-49   ","count":45,"tested":315},{"age_group":"50-59   ","count":45,"tested":400},{"age_group":"60-69   ","count":34,"tested":321},{"age_group":"70-79   ","count":10,"tested":155},{"age_group":"80+","count":11,"tested":66}],"race":[{"description":"White","count":174,"tested":1121,"color":"rgb(31,119,180)"},{"description":"Left Blank","count":83,"tested":1139,"color":"rgb(44,160,44)"}],"gender":[{"description":"Male","count":124,"tested":856,"color":"rgb(31,119,180)"},{"description":"Female","count":139,"tested":1408,"color":"rgb(255,127,14)"}]}
