{"age":[{"age_group":"<20","count":106,"tested":1603},{"age_group":"20-29   ","count":635,"tested":11042},{"age_group":"30-39   ","count":591,"tested":12079},{"age_group":"40-49   ","count":192,"tested":3124},{"age_group":"50-59   ","count":135,"tested":1877},{"age_group":"60-69   ","count":100,"tested":1271},{"age_group":"70-79   ","count":55,"tested":717},{"age_group":"80+","count":44,"tested":309}],"race":[{"description":"Black","count":145,"tested":1740,"color":"rgb(255,127,14)"},{"description":"Asian","count":34,"tested":1163,"color":"rgb(140,86,75)"},{"description":"Hispanic","count":353,"tested":2649,"color":"rgb(214,39,40)"},{"description":"White","count":647,"tested":10707,"color":"rgb(31,119,180)"},{"description":"Other","count":102,"tested":1687,"color":"rgb(148,103,189)"},{"description":"Left Blank","count":572,"tested":14031,"color":"rgb(44,160,44)"}],"gender":[{"description":"Female","count":871,"tested":16555,"color":"rgb(255,127,14)"},{"description":"Male","count":907,"tested":14923,"color":"rgb(31,119,180)"},{"description":"Unknown/Left Blank","count":80,"tested":553,"color":"rgb(44,160,44)"}]}
