{"age":[{"age_group":"<20","count":75,"tested":926},{"age_group":"20-29   ","count":61,"tested":949},{"age_group":"30-39   ","count":50,"tested":859},{"age_group":"40-49   ","count":60,"tested":824},{"age_group":"50-59   ","count":65,"tested":1123},{"age_group":"60-69   ","count":63,"tested":1491},{"age_group":"70-79   ","count":40,"tested":995},{"age_group":"80+","count":51,"tested":1744}],"race":[{"description":"White","count":275,"tested":4302,"color":"rgb(31,119,180)"},{"description":"Left Blank","count":170,"tested":4389,"color":"rgb(44,160,44)"},{"description":"Hispanic","count":19,"tested":129,"color":"rgb(214,39,40)"}],"gender":[{"description":"Male","count":210,"tested":2997,"color":"rgb(31,119,180)"},{"description":"Female","count":239,"tested":5592,"color":"rgb(255,127,14)"},{"description":"Unknown/Left Blank","count":18,"tested":327,"color":"rgb(44,160,44)"}]}
