{"age":[{"age_group":"<20","count":96,"tested":957},{"age_group":"20-29   ","count":114,"tested":1122},{"age_group":"30-39   ","count":115,"tested":904},{"age_group":"40-49   ","count":113,"tested":982},{"age_group":"50-59   ","count":165,"tested":1508},{"age_group":"60-69   ","count":99,"tested":952},{"age_group":"70-79   ","count":46,"tested":617},{"age_group":"80+","count":17,"tested":209}],"race":[{"description":"Hispanic","count":28,"tested":195,"color":"rgb(214,39,40)"},{"description":"White","count":447,"tested":4048,"color":"rgb(31,119,180)"},{"description":"Left Blank","count":246,"tested":2635,"color":"rgb(44,160,44)"},{"description":"Other","count":40,"tested":259,"color":"rgb(148,103,189)"}],"gender":[{"description":"Male","count":374,"tested":3345,"color":"rgb(31,119,180)"},{"description":"Female","count":387,"tested":3881,"color":"rgb(255,127,14)"}]}
