{"age":[{"age_group":"<20","count":525,"tested":4652},{"age_group":"20-29   ","count":657,"tested":6270},{"age_group":"30-39   ","count":536,"tested":5604},{"age_group":"40-49   ","count":541,"tested":4858},{"age_group":"50-59   ","count":551,"tested":5731},{"age_group":"60-69   ","count":329,"tested":4842},{"age_group":"70-79   ","count":128,"tested":2501},{"age_group":"80+","count":95,"tested":1718}],"race":[{"description":"Hispanic","count":1204,"tested":5730,"color":"rgb(214,39,40)"},{"description":"White","count":1017,"tested":13780,"color":"rgb(31,119,180)"},{"description":"Left Blank","count":806,"tested":12884,"color":"rgb(44,160,44)"},{"description":"Other","count":191,"tested":1401,"color":"rgb(148,103,189)"},{"description":"Black","count":36,"tested":524,"color":"rgb(255,127,14)"},{"description":"Asian","count":102,"tested":1705,"color":"rgb(140,86,75)"}],"gender":[{"description":"Unknown/Left Blank","count":28,"tested":314,"color":"rgb(44,160,44)"},{"description":"Male","count":1689,"tested":15809,"color":"rgb(31,119,180)"},{"description":"Female","count":1646,"tested":20056,"color":"rgb(255,127,14)"}]}
