{"age":[{"age_group":"<20","count":246,"tested":6553},{"age_group":"20-29   ","count":513,"tested":29673},{"age_group":"30-39   ","count":424,"tested":11329},{"age_group":"40-49   ","count":295,"tested":6732},{"age_group":"50-59   ","count":264,"tested":6879},{"age_group":"60-69   ","count":153,"tested":5313},{"age_group":"70-79   ","count":95,"tested":2913},{"age_group":"80+","count":74,"tested":1581}],"race":[{"description":"Asian","count":49,"tested":5511,"color":"rgb(140,86,75)"},{"description":"White","count":246,"tested":22045,"color":"rgb(31,119,180)"},{"description":"Black","count":1120,"tested":19193,"color":"rgb(255,127,14)"},{"description":"Other","count":53,"tested":1175,"color":"rgb(148,103,189)"},{"description":"Left Blank","count":508,"tested":19082,"color":"rgb(44,160,44)"},{"description":"Hispanic","count":83,"tested":3755,"color":"rgb(214,39,40)"}],"gender":[{"description":"Male","count":922,"tested":29638,"color":"rgb(31,119,180)"},{"description":"Unknown/Left Blank","count":24,"tested":1065,"color":"rgb(44,160,44)"},{"description":"Female","count":1118,"tested":40281,"color":"rgb(255,127,14)"}]}
