{"age":[{"age_group":"<20","count":130,"tested":2114},{"age_group":"20-29   ","count":208,"tested":2457},{"age_group":"30-39   ","count":174,"tested":2488},{"age_group":"40-49   ","count":174,"tested":2186},{"age_group":"50-59   ","count":169,"tested":2730},{"age_group":"60-69   ","count":128,"tested":2351},{"age_group":"70-79   ","count":73,"tested":1709},{"age_group":"80+","count":81,"tested":2782}],"race":[{"description":"Left Blank","count":286,"tested":8929,"color":"rgb(44,160,44)"},{"description":"Hispanic","count":163,"tested":878,"color":"rgb(214,39,40)"},{"description":"Other","count":49,"tested":386,"color":"rgb(148,103,189)"},{"description":"Black","count":39,"tested":278,"color":"rgb(255,127,14)"},{"description":"White","count":529,"tested":7676,"color":"rgb(31,119,180)"},{"description":"Asian","count":48,"tested":660,"color":"rgb(140,86,75)"}],"gender":[{"description":"Male","count":488,"tested":7463,"color":"rgb(31,119,180)"},{"description":"Female","count":579,"tested":9964,"color":"rgb(255,127,14)"}]}
