{"age":[{"age_group":"<20","count":19,"tested":170},{"age_group":"20-29   ","count":34,"tested":185},{"age_group":"30-39   ","count":20,"tested":158},{"age_group":"40-49   ","count":24,"tested":163},{"age_group":"50-59   ","count":20,"tested":124},{"age_group":"60-69   ","count":14,"tested":83}],"race":[{"description":"Hispanic","count":42,"tested":181,"color":"rgb(214,39,40)"},{"description":"Left Blank","count":20,"tested":346,"color":"rgb(44,160,44)"},{"description":"White","count":49,"tested":420,"color":"rgb(31,119,180)"}],"gender":[{"description":"Female","count":56,"tested":552,"color":"rgb(255,127,14)"},{"description":"Male","count":48,"tested":408,"color":"rgb(31,119,180)"}]}
