{"age":[{"age_group":"<20","count":165,"tested":1358},{"age_group":"20-29   ","count":201,"tested":1786},{"age_group":"30-39   ","count":180,"tested":1815},{"age_group":"40-49   ","count":199,"tested":1737},{"age_group":"50-59   ","count":207,"tested":1942},{"age_group":"60-69   ","count":130,"tested":1568},{"age_group":"70-79   ","count":64,"tested":788},{"age_group":"80+","count":45,"tested":380}],"race":[{"description":"Asian","count":61,"tested":391,"color":"rgb(140,86,75)"},{"description":"Hispanic","count":136,"tested":504,"color":"rgb(214,39,40)"},{"description":"Black","count":36,"tested":156,"color":"rgb(255,127,14)"},{"description":"Other","count":47,"tested":235,"color":"rgb(148,103,189)"},{"description":"Left Blank","count":370,"tested":6665,"color":"rgb(44,160,44)"},{"description":"White","count":495,"tested":3404,"color":"rgb(31,119,180)"}],"gender":[{"description":"Female","count":563,"tested":6212,"color":"rgb(255,127,14)"},{"description":"Male","count":489,"tested":4733,"color":"rgb(31,119,180)"},{"description":"Unknown/Left Blank","count":29,"tested":436,"color":"rgb(44,160,44)"}]}
