{"age":[{"age_group":"<20","count":246,"tested":3465},{"age_group":"20-29   ","count":340,"tested":4465},{"age_group":"30-39   ","count":342,"tested":4601},{"age_group":"40-49   ","count":334,"tested":5466},{"age_group":"50-59   ","count":376,"tested":6070},{"age_group":"60-69   ","count":286,"tested":6127},{"age_group":"70-79   ","count":171,"tested":3549},{"age_group":"80+","count":170,"tested":2783}],"race":[{"description":"Other","count":82,"tested":529,"color":"rgb(148,103,189)"},{"description":"Left Blank","count":708,"tested":19418,"color":"rgb(44,160,44)"},{"description":"Hispanic","count":64,"tested":527,"color":"rgb(214,39,40)"},{"description":"White","count":261,"tested":4312,"color":"rgb(31,119,180)"},{"description":"Black","count":1082,"tested":11621,"color":"rgb(255,127,14)"}],"gender":[{"description":"Unknown/Left Blank","count":73,"tested":2802,"color":"rgb(44,160,44)"},{"description":"Male","count":941,"tested":14460,"color":"rgb(31,119,180)"},{"description":"Female","count":1151,"tested":19280,"color":"rgb(255,127,14)"}]}
