{"age":[{"age_group":"<20","count":492,"tested":5114},{"age_group":"20-29   ","count":998,"tested":20290},{"age_group":"30-39   ","count":969,"tested":20918},{"age_group":"40-49   ","count":654,"tested":7869},{"age_group":"50-59   ","count":597,"tested":5390},{"age_group":"60-69   ","count":407,"tested":3722},{"age_group":"70-79   ","count":245,"tested":2097},{"age_group":"80+","count":173,"tested":1029}],"race":[{"description":"Hispanic","count":2078,"tested":12055,"color":"rgb(214,39,40)"},{"description":"Left Blank","count":1065,"tested":27554,"color":"rgb(44,160,44)"},{"description":"White","count":787,"tested":20982,"color":"rgb(31,119,180)"},{"description":"Asian","count":110,"tested":1312,"color":"rgb(140,86,75)"},{"description":"Black","count":183,"tested":2001,"color":"rgb(255,127,14)"},{"description":"Other","count":186,"tested":2403,"color":"rgb(148,103,189)"},{"description":"AI/AN**","count":65,"tested":72,"color":"rgb(31,119,180)"}],"gender":[{"description":"Unknown/Left Blank","count":85,"tested":1560,"color":"rgb(44,160,44)"},{"description":"Male","count":2052,"tested":28752,"color":"rgb(31,119,180)"},{"description":"Female","count":2108,"tested":36132,"color":"rgb(255,127,14)"}]}
