{"age":[{"age_group":"<20","count":178,"tested":2186},{"age_group":"20-29   ","count":176,"tested":1486},{"age_group":"30-39   ","count":145,"tested":1535},{"age_group":"40-49   ","count":161,"tested":1535},{"age_group":"50-59   ","count":201,"tested":1493},{"age_group":"60-69   ","count":116,"tested":1129},{"age_group":"70-79   ","count":58,"tested":713},{"age_group":"80+","count":25,"tested":568}],"race":[{"description":"Asian","count":15,"tested":96,"color":"rgb(140,86,75)"},{"description":"Left Blank","count":220,"tested":3828,"color":"rgb(44,160,44)"},{"description":"White","count":666,"tested":6017,"color":"rgb(31,119,180)"},{"description":"Black","count":26,"tested":178,"color":"rgb(255,127,14)"},{"description":"Other","count":27,"tested":163,"color":"rgb(148,103,189)"},{"description":"Hispanic","count":91,"tested":354,"color":"rgb(214,39,40)"}],"gender":[{"description":"Male","count":489,"tested":4593,"color":"rgb(31,119,180)"},{"description":"Female","count":527,"tested":5955,"color":"rgb(255,127,14)"}]}
