{"age":[{"age_group":"<20","count":85,"tested":815},{"age_group":"20-29   ","count":179,"tested":1599},{"age_group":"30-39   ","count":143,"tested":1156},{"age_group":"40-49   ","count":162,"tested":1393},{"age_group":"50-59   ","count":136,"tested":1292},{"age_group":"60-69   ","count":69,"tested":979},{"age_group":"70-79   ","count":52,"tested":966},{"age_group":"80+","count":47,"tested":901}],"race":[{"description":"Other","count":32,"tested":470,"color":"rgb(148,103,189)"},{"description":"Black","count":121,"tested":936,"color":"rgb(255,127,14)"},{"description":"White","count":245,"tested":3288,"color":"rgb(31,119,180)"},{"description":"Asian","count":32,"tested":161,"color":"rgb(140,86,75)"},{"description":"Left Blank","count":259,"tested":3373,"color":"rgb(44,160,44)"},{"description":"Hispanic","count":167,"tested":854,"color":"rgb(214,39,40)"}],"gender":[{"description":"Unknown/Left Blank","count":14,"tested":88,"color":"rgb(44,160,44)"},{"description":"Female","count":417,"tested":5260,"color":"rgb(255,127,14)"},{"description":"Male","count":402,"tested":3754,"color":"rgb(31,119,180)"}]}
