{"age":[{"age_group":"<20","count":358,"tested":2615},{"age_group":"20-29   ","count":551,"tested":4935},{"age_group":"30-39   ","count":474,"tested":3694},{"age_group":"40-49   ","count":500,"tested":3736},{"age_group":"50-59   ","count":437,"tested":4082},{"age_group":"60-69   ","count":327,"tested":3504},{"age_group":"70-79   ","count":181,"tested":2021},{"age_group":"80+","count":165,"tested":1498}],"race":[{"description":"Asian","count":119,"tested":703,"color":"rgb(140,86,75)"},{"description":"White","count":528,"tested":5984,"color":"rgb(31,119,180)"},{"description":"Left Blank","count":862,"tested":13299,"color":"rgb(44,160,44)"},{"description":"Hispanic","count":1074,"tested":4091,"color":"rgb(214,39,40)"},{"description":"Black","count":179,"tested":1341,"color":"rgb(255,127,14)"},{"description":"Other","count":109,"tested":642,"color":"rgb(148,103,189)"}],"gender":[{"description":"Male","count":1200,"tested":10556,"color":"rgb(31,119,180)"},{"description":"Unknown/Left Blank","count":85,"tested":485,"color":"rgb(44,160,44)"},{"description":"Female","count":1408,"tested":15057,"color":"rgb(255,127,14)"}]}
