{"age":[{"age_group":"<20","count":152,"tested":1249},{"age_group":"20-29   ","count":293,"tested":2193},{"age_group":"30-39   ","count":241,"tested":1984},{"age_group":"40-49   ","count":207,"tested":1735},{"age_group":"50-59   ","count":201,"tested":1842},{"age_group":"60-69   ","count":165,"tested":1635},{"age_group":"70-79   ","count":62,"tested":722},{"age_group":"80+","count":51,"tested":309}],"race":[{"description":"White","count":396,"tested":3765,"color":"rgb(31,119,180)"},{"description":"Other","count":62,"tested":438,"color":"rgb(148,103,189)"},{"description":"Left Blank","count":622,"tested":6160,"color":"rgb(44,160,44)"},{"description":"Black","count":95,"tested":549,"color":"rgb(255,127,14)"},{"description":"Asian","count":35,"tested":169,"color":"rgb(140,86,75)"},{"description":"Hispanic","count":118,"tested":553,"color":"rgb(214,39,40)"}],"gender":[{"description":"Female","count":623,"tested":6400,"color":"rgb(255,127,14)"},{"description":"Male","count":626,"tested":5139,"color":"rgb(31,119,180)"}]}
