{"age":[{"age_group":"20-29   ","count":8,"tested":49},{"age_group":"30-39   ","count":7,"tested":40},{"age_group":"40-49   ","count":7,"tested":56},{"age_group":"50-59   ","count":8,"tested":69},{"age_group":"60-69   ","count":7,"tested":39}],"race":[{"description":"White","count":30,"tested":233,"color":"rgb(31,119,180)"},{"description":"Left Blank","count":8,"tested":108,"color":"rgb(44,160,44)"}],"gender":[{"description":"Male","count":19,"tested":158,"color":"rgb(31,119,180)"},{"description":"Female","count":19,"tested":183,"color":"rgb(255,127,14)"}]}
