{"age":[{"age_group":"<20","count":176,"tested":1228},{"age_group":"20-29   ","count":229,"tested":1643},{"age_group":"30-39   ","count":161,"tested":1312},{"age_group":"40-49   ","count":176,"tested":1148},{"age_group":"50-59   ","count":225,"tested":1850},{"age_group":"60-69   ","count":147,"tested":1311},{"age_group":"70-79   ","count":91,"tested":795},{"age_group":"80+","count":69,"tested":450}],"race":[{"description":"Hispanic","count":67,"tested":163,"color":"rgb(214,39,40)"},{"description":"Left Blank","count":497,"tested":5229,"color":"rgb(44,160,44)"},{"description":"White","count":470,"tested":3943,"color":"rgb(31,119,180)"},{"description":"Black","count":48,"tested":86,"color":"rgb(255,127,14)"},{"description":"Asian","count":47,"tested":88,"color":"rgb(140,86,75)"},{"description":"Other","count":62,"tested":221,"color":"rgb(148,103,189)"}],"gender":[{"description":"Male","count":509,"tested":4375,"color":"rgb(31,119,180)"},{"description":"Female","count":514,"tested":5238,"color":"rgb(255,127,14)"}]}
