{"age":[{"age_group":"<20","count":172,"tested":2884},{"age_group":"20-29   ","count":107,"tested":1815},{"age_group":"30-39   ","count":69,"tested":1363},{"age_group":"40-49   ","count":101,"tested":2043},{"age_group":"50-59   ","count":123,"tested":2450},{"age_group":"60-69   ","count":68,"tested":1779},{"age_group":"70-79   ","count":53,"tested":1085},{"age_group":"80+","count":53,"tested":694}],"race":[{"description":"Left Blank","count":158,"tested":5227,"color":"rgb(44,160,44)"},{"description":"Other","count":80,"tested":1098,"color":"rgb(148,103,189)"},{"description":"Asian","count":29,"tested":482,"color":"rgb(140,86,75)"},{"description":"Black","count":26,"tested":91,"color":"rgb(255,127,14)"},{"description":"White","count":376,"tested":6957,"color":"rgb(31,119,180)"},{"description":"Hispanic","count":44,"tested":230,"color":"rgb(214,39,40)"}],"gender":[{"description":"Female","count":322,"tested":7639,"color":"rgb(255,127,14)"},{"description":"Male","count":327,"tested":6403,"color":"rgb(31,119,180)"}]}
