{"age":[{"age_group":"<20","count":61,"tested":455},{"age_group":"20-29   ","count":62,"tested":759},{"age_group":"30-39   ","count":55,"tested":696},{"age_group":"40-49   ","count":75,"tested":939},{"age_group":"50-59   ","count":74,"tested":1039},{"age_group":"60-69   ","count":59,"tested":1015},{"age_group":"70-79   ","count":33,"tested":508},{"age_group":"80+","count":20,"tested":324}],"race":[{"description":"Left Blank","count":152,"tested":2679,"color":"rgb(44,160,44)"},{"description":"Hispanic","count":29,"tested":170,"color":"rgb(214,39,40)"},{"description":"Other","count":10,"tested":80,"color":"rgb(148,103,189)"},{"description":"Black","count":204,"tested":2250,"color":"rgb(255,127,14)"},{"description":"White","count":43,"tested":538,"color":"rgb(31,119,180)"}],"gender":[{"description":"Female","count":225,"tested":3346,"color":"rgb(255,127,14)"},{"description":"Male","count":213,"tested":2215,"color":"rgb(31,119,180)"}]}
