{"age":[{"age_group":"<20","count":173,"tested":1398},{"age_group":"20-29   ","count":244,"tested":2025},{"age_group":"30-39   ","count":222,"tested":2079},{"age_group":"40-49   ","count":231,"tested":1798},{"age_group":"50-59   ","count":241,"tested":2151},{"age_group":"60-69   ","count":200,"tested":2000},{"age_group":"70-79   ","count":145,"tested":1374},{"age_group":"80+","count":115,"tested":1096}],"race":[{"description":"Asian","count":76,"tested":122,"color":"rgb(140,86,75)"},{"description":"Black","count":71,"tested":109,"color":"rgb(255,127,14)"},{"description":"White","count":653,"tested":7308,"color":"rgb(31,119,180)"},{"description":"Other","count":83,"tested":200,"color":"rgb(148,103,189)"},{"description":"Left Blank","count":326,"tested":5180,"color":"rgb(44,160,44)"},{"description":"Hispanic","count":235,"tested":976,"color":"rgb(214,39,40)"}],"gender":[{"description":"Female","count":608,"tested":7989,"color":"rgb(255,127,14)"},{"description":"Male","count":573,"tested":5658,"color":"rgb(31,119,180)"},{"description":"Unknown/Left Blank","count":75,"tested":274,"color":"rgb(44,160,44)"}]}
