{"age":[{"age_group":"<20","count":161,"tested":948},{"age_group":"20-29   ","count":207,"tested":1562},{"age_group":"30-39   ","count":171,"tested":1379},{"age_group":"40-49   ","count":171,"tested":1180},{"age_group":"50-59   ","count":191,"tested":1538},{"age_group":"60-69   ","count":161,"tested":1664},{"age_group":"70-79   ","count":85,"tested":845},{"age_group":"80+","count":69,"tested":1511}],"race":[{"description":"Other","count":73,"tested":258,"color":"rgb(148,103,189)"},{"description":"Left Blank","count":438,"tested":5995,"color":"rgb(44,160,44)"},{"description":"Black","count":46,"tested":60,"color":"rgb(255,127,14)"},{"description":"Hispanic","count":52,"tested":133,"color":"rgb(214,39,40)"},{"description":"White","count":506,"tested":4116,"color":"rgb(31,119,180)"}],"gender":[{"description":"Male","count":491,"tested":4064,"color":"rgb(31,119,180)"},{"description":"Female","count":529,"tested":5978,"color":"rgb(255,127,14)"}]}
