{"age":[{"age_group":"<20","count":13,"tested":265},{"age_group":"20-29   ","count":58,"tested":1083},{"age_group":"30-39   ","count":44,"tested":979},{"age_group":"40-49   ","count":21,"tested":460},{"age_group":"50-59   ","count":13,"tested":451},{"age_group":"60-69   ","count":9,"tested":337},{"age_group":"70-79   ","count":9,"tested":208}],"race":[{"description":"White","count":44,"tested":765,"color":"rgb(31,119,180)"},{"description":"Left Blank","count":65,"tested":2271,"color":"rgb(44,160,44)"},{"description":"Black","count":19,"tested":437,"color":"rgb(255,127,14)"},{"description":"Hispanic","count":19,"tested":104,"color":"rgb(214,39,40)"},{"description":"Asian","count":11,"tested":191,"color":"rgb(140,86,75)"}],"gender":[{"description":"Male","count":86,"tested":2279,"color":"rgb(31,119,180)"},{"description":"Female","count":67,"tested":1567,"color":"rgb(255,127,14)"}]}
