{"age":[{"age_group":"<20","count":114,"tested":1337},{"age_group":"20-29   ","count":134,"tested":1737},{"age_group":"30-39   ","count":96,"tested":1445},{"age_group":"40-49   ","count":154,"tested":1799},{"age_group":"50-59   ","count":146,"tested":2045},{"age_group":"60-69   ","count":65,"tested":1189},{"age_group":"70-79   ","count":32,"tested":523},{"age_group":"80+","count":17,"tested":206}],"race":[{"description":"Hispanic","count":107,"tested":650,"color":"rgb(214,39,40)"},{"description":"White","count":157,"tested":2419,"color":"rgb(31,119,180)"},{"description":"Black","count":105,"tested":1114,"color":"rgb(255,127,14)"},{"description":"Asian","count":62,"tested":852,"color":"rgb(140,86,75)"},{"description":"Other","count":49,"tested":437,"color":"rgb(148,103,189)"},{"description":"Left Blank","count":253,"tested":4786,"color":"rgb(44,160,44)"}],"gender":[{"description":"Female","count":348,"tested":5596,"color":"rgb(255,127,14)"},{"description":"Male","count":349,"tested":4570,"color":"rgb(31,119,180)"}]}
