{"age":[{"age_group":"<20","count":108,"tested":2202},{"age_group":"20-29   ","count":337,"tested":7928},{"age_group":"30-39   ","count":361,"tested":6829},{"age_group":"40-49   ","count":197,"tested":2956},{"age_group":"50-59   ","count":210,"tested":1966},{"age_group":"60-69   ","count":160,"tested":1364},{"age_group":"70-79   ","count":56,"tested":520},{"age_group":"80+","count":38,"tested":205}],"race":[{"description":"Asian","count":82,"tested":2566,"color":"rgb(140,86,75)"},{"description":"Black","count":333,"tested":2789,"color":"rgb(255,127,14)"},{"description":"Hispanic","count":154,"tested":1277,"color":"rgb(214,39,40)"},{"description":"White","count":452,"tested":7420,"color":"rgb(31,119,180)"},{"description":"Left Blank","count":305,"tested":8303,"color":"rgb(44,160,44)"},{"description":"Other","count":95,"tested":1557,"color":"rgb(148,103,189)"}],"gender":[{"description":"Female","count":541,"tested":11738,"color":"rgb(255,127,14)"},{"description":"Male","count":724,"tested":10682,"color":"rgb(31,119,180)"},{"description":"Unknown/Left Blank","count":92,"tested":1557,"color":"rgb(44,160,44)"}]}
