{"age":[{"age_group":"<20","count":107,"tested":2254},{"age_group":"20-29   ","count":169,"tested":3636},{"age_group":"30-39   ","count":156,"tested":4400},{"age_group":"40-49   ","count":143,"tested":3806},{"age_group":"50-59   ","count":149,"tested":4622},{"age_group":"60-69   ","count":106,"tested":4217},{"age_group":"70-79   ","count":76,"tested":1922},{"age_group":"80+","count":110,"tested":1208}],"race":[{"description":"Other","count":83,"tested":1288,"color":"rgb(148,103,189)"},{"description":"Black","count":246,"tested":2689,"color":"rgb(255,127,14)"},{"description":"Asian","count":36,"tested":557,"color":"rgb(140,86,75)"},{"description":"White","count":284,"tested":6378,"color":"rgb(31,119,180)"},{"description":"Left Blank","count":153,"tested":13961,"color":"rgb(44,160,44)"},{"description":"Hispanic","count":193,"tested":1137,"color":"rgb(214,39,40)"}],"gender":[{"description":"Female","count":531,"tested":14305,"color":"rgb(255,127,14)"},{"description":"Male","count":421,"tested":11229,"color":"rgb(31,119,180)"}]}
