{"age":[{"age_group":"<20","count":122,"tested":743},{"age_group":"20-29   ","count":213,"tested":1448},{"age_group":"30-39   ","count":166,"tested":1271},{"age_group":"40-49   ","count":155,"tested":1142},{"age_group":"50-59   ","count":140,"tested":1207},{"age_group":"60-69   ","count":111,"tested":1193},{"age_group":"70-79   ","count":84,"tested":768},{"age_group":"80+","count":84,"tested":789}],"race":[{"description":"Left Blank","count":268,"tested":3964,"color":"rgb(44,160,44)"},{"description":"Other","count":62,"tested":464,"color":"rgb(148,103,189)"},{"description":"Black","count":212,"tested":1424,"color":"rgb(255,127,14)"},{"description":"Hispanic","count":292,"tested":984,"color":"rgb(214,39,40)"},{"description":"White","count":160,"tested":1652,"color":"rgb(31,119,180)"},{"description":"AI/AN**","count":34,"tested":37,"color":"rgb(31,119,180)"}],"gender":[{"description":"Female","count":512,"tested":5055,"color":"rgb(255,127,14)"},{"description":"Male","count":434,"tested":3330,"color":"rgb(31,119,180)"}]}
