{"age":[{"age_group":"<20","count":438,"tested":2653},{"age_group":"20-29   ","count":780,"tested":4970},{"age_group":"30-39   ","count":583,"tested":3971},{"age_group":"40-49   ","count":647,"tested":3396},{"age_group":"50-59   ","count":524,"tested":3526},{"age_group":"60-69   ","count":280,"tested":2248},{"age_group":"70-79   ","count":148,"tested":999},{"age_group":"80+","count":117,"tested":786}],"race":[{"description":"Left Blank","count":966,"tested":12275,"color":"rgb(44,160,44)"},{"description":"Hispanic","count":1683,"tested":4692,"color":"rgb(214,39,40)"},{"description":"Other","count":109,"tested":655,"color":"rgb(148,103,189)"},{"description":"Asian","count":91,"tested":608,"color":"rgb(140,86,75)"},{"description":"Black","count":145,"tested":824,"color":"rgb(255,127,14)"},{"description":"White","count":410,"tested":3490,"color":"rgb(31,119,180)"},{"description":"NH/PI*","count":64,"tested":13,"color":"rgb(127,127,127)"}],"gender":[{"description":"Male","count":1524,"tested":9066,"color":"rgb(31,119,180)"},{"description":"Female","count":1692,"tested":13084,"color":"rgb(255,127,14)"},{"description":"Unknown/Left Blank","count":71,"tested":411,"color":"rgb(44,160,44)"}]}
