{"age":[{"age_group":"<20","count":12,"tested":64},{"age_group":"20-29   ","count":11,"tested":48},{"age_group":"30-39   ","count":10,"tested":47},{"age_group":"40-49   ","count":11,"tested":73},{"age_group":"50-59   ","count":16,"tested":90},{"age_group":"60-69   ","count":11,"tested":101}],"race":[{"description":"White","count":43,"tested":376,"color":"rgb(31,119,180)"},{"description":"Left Blank","count":16,"tested":85,"color":"rgb(44,160,44)"}],"gender":[{"description":"Female","count":35,"tested":243,"color":"rgb(255,127,14)"},{"description":"Male","count":29,"tested":238,"color":"rgb(31,119,180)"}]}
