{"age":[{"age_group":"<20","count":307,"tested":2965},{"age_group":"20-29   ","count":243,"tested":2072},{"age_group":"30-39   ","count":227,"tested":2013},{"age_group":"40-49   ","count":225,"tested":1928},{"age_group":"50-59   ","count":269,"tested":2697},{"age_group":"60-69   ","count":199,"tested":1789},{"age_group":"70-79   ","count":149,"tested":1060},{"age_group":"80+","count":162,"tested":1326}],"race":[{"description":"Hispanic","count":166,"tested":474,"color":"rgb(214,39,40)"},{"description":"Left Blank","count":372,"tested":6858,"color":"rgb(44,160,44)"},{"description":"White","count":758,"tested":8012,"color":"rgb(31,119,180)"},{"description":"Asian","count":98,"tested":180,"color":"rgb(140,86,75)"},{"description":"Other","count":109,"tested":227,"color":"rgb(148,103,189)"}],"gender":[{"description":"Unknown/Left Blank","count":98,"tested":184,"color":"rgb(44,160,44)"},{"description":"Female","count":632,"tested":9006,"color":"rgb(255,127,14)"},{"description":"Male","count":597,"tested":6663,"color":"rgb(31,119,180)"}]}
