{"age":[{"age_group":"<20","count":41,"tested":208},{"age_group":"20-29   ","count":95,"tested":645},{"age_group":"30-39   ","count":70,"tested":616},{"age_group":"40-49   ","count":60,"tested":591},{"age_group":"50-59   ","count":56,"tested":680},{"age_group":"60-69   ","count":58,"tested":781},{"age_group":"70-79   ","count":43,"tested":501},{"age_group":"80+","count":58,"tested":562}],"race":[{"description":"White","count":142,"tested":1783,"color":"rgb(31,119,180)"},{"description":"Other","count":12,"tested":77,"color":"rgb(148,103,189)"},{"description":"Left Blank","count":221,"tested":1963,"color":"rgb(44,160,44)"},{"description":"Hispanic","count":51,"tested":191,"color":"rgb(214,39,40)"},{"description":"Black","count":35,"tested":541,"color":"rgb(255,127,14)"}],"gender":[{"description":"Male","count":195,"tested":1633,"color":"rgb(31,119,180)"},{"description":"Female","count":246,"tested":2849,"color":"rgb(255,127,14)"}]}
