{"lastUpdatedDate":{"year":2021,"month":8,"day":31},"county_demographics":[{"County":"Coles","confirmed_cases":6588,"total_tested":106715,"demographics":{"age":[{"race":[],"age_group":"<20","count":1268,"tested":18325,"deaths":0},{"race":[],"age_group":"20-29   ","count":1340,"tested":23024,"deaths":0},{"race":[],"age_group":"30-39   ","count":873,"tested":13337,"deaths":0},{"race":[],"age_group":"40-49   ","count":791,"tested":10840,"deaths":0},{"race":[],"age_group":"50-59   ","count":788,"tested":12581,"deaths":0},{"race":[],"age_group":"60-69   ","count":728,"tested":12001,"deaths":0},{"race":[],"age_group":"70-79   ","count":451,"tested":8538,"deaths":0},{"race":[],"age_group":"80+","count":349,"tested":8018,"deaths":0},{"race":[],"age_group":"Unknown","count":0,"tested":51,"deaths":0}],"race":[{"description":"AI/AN**","count":0,"tested":43,"deaths":0,"color":"rgb(31,119,180)"},{"description":"Asian","count":25,"tested":591,"deaths":0,"color":"rgb(140,86,75)"},{"description":"Black","count":231,"tested":5580,"deaths":0,"color":"rgb(255,127,14)"},{"description":"Hispanic","count":145,"tested":1922,"deaths":0,"color":"rgb(214,39,40)"},{"description":"Left Blank","count":790,"tested":17432,"deaths":0,"color":"rgb(44,160,44)"},{"description":"NH/PI*","count":0,"tested":53,"deaths":0,"color":"rgb(127,127,127)"},{"description":"Other","count":112,"tested":2177,"deaths":0,"color":"rgb(148,103,189)"},{"description":"White","count":5277,"tested":78917,"deaths":0,"color":"rgb(31,119,180)"}],"gender":[{"description":"Female","count":3518,"tested":62679,"deaths":0,"color":"rgb(255,127,14)"},{"description":"Male","count":3013,"tested":43010,"deaths":0,"color":"rgb(31,119,180)"},{"description":"Unknown/Left Blank","count":57,"tested":1026,"deaths":0,"color":"rgb(44,160,44)"}]}}]}
