{"lastUpdatedDate":{"year":2021,"month":8,"day":31},"county_demographics":[{"County":"LaSalle","confirmed_cases":13719,"total_tested":241146,"demographics":{"age":[{"race":[],"age_group":"<20","count":2035,"tested":23693,"deaths":0},{"race":[],"age_group":"20-29   ","count":2304,"tested":41824,"deaths":0},{"race":[],"age_group":"30-39   ","count":2134,"tested":42480,"deaths":0},{"race":[],"age_group":"40-49   ","count":2001,"tested":35787,"deaths":0},{"race":[],"age_group":"50-59   ","count":2052,"tested":33057,"deaths":0},{"race":[],"age_group":"60-69   ","count":1516,"tested":24494,"deaths":0},{"race":[],"age_group":"70-79   ","count":867,"tested":14580,"deaths":0},{"race":[],"age_group":"80+","count":810,"tested":23622,"deaths":0},{"race":[],"age_group":"Unknown","count":0,"tested":1609,"deaths":0}],"race":[{"description":"AI/AN**","count":7,"tested":110,"deaths":0,"color":"rgb(31,119,180)"},{"description":"Asian","count":32,"tested":823,"deaths":0,"color":"rgb(140,86,75)"},{"description":"Black","count":233,"tested":2540,"deaths":0,"color":"rgb(255,127,14)"},{"description":"Hispanic","count":1012,"tested":8299,"deaths":0,"color":"rgb(214,39,40)"},{"description":"Left Blank","count":3154,"tested":111949,"deaths":0,"color":"rgb(44,160,44)"},{"description":"NH/PI*","count":0,"tested":252,"deaths":0,"color":"rgb(127,127,127)"},{"description":"Other","count":597,"tested":4480,"deaths":0,"color":"rgb(148,103,189)"},{"description":"White","count":8676,"tested":112693,"deaths":0,"color":"rgb(31,119,180)"}],"gender":[{"description":"Female","count":7072,"tested":114386,"deaths":0,"color":"rgb(255,127,14)"},{"description":"Male","count":6439,"tested":91195,"deaths":0,"color":"rgb(31,119,180)"},{"description":"Unknown/Left Blank","count":208,"tested":35565,"deaths":0,"color":"rgb(44,160,44)"}]}}]}
