{"lastUpdatedDate":{"year":2021,"month":8,"day":31},"county_demographics":[{"County":"Alexander","confirmed_cases":610,"total_tested":7525,"demographics":{"age":[{"race":[],"age_group":"<20","count":88,"tested":552,"deaths":0},{"race":[],"age_group":"20-29   ","count":58,"tested":1068,"deaths":0},{"race":[],"age_group":"30-39   ","count":88,"tested":1073,"deaths":0},{"race":[],"age_group":"40-49   ","count":72,"tested":1271,"deaths":0},{"race":[],"age_group":"50-59   ","count":103,"tested":1633,"deaths":0},{"race":[],"age_group":"60-69   ","count":107,"tested":1256,"deaths":0},{"race":[],"age_group":"70-79   ","count":65,"tested":411,"deaths":0},{"race":[],"age_group":"80+","count":19,"tested":261,"deaths":0},{"race":[],"age_group":"Unknown","count":0,"tested":0,"deaths":0}],"race":[{"description":"AI/AN**","count":0,"tested":0,"deaths":0,"color":"rgb(31,119,180)"},{"description":"Asian","count":0,"tested":0,"deaths":0,"color":"rgb(140,86,75)"},{"description":"Black","count":177,"tested":1904,"deaths":0,"color":"rgb(255,127,14)"},{"description":"Hispanic","count":0,"tested":23,"deaths":0,"color":"rgb(214,39,40)"},{"description":"Left Blank","count":168,"tested":2787,"deaths":0,"color":"rgb(44,160,44)"},{"description":"NH/PI*","count":0,"tested":0,"deaths":0,"color":"rgb(127,127,127)"},{"description":"Other","count":0,"tested":39,"deaths":0,"color":"rgb(148,103,189)"},{"description":"White","count":256,"tested":2766,"deaths":0,"color":"rgb(31,119,180)"}],"gender":[{"description":"Female","count":360,"tested":4463,"deaths":0,"color":"rgb(255,127,14)"},{"description":"Male","count":243,"tested":2503,"deaths":0,"color":"rgb(31,119,180)"},{"description":"Unknown/Left Blank","count":7,"tested":559,"deaths":0,"color":"rgb(44,160,44)"}]}}]}
