{"lastUpdatedDate":{"year":2021,"month":8,"day":31},"county_demographics":[{"County":"Jo Daviess","confirmed_cases":1943,"total_tested":25013,"demographics":{"age":[{"race":[],"age_group":"<20","count":338,"tested":3363,"deaths":0},{"race":[],"age_group":"20-29   ","count":255,"tested":3009,"deaths":0},{"race":[],"age_group":"30-39   ","count":218,"tested":2815,"deaths":0},{"race":[],"age_group":"40-49   ","count":262,"tested":2607,"deaths":0},{"race":[],"age_group":"50-59   ","count":314,"tested":3648,"deaths":0},{"race":[],"age_group":"60-69   ","count":271,"tested":3941,"deaths":0},{"race":[],"age_group":"70-79   ","count":162,"tested":2488,"deaths":0},{"race":[],"age_group":"80+","count":120,"tested":3137,"deaths":0},{"race":[],"age_group":"Unknown","count":0,"tested":0,"deaths":0}],"race":[{"description":"AI/AN**","count":0,"tested":18,"deaths":0,"color":"rgb(31,119,180)"},{"description":"Asian","count":0,"tested":50,"deaths":0,"color":"rgb(140,86,75)"},{"description":"Black","count":10,"tested":171,"deaths":0,"color":"rgb(255,127,14)"},{"description":"Hispanic","count":50,"tested":345,"deaths":0,"color":"rgb(214,39,40)"},{"description":"Left Blank","count":557,"tested":9642,"deaths":0,"color":"rgb(44,160,44)"},{"description":"NH/PI*","count":0,"tested":0,"deaths":0,"color":"rgb(127,127,127)"},{"description":"Other","count":13,"tested":215,"deaths":0,"color":"rgb(148,103,189)"},{"description":"White","count":1302,"tested":14568,"deaths":0,"color":"rgb(31,119,180)"}],"gender":[{"description":"Female","count":1006,"tested":15807,"deaths":0,"color":"rgb(255,127,14)"},{"description":"Male","count":909,"tested":8671,"deaths":0,"color":"rgb(31,119,180)"},{"description":"Unknown/Left Blank","count":28,"tested":535,"deaths":0,"color":"rgb(44,160,44)"}]}}]}
