{"lastUpdatedDate":{"year":2021,"month":8,"day":31},"county_demographics":[{"County":"Sangamon","confirmed_cases":22699,"total_tested":461047,"demographics":{"age":[{"race":[],"age_group":"<20","count":4160,"tested":64285,"deaths":0},{"race":[],"age_group":"20-29   ","count":3818,"tested":83907,"deaths":0},{"race":[],"age_group":"30-39   ","count":3429,"tested":72563,"deaths":0},{"race":[],"age_group":"40-49   ","count":3157,"tested":63261,"deaths":0},{"race":[],"age_group":"50-59   ","count":3228,"tested":65484,"deaths":0},{"race":[],"age_group":"60-69   ","count":2461,"tested":53562,"deaths":0},{"race":[],"age_group":"70-79   ","count":1436,"tested":32611,"deaths":0},{"race":[],"age_group":"80+","count":1009,"tested":25282,"deaths":0},{"race":[],"age_group":"Unknown","count":0,"tested":92,"deaths":0}],"race":[{"description":"AI/AN**","count":11,"tested":462,"deaths":0,"color":"rgb(31,119,180)"},{"description":"Asian","count":180,"tested":5777,"deaths":0,"color":"rgb(140,86,75)"},{"description":"Black","count":2901,"tested":42139,"deaths":0,"color":"rgb(255,127,14)"},{"description":"Hispanic","count":295,"tested":4882,"deaths":0,"color":"rgb(214,39,40)"},{"description":"Left Blank","count":7687,"tested":168471,"deaths":0,"color":"rgb(44,160,44)"},{"description":"NH/PI*","count":37,"tested":4513,"deaths":0,"color":"rgb(127,127,127)"},{"description":"Other","count":348,"tested":10828,"deaths":0,"color":"rgb(148,103,189)"},{"description":"White","count":11236,"tested":223975,"deaths":0,"color":"rgb(31,119,180)"}],"gender":[{"description":"Female","count":11737,"tested":263897,"deaths":0,"color":"rgb(255,127,14)"},{"description":"Male","count":9950,"tested":187562,"deaths":0,"color":"rgb(31,119,180)"},{"description":"Unknown/Left Blank","count":1012,"tested":9588,"deaths":0,"color":"rgb(44,160,44)"}]}}]}
