{"lastUpdatedDate":{"year":2021,"month":8,"day":31},"county_demographics":[{"County":"Woodford","confirmed_cases":5288,"total_tested":89497,"demographics":{"age":[{"race":[],"age_group":"<20","count":1103,"tested":15957,"deaths":0},{"race":[],"age_group":"20-29   ","count":695,"tested":11950,"deaths":0},{"race":[],"age_group":"30-39   ","count":726,"tested":11280,"deaths":0},{"race":[],"age_group":"40-49   ","count":738,"tested":10944,"deaths":0},{"race":[],"age_group":"50-59   ","count":782,"tested":11671,"deaths":0},{"race":[],"age_group":"60-69   ","count":624,"tested":9741,"deaths":0},{"race":[],"age_group":"70-79   ","count":326,"tested":6294,"deaths":0},{"race":[],"age_group":"80+","count":294,"tested":11630,"deaths":0},{"race":[],"age_group":"Unknown","count":0,"tested":30,"deaths":0}],"race":[{"description":"AI/AN**","count":0,"tested":61,"deaths":0,"color":"rgb(31,119,180)"},{"description":"Asian","count":10,"tested":312,"deaths":0,"color":"rgb(140,86,75)"},{"description":"Black","count":28,"tested":779,"deaths":0,"color":"rgb(255,127,14)"},{"description":"Hispanic","count":37,"tested":601,"deaths":0,"color":"rgb(214,39,40)"},{"description":"Left Blank","count":1854,"tested":30087,"deaths":0,"color":"rgb(44,160,44)"},{"description":"NH/PI*","count":0,"tested":16,"deaths":0,"color":"rgb(127,127,127)"},{"description":"Other","count":103,"tested":2971,"deaths":0,"color":"rgb(148,103,189)"},{"description":"White","count":3247,"tested":54670,"deaths":0,"color":"rgb(31,119,180)"}],"gender":[{"description":"Female","count":2711,"tested":54549,"deaths":0,"color":"rgb(255,127,14)"},{"description":"Male","count":2510,"tested":32472,"deaths":0,"color":"rgb(31,119,180)"},{"description":"Unknown/Left Blank","count":63,"tested":2476,"deaths":0,"color":"rgb(44,160,44)"}]}}]}
