{"lastUpdatedDate":{"year":2021,"month":8,"day":31},"county_demographics":[{"County":"Pike","confirmed_cases":2371,"total_tested":28994,"demographics":{"age":[{"race":[],"age_group":"<20","count":372,"tested":3546,"deaths":0},{"race":[],"age_group":"20-29   ","count":337,"tested":4698,"deaths":0},{"race":[],"age_group":"30-39   ","count":337,"tested":4479,"deaths":0},{"race":[],"age_group":"40-49   ","count":296,"tested":4073,"deaths":0},{"race":[],"age_group":"50-59   ","count":350,"tested":4021,"deaths":0},{"race":[],"age_group":"60-69   ","count":313,"tested":3011,"deaths":0},{"race":[],"age_group":"70-79   ","count":180,"tested":1999,"deaths":0},{"race":[],"age_group":"80+","count":185,"tested":3165,"deaths":0},{"race":[],"age_group":"Unknown","count":0,"tested":0,"deaths":0}],"race":[{"description":"AI/AN**","count":0,"tested":0,"deaths":0,"color":"rgb(31,119,180)"},{"description":"Asian","count":0,"tested":13,"deaths":0,"color":"rgb(140,86,75)"},{"description":"Black","count":6,"tested":52,"deaths":0,"color":"rgb(255,127,14)"},{"description":"Hispanic","count":21,"tested":94,"deaths":0,"color":"rgb(214,39,40)"},{"description":"Left Blank","count":445,"tested":17627,"deaths":0,"color":"rgb(44,160,44)"},{"description":"NH/PI*","count":0,"tested":22,"deaths":0,"color":"rgb(127,127,127)"},{"description":"Other","count":0,"tested":644,"deaths":0,"color":"rgb(148,103,189)"},{"description":"White","count":1892,"tested":10540,"deaths":0,"color":"rgb(31,119,180)"}],"gender":[{"description":"Female","count":1316,"tested":17023,"deaths":0,"color":"rgb(255,127,14)"},{"description":"Male","count":1009,"tested":9594,"deaths":0,"color":"rgb(31,119,180)"},{"description":"Unknown/Left Blank","count":46,"tested":2377,"deaths":0,"color":"rgb(44,160,44)"}]}}]}
