{"lastUpdatedDate":{"year":2021,"month":8,"day":31},"county_demographics":[{"County":"Williamson","confirmed_cases":10072,"total_tested":139717,"demographics":{"age":[{"race":[],"age_group":"<20","count":1912,"tested":16592,"deaths":0},{"race":[],"age_group":"20-29   ","count":1568,"tested":19548,"deaths":0},{"race":[],"age_group":"30-39   ","count":1575,"tested":22072,"deaths":0},{"race":[],"age_group":"40-49   ","count":1545,"tested":20529,"deaths":0},{"race":[],"age_group":"50-59   ","count":1344,"tested":20475,"deaths":0},{"race":[],"age_group":"60-69   ","count":1033,"tested":16098,"deaths":0},{"race":[],"age_group":"70-79   ","count":683,"tested":12781,"deaths":0},{"race":[],"age_group":"80+","count":411,"tested":11585,"deaths":0},{"race":[],"age_group":"Unknown","count":0,"tested":37,"deaths":0}],"race":[{"description":"AI/AN**","count":0,"tested":53,"deaths":0,"color":"rgb(31,119,180)"},{"description":"Asian","count":33,"tested":562,"deaths":0,"color":"rgb(140,86,75)"},{"description":"Black","count":392,"tested":4364,"deaths":0,"color":"rgb(255,127,14)"},{"description":"Hispanic","count":127,"tested":1259,"deaths":0,"color":"rgb(214,39,40)"},{"description":"Left Blank","count":2121,"tested":53289,"deaths":0,"color":"rgb(44,160,44)"},{"description":"NH/PI*","count":0,"tested":71,"deaths":0,"color":"rgb(127,127,127)"},{"description":"Other","count":81,"tested":1420,"deaths":0,"color":"rgb(148,103,189)"},{"description":"White","count":7310,"tested":78699,"deaths":0,"color":"rgb(31,119,180)"}],"gender":[{"description":"Female","count":5204,"tested":75752,"deaths":0,"color":"rgb(255,127,14)"},{"description":"Male","count":4425,"tested":54157,"deaths":0,"color":"rgb(31,119,180)"},{"description":"Unknown/Left Blank","count":441,"tested":9808,"deaths":0,"color":"rgb(44,160,44)"}]}}]}
