{"lastUpdatedDate":{"year":2021,"month":3,"day":13},"county_demographics":[{"County":"Champaign","confirmed_cases":18434,"total_tested":1892248,"demographics":{"age":[{"race":[],"age_group":"<20","count":4967,"tested":434109,"deaths":0},{"race":[],"age_group":"Unknown","count":0,"tested":267,"deaths":0},{"race":[],"age_group":"80+","count":458,"tested":21781,"deaths":0},{"race":[],"age_group":"30-39   ","count":2237,"tested":189305,"deaths":0},{"race":[],"age_group":"20-29   ","count":5507,"tested":853476,"deaths":0},{"race":[],"age_group":"70-79   ","count":534,"tested":29140,"deaths":0},{"race":[],"age_group":"40-49   ","count":1895,"tested":144357,"deaths":0},{"race":[],"age_group":"50-59   ","count":1604,"tested":135314,"deaths":0},{"race":[],"age_group":"60-69   ","count":1230,"tested":84499,"deaths":0}],"race":[{"description":"Black","count":2683,"tested":142480,"deaths":0,"color":"rgb(255,127,14)"},{"description":"Other","count":495,"tested":85325,"deaths":0,"color":"rgb(148,103,189)"},{"description":"NH/PI*","count":9,"tested":1252,"deaths":0,"color":"rgb(127,127,127)"},{"description":"AI/AN**","count":11,"tested":2627,"deaths":0,"color":"rgb(31,119,180)"},{"description":"Left Blank","count":696,"tested":90166,"deaths":0,"color":"rgb(44,160,44)"},{"description":"White","count":11304,"tested":1055938,"deaths":0,"color":"rgb(31,119,180)"},{"description":"Asian","count":1019,"tested":367011,"deaths":0,"color":"rgb(140,86,75)"},{"description":"Hispanic","count":2215,"tested":147449,"deaths":0,"color":"rgb(214,39,40)"}],"gender":[{"description":"Female","count":9206,"tested":924233,"deaths":0,"color":"rgb(255,127,14)"},{"description":"Male","count":9197,"tested":963420,"deaths":0,"color":"rgb(31,119,180)"},{"description":"Unknown/Left Blank","count":31,"tested":4595,"deaths":0,"color":"rgb(44,160,44)"}]}}]}
