{"lastUpdatedDate":{"year":2021,"month":3,"day":13},"county_demographics":[{"County":"Vermilion","confirmed_cases":8718,"total_tested":116635,"demographics":{"age":[{"race":[],"age_group":"60-69   ","count":1038,"tested":13768,"deaths":0},{"race":[],"age_group":"Unknown","count":0,"tested":2228,"deaths":0},{"race":[],"age_group":"50-59   ","count":1242,"tested":15233,"deaths":0},{"race":[],"age_group":"20-29   ","count":1343,"tested":18052,"deaths":0},{"race":[],"age_group":"30-39   ","count":1361,"tested":19112,"deaths":0},{"race":[],"age_group":"70-79   ","count":603,"tested":8970,"deaths":0},{"race":[],"age_group":"40-49   ","count":1312,"tested":16688,"deaths":0},{"race":[],"age_group":"80+","count":384,"tested":7235,"deaths":0},{"race":[],"age_group":"<20","count":1434,"tested":15349,"deaths":0}],"race":[{"description":"Left Blank","count":764,"tested":39719,"deaths":0,"color":"rgb(44,160,44)"},{"description":"White","count":5699,"tested":62261,"deaths":0,"color":"rgb(31,119,180)"},{"description":"Asian","count":29,"tested":344,"deaths":0,"color":"rgb(140,86,75)"},{"description":"Hispanic","count":510,"tested":2317,"deaths":0,"color":"rgb(214,39,40)"},{"description":"NH/PI*","count":0,"tested":70,"deaths":0,"color":"rgb(127,127,127)"},{"description":"Other","count":400,"tested":3078,"deaths":0,"color":"rgb(148,103,189)"},{"description":"AI/AN**","count":0,"tested":64,"deaths":0,"color":"rgb(31,119,180)"},{"description":"Black","count":1303,"tested":8782,"deaths":0,"color":"rgb(255,127,14)"}],"gender":[{"description":"Female","count":4182,"tested":56455,"deaths":0,"color":"rgb(255,127,14)"},{"description":"Male","count":4469,"tested":44675,"deaths":0,"color":"rgb(31,119,180)"},{"description":"Unknown/Left Blank","count":67,"tested":15505,"deaths":0,"color":"rgb(44,160,44)"}]}}]}
