{"lastUpdatedDate":{"year":2021,"month":3,"day":13},"county_demographics":[{"County":"Cass","confirmed_cases":1897,"total_tested":18376,"demographics":{"age":[{"race":[],"age_group":"30-39   ","count":302,"tested":2722,"deaths":0},{"race":[],"age_group":"20-29   ","count":320,"tested":2906,"deaths":0},{"race":[],"age_group":"60-69   ","count":196,"tested":1800,"deaths":0},{"race":[],"age_group":"40-49   ","count":267,"tested":2758,"deaths":0},{"race":[],"age_group":"80+","count":98,"tested":1127,"deaths":0},{"race":[],"age_group":"50-59   ","count":251,"tested":2753,"deaths":0},{"race":[],"age_group":"70-79   ","count":113,"tested":1177,"deaths":0},{"race":[],"age_group":"<20","count":350,"tested":3130,"deaths":0},{"race":[],"age_group":"Unknown","count":0,"tested":0,"deaths":0}],"race":[{"description":"Asian","count":11,"tested":57,"deaths":0,"color":"rgb(140,86,75)"},{"description":"Hispanic","count":643,"tested":2596,"deaths":0,"color":"rgb(214,39,40)"},{"description":"White","count":1047,"tested":8942,"deaths":0,"color":"rgb(31,119,180)"},{"description":"Left Blank","count":121,"tested":5050,"deaths":0,"color":"rgb(44,160,44)"},{"description":"Black","count":59,"tested":556,"deaths":0,"color":"rgb(255,127,14)"},{"description":"AI/AN**","count":0,"tested":14,"deaths":0,"color":"rgb(31,119,180)"},{"description":"NH/PI*","count":0,"tested":6,"deaths":0,"color":"rgb(127,127,127)"},{"description":"Other","count":8,"tested":1155,"deaths":0,"color":"rgb(148,103,189)"}],"gender":[{"description":"Female","count":1017,"tested":10646,"deaths":0,"color":"rgb(255,127,14)"},{"description":"Male","count":843,"tested":6833,"deaths":0,"color":"rgb(31,119,180)"},{"description":"Unknown/Left Blank","count":37,"tested":897,"deaths":0,"color":"rgb(44,160,44)"}]}}]}
