{"lastUpdatedDate":{"year":2021,"month":3,"day":13},"county_demographics":[{"County":"Fulton","confirmed_cases":2967,"total_tested":68516,"demographics":{"age":[{"race":[],"age_group":"<20","count":507,"tested":6843,"deaths":0},{"race":[],"age_group":"Unknown","count":0,"tested":4177,"deaths":0},{"race":[],"age_group":"30-39   ","count":411,"tested":11245,"deaths":0},{"race":[],"age_group":"40-49   ","count":457,"tested":10334,"deaths":0},{"race":[],"age_group":"70-79   ","count":199,"tested":3874,"deaths":0},{"race":[],"age_group":"20-29   ","count":478,"tested":10336,"deaths":0},{"race":[],"age_group":"60-69   ","count":335,"tested":7033,"deaths":0},{"race":[],"age_group":"80+","count":170,"tested":4343,"deaths":0},{"race":[],"age_group":"50-59   ","count":395,"tested":10331,"deaths":0}],"race":[{"description":"NH/PI*","count":0,"tested":0,"deaths":0,"color":"rgb(127,127,127)"},{"description":"Other","count":22,"tested":299,"deaths":0,"color":"rgb(148,103,189)"},{"description":"AI/AN**","count":0,"tested":18,"deaths":0,"color":"rgb(31,119,180)"},{"description":"Black","count":94,"tested":623,"deaths":0,"color":"rgb(255,127,14)"},{"description":"Asian","count":0,"tested":23,"deaths":0,"color":"rgb(140,86,75)"},{"description":"Hispanic","count":43,"tested":189,"deaths":0,"color":"rgb(214,39,40)"},{"description":"White","count":724,"tested":13644,"deaths":0,"color":"rgb(31,119,180)"},{"description":"Left Blank","count":2078,"tested":53718,"deaths":0,"color":"rgb(44,160,44)"}],"gender":[{"description":"Female","count":1486,"tested":34041,"deaths":0,"color":"rgb(255,127,14)"},{"description":"Male","count":1410,"tested":21342,"deaths":0,"color":"rgb(31,119,180)"},{"description":"Unknown/Left Blank","count":70,"tested":13133,"deaths":0,"color":"rgb(44,160,44)"}]}}]}
