{"lastUpdatedDate":{"year":2021,"month":3,"day":13},"county_demographics":[{"County":"Edgar","confirmed_cases":1592,"total_tested":13399,"demographics":{"age":[{"race":[],"age_group":"70-79   ","count":155,"tested":1252,"deaths":0},{"race":[],"age_group":"20-29   ","count":197,"tested":1976,"deaths":0},{"race":[],"age_group":"60-69   ","count":210,"tested":1708,"deaths":0},{"race":[],"age_group":"80+","count":141,"tested":1695,"deaths":0},{"race":[],"age_group":"40-49   ","count":222,"tested":1779,"deaths":0},{"race":[],"age_group":"<20","count":257,"tested":1567,"deaths":0},{"race":[],"age_group":"30-39   ","count":201,"tested":1641,"deaths":0},{"race":[],"age_group":"50-59   ","count":208,"tested":1732,"deaths":0},{"race":[],"age_group":"Unknown","count":0,"tested":49,"deaths":0}],"race":[{"description":"AI/AN**","count":0,"tested":0,"deaths":0,"color":"rgb(31,119,180)"},{"description":"Hispanic","count":0,"tested":34,"deaths":0,"color":"rgb(214,39,40)"},{"description":"NH/PI*","count":0,"tested":0,"deaths":0,"color":"rgb(127,127,127)"},{"description":"White","count":1428,"tested":6760,"deaths":0,"color":"rgb(31,119,180)"},{"description":"Left Blank","count":151,"tested":6435,"deaths":0,"color":"rgb(44,160,44)"},{"description":"Asian","count":0,"tested":0,"deaths":0,"color":"rgb(140,86,75)"},{"description":"Other","count":0,"tested":96,"deaths":0,"color":"rgb(148,103,189)"},{"description":"Black","count":0,"tested":64,"deaths":0,"color":"rgb(255,127,14)"}],"gender":[{"description":"Female","count":489,"tested":8392,"deaths":0,"color":"rgb(255,127,14)"},{"description":"Male","count":384,"tested":3874,"deaths":0,"color":"rgb(31,119,180)"},{"description":"Unknown/Left Blank","count":719,"tested":1133,"deaths":0,"color":"rgb(44,160,44)"}]}}]}
