{"lastUpdatedDate":{"year":2021,"month":3,"day":13},"county_demographics":[{"County":"Lawrence","confirmed_cases":2338,"total_tested":38100,"demographics":{"age":[{"race":[],"age_group":"<20","count":159,"tested":2231,"deaths":0},{"race":[],"age_group":"50-59   ","count":349,"tested":4981,"deaths":0},{"race":[],"age_group":"Unknown","count":0,"tested":56,"deaths":0},{"race":[],"age_group":"20-29   ","count":462,"tested":8369,"deaths":0},{"race":[],"age_group":"30-39   ","count":476,"tested":8594,"deaths":0},{"race":[],"age_group":"70-79   ","count":149,"tested":1495,"deaths":0},{"race":[],"age_group":"80+","count":98,"tested":1470,"deaths":0},{"race":[],"age_group":"40-49   ","count":396,"tested":7698,"deaths":0},{"race":[],"age_group":"60-69   ","count":248,"tested":3206,"deaths":0}],"race":[{"description":"AI/AN**","count":0,"tested":0,"deaths":0,"color":"rgb(31,119,180)"},{"description":"NH/PI*","count":0,"tested":0,"deaths":0,"color":"rgb(127,127,127)"},{"description":"Other","count":6,"tested":62,"deaths":0,"color":"rgb(148,103,189)"},{"description":"Black","count":363,"tested":1612,"deaths":0,"color":"rgb(255,127,14)"},{"description":"Asian","count":0,"tested":10,"deaths":0,"color":"rgb(140,86,75)"},{"description":"Hispanic","count":18,"tested":100,"deaths":0,"color":"rgb(214,39,40)"},{"description":"Left Blank","count":824,"tested":28251,"deaths":0,"color":"rgb(44,160,44)"},{"description":"White","count":1119,"tested":8062,"deaths":0,"color":"rgb(31,119,180)"}],"gender":[{"description":"Female","count":765,"tested":9818,"deaths":0,"color":"rgb(255,127,14)"},{"description":"Male","count":1255,"tested":18288,"deaths":0,"color":"rgb(31,119,180)"},{"description":"Unknown/Left Blank","count":315,"tested":9994,"deaths":0,"color":"rgb(44,160,44)"}]}}]}
