{"lastUpdatedDate":{"year":2021,"month":3,"day":13},"county_demographics":[{"County":"Gallatin","confirmed_cases":443,"total_tested":3806,"demographics":{"age":[{"race":[],"age_group":"30-39   ","count":54,"tested":579,"deaths":0},{"race":[],"age_group":"20-29   ","count":68,"tested":610,"deaths":0},{"race":[],"age_group":"<20","count":56,"tested":654,"deaths":0},{"race":[],"age_group":"60-69   ","count":59,"tested":438,"deaths":0},{"race":[],"age_group":"Unknown","count":0,"tested":0,"deaths":0},{"race":[],"age_group":"80+","count":22,"tested":117,"deaths":0},{"race":[],"age_group":"40-49   ","count":63,"tested":488,"deaths":0},{"race":[],"age_group":"50-59   ","count":59,"tested":563,"deaths":0},{"race":[],"age_group":"70-79   ","count":53,"tested":354,"deaths":0}],"race":[{"description":"Asian","count":0,"tested":0,"deaths":0,"color":"rgb(140,86,75)"},{"description":"Black","count":0,"tested":30,"deaths":0,"color":"rgb(255,127,14)"},{"description":"NH/PI*","count":0,"tested":0,"deaths":0,"color":"rgb(127,127,127)"},{"description":"Other","count":0,"tested":21,"deaths":0,"color":"rgb(148,103,189)"},{"description":"AI/AN**","count":0,"tested":0,"deaths":0,"color":"rgb(31,119,180)"},{"description":"Left Blank","count":88,"tested":1677,"deaths":0,"color":"rgb(44,160,44)"},{"description":"Hispanic","count":9,"tested":34,"deaths":0,"color":"rgb(214,39,40)"},{"description":"White","count":340,"tested":2040,"deaths":0,"color":"rgb(31,119,180)"}],"gender":[{"description":"Female","count":235,"tested":2556,"deaths":0,"color":"rgb(255,127,14)"},{"description":"Male","count":194,"tested":1130,"deaths":0,"color":"rgb(31,119,180)"},{"description":"Unknown/Left Blank","count":12,"tested":120,"deaths":0,"color":"rgb(44,160,44)"}]}}]}
