{"lastUpdatedDate":{"year":2021,"month":3,"day":13},"county_demographics":[{"County":"Clinton","confirmed_cases":5604,"total_tested":57005,"demographics":{"age":[{"race":[],"age_group":"70-79   ","count":342,"tested":3515,"deaths":0},{"race":[],"age_group":"20-29   ","count":859,"tested":9200,"deaths":0},{"race":[],"age_group":"60-69   ","count":711,"tested":6963,"deaths":0},{"race":[],"age_group":"80+","count":349,"tested":4538,"deaths":0},{"race":[],"age_group":"30-39   ","count":879,"tested":8779,"deaths":0},{"race":[],"age_group":"40-49   ","count":741,"tested":7843,"deaths":0},{"race":[],"age_group":"50-59   ","count":872,"tested":8801,"deaths":0},{"race":[],"age_group":"<20","count":838,"tested":7211,"deaths":0},{"race":[],"age_group":"Unknown","count":13,"tested":155,"deaths":0}],"race":[{"description":"Asian","count":0,"tested":77,"deaths":0,"color":"rgb(140,86,75)"},{"description":"Hispanic","count":64,"tested":323,"deaths":0,"color":"rgb(214,39,40)"},{"description":"White","count":2863,"tested":25520,"deaths":0,"color":"rgb(31,119,180)"},{"description":"Left Blank","count":2443,"tested":28997,"deaths":0,"color":"rgb(44,160,44)"},{"description":"AI/AN**","count":6,"tested":14,"deaths":0,"color":"rgb(31,119,180)"},{"description":"Black","count":100,"tested":1318,"deaths":0,"color":"rgb(255,127,14)"},{"description":"NH/PI*","count":0,"tested":22,"deaths":0,"color":"rgb(127,127,127)"},{"description":"Other","count":115,"tested":734,"deaths":0,"color":"rgb(148,103,189)"}],"gender":[{"description":"Female","count":2911,"tested":32134,"deaths":0,"color":"rgb(255,127,14)"},{"description":"Male","count":2554,"tested":21951,"deaths":0,"color":"rgb(31,119,180)"},{"description":"Unknown/Left Blank","count":139,"tested":2920,"deaths":0,"color":"rgb(44,160,44)"}]}}]}
