{"lastUpdatedDate":{"year":2021,"month":2,"day":21},"county_demographics":[{"County":"Madison","confirmed_cases":27664,"total_tested":255515,"demographics":{"age":[{"race":[],"age_group":"<20","count":4222,"tested":32910,"deaths":0},{"race":[],"age_group":"20-29   ","count":4751,"tested":43651,"deaths":0},{"race":[],"age_group":"30-39   ","count":4306,"tested":38680,"deaths":0},{"race":[],"age_group":"40-49   ","count":3967,"tested":33145,"deaths":0},{"race":[],"age_group":"50-59   ","count":4037,"tested":35362,"deaths":0},{"race":[],"age_group":"60-69   ","count":3200,"tested":30619,"deaths":0},{"race":[],"age_group":"70-79   ","count":1802,"tested":18747,"deaths":0},{"race":[],"age_group":"80+","count":1350,"tested":22152,"deaths":0},{"race":[],"age_group":"Unknown","count":27,"tested":249,"deaths":0}],"race":[{"description":"AI/AN**","count":26,"tested":160,"deaths":0,"color":"rgb(31,119,180)"},{"description":"Asian","count":111,"tested":800,"deaths":0,"color":"rgb(140,86,75)"},{"description":"Black","count":1958,"tested":12399,"deaths":0,"color":"rgb(255,127,14)"},{"description":"Hispanic","count":621,"tested":2469,"deaths":0,"color":"rgb(214,39,40)"},{"description":"Left Blank","count":7201,"tested":124054,"deaths":0,"color":"rgb(44,160,44)"},{"description":"NH/PI*","count":11,"tested":99,"deaths":0,"color":"rgb(127,127,127)"},{"description":"Other","count":953,"tested":9213,"deaths":0,"color":"rgb(148,103,189)"},{"description":"White","count":16779,"tested":106321,"deaths":0,"color":"rgb(31,119,180)"}],"gender":[{"description":"Female","count":14747,"tested":155320,"deaths":0,"color":"rgb(255,127,14)"},{"description":"Male","count":12389,"tested":95043,"deaths":0,"color":"rgb(31,119,180)"},{"description":"Unknown/Left Blank","count":528,"tested":5152,"deaths":0,"color":"rgb(44,160,44)"}]}}]}
