{"lastUpdatedDate":{"year":2021,"month":2,"day":21},"county_demographics":[{"County":"Massac","confirmed_cases":1245,"total_tested":9786,"demographics":{"age":[{"race":[],"age_group":"<20","count":177,"tested":1145,"deaths":0},{"race":[],"age_group":"20-29   ","count":169,"tested":1303,"deaths":0},{"race":[],"age_group":"30-39   ","count":156,"tested":1073,"deaths":0},{"race":[],"age_group":"40-49   ","count":163,"tested":1362,"deaths":0},{"race":[],"age_group":"50-59   ","count":196,"tested":1469,"deaths":0},{"race":[],"age_group":"60-69   ","count":149,"tested":1236,"deaths":0},{"race":[],"age_group":"70-79   ","count":123,"tested":1014,"deaths":0},{"race":[],"age_group":"80+","count":105,"tested":1183,"deaths":0},{"race":[],"age_group":"Unknown","count":0,"tested":0,"deaths":0}],"race":[{"description":"AI/AN**","count":0,"tested":0,"deaths":0,"color":"rgb(31,119,180)"},{"description":"Asian","count":0,"tested":9,"deaths":0,"color":"rgb(140,86,75)"},{"description":"Black","count":27,"tested":240,"deaths":0,"color":"rgb(255,127,14)"},{"description":"Hispanic","count":6,"tested":47,"deaths":0,"color":"rgb(214,39,40)"},{"description":"Left Blank","count":605,"tested":5520,"deaths":0,"color":"rgb(44,160,44)"},{"description":"NH/PI*","count":0,"tested":0,"deaths":0,"color":"rgb(127,127,127)"},{"description":"Other","count":0,"tested":46,"deaths":0,"color":"rgb(148,103,189)"},{"description":"White","count":599,"tested":3918,"deaths":0,"color":"rgb(31,119,180)"}],"gender":[{"description":"Female","count":654,"tested":5894,"deaths":0,"color":"rgb(255,127,14)"},{"description":"Male","count":562,"tested":3517,"deaths":0,"color":"rgb(31,119,180)"},{"description":"Unknown/Left Blank","count":27,"tested":375,"deaths":0,"color":"rgb(44,160,44)"}]}}]}
