{"lastUpdatedDate":{"year":2021,"month":8,"day":19},"county_demographics":[{"County":"Piatt","confirmed_cases":1679,"total_tested":36883,"demographics":{"age":[{"race":[],"age_group":"<20","count":347,"tested":7971,"deaths":0},{"race":[],"age_group":"20-29   ","count":223,"tested":5240,"deaths":0},{"race":[],"age_group":"30-39   ","count":262,"tested":4777,"deaths":0},{"race":[],"age_group":"40-49   ","count":253,"tested":4522,"deaths":0},{"race":[],"age_group":"50-59   ","count":240,"tested":4707,"deaths":0},{"race":[],"age_group":"60-69   ","count":208,"tested":4261,"deaths":0},{"race":[],"age_group":"70-79   ","count":87,"tested":2569,"deaths":0},{"race":[],"age_group":"80+","count":59,"tested":2827,"deaths":0},{"race":[],"age_group":"Unknown","count":0,"tested":9,"deaths":0}],"race":[{"description":"AI/AN**","count":0,"tested":43,"deaths":0,"color":"rgb(31,119,180)"},{"description":"Asian","count":0,"tested":199,"deaths":0,"color":"rgb(140,86,75)"},{"description":"Black","count":11,"tested":221,"deaths":0,"color":"rgb(255,127,14)"},{"description":"Hispanic","count":10,"tested":309,"deaths":0,"color":"rgb(214,39,40)"},{"description":"Left Blank","count":271,"tested":10139,"deaths":0,"color":"rgb(44,160,44)"},{"description":"NH/PI*","count":0,"tested":10,"deaths":0,"color":"rgb(127,127,127)"},{"description":"Other","count":24,"tested":869,"deaths":0,"color":"rgb(148,103,189)"},{"description":"White","count":1353,"tested":25093,"deaths":0,"color":"rgb(31,119,180)"}],"gender":[{"description":"Female","count":869,"tested":21596,"deaths":0,"color":"rgb(255,127,14)"},{"description":"Male","count":810,"tested":14691,"deaths":0,"color":"rgb(31,119,180)"},{"description":"Unknown/Left Blank","count":0,"tested":596,"deaths":0,"color":"rgb(44,160,44)"}]}}]}
