{"lastUpdatedDate":{"year":2021,"month":8,"day":19},"county_demographics":[{"County":"Macoupin","confirmed_cases":5403,"total_tested":88626,"demographics":{"age":[{"race":[],"age_group":"<20","count":959,"tested":13432,"deaths":0},{"race":[],"age_group":"20-29   ","count":750,"tested":12905,"deaths":0},{"race":[],"age_group":"30-39   ","count":807,"tested":12698,"deaths":0},{"race":[],"age_group":"40-49   ","count":749,"tested":11753,"deaths":0},{"race":[],"age_group":"50-59   ","count":771,"tested":12895,"deaths":0},{"race":[],"age_group":"60-69   ","count":667,"tested":11085,"deaths":0},{"race":[],"age_group":"70-79   ","count":386,"tested":6449,"deaths":0},{"race":[],"age_group":"80+","count":313,"tested":7385,"deaths":0},{"race":[],"age_group":"Unknown","count":0,"tested":24,"deaths":0}],"race":[{"description":"AI/AN**","count":0,"tested":72,"deaths":0,"color":"rgb(31,119,180)"},{"description":"Asian","count":9,"tested":217,"deaths":0,"color":"rgb(140,86,75)"},{"description":"Black","count":47,"tested":989,"deaths":0,"color":"rgb(255,127,14)"},{"description":"Hispanic","count":14,"tested":356,"deaths":0,"color":"rgb(214,39,40)"},{"description":"Left Blank","count":1524,"tested":24453,"deaths":0,"color":"rgb(44,160,44)"},{"description":"NH/PI*","count":0,"tested":39,"deaths":0,"color":"rgb(127,127,127)"},{"description":"Other","count":66,"tested":894,"deaths":0,"color":"rgb(148,103,189)"},{"description":"White","count":3729,"tested":61606,"deaths":0,"color":"rgb(31,119,180)"}],"gender":[{"description":"Female","count":2881,"tested":55424,"deaths":0,"color":"rgb(255,127,14)"},{"description":"Male","count":2474,"tested":31380,"deaths":0,"color":"rgb(31,119,180)"},{"description":"Unknown/Left Blank","count":48,"tested":1822,"deaths":0,"color":"rgb(44,160,44)"}]}}]}
