{"lastUpdatedDate":{"year":2021,"month":8,"day":19},"county_demographics":[{"County":"Logan","confirmed_cases":4364,"total_tested":110241,"demographics":{"age":[{"race":[],"age_group":"<20","count":598,"tested":9685,"deaths":0},{"race":[],"age_group":"20-29   ","count":714,"tested":19224,"deaths":0},{"race":[],"age_group":"30-39   ","count":814,"tested":23710,"deaths":0},{"race":[],"age_group":"40-49   ","count":656,"tested":17930,"deaths":0},{"race":[],"age_group":"50-59   ","count":588,"tested":14730,"deaths":0},{"race":[],"age_group":"60-69   ","count":473,"tested":9500,"deaths":0},{"race":[],"age_group":"70-79   ","count":279,"tested":5320,"deaths":0},{"race":[],"age_group":"80+","count":240,"tested":7414,"deaths":0},{"race":[],"age_group":"Unknown","count":0,"tested":2728,"deaths":0}],"race":[{"description":"AI/AN**","count":0,"tested":23,"deaths":0,"color":"rgb(31,119,180)"},{"description":"Asian","count":14,"tested":94,"deaths":0,"color":"rgb(140,86,75)"},{"description":"Black","count":374,"tested":1744,"deaths":0,"color":"rgb(255,127,14)"},{"description":"Hispanic","count":115,"tested":583,"deaths":0,"color":"rgb(214,39,40)"},{"description":"Left Blank","count":549,"tested":73109,"deaths":0,"color":"rgb(44,160,44)"},{"description":"NH/PI*","count":0,"tested":91,"deaths":0,"color":"rgb(127,127,127)"},{"description":"Other","count":26,"tested":800,"deaths":0,"color":"rgb(148,103,189)"},{"description":"White","count":3272,"tested":33797,"deaths":0,"color":"rgb(31,119,180)"}],"gender":[{"description":"Female","count":2339,"tested":61653,"deaths":0,"color":"rgb(255,127,14)"},{"description":"Male","count":1838,"tested":28804,"deaths":0,"color":"rgb(31,119,180)"},{"description":"Unknown/Left Blank","count":187,"tested":19784,"deaths":0,"color":"rgb(44,160,44)"}]}}]}
