{"lastUpdatedDate":{"year":2021,"month":8,"day":19},"county_demographics":[{"County":"Boone","confirmed_cases":7151,"total_tested":73014,"demographics":{"age":[{"race":[],"age_group":"<20","count":1380,"tested":12440,"deaths":0},{"race":[],"age_group":"20-29   ","count":1221,"tested":11737,"deaths":0},{"race":[],"age_group":"30-39   ","count":1044,"tested":9712,"deaths":0},{"race":[],"age_group":"40-49   ","count":1191,"tested":10331,"deaths":0},{"race":[],"age_group":"50-59   ","count":1089,"tested":10501,"deaths":0},{"race":[],"age_group":"60-69   ","count":660,"tested":7750,"deaths":0},{"race":[],"age_group":"70-79   ","count":360,"tested":5406,"deaths":0},{"race":[],"age_group":"80+","count":206,"tested":5121,"deaths":0},{"race":[],"age_group":"Unknown","count":0,"tested":16,"deaths":0}],"race":[{"description":"AI/AN**","count":10,"tested":73,"deaths":0,"color":"rgb(31,119,180)"},{"description":"Asian","count":56,"tested":543,"deaths":0,"color":"rgb(140,86,75)"},{"description":"Black","count":135,"tested":1145,"deaths":0,"color":"rgb(255,127,14)"},{"description":"Hispanic","count":2348,"tested":7148,"deaths":0,"color":"rgb(214,39,40)"},{"description":"Left Blank","count":610,"tested":34140,"deaths":0,"color":"rgb(44,160,44)"},{"description":"NH/PI*","count":0,"tested":25,"deaths":0,"color":"rgb(127,127,127)"},{"description":"Other","count":83,"tested":1080,"deaths":0,"color":"rgb(148,103,189)"},{"description":"White","count":3900,"tested":28860,"deaths":0,"color":"rgb(31,119,180)"}],"gender":[{"description":"Female","count":3774,"tested":43610,"deaths":0,"color":"rgb(255,127,14)"},{"description":"Male","count":3371,"tested":28591,"deaths":0,"color":"rgb(31,119,180)"},{"description":"Unknown/Left Blank","count":0,"tested":813,"deaths":0,"color":"rgb(44,160,44)"}]}}]}
