{"lastUpdatedDate":{"year":2021,"month":8,"day":19},"county_demographics":[{"County":"Lake","confirmed_cases":71681,"total_tested":1311415,"demographics":{"age":[{"race":[],"age_group":"<20","count":13864,"tested":293915,"deaths":0},{"race":[],"age_group":"20-29   ","count":13056,"tested":196361,"deaths":0},{"race":[],"age_group":"30-39   ","count":10515,"tested":160215,"deaths":0},{"race":[],"age_group":"40-49   ","count":11147,"tested":163321,"deaths":0},{"race":[],"age_group":"50-59   ","count":10874,"tested":184341,"deaths":0},{"race":[],"age_group":"60-69   ","count":6643,"tested":144746,"deaths":0},{"race":[],"age_group":"70-79   ","count":3103,"tested":82145,"deaths":0},{"race":[],"age_group":"80+","count":2462,"tested":85926,"deaths":0},{"race":[],"age_group":"Unknown","count":17,"tested":445,"deaths":0}],"race":[{"description":"AI/AN**","count":108,"tested":1854,"deaths":0,"color":"rgb(31,119,180)"},{"description":"Asian","count":2055,"tested":53470,"deaths":0,"color":"rgb(140,86,75)"},{"description":"Black","count":4029,"tested":56384,"deaths":0,"color":"rgb(255,127,14)"},{"description":"Hispanic","count":20211,"tested":148470,"deaths":0,"color":"rgb(214,39,40)"},{"description":"Left Blank","count":16825,"tested":482829,"deaths":0,"color":"rgb(44,160,44)"},{"description":"NH/PI*","count":138,"tested":2940,"deaths":0,"color":"rgb(127,127,127)"},{"description":"Other","count":3289,"tested":44238,"deaths":0,"color":"rgb(148,103,189)"},{"description":"White","count":25026,"tested":521230,"deaths":0,"color":"rgb(31,119,180)"}],"gender":[{"description":"Female","count":35964,"tested":722393,"deaths":0,"color":"rgb(255,127,14)"},{"description":"Male","count":35145,"tested":561519,"deaths":0,"color":"rgb(31,119,180)"},{"description":"Unknown/Left Blank","count":572,"tested":27503,"deaths":0,"color":"rgb(44,160,44)"}]}}]}
