{"lastUpdatedDate":{"year":2021,"month":6,"day":2},"county_demographics":[{"County":"Jersey","confirmed_cases":2708,"total_tested":33475,"demographics":{"age":[{"race":[],"age_group":"<20","count":418,"tested":3867,"deaths":0},{"race":[],"age_group":"20-29   ","count":352,"tested":5292,"deaths":0},{"race":[],"age_group":"30-39   ","count":342,"tested":4388,"deaths":0},{"race":[],"age_group":"40-49   ","count":353,"tested":4844,"deaths":0},{"race":[],"age_group":"50-59   ","count":401,"tested":4979,"deaths":0},{"race":[],"age_group":"60-69   ","count":371,"tested":3897,"deaths":0},{"race":[],"age_group":"70-79   ","count":240,"tested":2426,"deaths":0},{"race":[],"age_group":"80+","count":205,"tested":3770,"deaths":0},{"race":[],"age_group":"Unknown","count":26,"tested":12,"deaths":0}],"race":[{"description":"AI/AN**","count":0,"tested":9,"deaths":0,"color":"rgb(31,119,180)"},{"description":"Asian","count":0,"tested":22,"deaths":0,"color":"rgb(140,86,75)"},{"description":"Black","count":13,"tested":464,"deaths":0,"color":"rgb(255,127,14)"},{"description":"Hispanic","count":0,"tested":109,"deaths":0,"color":"rgb(214,39,40)"},{"description":"Left Blank","count":485,"tested":9919,"deaths":0,"color":"rgb(44,160,44)"},{"description":"NH/PI*","count":0,"tested":0,"deaths":0,"color":"rgb(127,127,127)"},{"description":"Other","count":29,"tested":603,"deaths":0,"color":"rgb(148,103,189)"},{"description":"White","count":2163,"tested":22345,"deaths":0,"color":"rgb(31,119,180)"}],"gender":[{"description":"Female","count":1499,"tested":21850,"deaths":0,"color":"rgb(255,127,14)"},{"description":"Male","count":1194,"tested":11469,"deaths":0,"color":"rgb(31,119,180)"},{"description":"Unknown/Left Blank","count":12,"tested":156,"deaths":0,"color":"rgb(44,160,44)"}]}}]}
