{"lastUpdatedDate":{"year":2021,"month":6,"day":2},"county_demographics":[{"County":"Macoupin","confirmed_cases":4767,"total_tested":77278,"demographics":{"age":[{"race":[],"age_group":"<20","count":786,"tested":11792,"deaths":0},{"race":[],"age_group":"20-29   ","count":648,"tested":11409,"deaths":0},{"race":[],"age_group":"30-39   ","count":696,"tested":11149,"deaths":0},{"race":[],"age_group":"40-49   ","count":678,"tested":10308,"deaths":0},{"race":[],"age_group":"50-59   ","count":686,"tested":11323,"deaths":0},{"race":[],"age_group":"60-69   ","count":618,"tested":9709,"deaths":0},{"race":[],"age_group":"70-79   ","count":358,"tested":5416,"deaths":0},{"race":[],"age_group":"80+","count":294,"tested":6148,"deaths":0},{"race":[],"age_group":"Unknown","count":0,"tested":24,"deaths":0}],"race":[{"description":"AI/AN**","count":0,"tested":55,"deaths":0,"color":"rgb(31,119,180)"},{"description":"Asian","count":7,"tested":185,"deaths":0,"color":"rgb(140,86,75)"},{"description":"Black","count":35,"tested":877,"deaths":0,"color":"rgb(255,127,14)"},{"description":"Hispanic","count":13,"tested":300,"deaths":0,"color":"rgb(214,39,40)"},{"description":"Left Blank","count":1408,"tested":21001,"deaths":0,"color":"rgb(44,160,44)"},{"description":"NH/PI*","count":0,"tested":32,"deaths":0,"color":"rgb(127,127,127)"},{"description":"Other","count":64,"tested":836,"deaths":0,"color":"rgb(148,103,189)"},{"description":"White","count":3225,"tested":53992,"deaths":0,"color":"rgb(31,119,180)"}],"gender":[{"description":"Female","count":2507,"tested":48333,"deaths":0,"color":"rgb(255,127,14)"},{"description":"Male","count":2168,"tested":27300,"deaths":0,"color":"rgb(31,119,180)"},{"description":"Unknown/Left Blank","count":92,"tested":1645,"deaths":0,"color":"rgb(44,160,44)"}]}}]}
