{"lastUpdatedDate":{"year":2021,"month":6,"day":2},"county_demographics":[{"County":"Shelby","confirmed_cases":2319,"total_tested":29115,"demographics":{"age":[{"race":[],"age_group":"<20","count":331,"tested":3913,"deaths":0},{"race":[],"age_group":"20-29   ","count":329,"tested":4094,"deaths":0},{"race":[],"age_group":"30-39   ","count":298,"tested":3945,"deaths":0},{"race":[],"age_group":"40-49   ","count":297,"tested":3778,"deaths":0},{"race":[],"age_group":"50-59   ","count":363,"tested":4507,"deaths":0},{"race":[],"age_group":"60-69   ","count":335,"tested":3335,"deaths":0},{"race":[],"age_group":"70-79   ","count":229,"tested":2562,"deaths":0},{"race":[],"age_group":"80+","count":137,"tested":2975,"deaths":0},{"race":[],"age_group":"Unknown","count":0,"tested":6,"deaths":0}],"race":[{"description":"AI/AN**","count":0,"tested":10,"deaths":0,"color":"rgb(31,119,180)"},{"description":"Asian","count":0,"tested":50,"deaths":0,"color":"rgb(140,86,75)"},{"description":"Black","count":8,"tested":87,"deaths":0,"color":"rgb(255,127,14)"},{"description":"Hispanic","count":15,"tested":112,"deaths":0,"color":"rgb(214,39,40)"},{"description":"Left Blank","count":234,"tested":11310,"deaths":0,"color":"rgb(44,160,44)"},{"description":"NH/PI*","count":0,"tested":6,"deaths":0,"color":"rgb(127,127,127)"},{"description":"Other","count":11,"tested":544,"deaths":0,"color":"rgb(148,103,189)"},{"description":"White","count":2042,"tested":16996,"deaths":0,"color":"rgb(31,119,180)"}],"gender":[{"description":"Female","count":1283,"tested":17980,"deaths":0,"color":"rgb(255,127,14)"},{"description":"Male","count":976,"tested":10054,"deaths":0,"color":"rgb(31,119,180)"},{"description":"Unknown/Left Blank","count":60,"tested":1081,"deaths":0,"color":"rgb(44,160,44)"}]}}]}
