{"lastUpdatedDate":{"year":2021,"month":6,"day":2},"county_demographics":[{"County":"Saline","confirmed_cases":2592,"total_tested":39009,"demographics":{"age":[{"race":[],"age_group":"<20","count":418,"tested":4712,"deaths":0},{"race":[],"age_group":"20-29   ","count":373,"tested":5774,"deaths":0},{"race":[],"age_group":"30-39   ","count":366,"tested":5399,"deaths":0},{"race":[],"age_group":"40-49   ","count":328,"tested":5243,"deaths":0},{"race":[],"age_group":"50-59   ","count":355,"tested":5406,"deaths":0},{"race":[],"age_group":"60-69   ","count":317,"tested":4758,"deaths":0},{"race":[],"age_group":"70-79   ","count":246,"tested":3823,"deaths":0},{"race":[],"age_group":"80+","count":189,"tested":3892,"deaths":0},{"race":[],"age_group":"Unknown","count":0,"tested":0,"deaths":0}],"race":[{"description":"AI/AN**","count":0,"tested":11,"deaths":0,"color":"rgb(31,119,180)"},{"description":"Asian","count":0,"tested":57,"deaths":0,"color":"rgb(140,86,75)"},{"description":"Black","count":81,"tested":1093,"deaths":0,"color":"rgb(255,127,14)"},{"description":"Hispanic","count":20,"tested":158,"deaths":0,"color":"rgb(214,39,40)"},{"description":"Left Blank","count":807,"tested":19769,"deaths":0,"color":"rgb(44,160,44)"},{"description":"NH/PI*","count":0,"tested":16,"deaths":0,"color":"rgb(127,127,127)"},{"description":"Other","count":17,"tested":176,"deaths":0,"color":"rgb(148,103,189)"},{"description":"White","count":1657,"tested":17729,"deaths":0,"color":"rgb(31,119,180)"}],"gender":[{"description":"Female","count":1401,"tested":22468,"deaths":0,"color":"rgb(255,127,14)"},{"description":"Male","count":1143,"tested":14485,"deaths":0,"color":"rgb(31,119,180)"},{"description":"Unknown/Left Blank","count":43,"tested":2056,"deaths":0,"color":"rgb(44,160,44)"}]}}]}
