{"lastUpdatedDate":{"year":2021,"month":6,"day":25},"county_demographics":[{"County":"Sangamon","confirmed_cases":19137,"total_tested":409129,"demographics":{"age":[{"race":[],"age_group":"<20","count":3173,"tested":53816,"deaths":0},{"race":[],"age_group":"20-29   ","count":3257,"tested":75261,"deaths":0},{"race":[],"age_group":"30-39   ","count":2862,"tested":63917,"deaths":0},{"race":[],"age_group":"40-49   ","count":2696,"tested":56184,"deaths":0},{"race":[],"age_group":"50-59   ","count":2842,"tested":59094,"deaths":0},{"race":[],"age_group":"60-69   ","count":2129,"tested":48461,"deaths":0},{"race":[],"age_group":"70-79   ","count":1256,"tested":29536,"deaths":0},{"race":[],"age_group":"80+","count":921,"tested":22773,"deaths":0},{"race":[],"age_group":"Unknown","count":0,"tested":87,"deaths":0}],"race":[{"description":"AI/AN**","count":8,"tested":400,"deaths":0,"color":"rgb(31,119,180)"},{"description":"Asian","count":153,"tested":5006,"deaths":0,"color":"rgb(140,86,75)"},{"description":"Black","count":2187,"tested":34240,"deaths":0,"color":"rgb(255,127,14)"},{"description":"Hispanic","count":231,"tested":4024,"deaths":0,"color":"rgb(214,39,40)"},{"description":"Left Blank","count":7776,"tested":158028,"deaths":0,"color":"rgb(44,160,44)"},{"description":"NH/PI*","count":33,"tested":4450,"deaths":0,"color":"rgb(127,127,127)"},{"description":"Other","count":261,"tested":9709,"deaths":0,"color":"rgb(148,103,189)"},{"description":"White","count":8485,"tested":193272,"deaths":0,"color":"rgb(31,119,180)"}],"gender":[{"description":"Female","count":9448,"tested":233271,"deaths":0,"color":"rgb(255,127,14)"},{"description":"Male","count":7955,"tested":166890,"deaths":0,"color":"rgb(31,119,180)"},{"description":"Unknown/Left Blank","count":1734,"tested":8968,"deaths":0,"color":"rgb(44,160,44)"}]}}]}
