{"lastUpdatedDate":{"year":2021,"month":6,"day":25},"county_demographics":[{"County":"Jasper","confirmed_cases":1167,"total_tested":13587,"demographics":{"age":[{"race":[],"age_group":"<20","count":173,"tested":2126,"deaths":0},{"race":[],"age_group":"20-29   ","count":122,"tested":1614,"deaths":0},{"race":[],"age_group":"30-39   ","count":146,"tested":1688,"deaths":0},{"race":[],"age_group":"40-49   ","count":160,"tested":2078,"deaths":0},{"race":[],"age_group":"50-59   ","count":181,"tested":1909,"deaths":0},{"race":[],"age_group":"60-69   ","count":182,"tested":1543,"deaths":0},{"race":[],"age_group":"70-79   ","count":105,"tested":1053,"deaths":0},{"race":[],"age_group":"80+","count":98,"tested":1572,"deaths":0},{"race":[],"age_group":"Unknown","count":0,"tested":0,"deaths":0}],"race":[{"description":"AI/AN**","count":0,"tested":0,"deaths":0,"color":"rgb(31,119,180)"},{"description":"Asian","count":0,"tested":33,"deaths":0,"color":"rgb(140,86,75)"},{"description":"Black","count":0,"tested":28,"deaths":0,"color":"rgb(255,127,14)"},{"description":"Hispanic","count":0,"tested":109,"deaths":0,"color":"rgb(214,39,40)"},{"description":"Left Blank","count":302,"tested":3167,"deaths":0,"color":"rgb(44,160,44)"},{"description":"Other","count":0,"tested":296,"deaths":0,"color":"rgb(148,103,189)"},{"description":"White","count":849,"tested":9953,"deaths":0,"color":"rgb(31,119,180)"}],"gender":[{"description":"Female","count":617,"tested":8277,"deaths":0,"color":"rgb(255,127,14)"},{"description":"Male","count":530,"tested":4633,"deaths":0,"color":"rgb(31,119,180)"},{"description":"Unknown/Left Blank","count":20,"tested":677,"deaths":0,"color":"rgb(44,160,44)"}]}}]}
