{"age":[{"age_group":"<20","count":529,"tested":4077},{"age_group":"20-29   ","count":938,"tested":9750},{"age_group":"30-39   ","count":860,"tested":9427},{"age_group":"40-49   ","count":725,"tested":8197},{"age_group":"50-59   ","count":836,"tested":10271},{"age_group":"60-69   ","count":694,"tested":9294},{"age_group":"70-79   ","count":323,"tested":4131},{"age_group":"80+","count":253,"tested":3766}],"race":[{"description":"Hispanic","count":779,"tested":4307,"color":"rgb(214,39,40)"},{"description":"AI/AN**","count":17,"tested":143,"color":"rgb(31,119,180)"},{"description":"Left Blank","count":1372,"tested":28372,"color":"rgb(44,160,44)"},{"description":"NH/PI*","count":17,"tested":190,"color":"rgb(127,127,127)"},{"description":"Black","count":134,"tested":1466,"color":"rgb(255,127,14)"},{"description":"Asian","count":703,"tested":6379,"color":"rgb(140,86,75)"},{"description":"White","count":1654,"tested":15358,"color":"rgb(31,119,180)"},{"description":"Other","count":482,"tested":2717,"color":"rgb(148,103,189)"}],"gender":[{"description":"Unknown/Left Blank","count":39,"tested":1026,"color":"rgb(44,160,44)"},{"description":"Female","count":2628,"tested":34621,"color":"rgb(255,127,14)"},{"description":"Male","count":2491,"tested":23285,"color":"rgb(31,119,180)"}]}
