{"age":[{"age_group":"<20","count":474,"tested":5083},{"age_group":"20-29   ","count":401,"tested":5566},{"age_group":"30-39   ","count":310,"tested":4912},{"age_group":"40-49   ","count":404,"tested":5644},{"age_group":"50-59   ","count":459,"tested":7269},{"age_group":"60-69   ","count":308,"tested":6158},{"age_group":"70-79   ","count":139,"tested":3441},{"age_group":"80+","count":153,"tested":3677}],"race":[{"description":"Left Blank","count":627,"tested":19134,"color":"rgb(44,160,44)"},{"description":"White","count":1252,"tested":15113,"color":"rgb(31,119,180)"},{"description":"Hispanic","count":205,"tested":1446,"color":"rgb(214,39,40)"},{"description":"Black","count":24,"tested":451,"color":"rgb(255,127,14)"},{"description":"NH/PI*","count":6,"tested":95,"color":"rgb(127,127,127)"},{"description":"Asian","count":201,"tested":2856,"color":"rgb(140,86,75)"},{"description":"Other","count":327,"tested":2608,"color":"rgb(148,103,189)"},{"description":"AI/AN**","count":8,"tested":53,"color":"rgb(31,119,180)"}],"gender":[{"description":"Unknown/Left Blank","count":39,"tested":1074,"color":"rgb(44,160,44)"},{"description":"Male","count":1211,"tested":16860,"color":"rgb(31,119,180)"},{"description":"Female","count":1400,"tested":23822,"color":"rgb(255,127,14)"}]}
