{"age":[{"age_group":"<20","count":431,"tested":4628},{"age_group":"20-29   ","count":308,"tested":3689},{"age_group":"30-39   ","count":242,"tested":3361},{"age_group":"40-49   ","count":293,"tested":3263},{"age_group":"50-59   ","count":358,"tested":4553},{"age_group":"60-69   ","count":201,"tested":3008},{"age_group":"70-79   ","count":104,"tested":1774},{"age_group":"80+","count":95,"tested":2637}],"race":[{"description":"Black","count":10,"tested":178,"color":"rgb(255,127,14)"},{"description":"White","count":1189,"tested":12833,"color":"rgb(31,119,180)"},{"description":"Asian","count":32,"tested":338,"color":"rgb(140,86,75)"},{"description":"Other","count":36,"tested":452,"color":"rgb(148,103,189)"},{"description":"Hispanic","count":121,"tested":760,"color":"rgb(214,39,40)"},{"description":"Left Blank","count":647,"tested":12345,"color":"rgb(44,160,44)"}],"gender":[{"description":"Unknown/Left Blank","count":12,"tested":236,"color":"rgb(44,160,44)"},{"description":"Female","count":1036,"tested":15621,"color":"rgb(255,127,14)"},{"description":"Male","count":989,"tested":11060,"color":"rgb(31,119,180)"}]}
