{"age":[{"age_group":"<20","count":153,"tested":1195},{"age_group":"20-29   ","count":189,"tested":1528},{"age_group":"30-39   ","count":178,"tested":1361},{"age_group":"40-49   ","count":149,"tested":1291},{"age_group":"50-59   ","count":173,"tested":1529},{"age_group":"60-69   ","count":127,"tested":1461},{"age_group":"70-79   ","count":77,"tested":1149},{"age_group":"80+","count":52,"tested":1198}],"race":[{"description":"White","count":663,"tested":5236,"color":"rgb(31,119,180)"},{"description":"Other","count":20,"tested":203,"color":"rgb(148,103,189)"},{"description":"Left Blank","count":258,"tested":4420,"color":"rgb(44,160,44)"},{"description":"Hispanic","count":142,"tested":748,"color":"rgb(214,39,40)"},{"description":"Asian","count":7,"tested":36,"color":"rgb(140,86,75)"},{"description":"Black","count":7,"tested":60,"color":"rgb(255,127,14)"}],"gender":[{"description":"Male","count":509,"tested":4017,"color":"rgb(31,119,180)"},{"description":"Female","count":582,"tested":6418,"color":"rgb(255,127,14)"}]}
