{"age":[{"age_group":"<20","count":420,"tested":4727},{"age_group":"20-29   ","count":363,"tested":4880},{"age_group":"30-39   ","count":247,"tested":3924},{"age_group":"40-49   ","count":314,"tested":4038},{"age_group":"50-59   ","count":342,"tested":4907},{"age_group":"60-69   ","count":250,"tested":4211},{"age_group":"70-79   ","count":95,"tested":2036},{"age_group":"80+","count":68,"tested":840}],"race":[{"description":"Hispanic","count":133,"tested":859,"color":"rgb(214,39,40)"},{"description":"White","count":1082,"tested":12389,"color":"rgb(31,119,180)"},{"description":"Left Blank","count":584,"tested":12463,"color":"rgb(44,160,44)"},{"description":"Other","count":56,"tested":1053,"color":"rgb(148,103,189)"},{"description":"Asian","count":162,"tested":2099,"color":"rgb(140,86,75)"},{"description":"Black","count":77,"tested":643,"color":"rgb(255,127,14)"}],"gender":[{"description":"Unknown/Left Blank","count":12,"tested":353,"color":"rgb(44,160,44)"},{"description":"Male","count":1025,"tested":13269,"color":"rgb(31,119,180)"},{"description":"Female","count":1062,"tested":15942,"color":"rgb(255,127,14)"}]}
