{"age":[{"age_group":"<20","count":13,"tested":87},{"age_group":"30-39   ","count":12,"tested":78},{"age_group":"40-49   ","count":13,"tested":76},{"age_group":"50-59   ","count":21,"tested":87},{"age_group":"60-69   ","count":10,"tested":106},{"age_group":"70-79   ","count":6,"tested":30}],"race":[{"description":"Left Blank","count":34,"tested":267,"color":"rgb(44,160,44)"},{"description":"White","count":46,"tested":287,"color":"rgb(31,119,180)"}],"gender":[{"description":"Female","count":41,"tested":390,"color":"rgb(255,127,14)"},{"description":"Male","count":39,"tested":175,"color":"rgb(31,119,180)"}]}
