{"age":[{"age_group":"<20","count":117,"tested":1995},{"age_group":"20-29   ","count":81,"tested":2079},{"age_group":"30-39   ","count":73,"tested":1391},{"age_group":"40-49   ","count":76,"tested":2390},{"age_group":"50-59   ","count":94,"tested":2297},{"age_group":"60-69   ","count":56,"tested":1928},{"age_group":"70-79   ","count":39,"tested":1269},{"age_group":"80+","count":60,"tested":1312}],"race":[{"description":"Other","count":45,"tested":586,"color":"rgb(148,103,189)"},{"description":"Left Blank","count":142,"tested":5733,"color":"rgb(44,160,44)"},{"description":"Asian","count":24,"tested":654,"color":"rgb(140,86,75)"},{"description":"Black","count":24,"tested":259,"color":"rgb(255,127,14)"},{"description":"Hispanic","count":61,"tested":983,"color":"rgb(214,39,40)"},{"description":"White","count":299,"tested":6395,"color":"rgb(31,119,180)"}],"gender":[{"description":"Female","count":302,"tested":7643,"color":"rgb(255,127,14)"},{"description":"Male","count":282,"tested":6877,"color":"rgb(31,119,180)"}]}
