{"age":[{"age_group":"<20","count":238,"tested":2070},{"age_group":"20-29   ","count":302,"tested":4111},{"age_group":"30-39   ","count":283,"tested":4283},{"age_group":"40-49   ","count":328,"tested":4107},{"age_group":"50-59   ","count":322,"tested":4979},{"age_group":"60-69   ","count":334,"tested":4984},{"age_group":"70-79   ","count":216,"tested":3498},{"age_group":"80+","count":163,"tested":3415}],"race":[{"description":"Left Blank","count":636,"tested":20764,"color":"rgb(44,160,44)"},{"description":"White","count":985,"tested":7347,"color":"rgb(31,119,180)"},{"description":"Hispanic","count":255,"tested":932,"color":"rgb(214,39,40)"},{"description":"Black","count":56,"tested":595,"color":"rgb(255,127,14)"},{"description":"Asian","count":172,"tested":1196,"color":"rgb(140,86,75)"},{"description":"AI/AN**","count":6,"tested":17,"color":"rgb(31,119,180)"},{"description":"Other","count":73,"tested":578,"color":"rgb(148,103,189)"}],"gender":[{"description":"Female","count":1112,"tested":17924,"color":"rgb(255,127,14)"},{"description":"Male","count":1063,"tested":12728,"color":"rgb(31,119,180)"},{"description":"Unknown/Left Blank","count":11,"tested":805,"color":"rgb(44,160,44)"}]}
