{"age":[{"age_group":"<20","count":237,"tested":1779},{"age_group":"20-29   ","count":227,"tested":2127},{"age_group":"30-39   ","count":240,"tested":1828},{"age_group":"40-49   ","count":270,"tested":2156},{"age_group":"50-59   ","count":272,"tested":2403},{"age_group":"60-69   ","count":189,"tested":1869},{"age_group":"70-79   ","count":90,"tested":887},{"age_group":"80+","count":21,"tested":383}],"race":[{"description":"Hispanic","count":88,"tested":526,"color":"rgb(214,39,40)"},{"description":"White","count":591,"tested":5999,"color":"rgb(31,119,180)"},{"description":"Left Blank","count":718,"tested":5881,"color":"rgb(44,160,44)"},{"description":"Other","count":116,"tested":698,"color":"rgb(148,103,189)"},{"description":"Black","count":18,"tested":148,"color":"rgb(255,127,14)"},{"description":"Asian","count":12,"tested":161,"color":"rgb(140,86,75)"}],"gender":[{"description":"Female","count":789,"tested":7414,"color":"rgb(255,127,14)"},{"description":"Male","count":740,"tested":5898,"color":"rgb(31,119,180)"}]}
