{"age":[{"age_group":"<20","count":347,"tested":2622},{"age_group":"20-29   ","count":392,"tested":3538},{"age_group":"30-39   ","count":306,"tested":3052},{"age_group":"40-49   ","count":369,"tested":3105},{"age_group":"50-59   ","count":444,"tested":4075},{"age_group":"60-69   ","count":281,"tested":3127},{"age_group":"70-79   ","count":81,"tested":1453},{"age_group":"80+","count":46,"tested":1146}],"race":[{"description":"Other","count":34,"tested":357,"color":"rgb(148,103,189)"},{"description":"Left Blank","count":809,"tested":10136,"color":"rgb(44,160,44)"},{"description":"White","count":1060,"tested":9452,"color":"rgb(31,119,180)"},{"description":"Hispanic","count":227,"tested":1049,"color":"rgb(214,39,40)"},{"description":"Asian","count":83,"tested":602,"color":"rgb(140,86,75)"},{"description":"Black","count":45,"tested":478,"color":"rgb(255,127,14)"},{"description":"NH/PI*","count":6,"tested":17,"color":"rgb(127,127,127)"}],"gender":[{"description":"Male","count":1110,"tested":9342,"color":"rgb(31,119,180)"},{"description":"Unknown/Left Blank","count":12,"tested":250,"color":"rgb(44,160,44)"},{"description":"Female","count":1144,"tested":12531,"color":"rgb(255,127,14)"}]}
