{"age":[{"age_group":"<20","count":452,"tested":4317},{"age_group":"20-29   ","count":472,"tested":4230},{"age_group":"30-39   ","count":455,"tested":4560},{"age_group":"40-49   ","count":521,"tested":4646},{"age_group":"50-59   ","count":470,"tested":4273},{"age_group":"60-69   ","count":222,"tested":2602},{"age_group":"70-79   ","count":123,"tested":1655},{"age_group":"80+","count":121,"tested":1126}],"race":[{"description":"Black","count":169,"tested":1433,"color":"rgb(255,127,14)"},{"description":"White","count":1191,"tested":11241,"color":"rgb(31,119,180)"},{"description":"Asian","count":57,"tested":526,"color":"rgb(140,86,75)"},{"description":"Other","count":87,"tested":998,"color":"rgb(148,103,189)"},{"description":"Hispanic","count":506,"tested":2568,"color":"rgb(214,39,40)"},{"description":"Left Blank","count":824,"tested":10609,"color":"rgb(44,160,44)"}],"gender":[{"description":"Female","count":1490,"tested":15513,"color":"rgb(255,127,14)"},{"description":"Male","count":1332,"tested":11623,"color":"rgb(31,119,180)"},{"description":"Unknown/Left Blank","count":14,"tested":274,"color":"rgb(44,160,44)"}]}
