{"lastUpdatedDate":{"year":2021,"month":2,"day":23},"county_demographics":[{"County":"Piatt","confirmed_cases":1307,"total_tested":25625,"demographics":{"age":[{"race":[],"age_group":"<20","count":227,"tested":5409,"deaths":0},{"race":[],"age_group":"20-29   ","count":174,"tested":3588,"deaths":0},{"race":[],"age_group":"30-39   ","count":203,"tested":3476,"deaths":0},{"race":[],"age_group":"40-49   ","count":203,"tested":3314,"deaths":0},{"race":[],"age_group":"50-59   ","count":187,"tested":3283,"deaths":0},{"race":[],"age_group":"60-69   ","count":179,"tested":2959,"deaths":0},{"race":[],"age_group":"70-79   ","count":76,"tested":1699,"deaths":0},{"race":[],"age_group":"80+","count":56,"tested":1893,"deaths":0},{"race":[],"age_group":"Unknown","count":0,"tested":0,"deaths":0}],"race":[{"description":"AI/AN**","count":0,"tested":37,"deaths":0,"color":"rgb(31,119,180)"},{"description":"Asian","count":0,"tested":134,"deaths":0,"color":"rgb(140,86,75)"},{"description":"Black","count":10,"tested":158,"deaths":0,"color":"rgb(255,127,14)"},{"description":"Hispanic","count":7,"tested":199,"deaths":0,"color":"rgb(214,39,40)"},{"description":"Left Blank","count":253,"tested":7405,"deaths":0,"color":"rgb(44,160,44)"},{"description":"NH/PI*","count":0,"tested":6,"deaths":0,"color":"rgb(127,127,127)"},{"description":"Other","count":23,"tested":588,"deaths":0,"color":"rgb(148,103,189)"},{"description":"White","count":1008,"tested":17098,"deaths":0,"color":"rgb(31,119,180)"}],"gender":[{"description":"Female","count":685,"tested":15268,"deaths":0,"color":"rgb(255,127,14)"},{"description":"Male","count":621,"tested":10047,"deaths":0,"color":"rgb(31,119,180)"},{"description":"Unknown/Left Blank","count":0,"tested":310,"deaths":0,"color":"rgb(44,160,44)"}]}}]}
