{"lastUpdatedDate":{"year":2021,"month":2,"day":23},"county_demographics":[{"County":"Mason","confirmed_cases":1271,"total_tested":18177,"demographics":{"age":[{"race":[],"age_group":"<20","count":215,"tested":2718,"deaths":0},{"race":[],"age_group":"20-29   ","count":133,"tested":2519,"deaths":0},{"race":[],"age_group":"30-39   ","count":175,"tested":2772,"deaths":0},{"race":[],"age_group":"40-49   ","count":182,"tested":2877,"deaths":0},{"race":[],"age_group":"50-59   ","count":184,"tested":2619,"deaths":0},{"race":[],"age_group":"60-69   ","count":163,"tested":1941,"deaths":0},{"race":[],"age_group":"70-79   ","count":119,"tested":1195,"deaths":0},{"race":[],"age_group":"80+","count":92,"tested":1536,"deaths":0},{"race":[],"age_group":"Unknown","count":0,"tested":0,"deaths":0}],"race":[{"description":"AI/AN**","count":0,"tested":0,"deaths":0,"color":"rgb(31,119,180)"},{"description":"Asian","count":0,"tested":22,"deaths":0,"color":"rgb(140,86,75)"},{"description":"Black","count":0,"tested":40,"deaths":0,"color":"rgb(255,127,14)"},{"description":"Hispanic","count":8,"tested":37,"deaths":0,"color":"rgb(214,39,40)"},{"description":"Left Blank","count":422,"tested":6726,"deaths":0,"color":"rgb(44,160,44)"},{"description":"Other","count":8,"tested":154,"deaths":0,"color":"rgb(148,103,189)"},{"description":"White","count":827,"tested":11195,"deaths":0,"color":"rgb(31,119,180)"}],"gender":[{"description":"Female","count":708,"tested":11374,"deaths":0,"color":"rgb(255,127,14)"},{"description":"Male","count":524,"tested":5831,"deaths":0,"color":"rgb(31,119,180)"},{"description":"Unknown/Left Blank","count":38,"tested":972,"deaths":0,"color":"rgb(44,160,44)"}]}}]}
