{"lastUpdatedDate":{"year":2021,"month":3,"day":27},"county_demographics":[{"County":"Iroquois","confirmed_cases":2836,"total_tested":44119,"demographics":{"age":[{"race":[],"age_group":"<20","count":454,"tested":5959,"deaths":0},{"race":[],"age_group":"20-29   ","count":410,"tested":5577,"deaths":0},{"race":[],"age_group":"30-39   ","count":364,"tested":5547,"deaths":0},{"race":[],"age_group":"40-49   ","count":374,"tested":4552,"deaths":0},{"race":[],"age_group":"50-59   ","count":423,"tested":6046,"deaths":0},{"race":[],"age_group":"60-69   ","count":383,"tested":5690,"deaths":0},{"race":[],"age_group":"70-79   ","count":244,"tested":4140,"deaths":0},{"race":[],"age_group":"80+","count":184,"tested":6599,"deaths":0},{"race":[],"age_group":"Unknown","count":0,"tested":9,"deaths":0}],"race":[{"description":"AI/AN**","count":0,"tested":9,"deaths":0,"color":"rgb(31,119,180)"},{"description":"Asian","count":0,"tested":73,"deaths":0,"color":"rgb(140,86,75)"},{"description":"Black","count":33,"tested":401,"deaths":0,"color":"rgb(255,127,14)"},{"description":"Hispanic","count":234,"tested":1239,"deaths":0,"color":"rgb(214,39,40)"},{"description":"Left Blank","count":379,"tested":14318,"deaths":0,"color":"rgb(44,160,44)"},{"description":"NH/PI*","count":0,"tested":8,"deaths":0,"color":"rgb(127,127,127)"},{"description":"Other","count":66,"tested":695,"deaths":0,"color":"rgb(148,103,189)"},{"description":"White","count":2117,"tested":27376,"deaths":0,"color":"rgb(31,119,180)"}],"gender":[{"description":"Female","count":1499,"tested":28555,"deaths":0,"color":"rgb(255,127,14)"},{"description":"Male","count":1257,"tested":14863,"deaths":0,"color":"rgb(31,119,180)"},{"description":"Unknown/Left Blank","count":80,"tested":701,"deaths":0,"color":"rgb(44,160,44)"}]}}]}
