{"lastUpdatedDate":{"year":2021,"month":3,"day":27},"county_demographics":[{"County":"Cook","confirmed_cases":239242,"total_tested":3357723,"demographics":{"age":[{"race":[],"age_group":"<20","count":35587,"tested":361183,"deaths":0},{"race":[],"age_group":"20-29   ","count":42212,"tested":571686,"deaths":0},{"race":[],"age_group":"30-39   ","count":37490,"tested":477449,"deaths":0},{"race":[],"age_group":"40-49   ","count":37671,"tested":460931,"deaths":0},{"race":[],"age_group":"50-59   ","count":36827,"tested":517061,"deaths":0},{"race":[],"age_group":"60-69   ","count":26079,"tested":441703,"deaths":0},{"race":[],"age_group":"70-79   ","count":13118,"tested":257599,"deaths":0},{"race":[],"age_group":"80+","count":10207,"tested":266736,"deaths":0},{"race":[],"age_group":"Unknown","count":51,"tested":3375,"deaths":0}],"race":[{"description":"AI/AN**","count":393,"tested":3273,"deaths":0,"color":"rgb(31,119,180)"},{"description":"Asian","count":8485,"tested":133901,"deaths":0,"color":"rgb(140,86,75)"},{"description":"Black","count":24324,"tested":326046,"deaths":0,"color":"rgb(255,127,14)"},{"description":"Hispanic","count":47706,"tested":273910,"deaths":0,"color":"rgb(214,39,40)"},{"description":"Left Blank","count":75931,"tested":1611593,"deaths":0,"color":"rgb(44,160,44)"},{"description":"NH/PI*","count":341,"tested":4791,"deaths":0,"color":"rgb(127,127,127)"},{"description":"Other","count":12803,"tested":122540,"deaths":0,"color":"rgb(148,103,189)"},{"description":"White","count":69259,"tested":881669,"deaths":0,"color":"rgb(31,119,180)"}],"gender":[{"description":"Female","count":124090,"tested":1906767,"deaths":0,"color":"rgb(255,127,14)"},{"description":"Male","count":112892,"tested":1372761,"deaths":0,"color":"rgb(31,119,180)"},{"description":"Unknown/Left Blank","count":2260,"tested":78195,"deaths":0,"color":"rgb(44,160,44)"}]}}]}
