{"lastUpdatedDate":{"year":2021,"month":3,"day":27},"county_demographics":[{"County":"Mercer","confirmed_cases":1313,"total_tested":16025,"demographics":{"age":[{"race":[],"age_group":"<20","count":203,"tested":2681,"deaths":0},{"race":[],"age_group":"20-29   ","count":157,"tested":1850,"deaths":0},{"race":[],"age_group":"30-39   ","count":169,"tested":1954,"deaths":0},{"race":[],"age_group":"40-49   ","count":208,"tested":1882,"deaths":0},{"race":[],"age_group":"50-59   ","count":212,"tested":2358,"deaths":0},{"race":[],"age_group":"60-69   ","count":173,"tested":2041,"deaths":0},{"race":[],"age_group":"70-79   ","count":90,"tested":1549,"deaths":0},{"race":[],"age_group":"80+","count":96,"tested":1696,"deaths":0},{"race":[],"age_group":"Unknown","count":0,"tested":14,"deaths":0}],"race":[{"description":"Asian","count":0,"tested":6,"deaths":0,"color":"rgb(140,86,75)"},{"description":"Black","count":7,"tested":21,"deaths":0,"color":"rgb(255,127,14)"},{"description":"Hispanic","count":20,"tested":92,"deaths":0,"color":"rgb(214,39,40)"},{"description":"Left Blank","count":372,"tested":7177,"deaths":0,"color":"rgb(44,160,44)"},{"description":"NH/PI*","count":0,"tested":0,"deaths":0,"color":"rgb(127,127,127)"},{"description":"Other","count":10,"tested":210,"deaths":0,"color":"rgb(148,103,189)"},{"description":"White","count":896,"tested":8516,"deaths":0,"color":"rgb(31,119,180)"}],"gender":[{"description":"Female","count":703,"tested":9453,"deaths":0,"color":"rgb(255,127,14)"},{"description":"Male","count":602,"tested":6265,"deaths":0,"color":"rgb(31,119,180)"},{"description":"Unknown/Left Blank","count":6,"tested":307,"deaths":0,"color":"rgb(44,160,44)"}]}}]}
