{"lastUpdatedDate":{"year":2021,"month":3,"day":27},"county_demographics":[{"County":"Macoupin","confirmed_cases":4481,"total_tested":66430,"demographics":{"age":[{"race":[],"age_group":"<20","count":722,"tested":9904,"deaths":0},{"race":[],"age_group":"20-29   ","count":606,"tested":9743,"deaths":0},{"race":[],"age_group":"30-39   ","count":664,"tested":9633,"deaths":0},{"race":[],"age_group":"40-49   ","count":635,"tested":8928,"deaths":0},{"race":[],"age_group":"50-59   ","count":645,"tested":9681,"deaths":0},{"race":[],"age_group":"60-69   ","count":584,"tested":8404,"deaths":0},{"race":[],"age_group":"70-79   ","count":342,"tested":4612,"deaths":0},{"race":[],"age_group":"80+","count":280,"tested":5502,"deaths":0},{"race":[],"age_group":"Unknown","count":0,"tested":23,"deaths":0}],"race":[{"description":"AI/AN**","count":0,"tested":41,"deaths":0,"color":"rgb(31,119,180)"},{"description":"Asian","count":0,"tested":151,"deaths":0,"color":"rgb(140,86,75)"},{"description":"Black","count":33,"tested":719,"deaths":0,"color":"rgb(255,127,14)"},{"description":"Hispanic","count":13,"tested":238,"deaths":0,"color":"rgb(214,39,40)"},{"description":"Left Blank","count":1369,"tested":17160,"deaths":0,"color":"rgb(44,160,44)"},{"description":"NH/PI*","count":0,"tested":32,"deaths":0,"color":"rgb(127,127,127)"},{"description":"Other","count":61,"tested":699,"deaths":0,"color":"rgb(148,103,189)"},{"description":"White","count":2988,"tested":47390,"deaths":0,"color":"rgb(31,119,180)"}],"gender":[{"description":"Female","count":2373,"tested":41877,"deaths":0,"color":"rgb(255,127,14)"},{"description":"Male","count":2022,"tested":23054,"deaths":0,"color":"rgb(31,119,180)"},{"description":"Unknown/Left Blank","count":86,"tested":1499,"deaths":0,"color":"rgb(44,160,44)"}]}}]}
