{"lastUpdatedDate":{"year":2021,"month":8,"day":3},"county_demographics":[{"County":"Cook","confirmed_cases":275560,"total_tested":4594237,"demographics":{"age":[{"race":[],"age_group":"<20","count":44186,"tested":594048,"deaths":0},{"race":[],"age_group":"20-29   ","count":48733,"tested":770602,"deaths":0},{"race":[],"age_group":"30-39   ","count":43714,"tested":649936,"deaths":0},{"race":[],"age_group":"40-49   ","count":43133,"tested":618389,"deaths":0},{"race":[],"age_group":"50-59   ","count":41389,"tested":684904,"deaths":0},{"race":[],"age_group":"60-69   ","count":29031,"tested":587059,"deaths":0},{"race":[],"age_group":"70-79   ","count":14360,"tested":344128,"deaths":0},{"race":[],"age_group":"80+","count":10969,"tested":340896,"deaths":0},{"race":[],"age_group":"Unknown","count":45,"tested":4275,"deaths":0}],"race":[{"description":"AI/AN**","count":492,"tested":6254,"deaths":0,"color":"rgb(31,119,180)"},{"description":"Asian","count":10138,"tested":216240,"deaths":0,"color":"rgb(140,86,75)"},{"description":"Black","count":32091,"tested":478845,"deaths":0,"color":"rgb(255,127,14)"},{"description":"Hispanic","count":55463,"tested":397518,"deaths":0,"color":"rgb(214,39,40)"},{"description":"Left Blank","count":79134,"tested":2067163,"deaths":0,"color":"rgb(44,160,44)"},{"description":"NH/PI*","count":384,"tested":6469,"deaths":0,"color":"rgb(127,127,127)"},{"description":"Other","count":14504,"tested":164772,"deaths":0,"color":"rgb(148,103,189)"},{"description":"White","count":83354,"tested":1256976,"deaths":0,"color":"rgb(31,119,180)"}],"gender":[{"description":"Female","count":143238,"tested":2589946,"deaths":0,"color":"rgb(255,127,14)"},{"description":"Male","count":130263,"tested":1910818,"deaths":0,"color":"rgb(31,119,180)"},{"description":"Unknown/Left Blank","count":2059,"tested":93473,"deaths":0,"color":"rgb(44,160,44)"}]}}]}
