{"lastUpdatedDate":{"year":2021,"month":8,"day":3},"county_demographics":[{"County":"Shelby","confirmed_cases":2389,"total_tested":31725,"demographics":{"age":[{"race":[],"age_group":"<20","count":342,"tested":4203,"deaths":0},{"race":[],"age_group":"20-29   ","count":337,"tested":4443,"deaths":0},{"race":[],"age_group":"30-39   ","count":313,"tested":4314,"deaths":0},{"race":[],"age_group":"40-49   ","count":310,"tested":4133,"deaths":0},{"race":[],"age_group":"50-59   ","count":371,"tested":4931,"deaths":0},{"race":[],"age_group":"60-69   ","count":344,"tested":3645,"deaths":0},{"race":[],"age_group":"70-79   ","count":235,"tested":2837,"deaths":0},{"race":[],"age_group":"80+","count":137,"tested":3213,"deaths":0},{"race":[],"age_group":"Unknown","count":0,"tested":6,"deaths":0}],"race":[{"description":"AI/AN**","count":0,"tested":10,"deaths":0,"color":"rgb(31,119,180)"},{"description":"Asian","count":0,"tested":70,"deaths":0,"color":"rgb(140,86,75)"},{"description":"Black","count":8,"tested":99,"deaths":0,"color":"rgb(255,127,14)"},{"description":"Hispanic","count":16,"tested":122,"deaths":0,"color":"rgb(214,39,40)"},{"description":"Left Blank","count":224,"tested":12169,"deaths":0,"color":"rgb(44,160,44)"},{"description":"NH/PI*","count":0,"tested":6,"deaths":0,"color":"rgb(127,127,127)"},{"description":"Other","count":11,"tested":553,"deaths":0,"color":"rgb(148,103,189)"},{"description":"White","count":2121,"tested":18696,"deaths":0,"color":"rgb(31,119,180)"}],"gender":[{"description":"Female","count":1331,"tested":19554,"deaths":0,"color":"rgb(255,127,14)"},{"description":"Male","count":1021,"tested":11077,"deaths":0,"color":"rgb(31,119,180)"},{"description":"Unknown/Left Blank","count":33,"tested":1094,"deaths":0,"color":"rgb(44,160,44)"}]}}]}
