{"lastUpdatedDate":{"year":2021,"month":8,"day":3},"county_demographics":[{"County":"Henderson","confirmed_cases":534,"total_tested":7939,"demographics":{"age":[{"race":[],"age_group":"<20","count":53,"tested":1018,"deaths":0},{"race":[],"age_group":"20-29   ","count":58,"tested":843,"deaths":0},{"race":[],"age_group":"30-39   ","count":76,"tested":1207,"deaths":0},{"race":[],"age_group":"40-49   ","count":75,"tested":945,"deaths":0},{"race":[],"age_group":"50-59   ","count":91,"tested":1191,"deaths":0},{"race":[],"age_group":"60-69   ","count":87,"tested":1068,"deaths":0},{"race":[],"age_group":"70-79   ","count":35,"tested":848,"deaths":0},{"race":[],"age_group":"80+","count":44,"tested":818,"deaths":0},{"race":[],"age_group":"Unknown","count":0,"tested":0,"deaths":0}],"race":[{"description":"AI/AN**","count":0,"tested":0,"deaths":0,"color":"rgb(31,119,180)"},{"description":"Asian","count":0,"tested":0,"deaths":0,"color":"rgb(140,86,75)"},{"description":"Black","count":0,"tested":0,"deaths":0,"color":"rgb(255,127,14)"},{"description":"Hispanic","count":0,"tested":35,"deaths":0,"color":"rgb(214,39,40)"},{"description":"Left Blank","count":168,"tested":2233,"deaths":0,"color":"rgb(44,160,44)"},{"description":"Other","count":0,"tested":40,"deaths":0,"color":"rgb(148,103,189)"},{"description":"White","count":361,"tested":5622,"deaths":0,"color":"rgb(31,119,180)"}],"gender":[{"description":"Female","count":305,"tested":5390,"deaths":0,"color":"rgb(255,127,14)"},{"description":"Male","count":214,"tested":2340,"deaths":0,"color":"rgb(31,119,180)"},{"description":"Unknown/Left Blank","count":13,"tested":209,"deaths":0,"color":"rgb(44,160,44)"}]}}]}
