{"lastUpdatedDate":{"year":2021,"month":8,"day":3},"county_demographics":[{"County":"Franklin","confirmed_cases":5019,"total_tested":62073,"demographics":{"age":[{"race":[],"age_group":"<20","count":760,"tested":6633,"deaths":0},{"race":[],"age_group":"20-29   ","count":737,"tested":8935,"deaths":0},{"race":[],"age_group":"30-39   ","count":664,"tested":8818,"deaths":0},{"race":[],"age_group":"40-49   ","count":725,"tested":9055,"deaths":0},{"race":[],"age_group":"50-59   ","count":784,"tested":9560,"deaths":0},{"race":[],"age_group":"60-69   ","count":639,"tested":7435,"deaths":0},{"race":[],"age_group":"70-79   ","count":451,"tested":5801,"deaths":0},{"race":[],"age_group":"80+","count":259,"tested":5817,"deaths":0},{"race":[],"age_group":"Unknown","count":0,"tested":19,"deaths":0}],"race":[{"description":"AI/AN**","count":0,"tested":13,"deaths":0,"color":"rgb(31,119,180)"},{"description":"Asian","count":0,"tested":51,"deaths":0,"color":"rgb(140,86,75)"},{"description":"Black","count":15,"tested":269,"deaths":0,"color":"rgb(255,127,14)"},{"description":"Hispanic","count":38,"tested":371,"deaths":0,"color":"rgb(214,39,40)"},{"description":"Left Blank","count":1481,"tested":23346,"deaths":0,"color":"rgb(44,160,44)"},{"description":"NH/PI*","count":0,"tested":0,"deaths":0,"color":"rgb(127,127,127)"},{"description":"Other","count":31,"tested":526,"deaths":0,"color":"rgb(148,103,189)"},{"description":"White","count":3444,"tested":37493,"deaths":0,"color":"rgb(31,119,180)"}],"gender":[{"description":"Female","count":2702,"tested":34913,"deaths":0,"color":"rgb(255,127,14)"},{"description":"Male","count":2206,"tested":21825,"deaths":0,"color":"rgb(31,119,180)"},{"description":"Unknown/Left Blank","count":110,"tested":5335,"deaths":0,"color":"rgb(44,160,44)"}]}}]}
