{"lastUpdatedDate":{"year":2021,"month":8,"day":3},"county_demographics":[{"County":"Champaign","confirmed_cases":21891,"total_tested":2567185,"demographics":{"age":[{"race":[],"age_group":"<20","count":5968,"tested":570644,"deaths":0},{"race":[],"age_group":"20-29   ","count":6394,"tested":1163133,"deaths":0},{"race":[],"age_group":"30-39   ","count":2773,"tested":259771,"deaths":0},{"race":[],"age_group":"40-49   ","count":2319,"tested":198711,"deaths":0},{"race":[],"age_group":"50-59   ","count":1892,"tested":188274,"deaths":0},{"race":[],"age_group":"60-69   ","count":1429,"tested":116822,"deaths":0},{"race":[],"age_group":"70-79   ","count":612,"tested":40463,"deaths":0},{"race":[],"age_group":"80+","count":504,"tested":28952,"deaths":0},{"race":[],"age_group":"Unknown","count":0,"tested":415,"deaths":0}],"race":[{"description":"AI/AN**","count":11,"tested":3497,"deaths":0,"color":"rgb(31,119,180)"},{"description":"Asian","count":1120,"tested":512121,"deaths":0,"color":"rgb(140,86,75)"},{"description":"Black","count":3792,"tested":198533,"deaths":0,"color":"rgb(255,127,14)"},{"description":"Hispanic","count":2474,"tested":210884,"deaths":0,"color":"rgb(214,39,40)"},{"description":"Left Blank","count":1030,"tested":118388,"deaths":0,"color":"rgb(44,160,44)"},{"description":"NH/PI*","count":9,"tested":1669,"deaths":0,"color":"rgb(127,127,127)"},{"description":"Other","count":650,"tested":110264,"deaths":0,"color":"rgb(148,103,189)"},{"description":"White","count":12803,"tested":1411829,"deaths":0,"color":"rgb(31,119,180)"}],"gender":[{"description":"Female","count":11084,"tested":1243175,"deaths":0,"color":"rgb(255,127,14)"},{"description":"Male","count":10781,"tested":1317464,"deaths":0,"color":"rgb(31,119,180)"},{"description":"Unknown/Left Blank","count":22,"tested":6546,"deaths":0,"color":"rgb(44,160,44)"}]}}]}
