{"lastUpdatedDate":{"year":2021,"month":8,"day":3},"county_demographics":[{"County":"Whiteside","confirmed_cases":7273,"total_tested":85857,"demographics":{"age":[{"race":[],"age_group":"<20","count":1114,"tested":13225,"deaths":0},{"race":[],"age_group":"20-29   ","count":1100,"tested":13183,"deaths":0},{"race":[],"age_group":"30-39   ","count":1067,"tested":13431,"deaths":0},{"race":[],"age_group":"40-49   ","count":1017,"tested":11825,"deaths":0},{"race":[],"age_group":"50-59   ","count":1160,"tested":12774,"deaths":0},{"race":[],"age_group":"60-69   ","count":900,"tested":10086,"deaths":0},{"race":[],"age_group":"70-79   ","count":481,"tested":5332,"deaths":0},{"race":[],"age_group":"80+","count":432,"tested":5833,"deaths":0},{"race":[],"age_group":"Unknown","count":0,"tested":168,"deaths":0}],"race":[{"description":"AI/AN**","count":0,"tested":47,"deaths":0,"color":"rgb(31,119,180)"},{"description":"Asian","count":14,"tested":272,"deaths":0,"color":"rgb(140,86,75)"},{"description":"Black","count":161,"tested":1948,"deaths":0,"color":"rgb(255,127,14)"},{"description":"Hispanic","count":448,"tested":3284,"deaths":0,"color":"rgb(214,39,40)"},{"description":"Left Blank","count":1843,"tested":40441,"deaths":0,"color":"rgb(44,160,44)"},{"description":"NH/PI*","count":0,"tested":15,"deaths":0,"color":"rgb(127,127,127)"},{"description":"Other","count":348,"tested":2122,"deaths":0,"color":"rgb(148,103,189)"},{"description":"White","count":4445,"tested":37728,"deaths":0,"color":"rgb(31,119,180)"}],"gender":[{"description":"Female","count":3850,"tested":51017,"deaths":0,"color":"rgb(255,127,14)"},{"description":"Male","count":3249,"tested":30157,"deaths":0,"color":"rgb(31,119,180)"},{"description":"Unknown/Left Blank","count":173,"tested":4683,"deaths":0,"color":"rgb(44,160,44)"}]}}]}
