{"lastUpdatedDate":{"year":2021,"month":8,"day":3},"county_demographics":[{"County":"Clay","confirmed_cases":1595,"total_tested":18475,"demographics":{"age":[{"race":[],"age_group":"<20","count":238,"tested":3433,"deaths":0},{"race":[],"age_group":"20-29   ","count":207,"tested":2667,"deaths":0},{"race":[],"age_group":"30-39   ","count":223,"tested":2454,"deaths":0},{"race":[],"age_group":"40-49   ","count":229,"tested":2151,"deaths":0},{"race":[],"age_group":"50-59   ","count":246,"tested":2594,"deaths":0},{"race":[],"age_group":"60-69   ","count":202,"tested":2262,"deaths":0},{"race":[],"age_group":"70-79   ","count":159,"tested":1631,"deaths":0},{"race":[],"age_group":"80+","count":91,"tested":1278,"deaths":0},{"race":[],"age_group":"Unknown","count":0,"tested":0,"deaths":0}],"race":[{"description":"AI/AN**","count":0,"tested":29,"deaths":0,"color":"rgb(31,119,180)"},{"description":"Asian","count":0,"tested":42,"deaths":0,"color":"rgb(140,86,75)"},{"description":"Black","count":8,"tested":58,"deaths":0,"color":"rgb(255,127,14)"},{"description":"Hispanic","count":12,"tested":108,"deaths":0,"color":"rgb(214,39,40)"},{"description":"Left Blank","count":54,"tested":3892,"deaths":0,"color":"rgb(44,160,44)"},{"description":"NH/PI*","count":0,"tested":0,"deaths":0,"color":"rgb(127,127,127)"},{"description":"Other","count":8,"tested":275,"deaths":0,"color":"rgb(148,103,189)"},{"description":"White","count":1504,"tested":14069,"deaths":0,"color":"rgb(31,119,180)"}],"gender":[{"description":"Female","count":848,"tested":10483,"deaths":0,"color":"rgb(255,127,14)"},{"description":"Male","count":745,"tested":7249,"deaths":0,"color":"rgb(31,119,180)"},{"description":"Unknown/Left Blank","count":0,"tested":743,"deaths":0,"color":"rgb(44,160,44)"}]}}]}
