{"lastUpdatedDate":{"year":2021,"month":8,"day":3},"county_demographics":[{"County":"Richland","confirmed_cases":1859,"total_tested":31075,"demographics":{"age":[{"race":[],"age_group":"<20","count":273,"tested":4100,"deaths":0},{"race":[],"age_group":"20-29   ","count":244,"tested":4539,"deaths":0},{"race":[],"age_group":"30-39   ","count":251,"tested":4873,"deaths":0},{"race":[],"age_group":"40-49   ","count":256,"tested":4437,"deaths":0},{"race":[],"age_group":"50-59   ","count":270,"tested":4413,"deaths":0},{"race":[],"age_group":"60-69   ","count":230,"tested":3543,"deaths":0},{"race":[],"age_group":"70-79   ","count":164,"tested":2340,"deaths":0},{"race":[],"age_group":"80+","count":171,"tested":2823,"deaths":0},{"race":[],"age_group":"Unknown","count":0,"tested":7,"deaths":0}],"race":[{"description":"AI/AN**","count":0,"tested":6,"deaths":0,"color":"rgb(31,119,180)"},{"description":"Asian","count":6,"tested":85,"deaths":0,"color":"rgb(140,86,75)"},{"description":"Black","count":15,"tested":186,"deaths":0,"color":"rgb(255,127,14)"},{"description":"Hispanic","count":10,"tested":166,"deaths":0,"color":"rgb(214,39,40)"},{"description":"Left Blank","count":179,"tested":9763,"deaths":0,"color":"rgb(44,160,44)"},{"description":"NH/PI*","count":0,"tested":32,"deaths":0,"color":"rgb(127,127,127)"},{"description":"Other","count":7,"tested":187,"deaths":0,"color":"rgb(148,103,189)"},{"description":"White","count":1639,"tested":20650,"deaths":0,"color":"rgb(31,119,180)"}],"gender":[{"description":"Female","count":1043,"tested":17691,"deaths":0,"color":"rgb(255,127,14)"},{"description":"Male","count":806,"tested":10888,"deaths":0,"color":"rgb(31,119,180)"},{"description":"Unknown/Left Blank","count":9,"tested":2496,"deaths":0,"color":"rgb(44,160,44)"}]}}]}
