{"lastUpdatedDate":{"year":2021,"month":8,"day":3},"county_demographics":[{"County":"Stark","confirmed_cases":672,"total_tested":10788,"demographics":{"age":[{"race":[],"age_group":"<20","count":120,"tested":1653,"deaths":0},{"race":[],"age_group":"20-29   ","count":99,"tested":1723,"deaths":0},{"race":[],"age_group":"30-39   ","count":80,"tested":1231,"deaths":0},{"race":[],"age_group":"40-49   ","count":90,"tested":1076,"deaths":0},{"race":[],"age_group":"50-59   ","count":114,"tested":1397,"deaths":0},{"race":[],"age_group":"60-69   ","count":67,"tested":1502,"deaths":0},{"race":[],"age_group":"70-79   ","count":50,"tested":1167,"deaths":0},{"race":[],"age_group":"80+","count":48,"tested":1032,"deaths":0},{"race":[],"age_group":"Unknown","count":0,"tested":7,"deaths":0}],"race":[{"description":"AI/AN**","count":0,"tested":0,"deaths":0,"color":"rgb(31,119,180)"},{"description":"Asian","count":0,"tested":18,"deaths":0,"color":"rgb(140,86,75)"},{"description":"Black","count":0,"tested":41,"deaths":0,"color":"rgb(255,127,14)"},{"description":"Hispanic","count":0,"tested":63,"deaths":0,"color":"rgb(214,39,40)"},{"description":"Left Blank","count":201,"tested":5786,"deaths":0,"color":"rgb(44,160,44)"},{"description":"NH/PI*","count":0,"tested":0,"deaths":0,"color":"rgb(127,127,127)"},{"description":"Other","count":0,"tested":86,"deaths":0,"color":"rgb(148,103,189)"},{"description":"White","count":445,"tested":4792,"deaths":0,"color":"rgb(31,119,180)"}],"gender":[{"description":"Female","count":367,"tested":6929,"deaths":0,"color":"rgb(255,127,14)"},{"description":"Male","count":298,"tested":3585,"deaths":0,"color":"rgb(31,119,180)"},{"description":"Unknown/Left Blank","count":6,"tested":274,"deaths":0,"color":"rgb(44,160,44)"}]}}]}
