{"lastUpdatedDate":{"year":2021,"month":8,"day":3},"county_demographics":[{"County":"Cumberland","confirmed_cases":1322,"total_tested":14528,"demographics":{"age":[{"race":[],"age_group":"<20","count":204,"tested":2101,"deaths":0},{"race":[],"age_group":"20-29   ","count":181,"tested":1941,"deaths":0},{"race":[],"age_group":"30-39   ","count":175,"tested":1926,"deaths":0},{"race":[],"age_group":"40-49   ","count":173,"tested":2114,"deaths":0},{"race":[],"age_group":"50-59   ","count":207,"tested":1908,"deaths":0},{"race":[],"age_group":"60-69   ","count":170,"tested":1940,"deaths":0},{"race":[],"age_group":"70-79   ","count":101,"tested":1118,"deaths":0},{"race":[],"age_group":"80+","count":111,"tested":1477,"deaths":0},{"race":[],"age_group":"Unknown","count":0,"tested":0,"deaths":0}],"race":[{"description":"AI/AN**","count":0,"tested":0,"deaths":0,"color":"rgb(31,119,180)"},{"description":"Asian","count":0,"tested":11,"deaths":0,"color":"rgb(140,86,75)"},{"description":"Black","count":0,"tested":40,"deaths":0,"color":"rgb(255,127,14)"},{"description":"Hispanic","count":0,"tested":70,"deaths":0,"color":"rgb(214,39,40)"},{"description":"Left Blank","count":290,"tested":2819,"deaths":0,"color":"rgb(44,160,44)"},{"description":"NH/PI*","count":0,"tested":0,"deaths":0,"color":"rgb(127,127,127)"},{"description":"Other","count":18,"tested":392,"deaths":0,"color":"rgb(148,103,189)"},{"description":"White","count":1006,"tested":11191,"deaths":0,"color":"rgb(31,119,180)"}],"gender":[{"description":"Female","count":691,"tested":9101,"deaths":0,"color":"rgb(255,127,14)"},{"description":"Male","count":621,"tested":5172,"deaths":0,"color":"rgb(31,119,180)"},{"description":"Unknown/Left Blank","count":7,"tested":255,"deaths":0,"color":"rgb(44,160,44)"}]}}]}
