{"age":[{"age_group":"<20","count":138,"tested":1347},{"age_group":"20-29   ","count":190,"tested":1946},{"age_group":"30-39   ","count":167,"tested":1801},{"age_group":"40-49   ","count":150,"tested":1567},{"age_group":"50-59   ","count":156,"tested":2056},{"age_group":"60-69   ","count":133,"tested":1946},{"age_group":"70-79   ","count":71,"tested":1197},{"age_group":"80+","count":55,"tested":689}],"race":[{"description":"Hispanic","count":143,"tested":683,"color":"rgb(214,39,40)"},{"description":"Left Blank","count":215,"tested":7005,"color":"rgb(44,160,44)"},{"description":"White","count":592,"tested":3987,"color":"rgb(31,119,180)"},{"description":"Other","count":42,"tested":254,"color":"rgb(148,103,189)"},{"description":"Asian","count":54,"tested":487,"color":"rgb(140,86,75)"},{"description":"Black","count":12,"tested":131,"color":"rgb(255,127,14)"}],"gender":[{"description":"Female","count":531,"tested":7102,"color":"rgb(255,127,14)"},{"description":"Male","count":526,"tested":5160,"color":"rgb(31,119,180)"}]}
