{"age":[{"age_group":"<20","count":37,"tested":437},{"age_group":"20-29   ","count":33,"tested":405},{"age_group":"30-39   ","count":35,"tested":334},{"age_group":"40-49   ","count":28,"tested":239},{"age_group":"50-59   ","count":29,"tested":490},{"age_group":"60-69   ","count":18,"tested":252},{"age_group":"70-79   ","count":7,"tested":90},{"age_group":"80+","count":11,"tested":78}],"race":[{"description":"Left Blank","count":45,"tested":616,"color":"rgb(44,160,44)"},{"description":"White","count":144,"tested":1659,"color":"rgb(31,119,180)"},{"description":"Hispanic","count":6,"tested":17,"color":"rgb(214,39,40)"}],"gender":[{"description":"Female","count":93,"tested":1609,"color":"rgb(255,127,14)"},{"description":"Male","count":105,"tested":691,"color":"rgb(31,119,180)"}]}
