{"age":[{"age_group":"<20","count":11,"tested":88},{"age_group":"20-29   ","count":10,"tested":88},{"age_group":"30-39   ","count":7,"tested":70},{"age_group":"40-49   ","count":6,"tested":49},{"age_group":"50-59   ","count":7,"tested":52},{"age_group":"70-79   ","count":6,"tested":25}],"race":[{"description":"White","count":46,"tested":349,"color":"rgb(31,119,180)"}],"gender":[{"description":"Male","count":25,"tested":186,"color":"rgb(31,119,180)"},{"description":"Female","count":25,"tested":234,"color":"rgb(255,127,14)"}]}
