{"age":[{"age_group":"<20","count":582,"tested":4964},{"age_group":"20-29   ","count":1000,"tested":11244},{"age_group":"30-39   ","count":932,"tested":10903},{"age_group":"40-49   ","count":773,"tested":9607},{"age_group":"50-59   ","count":903,"tested":11953},{"age_group":"60-69   ","count":739,"tested":10865},{"age_group":"70-79   ","count":340,"tested":4782},{"age_group":"80+","count":268,"tested":4197}],"race":[{"description":"Hispanic","count":834,"tested":4871,"color":"rgb(214,39,40)"},{"description":"AI/AN**","count":19,"tested":174,"color":"rgb(31,119,180)"},{"description":"Left Blank","count":1398,"tested":32715,"color":"rgb(44,160,44)"},{"description":"NH/PI*","count":19,"tested":220,"color":"rgb(127,127,127)"},{"description":"Black","count":143,"tested":1792,"color":"rgb(255,127,14)"},{"description":"Asian","count":775,"tested":7632,"color":"rgb(140,86,75)"},{"description":"White","count":1832,"tested":18122,"color":"rgb(31,119,180)"},{"description":"Other","count":517,"tested":3017,"color":"rgb(148,103,189)"}],"gender":[{"description":"Unknown/Left Blank","count":41,"tested":1155,"color":"rgb(44,160,44)"},{"description":"Female","count":2815,"tested":40268,"color":"rgb(255,127,14)"},{"description":"Male","count":2681,"tested":27120,"color":"rgb(31,119,180)"}]}
