{"age":[{"age_group":"<20","count":23,"tested":176},{"age_group":"20-29   ","count":20,"tested":101},{"age_group":"30-39   ","count":24,"tested":135},{"age_group":"40-49   ","count":16,"tested":79},{"age_group":"50-59   ","count":30,"tested":158},{"age_group":"60-69   ","count":26,"tested":144},{"age_group":"70-79   ","count":12,"tested":81}],"race":[{"description":"Left Blank","count":26,"tested":285,"color":"rgb(44,160,44)"},{"description":"White","count":124,"tested":582,"color":"rgb(31,119,180)"}],"gender":[{"description":"Female","count":79,"tested":468,"color":"rgb(255,127,14)"},{"description":"Male","count":72,"tested":435,"color":"rgb(31,119,180)"}]}
