{"age":[{"age_group":"<20","count":174,"tested":1084},{"age_group":"20-29   ","count":176,"tested":1525},{"age_group":"30-39   ","count":214,"tested":1707},{"age_group":"40-49   ","count":152,"tested":1278},{"age_group":"50-59   ","count":163,"tested":1497},{"age_group":"60-69   ","count":136,"tested":1255},{"age_group":"70-79   ","count":32,"tested":543},{"age_group":"80+","count":24,"tested":395}],"race":[{"description":"White","count":455,"tested":3916,"color":"rgb(31,119,180)"},{"description":"Other","count":44,"tested":473,"color":"rgb(148,103,189)"},{"description":"Left Blank","count":208,"tested":2528,"color":"rgb(44,160,44)"},{"description":"Black","count":17,"tested":111,"color":"rgb(255,127,14)"},{"description":"Asian","count":21,"tested":167,"color":"rgb(140,86,75)"},{"description":"Hispanic","count":323,"tested":2065,"color":"rgb(214,39,40)"}],"gender":[{"description":"Male","count":512,"tested":4128,"color":"rgb(31,119,180)"},{"description":"Female","count":558,"tested":5047,"color":"rgb(255,127,14)"}]}
