{"age":[{"age_group":"<20","count":328,"tested":2812},{"age_group":"20-29   ","count":365,"tested":3996},{"age_group":"30-39   ","count":372,"tested":4091},{"age_group":"40-49   ","count":369,"tested":3601},{"age_group":"50-59   ","count":367,"tested":4174},{"age_group":"60-69   ","count":266,"tested":4175},{"age_group":"70-79   ","count":140,"tested":2406},{"age_group":"80+","count":101,"tested":1998}],"race":[{"description":"Asian","count":100,"tested":1399,"color":"rgb(140,86,75)"},{"description":"Hispanic","count":640,"tested":3168,"color":"rgb(214,39,40)"},{"description":"Black","count":40,"tested":456,"color":"rgb(255,127,14)"},{"description":"White","count":837,"tested":9645,"color":"rgb(31,119,180)"},{"description":"Left Blank","count":581,"tested":11880,"color":"rgb(44,160,44)"},{"description":"Other","count":108,"tested":649,"color":"rgb(148,103,189)"}],"gender":[{"description":"Male","count":1132,"tested":11621,"color":"rgb(31,119,180)"},{"description":"Unknown/Left Blank","count":12,"tested":494,"color":"rgb(44,160,44)"},{"description":"Female","count":1164,"tested":15144,"color":"rgb(255,127,14)"}]}
