{"age":[{"age_group":"<20","count":389,"tested":3956},{"age_group":"20-29   ","count":159,"tested":2581},{"age_group":"30-39   ","count":95,"tested":2105},{"age_group":"40-49   ","count":178,"tested":2875},{"age_group":"50-59   ","count":271,"tested":3709},{"age_group":"60-69   ","count":174,"tested":2872},{"age_group":"70-79   ","count":95,"tested":2091},{"age_group":"80+","count":97,"tested":2101}],"race":[{"description":"Hispanic","count":56,"tested":376,"color":"rgb(214,39,40)"},{"description":"Left Blank","count":397,"tested":11740,"color":"rgb(44,160,44)"},{"description":"White","count":885,"tested":8191,"color":"rgb(31,119,180)"},{"description":"Asian","count":46,"tested":782,"color":"rgb(140,86,75)"},{"description":"Black","count":23,"tested":407,"color":"rgb(255,127,14)"},{"description":"Other","count":50,"tested":773,"color":"rgb(148,103,189)"}],"gender":[{"description":"Male","count":699,"tested":9488,"color":"rgb(31,119,180)"},{"description":"Female","count":745,"tested":12620,"color":"rgb(255,127,14)"},{"description":"Unknown/Left Blank","count":14,"tested":183,"color":"rgb(44,160,44)"}]}
