{"age":[{"age_group":"<20","count":330,"tested":2628},{"age_group":"20-29   ","count":448,"tested":4692},{"age_group":"30-39   ","count":357,"tested":4438},{"age_group":"40-49   ","count":429,"tested":3919},{"age_group":"50-59   ","count":431,"tested":4789},{"age_group":"60-69   ","count":369,"tested":4481},{"age_group":"70-79   ","count":198,"tested":2698},{"age_group":"80+","count":176,"tested":3562}],"race":[{"description":"Other","count":99,"tested":740,"color":"rgb(148,103,189)"},{"description":"Left Blank","count":902,"tested":16968,"color":"rgb(44,160,44)"},{"description":"White","count":1261,"tested":10074,"color":"rgb(31,119,180)"},{"description":"Black","count":28,"tested":405,"color":"rgb(255,127,14)"},{"description":"Asian","count":140,"tested":1376,"color":"rgb(140,86,75)"},{"description":"Hispanic","count":300,"tested":1601,"color":"rgb(214,39,40)"},{"description":"NH/PI*","count":6,"tested":43,"color":"rgb(127,127,127)"}],"gender":[{"description":"Female","count":1403,"tested":17962,"color":"rgb(255,127,14)"},{"description":"Unknown/Left Blank","count":11,"tested":506,"color":"rgb(44,160,44)"},{"description":"Male","count":1324,"tested":12759,"color":"rgb(31,119,180)"}]}
