{"age":[{"age_group":"<20","count":227,"tested":1278},{"age_group":"20-29   ","count":272,"tested":1880},{"age_group":"30-39   ","count":238,"tested":1558},{"age_group":"40-49   ","count":235,"tested":1395},{"age_group":"50-59   ","count":167,"tested":1170},{"age_group":"60-69   ","count":115,"tested":1008},{"age_group":"70-79   ","count":43,"tested":413},{"age_group":"80+","count":29,"tested":293}],"race":[{"description":"Black","count":58,"tested":540,"color":"rgb(255,127,14)"},{"description":"Hispanic","count":615,"tested":2504,"color":"rgb(214,39,40)"},{"description":"Left Blank","count":346,"tested":3330,"color":"rgb(44,160,44)"},{"description":"White","count":198,"tested":1757,"color":"rgb(31,119,180)"},{"description":"Other","count":103,"tested":787,"color":"rgb(148,103,189)"}],"gender":[{"description":"Male","count":651,"tested":3917,"color":"rgb(31,119,180)"},{"description":"Female","count":672,"tested":5017,"color":"rgb(255,127,14)"}]}
