{"age":[{"age_group":"<20","count":502,"tested":3910},{"age_group":"20-29   ","count":683,"tested":8453},{"age_group":"30-39   ","count":613,"tested":7963},{"age_group":"40-49   ","count":607,"tested":6915},{"age_group":"50-59   ","count":601,"tested":7286},{"age_group":"60-69   ","count":435,"tested":6739},{"age_group":"70-79   ","count":184,"tested":3506},{"age_group":"80+","count":222,"tested":6176}],"race":[{"description":"Black","count":51,"tested":629,"color":"rgb(255,127,14)"},{"description":"Asian","count":214,"tested":3006,"color":"rgb(140,86,75)"},{"description":"Hispanic","count":1379,"tested":7526,"color":"rgb(214,39,40)"},{"description":"White","count":1022,"tested":10309,"color":"rgb(31,119,180)"},{"description":"Other","count":219,"tested":1596,"color":"rgb(148,103,189)"},{"description":"Left Blank","count":951,"tested":27859,"color":"rgb(44,160,44)"}],"gender":[{"description":"Unknown/Left Blank","count":27,"tested":1129,"color":"rgb(44,160,44)"},{"description":"Male","count":1842,"tested":18992,"color":"rgb(31,119,180)"},{"description":"Female","count":1978,"tested":30914,"color":"rgb(255,127,14)"}]}
