{"age":[{"age_group":"<20","count":262,"tested":2387},{"age_group":"20-29   ","count":322,"tested":4627},{"age_group":"30-39   ","count":308,"tested":4840},{"age_group":"40-49   ","count":343,"tested":4677},{"age_group":"50-59   ","count":339,"tested":5696},{"age_group":"60-69   ","count":358,"tested":5709},{"age_group":"70-79   ","count":232,"tested":3975},{"age_group":"80+","count":185,"tested":3973}],"race":[{"description":"Left Blank","count":609,"tested":23501,"color":"rgb(44,160,44)"},{"description":"White","count":1118,"tested":8478,"color":"rgb(31,119,180)"},{"description":"Hispanic","count":281,"tested":1061,"color":"rgb(214,39,40)"},{"description":"Black","count":60,"tested":701,"color":"rgb(255,127,14)"},{"description":"Asian","count":194,"tested":1411,"color":"rgb(140,86,75)"},{"description":"AI/AN**","count":6,"tested":24,"color":"rgb(31,119,180)"},{"description":"Other","count":77,"tested":688,"color":"rgb(148,103,189)"}],"gender":[{"description":"Female","count":1208,"tested":20492,"color":"rgb(255,127,14)"},{"description":"Male","count":1130,"tested":14503,"color":"rgb(31,119,180)"},{"description":"Unknown/Left Blank","count":11,"tested":900,"color":"rgb(44,160,44)"}]}
