{"age":[{"age_group":"<20","count":521,"tested":4154},{"age_group":"20-29   ","count":650,"tested":6573},{"age_group":"30-39   ","count":603,"tested":5927},{"age_group":"40-49   ","count":499,"tested":4342},{"age_group":"50-59   ","count":485,"tested":5598},{"age_group":"60-69   ","count":330,"tested":4257},{"age_group":"70-79   ","count":108,"tested":1774},{"age_group":"80+","count":77,"tested":1078}],"race":[{"description":"Black","count":81,"tested":901,"color":"rgb(255,127,14)"},{"description":"Asian","count":127,"tested":1530,"color":"rgb(140,86,75)"},{"description":"White","count":1045,"tested":11707,"color":"rgb(31,119,180)"},{"description":"Other","count":138,"tested":971,"color":"rgb(148,103,189)"},{"description":"Hispanic","count":1086,"tested":5368,"color":"rgb(214,39,40)"},{"description":"Left Blank","count":792,"tested":13164,"color":"rgb(44,160,44)"}],"gender":[{"description":"Female","count":1658,"tested":18951,"color":"rgb(255,127,14)"},{"description":"Male","count":1597,"tested":14327,"color":"rgb(31,119,180)"},{"description":"Unknown/Left Blank","count":18,"tested":428,"color":"rgb(44,160,44)"}]}
