{"age":[{"age_group":"<20","count":99,"tested":871},{"age_group":"20-29   ","count":153,"tested":1583},{"age_group":"30-39   ","count":131,"tested":1224},{"age_group":"40-49   ","count":117,"tested":1081},{"age_group":"50-59   ","count":129,"tested":1178},{"age_group":"60-69   ","count":96,"tested":934},{"age_group":"70-79   ","count":49,"tested":533},{"age_group":"80+","count":14,"tested":232}],"race":[{"description":"White","count":252,"tested":2361,"color":"rgb(31,119,180)"},{"description":"Other","count":24,"tested":282,"color":"rgb(148,103,189)"},{"description":"Left Blank","count":275,"tested":2860,"color":"rgb(44,160,44)"},{"description":"Black","count":133,"tested":1528,"color":"rgb(255,127,14)"},{"description":"Hispanic","count":102,"tested":548,"color":"rgb(214,39,40)"}],"gender":[{"description":"Male","count":354,"tested":3047,"color":"rgb(31,119,180)"},{"description":"Unknown/Left Blank","count":8,"tested":108,"color":"rgb(44,160,44)"},{"description":"Female","count":426,"tested":4482,"color":"rgb(255,127,14)"}]}
