{"age":[{"age_group":"<20","count":261,"tested":2181},{"age_group":"20-29   ","count":361,"tested":3047},{"age_group":"30-39   ","count":284,"tested":2550},{"age_group":"40-49   ","count":295,"tested":2291},{"age_group":"50-59   ","count":400,"tested":3120},{"age_group":"60-69   ","count":297,"tested":3131},{"age_group":"70-79   ","count":125,"tested":1683},{"age_group":"80+","count":80,"tested":3914}],"race":[{"description":"Other","count":85,"tested":597,"color":"rgb(148,103,189)"},{"description":"Left Blank","count":722,"tested":10269,"color":"rgb(44,160,44)"},{"description":"Hispanic","count":80,"tested":379,"color":"rgb(214,39,40)"},{"description":"White","count":1183,"tested":10381,"color":"rgb(31,119,180)"},{"description":"Asian","count":13,"tested":175,"color":"rgb(140,86,75)"},{"description":"Black","count":19,"tested":112,"color":"rgb(255,127,14)"}],"gender":[{"description":"Male","count":1034,"tested":8640,"color":"rgb(31,119,180)"},{"description":"Unknown/Left Blank","count":17,"tested":766,"color":"rgb(44,160,44)"},{"description":"Female","count":1053,"tested":12518,"color":"rgb(255,127,14)"}]}
