{"age":[{"age_group":"<20","count":24,"tested":210},{"age_group":"20-29   ","count":32,"tested":251},{"age_group":"30-39   ","count":27,"tested":319},{"age_group":"40-49   ","count":21,"tested":250},{"age_group":"50-59   ","count":21,"tested":265},{"age_group":"60-69   ","count":14,"tested":303}],"race":[{"description":"Left Blank","count":43,"tested":637,"color":"rgb(44,160,44)"},{"description":"White","count":75,"tested":993,"color":"rgb(31,119,180)"},{"description":"Hispanic","count":20,"tested":113,"color":"rgb(214,39,40)"}],"gender":[{"description":"Female","count":81,"tested":1049,"color":"rgb(255,127,14)"},{"description":"Male","count":64,"tested":706,"color":"rgb(31,119,180)"}]}
