{"age":[{"age_group":"<20","count":555,"tested":4579},{"age_group":"20-29   ","count":473,"tested":4298},{"age_group":"30-39   ","count":339,"tested":3426},{"age_group":"40-49   ","count":520,"tested":4057},{"age_group":"50-59   ","count":666,"tested":5304},{"age_group":"60-69   ","count":369,"tested":3735},{"age_group":"70-79   ","count":162,"tested":2063},{"age_group":"80+","count":60,"tested":832}],"race":[{"description":"Black","count":136,"tested":1407,"color":"rgb(255,127,14)"},{"description":"Asian","count":39,"tested":316,"color":"rgb(140,86,75)"},{"description":"Other","count":99,"tested":901,"color":"rgb(148,103,189)"},{"description":"Left Blank","count":1157,"tested":12664,"color":"rgb(44,160,44)"},{"description":"White","count":1593,"tested":12377,"color":"rgb(31,119,180)"},{"description":"Hispanic","count":117,"tested":607,"color":"rgb(214,39,40)"}],"gender":[{"description":"Female","count":1601,"tested":14968,"color":"rgb(255,127,14)"},{"description":"Male","count":1524,"tested":12972,"color":"rgb(31,119,180)"},{"description":"Unknown/Left Blank","count":19,"tested":357,"color":"rgb(44,160,44)"}]}
