{"lastUpdatedDate":{"year":2021,"month":7,"day":2},"county_demographics":[{"County":"White","confirmed_cases":1707,"total_tested":24892,"demographics":{"age":[{"race":[],"age_group":"<20","count":246,"tested":2686,"deaths":0},{"race":[],"age_group":"20-29   ","count":206,"tested":3388,"deaths":0},{"race":[],"age_group":"30-39   ","count":207,"tested":3366,"deaths":0},{"race":[],"age_group":"40-49   ","count":229,"tested":3177,"deaths":0},{"race":[],"age_group":"50-59   ","count":253,"tested":3080,"deaths":0},{"race":[],"age_group":"60-69   ","count":244,"tested":2973,"deaths":0},{"race":[],"age_group":"70-79   ","count":162,"tested":2090,"deaths":0},{"race":[],"age_group":"80+","count":160,"tested":4124,"deaths":0},{"race":[],"age_group":"Unknown","count":0,"tested":8,"deaths":0}],"race":[{"description":"AI/AN**","count":0,"tested":0,"deaths":0,"color":"rgb(31,119,180)"},{"description":"Asian","count":0,"tested":25,"deaths":0,"color":"rgb(140,86,75)"},{"description":"Black","count":0,"tested":61,"deaths":0,"color":"rgb(255,127,14)"},{"description":"Hispanic","count":0,"tested":31,"deaths":0,"color":"rgb(214,39,40)"},{"description":"Left Blank","count":631,"tested":16871,"deaths":0,"color":"rgb(44,160,44)"},{"description":"NH/PI*","count":0,"tested":0,"deaths":0,"color":"rgb(127,127,127)"},{"description":"Other","count":7,"tested":65,"deaths":0,"color":"rgb(148,103,189)"},{"description":"White","count":1060,"tested":7834,"deaths":0,"color":"rgb(31,119,180)"}],"gender":[{"description":"Female","count":853,"tested":17930,"deaths":0,"color":"rgb(255,127,14)"},{"description":"Male","count":626,"tested":5684,"deaths":0,"color":"rgb(31,119,180)"},{"description":"Unknown/Left Blank","count":228,"tested":1278,"deaths":0,"color":"rgb(44,160,44)"}]}}]}
