{"lastUpdatedDate":{"year":2021,"month":7,"day":2},"county_demographics":[{"County":"Crawford","confirmed_cases":2145,"total_tested":38969,"demographics":{"age":[{"race":[],"age_group":"<20","count":312,"tested":3893,"deaths":0},{"race":[],"age_group":"20-29   ","count":307,"tested":5297,"deaths":0},{"race":[],"age_group":"30-39   ","count":337,"tested":8115,"deaths":0},{"race":[],"age_group":"40-49   ","count":296,"tested":6901,"deaths":0},{"race":[],"age_group":"50-59   ","count":316,"tested":5790,"deaths":0},{"race":[],"age_group":"60-69   ","count":243,"tested":3276,"deaths":0},{"race":[],"age_group":"70-79   ","count":200,"tested":1818,"deaths":0},{"race":[],"age_group":"80+","count":134,"tested":1649,"deaths":0},{"race":[],"age_group":"Unknown","count":0,"tested":2230,"deaths":0}],"race":[{"description":"AI/AN**","count":0,"tested":0,"deaths":0,"color":"rgb(31,119,180)"},{"description":"Asian","count":0,"tested":49,"deaths":0,"color":"rgb(140,86,75)"},{"description":"Black","count":157,"tested":502,"deaths":0,"color":"rgb(255,127,14)"},{"description":"Hispanic","count":38,"tested":141,"deaths":0,"color":"rgb(214,39,40)"},{"description":"Left Blank","count":203,"tested":21713,"deaths":0,"color":"rgb(44,160,44)"},{"description":"NH/PI*","count":0,"tested":0,"deaths":0,"color":"rgb(127,127,127)"},{"description":"Other","count":18,"tested":569,"deaths":0,"color":"rgb(148,103,189)"},{"description":"White","count":1711,"tested":15991,"deaths":0,"color":"rgb(31,119,180)"}],"gender":[{"description":"Female","count":1019,"tested":13747,"deaths":0,"color":"rgb(255,127,14)"},{"description":"Male","count":1073,"tested":13132,"deaths":0,"color":"rgb(31,119,180)"},{"description":"Unknown/Left Blank","count":53,"tested":12090,"deaths":0,"color":"rgb(44,160,44)"}]}}]}
