{"lastUpdatedDate":{"year":2021,"month":7,"day":2},"county_demographics":[{"County":"Washington","confirmed_cases":1651,"total_tested":15128,"demographics":{"age":[{"race":[],"age_group":"<20","count":229,"tested":1901,"deaths":0},{"race":[],"age_group":"20-29   ","count":210,"tested":2218,"deaths":0},{"race":[],"age_group":"30-39   ","count":230,"tested":2435,"deaths":0},{"race":[],"age_group":"40-49   ","count":238,"tested":2420,"deaths":0},{"race":[],"age_group":"50-59   ","count":264,"tested":2174,"deaths":0},{"race":[],"age_group":"60-69   ","count":249,"tested":2121,"deaths":0},{"race":[],"age_group":"70-79   ","count":109,"tested":1120,"deaths":0},{"race":[],"age_group":"80+","count":122,"tested":736,"deaths":0},{"race":[],"age_group":"Unknown","count":0,"tested":0,"deaths":0}],"race":[{"description":"AI/AN**","count":0,"tested":0,"deaths":0,"color":"rgb(31,119,180)"},{"description":"Asian","count":0,"tested":35,"deaths":0,"color":"rgb(140,86,75)"},{"description":"Black","count":0,"tested":87,"deaths":0,"color":"rgb(255,127,14)"},{"description":"Hispanic","count":12,"tested":101,"deaths":0,"color":"rgb(214,39,40)"},{"description":"Left Blank","count":518,"tested":5066,"deaths":0,"color":"rgb(44,160,44)"},{"description":"NH/PI*","count":0,"tested":0,"deaths":0,"color":"rgb(127,127,127)"},{"description":"Other","count":18,"tested":244,"deaths":0,"color":"rgb(148,103,189)"},{"description":"White","count":1091,"tested":9587,"deaths":0,"color":"rgb(31,119,180)"}],"gender":[{"description":"Female","count":892,"tested":8876,"deaths":0,"color":"rgb(255,127,14)"},{"description":"Male","count":744,"tested":5473,"deaths":0,"color":"rgb(31,119,180)"},{"description":"Unknown/Left Blank","count":12,"tested":779,"deaths":0,"color":"rgb(44,160,44)"}]}}]}
