{"lastUpdatedDate":{"year":2021,"month":7,"day":2},"county_demographics":[{"County":"McLean","confirmed_cases":18573,"total_tested":379974,"demographics":{"age":[{"race":[],"age_group":"<20","count":3964,"tested":80590,"deaths":0},{"race":[],"age_group":"20-29   ","count":4990,"tested":99325,"deaths":0},{"race":[],"age_group":"30-39   ","count":2487,"tested":52212,"deaths":0},{"race":[],"age_group":"40-49   ","count":2262,"tested":41443,"deaths":0},{"race":[],"age_group":"50-59   ","count":2079,"tested":41740,"deaths":0},{"race":[],"age_group":"60-69   ","count":1465,"tested":29543,"deaths":0},{"race":[],"age_group":"70-79   ","count":746,"tested":16553,"deaths":0},{"race":[],"age_group":"80+","count":580,"tested":18539,"deaths":0},{"race":[],"age_group":"Unknown","count":0,"tested":29,"deaths":0}],"race":[{"description":"AI/AN**","count":11,"tested":412,"deaths":0,"color":"rgb(31,119,180)"},{"description":"Asian","count":313,"tested":6181,"deaths":0,"color":"rgb(140,86,75)"},{"description":"Black","count":1580,"tested":18492,"deaths":0,"color":"rgb(255,127,14)"},{"description":"Hispanic","count":1176,"tested":10420,"deaths":0,"color":"rgb(214,39,40)"},{"description":"Left Blank","count":4194,"tested":198293,"deaths":0,"color":"rgb(44,160,44)"},{"description":"NH/PI*","count":12,"tested":217,"deaths":0,"color":"rgb(127,127,127)"},{"description":"Other","count":337,"tested":4806,"deaths":0,"color":"rgb(148,103,189)"},{"description":"White","count":10943,"tested":141153,"deaths":0,"color":"rgb(31,119,180)"}],"gender":[{"description":"Female","count":9912,"tested":197830,"deaths":0,"color":"rgb(255,127,14)"},{"description":"Male","count":8653,"tested":160949,"deaths":0,"color":"rgb(31,119,180)"},{"description":"Unknown/Left Blank","count":7,"tested":21195,"deaths":0,"color":"rgb(44,160,44)"}]}}]}
