{"lastUpdatedDate":{"year":2021,"month":7,"day":2},"county_demographics":[{"County":"Cook","confirmed_cases":271135,"total_tested":4392084,"demographics":{"age":[{"race":[],"age_group":"<20","count":43269,"tested":555258,"deaths":0},{"race":[],"age_group":"20-29   ","count":47812,"tested":741013,"deaths":0},{"race":[],"age_group":"30-39   ","count":42932,"tested":619086,"deaths":0},{"race":[],"age_group":"40-49   ","count":42476,"tested":591435,"deaths":0},{"race":[],"age_group":"50-59   ","count":40898,"tested":658206,"deaths":0},{"race":[],"age_group":"60-69   ","count":28643,"tested":563519,"deaths":0},{"race":[],"age_group":"70-79   ","count":14189,"tested":329450,"deaths":0},{"race":[],"age_group":"80+","count":10872,"tested":330011,"deaths":0},{"race":[],"age_group":"Unknown","count":44,"tested":4106,"deaths":0}],"race":[{"description":"AI/AN**","count":483,"tested":5520,"deaths":0,"color":"rgb(31,119,180)"},{"description":"Asian","count":9966,"tested":203457,"deaths":0,"color":"rgb(140,86,75)"},{"description":"Black","count":31115,"tested":454004,"deaths":0,"color":"rgb(255,127,14)"},{"description":"Hispanic","count":54714,"tested":379076,"deaths":0,"color":"rgb(214,39,40)"},{"description":"Left Blank","count":78644,"tested":1991928,"deaths":0,"color":"rgb(44,160,44)"},{"description":"NH/PI*","count":380,"tested":6229,"deaths":0,"color":"rgb(127,127,127)"},{"description":"Other","count":14308,"tested":157046,"deaths":0,"color":"rgb(148,103,189)"},{"description":"White","count":81525,"tested":1194824,"deaths":0,"color":"rgb(31,119,180)"}],"gender":[{"description":"Female","count":140784,"tested":2478922,"deaths":0,"color":"rgb(255,127,14)"},{"description":"Male","count":128151,"tested":1821815,"deaths":0,"color":"rgb(31,119,180)"},{"description":"Unknown/Left Blank","count":2200,"tested":91347,"deaths":0,"color":"rgb(44,160,44)"}]}}]}
