{"lastUpdatedDate":{"year":2021,"month":7,"day":2},"county_demographics":[{"County":"Lawrence","confirmed_cases":2407,"total_tested":74786,"demographics":{"age":[{"race":[],"age_group":"<20","count":170,"tested":2591,"deaths":0},{"race":[],"age_group":"20-29   ","count":473,"tested":17662,"deaths":0},{"race":[],"age_group":"30-39   ","count":490,"tested":18579,"deaths":0},{"race":[],"age_group":"40-49   ","count":410,"tested":16004,"deaths":0},{"race":[],"age_group":"50-59   ","count":359,"tested":10046,"deaths":0},{"race":[],"age_group":"60-69   ","count":255,"tested":6023,"deaths":0},{"race":[],"age_group":"70-79   ","count":152,"tested":2162,"deaths":0},{"race":[],"age_group":"80+","count":98,"tested":1663,"deaths":0},{"race":[],"age_group":"Unknown","count":0,"tested":56,"deaths":0}],"race":[{"description":"AI/AN**","count":0,"tested":0,"deaths":0,"color":"rgb(31,119,180)"},{"description":"Asian","count":0,"tested":10,"deaths":0,"color":"rgb(140,86,75)"},{"description":"Black","count":366,"tested":1725,"deaths":0,"color":"rgb(255,127,14)"},{"description":"Hispanic","count":22,"tested":138,"deaths":0,"color":"rgb(214,39,40)"},{"description":"Left Blank","count":832,"tested":63186,"deaths":0,"color":"rgb(44,160,44)"},{"description":"NH/PI*","count":0,"tested":0,"deaths":0,"color":"rgb(127,127,127)"},{"description":"Other","count":6,"tested":68,"deaths":0,"color":"rgb(148,103,189)"},{"description":"White","count":1174,"tested":9656,"deaths":0,"color":"rgb(31,119,180)"}],"gender":[{"description":"Female","count":796,"tested":11448,"deaths":0,"color":"rgb(255,127,14)"},{"description":"Male","count":1303,"tested":51123,"deaths":0,"color":"rgb(31,119,180)"},{"description":"Unknown/Left Blank","count":306,"tested":12215,"deaths":0,"color":"rgb(44,160,44)"}]}}]}
