{"age":[{"age_group":"<20","count":19,"tested":132},{"age_group":"20-29   ","count":10,"tested":122},{"age_group":"30-39   ","count":16,"tested":67},{"age_group":"40-49   ","count":17,"tested":83},{"age_group":"50-59   ","count":18,"tested":157},{"age_group":"70-79   ","count":10,"tested":57}],"race":[{"description":"White","count":69,"tested":423,"color":"rgb(31,119,180)"},{"description":"Left Blank","count":12,"tested":243,"color":"rgb(44,160,44)"}],"gender":[{"description":"Female","count":47,"tested":380,"color":"rgb(255,127,14)"},{"description":"Male","count":40,"tested":301,"color":"rgb(31,119,180)"}]}
