{"age":[{"age_group":"<20","count":424,"tested":4298},{"age_group":"20-29   ","count":394,"tested":4488},{"age_group":"30-39   ","count":304,"tested":4104},{"age_group":"40-49   ","count":411,"tested":4796},{"age_group":"50-59   ","count":430,"tested":6033},{"age_group":"60-69   ","count":319,"tested":5179},{"age_group":"70-79   ","count":170,"tested":2783},{"age_group":"80+","count":180,"tested":2802}],"race":[{"description":"Left Blank","count":575,"tested":15658,"color":"rgb(44,160,44)"},{"description":"White","count":1044,"tested":12716,"color":"rgb(31,119,180)"},{"description":"Hispanic","count":230,"tested":1123,"color":"rgb(214,39,40)"},{"description":"Black","count":84,"tested":340,"color":"rgb(255,127,14)"},{"description":"Asian","count":232,"tested":2238,"color":"rgb(140,86,75)"},{"description":"Other","count":328,"tested":2275,"color":"rgb(148,103,189)"},{"description":"AI/AN**","count":71,"tested":49,"color":"rgb(31,119,180)"}],"gender":[{"description":"Unknown/Left Blank","count":93,"tested":925,"color":"rgb(44,160,44)"},{"description":"Male","count":1043,"tested":14081,"color":"rgb(31,119,180)"},{"description":"Female","count":1181,"tested":19482,"color":"rgb(255,127,14)"}]}
