{"age":[{"age_group":"<20","count":269,"tested":1564},{"age_group":"20-29   ","count":401,"tested":4241},{"age_group":"30-39   ","count":389,"tested":4786},{"age_group":"40-49   ","count":397,"tested":5390},{"age_group":"50-59   ","count":425,"tested":6239},{"age_group":"60-69   ","count":442,"tested":6631},{"age_group":"70-79   ","count":312,"tested":3785},{"age_group":"80+","count":470,"tested":5471}],"race":[{"description":"Black","count":104,"tested":467,"color":"rgb(255,127,14)"},{"description":"White","count":888,"tested":7167,"color":"rgb(31,119,180)"},{"description":"Asian","count":363,"tested":2593,"color":"rgb(140,86,75)"},{"description":"Hispanic","count":309,"tested":1335,"color":"rgb(214,39,40)"},{"description":"Other","count":338,"tested":1750,"color":"rgb(148,103,189)"},{"description":"Left Blank","count":963,"tested":24683,"color":"rgb(44,160,44)"},{"description":"AI/AN**","count":69,"tested":41,"color":"rgb(31,119,180)"},{"description":"NH/PI*","count":72,"tested":97,"color":"rgb(127,127,127)"}],"gender":[{"description":"Female","count":1483,"tested":22926,"color":"rgb(255,127,14)"},{"description":"Male","count":1238,"tested":14419,"color":"rgb(31,119,180)"},{"description":"Unknown/Left Blank","count":85,"tested":788,"color":"rgb(44,160,44)"}]}
