{"age":[{"age_group":"<20","count":149,"tested":767},{"age_group":"20-29   ","count":191,"tested":1278},{"age_group":"30-39   ","count":219,"tested":1322},{"age_group":"40-49   ","count":187,"tested":1069},{"age_group":"50-59   ","count":145,"tested":974},{"age_group":"60-69   ","count":131,"tested":964},{"age_group":"70-79   ","count":51,"tested":383},{"age_group":"80+","count":34,"tested":285}],"race":[{"description":"White","count":353,"tested":2416,"color":"rgb(31,119,180)"},{"description":"Left Blank","count":230,"tested":2407,"color":"rgb(44,160,44)"},{"description":"Asian","count":55,"tested":231,"color":"rgb(140,86,75)"},{"description":"Hispanic","count":338,"tested":1566,"color":"rgb(214,39,40)"},{"description":"Black","count":25,"tested":72,"color":"rgb(255,127,14)"},{"description":"Other","count":65,"tested":337,"color":"rgb(148,103,189)"}],"gender":[{"description":"Female","count":497,"tested":3792,"color":"rgb(255,127,14)"},{"description":"Male","count":503,"tested":3190,"color":"rgb(31,119,180)"}]}
