{"age":[{"age_group":"<20","count":248,"tested":2394},{"age_group":"20-29   ","count":294,"tested":4247},{"age_group":"30-39   ","count":401,"tested":5493},{"age_group":"40-49   ","count":321,"tested":4915},{"age_group":"50-59   ","count":269,"tested":4968},{"age_group":"60-69   ","count":239,"tested":4864},{"age_group":"70-79   ","count":134,"tested":2862},{"age_group":"80+","count":91,"tested":1588}],"race":[{"description":"Left Blank","count":463,"tested":12219,"color":"rgb(44,160,44)"},{"description":"White","count":71,"tested":1090,"color":"rgb(31,119,180)"},{"description":"Other","count":52,"tested":546,"color":"rgb(148,103,189)"},{"description":"Black","count":1252,"tested":16670,"color":"rgb(255,127,14)"},{"description":"Hispanic","count":75,"tested":601,"color":"rgb(214,39,40)"},{"description":"Asian","count":38,"tested":171,"color":"rgb(140,86,75)"}],"gender":[{"description":"Male","count":808,"tested":12516,"color":"rgb(31,119,180)"},{"description":"Unknown/Left Blank","count":51,"tested":1270,"color":"rgb(44,160,44)"},{"description":"Female","count":1028,"tested":17566,"color":"rgb(255,127,14)"}]}
