{"age":[{"age_group":"<20","count":63,"tested":255},{"age_group":"20-29   ","count":64,"tested":195},{"age_group":"30-39   ","count":59,"tested":221},{"age_group":"40-49   ","count":66,"tested":295},{"age_group":"50-59   ","count":61,"tested":271},{"age_group":"60-69   ","count":53,"tested":196}],"race":[{"description":"White","count":150,"tested":1421,"color":"rgb(31,119,180)"},{"description":"Left Blank","count":54,"tested":241,"color":"rgb(44,160,44)"}],"gender":[{"description":"Female","count":105,"tested":1035,"color":"rgb(255,127,14)"},{"description":"Male","count":107,"tested":672,"color":"rgb(31,119,180)"}]}
