{"age":[{"age_group":"<20","count":442,"tested":6324},{"age_group":"20-29   ","count":1731,"tested":28490},{"age_group":"30-39   ","count":751,"tested":17307},{"age_group":"40-49   ","count":498,"tested":7930},{"age_group":"50-59   ","count":410,"tested":7354},{"age_group":"60-69   ","count":326,"tested":6019},{"age_group":"70-79   ","count":323,"tested":4152},{"age_group":"80+","count":321,"tested":3461}],"race":[{"description":"Hispanic","count":392,"tested":1733,"color":"rgb(214,39,40)"},{"description":"Left Blank","count":1376,"tested":48219,"color":"rgb(44,160,44)"},{"description":"Other","count":313,"tested":2447,"color":"rgb(148,103,189)"},{"description":"Black","count":345,"tested":2290,"color":"rgb(255,127,14)"},{"description":"Asian","count":240,"tested":1731,"color":"rgb(140,86,75)"},{"description":"White","count":1813,"tested":24574,"color":"rgb(31,119,180)"}],"gender":[{"description":"Unknown/Left Blank","count":200,"tested":1394,"color":"rgb(44,160,44)"},{"description":"Female","count":1966,"tested":46197,"color":"rgb(255,127,14)"},{"description":"Male","count":1841,"tested":33477,"color":"rgb(31,119,180)"}]}
