{"age":[{"age_group":"<20","count":280,"tested":2577},{"age_group":"20-29   ","count":281,"tested":3037},{"age_group":"30-39   ","count":318,"tested":3492},{"age_group":"40-49   ","count":359,"tested":3805},{"age_group":"50-59   ","count":341,"tested":3986},{"age_group":"60-69   ","count":226,"tested":3150},{"age_group":"70-79   ","count":153,"tested":2214},{"age_group":"80+","count":164,"tested":1996}],"race":[{"description":"Other","count":183,"tested":1259,"color":"rgb(148,103,189)"},{"description":"NH/PI*","count":54,"tested":34,"color":"rgb(127,127,127)"},{"description":"Black","count":69,"tested":300,"color":"rgb(255,127,14)"},{"description":"Asian","count":161,"tested":1055,"color":"rgb(140,86,75)"},{"description":"Left Blank","count":476,"tested":11071,"color":"rgb(44,160,44)"},{"description":"White","count":857,"tested":8888,"color":"rgb(31,119,180)"},{"description":"Hispanic","count":273,"tested":1638,"color":"rgb(214,39,40)"}],"gender":[{"description":"Female","count":908,"tested":12706,"color":"rgb(255,127,14)"},{"description":"Male","count":889,"tested":10862,"color":"rgb(31,119,180)"},{"description":"Unknown/Left Blank","count":85,"tested":696,"color":"rgb(44,160,44)"}]}
