{"age":[{"age_group":"<20","count":324,"tested":1714},{"age_group":"20-29   ","count":447,"tested":2748},{"age_group":"30-39   ","count":301,"tested":1712},{"age_group":"40-49   ","count":345,"tested":1916},{"age_group":"50-59   ","count":424,"tested":2624},{"age_group":"60-69   ","count":372,"tested":2364},{"age_group":"70-79   ","count":254,"tested":1899},{"age_group":"80+","count":252,"tested":2913}],"race":[{"description":"Black","count":162,"tested":270,"color":"rgb(255,127,14)"},{"description":"Hispanic","count":178,"tested":339,"color":"rgb(214,39,40)"},{"description":"White","count":859,"tested":6531,"color":"rgb(31,119,180)"},{"description":"Asian","count":184,"tested":358,"color":"rgb(140,86,75)"},{"description":"Left Blank","count":840,"tested":9780,"color":"rgb(44,160,44)"},{"description":"Other","count":213,"tested":601,"color":"rgb(148,103,189)"}],"gender":[{"description":"Male","count":893,"tested":7475,"color":"rgb(31,119,180)"},{"description":"Female","count":987,"tested":9912,"color":"rgb(255,127,14)"}]}
