{"age":[{"age_group":"<20","count":419,"tested":3543},{"age_group":"20-29   ","count":473,"tested":3553},{"age_group":"30-39   ","count":460,"tested":3832},{"age_group":"40-49   ","count":492,"tested":3877},{"age_group":"50-59   ","count":447,"tested":3522},{"age_group":"60-69   ","count":280,"tested":2202},{"age_group":"70-79   ","count":198,"tested":1445},{"age_group":"80+","count":210,"tested":1027}],"race":[{"description":"Black","count":246,"tested":1197,"color":"rgb(255,127,14)"},{"description":"White","count":957,"tested":9283,"color":"rgb(31,119,180)"},{"description":"Asian","count":140,"tested":426,"color":"rgb(140,86,75)"},{"description":"Other","count":160,"tested":793,"color":"rgb(148,103,189)"},{"description":"Left Blank","count":786,"tested":9188,"color":"rgb(44,160,44)"},{"description":"Hispanic","count":489,"tested":2092,"color":"rgb(214,39,40)"}],"gender":[{"description":"Male","count":1108,"tested":9737,"color":"rgb(31,119,180)"},{"description":"Female","count":1261,"tested":13079,"color":"rgb(255,127,14)"},{"description":"Unknown/Left Blank","count":110,"tested":186,"color":"rgb(44,160,44)"}]}
