{"age":[{"age_group":"<20","count":533,"tested":4895},{"age_group":"20-29   ","count":396,"tested":4446},{"age_group":"30-39   ","count":357,"tested":4382},{"age_group":"40-49   ","count":371,"tested":3682},{"age_group":"50-59   ","count":429,"tested":4682},{"age_group":"60-69   ","count":276,"tested":3624},{"age_group":"70-79   ","count":170,"tested":1964},{"age_group":"80+","count":141,"tested":2237}],"race":[{"description":"Black","count":112,"tested":394,"color":"rgb(255,127,14)"},{"description":"Hispanic","count":220,"tested":726,"color":"rgb(214,39,40)"},{"description":"Asian","count":133,"tested":648,"color":"rgb(140,86,75)"},{"description":"White","count":1136,"tested":11096,"color":"rgb(31,119,180)"},{"description":"Other","count":124,"tested":640,"color":"rgb(148,103,189)"},{"description":"Left Blank","count":815,"tested":16370,"color":"rgb(44,160,44)"}],"gender":[{"description":"Unknown/Left Blank","count":73,"tested":329,"color":"rgb(44,160,44)"},{"description":"Male","count":1140,"tested":12985,"color":"rgb(31,119,180)"},{"description":"Female","count":1145,"tested":16600,"color":"rgb(255,127,14)"}]}
