{"age":[{"age_group":"<20","count":35,"tested":547},{"age_group":"20-29   ","count":23,"tested":279},{"age_group":"30-39   ","count":15,"tested":175},{"age_group":"40-49   ","count":20,"tested":253},{"age_group":"50-59   ","count":33,"tested":367},{"age_group":"60-69   ","count":17,"tested":189}],"race":[{"description":"Other","count":15,"tested":157,"color":"rgb(148,103,189)"},{"description":"Left Blank","count":31,"tested":779,"color":"rgb(44,160,44)"},{"description":"White","count":74,"tested":965,"color":"rgb(31,119,180)"}],"gender":[{"description":"Male","count":55,"tested":925,"color":"rgb(31,119,180)"},{"description":"Female","count":62,"tested":1026,"color":"rgb(255,127,14)"}]}
