{"age":[{"age_group":"<20","count":241,"tested":2176},{"age_group":"20-29   ","count":270,"tested":3533},{"age_group":"30-39   ","count":246,"tested":2468},{"age_group":"40-49   ","count":283,"tested":3008},{"age_group":"50-59   ","count":285,"tested":2835},{"age_group":"60-69   ","count":196,"tested":2078},{"age_group":"70-79   ","count":150,"tested":1196},{"age_group":"80+","count":154,"tested":2172}],"race":[{"description":"Asian","count":173,"tested":1440,"color":"rgb(140,86,75)"},{"description":"Black","count":113,"tested":325,"color":"rgb(255,127,14)"},{"description":"Other","count":165,"tested":847,"color":"rgb(148,103,189)"},{"description":"Left Blank","count":358,"tested":9397,"color":"rgb(44,160,44)"},{"description":"White","count":521,"tested":6171,"color":"rgb(31,119,180)"},{"description":"Hispanic","count":306,"tested":1109,"color":"rgb(214,39,40)"}],"gender":[{"description":"Female","count":659,"tested":10808,"color":"rgb(255,127,14)"},{"description":"Male","count":612,"tested":8157,"color":"rgb(31,119,180)"},{"description":"Unknown/Left Blank","count":99,"tested":510,"color":"rgb(44,160,44)"}]}
