{"age":[{"age_group":"<20","count":59,"tested":223},{"age_group":"20-29   ","count":70,"tested":556},{"age_group":"30-39   ","count":63,"tested":473},{"age_group":"40-49   ","count":65,"tested":470},{"age_group":"50-59   ","count":52,"tested":449},{"age_group":"60-69   ","count":52,"tested":388},{"age_group":"70-79   ","count":29,"tested":144},{"age_group":"80+","count":27,"tested":120}],"race":[{"description":"White","count":101,"tested":1173,"color":"rgb(31,119,180)"},{"description":"Hispanic","count":88,"tested":292,"color":"rgb(214,39,40)"},{"description":"Left Blank","count":104,"tested":1099,"color":"rgb(44,160,44)"},{"description":"Other","count":35,"tested":69,"color":"rgb(148,103,189)"}],"gender":[{"description":"Female","count":166,"tested":1647,"color":"rgb(255,127,14)"},{"description":"Male","count":125,"tested":1131,"color":"rgb(31,119,180)"}]}
