{"age":[{"age_group":"<20","count":1244,"tested":6152},{"age_group":"20-29   ","count":1481,"tested":9159},{"age_group":"30-39   ","count":1251,"tested":6965},{"age_group":"40-49   ","count":1427,"tested":6849},{"age_group":"50-59   ","count":1085,"tested":6195},{"age_group":"60-69   ","count":628,"tested":4982},{"age_group":"70-79   ","count":381,"tested":3950},{"age_group":"80+","count":284,"tested":3031}],"race":[{"description":"Black","count":372,"tested":2062,"color":"rgb(255,127,14)"},{"description":"Asian","count":190,"tested":219,"color":"rgb(140,86,75)"},{"description":"Other","count":361,"tested":1888,"color":"rgb(148,103,189)"},{"description":"AI/AN**","count":162,"tested":45,"color":"rgb(31,119,180)"},{"description":"White","count":581,"tested":5013,"color":"rgb(31,119,180)"},{"description":"Left Blank","count":1874,"tested":22845,"color":"rgb(44,160,44)"},{"description":"Hispanic","count":4084,"tested":15205,"color":"rgb(214,39,40)"}],"gender":[{"description":"Unknown/Left Blank","count":183,"tested":543,"color":"rgb(44,160,44)"},{"description":"Female","count":3504,"tested":26833,"color":"rgb(255,127,14)"},{"description":"Male","count":3314,"tested":19911,"color":"rgb(31,119,180)"}]}
