{"age":[{"age_group":"<20","count":306,"tested":1521},{"age_group":"20-29   ","count":310,"tested":1868},{"age_group":"30-39   ","count":346,"tested":2345},{"age_group":"40-49   ","count":303,"tested":1761},{"age_group":"50-59   ","count":284,"tested":1679},{"age_group":"60-69   ","count":237,"tested":1333},{"age_group":"70-79   ","count":160,"tested":733},{"age_group":"80+","count":135,"tested":281}],"race":[{"description":"White","count":625,"tested":4432,"color":"rgb(31,119,180)"},{"description":"Asian","count":161,"tested":372,"color":"rgb(140,86,75)"},{"description":"Hispanic","count":256,"tested":793,"color":"rgb(214,39,40)"},{"description":"Black","count":140,"tested":216,"color":"rgb(255,127,14)"},{"description":"Left Blank","count":535,"tested":5521,"color":"rgb(44,160,44)"},{"description":"Other","count":131,"tested":177,"color":"rgb(148,103,189)"}],"gender":[{"description":"Female","count":712,"tested":6394,"color":"rgb(255,127,14)"},{"description":"Male","count":675,"tested":5016,"color":"rgb(31,119,180)"}]}
