{"age":[{"age_group":"20-29   ","count":13,"tested":263},{"age_group":"30-39   ","count":13,"tested":292},{"age_group":"40-49   ","count":9,"tested":132},{"age_group":"50-59   ","count":8,"tested":154}],"race":[{"description":"White","count":12,"tested":345,"color":"rgb(31,119,180)"},{"description":"Left Blank","count":25,"tested":455,"color":"rgb(44,160,44)"}],"gender":[{"description":"Male","count":28,"tested":589,"color":"rgb(31,119,180)"},{"description":"Female","count":21,"tested":500,"color":"rgb(255,127,14)"}]}
