{"lastUpdatedDate":{"year":2021,"month":1,"day":23},"county_demographics":[{"County":"Clay","confirmed_cases":1339,"total_tested":11682,"demographics":{"age":[{"race":[],"age_group":"<20","count":178,"tested":2030,"deaths":0},{"race":[],"age_group":"20-29   ","count":173,"tested":1715,"deaths":0},{"race":[],"age_group":"30-39   ","count":190,"tested":1517,"deaths":0},{"race":[],"age_group":"40-49   ","count":191,"tested":1351,"deaths":0},{"race":[],"age_group":"50-59   ","count":209,"tested":1610,"deaths":0},{"race":[],"age_group":"60-69   ","count":172,"tested":1518,"deaths":0},{"race":[],"age_group":"70-79   ","count":141,"tested":1076,"deaths":0},{"race":[],"age_group":"80+","count":84,"tested":860,"deaths":0},{"race":[],"age_group":"Unknown","count":0,"tested":0,"deaths":0}],"race":[{"description":"AI/AN**","count":0,"tested":15,"deaths":0,"color":"rgb(31,119,180)"},{"description":"Asian","count":0,"tested":34,"deaths":0,"color":"rgb(140,86,75)"},{"description":"Black","count":7,"tested":43,"deaths":0,"color":"rgb(255,127,14)"},{"description":"Hispanic","count":0,"tested":50,"deaths":0,"color":"rgb(214,39,40)"},{"description":"Left Blank","count":112,"tested":2230,"deaths":0,"color":"rgb(44,160,44)"},{"description":"NH/PI*","count":0,"tested":0,"deaths":0,"color":"rgb(127,127,127)"},{"description":"Other","count":6,"tested":201,"deaths":0,"color":"rgb(148,103,189)"},{"description":"White","count":1205,"tested":9107,"deaths":0,"color":"rgb(31,119,180)"}],"gender":[{"description":"Female","count":713,"tested":6982,"deaths":0,"color":"rgb(255,127,14)"},{"description":"Male","count":618,"tested":4456,"deaths":0,"color":"rgb(31,119,180)"},{"description":"Unknown/Left Blank","count":0,"tested":244,"deaths":0,"color":"rgb(44,160,44)"}]}}]}
