{"lastUpdatedDate":{"year":2021,"month":1,"day":23},"county_demographics":[{"County":"Livingston","confirmed_cases":3779,"total_tested":59854,"demographics":{"age":[{"race":[],"age_group":"<20","count":488,"tested":5657,"deaths":0},{"race":[],"age_group":"20-29   ","count":587,"tested":7940,"deaths":0},{"race":[],"age_group":"30-39   ","count":626,"tested":8945,"deaths":0},{"race":[],"age_group":"40-49   ","count":565,"tested":7457,"deaths":0},{"race":[],"age_group":"50-59   ","count":558,"tested":8857,"deaths":0},{"race":[],"age_group":"60-69   ","count":433,"tested":6473,"deaths":0},{"race":[],"age_group":"70-79   ","count":251,"tested":3783,"deaths":0},{"race":[],"age_group":"80+","count":266,"tested":7715,"deaths":0},{"race":[],"age_group":"Unknown","count":0,"tested":3027,"deaths":0}],"race":[{"description":"AI/AN**","count":0,"tested":18,"deaths":0,"color":"rgb(31,119,180)"},{"description":"Asian","count":0,"tested":77,"deaths":0,"color":"rgb(140,86,75)"},{"description":"Black","count":85,"tested":771,"deaths":0,"color":"rgb(255,127,14)"},{"description":"Hispanic","count":96,"tested":715,"deaths":0,"color":"rgb(214,39,40)"},{"description":"Left Blank","count":968,"tested":33162,"deaths":0,"color":"rgb(44,160,44)"},{"description":"NH/PI*","count":0,"tested":9,"deaths":0,"color":"rgb(127,127,127)"},{"description":"Other","count":89,"tested":843,"deaths":0,"color":"rgb(148,103,189)"},{"description":"White","count":2534,"tested":24259,"deaths":0,"color":"rgb(31,119,180)"}],"gender":[{"description":"Female","count":1903,"tested":32097,"deaths":0,"color":"rgb(255,127,14)"},{"description":"Male","count":1801,"tested":17112,"deaths":0,"color":"rgb(31,119,180)"},{"description":"Unknown/Left Blank","count":75,"tested":10645,"deaths":0,"color":"rgb(44,160,44)"}]}}]}
