{"lastUpdatedDate":{"year":2021,"month":1,"day":23},"county_demographics":[{"County":"Coles","confirmed_cases":4783,"total_tested":54990,"demographics":{"age":[{"race":[],"age_group":"<20","count":820,"tested":7966,"deaths":0},{"race":[],"age_group":"20-29   ","count":988,"tested":11336,"deaths":0},{"race":[],"age_group":"30-39   ","count":601,"tested":7365,"deaths":0},{"race":[],"age_group":"40-49   ","count":547,"tested":6013,"deaths":0},{"race":[],"age_group":"50-59   ","count":579,"tested":6920,"deaths":0},{"race":[],"age_group":"60-69   ","count":570,"tested":6422,"deaths":0},{"race":[],"age_group":"70-79   ","count":374,"tested":4604,"deaths":0},{"race":[],"age_group":"80+","count":304,"tested":4354,"deaths":0},{"race":[],"age_group":"Unknown","count":0,"tested":10,"deaths":0}],"race":[{"description":"AI/AN**","count":0,"tested":24,"deaths":0,"color":"rgb(31,119,180)"},{"description":"Asian","count":17,"tested":276,"deaths":0,"color":"rgb(140,86,75)"},{"description":"Black","count":147,"tested":2306,"deaths":0,"color":"rgb(255,127,14)"},{"description":"Hispanic","count":104,"tested":741,"deaths":0,"color":"rgb(214,39,40)"},{"description":"Left Blank","count":657,"tested":9293,"deaths":0,"color":"rgb(44,160,44)"},{"description":"NH/PI*","count":0,"tested":18,"deaths":0,"color":"rgb(127,127,127)"},{"description":"Other","count":85,"tested":1740,"deaths":0,"color":"rgb(148,103,189)"},{"description":"White","count":3760,"tested":40592,"deaths":0,"color":"rgb(31,119,180)"}],"gender":[{"description":"Female","count":2578,"tested":33169,"deaths":0,"color":"rgb(255,127,14)"},{"description":"Male","count":2128,"tested":20969,"deaths":0,"color":"rgb(31,119,180)"},{"description":"Unknown/Left Blank","count":77,"tested":852,"deaths":0,"color":"rgb(44,160,44)"}]}}]}
