{"lastUpdatedDate":{"year":2021,"month":3,"day":16},"county_demographics":[{"County":"Massac","confirmed_cases":1300,"total_tested":10879,"demographics":{"age":[{"race":[],"age_group":"<20","count":181,"tested":1206,"deaths":0},{"race":[],"age_group":"20-29   ","count":176,"tested":1453,"deaths":0},{"race":[],"age_group":"30-39   ","count":163,"tested":1187,"deaths":0},{"race":[],"age_group":"40-49   ","count":168,"tested":1554,"deaths":0},{"race":[],"age_group":"50-59   ","count":211,"tested":1617,"deaths":0},{"race":[],"age_group":"60-69   ","count":156,"tested":1345,"deaths":0},{"race":[],"age_group":"70-79   ","count":128,"tested":1121,"deaths":0},{"race":[],"age_group":"80+","count":109,"tested":1395,"deaths":0},{"race":[],"age_group":"Unknown","count":0,"tested":0,"deaths":0}],"race":[{"description":"AI/AN**","count":0,"tested":0,"deaths":0,"color":"rgb(31,119,180)"},{"description":"Asian","count":0,"tested":12,"deaths":0,"color":"rgb(140,86,75)"},{"description":"Black","count":28,"tested":273,"deaths":0,"color":"rgb(255,127,14)"},{"description":"Hispanic","count":8,"tested":47,"deaths":0,"color":"rgb(214,39,40)"},{"description":"Left Blank","count":625,"tested":6151,"deaths":0,"color":"rgb(44,160,44)"},{"description":"NH/PI*","count":0,"tested":0,"deaths":0,"color":"rgb(127,127,127)"},{"description":"Other","count":0,"tested":51,"deaths":0,"color":"rgb(148,103,189)"},{"description":"White","count":633,"tested":4339,"deaths":0,"color":"rgb(31,119,180)"}],"gender":[{"description":"Female","count":683,"tested":6546,"deaths":0,"color":"rgb(255,127,14)"},{"description":"Male","count":586,"tested":3872,"deaths":0,"color":"rgb(31,119,180)"},{"description":"Unknown/Left Blank","count":27,"tested":461,"deaths":0,"color":"rgb(44,160,44)"}]}}]}
