{"lastUpdatedDate":{"year":2021,"month":3,"day":16},"county_demographics":[{"County":"Randolph","confirmed_cases":3998,"total_tested":48470,"demographics":{"age":[{"race":[],"age_group":"<20","count":583,"tested":4806,"deaths":0},{"race":[],"age_group":"20-29   ","count":645,"tested":7307,"deaths":0},{"race":[],"age_group":"30-39   ","count":629,"tested":8054,"deaths":0},{"race":[],"age_group":"40-49   ","count":606,"tested":7929,"deaths":0},{"race":[],"age_group":"50-59   ","count":551,"tested":6913,"deaths":0},{"race":[],"age_group":"60-69   ","count":453,"tested":4974,"deaths":0},{"race":[],"age_group":"70-79   ","count":247,"tested":2927,"deaths":0},{"race":[],"age_group":"80+","count":280,"tested":5531,"deaths":0},{"race":[],"age_group":"Unknown","count":0,"tested":29,"deaths":0}],"race":[{"description":"AI/AN**","count":0,"tested":0,"deaths":0,"color":"rgb(31,119,180)"},{"description":"Asian","count":0,"tested":44,"deaths":0,"color":"rgb(140,86,75)"},{"description":"Black","count":205,"tested":1809,"deaths":0,"color":"rgb(255,127,14)"},{"description":"Hispanic","count":136,"tested":384,"deaths":0,"color":"rgb(214,39,40)"},{"description":"Left Blank","count":1337,"tested":21578,"deaths":0,"color":"rgb(44,160,44)"},{"description":"NH/PI*","count":0,"tested":8,"deaths":0,"color":"rgb(127,127,127)"},{"description":"Other","count":13,"tested":311,"deaths":0,"color":"rgb(148,103,189)"},{"description":"White","count":2304,"tested":24334,"deaths":0,"color":"rgb(31,119,180)"}],"gender":[{"description":"Female","count":2049,"tested":27257,"deaths":0,"color":"rgb(255,127,14)"},{"description":"Male","count":1851,"tested":16945,"deaths":0,"color":"rgb(31,119,180)"},{"description":"Unknown/Left Blank","count":97,"tested":4268,"deaths":0,"color":"rgb(44,160,44)"}]}}]}
