{"lastUpdatedDate":{"year":2021,"month":3,"day":16},"county_demographics":[{"County":"Jo Daviess","confirmed_cases":1629,"total_tested":19134,"demographics":{"age":[{"race":[],"age_group":"<20","count":256,"tested":2501,"deaths":0},{"race":[],"age_group":"20-29   ","count":230,"tested":2252,"deaths":0},{"race":[],"age_group":"30-39   ","count":187,"tested":2128,"deaths":0},{"race":[],"age_group":"40-49   ","count":213,"tested":2090,"deaths":0},{"race":[],"age_group":"50-59   ","count":263,"tested":2820,"deaths":0},{"race":[],"age_group":"60-69   ","count":233,"tested":3117,"deaths":0},{"race":[],"age_group":"70-79   ","count":141,"tested":1840,"deaths":0},{"race":[],"age_group":"80+","count":101,"tested":2381,"deaths":0},{"race":[],"age_group":"Unknown","count":0,"tested":0,"deaths":0}],"race":[{"description":"AI/AN**","count":0,"tested":12,"deaths":0,"color":"rgb(31,119,180)"},{"description":"Asian","count":0,"tested":33,"deaths":0,"color":"rgb(140,86,75)"},{"description":"Black","count":0,"tested":106,"deaths":0,"color":"rgb(255,127,14)"},{"description":"Hispanic","count":41,"tested":235,"deaths":0,"color":"rgb(214,39,40)"},{"description":"Left Blank","count":525,"tested":9029,"deaths":0,"color":"rgb(44,160,44)"},{"description":"NH/PI*","count":0,"tested":0,"deaths":0,"color":"rgb(127,127,127)"},{"description":"Other","count":9,"tested":150,"deaths":0,"color":"rgb(148,103,189)"},{"description":"White","count":1045,"tested":9566,"deaths":0,"color":"rgb(31,119,180)"}],"gender":[{"description":"Female","count":817,"tested":12032,"deaths":0,"color":"rgb(255,127,14)"},{"description":"Male","count":762,"tested":6604,"deaths":0,"color":"rgb(31,119,180)"},{"description":"Unknown/Left Blank","count":50,"tested":498,"deaths":0,"color":"rgb(44,160,44)"}]}}]}
