{"lastUpdatedDate":{"year":2021,"month":3,"day":16},"county_demographics":[{"County":"Clark","confirmed_cases":1698,"total_tested":14927,"demographics":{"age":[{"race":[],"age_group":"<20","count":316,"tested":2439,"deaths":0},{"race":[],"age_group":"20-29   ","count":233,"tested":1682,"deaths":0},{"race":[],"age_group":"30-39   ","count":248,"tested":2077,"deaths":0},{"race":[],"age_group":"40-49   ","count":205,"tested":1801,"deaths":0},{"race":[],"age_group":"50-59   ","count":238,"tested":2021,"deaths":0},{"race":[],"age_group":"60-69   ","count":194,"tested":1934,"deaths":0},{"race":[],"age_group":"70-79   ","count":114,"tested":1214,"deaths":0},{"race":[],"age_group":"80+","count":150,"tested":1741,"deaths":0},{"race":[],"age_group":"Unknown","count":0,"tested":18,"deaths":0}],"race":[{"description":"AI/AN**","count":0,"tested":0,"deaths":0,"color":"rgb(31,119,180)"},{"description":"Asian","count":0,"tested":11,"deaths":0,"color":"rgb(140,86,75)"},{"description":"Black","count":0,"tested":25,"deaths":0,"color":"rgb(255,127,14)"},{"description":"Hispanic","count":9,"tested":40,"deaths":0,"color":"rgb(214,39,40)"},{"description":"Left Blank","count":330,"tested":6480,"deaths":0,"color":"rgb(44,160,44)"},{"description":"Other","count":8,"tested":250,"deaths":0,"color":"rgb(148,103,189)"},{"description":"White","count":1342,"tested":8117,"deaths":0,"color":"rgb(31,119,180)"}],"gender":[{"description":"Female","count":791,"tested":9438,"deaths":0,"color":"rgb(255,127,14)"},{"description":"Male","count":551,"tested":4801,"deaths":0,"color":"rgb(31,119,180)"},{"description":"Unknown/Left Blank","count":356,"tested":688,"deaths":0,"color":"rgb(44,160,44)"}]}}]}
