{"lastUpdatedDate":{"year":2021,"month":3,"day":16},"county_demographics":[{"County":"Vermilion","confirmed_cases":8747,"total_tested":117273,"demographics":{"age":[{"race":[],"age_group":"<20","count":1445,"tested":15472,"deaths":0},{"race":[],"age_group":"20-29   ","count":1346,"tested":18129,"deaths":0},{"race":[],"age_group":"30-39   ","count":1367,"tested":19192,"deaths":0},{"race":[],"age_group":"40-49   ","count":1316,"tested":16758,"deaths":0},{"race":[],"age_group":"50-59   ","count":1244,"tested":15302,"deaths":0},{"race":[],"age_group":"60-69   ","count":1041,"tested":13859,"deaths":0},{"race":[],"age_group":"70-79   ","count":603,"tested":9046,"deaths":0},{"race":[],"age_group":"80+","count":384,"tested":7285,"deaths":0},{"race":[],"age_group":"Unknown","count":0,"tested":2230,"deaths":0}],"race":[{"description":"AI/AN**","count":0,"tested":64,"deaths":0,"color":"rgb(31,119,180)"},{"description":"Asian","count":29,"tested":348,"deaths":0,"color":"rgb(140,86,75)"},{"description":"Black","count":1304,"tested":8837,"deaths":0,"color":"rgb(255,127,14)"},{"description":"Hispanic","count":517,"tested":2328,"deaths":0,"color":"rgb(214,39,40)"},{"description":"Left Blank","count":765,"tested":39822,"deaths":0,"color":"rgb(44,160,44)"},{"description":"NH/PI*","count":0,"tested":70,"deaths":0,"color":"rgb(127,127,127)"},{"description":"Other","count":400,"tested":3108,"deaths":0,"color":"rgb(148,103,189)"},{"description":"White","count":5719,"tested":62696,"deaths":0,"color":"rgb(31,119,180)"}],"gender":[{"description":"Female","count":4198,"tested":56804,"deaths":0,"color":"rgb(255,127,14)"},{"description":"Male","count":4482,"tested":44942,"deaths":0,"color":"rgb(31,119,180)"},{"description":"Unknown/Left Blank","count":67,"tested":15527,"deaths":0,"color":"rgb(44,160,44)"}]}}]}
