{"lastUpdatedDate":{"year":2021,"month":3,"day":16},"county_demographics":[{"County":"Hardin","confirmed_cases":353,"total_tested":4830,"demographics":{"age":[{"race":[],"age_group":"<20","count":39,"tested":346,"deaths":0},{"race":[],"age_group":"20-29   ","count":38,"tested":866,"deaths":0},{"race":[],"age_group":"30-39   ","count":43,"tested":765,"deaths":0},{"race":[],"age_group":"40-49   ","count":43,"tested":671,"deaths":0},{"race":[],"age_group":"50-59   ","count":54,"tested":844,"deaths":0},{"race":[],"age_group":"60-69   ","count":54,"tested":630,"deaths":0},{"race":[],"age_group":"70-79   ","count":48,"tested":416,"deaths":0},{"race":[],"age_group":"80+","count":31,"tested":288,"deaths":0},{"race":[],"age_group":"Unknown","count":0,"tested":0,"deaths":0}],"race":[{"description":"AI/AN**","count":0,"tested":0,"deaths":0,"color":"rgb(31,119,180)"},{"description":"Asian","count":0,"tested":12,"deaths":0,"color":"rgb(140,86,75)"},{"description":"Black","count":0,"tested":85,"deaths":0,"color":"rgb(255,127,14)"},{"description":"Hispanic","count":0,"tested":0,"deaths":0,"color":"rgb(214,39,40)"},{"description":"Left Blank","count":106,"tested":1454,"deaths":0,"color":"rgb(44,160,44)"},{"description":"Other","count":0,"tested":13,"deaths":0,"color":"rgb(148,103,189)"},{"description":"White","count":243,"tested":3261,"deaths":0,"color":"rgb(31,119,180)"}],"gender":[{"description":"Female","count":206,"tested":3182,"deaths":0,"color":"rgb(255,127,14)"},{"description":"Male","count":145,"tested":1465,"deaths":0,"color":"rgb(31,119,180)"},{"description":"Unknown/Left Blank","count":0,"tested":183,"deaths":0,"color":"rgb(44,160,44)"}]}}]}
