{"lastUpdatedDate":{"year":2021,"month":3,"day":16},"county_demographics":[{"County":"Greene","confirmed_cases":1389,"total_tested":13071,"demographics":{"age":[{"race":[],"age_group":"<20","count":157,"tested":1861,"deaths":0},{"race":[],"age_group":"20-29   ","count":189,"tested":1957,"deaths":0},{"race":[],"age_group":"30-39   ","count":191,"tested":2020,"deaths":0},{"race":[],"age_group":"40-49   ","count":182,"tested":1795,"deaths":0},{"race":[],"age_group":"50-59   ","count":241,"tested":2044,"deaths":0},{"race":[],"age_group":"60-69   ","count":172,"tested":1474,"deaths":0},{"race":[],"age_group":"70-79   ","count":138,"tested":1017,"deaths":0},{"race":[],"age_group":"80+","count":106,"tested":902,"deaths":0},{"race":[],"age_group":"Unknown","count":10,"tested":0,"deaths":0}],"race":[{"description":"AI/AN**","count":0,"tested":0,"deaths":0,"color":"rgb(31,119,180)"},{"description":"Asian","count":0,"tested":7,"deaths":0,"color":"rgb(140,86,75)"},{"description":"Black","count":0,"tested":45,"deaths":0,"color":"rgb(255,127,14)"},{"description":"Hispanic","count":0,"tested":19,"deaths":0,"color":"rgb(214,39,40)"},{"description":"Left Blank","count":610,"tested":6944,"deaths":0,"color":"rgb(44,160,44)"},{"description":"NH/PI*","count":0,"tested":6,"deaths":0,"color":"rgb(127,127,127)"},{"description":"Other","count":8,"tested":98,"deaths":0,"color":"rgb(148,103,189)"},{"description":"White","count":768,"tested":5948,"deaths":0,"color":"rgb(31,119,180)"}],"gender":[{"description":"Female","count":711,"tested":7764,"deaths":0,"color":"rgb(255,127,14)"},{"description":"Male","count":555,"tested":4411,"deaths":0,"color":"rgb(31,119,180)"},{"description":"Unknown/Left Blank","count":123,"tested":896,"deaths":0,"color":"rgb(44,160,44)"}]}}]}
