{"lastUpdatedDate":{"year":2021,"month":3,"day":16},"county_demographics":[{"County":"Moultrie","confirmed_cases":1512,"total_tested":21465,"demographics":{"age":[{"race":[],"age_group":"<20","count":248,"tested":3273,"deaths":0},{"race":[],"age_group":"20-29   ","count":175,"tested":3312,"deaths":0},{"race":[],"age_group":"30-39   ","count":178,"tested":2919,"deaths":0},{"race":[],"age_group":"40-49   ","count":163,"tested":2925,"deaths":0},{"race":[],"age_group":"50-59   ","count":241,"tested":3157,"deaths":0},{"race":[],"age_group":"60-69   ","count":226,"tested":2670,"deaths":0},{"race":[],"age_group":"70-79   ","count":147,"tested":1663,"deaths":0},{"race":[],"age_group":"80+","count":134,"tested":1529,"deaths":0},{"race":[],"age_group":"Unknown","count":0,"tested":17,"deaths":0}],"race":[{"description":"AI/AN**","count":0,"tested":0,"deaths":0,"color":"rgb(31,119,180)"},{"description":"Asian","count":0,"tested":43,"deaths":0,"color":"rgb(140,86,75)"},{"description":"Black","count":14,"tested":201,"deaths":0,"color":"rgb(255,127,14)"},{"description":"Hispanic","count":12,"tested":93,"deaths":0,"color":"rgb(214,39,40)"},{"description":"Left Blank","count":401,"tested":7158,"deaths":0,"color":"rgb(44,160,44)"},{"description":"NH/PI*","count":0,"tested":19,"deaths":0,"color":"rgb(127,127,127)"},{"description":"Other","count":13,"tested":358,"deaths":0,"color":"rgb(148,103,189)"},{"description":"White","count":1069,"tested":13588,"deaths":0,"color":"rgb(31,119,180)"}],"gender":[{"description":"Female","count":787,"tested":13667,"deaths":0,"color":"rgb(255,127,14)"},{"description":"Male","count":696,"tested":6830,"deaths":0,"color":"rgb(31,119,180)"},{"description":"Unknown/Left Blank","count":29,"tested":968,"deaths":0,"color":"rgb(44,160,44)"}]}}]}
