{"age":[{"age_group":"<20","count":16,"tested":176},{"age_group":"20-29   ","count":19,"tested":115},{"age_group":"30-39   ","count":16,"tested":102},{"age_group":"40-49   ","count":8,"tested":117},{"age_group":"50-59   ","count":15,"tested":148},{"age_group":"60-69   ","count":14,"tested":114},{"age_group":"70-79   ","count":7,"tested":52}],"race":[{"description":"Left Blank","count":25,"tested":205,"color":"rgb(44,160,44)"},{"description":"White","count":68,"tested":616,"color":"rgb(31,119,180)"}],"gender":[{"description":"Male","count":47,"tested":306,"color":"rgb(31,119,180)"},{"description":"Female","count":49,"tested":538,"color":"rgb(255,127,14)"}]}
