{"age":[{"age_group":"<20","count":182,"tested":1871},{"age_group":"20-29   ","count":127,"tested":2226},{"age_group":"30-39   ","count":105,"tested":1572},{"age_group":"40-49   ","count":141,"tested":2089},{"age_group":"50-59   ","count":166,"tested":2206},{"age_group":"60-69   ","count":103,"tested":1897},{"age_group":"70-79   ","count":66,"tested":1484},{"age_group":"80+","count":132,"tested":3060}],"race":[{"description":"Hispanic","count":37,"tested":200,"color":"rgb(214,39,40)"},{"description":"White","count":677,"tested":6871,"color":"rgb(31,119,180)"},{"description":"Left Blank","count":261,"tested":8889,"color":"rgb(44,160,44)"},{"description":"Asian","count":19,"tested":191,"color":"rgb(140,86,75)"},{"description":"Other","count":22,"tested":162,"color":"rgb(148,103,189)"}],"gender":[{"description":"Female","count":542,"tested":10140,"color":"rgb(255,127,14)"},{"description":"Unknown/Left Blank","count":11,"tested":518,"color":"rgb(44,160,44)"},{"description":"Male","count":469,"tested":5747,"color":"rgb(31,119,180)"}]}
