{"age":[{"age_group":"<20","count":8,"tested":78},{"age_group":"50-59   ","count":10,"tested":669},{"age_group":"60-69   ","count":6,"tested":935}],"race":[{"description":"Left Blank","count":10,"tested":2234,"color":"rgb(44,160,44)"},{"description":"Hispanic","count":12,"tested":138,"color":"rgb(214,39,40)"},{"description":"Black","count":13,"tested":253,"color":"rgb(255,127,14)"}],"gender":[{"description":"Female","count":23,"tested":1308,"color":"rgb(255,127,14)"},{"description":"Male","count":18,"tested":1404,"color":"rgb(31,119,180)"}]}
