{"age":[{"age_group":"<20","count":325,"tested":3108},{"age_group":"20-29   ","count":252,"tested":2566},{"age_group":"30-39   ","count":305,"tested":2710},{"age_group":"40-49   ","count":330,"tested":2968},{"age_group":"50-59   ","count":214,"tested":2250},{"age_group":"60-69   ","count":131,"tested":1667},{"age_group":"70-79   ","count":56,"tested":1157},{"age_group":"80+","count":17,"tested":1025}],"race":[{"description":"Other","count":63,"tested":624,"color":"rgb(148,103,189)"},{"description":"Asian","count":8,"tested":88,"color":"rgb(140,86,75)"},{"description":"Black","count":26,"tested":308,"color":"rgb(255,127,14)"},{"description":"Left Blank","count":470,"tested":5725,"color":"rgb(44,160,44)"},{"description":"White","count":879,"tested":9559,"color":"rgb(31,119,180)"},{"description":"Hispanic","count":184,"tested":1132,"color":"rgb(214,39,40)"}],"gender":[{"description":"Female","count":844,"tested":9743,"color":"rgb(255,127,14)"},{"description":"Male","count":776,"tested":7069,"color":"rgb(31,119,180)"},{"description":"Unknown/Left Blank","count":11,"tested":640,"color":"rgb(44,160,44)"}]}
