{"age":[{"age_group":"<20","count":612,"tested":8130},{"age_group":"20-29   ","count":620,"tested":8485},{"age_group":"30-39   ","count":442,"tested":8313},{"age_group":"40-49   ","count":455,"tested":7157},{"age_group":"50-59   ","count":561,"tested":10855},{"age_group":"60-69   ","count":378,"tested":8459},{"age_group":"70-79   ","count":207,"tested":4782},{"age_group":"80+","count":171,"tested":4927}],"race":[{"description":"White","count":1776,"tested":27761,"color":"rgb(31,119,180)"},{"description":"Other","count":118,"tested":1158,"color":"rgb(148,103,189)"},{"description":"Left Blank","count":912,"tested":22335,"color":"rgb(44,160,44)"},{"description":"Asian","count":207,"tested":4857,"color":"rgb(140,86,75)"},{"description":"Black","count":69,"tested":1068,"color":"rgb(255,127,14)"},{"description":"Hispanic","count":355,"tested":3809,"color":"rgb(214,39,40)"},{"description":"NH/PI*","count":7,"tested":101,"color":"rgb(127,127,127)"}],"gender":[{"description":"Unknown/Left Blank","count":26,"tested":1769,"color":"rgb(44,160,44)"},{"description":"Male","count":1645,"tested":23740,"color":"rgb(31,119,180)"},{"description":"Female","count":1775,"tested":35615,"color":"rgb(255,127,14)"}]}
