{"age":[{"age_group":"<20","count":650,"tested":8775},{"age_group":"20-29   ","count":523,"tested":8064},{"age_group":"30-39   ","count":385,"tested":7121},{"age_group":"40-49   ","count":517,"tested":8073},{"age_group":"50-59   ","count":555,"tested":10320},{"age_group":"60-69   ","count":360,"tested":8459},{"age_group":"70-79   ","count":161,"tested":5134},{"age_group":"80+","count":177,"tested":5388}],"race":[{"description":"Hispanic","count":240,"tested":2257,"color":"rgb(214,39,40)"},{"description":"Left Blank","count":668,"tested":26863,"color":"rgb(44,160,44)"},{"description":"White","count":1720,"tested":23040,"color":"rgb(31,119,180)"},{"description":"Black","count":29,"tested":722,"color":"rgb(255,127,14)"},{"description":"NH/PI*","count":8,"tested":112,"color":"rgb(127,127,127)"},{"description":"Asian","count":261,"tested":4711,"color":"rgb(140,86,75)"},{"description":"Other","count":393,"tested":3561,"color":"rgb(148,103,189)"},{"description":"AI/AN**","count":11,"tested":81,"color":"rgb(31,119,180)"}],"gender":[{"description":"Male","count":1574,"tested":25174,"color":"rgb(31,119,180)"},{"description":"Female","count":1711,"tested":34723,"color":"rgb(255,127,14)"},{"description":"Unknown/Left Blank","count":45,"tested":1450,"color":"rgb(44,160,44)"}]}
