{"age":[{"age_group":"<20","count":652,"tested":8671},{"age_group":"20-29   ","count":460,"tested":7386},{"age_group":"30-39   ","count":322,"tested":5753},{"age_group":"40-49   ","count":416,"tested":6068},{"age_group":"50-59   ","count":460,"tested":7164},{"age_group":"60-69   ","count":314,"tested":5978},{"age_group":"70-79   ","count":110,"tested":2857},{"age_group":"80+","count":73,"tested":1114}],"race":[{"description":"Hispanic","count":188,"tested":1532,"color":"rgb(214,39,40)"},{"description":"White","count":1574,"tested":20292,"color":"rgb(31,119,180)"},{"description":"Left Blank","count":626,"tested":16585,"color":"rgb(44,160,44)"},{"description":"Other","count":80,"tested":1583,"color":"rgb(148,103,189)"},{"description":"Asian","count":226,"tested":3905,"color":"rgb(140,86,75)"},{"description":"Black","count":109,"tested":980,"color":"rgb(255,127,14)"}],"gender":[{"description":"Unknown/Left Blank","count":21,"tested":567,"color":"rgb(44,160,44)"},{"description":"Male","count":1411,"tested":20804,"color":"rgb(31,119,180)"},{"description":"Female","count":1375,"tested":23624,"color":"rgb(255,127,14)"}]}
