{"age":[{"age_group":"<20","count":199,"tested":2090},{"age_group":"20-29   ","count":289,"tested":2938},{"age_group":"30-39   ","count":210,"tested":2633},{"age_group":"40-49   ","count":202,"tested":2090},{"age_group":"50-59   ","count":261,"tested":2874},{"age_group":"60-69   ","count":159,"tested":2219},{"age_group":"70-79   ","count":84,"tested":1167},{"age_group":"80+","count":32,"tested":603}],"race":[{"description":"Left Blank","count":412,"tested":6479,"color":"rgb(44,160,44)"},{"description":"White","count":691,"tested":7692,"color":"rgb(31,119,180)"},{"description":"Hispanic","count":214,"tested":1254,"color":"rgb(214,39,40)"},{"description":"Other","count":30,"tested":323,"color":"rgb(148,103,189)"},{"description":"Asian","count":38,"tested":435,"color":"rgb(140,86,75)"},{"description":"Black","count":49,"tested":417,"color":"rgb(255,127,14)"}],"gender":[{"description":"Male","count":701,"tested":7087,"color":"rgb(31,119,180)"},{"description":"Female","count":728,"tested":9372,"color":"rgb(255,127,14)"}]}
