{"age":[{"age_group":"<20","count":11,"tested":216},{"age_group":"20-29   ","count":16,"tested":263},{"age_group":"30-39   ","count":16,"tested":259},{"age_group":"40-49   ","count":22,"tested":177},{"age_group":"50-59   ","count":17,"tested":397},{"age_group":"60-69   ","count":18,"tested":247},{"age_group":"70-79   ","count":13,"tested":157}],"race":[{"description":"Left Blank","count":30,"tested":1096,"color":"rgb(44,160,44)"},{"description":"White","count":87,"tested":749,"color":"rgb(31,119,180)"}],"gender":[{"description":"Female","count":62,"tested":1055,"color":"rgb(255,127,14)"},{"description":"Male","count":58,"tested":785,"color":"rgb(31,119,180)"}]}
