{"age":[{"age_group":"<20","count":60,"tested":1267},{"age_group":"20-29   ","count":25,"tested":465},{"age_group":"30-39   ","count":10,"tested":286},{"age_group":"40-49   ","count":24,"tested":529},{"age_group":"50-59   ","count":38,"tested":652},{"age_group":"60-69   ","count":13,"tested":303}],"race":[{"description":"Other","count":14,"tested":325,"color":"rgb(148,103,189)"},{"description":"Left Blank","count":45,"tested":1318,"color":"rgb(44,160,44)"},{"description":"White","count":108,"tested":1956,"color":"rgb(31,119,180)"}],"gender":[{"description":"Male","count":90,"tested":1790,"color":"rgb(31,119,180)"},{"description":"Female","count":85,"tested":1930,"color":"rgb(255,127,14)"}]}
