{"age":[{"age_group":"<20","count":814,"tested":9437},{"age_group":"20-29   ","count":889,"tested":12410},{"age_group":"30-39   ","count":848,"tested":12190},{"age_group":"40-49   ","count":708,"tested":11659},{"age_group":"50-59   ","count":671,"tested":11929},{"age_group":"60-69   ","count":533,"tested":10043},{"age_group":"70-79   ","count":215,"tested":4574},{"age_group":"80+","count":161,"tested":2948}],"race":[{"description":"Hispanic","count":925,"tested":4786,"color":"rgb(214,39,40)"},{"description":"Asian","count":450,"tested":4371,"color":"rgb(140,86,75)"},{"description":"Left Blank","count":1259,"tested":42506,"color":"rgb(44,160,44)"},{"description":"White","count":1233,"tested":14122,"color":"rgb(31,119,180)"},{"description":"Black","count":491,"tested":5679,"color":"rgb(255,127,14)"},{"description":"NH/PI*","count":6,"tested":109,"color":"rgb(127,127,127)"},{"description":"Other","count":465,"tested":3522,"color":"rgb(148,103,189)"},{"description":"AI/AN**","count":10,"tested":121,"color":"rgb(31,119,180)"}],"gender":[{"description":"Unknown/Left Blank","count":39,"tested":2834,"color":"rgb(44,160,44)"},{"description":"Male","count":2365,"tested":31668,"color":"rgb(31,119,180)"},{"description":"Female","count":2435,"tested":40714,"color":"rgb(255,127,14)"}]}
