{"age":[{"age_group":"<20","count":391,"tested":4157},{"age_group":"20-29   ","count":410,"tested":6863},{"age_group":"30-39   ","count":312,"tested":4484},{"age_group":"40-49   ","count":334,"tested":3861},{"age_group":"50-59   ","count":288,"tested":4365},{"age_group":"60-69   ","count":190,"tested":3326},{"age_group":"70-79   ","count":117,"tested":2134},{"age_group":"80+","count":64,"tested":1381}],"race":[{"description":"AI/AN**","count":6,"tested":19,"color":"rgb(31,119,180)"},{"description":"Asian","count":6,"tested":74,"color":"rgb(140,86,75)"},{"description":"Hispanic","count":493,"tested":2090,"color":"rgb(214,39,40)"},{"description":"White","count":692,"tested":7299,"color":"rgb(31,119,180)"},{"description":"Black","count":684,"tested":5299,"color":"rgb(255,127,14)"},{"description":"Left Blank","count":191,"tested":15388,"color":"rgb(44,160,44)"},{"description":"Other","count":33,"tested":401,"color":"rgb(148,103,189)"}],"gender":[{"description":"Female","count":1169,"tested":15738,"color":"rgb(255,127,14)"},{"description":"Male","count":918,"tested":14121,"color":"rgb(31,119,180)"},{"description":"Unknown/Left Blank","count":19,"tested":714,"color":"rgb(44,160,44)"}]}
