{"age":[{"age_group":"<20","count":882,"tested":7444},{"age_group":"20-29   ","count":1116,"tested":14551},{"age_group":"30-39   ","count":980,"tested":13698},{"age_group":"40-49   ","count":1016,"tested":13407},{"age_group":"50-59   ","count":910,"tested":15875},{"age_group":"60-69   ","count":613,"tested":12208},{"age_group":"70-79   ","count":303,"tested":6184},{"age_group":"80+","count":192,"tested":4844}],"race":[{"description":"Black","count":2024,"tested":28019,"color":"rgb(255,127,14)"},{"description":"Asian","count":14,"tested":216,"color":"rgb(140,86,75)"},{"description":"AI/AN**","count":38,"tested":238,"color":"rgb(31,119,180)"},{"description":"Other","count":198,"tested":2391,"color":"rgb(148,103,189)"},{"description":"White","count":724,"tested":10648,"color":"rgb(31,119,180)"},{"description":"Left Blank","count":1992,"tested":40711,"color":"rgb(44,160,44)"},{"description":"Hispanic","count":1021,"tested":5920,"color":"rgb(214,39,40)"}],"gender":[{"description":"Male","count":2679,"tested":37103,"color":"rgb(31,119,180)"},{"description":"Unknown/Left Blank","count":39,"tested":1285,"color":"rgb(44,160,44)"},{"description":"Female","count":3295,"tested":49851,"color":"rgb(255,127,14)"}]}
