{"age":[{"age_group":"<20","count":32,"tested":249},{"age_group":"20-29   ","count":34,"tested":241},{"age_group":"30-39   ","count":29,"tested":254},{"age_group":"40-49   ","count":20,"tested":268},{"age_group":"50-59   ","count":33,"tested":301},{"age_group":"60-69   ","count":21,"tested":459},{"age_group":"70-79   ","count":7,"tested":161}],"race":[{"description":"White","count":138,"tested":1628,"color":"rgb(31,119,180)"},{"description":"Left Blank","count":32,"tested":316,"color":"rgb(44,160,44)"},{"description":"Other","count":7,"tested":46,"color":"rgb(148,103,189)"}],"gender":[{"description":"Female","count":104,"tested":1353,"color":"rgb(255,127,14)"},{"description":"Male","count":74,"tested":678,"color":"rgb(31,119,180)"}]}
