{"age":[{"age_group":"<20","count":59,"tested":789},{"age_group":"20-29   ","count":99,"tested":869},{"age_group":"30-39   ","count":84,"tested":1027},{"age_group":"40-49   ","count":96,"tested":887},{"age_group":"50-59   ","count":91,"tested":1004},{"age_group":"60-69   ","count":60,"tested":964},{"age_group":"70-79   ","count":33,"tested":660},{"age_group":"80+","count":9,"tested":228}],"race":[{"description":"Hispanic","count":38,"tested":437,"color":"rgb(214,39,40)"},{"description":"White","count":238,"tested":2620,"color":"rgb(31,119,180)"},{"description":"Left Blank","count":225,"tested":2888,"color":"rgb(44,160,44)"},{"description":"Other","count":19,"tested":314,"color":"rgb(148,103,189)"}],"gender":[{"description":"Female","count":270,"tested":3244,"color":"rgb(255,127,14)"},{"description":"Male","count":255,"tested":2972,"color":"rgb(31,119,180)"}]}
