{"age":[{"age_group":"<20","count":443,"tested":4008},{"age_group":"20-29   ","count":454,"tested":4341},{"age_group":"30-39   ","count":342,"tested":3596},{"age_group":"40-49   ","count":391,"tested":3191},{"age_group":"50-59   ","count":488,"tested":4653},{"age_group":"60-69   ","count":290,"tested":3425},{"age_group":"70-79   ","count":127,"tested":1990},{"age_group":"80+","count":69,"tested":1660}],"race":[{"description":"Hispanic","count":101,"tested":662,"color":"rgb(214,39,40)"},{"description":"Left Blank","count":1023,"tested":12444,"color":"rgb(44,160,44)"},{"description":"White","count":1360,"tested":12533,"color":"rgb(31,119,180)"},{"description":"Black","count":31,"tested":272,"color":"rgb(255,127,14)"},{"description":"Asian","count":17,"tested":212,"color":"rgb(140,86,75)"},{"description":"Other","count":69,"tested":701,"color":"rgb(148,103,189)"}],"gender":[{"description":"Unknown/Left Blank","count":48,"tested":526,"color":"rgb(44,160,44)"},{"description":"Male","count":1293,"tested":12037,"color":"rgb(31,119,180)"},{"description":"Female","count":1264,"tested":14303,"color":"rgb(255,127,14)"}]}
