{"age":[{"age_group":"<20","count":125,"tested":965},{"age_group":"20-29   ","count":140,"tested":1360},{"age_group":"30-39   ","count":104,"tested":1214},{"age_group":"40-49   ","count":109,"tested":1342},{"age_group":"50-59   ","count":134,"tested":1610},{"age_group":"60-69   ","count":67,"tested":1230},{"age_group":"70-79   ","count":35,"tested":409},{"age_group":"80+","count":7,"tested":173}],"race":[{"description":"Other","count":14,"tested":175,"color":"rgb(148,103,189)"},{"description":"Left Blank","count":249,"tested":3735,"color":"rgb(44,160,44)"},{"description":"White","count":312,"tested":3597,"color":"rgb(31,119,180)"},{"description":"Asian","count":7,"tested":99,"color":"rgb(140,86,75)"},{"description":"Hispanic","count":134,"tested":614,"color":"rgb(214,39,40)"}],"gender":[{"description":"Female","count":373,"tested":4522,"color":"rgb(255,127,14)"},{"description":"Male","count":342,"tested":3656,"color":"rgb(31,119,180)"}]}
