{"age":[{"age_group":"<20","count":13,"tested":146},{"age_group":"20-29   ","count":9,"tested":109},{"age_group":"30-39   ","count":7,"tested":76},{"age_group":"50-59   ","count":10,"tested":138},{"age_group":"60-69   ","count":7,"tested":134}],"race":[{"description":"White","count":38,"tested":342,"color":"rgb(31,119,180)"},{"description":"Other","count":6,"tested":51,"color":"rgb(148,103,189)"}],"gender":[{"description":"Male","count":28,"tested":340,"color":"rgb(31,119,180)"},{"description":"Female","count":23,"tested":387,"color":"rgb(255,127,14)"}]}
