{"age":[{"age_group":"<20","count":1103,"tested":13041},{"age_group":"20-29   ","count":2250,"tested":44534},{"age_group":"30-39   ","count":2061,"tested":47599},{"age_group":"40-49   ","count":1250,"tested":18357},{"age_group":"50-59   ","count":1027,"tested":12604},{"age_group":"60-69   ","count":670,"tested":8068},{"age_group":"70-79   ","count":341,"tested":4383},{"age_group":"80+","count":177,"tested":2120}],"race":[{"description":"Hispanic","count":3869,"tested":25851,"color":"rgb(214,39,40)"},{"description":"Left Blank","count":2207,"tested":60562,"color":"rgb(44,160,44)"},{"description":"White","count":1979,"tested":48598,"color":"rgb(31,119,180)"},{"description":"Black","count":296,"tested":4673,"color":"rgb(255,127,14)"},{"description":"NH/PI*","count":6,"tested":114,"color":"rgb(127,127,127)"},{"description":"Asian","count":122,"tested":3227,"color":"rgb(140,86,75)"},{"description":"Other","count":389,"tested":7535,"color":"rgb(148,103,189)"},{"description":"AI/AN**","count":11,"tested":184,"color":"rgb(31,119,180)"}],"gender":[{"description":"Unknown/Left Blank","count":209,"tested":5179,"color":"rgb(44,160,44)"},{"description":"Male","count":4280,"tested":65329,"color":"rgb(31,119,180)"},{"description":"Female","count":4390,"tested":80236,"color":"rgb(255,127,14)"}]}
