{"lastUpdatedDate":{"year":2021,"month":8,"day":10},"county_demographics":[{"County":"Bureau","confirmed_cases":3909,"total_tested":54165,"demographics":{"age":[{"race":[],"age_group":"<20","count":547,"tested":6198,"deaths":0},{"race":[],"age_group":"20-29   ","count":556,"tested":7888,"deaths":0},{"race":[],"age_group":"30-39   ","count":573,"tested":8470,"deaths":0},{"race":[],"age_group":"40-49   ","count":583,"tested":7693,"deaths":0},{"race":[],"age_group":"50-59   ","count":634,"tested":9251,"deaths":0},{"race":[],"age_group":"60-69   ","count":459,"tested":6909,"deaths":0},{"race":[],"age_group":"70-79   ","count":299,"tested":3656,"deaths":0},{"race":[],"age_group":"80+","count":258,"tested":4098,"deaths":0},{"race":[],"age_group":"Unknown","count":0,"tested":0,"deaths":0}],"race":[{"description":"AI/AN**","count":0,"tested":10,"deaths":0,"color":"rgb(31,119,180)"},{"description":"Asian","count":7,"tested":274,"deaths":0,"color":"rgb(140,86,75)"},{"description":"Black","count":20,"tested":251,"deaths":0,"color":"rgb(255,127,14)"},{"description":"Hispanic","count":263,"tested":1561,"deaths":0,"color":"rgb(214,39,40)"},{"description":"Left Blank","count":1474,"tested":28356,"deaths":0,"color":"rgb(44,160,44)"},{"description":"NH/PI*","count":0,"tested":155,"deaths":0,"color":"rgb(127,127,127)"},{"description":"Other","count":92,"tested":504,"deaths":0,"color":"rgb(148,103,189)"},{"description":"White","count":2047,"tested":23054,"deaths":0,"color":"rgb(31,119,180)"}],"gender":[{"description":"Female","count":2053,"tested":32456,"deaths":0,"color":"rgb(255,127,14)"},{"description":"Male","count":1804,"tested":15971,"deaths":0,"color":"rgb(31,119,180)"},{"description":"Unknown/Left Blank","count":52,"tested":5738,"deaths":0,"color":"rgb(44,160,44)"}]}}]}
