{"lastUpdatedDate":{"year":2021,"month":8,"day":10},"county_demographics":[{"County":"Perry","confirmed_cases":3436,"total_tested":67350,"demographics":{"age":[{"race":[],"age_group":"<20","count":367,"tested":3469,"deaths":0},{"race":[],"age_group":"20-29   ","count":669,"tested":15932,"deaths":0},{"race":[],"age_group":"30-39   ","count":656,"tested":14733,"deaths":0},{"race":[],"age_group":"40-49   ","count":506,"tested":11007,"deaths":0},{"race":[],"age_group":"50-59   ","count":469,"tested":8881,"deaths":0},{"race":[],"age_group":"60-69   ","count":348,"tested":5086,"deaths":0},{"race":[],"age_group":"70-79   ","count":217,"tested":3169,"deaths":0},{"race":[],"age_group":"80+","count":193,"tested":3396,"deaths":0},{"race":[],"age_group":"Unknown","count":6,"tested":1677,"deaths":0}],"race":[{"description":"AI/AN**","count":0,"tested":0,"deaths":0,"color":"rgb(31,119,180)"},{"description":"Asian","count":12,"tested":43,"deaths":0,"color":"rgb(140,86,75)"},{"description":"Black","count":233,"tested":563,"deaths":0,"color":"rgb(255,127,14)"},{"description":"Hispanic","count":53,"tested":162,"deaths":0,"color":"rgb(214,39,40)"},{"description":"Left Blank","count":1025,"tested":49789,"deaths":0,"color":"rgb(44,160,44)"},{"description":"NH/PI*","count":0,"tested":9,"deaths":0,"color":"rgb(127,127,127)"},{"description":"Other","count":24,"tested":234,"deaths":0,"color":"rgb(148,103,189)"},{"description":"White","count":2082,"tested":16545,"deaths":0,"color":"rgb(31,119,180)"}],"gender":[{"description":"Female","count":1400,"tested":20003,"deaths":0,"color":"rgb(255,127,14)"},{"description":"Male","count":1684,"tested":28990,"deaths":0,"color":"rgb(31,119,180)"},{"description":"Unknown/Left Blank","count":352,"tested":18357,"deaths":0,"color":"rgb(44,160,44)"}]}}]}
