{"lastUpdatedDate":{"year":2021,"month":8,"day":10},"county_demographics":[{"County":"Clay","confirmed_cases":1681,"total_tested":18952,"demographics":{"age":[{"race":[],"age_group":"<20","count":257,"tested":3514,"deaths":0},{"race":[],"age_group":"20-29   ","count":215,"tested":2745,"deaths":0},{"race":[],"age_group":"30-39   ","count":236,"tested":2542,"deaths":0},{"race":[],"age_group":"40-49   ","count":240,"tested":2223,"deaths":0},{"race":[],"age_group":"50-59   ","count":261,"tested":2667,"deaths":0},{"race":[],"age_group":"60-69   ","count":207,"tested":2303,"deaths":0},{"race":[],"age_group":"70-79   ","count":172,"tested":1659,"deaths":0},{"race":[],"age_group":"80+","count":93,"tested":1294,"deaths":0},{"race":[],"age_group":"Unknown","count":0,"tested":0,"deaths":0}],"race":[{"description":"AI/AN**","count":0,"tested":29,"deaths":0,"color":"rgb(31,119,180)"},{"description":"Asian","count":0,"tested":45,"deaths":0,"color":"rgb(140,86,75)"},{"description":"Black","count":8,"tested":58,"deaths":0,"color":"rgb(255,127,14)"},{"description":"Hispanic","count":13,"tested":110,"deaths":0,"color":"rgb(214,39,40)"},{"description":"Left Blank","count":53,"tested":3955,"deaths":0,"color":"rgb(44,160,44)"},{"description":"NH/PI*","count":0,"tested":0,"deaths":0,"color":"rgb(127,127,127)"},{"description":"Other","count":8,"tested":279,"deaths":0,"color":"rgb(148,103,189)"},{"description":"White","count":1587,"tested":14474,"deaths":0,"color":"rgb(31,119,180)"}],"gender":[{"description":"Female","count":893,"tested":10761,"deaths":0,"color":"rgb(255,127,14)"},{"description":"Male","count":786,"tested":7445,"deaths":0,"color":"rgb(31,119,180)"},{"description":"Unknown/Left Blank","count":0,"tested":746,"deaths":0,"color":"rgb(44,160,44)"}]}}]}
