{"lastUpdatedDate":{"year":2021,"month":8,"day":10},"county_demographics":[{"County":"Clinton","confirmed_cases":6096,"total_tested":77400,"demographics":{"age":[{"race":[],"age_group":"<20","count":947,"tested":9710,"deaths":0},{"race":[],"age_group":"20-29   ","count":940,"tested":12746,"deaths":0},{"race":[],"age_group":"30-39   ","count":958,"tested":12552,"deaths":0},{"race":[],"age_group":"40-49   ","count":812,"tested":11196,"deaths":0},{"race":[],"age_group":"50-59   ","count":936,"tested":12025,"deaths":0},{"race":[],"age_group":"60-69   ","count":757,"tested":9160,"deaths":0},{"race":[],"age_group":"70-79   ","count":368,"tested":4538,"deaths":0},{"race":[],"age_group":"80+","count":369,"tested":5294,"deaths":0},{"race":[],"age_group":"Unknown","count":9,"tested":179,"deaths":0}],"race":[{"description":"AI/AN**","count":6,"tested":24,"deaths":0,"color":"rgb(31,119,180)"},{"description":"Asian","count":0,"tested":118,"deaths":0,"color":"rgb(140,86,75)"},{"description":"Black","count":110,"tested":2057,"deaths":0,"color":"rgb(255,127,14)"},{"description":"Hispanic","count":81,"tested":457,"deaths":0,"color":"rgb(214,39,40)"},{"description":"Left Blank","count":2555,"tested":37642,"deaths":0,"color":"rgb(44,160,44)"},{"description":"NH/PI*","count":0,"tested":38,"deaths":0,"color":"rgb(127,127,127)"},{"description":"Other","count":118,"tested":879,"deaths":0,"color":"rgb(148,103,189)"},{"description":"White","count":3203,"tested":36185,"deaths":0,"color":"rgb(31,119,180)"}],"gender":[{"description":"Female","count":3175,"tested":43009,"deaths":0,"color":"rgb(255,127,14)"},{"description":"Male","count":2868,"tested":30390,"deaths":0,"color":"rgb(31,119,180)"},{"description":"Unknown/Left Blank","count":53,"tested":4001,"deaths":0,"color":"rgb(44,160,44)"}]}}]}
