{"lastUpdatedDate":{"year":2021,"month":8,"day":10},"county_demographics":[{"County":"Pike","confirmed_cases":2127,"total_tested":25414,"demographics":{"age":[{"race":[],"age_group":"<20","count":314,"tested":3047,"deaths":0},{"race":[],"age_group":"20-29   ","count":302,"tested":4199,"deaths":0},{"race":[],"age_group":"30-39   ","count":307,"tested":3978,"deaths":0},{"race":[],"age_group":"40-49   ","count":262,"tested":3515,"deaths":0},{"race":[],"age_group":"50-59   ","count":314,"tested":3639,"deaths":0},{"race":[],"age_group":"60-69   ","count":283,"tested":2694,"deaths":0},{"race":[],"age_group":"70-79   ","count":172,"tested":1735,"deaths":0},{"race":[],"age_group":"80+","count":172,"tested":2605,"deaths":0},{"race":[],"age_group":"Unknown","count":0,"tested":0,"deaths":0}],"race":[{"description":"AI/AN**","count":0,"tested":0,"deaths":0,"color":"rgb(31,119,180)"},{"description":"Asian","count":0,"tested":13,"deaths":0,"color":"rgb(140,86,75)"},{"description":"Black","count":6,"tested":41,"deaths":0,"color":"rgb(255,127,14)"},{"description":"Hispanic","count":13,"tested":79,"deaths":0,"color":"rgb(214,39,40)"},{"description":"Left Blank","count":395,"tested":16426,"deaths":0,"color":"rgb(44,160,44)"},{"description":"NH/PI*","count":0,"tested":15,"deaths":0,"color":"rgb(127,127,127)"},{"description":"Other","count":0,"tested":483,"deaths":0,"color":"rgb(148,103,189)"},{"description":"White","count":1704,"tested":8356,"deaths":0,"color":"rgb(31,119,180)"}],"gender":[{"description":"Female","count":1187,"tested":14976,"deaths":0,"color":"rgb(255,127,14)"},{"description":"Male","count":896,"tested":8309,"deaths":0,"color":"rgb(31,119,180)"},{"description":"Unknown/Left Blank","count":44,"tested":2129,"deaths":0,"color":"rgb(44,160,44)"}]}}]}
