{"lastUpdatedDate":{"year":2021,"month":8,"day":10},"county_demographics":[{"County":"Stark","confirmed_cases":678,"total_tested":10861,"demographics":{"age":[{"race":[],"age_group":"<20","count":121,"tested":1669,"deaths":0},{"race":[],"age_group":"20-29   ","count":100,"tested":1737,"deaths":0},{"race":[],"age_group":"30-39   ","count":81,"tested":1244,"deaths":0},{"race":[],"age_group":"40-49   ","count":92,"tested":1083,"deaths":0},{"race":[],"age_group":"50-59   ","count":115,"tested":1408,"deaths":0},{"race":[],"age_group":"60-69   ","count":67,"tested":1508,"deaths":0},{"race":[],"age_group":"70-79   ","count":50,"tested":1171,"deaths":0},{"race":[],"age_group":"80+","count":48,"tested":1034,"deaths":0},{"race":[],"age_group":"Unknown","count":0,"tested":7,"deaths":0}],"race":[{"description":"AI/AN**","count":0,"tested":0,"deaths":0,"color":"rgb(31,119,180)"},{"description":"Asian","count":0,"tested":18,"deaths":0,"color":"rgb(140,86,75)"},{"description":"Black","count":0,"tested":41,"deaths":0,"color":"rgb(255,127,14)"},{"description":"Hispanic","count":0,"tested":65,"deaths":0,"color":"rgb(214,39,40)"},{"description":"Left Blank","count":201,"tested":5795,"deaths":0,"color":"rgb(44,160,44)"},{"description":"NH/PI*","count":0,"tested":0,"deaths":0,"color":"rgb(127,127,127)"},{"description":"Other","count":0,"tested":87,"deaths":0,"color":"rgb(148,103,189)"},{"description":"White","count":451,"tested":4853,"deaths":0,"color":"rgb(31,119,180)"}],"gender":[{"description":"Female","count":370,"tested":6967,"deaths":0,"color":"rgb(255,127,14)"},{"description":"Male","count":301,"tested":3618,"deaths":0,"color":"rgb(31,119,180)"},{"description":"Unknown/Left Blank","count":6,"tested":276,"deaths":0,"color":"rgb(44,160,44)"}]}}]}
