{"lastUpdatedDate":{"year":2021,"month":8,"day":10},"county_demographics":[{"County":"Washington","confirmed_cases":1775,"total_tested":16399,"demographics":{"age":[{"race":[],"age_group":"<20","count":265,"tested":2087,"deaths":0},{"race":[],"age_group":"20-29   ","count":222,"tested":2418,"deaths":0},{"race":[],"age_group":"30-39   ","count":255,"tested":2621,"deaths":0},{"race":[],"age_group":"40-49   ","count":256,"tested":2616,"deaths":0},{"race":[],"age_group":"50-59   ","count":274,"tested":2334,"deaths":0},{"race":[],"age_group":"60-69   ","count":264,"tested":2286,"deaths":0},{"race":[],"age_group":"70-79   ","count":115,"tested":1184,"deaths":0},{"race":[],"age_group":"80+","count":124,"tested":850,"deaths":0},{"race":[],"age_group":"Unknown","count":0,"tested":0,"deaths":0}],"race":[{"description":"AI/AN**","count":0,"tested":0,"deaths":0,"color":"rgb(31,119,180)"},{"description":"Asian","count":0,"tested":43,"deaths":0,"color":"rgb(140,86,75)"},{"description":"Black","count":0,"tested":98,"deaths":0,"color":"rgb(255,127,14)"},{"description":"Hispanic","count":12,"tested":108,"deaths":0,"color":"rgb(214,39,40)"},{"description":"Left Blank","count":567,"tested":5481,"deaths":0,"color":"rgb(44,160,44)"},{"description":"NH/PI*","count":0,"tested":0,"deaths":0,"color":"rgb(127,127,127)"},{"description":"Other","count":18,"tested":249,"deaths":0,"color":"rgb(148,103,189)"},{"description":"White","count":1165,"tested":10412,"deaths":0,"color":"rgb(31,119,180)"}],"gender":[{"description":"Female","count":968,"tested":9673,"deaths":0,"color":"rgb(255,127,14)"},{"description":"Male","count":794,"tested":5939,"deaths":0,"color":"rgb(31,119,180)"},{"description":"Unknown/Left Blank","count":9,"tested":787,"deaths":0,"color":"rgb(44,160,44)"}]}}]}
