{"lastUpdatedDate":{"year":2021,"month":8,"day":10},"county_demographics":[{"County":"Saline","confirmed_cases":2899,"total_tested":45905,"demographics":{"age":[{"race":[],"age_group":"<20","count":484,"tested":5364,"deaths":0},{"race":[],"age_group":"20-29   ","count":426,"tested":6889,"deaths":0},{"race":[],"age_group":"30-39   ","count":416,"tested":6352,"deaths":0},{"race":[],"age_group":"40-49   ","count":370,"tested":6210,"deaths":0},{"race":[],"age_group":"50-59   ","count":395,"tested":6375,"deaths":0},{"race":[],"age_group":"60-69   ","count":347,"tested":5582,"deaths":0},{"race":[],"age_group":"70-79   ","count":264,"tested":4494,"deaths":0},{"race":[],"age_group":"80+","count":197,"tested":4637,"deaths":0},{"race":[],"age_group":"Unknown","count":0,"tested":0,"deaths":0}],"race":[{"description":"AI/AN**","count":0,"tested":18,"deaths":0,"color":"rgb(31,119,180)"},{"description":"Asian","count":6,"tested":70,"deaths":0,"color":"rgb(140,86,75)"},{"description":"Black","count":81,"tested":1209,"deaths":0,"color":"rgb(255,127,14)"},{"description":"Hispanic","count":21,"tested":171,"deaths":0,"color":"rgb(214,39,40)"},{"description":"Left Blank","count":938,"tested":23507,"deaths":0,"color":"rgb(44,160,44)"},{"description":"NH/PI*","count":0,"tested":22,"deaths":0,"color":"rgb(127,127,127)"},{"description":"Other","count":18,"tested":210,"deaths":0,"color":"rgb(148,103,189)"},{"description":"White","count":1826,"tested":20698,"deaths":0,"color":"rgb(31,119,180)"}],"gender":[{"description":"Female","count":1577,"tested":26569,"deaths":0,"color":"rgb(255,127,14)"},{"description":"Male","count":1276,"tested":17127,"deaths":0,"color":"rgb(31,119,180)"},{"description":"Unknown/Left Blank","count":44,"tested":2209,"deaths":0,"color":"rgb(44,160,44)"}]}}]}
