{"lastUpdatedDate":{"year":2021,"month":8,"day":10},"county_demographics":[{"County":"Carroll","confirmed_cases":2077,"total_tested":24159,"demographics":{"age":[{"race":[],"age_group":"<20","count":252,"tested":2428,"deaths":0},{"race":[],"age_group":"20-29   ","count":270,"tested":2904,"deaths":0},{"race":[],"age_group":"30-39   ","count":471,"tested":4214,"deaths":0},{"race":[],"age_group":"40-49   ","count":339,"tested":3517,"deaths":0},{"race":[],"age_group":"50-59   ","count":281,"tested":3425,"deaths":0},{"race":[],"age_group":"60-69   ","count":210,"tested":2861,"deaths":0},{"race":[],"age_group":"70-79   ","count":134,"tested":1824,"deaths":0},{"race":[],"age_group":"80+","count":111,"tested":2984,"deaths":0},{"race":[],"age_group":"Unknown","count":0,"tested":0,"deaths":0}],"race":[{"description":"AI/AN**","count":10,"tested":10,"deaths":0,"color":"rgb(31,119,180)"},{"description":"Asian","count":0,"tested":123,"deaths":0,"color":"rgb(140,86,75)"},{"description":"Black","count":146,"tested":125,"deaths":0,"color":"rgb(255,127,14)"},{"description":"Hispanic","count":43,"tested":133,"deaths":0,"color":"rgb(214,39,40)"},{"description":"Left Blank","count":838,"tested":13585,"deaths":0,"color":"rgb(44,160,44)"},{"description":"NH/PI*","count":0,"tested":0,"deaths":0,"color":"rgb(127,127,127)"},{"description":"Other","count":18,"tested":192,"deaths":0,"color":"rgb(148,103,189)"},{"description":"White","count":1013,"tested":9989,"deaths":0,"color":"rgb(31,119,180)"}],"gender":[{"description":"Female","count":842,"tested":12724,"deaths":0,"color":"rgb(255,127,14)"},{"description":"Male","count":1183,"tested":10848,"deaths":0,"color":"rgb(31,119,180)"},{"description":"Unknown/Left Blank","count":51,"tested":587,"deaths":0,"color":"rgb(44,160,44)"}]}}]}
