{"age":[{"age_group":"<20","count":273,"tested":2865},{"age_group":"20-29   ","count":488,"tested":4984},{"age_group":"30-39   ","count":474,"tested":5907},{"age_group":"40-49   ","count":396,"tested":4440},{"age_group":"50-59   ","count":384,"tested":4112},{"age_group":"60-69   ","count":264,"tested":3476},{"age_group":"70-79   ","count":140,"tested":1859},{"age_group":"80+","count":139,"tested":1307}],"race":[{"description":"Other","count":171,"tested":1560,"color":"rgb(148,103,189)"},{"description":"White","count":792,"tested":9893,"color":"rgb(31,119,180)"},{"description":"Left Blank","count":466,"tested":10059,"color":"rgb(44,160,44)"},{"description":"Hispanic","count":807,"tested":5273,"color":"rgb(214,39,40)"},{"description":"Asian","count":195,"tested":1614,"color":"rgb(140,86,75)"},{"description":"Black","count":62,"tested":393,"color":"rgb(255,127,14)"},{"description":"NH/PI*","count":38,"tested":135,"color":"rgb(127,127,127)"},{"description":"AI/AN**","count":27,"tested":26,"color":"rgb(31,119,180)"}],"gender":[{"description":"Male","count":1220,"tested":12897,"color":"rgb(31,119,180)"},{"description":"Unknown/Left Blank","count":28,"tested":521,"color":"rgb(44,160,44)"},{"description":"Female","count":1220,"tested":15535,"color":"rgb(255,127,14)"}]}
