{"age":[{"age_group":"<20","count":201,"tested":1569},{"age_group":"20-29   ","count":284,"tested":1912},{"age_group":"30-39   ","count":196,"tested":1806},{"age_group":"40-49   ","count":200,"tested":1720},{"age_group":"50-59   ","count":223,"tested":1906},{"age_group":"60-69   ","count":117,"tested":1031},{"age_group":"70-79   ","count":75,"tested":600},{"age_group":"80+","count":55,"tested":288}],"race":[{"description":"Black","count":63,"tested":148,"color":"rgb(255,127,14)"},{"description":"Asian","count":83,"tested":239,"color":"rgb(140,86,75)"},{"description":"White","count":499,"tested":4445,"color":"rgb(31,119,180)"},{"description":"Other","count":64,"tested":171,"color":"rgb(148,103,189)"},{"description":"Hispanic","count":216,"tested":747,"color":"rgb(214,39,40)"},{"description":"Left Blank","count":324,"tested":5063,"color":"rgb(44,160,44)"}],"gender":[{"description":"Female","count":529,"tested":6010,"color":"rgb(255,127,14)"},{"description":"Male","count":524,"tested":4750,"color":"rgb(31,119,180)"}]}
