{"age":[{"age_group":"50-59   ","count":6,"tested":186},{"age_group":"60-69   ","count":8,"tested":363},{"age_group":"70-79   ","count":10,"tested":588}],"race":[{"description":"Left Blank","count":11,"tested":143,"color":"rgb(44,160,44)"},{"description":"White","count":7,"tested":106,"color":"rgb(31,119,180)"},{"description":"Black","count":12,"tested":170,"color":"rgb(255,127,14)"}],"gender":[{"description":"Female","count":12,"tested":201,"color":"rgb(255,127,14)"},{"description":"Male","count":25,"tested":1519,"color":"rgb(31,119,180)"}]}
