{"age":[{"age_group":"<20","count":252,"tested":2782},{"age_group":"20-29   ","count":251,"tested":3050},{"age_group":"30-39   ","count":205,"tested":2999},{"age_group":"40-49   ","count":215,"tested":2893},{"age_group":"50-59   ","count":224,"tested":3914},{"age_group":"60-69   ","count":196,"tested":3701},{"age_group":"70-79   ","count":104,"tested":2369},{"age_group":"80+","count":103,"tested":1828}],"race":[{"description":"Other","count":87,"tested":596,"color":"rgb(148,103,189)"},{"description":"Left Blank","count":479,"tested":13218,"color":"rgb(44,160,44)"},{"description":"Black","count":72,"tested":530,"color":"rgb(255,127,14)"},{"description":"Asian","count":40,"tested":145,"color":"rgb(140,86,75)"},{"description":"White","count":586,"tested":8010,"color":"rgb(31,119,180)"},{"description":"Hispanic","count":220,"tested":1048,"color":"rgb(214,39,40)"}],"gender":[{"description":"Female","count":700,"tested":13317,"color":"rgb(255,127,14)"},{"description":"Male","count":652,"tested":9600,"color":"rgb(31,119,180)"},{"description":"Unknown/Left Blank","count":38,"tested":638,"color":"rgb(44,160,44)"}]}
