{"age":[{"age_group":"<20","count":122,"tested":1967},{"age_group":"20-29   ","count":176,"tested":2716},{"age_group":"30-39   ","count":175,"tested":2484},{"age_group":"40-49   ","count":172,"tested":2792},{"age_group":"50-59   ","count":192,"tested":3044},{"age_group":"60-69   ","count":157,"tested":3044},{"age_group":"70-79   ","count":92,"tested":1662},{"age_group":"80+","count":124,"tested":1679}],"race":[{"description":"White","count":567,"tested":9378,"color":"rgb(31,119,180)"},{"description":"Other","count":76,"tested":880,"color":"rgb(148,103,189)"},{"description":"Left Blank","count":225,"tested":5773,"color":"rgb(44,160,44)"},{"description":"Asian","count":98,"tested":1622,"color":"rgb(140,86,75)"},{"description":"Hispanic","count":171,"tested":1436,"color":"rgb(214,39,40)"},{"description":"Black","count":28,"tested":240,"color":"rgb(255,127,14)"}],"gender":[{"description":"Female","count":571,"tested":11424,"color":"rgb(255,127,14)"},{"description":"Male","count":503,"tested":7779,"color":"rgb(31,119,180)"}]}
