{"age":[{"age_group":"<20","count":29,"tested":181},{"age_group":"20-29   ","count":29,"tested":208},{"age_group":"30-39   ","count":19,"tested":171},{"age_group":"40-49   ","count":28,"tested":172},{"age_group":"50-59   ","count":29,"tested":245},{"age_group":"60-69   ","count":21,"tested":199},{"age_group":"70-79   ","count":14,"tested":130}],"race":[{"description":"Left Blank","count":25,"tested":215,"color":"rgb(44,160,44)"},{"description":"White","count":101,"tested":1059,"color":"rgb(31,119,180)"},{"description":"Black","count":13,"tested":47,"color":"rgb(255,127,14)"}],"gender":[{"description":"Female","count":77,"tested":842,"color":"rgb(255,127,14)"},{"description":"Male","count":63,"tested":534,"color":"rgb(31,119,180)"}]}
