{"age":[{"age_group":"<20","count":1096,"tested":5881},{"age_group":"20-29   ","count":1516,"tested":9590},{"age_group":"30-39   ","count":1372,"tested":7627},{"age_group":"40-49   ","count":1372,"tested":7176},{"age_group":"50-59   ","count":1090,"tested":5806},{"age_group":"60-69   ","count":669,"tested":4252},{"age_group":"70-79   ","count":275,"tested":1985},{"age_group":"80+","count":143,"tested":917},{"age_group":"Unknown","count":49,"tested":36}],"race":[{"description":"Black","count":148,"tested":956,"color":"rgb(255,127,14)"},{"description":"Asian","count":43,"tested":110,"color":"rgb(140,86,75)"},{"description":"Hispanic","count":3940,"tested":16886,"color":"rgb(214,39,40)"},{"description":"White","count":844,"tested":6184,"color":"rgb(31,119,180)"},{"description":"Other","count":584,"tested":3956,"color":"rgb(148,103,189)"},{"description":"Left Blank","count":1903,"tested":15146,"color":"rgb(44,160,44)"}],"gender":[{"description":"Female","count":3705,"tested":22801,"color":"rgb(255,127,14)"},{"description":"Male","count":3532,"tested":19867,"color":"rgb(31,119,180)"},{"description":"Unknown/Left Blank","count":123,"tested":602,"color":"rgb(44,160,44)"}]}
