{"age":[{"age_group":"<20","count":238,"tested":3134},{"age_group":"20-29   ","count":244,"tested":3020},{"age_group":"30-39   ","count":162,"tested":2777},{"age_group":"40-49   ","count":251,"tested":3038},{"age_group":"50-59   ","count":246,"tested":3785},{"age_group":"60-69   ","count":160,"tested":3237},{"age_group":"70-79   ","count":79,"tested":1904},{"age_group":"80+","count":85,"tested":1673}],"race":[{"description":"Left Blank","count":293,"tested":9379,"color":"rgb(44,160,44)"},{"description":"White","count":660,"tested":9292,"color":"rgb(31,119,180)"},{"description":"Hispanic","count":134,"tested":677,"color":"rgb(214,39,40)"},{"description":"Asian","count":123,"tested":1342,"color":"rgb(140,86,75)"},{"description":"Black","count":36,"tested":231,"color":"rgb(255,127,14)"},{"description":"Other","count":176,"tested":1554,"color":"rgb(148,103,189)"},{"description":"AI/AN**","count":23,"tested":39,"color":"rgb(31,119,180)"}],"gender":[{"description":"Unknown/Left Blank","count":42,"tested":750,"color":"rgb(44,160,44)"},{"description":"Female","count":720,"tested":12644,"color":"rgb(255,127,14)"},{"description":"Male","count":618,"tested":9179,"color":"rgb(31,119,180)"}]}
