{"age":[{"age_group":"<20","count":49,"tested":1003},{"age_group":"20-29   ","count":256,"tested":4680},{"age_group":"30-39   ","count":272,"tested":5573},{"age_group":"40-49   ","count":114,"tested":2158},{"age_group":"50-59   ","count":98,"tested":1722},{"age_group":"60-69   ","count":71,"tested":1448},{"age_group":"70-79   ","count":35,"tested":747},{"age_group":"80+","count":29,"tested":286}],"race":[{"description":"Asian","count":75,"tested":1368,"color":"rgb(140,86,75)"},{"description":"Hispanic","count":70,"tested":581,"color":"rgb(214,39,40)"},{"description":"Black","count":109,"tested":1647,"color":"rgb(255,127,14)"},{"description":"White","count":303,"tested":5323,"color":"rgb(31,119,180)"},{"description":"Other","count":66,"tested":939,"color":"rgb(148,103,189)"},{"description":"Left Blank","count":258,"tested":7721,"color":"rgb(44,160,44)"}],"gender":[{"description":"Female","count":366,"tested":9164,"color":"rgb(255,127,14)"},{"description":"Male","count":446,"tested":8227,"color":"rgb(31,119,180)"}]}
