{"age":[{"age_group":"<20","count":101,"tested":895},{"age_group":"20-29   ","count":191,"tested":1659},{"age_group":"30-39   ","count":165,"tested":1437},{"age_group":"40-49   ","count":221,"tested":1932},{"age_group":"50-59   ","count":174,"tested":2049},{"age_group":"60-69   ","count":117,"tested":1792},{"age_group":"70-79   ","count":71,"tested":1071},{"age_group":"80+","count":59,"tested":611}],"race":[{"description":"Asian","count":15,"tested":64,"color":"rgb(140,86,75)"},{"description":"Black","count":542,"tested":4968,"color":"rgb(255,127,14)"},{"description":"White","count":77,"tested":929,"color":"rgb(31,119,180)"},{"description":"Hispanic","count":65,"tested":247,"color":"rgb(214,39,40)"},{"description":"Other","count":24,"tested":211,"color":"rgb(148,103,189)"},{"description":"Left Blank","count":355,"tested":4984,"color":"rgb(44,160,44)"}],"gender":[{"description":"Female","count":575,"tested":6722,"color":"rgb(255,127,14)"},{"description":"Male","count":442,"tested":4280,"color":"rgb(31,119,180)"},{"description":"Unknown/Left Blank","count":37,"tested":444,"color":"rgb(44,160,44)"}]}
