{"age":[{"age_group":"<20","count":861,"tested":5635},{"age_group":"20-29   ","count":1174,"tested":9006},{"age_group":"30-39   ","count":1223,"tested":7805},{"age_group":"40-49   ","count":1235,"tested":6746},{"age_group":"50-59   ","count":982,"tested":5739},{"age_group":"60-69   ","count":573,"tested":4441},{"age_group":"70-79   ","count":271,"tested":2057},{"age_group":"80+","count":115,"tested":813}],"race":[{"description":"Black","count":817,"tested":6810,"color":"rgb(255,127,14)"},{"description":"Other","count":237,"tested":1735,"color":"rgb(148,103,189)"},{"description":"Hispanic","count":3912,"tested":16084,"color":"rgb(214,39,40)"},{"description":"Left Blank","count":1220,"tested":14809,"color":"rgb(44,160,44)"},{"description":"White","count":209,"tested":2706,"color":"rgb(31,119,180)"}],"gender":[{"description":"Unknown/Left Blank","count":97,"tested":880,"color":"rgb(44,160,44)"},{"description":"Female","count":3199,"tested":22343,"color":"rgb(255,127,14)"},{"description":"Male","count":3088,"tested":19049,"color":"rgb(31,119,180)"}]}
