{"age":[{"age_group":"<20","count":69,"tested":737},{"age_group":"20-29   ","count":63,"tested":707},{"age_group":"30-39   ","count":48,"tested":662},{"age_group":"40-49   ","count":72,"tested":646},{"age_group":"50-59   ","count":75,"tested":875},{"age_group":"60-69   ","count":58,"tested":757},{"age_group":"70-79   ","count":33,"tested":603},{"age_group":"80+","count":21,"tested":318}],"race":[{"description":"Left Blank","count":100,"tested":1753,"color":"rgb(44,160,44)"},{"description":"Hispanic","count":50,"tested":241,"color":"rgb(214,39,40)"},{"description":"White","count":209,"tested":3083,"color":"rgb(31,119,180)"},{"description":"Other","count":24,"tested":128,"color":"rgb(148,103,189)"}],"gender":[{"description":"Female","count":187,"tested":2769,"color":"rgb(255,127,14)"},{"description":"Male","count":179,"tested":2496,"color":"rgb(31,119,180)"}]}
