{"age":[{"age_group":"20-29   ","count":13,"tested":94},{"age_group":"30-39   ","count":9,"tested":90},{"age_group":"40-49   ","count":8,"tested":59},{"age_group":"50-59   ","count":12,"tested":127}],"race":[{"description":"Left Blank","count":13,"tested":220,"color":"rgb(44,160,44)"},{"description":"White","count":39,"tested":316,"color":"rgb(31,119,180)"}],"gender":[{"description":"Male","count":27,"tested":268,"color":"rgb(31,119,180)"},{"description":"Female","count":25,"tested":295,"color":"rgb(255,127,14)"}]}
