{"age":[{"age_group":"<20","count":280,"tested":4039},{"age_group":"20-29   ","count":316,"tested":4285},{"age_group":"30-39   ","count":216,"tested":4232},{"age_group":"40-49   ","count":253,"tested":4071},{"age_group":"50-59   ","count":219,"tested":4747},{"age_group":"60-69   ","count":169,"tested":4000},{"age_group":"70-79   ","count":112,"tested":2447},{"age_group":"80+","count":101,"tested":3721}],"race":[{"description":"Hispanic","count":189,"tested":1383,"color":"rgb(214,39,40)"},{"description":"Left Blank","count":403,"tested":12996,"color":"rgb(44,160,44)"},{"description":"Asian","count":78,"tested":1041,"color":"rgb(140,86,75)"},{"description":"White","count":821,"tested":14859,"color":"rgb(31,119,180)"},{"description":"Black","count":49,"tested":708,"color":"rgb(255,127,14)"},{"description":"Other","count":75,"tested":669,"color":"rgb(148,103,189)"}],"gender":[{"description":"Male","count":740,"tested":12935,"color":"rgb(31,119,180)"},{"description":"Female","count":755,"tested":17069,"color":"rgb(255,127,14)"},{"description":"Unknown/Left Blank","count":51,"tested":1700,"color":"rgb(44,160,44)"}]}
