{"age":[{"age_group":"<20","count":164,"tested":1674},{"age_group":"20-29   ","count":200,"tested":1872},{"age_group":"30-39   ","count":133,"tested":1678},{"age_group":"40-49   ","count":176,"tested":1600},{"age_group":"50-59   ","count":129,"tested":1635},{"age_group":"60-69   ","count":88,"tested":1337},{"age_group":"70-79   ","count":66,"tested":971},{"age_group":"80+","count":36,"tested":595}],"race":[{"description":"Hispanic","count":270,"tested":1200,"color":"rgb(214,39,40)"},{"description":"White","count":253,"tested":3424,"color":"rgb(31,119,180)"},{"description":"Black","count":295,"tested":2260,"color":"rgb(255,127,14)"},{"description":"Other","count":25,"tested":163,"color":"rgb(148,103,189)"},{"description":"Left Blank","count":128,"tested":4274,"color":"rgb(44,160,44)"}],"gender":[{"description":"Female","count":513,"tested":6471,"color":"rgb(255,127,14)"},{"description":"Male","count":431,"tested":4325,"color":"rgb(31,119,180)"},{"description":"Unknown/Left Blank","count":18,"tested":567,"color":"rgb(44,160,44)"}]}
