{"age":[{"age_group":"<20","count":120,"tested":1346},{"age_group":"20-29   ","count":196,"tested":2249},{"age_group":"30-39   ","count":178,"tested":2347},{"age_group":"40-49   ","count":144,"tested":1829},{"age_group":"50-59   ","count":184,"tested":2497},{"age_group":"60-69   ","count":143,"tested":2415},{"age_group":"70-79   ","count":81,"tested":1005},{"age_group":"80+","count":54,"tested":578}],"race":[{"description":"Other","count":22,"tested":197,"color":"rgb(148,103,189)"},{"description":"Left Blank","count":188,"tested":4380,"color":"rgb(44,160,44)"},{"description":"Black","count":783,"tested":9005,"color":"rgb(255,127,14)"},{"description":"Hispanic","count":78,"tested":400,"color":"rgb(214,39,40)"},{"description":"White","count":18,"tested":260,"color":"rgb(31,119,180)"}],"gender":[{"description":"Male","count":476,"tested":6280,"color":"rgb(31,119,180)"},{"description":"Unknown/Left Blank","count":9,"tested":409,"color":"rgb(44,160,44)"},{"description":"Female","count":605,"tested":7585,"color":"rgb(255,127,14)"}]}
