{"age":[{"age_group":"<20","count":55,"tested":620},{"age_group":"20-29   ","count":40,"tested":540},{"age_group":"30-39   ","count":31,"tested":480},{"age_group":"40-49   ","count":37,"tested":456},{"age_group":"50-59   ","count":30,"tested":514},{"age_group":"60-69   ","count":31,"tested":432},{"age_group":"70-79   ","count":16,"tested":348},{"age_group":"80+","count":12,"tested":267}],"race":[{"description":"White","count":158,"tested":2820,"color":"rgb(31,119,180)"},{"description":"Left Blank","count":18,"tested":438,"color":"rgb(44,160,44)"},{"description":"Hispanic","count":44,"tested":271,"color":"rgb(214,39,40)"}],"gender":[{"description":"Female","count":109,"tested":2101,"color":"rgb(255,127,14)"},{"description":"Male","count":113,"tested":1514,"color":"rgb(31,119,180)"}]}
