{"age":[{"age_group":"<20","count":158,"tested":1369},{"age_group":"20-29   ","count":231,"tested":1989},{"age_group":"30-39   ","count":211,"tested":2043},{"age_group":"40-49   ","count":211,"tested":1753},{"age_group":"50-59   ","count":227,"tested":2113},{"age_group":"60-69   ","count":186,"tested":1965},{"age_group":"70-79   ","count":131,"tested":1356},{"age_group":"80+","count":105,"tested":1086}],"race":[{"description":"Asian","count":67,"tested":120,"color":"rgb(140,86,75)"},{"description":"Black","count":62,"tested":109,"color":"rgb(255,127,14)"},{"description":"White","count":625,"tested":7178,"color":"rgb(31,119,180)"},{"description":"Other","count":74,"tested":194,"color":"rgb(148,103,189)"},{"description":"Left Blank","count":299,"tested":5086,"color":"rgb(44,160,44)"},{"description":"Hispanic","count":224,"tested":961,"color":"rgb(214,39,40)"}],"gender":[{"description":"Female","count":585,"tested":7846,"color":"rgb(255,127,14)"},{"description":"Male","count":538,"tested":5556,"color":"rgb(31,119,180)"},{"description":"Unknown/Left Blank","count":67,"tested":272,"color":"rgb(44,160,44)"}]}
