{"age":[{"age_group":"<20","count":123,"tested":2084},{"age_group":"20-29   ","count":198,"tested":2416},{"age_group":"30-39   ","count":167,"tested":2452},{"age_group":"40-49   ","count":170,"tested":2155},{"age_group":"50-59   ","count":162,"tested":2687},{"age_group":"60-69   ","count":121,"tested":2323},{"age_group":"70-79   ","count":68,"tested":1681},{"age_group":"80+","count":79,"tested":2746}],"race":[{"description":"Other","count":45,"tested":375,"color":"rgb(148,103,189)"},{"description":"Black","count":37,"tested":272,"color":"rgb(255,127,14)"},{"description":"White","count":512,"tested":7525,"color":"rgb(31,119,180)"},{"description":"Asian","count":45,"tested":642,"color":"rgb(140,86,75)"},{"description":"Left Blank","count":277,"tested":8872,"color":"rgb(44,160,44)"},{"description":"Hispanic","count":151,"tested":849,"color":"rgb(214,39,40)"}],"gender":[{"description":"Female","count":557,"tested":9816,"color":"rgb(255,127,14)"},{"description":"Male","count":467,"tested":7341,"color":"rgb(31,119,180)"}]}
