{"age":[{"age_group":"<20","count":157,"tested":1331},{"age_group":"20-29   ","count":194,"tested":1754},{"age_group":"30-39   ","count":172,"tested":1776},{"age_group":"40-49   ","count":194,"tested":1713},{"age_group":"50-59   ","count":201,"tested":1913},{"age_group":"60-69   ","count":126,"tested":1547},{"age_group":"70-79   ","count":62,"tested":775},{"age_group":"80+","count":43,"tested":375}],"race":[{"description":"Asian","count":56,"tested":382,"color":"rgb(140,86,75)"},{"description":"Hispanic","count":131,"tested":494,"color":"rgb(214,39,40)"},{"description":"Black","count":35,"tested":154,"color":"rgb(255,127,14)"},{"description":"Other","count":46,"tested":231,"color":"rgb(148,103,189)"},{"description":"Left Blank","count":360,"tested":6574,"color":"rgb(44,160,44)"},{"description":"White","count":477,"tested":3330,"color":"rgb(31,119,180)"}],"gender":[{"description":"Female","count":547,"tested":6107,"color":"rgb(255,127,14)"},{"description":"Male","count":469,"tested":4650,"color":"rgb(31,119,180)"},{"description":"Unknown/Left Blank","count":28,"tested":434,"color":"rgb(44,160,44)"}]}
