{"age":[{"age_group":"<20","count":488,"tested":3615},{"age_group":"20-29   ","count":684,"tested":5990},{"age_group":"30-39   ","count":511,"tested":4489},{"age_group":"40-49   ","count":571,"tested":4601},{"age_group":"50-59   ","count":443,"tested":4537},{"age_group":"60-69   ","count":276,"tested":3750},{"age_group":"70-79   ","count":165,"tested":2142},{"age_group":"80+","count":161,"tested":2066}],"race":[{"description":"Hispanic","count":1464,"tested":6759,"color":"rgb(214,39,40)"},{"description":"White","count":545,"tested":8345,"color":"rgb(31,119,180)"},{"description":"Left Blank","count":742,"tested":11704,"color":"rgb(44,160,44)"},{"description":"Other","count":118,"tested":1364,"color":"rgb(148,103,189)"},{"description":"Asian","count":98,"tested":359,"color":"rgb(140,86,75)"},{"description":"Black","count":244,"tested":2649,"color":"rgb(255,127,14)"}],"gender":[{"description":"Male","count":1447,"tested":13507,"color":"rgb(31,119,180)"},{"description":"Female","count":1582,"tested":16991,"color":"rgb(255,127,14)"},{"description":"Unknown/Left Blank","count":55,"tested":705,"color":"rgb(44,160,44)"}]}
