{"lastUpdatedDate":{"year":2021,"month":3,"day":6},"county_demographics":[{"County":"Piatt","confirmed_cases":1342,"total_tested":26706,"demographics":{"age":[{"race":[],"age_group":"<20","count":237,"tested":5660,"deaths":0},{"race":[],"age_group":"20-29   ","count":178,"tested":3753,"deaths":0},{"race":[],"age_group":"30-39   ","count":206,"tested":3613,"deaths":0},{"race":[],"age_group":"40-49   ","count":209,"tested":3442,"deaths":0},{"race":[],"age_group":"50-59   ","count":193,"tested":3447,"deaths":0},{"race":[],"age_group":"60-69   ","count":182,"tested":3081,"deaths":0},{"race":[],"age_group":"70-79   ","count":79,"tested":1775,"deaths":0},{"race":[],"age_group":"80+","count":56,"tested":1931,"deaths":0},{"race":[],"age_group":"Unknown","count":0,"tested":0,"deaths":0}],"race":[{"description":"AI/AN**","count":0,"tested":38,"deaths":0,"color":"rgb(31,119,180)"},{"description":"Asian","count":0,"tested":139,"deaths":0,"color":"rgb(140,86,75)"},{"description":"Black","count":10,"tested":159,"deaths":0,"color":"rgb(255,127,14)"},{"description":"Hispanic","count":7,"tested":210,"deaths":0,"color":"rgb(214,39,40)"},{"description":"Left Blank","count":259,"tested":7769,"deaths":0,"color":"rgb(44,160,44)"},{"description":"NH/PI*","count":0,"tested":6,"deaths":0,"color":"rgb(127,127,127)"},{"description":"Other","count":23,"tested":601,"deaths":0,"color":"rgb(148,103,189)"},{"description":"White","count":1037,"tested":17784,"deaths":0,"color":"rgb(31,119,180)"}],"gender":[{"description":"Female","count":702,"tested":15825,"deaths":0,"color":"rgb(255,127,14)"},{"description":"Male","count":639,"tested":10511,"deaths":0,"color":"rgb(31,119,180)"},{"description":"Unknown/Left Blank","count":0,"tested":370,"deaths":0,"color":"rgb(44,160,44)"}]}}]}
