{"lastUpdatedDate":{"year":2021,"month":3,"day":6},"county_demographics":[{"County":"Hardin","confirmed_cases":346,"total_tested":4720,"demographics":{"age":[{"race":[],"age_group":"<20","count":37,"tested":338,"deaths":0},{"race":[],"age_group":"20-29   ","count":38,"tested":849,"deaths":0},{"race":[],"age_group":"30-39   ","count":43,"tested":756,"deaths":0},{"race":[],"age_group":"40-49   ","count":42,"tested":635,"deaths":0},{"race":[],"age_group":"50-59   ","count":51,"tested":823,"deaths":0},{"race":[],"age_group":"60-69   ","count":54,"tested":621,"deaths":0},{"race":[],"age_group":"70-79   ","count":42,"tested":410,"deaths":0},{"race":[],"age_group":"80+","count":31,"tested":284,"deaths":0},{"race":[],"age_group":"Unknown","count":0,"tested":0,"deaths":0}],"race":[{"description":"AI/AN**","count":0,"tested":0,"deaths":0,"color":"rgb(31,119,180)"},{"description":"Asian","count":0,"tested":12,"deaths":0,"color":"rgb(140,86,75)"},{"description":"Black","count":0,"tested":83,"deaths":0,"color":"rgb(255,127,14)"},{"description":"Hispanic","count":0,"tested":0,"deaths":0,"color":"rgb(214,39,40)"},{"description":"Left Blank","count":106,"tested":1400,"deaths":0,"color":"rgb(44,160,44)"},{"description":"Other","count":0,"tested":13,"deaths":0,"color":"rgb(148,103,189)"},{"description":"White","count":237,"tested":3208,"deaths":0,"color":"rgb(31,119,180)"}],"gender":[{"description":"Female","count":202,"tested":3131,"deaths":0,"color":"rgb(255,127,14)"},{"description":"Male","count":143,"tested":1426,"deaths":0,"color":"rgb(31,119,180)"},{"description":"Unknown/Left Blank","count":0,"tested":163,"deaths":0,"color":"rgb(44,160,44)"}]}}]}
