{"lastUpdatedDate":{"year":2021,"month":3,"day":6},"county_demographics":[{"County":"Cass","confirmed_cases":1896,"total_tested":17984,"demographics":{"age":[{"race":[],"age_group":"<20","count":348,"tested":2977,"deaths":0},{"race":[],"age_group":"20-29   ","count":320,"tested":2856,"deaths":0},{"race":[],"age_group":"30-39   ","count":302,"tested":2672,"deaths":0},{"race":[],"age_group":"40-49   ","count":269,"tested":2711,"deaths":0},{"race":[],"age_group":"50-59   ","count":250,"tested":2696,"deaths":0},{"race":[],"age_group":"60-69   ","count":196,"tested":1783,"deaths":0},{"race":[],"age_group":"70-79   ","count":113,"tested":1163,"deaths":0},{"race":[],"age_group":"80+","count":98,"tested":1123,"deaths":0},{"race":[],"age_group":"Unknown","count":0,"tested":0,"deaths":0}],"race":[{"description":"AI/AN**","count":0,"tested":14,"deaths":0,"color":"rgb(31,119,180)"},{"description":"Asian","count":11,"tested":57,"deaths":0,"color":"rgb(140,86,75)"},{"description":"Black","count":60,"tested":545,"deaths":0,"color":"rgb(255,127,14)"},{"description":"Hispanic","count":638,"tested":2519,"deaths":0,"color":"rgb(214,39,40)"},{"description":"Left Blank","count":138,"tested":4944,"deaths":0,"color":"rgb(44,160,44)"},{"description":"NH/PI*","count":0,"tested":6,"deaths":0,"color":"rgb(127,127,127)"},{"description":"Other","count":8,"tested":1144,"deaths":0,"color":"rgb(148,103,189)"},{"description":"White","count":1033,"tested":8755,"deaths":0,"color":"rgb(31,119,180)"}],"gender":[{"description":"Female","count":1012,"tested":10432,"deaths":0,"color":"rgb(255,127,14)"},{"description":"Male","count":839,"tested":6674,"deaths":0,"color":"rgb(31,119,180)"},{"description":"Unknown/Left Blank","count":45,"tested":878,"deaths":0,"color":"rgb(44,160,44)"}]}}]}
