{"lastUpdatedDate":{"year":2021,"month":3,"day":6},"county_demographics":[{"County":"Macon","confirmed_cases":9520,"total_tested":146993,"demographics":{"age":[{"race":[],"age_group":"<20","count":1381,"tested":16319,"deaths":0},{"race":[],"age_group":"20-29   ","count":1447,"tested":24023,"deaths":0},{"race":[],"age_group":"30-39   ","count":1400,"tested":21415,"deaths":0},{"race":[],"age_group":"40-49   ","count":1369,"tested":19931,"deaths":0},{"race":[],"age_group":"50-59   ","count":1369,"tested":19551,"deaths":0},{"race":[],"age_group":"60-69   ","count":1173,"tested":17995,"deaths":0},{"race":[],"age_group":"70-79   ","count":792,"tested":12239,"deaths":0},{"race":[],"age_group":"80+","count":586,"tested":14810,"deaths":0},{"race":[],"age_group":"Unknown","count":0,"tested":710,"deaths":0}],"race":[{"description":"AI/AN**","count":10,"tested":39,"deaths":0,"color":"rgb(31,119,180)"},{"description":"Asian","count":74,"tested":441,"deaths":0,"color":"rgb(140,86,75)"},{"description":"Black","count":1637,"tested":10294,"deaths":0,"color":"rgb(255,127,14)"},{"description":"Hispanic","count":182,"tested":709,"deaths":0,"color":"rgb(214,39,40)"},{"description":"Left Blank","count":1119,"tested":90495,"deaths":0,"color":"rgb(44,160,44)"},{"description":"NH/PI*","count":6,"tested":68,"deaths":0,"color":"rgb(127,127,127)"},{"description":"Other","count":136,"tested":1898,"deaths":0,"color":"rgb(148,103,189)"},{"description":"White","count":6353,"tested":43049,"deaths":0,"color":"rgb(31,119,180)"}],"gender":[{"description":"Female","count":5223,"tested":85434,"deaths":0,"color":"rgb(255,127,14)"},{"description":"Male","count":4225,"tested":49012,"deaths":0,"color":"rgb(31,119,180)"},{"description":"Unknown/Left Blank","count":72,"tested":12547,"deaths":0,"color":"rgb(44,160,44)"}]}}]}
