{"lastUpdatedDate":{"year":2021,"month":2,"day":19},"county_demographics":[{"County":"Henry","confirmed_cases":4292,"total_tested":55772,"demographics":{"age":[{"race":[],"age_group":"<20","count":641,"tested":6358,"deaths":0},{"race":[],"age_group":"20-29   ","count":594,"tested":7667,"deaths":0},{"race":[],"age_group":"30-39   ","count":608,"tested":8237,"deaths":0},{"race":[],"age_group":"40-49   ","count":650,"tested":8067,"deaths":0},{"race":[],"age_group":"50-59   ","count":681,"tested":9074,"deaths":0},{"race":[],"age_group":"60-69   ","count":538,"tested":6965,"deaths":0},{"race":[],"age_group":"70-79   ","count":290,"tested":4135,"deaths":0},{"race":[],"age_group":"80+","count":284,"tested":5109,"deaths":0},{"race":[],"age_group":"Unknown","count":0,"tested":160,"deaths":0}],"race":[{"description":"AI/AN**","count":0,"tested":12,"deaths":0,"color":"rgb(31,119,180)"},{"description":"Asian","count":0,"tested":49,"deaths":0,"color":"rgb(140,86,75)"},{"description":"Black","count":59,"tested":567,"deaths":0,"color":"rgb(255,127,14)"},{"description":"Hispanic","count":186,"tested":936,"deaths":0,"color":"rgb(214,39,40)"},{"description":"Left Blank","count":1345,"tested":31379,"deaths":0,"color":"rgb(44,160,44)"},{"description":"NH/PI*","count":0,"tested":14,"deaths":0,"color":"rgb(127,127,127)"},{"description":"Other","count":93,"tested":727,"deaths":0,"color":"rgb(148,103,189)"},{"description":"White","count":2601,"tested":22088,"deaths":0,"color":"rgb(31,119,180)"}],"gender":[{"description":"Female","count":2357,"tested":33281,"deaths":0,"color":"rgb(255,127,14)"},{"description":"Male","count":1897,"tested":18429,"deaths":0,"color":"rgb(31,119,180)"},{"description":"Unknown/Left Blank","count":33,"tested":4062,"deaths":0,"color":"rgb(44,160,44)"}]}}]}
