{"lastUpdatedDate":{"year":2021,"month":2,"day":19},"county_demographics":[{"County":"Kendall","confirmed_cases":10868,"total_tested":106181,"demographics":{"age":[{"race":[],"age_group":"<20","count":1921,"tested":17791,"deaths":0},{"race":[],"age_group":"20-29   ","count":1910,"tested":17704,"deaths":0},{"race":[],"age_group":"30-39   ","count":1968,"tested":18317,"deaths":0},{"race":[],"age_group":"40-49   ","count":2094,"tested":18134,"deaths":0},{"race":[],"age_group":"50-59   ","count":1566,"tested":14972,"deaths":0},{"race":[],"age_group":"60-69   ","count":786,"tested":9437,"deaths":0},{"race":[],"age_group":"70-79   ","count":398,"tested":5553,"deaths":0},{"race":[],"age_group":"80+","count":223,"tested":4245,"deaths":0},{"race":[],"age_group":"Unknown","count":0,"tested":28,"deaths":0}],"race":[{"description":"AI/AN**","count":11,"tested":86,"deaths":0,"color":"rgb(31,119,180)"},{"description":"Asian","count":167,"tested":1847,"deaths":0,"color":"rgb(140,86,75)"},{"description":"Black","count":621,"tested":5525,"deaths":0,"color":"rgb(255,127,14)"},{"description":"Hispanic","count":2389,"tested":11724,"deaths":0,"color":"rgb(214,39,40)"},{"description":"Left Blank","count":2931,"tested":42836,"deaths":0,"color":"rgb(44,160,44)"},{"description":"NH/PI*","count":0,"tested":59,"deaths":0,"color":"rgb(127,127,127)"},{"description":"Other","count":303,"tested":3522,"deaths":0,"color":"rgb(148,103,189)"},{"description":"White","count":4440,"tested":40582,"deaths":0,"color":"rgb(31,119,180)"}],"gender":[{"description":"Female","count":5697,"tested":60654,"deaths":0,"color":"rgb(255,127,14)"},{"description":"Male","count":5130,"tested":43423,"deaths":0,"color":"rgb(31,119,180)"},{"description":"Unknown/Left Blank","count":41,"tested":2104,"deaths":0,"color":"rgb(44,160,44)"}]}}]}
