{"lastUpdatedDate":{"year":2021,"month":2,"day":19},"county_demographics":[{"County":"Stephenson","confirmed_cases":4032,"total_tested":45436,"demographics":{"age":[{"race":[],"age_group":"<20","count":604,"tested":5631,"deaths":0},{"race":[],"age_group":"20-29   ","count":579,"tested":6329,"deaths":0},{"race":[],"age_group":"30-39   ","count":595,"tested":5937,"deaths":0},{"race":[],"age_group":"40-49   ","count":509,"tested":4753,"deaths":0},{"race":[],"age_group":"50-59   ","count":657,"tested":6612,"deaths":0},{"race":[],"age_group":"60-69   ","count":533,"tested":5840,"deaths":0},{"race":[],"age_group":"70-79   ","count":281,"tested":3936,"deaths":0},{"race":[],"age_group":"80+","count":274,"tested":6381,"deaths":0},{"race":[],"age_group":"Unknown","count":0,"tested":17,"deaths":0}],"race":[{"description":"AI/AN**","count":0,"tested":18,"deaths":0,"color":"rgb(31,119,180)"},{"description":"Asian","count":19,"tested":131,"deaths":0,"color":"rgb(140,86,75)"},{"description":"Black","count":232,"tested":2047,"deaths":0,"color":"rgb(255,127,14)"},{"description":"Hispanic","count":135,"tested":612,"deaths":0,"color":"rgb(214,39,40)"},{"description":"Left Blank","count":904,"tested":18925,"deaths":0,"color":"rgb(44,160,44)"},{"description":"NH/PI*","count":0,"tested":12,"deaths":0,"color":"rgb(127,127,127)"},{"description":"Other","count":44,"tested":625,"deaths":0,"color":"rgb(148,103,189)"},{"description":"White","count":2685,"tested":23066,"deaths":0,"color":"rgb(31,119,180)"}],"gender":[{"description":"Female","count":2205,"tested":29456,"deaths":0,"color":"rgb(255,127,14)"},{"description":"Male","count":1784,"tested":15018,"deaths":0,"color":"rgb(31,119,180)"},{"description":"Unknown/Left Blank","count":39,"tested":962,"deaths":0,"color":"rgb(44,160,44)"}]}}]}
