{"lastUpdatedDate":{"year":2021,"month":2,"day":19},"county_demographics":[{"County":"Williamson","confirmed_cases":6731,"total_tested":82698,"demographics":{"age":[{"race":[],"age_group":"<20","count":1065,"tested":9299,"deaths":0},{"race":[],"age_group":"20-29   ","count":1033,"tested":11425,"deaths":0},{"race":[],"age_group":"30-39   ","count":1073,"tested":12880,"deaths":0},{"race":[],"age_group":"40-49   ","count":1022,"tested":11904,"deaths":0},{"race":[],"age_group":"50-59   ","count":937,"tested":12362,"deaths":0},{"race":[],"age_group":"60-69   ","count":721,"tested":9684,"deaths":0},{"race":[],"age_group":"70-79   ","count":530,"tested":8045,"deaths":0},{"race":[],"age_group":"80+","count":349,"tested":7069,"deaths":0},{"race":[],"age_group":"Unknown","count":0,"tested":30,"deaths":0}],"race":[{"description":"AI/AN**","count":0,"tested":26,"deaths":0,"color":"rgb(31,119,180)"},{"description":"Asian","count":17,"tested":252,"deaths":0,"color":"rgb(140,86,75)"},{"description":"Black","count":220,"tested":2321,"deaths":0,"color":"rgb(255,127,14)"},{"description":"Hispanic","count":77,"tested":675,"deaths":0,"color":"rgb(214,39,40)"},{"description":"Left Blank","count":1290,"tested":32409,"deaths":0,"color":"rgb(44,160,44)"},{"description":"NH/PI*","count":0,"tested":40,"deaths":0,"color":"rgb(127,127,127)"},{"description":"Other","count":58,"tested":973,"deaths":0,"color":"rgb(148,103,189)"},{"description":"White","count":5063,"tested":46002,"deaths":0,"color":"rgb(31,119,180)"}],"gender":[{"description":"Female","count":3454,"tested":44789,"deaths":0,"color":"rgb(255,127,14)"},{"description":"Male","count":2928,"tested":30692,"deaths":0,"color":"rgb(31,119,180)"},{"description":"Unknown/Left Blank","count":349,"tested":7217,"deaths":0,"color":"rgb(44,160,44)"}]}}]}
