{"lastUpdatedDate":{"year":2021,"month":2,"day":19},"county_demographics":[{"County":"Monroe","confirmed_cases":4011,"total_tested":35110,"demographics":{"age":[{"race":[],"age_group":"<20","count":644,"tested":4844,"deaths":0},{"race":[],"age_group":"20-29   ","count":529,"tested":4225,"deaths":0},{"race":[],"age_group":"30-39   ","count":567,"tested":4472,"deaths":0},{"race":[],"age_group":"40-49   ","count":602,"tested":4020,"deaths":0},{"race":[],"age_group":"50-59   ","count":693,"tested":4889,"deaths":0},{"race":[],"age_group":"60-69   ","count":500,"tested":4155,"deaths":0},{"race":[],"age_group":"70-79   ","count":225,"tested":2376,"deaths":0},{"race":[],"age_group":"80+","count":248,"tested":6101,"deaths":0},{"race":[],"age_group":"Unknown","count":0,"tested":28,"deaths":0}],"race":[{"description":"AI/AN**","count":0,"tested":8,"deaths":0,"color":"rgb(31,119,180)"},{"description":"Asian","count":0,"tested":68,"deaths":0,"color":"rgb(140,86,75)"},{"description":"Black","count":10,"tested":503,"deaths":0,"color":"rgb(255,127,14)"},{"description":"Hispanic","count":23,"tested":228,"deaths":0,"color":"rgb(214,39,40)"},{"description":"Left Blank","count":2165,"tested":15886,"deaths":0,"color":"rgb(44,160,44)"},{"description":"NH/PI*","count":0,"tested":0,"deaths":0,"color":"rgb(127,127,127)"},{"description":"Other","count":22,"tested":240,"deaths":0,"color":"rgb(148,103,189)"},{"description":"White","count":1785,"tested":18176,"deaths":0,"color":"rgb(31,119,180)"}],"gender":[{"description":"Female","count":2131,"tested":23024,"deaths":0,"color":"rgb(255,127,14)"},{"description":"Male","count":1838,"tested":11671,"deaths":0,"color":"rgb(31,119,180)"},{"description":"Unknown/Left Blank","count":40,"tested":415,"deaths":0,"color":"rgb(44,160,44)"}]}}]}
