{"lastUpdatedDate":{"year":2021,"month":2,"day":19},"county_demographics":[{"County":"Carroll","confirmed_cases":1553,"total_tested":17075,"demographics":{"age":[{"race":[],"age_group":"<20","count":183,"tested":1535,"deaths":0},{"race":[],"age_group":"20-29   ","count":183,"tested":2123,"deaths":0},{"race":[],"age_group":"30-39   ","count":317,"tested":3194,"deaths":0},{"race":[],"age_group":"40-49   ","count":238,"tested":2441,"deaths":0},{"race":[],"age_group":"50-59   ","count":222,"tested":2270,"deaths":0},{"race":[],"age_group":"60-69   ","count":173,"tested":2068,"deaths":0},{"race":[],"age_group":"70-79   ","count":117,"tested":1252,"deaths":0},{"race":[],"age_group":"80+","count":107,"tested":2190,"deaths":0},{"race":[],"age_group":"Unknown","count":0,"tested":0,"deaths":0}],"race":[{"description":"AI/AN**","count":7,"tested":8,"deaths":0,"color":"rgb(31,119,180)"},{"description":"Asian","count":0,"tested":69,"deaths":0,"color":"rgb(140,86,75)"},{"description":"Black","count":88,"tested":98,"deaths":0,"color":"rgb(255,127,14)"},{"description":"Hispanic","count":28,"tested":75,"deaths":0,"color":"rgb(214,39,40)"},{"description":"Left Blank","count":595,"tested":10733,"deaths":0,"color":"rgb(44,160,44)"},{"description":"NH/PI*","count":0,"tested":0,"deaths":0,"color":"rgb(127,127,127)"},{"description":"Other","count":14,"tested":127,"deaths":0,"color":"rgb(148,103,189)"},{"description":"White","count":812,"tested":5963,"deaths":0,"color":"rgb(31,119,180)"}],"gender":[{"description":"Female","count":702,"tested":8792,"deaths":0,"color":"rgb(255,127,14)"},{"description":"Male","count":843,"tested":7943,"deaths":0,"color":"rgb(31,119,180)"},{"description":"Unknown/Left Blank","count":7,"tested":340,"deaths":0,"color":"rgb(44,160,44)"}]}}]}
