{"age":[{"age_group":"<20","count":198,"tested":1171},{"age_group":"20-29   ","count":306,"tested":2499},{"age_group":"30-39   ","count":235,"tested":2450},{"age_group":"40-49   ","count":211,"tested":2476},{"age_group":"50-59   ","count":241,"tested":2976},{"age_group":"60-69   ","count":211,"tested":2763},{"age_group":"70-79   ","count":113,"tested":1835},{"age_group":"80+","count":85,"tested":1136}],"race":[{"description":"Black","count":56,"tested":1541,"color":"rgb(255,127,14)"},{"description":"Asian","count":27,"tested":228,"color":"rgb(140,86,75)"},{"description":"White","count":530,"tested":5164,"color":"rgb(31,119,180)"},{"description":"Hispanic","count":249,"tested":1285,"color":"rgb(214,39,40)"},{"description":"Other","count":129,"tested":761,"color":"rgb(148,103,189)"},{"description":"Left Blank","count":604,"tested":8324,"color":"rgb(44,160,44)"}],"gender":[{"description":"Male","count":748,"tested":7948,"color":"rgb(31,119,180)"},{"description":"Unknown/Left Blank","count":11,"tested":150,"color":"rgb(44,160,44)"},{"description":"Female","count":841,"tested":9234,"color":"rgb(255,127,14)"}]}
