{"age":[{"age_group":"<20","count":154,"tested":1368},{"age_group":"20-29   ","count":129,"tested":1124},{"age_group":"30-39   ","count":116,"tested":1391},{"age_group":"40-49   ","count":129,"tested":1169},{"age_group":"50-59   ","count":125,"tested":1368},{"age_group":"60-69   ","count":86,"tested":836},{"age_group":"70-79   ","count":63,"tested":845},{"age_group":"80+","count":59,"tested":951}],"race":[{"description":"White","count":444,"tested":3040,"color":"rgb(31,119,180)"},{"description":"Left Blank","count":384,"tested":5737,"color":"rgb(44,160,44)"},{"description":"Hispanic","count":26,"tested":118,"color":"rgb(214,39,40)"}],"gender":[{"description":"Female","count":454,"tested":4203,"color":"rgb(255,127,14)"},{"description":"Male","count":380,"tested":2646,"color":"rgb(31,119,180)"},{"description":"Unknown/Left Blank","count":35,"tested":2211,"color":"rgb(44,160,44)"}]}
