{"age":[{"age_group":"<20","count":457,"tested":3831},{"age_group":"20-29   ","count":439,"tested":4544},{"age_group":"30-39   ","count":371,"tested":3483},{"age_group":"40-49   ","count":371,"tested":3690},{"age_group":"50-59   ","count":478,"tested":4495},{"age_group":"60-69   ","count":234,"tested":2953},{"age_group":"70-79   ","count":110,"tested":1515},{"age_group":"80+","count":75,"tested":1934}],"race":[{"description":"Left Blank","count":797,"tested":9377,"color":"rgb(44,160,44)"},{"description":"Other","count":166,"tested":1187,"color":"rgb(148,103,189)"},{"description":"Hispanic","count":296,"tested":1678,"color":"rgb(214,39,40)"},{"description":"White","count":1165,"tested":12616,"color":"rgb(31,119,180)"},{"description":"Asian","count":48,"tested":648,"color":"rgb(140,86,75)"},{"description":"Black","count":52,"tested":816,"color":"rgb(255,127,14)"},{"description":"NH/PI*","count":6,"tested":93,"color":"rgb(127,127,127)"}],"gender":[{"description":"Female","count":1249,"tested":15196,"color":"rgb(255,127,14)"},{"description":"Male","count":1270,"tested":11003,"color":"rgb(31,119,180)"},{"description":"Unknown/Left Blank","count":16,"tested":257,"color":"rgb(44,160,44)"}]}
