{"age":[{"age_group":"<20","count":499,"tested":3835},{"age_group":"20-29   ","count":635,"tested":6095},{"age_group":"30-39   ","count":589,"tested":5426},{"age_group":"40-49   ","count":480,"tested":3983},{"age_group":"50-59   ","count":472,"tested":5131},{"age_group":"60-69   ","count":318,"tested":3919},{"age_group":"70-79   ","count":103,"tested":1656},{"age_group":"80+","count":76,"tested":1002}],"race":[{"description":"Other","count":133,"tested":916,"color":"rgb(148,103,189)"},{"description":"Black","count":77,"tested":784,"color":"rgb(255,127,14)"},{"description":"Asian","count":121,"tested":1369,"color":"rgb(140,86,75)"},{"description":"White","count":1012,"tested":10718,"color":"rgb(31,119,180)"},{"description":"Hispanic","count":1040,"tested":4928,"color":"rgb(214,39,40)"},{"description":"Left Blank","count":785,"tested":12279,"color":"rgb(44,160,44)"}],"gender":[{"description":"Female","count":1613,"tested":17444,"color":"rgb(255,127,14)"},{"description":"Male","count":1541,"tested":13239,"color":"rgb(31,119,180)"},{"description":"Unknown/Left Blank","count":18,"tested":366,"color":"rgb(44,160,44)"}]}
