{"age":[{"age_group":"<20","count":17,"tested":221},{"age_group":"20-29   ","count":41,"tested":342},{"age_group":"30-39   ","count":23,"tested":205},{"age_group":"40-49   ","count":27,"tested":244},{"age_group":"50-59   ","count":34,"tested":266},{"age_group":"60-69   ","count":15,"tested":199},{"age_group":"70-79   ","count":11,"tested":100}],"race":[{"description":"Left Blank","count":36,"tested":419,"color":"rgb(44,160,44)"},{"description":"White","count":116,"tested":1047,"color":"rgb(31,119,180)"},{"description":"Other","count":12,"tested":79,"color":"rgb(148,103,189)"}],"gender":[{"description":"Male","count":90,"tested":716,"color":"rgb(31,119,180)"},{"description":"Female","count":83,"tested":865,"color":"rgb(255,127,14)"}]}
