{"age":[{"age_group":"<20","count":184,"tested":1649},{"age_group":"20-29   ","count":169,"tested":1392},{"age_group":"30-39   ","count":158,"tested":1328},{"age_group":"40-49   ","count":182,"tested":1437},{"age_group":"50-59   ","count":217,"tested":1404},{"age_group":"60-69   ","count":186,"tested":1271},{"age_group":"70-79   ","count":112,"tested":619},{"age_group":"80+","count":48,"tested":295}],"race":[{"description":"Left Blank","count":176,"tested":2349,"color":"rgb(44,160,44)"},{"description":"Hispanic","count":100,"tested":485,"color":"rgb(214,39,40)"},{"description":"White","count":881,"tested":5746,"color":"rgb(31,119,180)"},{"description":"Black","count":35,"tested":454,"color":"rgb(255,127,14)"},{"description":"Other","count":63,"tested":340,"color":"rgb(148,103,189)"}],"gender":[{"description":"Female","count":678,"tested":5404,"color":"rgb(255,127,14)"},{"description":"Male","count":574,"tested":3618,"color":"rgb(31,119,180)"},{"description":"Unknown/Left Blank","count":8,"tested":374,"color":"rgb(44,160,44)"}]}
