{"age":[{"age_group":"<20","count":127,"tested":1239},{"age_group":"20-29   ","count":178,"tested":1780},{"age_group":"30-39   ","count":161,"tested":1671},{"age_group":"40-49   ","count":139,"tested":1449},{"age_group":"50-59   ","count":143,"tested":1850},{"age_group":"60-69   ","count":128,"tested":1731},{"age_group":"70-79   ","count":71,"tested":1051},{"age_group":"80+","count":55,"tested":583}],"race":[{"description":"Hispanic","count":136,"tested":619,"color":"rgb(214,39,40)"},{"description":"Left Blank","count":218,"tested":6474,"color":"rgb(44,160,44)"},{"description":"White","count":554,"tested":3497,"color":"rgb(31,119,180)"},{"description":"Other","count":37,"tested":231,"color":"rgb(148,103,189)"},{"description":"Asian","count":44,"tested":416,"color":"rgb(140,86,75)"},{"description":"Black","count":11,"tested":114,"color":"rgb(255,127,14)"}],"gender":[{"description":"Female","count":505,"tested":6448,"color":"rgb(255,127,14)"},{"description":"Male","count":495,"tested":4659,"color":"rgb(31,119,180)"}]}
