{"age":[{"age_group":"<20","count":577,"tested":3328},{"age_group":"20-29   ","count":670,"tested":5554},{"age_group":"30-39   ","count":628,"tested":4871},{"age_group":"40-49   ","count":606,"tested":4643},{"age_group":"50-59   ","count":495,"tested":4253},{"age_group":"60-69   ","count":359,"tested":3195},{"age_group":"70-79   ","count":153,"tested":1687},{"age_group":"80+","count":35,"tested":777}],"race":[{"description":"AI/AN**","count":6,"tested":13,"color":"rgb(31,119,180)"},{"description":"Other","count":143,"tested":1224,"color":"rgb(148,103,189)"},{"description":"Left Blank","count":866,"tested":14658,"color":"rgb(44,160,44)"},{"description":"Black","count":111,"tested":1038,"color":"rgb(255,127,14)"},{"description":"White","count":663,"tested":4754,"color":"rgb(31,119,180)"},{"description":"Hispanic","count":1255,"tested":3678,"color":"rgb(214,39,40)"},{"description":"Asian","count":477,"tested":2874,"color":"rgb(140,86,75)"}],"gender":[{"description":"Male","count":1698,"tested":12214,"color":"rgb(31,119,180)"},{"description":"Unknown/Left Blank","count":12,"tested":300,"color":"rgb(44,160,44)"},{"description":"Female","count":1813,"tested":15810,"color":"rgb(255,127,14)"}]}
