{"age":[{"age_group":"<20","count":227,"tested":1619},{"age_group":"20-29   ","count":261,"tested":1888},{"age_group":"30-39   ","count":234,"tested":1756},{"age_group":"40-49   ","count":239,"tested":1463},{"age_group":"50-59   ","count":182,"tested":1344},{"age_group":"60-69   ","count":110,"tested":1254},{"age_group":"70-79   ","count":72,"tested":814},{"age_group":"80+","count":46,"tested":530}],"race":[{"description":"White","count":411,"tested":4990,"color":"rgb(31,119,180)"},{"description":"Hispanic","count":706,"tested":2912,"color":"rgb(214,39,40)"},{"description":"Other","count":15,"tested":127,"color":"rgb(148,103,189)"},{"description":"Left Blank","count":232,"tested":2550,"color":"rgb(44,160,44)"}],"gender":[{"description":"Male","count":650,"tested":4311,"color":"rgb(31,119,180)"},{"description":"Female","count":718,"tested":6301,"color":"rgb(255,127,14)"}]}
