{"age":[{"age_group":"<20","count":242,"tested":2590},{"age_group":"20-29   ","count":324,"tested":3822},{"age_group":"30-39   ","count":243,"tested":3104},{"age_group":"40-49   ","count":274,"tested":3413},{"age_group":"50-59   ","count":370,"tested":4307},{"age_group":"60-69   ","count":242,"tested":3622},{"age_group":"70-79   ","count":129,"tested":2310},{"age_group":"80+","count":120,"tested":4173}],"race":[{"description":"Other","count":60,"tested":642,"color":"rgb(148,103,189)"},{"description":"Black","count":15,"tested":211,"color":"rgb(255,127,14)"},{"description":"Asian","count":17,"tested":175,"color":"rgb(140,86,75)"},{"description":"White","count":1014,"tested":9201,"color":"rgb(31,119,180)"},{"description":"Left Blank","count":777,"tested":16669,"color":"rgb(44,160,44)"},{"description":"Hispanic","count":60,"tested":434,"color":"rgb(214,39,40)"}],"gender":[{"description":"Unknown/Left Blank","count":12,"tested":827,"color":"rgb(44,160,44)"},{"description":"Female","count":1036,"tested":16957,"color":"rgb(255,127,14)"},{"description":"Male","count":897,"tested":9569,"color":"rgb(31,119,180)"}]}
