{"age":[{"age_group":"<20","count":13,"tested":87},{"age_group":"20-29   ","count":15,"tested":121},{"age_group":"30-39   ","count":11,"tested":122},{"age_group":"40-49   ","count":13,"tested":101},{"age_group":"50-59   ","count":15,"tested":103},{"age_group":"60-69   ","count":15,"tested":71}],"race":[{"description":"Left Blank","count":43,"tested":315,"color":"rgb(44,160,44)"},{"description":"White","count":46,"tested":347,"color":"rgb(31,119,180)"}],"gender":[{"description":"Female","count":45,"tested":389,"color":"rgb(255,127,14)"},{"description":"Male","count":46,"tested":287,"color":"rgb(31,119,180)"}]}
