{"age":[{"age_group":"<20","count":39,"tested":335},{"age_group":"20-29   ","count":31,"tested":365},{"age_group":"30-39   ","count":41,"tested":332},{"age_group":"40-49   ","count":32,"tested":287},{"age_group":"50-59   ","count":61,"tested":321},{"age_group":"60-69   ","count":25,"tested":259},{"age_group":"70-79   ","count":14,"tested":98},{"age_group":"80+","count":11,"tested":68}],"race":[{"description":"Left Blank","count":112,"tested":868,"color":"rgb(44,160,44)"},{"description":"White","count":136,"tested":1145,"color":"rgb(31,119,180)"}],"gender":[{"description":"Female","count":139,"tested":1221,"color":"rgb(255,127,14)"},{"description":"Male","count":115,"tested":807,"color":"rgb(31,119,180)"}]}
