{"age":[{"age_group":"<20","count":30,"tested":282},{"age_group":"20-29   ","count":33,"tested":533},{"age_group":"30-39   ","count":26,"tested":451},{"age_group":"40-49   ","count":39,"tested":515},{"age_group":"50-59   ","count":53,"tested":758},{"age_group":"60-69   ","count":48,"tested":767},{"age_group":"70-79   ","count":34,"tested":592},{"age_group":"80+","count":23,"tested":331}],"race":[{"description":"Left Blank","count":89,"tested":1791,"color":"rgb(44,160,44)"},{"description":"Other","count":10,"tested":95,"color":"rgb(148,103,189)"},{"description":"White","count":29,"tested":391,"color":"rgb(31,119,180)"},{"description":"Black","count":155,"tested":1896,"color":"rgb(255,127,14)"}],"gender":[{"description":"Female","count":158,"tested":2497,"color":"rgb(255,127,14)"},{"description":"Male","count":124,"tested":1678,"color":"rgb(31,119,180)"}]}
