{"age":[{"age_group":"<20","count":1155,"tested":6827},{"age_group":"20-29   ","count":1482,"tested":11292},{"age_group":"30-39   ","count":1402,"tested":11112},{"age_group":"40-49   ","count":1441,"tested":10035},{"age_group":"50-59   ","count":1124,"tested":8799},{"age_group":"60-69   ","count":659,"tested":6660},{"age_group":"70-79   ","count":322,"tested":3730},{"age_group":"80+","count":144,"tested":1915}],"race":[{"description":"Hispanic","count":3512,"tested":16157,"color":"rgb(214,39,40)"},{"description":"Left Blank","count":1992,"tested":22573,"color":"rgb(44,160,44)"},{"description":"Other","count":613,"tested":4935,"color":"rgb(148,103,189)"},{"description":"White","count":1219,"tested":13285,"color":"rgb(31,119,180)"},{"description":"Black","count":325,"tested":2696,"color":"rgb(255,127,14)"},{"description":"Asian","count":66,"tested":680,"color":"rgb(140,86,75)"}],"gender":[{"description":"Male","count":3606,"tested":25561,"color":"rgb(31,119,180)"},{"description":"Female","count":4070,"tested":33464,"color":"rgb(255,127,14)"},{"description":"Unknown/Left Blank","count":55,"tested":1366,"color":"rgb(44,160,44)"}]}
