{"age":[{"age_group":"<20","count":400,"tested":4494},{"age_group":"20-29   ","count":602,"tested":8131},{"age_group":"30-39   ","count":607,"tested":7681},{"age_group":"40-49   ","count":642,"tested":7809},{"age_group":"50-59   ","count":635,"tested":9846},{"age_group":"60-69   ","count":464,"tested":9393},{"age_group":"70-79   ","count":233,"tested":4286},{"age_group":"80+","count":168,"tested":2275}],"race":[{"description":"Other","count":75,"tested":639,"color":"rgb(148,103,189)"},{"description":"Left Blank","count":857,"tested":19668,"color":"rgb(44,160,44)"},{"description":"Asian","count":6,"tested":66,"color":"rgb(140,86,75)"},{"description":"Black","count":2688,"tested":32289,"color":"rgb(255,127,14)"},{"description":"Hispanic","count":73,"tested":540,"color":"rgb(214,39,40)"},{"description":"White","count":45,"tested":598,"color":"rgb(31,119,180)"}],"gender":[{"description":"Male","count":1497,"tested":21264,"color":"rgb(31,119,180)"},{"description":"Unknown/Left Blank","count":23,"tested":884,"color":"rgb(44,160,44)"},{"description":"Female","count":2232,"tested":31792,"color":"rgb(255,127,14)"}]}
