{"age":[{"age_group":"<20","count":446,"tested":4999},{"age_group":"20-29   ","count":442,"tested":5905},{"age_group":"30-39   ","count":320,"tested":6161},{"age_group":"40-49   ","count":422,"tested":5988},{"age_group":"50-59   ","count":446,"tested":6978},{"age_group":"60-69   ","count":346,"tested":5869},{"age_group":"70-79   ","count":168,"tested":3447},{"age_group":"80+","count":238,"tested":4555}],"race":[{"description":"Other","count":136,"tested":1302,"color":"rgb(148,103,189)"},{"description":"Left Blank","count":950,"tested":24156,"color":"rgb(44,160,44)"},{"description":"Black","count":16,"tested":200,"color":"rgb(255,127,14)"},{"description":"Asian","count":73,"tested":875,"color":"rgb(140,86,75)"},{"description":"White","count":1518,"tested":16207,"color":"rgb(31,119,180)"},{"description":"Hispanic","count":126,"tested":1120,"color":"rgb(214,39,40)"},{"description":"NH/PI*","count":6,"tested":45,"color":"rgb(127,127,127)"}],"gender":[{"description":"Male","count":1327,"tested":17877,"color":"rgb(31,119,180)"},{"description":"Unknown/Left Blank","count":28,"tested":562,"color":"rgb(44,160,44)"},{"description":"Female","count":1473,"tested":25481,"color":"rgb(255,127,14)"}]}
