{"age":[{"age_group":"<20","count":65,"tested":676},{"age_group":"20-29   ","count":92,"tested":806},{"age_group":"30-39   ","count":70,"tested":625},{"age_group":"40-49   ","count":96,"tested":610},{"age_group":"50-59   ","count":103,"tested":851},{"age_group":"60-69   ","count":43,"tested":609},{"age_group":"70-79   ","count":30,"tested":306},{"age_group":"80+","count":6,"tested":138}],"race":[{"description":"Other","count":22,"tested":135,"color":"rgb(148,103,189)"},{"description":"Left Blank","count":120,"tested":1133,"color":"rgb(44,160,44)"},{"description":"Hispanic","count":25,"tested":160,"color":"rgb(214,39,40)"},{"description":"White","count":336,"tested":3115,"color":"rgb(31,119,180)"}],"gender":[{"description":"Female","count":245,"tested":2568,"color":"rgb(255,127,14)"},{"description":"Male","count":260,"tested":1988,"color":"rgb(31,119,180)"}]}
