{"age":[{"age_group":"<20","count":199,"tested":1690},{"age_group":"20-29   ","count":197,"tested":2068},{"age_group":"30-39   ","count":196,"tested":2501},{"age_group":"40-49   ","count":220,"tested":2397},{"age_group":"50-59   ","count":200,"tested":2461},{"age_group":"60-69   ","count":134,"tested":2041},{"age_group":"70-79   ","count":74,"tested":1155},{"age_group":"80+","count":50,"tested":1190}],"race":[{"description":"Asian","count":26,"tested":270,"color":"rgb(140,86,75)"},{"description":"Black","count":6,"tested":95,"color":"rgb(255,127,14)"},{"description":"Other","count":27,"tested":274,"color":"rgb(148,103,189)"},{"description":"Hispanic","count":249,"tested":1221,"color":"rgb(214,39,40)"},{"description":"Left Blank","count":447,"tested":7718,"color":"rgb(44,160,44)"},{"description":"White","count":514,"tested":5894,"color":"rgb(31,119,180)"}],"gender":[{"description":"Female","count":650,"tested":9012,"color":"rgb(255,127,14)"},{"description":"Male","count":609,"tested":6255,"color":"rgb(31,119,180)"}]}
