{"age":[{"age_group":"<20","count":29,"tested":336},{"age_group":"20-29   ","count":22,"tested":239},{"age_group":"30-39   ","count":20,"tested":230},{"age_group":"40-49   ","count":31,"tested":203},{"age_group":"50-59   ","count":40,"tested":334},{"age_group":"60-69   ","count":30,"tested":272},{"age_group":"70-79   ","count":19,"tested":157},{"age_group":"80+","count":43,"tested":139}],"race":[{"description":"White","count":201,"tested":1148,"color":"rgb(31,119,180)"},{"description":"Left Blank","count":20,"tested":677,"color":"rgb(44,160,44)"},{"description":"Hispanic","count":7,"tested":33,"color":"rgb(214,39,40)"}],"gender":[{"description":"Male","count":100,"tested":741,"color":"rgb(31,119,180)"},{"description":"Female","count":134,"tested":1148,"color":"rgb(255,127,14)"}]}
