{"age":[{"age_group":"<20","count":40,"tested":310},{"age_group":"20-29   ","count":38,"tested":417},{"age_group":"30-39   ","count":23,"tested":361},{"age_group":"40-49   ","count":35,"tested":282},{"age_group":"50-59   ","count":50,"tested":449},{"age_group":"60-69   ","count":24,"tested":334},{"age_group":"70-79   ","count":16,"tested":224}],"race":[{"description":"Left Blank","count":43,"tested":600,"color":"rgb(44,160,44)"},{"description":"White","count":164,"tested":1704,"color":"rgb(31,119,180)"},{"description":"Hispanic","count":10,"tested":46,"color":"rgb(214,39,40)"},{"description":"Black","count":9,"tested":73,"color":"rgb(255,127,14)"}],"gender":[{"description":"Male","count":103,"tested":836,"color":"rgb(31,119,180)"},{"description":"Female","count":126,"tested":1624,"color":"rgb(255,127,14)"}]}
