{"age":[{"age_group":"<20","count":69,"tested":454},{"age_group":"20-29   ","count":84,"tested":674},{"age_group":"30-39   ","count":88,"tested":684},{"age_group":"40-49   ","count":64,"tested":525},{"age_group":"50-59   ","count":104,"tested":822},{"age_group":"60-69   ","count":51,"tested":635},{"age_group":"70-79   ","count":33,"tested":286},{"age_group":"80+","count":13,"tested":124}],"race":[{"description":"Hispanic","count":65,"tested":451,"color":"rgb(214,39,40)"},{"description":"Left Blank","count":143,"tested":1415,"color":"rgb(44,160,44)"},{"description":"White","count":239,"tested":1890,"color":"rgb(31,119,180)"},{"description":"Other","count":21,"tested":191,"color":"rgb(148,103,189)"},{"description":"Black","count":27,"tested":166,"color":"rgb(255,127,14)"},{"description":"Asian","count":10,"tested":83,"color":"rgb(140,86,75)"}],"gender":[{"description":"Male","count":231,"tested":1708,"color":"rgb(31,119,180)"},{"description":"Female","count":262,"tested":2449,"color":"rgb(255,127,14)"}]}
