{"age":[{"age_group":"<20","count":175,"tested":1278},{"age_group":"20-29   ","count":162,"tested":1256},{"age_group":"30-39   ","count":196,"tested":1591},{"age_group":"40-49   ","count":183,"tested":1314},{"age_group":"50-59   ","count":134,"tested":1174},{"age_group":"60-69   ","count":81,"tested":806},{"age_group":"70-79   ","count":35,"tested":433},{"age_group":"80+","count":7,"tested":145}],"race":[{"description":"Left Blank","count":370,"tested":3583,"color":"rgb(44,160,44)"},{"description":"Other","count":27,"tested":186,"color":"rgb(148,103,189)"},{"description":"White","count":511,"tested":3828,"color":"rgb(31,119,180)"},{"description":"Black","count":7,"tested":120,"color":"rgb(255,127,14)"},{"description":"Hispanic","count":55,"tested":244,"color":"rgb(214,39,40)"}],"gender":[{"description":"Male","count":476,"tested":3576,"color":"rgb(31,119,180)"},{"description":"Female","count":491,"tested":4317,"color":"rgb(255,127,14)"}]}
