{"age":[{"age_group":"<20","count":43,"tested":386},{"age_group":"20-29   ","count":35,"tested":465},{"age_group":"30-39   ","count":34,"tested":414},{"age_group":"40-49   ","count":47,"tested":471},{"age_group":"50-59   ","count":50,"tested":578},{"age_group":"60-69   ","count":36,"tested":484},{"age_group":"70-79   ","count":21,"tested":274},{"age_group":"80+","count":6,"tested":228}],"race":[{"description":"White","count":177,"tested":1387,"color":"rgb(31,119,180)"},{"description":"Left Blank","count":89,"tested":1851,"color":"rgb(44,160,44)"}],"gender":[{"description":"Male","count":120,"tested":1214,"color":"rgb(31,119,180)"},{"description":"Female","count":152,"tested":2040,"color":"rgb(255,127,14)"}]}
