{"age":[{"age_group":"<20","count":367,"tested":3852},{"age_group":"20-29   ","count":394,"tested":3929},{"age_group":"30-39   ","count":357,"tested":3146},{"age_group":"40-49   ","count":341,"tested":3051},{"age_group":"50-59   ","count":362,"tested":3883},{"age_group":"60-69   ","count":259,"tested":2954},{"age_group":"70-79   ","count":162,"tested":2301},{"age_group":"80+","count":134,"tested":3278}],"race":[{"description":"Hispanic","count":149,"tested":828,"color":"rgb(214,39,40)"},{"description":"Left Blank","count":539,"tested":7812,"color":"rgb(44,160,44)"},{"description":"Asian","count":11,"tested":121,"color":"rgb(140,86,75)"},{"description":"White","count":1393,"tested":15697,"color":"rgb(31,119,180)"},{"description":"Black","count":25,"tested":331,"color":"rgb(255,127,14)"},{"description":"Other","count":258,"tested":1718,"color":"rgb(148,103,189)"}],"gender":[{"description":"Female","count":1214,"tested":15830,"color":"rgb(255,127,14)"},{"description":"Male","count":1144,"tested":10034,"color":"rgb(31,119,180)"},{"description":"Unknown/Left Blank","count":20,"tested":660,"color":"rgb(44,160,44)"}]}
