{"age":[{"age_group":"<20","count":82,"tested":646},{"age_group":"20-29   ","count":97,"tested":713},{"age_group":"30-39   ","count":59,"tested":662},{"age_group":"40-49   ","count":77,"tested":585},{"age_group":"50-59   ","count":104,"tested":948},{"age_group":"60-69   ","count":79,"tested":771},{"age_group":"70-79   ","count":30,"tested":481},{"age_group":"80+","count":18,"tested":223}],"race":[{"description":"Left Blank","count":53,"tested":2025,"color":"rgb(44,160,44)"},{"description":"Other","count":10,"tested":97,"color":"rgb(148,103,189)"},{"description":"White","count":389,"tested":2517,"color":"rgb(31,119,180)"},{"description":"Hispanic","count":61,"tested":227,"color":"rgb(214,39,40)"},{"description":"Asian","count":12,"tested":55,"color":"rgb(140,86,75)"},{"description":"Black","count":20,"tested":107,"color":"rgb(255,127,14)"}],"gender":[{"description":"Male","count":262,"tested":2123,"color":"rgb(31,119,180)"},{"description":"Female","count":282,"tested":2822,"color":"rgb(255,127,14)"}]}
