{"age":[{"age_group":"<20","count":24,"tested":324},{"age_group":"20-29   ","count":49,"tested":480},{"age_group":"30-39   ","count":32,"tested":365},{"age_group":"40-49   ","count":30,"tested":335},{"age_group":"50-59   ","count":39,"tested":379},{"age_group":"60-69   ","count":16,"tested":291},{"age_group":"70-79   ","count":13,"tested":124},{"age_group":"80+","count":6,"tested":64}],"race":[{"description":"Left Blank","count":36,"tested":595,"color":"rgb(44,160,44)"},{"description":"White","count":148,"tested":1537,"color":"rgb(31,119,180)"},{"description":"Other","count":12,"tested":101,"color":"rgb(148,103,189)"},{"description":"Black","count":6,"tested":66,"color":"rgb(255,127,14)"}],"gender":[{"description":"Male","count":106,"tested":1029,"color":"rgb(31,119,180)"},{"description":"Female","count":103,"tested":1266,"color":"rgb(255,127,14)"}]}
