{"age":[{"age_group":"<20","count":93,"tested":937},{"age_group":"20-29   ","count":130,"tested":1398},{"age_group":"30-39   ","count":97,"tested":1141},{"age_group":"40-49   ","count":131,"tested":1665},{"age_group":"50-59   ","count":142,"tested":1791},{"age_group":"60-69   ","count":135,"tested":1401},{"age_group":"70-79   ","count":49,"tested":725},{"age_group":"80+","count":27,"tested":374}],"race":[{"description":"Other","count":24,"tested":298,"color":"rgb(148,103,189)"},{"description":"Black","count":119,"tested":1301,"color":"rgb(255,127,14)"},{"description":"White","count":368,"tested":4054,"color":"rgb(31,119,180)"},{"description":"Left Blank","count":224,"tested":3122,"color":"rgb(44,160,44)"},{"description":"Hispanic","count":60,"tested":438,"color":"rgb(214,39,40)"}],"gender":[{"description":"Female","count":412,"tested":5525,"color":"rgb(255,127,14)"},{"description":"Male","count":389,"tested":3779,"color":"rgb(31,119,180)"}]}
