{"age":[{"age_group":"<20","count":480,"tested":4344},{"age_group":"20-29   ","count":625,"tested":7555},{"age_group":"30-39   ","count":578,"tested":6993},{"age_group":"40-49   ","count":480,"tested":5646},{"age_group":"50-59   ","count":479,"tested":5560},{"age_group":"60-69   ","count":295,"tested":4403},{"age_group":"70-79   ","count":135,"tested":2084},{"age_group":"80+","count":128,"tested":2446}],"race":[{"description":"Hispanic","count":723,"tested":3630,"color":"rgb(214,39,40)"},{"description":"AI/AN**","count":22,"tested":56,"color":"rgb(31,119,180)"},{"description":"Left Blank","count":1077,"tested":20500,"color":"rgb(44,160,44)"},{"description":"NH/PI*","count":6,"tested":75,"color":"rgb(127,127,127)"},{"description":"Other","count":130,"tested":962,"color":"rgb(148,103,189)"},{"description":"White","count":775,"tested":8615,"color":"rgb(31,119,180)"},{"description":"Asian","count":342,"tested":3974,"color":"rgb(140,86,75)"},{"description":"Black","count":125,"tested":1238,"color":"rgb(255,127,14)"}],"gender":[{"description":"Male","count":1560,"tested":17181,"color":"rgb(31,119,180)"},{"description":"Female","count":1614,"tested":21205,"color":"rgb(255,127,14)"},{"description":"Unknown/Left Blank","count":26,"tested":664,"color":"rgb(44,160,44)"}]}
