{"age":[{"age_group":"<20","count":595,"tested":12473},{"age_group":"20-29   ","count":743,"tested":10264},{"age_group":"30-39   ","count":695,"tested":10031},{"age_group":"40-49   ","count":656,"tested":8554},{"age_group":"50-59   ","count":656,"tested":9046},{"age_group":"60-69   ","count":479,"tested":8439},{"age_group":"70-79   ","count":192,"tested":4366},{"age_group":"80+","count":232,"tested":7753}],"race":[{"description":"Black","count":57,"tested":920,"color":"rgb(255,127,14)"},{"description":"Asian","count":260,"tested":4402,"color":"rgb(140,86,75)"},{"description":"Hispanic","count":1525,"tested":14479,"color":"rgb(214,39,40)"},{"description":"White","count":1215,"tested":15102,"color":"rgb(31,119,180)"},{"description":"Other","count":231,"tested":1965,"color":"rgb(148,103,189)"},{"description":"Left Blank","count":946,"tested":33993,"color":"rgb(44,160,44)"},{"description":"AI/AN**","count":9,"tested":98,"color":"rgb(31,119,180)"}],"gender":[{"description":"Unknown/Left Blank","count":29,"tested":1294,"color":"rgb(44,160,44)"},{"description":"Male","count":2046,"tested":27541,"color":"rgb(31,119,180)"},{"description":"Female","count":2173,"tested":42187,"color":"rgb(255,127,14)"}]}
