{"age":[{"age_group":"<20","count":62,"tested":1814},{"age_group":"20-29   ","count":41,"tested":492},{"age_group":"30-39   ","count":39,"tested":423},{"age_group":"40-49   ","count":32,"tested":303},{"age_group":"50-59   ","count":36,"tested":279},{"age_group":"60-69   ","count":31,"tested":341},{"age_group":"70-79   ","count":13,"tested":168}],"race":[{"description":"Left Blank","count":65,"tested":1403,"color":"rgb(44,160,44)"},{"description":"Hispanic","count":98,"tested":538,"color":"rgb(214,39,40)"},{"description":"Other","count":8,"tested":90,"color":"rgb(148,103,189)"},{"description":"White","count":84,"tested":1697,"color":"rgb(31,119,180)"}],"gender":[{"description":"Male","count":137,"tested":2177,"color":"rgb(31,119,180)"},{"description":"Female","count":105,"tested":1625,"color":"rgb(255,127,14)"}]}
