{"age":[{"age_group":"<20","count":86,"tested":989},{"age_group":"20-29   ","count":105,"tested":1096},{"age_group":"30-39   ","count":87,"tested":881},{"age_group":"40-49   ","count":116,"tested":840},{"age_group":"50-59   ","count":114,"tested":1158},{"age_group":"60-69   ","count":55,"tested":821},{"age_group":"70-79   ","count":36,"tested":409},{"age_group":"80+","count":7,"tested":169}],"race":[{"description":"Other","count":26,"tested":209,"color":"rgb(148,103,189)"},{"description":"Left Blank","count":123,"tested":1457,"color":"rgb(44,160,44)"},{"description":"Hispanic","count":30,"tested":217,"color":"rgb(214,39,40)"},{"description":"White","count":425,"tested":4372,"color":"rgb(31,119,180)"}],"gender":[{"description":"Female","count":292,"tested":3486,"color":"rgb(255,127,14)"},{"description":"Male","count":313,"tested":2772,"color":"rgb(31,119,180)"}]}
