{"age":[{"age_group":"<20","count":333,"tested":3634},{"age_group":"20-29   ","count":356,"tested":3936},{"age_group":"30-39   ","count":314,"tested":3935},{"age_group":"40-49   ","count":320,"tested":3571},{"age_group":"50-59   ","count":301,"tested":3374},{"age_group":"60-69   ","count":189,"tested":2571},{"age_group":"70-79   ","count":110,"tested":1780},{"age_group":"80+","count":71,"tested":965}],"race":[{"description":"Left Blank","count":492,"tested":9855,"color":"rgb(44,160,44)"},{"description":"White","count":1214,"tested":11810,"color":"rgb(31,119,180)"},{"description":"Hispanic","count":172,"tested":1078,"color":"rgb(214,39,40)"},{"description":"Other","count":23,"tested":236,"color":"rgb(148,103,189)"},{"description":"Asian","count":28,"tested":284,"color":"rgb(140,86,75)"},{"description":"Black","count":61,"tested":467,"color":"rgb(255,127,14)"}],"gender":[{"description":"Male","count":952,"tested":9644,"color":"rgb(31,119,180)"},{"description":"Female","count":1037,"tested":13853,"color":"rgb(255,127,14)"}]}
