{"age":[{"age_group":"<20","count":155,"tested":997},{"age_group":"20-29   ","count":187,"tested":1764},{"age_group":"30-39   ","count":172,"tested":1624},{"age_group":"40-49   ","count":137,"tested":1411},{"age_group":"50-59   ","count":144,"tested":1456},{"age_group":"60-69   ","count":97,"tested":1526},{"age_group":"70-79   ","count":45,"tested":543},{"age_group":"80+","count":21,"tested":276}],"race":[{"description":"Black","count":27,"tested":297,"color":"rgb(255,127,14)"},{"description":"Asian","count":25,"tested":265,"color":"rgb(140,86,75)"},{"description":"Other","count":56,"tested":409,"color":"rgb(148,103,189)"},{"description":"Left Blank","count":380,"tested":4380,"color":"rgb(44,160,44)"},{"description":"White","count":359,"tested":3522,"color":"rgb(31,119,180)"},{"description":"Hispanic","count":108,"tested":704,"color":"rgb(214,39,40)"}],"gender":[{"description":"Female","count":541,"tested":5281,"color":"rgb(255,127,14)"},{"description":"Male","count":416,"tested":4148,"color":"rgb(31,119,180)"}]}
