{"age":[{"age_group":"<20","count":46,"tested":509},{"age_group":"20-29   ","count":41,"tested":353},{"age_group":"30-39   ","count":38,"tested":312},{"age_group":"40-49   ","count":50,"tested":361},{"age_group":"50-59   ","count":49,"tested":445},{"age_group":"60-69   ","count":35,"tested":367},{"age_group":"70-79   ","count":10,"tested":177},{"age_group":"80+","count":11,"tested":75}],"race":[{"description":"White","count":182,"tested":1298,"color":"rgb(31,119,180)"},{"description":"Left Blank","count":92,"tested":1242,"color":"rgb(44,160,44)"}],"gender":[{"description":"Male","count":131,"tested":993,"color":"rgb(31,119,180)"},{"description":"Female","count":146,"tested":1559,"color":"rgb(255,127,14)"}]}
