{"age":[{"age_group":"<20","count":543,"tested":4549},{"age_group":"20-29   ","count":601,"tested":5988},{"age_group":"30-39   ","count":570,"tested":6376},{"age_group":"40-49   ","count":556,"tested":5447},{"age_group":"50-59   ","count":426,"tested":5664},{"age_group":"60-69   ","count":312,"tested":4391},{"age_group":"70-79   ","count":192,"tested":2103},{"age_group":"80+","count":129,"tested":1165}],"race":[{"description":"Other","count":70,"tested":788,"color":"rgb(148,103,189)"},{"description":"Black","count":1756,"tested":18516,"color":"rgb(255,127,14)"},{"description":"Asian","count":6,"tested":45,"color":"rgb(140,86,75)"},{"description":"White","count":53,"tested":845,"color":"rgb(31,119,180)"},{"description":"Left Blank","count":699,"tested":12265,"color":"rgb(44,160,44)"},{"description":"Hispanic","count":740,"tested":3146,"color":"rgb(214,39,40)"}],"gender":[{"description":"Male","count":1487,"tested":15433,"color":"rgb(31,119,180)"},{"description":"Female","count":1823,"tested":19587,"color":"rgb(255,127,14)"},{"description":"Unknown/Left Blank","count":19,"tested":670,"color":"rgb(44,160,44)"}]}
