{"age":[{"age_group":"<20","count":156,"tested":3444},{"age_group":"20-29   ","count":1617,"tested":26779},{"age_group":"30-39   ","count":754,"tested":16336},{"age_group":"40-49   ","count":281,"tested":5724},{"age_group":"50-59   ","count":257,"tested":6224},{"age_group":"60-69   ","count":207,"tested":6415},{"age_group":"70-79   ","count":163,"tested":5657},{"age_group":"80+","count":93,"tested":4292}],"race":[{"description":"Asian","count":98,"tested":2443,"color":"rgb(140,86,75)"},{"description":"Left Blank","count":1007,"tested":36259,"color":"rgb(44,160,44)"},{"description":"White","count":1624,"tested":26225,"color":"rgb(31,119,180)"},{"description":"Hispanic","count":174,"tested":1360,"color":"rgb(214,39,40)"},{"description":"Other","count":174,"tested":2652,"color":"rgb(148,103,189)"},{"description":"Black","count":445,"tested":5833,"color":"rgb(255,127,14)"}],"gender":[{"description":"Unknown/Left Blank","count":126,"tested":1239,"color":"rgb(44,160,44)"},{"description":"Male","count":1593,"tested":31968,"color":"rgb(31,119,180)"},{"description":"Female","count":1809,"tested":41674,"color":"rgb(255,127,14)"}]}
