{"age":[{"age_group":"<20","count":842,"tested":6578},{"age_group":"20-29   ","count":774,"tested":6985},{"age_group":"30-39   ","count":658,"tested":5715},{"age_group":"40-49   ","count":720,"tested":5726},{"age_group":"50-59   ","count":685,"tested":5853},{"age_group":"60-69   ","count":405,"tested":4504},{"age_group":"70-79   ","count":230,"tested":3424},{"age_group":"80+","count":152,"tested":3953}],"race":[{"description":"Other","count":56,"tested":549,"color":"rgb(148,103,189)"},{"description":"Left Blank","count":361,"tested":22380,"color":"rgb(44,160,44)"},{"description":"Hispanic","count":1844,"tested":4477,"color":"rgb(214,39,40)"},{"description":"White","count":2071,"tested":14418,"color":"rgb(31,119,180)"},{"description":"Asian","count":33,"tested":197,"color":"rgb(140,86,75)"},{"description":"Black","count":93,"tested":688,"color":"rgb(255,127,14)"},{"description":"AI/AN**","count":7,"tested":26,"color":"rgb(31,119,180)"}],"gender":[{"description":"Male","count":2088,"tested":16229,"color":"rgb(31,119,180)"},{"description":"Unknown/Left Blank","count":7,"tested":642,"color":"rgb(44,160,44)"},{"description":"Female","count":2372,"tested":25879,"color":"rgb(255,127,14)"}]}
