{"age":[{"age_group":"<20","count":51,"tested":616},{"age_group":"20-29   ","count":38,"tested":559},{"age_group":"30-39   ","count":32,"tested":601},{"age_group":"40-49   ","count":52,"tested":475},{"age_group":"50-59   ","count":36,"tested":717},{"age_group":"60-69   ","count":42,"tested":622},{"age_group":"70-79   ","count":29,"tested":429},{"age_group":"80+","count":19,"tested":260}],"race":[{"description":"Hispanic","count":64,"tested":327,"color":"rgb(214,39,40)"},{"description":"White","count":166,"tested":2020,"color":"rgb(31,119,180)"},{"description":"Left Blank","count":56,"tested":1843,"color":"rgb(44,160,44)"},{"description":"Other","count":10,"tested":60,"color":"rgb(148,103,189)"}],"gender":[{"description":"Female","count":170,"tested":2822,"color":"rgb(255,127,14)"},{"description":"Male","count":116,"tested":1319,"color":"rgb(31,119,180)"}]}
