{"age":[{"age_group":"<20","count":443,"tested":3979},{"age_group":"20-29   ","count":454,"tested":4326},{"age_group":"30-39   ","count":342,"tested":3581},{"age_group":"40-49   ","count":389,"tested":3177},{"age_group":"50-59   ","count":487,"tested":4633},{"age_group":"60-69   ","count":289,"tested":3406},{"age_group":"70-79   ","count":127,"tested":1976},{"age_group":"80+","count":69,"tested":1656}],"race":[{"description":"Hispanic","count":101,"tested":656,"color":"rgb(214,39,40)"},{"description":"Left Blank","count":1023,"tested":12397,"color":"rgb(44,160,44)"},{"description":"White","count":1356,"tested":12465,"color":"rgb(31,119,180)"},{"description":"Black","count":31,"tested":269,"color":"rgb(255,127,14)"},{"description":"Asian","count":17,"tested":212,"color":"rgb(140,86,75)"},{"description":"Other","count":69,"tested":697,"color":"rgb(148,103,189)"}],"gender":[{"description":"Unknown/Left Blank","count":48,"tested":521,"color":"rgb(44,160,44)"},{"description":"Male","count":1292,"tested":11985,"color":"rgb(31,119,180)"},{"description":"Female","count":1261,"tested":14230,"color":"rgb(255,127,14)"}]}
