{"age":[{"age_group":"<20","count":684,"tested":7088},{"age_group":"20-29   ","count":790,"tested":11217},{"age_group":"30-39   ","count":863,"tested":11033},{"age_group":"40-49   ","count":879,"tested":11339},{"age_group":"50-59   ","count":838,"tested":12628},{"age_group":"60-69   ","count":608,"tested":10352},{"age_group":"70-79   ","count":414,"tested":6726},{"age_group":"80+","count":273,"tested":4320}],"race":[{"description":"White","count":86,"tested":1433,"color":"rgb(31,119,180)"},{"description":"Left Blank","count":1152,"tested":25853,"color":"rgb(44,160,44)"},{"description":"Other","count":122,"tested":1058,"color":"rgb(148,103,189)"},{"description":"Black","count":3720,"tested":44570,"color":"rgb(255,127,14)"},{"description":"Hispanic","count":255,"tested":1634,"color":"rgb(214,39,40)"}],"gender":[{"description":"Male","count":2286,"tested":30122,"color":"rgb(31,119,180)"},{"description":"Unknown/Left Blank","count":46,"tested":2018,"color":"rgb(44,160,44)"},{"description":"Female","count":3017,"tested":42599,"color":"rgb(255,127,14)"}]}
