{"age":[{"age_group":"20-29   ","count":48,"tested":1762},{"age_group":"30-39   ","count":95,"tested":2132},{"age_group":"40-49   ","count":86,"tested":2126},{"age_group":"50-59   ","count":74,"tested":1540},{"age_group":"60-69   ","count":57,"tested":858},{"age_group":"70-79   ","count":10,"tested":165}],"race":[{"description":"Black","count":207,"tested":1909,"color":"rgb(255,127,14)"},{"description":"Hispanic","count":50,"tested":253,"color":"rgb(214,39,40)"},{"description":"Left Blank","count":60,"tested":6625,"color":"rgb(44,160,44)"},{"description":"White","count":56,"tested":713,"color":"rgb(31,119,180)"}],"gender":[{"description":"Male","count":341,"tested":5158,"color":"rgb(31,119,180)"},{"description":"Unknown/Left Blank","count":8,"tested":4254,"color":"rgb(44,160,44)"},{"description":"Female","count":29,"tested":437,"color":"rgb(255,127,14)"}]}
