{"age":[{"age_group":"<20","count":284,"tested":8184},{"age_group":"20-29   ","count":657,"tested":23110},{"age_group":"30-39   ","count":632,"tested":15435},{"age_group":"40-49   ","count":380,"tested":9505},{"age_group":"50-59   ","count":427,"tested":9894},{"age_group":"60-69   ","count":278,"tested":8222},{"age_group":"70-79   ","count":151,"tested":4112},{"age_group":"80+","count":66,"tested":1478}],"race":[{"description":"Black","count":257,"tested":5651,"color":"rgb(255,127,14)"},{"description":"Asian","count":200,"tested":3729,"color":"rgb(140,86,75)"},{"description":"White","count":883,"tested":25288,"color":"rgb(31,119,180)"},{"description":"Other","count":174,"tested":2499,"color":"rgb(148,103,189)"},{"description":"Hispanic","count":499,"tested":5157,"color":"rgb(214,39,40)"},{"description":"Left Blank","count":858,"tested":37543,"color":"rgb(44,160,44)"}],"gender":[{"description":"Male","count":1487,"tested":33904,"color":"rgb(31,119,180)"},{"description":"Female","count":1340,"tested":43873,"color":"rgb(255,127,14)"},{"description":"Unknown/Left Blank","count":48,"tested":2236,"color":"rgb(44,160,44)"}]}
