{"age":[{"age_group":"<20","count":560,"tested":13748},{"age_group":"20-29   ","count":2714,"tested":48830},{"age_group":"30-39   ","count":1085,"tested":30251},{"age_group":"40-49   ","count":515,"tested":14553},{"age_group":"50-59   ","count":387,"tested":13585},{"age_group":"60-69   ","count":244,"tested":11063},{"age_group":"70-79   ","count":196,"tested":7960},{"age_group":"80+","count":192,"tested":6914}],"race":[{"description":"Left Blank","count":1618,"tested":72945,"color":"rgb(44,160,44)"},{"description":"Hispanic","count":335,"tested":3709,"color":"rgb(214,39,40)"},{"description":"Other","count":390,"tested":7519,"color":"rgb(148,103,189)"},{"description":"Black","count":263,"tested":4728,"color":"rgb(255,127,14)"},{"description":"Asian","count":143,"tested":3855,"color":"rgb(140,86,75)"},{"description":"White","count":3134,"tested":54092,"color":"rgb(31,119,180)"}],"gender":[{"description":"Unknown/Left Blank","count":368,"tested":2351,"color":"rgb(44,160,44)"},{"description":"Female","count":2834,"tested":81930,"color":"rgb(255,127,14)"},{"description":"Male","count":2691,"tested":62677,"color":"rgb(31,119,180)"}]}
