{"age":[{"age_group":"<20","count":1036,"tested":9048},{"age_group":"20-29   ","count":1862,"tested":31495},{"age_group":"30-39   ","count":1655,"tested":25705},{"age_group":"40-49   ","count":1271,"tested":15274},{"age_group":"50-59   ","count":1038,"tested":12022},{"age_group":"60-69   ","count":686,"tested":9504},{"age_group":"70-79   ","count":344,"tested":4564},{"age_group":"80+","count":170,"tested":2477}],"race":[{"description":"Hispanic","count":4472,"tested":31173,"color":"rgb(214,39,40)"},{"description":"Asian","count":205,"tested":4633,"color":"rgb(140,86,75)"},{"description":"White","count":905,"tested":20441,"color":"rgb(31,119,180)"},{"description":"Black","count":905,"tested":14653,"color":"rgb(255,127,14)"},{"description":"Other","count":318,"tested":5200,"color":"rgb(148,103,189)"},{"description":"Left Blank","count":1243,"tested":33752,"color":"rgb(44,160,44)"},{"description":"NH/PI*","count":6,"tested":70,"color":"rgb(127,127,127)"},{"description":"AI/AN**","count":8,"tested":201,"color":"rgb(31,119,180)"}],"gender":[{"description":"Unknown/Left Blank","count":81,"tested":4064,"color":"rgb(44,160,44)"},{"description":"Male","count":4156,"tested":53263,"color":"rgb(31,119,180)"},{"description":"Female","count":3825,"tested":52796,"color":"rgb(255,127,14)"}]}
