{"age":[{"age_group":"<20","count":365,"tested":3668},{"age_group":"20-29   ","count":459,"tested":4338},{"age_group":"30-39   ","count":370,"tested":4367},{"age_group":"40-49   ","count":420,"tested":4244},{"age_group":"50-59   ","count":450,"tested":4690},{"age_group":"60-69   ","count":274,"tested":3901},{"age_group":"70-79   ","count":103,"tested":1762},{"age_group":"80+","count":48,"tested":888}],"race":[{"description":"Asian","count":130,"tested":1218,"color":"rgb(140,86,75)"},{"description":"Hispanic","count":279,"tested":1315,"color":"rgb(214,39,40)"},{"description":"Black","count":45,"tested":419,"color":"rgb(255,127,14)"},{"description":"Other","count":74,"tested":726,"color":"rgb(148,103,189)"},{"description":"Left Blank","count":627,"tested":15542,"color":"rgb(44,160,44)"},{"description":"White","count":1329,"tested":8551,"color":"rgb(31,119,180)"}],"gender":[{"description":"Female","count":1266,"tested":15610,"color":"rgb(255,127,14)"},{"description":"Male","count":1208,"tested":11642,"color":"rgb(31,119,180)"},{"description":"Unknown/Left Blank","count":15,"tested":622,"color":"rgb(44,160,44)"}]}
