{"age":[{"age_group":"<20","count":44,"tested":404},{"age_group":"20-29   ","count":45,"tested":591},{"age_group":"30-39   ","count":26,"tested":504},{"age_group":"40-49   ","count":42,"tested":377},{"age_group":"50-59   ","count":52,"tested":569},{"age_group":"60-69   ","count":26,"tested":410},{"age_group":"70-79   ","count":17,"tested":294},{"age_group":"80+","count":6,"tested":133}],"race":[{"description":"Other","count":6,"tested":67,"color":"rgb(148,103,189)"},{"description":"Left Blank","count":50,"tested":881,"color":"rgb(44,160,44)"},{"description":"White","count":182,"tested":2169,"color":"rgb(31,119,180)"},{"description":"Hispanic","count":10,"tested":55,"color":"rgb(214,39,40)"},{"description":"Black","count":10,"tested":106,"color":"rgb(255,127,14)"}],"gender":[{"description":"Male","count":110,"tested":1081,"color":"rgb(31,119,180)"},{"description":"Female","count":146,"tested":2180,"color":"rgb(255,127,14)"}]}
