{"lastUpdatedDate":{"year":2021,"month":5,"day":11},"county_demographics":[{"County":"Massac","confirmed_cases":1336,"total_tested":12528,"demographics":{"age":[{"race":[],"age_group":"<20","count":188,"tested":1341,"deaths":0},{"race":[],"age_group":"20-29   ","count":177,"tested":1673,"deaths":0},{"race":[],"age_group":"30-39   ","count":165,"tested":1399,"deaths":0},{"race":[],"age_group":"40-49   ","count":174,"tested":1853,"deaths":0},{"race":[],"age_group":"50-59   ","count":218,"tested":1849,"deaths":0},{"race":[],"age_group":"60-69   ","count":165,"tested":1501,"deaths":0},{"race":[],"age_group":"70-79   ","count":131,"tested":1246,"deaths":0},{"race":[],"age_group":"80+","count":109,"tested":1664,"deaths":0},{"race":[],"age_group":"Unknown","count":0,"tested":0,"deaths":0}],"race":[{"description":"AI/AN**","count":0,"tested":6,"deaths":0,"color":"rgb(31,119,180)"},{"description":"Asian","count":0,"tested":12,"deaths":0,"color":"rgb(140,86,75)"},{"description":"Black","count":29,"tested":322,"deaths":0,"color":"rgb(255,127,14)"},{"description":"Hispanic","count":8,"tested":48,"deaths":0,"color":"rgb(214,39,40)"},{"description":"Left Blank","count":636,"tested":7082,"deaths":0,"color":"rgb(44,160,44)"},{"description":"NH/PI*","count":0,"tested":0,"deaths":0,"color":"rgb(127,127,127)"},{"description":"Other","count":0,"tested":58,"deaths":0,"color":"rgb(148,103,189)"},{"description":"White","count":655,"tested":4999,"deaths":0,"color":"rgb(31,119,180)"}],"gender":[{"description":"Female","count":705,"tested":7470,"deaths":0,"color":"rgb(255,127,14)"},{"description":"Male","count":598,"tested":4447,"deaths":0,"color":"rgb(31,119,180)"},{"description":"Unknown/Left Blank","count":29,"tested":611,"deaths":0,"color":"rgb(44,160,44)"}]}}]}
