{"lastUpdatedDate":{"year":2021,"month":5,"day":11},"county_demographics":[{"County":"Williamson","confirmed_cases":7404,"total_tested":105879,"demographics":{"age":[{"race":[],"age_group":"<20","count":1188,"tested":11833,"deaths":0},{"race":[],"age_group":"20-29   ","count":1137,"tested":14794,"deaths":0},{"race":[],"age_group":"30-39   ","count":1176,"tested":16733,"deaths":0},{"race":[],"age_group":"40-49   ","count":1134,"tested":15722,"deaths":0},{"race":[],"age_group":"50-59   ","count":1050,"tested":15970,"deaths":0},{"race":[],"age_group":"60-69   ","count":795,"tested":12174,"deaths":0},{"race":[],"age_group":"70-79   ","count":561,"tested":9855,"deaths":0},{"race":[],"age_group":"80+","count":362,"tested":8765,"deaths":0},{"race":[],"age_group":"Unknown","count":0,"tested":33,"deaths":0}],"race":[{"description":"AI/AN**","count":0,"tested":34,"deaths":0,"color":"rgb(31,119,180)"},{"description":"Asian","count":23,"tested":369,"deaths":0,"color":"rgb(140,86,75)"},{"description":"Black","count":243,"tested":3155,"deaths":0,"color":"rgb(255,127,14)"},{"description":"Hispanic","count":95,"tested":883,"deaths":0,"color":"rgb(214,39,40)"},{"description":"Left Blank","count":1445,"tested":41608,"deaths":0,"color":"rgb(44,160,44)"},{"description":"NH/PI*","count":0,"tested":53,"deaths":0,"color":"rgb(127,127,127)"},{"description":"Other","count":59,"tested":1169,"deaths":0,"color":"rgb(148,103,189)"},{"description":"White","count":5533,"tested":58608,"deaths":0,"color":"rgb(31,119,180)"}],"gender":[{"description":"Female","count":3784,"tested":56546,"deaths":0,"color":"rgb(255,127,14)"},{"description":"Male","count":3236,"tested":40213,"deaths":0,"color":"rgb(31,119,180)"},{"description":"Unknown/Left Blank","count":382,"tested":9120,"deaths":0,"color":"rgb(44,160,44)"}]}}]}
