{"lastUpdatedDate":{"year":2021,"month":5,"day":11},"county_demographics":[{"County":"Putnam","confirmed_cases":481,"total_tested":6690,"demographics":{"age":[{"race":[],"age_group":"<20","count":67,"tested":749,"deaths":0},{"race":[],"age_group":"20-29   ","count":75,"tested":765,"deaths":0},{"race":[],"age_group":"30-39   ","count":67,"tested":1135,"deaths":0},{"race":[],"age_group":"40-49   ","count":64,"tested":1076,"deaths":0},{"race":[],"age_group":"50-59   ","count":92,"tested":1448,"deaths":0},{"race":[],"age_group":"60-69   ","count":68,"tested":960,"deaths":0},{"race":[],"age_group":"70-79   ","count":30,"tested":387,"deaths":0},{"race":[],"age_group":"80+","count":11,"tested":169,"deaths":0},{"race":[],"age_group":"Unknown","count":0,"tested":0,"deaths":0}],"race":[{"description":"Asian","count":0,"tested":0,"deaths":0,"color":"rgb(140,86,75)"},{"description":"Black","count":0,"tested":20,"deaths":0,"color":"rgb(255,127,14)"},{"description":"Hispanic","count":14,"tested":151,"deaths":0,"color":"rgb(214,39,40)"},{"description":"Left Blank","count":196,"tested":3135,"deaths":0,"color":"rgb(44,160,44)"},{"description":"NH/PI*","count":0,"tested":57,"deaths":0,"color":"rgb(127,127,127)"},{"description":"Other","count":0,"tested":53,"deaths":0,"color":"rgb(148,103,189)"},{"description":"White","count":260,"tested":3269,"deaths":0,"color":"rgb(31,119,180)"}],"gender":[{"description":"Female","count":259,"tested":3896,"deaths":0,"color":"rgb(255,127,14)"},{"description":"Male","count":197,"tested":1767,"deaths":0,"color":"rgb(31,119,180)"},{"description":"Unknown/Left Blank","count":25,"tested":1027,"deaths":0,"color":"rgb(44,160,44)"}]}}]}
