{"lastUpdatedDate":{"year":2021,"month":5,"day":11},"county_demographics":[{"County":"Gallatin","confirmed_cases":458,"total_tested":4490,"demographics":{"age":[{"race":[],"age_group":"<20","count":57,"tested":795,"deaths":0},{"race":[],"age_group":"20-29   ","count":69,"tested":696,"deaths":0},{"race":[],"age_group":"30-39   ","count":58,"tested":686,"deaths":0},{"race":[],"age_group":"40-49   ","count":65,"tested":575,"deaths":0},{"race":[],"age_group":"50-59   ","count":61,"tested":673,"deaths":0},{"race":[],"age_group":"60-69   ","count":59,"tested":504,"deaths":0},{"race":[],"age_group":"70-79   ","count":58,"tested":418,"deaths":0},{"race":[],"age_group":"80+","count":22,"tested":140,"deaths":0},{"race":[],"age_group":"Unknown","count":0,"tested":0,"deaths":0}],"race":[{"description":"AI/AN**","count":0,"tested":0,"deaths":0,"color":"rgb(31,119,180)"},{"description":"Asian","count":0,"tested":0,"deaths":0,"color":"rgb(140,86,75)"},{"description":"Black","count":0,"tested":32,"deaths":0,"color":"rgb(255,127,14)"},{"description":"Hispanic","count":9,"tested":34,"deaths":0,"color":"rgb(214,39,40)"},{"description":"Left Blank","count":97,"tested":2068,"deaths":0,"color":"rgb(44,160,44)"},{"description":"NH/PI*","count":0,"tested":0,"deaths":0,"color":"rgb(127,127,127)"},{"description":"Other","count":0,"tested":25,"deaths":0,"color":"rgb(148,103,189)"},{"description":"White","count":345,"tested":2327,"deaths":0,"color":"rgb(31,119,180)"}],"gender":[{"description":"Female","count":243,"tested":2971,"deaths":0,"color":"rgb(255,127,14)"},{"description":"Male","count":200,"tested":1379,"deaths":0,"color":"rgb(31,119,180)"},{"description":"Unknown/Left Blank","count":13,"tested":140,"deaths":0,"color":"rgb(44,160,44)"}]}}]}
