{"lastUpdatedDate":{"year":2021,"month":5,"day":11},"county_demographics":[{"County":"Ogle","confirmed_cases":6087,"total_tested":65524,"demographics":{"age":[{"race":[],"age_group":"<20","count":1024,"tested":9400,"deaths":0},{"race":[],"age_group":"20-29   ","count":992,"tested":9991,"deaths":0},{"race":[],"age_group":"30-39   ","count":937,"tested":9606,"deaths":0},{"race":[],"age_group":"40-49   ","count":900,"tested":8449,"deaths":0},{"race":[],"age_group":"50-59   ","count":940,"tested":9688,"deaths":0},{"race":[],"age_group":"60-69   ","count":606,"tested":7982,"deaths":0},{"race":[],"age_group":"70-79   ","count":351,"tested":4257,"deaths":0},{"race":[],"age_group":"80+","count":259,"tested":6122,"deaths":0},{"race":[],"age_group":"Unknown","count":78,"tested":29,"deaths":0}],"race":[{"description":"AI/AN**","count":0,"tested":75,"deaths":0,"color":"rgb(31,119,180)"},{"description":"Asian","count":8,"tested":128,"deaths":0,"color":"rgb(140,86,75)"},{"description":"Black","count":37,"tested":613,"deaths":0,"color":"rgb(255,127,14)"},{"description":"Hispanic","count":509,"tested":1875,"deaths":0,"color":"rgb(214,39,40)"},{"description":"Left Blank","count":2396,"tested":27559,"deaths":0,"color":"rgb(44,160,44)"},{"description":"NH/PI*","count":0,"tested":0,"deaths":0,"color":"rgb(127,127,127)"},{"description":"Other","count":82,"tested":834,"deaths":0,"color":"rgb(148,103,189)"},{"description":"White","count":3047,"tested":34435,"deaths":0,"color":"rgb(31,119,180)"}],"gender":[{"description":"Female","count":3206,"tested":41320,"deaths":0,"color":"rgb(255,127,14)"},{"description":"Male","count":2806,"tested":20640,"deaths":0,"color":"rgb(31,119,180)"},{"description":"Unknown/Left Blank","count":75,"tested":3564,"deaths":0,"color":"rgb(44,160,44)"}]}}]}
