{"lastUpdatedDate":{"year":2021,"month":5,"day":11},"county_demographics":[{"County":"Macon","confirmed_cases":10715,"total_tested":182630,"demographics":{"age":[{"race":[],"age_group":"<20","count":1622,"tested":20805,"deaths":0},{"race":[],"age_group":"20-29   ","count":1658,"tested":30818,"deaths":0},{"race":[],"age_group":"30-39   ","count":1583,"tested":27487,"deaths":0},{"race":[],"age_group":"40-49   ","count":1574,"tested":25564,"deaths":0},{"race":[],"age_group":"50-59   ","count":1531,"tested":24712,"deaths":0},{"race":[],"age_group":"60-69   ","count":1291,"tested":21453,"deaths":0},{"race":[],"age_group":"70-79   ","count":835,"tested":14200,"deaths":0},{"race":[],"age_group":"80+","count":618,"tested":16879,"deaths":0},{"race":[],"age_group":"Unknown","count":0,"tested":712,"deaths":0}],"race":[{"description":"AI/AN**","count":9,"tested":81,"deaths":0,"color":"rgb(31,119,180)"},{"description":"Asian","count":82,"tested":775,"deaths":0,"color":"rgb(140,86,75)"},{"description":"Black","count":1987,"tested":15008,"deaths":0,"color":"rgb(255,127,14)"},{"description":"Hispanic","count":217,"tested":1252,"deaths":0,"color":"rgb(214,39,40)"},{"description":"Left Blank","count":1132,"tested":103638,"deaths":0,"color":"rgb(44,160,44)"},{"description":"NH/PI*","count":7,"tested":89,"deaths":0,"color":"rgb(127,127,127)"},{"description":"Other","count":160,"tested":2508,"deaths":0,"color":"rgb(148,103,189)"},{"description":"White","count":7118,"tested":59279,"deaths":0,"color":"rgb(31,119,180)"}],"gender":[{"description":"Female","count":5835,"tested":104135,"deaths":0,"color":"rgb(255,127,14)"},{"description":"Male","count":4807,"tested":62399,"deaths":0,"color":"rgb(31,119,180)"},{"description":"Unknown/Left Blank","count":69,"tested":16096,"deaths":0,"color":"rgb(44,160,44)"}]}}]}
