{"lastUpdatedDate":{"year":2021,"month":3,"day":30},"county_demographics":[{"County":"Menard","confirmed_cases":1136,"total_tested":17751,"demographics":{"age":[{"race":[],"age_group":"<20","count":175,"tested":2651,"deaths":0},{"race":[],"age_group":"20-29   ","count":164,"tested":2456,"deaths":0},{"race":[],"age_group":"30-39   ","count":149,"tested":2765,"deaths":0},{"race":[],"age_group":"40-49   ","count":162,"tested":2420,"deaths":0},{"race":[],"age_group":"50-59   ","count":199,"tested":2582,"deaths":0},{"race":[],"age_group":"60-69   ","count":116,"tested":2050,"deaths":0},{"race":[],"age_group":"70-79   ","count":81,"tested":1454,"deaths":0},{"race":[],"age_group":"80+","count":90,"tested":1372,"deaths":0},{"race":[],"age_group":"Unknown","count":0,"tested":0,"deaths":0}],"race":[{"description":"AI/AN**","count":0,"tested":16,"deaths":0,"color":"rgb(31,119,180)"},{"description":"Asian","count":0,"tested":14,"deaths":0,"color":"rgb(140,86,75)"},{"description":"Black","count":0,"tested":81,"deaths":0,"color":"rgb(255,127,14)"},{"description":"Hispanic","count":6,"tested":100,"deaths":0,"color":"rgb(214,39,40)"},{"description":"Left Blank","count":524,"tested":7151,"deaths":0,"color":"rgb(44,160,44)"},{"description":"NH/PI*","count":0,"tested":0,"deaths":0,"color":"rgb(127,127,127)"},{"description":"Other","count":0,"tested":155,"deaths":0,"color":"rgb(148,103,189)"},{"description":"White","count":593,"tested":10230,"deaths":0,"color":"rgb(31,119,180)"}],"gender":[{"description":"Female","count":531,"tested":10290,"deaths":0,"color":"rgb(255,127,14)"},{"description":"Male","count":464,"tested":6628,"deaths":0,"color":"rgb(31,119,180)"},{"description":"Unknown/Left Blank","count":141,"tested":833,"deaths":0,"color":"rgb(44,160,44)"}]}}]}
