{"lastUpdatedDate":{"year":2021,"month":3,"day":30},"county_demographics":[{"County":"Rock Island","confirmed_cases":13646,"total_tested":180028,"demographics":{"age":[{"race":[],"age_group":"<20","count":1774,"tested":19659,"deaths":0},{"race":[],"age_group":"20-29   ","count":2294,"tested":26256,"deaths":0},{"race":[],"age_group":"30-39   ","count":2165,"tested":28098,"deaths":0},{"race":[],"age_group":"40-49   ","count":2009,"tested":26550,"deaths":0},{"race":[],"age_group":"50-59   ","count":1962,"tested":25245,"deaths":0},{"race":[],"age_group":"60-69   ","count":1689,"tested":23122,"deaths":0},{"race":[],"age_group":"70-79   ","count":941,"tested":14151,"deaths":0},{"race":[],"age_group":"80+","count":812,"tested":15328,"deaths":0},{"race":[],"age_group":"Unknown","count":0,"tested":1619,"deaths":0}],"race":[{"description":"AI/AN**","count":10,"tested":67,"deaths":0,"color":"rgb(31,119,180)"},{"description":"Asian","count":155,"tested":1069,"deaths":0,"color":"rgb(140,86,75)"},{"description":"Black","count":885,"tested":9775,"deaths":0,"color":"rgb(255,127,14)"},{"description":"Hispanic","count":1235,"tested":6713,"deaths":0,"color":"rgb(214,39,40)"},{"description":"Left Blank","count":6188,"tested":102445,"deaths":0,"color":"rgb(44,160,44)"},{"description":"NH/PI*","count":6,"tested":76,"deaths":0,"color":"rgb(127,127,127)"},{"description":"Other","count":338,"tested":3489,"deaths":0,"color":"rgb(148,103,189)"},{"description":"White","count":4824,"tested":56394,"deaths":0,"color":"rgb(31,119,180)"}],"gender":[{"description":"Female","count":7145,"tested":95840,"deaths":0,"color":"rgb(255,127,14)"},{"description":"Male","count":6412,"tested":70475,"deaths":0,"color":"rgb(31,119,180)"},{"description":"Unknown/Left Blank","count":89,"tested":13713,"deaths":0,"color":"rgb(44,160,44)"}]}}]}
