{"lastUpdatedDate":{"year":2021,"month":3,"day":30},"county_demographics":[{"County":"Ford","confirmed_cases":1639,"total_tested":26808,"demographics":{"age":[{"race":[],"age_group":"<20","count":327,"tested":4062,"deaths":0},{"race":[],"age_group":"20-29   ","count":235,"tested":4017,"deaths":0},{"race":[],"age_group":"30-39   ","count":221,"tested":3690,"deaths":0},{"race":[],"age_group":"40-49   ","count":192,"tested":3241,"deaths":0},{"race":[],"age_group":"50-59   ","count":193,"tested":3445,"deaths":0},{"race":[],"age_group":"60-69   ","count":183,"tested":3368,"deaths":0},{"race":[],"age_group":"70-79   ","count":113,"tested":1982,"deaths":0},{"race":[],"age_group":"80+","count":175,"tested":2995,"deaths":0},{"race":[],"age_group":"Unknown","count":0,"tested":8,"deaths":0}],"race":[{"description":"AI/AN**","count":0,"tested":12,"deaths":0,"color":"rgb(31,119,180)"},{"description":"Asian","count":0,"tested":70,"deaths":0,"color":"rgb(140,86,75)"},{"description":"Black","count":6,"tested":187,"deaths":0,"color":"rgb(255,127,14)"},{"description":"Hispanic","count":48,"tested":361,"deaths":0,"color":"rgb(214,39,40)"},{"description":"Left Blank","count":237,"tested":7611,"deaths":0,"color":"rgb(44,160,44)"},{"description":"NH/PI*","count":0,"tested":15,"deaths":0,"color":"rgb(127,127,127)"},{"description":"Other","count":28,"tested":335,"deaths":0,"color":"rgb(148,103,189)"},{"description":"White","count":1309,"tested":18217,"deaths":0,"color":"rgb(31,119,180)"}],"gender":[{"description":"Female","count":897,"tested":16624,"deaths":0,"color":"rgb(255,127,14)"},{"description":"Male","count":715,"tested":9365,"deaths":0,"color":"rgb(31,119,180)"},{"description":"Unknown/Left Blank","count":27,"tested":819,"deaths":0,"color":"rgb(44,160,44)"}]}}]}
