{"lastUpdatedDate":{"year":2021,"month":3,"day":30},"county_demographics":[{"County":"LaSalle","confirmed_cases":11263,"total_tested":164608,"demographics":{"age":[{"race":[],"age_group":"<20","count":1438,"tested":15178,"deaths":0},{"race":[],"age_group":"20-29   ","count":1902,"tested":28074,"deaths":0},{"race":[],"age_group":"30-39   ","count":1721,"tested":28543,"deaths":0},{"race":[],"age_group":"40-49   ","count":1650,"tested":24599,"deaths":0},{"race":[],"age_group":"50-59   ","count":1752,"tested":22609,"deaths":0},{"race":[],"age_group":"60-69   ","count":1307,"tested":17173,"deaths":0},{"race":[],"age_group":"70-79   ","count":745,"tested":10085,"deaths":0},{"race":[],"age_group":"80+","count":747,"tested":16739,"deaths":0},{"race":[],"age_group":"Unknown","count":0,"tested":1608,"deaths":0}],"race":[{"description":"AI/AN**","count":6,"tested":71,"deaths":0,"color":"rgb(31,119,180)"},{"description":"Asian","count":22,"tested":493,"deaths":0,"color":"rgb(140,86,75)"},{"description":"Black","count":153,"tested":1560,"deaths":0,"color":"rgb(255,127,14)"},{"description":"Hispanic","count":821,"tested":5184,"deaths":0,"color":"rgb(214,39,40)"},{"description":"Left Blank","count":2820,"tested":78044,"deaths":0,"color":"rgb(44,160,44)"},{"description":"NH/PI*","count":0,"tested":160,"deaths":0,"color":"rgb(127,127,127)"},{"description":"Other","count":498,"tested":3350,"deaths":0,"color":"rgb(148,103,189)"},{"description":"White","count":6934,"tested":75746,"deaths":0,"color":"rgb(31,119,180)"}],"gender":[{"description":"Female","count":5801,"tested":78461,"deaths":0,"color":"rgb(255,127,14)"},{"description":"Male","count":5179,"tested":57983,"deaths":0,"color":"rgb(31,119,180)"},{"description":"Unknown/Left Blank","count":283,"tested":28164,"deaths":0,"color":"rgb(44,160,44)"}]}}]}
