{"lastUpdatedDate":{"year":2021,"month":3,"day":30},"county_demographics":[{"County":"Shelby","confirmed_cases":2205,"total_tested":24277,"demographics":{"age":[{"race":[],"age_group":"<20","count":316,"tested":3317,"deaths":0},{"race":[],"age_group":"20-29   ","count":314,"tested":3453,"deaths":0},{"race":[],"age_group":"30-39   ","count":279,"tested":3265,"deaths":0},{"race":[],"age_group":"40-49   ","count":276,"tested":3049,"deaths":0},{"race":[],"age_group":"50-59   ","count":342,"tested":3688,"deaths":0},{"race":[],"age_group":"60-69   ","count":320,"tested":2824,"deaths":0},{"race":[],"age_group":"70-79   ","count":223,"tested":2142,"deaths":0},{"race":[],"age_group":"80+","count":135,"tested":2533,"deaths":0},{"race":[],"age_group":"Unknown","count":0,"tested":6,"deaths":0}],"race":[{"description":"AI/AN**","count":0,"tested":7,"deaths":0,"color":"rgb(31,119,180)"},{"description":"Asian","count":0,"tested":41,"deaths":0,"color":"rgb(140,86,75)"},{"description":"Black","count":8,"tested":60,"deaths":0,"color":"rgb(255,127,14)"},{"description":"Hispanic","count":13,"tested":93,"deaths":0,"color":"rgb(214,39,40)"},{"description":"Left Blank","count":228,"tested":9116,"deaths":0,"color":"rgb(44,160,44)"},{"description":"NH/PI*","count":0,"tested":0,"deaths":0,"color":"rgb(127,127,127)"},{"description":"Other","count":10,"tested":519,"deaths":0,"color":"rgb(148,103,189)"},{"description":"White","count":1938,"tested":14436,"deaths":0,"color":"rgb(31,119,180)"}],"gender":[{"description":"Female","count":1228,"tested":15091,"deaths":0,"color":"rgb(255,127,14)"},{"description":"Male","count":924,"tested":8210,"deaths":0,"color":"rgb(31,119,180)"},{"description":"Unknown/Left Blank","count":53,"tested":976,"deaths":0,"color":"rgb(44,160,44)"}]}}]}
