{"lastUpdatedDate":{"year":2021,"month":3,"day":30},"county_demographics":[{"County":"Jo Daviess","confirmed_cases":1678,"total_tested":19630,"demographics":{"age":[{"race":[],"age_group":"<20","count":262,"tested":2589,"deaths":0},{"race":[],"age_group":"20-29   ","count":231,"tested":2324,"deaths":0},{"race":[],"age_group":"30-39   ","count":191,"tested":2189,"deaths":0},{"race":[],"age_group":"40-49   ","count":221,"tested":2149,"deaths":0},{"race":[],"age_group":"50-59   ","count":274,"tested":2896,"deaths":0},{"race":[],"age_group":"60-69   ","count":239,"tested":3183,"deaths":0},{"race":[],"age_group":"70-79   ","count":149,"tested":1889,"deaths":0},{"race":[],"age_group":"80+","count":106,"tested":2406,"deaths":0},{"race":[],"age_group":"Unknown","count":0,"tested":0,"deaths":0}],"race":[{"description":"AI/AN**","count":0,"tested":12,"deaths":0,"color":"rgb(31,119,180)"},{"description":"Asian","count":0,"tested":34,"deaths":0,"color":"rgb(140,86,75)"},{"description":"Black","count":0,"tested":112,"deaths":0,"color":"rgb(255,127,14)"},{"description":"Hispanic","count":42,"tested":245,"deaths":0,"color":"rgb(214,39,40)"},{"description":"Left Blank","count":527,"tested":9072,"deaths":0,"color":"rgb(44,160,44)"},{"description":"NH/PI*","count":0,"tested":0,"deaths":0,"color":"rgb(127,127,127)"},{"description":"Other","count":10,"tested":157,"deaths":0,"color":"rgb(148,103,189)"},{"description":"White","count":1089,"tested":9995,"deaths":0,"color":"rgb(31,119,180)"}],"gender":[{"description":"Female","count":847,"tested":12304,"deaths":0,"color":"rgb(255,127,14)"},{"description":"Male","count":781,"tested":6823,"deaths":0,"color":"rgb(31,119,180)"},{"description":"Unknown/Left Blank","count":50,"tested":503,"deaths":0,"color":"rgb(44,160,44)"}]}}]}
