{"lastUpdatedDate":{"year":2021,"month":3,"day":30},"county_demographics":[{"County":"Morgan","confirmed_cases":3689,"total_tested":54453,"demographics":{"age":[{"race":[],"age_group":"<20","count":450,"tested":5543,"deaths":0},{"race":[],"age_group":"20-29   ","count":623,"tested":9255,"deaths":0},{"race":[],"age_group":"30-39   ","count":552,"tested":8339,"deaths":0},{"race":[],"age_group":"40-49   ","count":564,"tested":7200,"deaths":0},{"race":[],"age_group":"50-59   ","count":594,"tested":7352,"deaths":0},{"race":[],"age_group":"60-69   ","count":409,"tested":6280,"deaths":0},{"race":[],"age_group":"70-79   ","count":261,"tested":4317,"deaths":0},{"race":[],"age_group":"80+","count":236,"tested":5271,"deaths":0},{"race":[],"age_group":"Unknown","count":0,"tested":896,"deaths":0}],"race":[{"description":"AI/AN**","count":0,"tested":15,"deaths":0,"color":"rgb(31,119,180)"},{"description":"Asian","count":9,"tested":181,"deaths":0,"color":"rgb(140,86,75)"},{"description":"Black","count":315,"tested":1835,"deaths":0,"color":"rgb(255,127,14)"},{"description":"Hispanic","count":60,"tested":298,"deaths":0,"color":"rgb(214,39,40)"},{"description":"Left Blank","count":1771,"tested":29589,"deaths":0,"color":"rgb(44,160,44)"},{"description":"NH/PI*","count":0,"tested":26,"deaths":0,"color":"rgb(127,127,127)"},{"description":"Other","count":31,"tested":649,"deaths":0,"color":"rgb(148,103,189)"},{"description":"White","count":1497,"tested":21860,"deaths":0,"color":"rgb(31,119,180)"}],"gender":[{"description":"Female","count":1518,"tested":29622,"deaths":0,"color":"rgb(255,127,14)"},{"description":"Male","count":1718,"tested":18782,"deaths":0,"color":"rgb(31,119,180)"},{"description":"Unknown/Left Blank","count":453,"tested":6049,"deaths":0,"color":"rgb(44,160,44)"}]}}]}
