{"lastUpdatedDate":{"year":2021,"month":3,"day":30},"county_demographics":[{"County":"Mason","confirmed_cases":1343,"total_tested":20785,"demographics":{"age":[{"race":[],"age_group":"<20","count":226,"tested":3089,"deaths":0},{"race":[],"age_group":"20-29   ","count":143,"tested":2969,"deaths":0},{"race":[],"age_group":"30-39   ","count":189,"tested":3202,"deaths":0},{"race":[],"age_group":"40-49   ","count":191,"tested":3329,"deaths":0},{"race":[],"age_group":"50-59   ","count":196,"tested":2997,"deaths":0},{"race":[],"age_group":"60-69   ","count":170,"tested":2160,"deaths":0},{"race":[],"age_group":"70-79   ","count":127,"tested":1302,"deaths":0},{"race":[],"age_group":"80+","count":93,"tested":1737,"deaths":0},{"race":[],"age_group":"Unknown","count":0,"tested":0,"deaths":0}],"race":[{"description":"AI/AN**","count":0,"tested":6,"deaths":0,"color":"rgb(31,119,180)"},{"description":"Asian","count":0,"tested":33,"deaths":0,"color":"rgb(140,86,75)"},{"description":"Black","count":0,"tested":42,"deaths":0,"color":"rgb(255,127,14)"},{"description":"Hispanic","count":8,"tested":44,"deaths":0,"color":"rgb(214,39,40)"},{"description":"Left Blank","count":442,"tested":7459,"deaths":0,"color":"rgb(44,160,44)"},{"description":"Other","count":8,"tested":176,"deaths":0,"color":"rgb(148,103,189)"},{"description":"White","count":877,"tested":13025,"deaths":0,"color":"rgb(31,119,180)"}],"gender":[{"description":"Female","count":741,"tested":13085,"deaths":0,"color":"rgb(255,127,14)"},{"description":"Male","count":557,"tested":6647,"deaths":0,"color":"rgb(31,119,180)"},{"description":"Unknown/Left Blank","count":44,"tested":1053,"deaths":0,"color":"rgb(44,160,44)"}]}}]}
