{"lastUpdatedDate":{"year":2021,"month":3,"day":30},"county_demographics":[{"County":"Winnebago","confirmed_cases":29216,"total_tested":354022,"demographics":{"age":[{"race":[],"age_group":"<20","count":4757,"tested":52602,"deaths":0},{"race":[],"age_group":"20-29   ","count":5176,"tested":58243,"deaths":0},{"race":[],"age_group":"30-39   ","count":4474,"tested":51907,"deaths":0},{"race":[],"age_group":"40-49   ","count":4415,"tested":47325,"deaths":0},{"race":[],"age_group":"50-59   ","count":4197,"tested":50212,"deaths":0},{"race":[],"age_group":"60-69   ","count":3105,"tested":40770,"deaths":0},{"race":[],"age_group":"70-79   ","count":1811,"tested":25884,"deaths":0},{"race":[],"age_group":"80+","count":1270,"tested":27005,"deaths":0},{"race":[],"age_group":"Unknown","count":10,"tested":74,"deaths":0}],"race":[{"description":"AI/AN**","count":32,"tested":284,"deaths":0,"color":"rgb(31,119,180)"},{"description":"Asian","count":593,"tested":3810,"deaths":0,"color":"rgb(140,86,75)"},{"description":"Black","count":3138,"tested":27266,"deaths":0,"color":"rgb(255,127,14)"},{"description":"Hispanic","count":5290,"tested":21585,"deaths":0,"color":"rgb(214,39,40)"},{"description":"Left Blank","count":3128,"tested":159685,"deaths":0,"color":"rgb(44,160,44)"},{"description":"NH/PI*","count":19,"tested":220,"deaths":0,"color":"rgb(127,127,127)"},{"description":"Other","count":446,"tested":7244,"deaths":0,"color":"rgb(148,103,189)"},{"description":"White","count":16568,"tested":133928,"deaths":0,"color":"rgb(31,119,180)"}],"gender":[{"description":"Female","count":15637,"tested":208036,"deaths":0,"color":"rgb(255,127,14)"},{"description":"Male","count":13422,"tested":138934,"deaths":0,"color":"rgb(31,119,180)"},{"description":"Unknown/Left Blank","count":157,"tested":7052,"deaths":0,"color":"rgb(44,160,44)"}]}}]}
