{"lastUpdatedDate":{"year":2021,"month":3,"day":30},"county_demographics":[{"County":"Pope","confirmed_cases":300,"total_tested":2919,"demographics":{"age":[{"race":[],"age_group":"<20","count":28,"tested":335,"deaths":0},{"race":[],"age_group":"20-29   ","count":32,"tested":363,"deaths":0},{"race":[],"age_group":"30-39   ","count":25,"tested":388,"deaths":0},{"race":[],"age_group":"40-49   ","count":41,"tested":466,"deaths":0},{"race":[],"age_group":"50-59   ","count":49,"tested":502,"deaths":0},{"race":[],"age_group":"60-69   ","count":63,"tested":516,"deaths":0},{"race":[],"age_group":"70-79   ","count":29,"tested":231,"deaths":0},{"race":[],"age_group":"80+","count":17,"tested":118,"deaths":0}],"race":[{"description":"AI/AN**","count":0,"tested":0,"deaths":0,"color":"rgb(31,119,180)"},{"description":"Black","count":0,"tested":21,"deaths":0,"color":"rgb(255,127,14)"},{"description":"Hispanic","count":0,"tested":0,"deaths":0,"color":"rgb(214,39,40)"},{"description":"Left Blank","count":111,"tested":1544,"deaths":0,"color":"rgb(44,160,44)"},{"description":"NH/PI*","count":0,"tested":0,"deaths":0,"color":"rgb(127,127,127)"},{"description":"Other","count":0,"tested":17,"deaths":0,"color":"rgb(148,103,189)"},{"description":"White","count":182,"tested":1334,"deaths":0,"color":"rgb(31,119,180)"}],"gender":[{"description":"Female","count":154,"tested":1515,"deaths":0,"color":"rgb(255,127,14)"},{"description":"Male","count":143,"tested":1074,"deaths":0,"color":"rgb(31,119,180)"},{"description":"Unknown/Left Blank","count":0,"tested":330,"deaths":0,"color":"rgb(44,160,44)"}]}}]}
