{"age":[{"age_group":"<20","count":276,"tested":2792},{"age_group":"20-29   ","count":239,"tested":2362},{"age_group":"30-39   ","count":214,"tested":1992},{"age_group":"40-49   ","count":269,"tested":2349},{"age_group":"50-59   ","count":240,"tested":2408},{"age_group":"60-69   ","count":152,"tested":1584},{"age_group":"70-79   ","count":60,"tested":894},{"age_group":"80+","count":22,"tested":414}],"race":[{"description":"Other","count":35,"tested":463,"color":"rgb(148,103,189)"},{"description":"Left Blank","count":449,"tested":4405,"color":"rgb(44,160,44)"},{"description":"Hispanic","count":100,"tested":703,"color":"rgb(214,39,40)"},{"description":"White","count":870,"tested":8891,"color":"rgb(31,119,180)"},{"description":"Asian","count":10,"tested":102,"color":"rgb(140,86,75)"},{"description":"Black","count":7,"tested":209,"color":"rgb(255,127,14)"}],"gender":[{"description":"Female","count":754,"tested":7849,"color":"rgb(255,127,14)"},{"description":"Unknown/Left Blank","count":11,"tested":171,"color":"rgb(44,160,44)"},{"description":"Male","count":707,"tested":6775,"color":"rgb(31,119,180)"}]}
