{"age":[{"age_group":"<20","count":347,"tested":5622},{"age_group":"20-29   ","count":811,"tested":18193},{"age_group":"30-39   ","count":824,"tested":17165},{"age_group":"40-49   ","count":554,"tested":11340},{"age_group":"50-59   ","count":520,"tested":11878},{"age_group":"60-69   ","count":406,"tested":11875},{"age_group":"70-79   ","count":195,"tested":6477},{"age_group":"80+","count":166,"tested":4184}],"race":[{"description":"Black","count":944,"tested":14653,"color":"rgb(255,127,14)"},{"description":"Hispanic","count":438,"tested":4188,"color":"rgb(214,39,40)"},{"description":"Other","count":172,"tested":3130,"color":"rgb(148,103,189)"},{"description":"Left Blank","count":1116,"tested":44150,"color":"rgb(44,160,44)"},{"description":"White","count":620,"tested":12032,"color":"rgb(31,119,180)"},{"description":"Asian","count":525,"tested":8431,"color":"rgb(140,86,75)"}],"gender":[{"description":"Female","count":1916,"tested":43730,"color":"rgb(255,127,14)"},{"description":"Unknown/Left Blank","count":66,"tested":2496,"color":"rgb(44,160,44)"},{"description":"Male","count":1841,"tested":40528,"color":"rgb(31,119,180)"}]}
