{"age":[{"age_group":"<20","count":127,"tested":1021},{"age_group":"20-29   ","count":140,"tested":1390},{"age_group":"30-39   ","count":107,"tested":1264},{"age_group":"40-49   ","count":113,"tested":1384},{"age_group":"50-59   ","count":134,"tested":1673},{"age_group":"60-69   ","count":71,"tested":1283},{"age_group":"70-79   ","count":35,"tested":415},{"age_group":"80+","count":7,"tested":176}],"race":[{"description":"Other","count":14,"tested":177,"color":"rgb(148,103,189)"},{"description":"Left Blank","count":252,"tested":3863,"color":"rgb(44,160,44)"},{"description":"White","count":319,"tested":3724,"color":"rgb(31,119,180)"},{"description":"Asian","count":7,"tested":102,"color":"rgb(140,86,75)"},{"description":"Hispanic","count":137,"tested":649,"color":"rgb(214,39,40)"}],"gender":[{"description":"Female","count":381,"tested":4688,"color":"rgb(255,127,14)"},{"description":"Male","count":347,"tested":3783,"color":"rgb(31,119,180)"}]}
