{"age":[{"age_group":"<20","count":31,"tested":306},{"age_group":"20-29   ","count":38,"tested":365},{"age_group":"30-39   ","count":36,"tested":250},{"age_group":"40-49   ","count":36,"tested":339},{"age_group":"50-59   ","count":38,"tested":294},{"age_group":"60-69   ","count":21,"tested":276},{"age_group":"70-79   ","count":7,"tested":116},{"age_group":"80+","count":8,"tested":85}],"race":[{"description":"White","count":150,"tested":1137,"color":"rgb(31,119,180)"},{"description":"Left Blank","count":38,"tested":737,"color":"rgb(44,160,44)"},{"description":"Hispanic","count":25,"tested":122,"color":"rgb(214,39,40)"}],"gender":[{"description":"Female","count":107,"tested":1093,"color":"rgb(255,127,14)"},{"description":"Male","count":108,"tested":933,"color":"rgb(31,119,180)"}]}
