{"age":[{"age_group":"<20","count":162,"tested":1082},{"age_group":"20-29   ","count":189,"tested":1831},{"age_group":"30-39   ","count":175,"tested":1691},{"age_group":"40-49   ","count":143,"tested":1469},{"age_group":"50-59   ","count":146,"tested":1515},{"age_group":"60-69   ","count":101,"tested":1606},{"age_group":"70-79   ","count":46,"tested":572},{"age_group":"80+","count":21,"tested":290}],"race":[{"description":"Black","count":28,"tested":320,"color":"rgb(255,127,14)"},{"description":"Asian","count":26,"tested":291,"color":"rgb(140,86,75)"},{"description":"Other","count":56,"tested":429,"color":"rgb(148,103,189)"},{"description":"Left Blank","count":383,"tested":4553,"color":"rgb(44,160,44)"},{"description":"White","count":373,"tested":3698,"color":"rgb(31,119,180)"},{"description":"Hispanic","count":114,"tested":744,"color":"rgb(214,39,40)"}],"gender":[{"description":"Female","count":551,"tested":5534,"color":"rgb(255,127,14)"},{"description":"Male","count":430,"tested":4347,"color":"rgb(31,119,180)"}]}
