{"age":[{"age_group":"<20","count":23,"tested":274},{"age_group":"20-29   ","count":30,"tested":377},{"age_group":"30-39   ","count":21,"tested":224},{"age_group":"40-49   ","count":21,"tested":252},{"age_group":"50-59   ","count":22,"tested":302},{"age_group":"60-69   ","count":19,"tested":228},{"age_group":"70-79   ","count":11,"tested":121}],"race":[{"description":"White","count":121,"tested":1256,"color":"rgb(31,119,180)"},{"description":"Left Blank","count":23,"tested":475,"color":"rgb(44,160,44)"}],"gender":[{"description":"Male","count":69,"tested":802,"color":"rgb(31,119,180)"},{"description":"Female","count":82,"tested":969,"color":"rgb(255,127,14)"}]}
