{"age":[{"age_group":"<20","count":382,"tested":3605},{"age_group":"20-29   ","count":521,"tested":8104},{"age_group":"30-39   ","count":543,"tested":9134},{"age_group":"40-49   ","count":510,"tested":10293},{"age_group":"50-59   ","count":540,"tested":11981},{"age_group":"60-69   ","count":552,"tested":12755},{"age_group":"70-79   ","count":338,"tested":7691},{"age_group":"80+","count":492,"tested":11528}],"race":[{"description":"NH/PI*","count":20,"tested":178,"color":"rgb(127,127,127)"},{"description":"AI/AN**","count":11,"tested":85,"color":"rgb(31,119,180)"},{"description":"Left Blank","count":1169,"tested":45013,"color":"rgb(44,160,44)"},{"description":"Other","count":384,"tested":2586,"color":"rgb(148,103,189)"},{"description":"Black","count":61,"tested":1136,"color":"rgb(255,127,14)"},{"description":"White","count":1386,"tested":15544,"color":"rgb(31,119,180)"},{"description":"Asian","count":441,"tested":7508,"color":"rgb(140,86,75)"},{"description":"Hispanic","count":408,"tested":3083,"color":"rgb(214,39,40)"}],"gender":[{"description":"Female","count":2063,"tested":45261,"color":"rgb(255,127,14)"},{"description":"Male","count":1781,"tested":28801,"color":"rgb(31,119,180)"},{"description":"Unknown/Left Blank","count":36,"tested":1071,"color":"rgb(44,160,44)"}]}
