{"age":[{"age_group":"<20","count":340,"tested":2561},{"age_group":"20-29   ","count":449,"tested":3940},{"age_group":"30-39   ","count":425,"tested":4118},{"age_group":"40-49   ","count":378,"tested":3305},{"age_group":"50-59   ","count":365,"tested":3399},{"age_group":"60-69   ","count":239,"tested":3034},{"age_group":"70-79   ","count":109,"tested":1623},{"age_group":"80+","count":53,"tested":754}],"race":[{"description":"Other","count":80,"tested":756,"color":"rgb(148,103,189)"},{"description":"Black","count":307,"tested":3230,"color":"rgb(255,127,14)"},{"description":"White","count":625,"tested":6052,"color":"rgb(31,119,180)"},{"description":"Asian","count":30,"tested":244,"color":"rgb(140,86,75)"},{"description":"Left Blank","count":890,"tested":10081,"color":"rgb(44,160,44)"},{"description":"Hispanic","count":421,"tested":2319,"color":"rgb(214,39,40)"}],"gender":[{"description":"Male","count":1083,"tested":9439,"color":"rgb(31,119,180)"},{"description":"Unknown/Left Blank","count":17,"tested":346,"color":"rgb(44,160,44)"},{"description":"Female","count":1258,"tested":12955,"color":"rgb(255,127,14)"}]}
