{"age":[{"age_group":"<20","count":170,"tested":1654},{"age_group":"20-29   ","count":108,"tested":2218},{"age_group":"30-39   ","count":81,"tested":1600},{"age_group":"40-49   ","count":94,"tested":2305},{"age_group":"50-59   ","count":123,"tested":2037},{"age_group":"60-69   ","count":132,"tested":2427},{"age_group":"70-79   ","count":145,"tested":2681},{"age_group":"80+","count":139,"tested":2520}],"race":[{"description":"Black","count":13,"tested":194,"color":"rgb(255,127,14)"},{"description":"Hispanic","count":55,"tested":295,"color":"rgb(214,39,40)"},{"description":"Asian","count":139,"tested":1510,"color":"rgb(140,86,75)"},{"description":"White","count":528,"tested":5371,"color":"rgb(31,119,180)"},{"description":"Other","count":52,"tested":774,"color":"rgb(148,103,189)"},{"description":"Left Blank","count":204,"tested":9238,"color":"rgb(44,160,44)"}],"gender":[{"description":"Male","count":476,"tested":7292,"color":"rgb(31,119,180)"},{"description":"Female","count":507,"tested":9999,"color":"rgb(255,127,14)"}]}
