{"age":[{"age_group":"<20","count":190,"tested":2132},{"age_group":"20-29   ","count":157,"tested":2118},{"age_group":"30-39   ","count":128,"tested":1636},{"age_group":"40-49   ","count":179,"tested":1643},{"age_group":"50-59   ","count":199,"tested":2066},{"age_group":"60-69   ","count":114,"tested":1736},{"age_group":"70-79   ","count":47,"tested":1210},{"age_group":"80+","count":28,"tested":602}],"race":[{"description":"Left Blank","count":212,"tested":3822,"color":"rgb(44,160,44)"},{"description":"Hispanic","count":92,"tested":686,"color":"rgb(214,39,40)"},{"description":"Other","count":39,"tested":368,"color":"rgb(148,103,189)"},{"description":"White","count":679,"tested":7966,"color":"rgb(31,119,180)"},{"description":"Black","count":9,"tested":156,"color":"rgb(255,127,14)"},{"description":"Asian","count":8,"tested":124,"color":"rgb(140,86,75)"}],"gender":[{"description":"Female","count":523,"tested":6855,"color":"rgb(255,127,14)"},{"description":"Male","count":511,"tested":6175,"color":"rgb(31,119,180)"}]}
