{"age":[{"age_group":"<20","count":1136,"tested":14324},{"age_group":"20-29   ","count":672,"tested":10311},{"age_group":"30-39   ","count":571,"tested":9962},{"age_group":"40-49   ","count":788,"tested":10763},{"age_group":"50-59   ","count":796,"tested":12073},{"age_group":"60-69   ","count":419,"tested":8560},{"age_group":"70-79   ","count":203,"tested":5529},{"age_group":"80+","count":180,"tested":10925}],"race":[{"description":"AI/AN**","count":10,"tested":49,"color":"rgb(31,119,180)"},{"description":"Other","count":118,"tested":2310,"color":"rgb(148,103,189)"},{"description":"Left Blank","count":977,"tested":39236,"color":"rgb(44,160,44)"},{"description":"Asian","count":175,"tested":2238,"color":"rgb(140,86,75)"},{"description":"Black","count":114,"tested":1121,"color":"rgb(255,127,14)"},{"description":"White","count":2929,"tested":34449,"color":"rgb(31,119,180)"},{"description":"Hispanic","count":437,"tested":3008,"color":"rgb(214,39,40)"}],"gender":[{"description":"Male","count":2373,"tested":33783,"color":"rgb(31,119,180)"},{"description":"Unknown/Left Blank","count":45,"tested":963,"color":"rgb(44,160,44)"},{"description":"Female","count":2347,"tested":47711,"color":"rgb(255,127,14)"}]}
