{"age":[{"age_group":"<20","count":669,"tested":9323},{"age_group":"20-29   ","count":531,"tested":8273},{"age_group":"30-39   ","count":393,"tested":7315},{"age_group":"40-49   ","count":526,"tested":8319},{"age_group":"50-59   ","count":558,"tested":10636},{"age_group":"60-69   ","count":364,"tested":8687},{"age_group":"70-79   ","count":161,"tested":5343},{"age_group":"80+","count":180,"tested":5554}],"race":[{"description":"Hispanic","count":248,"tested":2330,"color":"rgb(214,39,40)"},{"description":"Left Blank","count":687,"tested":27629,"color":"rgb(44,160,44)"},{"description":"White","count":1738,"tested":23919,"color":"rgb(31,119,180)"},{"description":"Black","count":30,"tested":752,"color":"rgb(255,127,14)"},{"description":"NH/PI*","count":8,"tested":113,"color":"rgb(127,127,127)"},{"description":"Asian","count":263,"tested":4930,"color":"rgb(140,86,75)"},{"description":"AI/AN**","count":11,"tested":86,"color":"rgb(31,119,180)"},{"description":"Other","count":399,"tested":3704,"color":"rgb(148,103,189)"}],"gender":[{"description":"Male","count":1602,"tested":26116,"color":"rgb(31,119,180)"},{"description":"Female","count":1736,"tested":35861,"color":"rgb(255,127,14)"},{"description":"Unknown/Left Blank","count":46,"tested":1486,"color":"rgb(44,160,44)"}]}
