{"age":[{"age_group":"<20","count":521,"tested":6051},{"age_group":"20-29   ","count":373,"tested":5199},{"age_group":"30-39   ","count":333,"tested":4923},{"age_group":"40-49   ","count":312,"tested":3982},{"age_group":"50-59   ","count":423,"tested":5101},{"age_group":"60-69   ","count":254,"tested":4091},{"age_group":"70-79   ","count":82,"tested":2408},{"age_group":"80+","count":89,"tested":3201}],"race":[{"description":"Left Blank","count":420,"tested":12546,"color":"rgb(44,160,44)"},{"description":"White","count":1571,"tested":18552,"color":"rgb(31,119,180)"},{"description":"Asian","count":61,"tested":615,"color":"rgb(140,86,75)"},{"description":"Hispanic","count":214,"tested":1633,"color":"rgb(214,39,40)"},{"description":"Black","count":47,"tested":713,"color":"rgb(255,127,14)"},{"description":"Other","count":70,"tested":892,"color":"rgb(148,103,189)"}],"gender":[{"description":"Male","count":1139,"tested":14989,"color":"rgb(31,119,180)"},{"description":"Unknown/Left Blank","count":14,"tested":460,"color":"rgb(44,160,44)"},{"description":"Female","count":1235,"tested":19544,"color":"rgb(255,127,14)"}]}
