{"age":[{"age_group":"<20","count":918,"tested":7879},{"age_group":"20-29   ","count":1143,"tested":15042},{"age_group":"30-39   ","count":1004,"tested":14235},{"age_group":"40-49   ","count":1034,"tested":13991},{"age_group":"50-59   ","count":922,"tested":16466},{"age_group":"60-69   ","count":624,"tested":12619},{"age_group":"70-79   ","count":306,"tested":6427},{"age_group":"80+","count":193,"tested":5172}],"race":[{"description":"Black","count":2090,"tested":29542,"color":"rgb(255,127,14)"},{"description":"Asian","count":14,"tested":228,"color":"rgb(140,86,75)"},{"description":"AI/AN**","count":37,"tested":239,"color":"rgb(31,119,180)"},{"description":"Other","count":203,"tested":2446,"color":"rgb(148,103,189)"},{"description":"White","count":746,"tested":11228,"color":"rgb(31,119,180)"},{"description":"Left Blank","count":2001,"tested":41931,"color":"rgb(44,160,44)"},{"description":"Hispanic","count":1050,"tested":6148,"color":"rgb(214,39,40)"}],"gender":[{"description":"Male","count":2736,"tested":38423,"color":"rgb(31,119,180)"},{"description":"Unknown/Left Blank","count":39,"tested":1321,"color":"rgb(44,160,44)"},{"description":"Female","count":3370,"tested":52115,"color":"rgb(255,127,14)"}]}
