{"age":[{"age_group":"<20","count":356,"tested":3753},{"age_group":"20-29   ","count":473,"tested":4898},{"age_group":"30-39   ","count":256,"tested":2997},{"age_group":"40-49   ","count":335,"tested":3617},{"age_group":"50-59   ","count":463,"tested":4787},{"age_group":"60-69   ","count":351,"tested":4256},{"age_group":"70-79   ","count":169,"tested":3301},{"age_group":"80+","count":166,"tested":5778}],"race":[{"description":"Black","count":47,"tested":594,"color":"rgb(255,127,14)"},{"description":"Hispanic","count":93,"tested":818,"color":"rgb(214,39,40)"},{"description":"Asian","count":76,"tested":929,"color":"rgb(140,86,75)"},{"description":"White","count":1306,"tested":13775,"color":"rgb(31,119,180)"},{"description":"Other","count":110,"tested":1201,"color":"rgb(148,103,189)"},{"description":"Left Blank","count":931,"tested":16039,"color":"rgb(44,160,44)"}],"gender":[{"description":"Unknown/Left Blank","count":16,"tested":804,"color":"rgb(44,160,44)"},{"description":"Male","count":1215,"tested":13978,"color":"rgb(31,119,180)"},{"description":"Female","count":1338,"tested":18609,"color":"rgb(255,127,14)"}]}
