{"age":[{"age_group":"<20","count":1304,"tested":10179},{"age_group":"20-29   ","count":1449,"tested":15166},{"age_group":"30-39   ","count":1554,"tested":15413},{"age_group":"40-49   ","count":1439,"tested":12775},{"age_group":"50-59   ","count":1009,"tested":10891},{"age_group":"60-69   ","count":725,"tested":8382},{"age_group":"70-79   ","count":378,"tested":4300},{"age_group":"80+","count":130,"tested":1526}],"race":[{"description":"Asian","count":12,"tested":292,"color":"rgb(140,86,75)"},{"description":"White","count":281,"tested":5506,"color":"rgb(31,119,180)"},{"description":"Other","count":206,"tested":2592,"color":"rgb(148,103,189)"},{"description":"Left Blank","count":1532,"tested":28139,"color":"rgb(44,160,44)"},{"description":"Black","count":2309,"tested":23032,"color":"rgb(255,127,14)"},{"description":"Hispanic","count":3643,"tested":18935,"color":"rgb(214,39,40)"}],"gender":[{"description":"Male","count":3655,"tested":33097,"color":"rgb(31,119,180)"},{"description":"Unknown/Left Blank","count":70,"tested":1718,"color":"rgb(44,160,44)"},{"description":"Female","count":4263,"tested":43871,"color":"rgb(255,127,14)"}]}
