{"age":[{"age_group":"<20","count":772,"tested":6685},{"age_group":"20-29   ","count":879,"tested":15834},{"age_group":"30-39   ","count":929,"tested":17614},{"age_group":"40-49   ","count":796,"tested":16742},{"age_group":"50-59   ","count":710,"tested":17473},{"age_group":"60-69   ","count":555,"tested":14153},{"age_group":"70-79   ","count":284,"tested":6675},{"age_group":"80+","count":246,"tested":5622}],"race":[{"description":"Black","count":1230,"tested":30306,"color":"rgb(255,127,14)"},{"description":"Hispanic","count":777,"tested":4734,"color":"rgb(214,39,40)"},{"description":"Asian","count":10,"tested":616,"color":"rgb(140,86,75)"},{"description":"White","count":1970,"tested":41899,"color":"rgb(31,119,180)"},{"description":"Other","count":103,"tested":2796,"color":"rgb(148,103,189)"},{"description":"Left Blank","count":1079,"tested":20264,"color":"rgb(44,160,44)"}],"gender":[{"description":"Unknown/Left Blank","count":19,"tested":1139,"color":"rgb(44,160,44)"},{"description":"Male","count":2422,"tested":37384,"color":"rgb(31,119,180)"},{"description":"Female","count":2731,"tested":62335,"color":"rgb(255,127,14)"}]}
