{"age":[{"age_group":"<20","count":295,"tested":2540},{"age_group":"20-29   ","count":304,"tested":2773},{"age_group":"30-39   ","count":300,"tested":2951},{"age_group":"40-49   ","count":298,"tested":2370},{"age_group":"50-59   ","count":231,"tested":1828},{"age_group":"60-69   ","count":130,"tested":1398},{"age_group":"70-79   ","count":46,"tested":661},{"age_group":"80+","count":23,"tested":288}],"race":[{"description":"Left Blank","count":351,"tested":4910,"color":"rgb(44,160,44)"},{"description":"Asian","count":10,"tested":124,"color":"rgb(140,86,75)"},{"description":"White","count":585,"tested":5509,"color":"rgb(31,119,180)"},{"description":"Other","count":33,"tested":470,"color":"rgb(148,103,189)"},{"description":"Black","count":73,"tested":910,"color":"rgb(255,127,14)"},{"description":"Hispanic","count":574,"tested":2857,"color":"rgb(214,39,40)"}],"gender":[{"description":"Male","count":776,"tested":6118,"color":"rgb(31,119,180)"},{"description":"Female","count":844,"tested":8398,"color":"rgb(255,127,14)"}]}
