{"age":[{"age_group":"<20","count":213,"tested":2727},{"age_group":"20-29   ","count":226,"tested":3502},{"age_group":"30-39   ","count":239,"tested":3597},{"age_group":"40-49   ","count":231,"tested":3492},{"age_group":"50-59   ","count":206,"tested":3469},{"age_group":"60-69   ","count":195,"tested":3964},{"age_group":"70-79   ","count":110,"tested":2073},{"age_group":"80+","count":91,"tested":2053}],"race":[{"description":"Hispanic","count":56,"tested":521,"color":"rgb(214,39,40)"},{"description":"Black","count":876,"tested":11958,"color":"rgb(255,127,14)"},{"description":"White","count":85,"tested":1497,"color":"rgb(31,119,180)"},{"description":"Other","count":39,"tested":393,"color":"rgb(148,103,189)"},{"description":"Left Blank","count":453,"tested":10517,"color":"rgb(44,160,44)"}],"gender":[{"description":"Female","count":844,"tested":14605,"color":"rgb(255,127,14)"},{"description":"Male","count":654,"tested":9421,"color":"rgb(31,119,180)"},{"description":"Unknown/Left Blank","count":13,"tested":933,"color":"rgb(44,160,44)"}]}
