{"age":[{"age_group":"<20","count":1411,"tested":12208},{"age_group":"20-29   ","count":1516,"tested":16566},{"age_group":"30-39   ","count":1301,"tested":14629},{"age_group":"40-49   ","count":1305,"tested":13825},{"age_group":"50-59   ","count":1188,"tested":13752},{"age_group":"60-69   ","count":852,"tested":11919},{"age_group":"70-79   ","count":418,"tested":7141},{"age_group":"80+","count":242,"tested":4332}],"race":[{"description":"Left Blank","count":2035,"tested":30976,"color":"rgb(44,160,44)"},{"description":"Other","count":173,"tested":2213,"color":"rgb(148,103,189)"},{"description":"White","count":699,"tested":7731,"color":"rgb(31,119,180)"},{"description":"Asian","count":19,"tested":205,"color":"rgb(140,86,75)"},{"description":"Hispanic","count":2771,"tested":19457,"color":"rgb(214,39,40)"},{"description":"Black","count":2518,"tested":33554,"color":"rgb(255,127,14)"},{"description":"AI/AN**","count":17,"tested":199,"color":"rgb(31,119,180)"}],"gender":[{"description":"Male","count":3734,"tested":39072,"color":"rgb(31,119,180)"},{"description":"Unknown/Left Blank","count":39,"tested":1255,"color":"rgb(44,160,44)"},{"description":"Female","count":4460,"tested":54091,"color":"rgb(255,127,14)"}]}
