{"age":[{"age_group":"<20","count":215,"tested":1566},{"age_group":"20-29   ","count":207,"tested":2077},{"age_group":"30-39   ","count":250,"tested":2176},{"age_group":"40-49   ","count":173,"tested":1645},{"age_group":"50-59   ","count":186,"tested":1987},{"age_group":"60-69   ","count":154,"tested":1583},{"age_group":"70-79   ","count":39,"tested":668},{"age_group":"80+","count":26,"tested":491}],"race":[{"description":"White","count":543,"tested":5127,"color":"rgb(31,119,180)"},{"description":"Other","count":50,"tested":584,"color":"rgb(148,103,189)"},{"description":"Left Blank","count":220,"tested":3348,"color":"rgb(44,160,44)"},{"description":"Black","count":20,"tested":177,"color":"rgb(255,127,14)"},{"description":"Asian","count":22,"tested":221,"color":"rgb(140,86,75)"},{"description":"Hispanic","count":393,"tested":2709,"color":"rgb(214,39,40)"}],"gender":[{"description":"Male","count":604,"tested":5478,"color":"rgb(31,119,180)"},{"description":"Female","count":644,"tested":6547,"color":"rgb(255,127,14)"}]}
