{"age":[{"age_group":"<20","count":50,"tested":445},{"age_group":"20-29   ","count":44,"tested":732},{"age_group":"30-39   ","count":44,"tested":716},{"age_group":"40-49   ","count":49,"tested":716},{"age_group":"50-59   ","count":66,"tested":1056},{"age_group":"60-69   ","count":51,"tested":984},{"age_group":"70-79   ","count":35,"tested":743},{"age_group":"80+","count":28,"tested":427}],"race":[{"description":"Left Blank","count":104,"tested":2310,"color":"rgb(44,160,44)"},{"description":"Other","count":15,"tested":141,"color":"rgb(148,103,189)"},{"description":"White","count":43,"tested":531,"color":"rgb(31,119,180)"},{"description":"Black","count":200,"tested":2744,"color":"rgb(255,127,14)"}],"gender":[{"description":"Female","count":199,"tested":3432,"color":"rgb(255,127,14)"},{"description":"Male","count":164,"tested":2303,"color":"rgb(31,119,180)"}]}
