{"age":[{"age_group":"<20","count":164,"tested":2041},{"age_group":"20-29   ","count":172,"tested":2427},{"age_group":"30-39   ","count":164,"tested":2784},{"age_group":"40-49   ","count":204,"tested":2539},{"age_group":"50-59   ","count":243,"tested":3282},{"age_group":"60-69   ","count":217,"tested":3050},{"age_group":"70-79   ","count":92,"tested":1534},{"age_group":"80+","count":37,"tested":816}],"race":[{"description":"Hispanic","count":30,"tested":244,"color":"rgb(214,39,40)"},{"description":"Left Blank","count":287,"tested":8943,"color":"rgb(44,160,44)"},{"description":"White","count":920,"tested":8692,"color":"rgb(31,119,180)"},{"description":"Other","count":20,"tested":393,"color":"rgb(148,103,189)"},{"description":"Black","count":27,"tested":140,"color":"rgb(255,127,14)"}],"gender":[{"description":"Male","count":623,"tested":7604,"color":"rgb(31,119,180)"},{"description":"Female","count":667,"tested":10562,"color":"rgb(255,127,14)"}]}
