{"age":[{"age_group":"<20","count":583,"tested":4146},{"age_group":"20-29   ","count":732,"tested":5726},{"age_group":"30-39   ","count":669,"tested":4892},{"age_group":"40-49   ","count":653,"tested":4292},{"age_group":"50-59   ","count":519,"tested":3919},{"age_group":"60-69   ","count":318,"tested":3346},{"age_group":"70-79   ","count":139,"tested":2356},{"age_group":"80+","count":81,"tested":2286}],"race":[{"description":"Other","count":171,"tested":1580,"color":"rgb(148,103,189)"},{"description":"Left Blank","count":982,"tested":12737,"color":"rgb(44,160,44)"},{"description":"White","count":649,"tested":6684,"color":"rgb(31,119,180)"},{"description":"Black","count":116,"tested":1250,"color":"rgb(255,127,14)"},{"description":"Asian","count":19,"tested":260,"color":"rgb(140,86,75)"},{"description":"Hispanic","count":1754,"tested":8461,"color":"rgb(214,39,40)"}],"gender":[{"description":"Female","count":1842,"tested":17133,"color":"rgb(255,127,14)"},{"description":"Male","count":1816,"tested":13405,"color":"rgb(31,119,180)"},{"description":"Unknown/Left Blank","count":37,"tested":473,"color":"rgb(44,160,44)"}]}
