{"age":[{"age_group":"<20","count":449,"tested":4239},{"age_group":"20-29   ","count":458,"tested":4497},{"age_group":"30-39   ","count":347,"tested":3699},{"age_group":"40-49   ","count":394,"tested":3295},{"age_group":"50-59   ","count":491,"tested":4822},{"age_group":"60-69   ","count":294,"tested":3541},{"age_group":"70-79   ","count":127,"tested":2076},{"age_group":"80+","count":70,"tested":1820}],"race":[{"description":"Hispanic","count":102,"tested":701,"color":"rgb(214,39,40)"},{"description":"Left Blank","count":1027,"tested":12939,"color":"rgb(44,160,44)"},{"description":"White","count":1379,"tested":13065,"color":"rgb(31,119,180)"},{"description":"Black","count":32,"tested":294,"color":"rgb(255,127,14)"},{"description":"Asian","count":17,"tested":218,"color":"rgb(140,86,75)"},{"description":"Other","count":70,"tested":731,"color":"rgb(148,103,189)"}],"gender":[{"description":"Unknown/Left Blank","count":50,"tested":548,"color":"rgb(44,160,44)"},{"description":"Male","count":1305,"tested":12507,"color":"rgb(31,119,180)"},{"description":"Female","count":1276,"tested":14936,"color":"rgb(255,127,14)"}]}
