{"age":[{"age_group":"<20","count":83,"tested":674},{"age_group":"20-29   ","count":97,"tested":734},{"age_group":"30-39   ","count":60,"tested":681},{"age_group":"40-49   ","count":80,"tested":605},{"age_group":"50-59   ","count":108,"tested":981},{"age_group":"60-69   ","count":79,"tested":801},{"age_group":"70-79   ","count":30,"tested":496},{"age_group":"80+","count":17,"tested":232}],"race":[{"description":"Left Blank","count":48,"tested":2068,"color":"rgb(44,160,44)"},{"description":"Other","count":10,"tested":101,"color":"rgb(148,103,189)"},{"description":"White","count":400,"tested":2628,"color":"rgb(31,119,180)"},{"description":"Hispanic","count":62,"tested":237,"color":"rgb(214,39,40)"},{"description":"Asian","count":13,"tested":58,"color":"rgb(140,86,75)"},{"description":"Black","count":20,"tested":110,"color":"rgb(255,127,14)"}],"gender":[{"description":"Male","count":266,"tested":2208,"color":"rgb(31,119,180)"},{"description":"Female","count":286,"tested":2912,"color":"rgb(255,127,14)"}]}
