{"age":[{"age_group":"<20","count":524,"tested":6398},{"age_group":"20-29   ","count":637,"tested":9008},{"age_group":"30-39   ","count":483,"tested":7465},{"age_group":"40-49   ","count":447,"tested":6730},{"age_group":"50-59   ","count":565,"tested":8754},{"age_group":"60-69   ","count":338,"tested":6948},{"age_group":"70-79   ","count":129,"tested":2942},{"age_group":"80+","count":133,"tested":2529}],"race":[{"description":"Left Blank","count":666,"tested":15408,"color":"rgb(44,160,44)"},{"description":"White","count":1254,"tested":20776,"color":"rgb(31,119,180)"},{"description":"Other","count":238,"tested":2089,"color":"rgb(148,103,189)"},{"description":"Asian","count":154,"tested":3354,"color":"rgb(140,86,75)"},{"description":"Hispanic","count":685,"tested":5379,"color":"rgb(214,39,40)"},{"description":"Black","count":236,"tested":3473,"color":"rgb(255,127,14)"},{"description":"NH/PI*","count":17,"tested":254,"color":"rgb(127,127,127)"}],"gender":[{"description":"Male","count":1510,"tested":21508,"color":"rgb(31,119,180)"},{"description":"Unknown/Left Blank","count":52,"tested":560,"color":"rgb(44,160,44)"},{"description":"Female","count":1694,"tested":28717,"color":"rgb(255,127,14)"}]}
