{"age":[{"age_group":"<20","count":28,"tested":256},{"age_group":"20-29   ","count":25,"tested":298},{"age_group":"30-39   ","count":16,"tested":299},{"age_group":"40-49   ","count":28,"tested":376},{"age_group":"50-59   ","count":13,"tested":253},{"age_group":"60-69   ","count":23,"tested":137},{"age_group":"70-79   ","count":19,"tested":113},{"age_group":"80+","count":50,"tested":346}],"race":[{"description":"White","count":132,"tested":1206,"color":"rgb(31,119,180)"},{"description":"Left Blank","count":62,"tested":847,"color":"rgb(44,160,44)"}],"gender":[{"description":"Male","count":78,"tested":816,"color":"rgb(31,119,180)"},{"description":"Female","count":122,"tested":1210,"color":"rgb(255,127,14)"}]}
