{"age":[{"age_group":"<20","count":315,"tested":2447},{"age_group":"20-29   ","count":461,"tested":3824},{"age_group":"30-39   ","count":481,"tested":4135},{"age_group":"40-49   ","count":395,"tested":3195},{"age_group":"50-59   ","count":354,"tested":4067},{"age_group":"60-69   ","count":243,"tested":3451},{"age_group":"70-79   ","count":126,"tested":3054},{"age_group":"80+","count":123,"tested":5303}],"race":[{"description":"Hispanic","count":1144,"tested":4732,"color":"rgb(214,39,40)"},{"description":"Left Blank","count":486,"tested":16063,"color":"rgb(44,160,44)"},{"description":"White","count":659,"tested":6343,"color":"rgb(31,119,180)"},{"description":"Asian","count":55,"tested":674,"color":"rgb(140,86,75)"},{"description":"Black","count":73,"tested":852,"color":"rgb(255,127,14)"},{"description":"Other","count":73,"tested":783,"color":"rgb(148,103,189)"}],"gender":[{"description":"Female","count":1278,"tested":17315,"color":"rgb(255,127,14)"},{"description":"Male","count":1211,"tested":11696,"color":"rgb(31,119,180)"}]}
