{"age":[{"age_group":"<20","count":21,"tested":256},{"age_group":"20-29   ","count":29,"tested":811},{"age_group":"30-39   ","count":24,"tested":812},{"age_group":"40-49   ","count":15,"tested":873},{"age_group":"50-59   ","count":14,"tested":852},{"age_group":"60-69   ","count":9,"tested":455}],"race":[{"description":"Black","count":23,"tested":623,"color":"rgb(255,127,14)"},{"description":"Hispanic","count":17,"tested":361,"color":"rgb(214,39,40)"},{"description":"Left Blank","count":41,"tested":1460,"color":"rgb(44,160,44)"},{"description":"Other","count":7,"tested":145,"color":"rgb(148,103,189)"},{"description":"White","count":24,"tested":1405,"color":"rgb(31,119,180)"}],"gender":[{"description":"Male","count":59,"tested":2542,"color":"rgb(31,119,180)"},{"description":"Female","count":57,"tested":1685,"color":"rgb(255,127,14)"}]}
