{"age":[{"age_group":"<20","count":87,"tested":1098},{"age_group":"20-29   ","count":65,"tested":1061},{"age_group":"30-39   ","count":54,"tested":967},{"age_group":"40-49   ","count":62,"tested":908},{"age_group":"50-59   ","count":68,"tested":1257},{"age_group":"60-69   ","count":65,"tested":1650},{"age_group":"70-79   ","count":43,"tested":1080},{"age_group":"80+","count":51,"tested":1787}],"race":[{"description":"White","count":296,"tested":5110,"color":"rgb(31,119,180)"},{"description":"Left Blank","count":176,"tested":4431,"color":"rgb(44,160,44)"},{"description":"Hispanic","count":19,"tested":162,"color":"rgb(214,39,40)"}],"gender":[{"description":"Male","count":222,"tested":3316,"color":"rgb(31,119,180)"},{"description":"Female","count":257,"tested":6168,"color":"rgb(255,127,14)"},{"description":"Unknown/Left Blank","count":18,"tested":329,"color":"rgb(44,160,44)"}]}
