{"lastUpdatedDate":{"year":2021,"month":2,"day":1},"county_demographics":[{"County":"Jo Daviess","confirmed_cases":1552,"total_tested":17056,"demographics":{"age":[{"race":[],"age_group":"<20","count":245,"tested":2253,"deaths":0},{"race":[],"age_group":"20-29   ","count":223,"tested":1940,"deaths":0},{"race":[],"age_group":"30-39   ","count":171,"tested":1848,"deaths":0},{"race":[],"age_group":"40-49   ","count":203,"tested":1857,"deaths":0},{"race":[],"age_group":"50-59   ","count":248,"tested":2429,"deaths":0},{"race":[],"age_group":"60-69   ","count":226,"tested":2798,"deaths":0},{"race":[],"age_group":"70-79   ","count":131,"tested":1716,"deaths":0},{"race":[],"age_group":"80+","count":96,"tested":2210,"deaths":0},{"race":[],"age_group":"Unknown","count":0,"tested":0,"deaths":0}],"race":[{"description":"AI/AN**","count":0,"tested":11,"deaths":0,"color":"rgb(31,119,180)"},{"description":"Asian","count":0,"tested":23,"deaths":0,"color":"rgb(140,86,75)"},{"description":"Black","count":0,"tested":80,"deaths":0,"color":"rgb(255,127,14)"},{"description":"Hispanic","count":40,"tested":206,"deaths":0,"color":"rgb(214,39,40)"},{"description":"Left Blank","count":521,"tested":8618,"deaths":0,"color":"rgb(44,160,44)"},{"description":"NH/PI*","count":0,"tested":0,"deaths":0,"color":"rgb(127,127,127)"},{"description":"Other","count":9,"tested":135,"deaths":0,"color":"rgb(148,103,189)"},{"description":"White","count":974,"tested":7980,"deaths":0,"color":"rgb(31,119,180)"}],"gender":[{"description":"Female","count":783,"tested":10610,"deaths":0,"color":"rgb(255,127,14)"},{"description":"Male","count":718,"tested":5968,"deaths":0,"color":"rgb(31,119,180)"},{"description":"Unknown/Left Blank","count":51,"tested":478,"deaths":0,"color":"rgb(44,160,44)"}]}}]}
