{"lastUpdatedDate":{"year":2021,"month":2,"day":1},"county_demographics":[{"County":"Kankakee","confirmed_cases":11896,"total_tested":165217,"demographics":{"age":[{"race":[],"age_group":"<20","count":1710,"tested":14283,"deaths":0},{"race":[],"age_group":"20-29   ","count":2093,"tested":24443,"deaths":0},{"race":[],"age_group":"30-39   ","count":1791,"tested":24001,"deaths":0},{"race":[],"age_group":"40-49   ","count":1782,"tested":23833,"deaths":0},{"race":[],"age_group":"50-59   ","count":1843,"tested":27299,"deaths":0},{"race":[],"age_group":"60-69   ","count":1329,"tested":22473,"deaths":0},{"race":[],"age_group":"70-79   ","count":784,"tested":14548,"deaths":0},{"race":[],"age_group":"80+","count":561,"tested":14306,"deaths":0},{"race":[],"age_group":"Unknown","count":0,"tested":31,"deaths":0}],"race":[{"description":"AI/AN**","count":0,"tested":71,"deaths":0,"color":"rgb(31,119,180)"},{"description":"Asian","count":39,"tested":895,"deaths":0,"color":"rgb(140,86,75)"},{"description":"Black","count":1470,"tested":26639,"deaths":0,"color":"rgb(255,127,14)"},{"description":"Hispanic","count":1153,"tested":6020,"deaths":0,"color":"rgb(214,39,40)"},{"description":"Left Blank","count":2853,"tested":41040,"deaths":0,"color":"rgb(44,160,44)"},{"description":"NH/PI*","count":0,"tested":157,"deaths":0,"color":"rgb(127,127,127)"},{"description":"Other","count":302,"tested":4568,"deaths":0,"color":"rgb(148,103,189)"},{"description":"White","count":6065,"tested":85827,"deaths":0,"color":"rgb(31,119,180)"}],"gender":[{"description":"Female","count":6364,"tested":97295,"deaths":0,"color":"rgb(255,127,14)"},{"description":"Male","count":5496,"tested":64610,"deaths":0,"color":"rgb(31,119,180)"},{"description":"Unknown/Left Blank","count":33,"tested":3312,"deaths":0,"color":"rgb(44,160,44)"}]}}]}
