{"lastUpdatedDate":{"year":2021,"month":3,"day":20},"county_demographics":[{"County":"Mercer","confirmed_cases":1300,"total_tested":15756,"demographics":{"age":[{"race":[],"age_group":"<20","count":200,"tested":2610,"deaths":0},{"race":[],"age_group":"20-29   ","count":154,"tested":1817,"deaths":0},{"race":[],"age_group":"30-39   ","count":168,"tested":1923,"deaths":0},{"race":[],"age_group":"40-49   ","count":205,"tested":1854,"deaths":0},{"race":[],"age_group":"50-59   ","count":209,"tested":2316,"deaths":0},{"race":[],"age_group":"60-69   ","count":173,"tested":2010,"deaths":0},{"race":[],"age_group":"70-79   ","count":90,"tested":1533,"deaths":0},{"race":[],"age_group":"80+","count":96,"tested":1679,"deaths":0},{"race":[],"age_group":"Unknown","count":0,"tested":14,"deaths":0}],"race":[{"description":"Asian","count":0,"tested":6,"deaths":0,"color":"rgb(140,86,75)"},{"description":"Black","count":7,"tested":21,"deaths":0,"color":"rgb(255,127,14)"},{"description":"Hispanic","count":20,"tested":90,"deaths":0,"color":"rgb(214,39,40)"},{"description":"Left Blank","count":370,"tested":7104,"deaths":0,"color":"rgb(44,160,44)"},{"description":"NH/PI*","count":0,"tested":0,"deaths":0,"color":"rgb(127,127,127)"},{"description":"Other","count":10,"tested":204,"deaths":0,"color":"rgb(148,103,189)"},{"description":"White","count":885,"tested":8328,"deaths":0,"color":"rgb(31,119,180)"}],"gender":[{"description":"Female","count":698,"tested":9305,"deaths":0,"color":"rgb(255,127,14)"},{"description":"Male","count":594,"tested":6148,"deaths":0,"color":"rgb(31,119,180)"},{"description":"Unknown/Left Blank","count":6,"tested":303,"deaths":0,"color":"rgb(44,160,44)"}]}}]}
