{"lastUpdatedDate":{"year":2021,"month":3,"day":20},"county_demographics":[{"County":"Kankakee","confirmed_cases":12819,"total_tested":199234,"demographics":{"age":[{"race":[],"age_group":"<20","count":1866,"tested":16764,"deaths":0},{"race":[],"age_group":"20-29   ","count":2271,"tested":29507,"deaths":0},{"race":[],"age_group":"30-39   ","count":1956,"tested":29373,"deaths":0},{"race":[],"age_group":"40-49   ","count":1926,"tested":29199,"deaths":0},{"race":[],"age_group":"50-59   ","count":1979,"tested":33337,"deaths":0},{"race":[],"age_group":"60-69   ","count":1424,"tested":27140,"deaths":0},{"race":[],"age_group":"70-79   ","count":819,"tested":17242,"deaths":0},{"race":[],"age_group":"80+","count":575,"tested":16624,"deaths":0},{"race":[],"age_group":"Unknown","count":0,"tested":48,"deaths":0}],"race":[{"description":"AI/AN**","count":0,"tested":98,"deaths":0,"color":"rgb(31,119,180)"},{"description":"Asian","count":45,"tested":1157,"deaths":0,"color":"rgb(140,86,75)"},{"description":"Black","count":1608,"tested":33813,"deaths":0,"color":"rgb(255,127,14)"},{"description":"Hispanic","count":1232,"tested":7341,"deaths":0,"color":"rgb(214,39,40)"},{"description":"Left Blank","count":3042,"tested":48896,"deaths":0,"color":"rgb(44,160,44)"},{"description":"NH/PI*","count":0,"tested":235,"deaths":0,"color":"rgb(127,127,127)"},{"description":"Other","count":335,"tested":5242,"deaths":0,"color":"rgb(148,103,189)"},{"description":"White","count":6542,"tested":102452,"deaths":0,"color":"rgb(31,119,180)"}],"gender":[{"description":"Female","count":6781,"tested":117281,"deaths":0,"color":"rgb(255,127,14)"},{"description":"Male","count":5999,"tested":78078,"deaths":0,"color":"rgb(31,119,180)"},{"description":"Unknown/Left Blank","count":39,"tested":3875,"deaths":0,"color":"rgb(44,160,44)"}]}}]}
