{"lastUpdatedDate":{"year":2021,"month":3,"day":20},"county_demographics":[{"County":"Hamilton","confirmed_cases":796,"total_tested":6848,"demographics":{"age":[{"race":[],"age_group":"<20","count":96,"tested":884,"deaths":0},{"race":[],"age_group":"20-29   ","count":104,"tested":928,"deaths":0},{"race":[],"age_group":"30-39   ","count":125,"tested":976,"deaths":0},{"race":[],"age_group":"40-49   ","count":105,"tested":1175,"deaths":0},{"race":[],"age_group":"50-59   ","count":124,"tested":1166,"deaths":0},{"race":[],"age_group":"60-69   ","count":98,"tested":847,"deaths":0},{"race":[],"age_group":"70-79   ","count":63,"tested":503,"deaths":0},{"race":[],"age_group":"80+","count":59,"tested":366,"deaths":0},{"race":[],"age_group":"Unknown","count":0,"tested":0,"deaths":0}],"race":[{"description":"AI/AN**","count":0,"tested":0,"deaths":0,"color":"rgb(31,119,180)"},{"description":"Asian","count":0,"tested":7,"deaths":0,"color":"rgb(140,86,75)"},{"description":"Black","count":0,"tested":21,"deaths":0,"color":"rgb(255,127,14)"},{"description":"Hispanic","count":8,"tested":71,"deaths":0,"color":"rgb(214,39,40)"},{"description":"Left Blank","count":263,"tested":2409,"deaths":0,"color":"rgb(44,160,44)"},{"description":"NH/PI*","count":0,"tested":0,"deaths":0,"color":"rgb(127,127,127)"},{"description":"Other","count":0,"tested":38,"deaths":0,"color":"rgb(148,103,189)"},{"description":"White","count":521,"tested":4299,"deaths":0,"color":"rgb(31,119,180)"}],"gender":[{"description":"Female","count":424,"tested":4095,"deaths":0,"color":"rgb(255,127,14)"},{"description":"Male","count":320,"tested":2170,"deaths":0,"color":"rgb(31,119,180)"},{"description":"Unknown/Left Blank","count":52,"tested":583,"deaths":0,"color":"rgb(44,160,44)"}]}}]}
