{"lastUpdatedDate":{"year":2020,"month":11,"day":18},"county_demographics":[{"County":"Scott","confirmed_cases":199,"total_tested":3536,"demographics":{"age":[{"age_group":"<20","count":29,"tested":448},{"age_group":"20-29   ","count":32,"tested":469},{"age_group":"30-39   ","count":25,"tested":538},{"age_group":"40-49   ","count":26,"tested":394},{"age_group":"50-59   ","count":41,"tested":529},{"age_group":"60-69   ","count":21,"tested":475},{"age_group":"70-79   ","count":0,"tested":295},{"age_group":"80+","count":6,"tested":388}],"race":[{"description":"Asian","count":0,"tested":0,"color":"rgb(140,86,75)"},{"description":"Black","count":0,"tested":0,"color":"rgb(255,127,14)"},{"description":"Hispanic","count":0,"tested":6,"color":"rgb(214,39,40)"},{"description":"Left Blank","count":119,"tested":1389,"color":"rgb(44,160,44)"},{"description":"Other","count":0,"tested":16,"color":"rgb(148,103,189)"},{"description":"White","count":75,"tested":2116,"color":"rgb(31,119,180)"}],"gender":[{"description":"Female","count":90,"tested":2136,"color":"rgb(255,127,14)"},{"description":"Male","count":65,"tested":988,"color":"rgb(31,119,180)"},{"description":"Unknown/Left Blank","count":44,"tested":412,"color":"rgb(44,160,44)"}]}}]}
