{"lastUpdatedDate":{"year":2020,"month":11,"day":18},"county_demographics":[{"County":"Franklin","confirmed_cases":1717,"total_tested":21302,"demographics":{"age":[{"age_group":"<20","count":255,"tested":2231},{"age_group":"20-29   ","count":240,"tested":2854},{"age_group":"30-39   ","count":223,"tested":2695},{"age_group":"40-49   ","count":226,"tested":2804},{"age_group":"50-59   ","count":254,"tested":3370},{"age_group":"60-69   ","count":214,"tested":2806},{"age_group":"70-79   ","count":165,"tested":2300},{"age_group":"80+","count":125,"tested":2230},{"age_group":"Unknown","count":0,"tested":12}],"race":[{"description":"AI/AN**","count":0,"tested":0,"color":"rgb(31,119,180)"},{"description":"Asian","count":0,"tested":18,"color":"rgb(140,86,75)"},{"description":"Black","count":0,"tested":52,"color":"rgb(255,127,14)"},{"description":"Hispanic","count":12,"tested":125,"color":"rgb(214,39,40)"},{"description":"Left Blank","count":476,"tested":7784,"color":"rgb(44,160,44)"},{"description":"Other","count":13,"tested":241,"color":"rgb(148,103,189)"},{"description":"White","count":1207,"tested":13079,"color":"rgb(31,119,180)"}],"gender":[{"description":"Female","count":938,"tested":12103,"color":"rgb(255,127,14)"},{"description":"Male","count":710,"tested":7003,"color":"rgb(31,119,180)"},{"description":"Unknown/Left Blank","count":68,"tested":2196,"color":"rgb(44,160,44)"}]}}]}
