{"lastUpdatedDate":{"year":2020,"month":11,"day":18},"county_demographics":[{"County":"Henry","confirmed_cases":1999,"total_tested":28413,"demographics":{"age":[{"age_group":"<20","count":310,"tested":3480},{"age_group":"20-29   ","count":330,"tested":4038},{"age_group":"30-39   ","count":281,"tested":3940},{"age_group":"40-49   ","count":302,"tested":3720},{"age_group":"50-59   ","count":331,"tested":4524},{"age_group":"60-69   ","count":230,"tested":3622},{"age_group":"70-79   ","count":131,"tested":2489},{"age_group":"80+","count":79,"tested":2578},{"age_group":"Unknown","count":0,"tested":22}],"race":[{"description":"AI/AN**","count":0,"tested":0,"color":"rgb(31,119,180)"},{"description":"Asian","count":0,"tested":28,"color":"rgb(140,86,75)"},{"description":"Black","count":23,"tested":214,"color":"rgb(255,127,14)"},{"description":"Hispanic","count":56,"tested":339,"color":"rgb(214,39,40)"},{"description":"Left Blank","count":1145,"tested":18719,"color":"rgb(44,160,44)"},{"description":"NH/PI*","count":0,"tested":6,"color":"rgb(127,127,127)"},{"description":"Other","count":34,"tested":348,"color":"rgb(148,103,189)"},{"description":"White","count":736,"tested":8754,"color":"rgb(31,119,180)"}],"gender":[{"description":"Female","count":1051,"tested":17377,"color":"rgb(255,127,14)"},{"description":"Male","count":936,"tested":10593,"color":"rgb(31,119,180)"},{"description":"Unknown/Left Blank","count":9,"tested":443,"color":"rgb(44,160,44)"}]}}]}
