{"lastUpdatedDate":{"year":2020,"month":11,"day":18},"county_demographics":[{"County":"Kane","confirmed_cases":26982,"total_tested":288042,"demographics":{"age":[{"age_group":"<20","count":4294,"tested":36393},{"age_group":"20-29   ","count":5276,"tested":49357},{"age_group":"30-39   ","count":4240,"tested":41841},{"age_group":"40-49   ","count":4562,"tested":39943},{"age_group":"50-59   ","count":4179,"tested":43662},{"age_group":"60-69   ","count":2362,"tested":34059},{"age_group":"70-79   ","count":1139,"tested":22804},{"age_group":"80+","count":909,"tested":19898},{"age_group":"Unknown","count":17,"tested":85}],"race":[{"description":"AI/AN**","count":21,"tested":129,"color":"rgb(31,119,180)"},{"description":"Asian","count":488,"tested":5171,"color":"rgb(140,86,75)"},{"description":"Black","count":888,"tested":9373,"color":"rgb(255,127,14)"},{"description":"Hispanic","count":9068,"tested":36488,"color":"rgb(214,39,40)"},{"description":"Left Blank","count":8422,"tested":143044,"color":"rgb(44,160,44)"},{"description":"NH/PI*","count":16,"tested":172,"color":"rgb(127,127,127)"},{"description":"Other","count":580,"tested":6716,"color":"rgb(148,103,189)"},{"description":"White","count":7495,"tested":86949,"color":"rgb(31,119,180)"}],"gender":[{"description":"Female","count":13866,"tested":158376,"color":"rgb(255,127,14)"},{"description":"Male","count":12871,"tested":121212,"color":"rgb(31,119,180)"},{"description":"Unknown/Left Blank","count":245,"tested":8454,"color":"rgb(44,160,44)"}]}}]}
