{"lastUpdatedDate":{"year":2020,"month":11,"day":18},"county_demographics":[{"County":"Vermilion","confirmed_cases":3051,"total_tested":47304,"demographics":{"age":[{"age_group":"<20","count":539,"tested":7316},{"age_group":"20-29   ","count":452,"tested":6628},{"age_group":"30-39   ","count":403,"tested":6211},{"age_group":"40-49   ","count":396,"tested":5893},{"age_group":"50-59   ","count":432,"tested":6511},{"age_group":"60-69   ","count":385,"tested":6718},{"age_group":"70-79   ","count":286,"tested":4733},{"age_group":"80+","count":155,"tested":3265},{"age_group":"Unknown","count":0,"tested":29}],"race":[{"description":"AI/AN**","count":0,"tested":32,"color":"rgb(31,119,180)"},{"description":"Asian","count":9,"tested":159,"color":"rgb(140,86,75)"},{"description":"Black","count":411,"tested":4616,"color":"rgb(255,127,14)"},{"description":"Hispanic","count":122,"tested":1130,"color":"rgb(214,39,40)"},{"description":"Left Blank","count":363,"tested":8116,"color":"rgb(44,160,44)"},{"description":"NH/PI*","count":0,"tested":34,"color":"rgb(127,127,127)"},{"description":"Other","count":119,"tested":1474,"color":"rgb(148,103,189)"},{"description":"White","count":2022,"tested":31743,"color":"rgb(31,119,180)"}],"gender":[{"description":"Female","count":1623,"tested":26627,"color":"rgb(255,127,14)"},{"description":"Male","count":1408,"tested":19910,"color":"rgb(31,119,180)"},{"description":"Unknown/Left Blank","count":20,"tested":767,"color":"rgb(44,160,44)"}]}}]}
