{"lastUpdatedDate":{"year":2020,"month":11,"day":18},"county_demographics":[{"County":"Massac","confirmed_cases":362,"total_tested":4496,"demographics":{"age":[{"age_group":"<20","count":57,"tested":593},{"age_group":"20-29   ","count":46,"tested":515},{"age_group":"30-39   ","count":51,"tested":439},{"age_group":"40-49   ","count":45,"tested":599},{"age_group":"50-59   ","count":63,"tested":707},{"age_group":"60-69   ","count":51,"tested":692},{"age_group":"70-79   ","count":23,"tested":496},{"age_group":"80+","count":15,"tested":454},{"age_group":"Unknown","count":0,"tested":0}],"race":[{"description":"AI/AN**","count":0,"tested":0,"color":"rgb(31,119,180)"},{"description":"Asian","count":0,"tested":0,"color":"rgb(140,86,75)"},{"description":"Black","count":13,"tested":118,"color":"rgb(255,127,14)"},{"description":"Hispanic","count":0,"tested":22,"color":"rgb(214,39,40)"},{"description":"Left Blank","count":156,"tested":2357,"color":"rgb(44,160,44)"},{"description":"Other","count":0,"tested":26,"color":"rgb(148,103,189)"},{"description":"White","count":188,"tested":1967,"color":"rgb(31,119,180)"}],"gender":[{"description":"Female","count":186,"tested":2607,"color":"rgb(255,127,14)"},{"description":"Male","count":160,"tested":1782,"color":"rgb(31,119,180)"},{"description":"Unknown/Left Blank","count":15,"tested":107,"color":"rgb(44,160,44)"}]}}]}
