{"age":[{"age_group":"<20","count":277,"tested":3109},{"age_group":"20-29   ","count":265,"tested":4426},{"age_group":"30-39   ","count":280,"tested":4457},{"age_group":"40-49   ","count":303,"tested":4784},{"age_group":"50-59   ","count":259,"tested":4619},{"age_group":"60-69   ","count":197,"tested":5193},{"age_group":"70-79   ","count":139,"tested":3939},{"age_group":"80+","count":95,"tested":2538}],"race":[{"description":"Asian","count":7,"tested":216,"color":"rgb(140,86,75)"},{"description":"Black","count":1173,"tested":16074,"color":"rgb(255,127,14)"},{"description":"Hispanic","count":59,"tested":915,"color":"rgb(214,39,40)"},{"description":"Left Blank","count":463,"tested":13870,"color":"rgb(44,160,44)"},{"description":"Other","count":27,"tested":481,"color":"rgb(148,103,189)"},{"description":"White","count":85,"tested":1542,"color":"rgb(31,119,180)"}],"gender":[]}
