{"age":[{"age_group":"<20","count":1223,"tested":11423},{"age_group":"20-29   ","count":1492,"tested":18663},{"age_group":"30-39   ","count":1384,"tested":16970},{"age_group":"40-49   ","count":1363,"tested":15021},{"age_group":"50-59   ","count":991,"tested":12111},{"age_group":"60-69   ","count":671,"tested":11063},{"age_group":"70-79   ","count":300,"tested":6067},{"age_group":"80+","count":140,"tested":3910}],"race":[{"description":"AI/AN**","count":10,"tested":71,"color":"rgb(31,119,180)"},{"description":"Asian","count":109,"tested":2283,"color":"rgb(140,86,75)"},{"description":"Black","count":1021,"tested":14175,"color":"rgb(255,127,14)"},{"description":"Hispanic","count":4038,"tested":23163,"color":"rgb(214,39,40)"},{"description":"Left Blank","count":1387,"tested":41347,"color":"rgb(44,160,44)"},{"description":"Other","count":274,"tested":3416,"color":"rgb(148,103,189)"},{"description":"White","count":722,"tested":10766,"color":"rgb(31,119,180)"}],"gender":[]}
