{"age":[{"age_group":"<20","count":296,"tested":8345},{"age_group":"20-29   ","count":1436,"tested":32300},{"age_group":"30-39   ","count":1013,"tested":27824},{"age_group":"40-49   ","count":469,"tested":14023},{"age_group":"50-59   ","count":382,"tested":12116},{"age_group":"60-69   ","count":275,"tested":9646},{"age_group":"70-79   ","count":121,"tested":4932},{"age_group":"80+","count":112,"tested":3289}],"race":[{"description":"Asian","count":145,"tested":3607,"color":"rgb(140,86,75)"},{"description":"Black","count":239,"tested":5356,"color":"rgb(255,127,14)"},{"description":"Hispanic","count":416,"tested":5155,"color":"rgb(214,39,40)"},{"description":"Left Blank","count":1290,"tested":54869,"color":"rgb(44,160,44)"},{"description":"Other","count":232,"tested":4674,"color":"rgb(148,103,189)"},{"description":"White","count":1775,"tested":38704,"color":"rgb(31,119,180)"}],"gender":[]}
