{"age":[{"age_group":"<20","count":389,"tested":20254},{"age_group":"20-29   ","count":283,"tested":8034},{"age_group":"30-39   ","count":251,"tested":8369},{"age_group":"40-49   ","count":296,"tested":8685},{"age_group":"50-59   ","count":284,"tested":10210},{"age_group":"60-69   ","count":202,"tested":9667},{"age_group":"70-79   ","count":147,"tested":7260},{"age_group":"80+","count":143,"tested":6108}],"race":[{"description":"Asian","count":28,"tested":1269,"color":"rgb(140,86,75)"},{"description":"Black","count":49,"tested":724,"color":"rgb(255,127,14)"},{"description":"Hispanic","count":226,"tested":2712,"color":"rgb(214,39,40)"},{"description":"Left Blank","count":480,"tested":33374,"color":"rgb(44,160,44)"},{"description":"Other","count":209,"tested":4843,"color":"rgb(148,103,189)"},{"description":"White","count":998,"tested":35615,"color":"rgb(31,119,180)"}],"gender":[]}
