{"age":[{"age_group":"<20","count":86,"tested":868},{"age_group":"20-29   ","count":81,"tested":917},{"age_group":"30-39   ","count":90,"tested":906},{"age_group":"40-49   ","count":95,"tested":1306},{"age_group":"50-59   ","count":96,"tested":1565},{"age_group":"60-69   ","count":71,"tested":1296},{"age_group":"70-79   ","count":31,"tested":709},{"age_group":"80+","count":29,"tested":449}],"race":[{"description":"Black","count":84,"tested":1138,"color":"rgb(255,127,14)"},{"description":"Hispanic","count":55,"tested":434,"color":"rgb(214,39,40)"},{"description":"Left Blank","count":119,"tested":1410,"color":"rgb(44,160,44)"},{"description":"Other","count":15,"tested":259,"color":"rgb(148,103,189)"},{"description":"White","count":306,"tested":4741,"color":"rgb(31,119,180)"}],"gender":[]}
