{"age":[{"age_group":"<20","count":3299,"tested":23651},{"age_group":"20-29   ","count":3725,"tested":34347},{"age_group":"30-39   ","count":3155,"tested":25777},{"age_group":"40-49   ","count":3188,"tested":23591},{"age_group":"50-59   ","count":2367,"tested":18980},{"age_group":"60-69   ","count":1375,"tested":12978},{"age_group":"70-79   ","count":507,"tested":5893},{"age_group":"80+","count":205,"tested":2675}],"race":[{"description":"AI/AN**","count":29,"tested":263,"color":"rgb(31,119,180)"},{"description":"Asian","count":26,"tested":453,"color":"rgb(140,86,75)"},{"description":"Black","count":1333,"tested":15672,"color":"rgb(255,127,14)"},{"description":"Hispanic","count":10912,"tested":58702,"color":"rgb(214,39,40)"},{"description":"Left Blank","count":3987,"tested":55225,"color":"rgb(44,160,44)"},{"description":"NH/PI*","count":9,"tested":89,"color":"rgb(127,127,127)"},{"description":"Other","count":681,"tested":6895,"color":"rgb(148,103,189)"},{"description":"White","count":844,"tested":10637,"color":"rgb(31,119,180)"}],"gender":[]}
