{"age":[{"age_group":"<20","count":810,"tested":7210},{"age_group":"20-29   ","count":1014,"tested":9163},{"age_group":"30-39   ","count":937,"tested":8014},{"age_group":"40-49   ","count":895,"tested":6878},{"age_group":"50-59   ","count":779,"tested":7181},{"age_group":"60-69   ","count":540,"tested":5782},{"age_group":"70-79   ","count":220,"tested":3278},{"age_group":"80+","count":137,"tested":2449}],"race":[{"description":"AI/AN**","count":7,"tested":84,"color":"rgb(31,119,180)"},{"description":"Asian","count":228,"tested":1775,"color":"rgb(140,86,75)"},{"description":"Black","count":120,"tested":1168,"color":"rgb(255,127,14)"},{"description":"Hispanic","count":2251,"tested":8468,"color":"rgb(214,39,40)"},{"description":"Left Blank","count":958,"tested":23837,"color":"rgb(44,160,44)"},{"description":"NH/PI*","count":6,"tested":71,"color":"rgb(127,127,127)"},{"description":"Other","count":217,"tested":2381,"color":"rgb(148,103,189)"},{"description":"White","count":1545,"tested":12181,"color":"rgb(31,119,180)"}],"gender":[]}
