{"age":[{"age_group":"<20","count":489,"tested":10092},{"age_group":"20-29   ","count":1601,"tested":33358},{"age_group":"30-39   ","count":1594,"tested":40339},{"age_group":"40-49   ","count":689,"tested":14465},{"age_group":"50-59   ","count":468,"tested":9346},{"age_group":"60-69   ","count":304,"tested":6346},{"age_group":"70-79   ","count":180,"tested":3347},{"age_group":"80+","count":142,"tested":2620}],"race":[{"description":"Asian","count":86,"tested":3769,"color":"rgb(140,86,75)"},{"description":"Black","count":279,"tested":4913,"color":"rgb(255,127,14)"},{"description":"Hispanic","count":1228,"tested":12440,"color":"rgb(214,39,40)"},{"description":"Left Blank","count":1754,"tested":52155,"color":"rgb(44,160,44)"},{"description":"Other","count":265,"tested":5789,"color":"rgb(148,103,189)"},{"description":"White","count":1849,"tested":40923,"color":"rgb(31,119,180)"}],"gender":[]}
