{"age":[{"age_group":"<20","count":72,"tested":1138},{"age_group":"20-29   ","count":62,"tested":786},{"age_group":"30-39   ","count":71,"tested":831},{"age_group":"40-49   ","count":59,"tested":727},{"age_group":"50-59   ","count":87,"tested":1119},{"age_group":"60-69   ","count":62,"tested":790},{"age_group":"70-79   ","count":9,"tested":418}],"race":[{"description":"Hispanic","count":34,"tested":271,"color":"rgb(214,39,40)"},{"description":"Left Blank","count":136,"tested":2213,"color":"rgb(44,160,44)"},{"description":"Other","count":8,"tested":86,"color":"rgb(148,103,189)"},{"description":"White","count":241,"tested":3687,"color":"rgb(31,119,180)"}],"gender":[]}
