{"age":[{"age_group":"<20","count":451,"tested":7347},{"age_group":"20-29   ","count":441,"tested":6328},{"age_group":"30-39   ","count":432,"tested":6534},{"age_group":"40-49   ","count":398,"tested":5629},{"age_group":"50-59   ","count":411,"tested":7038},{"age_group":"60-69   ","count":283,"tested":5699},{"age_group":"70-79   ","count":133,"tested":4001},{"age_group":"80+","count":160,"tested":7032}],"race":[{"description":"Asian","count":138,"tested":2727,"color":"rgb(140,86,75)"},{"description":"Black","count":72,"tested":818,"color":"rgb(255,127,14)"},{"description":"Hispanic","count":313,"tested":2581,"color":"rgb(214,39,40)"},{"description":"Left Blank","count":555,"tested":18586,"color":"rgb(44,160,44)"},{"description":"Other","count":105,"tested":1178,"color":"rgb(148,103,189)"},{"description":"White","count":1525,"tested":23637,"color":"rgb(31,119,180)"}],"gender":[]}
