{"age":[{"age_group":"<20","count":20,"tested":167},{"age_group":"20-29   ","count":21,"tested":151},{"age_group":"30-39   ","count":14,"tested":167},{"age_group":"40-49   ","count":20,"tested":157},{"age_group":"50-59   ","count":22,"tested":157},{"age_group":"60-69   ","count":20,"tested":107},{"age_group":"70-79   ","count":6,"tested":76}],"race":[{"description":"Left Blank","count":58,"tested":463,"color":"rgb(44,160,44)"},{"description":"White","count":63,"tested":509,"color":"rgb(31,119,180)"}],"gender":[]}
