{"age":[{"age_group":"<20","count":475,"tested":77427},{"age_group":"20-29   ","count":267,"tested":9288},{"age_group":"30-39   ","count":229,"tested":6646},{"age_group":"40-49   ","count":277,"tested":7818},{"age_group":"50-59   ","count":303,"tested":9439},{"age_group":"60-69   ","count":203,"tested":8166},{"age_group":"70-79   ","count":142,"tested":5500},{"age_group":"80+","count":174,"tested":9714}],"race":[{"description":"Asian","count":74,"tested":4077,"color":"rgb(140,86,75)"},{"description":"Black","count":29,"tested":1261,"color":"rgb(255,127,14)"},{"description":"Hispanic","count":85,"tested":5461,"color":"rgb(214,39,40)"},{"description":"Left Blank","count":478,"tested":35144,"color":"rgb(44,160,44)"},{"description":"Other","count":152,"tested":5503,"color":"rgb(148,103,189)"},{"description":"White","count":1248,"tested":82354,"color":"rgb(31,119,180)"}],"gender":[]}
