{"age":[{"age_group":"<20","count":423,"tested":9845},{"age_group":"20-29   ","count":1031,"tested":40984},{"age_group":"30-39   ","count":834,"tested":22638},{"age_group":"40-49   ","count":649,"tested":18966},{"age_group":"50-59   ","count":621,"tested":21316},{"age_group":"60-69   ","count":526,"tested":21350},{"age_group":"70-79   ","count":311,"tested":13737},{"age_group":"80+","count":196,"tested":6585}],"race":[{"description":"Asian","count":185,"tested":4485,"color":"rgb(140,86,75)"},{"description":"Black","count":815,"tested":13417,"color":"rgb(255,127,14)"},{"description":"Hispanic","count":890,"tested":8402,"color":"rgb(214,39,40)"},{"description":"Left Blank","count":1321,"tested":93708,"color":"rgb(44,160,44)"},{"description":"NH/PI*","count":7,"tested":128,"color":"rgb(127,127,127)"},{"description":"Other","count":215,"tested":3980,"color":"rgb(148,103,189)"},{"description":"White","count":1151,"tested":31240,"color":"rgb(31,119,180)"}],"gender":[]}
