{"age":[{"age_group":"<20","count":1610,"tested":15129},{"age_group":"20-29   ","count":1888,"tested":20364},{"age_group":"30-39   ","count":2011,"tested":22669},{"age_group":"40-49   ","count":1800,"tested":20317},{"age_group":"50-59   ","count":1658,"tested":19331},{"age_group":"60-69   ","count":1083,"tested":15514},{"age_group":"70-79   ","count":479,"tested":7251},{"age_group":"80+","count":271,"tested":5845}],"race":[{"description":"AI/AN**","count":17,"tested":196,"color":"rgb(31,119,180)"},{"description":"Asian","count":344,"tested":5067,"color":"rgb(140,86,75)"},{"description":"Black","count":210,"tested":3520,"color":"rgb(255,127,14)"},{"description":"Hispanic","count":4700,"tested":34948,"color":"rgb(214,39,40)"},{"description":"Left Blank","count":1630,"tested":39668,"color":"rgb(44,160,44)"},{"description":"NH/PI*","count":27,"tested":263,"color":"rgb(127,127,127)"},{"description":"Other","count":507,"tested":6605,"color":"rgb(148,103,189)"},{"description":"White","count":3365,"tested":36192,"color":"rgb(31,119,180)"}],"gender":[]}
