{"age":[{"age_group":"<20","count":624,"tested":6995},{"age_group":"20-29   ","count":481,"tested":9247},{"age_group":"30-39   ","count":370,"tested":8257},{"age_group":"40-49   ","count":415,"tested":7261},{"age_group":"50-59   ","count":510,"tested":6861},{"age_group":"60-69   ","count":251,"tested":4151},{"age_group":"70-79   ","count":110,"tested":1978},{"age_group":"80+","count":65,"tested":1041}],"race":[{"description":"Asian","count":59,"tested":765,"color":"rgb(140,86,75)"},{"description":"Black","count":42,"tested":484,"color":"rgb(255,127,14)"},{"description":"Hispanic","count":122,"tested":1076,"color":"rgb(214,39,40)"},{"description":"Left Blank","count":912,"tested":28214,"color":"rgb(44,160,44)"},{"description":"Other","count":52,"tested":743,"color":"rgb(148,103,189)"},{"description":"White","count":1635,"tested":14444,"color":"rgb(31,119,180)"}],"gender":[]}
