{"age":[{"age_group":"<20","count":61,"tested":574},{"age_group":"20-29   ","count":46,"tested":545},{"age_group":"30-39   ","count":61,"tested":906},{"age_group":"40-49   ","count":56,"tested":707},{"age_group":"50-59   ","count":65,"tested":889},{"age_group":"60-69   ","count":54,"tested":895},{"age_group":"70-79   ","count":39,"tested":833},{"age_group":"80+","count":60,"tested":1629}],"race":[{"description":"Hispanic","count":12,"tested":87,"color":"rgb(214,39,40)"},{"description":"Left Blank","count":183,"tested":2985,"color":"rgb(44,160,44)"},{"description":"White","count":242,"tested":3750,"color":"rgb(31,119,180)"}],"gender":[]}
