{"age":[{"age_group":"<20","count":1087,"tested":14756},{"age_group":"20-29   ","count":1116,"tested":13262},{"age_group":"30-39   ","count":888,"tested":10832},{"age_group":"40-49   ","count":980,"tested":11604},{"age_group":"50-59   ","count":866,"tested":11111},{"age_group":"60-69   ","count":406,"tested":6083},{"age_group":"70-79   ","count":209,"tested":3571},{"age_group":"80+","count":110,"tested":2176}],"race":[{"description":"AI/AN**","count":8,"tested":188,"color":"rgb(31,119,180)"},{"description":"Asian","count":221,"tested":3165,"color":"rgb(140,86,75)"},{"description":"Black","count":560,"tested":7166,"color":"rgb(255,127,14)"},{"description":"Hispanic","count":1650,"tested":12769,"color":"rgb(214,39,40)"},{"description":"Left Blank","count":1488,"tested":27291,"color":"rgb(44,160,44)"},{"description":"NH/PI*","count":6,"tested":101,"color":"rgb(127,127,127)"},{"description":"Other","count":233,"tested":3063,"color":"rgb(148,103,189)"},{"description":"White","count":1497,"tested":19665,"color":"rgb(31,119,180)"}],"gender":[{"description":"Female","count":2984,"tested":40704,"color":"rgb(255,127,14)"},{"description":"Male","count":2649,"tested":31484,"color":"rgb(31,119,180)"},{"description":"Unknown/Left Blank","count":30,"tested":1220,"color":"rgb(44,160,44)"}]}
