{"age":[{"age_group":"<20","count":548,"tested":9907},{"age_group":"20-29   ","count":442,"tested":7348},{"age_group":"30-39   ","count":456,"tested":7972},{"age_group":"40-49   ","count":546,"tested":8749},{"age_group":"50-59   ","count":561,"tested":9505},{"age_group":"60-69   ","count":290,"tested":7368},{"age_group":"70-79   ","count":171,"tested":5021},{"age_group":"80+","count":164,"tested":4674}],"race":[{"description":"Asian","count":185,"tested":3294,"color":"rgb(140,86,75)"},{"description":"Black","count":43,"tested":681,"color":"rgb(255,127,14)"},{"description":"Hispanic","count":397,"tested":4117,"color":"rgb(214,39,40)"},{"description":"Left Blank","count":761,"tested":26498,"color":"rgb(44,160,44)"},{"description":"NH/PI*","count":8,"tested":91,"color":"rgb(127,127,127)"},{"description":"Other","count":256,"tested":3034,"color":"rgb(148,103,189)"},{"description":"White","count":1524,"tested":22770,"color":"rgb(31,119,180)"}],"gender":[{"description":"Female","count":1593,"tested":31734,"color":"rgb(255,127,14)"},{"description":"Male","count":1554,"tested":27242,"color":"rgb(31,119,180)"},{"description":"Unknown/Left Blank","count":31,"tested":1579,"color":"rgb(44,160,44)"}]}
