{"age":[{"age_group":"<20","count":19,"tested":345},{"age_group":"20-29   ","count":19,"tested":360},{"age_group":"30-39   ","count":22,"tested":359},{"age_group":"40-49   ","count":10,"tested":196},{"age_group":"50-59   ","count":15,"tested":288},{"age_group":"60-69   ","count":21,"tested":396},{"age_group":"70-79   ","count":15,"tested":252},{"age_group":"80+","count":29,"tested":363}],"race":[{"description":"Left Blank","count":41,"tested":1191,"color":"rgb(44,160,44)"},{"description":"White","count":102,"tested":1322,"color":"rgb(31,119,180)"}],"gender":[{"description":"Female","count":87,"tested":1621,"color":"rgb(255,127,14)"},{"description":"Male","count":63,"tested":976,"color":"rgb(31,119,180)"}]}
