{"age":[{"age_group":"<20","count":138,"tested":1241},{"age_group":"20-29   ","count":223,"tested":2900},{"age_group":"30-39   ","count":198,"tested":2694},{"age_group":"40-49   ","count":135,"tested":2376},{"age_group":"50-59   ","count":160,"tested":2916},{"age_group":"60-69   ","count":147,"tested":2646},{"age_group":"70-79   ","count":89,"tested":1939},{"age_group":"80+","count":116,"tested":2040}],"race":[{"description":"Black","count":122,"tested":2661,"color":"rgb(255,127,14)"},{"description":"Hispanic","count":155,"tested":1269,"color":"rgb(214,39,40)"},{"description":"Left Blank","count":426,"tested":7410,"color":"rgb(44,160,44)"},{"description":"Other","count":21,"tested":359,"color":"rgb(148,103,189)"},{"description":"White","count":476,"tested":6932,"color":"rgb(31,119,180)"}],"gender":[{"description":"Female","count":646,"tested":11880,"color":"rgb(255,127,14)"},{"description":"Male","count":552,"tested":6546,"color":"rgb(31,119,180)"},{"description":"Unknown/Left Blank","count":8,"tested":326,"color":"rgb(44,160,44)"}]}
