{"age":[{"age_group":"<20","count":383,"tested":3580},{"age_group":"20-29   ","count":431,"tested":6123},{"age_group":"30-39   ","count":385,"tested":5177},{"age_group":"40-49   ","count":385,"tested":5520},{"age_group":"50-59   ","count":343,"tested":5696},{"age_group":"60-69   ","count":259,"tested":6885},{"age_group":"70-79   ","count":103,"tested":3730},{"age_group":"80+","count":49,"tested":2561}],"race":[{"description":"Asian","count":14,"tested":248,"color":"rgb(140,86,75)"},{"description":"Black","count":216,"tested":2845,"color":"rgb(255,127,14)"},{"description":"Hispanic","count":476,"tested":3577,"color":"rgb(214,39,40)"},{"description":"Left Blank","count":864,"tested":23798,"color":"rgb(44,160,44)"},{"description":"Other","count":64,"tested":830,"color":"rgb(148,103,189)"},{"description":"White","count":699,"tested":7900,"color":"rgb(31,119,180)"}],"gender":[{"description":"Female","count":1258,"tested":22140,"color":"rgb(255,127,14)"},{"description":"Male","count":1071,"tested":16743,"color":"rgb(31,119,180)"},{"description":"Unknown/Left Blank","count":9,"tested":393,"color":"rgb(44,160,44)"}]}
