{"age":[{"age_group":"<20","count":130,"tested":2333},{"age_group":"20-29   ","count":105,"tested":2219},{"age_group":"30-39   ","count":108,"tested":2250},{"age_group":"40-49   ","count":124,"tested":2637},{"age_group":"50-59   ","count":110,"tested":2391},{"age_group":"60-69   ","count":56,"tested":2023},{"age_group":"70-79   ","count":34,"tested":1366},{"age_group":"80+","count":48,"tested":1466}],"race":[{"description":"Black","count":13,"tested":310,"color":"rgb(255,127,14)"},{"description":"Hispanic","count":361,"tested":3846,"color":"rgb(214,39,40)"},{"description":"Left Blank","count":121,"tested":8959,"color":"rgb(44,160,44)"},{"description":"Other","count":50,"tested":545,"color":"rgb(148,103,189)"},{"description":"White","count":164,"tested":2692,"color":"rgb(31,119,180)"}],"gender":[{"description":"Female","count":368,"tested":9752,"color":"rgb(255,127,14)"},{"description":"Male","count":343,"tested":6764,"color":"rgb(31,119,180)"}]}
