{"age":[{"age_group":"<20","count":70,"tested":1966},{"age_group":"20-29   ","count":25,"tested":574},{"age_group":"30-39   ","count":14,"tested":376},{"age_group":"40-49   ","count":32,"tested":736},{"age_group":"50-59   ","count":39,"tested":787},{"age_group":"60-69   ","count":18,"tested":407},{"age_group":"70-79   ","count":8,"tested":235}],"race":[{"description":"Left Blank","count":45,"tested":1822,"color":"rgb(44,160,44)"},{"description":"Other","count":17,"tested":449,"color":"rgb(148,103,189)"},{"description":"White","count":132,"tested":2699,"color":"rgb(31,119,180)"}],"gender":[{"description":"Female","count":105,"tested":2671,"color":"rgb(255,127,14)"},{"description":"Male","count":102,"tested":2488,"color":"rgb(31,119,180)"}]}
