{"age":[{"age_group":"<20","count":24,"tested":244},{"age_group":"20-29   ","count":11,"tested":156},{"age_group":"30-39   ","count":21,"tested":156},{"age_group":"40-49   ","count":18,"tested":160},{"age_group":"50-59   ","count":28,"tested":159},{"age_group":"60-69   ","count":11,"tested":143},{"age_group":"70-79   ","count":7,"tested":110}],"race":[{"description":"Left Blank","count":17,"tested":307,"color":"rgb(44,160,44)"},{"description":"White","count":104,"tested":806,"color":"rgb(31,119,180)"}],"gender":[{"description":"Female","count":65,"tested":736,"color":"rgb(255,127,14)"},{"description":"Male","count":61,"tested":444,"color":"rgb(31,119,180)"}]}
