{"age":[{"age_group":"<20","count":190,"tested":1785},{"age_group":"20-29   ","count":216,"tested":2415},{"age_group":"30-39   ","count":214,"tested":2314},{"age_group":"40-49   ","count":168,"tested":1905},{"age_group":"50-59   ","count":171,"tested":1960},{"age_group":"60-69   ","count":117,"tested":2016},{"age_group":"70-79   ","count":55,"tested":763},{"age_group":"80+","count":27,"tested":401}],"race":[{"description":"Asian","count":29,"tested":477,"color":"rgb(140,86,75)"},{"description":"Black","count":41,"tested":459,"color":"rgb(255,127,14)"},{"description":"Hispanic","count":126,"tested":1088,"color":"rgb(214,39,40)"},{"description":"Left Blank","count":406,"tested":5874,"color":"rgb(44,160,44)"},{"description":"Other","count":65,"tested":587,"color":"rgb(148,103,189)"},{"description":"White","count":488,"tested":5041,"color":"rgb(31,119,180)"}],"gender":[{"description":"Female","count":641,"tested":7409,"color":"rgb(255,127,14)"},{"description":"Male","count":516,"tested":5952,"color":"rgb(31,119,180)"}]}
