{"age":[{"age_group":"<20","count":81,"tested":1005},{"age_group":"20-29   ","count":68,"tested":714},{"age_group":"30-39   ","count":80,"tested":862},{"age_group":"40-49   ","count":47,"tested":581},{"age_group":"50-59   ","count":88,"tested":809},{"age_group":"60-69   ","count":60,"tested":737},{"age_group":"70-79   ","count":35,"tested":465},{"age_group":"80+","count":16,"tested":247}],"race":[{"description":"Hispanic","count":16,"tested":92,"color":"rgb(214,39,40)"},{"description":"Left Blank","count":28,"tested":1649,"color":"rgb(44,160,44)"},{"description":"White","count":415,"tested":3499,"color":"rgb(31,119,180)"}],"gender":[{"description":"Female","count":231,"tested":3219,"color":"rgb(255,127,14)"},{"description":"Male","count":244,"tested":2140,"color":"rgb(31,119,180)"}]}
