{"age":[{"age_group":"<20","count":459,"tested":16785},{"age_group":"20-29   ","count":3033,"tested":62270},{"age_group":"30-39   ","count":1528,"tested":43043},{"age_group":"40-49   ","count":547,"tested":16336},{"age_group":"50-59   ","count":418,"tested":11642},{"age_group":"60-69   ","count":215,"tested":7631},{"age_group":"70-79   ","count":130,"tested":5655},{"age_group":"80+","count":135,"tested":5087}],"race":[{"description":"AI/AN**","count":16,"tested":191,"color":"rgb(31,119,180)"},{"description":"Asian","count":185,"tested":5748,"color":"rgb(140,86,75)"},{"description":"Black","count":155,"tested":3654,"color":"rgb(255,127,14)"},{"description":"Hispanic","count":417,"tested":5479,"color":"rgb(214,39,40)"},{"description":"Left Blank","count":1959,"tested":74027,"color":"rgb(44,160,44)"},{"description":"Other","count":376,"tested":9145,"color":"rgb(148,103,189)"},{"description":"White","count":3353,"tested":70189,"color":"rgb(31,119,180)"}],"gender":[{"description":"Female","count":2912,"tested":89179,"color":"rgb(255,127,14)"},{"description":"Male","count":3295,"tested":76981,"color":"rgb(31,119,180)"},{"description":"Unknown/Left Blank","count":258,"tested":2346,"color":"rgb(44,160,44)"}]}
