{"age":[{"age_group":"<20","count":414,"tested":9145},{"age_group":"20-29   ","count":435,"tested":7030},{"age_group":"30-39   ","count":430,"tested":8617},{"age_group":"40-49   ","count":410,"tested":7525},{"age_group":"50-59   ","count":419,"tested":7933},{"age_group":"60-69   ","count":337,"tested":8231},{"age_group":"70-79   ","count":167,"tested":5838},{"age_group":"80+","count":123,"tested":6070}],"race":[{"description":"AI/AN**","count":14,"tested":408,"color":"rgb(31,119,180)"},{"description":"Asian","count":445,"tested":9138,"color":"rgb(140,86,75)"},{"description":"Black","count":52,"tested":769,"color":"rgb(255,127,14)"},{"description":"Hispanic","count":208,"tested":2460,"color":"rgb(214,39,40)"},{"description":"Left Blank","count":628,"tested":29671,"color":"rgb(44,160,44)"},{"description":"NH/PI*","count":14,"tested":175,"color":"rgb(127,127,127)"},{"description":"Other","count":367,"tested":3399,"color":"rgb(148,103,189)"},{"description":"White","count":1007,"tested":14393,"color":"rgb(31,119,180)"}],"gender":[{"description":"Female","count":1405,"tested":34143,"color":"rgb(255,127,14)"},{"description":"Male","count":1319,"tested":25698,"color":"rgb(31,119,180)"}]}
