{"age":[{"age_group":"<20","count":512,"tested":4974},{"age_group":"20-29   ","count":558,"tested":5082},{"age_group":"30-39   ","count":522,"tested":5136},{"age_group":"40-49   ","count":527,"tested":4306},{"age_group":"50-59   ","count":446,"tested":4217},{"age_group":"60-69   ","count":239,"tested":3037},{"age_group":"70-79   ","count":120,"tested":1347},{"age_group":"80+","count":70,"tested":652}],"race":[{"description":"AI/AN**","count":57,"tested":223,"color":"rgb(31,119,180)"},{"description":"Black","count":375,"tested":4988,"color":"rgb(255,127,14)"},{"description":"Hispanic","count":1247,"tested":7076,"color":"rgb(214,39,40)"},{"description":"Left Blank","count":750,"tested":9425,"color":"rgb(44,160,44)"},{"description":"Other","count":164,"tested":2150,"color":"rgb(148,103,189)"},{"description":"White","count":395,"tested":4785,"color":"rgb(31,119,180)"}],"gender":[{"description":"Female","count":1545,"tested":16096,"color":"rgb(255,127,14)"},{"description":"Male","count":1433,"tested":12403,"color":"rgb(31,119,180)"},{"description":"Unknown/Left Blank","count":16,"tested":260,"color":"rgb(44,160,44)"}]}
