{"age":[{"age_group":"<20","count":57,"tested":1056},{"age_group":"20-29   ","count":210,"tested":12381},{"age_group":"30-39   ","count":203,"tested":12406},{"age_group":"40-49   ","count":140,"tested":6787},{"age_group":"50-59   ","count":131,"tested":3403},{"age_group":"60-69   ","count":57,"tested":1276},{"age_group":"70-79   ","count":23,"tested":379},{"age_group":"80+","count":8,"tested":159}],"race":[{"description":"Black","count":59,"tested":112,"color":"rgb(255,127,14)"},{"description":"Hispanic","count":9,"tested":92,"color":"rgb(214,39,40)"},{"description":"Left Blank","count":393,"tested":36024,"color":"rgb(44,160,44)"},{"description":"Other","count":38,"tested":236,"color":"rgb(148,103,189)"},{"description":"White","count":328,"tested":2854,"color":"rgb(31,119,180)"}],"gender":[{"description":"Female","count":218,"tested":2805,"color":"rgb(255,127,14)"},{"description":"Male","count":523,"tested":22278,"color":"rgb(31,119,180)"},{"description":"Unknown/Left Blank","count":88,"tested":14258,"color":"rgb(44,160,44)"}]}
