{"age":[{"age_group":"<20","count":635,"tested":5480},{"age_group":"20-29   ","count":737,"tested":7428},{"age_group":"30-39   ","count":603,"tested":6868},{"age_group":"40-49   ","count":565,"tested":6624},{"age_group":"50-59   ","count":487,"tested":7275},{"age_group":"60-69   ","count":307,"tested":4804},{"age_group":"70-79   ","count":129,"tested":1955},{"age_group":"80+","count":63,"tested":1158}],"race":[{"description":"Asian","count":8,"tested":110,"color":"rgb(140,86,75)"},{"description":"Black","count":606,"tested":10167,"color":"rgb(255,127,14)"},{"description":"Hispanic","count":1253,"tested":7680,"color":"rgb(214,39,40)"},{"description":"Left Blank","count":1227,"tested":16688,"color":"rgb(44,160,44)"},{"description":"Other","count":103,"tested":1476,"color":"rgb(148,103,189)"},{"description":"White","count":325,"tested":5350,"color":"rgb(31,119,180)"}],"gender":[{"description":"Female","count":1888,"tested":21500,"color":"rgb(255,127,14)"},{"description":"Male","count":1629,"tested":19580,"color":"rgb(31,119,180)"},{"description":"Unknown/Left Blank","count":9,"tested":518,"color":"rgb(44,160,44)"}]}
