{"age":[{"age_group":"<20","count":489,"tested":5308},{"age_group":"20-29   ","count":599,"tested":6590},{"age_group":"30-39   ","count":582,"tested":6511},{"age_group":"40-49   ","count":538,"tested":6150},{"age_group":"50-59   ","count":422,"tested":5685},{"age_group":"60-69   ","count":269,"tested":4619},{"age_group":"70-79   ","count":152,"tested":2633},{"age_group":"80+","count":76,"tested":1329}],"race":[{"description":"Black","count":1354,"tested":16629,"color":"rgb(255,127,14)"},{"description":"Hispanic","count":804,"tested":5127,"color":"rgb(214,39,40)"},{"description":"Left Blank","count":656,"tested":12970,"color":"rgb(44,160,44)"},{"description":"Other","count":131,"tested":1666,"color":"rgb(148,103,189)"},{"description":"White","count":173,"tested":2133,"color":"rgb(31,119,180)"}],"gender":[{"description":"Female","count":1639,"tested":21409,"color":"rgb(255,127,14)"},{"description":"Male","count":1432,"tested":16626,"color":"rgb(31,119,180)"},{"description":"Unknown/Left Blank","count":56,"tested":800,"color":"rgb(44,160,44)"}]}
