{"age":[{"age_group":"<20","count":706,"tested":8548},{"age_group":"20-29   ","count":698,"tested":9808},{"age_group":"30-39   ","count":669,"tested":10412},{"age_group":"40-49   ","count":622,"tested":9091},{"age_group":"50-59   ","count":482,"tested":9211},{"age_group":"60-69   ","count":357,"tested":6846},{"age_group":"70-79   ","count":209,"tested":3029},{"age_group":"80+","count":141,"tested":1648}],"race":[{"description":"Black","count":2117,"tested":26774,"color":"rgb(255,127,14)"},{"description":"Hispanic","count":810,"tested":4703,"color":"rgb(214,39,40)"},{"description":"Left Blank","count":795,"tested":24157,"color":"rgb(44,160,44)"},{"description":"Other","count":82,"tested":1301,"color":"rgb(148,103,189)"},{"description":"White","count":69,"tested":1280,"color":"rgb(31,119,180)"}],"gender":[{"description":"Female","count":2134,"tested":31262,"color":"rgb(255,127,14)"},{"description":"Male","count":1732,"tested":26388,"color":"rgb(31,119,180)"},{"description":"Unknown/Left Blank","count":18,"tested":952,"color":"rgb(44,160,44)"}]}
