{"age":[{"age_group":"<20","count":252,"tested":3495},{"age_group":"20-29   ","count":334,"tested":4003},{"age_group":"30-39   ","count":242,"tested":3628},{"age_group":"40-49   ","count":230,"tested":2737},{"age_group":"50-59   ","count":295,"tested":3753},{"age_group":"60-69   ","count":186,"tested":2960},{"age_group":"70-79   ","count":87,"tested":1585},{"age_group":"80+","count":41,"tested":826}],"race":[{"description":"Asian","count":41,"tested":754,"color":"rgb(140,86,75)"},{"description":"Black","count":63,"tested":629,"color":"rgb(255,127,14)"},{"description":"Hispanic","count":248,"tested":1905,"color":"rgb(214,39,40)"},{"description":"Left Blank","count":451,"tested":8581,"color":"rgb(44,160,44)"},{"description":"Other","count":34,"tested":471,"color":"rgb(148,103,189)"},{"description":"White","count":828,"tested":10622,"color":"rgb(31,119,180)"}],"gender":[{"description":"Female","count":863,"tested":12869,"color":"rgb(255,127,14)"},{"description":"Male","count":803,"tested":9930,"color":"rgb(31,119,180)"}]}
