{"age":[{"age_group":"<20","count":18,"tested":186},{"age_group":"20-29   ","count":8,"tested":69},{"age_group":"30-39   ","count":18,"tested":132},{"age_group":"40-49   ","count":11,"tested":67},{"age_group":"50-59   ","count":15,"tested":119},{"age_group":"60-69   ","count":8,"tested":69},{"age_group":"70-79   ","count":7,"tested":51}],"race":[{"description":"Left Blank","count":7,"tested":229,"color":"rgb(44,160,44)"},{"description":"White","count":76,"tested":458,"color":"rgb(31,119,180)"}],"gender":[{"description":"Female","count":41,"tested":455,"color":"rgb(255,127,14)"},{"description":"Male","count":47,"tested":256,"color":"rgb(31,119,180)"}]}
