{"age":[{"age_group":"<20","count":40,"tested":503},{"age_group":"20-29   ","count":30,"tested":409},{"age_group":"30-39   ","count":26,"tested":377},{"age_group":"40-49   ","count":26,"tested":298},{"age_group":"50-59   ","count":19,"tested":273},{"age_group":"60-69   ","count":13,"tested":235},{"age_group":"80+","count":7,"tested":78}],"race":[{"description":"Hispanic","count":17,"tested":138,"color":"rgb(214,39,40)"},{"description":"Left Blank","count":36,"tested":662,"color":"rgb(44,160,44)"},{"description":"White","count":103,"tested":1405,"color":"rgb(31,119,180)"}],"gender":[{"description":"Female","count":91,"tested":1317,"color":"rgb(255,127,14)"},{"description":"Male","count":75,"tested":940,"color":"rgb(31,119,180)"}]}
