{"age":[{"age_group":"<20","count":426,"tested":4506},{"age_group":"20-29   ","count":450,"tested":7498},{"age_group":"30-39   ","count":418,"tested":8102},{"age_group":"40-49   ","count":384,"tested":8418},{"age_group":"50-59   ","count":433,"tested":11072},{"age_group":"60-69   ","count":357,"tested":11453},{"age_group":"70-79   ","count":154,"tested":4851},{"age_group":"80+","count":69,"tested":2855}],"race":[{"description":"Black","count":1747,"tested":20917,"color":"rgb(255,127,14)"},{"description":"Hispanic","count":98,"tested":613,"color":"rgb(214,39,40)"},{"description":"Left Blank","count":737,"tested":35354,"color":"rgb(44,160,44)"},{"description":"Other","count":42,"tested":530,"color":"rgb(148,103,189)"},{"description":"White","count":61,"tested":1132,"color":"rgb(31,119,180)"}],"gender":[{"description":"Female","count":1582,"tested":34475,"color":"rgb(255,127,14)"},{"description":"Male","count":1094,"tested":23500,"color":"rgb(31,119,180)"},{"description":"Unknown/Left Blank","count":15,"tested":813,"color":"rgb(44,160,44)"}]}
