{"age":[{"age_group":"<20","count":141,"tested":1171},{"age_group":"20-29   ","count":173,"tested":1303},{"age_group":"30-39   ","count":134,"tested":1095},{"age_group":"40-49   ","count":146,"tested":721},{"age_group":"50-59   ","count":91,"tested":759},{"age_group":"60-69   ","count":74,"tested":556},{"age_group":"70-79   ","count":27,"tested":201},{"age_group":"80+","count":10,"tested":90}],"race":[{"description":"Black","count":18,"tested":160,"color":"rgb(255,127,14)"},{"description":"Hispanic","count":426,"tested":2308,"color":"rgb(214,39,40)"},{"description":"Left Blank","count":212,"tested":2268,"color":"rgb(44,160,44)"},{"description":"Other","count":41,"tested":342,"color":"rgb(148,103,189)"},{"description":"White","count":90,"tested":766,"color":"rgb(31,119,180)"}],"gender":[{"description":"Female","count":390,"tested":3126,"color":"rgb(255,127,14)"},{"description":"Male","count":397,"tested":2685,"color":"rgb(31,119,180)"}]}
