{"age":[{"age_group":"<20","count":443,"tested":6706},{"age_group":"20-29   ","count":419,"tested":5614},{"age_group":"30-39   ","count":351,"tested":4847},{"age_group":"40-49   ","count":340,"tested":4611},{"age_group":"50-59   ","count":467,"tested":5819},{"age_group":"60-69   ","count":284,"tested":4725},{"age_group":"70-79   ","count":78,"tested":2213},{"age_group":"80+","count":38,"tested":1854}],"race":[{"description":"Asian","count":45,"tested":541,"color":"rgb(140,86,75)"},{"description":"Black","count":15,"tested":241,"color":"rgb(255,127,14)"},{"description":"Hispanic","count":287,"tested":1920,"color":"rgb(214,39,40)"},{"description":"Left Blank","count":681,"tested":13756,"color":"rgb(44,160,44)"},{"description":"Other","count":45,"tested":695,"color":"rgb(148,103,189)"},{"description":"White","count":1338,"tested":19174,"color":"rgb(31,119,180)"}],"gender":[{"description":"Female","count":1241,"tested":20332,"color":"rgb(255,127,14)"},{"description":"Male","count":1166,"tested":15787,"color":"rgb(31,119,180)"}]}
