{"age":[{"age_group":"<20","count":74,"tested":655},{"age_group":"20-29   ","count":51,"tested":683},{"age_group":"30-39   ","count":53,"tested":614},{"age_group":"40-49   ","count":64,"tested":638},{"age_group":"50-59   ","count":59,"tested":742},{"age_group":"60-69   ","count":44,"tested":664},{"age_group":"70-79   ","count":22,"tested":344},{"age_group":"80+","count":8,"tested":247}],"race":[{"description":"Left Blank","count":100,"tested":2243,"color":"rgb(44,160,44)"},{"description":"White","count":267,"tested":2244,"color":"rgb(31,119,180)"}],"gender":[{"description":"Female","count":219,"tested":2806,"color":"rgb(255,127,14)"},{"description":"Male","count":155,"tested":1717,"color":"rgb(31,119,180)"}]}
