{"age":[{"age_group":"<20","count":429,"tested":5419},{"age_group":"20-29   ","count":523,"tested":7813},{"age_group":"30-39   ","count":492,"tested":7675},{"age_group":"40-49   ","count":408,"tested":7371},{"age_group":"50-59   ","count":350,"tested":6601},{"age_group":"60-69   ","count":197,"tested":4262},{"age_group":"70-79   ","count":101,"tested":1957},{"age_group":"80+","count":57,"tested":1001}],"race":[{"description":"AI/AN**","count":19,"tested":86,"color":"rgb(31,119,180)"},{"description":"Asian","count":8,"tested":205,"color":"rgb(140,86,75)"},{"description":"Black","count":418,"tested":5734,"color":"rgb(255,127,14)"},{"description":"Hispanic","count":760,"tested":5129,"color":"rgb(214,39,40)"},{"description":"Left Blank","count":710,"tested":20721,"color":"rgb(44,160,44)"},{"description":"Other","count":88,"tested":1759,"color":"rgb(148,103,189)"},{"description":"White","count":550,"tested":8361,"color":"rgb(31,119,180)"}],"gender":[{"description":"Female","count":1319,"tested":19229,"color":"rgb(255,127,14)"},{"description":"Male","count":1221,"tested":19563,"color":"rgb(31,119,180)"},{"description":"Unknown/Left Blank","count":17,"tested":3311,"color":"rgb(44,160,44)"}]}
