{"age":[{"age_group":"<20","count":382,"tested":3943},{"age_group":"20-29   ","count":393,"tested":6454},{"age_group":"30-39   ","count":304,"tested":4298},{"age_group":"40-49   ","count":326,"tested":3693},{"age_group":"50-59   ","count":280,"tested":4208},{"age_group":"60-69   ","count":186,"tested":3206},{"age_group":"70-79   ","count":115,"tested":2072},{"age_group":"80+","count":64,"tested":1342}],"race":[{"description":"AI/AN**","count":6,"tested":19,"color":"rgb(31,119,180)"},{"description":"Asian","count":6,"tested":70,"color":"rgb(140,86,75)"},{"description":"Hispanic","count":488,"tested":2028,"color":"rgb(214,39,40)"},{"description":"White","count":664,"tested":7061,"color":"rgb(31,119,180)"},{"description":"Black","count":664,"tested":5132,"color":"rgb(255,127,14)"},{"description":"Left Blank","count":189,"tested":14518,"color":"rgb(44,160,44)"},{"description":"Other","count":32,"tested":387,"color":"rgb(148,103,189)"}],"gender":[{"description":"Female","count":1138,"tested":15172,"color":"rgb(255,127,14)"},{"description":"Male","count":893,"tested":13335,"color":"rgb(31,119,180)"},{"description":"Unknown/Left Blank","count":19,"tested":711,"color":"rgb(44,160,44)"}]}
