{"age":[{"age_group":"<20","count":129,"tested":1630},{"age_group":"20-29   ","count":113,"tested":1701},{"age_group":"30-39   ","count":106,"tested":1360},{"age_group":"40-49   ","count":141,"tested":1886},{"age_group":"50-59   ","count":134,"tested":2369},{"age_group":"60-69   ","count":89,"tested":1654},{"age_group":"70-79   ","count":34,"tested":1018},{"age_group":"80+","count":37,"tested":1081}],"race":[{"description":"Other","count":15,"tested":299,"color":"rgb(148,103,189)"},{"description":"Hispanic","count":22,"tested":204,"color":"rgb(214,39,40)"},{"description":"Left Blank","count":273,"tested":5911,"color":"rgb(44,160,44)"},{"description":"White","count":120,"tested":2091,"color":"rgb(31,119,180)"},{"description":"Black","count":347,"tested":4085,"color":"rgb(255,127,14)"}],"gender":[{"description":"Male","count":366,"tested":5218,"color":"rgb(31,119,180)"},{"description":"Female","count":414,"tested":7350,"color":"rgb(255,127,14)"}]}
