{"age":[{"age_group":"<20","count":273,"tested":7837},{"age_group":"20-29   ","count":650,"tested":22269},{"age_group":"30-39   ","count":623,"tested":14940},{"age_group":"40-49   ","count":378,"tested":9173},{"age_group":"50-59   ","count":423,"tested":9616},{"age_group":"60-69   ","count":277,"tested":7953},{"age_group":"70-79   ","count":151,"tested":3976},{"age_group":"80+","count":66,"tested":1443}],"race":[{"description":"Black","count":253,"tested":5430,"color":"rgb(255,127,14)"},{"description":"Asian","count":197,"tested":3538,"color":"rgb(140,86,75)"},{"description":"White","count":872,"tested":24231,"color":"rgb(31,119,180)"},{"description":"Other","count":174,"tested":2430,"color":"rgb(148,103,189)"},{"description":"Hispanic","count":497,"tested":4932,"color":"rgb(214,39,40)"},{"description":"Left Blank","count":844,"tested":36573,"color":"rgb(44,160,44)"}],"gender":[{"description":"Female","count":1323,"tested":42275,"color":"rgb(255,127,14)"},{"description":"Male","count":1470,"tested":32831,"color":"rgb(31,119,180)"},{"description":"Unknown/Left Blank","count":48,"tested":2165,"color":"rgb(44,160,44)"}]}
