{"age":[{"age_group":"<20","count":429,"tested":3804},{"age_group":"20-29   ","count":447,"tested":4204},{"age_group":"30-39   ","count":338,"tested":3487},{"age_group":"40-49   ","count":381,"tested":3067},{"age_group":"50-59   ","count":486,"tested":4509},{"age_group":"60-69   ","count":285,"tested":3315},{"age_group":"70-79   ","count":126,"tested":1888},{"age_group":"80+","count":70,"tested":1467}],"race":[{"description":"Hispanic","count":100,"tested":639,"color":"rgb(214,39,40)"},{"description":"Left Blank","count":1010,"tested":11888,"color":"rgb(44,160,44)"},{"description":"White","count":1335,"tested":12053,"color":"rgb(31,119,180)"},{"description":"Black","count":29,"tested":256,"color":"rgb(255,127,14)"},{"description":"Asian","count":17,"tested":209,"color":"rgb(140,86,75)"},{"description":"Other","count":68,"tested":662,"color":"rgb(148,103,189)"}],"gender":[{"description":"Unknown/Left Blank","count":47,"tested":495,"color":"rgb(44,160,44)"},{"description":"Male","count":1275,"tested":11568,"color":"rgb(31,119,180)"},{"description":"Female","count":1241,"tested":13680,"color":"rgb(255,127,14)"}]}
