{"age":[{"age_group":"<20","count":809,"tested":8585},{"age_group":"20-29   ","count":481,"tested":7150},{"age_group":"30-39   ","count":467,"tested":6898},{"age_group":"40-49   ","count":470,"tested":6121},{"age_group":"50-59   ","count":534,"tested":7179},{"age_group":"60-69   ","count":318,"tested":5488},{"age_group":"70-79   ","count":150,"tested":2873},{"age_group":"80+","count":119,"tested":3290}],"race":[{"description":"Black","count":77,"tested":753,"color":"rgb(255,127,14)"},{"description":"Asian","count":180,"tested":1300,"color":"rgb(140,86,75)"},{"description":"Hispanic","count":255,"tested":1370,"color":"rgb(214,39,40)"},{"description":"Other","count":96,"tested":1209,"color":"rgb(148,103,189)"},{"description":"Left Blank","count":612,"tested":23396,"color":"rgb(44,160,44)"},{"description":"White","count":2116,"tested":19491,"color":"rgb(31,119,180)"},{"description":"NH/PI*","count":6,"tested":32,"color":"rgb(127,127,127)"},{"description":"AI/AN**","count":6,"tested":40,"color":"rgb(31,119,180)"}],"gender":[{"description":"Male","count":1650,"tested":20939,"color":"rgb(31,119,180)"},{"description":"Unknown/Left Blank","count":22,"tested":548,"color":"rgb(44,160,44)"},{"description":"Female","count":1676,"tested":26104,"color":"rgb(255,127,14)"}]}
