{"age":[{"age_group":"<20","count":184,"tested":1303},{"age_group":"20-29   ","count":263,"tested":2692},{"age_group":"30-39   ","count":223,"tested":2455},{"age_group":"40-49   ","count":195,"tested":2134},{"age_group":"50-59   ","count":189,"tested":2431},{"age_group":"60-69   ","count":153,"tested":2021},{"age_group":"70-79   ","count":59,"tested":1105},{"age_group":"80+","count":31,"tested":442}],"race":[{"description":"White","count":472,"tested":4298,"color":"rgb(31,119,180)"},{"description":"Asian","count":27,"tested":304,"color":"rgb(140,86,75)"},{"description":"Hispanic","count":151,"tested":793,"color":"rgb(214,39,40)"},{"description":"Left Blank","count":523,"tested":8121,"color":"rgb(44,160,44)"},{"description":"Other","count":85,"tested":710,"color":"rgb(148,103,189)"},{"description":"Black","count":38,"tested":344,"color":"rgb(255,127,14)"}],"gender":[{"description":"Male","count":635,"tested":6100,"color":"rgb(31,119,180)"},{"description":"Female","count":658,"tested":7830,"color":"rgb(255,127,14)"}]}
