{"age":[{"age_group":"<20","count":822,"tested":6370},{"age_group":"20-29   ","count":765,"tested":6814},{"age_group":"30-39   ","count":648,"tested":5570},{"age_group":"40-49   ","count":713,"tested":5587},{"age_group":"50-59   ","count":680,"tested":5716},{"age_group":"60-69   ","count":400,"tested":4341},{"age_group":"70-79   ","count":227,"tested":3284},{"age_group":"80+","count":153,"tested":3712}],"race":[{"description":"Other","count":56,"tested":537,"color":"rgb(148,103,189)"},{"description":"Left Blank","count":362,"tested":21754,"color":"rgb(44,160,44)"},{"description":"White","count":2034,"tested":13897,"color":"rgb(31,119,180)"},{"description":"Hispanic","count":1823,"tested":4327,"color":"rgb(214,39,40)"},{"description":"Asian","count":32,"tested":190,"color":"rgb(140,86,75)"},{"description":"Black","count":93,"tested":659,"color":"rgb(255,127,14)"},{"description":"AI/AN**","count":7,"tested":26,"color":"rgb(31,119,180)"}],"gender":[{"description":"Male","count":2061,"tested":15752,"color":"rgb(31,119,180)"},{"description":"Unknown/Left Blank","count":7,"tested":636,"color":"rgb(44,160,44)"},{"description":"Female","count":2341,"tested":25016,"color":"rgb(255,127,14)"}]}
