{"age":[{"age_group":"<20","count":245,"tested":2904},{"age_group":"20-29   ","count":169,"tested":3862},{"age_group":"30-39   ","count":134,"tested":3257},{"age_group":"40-49   ","count":195,"tested":3607},{"age_group":"50-59   ","count":166,"tested":4155},{"age_group":"60-69   ","count":111,"tested":3912},{"age_group":"70-79   ","count":46,"tested":2732},{"age_group":"80+","count":82,"tested":4518}],"race":[{"description":"White","count":572,"tested":9446,"color":"rgb(31,119,180)"},{"description":"Asian","count":6,"tested":231,"color":"rgb(140,86,75)"},{"description":"Hispanic","count":100,"tested":1178,"color":"rgb(214,39,40)"},{"description":"Black","count":34,"tested":1032,"color":"rgb(255,127,14)"},{"description":"Other","count":50,"tested":592,"color":"rgb(148,103,189)"},{"description":"Left Blank","count":386,"tested":16407,"color":"rgb(44,160,44)"}],"gender":[{"description":"Unknown/Left Blank","count":15,"tested":686,"color":"rgb(44,160,44)"},{"description":"Male","count":553,"tested":10921,"color":"rgb(31,119,180)"},{"description":"Female","count":580,"tested":17347,"color":"rgb(255,127,14)"}]}
