{"age":[{"age_group":"<20","count":82,"tested":614},{"age_group":"20-29   ","count":92,"tested":879},{"age_group":"30-39   ","count":105,"tested":946},{"age_group":"40-49   ","count":75,"tested":679},{"age_group":"50-59   ","count":121,"tested":1062},{"age_group":"60-69   ","count":60,"tested":874},{"age_group":"70-79   ","count":36,"tested":366},{"age_group":"80+","count":13,"tested":157}],"race":[{"description":"Hispanic","count":80,"tested":594,"color":"rgb(214,39,40)"},{"description":"Left Blank","count":153,"tested":1775,"color":"rgb(44,160,44)"},{"description":"White","count":285,"tested":2585,"color":"rgb(31,119,180)"},{"description":"Black","count":31,"tested":249,"color":"rgb(255,127,14)"},{"description":"Asian","count":10,"tested":139,"color":"rgb(140,86,75)"},{"description":"Other","count":24,"tested":224,"color":"rgb(148,103,189)"}],"gender":[{"description":"Male","count":268,"tested":2281,"color":"rgb(31,119,180)"},{"description":"Female","count":300,"tested":3234,"color":"rgb(255,127,14)"}]}
