{"age":[{"age_group":"<20","count":405,"tested":4503},{"age_group":"20-29   ","count":300,"tested":4004},{"age_group":"30-39   ","count":247,"tested":2892},{"age_group":"40-49   ","count":266,"tested":3753},{"age_group":"50-59   ","count":314,"tested":3952},{"age_group":"60-69   ","count":121,"tested":2419},{"age_group":"70-79   ","count":45,"tested":1102},{"age_group":"80+","count":14,"tested":470}],"race":[{"description":"Left Blank","count":290,"tested":7293,"color":"rgb(44,160,44)"},{"description":"Other","count":52,"tested":967,"color":"rgb(148,103,189)"},{"description":"Black","count":154,"tested":1814,"color":"rgb(255,127,14)"},{"description":"Hispanic","count":269,"tested":1757,"color":"rgb(214,39,40)"},{"description":"Asian","count":166,"tested":2373,"color":"rgb(140,86,75)"},{"description":"White","count":779,"tested":8837,"color":"rgb(31,119,180)"}],"gender":[{"description":"Female","count":890,"tested":12814,"color":"rgb(255,127,14)"},{"description":"Male","count":818,"tested":10126,"color":"rgb(31,119,180)"}]}
