{"age":[{"age_group":"<20","count":255,"tested":2566},{"age_group":"20-29   ","count":212,"tested":1793},{"age_group":"30-39   ","count":213,"tested":1714},{"age_group":"40-49   ","count":194,"tested":1513},{"age_group":"50-59   ","count":163,"tested":1515},{"age_group":"60-69   ","count":99,"tested":1107},{"age_group":"70-79   ","count":70,"tested":459},{"age_group":"80+","count":38,"tested":297}],"race":[{"description":"Left Blank","count":105,"tested":3859,"color":"rgb(44,160,44)"},{"description":"White","count":882,"tested":5759,"color":"rgb(31,119,180)"},{"description":"Hispanic","count":169,"tested":520,"color":"rgb(214,39,40)"},{"description":"Other","count":24,"tested":381,"color":"rgb(148,103,189)"},{"description":"Black","count":48,"tested":305,"color":"rgb(255,127,14)"},{"description":"Asian","count":17,"tested":120,"color":"rgb(140,86,75)"}],"gender":[{"description":"Male","count":577,"tested":4558,"color":"rgb(31,119,180)"},{"description":"Female","count":662,"tested":6318,"color":"rgb(255,127,14)"}]}
