{"age":[{"age_group":"<20","count":11,"tested":213},{"age_group":"20-29   ","count":13,"tested":148},{"age_group":"30-39   ","count":10,"tested":174},{"age_group":"40-49   ","count":13,"tested":171},{"age_group":"50-59   ","count":12,"tested":186},{"age_group":"70-79   ","count":6,"tested":63}],"race":[{"description":"White","count":56,"tested":816,"color":"rgb(31,119,180)"}],"gender":[{"description":"Male","count":35,"tested":481,"color":"rgb(31,119,180)"},{"description":"Female","count":33,"tested":627,"color":"rgb(255,127,14)"}]}
