{"age":[{"age_group":"<20","count":156,"tested":1178},{"age_group":"20-29   ","count":129,"tested":1199},{"age_group":"30-39   ","count":109,"tested":1083},{"age_group":"40-49   ","count":127,"tested":941},{"age_group":"50-59   ","count":119,"tested":1161},{"age_group":"60-69   ","count":85,"tested":758},{"age_group":"70-79   ","count":29,"tested":462},{"age_group":"80+","count":14,"tested":242}],"race":[{"description":"Black","count":7,"tested":58,"color":"rgb(255,127,14)"},{"description":"Hispanic","count":113,"tested":418,"color":"rgb(214,39,40)"},{"description":"Left Blank","count":215,"tested":2947,"color":"rgb(44,160,44)"},{"description":"Other","count":6,"tested":67,"color":"rgb(148,103,189)"},{"description":"White","count":425,"tested":3506,"color":"rgb(31,119,180)"}],"gender":[{"description":"Male","count":369,"tested":2824,"color":"rgb(31,119,180)"},{"description":"Female","count":400,"tested":4162,"color":"rgb(255,127,14)"}]}
