{"age":[{"age_group":"<20","count":89,"tested":1157},{"age_group":"20-29   ","count":244,"tested":4826},{"age_group":"30-39   ","count":250,"tested":5087},{"age_group":"40-49   ","count":178,"tested":4000},{"age_group":"50-59   ","count":161,"tested":4809},{"age_group":"60-69   ","count":154,"tested":4302},{"age_group":"70-79   ","count":83,"tested":3478},{"age_group":"80+","count":52,"tested":2398}],"race":[{"description":"Left Blank","count":289,"tested":13101,"color":"rgb(44,160,44)"},{"description":"White","count":363,"tested":7306,"color":"rgb(31,119,180)"},{"description":"Hispanic","count":123,"tested":1569,"color":"rgb(214,39,40)"},{"description":"Other","count":54,"tested":973,"color":"rgb(148,103,189)"},{"description":"Black","count":357,"tested":6364,"color":"rgb(255,127,14)"},{"description":"Asian","count":24,"tested":725,"color":"rgb(140,86,75)"}],"gender":[{"description":"Unknown/Left Blank","count":19,"tested":1106,"color":"rgb(44,160,44)"},{"description":"Female","count":639,"tested":16166,"color":"rgb(255,127,14)"},{"description":"Male","count":553,"tested":12795,"color":"rgb(31,119,180)"}]}
