{"age":[{"age_group":"<20","count":388,"tested":3000},{"age_group":"20-29   ","count":480,"tested":4617},{"age_group":"30-39   ","count":501,"tested":4448},{"age_group":"40-49   ","count":471,"tested":4329},{"age_group":"50-59   ","count":370,"tested":3941},{"age_group":"60-69   ","count":236,"tested":3237},{"age_group":"70-79   ","count":131,"tested":1840},{"age_group":"80+","count":66,"tested":917}],"race":[{"description":"Hispanic","count":679,"tested":3394,"color":"rgb(214,39,40)"},{"description":"White","count":160,"tested":1567,"color":"rgb(31,119,180)"},{"description":"Left Blank","count":593,"tested":8522,"color":"rgb(44,160,44)"},{"description":"Black","count":1084,"tested":11336,"color":"rgb(255,127,14)"},{"description":"Other","count":121,"tested":1319,"color":"rgb(148,103,189)"}],"gender":[{"description":"Male","count":1203,"tested":11090,"color":"rgb(31,119,180)"},{"description":"Unknown/Left Blank","count":52,"tested":640,"color":"rgb(44,160,44)"},{"description":"Female","count":1388,"tested":14607,"color":"rgb(255,127,14)"}]}
