{"age":[{"age_group":"<20","count":374,"tested":3574},{"age_group":"20-29   ","count":406,"tested":4703},{"age_group":"30-39   ","count":410,"tested":4826},{"age_group":"40-49   ","count":399,"tested":4165},{"age_group":"50-59   ","count":393,"tested":4810},{"age_group":"60-69   ","count":288,"tested":4902},{"age_group":"70-79   ","count":145,"tested":2893},{"age_group":"80+","count":103,"tested":2526}],"race":[{"description":"Asian","count":119,"tested":1792,"color":"rgb(140,86,75)"},{"description":"Hispanic","count":679,"tested":3754,"color":"rgb(214,39,40)"},{"description":"Black","count":45,"tested":563,"color":"rgb(255,127,14)"},{"description":"Left Blank","count":602,"tested":14185,"color":"rgb(44,160,44)"},{"description":"White","count":945,"tested":11319,"color":"rgb(31,119,180)"},{"description":"Other","count":122,"tested":718,"color":"rgb(148,103,189)"}],"gender":[{"description":"Male","count":1238,"tested":13781,"color":"rgb(31,119,180)"},{"description":"Unknown/Left Blank","count":14,"tested":559,"color":"rgb(44,160,44)"},{"description":"Female","count":1266,"tested":18070,"color":"rgb(255,127,14)"}]}
