{"age":[{"age_group":"<20","count":46,"tested":500},{"age_group":"20-29   ","count":42,"tested":346},{"age_group":"30-39   ","count":38,"tested":310},{"age_group":"40-49   ","count":50,"tested":355},{"age_group":"50-59   ","count":48,"tested":438},{"age_group":"60-69   ","count":35,"tested":361},{"age_group":"70-79   ","count":10,"tested":172},{"age_group":"80+","count":11,"tested":73}],"race":[{"description":"White","count":182,"tested":1273,"color":"rgb(31,119,180)"},{"description":"Left Blank","count":92,"tested":1225,"color":"rgb(44,160,44)"}],"gender":[{"description":"Male","count":131,"tested":971,"color":"rgb(31,119,180)"},{"description":"Female","count":146,"tested":1537,"color":"rgb(255,127,14)"}]}
