{"age":[{"age_group":"<20","count":12,"tested":130},{"age_group":"20-29   ","count":8,"tested":68},{"age_group":"30-39   ","count":9,"tested":76},{"age_group":"40-49   ","count":7,"tested":104},{"age_group":"60-69   ","count":7,"tested":80}],"race":[{"description":"White","count":34,"tested":405,"color":"rgb(31,119,180)"},{"description":"Left Blank","count":13,"tested":135,"color":"rgb(44,160,44)"}],"gender":[{"description":"Female","count":29,"tested":409,"color":"rgb(255,127,14)"},{"description":"Male","count":25,"tested":148,"color":"rgb(31,119,180)"}]}
