{"age":[{"age_group":"<20","count":299,"tested":2343},{"age_group":"20-29   ","count":300,"tested":3956},{"age_group":"30-39   ","count":293,"tested":3992},{"age_group":"40-49   ","count":299,"tested":4437},{"age_group":"50-59   ","count":293,"tested":4652},{"age_group":"60-69   ","count":209,"tested":4289},{"age_group":"70-79   ","count":79,"tested":1510},{"age_group":"80+","count":50,"tested":766}],"race":[{"description":"Black","count":249,"tested":4003,"color":"rgb(255,127,14)"},{"description":"Left Blank","count":615,"tested":13171,"color":"rgb(44,160,44)"},{"description":"Asian","count":14,"tested":218,"color":"rgb(140,86,75)"},{"description":"White","count":252,"tested":3699,"color":"rgb(31,119,180)"},{"description":"Hispanic","count":640,"tested":4337,"color":"rgb(214,39,40)"},{"description":"Other","count":51,"tested":480,"color":"rgb(148,103,189)"}],"gender":[{"description":"Female","count":943,"tested":14696,"color":"rgb(255,127,14)"},{"description":"Male","count":850,"tested":10751,"color":"rgb(31,119,180)"},{"description":"Unknown/Left Blank","count":29,"tested":511,"color":"rgb(44,160,44)"}]}
