{"age":[{"age_group":"<20","count":63,"tested":440},{"age_group":"20-29   ","count":85,"tested":927},{"age_group":"30-39   ","count":63,"tested":776},{"age_group":"40-49   ","count":67,"tested":799},{"age_group":"50-59   ","count":53,"tested":764},{"age_group":"60-69   ","count":48,"tested":737},{"age_group":"70-79   ","count":17,"tested":289},{"age_group":"80+","count":11,"tested":221}],"race":[{"description":"Left Blank","count":114,"tested":1686,"color":"rgb(44,160,44)"},{"description":"Other","count":16,"tested":121,"color":"rgb(148,103,189)"},{"description":"White","count":162,"tested":2215,"color":"rgb(31,119,180)"},{"description":"Hispanic","count":107,"tested":560,"color":"rgb(214,39,40)"}],"gender":[{"description":"Female","count":234,"tested":2932,"color":"rgb(255,127,14)"},{"description":"Male","count":173,"tested":1937,"color":"rgb(31,119,180)"}]}
