{"age":[{"age_group":"<20","count":11,"tested":196},{"age_group":"20-29   ","count":12,"tested":302},{"age_group":"30-39   ","count":18,"tested":256},{"age_group":"40-49   ","count":10,"tested":168},{"age_group":"50-59   ","count":13,"tested":200},{"age_group":"60-69   ","count":20,"tested":252},{"age_group":"70-79   ","count":15,"tested":160},{"age_group":"80+","count":29,"tested":220}],"race":[{"description":"Left Blank","count":42,"tested":872,"color":"rgb(44,160,44)"},{"description":"White","count":81,"tested":821,"color":"rgb(31,119,180)"}],"gender":[{"description":"Male","count":52,"tested":629,"color":"rgb(31,119,180)"},{"description":"Female","count":76,"tested":1120,"color":"rgb(255,127,14)"}]}
