{"age":[{"age_group":"<20","count":290,"tested":5597},{"age_group":"20-29   ","count":363,"tested":10543},{"age_group":"30-39   ","count":365,"tested":9998},{"age_group":"40-49   ","count":322,"tested":8069},{"age_group":"50-59   ","count":316,"tested":9800},{"age_group":"60-69   ","count":227,"tested":8215},{"age_group":"70-79   ","count":113,"tested":3677},{"age_group":"80+","count":121,"tested":2721}],"race":[{"description":"Other","count":166,"tested":2521,"color":"rgb(148,103,189)"},{"description":"Asian","count":70,"tested":2388,"color":"rgb(140,86,75)"},{"description":"Black","count":493,"tested":5928,"color":"rgb(255,127,14)"},{"description":"White","count":640,"tested":15743,"color":"rgb(31,119,180)"},{"description":"Left Blank","count":336,"tested":29168,"color":"rgb(44,160,44)"},{"description":"Hispanic","count":407,"tested":2751,"color":"rgb(214,39,40)"}],"gender":[{"description":"Unknown/Left Blank","count":29,"tested":1004,"color":"rgb(44,160,44)"},{"description":"Female","count":1122,"tested":32332,"color":"rgb(255,127,14)"},{"description":"Male","count":966,"tested":25290,"color":"rgb(31,119,180)"}]}
