{"age":[{"age_group":"<20","count":12,"tested":316},{"age_group":"20-29   ","count":34,"tested":716},{"age_group":"30-39   ","count":18,"tested":409},{"age_group":"40-49   ","count":15,"tested":390},{"age_group":"50-59   ","count":14,"tested":392},{"age_group":"60-69   ","count":10,"tested":331},{"age_group":"70-79   ","count":6,"tested":220}],"race":[{"description":"Hispanic","count":14,"tested":240,"color":"rgb(214,39,40)"},{"description":"Left Blank","count":26,"tested":1037,"color":"rgb(44,160,44)"},{"description":"Other","count":7,"tested":181,"color":"rgb(148,103,189)"},{"description":"Black","count":14,"tested":290,"color":"rgb(255,127,14)"},{"description":"Asian","count":8,"tested":220,"color":"rgb(140,86,75)"},{"description":"White","count":39,"tested":911,"color":"rgb(31,119,180)"}],"gender":[{"description":"Female","count":52,"tested":1458,"color":"rgb(255,127,14)"},{"description":"Male","count":55,"tested":1375,"color":"rgb(31,119,180)"}]}
