{"age":[{"age_group":"<20","count":627,"tested":4506},{"age_group":"20-29   ","count":694,"tested":6623},{"age_group":"30-39   ","count":603,"tested":4909},{"age_group":"40-49   ","count":619,"tested":4456},{"age_group":"50-59   ","count":513,"tested":4953},{"age_group":"60-69   ","count":299,"tested":3652},{"age_group":"70-79   ","count":122,"tested":1671},{"age_group":"80+","count":76,"tested":1003}],"race":[{"description":"Black","count":279,"tested":3267,"color":"rgb(255,127,14)"},{"description":"Asian","count":44,"tested":651,"color":"rgb(140,86,75)"},{"description":"White","count":460,"tested":5832,"color":"rgb(31,119,180)"},{"description":"Other","count":112,"tested":1104,"color":"rgb(148,103,189)"},{"description":"Hispanic","count":2008,"tested":11131,"color":"rgb(214,39,40)"},{"description":"Left Blank","count":648,"tested":9629,"color":"rgb(44,160,44)"}],"gender":[{"description":"Male","count":1665,"tested":12897,"color":"rgb(31,119,180)"},{"description":"Female","count":1842,"tested":18463,"color":"rgb(255,127,14)"},{"description":"Unknown/Left Blank","count":48,"tested":420,"color":"rgb(44,160,44)"}]}
