{"age":[{"age_group":"<20","count":55,"tested":445},{"age_group":"20-29   ","count":45,"tested":519},{"age_group":"30-39   ","count":38,"tested":438},{"age_group":"40-49   ","count":37,"tested":419},{"age_group":"50-59   ","count":58,"tested":510},{"age_group":"60-69   ","count":44,"tested":543},{"age_group":"70-79   ","count":41,"tested":261},{"age_group":"80+","count":36,"tested":192}],"race":[{"description":"Left Blank","count":74,"tested":1751,"color":"rgb(44,160,44)"},{"description":"White","count":268,"tested":1511,"color":"rgb(31,119,180)"}],"gender":[{"description":"Male","count":162,"tested":1095,"color":"rgb(31,119,180)"},{"description":"Female","count":192,"tested":2148,"color":"rgb(255,127,14)"}]}
