{"age":[{"age_group":"<20","count":319,"tested":3069},{"age_group":"20-29   ","count":359,"tested":4954},{"age_group":"30-39   ","count":370,"tested":6229},{"age_group":"40-49   ","count":351,"tested":5325},{"age_group":"50-59   ","count":362,"tested":6105},{"age_group":"60-69   ","count":295,"tested":6438},{"age_group":"70-79   ","count":145,"tested":4758},{"age_group":"80+","count":111,"tested":5431}],"race":[{"description":"Other","count":328,"tested":2321,"color":"rgb(148,103,189)"},{"description":"Left Blank","count":582,"tested":24876,"color":"rgb(44,160,44)"},{"description":"White","count":795,"tested":8815,"color":"rgb(31,119,180)"},{"description":"Asian","count":375,"tested":4401,"color":"rgb(140,86,75)"},{"description":"Black","count":43,"tested":425,"color":"rgb(255,127,14)"},{"description":"Hispanic","count":165,"tested":1272,"color":"rgb(214,39,40)"},{"description":"NH/PI*","count":10,"tested":130,"color":"rgb(127,127,127)"},{"description":"AI/AN**","count":14,"tested":93,"color":"rgb(31,119,180)"}],"gender":[{"description":"Male","count":1128,"tested":17324,"color":"rgb(31,119,180)"},{"description":"Female","count":1175,"tested":24534,"color":"rgb(255,127,14)"}]}
