{"age":[{"age_group":"<20","count":346,"tested":9938},{"age_group":"20-29   ","count":262,"tested":6731},{"age_group":"30-39   ","count":231,"tested":6838},{"age_group":"40-49   ","count":271,"tested":7027},{"age_group":"50-59   ","count":269,"tested":8487},{"age_group":"60-69   ","count":186,"tested":7799},{"age_group":"70-79   ","count":136,"tested":5767},{"age_group":"80+","count":132,"tested":5094}],"race":[{"description":"Asian","count":29,"tested":908,"color":"rgb(140,86,75)"},{"description":"Left Blank","count":445,"tested":24766,"color":"rgb(44,160,44)"},{"description":"White","count":894,"tested":25443,"color":"rgb(31,119,180)"},{"description":"Other","count":201,"tested":3913,"color":"rgb(148,103,189)"},{"description":"Hispanic","count":212,"tested":2068,"color":"rgb(214,39,40)"},{"description":"Black","count":47,"tested":544,"color":"rgb(255,127,14)"}],"gender":[{"description":"Female","count":892,"tested":31931,"color":"rgb(255,127,14)"},{"description":"Male","count":919,"tested":25301,"color":"rgb(31,119,180)"},{"description":"Unknown/Left Blank","count":22,"tested":460,"color":"rgb(44,160,44)"}]}
