{"age":[{"age_group":"<20","count":73,"tested":708},{"age_group":"20-29   ","count":75,"tested":810},{"age_group":"30-39   ","count":81,"tested":734},{"age_group":"40-49   ","count":86,"tested":1092},{"age_group":"50-59   ","count":90,"tested":1312},{"age_group":"60-69   ","count":64,"tested":1083},{"age_group":"70-79   ","count":30,"tested":570},{"age_group":"80+","count":28,"tested":346}],"race":[{"description":"Left Blank","count":114,"tested":1248,"color":"rgb(44,160,44)"},{"description":"White","count":277,"tested":3874,"color":"rgb(31,119,180)"},{"description":"Hispanic","count":48,"tested":353,"color":"rgb(214,39,40)"},{"description":"Black","count":77,"tested":938,"color":"rgb(255,127,14)"},{"description":"Other","count":11,"tested":212,"color":"rgb(148,103,189)"}],"gender":[{"description":"Female","count":292,"tested":4167,"color":"rgb(255,127,14)"},{"description":"Male","count":235,"tested":2456,"color":"rgb(31,119,180)"}]}
