{"age":[{"age_group":"<20","count":29,"tested":317},{"age_group":"20-29   ","count":23,"tested":329},{"age_group":"30-39   ","count":22,"tested":429},{"age_group":"40-49   ","count":34,"tested":263},{"age_group":"50-59   ","count":21,"tested":424},{"age_group":"60-69   ","count":25,"tested":472},{"age_group":"70-79   ","count":9,"tested":171}],"race":[{"description":"Left Blank","count":28,"tested":789,"color":"rgb(44,160,44)"},{"description":"White","count":129,"tested":1588,"color":"rgb(31,119,180)"}],"gender":[{"description":"Female","count":94,"tested":1672,"color":"rgb(255,127,14)"},{"description":"Male","count":70,"tested":727,"color":"rgb(31,119,180)"}]}
