{"age":[{"age_group":"<20","count":298,"tested":3371},{"age_group":"20-29   ","count":350,"tested":6190},{"age_group":"30-39   ","count":498,"tested":7877},{"age_group":"40-49   ","count":386,"tested":7066},{"age_group":"50-59   ","count":309,"tested":6983},{"age_group":"60-69   ","count":257,"tested":6890},{"age_group":"70-79   ","count":140,"tested":3912},{"age_group":"80+","count":84,"tested":2212}],"race":[{"description":"Left Blank","count":508,"tested":17345,"color":"rgb(44,160,44)"},{"description":"Other","count":41,"tested":809,"color":"rgb(148,103,189)"},{"description":"White","count":77,"tested":1582,"color":"rgb(31,119,180)"},{"description":"Black","count":1596,"tested":23565,"color":"rgb(255,127,14)"},{"description":"Hispanic","count":79,"tested":864,"color":"rgb(214,39,40)"},{"description":"Asian","count":19,"tested":272,"color":"rgb(140,86,75)"}],"gender":[{"description":"Male","count":971,"tested":17999,"color":"rgb(31,119,180)"},{"description":"Unknown/Left Blank","count":35,"tested":1525,"color":"rgb(44,160,44)"},{"description":"Female","count":1316,"tested":25004,"color":"rgb(255,127,14)"}]}
