{"age":[{"age_group":"<20","count":921,"tested":9760},{"age_group":"20-29   ","count":569,"tested":8476},{"age_group":"30-39   ","count":508,"tested":8192},{"age_group":"40-49   ","count":711,"tested":8827},{"age_group":"50-59   ","count":700,"tested":10032},{"age_group":"60-69   ","count":390,"tested":7124},{"age_group":"70-79   ","count":190,"tested":4434},{"age_group":"80+","count":174,"tested":9229}],"race":[{"description":"AI/AN**","count":10,"tested":37,"color":"rgb(31,119,180)"},{"description":"Other","count":112,"tested":1839,"color":"rgb(148,103,189)"},{"description":"Left Blank","count":931,"tested":33690,"color":"rgb(44,160,44)"},{"description":"Asian","count":156,"tested":1559,"color":"rgb(140,86,75)"},{"description":"Black","count":94,"tested":684,"color":"rgb(255,127,14)"},{"description":"White","count":2493,"tested":26170,"color":"rgb(31,119,180)"},{"description":"Hispanic","count":364,"tested":2069,"color":"rgb(214,39,40)"}],"gender":[{"description":"Male","count":2087,"tested":26655,"color":"rgb(31,119,180)"},{"description":"Unknown/Left Blank","count":42,"tested":761,"color":"rgb(44,160,44)"},{"description":"Female","count":2034,"tested":38666,"color":"rgb(255,127,14)"}]}
