{"age":[{"age_group":"<20","count":373,"tested":5232},{"age_group":"20-29   ","count":336,"tested":5660},{"age_group":"30-39   ","count":366,"tested":5373},{"age_group":"40-49   ","count":416,"tested":5764},{"age_group":"50-59   ","count":398,"tested":6374},{"age_group":"60-69   ","count":356,"tested":6251},{"age_group":"70-79   ","count":157,"tested":3531},{"age_group":"80+","count":173,"tested":4049}],"race":[{"description":"Other","count":155,"tested":1769,"color":"rgb(148,103,189)"},{"description":"Left Blank","count":540,"tested":11966,"color":"rgb(44,160,44)"},{"description":"White","count":1355,"tested":20924,"color":"rgb(31,119,180)"},{"description":"Asian","count":238,"tested":4368,"color":"rgb(140,86,75)"},{"description":"Hispanic","count":256,"tested":2433,"color":"rgb(214,39,40)"},{"description":"Black","count":22,"tested":648,"color":"rgb(255,127,14)"}],"gender":[{"description":"Female","count":1323,"tested":24431,"color":"rgb(255,127,14)"},{"description":"Unknown/Left Blank","count":16,"tested":347,"color":"rgb(44,160,44)"},{"description":"Male","count":1237,"tested":17465,"color":"rgb(31,119,180)"}]}
