{"age":[{"age_group":"<20","count":207,"tested":1516},{"age_group":"20-29   ","count":271,"tested":3059},{"age_group":"30-39   ","count":263,"tested":2724},{"age_group":"40-49   ","count":221,"tested":2332},{"age_group":"50-59   ","count":284,"tested":2871},{"age_group":"60-69   ","count":208,"tested":2839},{"age_group":"70-79   ","count":133,"tested":1679},{"age_group":"80+","count":83,"tested":910}],"race":[{"description":"Hispanic","count":110,"tested":634,"color":"rgb(214,39,40)"},{"description":"Asian","count":27,"tested":197,"color":"rgb(140,86,75)"},{"description":"Black","count":53,"tested":482,"color":"rgb(255,127,14)"},{"description":"White","count":659,"tested":4771,"color":"rgb(31,119,180)"},{"description":"Left Blank","count":725,"tested":11233,"color":"rgb(44,160,44)"},{"description":"Other","count":92,"tested":609,"color":"rgb(148,103,189)"}],"gender":[{"description":"Unknown/Left Blank","count":21,"tested":237,"color":"rgb(44,160,44)"},{"description":"Male","count":779,"tested":6817,"color":"rgb(31,119,180)"},{"description":"Female","count":870,"tested":10886,"color":"rgb(255,127,14)"}]}
