{"age":[{"age_group":"<20","count":664,"tested":8802},{"age_group":"20-29   ","count":590,"tested":8379},{"age_group":"30-39   ","count":484,"tested":8579},{"age_group":"40-49   ","count":517,"tested":7934},{"age_group":"50-59   ","count":539,"tested":8788},{"age_group":"60-69   ","count":387,"tested":7480},{"age_group":"70-79   ","count":210,"tested":4270},{"age_group":"80+","count":177,"tested":5844}],"race":[{"description":"Black","count":49,"tested":1244,"color":"rgb(255,127,14)"},{"description":"Asian","count":140,"tested":2405,"color":"rgb(140,86,75)"},{"description":"White","count":2097,"tested":30648,"color":"rgb(31,119,180)"},{"description":"Other","count":130,"tested":1389,"color":"rgb(148,103,189)"},{"description":"Left Blank","count":801,"tested":21467,"color":"rgb(44,160,44)"},{"description":"AI/AN**","count":7,"tested":17,"color":"rgb(31,119,180)"},{"description":"Hispanic","count":342,"tested":3004,"color":"rgb(214,39,40)"}],"gender":[{"description":"Female","count":1786,"tested":32730,"color":"rgb(255,127,14)"},{"description":"Male","count":1746,"tested":25554,"color":"rgb(31,119,180)"},{"description":"Unknown/Left Blank","count":36,"tested":1959,"color":"rgb(44,160,44)"}]}
