{"age":[{"age_group":"<20","count":81,"tested":509},{"age_group":"20-29   ","count":106,"tested":1062},{"age_group":"30-39   ","count":104,"tested":900},{"age_group":"40-49   ","count":108,"tested":802},{"age_group":"50-59   ","count":90,"tested":870},{"age_group":"60-69   ","count":58,"tested":728},{"age_group":"70-79   ","count":27,"tested":358},{"age_group":"80+","count":10,"tested":169}],"race":[{"description":"Left Blank","count":179,"tested":2038,"color":"rgb(44,160,44)"},{"description":"Other","count":16,"tested":202,"color":"rgb(148,103,189)"},{"description":"White","count":80,"tested":963,"color":"rgb(31,119,180)"},{"description":"Hispanic","count":205,"tested":908,"color":"rgb(214,39,40)"},{"description":"Black","count":97,"tested":1200,"color":"rgb(255,127,14)"}],"gender":[{"description":"Female","count":297,"tested":3000,"color":"rgb(255,127,14)"},{"description":"Male","count":283,"tested":2322,"color":"rgb(31,119,180)"}]}
