{"age":[{"age_group":"<20","count":18,"tested":171},{"age_group":"20-29   ","count":14,"tested":177},{"age_group":"30-39   ","count":6,"tested":177},{"age_group":"40-49   ","count":24,"tested":162},{"age_group":"50-59   ","count":30,"tested":203},{"age_group":"60-69   ","count":13,"tested":192},{"age_group":"70-79   ","count":10,"tested":152},{"age_group":"80+","count":6,"tested":108}],"race":[{"description":"White","count":73,"tested":674,"color":"rgb(31,119,180)"},{"description":"Left Blank","count":45,"tested":613,"color":"rgb(44,160,44)"}],"gender":[{"description":"Male","count":59,"tested":510,"color":"rgb(31,119,180)"},{"description":"Female","count":60,"tested":802,"color":"rgb(255,127,14)"}]}
