{"age":[{"age_group":"<20","count":365,"tested":2944},{"age_group":"20-29   ","count":471,"tested":4114},{"age_group":"30-39   ","count":302,"tested":3232},{"age_group":"40-49   ","count":403,"tested":3656},{"age_group":"50-59   ","count":448,"tested":4052},{"age_group":"60-69   ","count":300,"tested":2870},{"age_group":"70-79   ","count":122,"tested":1336},{"age_group":"80+","count":46,"tested":579}],"race":[{"description":"Asian","count":48,"tested":676,"color":"rgb(140,86,75)"},{"description":"Left Blank","count":984,"tested":10677,"color":"rgb(44,160,44)"},{"description":"Other","count":101,"tested":841,"color":"rgb(148,103,189)"},{"description":"White","count":1123,"tested":8988,"color":"rgb(31,119,180)"},{"description":"Black","count":62,"tested":763,"color":"rgb(255,127,14)"},{"description":"Hispanic","count":136,"tested":791,"color":"rgb(214,39,40)"}],"gender":[{"description":"Unknown/Left Blank","count":20,"tested":330,"color":"rgb(44,160,44)"},{"description":"Male","count":1154,"tested":9903,"color":"rgb(31,119,180)"},{"description":"Female","count":1283,"tested":12552,"color":"rgb(255,127,14)"}]}
