{"age":[{"age_group":"<20","count":395,"tested":4265},{"age_group":"20-29   ","count":498,"tested":5724},{"age_group":"30-39   ","count":363,"tested":5416},{"age_group":"40-49   ","count":334,"tested":4238},{"age_group":"50-59   ","count":441,"tested":6089},{"age_group":"60-69   ","count":259,"tested":4189},{"age_group":"70-79   ","count":130,"tested":2321},{"age_group":"80+","count":78,"tested":1350}],"race":[{"description":"Black","count":77,"tested":967,"color":"rgb(255,127,14)"},{"description":"Asian","count":53,"tested":1021,"color":"rgb(140,86,75)"},{"description":"Hispanic","count":358,"tested":2652,"color":"rgb(214,39,40)"},{"description":"White","count":1236,"tested":17312,"color":"rgb(31,119,180)"},{"description":"Other","count":138,"tested":1296,"color":"rgb(148,103,189)"},{"description":"Left Blank","count":627,"tested":10189,"color":"rgb(44,160,44)"}],"gender":[{"description":"Male","count":1239,"tested":14431,"color":"rgb(31,119,180)"},{"description":"Unknown/Left Blank","count":32,"tested":336,"color":"rgb(44,160,44)"},{"description":"Female","count":1228,"tested":18826,"color":"rgb(255,127,14)"}]}
