{"age":[{"age_group":"<20","count":104,"tested":769},{"age_group":"20-29   ","count":129,"tested":1153},{"age_group":"30-39   ","count":90,"tested":1031},{"age_group":"40-49   ","count":98,"tested":1140},{"age_group":"50-59   ","count":124,"tested":1336},{"age_group":"60-69   ","count":56,"tested":1025},{"age_group":"70-79   ","count":32,"tested":351},{"age_group":"80+","count":6,"tested":153}],"race":[{"description":"Other","count":13,"tested":135,"color":"rgb(148,103,189)"},{"description":"Left Blank","count":233,"tested":3242,"color":"rgb(44,160,44)"},{"description":"White","count":268,"tested":2918,"color":"rgb(31,119,180)"},{"description":"Asian","count":6,"tested":85,"color":"rgb(140,86,75)"},{"description":"Hispanic","count":115,"tested":516,"color":"rgb(214,39,40)"}],"gender":[{"description":"Female","count":338,"tested":3826,"color":"rgb(255,127,14)"},{"description":"Male","count":296,"tested":3052,"color":"rgb(31,119,180)"}]}
