{"age":[{"age_group":"<20","count":206,"tested":2010},{"age_group":"20-29   ","count":295,"tested":4587},{"age_group":"30-39   ","count":265,"tested":4630},{"age_group":"40-49   ","count":272,"tested":5224},{"age_group":"50-59   ","count":326,"tested":7437},{"age_group":"60-69   ","count":258,"tested":8079},{"age_group":"70-79   ","count":116,"tested":3515},{"age_group":"80+","count":63,"tested":2082}],"race":[{"description":"Black","count":1025,"tested":11751,"color":"rgb(255,127,14)"},{"description":"Hispanic","count":76,"tested":330,"color":"rgb(214,39,40)"},{"description":"White","count":35,"tested":570,"color":"rgb(31,119,180)"},{"description":"Other","count":24,"tested":291,"color":"rgb(148,103,189)"},{"description":"Left Blank","count":641,"tested":24602,"color":"rgb(44,160,44)"}],"gender":[{"description":"Female","count":1040,"tested":21462,"color":"rgb(255,127,14)"},{"description":"Unknown/Left Blank","count":29,"tested":646,"color":"rgb(44,160,44)"},{"description":"Male","count":732,"tested":15485,"color":"rgb(31,119,180)"}]}
