{"age":[{"age_group":"<20","count":435,"tested":3687},{"age_group":"20-29   ","count":507,"tested":4898},{"age_group":"30-39   ","count":486,"tested":5260},{"age_group":"40-49   ","count":501,"tested":4571},{"age_group":"50-59   ","count":379,"tested":4598},{"age_group":"60-69   ","count":280,"tested":3640},{"age_group":"70-79   ","count":176,"tested":1789},{"age_group":"80+","count":117,"tested":1005}],"race":[{"description":"Other","count":64,"tested":681,"color":"rgb(148,103,189)"},{"description":"Black","count":1470,"tested":15220,"color":"rgb(255,127,14)"},{"description":"White","count":48,"tested":699,"color":"rgb(31,119,180)"},{"description":"Left Blank","count":615,"tested":10033,"color":"rgb(44,160,44)"},{"description":"Hispanic","count":675,"tested":2720,"color":"rgb(214,39,40)"}],"gender":[{"description":"Male","count":1300,"tested":12758,"color":"rgb(31,119,180)"},{"description":"Female","count":1563,"tested":16133,"color":"rgb(255,127,14)"},{"description":"Unknown/Left Blank","count":18,"tested":563,"color":"rgb(44,160,44)"}]}
