{"age":[{"age_group":"<20","count":1333,"tested":9711},{"age_group":"20-29   ","count":1665,"tested":15041},{"age_group":"30-39   ","count":1763,"tested":16342},{"age_group":"40-49   ","count":1594,"tested":14633},{"age_group":"50-59   ","count":1508,"tested":14262},{"age_group":"60-69   ","count":979,"tested":11463},{"age_group":"70-79   ","count":438,"tested":5329},{"age_group":"80+","count":243,"tested":4557}],"race":[{"description":"Hispanic","count":4208,"tested":26676,"color":"rgb(214,39,40)"},{"description":"White","count":2939,"tested":26580,"color":"rgb(31,119,180)"},{"description":"Left Blank","count":1416,"tested":27252,"color":"rgb(44,160,44)"},{"description":"NH/PI*","count":25,"tested":218,"color":"rgb(127,127,127)"},{"description":"Black","count":176,"tested":2305,"color":"rgb(255,127,14)"},{"description":"Asian","count":300,"tested":3349,"color":"rgb(140,86,75)"},{"description":"Other","count":447,"tested":4875,"color":"rgb(148,103,189)"},{"description":"AI/AN**","count":12,"tested":105,"color":"rgb(31,119,180)"}],"gender":[{"description":"Unknown/Left Blank","count":85,"tested":1548,"color":"rgb(44,160,44)"},{"description":"Female","count":4869,"tested":49673,"color":"rgb(255,127,14)"},{"description":"Male","count":4569,"tested":40139,"color":"rgb(31,119,180)"}]}
