{"age":[{"age_group":"<20","count":549,"tested":4520},{"age_group":"20-29   ","count":617,"tested":6436},{"age_group":"30-39   ","count":556,"tested":6582},{"age_group":"40-49   ","count":566,"tested":6285},{"age_group":"50-59   ","count":455,"tested":6333},{"age_group":"60-69   ","count":279,"tested":5497},{"age_group":"70-79   ","count":141,"tested":2392},{"age_group":"80+","count":116,"tested":1275}],"race":[{"description":"Black","count":470,"tested":5096,"color":"rgb(255,127,14)"},{"description":"White","count":541,"tested":5436,"color":"rgb(31,119,180)"},{"description":"Asian","count":36,"tested":498,"color":"rgb(140,86,75)"},{"description":"Other","count":92,"tested":968,"color":"rgb(148,103,189)"},{"description":"Left Blank","count":787,"tested":20356,"color":"rgb(44,160,44)"},{"description":"NH/PI*","count":7,"tested":61,"color":"rgb(127,127,127)"},{"description":"Hispanic","count":1344,"tested":6876,"color":"rgb(214,39,40)"}],"gender":[{"description":"Unknown/Left Blank","count":73,"tested":404,"color":"rgb(44,160,44)"},{"description":"Male","count":1505,"tested":14950,"color":"rgb(31,119,180)"},{"description":"Female","count":1702,"tested":23972,"color":"rgb(255,127,14)"}]}
