{"age":[{"age_group":"<20","count":118,"tested":1291},{"age_group":"20-29   ","count":155,"tested":2589},{"age_group":"30-39   ","count":191,"tested":2988},{"age_group":"40-49   ","count":201,"tested":3617},{"age_group":"50-59   ","count":191,"tested":4782},{"age_group":"60-69   ","count":126,"tested":3338},{"age_group":"70-79   ","count":61,"tested":1542},{"age_group":"80+","count":26,"tested":628}],"race":[{"description":"Left Blank","count":370,"tested":12274,"color":"rgb(44,160,44)"},{"description":"White","count":41,"tested":745,"color":"rgb(31,119,180)"},{"description":"Hispanic","count":31,"tested":167,"color":"rgb(214,39,40)"},{"description":"Black","count":597,"tested":7270,"color":"rgb(255,127,14)"},{"description":"Asian","count":7,"tested":64,"color":"rgb(140,86,75)"},{"description":"Other","count":19,"tested":234,"color":"rgb(148,103,189)"}],"gender":[{"description":"Male","count":424,"tested":9077,"color":"rgb(31,119,180)"},{"description":"Female","count":639,"tested":11444,"color":"rgb(255,127,14)"},{"description":"Unknown/Left Blank","count":6,"tested":260,"color":"rgb(44,160,44)"}]}
