{"age":[{"age_group":"<20","count":433,"tested":4543},{"age_group":"20-29   ","count":644,"tested":6441},{"age_group":"30-39   ","count":495,"tested":5497},{"age_group":"40-49   ","count":475,"tested":5430},{"age_group":"50-59   ","count":457,"tested":5467},{"age_group":"60-69   ","count":425,"tested":5972},{"age_group":"70-79   ","count":233,"tested":3775},{"age_group":"80+","count":224,"tested":6311}],"race":[{"description":"Left Blank","count":1608,"tested":24134,"color":"rgb(44,160,44)"},{"description":"Hispanic","count":241,"tested":1320,"color":"rgb(214,39,40)"},{"description":"Other","count":93,"tested":911,"color":"rgb(148,103,189)"},{"description":"Black","count":362,"tested":4621,"color":"rgb(255,127,14)"},{"description":"Asian","count":72,"tested":343,"color":"rgb(140,86,75)"},{"description":"White","count":1005,"tested":12111,"color":"rgb(31,119,180)"}],"gender":[{"description":"Unknown/Left Blank","count":17,"tested":840,"color":"rgb(44,160,44)"},{"description":"Female","count":1817,"tested":26653,"color":"rgb(255,127,14)"},{"description":"Male","count":1552,"tested":15982,"color":"rgb(31,119,180)"}]}
