{"age":[{"age_group":"<20","count":629,"tested":4116},{"age_group":"20-29   ","count":265,"tested":2705},{"age_group":"30-39   ","count":308,"tested":2718},{"age_group":"40-49   ","count":221,"tested":2303},{"age_group":"50-59   ","count":223,"tested":2560},{"age_group":"60-69   ","count":162,"tested":2255},{"age_group":"70-79   ","count":91,"tested":1986},{"age_group":"80+","count":134,"tested":5355}],"race":[{"description":"Asian","count":159,"tested":1678,"color":"rgb(140,86,75)"},{"description":"Black","count":19,"tested":278,"color":"rgb(255,127,14)"},{"description":"Hispanic","count":71,"tested":604,"color":"rgb(214,39,40)"},{"description":"Left Blank","count":1108,"tested":15369,"color":"rgb(44,160,44)"},{"description":"Other","count":237,"tested":1269,"color":"rgb(148,103,189)"},{"description":"White","count":429,"tested":4892,"color":"rgb(31,119,180)"},{"description":"AI/AN**","count":6,"tested":59,"color":"rgb(31,119,180)"}],"gender":[{"description":"Unknown/Left Blank","count":23,"tested":320,"color":"rgb(44,160,44)"},{"description":"Male","count":1017,"tested":10236,"color":"rgb(31,119,180)"},{"description":"Female","count":994,"tested":13620,"color":"rgb(255,127,14)"}]}
