{"age":[{"age_group":"<20","count":244,"tested":6337},{"age_group":"20-29   ","count":502,"tested":28839},{"age_group":"30-39   ","count":418,"tested":11002},{"age_group":"40-49   ","count":293,"tested":6514},{"age_group":"50-59   ","count":262,"tested":6704},{"age_group":"60-69   ","count":153,"tested":5147},{"age_group":"70-79   ","count":94,"tested":2841},{"age_group":"80+","count":72,"tested":1533}],"race":[{"description":"Asian","count":48,"tested":5329,"color":"rgb(140,86,75)"},{"description":"White","count":244,"tested":21355,"color":"rgb(31,119,180)"},{"description":"Black","count":1104,"tested":18675,"color":"rgb(255,127,14)"},{"description":"Other","count":51,"tested":1146,"color":"rgb(148,103,189)"},{"description":"Left Blank","count":503,"tested":18569,"color":"rgb(44,160,44)"},{"description":"Hispanic","count":83,"tested":3643,"color":"rgb(214,39,40)"}],"gender":[{"description":"Male","count":911,"tested":28761,"color":"rgb(31,119,180)"},{"description":"Unknown/Left Blank","count":23,"tested":1035,"color":"rgb(44,160,44)"},{"description":"Female","count":1104,"tested":39132,"color":"rgb(255,127,14)"}]}
