{"age":[{"age_group":"<20","count":289,"tested":2672},{"age_group":"20-29   ","count":428,"tested":4022},{"age_group":"30-39   ","count":226,"tested":2430},{"age_group":"40-49   ","count":284,"tested":2879},{"age_group":"50-59   ","count":415,"tested":3853},{"age_group":"60-69   ","count":315,"tested":3484},{"age_group":"70-79   ","count":154,"tested":2785},{"age_group":"80+","count":153,"tested":5016}],"race":[{"description":"Black","count":35,"tested":434,"color":"rgb(255,127,14)"},{"description":"Hispanic","count":70,"tested":597,"color":"rgb(214,39,40)"},{"description":"White","count":1103,"tested":10886,"color":"rgb(31,119,180)"},{"description":"Asian","count":73,"tested":639,"color":"rgb(140,86,75)"},{"description":"Left Blank","count":879,"tested":13630,"color":"rgb(44,160,44)"},{"description":"Other","count":98,"tested":934,"color":"rgb(148,103,189)"}],"gender":[{"description":"Unknown/Left Blank","count":12,"tested":668,"color":"rgb(44,160,44)"},{"description":"Male","count":1075,"tested":11273,"color":"rgb(31,119,180)"},{"description":"Female","count":1177,"tested":15204,"color":"rgb(255,127,14)"}]}
