{"age":[{"age_group":"<20","count":188,"tested":1934},{"age_group":"20-29   ","count":179,"tested":1570},{"age_group":"30-39   ","count":162,"tested":1431},{"age_group":"40-49   ","count":171,"tested":1441},{"age_group":"50-59   ","count":145,"tested":1278},{"age_group":"60-69   ","count":93,"tested":882},{"age_group":"70-79   ","count":39,"tested":404},{"age_group":"80+","count":16,"tested":198}],"race":[{"description":"White","count":676,"tested":6299,"color":"rgb(31,119,180)"},{"description":"Left Blank","count":240,"tested":2205,"color":"rgb(44,160,44)"},{"description":"Other","count":55,"tested":384,"color":"rgb(148,103,189)"},{"description":"Hispanic","count":19,"tested":173,"color":"rgb(214,39,40)"}],"gender":[{"description":"Male","count":490,"tested":3721,"color":"rgb(31,119,180)"},{"description":"Female","count":499,"tested":5275,"color":"rgb(255,127,14)"}]}
