{"age":[{"age_group":"<20","count":13,"tested":105},{"age_group":"20-29   ","count":16,"tested":127},{"age_group":"30-39   ","count":12,"tested":131},{"age_group":"40-49   ","count":15,"tested":116},{"age_group":"50-59   ","count":17,"tested":118},{"age_group":"60-69   ","count":16,"tested":84}],"race":[{"description":"Left Blank","count":42,"tested":354,"color":"rgb(44,160,44)"},{"description":"White","count":51,"tested":382,"color":"rgb(31,119,180)"}],"gender":[{"description":"Female","count":48,"tested":433,"color":"rgb(255,127,14)"},{"description":"Male","count":50,"tested":323,"color":"rgb(31,119,180)"}]}
