{"age":[{"age_group":"<20","count":495,"tested":3692},{"age_group":"20-29   ","count":574,"tested":6594},{"age_group":"30-39   ","count":484,"tested":5835},{"age_group":"40-49   ","count":572,"tested":6148},{"age_group":"50-59   ","count":465,"tested":6315},{"age_group":"60-69   ","count":342,"tested":5826},{"age_group":"70-79   ","count":206,"tested":4095},{"age_group":"80+","count":223,"tested":5556}],"race":[{"description":"Black","count":33,"tested":463,"color":"rgb(255,127,14)"},{"description":"Asian","count":204,"tested":2112,"color":"rgb(140,86,75)"},{"description":"Hispanic","count":1136,"tested":5970,"color":"rgb(214,39,40)"},{"description":"White","count":868,"tested":9238,"color":"rgb(31,119,180)"},{"description":"Other","count":174,"tested":1294,"color":"rgb(148,103,189)"},{"description":"Left Blank","count":932,"tested":25085,"color":"rgb(44,160,44)"},{"description":"AI/AN**","count":9,"tested":88,"color":"rgb(31,119,180)"}],"gender":[{"description":"Male","count":1618,"tested":17265,"color":"rgb(31,119,180)"},{"description":"Unknown/Left Blank","count":23,"tested":1208,"color":"rgb(44,160,44)"},{"description":"Female","count":1720,"tested":25907,"color":"rgb(255,127,14)"}]}
