{"age":[{"age_group":"<20","count":212,"tested":1381},{"age_group":"20-29   ","count":322,"tested":2815},{"age_group":"30-39   ","count":249,"tested":2827},{"age_group":"40-49   ","count":224,"tested":2940},{"age_group":"50-59   ","count":259,"tested":3534},{"age_group":"60-69   ","count":215,"tested":3277},{"age_group":"70-79   ","count":119,"tested":2169},{"age_group":"80+","count":86,"tested":1293}],"race":[{"description":"Black","count":57,"tested":2070,"color":"rgb(255,127,14)"},{"description":"Asian","count":29,"tested":285,"color":"rgb(140,86,75)"},{"description":"White","count":577,"tested":6312,"color":"rgb(31,119,180)"},{"description":"Hispanic","count":280,"tested":1533,"color":"rgb(214,39,40)"},{"description":"Other","count":133,"tested":858,"color":"rgb(148,103,189)"},{"description":"Left Blank","count":605,"tested":9183,"color":"rgb(44,160,44)"}],"gender":[{"description":"Male","count":789,"tested":9389,"color":"rgb(31,119,180)"},{"description":"Unknown/Left Blank","count":10,"tested":176,"color":"rgb(44,160,44)"},{"description":"Female","count":887,"tested":10709,"color":"rgb(255,127,14)"}]}
