{"age":[{"age_group":"<20","count":73,"tested":984},{"age_group":"20-29   ","count":54,"tested":741},{"age_group":"30-39   ","count":47,"tested":784},{"age_group":"40-49   ","count":55,"tested":624},{"age_group":"50-59   ","count":65,"tested":869},{"age_group":"60-69   ","count":70,"tested":870},{"age_group":"70-79   ","count":37,"tested":779},{"age_group":"80+","count":65,"tested":1276}],"race":[{"description":"White","count":312,"tested":4008,"color":"rgb(31,119,180)"},{"description":"Left Blank","count":148,"tested":2817,"color":"rgb(44,160,44)"}],"gender":[{"description":"Male","count":208,"tested":2560,"color":"rgb(31,119,180)"},{"description":"Female","count":256,"tested":4294,"color":"rgb(255,127,14)"}]}
