{"age":[{"age_group":"<20","count":291,"tested":2920},{"age_group":"20-29   ","count":334,"tested":4424},{"age_group":"30-39   ","count":357,"tested":4047},{"age_group":"40-49   ","count":284,"tested":3520},{"age_group":"50-59   ","count":333,"tested":3999},{"age_group":"60-69   ","count":247,"tested":3940},{"age_group":"70-79   ","count":165,"tested":2394},{"age_group":"80+","count":90,"tested":1309}],"race":[{"description":"Asian","count":42,"tested":524,"color":"rgb(140,86,75)"},{"description":"Black","count":78,"tested":824,"color":"rgb(255,127,14)"},{"description":"Hispanic","count":162,"tested":1158,"color":"rgb(214,39,40)"},{"description":"Left Blank","count":789,"tested":14825,"color":"rgb(44,160,44)"},{"description":"Other","count":118,"tested":941,"color":"rgb(148,103,189)"},{"description":"White","count":907,"tested":8255,"color":"rgb(31,119,180)"}],"gender":[{"description":"Female","count":1086,"tested":15816,"color":"rgb(255,127,14)"},{"description":"Male","count":991,"tested":10400,"color":"rgb(31,119,180)"},{"description":"Unknown/Left Blank","count":24,"tested":349,"color":"rgb(44,160,44)"}]}
