{"age":[{"age_group":"<20","count":1560,"tested":15331},{"age_group":"20-29   ","count":1675,"tested":20811},{"age_group":"30-39   ","count":1436,"tested":18739},{"age_group":"40-49   ","count":1399,"tested":17421},{"age_group":"50-59   ","count":1260,"tested":17190},{"age_group":"60-69   ","count":908,"tested":14762},{"age_group":"70-79   ","count":445,"tested":8744},{"age_group":"80+","count":263,"tested":5296}],"race":[{"description":"AI/AN**","count":18,"tested":251,"color":"rgb(31,119,180)"},{"description":"Asian","count":21,"tested":319,"color":"rgb(140,86,75)"},{"description":"Black","count":2847,"tested":42288,"color":"rgb(255,127,14)"},{"description":"Hispanic","count":2927,"tested":23073,"color":"rgb(214,39,40)"},{"description":"Left Blank","count":2196,"tested":40699,"color":"rgb(44,160,44)"},{"description":"Other","count":188,"tested":2715,"color":"rgb(148,103,189)"},{"description":"White","count":747,"tested":8913,"color":"rgb(31,119,180)"}],"gender":[{"description":"Female","count":4865,"tested":67357,"color":"rgb(255,127,14)"},{"description":"Male","count":4053,"tested":49476,"color":"rgb(31,119,180)"},{"description":"Unknown/Left Blank","count":28,"tested":1514,"color":"rgb(44,160,44)"}]}
