{"age":[{"age_group":"<20","count":19,"tested":240},{"age_group":"20-29   ","count":28,"tested":303},{"age_group":"30-39   ","count":18,"tested":280},{"age_group":"40-49   ","count":13,"tested":156},{"age_group":"50-59   ","count":38,"tested":253},{"age_group":"60-69   ","count":21,"tested":209},{"age_group":"70-79   ","count":10,"tested":147}],"race":[{"description":"Hispanic","count":20,"tested":81,"color":"rgb(214,39,40)"},{"description":"Left Blank","count":36,"tested":575,"color":"rgb(44,160,44)"},{"description":"White","count":92,"tested":962,"color":"rgb(31,119,180)"}],"gender":[{"description":"Female","count":75,"tested":862,"color":"rgb(255,127,14)"},{"description":"Male","count":73,"tested":809,"color":"rgb(31,119,180)"}]}
