{"age":[{"age_group":"<20","count":58,"tested":543},{"age_group":"20-29   ","count":60,"tested":762},{"age_group":"30-39   ","count":49,"tested":660},{"age_group":"40-49   ","count":50,"tested":477},{"age_group":"50-59   ","count":66,"tested":746},{"age_group":"60-69   ","count":46,"tested":592},{"age_group":"70-79   ","count":26,"tested":422},{"age_group":"80+","count":11,"tested":194}],"race":[{"description":"Asian","count":9,"tested":44,"color":"rgb(140,86,75)"},{"description":"Hispanic","count":25,"tested":129,"color":"rgb(214,39,40)"},{"description":"Left Blank","count":125,"tested":1372,"color":"rgb(44,160,44)"},{"description":"Other","count":6,"tested":70,"color":"rgb(148,103,189)"},{"description":"White","count":199,"tested":2750,"color":"rgb(31,119,180)"}],"gender":[{"description":"Female","count":196,"tested":2560,"color":"rgb(255,127,14)"},{"description":"Male","count":169,"tested":1818,"color":"rgb(31,119,180)"}]}
