{"age":[{"age_group":"20-29   ","count":8,"tested":186},{"age_group":"40-49   ","count":12,"tested":211},{"age_group":"50-59   ","count":9,"tested":181},{"age_group":"70-79   ","count":8,"tested":65}],"race":[{"description":"Left Blank","count":15,"tested":354,"color":"rgb(44,160,44)"},{"description":"White","count":29,"tested":527,"color":"rgb(31,119,180)"}],"gender":[{"description":"Female","count":26,"tested":661,"color":"rgb(255,127,14)"},{"description":"Male","count":24,"tested":270,"color":"rgb(31,119,180)"}]}
