{"age":[{"age_group":"<20","count":659,"tested":6868},{"age_group":"20-29   ","count":681,"tested":8842},{"age_group":"30-39   ","count":642,"tested":9281},{"age_group":"40-49   ","count":611,"tested":8045},{"age_group":"50-59   ","count":476,"tested":8389},{"age_group":"60-69   ","count":352,"tested":6386},{"age_group":"70-79   ","count":205,"tested":2887},{"age_group":"80+","count":138,"tested":1555}],"race":[{"description":"Black","count":2044,"tested":24879,"color":"rgb(255,127,14)"},{"description":"Hispanic","count":790,"tested":4103,"color":"rgb(214,39,40)"},{"description":"Left Blank","count":777,"tested":20894,"color":"rgb(44,160,44)"},{"description":"Other","count":77,"tested":1008,"color":"rgb(148,103,189)"},{"description":"White","count":65,"tested":1118,"color":"rgb(31,119,180)"}],"gender":[{"description":"Female","count":2069,"tested":28055,"color":"rgb(255,127,14)"},{"description":"Male","count":1677,"tested":23305,"color":"rgb(31,119,180)"},{"description":"Unknown/Left Blank","count":18,"tested":900,"color":"rgb(44,160,44)"}]}
