{"age":[{"age_group":"20-29   ","count":10,"tested":136},{"age_group":"30-39   ","count":10,"tested":253},{"age_group":"40-49   ","count":10,"tested":224},{"age_group":"50-59   ","count":7,"tested":236},{"age_group":"60-69   ","count":7,"tested":135}],"race":[{"description":"Left Blank","count":11,"tested":304,"color":"rgb(44,160,44)"},{"description":"White","count":32,"tested":806,"color":"rgb(31,119,180)"}],"gender":[{"description":"Female","count":27,"tested":844,"color":"rgb(255,127,14)"},{"description":"Male","count":20,"tested":438,"color":"rgb(31,119,180)"}]}
