{"age":[{"age_group":"<20","count":391,"tested":4948},{"age_group":"20-29   ","count":425,"tested":6753},{"age_group":"30-39   ","count":393,"tested":7164},{"age_group":"40-49   ","count":425,"tested":6842},{"age_group":"50-59   ","count":430,"tested":7803},{"age_group":"60-69   ","count":425,"tested":7855},{"age_group":"70-79   ","count":252,"tested":5274},{"age_group":"80+","count":208,"tested":4793}],"race":[{"description":"AI/AN**","count":8,"tested":70,"color":"rgb(31,119,180)"},{"description":"Asian","count":261,"tested":2947,"color":"rgb(140,86,75)"},{"description":"Black","count":100,"tested":1094,"color":"rgb(255,127,14)"},{"description":"Hispanic","count":346,"tested":1851,"color":"rgb(214,39,40)"},{"description":"Left Blank","count":507,"tested":30343,"color":"rgb(44,160,44)"},{"description":"Other","count":93,"tested":1254,"color":"rgb(148,103,189)"},{"description":"White","count":1630,"tested":13837,"color":"rgb(31,119,180)"}],"gender":[{"description":"Female","count":1506,"tested":28934,"color":"rgb(255,127,14)"},{"description":"Male","count":1431,"tested":21383,"color":"rgb(31,119,180)"},{"description":"Unknown/Left Blank","count":12,"tested":1126,"color":"rgb(44,160,44)"}]}
