{"age":[{"age_group":"<20","count":769,"tested":15060},{"age_group":"20-29   ","count":590,"tested":10176},{"age_group":"30-39   ","count":444,"tested":9333},{"age_group":"40-49   ","count":586,"tested":10150},{"age_group":"50-59   ","count":611,"tested":12894},{"age_group":"60-69   ","count":392,"tested":10469},{"age_group":"70-79   ","count":171,"tested":6773},{"age_group":"80+","count":191,"tested":6809}],"race":[{"description":"AI/AN**","count":12,"tested":135,"color":"rgb(31,119,180)"},{"description":"Asian","count":296,"tested":6782,"color":"rgb(140,86,75)"},{"description":"Black","count":33,"tested":945,"color":"rgb(255,127,14)"},{"description":"Hispanic","count":268,"tested":3118,"color":"rgb(214,39,40)"},{"description":"Left Blank","count":737,"tested":33289,"color":"rgb(44,160,44)"},{"description":"NH/PI*","count":8,"tested":141,"color":"rgb(127,127,127)"},{"description":"Other","count":431,"tested":4635,"color":"rgb(148,103,189)"},{"description":"White","count":1970,"tested":32633,"color":"rgb(31,119,180)"}],"gender":[{"description":"Female","count":1938,"tested":46176,"color":"rgb(255,127,14)"},{"description":"Male","count":1772,"tested":33887,"color":"rgb(31,119,180)"},{"description":"Unknown/Left Blank","count":45,"tested":1615,"color":"rgb(44,160,44)"}]}
