{"age":[{"age_group":"<20","count":36,"tested":536},{"age_group":"20-29   ","count":52,"tested":815},{"age_group":"30-39   ","count":39,"tested":756},{"age_group":"40-49   ","count":37,"tested":627},{"age_group":"50-59   ","count":52,"tested":1307},{"age_group":"60-69   ","count":34,"tested":726},{"age_group":"70-79   ","count":25,"tested":643},{"age_group":"80+","count":46,"tested":2085}],"race":[{"description":"Hispanic","count":6,"tested":37,"color":"rgb(214,39,40)"},{"description":"Left Blank","count":47,"tested":4277,"color":"rgb(44,160,44)"},{"description":"Other","count":10,"tested":148,"color":"rgb(148,103,189)"},{"description":"White","count":256,"tested":2992,"color":"rgb(31,119,180)"}],"gender":[{"description":"Female","count":187,"tested":5297,"color":"rgb(255,127,14)"},{"description":"Male","count":133,"tested":2092,"color":"rgb(31,119,180)"}]}
