{"age":[{"age_group":"<20","count":529,"tested":4784},{"age_group":"20-29   ","count":437,"tested":4352},{"age_group":"30-39   ","count":407,"tested":3704},{"age_group":"40-49   ","count":374,"tested":3865},{"age_group":"50-59   ","count":357,"tested":3471},{"age_group":"60-69   ","count":241,"tested":2674},{"age_group":"70-79   ","count":108,"tested":1291},{"age_group":"80+","count":50,"tested":880}],"race":[{"description":"AI/AN**","count":8,"tested":17,"color":"rgb(31,119,180)"},{"description":"Black","count":646,"tested":5102,"color":"rgb(255,127,14)"},{"description":"Hispanic","count":790,"tested":3319,"color":"rgb(214,39,40)"},{"description":"Left Blank","count":257,"tested":9999,"color":"rgb(44,160,44)"},{"description":"Other","count":44,"tested":469,"color":"rgb(148,103,189)"},{"description":"White","count":755,"tested":6025,"color":"rgb(31,119,180)"}],"gender":[{"description":"Female","count":1304,"tested":14421,"color":"rgb(255,127,14)"},{"description":"Male","count":1176,"tested":9974,"color":"rgb(31,119,180)"},{"description":"Unknown/Left Blank","count":23,"tested":626,"color":"rgb(44,160,44)"}]}
