{"age":[{"age_group":"<20","count":410,"tested":7633},{"age_group":"20-29   ","count":905,"tested":22614},{"age_group":"30-39   ","count":936,"tested":21870},{"age_group":"40-49   ","count":603,"tested":14369},{"age_group":"50-59   ","count":564,"tested":14728},{"age_group":"60-69   ","count":432,"tested":14794},{"age_group":"70-79   ","count":212,"tested":8144},{"age_group":"80+","count":176,"tested":5327}],"race":[{"description":"Asian","count":558,"tested":10982,"color":"rgb(140,86,75)"},{"description":"Black","count":1059,"tested":18018,"color":"rgb(255,127,14)"},{"description":"Hispanic","count":476,"tested":5192,"color":"rgb(214,39,40)"},{"description":"Left Blank","count":1261,"tested":56363,"color":"rgb(44,160,44)"},{"description":"Other","count":185,"tested":3836,"color":"rgb(148,103,189)"},{"description":"White","count":690,"tested":14903,"color":"rgb(31,119,180)"}],"gender":[{"description":"Female","count":2130,"tested":55088,"color":"rgb(255,127,14)"},{"description":"Male","count":2048,"tested":51686,"color":"rgb(31,119,180)"},{"description":"Unknown/Left Blank","count":60,"tested":2733,"color":"rgb(44,160,44)"}]}
