{"age":[{"age_group":"<20","count":1946,"tested":17836},{"age_group":"20-29   ","count":2264,"tested":24846},{"age_group":"30-39   ","count":2104,"tested":23465},{"age_group":"40-49   ","count":2123,"tested":20503},{"age_group":"50-59   ","count":1632,"tested":18821},{"age_group":"60-69   ","count":967,"tested":15239},{"age_group":"70-79   ","count":474,"tested":6938},{"age_group":"80+","count":207,"tested":2457}],"race":[{"description":"AI/AN**","count":7,"tested":80,"color":"rgb(31,119,180)"},{"description":"Asian","count":15,"tested":590,"color":"rgb(140,86,75)"},{"description":"Black","count":1833,"tested":27200,"color":"rgb(255,127,14)"},{"description":"Hispanic","count":6586,"tested":37525,"color":"rgb(214,39,40)"},{"description":"Left Blank","count":2517,"tested":50915,"color":"rgb(44,160,44)"},{"description":"Other","count":388,"tested":4526,"color":"rgb(148,103,189)"},{"description":"White","count":368,"tested":9292,"color":"rgb(31,119,180)"}],"gender":[{"description":"Female","count":6046,"tested":67486,"color":"rgb(255,127,14)"},{"description":"Male","count":5579,"tested":60598,"color":"rgb(31,119,180)"},{"description":"Unknown/Left Blank","count":92,"tested":2066,"color":"rgb(44,160,44)"}]}
