{"age":[{"age_group":"<20","count":472,"tested":5259},{"age_group":"20-29   ","count":471,"tested":8160},{"age_group":"30-39   ","count":367,"tested":5569},{"age_group":"40-49   ","count":383,"tested":4728},{"age_group":"50-59   ","count":326,"tested":5299},{"age_group":"60-69   ","count":225,"tested":4169},{"age_group":"70-79   ","count":135,"tested":2612},{"age_group":"80+","count":74,"tested":1742}],"race":[{"description":"Asian","count":7,"tested":131,"color":"rgb(140,86,75)"},{"description":"Black","count":832,"tested":6969,"color":"rgb(255,127,14)"},{"description":"Hispanic","count":543,"tested":2600,"color":"rgb(214,39,40)"},{"description":"Left Blank","count":211,"tested":18026,"color":"rgb(44,160,44)"},{"description":"Other","count":37,"tested":503,"color":"rgb(148,103,189)"},{"description":"White","count":816,"tested":9286,"color":"rgb(31,119,180)"}],"gender":[{"description":"Female","count":1375,"tested":19756,"color":"rgb(255,127,14)"},{"description":"Male","count":1061,"tested":17043,"color":"rgb(31,119,180)"},{"description":"Unknown/Left Blank","count":17,"tested":742,"color":"rgb(44,160,44)"}]}
