{"age":[{"age_group":"<20","count":801,"tested":9801},{"age_group":"20-29   ","count":904,"tested":12137},{"age_group":"30-39   ","count":654,"tested":10401},{"age_group":"40-49   ","count":732,"tested":9117},{"age_group":"50-59   ","count":574,"tested":8553},{"age_group":"60-69   ","count":264,"tested":4610},{"age_group":"70-79   ","count":91,"tested":1776},{"age_group":"80+","count":49,"tested":811}],"race":[{"description":"Asian","count":291,"tested":5384,"color":"rgb(140,86,75)"},{"description":"Black","count":536,"tested":6609,"color":"rgb(255,127,14)"},{"description":"Hispanic","count":1062,"tested":7052,"color":"rgb(214,39,40)"},{"description":"Left Blank","count":772,"tested":19948,"color":"rgb(44,160,44)"},{"description":"Other","count":140,"tested":2349,"color":"rgb(148,103,189)"},{"description":"White","count":1258,"tested":15706,"color":"rgb(31,119,180)"}],"gender":[{"description":"Female","count":2130,"tested":31894,"color":"rgb(255,127,14)"},{"description":"Male","count":1922,"tested":24824,"color":"rgb(31,119,180)"},{"description":"Unknown/Left Blank","count":17,"tested":493,"color":"rgb(44,160,44)"}]}
