{"age":[{"age_group":"<20","count":79,"tested":1305},{"age_group":"20-29   ","count":67,"tested":852},{"age_group":"30-39   ","count":76,"tested":924},{"age_group":"40-49   ","count":65,"tested":778},{"age_group":"50-59   ","count":91,"tested":1199},{"age_group":"60-69   ","count":66,"tested":854},{"age_group":"70-79   ","count":9,"tested":449}],"race":[{"description":"Hispanic","count":38,"tested":304,"color":"rgb(214,39,40)"},{"description":"Left Blank","count":139,"tested":2396,"color":"rgb(44,160,44)"},{"description":"Other","count":8,"tested":93,"color":"rgb(148,103,189)"},{"description":"White","count":266,"tested":4014,"color":"rgb(31,119,180)"}],"gender":[{"description":"Female","count":231,"tested":3702,"color":"rgb(255,127,14)"},{"description":"Male","count":224,"tested":3161,"color":"rgb(31,119,180)"}]}
