{"age":[{"age_group":"<20","count":358,"tested":3743},{"age_group":"20-29   ","count":438,"tested":5812},{"age_group":"30-39   ","count":443,"tested":6329},{"age_group":"40-49   ","count":357,"tested":5254},{"age_group":"50-59   ","count":342,"tested":5724},{"age_group":"60-69   ","count":258,"tested":4542},{"age_group":"70-79   ","count":103,"tested":1946},{"age_group":"80+","count":47,"tested":715}],"race":[{"description":"Black","count":1557,"tested":19246,"color":"rgb(255,127,14)"},{"description":"Hispanic","count":94,"tested":565,"color":"rgb(214,39,40)"},{"description":"Left Blank","count":610,"tested":13018,"color":"rgb(44,160,44)"},{"description":"Other","count":34,"tested":502,"color":"rgb(148,103,189)"},{"description":"White","count":43,"tested":639,"color":"rgb(31,119,180)"}],"gender":[{"description":"Female","count":1399,"tested":21086,"color":"rgb(255,127,14)"},{"description":"Male","count":932,"tested":12421,"color":"rgb(31,119,180)"},{"description":"Unknown/Left Blank","count":15,"tested":565,"color":"rgb(44,160,44)"}]}
