{"age":[{"age_group":"<20","count":30,"tested":248},{"age_group":"20-29   ","count":11,"tested":108},{"age_group":"30-39   ","count":15,"tested":118},{"age_group":"40-49   ","count":8,"tested":83},{"age_group":"50-59   ","count":15,"tested":195},{"age_group":"60-69   ","count":16,"tested":145},{"age_group":"70-79   ","count":8,"tested":65}],"race":[{"description":"Left Blank","count":25,"tested":360,"color":"rgb(44,160,44)"},{"description":"White","count":78,"tested":607,"color":"rgb(31,119,180)"}],"gender":[{"description":"Female","count":51,"tested":555,"color":"rgb(255,127,14)"},{"description":"Male","count":52,"tested":430,"color":"rgb(31,119,180)"}]}
