{"age":[{"age_group":"<20","count":285,"tested":3935},{"age_group":"20-29   ","count":144,"tested":2090},{"age_group":"30-39   ","count":115,"tested":1655},{"age_group":"40-49   ","count":165,"tested":2011},{"age_group":"50-59   ","count":184,"tested":2462},{"age_group":"60-69   ","count":83,"tested":1792},{"age_group":"70-79   ","count":23,"tested":897},{"age_group":"80+","count":57,"tested":962}],"race":[{"description":"Asian","count":57,"tested":625,"color":"rgb(140,86,75)"},{"description":"Black","count":33,"tested":303,"color":"rgb(255,127,14)"},{"description":"Hispanic","count":42,"tested":342,"color":"rgb(214,39,40)"},{"description":"Left Blank","count":201,"tested":7628,"color":"rgb(44,160,44)"},{"description":"Other","count":22,"tested":514,"color":"rgb(148,103,189)"},{"description":"White","count":700,"tested":6386,"color":"rgb(31,119,180)"}],"gender":[{"description":"Female","count":529,"tested":8716,"color":"rgb(255,127,14)"},{"description":"Male","count":512,"tested":6786,"color":"rgb(31,119,180)"}]}
