{"age":[{"age_group":"<20","count":26,"tested":386},{"age_group":"20-29   ","count":16,"tested":241},{"age_group":"30-39   ","count":28,"tested":277},{"age_group":"40-49   ","count":15,"tested":280},{"age_group":"50-59   ","count":29,"tested":269},{"age_group":"60-69   ","count":34,"tested":309},{"age_group":"70-79   ","count":9,"tested":169}],"race":[{"description":"Left Blank","count":38,"tested":642,"color":"rgb(44,160,44)"},{"description":"White","count":111,"tested":1194,"color":"rgb(31,119,180)"}],"gender":[{"description":"Female","count":77,"tested":1137,"color":"rgb(255,127,14)"},{"description":"Male","count":82,"tested":841,"color":"rgb(31,119,180)"}]}
