{"age":[{"age_group":"<20","count":24,"tested":221},{"age_group":"20-29   ","count":10,"tested":146},{"age_group":"30-39   ","count":21,"tested":144},{"age_group":"40-49   ","count":16,"tested":152},{"age_group":"50-59   ","count":27,"tested":153},{"age_group":"60-69   ","count":10,"tested":137},{"age_group":"70-79   ","count":7,"tested":105}],"race":[{"description":"Left Blank","count":17,"tested":291,"color":"rgb(44,160,44)"},{"description":"White","count":99,"tested":751,"color":"rgb(31,119,180)"}],"gender":[{"description":"Female","count":62,"tested":699,"color":"rgb(255,127,14)"},{"description":"Male","count":59,"tested":409,"color":"rgb(31,119,180)"}]}
