{"age":[{"age_group":"<20","count":482,"tested":5406},{"age_group":"20-29   ","count":551,"tested":5808},{"age_group":"30-39   ","count":518,"tested":5920},{"age_group":"40-49   ","count":513,"tested":5934},{"age_group":"50-59   ","count":496,"tested":6156},{"age_group":"60-69   ","count":397,"tested":5611},{"age_group":"70-79   ","count":213,"tested":3315},{"age_group":"80+","count":238,"tested":7021}],"race":[{"description":"Asian","count":139,"tested":2635,"color":"rgb(140,86,75)"},{"description":"Black","count":32,"tested":325,"color":"rgb(255,127,14)"},{"description":"Hispanic","count":503,"tested":3938,"color":"rgb(214,39,40)"},{"description":"Left Blank","count":573,"tested":14563,"color":"rgb(44,160,44)"},{"description":"NH/PI*","count":8,"tested":180,"color":"rgb(127,127,127)"},{"description":"Other","count":125,"tested":1467,"color":"rgb(148,103,189)"},{"description":"White","count":2027,"tested":22038,"color":"rgb(31,119,180)"}],"gender":[{"description":"Female","count":1742,"tested":26929,"color":"rgb(255,127,14)"},{"description":"Male","count":1650,"tested":17755,"color":"rgb(31,119,180)"},{"description":"Unknown/Left Blank","count":18,"tested":500,"color":"rgb(44,160,44)"}]}
