{"age":[{"age_group":"<20","count":213,"tested":2830},{"age_group":"20-29   ","count":130,"tested":2344},{"age_group":"30-39   ","count":139,"tested":2277},{"age_group":"40-49   ","count":107,"tested":1699},{"age_group":"50-59   ","count":111,"tested":2066},{"age_group":"60-69   ","count":100,"tested":1844},{"age_group":"70-79   ","count":65,"tested":1267},{"age_group":"80+","count":91,"tested":1667}],"race":[{"description":"Black","count":10,"tested":226,"color":"rgb(255,127,14)"},{"description":"Hispanic","count":34,"tested":256,"color":"rgb(214,39,40)"},{"description":"Left Blank","count":109,"tested":3028,"color":"rgb(44,160,44)"},{"description":"Other","count":15,"tested":232,"color":"rgb(148,103,189)"},{"description":"White","count":785,"tested":12193,"color":"rgb(31,119,180)"}],"gender":[{"description":"Female","count":516,"tested":10196,"color":"rgb(255,127,14)"},{"description":"Male","count":435,"tested":5708,"color":"rgb(31,119,180)"}]}
