{"age":[{"age_group":"30-39   ","count":9,"tested":624},{"age_group":"40-49   ","count":9,"tested":581},{"age_group":"50-59   ","count":18,"tested":797},{"age_group":"60-69   ","count":18,"tested":805},{"age_group":"70-79   ","count":12,"tested":853},{"age_group":"80+","count":7,"tested":234}],"race":[{"description":"Black","count":31,"tested":1137,"color":"rgb(255,127,14)"},{"description":"Left Blank","count":21,"tested":682,"color":"rgb(44,160,44)"},{"description":"White","count":15,"tested":799,"color":"rgb(31,119,180)"}],"gender":[{"description":"Female","count":40,"tested":1484,"color":"rgb(255,127,14)"},{"description":"Male","count":40,"tested":2940,"color":"rgb(31,119,180)"}]}
