{"age":[{"age_group":"<20","count":420,"tested":4802},{"age_group":"20-29   ","count":402,"tested":4803},{"age_group":"30-39   ","count":361,"tested":4932},{"age_group":"40-49   ","count":360,"tested":4415},{"age_group":"50-59   ","count":337,"tested":4196},{"age_group":"60-69   ","count":213,"tested":3166},{"age_group":"70-79   ","count":120,"tested":2213},{"age_group":"80+","count":73,"tested":1336}],"race":[{"description":"Asian","count":31,"tested":387,"color":"rgb(140,86,75)"},{"description":"Black","count":63,"tested":597,"color":"rgb(255,127,14)"},{"description":"Hispanic","count":179,"tested":1424,"color":"rgb(214,39,40)"},{"description":"Left Blank","count":524,"tested":11018,"color":"rgb(44,160,44)"},{"description":"Other","count":25,"tested":307,"color":"rgb(148,103,189)"},{"description":"White","count":1459,"tested":16086,"color":"rgb(31,119,180)"}],"gender":[{"description":"Female","count":1193,"tested":17485,"color":"rgb(255,127,14)"},{"description":"Male","count":1088,"tested":12070,"color":"rgb(31,119,180)"}]}
