{"age":[{"age_group":"<20","count":585,"tested":8387},{"age_group":"20-29   ","count":702,"tested":12287},{"age_group":"30-39   ","count":757,"tested":13516},{"age_group":"40-49   ","count":621,"tested":11433},{"age_group":"50-59   ","count":507,"tested":11113},{"age_group":"60-69   ","count":371,"tested":8690},{"age_group":"70-79   ","count":166,"tested":3257},{"age_group":"80+","count":86,"tested":1539}],"race":[{"description":"Asian","count":11,"tested":162,"color":"rgb(140,86,75)"},{"description":"Black","count":2368,"tested":28981,"color":"rgb(255,127,14)"},{"description":"Hispanic","count":431,"tested":3066,"color":"rgb(214,39,40)"},{"description":"Left Blank","count":798,"tested":34742,"color":"rgb(44,160,44)"},{"description":"Other","count":79,"tested":1127,"color":"rgb(148,103,189)"},{"description":"White","count":105,"tested":2110,"color":"rgb(31,119,180)"}],"gender":[{"description":"Female","count":2162,"tested":35516,"color":"rgb(255,127,14)"},{"description":"Male","count":1608,"tested":32190,"color":"rgb(31,119,180)"},{"description":"Unknown/Left Blank","count":25,"tested":2539,"color":"rgb(44,160,44)"}]}
