{"age":[{"age_group":"<20","count":140,"tested":1910},{"age_group":"20-29   ","count":81,"tested":1072},{"age_group":"30-39   ","count":65,"tested":1118},{"age_group":"40-49   ","count":84,"tested":949},{"age_group":"50-59   ","count":78,"tested":1139},{"age_group":"60-69   ","count":85,"tested":1171},{"age_group":"70-79   ","count":48,"tested":1032},{"age_group":"80+","count":71,"tested":1804}],"race":[{"description":"Left Blank","count":160,"tested":3561,"color":"rgb(44,160,44)"},{"description":"White","count":475,"tested":6467,"color":"rgb(31,119,180)"}],"gender":[{"description":"Female","count":356,"tested":6175,"color":"rgb(255,127,14)"},{"description":"Male","count":290,"tested":3783,"color":"rgb(31,119,180)"}]}
