{"age":[{"age_group":"<20","count":3455,"tested":26490},{"age_group":"20-29   ","count":3819,"tested":36880},{"age_group":"30-39   ","count":3244,"tested":28022},{"age_group":"40-49   ","count":3272,"tested":25547},{"age_group":"50-59   ","count":2403,"tested":20352},{"age_group":"60-69   ","count":1409,"tested":13633},{"age_group":"70-79   ","count":515,"tested":6189},{"age_group":"80+","count":211,"tested":2816}],"race":[{"description":"AI/AN**","count":30,"tested":273,"color":"rgb(31,119,180)"},{"description":"Asian","count":27,"tested":479,"color":"rgb(140,86,75)"},{"description":"Black","count":1403,"tested":16750,"color":"rgb(255,127,14)"},{"description":"Hispanic","count":11111,"tested":62323,"color":"rgb(214,39,40)"},{"description":"Left Blank","count":4183,"tested":61586,"color":"rgb(44,160,44)"},{"description":"NH/PI*","count":9,"tested":94,"color":"rgb(127,127,127)"},{"description":"Other","count":697,"tested":7341,"color":"rgb(148,103,189)"},{"description":"White","count":868,"tested":11128,"color":"rgb(31,119,180)"}],"gender":[{"description":"Female","count":9493,"tested":89128,"color":"rgb(255,127,14)"},{"description":"Male","count":8744,"tested":69169,"color":"rgb(31,119,180)"},{"description":"Unknown/Left Blank","count":91,"tested":1677,"color":"rgb(44,160,44)"}]}
