{"age":[{"age_group":"<20","count":13,"tested":153},{"age_group":"20-29   ","count":7,"tested":200},{"age_group":"30-39   ","count":11,"tested":169},{"age_group":"40-49   ","count":8,"tested":117},{"age_group":"50-59   ","count":10,"tested":165},{"age_group":"60-69   ","count":11,"tested":136},{"age_group":"70-79   ","count":7,"tested":94}],"race":[{"description":"Hispanic","count":8,"tested":72,"color":"rgb(214,39,40)"},{"description":"Left Blank","count":28,"tested":627,"color":"rgb(44,160,44)"},{"description":"White","count":35,"tested":374,"color":"rgb(31,119,180)"}],"gender":[{"description":"Female","count":41,"tested":475,"color":"rgb(255,127,14)"},{"description":"Male","count":31,"tested":422,"color":"rgb(31,119,180)"}]}
