{"age":[{"age_group":"<20","count":280,"tested":2335},{"age_group":"20-29   ","count":340,"tested":3606},{"age_group":"30-39   ","count":278,"tested":3725},{"age_group":"40-49   ","count":279,"tested":3301},{"age_group":"50-59   ","count":235,"tested":3650},{"age_group":"60-69   ","count":170,"tested":2823},{"age_group":"70-79   ","count":71,"tested":1183},{"age_group":"80+","count":38,"tested":953}],"race":[{"description":"Asian","count":20,"tested":283,"color":"rgb(140,86,75)"},{"description":"Black","count":224,"tested":2348,"color":"rgb(255,127,14)"},{"description":"Hispanic","count":290,"tested":1822,"color":"rgb(214,39,40)"},{"description":"Left Blank","count":538,"tested":11240,"color":"rgb(44,160,44)"},{"description":"Other","count":87,"tested":767,"color":"rgb(148,103,189)"},{"description":"White","count":527,"tested":5074,"color":"rgb(31,119,180)"}],"gender":[{"description":"Female","count":958,"tested":13862,"color":"rgb(255,127,14)"},{"description":"Male","count":728,"tested":7350,"color":"rgb(31,119,180)"}]}
