{"age":[{"age_group":"<20","count":656,"tested":9367},{"age_group":"20-29   ","count":738,"tested":10121},{"age_group":"30-39   ","count":582,"tested":9989},{"age_group":"40-49   ","count":529,"tested":8829},{"age_group":"50-59   ","count":514,"tested":8972},{"age_group":"60-69   ","count":437,"tested":8449},{"age_group":"70-79   ","count":280,"tested":6582},{"age_group":"80+","count":327,"tested":8699}],"race":[{"description":"AI/AN**","count":6,"tested":43,"color":"rgb(31,119,180)"},{"description":"Asian","count":113,"tested":1626,"color":"rgb(140,86,75)"},{"description":"Black","count":419,"tested":3913,"color":"rgb(255,127,14)"},{"description":"Hispanic","count":603,"tested":3292,"color":"rgb(214,39,40)"},{"description":"Left Blank","count":413,"tested":37710,"color":"rgb(44,160,44)"},{"description":"Other","count":71,"tested":1659,"color":"rgb(148,103,189)"},{"description":"White","count":2437,"tested":22914,"color":"rgb(31,119,180)"}],"gender":[{"description":"Female","count":2168,"tested":43394,"color":"rgb(255,127,14)"},{"description":"Male","count":1887,"tested":26174,"color":"rgb(31,119,180)"},{"description":"Unknown/Left Blank","count":11,"tested":1612,"color":"rgb(44,160,44)"}]}
