{"age":[{"age_group":"<20","count":695,"tested":57882},{"age_group":"20-29   ","count":884,"tested":46192},{"age_group":"30-39   ","count":860,"tested":19422},{"age_group":"40-49   ","count":581,"tested":13826},{"age_group":"50-59   ","count":515,"tested":14120},{"age_group":"60-69   ","count":356,"tested":10583},{"age_group":"70-79   ","count":171,"tested":4760},{"age_group":"80+","count":131,"tested":3935}],"race":[{"description":"AI/AN**","count":8,"tested":529,"color":"rgb(31,119,180)"},{"description":"Asian","count":81,"tested":21465,"color":"rgb(140,86,75)"},{"description":"Black","count":2563,"tested":42396,"color":"rgb(255,127,14)"},{"description":"Hispanic","count":140,"tested":12411,"color":"rgb(214,39,40)"},{"description":"Left Blank","count":1046,"tested":45873,"color":"rgb(44,160,44)"},{"description":"Other","count":56,"tested":1395,"color":"rgb(148,103,189)"},{"description":"White","count":296,"tested":46535,"color":"rgb(31,119,180)"}],"gender":[{"description":"Female","count":2416,"tested":88810,"color":"rgb(255,127,14)"},{"description":"Male","count":1747,"tested":78397,"color":"rgb(31,119,180)"},{"description":"Unknown/Left Blank","count":30,"tested":3525,"color":"rgb(44,160,44)"}]}
