{"age":[{"age_group":"<20","count":1258,"tested":12698},{"age_group":"20-29   ","count":1174,"tested":13152},{"age_group":"30-39   ","count":963,"tested":11441},{"age_group":"40-49   ","count":1145,"tested":12279},{"age_group":"50-59   ","count":1017,"tested":12018},{"age_group":"60-69   ","count":372,"tested":5203},{"age_group":"70-79   ","count":134,"tested":2610},{"age_group":"80+","count":54,"tested":967}],"race":[{"description":"AI/AN**","count":9,"tested":101,"color":"rgb(31,119,180)"},{"description":"Asian","count":76,"tested":1445,"color":"rgb(140,86,75)"},{"description":"Black","count":468,"tested":5468,"color":"rgb(255,127,14)"},{"description":"Hispanic","count":1167,"tested":8463,"color":"rgb(214,39,40)"},{"description":"Left Blank","count":1792,"tested":25307,"color":"rgb(44,160,44)"},{"description":"Other","count":234,"tested":2750,"color":"rgb(148,103,189)"},{"description":"White","count":2368,"tested":26727,"color":"rgb(31,119,180)"}],"gender":[{"description":"Female","count":3199,"tested":38957,"color":"rgb(255,127,14)"},{"description":"Male","count":2896,"tested":30375,"color":"rgb(31,119,180)"},{"description":"Unknown/Left Blank","count":22,"tested":1039,"color":"rgb(44,160,44)"}]}
