{"age":[{"age_group":"<20","count":495,"tested":8491},{"age_group":"20-29   ","count":460,"tested":7054},{"age_group":"30-39   ","count":462,"tested":7370},{"age_group":"40-49   ","count":420,"tested":6251},{"age_group":"50-59   ","count":432,"tested":7655},{"age_group":"60-69   ","count":298,"tested":6195},{"age_group":"70-79   ","count":139,"tested":4242},{"age_group":"80+","count":165,"tested":7278}],"race":[{"description":"Asian","count":143,"tested":2967,"color":"rgb(140,86,75)"},{"description":"Black","count":74,"tested":877,"color":"rgb(255,127,14)"},{"description":"Hispanic","count":328,"tested":2753,"color":"rgb(214,39,40)"},{"description":"Left Blank","count":594,"tested":21235,"color":"rgb(44,160,44)"},{"description":"Other","count":111,"tested":1274,"color":"rgb(148,103,189)"},{"description":"White","count":1619,"tested":25340,"color":"rgb(31,119,180)"}],"gender":[{"description":"Female","count":1463,"tested":29940,"color":"rgb(255,127,14)"},{"description":"Male","count":1384,"tested":22927,"color":"rgb(31,119,180)"},{"description":"Unknown/Left Blank","count":24,"tested":1679,"color":"rgb(44,160,44)"}]}
