{"age":[{"age_group":"<20","count":153,"tested":1485},{"age_group":"20-29   ","count":209,"tested":2456},{"age_group":"30-39   ","count":165,"tested":1857},{"age_group":"40-49   ","count":150,"tested":1630},{"age_group":"50-59   ","count":162,"tested":1778},{"age_group":"60-69   ","count":116,"tested":1413},{"age_group":"70-79   ","count":55,"tested":819},{"age_group":"80+","count":15,"tested":376}],"race":[{"description":"Black","count":191,"tested":2578,"color":"rgb(255,127,14)"},{"description":"Hispanic","count":134,"tested":959,"color":"rgb(214,39,40)"},{"description":"Left Blank","count":312,"tested":3992,"color":"rgb(44,160,44)"},{"description":"Other","count":28,"tested":393,"color":"rgb(148,103,189)"},{"description":"White","count":356,"tested":3794,"color":"rgb(31,119,180)"}],"gender":[{"description":"Female","count":557,"tested":6911,"color":"rgb(255,127,14)"},{"description":"Male","count":463,"tested":4706,"color":"rgb(31,119,180)"}]}
