{"age":[{"age_group":"<20","count":628,"tested":8022},{"age_group":"20-29   ","count":844,"tested":14268},{"age_group":"30-39   ","count":863,"tested":13866},{"age_group":"40-49   ","count":822,"tested":13660},{"age_group":"50-59   ","count":822,"tested":16391},{"age_group":"60-69   ","count":605,"tested":14828},{"age_group":"70-79   ","count":289,"tested":6317},{"age_group":"80+","count":195,"tested":3530}],"race":[{"description":"Asian","count":13,"tested":176,"color":"rgb(140,86,75)"},{"description":"Black","count":3751,"tested":53659,"color":"rgb(255,127,14)"},{"description":"Hispanic","count":100,"tested":923,"color":"rgb(214,39,40)"},{"description":"Left Blank","count":1040,"tested":33577,"color":"rgb(44,160,44)"},{"description":"Other","count":103,"tested":1229,"color":"rgb(148,103,189)"},{"description":"White","count":51,"tested":1087,"color":"rgb(31,119,180)"}],"gender":[]}
