{"age":[{"age_group":"<20","count":680,"tested":7041},{"age_group":"20-29   ","count":610,"tested":6352},{"age_group":"30-39   ","count":590,"tested":6699},{"age_group":"40-49   ","count":627,"tested":6222},{"age_group":"50-59   ","count":668,"tested":7074},{"age_group":"60-69   ","count":342,"tested":5138},{"age_group":"70-79   ","count":142,"tested":2707},{"age_group":"80+","count":55,"tested":1902}],"race":[{"description":"Asian","count":30,"tested":345,"color":"rgb(140,86,75)"},{"description":"Black","count":41,"tested":475,"color":"rgb(255,127,14)"},{"description":"Hispanic","count":130,"tested":1198,"color":"rgb(214,39,40)"},{"description":"Left Blank","count":1210,"tested":17028,"color":"rgb(44,160,44)"},{"description":"Other","count":59,"tested":1047,"color":"rgb(148,103,189)"},{"description":"White","count":2239,"tested":22998,"color":"rgb(31,119,180)"}],"gender":[]}
