{"age":[{"age_group":"<20","count":22,"tested":215},{"age_group":"20-29   ","count":13,"tested":108},{"age_group":"30-39   ","count":14,"tested":143},{"age_group":"40-49   ","count":17,"tested":106},{"age_group":"50-59   ","count":12,"tested":264},{"age_group":"60-69   ","count":18,"tested":227},{"age_group":"70-79   ","count":7,"tested":130}],"race":[{"description":"Hispanic","count":9,"tested":35,"color":"rgb(214,39,40)"},{"description":"Left Blank","count":26,"tested":384,"color":"rgb(44,160,44)"},{"description":"White","count":70,"tested":767,"color":"rgb(31,119,180)"}],"gender":[]}
