{"age":[{"age_group":"<20","count":367,"tested":3812},{"age_group":"20-29   ","count":414,"tested":6381},{"age_group":"30-39   ","count":375,"tested":6450},{"age_group":"40-49   ","count":384,"tested":7143},{"age_group":"50-59   ","count":405,"tested":8957},{"age_group":"60-69   ","count":329,"tested":8901},{"age_group":"70-79   ","count":185,"tested":6149},{"age_group":"80+","count":175,"tested":6811}],"race":[{"description":"Asian","count":9,"tested":191,"color":"rgb(140,86,75)"},{"description":"Black","count":1340,"tested":19109,"color":"rgb(255,127,14)"},{"description":"Hispanic","count":147,"tested":1182,"color":"rgb(214,39,40)"},{"description":"Left Blank","count":906,"tested":30846,"color":"rgb(44,160,44)"},{"description":"Other","count":42,"tested":592,"color":"rgb(148,103,189)"},{"description":"White","count":188,"tested":2842,"color":"rgb(31,119,180)"}],"gender":[]}
