{"age":[{"age_group":"<20","count":75,"tested":752},{"age_group":"20-29   ","count":65,"tested":713},{"age_group":"30-39   ","count":69,"tested":583},{"age_group":"40-49   ","count":76,"tested":617},{"age_group":"50-59   ","count":68,"tested":796},{"age_group":"60-69   ","count":45,"tested":547},{"age_group":"70-79   ","count":22,"tested":330},{"age_group":"80+","count":10,"tested":187}],"race":[{"description":"Hispanic","count":22,"tested":137,"color":"rgb(214,39,40)"},{"description":"Left Blank","count":72,"tested":1187,"color":"rgb(44,160,44)"},{"description":"Other","count":12,"tested":152,"color":"rgb(148,103,189)"},{"description":"White","count":321,"tested":3011,"color":"rgb(31,119,180)"}],"gender":[]}
