{"age":[{"age_group":"<20","count":220,"tested":2742},{"age_group":"20-29   ","count":221,"tested":3899},{"age_group":"30-39   ","count":180,"tested":3979},{"age_group":"40-49   ","count":189,"tested":4053},{"age_group":"50-59   ","count":231,"tested":4713},{"age_group":"60-69   ","count":235,"tested":4896},{"age_group":"70-79   ","count":193,"tested":3794},{"age_group":"80+","count":205,"tested":3991}],"race":[{"description":"Asian","count":16,"tested":981,"color":"rgb(140,86,75)"},{"description":"Black","count":49,"tested":2747,"color":"rgb(255,127,14)"},{"description":"Hispanic","count":61,"tested":839,"color":"rgb(214,39,40)"},{"description":"Left Blank","count":688,"tested":15328,"color":"rgb(44,160,44)"},{"description":"Other","count":44,"tested":681,"color":"rgb(148,103,189)"},{"description":"White","count":816,"tested":11473,"color":"rgb(31,119,180)"}],"gender":[]}
