{"age":[{"age_group":"<20","count":381,"tested":12107},{"age_group":"20-29   ","count":2658,"tested":51474},{"age_group":"30-39   ","count":1274,"tested":34174},{"age_group":"40-49   ","count":469,"tested":12941},{"age_group":"50-59   ","count":371,"tested":9522},{"age_group":"60-69   ","count":187,"tested":6243},{"age_group":"70-79   ","count":114,"tested":4714},{"age_group":"80+","count":128,"tested":4522}],"race":[{"description":"AI/AN**","count":13,"tested":118,"color":"rgb(31,119,180)"},{"description":"Asian","count":155,"tested":4335,"color":"rgb(140,86,75)"},{"description":"Black","count":132,"tested":2945,"color":"rgb(255,127,14)"},{"description":"Hispanic","count":365,"tested":4222,"color":"rgb(214,39,40)"},{"description":"Left Blank","count":1731,"tested":62767,"color":"rgb(44,160,44)"},{"description":"Other","count":334,"tested":7207,"color":"rgb(148,103,189)"},{"description":"White","count":2848,"tested":54092,"color":"rgb(31,119,180)"}],"gender":[]}
