{"age":[{"age_group":"<20","count":718,"tested":8586},{"age_group":"20-29   ","count":943,"tested":14574},{"age_group":"30-39   ","count":980,"tested":15348},{"age_group":"40-49   ","count":934,"tested":15994},{"age_group":"50-59   ","count":924,"tested":19250},{"age_group":"60-69   ","count":674,"tested":16101},{"age_group":"70-79   ","count":391,"tested":7890},{"age_group":"80+","count":256,"tested":4460}],"race":[{"description":"AI/AN**","count":9,"tested":56,"color":"rgb(31,119,180)"},{"description":"Asian","count":8,"tested":113,"color":"rgb(140,86,75)"},{"description":"Black","count":3915,"tested":52968,"color":"rgb(255,127,14)"},{"description":"Hispanic","count":148,"tested":1183,"color":"rgb(214,39,40)"},{"description":"Left Blank","count":1492,"tested":44918,"color":"rgb(44,160,44)"},{"description":"Other","count":149,"tested":1572,"color":"rgb(148,103,189)"},{"description":"White","count":99,"tested":1265,"color":"rgb(31,119,180)"}],"gender":[]}
