{"age":[{"age_group":"<20","count":85,"tested":836},{"age_group":"20-29   ","count":79,"tested":894},{"age_group":"30-39   ","count":83,"tested":874},{"age_group":"40-49   ","count":90,"tested":1246},{"age_group":"50-59   ","count":95,"tested":1497},{"age_group":"60-69   ","count":68,"tested":1253},{"age_group":"70-79   ","count":32,"tested":687},{"age_group":"80+","count":29,"tested":434}],"race":[{"description":"Black","count":82,"tested":1099,"color":"rgb(255,127,14)"},{"description":"Hispanic","count":54,"tested":415,"color":"rgb(214,39,40)"},{"description":"Left Blank","count":115,"tested":1364,"color":"rgb(44,160,44)"},{"description":"Other","count":14,"tested":250,"color":"rgb(148,103,189)"},{"description":"White","count":296,"tested":4559,"color":"rgb(31,119,180)"}],"gender":[]}
