{"age":[{"age_group":"<20","count":183,"tested":2175},{"age_group":"20-29   ","count":219,"tested":2719},{"age_group":"30-39   ","count":193,"tested":2492},{"age_group":"40-49   ","count":185,"tested":2196},{"age_group":"50-59   ","count":175,"tested":3046},{"age_group":"60-69   ","count":149,"tested":2786},{"age_group":"70-79   ","count":77,"tested":1739},{"age_group":"80+","count":58,"tested":1131}],"race":[{"description":"Asian","count":62,"tested":851,"color":"rgb(140,86,75)"},{"description":"Black","count":20,"tested":244,"color":"rgb(255,127,14)"},{"description":"Hispanic","count":167,"tested":1068,"color":"rgb(214,39,40)"},{"description":"Left Blank","count":216,"tested":9481,"color":"rgb(44,160,44)"},{"description":"Other","count":45,"tested":352,"color":"rgb(148,103,189)"},{"description":"White","count":727,"tested":6277,"color":"rgb(31,119,180)"}],"gender":[]}
