{"age":[{"age_group":"<20","count":1061,"tested":11666},{"age_group":"20-29   ","count":1167,"tested":15124},{"age_group":"30-39   ","count":1065,"tested":14386},{"age_group":"40-49   ","count":989,"tested":12649},{"age_group":"50-59   ","count":887,"tested":14856},{"age_group":"60-69   ","count":517,"tested":10520},{"age_group":"70-79   ","count":289,"tested":7054},{"age_group":"80+","count":181,"tested":5369}],"race":[{"description":"AI/AN**","count":12,"tested":110,"color":"rgb(31,119,180)"},{"description":"Asian","count":301,"tested":5208,"color":"rgb(140,86,75)"},{"description":"Black","count":909,"tested":11599,"color":"rgb(255,127,14)"},{"description":"Hispanic","count":1794,"tested":11430,"color":"rgb(214,39,40)"},{"description":"Left Blank","count":1607,"tested":41924,"color":"rgb(44,160,44)"},{"description":"NH/PI*","count":8,"tested":100,"color":"rgb(127,127,127)"},{"description":"Other","count":273,"tested":3031,"color":"rgb(148,103,189)"},{"description":"White","count":1252,"tested":18246,"color":"rgb(31,119,180)"}],"gender":[]}
