{"age":[{"age_group":"<20","count":170,"tested":4307},{"age_group":"20-29   ","count":1648,"tested":29462},{"age_group":"30-39   ","count":783,"tested":18797},{"age_group":"40-49   ","count":292,"tested":6891},{"age_group":"50-59   ","count":265,"tested":7609},{"age_group":"60-69   ","count":218,"tested":7815},{"age_group":"70-79   ","count":170,"tested":6595},{"age_group":"80+","count":93,"tested":5117}],"race":[{"description":"Asian","count":105,"tested":3047,"color":"rgb(140,86,75)"},{"description":"Black","count":470,"tested":7451,"color":"rgb(255,127,14)"},{"description":"Hispanic","count":181,"tested":1712,"color":"rgb(214,39,40)"},{"description":"Left Blank","count":1038,"tested":41357,"color":"rgb(44,160,44)"},{"description":"Other","count":179,"tested":2945,"color":"rgb(148,103,189)"},{"description":"White","count":1659,"tested":29964,"color":"rgb(31,119,180)"}],"gender":[]}
