{"age":[{"age_group":"<20","count":437,"tested":6958},{"age_group":"20-29   ","count":435,"tested":6078},{"age_group":"30-39   ","count":422,"tested":6261},{"age_group":"40-49   ","count":381,"tested":5405},{"age_group":"50-59   ","count":401,"tested":6790},{"age_group":"60-69   ","count":280,"tested":5524},{"age_group":"70-79   ","count":132,"tested":3876},{"age_group":"80+","count":159,"tested":6945}],"race":[{"description":"Asian","count":136,"tested":2606,"color":"rgb(140,86,75)"},{"description":"Black","count":71,"tested":784,"color":"rgb(255,127,14)"},{"description":"Hispanic","count":311,"tested":2472,"color":"rgb(214,39,40)"},{"description":"Left Blank","count":546,"tested":18100,"color":"rgb(44,160,44)"},{"description":"Other","count":103,"tested":1120,"color":"rgb(148,103,189)"},{"description":"White","count":1479,"tested":22686,"color":"rgb(31,119,180)"}],"gender":[]}
