{"age":[{"age_group":"<20","count":641,"tested":7317},{"age_group":"20-29   ","count":626,"tested":8381},{"age_group":"30-39   ","count":665,"tested":7731},{"age_group":"40-49   ","count":523,"tested":7117},{"age_group":"50-59   ","count":477,"tested":7145},{"age_group":"60-69   ","count":387,"tested":6475},{"age_group":"70-79   ","count":254,"tested":4442},{"age_group":"80+","count":152,"tested":4188}],"race":[{"description":"Asian","count":124,"tested":775,"color":"rgb(140,86,75)"},{"description":"Black","count":427,"tested":3845,"color":"rgb(255,127,14)"},{"description":"Hispanic","count":977,"tested":4251,"color":"rgb(214,39,40)"},{"description":"Left Blank","count":377,"tested":28140,"color":"rgb(44,160,44)"},{"description":"Other","count":79,"tested":927,"color":"rgb(148,103,189)"},{"description":"White","count":1738,"tested":14834,"color":"rgb(31,119,180)"}],"gender":[]}
