{"age":[{"age_group":"<20","count":189,"tested":1959},{"age_group":"20-29   ","count":172,"tested":2106},{"age_group":"30-39   ","count":214,"tested":2000},{"age_group":"40-49   ","count":181,"tested":1830},{"age_group":"50-59   ","count":207,"tested":1966},{"age_group":"60-69   ","count":134,"tested":1804},{"age_group":"70-79   ","count":60,"tested":1147},{"age_group":"80+","count":40,"tested":856}],"race":[{"description":"Asian","count":6,"tested":83,"color":"rgb(140,86,75)"},{"description":"Hispanic","count":230,"tested":1102,"color":"rgb(214,39,40)"},{"description":"Left Blank","count":270,"tested":4854,"color":"rgb(44,160,44)"},{"description":"Other","count":16,"tested":240,"color":"rgb(148,103,189)"},{"description":"White","count":668,"tested":7282,"color":"rgb(31,119,180)"}],"gender":[]}
