{"age":[{"age_group":"<20","count":59,"tested":1532},{"age_group":"20-29   ","count":24,"tested":504},{"age_group":"30-39   ","count":10,"tested":311},{"age_group":"40-49   ","count":24,"tested":595},{"age_group":"50-59   ","count":38,"tested":708},{"age_group":"60-69   ","count":15,"tested":347}],"race":[{"description":"Left Blank","count":42,"tested":1494,"color":"rgb(44,160,44)"},{"description":"Other","count":16,"tested":368,"color":"rgb(148,103,189)"},{"description":"White","count":108,"tested":2240,"color":"rgb(31,119,180)"}],"gender":[]}
