{"age":[{"age_group":"<20","count":673,"tested":10741},{"age_group":"20-29   ","count":473,"tested":8216},{"age_group":"30-39   ","count":334,"tested":6552},{"age_group":"40-49   ","count":429,"tested":6860},{"age_group":"50-59   ","count":476,"tested":8064},{"age_group":"60-69   ","count":324,"tested":6794},{"age_group":"70-79   ","count":113,"tested":3291},{"age_group":"80+","count":79,"tested":1263}],"race":[{"description":"Asian","count":233,"tested":4862,"color":"rgb(140,86,75)"},{"description":"Black","count":119,"tested":1193,"color":"rgb(255,127,14)"},{"description":"Hispanic","count":202,"tested":1859,"color":"rgb(214,39,40)"},{"description":"Left Blank","count":612,"tested":18337,"color":"rgb(44,160,44)"},{"description":"Other","count":84,"tested":1837,"color":"rgb(148,103,189)"},{"description":"White","count":1647,"tested":23535,"color":"rgb(31,119,180)"}],"gender":[]}
