{"age":[{"age_group":"<20","count":534,"tested":6672},{"age_group":"20-29   ","count":380,"tested":5524},{"age_group":"30-39   ","count":339,"tested":5257},{"age_group":"40-49   ","count":318,"tested":4299},{"age_group":"50-59   ","count":426,"tested":5430},{"age_group":"60-69   ","count":258,"tested":4400},{"age_group":"70-79   ","count":87,"tested":2615},{"age_group":"80+","count":101,"tested":3622}],"race":[{"description":"Asian","count":61,"tested":663,"color":"rgb(140,86,75)"},{"description":"Black","count":49,"tested":762,"color":"rgb(255,127,14)"},{"description":"Hispanic","count":220,"tested":1767,"color":"rgb(214,39,40)"},{"description":"Left Blank","count":429,"tested":13587,"color":"rgb(44,160,44)"},{"description":"Other","count":72,"tested":969,"color":"rgb(148,103,189)"},{"description":"White","count":1607,"tested":20063,"color":"rgb(31,119,180)"}],"gender":[]}
