{"age":[{"age_group":"<20","count":49,"tested":582},{"age_group":"20-29   ","count":50,"tested":479},{"age_group":"30-39   ","count":35,"tested":330},{"age_group":"40-49   ","count":44,"tested":431},{"age_group":"50-59   ","count":59,"tested":636},{"age_group":"60-69   ","count":50,"tested":611},{"age_group":"70-79   ","count":17,"tested":352},{"age_group":"80+","count":10,"tested":128}],"race":[{"description":"Black","count":9,"tested":92,"color":"rgb(255,127,14)"},{"description":"Hispanic","count":18,"tested":93,"color":"rgb(214,39,40)"},{"description":"Left Blank","count":35,"tested":1315,"color":"rgb(44,160,44)"},{"description":"White","count":241,"tested":1893,"color":"rgb(31,119,180)"}],"gender":[]}
