{"age":[{"age_group":"<20","count":458,"tested":5762},{"age_group":"20-29   ","count":363,"tested":3753},{"age_group":"30-39   ","count":329,"tested":3717},{"age_group":"40-49   ","count":365,"tested":3765},{"age_group":"50-59   ","count":378,"tested":3558},{"age_group":"60-69   ","count":253,"tested":2817},{"age_group":"70-79   ","count":110,"tested":1554},{"age_group":"80+","count":35,"tested":1101}],"race":[{"description":"Asian","count":31,"tested":289,"color":"rgb(140,86,75)"},{"description":"Black","count":48,"tested":459,"color":"rgb(255,127,14)"},{"description":"Hispanic","count":145,"tested":837,"color":"rgb(214,39,40)"},{"description":"Left Blank","count":170,"tested":8669,"color":"rgb(44,160,44)"},{"description":"Other","count":23,"tested":476,"color":"rgb(148,103,189)"},{"description":"White","count":1871,"tested":15261,"color":"rgb(31,119,180)"}],"gender":[]}
