{"age":[{"age_group":"<20","count":172,"tested":1668},{"age_group":"20-29   ","count":115,"tested":1552},{"age_group":"30-39   ","count":113,"tested":1375},{"age_group":"40-49   ","count":93,"tested":1212},{"age_group":"50-59   ","count":88,"tested":1404},{"age_group":"60-69   ","count":94,"tested":1157},{"age_group":"70-79   ","count":38,"tested":1097},{"age_group":"80+","count":46,"tested":1275}],"race":[{"description":"Hispanic","count":100,"tested":669,"color":"rgb(214,39,40)"},{"description":"Left Blank","count":44,"tested":2063,"color":"rgb(44,160,44)"},{"description":"Other","count":23,"tested":212,"color":"rgb(148,103,189)"},{"description":"White","count":587,"tested":7672,"color":"rgb(31,119,180)"}],"gender":[]}
