{"age":[{"age_group":"<20","count":315,"tested":2804},{"age_group":"20-29   ","count":470,"tested":4123},{"age_group":"30-39   ","count":487,"tested":4630},{"age_group":"40-49   ","count":395,"tested":3527},{"age_group":"50-59   ","count":359,"tested":4359},{"age_group":"60-69   ","count":248,"tested":3761},{"age_group":"70-79   ","count":130,"tested":3228},{"age_group":"80+","count":124,"tested":5505}],"race":[{"description":"Asian","count":56,"tested":754,"color":"rgb(140,86,75)"},{"description":"Black","count":76,"tested":948,"color":"rgb(255,127,14)"},{"description":"Hispanic","count":1173,"tested":5335,"color":"rgb(214,39,40)"},{"description":"Left Blank","count":434,"tested":17056,"color":"rgb(44,160,44)"},{"description":"Other","count":70,"tested":861,"color":"rgb(148,103,189)"},{"description":"White","count":710,"tested":6947,"color":"rgb(31,119,180)"}],"gender":[]}
