{"age":[{"age_group":"<20","count":46,"tested":673},{"age_group":"20-29   ","count":51,"tested":562},{"age_group":"30-39   ","count":34,"tested":368},{"age_group":"40-49   ","count":42,"tested":298},{"age_group":"50-59   ","count":44,"tested":405},{"age_group":"60-69   ","count":32,"tested":349},{"age_group":"70-79   ","count":14,"tested":160},{"age_group":"80+","count":7,"tested":75}],"race":[{"description":"Hispanic","count":23,"tested":114,"color":"rgb(214,39,40)"},{"description":"Left Blank","count":85,"tested":1315,"color":"rgb(44,160,44)"},{"description":"White","count":161,"tested":1422,"color":"rgb(31,119,180)"}],"gender":[]}
