{"age":[{"age_group":"<20","count":419,"tested":4131},{"age_group":"20-29   ","count":448,"tested":4453},{"age_group":"30-39   ","count":372,"tested":3714},{"age_group":"40-49   ","count":311,"tested":3166},{"age_group":"50-59   ","count":244,"tested":2769},{"age_group":"60-69   ","count":154,"tested":2180},{"age_group":"70-79   ","count":66,"tested":1303},{"age_group":"80+","count":43,"tested":795}],"race":[{"description":"Asian","count":81,"tested":275,"color":"rgb(140,86,75)"},{"description":"Black","count":437,"tested":3171,"color":"rgb(255,127,14)"},{"description":"Hispanic","count":676,"tested":2441,"color":"rgb(214,39,40)"},{"description":"Left Blank","count":234,"tested":10346,"color":"rgb(44,160,44)"},{"description":"Other","count":42,"tested":451,"color":"rgb(148,103,189)"},{"description":"White","count":581,"tested":5799,"color":"rgb(31,119,180)"}],"gender":[]}
