{"age":[{"age_group":"<20","count":53,"tested":514},{"age_group":"20-29   ","count":44,"tested":812},{"age_group":"30-39   ","count":49,"tested":803},{"age_group":"40-49   ","count":51,"tested":832},{"age_group":"50-59   ","count":70,"tested":1190},{"age_group":"60-69   ","count":51,"tested":1072},{"age_group":"70-79   ","count":37,"tested":816},{"age_group":"80+","count":28,"tested":467}],"race":[{"description":"Black","count":212,"tested":3122,"color":"rgb(255,127,14)"},{"description":"Left Blank","count":107,"tested":2530,"color":"rgb(44,160,44)"},{"description":"Other","count":16,"tested":170,"color":"rgb(148,103,189)"},{"description":"White","count":43,"tested":578,"color":"rgb(31,119,180)"}],"gender":[]}
