{"age":[{"age_group":"<20","count":1400,"tested":10777},{"age_group":"20-29   ","count":1732,"tested":16350},{"age_group":"30-39   ","count":1638,"tested":16319},{"age_group":"40-49   ","count":1628,"tested":14401},{"age_group":"50-59   ","count":1286,"tested":13045},{"age_group":"60-69   ","count":723,"tested":10007},{"age_group":"70-79   ","count":359,"tested":5906},{"age_group":"80+","count":165,"tested":2968}],"race":[{"description":"Asian","count":88,"tested":1184,"color":"rgb(140,86,75)"},{"description":"Black","count":429,"tested":4584,"color":"rgb(255,127,14)"},{"description":"Hispanic","count":4261,"tested":24431,"color":"rgb(214,39,40)"},{"description":"Left Blank","count":2071,"tested":33778,"color":"rgb(44,160,44)"},{"description":"Other","count":654,"tested":6524,"color":"rgb(148,103,189)"},{"description":"White","count":1422,"tested":19171,"color":"rgb(31,119,180)"}],"gender":[]}
