{"age":[{"age_group":"<20","count":325,"tested":5865},{"age_group":"20-29   ","count":472,"tested":6858},{"age_group":"30-39   ","count":357,"tested":6755},{"age_group":"40-49   ","count":301,"tested":5031},{"age_group":"50-59   ","count":318,"tested":5425},{"age_group":"60-69   ","count":179,"tested":4664},{"age_group":"70-79   ","count":92,"tested":2947},{"age_group":"80+","count":100,"tested":6324}],"race":[{"description":"Asian","count":104,"tested":2437,"color":"rgb(140,86,75)"},{"description":"Black","count":143,"tested":1715,"color":"rgb(255,127,14)"},{"description":"Hispanic","count":242,"tested":1625,"color":"rgb(214,39,40)"},{"description":"Left Blank","count":328,"tested":21017,"color":"rgb(44,160,44)"},{"description":"Other","count":70,"tested":1264,"color":"rgb(148,103,189)"},{"description":"White","count":1252,"tested":15751,"color":"rgb(31,119,180)"}],"gender":[]}
