{"age":[{"age_group":"<20","count":137,"tested":1567},{"age_group":"20-29   ","count":81,"tested":927},{"age_group":"30-39   ","count":111,"tested":883},{"age_group":"40-49   ","count":109,"tested":887},{"age_group":"50-59   ","count":117,"tested":1232},{"age_group":"60-69   ","count":75,"tested":937},{"age_group":"70-79   ","count":30,"tested":530},{"age_group":"80+","count":34,"tested":514}],"race":[{"description":"Black","count":10,"tested":93,"color":"rgb(255,127,14)"},{"description":"Hispanic","count":22,"tested":162,"color":"rgb(214,39,40)"},{"description":"Left Blank","count":53,"tested":2436,"color":"rgb(44,160,44)"},{"description":"White","count":604,"tested":4634,"color":"rgb(31,119,180)"}],"gender":[]}
