{"age":[{"age_group":"<20","count":790,"tested":8591},{"age_group":"20-29   ","count":776,"tested":8392},{"age_group":"30-39   ","count":700,"tested":7881},{"age_group":"40-49   ","count":671,"tested":7239},{"age_group":"50-59   ","count":738,"tested":9112},{"age_group":"60-69   ","count":473,"tested":6523},{"age_group":"70-79   ","count":173,"tested":3567},{"age_group":"80+","count":186,"tested":3671}],"race":[{"description":"AI/AN**","count":7,"tested":90,"color":"rgb(31,119,180)"},{"description":"Asian","count":87,"tested":865,"color":"rgb(140,86,75)"},{"description":"Black","count":59,"tested":649,"color":"rgb(255,127,14)"},{"description":"Hispanic","count":650,"tested":3454,"color":"rgb(214,39,40)"},{"description":"Left Blank","count":1014,"tested":20480,"color":"rgb(44,160,44)"},{"description":"Other","count":115,"tested":1180,"color":"rgb(148,103,189)"},{"description":"White","count":2573,"tested":28176,"color":"rgb(31,119,180)"}],"gender":[]}
