{"age":[{"age_group":"<20","count":129,"tested":1555},{"age_group":"20-29   ","count":129,"tested":3079},{"age_group":"30-39   ","count":111,"tested":2339},{"age_group":"40-49   ","count":126,"tested":2403},{"age_group":"50-59   ","count":152,"tested":3080},{"age_group":"60-69   ","count":106,"tested":2696},{"age_group":"70-79   ","count":71,"tested":2096},{"age_group":"80+","count":67,"tested":3100}],"race":[{"description":"Black","count":18,"tested":508,"color":"rgb(255,127,14)"},{"description":"Hispanic","count":75,"tested":481,"color":"rgb(214,39,40)"},{"description":"Left Blank","count":249,"tested":13697,"color":"rgb(44,160,44)"},{"description":"Other","count":11,"tested":218,"color":"rgb(148,103,189)"},{"description":"White","count":537,"tested":5360,"color":"rgb(31,119,180)"}],"gender":[]}
