{"age":[{"age_group":"<20","count":223,"tested":1754},{"age_group":"20-29   ","count":210,"tested":2247},{"age_group":"30-39   ","count":260,"tested":2382},{"age_group":"40-49   ","count":180,"tested":1800},{"age_group":"50-59   ","count":189,"tested":2172},{"age_group":"60-69   ","count":156,"tested":1732},{"age_group":"70-79   ","count":43,"tested":732},{"age_group":"80+","count":26,"tested":535}],"race":[{"description":"Asian","count":27,"tested":252,"color":"rgb(140,86,75)"},{"description":"Black","count":20,"tested":203,"color":"rgb(255,127,14)"},{"description":"Hispanic","count":401,"tested":2971,"color":"rgb(214,39,40)"},{"description":"Left Blank","count":221,"tested":3703,"color":"rgb(44,160,44)"},{"description":"Other","count":52,"tested":613,"color":"rgb(148,103,189)"},{"description":"White","count":564,"tested":5582,"color":"rgb(31,119,180)"}],"gender":[]}
