{"age":[{"age_group":"<20","count":83,"tested":597},{"age_group":"20-29   ","count":115,"tested":557},{"age_group":"30-39   ","count":104,"tested":621},{"age_group":"40-49   ","count":103,"tested":495},{"age_group":"50-59   ","count":112,"tested":717},{"age_group":"60-69   ","count":83,"tested":625},{"age_group":"70-79   ","count":74,"tested":340},{"age_group":"80+","count":72,"tested":225}],"race":[{"description":"Hispanic","count":52,"tested":66,"color":"rgb(214,39,40)"},{"description":"White","count":267,"tested":2412,"color":"rgb(31,119,180)"},{"description":"Left Blank","count":190,"tested":1599,"color":"rgb(44,160,44)"},{"description":"Other","count":54,"tested":52,"color":"rgb(148,103,189)"}],"gender":[{"description":"Male","count":201,"tested":1556,"color":"rgb(31,119,180)"},{"description":"Female","count":273,"tested":2575,"color":"rgb(255,127,14)"}]}
