{"age":[{"age_group":"<20","count":77,"tested":570},{"age_group":"20-29   ","count":115,"tested":928},{"age_group":"30-39   ","count":107,"tested":934},{"age_group":"40-49   ","count":83,"tested":849},{"age_group":"50-59   ","count":110,"tested":1027},{"age_group":"60-69   ","count":77,"tested":864},{"age_group":"70-79   ","count":46,"tested":590},{"age_group":"80+","count":40,"tested":522}],"race":[{"description":"Left Blank","count":202,"tested":2640,"color":"rgb(44,160,44)"},{"description":"Other","count":41,"tested":138,"color":"rgb(148,103,189)"},{"description":"White","count":222,"tested":2918,"color":"rgb(31,119,180)"},{"description":"Hispanic","count":87,"tested":362,"color":"rgb(214,39,40)"},{"description":"Black","count":36,"tested":114,"color":"rgb(255,127,14)"},{"description":"Asian","count":26,"tested":83,"color":"rgb(140,86,75)"}],"gender":[{"description":"Female","count":275,"tested":3728,"color":"rgb(255,127,14)"},{"description":"Male","count":258,"tested":2511,"color":"rgb(31,119,180)"}]}
