{"age":[{"age_group":"<20","count":45,"tested":812},{"age_group":"20-29   ","count":69,"tested":1883},{"age_group":"30-39   ","count":46,"tested":1317},{"age_group":"40-49   ","count":66,"tested":1749},{"age_group":"50-59   ","count":79,"tested":1971},{"age_group":"60-69   ","count":59,"tested":1578},{"age_group":"70-79   ","count":61,"tested":1217},{"age_group":"80+","count":97,"tested":2355}],"race":[{"description":"White","count":242,"tested":3669,"color":"rgb(31,119,180)"},{"description":"Asian","count":28,"tested":893,"color":"rgb(140,86,75)"},{"description":"Hispanic","count":29,"tested":898,"color":"rgb(214,39,40)"},{"description":"Other","count":36,"tested":334,"color":"rgb(148,103,189)"},{"description":"Left Blank","count":146,"tested":6607,"color":"rgb(44,160,44)"}],"gender":[{"description":"Female","count":248,"tested":7980,"color":"rgb(255,127,14)"},{"description":"Male","count":197,"tested":4503,"color":"rgb(31,119,180)"}]}
