{"age":[{"age_group":"<20","count":20,"tested":167},{"age_group":"20-29   ","count":25,"tested":189},{"age_group":"30-39   ","count":22,"tested":153},{"age_group":"40-49   ","count":26,"tested":195},{"age_group":"50-59   ","count":23,"tested":164},{"age_group":"60-69   ","count":16,"tested":177},{"age_group":"80+","count":10,"tested":45}],"race":[{"description":"White","count":87,"tested":576,"color":"rgb(31,119,180)"},{"description":"Left Blank","count":29,"tested":523,"color":"rgb(44,160,44)"},{"description":"Hispanic","count":23,"tested":53,"color":"rgb(214,39,40)"}],"gender":[{"description":"Female","count":66,"tested":625,"color":"rgb(255,127,14)"},{"description":"Male","count":71,"tested":537,"color":"rgb(31,119,180)"}]}
