{"age":[{"age_group":"<20","count":451,"tested":2174},{"age_group":"20-29   ","count":592,"tested":3398},{"age_group":"30-39   ","count":539,"tested":2897},{"age_group":"40-49   ","count":527,"tested":2549},{"age_group":"50-59   ","count":447,"tested":2310},{"age_group":"60-69   ","count":280,"tested":1966},{"age_group":"70-79   ","count":169,"tested":1513},{"age_group":"80+","count":131,"tested":1519}],"race":[{"description":"White","count":536,"tested":3955,"color":"rgb(31,119,180)"},{"description":"Left Blank","count":881,"tested":8041,"color":"rgb(44,160,44)"},{"description":"Other","count":200,"tested":928,"color":"rgb(148,103,189)"},{"description":"Black","count":144,"tested":624,"color":"rgb(255,127,14)"},{"description":"Hispanic","count":1160,"tested":4698,"color":"rgb(214,39,40)"},{"description":"Asian","count":79,"tested":110,"color":"rgb(140,86,75)"}],"gender":[{"description":"Female","count":1354,"tested":10176,"color":"rgb(255,127,14)"},{"description":"Male","count":1358,"tested":7969,"color":"rgb(31,119,180)"},{"description":"Unknown/Left Blank","count":90,"tested":224,"color":"rgb(44,160,44)"}]}
