{"age":[{"age_group":"20-29   ","count":37,"tested":170},{"age_group":"40-49   ","count":35,"tested":113},{"age_group":"50-59   ","count":35,"tested":235},{"age_group":"60-69   ","count":36,"tested":144},{"age_group":"70-79   ","count":33,"tested":116}],"race":[{"description":"Left Blank","count":62,"tested":777,"color":"rgb(44,160,44)"},{"description":"White","count":42,"tested":355,"color":"rgb(31,119,180)"}],"gender":[{"description":"Female","count":54,"tested":653,"color":"rgb(255,127,14)"},{"description":"Male","count":52,"tested":491,"color":"rgb(31,119,180)"}]}
