{"age":[{"age_group":"<20","count":186,"tested":1787},{"age_group":"20-29   ","count":286,"tested":2880},{"age_group":"30-39   ","count":265,"tested":3022},{"age_group":"40-49   ","count":224,"tested":2389},{"age_group":"50-59   ","count":245,"tested":3051},{"age_group":"60-69   ","count":200,"tested":2854},{"age_group":"70-79   ","count":103,"tested":1223},{"age_group":"80+","count":69,"tested":735}],"race":[{"description":"Other","count":31,"tested":245,"color":"rgb(148,103,189)"},{"description":"Left Blank","count":382,"tested":6047,"color":"rgb(44,160,44)"},{"description":"Black","count":1014,"tested":10791,"color":"rgb(255,127,14)"},{"description":"Hispanic","count":106,"tested":510,"color":"rgb(214,39,40)"},{"description":"White","count":25,"tested":309,"color":"rgb(31,119,180)"}],"gender":[{"description":"Male","count":681,"tested":7796,"color":"rgb(31,119,180)"},{"description":"Unknown/Left Blank","count":15,"tested":479,"color":"rgb(44,160,44)"},{"description":"Female","count":857,"tested":9674,"color":"rgb(255,127,14)"}]}
