{"age":[{"age_group":"<20","count":56,"tested":437},{"age_group":"20-29   ","count":100,"tested":728},{"age_group":"30-39   ","count":70,"tested":635},{"age_group":"40-49   ","count":92,"tested":817},{"age_group":"50-59   ","count":92,"tested":942},{"age_group":"60-69   ","count":80,"tested":814},{"age_group":"70-79   ","count":45,"tested":454},{"age_group":"80+","count":22,"tested":233}],"race":[{"description":"Other","count":26,"tested":132,"color":"rgb(148,103,189)"},{"description":"Black","count":73,"tested":635,"color":"rgb(255,127,14)"},{"description":"White","count":217,"tested":2162,"color":"rgb(31,119,180)"},{"description":"Left Blank","count":152,"tested":1854,"color":"rgb(44,160,44)"},{"description":"Hispanic","count":48,"tested":200,"color":"rgb(214,39,40)"}],"gender":[{"description":"Female","count":252,"tested":2928,"color":"rgb(255,127,14)"},{"description":"Male","count":231,"tested":2083,"color":"rgb(31,119,180)"}]}
