{"age":[{"age_group":"<20","count":173,"tested":3888},{"age_group":"20-29   ","count":350,"tested":15425},{"age_group":"30-39   ","count":308,"tested":6773},{"age_group":"40-49   ","count":221,"tested":3952},{"age_group":"50-59   ","count":214,"tested":4201},{"age_group":"60-69   ","count":121,"tested":3351},{"age_group":"70-79   ","count":84,"tested":2035},{"age_group":"80+","count":64,"tested":1110}],"race":[{"description":"Asian","count":39,"tested":2769,"color":"rgb(140,86,75)"},{"description":"White","count":165,"tested":11246,"color":"rgb(31,119,180)"},{"description":"Black","count":808,"tested":12185,"color":"rgb(255,127,14)"},{"description":"Other","count":43,"tested":720,"color":"rgb(148,103,189)"},{"description":"Left Blank","count":392,"tested":11774,"color":"rgb(44,160,44)"},{"description":"Hispanic","count":68,"tested":1965,"color":"rgb(214,39,40)"}],"gender":[{"description":"Male","count":670,"tested":16823,"color":"rgb(31,119,180)"},{"description":"Unknown/Left Blank","count":17,"tested":622,"color":"rgb(44,160,44)"},{"description":"Female","count":808,"tested":23297,"color":"rgb(255,127,14)"}]}
