{"age":[{"age_group":"<20","count":42,"tested":176},{"age_group":"20-29   ","count":56,"tested":345},{"age_group":"30-39   ","count":45,"tested":289},{"age_group":"40-49   ","count":48,"tested":241},{"age_group":"50-59   ","count":52,"tested":391},{"age_group":"60-69   ","count":47,"tested":274},{"age_group":"70-79   ","count":38,"tested":204},{"age_group":"80+","count":30,"tested":96}],"race":[{"description":"White","count":106,"tested":1191,"color":"rgb(31,119,180)"},{"description":"Left Blank","count":102,"tested":708,"color":"rgb(44,160,44)"},{"description":"Hispanic","count":31,"tested":69,"color":"rgb(214,39,40)"}],"gender":[{"description":"Female","count":121,"tested":1122,"color":"rgb(255,127,14)"},{"description":"Male","count":99,"tested":877,"color":"rgb(31,119,180)"}]}
