{"age":[{"age_group":"<20","count":199,"tested":1710},{"age_group":"20-29   ","count":242,"tested":2717},{"age_group":"30-39   ","count":230,"tested":2522},{"age_group":"40-49   ","count":232,"tested":2811},{"age_group":"50-59   ","count":259,"tested":3536},{"age_group":"60-69   ","count":231,"tested":3553},{"age_group":"70-79   ","count":135,"tested":2299},{"age_group":"80+","count":128,"tested":2378}],"race":[{"description":"Left Blank","count":630,"tested":11951,"color":"rgb(44,160,44)"},{"description":"Hispanic","count":99,"tested":465,"color":"rgb(214,39,40)"},{"description":"Black","count":740,"tested":7690,"color":"rgb(255,127,14)"},{"description":"White","count":105,"tested":1075,"color":"rgb(31,119,180)"},{"description":"Other","count":40,"tested":244,"color":"rgb(148,103,189)"}],"gender":[{"description":"Female","count":886,"tested":12921,"color":"rgb(255,127,14)"},{"description":"Male","count":684,"tested":8181,"color":"rgb(31,119,180)"},{"description":"Unknown/Left Blank","count":27,"tested":433,"color":"rgb(44,160,44)"}]}
