{"age":[{"age_group":"<20","count":353,"tested":1605},{"age_group":"20-29   ","count":422,"tested":2170},{"age_group":"30-39   ","count":314,"tested":1775},{"age_group":"40-49   ","count":345,"tested":1539},{"age_group":"50-59   ","count":400,"tested":2429},{"age_group":"60-69   ","count":304,"tested":1720},{"age_group":"70-79   ","count":210,"tested":970},{"age_group":"80+","count":184,"tested":544}],"race":[{"description":"Hispanic","count":179,"tested":229,"color":"rgb(214,39,40)"},{"description":"Left Blank","count":831,"tested":6659,"color":"rgb(44,160,44)"},{"description":"White","count":759,"tested":5336,"color":"rgb(31,119,180)"},{"description":"Black","count":148,"tested":106,"color":"rgb(255,127,14)"},{"description":"Asian","count":150,"tested":112,"color":"rgb(140,86,75)"},{"description":"Other","count":182,"tested":297,"color":"rgb(148,103,189)"}],"gender":[{"description":"Unknown/Left Blank","count":150,"tested":157,"color":"rgb(44,160,44)"},{"description":"Female","count":837,"tested":6845,"color":"rgb(255,127,14)"},{"description":"Male","count":840,"tested":5752,"color":"rgb(31,119,180)"}]}
