{"age":[{"age_group":"<20","count":1108,"tested":5747},{"age_group":"20-29   ","count":1335,"tested":8524},{"age_group":"30-39   ","count":1137,"tested":6477},{"age_group":"40-49   ","count":1287,"tested":6408},{"age_group":"50-59   ","count":960,"tested":5759},{"age_group":"60-69   ","count":529,"tested":4559},{"age_group":"70-79   ","count":305,"tested":3606},{"age_group":"80+","count":209,"tested":2759}],"race":[{"description":"Black","count":290,"tested":1915,"color":"rgb(255,127,14)"},{"description":"Asian","count":125,"tested":202,"color":"rgb(140,86,75)"},{"description":"Other","count":275,"tested":1737,"color":"rgb(148,103,189)"},{"description":"AI/AN**","count":97,"tested":41,"color":"rgb(31,119,180)"},{"description":"White","count":494,"tested":4653,"color":"rgb(31,119,180)"},{"description":"Left Blank","count":1731,"tested":21233,"color":"rgb(44,160,44)"},{"description":"Hispanic","count":3766,"tested":14053,"color":"rgb(214,39,40)"}],"gender":[{"description":"Unknown/Left Blank","count":118,"tested":528,"color":"rgb(44,160,44)"},{"description":"Female","count":3242,"tested":24851,"color":"rgb(255,127,14)"},{"description":"Male","count":3055,"tested":18463,"color":"rgb(31,119,180)"}]}
