{"age":[{"age_group":"<20","count":251,"tested":1566},{"age_group":"20-29   ","count":344,"tested":2674},{"age_group":"30-39   ","count":354,"tested":2475},{"age_group":"40-49   ","count":327,"tested":2412},{"age_group":"50-59   ","count":242,"tested":2146},{"age_group":"60-69   ","count":162,"tested":1785},{"age_group":"70-79   ","count":102,"tested":1097},{"age_group":"80+","count":50,"tested":571}],"race":[{"description":"Hispanic","count":438,"tested":1936,"color":"rgb(214,39,40)"},{"description":"White","count":125,"tested":885,"color":"rgb(31,119,180)"},{"description":"Left Blank","count":453,"tested":4674,"color":"rgb(44,160,44)"},{"description":"Other","count":91,"tested":794,"color":"rgb(148,103,189)"},{"description":"Black","count":686,"tested":6362,"color":"rgb(255,127,14)"}],"gender":[{"description":"Female","count":934,"tested":8351,"color":"rgb(255,127,14)"},{"description":"Male","count":794,"tested":6118,"color":"rgb(31,119,180)"},{"description":"Unknown/Left Blank","count":44,"tested":263,"color":"rgb(44,160,44)"}]}
