{"lastUpdatedDate":{"year":2021,"month":9,"day":20},"county_demographics":[{"County":"Union","confirmed_cases":2954,"total_tested":55311,"demographics":{"age":[{"race":[],"age_group":"<20","count":505,"tested":4410,"deaths":0},{"race":[],"age_group":"20-29   ","count":460,"tested":7650,"deaths":0},{"race":[],"age_group":"30-39   ","count":442,"tested":8362,"deaths":0},{"race":[],"age_group":"40-49   ","count":397,"tested":8705,"deaths":0},{"race":[],"age_group":"50-59   ","count":431,"tested":10173,"deaths":0},{"race":[],"age_group":"60-69   ","count":344,"tested":6634,"deaths":0},{"race":[],"age_group":"70-79   ","count":233,"tested":4028,"deaths":0},{"race":[],"age_group":"80+","count":142,"tested":5340,"deaths":0},{"race":[],"age_group":"Unknown","count":0,"tested":9,"deaths":0}],"race":[{"description":"AI/AN**","count":0,"tested":33,"deaths":0,"color":"rgb(31,119,180)"},{"description":"Asian","count":0,"tested":136,"deaths":0,"color":"rgb(140,86,75)"},{"description":"Black","count":74,"tested":1485,"deaths":0,"color":"rgb(255,127,14)"},{"description":"Hispanic","count":137,"tested":882,"deaths":0,"color":"rgb(214,39,40)"},{"description":"Left Blank","count":401,"tested":18704,"deaths":0,"color":"rgb(44,160,44)"},{"description":"NH/PI*","count":0,"tested":81,"deaths":0,"color":"rgb(127,127,127)"},{"description":"Other","count":18,"tested":304,"deaths":0,"color":"rgb(148,103,189)"},{"description":"White","count":2316,"tested":33686,"deaths":0,"color":"rgb(31,119,180)"}],"gender":[{"description":"Female","count":1496,"tested":28430,"deaths":0,"color":"rgb(255,127,14)"},{"description":"Male","count":1387,"tested":23030,"deaths":0,"color":"rgb(31,119,180)"},{"description":"Unknown/Left Blank","count":70,"tested":3851,"deaths":0,"color":"rgb(44,160,44)"}]}}]}
