{"lastUpdatedDate":{"year":2021,"month":9,"day":20},"county_demographics":[{"County":"Fayette","confirmed_cases":3940,"total_tested":47319,"demographics":{"age":[{"race":[],"age_group":"<20","count":652,"tested":5470,"deaths":0},{"race":[],"age_group":"20-29   ","count":579,"tested":7498,"deaths":0},{"race":[],"age_group":"30-39   ","count":591,"tested":8809,"deaths":0},{"race":[],"age_group":"40-49   ","count":591,"tested":8649,"deaths":0},{"race":[],"age_group":"50-59   ","count":582,"tested":6828,"deaths":0},{"race":[],"age_group":"60-69   ","count":487,"tested":4822,"deaths":0},{"race":[],"age_group":"70-79   ","count":291,"tested":2633,"deaths":0},{"race":[],"age_group":"80+","count":162,"tested":2134,"deaths":0},{"race":[],"age_group":"Unknown","count":0,"tested":476,"deaths":0}],"race":[{"description":"AI/AN**","count":0,"tested":7,"deaths":0,"color":"rgb(31,119,180)"},{"description":"Asian","count":7,"tested":21,"deaths":0,"color":"rgb(140,86,75)"},{"description":"Black","count":169,"tested":467,"deaths":0,"color":"rgb(255,127,14)"},{"description":"Hispanic","count":45,"tested":139,"deaths":0,"color":"rgb(214,39,40)"},{"description":"Left Blank","count":1079,"tested":28745,"deaths":0,"color":"rgb(44,160,44)"},{"description":"NH/PI*","count":0,"tested":13,"deaths":0,"color":"rgb(127,127,127)"},{"description":"Other","count":87,"tested":1321,"deaths":0,"color":"rgb(148,103,189)"},{"description":"White","count":2543,"tested":16606,"deaths":0,"color":"rgb(31,119,180)"}],"gender":[{"description":"Female","count":1867,"tested":22818,"deaths":0,"color":"rgb(255,127,14)"},{"description":"Male","count":2034,"tested":19008,"deaths":0,"color":"rgb(31,119,180)"},{"description":"Unknown/Left Blank","count":39,"tested":5493,"deaths":0,"color":"rgb(44,160,44)"}]}}]}
