{"lastUpdatedDate":{"year":2021,"month":9,"day":20},"county_demographics":[{"County":"Lee","confirmed_cases":4560,"total_tested":118779,"demographics":{"age":[{"race":[],"age_group":"<20","count":649,"tested":6832,"deaths":0},{"race":[],"age_group":"20-29   ","count":740,"tested":19975,"deaths":0},{"race":[],"age_group":"30-39   ","count":684,"tested":25716,"deaths":0},{"race":[],"age_group":"40-49   ","count":710,"tested":24197,"deaths":0},{"race":[],"age_group":"50-59   ","count":734,"tested":18075,"deaths":0},{"race":[],"age_group":"60-69   ","count":542,"tested":10819,"deaths":0},{"race":[],"age_group":"70-79   ","count":278,"tested":4613,"deaths":0},{"race":[],"age_group":"80+","count":217,"tested":6236,"deaths":0},{"race":[],"age_group":"Unknown","count":6,"tested":2316,"deaths":0}],"race":[{"description":"AI/AN**","count":0,"tested":21,"deaths":0,"color":"rgb(31,119,180)"},{"description":"Asian","count":17,"tested":243,"deaths":0,"color":"rgb(140,86,75)"},{"description":"Black","count":191,"tested":2018,"deaths":0,"color":"rgb(255,127,14)"},{"description":"Hispanic","count":156,"tested":1354,"deaths":0,"color":"rgb(214,39,40)"},{"description":"Left Blank","count":1329,"tested":86196,"deaths":0,"color":"rgb(44,160,44)"},{"description":"NH/PI*","count":0,"tested":24,"deaths":0,"color":"rgb(127,127,127)"},{"description":"Other","count":97,"tested":835,"deaths":0,"color":"rgb(148,103,189)"},{"description":"White","count":2762,"tested":28088,"deaths":0,"color":"rgb(31,119,180)"}],"gender":[{"description":"Female","count":2116,"tested":30128,"deaths":0,"color":"rgb(255,127,14)"},{"description":"Male","count":2266,"tested":57523,"deaths":0,"color":"rgb(31,119,180)"},{"description":"Unknown/Left Blank","count":175,"tested":31128,"deaths":0,"color":"rgb(44,160,44)"}]}}]}
