{"lastUpdatedDate":{"year":2021,"month":9,"day":20},"county_demographics":[{"County":"Shelby","confirmed_cases":3070,"total_tested":37795,"demographics":{"age":[{"race":[],"age_group":"<20","count":543,"tested":5556,"deaths":0},{"race":[],"age_group":"20-29   ","count":418,"tested":5357,"deaths":0},{"race":[],"age_group":"30-39   ","count":406,"tested":5145,"deaths":0},{"race":[],"age_group":"40-49   ","count":410,"tested":4887,"deaths":0},{"race":[],"age_group":"50-59   ","count":467,"tested":5740,"deaths":0},{"race":[],"age_group":"60-69   ","count":403,"tested":4225,"deaths":0},{"race":[],"age_group":"70-79   ","count":273,"tested":3257,"deaths":0},{"race":[],"age_group":"80+","count":150,"tested":3622,"deaths":0},{"race":[],"age_group":"Unknown","count":0,"tested":6,"deaths":0}],"race":[{"description":"AI/AN**","count":0,"tested":12,"deaths":0,"color":"rgb(31,119,180)"},{"description":"Asian","count":0,"tested":108,"deaths":0,"color":"rgb(140,86,75)"},{"description":"Black","count":9,"tested":122,"deaths":0,"color":"rgb(255,127,14)"},{"description":"Hispanic","count":17,"tested":147,"deaths":0,"color":"rgb(214,39,40)"},{"description":"Left Blank","count":261,"tested":13981,"deaths":0,"color":"rgb(44,160,44)"},{"description":"NH/PI*","count":0,"tested":13,"deaths":0,"color":"rgb(127,127,127)"},{"description":"Other","count":13,"tested":577,"deaths":0,"color":"rgb(148,103,189)"},{"description":"White","count":2756,"tested":22835,"deaths":0,"color":"rgb(31,119,180)"}],"gender":[{"description":"Female","count":1672,"tested":23359,"deaths":0,"color":"rgb(255,127,14)"},{"description":"Male","count":1355,"tested":13309,"deaths":0,"color":"rgb(31,119,180)"},{"description":"Unknown/Left Blank","count":43,"tested":1127,"deaths":0,"color":"rgb(44,160,44)"}]}}]}
