{"lastUpdatedDate":{"year":2021,"month":9,"day":20},"county_demographics":[{"County":"Unassigned","confirmed_cases":185,"total_tested":193308,"demographics":{"age":[{"race":[],"age_group":"<20","count":47,"tested":22940,"deaths":0},{"race":[],"age_group":"20-29   ","count":33,"tested":36775,"deaths":0},{"race":[],"age_group":"30-39   ","count":38,"tested":29415,"deaths":0},{"race":[],"age_group":"40-49   ","count":10,"tested":27343,"deaths":0},{"race":[],"age_group":"50-59   ","count":24,"tested":27570,"deaths":0},{"race":[],"age_group":"60-69   ","count":6,"tested":22924,"deaths":0},{"race":[],"age_group":"70-79   ","count":7,"tested":12851,"deaths":0},{"race":[],"age_group":"80+","count":8,"tested":12620,"deaths":0},{"race":[],"age_group":"Unknown","count":0,"tested":870,"deaths":0}],"race":[{"description":"AI/AN**","count":0,"tested":160,"deaths":0,"color":"rgb(31,119,180)"},{"description":"Asian","count":0,"tested":4507,"deaths":0,"color":"rgb(140,86,75)"},{"description":"Black","count":0,"tested":16180,"deaths":0,"color":"rgb(255,127,14)"},{"description":"Hispanic","count":0,"tested":9792,"deaths":0,"color":"rgb(214,39,40)"},{"description":"Left Blank","count":97,"tested":105655,"deaths":0,"color":"rgb(44,160,44)"},{"description":"NH/PI*","count":0,"tested":79,"deaths":0,"color":"rgb(127,127,127)"},{"description":"Other","count":0,"tested":2175,"deaths":0,"color":"rgb(148,103,189)"},{"description":"White","count":78,"tested":54760,"deaths":0,"color":"rgb(31,119,180)"}],"gender":[{"description":"Female","count":76,"tested":103185,"deaths":0,"color":"rgb(255,127,14)"},{"description":"Male","count":99,"tested":81452,"deaths":0,"color":"rgb(31,119,180)"},{"description":"Unknown/Left Blank","count":7,"tested":8671,"deaths":0,"color":"rgb(44,160,44)"}]}}]}
