{"age":[{"age_group":"<20","count":32,"tested":217},{"age_group":"20-29   ","count":37,"tested":312},{"age_group":"30-39   ","count":27,"tested":191},{"age_group":"40-49   ","count":18,"tested":160},{"age_group":"50-59   ","count":43,"tested":412},{"age_group":"60-69   ","count":31,"tested":298},{"age_group":"70-79   ","count":13,"tested":206}],"race":[{"description":"Left Blank","count":66,"tested":807,"color":"rgb(44,160,44)"},{"description":"White","count":111,"tested":849,"color":"rgb(31,119,180)"},{"description":"Asian","count":13,"tested":81,"color":"rgb(140,86,75)"},{"description":"Hispanic","count":9,"tested":58,"color":"rgb(214,39,40)"}],"gender":[{"description":"Male","count":107,"tested":891,"color":"rgb(31,119,180)"},{"description":"Female","count":99,"tested":938,"color":"rgb(255,127,14)"}]}
