{"age":[{"age_group":"<20","count":109,"tested":1966},{"age_group":"20-29   ","count":65,"tested":1356},{"age_group":"30-39   ","count":24,"tested":946},{"age_group":"40-49   ","count":56,"tested":1155},{"age_group":"50-59   ","count":66,"tested":1438},{"age_group":"60-69   ","count":27,"tested":1004},{"age_group":"70-79   ","count":14,"tested":542},{"age_group":"80+","count":7,"tested":227}],"race":[{"description":"Other","count":55,"tested":929,"color":"rgb(148,103,189)"},{"description":"Left Blank","count":100,"tested":3424,"color":"rgb(44,160,44)"},{"description":"Hispanic","count":13,"tested":119,"color":"rgb(214,39,40)"},{"description":"Asian","count":7,"tested":147,"color":"rgb(140,86,75)"},{"description":"White","count":190,"tested":3974,"color":"rgb(31,119,180)"}],"gender":[{"description":"Female","count":166,"tested":4331,"color":"rgb(255,127,14)"},{"description":"Male","count":200,"tested":4265,"color":"rgb(31,119,180)"}]}
