{"age":[{"age_group":"<20","count":77,"tested":436},{"age_group":"20-29   ","count":106,"tested":952},{"age_group":"30-39   ","count":99,"tested":757},{"age_group":"40-49   ","count":103,"tested":728},{"age_group":"50-59   ","count":86,"tested":742},{"age_group":"60-69   ","count":54,"tested":606},{"age_group":"70-79   ","count":26,"tested":314},{"age_group":"80+","count":10,"tested":145}],"race":[{"description":"Left Blank","count":185,"tested":1820,"color":"rgb(44,160,44)"},{"description":"Other","count":15,"tested":174,"color":"rgb(148,103,189)"},{"description":"White","count":74,"tested":827,"color":"rgb(31,119,180)"},{"description":"Hispanic","count":197,"tested":811,"color":"rgb(214,39,40)"},{"description":"Black","count":83,"tested":977,"color":"rgb(255,127,14)"}],"gender":[{"description":"Female","count":284,"tested":2621,"color":"rgb(255,127,14)"},{"description":"Male","count":273,"tested":1986,"color":"rgb(31,119,180)"}]}
