{"age":[{"age_group":"<20","count":64,"tested":701},{"age_group":"20-29   ","count":84,"tested":893},{"age_group":"30-39   ","count":66,"tested":913},{"age_group":"40-49   ","count":65,"tested":850},{"age_group":"50-59   ","count":86,"tested":1027},{"age_group":"60-69   ","count":72,"tested":898},{"age_group":"70-79   ","count":69,"tested":656},{"age_group":"80+","count":54,"tested":747}],"race":[{"description":"Left Blank","count":41,"tested":898,"color":"rgb(44,160,44)"},{"description":"Other","count":8,"tested":96,"color":"rgb(148,103,189)"},{"description":"White","count":476,"tested":5432,"color":"rgb(31,119,180)"},{"description":"Hispanic","count":26,"tested":139,"color":"rgb(214,39,40)"},{"description":"Black","count":8,"tested":105,"color":"rgb(255,127,14)"}],"gender":[{"description":"Female","count":316,"tested":4144,"color":"rgb(255,127,14)"},{"description":"Unknown/Left Blank","count":13,"tested":93,"color":"rgb(44,160,44)"},{"description":"Male","count":231,"tested":2453,"color":"rgb(31,119,180)"}]}
