{"age":[{"age_group":"<20","count":34,"tested":873},{"age_group":"20-29   ","count":350,"tested":7531},{"age_group":"30-39   ","count":233,"tested":4702},{"age_group":"40-49   ","count":73,"tested":1571},{"age_group":"50-59   ","count":72,"tested":1684},{"age_group":"60-69   ","count":48,"tested":1318},{"age_group":"70-79   ","count":39,"tested":858},{"age_group":"80+","count":22,"tested":499}],"race":[{"description":"White","count":339,"tested":5435,"color":"rgb(31,119,180)"},{"description":"Black","count":71,"tested":1396,"color":"rgb(255,127,14)"},{"description":"Asian","count":66,"tested":1920,"color":"rgb(140,86,75)"},{"description":"Other","count":42,"tested":954,"color":"rgb(148,103,189)"},{"description":"Left Blank","count":290,"tested":8734,"color":"rgb(44,160,44)"},{"description":"Hispanic","count":61,"tested":531,"color":"rgb(214,39,40)"}],"gender":[{"description":"Male","count":470,"tested":9045,"color":"rgb(31,119,180)"},{"description":"Female","count":383,"tested":9513,"color":"rgb(255,127,14)"},{"description":"Unknown/Left Blank","count":18,"tested":487,"color":"rgb(44,160,44)"}]}
