{"age":[{"age_group":"<20","count":1081,"tested":8320},{"age_group":"20-29   ","count":1561,"tested":14957},{"age_group":"30-39   ","count":1486,"tested":16508},{"age_group":"40-49   ","count":1372,"tested":13619},{"age_group":"50-59   ","count":1112,"tested":12377},{"age_group":"60-69   ","count":739,"tested":9752},{"age_group":"70-79   ","count":320,"tested":4368},{"age_group":"80+","count":140,"tested":2130}],"race":[{"description":"White","count":1382,"tested":16648,"color":"rgb(31,119,180)"},{"description":"Left Blank","count":1429,"tested":33608,"color":"rgb(44,160,44)"},{"description":"Other","count":360,"tested":3885,"color":"rgb(148,103,189)"},{"description":"Black","count":126,"tested":1503,"color":"rgb(255,127,14)"},{"description":"Asian","count":179,"tested":1882,"color":"rgb(140,86,75)"},{"description":"Hispanic","count":4327,"tested":24352,"color":"rgb(214,39,40)"}],"gender":[{"description":"Male","count":3825,"tested":37063,"color":"rgb(31,119,180)"},{"description":"Unknown/Left Blank","count":83,"tested":1498,"color":"rgb(44,160,44)"},{"description":"Female","count":3903,"tested":43494,"color":"rgb(255,127,14)"}]}
