{"age":[{"age_group":"<20","count":355,"tested":4021},{"age_group":"20-29   ","count":263,"tested":3256},{"age_group":"30-39   ","count":216,"tested":3196},{"age_group":"40-49   ","count":245,"tested":3031},{"age_group":"50-59   ","count":290,"tested":3409},{"age_group":"60-69   ","count":199,"tested":3332},{"age_group":"70-79   ","count":87,"tested":2046},{"age_group":"80+","count":99,"tested":3046}],"race":[{"description":"Black","count":40,"tested":422,"color":"rgb(255,127,14)"},{"description":"Asian","count":33,"tested":589,"color":"rgb(140,86,75)"},{"description":"White","count":1094,"tested":12001,"color":"rgb(31,119,180)"},{"description":"Hispanic","count":115,"tested":460,"color":"rgb(214,39,40)"},{"description":"Other","count":35,"tested":786,"color":"rgb(148,103,189)"},{"description":"Left Blank","count":436,"tested":11063,"color":"rgb(44,160,44)"}],"gender":[{"description":"Female","count":895,"tested":14494,"color":"rgb(255,127,14)"},{"description":"Male","count":847,"tested":10376,"color":"rgb(31,119,180)"},{"description":"Unknown/Left Blank","count":12,"tested":472,"color":"rgb(44,160,44)"}]}
