{"age":[{"age_group":"<20","count":285,"tested":3583},{"age_group":"20-29   ","count":371,"tested":4073},{"age_group":"30-39   ","count":324,"tested":4126},{"age_group":"40-49   ","count":294,"tested":3487},{"age_group":"50-59   ","count":286,"tested":4068},{"age_group":"60-69   ","count":242,"tested":3447},{"age_group":"70-79   ","count":144,"tested":2271},{"age_group":"80+","count":100,"tested":2801}],"race":[{"description":"Black","count":407,"tested":3662,"color":"rgb(255,127,14)"},{"description":"Asian","count":15,"tested":95,"color":"rgb(140,86,75)"},{"description":"Other","count":25,"tested":432,"color":"rgb(148,103,189)"},{"description":"White","count":874,"tested":9685,"color":"rgb(31,119,180)"},{"description":"Left Blank","count":371,"tested":12232,"color":"rgb(44,160,44)"},{"description":"Hispanic","count":352,"tested":1753,"color":"rgb(214,39,40)"}],"gender":[{"description":"Female","count":1118,"tested":17005,"color":"rgb(255,127,14)"},{"description":"Male","count":917,"tested":10301,"color":"rgb(31,119,180)"},{"description":"Unknown/Left Blank","count":12,"tested":558,"color":"rgb(44,160,44)"}]}
