{"age":[{"age_group":"<20","count":185,"tested":1605},{"age_group":"20-29   ","count":222,"tested":2630},{"age_group":"30-39   ","count":207,"tested":2141},{"age_group":"40-49   ","count":246,"tested":1796},{"age_group":"50-59   ","count":169,"tested":1956},{"age_group":"60-69   ","count":136,"tested":1958},{"age_group":"70-79   ","count":57,"tested":1311},{"age_group":"80+","count":54,"tested":3409}],"race":[{"description":"Other","count":73,"tested":505,"color":"rgb(148,103,189)"},{"description":"White","count":409,"tested":4889,"color":"rgb(31,119,180)"},{"description":"Asian","count":40,"tested":556,"color":"rgb(140,86,75)"},{"description":"Hispanic","count":437,"tested":1995,"color":"rgb(214,39,40)"},{"description":"Left Blank","count":298,"tested":8741,"color":"rgb(44,160,44)"},{"description":"Black","count":17,"tested":132,"color":"rgb(255,127,14)"}],"gender":[{"description":"Male","count":637,"tested":6231,"color":"rgb(31,119,180)"},{"description":"Unknown/Left Blank","count":15,"tested":585,"color":"rgb(44,160,44)"},{"description":"Female","count":624,"tested":10016,"color":"rgb(255,127,14)"}]}
