{"age":[{"age_group":"<20","count":153,"tested":1354},{"age_group":"20-29   ","count":128,"tested":1106},{"age_group":"30-39   ","count":115,"tested":1372},{"age_group":"40-49   ","count":129,"tested":1159},{"age_group":"50-59   ","count":126,"tested":1360},{"age_group":"60-69   ","count":87,"tested":818},{"age_group":"70-79   ","count":62,"tested":839},{"age_group":"80+","count":59,"tested":951}],"race":[{"description":"White","count":441,"tested":2987,"color":"rgb(31,119,180)"},{"description":"Left Blank","count":385,"tested":5702,"color":"rgb(44,160,44)"},{"description":"Hispanic","count":26,"tested":118,"color":"rgb(214,39,40)"}],"gender":[{"description":"Female","count":452,"tested":4147,"color":"rgb(255,127,14)"},{"description":"Male","count":380,"tested":2609,"color":"rgb(31,119,180)"},{"description":"Unknown/Left Blank","count":35,"tested":2211,"color":"rgb(44,160,44)"}]}
