{"age":[{"age_group":"<20","count":304,"tested":3748},{"age_group":"20-29   ","count":361,"tested":4234},{"age_group":"30-39   ","count":329,"tested":4193},{"age_group":"40-49   ","count":297,"tested":3552},{"age_group":"50-59   ","count":316,"tested":4662},{"age_group":"60-69   ","count":233,"tested":3784},{"age_group":"70-79   ","count":113,"tested":2740},{"age_group":"80+","count":144,"tested":5612}],"race":[{"description":"Hispanic","count":259,"tested":1586,"color":"rgb(214,39,40)"},{"description":"Left Blank","count":488,"tested":13947,"color":"rgb(44,160,44)"},{"description":"Other","count":83,"tested":717,"color":"rgb(148,103,189)"},{"description":"White","count":1124,"tested":14331,"color":"rgb(31,119,180)"},{"description":"Asian","count":97,"tested":1466,"color":"rgb(140,86,75)"},{"description":"Black","count":45,"tested":456,"color":"rgb(255,127,14)"}],"gender":[{"description":"Unknown/Left Blank","count":10,"tested":1503,"color":"rgb(44,160,44)"},{"description":"Male","count":981,"tested":13032,"color":"rgb(31,119,180)"},{"description":"Female","count":1106,"tested":17998,"color":"rgb(255,127,14)"}]}
