{"age":[{"age_group":"<20","count":499,"tested":4488},{"age_group":"20-29   ","count":517,"tested":5375},{"age_group":"30-39   ","count":536,"tested":5064},{"age_group":"40-49   ","count":428,"tested":4693},{"age_group":"50-59   ","count":405,"tested":4713},{"age_group":"60-69   ","count":332,"tested":4266},{"age_group":"70-79   ","count":227,"tested":2985},{"age_group":"80+","count":135,"tested":2642}],"race":[{"description":"Other","count":63,"tested":550,"color":"rgb(148,103,189)"},{"description":"Black","count":262,"tested":2172,"color":"rgb(255,127,14)"},{"description":"Left Blank","count":625,"tested":19164,"color":"rgb(44,160,44)"},{"description":"Asian","count":101,"tested":467,"color":"rgb(140,86,75)"},{"description":"White","count":1253,"tested":8956,"color":"rgb(31,119,180)"},{"description":"Hispanic","count":772,"tested":2909,"color":"rgb(214,39,40)"}],"gender":[{"description":"Unknown/Left Blank","count":13,"tested":933,"color":"rgb(44,160,44)"},{"description":"Male","count":1428,"tested":12860,"color":"rgb(31,119,180)"},{"description":"Female","count":1638,"tested":20443,"color":"rgb(255,127,14)"}]}
