{"age":[{"age_group":"<20","count":20,"tested":120},{"age_group":"20-29   ","count":15,"tested":130},{"age_group":"30-39   ","count":18,"tested":129},{"age_group":"40-49   ","count":13,"tested":88},{"age_group":"50-59   ","count":20,"tested":107},{"age_group":"60-69   ","count":15,"tested":113},{"age_group":"70-79   ","count":6,"tested":69}],"race":[{"description":"White","count":85,"tested":339,"color":"rgb(31,119,180)"},{"description":"Left Blank","count":7,"tested":399,"color":"rgb(44,160,44)"},{"description":"Hispanic","count":15,"tested":23,"color":"rgb(214,39,40)"}],"gender":[{"description":"Male","count":47,"tested":348,"color":"rgb(31,119,180)"},{"description":"Female","count":64,"tested":435,"color":"rgb(255,127,14)"}]}
