{"age":[{"age_group":"<20","count":250,"tested":2225},{"age_group":"20-29   ","count":311,"tested":3857},{"age_group":"30-39   ","count":270,"tested":3674},{"age_group":"40-49   ","count":291,"tested":4073},{"age_group":"50-59   ","count":327,"tested":5147},{"age_group":"60-69   ","count":284,"tested":5096},{"age_group":"70-79   ","count":167,"tested":3356},{"age_group":"80+","count":154,"tested":3751}],"race":[{"description":"Left Blank","count":852,"tested":18024,"color":"rgb(44,160,44)"},{"description":"Hispanic","count":115,"tested":637,"color":"rgb(214,39,40)"},{"description":"Asian","count":8,"tested":99,"color":"rgb(140,86,75)"},{"description":"White","count":140,"tested":1582,"color":"rgb(31,119,180)"},{"description":"Black","count":905,"tested":10597,"color":"rgb(255,127,14)"},{"description":"Other","count":33,"tested":316,"color":"rgb(148,103,189)"}],"gender":[{"description":"Female","count":1127,"tested":19162,"color":"rgb(255,127,14)"},{"description":"Male","count":894,"tested":11565,"color":"rgb(31,119,180)"},{"description":"Unknown/Left Blank","count":34,"tested":590,"color":"rgb(44,160,44)"}]}
