{"age":[{"age_group":"<20","count":248,"tested":1892},{"age_group":"20-29   ","count":266,"tested":2954},{"age_group":"30-39   ","count":257,"tested":2854},{"age_group":"40-49   ","count":281,"tested":3220},{"age_group":"50-59   ","count":275,"tested":3301},{"age_group":"60-69   ","count":198,"tested":3130},{"age_group":"70-79   ","count":76,"tested":1146},{"age_group":"80+","count":47,"tested":568}],"race":[{"description":"Black","count":203,"tested":2640,"color":"rgb(255,127,14)"},{"description":"Left Blank","count":568,"tested":9545,"color":"rgb(44,160,44)"},{"description":"Asian","count":13,"tested":188,"color":"rgb(140,86,75)"},{"description":"White","count":236,"tested":2746,"color":"rgb(31,119,180)"},{"description":"Hispanic","count":582,"tested":3565,"color":"rgb(214,39,40)"},{"description":"Other","count":46,"tested":357,"color":"rgb(148,103,189)"}],"gender":[{"description":"Male","count":763,"tested":7969,"color":"rgb(31,119,180)"},{"description":"Unknown/Left Blank","count":29,"tested":453,"color":"rgb(44,160,44)"},{"description":"Female","count":856,"tested":10653,"color":"rgb(255,127,14)"}]}
