{"age":[{"age_group":"<20","count":478,"tested":4562},{"age_group":"20-29   ","count":487,"tested":4513},{"age_group":"30-39   ","count":471,"tested":4756},{"age_group":"40-49   ","count":538,"tested":4864},{"age_group":"50-59   ","count":485,"tested":4484},{"age_group":"60-69   ","count":229,"tested":2712},{"age_group":"70-79   ","count":128,"tested":1708},{"age_group":"80+","count":123,"tested":1157}],"race":[{"description":"Black","count":173,"tested":1509,"color":"rgb(255,127,14)"},{"description":"White","count":1245,"tested":11835,"color":"rgb(31,119,180)"},{"description":"Asian","count":58,"tested":552,"color":"rgb(140,86,75)"},{"description":"Other","count":92,"tested":1032,"color":"rgb(148,103,189)"},{"description":"Hispanic","count":517,"tested":2678,"color":"rgb(214,39,40)"},{"description":"Left Blank","count":852,"tested":11113,"color":"rgb(44,160,44)"}],"gender":[{"description":"Male","count":1379,"tested":12235,"color":"rgb(31,119,180)"},{"description":"Female","count":1544,"tested":16210,"color":"rgb(255,127,14)"},{"description":"Unknown/Left Blank","count":16,"tested":312,"color":"rgb(44,160,44)"}]}
