{"age":[{"age_group":"<20","count":106,"tested":2185},{"age_group":"20-29   ","count":1230,"tested":19051},{"age_group":"30-39   ","count":589,"tested":11576},{"age_group":"40-49   ","count":214,"tested":3941},{"age_group":"50-59   ","count":206,"tested":4366},{"age_group":"60-69   ","count":170,"tested":4451},{"age_group":"70-79   ","count":143,"tested":4178},{"age_group":"80+","count":81,"tested":3046}],"race":[{"description":"Hispanic","count":134,"tested":852,"color":"rgb(214,39,40)"},{"description":"Asian","count":60,"tested":1385,"color":"rgb(140,86,75)"},{"description":"Left Blank","count":890,"tested":27015,"color":"rgb(44,160,44)"},{"description":"White","count":1198,"tested":17774,"color":"rgb(31,119,180)"},{"description":"Other","count":119,"tested":1804,"color":"rgb(148,103,189)"},{"description":"Black","count":336,"tested":3907,"color":"rgb(255,127,14)"}],"gender":[{"description":"Unknown/Left Blank","count":104,"tested":900,"color":"rgb(44,160,44)"},{"description":"Male","count":1209,"tested":22015,"color":"rgb(31,119,180)"},{"description":"Female","count":1426,"tested":29885,"color":"rgb(255,127,14)"}]}
