{"age":[{"age_group":"<20","count":274,"tested":4869},{"age_group":"20-29   ","count":222,"tested":5257},{"age_group":"30-39   ","count":211,"tested":5142},{"age_group":"40-49   ","count":224,"tested":5127},{"age_group":"50-59   ","count":229,"tested":6361},{"age_group":"60-69   ","count":167,"tested":5884},{"age_group":"70-79   ","count":125,"tested":4414},{"age_group":"80+","count":128,"tested":3709}],"race":[{"description":"Asian","count":22,"tested":622,"color":"rgb(140,86,75)"},{"description":"Left Blank","count":430,"tested":18484,"color":"rgb(44,160,44)"},{"description":"White","count":721,"tested":17092,"color":"rgb(31,119,180)"},{"description":"Other","count":179,"tested":2816,"color":"rgb(148,103,189)"},{"description":"Hispanic","count":187,"tested":1357,"color":"rgb(214,39,40)"},{"description":"Black","count":36,"tested":366,"color":"rgb(255,127,14)"}],"gender":[{"description":"Male","count":768,"tested":17753,"color":"rgb(31,119,180)"},{"description":"Unknown/Left Blank","count":22,"tested":337,"color":"rgb(44,160,44)"},{"description":"Female","count":790,"tested":22682,"color":"rgb(255,127,14)"}]}
