{"age":[{"age_group":"<20","count":326,"tested":1968},{"age_group":"20-29   ","count":437,"tested":2851},{"age_group":"30-39   ","count":388,"tested":2704},{"age_group":"40-49   ","count":411,"tested":2383},{"age_group":"50-59   ","count":356,"tested":2289},{"age_group":"60-69   ","count":195,"tested":1671},{"age_group":"70-79   ","count":99,"tested":683},{"age_group":"80+","count":57,"tested":329}],"race":[{"description":"AI/AN**","count":60,"tested":189,"color":"rgb(31,119,180)"},{"description":"Hispanic","count":925,"tested":3075,"color":"rgb(214,39,40)"},{"description":"White","count":272,"tested":2226,"color":"rgb(31,119,180)"},{"description":"Black","count":221,"tested":2250,"color":"rgb(255,127,14)"},{"description":"Left Blank","count":645,"tested":5866,"color":"rgb(44,160,44)"},{"description":"Other","count":142,"tested":1248,"color":"rgb(148,103,189)"}],"gender":[{"description":"Unknown/Left Blank","count":15,"tested":177,"color":"rgb(44,160,44)"},{"description":"Male","count":1057,"tested":6262,"color":"rgb(31,119,180)"},{"description":"Female","count":1198,"tested":8445,"color":"rgb(255,127,14)"}]}
