{"age":[{"age_group":"<20","count":635,"tested":7471},{"age_group":"20-29   ","count":788,"tested":9206},{"age_group":"30-39   ","count":614,"tested":7656},{"age_group":"40-49   ","count":574,"tested":7471},{"age_group":"50-59   ","count":538,"tested":7790},{"age_group":"60-69   ","count":471,"tested":8611},{"age_group":"70-79   ","count":255,"tested":5706},{"age_group":"80+","count":238,"tested":8442}],"race":[{"description":"Asian","count":83,"tested":514,"color":"rgb(140,86,75)"},{"description":"Black","count":551,"tested":7202,"color":"rgb(255,127,14)"},{"description":"Hispanic","count":313,"tested":2196,"color":"rgb(214,39,40)"},{"description":"Left Blank","count":1740,"tested":30824,"color":"rgb(44,160,44)"},{"description":"Other","count":120,"tested":4206,"color":"rgb(148,103,189)"},{"description":"White","count":1299,"tested":17452,"color":"rgb(31,119,180)"}],"gender":[]}
