{"age":[{"age_group":"<20","count":41,"tested":498},{"age_group":"20-29   ","count":34,"tested":447},{"age_group":"30-39   ","count":31,"tested":488},{"age_group":"40-49   ","count":49,"tested":450},{"age_group":"50-59   ","count":29,"tested":433},{"age_group":"60-69   ","count":39,"tested":527},{"age_group":"70-79   ","count":26,"tested":238},{"age_group":"80+","count":6,"tested":147}],"race":[{"description":"Hispanic","count":24,"tested":94,"color":"rgb(214,39,40)"},{"description":"Left Blank","count":53,"tested":1645,"color":"rgb(44,160,44)"},{"description":"Other","count":13,"tested":77,"color":"rgb(148,103,189)"},{"description":"White","count":156,"tested":1319,"color":"rgb(31,119,180)"}],"gender":[]}
