{"age":[{"age_group":"<20","count":861,"tested":13372},{"age_group":"20-29   ","count":939,"tested":11869},{"age_group":"30-39   ","count":879,"tested":11986},{"age_group":"40-49   ","count":922,"tested":10976},{"age_group":"50-59   ","count":833,"tested":11609},{"age_group":"60-69   ","count":561,"tested":9305},{"age_group":"70-79   ","count":264,"tested":5134},{"age_group":"80+","count":165,"tested":3536}],"race":[{"description":"AI/AN**","count":11,"tested":199,"color":"rgb(31,119,180)"},{"description":"Asian","count":412,"tested":6643,"color":"rgb(140,86,75)"},{"description":"Black","count":117,"tested":1613,"color":"rgb(255,127,14)"},{"description":"Hispanic","count":962,"tested":5818,"color":"rgb(214,39,40)"},{"description":"Left Blank","count":1085,"tested":26609,"color":"rgb(44,160,44)"},{"description":"NH/PI*","count":11,"tested":122,"color":"rgb(127,127,127)"},{"description":"Other","count":324,"tested":3105,"color":"rgb(148,103,189)"},{"description":"White","count":2504,"tested":33691,"color":"rgb(31,119,180)"}],"gender":[]}
