{"age":[{"age_group":"<20","count":328,"tested":4322},{"age_group":"20-29   ","count":464,"tested":6985},{"age_group":"30-39   ","count":457,"tested":7421},{"age_group":"40-49   ","count":355,"tested":5852},{"age_group":"50-59   ","count":380,"tested":7221},{"age_group":"60-69   ","count":321,"tested":6313},{"age_group":"70-79   ","count":155,"tested":2838},{"age_group":"80+","count":103,"tested":1948}],"race":[{"description":"Black","count":1766,"tested":24900,"color":"rgb(255,127,14)"},{"description":"Hispanic","count":150,"tested":1060,"color":"rgb(214,39,40)"},{"description":"Left Blank","count":574,"tested":15373,"color":"rgb(44,160,44)"},{"description":"Other","count":28,"tested":575,"color":"rgb(148,103,189)"},{"description":"White","count":36,"tested":819,"color":"rgb(31,119,180)"}],"gender":[]}
