{"age":[{"age_group":"<20","count":500,"tested":10434},{"age_group":"20-29   ","count":1634,"tested":34017},{"age_group":"30-39   ","count":1637,"tested":41379},{"age_group":"40-49   ","count":701,"tested":14887},{"age_group":"50-59   ","count":472,"tested":9579},{"age_group":"60-69   ","count":306,"tested":6497},{"age_group":"70-79   ","count":179,"tested":3407},{"age_group":"80+","count":146,"tested":2641}],"race":[{"description":"Asian","count":88,"tested":3871,"color":"rgb(140,86,75)"},{"description":"Black","count":290,"tested":5059,"color":"rgb(255,127,14)"},{"description":"Hispanic","count":1238,"tested":12662,"color":"rgb(214,39,40)"},{"description":"Left Blank","count":1800,"tested":53415,"color":"rgb(44,160,44)"},{"description":"Other","count":270,"tested":5908,"color":"rgb(148,103,189)"},{"description":"White","count":1883,"tested":41998,"color":"rgb(31,119,180)"}],"gender":[]}
