{"age":[{"age_group":"<20","count":278,"tested":3593},{"age_group":"20-29   ","count":248,"tested":3194},{"age_group":"30-39   ","count":260,"tested":3909},{"age_group":"40-49   ","count":269,"tested":3690},{"age_group":"50-59   ","count":253,"tested":3873},{"age_group":"60-69   ","count":181,"tested":3366},{"age_group":"70-79   ","count":88,"tested":2108},{"age_group":"80+","count":54,"tested":2175}],"race":[{"description":"Asian","count":32,"tested":521,"color":"rgb(140,86,75)"},{"description":"Black","count":9,"tested":170,"color":"rgb(255,127,14)"},{"description":"Hispanic","count":318,"tested":2019,"color":"rgb(214,39,40)"},{"description":"Left Blank","count":515,"tested":11898,"color":"rgb(44,160,44)"},{"description":"Other","count":38,"tested":451,"color":"rgb(148,103,189)"},{"description":"White","count":717,"tested":10802,"color":"rgb(31,119,180)"}],"gender":[]}
