{"age":[{"age_group":"<20","count":868,"tested":19233},{"age_group":"20-29   ","count":716,"tested":11270},{"age_group":"30-39   ","count":595,"tested":12042},{"age_group":"40-49   ","count":636,"tested":10864},{"age_group":"50-59   ","count":655,"tested":12031},{"age_group":"60-69   ","count":430,"tested":10198},{"age_group":"70-79   ","count":234,"tested":6041},{"age_group":"80+","count":194,"tested":7732}],"race":[{"description":"AI/AN**","count":7,"tested":107,"color":"rgb(31,119,180)"},{"description":"Asian","count":192,"tested":4802,"color":"rgb(140,86,75)"},{"description":"Black","count":75,"tested":1744,"color":"rgb(255,127,14)"},{"description":"Hispanic","count":418,"tested":4623,"color":"rgb(214,39,40)"},{"description":"Left Blank","count":870,"tested":27023,"color":"rgb(44,160,44)"},{"description":"Other","count":160,"tested":2328,"color":"rgb(148,103,189)"},{"description":"White","count":2604,"tested":48859,"color":"rgb(31,119,180)"}],"gender":[]}
