{"age":[{"age_group":"<20","count":237,"tested":2962},{"age_group":"20-29   ","count":225,"tested":4159},{"age_group":"30-39   ","count":187,"tested":4221},{"age_group":"40-49   ","count":197,"tested":4317},{"age_group":"50-59   ","count":243,"tested":4949},{"age_group":"60-69   ","count":241,"tested":5137},{"age_group":"70-79   ","count":194,"tested":4058},{"age_group":"80+","count":209,"tested":4243}],"race":[{"description":"Asian","count":17,"tested":1034,"color":"rgb(140,86,75)"},{"description":"Black","count":49,"tested":2906,"color":"rgb(255,127,14)"},{"description":"Hispanic","count":63,"tested":904,"color":"rgb(214,39,40)"},{"description":"Left Blank","count":708,"tested":16191,"color":"rgb(44,160,44)"},{"description":"Other","count":46,"tested":712,"color":"rgb(148,103,189)"},{"description":"White","count":850,"tested":12280,"color":"rgb(31,119,180)"}],"gender":[]}
