{"age":[{"age_group":"<20","count":152,"tested":1692},{"age_group":"20-29   ","count":165,"tested":2168},{"age_group":"30-39   ","count":158,"tested":2026},{"age_group":"40-49   ","count":157,"tested":1965},{"age_group":"50-59   ","count":171,"tested":2334},{"age_group":"60-69   ","count":117,"tested":1843},{"age_group":"70-79   ","count":53,"tested":1322},{"age_group":"80+","count":34,"tested":1002}],"race":[{"description":"Asian","count":12,"tested":218,"color":"rgb(140,86,75)"},{"description":"Black","count":26,"tested":230,"color":"rgb(255,127,14)"},{"description":"Hispanic","count":132,"tested":918,"color":"rgb(214,39,40)"},{"description":"Left Blank","count":315,"tested":5759,"color":"rgb(44,160,44)"},{"description":"Other","count":31,"tested":325,"color":"rgb(148,103,189)"},{"description":"White","count":488,"tested":6823,"color":"rgb(31,119,180)"}],"gender":[]}
