{"age":[{"age_group":"<20","count":20,"tested":199},{"age_group":"20-29   ","count":10,"tested":139},{"age_group":"30-39   ","count":19,"tested":139},{"age_group":"40-49   ","count":16,"tested":145},{"age_group":"50-59   ","count":25,"tested":148},{"age_group":"60-69   ","count":10,"tested":135},{"age_group":"70-79   ","count":7,"tested":102}],"race":[{"description":"Left Blank","count":17,"tested":284,"color":"rgb(44,160,44)"},{"description":"White","count":90,"tested":706,"color":"rgb(31,119,180)"}],"gender":[]}
