{"age":[{"age_group":"<20","count":627,"tested":31674},{"age_group":"20-29   ","count":834,"tested":77326},{"age_group":"30-39   ","count":320,"tested":14565},{"age_group":"40-49   ","count":295,"tested":8831},{"age_group":"50-59   ","count":313,"tested":10839},{"age_group":"60-69   ","count":216,"tested":9899},{"age_group":"70-79   ","count":129,"tested":6872},{"age_group":"80+","count":181,"tested":13552}],"race":[{"description":"Asian","count":169,"tested":27687,"color":"rgb(140,86,75)"},{"description":"Black","count":482,"tested":12299,"color":"rgb(255,127,14)"},{"description":"Hispanic","count":375,"tested":12825,"color":"rgb(214,39,40)"},{"description":"Left Blank","count":363,"tested":44941,"color":"rgb(44,160,44)"},{"description":"Other","count":186,"tested":4547,"color":"rgb(148,103,189)"},{"description":"White","count":1332,"tested":70936,"color":"rgb(31,119,180)"}],"gender":[]}
