{"age":[{"age_group":"<20","count":911,"tested":8311},{"age_group":"20-29   ","count":1137,"tested":13821},{"age_group":"30-39   ","count":1122,"tested":13798},{"age_group":"40-49   ","count":1006,"tested":12254},{"age_group":"50-59   ","count":864,"tested":13314},{"age_group":"60-69   ","count":552,"tested":11010},{"age_group":"70-79   ","count":316,"tested":7537},{"age_group":"80+","count":257,"tested":7759}],"race":[{"description":"AI/AN**","count":32,"tested":202,"color":"rgb(31,119,180)"},{"description":"Asian","count":76,"tested":829,"color":"rgb(140,86,75)"},{"description":"Black","count":709,"tested":9304,"color":"rgb(255,127,14)"},{"description":"Hispanic","count":1621,"tested":9570,"color":"rgb(214,39,40)"},{"description":"Left Blank","count":1463,"tested":38023,"color":"rgb(44,160,44)"},{"description":"Other","count":269,"tested":4346,"color":"rgb(148,103,189)"},{"description":"White","count":1990,"tested":25512,"color":"rgb(31,119,180)"}],"gender":[]}
