{"age":[{"age_group":"<20","count":270,"tested":2034},{"age_group":"20-29   ","count":315,"tested":2634},{"age_group":"30-39   ","count":265,"tested":2236},{"age_group":"40-49   ","count":260,"tested":2020},{"age_group":"50-59   ","count":193,"tested":1676},{"age_group":"60-69   ","count":130,"tested":1435},{"age_group":"70-79   ","count":51,"tested":602},{"age_group":"80+","count":32,"tested":405}],"race":[{"description":"Black","count":71,"tested":815,"color":"rgb(255,127,14)"},{"description":"Hispanic","count":733,"tested":3796,"color":"rgb(214,39,40)"},{"description":"Left Blank","count":366,"tested":4615,"color":"rgb(44,160,44)"},{"description":"Other","count":102,"tested":1005,"color":"rgb(148,103,189)"},{"description":"White","count":236,"tested":2668,"color":"rgb(31,119,180)"}],"gender":[]}
