{"age":[{"age_group":"<20","count":114,"tested":1593},{"age_group":"20-29   ","count":114,"tested":1421},{"age_group":"30-39   ","count":130,"tested":1582},{"age_group":"40-49   ","count":150,"tested":1454},{"age_group":"50-59   ","count":127,"tested":1721},{"age_group":"60-69   ","count":101,"tested":1044},{"age_group":"70-79   ","count":42,"tested":662},{"age_group":"80+","count":10,"tested":305}],"race":[{"description":"Hispanic","count":47,"tested":220,"color":"rgb(214,39,40)"},{"description":"Left Blank","count":242,"tested":4094,"color":"rgb(44,160,44)"},{"description":"Other","count":16,"tested":130,"color":"rgb(148,103,189)"},{"description":"White","count":478,"tested":5289,"color":"rgb(31,119,180)"}],"gender":[]}
