{"age":[{"age_group":"<20","count":77,"tested":1988},{"age_group":"20-29   ","count":42,"tested":956},{"age_group":"30-39   ","count":38,"tested":968},{"age_group":"40-49   ","count":56,"tested":1361},{"age_group":"50-59   ","count":48,"tested":918},{"age_group":"60-69   ","count":27,"tested":1017},{"age_group":"70-79   ","count":10,"tested":571},{"age_group":"80+","count":9,"tested":254}],"race":[{"description":"Asian","count":10,"tested":279,"color":"rgb(140,86,75)"},{"description":"Black","count":32,"tested":506,"color":"rgb(255,127,14)"},{"description":"Hispanic","count":22,"tested":283,"color":"rgb(214,39,40)"},{"description":"Left Blank","count":86,"tested":3014,"color":"rgb(44,160,44)"},{"description":"Other","count":24,"tested":520,"color":"rgb(148,103,189)"},{"description":"White","count":133,"tested":3433,"color":"rgb(31,119,180)"}],"gender":[]}
