{"age":[{"age_group":"<20","count":56,"tested":786},{"age_group":"20-29   ","count":61,"tested":1144},{"age_group":"30-39   ","count":65,"tested":1015},{"age_group":"40-49   ","count":50,"tested":1177},{"age_group":"50-59   ","count":56,"tested":1302},{"age_group":"60-69   ","count":31,"tested":1227},{"age_group":"70-79   ","count":36,"tested":845},{"age_group":"80+","count":40,"tested":2858}],"race":[{"description":"Hispanic","count":11,"tested":177,"color":"rgb(214,39,40)"},{"description":"Left Blank","count":118,"tested":2300,"color":"rgb(44,160,44)"},{"description":"Other","count":7,"tested":51,"color":"rgb(148,103,189)"},{"description":"White","count":259,"tested":7684,"color":"rgb(31,119,180)"}],"gender":[]}
