{"age":[{"age_group":"<20","count":574,"tested":7267},{"age_group":"20-29   ","count":392,"tested":5814},{"age_group":"30-39   ","count":363,"tested":5611},{"age_group":"40-49   ","count":332,"tested":4527},{"age_group":"50-59   ","count":441,"tested":5718},{"age_group":"60-69   ","count":271,"tested":4636},{"age_group":"70-79   ","count":96,"tested":2743},{"age_group":"80+","count":109,"tested":3771}],"race":[{"description":"Asian","count":62,"tested":704,"color":"rgb(140,86,75)"},{"description":"Black","count":51,"tested":801,"color":"rgb(255,127,14)"},{"description":"Hispanic","count":229,"tested":1885,"color":"rgb(214,39,40)"},{"description":"Left Blank","count":440,"tested":14123,"color":"rgb(44,160,44)"},{"description":"Other","count":75,"tested":1029,"color":"rgb(148,103,189)"},{"description":"White","count":1716,"tested":21532,"color":"rgb(31,119,180)"}],"gender":[]}
