{"age":[{"age_group":"<20","count":469,"tested":7663},{"age_group":"20-29   ","count":445,"tested":6594},{"age_group":"30-39   ","count":443,"tested":6823},{"age_group":"40-49   ","count":407,"tested":5844},{"age_group":"50-59   ","count":417,"tested":7233},{"age_group":"60-69   ","count":287,"tested":5858},{"age_group":"70-79   ","count":134,"tested":4075},{"age_group":"80+","count":162,"tested":7133}],"race":[{"description":"Asian","count":140,"tested":2800,"color":"rgb(140,86,75)"},{"description":"Black","count":73,"tested":837,"color":"rgb(255,127,14)"},{"description":"Hispanic","count":317,"tested":2620,"color":"rgb(214,39,40)"},{"description":"Left Blank","count":566,"tested":19542,"color":"rgb(44,160,44)"},{"description":"Other","count":106,"tested":1201,"color":"rgb(148,103,189)"},{"description":"White","count":1560,"tested":24140,"color":"rgb(31,119,180)"}],"gender":[]}
