{"age":[{"age_group":"<20","count":140,"tested":2015},{"age_group":"20-29   ","count":256,"tested":4126},{"age_group":"30-39   ","count":247,"tested":4311},{"age_group":"40-49   ","count":164,"tested":2543},{"age_group":"50-59   ","count":137,"tested":2302},{"age_group":"60-69   ","count":84,"tested":2289},{"age_group":"70-79   ","count":36,"tested":768},{"age_group":"80+","count":30,"tested":608}],"race":[{"description":"Asian","count":135,"tested":2818,"color":"rgb(140,86,75)"},{"description":"Black","count":51,"tested":756,"color":"rgb(255,127,14)"},{"description":"Hispanic","count":137,"tested":1221,"color":"rgb(214,39,40)"},{"description":"Left Blank","count":375,"tested":9477,"color":"rgb(44,160,44)"},{"description":"Other","count":75,"tested":452,"color":"rgb(148,103,189)"},{"description":"White","count":317,"tested":4137,"color":"rgb(31,119,180)"}],"gender":[]}
