{"age":[{"age_group":"<20","count":556,"tested":6706},{"age_group":"20-29   ","count":688,"tested":8970},{"age_group":"30-39   ","count":541,"tested":7893},{"age_group":"40-49   ","count":538,"tested":7244},{"age_group":"50-59   ","count":524,"tested":8819},{"age_group":"60-69   ","count":389,"tested":8079},{"age_group":"70-79   ","count":196,"tested":4608},{"age_group":"80+","count":143,"tested":4149}],"race":[{"description":"AI/AN**","count":9,"tested":82,"color":"rgb(31,119,180)"},{"description":"Asian","count":53,"tested":1069,"color":"rgb(140,86,75)"},{"description":"Black","count":77,"tested":1100,"color":"rgb(255,127,14)"},{"description":"Hispanic","count":934,"tested":5807,"color":"rgb(214,39,40)"},{"description":"Left Blank","count":592,"tested":19677,"color":"rgb(44,160,44)"},{"description":"Other","count":73,"tested":796,"color":"rgb(148,103,189)"},{"description":"White","count":1834,"tested":27681,"color":"rgb(31,119,180)"}],"gender":[]}
