{"age":[{"age_group":"<20","count":248,"tested":6436},{"age_group":"20-29   ","count":164,"tested":4311},{"age_group":"30-39   ","count":175,"tested":5264},{"age_group":"40-49   ","count":198,"tested":5393},{"age_group":"50-59   ","count":163,"tested":4609},{"age_group":"60-69   ","count":99,"tested":2817},{"age_group":"70-79   ","count":52,"tested":1503},{"age_group":"80+","count":13,"tested":478}],"race":[{"description":"Asian","count":26,"tested":1059,"color":"rgb(140,86,75)"},{"description":"Black","count":238,"tested":3579,"color":"rgb(255,127,14)"},{"description":"Hispanic","count":104,"tested":1422,"color":"rgb(214,39,40)"},{"description":"Left Blank","count":190,"tested":9895,"color":"rgb(44,160,44)"},{"description":"Other","count":48,"tested":1410,"color":"rgb(148,103,189)"},{"description":"White","count":502,"tested":13314,"color":"rgb(31,119,180)"}],"gender":[]}
