{"age":[{"age_group":"<20","count":22,"tested":320},{"age_group":"20-29   ","count":34,"tested":1146},{"age_group":"30-39   ","count":26,"tested":1306},{"age_group":"40-49   ","count":16,"tested":1474},{"age_group":"50-59   ","count":14,"tested":1486},{"age_group":"60-69   ","count":9,"tested":757}],"race":[{"description":"Black","count":24,"tested":906,"color":"rgb(255,127,14)"},{"description":"Hispanic","count":18,"tested":539,"color":"rgb(214,39,40)"},{"description":"Left Blank","count":46,"tested":2331,"color":"rgb(44,160,44)"},{"description":"Other","count":7,"tested":191,"color":"rgb(148,103,189)"},{"description":"White","count":26,"tested":2416,"color":"rgb(31,119,180)"}],"gender":[]}
