{"age":[{"age_group":"<20","count":331,"tested":3123},{"age_group":"20-29   ","count":256,"tested":3295},{"age_group":"30-39   ","count":263,"tested":3152},{"age_group":"40-49   ","count":272,"tested":2486},{"age_group":"50-59   ","count":217,"tested":2871},{"age_group":"60-69   ","count":148,"tested":2373},{"age_group":"70-79   ","count":49,"tested":1047},{"age_group":"80+","count":23,"tested":484}],"race":[{"description":"Asian","count":44,"tested":562,"color":"rgb(140,86,75)"},{"description":"Black","count":42,"tested":494,"color":"rgb(255,127,14)"},{"description":"Hispanic","count":485,"tested":2224,"color":"rgb(214,39,40)"},{"description":"Left Blank","count":186,"tested":6724,"color":"rgb(44,160,44)"},{"description":"Other","count":38,"tested":520,"color":"rgb(148,103,189)"},{"description":"White","count":760,"tested":8258,"color":"rgb(31,119,180)"}],"gender":[]}
