{"age":[{"age_group":"<20","count":1464,"tested":11634},{"age_group":"20-29   ","count":1794,"tested":17218},{"age_group":"30-39   ","count":1689,"tested":17265},{"age_group":"40-49   ","count":1672,"tested":15143},{"age_group":"50-59   ","count":1307,"tested":13624},{"age_group":"60-69   ","count":739,"tested":10503},{"age_group":"70-79   ","count":361,"tested":6210},{"age_group":"80+","count":169,"tested":3095}],"race":[{"description":"Asian","count":90,"tested":1253,"color":"rgb(140,86,75)"},{"description":"Black","count":458,"tested":4952,"color":"rgb(255,127,14)"},{"description":"Hispanic","count":4411,"tested":26055,"color":"rgb(214,39,40)"},{"description":"Left Blank","count":2106,"tested":35521,"color":"rgb(44,160,44)"},{"description":"Other","count":664,"tested":6663,"color":"rgb(148,103,189)"},{"description":"White","count":1458,"tested":20135,"color":"rgb(31,119,180)"}],"gender":[]}
