{"age":[{"age_group":"<20","count":307,"tested":3166},{"age_group":"20-29   ","count":395,"tested":5178},{"age_group":"30-39   ","count":354,"tested":4812},{"age_group":"40-49   ","count":433,"tested":6259},{"age_group":"50-59   ","count":354,"tested":6126},{"age_group":"60-69   ","count":218,"tested":4743},{"age_group":"70-79   ","count":130,"tested":2772},{"age_group":"80+","count":92,"tested":1702}],"race":[{"description":"Asian","count":11,"tested":198,"color":"rgb(140,86,75)"},{"description":"Black","count":1279,"tested":16358,"color":"rgb(255,127,14)"},{"description":"Hispanic","count":97,"tested":758,"color":"rgb(214,39,40)"},{"description":"Left Blank","count":661,"tested":13491,"color":"rgb(44,160,44)"},{"description":"Other","count":45,"tested":732,"color":"rgb(148,103,189)"},{"description":"White","count":185,"tested":3117,"color":"rgb(31,119,180)"}],"gender":[]}
