{"age":[{"age_group":"<20","count":8,"tested":103},{"age_group":"40-49   ","count":6,"tested":329},{"age_group":"50-59   ","count":13,"tested":744},{"age_group":"60-69   ","count":7,"tested":1048}],"race":[{"description":"Black","count":15,"tested":311,"color":"rgb(255,127,14)"},{"description":"Hispanic","count":13,"tested":171,"color":"rgb(214,39,40)"},{"description":"Left Blank","count":10,"tested":2475,"color":"rgb(44,160,44)"},{"description":"White","count":7,"tested":89,"color":"rgb(31,119,180)"}],"gender":[]}
