{"age":[{"age_group":"<20","count":513,"tested":10180},{"age_group":"20-29   ","count":510,"tested":12678},{"age_group":"30-39   ","count":351,"tested":6798},{"age_group":"40-49   ","count":302,"tested":6314},{"age_group":"50-59   ","count":421,"tested":8313},{"age_group":"60-69   ","count":286,"tested":9365},{"age_group":"70-79   ","count":120,"tested":5543},{"age_group":"80+","count":143,"tested":10995}],"race":[{"description":"Asian","count":140,"tested":1727,"color":"rgb(140,86,75)"},{"description":"Black","count":82,"tested":1474,"color":"rgb(255,127,14)"},{"description":"Hispanic","count":157,"tested":1939,"color":"rgb(214,39,40)"},{"description":"Left Blank","count":412,"tested":35236,"color":"rgb(44,160,44)"},{"description":"Other","count":81,"tested":1257,"color":"rgb(148,103,189)"},{"description":"White","count":1768,"tested":29134,"color":"rgb(31,119,180)"}],"gender":[]}
