{"age":[{"age_group":"<20","count":154,"tested":1082},{"age_group":"20-29   ","count":201,"tested":1633},{"age_group":"30-39   ","count":157,"tested":1242},{"age_group":"40-49   ","count":129,"tested":1076},{"age_group":"50-59   ","count":113,"tested":1185},{"age_group":"60-69   ","count":76,"tested":737},{"age_group":"70-79   ","count":23,"tested":383},{"age_group":"80+","count":11,"tested":183}],"race":[{"description":"Black","count":69,"tested":911,"color":"rgb(255,127,14)"},{"description":"Hispanic","count":344,"tested":1853,"color":"rgb(214,39,40)"},{"description":"Left Blank","count":312,"tested":3250,"color":"rgb(44,160,44)"},{"description":"Other","count":35,"tested":203,"color":"rgb(148,103,189)"},{"description":"White","count":100,"tested":1266,"color":"rgb(31,119,180)"}],"gender":[]}
