{"age":[{"age_group":"<20","count":48,"tested":386},{"age_group":"20-29   ","count":38,"tested":418},{"age_group":"30-39   ","count":26,"tested":355},{"age_group":"40-49   ","count":28,"tested":314},{"age_group":"50-59   ","count":34,"tested":542},{"age_group":"60-69   ","count":46,"tested":549},{"age_group":"70-79   ","count":21,"tested":339},{"age_group":"80+","count":8,"tested":157}],"race":[{"description":"Black","count":9,"tested":38,"color":"rgb(255,127,14)"},{"description":"Hispanic","count":7,"tested":60,"color":"rgb(214,39,40)"},{"description":"Left Blank","count":16,"tested":396,"color":"rgb(44,160,44)"},{"description":"White","count":213,"tested":2513,"color":"rgb(31,119,180)"}],"gender":[]}
