{"age":[{"age_group":"<20","count":342,"tested":3517},{"age_group":"20-29   ","count":323,"tested":3476},{"age_group":"30-39   ","count":170,"tested":2270},{"age_group":"40-49   ","count":259,"tested":3014},{"age_group":"50-59   ","count":310,"tested":3883},{"age_group":"60-69   ","count":158,"tested":2233},{"age_group":"70-79   ","count":88,"tested":1232},{"age_group":"80+","count":63,"tested":710}],"race":[{"description":"Black","count":83,"tested":668,"color":"rgb(255,127,14)"},{"description":"Asian","count":139,"tested":1871,"color":"rgb(140,86,75)"},{"description":"Other","count":72,"tested":667,"color":"rgb(148,103,189)"},{"description":"White","count":506,"tested":6934,"color":"rgb(31,119,180)"},{"description":"Left Blank","count":735,"tested":9694,"color":"rgb(44,160,44)"},{"description":"Hispanic","count":88,"tested":452,"color":"rgb(214,39,40)"}],"gender":[{"description":"Female","count":734,"tested":11244,"color":"rgb(255,127,14)"},{"description":"Male","count":700,"tested":8984,"color":"rgb(31,119,180)"},{"description":"Unknown/Left Blank","count":59,"tested":112,"color":"rgb(44,160,44)"}]}
