{"age":[{"age_group":"<20","count":24,"tested":237},{"age_group":"20-29   ","count":20,"tested":200},{"age_group":"30-39   ","count":33,"tested":269},{"age_group":"40-49   ","count":29,"tested":263},{"age_group":"50-59   ","count":33,"tested":335},{"age_group":"60-69   ","count":25,"tested":334},{"age_group":"70-79   ","count":25,"tested":302},{"age_group":"80+","count":48,"tested":633}],"race":[{"description":"Left Blank","count":118,"tested":1782,"color":"rgb(44,160,44)"},{"description":"White","count":114,"tested":737,"color":"rgb(31,119,180)"}],"gender":[{"description":"Female","count":145,"tested":1719,"color":"rgb(255,127,14)"},{"description":"Male","count":91,"tested":845,"color":"rgb(31,119,180)"}]}
