{"age":[{"age_group":"<20","count":29,"tested":248},{"age_group":"20-29   ","count":40,"tested":292},{"age_group":"30-39   ","count":30,"tested":326},{"age_group":"40-49   ","count":28,"tested":243},{"age_group":"50-59   ","count":41,"tested":343},{"age_group":"60-69   ","count":36,"tested":286},{"age_group":"70-79   ","count":20,"tested":218}],"race":[{"description":"Hispanic","count":29,"tested":83,"color":"rgb(214,39,40)"},{"description":"White","count":87,"tested":1443,"color":"rgb(31,119,180)"},{"description":"Left Blank","count":54,"tested":839,"color":"rgb(44,160,44)"}],"gender":[{"description":"Male","count":71,"tested":997,"color":"rgb(31,119,180)"},{"description":"Female","count":89,"tested":1403,"color":"rgb(255,127,14)"}]}
