{"age":[{"age_group":"<20","count":566,"tested":4000},{"age_group":"20-29   ","count":810,"tested":6595},{"age_group":"30-39   ","count":587,"tested":4897},{"age_group":"40-49   ","count":664,"tested":5019},{"age_group":"50-59   ","count":530,"tested":4925},{"age_group":"60-69   ","count":351,"tested":4061},{"age_group":"70-79   ","count":201,"tested":2269},{"age_group":"80+","count":178,"tested":2135}],"race":[{"description":"Hispanic","count":1635,"tested":7391,"color":"rgb(214,39,40)"},{"description":"White","count":664,"tested":8960,"color":"rgb(31,119,180)"},{"description":"Left Blank","count":918,"tested":12750,"color":"rgb(44,160,44)"},{"description":"Other","count":151,"tested":1489,"color":"rgb(148,103,189)"},{"description":"Asian","count":116,"tested":389,"color":"rgb(140,86,75)"},{"description":"Black","count":292,"tested":2911,"color":"rgb(255,127,14)"}],"gender":[{"description":"Male","count":1724,"tested":14732,"color":"rgb(31,119,180)"},{"description":"Female","count":1827,"tested":18473,"color":"rgb(255,127,14)"},{"description":"Unknown/Left Blank","count":66,"tested":710,"color":"rgb(44,160,44)"}]}
