{"age":[{"age_group":"<20","count":48,"tested":590},{"age_group":"20-29   ","count":32,"tested":372},{"age_group":"30-39   ","count":62,"tested":422},{"age_group":"40-49   ","count":55,"tested":412},{"age_group":"50-59   ","count":59,"tested":592},{"age_group":"60-69   ","count":33,"tested":412},{"age_group":"70-79   ","count":15,"tested":257},{"age_group":"80+","count":15,"tested":202}],"race":[{"description":"Left Blank","count":82,"tested":977,"color":"rgb(44,160,44)"},{"description":"White","count":214,"tested":2120,"color":"rgb(31,119,180)"},{"description":"Hispanic","count":12,"tested":91,"color":"rgb(214,39,40)"}],"gender":[{"description":"Male","count":147,"tested":1398,"color":"rgb(31,119,180)"},{"description":"Female","count":165,"tested":1787,"color":"rgb(255,127,14)"}]}
