{"age":[{"age_group":"<20","count":176,"tested":3001},{"age_group":"20-29   ","count":289,"tested":7909},{"age_group":"30-39   ","count":156,"tested":4205},{"age_group":"40-49   ","count":150,"tested":3317},{"age_group":"50-59   ","count":154,"tested":4192},{"age_group":"60-69   ","count":127,"tested":3792},{"age_group":"70-79   ","count":91,"tested":2570},{"age_group":"80+","count":114,"tested":5033}],"race":[{"description":"Hispanic","count":160,"tested":883,"color":"rgb(214,39,40)"},{"description":"Left Blank","count":196,"tested":15391,"color":"rgb(44,160,44)"},{"description":"White","count":462,"tested":12022,"color":"rgb(31,119,180)"},{"description":"Black","count":232,"tested":2410,"color":"rgb(255,127,14)"},{"description":"Asian","count":68,"tested":1610,"color":"rgb(140,86,75)"},{"description":"Other","count":95,"tested":1677,"color":"rgb(148,103,189)"}],"gender":[{"description":"Male","count":562,"tested":13945,"color":"rgb(31,119,180)"},{"description":"Female","count":573,"tested":19099,"color":"rgb(255,127,14)"}]}
