{"age":[{"age_group":"<20","count":310,"tested":2144},{"age_group":"20-29   ","count":377,"tested":3041},{"age_group":"30-39   ","count":310,"tested":2558},{"age_group":"40-49   ","count":319,"tested":2444},{"age_group":"50-59   ","count":331,"tested":2987},{"age_group":"60-69   ","count":278,"tested":2677},{"age_group":"70-79   ","count":200,"tested":1688},{"age_group":"80+","count":174,"tested":1394}],"race":[{"description":"Hispanic","count":527,"tested":1967,"color":"rgb(214,39,40)"},{"description":"Left Blank","count":372,"tested":7486,"color":"rgb(44,160,44)"},{"description":"Asian","count":123,"tested":289,"color":"rgb(140,86,75)"},{"description":"White","count":811,"tested":8533,"color":"rgb(31,119,180)"},{"description":"Black","count":135,"tested":336,"color":"rgb(255,127,14)"},{"description":"Other","count":130,"tested":286,"color":"rgb(148,103,189)"}],"gender":[{"description":"Female","count":889,"tested":10786,"color":"rgb(255,127,14)"},{"description":"Male","count":813,"tested":7867,"color":"rgb(31,119,180)"},{"description":"Unknown/Left Blank","count":107,"tested":281,"color":"rgb(44,160,44)"}]}
