{"age":[{"age_group":"<20","count":54,"tested":974},{"age_group":"20-29   ","count":52,"tested":764},{"age_group":"30-39   ","count":26,"tested":517},{"age_group":"40-49   ","count":34,"tested":644},{"age_group":"50-59   ","count":52,"tested":861},{"age_group":"60-69   ","count":34,"tested":679},{"age_group":"70-79   ","count":23,"tested":389},{"age_group":"80+","count":21,"tested":160}],"race":[{"description":"Other","count":38,"tested":384,"color":"rgb(148,103,189)"},{"description":"Left Blank","count":59,"tested":1955,"color":"rgb(44,160,44)"},{"description":"Hispanic","count":25,"tested":70,"color":"rgb(214,39,40)"},{"description":"White","count":111,"tested":2481,"color":"rgb(31,119,180)"}],"gender":[{"description":"Female","count":100,"tested":2529,"color":"rgb(255,127,14)"},{"description":"Male","count":105,"tested":2436,"color":"rgb(31,119,180)"}]}
