{"age":[{"age_group":"<20","count":79,"tested":1888},{"age_group":"20-29   ","count":73,"tested":1398},{"age_group":"30-39   ","count":82,"tested":1892},{"age_group":"40-49   ","count":70,"tested":2158},{"age_group":"50-59   ","count":74,"tested":1812},{"age_group":"60-69   ","count":52,"tested":1132},{"age_group":"70-79   ","count":32,"tested":674},{"age_group":"80+","count":11,"tested":200}],"race":[{"description":"Black","count":116,"tested":1224,"color":"rgb(255,127,14)"},{"description":"Hispanic","count":55,"tested":495,"color":"rgb(214,39,40)"},{"description":"White","count":178,"tested":5022,"color":"rgb(31,119,180)"},{"description":"Asian","count":13,"tested":263,"color":"rgb(140,86,75)"},{"description":"Other","count":24,"tested":549,"color":"rgb(148,103,189)"},{"description":"Left Blank","count":77,"tested":3585,"color":"rgb(44,160,44)"}],"gender":[{"description":"Male","count":220,"tested":4853,"color":"rgb(31,119,180)"},{"description":"Female","count":228,"tested":6108,"color":"rgb(255,127,14)"}]}
