{"age":[{"age_group":"<20","count":57,"tested":366},{"age_group":"20-29   ","count":67,"tested":417},{"age_group":"30-39   ","count":44,"tested":378},{"age_group":"40-49   ","count":54,"tested":351},{"age_group":"50-59   ","count":82,"tested":553},{"age_group":"60-69   ","count":54,"tested":423},{"age_group":"70-79   ","count":27,"tested":240},{"age_group":"80+","count":22,"tested":106}],"race":[{"description":"Hispanic","count":34,"tested":72,"color":"rgb(214,39,40)"},{"description":"White","count":179,"tested":1745,"color":"rgb(31,119,180)"},{"description":"Left Blank","count":118,"tested":898,"color":"rgb(44,160,44)"}],"gender":[{"description":"Female","count":169,"tested":1569,"color":"rgb(255,127,14)"},{"description":"Male","count":151,"tested":1252,"color":"rgb(31,119,180)"}]}
