{"age":[{"age_group":"<20","count":18,"tested":110},{"age_group":"20-29   ","count":22,"tested":141},{"age_group":"30-39   ","count":22,"tested":147},{"age_group":"50-59   ","count":26,"tested":124},{"age_group":"60-69   ","count":19,"tested":131},{"age_group":"70-79   ","count":15,"tested":112},{"age_group":"80+","count":15,"tested":108}],"race":[{"description":"White","count":69,"tested":724,"color":"rgb(31,119,180)"},{"description":"Left Blank","count":18,"tested":163,"color":"rgb(44,160,44)"}],"gender":[{"description":"Male","count":50,"tested":381,"color":"rgb(31,119,180)"},{"description":"Female","count":47,"tested":551,"color":"rgb(255,127,14)"}]}
