{"age":[{"age_group":"<20","count":95,"tested":1091},{"age_group":"20-29   ","count":106,"tested":1225},{"age_group":"30-39   ","count":93,"tested":1223},{"age_group":"40-49   ","count":140,"tested":1509},{"age_group":"50-59   ","count":85,"tested":1098},{"age_group":"60-69   ","count":38,"tested":514},{"age_group":"70-79   ","count":20,"tested":243}],"race":[{"description":"White","count":138,"tested":2021,"color":"rgb(31,119,180)"},{"description":"Asian","count":49,"tested":533,"color":"rgb(140,86,75)"},{"description":"Hispanic","count":86,"tested":548,"color":"rgb(214,39,40)"},{"description":"Black","count":56,"tested":489,"color":"rgb(255,127,14)"},{"description":"Other","count":34,"tested":284,"color":"rgb(148,103,189)"},{"description":"Left Blank","count":206,"tested":3088,"color":"rgb(44,160,44)"}],"gender":[{"description":"Male","count":243,"tested":3052,"color":"rgb(31,119,180)"},{"description":"Female","count":283,"tested":3906,"color":"rgb(255,127,14)"}]}
