{"age":[{"age_group":"<20","count":71,"tested":605},{"age_group":"20-29   ","count":72,"tested":591},{"age_group":"30-39   ","count":61,"tested":524},{"age_group":"40-49   ","count":71,"tested":496},{"age_group":"50-59   ","count":64,"tested":602},{"age_group":"60-69   ","count":49,"tested":415},{"age_group":"70-79   ","count":19,"tested":269},{"age_group":"80+","count":14,"tested":154}],"race":[{"description":"Hispanic","count":67,"tested":200,"color":"rgb(214,39,40)"},{"description":"White","count":201,"tested":1645,"color":"rgb(31,119,180)"},{"description":"Left Blank","count":123,"tested":1746,"color":"rgb(44,160,44)"}],"gender":[{"description":"Male","count":194,"tested":1521,"color":"rgb(31,119,180)"},{"description":"Female","count":197,"tested":2119,"color":"rgb(255,127,14)"}]}
