{"age":[{"age_group":"<20","count":198,"tested":2329},{"age_group":"20-29   ","count":197,"tested":1583},{"age_group":"30-39   ","count":163,"tested":1643},{"age_group":"40-49   ","count":185,"tested":1647},{"age_group":"50-59   ","count":219,"tested":1566},{"age_group":"60-69   ","count":133,"tested":1208},{"age_group":"70-79   ","count":68,"tested":747},{"age_group":"80+","count":33,"tested":604}],"race":[{"description":"Asian","count":22,"tested":99,"color":"rgb(140,86,75)"},{"description":"Left Blank","count":269,"tested":4098,"color":"rgb(44,160,44)"},{"description":"White","count":709,"tested":6391,"color":"rgb(31,119,180)"},{"description":"Black","count":33,"tested":186,"color":"rgb(255,127,14)"},{"description":"Other","count":36,"tested":172,"color":"rgb(148,103,189)"},{"description":"Hispanic","count":100,"tested":371,"color":"rgb(214,39,40)"}],"gender":[{"description":"Male","count":528,"tested":4877,"color":"rgb(31,119,180)"},{"description":"Female","count":587,"tested":6350,"color":"rgb(255,127,14)"}]}
