{"age":[{"age_group":"<20","count":141,"tested":1300},{"age_group":"20-29   ","count":210,"tested":2752},{"age_group":"30-39   ","count":196,"tested":2781},{"age_group":"40-49   ","count":207,"tested":2593},{"age_group":"50-59   ","count":198,"tested":3114},{"age_group":"60-69   ","count":220,"tested":2868},{"age_group":"70-79   ","count":156,"tested":2000},{"age_group":"80+","count":126,"tested":1742}],"race":[{"description":"Hispanic","count":162,"tested":607,"color":"rgb(214,39,40)"},{"description":"Left Blank","count":457,"tested":12391,"color":"rgb(44,160,44)"},{"description":"White","count":535,"tested":4786,"color":"rgb(31,119,180)"},{"description":"Asian","count":121,"tested":688,"color":"rgb(140,86,75)"},{"description":"Black","count":57,"tested":372,"color":"rgb(255,127,14)"},{"description":"Other","count":61,"tested":287,"color":"rgb(148,103,189)"}],"gender":[{"description":"Female","count":650,"tested":10608,"color":"rgb(255,127,14)"},{"description":"Male","count":621,"tested":7893,"color":"rgb(31,119,180)"},{"description":"Unknown/Left Blank","count":48,"tested":656,"color":"rgb(44,160,44)"}]}
