{"age":[{"age_group":"<20","count":163,"tested":1969},{"age_group":"20-29   ","count":285,"tested":3881},{"age_group":"30-39   ","count":296,"tested":4319},{"age_group":"40-49   ","count":260,"tested":4237},{"age_group":"50-59   ","count":273,"tested":5020},{"age_group":"60-69   ","count":251,"tested":4681},{"age_group":"70-79   ","count":171,"tested":2566},{"age_group":"80+","count":146,"tested":1612}],"race":[{"description":"Other","count":37,"tested":296,"color":"rgb(148,103,189)"},{"description":"White","count":35,"tested":550,"color":"rgb(31,119,180)"},{"description":"Black","count":1361,"tested":15114,"color":"rgb(255,127,14)"},{"description":"Left Blank","count":335,"tested":11863,"color":"rgb(44,160,44)"},{"description":"Hispanic","count":52,"tested":338,"color":"rgb(214,39,40)"}],"gender":[{"description":"Male","count":769,"tested":11365,"color":"rgb(31,119,180)"},{"description":"Female","count":1009,"tested":15695,"color":"rgb(255,127,14)"},{"description":"Unknown/Left Blank","count":37,"tested":1237,"color":"rgb(44,160,44)"}]}
