{"age":[{"age_group":"<20","count":97,"tested":627},{"age_group":"20-29   ","count":94,"tested":752},{"age_group":"30-39   ","count":88,"tested":579},{"age_group":"40-49   ","count":98,"tested":722},{"age_group":"50-59   ","count":116,"tested":841},{"age_group":"60-69   ","count":82,"tested":735},{"age_group":"70-79   ","count":80,"tested":578},{"age_group":"80+","count":103,"tested":1081}],"race":[{"description":"White","count":289,"tested":2314,"color":"rgb(31,119,180)"},{"description":"Left Blank","count":138,"tested":3369,"color":"rgb(44,160,44)"},{"description":"Hispanic","count":69,"tested":77,"color":"rgb(214,39,40)"},{"description":"Other","count":59,"tested":76,"color":"rgb(148,103,189)"}],"gender":[{"description":"Female","count":240,"tested":3496,"color":"rgb(255,127,14)"},{"description":"Male","count":222,"tested":2264,"color":"rgb(31,119,180)"}]}
