{"age":[{"age_group":"<20","count":84,"tested":1152},{"age_group":"20-29   ","count":68,"tested":1156},{"age_group":"30-39   ","count":55,"tested":1209},{"age_group":"40-49   ","count":79,"tested":1398},{"age_group":"50-59   ","count":80,"tested":1634},{"age_group":"60-69   ","count":55,"tested":1563},{"age_group":"70-79   ","count":48,"tested":1104},{"age_group":"80+","count":87,"tested":1783}],"race":[{"description":"Other","count":64,"tested":571,"color":"rgb(148,103,189)"},{"description":"Asian","count":50,"tested":725,"color":"rgb(140,86,75)"},{"description":"Black","count":15,"tested":153,"color":"rgb(255,127,14)"},{"description":"Hispanic","count":34,"tested":289,"color":"rgb(214,39,40)"},{"description":"White","count":247,"tested":4044,"color":"rgb(31,119,180)"},{"description":"Left Blank","count":137,"tested":5175,"color":"rgb(44,160,44)"}],"gender":[{"description":"Female","count":280,"tested":5082,"color":"rgb(255,127,14)"},{"description":"Male","count":237,"tested":3688,"color":"rgb(31,119,180)"},{"description":"Unknown/Left Blank","count":19,"tested":2246,"color":"rgb(44,160,44)"}]}
