{"age":[{"age_group":"<20","count":205,"tested":2083},{"age_group":"20-29   ","count":274,"tested":2384},{"age_group":"30-39   ","count":218,"tested":2032},{"age_group":"40-49   ","count":219,"tested":1864},{"age_group":"50-59   ","count":219,"tested":2143},{"age_group":"60-69   ","count":157,"tested":1497},{"age_group":"70-79   ","count":102,"tested":902},{"age_group":"80+","count":59,"tested":585}],"race":[{"description":"Black","count":66,"tested":315,"color":"rgb(255,127,14)"},{"description":"Asian","count":43,"tested":208,"color":"rgb(140,86,75)"},{"description":"Other","count":42,"tested":171,"color":"rgb(148,103,189)"},{"description":"White","count":842,"tested":7193,"color":"rgb(31,119,180)"},{"description":"Left Blank","count":311,"tested":4968,"color":"rgb(44,160,44)"},{"description":"Hispanic","count":110,"tested":626,"color":"rgb(214,39,40)"}],"gender":[{"description":"Female","count":695,"tested":7707,"color":"rgb(255,127,14)"},{"description":"Male","count":639,"tested":5602,"color":"rgb(31,119,180)"}]}
