{"age":[{"age_group":"<20","count":39,"tested":201},{"age_group":"20-29   ","count":37,"tested":229},{"age_group":"30-39   ","count":27,"tested":194},{"age_group":"40-49   ","count":38,"tested":194},{"age_group":"50-59   ","count":40,"tested":271},{"age_group":"60-69   ","count":29,"tested":215},{"age_group":"70-79   ","count":22,"tested":147}],"race":[{"description":"Left Blank","count":36,"tested":244,"color":"rgb(44,160,44)"},{"description":"White","count":120,"tested":1167,"color":"rgb(31,119,180)"},{"description":"Hispanic","count":20,"tested":33,"color":"rgb(214,39,40)"},{"description":"Black","count":19,"tested":51,"color":"rgb(255,127,14)"}],"gender":[{"description":"Female","count":97,"tested":942,"color":"rgb(255,127,14)"},{"description":"Male","count":78,"tested":585,"color":"rgb(31,119,180)"}]}
