{"age":[{"age_group":"<20","count":178,"tested":1233},{"age_group":"20-29   ","count":273,"tested":2235},{"age_group":"30-39   ","count":283,"tested":2086},{"age_group":"40-49   ","count":251,"tested":1988},{"age_group":"50-59   ","count":194,"tested":1805},{"age_group":"60-69   ","count":111,"tested":1495},{"age_group":"70-79   ","count":72,"tested":946},{"age_group":"80+","count":34,"tested":508}],"race":[{"description":"Hispanic","count":363,"tested":1634,"color":"rgb(214,39,40)"},{"description":"Left Blank","count":290,"tested":3753,"color":"rgb(44,160,44)"},{"description":"White","count":103,"tested":750,"color":"rgb(31,119,180)"},{"description":"Other","count":67,"tested":655,"color":"rgb(148,103,189)"},{"description":"Black","count":549,"tested":5444,"color":"rgb(255,127,14)"}],"gender":[{"description":"Female","count":740,"tested":6996,"color":"rgb(255,127,14)"},{"description":"Male","count":599,"tested":5128,"color":"rgb(31,119,180)"},{"description":"Unknown/Left Blank","count":22,"tested":178,"color":"rgb(44,160,44)"}]}
