{"age":[{"age_group":"<20","count":475,"tested":8809},{"age_group":"20-29   ","count":486,"tested":11713},{"age_group":"30-39   ","count":330,"tested":5943},{"age_group":"40-49   ","count":286,"tested":5644},{"age_group":"50-59   ","count":388,"tested":7380},{"age_group":"60-69   ","count":265,"tested":8528},{"age_group":"70-79   ","count":112,"tested":5098},{"age_group":"80+","count":135,"tested":9571}],"race":[{"description":"White","count":1631,"tested":24825,"color":"rgb(31,119,180)"},{"description":"Hispanic","count":144,"tested":1623,"color":"rgb(214,39,40)"},{"description":"Asian","count":132,"tested":1412,"color":"rgb(140,86,75)"},{"description":"Black","count":80,"tested":1288,"color":"rgb(255,127,14)"},{"description":"Other","count":82,"tested":1098,"color":"rgb(148,103,189)"},{"description":"Left Blank","count":403,"tested":32873,"color":"rgb(44,160,44)"}],"gender":[{"description":"Female","count":1222,"tested":35001,"color":"rgb(255,127,14)"},{"description":"Male","count":1241,"tested":27307,"color":"rgb(31,119,180)"},{"description":"Unknown/Left Blank","count":14,"tested":886,"color":"rgb(44,160,44)"}]}
