{"age":[{"age_group":"<20","count":166,"tested":1321},{"age_group":"20-29   ","count":137,"tested":1286},{"age_group":"30-39   ","count":118,"tested":1186},{"age_group":"40-49   ","count":130,"tested":1015},{"age_group":"50-59   ","count":121,"tested":1232},{"age_group":"60-69   ","count":85,"tested":815},{"age_group":"70-79   ","count":29,"tested":489},{"age_group":"80+","count":14,"tested":259}],"race":[{"description":"Black","count":7,"tested":62,"color":"rgb(255,127,14)"},{"description":"Hispanic","count":114,"tested":465,"color":"rgb(214,39,40)"},{"description":"Left Blank","count":219,"tested":3072,"color":"rgb(44,160,44)"},{"description":"Other","count":6,"tested":79,"color":"rgb(148,103,189)"},{"description":"White","count":452,"tested":3895,"color":"rgb(31,119,180)"}],"gender":[{"description":"Male","count":388,"tested":3048,"color":"rgb(31,119,180)"},{"description":"Female","count":413,"tested":4517,"color":"rgb(255,127,14)"}]}
