{"age":[{"age_group":"<20","count":66,"tested":584},{"age_group":"20-29   ","count":55,"tested":544},{"age_group":"30-39   ","count":53,"tested":627},{"age_group":"40-49   ","count":58,"tested":471},{"age_group":"50-59   ","count":47,"tested":770},{"age_group":"60-69   ","count":44,"tested":577},{"age_group":"70-79   ","count":19,"tested":210},{"age_group":"80+","count":10,"tested":137}],"race":[{"description":"Left Blank","count":76,"tested":1395,"color":"rgb(44,160,44)"},{"description":"White","count":249,"tested":2222,"color":"rgb(31,119,180)"},{"description":"Hispanic","count":16,"tested":186,"color":"rgb(214,39,40)"}],"gender":[{"description":"Male","count":165,"tested":1583,"color":"rgb(31,119,180)"},{"description":"Female","count":186,"tested":2268,"color":"rgb(255,127,14)"}]}
