{"age":[{"age_group":"<20","count":263,"tested":3085},{"age_group":"20-29   ","count":324,"tested":4126},{"age_group":"30-39   ","count":273,"tested":3594},{"age_group":"40-49   ","count":279,"tested":3542},{"age_group":"50-59   ","count":298,"tested":4318},{"age_group":"60-69   ","count":179,"tested":3267},{"age_group":"70-79   ","count":91,"tested":2249},{"age_group":"80+","count":78,"tested":2012}],"race":[{"description":"White","count":790,"tested":11669,"color":"rgb(31,119,180)"},{"description":"Left Blank","count":386,"tested":8608,"color":"rgb(44,160,44)"},{"description":"Hispanic","count":407,"tested":3071,"color":"rgb(214,39,40)"},{"description":"Other","count":58,"tested":707,"color":"rgb(148,103,189)"},{"description":"Black","count":89,"tested":1522,"color":"rgb(255,127,14)"},{"description":"Asian","count":57,"tested":718,"color":"rgb(140,86,75)"}],"gender":[{"description":"Male","count":867,"tested":10828,"color":"rgb(31,119,180)"},{"description":"Female","count":908,"tested":15123,"color":"rgb(255,127,14)"}]}
