{"age":[{"age_group":"<20","count":207,"tested":1533},{"age_group":"20-29   ","count":270,"tested":2946},{"age_group":"30-39   ","count":240,"tested":2697},{"age_group":"40-49   ","count":214,"tested":2366},{"age_group":"50-59   ","count":199,"tested":2637},{"age_group":"60-69   ","count":158,"tested":2197},{"age_group":"70-79   ","count":64,"tested":1210},{"age_group":"80+","count":40,"tested":527}],"race":[{"description":"White","count":530,"tested":4865,"color":"rgb(31,119,180)"},{"description":"Asian","count":30,"tested":416,"color":"rgb(140,86,75)"},{"description":"Hispanic","count":168,"tested":907,"color":"rgb(214,39,40)"},{"description":"Left Blank","count":531,"tested":8754,"color":"rgb(44,160,44)"},{"description":"Other","count":91,"tested":766,"color":"rgb(148,103,189)"},{"description":"Black","count":41,"tested":385,"color":"rgb(255,127,14)"}],"gender":[{"description":"Male","count":679,"tested":6763,"color":"rgb(31,119,180)"},{"description":"Female","count":709,"tested":8685,"color":"rgb(255,127,14)"}]}
