{"age":[{"age_group":"20-29   ","count":51,"tested":1831},{"age_group":"30-39   ","count":95,"tested":2192},{"age_group":"40-49   ","count":87,"tested":2218},{"age_group":"50-59   ","count":74,"tested":1615},{"age_group":"60-69   ","count":57,"tested":920},{"age_group":"70-79   ","count":10,"tested":179}],"race":[{"description":"Black","count":209,"tested":2044,"color":"rgb(255,127,14)"},{"description":"Left Blank","count":63,"tested":6788,"color":"rgb(44,160,44)"},{"description":"White","count":56,"tested":756,"color":"rgb(31,119,180)"},{"description":"Hispanic","count":51,"tested":271,"color":"rgb(214,39,40)"}],"gender":[{"description":"Male","count":344,"tested":5488,"color":"rgb(31,119,180)"},{"description":"Unknown/Left Blank","count":9,"tested":4281,"color":"rgb(44,160,44)"},{"description":"Female","count":31,"tested":466,"color":"rgb(255,127,14)"}]}
