{"age":[{"age_group":"<20","count":15,"tested":145},{"age_group":"30-39   ","count":14,"tested":99},{"age_group":"40-49   ","count":16,"tested":118},{"age_group":"50-59   ","count":23,"tested":137},{"age_group":"60-69   ","count":11,"tested":171},{"age_group":"70-79   ","count":7,"tested":50}],"race":[{"description":"Left Blank","count":38,"tested":360,"color":"rgb(44,160,44)"},{"description":"White","count":54,"tested":492,"color":"rgb(31,119,180)"}],"gender":[{"description":"Female","count":45,"tested":615,"color":"rgb(255,127,14)"},{"description":"Male","count":48,"tested":250,"color":"rgb(31,119,180)"}]}
