{"age":[{"age_group":"<20","count":398,"tested":4000},{"age_group":"20-29   ","count":334,"tested":3310},{"age_group":"30-39   ","count":409,"tested":4685},{"age_group":"40-49   ","count":356,"tested":3811},{"age_group":"50-59   ","count":275,"tested":3333},{"age_group":"60-69   ","count":189,"tested":2457},{"age_group":"70-79   ","count":63,"tested":1299},{"age_group":"80+","count":30,"tested":512}],"race":[{"description":"Left Blank","count":541,"tested":8855,"color":"rgb(44,160,44)"},{"description":"Other","count":38,"tested":391,"color":"rgb(148,103,189)"},{"description":"Black","count":56,"tested":602,"color":"rgb(255,127,14)"},{"description":"Hispanic","count":318,"tested":1953,"color":"rgb(214,39,40)"},{"description":"White","count":1021,"tested":10589,"color":"rgb(31,119,180)"},{"description":"Asian","count":76,"tested":966,"color":"rgb(140,86,75)"}],"gender":[{"description":"Female","count":1045,"tested":13063,"color":"rgb(255,127,14)"},{"description":"Male","count":996,"tested":10071,"color":"rgb(31,119,180)"}]}
