{"age":[{"age_group":"<20","count":381,"tested":4600},{"age_group":"20-29   ","count":441,"tested":7759},{"age_group":"30-39   ","count":621,"tested":10082},{"age_group":"40-49   ","count":456,"tested":8991},{"age_group":"50-59   ","count":370,"tested":8665},{"age_group":"60-69   ","count":289,"tested":8440},{"age_group":"70-79   ","count":148,"tested":4715},{"age_group":"80+","count":87,"tested":2655}],"race":[{"description":"Left Blank","count":591,"tested":21335,"color":"rgb(44,160,44)"},{"description":"Other","count":52,"tested":1064,"color":"rgb(148,103,189)"},{"description":"White","count":83,"tested":2023,"color":"rgb(31,119,180)"},{"description":"Black","count":1960,"tested":29933,"color":"rgb(255,127,14)"},{"description":"Hispanic","count":84,"tested":1082,"color":"rgb(214,39,40)"},{"description":"Asian","count":20,"tested":369,"color":"rgb(140,86,75)"}],"gender":[{"description":"Male","count":1166,"tested":22626,"color":"rgb(31,119,180)"},{"description":"Unknown/Left Blank","count":23,"tested":1706,"color":"rgb(44,160,44)"},{"description":"Female","count":1604,"tested":31604,"color":"rgb(255,127,14)"}]}
