{"age":[{"age_group":"<20","count":20,"tested":183},{"age_group":"20-29   ","count":19,"tested":146},{"age_group":"30-39   ","count":16,"tested":138},{"age_group":"40-49   ","count":25,"tested":159},{"age_group":"50-59   ","count":25,"tested":199},{"age_group":"60-69   ","count":19,"tested":234},{"age_group":"70-79   ","count":11,"tested":102}],"race":[{"description":"White","count":107,"tested":960,"color":"rgb(31,119,180)"},{"description":"Left Blank","count":25,"tested":185,"color":"rgb(44,160,44)"}],"gender":[{"description":"Female","count":72,"tested":666,"color":"rgb(255,127,14)"},{"description":"Male","count":68,"tested":520,"color":"rgb(31,119,180)"}]}
