{"age":[{"age_group":"<20","count":481,"tested":4519},{"age_group":"20-29   ","count":664,"tested":6187},{"age_group":"30-39   ","count":449,"tested":5213},{"age_group":"40-49   ","count":524,"tested":5700},{"age_group":"50-59   ","count":500,"tested":6814},{"age_group":"60-69   ","count":302,"tested":5211},{"age_group":"70-79   ","count":160,"tested":3362},{"age_group":"80+","count":136,"tested":3561}],"race":[{"description":"Left Blank","count":869,"tested":21144,"color":"rgb(44,160,44)"},{"description":"White","count":650,"tested":7692,"color":"rgb(31,119,180)"},{"description":"Asian","count":46,"tested":586,"color":"rgb(140,86,75)"},{"description":"Other","count":125,"tested":1525,"color":"rgb(148,103,189)"},{"description":"Hispanic","count":1458,"tested":8686,"color":"rgb(214,39,40)"},{"description":"Black","count":62,"tested":913,"color":"rgb(255,127,14)"}],"gender":[{"description":"Female","count":1652,"tested":24369,"color":"rgb(255,127,14)"},{"description":"Male","count":1539,"tested":15976,"color":"rgb(31,119,180)"},{"description":"Unknown/Left Blank","count":25,"tested":245,"color":"rgb(44,160,44)"}]}
