{"age":[{"age_group":"<20","count":101,"tested":2246},{"age_group":"20-29   ","count":93,"tested":3608},{"age_group":"30-39   ","count":53,"tested":2188},{"age_group":"40-49   ","count":77,"tested":3108},{"age_group":"50-59   ","count":101,"tested":3519},{"age_group":"60-69   ","count":64,"tested":2939},{"age_group":"70-79   ","count":57,"tested":2636},{"age_group":"80+","count":105,"tested":7078}],"race":[{"description":"Other","count":40,"tested":601,"color":"rgb(148,103,189)"},{"description":"Left Blank","count":169,"tested":15852,"color":"rgb(44,160,44)"},{"description":"White","count":377,"tested":7630,"color":"rgb(31,119,180)"},{"description":"Asian","count":30,"tested":1496,"color":"rgb(140,86,75)"},{"description":"Hispanic","count":27,"tested":1149,"color":"rgb(214,39,40)"},{"description":"Black","count":6,"tested":583,"color":"rgb(255,127,14)"}],"gender":[{"description":"Unknown/Left Blank","count":9,"tested":1188,"color":"rgb(44,160,44)"},{"description":"Male","count":302,"tested":9562,"color":"rgb(31,119,180)"},{"description":"Female","count":341,"tested":16630,"color":"rgb(255,127,14)"}]}
