{"age":[{"age_group":"<20","count":331,"tested":8505},{"age_group":"20-29   ","count":613,"tested":38015},{"age_group":"30-39   ","count":517,"tested":13912},{"age_group":"40-49   ","count":348,"tested":8382},{"age_group":"50-59   ","count":298,"tested":8526},{"age_group":"60-69   ","count":174,"tested":6560},{"age_group":"70-79   ","count":104,"tested":3542},{"age_group":"80+","count":82,"tested":1863}],"race":[{"description":"Asian","count":58,"tested":7243,"color":"rgb(140,86,75)"},{"description":"White","count":290,"tested":28473,"color":"rgb(31,119,180)"},{"description":"Black","count":1362,"tested":23969,"color":"rgb(255,127,14)"},{"description":"Other","count":56,"tested":1445,"color":"rgb(148,103,189)"},{"description":"Hispanic","count":91,"tested":4761,"color":"rgb(214,39,40)"},{"description":"Left Blank","count":605,"tested":23109,"color":"rgb(44,160,44)"}],"gender":[{"description":"Male","count":1085,"tested":37285,"color":"rgb(31,119,180)"},{"description":"Unknown/Left Blank","count":24,"tested":1324,"color":"rgb(44,160,44)"},{"description":"Female","count":1358,"tested":50709,"color":"rgb(255,127,14)"}]}
