{"age":[{"age_group":"<20","count":433,"tested":6292},{"age_group":"20-29   ","count":432,"tested":5779},{"age_group":"30-39   ","count":415,"tested":5855},{"age_group":"40-49   ","count":374,"tested":5010},{"age_group":"50-59   ","count":398,"tested":6432},{"age_group":"60-69   ","count":280,"tested":5248},{"age_group":"70-79   ","count":130,"tested":3656},{"age_group":"80+","count":158,"tested":6759}],"race":[{"description":"Hispanic","count":306,"tested":2321,"color":"rgb(214,39,40)"},{"description":"Left Blank","count":550,"tested":17330,"color":"rgb(44,160,44)"},{"description":"Other","count":102,"tested":1021,"color":"rgb(148,103,189)"},{"description":"White","count":1461,"tested":21216,"color":"rgb(31,119,180)"},{"description":"Asian","count":134,"tested":2383,"color":"rgb(140,86,75)"},{"description":"Black","count":66,"tested":710,"color":"rgb(255,127,14)"}],"gender":[{"description":"Unknown/Left Blank","count":29,"tested":1628,"color":"rgb(44,160,44)"},{"description":"Male","count":1264,"tested":18648,"color":"rgb(31,119,180)"},{"description":"Female","count":1327,"tested":24763,"color":"rgb(255,127,14)"}]}
