{"age":[{"age_group":"<20","count":425,"tested":4089},{"age_group":"20-29   ","count":515,"tested":4800},{"age_group":"30-39   ","count":462,"tested":4806},{"age_group":"40-49   ","count":464,"tested":4858},{"age_group":"50-59   ","count":453,"tested":5209},{"age_group":"60-69   ","count":378,"tested":4705},{"age_group":"70-79   ","count":206,"tested":2786},{"age_group":"80+","count":230,"tested":5930}],"race":[{"description":"Other","count":115,"tested":1255,"color":"rgb(148,103,189)"},{"description":"NH/PI*","count":7,"tested":161,"color":"rgb(127,127,127)"},{"description":"Black","count":28,"tested":239,"color":"rgb(255,127,14)"},{"description":"Asian","count":127,"tested":2023,"color":"rgb(140,86,75)"},{"description":"Hispanic","count":477,"tested":3282,"color":"rgb(214,39,40)"},{"description":"Left Blank","count":533,"tested":12178,"color":"rgb(44,160,44)"},{"description":"White","count":1845,"tested":18032,"color":"rgb(31,119,180)"}],"gender":[{"description":"Female","count":1596,"tested":22180,"color":"rgb(255,127,14)"},{"description":"Male","count":1517,"tested":14536,"color":"rgb(31,119,180)"},{"description":"Unknown/Left Blank","count":22,"tested":480,"color":"rgb(44,160,44)"}]}
