{"age":[{"age_group":"<20","count":672,"tested":6273},{"age_group":"20-29   ","count":957,"tested":11060},{"age_group":"30-39   ","count":838,"tested":9654},{"age_group":"40-49   ","count":722,"tested":7716},{"age_group":"50-59   ","count":819,"tested":9055},{"age_group":"60-69   ","count":455,"tested":6146},{"age_group":"70-79   ","count":205,"tested":3117},{"age_group":"80+","count":141,"tested":2566}],"race":[{"description":"Other","count":130,"tested":1233,"color":"rgb(148,103,189)"},{"description":"AI/AN**","count":19,"tested":108,"color":"rgb(31,119,180)"},{"description":"NH/PI*","count":18,"tested":90,"color":"rgb(127,127,127)"},{"description":"Black","count":189,"tested":1517,"color":"rgb(255,127,14)"},{"description":"Asian","count":342,"tested":4024,"color":"rgb(140,86,75)"},{"description":"Left Blank","count":1654,"tested":33872,"color":"rgb(44,160,44)"},{"description":"White","count":1033,"tested":8223,"color":"rgb(31,119,180)"},{"description":"Hispanic","count":1424,"tested":6539,"color":"rgb(214,39,40)"}],"gender":[{"description":"Female","count":2469,"tested":31746,"color":"rgb(255,127,14)"},{"description":"Male","count":2305,"tested":22642,"color":"rgb(31,119,180)"},{"description":"Unknown/Left Blank","count":35,"tested":1218,"color":"rgb(44,160,44)"}]}
