{"age":[{"age_group":"<20","count":45,"tested":645},{"age_group":"20-29   ","count":50,"tested":544},{"age_group":"30-39   ","count":34,"tested":351},{"age_group":"40-49   ","count":43,"tested":293},{"age_group":"50-59   ","count":43,"tested":384},{"age_group":"60-69   ","count":31,"tested":333},{"age_group":"70-79   ","count":14,"tested":149},{"age_group":"80+","count":7,"tested":71}],"race":[{"description":"Hispanic","count":23,"tested":102,"color":"rgb(214,39,40)"},{"description":"Left Blank","count":85,"tested":1292,"color":"rgb(44,160,44)"},{"description":"White","count":158,"tested":1341,"color":"rgb(31,119,180)"}],"gender":[{"description":"Male","count":120,"tested":964,"color":"rgb(31,119,180)"},{"description":"Unknown/Left Blank","count":7,"tested":44,"color":"rgb(44,160,44)"},{"description":"Female","count":140,"tested":1762,"color":"rgb(255,127,14)"}]}
