{"age":[{"age_group":"<20","count":92,"tested":1377},{"age_group":"20-29   ","count":257,"tested":5189},{"age_group":"30-39   ","count":266,"tested":5477},{"age_group":"40-49   ","count":183,"tested":4277},{"age_group":"50-59   ","count":167,"tested":5190},{"age_group":"60-69   ","count":154,"tested":4698},{"age_group":"70-79   ","count":87,"tested":3783},{"age_group":"80+","count":52,"tested":2602}],"race":[{"description":"Left Blank","count":294,"tested":14413,"color":"rgb(44,160,44)"},{"description":"White","count":371,"tested":7865,"color":"rgb(31,119,180)"},{"description":"Hispanic","count":133,"tested":1683,"color":"rgb(214,39,40)"},{"description":"Other","count":55,"tested":1040,"color":"rgb(148,103,189)"},{"description":"Black","count":380,"tested":6761,"color":"rgb(255,127,14)"},{"description":"Asian","count":25,"tested":812,"color":"rgb(140,86,75)"}],"gender":[{"description":"Unknown/Left Blank","count":21,"tested":1136,"color":"rgb(44,160,44)"},{"description":"Female","count":665,"tested":17458,"color":"rgb(255,127,14)"},{"description":"Male","count":573,"tested":14009,"color":"rgb(31,119,180)"}]}
