{"age":[{"age_group":"<20","count":10,"tested":156},{"age_group":"20-29   ","count":7,"tested":51},{"age_group":"30-39   ","count":14,"tested":103},{"age_group":"40-49   ","count":9,"tested":54},{"age_group":"50-59   ","count":13,"tested":104},{"age_group":"60-69   ","count":7,"tested":60},{"age_group":"70-79   ","count":7,"tested":44}],"race":[{"description":"White","count":61,"tested":356,"color":"rgb(31,119,180)"},{"description":"Left Blank","count":7,"tested":213,"color":"rgb(44,160,44)"}],"gender":[{"description":"Female","count":35,"tested":374,"color":"rgb(255,127,14)"},{"description":"Male","count":35,"tested":211,"color":"rgb(31,119,180)"}]}
