{"age":[{"age_group":"<20","count":56,"tested":454},{"age_group":"20-29   ","count":48,"tested":543},{"age_group":"30-39   ","count":39,"tested":451},{"age_group":"40-49   ","count":37,"tested":423},{"age_group":"50-59   ","count":60,"tested":528},{"age_group":"60-69   ","count":45,"tested":574},{"age_group":"70-79   ","count":42,"tested":274},{"age_group":"80+","count":37,"tested":198}],"race":[{"description":"Left Blank","count":77,"tested":1800,"color":"rgb(44,160,44)"},{"description":"White","count":275,"tested":1579,"color":"rgb(31,119,180)"}],"gender":[{"description":"Male","count":165,"tested":1134,"color":"rgb(31,119,180)"},{"description":"Female","count":199,"tested":2222,"color":"rgb(255,127,14)"}]}
