{"age":[{"age_group":"<20","count":9,"tested":206},{"age_group":"20-29   ","count":16,"tested":198},{"age_group":"30-39   ","count":15,"tested":235},{"age_group":"50-59   ","count":15,"tested":239},{"age_group":"60-69   ","count":15,"tested":280},{"age_group":"70-79   ","count":16,"tested":167},{"age_group":"80+","count":36,"tested":303}],"race":[{"description":"Left Blank","count":24,"tested":515,"color":"rgb(44,160,44)"},{"description":"White","count":97,"tested":1180,"color":"rgb(31,119,180)"}],"gender":[{"description":"Female","count":80,"tested":1030,"color":"rgb(255,127,14)"},{"description":"Male","count":49,"tested":691,"color":"rgb(31,119,180)"}]}
