{"age":[{"age_group":"<20","count":860,"tested":6973},{"age_group":"20-29   ","count":788,"tested":7306},{"age_group":"30-39   ","count":678,"tested":5982},{"age_group":"40-49   ","count":745,"tested":6027},{"age_group":"50-59   ","count":697,"tested":6162},{"age_group":"60-69   ","count":409,"tested":4712},{"age_group":"70-79   ","count":232,"tested":3600},{"age_group":"80+","count":154,"tested":4133}],"race":[{"description":"Other","count":56,"tested":581,"color":"rgb(148,103,189)"},{"description":"Left Blank","count":355,"tested":23078,"color":"rgb(44,160,44)"},{"description":"Hispanic","count":1869,"tested":4778,"color":"rgb(214,39,40)"},{"description":"White","count":2142,"tested":15477,"color":"rgb(31,119,180)"},{"description":"Asian","count":35,"tested":218,"color":"rgb(140,86,75)"},{"description":"Black","count":98,"tested":727,"color":"rgb(255,127,14)"},{"description":"AI/AN**","count":7,"tested":32,"color":"rgb(31,119,180)"}],"gender":[{"description":"Male","count":2135,"tested":17105,"color":"rgb(31,119,180)"},{"description":"Unknown/Left Blank","count":6,"tested":644,"color":"rgb(44,160,44)"},{"description":"Female","count":2423,"tested":27158,"color":"rgb(255,127,14)"}]}
