{"age":[{"age_group":"<20","count":206,"tested":1809},{"age_group":"20-29   ","count":331,"tested":2969},{"age_group":"30-39   ","count":295,"tested":2531},{"age_group":"40-49   ","count":233,"tested":2117},{"age_group":"50-59   ","count":304,"tested":2514},{"age_group":"60-69   ","count":218,"tested":2483},{"age_group":"70-79   ","count":104,"tested":1734},{"age_group":"80+","count":84,"tested":2571}],"race":[{"description":"Other","count":63,"tested":502,"color":"rgb(148,103,189)"},{"description":"Black","count":34,"tested":332,"color":"rgb(255,127,14)"},{"description":"Asian","count":66,"tested":507,"color":"rgb(140,86,75)"},{"description":"White","count":829,"tested":5448,"color":"rgb(31,119,180)"},{"description":"Left Blank","count":321,"tested":9990,"color":"rgb(44,160,44)"},{"description":"Hispanic","count":457,"tested":1938,"color":"rgb(214,39,40)"}],"gender":[{"description":"Female","count":896,"tested":10616,"color":"rgb(255,127,14)"},{"description":"Male","count":870,"tested":7915,"color":"rgb(31,119,180)"}]}
