{"age":[{"age_group":"<20","count":126,"tested":2116},{"age_group":"20-29   ","count":719,"tested":12705},{"age_group":"30-39   ","count":661,"tested":14082},{"age_group":"40-49   ","count":208,"tested":3708},{"age_group":"50-59   ","count":150,"tested":2241},{"age_group":"60-69   ","count":107,"tested":1501},{"age_group":"70-79   ","count":60,"tested":840},{"age_group":"80+","count":47,"tested":372}],"race":[{"description":"Black","count":167,"tested":2061,"color":"rgb(255,127,14)"},{"description":"Asian","count":37,"tested":1442,"color":"rgb(140,86,75)"},{"description":"Hispanic","count":388,"tested":3137,"color":"rgb(214,39,40)"},{"description":"White","count":738,"tested":12795,"color":"rgb(31,119,180)"},{"description":"Other","count":116,"tested":2067,"color":"rgb(148,103,189)"},{"description":"Left Blank","count":627,"tested":16015,"color":"rgb(44,160,44)"}],"gender":[{"description":"Female","count":970,"tested":19235,"color":"rgb(255,127,14)"},{"description":"Male","count":1028,"tested":17669,"color":"rgb(31,119,180)"},{"description":"Unknown/Left Blank","count":80,"tested":670,"color":"rgb(44,160,44)"}]}
