{"age":[{"age_group":"<20","count":112,"tested":803},{"age_group":"20-29   ","count":198,"tested":2301},{"age_group":"30-39   ","count":174,"tested":2091},{"age_group":"40-49   ","count":120,"tested":1925},{"age_group":"50-59   ","count":147,"tested":2358},{"age_group":"60-69   ","count":133,"tested":2175},{"age_group":"70-79   ","count":84,"tested":1571},{"age_group":"80+","count":110,"tested":1675}],"race":[{"description":"Hispanic","count":139,"tested":948,"color":"rgb(214,39,40)"},{"description":"Black","count":95,"tested":2151,"color":"rgb(255,127,14)"},{"description":"White","count":430,"tested":5758,"color":"rgb(31,119,180)"},{"description":"Left Blank","count":392,"tested":5698,"color":"rgb(44,160,44)"},{"description":"Other","count":17,"tested":255,"color":"rgb(148,103,189)"}],"gender":[{"description":"Male","count":480,"tested":5142,"color":"rgb(31,119,180)"},{"description":"Unknown/Left Blank","count":13,"tested":302,"color":"rgb(44,160,44)"},{"description":"Female","count":585,"tested":9455,"color":"rgb(255,127,14)"}]}
