{"age":[{"age_group":"<20","count":518,"tested":6165},{"age_group":"20-29   ","count":636,"tested":8865},{"age_group":"30-39   ","count":690,"tested":9562},{"age_group":"40-49   ","count":582,"tested":8097},{"age_group":"50-59   ","count":473,"tested":7344},{"age_group":"60-69   ","count":354,"tested":5371},{"age_group":"70-79   ","count":154,"tested":2131},{"age_group":"80+","count":84,"tested":990}],"race":[{"description":"Left Blank","count":709,"tested":19526,"color":"rgb(44,160,44)"},{"description":"White","count":91,"tested":1695,"color":"rgb(31,119,180)"},{"description":"Hispanic","count":417,"tested":2622,"color":"rgb(214,39,40)"},{"description":"Other","count":70,"tested":964,"color":"rgb(148,103,189)"},{"description":"Asian","count":10,"tested":123,"color":"rgb(140,86,75)"},{"description":"Black","count":2191,"tested":23555,"color":"rgb(255,127,14)"}],"gender":[{"description":"Male","count":1475,"tested":20788,"color":"rgb(31,119,180)"},{"description":"Female","count":1985,"tested":25356,"color":"rgb(255,127,14)"},{"description":"Unknown/Left Blank","count":31,"tested":2393,"color":"rgb(44,160,44)"}]}
