{"age":[{"age_group":"<20","count":180,"tested":6569},{"age_group":"20-29   ","count":102,"tested":2991},{"age_group":"30-39   ","count":91,"tested":2089},{"age_group":"40-49   ","count":98,"tested":3203},{"age_group":"50-59   ","count":114,"tested":3060},{"age_group":"60-69   ","count":63,"tested":2695},{"age_group":"70-79   ","count":45,"tested":2044},{"age_group":"80+","count":63,"tested":2708}],"race":[{"description":"Other","count":52,"tested":894,"color":"rgb(148,103,189)"},{"description":"Left Blank","count":160,"tested":8186,"color":"rgb(44,160,44)"},{"description":"Asian","count":30,"tested":1259,"color":"rgb(140,86,75)"},{"description":"Black","count":33,"tested":517,"color":"rgb(255,127,14)"},{"description":"Hispanic","count":84,"tested":1976,"color":"rgb(214,39,40)"},{"description":"White","count":395,"tested":12450,"color":"rgb(31,119,180)"}],"gender":[{"description":"Female","count":378,"tested":13387,"color":"rgb(255,127,14)"},{"description":"Male","count":367,"tested":11754,"color":"rgb(31,119,180)"}]}
