{"age":[{"age_group":"<20","count":122,"tested":331},{"age_group":"20-29   ","count":114,"tested":329},{"age_group":"30-39   ","count":99,"tested":248},{"age_group":"40-49   ","count":108,"tested":396},{"age_group":"50-59   ","count":112,"tested":358},{"age_group":"60-69   ","count":108,"tested":312},{"age_group":"70-79   ","count":104,"tested":302},{"age_group":"80+","count":116,"tested":554}],"race":[{"description":"White","count":258,"tested":2171,"color":"rgb(31,119,180)"},{"description":"Left Blank","count":131,"tested":479,"color":"rgb(44,160,44)"}],"gender":[{"description":"Female","count":202,"tested":1831,"color":"rgb(255,127,14)"},{"description":"Unknown/Left Blank","count":88,"tested":35,"color":"rgb(44,160,44)"},{"description":"Male","count":183,"tested":966,"color":"rgb(31,119,180)"}]}
