{"age":[{"age_group":"<20","count":16,"tested":110},{"age_group":"20-29   ","count":18,"tested":124},{"age_group":"30-39   ","count":14,"tested":124},{"age_group":"40-49   ","count":17,"tested":143},{"age_group":"50-59   ","count":30,"tested":220},{"age_group":"60-69   ","count":23,"tested":149},{"age_group":"70-79   ","count":17,"tested":114}],"race":[{"description":"Left Blank","count":21,"tested":300,"color":"rgb(44,160,44)"},{"description":"White","count":85,"tested":668,"color":"rgb(31,119,180)"}],"gender":[{"description":"Female","count":60,"tested":510,"color":"rgb(255,127,14)"},{"description":"Male","count":43,"tested":395,"color":"rgb(31,119,180)"}]}
