{"age":[{"age_group":"20-29   ","count":7,"tested":74},{"age_group":"30-39   ","count":7,"tested":62},{"age_group":"40-49   ","count":7,"tested":47},{"age_group":"50-59   ","count":6,"tested":76},{"age_group":"60-69   ","count":6,"tested":98}],"race":[{"description":"Left Blank","count":20,"tested":214,"color":"rgb(44,160,44)"},{"description":"White","count":18,"tested":248,"color":"rgb(31,119,180)"}],"gender":[{"description":"Female","count":14,"tested":270,"color":"rgb(255,127,14)"},{"description":"Male","count":14,"tested":190,"color":"rgb(31,119,180)"},{"description":"Unknown/Left Blank","count":10,"tested":6,"color":"rgb(44,160,44)"}]}
