{"age":[{"age_group":"<20","count":37,"tested":131},{"age_group":"20-29   ","count":37,"tested":82},{"age_group":"30-39   ","count":37,"tested":85},{"age_group":"40-49   ","count":33,"tested":82}],"race":[{"description":"Left Blank","count":39,"tested":287,"color":"rgb(44,160,44)"},{"description":"White","count":61,"tested":346,"color":"rgb(31,119,180)"}],"gender":[{"description":"Female","count":61,"tested":453,"color":"rgb(255,127,14)"},{"description":"Male","count":38,"tested":205,"color":"rgb(31,119,180)"}]}
