{"age":[{"age_group":"<20","count":203,"tested":2384},{"age_group":"20-29   ","count":299,"tested":3235},{"age_group":"30-39   ","count":219,"tested":2933},{"age_group":"40-49   ","count":208,"tested":2261},{"age_group":"50-59   ","count":273,"tested":3146},{"age_group":"60-69   ","count":168,"tested":2475},{"age_group":"70-79   ","count":85,"tested":1310},{"age_group":"80+","count":37,"tested":699}],"race":[{"description":"Asian","count":37,"tested":513,"color":"rgb(140,86,75)"},{"description":"Black","count":51,"tested":473,"color":"rgb(255,127,14)"},{"description":"Hispanic","count":221,"tested":1464,"color":"rgb(214,39,40)"},{"description":"Left Blank","count":419,"tested":6950,"color":"rgb(44,160,44)"},{"description":"Other","count":32,"tested":397,"color":"rgb(148,103,189)"},{"description":"White","count":730,"tested":8627,"color":"rgb(31,119,180)"}],"gender":[]}
