{"age":[{"age_group":"<20","count":536,"tested":7156},{"age_group":"20-29   ","count":645,"tested":9555},{"age_group":"30-39   ","count":490,"tested":7914},{"age_group":"40-49   ","count":451,"tested":7143},{"age_group":"50-59   ","count":575,"tested":9224},{"age_group":"60-69   ","count":338,"tested":7420},{"age_group":"70-79   ","count":129,"tested":3128},{"age_group":"80+","count":133,"tested":2696}],"race":[{"description":"Asian","count":161,"tested":3675,"color":"rgb(140,86,75)"},{"description":"Black","count":239,"tested":3748,"color":"rgb(255,127,14)"},{"description":"Hispanic","count":695,"tested":5774,"color":"rgb(214,39,40)"},{"description":"Left Blank","count":670,"tested":16272,"color":"rgb(44,160,44)"},{"description":"NH/PI*","count":17,"tested":259,"color":"rgb(127,127,127)"},{"description":"Other","count":240,"tested":2258,"color":"rgb(148,103,189)"},{"description":"White","count":1269,"tested":22200,"color":"rgb(31,119,180)"}],"gender":[]}
