{"age":[{"age_group":"<20","count":21,"tested":226},{"age_group":"20-29   ","count":17,"tested":302},{"age_group":"30-39   ","count":21,"tested":105},{"age_group":"40-49   ","count":21,"tested":130},{"age_group":"50-59   ","count":24,"tested":310},{"age_group":"60-69   ","count":13,"tested":119},{"age_group":"70-79   ","count":12,"tested":97}],"race":[{"description":"Left Blank","count":17,"tested":506,"color":"rgb(44,160,44)"},{"description":"White","count":107,"tested":780,"color":"rgb(31,119,180)"}],"gender":[]}
