{"age":[{"age_group":"<20","count":29,"tested":279},{"age_group":"20-29   ","count":25,"tested":318},{"age_group":"30-39   ","count":18,"tested":313},{"age_group":"40-49   ","count":28,"tested":392},{"age_group":"50-59   ","count":13,"tested":266},{"age_group":"60-69   ","count":23,"tested":149},{"age_group":"70-79   ","count":19,"tested":129},{"age_group":"80+","count":51,"tested":404}],"race":[{"description":"Left Blank","count":63,"tested":984,"color":"rgb(44,160,44)"},{"description":"White","count":135,"tested":1245,"color":"rgb(31,119,180)"}],"gender":[]}
