{"age":[{"age_group":"<20","count":127,"tested":2251},{"age_group":"20-29   ","count":722,"tested":13115},{"age_group":"30-39   ","count":664,"tested":14587},{"age_group":"40-49   ","count":209,"tested":3940},{"age_group":"50-59   ","count":152,"tested":2347},{"age_group":"60-69   ","count":107,"tested":1558},{"age_group":"70-79   ","count":61,"tested":889},{"age_group":"80+","count":47,"tested":387}],"race":[{"description":"Asian","count":37,"tested":1522,"color":"rgb(140,86,75)"},{"description":"Black","count":172,"tested":2159,"color":"rgb(255,127,14)"},{"description":"Hispanic","count":388,"tested":3227,"color":"rgb(214,39,40)"},{"description":"Left Blank","count":628,"tested":16713,"color":"rgb(44,160,44)"},{"description":"Other","count":117,"tested":2146,"color":"rgb(148,103,189)"},{"description":"White","count":742,"tested":13258,"color":"rgb(31,119,180)"}],"gender":[]}
