{"age":[{"age_group":"<20","count":960,"tested":7089},{"age_group":"20-29   ","count":986,"tested":10331},{"age_group":"30-39   ","count":940,"tested":9434},{"age_group":"40-49   ","count":979,"tested":9256},{"age_group":"50-59   ","count":801,"tested":9088},{"age_group":"60-69   ","count":472,"tested":7314},{"age_group":"70-79   ","count":212,"tested":2959},{"age_group":"80+","count":163,"tested":2332}],"race":[{"description":"AI/AN**","count":10,"tested":37,"color":"rgb(31,119,180)"},{"description":"Asian","count":13,"tested":237,"color":"rgb(140,86,75)"},{"description":"Black","count":1233,"tested":15744,"color":"rgb(255,127,14)"},{"description":"Hispanic","count":2197,"tested":12392,"color":"rgb(214,39,40)"},{"description":"Left Blank","count":1572,"tested":23190,"color":"rgb(44,160,44)"},{"description":"Other","count":176,"tested":1863,"color":"rgb(148,103,189)"},{"description":"White","count":312,"tested":4197,"color":"rgb(31,119,180)"}],"gender":[]}
