{"age":[{"age_group":"<20","count":278,"tested":3024},{"age_group":"20-29   ","count":153,"tested":1709},{"age_group":"30-39   ","count":154,"tested":1838},{"age_group":"40-49   ","count":267,"tested":2302},{"age_group":"50-59   ","count":205,"tested":1987},{"age_group":"60-69   ","count":129,"tested":1571},{"age_group":"70-79   ","count":71,"tested":1216},{"age_group":"80+","count":36,"tested":1030}],"race":[{"description":"Asian","count":10,"tested":75,"color":"rgb(140,86,75)"},{"description":"Black","count":10,"tested":129,"color":"rgb(255,127,14)"},{"description":"Hispanic","count":57,"tested":264,"color":"rgb(214,39,40)"},{"description":"Left Blank","count":95,"tested":4924,"color":"rgb(44,160,44)"},{"description":"Other","count":17,"tested":218,"color":"rgb(148,103,189)"},{"description":"White","count":1103,"tested":9026,"color":"rgb(31,119,180)"}],"gender":[]}
