{"age":[{"age_group":"<20","count":70,"tested":1739},{"age_group":"20-29   ","count":40,"tested":879},{"age_group":"30-39   ","count":37,"tested":847},{"age_group":"40-49   ","count":54,"tested":1236},{"age_group":"50-59   ","count":46,"tested":848},{"age_group":"60-69   ","count":25,"tested":930},{"age_group":"70-79   ","count":10,"tested":509},{"age_group":"80+","count":9,"tested":226}],"race":[{"description":"Asian","count":10,"tested":236,"color":"rgb(140,86,75)"},{"description":"Black","count":28,"tested":439,"color":"rgb(255,127,14)"},{"description":"Hispanic","count":21,"tested":240,"color":"rgb(214,39,40)"},{"description":"Left Blank","count":84,"tested":2772,"color":"rgb(44,160,44)"},{"description":"Other","count":23,"tested":475,"color":"rgb(148,103,189)"},{"description":"White","count":125,"tested":3054,"color":"rgb(31,119,180)"}],"gender":[]}
