{"age":[{"age_group":"<20","count":46,"tested":344},{"age_group":"20-29   ","count":45,"tested":489},{"age_group":"30-39   ","count":30,"tested":306},{"age_group":"40-49   ","count":20,"tested":234},{"age_group":"50-59   ","count":59,"tested":683},{"age_group":"60-69   ","count":38,"tested":443},{"age_group":"70-79   ","count":12,"tested":265},{"age_group":"80+","count":7,"tested":78}],"race":[{"description":"Asian","count":16,"tested":131,"color":"rgb(140,86,75)"},{"description":"Hispanic","count":14,"tested":122,"color":"rgb(214,39,40)"},{"description":"Left Blank","count":52,"tested":1121,"color":"rgb(44,160,44)"},{"description":"Other","count":6,"tested":74,"color":"rgb(148,103,189)"},{"description":"White","count":167,"tested":1351,"color":"rgb(31,119,180)"}],"gender":[]}
