{"age":[{"age_group":"<20","count":693,"tested":10964},{"age_group":"20-29   ","count":492,"tested":7797},{"age_group":"30-39   ","count":318,"tested":6060},{"age_group":"40-49   ","count":518,"tested":7165},{"age_group":"50-59   ","count":628,"tested":9428},{"age_group":"60-69   ","count":386,"tested":7754},{"age_group":"70-79   ","count":214,"tested":4905},{"age_group":"80+","count":176,"tested":4623}],"race":[{"description":"AI/AN**","count":10,"tested":84,"color":"rgb(31,119,180)"},{"description":"Asian","count":180,"tested":3347,"color":"rgb(140,86,75)"},{"description":"Black","count":25,"tested":517,"color":"rgb(255,127,14)"},{"description":"Hispanic","count":129,"tested":1838,"color":"rgb(214,39,40)"},{"description":"Left Blank","count":1097,"tested":24010,"color":"rgb(44,160,44)"},{"description":"Other","count":130,"tested":1301,"color":"rgb(148,103,189)"},{"description":"White","count":1852,"tested":27545,"color":"rgb(31,119,180)"}],"gender":[]}
