{"age":[{"age_group":"<20","count":243,"tested":1822},{"age_group":"20-29   ","count":271,"tested":2450},{"age_group":"30-39   ","count":300,"tested":2623},{"age_group":"40-49   ","count":269,"tested":1951},{"age_group":"50-59   ","count":198,"tested":1867},{"age_group":"60-69   ","count":178,"tested":1734},{"age_group":"70-79   ","count":64,"tested":713},{"age_group":"80+","count":29,"tested":494}],"race":[{"description":"Asian","count":60,"tested":628,"color":"rgb(140,86,75)"},{"description":"Black","count":19,"tested":146,"color":"rgb(255,127,14)"},{"description":"Hispanic","count":521,"tested":2958,"color":"rgb(214,39,40)"},{"description":"Left Blank","count":282,"tested":4522,"color":"rgb(44,160,44)"},{"description":"Other","count":65,"tested":542,"color":"rgb(148,103,189)"},{"description":"White","count":598,"tested":4830,"color":"rgb(31,119,180)"}],"gender":[]}
