{"age":[{"age_group":"<20","count":285,"tested":2797},{"age_group":"20-29   ","count":362,"tested":4718},{"age_group":"30-39   ","count":340,"tested":4348},{"age_group":"40-49   ","count":419,"tested":5693},{"age_group":"50-59   ","count":340,"tested":5589},{"age_group":"60-69   ","count":210,"tested":4368},{"age_group":"70-79   ","count":123,"tested":2564},{"age_group":"80+","count":91,"tested":1552}],"race":[{"description":"Asian","count":11,"tested":178,"color":"rgb(140,86,75)"},{"description":"Black","count":1195,"tested":14882,"color":"rgb(255,127,14)"},{"description":"Hispanic","count":92,"tested":686,"color":"rgb(214,39,40)"},{"description":"Left Blank","count":648,"tested":12248,"color":"rgb(44,160,44)"},{"description":"Other","count":43,"tested":675,"color":"rgb(148,103,189)"},{"description":"White","count":176,"tested":2860,"color":"rgb(31,119,180)"}],"gender":[]}
