{"age":[{"age_group":"<20","count":199,"tested":2960},{"age_group":"20-29   ","count":186,"tested":2761},{"age_group":"30-39   ","count":170,"tested":2911},{"age_group":"40-49   ","count":189,"tested":3067},{"age_group":"50-59   ","count":206,"tested":3163},{"age_group":"60-69   ","count":128,"tested":2407},{"age_group":"70-79   ","count":53,"tested":1134},{"age_group":"80+","count":17,"tested":345}],"race":[{"description":"AI/AN**","count":7,"tested":73,"color":"rgb(31,119,180)"},{"description":"Asian","count":149,"tested":2700,"color":"rgb(140,86,75)"},{"description":"Black","count":26,"tested":351,"color":"rgb(255,127,14)"},{"description":"Hispanic","count":60,"tested":598,"color":"rgb(214,39,40)"},{"description":"Left Blank","count":366,"tested":9109,"color":"rgb(44,160,44)"},{"description":"Other","count":53,"tested":377,"color":"rgb(148,103,189)"},{"description":"White","count":486,"tested":5525,"color":"rgb(31,119,180)"}],"gender":[]}
