{"age":[{"age_group":"<20","count":708,"tested":8318},{"age_group":"20-29   ","count":933,"tested":13861},{"age_group":"30-39   ","count":976,"tested":14694},{"age_group":"40-49   ","count":925,"tested":15302},{"age_group":"50-59   ","count":922,"tested":18630},{"age_group":"60-69   ","count":668,"tested":15700},{"age_group":"70-79   ","count":388,"tested":7724},{"age_group":"80+","count":253,"tested":4357}],"race":[{"description":"AI/AN**","count":9,"tested":56,"color":"rgb(31,119,180)"},{"description":"Asian","count":8,"tested":107,"color":"rgb(140,86,75)"},{"description":"Black","count":3876,"tested":51461,"color":"rgb(255,127,14)"},{"description":"Hispanic","count":149,"tested":1161,"color":"rgb(214,39,40)"},{"description":"Left Blank","count":1485,"tested":42939,"color":"rgb(44,160,44)"},{"description":"Other","count":147,"tested":1504,"color":"rgb(148,103,189)"},{"description":"White","count":99,"tested":1231,"color":"rgb(31,119,180)"}],"gender":[]}
