{"age":[{"age_group":"<20","count":170,"tested":1665},{"age_group":"20-29   ","count":169,"tested":1840},{"age_group":"30-39   ","count":143,"tested":1776},{"age_group":"40-49   ","count":128,"tested":1508},{"age_group":"50-59   ","count":169,"tested":2051},{"age_group":"60-69   ","count":107,"tested":1491},{"age_group":"70-79   ","count":36,"tested":901},{"age_group":"80+","count":10,"tested":296}],"race":[{"description":"Asian","count":6,"tested":109,"color":"rgb(140,86,75)"},{"description":"Black","count":9,"tested":68,"color":"rgb(255,127,14)"},{"description":"Hispanic","count":87,"tested":609,"color":"rgb(214,39,40)"},{"description":"Left Blank","count":234,"tested":3614,"color":"rgb(44,160,44)"},{"description":"Other","count":19,"tested":185,"color":"rgb(148,103,189)"},{"description":"White","count":578,"tested":6893,"color":"rgb(31,119,180)"}],"gender":[]}
