{"age":[{"age_group":"<20","count":561,"tested":12240},{"age_group":"20-29   ","count":417,"tested":11613},{"age_group":"30-39   ","count":339,"tested":10751},{"age_group":"40-49   ","count":455,"tested":15585},{"age_group":"50-59   ","count":462,"tested":17045},{"age_group":"60-69   ","count":373,"tested":14707},{"age_group":"70-79   ","count":281,"tested":9750},{"age_group":"80+","count":418,"tested":14345}],"race":[{"description":"Asian","count":196,"tested":5204,"color":"rgb(140,86,75)"},{"description":"Black","count":44,"tested":1538,"color":"rgb(255,127,14)"},{"description":"Hispanic","count":129,"tested":2171,"color":"rgb(214,39,40)"},{"description":"Left Blank","count":886,"tested":60848,"color":"rgb(44,160,44)"},{"description":"Other","count":287,"tested":3780,"color":"rgb(148,103,189)"},{"description":"White","count":1752,"tested":31607,"color":"rgb(31,119,180)"}],"gender":[]}
