{"age":[{"age_group":"<20","count":1341,"tested":13286},{"age_group":"20-29   ","count":1832,"tested":21465},{"age_group":"30-39   ","count":1731,"tested":23579},{"age_group":"40-49   ","count":1610,"tested":19687},{"age_group":"50-59   ","count":1274,"tested":17669},{"age_group":"60-69   ","count":860,"tested":14125},{"age_group":"70-79   ","count":357,"tested":6253},{"age_group":"80+","count":170,"tested":3088}],"race":[{"description":"AI/AN**","count":11,"tested":135,"color":"rgb(31,119,180)"},{"description":"Asian","count":226,"tested":3290,"color":"rgb(140,86,75)"},{"description":"Black","count":159,"tested":2400,"color":"rgb(255,127,14)"},{"description":"Hispanic","count":4969,"tested":33961,"color":"rgb(214,39,40)"},{"description":"Left Blank","count":1648,"tested":48743,"color":"rgb(44,160,44)"},{"description":"Other","count":459,"tested":6009,"color":"rgb(148,103,189)"},{"description":"White","count":1700,"tested":24519,"color":"rgb(31,119,180)"}],"gender":[]}
