{"age":[{"age_group":"<20","count":557,"tested":7485},{"age_group":"20-29   ","count":354,"tested":4642},{"age_group":"30-39   ","count":276,"tested":3833},{"age_group":"40-49   ","count":527,"tested":5906},{"age_group":"50-59   ","count":395,"tested":5530},{"age_group":"60-69   ","count":137,"tested":2424},{"age_group":"70-79   ","count":68,"tested":1587},{"age_group":"80+","count":59,"tested":1714}],"race":[{"description":"Asian","count":91,"tested":2039,"color":"rgb(140,86,75)"},{"description":"Black","count":121,"tested":1693,"color":"rgb(255,127,14)"},{"description":"Hispanic","count":211,"tested":1729,"color":"rgb(214,39,40)"},{"description":"Left Blank","count":794,"tested":13877,"color":"rgb(44,160,44)"},{"description":"NH/PI*","count":8,"tested":40,"color":"rgb(127,127,127)"},{"description":"Other","count":85,"tested":1226,"color":"rgb(148,103,189)"},{"description":"White","count":1063,"tested":12502,"color":"rgb(31,119,180)"}],"gender":[]}
