{"age":[{"age_group":"<20","count":425,"tested":4298},{"age_group":"20-29   ","count":603,"tested":5869},{"age_group":"30-39   ","count":568,"tested":5652},{"age_group":"40-49   ","count":495,"tested":5090},{"age_group":"50-59   ","count":457,"tested":5008},{"age_group":"60-69   ","count":357,"tested":4079},{"age_group":"70-79   ","count":138,"tested":1893},{"age_group":"80+","count":67,"tested":830}],"race":[{"description":"Asian","count":76,"tested":812,"color":"rgb(140,86,75)"},{"description":"Black","count":183,"tested":1857,"color":"rgb(255,127,14)"},{"description":"Hispanic","count":338,"tested":2173,"color":"rgb(214,39,40)"},{"description":"Left Blank","count":1182,"tested":14666,"color":"rgb(44,160,44)"},{"description":"NH/PI*","count":7,"tested":36,"color":"rgb(127,127,127)"},{"description":"Other","count":131,"tested":1170,"color":"rgb(148,103,189)"},{"description":"White","count":1188,"tested":11924,"color":"rgb(31,119,180)"}],"gender":[]}
