{"age":[{"age_group":"<20","count":724,"tested":5743},{"age_group":"20-29   ","count":798,"tested":8052},{"age_group":"30-39   ","count":735,"tested":7009},{"age_group":"40-49   ","count":684,"tested":6446},{"age_group":"50-59   ","count":567,"tested":5973},{"age_group":"60-69   ","count":411,"tested":4397},{"age_group":"70-79   ","count":165,"tested":2345},{"age_group":"80+","count":39,"tested":1059}],"race":[{"description":"AI/AN**","count":7,"tested":98,"color":"rgb(31,119,180)"},{"description":"Asian","count":610,"tested":5047,"color":"rgb(140,86,75)"},{"description":"Black","count":190,"tested":1797,"color":"rgb(255,127,14)"},{"description":"Hispanic","count":1496,"tested":5808,"color":"rgb(214,39,40)"},{"description":"Left Blank","count":802,"tested":18774,"color":"rgb(44,160,44)"},{"description":"Other","count":156,"tested":1808,"color":"rgb(148,103,189)"},{"description":"White","count":858,"tested":7605,"color":"rgb(31,119,180)"}],"gender":[]}
