{"lastUpdatedDate":{"year":2021,"month":9,"day":9},"county_demographics":[{"County":"McLean","confirmed_cases":21063,"total_tested":454086,"demographics":{"age":[{"race":[],"age_group":"<20","count":4713,"tested":97314,"deaths":0},{"race":[],"age_group":"20-29   ","count":5517,"tested":119029,"deaths":0},{"race":[],"age_group":"30-39   ","count":2839,"tested":65628,"deaths":0},{"race":[],"age_group":"40-49   ","count":2569,"tested":50408,"deaths":0},{"race":[],"age_group":"50-59   ","count":2343,"tested":49758,"deaths":0},{"race":[],"age_group":"60-69   ","count":1627,"tested":33347,"deaths":0},{"race":[],"age_group":"70-79   ","count":830,"tested":18287,"deaths":0},{"race":[],"age_group":"80+","count":625,"tested":20282,"deaths":0},{"race":[],"age_group":"Unknown","count":0,"tested":33,"deaths":0}],"race":[{"description":"AI/AN**","count":15,"tested":586,"deaths":0,"color":"rgb(31,119,180)"},{"description":"Asian","count":341,"tested":10376,"deaths":0,"color":"rgb(140,86,75)"},{"description":"Black","count":1872,"tested":25941,"deaths":0,"color":"rgb(255,127,14)"},{"description":"Hispanic","count":1337,"tested":16791,"deaths":0,"color":"rgb(214,39,40)"},{"description":"Left Blank","count":4475,"tested":211882,"deaths":0,"color":"rgb(44,160,44)"},{"description":"NH/PI*","count":15,"tested":295,"deaths":0,"color":"rgb(127,127,127)"},{"description":"Other","count":396,"tested":6119,"deaths":0,"color":"rgb(148,103,189)"},{"description":"White","count":12604,"tested":182096,"deaths":0,"color":"rgb(31,119,180)"}],"gender":[{"description":"Female","count":11207,"tested":230158,"deaths":0,"color":"rgb(255,127,14)"},{"description":"Male","count":9846,"tested":202328,"deaths":0,"color":"rgb(31,119,180)"},{"description":"Unknown/Left Blank","count":9,"tested":21600,"deaths":0,"color":"rgb(44,160,44)"}]}}]}
