{"lastUpdatedDate":{"year":2021,"month":9,"day":9},"county_demographics":[{"County":"Richland","confirmed_cases":2415,"total_tested":36875,"demographics":{"age":[{"race":[],"age_group":"<20","count":411,"tested":4965,"deaths":0},{"race":[],"age_group":"20-29   ","count":351,"tested":5337,"deaths":0},{"race":[],"age_group":"30-39   ","count":331,"tested":5673,"deaths":0},{"race":[],"age_group":"40-49   ","count":335,"tested":5124,"deaths":0},{"race":[],"age_group":"50-59   ","count":331,"tested":5106,"deaths":0},{"race":[],"age_group":"60-69   ","count":276,"tested":4202,"deaths":0},{"race":[],"age_group":"70-79   ","count":190,"tested":2878,"deaths":0},{"race":[],"age_group":"80+","count":190,"tested":3583,"deaths":0},{"race":[],"age_group":"Unknown","count":0,"tested":7,"deaths":0}],"race":[{"description":"AI/AN**","count":0,"tested":8,"deaths":0,"color":"rgb(31,119,180)"},{"description":"Asian","count":6,"tested":115,"deaths":0,"color":"rgb(140,86,75)"},{"description":"Black","count":15,"tested":230,"deaths":0,"color":"rgb(255,127,14)"},{"description":"Hispanic","count":11,"tested":194,"deaths":0,"color":"rgb(214,39,40)"},{"description":"Left Blank","count":211,"tested":10801,"deaths":0,"color":"rgb(44,160,44)"},{"description":"NH/PI*","count":0,"tested":34,"deaths":0,"color":"rgb(127,127,127)"},{"description":"Other","count":8,"tested":203,"deaths":0,"color":"rgb(148,103,189)"},{"description":"White","count":2158,"tested":25290,"deaths":0,"color":"rgb(31,119,180)"}],"gender":[{"description":"Female","count":1334,"tested":21150,"deaths":0,"color":"rgb(255,127,14)"},{"description":"Male","count":1062,"tested":12950,"deaths":0,"color":"rgb(31,119,180)"},{"description":"Unknown/Left Blank","count":16,"tested":2775,"deaths":0,"color":"rgb(44,160,44)"}]}}]}
