{"lastUpdatedDate":{"year":2021,"month":9,"day":9},"county_demographics":[{"County":"Kendall","confirmed_cases":14908,"total_tested":189604,"demographics":{"age":[{"race":[],"age_group":"<20","count":3081,"tested":42088,"deaths":0},{"race":[],"age_group":"20-29   ","count":2529,"tested":30346,"deaths":0},{"race":[],"age_group":"30-39   ","count":2708,"tested":31056,"deaths":0},{"race":[],"age_group":"40-49   ","count":2771,"tested":30656,"deaths":0},{"race":[],"age_group":"50-59   ","count":2017,"tested":24691,"deaths":0},{"race":[],"age_group":"60-69   ","count":1016,"tested":15219,"deaths":0},{"race":[],"age_group":"70-79   ","count":513,"tested":8933,"deaths":0},{"race":[],"age_group":"80+","count":273,"tested":6587,"deaths":0},{"race":[],"age_group":"Unknown","count":0,"tested":28,"deaths":0}],"race":[{"description":"AI/AN**","count":12,"tested":177,"deaths":0,"color":"rgb(31,119,180)"},{"description":"Asian","count":242,"tested":3980,"deaths":0,"color":"rgb(140,86,75)"},{"description":"Black","count":945,"tested":11430,"deaths":0,"color":"rgb(255,127,14)"},{"description":"Hispanic","count":3130,"tested":22462,"deaths":0,"color":"rgb(214,39,40)"},{"description":"Left Blank","count":3642,"tested":69123,"deaths":0,"color":"rgb(44,160,44)"},{"description":"NH/PI*","count":15,"tested":129,"deaths":0,"color":"rgb(127,127,127)"},{"description":"Other","count":449,"tested":6117,"deaths":0,"color":"rgb(148,103,189)"},{"description":"White","count":6473,"tested":76186,"deaths":0,"color":"rgb(31,119,180)"}],"gender":[{"description":"Female","count":7769,"tested":105756,"deaths":0,"color":"rgb(255,127,14)"},{"description":"Male","count":7094,"tested":80028,"deaths":0,"color":"rgb(31,119,180)"},{"description":"Unknown/Left Blank","count":45,"tested":3820,"deaths":0,"color":"rgb(44,160,44)"}]}}]}
