{"lastUpdatedDate":{"year":2021,"month":9,"day":9},"county_demographics":[{"County":"Massac","confirmed_cases":1859,"total_tested":17196,"demographics":{"age":[{"race":[],"age_group":"<20","count":340,"tested":2073,"deaths":0},{"race":[],"age_group":"20-29   ","count":249,"tested":2346,"deaths":0},{"race":[],"age_group":"30-39   ","count":227,"tested":2082,"deaths":0},{"race":[],"age_group":"40-49   ","count":230,"tested":2620,"deaths":0},{"race":[],"age_group":"50-59   ","count":283,"tested":2475,"deaths":0},{"race":[],"age_group":"60-69   ","count":227,"tested":1965,"deaths":0},{"race":[],"age_group":"70-79   ","count":164,"tested":1568,"deaths":0},{"race":[],"age_group":"80+","count":135,"tested":2065,"deaths":0},{"race":[],"age_group":"Unknown","count":0,"tested":0,"deaths":0}],"race":[{"description":"AI/AN**","count":0,"tested":12,"deaths":0,"color":"rgb(31,119,180)"},{"description":"Asian","count":0,"tested":13,"deaths":0,"color":"rgb(140,86,75)"},{"description":"Black","count":44,"tested":492,"deaths":0,"color":"rgb(255,127,14)"},{"description":"Hispanic","count":9,"tested":76,"deaths":0,"color":"rgb(214,39,40)"},{"description":"Left Blank","count":868,"tested":9641,"deaths":0,"color":"rgb(44,160,44)"},{"description":"NH/PI*","count":0,"tested":0,"deaths":0,"color":"rgb(127,127,127)"},{"description":"Other","count":0,"tested":80,"deaths":0,"color":"rgb(148,103,189)"},{"description":"White","count":927,"tested":6879,"deaths":0,"color":"rgb(31,119,180)"}],"gender":[{"description":"Female","count":984,"tested":10228,"deaths":0,"color":"rgb(255,127,14)"},{"description":"Male","count":849,"tested":6227,"deaths":0,"color":"rgb(31,119,180)"},{"description":"Unknown/Left Blank","count":26,"tested":741,"deaths":0,"color":"rgb(44,160,44)"}]}}]}
