{"age":[{"age_group":"<20","count":16,"tested":206},{"age_group":"20-29   ","count":24,"tested":395},{"age_group":"30-39   ","count":20,"tested":214},{"age_group":"40-49   ","count":23,"tested":341},{"age_group":"50-59   ","count":15,"tested":254},{"age_group":"60-69   ","count":13,"tested":217},{"age_group":"70-79   ","count":7,"tested":89},{"age_group":"80+","count":7,"tested":82}],"race":[{"description":"Hispanic","count":10,"tested":68,"color":"rgb(214,39,40)"},{"description":"Left Blank","count":26,"tested":680,"color":"rgb(44,160,44)"},{"description":"White","count":88,"tested":1010,"color":"rgb(31,119,180)"}],"gender":[]}
