{"age":[{"age_group":"<20","count":680,"tested":10804},{"age_group":"20-29   ","count":540,"tested":8913},{"age_group":"30-39   ","count":400,"tested":8060},{"age_group":"40-49   ","count":540,"tested":8973},{"age_group":"50-59   ","count":567,"tested":11489},{"age_group":"60-69   ","count":368,"tested":9363},{"age_group":"70-79   ","count":163,"tested":5971},{"age_group":"80+","count":182,"tested":6059}],"race":[{"description":"AI/AN**","count":12,"tested":111,"color":"rgb(31,119,180)"},{"description":"Asian","count":267,"tested":5482,"color":"rgb(140,86,75)"},{"description":"Black","count":31,"tested":815,"color":"rgb(255,127,14)"},{"description":"Hispanic","count":251,"tested":2515,"color":"rgb(214,39,40)"},{"description":"Left Blank","count":686,"tested":29947,"color":"rgb(44,160,44)"},{"description":"NH/PI*","count":8,"tested":125,"color":"rgb(127,127,127)"},{"description":"Other","count":400,"tested":4071,"color":"rgb(148,103,189)"},{"description":"White","count":1786,"tested":26580,"color":"rgb(31,119,180)"}],"gender":[]}
