{"age":[{"age_group":"<20","count":460,"tested":5275},{"age_group":"20-29   ","count":520,"tested":6374},{"age_group":"30-39   ","count":490,"tested":6332},{"age_group":"40-49   ","count":490,"tested":4990},{"age_group":"50-59   ","count":500,"tested":6197},{"age_group":"60-69   ","count":362,"tested":5070},{"age_group":"70-79   ","count":165,"tested":4062},{"age_group":"80+","count":158,"tested":4875}],"race":[{"description":"Asian","count":31,"tested":512,"color":"rgb(140,86,75)"},{"description":"Black","count":26,"tested":329,"color":"rgb(255,127,14)"},{"description":"Hispanic","count":517,"tested":2978,"color":"rgb(214,39,40)"},{"description":"Left Blank","count":805,"tested":15765,"color":"rgb(44,160,44)"},{"description":"Other","count":52,"tested":1828,"color":"rgb(148,103,189)"},{"description":"White","count":1709,"tested":21725,"color":"rgb(31,119,180)"}],"gender":[]}
