{"age":[{"age_group":"<20","count":43,"tested":486},{"age_group":"20-29   ","count":51,"tested":618},{"age_group":"30-39   ","count":52,"tested":511},{"age_group":"40-49   ","count":47,"tested":421},{"age_group":"50-59   ","count":43,"tested":640},{"age_group":"60-69   ","count":29,"tested":801},{"age_group":"70-79   ","count":21,"tested":262}],"race":[{"description":"Hispanic","count":12,"tested":81,"color":"rgb(214,39,40)"},{"description":"Left Blank","count":51,"tested":1293,"color":"rgb(44,160,44)"},{"description":"Other","count":11,"tested":84,"color":"rgb(148,103,189)"},{"description":"White","count":214,"tested":2359,"color":"rgb(31,119,180)"}],"gender":[]}
