{"age":[{"age_group":"<20","count":435,"tested":5532},{"age_group":"20-29   ","count":487,"tested":5298},{"age_group":"30-39   ","count":454,"tested":5272},{"age_group":"40-49   ","count":391,"tested":4534},{"age_group":"50-59   ","count":402,"tested":4550},{"age_group":"60-69   ","count":347,"tested":4124},{"age_group":"70-79   ","count":169,"tested":2194},{"age_group":"80+","count":196,"tested":2894}],"race":[{"description":"Asian","count":11,"tested":194,"color":"rgb(140,86,75)"},{"description":"Black","count":103,"tested":1140,"color":"rgb(255,127,14)"},{"description":"Hispanic","count":274,"tested":1985,"color":"rgb(214,39,40)"},{"description":"Left Blank","count":630,"tested":15800,"color":"rgb(44,160,44)"},{"description":"Other","count":226,"tested":1219,"color":"rgb(148,103,189)"},{"description":"White","count":1636,"tested":14184,"color":"rgb(31,119,180)"}],"gender":[]}
