{"age":[{"age_group":"<20","count":272,"tested":2494},{"age_group":"20-29   ","count":293,"tested":2874},{"age_group":"30-39   ","count":279,"tested":2581},{"age_group":"40-49   ","count":268,"tested":2001},{"age_group":"50-59   ","count":219,"tested":1961},{"age_group":"60-69   ","count":136,"tested":1855},{"age_group":"70-79   ","count":85,"tested":1165},{"age_group":"80+","count":47,"tested":887}],"race":[{"description":"Hispanic","count":788,"tested":4154,"color":"rgb(214,39,40)"},{"description":"Left Blank","count":225,"tested":3376,"color":"rgb(44,160,44)"},{"description":"Other","count":18,"tested":184,"color":"rgb(148,103,189)"},{"description":"White","count":559,"tested":7951,"color":"rgb(31,119,180)"}],"gender":[]}
