{"age":[{"age_group":"<20","count":171,"tested":1661},{"age_group":"20-29   ","count":115,"tested":1538},{"age_group":"30-39   ","count":111,"tested":1366},{"age_group":"40-49   ","count":93,"tested":1204},{"age_group":"50-59   ","count":88,"tested":1391},{"age_group":"60-69   ","count":94,"tested":1150},{"age_group":"70-79   ","count":38,"tested":1083},{"age_group":"80+","count":46,"tested":1272}],"race":[{"description":"Hispanic","count":100,"tested":665,"color":"rgb(214,39,40)"},{"description":"Left Blank","count":44,"tested":2056,"color":"rgb(44,160,44)"},{"description":"Other","count":23,"tested":211,"color":"rgb(148,103,189)"},{"description":"White","count":584,"tested":7609,"color":"rgb(31,119,180)"}],"gender":[]}
