{"age":[{"age_group":"<20","count":674,"tested":5888},{"age_group":"20-29   ","count":753,"tested":8816},{"age_group":"30-39   ","count":570,"tested":7537},{"age_group":"40-49   ","count":542,"tested":8099},{"age_group":"50-59   ","count":561,"tested":9011},{"age_group":"60-69   ","count":374,"tested":6935},{"age_group":"70-79   ","count":207,"tested":4197},{"age_group":"80+","count":121,"tested":3253}],"race":[{"description":"Asian","count":28,"tested":650,"color":"rgb(140,86,75)"},{"description":"Black","count":321,"tested":5033,"color":"rgb(255,127,14)"},{"description":"Hispanic","count":181,"tested":1364,"color":"rgb(214,39,40)"},{"description":"Left Blank","count":949,"tested":15120,"color":"rgb(44,160,44)"},{"description":"Other","count":138,"tested":1652,"color":"rgb(148,103,189)"},{"description":"White","count":2183,"tested":29798,"color":"rgb(31,119,180)"}],"gender":[]}
