{"age":[{"age_group":"<20","count":423,"tested":5203},{"age_group":"20-29   ","count":331,"tested":4973},{"age_group":"30-39   ","count":267,"tested":4089},{"age_group":"40-49   ","count":397,"tested":5159},{"age_group":"50-59   ","count":383,"tested":5760},{"age_group":"60-69   ","count":157,"tested":3166},{"age_group":"70-79   ","count":50,"tested":1293},{"age_group":"80+","count":27,"tested":456}],"race":[{"description":"Asian","count":219,"tested":3526,"color":"rgb(140,86,75)"},{"description":"Black","count":296,"tested":3633,"color":"rgb(255,127,14)"},{"description":"Hispanic","count":286,"tested":2317,"color":"rgb(214,39,40)"},{"description":"Left Blank","count":566,"tested":11521,"color":"rgb(44,160,44)"},{"description":"NH/PI*","count":7,"tested":36,"color":"rgb(127,127,127)"},{"description":"Other","count":86,"tested":1279,"color":"rgb(148,103,189)"},{"description":"White","count":572,"tested":7684,"color":"rgb(31,119,180)"}],"gender":[]}
