{"age":[{"age_group":"<20","count":721,"tested":18856},{"age_group":"20-29   ","count":573,"tested":17272},{"age_group":"30-39   ","count":424,"tested":7481},{"age_group":"40-49   ","count":489,"tested":7230},{"age_group":"50-59   ","count":500,"tested":8348},{"age_group":"60-69   ","count":268,"tested":7127},{"age_group":"70-79   ","count":134,"tested":4188},{"age_group":"80+","count":91,"tested":2741}],"race":[{"description":"AI/AN**","count":8,"tested":113,"color":"rgb(31,119,180)"},{"description":"Asian","count":205,"tested":4471,"color":"rgb(140,86,75)"},{"description":"Black","count":147,"tested":2319,"color":"rgb(255,127,14)"},{"description":"Hispanic","count":247,"tested":3215,"color":"rgb(214,39,40)"},{"description":"Left Blank","count":522,"tested":26726,"color":"rgb(44,160,44)"},{"description":"Other","count":84,"tested":2127,"color":"rgb(148,103,189)"},{"description":"White","count":1984,"tested":34318,"color":"rgb(31,119,180)"}],"gender":[]}
