{"age":[{"age_group":"<20","count":489,"tested":5590},{"age_group":"20-29   ","count":501,"tested":6797},{"age_group":"30-39   ","count":468,"tested":6420},{"age_group":"40-49   ","count":385,"tested":4912},{"age_group":"50-59   ","count":485,"tested":6749},{"age_group":"60-69   ","count":401,"tested":6410},{"age_group":"70-79   ","count":229,"tested":4020},{"age_group":"80+","count":235,"tested":7272}],"race":[{"description":"Asian","count":18,"tested":148,"color":"rgb(140,86,75)"},{"description":"Black","count":319,"tested":3323,"color":"rgb(255,127,14)"},{"description":"Hispanic","count":130,"tested":761,"color":"rgb(214,39,40)"},{"description":"Left Blank","count":752,"tested":21716,"color":"rgb(44,160,44)"},{"description":"Other","count":44,"tested":790,"color":"rgb(148,103,189)"},{"description":"White","count":1926,"tested":21388,"color":"rgb(31,119,180)"}],"gender":[]}
