{"age":[{"age_group":"<20","count":972,"tested":2963},{"age_group":"20-29   ","count":947,"tested":7773},{"age_group":"30-39   ","count":391,"tested":3135},{"age_group":"40-49   ","count":301,"tested":2861},{"age_group":"50-59   ","count":234,"tested":2957},{"age_group":"60-69   ","count":160,"tested":1926},{"age_group":"70-79   ","count":68,"tested":663},{"age_group":"80+","count":43,"tested":335}],"race":[{"description":"AI/AN**","count":17,"tested":75,"color":"rgb(31,119,180)"},{"description":"Asian","count":116,"tested":1243,"color":"rgb(140,86,75)"},{"description":"Black","count":666,"tested":5189,"color":"rgb(255,127,14)"},{"description":"Hispanic","count":1051,"tested":6244,"color":"rgb(214,39,40)"},{"description":"Left Blank","count":350,"tested":5190,"color":"rgb(44,160,44)"},{"description":"NH/PI*","count":17,"tested":110,"color":"rgb(127,127,127)"},{"description":"Other","count":113,"tested":840,"color":"rgb(148,103,189)"},{"description":"White","count":786,"tested":3728,"color":"rgb(31,119,180)"}],"gender":[]}
