{"age":[{"age_group":"<20","count":467,"tested":4869},{"age_group":"20-29   ","count":354,"tested":3568},{"age_group":"30-39   ","count":344,"tested":4672},{"age_group":"40-49   ","count":432,"tested":4863},{"age_group":"50-59   ","count":355,"tested":4104},{"age_group":"60-69   ","count":233,"tested":3445},{"age_group":"70-79   ","count":150,"tested":2503},{"age_group":"80+","count":92,"tested":1543}],"race":[{"description":"Asian","count":168,"tested":2289,"color":"rgb(140,86,75)"},{"description":"Black","count":47,"tested":495,"color":"rgb(255,127,14)"},{"description":"Hispanic","count":313,"tested":1906,"color":"rgb(214,39,40)"},{"description":"Left Blank","count":663,"tested":11959,"color":"rgb(44,160,44)"},{"description":"NH/PI*","count":6,"tested":45,"color":"rgb(127,127,127)"},{"description":"Other","count":89,"tested":573,"color":"rgb(148,103,189)"},{"description":"White","count":1142,"tested":12284,"color":"rgb(31,119,180)"}],"gender":[]}
