{"age":[{"age_group":"<20","count":315,"tested":2774},{"age_group":"20-29   ","count":468,"tested":4096},{"age_group":"30-39   ","count":487,"tested":4567},{"age_group":"40-49   ","count":394,"tested":3494},{"age_group":"50-59   ","count":359,"tested":4331},{"age_group":"60-69   ","count":247,"tested":3734},{"age_group":"70-79   ","count":130,"tested":3214},{"age_group":"80+","count":124,"tested":5502}],"race":[{"description":"Asian","count":56,"tested":745,"color":"rgb(140,86,75)"},{"description":"Black","count":75,"tested":941,"color":"rgb(255,127,14)"},{"description":"Hispanic","count":1169,"tested":5278,"color":"rgb(214,39,40)"},{"description":"Left Blank","count":434,"tested":16956,"color":"rgb(44,160,44)"},{"description":"Other","count":71,"tested":857,"color":"rgb(148,103,189)"},{"description":"White","count":710,"tested":6899,"color":"rgb(31,119,180)"}],"gender":[]}
