{"age":[{"age_group":"<20","count":546,"tested":5951},{"age_group":"20-29   ","count":510,"tested":8211},{"age_group":"30-39   ","count":441,"tested":6773},{"age_group":"40-49   ","count":458,"tested":6020},{"age_group":"50-59   ","count":510,"tested":6423},{"age_group":"60-69   ","count":201,"tested":3771},{"age_group":"70-79   ","count":118,"tested":3005},{"age_group":"80+","count":121,"tested":4334}],"race":[{"description":"Asian","count":134,"tested":2000,"color":"rgb(140,86,75)"},{"description":"Black","count":75,"tested":808,"color":"rgb(255,127,14)"},{"description":"Hispanic","count":544,"tested":3056,"color":"rgb(214,39,40)"},{"description":"Left Blank","count":887,"tested":25570,"color":"rgb(44,160,44)"},{"description":"Other","count":70,"tested":755,"color":"rgb(148,103,189)"},{"description":"White","count":1190,"tested":12188,"color":"rgb(31,119,180)"}],"gender":[]}
