{"age":[{"age_group":"<20","count":89,"tested":1120},{"age_group":"20-29   ","count":65,"tested":1096},{"age_group":"30-39   ","count":55,"tested":986},{"age_group":"40-49   ","count":64,"tested":933},{"age_group":"50-59   ","count":69,"tested":1295},{"age_group":"60-69   ","count":65,"tested":1702},{"age_group":"70-79   ","count":43,"tested":1127},{"age_group":"80+","count":51,"tested":1817}],"race":[{"description":"Hispanic","count":19,"tested":168,"color":"rgb(214,39,40)"},{"description":"Left Blank","count":175,"tested":4454,"color":"rgb(44,160,44)"},{"description":"White","count":302,"tested":5339,"color":"rgb(31,119,180)"}],"gender":[]}
