{"age":[{"age_group":"<20","count":419,"tested":5456},{"age_group":"20-29   ","count":635,"tested":11021},{"age_group":"30-39   ","count":663,"tested":12903},{"age_group":"40-49   ","count":557,"tested":12286},{"age_group":"50-59   ","count":540,"tested":13298},{"age_group":"60-69   ","count":454,"tested":12056},{"age_group":"70-79   ","count":249,"tested":5445},{"age_group":"80+","count":190,"tested":3570}],"race":[{"description":"Asian","count":10,"tested":248,"color":"rgb(140,86,75)"},{"description":"Black","count":2655,"tested":36018,"color":"rgb(255,127,14)"},{"description":"Hispanic","count":87,"tested":914,"color":"rgb(214,39,40)"},{"description":"Left Blank","count":834,"tested":36305,"color":"rgb(44,160,44)"},{"description":"Other","count":62,"tested":1029,"color":"rgb(148,103,189)"},{"description":"White","count":49,"tested":1387,"color":"rgb(31,119,180)"}],"gender":[]}
