{"age":[{"age_group":"<20","count":2389,"tested":16542},{"age_group":"20-29   ","count":2795,"tested":24988},{"age_group":"30-39   ","count":2461,"tested":18316},{"age_group":"40-49   ","count":2382,"tested":16409},{"age_group":"50-59   ","count":1920,"tested":14469},{"age_group":"60-69   ","count":996,"tested":10423},{"age_group":"70-79   ","count":389,"tested":4998},{"age_group":"80+","count":211,"tested":2625}],"race":[{"description":"AI/AN**","count":9,"tested":96,"color":"rgb(31,119,180)"},{"description":"Asian","count":128,"tested":2106,"color":"rgb(140,86,75)"},{"description":"Black","count":185,"tested":1968,"color":"rgb(255,127,14)"},{"description":"Hispanic","count":9463,"tested":45488,"color":"rgb(214,39,40)"},{"description":"Left Blank","count":2544,"tested":44951,"color":"rgb(44,160,44)"},{"description":"Other","count":522,"tested":5685,"color":"rgb(148,103,189)"},{"description":"White","count":690,"tested":8432,"color":"rgb(31,119,180)"}],"gender":[]}
