{"age":[{"age_group":"<20","count":1440,"tested":13388},{"age_group":"20-29   ","count":1544,"tested":18519},{"age_group":"30-39   ","count":1327,"tested":16521},{"age_group":"40-49   ","count":1334,"tested":15515},{"age_group":"50-59   ","count":1203,"tested":15358},{"age_group":"60-69   ","count":863,"tested":13370},{"age_group":"70-79   ","count":423,"tested":7921},{"age_group":"80+","count":244,"tested":4775}],"race":[{"description":"AI/AN**","count":17,"tested":226,"color":"rgb(31,119,180)"},{"description":"Asian","count":19,"tested":244,"color":"rgb(140,86,75)"},{"description":"Black","count":2592,"tested":37357,"color":"rgb(255,127,14)"},{"description":"Hispanic","count":2807,"tested":20831,"color":"rgb(214,39,40)"},{"description":"Left Blank","count":2059,"tested":36041,"color":"rgb(44,160,44)"},{"description":"Other","count":175,"tested":2448,"color":"rgb(148,103,189)"},{"description":"White","count":707,"tested":8183,"color":"rgb(31,119,180)"}],"gender":[]}
