{"age":[{"age_group":"<20","count":468,"tested":9219},{"age_group":"20-29   ","count":1548,"tested":31896},{"age_group":"30-39   ","count":1530,"tested":38156},{"age_group":"40-49   ","count":667,"tested":13614},{"age_group":"50-59   ","count":458,"tested":8882},{"age_group":"60-69   ","count":299,"tested":6002},{"age_group":"70-79   ","count":177,"tested":3184},{"age_group":"80+","count":142,"tested":2485}],"race":[{"description":"Asian","count":81,"tested":3522,"color":"rgb(140,86,75)"},{"description":"Black","count":270,"tested":4651,"color":"rgb(255,127,14)"},{"description":"Hispanic","count":1210,"tested":11732,"color":"rgb(214,39,40)"},{"description":"Left Blank","count":1698,"tested":49326,"color":"rgb(44,160,44)"},{"description":"Other","count":263,"tested":5552,"color":"rgb(148,103,189)"},{"description":"White","count":1761,"tested":38717,"color":"rgb(31,119,180)"}],"gender":[]}
