{"age":[{"age_group":"<20","count":511,"tested":5808},{"age_group":"20-29   ","count":481,"tested":6244},{"age_group":"30-39   ","count":406,"tested":5601},{"age_group":"40-49   ","count":506,"tested":6520},{"age_group":"50-59   ","count":455,"tested":6518},{"age_group":"60-69   ","count":229,"tested":4861},{"age_group":"70-79   ","count":164,"tested":4810},{"age_group":"80+","count":144,"tested":4771}],"race":[{"description":"Asian","count":98,"tested":1447,"color":"rgb(140,86,75)"},{"description":"Black","count":180,"tested":2491,"color":"rgb(255,127,14)"},{"description":"Hispanic","count":428,"tested":3324,"color":"rgb(214,39,40)"},{"description":"Left Blank","count":791,"tested":17265,"color":"rgb(44,160,44)"},{"description":"Other","count":104,"tested":1497,"color":"rgb(148,103,189)"},{"description":"White","count":1288,"tested":19033,"color":"rgb(31,119,180)"}],"gender":[]}
