{"age":[{"age_group":"<20","count":1322,"tested":11758},{"age_group":"20-29   ","count":1466,"tested":17284},{"age_group":"30-39   ","count":1572,"tested":18025},{"age_group":"40-49   ","count":1453,"tested":15053},{"age_group":"50-59   ","count":1022,"tested":13433},{"age_group":"60-69   ","count":732,"tested":10568},{"age_group":"70-79   ","count":388,"tested":5193},{"age_group":"80+","count":131,"tested":1958}],"race":[{"description":"AI/AN**","count":6,"tested":85,"color":"rgb(31,119,180)"},{"description":"Asian","count":12,"tested":354,"color":"rgb(140,86,75)"},{"description":"Black","count":2362,"tested":25559,"color":"rgb(255,127,14)"},{"description":"Hispanic","count":3677,"tested":20395,"color":"rgb(214,39,40)"},{"description":"Left Blank","count":1536,"tested":38138,"color":"rgb(44,160,44)"},{"description":"Other","count":208,"tested":2829,"color":"rgb(148,103,189)"},{"description":"White","count":285,"tested":5850,"color":"rgb(31,119,180)"}],"gender":[]}
