{"age":[{"age_group":"<20","count":598,"tested":56332},{"age_group":"20-29   ","count":797,"tested":44257},{"age_group":"30-39   ","count":743,"tested":17519},{"age_group":"40-49   ","count":514,"tested":12424},{"age_group":"50-59   ","count":481,"tested":12773},{"age_group":"60-69   ","count":330,"tested":9640},{"age_group":"70-79   ","count":156,"tested":4334},{"age_group":"80+","count":122,"tested":3473}],"race":[{"description":"AI/AN**","count":8,"tested":515,"color":"rgb(31,119,180)"},{"description":"Asian","count":74,"tested":21067,"color":"rgb(140,86,75)"},{"description":"Black","count":2279,"tested":37969,"color":"rgb(255,127,14)"},{"description":"Hispanic","count":127,"tested":12181,"color":"rgb(214,39,40)"},{"description":"Left Blank","count":941,"tested":42577,"color":"rgb(44,160,44)"},{"description":"Other","count":48,"tested":1213,"color":"rgb(148,103,189)"},{"description":"White","count":261,"tested":45114,"color":"rgb(31,119,180)"}],"gender":[]}
