{"age":[{"age_group":"<20","count":657,"tested":9401},{"age_group":"20-29   ","count":826,"tested":16711},{"age_group":"30-39   ","count":884,"tested":20796},{"age_group":"40-49   ","count":748,"tested":18554},{"age_group":"50-59   ","count":657,"tested":21221},{"age_group":"60-69   ","count":491,"tested":18630},{"age_group":"70-79   ","count":254,"tested":7637},{"age_group":"80+","count":191,"tested":4237}],"race":[{"description":"Asian","count":9,"tested":143,"color":"rgb(140,86,75)"},{"description":"Black","count":3026,"tested":32454,"color":"rgb(255,127,14)"},{"description":"Hispanic","count":554,"tested":3556,"color":"rgb(214,39,40)"},{"description":"Left Blank","count":874,"tested":75999,"color":"rgb(44,160,44)"},{"description":"Other","count":113,"tested":2081,"color":"rgb(148,103,189)"},{"description":"White","count":129,"tested":2944,"color":"rgb(31,119,180)"}],"gender":[]}
