{"lastUpdatedDate":{"year":2021,"month":4,"day":11},"county_demographics":[{"County":"Edgar","confirmed_cases":1652,"total_tested":14634,"demographics":{"age":[{"race":[],"age_group":"<20","count":264,"tested":1704,"deaths":0},{"race":[],"age_group":"20-29   ","count":209,"tested":2152,"deaths":0},{"race":[],"age_group":"30-39   ","count":208,"tested":1786,"deaths":0},{"race":[],"age_group":"40-49   ","count":234,"tested":1995,"deaths":0},{"race":[],"age_group":"50-59   ","count":213,"tested":1897,"deaths":0},{"race":[],"age_group":"60-69   ","count":223,"tested":1876,"deaths":0},{"race":[],"age_group":"70-79   ","count":159,"tested":1357,"deaths":0},{"race":[],"age_group":"80+","count":141,"tested":1818,"deaths":0},{"race":[],"age_group":"Unknown","count":0,"tested":49,"deaths":0}],"race":[{"description":"AI/AN**","count":0,"tested":0,"deaths":0,"color":"rgb(31,119,180)"},{"description":"Asian","count":0,"tested":0,"deaths":0,"color":"rgb(140,86,75)"},{"description":"Black","count":0,"tested":74,"deaths":0,"color":"rgb(255,127,14)"},{"description":"Hispanic","count":0,"tested":42,"deaths":0,"color":"rgb(214,39,40)"},{"description":"Left Blank","count":150,"tested":6908,"deaths":0,"color":"rgb(44,160,44)"},{"description":"NH/PI*","count":0,"tested":0,"deaths":0,"color":"rgb(127,127,127)"},{"description":"Other","count":0,"tested":106,"deaths":0,"color":"rgb(148,103,189)"},{"description":"White","count":1489,"tested":7494,"deaths":0,"color":"rgb(31,119,180)"}],"gender":[{"description":"Female","count":508,"tested":9188,"deaths":0,"color":"rgb(255,127,14)"},{"description":"Male","count":390,"tested":4279,"deaths":0,"color":"rgb(31,119,180)"},{"description":"Unknown/Left Blank","count":754,"tested":1167,"deaths":0,"color":"rgb(44,160,44)"}]}}]}
