{"lastUpdatedDate":{"year":2021,"month":4,"day":11},"county_demographics":[{"County":"Pope","confirmed_cases":304,"total_tested":3096,"demographics":{"age":[{"race":[],"age_group":"<20","count":30,"tested":350,"deaths":0},{"race":[],"age_group":"20-29   ","count":32,"tested":387,"deaths":0},{"race":[],"age_group":"30-39   ","count":26,"tested":420,"deaths":0},{"race":[],"age_group":"40-49   ","count":41,"tested":501,"deaths":0},{"race":[],"age_group":"50-59   ","count":49,"tested":538,"deaths":0},{"race":[],"age_group":"60-69   ","count":63,"tested":538,"deaths":0},{"race":[],"age_group":"70-79   ","count":29,"tested":240,"deaths":0},{"race":[],"age_group":"80+","count":17,"tested":122,"deaths":0}],"race":[{"description":"AI/AN**","count":0,"tested":0,"deaths":0,"color":"rgb(31,119,180)"},{"description":"Black","count":0,"tested":21,"deaths":0,"color":"rgb(255,127,14)"},{"description":"Hispanic","count":0,"tested":0,"deaths":0,"color":"rgb(214,39,40)"},{"description":"Left Blank","count":112,"tested":1663,"deaths":0,"color":"rgb(44,160,44)"},{"description":"NH/PI*","count":0,"tested":0,"deaths":0,"color":"rgb(127,127,127)"},{"description":"Other","count":0,"tested":18,"deaths":0,"color":"rgb(148,103,189)"},{"description":"White","count":185,"tested":1391,"deaths":0,"color":"rgb(31,119,180)"}],"gender":[{"description":"Female","count":155,"tested":1569,"deaths":0,"color":"rgb(255,127,14)"},{"description":"Male","count":146,"tested":1161,"deaths":0,"color":"rgb(31,119,180)"},{"description":"Unknown/Left Blank","count":0,"tested":366,"deaths":0,"color":"rgb(44,160,44)"}]}}]}
