{"lastUpdatedDate":{"year":2021,"month":4,"day":11},"county_demographics":[{"County":"Kankakee","confirmed_cases":13300,"total_tested":213454,"demographics":{"age":[{"race":[],"age_group":"<20","count":1981,"tested":17841,"deaths":0},{"race":[],"age_group":"20-29   ","count":2350,"tested":31672,"deaths":0},{"race":[],"age_group":"30-39   ","count":2039,"tested":31616,"deaths":0},{"race":[],"age_group":"40-49   ","count":2003,"tested":31450,"deaths":0},{"race":[],"age_group":"50-59   ","count":2020,"tested":35813,"deaths":0},{"race":[],"age_group":"60-69   ","count":1480,"tested":29091,"deaths":0},{"race":[],"age_group":"70-79   ","count":843,"tested":18393,"deaths":0},{"race":[],"age_group":"80+","count":581,"tested":17527,"deaths":0},{"race":[],"age_group":"Unknown","count":0,"tested":51,"deaths":0}],"race":[{"description":"AI/AN**","count":0,"tested":102,"deaths":0,"color":"rgb(31,119,180)"},{"description":"Asian","count":46,"tested":1283,"deaths":0,"color":"rgb(140,86,75)"},{"description":"Black","count":1704,"tested":36933,"deaths":0,"color":"rgb(255,127,14)"},{"description":"Hispanic","count":1252,"tested":7935,"deaths":0,"color":"rgb(214,39,40)"},{"description":"Left Blank","count":3126,"tested":51461,"deaths":0,"color":"rgb(44,160,44)"},{"description":"NH/PI*","count":0,"tested":260,"deaths":0,"color":"rgb(127,127,127)"},{"description":"Other","count":343,"tested":5571,"deaths":0,"color":"rgb(148,103,189)"},{"description":"White","count":6814,"tested":109909,"deaths":0,"color":"rgb(31,119,180)"}],"gender":[{"description":"Female","count":7023,"tested":125352,"deaths":0,"color":"rgb(255,127,14)"},{"description":"Male","count":6238,"tested":83959,"deaths":0,"color":"rgb(31,119,180)"},{"description":"Unknown/Left Blank","count":39,"tested":4143,"deaths":0,"color":"rgb(44,160,44)"}]}}]}
