{"lastUpdatedDate":{"year":2021,"month":4,"day":11},"county_demographics":[{"County":"Edwards","confirmed_cases":544,"total_tested":4220,"demographics":{"age":[{"race":[],"age_group":"<20","count":78,"tested":800,"deaths":0},{"race":[],"age_group":"20-29   ","count":65,"tested":619,"deaths":0},{"race":[],"age_group":"30-39   ","count":60,"tested":547,"deaths":0},{"race":[],"age_group":"40-49   ","count":78,"tested":619,"deaths":0},{"race":[],"age_group":"50-59   ","count":82,"tested":644,"deaths":0},{"race":[],"age_group":"60-69   ","count":81,"tested":506,"deaths":0},{"race":[],"age_group":"70-79   ","count":68,"tested":308,"deaths":0},{"race":[],"age_group":"80+","count":30,"tested":176,"deaths":0},{"race":[],"age_group":"Unknown","count":0,"tested":0,"deaths":0}],"race":[{"description":"Asian","count":0,"tested":0,"deaths":0,"color":"rgb(140,86,75)"},{"description":"Black","count":0,"tested":8,"deaths":0,"color":"rgb(255,127,14)"},{"description":"Hispanic","count":0,"tested":8,"deaths":0,"color":"rgb(214,39,40)"},{"description":"Left Blank","count":52,"tested":977,"deaths":0,"color":"rgb(44,160,44)"},{"description":"NH/PI*","count":0,"tested":0,"deaths":0,"color":"rgb(127,127,127)"},{"description":"Other","count":0,"tested":8,"deaths":0,"color":"rgb(148,103,189)"},{"description":"White","count":489,"tested":3213,"deaths":0,"color":"rgb(31,119,180)"}],"gender":[{"description":"Female","count":288,"tested":2733,"deaths":0,"color":"rgb(255,127,14)"},{"description":"Male","count":249,"tested":1296,"deaths":0,"color":"rgb(31,119,180)"},{"description":"Unknown/Left Blank","count":7,"tested":191,"deaths":0,"color":"rgb(44,160,44)"}]}}]}
