{"lastUpdatedDate":{"year":2021,"month":4,"day":11},"county_demographics":[{"County":"Menard","confirmed_cases":1170,"total_tested":18601,"demographics":{"age":[{"race":[],"age_group":"<20","count":180,"tested":2779,"deaths":0},{"race":[],"age_group":"20-29   ","count":167,"tested":2577,"deaths":0},{"race":[],"age_group":"30-39   ","count":150,"tested":2880,"deaths":0},{"race":[],"age_group":"40-49   ","count":165,"tested":2537,"deaths":0},{"race":[],"age_group":"50-59   ","count":207,"tested":2674,"deaths":0},{"race":[],"age_group":"60-69   ","count":122,"tested":2122,"deaths":0},{"race":[],"age_group":"70-79   ","count":88,"tested":1542,"deaths":0},{"race":[],"age_group":"80+","count":91,"tested":1489,"deaths":0},{"race":[],"age_group":"Unknown","count":0,"tested":0,"deaths":0}],"race":[{"description":"AI/AN**","count":0,"tested":19,"deaths":0,"color":"rgb(31,119,180)"},{"description":"Asian","count":0,"tested":16,"deaths":0,"color":"rgb(140,86,75)"},{"description":"Black","count":0,"tested":91,"deaths":0,"color":"rgb(255,127,14)"},{"description":"Hispanic","count":6,"tested":107,"deaths":0,"color":"rgb(214,39,40)"},{"description":"Left Blank","count":531,"tested":7325,"deaths":0,"color":"rgb(44,160,44)"},{"description":"NH/PI*","count":0,"tested":0,"deaths":0,"color":"rgb(127,127,127)"},{"description":"Other","count":0,"tested":163,"deaths":0,"color":"rgb(148,103,189)"},{"description":"White","count":619,"tested":10876,"deaths":0,"color":"rgb(31,119,180)"}],"gender":[{"description":"Female","count":546,"tested":10760,"deaths":0,"color":"rgb(255,127,14)"},{"description":"Male","count":480,"tested":6996,"deaths":0,"color":"rgb(31,119,180)"},{"description":"Unknown/Left Blank","count":144,"tested":845,"deaths":0,"color":"rgb(44,160,44)"}]}}]}
