{"lastUpdatedDate":{"year":2021,"month":5,"day":25},"county_demographics":[{"County":"Jo Daviess","confirmed_cases":1824,"total_tested":21988,"demographics":{"age":[{"race":[],"age_group":"<20","count":307,"tested":2985,"deaths":0},{"race":[],"age_group":"20-29   ","count":244,"tested":2650,"deaths":0},{"race":[],"age_group":"30-39   ","count":211,"tested":2541,"deaths":0},{"race":[],"age_group":"40-49   ","count":233,"tested":2372,"deaths":0},{"race":[],"age_group":"50-59   ","count":301,"tested":3317,"deaths":0},{"race":[],"age_group":"60-69   ","count":255,"tested":3554,"deaths":0},{"race":[],"age_group":"70-79   ","count":157,"tested":2066,"deaths":0},{"race":[],"age_group":"80+","count":111,"tested":2498,"deaths":0},{"race":[],"age_group":"Unknown","count":0,"tested":0,"deaths":0}],"race":[{"description":"AI/AN**","count":0,"tested":12,"deaths":0,"color":"rgb(31,119,180)"},{"description":"Asian","count":0,"tested":39,"deaths":0,"color":"rgb(140,86,75)"},{"description":"Black","count":0,"tested":132,"deaths":0,"color":"rgb(255,127,14)"},{"description":"Hispanic","count":47,"tested":301,"deaths":0,"color":"rgb(214,39,40)"},{"description":"Left Blank","count":556,"tested":9378,"deaths":0,"color":"rgb(44,160,44)"},{"description":"NH/PI*","count":0,"tested":0,"deaths":0,"color":"rgb(127,127,127)"},{"description":"Other","count":12,"tested":185,"deaths":0,"color":"rgb(148,103,189)"},{"description":"White","count":1195,"tested":11938,"deaths":0,"color":"rgb(31,119,180)"}],"gender":[{"description":"Female","count":933,"tested":13858,"deaths":0,"color":"rgb(255,127,14)"},{"description":"Male","count":842,"tested":7610,"deaths":0,"color":"rgb(31,119,180)"},{"description":"Unknown/Left Blank","count":49,"tested":520,"deaths":0,"color":"rgb(44,160,44)"}]}}]}
