{"lastUpdatedDate":{"year":2021,"month":5,"day":25},"county_demographics":[{"County":"Fayette","confirmed_cases":3195,"total_tested":35108,"demographics":{"age":[{"race":[],"age_group":"<20","count":405,"tested":3444,"deaths":0},{"race":[],"age_group":"20-29   ","count":471,"tested":5329,"deaths":0},{"race":[],"age_group":"30-39   ","count":482,"tested":6480,"deaths":0},{"race":[],"age_group":"40-49   ","count":503,"tested":6426,"deaths":0},{"race":[],"age_group":"50-59   ","count":497,"tested":5279,"deaths":0},{"race":[],"age_group":"60-69   ","count":416,"tested":3809,"deaths":0},{"race":[],"age_group":"70-79   ","count":265,"tested":2096,"deaths":0},{"race":[],"age_group":"80+","count":151,"tested":1769,"deaths":0},{"race":[],"age_group":"Unknown","count":0,"tested":476,"deaths":0}],"race":[{"description":"AI/AN**","count":0,"tested":0,"deaths":0,"color":"rgb(31,119,180)"},{"description":"Asian","count":6,"tested":14,"deaths":0,"color":"rgb(140,86,75)"},{"description":"Black","count":169,"tested":384,"deaths":0,"color":"rgb(255,127,14)"},{"description":"Hispanic","count":41,"tested":96,"deaths":0,"color":"rgb(214,39,40)"},{"description":"Left Blank","count":885,"tested":22356,"deaths":0,"color":"rgb(44,160,44)"},{"description":"NH/PI*","count":0,"tested":6,"deaths":0,"color":"rgb(127,127,127)"},{"description":"Other","count":67,"tested":1249,"deaths":0,"color":"rgb(148,103,189)"},{"description":"White","count":2018,"tested":10999,"deaths":0,"color":"rgb(31,119,180)"}],"gender":[{"description":"Female","count":1481,"tested":17233,"deaths":0,"color":"rgb(255,127,14)"},{"description":"Male","count":1679,"tested":12854,"deaths":0,"color":"rgb(31,119,180)"},{"description":"Unknown/Left Blank","count":35,"tested":5021,"deaths":0,"color":"rgb(44,160,44)"}]}}]}
