{"lastUpdatedDate":{"year":2021,"month":5,"day":25},"county_demographics":[{"County":"Peoria","confirmed_cases":23336,"total_tested":351789,"demographics":{"age":[{"race":[],"age_group":"<20","count":4759,"tested":69370,"deaths":0},{"race":[],"age_group":"20-29   ","count":4266,"tested":59516,"deaths":0},{"race":[],"age_group":"30-39   ","count":3628,"tested":52149,"deaths":0},{"race":[],"age_group":"40-49   ","count":3259,"tested":44425,"deaths":0},{"race":[],"age_group":"50-59   ","count":3201,"tested":45203,"deaths":0},{"race":[],"age_group":"60-69   ","count":2303,"tested":37820,"deaths":0},{"race":[],"age_group":"70-79   ","count":1154,"tested":22435,"deaths":0},{"race":[],"age_group":"80+","count":765,"tested":20583,"deaths":0},{"race":[],"age_group":"Unknown","count":0,"tested":288,"deaths":0}],"race":[{"description":"AI/AN**","count":21,"tested":259,"deaths":0,"color":"rgb(31,119,180)"},{"description":"Asian","count":328,"tested":2923,"deaths":0,"color":"rgb(140,86,75)"},{"description":"Black","count":4958,"tested":32085,"deaths":0,"color":"rgb(255,127,14)"},{"description":"Hispanic","count":1356,"tested":5332,"deaths":0,"color":"rgb(214,39,40)"},{"description":"Left Blank","count":2061,"tested":186852,"deaths":0,"color":"rgb(44,160,44)"},{"description":"NH/PI*","count":16,"tested":196,"deaths":0,"color":"rgb(127,127,127)"},{"description":"Other","count":577,"tested":12432,"deaths":0,"color":"rgb(148,103,189)"},{"description":"White","count":14013,"tested":111710,"deaths":0,"color":"rgb(31,119,180)"}],"gender":[{"description":"Female","count":12501,"tested":197712,"deaths":0,"color":"rgb(255,127,14)"},{"description":"Male","count":10572,"tested":139832,"deaths":0,"color":"rgb(31,119,180)"},{"description":"Unknown/Left Blank","count":263,"tested":14245,"deaths":0,"color":"rgb(44,160,44)"}]}}]}
