{"lastUpdatedDate":{"year":2021,"month":5,"day":25},"county_demographics":[{"County":"Jefferson","confirmed_cases":4400,"total_tested":58769,"demographics":{"age":[{"race":[],"age_group":"<20","count":512,"tested":4608,"deaths":0},{"race":[],"age_group":"20-29   ","count":595,"tested":8667,"deaths":0},{"race":[],"age_group":"30-39   ","count":636,"tested":10750,"deaths":0},{"race":[],"age_group":"40-49   ","count":631,"tested":10490,"deaths":0},{"race":[],"age_group":"50-59   ","count":698,"tested":9389,"deaths":0},{"race":[],"age_group":"60-69   ","count":578,"tested":6094,"deaths":0},{"race":[],"age_group":"70-79   ","count":407,"tested":4139,"deaths":0},{"race":[],"age_group":"80+","count":341,"tested":4166,"deaths":0},{"race":[],"age_group":"Unknown","count":0,"tested":466,"deaths":0}],"race":[{"description":"AI/AN**","count":0,"tested":24,"deaths":0,"color":"rgb(31,119,180)"},{"description":"Asian","count":17,"tested":138,"deaths":0,"color":"rgb(140,86,75)"},{"description":"Black","count":174,"tested":2106,"deaths":0,"color":"rgb(255,127,14)"},{"description":"Hispanic","count":89,"tested":637,"deaths":0,"color":"rgb(214,39,40)"},{"description":"Left Blank","count":1804,"tested":31706,"deaths":0,"color":"rgb(44,160,44)"},{"description":"NH/PI*","count":0,"tested":28,"deaths":0,"color":"rgb(127,127,127)"},{"description":"Other","count":68,"tested":1490,"deaths":0,"color":"rgb(148,103,189)"},{"description":"White","count":2242,"tested":22640,"deaths":0,"color":"rgb(31,119,180)"}],"gender":[{"description":"Female","count":2177,"tested":25525,"deaths":0,"color":"rgb(255,127,14)"},{"description":"Male","count":1884,"tested":20751,"deaths":0,"color":"rgb(31,119,180)"},{"description":"Unknown/Left Blank","count":337,"tested":12493,"deaths":0,"color":"rgb(44,160,44)"}]}}]}
