{"lastUpdatedDate":{"year":2021,"month":5,"day":25},"county_demographics":[{"County":"Chicago","confirmed_cases":283463,"total_tested":4490317,"demographics":{"age":[{"race":[],"age_group":"<20","count":38788,"tested":485022,"deaths":0},{"race":[],"age_group":"20-29   ","count":62074,"tested":1050615,"deaths":0},{"race":[],"age_group":"30-39   ","count":55786,"tested":897140,"deaths":0},{"race":[],"age_group":"40-49   ","count":44576,"tested":611039,"deaths":0},{"race":[],"age_group":"50-59   ","count":37515,"tested":574312,"deaths":0},{"race":[],"age_group":"60-69   ","count":24839,"tested":465102,"deaths":0},{"race":[],"age_group":"70-79   ","count":12186,"tested":242260,"deaths":0},{"race":[],"age_group":"80+","count":7690,"tested":162125,"deaths":0},{"race":[],"age_group":"Unknown","count":9,"tested":2702,"deaths":0}],"race":[{"description":"AI/AN**","count":374,"tested":5189,"deaths":0,"color":"rgb(31,119,180)"},{"description":"Asian","count":7470,"tested":166303,"deaths":0,"color":"rgb(140,86,75)"},{"description":"Black","count":52113,"tested":692751,"deaths":0,"color":"rgb(255,127,14)"},{"description":"Hispanic","count":92590,"tested":585709,"deaths":0,"color":"rgb(214,39,40)"},{"description":"Left Blank","count":66059,"tested":1885291,"deaths":0,"color":"rgb(44,160,44)"},{"description":"NH/PI*","count":259,"tested":4804,"deaths":0,"color":"rgb(127,127,127)"},{"description":"Other","count":12453,"tested":172513,"deaths":0,"color":"rgb(148,103,189)"},{"description":"White","count":52145,"tested":977757,"deaths":0,"color":"rgb(31,119,180)"}],"gender":[{"description":"Female","count":144145,"tested":2377623,"deaths":0,"color":"rgb(255,127,14)"},{"description":"Male","count":134779,"tested":1985271,"deaths":0,"color":"rgb(31,119,180)"},{"description":"Unknown/Left Blank","count":4539,"tested":127423,"deaths":0,"color":"rgb(44,160,44)"}]}}]}
