{"lastUpdatedDate":{"year":2021,"month":5,"day":25},"county_demographics":[{"County":"Carroll","confirmed_cases":1764,"total_tested":22091,"demographics":{"age":[{"race":[],"age_group":"<20","count":234,"tested":2081,"deaths":0},{"race":[],"age_group":"20-29   ","count":206,"tested":2672,"deaths":0},{"race":[],"age_group":"30-39   ","count":351,"tested":3932,"deaths":0},{"race":[],"age_group":"40-49   ","count":269,"tested":3214,"deaths":0},{"race":[],"age_group":"50-59   ","count":259,"tested":3133,"deaths":0},{"race":[],"age_group":"60-69   ","count":198,"tested":2641,"deaths":0},{"race":[],"age_group":"70-79   ","count":128,"tested":1662,"deaths":0},{"race":[],"age_group":"80+","count":110,"tested":2754,"deaths":0},{"race":[],"age_group":"Unknown","count":0,"tested":0,"deaths":0}],"race":[{"description":"AI/AN**","count":7,"tested":9,"deaths":0,"color":"rgb(31,119,180)"},{"description":"Asian","count":0,"tested":103,"deaths":0,"color":"rgb(140,86,75)"},{"description":"Black","count":89,"tested":107,"deaths":0,"color":"rgb(255,127,14)"},{"description":"Hispanic","count":32,"tested":105,"deaths":0,"color":"rgb(214,39,40)"},{"description":"Left Blank","count":636,"tested":12885,"deaths":0,"color":"rgb(44,160,44)"},{"description":"NH/PI*","count":0,"tested":0,"deaths":0,"color":"rgb(127,127,127)"},{"description":"Other","count":17,"tested":177,"deaths":0,"color":"rgb(148,103,189)"},{"description":"White","count":974,"tested":8703,"deaths":0,"color":"rgb(31,119,180)"}],"gender":[{"description":"Female","count":809,"tested":11601,"deaths":0,"color":"rgb(255,127,14)"},{"description":"Male","count":948,"tested":9923,"deaths":0,"color":"rgb(31,119,180)"},{"description":"Unknown/Left Blank","count":6,"tested":567,"deaths":0,"color":"rgb(44,160,44)"}]}}]}
