{"lastUpdatedDate":{"year":2021,"month":5,"day":25},"county_demographics":[{"County":"Montgomery","confirmed_cases":3763,"total_tested":79968,"demographics":{"age":[{"race":[],"age_group":"<20","count":450,"tested":6629,"deaths":0},{"race":[],"age_group":"20-29   ","count":566,"tested":12546,"deaths":0},{"race":[],"age_group":"30-39   ","count":698,"tested":15956,"deaths":0},{"race":[],"age_group":"40-49   ","count":558,"tested":12576,"deaths":0},{"race":[],"age_group":"50-59   ","count":570,"tested":11255,"deaths":0},{"race":[],"age_group":"60-69   ","count":455,"tested":8575,"deaths":0},{"race":[],"age_group":"70-79   ","count":225,"tested":4353,"deaths":0},{"race":[],"age_group":"80+","count":233,"tested":6312,"deaths":0},{"race":[],"age_group":"Unknown","count":8,"tested":1766,"deaths":0}],"race":[{"description":"AI/AN**","count":0,"tested":14,"deaths":0,"color":"rgb(31,119,180)"},{"description":"Asian","count":0,"tested":113,"deaths":0,"color":"rgb(140,86,75)"},{"description":"Black","count":165,"tested":763,"deaths":0,"color":"rgb(255,127,14)"},{"description":"Hispanic","count":26,"tested":180,"deaths":0,"color":"rgb(214,39,40)"},{"description":"Left Blank","count":1754,"tested":55298,"deaths":0,"color":"rgb(44,160,44)"},{"description":"NH/PI*","count":0,"tested":40,"deaths":0,"color":"rgb(127,127,127)"},{"description":"Other","count":20,"tested":367,"deaths":0,"color":"rgb(148,103,189)"},{"description":"White","count":1778,"tested":23193,"deaths":0,"color":"rgb(31,119,180)"}],"gender":[{"description":"Female","count":1607,"tested":33368,"deaths":0,"color":"rgb(255,127,14)"},{"description":"Male","count":1883,"tested":32952,"deaths":0,"color":"rgb(31,119,180)"},{"description":"Unknown/Left Blank","count":268,"tested":13648,"deaths":0,"color":"rgb(44,160,44)"}]}}]}
