{"lastUpdatedDate":{"year":2021,"month":5,"day":25},"county_demographics":[{"County":"Mason","confirmed_cases":1530,"total_tested":25411,"demographics":{"age":[{"race":[],"age_group":"<20","count":261,"tested":3789,"deaths":0},{"race":[],"age_group":"20-29   ","count":178,"tested":3765,"deaths":0},{"race":[],"age_group":"30-39   ","count":218,"tested":3891,"deaths":0},{"race":[],"age_group":"40-49   ","count":217,"tested":4190,"deaths":0},{"race":[],"age_group":"50-59   ","count":218,"tested":3691,"deaths":0},{"race":[],"age_group":"60-69   ","count":193,"tested":2558,"deaths":0},{"race":[],"age_group":"70-79   ","count":138,"tested":1479,"deaths":0},{"race":[],"age_group":"80+","count":103,"tested":2048,"deaths":0},{"race":[],"age_group":"Unknown","count":0,"tested":0,"deaths":0}],"race":[{"description":"AI/AN**","count":0,"tested":10,"deaths":0,"color":"rgb(31,119,180)"},{"description":"Asian","count":0,"tested":54,"deaths":0,"color":"rgb(140,86,75)"},{"description":"Black","count":0,"tested":47,"deaths":0,"color":"rgb(255,127,14)"},{"description":"Hispanic","count":9,"tested":57,"deaths":0,"color":"rgb(214,39,40)"},{"description":"Left Blank","count":473,"tested":8565,"deaths":0,"color":"rgb(44,160,44)"},{"description":"Other","count":8,"tested":198,"deaths":0,"color":"rgb(148,103,189)"},{"description":"White","count":1034,"tested":16480,"deaths":0,"color":"rgb(31,119,180)"}],"gender":[{"description":"Female","count":834,"tested":16181,"deaths":0,"color":"rgb(255,127,14)"},{"description":"Male","count":643,"tested":8119,"deaths":0,"color":"rgb(31,119,180)"},{"description":"Unknown/Left Blank","count":52,"tested":1111,"deaths":0,"color":"rgb(44,160,44)"}]}}]}
