{"lastUpdatedDate":{"year":2021,"month":6,"day":10},"county_demographics":[{"County":"Effingham","confirmed_cases":4760,"total_tested":48098,"demographics":{"age":[{"race":[],"age_group":"<20","count":729,"tested":6345,"deaths":0},{"race":[],"age_group":"20-29   ","count":692,"tested":6440,"deaths":0},{"race":[],"age_group":"30-39   ","count":678,"tested":6300,"deaths":0},{"race":[],"age_group":"40-49   ","count":632,"tested":5242,"deaths":0},{"race":[],"age_group":"50-59   ","count":725,"tested":6420,"deaths":0},{"race":[],"age_group":"60-69   ","count":662,"tested":6828,"deaths":0},{"race":[],"age_group":"70-79   ","count":369,"tested":5177,"deaths":0},{"race":[],"age_group":"80+","count":273,"tested":5317,"deaths":0},{"race":[],"age_group":"Unknown","count":0,"tested":29,"deaths":0}],"race":[{"description":"AI/AN**","count":0,"tested":8,"deaths":0,"color":"rgb(31,119,180)"},{"description":"Asian","count":8,"tested":72,"deaths":0,"color":"rgb(140,86,75)"},{"description":"Black","count":0,"tested":161,"deaths":0,"color":"rgb(255,127,14)"},{"description":"Hispanic","count":40,"tested":201,"deaths":0,"color":"rgb(214,39,40)"},{"description":"Left Blank","count":2353,"tested":22624,"deaths":0,"color":"rgb(44,160,44)"},{"description":"NH/PI*","count":0,"tested":11,"deaths":0,"color":"rgb(127,127,127)"},{"description":"Other","count":116,"tested":2091,"deaths":0,"color":"rgb(148,103,189)"},{"description":"White","count":2232,"tested":22930,"deaths":0,"color":"rgb(31,119,180)"}],"gender":[{"description":"Female","count":2509,"tested":29316,"deaths":0,"color":"rgb(255,127,14)"},{"description":"Male","count":2013,"tested":17714,"deaths":0,"color":"rgb(31,119,180)"},{"description":"Unknown/Left Blank","count":238,"tested":1068,"deaths":0,"color":"rgb(44,160,44)"}]}}]}
