{"lastUpdatedDate":{"year":2021,"month":6,"day":10},"county_demographics":[{"County":"Out Of State","confirmed_cases":2,"total_tested":161101,"demographics":{"age":[{"race":[],"age_group":"<20","count":0,"tested":34905,"deaths":0},{"race":[],"age_group":"20-29   ","count":0,"tested":38900,"deaths":0},{"race":[],"age_group":"30-39   ","count":0,"tested":22418,"deaths":0},{"race":[],"age_group":"40-49   ","count":0,"tested":17834,"deaths":0},{"race":[],"age_group":"50-59   ","count":0,"tested":19753,"deaths":0},{"race":[],"age_group":"60-69   ","count":0,"tested":14565,"deaths":0},{"race":[],"age_group":"70-79   ","count":0,"tested":8238,"deaths":0},{"race":[],"age_group":"80+","count":0,"tested":4447,"deaths":0},{"race":[],"age_group":"Unknown","count":0,"tested":41,"deaths":0}],"race":[{"description":"AI/AN**","count":0,"tested":231,"deaths":0,"color":"rgb(31,119,180)"},{"description":"Asian","count":0,"tested":3612,"deaths":0,"color":"rgb(140,86,75)"},{"description":"Black","count":0,"tested":12247,"deaths":0,"color":"rgb(255,127,14)"},{"description":"Hispanic","count":0,"tested":6897,"deaths":0,"color":"rgb(214,39,40)"},{"description":"Left Blank","count":0,"tested":60123,"deaths":0,"color":"rgb(44,160,44)"},{"description":"NH/PI*","count":0,"tested":291,"deaths":0,"color":"rgb(127,127,127)"},{"description":"Other","count":0,"tested":6410,"deaths":0,"color":"rgb(148,103,189)"},{"description":"White","count":0,"tested":71290,"deaths":0,"color":"rgb(31,119,180)"}],"gender":[{"description":"Female","count":0,"tested":84217,"deaths":0,"color":"rgb(255,127,14)"},{"description":"Male","count":0,"tested":71157,"deaths":0,"color":"rgb(31,119,180)"},{"description":"Unknown/Left Blank","count":0,"tested":5727,"deaths":0,"color":"rgb(44,160,44)"}]}}]}
