{"lastUpdatedDate":{"year":2021,"month":6,"day":10},"county_demographics":[{"County":"Lawrence","confirmed_cases":2410,"total_tested":73703,"demographics":{"age":[{"race":[],"age_group":"<20","count":170,"tested":2561,"deaths":0},{"race":[],"age_group":"20-29   ","count":473,"tested":17386,"deaths":0},{"race":[],"age_group":"30-39   ","count":490,"tested":18293,"deaths":0},{"race":[],"age_group":"40-49   ","count":410,"tested":15801,"deaths":0},{"race":[],"age_group":"50-59   ","count":359,"tested":9910,"deaths":0},{"race":[],"age_group":"60-69   ","count":256,"tested":5945,"deaths":0},{"race":[],"age_group":"70-79   ","count":152,"tested":2122,"deaths":0},{"race":[],"age_group":"80+","count":99,"tested":1629,"deaths":0},{"race":[],"age_group":"Unknown","count":0,"tested":56,"deaths":0}],"race":[{"description":"AI/AN**","count":0,"tested":0,"deaths":0,"color":"rgb(31,119,180)"},{"description":"Asian","count":0,"tested":10,"deaths":0,"color":"rgb(140,86,75)"},{"description":"Black","count":364,"tested":1657,"deaths":0,"color":"rgb(255,127,14)"},{"description":"Hispanic","count":19,"tested":114,"deaths":0,"color":"rgb(214,39,40)"},{"description":"Left Blank","count":838,"tested":62526,"deaths":0,"color":"rgb(44,160,44)"},{"description":"NH/PI*","count":0,"tested":0,"deaths":0,"color":"rgb(127,127,127)"},{"description":"Other","count":6,"tested":66,"deaths":0,"color":"rgb(148,103,189)"},{"description":"White","count":1175,"tested":9327,"deaths":0,"color":"rgb(31,119,180)"}],"gender":[{"description":"Female","count":797,"tested":11168,"deaths":0,"color":"rgb(255,127,14)"},{"description":"Male","count":1297,"tested":50352,"deaths":0,"color":"rgb(31,119,180)"},{"description":"Unknown/Left Blank","count":313,"tested":12183,"deaths":0,"color":"rgb(44,160,44)"}]}}]}
