{"lastUpdatedDate":{"year":2021,"month":6,"day":10},"county_demographics":[{"County":"Livingston","confirmed_cases":4894,"total_tested":119227,"demographics":{"age":[{"race":[],"age_group":"<20","count":735,"tested":10229,"deaths":0},{"race":[],"age_group":"20-29   ","count":734,"tested":16788,"deaths":0},{"race":[],"age_group":"30-39   ","count":809,"tested":21758,"deaths":0},{"race":[],"age_group":"40-49   ","count":716,"tested":19170,"deaths":0},{"race":[],"age_group":"50-59   ","count":712,"tested":19026,"deaths":0},{"race":[],"age_group":"60-69   ","count":555,"tested":12183,"deaths":0},{"race":[],"age_group":"70-79   ","count":306,"tested":6258,"deaths":0},{"race":[],"age_group":"80+","count":322,"tested":10772,"deaths":0},{"race":[],"age_group":"Unknown","count":0,"tested":3043,"deaths":0}],"race":[{"description":"AI/AN**","count":0,"tested":37,"deaths":0,"color":"rgb(31,119,180)"},{"description":"Asian","count":6,"tested":149,"deaths":0,"color":"rgb(140,86,75)"},{"description":"Black","count":127,"tested":1372,"deaths":0,"color":"rgb(255,127,14)"},{"description":"Hispanic","count":141,"tested":1529,"deaths":0,"color":"rgb(214,39,40)"},{"description":"Left Blank","count":1088,"tested":71719,"deaths":0,"color":"rgb(44,160,44)"},{"description":"NH/PI*","count":0,"tested":25,"deaths":0,"color":"rgb(127,127,127)"},{"description":"Other","count":111,"tested":1491,"deaths":0,"color":"rgb(148,103,189)"},{"description":"White","count":3413,"tested":42905,"deaths":0,"color":"rgb(31,119,180)"}],"gender":[{"description":"Female","count":2457,"tested":52187,"deaths":0,"color":"rgb(255,127,14)"},{"description":"Male","count":2357,"tested":48310,"deaths":0,"color":"rgb(31,119,180)"},{"description":"Unknown/Left Blank","count":80,"tested":18730,"deaths":0,"color":"rgb(44,160,44)"}]}}]}
