{"lastUpdatedDate":{"year":2021,"month":6,"day":10},"county_demographics":[{"County":"St. Clair","confirmed_cases":28233,"total_tested":424694,"demographics":{"age":[{"race":[],"age_group":"<20","count":4632,"tested":44205,"deaths":0},{"race":[],"age_group":"20-29   ","count":4432,"tested":63670,"deaths":0},{"race":[],"age_group":"30-39   ","count":4485,"tested":74306,"deaths":0},{"race":[],"age_group":"40-49   ","count":4269,"tested":66720,"deaths":0},{"race":[],"age_group":"50-59   ","count":4245,"tested":64242,"deaths":0},{"race":[],"age_group":"60-69   ","count":3278,"tested":52112,"deaths":0},{"race":[],"age_group":"70-79   ","count":1577,"tested":28989,"deaths":0},{"race":[],"age_group":"80+","count":1306,"tested":27737,"deaths":0},{"race":[],"age_group":"Unknown","count":6,"tested":2713,"deaths":0}],"race":[{"description":"AI/AN**","count":38,"tested":268,"deaths":0,"color":"rgb(31,119,180)"},{"description":"Asian","count":164,"tested":1263,"deaths":0,"color":"rgb(140,86,75)"},{"description":"Black","count":6798,"tested":53356,"deaths":0,"color":"rgb(255,127,14)"},{"description":"Hispanic","count":890,"tested":3813,"deaths":0,"color":"rgb(214,39,40)"},{"description":"Left Blank","count":10016,"tested":258211,"deaths":0,"color":"rgb(44,160,44)"},{"description":"NH/PI*","count":40,"tested":427,"deaths":0,"color":"rgb(127,127,127)"},{"description":"Other","count":490,"tested":8232,"deaths":0,"color":"rgb(148,103,189)"},{"description":"White","count":9793,"tested":99124,"deaths":0,"color":"rgb(31,119,180)"}],"gender":[{"description":"Female","count":14996,"tested":209131,"deaths":0,"color":"rgb(255,127,14)"},{"description":"Male","count":12108,"tested":176583,"deaths":0,"color":"rgb(31,119,180)"},{"description":"Unknown/Left Blank","count":1129,"tested":38980,"deaths":0,"color":"rgb(44,160,44)"}]}}]}
