{"age":[{"age_group":"<20","count":117,"tested":1399},{"age_group":"20-29   ","count":155,"tested":1708},{"age_group":"30-39   ","count":139,"tested":1385},{"age_group":"40-49   ","count":115,"tested":1465},{"age_group":"50-59   ","count":132,"tested":1803},{"age_group":"60-69   ","count":115,"tested":1438},{"age_group":"70-79   ","count":40,"tested":571},{"age_group":"80+","count":14,"tested":299}],"race":[{"description":"Black","count":12,"tested":142,"color":"rgb(255,127,14)"},{"description":"Hispanic","count":145,"tested":1008,"color":"rgb(214,39,40)"},{"description":"Left Blank","count":273,"tested":3608,"color":"rgb(44,160,44)"},{"description":"Other","count":37,"tested":310,"color":"rgb(148,103,189)"},{"description":"White","count":356,"tested":4910,"color":"rgb(31,119,180)"}],"gender":[{"description":"Male","count":388,"tested":4003,"color":"rgb(31,119,180)"},{"description":"Female","count":432,"tested":5959,"color":"rgb(255,127,14)"}]}
