{"age":[{"age_group":"<20","count":870,"tested":8067},{"age_group":"20-29   ","count":996,"tested":10771},{"age_group":"30-39   ","count":789,"tested":8434},{"age_group":"40-49   ","count":886,"tested":9263},{"age_group":"50-59   ","count":774,"tested":9073},{"age_group":"60-69   ","count":367,"tested":4803},{"age_group":"70-79   ","count":186,"tested":2878},{"age_group":"80+","count":99,"tested":1601}],"race":[{"description":"Hispanic","count":1467,"tested":9311,"color":"rgb(214,39,40)"},{"description":"Left Blank","count":1416,"tested":21533,"color":"rgb(44,160,44)"},{"description":"White","count":1230,"tested":14348,"color":"rgb(31,119,180)"},{"description":"Asian","count":186,"tested":2121,"color":"rgb(140,86,75)"},{"description":"Black","count":445,"tested":5108,"color":"rgb(255,127,14)"},{"description":"NH/PI*","count":6,"tested":86,"color":"rgb(127,127,127)"},{"description":"Other","count":210,"tested":2305,"color":"rgb(148,103,189)"},{"description":"AI/AN**","count":8,"tested":90,"color":"rgb(31,119,180)"}],"gender":[{"description":"Unknown/Left Blank","count":33,"tested":1144,"color":"rgb(44,160,44)"},{"description":"Male","count":2314,"tested":23125,"color":"rgb(31,119,180)"},{"description":"Female","count":2621,"tested":30633,"color":"rgb(255,127,14)"}]}
