{"age":[{"age_group":"<20","count":687,"tested":7020},{"age_group":"20-29   ","count":545,"tested":5744},{"age_group":"30-39   ","count":400,"tested":4595},{"age_group":"40-49   ","count":591,"tested":5647},{"age_group":"50-59   ","count":775,"tested":6901},{"age_group":"60-69   ","count":409,"tested":4914},{"age_group":"70-79   ","count":178,"tested":2755},{"age_group":"80+","count":66,"tested":1166}],"race":[{"description":"Black","count":172,"tested":2137,"color":"rgb(255,127,14)"},{"description":"Asian","count":44,"tested":516,"color":"rgb(140,86,75)"},{"description":"Other","count":109,"tested":1299,"color":"rgb(148,103,189)"},{"description":"Hispanic","count":134,"tested":1018,"color":"rgb(214,39,40)"},{"description":"Left Blank","count":1268,"tested":15422,"color":"rgb(44,160,44)"},{"description":"White","count":1920,"tested":18312,"color":"rgb(31,119,180)"}],"gender":[{"description":"Female","count":1869,"tested":20333,"color":"rgb(255,127,14)"},{"description":"Male","count":1761,"tested":17801,"color":"rgb(31,119,180)"},{"description":"Unknown/Left Blank","count":21,"tested":611,"color":"rgb(44,160,44)"}]}
