{"age":[{"age_group":"<20","count":138,"tested":1452},{"age_group":"20-29   ","count":156,"tested":1983},{"age_group":"30-39   ","count":149,"tested":1821},{"age_group":"40-49   ","count":147,"tested":1780},{"age_group":"50-59   ","count":156,"tested":2099},{"age_group":"60-69   ","count":114,"tested":1656},{"age_group":"70-79   ","count":49,"tested":1181},{"age_group":"80+","count":32,"tested":930}],"race":[{"description":"Hispanic","count":128,"tested":817,"color":"rgb(214,39,40)"},{"description":"Black","count":22,"tested":198,"color":"rgb(255,127,14)"},{"description":"Asian","count":9,"tested":182,"color":"rgb(140,86,75)"},{"description":"Left Blank","count":301,"tested":5362,"color":"rgb(44,160,44)"},{"description":"Other","count":29,"tested":279,"color":"rgb(148,103,189)"},{"description":"White","count":450,"tested":5989,"color":"rgb(31,119,180)"}],"gender":[{"description":"Male","count":466,"tested":5064,"color":"rgb(31,119,180)"},{"description":"Female","count":471,"tested":7713,"color":"rgb(255,127,14)"}]}
