{"age":[{"age_group":"<20","count":18,"tested":322},{"age_group":"20-29   ","count":18,"tested":343},{"age_group":"30-39   ","count":24,"tested":555},{"age_group":"40-49   ","count":28,"tested":385},{"age_group":"50-59   ","count":24,"tested":344},{"age_group":"60-69   ","count":25,"tested":265},{"age_group":"70-79   ","count":9,"tested":131}],"race":[{"description":"Left Blank","count":24,"tested":890,"color":"rgb(44,160,44)"},{"description":"White","count":120,"tested":1464,"color":"rgb(31,119,180)"}],"gender":[{"description":"Female","count":82,"tested":1513,"color":"rgb(255,127,14)"},{"description":"Male","count":70,"tested":848,"color":"rgb(31,119,180)"}]}
