{"age":[{"age_group":"<20","count":242,"tested":2502},{"age_group":"20-29   ","count":226,"tested":2018},{"age_group":"30-39   ","count":195,"tested":1708},{"age_group":"40-49   ","count":225,"tested":2090},{"age_group":"50-59   ","count":182,"tested":1984},{"age_group":"60-69   ","count":108,"tested":1210},{"age_group":"70-79   ","count":59,"tested":619},{"age_group":"80+","count":16,"tested":279}],"race":[{"description":"Other","count":14,"tested":189,"color":"rgb(148,103,189)"},{"description":"Left Blank","count":107,"tested":5398,"color":"rgb(44,160,44)"},{"description":"Black","count":21,"tested":202,"color":"rgb(255,127,14)"},{"description":"White","count":826,"tested":5600,"color":"rgb(31,119,180)"},{"description":"Asian","count":11,"tested":130,"color":"rgb(140,86,75)"},{"description":"Hispanic","count":271,"tested":877,"color":"rgb(214,39,40)"}],"gender":[{"description":"Male","count":622,"tested":5113,"color":"rgb(31,119,180)"},{"description":"Female","count":629,"tested":7216,"color":"rgb(255,127,14)"}]}
