{"age":[{"age_group":"<20","count":408,"tested":4572},{"age_group":"20-29   ","count":429,"tested":7386},{"age_group":"30-39   ","count":330,"tested":4853},{"age_group":"40-49   ","count":350,"tested":4145},{"age_group":"50-59   ","count":299,"tested":4664},{"age_group":"60-69   ","count":198,"tested":3627},{"age_group":"70-79   ","count":119,"tested":2288},{"age_group":"80+","count":66,"tested":1498}],"race":[{"description":"AI/AN**","count":6,"tested":20,"color":"rgb(31,119,180)"},{"description":"Hispanic","count":523,"tested":2255,"color":"rgb(214,39,40)"},{"description":"Asian","count":6,"tested":89,"color":"rgb(140,86,75)"},{"description":"White","count":716,"tested":7884,"color":"rgb(31,119,180)"},{"description":"Black","count":733,"tested":5817,"color":"rgb(255,127,14)"},{"description":"Left Blank","count":181,"tested":16534,"color":"rgb(44,160,44)"},{"description":"Other","count":33,"tested":433,"color":"rgb(148,103,189)"}],"gender":[{"description":"Female","count":1225,"tested":17030,"color":"rgb(255,127,14)"},{"description":"Male","count":957,"tested":15283,"color":"rgb(31,119,180)"},{"description":"Unknown/Left Blank","count":17,"tested":722,"color":"rgb(44,160,44)"}]}
