{"age":[{"age_group":"<20","count":52,"tested":658},{"age_group":"20-29   ","count":53,"tested":564},{"age_group":"30-39   ","count":60,"tested":506},{"age_group":"40-49   ","count":39,"tested":273},{"age_group":"50-59   ","count":43,"tested":358},{"age_group":"60-69   ","count":31,"tested":347},{"age_group":"70-79   ","count":12,"tested":159},{"age_group":"80+","count":12,"tested":103}],"race":[{"description":"Other","count":17,"tested":97,"color":"rgb(148,103,189)"},{"description":"Hispanic","count":11,"tested":57,"color":"rgb(214,39,40)"},{"description":"Left Blank","count":71,"tested":971,"color":"rgb(44,160,44)"},{"description":"White","count":201,"tested":1805,"color":"rgb(31,119,180)"}],"gender":[{"description":"Female","count":167,"tested":1637,"color":"rgb(255,127,14)"},{"description":"Male","count":134,"tested":1243,"color":"rgb(31,119,180)"}]}
