{"age":[{"age_group":"<20","count":346,"tested":3754},{"age_group":"20-29   ","count":298,"tested":3411},{"age_group":"30-39   ","count":340,"tested":4594},{"age_group":"40-49   ","count":371,"tested":4524},{"age_group":"50-59   ","count":259,"tested":3611},{"age_group":"60-69   ","count":206,"tested":3474},{"age_group":"70-79   ","count":66,"tested":1852},{"age_group":"80+","count":45,"tested":2841}],"race":[{"description":"Black","count":46,"tested":594,"color":"rgb(255,127,14)"},{"description":"Asian","count":21,"tested":426,"color":"rgb(140,86,75)"},{"description":"White","count":753,"tested":10490,"color":"rgb(31,119,180)"},{"description":"Hispanic","count":416,"tested":2922,"color":"rgb(214,39,40)"},{"description":"Other","count":93,"tested":1236,"color":"rgb(148,103,189)"},{"description":"Left Blank","count":598,"tested":12354,"color":"rgb(44,160,44)"}],"gender":[{"description":"Female","count":990,"tested":15940,"color":"rgb(255,127,14)"},{"description":"Male","count":916,"tested":11564,"color":"rgb(31,119,180)"},{"description":"Unknown/Left Blank","count":25,"tested":561,"color":"rgb(44,160,44)"}]}
