{"age":[{"age_group":"<20","count":1568,"tested":13312},{"age_group":"20-29   ","count":1837,"tested":18541},{"age_group":"30-39   ","count":1959,"tested":20484},{"age_group":"40-49   ","count":1755,"tested":18285},{"age_group":"50-59   ","count":1634,"tested":17607},{"age_group":"60-69   ","count":1062,"tested":14201},{"age_group":"70-79   ","count":470,"tested":6592},{"age_group":"80+","count":270,"tested":5498}],"race":[{"description":"Hispanic","count":4608,"tested":32517,"color":"rgb(214,39,40)"},{"description":"White","count":3287,"tested":33269,"color":"rgb(31,119,180)"},{"description":"Left Blank","count":1581,"tested":34598,"color":"rgb(44,160,44)"},{"description":"NH/PI*","count":26,"tested":249,"color":"rgb(127,127,127)"},{"description":"Black","count":207,"tested":3056,"color":"rgb(255,127,14)"},{"description":"Asian","count":334,"tested":4505,"color":"rgb(140,86,75)"},{"description":"Other","count":497,"tested":6204,"color":"rgb(148,103,189)"},{"description":"AI/AN**","count":15,"tested":159,"color":"rgb(31,119,180)"}],"gender":[{"description":"Unknown/Left Blank","count":86,"tested":1860,"color":"rgb(44,160,44)"},{"description":"Female","count":5408,"tested":62651,"color":"rgb(255,127,14)"},{"description":"Male","count":5061,"tested":50046,"color":"rgb(31,119,180)"}]}
