{"age":[{"age_group":"<20","count":131,"tested":1610},{"age_group":"20-29   ","count":244,"tested":3563},{"age_group":"30-39   ","count":236,"tested":3571},{"age_group":"40-49   ","count":159,"tested":2201},{"age_group":"50-59   ","count":133,"tested":1934},{"age_group":"60-69   ","count":75,"tested":1691},{"age_group":"70-79   ","count":32,"tested":612},{"age_group":"80+","count":30,"tested":544}],"race":[{"description":"Other","count":74,"tested":399,"color":"rgb(148,103,189)"},{"description":"Left Blank","count":370,"tested":7590,"color":"rgb(44,160,44)"},{"description":"Hispanic","count":128,"tested":1101,"color":"rgb(214,39,40)"},{"description":"White","count":293,"tested":3657,"color":"rgb(31,119,180)"},{"description":"Black","count":45,"tested":626,"color":"rgb(255,127,14)"},{"description":"Asian","count":126,"tested":2262,"color":"rgb(140,86,75)"}],"gender":[{"description":"Male","count":506,"tested":7199,"color":"rgb(31,119,180)"},{"description":"Female","count":526,"tested":8214,"color":"rgb(255,127,14)"}]}
