{"age":[{"age_group":"<20","count":70,"tested":1611},{"age_group":"20-29   ","count":39,"tested":858},{"age_group":"30-39   ","count":37,"tested":823},{"age_group":"40-49   ","count":54,"tested":1205},{"age_group":"50-59   ","count":45,"tested":830},{"age_group":"60-69   ","count":25,"tested":903},{"age_group":"70-79   ","count":10,"tested":484},{"age_group":"80+","count":9,"tested":213}],"race":[{"description":"Hispanic","count":21,"tested":232,"color":"rgb(214,39,40)"},{"description":"Left Blank","count":84,"tested":2654,"color":"rgb(44,160,44)"},{"description":"Black","count":28,"tested":424,"color":"rgb(255,127,14)"},{"description":"Asian","count":10,"tested":232,"color":"rgb(140,86,75)"},{"description":"White","count":123,"tested":2940,"color":"rgb(31,119,180)"},{"description":"Other","count":23,"tested":447,"color":"rgb(148,103,189)"}],"gender":[{"description":"Female","count":147,"tested":3736,"color":"rgb(255,127,14)"},{"description":"Male","count":142,"tested":3084,"color":"rgb(31,119,180)"}]}
