{"age":[{"age_group":"<20","count":421,"tested":4789},{"age_group":"20-29   ","count":331,"tested":4776},{"age_group":"30-39   ","count":266,"tested":3888},{"age_group":"40-49   ","count":395,"tested":4934},{"age_group":"50-59   ","count":378,"tested":5491},{"age_group":"60-69   ","count":159,"tested":3011},{"age_group":"70-79   ","count":48,"tested":1213},{"age_group":"80+","count":27,"tested":444}],"race":[{"description":"Asian","count":220,"tested":3251,"color":"rgb(140,86,75)"},{"description":"Black","count":294,"tested":3432,"color":"rgb(255,127,14)"},{"description":"Hispanic","count":285,"tested":2183,"color":"rgb(214,39,40)"},{"description":"White","count":564,"tested":7254,"color":"rgb(31,119,180)"},{"description":"Left Blank","count":565,"tested":11069,"color":"rgb(44,160,44)"},{"description":"Other","count":86,"tested":1226,"color":"rgb(148,103,189)"},{"description":"NH/PI*","count":7,"tested":35,"color":"rgb(127,127,127)"}],"gender":[{"description":"Female","count":1018,"tested":15356,"color":"rgb(255,127,14)"},{"description":"Unknown/Left Blank","count":25,"tested":360,"color":"rgb(44,160,44)"},{"description":"Male","count":982,"tested":12832,"color":"rgb(31,119,180)"}]}
