{"age":[{"age_group":"<20","count":418,"tested":3329},{"age_group":"20-29   ","count":473,"tested":5529},{"age_group":"30-39   ","count":469,"tested":5171},{"age_group":"40-49   ","count":472,"tested":4884},{"age_group":"50-59   ","count":388,"tested":4859},{"age_group":"60-69   ","count":230,"tested":3560},{"age_group":"70-79   ","count":95,"tested":1810},{"age_group":"80+","count":65,"tested":2655}],"race":[{"description":"Asian","count":53,"tested":678,"color":"rgb(140,86,75)"},{"description":"NH/PI*","count":7,"tested":37,"color":"rgb(127,127,127)"},{"description":"Black","count":23,"tested":308,"color":"rgb(255,127,14)"},{"description":"Other","count":90,"tested":1118,"color":"rgb(148,103,189)"},{"description":"Hispanic","count":1112,"tested":6380,"color":"rgb(214,39,40)"},{"description":"Left Blank","count":577,"tested":16458,"color":"rgb(44,160,44)"},{"description":"White","count":747,"tested":6805,"color":"rgb(31,119,180)"}],"gender":[{"description":"Male","count":1288,"tested":12513,"color":"rgb(31,119,180)"},{"description":"Female","count":1317,"tested":18861,"color":"rgb(255,127,14)"}]}
