{"age":[{"age_group":"<20","count":1406,"tested":11850},{"age_group":"20-29   ","count":1425,"tested":13684},{"age_group":"30-39   ","count":1267,"tested":11811},{"age_group":"40-49   ","count":1347,"tested":12627},{"age_group":"50-59   ","count":1028,"tested":10786},{"age_group":"60-69   ","count":545,"tested":6496},{"age_group":"70-79   ","count":230,"tested":3991},{"age_group":"80+","count":119,"tested":3577}],"race":[{"description":"White","count":1508,"tested":24129,"color":"rgb(31,119,180)"},{"description":"Left Blank","count":1833,"tested":24358,"color":"rgb(44,160,44)"},{"description":"Hispanic","count":3389,"tested":17524,"color":"rgb(214,39,40)"},{"description":"AI/AN**","count":9,"tested":113,"color":"rgb(31,119,180)"},{"description":"Other","count":270,"tested":2910,"color":"rgb(148,103,189)"},{"description":"Black","count":233,"tested":2954,"color":"rgb(255,127,14)"},{"description":"Asian","count":118,"tested":2580,"color":"rgb(140,86,75)"},{"description":"NH/PI*","count":10,"tested":269,"color":"rgb(127,127,127)"}],"gender":[{"description":"Male","count":3469,"tested":28930,"color":"rgb(31,119,180)"},{"description":"Female","count":3843,"tested":44763,"color":"rgb(255,127,14)"},{"description":"Unknown/Left Blank","count":58,"tested":1144,"color":"rgb(44,160,44)"}]}
