{"age":[{"age_group":"<20","count":554,"tested":11323},{"age_group":"20-29   ","count":416,"tested":11415},{"age_group":"30-39   ","count":338,"tested":10521},{"age_group":"40-49   ","count":452,"tested":15278},{"age_group":"50-59   ","count":460,"tested":16745},{"age_group":"60-69   ","count":372,"tested":14443},{"age_group":"70-79   ","count":280,"tested":9534},{"age_group":"80+","count":418,"tested":14050}],"race":[{"description":"Hispanic","count":129,"tested":2097,"color":"rgb(214,39,40)"},{"description":"Left Blank","count":882,"tested":59945,"color":"rgb(44,160,44)"},{"description":"Other","count":286,"tested":3650,"color":"rgb(148,103,189)"},{"description":"Asian","count":193,"tested":4924,"color":"rgb(140,86,75)"},{"description":"White","count":1744,"tested":30342,"color":"rgb(31,119,180)"},{"description":"Black","count":44,"tested":1492,"color":"rgb(255,127,14)"}],"gender":[{"description":"Male","count":1573,"tested":38884,"color":"rgb(31,119,180)"},{"description":"Female","count":1692,"tested":61332,"color":"rgb(255,127,14)"},{"description":"Unknown/Left Blank","count":25,"tested":3127,"color":"rgb(44,160,44)"}]}
