{"age":[{"age_group":"<20","count":451,"tested":4354},{"age_group":"20-29   ","count":536,"tested":5181},{"age_group":"30-39   ","count":366,"tested":4273},{"age_group":"40-49   ","count":461,"tested":4681},{"age_group":"50-59   ","count":498,"tested":5109},{"age_group":"60-69   ","count":327,"tested":3599},{"age_group":"70-79   ","count":135,"tested":1740},{"age_group":"80+","count":51,"tested":767}],"race":[{"description":"Asian","count":64,"tested":1028,"color":"rgb(140,86,75)"},{"description":"Left Blank","count":1035,"tested":12805,"color":"rgb(44,160,44)"},{"description":"Other","count":118,"tested":1258,"color":"rgb(148,103,189)"},{"description":"White","count":1347,"tested":12169,"color":"rgb(31,119,180)"},{"description":"Black","count":92,"tested":1163,"color":"rgb(255,127,14)"},{"description":"Hispanic","count":164,"tested":1210,"color":"rgb(214,39,40)"}],"gender":[{"description":"Unknown/Left Blank","count":18,"tested":540,"color":"rgb(44,160,44)"},{"description":"Male","count":1350,"tested":13148,"color":"rgb(31,119,180)"},{"description":"Female","count":1457,"tested":16018,"color":"rgb(255,127,14)"}]}
