{"age":[{"age_group":"<20","count":45,"tested":657},{"age_group":"20-29   ","count":50,"tested":548},{"age_group":"30-39   ","count":34,"tested":357},{"age_group":"40-49   ","count":43,"tested":294},{"age_group":"50-59   ","count":43,"tested":390},{"age_group":"60-69   ","count":32,"tested":337},{"age_group":"70-79   ","count":14,"tested":150},{"age_group":"80+","count":7,"tested":72}],"race":[{"description":"Hispanic","count":23,"tested":105,"color":"rgb(214,39,40)"},{"description":"Left Blank","count":86,"tested":1301,"color":"rgb(44,160,44)"},{"description":"White","count":158,"tested":1364,"color":"rgb(31,119,180)"}],"gender":[{"description":"Male","count":120,"tested":972,"color":"rgb(31,119,180)"},{"description":"Unknown/Left Blank","count":7,"tested":45,"color":"rgb(44,160,44)"},{"description":"Female","count":141,"tested":1788,"color":"rgb(255,127,14)"}]}
