{"age":[{"age_group":"<20","count":565,"tested":10261},{"age_group":"20-29   ","count":235,"tested":5083},{"age_group":"30-39   ","count":141,"tested":3699},{"age_group":"40-49   ","count":253,"tested":6077},{"age_group":"50-59   ","count":289,"tested":6764},{"age_group":"60-69   ","count":125,"tested":4286},{"age_group":"70-79   ","count":84,"tested":2591},{"age_group":"80+","count":92,"tested":2138}],"race":[{"description":"Other","count":203,"tested":3102,"color":"rgb(148,103,189)"},{"description":"Left Blank","count":376,"tested":16356,"color":"rgb(44,160,44)"},{"description":"Black","count":26,"tested":290,"color":"rgb(255,127,14)"},{"description":"Asian","count":72,"tested":1958,"color":"rgb(140,86,75)"},{"description":"Hispanic","count":76,"tested":748,"color":"rgb(214,39,40)"},{"description":"White","count":1028,"tested":18384,"color":"rgb(31,119,180)"}],"gender":[{"description":"Female","count":859,"tested":21546,"color":"rgb(255,127,14)"},{"description":"Male","count":910,"tested":19138,"color":"rgb(31,119,180)"},{"description":"Unknown/Left Blank","count":15,"tested":231,"color":"rgb(44,160,44)"}]}
