{"age":[{"age_group":"<20","count":168,"tested":2112},{"age_group":"20-29   ","count":176,"tested":2508},{"age_group":"30-39   ","count":166,"tested":2882},{"age_group":"40-49   ","count":206,"tested":2617},{"age_group":"50-59   ","count":245,"tested":3401},{"age_group":"60-69   ","count":218,"tested":3139},{"age_group":"70-79   ","count":94,"tested":1605},{"age_group":"80+","count":39,"tested":847}],"race":[{"description":"Hispanic","count":30,"tested":255,"color":"rgb(214,39,40)"},{"description":"Left Blank","count":289,"tested":9131,"color":"rgb(44,160,44)"},{"description":"White","count":934,"tested":9099,"color":"rgb(31,119,180)"},{"description":"Other","count":24,"tested":414,"color":"rgb(148,103,189)"},{"description":"Black","count":26,"tested":146,"color":"rgb(255,127,14)"}],"gender":[{"description":"Male","count":633,"tested":7890,"color":"rgb(31,119,180)"},{"description":"Female","count":676,"tested":10913,"color":"rgb(255,127,14)"}]}
