{"age":[{"age_group":"<20","count":53,"tested":405},{"age_group":"20-29   ","count":54,"tested":627},{"age_group":"30-39   ","count":50,"tested":579},{"age_group":"40-49   ","count":48,"tested":429},{"age_group":"50-59   ","count":65,"tested":778},{"age_group":"60-69   ","count":34,"tested":650},{"age_group":"70-79   ","count":18,"tested":296},{"age_group":"80+","count":11,"tested":187}],"race":[{"description":"Left Blank","count":75,"tested":1258,"color":"rgb(44,160,44)"},{"description":"Hispanic","count":29,"tested":165,"color":"rgb(214,39,40)"},{"description":"White","count":216,"tested":2265,"color":"rgb(31,119,180)"},{"description":"Black","count":9,"tested":90,"color":"rgb(255,127,14)"}],"gender":[{"description":"Female","count":163,"tested":2153,"color":"rgb(255,127,14)"},{"description":"Male","count":169,"tested":1716,"color":"rgb(31,119,180)"}]}
