{"age":[{"age_group":"<20","count":809,"tested":17327},{"age_group":"20-29   ","count":1449,"tested":27772},{"age_group":"30-39   ","count":617,"tested":8941},{"age_group":"40-49   ","count":495,"tested":5906},{"age_group":"50-59   ","count":413,"tested":6549},{"age_group":"60-69   ","count":282,"tested":5393},{"age_group":"70-79   ","count":172,"tested":4065},{"age_group":"80+","count":201,"tested":7829}],"race":[{"description":"Other","count":53,"tested":834,"color":"rgb(148,103,189)"},{"description":"Left Blank","count":999,"tested":35403,"color":"rgb(44,160,44)"},{"description":"Black","count":638,"tested":10233,"color":"rgb(255,127,14)"},{"description":"Hispanic","count":808,"tested":5933,"color":"rgb(214,39,40)"},{"description":"White","count":1864,"tested":29561,"color":"rgb(31,119,180)"},{"description":"Asian","count":72,"tested":1722,"color":"rgb(140,86,75)"}],"gender":[{"description":"Female","count":2369,"tested":52737,"color":"rgb(255,127,14)"},{"description":"Male","count":2058,"tested":30694,"color":"rgb(31,119,180)"},{"description":"Unknown/Left Blank","count":11,"tested":360,"color":"rgb(44,160,44)"}]}
