{"age":[{"age_group":"<20","count":90,"tested":1010},{"age_group":"20-29   ","count":91,"tested":1254},{"age_group":"30-39   ","count":85,"tested":1330},{"age_group":"40-49   ","count":81,"tested":1148},{"age_group":"50-59   ","count":107,"tested":1448},{"age_group":"60-69   ","count":89,"tested":1328},{"age_group":"70-79   ","count":79,"tested":936},{"age_group":"80+","count":55,"tested":934}],"race":[{"description":"Left Blank","count":52,"tested":1299,"color":"rgb(44,160,44)"},{"description":"Other","count":8,"tested":146,"color":"rgb(148,103,189)"},{"description":"White","count":577,"tested":7544,"color":"rgb(31,119,180)"},{"description":"Hispanic","count":28,"tested":197,"color":"rgb(214,39,40)"},{"description":"Black","count":11,"tested":182,"color":"rgb(255,127,14)"}],"gender":[{"description":"Female","count":382,"tested":5817,"color":"rgb(255,127,14)"},{"description":"Male","count":284,"tested":3483,"color":"rgb(31,119,180)"}]}
