{"age":[{"age_group":"<20","count":381,"tested":4691},{"age_group":"20-29   ","count":441,"tested":7910},{"age_group":"30-39   ","count":621,"tested":10240},{"age_group":"40-49   ","count":458,"tested":9118},{"age_group":"50-59   ","count":370,"tested":8777},{"age_group":"60-69   ","count":289,"tested":8534},{"age_group":"70-79   ","count":148,"tested":4775},{"age_group":"80+","count":87,"tested":2677}],"race":[{"description":"Left Blank","count":593,"tested":21642,"color":"rgb(44,160,44)"},{"description":"Other","count":52,"tested":1082,"color":"rgb(148,103,189)"},{"description":"White","count":82,"tested":2058,"color":"rgb(31,119,180)"},{"description":"Black","count":1961,"tested":30360,"color":"rgb(255,127,14)"},{"description":"Hispanic","count":84,"tested":1102,"color":"rgb(214,39,40)"},{"description":"Asian","count":20,"tested":378,"color":"rgb(140,86,75)"}],"gender":[{"description":"Male","count":1167,"tested":22966,"color":"rgb(31,119,180)"},{"description":"Unknown/Left Blank","count":23,"tested":1706,"color":"rgb(44,160,44)"},{"description":"Female","count":1605,"tested":32080,"color":"rgb(255,127,14)"}]}
