{"age":[{"age_group":"<20","count":315,"tested":2606},{"age_group":"20-29   ","count":466,"tested":3962},{"age_group":"30-39   ","count":486,"tested":4330},{"age_group":"40-49   ","count":395,"tested":3331},{"age_group":"50-59   ","count":357,"tested":4198},{"age_group":"60-69   ","count":246,"tested":3594},{"age_group":"70-79   ","count":126,"tested":3163},{"age_group":"80+","count":123,"tested":5463}],"race":[{"description":"Hispanic","count":1154,"tested":5029,"color":"rgb(214,39,40)"},{"description":"Left Blank","count":480,"tested":16528,"color":"rgb(44,160,44)"},{"description":"White","count":669,"tested":6626,"color":"rgb(31,119,180)"},{"description":"Asian","count":55,"tested":715,"color":"rgb(140,86,75)"},{"description":"Black","count":73,"tested":897,"color":"rgb(255,127,14)"},{"description":"Other","count":74,"tested":818,"color":"rgb(148,103,189)"}],"gender":[{"description":"Male","count":1216,"tested":12182,"color":"rgb(31,119,180)"},{"description":"Female","count":1290,"tested":17996,"color":"rgb(255,127,14)"}]}
