{"age":[{"age_group":"<20","count":422,"tested":6304},{"age_group":"20-29   ","count":514,"tested":6754},{"age_group":"30-39   ","count":533,"tested":7719},{"age_group":"40-49   ","count":546,"tested":8082},{"age_group":"50-59   ","count":547,"tested":8025},{"age_group":"60-69   ","count":318,"tested":6288},{"age_group":"70-79   ","count":154,"tested":3895},{"age_group":"80+","count":249,"tested":7563}],"race":[{"description":"Black","count":30,"tested":557,"color":"rgb(255,127,14)"},{"description":"Asian","count":68,"tested":1412,"color":"rgb(140,86,75)"},{"description":"White","count":1833,"tested":22423,"color":"rgb(31,119,180)"},{"description":"Hispanic","count":377,"tested":3451,"color":"rgb(214,39,40)"},{"description":"Other","count":171,"tested":1819,"color":"rgb(148,103,189)"},{"description":"Left Blank","count":796,"tested":24873,"color":"rgb(44,160,44)"}],"gender":[{"description":"Female","count":1632,"tested":30680,"color":"rgb(255,127,14)"},{"description":"Male","count":1604,"tested":22044,"color":"rgb(31,119,180)"},{"description":"Unknown/Left Blank","count":48,"tested":1912,"color":"rgb(44,160,44)"}]}
