{"age":[{"age_group":"<20","count":882,"tested":12879},{"age_group":"20-29   ","count":600,"tested":9439},{"age_group":"30-39   ","count":344,"tested":6500},{"age_group":"40-49   ","count":554,"tested":8220},{"age_group":"50-59   ","count":683,"tested":10056},{"age_group":"60-69   ","count":270,"tested":5396},{"age_group":"70-79   ","count":116,"tested":2944},{"age_group":"80+","count":38,"tested":1948}],"race":[{"description":"Black","count":129,"tested":2122,"color":"rgb(255,127,14)"},{"description":"Asian","count":354,"tested":7208,"color":"rgb(140,86,75)"},{"description":"Other","count":133,"tested":2548,"color":"rgb(148,103,189)"},{"description":"AI/AN**","count":10,"tested":152,"color":"rgb(31,119,180)"},{"description":"White","count":1536,"tested":19768,"color":"rgb(31,119,180)"},{"description":"Left Blank","count":1176,"tested":23993,"color":"rgb(44,160,44)"},{"description":"Hispanic","count":148,"tested":1547,"color":"rgb(214,39,40)"}],"gender":[{"description":"Female","count":1764,"tested":31264,"color":"rgb(255,127,14)"},{"description":"Male","count":1691,"tested":25732,"color":"rgb(31,119,180)"},{"description":"Unknown/Left Blank","count":32,"tested":399,"color":"rgb(44,160,44)"}]}
