{"age":[{"age_group":"<20","count":470,"tested":3929},{"age_group":"20-29   ","count":503,"tested":4286},{"age_group":"30-39   ","count":510,"tested":4266},{"age_group":"40-49   ","count":526,"tested":4277},{"age_group":"50-59   ","count":328,"tested":3184},{"age_group":"60-69   ","count":179,"tested":1883},{"age_group":"70-79   ","count":94,"tested":1045},{"age_group":"80+","count":28,"tested":518}],"race":[{"description":"Hispanic","count":996,"tested":4778,"color":"rgb(214,39,40)"},{"description":"Asian","count":38,"tested":370,"color":"rgb(140,86,75)"},{"description":"White","count":758,"tested":7494,"color":"rgb(31,119,180)"},{"description":"Black","count":159,"tested":1364,"color":"rgb(255,127,14)"},{"description":"Other","count":69,"tested":879,"color":"rgb(148,103,189)"},{"description":"Left Blank","count":613,"tested":8478,"color":"rgb(44,160,44)"}],"gender":[{"description":"Female","count":1373,"tested":13164,"color":"rgb(255,127,14)"},{"description":"Male","count":1259,"tested":10038,"color":"rgb(31,119,180)"}]}
