{"age":[{"age_group":"<20","count":21,"tested":122},{"age_group":"20-29   ","count":15,"tested":89},{"age_group":"30-39   ","count":21,"tested":173},{"age_group":"40-49   ","count":18,"tested":142},{"age_group":"50-59   ","count":20,"tested":156},{"age_group":"60-69   ","count":22,"tested":121},{"age_group":"70-79   ","count":13,"tested":66}],"race":[{"description":"Left Blank","count":34,"tested":322,"color":"rgb(44,160,44)"},{"description":"White","count":90,"tested":523,"color":"rgb(31,119,180)"},{"description":"Black","count":7,"tested":38,"color":"rgb(255,127,14)"}],"gender":[{"description":"Male","count":61,"tested":370,"color":"rgb(31,119,180)"},{"description":"Female","count":71,"tested":450,"color":"rgb(255,127,14)"}]}
