{"age":[{"age_group":"<20","count":43,"tested":393},{"age_group":"20-29   ","count":44,"tested":363},{"age_group":"30-39   ","count":51,"tested":340},{"age_group":"40-49   ","count":34,"tested":199},{"age_group":"50-59   ","count":38,"tested":264},{"age_group":"60-69   ","count":22,"tested":253},{"age_group":"70-79   ","count":8,"tested":104},{"age_group":"80+","count":10,"tested":76}],"race":[{"description":"Hispanic","count":11,"tested":29,"color":"rgb(214,39,40)"},{"description":"Left Blank","count":66,"tested":706,"color":"rgb(44,160,44)"},{"description":"White","count":161,"tested":1166,"color":"rgb(31,119,180)"}],"gender":[{"description":"Female","count":138,"tested":1120,"color":"rgb(255,127,14)"},{"description":"Male","count":111,"tested":802,"color":"rgb(31,119,180)"}]}
