{"age":[{"age_group":"<20","count":161,"tested":2329},{"age_group":"20-29   ","count":98,"tested":1764},{"age_group":"30-39   ","count":69,"tested":1271},{"age_group":"40-49   ","count":92,"tested":1810},{"age_group":"50-59   ","count":117,"tested":1830},{"age_group":"60-69   ","count":86,"tested":1587},{"age_group":"70-79   ","count":33,"tested":861},{"age_group":"80+","count":11,"tested":311}],"race":[{"description":"Hispanic","count":41,"tested":485,"color":"rgb(214,39,40)"},{"description":"Asian","count":9,"tested":416,"color":"rgb(140,86,75)"},{"description":"White","count":329,"tested":5672,"color":"rgb(31,119,180)"},{"description":"Left Blank","count":202,"tested":3969,"color":"rgb(44,160,44)"},{"description":"Other","count":43,"tested":546,"color":"rgb(148,103,189)"},{"description":"Black","count":43,"tested":666,"color":"rgb(255,127,14)"}],"gender":[{"description":"Female","count":316,"tested":6332,"color":"rgb(255,127,14)"},{"description":"Male","count":347,"tested":5258,"color":"rgb(31,119,180)"}]}
