{"age":[{"age_group":"<20","count":382,"tested":4113},{"age_group":"20-29   ","count":306,"tested":3855},{"age_group":"30-39   ","count":276,"tested":3722},{"age_group":"40-49   ","count":257,"tested":3017},{"age_group":"50-59   ","count":351,"tested":4010},{"age_group":"60-69   ","count":202,"tested":3211},{"age_group":"70-79   ","count":72,"tested":1970},{"age_group":"80+","count":82,"tested":2601}],"race":[{"description":"Asian","count":55,"tested":429,"color":"rgb(140,86,75)"},{"description":"White","count":1174,"tested":13778,"color":"rgb(31,119,180)"},{"description":"Left Blank","count":439,"tested":9968,"color":"rgb(44,160,44)"},{"description":"Hispanic","count":169,"tested":1187,"color":"rgb(214,39,40)"},{"description":"Black","count":35,"tested":541,"color":"rgb(255,127,14)"},{"description":"Other","count":53,"tested":602,"color":"rgb(148,103,189)"}],"gender":[{"description":"Male","count":907,"tested":11220,"color":"rgb(31,119,180)"},{"description":"Unknown/Left Blank","count":12,"tested":329,"color":"rgb(44,160,44)"},{"description":"Female","count":1010,"tested":14986,"color":"rgb(255,127,14)"}]}
