{"age":[{"age_group":"<20","count":43,"tested":275},{"age_group":"20-29   ","count":32,"tested":385},{"age_group":"30-39   ","count":29,"tested":299},{"age_group":"40-49   ","count":28,"tested":309},{"age_group":"50-59   ","count":38,"tested":415},{"age_group":"60-69   ","count":18,"tested":313},{"age_group":"80+","count":9,"tested":95}],"race":[{"description":"White","count":128,"tested":1185,"color":"rgb(31,119,180)"},{"description":"Left Blank","count":53,"tested":874,"color":"rgb(44,160,44)"},{"description":"Hispanic","count":17,"tested":82,"color":"rgb(214,39,40)"}],"gender":[{"description":"Female","count":104,"tested":1227,"color":"rgb(255,127,14)"},{"description":"Male","count":97,"tested":894,"color":"rgb(31,119,180)"}]}
