{"age":[{"age_group":"<20","count":415,"tested":5358},{"age_group":"20-29   ","count":548,"tested":5857},{"age_group":"30-39   ","count":432,"tested":6229},{"age_group":"40-49   ","count":400,"tested":5485},{"age_group":"50-59   ","count":418,"tested":5420},{"age_group":"60-69   ","count":340,"tested":4999},{"age_group":"70-79   ","count":247,"tested":3747},{"age_group":"80+","count":293,"tested":5058}],"race":[{"description":"Black","count":257,"tested":2138,"color":"rgb(255,127,14)"},{"description":"Asian","count":86,"tested":630,"color":"rgb(140,86,75)"},{"description":"White","count":1754,"tested":13678,"color":"rgb(31,119,180)"},{"description":"Other","count":52,"tested":861,"color":"rgb(148,103,189)"},{"description":"Left Blank","count":472,"tested":22755,"color":"rgb(44,160,44)"},{"description":"Hispanic","count":465,"tested":2080,"color":"rgb(214,39,40)"}],"gender":[{"description":"Female","count":1656,"tested":25458,"color":"rgb(255,127,14)"},{"description":"Male","count":1420,"tested":15686,"color":"rgb(31,119,180)"},{"description":"Unknown/Left Blank","count":18,"tested":1016,"color":"rgb(44,160,44)"}]}
