{"age":[{"age_group":"<20","count":15,"tested":160},{"age_group":"20-29   ","count":9,"tested":103},{"age_group":"40-49   ","count":16,"tested":107},{"age_group":"50-59   ","count":10,"tested":107},{"age_group":"60-69   ","count":15,"tested":172},{"age_group":"70-79   ","count":7,"tested":88}],"race":[{"description":"Left Blank","count":21,"tested":276,"color":"rgb(44,160,44)"},{"description":"White","count":35,"tested":483,"color":"rgb(31,119,180)"},{"description":"Hispanic","count":18,"tested":82,"color":"rgb(214,39,40)"}],"gender":[{"description":"Male","count":41,"tested":379,"color":"rgb(31,119,180)"},{"description":"Female","count":36,"tested":487,"color":"rgb(255,127,14)"}]}
