{"age":[{"age_group":"<20","count":56,"tested":557},{"age_group":"20-29   ","count":47,"tested":479},{"age_group":"30-39   ","count":55,"tested":495},{"age_group":"40-49   ","count":40,"tested":360},{"age_group":"50-59   ","count":56,"tested":489},{"age_group":"60-69   ","count":44,"tested":500},{"age_group":"70-79   ","count":19,"tested":250},{"age_group":"80+","count":8,"tested":142}],"race":[{"description":"White","count":266,"tested":2055,"color":"rgb(31,119,180)"},{"description":"Left Blank","count":37,"tested":1088,"color":"rgb(44,160,44)"},{"description":"Hispanic","count":12,"tested":56,"color":"rgb(214,39,40)"}],"gender":[{"description":"Male","count":167,"tested":1302,"color":"rgb(31,119,180)"},{"description":"Female","count":158,"tested":1911,"color":"rgb(255,127,14)"}]}
