{"age":[{"age_group":"<20","count":101,"tested":864},{"age_group":"20-29   ","count":129,"tested":1398},{"age_group":"30-39   ","count":127,"tested":1352},{"age_group":"40-49   ","count":115,"tested":1269},{"age_group":"50-59   ","count":129,"tested":1549},{"age_group":"60-69   ","count":92,"tested":1216},{"age_group":"70-79   ","count":41,"tested":862},{"age_group":"80+","count":30,"tested":740}],"race":[{"description":"Left Blank","count":272,"tested":4099,"color":"rgb(44,160,44)"},{"description":"Other","count":29,"tested":193,"color":"rgb(148,103,189)"},{"description":"White","count":328,"tested":4111,"color":"rgb(31,119,180)"},{"description":"Hispanic","count":107,"tested":551,"color":"rgb(214,39,40)"},{"description":"Black","count":18,"tested":148,"color":"rgb(255,127,14)"},{"description":"Asian","count":8,"tested":107,"color":"rgb(140,86,75)"}],"gender":[{"description":"Female","count":384,"tested":5564,"color":"rgb(255,127,14)"},{"description":"Male","count":375,"tested":3616,"color":"rgb(31,119,180)"}]}
