{"age":[{"age_group":"<20","count":541,"tested":4472},{"age_group":"20-29   ","count":649,"tested":7033},{"age_group":"30-39   ","count":563,"tested":6419},{"age_group":"40-49   ","count":573,"tested":5426},{"age_group":"50-59   ","count":706,"tested":7532},{"age_group":"60-69   ","count":399,"tested":4937},{"age_group":"70-79   ","count":161,"tested":2798},{"age_group":"80+","count":119,"tested":3462}],"race":[{"description":"AI/AN**","count":8,"tested":29,"color":"rgb(31,119,180)"},{"description":"NH/PI*","count":8,"tested":66,"color":"rgb(127,127,127)"},{"description":"Hispanic","count":380,"tested":1758,"color":"rgb(214,39,40)"},{"description":"White","count":1759,"tested":12520,"color":"rgb(31,119,180)"},{"description":"Black","count":55,"tested":633,"color":"rgb(255,127,14)"},{"description":"Asian","count":329,"tested":2583,"color":"rgb(140,86,75)"},{"description":"Other","count":118,"tested":983,"color":"rgb(148,103,189)"},{"description":"Left Blank","count":1054,"tested":23521,"color":"rgb(44,160,44)"}],"gender":[{"description":"Female","count":1843,"tested":24552,"color":"rgb(255,127,14)"},{"description":"Male","count":1847,"tested":16665,"color":"rgb(31,119,180)"},{"description":"Unknown/Left Blank","count":21,"tested":876,"color":"rgb(44,160,44)"}]}
