{"age":[{"age_group":"<20","count":234,"tested":2033},{"age_group":"20-29   ","count":293,"tested":3824},{"age_group":"30-39   ","count":307,"tested":4794},{"age_group":"40-49   ","count":297,"tested":4255},{"age_group":"50-59   ","count":297,"tested":4884},{"age_group":"60-69   ","count":235,"tested":5280},{"age_group":"70-79   ","count":121,"tested":3942},{"age_group":"80+","count":96,"tested":4726}],"race":[{"description":"White","count":595,"tested":6574,"color":"rgb(31,119,180)"},{"description":"Left Blank","count":516,"tested":20891,"color":"rgb(44,160,44)"},{"description":"Other","count":270,"tested":1818,"color":"rgb(148,103,189)"},{"description":"Asian","count":291,"tested":3026,"color":"rgb(140,86,75)"},{"description":"Black","count":40,"tested":322,"color":"rgb(255,127,14)"},{"description":"Hispanic","count":148,"tested":945,"color":"rgb(214,39,40)"},{"description":"NH/PI*","count":6,"tested":117,"color":"rgb(127,127,127)"},{"description":"AI/AN**","count":14,"tested":67,"color":"rgb(31,119,180)"}],"gender":[{"description":"Male","count":907,"tested":13653,"color":"rgb(31,119,180)"},{"description":"Female","count":965,"tested":19705,"color":"rgb(255,127,14)"}]}
