{"age":[{"age_group":"<20","count":14,"tested":76},{"age_group":"20-29   ","count":11,"tested":105},{"age_group":"30-39   ","count":6,"tested":43},{"age_group":"40-49   ","count":10,"tested":78},{"age_group":"50-59   ","count":11,"tested":158}],"race":[{"description":"White","count":49,"tested":555,"color":"rgb(31,119,180)"},{"description":"Left Blank","count":8,"tested":120,"color":"rgb(44,160,44)"}],"gender":[{"description":"Female","count":29,"tested":436,"color":"rgb(255,127,14)"},{"description":"Male","count":32,"tested":267,"color":"rgb(31,119,180)"}]}
