{"age":[{"age_group":"<20","count":326,"tested":6660},{"age_group":"20-29   ","count":263,"tested":4225},{"age_group":"30-39   ","count":169,"tested":3182},{"age_group":"40-49   ","count":229,"tested":3794},{"age_group":"50-59   ","count":291,"tested":4636},{"age_group":"60-69   ","count":181,"tested":4007},{"age_group":"70-79   ","count":94,"tested":2031},{"age_group":"80+","count":105,"tested":1914}],"race":[{"description":"Hispanic","count":89,"tested":1071,"color":"rgb(214,39,40)"},{"description":"Left Blank","count":411,"tested":10557,"color":"rgb(44,160,44)"},{"description":"White","count":1002,"tested":16295,"color":"rgb(31,119,180)"},{"description":"Other","count":85,"tested":1042,"color":"rgb(148,103,189)"},{"description":"Black","count":16,"tested":432,"color":"rgb(255,127,14)"},{"description":"Asian","count":50,"tested":946,"color":"rgb(140,86,75)"}],"gender":[{"description":"Female","count":817,"tested":15921,"color":"rgb(255,127,14)"},{"description":"Male","count":801,"tested":13267,"color":"rgb(31,119,180)"},{"description":"Unknown/Left Blank","count":40,"tested":1266,"color":"rgb(44,160,44)"}]}
