{"age":[{"age_group":"<20","count":137,"tested":996},{"age_group":"20-29   ","count":104,"tested":923},{"age_group":"30-39   ","count":156,"tested":1275},{"age_group":"40-49   ","count":129,"tested":1370},{"age_group":"50-59   ","count":106,"tested":1259},{"age_group":"60-69   ","count":61,"tested":520},{"age_group":"70-79   ","count":21,"tested":300}],"race":[{"description":"White","count":318,"tested":2467,"color":"rgb(31,119,180)"},{"description":"Left Blank","count":203,"tested":2873,"color":"rgb(44,160,44)"},{"description":"Other","count":24,"tested":123,"color":"rgb(148,103,189)"},{"description":"Hispanic","count":108,"tested":510,"color":"rgb(214,39,40)"},{"description":"Asian","count":52,"tested":566,"color":"rgb(140,86,75)"},{"description":"Black","count":16,"tested":146,"color":"rgb(255,127,14)"}],"gender":[{"description":"Female","count":371,"tested":3726,"color":"rgb(255,127,14)"},{"description":"Male","count":345,"tested":2910,"color":"rgb(31,119,180)"}]}
