{"age":[{"age_group":"<20","count":414,"tested":3016},{"age_group":"20-29   ","count":529,"tested":4342},{"age_group":"30-39   ","count":538,"tested":4312},{"age_group":"40-49   ","count":524,"tested":4082},{"age_group":"50-59   ","count":415,"tested":3548},{"age_group":"60-69   ","count":211,"tested":2463},{"age_group":"70-79   ","count":114,"tested":1446},{"age_group":"80+","count":104,"tested":1037}],"race":[{"description":"Other","count":65,"tested":1040,"color":"rgb(148,103,189)"},{"description":"Left Blank","count":829,"tested":9363,"color":"rgb(44,160,44)"},{"description":"Asian","count":39,"tested":303,"color":"rgb(140,86,75)"},{"description":"Black","count":291,"tested":2274,"color":"rgb(255,127,14)"},{"description":"Hispanic","count":535,"tested":2305,"color":"rgb(214,39,40)"},{"description":"White","count":1078,"tested":8913,"color":"rgb(31,119,180)"},{"description":"AI/AN**","count":12,"tested":32,"color":"rgb(31,119,180)"}],"gender":[{"description":"Female","count":1490,"tested":13454,"color":"rgb(255,127,14)"},{"description":"Male","count":1341,"tested":10022,"color":"rgb(31,119,180)"},{"description":"Unknown/Left Blank","count":18,"tested":777,"color":"rgb(44,160,44)"}]}
