{"age":[{"age_group":"<20","count":17,"tested":111},{"age_group":"20-29   ","count":8,"tested":68},{"age_group":"30-39   ","count":8,"tested":83},{"age_group":"50-59   ","count":12,"tested":142},{"age_group":"60-69   ","count":10,"tested":89},{"age_group":"70-79   ","count":6,"tested":43}],"race":[{"description":"White","count":52,"tested":356,"color":"rgb(31,119,180)"},{"description":"Left Blank","count":13,"tested":246,"color":"rgb(44,160,44)"}],"gender":[{"description":"Female","count":32,"tested":331,"color":"rgb(255,127,14)"},{"description":"Male","count":33,"tested":280,"color":"rgb(31,119,180)"}]}
