{"age":[{"age_group":"<20","count":164,"tested":1362},{"age_group":"20-29   ","count":196,"tested":1666},{"age_group":"30-39   ","count":183,"tested":1506},{"age_group":"40-49   ","count":160,"tested":1398},{"age_group":"50-59   ","count":183,"tested":1654},{"age_group":"60-69   ","count":132,"tested":1552},{"age_group":"70-79   ","count":78,"tested":1201},{"age_group":"80+","count":53,"tested":1233}],"race":[{"description":"White","count":695,"tested":5750,"color":"rgb(31,119,180)"},{"description":"Other","count":20,"tested":228,"color":"rgb(148,103,189)"},{"description":"Left Blank","count":263,"tested":4652,"color":"rgb(44,160,44)"},{"description":"Hispanic","count":155,"tested":825,"color":"rgb(214,39,40)"},{"description":"Asian","count":7,"tested":41,"color":"rgb(140,86,75)"},{"description":"Black","count":8,"tested":65,"color":"rgb(255,127,14)"}],"gender":[{"description":"Male","count":538,"tested":4354,"color":"rgb(31,119,180)"},{"description":"Female","count":604,"tested":6887,"color":"rgb(255,127,14)"}]}
