{"age":[{"age_group":"<20","count":290,"tested":5137},{"age_group":"20-29   ","count":309,"tested":6046},{"age_group":"30-39   ","count":270,"tested":5888},{"age_group":"40-49   ","count":258,"tested":5764},{"age_group":"50-59   ","count":254,"tested":5693},{"age_group":"60-69   ","count":182,"tested":4598},{"age_group":"70-79   ","count":119,"tested":3355},{"age_group":"80+","count":103,"tested":2648}],"race":[{"description":"Left Blank","count":382,"tested":15677,"color":"rgb(44,160,44)"},{"description":"Other","count":98,"tested":1778,"color":"rgb(148,103,189)"},{"description":"Black","count":391,"tested":4618,"color":"rgb(255,127,14)"},{"description":"Asian","count":45,"tested":922,"color":"rgb(140,86,75)"},{"description":"Hispanic","count":151,"tested":1615,"color":"rgb(214,39,40)"},{"description":"White","count":715,"tested":14500,"color":"rgb(31,119,180)"}],"gender":[{"description":"Male","count":835,"tested":15704,"color":"rgb(31,119,180)"},{"description":"Unknown/Left Blank","count":25,"tested":1059,"color":"rgb(44,160,44)"},{"description":"Female","count":925,"tested":22382,"color":"rgb(255,127,14)"}]}
