{"age":[{"age_group":"<20","count":279,"tested":1749},{"age_group":"20-29   ","count":377,"tested":3697},{"age_group":"30-39   ","count":370,"tested":3746},{"age_group":"40-49   ","count":323,"tested":3618},{"age_group":"50-59   ","count":259,"tested":3472},{"age_group":"60-69   ","count":165,"tested":2493},{"age_group":"70-79   ","count":79,"tested":1173},{"age_group":"80+","count":40,"tested":477}],"race":[{"description":"AI/AN**","count":17,"tested":57,"color":"rgb(31,119,180)"},{"description":"Other","count":61,"tested":981,"color":"rgb(148,103,189)"},{"description":"Black","count":253,"tested":2570,"color":"rgb(255,127,14)"},{"description":"Left Blank","count":596,"tested":10268,"color":"rgb(44,160,44)"},{"description":"White","count":398,"tested":4347,"color":"rgb(31,119,180)"},{"description":"Hispanic","count":561,"tested":2095,"color":"rgb(214,39,40)"}],"gender":[{"description":"Unknown/Left Blank","count":18,"tested":2837,"color":"rgb(44,160,44)"},{"description":"Male","count":910,"tested":7342,"color":"rgb(31,119,180)"},{"description":"Female","count":964,"tested":10250,"color":"rgb(255,127,14)"}]}
