{"age":[{"age_group":"<20","count":37,"tested":338},{"age_group":"20-29   ","count":41,"tested":424},{"age_group":"30-39   ","count":28,"tested":338},{"age_group":"40-49   ","count":26,"tested":360},{"age_group":"50-59   ","count":45,"tested":428},{"age_group":"60-69   ","count":37,"tested":453},{"age_group":"70-79   ","count":33,"tested":218},{"age_group":"80+","count":27,"tested":162}],"race":[{"description":"Left Blank","count":64,"tested":1548,"color":"rgb(44,160,44)"},{"description":"White","count":200,"tested":1135,"color":"rgb(31,119,180)"}],"gender":[{"description":"Male","count":125,"tested":880,"color":"rgb(31,119,180)"},{"description":"Female","count":149,"tested":1774,"color":"rgb(255,127,14)"}]}
