{"age":[{"age_group":"<20","count":67,"tested":627},{"age_group":"20-29   ","count":85,"tested":766},{"age_group":"30-39   ","count":74,"tested":788},{"age_group":"40-49   ","count":67,"tested":646},{"age_group":"50-59   ","count":45,"tested":530},{"age_group":"60-69   ","count":21,"tested":348},{"age_group":"70-79   ","count":7,"tested":146}],"race":[{"description":"Left Blank","count":96,"tested":1771,"color":"rgb(44,160,44)"},{"description":"White","count":154,"tested":1456,"color":"rgb(31,119,180)"},{"description":"Black","count":26,"tested":197,"color":"rgb(255,127,14)"},{"description":"Hispanic","count":86,"tested":354,"color":"rgb(214,39,40)"}],"gender":[{"description":"Female","count":193,"tested":2292,"color":"rgb(255,127,14)"},{"description":"Male","count":176,"tested":1559,"color":"rgb(31,119,180)"}]}
