{"age":[{"age_group":"<20","count":24,"tested":283},{"age_group":"20-29   ","count":37,"tested":334},{"age_group":"30-39   ","count":26,"tested":272},{"age_group":"40-49   ","count":41,"tested":325},{"age_group":"50-59   ","count":55,"tested":488},{"age_group":"60-69   ","count":26,"tested":348},{"age_group":"70-79   ","count":20,"tested":263},{"age_group":"80+","count":12,"tested":124}],"race":[{"description":"Hispanic","count":12,"tested":77,"color":"rgb(214,39,40)"},{"description":"Left Blank","count":66,"tested":556,"color":"rgb(44,160,44)"},{"description":"White","count":156,"tested":1738,"color":"rgb(31,119,180)"},{"description":"Other","count":6,"tested":54,"color":"rgb(148,103,189)"}],"gender":[{"description":"Female","count":130,"tested":1374,"color":"rgb(255,127,14)"},{"description":"Male","count":110,"tested":1007,"color":"rgb(31,119,180)"}]}
