{"age":[{"age_group":"<20","count":73,"tested":526},{"age_group":"20-29   ","count":54,"tested":481},{"age_group":"30-39   ","count":58,"tested":667},{"age_group":"40-49   ","count":53,"tested":368},{"age_group":"50-59   ","count":74,"tested":595},{"age_group":"60-69   ","count":53,"tested":507},{"age_group":"70-79   ","count":20,"tested":506},{"age_group":"80+","count":13,"tested":714}],"race":[{"description":"White","count":321,"tested":3226,"color":"rgb(31,119,180)"},{"description":"Left Blank","count":67,"tested":1033,"color":"rgb(44,160,44)"}],"gender":[{"description":"Female","count":208,"tested":2790,"color":"rgb(255,127,14)"},{"description":"Male","count":189,"tested":1529,"color":"rgb(31,119,180)"}]}
