{"age":[{"age_group":"<20","count":345,"tested":2536},{"age_group":"20-29   ","count":453,"tested":3747},{"age_group":"30-39   ","count":280,"tested":2847},{"age_group":"40-49   ","count":391,"tested":3307},{"age_group":"50-59   ","count":436,"tested":3671},{"age_group":"60-69   ","count":290,"tested":2637},{"age_group":"70-79   ","count":121,"tested":1222},{"age_group":"80+","count":45,"tested":513}],"race":[{"description":"Asian","count":48,"tested":564,"color":"rgb(140,86,75)"},{"description":"Left Blank","count":988,"tested":9999,"color":"rgb(44,160,44)"},{"description":"Other","count":95,"tested":726,"color":"rgb(148,103,189)"},{"description":"White","count":1042,"tested":7818,"color":"rgb(31,119,180)"},{"description":"Black","count":59,"tested":656,"color":"rgb(255,127,14)"},{"description":"Hispanic","count":126,"tested":677,"color":"rgb(214,39,40)"}],"gender":[{"description":"Unknown/Left Blank","count":27,"tested":272,"color":"rgb(44,160,44)"},{"description":"Male","count":1099,"tested":8823,"color":"rgb(31,119,180)"},{"description":"Female","count":1235,"tested":11386,"color":"rgb(255,127,14)"}]}
