{"age":[{"age_group":"<20","count":669,"tested":5632},{"age_group":"20-29   ","count":743,"tested":8605},{"age_group":"30-39   ","count":733,"tested":7812},{"age_group":"40-49   ","count":721,"tested":8396},{"age_group":"50-59   ","count":630,"tested":8778},{"age_group":"60-69   ","count":399,"tested":7022},{"age_group":"70-79   ","count":197,"tested":3894},{"age_group":"80+","count":110,"tested":2483}],"race":[{"description":"Asian","count":10,"tested":60,"color":"rgb(140,86,75)"},{"description":"Black","count":2023,"tested":24130,"color":"rgb(255,127,14)"},{"description":"Hispanic","count":652,"tested":3736,"color":"rgb(214,39,40)"},{"description":"Left Blank","count":1233,"tested":21388,"color":"rgb(44,160,44)"},{"description":"Other","count":89,"tested":921,"color":"rgb(148,103,189)"},{"description":"White","count":193,"tested":2358,"color":"rgb(31,119,180)"}],"gender":[]}
