{"age":[{"age_group":"<20","count":879,"tested":7984},{"age_group":"20-29   ","count":1009,"tested":11541},{"age_group":"30-39   ","count":883,"tested":9500},{"age_group":"40-49   ","count":864,"tested":8212},{"age_group":"50-59   ","count":782,"tested":8467},{"age_group":"60-69   ","count":470,"tested":6072},{"age_group":"70-79   ","count":174,"tested":2783},{"age_group":"80+","count":83,"tested":1566}],"race":[{"description":"AI/AN**","count":13,"tested":143,"color":"rgb(31,119,180)"},{"description":"Asian","count":512,"tested":5095,"color":"rgb(140,86,75)"},{"description":"Black","count":281,"tested":2208,"color":"rgb(255,127,14)"},{"description":"Hispanic","count":1879,"tested":8446,"color":"rgb(214,39,40)"},{"description":"Left Blank","count":1231,"tested":29697,"color":"rgb(44,160,44)"},{"description":"NH/PI*","count":13,"tested":101,"color":"rgb(127,127,127)"},{"description":"Other","count":225,"tested":1771,"color":"rgb(148,103,189)"},{"description":"White","count":990,"tested":8688,"color":"rgb(31,119,180)"}],"gender":[]}
