{"age":[{"age_group":"<20","count":333,"tested":3384},{"age_group":"20-29   ","count":426,"tested":5534},{"age_group":"30-39   ","count":415,"tested":5991},{"age_group":"40-49   ","count":347,"tested":5010},{"age_group":"50-59   ","count":333,"tested":5451},{"age_group":"60-69   ","count":252,"tested":4344},{"age_group":"70-79   ","count":100,"tested":1852},{"age_group":"80+","count":45,"tested":686}],"race":[{"description":"Black","count":1484,"tested":18145,"color":"rgb(255,127,14)"},{"description":"Hispanic","count":93,"tested":526,"color":"rgb(214,39,40)"},{"description":"Left Blank","count":589,"tested":12461,"color":"rgb(44,160,44)"},{"description":"Other","count":35,"tested":464,"color":"rgb(148,103,189)"},{"description":"White","count":42,"tested":570,"color":"rgb(31,119,180)"}],"gender":[]}
