{"age":[{"age_group":"<20","count":255,"tested":2116},{"age_group":"20-29   ","count":328,"tested":3443},{"age_group":"30-39   ","count":264,"tested":3529},{"age_group":"40-49   ","count":265,"tested":3136},{"age_group":"50-59   ","count":223,"tested":3476},{"age_group":"60-69   ","count":163,"tested":2693},{"age_group":"70-79   ","count":69,"tested":1119},{"age_group":"80+","count":35,"tested":855}],"race":[{"description":"Asian","count":17,"tested":269,"color":"rgb(140,86,75)"},{"description":"Black","count":207,"tested":2198,"color":"rgb(255,127,14)"},{"description":"Hispanic","count":276,"tested":1704,"color":"rgb(214,39,40)"},{"description":"Left Blank","count":522,"tested":10626,"color":"rgb(44,160,44)"},{"description":"Other","count":83,"tested":722,"color":"rgb(148,103,189)"},{"description":"White","count":492,"tested":4808,"color":"rgb(31,119,180)"}],"gender":[]}
