{"age":[{"age_group":"<20","count":451,"tested":5908},{"age_group":"20-29   ","count":353,"tested":5374},{"age_group":"30-39   ","count":292,"tested":4427},{"age_group":"40-49   ","count":410,"tested":5521},{"age_group":"50-59   ","count":413,"tested":6237},{"age_group":"60-69   ","count":169,"tested":3432},{"age_group":"70-79   ","count":55,"tested":1391},{"age_group":"80+","count":27,"tested":482}],"race":[{"description":"Asian","count":224,"tested":3942,"color":"rgb(140,86,75)"},{"description":"Black","count":313,"tested":3983,"color":"rgb(255,127,14)"},{"description":"Hispanic","count":306,"tested":2580,"color":"rgb(214,39,40)"},{"description":"Left Blank","count":596,"tested":12334,"color":"rgb(44,160,44)"},{"description":"NH/PI*","count":8,"tested":41,"color":"rgb(127,127,127)"},{"description":"Other","count":90,"tested":1383,"color":"rgb(148,103,189)"},{"description":"White","count":630,"tested":8393,"color":"rgb(31,119,180)"}],"gender":[]}
