{"age":[{"age_group":"<20","count":835,"tested":9270},{"age_group":"20-29   ","count":809,"tested":8820},{"age_group":"30-39   ","count":734,"tested":8366},{"age_group":"40-49   ","count":698,"tested":7601},{"age_group":"50-59   ","count":774,"tested":9592},{"age_group":"60-69   ","count":490,"tested":6878},{"age_group":"70-79   ","count":185,"tested":3808},{"age_group":"80+","count":196,"tested":3881}],"race":[{"description":"AI/AN**","count":7,"tested":95,"color":"rgb(31,119,180)"},{"description":"Asian","count":92,"tested":930,"color":"rgb(140,86,75)"},{"description":"Black","count":64,"tested":703,"color":"rgb(255,127,14)"},{"description":"Hispanic","count":681,"tested":3804,"color":"rgb(214,39,40)"},{"description":"Left Blank","count":1044,"tested":21353,"color":"rgb(44,160,44)"},{"description":"Other","count":118,"tested":1226,"color":"rgb(148,103,189)"},{"description":"White","count":2714,"tested":30008,"color":"rgb(31,119,180)"}],"gender":[]}
