{"age":[{"age_group":"<20","count":51,"tested":507},{"age_group":"20-29   ","count":58,"tested":736},{"age_group":"30-39   ","count":47,"tested":621},{"age_group":"40-49   ","count":47,"tested":466},{"age_group":"50-59   ","count":61,"tested":717},{"age_group":"60-69   ","count":45,"tested":566},{"age_group":"70-79   ","count":26,"tested":403},{"age_group":"80+","count":9,"tested":187}],"race":[{"description":"Asian","count":7,"tested":37,"color":"rgb(140,86,75)"},{"description":"Hispanic","count":24,"tested":128,"color":"rgb(214,39,40)"},{"description":"Left Blank","count":120,"tested":1316,"color":"rgb(44,160,44)"},{"description":"Other","count":6,"tested":68,"color":"rgb(148,103,189)"},{"description":"White","count":185,"tested":2623,"color":"rgb(31,119,180)"}],"gender":[]}
