{"age":[{"age_group":"<20","count":614,"tested":8937},{"age_group":"20-29   ","count":706,"tested":9591},{"age_group":"30-39   ","count":549,"tested":9488},{"age_group":"40-49   ","count":506,"tested":8338},{"age_group":"50-59   ","count":497,"tested":8484},{"age_group":"60-69   ","count":415,"tested":7938},{"age_group":"70-79   ","count":269,"tested":6137},{"age_group":"80+","count":319,"tested":8095}],"race":[{"description":"AI/AN**","count":6,"tested":37,"color":"rgb(31,119,180)"},{"description":"Asian","count":113,"tested":1547,"color":"rgb(140,86,75)"},{"description":"Black","count":395,"tested":3674,"color":"rgb(255,127,14)"},{"description":"Hispanic","count":573,"tested":3086,"color":"rgb(214,39,40)"},{"description":"Left Blank","count":386,"tested":35635,"color":"rgb(44,160,44)"},{"description":"Other","count":72,"tested":1525,"color":"rgb(148,103,189)"},{"description":"White","count":2327,"tested":21618,"color":"rgb(31,119,180)"}],"gender":[]}
