{"age":[{"age_group":"<20","count":65,"tested":503},{"age_group":"20-29   ","count":29,"tested":294},{"age_group":"30-39   ","count":44,"tested":370},{"age_group":"40-49   ","count":47,"tested":462},{"age_group":"50-59   ","count":38,"tested":466},{"age_group":"60-69   ","count":42,"tested":491},{"age_group":"70-79   ","count":25,"tested":305},{"age_group":"80+","count":7,"tested":151}],"race":[{"description":"Left Blank","count":74,"tested":947,"color":"rgb(44,160,44)"},{"description":"White","count":215,"tested":2013,"color":"rgb(31,119,180)"}],"gender":[]}
