{"age":[{"age_group":"<20","count":654,"tested":7064},{"age_group":"20-29   ","count":812,"tested":9940},{"age_group":"30-39   ","count":645,"tested":8369},{"age_group":"40-49   ","count":652,"tested":8254},{"age_group":"50-59   ","count":665,"tested":8283},{"age_group":"60-69   ","count":507,"tested":7753},{"age_group":"70-79   ","count":289,"tested":5900},{"age_group":"80+","count":194,"tested":4938}],"race":[{"description":"Asian","count":83,"tested":1729,"color":"rgb(140,86,75)"},{"description":"Black","count":143,"tested":3506,"color":"rgb(255,127,14)"},{"description":"Hispanic","count":238,"tested":2141,"color":"rgb(214,39,40)"},{"description":"Left Blank","count":1624,"tested":27676,"color":"rgb(44,160,44)"},{"description":"Other","count":195,"tested":2054,"color":"rgb(148,103,189)"},{"description":"White","count":2130,"tested":23262,"color":"rgb(31,119,180)"}],"gender":[]}
