{"age":[{"age_group":"<20","count":98,"tested":1180},{"age_group":"20-29   ","count":66,"tested":1143},{"age_group":"30-39   ","count":57,"tested":1005},{"age_group":"40-49   ","count":74,"tested":973},{"age_group":"50-59   ","count":74,"tested":1334},{"age_group":"60-69   ","count":67,"tested":1778},{"age_group":"70-79   ","count":43,"tested":1261},{"age_group":"80+","count":54,"tested":2062}],"race":[{"description":"Hispanic","count":21,"tested":176,"color":"rgb(214,39,40)"},{"description":"Left Blank","count":174,"tested":4477,"color":"rgb(44,160,44)"},{"description":"White","count":329,"tested":5948,"color":"rgb(31,119,180)"}],"gender":[]}
