{"age":[{"age_group":"<20","count":645,"tested":17106},{"age_group":"20-29   ","count":803,"tested":11923},{"age_group":"30-39   ","count":739,"tested":11941},{"age_group":"40-49   ","count":695,"tested":9885},{"age_group":"50-59   ","count":692,"tested":10331},{"age_group":"60-69   ","count":509,"tested":9889},{"age_group":"70-79   ","count":207,"tested":5348},{"age_group":"80+","count":242,"tested":8833}],"race":[{"description":"AI/AN**","count":10,"tested":155,"color":"rgb(31,119,180)"},{"description":"Asian","count":285,"tested":5727,"color":"rgb(140,86,75)"},{"description":"Black","count":63,"tested":1192,"color":"rgb(255,127,14)"},{"description":"Hispanic","count":1600,"tested":17884,"color":"rgb(214,39,40)"},{"description":"Left Blank","count":967,"tested":38836,"color":"rgb(44,160,44)"},{"description":"Other","count":250,"tested":2341,"color":"rgb(148,103,189)"},{"description":"White","count":1352,"tested":19147,"color":"rgb(31,119,180)"}],"gender":[]}
