{"age":[{"age_group":"<20","count":76,"tested":1170},{"age_group":"20-29   ","count":62,"tested":801},{"age_group":"30-39   ","count":73,"tested":853},{"age_group":"40-49   ","count":61,"tested":740},{"age_group":"50-59   ","count":87,"tested":1140},{"age_group":"60-69   ","count":64,"tested":808},{"age_group":"70-79   ","count":8,"tested":426}],"race":[{"description":"Hispanic","count":34,"tested":279,"color":"rgb(214,39,40)"},{"description":"Left Blank","count":136,"tested":2259,"color":"rgb(44,160,44)"},{"description":"Other","count":8,"tested":88,"color":"rgb(148,103,189)"},{"description":"White","count":251,"tested":3763,"color":"rgb(31,119,180)"}],"gender":[]}
