{"age":[{"age_group":"<20","count":555,"tested":6904},{"age_group":"20-29   ","count":621,"tested":7340},{"age_group":"30-39   ","count":652,"tested":8226},{"age_group":"40-49   ","count":613,"tested":7544},{"age_group":"50-59   ","count":586,"tested":7663},{"age_group":"60-69   ","count":341,"tested":5099},{"age_group":"70-79   ","count":151,"tested":2524},{"age_group":"80+","count":89,"tested":2817}],"race":[{"description":"Asian","count":17,"tested":166,"color":"rgb(140,86,75)"},{"description":"Black","count":141,"tested":2087,"color":"rgb(255,127,14)"},{"description":"Hispanic","count":149,"tested":1656,"color":"rgb(214,39,40)"},{"description":"Left Blank","count":1634,"tested":24004,"color":"rgb(44,160,44)"},{"description":"Other","count":232,"tested":2058,"color":"rgb(148,103,189)"},{"description":"White","count":1433,"tested":18130,"color":"rgb(31,119,180)"}],"gender":[]}
