{"age":[{"age_group":"<20","count":248,"tested":6418},{"age_group":"20-29   ","count":164,"tested":4300},{"age_group":"30-39   ","count":174,"tested":5249},{"age_group":"40-49   ","count":197,"tested":5386},{"age_group":"50-59   ","count":162,"tested":4597},{"age_group":"60-69   ","count":99,"tested":2805},{"age_group":"70-79   ","count":52,"tested":1500},{"age_group":"80+","count":13,"tested":476}],"race":[{"description":"Asian","count":26,"tested":1057,"color":"rgb(140,86,75)"},{"description":"Black","count":238,"tested":3575,"color":"rgb(255,127,14)"},{"description":"Hispanic","count":104,"tested":1420,"color":"rgb(214,39,40)"},{"description":"Left Blank","count":188,"tested":9867,"color":"rgb(44,160,44)"},{"description":"Other","count":48,"tested":1409,"color":"rgb(148,103,189)"},{"description":"White","count":501,"tested":13271,"color":"rgb(31,119,180)"}],"gender":[]}
