{"age":[{"age_group":"<20","count":366,"tested":3076},{"age_group":"20-29   ","count":472,"tested":4494},{"age_group":"30-39   ","count":449,"tested":4869},{"age_group":"40-49   ","count":395,"tested":3860},{"age_group":"50-59   ","count":379,"tested":3863},{"age_group":"60-69   ","count":248,"tested":3519},{"age_group":"70-79   ","count":113,"tested":1869},{"age_group":"80+","count":56,"tested":881}],"race":[{"description":"Asian","count":31,"tested":298,"color":"rgb(140,86,75)"},{"description":"Black","count":336,"tested":3979,"color":"rgb(255,127,14)"},{"description":"Hispanic","count":458,"tested":2872,"color":"rgb(214,39,40)"},{"description":"Left Blank","count":897,"tested":11177,"color":"rgb(44,160,44)"},{"description":"Other","count":82,"tested":878,"color":"rgb(148,103,189)"},{"description":"White","count":669,"tested":7163,"color":"rgb(31,119,180)"}],"gender":[]}
