{"age":[{"age_group":"<20","count":220,"tested":1167},{"age_group":"20-29   ","count":326,"tested":1978},{"age_group":"30-39   ","count":279,"tested":1698},{"age_group":"40-49   ","count":271,"tested":1595},{"age_group":"50-59   ","count":329,"tested":2342},{"age_group":"60-69   ","count":246,"tested":1639},{"age_group":"70-79   ","count":169,"tested":982},{"age_group":"80+","count":131,"tested":540}],"race":[{"description":"Hispanic","count":210,"tested":513,"color":"rgb(214,39,40)"},{"description":"Left Blank","count":477,"tested":4487,"color":"rgb(44,160,44)"},{"description":"Other","count":139,"tested":173,"color":"rgb(148,103,189)"},{"description":"Asian","count":115,"tested":80,"color":"rgb(140,86,75)"},{"description":"White","count":698,"tested":6576,"color":"rgb(31,119,180)"},{"description":"Black","count":115,"tested":83,"color":"rgb(255,127,14)"}],"gender":[{"description":"Female","count":688,"tested":6806,"color":"rgb(255,127,14)"},{"description":"Male","count":636,"tested":5066,"color":"rgb(31,119,180)"}]}
