{"age":[{"age_group":"<20","count":725,"tested":5000},{"age_group":"20-29   ","count":1388,"tested":17954},{"age_group":"30-39   ","count":1161,"tested":14616},{"age_group":"40-49   ","count":970,"tested":8643},{"age_group":"50-59   ","count":826,"tested":6523},{"age_group":"60-69   ","count":527,"tested":5125},{"age_group":"70-79   ","count":273,"tested":2322},{"age_group":"80+","count":155,"tested":1341}],"race":[{"description":"Other","count":245,"tested":2855,"color":"rgb(148,103,189)"},{"description":"Left Blank","count":984,"tested":18475,"color":"rgb(44,160,44)"},{"description":"Hispanic","count":3345,"tested":19485,"color":"rgb(214,39,40)"},{"description":"Asian","count":136,"tested":2250,"color":"rgb(140,86,75)"},{"description":"White","count":636,"tested":11174,"color":"rgb(31,119,180)"},{"description":"Black","count":601,"tested":7165,"color":"rgb(255,127,14)"},{"description":"AI/AN**","count":41,"tested":94,"color":"rgb(31,119,180)"}],"gender":[{"description":"Unknown/Left Blank","count":91,"tested":1855,"color":"rgb(44,160,44)"},{"description":"Male","count":3006,"tested":29564,"color":"rgb(31,119,180)"},{"description":"Female","count":2758,"tested":30124,"color":"rgb(255,127,14)"}]}
