{"age":[{"age_group":"<20","count":296,"tested":2481},{"age_group":"20-29   ","count":353,"tested":2855},{"age_group":"30-39   ","count":336,"tested":2670},{"age_group":"40-49   ","count":280,"tested":2009},{"age_group":"50-59   ","count":369,"tested":2787},{"age_group":"60-69   ","count":324,"tested":2681},{"age_group":"70-79   ","count":194,"tested":1680},{"age_group":"80+","count":177,"tested":2612}],"race":[{"description":"Hispanic","count":156,"tested":327,"color":"rgb(214,39,40)"},{"description":"Asian","count":70,"tested":64,"color":"rgb(140,86,75)"},{"description":"Left Blank","count":542,"tested":9523,"color":"rgb(44,160,44)"},{"description":"White","count":1151,"tested":8619,"color":"rgb(31,119,180)"},{"description":"Black","count":204,"tested":1024,"color":"rgb(255,127,14)"},{"description":"Other","count":82,"tested":214,"color":"rgb(148,103,189)"}],"gender":[{"description":"Female","count":1057,"tested":12150,"color":"rgb(255,127,14)"},{"description":"Male","count":884,"tested":7021,"color":"rgb(31,119,180)"},{"description":"Unknown/Left Blank","count":88,"tested":616,"color":"rgb(44,160,44)"}]}
