{"age":[{"age_group":"<20","count":112,"tested":2182},{"age_group":"20-29   ","count":97,"tested":1705},{"age_group":"30-39   ","count":107,"tested":2197},{"age_group":"40-49   ","count":98,"tested":2494},{"age_group":"50-59   ","count":101,"tested":2053},{"age_group":"60-69   ","count":75,"tested":1288},{"age_group":"70-79   ","count":44,"tested":746},{"age_group":"80+","count":21,"tested":228}],"race":[{"description":"Black","count":144,"tested":1428,"color":"rgb(255,127,14)"},{"description":"Hispanic","count":70,"tested":565,"color":"rgb(214,39,40)"},{"description":"White","count":236,"tested":5683,"color":"rgb(31,119,180)"},{"description":"Asian","count":24,"tested":287,"color":"rgb(140,86,75)"},{"description":"Other","count":38,"tested":630,"color":"rgb(148,103,189)"},{"description":"Left Blank","count":113,"tested":4280,"color":"rgb(44,160,44)"}],"gender":[{"description":"Male","count":284,"tested":5610,"color":"rgb(31,119,180)"},{"description":"Female","count":284,"tested":7054,"color":"rgb(255,127,14)"}]}
