{"age":[{"age_group":"<20","count":236,"tested":1653},{"age_group":"20-29   ","count":267,"tested":2104},{"age_group":"30-39   ","count":244,"tested":2189},{"age_group":"40-49   ","count":260,"tested":2142},{"age_group":"50-59   ","count":215,"tested":2373},{"age_group":"60-69   ","count":169,"tested":2456},{"age_group":"70-79   ","count":102,"tested":1286},{"age_group":"80+","count":96,"tested":1108}],"race":[{"description":"White","count":345,"tested":3098,"color":"rgb(31,119,180)"},{"description":"Other","count":101,"tested":440,"color":"rgb(148,103,189)"},{"description":"Left Blank","count":598,"tested":9305,"color":"rgb(44,160,44)"},{"description":"Hispanic","count":179,"tested":742,"color":"rgb(214,39,40)"},{"description":"Black","count":233,"tested":1647,"color":"rgb(255,127,14)"}],"gender":[{"description":"Male","count":624,"tested":6165,"color":"rgb(31,119,180)"},{"description":"Unknown/Left Blank","count":53,"tested":154,"color":"rgb(44,160,44)"},{"description":"Female","count":702,"tested":8995,"color":"rgb(255,127,14)"}]}
