{"age":[{"age_group":"<20","count":30,"tested":191},{"age_group":"20-29   ","count":104,"tested":286},{"age_group":"30-39   ","count":93,"tested":205},{"age_group":"40-49   ","count":82,"tested":184},{"age_group":"50-59   ","count":76,"tested":378},{"age_group":"60-69   ","count":44,"tested":273},{"age_group":"70-79   ","count":27,"tested":156}],"race":[{"description":"Left Blank","count":186,"tested":509,"color":"rgb(44,160,44)"},{"description":"White","count":153,"tested":1074,"color":"rgb(31,119,180)"},{"description":"Other","count":28,"tested":69,"color":"rgb(148,103,189)"},{"description":"Black","count":42,"tested":41,"color":"rgb(255,127,14)"}],"gender":[{"description":"Female","count":105,"tested":963,"color":"rgb(255,127,14)"},{"description":"Male","count":256,"tested":748,"color":"rgb(31,119,180)"},{"description":"Unknown/Left Blank","count":40,"tested":27,"color":"rgb(44,160,44)"}]}
