{"age":[{"age_group":"<20","count":149,"tested":1254},{"age_group":"20-29   ","count":211,"tested":2652},{"age_group":"30-39   ","count":195,"tested":2565},{"age_group":"40-49   ","count":192,"tested":2836},{"age_group":"50-59   ","count":248,"tested":4066},{"age_group":"60-69   ","count":194,"tested":4188},{"age_group":"70-79   ","count":94,"tested":1862},{"age_group":"80+","count":59,"tested":1117}],"race":[{"description":"Black","count":707,"tested":7387,"color":"rgb(255,127,14)"},{"description":"Hispanic","count":66,"tested":209,"color":"rgb(214,39,40)"},{"description":"White","count":37,"tested":310,"color":"rgb(31,119,180)"},{"description":"Other","count":24,"tested":174,"color":"rgb(148,103,189)"},{"description":"Left Blank","count":481,"tested":12443,"color":"rgb(44,160,44)"}],"gender":[{"description":"Female","count":729,"tested":11892,"color":"rgb(255,127,14)"},{"description":"Male","count":542,"tested":8268,"color":"rgb(31,119,180)"},{"description":"Unknown/Left Blank","count":26,"tested":387,"color":"rgb(44,160,44)"}]}
