{"age":[{"age_group":"<20","count":262,"tested":1932},{"age_group":"20-29   ","count":349,"tested":2822},{"age_group":"30-39   ","count":391,"tested":2562},{"age_group":"40-49   ","count":386,"tested":2526},{"age_group":"50-59   ","count":303,"tested":2528},{"age_group":"60-69   ","count":234,"tested":2300},{"age_group":"70-79   ","count":157,"tested":1635},{"age_group":"80+","count":122,"tested":1740}],"race":[{"description":"Hispanic","count":237,"tested":881,"color":"rgb(214,39,40)"},{"description":"White","count":391,"tested":5001,"color":"rgb(31,119,180)"},{"description":"Left Blank","count":975,"tested":10781,"color":"rgb(44,160,44)"},{"description":"Other","count":95,"tested":334,"color":"rgb(148,103,189)"},{"description":"Black","count":277,"tested":902,"color":"rgb(255,127,14)"},{"description":"Asian","count":92,"tested":138,"color":"rgb(140,86,75)"}],"gender":[{"description":"Female","count":765,"tested":10695,"color":"rgb(255,127,14)"},{"description":"Male","count":1024,"tested":6976,"color":"rgb(31,119,180)"},{"description":"Unknown/Left Blank","count":75,"tested":381,"color":"rgb(44,160,44)"}]}
