{"age":[{"age_group":"<20","count":255,"tested":1431},{"age_group":"20-29   ","count":315,"tested":1984},{"age_group":"30-39   ","count":276,"tested":1609},{"age_group":"40-49   ","count":257,"tested":1586},{"age_group":"50-59   ","count":339,"tested":2037},{"age_group":"60-69   ","count":268,"tested":1786},{"age_group":"70-79   ","count":171,"tested":722},{"age_group":"80+","count":150,"tested":503}],"race":[{"description":"Other","count":154,"tested":159,"color":"rgb(148,103,189)"},{"description":"Asian","count":144,"tested":114,"color":"rgb(140,86,75)"},{"description":"White","count":571,"tested":5443,"color":"rgb(31,119,180)"},{"description":"Left Blank","count":495,"tested":5409,"color":"rgb(44,160,44)"},{"description":"Hispanic","count":249,"tested":465,"color":"rgb(214,39,40)"}],"gender":[{"description":"Female","count":644,"tested":6468,"color":"rgb(255,127,14)"},{"description":"Male","count":563,"tested":5100,"color":"rgb(31,119,180)"}]}
