{"age":[{"age_group":"20-29   ","count":10,"tested":62},{"age_group":"30-39   ","count":12,"tested":48},{"age_group":"40-49   ","count":10,"tested":65},{"age_group":"50-59   ","count":13,"tested":87},{"age_group":"60-69   ","count":14,"tested":49}],"race":[{"description":"White","count":48,"tested":285,"color":"rgb(31,119,180)"},{"description":"Left Blank","count":11,"tested":121,"color":"rgb(44,160,44)"}],"gender":[{"description":"Female","count":33,"tested":219,"color":"rgb(255,127,14)"},{"description":"Male","count":26,"tested":187,"color":"rgb(31,119,180)"}]}
