{"age":[{"age_group":"<20","count":457,"tested":4208},{"age_group":"20-29   ","count":411,"tested":4175},{"age_group":"30-39   ","count":255,"tested":2735},{"age_group":"40-49   ","count":342,"tested":3560},{"age_group":"50-59   ","count":414,"tested":4650},{"age_group":"60-69   ","count":220,"tested":2643},{"age_group":"70-79   ","count":135,"tested":1471},{"age_group":"80+","count":107,"tested":928}],"race":[{"description":"Other","count":122,"tested":789,"color":"rgb(148,103,189)"},{"description":"Black","count":127,"tested":792,"color":"rgb(255,127,14)"},{"description":"Asian","count":195,"tested":2300,"color":"rgb(140,86,75)"},{"description":"White","count":692,"tested":8281,"color":"rgb(31,119,180)"},{"description":"Left Blank","count":910,"tested":11594,"color":"rgb(44,160,44)"},{"description":"Hispanic","count":138,"tested":555,"color":"rgb(214,39,40)"}],"gender":[{"description":"Female","count":950,"tested":13516,"color":"rgb(255,127,14)"},{"description":"Male","count":911,"tested":10717,"color":"rgb(31,119,180)"},{"description":"Unknown/Left Blank","count":95,"tested":142,"color":"rgb(44,160,44)"}]}
