{"age":[{"age_group":"<20","count":184,"tested":910},{"age_group":"20-29   ","count":263,"tested":1375},{"age_group":"30-39   ","count":204,"tested":1111},{"age_group":"40-49   ","count":208,"tested":1036},{"age_group":"50-59   ","count":138,"tested":826},{"age_group":"60-69   ","count":105,"tested":714},{"age_group":"70-79   ","count":49,"tested":312},{"age_group":"80+","count":39,"tested":220}],"race":[{"description":"Black","count":54,"tested":381,"color":"rgb(255,127,14)"},{"description":"Hispanic","count":492,"tested":1726,"color":"rgb(214,39,40)"},{"description":"Left Blank","count":315,"tested":2487,"color":"rgb(44,160,44)"},{"description":"Other","count":110,"tested":567,"color":"rgb(148,103,189)"},{"description":"White","count":163,"tested":1290,"color":"rgb(31,119,180)"}],"gender":[{"description":"Male","count":520,"tested":2851,"color":"rgb(31,119,180)"},{"description":"Female","count":566,"tested":3616,"color":"rgb(255,127,14)"}]}
