{"age":[{"age_group":"<20","count":930,"tested":4906},{"age_group":"20-29   ","count":1055,"tested":7054},{"age_group":"30-39   ","count":1043,"tested":6934},{"age_group":"40-49   ","count":1101,"tested":6491},{"age_group":"50-59   ","count":827,"tested":5546},{"age_group":"60-69   ","count":555,"tested":4143},{"age_group":"70-79   ","count":325,"tested":2145},{"age_group":"80+","count":226,"tested":1380}],"race":[{"description":"Left Blank","count":1449,"tested":13297,"color":"rgb(44,160,44)"},{"description":"Hispanic","count":2362,"tested":11145,"color":"rgb(214,39,40)"},{"description":"Other","count":399,"tested":2363,"color":"rgb(148,103,189)"},{"description":"White","count":1340,"tested":10550,"color":"rgb(31,119,180)"},{"description":"Asian","count":112,"tested":157,"color":"rgb(140,86,75)"},{"description":"Black","count":213,"tested":1050,"color":"rgb(255,127,14)"}],"gender":[{"description":"Male","count":2687,"tested":17457,"color":"rgb(31,119,180)"},{"description":"Female","count":2817,"tested":20716,"color":"rgb(255,127,14)"},{"description":"Unknown/Left Blank","count":113,"tested":437,"color":"rgb(44,160,44)"}]}
