{"age":[{"age_group":"<20","count":69,"tested":493},{"age_group":"20-29   ","count":85,"tested":661},{"age_group":"30-39   ","count":69,"tested":652},{"age_group":"40-49   ","count":69,"tested":564},{"age_group":"50-59   ","count":89,"tested":721},{"age_group":"60-69   ","count":75,"tested":627},{"age_group":"70-79   ","count":82,"tested":538},{"age_group":"80+","count":70,"tested":610}],"race":[{"description":"Left Blank","count":58,"tested":609,"color":"rgb(44,160,44)"},{"description":"Other","count":37,"tested":78,"color":"rgb(148,103,189)"},{"description":"White","count":338,"tested":3973,"color":"rgb(31,119,180)"},{"description":"Hispanic","count":51,"tested":113,"color":"rgb(214,39,40)"}],"gender":[{"description":"Female","count":237,"tested":2970,"color":"rgb(255,127,14)"},{"description":"Male","count":186,"tested":1825,"color":"rgb(31,119,180)"}]}
