{"age":[{"age_group":"<20","count":156,"tested":1400},{"age_group":"20-29   ","count":159,"tested":969},{"age_group":"30-39   ","count":130,"tested":959},{"age_group":"40-49   ","count":138,"tested":909},{"age_group":"50-59   ","count":117,"tested":843},{"age_group":"60-69   ","count":68,"tested":584},{"age_group":"70-79   ","count":60,"tested":275},{"age_group":"80+","count":31,"tested":167}],"race":[{"description":"White","count":392,"tested":3046,"color":"rgb(31,119,180)"},{"description":"Left Blank","count":206,"tested":2288,"color":"rgb(44,160,44)"},{"description":"Hispanic","count":121,"tested":322,"color":"rgb(214,39,40)"},{"description":"Other","count":51,"tested":236,"color":"rgb(148,103,189)"},{"description":"Black","count":31,"tested":136,"color":"rgb(255,127,14)"},{"description":"Asian","count":29,"tested":66,"color":"rgb(140,86,75)"}],"gender":[{"description":"Unknown/Left Blank","count":23,"tested":64,"color":"rgb(44,160,44)"},{"description":"Male","count":355,"tested":2592,"color":"rgb(31,119,180)"},{"description":"Female","count":411,"tested":3450,"color":"rgb(255,127,14)"}]}
