{"age":[{"age_group":"<20","count":119,"tested":1234},{"age_group":"20-29   ","count":95,"tested":804},{"age_group":"30-39   ","count":66,"tested":633},{"age_group":"40-49   ","count":91,"tested":767},{"age_group":"50-59   ","count":91,"tested":1059},{"age_group":"60-69   ","count":53,"tested":742},{"age_group":"70-79   ","count":23,"tested":405},{"age_group":"80+","count":51,"tested":441}],"race":[{"description":"Other","count":25,"tested":202,"color":"rgb(148,103,189)"},{"description":"Left Blank","count":200,"tested":3211,"color":"rgb(44,160,44)"},{"description":"Asian","count":36,"tested":208,"color":"rgb(140,86,75)"},{"description":"White","count":242,"tested":2258,"color":"rgb(31,119,180)"},{"description":"Hispanic","count":28,"tested":106,"color":"rgb(214,39,40)"},{"description":"Black","count":31,"tested":101,"color":"rgb(255,127,14)"}],"gender":[{"description":"Male","count":243,"tested":2522,"color":"rgb(31,119,180)"},{"description":"Female","count":266,"tested":3485,"color":"rgb(255,127,14)"}]}
