{"age":[{"age_group":"<20","count":58,"tested":630},{"age_group":"20-29   ","count":51,"tested":432},{"age_group":"30-39   ","count":43,"tested":447},{"age_group":"40-49   ","count":47,"tested":385},{"age_group":"50-59   ","count":57,"tested":529},{"age_group":"60-69   ","count":57,"tested":595},{"age_group":"70-79   ","count":32,"tested":485},{"age_group":"80+","count":61,"tested":958}],"race":[{"description":"Left Blank","count":200,"tested":2064,"color":"rgb(44,160,44)"},{"description":"White","count":144,"tested":2340,"color":"rgb(31,119,180)"}],"gender":[{"description":"Male","count":152,"tested":1678,"color":"rgb(31,119,180)"},{"description":"Female","count":190,"tested":2748,"color":"rgb(255,127,14)"}]}
