{"lastUpdatedDate":{"year":2021,"month":6,"day":7},"county_demographics":[{"County":"Jefferson","confirmed_cases":4412,"total_tested":59889,"demographics":{"age":[{"race":[],"age_group":"<20","count":514,"tested":4689,"deaths":0},{"race":[],"age_group":"20-29   ","count":600,"tested":8846,"deaths":0},{"race":[],"age_group":"30-39   ","count":638,"tested":10984,"deaths":0},{"race":[],"age_group":"40-49   ","count":631,"tested":10731,"deaths":0},{"race":[],"age_group":"50-59   ","count":700,"tested":9586,"deaths":0},{"race":[],"age_group":"60-69   ","count":579,"tested":6188,"deaths":0},{"race":[],"age_group":"70-79   ","count":408,"tested":4185,"deaths":0},{"race":[],"age_group":"80+","count":340,"tested":4214,"deaths":0},{"race":[],"age_group":"Unknown","count":0,"tested":466,"deaths":0}],"race":[{"description":"AI/AN**","count":0,"tested":24,"deaths":0,"color":"rgb(31,119,180)"},{"description":"Asian","count":17,"tested":142,"deaths":0,"color":"rgb(140,86,75)"},{"description":"Black","count":177,"tested":2179,"deaths":0,"color":"rgb(255,127,14)"},{"description":"Hispanic","count":90,"tested":646,"deaths":0,"color":"rgb(214,39,40)"},{"description":"Left Blank","count":1806,"tested":32272,"deaths":0,"color":"rgb(44,160,44)"},{"description":"NH/PI*","count":0,"tested":29,"deaths":0,"color":"rgb(127,127,127)"},{"description":"Other","count":68,"tested":1633,"deaths":0,"color":"rgb(148,103,189)"},{"description":"White","count":2248,"tested":22964,"deaths":0,"color":"rgb(31,119,180)"}],"gender":[{"description":"Female","count":2184,"tested":25959,"deaths":0,"color":"rgb(255,127,14)"},{"description":"Male","count":1888,"tested":21341,"deaths":0,"color":"rgb(31,119,180)"},{"description":"Unknown/Left Blank","count":338,"tested":12589,"deaths":0,"color":"rgb(44,160,44)"}]}}]}
