{"lastUpdatedDate":{"year":2021,"month":6,"day":7},"county_demographics":[{"County":"LaSalle","confirmed_cases":12737,"total_tested":209079,"demographics":{"age":[{"race":[],"age_group":"<20","count":1800,"tested":19905,"deaths":0},{"race":[],"age_group":"20-29   ","count":2124,"tested":36465,"deaths":0},{"race":[],"age_group":"30-39   ","count":1976,"tested":37226,"deaths":0},{"race":[],"age_group":"40-49   ","count":1869,"tested":31526,"deaths":0},{"race":[],"age_group":"50-59   ","count":1948,"tested":28794,"deaths":0},{"race":[],"age_group":"60-69   ","count":1430,"tested":21231,"deaths":0},{"race":[],"age_group":"70-79   ","count":809,"tested":12365,"deaths":0},{"race":[],"age_group":"80+","count":779,"tested":19959,"deaths":0},{"race":[],"age_group":"Unknown","count":0,"tested":1608,"deaths":0}],"race":[{"description":"AI/AN**","count":7,"tested":93,"deaths":0,"color":"rgb(31,119,180)"},{"description":"Asian","count":31,"tested":676,"deaths":0,"color":"rgb(140,86,75)"},{"description":"Black","count":202,"tested":2093,"deaths":0,"color":"rgb(255,127,14)"},{"description":"Hispanic","count":937,"tested":6843,"deaths":0,"color":"rgb(214,39,40)"},{"description":"Left Blank","count":3044,"tested":99561,"deaths":0,"color":"rgb(44,160,44)"},{"description":"NH/PI*","count":0,"tested":199,"deaths":0,"color":"rgb(127,127,127)"},{"description":"Other","count":554,"tested":4004,"deaths":0,"color":"rgb(148,103,189)"},{"description":"White","count":7955,"tested":95610,"deaths":0,"color":"rgb(31,119,180)"}],"gender":[{"description":"Female","count":6531,"tested":98013,"deaths":0,"color":"rgb(255,127,14)"},{"description":"Male","count":5863,"tested":78848,"deaths":0,"color":"rgb(31,119,180)"},{"description":"Unknown/Left Blank","count":343,"tested":32218,"deaths":0,"color":"rgb(44,160,44)"}]}}]}
