{"lastUpdatedDate":{"year":2021,"month":6,"day":7},"county_demographics":[{"County":"Pulaski","confirmed_cases":697,"total_tested":7071,"demographics":{"age":[{"race":[],"age_group":"<20","count":88,"tested":633,"deaths":0},{"race":[],"age_group":"20-29   ","count":127,"tested":1191,"deaths":0},{"race":[],"age_group":"30-39   ","count":114,"tested":1430,"deaths":0},{"race":[],"age_group":"40-49   ","count":124,"tested":1406,"deaths":0},{"race":[],"age_group":"50-59   ","count":79,"tested":1289,"deaths":0},{"race":[],"age_group":"60-69   ","count":85,"tested":693,"deaths":0},{"race":[],"age_group":"70-79   ","count":39,"tested":293,"deaths":0},{"race":[],"age_group":"80+","count":19,"tested":136,"deaths":0}],"race":[{"description":"AI/AN**","count":0,"tested":6,"deaths":0,"color":"rgb(31,119,180)"},{"description":"Asian","count":0,"tested":10,"deaths":0,"color":"rgb(140,86,75)"},{"description":"Black","count":108,"tested":1414,"deaths":0,"color":"rgb(255,127,14)"},{"description":"Hispanic","count":102,"tested":747,"deaths":0,"color":"rgb(214,39,40)"},{"description":"Left Blank","count":156,"tested":2133,"deaths":0,"color":"rgb(44,160,44)"},{"description":"NH/PI*","count":0,"tested":0,"deaths":0,"color":"rgb(127,127,127)"},{"description":"Other","count":0,"tested":126,"deaths":0,"color":"rgb(148,103,189)"},{"description":"White","count":325,"tested":2633,"deaths":0,"color":"rgb(31,119,180)"}],"gender":[{"description":"Female","count":318,"tested":3426,"deaths":0,"color":"rgb(255,127,14)"},{"description":"Male","count":349,"tested":3040,"deaths":0,"color":"rgb(31,119,180)"},{"description":"Unknown/Left Blank","count":30,"tested":605,"deaths":0,"color":"rgb(44,160,44)"}]}}]}
