{"lastUpdatedDate":{"year":2021,"month":6,"day":7},"county_demographics":[{"County":"Lee","confirmed_cases":4193,"total_tested":105767,"demographics":{"age":[{"race":[],"age_group":"<20","count":558,"tested":5058,"deaths":0},{"race":[],"age_group":"20-29   ","count":688,"tested":17383,"deaths":0},{"race":[],"age_group":"30-39   ","count":627,"tested":23139,"deaths":0},{"race":[],"age_group":"40-49   ","count":655,"tested":22170,"deaths":0},{"race":[],"age_group":"50-59   ","count":683,"tested":16607,"deaths":0},{"race":[],"age_group":"60-69   ","count":498,"tested":9878,"deaths":0},{"race":[],"age_group":"70-79   ","count":263,"tested":4060,"deaths":0},{"race":[],"age_group":"80+","count":205,"tested":5171,"deaths":0},{"race":[],"age_group":"Unknown","count":15,"tested":2301,"deaths":0}],"race":[{"description":"AI/AN**","count":0,"tested":14,"deaths":0,"color":"rgb(31,119,180)"},{"description":"Asian","count":17,"tested":192,"deaths":0,"color":"rgb(140,86,75)"},{"description":"Black","count":160,"tested":1757,"deaths":0,"color":"rgb(255,127,14)"},{"description":"Hispanic","count":130,"tested":1012,"deaths":0,"color":"rgb(214,39,40)"},{"description":"Left Blank","count":1265,"tested":79349,"deaths":0,"color":"rgb(44,160,44)"},{"description":"NH/PI*","count":0,"tested":8,"deaths":0,"color":"rgb(127,127,127)"},{"description":"Other","count":93,"tested":736,"deaths":0,"color":"rgb(148,103,189)"},{"description":"White","count":2522,"tested":22699,"deaths":0,"color":"rgb(31,119,180)"}],"gender":[{"description":"Female","count":1937,"tested":24344,"deaths":0,"color":"rgb(255,127,14)"},{"description":"Male","count":2116,"tested":50875,"deaths":0,"color":"rgb(31,119,180)"},{"description":"Unknown/Left Blank","count":136,"tested":30548,"deaths":0,"color":"rgb(44,160,44)"}]}}]}
