{"lastUpdatedDate":{"year":2021,"month":6,"day":7},"county_demographics":[{"County":"Pope","confirmed_cases":327,"total_tested":3789,"demographics":{"age":[{"race":[],"age_group":"<20","count":37,"tested":430,"deaths":0},{"race":[],"age_group":"20-29   ","count":36,"tested":466,"deaths":0},{"race":[],"age_group":"30-39   ","count":26,"tested":540,"deaths":0},{"race":[],"age_group":"40-49   ","count":47,"tested":640,"deaths":0},{"race":[],"age_group":"50-59   ","count":50,"tested":675,"deaths":0},{"race":[],"age_group":"60-69   ","count":68,"tested":616,"deaths":0},{"race":[],"age_group":"70-79   ","count":31,"tested":278,"deaths":0},{"race":[],"age_group":"80+","count":17,"tested":144,"deaths":0}],"race":[{"description":"AI/AN**","count":0,"tested":0,"deaths":0,"color":"rgb(31,119,180)"},{"description":"Black","count":0,"tested":24,"deaths":0,"color":"rgb(255,127,14)"},{"description":"Hispanic","count":0,"tested":0,"deaths":0,"color":"rgb(214,39,40)"},{"description":"Left Blank","count":118,"tested":2103,"deaths":0,"color":"rgb(44,160,44)"},{"description":"NH/PI*","count":0,"tested":0,"deaths":0,"color":"rgb(127,127,127)"},{"description":"Other","count":0,"tested":19,"deaths":0,"color":"rgb(148,103,189)"},{"description":"White","count":202,"tested":1637,"deaths":0,"color":"rgb(31,119,180)"}],"gender":[{"description":"Female","count":165,"tested":1833,"deaths":0,"color":"rgb(255,127,14)"},{"description":"Male","count":159,"tested":1465,"deaths":0,"color":"rgb(31,119,180)"},{"description":"Unknown/Left Blank","count":0,"tested":491,"deaths":0,"color":"rgb(44,160,44)"}]}}]}
