{"lastUpdatedDate":{"year":2021,"month":3,"day":2},"county_demographics":[{"County":"Logan","confirmed_cases":3307,"total_tested":66528,"demographics":{"age":[{"race":[],"age_group":"<20","count":351,"tested":6103,"deaths":0},{"race":[],"age_group":"20-29   ","count":525,"tested":10793,"deaths":0},{"race":[],"age_group":"30-39   ","count":661,"tested":13212,"deaths":0},{"race":[],"age_group":"40-49   ","count":509,"tested":10131,"deaths":0},{"race":[],"age_group":"50-59   ","count":466,"tested":9037,"deaths":0},{"race":[],"age_group":"60-69   ","count":364,"tested":6346,"deaths":0},{"race":[],"age_group":"70-79   ","count":220,"tested":3557,"deaths":0},{"race":[],"age_group":"80+","count":209,"tested":4621,"deaths":0},{"race":[],"age_group":"Unknown","count":0,"tested":2728,"deaths":0}],"race":[{"description":"AI/AN**","count":0,"tested":20,"deaths":0,"color":"rgb(31,119,180)"},{"description":"Asian","count":14,"tested":76,"deaths":0,"color":"rgb(140,86,75)"},{"description":"Black","count":350,"tested":1186,"deaths":0,"color":"rgb(255,127,14)"},{"description":"Hispanic","count":99,"tested":312,"deaths":0,"color":"rgb(214,39,40)"},{"description":"Left Blank","count":512,"tested":44997,"deaths":0,"color":"rgb(44,160,44)"},{"description":"NH/PI*","count":0,"tested":33,"deaths":0,"color":"rgb(127,127,127)"},{"description":"Other","count":21,"tested":531,"deaths":0,"color":"rgb(148,103,189)"},{"description":"White","count":2303,"tested":19373,"deaths":0,"color":"rgb(31,119,180)"}],"gender":[{"description":"Female","count":1758,"tested":32424,"deaths":0,"color":"rgb(255,127,14)"},{"description":"Male","count":1349,"tested":16099,"deaths":0,"color":"rgb(31,119,180)"},{"description":"Unknown/Left Blank","count":200,"tested":18005,"deaths":0,"color":"rgb(44,160,44)"}]}}]}
