{"lastUpdatedDate":{"year":2021,"month":3,"day":2},"county_demographics":[{"County":"Johnson","confirmed_cases":1347,"total_tested":33603,"demographics":{"age":[{"race":[],"age_group":"<20","count":162,"tested":1429,"deaths":0},{"race":[],"age_group":"20-29   ","count":216,"tested":5834,"deaths":0},{"race":[],"age_group":"30-39   ","count":243,"tested":7760,"deaths":0},{"race":[],"age_group":"40-49   ","count":221,"tested":6516,"deaths":0},{"race":[],"age_group":"50-59   ","count":220,"tested":4456,"deaths":0},{"race":[],"age_group":"60-69   ","count":140,"tested":2293,"deaths":0},{"race":[],"age_group":"70-79   ","count":86,"tested":1120,"deaths":0},{"race":[],"age_group":"80+","count":54,"tested":1060,"deaths":0},{"race":[],"age_group":"Unknown","count":0,"tested":3135,"deaths":0}],"race":[{"description":"AI/AN**","count":0,"tested":0,"deaths":0,"color":"rgb(31,119,180)"},{"description":"Asian","count":0,"tested":72,"deaths":0,"color":"rgb(140,86,75)"},{"description":"Black","count":151,"tested":437,"deaths":0,"color":"rgb(255,127,14)"},{"description":"Hispanic","count":68,"tested":238,"deaths":0,"color":"rgb(214,39,40)"},{"description":"Left Blank","count":255,"tested":26019,"deaths":0,"color":"rgb(44,160,44)"},{"description":"NH/PI*","count":0,"tested":8,"deaths":0,"color":"rgb(127,127,127)"},{"description":"Other","count":7,"tested":89,"deaths":0,"color":"rgb(148,103,189)"},{"description":"White","count":857,"tested":6738,"deaths":0,"color":"rgb(31,119,180)"}],"gender":[{"description":"Female","count":523,"tested":6579,"deaths":0,"color":"rgb(255,127,14)"},{"description":"Male","count":767,"tested":6029,"deaths":0,"color":"rgb(31,119,180)"},{"description":"Unknown/Left Blank","count":55,"tested":20995,"deaths":0,"color":"rgb(44,160,44)"}]}}]}
