{"lastUpdatedDate":{"year":2021,"month":3,"day":2},"county_demographics":[{"County":"Henry","confirmed_cases":4334,"total_tested":57546,"demographics":{"age":[{"race":[],"age_group":"<20","count":652,"tested":6608,"deaths":0},{"race":[],"age_group":"20-29   ","count":597,"tested":7919,"deaths":0},{"race":[],"age_group":"30-39   ","count":615,"tested":8572,"deaths":0},{"race":[],"age_group":"40-49   ","count":657,"tested":8344,"deaths":0},{"race":[],"age_group":"50-59   ","count":688,"tested":9371,"deaths":0},{"race":[],"age_group":"60-69   ","count":541,"tested":7165,"deaths":0},{"race":[],"age_group":"70-79   ","count":293,"tested":4233,"deaths":0},{"race":[],"age_group":"80+","count":285,"tested":5174,"deaths":0},{"race":[],"age_group":"Unknown","count":0,"tested":160,"deaths":0}],"race":[{"description":"AI/AN**","count":0,"tested":15,"deaths":0,"color":"rgb(31,119,180)"},{"description":"Asian","count":0,"tested":49,"deaths":0,"color":"rgb(140,86,75)"},{"description":"Black","count":59,"tested":581,"deaths":0,"color":"rgb(255,127,14)"},{"description":"Hispanic","count":191,"tested":970,"deaths":0,"color":"rgb(214,39,40)"},{"description":"Left Blank","count":1345,"tested":32232,"deaths":0,"color":"rgb(44,160,44)"},{"description":"NH/PI*","count":0,"tested":15,"deaths":0,"color":"rgb(127,127,127)"},{"description":"Other","count":95,"tested":766,"deaths":0,"color":"rgb(148,103,189)"},{"description":"White","count":2636,"tested":22918,"deaths":0,"color":"rgb(31,119,180)"}],"gender":[{"description":"Female","count":2376,"tested":34134,"deaths":0,"color":"rgb(255,127,14)"},{"description":"Male","count":1922,"tested":19009,"deaths":0,"color":"rgb(31,119,180)"},{"description":"Unknown/Left Blank","count":32,"tested":4403,"deaths":0,"color":"rgb(44,160,44)"}]}}]}
