{"lastUpdatedDate":{"year":2021,"month":3,"day":2},"county_demographics":[{"County":"Warren","confirmed_cases":1664,"total_tested":15261,"demographics":{"age":[{"race":[],"age_group":"<20","count":188,"tested":1887,"deaths":0},{"race":[],"age_group":"20-29   ","count":242,"tested":3139,"deaths":0},{"race":[],"age_group":"30-39   ","count":264,"tested":2288,"deaths":0},{"race":[],"age_group":"40-49   ","count":290,"tested":2236,"deaths":0},{"race":[],"age_group":"50-59   ","count":250,"tested":2135,"deaths":0},{"race":[],"age_group":"60-69   ","count":200,"tested":1877,"deaths":0},{"race":[],"age_group":"70-79   ","count":129,"tested":1059,"deaths":0},{"race":[],"age_group":"80+","count":101,"tested":638,"deaths":0},{"race":[],"age_group":"Unknown","count":0,"tested":0,"deaths":0}],"race":[{"description":"AI/AN**","count":0,"tested":6,"deaths":0,"color":"rgb(31,119,180)"},{"description":"Asian","count":18,"tested":31,"deaths":0,"color":"rgb(140,86,75)"},{"description":"Black","count":37,"tested":198,"deaths":0,"color":"rgb(255,127,14)"},{"description":"Hispanic","count":131,"tested":420,"deaths":0,"color":"rgb(214,39,40)"},{"description":"Left Blank","count":509,"tested":7692,"deaths":0,"color":"rgb(44,160,44)"},{"description":"NH/PI*","count":0,"tested":0,"deaths":0,"color":"rgb(127,127,127)"},{"description":"Other","count":14,"tested":207,"deaths":0,"color":"rgb(148,103,189)"},{"description":"White","count":951,"tested":6703,"deaths":0,"color":"rgb(31,119,180)"}],"gender":[{"description":"Female","count":860,"tested":8080,"deaths":0,"color":"rgb(255,127,14)"},{"description":"Male","count":744,"tested":6005,"deaths":0,"color":"rgb(31,119,180)"},{"description":"Unknown/Left Blank","count":60,"tested":1176,"deaths":0,"color":"rgb(44,160,44)"}]}}]}
