{"age":[{"age_group":"<20","count":546,"tested":2349},{"age_group":"20-29   ","count":696,"tested":3252},{"age_group":"30-39   ","count":661,"tested":3157},{"age_group":"40-49   ","count":624,"tested":2920},{"age_group":"50-59   ","count":635,"tested":3214},{"age_group":"60-69   ","count":455,"tested":2081},{"age_group":"70-79   ","count":369,"tested":1199},{"age_group":"80+","count":310,"tested":542}],"race":[{"description":"Asian","count":289,"tested":114,"color":"rgb(140,86,75)"},{"description":"Hispanic","count":457,"tested":727,"color":"rgb(214,39,40)"},{"description":"Black","count":361,"tested":514,"color":"rgb(255,127,14)"},{"description":"Other","count":349,"tested":661,"color":"rgb(148,103,189)"},{"description":"Left Blank","count":1155,"tested":9364,"color":"rgb(44,160,44)"},{"description":"White","count":1118,"tested":7282,"color":"rgb(31,119,180)"},{"description":"AI/AN**","count":288,"tested":43,"color":"rgb(31,119,180)"}],"gender":[{"description":"Female","count":1287,"tested":10437,"color":"rgb(255,127,14)"},{"description":"Male","count":1316,"tested":8117,"color":"rgb(31,119,180)"},{"description":"Unknown/Left Blank","count":298,"tested":164,"color":"rgb(44,160,44)"}]}
