{"age":[{"age_group":"<20","count":148,"tested":845},{"age_group":"20-29   ","count":221,"tested":1536},{"age_group":"30-39   ","count":181,"tested":1514},{"age_group":"40-49   ","count":185,"tested":1353},{"age_group":"50-59   ","count":160,"tested":1489},{"age_group":"60-69   ","count":128,"tested":1135},{"age_group":"70-79   ","count":66,"tested":498},{"age_group":"80+","count":47,"tested":344}],"race":[{"description":"Black","count":114,"tested":915,"color":"rgb(255,127,14)"},{"description":"Asian","count":30,"tested":33,"color":"rgb(140,86,75)"},{"description":"Other","count":83,"tested":372,"color":"rgb(148,103,189)"},{"description":"White","count":299,"tested":2155,"color":"rgb(31,119,180)"},{"description":"Left Blank","count":400,"tested":4525,"color":"rgb(44,160,44)"},{"description":"Hispanic","count":164,"tested":704,"color":"rgb(214,39,40)"}],"gender":[{"description":"Female","count":574,"tested":5431,"color":"rgb(255,127,14)"},{"description":"Male","count":426,"tested":3088,"color":"rgb(31,119,180)"}]}
