{"age":[{"age_group":"<20","count":635,"tested":4175},{"age_group":"20-29   ","count":824,"tested":8351},{"age_group":"30-39   ","count":738,"tested":7574},{"age_group":"40-49   ","count":759,"tested":7538},{"age_group":"50-59   ","count":676,"tested":8840},{"age_group":"60-69   ","count":515,"tested":6866},{"age_group":"70-79   ","count":295,"tested":3510},{"age_group":"80+","count":196,"tested":2703}],"race":[{"description":"Black","count":1284,"tested":14407,"color":"rgb(255,127,14)"},{"description":"Asian","count":82,"tested":94,"color":"rgb(140,86,75)"},{"description":"AI/AN**","count":105,"tested":177,"color":"rgb(31,119,180)"},{"description":"Other","count":215,"tested":1250,"color":"rgb(148,103,189)"},{"description":"White","count":529,"tested":5873,"color":"rgb(31,119,180)"},{"description":"Left Blank","count":1640,"tested":24581,"color":"rgb(44,160,44)"},{"description":"Hispanic","count":708,"tested":3155,"color":"rgb(214,39,40)"}],"gender":[{"description":"Male","count":1906,"tested":21446,"color":"rgb(31,119,180)"},{"description":"Unknown/Left Blank","count":109,"tested":740,"color":"rgb(44,160,44)"},{"description":"Female","count":2254,"tested":27389,"color":"rgb(255,127,14)"}]}
