{"age":[{"age_group":"<20","count":508,"tested":2557},{"age_group":"20-29   ","count":612,"tested":4451},{"age_group":"30-39   ","count":566,"tested":3891},{"age_group":"40-49   ","count":539,"tested":3687},{"age_group":"50-59   ","count":464,"tested":3309},{"age_group":"60-69   ","count":336,"tested":2551},{"age_group":"70-79   ","count":177,"tested":1395},{"age_group":"80+","count":79,"tested":644}],"race":[{"description":"Left Blank","count":1090,"tested":11935,"color":"rgb(44,160,44)"},{"description":"Other","count":178,"tested":964,"color":"rgb(148,103,189)"},{"description":"Black","count":126,"tested":779,"color":"rgb(255,127,14)"},{"description":"Asian","count":349,"tested":2043,"color":"rgb(140,86,75)"},{"description":"White","count":503,"tested":3705,"color":"rgb(31,119,180)"},{"description":"Hispanic","count":930,"tested":2995,"color":"rgb(214,39,40)"}],"gender":[{"description":"Male","count":1466,"tested":9750,"color":"rgb(31,119,180)"},{"description":"Unknown/Left Blank","count":60,"tested":256,"color":"rgb(44,160,44)"},{"description":"Female","count":1500,"tested":12494,"color":"rgb(255,127,14)"}]}
