{"age":[{"age_group":"<20","count":422,"tested":4055},{"age_group":"20-29   ","count":470,"tested":5169},{"age_group":"30-39   ","count":329,"tested":5144},{"age_group":"40-49   ","count":359,"tested":4408},{"age_group":"50-59   ","count":405,"tested":6843},{"age_group":"60-69   ","count":323,"tested":5340},{"age_group":"70-79   ","count":194,"tested":3161},{"age_group":"80+","count":190,"tested":3507}],"race":[{"description":"Black","count":99,"tested":548,"color":"rgb(255,127,14)"},{"description":"Asian","count":192,"tested":2713,"color":"rgb(140,86,75)"},{"description":"Hispanic","count":319,"tested":2504,"color":"rgb(214,39,40)"},{"description":"Left Blank","count":669,"tested":14480,"color":"rgb(44,160,44)"},{"description":"Other","count":142,"tested":680,"color":"rgb(148,103,189)"},{"description":"White","count":1141,"tested":16628,"color":"rgb(31,119,180)"}],"gender":[{"description":"Female","count":1201,"tested":21902,"color":"rgb(255,127,14)"},{"description":"Male","count":1104,"tested":14289,"color":"rgb(31,119,180)"},{"description":"Unknown/Left Blank","count":77,"tested":1451,"color":"rgb(44,160,44)"}]}
