{"age":[{"age_group":"<20","count":460,"tested":4434},{"age_group":"20-29   ","count":635,"tested":5594},{"age_group":"30-39   ","count":597,"tested":5440},{"age_group":"40-49   ","count":603,"tested":4967},{"age_group":"50-59   ","count":587,"tested":5484},{"age_group":"60-69   ","count":423,"tested":4667},{"age_group":"70-79   ","count":228,"tested":2487},{"age_group":"80+","count":173,"tested":1697}],"race":[{"description":"NH/PI*","count":76,"tested":75,"color":"rgb(127,127,127)"},{"description":"AI/AN**","count":76,"tested":51,"color":"rgb(31,119,180)"},{"description":"Asian","count":309,"tested":2497,"color":"rgb(140,86,75)"},{"description":"Black","count":139,"tested":631,"color":"rgb(255,127,14)"},{"description":"Hispanic","count":691,"tested":2692,"color":"rgb(214,39,40)"},{"description":"White","count":1336,"tested":14125,"color":"rgb(31,119,180)"},{"description":"Other","count":271,"tested":1405,"color":"rgb(148,103,189)"},{"description":"Left Blank","count":808,"tested":13304,"color":"rgb(44,160,44)"}],"gender":[{"description":"Female","count":1655,"tested":19316,"color":"rgb(255,127,14)"},{"description":"Unknown/Left Blank","count":86,"tested":529,"color":"rgb(44,160,44)"},{"description":"Male","count":1615,"tested":14935,"color":"rgb(31,119,180)"}]}
