{"age":[{"age_group":"<20","count":30,"tested":160},{"age_group":"20-29   ","count":38,"tested":260},{"age_group":"30-39   ","count":26,"tested":153},{"age_group":"40-49   ","count":21,"tested":119},{"age_group":"50-59   ","count":41,"tested":322},{"age_group":"60-69   ","count":35,"tested":231},{"age_group":"70-79   ","count":20,"tested":179}],"race":[{"description":"Left Blank","count":64,"tested":681,"color":"rgb(44,160,44)"},{"description":"White","count":81,"tested":639,"color":"rgb(31,119,180)"},{"description":"Asian","count":19,"tested":68,"color":"rgb(140,86,75)"},{"description":"Hispanic","count":17,"tested":41,"color":"rgb(214,39,40)"}],"gender":[{"description":"Male","count":90,"tested":708,"color":"rgb(31,119,180)"},{"description":"Female","count":79,"tested":742,"color":"rgb(255,127,14)"}]}
