{"age":[{"age_group":"<20","count":307,"tested":1788},{"age_group":"20-29   ","count":383,"tested":3126},{"age_group":"30-39   ","count":317,"tested":2669},{"age_group":"40-49   ","count":344,"tested":2571},{"age_group":"50-59   ","count":290,"tested":2923},{"age_group":"60-69   ","count":189,"tested":2228},{"age_group":"70-79   ","count":121,"tested":1254},{"age_group":"80+","count":83,"tested":545}],"race":[{"description":"Hispanic","count":368,"tested":1494,"color":"rgb(214,39,40)"},{"description":"AI/AN**","count":33,"tested":45,"color":"rgb(31,119,180)"},{"description":"Left Blank","count":825,"tested":7264,"color":"rgb(44,160,44)"},{"description":"Asian","count":36,"tested":62,"color":"rgb(140,86,75)"},{"description":"White","count":54,"tested":514,"color":"rgb(31,119,180)"},{"description":"Black","count":625,"tested":7391,"color":"rgb(255,127,14)"},{"description":"Other","count":70,"tested":341,"color":"rgb(148,103,189)"}],"gender":[{"description":"Unknown/Left Blank","count":62,"tested":266,"color":"rgb(44,160,44)"},{"description":"Female","count":959,"tested":9340,"color":"rgb(255,127,14)"},{"description":"Male","count":898,"tested":7506,"color":"rgb(31,119,180)"}]}
