{"age":[{"age_group":"<20","count":228,"tested":2095},{"age_group":"20-29   ","count":255,"tested":3360},{"age_group":"30-39   ","count":235,"tested":2378},{"age_group":"40-49   ","count":263,"tested":2882},{"age_group":"50-59   ","count":267,"tested":2702},{"age_group":"60-69   ","count":186,"tested":2004},{"age_group":"70-79   ","count":141,"tested":1146},{"age_group":"80+","count":142,"tested":2061}],"race":[{"description":"Asian","count":158,"tested":1350,"color":"rgb(140,86,75)"},{"description":"Black","count":106,"tested":314,"color":"rgb(255,127,14)"},{"description":"Other","count":158,"tested":814,"color":"rgb(148,103,189)"},{"description":"Left Blank","count":348,"tested":8995,"color":"rgb(44,160,44)"},{"description":"White","count":492,"tested":5918,"color":"rgb(31,119,180)"},{"description":"Hispanic","count":280,"tested":1060,"color":"rgb(214,39,40)"}],"gender":[{"description":"Female","count":619,"tested":10337,"color":"rgb(255,127,14)"},{"description":"Male","count":586,"tested":7808,"color":"rgb(31,119,180)"},{"description":"Unknown/Left Blank","count":92,"tested":491,"color":"rgb(44,160,44)"}]}
