{"age":[{"age_group":"<20","count":90,"tested":558},{"age_group":"20-29   ","count":116,"tested":708},{"age_group":"30-39   ","count":103,"tested":549},{"age_group":"40-49   ","count":103,"tested":627},{"age_group":"50-59   ","count":132,"tested":959},{"age_group":"60-69   ","count":120,"tested":652},{"age_group":"70-79   ","count":70,"tested":420},{"age_group":"80+","count":48,"tested":126}],"race":[{"description":"Hispanic","count":55,"tested":130,"color":"rgb(214,39,40)"},{"description":"White","count":280,"tested":2499,"color":"rgb(31,119,180)"},{"description":"Other","count":64,"tested":154,"color":"rgb(148,103,189)"},{"description":"Left Blank","count":226,"tested":1752,"color":"rgb(44,160,44)"}],"gender":[{"description":"Male","count":276,"tested":2072,"color":"rgb(31,119,180)"},{"description":"Female","count":271,"tested":2506,"color":"rgb(255,127,14)"}]}
