{"age":[{"age_group":"20-29   ","count":19,"tested":138},{"age_group":"30-39   ","count":12,"tested":118},{"age_group":"40-49   ","count":12,"tested":83},{"age_group":"50-59   ","count":24,"tested":118},{"age_group":"60-69   ","count":17,"tested":111}],"race":[{"description":"White","count":36,"tested":397,"color":"rgb(31,119,180)"},{"description":"Hispanic","count":16,"tested":33,"color":"rgb(214,39,40)"},{"description":"Left Blank","count":27,"tested":268,"color":"rgb(44,160,44)"}],"gender":[{"description":"Male","count":39,"tested":348,"color":"rgb(31,119,180)"},{"description":"Female","count":34,"tested":389,"color":"rgb(255,127,14)"}]}
