{"age":[{"age_group":"<20","count":142,"tested":680},{"age_group":"20-29   ","count":200,"tested":1450},{"age_group":"30-39   ","count":179,"tested":1351},{"age_group":"40-49   ","count":161,"tested":1147},{"age_group":"50-59   ","count":146,"tested":1323},{"age_group":"60-69   ","count":138,"tested":1184},{"age_group":"70-79   ","count":70,"tested":628},{"age_group":"80+","count":56,"tested":274}],"race":[{"description":"Other","count":90,"tested":422,"color":"rgb(148,103,189)"},{"description":"White","count":306,"tested":2291,"color":"rgb(31,119,180)"},{"description":"Asian","count":48,"tested":116,"color":"rgb(140,86,75)"},{"description":"Hispanic","count":119,"tested":417,"color":"rgb(214,39,40)"},{"description":"Left Blank","count":422,"tested":4585,"color":"rgb(44,160,44)"},{"description":"Black","count":45,"tested":200,"color":"rgb(255,127,14)"}],"gender":[{"description":"Male","count":445,"tested":3296,"color":"rgb(31,119,180)"},{"description":"Female","count":457,"tested":4197,"color":"rgb(255,127,14)"}]}
