{"age":[{"age_group":"<20","count":342,"tested":2133},{"age_group":"20-29   ","count":303,"tested":1947},{"age_group":"30-39   ","count":277,"tested":1816},{"age_group":"40-49   ","count":363,"tested":2433},{"age_group":"50-59   ","count":317,"tested":2553},{"age_group":"60-69   ","count":248,"tested":2216},{"age_group":"70-79   ","count":259,"tested":2946},{"age_group":"80+","count":228,"tested":2492}],"race":[{"description":"Black","count":133,"tested":233,"color":"rgb(255,127,14)"},{"description":"Asian","count":148,"tested":395,"color":"rgb(140,86,75)"},{"description":"Other","count":141,"tested":243,"color":"rgb(148,103,189)"},{"description":"Left Blank","count":575,"tested":7876,"color":"rgb(44,160,44)"},{"description":"White","count":882,"tested":9030,"color":"rgb(31,119,180)"},{"description":"Hispanic","count":226,"tested":707,"color":"rgb(214,39,40)"}],"gender":[{"description":"Female","count":853,"tested":10644,"color":"rgb(255,127,14)"},{"description":"Male","count":790,"tested":7667,"color":"rgb(31,119,180)"},{"description":"Unknown/Left Blank","count":125,"tested":227,"color":"rgb(44,160,44)"}]}
