{"age":[{"age_group":"<20","count":271,"tested":4257},{"age_group":"20-29   ","count":307,"tested":5893},{"age_group":"30-39   ","count":221,"tested":3218},{"age_group":"40-49   ","count":204,"tested":2919},{"age_group":"50-59   ","count":249,"tested":3923},{"age_group":"60-69   ","count":198,"tested":4749},{"age_group":"70-79   ","count":95,"tested":3018},{"age_group":"80+","count":114,"tested":4639}],"race":[{"description":"White","count":712,"tested":10517,"color":"rgb(31,119,180)"},{"description":"Asian","count":82,"tested":614,"color":"rgb(140,86,75)"},{"description":"Hispanic","count":96,"tested":628,"color":"rgb(214,39,40)"},{"description":"Black","count":64,"tested":624,"color":"rgb(255,127,14)"},{"description":"Other","count":75,"tested":500,"color":"rgb(148,103,189)"},{"description":"Left Blank","count":580,"tested":19716,"color":"rgb(44,160,44)"}],"gender":[{"description":"Female","count":753,"tested":18236,"color":"rgb(255,127,14)"},{"description":"Unknown/Left Blank","count":31,"tested":502,"color":"rgb(44,160,44)"},{"description":"Male","count":755,"tested":13890,"color":"rgb(31,119,180)"}]}
