{"age":[{"age_group":"<20","count":23,"tested":102},{"age_group":"20-29   ","count":23,"tested":141},{"age_group":"30-39   ","count":25,"tested":147},{"age_group":"40-49   ","count":22,"tested":114},{"age_group":"50-59   ","count":23,"tested":126},{"age_group":"60-69   ","count":31,"tested":128},{"age_group":"70-79   ","count":24,"tested":93},{"age_group":"80+","count":29,"tested":113}],"race":[{"description":"Left Blank","count":53,"tested":509,"color":"rgb(44,160,44)"},{"description":"White","count":54,"tested":422,"color":"rgb(31,119,180)"}],"gender":[{"description":"Male","count":48,"tested":368,"color":"rgb(31,119,180)"},{"description":"Female","count":62,"tested":593,"color":"rgb(255,127,14)"}]}
