{"age":[{"age_group":"<20","count":61,"tested":615},{"age_group":"20-29   ","count":183,"tested":2604},{"age_group":"30-39   ","count":177,"tested":3160},{"age_group":"40-49   ","count":136,"tested":2557},{"age_group":"50-59   ","count":115,"tested":2866},{"age_group":"60-69   ","count":120,"tested":2536},{"age_group":"70-79   ","count":73,"tested":2034},{"age_group":"80+","count":62,"tested":1486}],"race":[{"description":"Left Blank","count":243,"tested":6498,"color":"rgb(44,160,44)"},{"description":"White","count":226,"tested":4482,"color":"rgb(31,119,180)"},{"description":"Hispanic","count":93,"tested":1129,"color":"rgb(214,39,40)"},{"description":"Other","count":55,"tested":623,"color":"rgb(148,103,189)"},{"description":"Black","count":256,"tested":4757,"color":"rgb(255,127,14)"},{"description":"Asian","count":31,"tested":361,"color":"rgb(140,86,75)"}],"gender":[{"description":"Unknown/Left Blank","count":22,"tested":895,"color":"rgb(44,160,44)"},{"description":"Female","count":457,"tested":9823,"color":"rgb(255,127,14)"},{"description":"Male","count":393,"tested":7149,"color":"rgb(31,119,180)"}]}
