{"age":[{"age_group":"<20","count":143,"tested":849},{"age_group":"20-29   ","count":148,"tested":1110},{"age_group":"30-39   ","count":132,"tested":825},{"age_group":"40-49   ","count":153,"tested":1056},{"age_group":"50-59   ","count":174,"tested":1173},{"age_group":"60-69   ","count":131,"tested":1001},{"age_group":"70-79   ","count":126,"tested":768},{"age_group":"80+","count":192,"tested":1651}],"race":[{"description":"Hispanic","count":105,"tested":100,"color":"rgb(214,39,40)"},{"description":"White","count":386,"tested":2832,"color":"rgb(31,119,180)"},{"description":"Left Blank","count":270,"tested":5317,"color":"rgb(44,160,44)"},{"description":"Asian","count":91,"tested":65,"color":"rgb(140,86,75)"},{"description":"Other","count":95,"tested":91,"color":"rgb(148,103,189)"}],"gender":[{"description":"Unknown/Left Blank","count":89,"tested":277,"color":"rgb(44,160,44)"},{"description":"Male","count":325,"tested":3052,"color":"rgb(31,119,180)"},{"description":"Female","count":370,"tested":5104,"color":"rgb(255,127,14)"}]}
