{"age":[{"age_group":"<20","count":100,"tested":642},{"age_group":"20-29   ","count":122,"tested":578},{"age_group":"30-39   ","count":115,"tested":672},{"age_group":"40-49   ","count":114,"tested":529},{"age_group":"50-59   ","count":120,"tested":758},{"age_group":"60-69   ","count":92,"tested":668},{"age_group":"70-79   ","count":80,"tested":353},{"age_group":"80+","count":79,"tested":227}],"race":[{"description":"Hispanic","count":56,"tested":67,"color":"rgb(214,39,40)"},{"description":"White","count":306,"tested":2557,"color":"rgb(31,119,180)"},{"description":"Left Blank","count":202,"tested":1698,"color":"rgb(44,160,44)"},{"description":"Other","count":59,"tested":55,"color":"rgb(148,103,189)"}],"gender":[{"description":"Male","count":224,"tested":1643,"color":"rgb(31,119,180)"},{"description":"Female","count":302,"tested":2727,"color":"rgb(255,127,14)"}]}
