{"age":[{"age_group":"<20","count":7,"tested":52},{"age_group":"20-29   ","count":15,"tested":93},{"age_group":"30-39   ","count":7,"tested":53},{"age_group":"40-49   ","count":7,"tested":63},{"age_group":"50-59   ","count":7,"tested":94}],"race":[{"description":"White","count":31,"tested":260,"color":"rgb(31,119,180)"},{"description":"Left Blank","count":13,"tested":134,"color":"rgb(44,160,44)"}],"gender":[{"description":"Male","count":21,"tested":165,"color":"rgb(31,119,180)"},{"description":"Female","count":26,"tested":277,"color":"rgb(255,127,14)"}]}
