{"age":[{"age_group":"<20","count":192,"tested":1259},{"age_group":"20-29   ","count":184,"tested":999},{"age_group":"30-39   ","count":161,"tested":926},{"age_group":"40-49   ","count":172,"tested":868},{"age_group":"50-59   ","count":156,"tested":796},{"age_group":"60-69   ","count":117,"tested":569},{"age_group":"70-79   ","count":79,"tested":263},{"age_group":"80+","count":64,"tested":115}],"race":[{"description":"White","count":496,"tested":3848,"color":"rgb(31,119,180)"},{"description":"Left Blank","count":267,"tested":1528,"color":"rgb(44,160,44)"},{"description":"Other","count":83,"tested":263,"color":"rgb(148,103,189)"},{"description":"Hispanic","count":65,"tested":112,"color":"rgb(214,39,40)"}],"gender":[{"description":"Male","count":398,"tested":2440,"color":"rgb(31,119,180)"},{"description":"Female","count":406,"tested":3326,"color":"rgb(255,127,14)"}]}
