{"age":[{"age_group":"<20","count":376,"tested":2146},{"age_group":"20-29   ","count":432,"tested":3309},{"age_group":"30-39   ","count":432,"tested":2964},{"age_group":"40-49   ","count":443,"tested":3363},{"age_group":"50-59   ","count":440,"tested":3386},{"age_group":"60-69   ","count":335,"tested":2711},{"age_group":"70-79   ","count":202,"tested":1427},{"age_group":"80+","count":145,"tested":798}],"race":[{"description":"Hispanic","count":396,"tested":1703,"color":"rgb(214,39,40)"},{"description":"Left Blank","count":1019,"tested":9426,"color":"rgb(44,160,44)"},{"description":"Asian","count":73,"tested":81,"color":"rgb(140,86,75)"},{"description":"White","count":430,"tested":2855,"color":"rgb(31,119,180)"},{"description":"Black","count":619,"tested":5545,"color":"rgb(255,127,14)"},{"description":"Other","count":140,"tested":465,"color":"rgb(148,103,189)"}],"gender":[{"description":"Male","count":1089,"tested":7578,"color":"rgb(31,119,180)"},{"description":"Female","count":1331,"tested":12240,"color":"rgb(255,127,14)"},{"description":"Unknown/Left Blank","count":80,"tested":289,"color":"rgb(44,160,44)"}]}
