{"age":[{"age_group":"<20","count":233,"tested":1918},{"age_group":"20-29   ","count":247,"tested":2321},{"age_group":"30-39   ","count":220,"tested":2315},{"age_group":"40-49   ","count":241,"tested":2086},{"age_group":"50-59   ","count":235,"tested":2099},{"age_group":"60-69   ","count":170,"tested":1715},{"age_group":"70-79   ","count":111,"tested":1232},{"age_group":"80+","count":87,"tested":668}],"race":[{"description":"Left Blank","count":442,"tested":6783,"color":"rgb(44,160,44)"},{"description":"White","count":743,"tested":6467,"color":"rgb(31,119,180)"},{"description":"Hispanic","count":136,"tested":563,"color":"rgb(214,39,40)"},{"description":"Other","count":44,"tested":132,"color":"rgb(148,103,189)"},{"description":"Asian","count":52,"tested":123,"color":"rgb(140,86,75)"},{"description":"Black","count":64,"tested":265,"color":"rgb(255,127,14)"}],"gender":[{"description":"Male","count":652,"tested":5965,"color":"rgb(31,119,180)"},{"description":"Female","count":709,"tested":8300,"color":"rgb(255,127,14)"}]}
