{"age":[{"age_group":"<20","count":534,"tested":2808},{"age_group":"20-29   ","count":597,"tested":4263},{"age_group":"30-39   ","count":553,"tested":3070},{"age_group":"40-49   ","count":542,"tested":2928},{"age_group":"50-59   ","count":481,"tested":3304},{"age_group":"60-69   ","count":322,"tested":2368},{"age_group":"70-79   ","count":175,"tested":1108},{"age_group":"80+","count":142,"tested":641}],"race":[{"description":"Asian","count":125,"tested":343,"color":"rgb(140,86,75)"},{"description":"White","count":399,"tested":3576,"color":"rgb(31,119,180)"},{"description":"Black","count":273,"tested":1918,"color":"rgb(255,127,14)"},{"description":"Other","count":183,"tested":712,"color":"rgb(148,103,189)"},{"description":"Left Blank","count":608,"tested":6728,"color":"rgb(44,160,44)"},{"description":"Hispanic","count":1578,"tested":7112,"color":"rgb(214,39,40)"}],"gender":[{"description":"Unknown/Left Blank","count":103,"tested":391,"color":"rgb(44,160,44)"},{"description":"Female","count":1487,"tested":11783,"color":"rgb(255,127,14)"},{"description":"Male","count":1316,"tested":8323,"color":"rgb(31,119,180)"}]}
