{"age":[{"age_group":"<20","count":83,"tested":233},{"age_group":"20-29   ","count":81,"tested":272},{"age_group":"30-39   ","count":84,"tested":268},{"age_group":"40-49   ","count":83,"tested":311},{"age_group":"50-59   ","count":90,"tested":365},{"age_group":"60-69   ","count":79,"tested":295},{"age_group":"70-79   ","count":76,"tested":188}],"race":[{"description":"White","count":103,"tested":665,"color":"rgb(31,119,180)"},{"description":"Left Blank","count":154,"tested":1395,"color":"rgb(44,160,44)"}],"gender":[{"description":"Male","count":121,"tested":780,"color":"rgb(31,119,180)"},{"description":"Female","count":139,"tested":1296,"color":"rgb(255,127,14)"}]}
