{"age":[{"age_group":"<20","count":1774,"tested":8322},{"age_group":"20-29   ","count":2208,"tested":13042},{"age_group":"30-39   ","count":1947,"tested":10524},{"age_group":"40-49   ","count":1985,"tested":9831},{"age_group":"50-59   ","count":1616,"tested":8145},{"age_group":"60-69   ","count":993,"tested":5909},{"age_group":"70-79   ","count":484,"tested":2663},{"age_group":"80+","count":289,"tested":1166},{"age_group":"Unknown","count":153,"tested":40}],"race":[{"description":"Black","count":291,"tested":1250,"color":"rgb(255,127,14)"},{"description":"Asian","count":153,"tested":162,"color":"rgb(140,86,75)"},{"description":"Hispanic","count":5397,"tested":21880,"color":"rgb(214,39,40)"},{"description":"White","count":1277,"tested":8011,"color":"rgb(31,119,180)"},{"description":"Other","count":939,"tested":5287,"color":"rgb(148,103,189)"},{"description":"Left Blank","count":2955,"tested":23003,"color":"rgb(44,160,44)"},{"description":"AI/AN**","count":150,"tested":37,"color":"rgb(31,119,180)"}],"gender":[{"description":"Female","count":5314,"tested":31421,"color":"rgb(255,127,14)"},{"description":"Unknown/Left Blank","count":249,"tested":755,"color":"rgb(44,160,44)"},{"description":"Male","count":5040,"tested":27466,"color":"rgb(31,119,180)"}]}
