{"age":[{"age_group":"<20","count":21,"tested":94},{"age_group":"20-29   ","count":20,"tested":67},{"age_group":"30-39   ","count":21,"tested":67},{"age_group":"40-49   ","count":20,"tested":101},{"age_group":"50-59   ","count":27,"tested":114},{"age_group":"60-69   ","count":21,"tested":151},{"age_group":"70-79   ","count":17,"tested":60}],"race":[{"description":"White","count":68,"tested":518,"color":"rgb(31,119,180)"},{"description":"Left Blank","count":30,"tested":123,"color":"rgb(44,160,44)"}],"gender":[{"description":"Female","count":58,"tested":357,"color":"rgb(255,127,14)"},{"description":"Male","count":46,"tested":313,"color":"rgb(31,119,180)"}]}
