{"lastUpdatedDate":{"year":2021,"month":3,"day":17},"county_demographics":[{"County":"Lee","confirmed_cases":3495,"total_tested":70283,"demographics":{"age":[{"race":[],"age_group":"<20","count":417,"tested":3753,"deaths":0},{"race":[],"age_group":"20-29   ","count":578,"tested":11208,"deaths":0},{"race":[],"age_group":"30-39   ","count":501,"tested":14609,"deaths":0},{"race":[],"age_group":"40-49   ","count":552,"tested":14233,"deaths":0},{"race":[],"age_group":"50-59   ","count":586,"tested":10846,"deaths":0},{"race":[],"age_group":"60-69   ","count":433,"tested":6844,"deaths":0},{"race":[],"age_group":"70-79   ","count":226,"tested":2830,"deaths":0},{"race":[],"age_group":"80+","count":186,"tested":3676,"deaths":0},{"race":[],"age_group":"Unknown","count":15,"tested":2284,"deaths":0}],"race":[{"description":"AI/AN**","count":0,"tested":9,"deaths":0,"color":"rgb(31,119,180)"},{"description":"Asian","count":15,"tested":137,"deaths":0,"color":"rgb(140,86,75)"},{"description":"Black","count":132,"tested":1185,"deaths":0,"color":"rgb(255,127,14)"},{"description":"Hispanic","count":79,"tested":622,"deaths":0,"color":"rgb(214,39,40)"},{"description":"Left Blank","count":1204,"tested":50469,"deaths":0,"color":"rgb(44,160,44)"},{"description":"NH/PI*","count":0,"tested":0,"deaths":0,"color":"rgb(127,127,127)"},{"description":"Other","count":87,"tested":580,"deaths":0,"color":"rgb(148,103,189)"},{"description":"White","count":1974,"tested":17278,"deaths":0,"color":"rgb(31,119,180)"}],"gender":[{"description":"Female","count":1564,"tested":16902,"deaths":0,"color":"rgb(255,127,14)"},{"description":"Male","count":1799,"tested":26223,"deaths":0,"color":"rgb(31,119,180)"},{"description":"Unknown/Left Blank","count":128,"tested":27158,"deaths":0,"color":"rgb(44,160,44)"}]}}]}
