{"lastUpdatedDate":{"year":2021,"month":3,"day":17},"county_demographics":[{"County":"Edgar","confirmed_cases":1608,"total_tested":13601,"demographics":{"age":[{"race":[],"age_group":"<20","count":258,"tested":1584,"deaths":0},{"race":[],"age_group":"20-29   ","count":201,"tested":2013,"deaths":0},{"race":[],"age_group":"30-39   ","count":203,"tested":1673,"deaths":0},{"race":[],"age_group":"40-49   ","count":224,"tested":1814,"deaths":0},{"race":[],"age_group":"50-59   ","count":211,"tested":1759,"deaths":0},{"race":[],"age_group":"60-69   ","count":214,"tested":1730,"deaths":0},{"race":[],"age_group":"70-79   ","count":155,"tested":1267,"deaths":0},{"race":[],"age_group":"80+","count":141,"tested":1712,"deaths":0},{"race":[],"age_group":"Unknown","count":0,"tested":49,"deaths":0}],"race":[{"description":"AI/AN**","count":0,"tested":0,"deaths":0,"color":"rgb(31,119,180)"},{"description":"Asian","count":0,"tested":0,"deaths":0,"color":"rgb(140,86,75)"},{"description":"Black","count":0,"tested":66,"deaths":0,"color":"rgb(255,127,14)"},{"description":"Hispanic","count":0,"tested":37,"deaths":0,"color":"rgb(214,39,40)"},{"description":"Left Blank","count":149,"tested":6501,"deaths":0,"color":"rgb(44,160,44)"},{"description":"NH/PI*","count":0,"tested":0,"deaths":0,"color":"rgb(127,127,127)"},{"description":"Other","count":0,"tested":96,"deaths":0,"color":"rgb(148,103,189)"},{"description":"White","count":1446,"tested":6891,"deaths":0,"color":"rgb(31,119,180)"}],"gender":[{"description":"Female","count":491,"tested":8548,"deaths":0,"color":"rgb(255,127,14)"},{"description":"Male","count":384,"tested":3918,"deaths":0,"color":"rgb(31,119,180)"},{"description":"Unknown/Left Blank","count":733,"tested":1135,"deaths":0,"color":"rgb(44,160,44)"}]}}]}
