{"lastUpdatedDate":{"year":2021,"month":3,"day":17},"county_demographics":[{"County":"Will","confirmed_cases":66817,"total_tested":773837,"demographics":{"age":[{"race":[],"age_group":"<20","count":10406,"tested":89857,"deaths":0},{"race":[],"age_group":"20-29   ","count":11888,"tested":128521,"deaths":0},{"race":[],"age_group":"30-39   ","count":10178,"tested":117649,"deaths":0},{"race":[],"age_group":"40-49   ","count":11485,"tested":120405,"deaths":0},{"race":[],"age_group":"50-59   ","count":11252,"tested":126909,"deaths":0},{"race":[],"age_group":"60-69   ","count":6358,"tested":87714,"deaths":0},{"race":[],"age_group":"70-79   ","count":3160,"tested":52432,"deaths":0},{"race":[],"age_group":"80+","count":2062,"tested":48041,"deaths":0},{"race":[],"age_group":"Unknown","count":27,"tested":2309,"deaths":0}],"race":[{"description":"AI/AN**","count":210,"tested":1142,"deaths":0,"color":"rgb(31,119,180)"},{"description":"Asian","count":1360,"tested":18483,"deaths":0,"color":"rgb(140,86,75)"},{"description":"Black","count":5378,"tested":59091,"deaths":0,"color":"rgb(255,127,14)"},{"description":"Hispanic","count":10329,"tested":50201,"deaths":0,"color":"rgb(214,39,40)"},{"description":"Left Blank","count":21926,"tested":372974,"deaths":0,"color":"rgb(44,160,44)"},{"description":"NH/PI*","count":57,"tested":565,"deaths":0,"color":"rgb(127,127,127)"},{"description":"Other","count":2285,"tested":26961,"deaths":0,"color":"rgb(148,103,189)"},{"description":"White","count":25272,"tested":244420,"deaths":0,"color":"rgb(31,119,180)"}],"gender":[{"description":"Female","count":34124,"tested":413057,"deaths":0,"color":"rgb(255,127,14)"},{"description":"Male","count":31762,"tested":315633,"deaths":0,"color":"rgb(31,119,180)"},{"description":"Unknown/Left Blank","count":931,"tested":45147,"deaths":0,"color":"rgb(44,160,44)"}]}}]}
