{"lastUpdatedDate":{"year":2021,"month":3,"day":17},"county_demographics":[{"County":"Unassigned","confirmed_cases":97,"total_tested":108151,"demographics":{"age":[{"race":[],"age_group":"<20","count":18,"tested":10626,"deaths":0},{"race":[],"age_group":"20-29   ","count":0,"tested":18287,"deaths":0},{"race":[],"age_group":"30-39   ","count":15,"tested":16650,"deaths":0},{"race":[],"age_group":"40-49   ","count":12,"tested":15763,"deaths":0},{"race":[],"age_group":"50-59   ","count":8,"tested":15832,"deaths":0},{"race":[],"age_group":"60-69   ","count":12,"tested":13076,"deaths":0},{"race":[],"age_group":"70-79   ","count":0,"tested":8275,"deaths":0},{"race":[],"age_group":"80+","count":0,"tested":9053,"deaths":0},{"race":[],"age_group":"Unknown","count":0,"tested":589,"deaths":0}],"race":[{"description":"AI/AN**","count":0,"tested":101,"deaths":0,"color":"rgb(31,119,180)"},{"description":"Asian","count":0,"tested":1872,"deaths":0,"color":"rgb(140,86,75)"},{"description":"Black","count":0,"tested":6691,"deaths":0,"color":"rgb(255,127,14)"},{"description":"Hispanic","count":0,"tested":4475,"deaths":0,"color":"rgb(214,39,40)"},{"description":"Left Blank","count":54,"tested":64695,"deaths":0,"color":"rgb(44,160,44)"},{"description":"NH/PI*","count":0,"tested":33,"deaths":0,"color":"rgb(127,127,127)"},{"description":"Other","count":0,"tested":1404,"deaths":0,"color":"rgb(148,103,189)"},{"description":"White","count":37,"tested":28880,"deaths":0,"color":"rgb(31,119,180)"}],"gender":[{"description":"Female","count":33,"tested":58542,"deaths":0,"color":"rgb(255,127,14)"},{"description":"Male","count":56,"tested":42570,"deaths":0,"color":"rgb(31,119,180)"},{"description":"Unknown/Left Blank","count":0,"tested":7039,"deaths":0,"color":"rgb(44,160,44)"}]}}]}
