{"lastUpdatedDate":{"year":2021,"month":3,"day":17},"county_demographics":[{"County":"Franklin","confirmed_cases":4199,"total_tested":45096,"demographics":{"age":[{"race":[],"age_group":"<20","count":580,"tested":4963,"deaths":0},{"race":[],"age_group":"20-29   ","count":615,"tested":6331,"deaths":0},{"race":[],"age_group":"30-39   ","count":525,"tested":6131,"deaths":0},{"race":[],"age_group":"40-49   ","count":604,"tested":6184,"deaths":0},{"race":[],"age_group":"50-59   ","count":678,"tested":6910,"deaths":0},{"race":[],"age_group":"60-69   ","count":552,"tested":5531,"deaths":0},{"race":[],"age_group":"70-79   ","count":404,"tested":4389,"deaths":0},{"race":[],"age_group":"80+","count":240,"tested":4639,"deaths":0},{"race":[],"age_group":"Unknown","count":0,"tested":18,"deaths":0}],"race":[{"description":"AI/AN**","count":0,"tested":8,"deaths":0,"color":"rgb(31,119,180)"},{"description":"Asian","count":0,"tested":34,"deaths":0,"color":"rgb(140,86,75)"},{"description":"Black","count":15,"tested":178,"deaths":0,"color":"rgb(255,127,14)"},{"description":"Hispanic","count":32,"tested":283,"deaths":0,"color":"rgb(214,39,40)"},{"description":"Left Blank","count":1158,"tested":16347,"deaths":0,"color":"rgb(44,160,44)"},{"description":"Other","count":25,"tested":364,"deaths":0,"color":"rgb(148,103,189)"},{"description":"White","count":2961,"tested":27882,"deaths":0,"color":"rgb(31,119,180)"}],"gender":[{"description":"Female","count":2252,"tested":26056,"deaths":0,"color":"rgb(255,127,14)"},{"description":"Male","count":1828,"tested":15052,"deaths":0,"color":"rgb(31,119,180)"},{"description":"Unknown/Left Blank","count":118,"tested":3988,"deaths":0,"color":"rgb(44,160,44)"}]}}]}
