{"lastUpdatedDate":{"year":2021,"month":3,"day":17},"county_demographics":[{"County":"McLean","confirmed_cases":14987,"total_tested":271946,"demographics":{"age":[{"race":[],"age_group":"<20","count":3026,"tested":57663,"deaths":0},{"race":[],"age_group":"20-29   ","count":4126,"tested":72153,"deaths":0},{"race":[],"age_group":"30-39   ","count":1904,"tested":34568,"deaths":0},{"race":[],"age_group":"40-49   ","count":1770,"tested":28384,"deaths":0},{"race":[],"age_group":"50-59   ","count":1706,"tested":28911,"deaths":0},{"race":[],"age_group":"60-69   ","count":1238,"tested":22505,"deaths":0},{"race":[],"age_group":"70-79   ","count":668,"tested":13093,"deaths":0},{"race":[],"age_group":"80+","count":549,"tested":14643,"deaths":0},{"race":[],"age_group":"Unknown","count":0,"tested":26,"deaths":0}],"race":[{"description":"AI/AN**","count":0,"tested":165,"deaths":0,"color":"rgb(31,119,180)"},{"description":"Asian","count":223,"tested":2133,"deaths":0,"color":"rgb(140,86,75)"},{"description":"Black","count":1091,"tested":9856,"deaths":0,"color":"rgb(255,127,14)"},{"description":"Hispanic","count":860,"tested":3549,"deaths":0,"color":"rgb(214,39,40)"},{"description":"Left Blank","count":3910,"tested":170263,"deaths":0,"color":"rgb(44,160,44)"},{"description":"NH/PI*","count":8,"tested":103,"deaths":0,"color":"rgb(127,127,127)"},{"description":"Other","count":210,"tested":2870,"deaths":0,"color":"rgb(148,103,189)"},{"description":"White","count":8674,"tested":83007,"deaths":0,"color":"rgb(31,119,180)"}],"gender":[{"description":"Female","count":8084,"tested":147442,"deaths":0,"color":"rgb(255,127,14)"},{"description":"Male","count":6886,"tested":104292,"deaths":0,"color":"rgb(31,119,180)"},{"description":"Unknown/Left Blank","count":12,"tested":20212,"deaths":0,"color":"rgb(44,160,44)"}]}}]}
