{"lastUpdatedDate":{"year":2021,"month":3,"day":17},"county_demographics":[{"County":"Boone","confirmed_cases":6000,"total_tested":53227,"demographics":{"age":[{"race":[],"age_group":"<20","count":1061,"tested":8525,"deaths":0},{"race":[],"age_group":"20-29   ","count":1052,"tested":8617,"deaths":0},{"race":[],"age_group":"30-39   ","count":861,"tested":7206,"deaths":0},{"race":[],"age_group":"40-49   ","count":1023,"tested":7728,"deaths":0},{"race":[],"age_group":"50-59   ","count":916,"tested":7821,"deaths":0},{"race":[],"age_group":"60-69   ","count":575,"tested":5714,"deaths":0},{"race":[],"age_group":"70-79   ","count":318,"tested":3934,"deaths":0},{"race":[],"age_group":"80+","count":193,"tested":3671,"deaths":0},{"race":[],"age_group":"Unknown","count":0,"tested":11,"deaths":0}],"race":[{"description":"AI/AN**","count":8,"tested":34,"deaths":0,"color":"rgb(31,119,180)"},{"description":"Asian","count":41,"tested":354,"deaths":0,"color":"rgb(140,86,75)"},{"description":"Black","count":96,"tested":755,"deaths":0,"color":"rgb(255,127,14)"},{"description":"Hispanic","count":2119,"tested":5033,"deaths":0,"color":"rgb(214,39,40)"},{"description":"Left Blank","count":531,"tested":26743,"deaths":0,"color":"rgb(44,160,44)"},{"description":"NH/PI*","count":0,"tested":14,"deaths":0,"color":"rgb(127,127,127)"},{"description":"Other","count":78,"tested":699,"deaths":0,"color":"rgb(148,103,189)"},{"description":"White","count":3115,"tested":19595,"deaths":0,"color":"rgb(31,119,180)"}],"gender":[{"description":"Female","count":3171,"tested":31597,"deaths":0,"color":"rgb(255,127,14)"},{"description":"Male","count":2821,"tested":20845,"deaths":0,"color":"rgb(31,119,180)"},{"description":"Unknown/Left Blank","count":7,"tested":785,"deaths":0,"color":"rgb(44,160,44)"}]}}]}
