{"lastUpdatedDate":{"year":2021,"month":3,"day":17},"county_demographics":[{"County":"Cook","confirmed_cases":234691,"total_tested":3235044,"demographics":{"age":[{"race":[],"age_group":"<20","count":34722,"tested":343129,"deaths":0},{"race":[],"age_group":"20-29   ","count":41332,"tested":550257,"deaths":0},{"race":[],"age_group":"30-39   ","count":36751,"tested":460214,"deaths":0},{"race":[],"age_group":"40-49   ","count":37034,"tested":444286,"deaths":0},{"race":[],"age_group":"50-59   ","count":36125,"tested":498903,"deaths":0},{"race":[],"age_group":"60-69   ","count":25661,"tested":427160,"deaths":0},{"race":[],"age_group":"70-79   ","count":12935,"tested":249110,"deaths":0},{"race":[],"age_group":"80+","count":10080,"tested":258716,"deaths":0},{"race":[],"age_group":"Unknown","count":51,"tested":3269,"deaths":0}],"race":[{"description":"AI/AN**","count":379,"tested":3112,"deaths":0,"color":"rgb(31,119,180)"},{"description":"Asian","count":8221,"tested":125793,"deaths":0,"color":"rgb(140,86,75)"},{"description":"Black","count":23634,"tested":311369,"deaths":0,"color":"rgb(255,127,14)"},{"description":"Hispanic","count":46881,"tested":263030,"deaths":0,"color":"rgb(214,39,40)"},{"description":"Left Blank","count":75409,"tested":1565820,"deaths":0,"color":"rgb(44,160,44)"},{"description":"NH/PI*","count":332,"tested":4584,"deaths":0,"color":"rgb(127,127,127)"},{"description":"Other","count":12574,"tested":118657,"deaths":0,"color":"rgb(148,103,189)"},{"description":"White","count":67261,"tested":842679,"deaths":0,"color":"rgb(31,119,180)"}],"gender":[{"description":"Female","count":121739,"tested":1838528,"deaths":0,"color":"rgb(255,127,14)"},{"description":"Male","count":110678,"tested":1320592,"deaths":0,"color":"rgb(31,119,180)"},{"description":"Unknown/Left Blank","count":2274,"tested":75924,"deaths":0,"color":"rgb(44,160,44)"}]}}]}
