{"age":[{"age_group":"<20","count":45,"tested":416},{"age_group":"20-29   ","count":57,"tested":654},{"age_group":"30-39   ","count":40,"tested":534},{"age_group":"40-49   ","count":47,"tested":405},{"age_group":"50-59   ","count":55,"tested":641},{"age_group":"60-69   ","count":42,"tested":487},{"age_group":"70-79   ","count":22,"tested":351},{"age_group":"80+","count":9,"tested":162}],"race":[{"description":"Asian","count":7,"tested":28,"color":"rgb(140,86,75)"},{"description":"Other","count":6,"tested":66,"color":"rgb(148,103,189)"},{"description":"Hispanic","count":18,"tested":104,"color":"rgb(214,39,40)"},{"description":"White","count":168,"tested":2251,"color":"rgb(31,119,180)"},{"description":"Left Blank","count":116,"tested":1177,"color":"rgb(44,160,44)"}],"gender":[{"description":"Male","count":144,"tested":1511,"color":"rgb(31,119,180)"},{"description":"Female","count":170,"tested":2122,"color":"rgb(255,127,14)"}]}
