{"age":[{"age_group":"<20","count":216,"tested":1569},{"age_group":"20-29   ","count":207,"tested":2081},{"age_group":"30-39   ","count":250,"tested":2179},{"age_group":"40-49   ","count":174,"tested":1653},{"age_group":"50-59   ","count":186,"tested":1990},{"age_group":"60-69   ","count":154,"tested":1586},{"age_group":"70-79   ","count":39,"tested":670},{"age_group":"80+","count":26,"tested":491}],"race":[{"description":"Other","count":50,"tested":585,"color":"rgb(148,103,189)"},{"description":"Left Blank","count":220,"tested":3357,"color":"rgb(44,160,44)"},{"description":"White","count":545,"tested":5135,"color":"rgb(31,119,180)"},{"description":"Black","count":20,"tested":178,"color":"rgb(255,127,14)"},{"description":"Asian","count":22,"tested":222,"color":"rgb(140,86,75)"},{"description":"Hispanic","count":393,"tested":2715,"color":"rgb(214,39,40)"}],"gender":[{"description":"Male","count":606,"tested":5493,"color":"rgb(31,119,180)"},{"description":"Female","count":644,"tested":6558,"color":"rgb(255,127,14)"}]}
