{"age":[{"age_group":"<20","count":331,"tested":8263},{"age_group":"20-29   ","count":609,"tested":37429},{"age_group":"30-39   ","count":511,"tested":13618},{"age_group":"40-49   ","count":348,"tested":8183},{"age_group":"50-59   ","count":294,"tested":8325},{"age_group":"60-69   ","count":174,"tested":6394},{"age_group":"70-79   ","count":101,"tested":3459},{"age_group":"80+","count":80,"tested":1822}],"race":[{"description":"Asian","count":58,"tested":7119,"color":"rgb(140,86,75)"},{"description":"White","count":287,"tested":28016,"color":"rgb(31,119,180)"},{"description":"Black","count":1347,"tested":23381,"color":"rgb(255,127,14)"},{"description":"Other","count":55,"tested":1402,"color":"rgb(148,103,189)"},{"description":"Hispanic","count":90,"tested":4691,"color":"rgb(214,39,40)"},{"description":"Left Blank","count":606,"tested":22582,"color":"rgb(44,160,44)"}],"gender":[{"description":"Male","count":1075,"tested":36473,"color":"rgb(31,119,180)"},{"description":"Unknown/Left Blank","count":26,"tested":1307,"color":"rgb(44,160,44)"},{"description":"Female","count":1347,"tested":49726,"color":"rgb(255,127,14)"}]}
