{"age":[{"age_group":"<20","count":445,"tested":4301},{"age_group":"20-29   ","count":347,"tested":3335},{"age_group":"30-39   ","count":329,"tested":4241},{"age_group":"40-49   ","count":424,"tested":4482},{"age_group":"50-59   ","count":348,"tested":3778},{"age_group":"60-69   ","count":230,"tested":3187},{"age_group":"70-79   ","count":148,"tested":2305},{"age_group":"80+","count":91,"tested":1426}],"race":[{"description":"Black","count":44,"tested":443,"color":"rgb(255,127,14)"},{"description":"Asian","count":159,"tested":1954,"color":"rgb(140,86,75)"},{"description":"Hispanic","count":303,"tested":1704,"color":"rgb(214,39,40)"},{"description":"Left Blank","count":655,"tested":11190,"color":"rgb(44,160,44)"},{"description":"White","count":1108,"tested":11186,"color":"rgb(31,119,180)"},{"description":"Other","count":88,"tested":524,"color":"rgb(148,103,189)"},{"description":"NH/PI*","count":6,"tested":40,"color":"rgb(127,127,127)"}],"gender":[{"description":"Female","count":1205,"tested":14924,"color":"rgb(255,127,14)"},{"description":"Unknown/Left Blank","count":22,"tested":382,"color":"rgb(44,160,44)"},{"description":"Male","count":1137,"tested":11758,"color":"rgb(31,119,180)"}]}
