{"age":[{"age_group":"<20","count":116,"tested":757},{"age_group":"20-29   ","count":156,"tested":1037},{"age_group":"30-39   ","count":126,"tested":852},{"age_group":"40-49   ","count":134,"tested":597},{"age_group":"50-59   ","count":86,"tested":620},{"age_group":"60-69   ","count":66,"tested":431},{"age_group":"70-79   ","count":25,"tested":143},{"age_group":"80+","count":8,"tested":66}],"race":[{"description":"Black","count":16,"tested":118,"color":"rgb(255,127,14)"},{"description":"Other","count":40,"tested":305,"color":"rgb(148,103,189)"},{"description":"Hispanic","count":373,"tested":1670,"color":"rgb(214,39,40)"},{"description":"Left Blank","count":198,"tested":1736,"color":"rgb(44,160,44)"},{"description":"White","count":81,"tested":638,"color":"rgb(31,119,180)"}],"gender":[{"description":"Female","count":347,"tested":2407,"color":"rgb(255,127,14)"},{"description":"Male","count":360,"tested":2031,"color":"rgb(31,119,180)"}]}
