{"age":[{"age_group":"<20","count":37,"tested":477},{"age_group":"20-29   ","count":20,"tested":656},{"age_group":"30-39   ","count":24,"tested":387},{"age_group":"40-49   ","count":30,"tested":581},{"age_group":"50-59   ","count":49,"tested":717},{"age_group":"60-69   ","count":30,"tested":762},{"age_group":"70-79   ","count":25,"tested":335},{"age_group":"80+","count":23,"tested":1018}],"race":[{"description":"Left Blank","count":87,"tested":3773,"color":"rgb(44,160,44)"},{"description":"White","count":145,"tested":1121,"color":"rgb(31,119,180)"}],"gender":[{"description":"Male","count":102,"tested":1462,"color":"rgb(31,119,180)"},{"description":"Female","count":134,"tested":3305,"color":"rgb(255,127,14)"}]}
