{"age":[{"age_group":"<20","count":31,"tested":417},{"age_group":"20-29   ","count":50,"tested":435},{"age_group":"30-39   ","count":32,"tested":356},{"age_group":"40-49   ","count":47,"tested":430},{"age_group":"50-59   ","count":62,"tested":660},{"age_group":"60-69   ","count":35,"tested":460},{"age_group":"70-79   ","count":21,"tested":341},{"age_group":"80+","count":13,"tested":159}],"race":[{"description":"Hispanic","count":17,"tested":107,"color":"rgb(214,39,40)"},{"description":"Left Blank","count":72,"tested":712,"color":"rgb(44,160,44)"},{"description":"White","count":193,"tested":2353,"color":"rgb(31,119,180)"},{"description":"Other","count":7,"tested":69,"color":"rgb(148,103,189)"}],"gender":[{"description":"Female","count":152,"tested":1820,"color":"rgb(255,127,14)"},{"description":"Male","count":137,"tested":1364,"color":"rgb(31,119,180)"}]}
