{"age":[{"age_group":"<20","count":748,"tested":7921},{"age_group":"20-29   ","count":897,"tested":12441},{"age_group":"30-39   ","count":834,"tested":12668},{"age_group":"40-49   ","count":710,"tested":9187},{"age_group":"50-59   ","count":727,"tested":11147},{"age_group":"60-69   ","count":478,"tested":9285},{"age_group":"70-79   ","count":180,"tested":5118},{"age_group":"80+","count":184,"tested":9596}],"race":[{"description":"Other","count":152,"tested":2134,"color":"rgb(148,103,189)"},{"description":"White","count":2568,"tested":27912,"color":"rgb(31,119,180)"},{"description":"Left Blank","count":886,"tested":37129,"color":"rgb(44,160,44)"},{"description":"Hispanic","count":600,"tested":3356,"color":"rgb(214,39,40)"},{"description":"Asian","count":320,"tested":4289,"color":"rgb(140,86,75)"},{"description":"Black","count":215,"tested":2431,"color":"rgb(255,127,14)"},{"description":"NH/PI*","count":9,"tested":49,"color":"rgb(127,127,127)"},{"description":"AI/AN**","count":8,"tested":97,"color":"rgb(31,119,180)"}],"gender":[{"description":"Unknown/Left Blank","count":33,"tested":1371,"color":"rgb(44,160,44)"},{"description":"Male","count":2298,"tested":31533,"color":"rgb(31,119,180)"},{"description":"Female","count":2427,"tested":44493,"color":"rgb(255,127,14)"}]}
