{"age":[{"age_group":"<20","count":455,"tested":5971},{"age_group":"20-29   ","count":532,"tested":6792},{"age_group":"30-39   ","count":457,"tested":5768},{"age_group":"40-49   ","count":424,"tested":4789},{"age_group":"50-59   ","count":403,"tested":5672},{"age_group":"60-69   ","count":278,"tested":4217},{"age_group":"70-79   ","count":143,"tested":1900},{"age_group":"80+","count":95,"tested":1891}],"race":[{"description":"White","count":2006,"tested":16171,"color":"rgb(31,119,180)"},{"description":"Other","count":29,"tested":516,"color":"rgb(148,103,189)"},{"description":"Left Blank","count":276,"tested":16269,"color":"rgb(44,160,44)"},{"description":"Black","count":171,"tested":1525,"color":"rgb(255,127,14)"},{"description":"Asian","count":54,"tested":673,"color":"rgb(140,86,75)"},{"description":"Hispanic","count":248,"tested":1573,"color":"rgb(214,39,40)"}],"gender":[{"description":"Female","count":1511,"tested":22505,"color":"rgb(255,127,14)"},{"description":"Male","count":1265,"tested":13920,"color":"rgb(31,119,180)"},{"description":"Unknown/Left Blank","count":12,"tested":577,"color":"rgb(44,160,44)"}]}
