{"age":[{"age_group":"<20","count":218,"tested":3206},{"age_group":"20-29   ","count":273,"tested":2958},{"age_group":"30-39   ","count":257,"tested":2650},{"age_group":"40-49   ","count":261,"tested":2859},{"age_group":"50-59   ","count":234,"tested":3073},{"age_group":"60-69   ","count":171,"tested":3211},{"age_group":"70-79   ","count":72,"tested":1858},{"age_group":"80+","count":45,"tested":1421}],"race":[{"description":"Black","count":330,"tested":4030,"color":"rgb(255,127,14)"},{"description":"Asian","count":29,"tested":201,"color":"rgb(140,86,75)"},{"description":"White","count":141,"tested":1441,"color":"rgb(31,119,180)"},{"description":"Hispanic","count":322,"tested":2522,"color":"rgb(214,39,40)"},{"description":"Other","count":42,"tested":538,"color":"rgb(148,103,189)"},{"description":"Left Blank","count":667,"tested":12533,"color":"rgb(44,160,44)"}],"gender":[{"description":"Female","count":793,"tested":11428,"color":"rgb(255,127,14)"},{"description":"Male","count":727,"tested":9265,"color":"rgb(31,119,180)"},{"description":"Unknown/Left Blank","count":11,"tested":581,"color":"rgb(44,160,44)"}]}
