{"age":[{"age_group":"<20","count":70,"tested":928},{"age_group":"20-29   ","count":59,"tested":693},{"age_group":"30-39   ","count":65,"tested":716},{"age_group":"40-49   ","count":55,"tested":666},{"age_group":"50-59   ","count":83,"tested":987},{"age_group":"60-69   ","count":59,"tested":696},{"age_group":"70-79   ","count":9,"tested":366}],"race":[{"description":"Left Blank","count":134,"tested":1993,"color":"rgb(44,160,44)"},{"description":"Hispanic","count":34,"tested":231,"color":"rgb(214,39,40)"},{"description":"White","count":222,"tested":3191,"color":"rgb(31,119,180)"}],"gender":[{"description":"Female","count":207,"tested":3015,"color":"rgb(255,127,14)"},{"description":"Male","count":191,"tested":2496,"color":"rgb(31,119,180)"}]}
