{"age":[{"age_group":"<20","count":281,"tested":6461},{"age_group":"20-29   ","count":1362,"tested":28485},{"age_group":"30-39   ","count":957,"tested":23974},{"age_group":"40-49   ","count":444,"tested":11610},{"age_group":"50-59   ","count":366,"tested":10087},{"age_group":"60-69   ","count":270,"tested":8176},{"age_group":"70-79   ","count":115,"tested":4251},{"age_group":"80+","count":104,"tested":2959}],"race":[{"description":"White","count":1674,"tested":32498,"color":"rgb(31,119,180)"},{"description":"Black","count":226,"tested":3887,"color":"rgb(255,127,14)"},{"description":"Asian","count":140,"tested":2896,"color":"rgb(140,86,75)"},{"description":"Other","count":217,"tested":3947,"color":"rgb(148,103,189)"},{"description":"Hispanic","count":403,"tested":4061,"color":"rgb(214,39,40)"},{"description":"Left Blank","count":1231,"tested":48624,"color":"rgb(44,160,44)"}],"gender":[{"description":"Female","count":1727,"tested":48903,"color":"rgb(255,127,14)"},{"description":"Male","count":2018,"tested":45331,"color":"rgb(31,119,180)"},{"description":"Unknown/Left Blank","count":154,"tested":1795,"color":"rgb(44,160,44)"}]}
