{"age":[{"age_group":"<20","count":59,"tested":1317},{"age_group":"20-29   ","count":24,"tested":479},{"age_group":"30-39   ","count":10,"tested":293},{"age_group":"40-49   ","count":24,"tested":535},{"age_group":"50-59   ","count":38,"tested":663},{"age_group":"60-69   ","count":13,"tested":313}],"race":[{"description":"Other","count":14,"tested":334,"color":"rgb(148,103,189)"},{"description":"Left Blank","count":44,"tested":1350,"color":"rgb(44,160,44)"},{"description":"White","count":107,"tested":2013,"color":"rgb(31,119,180)"}],"gender":[{"description":"Male","count":88,"tested":1851,"color":"rgb(31,119,180)"},{"description":"Female","count":85,"tested":1976,"color":"rgb(255,127,14)"}]}
