{"age":[{"age_group":"<20","count":958,"tested":2686},{"age_group":"20-29   ","count":927,"tested":7434},{"age_group":"30-39   ","count":377,"tested":2855},{"age_group":"40-49   ","count":298,"tested":2633},{"age_group":"50-59   ","count":230,"tested":2720},{"age_group":"60-69   ","count":159,"tested":1768},{"age_group":"70-79   ","count":68,"tested":598},{"age_group":"80+","count":43,"tested":308}],"race":[{"description":"White","count":783,"tested":3557,"color":"rgb(31,119,180)"},{"description":"Asian","count":116,"tested":1228,"color":"rgb(140,86,75)"},{"description":"Other","count":111,"tested":771,"color":"rgb(148,103,189)"},{"description":"Black","count":653,"tested":4669,"color":"rgb(255,127,14)"},{"description":"Left Blank","count":332,"tested":4826,"color":"rgb(44,160,44)"},{"description":"NH/PI*","count":17,"tested":107,"color":"rgb(127,127,127)"},{"description":"Hispanic","count":1031,"tested":5778,"color":"rgb(214,39,40)"},{"description":"AI/AN**","count":17,"tested":72,"color":"rgb(31,119,180)"}],"gender":[{"description":"Unknown/Left Blank","count":38,"tested":171,"color":"rgb(44,160,44)"},{"description":"Male","count":1809,"tested":8281,"color":"rgb(31,119,180)"},{"description":"Female","count":1213,"tested":12556,"color":"rgb(255,127,14)"}]}
