{"age":[{"age_group":"<20","count":616,"tested":7042},{"age_group":"20-29   ","count":522,"tested":6498},{"age_group":"30-39   ","count":439,"tested":5034},{"age_group":"40-49   ","count":456,"tested":5345},{"age_group":"50-59   ","count":561,"tested":6459},{"age_group":"60-69   ","count":268,"tested":4206},{"age_group":"70-79   ","count":118,"tested":2232},{"age_group":"80+","count":85,"tested":2940}],"race":[{"description":"Other","count":192,"tested":1666,"color":"rgb(148,103,189)"},{"description":"Left Blank","count":913,"tested":12778,"color":"rgb(44,160,44)"},{"description":"Black","count":62,"tested":1264,"color":"rgb(255,127,14)"},{"description":"Hispanic","count":348,"tested":2616,"color":"rgb(214,39,40)"},{"description":"White","count":1472,"tested":20153,"color":"rgb(31,119,180)"},{"description":"Asian","count":67,"tested":1108,"color":"rgb(140,86,75)"},{"description":"NH/PI*","count":7,"tested":114,"color":"rgb(127,127,127)"}],"gender":[{"description":"Female","count":1534,"tested":22549,"color":"rgb(255,127,14)"},{"description":"Unknown/Left Blank","count":20,"tested":381,"color":"rgb(44,160,44)"},{"description":"Male","count":1512,"tested":16845,"color":"rgb(31,119,180)"}]}
