{"age":[{"age_group":"<20","count":343,"tested":3923},{"age_group":"20-29   ","count":445,"tested":8214},{"age_group":"30-39   ","count":501,"tested":11073},{"age_group":"40-49   ","count":449,"tested":11026},{"age_group":"50-59   ","count":375,"tested":8291},{"age_group":"60-69   ","count":271,"tested":5608},{"age_group":"70-79   ","count":159,"tested":2856},{"age_group":"80+","count":136,"tested":2533}],"race":[{"description":"Left Blank","count":1068,"tested":39737,"color":"rgb(44,160,44)"},{"description":"White","count":859,"tested":10363,"color":"rgb(31,119,180)"},{"description":"Hispanic","count":332,"tested":1778,"color":"rgb(214,39,40)"},{"description":"Other","count":74,"tested":847,"color":"rgb(148,103,189)"},{"description":"Black","count":299,"tested":1982,"color":"rgb(255,127,14)"},{"description":"Asian","count":41,"tested":322,"color":"rgb(140,86,75)"}],"gender":[{"description":"Unknown/Left Blank","count":24,"tested":10259,"color":"rgb(44,160,44)"},{"description":"Female","count":1229,"tested":19051,"color":"rgb(255,127,14)"},{"description":"Male","count":1426,"tested":25755,"color":"rgb(31,119,180)"}]}
