{"age":[{"age_group":"<20","count":216,"tested":4099},{"age_group":"20-29   ","count":120,"tested":2371},{"age_group":"30-39   ","count":85,"tested":1669},{"age_group":"40-49   ","count":117,"tested":2617},{"age_group":"50-59   ","count":147,"tested":2388},{"age_group":"60-69   ","count":93,"tested":2083},{"age_group":"70-79   ","count":37,"tested":1118},{"age_group":"80+","count":11,"tested":430}],"race":[{"description":"Hispanic","count":47,"tested":710,"color":"rgb(214,39,40)"},{"description":"Asian","count":13,"tested":647,"color":"rgb(140,86,75)"},{"description":"White","count":439,"tested":8216,"color":"rgb(31,119,180)"},{"description":"Left Blank","count":218,"tested":5423,"color":"rgb(44,160,44)"},{"description":"Other","count":49,"tested":727,"color":"rgb(148,103,189)"},{"description":"Black","count":60,"tested":1037,"color":"rgb(255,127,14)"}],"gender":[{"description":"Female","count":384,"tested":8885,"color":"rgb(255,127,14)"},{"description":"Male","count":429,"tested":7579,"color":"rgb(31,119,180)"}]}
