{"age":[{"age_group":"<20","count":606,"tested":6605},{"age_group":"20-29   ","count":713,"tested":7334},{"age_group":"30-39   ","count":586,"tested":6663},{"age_group":"40-49   ","count":581,"tested":5693},{"age_group":"50-59   ","count":584,"tested":6708},{"age_group":"60-69   ","count":367,"tested":5770},{"age_group":"70-79   ","count":138,"tested":3084},{"age_group":"80+","count":100,"tested":2220}],"race":[{"description":"Hispanic","count":1275,"tested":7087,"color":"rgb(214,39,40)"},{"description":"Left Blank","count":898,"tested":14885,"color":"rgb(44,160,44)"},{"description":"White","count":1133,"tested":17405,"color":"rgb(31,119,180)"},{"description":"Other","count":200,"tested":1606,"color":"rgb(148,103,189)"},{"description":"NH/PI*","count":6,"tested":94,"color":"rgb(127,127,127)"},{"description":"Black","count":43,"tested":697,"color":"rgb(255,127,14)"},{"description":"Asian","count":118,"tested":2217,"color":"rgb(140,86,75)"}],"gender":[{"description":"Unknown/Left Blank","count":28,"tested":377,"color":"rgb(44,160,44)"},{"description":"Male","count":1852,"tested":19299,"color":"rgb(31,119,180)"},{"description":"Female","count":1796,"tested":24404,"color":"rgb(255,127,14)"}]}
