{"age":[{"age_group":"<20","count":66,"tested":738},{"age_group":"20-29   ","count":66,"tested":557},{"age_group":"30-39   ","count":52,"tested":520},{"age_group":"40-49   ","count":73,"tested":519},{"age_group":"50-59   ","count":58,"tested":445},{"age_group":"60-69   ","count":29,"tested":232},{"age_group":"70-79   ","count":10,"tested":119}],"race":[{"description":"Hispanic","count":32,"tested":151,"color":"rgb(214,39,40)"},{"description":"White","count":174,"tested":1527,"color":"rgb(31,119,180)"},{"description":"Left Blank","count":146,"tested":1407,"color":"rgb(44,160,44)"},{"description":"Other","count":7,"tested":61,"color":"rgb(148,103,189)"}],"gender":[{"description":"Female","count":185,"tested":1812,"color":"rgb(255,127,14)"},{"description":"Male","count":175,"tested":1339,"color":"rgb(31,119,180)"}]}
