{"age":[{"age_group":"<20","count":525,"tested":3290},{"age_group":"20-29   ","count":683,"tested":5995},{"age_group":"30-39   ","count":595,"tested":4544},{"age_group":"40-49   ","count":508,"tested":4706},{"age_group":"50-59   ","count":461,"tested":4812},{"age_group":"60-69   ","count":341,"tested":4160},{"age_group":"70-79   ","count":166,"tested":2997},{"age_group":"80+","count":93,"tested":2331}],"race":[{"description":"White","count":997,"tested":9091,"color":"rgb(31,119,180)"},{"description":"Left Blank","count":941,"tested":15108,"color":"rgb(44,160,44)"},{"description":"Hispanic","count":1130,"tested":5741,"color":"rgb(214,39,40)"},{"description":"Other","count":154,"tested":1336,"color":"rgb(148,103,189)"},{"description":"Asian","count":70,"tested":560,"color":"rgb(140,86,75)"},{"description":"Black","count":74,"tested":934,"color":"rgb(255,127,14)"}],"gender":[{"description":"Female","count":1778,"tested":18790,"color":"rgb(255,127,14)"},{"description":"Male","count":1589,"tested":13664,"color":"rgb(31,119,180)"}]}
