{"age":[{"age_group":"<20","count":509,"tested":5932},{"age_group":"20-29   ","count":629,"tested":8588},{"age_group":"30-39   ","count":683,"tested":9258},{"age_group":"40-49   ","count":577,"tested":7827},{"age_group":"50-59   ","count":471,"tested":7121},{"age_group":"60-69   ","count":352,"tested":5243},{"age_group":"70-79   ","count":154,"tested":2080},{"age_group":"80+","count":82,"tested":963}],"race":[{"description":"Left Blank","count":702,"tested":18760,"color":"rgb(44,160,44)"},{"description":"White","count":89,"tested":1663,"color":"rgb(31,119,180)"},{"description":"Hispanic","count":415,"tested":2570,"color":"rgb(214,39,40)"},{"description":"Other","count":67,"tested":945,"color":"rgb(148,103,189)"},{"description":"Asian","count":10,"tested":123,"color":"rgb(140,86,75)"},{"description":"Black","count":2171,"tested":22912,"color":"rgb(255,127,14)"}],"gender":[{"description":"Male","count":1462,"tested":19990,"color":"rgb(31,119,180)"},{"description":"Female","count":1960,"tested":24661,"color":"rgb(255,127,14)"},{"description":"Unknown/Left Blank","count":35,"tested":2372,"color":"rgb(44,160,44)"}]}
