{"age":[{"age_group":"<20","count":268,"tested":2260},{"age_group":"20-29   ","count":289,"tested":2651},{"age_group":"30-39   ","count":277,"tested":2392},{"age_group":"40-49   ","count":263,"tested":1862},{"age_group":"50-59   ","count":219,"tested":1812},{"age_group":"60-69   ","count":134,"tested":1722},{"age_group":"70-79   ","count":85,"tested":1082},{"age_group":"80+","count":47,"tested":822}],"race":[{"description":"White","count":549,"tested":7290,"color":"rgb(31,119,180)"},{"description":"Hispanic","count":779,"tested":3796,"color":"rgb(214,39,40)"},{"description":"Other","count":18,"tested":172,"color":"rgb(148,103,189)"},{"description":"Left Blank","count":227,"tested":3199,"color":"rgb(44,160,44)"}],"gender":[{"description":"Female","count":837,"tested":8725,"color":"rgb(255,127,14)"},{"description":"Male","count":743,"tested":5808,"color":"rgb(31,119,180)"}]}
