{"age":[{"age_group":"<20","count":552,"tested":4627},{"age_group":"20-29   ","count":762,"tested":7779},{"age_group":"30-39   ","count":654,"tested":6747},{"age_group":"40-49   ","count":541,"tested":5673},{"age_group":"50-59   ","count":618,"tested":7003},{"age_group":"60-69   ","count":473,"tested":6227},{"age_group":"70-79   ","count":236,"tested":3455},{"age_group":"80+","count":127,"tested":2265}],"race":[{"description":"Left Blank","count":1453,"tested":19090,"color":"rgb(44,160,44)"},{"description":"White","count":1845,"tested":18015,"color":"rgb(31,119,180)"},{"description":"Other","count":169,"tested":1600,"color":"rgb(148,103,189)"},{"description":"Black","count":196,"tested":2500,"color":"rgb(255,127,14)"},{"description":"Asian","count":79,"tested":890,"color":"rgb(140,86,75)"},{"description":"Hispanic","count":213,"tested":1596,"color":"rgb(214,39,40)"}],"gender":[{"description":"Unknown/Left Blank","count":24,"tested":737,"color":"rgb(44,160,44)"},{"description":"Male","count":1852,"tested":18085,"color":"rgb(31,119,180)"},{"description":"Female","count":2087,"tested":24995,"color":"rgb(255,127,14)"}]}
