{"age":[{"age_group":"<20","count":194,"tested":2150},{"age_group":"20-29   ","count":237,"tested":3173},{"age_group":"30-39   ","count":228,"tested":3305},{"age_group":"40-49   ","count":195,"tested":2860},{"age_group":"50-59   ","count":180,"tested":3328},{"age_group":"60-69   ","count":129,"tested":2367},{"age_group":"70-79   ","count":96,"tested":1584},{"age_group":"80+","count":52,"tested":1351}],"race":[{"description":"Left Blank","count":334,"tested":6353,"color":"rgb(44,160,44)"},{"description":"White","count":761,"tested":10937,"color":"rgb(31,119,180)"},{"description":"Asian","count":9,"tested":85,"color":"rgb(140,86,75)"},{"description":"Hispanic","count":101,"tested":958,"color":"rgb(214,39,40)"},{"description":"Black","count":79,"tested":1367,"color":"rgb(255,127,14)"},{"description":"Other","count":27,"tested":409,"color":"rgb(148,103,189)"}],"gender":[{"description":"Female","count":747,"tested":12835,"color":"rgb(255,127,14)"},{"description":"Male","count":559,"tested":7090,"color":"rgb(31,119,180)"}]}
