{"age":[{"age_group":"<20","count":781,"tested":6061},{"age_group":"20-29   ","count":974,"tested":8177},{"age_group":"30-39   ","count":908,"tested":7071},{"age_group":"40-49   ","count":871,"tested":6201},{"age_group":"50-59   ","count":758,"tested":6521},{"age_group":"60-69   ","count":524,"tested":5132},{"age_group":"70-79   ","count":210,"tested":2889},{"age_group":"80+","count":125,"tested":2220}],"race":[{"description":"AI/AN**","count":6,"tested":51,"color":"rgb(31,119,180)"},{"description":"NH/PI*","count":6,"tested":59,"color":"rgb(127,127,127)"},{"description":"White","count":1439,"tested":10446,"color":"rgb(31,119,180)"},{"description":"Left Blank","count":987,"tested":21866,"color":"rgb(44,160,44)"},{"description":"Other","count":210,"tested":2194,"color":"rgb(148,103,189)"},{"description":"Black","count":110,"tested":967,"color":"rgb(255,127,14)"},{"description":"Hispanic","count":2179,"tested":7262,"color":"rgb(214,39,40)"},{"description":"Asian","count":215,"tested":1436,"color":"rgb(140,86,75)"}],"gender":[{"description":"Female","count":2586,"tested":23943,"color":"rgb(255,127,14)"},{"description":"Unknown/Left Blank","count":24,"tested":534,"color":"rgb(44,160,44)"},{"description":"Male","count":2542,"tested":19804,"color":"rgb(31,119,180)"}]}
