{"age":[{"age_group":"<20","count":774,"tested":6696},{"age_group":"20-29   ","count":879,"tested":15849},{"age_group":"30-39   ","count":930,"tested":17629},{"age_group":"40-49   ","count":796,"tested":16752},{"age_group":"50-59   ","count":710,"tested":17484},{"age_group":"60-69   ","count":555,"tested":14170},{"age_group":"70-79   ","count":284,"tested":6679},{"age_group":"80+","count":246,"tested":5628}],"race":[{"description":"Black","count":1232,"tested":30339,"color":"rgb(255,127,14)"},{"description":"Hispanic","count":777,"tested":4739,"color":"rgb(214,39,40)"},{"description":"Asian","count":10,"tested":616,"color":"rgb(140,86,75)"},{"description":"White","count":1971,"tested":41935,"color":"rgb(31,119,180)"},{"description":"Other","count":103,"tested":2799,"color":"rgb(148,103,189)"},{"description":"Left Blank","count":1079,"tested":20276,"color":"rgb(44,160,44)"}],"gender":[{"description":"Unknown/Left Blank","count":19,"tested":1139,"color":"rgb(44,160,44)"},{"description":"Male","count":2424,"tested":37420,"color":"rgb(31,119,180)"},{"description":"Female","count":2732,"tested":62388,"color":"rgb(255,127,14)"}]}
