{"age":[{"age_group":"<20","count":60,"tested":516},{"age_group":"20-29   ","count":44,"tested":484},{"age_group":"30-39   ","count":59,"tested":797},{"age_group":"40-49   ","count":55,"tested":621},{"age_group":"50-59   ","count":64,"tested":818},{"age_group":"60-69   ","count":52,"tested":809},{"age_group":"70-79   ","count":38,"tested":740},{"age_group":"80+","count":60,"tested":1464}],"race":[{"description":"Hispanic","count":12,"tested":77,"color":"rgb(214,39,40)"},{"description":"Left Blank","count":180,"tested":2913,"color":"rgb(44,160,44)"},{"description":"White","count":235,"tested":3139,"color":"rgb(31,119,180)"}],"gender":[{"description":"Female","count":254,"tested":4167,"color":"rgb(255,127,14)"},{"description":"Male","count":177,"tested":2029,"color":"rgb(31,119,180)"}]}
