{"age":[{"age_group":"<20","count":165,"tested":1711},{"age_group":"20-29   ","count":193,"tested":3273},{"age_group":"30-39   ","count":225,"tested":3901},{"age_group":"40-49   ","count":239,"tested":4696},{"age_group":"50-59   ","count":212,"tested":5980},{"age_group":"60-69   ","count":143,"tested":4235},{"age_group":"70-79   ","count":64,"tested":1850},{"age_group":"80+","count":29,"tested":781}],"race":[{"description":"Left Blank","count":404,"tested":15482,"color":"rgb(44,160,44)"},{"description":"White","count":48,"tested":925,"color":"rgb(31,119,180)"},{"description":"Hispanic","count":35,"tested":215,"color":"rgb(214,39,40)"},{"description":"Black","count":752,"tested":9388,"color":"rgb(255,127,14)"},{"description":"Asian","count":8,"tested":89,"color":"rgb(140,86,75)"},{"description":"Other","count":19,"tested":302,"color":"rgb(148,103,189)"}],"gender":[{"description":"Male","count":494,"tested":11479,"color":"rgb(31,119,180)"},{"description":"Female","count":773,"tested":14648,"color":"rgb(255,127,14)"}]}
