{"lastUpdatedDate":{"year":2020,"month":12,"day":30},"county_demographics":[{"County":"Scott","confirmed_cases":325,"total_tested":5346,"demographics":{"age":[{"race":[],"age_group":"<20","count":38,"tested":671,"deaths":0},{"race":[],"age_group":"20-29   ","count":53,"tested":674,"deaths":0},{"race":[],"age_group":"30-39   ","count":41,"tested":818,"deaths":0},{"race":[],"age_group":"40-49   ","count":44,"tested":596,"deaths":0},{"race":[],"age_group":"50-59   ","count":72,"tested":836,"deaths":0},{"race":[],"age_group":"60-69   ","count":42,"tested":710,"deaths":0},{"race":[],"age_group":"70-79   ","count":18,"tested":446,"deaths":0},{"race":[],"age_group":"80+","count":17,"tested":595,"deaths":0}],"race":[{"description":"Asian","count":0,"tested":0,"deaths":0,"color":"rgb(140,86,75)"},{"description":"Black","count":0,"tested":15,"deaths":0,"color":"rgb(255,127,14)"},{"description":"Hispanic","count":0,"tested":14,"deaths":0,"color":"rgb(214,39,40)"},{"description":"Left Blank","count":141,"tested":1706,"deaths":0,"color":"rgb(44,160,44)"},{"description":"Other","count":0,"tested":22,"deaths":0,"color":"rgb(148,103,189)"},{"description":"White","count":178,"tested":3584,"deaths":0,"color":"rgb(31,119,180)"}],"gender":[{"description":"Female","count":151,"tested":3459,"deaths":0,"color":"rgb(255,127,14)"},{"description":"Male","count":114,"tested":1461,"deaths":0,"color":"rgb(31,119,180)"},{"description":"Unknown/Left Blank","count":58,"tested":426,"deaths":0,"color":"rgb(44,160,44)"}]}}]}
