{"lastUpdatedDate":{"year":2020,"month":12,"day":30},"county_demographics":[{"County":"Winnebago","confirmed_cases":23840,"total_tested":241989,"demographics":{"age":[{"race":[],"age_group":"<20","count":3771,"tested":36733,"deaths":0},{"race":[],"age_group":"20-29   ","count":4281,"tested":38837,"deaths":0},{"race":[],"age_group":"30-39   ","count":3636,"tested":35961,"deaths":0},{"race":[],"age_group":"40-49   ","count":3604,"tested":32927,"deaths":0},{"race":[],"age_group":"50-59   ","count":3502,"tested":34468,"deaths":0},{"race":[],"age_group":"60-69   ","count":2543,"tested":27909,"deaths":0},{"race":[],"age_group":"70-79   ","count":1505,"tested":18090,"deaths":0},{"race":[],"age_group":"80+","count":991,"tested":17030,"deaths":0},{"race":[],"age_group":"Unknown","count":0,"tested":34,"deaths":0}],"race":[{"description":"AI/AN**","count":13,"tested":104,"deaths":0,"color":"rgb(31,119,180)"},{"description":"Asian","count":406,"tested":2465,"deaths":0,"color":"rgb(140,86,75)"},{"description":"Black","count":2268,"tested":17797,"deaths":0,"color":"rgb(255,127,14)"},{"description":"Hispanic","count":4092,"tested":16877,"deaths":0,"color":"rgb(214,39,40)"},{"description":"Left Blank","count":6258,"tested":108775,"deaths":0,"color":"rgb(44,160,44)"},{"description":"NH/PI*","count":10,"tested":74,"deaths":0,"color":"rgb(127,127,127)"},{"description":"Other","count":404,"tested":4037,"deaths":0,"color":"rgb(148,103,189)"},{"description":"White","count":10387,"tested":91860,"deaths":0,"color":"rgb(31,119,180)"}],"gender":[{"description":"Female","count":12696,"tested":141594,"deaths":0,"color":"rgb(255,127,14)"},{"description":"Male","count":10964,"tested":94959,"deaths":0,"color":"rgb(31,119,180)"},{"description":"Unknown/Left Blank","count":177,"tested":5436,"deaths":0,"color":"rgb(44,160,44)"}]}}]}
