{"lastUpdatedDate":{"year":2020,"month":12,"day":30},"county_demographics":[{"County":"Gallatin","confirmed_cases":321,"total_tested":2482,"demographics":{"age":[{"race":[],"age_group":"<20","count":40,"tested":408,"deaths":0},{"race":[],"age_group":"20-29   ","count":38,"tested":381,"deaths":0},{"race":[],"age_group":"30-39   ","count":44,"tested":357,"deaths":0},{"race":[],"age_group":"40-49   ","count":47,"tested":326,"deaths":0},{"race":[],"age_group":"50-59   ","count":47,"tested":359,"deaths":0},{"race":[],"age_group":"60-69   ","count":42,"tested":305,"deaths":0},{"race":[],"age_group":"70-79   ","count":38,"tested":262,"deaths":0},{"race":[],"age_group":"80+","count":18,"tested":82,"deaths":0},{"race":[],"age_group":"Unknown","count":0,"tested":0,"deaths":0}],"race":[{"description":"AI/AN**","count":0,"tested":0,"deaths":0,"color":"rgb(31,119,180)"},{"description":"Asian","count":0,"tested":0,"deaths":0,"color":"rgb(140,86,75)"},{"description":"Black","count":0,"tested":24,"deaths":0,"color":"rgb(255,127,14)"},{"description":"Hispanic","count":9,"tested":23,"deaths":0,"color":"rgb(214,39,40)"},{"description":"Left Blank","count":64,"tested":947,"deaths":0,"color":"rgb(44,160,44)"},{"description":"Other","count":0,"tested":18,"deaths":0,"color":"rgb(148,103,189)"},{"description":"White","count":243,"tested":1468,"deaths":0,"color":"rgb(31,119,180)"}],"gender":[{"description":"Female","count":168,"tested":1593,"deaths":0,"color":"rgb(255,127,14)"},{"description":"Male","count":147,"tested":811,"deaths":0,"color":"rgb(31,119,180)"},{"description":"Unknown/Left Blank","count":6,"tested":78,"deaths":0,"color":"rgb(44,160,44)"}]}}]}
