{"lastUpdatedDate":{"year":2020,"month":12,"day":30},"county_demographics":[{"County":"Henderson","confirmed_cases":394,"total_tested":4361,"demographics":{"age":[{"race":[],"age_group":"<20","count":29,"tested":546,"deaths":0},{"race":[],"age_group":"20-29   ","count":55,"tested":494,"deaths":0},{"race":[],"age_group":"30-39   ","count":51,"tested":650,"deaths":0},{"race":[],"age_group":"40-49   ","count":51,"tested":579,"deaths":0},{"race":[],"age_group":"50-59   ","count":71,"tested":633,"deaths":0},{"race":[],"age_group":"60-69   ","count":67,"tested":532,"deaths":0},{"race":[],"age_group":"70-79   ","count":24,"tested":432,"deaths":0},{"race":[],"age_group":"80+","count":31,"tested":495,"deaths":0}],"race":[{"description":"AI/AN**","count":0,"tested":0,"deaths":0,"color":"rgb(31,119,180)"},{"description":"Hispanic","count":0,"tested":14,"deaths":0,"color":"rgb(214,39,40)"},{"description":"Left Blank","count":145,"tested":1537,"deaths":0,"color":"rgb(44,160,44)"},{"description":"Other","count":0,"tested":20,"deaths":0,"color":"rgb(148,103,189)"},{"description":"White","count":247,"tested":2786,"deaths":0,"color":"rgb(31,119,180)"}],"gender":[{"description":"Female","count":223,"tested":2959,"deaths":0,"color":"rgb(255,127,14)"},{"description":"Male","count":159,"tested":1244,"deaths":0,"color":"rgb(31,119,180)"},{"description":"Unknown/Left Blank","count":10,"tested":158,"deaths":0,"color":"rgb(44,160,44)"}]}}]}
