{"lastUpdatedDate":{"year":2020,"month":11,"day":16},"county_demographics":[{"County":"Douglas","confirmed_cases":1114,"total_tested":13754,"demographics":{"age":[{"age_group":"<20","count":212,"tested":2676},{"age_group":"20-29   ","count":165,"tested":2099},{"age_group":"30-39   ","count":156,"tested":1660},{"age_group":"40-49   ","count":164,"tested":1806},{"age_group":"50-59   ","count":152,"tested":1598},{"age_group":"60-69   ","count":131,"tested":1877},{"age_group":"70-79   ","count":66,"tested":1045},{"age_group":"80+","count":59,"tested":988},{"age_group":"Unknown","count":0,"tested":0}],"race":[{"description":"AI/AN**","count":0,"tested":11,"color":"rgb(31,119,180)"},{"description":"Asian","count":0,"tested":33,"color":"rgb(140,86,75)"},{"description":"Black","count":0,"tested":90,"color":"rgb(255,127,14)"},{"description":"Hispanic","count":218,"tested":883,"color":"rgb(214,39,40)"},{"description":"Left Blank","count":239,"tested":2824,"color":"rgb(44,160,44)"},{"description":"NH/PI*","count":0,"tested":0,"color":"rgb(127,127,127)"},{"description":"Other","count":38,"tested":439,"color":"rgb(148,103,189)"},{"description":"White","count":601,"tested":9470,"color":"rgb(31,119,180)"}],"gender":[{"description":"Female","count":536,"tested":7903,"color":"rgb(255,127,14)"},{"description":"Male","count":563,"tested":5739,"color":"rgb(31,119,180)"},{"description":"Unknown/Left Blank","count":12,"tested":112,"color":"rgb(44,160,44)"}]}}]}
