{"lastUpdatedDate":{"year":2020,"month":11,"day":16},"county_demographics":[{"County":"Union","confirmed_cases":980,"total_tested":11520,"demographics":{"age":[{"age_group":"<20","count":103,"tested":1064},{"age_group":"20-29   ","count":164,"tested":1700},{"age_group":"30-39   ","count":132,"tested":1687},{"age_group":"40-49   ","count":154,"tested":1701},{"age_group":"50-59   ","count":158,"tested":1927},{"age_group":"60-69   ","count":126,"tested":1461},{"age_group":"70-79   ","count":74,"tested":927},{"age_group":"80+","count":66,"tested":1048},{"age_group":"Unknown","count":0,"tested":0}],"race":[{"description":"AI/AN**","count":0,"tested":0,"color":"rgb(31,119,180)"},{"description":"Asian","count":0,"tested":22,"color":"rgb(140,86,75)"},{"description":"Black","count":42,"tested":319,"color":"rgb(255,127,14)"},{"description":"Hispanic","count":65,"tested":304,"color":"rgb(214,39,40)"},{"description":"Left Blank","count":155,"tested":3037,"color":"rgb(44,160,44)"},{"description":"NH/PI*","count":0,"tested":11,"color":"rgb(127,127,127)"},{"description":"Other","count":0,"tested":84,"color":"rgb(148,103,189)"},{"description":"White","count":712,"tested":7742,"color":"rgb(31,119,180)"}],"gender":[{"description":"Female","count":457,"tested":6031,"color":"rgb(255,127,14)"},{"description":"Male","count":471,"tested":4760,"color":"rgb(31,119,180)"},{"description":"Unknown/Left Blank","count":49,"tested":729,"color":"rgb(44,160,44)"}]}}]}
