{"lastUpdatedDate":{"year":2020,"month":11,"day":16},"county_demographics":[{"County":"Williamson","confirmed_cases":2862,"total_tested":39311,"demographics":{"age":[{"age_group":"<20","count":432,"tested":4235},{"age_group":"20-29   ","count":437,"tested":5450},{"age_group":"30-39   ","count":429,"tested":6110},{"age_group":"40-49   ","count":424,"tested":5492},{"age_group":"50-59   ","count":424,"tested":5848},{"age_group":"60-69   ","count":304,"tested":4964},{"age_group":"70-79   ","count":236,"tested":4043},{"age_group":"80+","count":173,"tested":3152},{"age_group":"Unknown","count":0,"tested":17}],"race":[{"description":"AI/AN**","count":0,"tested":11,"color":"rgb(31,119,180)"},{"description":"Asian","count":9,"tested":106,"color":"rgb(140,86,75)"},{"description":"Black","count":77,"tested":1123,"color":"rgb(255,127,14)"},{"description":"Hispanic","count":32,"tested":333,"color":"rgb(214,39,40)"},{"description":"Left Blank","count":621,"tested":14379,"color":"rgb(44,160,44)"},{"description":"NH/PI*","count":0,"tested":19,"color":"rgb(127,127,127)"},{"description":"Other","count":19,"tested":559,"color":"rgb(148,103,189)"},{"description":"White","count":2095,"tested":22781,"color":"rgb(31,119,180)"}],"gender":[{"description":"Female","count":1463,"tested":19735,"color":"rgb(255,127,14)"},{"description":"Male","count":1176,"tested":14415,"color":"rgb(31,119,180)"},{"description":"Unknown/Left Blank","count":223,"tested":5161,"color":"rgb(44,160,44)"}]}}]}
