{"lastUpdatedDate":{"year":2020,"month":11,"day":16},"county_demographics":[{"County":"Gallatin","confirmed_cases":164,"total_tested":1471,"demographics":{"age":[{"age_group":"<20","count":25,"tested":260},{"age_group":"20-29   ","count":15,"tested":206},{"age_group":"30-39   ","count":24,"tested":189},{"age_group":"40-49   ","count":26,"tested":192},{"age_group":"50-59   ","count":29,"tested":209},{"age_group":"60-69   ","count":18,"tested":192},{"age_group":"70-79   ","count":16,"tested":168},{"age_group":"80+","count":8,"tested":54},{"age_group":"Unknown","count":0,"tested":0}],"race":[{"description":"Asian","count":0,"tested":0,"color":"rgb(140,86,75)"},{"description":"Black","count":0,"tested":11,"color":"rgb(255,127,14)"},{"description":"Hispanic","count":0,"tested":0,"color":"rgb(214,39,40)"},{"description":"Left Blank","count":26,"tested":504,"color":"rgb(44,160,44)"},{"description":"Other","count":0,"tested":15,"color":"rgb(148,103,189)"},{"description":"White","count":133,"tested":936,"color":"rgb(31,119,180)"}],"gender":[{"description":"Female","count":84,"tested":883,"color":"rgb(255,127,14)"},{"description":"Male","count":75,"tested":525,"color":"rgb(31,119,180)"},{"description":"Unknown/Left Blank","count":0,"tested":63,"color":"rgb(44,160,44)"}]}}]}
