{"lastUpdatedDate":{"year":2021,"month":2,"day":2},"county_demographics":[{"County":"Clinton","confirmed_cases":5349,"total_tested":47182,"demographics":{"age":[{"race":[],"age_group":"70-79   ","count":332,"tested":3075,"deaths":0},{"race":[],"age_group":"20-29   ","count":828,"tested":7329,"deaths":0},{"race":[],"age_group":"60-69   ","count":673,"tested":5988,"deaths":0},{"race":[],"age_group":"80+","count":338,"tested":3956,"deaths":0},{"race":[],"age_group":"30-39   ","count":830,"tested":6896,"deaths":0},{"race":[],"age_group":"40-49   ","count":715,"tested":6277,"deaths":0},{"race":[],"age_group":"50-59   ","count":827,"tested":7310,"deaths":0},{"race":[],"age_group":"<20","count":794,"tested":6196,"deaths":0},{"race":[],"age_group":"Unknown","count":12,"tested":155,"deaths":0}],"race":[{"description":"AI/AN**","count":6,"tested":13,"deaths":0,"color":"rgb(31,119,180)"},{"description":"Asian","count":0,"tested":68,"deaths":0,"color":"rgb(140,86,75)"},{"description":"Black","count":87,"tested":1152,"deaths":0,"color":"rgb(255,127,14)"},{"description":"Hispanic","count":59,"tested":288,"deaths":0,"color":"rgb(214,39,40)"},{"description":"Left Blank","count":2358,"tested":23323,"deaths":0,"color":"rgb(44,160,44)"},{"description":"NH/PI*","count":0,"tested":19,"deaths":0,"color":"rgb(127,127,127)"},{"description":"Other","count":108,"tested":652,"deaths":0,"color":"rgb(148,103,189)"},{"description":"White","count":2720,"tested":21667,"deaths":0,"color":"rgb(31,119,180)"}],"gender":[{"description":"Female","count":2814,"tested":27317,"deaths":0,"color":"rgb(255,127,14)"},{"description":"Male","count":2426,"tested":18215,"deaths":0,"color":"rgb(31,119,180)"},{"description":"Unknown/Left Blank","count":109,"tested":1650,"deaths":0,"color":"rgb(44,160,44)"}]}}]}
