{"lastUpdatedDate":{"year":2021,"month":2,"day":2},"county_demographics":[{"County":"Washington","confirmed_cases":1526,"total_tested":10184,"demographics":{"age":[{"race":[],"age_group":"<20","count":216,"tested":1419,"deaths":0},{"race":[],"age_group":"20-29   ","count":195,"tested":1414,"deaths":0},{"race":[],"age_group":"60-69   ","count":226,"tested":1482,"deaths":0},{"race":[],"age_group":"50-59   ","count":242,"tested":1412,"deaths":0},{"race":[],"age_group":"80+","count":120,"tested":583,"deaths":0},{"race":[],"age_group":"Unknown","count":0,"tested":0,"deaths":0},{"race":[],"age_group":"30-39   ","count":209,"tested":1573,"deaths":0},{"race":[],"age_group":"40-49   ","count":218,"tested":1443,"deaths":0},{"race":[],"age_group":"70-79   ","count":100,"tested":855,"deaths":0}],"race":[{"description":"AI/AN**","count":0,"tested":0,"deaths":0,"color":"rgb(31,119,180)"},{"description":"Asian","count":0,"tested":19,"deaths":0,"color":"rgb(140,86,75)"},{"description":"Black","count":0,"tested":59,"deaths":0,"color":"rgb(255,127,14)"},{"description":"Hispanic","count":11,"tested":73,"deaths":0,"color":"rgb(214,39,40)"},{"description":"Left Blank","count":493,"tested":3243,"deaths":0,"color":"rgb(44,160,44)"},{"description":"NH/PI*","count":0,"tested":0,"deaths":0,"color":"rgb(127,127,127)"},{"description":"Other","count":16,"tested":190,"deaths":0,"color":"rgb(148,103,189)"},{"description":"White","count":996,"tested":6592,"deaths":0,"color":"rgb(31,119,180)"}],"gender":[{"description":"Female","count":836,"tested":6150,"deaths":0,"color":"rgb(255,127,14)"},{"description":"Male","count":672,"tested":3716,"deaths":0,"color":"rgb(31,119,180)"},{"description":"Unknown/Left Blank","count":13,"tested":318,"deaths":0,"color":"rgb(44,160,44)"}]}}]}
