{"lastUpdatedDate":{"year":2021,"month":2,"day":2},"county_demographics":[{"County":"Macon","confirmed_cases":9142,"total_tested":123101,"demographics":{"age":[{"race":[],"age_group":"80+","count":578,"tested":13242,"deaths":0},{"race":[],"age_group":"<20","count":1324,"tested":13917,"deaths":0},{"race":[],"age_group":"40-49   ","count":1315,"tested":16137,"deaths":0},{"race":[],"age_group":"70-79   ","count":776,"tested":10865,"deaths":0},{"race":[],"age_group":"30-39   ","count":1334,"tested":17162,"deaths":0},{"race":[],"age_group":"20-29   ","count":1376,"tested":19453,"deaths":0},{"race":[],"age_group":"50-59   ","count":1300,"tested":16030,"deaths":0},{"race":[],"age_group":"Unknown","count":0,"tested":710,"deaths":0},{"race":[],"age_group":"60-69   ","count":1135,"tested":15585,"deaths":0}],"race":[{"description":"AI/AN**","count":9,"tested":32,"deaths":0,"color":"rgb(31,119,180)"},{"description":"Asian","count":59,"tested":364,"deaths":0,"color":"rgb(140,86,75)"},{"description":"Black","count":1461,"tested":9077,"deaths":0,"color":"rgb(255,127,14)"},{"description":"Hispanic","count":147,"tested":612,"deaths":0,"color":"rgb(214,39,40)"},{"description":"Left Blank","count":2017,"tested":73756,"deaths":0,"color":"rgb(44,160,44)"},{"description":"NH/PI*","count":0,"tested":59,"deaths":0,"color":"rgb(127,127,127)"},{"description":"Other","count":118,"tested":1584,"deaths":0,"color":"rgb(148,103,189)"},{"description":"White","count":5319,"tested":37617,"deaths":0,"color":"rgb(31,119,180)"}],"gender":[{"description":"Female","count":5052,"tested":74332,"deaths":0,"color":"rgb(255,127,14)"},{"description":"Male","count":3985,"tested":40911,"deaths":0,"color":"rgb(31,119,180)"},{"description":"Unknown/Left Blank","count":105,"tested":7858,"deaths":0,"color":"rgb(44,160,44)"}]}}]}
