{"lastUpdatedDate":{"year":2021,"month":2,"day":2},"county_demographics":[{"County":"Richland","confirmed_cases":1607,"total_tested":19621,"demographics":{"age":[{"race":[],"age_group":"<20","count":223,"tested":2974,"deaths":0},{"race":[],"age_group":"Unknown","count":0,"tested":6,"deaths":0},{"race":[],"age_group":"40-49   ","count":221,"tested":2625,"deaths":0},{"race":[],"age_group":"60-69   ","count":206,"tested":2354,"deaths":0},{"race":[],"age_group":"70-79   ","count":148,"tested":1649,"deaths":0},{"race":[],"age_group":"20-29   ","count":208,"tested":2669,"deaths":0},{"race":[],"age_group":"80+","count":160,"tested":2048,"deaths":0},{"race":[],"age_group":"30-39   ","count":211,"tested":2680,"deaths":0},{"race":[],"age_group":"50-59   ","count":230,"tested":2616,"deaths":0}],"race":[{"description":"AI/AN**","count":0,"tested":0,"deaths":0,"color":"rgb(31,119,180)"},{"description":"Asian","count":6,"tested":61,"deaths":0,"color":"rgb(140,86,75)"},{"description":"Black","count":12,"tested":134,"deaths":0,"color":"rgb(255,127,14)"},{"description":"Hispanic","count":10,"tested":100,"deaths":0,"color":"rgb(214,39,40)"},{"description":"Left Blank","count":162,"tested":5391,"deaths":0,"color":"rgb(44,160,44)"},{"description":"NH/PI*","count":0,"tested":32,"deaths":0,"color":"rgb(127,127,127)"},{"description":"Other","count":7,"tested":158,"deaths":0,"color":"rgb(148,103,189)"},{"description":"White","count":1407,"tested":13742,"deaths":0,"color":"rgb(31,119,180)"}],"gender":[{"description":"Female","count":912,"tested":11987,"deaths":0,"color":"rgb(255,127,14)"},{"description":"Male","count":681,"tested":6599,"deaths":0,"color":"rgb(31,119,180)"},{"description":"Unknown/Left Blank","count":10,"tested":1035,"deaths":0,"color":"rgb(44,160,44)"}]}}]}
