{"lastUpdatedDate":{"year":2021,"month":2,"day":2},"county_demographics":[{"County":"Williamson","confirmed_cases":6549,"total_tested":77301,"demographics":{"age":[{"race":[],"age_group":"20-29   ","count":1009,"tested":10676,"deaths":0},{"race":[],"age_group":"60-69   ","count":693,"tested":9094,"deaths":0},{"race":[],"age_group":"30-39   ","count":1034,"tested":12071,"deaths":0},{"race":[],"age_group":"40-49   ","count":998,"tested":11010,"deaths":0},{"race":[],"age_group":"80+","count":340,"tested":6687,"deaths":0},{"race":[],"age_group":"50-59   ","count":921,"tested":11532,"deaths":0},{"race":[],"age_group":"70-79   ","count":516,"tested":7542,"deaths":0},{"race":[],"age_group":"<20","count":1037,"tested":8659,"deaths":0},{"race":[],"age_group":"Unknown","count":0,"tested":30,"deaths":0}],"race":[{"description":"AI/AN**","count":0,"tested":18,"deaths":0,"color":"rgb(31,119,180)"},{"description":"Asian","count":17,"tested":240,"deaths":0,"color":"rgb(140,86,75)"},{"description":"Black","count":213,"tested":2152,"deaths":0,"color":"rgb(255,127,14)"},{"description":"Hispanic","count":75,"tested":638,"deaths":0,"color":"rgb(214,39,40)"},{"description":"Left Blank","count":1259,"tested":30048,"deaths":0,"color":"rgb(44,160,44)"},{"description":"NH/PI*","count":0,"tested":36,"deaths":0,"color":"rgb(127,127,127)"},{"description":"Other","count":57,"tested":924,"deaths":0,"color":"rgb(148,103,189)"},{"description":"White","count":4923,"tested":43245,"deaths":0,"color":"rgb(31,119,180)"}],"gender":[{"description":"Female","count":3356,"tested":41878,"deaths":0,"color":"rgb(255,127,14)"},{"description":"Male","count":2837,"tested":28792,"deaths":0,"color":"rgb(31,119,180)"},{"description":"Unknown/Left Blank","count":356,"tested":6631,"deaths":0,"color":"rgb(44,160,44)"}]}}]}
