{"lastUpdatedDate":{"year":2021,"month":2,"day":2},"county_demographics":[{"County":"Greene","confirmed_cases":1323,"total_tested":11353,"demographics":{"age":[{"race":[],"age_group":"30-39   ","count":183,"tested":1740,"deaths":0},{"race":[],"age_group":"40-49   ","count":179,"tested":1584,"deaths":0},{"race":[],"age_group":"80+","count":107,"tested":835,"deaths":0},{"race":[],"age_group":"50-59   ","count":229,"tested":1789,"deaths":0},{"race":[],"age_group":"60-69   ","count":162,"tested":1311,"deaths":0},{"race":[],"age_group":"Unknown","count":9,"tested":0,"deaths":0},{"race":[],"age_group":"<20","count":146,"tested":1538,"deaths":0},{"race":[],"age_group":"20-29   ","count":172,"tested":1639,"deaths":0},{"race":[],"age_group":"70-79   ","count":133,"tested":916,"deaths":0}],"race":[{"description":"AI/AN**","count":0,"tested":0,"deaths":0,"color":"rgb(31,119,180)"},{"description":"Asian","count":0,"tested":7,"deaths":0,"color":"rgb(140,86,75)"},{"description":"Black","count":0,"tested":39,"deaths":0,"color":"rgb(255,127,14)"},{"description":"Hispanic","count":0,"tested":15,"deaths":0,"color":"rgb(214,39,40)"},{"description":"Left Blank","count":601,"tested":6104,"deaths":0,"color":"rgb(44,160,44)"},{"description":"NH/PI*","count":0,"tested":0,"deaths":0,"color":"rgb(127,127,127)"},{"description":"Other","count":7,"tested":77,"deaths":0,"color":"rgb(148,103,189)"},{"description":"White","count":713,"tested":5105,"deaths":0,"color":"rgb(31,119,180)"}],"gender":[{"description":"Female","count":674,"tested":6814,"deaths":0,"color":"rgb(255,127,14)"},{"description":"Male","count":530,"tested":3771,"deaths":0,"color":"rgb(31,119,180)"},{"description":"Unknown/Left Blank","count":119,"tested":768,"deaths":0,"color":"rgb(44,160,44)"}]}}]}
