{"lastUpdatedDate":{"year":2021,"month":2,"day":2},"county_demographics":[{"County":"Johnson","confirmed_cases":1304,"total_tested":24832,"demographics":{"age":[{"race":[],"age_group":"50-59   ","count":214,"tested":3226,"deaths":0},{"race":[],"age_group":"30-39   ","count":238,"tested":5088,"deaths":0},{"race":[],"age_group":"70-79   ","count":81,"tested":961,"deaths":0},{"race":[],"age_group":"20-29   ","count":212,"tested":3853,"deaths":0},{"race":[],"age_group":"60-69   ","count":139,"tested":1846,"deaths":0},{"race":[],"age_group":"80+","count":54,"tested":939,"deaths":0},{"race":[],"age_group":"40-49   ","count":207,"tested":4494,"deaths":0},{"race":[],"age_group":"<20","count":153,"tested":1290,"deaths":0},{"race":[],"age_group":"Unknown","count":0,"tested":3135,"deaths":0}],"race":[{"description":"AI/AN**","count":0,"tested":0,"deaths":0,"color":"rgb(31,119,180)"},{"description":"Asian","count":0,"tested":63,"deaths":0,"color":"rgb(140,86,75)"},{"description":"Black","count":152,"tested":374,"deaths":0,"color":"rgb(255,127,14)"},{"description":"Hispanic","count":67,"tested":212,"deaths":0,"color":"rgb(214,39,40)"},{"description":"Left Blank","count":245,"tested":18068,"deaths":0,"color":"rgb(44,160,44)"},{"description":"NH/PI*","count":0,"tested":0,"deaths":0,"color":"rgb(127,127,127)"},{"description":"Other","count":6,"tested":81,"deaths":0,"color":"rgb(148,103,189)"},{"description":"White","count":825,"tested":6029,"deaths":0,"color":"rgb(31,119,180)"}],"gender":[{"description":"Female","count":500,"tested":5828,"deaths":0,"color":"rgb(255,127,14)"},{"description":"Male","count":747,"tested":4599,"deaths":0,"color":"rgb(31,119,180)"},{"description":"Unknown/Left Blank","count":55,"tested":14405,"deaths":0,"color":"rgb(44,160,44)"}]}}]}
