{"lastUpdatedDate":{"year":2021,"month":2,"day":2},"county_demographics":[{"County":"Alexander","confirmed_cases":418,"total_tested":4516,"demographics":{"age":[{"race":[],"age_group":"<20","count":36,"tested":365,"deaths":0},{"race":[],"age_group":"60-69   ","count":72,"tested":802,"deaths":0},{"race":[],"age_group":"80+","count":11,"tested":201,"deaths":0},{"race":[],"age_group":"30-39   ","count":65,"tested":580,"deaths":0},{"race":[],"age_group":"40-49   ","count":54,"tested":696,"deaths":0},{"race":[],"age_group":"50-59   ","count":73,"tested":910,"deaths":0},{"race":[],"age_group":"20-29   ","count":41,"tested":632,"deaths":0},{"race":[],"age_group":"70-79   ","count":50,"tested":330,"deaths":0}],"race":[{"description":"Asian","count":0,"tested":0,"deaths":0,"color":"rgb(140,86,75)"},{"description":"Black","count":107,"tested":1192,"deaths":0,"color":"rgb(255,127,14)"},{"description":"Hispanic","count":0,"tested":16,"deaths":0,"color":"rgb(214,39,40)"},{"description":"Left Blank","count":130,"tested":1758,"deaths":0,"color":"rgb(44,160,44)"},{"description":"NH/PI*","count":0,"tested":0,"deaths":0,"color":"rgb(127,127,127)"},{"description":"Other","count":0,"tested":24,"deaths":0,"color":"rgb(148,103,189)"},{"description":"White","count":176,"tested":1522,"deaths":0,"color":"rgb(31,119,180)"}],"gender":[{"description":"Female","count":247,"tested":2756,"deaths":0,"color":"rgb(255,127,14)"},{"description":"Male","count":161,"tested":1507,"deaths":0,"color":"rgb(31,119,180)"},{"description":"Unknown/Left Blank","count":10,"tested":253,"deaths":0,"color":"rgb(44,160,44)"}]}}]}
