{"lastUpdatedDate":{"year":2021,"month":2,"day":2},"county_demographics":[{"County":"McDonough","confirmed_cases":2242,"total_tested":34213,"demographics":{"age":[{"race":[],"age_group":"<20","count":373,"tested":4744,"deaths":0},{"race":[],"age_group":"Unknown","count":0,"tested":8,"deaths":0},{"race":[],"age_group":"60-69   ","count":229,"tested":3857,"deaths":0},{"race":[],"age_group":"80+","count":136,"tested":3363,"deaths":0},{"race":[],"age_group":"40-49   ","count":231,"tested":3815,"deaths":0},{"race":[],"age_group":"30-39   ","count":258,"tested":4806,"deaths":0},{"race":[],"age_group":"50-59   ","count":218,"tested":4032,"deaths":0},{"race":[],"age_group":"70-79   ","count":152,"tested":2590,"deaths":0},{"race":[],"age_group":"20-29   ","count":643,"tested":6998,"deaths":0}],"race":[{"description":"AI/AN**","count":0,"tested":27,"deaths":0,"color":"rgb(31,119,180)"},{"description":"Asian","count":34,"tested":219,"deaths":0,"color":"rgb(140,86,75)"},{"description":"Black","count":158,"tested":1516,"deaths":0,"color":"rgb(255,127,14)"},{"description":"Hispanic","count":93,"tested":479,"deaths":0,"color":"rgb(214,39,40)"},{"description":"Left Blank","count":281,"tested":12267,"deaths":0,"color":"rgb(44,160,44)"},{"description":"NH/PI*","count":0,"tested":22,"deaths":0,"color":"rgb(127,127,127)"},{"description":"Other","count":20,"tested":302,"deaths":0,"color":"rgb(148,103,189)"},{"description":"White","count":1647,"tested":19381,"deaths":0,"color":"rgb(31,119,180)"}],"gender":[{"description":"Female","count":1182,"tested":21486,"deaths":0,"color":"rgb(255,127,14)"},{"description":"Male","count":1021,"tested":11814,"deaths":0,"color":"rgb(31,119,180)"},{"description":"Unknown/Left Blank","count":39,"tested":913,"deaths":0,"color":"rgb(44,160,44)"}]}}]}
