{"lastUpdatedDate":{"year":2021,"month":2,"day":2},"county_demographics":[{"County":"Warren","confirmed_cases":1634,"total_tested":13669,"demographics":{"age":[{"race":[],"age_group":"30-39   ","count":261,"tested":2069,"deaths":0},{"race":[],"age_group":"40-49   ","count":282,"tested":2009,"deaths":0},{"race":[],"age_group":"Unknown","count":0,"tested":0,"deaths":0},{"race":[],"age_group":"<20","count":183,"tested":1646,"deaths":0},{"race":[],"age_group":"20-29   ","count":237,"tested":2796,"deaths":0},{"race":[],"age_group":"80+","count":100,"tested":584,"deaths":0},{"race":[],"age_group":"60-69   ","count":195,"tested":1689,"deaths":0},{"race":[],"age_group":"70-79   ","count":126,"tested":951,"deaths":0},{"race":[],"age_group":"50-59   ","count":250,"tested":1923,"deaths":0}],"race":[{"description":"AI/AN**","count":0,"tested":0,"deaths":0,"color":"rgb(31,119,180)"},{"description":"Asian","count":18,"tested":28,"deaths":0,"color":"rgb(140,86,75)"},{"description":"Black","count":37,"tested":183,"deaths":0,"color":"rgb(255,127,14)"},{"description":"Hispanic","count":131,"tested":379,"deaths":0,"color":"rgb(214,39,40)"},{"description":"Left Blank","count":524,"tested":6891,"deaths":0,"color":"rgb(44,160,44)"},{"description":"NH/PI*","count":0,"tested":0,"deaths":0,"color":"rgb(127,127,127)"},{"description":"Other","count":13,"tested":185,"deaths":0,"color":"rgb(148,103,189)"},{"description":"White","count":907,"tested":5994,"deaths":0,"color":"rgb(31,119,180)"}],"gender":[{"description":"Female","count":842,"tested":7155,"deaths":0,"color":"rgb(255,127,14)"},{"description":"Male","count":731,"tested":5414,"deaths":0,"color":"rgb(31,119,180)"},{"description":"Unknown/Left Blank","count":61,"tested":1100,"deaths":0,"color":"rgb(44,160,44)"}]}}]}
