{"age":[{"age_group":"<20","count":172,"tested":2357},{"age_group":"20-29   ","count":141,"tested":2416},{"age_group":"30-39   ","count":116,"tested":1909},{"age_group":"40-49   ","count":126,"tested":1950},{"age_group":"50-59   ","count":151,"tested":2598},{"age_group":"60-69   ","count":117,"tested":2281},{"age_group":"70-79   ","count":102,"tested":1576},{"age_group":"80+","count":136,"tested":1335}],"race":[{"description":"Other","count":90,"tested":922,"color":"rgb(148,103,189)"},{"description":"White","count":507,"tested":7814,"color":"rgb(31,119,180)"},{"description":"Black","count":47,"tested":108,"color":"rgb(255,127,14)"},{"description":"Asian","count":65,"tested":381,"color":"rgb(140,86,75)"},{"description":"Hispanic","count":80,"tested":317,"color":"rgb(214,39,40)"},{"description":"Left Blank","count":200,"tested":6853,"color":"rgb(44,160,44)"}],"gender":[{"description":"Male","count":389,"tested":7447,"color":"rgb(31,119,180)"},{"description":"Female","count":456,"tested":8674,"color":"rgb(255,127,14)"},{"description":"Unknown/Left Blank","count":41,"tested":305,"color":"rgb(44,160,44)"}]}
