{"age":[{"age_group":"<20","count":172,"tested":2168},{"age_group":"20-29   ","count":123,"tested":1803},{"age_group":"30-39   ","count":89,"tested":1187},{"age_group":"40-49   ","count":103,"tested":1353},{"age_group":"50-59   ","count":134,"tested":1821},{"age_group":"60-69   ","count":75,"tested":1365},{"age_group":"70-79   ","count":54,"tested":797},{"age_group":"80+","count":44,"tested":459}],"race":[{"description":"Hispanic","count":111,"tested":427,"color":"rgb(214,39,40)"},{"description":"White","count":349,"tested":5533,"color":"rgb(31,119,180)"},{"description":"Asian","count":36,"tested":161,"color":"rgb(140,86,75)"},{"description":"Left Blank","count":133,"tested":4054,"color":"rgb(44,160,44)"},{"description":"Other","count":83,"tested":727,"color":"rgb(148,103,189)"}],"gender":[{"description":"Male","count":343,"tested":5202,"color":"rgb(31,119,180)"},{"description":"Female","count":290,"tested":5686,"color":"rgb(255,127,14)"}]}
