{"age":[{"age_group":"<20","count":92,"tested":1024},{"age_group":"20-29   ","count":87,"tested":1285},{"age_group":"30-39   ","count":65,"tested":1258},{"age_group":"40-49   ","count":74,"tested":1258},{"age_group":"50-59   ","count":60,"tested":1334},{"age_group":"60-69   ","count":47,"tested":1432},{"age_group":"70-79   ","count":25,"tested":1152},{"age_group":"80+","count":49,"tested":2454}],"race":[{"description":"White","count":213,"tested":3677,"color":"rgb(31,119,180)"},{"description":"Hispanic","count":49,"tested":320,"color":"rgb(214,39,40)"},{"description":"Black","count":25,"tested":240,"color":"rgb(255,127,14)"},{"description":"Other","count":30,"tested":266,"color":"rgb(148,103,189)"},{"description":"Left Blank","count":142,"tested":6645,"color":"rgb(44,160,44)"}],"gender":[{"description":"Male","count":195,"tested":4358,"color":"rgb(31,119,180)"},{"description":"Female","count":223,"tested":6517,"color":"rgb(255,127,14)"}]}
