{"age":[{"age_group":"<20","count":24,"tested":167},{"age_group":"20-29   ","count":16,"tested":288},{"age_group":"30-39   ","count":17,"tested":252},{"age_group":"40-49   ","count":21,"tested":293},{"age_group":"50-59   ","count":33,"tested":479},{"age_group":"60-69   ","count":25,"tested":500},{"age_group":"70-79   ","count":21,"tested":394},{"age_group":"80+","count":7,"tested":200}],"race":[{"description":"Left Blank","count":44,"tested":1118,"color":"rgb(44,160,44)"},{"description":"Black","count":89,"tested":1104,"color":"rgb(255,127,14)"},{"description":"White","count":14,"tested":250,"color":"rgb(31,119,180)"},{"description":"Other","count":11,"tested":69,"color":"rgb(148,103,189)"}],"gender":[{"description":"Female","count":92,"tested":1509,"color":"rgb(255,127,14)"},{"description":"Male","count":64,"tested":1044,"color":"rgb(31,119,180)"}]}
