{"age":[{"age_group":"<20","count":298,"tested":2061},{"age_group":"20-29   ","count":282,"tested":2099},{"age_group":"30-39   ","count":204,"tested":1595},{"age_group":"40-49   ","count":259,"tested":1894},{"age_group":"50-59   ","count":357,"tested":2561},{"age_group":"60-69   ","count":214,"tested":1786},{"age_group":"70-79   ","count":120,"tested":1079},{"age_group":"80+","count":81,"tested":454}],"race":[{"description":"Black","count":123,"tested":607,"color":"rgb(255,127,14)"},{"description":"Asian","count":72,"tested":127,"color":"rgb(140,86,75)"},{"description":"Other","count":96,"tested":468,"color":"rgb(148,103,189)"},{"description":"White","count":635,"tested":5237,"color":"rgb(31,119,180)"},{"description":"Left Blank","count":676,"tested":6858,"color":"rgb(44,160,44)"},{"description":"Hispanic","count":103,"tested":221,"color":"rgb(214,39,40)"}],"gender":[{"description":"Female","count":776,"tested":7219,"color":"rgb(255,127,14)"},{"description":"Male","count":707,"tested":6198,"color":"rgb(31,119,180)"}]}
