{"age":[{"age_group":"<20","count":39,"tested":364},{"age_group":"20-29   ","count":368,"tested":5004},{"age_group":"30-39   ","count":271,"tested":4450},{"age_group":"40-49   ","count":100,"tested":1338},{"age_group":"50-59   ","count":93,"tested":1046},{"age_group":"60-69   ","count":52,"tested":734},{"age_group":"70-79   ","count":36,"tested":290}],"race":[{"description":"Asian","count":54,"tested":587,"color":"rgb(140,86,75)"},{"description":"Black","count":74,"tested":490,"color":"rgb(255,127,14)"},{"description":"Hispanic","count":63,"tested":315,"color":"rgb(214,39,40)"},{"description":"White","count":418,"tested":4827,"color":"rgb(31,119,180)"},{"description":"Left Blank","count":271,"tested":6548,"color":"rgb(44,160,44)"},{"description":"Other","count":59,"tested":561,"color":"rgb(148,103,189)"}],"gender":[{"description":"Female","count":390,"tested":7150,"color":"rgb(255,127,14)"},{"description":"Male","count":456,"tested":6010,"color":"rgb(31,119,180)"},{"description":"Unknown/Left Blank","count":28,"tested":192,"color":"rgb(44,160,44)"}]}
