{"age":[{"age_group":"<20","count":566,"tested":4694},{"age_group":"20-29   ","count":840,"tested":8466},{"age_group":"30-39   ","count":814,"tested":9331},{"age_group":"40-49   ","count":754,"tested":7487},{"age_group":"50-59   ","count":609,"tested":6661},{"age_group":"60-69   ","count":407,"tested":5214},{"age_group":"70-79   ","count":177,"tested":2445},{"age_group":"80+","count":90,"tested":1385}],"race":[{"description":"White","count":668,"tested":9844,"color":"rgb(31,119,180)"},{"description":"Other","count":192,"tested":2167,"color":"rgb(148,103,189)"},{"description":"Left Blank","count":737,"tested":17231,"color":"rgb(44,160,44)"},{"description":"Black","count":93,"tested":967,"color":"rgb(255,127,14)"},{"description":"Asian","count":88,"tested":964,"color":"rgb(140,86,75)"},{"description":"Hispanic","count":2436,"tested":14417,"color":"rgb(214,39,40)"}],"gender":[{"description":"Unknown/Left Blank","count":51,"tested":767,"color":"rgb(44,160,44)"},{"description":"Male","count":2037,"tested":20196,"color":"rgb(31,119,180)"},{"description":"Female","count":2074,"tested":24738,"color":"rgb(255,127,14)"}]}
