{"age":[{"age_group":"<20","count":118,"tested":1762},{"age_group":"20-29   ","count":144,"tested":1592},{"age_group":"30-39   ","count":89,"tested":1160},{"age_group":"40-49   ","count":126,"tested":1697},{"age_group":"50-59   ","count":137,"tested":1929},{"age_group":"60-69   ","count":114,"tested":1620},{"age_group":"70-79   ","count":94,"tested":1261},{"age_group":"80+","count":83,"tested":1665}],"race":[{"description":"Hispanic","count":75,"tested":221,"color":"rgb(214,39,40)"},{"description":"White","count":341,"tested":7094,"color":"rgb(31,119,180)"},{"description":"Asian","count":72,"tested":305,"color":"rgb(140,86,75)"},{"description":"Other","count":89,"tested":616,"color":"rgb(148,103,189)"},{"description":"Left Blank","count":135,"tested":4306,"color":"rgb(44,160,44)"}],"gender":[{"description":"Male","count":291,"tested":6317,"color":"rgb(31,119,180)"},{"description":"Female","count":239,"tested":6247,"color":"rgb(255,127,14)"}]}
