{"age":[{"age_group":"<20","count":20,"tested":210},{"age_group":"20-29   ","count":25,"tested":184},{"age_group":"30-39   ","count":19,"tested":127},{"age_group":"40-49   ","count":18,"tested":179},{"age_group":"50-59   ","count":22,"tested":234},{"age_group":"60-69   ","count":17,"tested":233},{"age_group":"70-79   ","count":8,"tested":162}],"race":[{"description":"White","count":78,"tested":741,"color":"rgb(31,119,180)"},{"description":"Left Blank","count":37,"tested":523,"color":"rgb(44,160,44)"},{"description":"Hispanic","count":8,"tested":49,"color":"rgb(214,39,40)"}],"gender":[{"description":"Female","count":67,"tested":700,"color":"rgb(255,127,14)"},{"description":"Male","count":61,"tested":674,"color":"rgb(31,119,180)"}]}
