{"age":[{"age_group":"<20","count":169,"tested":2095},{"age_group":"20-29   ","count":165,"tested":1439},{"age_group":"30-39   ","count":134,"tested":1471},{"age_group":"40-49   ","count":153,"tested":1480},{"age_group":"50-59   ","count":194,"tested":1447},{"age_group":"60-69   ","count":111,"tested":1096},{"age_group":"70-79   ","count":55,"tested":697},{"age_group":"80+","count":25,"tested":543}],"race":[{"description":"Asian","count":15,"tested":91,"color":"rgb(140,86,75)"},{"description":"Left Blank","count":196,"tested":3641,"color":"rgb(44,160,44)"},{"description":"White","count":642,"tested":5852,"color":"rgb(31,119,180)"},{"description":"Black","count":26,"tested":173,"color":"rgb(255,127,14)"},{"description":"Other","count":26,"tested":162,"color":"rgb(148,103,189)"},{"description":"Hispanic","count":86,"tested":341,"color":"rgb(214,39,40)"}],"gender":[{"description":"Male","count":463,"tested":4436,"color":"rgb(31,119,180)"},{"description":"Female","count":499,"tested":5735,"color":"rgb(255,127,14)"}]}
