{"age":[{"age_group":"<20","count":73,"tested":843},{"age_group":"20-29   ","count":102,"tested":1192},{"age_group":"30-39   ","count":85,"tested":1230},{"age_group":"40-49   ","count":105,"tested":1094},{"age_group":"50-59   ","count":83,"tested":1266},{"age_group":"60-69   ","count":50,"tested":936},{"age_group":"70-79   ","count":51,"tested":722},{"age_group":"80+","count":21,"tested":608}],"race":[{"description":"Left Blank","count":124,"tested":2274,"color":"rgb(44,160,44)"},{"description":"White","count":316,"tested":4621,"color":"rgb(31,119,180)"},{"description":"Hispanic","count":60,"tested":345,"color":"rgb(214,39,40)"},{"description":"Other","count":12,"tested":189,"color":"rgb(148,103,189)"},{"description":"Black","count":38,"tested":435,"color":"rgb(255,127,14)"}],"gender":[{"description":"Female","count":295,"tested":4811,"color":"rgb(255,127,14)"},{"description":"Male","count":237,"tested":3023,"color":"rgb(31,119,180)"}]}
