{"age":[{"age_group":"<20","count":26,"tested":497},{"age_group":"20-29   ","count":178,"tested":4017},{"age_group":"30-39   ","count":108,"tested":2498},{"age_group":"40-49   ","count":43,"tested":848},{"age_group":"50-59   ","count":38,"tested":905},{"age_group":"60-69   ","count":26,"tested":752},{"age_group":"70-79   ","count":20,"tested":528},{"age_group":"80+","count":19,"tested":271}],"race":[{"description":"White","count":189,"tested":2848,"color":"rgb(31,119,180)"},{"description":"Black","count":46,"tested":809,"color":"rgb(255,127,14)"},{"description":"Asian","count":38,"tested":752,"color":"rgb(140,86,75)"},{"description":"Other","count":21,"tested":496,"color":"rgb(148,103,189)"},{"description":"Hispanic","count":41,"tested":252,"color":"rgb(214,39,40)"},{"description":"Left Blank","count":109,"tested":5121,"color":"rgb(44,160,44)"}],"gender":[{"description":"Male","count":214,"tested":4756,"color":"rgb(31,119,180)"},{"description":"Female","count":201,"tested":5278,"color":"rgb(255,127,14)"}]}
