{"age":[{"age_group":"<20","count":206,"tested":2547},{"age_group":"20-29   ","count":345,"tested":4638},{"age_group":"30-39   ","count":319,"tested":4322},{"age_group":"40-49   ","count":366,"tested":4399},{"age_group":"50-59   ","count":360,"tested":5909},{"age_group":"60-69   ","count":275,"tested":6000},{"age_group":"70-79   ","count":146,"tested":3021},{"age_group":"80+","count":111,"tested":1620}],"race":[{"description":"Other","count":42,"tested":366,"color":"rgb(148,103,189)"},{"description":"Left Blank","count":369,"tested":10888,"color":"rgb(44,160,44)"},{"description":"Black","count":1610,"tested":20453,"color":"rgb(255,127,14)"},{"description":"Hispanic","count":49,"tested":300,"color":"rgb(214,39,40)"},{"description":"White","count":28,"tested":323,"color":"rgb(31,119,180)"}],"gender":[{"description":"Male","count":828,"tested":12814,"color":"rgb(31,119,180)"},{"description":"Unknown/Left Blank","count":24,"tested":464,"color":"rgb(44,160,44)"},{"description":"Female","count":1237,"tested":19193,"color":"rgb(255,127,14)"}]}
