{"age":[{"age_group":"<20","count":275,"tested":2787},{"age_group":"20-29   ","count":243,"tested":2888},{"age_group":"30-39   ","count":166,"tested":2308},{"age_group":"40-49   ","count":199,"tested":2577},{"age_group":"50-59   ","count":243,"tested":3347},{"age_group":"60-69   ","count":178,"tested":3045},{"age_group":"70-79   ","count":118,"tested":2131},{"age_group":"80+","count":107,"tested":1952}],"race":[{"description":"Other","count":78,"tested":392,"color":"rgb(148,103,189)"},{"description":"Left Blank","count":432,"tested":9596,"color":"rgb(44,160,44)"},{"description":"Asian","count":103,"tested":928,"color":"rgb(140,86,75)"},{"description":"Hispanic","count":102,"tested":787,"color":"rgb(214,39,40)"},{"description":"White","count":662,"tested":9075,"color":"rgb(31,119,180)"},{"description":"Black","count":53,"tested":215,"color":"rgb(255,127,14)"}],"gender":[{"description":"Male","count":644,"tested":8828,"color":"rgb(31,119,180)"},{"description":"Unknown/Left Blank","count":59,"tested":596,"color":"rgb(44,160,44)"},{"description":"Female","count":591,"tested":11613,"color":"rgb(255,127,14)"}]}
