{"age":[{"age_group":"<20","count":55,"tested":322},{"age_group":"20-29   ","count":77,"tested":579},{"age_group":"30-39   ","count":57,"tested":597},{"age_group":"40-49   ","count":79,"tested":621},{"age_group":"50-59   ","count":77,"tested":676},{"age_group":"60-69   ","count":48,"tested":616},{"age_group":"70-79   ","count":24,"tested":324},{"age_group":"80+","count":15,"tested":129}],"race":[{"description":"White","count":27,"tested":302,"color":"rgb(31,119,180)"},{"description":"Left Blank","count":85,"tested":1291,"color":"rgb(44,160,44)"},{"description":"Hispanic","count":66,"tested":255,"color":"rgb(214,39,40)"},{"description":"Other","count":26,"tested":124,"color":"rgb(148,103,189)"},{"description":"Asian","count":9,"tested":42,"color":"rgb(140,86,75)"},{"description":"Black","count":210,"tested":1850,"color":"rgb(255,127,14)"}],"gender":[{"description":"Male","count":182,"tested":1566,"color":"rgb(31,119,180)"},{"description":"Female","count":225,"tested":2221,"color":"rgb(255,127,14)"},{"description":"Unknown/Left Blank","count":10,"tested":79,"color":"rgb(44,160,44)"}]}
