{"age":[{"age_group":"<20","count":118,"tested":949},{"age_group":"20-29   ","count":166,"tested":1063},{"age_group":"30-39   ","count":155,"tested":856},{"age_group":"40-49   ","count":128,"tested":742},{"age_group":"50-59   ","count":132,"tested":823},{"age_group":"60-69   ","count":90,"tested":663},{"age_group":"70-79   ","count":56,"tested":331},{"age_group":"80+","count":39,"tested":257}],"race":[{"description":"White","count":173,"tested":1466,"color":"rgb(31,119,180)"},{"description":"Left Blank","count":420,"tested":3604,"color":"rgb(44,160,44)"},{"description":"Hispanic","count":216,"tested":462,"color":"rgb(214,39,40)"},{"description":"Other","count":25,"tested":98,"color":"rgb(148,103,189)"}],"gender":[{"description":"Unknown/Left Blank","count":24,"tested":122,"color":"rgb(44,160,44)"},{"description":"Female","count":418,"tested":3191,"color":"rgb(255,127,14)"},{"description":"Male","count":382,"tested":2377,"color":"rgb(31,119,180)"}]}
