{"age":[{"age_group":"<20","count":26,"tested":476},{"age_group":"20-29   ","count":14,"tested":332},{"age_group":"30-39   ","count":11,"tested":321},{"age_group":"40-49   ","count":17,"tested":458},{"age_group":"50-59   ","count":25,"tested":329},{"age_group":"60-69   ","count":11,"tested":387}],"race":[{"description":"Left Blank","count":26,"tested":913,"color":"rgb(44,160,44)"},{"description":"Black","count":8,"tested":136,"color":"rgb(255,127,14)"},{"description":"Asian","count":7,"tested":88,"color":"rgb(140,86,75)"},{"description":"White","count":59,"tested":1216,"color":"rgb(31,119,180)"},{"description":"Other","count":8,"tested":178,"color":"rgb(148,103,189)"}],"gender":[{"description":"Female","count":59,"tested":1429,"color":"rgb(255,127,14)"},{"description":"Male","count":53,"tested":1162,"color":"rgb(31,119,180)"}]}
