{"age":[{"age_group":"<20","count":141,"tested":1752},{"age_group":"20-29   ","count":154,"tested":1680},{"age_group":"30-39   ","count":127,"tested":1682},{"age_group":"40-49   ","count":136,"tested":1579},{"age_group":"50-59   ","count":132,"tested":1787},{"age_group":"60-69   ","count":108,"tested":1793},{"age_group":"70-79   ","count":68,"tested":1051},{"age_group":"80+","count":87,"tested":1057}],"race":[{"description":"Black","count":46,"tested":184,"color":"rgb(255,127,14)"},{"description":"White","count":406,"tested":5231,"color":"rgb(31,119,180)"},{"description":"Hispanic","count":82,"tested":221,"color":"rgb(214,39,40)"},{"description":"Asian","count":47,"tested":193,"color":"rgb(140,86,75)"},{"description":"Other","count":47,"tested":283,"color":"rgb(148,103,189)"},{"description":"Left Blank","count":254,"tested":6266,"color":"rgb(44,160,44)"}],"gender":[{"description":"Female","count":375,"tested":6825,"color":"rgb(255,127,14)"},{"description":"Male","count":363,"tested":5159,"color":"rgb(31,119,180)"}]}
