{"age":[{"age_group":"<20","count":56,"tested":521},{"age_group":"20-29   ","count":80,"tested":1035},{"age_group":"30-39   ","count":108,"tested":1093},{"age_group":"40-49   ","count":108,"tested":1348},{"age_group":"50-59   ","count":99,"tested":1769},{"age_group":"60-69   ","count":75,"tested":1310},{"age_group":"70-79   ","count":40,"tested":715},{"age_group":"80+","count":14,"tested":241}],"race":[{"description":"White","count":24,"tested":377,"color":"rgb(31,119,180)"},{"description":"Left Blank","count":184,"tested":3977,"color":"rgb(44,160,44)"},{"description":"Hispanic","count":17,"tested":83,"color":"rgb(214,39,40)"},{"description":"Black","count":335,"tested":3450,"color":"rgb(255,127,14)"},{"description":"Asian","count":7,"tested":33,"color":"rgb(140,86,75)"},{"description":"Other","count":7,"tested":102,"color":"rgb(148,103,189)"}],"gender":[{"description":"Female","count":350,"tested":4595,"color":"rgb(255,127,14)"},{"description":"Male","count":221,"tested":3307,"color":"rgb(31,119,180)"}]}
