{"age":[{"age_group":"<20","count":215,"tested":2026},{"age_group":"20-29   ","count":272,"tested":2305},{"age_group":"30-39   ","count":254,"tested":2265},{"age_group":"40-49   ","count":255,"tested":2233},{"age_group":"50-59   ","count":176,"tested":1751},{"age_group":"60-69   ","count":90,"tested":1091},{"age_group":"70-79   ","count":53,"tested":597},{"age_group":"80+","count":24,"tested":337}],"race":[{"description":"Hispanic","count":517,"tested":2459,"color":"rgb(214,39,40)"},{"description":"Asian","count":34,"tested":166,"color":"rgb(140,86,75)"},{"description":"White","count":329,"tested":4143,"color":"rgb(31,119,180)"},{"description":"Black","count":96,"tested":696,"color":"rgb(255,127,14)"},{"description":"Other","count":47,"tested":438,"color":"rgb(148,103,189)"},{"description":"Left Blank","count":280,"tested":4693,"color":"rgb(44,160,44)"}],"gender":[{"description":"Male","count":584,"tested":5309,"color":"rgb(31,119,180)"},{"description":"Female","count":657,"tested":7201,"color":"rgb(255,127,14)"}]}
