{"age":[{"age_group":"<20","count":166,"tested":1994},{"age_group":"20-29   ","count":163,"tested":2182},{"age_group":"30-39   ","count":115,"tested":1630},{"age_group":"40-49   ","count":141,"tested":1841},{"age_group":"50-59   ","count":161,"tested":2355},{"age_group":"60-69   ","count":138,"tested":2163},{"age_group":"70-79   ","count":94,"tested":1278},{"age_group":"80+","count":119,"tested":1208}],"race":[{"description":"Hispanic","count":92,"tested":498,"color":"rgb(214,39,40)"},{"description":"White","count":499,"tested":7729,"color":"rgb(31,119,180)"},{"description":"Left Blank","count":179,"tested":5235,"color":"rgb(44,160,44)"},{"description":"Other","count":96,"tested":573,"color":"rgb(148,103,189)"},{"description":"Black","count":63,"tested":203,"color":"rgb(255,127,14)"},{"description":"Asian","count":64,"tested":341,"color":"rgb(140,86,75)"}],"gender":[{"description":"Female","count":397,"tested":7378,"color":"rgb(255,127,14)"},{"description":"Male","count":378,"tested":6303,"color":"rgb(31,119,180)"},{"description":"Unknown/Left Blank","count":62,"tested":971,"color":"rgb(44,160,44)"}]}
