{"age":[{"age_group":"<20","count":12,"tested":130},{"age_group":"20-29   ","count":25,"tested":332},{"age_group":"30-39   ","count":26,"tested":390},{"age_group":"40-49   ","count":23,"tested":307},{"age_group":"50-59   ","count":14,"tested":178},{"age_group":"60-69   ","count":10,"tested":194}],"race":[{"description":"Asian","count":10,"tested":124,"color":"rgb(140,86,75)"},{"description":"Hispanic","count":11,"tested":66,"color":"rgb(214,39,40)"},{"description":"Left Blank","count":44,"tested":1000,"color":"rgb(44,160,44)"},{"description":"White","count":42,"tested":393,"color":"rgb(31,119,180)"}],"gender":[{"description":"Male","count":52,"tested":710,"color":"rgb(31,119,180)"},{"description":"Female","count":58,"tested":939,"color":"rgb(255,127,14)"}]}
