{"age":[{"age_group":"<20","count":32,"tested":164},{"age_group":"20-29   ","count":31,"tested":131},{"age_group":"30-39   ","count":36,"tested":142},{"age_group":"40-49   ","count":42,"tested":202},{"age_group":"50-59   ","count":34,"tested":179},{"age_group":"60-69   ","count":32,"tested":141}],"race":[{"description":"Left Blank","count":27,"tested":136,"color":"rgb(44,160,44)"},{"description":"White","count":99,"tested":1005,"color":"rgb(31,119,180)"}],"gender":[{"description":"Male","count":63,"tested":480,"color":"rgb(31,119,180)"},{"description":"Female","count":68,"tested":688,"color":"rgb(255,127,14)"}]}
