{"age":[{"age_group":"<20","count":56,"tested":554},{"age_group":"20-29   ","count":58,"tested":514},{"age_group":"30-39   ","count":46,"tested":475},{"age_group":"40-49   ","count":49,"tested":420},{"age_group":"50-59   ","count":52,"tested":531},{"age_group":"60-69   ","count":32,"tested":373},{"age_group":"70-79   ","count":15,"tested":247}],"race":[{"description":"Hispanic","count":56,"tested":183,"color":"rgb(214,39,40)"},{"description":"Left Blank","count":58,"tested":1484,"color":"rgb(44,160,44)"},{"description":"White","count":180,"tested":1528,"color":"rgb(31,119,180)"}],"gender":[{"description":"Male","count":147,"tested":1359,"color":"rgb(31,119,180)"},{"description":"Female","count":149,"tested":1883,"color":"rgb(255,127,14)"}]}
