{"age":[{"age_group":"<20","count":281,"tested":2310},{"age_group":"20-29   ","count":444,"tested":3974},{"age_group":"30-39   ","count":449,"tested":3729},{"age_group":"40-49   ","count":385,"tested":3355},{"age_group":"50-59   ","count":351,"tested":3996},{"age_group":"60-69   ","count":259,"tested":3507},{"age_group":"70-79   ","count":154,"tested":2427},{"age_group":"80+","count":148,"tested":2828}],"race":[{"description":"Hispanic","count":653,"tested":2667,"color":"rgb(214,39,40)"},{"description":"White","count":660,"tested":8079,"color":"rgb(31,119,180)"},{"description":"Left Blank","count":706,"tested":11015,"color":"rgb(44,160,44)"},{"description":"Black","count":263,"tested":2679,"color":"rgb(255,127,14)"},{"description":"Asian","count":37,"tested":170,"color":"rgb(140,86,75)"},{"description":"Other","count":102,"tested":1449,"color":"rgb(148,103,189)"},{"description":"AI/AN**","count":33,"tested":67,"color":"rgb(31,119,180)"}],"gender":[{"description":"Female","count":1267,"tested":15275,"color":"rgb(255,127,14)"},{"description":"Male","count":1080,"tested":10550,"color":"rgb(31,119,180)"},{"description":"Unknown/Left Blank","count":39,"tested":306,"color":"rgb(44,160,44)"}]}
