{"age":[{"age_group":"<20","count":187,"tested":1392},{"age_group":"20-29   ","count":231,"tested":1952},{"age_group":"30-39   ","count":252,"tested":1854},{"age_group":"40-49   ","count":205,"tested":1869},{"age_group":"50-59   ","count":149,"tested":1658},{"age_group":"60-69   ","count":131,"tested":1470},{"age_group":"70-79   ","count":55,"tested":729},{"age_group":"80+","count":31,"tested":334}],"race":[{"description":"Black","count":27,"tested":318,"color":"rgb(255,127,14)"},{"description":"Hispanic","count":473,"tested":2454,"color":"rgb(214,39,40)"},{"description":"White","count":356,"tested":3466,"color":"rgb(31,119,180)"},{"description":"Left Blank","count":277,"tested":4163,"color":"rgb(44,160,44)"},{"description":"Other","count":98,"tested":746,"color":"rgb(148,103,189)"},{"description":"Asian","count":10,"tested":100,"color":"rgb(140,86,75)"}],"gender":[{"description":"Male","count":613,"tested":4938,"color":"rgb(31,119,180)"},{"description":"Female","count":622,"tested":6151,"color":"rgb(255,127,14)"}]}
