{"age":[{"age_group":"<20","count":113,"tested":1007},{"age_group":"20-29   ","count":171,"tested":1857},{"age_group":"30-39   ","count":146,"tested":1386},{"age_group":"40-49   ","count":129,"tested":1240},{"age_group":"50-59   ","count":139,"tested":1350},{"age_group":"60-69   ","count":102,"tested":1064},{"age_group":"70-79   ","count":49,"tested":604},{"age_group":"80+","count":14,"tested":278}],"race":[{"description":"White","count":283,"tested":2795,"color":"rgb(31,119,180)"},{"description":"Left Blank","count":280,"tested":3121,"color":"rgb(44,160,44)"},{"description":"Other","count":26,"tested":313,"color":"rgb(148,103,189)"},{"description":"Black","count":160,"tested":1829,"color":"rgb(255,127,14)"},{"description":"Hispanic","count":112,"tested":660,"color":"rgb(214,39,40)"}],"gender":[{"description":"Male","count":384,"tested":3500,"color":"rgb(31,119,180)"},{"description":"Female","count":472,"tested":5160,"color":"rgb(255,127,14)"}]}
