{"age":[{"age_group":"<20","count":38,"tested":652},{"age_group":"20-29   ","count":51,"tested":949},{"age_group":"30-39   ","count":51,"tested":888},{"age_group":"40-49   ","count":42,"tested":983},{"age_group":"50-59   ","count":48,"tested":1095},{"age_group":"60-69   ","count":25,"tested":1013},{"age_group":"70-79   ","count":34,"tested":728},{"age_group":"80+","count":36,"tested":2533}],"race":[{"description":"Hispanic","count":11,"tested":125,"color":"rgb(214,39,40)"},{"description":"White","count":217,"tested":6573,"color":"rgb(31,119,180)"},{"description":"Left Blank","count":97,"tested":2003,"color":"rgb(44,160,44)"},{"description":"Other","count":7,"tested":36,"color":"rgb(148,103,189)"}],"gender":[{"description":"Female","count":187,"tested":6812,"color":"rgb(255,127,14)"},{"description":"Male","count":143,"tested":1897,"color":"rgb(31,119,180)"}]}
