{"age":[{"age_group":"<20","count":13,"tested":172},{"age_group":"20-29   ","count":9,"tested":174},{"age_group":"40-49   ","count":10,"tested":268},{"age_group":"50-59   ","count":7,"tested":159},{"age_group":"60-69   ","count":6,"tested":167}],"race":[{"description":"Hispanic","count":9,"tested":44,"color":"rgb(214,39,40)"},{"description":"White","count":39,"tested":878,"color":"rgb(31,119,180)"}],"gender":[{"description":"Female","count":27,"tested":664,"color":"rgb(255,127,14)"},{"description":"Male","count":27,"tested":473,"color":"rgb(31,119,180)"}]}
