{"age":[{"age_group":"<20","count":166,"tested":1666},{"age_group":"20-29   ","count":123,"tested":2123},{"age_group":"30-39   ","count":102,"tested":1493},{"age_group":"40-49   ","count":133,"tested":1976},{"age_group":"50-59   ","count":154,"tested":2069},{"age_group":"60-69   ","count":100,"tested":1796},{"age_group":"70-79   ","count":66,"tested":1435},{"age_group":"80+","count":133,"tested":3016}],"race":[{"description":"Hispanic","count":34,"tested":188,"color":"rgb(214,39,40)"},{"description":"White","count":645,"tested":6463,"color":"rgb(31,119,180)"},{"description":"Left Blank","count":253,"tested":8506,"color":"rgb(44,160,44)"},{"description":"Asian","count":19,"tested":175,"color":"rgb(140,86,75)"},{"description":"Other","count":21,"tested":157,"color":"rgb(148,103,189)"}],"gender":[{"description":"Female","count":522,"tested":9660,"color":"rgb(255,127,14)"},{"description":"Unknown/Left Blank","count":11,"tested":490,"color":"rgb(44,160,44)"},{"description":"Male","count":444,"tested":5424,"color":"rgb(31,119,180)"}]}
