{"age":[{"age_group":"<20","count":555,"tested":3598},{"age_group":"20-29   ","count":698,"tested":5248},{"age_group":"30-39   ","count":643,"tested":4472},{"age_group":"40-49   ","count":632,"tested":3973},{"age_group":"50-59   ","count":505,"tested":3594},{"age_group":"60-69   ","count":304,"tested":3068},{"age_group":"70-79   ","count":137,"tested":2215},{"age_group":"80+","count":81,"tested":2211}],"race":[{"description":"White","count":635,"tested":6227,"color":"rgb(31,119,180)"},{"description":"Other","count":176,"tested":1475,"color":"rgb(148,103,189)"},{"description":"Left Blank","count":980,"tested":11856,"color":"rgb(44,160,44)"},{"description":"Black","count":109,"tested":1125,"color":"rgb(255,127,14)"},{"description":"Asian","count":18,"tested":234,"color":"rgb(140,86,75)"},{"description":"Hispanic","count":1634,"tested":7477,"color":"rgb(214,39,40)"}],"gender":[{"description":"Female","count":1785,"tested":15709,"color":"rgb(255,127,14)"},{"description":"Male","count":1739,"tested":12297,"color":"rgb(31,119,180)"},{"description":"Unknown/Left Blank","count":32,"tested":419,"color":"rgb(44,160,44)"}]}
