{"age":[{"age_group":"<20","count":1226,"tested":8859},{"age_group":"20-29   ","count":1378,"tested":13717},{"age_group":"30-39   ","count":1455,"tested":13877},{"age_group":"40-49   ","count":1379,"tested":11508},{"age_group":"50-59   ","count":979,"tested":9852},{"age_group":"60-69   ","count":701,"tested":7481},{"age_group":"70-79   ","count":370,"tested":3867},{"age_group":"80+","count":121,"tested":1326}],"race":[{"description":"White","count":272,"tested":5098,"color":"rgb(31,119,180)"},{"description":"Left Blank","count":1467,"tested":25044,"color":"rgb(44,160,44)"},{"description":"Other","count":194,"tested":2330,"color":"rgb(148,103,189)"},{"description":"Asian","count":12,"tested":235,"color":"rgb(140,86,75)"},{"description":"Black","count":2121,"tested":20304,"color":"rgb(255,127,14)"},{"description":"Hispanic","count":3538,"tested":17348,"color":"rgb(214,39,40)"}],"gender":[{"description":"Male","count":3493,"tested":29681,"color":"rgb(31,119,180)"},{"description":"Unknown/Left Blank","count":68,"tested":1643,"color":"rgb(44,160,44)"},{"description":"Female","count":4048,"tested":39200,"color":"rgb(255,127,14)"}]}
