{"age":[{"age_group":"<20","count":559,"tested":6436},{"age_group":"20-29   ","count":383,"tested":4993},{"age_group":"30-39   ","count":306,"tested":4539},{"age_group":"40-49   ","count":379,"tested":4233},{"age_group":"50-59   ","count":442,"tested":5949},{"age_group":"60-69   ","count":242,"tested":3863},{"age_group":"70-79   ","count":112,"tested":2314},{"age_group":"80+","count":106,"tested":3892}],"race":[{"description":"Black","count":13,"tested":273,"color":"rgb(255,127,14)"},{"description":"White","count":1708,"tested":18401,"color":"rgb(31,119,180)"},{"description":"Asian","count":40,"tested":500,"color":"rgb(140,86,75)"},{"description":"Other","count":52,"tested":727,"color":"rgb(148,103,189)"},{"description":"Hispanic","count":156,"tested":1087,"color":"rgb(214,39,40)"},{"description":"Left Blank","count":562,"tested":15226,"color":"rgb(44,160,44)"}],"gender":[{"description":"Unknown/Left Blank","count":18,"tested":263,"color":"rgb(44,160,44)"},{"description":"Female","count":1286,"tested":20977,"color":"rgb(255,127,14)"},{"description":"Male","count":1230,"tested":14992,"color":"rgb(31,119,180)"}]}
