{"age":[{"age_group":"<20","count":383,"tested":2908},{"age_group":"20-29   ","count":460,"tested":12216},{"age_group":"30-39   ","count":428,"tested":16921},{"age_group":"40-49   ","count":442,"tested":16069},{"age_group":"50-59   ","count":452,"tested":11729},{"age_group":"60-69   ","count":341,"tested":7096},{"age_group":"70-79   ","count":159,"tested":2803},{"age_group":"80+","count":114,"tested":3953},{"age_group":"Unknown","count":16,"tested":2265}],"race":[{"description":"Hispanic","count":82,"tested":564,"color":"rgb(214,39,40)"},{"description":"White","count":1623,"tested":13654,"color":"rgb(31,119,180)"},{"description":"Left Blank","count":870,"tested":59843,"color":"rgb(44,160,44)"},{"description":"Other","count":62,"tested":466,"color":"rgb(148,103,189)"},{"description":"Black","count":145,"tested":1270,"color":"rgb(255,127,14)"},{"description":"Asian","count":13,"tested":148,"color":"rgb(140,86,75)"}],"gender":[{"description":"Male","count":1438,"tested":33093,"color":"rgb(31,119,180)"},{"description":"Unknown/Left Blank","count":127,"tested":28594,"color":"rgb(44,160,44)"},{"description":"Female","count":1230,"tested":14273,"color":"rgb(255,127,14)"}]}
