{"age":[{"age_group":"<20","count":501,"tested":4176},{"age_group":"20-29   ","count":556,"tested":5522},{"age_group":"30-39   ","count":530,"tested":5892},{"age_group":"40-49   ","count":535,"tested":5068},{"age_group":"50-59   ","count":400,"tested":5212},{"age_group":"60-69   ","count":295,"tested":4059},{"age_group":"70-79   ","count":185,"tested":1961},{"age_group":"80+","count":120,"tested":1105}],"race":[{"description":"Other","count":68,"tested":751,"color":"rgb(148,103,189)"},{"description":"Asian","count":6,"tested":40,"color":"rgb(140,86,75)"},{"description":"Black","count":1629,"tested":17142,"color":"rgb(255,127,14)"},{"description":"White","count":51,"tested":775,"color":"rgb(31,119,180)"},{"description":"Left Blank","count":650,"tested":11237,"color":"rgb(44,160,44)"},{"description":"Hispanic","count":713,"tested":2978,"color":"rgb(214,39,40)"}],"gender":[{"description":"Female","count":1715,"tested":18098,"color":"rgb(255,127,14)"},{"description":"Male","count":1389,"tested":14286,"color":"rgb(31,119,180)"},{"description":"Unknown/Left Blank","count":18,"tested":617,"color":"rgb(44,160,44)"}]}
