{"age":[{"age_group":"<20","count":605,"tested":6443},{"age_group":"20-29   ","count":738,"tested":10300},{"age_group":"30-39   ","count":797,"tested":10119},{"age_group":"40-49   ","count":822,"tested":10428},{"age_group":"50-59   ","count":792,"tested":11718},{"age_group":"60-69   ","count":578,"tested":9577},{"age_group":"70-79   ","count":403,"tested":6295},{"age_group":"80+","count":264,"tested":4043}],"race":[{"description":"White","count":81,"tested":1289,"color":"rgb(31,119,180)"},{"description":"Left Blank","count":1087,"tested":23766,"color":"rgb(44,160,44)"},{"description":"Other","count":120,"tested":977,"color":"rgb(148,103,189)"},{"description":"Black","count":3456,"tested":41230,"color":"rgb(255,127,14)"},{"description":"Hispanic","count":242,"tested":1517,"color":"rgb(214,39,40)"}],"gender":[{"description":"Male","count":2129,"tested":27687,"color":"rgb(31,119,180)"},{"description":"Unknown/Left Blank","count":45,"tested":1933,"color":"rgb(44,160,44)"},{"description":"Female","count":2825,"tested":39336,"color":"rgb(255,127,14)"}]}
