{"age":[{"age_group":"<20","count":17,"tested":121},{"age_group":"20-29   ","count":17,"tested":133},{"age_group":"30-39   ","count":13,"tested":145},{"age_group":"40-49   ","count":17,"tested":132},{"age_group":"50-59   ","count":17,"tested":127},{"age_group":"60-69   ","count":18,"tested":93}],"race":[{"description":"Left Blank","count":48,"tested":392,"color":"rgb(44,160,44)"},{"description":"White","count":54,"tested":416,"color":"rgb(31,119,180)"}],"gender":[{"description":"Female","count":55,"tested":471,"color":"rgb(255,127,14)"},{"description":"Male","count":53,"tested":359,"color":"rgb(31,119,180)"}]}
