{"age":[{"age_group":"<20","count":11,"tested":182},{"age_group":"20-29   ","count":10,"tested":159},{"age_group":"40-49   ","count":10,"tested":170},{"age_group":"60-69   ","count":13,"tested":200}],"race":[{"description":"Left Blank","count":10,"tested":356,"color":"rgb(44,160,44)"},{"description":"White","count":50,"tested":772,"color":"rgb(31,119,180)"}],"gender":[{"description":"Female","count":27,"tested":670,"color":"rgb(255,127,14)"},{"description":"Male","count":36,"tested":501,"color":"rgb(31,119,180)"}]}
