{"age":[{"age_group":"<20","count":343,"tested":9004},{"age_group":"20-29   ","count":2569,"tested":45634},{"age_group":"30-39   ","count":1220,"tested":29386},{"age_group":"40-49   ","count":442,"tested":10724},{"age_group":"50-59   ","count":355,"tested":7844},{"age_group":"60-69   ","count":177,"tested":5049},{"age_group":"70-79   ","count":111,"tested":3949},{"age_group":"80+","count":125,"tested":3860}],"race":[{"description":"Black","count":122,"tested":2173,"color":"rgb(255,127,14)"},{"description":"AI/AN**","count":13,"tested":83,"color":"rgb(31,119,180)"},{"description":"Other","count":317,"tested":5852,"color":"rgb(148,103,189)"},{"description":"Hispanic","count":346,"tested":3161,"color":"rgb(214,39,40)"},{"description":"Asian","count":148,"tested":3233,"color":"rgb(140,86,75)"},{"description":"White","count":2713,"tested":45027,"color":"rgb(31,119,180)"},{"description":"Left Blank","count":1679,"tested":55898,"color":"rgb(44,160,44)"}],"gender":[{"description":"Unknown/Left Blank","count":322,"tested":1930,"color":"rgb(44,160,44)"},{"description":"Male","count":2669,"tested":52197,"color":"rgb(31,119,180)"},{"description":"Female","count":2351,"tested":61338,"color":"rgb(255,127,14)"}]}
