{"age":[{"age_group":"<20","count":220,"tested":2332},{"age_group":"20-29   ","count":220,"tested":3406},{"age_group":"30-39   ","count":227,"tested":3359},{"age_group":"40-49   ","count":269,"tested":3665},{"age_group":"50-59   ","count":223,"tested":3546},{"age_group":"60-69   ","count":179,"tested":3996},{"age_group":"70-79   ","count":127,"tested":3053},{"age_group":"80+","count":89,"tested":1933}],"race":[{"description":"Black","count":958,"tested":11885,"color":"rgb(255,127,14)"},{"description":"Asian","count":6,"tested":154,"color":"rgb(140,86,75)"},{"description":"Hispanic","count":52,"tested":668,"color":"rgb(214,39,40)"},{"description":"White","count":71,"tested":1105,"color":"rgb(31,119,180)"},{"description":"Other","count":18,"tested":335,"color":"rgb(148,103,189)"},{"description":"Left Blank","count":448,"tested":11153,"color":"rgb(44,160,44)"}],"gender":[{"description":"Female","count":924,"tested":15948,"color":"rgb(255,127,14)"},{"description":"Male","count":619,"tested":8763,"color":"rgb(31,119,180)"},{"description":"Unknown/Left Blank","count":11,"tested":632,"color":"rgb(44,160,44)"}]}
