{"age":[{"age_group":"<20","count":104,"tested":813},{"age_group":"20-29   ","count":140,"tested":1347},{"age_group":"30-39   ","count":138,"tested":1526},{"age_group":"40-49   ","count":148,"tested":1580},{"age_group":"50-59   ","count":151,"tested":1616},{"age_group":"60-69   ","count":104,"tested":1354},{"age_group":"70-79   ","count":50,"tested":797},{"age_group":"80+","count":20,"tested":251}],"race":[{"description":"Hispanic","count":147,"tested":706,"color":"rgb(214,39,40)"},{"description":"White","count":55,"tested":695,"color":"rgb(31,119,180)"},{"description":"Left Blank","count":172,"tested":3340,"color":"rgb(44,160,44)"},{"description":"Black","count":426,"tested":4179,"color":"rgb(255,127,14)"},{"description":"Asian","count":14,"tested":93,"color":"rgb(140,86,75)"},{"description":"Other","count":38,"tested":269,"color":"rgb(148,103,189)"}],"gender":[{"description":"Unknown/Left Blank","count":14,"tested":364,"color":"rgb(44,160,44)"},{"description":"Female","count":450,"tested":5225,"color":"rgb(255,127,14)"},{"description":"Male","count":391,"tested":3697,"color":"rgb(31,119,180)"}]}
