{"age":[{"age_group":"<20","count":328,"tested":5009},{"age_group":"20-29   ","count":775,"tested":16193},{"age_group":"30-39   ","count":778,"tested":15267},{"age_group":"40-49   ","count":533,"tested":10102},{"age_group":"50-59   ","count":488,"tested":10550},{"age_group":"60-69   ","count":390,"tested":10518},{"age_group":"70-79   ","count":194,"tested":5866},{"age_group":"80+","count":158,"tested":3729}],"race":[{"description":"Black","count":877,"tested":12809,"color":"rgb(255,127,14)"},{"description":"Hispanic","count":417,"tested":3750,"color":"rgb(214,39,40)"},{"description":"White","count":606,"tested":10802,"color":"rgb(31,119,180)"},{"description":"Other","count":165,"tested":2712,"color":"rgb(148,103,189)"},{"description":"Left Blank","count":1076,"tested":39472,"color":"rgb(44,160,44)"},{"description":"Asian","count":495,"tested":7563,"color":"rgb(140,86,75)"}],"gender":[{"description":"Female","count":1814,"tested":39061,"color":"rgb(255,127,14)"},{"description":"Unknown/Left Blank","count":64,"tested":2272,"color":"rgb(44,160,44)"},{"description":"Male","count":1766,"tested":35919,"color":"rgb(31,119,180)"}]}
