{"age":[{"age_group":"<20","count":17,"tested":169},{"age_group":"20-29   ","count":17,"tested":264},{"age_group":"30-39   ","count":20,"tested":89},{"age_group":"40-49   ","count":19,"tested":112},{"age_group":"50-59   ","count":23,"tested":269},{"age_group":"60-69   ","count":13,"tested":99},{"age_group":"70-79   ","count":12,"tested":85}],"race":[{"description":"White","count":100,"tested":653,"color":"rgb(31,119,180)"},{"description":"Left Blank","count":16,"tested":425,"color":"rgb(44,160,44)"}],"gender":[{"description":"Female","count":67,"tested":636,"color":"rgb(255,127,14)"},{"description":"Male","count":55,"tested":469,"color":"rgb(31,119,180)"}]}
