{"age":[{"age_group":"<20","count":361,"tested":3675},{"age_group":"20-29   ","count":366,"tested":5996},{"age_group":"30-39   ","count":291,"tested":4032},{"age_group":"40-49   ","count":311,"tested":3527},{"age_group":"50-59   ","count":267,"tested":3991},{"age_group":"60-69   ","count":175,"tested":3063},{"age_group":"70-79   ","count":114,"tested":2025},{"age_group":"80+","count":63,"tested":1300}],"race":[{"description":"AI/AN**","count":6,"tested":19,"color":"rgb(31,119,180)"},{"description":"Hispanic","count":477,"tested":1972,"color":"rgb(214,39,40)"},{"description":"Asian","count":6,"tested":66,"color":"rgb(140,86,75)"},{"description":"White","count":627,"tested":6767,"color":"rgb(31,119,180)"},{"description":"Black","count":606,"tested":4854,"color":"rgb(255,127,14)"},{"description":"Left Blank","count":195,"tested":13557,"color":"rgb(44,160,44)"},{"description":"Other","count":30,"tested":373,"color":"rgb(148,103,189)"}],"gender":[{"description":"Female","count":1076,"tested":14476,"color":"rgb(255,127,14)"},{"description":"Male","count":853,"tested":12425,"color":"rgb(31,119,180)"},{"description":"Unknown/Left Blank","count":19,"tested":710,"color":"rgb(44,160,44)"}]}
