{"age":[{"age_group":"<20","count":48,"tested":568},{"age_group":"20-29   ","count":57,"tested":584},{"age_group":"30-39   ","count":61,"tested":451},{"age_group":"40-49   ","count":71,"tested":510},{"age_group":"50-59   ","count":61,"tested":691},{"age_group":"60-69   ","count":44,"tested":456},{"age_group":"70-79   ","count":22,"tested":274},{"age_group":"80+","count":9,"tested":148}],"race":[{"description":"Other","count":12,"tested":129,"color":"rgb(148,103,189)"},{"description":"Hispanic","count":20,"tested":109,"color":"rgb(214,39,40)"},{"description":"Left Blank","count":62,"tested":1053,"color":"rgb(44,160,44)"},{"description":"White","count":277,"tested":2369,"color":"rgb(31,119,180)"}],"gender":[{"description":"Female","count":196,"tested":2048,"color":"rgb(255,127,14)"},{"description":"Male","count":177,"tested":1548,"color":"rgb(31,119,180)"}]}
