{"lastUpdatedDate":{"year":2020,"month":12,"day":23},"county_demographics":[{"County":"Randolph","confirmed_cases":3100,"total_tested":29628,"demographics":{"age":[{"race":[],"age_group":"<20","count":448,"tested":3462,"deaths":0},{"race":[],"age_group":"20-29   ","count":510,"tested":4479,"deaths":0},{"race":[],"age_group":"30-39   ","count":494,"tested":4361,"deaths":0},{"race":[],"age_group":"40-49   ","count":479,"tested":4141,"deaths":0},{"race":[],"age_group":"50-59   ","count":440,"tested":4109,"deaths":0},{"race":[],"age_group":"60-69   ","count":328,"tested":3253,"deaths":0},{"race":[],"age_group":"70-79   ","count":187,"tested":2095,"deaths":0},{"race":[],"age_group":"80+","count":204,"tested":3701,"deaths":0},{"race":[],"age_group":"Unknown","count":0,"tested":27,"deaths":0}],"race":[{"description":"AI/AN**","count":0,"tested":0,"deaths":0,"color":"rgb(31,119,180)"},{"description":"Asian","count":0,"tested":22,"deaths":0,"color":"rgb(140,86,75)"},{"description":"Black","count":166,"tested":1021,"deaths":0,"color":"rgb(255,127,14)"},{"description":"Hispanic","count":124,"tested":270,"deaths":0,"color":"rgb(214,39,40)"},{"description":"Left Blank","count":1104,"tested":12373,"deaths":0,"color":"rgb(44,160,44)"},{"description":"NH/PI*","count":0,"tested":0,"deaths":0,"color":"rgb(127,127,127)"},{"description":"Other","count":11,"tested":217,"deaths":0,"color":"rgb(148,103,189)"},{"description":"White","count":1688,"tested":15721,"deaths":0,"color":"rgb(31,119,180)"}],"gender":[{"description":"Female","count":1571,"tested":18068,"deaths":0,"color":"rgb(255,127,14)"},{"description":"Male","count":1451,"tested":10467,"deaths":0,"color":"rgb(31,119,180)"},{"description":"Unknown/Left Blank","count":78,"tested":1093,"deaths":0,"color":"rgb(44,160,44)"}]}}]}
