{"lastUpdatedDate":{"year":2020,"month":12,"day":23},"county_demographics":[{"County":"Whiteside","confirmed_cases":4636,"total_tested":39545,"demographics":{"age":[{"race":[],"age_group":"<20","count":620,"tested":5865,"deaths":0},{"race":[],"age_group":"20-29   ","count":680,"tested":6047,"deaths":0},{"race":[],"age_group":"30-39   ","count":684,"tested":5931,"deaths":0},{"race":[],"age_group":"40-49   ","count":645,"tested":5235,"deaths":0},{"race":[],"age_group":"50-59   ","count":778,"tested":5764,"deaths":0},{"race":[],"age_group":"60-69   ","count":569,"tested":4925,"deaths":0},{"race":[],"age_group":"70-79   ","count":320,"tested":2744,"deaths":0},{"race":[],"age_group":"80+","count":337,"tested":3020,"deaths":0},{"race":[],"age_group":"Unknown","count":0,"tested":14,"deaths":0}],"race":[{"description":"AI/AN**","count":0,"tested":10,"deaths":0,"color":"rgb(31,119,180)"},{"description":"Asian","count":10,"tested":61,"deaths":0,"color":"rgb(140,86,75)"},{"description":"Black","count":113,"tested":1318,"deaths":0,"color":"rgb(255,127,14)"},{"description":"Hispanic","count":248,"tested":1200,"deaths":0,"color":"rgb(214,39,40)"},{"description":"Left Blank","count":1162,"tested":19139,"deaths":0,"color":"rgb(44,160,44)"},{"description":"NH/PI*","count":0,"tested":7,"deaths":0,"color":"rgb(127,127,127)"},{"description":"Other","count":236,"tested":1145,"deaths":0,"color":"rgb(148,103,189)"},{"description":"White","count":2859,"tested":16665,"deaths":0,"color":"rgb(31,119,180)"}],"gender":[{"description":"Female","count":2509,"tested":23675,"deaths":0,"color":"rgb(255,127,14)"},{"description":"Male","count":2025,"tested":14196,"deaths":0,"color":"rgb(31,119,180)"},{"description":"Unknown/Left Blank","count":101,"tested":1674,"deaths":0,"color":"rgb(44,160,44)"}]}}]}
