{"lastUpdatedDate":{"year":2020,"month":12,"day":23},"county_demographics":[{"County":"Jo Daviess","confirmed_cases":1358,"total_tested":14435,"demographics":{"age":[{"race":[],"age_group":"<20","count":216,"tested":1942,"deaths":0},{"race":[],"age_group":"20-29   ","count":193,"tested":1592,"deaths":0},{"race":[],"age_group":"30-39   ","count":151,"tested":1519,"deaths":0},{"race":[],"age_group":"40-49   ","count":176,"tested":1582,"deaths":0},{"race":[],"age_group":"50-59   ","count":219,"tested":1982,"deaths":0},{"race":[],"age_group":"60-69   ","count":198,"tested":2342,"deaths":0},{"race":[],"age_group":"70-79   ","count":114,"tested":1500,"deaths":0},{"race":[],"age_group":"80+","count":83,"tested":1971,"deaths":0},{"race":[],"age_group":"Unknown","count":0,"tested":0,"deaths":0}],"race":[{"description":"AI/AN**","count":0,"tested":7,"deaths":0,"color":"rgb(31,119,180)"},{"description":"Asian","count":0,"tested":18,"deaths":0,"color":"rgb(140,86,75)"},{"description":"Black","count":0,"tested":58,"deaths":0,"color":"rgb(255,127,14)"},{"description":"Hispanic","count":35,"tested":175,"deaths":0,"color":"rgb(214,39,40)"},{"description":"Left Blank","count":482,"tested":7502,"deaths":0,"color":"rgb(44,160,44)"},{"description":"NH/PI*","count":0,"tested":0,"deaths":0,"color":"rgb(127,127,127)"},{"description":"Other","count":6,"tested":113,"deaths":0,"color":"rgb(148,103,189)"},{"description":"White","count":830,"tested":6559,"deaths":0,"color":"rgb(31,119,180)"}],"gender":[{"description":"Female","count":683,"tested":8875,"deaths":0,"color":"rgb(255,127,14)"},{"description":"Male","count":628,"tested":5104,"deaths":0,"color":"rgb(31,119,180)"},{"description":"Unknown/Left Blank","count":47,"tested":456,"deaths":0,"color":"rgb(44,160,44)"}]}}]}
