{"lastUpdatedDate":{"year":2020,"month":12,"day":23},"county_demographics":[{"County":"Livingston","confirmed_cases":2967,"total_tested":41033,"demographics":{"age":[{"race":[],"age_group":"<20","count":379,"tested":4445,"deaths":0},{"race":[],"age_group":"20-29   ","count":455,"tested":5647,"deaths":0},{"race":[],"age_group":"30-39   ","count":506,"tested":6114,"deaths":0},{"race":[],"age_group":"40-49   ","count":459,"tested":4869,"deaths":0},{"race":[],"age_group":"50-59   ","count":439,"tested":6139,"deaths":0},{"race":[],"age_group":"60-69   ","count":353,"tested":4797,"deaths":0},{"race":[],"age_group":"70-79   ","count":188,"tested":2915,"deaths":0},{"race":[],"age_group":"80+","count":187,"tested":6083,"deaths":0},{"race":[],"age_group":"Unknown","count":0,"tested":24,"deaths":0}],"race":[{"description":"AI/AN**","count":0,"tested":8,"deaths":0,"color":"rgb(31,119,180)"},{"description":"Asian","count":0,"tested":47,"deaths":0,"color":"rgb(140,86,75)"},{"description":"Black","count":66,"tested":556,"deaths":0,"color":"rgb(255,127,14)"},{"description":"Hispanic","count":74,"tested":530,"deaths":0,"color":"rgb(214,39,40)"},{"description":"Left Blank","count":831,"tested":20880,"deaths":0,"color":"rgb(44,160,44)"},{"description":"NH/PI*","count":0,"tested":7,"deaths":0,"color":"rgb(127,127,127)"},{"description":"Other","count":71,"tested":703,"deaths":0,"color":"rgb(148,103,189)"},{"description":"White","count":1921,"tested":18302,"deaths":0,"color":"rgb(31,119,180)"}],"gender":[{"description":"Female","count":1486,"tested":24788,"deaths":0,"color":"rgb(255,127,14)"},{"description":"Male","count":1427,"tested":13293,"deaths":0,"color":"rgb(31,119,180)"},{"description":"Unknown/Left Blank","count":54,"tested":2952,"deaths":0,"color":"rgb(44,160,44)"}]}}]}
