{"lastUpdatedDate":{"year":2020,"month":12,"day":23},"county_demographics":[{"County":"Jasper","confirmed_cases":861,"total_tested":6917,"demographics":{"age":[{"race":[],"age_group":"<20","count":134,"tested":923,"deaths":0},{"race":[],"age_group":"20-29   ","count":96,"tested":786,"deaths":0},{"race":[],"age_group":"30-39   ","count":106,"tested":759,"deaths":0},{"race":[],"age_group":"40-49   ","count":111,"tested":941,"deaths":0},{"race":[],"age_group":"50-59   ","count":136,"tested":1013,"deaths":0},{"race":[],"age_group":"60-69   ","count":127,"tested":813,"deaths":0},{"race":[],"age_group":"70-79   ","count":76,"tested":629,"deaths":0},{"race":[],"age_group":"80+","count":75,"tested":1051,"deaths":0},{"race":[],"age_group":"Unknown","count":0,"tested":0,"deaths":0}],"race":[{"description":"AI/AN**","count":0,"tested":0,"deaths":0,"color":"rgb(31,119,180)"},{"description":"Asian","count":0,"tested":0,"deaths":0,"color":"rgb(140,86,75)"},{"description":"Black","count":0,"tested":13,"deaths":0,"color":"rgb(255,127,14)"},{"description":"Hispanic","count":0,"tested":46,"deaths":0,"color":"rgb(214,39,40)"},{"description":"Left Blank","count":263,"tested":1274,"deaths":0,"color":"rgb(44,160,44)"},{"description":"Other","count":0,"tested":274,"deaths":0,"color":"rgb(148,103,189)"},{"description":"White","count":587,"tested":5307,"deaths":0,"color":"rgb(31,119,180)"}],"gender":[{"description":"Female","count":475,"tested":4431,"deaths":0,"color":"rgb(255,127,14)"},{"description":"Male","count":362,"tested":2276,"deaths":0,"color":"rgb(31,119,180)"},{"description":"Unknown/Left Blank","count":24,"tested":210,"deaths":0,"color":"rgb(44,160,44)"}]}}]}
