{"age":[{"age_group":"<20","count":460,"tested":20397},{"age_group":"20-29   ","count":317,"tested":5706},{"age_group":"30-39   ","count":208,"tested":4681},{"age_group":"40-49   ","count":276,"tested":5537},{"age_group":"50-59   ","count":354,"tested":6836},{"age_group":"60-69   ","count":211,"tested":5491},{"age_group":"70-79   ","count":110,"tested":2937},{"age_group":"80+","count":127,"tested":3413}],"race":[{"description":"Asian","count":61,"tested":2106,"color":"rgb(140,86,75)"},{"description":"Black","count":22,"tested":708,"color":"rgb(255,127,14)"},{"description":"Hispanic","count":118,"tested":2301,"color":"rgb(214,39,40)"},{"description":"Left Blank","count":479,"tested":14834,"color":"rgb(44,160,44)"},{"description":"Other","count":105,"tested":1427,"color":"rgb(148,103,189)"},{"description":"White","count":1272,"tested":33473,"color":"rgb(31,119,180)"}],"gender":[]}
