{"age":[{"age_group":"<20","count":43,"tested":592},{"age_group":"20-29   ","count":45,"tested":612},{"age_group":"30-39   ","count":39,"tested":469},{"age_group":"40-49   ","count":30,"tested":349},{"age_group":"50-59   ","count":44,"tested":741},{"age_group":"60-69   ","count":22,"tested":360},{"age_group":"70-79   ","count":10,"tested":132},{"age_group":"80+","count":11,"tested":102}],"race":[{"description":"Hispanic","count":6,"tested":20,"color":"rgb(214,39,40)"},{"description":"Left Blank","count":51,"tested":927,"color":"rgb(44,160,44)"},{"description":"White","count":180,"tested":2360,"color":"rgb(31,119,180)"}],"gender":[]}
