{"age":[{"age_group":"<20","count":26,"tested":221},{"age_group":"20-29   ","count":20,"tested":137},{"age_group":"30-39   ","count":30,"tested":173},{"age_group":"40-49   ","count":17,"tested":104},{"age_group":"50-59   ","count":33,"tested":189},{"age_group":"60-69   ","count":29,"tested":192},{"age_group":"70-79   ","count":12,"tested":105}],"race":[{"description":"Left Blank","count":28,"tested":326,"color":"rgb(44,160,44)"},{"description":"White","count":138,"tested":782,"color":"rgb(31,119,180)"}],"gender":[]}
