{"age":[{"age_group":"<20","count":207,"tested":2406},{"age_group":"20-29   ","count":188,"tested":2728},{"age_group":"30-39   ","count":225,"tested":2740},{"age_group":"40-49   ","count":202,"tested":2677},{"age_group":"50-59   ","count":170,"tested":2677},{"age_group":"60-69   ","count":130,"tested":2067},{"age_group":"70-79   ","count":61,"tested":911},{"age_group":"80+","count":29,"tested":557}],"race":[{"description":"Black","count":620,"tested":8303,"color":"rgb(255,127,14)"},{"description":"Hispanic","count":155,"tested":1052,"color":"rgb(214,39,40)"},{"description":"Left Blank","count":351,"tested":6195,"color":"rgb(44,160,44)"},{"description":"Other","count":31,"tested":311,"color":"rgb(148,103,189)"},{"description":"White","count":51,"tested":846,"color":"rgb(31,119,180)"}],"gender":[]}
