{"age":[{"age_group":"<20","count":364,"tested":3713},{"age_group":"20-29   ","count":410,"tested":6244},{"age_group":"30-39   ","count":370,"tested":6312},{"age_group":"40-49   ","count":379,"tested":7005},{"age_group":"50-59   ","count":403,"tested":8764},{"age_group":"60-69   ","count":328,"tested":8740},{"age_group":"70-79   ","count":185,"tested":6049},{"age_group":"80+","count":175,"tested":6731}],"race":[{"description":"Asian","count":9,"tested":191,"color":"rgb(140,86,75)"},{"description":"Black","count":1324,"tested":18534,"color":"rgb(255,127,14)"},{"description":"Hispanic","count":147,"tested":1150,"color":"rgb(214,39,40)"},{"description":"Left Blank","count":902,"tested":30484,"color":"rgb(44,160,44)"},{"description":"Other","count":42,"tested":575,"color":"rgb(148,103,189)"},{"description":"White","count":188,"tested":2779,"color":"rgb(31,119,180)"}],"gender":[]}
