{"age":[{"age_group":"<20","count":127,"tested":2247},{"age_group":"20-29   ","count":722,"tested":13101},{"age_group":"30-39   ","count":663,"tested":14568},{"age_group":"40-49   ","count":209,"tested":3932},{"age_group":"50-59   ","count":152,"tested":2342},{"age_group":"60-69   ","count":107,"tested":1555},{"age_group":"70-79   ","count":61,"tested":885},{"age_group":"80+","count":47,"tested":387}],"race":[{"description":"Asian","count":37,"tested":1519,"color":"rgb(140,86,75)"},{"description":"Black","count":172,"tested":2155,"color":"rgb(255,127,14)"},{"description":"Hispanic","count":388,"tested":3224,"color":"rgb(214,39,40)"},{"description":"Left Blank","count":627,"tested":16688,"color":"rgb(44,160,44)"},{"description":"Other","count":117,"tested":2144,"color":"rgb(148,103,189)"},{"description":"White","count":742,"tested":13238,"color":"rgb(31,119,180)"}],"gender":[]}
