{"age":[{"age_group":"<20","count":567,"tested":10827},{"age_group":"20-29   ","count":234,"tested":5200},{"age_group":"30-39   ","count":142,"tested":3842},{"age_group":"40-49   ","count":256,"tested":6280},{"age_group":"50-59   ","count":288,"tested":6927},{"age_group":"60-69   ","count":124,"tested":4421},{"age_group":"70-79   ","count":85,"tested":2714},{"age_group":"80+","count":92,"tested":2286}],"race":[{"description":"Asian","count":71,"tested":2056,"color":"rgb(140,86,75)"},{"description":"Black","count":26,"tested":305,"color":"rgb(255,127,14)"},{"description":"Hispanic","count":77,"tested":807,"color":"rgb(214,39,40)"},{"description":"Left Blank","count":373,"tested":16903,"color":"rgb(44,160,44)"},{"description":"Other","count":205,"tested":3238,"color":"rgb(148,103,189)"},{"description":"White","count":1033,"tested":19121,"color":"rgb(31,119,180)"}],"gender":[]}
