{"age":[{"age_group":"<20","count":435,"tested":3100},{"age_group":"20-29   ","count":530,"tested":4225},{"age_group":"30-39   ","count":467,"tested":4272},{"age_group":"40-49   ","count":488,"tested":3571},{"age_group":"50-59   ","count":418,"tested":3527},{"age_group":"60-69   ","count":228,"tested":2574},{"age_group":"70-79   ","count":110,"tested":1070},{"age_group":"80+","count":68,"tested":528}],"race":[{"description":"AI/AN**","count":57,"tested":202,"color":"rgb(31,119,180)"},{"description":"Black","count":315,"tested":3869,"color":"rgb(255,127,14)"},{"description":"Hispanic","count":1163,"tested":5337,"color":"rgb(214,39,40)"},{"description":"Left Blank","count":690,"tested":7861,"color":"rgb(44,160,44)"},{"description":"Other","count":160,"tested":1769,"color":"rgb(148,103,189)"},{"description":"White","count":353,"tested":3770,"color":"rgb(31,119,180)"}],"gender":[]}
