{"age":[{"age_group":"<20","count":237,"tested":1906},{"age_group":"20-29   ","count":313,"tested":3186},{"age_group":"30-39   ","count":253,"tested":3245},{"age_group":"40-49   ","count":253,"tested":2869},{"age_group":"50-59   ","count":221,"tested":3231},{"age_group":"60-69   ","count":157,"tested":2508},{"age_group":"70-79   ","count":69,"tested":1057},{"age_group":"80+","count":35,"tested":794}],"race":[{"description":"Asian","count":17,"tested":240,"color":"rgb(140,86,75)"},{"description":"Black","count":191,"tested":1979,"color":"rgb(255,127,14)"},{"description":"Hispanic","count":263,"tested":1529,"color":"rgb(214,39,40)"},{"description":"Left Blank","count":503,"tested":9988,"color":"rgb(44,160,44)"},{"description":"Other","count":78,"tested":664,"color":"rgb(148,103,189)"},{"description":"White","count":481,"tested":4366,"color":"rgb(31,119,180)"}],"gender":[]}
