{"age":[{"age_group":"<20","count":316,"tested":2722},{"age_group":"20-29   ","count":468,"tested":4057},{"age_group":"30-39   ","count":487,"tested":4486},{"age_group":"40-49   ","count":394,"tested":3439},{"age_group":"50-59   ","count":359,"tested":4296},{"age_group":"60-69   ","count":247,"tested":3693},{"age_group":"70-79   ","count":129,"tested":3202},{"age_group":"80+","count":124,"tested":5492}],"race":[{"description":"Asian","count":56,"tested":736,"color":"rgb(140,86,75)"},{"description":"Black","count":75,"tested":930,"color":"rgb(255,127,14)"},{"description":"Hispanic","count":1166,"tested":5204,"color":"rgb(214,39,40)"},{"description":"Left Blank","count":437,"tested":16827,"color":"rgb(44,160,44)"},{"description":"Other","count":72,"tested":842,"color":"rgb(148,103,189)"},{"description":"White","count":709,"tested":6812,"color":"rgb(31,119,180)"}],"gender":[]}
