{"age":[{"age_group":"<20","count":151,"tested":1370},{"age_group":"20-29   ","count":159,"tested":2326},{"age_group":"30-39   ","count":138,"tested":2391},{"age_group":"40-49   ","count":162,"tested":2640},{"age_group":"50-59   ","count":143,"tested":3099},{"age_group":"60-69   ","count":117,"tested":2914},{"age_group":"70-79   ","count":58,"tested":1326},{"age_group":"80+","count":38,"tested":838}],"race":[{"description":"Black","count":502,"tested":6012,"color":"rgb(255,127,14)"},{"description":"Hispanic","count":71,"tested":460,"color":"rgb(214,39,40)"},{"description":"Left Blank","count":295,"tested":9116,"color":"rgb(44,160,44)"},{"description":"Other","count":15,"tested":207,"color":"rgb(148,103,189)"},{"description":"White","count":82,"tested":1058,"color":"rgb(31,119,180)"}],"gender":[]}
