{"age":[{"age_group":"<20","count":856,"tested":8231},{"age_group":"20-29   ","count":1114,"tested":13962},{"age_group":"30-39   ","count":998,"tested":10896},{"age_group":"40-49   ","count":975,"tested":10702},{"age_group":"50-59   ","count":847,"tested":11533},{"age_group":"60-69   ","count":591,"tested":10190},{"age_group":"70-79   ","count":288,"tested":5967},{"age_group":"80+","count":226,"tested":4753}],"race":[{"description":"Asian","count":142,"tested":2488,"color":"rgb(140,86,75)"},{"description":"Black","count":331,"tested":4576,"color":"rgb(255,127,14)"},{"description":"Hispanic","count":2316,"tested":12976,"color":"rgb(214,39,40)"},{"description":"Left Blank","count":1663,"tested":35266,"color":"rgb(44,160,44)"},{"description":"Other","count":133,"tested":2482,"color":"rgb(148,103,189)"},{"description":"White","count":1304,"tested":18344,"color":"rgb(31,119,180)"}],"gender":[]}
