{"age":[{"age_group":"<20","count":724,"tested":5722},{"age_group":"20-29   ","count":799,"tested":8039},{"age_group":"30-39   ","count":735,"tested":6992},{"age_group":"40-49   ","count":684,"tested":6440},{"age_group":"50-59   ","count":567,"tested":5966},{"age_group":"60-69   ","count":411,"tested":4396},{"age_group":"70-79   ","count":165,"tested":2339},{"age_group":"80+","count":39,"tested":1057}],"race":[{"description":"AI/AN**","count":7,"tested":95,"color":"rgb(31,119,180)"},{"description":"Asian","count":610,"tested":5019,"color":"rgb(140,86,75)"},{"description":"Black","count":190,"tested":1793,"color":"rgb(255,127,14)"},{"description":"Hispanic","count":1496,"tested":5800,"color":"rgb(214,39,40)"},{"description":"Left Blank","count":803,"tested":18760,"color":"rgb(44,160,44)"},{"description":"Other","count":156,"tested":1807,"color":"rgb(148,103,189)"},{"description":"White","count":858,"tested":7590,"color":"rgb(31,119,180)"}],"gender":[]}
