{"age":[{"age_group":"<20","count":140,"tested":1988},{"age_group":"20-29   ","count":117,"tested":1953},{"age_group":"30-39   ","count":112,"tested":1592},{"age_group":"40-49   ","count":154,"tested":2179},{"age_group":"50-59   ","count":135,"tested":2646},{"age_group":"60-69   ","count":93,"tested":1892},{"age_group":"70-79   ","count":35,"tested":1155},{"age_group":"80+","count":41,"tested":1154}],"race":[{"description":"Black","count":378,"tested":4879,"color":"rgb(255,127,14)"},{"description":"Hispanic","count":24,"tested":243,"color":"rgb(214,39,40)"},{"description":"Left Blank","count":272,"tested":6591,"color":"rgb(44,160,44)"},{"description":"Other","count":16,"tested":347,"color":"rgb(148,103,189)"},{"description":"White","count":131,"tested":2380,"color":"rgb(31,119,180)"}],"gender":[]}
