{"age":[{"age_group":"<20","count":425,"tested":4291},{"age_group":"20-29   ","count":603,"tested":5856},{"age_group":"30-39   ","count":568,"tested":5639},{"age_group":"40-49   ","count":495,"tested":5077},{"age_group":"50-59   ","count":457,"tested":4996},{"age_group":"60-69   ","count":358,"tested":4075},{"age_group":"70-79   ","count":138,"tested":1891},{"age_group":"80+","count":67,"tested":830}],"race":[{"description":"Asian","count":77,"tested":812,"color":"rgb(140,86,75)"},{"description":"Black","count":183,"tested":1854,"color":"rgb(255,127,14)"},{"description":"Hispanic","count":338,"tested":2168,"color":"rgb(214,39,40)"},{"description":"Left Blank","count":1182,"tested":14631,"color":"rgb(44,160,44)"},{"description":"NH/PI*","count":7,"tested":36,"color":"rgb(127,127,127)"},{"description":"Other","count":131,"tested":1169,"color":"rgb(148,103,189)"},{"description":"White","count":1188,"tested":11904,"color":"rgb(31,119,180)"}],"gender":[]}
