{"age":[{"age_group":"<20","count":417,"tested":4074},{"age_group":"20-29   ","count":446,"tested":4380},{"age_group":"30-39   ","count":370,"tested":3645},{"age_group":"40-49   ","count":307,"tested":3109},{"age_group":"50-59   ","count":243,"tested":2711},{"age_group":"60-69   ","count":153,"tested":2137},{"age_group":"70-79   ","count":66,"tested":1289},{"age_group":"80+","count":43,"tested":786}],"race":[{"description":"Asian","count":81,"tested":268,"color":"rgb(140,86,75)"},{"description":"Black","count":434,"tested":3081,"color":"rgb(255,127,14)"},{"description":"Hispanic","count":675,"tested":2402,"color":"rgb(214,39,40)"},{"description":"Left Blank","count":232,"tested":10247,"color":"rgb(44,160,44)"},{"description":"Other","count":42,"tested":447,"color":"rgb(148,103,189)"},{"description":"White","count":575,"tested":5658,"color":"rgb(31,119,180)"}],"gender":[]}
