{"age":[{"age_group":"<20","count":560,"tested":4140},{"age_group":"20-29   ","count":570,"tested":6378},{"age_group":"30-39   ","count":550,"tested":5869},{"age_group":"40-49   ","count":569,"tested":6585},{"age_group":"50-59   ","count":553,"tested":6720},{"age_group":"60-69   ","count":412,"tested":5222},{"age_group":"70-79   ","count":194,"tested":2756},{"age_group":"80+","count":117,"tested":1880}],"race":[{"description":"Asian","count":18,"tested":191,"color":"rgb(140,86,75)"},{"description":"Black","count":1034,"tested":12114,"color":"rgb(255,127,14)"},{"description":"Hispanic","count":561,"tested":3411,"color":"rgb(214,39,40)"},{"description":"Left Blank","count":1224,"tested":17551,"color":"rgb(44,160,44)"},{"description":"Other","count":106,"tested":847,"color":"rgb(148,103,189)"},{"description":"White","count":576,"tested":5492,"color":"rgb(31,119,180)"}],"gender":[]}
