{"age":[{"age_group":"<20","count":88,"tested":1345},{"age_group":"20-29   ","count":70,"tested":918},{"age_group":"30-39   ","count":54,"tested":958},{"age_group":"40-49   ","count":71,"tested":794},{"age_group":"50-59   ","count":73,"tested":1019},{"age_group":"60-69   ","count":80,"tested":1010},{"age_group":"70-79   ","count":45,"tested":910},{"age_group":"80+","count":68,"tested":1570}],"race":[{"description":"Left Blank","count":149,"tested":3212,"color":"rgb(44,160,44)"},{"description":"White","count":391,"tested":5185,"color":"rgb(31,119,180)"}],"gender":[]}
