{"age":[{"age_group":"<20","count":191,"tested":1693},{"age_group":"20-29   ","count":290,"tested":3022},{"age_group":"30-39   ","count":229,"tested":2866},{"age_group":"40-49   ","count":199,"tested":2486},{"age_group":"50-59   ","count":152,"tested":2532},{"age_group":"60-69   ","count":153,"tested":2561},{"age_group":"70-79   ","count":77,"tested":2740},{"age_group":"80+","count":75,"tested":2850}],"race":[{"description":"Asian","count":27,"tested":532,"color":"rgb(140,86,75)"},{"description":"Black","count":118,"tested":3485,"color":"rgb(255,127,14)"},{"description":"Hispanic","count":155,"tested":1357,"color":"rgb(214,39,40)"},{"description":"Left Blank","count":487,"tested":7798,"color":"rgb(44,160,44)"},{"description":"Other","count":89,"tested":740,"color":"rgb(148,103,189)"},{"description":"White","count":485,"tested":6763,"color":"rgb(31,119,180)"}],"gender":[]}
