{"age":[{"age_group":"<20","count":112,"tested":856},{"age_group":"20-29   ","count":202,"tested":2375},{"age_group":"30-39   ","count":176,"tested":2177},{"age_group":"40-49   ","count":121,"tested":2009},{"age_group":"50-59   ","count":147,"tested":2449},{"age_group":"60-69   ","count":136,"tested":2245},{"age_group":"70-79   ","count":84,"tested":1626},{"age_group":"80+","count":113,"tested":1720}],"race":[{"description":"Black","count":97,"tested":2198,"color":"rgb(255,127,14)"},{"description":"Hispanic","count":139,"tested":998,"color":"rgb(214,39,40)"},{"description":"Left Blank","count":397,"tested":5989,"color":"rgb(44,160,44)"},{"description":"Other","count":17,"tested":271,"color":"rgb(148,103,189)"},{"description":"White","count":436,"tested":5910,"color":"rgb(31,119,180)"}],"gender":[]}
