{"age":[{"age_group":"<20","count":464,"tested":6623},{"age_group":"20-29   ","count":397,"tested":5958},{"age_group":"30-39   ","count":405,"tested":6315},{"age_group":"40-49   ","count":471,"tested":6956},{"age_group":"50-59   ","count":506,"tested":7777},{"age_group":"60-69   ","count":275,"tested":6060},{"age_group":"70-79   ","count":151,"tested":4166},{"age_group":"80+","count":159,"tested":3946}],"race":[{"description":"Asian","count":171,"tested":2416,"color":"rgb(140,86,75)"},{"description":"Black","count":33,"tested":547,"color":"rgb(255,127,14)"},{"description":"Hispanic","count":361,"tested":3205,"color":"rgb(214,39,40)"},{"description":"Left Blank","count":693,"tested":21695,"color":"rgb(44,160,44)"},{"description":"NH/PI*","count":8,"tested":80,"color":"rgb(127,127,127)"},{"description":"Other","count":234,"tested":2342,"color":"rgb(148,103,189)"},{"description":"White","count":1325,"tested":17475,"color":"rgb(31,119,180)"}],"gender":[]}
