{"age":[{"age_group":"<20","count":491,"tested":5264},{"age_group":"20-29   ","count":649,"tested":8480},{"age_group":"30-39   ","count":586,"tested":8065},{"age_group":"40-49   ","count":491,"tested":6464},{"age_group":"50-59   ","count":485,"tested":6160},{"age_group":"60-69   ","count":301,"tested":4933},{"age_group":"70-79   ","count":134,"tested":2290},{"age_group":"80+","count":128,"tested":2613}],"race":[{"description":"AI/AN**","count":23,"tested":185,"color":"rgb(31,119,180)"},{"description":"Asian","count":354,"tested":4996,"color":"rgb(140,86,75)"},{"description":"Black","count":134,"tested":1414,"color":"rgb(255,127,14)"},{"description":"Hispanic","count":740,"tested":4125,"color":"rgb(214,39,40)"},{"description":"Left Blank","count":1051,"tested":22672,"color":"rgb(44,160,44)"},{"description":"NH/PI*","count":6,"tested":86,"color":"rgb(127,127,127)"},{"description":"Other","count":140,"tested":1070,"color":"rgb(148,103,189)"},{"description":"White","count":817,"tested":9749,"color":"rgb(31,119,180)"}],"gender":[]}
