{"age":[{"age_group":"<20","count":1417,"tested":12303},{"age_group":"20-29   ","count":1436,"tested":14021},{"age_group":"30-39   ","count":1269,"tested":12154},{"age_group":"40-49   ","count":1349,"tested":12870},{"age_group":"50-59   ","count":1030,"tested":11013},{"age_group":"60-69   ","count":550,"tested":6703},{"age_group":"70-79   ","count":233,"tested":4072},{"age_group":"80+","count":120,"tested":3607}],"race":[{"description":"AI/AN**","count":9,"tested":129,"color":"rgb(31,119,180)"},{"description":"Asian","count":118,"tested":2654,"color":"rgb(140,86,75)"},{"description":"Black","count":234,"tested":3040,"color":"rgb(255,127,14)"},{"description":"Hispanic","count":3407,"tested":17930,"color":"rgb(214,39,40)"},{"description":"Left Blank","count":1830,"tested":24978,"color":"rgb(44,160,44)"},{"description":"NH/PI*","count":10,"tested":274,"color":"rgb(127,127,127)"},{"description":"Other","count":273,"tested":2989,"color":"rgb(148,103,189)"},{"description":"White","count":1526,"tested":24764,"color":"rgb(31,119,180)"}],"gender":[]}
