{"age":[{"age_group":"<20","count":43,"tested":215},{"age_group":"20-29   ","count":99,"tested":682},{"age_group":"30-39   ","count":71,"tested":661},{"age_group":"40-49   ","count":64,"tested":638},{"age_group":"50-59   ","count":63,"tested":747},{"age_group":"60-69   ","count":59,"tested":813},{"age_group":"70-79   ","count":43,"tested":514},{"age_group":"80+","count":58,"tested":569}],"race":[{"description":"White","count":144,"tested":1835,"color":"rgb(31,119,180)"},{"description":"Other","count":12,"tested":79,"color":"rgb(148,103,189)"},{"description":"Left Blank","count":237,"tested":2133,"color":"rgb(44,160,44)"},{"description":"Hispanic","count":51,"tested":197,"color":"rgb(214,39,40)"},{"description":"Black","count":36,"tested":563,"color":"rgb(255,127,14)"}],"gender":[{"description":"Male","count":205,"tested":1706,"color":"rgb(31,119,180)"},{"description":"Female","count":254,"tested":3013,"color":"rgb(255,127,14)"}]}
