{"age":[{"age_group":"<20","count":528,"tested":6287},{"age_group":"20-29   ","count":943,"tested":13267},{"age_group":"30-39   ","count":967,"tested":16345},{"age_group":"40-49   ","count":787,"tested":9183},{"age_group":"50-59   ","count":582,"tested":6172},{"age_group":"60-69   ","count":366,"tested":3991},{"age_group":"70-79   ","count":182,"tested":2122},{"age_group":"80+","count":147,"tested":1564}],"race":[{"description":"Black","count":138,"tested":1477,"color":"rgb(255,127,14)"},{"description":"Asian","count":135,"tested":1742,"color":"rgb(140,86,75)"},{"description":"Hispanic","count":1997,"tested":11006,"color":"rgb(214,39,40)"},{"description":"White","count":969,"tested":19026,"color":"rgb(31,119,180)"},{"description":"Left Blank","count":923,"tested":23101,"color":"rgb(44,160,44)"},{"description":"Other","count":222,"tested":2422,"color":"rgb(148,103,189)"},{"description":"AI/AN**","count":58,"tested":56,"color":"rgb(31,119,180)"},{"description":"NH/PI*","count":60,"tested":119,"color":"rgb(127,127,127)"}],"gender":[{"description":"Female","count":2035,"tested":31677,"color":"rgb(255,127,14)"},{"description":"Unknown/Left Blank","count":68,"tested":1256,"color":"rgb(44,160,44)"},{"description":"Male","count":2154,"tested":26016,"color":"rgb(31,119,180)"}]}
