{"age":[{"age_group":"<20","count":263,"tested":2974},{"age_group":"20-29   ","count":278,"tested":3375},{"age_group":"30-39   ","count":208,"tested":2561},{"age_group":"40-49   ","count":215,"tested":2488},{"age_group":"50-59   ","count":216,"tested":3167},{"age_group":"60-69   ","count":134,"tested":2809},{"age_group":"70-79   ","count":100,"tested":1725},{"age_group":"80+","count":70,"tested":935}],"race":[{"description":"Hispanic","count":124,"tested":546,"color":"rgb(214,39,40)"},{"description":"Left Blank","count":454,"tested":8693,"color":"rgb(44,160,44)"},{"description":"White","count":532,"tested":8816,"color":"rgb(31,119,180)"},{"description":"Black","count":98,"tested":480,"color":"rgb(255,127,14)"},{"description":"Asian","count":86,"tested":937,"color":"rgb(140,86,75)"},{"description":"Other","count":84,"tested":553,"color":"rgb(148,103,189)"}],"gender":[{"description":"Male","count":557,"tested":9132,"color":"rgb(31,119,180)"},{"description":"Unknown/Left Blank","count":58,"tested":198,"color":"rgb(44,160,44)"},{"description":"Female","count":609,"tested":10711,"color":"rgb(255,127,14)"}]}
