{"age":[{"age_group":"<20","count":369,"tested":2227},{"age_group":"20-29   ","count":354,"tested":2226},{"age_group":"30-39   ","count":274,"tested":1717},{"age_group":"40-49   ","count":350,"tested":2050},{"age_group":"50-59   ","count":454,"tested":2752},{"age_group":"60-69   ","count":295,"tested":1910},{"age_group":"70-79   ","count":179,"tested":1137},{"age_group":"80+","count":135,"tested":469}],"race":[{"description":"Black","count":182,"tested":647,"color":"rgb(255,127,14)"},{"description":"Asian","count":124,"tested":141,"color":"rgb(140,86,75)"},{"description":"Other","count":154,"tested":494,"color":"rgb(148,103,189)"},{"description":"White","count":757,"tested":5638,"color":"rgb(31,119,180)"},{"description":"Left Blank","count":826,"tested":7312,"color":"rgb(44,160,44)"},{"description":"Hispanic","count":159,"tested":245,"color":"rgb(214,39,40)"}],"gender":[{"description":"Female","count":929,"tested":7723,"color":"rgb(255,127,14)"},{"description":"Male","count":853,"tested":6645,"color":"rgb(31,119,180)"}]}
