{"age":[{"age_group":"20-29   ","count":37,"tested":481},{"age_group":"30-39   ","count":84,"tested":573},{"age_group":"40-49   ","count":78,"tested":504},{"age_group":"50-59   ","count":60,"tested":498},{"age_group":"60-69   ","count":46,"tested":268},{"age_group":"70-79   ","count":8,"tested":73}],"race":[{"description":"Black","count":186,"tested":1230,"color":"rgb(255,127,14)"},{"description":"White","count":37,"tested":455,"color":"rgb(31,119,180)"},{"description":"Left Blank","count":49,"tested":472,"color":"rgb(44,160,44)"},{"description":"Hispanic","count":43,"tested":127,"color":"rgb(214,39,40)"}],"gender":[{"description":"Male","count":310,"tested":2254,"color":"rgb(31,119,180)"},{"description":"Female","count":7,"tested":186,"color":"rgb(255,127,14)"}]}
