{"age":[{"age_group":"<20","count":328,"tested":3025},{"age_group":"20-29   ","count":258,"tested":2139},{"age_group":"30-39   ","count":239,"tested":2092},{"age_group":"40-49   ","count":243,"tested":1989},{"age_group":"50-59   ","count":286,"tested":2786},{"age_group":"60-69   ","count":211,"tested":1841},{"age_group":"70-79   ","count":157,"tested":1100},{"age_group":"80+","count":169,"tested":1380}],"race":[{"description":"Hispanic","count":179,"tested":500,"color":"rgb(214,39,40)"},{"description":"Left Blank","count":404,"tested":7072,"color":"rgb(44,160,44)"},{"description":"Black","count":104,"tested":99,"color":"rgb(255,127,14)"},{"description":"White","count":786,"tested":8258,"color":"rgb(31,119,180)"},{"description":"Asian","count":106,"tested":188,"color":"rgb(140,86,75)"},{"description":"Other","count":116,"tested":231,"color":"rgb(148,103,189)"}],"gender":[{"description":"Unknown/Left Blank","count":105,"tested":184,"color":"rgb(44,160,44)"},{"description":"Female","count":669,"tested":9298,"color":"rgb(255,127,14)"},{"description":"Male","count":628,"tested":6873,"color":"rgb(31,119,180)"}]}
