{"age":[{"age_group":"<20","count":150,"tested":2188},{"age_group":"20-29   ","count":373,"tested":6987},{"age_group":"30-39   ","count":382,"tested":6758},{"age_group":"40-49   ","count":282,"tested":4401},{"age_group":"50-59   ","count":210,"tested":5007},{"age_group":"60-69   ","count":189,"tested":5487},{"age_group":"70-79   ","count":111,"tested":3321},{"age_group":"80+","count":82,"tested":2144}],"race":[{"description":"Black","count":440,"tested":6337,"color":"rgb(255,127,14)"},{"description":"Hispanic","count":263,"tested":1806,"color":"rgb(214,39,40)"},{"description":"White","count":323,"tested":5118,"color":"rgb(31,119,180)"},{"description":"Other","count":105,"tested":1271,"color":"rgb(148,103,189)"},{"description":"Left Blank","count":413,"tested":18144,"color":"rgb(44,160,44)"},{"description":"Asian","count":206,"tested":3551,"color":"rgb(140,86,75)"}],"gender":[{"description":"Female","count":850,"tested":18738,"color":"rgb(255,127,14)"},{"description":"Unknown/Left Blank","count":27,"tested":1215,"color":"rgb(44,160,44)"},{"description":"Male","count":837,"tested":16354,"color":"rgb(31,119,180)"}]}
