{"age":[{"age_group":"<20","count":403,"tested":3083},{"age_group":"20-29   ","count":603,"tested":6279},{"age_group":"30-39   ","count":516,"tested":5649},{"age_group":"40-49   ","count":528,"tested":5601},{"age_group":"50-59   ","count":462,"tested":6565},{"age_group":"60-69   ","count":364,"tested":5172},{"age_group":"70-79   ","count":216,"tested":2556},{"age_group":"80+","count":130,"tested":1735}],"race":[{"description":"Black","count":957,"tested":10843,"color":"rgb(255,127,14)"},{"description":"AI/AN**","count":58,"tested":140,"color":"rgb(31,119,180)"},{"description":"Other","count":137,"tested":945,"color":"rgb(148,103,189)"},{"description":"White","count":359,"tested":4528,"color":"rgb(31,119,180)"},{"description":"Left Blank","count":1094,"tested":17625,"color":"rgb(44,160,44)"},{"description":"Hispanic","count":531,"tested":2469,"color":"rgb(214,39,40)"}],"gender":[{"description":"Male","count":1340,"tested":16095,"color":"rgb(31,119,180)"},{"description":"Unknown/Left Blank","count":64,"tested":619,"color":"rgb(44,160,44)"},{"description":"Female","count":1619,"tested":19941,"color":"rgb(255,127,14)"}]}
