{"age":[{"age_group":"<20","count":186,"tested":1615},{"age_group":"20-29   ","count":285,"tested":2525},{"age_group":"30-39   ","count":241,"tested":2446},{"age_group":"40-49   ","count":209,"tested":1781},{"age_group":"50-59   ","count":203,"tested":2148},{"age_group":"60-69   ","count":137,"tested":1809},{"age_group":"70-79   ","count":87,"tested":1212},{"age_group":"80+","count":63,"tested":1179}],"race":[{"description":"Left Blank","count":390,"tested":7164,"color":"rgb(44,160,44)"},{"description":"Hispanic","count":309,"tested":1209,"color":"rgb(214,39,40)"},{"description":"White","count":447,"tested":4869,"color":"rgb(31,119,180)"},{"description":"Asian","count":55,"tested":375,"color":"rgb(140,86,75)"},{"description":"Black","count":79,"tested":525,"color":"rgb(255,127,14)"},{"description":"Other","count":93,"tested":556,"color":"rgb(148,103,189)"}],"gender":[{"description":"Female","count":668,"tested":8263,"color":"rgb(255,127,14)"},{"description":"Male","count":627,"tested":6335,"color":"rgb(31,119,180)"}]}
