{"age":[{"age_group":"<20","count":67,"tested":788},{"age_group":"20-29   ","count":116,"tested":947},{"age_group":"30-39   ","count":108,"tested":899},{"age_group":"40-49   ","count":97,"tested":866},{"age_group":"50-59   ","count":87,"tested":974},{"age_group":"60-69   ","count":85,"tested":1021},{"age_group":"70-79   ","count":52,"tested":564},{"age_group":"80+","count":48,"tested":321}],"race":[{"description":"Hispanic","count":109,"tested":415,"color":"rgb(214,39,40)"},{"description":"Left Blank","count":163,"tested":3590,"color":"rgb(44,160,44)"},{"description":"White","count":291,"tested":1967,"color":"rgb(31,119,180)"},{"description":"Other","count":25,"tested":125,"color":"rgb(148,103,189)"},{"description":"Asian","count":36,"tested":204,"color":"rgb(140,86,75)"},{"description":"Black","count":18,"tested":75,"color":"rgb(255,127,14)"}],"gender":[{"description":"Female","count":301,"tested":3540,"color":"rgb(255,127,14)"},{"description":"Male","count":310,"tested":2719,"color":"rgb(31,119,180)"}]}
