{"age":[{"age_group":"<20","count":269,"tested":2375},{"age_group":"20-29   ","count":380,"tested":3696},{"age_group":"30-39   ","count":311,"tested":3399},{"age_group":"40-49   ","count":324,"tested":2848},{"age_group":"50-59   ","count":386,"tested":3875},{"age_group":"60-69   ","count":237,"tested":2694},{"age_group":"70-79   ","count":102,"tested":1611},{"age_group":"80+","count":79,"tested":1926}],"race":[{"description":"Other","count":74,"tested":433,"color":"rgb(148,103,189)"},{"description":"Left Blank","count":683,"tested":12890,"color":"rgb(44,160,44)"},{"description":"Hispanic","count":217,"tested":837,"color":"rgb(214,39,40)"},{"description":"White","count":795,"tested":6699,"color":"rgb(31,119,180)"},{"description":"Black","count":59,"tested":311,"color":"rgb(255,127,14)"},{"description":"Asian","count":185,"tested":1217,"color":"rgb(140,86,75)"}],"gender":[{"description":"Female","count":968,"tested":12791,"color":"rgb(255,127,14)"},{"description":"Male","count":906,"tested":9121,"color":"rgb(31,119,180)"},{"description":"Unknown/Left Blank","count":44,"tested":523,"color":"rgb(44,160,44)"}]}
