{"age":[{"age_group":"<20","count":16,"tested":88},{"age_group":"20-29   ","count":20,"tested":160},{"age_group":"30-39   ","count":17,"tested":180},{"age_group":"40-49   ","count":12,"tested":139},{"age_group":"50-59   ","count":14,"tested":235},{"age_group":"60-69   ","count":8,"tested":197}],"race":[{"description":"Left Blank","count":17,"tested":189,"color":"rgb(44,160,44)"},{"description":"Black","count":50,"tested":721,"color":"rgb(255,127,14)"},{"description":"Hispanic","count":22,"tested":77,"color":"rgb(214,39,40)"}],"gender":[{"description":"Female","count":50,"tested":738,"color":"rgb(255,127,14)"},{"description":"Male","count":41,"tested":385,"color":"rgb(31,119,180)"}]}
