{"age":[{"age_group":"<20","count":47,"tested":261},{"age_group":"20-29   ","count":69,"tested":608},{"age_group":"30-39   ","count":60,"tested":421},{"age_group":"40-49   ","count":58,"tested":451},{"age_group":"50-59   ","count":53,"tested":467},{"age_group":"60-69   ","count":30,"tested":351},{"age_group":"70-79   ","count":17,"tested":224},{"age_group":"80+","count":8,"tested":102}],"race":[{"description":"Other","count":10,"tested":117,"color":"rgb(148,103,189)"},{"description":"Left Blank","count":98,"tested":1067,"color":"rgb(44,160,44)"},{"description":"White","count":43,"tested":513,"color":"rgb(31,119,180)"},{"description":"Hispanic","count":136,"tested":540,"color":"rgb(214,39,40)"},{"description":"Black","count":47,"tested":604,"color":"rgb(255,127,14)"}],"gender":[{"description":"Male","count":161,"tested":1233,"color":"rgb(31,119,180)"},{"description":"Female","count":173,"tested":1614,"color":"rgb(255,127,14)"}]}
