{"age":[{"age_group":"<20","count":279,"tested":3130},{"age_group":"20-29   ","count":339,"tested":4014},{"age_group":"30-39   ","count":233,"tested":3903},{"age_group":"40-49   ","count":243,"tested":3415},{"age_group":"50-59   ","count":272,"tested":5339},{"age_group":"60-69   ","count":212,"tested":4107},{"age_group":"70-79   ","count":122,"tested":2514},{"age_group":"80+","count":124,"tested":2755}],"race":[{"description":"Left Blank","count":484,"tested":11928,"color":"rgb(44,160,44)"},{"description":"White","count":787,"tested":12516,"color":"rgb(31,119,180)"},{"description":"Other","count":84,"tested":469,"color":"rgb(148,103,189)"},{"description":"Asian","count":111,"tested":1907,"color":"rgb(140,86,75)"},{"description":"Black","count":66,"tested":424,"color":"rgb(255,127,14)"},{"description":"Hispanic","count":218,"tested":1890,"color":"rgb(214,39,40)"}],"gender":[{"description":"Female","count":837,"tested":16631,"color":"rgb(255,127,14)"},{"description":"Unknown/Left Blank","count":48,"tested":1366,"color":"rgb(44,160,44)"},{"description":"Male","count":769,"tested":11195,"color":"rgb(31,119,180)"}]}
