{"age":[{"age_group":"<20","count":244,"tested":488},{"age_group":"20-29   ","count":284,"tested":2312},{"age_group":"30-39   ","count":91,"tested":543},{"age_group":"40-49   ","count":19,"tested":109},{"age_group":"50-59   ","count":13,"tested":81},{"age_group":"60-69   ","count":10,"tested":72}],"race":[{"description":"Black","count":134,"tested":214,"color":"rgb(255,127,14)"},{"description":"Hispanic","count":78,"tested":143,"color":"rgb(214,39,40)"},{"description":"Left Blank","count":64,"tested":1900,"color":"rgb(44,160,44)"},{"description":"White","count":327,"tested":1191,"color":"rgb(31,119,180)"},{"description":"Other","count":24,"tested":49,"color":"rgb(148,103,189)"},{"description":"Asian","count":32,"tested":112,"color":"rgb(140,86,75)"}],"gender":[{"description":"Male","count":472,"tested":2235,"color":"rgb(31,119,180)"},{"description":"Female","count":185,"tested":1370,"color":"rgb(255,127,14)"}]}
