{"age":[{"age_group":"<20","count":20,"tested":185},{"age_group":"20-29   ","count":17,"tested":161},{"age_group":"30-39   ","count":26,"tested":165},{"age_group":"40-49   ","count":18,"tested":118},{"age_group":"50-59   ","count":16,"tested":145},{"age_group":"60-69   ","count":11,"tested":124},{"age_group":"80+","count":10,"tested":54}],"race":[{"description":"White","count":64,"tested":637,"color":"rgb(31,119,180)"},{"description":"Left Blank","count":25,"tested":330,"color":"rgb(44,160,44)"},{"description":"Hispanic","count":14,"tested":13,"color":"rgb(214,39,40)"}],"gender":[{"description":"Female","count":60,"tested":578,"color":"rgb(255,127,14)"},{"description":"Male","count":40,"tested":425,"color":"rgb(31,119,180)"}]}
