{"age":[{"age_group":"<20","count":202,"tested":1119},{"age_group":"20-29   ","count":220,"tested":1200},{"age_group":"30-39   ","count":199,"tested":1083},{"age_group":"40-49   ","count":210,"tested":965},{"age_group":"50-59   ","count":170,"tested":849},{"age_group":"60-69   ","count":120,"tested":785},{"age_group":"70-79   ","count":95,"tested":551},{"age_group":"80+","count":76,"tested":345}],"race":[{"description":"White","count":272,"tested":3070,"color":"rgb(31,119,180)"},{"description":"Hispanic","count":540,"tested":2135,"color":"rgb(214,39,40)"},{"description":"Other","count":71,"tested":80,"color":"rgb(148,103,189)"},{"description":"Left Blank","count":159,"tested":1563,"color":"rgb(44,160,44)"}],"gender":[{"description":"Male","count":442,"tested":2829,"color":"rgb(31,119,180)"},{"description":"Female","count":481,"tested":4019,"color":"rgb(255,127,14)"}]}
