{"age":[{"age_group":"<20","count":128,"tested":764},{"age_group":"20-29   ","count":222,"tested":1485},{"age_group":"30-39   ","count":178,"tested":1308},{"age_group":"40-49   ","count":164,"tested":1165},{"age_group":"50-59   ","count":150,"tested":1239},{"age_group":"60-69   ","count":122,"tested":1220},{"age_group":"70-79   ","count":90,"tested":789},{"age_group":"80+","count":90,"tested":809}],"race":[{"description":"Left Blank","count":289,"tested":4068,"color":"rgb(44,160,44)"},{"description":"Other","count":69,"tested":481,"color":"rgb(148,103,189)"},{"description":"Black","count":225,"tested":1458,"color":"rgb(255,127,14)"},{"description":"Hispanic","count":299,"tested":1006,"color":"rgb(214,39,40)"},{"description":"White","count":168,"tested":1689,"color":"rgb(31,119,180)"},{"description":"AI/AN**","count":39,"tested":41,"color":"rgb(31,119,180)"}],"gender":[{"description":"Female","count":542,"tested":5179,"color":"rgb(255,127,14)"},{"description":"Male","count":449,"tested":3423,"color":"rgb(31,119,180)"}]}
