{"age":[{"age_group":"<20","count":16,"tested":115},{"age_group":"20-29   ","count":16,"tested":59},{"age_group":"30-39   ","count":15,"tested":77},{"age_group":"40-49   ","count":15,"tested":62},{"age_group":"50-59   ","count":16,"tested":95},{"age_group":"60-69   ","count":20,"tested":92},{"age_group":"70-79   ","count":11,"tested":46}],"race":[{"description":"Left Blank","count":20,"tested":214,"color":"rgb(44,160,44)"},{"description":"White","count":84,"tested":328,"color":"rgb(31,119,180)"}],"gender":[{"description":"Female","count":57,"tested":284,"color":"rgb(255,127,14)"},{"description":"Male","count":47,"tested":274,"color":"rgb(31,119,180)"}]}
