{"age":[{"age_group":"<20","count":137,"tested":1829},{"age_group":"20-29   ","count":247,"tested":2741},{"age_group":"30-39   ","count":254,"tested":3474},{"age_group":"40-49   ","count":237,"tested":3630},{"age_group":"50-59   ","count":254,"tested":3622},{"age_group":"60-69   ","count":150,"tested":2573},{"age_group":"70-79   ","count":84,"tested":1402},{"age_group":"80+","count":125,"tested":2464}],"race":[{"description":"Black","count":26,"tested":161,"color":"rgb(255,127,14)"},{"description":"Asian","count":40,"tested":292,"color":"rgb(140,86,75)"},{"description":"White","count":815,"tested":8798,"color":"rgb(31,119,180)"},{"description":"Hispanic","count":178,"tested":1308,"color":"rgb(214,39,40)"},{"description":"Left Blank","count":325,"tested":10351,"color":"rgb(44,160,44)"},{"description":"Other","count":81,"tested":779,"color":"rgb(148,103,189)"}],"gender":[{"description":"Female","count":713,"tested":11825,"color":"rgb(255,127,14)"},{"description":"Male","count":702,"tested":9390,"color":"rgb(31,119,180)"},{"description":"Unknown/Left Blank","count":23,"tested":524,"color":"rgb(44,160,44)"}]}
