{"age":[{"age_group":"<20","count":323,"tested":3430},{"age_group":"20-29   ","count":251,"tested":3144},{"age_group":"30-39   ","count":215,"tested":3162},{"age_group":"40-49   ","count":222,"tested":2598},{"age_group":"50-59   ","count":257,"tested":3319},{"age_group":"60-69   ","count":158,"tested":2600},{"age_group":"70-79   ","count":96,"tested":1526},{"age_group":"80+","count":69,"tested":1608}],"race":[{"description":"Hispanic","count":131,"tested":507,"color":"rgb(214,39,40)"},{"description":"Asian","count":57,"tested":433,"color":"rgb(140,86,75)"},{"description":"Black","count":64,"tested":293,"color":"rgb(255,127,14)"},{"description":"White","count":721,"tested":8157,"color":"rgb(31,119,180)"},{"description":"Other","count":52,"tested":398,"color":"rgb(148,103,189)"},{"description":"Left Blank","count":508,"tested":11571,"color":"rgb(44,160,44)"}],"gender":[{"description":"Unknown/Left Blank","count":34,"tested":243,"color":"rgb(44,160,44)"},{"description":"Male","count":714,"tested":9331,"color":"rgb(31,119,180)"},{"description":"Female","count":708,"tested":11815,"color":"rgb(255,127,14)"}]}
