{"age":[{"age_group":"<20","count":236,"tested":1861},{"age_group":"20-29   ","count":335,"tested":2839},{"age_group":"30-39   ","count":317,"tested":2810},{"age_group":"40-49   ","count":341,"tested":3087},{"age_group":"50-59   ","count":300,"tested":3360},{"age_group":"60-69   ","count":223,"tested":2848},{"age_group":"70-79   ","count":104,"tested":1850},{"age_group":"80+","count":68,"tested":1193}],"race":[{"description":"White","count":95,"tested":968,"color":"rgb(31,119,180)"},{"description":"Hispanic","count":308,"tested":1478,"color":"rgb(214,39,40)"},{"description":"Black","count":815,"tested":8649,"color":"rgb(255,127,14)"},{"description":"Left Blank","count":611,"tested":8362,"color":"rgb(44,160,44)"},{"description":"Other","count":58,"tested":370,"color":"rgb(148,103,189)"}],"gender":[{"description":"Male","count":778,"tested":7585,"color":"rgb(31,119,180)"},{"description":"Unknown/Left Blank","count":30,"tested":420,"color":"rgb(44,160,44)"},{"description":"Female","count":1062,"tested":11858,"color":"rgb(255,127,14)"}]}
