{"age":[{"age_group":"<20","count":76,"tested":842},{"age_group":"20-29   ","count":79,"tested":721},{"age_group":"30-39   ","count":78,"tested":923},{"age_group":"40-49   ","count":84,"tested":749},{"age_group":"50-59   ","count":80,"tested":870},{"age_group":"60-69   ","count":68,"tested":546},{"age_group":"70-79   ","count":56,"tested":663},{"age_group":"80+","count":67,"tested":878}],"race":[{"description":"Hispanic","count":31,"tested":95,"color":"rgb(214,39,40)"},{"description":"White","count":259,"tested":1862,"color":"rgb(31,119,180)"},{"description":"Left Blank","count":202,"tested":4132,"color":"rgb(44,160,44)"}],"gender":[{"description":"Female","count":254,"tested":2511,"color":"rgb(255,127,14)"},{"description":"Male","count":196,"tested":1609,"color":"rgb(31,119,180)"},{"description":"Unknown/Left Blank","count":53,"tested":2080,"color":"rgb(44,160,44)"}]}
