{"age":[{"age_group":"<20","count":1189,"tested":6762},{"age_group":"20-29   ","count":1601,"tested":11318},{"age_group":"30-39   ","count":1476,"tested":8634},{"age_group":"40-49   ","count":1476,"tested":7582},{"age_group":"50-59   ","count":1184,"tested":6463},{"age_group":"60-69   ","count":616,"tested":4103},{"age_group":"70-79   ","count":261,"tested":1810},{"age_group":"80+","count":152,"tested":839}],"race":[{"description":"Other","count":302,"tested":2511,"color":"rgb(148,103,189)"},{"description":"Left Blank","count":1568,"tested":18638,"color":"rgb(44,160,44)"},{"description":"Asian","count":62,"tested":684,"color":"rgb(140,86,75)"},{"description":"White","count":461,"tested":3998,"color":"rgb(31,119,180)"},{"description":"Hispanic","count":5377,"tested":20900,"color":"rgb(214,39,40)"},{"description":"Black","count":140,"tested":739,"color":"rgb(255,127,14)"}],"gender":[{"description":"Unknown/Left Blank","count":89,"tested":857,"color":"rgb(44,160,44)"},{"description":"Male","count":3841,"tested":21299,"color":"rgb(31,119,180)"},{"description":"Female","count":3920,"tested":25377,"color":"rgb(255,127,14)"}]}
