{"lastUpdatedDate":{"year":2020,"month":12,"day":19},"county_demographics":[{"County":"Marshall","confirmed_cases":541,"total_tested":10285,"demographics":{"age":[{"race":[],"age_group":"<20","count":73,"tested":1108,"deaths":0},{"race":[],"age_group":"20-29   ","count":80,"tested":1459,"deaths":0},{"race":[],"age_group":"30-39   ","count":60,"tested":1255,"deaths":0},{"race":[],"age_group":"40-49   ","count":100,"tested":1419,"deaths":0},{"race":[],"age_group":"50-59   ","count":83,"tested":1620,"deaths":0},{"race":[],"age_group":"60-69   ","count":67,"tested":1512,"deaths":0},{"race":[],"age_group":"70-79   ","count":44,"tested":899,"deaths":0},{"race":[],"age_group":"80+","count":23,"tested":1005,"deaths":0},{"race":[],"age_group":"Unknown","count":0,"tested":8,"deaths":0}],"race":[{"description":"AI/AN**","count":0,"tested":0,"deaths":0,"color":"rgb(31,119,180)"},{"description":"Asian","count":0,"tested":12,"deaths":0,"color":"rgb(140,86,75)"},{"description":"Black","count":0,"tested":28,"deaths":0,"color":"rgb(255,127,14)"},{"description":"Hispanic","count":0,"tested":58,"deaths":0,"color":"rgb(214,39,40)"},{"description":"Left Blank","count":215,"tested":5489,"deaths":0,"color":"rgb(44,160,44)"},{"description":"NH/PI*","count":0,"tested":0,"deaths":0,"color":"rgb(127,127,127)"},{"description":"Other","count":0,"tested":124,"deaths":0,"color":"rgb(148,103,189)"},{"description":"White","count":308,"tested":4572,"deaths":0,"color":"rgb(31,119,180)"}],"gender":[{"description":"Female","count":282,"tested":6369,"deaths":0,"color":"rgb(255,127,14)"},{"description":"Male","count":254,"tested":3636,"deaths":0,"color":"rgb(31,119,180)"},{"description":"Unknown/Left Blank","count":0,"tested":280,"deaths":0,"color":"rgb(44,160,44)"}]}}]}
