{"lastUpdatedDate":{"year":2020,"month":12,"day":19},"county_demographics":[{"County":"DuPage","confirmed_cases":57421,"total_tested":721724,"demographics":{"age":[{"race":[],"age_group":"<20","count":8872,"tested":82034,"deaths":0},{"race":[],"age_group":"20-29   ","count":10254,"tested":112651,"deaths":0},{"race":[],"age_group":"30-39   ","count":8836,"tested":103716,"deaths":0},{"race":[],"age_group":"40-49   ","count":8797,"tested":94539,"deaths":0},{"race":[],"age_group":"50-59   ","count":9024,"tested":109790,"deaths":0},{"race":[],"age_group":"60-69   ","count":6124,"tested":94858,"deaths":0},{"race":[],"age_group":"70-79   ","count":2987,"tested":57142,"deaths":0},{"race":[],"age_group":"80+","count":2523,"tested":66575,"deaths":0},{"race":[],"age_group":"Unknown","count":0,"tested":419,"deaths":0}],"race":[{"description":"AI/AN**","count":59,"tested":478,"deaths":0,"color":"rgb(31,119,180)"},{"description":"Asian","count":2861,"tested":27149,"deaths":0,"color":"rgb(140,86,75)"},{"description":"Black","count":1929,"tested":20044,"deaths":0,"color":"rgb(255,127,14)"},{"description":"Hispanic","count":9603,"tested":37941,"deaths":0,"color":"rgb(214,39,40)"},{"description":"Left Blank","count":19993,"tested":398661,"deaths":0,"color":"rgb(44,160,44)"},{"description":"NH/PI*","count":54,"tested":470,"deaths":0,"color":"rgb(127,127,127)"},{"description":"Other","count":1923,"tested":20127,"deaths":0,"color":"rgb(148,103,189)"},{"description":"White","count":20995,"tested":216854,"deaths":0,"color":"rgb(31,119,180)"}],"gender":[{"description":"Female","count":29501,"tested":410219,"deaths":0,"color":"rgb(255,127,14)"},{"description":"Male","count":27588,"tested":294673,"deaths":0,"color":"rgb(31,119,180)"},{"description":"Unknown/Left Blank","count":332,"tested":16832,"deaths":0,"color":"rgb(44,160,44)"}]}}]}
