{"lastUpdatedDate":{"year":2020,"month":12,"day":19},"county_demographics":[{"County":"Vermilion","confirmed_cases":5620,"total_tested":67994,"demographics":{"age":[{"race":[],"age_group":"<20","count":884,"tested":10203,"deaths":0},{"race":[],"age_group":"20-29   ","count":892,"tested":9977,"deaths":0},{"race":[],"age_group":"30-39   ","count":882,"tested":9890,"deaths":0},{"race":[],"age_group":"40-49   ","count":804,"tested":8895,"deaths":0},{"race":[],"age_group":"50-59   ","count":831,"tested":9288,"deaths":0},{"race":[],"age_group":"60-69   ","count":640,"tested":8904,"deaths":0},{"race":[],"age_group":"70-79   ","count":415,"tested":6122,"deaths":0},{"race":[],"age_group":"80+","count":271,"tested":4681,"deaths":0},{"race":[],"age_group":"Unknown","count":0,"tested":34,"deaths":0}],"race":[{"description":"AI/AN**","count":0,"tested":41,"deaths":0,"color":"rgb(31,119,180)"},{"description":"Asian","count":19,"tested":231,"deaths":0,"color":"rgb(140,86,75)"},{"description":"Black","count":663,"tested":6166,"deaths":0,"color":"rgb(255,127,14)"},{"description":"Hispanic","count":240,"tested":1643,"deaths":0,"color":"rgb(214,39,40)"},{"description":"Left Blank","count":938,"tested":15136,"deaths":0,"color":"rgb(44,160,44)"},{"description":"NH/PI*","count":0,"tested":48,"deaths":0,"color":"rgb(127,127,127)"},{"description":"Other","count":252,"tested":2031,"deaths":0,"color":"rgb(148,103,189)"},{"description":"White","count":3503,"tested":42698,"deaths":0,"color":"rgb(31,119,180)"}],"gender":[{"description":"Female","count":2776,"tested":37510,"deaths":0,"color":"rgb(255,127,14)"},{"description":"Male","count":2516,"tested":27050,"deaths":0,"color":"rgb(31,119,180)"},{"description":"Unknown/Left Blank","count":328,"tested":3434,"deaths":0,"color":"rgb(44,160,44)"}]}}]}
