{"lastUpdatedDate":{"year":2020,"month":12,"day":19},"county_demographics":[{"County":"Shelby","confirmed_cases":1681,"total_tested":14433,"demographics":{"age":[{"race":[],"age_group":"<20","count":221,"tested":2013,"deaths":0},{"race":[],"age_group":"20-29   ","count":260,"tested":2116,"deaths":0},{"race":[],"age_group":"30-39   ","count":213,"tested":1812,"deaths":0},{"race":[],"age_group":"40-49   ","count":199,"tested":1676,"deaths":0},{"race":[],"age_group":"50-59   ","count":258,"tested":2095,"deaths":0},{"race":[],"age_group":"60-69   ","count":243,"tested":1782,"deaths":0},{"race":[],"age_group":"70-79   ","count":178,"tested":1370,"deaths":0},{"race":[],"age_group":"80+","count":104,"tested":1563,"deaths":0},{"race":[],"age_group":"Unknown","count":0,"tested":6,"deaths":0}],"race":[{"description":"AI/AN**","count":0,"tested":0,"deaths":0,"color":"rgb(31,119,180)"},{"description":"Asian","count":0,"tested":26,"deaths":0,"color":"rgb(140,86,75)"},{"description":"Black","count":7,"tested":35,"deaths":0,"color":"rgb(255,127,14)"},{"description":"Hispanic","count":11,"tested":49,"deaths":0,"color":"rgb(214,39,40)"},{"description":"Left Blank","count":203,"tested":4580,"deaths":0,"color":"rgb(44,160,44)"},{"description":"NH/PI*","count":0,"tested":0,"deaths":0,"color":"rgb(127,127,127)"},{"description":"Other","count":8,"tested":479,"deaths":0,"color":"rgb(148,103,189)"},{"description":"White","count":1447,"tested":9256,"deaths":0,"color":"rgb(31,119,180)"}],"gender":[{"description":"Female","count":967,"tested":9156,"deaths":0,"color":"rgb(255,127,14)"},{"description":"Male","count":680,"tested":4943,"deaths":0,"color":"rgb(31,119,180)"},{"description":"Unknown/Left Blank","count":34,"tested":334,"deaths":0,"color":"rgb(44,160,44)"}]}}]}
