{"lastUpdatedDate":{"year":2021,"month":6,"day":15},"county_demographics":[{"County":"Winnebago","confirmed_cases":34070,"total_tested":445430,"demographics":{"age":[{"race":[],"age_group":"<20","count":6022,"tested":69476,"deaths":0},{"race":[],"age_group":"20-29   ","count":6047,"tested":73690,"deaths":0},{"race":[],"age_group":"30-39   ","count":5317,"tested":65038,"deaths":0},{"race":[],"age_group":"40-49   ","count":5097,"tested":58578,"deaths":0},{"race":[],"age_group":"50-59   ","count":4787,"tested":62389,"deaths":0},{"race":[],"age_group":"60-69   ","count":3493,"tested":50263,"deaths":0},{"race":[],"age_group":"70-79   ","count":1948,"tested":31914,"deaths":0},{"race":[],"age_group":"80+","count":1349,"tested":33914,"deaths":0},{"race":[],"age_group":"Unknown","count":7,"tested":168,"deaths":0}],"race":[{"description":"AI/AN**","count":38,"tested":407,"deaths":0,"color":"rgb(31,119,180)"},{"description":"Asian","count":673,"tested":5168,"deaths":0,"color":"rgb(140,86,75)"},{"description":"Black","count":4225,"tested":36329,"deaths":0,"color":"rgb(255,127,14)"},{"description":"Hispanic","count":6022,"tested":27210,"deaths":0,"color":"rgb(214,39,40)"},{"description":"Left Blank","count":3255,"tested":194974,"deaths":0,"color":"rgb(44,160,44)"},{"description":"NH/PI*","count":21,"tested":311,"deaths":0,"color":"rgb(127,127,127)"},{"description":"Other","count":529,"tested":9682,"deaths":0,"color":"rgb(148,103,189)"},{"description":"White","count":19305,"tested":171349,"deaths":0,"color":"rgb(31,119,180)"}],"gender":[{"description":"Female","count":18195,"tested":262335,"deaths":0,"color":"rgb(255,127,14)"},{"description":"Male","count":15714,"tested":175386,"deaths":0,"color":"rgb(31,119,180)"},{"description":"Unknown/Left Blank","count":161,"tested":7709,"deaths":0,"color":"rgb(44,160,44)"}]}}]}
