{"lastUpdatedDate":{"year":2021,"month":6,"day":15},"county_demographics":[{"County":"Pike","confirmed_cases":1817,"total_tested":21408,"demographics":{"age":[{"race":[],"age_group":"<20","count":258,"tested":2617,"deaths":0},{"race":[],"age_group":"20-29   ","count":263,"tested":3596,"deaths":0},{"race":[],"age_group":"30-39   ","count":251,"tested":3365,"deaths":0},{"race":[],"age_group":"40-49   ","count":231,"tested":2962,"deaths":0},{"race":[],"age_group":"50-59   ","count":260,"tested":3159,"deaths":0},{"race":[],"age_group":"60-69   ","count":259,"tested":2351,"deaths":0},{"race":[],"age_group":"70-79   ","count":143,"tested":1396,"deaths":0},{"race":[],"age_group":"80+","count":148,"tested":1961,"deaths":0},{"race":[],"age_group":"Unknown","count":0,"tested":0,"deaths":0}],"race":[{"description":"AI/AN**","count":0,"tested":0,"deaths":0,"color":"rgb(31,119,180)"},{"description":"Asian","count":0,"tested":12,"deaths":0,"color":"rgb(140,86,75)"},{"description":"Black","count":6,"tested":26,"deaths":0,"color":"rgb(255,127,14)"},{"description":"Hispanic","count":12,"tested":65,"deaths":0,"color":"rgb(214,39,40)"},{"description":"Left Blank","count":335,"tested":14652,"deaths":0,"color":"rgb(44,160,44)"},{"description":"NH/PI*","count":0,"tested":10,"deaths":0,"color":"rgb(127,127,127)"},{"description":"Other","count":0,"tested":147,"deaths":0,"color":"rgb(148,103,189)"},{"description":"White","count":1457,"tested":6495,"deaths":0,"color":"rgb(31,119,180)"}],"gender":[{"description":"Female","count":1021,"tested":12470,"deaths":0,"color":"rgb(255,127,14)"},{"description":"Male","count":755,"tested":7028,"deaths":0,"color":"rgb(31,119,180)"},{"description":"Unknown/Left Blank","count":41,"tested":1910,"deaths":0,"color":"rgb(44,160,44)"}]}}]}
