{"lastUpdatedDate":{"year":2021,"month":6,"day":15},"county_demographics":[{"County":"Woodford","confirmed_cases":4823,"total_tested":80207,"demographics":{"age":[{"race":[],"age_group":"<20","count":980,"tested":14077,"deaths":0},{"race":[],"age_group":"20-29   ","count":639,"tested":10417,"deaths":0},{"race":[],"age_group":"30-39   ","count":664,"tested":9912,"deaths":0},{"race":[],"age_group":"40-49   ","count":684,"tested":9787,"deaths":0},{"race":[],"age_group":"50-59   ","count":723,"tested":10495,"deaths":0},{"race":[],"age_group":"60-69   ","count":574,"tested":8835,"deaths":0},{"race":[],"age_group":"70-79   ","count":286,"tested":5749,"deaths":0},{"race":[],"age_group":"80+","count":273,"tested":10905,"deaths":0},{"race":[],"age_group":"Unknown","count":0,"tested":30,"deaths":0}],"race":[{"description":"AI/AN**","count":0,"tested":57,"deaths":0,"color":"rgb(31,119,180)"},{"description":"Asian","count":9,"tested":273,"deaths":0,"color":"rgb(140,86,75)"},{"description":"Black","count":26,"tested":632,"deaths":0,"color":"rgb(255,127,14)"},{"description":"Hispanic","count":32,"tested":487,"deaths":0,"color":"rgb(214,39,40)"},{"description":"Left Blank","count":1765,"tested":28796,"deaths":0,"color":"rgb(44,160,44)"},{"description":"NH/PI*","count":0,"tested":13,"deaths":0,"color":"rgb(127,127,127)"},{"description":"Other","count":92,"tested":2623,"deaths":0,"color":"rgb(148,103,189)"},{"description":"White","count":2891,"tested":47326,"deaths":0,"color":"rgb(31,119,180)"}],"gender":[{"description":"Female","count":2461,"tested":49532,"deaths":0,"color":"rgb(255,127,14)"},{"description":"Male","count":2279,"tested":28254,"deaths":0,"color":"rgb(31,119,180)"},{"description":"Unknown/Left Blank","count":83,"tested":2421,"deaths":0,"color":"rgb(44,160,44)"}]}}]}
