{"lastUpdatedDate":{"year":2021,"month":6,"day":15},"county_demographics":[{"County":"Cass","confirmed_cases":2031,"total_tested":22859,"demographics":{"age":[{"race":[],"age_group":"<20","count":389,"tested":4139,"deaths":0},{"race":[],"age_group":"20-29   ","count":339,"tested":3486,"deaths":0},{"race":[],"age_group":"30-39   ","count":319,"tested":3322,"deaths":0},{"race":[],"age_group":"40-49   ","count":294,"tested":3594,"deaths":0},{"race":[],"age_group":"50-59   ","count":266,"tested":3372,"deaths":0},{"race":[],"age_group":"60-69   ","count":203,"tested":2134,"deaths":0},{"race":[],"age_group":"70-79   ","count":120,"tested":1504,"deaths":0},{"race":[],"age_group":"80+","count":101,"tested":1305,"deaths":0},{"race":[],"age_group":"Unknown","count":0,"tested":0,"deaths":0}],"race":[{"description":"AI/AN**","count":0,"tested":21,"deaths":0,"color":"rgb(31,119,180)"},{"description":"Asian","count":14,"tested":74,"deaths":0,"color":"rgb(140,86,75)"},{"description":"Black","count":61,"tested":686,"deaths":0,"color":"rgb(255,127,14)"},{"description":"Hispanic","count":713,"tested":3161,"deaths":0,"color":"rgb(214,39,40)"},{"description":"Left Blank","count":48,"tested":6297,"deaths":0,"color":"rgb(44,160,44)"},{"description":"NH/PI*","count":0,"tested":19,"deaths":0,"color":"rgb(127,127,127)"},{"description":"Other","count":6,"tested":1331,"deaths":0,"color":"rgb(148,103,189)"},{"description":"White","count":1180,"tested":11270,"deaths":0,"color":"rgb(31,119,180)"}],"gender":[{"description":"Female","count":1101,"tested":13127,"deaths":0,"color":"rgb(255,127,14)"},{"description":"Male","count":922,"tested":8697,"deaths":0,"color":"rgb(31,119,180)"},{"description":"Unknown/Left Blank","count":7,"tested":1035,"deaths":0,"color":"rgb(44,160,44)"}]}}]}
