{"lastUpdatedDate":{"year":2021,"month":6,"day":15},"county_demographics":[{"County":"McDonough","confirmed_cases":2904,"total_tested":56222,"demographics":{"age":[{"race":[],"age_group":"<20","count":554,"tested":8855,"deaths":0},{"race":[],"age_group":"20-29   ","count":780,"tested":13801,"deaths":0},{"race":[],"age_group":"30-39   ","count":341,"tested":7677,"deaths":0},{"race":[],"age_group":"40-49   ","count":325,"tested":6008,"deaths":0},{"race":[],"age_group":"50-59   ","count":293,"tested":6138,"deaths":0},{"race":[],"age_group":"60-69   ","count":278,"tested":5677,"deaths":0},{"race":[],"age_group":"70-79   ","count":180,"tested":3653,"deaths":0},{"race":[],"age_group":"80+","count":152,"tested":4405,"deaths":0},{"race":[],"age_group":"Unknown","count":0,"tested":8,"deaths":0}],"race":[{"description":"AI/AN**","count":0,"tested":88,"deaths":0,"color":"rgb(31,119,180)"},{"description":"Asian","count":43,"tested":500,"deaths":0,"color":"rgb(140,86,75)"},{"description":"Black","count":210,"tested":3610,"deaths":0,"color":"rgb(255,127,14)"},{"description":"Hispanic","count":103,"tested":1223,"deaths":0,"color":"rgb(214,39,40)"},{"description":"Left Blank","count":294,"tested":16031,"deaths":0,"color":"rgb(44,160,44)"},{"description":"NH/PI*","count":0,"tested":47,"deaths":0,"color":"rgb(127,127,127)"},{"description":"Other","count":23,"tested":723,"deaths":0,"color":"rgb(148,103,189)"},{"description":"White","count":2213,"tested":34000,"deaths":0,"color":"rgb(31,119,180)"}],"gender":[{"description":"Female","count":1525,"tested":33555,"deaths":0,"color":"rgb(255,127,14)"},{"description":"Male","count":1334,"tested":21364,"deaths":0,"color":"rgb(31,119,180)"},{"description":"Unknown/Left Blank","count":45,"tested":1303,"deaths":0,"color":"rgb(44,160,44)"}]}}]}
