{"lastUpdatedDate":{"year":2021,"month":6,"day":15},"county_demographics":[{"County":"Will","confirmed_cases":76907,"total_tested":1055306,"demographics":{"age":[{"race":[],"age_group":"<20","count":12944,"tested":136565,"deaths":0},{"race":[],"age_group":"20-29   ","count":13673,"tested":172670,"deaths":0},{"race":[],"age_group":"30-39   ","count":11727,"tested":160709,"deaths":0},{"race":[],"age_group":"40-49   ","count":13047,"tested":164423,"deaths":0},{"race":[],"age_group":"50-59   ","count":12775,"tested":170074,"deaths":0},{"race":[],"age_group":"60-69   ","count":7075,"tested":116594,"deaths":0},{"race":[],"age_group":"70-79   ","count":3438,"tested":69095,"deaths":0},{"race":[],"age_group":"80+","count":2200,"tested":62835,"deaths":0},{"race":[],"age_group":"Unknown","count":27,"tested":2341,"deaths":0}],"race":[{"description":"AI/AN**","count":225,"tested":1638,"deaths":0,"color":"rgb(31,119,180)"},{"description":"Asian","count":1756,"tested":29508,"deaths":0,"color":"rgb(140,86,75)"},{"description":"Black","count":6779,"tested":85483,"deaths":0,"color":"rgb(255,127,14)"},{"description":"Hispanic","count":11981,"tested":73078,"deaths":0,"color":"rgb(214,39,40)"},{"description":"Left Blank","count":23599,"tested":488322,"deaths":0,"color":"rgb(44,160,44)"},{"description":"NH/PI*","count":62,"tested":800,"deaths":0,"color":"rgb(127,127,127)"},{"description":"Other","count":2637,"tested":35700,"deaths":0,"color":"rgb(148,103,189)"},{"description":"White","count":29868,"tested":340777,"deaths":0,"color":"rgb(31,119,180)"}],"gender":[{"description":"Female","count":39258,"tested":552550,"deaths":0,"color":"rgb(255,127,14)"},{"description":"Male","count":36684,"tested":447929,"deaths":0,"color":"rgb(31,119,180)"},{"description":"Unknown/Left Blank","count":965,"tested":54827,"deaths":0,"color":"rgb(44,160,44)"}]}}]}
