{"lastUpdatedDate":{"year":2021,"month":6,"day":15},"county_demographics":[{"County":"Clark","confirmed_cases":1836,"total_tested":18721,"demographics":{"age":[{"race":[],"age_group":"<20","count":345,"tested":3044,"deaths":0},{"race":[],"age_group":"20-29   ","count":248,"tested":2144,"deaths":0},{"race":[],"age_group":"30-39   ","count":268,"tested":2822,"deaths":0},{"race":[],"age_group":"40-49   ","count":232,"tested":2287,"deaths":0},{"race":[],"age_group":"50-59   ","count":252,"tested":2540,"deaths":0},{"race":[],"age_group":"60-69   ","count":213,"tested":2371,"deaths":0},{"race":[],"age_group":"70-79   ","count":126,"tested":1455,"deaths":0},{"race":[],"age_group":"80+","count":152,"tested":2037,"deaths":0},{"race":[],"age_group":"Unknown","count":0,"tested":21,"deaths":0}],"race":[{"description":"AI/AN**","count":0,"tested":0,"deaths":0,"color":"rgb(31,119,180)"},{"description":"Asian","count":0,"tested":13,"deaths":0,"color":"rgb(140,86,75)"},{"description":"Black","count":0,"tested":38,"deaths":0,"color":"rgb(255,127,14)"},{"description":"Hispanic","count":9,"tested":49,"deaths":0,"color":"rgb(214,39,40)"},{"description":"Left Blank","count":346,"tested":7793,"deaths":0,"color":"rgb(44,160,44)"},{"description":"Other","count":8,"tested":277,"deaths":0,"color":"rgb(148,103,189)"},{"description":"White","count":1463,"tested":10547,"deaths":0,"color":"rgb(31,119,180)"}],"gender":[{"description":"Female","count":857,"tested":11636,"deaths":0,"color":"rgb(255,127,14)"},{"description":"Male","count":594,"tested":6253,"deaths":0,"color":"rgb(31,119,180)"},{"description":"Unknown/Left Blank","count":385,"tested":832,"deaths":0,"color":"rgb(44,160,44)"}]}}]}
