{"age":[{"age_group":"<20","count":39,"tested":209},{"age_group":"20-29   ","count":38,"tested":274},{"age_group":"30-39   ","count":36,"tested":268},{"age_group":"40-49   ","count":43,"tested":241},{"age_group":"50-59   ","count":33,"tested":243},{"age_group":"60-69   ","count":42,"tested":302},{"age_group":"70-79   ","count":32,"tested":144}],"race":[{"description":"Hispanic","count":24,"tested":35,"color":"rgb(214,39,40)"},{"description":"Left Blank","count":56,"tested":989,"color":"rgb(44,160,44)"},{"description":"Other","count":25,"tested":43,"color":"rgb(148,103,189)"},{"description":"White","count":116,"tested":668,"color":"rgb(31,119,180)"}],"gender":[{"description":"Female","count":98,"tested":926,"color":"rgb(255,127,14)"},{"description":"Male","count":100,"tested":801,"color":"rgb(31,119,180)"}]}
