{"age":[{"age_group":"<20","count":816,"tested":7098},{"age_group":"20-29   ","count":593,"tested":6494},{"age_group":"30-39   ","count":524,"tested":6395},{"age_group":"40-49   ","count":687,"tested":6862},{"age_group":"50-59   ","count":696,"tested":7757},{"age_group":"60-69   ","count":430,"tested":5588},{"age_group":"70-79   ","count":292,"tested":3568},{"age_group":"80+","count":263,"tested":7029}],"race":[{"description":"Other","count":221,"tested":1306,"color":"rgb(148,103,189)"},{"description":"Left Blank","count":1102,"tested":27775,"color":"rgb(44,160,44)"},{"description":"Black","count":184,"tested":494,"color":"rgb(255,127,14)"},{"description":"Asian","count":240,"tested":1081,"color":"rgb(140,86,75)"},{"description":"White","count":1917,"tested":18582,"color":"rgb(31,119,180)"},{"description":"Hispanic","count":396,"tested":1511,"color":"rgb(214,39,40)"},{"description":"AI/AN**","count":123,"tested":26,"color":"rgb(31,119,180)"}],"gender":[{"description":"Male","count":1802,"tested":20371,"color":"rgb(31,119,180)"},{"description":"Unknown/Left Blank","count":131,"tested":580,"color":"rgb(44,160,44)"},{"description":"Female","count":1788,"tested":29847,"color":"rgb(255,127,14)"}]}
