{"age":[{"age_group":"<20","count":327,"tested":2820},{"age_group":"20-29   ","count":474,"tested":4899},{"age_group":"30-39   ","count":428,"tested":4292},{"age_group":"40-49   ","count":423,"tested":4548},{"age_group":"50-59   ","count":461,"tested":5314},{"age_group":"60-69   ","count":416,"tested":4863},{"age_group":"70-79   ","count":227,"tested":3006},{"age_group":"80+","count":207,"tested":3377}],"race":[{"description":"Asian","count":392,"tested":2580,"color":"rgb(140,86,75)"},{"description":"Left Blank","count":767,"tested":18548,"color":"rgb(44,160,44)"},{"description":"White","count":627,"tested":6751,"color":"rgb(31,119,180)"},{"description":"Other","count":564,"tested":2624,"color":"rgb(148,103,189)"},{"description":"Black","count":204,"tested":1407,"color":"rgb(255,127,14)"},{"description":"Hispanic","count":269,"tested":1073,"color":"rgb(214,39,40)"},{"description":"AI/AN**","count":77,"tested":64,"color":"rgb(31,119,180)"}],"gender":[{"description":"Male","count":1242,"tested":13879,"color":"rgb(31,119,180)"},{"description":"Unknown/Left Blank","count":79,"tested":665,"color":"rgb(44,160,44)"},{"description":"Female","count":1352,"tested":18584,"color":"rgb(255,127,14)"}]}
