{"age":[{"age_group":"<20","count":37,"tested":189},{"age_group":"20-29   ","count":35,"tested":301},{"age_group":"30-39   ","count":52,"tested":297},{"age_group":"40-49   ","count":46,"tested":278},{"age_group":"50-59   ","count":37,"tested":290},{"age_group":"60-69   ","count":36,"tested":350},{"age_group":"70-79   ","count":16,"tested":119},{"age_group":"80+","count":14,"tested":132}],"race":[{"description":"Hispanic","count":38,"tested":151,"color":"rgb(214,39,40)"},{"description":"Black","count":38,"tested":275,"color":"rgb(255,127,14)"},{"description":"White","count":74,"tested":580,"color":"rgb(31,119,180)"},{"description":"Left Blank","count":87,"tested":911,"color":"rgb(44,160,44)"}],"gender":[{"description":"Female","count":108,"tested":1038,"color":"rgb(255,127,14)"},{"description":"Male","count":115,"tested":899,"color":"rgb(31,119,180)"}]}
