{"age":[{"age_group":"<20","count":81,"tested":449},{"age_group":"20-29   ","count":94,"tested":511},{"age_group":"30-39   ","count":56,"tested":445},{"age_group":"40-49   ","count":82,"tested":440},{"age_group":"50-59   ","count":99,"tested":683},{"age_group":"60-69   ","count":81,"tested":561},{"age_group":"70-79   ","count":37,"tested":350},{"age_group":"80+","count":26,"tested":163}],"race":[{"description":"Other","count":19,"tested":41,"color":"rgb(148,103,189)"},{"description":"Left Blank","count":128,"tested":1532,"color":"rgb(44,160,44)"},{"description":"White","count":277,"tested":1738,"color":"rgb(31,119,180)"},{"description":"Black","count":26,"tested":86,"color":"rgb(255,127,14)"},{"description":"Hispanic","count":61,"tested":168,"color":"rgb(214,39,40)"},{"description":"Asian","count":20,"tested":37,"color":"rgb(140,86,75)"}],"gender":[{"description":"Male","count":229,"tested":1507,"color":"rgb(31,119,180)"},{"description":"Female","count":253,"tested":2012,"color":"rgb(255,127,14)"}]}
