{"age":[{"age_group":"<20","count":47,"tested":172},{"age_group":"20-29   ","count":47,"tested":211},{"age_group":"30-39   ","count":46,"tested":259},{"age_group":"40-49   ","count":40,"tested":198},{"age_group":"50-59   ","count":38,"tested":218},{"age_group":"60-69   ","count":37,"tested":236}],"race":[{"description":"Left Blank","count":61,"tested":522,"color":"rgb(44,160,44)"},{"description":"White","count":78,"tested":781,"color":"rgb(31,119,180)"},{"description":"Hispanic","count":38,"tested":105,"color":"rgb(214,39,40)"}],"gender":[{"description":"Male","count":70,"tested":596,"color":"rgb(31,119,180)"},{"description":"Female","count":85,"tested":834,"color":"rgb(255,127,14)"}]}
