{"age":[{"age_group":"<20","count":884,"tested":3974},{"age_group":"20-29   ","count":1065,"tested":6653},{"age_group":"30-39   ","count":1093,"tested":6314},{"age_group":"40-49   ","count":1015,"tested":5597},{"age_group":"50-59   ","count":932,"tested":6250},{"age_group":"60-69   ","count":756,"tested":5260},{"age_group":"70-79   ","count":602,"tested":3471},{"age_group":"80+","count":562,"tested":4016}],"race":[{"description":"Hispanic","count":1379,"tested":4511,"color":"rgb(214,39,40)"},{"description":"Left Blank","count":1549,"tested":17250,"color":"rgb(44,160,44)"},{"description":"White","count":1509,"tested":12661,"color":"rgb(31,119,180)"},{"description":"Black","count":770,"tested":4269,"color":"rgb(255,127,14)"},{"description":"Asian","count":403,"tested":310,"color":"rgb(140,86,75)"},{"description":"Other","count":548,"tested":2403,"color":"rgb(148,103,189)"},{"description":"AI/AN**","count":388,"tested":127,"color":"rgb(31,119,180)"}],"gender":[{"description":"Female","count":2510,"tested":24268,"color":"rgb(255,127,14)"},{"description":"Male","count":2196,"tested":16735,"color":"rgb(31,119,180)"},{"description":"Unknown/Left Blank","count":393,"tested":540,"color":"rgb(44,160,44)"}]}
