{"age":[{"age_group":"<20","count":58,"tested":779},{"age_group":"20-29   ","count":351,"tested":6794},{"age_group":"30-39   ","count":233,"tested":4270},{"age_group":"40-49   ","count":94,"tested":1417},{"age_group":"50-59   ","count":91,"tested":1524},{"age_group":"60-69   ","count":73,"tested":1213},{"age_group":"70-79   ","count":63,"tested":770},{"age_group":"80+","count":47,"tested":427}],"race":[{"description":"White","count":335,"tested":4899,"color":"rgb(31,119,180)"},{"description":"Black","count":94,"tested":1240,"color":"rgb(255,127,14)"},{"description":"Asian","count":85,"tested":1572,"color":"rgb(140,86,75)"},{"description":"Other","count":67,"tested":874,"color":"rgb(148,103,189)"},{"description":"Left Blank","count":293,"tested":8089,"color":"rgb(44,160,44)"},{"description":"Hispanic","count":80,"tested":462,"color":"rgb(214,39,40)"}],"gender":[{"description":"Male","count":457,"tested":8120,"color":"rgb(31,119,180)"},{"description":"Female","count":386,"tested":8649,"color":"rgb(255,127,14)"}]}
