{"age":[{"age_group":"<20","count":382,"tested":1794},{"age_group":"20-29   ","count":432,"tested":2200},{"age_group":"30-39   ","count":388,"tested":1779},{"age_group":"40-49   ","count":387,"tested":1659},{"age_group":"50-59   ","count":416,"tested":2166},{"age_group":"60-69   ","count":338,"tested":1722},{"age_group":"70-79   ","count":286,"tested":1266},{"age_group":"80+","count":265,"tested":1521}],"race":[{"description":"Hispanic","count":258,"tested":400,"color":"rgb(214,39,40)"},{"description":"Left Blank","count":667,"tested":4722,"color":"rgb(44,160,44)"},{"description":"White","count":1009,"tested":7930,"color":"rgb(31,119,180)"},{"description":"Asian","count":176,"tested":60,"color":"rgb(140,86,75)"},{"description":"Black","count":181,"tested":143,"color":"rgb(255,127,14)"},{"description":"Other","count":269,"tested":844,"color":"rgb(148,103,189)"}],"gender":[{"description":"Female","count":962,"tested":8288,"color":"rgb(255,127,14)"},{"description":"Male","count":909,"tested":5575,"color":"rgb(31,119,180)"},{"description":"Unknown/Left Blank","count":185,"tested":244,"color":"rgb(44,160,44)"}]}
