{"age":[{"age_group":"<20","count":362,"tested":2385},{"age_group":"20-29   ","count":326,"tested":2378},{"age_group":"30-39   ","count":297,"tested":2116},{"age_group":"40-49   ","count":291,"tested":2197},{"age_group":"50-59   ","count":278,"tested":1946},{"age_group":"60-69   ","count":200,"tested":1479},{"age_group":"70-79   ","count":104,"tested":762},{"age_group":"80+","count":66,"tested":467}],"race":[{"description":"Left Blank","count":390,"tested":5814,"color":"rgb(44,160,44)"},{"description":"Other","count":54,"tested":215,"color":"rgb(148,103,189)"},{"description":"Hispanic","count":602,"tested":1984,"color":"rgb(214,39,40)"},{"description":"White","count":383,"tested":3121,"color":"rgb(31,119,180)"},{"description":"Black","count":405,"tested":2540,"color":"rgb(255,127,14)"}],"gender":[{"description":"Unknown/Left Blank","count":57,"tested":562,"color":"rgb(44,160,44)"},{"description":"Male","count":817,"tested":5496,"color":"rgb(31,119,180)"},{"description":"Female","count":905,"tested":7672,"color":"rgb(255,127,14)"}]}
