{"age":[{"age_group":"<20","count":6,"tested":91},{"age_group":"20-29   ","count":10,"tested":99},{"age_group":"30-39   ","count":7,"tested":52},{"age_group":"50-59   ","count":8,"tested":55}],"race":[{"description":"White","count":21,"tested":203,"color":"rgb(31,119,180)"},{"description":"Hispanic","count":13,"tested":85,"color":"rgb(214,39,40)"}],"gender":[{"description":"Male","count":26,"tested":238,"color":"rgb(31,119,180)"},{"description":"Female","count":16,"tested":166,"color":"rgb(255,127,14)"}]}
