{"age":[{"age_group":"<20","count":76,"tested":1004},{"age_group":"20-29   ","count":94,"tested":2345},{"age_group":"30-39   ","count":70,"tested":1545},{"age_group":"40-49   ","count":89,"tested":2070},{"age_group":"50-59   ","count":106,"tested":2366},{"age_group":"60-69   ","count":78,"tested":1869},{"age_group":"70-79   ","count":84,"tested":1474},{"age_group":"80+","count":124,"tested":2823}],"race":[{"description":"White","count":300,"tested":4351,"color":"rgb(31,119,180)"},{"description":"Asian","count":46,"tested":969,"color":"rgb(140,86,75)"},{"description":"Hispanic","count":48,"tested":958,"color":"rgb(214,39,40)"},{"description":"Other","count":62,"tested":405,"color":"rgb(148,103,189)"},{"description":"Left Blank","count":171,"tested":8323,"color":"rgb(44,160,44)"}],"gender":[{"description":"Female","count":298,"tested":9589,"color":"rgb(255,127,14)"},{"description":"Male","count":242,"tested":5489,"color":"rgb(31,119,180)"}]}
