{"age":[{"age_group":"<20","count":618,"tested":3121},{"age_group":"20-29   ","count":686,"tested":4836},{"age_group":"30-39   ","count":635,"tested":3511},{"age_group":"40-49   ","count":634,"tested":3257},{"age_group":"50-59   ","count":553,"tested":3708},{"age_group":"60-69   ","count":377,"tested":2659},{"age_group":"70-79   ","count":223,"tested":1256},{"age_group":"80+","count":190,"tested":736}],"race":[{"description":"Black","count":330,"tested":2178,"color":"rgb(255,127,14)"},{"description":"Asian","count":165,"tested":416,"color":"rgb(140,86,75)"},{"description":"White","count":474,"tested":4001,"color":"rgb(31,119,180)"},{"description":"Other","count":231,"tested":780,"color":"rgb(148,103,189)"},{"description":"Left Blank","count":676,"tested":7543,"color":"rgb(44,160,44)"},{"description":"Hispanic","count":1780,"tested":8058,"color":"rgb(214,39,40)"}],"gender":[{"description":"Unknown/Left Blank","count":145,"tested":395,"color":"rgb(44,160,44)"},{"description":"Female","count":1651,"tested":13300,"color":"rgb(255,127,14)"},{"description":"Male","count":1480,"tested":9396,"color":"rgb(31,119,180)"}]}
