{"age":[{"age_group":"<20","count":59,"tested":473},{"age_group":"20-29   ","count":51,"tested":415},{"age_group":"30-39   ","count":58,"tested":445},{"age_group":"40-49   ","count":45,"tested":318},{"age_group":"50-59   ","count":58,"tested":435},{"age_group":"60-69   ","count":47,"tested":444},{"age_group":"70-79   ","count":22,"tested":210},{"age_group":"80+","count":14,"tested":125}],"race":[{"description":"White","count":218,"tested":1820,"color":"rgb(31,119,180)"},{"description":"Left Blank","count":73,"tested":937,"color":"rgb(44,160,44)"},{"description":"Hispanic","count":18,"tested":54,"color":"rgb(214,39,40)"}],"gender":[{"description":"Male","count":162,"tested":1161,"color":"rgb(31,119,180)"},{"description":"Female","count":150,"tested":1647,"color":"rgb(255,127,14)"}]}
