{"age":[{"age_group":"<20","count":49,"tested":223},{"age_group":"20-29   ","count":39,"tested":307},{"age_group":"30-39   ","count":37,"tested":249},{"age_group":"40-49   ","count":42,"tested":269},{"age_group":"50-59   ","count":43,"tested":340},{"age_group":"60-69   ","count":31,"tested":268},{"age_group":"80+","count":23,"tested":80}],"race":[{"description":"White","count":120,"tested":983,"color":"rgb(31,119,180)"},{"description":"Left Blank","count":58,"tested":741,"color":"rgb(44,160,44)"},{"description":"Hispanic","count":27,"tested":69,"color":"rgb(214,39,40)"}],"gender":[{"description":"Female","count":101,"tested":1040,"color":"rgb(255,127,14)"},{"description":"Male","count":91,"tested":735,"color":"rgb(31,119,180)"}]}
