{"age":[{"age_group":"<20","count":87,"tested":621},{"age_group":"20-29   ","count":101,"tested":831},{"age_group":"30-39   ","count":86,"tested":828},{"age_group":"40-49   ","count":87,"tested":764},{"age_group":"50-59   ","count":109,"tested":935},{"age_group":"60-69   ","count":92,"tested":796},{"age_group":"70-79   ","count":96,"tested":614},{"age_group":"80+","count":81,"tested":707}],"race":[{"description":"Left Blank","count":62,"tested":820,"color":"rgb(44,160,44)"},{"description":"Other","count":37,"tested":91,"color":"rgb(148,103,189)"},{"description":"White","count":456,"tested":4946,"color":"rgb(31,119,180)"},{"description":"Hispanic","count":54,"tested":131,"color":"rgb(214,39,40)"}],"gender":[{"description":"Female","count":308,"tested":3790,"color":"rgb(255,127,14)"},{"description":"Male","count":239,"tested":2216,"color":"rgb(31,119,180)"},{"description":"Unknown/Left Blank","count":37,"tested":91,"color":"rgb(44,160,44)"}]}
