{"age":[{"age_group":"<20","count":10,"tested":89},{"age_group":"20-29   ","count":12,"tested":85},{"age_group":"30-39   ","count":14,"tested":60},{"age_group":"40-49   ","count":13,"tested":77},{"age_group":"50-59   ","count":14,"tested":118},{"age_group":"60-69   ","count":15,"tested":61}],"race":[{"description":"White","count":59,"tested":366,"color":"rgb(31,119,180)"},{"description":"Left Blank","count":11,"tested":155,"color":"rgb(44,160,44)"}],"gender":[{"description":"Female","count":37,"tested":292,"color":"rgb(255,127,14)"},{"description":"Male","count":34,"tested":232,"color":"rgb(31,119,180)"}]}
