{"age":[{"age_group":"<20","count":229,"tested":1473},{"age_group":"20-29   ","count":316,"tested":2669},{"age_group":"30-39   ","count":288,"tested":2309},{"age_group":"40-49   ","count":354,"tested":3021},{"age_group":"50-59   ","count":309,"tested":3264},{"age_group":"60-69   ","count":218,"tested":2609},{"age_group":"70-79   ","count":153,"tested":1511},{"age_group":"80+","count":128,"tested":913}],"race":[{"description":"Asian","count":65,"tested":92,"color":"rgb(140,86,75)"},{"description":"Black","count":808,"tested":7709,"color":"rgb(255,127,14)"},{"description":"White","count":173,"tested":1490,"color":"rgb(31,119,180)"},{"description":"Hispanic","count":124,"tested":363,"color":"rgb(214,39,40)"},{"description":"Other","count":83,"tested":339,"color":"rgb(148,103,189)"},{"description":"Left Blank","count":622,"tested":7719,"color":"rgb(44,160,44)"}],"gender":[{"description":"Female","count":901,"tested":10533,"color":"rgb(255,127,14)"},{"description":"Male","count":712,"tested":6642,"color":"rgb(31,119,180)"},{"description":"Unknown/Left Blank","count":92,"tested":594,"color":"rgb(44,160,44)"}]}
