{"age":[{"age_group":"<20","count":290,"tested":4335},{"age_group":"20-29   ","count":331,"tested":4957},{"age_group":"30-39   ","count":299,"tested":4904},{"age_group":"40-49   ","count":300,"tested":4914},{"age_group":"50-59   ","count":288,"tested":4769},{"age_group":"60-69   ","count":232,"tested":3809},{"age_group":"70-79   ","count":177,"tested":2724},{"age_group":"80+","count":163,"tested":1974}],"race":[{"description":"Other","count":147,"tested":1521,"color":"rgb(148,103,189)"},{"description":"Left Blank","count":419,"tested":12394,"color":"rgb(44,160,44)"},{"description":"Black","count":421,"tested":3930,"color":"rgb(255,127,14)"},{"description":"Asian","count":100,"tested":730,"color":"rgb(140,86,75)"},{"description":"Hispanic","count":195,"tested":1331,"color":"rgb(214,39,40)"},{"description":"White","count":660,"tested":12452,"color":"rgb(31,119,180)"}],"gender":[{"description":"Male","count":786,"tested":13095,"color":"rgb(31,119,180)"},{"description":"Unknown/Left Blank","count":85,"tested":631,"color":"rgb(44,160,44)"},{"description":"Female","count":869,"tested":18663,"color":"rgb(255,127,14)"}]}
