{"age":[{"age_group":"<20","count":617,"tested":3107},{"age_group":"20-29   ","count":734,"tested":4792},{"age_group":"30-39   ","count":633,"tested":3994},{"age_group":"40-49   ","count":633,"tested":3889},{"age_group":"50-59   ","count":661,"tested":4780},{"age_group":"60-69   ","count":588,"tested":4378},{"age_group":"70-79   ","count":456,"tested":2631},{"age_group":"80+","count":415,"tested":2474}],"race":[{"description":"Hispanic","count":896,"tested":2782,"color":"rgb(214,39,40)"},{"description":"Left Blank","count":800,"tested":13187,"color":"rgb(44,160,44)"},{"description":"Asian","count":351,"tested":507,"color":"rgb(140,86,75)"},{"description":"White","count":1318,"tested":12647,"color":"rgb(31,119,180)"},{"description":"Black","count":364,"tested":468,"color":"rgb(255,127,14)"},{"description":"Other","count":364,"tested":410,"color":"rgb(148,103,189)"}],"gender":[{"description":"Female","count":1463,"tested":17507,"color":"rgb(255,127,14)"},{"description":"Male","count":1351,"tested":12104,"color":"rgb(31,119,180)"},{"description":"Unknown/Left Blank","count":328,"tested":435,"color":"rgb(44,160,44)"}]}
