{"age":[{"age_group":"<20","count":176,"tested":1218},{"age_group":"20-29   ","count":228,"tested":2034},{"age_group":"30-39   ","count":240,"tested":2276},{"age_group":"40-49   ","count":235,"tested":2073},{"age_group":"50-59   ","count":208,"tested":2334},{"age_group":"60-69   ","count":168,"tested":1840},{"age_group":"70-79   ","count":105,"tested":1571},{"age_group":"80+","count":123,"tested":6126}],"race":[{"description":"White","count":329,"tested":2798,"color":"rgb(31,119,180)"},{"description":"Other","count":80,"tested":348,"color":"rgb(148,103,189)"},{"description":"Left Blank","count":529,"tested":14263,"color":"rgb(44,160,44)"},{"description":"Black","count":75,"tested":327,"color":"rgb(255,127,14)"},{"description":"Asian","count":165,"tested":1022,"color":"rgb(140,86,75)"},{"description":"Hispanic","count":217,"tested":705,"color":"rgb(214,39,40)"}],"gender":[{"description":"Female","count":660,"tested":12012,"color":"rgb(255,127,14)"},{"description":"Male","count":567,"tested":6997,"color":"rgb(31,119,180)"}]}
