{"age":[{"age_group":"<20","count":367,"tested":3334},{"age_group":"20-29   ","count":329,"tested":2351},{"age_group":"30-39   ","count":301,"tested":2325},{"age_group":"40-49   ","count":338,"tested":2353},{"age_group":"50-59   ","count":350,"tested":2229},{"age_group":"60-69   ","count":251,"tested":1770},{"age_group":"70-79   ","count":142,"tested":1012},{"age_group":"80+","count":92,"tested":787}],"race":[{"description":"Asian","count":78,"tested":146,"color":"rgb(140,86,75)"},{"description":"Left Blank","count":453,"tested":6150,"color":"rgb(44,160,44)"},{"description":"White","count":1162,"tested":8858,"color":"rgb(31,119,180)"},{"description":"Black","count":99,"tested":247,"color":"rgb(255,127,14)"},{"description":"Other","count":87,"tested":254,"color":"rgb(148,103,189)"},{"description":"Hispanic","count":166,"tested":495,"color":"rgb(214,39,40)"}],"gender":[{"description":"Male","count":860,"tested":6985,"color":"rgb(31,119,180)"},{"description":"Female","count":935,"tested":9057,"color":"rgb(255,127,14)"}]}
