{"age":[{"age_group":"<20","count":203,"tested":1114},{"age_group":"20-29   ","count":264,"tested":1983},{"age_group":"30-39   ","count":238,"tested":1758},{"age_group":"40-49   ","count":265,"tested":1884},{"age_group":"50-59   ","count":226,"tested":1919},{"age_group":"60-69   ","count":178,"tested":1883},{"age_group":"70-79   ","count":80,"tested":982},{"age_group":"80+","count":61,"tested":682}],"race":[{"description":"Black","count":243,"tested":1922,"color":"rgb(255,127,14)"},{"description":"Asian","count":46,"tested":102,"color":"rgb(140,86,75)"},{"description":"White","count":126,"tested":835,"color":"rgb(31,119,180)"},{"description":"Hispanic","count":268,"tested":1004,"color":"rgb(214,39,40)"},{"description":"Other","count":63,"tested":320,"color":"rgb(148,103,189)"},{"description":"Left Blank","count":711,"tested":8040,"color":"rgb(44,160,44)"}],"gender":[{"description":"Male","count":644,"tested":5261,"color":"rgb(31,119,180)"},{"description":"Unknown/Left Blank","count":39,"tested":471,"color":"rgb(44,160,44)"},{"description":"Female","count":687,"tested":6493,"color":"rgb(255,127,14)"}]}
