{"lastUpdatedDate":{"year":2020,"month":12,"day":26},"county_demographics":[{"County":"Tazewell","confirmed_cases":9927,"total_tested":133548,"demographics":{"age":[{"race":[],"age_group":"70-79   ","count":761,"tested":10425,"deaths":0},{"race":[],"age_group":"80+","count":659,"tested":12627,"deaths":0},{"race":[],"age_group":"60-69   ","count":1200,"tested":15544,"deaths":0},{"race":[],"age_group":"Unknown","count":0,"tested":11,"deaths":0},{"race":[],"age_group":"<20","count":1562,"tested":19925,"deaths":0},{"race":[],"age_group":"40-49   ","count":1465,"tested":18505,"deaths":0},{"race":[],"age_group":"50-59   ","count":1451,"tested":18401,"deaths":0},{"race":[],"age_group":"20-29   ","count":1373,"tested":18723,"deaths":0},{"race":[],"age_group":"30-39   ","count":1456,"tested":19387,"deaths":0}],"race":[{"description":"Hispanic","count":66,"tested":444,"deaths":0,"color":"rgb(214,39,40)"},{"description":"AI/AN**","count":0,"tested":41,"deaths":0,"color":"rgb(31,119,180)"},{"description":"Black","count":66,"tested":747,"deaths":0,"color":"rgb(255,127,14)"},{"description":"Left Blank","count":4585,"tested":81854,"deaths":0,"color":"rgb(44,160,44)"},{"description":"NH/PI*","count":0,"tested":15,"deaths":0,"color":"rgb(127,127,127)"},{"description":"Other","count":132,"tested":1574,"deaths":0,"color":"rgb(148,103,189)"},{"description":"White","count":5034,"tested":48596,"deaths":0,"color":"rgb(31,119,180)"},{"description":"Asian","count":40,"tested":277,"deaths":0,"color":"rgb(140,86,75)"}],"gender":[{"description":"Female","count":5335,"tested":78860,"deaths":0,"color":"rgb(255,127,14)"},{"description":"Male","count":4379,"tested":49294,"deaths":0,"color":"rgb(31,119,180)"},{"description":"Unknown/Left Blank","count":211,"tested":5394,"deaths":0,"color":"rgb(44,160,44)"}]}}]}
