{"lastUpdatedDate":{"year":2020,"month":12,"day":26},"county_demographics":[{"County":"Kankakee","confirmed_cases":10471,"total_tested":132660,"demographics":{"age":[{"race":[],"age_group":"40-49   ","count":1580,"tested":18925,"deaths":0},{"race":[],"age_group":"50-59   ","count":1634,"tested":21702,"deaths":0},{"race":[],"age_group":"20-29   ","count":1866,"tested":19326,"deaths":0},{"race":[],"age_group":"30-39   ","count":1542,"tested":18870,"deaths":0},{"race":[],"age_group":"<20","count":1505,"tested":11985,"deaths":0},{"race":[],"age_group":"60-69   ","count":1148,"tested":18187,"deaths":0},{"race":[],"age_group":"Unknown","count":0,"tested":26,"deaths":0},{"race":[],"age_group":"80+","count":501,"tested":11547,"deaths":0},{"race":[],"age_group":"70-79   ","count":692,"tested":12092,"deaths":0}],"race":[{"description":"Asian","count":34,"tested":681,"deaths":0,"color":"rgb(140,86,75)"},{"description":"White","count":5329,"tested":69969,"deaths":0,"color":"rgb(31,119,180)"},{"description":"AI/AN**","count":0,"tested":52,"deaths":0,"color":"rgb(31,119,180)"},{"description":"Hispanic","count":1028,"tested":4928,"deaths":0,"color":"rgb(214,39,40)"},{"description":"NH/PI*","count":0,"tested":104,"deaths":0,"color":"rgb(127,127,127)"},{"description":"Other","count":280,"tested":3961,"deaths":0,"color":"rgb(148,103,189)"},{"description":"Black","count":1338,"tested":20649,"deaths":0,"color":"rgb(255,127,14)"},{"description":"Left Blank","count":2451,"tested":32316,"deaths":0,"color":"rgb(44,160,44)"}],"gender":[{"description":"Female","count":5640,"tested":77562,"deaths":0,"color":"rgb(255,127,14)"},{"description":"Male","count":4795,"tested":52247,"deaths":0,"color":"rgb(31,119,180)"},{"description":"Unknown/Left Blank","count":34,"tested":2851,"deaths":0,"color":"rgb(44,160,44)"}]}}]}
