{"lastUpdatedDate":{"year":2020,"month":12,"day":26},"county_demographics":[{"County":"Winnebago","confirmed_cases":23500,"total_tested":237960,"demographics":{"age":[{"race":[],"age_group":"40-49   ","count":3557,"tested":32361,"deaths":0},{"race":[],"age_group":"20-29   ","count":4220,"tested":38253,"deaths":0},{"race":[],"age_group":"30-39   ","count":3584,"tested":35395,"deaths":0},{"race":[],"age_group":"50-59   ","count":3450,"tested":33831,"deaths":0},{"race":[],"age_group":"80+","count":972,"tested":16672,"deaths":0},{"race":[],"age_group":"70-79   ","count":1477,"tested":17758,"deaths":0},{"race":[],"age_group":"<20","count":3732,"tested":36329,"deaths":0},{"race":[],"age_group":"60-69   ","count":2501,"tested":27327,"deaths":0},{"race":[],"age_group":"Unknown","count":0,"tested":34,"deaths":0}],"race":[{"description":"Asian","count":392,"tested":2450,"deaths":0,"color":"rgb(140,86,75)"},{"description":"White","count":9937,"tested":90578,"deaths":0,"color":"rgb(31,119,180)"},{"description":"Black","count":2222,"tested":17556,"deaths":0,"color":"rgb(255,127,14)"},{"description":"Left Blank","count":6602,"tested":106502,"deaths":0,"color":"rgb(44,160,44)"},{"description":"NH/PI*","count":8,"tested":72,"deaths":0,"color":"rgb(127,127,127)"},{"description":"Other","count":394,"tested":3927,"deaths":0,"color":"rgb(148,103,189)"},{"description":"Hispanic","count":3931,"tested":16774,"deaths":0,"color":"rgb(214,39,40)"},{"description":"AI/AN**","count":12,"tested":101,"deaths":0,"color":"rgb(31,119,180)"}],"gender":[{"description":"Female","count":12532,"tested":139060,"deaths":0,"color":"rgb(255,127,14)"},{"description":"Male","count":10784,"tested":93518,"deaths":0,"color":"rgb(31,119,180)"},{"description":"Unknown/Left Blank","count":181,"tested":5382,"deaths":0,"color":"rgb(44,160,44)"}]}}]}
