{"lastUpdatedDate":{"year":2020,"month":12,"day":26},"county_demographics":[{"County":"Grundy","confirmed_cases":3737,"total_tested":30108,"demographics":{"age":[{"race":[],"age_group":"40-49   ","count":630,"tested":4377,"deaths":0},{"race":[],"age_group":"50-59   ","count":569,"tested":4466,"deaths":0},{"race":[],"age_group":"70-79   ","count":194,"tested":1949,"deaths":0},{"race":[],"age_group":"<20","count":596,"tested":4866,"deaths":0},{"race":[],"age_group":"Unknown","count":0,"tested":0,"deaths":0},{"race":[],"age_group":"20-29   ","count":668,"tested":4926,"deaths":0},{"race":[],"age_group":"60-69   ","count":358,"tested":3260,"deaths":0},{"race":[],"age_group":"80+","count":127,"tested":1804,"deaths":0},{"race":[],"age_group":"30-39   ","count":593,"tested":4460,"deaths":0}],"race":[{"description":"AI/AN**","count":0,"tested":16,"deaths":0,"color":"rgb(31,119,180)"},{"description":"Black","count":27,"tested":332,"deaths":0,"color":"rgb(255,127,14)"},{"description":"Hispanic","count":183,"tested":965,"deaths":0,"color":"rgb(214,39,40)"},{"description":"NH/PI*","count":0,"tested":8,"deaths":0,"color":"rgb(127,127,127)"},{"description":"Other","count":247,"tested":1449,"deaths":0,"color":"rgb(148,103,189)"},{"description":"Left Blank","count":1254,"tested":10554,"deaths":0,"color":"rgb(44,160,44)"},{"description":"Asian","count":7,"tested":85,"deaths":0,"color":"rgb(140,86,75)"},{"description":"White","count":2014,"tested":16699,"deaths":0,"color":"rgb(31,119,180)"}],"gender":[{"description":"Female","count":1888,"tested":17332,"deaths":0,"color":"rgb(255,127,14)"},{"description":"Male","count":1808,"tested":12377,"deaths":0,"color":"rgb(31,119,180)"},{"description":"Unknown/Left Blank","count":39,"tested":399,"deaths":0,"color":"rgb(44,160,44)"}]}}]}
