{"age":[{"age_group":"<20","count":100,"tested":806},{"age_group":"20-29   ","count":75,"tested":769},{"age_group":"30-39   ","count":77,"tested":1057},{"age_group":"40-49   ","count":75,"tested":615},{"age_group":"50-59   ","count":92,"tested":1000},{"age_group":"60-69   ","count":73,"tested":880},{"age_group":"70-79   ","count":26,"tested":860},{"age_group":"80+","count":19,"tested":1225}],"race":[{"description":"Left Blank","count":90,"tested":1640,"color":"rgb(44,160,44)"},{"description":"White","count":435,"tested":5360,"color":"rgb(31,119,180)"}],"gender":[{"description":"Female","count":285,"tested":4648,"color":"rgb(255,127,14)"},{"description":"Male","count":251,"tested":2499,"color":"rgb(31,119,180)"}]}
