{"age":[{"age_group":"<20","count":503,"tested":5903},{"age_group":"20-29   ","count":562,"tested":6094},{"age_group":"30-39   ","count":532,"tested":6222},{"age_group":"40-49   ","count":521,"tested":6180},{"age_group":"50-59   ","count":506,"tested":6391},{"age_group":"60-69   ","count":408,"tested":5825},{"age_group":"70-79   ","count":220,"tested":3458},{"age_group":"80+","count":247,"tested":7287}],"race":[{"description":"Asian","count":148,"tested":2776,"color":"rgb(140,86,75)"},{"description":"Black","count":32,"tested":344,"color":"rgb(255,127,14)"},{"description":"Hispanic","count":513,"tested":4122,"color":"rgb(214,39,40)"},{"description":"Left Blank","count":595,"tested":15244,"color":"rgb(44,160,44)"},{"description":"NH/PI*","count":8,"tested":181,"color":"rgb(127,127,127)"},{"description":"Other","count":128,"tested":1652,"color":"rgb(148,103,189)"},{"description":"White","count":2074,"tested":23007,"color":"rgb(31,119,180)"}],"gender":[{"description":"Female","count":1791,"tested":28229,"color":"rgb(255,127,14)"},{"description":"Male","count":1692,"tested":18629,"color":"rgb(31,119,180)"}]}
