{"age":[{"age_group":"<20","count":242,"tested":6291},{"age_group":"20-29   ","count":158,"tested":3153},{"age_group":"30-39   ","count":113,"tested":3085},{"age_group":"40-49   ","count":179,"tested":3555},{"age_group":"50-59   ","count":176,"tested":4358},{"age_group":"60-69   ","count":124,"tested":4580},{"age_group":"70-79   ","count":89,"tested":4208},{"age_group":"80+","count":127,"tested":8132}],"race":[{"description":"Asian","count":121,"tested":3663,"color":"rgb(140,86,75)"},{"description":"Black","count":17,"tested":897,"color":"rgb(255,127,14)"},{"description":"Hispanic","count":86,"tested":1464,"color":"rgb(214,39,40)"},{"description":"Left Blank","count":259,"tested":10692,"color":"rgb(44,160,44)"},{"description":"Other","count":134,"tested":1669,"color":"rgb(148,103,189)"},{"description":"White","count":589,"tested":18873,"color":"rgb(31,119,180)"}],"gender":[{"description":"Female","count":611,"tested":20259,"color":"rgb(255,127,14)"},{"description":"Male","count":578,"tested":14713,"color":"rgb(31,119,180)"},{"description":"Unknown/Left Blank","count":19,"tested":2419,"color":"rgb(44,160,44)"}]}
