{"age":[{"age_group":"<20","count":709,"tested":9291},{"age_group":"20-29   ","count":816,"tested":10367},{"age_group":"30-39   ","count":767,"tested":9762},{"age_group":"40-49   ","count":604,"tested":6959},{"age_group":"50-59   ","count":576,"tested":8576},{"age_group":"60-69   ","count":397,"tested":6742},{"age_group":"70-79   ","count":135,"tested":3067},{"age_group":"80+","count":100,"tested":1750}],"race":[{"description":"Asian","count":155,"tested":3431,"color":"rgb(140,86,75)"},{"description":"Black","count":126,"tested":1699,"color":"rgb(255,127,14)"},{"description":"Hispanic","count":1342,"tested":9278,"color":"rgb(214,39,40)"},{"description":"Left Blank","count":899,"tested":19840,"color":"rgb(44,160,44)"},{"description":"Other","count":169,"tested":1520,"color":"rgb(148,103,189)"},{"description":"White","count":1407,"tested":20572,"color":"rgb(31,119,180)"}],"gender":[{"description":"Female","count":2103,"tested":31243,"color":"rgb(255,127,14)"},{"description":"Male","count":1982,"tested":24539,"color":"rgb(31,119,180)"},{"description":"Unknown/Left Blank","count":20,"tested":737,"color":"rgb(44,160,44)"}]}
