{"age":[{"age_group":"<20","count":510,"tested":9183},{"age_group":"20-29   ","count":469,"tested":7378},{"age_group":"30-39   ","count":470,"tested":7819},{"age_group":"40-49   ","count":426,"tested":6553},{"age_group":"50-59   ","count":435,"tested":7942},{"age_group":"60-69   ","count":308,"tested":6463},{"age_group":"70-79   ","count":144,"tested":4362},{"age_group":"80+","count":167,"tested":7363}],"race":[{"description":"Asian","count":148,"tested":3153,"color":"rgb(140,86,75)"},{"description":"Black","count":74,"tested":913,"color":"rgb(255,127,14)"},{"description":"Hispanic","count":335,"tested":2858,"color":"rgb(214,39,40)"},{"description":"Left Blank","count":605,"tested":22336,"color":"rgb(44,160,44)"},{"description":"Other","count":111,"tested":1373,"color":"rgb(148,103,189)"},{"description":"White","count":1654,"tested":26322,"color":"rgb(31,119,180)"}],"gender":[{"description":"Female","count":1483,"tested":31295,"color":"rgb(255,127,14)"},{"description":"Male","count":1422,"tested":24094,"color":"rgb(31,119,180)"},{"description":"Unknown/Left Blank","count":24,"tested":1688,"color":"rgb(44,160,44)"}]}
