{"age":[{"age_group":"<20","count":24,"tested":243},{"age_group":"20-29   ","count":15,"tested":128},{"age_group":"30-39   ","count":15,"tested":161},{"age_group":"40-49   ","count":17,"tested":116},{"age_group":"50-59   ","count":14,"tested":293},{"age_group":"60-69   ","count":21,"tested":260},{"age_group":"70-79   ","count":7,"tested":148}],"race":[{"description":"Hispanic","count":9,"tested":42,"color":"rgb(214,39,40)"},{"description":"Left Blank","count":26,"tested":394,"color":"rgb(44,160,44)"},{"description":"White","count":79,"tested":903,"color":"rgb(31,119,180)"}],"gender":[{"description":"Female","count":65,"tested":865,"color":"rgb(255,127,14)"},{"description":"Male","count":52,"tested":525,"color":"rgb(31,119,180)"}]}
