{"age":[{"age_group":"<20","count":370,"tested":3869},{"age_group":"20-29   ","count":458,"tested":6139},{"age_group":"30-39   ","count":448,"tested":7182},{"age_group":"40-49   ","count":422,"tested":7770},{"age_group":"50-59   ","count":447,"tested":10352},{"age_group":"60-69   ","count":298,"tested":7059},{"age_group":"70-79   ","count":123,"tested":3106},{"age_group":"80+","count":40,"tested":1449}],"race":[{"description":"Asian","count":9,"tested":156,"color":"rgb(140,86,75)"},{"description":"Black","count":1300,"tested":20647,"color":"rgb(255,127,14)"},{"description":"Hispanic","count":153,"tested":1452,"color":"rgb(214,39,40)"},{"description":"Left Blank","count":694,"tested":14772,"color":"rgb(44,160,44)"},{"description":"Other","count":65,"tested":917,"color":"rgb(148,103,189)"},{"description":"White","count":376,"tested":8850,"color":"rgb(31,119,180)"}],"gender":[{"description":"Female","count":1489,"tested":26192,"color":"rgb(255,127,14)"},{"description":"Male","count":1115,"tested":19732,"color":"rgb(31,119,180)"}]}
