{"age":[{"age_group":"<20","count":688,"tested":7776},{"age_group":"20-29   ","count":688,"tested":7815},{"age_group":"30-39   ","count":719,"tested":7977},{"age_group":"40-49   ","count":711,"tested":7885},{"age_group":"50-59   ","count":526,"tested":6329},{"age_group":"60-69   ","count":258,"tested":4115},{"age_group":"70-79   ","count":140,"tested":2445},{"age_group":"80+","count":116,"tested":1592}],"race":[{"description":"AI/AN**","count":12,"tested":71,"color":"rgb(31,119,180)"},{"description":"Asian","count":59,"tested":711,"color":"rgb(140,86,75)"},{"description":"Black","count":422,"tested":4709,"color":"rgb(255,127,14)"},{"description":"Hispanic","count":716,"tested":4748,"color":"rgb(214,39,40)"},{"description":"Left Blank","count":1025,"tested":16323,"color":"rgb(44,160,44)"},{"description":"NH/PI*","count":11,"tested":247,"color":"rgb(127,127,127)"},{"description":"Other","count":97,"tested":1884,"color":"rgb(148,103,189)"},{"description":"White","count":1504,"tested":17251,"color":"rgb(31,119,180)"}],"gender":[{"description":"Female","count":1981,"tested":25075,"color":"rgb(255,127,14)"},{"description":"Male","count":1849,"tested":19605,"color":"rgb(31,119,180)"},{"description":"Unknown/Left Blank","count":16,"tested":1264,"color":"rgb(44,160,44)"}]}
