{"age":[{"age_group":"<20","count":1437,"tested":27108},{"age_group":"20-29   ","count":1978,"tested":35662},{"age_group":"30-39   ","count":2257,"tested":47198},{"age_group":"40-49   ","count":1622,"tested":28104},{"age_group":"50-59   ","count":1117,"tested":18430},{"age_group":"60-69   ","count":681,"tested":11509},{"age_group":"70-79   ","count":316,"tested":5853},{"age_group":"80+","count":199,"tested":4868}],"race":[{"description":"AI/AN**","count":21,"tested":281,"color":"rgb(31,119,180)"},{"description":"Asian","count":276,"tested":6475,"color":"rgb(140,86,75)"},{"description":"Black","count":234,"tested":4329,"color":"rgb(255,127,14)"},{"description":"Hispanic","count":3755,"tested":30171,"color":"rgb(214,39,40)"},{"description":"Left Blank","count":2228,"tested":67807,"color":"rgb(44,160,44)"},{"description":"NH/PI*","count":18,"tested":257,"color":"rgb(127,127,127)"},{"description":"Other","count":535,"tested":10213,"color":"rgb(148,103,189)"},{"description":"White","count":2541,"tested":59244,"color":"rgb(31,119,180)"}],"gender":[{"description":"Female","count":4628,"tested":94719,"color":"rgb(255,127,14)"},{"description":"Male","count":4834,"tested":79613,"color":"rgb(31,119,180)"},{"description":"Unknown/Left Blank","count":146,"tested":4445,"color":"rgb(44,160,44)"}]}
