{"age":[{"age_group":"<20","count":20,"tested":357},{"age_group":"20-29   ","count":18,"tested":335},{"age_group":"30-39   ","count":23,"tested":270},{"age_group":"40-49   ","count":16,"tested":250},{"age_group":"50-59   ","count":15,"tested":187},{"age_group":"60-69   ","count":12,"tested":157},{"age_group":"70-79   ","count":8,"tested":102}],"race":[{"description":"Black","count":17,"tested":248,"color":"rgb(255,127,14)"},{"description":"Left Blank","count":43,"tested":670,"color":"rgb(44,160,44)"},{"description":"White","count":46,"tested":668,"color":"rgb(31,119,180)"}],"gender":[{"description":"Female","count":75,"tested":1010,"color":"rgb(255,127,14)"},{"description":"Male","count":41,"tested":685,"color":"rgb(31,119,180)"}]}
