{"age":[{"age_group":"<20","count":616,"tested":8408},{"age_group":"20-29   ","count":406,"tested":6331},{"age_group":"30-39   ","count":396,"tested":6131},{"age_group":"40-49   ","count":354,"tested":4959},{"age_group":"50-59   ","count":466,"tested":6181},{"age_group":"60-69   ","count":295,"tested":5008},{"age_group":"70-79   ","count":115,"tested":2969},{"age_group":"80+","count":110,"tested":4028}],"race":[{"description":"Asian","count":64,"tested":779,"color":"rgb(140,86,75)"},{"description":"Black","count":57,"tested":885,"color":"rgb(255,127,14)"},{"description":"Hispanic","count":235,"tested":2101,"color":"rgb(214,39,40)"},{"description":"Left Blank","count":468,"tested":15021,"color":"rgb(44,160,44)"},{"description":"Other","count":80,"tested":1336,"color":"rgb(148,103,189)"},{"description":"White","count":1849,"tested":23877,"color":"rgb(31,119,180)"}],"gender":[{"description":"Female","count":1425,"tested":24659,"color":"rgb(255,127,14)"},{"description":"Male","count":1320,"tested":18895,"color":"rgb(31,119,180)"}]}
