{"age":[{"age_group":"<20","count":409,"tested":4849},{"age_group":"20-29   ","count":302,"tested":3476},{"age_group":"30-39   ","count":349,"tested":3635},{"age_group":"40-49   ","count":378,"tested":3933},{"age_group":"50-59   ","count":256,"tested":3017},{"age_group":"60-69   ","count":156,"tested":2203},{"age_group":"70-79   ","count":61,"tested":1598},{"age_group":"80+","count":20,"tested":1343}],"race":[{"description":"Asian","count":13,"tested":140,"color":"rgb(140,86,75)"},{"description":"Black","count":39,"tested":482,"color":"rgb(255,127,14)"},{"description":"Hispanic","count":204,"tested":1608,"color":"rgb(214,39,40)"},{"description":"Left Blank","count":508,"tested":6975,"color":"rgb(44,160,44)"},{"description":"Other","count":72,"tested":879,"color":"rgb(148,103,189)"},{"description":"White","count":1096,"tested":13948,"color":"rgb(31,119,180)"}],"gender":[{"description":"Female","count":1007,"tested":13430,"color":"rgb(255,127,14)"},{"description":"Male","count":917,"tested":9924,"color":"rgb(31,119,180)"},{"description":"Unknown/Left Blank","count":9,"tested":702,"color":"rgb(44,160,44)"}]}
