{"age":[{"age_group":"<20","count":424,"tested":23601},{"age_group":"20-29   ","count":308,"tested":8924},{"age_group":"30-39   ","count":272,"tested":9404},{"age_group":"40-49   ","count":313,"tested":9767},{"age_group":"50-59   ","count":305,"tested":11485},{"age_group":"60-69   ","count":212,"tested":11082},{"age_group":"70-79   ","count":163,"tested":8294},{"age_group":"80+","count":148,"tested":6747}],"race":[{"description":"Asian","count":34,"tested":1621,"color":"rgb(140,86,75)"},{"description":"Black","count":55,"tested":860,"color":"rgb(255,127,14)"},{"description":"Hispanic","count":242,"tested":3277,"color":"rgb(214,39,40)"},{"description":"Left Blank","count":501,"tested":36456,"color":"rgb(44,160,44)"},{"description":"Other","count":217,"tested":5477,"color":"rgb(148,103,189)"},{"description":"White","count":1091,"tested":41590,"color":"rgb(31,119,180)"}],"gender":[{"description":"Female","count":1053,"tested":49041,"color":"rgb(255,127,14)"},{"description":"Male","count":1075,"tested":39780,"color":"rgb(31,119,180)"},{"description":"Unknown/Left Blank","count":17,"tested":539,"color":"rgb(44,160,44)"}]}
