{"age":[{"age_group":"<20","count":48,"tested":432},{"age_group":"20-29   ","count":35,"tested":258},{"age_group":"30-39   ","count":29,"tested":195},{"age_group":"40-49   ","count":29,"tested":166},{"age_group":"50-59   ","count":42,"tested":292},{"age_group":"60-69   ","count":27,"tested":216},{"age_group":"70-79   ","count":14,"tested":149},{"age_group":"80+","count":12,"tested":68}],"race":[{"description":"Hispanic","count":10,"tested":20,"color":"rgb(214,39,40)"},{"description":"Left Blank","count":52,"tested":541,"color":"rgb(44,160,44)"},{"description":"White","count":170,"tested":1183,"color":"rgb(31,119,180)"}],"gender":[{"description":"Female","count":132,"tested":1034,"color":"rgb(255,127,14)"},{"description":"Male","count":102,"tested":735,"color":"rgb(31,119,180)"}]}
