{"age":[{"age_group":"<20","count":252,"tested":2350},{"age_group":"20-29   ","count":232,"tested":2606},{"age_group":"30-39   ","count":279,"tested":2733},{"age_group":"40-49   ","count":202,"tested":2078},{"age_group":"50-59   ","count":201,"tested":2456},{"age_group":"60-69   ","count":167,"tested":1956},{"age_group":"70-79   ","count":45,"tested":817},{"age_group":"80+","count":27,"tested":601}],"race":[{"description":"Asian","count":29,"tested":298,"color":"rgb(140,86,75)"},{"description":"Black","count":22,"tested":253,"color":"rgb(255,127,14)"},{"description":"Hispanic","count":423,"tested":3499,"color":"rgb(214,39,40)"},{"description":"Left Blank","count":256,"tested":4271,"color":"rgb(44,160,44)"},{"description":"Other","count":60,"tested":744,"color":"rgb(148,103,189)"},{"description":"White","count":612,"tested":6492,"color":"rgb(31,119,180)"}],"gender":[{"description":"Female","count":720,"tested":8368,"color":"rgb(255,127,14)"},{"description":"Male","count":681,"tested":7041,"color":"rgb(31,119,180)"}]}
