{"age":[{"age_group":"<20","count":9,"tested":153},{"age_group":"40-49   ","count":7,"tested":372},{"age_group":"50-59   ","count":13,"tested":776},{"age_group":"60-69   ","count":8,"tested":1106}],"race":[{"description":"Black","count":15,"tested":324,"color":"rgb(255,127,14)"},{"description":"Hispanic","count":13,"tested":180,"color":"rgb(214,39,40)"},{"description":"Left Blank","count":12,"tested":2601,"color":"rgb(44,160,44)"},{"description":"White","count":8,"tested":131,"color":"rgb(31,119,180)"}],"gender":[{"description":"Female","count":31,"tested":1648,"color":"rgb(255,127,14)"},{"description":"Male","count":21,"tested":1681,"color":"rgb(31,119,180)"}]}
