{"age":[{"age_group":"<20","count":330,"tested":3573},{"age_group":"20-29   ","count":261,"tested":2719},{"age_group":"30-39   ","count":240,"tested":2606},{"age_group":"40-49   ","count":282,"tested":2752},{"age_group":"50-59   ","count":299,"tested":2542},{"age_group":"60-69   ","count":245,"tested":2114},{"age_group":"70-79   ","count":132,"tested":1109},{"age_group":"80+","count":62,"tested":496}],"race":[{"description":"Black","count":45,"tested":565,"color":"rgb(255,127,14)"},{"description":"Hispanic","count":151,"tested":1024,"color":"rgb(214,39,40)"},{"description":"Left Blank","count":397,"tested":6323,"color":"rgb(44,160,44)"},{"description":"Other","count":88,"tested":542,"color":"rgb(148,103,189)"},{"description":"White","count":1163,"tested":9383,"color":"rgb(31,119,180)"}],"gender":[{"description":"Female","count":988,"tested":9915,"color":"rgb(255,127,14)"},{"description":"Male","count":845,"tested":7141,"color":"rgb(31,119,180)"},{"description":"Unknown/Left Blank","count":19,"tested":858,"color":"rgb(44,160,44)"}]}
