{"age":[{"age_group":"<20","count":43,"tested":400},{"age_group":"20-29   ","count":41,"tested":392},{"age_group":"30-39   ","count":34,"tested":514},{"age_group":"40-49   ","count":33,"tested":428},{"age_group":"50-59   ","count":33,"tested":423},{"age_group":"60-69   ","count":21,"tested":508},{"age_group":"70-79   ","count":8,"tested":217}],"race":[{"description":"Hispanic","count":26,"tested":224,"color":"rgb(214,39,40)"},{"description":"Left Blank","count":47,"tested":869,"color":"rgb(44,160,44)"},{"description":"White","count":131,"tested":1811,"color":"rgb(31,119,180)"}],"gender":[{"description":"Female","count":127,"tested":1769,"color":"rgb(255,127,14)"},{"description":"Male","count":88,"tested":1169,"color":"rgb(31,119,180)"}]}
