{"age":[{"age_group":"<20","count":761,"tested":8830},{"age_group":"20-29   ","count":718,"tested":9649},{"age_group":"30-39   ","count":737,"tested":8821},{"age_group":"40-49   ","count":572,"tested":8027},{"age_group":"50-59   ","count":502,"tested":8018},{"age_group":"60-69   ","count":413,"tested":7207},{"age_group":"70-79   ","count":275,"tested":4967},{"age_group":"80+","count":158,"tested":4847}],"race":[{"description":"Asian","count":142,"tested":962,"color":"rgb(140,86,75)"},{"description":"Black","count":498,"tested":4662,"color":"rgb(255,127,14)"},{"description":"Hispanic","count":1065,"tested":5065,"color":"rgb(214,39,40)"},{"description":"Left Blank","count":411,"tested":31104,"color":"rgb(44,160,44)"},{"description":"Other","count":88,"tested":1184,"color":"rgb(148,103,189)"},{"description":"White","count":1927,"tested":17326,"color":"rgb(31,119,180)"}],"gender":[{"description":"Female","count":2198,"tested":36576,"color":"rgb(255,127,14)"},{"description":"Male","count":1927,"tested":22664,"color":"rgb(31,119,180)"},{"description":"Unknown/Left Blank","count":11,"tested":1150,"color":"rgb(44,160,44)"}]}
