{"age":[{"age_group":"<20","count":502,"tested":5860},{"age_group":"20-29   ","count":463,"tested":5445},{"age_group":"30-39   ","count":441,"tested":4524},{"age_group":"40-49   ","count":412,"tested":4198},{"age_group":"50-59   ","count":408,"tested":5284},{"age_group":"60-69   ","count":297,"tested":4257},{"age_group":"70-79   ","count":190,"tested":3301},{"age_group":"80+","count":153,"tested":4786}],"race":[{"description":"Asian","count":13,"tested":193,"color":"rgb(140,86,75)"},{"description":"Black","count":40,"tested":476,"color":"rgb(255,127,14)"},{"description":"Hispanic","count":182,"tested":1298,"color":"rgb(214,39,40)"},{"description":"Left Blank","count":593,"tested":10197,"color":"rgb(44,160,44)"},{"description":"Other","count":333,"tested":2756,"color":"rgb(148,103,189)"},{"description":"White","count":1702,"tested":22829,"color":"rgb(31,119,180)"}],"gender":[{"description":"Female","count":1469,"tested":22768,"color":"rgb(255,127,14)"},{"description":"Male","count":1387,"tested":14281,"color":"rgb(31,119,180)"},{"description":"Unknown/Left Blank","count":11,"tested":742,"color":"rgb(44,160,44)"}]}
