{"age":[{"age_group":"<20","count":294,"tested":4176},{"age_group":"20-29   ","count":147,"tested":2159},{"age_group":"30-39   ","count":117,"tested":1701},{"age_group":"40-49   ","count":169,"tested":2070},{"age_group":"50-59   ","count":188,"tested":2542},{"age_group":"60-69   ","count":85,"tested":1862},{"age_group":"70-79   ","count":23,"tested":921},{"age_group":"80+","count":57,"tested":977}],"race":[{"description":"Asian","count":57,"tested":653,"color":"rgb(140,86,75)"},{"description":"Black","count":33,"tested":314,"color":"rgb(255,127,14)"},{"description":"Hispanic","count":43,"tested":365,"color":"rgb(214,39,40)"},{"description":"Left Blank","count":215,"tested":7874,"color":"rgb(44,160,44)"},{"description":"Other","count":23,"tested":540,"color":"rgb(148,103,189)"},{"description":"White","count":708,"tested":6655,"color":"rgb(31,119,180)"}],"gender":[{"description":"Female","count":541,"tested":9062,"color":"rgb(255,127,14)"},{"description":"Male","count":524,"tested":7040,"color":"rgb(31,119,180)"}]}
