{"age":[{"age_group":"<20","count":189,"tested":1711},{"age_group":"20-29   ","count":215,"tested":2371},{"age_group":"30-39   ","count":213,"tested":2256},{"age_group":"40-49   ","count":168,"tested":1866},{"age_group":"50-59   ","count":168,"tested":1913},{"age_group":"60-69   ","count":116,"tested":1982},{"age_group":"70-79   ","count":54,"tested":752},{"age_group":"80+","count":26,"tested":394}],"race":[{"description":"Asian","count":29,"tested":464,"color":"rgb(140,86,75)"},{"description":"Black","count":40,"tested":451,"color":"rgb(255,127,14)"},{"description":"Hispanic","count":126,"tested":1065,"color":"rgb(214,39,40)"},{"description":"Left Blank","count":407,"tested":5750,"color":"rgb(44,160,44)"},{"description":"Other","count":64,"tested":570,"color":"rgb(148,103,189)"},{"description":"White","count":480,"tested":4912,"color":"rgb(31,119,180)"}],"gender":[{"description":"Female","count":636,"tested":7245,"color":"rgb(255,127,14)"},{"description":"Male","count":512,"tested":5801,"color":"rgb(31,119,180)"}]}
