{"age":[{"age_group":"<20","count":277,"tested":2495},{"age_group":"20-29   ","count":289,"tested":2922},{"age_group":"30-39   ","count":327,"tested":3191},{"age_group":"40-49   ","count":292,"tested":2324},{"age_group":"50-59   ","count":218,"tested":2150},{"age_group":"60-69   ","count":194,"tested":2044},{"age_group":"70-79   ","count":71,"tested":835},{"age_group":"80+","count":32,"tested":582}],"race":[{"description":"Asian","count":73,"tested":780,"color":"rgb(140,86,75)"},{"description":"Black","count":23,"tested":174,"color":"rgb(255,127,14)"},{"description":"Hispanic","count":549,"tested":3511,"color":"rgb(214,39,40)"},{"description":"Left Blank","count":308,"tested":5422,"color":"rgb(44,160,44)"},{"description":"Other","count":70,"tested":666,"color":"rgb(148,103,189)"},{"description":"White","count":668,"tested":5948,"color":"rgb(31,119,180)"}],"gender":[{"description":"Female","count":858,"tested":8848,"color":"rgb(255,127,14)"},{"description":"Male","count":835,"tested":7551,"color":"rgb(31,119,180)"}]}
