{"age":[{"age_group":"<20","count":15,"tested":436},{"age_group":"20-29   ","count":43,"tested":1134},{"age_group":"30-39   ","count":17,"tested":760},{"age_group":"40-49   ","count":16,"tested":672},{"age_group":"50-59   ","count":16,"tested":656},{"age_group":"60-69   ","count":11,"tested":637},{"age_group":"70-79   ","count":9,"tested":322}],"race":[{"description":"Asian","count":10,"tested":374,"color":"rgb(140,86,75)"},{"description":"Black","count":16,"tested":494,"color":"rgb(255,127,14)"},{"description":"Hispanic","count":15,"tested":404,"color":"rgb(214,39,40)"},{"description":"Left Blank","count":31,"tested":1752,"color":"rgb(44,160,44)"},{"description":"Other","count":7,"tested":292,"color":"rgb(148,103,189)"},{"description":"White","count":48,"tested":1423,"color":"rgb(31,119,180)"}],"gender":[{"description":"Female","count":63,"tested":2340,"color":"rgb(255,127,14)"},{"description":"Male","count":63,"tested":2230,"color":"rgb(31,119,180)"}]}
