{"age":[{"age_group":"<20","count":31,"tested":472},{"age_group":"20-29   ","count":19,"tested":180},{"age_group":"30-39   ","count":24,"tested":275},{"age_group":"40-49   ","count":26,"tested":286},{"age_group":"50-59   ","count":36,"tested":334},{"age_group":"60-69   ","count":29,"tested":214},{"age_group":"70-79   ","count":13,"tested":138}],"race":[{"description":"Left Blank","count":80,"tested":864,"color":"rgb(44,160,44)"},{"description":"White","count":99,"tested":1063,"color":"rgb(31,119,180)"}],"gender":[{"description":"Female","count":84,"tested":1054,"color":"rgb(255,127,14)"},{"description":"Male","count":99,"tested":900,"color":"rgb(31,119,180)"}]}
