{"age":[{"age_group":"<20","count":1277,"tested":20567},{"age_group":"20-29   ","count":2561,"tested":55321},{"age_group":"30-39   ","count":2377,"tested":61873},{"age_group":"40-49   ","count":1381,"tested":24198},{"age_group":"50-59   ","count":1098,"tested":16153},{"age_group":"60-69   ","count":714,"tested":10541},{"age_group":"70-79   ","count":362,"tested":5640},{"age_group":"80+","count":187,"tested":2596}],"race":[{"description":"AI/AN**","count":11,"tested":330,"color":"rgb(31,119,180)"},{"description":"Asian","count":141,"tested":4592,"color":"rgb(140,86,75)"},{"description":"Black","count":352,"tested":6198,"color":"rgb(255,127,14)"},{"description":"Hispanic","count":4117,"tested":33311,"color":"rgb(214,39,40)"},{"description":"Left Blank","count":2544,"tested":78624,"color":"rgb(44,160,44)"},{"description":"NH/PI*","count":6,"tested":163,"color":"rgb(127,127,127)"},{"description":"Other","count":438,"tested":10259,"color":"rgb(148,103,189)"},{"description":"White","count":2348,"tested":63453,"color":"rgb(31,119,180)"}],"gender":[{"description":"Female","count":4947,"tested":105035,"color":"rgb(255,127,14)"},{"description":"Male","count":4845,"tested":86220,"color":"rgb(31,119,180)"},{"description":"Unknown/Left Blank","count":165,"tested":5675,"color":"rgb(44,160,44)"}]}
