{"age":[{"age_group":"<20","count":601,"tested":12053},{"age_group":"20-29   ","count":585,"tested":13549},{"age_group":"30-39   ","count":381,"tested":7631},{"age_group":"40-49   ","count":318,"tested":7097},{"age_group":"50-59   ","count":445,"tested":9387},{"age_group":"60-69   ","count":301,"tested":10430},{"age_group":"70-79   ","count":131,"tested":6041},{"age_group":"80+","count":147,"tested":12292}],"race":[{"description":"Asian","count":151,"tested":2092,"color":"rgb(140,86,75)"},{"description":"Black","count":87,"tested":1625,"color":"rgb(255,127,14)"},{"description":"Hispanic","count":168,"tested":2196,"color":"rgb(214,39,40)"},{"description":"Left Blank","count":451,"tested":39139,"color":"rgb(44,160,44)"},{"description":"Other","count":93,"tested":1441,"color":"rgb(148,103,189)"},{"description":"White","count":1951,"tested":32563,"color":"rgb(31,119,180)"}],"gender":[{"description":"Female","count":1464,"tested":44077,"color":"rgb(255,127,14)"},{"description":"Male","count":1431,"tested":34092,"color":"rgb(31,119,180)"},{"description":"Unknown/Left Blank","count":14,"tested":977,"color":"rgb(44,160,44)"}]}
