{"age":[{"age_group":"<20","count":155,"tested":1895},{"age_group":"20-29   ","count":145,"tested":1744},{"age_group":"30-39   ","count":155,"tested":1429},{"age_group":"40-49   ","count":157,"tested":1419},{"age_group":"50-59   ","count":208,"tested":2156},{"age_group":"60-69   ","count":129,"tested":1430},{"age_group":"70-79   ","count":53,"tested":878},{"age_group":"80+","count":22,"tested":348}],"race":[{"description":"Asian","count":6,"tested":114,"color":"rgb(140,86,75)"},{"description":"Hispanic","count":41,"tested":344,"color":"rgb(214,39,40)"},{"description":"Left Blank","count":315,"tested":3708,"color":"rgb(44,160,44)"},{"description":"Other","count":46,"tested":420,"color":"rgb(148,103,189)"},{"description":"White","count":612,"tested":6620,"color":"rgb(31,119,180)"}],"gender":[{"description":"Female","count":524,"tested":6013,"color":"rgb(255,127,14)"},{"description":"Male","count":496,"tested":5235,"color":"rgb(31,119,180)"}]}
