{"age":[{"age_group":"<20","count":899,"tested":15328},{"age_group":"20-29   ","count":687,"tested":9059},{"age_group":"30-39   ","count":716,"tested":9091},{"age_group":"40-49   ","count":780,"tested":9235},{"age_group":"50-59   ","count":686,"tested":8547},{"age_group":"60-69   ","count":306,"tested":4949},{"age_group":"70-79   ","count":165,"tested":3096},{"age_group":"80+","count":144,"tested":2660}],"race":[{"description":"Asian","count":102,"tested":1466,"color":"rgb(140,86,75)"},{"description":"Black","count":285,"tested":3700,"color":"rgb(255,127,14)"},{"description":"Hispanic","count":725,"tested":6007,"color":"rgb(214,39,40)"},{"description":"Left Blank","count":1111,"tested":22605,"color":"rgb(44,160,44)"},{"description":"Other","count":138,"tested":1912,"color":"rgb(148,103,189)"},{"description":"White","count":2017,"tested":26171,"color":"rgb(31,119,180)"}],"gender":[{"description":"Female","count":2270,"tested":33837,"color":"rgb(255,127,14)"},{"description":"Male","count":2096,"tested":27027,"color":"rgb(31,119,180)"},{"description":"Unknown/Left Blank","count":17,"tested":1102,"color":"rgb(44,160,44)"}]}
