{"age":[{"age_group":"<20","count":253,"tested":2672},{"age_group":"20-29   ","count":166,"tested":1789},{"age_group":"30-39   ","count":170,"tested":2092},{"age_group":"40-49   ","count":176,"tested":1768},{"age_group":"50-59   ","count":167,"tested":2102},{"age_group":"60-69   ","count":101,"tested":1307},{"age_group":"70-79   ","count":77,"tested":1104},{"age_group":"80+","count":63,"tested":1074}],"race":[{"description":"Black","count":11,"tested":73,"color":"rgb(255,127,14)"},{"description":"Hispanic","count":36,"tested":189,"color":"rgb(214,39,40)"},{"description":"Left Blank","count":486,"tested":7199,"color":"rgb(44,160,44)"},{"description":"White","count":639,"tested":6177,"color":"rgb(31,119,180)"}],"gender":[{"description":"Female","count":629,"tested":7041,"color":"rgb(255,127,14)"},{"description":"Male","count":536,"tested":4573,"color":"rgb(31,119,180)"},{"description":"Unknown/Left Blank","count":19,"tested":2302,"color":"rgb(44,160,44)"}]}
