{"age":[{"age_group":"<20","count":778,"tested":9425},{"age_group":"20-29   ","count":860,"tested":10151},{"age_group":"30-39   ","count":683,"tested":8435},{"age_group":"40-49   ","count":643,"tested":8222},{"age_group":"50-59   ","count":568,"tested":8465},{"age_group":"60-69   ","count":503,"tested":9362},{"age_group":"70-79   ","count":266,"tested":6160},{"age_group":"80+","count":251,"tested":8994}],"race":[{"description":"Asian","count":97,"tested":605,"color":"rgb(140,86,75)"},{"description":"Black","count":650,"tested":8347,"color":"rgb(255,127,14)"},{"description":"Hispanic","count":366,"tested":2718,"color":"rgb(214,39,40)"},{"description":"Left Blank","count":1805,"tested":32977,"color":"rgb(44,160,44)"},{"description":"Other","count":134,"tested":4654,"color":"rgb(148,103,189)"},{"description":"White","count":1492,"tested":19966,"color":"rgb(31,119,180)"}],"gender":[{"description":"Female","count":2433,"tested":42731,"color":"rgb(255,127,14)"},{"description":"Male","count":2106,"tested":25652,"color":"rgb(31,119,180)"},{"description":"Unknown/Left Blank","count":13,"tested":954,"color":"rgb(44,160,44)"}]}
