{"age":[{"age_group":"<20","count":658,"tested":33252},{"age_group":"20-29   ","count":891,"tested":80857},{"age_group":"30-39   ","count":341,"tested":15692},{"age_group":"40-49   ","count":314,"tested":9616},{"age_group":"50-59   ","count":323,"tested":11647},{"age_group":"60-69   ","count":222,"tested":10607},{"age_group":"70-79   ","count":130,"tested":7328},{"age_group":"80+","count":185,"tested":13961}],"race":[{"description":"Asian","count":172,"tested":28960,"color":"rgb(140,86,75)"},{"description":"Black","count":510,"tested":13063,"color":"rgb(255,127,14)"},{"description":"Hispanic","count":389,"tested":13537,"color":"rgb(214,39,40)"},{"description":"Left Blank","count":385,"tested":46693,"color":"rgb(44,160,44)"},{"description":"Other","count":193,"tested":5323,"color":"rgb(148,103,189)"},{"description":"White","count":1407,"tested":75036,"color":"rgb(31,119,180)"}],"gender":[{"description":"Female","count":1499,"tested":100589,"color":"rgb(255,127,14)"},{"description":"Male","count":1544,"tested":80556,"color":"rgb(31,119,180)"},{"description":"Unknown/Left Blank","count":21,"tested":1851,"color":"rgb(44,160,44)"}]}
