{"lastUpdatedDate":{"year":2021,"month":4,"day":2},"county_demographics":[{"County":"Pulaski","confirmed_cases":674,"total_tested":6013,"demographics":{"age":[{"race":[],"age_group":"<20","count":91,"tested":586,"deaths":0},{"race":[],"age_group":"20-29   ","count":119,"tested":1011,"deaths":0},{"race":[],"age_group":"30-39   ","count":112,"tested":1213,"deaths":0},{"race":[],"age_group":"40-49   ","count":123,"tested":1163,"deaths":0},{"race":[],"age_group":"50-59   ","count":79,"tested":1053,"deaths":0},{"race":[],"age_group":"60-69   ","count":83,"tested":625,"deaths":0},{"race":[],"age_group":"70-79   ","count":36,"tested":247,"deaths":0},{"race":[],"age_group":"80+","count":17,"tested":115,"deaths":0}],"race":[{"description":"AI/AN**","count":0,"tested":0,"deaths":0,"color":"rgb(31,119,180)"},{"description":"Asian","count":0,"tested":9,"deaths":0,"color":"rgb(140,86,75)"},{"description":"Black","count":105,"tested":1170,"deaths":0,"color":"rgb(255,127,14)"},{"description":"Hispanic","count":98,"tested":630,"deaths":0,"color":"rgb(214,39,40)"},{"description":"Left Blank","count":150,"tested":1807,"deaths":0,"color":"rgb(44,160,44)"},{"description":"NH/PI*","count":0,"tested":0,"deaths":0,"color":"rgb(127,127,127)"},{"description":"Other","count":0,"tested":94,"deaths":0,"color":"rgb(148,103,189)"},{"description":"White","count":317,"tested":2301,"deaths":0,"color":"rgb(31,119,180)"}],"gender":[{"description":"Female","count":307,"tested":2948,"deaths":0,"color":"rgb(255,127,14)"},{"description":"Male","count":337,"tested":2559,"deaths":0,"color":"rgb(31,119,180)"},{"description":"Unknown/Left Blank","count":30,"tested":506,"deaths":0,"color":"rgb(44,160,44)"}]}}]}
