{"lastUpdatedDate":{"year":2021,"month":4,"day":2},"county_demographics":[{"County":"Mercer","confirmed_cases":1322,"total_tested":16359,"demographics":{"age":[{"race":[],"age_group":"<20","count":205,"tested":2771,"deaths":0},{"race":[],"age_group":"20-29   ","count":160,"tested":1884,"deaths":0},{"race":[],"age_group":"30-39   ","count":169,"tested":1983,"deaths":0},{"race":[],"age_group":"40-49   ","count":209,"tested":1909,"deaths":0},{"race":[],"age_group":"50-59   ","count":215,"tested":2392,"deaths":0},{"race":[],"age_group":"60-69   ","count":173,"tested":2076,"deaths":0},{"race":[],"age_group":"70-79   ","count":90,"tested":1571,"deaths":0},{"race":[],"age_group":"80+","count":96,"tested":1759,"deaths":0},{"race":[],"age_group":"Unknown","count":0,"tested":14,"deaths":0}],"race":[{"description":"AI/AN**","count":0,"tested":0,"deaths":0,"color":"rgb(31,119,180)"},{"description":"Asian","count":0,"tested":6,"deaths":0,"color":"rgb(140,86,75)"},{"description":"Black","count":7,"tested":21,"deaths":0,"color":"rgb(255,127,14)"},{"description":"Hispanic","count":20,"tested":95,"deaths":0,"color":"rgb(214,39,40)"},{"description":"Left Blank","count":374,"tested":7277,"deaths":0,"color":"rgb(44,160,44)"},{"description":"NH/PI*","count":0,"tested":0,"deaths":0,"color":"rgb(127,127,127)"},{"description":"Other","count":10,"tested":212,"deaths":0,"color":"rgb(148,103,189)"},{"description":"White","count":907,"tested":8743,"deaths":0,"color":"rgb(31,119,180)"}],"gender":[{"description":"Female","count":708,"tested":9637,"deaths":0,"color":"rgb(255,127,14)"},{"description":"Male","count":606,"tested":6405,"deaths":0,"color":"rgb(31,119,180)"},{"description":"Unknown/Left Blank","count":6,"tested":317,"deaths":0,"color":"rgb(44,160,44)"}]}}]}
