{"lastUpdatedDate":{"year":2021,"month":4,"day":2},"county_demographics":[{"County":"Ogle","confirmed_cases":5465,"total_tested":57714,"demographics":{"age":[{"race":[],"age_group":"<20","count":872,"tested":8252,"deaths":0},{"race":[],"age_group":"20-29   ","count":881,"tested":8770,"deaths":0},{"race":[],"age_group":"30-39   ","count":848,"tested":8427,"deaths":0},{"race":[],"age_group":"40-49   ","count":819,"tested":7427,"deaths":0},{"race":[],"age_group":"50-59   ","count":856,"tested":8534,"deaths":0},{"race":[],"age_group":"60-69   ","count":556,"tested":7070,"deaths":0},{"race":[],"age_group":"70-79   ","count":322,"tested":3792,"deaths":0},{"race":[],"age_group":"80+","count":247,"tested":5414,"deaths":0},{"race":[],"age_group":"Unknown","count":64,"tested":28,"deaths":0}],"race":[{"description":"AI/AN**","count":0,"tested":62,"deaths":0,"color":"rgb(31,119,180)"},{"description":"Asian","count":7,"tested":96,"deaths":0,"color":"rgb(140,86,75)"},{"description":"Black","count":34,"tested":544,"deaths":0,"color":"rgb(255,127,14)"},{"description":"Hispanic","count":480,"tested":1588,"deaths":0,"color":"rgb(214,39,40)"},{"description":"Left Blank","count":2194,"tested":25217,"deaths":0,"color":"rgb(44,160,44)"},{"description":"NH/PI*","count":0,"tested":0,"deaths":0,"color":"rgb(127,127,127)"},{"description":"Other","count":77,"tested":733,"deaths":0,"color":"rgb(148,103,189)"},{"description":"White","count":2667,"tested":29470,"deaths":0,"color":"rgb(31,119,180)"}],"gender":[{"description":"Female","count":2877,"tested":36107,"deaths":0,"color":"rgb(255,127,14)"},{"description":"Male","count":2515,"tested":18258,"deaths":0,"color":"rgb(31,119,180)"},{"description":"Unknown/Left Blank","count":73,"tested":3349,"deaths":0,"color":"rgb(44,160,44)"}]}}]}
