{"lastUpdatedDate":{"year":2021,"month":4,"day":2},"county_demographics":[{"County":"Putnam","confirmed_cases":433,"total_tested":5823,"demographics":{"age":[{"race":[],"age_group":"<20","count":50,"tested":622,"deaths":0},{"race":[],"age_group":"20-29   ","count":69,"tested":690,"deaths":0},{"race":[],"age_group":"30-39   ","count":64,"tested":1009,"deaths":0},{"race":[],"age_group":"40-49   ","count":57,"tested":909,"deaths":0},{"race":[],"age_group":"50-59   ","count":83,"tested":1244,"deaths":0},{"race":[],"age_group":"60-69   ","count":63,"tested":848,"deaths":0},{"race":[],"age_group":"70-79   ","count":30,"tested":349,"deaths":0},{"race":[],"age_group":"80+","count":11,"tested":151,"deaths":0},{"race":[],"age_group":"Unknown","count":0,"tested":0,"deaths":0}],"race":[{"description":"Asian","count":0,"tested":0,"deaths":0,"color":"rgb(140,86,75)"},{"description":"Black","count":0,"tested":17,"deaths":0,"color":"rgb(255,127,14)"},{"description":"Hispanic","count":11,"tested":136,"deaths":0,"color":"rgb(214,39,40)"},{"description":"Left Blank","count":170,"tested":2741,"deaths":0,"color":"rgb(44,160,44)"},{"description":"NH/PI*","count":0,"tested":45,"deaths":0,"color":"rgb(127,127,127)"},{"description":"Other","count":0,"tested":50,"deaths":0,"color":"rgb(148,103,189)"},{"description":"White","count":241,"tested":2831,"deaths":0,"color":"rgb(31,119,180)"}],"gender":[{"description":"Female","count":230,"tested":3407,"deaths":0,"color":"rgb(255,127,14)"},{"description":"Male","count":188,"tested":1601,"deaths":0,"color":"rgb(31,119,180)"},{"description":"Unknown/Left Blank","count":10,"tested":815,"deaths":0,"color":"rgb(44,160,44)"}]}}]}
