{"lastUpdatedDate":{"year":2021,"month":4,"day":2},"county_demographics":[{"County":"Marion","confirmed_cases":4364,"total_tested":80554,"demographics":{"age":[{"race":[],"age_group":"<20","count":546,"tested":5959,"deaths":0},{"race":[],"age_group":"20-29   ","count":603,"tested":13699,"deaths":0},{"race":[],"age_group":"30-39   ","count":618,"tested":15909,"deaths":0},{"race":[],"age_group":"40-49   ","count":639,"tested":13795,"deaths":0},{"race":[],"age_group":"50-59   ","count":660,"tested":11291,"deaths":0},{"race":[],"age_group":"60-69   ","count":603,"tested":8314,"deaths":0},{"race":[],"age_group":"70-79   ","count":375,"tested":4730,"deaths":0},{"race":[],"age_group":"80+","count":320,"tested":5934,"deaths":0},{"race":[],"age_group":"Unknown","count":0,"tested":923,"deaths":0}],"race":[{"description":"AI/AN**","count":7,"tested":40,"deaths":0,"color":"rgb(31,119,180)"},{"description":"Asian","count":0,"tested":112,"deaths":0,"color":"rgb(140,86,75)"},{"description":"Black","count":136,"tested":2162,"deaths":0,"color":"rgb(255,127,14)"},{"description":"Hispanic","count":39,"tested":247,"deaths":0,"color":"rgb(214,39,40)"},{"description":"Left Blank","count":851,"tested":48388,"deaths":0,"color":"rgb(44,160,44)"},{"description":"NH/PI*","count":0,"tested":13,"deaths":0,"color":"rgb(127,127,127)"},{"description":"Other","count":48,"tested":827,"deaths":0,"color":"rgb(148,103,189)"},{"description":"White","count":3274,"tested":28765,"deaths":0,"color":"rgb(31,119,180)"}],"gender":[{"description":"Female","count":2453,"tested":35340,"deaths":0,"color":"rgb(255,127,14)"},{"description":"Male","count":1872,"tested":26946,"deaths":0,"color":"rgb(31,119,180)"},{"description":"Unknown/Left Blank","count":34,"tested":18268,"deaths":0,"color":"rgb(44,160,44)"}]}}]}
