{"age":[{"age_group":"<20","count":178,"tested":1572},{"age_group":"20-29   ","count":140,"tested":1594},{"age_group":"30-39   ","count":117,"tested":1241},{"age_group":"40-49   ","count":132,"tested":1368},{"age_group":"50-59   ","count":156,"tested":1793},{"age_group":"60-69   ","count":77,"tested":1279},{"age_group":"70-79   ","count":38,"tested":614},{"age_group":"80+","count":11,"tested":266}],"race":[{"description":"Other","count":10,"tested":201,"color":"rgb(148,103,189)"},{"description":"Asian","count":9,"tested":210,"color":"rgb(140,86,75)"},{"description":"Hispanic","count":77,"tested":402,"color":"rgb(214,39,40)"},{"description":"Left Blank","count":201,"tested":3618,"color":"rgb(44,160,44)"},{"description":"White","count":551,"tested":5234,"color":"rgb(31,119,180)"}],"gender":[{"description":"Female","count":437,"tested":5540,"color":"rgb(255,127,14)"},{"description":"Male","count":409,"tested":4085,"color":"rgb(31,119,180)"}]}
