{"age":[{"age_group":"<20","count":75,"tested":747},{"age_group":"20-29   ","count":119,"tested":1215},{"age_group":"30-39   ","count":86,"tested":983},{"age_group":"40-49   ","count":111,"tested":1411},{"age_group":"50-59   ","count":126,"tested":1522},{"age_group":"60-69   ","count":121,"tested":1221},{"age_group":"70-79   ","count":48,"tested":646},{"age_group":"80+","count":26,"tested":336}],"race":[{"description":"Other","count":22,"tested":258,"color":"rgb(148,103,189)"},{"description":"Black","count":100,"tested":1067,"color":"rgb(255,127,14)"},{"description":"White","count":331,"tested":3434,"color":"rgb(31,119,180)"},{"description":"Left Blank","count":198,"tested":2795,"color":"rgb(44,160,44)"},{"description":"Hispanic","count":52,"tested":346,"color":"rgb(214,39,40)"}],"gender":[{"description":"Female","count":359,"tested":4734,"color":"rgb(255,127,14)"},{"description":"Male","count":350,"tested":3239,"color":"rgb(31,119,180)"}]}
