{"age":[{"age_group":"<20","count":11,"tested":175},{"age_group":"20-29   ","count":10,"tested":148},{"age_group":"40-49   ","count":10,"tested":161},{"age_group":"60-69   ","count":13,"tested":188}],"race":[{"description":"Left Blank","count":10,"tested":335,"color":"rgb(44,160,44)"},{"description":"White","count":50,"tested":731,"color":"rgb(31,119,180)"}],"gender":[{"description":"Female","count":27,"tested":635,"color":"rgb(255,127,14)"},{"description":"Male","count":36,"tested":469,"color":"rgb(31,119,180)"}]}
