{"age":[{"age_group":"<20","count":21,"tested":387},{"age_group":"20-29   ","count":327,"tested":6227},{"age_group":"30-39   ","count":286,"tested":5870},{"age_group":"40-49   ","count":52,"tested":1320},{"age_group":"50-59   ","count":32,"tested":826},{"age_group":"60-69   ","count":22,"tested":390}],"race":[{"description":"Left Blank","count":276,"tested":6967,"color":"rgb(44,160,44)"},{"description":"Hispanic","count":38,"tested":475,"color":"rgb(214,39,40)"},{"description":"Other","count":47,"tested":885,"color":"rgb(148,103,189)"},{"description":"Asian","count":65,"tested":1649,"color":"rgb(140,86,75)"},{"description":"White","count":285,"tested":4747,"color":"rgb(31,119,180)"},{"description":"Black","count":30,"tested":473,"color":"rgb(255,127,14)"}],"gender":[{"description":"Unknown/Left Blank","count":21,"tested":165,"color":"rgb(44,160,44)"},{"description":"Female","count":336,"tested":7724,"color":"rgb(255,127,14)"},{"description":"Male","count":386,"tested":7341,"color":"rgb(31,119,180)"}]}
