{"age":[{"age_group":"<20","count":247,"tested":3717},{"age_group":"20-29   ","count":418,"tested":5402},{"age_group":"30-39   ","count":303,"tested":5056},{"age_group":"40-49   ","count":252,"tested":3709},{"age_group":"50-59   ","count":263,"tested":4228},{"age_group":"60-69   ","count":149,"tested":3665},{"age_group":"70-79   ","count":82,"tested":2299},{"age_group":"80+","count":92,"tested":5320}],"race":[{"description":"Asian","count":91,"tested":1477,"color":"rgb(140,86,75)"},{"description":"White","count":988,"tested":11263,"color":"rgb(31,119,180)"},{"description":"Black","count":115,"tested":1097,"color":"rgb(255,127,14)"},{"description":"Other","count":58,"tested":924,"color":"rgb(148,103,189)"},{"description":"Left Blank","count":356,"tested":17587,"color":"rgb(44,160,44)"},{"description":"Hispanic","count":194,"tested":1025,"color":"rgb(214,39,40)"}],"gender":[{"description":"Female","count":908,"tested":19382,"color":"rgb(255,127,14)"},{"description":"Male","count":886,"tested":13478,"color":"rgb(31,119,180)"}]}
