{"age":[{"age_group":"<20","count":521,"tested":5679},{"age_group":"20-29   ","count":753,"tested":9875},{"age_group":"30-39   ","count":785,"tested":10291},{"age_group":"40-49   ","count":762,"tested":11084},{"age_group":"50-59   ","count":780,"tested":13549},{"age_group":"60-69   ","count":589,"tested":11306},{"age_group":"70-79   ","count":340,"tested":5777},{"age_group":"80+","count":223,"tested":3275}],"race":[{"description":"White","count":81,"tested":846,"color":"rgb(31,119,180)"},{"description":"Asian","count":7,"tested":68,"color":"rgb(140,86,75)"},{"description":"Hispanic","count":131,"tested":858,"color":"rgb(214,39,40)"},{"description":"Black","count":3111,"tested":37220,"color":"rgb(255,127,14)"},{"description":"Left Blank","count":1289,"tested":30630,"color":"rgb(44,160,44)"},{"description":"Other","count":128,"tested":1083,"color":"rgb(148,103,189)"},{"description":"AI/AN**","count":7,"tested":40,"color":"rgb(31,119,180)"}],"gender":[{"description":"Female","count":2715,"tested":39849,"color":"rgb(255,127,14)"},{"description":"Unknown/Left Blank","count":55,"tested":1786,"color":"rgb(44,160,44)"},{"description":"Male","count":1984,"tested":29220,"color":"rgb(31,119,180)"}]}
