{"age":[{"age_group":"<20","count":433,"tested":7367},{"age_group":"20-29   ","count":360,"tested":9368},{"age_group":"30-39   ","count":298,"tested":8549},{"age_group":"40-49   ","count":384,"tested":12419},{"age_group":"50-59   ","count":418,"tested":13883},{"age_group":"60-69   ","count":348,"tested":11772},{"age_group":"70-79   ","count":264,"tested":7540},{"age_group":"80+","count":386,"tested":11242}],"race":[{"description":"Hispanic","count":109,"tested":1580,"color":"rgb(214,39,40)"},{"description":"Left Blank","count":832,"tested":48994,"color":"rgb(44,160,44)"},{"description":"Other","count":255,"tested":2960,"color":"rgb(148,103,189)"},{"description":"Asian","count":148,"tested":3508,"color":"rgb(140,86,75)"},{"description":"White","count":1501,"tested":23292,"color":"rgb(31,119,180)"},{"description":"Black","count":36,"tested":1110,"color":"rgb(255,127,14)"}],"gender":[{"description":"Male","count":1379,"tested":30486,"color":"rgb(31,119,180)"},{"description":"Female","count":1496,"tested":48746,"color":"rgb(255,127,14)"},{"description":"Unknown/Left Blank","count":16,"tested":2934,"color":"rgb(44,160,44)"}]}
