{"age":[{"age_group":"<20","count":181,"tested":2751},{"age_group":"20-29   ","count":111,"tested":1981},{"age_group":"30-39   ","count":73,"tested":1412},{"age_group":"40-49   ","count":105,"tested":2096},{"age_group":"50-59   ","count":125,"tested":2055},{"age_group":"60-69   ","count":89,"tested":1767},{"age_group":"70-79   ","count":37,"tested":965},{"age_group":"80+","count":10,"tested":346}],"race":[{"description":"Hispanic","count":42,"tested":555,"color":"rgb(214,39,40)"},{"description":"Asian","count":12,"tested":483,"color":"rgb(140,86,75)"},{"description":"White","count":376,"tested":6534,"color":"rgb(31,119,180)"},{"description":"Left Blank","count":210,"tested":4414,"color":"rgb(44,160,44)"},{"description":"Other","count":45,"tested":601,"color":"rgb(148,103,189)"},{"description":"Black","count":46,"tested":777,"color":"rgb(255,127,14)"}],"gender":[{"description":"Female","count":343,"tested":7120,"color":"rgb(255,127,14)"},{"description":"Male","count":384,"tested":6034,"color":"rgb(31,119,180)"}]}
