{"age":[{"age_group":"<20","count":508,"tested":6947},{"age_group":"20-29   ","count":608,"tested":9489},{"age_group":"30-39   ","count":613,"tested":9933},{"age_group":"40-49   ","count":607,"tested":11684},{"age_group":"50-59   ","count":649,"tested":12981},{"age_group":"60-69   ","count":487,"tested":12636},{"age_group":"70-79   ","count":275,"tested":6503},{"age_group":"80+","count":242,"tested":5645}],"race":[{"description":"Other","count":149,"tested":1550,"color":"rgb(148,103,189)"},{"description":"Left Blank","count":1387,"tested":42679,"color":"rgb(44,160,44)"},{"description":"White","count":446,"tested":7620,"color":"rgb(31,119,180)"},{"description":"Asian","count":8,"tested":127,"color":"rgb(140,86,75)"},{"description":"Hispanic","count":95,"tested":988,"color":"rgb(214,39,40)"},{"description":"Black","count":1900,"tested":22721,"color":"rgb(255,127,14)"}],"gender":[{"description":"Unknown/Left Blank","count":82,"tested":4685,"color":"rgb(44,160,44)"},{"description":"Male","count":1732,"tested":29937,"color":"rgb(31,119,180)"},{"description":"Female","count":2175,"tested":41216,"color":"rgb(255,127,14)"}]}
