{"age":[{"age_group":"<20","count":239,"tested":4755},{"age_group":"20-29   ","count":1205,"tested":24363},{"age_group":"30-39   ","count":823,"tested":20082},{"age_group":"40-49   ","count":390,"tested":9249},{"age_group":"50-59   ","count":331,"tested":8080},{"age_group":"60-69   ","count":250,"tested":6475},{"age_group":"70-79   ","count":111,"tested":3450},{"age_group":"80+","count":100,"tested":2428}],"race":[{"description":"White","count":1461,"tested":25775,"color":"rgb(31,119,180)"},{"description":"Asian","count":124,"tested":2178,"color":"rgb(140,86,75)"},{"description":"Black","count":205,"tested":2668,"color":"rgb(255,127,14)"},{"description":"Other","count":186,"tested":3126,"color":"rgb(148,103,189)"},{"description":"Left Blank","count":1106,"tested":42025,"color":"rgb(44,160,44)"},{"description":"Hispanic","count":360,"tested":3035,"color":"rgb(214,39,40)"}],"gender":[{"description":"Female","count":1539,"tested":40807,"color":"rgb(255,127,14)"},{"description":"Male","count":1768,"tested":36660,"color":"rgb(31,119,180)"},{"description":"Unknown/Left Blank","count":142,"tested":1437,"color":"rgb(44,160,44)"}]}
