{"age":[{"age_group":"<20","count":115,"tested":960},{"age_group":"20-29   ","count":97,"tested":1687},{"age_group":"30-39   ","count":100,"tested":1738},{"age_group":"40-49   ","count":113,"tested":1984},{"age_group":"50-59   ","count":97,"tested":1842},{"age_group":"60-69   ","count":54,"tested":1527},{"age_group":"70-79   ","count":33,"tested":1173},{"age_group":"80+","count":46,"tested":1305}],"race":[{"description":"White","count":141,"tested":1635,"color":"rgb(31,119,180)"},{"description":"Black","count":10,"tested":184,"color":"rgb(255,127,14)"},{"description":"Other","count":42,"tested":355,"color":"rgb(148,103,189)"},{"description":"Hispanic","count":348,"tested":2459,"color":"rgb(214,39,40)"},{"description":"Left Blank","count":110,"tested":7380,"color":"rgb(44,160,44)"}],"gender":[{"description":"Female","count":338,"tested":7193,"color":"rgb(255,127,14)"},{"description":"Male","count":311,"tested":4863,"color":"rgb(31,119,180)"}]}
