{"age":[{"age_group":"<20","count":194,"tested":5680},{"age_group":"20-29   ","count":659,"tested":20644},{"age_group":"30-39   ","count":692,"tested":15480},{"age_group":"40-49   ","count":315,"tested":6396},{"age_group":"50-59   ","count":294,"tested":3825},{"age_group":"60-69   ","count":181,"tested":2625},{"age_group":"70-79   ","count":55,"tested":892},{"age_group":"80+","count":20,"tested":342}],"race":[{"description":"Black","count":437,"tested":5907,"color":"rgb(255,127,14)"},{"description":"Asian","count":151,"tested":7249,"color":"rgb(140,86,75)"},{"description":"Hispanic","count":220,"tested":3222,"color":"rgb(214,39,40)"},{"description":"White","count":855,"tested":17489,"color":"rgb(31,119,180)"},{"description":"Left Blank","count":608,"tested":18250,"color":"rgb(44,160,44)"},{"description":"Other","count":137,"tested":3637,"color":"rgb(148,103,189)"}],"gender":[{"description":"Female","count":1054,"tested":27634,"color":"rgb(255,127,14)"},{"description":"Male","count":1231,"tested":25358,"color":"rgb(31,119,180)"},{"description":"Unknown/Left Blank","count":126,"tested":2906,"color":"rgb(44,160,44)"}]}
