{"age":[{"age_group":"<20","count":33,"tested":355},{"age_group":"20-29   ","count":40,"tested":278},{"age_group":"30-39   ","count":26,"tested":303},{"age_group":"40-49   ","count":42,"tested":443},{"age_group":"50-59   ","count":33,"tested":371},{"age_group":"60-69   ","count":24,"tested":328},{"age_group":"70-79   ","count":11,"tested":232}],"race":[{"description":"Other","count":6,"tested":47,"color":"rgb(148,103,189)"},{"description":"White","count":180,"tested":1949,"color":"rgb(31,119,180)"},{"description":"Left Blank","count":20,"tested":404,"color":"rgb(44,160,44)"}],"gender":[{"description":"Female","count":104,"tested":1477,"color":"rgb(255,127,14)"},{"description":"Male","count":106,"tested":948,"color":"rgb(31,119,180)"}]}
