{"age":[{"age_group":"<20","count":2959,"tested":17205},{"age_group":"20-29   ","count":3394,"tested":25694},{"age_group":"30-39   ","count":2869,"tested":18844},{"age_group":"40-49   ","count":2969,"tested":17846},{"age_group":"50-59   ","count":2204,"tested":14208},{"age_group":"60-69   ","count":1277,"tested":9721},{"age_group":"70-79   ","count":463,"tested":4400},{"age_group":"80+","count":190,"tested":2040}],"race":[{"description":"Hispanic","count":10105,"tested":44973,"color":"rgb(214,39,40)"},{"description":"Asian","count":20,"tested":323,"color":"rgb(140,86,75)"},{"description":"Black","count":1042,"tested":10510,"color":"rgb(255,127,14)"},{"description":"White","count":771,"tested":8399,"color":"rgb(31,119,180)"},{"description":"Left Blank","count":3700,"tested":40169,"color":"rgb(44,160,44)"},{"description":"Other","count":649,"tested":5330,"color":"rgb(148,103,189)"},{"description":"AI/AN**","count":29,"tested":222,"color":"rgb(31,119,180)"},{"description":"NH/PI*","count":9,"tested":72,"color":"rgb(127,127,127)"}],"gender":[{"description":"Female","count":8413,"tested":61375,"color":"rgb(255,127,14)"},{"description":"Male","count":7805,"tested":47487,"color":"rgb(31,119,180)"},{"description":"Unknown/Left Blank","count":107,"tested":1136,"color":"rgb(44,160,44)"}]}
