{"age":[{"age_group":"<20","count":492,"tested":4690},{"age_group":"20-29   ","count":484,"tested":6052},{"age_group":"30-39   ","count":436,"tested":5135},{"age_group":"40-49   ","count":430,"tested":4492},{"age_group":"50-59   ","count":435,"tested":6170},{"age_group":"60-69   ","count":297,"tested":5585},{"age_group":"70-79   ","count":110,"tested":3329},{"age_group":"80+","count":134,"tested":4797}],"race":[{"description":"Black","count":32,"tested":319,"color":"rgb(255,127,14)"},{"description":"Hispanic","count":372,"tested":1885,"color":"rgb(214,39,40)"},{"description":"White","count":1640,"tested":15105,"color":"rgb(31,119,180)"},{"description":"Asian","count":58,"tested":657,"color":"rgb(140,86,75)"},{"description":"Other","count":58,"tested":562,"color":"rgb(148,103,189)"},{"description":"Left Blank","count":656,"tested":21687,"color":"rgb(44,160,44)"},{"description":"AI/AN**","count":6,"tested":8,"color":"rgb(31,119,180)"}],"gender":[{"description":"Female","count":1448,"tested":23437,"color":"rgb(255,127,14)"},{"description":"Male","count":1344,"tested":16163,"color":"rgb(31,119,180)"},{"description":"Unknown/Left Blank","count":34,"tested":664,"color":"rgb(44,160,44)"}]}
