{"age":[{"age_group":"<20","count":72,"tested":813},{"age_group":"20-29   ","count":99,"tested":959},{"age_group":"30-39   ","count":83,"tested":764},{"age_group":"40-49   ","count":106,"tested":726},{"age_group":"50-59   ","count":108,"tested":998},{"age_group":"60-69   ","count":48,"tested":692},{"age_group":"70-79   ","count":34,"tested":363},{"age_group":"80+","count":7,"tested":151}],"race":[{"description":"Other","count":22,"tested":166,"color":"rgb(148,103,189)"},{"description":"Left Blank","count":119,"tested":1309,"color":"rgb(44,160,44)"},{"description":"Hispanic","count":30,"tested":186,"color":"rgb(214,39,40)"},{"description":"White","count":385,"tested":3712,"color":"rgb(31,119,180)"}],"gender":[{"description":"Female","count":270,"tested":3014,"color":"rgb(255,127,14)"},{"description":"Male","count":287,"tested":2356,"color":"rgb(31,119,180)"}]}
