{"age":[{"age_group":"<20","count":488,"tested":3739},{"age_group":"20-29   ","count":580,"tested":6068},{"age_group":"30-39   ","count":567,"tested":5435},{"age_group":"40-49   ","count":585,"tested":6016},{"age_group":"50-59   ","count":509,"tested":6372},{"age_group":"60-69   ","count":344,"tested":5102},{"age_group":"70-79   ","count":174,"tested":2962},{"age_group":"80+","count":95,"tested":1913}],"race":[{"description":"Hispanic","count":517,"tested":2629,"color":"rgb(214,39,40)"},{"description":"White","count":152,"tested":1648,"color":"rgb(31,119,180)"},{"description":"Asian","count":8,"tested":33,"color":"rgb(140,86,75)"},{"description":"Black","count":1432,"tested":15929,"color":"rgb(255,127,14)"},{"description":"Other","count":80,"tested":664,"color":"rgb(148,103,189)"},{"description":"Left Blank","count":1152,"tested":16690,"color":"rgb(44,160,44)"}],"gender":[{"description":"Male","count":1395,"tested":13851,"color":"rgb(31,119,180)"},{"description":"Unknown/Left Blank","count":40,"tested":1028,"color":"rgb(44,160,44)"},{"description":"Female","count":1909,"tested":22751,"color":"rgb(255,127,14)"}]}
