{"age":[{"age_group":"<20","count":484,"tested":4761},{"age_group":"20-29   ","count":670,"tested":8445},{"age_group":"30-39   ","count":722,"tested":9684},{"age_group":"40-49   ","count":613,"tested":8726},{"age_group":"50-59   ","count":566,"tested":9087},{"age_group":"60-69   ","count":439,"tested":8359},{"age_group":"70-79   ","count":233,"tested":3701},{"age_group":"80+","count":171,"tested":2073}],"race":[{"description":"Black","count":2417,"tested":22989,"color":"rgb(255,127,14)"},{"description":"Asian","count":8,"tested":105,"color":"rgb(140,86,75)"},{"description":"Hispanic","count":496,"tested":2614,"color":"rgb(214,39,40)"},{"description":"White","count":106,"tested":1514,"color":"rgb(31,119,180)"},{"description":"Left Blank","count":777,"tested":26541,"color":"rgb(44,160,44)"},{"description":"Other","count":92,"tested":1059,"color":"rgb(148,103,189)"}],"gender":[{"description":"Female","count":2064,"tested":30246,"color":"rgb(255,127,14)"},{"description":"Male","count":1720,"tested":22663,"color":"rgb(31,119,180)"},{"description":"Unknown/Left Blank","count":115,"tested":1957,"color":"rgb(44,160,44)"}]}
