{"age":[{"age_group":"<20","count":342,"tested":6145},{"age_group":"20-29   ","count":863,"tested":27775},{"age_group":"30-39   ","count":727,"tested":16982},{"age_group":"40-49   ","count":560,"tested":13937},{"age_group":"50-59   ","count":547,"tested":15329},{"age_group":"60-69   ","count":488,"tested":15276},{"age_group":"70-79   ","count":299,"tested":9309},{"age_group":"80+","count":193,"tested":4126}],"race":[{"description":"Left Blank","count":1218,"tested":72515,"color":"rgb(44,160,44)"},{"description":"NH/PI*","count":6,"tested":76,"color":"rgb(127,127,127)"},{"description":"Hispanic","count":751,"tested":5021,"color":"rgb(214,39,40)"},{"description":"Other","count":195,"tested":2746,"color":"rgb(148,103,189)"},{"description":"Black","count":690,"tested":9111,"color":"rgb(255,127,14)"},{"description":"Asian","count":158,"tested":2166,"color":"rgb(140,86,75)"},{"description":"White","count":994,"tested":17254,"color":"rgb(31,119,180)"}],"gender":[{"description":"Unknown/Left Blank","count":93,"tested":5673,"color":"rgb(44,160,44)"},{"description":"Female","count":1970,"tested":58326,"color":"rgb(255,127,14)"},{"description":"Male","count":1956,"tested":44952,"color":"rgb(31,119,180)"}]}
