{"age":[{"age_group":"<20","count":32,"tested":310},{"age_group":"20-29   ","count":46,"tested":334},{"age_group":"30-39   ","count":27,"tested":325},{"age_group":"40-49   ","count":43,"tested":310},{"age_group":"50-59   ","count":30,"tested":224},{"age_group":"60-69   ","count":19,"tested":136},{"age_group":"70-79   ","count":6,"tested":106}],"race":[{"description":"White","count":100,"tested":788,"color":"rgb(31,119,180)"},{"description":"Left Blank","count":20,"tested":651,"color":"rgb(44,160,44)"},{"description":"Hispanic","count":86,"tested":321,"color":"rgb(214,39,40)"}],"gender":[{"description":"Male","count":99,"tested":697,"color":"rgb(31,119,180)"},{"description":"Female","count":108,"tested":1093,"color":"rgb(255,127,14)"}]}
