{"age":[{"age_group":"<20","count":115,"tested":995},{"age_group":"20-29   ","count":130,"tested":1857},{"age_group":"30-39   ","count":115,"tested":1792},{"age_group":"40-49   ","count":133,"tested":2176},{"age_group":"50-59   ","count":125,"tested":2571},{"age_group":"60-69   ","count":109,"tested":2462},{"age_group":"70-79   ","count":53,"tested":1121},{"age_group":"80+","count":35,"tested":731}],"race":[{"description":"White","count":77,"tested":863,"color":"rgb(31,119,180)"},{"description":"Black","count":370,"tested":4484,"color":"rgb(255,127,14)"},{"description":"Other","count":14,"tested":161,"color":"rgb(148,103,189)"},{"description":"Left Blank","count":287,"tested":7804,"color":"rgb(44,160,44)"},{"description":"Hispanic","count":66,"tested":356,"color":"rgb(214,39,40)"}],"gender":[{"description":"Female","count":432,"tested":7910,"color":"rgb(255,127,14)"},{"description":"Male","count":375,"tested":5396,"color":"rgb(31,119,180)"},{"description":"Unknown/Left Blank","count":8,"tested":414,"color":"rgb(44,160,44)"}]}
