{"age":[{"age_group":"<20","count":136,"tested":2632},{"age_group":"20-29   ","count":69,"tested":1538},{"age_group":"30-39   ","count":27,"tested":1102},{"age_group":"40-49   ","count":64,"tested":1446},{"age_group":"50-59   ","count":75,"tested":1773},{"age_group":"60-69   ","count":30,"tested":1159},{"age_group":"70-79   ","count":16,"tested":604},{"age_group":"80+","count":7,"tested":274}],"race":[{"description":"Other","count":63,"tested":1141,"color":"rgb(148,103,189)"},{"description":"Left Blank","count":105,"tested":3878,"color":"rgb(44,160,44)"},{"description":"Asian","count":7,"tested":198,"color":"rgb(140,86,75)"},{"description":"White","count":230,"tested":5109,"color":"rgb(31,119,180)"},{"description":"Hispanic","count":16,"tested":155,"color":"rgb(214,39,40)"}],"gender":[{"description":"Female","count":188,"tested":5275,"color":"rgb(255,127,14)"},{"description":"Male","count":234,"tested":5209,"color":"rgb(31,119,180)"}]}
