{"age":[{"age_group":"<20","count":16,"tested":272},{"age_group":"20-29   ","count":18,"tested":299},{"age_group":"30-39   ","count":21,"tested":423},{"age_group":"40-49   ","count":24,"tested":300},{"age_group":"50-59   ","count":24,"tested":269},{"age_group":"60-69   ","count":19,"tested":240}],"race":[{"description":"Left Blank","count":24,"tested":765,"color":"rgb(44,160,44)"},{"description":"White","count":98,"tested":1151,"color":"rgb(31,119,180)"}],"gender":[{"description":"Female","count":73,"tested":1262,"color":"rgb(255,127,14)"},{"description":"Male","count":58,"tested":631,"color":"rgb(31,119,180)"}]}
