{"age":[{"age_group":"<20","count":12,"tested":473},{"age_group":"20-29   ","count":115,"tested":2568},{"age_group":"30-39   ","count":77,"tested":1921},{"age_group":"40-49   ","count":30,"tested":851},{"age_group":"50-59   ","count":29,"tested":792},{"age_group":"60-69   ","count":17,"tested":592},{"age_group":"70-79   ","count":11,"tested":331}],"race":[{"description":"Left Blank","count":104,"tested":3934,"color":"rgb(44,160,44)"},{"description":"Other","count":12,"tested":321,"color":"rgb(148,103,189)"},{"description":"White","count":106,"tested":1753,"color":"rgb(31,119,180)"},{"description":"Black","count":26,"tested":702,"color":"rgb(255,127,14)"},{"description":"Hispanic","count":28,"tested":292,"color":"rgb(214,39,40)"},{"description":"Asian","count":18,"tested":682,"color":"rgb(140,86,75)"}],"gender":[{"description":"Male","count":173,"tested":4449,"color":"rgb(31,119,180)"},{"description":"Female","count":118,"tested":3137,"color":"rgb(255,127,14)"}]}
