{"age":[{"age_group":"<20","count":190,"tested":1181},{"age_group":"20-29   ","count":236,"tested":1870},{"age_group":"30-39   ","count":270,"tested":1922},{"age_group":"40-49   ","count":236,"tested":1464},{"age_group":"50-59   ","count":178,"tested":1409},{"age_group":"60-69   ","count":152,"tested":1329},{"age_group":"70-79   ","count":52,"tested":565},{"age_group":"80+","count":25,"tested":395}],"race":[{"description":"Left Blank","count":260,"tested":3308,"color":"rgb(44,160,44)"},{"description":"White","count":490,"tested":3583,"color":"rgb(31,119,180)"},{"description":"Asian","count":53,"tested":406,"color":"rgb(140,86,75)"},{"description":"Hispanic","count":456,"tested":2258,"color":"rgb(214,39,40)"},{"description":"Other","count":57,"tested":447,"color":"rgb(148,103,189)"},{"description":"Black","count":16,"tested":109,"color":"rgb(255,127,14)"}],"gender":[{"description":"Female","count":670,"tested":5415,"color":"rgb(255,127,14)"},{"description":"Male","count":661,"tested":4611,"color":"rgb(31,119,180)"}]}
