{"age":[{"age_group":"<20","count":224,"tested":3899},{"age_group":"20-29   ","count":150,"tested":2859},{"age_group":"30-39   ","count":105,"tested":2774},{"age_group":"40-49   ","count":167,"tested":3185},{"age_group":"50-59   ","count":156,"tested":3951},{"age_group":"60-69   ","count":114,"tested":4138},{"age_group":"70-79   ","count":84,"tested":3818},{"age_group":"80+","count":125,"tested":7467}],"race":[{"description":"Asian","count":117,"tested":2802,"color":"rgb(140,86,75)"},{"description":"Black","count":17,"tested":813,"color":"rgb(255,127,14)"},{"description":"Hispanic","count":83,"tested":1251,"color":"rgb(214,39,40)"},{"description":"Left Blank","count":239,"tested":9892,"color":"rgb(44,160,44)"},{"description":"Other","count":127,"tested":1403,"color":"rgb(148,103,189)"},{"description":"White","count":540,"tested":15837,"color":"rgb(31,119,180)"}],"gender":[]}
