{"age":[{"age_group":"<20","count":525,"tested":7142},{"age_group":"20-29   ","count":564,"tested":7965},{"age_group":"30-39   ","count":623,"tested":8029},{"age_group":"40-49   ","count":516,"tested":7010},{"age_group":"50-59   ","count":471,"tested":7150},{"age_group":"60-69   ","count":307,"tested":6225},{"age_group":"70-79   ","count":116,"tested":2969},{"age_group":"80+","count":41,"tested":1973}],"race":[{"description":"AI/AN**","count":10,"tested":79,"color":"rgb(31,119,180)"},{"description":"Asian","count":212,"tested":2919,"color":"rgb(140,86,75)"},{"description":"Black","count":285,"tested":3142,"color":"rgb(255,127,14)"},{"description":"Hispanic","count":535,"tested":3000,"color":"rgb(214,39,40)"},{"description":"Left Blank","count":596,"tested":21615,"color":"rgb(44,160,44)"},{"description":"NH/PI*","count":7,"tested":50,"color":"rgb(127,127,127)"},{"description":"Other","count":115,"tested":1727,"color":"rgb(148,103,189)"},{"description":"White","count":1403,"tested":15948,"color":"rgb(31,119,180)"}],"gender":[]}
