{"age":[{"age_group":"<20","count":460,"tested":6610},{"age_group":"20-29   ","count":436,"tested":5809},{"age_group":"30-39   ","count":384,"tested":6011},{"age_group":"40-49   ","count":326,"tested":4782},{"age_group":"50-59   ","count":359,"tested":5833},{"age_group":"60-69   ","count":295,"tested":5912},{"age_group":"70-79   ","count":109,"tested":3574},{"age_group":"80+","count":95,"tested":4482}],"race":[{"description":"Asian","count":90,"tested":1117,"color":"rgb(140,86,75)"},{"description":"Black","count":90,"tested":1032,"color":"rgb(255,127,14)"},{"description":"Hispanic","count":203,"tested":1121,"color":"rgb(214,39,40)"},{"description":"Left Blank","count":540,"tested":21627,"color":"rgb(44,160,44)"},{"description":"Other","count":71,"tested":1233,"color":"rgb(148,103,189)"},{"description":"White","count":1466,"tested":16880,"color":"rgb(31,119,180)"}],"gender":[]}
