{"age":[{"age_group":"<20","count":231,"tested":2863},{"age_group":"20-29   ","count":224,"tested":4044},{"age_group":"30-39   ","count":184,"tested":4121},{"age_group":"40-49   ","count":194,"tested":4191},{"age_group":"50-59   ","count":237,"tested":4831},{"age_group":"60-69   ","count":238,"tested":5033},{"age_group":"70-79   ","count":193,"tested":3914},{"age_group":"80+","count":206,"tested":4114}],"race":[{"description":"Asian","count":17,"tested":1012,"color":"rgb(140,86,75)"},{"description":"Black","count":50,"tested":2836,"color":"rgb(255,127,14)"},{"description":"Hispanic","count":63,"tested":872,"color":"rgb(214,39,40)"},{"description":"Left Blank","count":699,"tested":15767,"color":"rgb(44,160,44)"},{"description":"Other","count":45,"tested":698,"color":"rgb(148,103,189)"},{"description":"White","count":833,"tested":11907,"color":"rgb(31,119,180)"}],"gender":[]}
