{"age":[{"age_group":"<20","count":45,"tested":372},{"age_group":"20-29   ","count":36,"tested":406},{"age_group":"30-39   ","count":24,"tested":347},{"age_group":"40-49   ","count":26,"tested":300},{"age_group":"50-59   ","count":33,"tested":528},{"age_group":"60-69   ","count":45,"tested":534},{"age_group":"70-79   ","count":20,"tested":336},{"age_group":"80+","count":8,"tested":154}],"race":[{"description":"Black","count":9,"tested":37,"color":"rgb(255,127,14)"},{"description":"Hispanic","count":7,"tested":58,"color":"rgb(214,39,40)"},{"description":"Left Blank","count":15,"tested":386,"color":"rgb(44,160,44)"},{"description":"White","count":202,"tested":2446,"color":"rgb(31,119,180)"}],"gender":[]}
