{"age":[{"age_group":"<20","count":551,"tested":3930},{"age_group":"20-29   ","count":708,"tested":6742},{"age_group":"30-39   ","count":615,"tested":5157},{"age_group":"40-49   ","count":515,"tested":5275},{"age_group":"50-59   ","count":484,"tested":5435},{"age_group":"60-69   ","count":357,"tested":4863},{"age_group":"70-79   ","count":178,"tested":3435},{"age_group":"80+","count":101,"tested":2709}],"race":[{"description":"Asian","count":74,"tested":765,"color":"rgb(140,86,75)"},{"description":"Black","count":84,"tested":1085,"color":"rgb(255,127,14)"},{"description":"Hispanic","count":1161,"tested":6629,"color":"rgb(214,39,40)"},{"description":"Left Blank","count":970,"tested":17015,"color":"rgb(44,160,44)"},{"description":"Other","count":162,"tested":1538,"color":"rgb(148,103,189)"},{"description":"White","count":1052,"tested":10432,"color":"rgb(31,119,180)"}],"gender":[]}
