{"age":[{"age_group":"<20","count":73,"tested":1919},{"age_group":"20-29   ","count":42,"tested":937},{"age_group":"30-39   ","count":37,"tested":937},{"age_group":"40-49   ","count":55,"tested":1318},{"age_group":"50-59   ","count":45,"tested":897},{"age_group":"60-69   ","count":26,"tested":994},{"age_group":"70-79   ","count":10,"tested":552},{"age_group":"80+","count":9,"tested":241}],"race":[{"description":"Asian","count":10,"tested":269,"color":"rgb(140,86,75)"},{"description":"Black","count":30,"tested":488,"color":"rgb(255,127,14)"},{"description":"Hispanic","count":22,"tested":270,"color":"rgb(214,39,40)"},{"description":"Left Blank","count":84,"tested":2943,"color":"rgb(44,160,44)"},{"description":"Other","count":23,"tested":509,"color":"rgb(148,103,189)"},{"description":"White","count":128,"tested":3318,"color":"rgb(31,119,180)"}],"gender":[]}
