{"age":[{"age_group":"<20","count":233,"tested":3312},{"age_group":"20-29   ","count":270,"tested":3644},{"age_group":"30-39   ","count":309,"tested":4478},{"age_group":"40-49   ","count":289,"tested":4023},{"age_group":"50-59   ","count":255,"tested":4220},{"age_group":"60-69   ","count":164,"tested":3123},{"age_group":"70-79   ","count":91,"tested":2552},{"age_group":"80+","count":92,"tested":8765}],"race":[{"description":"AI/AN**","count":8,"tested":70,"color":"rgb(31,119,180)"},{"description":"Asian","count":203,"tested":3134,"color":"rgb(140,86,75)"},{"description":"Black","count":73,"tested":792,"color":"rgb(255,127,14)"},{"description":"Hispanic","count":240,"tested":1513,"color":"rgb(214,39,40)"},{"description":"Left Blank","count":534,"tested":20422,"color":"rgb(44,160,44)"},{"description":"Other","count":64,"tested":568,"color":"rgb(148,103,189)"},{"description":"White","count":580,"tested":7861,"color":"rgb(31,119,180)"}],"gender":[]}
