{"age":[{"age_group":"<20","count":242,"tested":6203},{"age_group":"20-29   ","count":159,"tested":4202},{"age_group":"30-39   ","count":170,"tested":5126},{"age_group":"40-49   ","count":196,"tested":5258},{"age_group":"50-59   ","count":157,"tested":4488},{"age_group":"60-69   ","count":98,"tested":2737},{"age_group":"70-79   ","count":52,"tested":1475},{"age_group":"80+","count":13,"tested":466}],"race":[{"description":"Asian","count":26,"tested":1029,"color":"rgb(140,86,75)"},{"description":"Black","count":232,"tested":3484,"color":"rgb(255,127,14)"},{"description":"Hispanic","count":103,"tested":1373,"color":"rgb(214,39,40)"},{"description":"Left Blank","count":183,"tested":9604,"color":"rgb(44,160,44)"},{"description":"Other","count":47,"tested":1400,"color":"rgb(148,103,189)"},{"description":"White","count":492,"tested":12936,"color":"rgb(31,119,180)"}],"gender":[]}
