{"age":[{"age_group":"<20","count":56,"tested":706},{"age_group":"20-29   ","count":55,"tested":595},{"age_group":"30-39   ","count":64,"tested":551},{"age_group":"40-49   ","count":45,"tested":300},{"age_group":"50-59   ","count":46,"tested":382},{"age_group":"60-69   ","count":34,"tested":380},{"age_group":"70-79   ","count":12,"tested":167},{"age_group":"80+","count":13,"tested":110}],"race":[{"description":"Hispanic","count":11,"tested":66,"color":"rgb(214,39,40)"},{"description":"Left Blank","count":75,"tested":1015,"color":"rgb(44,160,44)"},{"description":"Other","count":18,"tested":115,"color":"rgb(148,103,189)"},{"description":"White","count":218,"tested":1954,"color":"rgb(31,119,180)"}],"gender":[]}
