{"age":[{"age_group":"<20","count":322,"tested":2951},{"age_group":"20-29   ","count":473,"tested":4263},{"age_group":"30-39   ","count":492,"tested":4800},{"age_group":"40-49   ","count":399,"tested":3619},{"age_group":"50-59   ","count":364,"tested":4466},{"age_group":"60-69   ","count":248,"tested":3854},{"age_group":"70-79   ","count":133,"tested":3266},{"age_group":"80+","count":125,"tested":5549}],"race":[{"description":"Asian","count":55,"tested":777,"color":"rgb(140,86,75)"},{"description":"Black","count":80,"tested":973,"color":"rgb(255,127,14)"},{"description":"Hispanic","count":1181,"tested":5551,"color":"rgb(214,39,40)"},{"description":"Left Blank","count":438,"tested":17400,"color":"rgb(44,160,44)"},{"description":"Other","count":70,"tested":886,"color":"rgb(148,103,189)"},{"description":"White","count":723,"tested":7144,"color":"rgb(31,119,180)"}],"gender":[]}
