{"age":[{"age_group":"<20","count":349,"tested":4198},{"age_group":"20-29   ","count":315,"tested":3846},{"age_group":"30-39   ","count":328,"tested":3258},{"age_group":"40-49   ","count":371,"tested":3835},{"age_group":"50-59   ","count":374,"tested":4203},{"age_group":"60-69   ","count":232,"tested":3225},{"age_group":"70-79   ","count":121,"tested":1591},{"age_group":"80+","count":34,"tested":719}],"race":[{"description":"Asian","count":16,"tested":325,"color":"rgb(140,86,75)"},{"description":"Black","count":31,"tested":327,"color":"rgb(255,127,14)"},{"description":"Hispanic","count":135,"tested":1038,"color":"rgb(214,39,40)"},{"description":"Left Blank","count":922,"tested":10228,"color":"rgb(44,160,44)"},{"description":"Other","count":142,"tested":1226,"color":"rgb(148,103,189)"},{"description":"White","count":874,"tested":11685,"color":"rgb(31,119,180)"}],"gender":[]}
