{"age":[{"age_group":"<20","count":15,"tested":128},{"age_group":"20-29   ","count":23,"tested":219},{"age_group":"30-39   ","count":13,"tested":124},{"age_group":"40-49   ","count":13,"tested":120},{"age_group":"50-59   ","count":18,"tested":254},{"age_group":"60-69   ","count":7,"tested":101},{"age_group":"70-79   ","count":7,"tested":79}],"race":[{"description":"Left Blank","count":20,"tested":283,"color":"rgb(44,160,44)"},{"description":"Other","count":10,"tested":45,"color":"rgb(148,103,189)"},{"description":"White","count":62,"tested":730,"color":"rgb(31,119,180)"}],"gender":[]}
