{"age":[{"age_group":"<20","count":292,"tested":3178},{"age_group":"20-29   ","count":161,"tested":1793},{"age_group":"30-39   ","count":162,"tested":1931},{"age_group":"40-49   ","count":273,"tested":2386},{"age_group":"50-59   ","count":211,"tested":2090},{"age_group":"60-69   ","count":133,"tested":1656},{"age_group":"70-79   ","count":74,"tested":1263},{"age_group":"80+","count":37,"tested":1062}],"race":[{"description":"Asian","count":10,"tested":80,"color":"rgb(140,86,75)"},{"description":"Black","count":10,"tested":134,"color":"rgb(255,127,14)"},{"description":"Hispanic","count":57,"tested":285,"color":"rgb(214,39,40)"},{"description":"Left Blank","count":99,"tested":5107,"color":"rgb(44,160,44)"},{"description":"Other","count":17,"tested":224,"color":"rgb(148,103,189)"},{"description":"White","count":1149,"tested":9487,"color":"rgb(31,119,180)"}],"gender":[]}
