{"age":[{"age_group":"<20","count":71,"tested":822},{"age_group":"20-29   ","count":69,"tested":620},{"age_group":"30-39   ","count":56,"tested":582},{"age_group":"40-49   ","count":77,"tested":569},{"age_group":"50-59   ","count":62,"tested":503},{"age_group":"60-69   ","count":32,"tested":260},{"age_group":"70-79   ","count":10,"tested":146}],"race":[{"description":"Hispanic","count":32,"tested":168,"color":"rgb(214,39,40)"},{"description":"Left Blank","count":151,"tested":1505,"color":"rgb(44,160,44)"},{"description":"Other","count":7,"tested":69,"color":"rgb(148,103,189)"},{"description":"White","count":190,"tested":1779,"color":"rgb(31,119,180)"}],"gender":[]}
