{"age":[{"age_group":"<20","count":34,"tested":316},{"age_group":"20-29   ","count":36,"tested":350},{"age_group":"30-39   ","count":32,"tested":474},{"age_group":"40-49   ","count":27,"tested":374},{"age_group":"50-59   ","count":28,"tested":368},{"age_group":"60-69   ","count":21,"tested":443},{"age_group":"70-79   ","count":7,"tested":198}],"race":[{"description":"Hispanic","count":22,"tested":190,"color":"rgb(214,39,40)"},{"description":"Left Blank","count":44,"tested":794,"color":"rgb(44,160,44)"},{"description":"White","count":112,"tested":1567,"color":"rgb(31,119,180)"}],"gender":[]}
