{"age":[{"age_group":"<20","count":245,"tested":2314},{"age_group":"20-29   ","count":244,"tested":3343},{"age_group":"30-39   ","count":154,"tested":3290},{"age_group":"40-49   ","count":228,"tested":3618},{"age_group":"50-59   ","count":249,"tested":4860},{"age_group":"60-69   ","count":176,"tested":4209},{"age_group":"70-79   ","count":98,"tested":5880},{"age_group":"80+","count":116,"tested":8566}],"race":[{"description":"Asian","count":17,"tested":128,"color":"rgb(140,86,75)"},{"description":"Black","count":35,"tested":2281,"color":"rgb(255,127,14)"},{"description":"Hispanic","count":52,"tested":742,"color":"rgb(214,39,40)"},{"description":"Left Blank","count":413,"tested":7389,"color":"rgb(44,160,44)"},{"description":"Other","count":49,"tested":596,"color":"rgb(148,103,189)"},{"description":"White","count":943,"tested":24917,"color":"rgb(31,119,180)"}],"gender":[]}
