{"age":[{"age_group":"<20","count":132,"tested":1593},{"age_group":"20-29   ","count":132,"tested":3150},{"age_group":"30-39   ","count":115,"tested":2403},{"age_group":"40-49   ","count":128,"tested":2448},{"age_group":"50-59   ","count":153,"tested":3145},{"age_group":"60-69   ","count":107,"tested":2746},{"age_group":"70-79   ","count":71,"tested":2127},{"age_group":"80+","count":68,"tested":3122}],"race":[{"description":"Black","count":18,"tested":522,"color":"rgb(255,127,14)"},{"description":"Hispanic","count":79,"tested":505,"color":"rgb(214,39,40)"},{"description":"Left Blank","count":249,"tested":13858,"color":"rgb(44,160,44)"},{"description":"Other","count":11,"tested":225,"color":"rgb(148,103,189)"},{"description":"White","count":548,"tested":5537,"color":"rgb(31,119,180)"}],"gender":[]}
