{"age":[{"age_group":"<20","count":299,"tested":3048},{"age_group":"20-29   ","count":379,"tested":5042},{"age_group":"30-39   ","count":348,"tested":4687},{"age_group":"40-49   ","count":429,"tested":6074},{"age_group":"50-59   ","count":348,"tested":5969},{"age_group":"60-69   ","count":217,"tested":4640},{"age_group":"70-79   ","count":126,"tested":2711},{"age_group":"80+","count":91,"tested":1652}],"race":[{"description":"Asian","count":10,"tested":194,"color":"rgb(140,86,75)"},{"description":"Black","count":1253,"tested":15954,"color":"rgb(255,127,14)"},{"description":"Hispanic","count":96,"tested":743,"color":"rgb(214,39,40)"},{"description":"Left Blank","count":651,"tested":13066,"color":"rgb(44,160,44)"},{"description":"Other","count":44,"tested":719,"color":"rgb(148,103,189)"},{"description":"White","count":178,"tested":3044,"color":"rgb(31,119,180)"}],"gender":[]}
