{"age":[{"age_group":"<20","count":779,"tested":9181},{"age_group":"20-29   ","count":879,"tested":14805},{"age_group":"30-39   ","count":953,"tested":14835},{"age_group":"40-49   ","count":961,"tested":14799},{"age_group":"50-59   ","count":906,"tested":16230},{"age_group":"60-69   ","count":664,"tested":13112},{"age_group":"70-79   ","count":433,"tested":8166},{"age_group":"80+","count":288,"tested":5303}],"race":[{"description":"AI/AN**","count":6,"tested":64,"color":"rgb(31,119,180)"},{"description":"Black","count":4102,"tested":54533,"color":"rgb(255,127,14)"},{"description":"Hispanic","count":272,"tested":1991,"color":"rgb(214,39,40)"},{"description":"Left Blank","count":1249,"tested":36514,"color":"rgb(44,160,44)"},{"description":"Other","count":139,"tested":1412,"color":"rgb(148,103,189)"},{"description":"White","count":86,"tested":1755,"color":"rgb(31,119,180)"}],"gender":[]}
