{"age":[{"age_group":"<20","count":635,"tested":16917},{"age_group":"20-29   ","count":788,"tested":11736},{"age_group":"30-39   ","count":728,"tested":11702},{"age_group":"40-49   ","count":690,"tested":9757},{"age_group":"50-59   ","count":686,"tested":10134},{"age_group":"60-69   ","count":500,"tested":9695},{"age_group":"70-79   ","count":203,"tested":5221},{"age_group":"80+","count":241,"tested":8673}],"race":[{"description":"AI/AN**","count":10,"tested":144,"color":"rgb(31,119,180)"},{"description":"Asian","count":278,"tested":5602,"color":"rgb(140,86,75)"},{"description":"Black","count":60,"tested":1153,"color":"rgb(255,127,14)"},{"description":"Hispanic","count":1594,"tested":17717,"color":"rgb(214,39,40)"},{"description":"Left Blank","count":956,"tested":38204,"color":"rgb(44,160,44)"},{"description":"Other","count":248,"tested":2310,"color":"rgb(148,103,189)"},{"description":"White","count":1320,"tested":18733,"color":"rgb(31,119,180)"}],"gender":[]}
