{"age":[{"age_group":"<20","count":558,"tested":7381},{"age_group":"20-29   ","count":191,"tested":3437},{"age_group":"30-39   ","count":129,"tested":3090},{"age_group":"40-49   ","count":240,"tested":4074},{"age_group":"50-59   ","count":326,"tested":5104},{"age_group":"60-69   ","count":205,"tested":3970},{"age_group":"70-79   ","count":107,"tested":3068},{"age_group":"80+","count":102,"tested":2880}],"race":[{"description":"Asian","count":81,"tested":1481,"color":"rgb(140,86,75)"},{"description":"Black","count":36,"tested":771,"color":"rgb(255,127,14)"},{"description":"Hispanic","count":75,"tested":814,"color":"rgb(214,39,40)"},{"description":"Left Blank","count":393,"tested":15264,"color":"rgb(44,160,44)"},{"description":"Other","count":66,"tested":1071,"color":"rgb(148,103,189)"},{"description":"White","count":1201,"tested":13558,"color":"rgb(31,119,180)"}],"gender":[]}
