{"age":[{"age_group":"<20","count":15,"tested":152},{"age_group":"20-29   ","count":7,"tested":142},{"age_group":"30-39   ","count":14,"tested":103},{"age_group":"40-49   ","count":16,"tested":133},{"age_group":"50-59   ","count":23,"tested":150},{"age_group":"60-69   ","count":11,"tested":184},{"age_group":"70-79   ","count":7,"tested":57}],"race":[{"description":"Left Blank","count":38,"tested":370,"color":"rgb(44,160,44)"},{"description":"White","count":55,"tested":555,"color":"rgb(31,119,180)"}],"gender":[]}
