{"age":[{"age_group":"<20","count":53,"tested":608},{"age_group":"20-29   ","count":52,"tested":484},{"age_group":"30-39   ","count":44,"tested":452},{"age_group":"40-49   ","count":53,"tested":473},{"age_group":"50-59   ","count":46,"tested":562},{"age_group":"60-69   ","count":61,"tested":514},{"age_group":"70-79   ","count":37,"tested":382},{"age_group":"80+","count":17,"tested":222}],"race":[{"description":"Left Blank","count":66,"tested":1091,"color":"rgb(44,160,44)"},{"description":"White","count":287,"tested":2481,"color":"rgb(31,119,180)"}],"gender":[]}
