{"age":[{"age_group":"<20","count":423,"tested":5248},{"age_group":"20-29   ","count":597,"tested":6434},{"age_group":"30-39   ","count":717,"tested":7773},{"age_group":"40-49   ","count":564,"tested":6360},{"age_group":"50-59   ","count":496,"tested":6303},{"age_group":"60-69   ","count":347,"tested":4901},{"age_group":"70-79   ","count":135,"tested":2239},{"age_group":"80+","count":90,"tested":1675}],"race":[{"description":"Asian","count":231,"tested":2480,"color":"rgb(140,86,75)"},{"description":"Black","count":53,"tested":551,"color":"rgb(255,127,14)"},{"description":"Hispanic","count":444,"tested":3944,"color":"rgb(214,39,40)"},{"description":"Left Blank","count":682,"tested":14294,"color":"rgb(44,160,44)"},{"description":"NH/PI*","count":6,"tested":87,"color":"rgb(127,127,127)"},{"description":"Other","count":196,"tested":1717,"color":"rgb(148,103,189)"},{"description":"White","count":1752,"tested":17791,"color":"rgb(31,119,180)"}],"gender":[]}
