{"age":[{"age_group":"<20","count":437,"tested":4936},{"age_group":"20-29   ","count":445,"tested":7785},{"age_group":"30-39   ","count":343,"tested":5264},{"age_group":"40-49   ","count":360,"tested":4470},{"age_group":"50-59   ","count":311,"tested":4996},{"age_group":"60-69   ","count":212,"tested":3926},{"age_group":"70-79   ","count":125,"tested":2468},{"age_group":"80+","count":68,"tested":1627}],"race":[{"description":"Asian","count":6,"tested":119,"color":"rgb(140,86,75)"},{"description":"Black","count":781,"tested":6450,"color":"rgb(255,127,14)"},{"description":"Hispanic","count":530,"tested":2440,"color":"rgb(214,39,40)"},{"description":"Left Blank","count":187,"tested":17347,"color":"rgb(44,160,44)"},{"description":"Other","count":35,"tested":470,"color":"rgb(148,103,189)"},{"description":"White","count":755,"tested":8624,"color":"rgb(31,119,180)"}],"gender":[]}
