{"lastUpdatedDate":{"year":2020,"month":12,"day":12},"county_demographics":[{"County":"Macon","confirmed_cases":7295,"total_tested":88599,"demographics":{"age":[{"race":[],"age_group":"<20","count":1000,"tested":10536,"deaths":0},{"race":[],"age_group":"20-29   ","count":1068,"tested":13757,"deaths":0},{"race":[],"age_group":"30-39   ","count":1029,"tested":12032,"deaths":0},{"race":[],"age_group":"40-49   ","count":1021,"tested":11439,"deaths":0},{"race":[],"age_group":"50-59   ","count":1044,"tested":11561,"deaths":0},{"race":[],"age_group":"60-69   ","count":959,"tested":11454,"deaths":0},{"race":[],"age_group":"70-79   ","count":658,"tested":8195,"deaths":0},{"race":[],"age_group":"80+","count":511,"tested":9610,"deaths":0},{"race":[],"age_group":"Unknown","count":0,"tested":15,"deaths":0}],"race":[{"description":"AI/AN**","count":0,"tested":21,"deaths":0,"color":"rgb(31,119,180)"},{"description":"Asian","count":32,"tested":236,"deaths":0,"color":"rgb(140,86,75)"},{"description":"Black","count":1125,"tested":6763,"deaths":0,"color":"rgb(255,127,14)"},{"description":"Hispanic","count":66,"tested":435,"deaths":0,"color":"rgb(214,39,40)"},{"description":"Left Blank","count":2586,"tested":52726,"deaths":0,"color":"rgb(44,160,44)"},{"description":"NH/PI*","count":0,"tested":52,"deaths":0,"color":"rgb(127,127,127)"},{"description":"Other","count":94,"tested":1110,"deaths":0,"color":"rgb(148,103,189)"},{"description":"White","count":3379,"tested":27256,"deaths":0,"color":"rgb(31,119,180)"}],"gender":[{"description":"Female","count":4078,"tested":54403,"deaths":0,"color":"rgb(255,127,14)"},{"description":"Male","count":3108,"tested":30627,"deaths":0,"color":"rgb(31,119,180)"},{"description":"Unknown/Left Blank","count":104,"tested":3569,"deaths":0,"color":"rgb(44,160,44)"}]}}]}
