{"lastUpdatedDate":{"year":2020,"month":12,"day":12},"county_demographics":[{"County":"Warren","confirmed_cases":1303,"total_tested":9594,"demographics":{"age":[{"race":[],"age_group":"<20","count":140,"tested":1027,"deaths":0},{"race":[],"age_group":"20-29   ","count":196,"tested":1855,"deaths":0},{"race":[],"age_group":"30-39   ","count":205,"tested":1540,"deaths":0},{"race":[],"age_group":"40-49   ","count":230,"tested":1438,"deaths":0},{"race":[],"age_group":"50-59   ","count":200,"tested":1392,"deaths":0},{"race":[],"age_group":"60-69   ","count":161,"tested":1205,"deaths":0},{"race":[],"age_group":"70-79   ","count":93,"tested":715,"deaths":0},{"race":[],"age_group":"80+","count":78,"tested":422,"deaths":0}],"race":[{"description":"AI/AN**","count":0,"tested":0,"deaths":0,"color":"rgb(31,119,180)"},{"description":"Asian","count":18,"tested":23,"deaths":0,"color":"rgb(140,86,75)"},{"description":"Black","count":20,"tested":101,"deaths":0,"color":"rgb(255,127,14)"},{"description":"Hispanic","count":110,"tested":286,"deaths":0,"color":"rgb(214,39,40)"},{"description":"Left Blank","count":449,"tested":4741,"deaths":0,"color":"rgb(44,160,44)"},{"description":"NH/PI*","count":0,"tested":0,"deaths":0,"color":"rgb(127,127,127)"},{"description":"Other","count":13,"tested":148,"deaths":0,"color":"rgb(148,103,189)"},{"description":"White","count":685,"tested":4287,"deaths":0,"color":"rgb(31,119,180)"}],"gender":[{"description":"Female","count":661,"tested":4929,"deaths":0,"color":"rgb(255,127,14)"},{"description":"Male","count":586,"tested":3842,"deaths":0,"color":"rgb(31,119,180)"},{"description":"Unknown/Left Blank","count":53,"tested":823,"deaths":0,"color":"rgb(44,160,44)"}]}}]}
