{"lastUpdatedDate":{"year":2020,"month":12,"day":12},"county_demographics":[{"County":"Mason","confirmed_cases":857,"total_tested":11073,"demographics":{"age":[{"race":[],"age_group":"<20","count":130,"tested":1740,"deaths":0},{"race":[],"age_group":"20-29   ","count":82,"tested":1399,"deaths":0},{"race":[],"age_group":"30-39   ","count":127,"tested":1632,"deaths":0},{"race":[],"age_group":"40-49   ","count":103,"tested":1614,"deaths":0},{"race":[],"age_group":"50-59   ","count":127,"tested":1580,"deaths":0},{"race":[],"age_group":"60-69   ","count":113,"tested":1334,"deaths":0},{"race":[],"age_group":"70-79   ","count":89,"tested":906,"deaths":0},{"race":[],"age_group":"80+","count":79,"tested":868,"deaths":0},{"race":[],"age_group":"Unknown","count":0,"tested":0,"deaths":0}],"race":[{"description":"AI/AN**","count":0,"tested":0,"deaths":0,"color":"rgb(31,119,180)"},{"description":"Asian","count":0,"tested":8,"deaths":0,"color":"rgb(140,86,75)"},{"description":"Black","count":0,"tested":29,"deaths":0,"color":"rgb(255,127,14)"},{"description":"Hispanic","count":6,"tested":24,"deaths":0,"color":"rgb(214,39,40)"},{"description":"Left Blank","count":358,"tested":4607,"deaths":0,"color":"rgb(44,160,44)"},{"description":"Other","count":0,"tested":87,"deaths":0,"color":"rgb(148,103,189)"},{"description":"White","count":484,"tested":6315,"deaths":0,"color":"rgb(31,119,180)"}],"gender":[{"description":"Female","count":497,"tested":6719,"deaths":0,"color":"rgb(255,127,14)"},{"description":"Male","count":335,"tested":3938,"deaths":0,"color":"rgb(31,119,180)"},{"description":"Unknown/Left Blank","count":25,"tested":416,"deaths":0,"color":"rgb(44,160,44)"}]}}]}
