{"lastUpdatedDate":{"year":2020,"month":12,"day":12},"county_demographics":[{"County":"Monroe","confirmed_cases":2545,"total_tested":20699,"demographics":{"age":[{"race":[],"age_group":"<20","count":374,"tested":2887,"deaths":0},{"race":[],"age_group":"20-29   ","count":337,"tested":2591,"deaths":0},{"race":[],"age_group":"30-39   ","count":340,"tested":2846,"deaths":0},{"race":[],"age_group":"40-49   ","count":392,"tested":2475,"deaths":0},{"race":[],"age_group":"50-59   ","count":432,"tested":3033,"deaths":0},{"race":[],"age_group":"60-69   ","count":327,"tested":2558,"deaths":0},{"race":[],"age_group":"70-79   ","count":151,"tested":1398,"deaths":0},{"race":[],"age_group":"80+","count":177,"tested":2890,"deaths":0},{"race":[],"age_group":"Unknown","count":0,"tested":21,"deaths":0}],"race":[{"description":"AI/AN**","count":0,"tested":0,"deaths":0,"color":"rgb(31,119,180)"},{"description":"Asian","count":0,"tested":33,"deaths":0,"color":"rgb(140,86,75)"},{"description":"Black","count":8,"tested":308,"deaths":0,"color":"rgb(255,127,14)"},{"description":"Hispanic","count":18,"tested":151,"deaths":0,"color":"rgb(214,39,40)"},{"description":"Left Blank","count":1410,"tested":9542,"deaths":0,"color":"rgb(44,160,44)"},{"description":"NH/PI*","count":0,"tested":0,"deaths":0,"color":"rgb(127,127,127)"},{"description":"Other","count":15,"tested":175,"deaths":0,"color":"rgb(148,103,189)"},{"description":"White","count":1087,"tested":10486,"deaths":0,"color":"rgb(31,119,180)"}],"gender":[{"description":"Female","count":1369,"tested":13435,"deaths":0,"color":"rgb(255,127,14)"},{"description":"Male","count":1146,"tested":7153,"deaths":0,"color":"rgb(31,119,180)"},{"description":"Unknown/Left Blank","count":30,"tested":111,"deaths":0,"color":"rgb(44,160,44)"}]}}]}
