{"lastUpdatedDate":{"year":2020,"month":12,"day":12},"county_demographics":[{"County":"Champaign","confirmed_cases":12327,"total_tested":1170377,"demographics":{"age":[{"race":[],"age_group":"<20","count":3382,"tested":278336,"deaths":0},{"race":[],"age_group":"20-29   ","count":3820,"tested":525690,"deaths":0},{"race":[],"age_group":"30-39   ","count":1467,"tested":114610,"deaths":0},{"race":[],"age_group":"40-49   ","count":1175,"tested":87851,"deaths":0},{"race":[],"age_group":"50-59   ","count":1065,"tested":81192,"deaths":0},{"race":[],"age_group":"60-69   ","count":798,"tested":51761,"deaths":0},{"race":[],"age_group":"70-79   ","count":345,"tested":18571,"deaths":0},{"race":[],"age_group":"80+","count":273,"tested":12194,"deaths":0},{"race":[],"age_group":"Unknown","count":0,"tested":172,"deaths":0}],"race":[{"description":"AI/AN**","count":0,"tested":1685,"deaths":0,"color":"rgb(31,119,180)"},{"description":"Asian","count":597,"tested":221961,"deaths":0,"color":"rgb(140,86,75)"},{"description":"Black","count":1762,"tested":89267,"deaths":0,"color":"rgb(255,127,14)"},{"description":"Hispanic","count":1545,"tested":81364,"deaths":0,"color":"rgb(214,39,40)"},{"description":"Left Blank","count":402,"tested":55713,"deaths":0,"color":"rgb(44,160,44)"},{"description":"NH/PI*","count":8,"tested":802,"deaths":0,"color":"rgb(127,127,127)"},{"description":"Other","count":343,"tested":61383,"deaths":0,"color":"rgb(148,103,189)"},{"description":"White","count":7664,"tested":658202,"deaths":0,"color":"rgb(31,119,180)"}],"gender":[{"description":"Female","count":6124,"tested":575581,"deaths":0,"color":"rgb(255,127,14)"},{"description":"Male","count":6182,"tested":592618,"deaths":0,"color":"rgb(31,119,180)"},{"description":"Unknown/Left Blank","count":17,"tested":2178,"deaths":0,"color":"rgb(44,160,44)"}]}}]}
