{"lastUpdatedDate":{"year":2020,"month":12,"day":12},"county_demographics":[{"County":"Putnam","confirmed_cases":290,"total_tested":2883,"demographics":{"age":[{"race":[],"age_group":"<20","count":30,"tested":336,"deaths":0},{"race":[],"age_group":"20-29   ","count":38,"tested":362,"deaths":0},{"race":[],"age_group":"30-39   ","count":51,"tested":469,"deaths":0},{"race":[],"age_group":"40-49   ","count":31,"tested":444,"deaths":0},{"race":[],"age_group":"50-59   ","count":58,"tested":534,"deaths":0},{"race":[],"age_group":"60-69   ","count":36,"tested":439,"deaths":0},{"race":[],"age_group":"70-79   ","count":22,"tested":214,"deaths":0},{"race":[],"age_group":"80+","count":10,"tested":84,"deaths":0},{"race":[],"age_group":"Unknown","count":0,"tested":0,"deaths":0}],"race":[{"description":"Asian","count":0,"tested":0,"deaths":0,"color":"rgb(140,86,75)"},{"description":"Black","count":0,"tested":14,"deaths":0,"color":"rgb(255,127,14)"},{"description":"Hispanic","count":8,"tested":65,"deaths":0,"color":"rgb(214,39,40)"},{"description":"Left Blank","count":128,"tested":1326,"deaths":0,"color":"rgb(44,160,44)"},{"description":"NH/PI*","count":0,"tested":22,"deaths":0,"color":"rgb(127,127,127)"},{"description":"Other","count":0,"tested":20,"deaths":0,"color":"rgb(148,103,189)"},{"description":"White","count":149,"tested":1433,"deaths":0,"color":"rgb(31,119,180)"}],"gender":[{"description":"Female","count":168,"tested":1876,"deaths":0,"color":"rgb(255,127,14)"},{"description":"Male","count":115,"tested":896,"deaths":0,"color":"rgb(31,119,180)"},{"description":"Unknown/Left Blank","count":6,"tested":111,"deaths":0,"color":"rgb(44,160,44)"}]}}]}
