{"lastUpdatedDate":{"year":2020,"month":12,"day":12},"county_demographics":[{"County":"Hamilton","confirmed_cases":465,"total_tested":3827,"demographics":{"age":[{"race":[],"age_group":"<20","count":53,"tested":547,"deaths":0},{"race":[],"age_group":"20-29   ","count":59,"tested":473,"deaths":0},{"race":[],"age_group":"30-39   ","count":79,"tested":543,"deaths":0},{"race":[],"age_group":"40-49   ","count":67,"tested":585,"deaths":0},{"race":[],"age_group":"50-59   ","count":67,"tested":604,"deaths":0},{"race":[],"age_group":"60-69   ","count":57,"tested":520,"deaths":0},{"race":[],"age_group":"70-79   ","count":41,"tested":298,"deaths":0},{"race":[],"age_group":"80+","count":23,"tested":255,"deaths":0},{"race":[],"age_group":"Unknown","count":0,"tested":0,"deaths":0}],"race":[{"description":"AI/AN**","count":0,"tested":0,"deaths":0,"color":"rgb(31,119,180)"},{"description":"Asian","count":0,"tested":7,"deaths":0,"color":"rgb(140,86,75)"},{"description":"Black","count":0,"tested":16,"deaths":0,"color":"rgb(255,127,14)"},{"description":"Hispanic","count":6,"tested":37,"deaths":0,"color":"rgb(214,39,40)"},{"description":"Left Blank","count":156,"tested":1040,"deaths":0,"color":"rgb(44,160,44)"},{"description":"NH/PI*","count":0,"tested":0,"deaths":0,"color":"rgb(127,127,127)"},{"description":"Other","count":0,"tested":31,"deaths":0,"color":"rgb(148,103,189)"},{"description":"White","count":300,"tested":2694,"deaths":0,"color":"rgb(31,119,180)"}],"gender":[{"description":"Female","count":262,"tested":2408,"deaths":0,"color":"rgb(255,127,14)"},{"description":"Male","count":199,"tested":1343,"deaths":0,"color":"rgb(31,119,180)"},{"description":"Unknown/Left Blank","count":0,"tested":76,"deaths":0,"color":"rgb(44,160,44)"}]}}]}
