{"lastUpdatedDate":{"year":2021,"month":4,"day":3},"county_demographics":[{"County":"Wayne","confirmed_cases":1709,"total_tested":15843,"demographics":{"age":[{"race":[],"age_group":"<20","count":289,"tested":2200,"deaths":0},{"race":[],"age_group":"20-29   ","count":216,"tested":2799,"deaths":0},{"race":[],"age_group":"30-39   ","count":224,"tested":2635,"deaths":0},{"race":[],"age_group":"40-49   ","count":199,"tested":1930,"deaths":0},{"race":[],"age_group":"50-59   ","count":237,"tested":2116,"deaths":0},{"race":[],"age_group":"60-69   ","count":259,"tested":1761,"deaths":0},{"race":[],"age_group":"70-79   ","count":164,"tested":1091,"deaths":0},{"race":[],"age_group":"80+","count":115,"tested":1296,"deaths":0},{"race":[],"age_group":"Unknown","count":0,"tested":15,"deaths":0}],"race":[{"description":"AI/AN**","count":0,"tested":0,"deaths":0,"color":"rgb(31,119,180)"},{"description":"Asian","count":0,"tested":0,"deaths":0,"color":"rgb(140,86,75)"},{"description":"Black","count":0,"tested":17,"deaths":0,"color":"rgb(255,127,14)"},{"description":"Hispanic","count":17,"tested":172,"deaths":0,"color":"rgb(214,39,40)"},{"description":"Left Blank","count":227,"tested":5440,"deaths":0,"color":"rgb(44,160,44)"},{"description":"NH/PI*","count":0,"tested":0,"deaths":0,"color":"rgb(127,127,127)"},{"description":"Other","count":0,"tested":67,"deaths":0,"color":"rgb(148,103,189)"},{"description":"White","count":1458,"tested":10142,"deaths":0,"color":"rgb(31,119,180)"}],"gender":[{"description":"Female","count":887,"tested":9740,"deaths":0,"color":"rgb(255,127,14)"},{"description":"Male","count":802,"tested":5159,"deaths":0,"color":"rgb(31,119,180)"},{"description":"Unknown/Left Blank","count":19,"tested":944,"deaths":0,"color":"rgb(44,160,44)"}]}}]}
