{"lastUpdatedDate":{"year":2021,"month":4,"day":3},"county_demographics":[{"County":"Piatt","confirmed_cases":1394,"total_tested":29024,"demographics":{"age":[{"race":[],"age_group":"<20","count":258,"tested":6228,"deaths":0},{"race":[],"age_group":"20-29   ","count":180,"tested":4089,"deaths":0},{"race":[],"age_group":"30-39   ","count":213,"tested":3891,"deaths":0},{"race":[],"age_group":"40-49   ","count":222,"tested":3709,"deaths":0},{"race":[],"age_group":"50-59   ","count":197,"tested":3741,"deaths":0},{"race":[],"age_group":"60-69   ","count":185,"tested":3339,"deaths":0},{"race":[],"age_group":"70-79   ","count":81,"tested":1933,"deaths":0},{"race":[],"age_group":"80+","count":57,"tested":2090,"deaths":0},{"race":[],"age_group":"Unknown","count":0,"tested":0,"deaths":0}],"race":[{"description":"AI/AN**","count":0,"tested":40,"deaths":0,"color":"rgb(31,119,180)"},{"description":"Asian","count":0,"tested":146,"deaths":0,"color":"rgb(140,86,75)"},{"description":"Black","count":10,"tested":168,"deaths":0,"color":"rgb(255,127,14)"},{"description":"Hispanic","count":8,"tested":238,"deaths":0,"color":"rgb(214,39,40)"},{"description":"Left Blank","count":251,"tested":8345,"deaths":0,"color":"rgb(44,160,44)"},{"description":"NH/PI*","count":0,"tested":6,"deaths":0,"color":"rgb(127,127,127)"},{"description":"Other","count":24,"tested":642,"deaths":0,"color":"rgb(148,103,189)"},{"description":"White","count":1095,"tested":19439,"deaths":0,"color":"rgb(31,119,180)"}],"gender":[{"description":"Female","count":725,"tested":17085,"deaths":0,"color":"rgb(255,127,14)"},{"description":"Male","count":667,"tested":11464,"deaths":0,"color":"rgb(31,119,180)"},{"description":"Unknown/Left Blank","count":0,"tested":475,"deaths":0,"color":"rgb(44,160,44)"}]}}]}
