{"lastUpdatedDate":{"year":2021,"month":4,"day":3},"county_demographics":[{"County":"Adams","confirmed_cases":8088,"total_tested":139516,"demographics":{"age":[{"race":[],"age_group":"<20","count":1275,"tested":17098,"deaths":0},{"race":[],"age_group":"20-29   ","count":1234,"tested":19382,"deaths":0},{"race":[],"age_group":"30-39   ","count":1121,"tested":19416,"deaths":0},{"race":[],"age_group":"40-49   ","count":1003,"tested":17194,"deaths":0},{"race":[],"age_group":"50-59   ","count":1183,"tested":21529,"deaths":0},{"race":[],"age_group":"60-69   ","count":1039,"tested":15640,"deaths":0},{"race":[],"age_group":"70-79   ","count":685,"tested":12409,"deaths":0},{"race":[],"age_group":"80+","count":545,"tested":16814,"deaths":0},{"race":[],"age_group":"Unknown","count":0,"tested":34,"deaths":0}],"race":[{"description":"AI/AN**","count":0,"tested":61,"deaths":0,"color":"rgb(31,119,180)"},{"description":"Asian","count":0,"tested":249,"deaths":0,"color":"rgb(140,86,75)"},{"description":"Black","count":119,"tested":2432,"deaths":0,"color":"rgb(255,127,14)"},{"description":"Hispanic","count":24,"tested":420,"deaths":0,"color":"rgb(214,39,40)"},{"description":"Left Blank","count":5846,"tested":96564,"deaths":0,"color":"rgb(44,160,44)"},{"description":"NH/PI*","count":0,"tested":59,"deaths":0,"color":"rgb(127,127,127)"},{"description":"Other","count":6,"tested":345,"deaths":0,"color":"rgb(148,103,189)"},{"description":"White","count":2079,"tested":39386,"deaths":0,"color":"rgb(31,119,180)"}],"gender":[{"description":"Female","count":4039,"tested":76678,"deaths":0,"color":"rgb(255,127,14)"},{"description":"Male","count":3348,"tested":50173,"deaths":0,"color":"rgb(31,119,180)"},{"description":"Unknown/Left Blank","count":701,"tested":12665,"deaths":0,"color":"rgb(44,160,44)"}]}}]}
