{"lastUpdatedDate":{"year":2021,"month":4,"day":3},"county_demographics":[{"County":"Rock Island","confirmed_cases":13821,"total_tested":183102,"demographics":{"age":[{"race":[],"age_group":"<20","count":1830,"tested":20197,"deaths":0},{"race":[],"age_group":"20-29   ","count":2320,"tested":26777,"deaths":0},{"race":[],"age_group":"30-39   ","count":2190,"tested":28653,"deaths":0},{"race":[],"age_group":"40-49   ","count":2035,"tested":27062,"deaths":0},{"race":[],"age_group":"50-59   ","count":1981,"tested":25662,"deaths":0},{"race":[],"age_group":"60-69   ","count":1705,"tested":23432,"deaths":0},{"race":[],"age_group":"70-79   ","count":945,"tested":14255,"deaths":0},{"race":[],"age_group":"80+","count":815,"tested":15445,"deaths":0},{"race":[],"age_group":"Unknown","count":0,"tested":1619,"deaths":0}],"race":[{"description":"AI/AN**","count":10,"tested":69,"deaths":0,"color":"rgb(31,119,180)"},{"description":"Asian","count":159,"tested":1093,"deaths":0,"color":"rgb(140,86,75)"},{"description":"Black","count":907,"tested":9939,"deaths":0,"color":"rgb(255,127,14)"},{"description":"Hispanic","count":1246,"tested":6834,"deaths":0,"color":"rgb(214,39,40)"},{"description":"Left Blank","count":6227,"tested":103988,"deaths":0,"color":"rgb(44,160,44)"},{"description":"NH/PI*","count":6,"tested":77,"deaths":0,"color":"rgb(127,127,127)"},{"description":"Other","count":347,"tested":3668,"deaths":0,"color":"rgb(148,103,189)"},{"description":"White","count":4914,"tested":57434,"deaths":0,"color":"rgb(31,119,180)"}],"gender":[{"description":"Female","count":7232,"tested":97203,"deaths":0,"color":"rgb(255,127,14)"},{"description":"Male","count":6499,"tested":72140,"deaths":0,"color":"rgb(31,119,180)"},{"description":"Unknown/Left Blank","count":90,"tested":13759,"deaths":0,"color":"rgb(44,160,44)"}]}}]}
