{"lastUpdatedDate":{"year":2021,"month":4,"day":3},"county_demographics":[{"County":"Winnebago","confirmed_cases":29495,"total_tested":358777,"demographics":{"age":[{"race":[],"age_group":"<20","count":4810,"tested":53378,"deaths":0},{"race":[],"age_group":"20-29   ","count":5230,"tested":59187,"deaths":0},{"race":[],"age_group":"30-39   ","count":4534,"tested":52672,"deaths":0},{"race":[],"age_group":"40-49   ","count":4464,"tested":47959,"deaths":0},{"race":[],"age_group":"50-59   ","count":4229,"tested":50868,"deaths":0},{"race":[],"age_group":"60-69   ","count":3125,"tested":41212,"deaths":0},{"race":[],"age_group":"70-79   ","count":1817,"tested":26159,"deaths":0},{"race":[],"age_group":"80+","count":1276,"tested":27268,"deaths":0},{"race":[],"age_group":"Unknown","count":9,"tested":74,"deaths":0}],"race":[{"description":"AI/AN**","count":32,"tested":291,"deaths":0,"color":"rgb(31,119,180)"},{"description":"Asian","count":598,"tested":3862,"deaths":0,"color":"rgb(140,86,75)"},{"description":"Black","count":3171,"tested":27696,"deaths":0,"color":"rgb(255,127,14)"},{"description":"Hispanic","count":5305,"tested":21823,"deaths":0,"color":"rgb(214,39,40)"},{"description":"Left Blank","count":3208,"tested":161616,"deaths":0,"color":"rgb(44,160,44)"},{"description":"NH/PI*","count":20,"tested":222,"deaths":0,"color":"rgb(127,127,127)"},{"description":"Other","count":450,"tested":7398,"deaths":0,"color":"rgb(148,103,189)"},{"description":"White","count":16709,"tested":135869,"deaths":0,"color":"rgb(31,119,180)"}],"gender":[{"description":"Female","count":15785,"tested":210819,"deaths":0,"color":"rgb(255,127,14)"},{"description":"Male","count":13553,"tested":140881,"deaths":0,"color":"rgb(31,119,180)"},{"description":"Unknown/Left Blank","count":157,"tested":7077,"deaths":0,"color":"rgb(44,160,44)"}]}}]}
