{"age":[{"age_group":"<20","count":208,"tested":1923},{"age_group":"20-29   ","count":188,"tested":1374},{"age_group":"30-39   ","count":181,"tested":1342},{"age_group":"40-49   ","count":171,"tested":1212},{"age_group":"50-59   ","count":148,"tested":1175},{"age_group":"60-69   ","count":89,"tested":858},{"age_group":"70-79   ","count":67,"tested":384},{"age_group":"80+","count":33,"tested":219}],"race":[{"description":"Left Blank","count":135,"tested":3127,"color":"rgb(44,160,44)"},{"description":"White","count":720,"tested":4357,"color":"rgb(31,119,180)"},{"description":"Hispanic","count":148,"tested":393,"color":"rgb(214,39,40)"},{"description":"Other","count":28,"tested":307,"color":"rgb(148,103,189)"},{"description":"Black","count":40,"tested":207,"color":"rgb(255,127,14)"},{"description":"Asian","count":16,"tested":82,"color":"rgb(140,86,75)"}],"gender":[{"description":"Unknown/Left Blank","count":6,"tested":80,"color":"rgb(44,160,44)"},{"description":"Male","count":498,"tested":3570,"color":"rgb(31,119,180)"},{"description":"Female","count":584,"tested":4837,"color":"rgb(255,127,14)"}]}
