{"age":[{"age_group":"<20","count":178,"tested":2012},{"age_group":"20-29   ","count":171,"tested":2133},{"age_group":"30-39   ","count":174,"tested":2112},{"age_group":"40-49   ","count":234,"tested":2513},{"age_group":"50-59   ","count":142,"tested":1883},{"age_group":"60-69   ","count":61,"tested":896},{"age_group":"70-79   ","count":15,"tested":406},{"age_group":"80+","count":8,"tested":135}],"race":[{"description":"Hispanic","count":120,"tested":918,"color":"rgb(214,39,40)"},{"description":"White","count":319,"tested":3656,"color":"rgb(31,119,180)"},{"description":"Asian","count":62,"tested":1012,"color":"rgb(140,86,75)"},{"description":"Black","count":87,"tested":861,"color":"rgb(255,127,14)"},{"description":"Other","count":41,"tested":550,"color":"rgb(148,103,189)"},{"description":"Left Blank","count":352,"tested":5055,"color":"rgb(44,160,44)"}],"gender":[{"description":"Male","count":468,"tested":5236,"color":"rgb(31,119,180)"},{"description":"Female","count":513,"tested":6777,"color":"rgb(255,127,14)"}]}
