{"age":[{"age_group":"<20","count":12,"tested":142},{"age_group":"20-29   ","count":18,"tested":94},{"age_group":"30-39   ","count":15,"tested":82},{"age_group":"40-49   ","count":7,"tested":95},{"age_group":"50-59   ","count":12,"tested":98},{"age_group":"60-69   ","count":13,"tested":98},{"age_group":"70-79   ","count":6,"tested":44}],"race":[{"description":"Left Blank","count":25,"tested":195,"color":"rgb(44,160,44)"},{"description":"White","count":55,"tested":454,"color":"rgb(31,119,180)"}],"gender":[{"description":"Male","count":41,"tested":259,"color":"rgb(31,119,180)"},{"description":"Female","count":42,"tested":410,"color":"rgb(255,127,14)"}]}
