{"age":[{"age_group":"<20","count":638,"tested":6464},{"age_group":"20-29   ","count":787,"tested":9438},{"age_group":"30-39   ","count":725,"tested":9435},{"age_group":"40-49   ","count":621,"tested":9196},{"age_group":"50-59   ","count":605,"tested":9440},{"age_group":"60-69   ","count":457,"tested":8132},{"age_group":"70-79   ","count":190,"tested":3813},{"age_group":"80+","count":150,"tested":2555}],"race":[{"description":"Hispanic","count":772,"tested":3459,"color":"rgb(214,39,40)"},{"description":"Asian","count":354,"tested":2498,"color":"rgb(140,86,75)"},{"description":"Left Blank","count":1133,"tested":34987,"color":"rgb(44,160,44)"},{"description":"White","count":1067,"tested":10616,"color":"rgb(31,119,180)"},{"description":"Black","count":423,"tested":3965,"color":"rgb(255,127,14)"},{"description":"Other","count":411,"tested":2822,"color":"rgb(148,103,189)"},{"description":"AI/AN**","count":9,"tested":80,"color":"rgb(31,119,180)"}],"gender":[{"description":"Unknown/Left Blank","count":37,"tested":2654,"color":"rgb(44,160,44)"},{"description":"Male","count":2014,"tested":24299,"color":"rgb(31,119,180)"},{"description":"Female","count":2122,"tested":31542,"color":"rgb(255,127,14)"}]}
