{"age":[{"age_group":"<20","count":541,"tested":3894},{"age_group":"20-29   ","count":827,"tested":7774},{"age_group":"30-39   ","count":704,"tested":6669},{"age_group":"40-49   ","count":615,"tested":5618},{"age_group":"50-59   ","count":706,"tested":6669},{"age_group":"60-69   ","count":389,"tested":4403},{"age_group":"70-79   ","count":181,"tested":2066},{"age_group":"80+","count":131,"tested":1679}],"race":[{"description":"Other","count":110,"tested":930,"color":"rgb(148,103,189)"},{"description":"AI/AN**","count":13,"tested":21,"color":"rgb(31,119,180)"},{"description":"NH/PI*","count":18,"tested":68,"color":"rgb(127,127,127)"},{"description":"Black","count":121,"tested":961,"color":"rgb(255,127,14)"},{"description":"Asian","count":264,"tested":2223,"color":"rgb(140,86,75)"},{"description":"Hispanic","count":1129,"tested":4336,"color":"rgb(214,39,40)"},{"description":"Left Blank","count":1719,"tested":24785,"color":"rgb(44,160,44)"},{"description":"White","count":720,"tested":5467,"color":"rgb(31,119,180)"}],"gender":[{"description":"Unknown/Left Blank","count":30,"tested":1021,"color":"rgb(44,160,44)"},{"description":"Female","count":2128,"tested":22128,"color":"rgb(255,127,14)"},{"description":"Male","count":1936,"tested":15642,"color":"rgb(31,119,180)"}]}
