{"age":[{"age_group":"<20","count":92,"tested":2103},{"age_group":"20-29   ","count":527,"tested":9896},{"age_group":"30-39   ","count":481,"tested":10964},{"age_group":"40-49   ","count":206,"tested":4318},{"age_group":"50-59   ","count":162,"tested":3340},{"age_group":"60-69   ","count":105,"tested":2530},{"age_group":"70-79   ","count":37,"tested":1175},{"age_group":"80+","count":26,"tested":443}],"race":[{"description":"Asian","count":100,"tested":2792,"color":"rgb(140,86,75)"},{"description":"Hispanic","count":92,"tested":1116,"color":"rgb(214,39,40)"},{"description":"Black","count":187,"tested":2933,"color":"rgb(255,127,14)"},{"description":"White","count":490,"tested":9855,"color":"rgb(31,119,180)"},{"description":"Other","count":101,"tested":1825,"color":"rgb(148,103,189)"},{"description":"Left Blank","count":658,"tested":16188,"color":"rgb(44,160,44)"}],"gender":[{"description":"Female","count":709,"tested":17580,"color":"rgb(255,127,14)"},{"description":"Unknown/Left Blank","count":24,"tested":561,"color":"rgb(44,160,44)"},{"description":"Male","count":903,"tested":16640,"color":"rgb(31,119,180)"}]}
