{"age":[{"age_group":"<20","count":364,"tested":2771},{"age_group":"20-29   ","count":322,"tested":2703},{"age_group":"30-39   ","count":294,"tested":2396},{"age_group":"40-49   ","count":285,"tested":2499},{"age_group":"50-59   ","count":269,"tested":2210},{"age_group":"60-69   ","count":190,"tested":1695},{"age_group":"70-79   ","count":84,"tested":880},{"age_group":"80+","count":40,"tested":538}],"race":[{"description":"Left Blank","count":327,"tested":6745,"color":"rgb(44,160,44)"},{"description":"Other","count":22,"tested":253,"color":"rgb(148,103,189)"},{"description":"Hispanic","count":640,"tested":2166,"color":"rgb(214,39,40)"},{"description":"White","count":440,"tested":3575,"color":"rgb(31,119,180)"},{"description":"Black","count":413,"tested":2890,"color":"rgb(255,127,14)"}],"gender":[{"description":"Unknown/Left Blank","count":25,"tested":589,"color":"rgb(44,160,44)"},{"description":"Male","count":866,"tested":6232,"color":"rgb(31,119,180)"},{"description":"Female","count":957,"tested":8871,"color":"rgb(255,127,14)"}]}
