{"age":[{"age_group":"<20","count":29,"tested":240},{"age_group":"20-29   ","count":27,"tested":307},{"age_group":"30-39   ","count":26,"tested":317},{"age_group":"40-49   ","count":34,"tested":281},{"age_group":"50-59   ","count":26,"tested":270},{"age_group":"60-69   ","count":31,"tested":352},{"age_group":"70-79   ","count":23,"tested":172},{"age_group":"80+","count":7,"tested":92}],"race":[{"description":"Hispanic","count":14,"tested":49,"color":"rgb(214,39,40)"},{"description":"Left Blank","count":50,"tested":1115,"color":"rgb(44,160,44)"},{"description":"Other","count":15,"tested":52,"color":"rgb(148,103,189)"},{"description":"White","count":118,"tested":769,"color":"rgb(31,119,180)"}],"gender":[{"description":"Female","count":99,"tested":1050,"color":"rgb(255,127,14)"},{"description":"Male","count":104,"tested":921,"color":"rgb(31,119,180)"}]}
