{"age":[{"age_group":"<20","count":323,"tested":13352},{"age_group":"20-29   ","count":531,"tested":31453},{"age_group":"30-39   ","count":244,"tested":7951},{"age_group":"40-49   ","count":238,"tested":5584},{"age_group":"50-59   ","count":243,"tested":7079},{"age_group":"60-69   ","count":182,"tested":6434},{"age_group":"70-79   ","count":114,"tested":4703},{"age_group":"80+","count":158,"tested":11540}],"race":[{"description":"Hispanic","count":270,"tested":5044,"color":"rgb(214,39,40)"},{"description":"Left Blank","count":316,"tested":32371,"color":"rgb(44,160,44)"},{"description":"White","count":852,"tested":32164,"color":"rgb(31,119,180)"},{"description":"Asian","count":98,"tested":9945,"color":"rgb(140,86,75)"},{"description":"Black","count":349,"tested":5697,"color":"rgb(255,127,14)"},{"description":"Other","count":143,"tested":2752,"color":"rgb(148,103,189)"}],"gender":[{"description":"Male","count":982,"tested":37493,"color":"rgb(31,119,180)"},{"description":"Female","count":1024,"tested":49456,"color":"rgb(255,127,14)"},{"description":"Unknown/Left Blank","count":27,"tested":1177,"color":"rgb(44,160,44)"}]}
