{"age":[{"age_group":"<20","count":348,"tested":3049},{"age_group":"20-29   ","count":267,"tested":2794},{"age_group":"30-39   ","count":233,"tested":2566},{"age_group":"40-49   ","count":353,"tested":3561},{"age_group":"50-59   ","count":301,"tested":3685},{"age_group":"60-69   ","count":181,"tested":3037},{"age_group":"70-79   ","count":211,"tested":3766},{"age_group":"80+","count":159,"tested":3307}],"race":[{"description":"Black","count":27,"tested":430,"color":"rgb(255,127,14)"},{"description":"Asian","count":44,"tested":616,"color":"rgb(140,86,75)"},{"description":"Other","count":42,"tested":309,"color":"rgb(148,103,189)"},{"description":"Left Blank","count":581,"tested":9822,"color":"rgb(44,160,44)"},{"description":"White","count":1186,"tested":13367,"color":"rgb(31,119,180)"},{"description":"Hispanic","count":168,"tested":1141,"color":"rgb(214,39,40)"}],"gender":[{"description":"Female","count":1062,"tested":14866,"color":"rgb(255,127,14)"},{"description":"Male","count":981,"tested":10575,"color":"rgb(31,119,180)"}]}
