{"age":[{"age_group":"<20","count":11,"tested":81},{"age_group":"20-29   ","count":15,"tested":133},{"age_group":"30-39   ","count":12,"tested":88},{"age_group":"40-49   ","count":11,"tested":97},{"age_group":"50-59   ","count":14,"tested":160}],"race":[{"description":"White","count":56,"tested":420,"color":"rgb(31,119,180)"},{"description":"Left Blank","count":13,"tested":182,"color":"rgb(44,160,44)"}],"gender":[{"description":"Male","count":31,"tested":233,"color":"rgb(31,119,180)"},{"description":"Female","count":40,"tested":403,"color":"rgb(255,127,14)"}]}
