{"age":[{"age_group":"<20","count":16,"tested":175},{"age_group":"20-29   ","count":13,"tested":75},{"age_group":"30-39   ","count":10,"tested":103},{"age_group":"40-49   ","count":15,"tested":80},{"age_group":"50-59   ","count":12,"tested":171},{"age_group":"60-69   ","count":16,"tested":167},{"age_group":"70-79   ","count":7,"tested":102}],"race":[{"description":"Left Blank","count":24,"tested":364,"color":"rgb(44,160,44)"},{"description":"White","count":64,"tested":481,"color":"rgb(31,119,180)"}],"gender":[{"description":"Male","count":42,"tested":360,"color":"rgb(31,119,180)"},{"description":"Female","count":49,"tested":544,"color":"rgb(255,127,14)"}]}
