{"age":[{"age_group":"<20","count":290,"tested":2383},{"age_group":"20-29   ","count":455,"tested":4050},{"age_group":"30-39   ","count":533,"tested":4731},{"age_group":"40-49   ","count":437,"tested":3998},{"age_group":"50-59   ","count":414,"tested":4134},{"age_group":"60-69   ","count":287,"tested":3243},{"age_group":"70-79   ","count":114,"tested":1452},{"age_group":"80+","count":80,"tested":1162}],"race":[{"description":"Black","count":37,"tested":306,"color":"rgb(255,127,14)"},{"description":"Hispanic","count":348,"tested":2551,"color":"rgb(214,39,40)"},{"description":"White","count":1377,"tested":10946,"color":"rgb(31,119,180)"},{"description":"Asian","count":148,"tested":1229,"color":"rgb(140,86,75)"},{"description":"Left Blank","count":522,"tested":8900,"color":"rgb(44,160,44)"},{"description":"Other","count":169,"tested":1140,"color":"rgb(148,103,189)"},{"description":"NH/PI*","count":6,"tested":63,"color":"rgb(127,127,127)"}],"gender":[{"description":"Female","count":1263,"tested":13247,"color":"rgb(255,127,14)"},{"description":"Male","count":1323,"tested":11439,"color":"rgb(31,119,180)"},{"description":"Unknown/Left Blank","count":24,"tested":468,"color":"rgb(44,160,44)"}]}
