{"age":[{"age_group":"<20","count":313,"tested":4375},{"age_group":"20-29   ","count":788,"tested":19269},{"age_group":"30-39   ","count":680,"tested":14955},{"age_group":"40-49   ","count":527,"tested":12401},{"age_group":"50-59   ","count":526,"tested":13486},{"age_group":"60-69   ","count":464,"tested":13643},{"age_group":"70-79   ","count":293,"tested":8338},{"age_group":"80+","count":189,"tested":3700}],"race":[{"description":"Left Blank","count":1191,"tested":62724,"color":"rgb(44,160,44)"},{"description":"NH/PI*","count":6,"tested":51,"color":"rgb(127,127,127)"},{"description":"Hispanic","count":706,"tested":4055,"color":"rgb(214,39,40)"},{"description":"Other","count":180,"tested":2129,"color":"rgb(148,103,189)"},{"description":"Black","count":653,"tested":7869,"color":"rgb(255,127,14)"},{"description":"White","count":895,"tested":11856,"color":"rgb(31,119,180)"},{"description":"Asian","count":144,"tested":1491,"color":"rgb(140,86,75)"}],"gender":[{"description":"Unknown/Left Blank","count":82,"tested":5194,"color":"rgb(44,160,44)"},{"description":"Female","count":1839,"tested":47365,"color":"rgb(255,127,14)"},{"description":"Male","count":1860,"tested":37666,"color":"rgb(31,119,180)"}]}
