{"age":[{"age_group":"<20","count":15,"tested":216},{"age_group":"20-29   ","count":31,"tested":189},{"age_group":"30-39   ","count":23,"tested":242},{"age_group":"40-49   ","count":19,"tested":169},{"age_group":"50-59   ","count":31,"tested":235},{"age_group":"60-69   ","count":8,"tested":109}],"race":[{"description":"Left Blank","count":29,"tested":407,"color":"rgb(44,160,44)"},{"description":"Other","count":17,"tested":77,"color":"rgb(148,103,189)"},{"description":"White","count":91,"tested":734,"color":"rgb(31,119,180)"}],"gender":[{"description":"Male","count":73,"tested":514,"color":"rgb(31,119,180)"},{"description":"Female","count":65,"tested":706,"color":"rgb(255,127,14)"}]}
