{"age":[{"age_group":"<20","count":16,"tested":242},{"age_group":"20-29   ","count":9,"tested":125},{"age_group":"30-39   ","count":11,"tested":152},{"age_group":"40-49   ","count":9,"tested":318},{"age_group":"50-59   ","count":10,"tested":190},{"age_group":"60-69   ","count":16,"tested":228},{"age_group":"70-79   ","count":7,"tested":138},{"age_group":"80+","count":10,"tested":120}],"race":[{"description":"White","count":76,"tested":1254,"color":"rgb(31,119,180)"},{"description":"Left Blank","count":10,"tested":196,"color":"rgb(44,160,44)"}],"gender":[{"description":"Female","count":54,"tested":1018,"color":"rgb(255,127,14)"},{"description":"Male","count":34,"tested":491,"color":"rgb(31,119,180)"}]}
