{"age":[{"age_group":"<20","count":333,"tested":5221},{"age_group":"20-29   ","count":212,"tested":5390},{"age_group":"30-39   ","count":176,"tested":4199},{"age_group":"40-49   ","count":222,"tested":4798},{"age_group":"50-59   ","count":252,"tested":6008},{"age_group":"60-69   ","count":176,"tested":5064},{"age_group":"70-79   ","count":126,"tested":3317},{"age_group":"80+","count":172,"tested":5711}],"race":[{"description":"Other","count":128,"tested":1953,"color":"rgb(148,103,189)"},{"description":"White","count":938,"tested":14714,"color":"rgb(31,119,180)"},{"description":"Black","count":22,"tested":252,"color":"rgb(255,127,14)"},{"description":"Asian","count":59,"tested":855,"color":"rgb(140,86,75)"},{"description":"Left Blank","count":447,"tested":21273,"color":"rgb(44,160,44)"},{"description":"Hispanic","count":72,"tested":632,"color":"rgb(214,39,40)"}],"gender":[{"description":"Female","count":878,"tested":22502,"color":"rgb(255,127,14)"},{"description":"Male","count":767,"tested":16707,"color":"rgb(31,119,180)"},{"description":"Unknown/Left Blank","count":25,"tested":505,"color":"rgb(44,160,44)"}]}
