{"age":[{"age_group":"<20","count":276,"tested":2993},{"age_group":"20-29   ","count":229,"tested":3082},{"age_group":"30-39   ","count":191,"tested":2220},{"age_group":"40-49   ","count":223,"tested":2882},{"age_group":"50-59   ","count":260,"tested":3033},{"age_group":"60-69   ","count":97,"tested":1911},{"age_group":"70-79   ","count":44,"tested":899},{"age_group":"80+","count":12,"tested":388}],"race":[{"description":"Other","count":41,"tested":746,"color":"rgb(148,103,189)"},{"description":"Left Blank","count":253,"tested":5811,"color":"rgb(44,160,44)"},{"description":"Black","count":121,"tested":1306,"color":"rgb(255,127,14)"},{"description":"Hispanic","count":214,"tested":1318,"color":"rgb(214,39,40)"},{"description":"Asian","count":129,"tested":1574,"color":"rgb(140,86,75)"},{"description":"White","count":572,"tested":6634,"color":"rgb(31,119,180)"}],"gender":[{"description":"Female","count":703,"tested":9809,"color":"rgb(255,127,14)"},{"description":"Male","count":629,"tested":7485,"color":"rgb(31,119,180)"}]}
