{"age":[{"age_group":"<20","count":29,"tested":269},{"age_group":"20-29   ","count":65,"tested":653},{"age_group":"30-39   ","count":75,"tested":752},{"age_group":"40-49   ","count":45,"tested":585},{"age_group":"50-59   ","count":32,"tested":352},{"age_group":"60-69   ","count":17,"tested":340},{"age_group":"70-79   ","count":8,"tested":163}],"race":[{"description":"Asian","count":37,"tested":281,"color":"rgb(140,86,75)"},{"description":"Hispanic","count":28,"tested":162,"color":"rgb(214,39,40)"},{"description":"Black","count":8,"tested":95,"color":"rgb(255,127,14)"},{"description":"Other","count":13,"tested":98,"color":"rgb(148,103,189)"},{"description":"White","count":90,"tested":795,"color":"rgb(31,119,180)"},{"description":"Left Blank","count":101,"tested":1742,"color":"rgb(44,160,44)"}],"gender":[{"description":"Male","count":134,"tested":1438,"color":"rgb(31,119,180)"},{"description":"Female","count":140,"tested":1707,"color":"rgb(255,127,14)"}]}
