{"age":[{"age_group":"<20","count":508,"tested":3941},{"age_group":"20-29   ","count":640,"tested":6246},{"age_group":"30-39   ","count":594,"tested":5574},{"age_group":"40-49   ","count":486,"tested":4098},{"age_group":"50-59   ","count":475,"tested":5302},{"age_group":"60-69   ","count":326,"tested":4038},{"age_group":"70-79   ","count":104,"tested":1693},{"age_group":"80+","count":77,"tested":1026}],"race":[{"description":"Black","count":78,"tested":818,"color":"rgb(255,127,14)"},{"description":"Asian","count":125,"tested":1423,"color":"rgb(140,86,75)"},{"description":"White","count":1026,"tested":11052,"color":"rgb(31,119,180)"},{"description":"Other","count":136,"tested":941,"color":"rgb(148,103,189)"},{"description":"Hispanic","count":1054,"tested":5072,"color":"rgb(214,39,40)"},{"description":"Left Blank","count":787,"tested":12553,"color":"rgb(44,160,44)"}],"gender":[{"description":"Female","count":1631,"tested":17938,"color":"rgb(255,127,14)"},{"description":"Male","count":1561,"tested":13597,"color":"rgb(31,119,180)"},{"description":"Unknown/Left Blank","count":18,"tested":385,"color":"rgb(44,160,44)"}]}
