{"age":[{"age_group":"<20","count":478,"tested":6126},{"age_group":"20-29   ","count":580,"tested":8335},{"age_group":"30-39   ","count":587,"tested":8679},{"age_group":"40-49   ","count":586,"tested":10179},{"age_group":"50-59   ","count":615,"tested":11271},{"age_group":"60-69   ","count":465,"tested":10984},{"age_group":"70-79   ","count":270,"tested":5756},{"age_group":"80+","count":238,"tested":4761}],"race":[{"description":"Other","count":145,"tested":1303,"color":"rgb(148,103,189)"},{"description":"Left Blank","count":1345,"tested":37134,"color":"rgb(44,160,44)"},{"description":"Hispanic","count":89,"tested":863,"color":"rgb(214,39,40)"},{"description":"White","count":426,"tested":6865,"color":"rgb(31,119,180)"},{"description":"Asian","count":7,"tested":97,"color":"rgb(140,86,75)"},{"description":"Black","count":1803,"tested":19734,"color":"rgb(255,127,14)"}],"gender":[{"description":"Unknown/Left Blank","count":75,"tested":3851,"color":"rgb(44,160,44)"},{"description":"Male","count":1672,"tested":26201,"color":"rgb(31,119,180)"},{"description":"Female","count":2072,"tested":36059,"color":"rgb(255,127,14)"}]}
