{"age":[{"age_group":"<20","count":221,"tested":5371},{"age_group":"20-29   ","count":478,"tested":23539},{"age_group":"30-39   ","count":395,"tested":9527},{"age_group":"40-49   ","count":280,"tested":5659},{"age_group":"50-59   ","count":253,"tested":5866},{"age_group":"60-69   ","count":145,"tested":4534},{"age_group":"70-79   ","count":95,"tested":2594},{"age_group":"80+","count":70,"tested":1387}],"race":[{"description":"Asian","count":45,"tested":4275,"color":"rgb(140,86,75)"},{"description":"White","count":222,"tested":17250,"color":"rgb(31,119,180)"},{"description":"Black","count":1043,"tested":16552,"color":"rgb(255,127,14)"},{"description":"Other","count":44,"tested":1014,"color":"rgb(148,103,189)"},{"description":"Left Blank","count":501,"tested":16257,"color":"rgb(44,160,44)"},{"description":"Hispanic","count":77,"tested":2985,"color":"rgb(214,39,40)"}],"gender":[{"description":"Male","count":859,"tested":24330,"color":"rgb(31,119,180)"},{"description":"Unknown/Left Blank","count":22,"tested":879,"color":"rgb(44,160,44)"},{"description":"Female","count":1056,"tested":33278,"color":"rgb(255,127,14)"}]}
