{"age":[{"age_group":"<20","count":322,"tested":3943},{"age_group":"20-29   ","count":372,"tested":4393},{"age_group":"30-39   ","count":335,"tested":4340},{"age_group":"40-49   ","count":302,"tested":3681},{"age_group":"50-59   ","count":320,"tested":4881},{"age_group":"60-69   ","count":238,"tested":3951},{"age_group":"70-79   ","count":114,"tested":2859},{"age_group":"80+","count":148,"tested":5868}],"race":[{"description":"Hispanic","count":262,"tested":1648,"color":"rgb(214,39,40)"},{"description":"Left Blank","count":491,"tested":14388,"color":"rgb(44,160,44)"},{"description":"Other","count":84,"tested":731,"color":"rgb(148,103,189)"},{"description":"White","count":1166,"tested":15085,"color":"rgb(31,119,180)"},{"description":"Asian","count":102,"tested":1559,"color":"rgb(140,86,75)"},{"description":"Black","count":45,"tested":477,"color":"rgb(255,127,14)"}],"gender":[{"description":"Unknown/Left Blank","count":11,"tested":1516,"color":"rgb(44,160,44)"},{"description":"Male","count":1013,"tested":13636,"color":"rgb(31,119,180)"},{"description":"Female","count":1127,"tested":18772,"color":"rgb(255,127,14)"}]}
