{"age":[{"age_group":"<20","count":38,"tested":432},{"age_group":"20-29   ","count":24,"tested":219},{"age_group":"30-39   ","count":26,"tested":240},{"age_group":"40-49   ","count":28,"tested":248},{"age_group":"50-59   ","count":24,"tested":254},{"age_group":"60-69   ","count":14,"tested":231},{"age_group":"70-79   ","count":8,"tested":160},{"age_group":"80+","count":8,"tested":94}],"race":[{"description":"White","count":159,"tested":1610,"color":"rgb(31,119,180)"}],"gender":[{"description":"Female","count":88,"tested":997,"color":"rgb(255,127,14)"},{"description":"Male","count":82,"tested":836,"color":"rgb(31,119,180)"}]}
