{"age":[{"age_group":"<20","count":385,"tested":2679},{"age_group":"20-29   ","count":454,"tested":4408},{"age_group":"30-39   ","count":384,"tested":3822},{"age_group":"40-49   ","count":390,"tested":3640},{"age_group":"50-59   ","count":343,"tested":4144},{"age_group":"60-69   ","count":212,"tested":3097},{"age_group":"70-79   ","count":134,"tested":1655},{"age_group":"80+","count":74,"tested":735}],"race":[{"description":"Hispanic","count":500,"tested":2033,"color":"rgb(214,39,40)"},{"description":"AI/AN**","count":10,"tested":48,"color":"rgb(31,119,180)"},{"description":"Left Blank","count":942,"tested":9657,"color":"rgb(44,160,44)"},{"description":"Asian","count":20,"tested":123,"color":"rgb(140,86,75)"},{"description":"White","count":42,"tested":858,"color":"rgb(31,119,180)"},{"description":"Black","count":794,"tested":10979,"color":"rgb(255,127,14)"},{"description":"Other","count":68,"tested":486,"color":"rgb(148,103,189)"}],"gender":[{"description":"Unknown/Left Blank","count":54,"tested":426,"color":"rgb(44,160,44)"},{"description":"Female","count":1204,"tested":13584,"color":"rgb(255,127,14)"},{"description":"Male","count":1118,"tested":10184,"color":"rgb(31,119,180)"}]}
