{"age":[{"age_group":"<20","count":50,"tested":493},{"age_group":"20-29   ","count":60,"tested":411},{"age_group":"30-39   ","count":43,"tested":388},{"age_group":"40-49   ","count":56,"tested":396},{"age_group":"50-59   ","count":49,"tested":343},{"age_group":"60-69   ","count":25,"tested":172},{"age_group":"70-79   ","count":9,"tested":80},{"age_group":"80+","count":6,"tested":45}],"race":[{"description":"Hispanic","count":29,"tested":111,"color":"rgb(214,39,40)"},{"description":"White","count":137,"tested":1038,"color":"rgb(31,119,180)"},{"description":"Left Blank","count":126,"tested":1104,"color":"rgb(44,160,44)"},{"description":"Other","count":6,"tested":46,"color":"rgb(148,103,189)"}],"gender":[{"description":"Female","count":154,"tested":1328,"color":"rgb(255,127,14)"},{"description":"Male","count":144,"tested":972,"color":"rgb(31,119,180)"}]}
