{"age":[{"age_group":"<20","count":132,"tested":2483},{"age_group":"20-29   ","count":87,"tested":2268},{"age_group":"30-39   ","count":77,"tested":1504},{"age_group":"40-49   ","count":83,"tested":2526},{"age_group":"50-59   ","count":98,"tested":2434},{"age_group":"60-69   ","count":60,"tested":2054},{"age_group":"70-79   ","count":40,"tested":1353},{"age_group":"80+","count":59,"tested":1451}],"race":[{"description":"Other","count":45,"tested":641,"color":"rgb(148,103,189)"},{"description":"Left Blank","count":150,"tested":6104,"color":"rgb(44,160,44)"},{"description":"Asian","count":27,"tested":737,"color":"rgb(140,86,75)"},{"description":"Black","count":26,"tested":298,"color":"rgb(255,127,14)"},{"description":"Hispanic","count":72,"tested":1104,"color":"rgb(214,39,40)"},{"description":"White","count":315,"tested":7137,"color":"rgb(31,119,180)"}],"gender":[{"description":"Female","count":318,"tested":8392,"color":"rgb(255,127,14)"},{"description":"Male","count":302,"tested":7525,"color":"rgb(31,119,180)"}]}
