{"age":[{"age_group":"<20","count":53,"tested":979},{"age_group":"20-29   ","count":36,"tested":631},{"age_group":"30-39   ","count":26,"tested":602},{"age_group":"40-49   ","count":44,"tested":871},{"age_group":"50-59   ","count":36,"tested":611},{"age_group":"60-69   ","count":23,"tested":669},{"age_group":"70-79   ","count":9,"tested":366},{"age_group":"80+","count":9,"tested":140}],"race":[{"description":"Hispanic","count":18,"tested":149,"color":"rgb(214,39,40)"},{"description":"Left Blank","count":80,"tested":2068,"color":"rgb(44,160,44)"},{"description":"Black","count":25,"tested":271,"color":"rgb(255,127,14)"},{"description":"Asian","count":9,"tested":143,"color":"rgb(140,86,75)"},{"description":"White","count":88,"tested":1946,"color":"rgb(31,119,180)"},{"description":"Other","count":16,"tested":294,"color":"rgb(148,103,189)"}],"gender":[{"description":"Female","count":117,"tested":2689,"color":"rgb(255,127,14)"},{"description":"Male","count":118,"tested":2111,"color":"rgb(31,119,180)"}]}
