{"age":[{"age_group":"<20","count":380,"tested":5543},{"age_group":"20-29   ","count":184,"tested":3691},{"age_group":"30-39   ","count":100,"tested":2554},{"age_group":"40-49   ","count":195,"tested":4036},{"age_group":"50-59   ","count":215,"tested":4718},{"age_group":"60-69   ","count":106,"tested":3135},{"age_group":"70-79   ","count":73,"tested":1826},{"age_group":"80+","count":82,"tested":1368}],"race":[{"description":"Other","count":156,"tested":2057,"color":"rgb(148,103,189)"},{"description":"Left Blank","count":354,"tested":11430,"color":"rgb(44,160,44)"},{"description":"Black","count":14,"tested":159,"color":"rgb(255,127,14)"},{"description":"Asian","count":47,"tested":1016,"color":"rgb(140,86,75)"},{"description":"Hispanic","count":52,"tested":422,"color":"rgb(214,39,40)"},{"description":"White","count":710,"tested":11754,"color":"rgb(31,119,180)"}],"gender":[{"description":"Female","count":652,"tested":14558,"color":"rgb(255,127,14)"},{"description":"Male","count":676,"tested":12161,"color":"rgb(31,119,180)"}]}
