{"age":[{"age_group":"<20","count":525,"tested":4099},{"age_group":"20-29   ","count":628,"tested":6620},{"age_group":"30-39   ","count":612,"tested":5895},{"age_group":"40-49   ","count":627,"tested":6481},{"age_group":"50-59   ","count":545,"tested":6818},{"age_group":"60-69   ","count":362,"tested":5489},{"age_group":"70-79   ","count":180,"tested":3160},{"age_group":"80+","count":102,"tested":2066}],"race":[{"description":"Hispanic","count":552,"tested":2858,"color":"rgb(214,39,40)"},{"description":"Asian","count":8,"tested":36,"color":"rgb(140,86,75)"},{"description":"White","count":158,"tested":1792,"color":"rgb(31,119,180)"},{"description":"Black","count":1582,"tested":17554,"color":"rgb(255,127,14)"},{"description":"Left Blank","count":1198,"tested":17652,"color":"rgb(44,160,44)"},{"description":"Other","count":82,"tested":716,"color":"rgb(148,103,189)"}],"gender":[{"description":"Male","count":1487,"tested":14899,"color":"rgb(31,119,180)"},{"description":"Unknown/Left Blank","count":34,"tested":1090,"color":"rgb(44,160,44)"},{"description":"Female","count":2062,"tested":24662,"color":"rgb(255,127,14)"}]}
