{"age":[{"age_group":"<20","count":614,"tested":5442},{"age_group":"20-29   ","count":572,"tested":5323},{"age_group":"30-39   ","count":548,"tested":5630},{"age_group":"40-49   ","count":586,"tested":5106},{"age_group":"50-59   ","count":623,"tested":5839},{"age_group":"60-69   ","count":325,"tested":4153},{"age_group":"70-79   ","count":126,"tested":2094},{"age_group":"80+","count":48,"tested":1517}],"race":[{"description":"Other","count":51,"tested":800,"color":"rgb(148,103,189)"},{"description":"Black","count":43,"tested":374,"color":"rgb(255,127,14)"},{"description":"White","count":2028,"tested":17734,"color":"rgb(31,119,180)"},{"description":"Asian","count":24,"tested":269,"color":"rgb(140,86,75)"},{"description":"Left Blank","count":1176,"tested":15036,"color":"rgb(44,160,44)"},{"description":"Hispanic","count":116,"tested":859,"color":"rgb(214,39,40)"}],"gender":[{"description":"Unknown/Left Blank","count":32,"tested":456,"color":"rgb(44,160,44)"},{"description":"Male","count":1695,"tested":15765,"color":"rgb(31,119,180)"},{"description":"Female","count":1715,"tested":18890,"color":"rgb(255,127,14)"}]}
