{"age":[{"age_group":"<20","count":9,"tested":139},{"age_group":"20-29   ","count":13,"tested":245},{"age_group":"30-39   ","count":13,"tested":174},{"age_group":"40-49   ","count":11,"tested":174},{"age_group":"50-59   ","count":10,"tested":120},{"age_group":"60-69   ","count":9,"tested":138},{"age_group":"70-79   ","count":7,"tested":72}],"race":[{"description":"White","count":26,"tested":412,"color":"rgb(31,119,180)"},{"description":"Left Blank","count":38,"tested":500,"color":"rgb(44,160,44)"}],"gender":[{"description":"Female","count":44,"tested":655,"color":"rgb(255,127,14)"},{"description":"Male","count":31,"tested":434,"color":"rgb(31,119,180)"}]}
