{"age":[{"age_group":"<20","count":45,"tested":478},{"age_group":"20-29   ","count":42,"tested":332},{"age_group":"30-39   ","count":38,"tested":301},{"age_group":"40-49   ","count":49,"tested":343},{"age_group":"50-59   ","count":48,"tested":422},{"age_group":"60-69   ","count":35,"tested":343},{"age_group":"70-79   ","count":10,"tested":164},{"age_group":"80+","count":11,"tested":72}],"race":[{"description":"White","count":181,"tested":1215,"color":"rgb(31,119,180)"},{"description":"Left Blank","count":91,"tested":1187,"color":"rgb(44,160,44)"}],"gender":[{"description":"Male","count":129,"tested":926,"color":"rgb(31,119,180)"},{"description":"Female","count":146,"tested":1482,"color":"rgb(255,127,14)"}]}
