{"age":[{"age_group":"<20","count":369,"tested":3352},{"age_group":"20-29   ","count":477,"tested":5376},{"age_group":"30-39   ","count":388,"tested":5069},{"age_group":"40-49   ","count":464,"tested":4565},{"age_group":"50-59   ","count":463,"tested":5449},{"age_group":"60-69   ","count":392,"tested":4999},{"age_group":"70-79   ","count":203,"tested":2927},{"age_group":"80+","count":186,"tested":3770}],"race":[{"description":"White","count":1402,"tested":11851,"color":"rgb(31,119,180)"},{"description":"Other","count":113,"tested":863,"color":"rgb(148,103,189)"},{"description":"Left Blank","count":894,"tested":18525,"color":"rgb(44,160,44)"},{"description":"Black","count":35,"tested":493,"color":"rgb(255,127,14)"},{"description":"Asian","count":159,"tested":1799,"color":"rgb(140,86,75)"},{"description":"Hispanic","count":328,"tested":1916,"color":"rgb(214,39,40)"},{"description":"NH/PI*","count":6,"tested":48,"color":"rgb(127,127,127)"}],"gender":[{"description":"Female","count":1498,"tested":20219,"color":"rgb(255,127,14)"},{"description":"Male","count":1428,"tested":14730,"color":"rgb(31,119,180)"},{"description":"Unknown/Left Blank","count":16,"tested":580,"color":"rgb(44,160,44)"}]}
