{"age":[{"age_group":"<20","count":623,"tested":7040},{"age_group":"20-29   ","count":461,"tested":6614},{"age_group":"30-39   ","count":432,"tested":6841},{"age_group":"40-49   ","count":412,"tested":6744},{"age_group":"50-59   ","count":483,"tested":9524},{"age_group":"60-69   ","count":344,"tested":8586},{"age_group":"70-79   ","count":174,"tested":5143},{"age_group":"80+","count":156,"tested":4406}],"race":[{"description":"Other","count":118,"tested":1327,"color":"rgb(148,103,189)"},{"description":"Left Blank","count":980,"tested":31438,"color":"rgb(44,160,44)"},{"description":"Black","count":107,"tested":1325,"color":"rgb(255,127,14)"},{"description":"Asian","count":30,"tested":543,"color":"rgb(140,86,75)"},{"description":"White","count":1413,"tested":17877,"color":"rgb(31,119,180)"},{"description":"Hispanic","count":430,"tested":2366,"color":"rgb(214,39,40)"}],"gender":[{"description":"Female","count":1545,"tested":30446,"color":"rgb(255,127,14)"},{"description":"Male","count":1508,"tested":22717,"color":"rgb(31,119,180)"},{"description":"Unknown/Left Blank","count":32,"tested":1760,"color":"rgb(44,160,44)"}]}
