{"age":[{"age_group":"<20","count":53,"tested":413},{"age_group":"20-29   ","count":27,"tested":221},{"age_group":"30-39   ","count":38,"tested":293},{"age_group":"40-49   ","count":44,"tested":352},{"age_group":"50-59   ","count":33,"tested":343},{"age_group":"60-69   ","count":36,"tested":406},{"age_group":"70-79   ","count":22,"tested":237},{"age_group":"80+","count":7,"tested":117}],"race":[{"description":"White","count":190,"tested":1616,"color":"rgb(31,119,180)"},{"description":"Left Blank","count":62,"tested":694,"color":"rgb(44,160,44)"}],"gender":[{"description":"Female","count":140,"tested":1311,"color":"rgb(255,127,14)"},{"description":"Male","count":120,"tested":997,"color":"rgb(31,119,180)"}]}
