{"age":[{"age_group":"<20","count":17,"tested":119},{"age_group":"20-29   ","count":17,"tested":132},{"age_group":"30-39   ","count":13,"tested":142},{"age_group":"40-49   ","count":17,"tested":129},{"age_group":"50-59   ","count":17,"tested":125},{"age_group":"60-69   ","count":18,"tested":93}],"race":[{"description":"Left Blank","count":48,"tested":390,"color":"rgb(44,160,44)"},{"description":"White","count":54,"tested":407,"color":"rgb(31,119,180)"}],"gender":[{"description":"Female","count":55,"tested":464,"color":"rgb(255,127,14)"},{"description":"Male","count":53,"tested":355,"color":"rgb(31,119,180)"}]}
