{"age":[{"age_group":"<20","count":782,"tested":6029},{"age_group":"20-29   ","count":751,"tested":6505},{"age_group":"30-39   ","count":627,"tested":5353},{"age_group":"40-49   ","count":703,"tested":5373},{"age_group":"50-59   ","count":652,"tested":5493},{"age_group":"60-69   ","count":390,"tested":4132},{"age_group":"70-79   ","count":224,"tested":3069},{"age_group":"80+","count":152,"tested":3376}],"race":[{"description":"Other","count":55,"tested":517,"color":"rgb(148,103,189)"},{"description":"Left Blank","count":347,"tested":20646,"color":"rgb(44,160,44)"},{"description":"White","count":1975,"tested":13240,"color":"rgb(31,119,180)"},{"description":"Hispanic","count":1780,"tested":4108,"color":"rgb(214,39,40)"},{"description":"Asian","count":29,"tested":173,"color":"rgb(140,86,75)"},{"description":"Black","count":88,"tested":621,"color":"rgb(255,127,14)"},{"description":"AI/AN**","count":6,"tested":23,"color":"rgb(31,119,180)"}],"gender":[{"description":"Male","count":2002,"tested":15045,"color":"rgb(31,119,180)"},{"description":"Unknown/Left Blank","count":7,"tested":633,"color":"rgb(44,160,44)"},{"description":"Female","count":2273,"tested":23661,"color":"rgb(255,127,14)"}]}
