{"age":[{"age_group":"<20","count":22,"tested":220},{"age_group":"20-29   ","count":29,"tested":190},{"age_group":"30-39   ","count":21,"tested":184},{"age_group":"40-49   ","count":17,"tested":216},{"age_group":"50-59   ","count":34,"tested":193},{"age_group":"60-69   ","count":12,"tested":134},{"age_group":"70-79   ","count":11,"tested":69}],"race":[{"description":"Left Blank","count":57,"tested":602,"color":"rgb(44,160,44)"},{"description":"White","count":87,"tested":583,"color":"rgb(31,119,180)"}],"gender":[{"description":"Male","count":75,"tested":472,"color":"rgb(31,119,180)"},{"description":"Female","count":75,"tested":743,"color":"rgb(255,127,14)"}]}
