{"age":[{"age_group":"<20","count":192,"tested":2115},{"age_group":"20-29   ","count":208,"tested":3249},{"age_group":"30-39   ","count":164,"tested":3377},{"age_group":"40-49   ","count":175,"tested":3414},{"age_group":"50-59   ","count":223,"tested":3973},{"age_group":"60-69   ","count":223,"tested":4144},{"age_group":"70-79   ","count":186,"tested":3111},{"age_group":"80+","count":206,"tested":3283}],"race":[{"description":"Hispanic","count":48,"tested":706,"color":"rgb(214,39,40)"},{"description":"Black","count":49,"tested":2429,"color":"rgb(255,127,14)"},{"description":"Other","count":44,"tested":573,"color":"rgb(148,103,189)"},{"description":"Asian","count":15,"tested":817,"color":"rgb(140,86,75)"},{"description":"White","count":748,"tested":9480,"color":"rgb(31,119,180)"},{"description":"Left Blank","count":673,"tested":12647,"color":"rgb(44,160,44)"}],"gender":[{"description":"Unknown/Left Blank","count":12,"tested":378,"color":"rgb(44,160,44)"},{"description":"Male","count":717,"tested":9046,"color":"rgb(31,119,180)"},{"description":"Female","count":848,"tested":17245,"color":"rgb(255,127,14)"}]}
