{"age":[{"age_group":"<20","count":19,"tested":180},{"age_group":"20-29   ","count":14,"tested":198},{"age_group":"30-39   ","count":6,"tested":204},{"age_group":"40-49   ","count":24,"tested":170},{"age_group":"50-59   ","count":35,"tested":225},{"age_group":"60-69   ","count":14,"tested":203},{"age_group":"70-79   ","count":10,"tested":154},{"age_group":"80+","count":6,"tested":111}],"race":[{"description":"White","count":80,"tested":758,"color":"rgb(31,119,180)"},{"description":"Left Blank","count":45,"tested":628,"color":"rgb(44,160,44)"}],"gender":[{"description":"Male","count":63,"tested":545,"color":"rgb(31,119,180)"},{"description":"Female","count":63,"tested":869,"color":"rgb(255,127,14)"}]}
