{"age":[{"age_group":"<20","count":759,"tested":9547},{"age_group":"20-29   ","count":566,"tested":8255},{"age_group":"30-39   ","count":324,"tested":5450},{"age_group":"40-49   ","count":521,"tested":6982},{"age_group":"50-59   ","count":641,"tested":8706},{"age_group":"60-69   ","count":258,"tested":4660},{"age_group":"70-79   ","count":111,"tested":2536},{"age_group":"80+","count":38,"tested":1786}],"race":[{"description":"Black","count":111,"tested":1702,"color":"rgb(255,127,14)"},{"description":"Asian","count":338,"tested":5485,"color":"rgb(140,86,75)"},{"description":"Other","count":109,"tested":2110,"color":"rgb(148,103,189)"},{"description":"AI/AN**","count":10,"tested":102,"color":"rgb(31,119,180)"},{"description":"White","count":1379,"tested":16386,"color":"rgb(31,119,180)"},{"description":"Left Blank","count":1135,"tested":20858,"color":"rgb(44,160,44)"},{"description":"Hispanic","count":136,"tested":1242,"color":"rgb(214,39,40)"}],"gender":[{"description":"Female","count":1621,"tested":26296,"color":"rgb(255,127,14)"},{"description":"Male","count":1566,"tested":21318,"color":"rgb(31,119,180)"},{"description":"Unknown/Left Blank","count":32,"tested":317,"color":"rgb(44,160,44)"}]}
