{"age":[{"age_group":"<20","count":264,"tested":2412},{"age_group":"20-29   ","count":411,"tested":3457},{"age_group":"30-39   ","count":322,"tested":3049},{"age_group":"40-49   ","count":318,"tested":2789},{"age_group":"50-59   ","count":424,"tested":3864},{"age_group":"60-69   ","count":252,"tested":2774},{"age_group":"70-79   ","count":113,"tested":1569},{"age_group":"80+","count":35,"tested":960}],"race":[{"description":"Hispanic","count":203,"tested":952,"color":"rgb(214,39,40)"},{"description":"Left Blank","count":572,"tested":7602,"color":"rgb(44,160,44)"},{"description":"Other","count":55,"tested":330,"color":"rgb(148,103,189)"},{"description":"Asian","count":18,"tested":187,"color":"rgb(140,86,75)"},{"description":"White","count":1272,"tested":11629,"color":"rgb(31,119,180)"},{"description":"Black","count":12,"tested":129,"color":"rgb(255,127,14)"}],"gender":[{"description":"Female","count":1067,"tested":11901,"color":"rgb(255,127,14)"},{"description":"Male","count":1062,"tested":8843,"color":"rgb(31,119,180)"}]}
