{"age":[{"age_group":"<20","count":178,"tested":1661},{"age_group":"20-29   ","count":209,"tested":1955},{"age_group":"30-39   ","count":202,"tested":1798},{"age_group":"40-49   ","count":180,"tested":1594},{"age_group":"50-59   ","count":200,"tested":1927},{"age_group":"60-69   ","count":142,"tested":1749},{"age_group":"70-79   ","count":85,"tested":1330},{"age_group":"80+","count":59,"tested":1308}],"race":[{"description":"White","count":784,"tested":6870,"color":"rgb(31,119,180)"},{"description":"Other","count":23,"tested":279,"color":"rgb(148,103,189)"},{"description":"Left Blank","count":257,"tested":5048,"color":"rgb(44,160,44)"},{"description":"Hispanic","count":175,"tested":980,"color":"rgb(214,39,40)"},{"description":"Asian","count":7,"tested":45,"color":"rgb(140,86,75)"},{"description":"Black","count":8,"tested":82,"color":"rgb(255,127,14)"}],"gender":[{"description":"Male","count":589,"tested":5091,"color":"rgb(31,119,180)"},{"description":"Female","count":659,"tested":7846,"color":"rgb(255,127,14)"}]}
