{"age":[{"age_group":"<20","count":439,"tested":4659},{"age_group":"20-29   ","count":453,"tested":5709},{"age_group":"30-39   ","count":424,"tested":5339},{"age_group":"40-49   ","count":355,"tested":4133},{"age_group":"50-59   ","count":470,"tested":5639},{"age_group":"60-69   ","count":381,"tested":5375},{"age_group":"70-79   ","count":217,"tested":3337},{"age_group":"80+","count":230,"tested":6309}],"race":[{"description":"Hispanic","count":123,"tested":618,"color":"rgb(214,39,40)"},{"description":"Asian","count":16,"tested":136,"color":"rgb(140,86,75)"},{"description":"Left Blank","count":705,"tested":18001,"color":"rgb(44,160,44)"},{"description":"White","count":1797,"tested":18466,"color":"rgb(31,119,180)"},{"description":"Other","count":39,"tested":654,"color":"rgb(148,103,189)"},{"description":"Black","count":285,"tested":2595,"color":"rgb(255,127,14)"}],"gender":[{"description":"Female","count":1626,"tested":27119,"color":"rgb(255,127,14)"},{"description":"Male","count":1312,"tested":12602,"color":"rgb(31,119,180)"},{"description":"Unknown/Left Blank","count":31,"tested":791,"color":"rgb(44,160,44)"}]}
