{"age":[{"age_group":"<20","count":60,"tested":1164},{"age_group":"20-29   ","count":24,"tested":451},{"age_group":"30-39   ","count":10,"tested":274},{"age_group":"40-49   ","count":24,"tested":503},{"age_group":"50-59   ","count":38,"tested":629},{"age_group":"60-69   ","count":13,"tested":290}],"race":[{"description":"Left Blank","count":46,"tested":1262,"color":"rgb(44,160,44)"},{"description":"Other","count":14,"tested":306,"color":"rgb(148,103,189)"},{"description":"White","count":106,"tested":1835,"color":"rgb(31,119,180)"}],"gender":[{"description":"Male","count":90,"tested":1694,"color":"rgb(31,119,180)"},{"description":"Female","count":84,"tested":1822,"color":"rgb(255,127,14)"}]}
