{"lastUpdatedDate":{"year":2021,"month":3,"day":7},"county_demographics":[{"County":"McLean","confirmed_cases":14738,"total_tested":261720,"demographics":{"age":[{"race":[],"age_group":"Unknown","count":0,"tested":26,"deaths":0},{"race":[],"age_group":"20-29   ","count":4079,"tested":69250,"deaths":0},{"race":[],"age_group":"30-39   ","count":1868,"tested":33254,"deaths":0},{"race":[],"age_group":"70-79   ","count":658,"tested":12688,"deaths":0},{"race":[],"age_group":"40-49   ","count":1735,"tested":27408,"deaths":0},{"race":[],"age_group":"<20","count":2964,"tested":55121,"deaths":0},{"race":[],"age_group":"50-59   ","count":1667,"tested":27795,"deaths":0},{"race":[],"age_group":"60-69   ","count":1220,"tested":21814,"deaths":0},{"race":[],"age_group":"80+","count":547,"tested":14364,"deaths":0}],"race":[{"description":"NH/PI*","count":8,"tested":88,"deaths":0,"color":"rgb(127,127,127)"},{"description":"Other","count":202,"tested":2734,"deaths":0,"color":"rgb(148,103,189)"},{"description":"Asian","count":208,"tested":1898,"deaths":0,"color":"rgb(140,86,75)"},{"description":"Black","count":1079,"tested":9168,"deaths":0,"color":"rgb(255,127,14)"},{"description":"AI/AN**","count":0,"tested":151,"deaths":0,"color":"rgb(31,119,180)"},{"description":"White","count":8493,"tested":77931,"deaths":0,"color":"rgb(31,119,180)"},{"description":"Hispanic","count":844,"tested":3118,"deaths":0,"color":"rgb(214,39,40)"},{"description":"Left Blank","count":3894,"tested":166632,"deaths":0,"color":"rgb(44,160,44)"}],"gender":[{"description":"Female","count":7966,"tested":142165,"deaths":0,"color":"rgb(255,127,14)"},{"description":"Male","count":6754,"tested":99488,"deaths":0,"color":"rgb(31,119,180)"},{"description":"Unknown/Left Blank","count":13,"tested":20067,"deaths":0,"color":"rgb(44,160,44)"}]}}]}
