{"lastUpdatedDate":{"year":2021,"month":3,"day":7},"county_demographics":[{"County":"Crawford","confirmed_cases":2013,"total_tested":29785,"demographics":{"age":[{"race":[],"age_group":"30-39   ","count":312,"tested":5884,"deaths":0},{"race":[],"age_group":"50-59   ","count":300,"tested":4262,"deaths":0},{"race":[],"age_group":"40-49   ","count":275,"tested":5076,"deaths":0},{"race":[],"age_group":"20-29   ","count":286,"tested":4052,"deaths":0},{"race":[],"age_group":"80+","count":132,"tested":1392,"deaths":0},{"race":[],"age_group":"<20","count":284,"tested":2917,"deaths":0},{"race":[],"age_group":"60-69   ","count":233,"tested":2523,"deaths":0},{"race":[],"age_group":"Unknown","count":0,"tested":2230,"deaths":0},{"race":[],"age_group":"70-79   ","count":190,"tested":1449,"deaths":0}],"race":[{"description":"Asian","count":0,"tested":32,"deaths":0,"color":"rgb(140,86,75)"},{"description":"Black","count":157,"tested":438,"deaths":0,"color":"rgb(255,127,14)"},{"description":"NH/PI*","count":0,"tested":0,"deaths":0,"color":"rgb(127,127,127)"},{"description":"Other","count":18,"tested":549,"deaths":0,"color":"rgb(148,103,189)"},{"description":"AI/AN**","count":0,"tested":0,"deaths":0,"color":"rgb(31,119,180)"},{"description":"Hispanic","count":38,"tested":115,"deaths":0,"color":"rgb(214,39,40)"},{"description":"White","count":1582,"tested":12174,"deaths":0,"color":"rgb(31,119,180)"},{"description":"Left Blank","count":203,"tested":16474,"deaths":0,"color":"rgb(44,160,44)"}],"gender":[{"description":"Female","count":948,"tested":10504,"deaths":0,"color":"rgb(255,127,14)"},{"description":"Male","count":1008,"tested":8478,"deaths":0,"color":"rgb(31,119,180)"},{"description":"Unknown/Left Blank","count":57,"tested":10803,"deaths":0,"color":"rgb(44,160,44)"}]}}]}
