{"lastUpdatedDate":{"year":2021,"month":3,"day":7},"county_demographics":[{"County":"Tazewell","confirmed_cases":13677,"total_tested":181988,"demographics":{"age":[{"race":[],"age_group":"50-59   ","count":1986,"tested":24868,"deaths":0},{"race":[],"age_group":"20-29   ","count":1924,"tested":26518,"deaths":0},{"race":[],"age_group":"30-39   ","count":1962,"tested":26576,"deaths":0},{"race":[],"age_group":"70-79   ","count":992,"tested":13389,"deaths":0},{"race":[],"age_group":"80+","count":820,"tested":16354,"deaths":0},{"race":[],"age_group":"60-69   ","count":1620,"tested":20305,"deaths":0},{"race":[],"age_group":"Unknown","count":0,"tested":21,"deaths":0},{"race":[],"age_group":"<20","count":2338,"tested":28563,"deaths":0},{"race":[],"age_group":"40-49   ","count":2035,"tested":25394,"deaths":0}],"race":[{"description":"Asian","count":93,"tested":448,"deaths":0,"color":"rgb(140,86,75)"},{"description":"White","count":10708,"tested":76979,"deaths":0,"color":"rgb(31,119,180)"},{"description":"Hispanic","count":214,"tested":820,"deaths":0,"color":"rgb(214,39,40)"},{"description":"AI/AN**","count":16,"tested":71,"deaths":0,"color":"rgb(31,119,180)"},{"description":"Black","count":184,"tested":1372,"deaths":0,"color":"rgb(255,127,14)"},{"description":"Left Blank","count":2235,"tested":99617,"deaths":0,"color":"rgb(44,160,44)"},{"description":"NH/PI*","count":0,"tested":25,"deaths":0,"color":"rgb(127,127,127)"},{"description":"Other","count":221,"tested":2656,"deaths":0,"color":"rgb(148,103,189)"}],"gender":[{"description":"Female","count":7341,"tested":108505,"deaths":0,"color":"rgb(255,127,14)"},{"description":"Male","count":6159,"tested":66939,"deaths":0,"color":"rgb(31,119,180)"},{"description":"Unknown/Left Blank","count":172,"tested":6544,"deaths":0,"color":"rgb(44,160,44)"}]}}]}
