{"lastUpdatedDate":{"year":2021,"month":3,"day":7},"county_demographics":[{"County":"Chicago","confirmed_cases":247281,"total_tested":3446054,"demographics":{"age":[{"race":[],"age_group":"<20","count":31954,"tested":345718,"deaths":0},{"race":[],"age_group":"Unknown","count":9,"tested":2047,"deaths":0},{"race":[],"age_group":"80+","count":7132,"tested":126528,"deaths":0},{"race":[],"age_group":"20-29   ","count":53236,"tested":805195,"deaths":0},{"race":[],"age_group":"30-39   ","count":48202,"tested":700097,"deaths":0},{"race":[],"age_group":"40-49   ","count":39448,"tested":472634,"deaths":0},{"race":[],"age_group":"50-59   ","count":33558,"tested":443497,"deaths":0},{"race":[],"age_group":"70-79   ","count":11268,"tested":190085,"deaths":0},{"race":[],"age_group":"60-69   ","count":22474,"tested":360253,"deaths":0}],"race":[{"description":"NH/PI*","count":226,"tested":3701,"deaths":0,"color":"rgb(127,127,127)"},{"description":"Other","count":10710,"tested":129019,"deaths":0,"color":"rgb(148,103,189)"},{"description":"Black","count":41839,"tested":509519,"deaths":0,"color":"rgb(255,127,14)"},{"description":"AI/AN**","count":320,"tested":3541,"deaths":0,"color":"rgb(31,119,180)"},{"description":"Asian","count":6169,"tested":111451,"deaths":0,"color":"rgb(140,86,75)"},{"description":"Hispanic","count":84527,"tested":459957,"deaths":0,"color":"rgb(214,39,40)"},{"description":"Left Blank","count":59186,"tested":1506559,"deaths":0,"color":"rgb(44,160,44)"},{"description":"White","count":44304,"tested":722307,"deaths":0,"color":"rgb(31,119,180)"}],"gender":[{"description":"Female","count":125326,"tested":1833235,"deaths":0,"color":"rgb(255,127,14)"},{"description":"Male","count":117713,"tested":1508952,"deaths":0,"color":"rgb(31,119,180)"},{"description":"Unknown/Left Blank","count":4242,"tested":103867,"deaths":0,"color":"rgb(44,160,44)"}]}}]}
