{"age":[{"age_group":"<20","count":2889,"tested":16085},{"age_group":"20-29   ","count":3297,"tested":23989},{"age_group":"30-39   ","count":2812,"tested":17627},{"age_group":"40-49   ","count":2921,"tested":16811},{"age_group":"50-59   ","count":2168,"tested":13272},{"age_group":"60-69   ","count":1248,"tested":9018},{"age_group":"70-79   ","count":452,"tested":4089},{"age_group":"80+","count":182,"tested":1899}],"race":[{"description":"Hispanic","count":9857,"tested":42054,"color":"rgb(214,39,40)"},{"description":"Asian","count":18,"tested":293,"color":"rgb(140,86,75)"},{"description":"Black","count":996,"tested":9482,"color":"rgb(255,127,14)"},{"description":"White","count":751,"tested":7773,"color":"rgb(31,119,180)"},{"description":"Left Blank","count":3675,"tested":38043,"color":"rgb(44,160,44)"},{"description":"Other","count":634,"tested":4902,"color":"rgb(148,103,189)"},{"description":"AI/AN**","count":29,"tested":218,"color":"rgb(31,119,180)"},{"description":"NH/PI*","count":9,"tested":65,"color":"rgb(127,127,127)"}],"gender":[{"description":"Male","count":7644,"tested":44538,"color":"rgb(31,119,180)"},{"description":"Unknown/Left Blank","count":103,"tested":1006,"color":"rgb(44,160,44)"},{"description":"Female","count":8222,"tested":57286,"color":"rgb(255,127,14)"}]}
