{"age":[{"age_group":"<20","count":256,"tested":1625},{"age_group":"20-29   ","count":317,"tested":3491},{"age_group":"30-39   ","count":303,"tested":2968},{"age_group":"40-49   ","count":276,"tested":3026},{"age_group":"50-59   ","count":262,"tested":3207},{"age_group":"60-69   ","count":181,"tested":3493},{"age_group":"70-79   ","count":81,"tested":1723},{"age_group":"80+","count":43,"tested":1012}],"race":[{"description":"Hispanic","count":337,"tested":1770,"color":"rgb(214,39,40)"},{"description":"White","count":462,"tested":4247,"color":"rgb(31,119,180)"},{"description":"Asian","count":7,"tested":124,"color":"rgb(140,86,75)"},{"description":"Black","count":103,"tested":1271,"color":"rgb(255,127,14)"},{"description":"Other","count":39,"tested":408,"color":"rgb(148,103,189)"},{"description":"Left Blank","count":768,"tested":12689,"color":"rgb(44,160,44)"}],"gender":[{"description":"Female","count":943,"tested":11681,"color":"rgb(255,127,14)"},{"description":"Male","count":758,"tested":8592,"color":"rgb(31,119,180)"},{"description":"Unknown/Left Blank","count":18,"tested":276,"color":"rgb(44,160,44)"}]}
