{"age":[{"age_group":"<20","count":723,"tested":5012},{"age_group":"20-29   ","count":1008,"tested":9340},{"age_group":"30-39   ","count":873,"tested":9751},{"age_group":"40-49   ","count":784,"tested":8438},{"age_group":"50-59   ","count":799,"tested":9611},{"age_group":"60-69   ","count":552,"tested":9120},{"age_group":"70-79   ","count":326,"tested":5321},{"age_group":"80+","count":278,"tested":4876}],"race":[{"description":"Asian","count":61,"tested":1163,"color":"rgb(140,86,75)"},{"description":"Hispanic","count":887,"tested":5170,"color":"rgb(214,39,40)"},{"description":"Black","count":351,"tested":7431,"color":"rgb(255,127,14)"},{"description":"White","count":1599,"tested":17223,"color":"rgb(31,119,180)"},{"description":"Other","count":294,"tested":1966,"color":"rgb(148,103,189)"},{"description":"Left Blank","count":2140,"tested":28431,"color":"rgb(44,160,44)"},{"description":"AI/AN**","count":6,"tested":52,"color":"rgb(31,119,180)"},{"description":"NH/PI*","count":8,"tested":47,"color":"rgb(127,127,127)"}],"gender":[{"description":"Male","count":2486,"tested":24473,"color":"rgb(31,119,180)"},{"description":"Unknown/Left Blank","count":49,"tested":1137,"color":"rgb(44,160,44)"},{"description":"Female","count":2811,"tested":35873,"color":"rgb(255,127,14)"}]}
