{"age":[{"age_group":"<20","count":200,"tested":1849},{"age_group":"20-29   ","count":279,"tested":4251},{"age_group":"30-39   ","count":252,"tested":4227},{"age_group":"40-49   ","count":260,"tested":4810},{"age_group":"50-59   ","count":318,"tested":6922},{"age_group":"60-69   ","count":253,"tested":7504},{"age_group":"70-79   ","count":112,"tested":3261},{"age_group":"80+","count":63,"tested":1939}],"race":[{"description":"Black","count":966,"tested":10708,"color":"rgb(255,127,14)"},{"description":"Hispanic","count":72,"tested":300,"color":"rgb(214,39,40)"},{"description":"White","count":34,"tested":514,"color":"rgb(31,119,180)"},{"description":"Other","count":22,"tested":265,"color":"rgb(148,103,189)"},{"description":"Left Blank","count":643,"tested":22959,"color":"rgb(44,160,44)"}],"gender":[{"description":"Female","count":1002,"tested":19836,"color":"rgb(255,127,14)"},{"description":"Unknown/Left Blank","count":32,"tested":606,"color":"rgb(44,160,44)"},{"description":"Male","count":703,"tested":14350,"color":"rgb(31,119,180)"}]}
