{"age":[{"age_group":"<20","count":105,"tested":572},{"age_group":"20-29   ","count":147,"tested":844},{"age_group":"30-39   ","count":118,"tested":689},{"age_group":"40-49   ","count":123,"tested":495},{"age_group":"50-59   ","count":81,"tested":530},{"age_group":"60-69   ","count":60,"tested":345},{"age_group":"70-79   ","count":25,"tested":131},{"age_group":"80+","count":8,"tested":55}],"race":[{"description":"Black","count":16,"tested":83,"color":"rgb(255,127,14)"},{"description":"Other","count":41,"tested":262,"color":"rgb(148,103,189)"},{"description":"Hispanic","count":326,"tested":1260,"color":"rgb(214,39,40)"},{"description":"Left Blank","count":200,"tested":1477,"color":"rgb(44,160,44)"},{"description":"White","count":76,"tested":547,"color":"rgb(31,119,180)"}],"gender":[{"description":"Female","count":331,"tested":1936,"color":"rgb(255,127,14)"},{"description":"Male","count":329,"tested":1676,"color":"rgb(31,119,180)"}]}
