{"age":[{"age_group":"<20","count":70,"tested":472},{"age_group":"20-29   ","count":85,"tested":715},{"age_group":"30-39   ","count":92,"tested":730},{"age_group":"40-49   ","count":65,"tested":549},{"age_group":"50-59   ","count":108,"tested":868},{"age_group":"60-69   ","count":52,"tested":671},{"age_group":"70-79   ","count":34,"tested":299},{"age_group":"80+","count":13,"tested":130}],"race":[{"description":"Hispanic","count":67,"tested":473,"color":"rgb(214,39,40)"},{"description":"Left Blank","count":142,"tested":1483,"color":"rgb(44,160,44)"},{"description":"White","count":250,"tested":2002,"color":"rgb(31,119,180)"},{"description":"Other","count":22,"tested":197,"color":"rgb(148,103,189)"},{"description":"Black","count":27,"tested":174,"color":"rgb(255,127,14)"},{"description":"Asian","count":10,"tested":97,"color":"rgb(140,86,75)"}],"gender":[{"description":"Male","count":240,"tested":1804,"color":"rgb(31,119,180)"},{"description":"Female","count":265,"tested":2580,"color":"rgb(255,127,14)"}]}
