{"age":[{"age_group":"<20","count":266,"tested":3225},{"age_group":"20-29   ","count":382,"tested":6434},{"age_group":"30-39   ","count":387,"tested":6417},{"age_group":"40-49   ","count":362,"tested":6483},{"age_group":"50-59   ","count":351,"tested":7020},{"age_group":"60-69   ","count":291,"tested":6202},{"age_group":"70-79   ","count":178,"tested":3119},{"age_group":"80+","count":87,"tested":2497}],"race":[{"description":"AI/AN**","count":11,"tested":42,"color":"rgb(31,119,180)"},{"description":"NH/PI*","count":17,"tested":102,"color":"rgb(127,127,127)"},{"description":"Asian","count":344,"tested":3048,"color":"rgb(140,86,75)"},{"description":"Hispanic","count":238,"tested":1228,"color":"rgb(214,39,40)"},{"description":"Black","count":116,"tested":1425,"color":"rgb(255,127,14)"},{"description":"Left Blank","count":638,"tested":27269,"color":"rgb(44,160,44)"},{"description":"White","count":532,"tested":5864,"color":"rgb(31,119,180)"},{"description":"Other","count":408,"tested":2429,"color":"rgb(148,103,189)"}],"gender":[{"description":"Female","count":1234,"tested":24308,"color":"rgb(255,127,14)"},{"description":"Male","count":1059,"tested":16277,"color":"rgb(31,119,180)"},{"description":"Unknown/Left Blank","count":11,"tested":822,"color":"rgb(44,160,44)"}]}
