{"age":[{"age_group":"<20","count":1119,"tested":7278},{"age_group":"20-29   ","count":1258,"tested":11543},{"age_group":"30-39   ","count":1337,"tested":11659},{"age_group":"40-49   ","count":1274,"tested":9681},{"age_group":"50-59   ","count":896,"tested":8195},{"age_group":"60-69   ","count":658,"tested":6263},{"age_group":"70-79   ","count":354,"tested":3298},{"age_group":"80+","count":110,"tested":1084}],"race":[{"description":"White","count":244,"tested":4328,"color":"rgb(31,119,180)"},{"description":"Other","count":170,"tested":1940,"color":"rgb(148,103,189)"},{"description":"Left Blank","count":1391,"tested":21028,"color":"rgb(44,160,44)"},{"description":"Asian","count":12,"tested":192,"color":"rgb(140,86,75)"},{"description":"Black","count":1868,"tested":16544,"color":"rgb(255,127,14)"},{"description":"Hispanic","count":3316,"tested":14877,"color":"rgb(214,39,40)"}],"gender":[{"description":"Male","count":3226,"tested":24788,"color":"rgb(31,119,180)"},{"description":"Unknown/Left Blank","count":67,"tested":1462,"color":"rgb(44,160,44)"},{"description":"Female","count":3713,"tested":32780,"color":"rgb(255,127,14)"}]}
