{"age":[{"age_group":"<20","count":182,"tested":4832},{"age_group":"20-29   ","count":614,"tested":17786},{"age_group":"30-39   ","count":648,"tested":13958},{"age_group":"40-49   ","count":304,"tested":5742},{"age_group":"50-59   ","count":283,"tested":3526},{"age_group":"60-69   ","count":180,"tested":2404},{"age_group":"70-79   ","count":53,"tested":815},{"age_group":"80+","count":20,"tested":309}],"race":[{"description":"Left Blank","count":610,"tested":16856,"color":"rgb(44,160,44)"},{"description":"Other","count":130,"tested":3145,"color":"rgb(148,103,189)"},{"description":"Asian","count":132,"tested":5876,"color":"rgb(140,86,75)"},{"description":"Black","count":425,"tested":5359,"color":"rgb(255,127,14)"},{"description":"Hispanic","count":212,"tested":2786,"color":"rgb(214,39,40)"},{"description":"White","count":773,"tested":15239,"color":"rgb(31,119,180)"}],"gender":[{"description":"Female","count":998,"tested":24339,"color":"rgb(255,127,14)"},{"description":"Male","count":1162,"tested":22255,"color":"rgb(31,119,180)"},{"description":"Unknown/Left Blank","count":125,"tested":2790,"color":"rgb(44,160,44)"}]}
