{"age":[{"age_group":"<20","count":159,"tested":1578},{"age_group":"20-29   ","count":187,"tested":2511},{"age_group":"30-39   ","count":146,"tested":2827},{"age_group":"40-49   ","count":166,"tested":2845},{"age_group":"50-59   ","count":197,"tested":3294},{"age_group":"60-69   ","count":210,"tested":3522},{"age_group":"70-79   ","count":177,"tested":2566},{"age_group":"80+","count":200,"tested":2689}],"race":[{"description":"Hispanic","count":41,"tested":545,"color":"rgb(214,39,40)"},{"description":"Black","count":48,"tested":2053,"color":"rgb(255,127,14)"},{"description":"Other","count":40,"tested":473,"color":"rgb(148,103,189)"},{"description":"Asian","count":14,"tested":674,"color":"rgb(140,86,75)"},{"description":"White","count":639,"tested":7596,"color":"rgb(31,119,180)"},{"description":"Left Blank","count":660,"tested":10484,"color":"rgb(44,160,44)"}],"gender":[{"description":"Unknown/Left Blank","count":14,"tested":322,"color":"rgb(44,160,44)"},{"description":"Male","count":651,"tested":7469,"color":"rgb(31,119,180)"},{"description":"Female","count":777,"tested":14044,"color":"rgb(255,127,14)"}]}
