{"age":[{"age_group":"<20","count":64,"tested":1339},{"age_group":"20-29   ","count":81,"tested":2836},{"age_group":"30-39   ","count":50,"tested":1776},{"age_group":"40-49   ","count":72,"tested":2432},{"age_group":"50-59   ","count":95,"tested":2800},{"age_group":"60-69   ","count":56,"tested":2215},{"age_group":"70-79   ","count":58,"tested":1740},{"age_group":"80+","count":99,"tested":3304}],"race":[{"description":"White","count":329,"tested":5249,"color":"rgb(31,119,180)"},{"description":"Asian","count":26,"tested":1119,"color":"rgb(140,86,75)"},{"description":"Hispanic","count":21,"tested":999,"color":"rgb(214,39,40)"},{"description":"Other","count":34,"tested":470,"color":"rgb(148,103,189)"},{"description":"Left Blank","count":160,"tested":10093,"color":"rgb(44,160,44)"}],"gender":[{"description":"Female","count":311,"tested":11393,"color":"rgb(255,127,14)"},{"description":"Male","count":257,"tested":6615,"color":"rgb(31,119,180)"}]}
