{"age":[{"age_group":"<20","count":135,"tested":2789},{"age_group":"20-29   ","count":86,"tested":2347},{"age_group":"30-39   ","count":79,"tested":1561},{"age_group":"40-49   ","count":86,"tested":2587},{"age_group":"50-59   ","count":101,"tested":2506},{"age_group":"60-69   ","count":60,"tested":2133},{"age_group":"70-79   ","count":41,"tested":1458},{"age_group":"80+","count":60,"tested":1646}],"race":[{"description":"Other","count":45,"tested":683,"color":"rgb(148,103,189)"},{"description":"Left Blank","count":149,"tested":6256,"color":"rgb(44,160,44)"},{"description":"Asian","count":27,"tested":787,"color":"rgb(140,86,75)"},{"description":"Black","count":26,"tested":326,"color":"rgb(255,127,14)"},{"description":"Hispanic","count":76,"tested":1259,"color":"rgb(214,39,40)"},{"description":"White","count":324,"tested":7659,"color":"rgb(31,119,180)"}],"gender":[{"description":"Female","count":323,"tested":8932,"color":"rgb(255,127,14)"},{"description":"Male","count":310,"tested":7934,"color":"rgb(31,119,180)"}]}
