{"age":[{"age_group":"<20","count":439,"tested":3935},{"age_group":"20-29   ","count":430,"tested":6179},{"age_group":"30-39   ","count":368,"tested":5043},{"age_group":"40-49   ","count":390,"tested":4452},{"age_group":"50-59   ","count":445,"tested":4735},{"age_group":"60-69   ","count":179,"tested":2921},{"age_group":"70-79   ","count":104,"tested":2528},{"age_group":"80+","count":116,"tested":3866}],"race":[{"description":"Black","count":59,"tested":542,"color":"rgb(255,127,14)"},{"description":"Asian","count":121,"tested":1222,"color":"rgb(140,86,75)"},{"description":"Other","count":58,"tested":496,"color":"rgb(148,103,189)"},{"description":"Hispanic","count":441,"tested":1934,"color":"rgb(214,39,40)"},{"description":"Left Blank","count":838,"tested":21243,"color":"rgb(44,160,44)"},{"description":"White","count":951,"tested":8149,"color":"rgb(31,119,180)"}],"gender":[{"description":"Unknown/Left Blank","count":56,"tested":689,"color":"rgb(44,160,44)"},{"description":"Female","count":1215,"tested":20899,"color":"rgb(255,127,14)"},{"description":"Male","count":1202,"tested":12077,"color":"rgb(31,119,180)"}]}
