{"age":[{"age_group":"<20","count":19,"tested":338},{"age_group":"20-29   ","count":310,"tested":5536},{"age_group":"30-39   ","count":269,"tested":5297},{"age_group":"40-49   ","count":50,"tested":1193},{"age_group":"50-59   ","count":30,"tested":703},{"age_group":"60-69   ","count":21,"tested":357}],"race":[{"description":"Left Blank","count":276,"tested":6450,"color":"rgb(44,160,44)"},{"description":"Hispanic","count":38,"tested":412,"color":"rgb(214,39,40)"},{"description":"Other","count":39,"tested":779,"color":"rgb(148,103,189)"},{"description":"White","count":260,"tested":4132,"color":"rgb(31,119,180)"},{"description":"Asian","count":61,"tested":1391,"color":"rgb(140,86,75)"},{"description":"Black","count":26,"tested":414,"color":"rgb(255,127,14)"}],"gender":[{"description":"Unknown/Left Blank","count":21,"tested":159,"color":"rgb(44,160,44)"},{"description":"Female","count":320,"tested":6889,"color":"rgb(255,127,14)"},{"description":"Male","count":361,"tested":6560,"color":"rgb(31,119,180)"}]}
