{"age":[{"age_group":"<20","count":500,"tested":5062},{"age_group":"20-29   ","count":519,"tested":5005},{"age_group":"30-39   ","count":495,"tested":5187},{"age_group":"40-49   ","count":558,"tested":5297},{"age_group":"50-59   ","count":510,"tested":4916},{"age_group":"60-69   ","count":242,"tested":2979},{"age_group":"70-79   ","count":133,"tested":1897},{"age_group":"80+","count":126,"tested":1421}],"race":[{"description":"Black","count":181,"tested":1712,"color":"rgb(255,127,14)"},{"description":"White","count":1335,"tested":13101,"color":"rgb(31,119,180)"},{"description":"Asian","count":64,"tested":615,"color":"rgb(140,86,75)"},{"description":"Other","count":102,"tested":1107,"color":"rgb(148,103,189)"},{"description":"Hispanic","count":531,"tested":2937,"color":"rgb(214,39,40)"},{"description":"Left Blank","count":867,"tested":12250,"color":"rgb(44,160,44)"}],"gender":[{"description":"Female","count":1612,"tested":17913,"color":"rgb(255,127,14)"},{"description":"Male","count":1453,"tested":13479,"color":"rgb(31,119,180)"},{"description":"Unknown/Left Blank","count":18,"tested":373,"color":"rgb(44,160,44)"}]}
