{"age":[{"age_group":"<20","count":499,"tested":5632},{"age_group":"20-29   ","count":389,"tested":5652},{"age_group":"30-39   ","count":265,"tested":4467},{"age_group":"40-49   ","count":355,"tested":4607},{"age_group":"50-59   ","count":383,"tested":5565},{"age_group":"60-69   ","count":269,"tested":4783},{"age_group":"70-79   ","count":96,"tested":2274},{"age_group":"80+","count":73,"tested":929}],"race":[{"description":"Hispanic","count":145,"tested":1015,"color":"rgb(214,39,40)"},{"description":"White","count":1268,"tested":14457,"color":"rgb(31,119,180)"},{"description":"Left Blank","count":598,"tested":13977,"color":"rgb(44,160,44)"},{"description":"Other","count":61,"tested":1193,"color":"rgb(148,103,189)"},{"description":"Asian","count":170,"tested":2470,"color":"rgb(140,86,75)"},{"description":"Black","count":83,"tested":719,"color":"rgb(255,127,14)"}],"gender":[{"description":"Unknown/Left Blank","count":17,"tested":417,"color":"rgb(44,160,44)"},{"description":"Male","count":1146,"tested":15392,"color":"rgb(31,119,180)"},{"description":"Female","count":1166,"tested":18101,"color":"rgb(255,127,14)"}]}
