{"age":[{"age_group":"<20","count":229,"tested":5683},{"age_group":"20-29   ","count":484,"tested":25349},{"age_group":"30-39   ","count":404,"tested":9962},{"age_group":"40-49   ","count":286,"tested":5927},{"age_group":"50-59   ","count":260,"tested":6126},{"age_group":"60-69   ","count":150,"tested":4738},{"age_group":"70-79   ","count":94,"tested":2677},{"age_group":"80+","count":71,"tested":1433}],"race":[{"description":"Asian","count":46,"tested":4614,"color":"rgb(140,86,75)"},{"description":"White","count":229,"tested":18657,"color":"rgb(31,119,180)"},{"description":"Black","count":1066,"tested":17182,"color":"rgb(255,127,14)"},{"description":"Other","count":45,"tested":1059,"color":"rgb(148,103,189)"},{"description":"Hispanic","count":80,"tested":3216,"color":"rgb(214,39,40)"},{"description":"Left Blank","count":507,"tested":17009,"color":"rgb(44,160,44)"}],"gender":[{"description":"Male","count":884,"tested":25767,"color":"rgb(31,119,180)"},{"description":"Unknown/Left Blank","count":23,"tested":942,"color":"rgb(44,160,44)"},{"description":"Female","count":1071,"tested":35197,"color":"rgb(255,127,14)"}]}
