{"age":[{"age_group":"<20","count":56,"tested":1030},{"age_group":"20-29   ","count":36,"tested":650},{"age_group":"30-39   ","count":28,"tested":628},{"age_group":"40-49   ","count":44,"tested":902},{"age_group":"50-59   ","count":38,"tested":626},{"age_group":"60-69   ","count":24,"tested":686},{"age_group":"70-79   ","count":10,"tested":371},{"age_group":"80+","count":9,"tested":149}],"race":[{"description":"Hispanic","count":18,"tested":151,"color":"rgb(214,39,40)"},{"description":"Left Blank","count":86,"tested":2145,"color":"rgb(44,160,44)"},{"description":"Black","count":25,"tested":278,"color":"rgb(255,127,14)"},{"description":"Asian","count":9,"tested":148,"color":"rgb(140,86,75)"},{"description":"White","count":91,"tested":2021,"color":"rgb(31,119,180)"},{"description":"Other","count":16,"tested":301,"color":"rgb(148,103,189)"}],"gender":[{"description":"Female","count":122,"tested":2782,"color":"rgb(255,127,14)"},{"description":"Male","count":122,"tested":2191,"color":"rgb(31,119,180)"}]}
