{"age":[{"age_group":"<20","count":241,"tested":2104},{"age_group":"20-29   ","count":298,"tested":3929},{"age_group":"30-39   ","count":314,"tested":4955},{"age_group":"40-49   ","count":301,"tested":4358},{"age_group":"50-59   ","count":300,"tested":4996},{"age_group":"60-69   ","count":236,"tested":5398},{"age_group":"70-79   ","count":126,"tested":4037},{"age_group":"80+","count":97,"tested":4820}],"race":[{"description":"White","count":607,"tested":6767,"color":"rgb(31,119,180)"},{"description":"Left Blank","count":527,"tested":21379,"color":"rgb(44,160,44)"},{"description":"Other","count":275,"tested":1860,"color":"rgb(148,103,189)"},{"description":"Asian","count":297,"tested":3124,"color":"rgb(140,86,75)"},{"description":"Black","count":40,"tested":334,"color":"rgb(255,127,14)"},{"description":"Hispanic","count":147,"tested":969,"color":"rgb(214,39,40)"},{"description":"NH/PI*","count":6,"tested":118,"color":"rgb(127,127,127)"},{"description":"AI/AN**","count":14,"tested":68,"color":"rgb(31,119,180)"}],"gender":[{"description":"Male","count":925,"tested":14013,"color":"rgb(31,119,180)"},{"description":"Female","count":980,"tested":20199,"color":"rgb(255,127,14)"}]}
