{"age":[{"age_group":"<20","count":294,"tested":5291},{"age_group":"20-29   ","count":312,"tested":6256},{"age_group":"30-39   ","count":272,"tested":6056},{"age_group":"40-49   ","count":259,"tested":5921},{"age_group":"50-59   ","count":258,"tested":5878},{"age_group":"60-69   ","count":183,"tested":4753},{"age_group":"70-79   ","count":119,"tested":3484},{"age_group":"80+","count":103,"tested":2788}],"race":[{"description":"Left Blank","count":380,"tested":16319,"color":"rgb(44,160,44)"},{"description":"Other","count":99,"tested":1824,"color":"rgb(148,103,189)"},{"description":"Black","count":390,"tested":4742,"color":"rgb(255,127,14)"},{"description":"Asian","count":45,"tested":953,"color":"rgb(140,86,75)"},{"description":"Hispanic","count":156,"tested":1670,"color":"rgb(214,39,40)"},{"description":"White","count":727,"tested":14898,"color":"rgb(31,119,180)"}],"gender":[{"description":"Male","count":841,"tested":16238,"color":"rgb(31,119,180)"},{"description":"Unknown/Left Blank","count":26,"tested":1113,"color":"rgb(44,160,44)"},{"description":"Female","count":933,"tested":23093,"color":"rgb(255,127,14)"}]}
