{"age":[{"age_group":"<20","count":367,"tested":3818},{"age_group":"20-29   ","count":441,"tested":6056},{"age_group":"30-39   ","count":446,"tested":6042},{"age_group":"40-49   ","count":449,"tested":5822},{"age_group":"50-59   ","count":477,"tested":6047},{"age_group":"60-69   ","count":318,"tested":4913},{"age_group":"70-79   ","count":178,"tested":3057},{"age_group":"80+","count":128,"tested":2553}],"race":[{"description":"Other","count":95,"tested":818,"color":"rgb(148,103,189)"},{"description":"Black","count":59,"tested":836,"color":"rgb(255,127,14)"},{"description":"White","count":1074,"tested":10260,"color":"rgb(31,119,180)"},{"description":"Asian","count":234,"tested":2555,"color":"rgb(140,86,75)"},{"description":"Left Blank","count":1068,"tested":22039,"color":"rgb(44,160,44)"},{"description":"Hispanic","count":264,"tested":1708,"color":"rgb(214,39,40)"},{"description":"AI/AN**","count":9,"tested":31,"color":"rgb(31,119,180)"}],"gender":[{"description":"Male","count":1312,"tested":14680,"color":"rgb(31,119,180)"},{"description":"Unknown/Left Blank","count":11,"tested":638,"color":"rgb(44,160,44)"},{"description":"Female","count":1482,"tested":23013,"color":"rgb(255,127,14)"}]}
