{"age":[{"age_group":"<20","count":107,"tested":1100},{"age_group":"20-29   ","count":61,"tested":649},{"age_group":"30-39   ","count":97,"tested":630},{"age_group":"40-49   ","count":97,"tested":672},{"age_group":"50-59   ","count":107,"tested":950},{"age_group":"60-69   ","count":59,"tested":686},{"age_group":"70-79   ","count":27,"tested":385},{"age_group":"80+","count":33,"tested":388}],"race":[{"description":"Left Blank","count":79,"tested":1856,"color":"rgb(44,160,44)"},{"description":"Black","count":8,"tested":72,"color":"rgb(255,127,14)"},{"description":"White","count":480,"tested":3334,"color":"rgb(31,119,180)"},{"description":"Hispanic","count":18,"tested":119,"color":"rgb(214,39,40)"}],"gender":[{"description":"Male","count":275,"tested":2383,"color":"rgb(31,119,180)"},{"description":"Female","count":313,"tested":2976,"color":"rgb(255,127,14)"}]}
