{"age":[{"age_group":"<20","count":74,"tested":872},{"age_group":"20-29   ","count":222,"tested":3818},{"age_group":"30-39   ","count":212,"tested":4198},{"age_group":"40-49   ","count":157,"tested":3294},{"age_group":"50-59   ","count":141,"tested":3814},{"age_group":"60-69   ","count":136,"tested":3380},{"age_group":"70-79   ","count":75,"tested":2751},{"age_group":"80+","count":52,"tested":1910}],"race":[{"description":"Left Blank","count":282,"tested":10034,"color":"rgb(44,160,44)"},{"description":"White","count":312,"tested":5801,"color":"rgb(31,119,180)"},{"description":"Hispanic","count":100,"tested":1341,"color":"rgb(214,39,40)"},{"description":"Other","count":48,"tested":803,"color":"rgb(148,103,189)"},{"description":"Black","count":303,"tested":5561,"color":"rgb(255,127,14)"},{"description":"Asian","count":23,"tested":483,"color":"rgb(140,86,75)"}],"gender":[{"description":"Unknown/Left Blank","count":13,"tested":1022,"color":"rgb(44,160,44)"},{"description":"Female","count":568,"tested":13047,"color":"rgb(255,127,14)"},{"description":"Male","count":488,"tested":9978,"color":"rgb(31,119,180)"}]}
