{"age":[{"age_group":"<20","count":266,"tested":6594},{"age_group":"20-29   ","count":2106,"tested":38026},{"age_group":"30-39   ","count":1037,"tested":24612},{"age_group":"40-49   ","count":377,"tested":8714},{"age_group":"50-59   ","count":300,"tested":6376},{"age_group":"60-69   ","count":161,"tested":4175},{"age_group":"70-79   ","count":108,"tested":3414},{"age_group":"80+","count":122,"tested":3405}],"race":[{"description":"Black","count":107,"tested":1590,"color":"rgb(255,127,14)"},{"description":"AI/AN**","count":11,"tested":64,"color":"rgb(31,119,180)"},{"description":"Other","count":208,"tested":4065,"color":"rgb(148,103,189)"},{"description":"Hispanic","count":295,"tested":2240,"color":"rgb(214,39,40)"},{"description":"Asian","count":117,"tested":2298,"color":"rgb(140,86,75)"},{"description":"White","count":2157,"tested":34436,"color":"rgb(31,119,180)"},{"description":"Left Blank","count":1579,"tested":50604,"color":"rgb(44,160,44)"}],"gender":[{"description":"Unknown/Left Blank","count":311,"tested":1525,"color":"rgb(44,160,44)"},{"description":"Male","count":2178,"tested":42752,"color":"rgb(31,119,180)"},{"description":"Female","count":1988,"tested":51051,"color":"rgb(255,127,14)"}]}
