{"lastUpdatedDate":{"year":2021,"month":5,"day":19},"county_demographics":[{"County":"White","confirmed_cases":1697,"total_tested":23993,"demographics":{"age":[{"race":[],"age_group":"<20","count":246,"tested":2551,"deaths":0},{"race":[],"age_group":"20-29   ","count":203,"tested":3207,"deaths":0},{"race":[],"age_group":"30-39   ","count":205,"tested":3228,"deaths":0},{"race":[],"age_group":"40-49   ","count":228,"tested":3050,"deaths":0},{"race":[],"age_group":"50-59   ","count":250,"tested":2946,"deaths":0},{"race":[],"age_group":"60-69   ","count":245,"tested":2874,"deaths":0},{"race":[],"age_group":"70-79   ","count":162,"tested":2030,"deaths":0},{"race":[],"age_group":"80+","count":158,"tested":4099,"deaths":0},{"race":[],"age_group":"Unknown","count":0,"tested":8,"deaths":0}],"race":[{"description":"AI/AN**","count":0,"tested":0,"deaths":0,"color":"rgb(31,119,180)"},{"description":"Asian","count":0,"tested":23,"deaths":0,"color":"rgb(140,86,75)"},{"description":"Black","count":0,"tested":59,"deaths":0,"color":"rgb(255,127,14)"},{"description":"Hispanic","count":0,"tested":27,"deaths":0,"color":"rgb(214,39,40)"},{"description":"Left Blank","count":627,"tested":16395,"deaths":0,"color":"rgb(44,160,44)"},{"description":"NH/PI*","count":0,"tested":0,"deaths":0,"color":"rgb(127,127,127)"},{"description":"Other","count":7,"tested":62,"deaths":0,"color":"rgb(148,103,189)"},{"description":"White","count":1054,"tested":7422,"deaths":0,"color":"rgb(31,119,180)"}],"gender":[{"description":"Female","count":847,"tested":17250,"deaths":0,"color":"rgb(255,127,14)"},{"description":"Male","count":618,"tested":5471,"deaths":0,"color":"rgb(31,119,180)"},{"description":"Unknown/Left Blank","count":232,"tested":1272,"deaths":0,"color":"rgb(44,160,44)"}]}}]}
