{"lastUpdatedDate":{"year":2021,"month":5,"day":19},"county_demographics":[{"County":"Champaign","confirmed_cases":20774,"total_tested":2437683,"demographics":{"age":[{"race":[],"age_group":"<20","count":5681,"tested":556987,"deaths":0},{"race":[],"age_group":"20-29   ","count":6137,"tested":1119043,"deaths":0},{"race":[],"age_group":"30-39   ","count":2586,"tested":238809,"deaths":0},{"race":[],"age_group":"40-49   ","count":2161,"tested":182060,"deaths":0},{"race":[],"age_group":"50-59   ","count":1789,"tested":172314,"deaths":0},{"race":[],"age_group":"60-69   ","count":1352,"tested":106152,"deaths":0},{"race":[],"age_group":"70-79   ","count":587,"tested":36006,"deaths":0},{"race":[],"age_group":"80+","count":479,"tested":25973,"deaths":0},{"race":[],"age_group":"Unknown","count":0,"tested":339,"deaths":0}],"race":[{"description":"AI/AN**","count":11,"tested":3257,"deaths":0,"color":"rgb(31,119,180)"},{"description":"Asian","count":1091,"tested":490199,"deaths":0,"color":"rgb(140,86,75)"},{"description":"Black","count":3490,"tested":184877,"deaths":0,"color":"rgb(255,127,14)"},{"description":"Hispanic","count":2371,"tested":202202,"deaths":0,"color":"rgb(214,39,40)"},{"description":"Left Blank","count":925,"tested":106611,"deaths":0,"color":"rgb(44,160,44)"},{"description":"NH/PI*","count":9,"tested":1571,"deaths":0,"color":"rgb(127,127,127)"},{"description":"Other","count":581,"tested":103863,"deaths":0,"color":"rgb(148,103,189)"},{"description":"White","count":12294,"tested":1345103,"deaths":0,"color":"rgb(31,119,180)"}],"gender":[{"description":"Female","count":10474,"tested":1182922,"deaths":0,"color":"rgb(255,127,14)"},{"description":"Male","count":10264,"tested":1248755,"deaths":0,"color":"rgb(31,119,180)"},{"description":"Unknown/Left Blank","count":36,"tested":6006,"deaths":0,"color":"rgb(44,160,44)"}]}}]}
