{"lastUpdatedDate":{"year":2021,"month":5,"day":19},"county_demographics":[{"County":"Pope","confirmed_cases":322,"total_tested":3604,"demographics":{"age":[{"race":[],"age_group":"<20","count":37,"tested":424,"deaths":0},{"race":[],"age_group":"20-29   ","count":35,"tested":447,"deaths":0},{"race":[],"age_group":"30-39   ","count":26,"tested":505,"deaths":0},{"race":[],"age_group":"40-49   ","count":47,"tested":599,"deaths":0},{"race":[],"age_group":"50-59   ","count":50,"tested":637,"deaths":0},{"race":[],"age_group":"60-69   ","count":65,"tested":592,"deaths":0},{"race":[],"age_group":"70-79   ","count":31,"tested":263,"deaths":0},{"race":[],"age_group":"80+","count":17,"tested":137,"deaths":0}],"race":[{"description":"AI/AN**","count":0,"tested":0,"deaths":0,"color":"rgb(31,119,180)"},{"description":"Black","count":0,"tested":24,"deaths":0,"color":"rgb(255,127,14)"},{"description":"Hispanic","count":0,"tested":0,"deaths":0,"color":"rgb(214,39,40)"},{"description":"Left Blank","count":118,"tested":1993,"deaths":0,"color":"rgb(44,160,44)"},{"description":"NH/PI*","count":0,"tested":0,"deaths":0,"color":"rgb(127,127,127)"},{"description":"Other","count":0,"tested":18,"deaths":0,"color":"rgb(148,103,189)"},{"description":"White","count":197,"tested":1565,"deaths":0,"color":"rgb(31,119,180)"}],"gender":[{"description":"Female","count":162,"tested":1770,"deaths":0,"color":"rgb(255,127,14)"},{"description":"Male","count":157,"tested":1379,"deaths":0,"color":"rgb(31,119,180)"},{"description":"Unknown/Left Blank","count":0,"tested":455,"deaths":0,"color":"rgb(44,160,44)"}]}}]}
