{"lastUpdatedDate":{"year":2021,"month":5,"day":19},"county_demographics":[{"County":"McHenry","confirmed_cases":28747,"total_tested":349216,"demographics":{"age":[{"race":[],"age_group":"<20","count":4753,"tested":48520,"deaths":0},{"race":[],"age_group":"20-29   ","count":4972,"tested":54023,"deaths":0},{"race":[],"age_group":"30-39   ","count":4368,"tested":49832,"deaths":0},{"race":[],"age_group":"40-49   ","count":4479,"tested":47042,"deaths":0},{"race":[],"age_group":"50-59   ","count":4910,"tested":56003,"deaths":0},{"race":[],"age_group":"60-69   ","count":2992,"tested":42682,"deaths":0},{"race":[],"age_group":"70-79   ","count":1314,"tested":25999,"deaths":0},{"race":[],"age_group":"80+","count":954,"tested":25041,"deaths":0},{"race":[],"age_group":"Unknown","count":0,"tested":74,"deaths":0}],"race":[{"description":"AI/AN**","count":37,"tested":420,"deaths":0,"color":"rgb(31,119,180)"},{"description":"Asian","count":496,"tested":6060,"deaths":0,"color":"rgb(140,86,75)"},{"description":"Black","count":314,"tested":4080,"deaths":0,"color":"rgb(255,127,14)"},{"description":"Hispanic","count":4624,"tested":25458,"deaths":0,"color":"rgb(214,39,40)"},{"description":"Left Blank","count":6990,"tested":131654,"deaths":0,"color":"rgb(44,160,44)"},{"description":"NH/PI*","count":29,"tested":503,"deaths":0,"color":"rgb(127,127,127)"},{"description":"Other","count":575,"tested":6392,"deaths":0,"color":"rgb(148,103,189)"},{"description":"White","count":15677,"tested":174649,"deaths":0,"color":"rgb(31,119,180)"}],"gender":[{"description":"Female","count":14641,"tested":201370,"deaths":0,"color":"rgb(255,127,14)"},{"description":"Male","count":13914,"tested":143414,"deaths":0,"color":"rgb(31,119,180)"},{"description":"Unknown/Left Blank","count":192,"tested":4432,"deaths":0,"color":"rgb(44,160,44)"}]}}]}
