{"lastUpdatedDate":{"year":2021,"month":5,"day":19},"county_demographics":[{"County":"Clinton","confirmed_cases":5766,"total_tested":68541,"demographics":{"age":[{"race":[],"age_group":"<20","count":876,"tested":8774,"deaths":0},{"race":[],"age_group":"20-29   ","count":881,"tested":11194,"deaths":0},{"race":[],"age_group":"30-39   ","count":899,"tested":10896,"deaths":0},{"race":[],"age_group":"40-49   ","count":767,"tested":9709,"deaths":0},{"race":[],"age_group":"50-59   ","count":894,"tested":10599,"deaths":0},{"race":[],"age_group":"60-69   ","count":731,"tested":8121,"deaths":0},{"race":[],"age_group":"70-79   ","count":352,"tested":4112,"deaths":0},{"race":[],"age_group":"80+","count":353,"tested":4960,"deaths":0},{"race":[],"age_group":"Unknown","count":13,"tested":176,"deaths":0}],"race":[{"description":"AI/AN**","count":6,"tested":17,"deaths":0,"color":"rgb(31,119,180)"},{"description":"Asian","count":0,"tested":97,"deaths":0,"color":"rgb(140,86,75)"},{"description":"Black","count":102,"tested":1610,"deaths":0,"color":"rgb(255,127,14)"},{"description":"Hispanic","count":74,"tested":402,"deaths":0,"color":"rgb(214,39,40)"},{"description":"Left Blank","count":2486,"tested":34768,"deaths":0,"color":"rgb(44,160,44)"},{"description":"NH/PI*","count":0,"tested":32,"deaths":0,"color":"rgb(127,127,127)"},{"description":"Other","count":115,"tested":807,"deaths":0,"color":"rgb(148,103,189)"},{"description":"White","count":2968,"tested":30808,"deaths":0,"color":"rgb(31,119,180)"}],"gender":[{"description":"Female","count":2974,"tested":38155,"deaths":0,"color":"rgb(255,127,14)"},{"description":"Male","count":2645,"tested":26651,"deaths":0,"color":"rgb(31,119,180)"},{"description":"Unknown/Left Blank","count":147,"tested":3735,"deaths":0,"color":"rgb(44,160,44)"}]}}]}
