{"lastUpdatedDate":{"year":2021,"month":5,"day":19},"county_demographics":[{"County":"Edgar","confirmed_cases":1716,"total_tested":16017,"demographics":{"age":[{"race":[],"age_group":"<20","count":276,"tested":1859,"deaths":0},{"race":[],"age_group":"20-29   ","count":217,"tested":2340,"deaths":0},{"race":[],"age_group":"30-39   ","count":220,"tested":1963,"deaths":0},{"race":[],"age_group":"40-49   ","count":248,"tested":2246,"deaths":0},{"race":[],"age_group":"50-59   ","count":224,"tested":2073,"deaths":0},{"race":[],"age_group":"60-69   ","count":225,"tested":2039,"deaths":0},{"race":[],"age_group":"70-79   ","count":161,"tested":1465,"deaths":0},{"race":[],"age_group":"80+","count":144,"tested":1981,"deaths":0},{"race":[],"age_group":"Unknown","count":0,"tested":51,"deaths":0}],"race":[{"description":"AI/AN**","count":0,"tested":0,"deaths":0,"color":"rgb(31,119,180)"},{"description":"Asian","count":0,"tested":9,"deaths":0,"color":"rgb(140,86,75)"},{"description":"Black","count":0,"tested":86,"deaths":0,"color":"rgb(255,127,14)"},{"description":"Hispanic","count":0,"tested":48,"deaths":0,"color":"rgb(214,39,40)"},{"description":"Left Blank","count":155,"tested":7315,"deaths":0,"color":"rgb(44,160,44)"},{"description":"NH/PI*","count":0,"tested":0,"deaths":0,"color":"rgb(127,127,127)"},{"description":"Other","count":0,"tested":115,"deaths":0,"color":"rgb(148,103,189)"},{"description":"White","count":1547,"tested":8436,"deaths":0,"color":"rgb(31,119,180)"}],"gender":[{"description":"Female","count":523,"tested":9986,"deaths":0,"color":"rgb(255,127,14)"},{"description":"Male","count":404,"tested":4836,"deaths":0,"color":"rgb(31,119,180)"},{"description":"Unknown/Left Blank","count":789,"tested":1195,"deaths":0,"color":"rgb(44,160,44)"}]}}]}
