{"lastUpdatedDate":{"year":2021,"month":5,"day":19},"county_demographics":[{"County":"DuPage","confirmed_cases":91075,"total_tested":1362553,"demographics":{"age":[{"race":[],"age_group":"<20","count":16488,"tested":188252,"deaths":0},{"race":[],"age_group":"20-29   ","count":15816,"tested":217683,"deaths":0},{"race":[],"age_group":"30-39   ","count":13980,"tested":190510,"deaths":0},{"race":[],"age_group":"40-49   ","count":13788,"tested":174347,"deaths":0},{"race":[],"age_group":"50-59   ","count":14058,"tested":198271,"deaths":0},{"race":[],"age_group":"60-69   ","count":9217,"tested":168457,"deaths":0},{"race":[],"age_group":"70-79   ","count":4225,"tested":99522,"deaths":0},{"race":[],"age_group":"80+","count":3497,"tested":124541,"deaths":0},{"race":[],"age_group":"Unknown","count":6,"tested":970,"deaths":0}],"race":[{"description":"AI/AN**","count":138,"tested":1391,"deaths":0,"color":"rgb(31,119,180)"},{"description":"Asian","count":5903,"tested":67632,"deaths":0,"color":"rgb(140,86,75)"},{"description":"Black","count":3874,"tested":44080,"deaths":0,"color":"rgb(255,127,14)"},{"description":"Hispanic","count":16507,"tested":77693,"deaths":0,"color":"rgb(214,39,40)"},{"description":"Left Blank","count":17393,"tested":672663,"deaths":0,"color":"rgb(44,160,44)"},{"description":"NH/PI*","count":107,"tested":1121,"deaths":0,"color":"rgb(127,127,127)"},{"description":"Other","count":2944,"tested":40563,"deaths":0,"color":"rgb(148,103,189)"},{"description":"White","count":44209,"tested":457410,"deaths":0,"color":"rgb(31,119,180)"}],"gender":[{"description":"Female","count":46235,"tested":770051,"deaths":0,"color":"rgb(255,127,14)"},{"description":"Male","count":44214,"tested":564183,"deaths":0,"color":"rgb(31,119,180)"},{"description":"Unknown/Left Blank","count":626,"tested":28319,"deaths":0,"color":"rgb(44,160,44)"}]}}]}
