{"lastUpdatedDate":{"year":2021,"month":5,"day":19},"county_demographics":[{"County":"Boone","confirmed_cases":6724,"total_tested":64777,"demographics":{"age":[{"race":[],"age_group":"<20","count":1259,"tested":10882,"deaths":0},{"race":[],"age_group":"20-29   ","count":1159,"tested":10415,"deaths":0},{"race":[],"age_group":"30-39   ","count":972,"tested":8603,"deaths":0},{"race":[],"age_group":"40-49   ","count":1129,"tested":9212,"deaths":0},{"race":[],"age_group":"50-59   ","count":1037,"tested":9323,"deaths":0},{"race":[],"age_group":"60-69   ","count":631,"tested":6901,"deaths":0},{"race":[],"age_group":"70-79   ","count":339,"tested":4766,"deaths":0},{"race":[],"age_group":"80+","count":197,"tested":4661,"deaths":0},{"race":[],"age_group":"Unknown","count":0,"tested":14,"deaths":0}],"race":[{"description":"AI/AN**","count":10,"tested":47,"deaths":0,"color":"rgb(31,119,180)"},{"description":"Asian","count":52,"tested":472,"deaths":0,"color":"rgb(140,86,75)"},{"description":"Black","count":123,"tested":965,"deaths":0,"color":"rgb(255,127,14)"},{"description":"Hispanic","count":2281,"tested":6159,"deaths":0,"color":"rgb(214,39,40)"},{"description":"Left Blank","count":574,"tested":31558,"deaths":0,"color":"rgb(44,160,44)"},{"description":"NH/PI*","count":0,"tested":22,"deaths":0,"color":"rgb(127,127,127)"},{"description":"Other","count":81,"tested":927,"deaths":0,"color":"rgb(148,103,189)"},{"description":"White","count":3595,"tested":24627,"deaths":0,"color":"rgb(31,119,180)"}],"gender":[{"description":"Female","count":3540,"tested":38664,"deaths":0,"color":"rgb(255,127,14)"},{"description":"Male","count":3175,"tested":25311,"deaths":0,"color":"rgb(31,119,180)"},{"description":"Unknown/Left Blank","count":7,"tested":802,"deaths":0,"color":"rgb(44,160,44)"}]}}]}
