{"lastUpdatedDate":{"year":2021,"month":7,"day":13},"county_demographics":[{"County":"Peoria","confirmed_cases":23516,"total_tested":371442,"demographics":{"age":[{"race":[],"age_group":"<20","count":4800,"tested":73228,"deaths":0},{"race":[],"age_group":"20-29   ","count":4291,"tested":63011,"deaths":0},{"race":[],"age_group":"30-39   ","count":3657,"tested":55498,"deaths":0},{"race":[],"age_group":"40-49   ","count":3289,"tested":47101,"deaths":0},{"race":[],"age_group":"50-59   ","count":3230,"tested":47574,"deaths":0},{"race":[],"age_group":"60-69   ","count":2315,"tested":39727,"deaths":0},{"race":[],"age_group":"70-79   ","count":1161,"tested":23529,"deaths":0},{"race":[],"age_group":"80+","count":773,"tested":21486,"deaths":0},{"race":[],"age_group":"Unknown","count":0,"tested":288,"deaths":0}],"race":[{"description":"AI/AN**","count":21,"tested":278,"deaths":0,"color":"rgb(31,119,180)"},{"description":"Asian","count":339,"tested":3303,"deaths":0,"color":"rgb(140,86,75)"},{"description":"Black","count":5131,"tested":35738,"deaths":0,"color":"rgb(255,127,14)"},{"description":"Hispanic","count":1419,"tested":6010,"deaths":0,"color":"rgb(214,39,40)"},{"description":"Left Blank","count":1572,"tested":191776,"deaths":0,"color":"rgb(44,160,44)"},{"description":"NH/PI*","count":19,"tested":218,"deaths":0,"color":"rgb(127,127,127)"},{"description":"Other","count":568,"tested":13022,"deaths":0,"color":"rgb(148,103,189)"},{"description":"White","count":14441,"tested":121097,"deaths":0,"color":"rgb(31,119,180)"}],"gender":[{"description":"Female","count":12643,"tested":208546,"deaths":0,"color":"rgb(255,127,14)"},{"description":"Male","count":10694,"tested":148526,"deaths":0,"color":"rgb(31,119,180)"},{"description":"Unknown/Left Blank","count":177,"tested":14370,"deaths":0,"color":"rgb(44,160,44)"}]}}]}
