{"lastUpdatedDate":{"year":2021,"month":7,"day":13},"county_demographics":[{"County":"Bureau","confirmed_cases":3812,"total_tested":51219,"demographics":{"age":[{"race":[],"age_group":"<20","count":526,"tested":5923,"deaths":0},{"race":[],"age_group":"20-29   ","count":527,"tested":7487,"deaths":0},{"race":[],"age_group":"30-39   ","count":566,"tested":7950,"deaths":0},{"race":[],"age_group":"40-49   ","count":571,"tested":7322,"deaths":0},{"race":[],"age_group":"50-59   ","count":624,"tested":8762,"deaths":0},{"race":[],"age_group":"60-69   ","count":447,"tested":6632,"deaths":0},{"race":[],"age_group":"70-79   ","count":297,"tested":3446,"deaths":0},{"race":[],"age_group":"80+","count":254,"tested":3695,"deaths":0},{"race":[],"age_group":"Unknown","count":0,"tested":0,"deaths":0}],"race":[{"description":"AI/AN**","count":0,"tested":9,"deaths":0,"color":"rgb(31,119,180)"},{"description":"Asian","count":7,"tested":246,"deaths":0,"color":"rgb(140,86,75)"},{"description":"Black","count":18,"tested":229,"deaths":0,"color":"rgb(255,127,14)"},{"description":"Hispanic","count":256,"tested":1460,"deaths":0,"color":"rgb(214,39,40)"},{"description":"Left Blank","count":1437,"tested":26852,"deaths":0,"color":"rgb(44,160,44)"},{"description":"NH/PI*","count":0,"tested":147,"deaths":0,"color":"rgb(127,127,127)"},{"description":"Other","count":91,"tested":482,"deaths":0,"color":"rgb(148,103,189)"},{"description":"White","count":1997,"tested":21794,"deaths":0,"color":"rgb(31,119,180)"}],"gender":[{"description":"Female","count":2011,"tested":30738,"deaths":0,"color":"rgb(255,127,14)"},{"description":"Male","count":1751,"tested":15261,"deaths":0,"color":"rgb(31,119,180)"},{"description":"Unknown/Left Blank","count":50,"tested":5220,"deaths":0,"color":"rgb(44,160,44)"}]}}]}
