{"lastUpdatedDate":{"year":2021,"month":7,"day":13},"county_demographics":[{"County":"Marion","confirmed_cases":4607,"total_tested":103126,"demographics":{"age":[{"race":[],"age_group":"<20","count":590,"tested":7307,"deaths":0},{"race":[],"age_group":"20-29   ","count":642,"tested":18006,"deaths":0},{"race":[],"age_group":"30-39   ","count":658,"tested":21290,"deaths":0},{"race":[],"age_group":"40-49   ","count":670,"tested":18398,"deaths":0},{"race":[],"age_group":"50-59   ","count":692,"tested":14519,"deaths":0},{"race":[],"age_group":"60-69   ","count":622,"tested":10217,"deaths":0},{"race":[],"age_group":"70-79   ","count":390,"tested":5599,"deaths":0},{"race":[],"age_group":"80+","count":343,"tested":6867,"deaths":0},{"race":[],"age_group":"Unknown","count":0,"tested":923,"deaths":0}],"race":[{"description":"AI/AN**","count":8,"tested":56,"deaths":0,"color":"rgb(31,119,180)"},{"description":"Asian","count":0,"tested":139,"deaths":0,"color":"rgb(140,86,75)"},{"description":"Black","count":152,"tested":2702,"deaths":0,"color":"rgb(255,127,14)"},{"description":"Hispanic","count":42,"tested":332,"deaths":0,"color":"rgb(214,39,40)"},{"description":"Left Blank","count":898,"tested":62496,"deaths":0,"color":"rgb(44,160,44)"},{"description":"NH/PI*","count":0,"tested":17,"deaths":0,"color":"rgb(127,127,127)"},{"description":"Other","count":50,"tested":1007,"deaths":0,"color":"rgb(148,103,189)"},{"description":"White","count":3448,"tested":36377,"deaths":0,"color":"rgb(31,119,180)"}],"gender":[{"description":"Female","count":2586,"tested":43346,"deaths":0,"color":"rgb(255,127,14)"},{"description":"Male","count":1979,"tested":40167,"deaths":0,"color":"rgb(31,119,180)"},{"description":"Unknown/Left Blank","count":38,"tested":19613,"deaths":0,"color":"rgb(44,160,44)"}]}}]}
