{"lastUpdatedDate":{"year":2021,"month":7,"day":13},"county_demographics":[{"County":"Boone","confirmed_cases":6871,"total_tested":69211,"demographics":{"age":[{"race":[],"age_group":"<20","count":1293,"tested":11724,"deaths":0},{"race":[],"age_group":"20-29   ","count":1180,"tested":11127,"deaths":0},{"race":[],"age_group":"30-39   ","count":997,"tested":9173,"deaths":0},{"race":[],"age_group":"40-49   ","count":1151,"tested":9812,"deaths":0},{"race":[],"age_group":"50-59   ","count":1058,"tested":9971,"deaths":0},{"race":[],"age_group":"60-69   ","count":643,"tested":7382,"deaths":0},{"race":[],"age_group":"70-79   ","count":349,"tested":5128,"deaths":0},{"race":[],"age_group":"80+","count":200,"tested":4879,"deaths":0},{"race":[],"age_group":"Unknown","count":0,"tested":15,"deaths":0}],"race":[{"description":"AI/AN**","count":10,"tested":63,"deaths":0,"color":"rgb(31,119,180)"},{"description":"Asian","count":55,"tested":520,"deaths":0,"color":"rgb(140,86,75)"},{"description":"Black","count":128,"tested":1068,"deaths":0,"color":"rgb(255,127,14)"},{"description":"Hispanic","count":2309,"tested":6696,"deaths":0,"color":"rgb(214,39,40)"},{"description":"Left Blank","count":574,"tested":32755,"deaths":0,"color":"rgb(44,160,44)"},{"description":"NH/PI*","count":0,"tested":23,"deaths":0,"color":"rgb(127,127,127)"},{"description":"Other","count":80,"tested":1017,"deaths":0,"color":"rgb(148,103,189)"},{"description":"White","count":3707,"tested":27069,"deaths":0,"color":"rgb(31,119,180)"}],"gender":[{"description":"Female","count":3613,"tested":41198,"deaths":0,"color":"rgb(255,127,14)"},{"description":"Male","count":3253,"tested":27204,"deaths":0,"color":"rgb(31,119,180)"},{"description":"Unknown/Left Blank","count":0,"tested":809,"deaths":0,"color":"rgb(44,160,44)"}]}}]}
