{"lastUpdatedDate":{"year":2021,"month":7,"day":13},"county_demographics":[{"County":"Piatt","confirmed_cases":1530,"total_tested":34905,"demographics":{"age":[{"race":[],"age_group":"<20","count":299,"tested":7543,"deaths":0},{"race":[],"age_group":"20-29   ","count":197,"tested":4925,"deaths":0},{"race":[],"age_group":"30-39   ","count":232,"tested":4518,"deaths":0},{"race":[],"age_group":"40-49   ","count":238,"tested":4296,"deaths":0},{"race":[],"age_group":"50-59   ","count":222,"tested":4483,"deaths":0},{"race":[],"age_group":"60-69   ","count":202,"tested":4053,"deaths":0},{"race":[],"age_group":"70-79   ","count":83,"tested":2389,"deaths":0},{"race":[],"age_group":"80+","count":57,"tested":2692,"deaths":0},{"race":[],"age_group":"Unknown","count":0,"tested":6,"deaths":0}],"race":[{"description":"AI/AN**","count":0,"tested":42,"deaths":0,"color":"rgb(31,119,180)"},{"description":"Asian","count":0,"tested":170,"deaths":0,"color":"rgb(140,86,75)"},{"description":"Black","count":11,"tested":202,"deaths":0,"color":"rgb(255,127,14)"},{"description":"Hispanic","count":10,"tested":286,"deaths":0,"color":"rgb(214,39,40)"},{"description":"Left Blank","count":256,"tested":9651,"deaths":0,"color":"rgb(44,160,44)"},{"description":"NH/PI*","count":0,"tested":9,"deaths":0,"color":"rgb(127,127,127)"},{"description":"Other","count":24,"tested":802,"deaths":0,"color":"rgb(148,103,189)"},{"description":"White","count":1220,"tested":23743,"deaths":0,"color":"rgb(31,119,180)"}],"gender":[{"description":"Female","count":797,"tested":20496,"deaths":0,"color":"rgb(255,127,14)"},{"description":"Male","count":733,"tested":13833,"deaths":0,"color":"rgb(31,119,180)"},{"description":"Unknown/Left Blank","count":0,"tested":576,"deaths":0,"color":"rgb(44,160,44)"}]}}]}
