{"lastUpdatedDate":{"year":2021,"month":7,"day":13},"county_demographics":[{"County":"Rock Island","confirmed_cases":15277,"total_tested":231062,"demographics":{"age":[{"race":[],"age_group":"<20","count":2201,"tested":28446,"deaths":0},{"race":[],"age_group":"20-29   ","count":2576,"tested":33541,"deaths":0},{"race":[],"age_group":"30-39   ","count":2422,"tested":35827,"deaths":0},{"race":[],"age_group":"40-49   ","count":2257,"tested":33649,"deaths":0},{"race":[],"age_group":"50-59   ","count":2146,"tested":31919,"deaths":0},{"race":[],"age_group":"60-69   ","count":1804,"tested":28857,"deaths":0},{"race":[],"age_group":"70-79   ","count":1018,"tested":18147,"deaths":0},{"race":[],"age_group":"80+","count":853,"tested":19037,"deaths":0},{"race":[],"age_group":"Unknown","count":0,"tested":1639,"deaths":0}],"race":[{"description":"AI/AN**","count":11,"tested":96,"deaths":0,"color":"rgb(31,119,180)"},{"description":"Asian","count":176,"tested":1472,"deaths":0,"color":"rgb(140,86,75)"},{"description":"Black","count":1114,"tested":13764,"deaths":0,"color":"rgb(255,127,14)"},{"description":"Hispanic","count":1397,"tested":9444,"deaths":0,"color":"rgb(214,39,40)"},{"description":"Left Blank","count":6428,"tested":122773,"deaths":0,"color":"rgb(44,160,44)"},{"description":"NH/PI*","count":13,"tested":98,"deaths":0,"color":"rgb(127,127,127)"},{"description":"Other","count":405,"tested":7600,"deaths":0,"color":"rgb(148,103,189)"},{"description":"White","count":5732,"tested":75815,"deaths":0,"color":"rgb(31,119,180)"}],"gender":[{"description":"Female","count":8039,"tested":122032,"deaths":0,"color":"rgb(255,127,14)"},{"description":"Male","count":7179,"tested":94915,"deaths":0,"color":"rgb(31,119,180)"},{"description":"Unknown/Left Blank","count":59,"tested":14115,"deaths":0,"color":"rgb(44,160,44)"}]}}]}
