{"lastUpdatedDate":{"year":2021,"month":7,"day":13},"county_demographics":[{"County":"Perry","confirmed_cases":3221,"total_tested":64154,"demographics":{"age":[{"race":[],"age_group":"<20","count":326,"tested":3225,"deaths":0},{"race":[],"age_group":"20-29   ","count":630,"tested":15323,"deaths":0},{"race":[],"age_group":"30-39   ","count":612,"tested":14120,"deaths":0},{"race":[],"age_group":"40-49   ","count":477,"tested":10563,"deaths":0},{"race":[],"age_group":"50-59   ","count":445,"tested":8479,"deaths":0},{"race":[],"age_group":"60-69   ","count":325,"tested":4786,"deaths":0},{"race":[],"age_group":"70-79   ","count":205,"tested":2905,"deaths":0},{"race":[],"age_group":"80+","count":187,"tested":3078,"deaths":0},{"race":[],"age_group":"Unknown","count":6,"tested":1675,"deaths":0}],"race":[{"description":"AI/AN**","count":0,"tested":0,"deaths":0,"color":"rgb(31,119,180)"},{"description":"Asian","count":11,"tested":41,"deaths":0,"color":"rgb(140,86,75)"},{"description":"Black","count":229,"tested":537,"deaths":0,"color":"rgb(255,127,14)"},{"description":"Hispanic","count":52,"tested":156,"deaths":0,"color":"rgb(214,39,40)"},{"description":"Left Blank","count":984,"tested":47801,"deaths":0,"color":"rgb(44,160,44)"},{"description":"NH/PI*","count":0,"tested":7,"deaths":0,"color":"rgb(127,127,127)"},{"description":"Other","count":22,"tested":224,"deaths":0,"color":"rgb(148,103,189)"},{"description":"White","count":1917,"tested":15383,"deaths":0,"color":"rgb(31,119,180)"}],"gender":[{"description":"Female","count":1286,"tested":18337,"deaths":0,"color":"rgb(255,127,14)"},{"description":"Male","count":1495,"tested":27515,"deaths":0,"color":"rgb(31,119,180)"},{"description":"Unknown/Left Blank","count":440,"tested":18302,"deaths":0,"color":"rgb(44,160,44)"}]}}]}
