{"lastUpdatedDate":{"year":2021,"month":7,"day":13},"county_demographics":[{"County":"Lee","confirmed_cases":4204,"total_tested":108134,"demographics":{"age":[{"race":[],"age_group":"<20","count":561,"tested":5226,"deaths":0},{"race":[],"age_group":"20-29   ","count":689,"tested":17888,"deaths":0},{"race":[],"age_group":"30-39   ","count":630,"tested":23723,"deaths":0},{"race":[],"age_group":"40-49   ","count":660,"tested":22602,"deaths":0},{"race":[],"age_group":"50-59   ","count":686,"tested":16905,"deaths":0},{"race":[],"age_group":"60-69   ","count":502,"tested":10071,"deaths":0},{"race":[],"age_group":"70-79   ","count":265,"tested":4148,"deaths":0},{"race":[],"age_group":"80+","count":205,"tested":5270,"deaths":0},{"race":[],"age_group":"Unknown","count":6,"tested":2301,"deaths":0}],"race":[{"description":"AI/AN**","count":0,"tested":14,"deaths":0,"color":"rgb(31,119,180)"},{"description":"Asian","count":16,"tested":202,"deaths":0,"color":"rgb(140,86,75)"},{"description":"Black","count":181,"tested":1819,"deaths":0,"color":"rgb(255,127,14)"},{"description":"Hispanic","count":137,"tested":1071,"deaths":0,"color":"rgb(214,39,40)"},{"description":"Left Blank","count":1226,"tested":80718,"deaths":0,"color":"rgb(44,160,44)"},{"description":"NH/PI*","count":0,"tested":9,"deaths":0,"color":"rgb(127,127,127)"},{"description":"Other","count":94,"tested":766,"deaths":0,"color":"rgb(148,103,189)"},{"description":"White","count":2544,"tested":23535,"deaths":0,"color":"rgb(31,119,180)"}],"gender":[{"description":"Female","count":1945,"tested":25334,"deaths":0,"color":"rgb(255,127,14)"},{"description":"Male","count":2120,"tested":52115,"deaths":0,"color":"rgb(31,119,180)"},{"description":"Unknown/Left Blank","count":135,"tested":30685,"deaths":0,"color":"rgb(44,160,44)"}]}}]}
