{"lastUpdatedDate":{"year":2021,"month":7,"day":13},"county_demographics":[{"County":"Lawrence","confirmed_cases":2415,"total_tested":75153,"demographics":{"age":[{"race":[],"age_group":"<20","count":170,"tested":2625,"deaths":0},{"race":[],"age_group":"20-29   ","count":474,"tested":17759,"deaths":0},{"race":[],"age_group":"30-39   ","count":492,"tested":18682,"deaths":0},{"race":[],"age_group":"40-49   ","count":410,"tested":16064,"deaths":0},{"race":[],"age_group":"50-59   ","count":362,"tested":10091,"deaths":0},{"race":[],"age_group":"60-69   ","count":256,"tested":6042,"deaths":0},{"race":[],"age_group":"70-79   ","count":152,"tested":2168,"deaths":0},{"race":[],"age_group":"80+","count":99,"tested":1666,"deaths":0},{"race":[],"age_group":"Unknown","count":0,"tested":56,"deaths":0}],"race":[{"description":"AI/AN**","count":0,"tested":0,"deaths":0,"color":"rgb(31,119,180)"},{"description":"Asian","count":0,"tested":10,"deaths":0,"color":"rgb(140,86,75)"},{"description":"Black","count":366,"tested":1731,"deaths":0,"color":"rgb(255,127,14)"},{"description":"Hispanic","count":22,"tested":140,"deaths":0,"color":"rgb(214,39,40)"},{"description":"Left Blank","count":832,"tested":63455,"deaths":0,"color":"rgb(44,160,44)"},{"description":"NH/PI*","count":0,"tested":0,"deaths":0,"color":"rgb(127,127,127)"},{"description":"Other","count":6,"tested":69,"deaths":0,"color":"rgb(148,103,189)"},{"description":"White","count":1182,"tested":9744,"deaths":0,"color":"rgb(31,119,180)"}],"gender":[{"description":"Female","count":803,"tested":11553,"deaths":0,"color":"rgb(255,127,14)"},{"description":"Male","count":1304,"tested":51373,"deaths":0,"color":"rgb(31,119,180)"},{"description":"Unknown/Left Blank","count":306,"tested":12227,"deaths":0,"color":"rgb(44,160,44)"}]}}]}
