{"lastUpdatedDate":{"year":2021,"month":3,"day":11},"county_demographics":[{"County":"Tazewell","confirmed_cases":13777,"total_tested":184576,"demographics":{"age":[{"race":[],"age_group":"<20","count":2368,"tested":29053,"deaths":0},{"race":[],"age_group":"20-29   ","count":1942,"tested":26899,"deaths":0},{"race":[],"age_group":"30-39   ","count":1975,"tested":26914,"deaths":0},{"race":[],"age_group":"40-49   ","count":2042,"tested":25769,"deaths":0},{"race":[],"age_group":"50-59   ","count":2001,"tested":25248,"deaths":0},{"race":[],"age_group":"60-69   ","count":1629,"tested":20519,"deaths":0},{"race":[],"age_group":"70-79   ","count":995,"tested":13544,"deaths":0},{"race":[],"age_group":"80+","count":825,"tested":16608,"deaths":0},{"race":[],"age_group":"Unknown","count":0,"tested":22,"deaths":0}],"race":[{"description":"AI/AN**","count":18,"tested":72,"deaths":0,"color":"rgb(31,119,180)"},{"description":"Asian","count":93,"tested":459,"deaths":0,"color":"rgb(140,86,75)"},{"description":"Black","count":186,"tested":1411,"deaths":0,"color":"rgb(255,127,14)"},{"description":"Hispanic","count":215,"tested":853,"deaths":0,"color":"rgb(214,39,40)"},{"description":"Left Blank","count":2168,"tested":100286,"deaths":0,"color":"rgb(44,160,44)"},{"description":"NH/PI*","count":0,"tested":25,"deaths":0,"color":"rgb(127,127,127)"},{"description":"Other","count":223,"tested":2712,"deaths":0,"color":"rgb(148,103,189)"},{"description":"White","count":10868,"tested":78758,"deaths":0,"color":"rgb(31,119,180)"}],"gender":[{"description":"Female","count":7391,"tested":110087,"deaths":0,"color":"rgb(255,127,14)"},{"description":"Male","count":6214,"tested":67927,"deaths":0,"color":"rgb(31,119,180)"},{"description":"Unknown/Left Blank","count":168,"tested":6562,"deaths":0,"color":"rgb(44,160,44)"}]}}]}
