{"lastUpdatedDate":{"year":2021,"month":3,"day":11},"county_demographics":[{"County":"Pulaski","confirmed_cases":672,"total_tested":5575,"demographics":{"age":[{"race":[],"age_group":"<20","count":90,"tested":556,"deaths":0},{"race":[],"age_group":"20-29   ","count":118,"tested":950,"deaths":0},{"race":[],"age_group":"30-39   ","count":112,"tested":1127,"deaths":0},{"race":[],"age_group":"40-49   ","count":123,"tested":1057,"deaths":0},{"race":[],"age_group":"50-59   ","count":79,"tested":952,"deaths":0},{"race":[],"age_group":"60-69   ","count":82,"tested":592,"deaths":0},{"race":[],"age_group":"70-79   ","count":36,"tested":229,"deaths":0},{"race":[],"age_group":"80+","count":17,"tested":112,"deaths":0}],"race":[{"description":"AI/AN**","count":0,"tested":0,"deaths":0,"color":"rgb(31,119,180)"},{"description":"Asian","count":0,"tested":8,"deaths":0,"color":"rgb(140,86,75)"},{"description":"Black","count":104,"tested":1068,"deaths":0,"color":"rgb(255,127,14)"},{"description":"Hispanic","count":98,"tested":589,"deaths":0,"color":"rgb(214,39,40)"},{"description":"Left Blank","count":150,"tested":1687,"deaths":0,"color":"rgb(44,160,44)"},{"description":"NH/PI*","count":0,"tested":0,"deaths":0,"color":"rgb(127,127,127)"},{"description":"Other","count":0,"tested":82,"deaths":0,"color":"rgb(148,103,189)"},{"description":"White","count":316,"tested":2139,"deaths":0,"color":"rgb(31,119,180)"}],"gender":[{"description":"Female","count":307,"tested":2736,"deaths":0,"color":"rgb(255,127,14)"},{"description":"Male","count":335,"tested":2371,"deaths":0,"color":"rgb(31,119,180)"},{"description":"Unknown/Left Blank","count":30,"tested":468,"deaths":0,"color":"rgb(44,160,44)"}]}}]}
