{"lastUpdatedDate":{"year":2021,"month":3,"day":11},"county_demographics":[{"County":"Wayne","confirmed_cases":1695,"total_tested":14710,"demographics":{"age":[{"race":[],"age_group":"<20","count":289,"tested":2023,"deaths":0},{"race":[],"age_group":"20-29   ","count":215,"tested":2592,"deaths":0},{"race":[],"age_group":"30-39   ","count":218,"tested":2397,"deaths":0},{"race":[],"age_group":"40-49   ","count":199,"tested":1781,"deaths":0},{"race":[],"age_group":"50-59   ","count":233,"tested":1948,"deaths":0},{"race":[],"age_group":"60-69   ","count":258,"tested":1661,"deaths":0},{"race":[],"age_group":"70-79   ","count":164,"tested":1030,"deaths":0},{"race":[],"age_group":"80+","count":114,"tested":1263,"deaths":0},{"race":[],"age_group":"Unknown","count":0,"tested":15,"deaths":0}],"race":[{"description":"AI/AN**","count":0,"tested":0,"deaths":0,"color":"rgb(31,119,180)"},{"description":"Asian","count":0,"tested":0,"deaths":0,"color":"rgb(140,86,75)"},{"description":"Black","count":0,"tested":17,"deaths":0,"color":"rgb(255,127,14)"},{"description":"Hispanic","count":17,"tested":166,"deaths":0,"color":"rgb(214,39,40)"},{"description":"Left Blank","count":225,"tested":4925,"deaths":0,"color":"rgb(44,160,44)"},{"description":"NH/PI*","count":0,"tested":0,"deaths":0,"color":"rgb(127,127,127)"},{"description":"Other","count":0,"tested":65,"deaths":0,"color":"rgb(148,103,189)"},{"description":"White","count":1446,"tested":9532,"deaths":0,"color":"rgb(31,119,180)"}],"gender":[{"description":"Female","count":879,"tested":9156,"deaths":0,"color":"rgb(255,127,14)"},{"description":"Male","count":796,"tested":4744,"deaths":0,"color":"rgb(31,119,180)"},{"description":"Unknown/Left Blank","count":19,"tested":810,"deaths":0,"color":"rgb(44,160,44)"}]}}]}
