{"lastUpdatedDate":{"year":2021,"month":3,"day":11},"county_demographics":[{"County":"Edgar","confirmed_cases":1580,"total_tested":13276,"demographics":{"age":[{"race":[],"age_group":"<20","count":253,"tested":1538,"deaths":0},{"race":[],"age_group":"20-29   ","count":196,"tested":1955,"deaths":0},{"race":[],"age_group":"30-39   ","count":200,"tested":1629,"deaths":0},{"race":[],"age_group":"40-49   ","count":221,"tested":1754,"deaths":0},{"race":[],"age_group":"50-59   ","count":206,"tested":1714,"deaths":0},{"race":[],"age_group":"60-69   ","count":207,"tested":1698,"deaths":0},{"race":[],"age_group":"70-79   ","count":155,"tested":1249,"deaths":0},{"race":[],"age_group":"80+","count":141,"tested":1690,"deaths":0},{"race":[],"age_group":"Unknown","count":0,"tested":49,"deaths":0}],"race":[{"description":"AI/AN**","count":0,"tested":0,"deaths":0,"color":"rgb(31,119,180)"},{"description":"Asian","count":0,"tested":0,"deaths":0,"color":"rgb(140,86,75)"},{"description":"Black","count":0,"tested":64,"deaths":0,"color":"rgb(255,127,14)"},{"description":"Hispanic","count":0,"tested":34,"deaths":0,"color":"rgb(214,39,40)"},{"description":"Left Blank","count":149,"tested":6392,"deaths":0,"color":"rgb(44,160,44)"},{"description":"NH/PI*","count":0,"tested":0,"deaths":0,"color":"rgb(127,127,127)"},{"description":"Other","count":0,"tested":96,"deaths":0,"color":"rgb(148,103,189)"},{"description":"White","count":1418,"tested":6680,"deaths":0,"color":"rgb(31,119,180)"}],"gender":[{"description":"Female","count":486,"tested":8312,"deaths":0,"color":"rgb(255,127,14)"},{"description":"Male","count":381,"tested":3840,"deaths":0,"color":"rgb(31,119,180)"},{"description":"Unknown/Left Blank","count":713,"tested":1124,"deaths":0,"color":"rgb(44,160,44)"}]}}]}
