{"lastUpdatedDate":{"year":2021,"month":3,"day":11},"county_demographics":[{"County":"Stark","confirmed_cases":546,"total_tested":7760,"demographics":{"age":[{"race":[],"age_group":"<20","count":89,"tested":1211,"deaths":0},{"race":[],"age_group":"20-29   ","count":81,"tested":1285,"deaths":0},{"race":[],"age_group":"30-39   ","count":66,"tested":907,"deaths":0},{"race":[],"age_group":"40-49   ","count":68,"tested":755,"deaths":0},{"race":[],"age_group":"50-59   ","count":91,"tested":1028,"deaths":0},{"race":[],"age_group":"60-69   ","count":56,"tested":1046,"deaths":0},{"race":[],"age_group":"70-79   ","count":45,"tested":788,"deaths":0},{"race":[],"age_group":"80+","count":45,"tested":733,"deaths":0},{"race":[],"age_group":"Unknown","count":0,"tested":7,"deaths":0}],"race":[{"description":"AI/AN**","count":0,"tested":0,"deaths":0,"color":"rgb(31,119,180)"},{"description":"Asian","count":0,"tested":7,"deaths":0,"color":"rgb(140,86,75)"},{"description":"Black","count":0,"tested":27,"deaths":0,"color":"rgb(255,127,14)"},{"description":"Hispanic","count":0,"tested":38,"deaths":0,"color":"rgb(214,39,40)"},{"description":"Left Blank","count":185,"tested":4513,"deaths":0,"color":"rgb(44,160,44)"},{"description":"Other","count":0,"tested":56,"deaths":0,"color":"rgb(148,103,189)"},{"description":"White","count":346,"tested":3117,"deaths":0,"color":"rgb(31,119,180)"}],"gender":[{"description":"Female","count":295,"tested":4943,"deaths":0,"color":"rgb(255,127,14)"},{"description":"Male","count":239,"tested":2567,"deaths":0,"color":"rgb(31,119,180)"},{"description":"Unknown/Left Blank","count":11,"tested":250,"deaths":0,"color":"rgb(44,160,44)"}]}}]}
