{"lastUpdatedDate":{"year":2021,"month":3,"day":11},"county_demographics":[{"County":"Peoria","confirmed_cases":17124,"total_tested":262749,"demographics":{"age":[{"race":[],"age_group":"<20","count":3048,"tested":45578,"deaths":0},{"race":[],"age_group":"20-29   ","count":3188,"tested":45822,"deaths":0},{"race":[],"age_group":"30-39   ","count":2571,"tested":39507,"deaths":0},{"race":[],"age_group":"40-49   ","count":2350,"tested":33838,"deaths":0},{"race":[],"age_group":"50-59   ","count":2461,"tested":34745,"deaths":0},{"race":[],"age_group":"60-69   ","count":1846,"tested":29219,"deaths":0},{"race":[],"age_group":"70-79   ","count":982,"tested":17725,"deaths":0},{"race":[],"age_group":"80+","count":677,"tested":16028,"deaths":0},{"race":[],"age_group":"Unknown","count":0,"tested":287,"deaths":0}],"race":[{"description":"AI/AN**","count":16,"tested":165,"deaths":0,"color":"rgb(31,119,180)"},{"description":"Asian","count":208,"tested":1764,"deaths":0,"color":"rgb(140,86,75)"},{"description":"Black","count":3009,"tested":19698,"deaths":0,"color":"rgb(255,127,14)"},{"description":"Hispanic","count":1086,"tested":3161,"deaths":0,"color":"rgb(214,39,40)"},{"description":"Left Blank","count":1670,"tested":155993,"deaths":0,"color":"rgb(44,160,44)"},{"description":"NH/PI*","count":12,"tested":117,"deaths":0,"color":"rgb(127,127,127)"},{"description":"Other","count":416,"tested":6989,"deaths":0,"color":"rgb(148,103,189)"},{"description":"White","count":10703,"tested":74862,"deaths":0,"color":"rgb(31,119,180)"}],"gender":[{"description":"Female","count":9149,"tested":147358,"deaths":0,"color":"rgb(255,127,14)"},{"description":"Male","count":7772,"tested":102298,"deaths":0,"color":"rgb(31,119,180)"},{"description":"Unknown/Left Blank","count":198,"tested":13093,"deaths":0,"color":"rgb(44,160,44)"}]}}]}
