{"age":[{"age_group":"<20","count":421,"tested":4815},{"age_group":"20-29   ","count":517,"tested":6142},{"age_group":"30-39   ","count":382,"tested":5835},{"age_group":"40-49   ","count":357,"tested":4594},{"age_group":"50-59   ","count":461,"tested":6569},{"age_group":"60-69   ","count":267,"tested":4512},{"age_group":"70-79   ","count":134,"tested":2489},{"age_group":"80+","count":79,"tested":1456}],"race":[{"description":"Black","count":84,"tested":1079,"color":"rgb(255,127,14)"},{"description":"Hispanic","count":370,"tested":2936,"color":"rgb(214,39,40)"},{"description":"Asian","count":60,"tested":1155,"color":"rgb(140,86,75)"},{"description":"White","count":1314,"tested":19025,"color":"rgb(31,119,180)"},{"description":"Other","count":138,"tested":1363,"color":"rgb(148,103,189)"},{"description":"Left Blank","count":643,"tested":10683,"color":"rgb(44,160,44)"}],"gender":[{"description":"Female","count":1287,"tested":20376,"color":"rgb(255,127,14)"},{"description":"Male","count":1299,"tested":15670,"color":"rgb(31,119,180)"},{"description":"Unknown/Left Blank","count":33,"tested":367,"color":"rgb(44,160,44)"}]}
