{"age":[{"age_group":"<20","count":244,"tested":1874},{"age_group":"20-29   ","count":278,"tested":2319},{"age_group":"30-39   ","count":258,"tested":2084},{"age_group":"40-49   ","count":254,"tested":1695},{"age_group":"50-59   ","count":199,"tested":1599},{"age_group":"60-69   ","count":124,"tested":1521},{"age_group":"70-79   ","count":81,"tested":962},{"age_group":"80+","count":46,"tested":701}],"race":[{"description":"White","count":501,"tested":6275,"color":"rgb(31,119,180)"},{"description":"Hispanic","count":742,"tested":3297,"color":"rgb(214,39,40)"},{"description":"Other","count":16,"tested":152,"color":"rgb(148,103,189)"},{"description":"Left Blank","count":216,"tested":2910,"color":"rgb(44,160,44)"}],"gender":[{"description":"Female","count":782,"tested":7612,"color":"rgb(255,127,14)"},{"description":"Male","count":699,"tested":5077,"color":"rgb(31,119,180)"}]}
