{"age":[{"age_group":"<20","count":167,"tested":2107},{"age_group":"20-29   ","count":173,"tested":2205},{"age_group":"30-39   ","count":149,"tested":2280},{"age_group":"40-49   ","count":164,"tested":2432},{"age_group":"50-59   ","count":187,"tested":2535},{"age_group":"60-69   ","count":119,"tested":1909},{"age_group":"70-79   ","count":47,"tested":893},{"age_group":"80+","count":17,"tested":289}],"race":[{"description":"Hispanic","count":53,"tested":471,"color":"rgb(214,39,40)"},{"description":"Left Blank","count":359,"tested":7094,"color":"rgb(44,160,44)"},{"description":"Asian","count":130,"tested":1922,"color":"rgb(140,86,75)"},{"description":"White","count":413,"tested":4516,"color":"rgb(31,119,180)"},{"description":"Black","count":25,"tested":278,"color":"rgb(255,127,14)"},{"description":"Other","count":36,"tested":333,"color":"rgb(148,103,189)"}],"gender":[{"description":"Female","count":503,"tested":7896,"color":"rgb(255,127,14)"},{"description":"Male","count":517,"tested":6596,"color":"rgb(31,119,180)"}]}
