{"age":[{"age_group":"<20","count":543,"tested":6260},{"age_group":"20-29   ","count":380,"tested":4884},{"age_group":"30-39   ","count":300,"tested":4414},{"age_group":"40-49   ","count":373,"tested":4138},{"age_group":"50-59   ","count":434,"tested":5833},{"age_group":"60-69   ","count":241,"tested":3784},{"age_group":"70-79   ","count":111,"tested":2228},{"age_group":"80+","count":105,"tested":3720}],"race":[{"description":"Black","count":13,"tested":258,"color":"rgb(255,127,14)"},{"description":"White","count":1670,"tested":17845,"color":"rgb(31,119,180)"},{"description":"Asian","count":40,"tested":489,"color":"rgb(140,86,75)"},{"description":"Other","count":51,"tested":701,"color":"rgb(148,103,189)"},{"description":"Hispanic","count":154,"tested":1068,"color":"rgb(214,39,40)"},{"description":"Left Blank","count":561,"tested":14896,"color":"rgb(44,160,44)"}],"gender":[{"description":"Unknown/Left Blank","count":19,"tested":262,"color":"rgb(44,160,44)"},{"description":"Female","count":1267,"tested":20417,"color":"rgb(255,127,14)"},{"description":"Male","count":1206,"tested":14595,"color":"rgb(31,119,180)"}]}
