{"age":[{"age_group":"<20","count":219,"tested":2941},{"age_group":"20-29   ","count":253,"tested":3185},{"age_group":"30-39   ","count":242,"tested":2760},{"age_group":"40-49   ","count":274,"tested":2226},{"age_group":"50-59   ","count":192,"tested":2407},{"age_group":"60-69   ","count":151,"tested":2431},{"age_group":"70-79   ","count":69,"tested":1541},{"age_group":"80+","count":59,"tested":3844}],"race":[{"description":"Other","count":82,"tested":616,"color":"rgb(148,103,189)"},{"description":"Left Blank","count":312,"tested":10054,"color":"rgb(44,160,44)"},{"description":"White","count":514,"tested":6550,"color":"rgb(31,119,180)"},{"description":"Asian","count":58,"tested":818,"color":"rgb(140,86,75)"},{"description":"Hispanic","count":472,"tested":3122,"color":"rgb(214,39,40)"},{"description":"Black","count":18,"tested":176,"color":"rgb(255,127,14)"}],"gender":[{"description":"Male","count":739,"tested":8118,"color":"rgb(31,119,180)"},{"description":"Unknown/Left Blank","count":15,"tested":714,"color":"rgb(44,160,44)"},{"description":"Female","count":705,"tested":12529,"color":"rgb(255,127,14)"}]}
