{"age":[{"age_group":"<20","count":40,"tested":554},{"age_group":"20-29   ","count":196,"tested":7994},{"age_group":"30-39   ","count":188,"tested":8367},{"age_group":"40-49   ","count":130,"tested":4753},{"age_group":"50-59   ","count":117,"tested":2395},{"age_group":"60-69   ","count":51,"tested":898},{"age_group":"70-79   ","count":19,"tested":263},{"age_group":"80+","count":8,"tested":118}],"race":[{"description":"Left Blank","count":395,"tested":24713,"color":"rgb(44,160,44)"},{"description":"White","count":271,"tested":1837,"color":"rgb(31,119,180)"},{"description":"Other","count":24,"tested":142,"color":"rgb(148,103,189)"},{"description":"Hispanic","count":9,"tested":56,"color":"rgb(214,39,40)"},{"description":"Black","count":48,"tested":69,"color":"rgb(255,127,14)"}],"gender":[{"description":"Female","count":177,"tested":1682,"color":"rgb(255,127,14)"},{"description":"Male","count":433,"tested":11583,"color":"rgb(31,119,180)"},{"description":"Unknown/Left Blank","count":139,"tested":13571,"color":"rgb(44,160,44)"}]}
