{"age":[{"age_group":"<20","count":295,"tested":2691},{"age_group":"20-29   ","count":242,"tested":2381},{"age_group":"30-39   ","count":297,"tested":2480},{"age_group":"40-49   ","count":313,"tested":2654},{"age_group":"50-59   ","count":205,"tested":2062},{"age_group":"60-69   ","count":129,"tested":1550},{"age_group":"70-79   ","count":53,"tested":1091},{"age_group":"80+","count":17,"tested":930}],"race":[{"description":"Other","count":58,"tested":556,"color":"rgb(148,103,189)"},{"description":"Black","count":24,"tested":261,"color":"rgb(255,127,14)"},{"description":"Left Blank","count":465,"tested":5341,"color":"rgb(44,160,44)"},{"description":"White","count":824,"tested":8570,"color":"rgb(31,119,180)"},{"description":"Hispanic","count":173,"tested":1021,"color":"rgb(214,39,40)"}],"gender":[{"description":"Female","count":806,"tested":8910,"color":"rgb(255,127,14)"},{"description":"Male","count":734,"tested":6336,"color":"rgb(31,119,180)"},{"description":"Unknown/Left Blank","count":11,"tested":594,"color":"rgb(44,160,44)"}]}
