{"age":[{"age_group":"<20","count":55,"tested":457},{"age_group":"20-29   ","count":41,"tested":271},{"age_group":"30-39   ","count":35,"tested":298},{"age_group":"40-49   ","count":44,"tested":345},{"age_group":"50-59   ","count":50,"tested":416},{"age_group":"60-69   ","count":46,"tested":307},{"age_group":"70-79   ","count":23,"tested":121},{"age_group":"80+","count":7,"tested":82}],"race":[{"description":"Hispanic","count":13,"tested":56,"color":"rgb(214,39,40)"},{"description":"Left Blank","count":127,"tested":799,"color":"rgb(44,160,44)"},{"description":"White","count":160,"tested":1410,"color":"rgb(31,119,180)"}],"gender":[{"description":"Female","count":139,"tested":1563,"color":"rgb(255,127,14)"},{"description":"Male","count":143,"tested":691,"color":"rgb(31,119,180)"},{"description":"Unknown/Left Blank","count":19,"tested":43,"color":"rgb(44,160,44)"}]}
