{"age":[{"age_group":"<20","count":308,"tested":3930},{"age_group":"20-29   ","count":412,"tested":7624},{"age_group":"30-39   ","count":429,"tested":7613},{"age_group":"40-49   ","count":388,"tested":7586},{"age_group":"50-59   ","count":395,"tested":8363},{"age_group":"60-69   ","count":314,"tested":7264},{"age_group":"70-79   ","count":195,"tested":3641},{"age_group":"80+","count":101,"tested":2893}],"race":[{"description":"AI/AN**","count":12,"tested":64,"color":"rgb(31,119,180)"},{"description":"NH/PI*","count":19,"tested":112,"color":"rgb(127,127,127)"},{"description":"Asian","count":375,"tested":3802,"color":"rgb(140,86,75)"},{"description":"Hispanic","count":257,"tested":1509,"color":"rgb(214,39,40)"},{"description":"Black","count":137,"tested":1748,"color":"rgb(255,127,14)"},{"description":"Left Blank","count":677,"tested":31843,"color":"rgb(44,160,44)"},{"description":"White","count":609,"tested":7068,"color":"rgb(31,119,180)"},{"description":"Other","count":456,"tested":2778,"color":"rgb(148,103,189)"}],"gender":[{"description":"Female","count":1354,"tested":28778,"color":"rgb(255,127,14)"},{"description":"Male","count":1175,"tested":19254,"color":"rgb(31,119,180)"},{"description":"Unknown/Left Blank","count":13,"tested":892,"color":"rgb(44,160,44)"}]}
