{"age":[{"age_group":"<20","count":237,"tested":2798},{"age_group":"20-29   ","count":208,"tested":2668},{"age_group":"30-39   ","count":213,"tested":2648},{"age_group":"40-49   ","count":279,"tested":3080},{"age_group":"50-59   ","count":175,"tested":2323},{"age_group":"60-69   ","count":70,"tested":1074},{"age_group":"70-79   ","count":19,"tested":506},{"age_group":"80+","count":9,"tested":163}],"race":[{"description":"Hispanic","count":149,"tested":1176,"color":"rgb(214,39,40)"},{"description":"White","count":412,"tested":4830,"color":"rgb(31,119,180)"},{"description":"Asian","count":70,"tested":1353,"color":"rgb(140,86,75)"},{"description":"Black","count":106,"tested":1107,"color":"rgb(255,127,14)"},{"description":"Left Blank","count":419,"tested":6085,"color":"rgb(44,160,44)"},{"description":"Other","count":52,"tested":662,"color":"rgb(148,103,189)"}],"gender":[{"description":"Male","count":593,"tested":6599,"color":"rgb(31,119,180)"},{"description":"Female","count":615,"tested":8573,"color":"rgb(255,127,14)"}]}
