{"age":[{"age_group":"<20","count":26,"tested":259},{"age_group":"20-29   ","count":33,"tested":321},{"age_group":"30-39   ","count":34,"tested":227},{"age_group":"40-49   ","count":35,"tested":316},{"age_group":"50-59   ","count":32,"tested":261},{"age_group":"60-69   ","count":21,"tested":257},{"age_group":"70-79   ","count":7,"tested":108},{"age_group":"80+","count":8,"tested":73}],"race":[{"description":"White","count":136,"tested":1003,"color":"rgb(31,119,180)"},{"description":"Left Blank","count":33,"tested":694,"color":"rgb(44,160,44)"},{"description":"Hispanic","count":25,"tested":96,"color":"rgb(214,39,40)"}],"gender":[{"description":"Female","count":98,"tested":977,"color":"rgb(255,127,14)"},{"description":"Male","count":98,"tested":840,"color":"rgb(31,119,180)"}]}
