{"age":[{"age_group":"<20","count":73,"tested":853},{"age_group":"20-29   ","count":85,"tested":1095},{"age_group":"30-39   ","count":68,"tested":1162},{"age_group":"40-49   ","count":69,"tested":1011},{"age_group":"50-59   ","count":93,"tested":1268},{"age_group":"60-69   ","count":77,"tested":1140},{"age_group":"70-79   ","count":70,"tested":796},{"age_group":"80+","count":54,"tested":843}],"race":[{"description":"Other","count":8,"tested":119,"color":"rgb(148,103,189)"},{"description":"Left Blank","count":41,"tested":1133,"color":"rgb(44,160,44)"},{"description":"White","count":504,"tested":6577,"color":"rgb(31,119,180)"},{"description":"Hispanic","count":27,"tested":168,"color":"rgb(214,39,40)"},{"description":"Black","count":8,"tested":153,"color":"rgb(255,127,14)"}],"gender":[{"description":"Female","count":331,"tested":5049,"color":"rgb(255,127,14)"},{"description":"Male","count":247,"tested":3030,"color":"rgb(31,119,180)"}]}
