{"age":[{"age_group":"<20","count":903,"tested":7391},{"age_group":"20-29   ","count":1013,"tested":9601},{"age_group":"30-39   ","count":795,"tested":8080},{"age_group":"40-49   ","count":937,"tested":8766},{"age_group":"50-59   ","count":861,"tested":8679},{"age_group":"60-69   ","count":318,"tested":3679},{"age_group":"70-79   ","count":116,"tested":1772},{"age_group":"80+","count":50,"tested":666}],"race":[{"description":"Other","count":192,"tested":1986,"color":"rgb(148,103,189)"},{"description":"Hispanic","count":944,"tested":5473,"color":"rgb(214,39,40)"},{"description":"White","count":1866,"tested":17865,"color":"rgb(31,119,180)"},{"description":"Asian","count":56,"tested":882,"color":"rgb(140,86,75)"},{"description":"Left Blank","count":1572,"tested":18928,"color":"rgb(44,160,44)"},{"description":"Black","count":352,"tested":3370,"color":"rgb(255,127,14)"},{"description":"AI/AN**","count":9,"tested":69,"color":"rgb(31,119,180)"}],"gender":[{"description":"Male","count":2329,"tested":20659,"color":"rgb(31,119,180)"},{"description":"Unknown/Left Blank","count":38,"tested":841,"color":"rgb(44,160,44)"},{"description":"Female","count":2626,"tested":27137,"color":"rgb(255,127,14)"}]}
