{"age":[{"age_group":"<20","count":13,"tested":515},{"age_group":"20-29   ","count":121,"tested":2817},{"age_group":"30-39   ","count":79,"tested":2120},{"age_group":"40-49   ","count":31,"tested":925},{"age_group":"50-59   ","count":30,"tested":830},{"age_group":"60-69   ","count":17,"tested":631},{"age_group":"70-79   ","count":11,"tested":346}],"race":[{"description":"Black","count":28,"tested":756,"color":"rgb(255,127,14)"},{"description":"Hispanic","count":28,"tested":334,"color":"rgb(214,39,40)"},{"description":"Asian","count":18,"tested":777,"color":"rgb(140,86,75)"},{"description":"Other","count":12,"tested":360,"color":"rgb(148,103,189)"},{"description":"Left Blank","count":109,"tested":4216,"color":"rgb(44,160,44)"},{"description":"White","count":110,"tested":1905,"color":"rgb(31,119,180)"}],"gender":[{"description":"Male","count":182,"tested":4848,"color":"rgb(31,119,180)"},{"description":"Female","count":120,"tested":3370,"color":"rgb(255,127,14)"}]}
