{"age":[{"age_group":"<20","count":288,"tested":2912},{"age_group":"20-29   ","count":294,"tested":3305},{"age_group":"30-39   ","count":252,"tested":3276},{"age_group":"40-49   ","count":277,"tested":2739},{"age_group":"50-59   ","count":311,"tested":3406},{"age_group":"60-69   ","count":230,"tested":3578},{"age_group":"70-79   ","count":106,"tested":2297},{"age_group":"80+","count":55,"tested":1252}],"race":[{"description":"Black","count":46,"tested":412,"color":"rgb(255,127,14)"},{"description":"Hispanic","count":143,"tested":803,"color":"rgb(214,39,40)"},{"description":"Asian","count":89,"tested":1313,"color":"rgb(140,86,75)"},{"description":"White","count":936,"tested":8451,"color":"rgb(31,119,180)"},{"description":"Other","count":83,"tested":881,"color":"rgb(148,103,189)"},{"description":"Left Blank","count":513,"tested":10859,"color":"rgb(44,160,44)"}],"gender":[{"description":"Female","count":894,"tested":12438,"color":"rgb(255,127,14)"},{"description":"Unknown/Left Blank","count":24,"tested":157,"color":"rgb(44,160,44)"},{"description":"Male","count":895,"tested":10174,"color":"rgb(31,119,180)"}]}
