{"age":[{"age_group":"<20","count":2228,"tested":13429},{"age_group":"20-29   ","count":2672,"tested":21180},{"age_group":"30-39   ","count":2351,"tested":15567},{"age_group":"40-49   ","count":2301,"tested":13809},{"age_group":"50-59   ","count":1868,"tested":11872},{"age_group":"60-69   ","count":973,"tested":7889},{"age_group":"70-79   ","count":375,"tested":3516},{"age_group":"80+","count":201,"tested":1667}],"race":[{"description":"Other","count":496,"tested":4859,"color":"rgb(148,103,189)"},{"description":"Left Blank","count":2476,"tested":35112,"color":"rgb(44,160,44)"},{"description":"Asian","count":124,"tested":1587,"color":"rgb(140,86,75)"},{"description":"White","count":662,"tested":7253,"color":"rgb(31,119,180)"},{"description":"Hispanic","count":9027,"tested":38351,"color":"rgb(214,39,40)"},{"description":"Black","count":173,"tested":1653,"color":"rgb(255,127,14)"},{"description":"AI/AN**","count":9,"tested":76,"color":"rgb(31,119,180)"}],"gender":[{"description":"Unknown/Left Blank","count":106,"tested":1205,"color":"rgb(44,160,44)"},{"description":"Male","count":6277,"tested":39743,"color":"rgb(31,119,180)"},{"description":"Female","count":6586,"tested":48004,"color":"rgb(255,127,14)"}]}
