{"age":[{"age_group":"<20","count":41,"tested":443},{"age_group":"20-29   ","count":47,"tested":397},{"age_group":"30-39   ","count":30,"tested":267},{"age_group":"40-49   ","count":40,"tested":372},{"age_group":"50-59   ","count":52,"tested":557},{"age_group":"60-69   ","count":46,"tested":508},{"age_group":"70-79   ","count":15,"tested":280},{"age_group":"80+","count":10,"tested":112}],"race":[{"description":"Hispanic","count":18,"tested":74,"color":"rgb(214,39,40)"},{"description":"White","count":207,"tested":1463,"color":"rgb(31,119,180)"},{"description":"Left Blank","count":37,"tested":1190,"color":"rgb(44,160,44)"},{"description":"Black","count":9,"tested":82,"color":"rgb(255,127,14)"}],"gender":[{"description":"Female","count":144,"tested":1580,"color":"rgb(255,127,14)"},{"description":"Male","count":136,"tested":1343,"color":"rgb(31,119,180)"}]}
