{"age":[{"age_group":"<20","count":240,"tested":2291},{"age_group":"20-29   ","count":344,"tested":4067},{"age_group":"30-39   ","count":340,"tested":4355},{"age_group":"40-49   ","count":282,"tested":3657},{"age_group":"50-59   ","count":282,"tested":4120},{"age_group":"60-69   ","count":224,"tested":3255},{"age_group":"70-79   ","count":85,"tested":1350},{"age_group":"80+","count":42,"tested":528}],"race":[{"description":"White","count":35,"tested":361,"color":"rgb(31,119,180)"},{"description":"Left Blank","count":558,"tested":9614,"color":"rgb(44,160,44)"},{"description":"Other","count":29,"tested":346,"color":"rgb(148,103,189)"},{"description":"Black","count":1127,"tested":12902,"color":"rgb(255,127,14)"},{"description":"Hispanic","count":84,"tested":342,"color":"rgb(214,39,40)"}],"gender":[{"description":"Female","count":1095,"tested":14693,"color":"rgb(255,127,14)"},{"description":"Unknown/Left Blank","count":23,"tested":475,"color":"rgb(44,160,44)"},{"description":"Male","count":721,"tested":8462,"color":"rgb(31,119,180)"}]}
