{"age":[{"age_group":"<20","count":206,"tested":1403},{"age_group":"20-29   ","count":279,"tested":2610},{"age_group":"30-39   ","count":228,"tested":2580},{"age_group":"40-49   ","count":225,"tested":2289},{"age_group":"50-59   ","count":210,"tested":2648},{"age_group":"60-69   ","count":145,"tested":2041},{"age_group":"70-79   ","count":62,"tested":884},{"age_group":"80+","count":35,"tested":700}],"race":[{"description":"Black","count":155,"tested":1570,"color":"rgb(255,127,14)"},{"description":"Asian","count":15,"tested":123,"color":"rgb(140,86,75)"},{"description":"Other","count":72,"tested":553,"color":"rgb(148,103,189)"},{"description":"Hispanic","count":230,"tested":1145,"color":"rgb(214,39,40)"},{"description":"White","count":430,"tested":3484,"color":"rgb(31,119,180)"},{"description":"Left Blank","count":485,"tested":8266,"color":"rgb(44,160,44)"}],"gender":[{"description":"Female","count":781,"tested":9809,"color":"rgb(255,127,14)"},{"description":"Male","count":604,"tested":5033,"color":"rgb(31,119,180)"}]}
