{"age":[{"age_group":"<20","count":92,"tested":1058},{"age_group":"20-29   ","count":100,"tested":1121},{"age_group":"30-39   ","count":112,"tested":1206},{"age_group":"40-49   ","count":120,"tested":1136},{"age_group":"50-59   ","count":106,"tested":1380},{"age_group":"60-69   ","count":90,"tested":875},{"age_group":"70-79   ","count":36,"tested":544},{"age_group":"80+","count":9,"tested":235}],"race":[{"description":"Hispanic","count":38,"tested":136,"color":"rgb(214,39,40)"},{"description":"White","count":389,"tested":3764,"color":"rgb(31,119,180)"},{"description":"Left Blank","count":225,"tested":3532,"color":"rgb(44,160,44)"}],"gender":[{"description":"Female","count":349,"tested":4387,"color":"rgb(255,127,14)"},{"description":"Male","count":314,"tested":2972,"color":"rgb(31,119,180)"}]}
