{"age":[{"age_group":"<20","count":41,"tested":284},{"age_group":"20-29   ","count":21,"tested":201},{"age_group":"30-39   ","count":19,"tested":209},{"age_group":"40-49   ","count":32,"tested":189},{"age_group":"50-59   ","count":24,"tested":200},{"age_group":"60-69   ","count":20,"tested":128},{"age_group":"70-79   ","count":8,"tested":89}],"race":[{"description":"Hispanic","count":6,"tested":26,"color":"rgb(214,39,40)"},{"description":"Left Blank","count":76,"tested":538,"color":"rgb(44,160,44)"},{"description":"White","count":88,"tested":755,"color":"rgb(31,119,180)"}],"gender":[{"description":"Female","count":96,"tested":748,"color":"rgb(255,127,14)"},{"description":"Male","count":76,"tested":581,"color":"rgb(31,119,180)"}]}
