{"age":[{"age_group":"<20","count":38,"tested":387},{"age_group":"20-29   ","count":17,"tested":223},{"age_group":"30-39   ","count":20,"tested":274},{"age_group":"40-49   ","count":21,"tested":251},{"age_group":"50-59   ","count":16,"tested":256},{"age_group":"60-69   ","count":7,"tested":178},{"age_group":"70-79   ","count":12,"tested":100}],"race":[{"description":"Left Blank","count":13,"tested":325,"color":"rgb(44,160,44)"},{"description":"White","count":111,"tested":1315,"color":"rgb(31,119,180)"}],"gender":[{"description":"Female","count":68,"tested":977,"color":"rgb(255,127,14)"},{"description":"Male","count":63,"tested":735,"color":"rgb(31,119,180)"}]}
