{"age":[{"age_group":"<20","count":283,"tested":2821},{"age_group":"20-29   ","count":291,"tested":3080},{"age_group":"30-39   ","count":335,"tested":3364},{"age_group":"40-49   ","count":297,"tested":2453},{"age_group":"50-59   ","count":221,"tested":2239},{"age_group":"60-69   ","count":194,"tested":2095},{"age_group":"70-79   ","count":72,"tested":862},{"age_group":"80+","count":32,"tested":602}],"race":[{"description":"Asian","count":76,"tested":823,"color":"rgb(140,86,75)"},{"description":"Black","count":24,"tested":183,"color":"rgb(255,127,14)"},{"description":"Hispanic","count":551,"tested":3654,"color":"rgb(214,39,40)"},{"description":"Left Blank","count":314,"tested":5654,"color":"rgb(44,160,44)"},{"description":"Other","count":73,"tested":820,"color":"rgb(148,103,189)"},{"description":"White","count":679,"tested":6341,"color":"rgb(31,119,180)"}],"gender":[{"description":"Female","count":865,"tested":9388,"color":"rgb(255,127,14)"},{"description":"Male","count":852,"tested":7978,"color":"rgb(31,119,180)"}]}
