{"age":[{"age_group":"<20","count":34,"tested":376},{"age_group":"20-29   ","count":35,"tested":321},{"age_group":"30-39   ","count":29,"tested":355},{"age_group":"40-49   ","count":24,"tested":327},{"age_group":"50-59   ","count":41,"tested":282},{"age_group":"60-69   ","count":14,"tested":167},{"age_group":"70-79   ","count":12,"tested":90}],"race":[{"description":"Hispanic","count":10,"tested":68,"color":"rgb(214,39,40)"},{"description":"Left Blank","count":64,"tested":872,"color":"rgb(44,160,44)"},{"description":"White","count":117,"tested":996,"color":"rgb(31,119,180)"}],"gender":[{"description":"Female","count":97,"tested":1154,"color":"rgb(255,127,14)"},{"description":"Male","count":91,"tested":769,"color":"rgb(31,119,180)"},{"description":"Unknown/Left Blank","count":7,"tested":51,"color":"rgb(44,160,44)"}]}
