{"age":[{"age_group":"<20","count":38,"tested":410},{"age_group":"20-29   ","count":19,"tested":284},{"age_group":"30-39   ","count":26,"tested":234},{"age_group":"40-49   ","count":21,"tested":504},{"age_group":"50-59   ","count":21,"tested":319},{"age_group":"60-69   ","count":26,"tested":379},{"age_group":"70-79   ","count":11,"tested":220},{"age_group":"80+","count":15,"tested":181}],"race":[{"description":"Hispanic","count":6,"tested":19,"color":"rgb(214,39,40)"},{"description":"Left Blank","count":21,"tested":352,"color":"rgb(44,160,44)"},{"description":"White","count":147,"tested":2059,"color":"rgb(31,119,180)"}],"gender":[{"description":"Female","count":100,"tested":1648,"color":"rgb(255,127,14)"},{"description":"Male","count":74,"tested":878,"color":"rgb(31,119,180)"}]}
