{"age":[{"age_group":"<20","count":61,"tested":873},{"age_group":"20-29   ","count":29,"tested":444},{"age_group":"30-39   ","count":28,"tested":309},{"age_group":"40-49   ","count":32,"tested":415},{"age_group":"50-59   ","count":25,"tested":405},{"age_group":"60-69   ","count":34,"tested":475},{"age_group":"70-79   ","count":16,"tested":370}],"race":[{"description":"Left Blank","count":33,"tested":705,"color":"rgb(44,160,44)"},{"description":"White","count":188,"tested":2627,"color":"rgb(31,119,180)"}],"gender":[{"description":"Female","count":107,"tested":1978,"color":"rgb(255,127,14)"},{"description":"Male","count":119,"tested":1489,"color":"rgb(31,119,180)"}]}
