{"age":[{"age_group":"<20","count":110,"tested":1150},{"age_group":"20-29   ","count":103,"tested":1276},{"age_group":"30-39   ","count":128,"tested":1391},{"age_group":"40-49   ","count":94,"tested":1089},{"age_group":"50-59   ","count":144,"tested":1512},{"age_group":"60-69   ","count":84,"tested":1302},{"age_group":"70-79   ","count":50,"tested":548},{"age_group":"80+","count":17,"tested":229}],"race":[{"description":"Asian","count":16,"tested":275,"color":"rgb(140,86,75)"},{"description":"Black","count":40,"tested":420,"color":"rgb(255,127,14)"},{"description":"Hispanic","count":102,"tested":914,"color":"rgb(214,39,40)"},{"description":"Left Blank","count":187,"tested":2575,"color":"rgb(44,160,44)"},{"description":"Other","count":28,"tested":268,"color":"rgb(148,103,189)"},{"description":"White","count":355,"tested":4028,"color":"rgb(31,119,180)"}],"gender":[{"description":"Female","count":384,"tested":4915,"color":"rgb(255,127,14)"},{"description":"Male","count":336,"tested":3474,"color":"rgb(31,119,180)"}]}
