{"age":[{"age_group":"<20","count":12,"tested":158},{"age_group":"40-49   ","count":6,"tested":113},{"age_group":"50-59   ","count":8,"tested":104},{"age_group":"60-69   ","count":8,"tested":81},{"age_group":"80+","count":6,"tested":33}],"race":[{"description":"Left Blank","count":13,"tested":225,"color":"rgb(44,160,44)"},{"description":"White","count":42,"tested":414,"color":"rgb(31,119,180)"}],"gender":[{"description":"Female","count":30,"tested":429,"color":"rgb(255,127,14)"},{"description":"Male","count":26,"tested":259,"color":"rgb(31,119,180)"}]}
