{"age":[{"age_group":"<20","count":803,"tested":8475},{"age_group":"20-29   ","count":794,"tested":9710},{"age_group":"30-39   ","count":798,"tested":9013},{"age_group":"40-49   ","count":774,"tested":9694},{"age_group":"50-59   ","count":666,"tested":9898},{"age_group":"60-69   ","count":431,"tested":7752},{"age_group":"70-79   ","count":216,"tested":4266},{"age_group":"80+","count":113,"tested":2644}],"race":[{"description":"Asian","count":11,"tested":85,"color":"rgb(140,86,75)"},{"description":"Black","count":2297,"tested":28698,"color":"rgb(255,127,14)"},{"description":"Hispanic","count":689,"tested":4390,"color":"rgb(214,39,40)"},{"description":"Left Blank","count":1284,"tested":24173,"color":"rgb(44,160,44)"},{"description":"Other","count":101,"tested":1180,"color":"rgb(148,103,189)"},{"description":"White","count":210,"tested":2781,"color":"rgb(31,119,180)"}],"gender":[{"description":"Female","count":2629,"tested":37234,"color":"rgb(255,127,14)"},{"description":"Male","count":1944,"tested":22883,"color":"rgb(31,119,180)"},{"description":"Unknown/Left Blank","count":23,"tested":1363,"color":"rgb(44,160,44)"}]}
