{"age":[{"age_group":"<20","count":55,"tested":665},{"age_group":"20-29   ","count":51,"tested":529},{"age_group":"30-39   ","count":32,"tested":506},{"age_group":"40-49   ","count":58,"tested":454},{"age_group":"50-59   ","count":38,"tested":343},{"age_group":"60-69   ","count":24,"tested":216},{"age_group":"70-79   ","count":8,"tested":176}],"race":[{"description":"Hispanic","count":102,"tested":569,"color":"rgb(214,39,40)"},{"description":"Left Blank","count":23,"tested":890,"color":"rgb(44,160,44)"},{"description":"White","count":142,"tested":1482,"color":"rgb(31,119,180)"}],"gender":[{"description":"Female","count":143,"tested":1850,"color":"rgb(255,127,14)"},{"description":"Male","count":127,"tested":1147,"color":"rgb(31,119,180)"}]}
