{"age":[{"age_group":"<20","count":125,"tested":1276},{"age_group":"20-29   ","count":84,"tested":797},{"age_group":"30-39   ","count":74,"tested":773},{"age_group":"40-49   ","count":100,"tested":693},{"age_group":"50-59   ","count":68,"tested":613},{"age_group":"60-69   ","count":37,"tested":300},{"age_group":"70-79   ","count":13,"tested":163},{"age_group":"80+","count":6,"tested":67}],"race":[{"description":"Hispanic","count":45,"tested":269,"color":"rgb(214,39,40)"},{"description":"Left Blank","count":191,"tested":1671,"color":"rgb(44,160,44)"},{"description":"Other","count":9,"tested":143,"color":"rgb(148,103,189)"},{"description":"White","count":256,"tested":2526,"color":"rgb(31,119,180)"}],"gender":[{"description":"Female","count":262,"tested":2699,"color":"rgb(255,127,14)"},{"description":"Male","count":242,"tested":1938,"color":"rgb(31,119,180)"}]}
