{"age":[{"age_group":"<20","count":296,"tested":2816},{"age_group":"20-29   ","count":286,"tested":3757},{"age_group":"30-39   ","count":184,"tested":3660},{"age_group":"40-49   ","count":274,"tested":4032},{"age_group":"50-59   ","count":278,"tested":5339},{"age_group":"60-69   ","count":199,"tested":4739},{"age_group":"70-79   ","count":114,"tested":6814},{"age_group":"80+","count":130,"tested":9813}],"race":[{"description":"Asian","count":17,"tested":143,"color":"rgb(140,86,75)"},{"description":"Black","count":39,"tested":2483,"color":"rgb(255,127,14)"},{"description":"Hispanic","count":60,"tested":882,"color":"rgb(214,39,40)"},{"description":"Left Blank","count":444,"tested":8168,"color":"rgb(44,160,44)"},{"description":"Other","count":52,"tested":671,"color":"rgb(148,103,189)"},{"description":"White","count":1148,"tested":28592,"color":"rgb(31,119,180)"}],"gender":[{"description":"Female","count":919,"tested":17223,"color":"rgb(255,127,14)"},{"description":"Male","count":834,"tested":21300,"color":"rgb(31,119,180)"}]}
