{"age":[{"age_group":"<20","count":639,"tested":8981},{"age_group":"20-29   ","count":412,"tested":6568},{"age_group":"30-39   ","count":404,"tested":6397},{"age_group":"40-49   ","count":364,"tested":5220},{"age_group":"50-59   ","count":485,"tested":6461},{"age_group":"60-69   ","count":300,"tested":5181},{"age_group":"70-79   ","count":117,"tested":3079},{"age_group":"80+","count":112,"tested":4087}],"race":[{"description":"Asian","count":65,"tested":838,"color":"rgb(140,86,75)"},{"description":"Black","count":60,"tested":923,"color":"rgb(255,127,14)"},{"description":"Hispanic","count":245,"tested":2235,"color":"rgb(214,39,40)"},{"description":"Left Blank","count":472,"tested":15313,"color":"rgb(44,160,44)"},{"description":"Other","count":83,"tested":1467,"color":"rgb(148,103,189)"},{"description":"White","count":1902,"tested":25174,"color":"rgb(31,119,180)"}],"gender":[{"description":"Female","count":1462,"tested":25785,"color":"rgb(255,127,14)"},{"description":"Male","count":1357,"tested":19703,"color":"rgb(31,119,180)"}]}
