{"age":[{"age_group":"<20","count":463,"tested":6390},{"age_group":"20-29   ","count":385,"tested":4723},{"age_group":"30-39   ","count":385,"tested":4454},{"age_group":"40-49   ","count":483,"tested":4805},{"age_group":"50-59   ","count":397,"tested":4977},{"age_group":"60-69   ","count":218,"tested":3732},{"age_group":"70-79   ","count":172,"tested":3512},{"age_group":"80+","count":92,"tested":3913}],"race":[{"description":"AI/AN**","count":9,"tested":31,"color":"rgb(31,119,180)"},{"description":"Asian","count":28,"tested":483,"color":"rgb(140,86,75)"},{"description":"Black","count":120,"tested":1764,"color":"rgb(255,127,14)"},{"description":"Hispanic","count":287,"tested":2107,"color":"rgb(214,39,40)"},{"description":"Left Blank","count":738,"tested":14160,"color":"rgb(44,160,44)"},{"description":"Other","count":62,"tested":1187,"color":"rgb(148,103,189)"},{"description":"White","count":1347,"tested":16454,"color":"rgb(31,119,180)"}],"gender":[{"description":"Female","count":1298,"tested":20569,"color":"rgb(255,127,14)"},{"description":"Male","count":1290,"tested":15209,"color":"rgb(31,119,180)"}]}
