{"age":[{"age_group":"<20","count":29,"tested":241},{"age_group":"20-29   ","count":24,"tested":163},{"age_group":"30-39   ","count":31,"tested":279},{"age_group":"40-49   ","count":20,"tested":316},{"age_group":"50-59   ","count":24,"tested":304},{"age_group":"60-69   ","count":34,"tested":204},{"age_group":"70-79   ","count":17,"tested":111},{"age_group":"80+","count":7,"tested":51}],"race":[{"description":"Black","count":8,"tested":53,"color":"rgb(255,127,14)"},{"description":"Left Blank","count":51,"tested":743,"color":"rgb(44,160,44)"},{"description":"Other","count":6,"tested":22,"color":"rgb(148,103,189)"},{"description":"White","count":121,"tested":845,"color":"rgb(31,119,180)"}],"gender":[{"description":"Female","count":96,"tested":821,"color":"rgb(255,127,14)"},{"description":"Male","count":89,"tested":690,"color":"rgb(31,119,180)"}]}
