{"age":[{"age_group":"<20","count":318,"tested":3710},{"age_group":"20-29   ","count":235,"tested":2609},{"age_group":"30-39   ","count":319,"tested":3284},{"age_group":"40-49   ","count":286,"tested":2712},{"age_group":"50-59   ","count":204,"tested":2435},{"age_group":"60-69   ","count":118,"tested":1555},{"age_group":"70-79   ","count":54,"tested":872},{"age_group":"80+","count":14,"tested":303}],"race":[{"description":"Black","count":24,"tested":343,"color":"rgb(255,127,14)"},{"description":"Hispanic","count":97,"tested":705,"color":"rgb(214,39,40)"},{"description":"Left Blank","count":445,"tested":5855,"color":"rgb(44,160,44)"},{"description":"Other","count":31,"tested":443,"color":"rgb(148,103,189)"},{"description":"White","count":947,"tested":10062,"color":"rgb(31,119,180)"}],"gender":[{"description":"Female","count":798,"tested":9523,"color":"rgb(255,127,14)"},{"description":"Male","count":747,"tested":7775,"color":"rgb(31,119,180)"}]}
