{"age":[{"age_group":"<20","count":164,"tested":3335},{"age_group":"20-29   ","count":813,"tested":15971},{"age_group":"30-39   ","count":786,"tested":18197},{"age_group":"40-49   ","count":241,"tested":4974},{"age_group":"50-59   ","count":169,"tested":2925},{"age_group":"60-69   ","count":110,"tested":2014},{"age_group":"70-79   ","count":64,"tested":1069},{"age_group":"80+","count":47,"tested":448}],"race":[{"description":"Asian","count":50,"tested":2113,"color":"rgb(140,86,75)"},{"description":"Black","count":196,"tested":2697,"color":"rgb(255,127,14)"},{"description":"Hispanic","count":416,"tested":4008,"color":"rgb(214,39,40)"},{"description":"Left Blank","count":731,"tested":20331,"color":"rgb(44,160,44)"},{"description":"Other","count":128,"tested":2534,"color":"rgb(148,103,189)"},{"description":"White","count":868,"tested":17167,"color":"rgb(31,119,180)"}],"gender":[{"description":"Female","count":1148,"tested":25255,"color":"rgb(255,127,14)"},{"description":"Male","count":1191,"tested":22978,"color":"rgb(31,119,180)"},{"description":"Unknown/Left Blank","count":55,"tested":709,"color":"rgb(44,160,44)"}]}
