{"age":[{"age_group":"<20","count":230,"tested":2598},{"age_group":"20-29   ","count":204,"tested":2398},{"age_group":"30-39   ","count":175,"tested":2286},{"age_group":"40-49   ","count":149,"tested":1915},{"age_group":"50-59   ","count":190,"tested":2584},{"age_group":"60-69   ","count":122,"tested":1872},{"age_group":"70-79   ","count":45,"tested":1125},{"age_group":"80+","count":14,"tested":377}],"race":[{"description":"Asian","count":9,"tested":155,"color":"rgb(140,86,75)"},{"description":"Black","count":12,"tested":92,"color":"rgb(255,127,14)"},{"description":"Hispanic","count":101,"tested":815,"color":"rgb(214,39,40)"},{"description":"Left Blank","count":277,"tested":4327,"color":"rgb(44,160,44)"},{"description":"Other","count":28,"tested":429,"color":"rgb(148,103,189)"},{"description":"White","count":703,"tested":9258,"color":"rgb(31,119,180)"}],"gender":[{"description":"Female","count":571,"tested":8927,"color":"rgb(255,127,14)"},{"description":"Male","count":553,"tested":6148,"color":"rgb(31,119,180)"}]}
