{"age":[{"age_group":"<20","count":46,"tested":782},{"age_group":"20-29   ","count":33,"tested":522},{"age_group":"30-39   ","count":43,"tested":441},{"age_group":"40-49   ","count":47,"tested":374},{"age_group":"50-59   ","count":48,"tested":745},{"age_group":"60-69   ","count":43,"tested":548},{"age_group":"70-79   ","count":23,"tested":373},{"age_group":"80+","count":46,"tested":552}],"race":[{"description":"Hispanic","count":9,"tested":49,"color":"rgb(214,39,40)"},{"description":"Left Blank","count":18,"tested":1761,"color":"rgb(44,160,44)"},{"description":"White","count":294,"tested":2418,"color":"rgb(31,119,180)"}],"gender":[{"description":"Female","count":178,"tested":2754,"color":"rgb(255,127,14)"},{"description":"Male","count":151,"tested":1550,"color":"rgb(31,119,180)"}]}
