{"age":[{"age_group":"<20","count":671,"tested":5471},{"age_group":"20-29   ","count":757,"tested":7891},{"age_group":"30-39   ","count":675,"tested":6068},{"age_group":"40-49   ","count":546,"tested":6052},{"age_group":"50-59   ","count":535,"tested":6146},{"age_group":"60-69   ","count":395,"tested":5515},{"age_group":"70-79   ","count":202,"tested":3801},{"age_group":"80+","count":110,"tested":3080}],"race":[{"description":"Asian","count":84,"tested":1019,"color":"rgb(140,86,75)"},{"description":"Black","count":97,"tested":1308,"color":"rgb(255,127,14)"},{"description":"Hispanic","count":1247,"tested":7913,"color":"rgb(214,39,40)"},{"description":"Left Blank","count":1083,"tested":18980,"color":"rgb(44,160,44)"},{"description":"Other","count":185,"tested":2085,"color":"rgb(148,103,189)"},{"description":"White","count":1189,"tested":12604,"color":"rgb(31,119,180)"}],"gender":[{"description":"Female","count":2027,"tested":25270,"color":"rgb(255,127,14)"},{"description":"Male","count":1845,"tested":18280,"color":"rgb(31,119,180)"},{"description":"Unknown/Left Blank","count":19,"tested":486,"color":"rgb(44,160,44)"}]}
