{"age":[{"age_group":"<20","count":253,"tested":3090},{"age_group":"20-29   ","count":245,"tested":3400},{"age_group":"30-39   ","count":233,"tested":3179},{"age_group":"40-49   ","count":217,"tested":2752},{"age_group":"50-59   ","count":197,"tested":3618},{"age_group":"60-69   ","count":166,"tested":3289},{"age_group":"70-79   ","count":87,"tested":2139},{"age_group":"80+","count":69,"tested":1483}],"race":[{"description":"Asian","count":74,"tested":1186,"color":"rgb(140,86,75)"},{"description":"Black","count":28,"tested":330,"color":"rgb(255,127,14)"},{"description":"Hispanic","count":217,"tested":1434,"color":"rgb(214,39,40)"},{"description":"Left Blank","count":243,"tested":11231,"color":"rgb(44,160,44)"},{"description":"Other","count":51,"tested":545,"color":"rgb(148,103,189)"},{"description":"White","count":852,"tested":8203,"color":"rgb(31,119,180)"}],"gender":[{"description":"Female","count":744,"tested":12819,"color":"rgb(255,127,14)"},{"description":"Male","count":719,"tested":9651,"color":"rgb(31,119,180)"}]}
