{"age":[{"age_group":"<20","count":318,"tested":3548},{"age_group":"20-29   ","count":322,"tested":3527},{"age_group":"30-39   ","count":305,"tested":3098},{"age_group":"40-49   ","count":288,"tested":2425},{"age_group":"50-59   ","count":237,"tested":2383},{"age_group":"60-69   ","count":160,"tested":2275},{"age_group":"70-79   ","count":93,"tested":1374},{"age_group":"80+","count":54,"tested":1007}],"race":[{"description":"Asian","count":7,"tested":64,"color":"rgb(140,86,75)"},{"description":"Hispanic","count":834,"tested":5145,"color":"rgb(214,39,40)"},{"description":"Left Blank","count":243,"tested":3852,"color":"rgb(44,160,44)"},{"description":"Other","count":24,"tested":289,"color":"rgb(148,103,189)"},{"description":"White","count":662,"tested":10138,"color":"rgb(31,119,180)"}],"gender":[{"description":"Female","count":940,"tested":11814,"color":"rgb(255,127,14)"},{"description":"Male","count":833,"tested":7729,"color":"rgb(31,119,180)"}]}
