{"age":[{"age_group":"<20","count":161,"tested":4586},{"age_group":"20-29   ","count":285,"tested":4904},{"age_group":"30-39   ","count":267,"tested":5245},{"age_group":"40-49   ","count":173,"tested":3112},{"age_group":"50-59   ","count":146,"tested":2815},{"age_group":"60-69   ","count":94,"tested":2820},{"age_group":"70-79   ","count":39,"tested":962},{"age_group":"80+","count":31,"tested":667}],"race":[{"description":"Asian","count":153,"tested":4648,"color":"rgb(140,86,75)"},{"description":"Black","count":62,"tested":1017,"color":"rgb(255,127,14)"},{"description":"Hispanic","count":144,"tested":1552,"color":"rgb(214,39,40)"},{"description":"Left Blank","count":395,"tested":11511,"color":"rgb(44,160,44)"},{"description":"Other","count":78,"tested":900,"color":"rgb(148,103,189)"},{"description":"White","count":359,"tested":5335,"color":"rgb(31,119,180)"}],"gender":[{"description":"Female","count":607,"tested":13028,"color":"rgb(255,127,14)"},{"description":"Male","count":584,"tested":11733,"color":"rgb(31,119,180)"}]}
