{"age":[{"age_group":"<20","count":292,"tested":4151},{"age_group":"20-29   ","count":240,"tested":4890},{"age_group":"30-39   ","count":210,"tested":4807},{"age_group":"40-49   ","count":224,"tested":4982},{"age_group":"50-59   ","count":266,"tested":5592},{"age_group":"60-69   ","count":261,"tested":5830},{"age_group":"70-79   ","count":202,"tested":4705},{"age_group":"80+","count":214,"tested":4916}],"race":[{"description":"Asian","count":19,"tested":1111,"color":"rgb(140,86,75)"},{"description":"Black","count":52,"tested":3066,"color":"rgb(255,127,14)"},{"description":"Hispanic","count":68,"tested":1104,"color":"rgb(214,39,40)"},{"description":"Left Blank","count":743,"tested":19112,"color":"rgb(44,160,44)"},{"description":"Other","count":55,"tested":876,"color":"rgb(148,103,189)"},{"description":"White","count":972,"tested":14571,"color":"rgb(31,119,180)"}],"gender":[{"description":"Female","count":1015,"tested":24800,"color":"rgb(255,127,14)"},{"description":"Male","count":877,"tested":13629,"color":"rgb(31,119,180)"},{"description":"Unknown/Left Blank","count":17,"tested":1448,"color":"rgb(44,160,44)"}]}
