{"age":[{"age_group":"<20","count":167,"tested":2754},{"age_group":"20-29   ","count":189,"tested":2284},{"age_group":"30-39   ","count":174,"tested":1859},{"age_group":"40-49   ","count":133,"tested":1855},{"age_group":"50-59   ","count":155,"tested":2312},{"age_group":"60-69   ","count":127,"tested":1825},{"age_group":"70-79   ","count":54,"tested":767},{"age_group":"80+","count":17,"tested":376}],"race":[{"description":"Black","count":19,"tested":230,"color":"rgb(255,127,14)"},{"description":"Hispanic","count":161,"tested":1392,"color":"rgb(214,39,40)"},{"description":"Left Blank","count":332,"tested":4892,"color":"rgb(44,160,44)"},{"description":"Other","count":46,"tested":465,"color":"rgb(148,103,189)"},{"description":"White","count":454,"tested":6879,"color":"rgb(31,119,180)"}],"gender":[{"description":"Female","count":526,"tested":8291,"color":"rgb(255,127,14)"},{"description":"Male","count":485,"tested":5621,"color":"rgb(31,119,180)"}]}
