{"age":[{"age_group":"<20","count":77,"tested":683},{"age_group":"20-29   ","count":53,"tested":708},{"age_group":"30-39   ","count":57,"tested":650},{"age_group":"40-49   ","count":64,"tested":667},{"age_group":"50-59   ","count":61,"tested":769},{"age_group":"60-69   ","count":44,"tested":683},{"age_group":"70-79   ","count":22,"tested":353},{"age_group":"80+","count":8,"tested":250}],"race":[{"description":"Left Blank","count":102,"tested":2264,"color":"rgb(44,160,44)"},{"description":"White","count":275,"tested":2395,"color":"rgb(31,119,180)"}],"gender":[{"description":"Female","count":225,"tested":2920,"color":"rgb(255,127,14)"},{"description":"Male","count":160,"tested":1776,"color":"rgb(31,119,180)"}]}
