{"age":[{"age_group":"<20","count":1020,"tested":26685},{"age_group":"20-29   ","count":760,"tested":12766},{"age_group":"30-39   ","count":654,"tested":13924},{"age_group":"40-49   ","count":681,"tested":12398},{"age_group":"50-59   ","count":710,"tested":13683},{"age_group":"60-69   ","count":475,"tested":11571},{"age_group":"70-79   ","count":254,"tested":6802},{"age_group":"80+","count":204,"tested":8478}],"race":[{"description":"AI/AN**","count":9,"tested":135,"color":"rgb(31,119,180)"},{"description":"Asian","count":223,"tested":6197,"color":"rgb(140,86,75)"},{"description":"Black","count":81,"tested":2017,"color":"rgb(255,127,14)"},{"description":"Hispanic","count":438,"tested":5701,"color":"rgb(214,39,40)"},{"description":"Left Blank","count":922,"tested":30314,"color":"rgb(44,160,44)"},{"description":"Other","count":172,"tested":2927,"color":"rgb(148,103,189)"},{"description":"White","count":2910,"tested":59080,"color":"rgb(31,119,180)"}],"gender":[{"description":"Female","count":2391,"tested":57451,"color":"rgb(255,127,14)"},{"description":"Male","count":2346,"tested":46606,"color":"rgb(31,119,180)"},{"description":"Unknown/Left Blank","count":21,"tested":2420,"color":"rgb(44,160,44)"}]}
