{"age":[{"age_group":"<20","count":292,"tested":4681},{"age_group":"20-29   ","count":453,"tested":6148},{"age_group":"30-39   ","count":345,"tested":5850},{"age_group":"40-49   ","count":286,"tested":4333},{"age_group":"50-59   ","count":302,"tested":4773},{"age_group":"60-69   ","count":172,"tested":4102},{"age_group":"70-79   ","count":88,"tested":2547},{"age_group":"80+","count":95,"tested":5760}],"race":[{"description":"White","count":1144,"tested":13293,"color":"rgb(31,119,180)"},{"description":"Asian","count":103,"tested":1919,"color":"rgb(140,86,75)"},{"description":"Black","count":130,"tested":1393,"color":"rgb(255,127,14)"},{"description":"Other","count":63,"tested":1081,"color":"rgb(148,103,189)"},{"description":"Left Blank","count":363,"tested":19181,"color":"rgb(44,160,44)"},{"description":"Hispanic","count":225,"tested":1294,"color":"rgb(214,39,40)"}],"gender":[{"description":"Female","count":1004,"tested":21970,"color":"rgb(255,127,14)"},{"description":"Male","count":1016,"tested":15588,"color":"rgb(31,119,180)"},{"description":"Unknown/Left Blank","count":13,"tested":652,"color":"rgb(44,160,44)"}]}
