{"age":[{"age_group":"<20","count":252,"tested":1150},{"age_group":"20-29   ","count":323,"tested":5071},{"age_group":"30-39   ","count":142,"tested":1532},{"age_group":"40-49   ","count":24,"tested":258},{"age_group":"50-59   ","count":21,"tested":167},{"age_group":"60-69   ","count":13,"tested":148}],"race":[{"description":"Black","count":156,"tested":514,"color":"rgb(255,127,14)"},{"description":"Hispanic","count":99,"tested":332,"color":"rgb(214,39,40)"},{"description":"Asian","count":38,"tested":298,"color":"rgb(140,86,75)"},{"description":"Other","count":38,"tested":93,"color":"rgb(148,103,189)"},{"description":"Left Blank","count":70,"tested":4358,"color":"rgb(44,160,44)"},{"description":"White","count":371,"tested":2756,"color":"rgb(31,119,180)"}],"gender":[{"description":"Male","count":535,"tested":5142,"color":"rgb(31,119,180)"},{"description":"Female","count":243,"tested":3204,"color":"rgb(255,127,14)"}]}
