{"age":[{"age_group":"<20","count":328,"tested":3137},{"age_group":"20-29   ","count":401,"tested":3763},{"age_group":"30-39   ","count":332,"tested":3171},{"age_group":"40-49   ","count":337,"tested":2816},{"age_group":"50-59   ","count":445,"tested":3842},{"age_group":"60-69   ","count":332,"tested":3807},{"age_group":"70-79   ","count":135,"tested":2094},{"age_group":"80+","count":86,"tested":4729}],"race":[{"description":"Other","count":94,"tested":734,"color":"rgb(148,103,189)"},{"description":"Left Blank","count":769,"tested":11885,"color":"rgb(44,160,44)"},{"description":"Asian","count":27,"tested":287,"color":"rgb(140,86,75)"},{"description":"White","count":1380,"tested":13753,"color":"rgb(31,119,180)"},{"description":"Hispanic","count":105,"tested":528,"color":"rgb(214,39,40)"},{"description":"Black","count":20,"tested":162,"color":"rgb(255,127,14)"}],"gender":[{"description":"Male","count":1182,"tested":11118,"color":"rgb(31,119,180)"},{"description":"Unknown/Left Blank","count":17,"tested":860,"color":"rgb(44,160,44)"},{"description":"Female","count":1198,"tested":15388,"color":"rgb(255,127,14)"}]}
