{"age":[{"age_group":"<20","count":95,"tested":689},{"age_group":"20-29   ","count":113,"tested":1219},{"age_group":"30-39   ","count":114,"tested":1049},{"age_group":"40-49   ","count":123,"tested":932},{"age_group":"50-59   ","count":100,"tested":1021},{"age_group":"60-69   ","count":68,"tested":879},{"age_group":"70-79   ","count":28,"tested":398},{"age_group":"80+","count":12,"tested":198}],"race":[{"description":"Left Blank","count":192,"tested":2279,"color":"rgb(44,160,44)"},{"description":"Other","count":16,"tested":235,"color":"rgb(148,103,189)"},{"description":"White","count":86,"tested":1135,"color":"rgb(31,119,180)"},{"description":"Asian","count":8,"tested":102,"color":"rgb(140,86,75)"},{"description":"Hispanic","count":229,"tested":1132,"color":"rgb(214,39,40)"},{"description":"Black","count":120,"tested":1490,"color":"rgb(255,127,14)"}],"gender":[{"description":"Male","count":316,"tested":2763,"color":"rgb(31,119,180)"},{"description":"Female","count":332,"tested":3537,"color":"rgb(255,127,14)"}]}
