{"age":[{"age_group":"<20","count":38,"tested":382},{"age_group":"20-29   ","count":46,"tested":555},{"age_group":"30-39   ","count":48,"tested":443},{"age_group":"40-49   ","count":42,"tested":362},{"age_group":"50-59   ","count":41,"tested":535},{"age_group":"60-69   ","count":27,"tested":663},{"age_group":"70-79   ","count":19,"tested":217}],"race":[{"description":"Hispanic","count":9,"tested":66,"color":"rgb(214,39,40)"},{"description":"White","count":194,"tested":2015,"color":"rgb(31,119,180)"},{"description":"Left Blank","count":49,"tested":1076,"color":"rgb(44,160,44)"},{"description":"Other","count":11,"tested":71,"color":"rgb(148,103,189)"}],"gender":[{"description":"Male","count":133,"tested":1261,"color":"rgb(31,119,180)"},{"description":"Female","count":131,"tested":1665,"color":"rgb(255,127,14)"}]}
