{"age":[{"age_group":"<20","count":186,"tested":1883},{"age_group":"20-29   ","count":217,"tested":2084},{"age_group":"30-39   ","count":212,"tested":1899},{"age_group":"40-49   ","count":182,"tested":1673},{"age_group":"50-59   ","count":207,"tested":2035},{"age_group":"60-69   ","count":150,"tested":1837},{"age_group":"70-79   ","count":87,"tested":1366},{"age_group":"80+","count":60,"tested":1321}],"race":[{"description":"White","count":822,"tested":7381,"color":"rgb(31,119,180)"},{"description":"Other","count":24,"tested":298,"color":"rgb(148,103,189)"},{"description":"Left Blank","count":258,"tested":5181,"color":"rgb(44,160,44)"},{"description":"Hispanic","count":181,"tested":1066,"color":"rgb(214,39,40)"},{"description":"Asian","count":7,"tested":49,"color":"rgb(140,86,75)"},{"description":"Black","count":8,"tested":98,"color":"rgb(255,127,14)"}],"gender":[{"description":"Male","count":612,"tested":5435,"color":"rgb(31,119,180)"},{"description":"Female","count":682,"tested":8274,"color":"rgb(255,127,14)"}]}
