{"age":[{"age_group":"<20","count":835,"tested":6737},{"age_group":"20-29   ","count":972,"tested":9919},{"age_group":"30-39   ","count":772,"tested":7606},{"age_group":"40-49   ","count":871,"tested":8401},{"age_group":"50-59   ","count":757,"tested":8194},{"age_group":"60-69   ","count":358,"tested":4331},{"age_group":"70-79   ","count":184,"tested":2646},{"age_group":"80+","count":96,"tested":1452}],"race":[{"description":"Hispanic","count":1429,"tested":8165,"color":"rgb(214,39,40)"},{"description":"Left Blank","count":1399,"tested":19924,"color":"rgb(44,160,44)"},{"description":"White","count":1182,"tested":12745,"color":"rgb(31,119,180)"},{"description":"Asian","count":186,"tested":1823,"color":"rgb(140,86,75)"},{"description":"Black","count":429,"tested":4393,"color":"rgb(255,127,14)"},{"description":"NH/PI*","count":6,"tested":75,"color":"rgb(127,127,127)"},{"description":"Other","count":209,"tested":2103,"color":"rgb(148,103,189)"}],"gender":[{"description":"Unknown/Left Blank","count":32,"tested":1066,"color":"rgb(44,160,44)"},{"description":"Male","count":2252,"tested":20731,"color":"rgb(31,119,180)"},{"description":"Female","count":2562,"tested":27499,"color":"rgb(255,127,14)"}]}
