{"age":[{"age_group":"<20","count":605,"tested":7869},{"age_group":"20-29   ","count":615,"tested":8364},{"age_group":"30-39   ","count":440,"tested":8195},{"age_group":"40-49   ","count":453,"tested":7075},{"age_group":"50-59   ","count":555,"tested":10727},{"age_group":"60-69   ","count":375,"tested":8364},{"age_group":"70-79   ","count":203,"tested":4717},{"age_group":"80+","count":170,"tested":4896}],"race":[{"description":"White","count":1762,"tested":27359,"color":"rgb(31,119,180)"},{"description":"Other","count":115,"tested":1130,"color":"rgb(148,103,189)"},{"description":"Left Blank","count":909,"tested":21998,"color":"rgb(44,160,44)"},{"description":"Black","count":68,"tested":1045,"color":"rgb(255,127,14)"},{"description":"Asian","count":201,"tested":4781,"color":"rgb(140,86,75)"},{"description":"Hispanic","count":352,"tested":3774,"color":"rgb(214,39,40)"},{"description":"NH/PI*","count":7,"tested":101,"color":"rgb(127,127,127)"}],"gender":[{"description":"Unknown/Left Blank","count":26,"tested":1754,"color":"rgb(44,160,44)"},{"description":"Male","count":1632,"tested":23333,"color":"rgb(31,119,180)"},{"description":"Female","count":1758,"tested":35136,"color":"rgb(255,127,14)"}]}
