{"age":[{"age_group":"<20","count":497,"tested":4224},{"age_group":"20-29   ","count":598,"tested":5758},{"age_group":"30-39   ","count":594,"tested":5716},{"age_group":"40-49   ","count":599,"tested":5626},{"age_group":"50-59   ","count":462,"tested":4614},{"age_group":"60-69   ","count":228,"tested":3102},{"age_group":"70-79   ","count":125,"tested":1802},{"age_group":"80+","count":111,"tested":1242}],"race":[{"description":"Asian","count":47,"tested":437,"color":"rgb(140,86,75)"},{"description":"Black","count":334,"tested":3203,"color":"rgb(255,127,14)"},{"description":"Hispanic","count":605,"tested":3109,"color":"rgb(214,39,40)"},{"description":"White","count":1258,"tested":11941,"color":"rgb(31,119,180)"},{"description":"Other","count":75,"tested":1332,"color":"rgb(148,103,189)"},{"description":"Left Blank","count":877,"tested":11999,"color":"rgb(44,160,44)"},{"description":"AI/AN**","count":12,"tested":40,"color":"rgb(31,119,180)"}],"gender":[{"description":"Female","count":1672,"tested":17472,"color":"rgb(255,127,14)"},{"description":"Male","count":1520,"tested":13494,"color":"rgb(31,119,180)"},{"description":"Unknown/Left Blank","count":22,"tested":1125,"color":"rgb(44,160,44)"}]}
