{"age":[{"age_group":"<20","count":83,"tested":773},{"age_group":"20-29   ","count":121,"tested":1577},{"age_group":"30-39   ","count":87,"tested":1608},{"age_group":"40-49   ","count":94,"tested":1440},{"age_group":"50-59   ","count":123,"tested":2025},{"age_group":"60-69   ","count":116,"tested":2001},{"age_group":"70-79   ","count":72,"tested":1189},{"age_group":"80+","count":27,"tested":533}],"race":[{"description":"Black","count":43,"tested":1175,"color":"rgb(255,127,14)"},{"description":"White","count":380,"tested":6544,"color":"rgb(31,119,180)"},{"description":"Other","count":14,"tested":230,"color":"rgb(148,103,189)"},{"description":"Hispanic","count":103,"tested":620,"color":"rgb(214,39,40)"},{"description":"Left Blank","count":180,"tested":2546,"color":"rgb(44,160,44)"}],"gender":[{"description":"Female","count":340,"tested":6418,"color":"rgb(255,127,14)"},{"description":"Male","count":378,"tested":4620,"color":"rgb(31,119,180)"}]}
