{"age":[{"age_group":"<20","count":80,"tested":1117},{"age_group":"20-29   ","count":88,"tested":780},{"age_group":"30-39   ","count":91,"tested":836},{"age_group":"40-49   ","count":93,"tested":988},{"age_group":"50-59   ","count":83,"tested":963},{"age_group":"60-69   ","count":63,"tested":830},{"age_group":"70-79   ","count":58,"tested":731},{"age_group":"80+","count":14,"tested":279}],"race":[{"description":"White","count":330,"tested":3093,"color":"rgb(31,119,180)"},{"description":"Left Blank","count":217,"tested":3199,"color":"rgb(44,160,44)"},{"description":"Hispanic","count":12,"tested":76,"color":"rgb(214,39,40)"}],"gender":[{"description":"Male","count":274,"tested":2810,"color":"rgb(31,119,180)"},{"description":"Female","count":296,"tested":3619,"color":"rgb(255,127,14)"}]}
