{"age":[{"age_group":"<20","count":308,"tested":8408},{"age_group":"20-29   ","count":283,"tested":5916},{"age_group":"30-39   ","count":246,"tested":4211},{"age_group":"40-49   ","count":328,"tested":5029},{"age_group":"50-59   ","count":312,"tested":5227},{"age_group":"60-69   ","count":144,"tested":3506},{"age_group":"70-79   ","count":90,"tested":1981},{"age_group":"80+","count":100,"tested":3138}],"race":[{"description":"Asian","count":157,"tested":4056,"color":"rgb(140,86,75)"},{"description":"Black","count":37,"tested":710,"color":"rgb(255,127,14)"},{"description":"Other","count":124,"tested":1342,"color":"rgb(148,103,189)"},{"description":"Left Blank","count":371,"tested":14397,"color":"rgb(44,160,44)"},{"description":"White","count":786,"tested":14233,"color":"rgb(31,119,180)"},{"description":"Hispanic","count":328,"tested":2410,"color":"rgb(214,39,40)"}],"gender":[{"description":"Female","count":921,"tested":20888,"color":"rgb(255,127,14)"},{"description":"Male","count":870,"tested":15838,"color":"rgb(31,119,180)"},{"description":"Unknown/Left Blank","count":22,"tested":722,"color":"rgb(44,160,44)"}]}
