{"age":[{"age_group":"<20","count":191,"tested":1851},{"age_group":"20-29   ","count":153,"tested":1482},{"age_group":"30-39   ","count":143,"tested":1754},{"age_group":"40-49   ","count":150,"tested":1486},{"age_group":"50-59   ","count":154,"tested":1757},{"age_group":"60-69   ","count":98,"tested":1079},{"age_group":"70-79   ","count":69,"tested":944},{"age_group":"80+","count":61,"tested":1006}],"race":[{"description":"White","count":534,"tested":4370,"color":"rgb(31,119,180)"},{"description":"Left Blank","count":452,"tested":6620,"color":"rgb(44,160,44)"},{"description":"Hispanic","count":29,"tested":149,"color":"rgb(214,39,40)"}],"gender":[{"description":"Female","count":539,"tested":5587,"color":"rgb(255,127,14)"},{"description":"Male","count":456,"tested":3490,"color":"rgb(31,119,180)"},{"description":"Unknown/Left Blank","count":37,"tested":2290,"color":"rgb(44,160,44)"}]}
