{"age":[{"age_group":"<20","count":73,"tested":619},{"age_group":"20-29   ","count":76,"tested":951},{"age_group":"30-39   ","count":69,"tested":818},{"age_group":"40-49   ","count":71,"tested":906},{"age_group":"50-59   ","count":49,"tested":818},{"age_group":"60-69   ","count":43,"tested":775},{"age_group":"70-79   ","count":30,"tested":329},{"age_group":"80+","count":9,"tested":235}],"race":[{"description":"Other","count":12,"tested":66,"color":"rgb(148,103,189)"},{"description":"White","count":284,"tested":3887,"color":"rgb(31,119,180)"},{"description":"Left Blank","count":124,"tested":1397,"color":"rgb(44,160,44)"}],"gender":[{"description":"Female","count":237,"tested":3965,"color":"rgb(255,127,14)"},{"description":"Male","count":187,"tested":1311,"color":"rgb(31,119,180)"}]}
