{"age":[{"age_group":"<20","count":84,"tested":1212},{"age_group":"20-29   ","count":66,"tested":831},{"age_group":"30-39   ","count":50,"tested":878},{"age_group":"40-49   ","count":63,"tested":702},{"age_group":"50-59   ","count":71,"tested":949},{"age_group":"60-69   ","count":76,"tested":940},{"age_group":"70-79   ","count":40,"tested":831},{"age_group":"80+","count":66,"tested":1374}],"race":[{"description":"White","count":356,"tested":4545,"color":"rgb(31,119,180)"},{"description":"Left Blank","count":152,"tested":3055,"color":"rgb(44,160,44)"}],"gender":[{"description":"Male","count":226,"tested":2879,"color":"rgb(31,119,180)"},{"description":"Female","count":287,"tested":4734,"color":"rgb(255,127,14)"}]}
