{"age":[{"age_group":"<20","count":747,"tested":9267},{"age_group":"20-29   ","count":878,"tested":9672},{"age_group":"30-39   ","count":816,"tested":9482},{"age_group":"40-49   ","count":844,"tested":8789},{"age_group":"50-59   ","count":770,"tested":9439},{"age_group":"60-69   ","count":531,"tested":7441},{"age_group":"70-79   ","count":234,"tested":4073},{"age_group":"80+","count":147,"tested":2755}],"race":[{"description":"AI/AN**","count":9,"tested":129,"color":"rgb(31,119,180)"},{"description":"NH/PI*","count":11,"tested":99,"color":"rgb(127,127,127)"},{"description":"Asian","count":390,"tested":5067,"color":"rgb(140,86,75)"},{"description":"Black","count":109,"tested":1237,"color":"rgb(255,127,14)"},{"description":"Hispanic","count":892,"tested":4586,"color":"rgb(214,39,40)"},{"description":"White","count":2227,"tested":26158,"color":"rgb(31,119,180)"},{"description":"Left Blank","count":1034,"tested":21283,"color":"rgb(44,160,44)"},{"description":"Other","count":297,"tested":2370,"color":"rgb(148,103,189)"}],"gender":[{"description":"Female","count":2479,"tested":33774,"color":"rgb(255,127,14)"},{"description":"Unknown/Left Blank","count":35,"tested":670,"color":"rgb(44,160,44)"},{"description":"Male","count":2455,"tested":26485,"color":"rgb(31,119,180)"}]}
