{"age":[{"age_group":"<20","count":133,"tested":1156},{"age_group":"20-29   ","count":149,"tested":2083},{"age_group":"30-39   ","count":128,"tested":2088},{"age_group":"40-49   ","count":152,"tested":2408},{"age_group":"50-59   ","count":133,"tested":2828},{"age_group":"60-69   ","count":118,"tested":2725},{"age_group":"70-79   ","count":55,"tested":1211},{"age_group":"80+","count":36,"tested":783}],"race":[{"description":"White","count":81,"tested":942,"color":"rgb(31,119,180)"},{"description":"Black","count":443,"tested":5201,"color":"rgb(255,127,14)"},{"description":"Other","count":15,"tested":181,"color":"rgb(148,103,189)"},{"description":"Left Blank","count":294,"tested":8516,"color":"rgb(44,160,44)"},{"description":"Hispanic","count":70,"tested":397,"color":"rgb(214,39,40)"}],"gender":[{"description":"Female","count":485,"tested":8856,"color":"rgb(255,127,14)"},{"description":"Male","count":415,"tested":6018,"color":"rgb(31,119,180)"}]}
