{"age":[{"age_group":"<20","count":229,"tested":2004},{"age_group":"20-29   ","count":228,"tested":3005},{"age_group":"30-39   ","count":145,"tested":2910},{"age_group":"40-49   ","count":213,"tested":3194},{"age_group":"50-59   ","count":240,"tested":4293},{"age_group":"60-69   ","count":165,"tested":3573},{"age_group":"70-79   ","count":95,"tested":4941},{"age_group":"80+","count":110,"tested":7374}],"race":[{"description":"Asian","count":16,"tested":113,"color":"rgb(140,86,75)"},{"description":"White","count":888,"tested":21194,"color":"rgb(31,119,180)"},{"description":"Left Blank","count":398,"tested":6761,"color":"rgb(44,160,44)"},{"description":"Hispanic","count":46,"tested":617,"color":"rgb(214,39,40)"},{"description":"Black","count":34,"tested":2087,"color":"rgb(255,127,14)"},{"description":"Other","count":42,"tested":498,"color":"rgb(148,103,189)"}],"gender":[{"description":"Male","count":668,"tested":15627,"color":"rgb(31,119,180)"},{"description":"Female","count":751,"tested":13292,"color":"rgb(255,127,14)"}]}
