{"age":[{"age_group":"<20","count":58,"tested":771},{"age_group":"20-29   ","count":98,"tested":851},{"age_group":"30-39   ","count":82,"tested":997},{"age_group":"40-49   ","count":92,"tested":862},{"age_group":"50-59   ","count":90,"tested":974},{"age_group":"60-69   ","count":58,"tested":945},{"age_group":"70-79   ","count":33,"tested":644},{"age_group":"80+","count":9,"tested":221}],"race":[{"description":"Hispanic","count":38,"tested":422,"color":"rgb(214,39,40)"},{"description":"White","count":230,"tested":2555,"color":"rgb(31,119,180)"},{"description":"Other","count":19,"tested":308,"color":"rgb(148,103,189)"},{"description":"Left Blank","count":222,"tested":2817,"color":"rgb(44,160,44)"}],"gender":[{"description":"Female","count":264,"tested":3176,"color":"rgb(255,127,14)"},{"description":"Male","count":250,"tested":2892,"color":"rgb(31,119,180)"}]}
