{"age":[{"age_group":"<20","count":625,"tested":6106},{"age_group":"20-29   ","count":768,"tested":9326},{"age_group":"30-39   ","count":547,"tested":7482},{"age_group":"40-49   ","count":648,"tested":6813},{"age_group":"50-59   ","count":512,"tested":6477},{"age_group":"60-69   ","count":235,"tested":3517},{"age_group":"70-79   ","count":79,"tested":1373},{"age_group":"80+","count":41,"tested":607}],"race":[{"description":"Other","count":118,"tested":1793,"color":"rgb(148,103,189)"},{"description":"Left Blank","count":704,"tested":15209,"color":"rgb(44,160,44)"},{"description":"Hispanic","count":920,"tested":5076,"color":"rgb(214,39,40)"},{"description":"White","count":1037,"tested":11456,"color":"rgb(31,119,180)"},{"description":"Asian","count":251,"tested":3438,"color":"rgb(140,86,75)"},{"description":"Black","count":418,"tested":4639,"color":"rgb(255,127,14)"}],"gender":[{"description":"Female","count":1810,"tested":23331,"color":"rgb(255,127,14)"},{"description":"Male","count":1628,"tested":17983,"color":"rgb(31,119,180)"},{"description":"Unknown/Left Blank","count":17,"tested":392,"color":"rgb(44,160,44)"}]}
