{"age":[{"age_group":"<20","count":392,"tested":4968},{"age_group":"20-29   ","count":445,"tested":5318},{"age_group":"30-39   ","count":398,"tested":5470},{"age_group":"40-49   ","count":365,"tested":4542},{"age_group":"50-59   ","count":351,"tested":5238},{"age_group":"60-69   ","count":287,"tested":4316},{"age_group":"70-79   ","count":160,"tested":2807},{"age_group":"80+","count":111,"tested":3533}],"race":[{"description":"Black","count":597,"tested":4891,"color":"rgb(255,127,14)"},{"description":"Asian","count":21,"tested":132,"color":"rgb(140,86,75)"},{"description":"Other","count":23,"tested":593,"color":"rgb(148,103,189)"},{"description":"White","count":1212,"tested":13137,"color":"rgb(31,119,180)"},{"description":"Left Blank","count":235,"tested":15193,"color":"rgb(44,160,44)"},{"description":"Hispanic","count":420,"tested":2237,"color":"rgb(214,39,40)"}],"gender":[{"description":"Female","count":1350,"tested":22339,"color":"rgb(255,127,14)"},{"description":"Male","count":1148,"tested":13262,"color":"rgb(31,119,180)"},{"description":"Unknown/Left Blank","count":12,"tested":601,"color":"rgb(44,160,44)"}]}
