{"age":[{"age_group":"<20","count":778,"tested":13424},{"age_group":"20-29   ","count":660,"tested":9432},{"age_group":"30-39   ","count":553,"tested":9897},{"age_group":"40-49   ","count":579,"tested":9046},{"age_group":"50-59   ","count":599,"tested":9849},{"age_group":"60-69   ","count":409,"tested":8358},{"age_group":"70-79   ","count":218,"tested":4798},{"age_group":"80+","count":182,"tested":6411}],"race":[{"description":"Black","count":63,"tested":1428,"color":"rgb(255,127,14)"},{"description":"Asian","count":171,"tested":3322,"color":"rgb(140,86,75)"},{"description":"White","count":2357,"tested":37684,"color":"rgb(31,119,180)"},{"description":"Other","count":143,"tested":1767,"color":"rgb(148,103,189)"},{"description":"Left Blank","count":845,"tested":23438,"color":"rgb(44,160,44)"},{"description":"AI/AN**","count":7,"tested":26,"color":"rgb(31,119,180)"},{"description":"Hispanic","count":391,"tested":3641,"color":"rgb(214,39,40)"}],"gender":[{"description":"Female","count":1978,"tested":38460,"color":"rgb(255,127,14)"},{"description":"Male","count":1961,"tested":30826,"color":"rgb(31,119,180)"},{"description":"Unknown/Left Blank","count":40,"tested":2097,"color":"rgb(44,160,44)"}]}
