{"age":[{"age_group":"<20","count":328,"tested":3616},{"age_group":"20-29   ","count":431,"tested":7705},{"age_group":"30-39   ","count":490,"tested":10281},{"age_group":"40-49   ","count":441,"tested":10259},{"age_group":"50-59   ","count":366,"tested":7727},{"age_group":"60-69   ","count":265,"tested":5290},{"age_group":"70-79   ","count":149,"tested":2710},{"age_group":"80+","count":122,"tested":2390}],"race":[{"description":"Left Blank","count":1054,"tested":37197,"color":"rgb(44,160,44)"},{"description":"White","count":813,"tested":9708,"color":"rgb(31,119,180)"},{"description":"Hispanic","count":320,"tested":1666,"color":"rgb(214,39,40)"},{"description":"Other","count":70,"tested":799,"color":"rgb(148,103,189)"},{"description":"Black","count":289,"tested":1816,"color":"rgb(255,127,14)"},{"description":"Asian","count":40,"tested":299,"color":"rgb(140,86,75)"}],"gender":[{"description":"Unknown/Left Blank","count":33,"tested":10222,"color":"rgb(44,160,44)"},{"description":"Female","count":1170,"tested":18059,"color":"rgb(255,127,14)"},{"description":"Male","count":1389,"tested":23238,"color":"rgb(31,119,180)"}]}
