{"age":[{"age_group":"<20","count":183,"tested":1934},{"age_group":"20-29   ","count":154,"tested":2021},{"age_group":"30-39   ","count":126,"tested":1565},{"age_group":"40-49   ","count":173,"tested":1558},{"age_group":"50-59   ","count":194,"tested":1965},{"age_group":"60-69   ","count":115,"tested":1661},{"age_group":"70-79   ","count":45,"tested":1144},{"age_group":"80+","count":26,"tested":568}],"race":[{"description":"Left Blank","count":209,"tested":3633,"color":"rgb(44,160,44)"},{"description":"Hispanic","count":92,"tested":637,"color":"rgb(214,39,40)"},{"description":"Other","count":39,"tested":346,"color":"rgb(148,103,189)"},{"description":"White","count":656,"tested":7520,"color":"rgb(31,119,180)"},{"description":"Black","count":9,"tested":146,"color":"rgb(255,127,14)"},{"description":"Asian","count":8,"tested":116,"color":"rgb(140,86,75)"}],"gender":[{"description":"Female","count":511,"tested":6483,"color":"rgb(255,127,14)"},{"description":"Male","count":497,"tested":5830,"color":"rgb(31,119,180)"}]}
