{"age":[{"age_group":"<20","count":486,"tested":9711},{"age_group":"20-29   ","count":376,"tested":6486},{"age_group":"30-39   ","count":416,"tested":6345},{"age_group":"40-49   ","count":469,"tested":6836},{"age_group":"50-59   ","count":447,"tested":7371},{"age_group":"60-69   ","count":390,"tested":7169},{"age_group":"70-79   ","count":164,"tested":4301},{"age_group":"80+","count":176,"tested":5301}],"race":[{"description":"Left Blank","count":573,"tested":13437,"color":"rgb(44,160,44)"},{"description":"Other","count":175,"tested":2077,"color":"rgb(148,103,189)"},{"description":"White","count":1547,"tested":27693,"color":"rgb(31,119,180)"},{"description":"Asian","count":313,"tested":5907,"color":"rgb(140,86,75)"},{"description":"Hispanic","count":282,"tested":3391,"color":"rgb(214,39,40)"},{"description":"Black","count":24,"tested":859,"color":"rgb(255,127,14)"}],"gender":[{"description":"Female","count":1494,"tested":30760,"color":"rgb(255,127,14)"},{"description":"Unknown/Left Blank","count":20,"tested":384,"color":"rgb(44,160,44)"},{"description":"Male","count":1411,"tested":22387,"color":"rgb(31,119,180)"}]}
