{"age":[{"age_group":"<20","count":24,"tested":209},{"age_group":"20-29   ","count":20,"tested":120},{"age_group":"30-39   ","count":29,"tested":161},{"age_group":"40-49   ","count":17,"tested":88},{"age_group":"50-59   ","count":33,"tested":181},{"age_group":"60-69   ","count":29,"tested":170},{"age_group":"70-79   ","count":12,"tested":96}],"race":[{"description":"White","count":135,"tested":718,"color":"rgb(31,119,180)"},{"description":"Left Blank","count":28,"tested":299,"color":"rgb(44,160,44)"}],"gender":[{"description":"Female","count":86,"tested":545,"color":"rgb(255,127,14)"},{"description":"Male","count":78,"tested":516,"color":"rgb(31,119,180)"}]}
