{"age":[{"age_group":"<20","count":121,"tested":1899},{"age_group":"20-29   ","count":709,"tested":12180},{"age_group":"30-39   ","count":650,"tested":13368},{"age_group":"40-49   ","count":206,"tested":3467},{"age_group":"50-59   ","count":149,"tested":2104},{"age_group":"60-69   ","count":106,"tested":1398},{"age_group":"70-79   ","count":58,"tested":781},{"age_group":"80+","count":45,"tested":340}],"race":[{"description":"Asian","count":37,"tested":1323,"color":"rgb(140,86,75)"},{"description":"Black","count":164,"tested":1919,"color":"rgb(255,127,14)"},{"description":"Hispanic","count":380,"tested":2931,"color":"rgb(214,39,40)"},{"description":"White","count":727,"tested":12127,"color":"rgb(31,119,180)"},{"description":"Other","count":114,"tested":1950,"color":"rgb(148,103,189)"},{"description":"Left Blank","count":617,"tested":15239,"color":"rgb(44,160,44)"}],"gender":[{"description":"Female","count":948,"tested":18192,"color":"rgb(255,127,14)"},{"description":"Male","count":1015,"tested":16714,"color":"rgb(31,119,180)"},{"description":"Unknown/Left Blank","count":81,"tested":640,"color":"rgb(44,160,44)"}]}
