{"age":[{"age_group":"<20","count":18,"tested":128},{"age_group":"20-29   ","count":18,"tested":135},{"age_group":"30-39   ","count":13,"tested":148},{"age_group":"40-49   ","count":17,"tested":137},{"age_group":"50-59   ","count":19,"tested":135},{"age_group":"60-69   ","count":18,"tested":96}],"race":[{"description":"Left Blank","count":48,"tested":405,"color":"rgb(44,160,44)"},{"description":"White","count":59,"tested":433,"color":"rgb(31,119,180)"}],"gender":[{"description":"Female","count":57,"tested":487,"color":"rgb(255,127,14)"},{"description":"Male","count":56,"tested":375,"color":"rgb(31,119,180)"}]}
