{"age":[{"age_group":"<20","count":449,"tested":7946},{"age_group":"20-29   ","count":473,"tested":11077},{"age_group":"30-39   ","count":324,"tested":5571},{"age_group":"40-49   ","count":278,"tested":5278},{"age_group":"50-59   ","count":374,"tested":6957},{"age_group":"60-69   ","count":258,"tested":8101},{"age_group":"70-79   ","count":104,"tested":4889},{"age_group":"80+","count":134,"tested":8777}],"race":[{"description":"White","count":1574,"tested":22489,"color":"rgb(31,119,180)"},{"description":"Hispanic","count":137,"tested":1448,"color":"rgb(214,39,40)"},{"description":"Asian","count":125,"tested":1269,"color":"rgb(140,86,75)"},{"description":"Black","count":77,"tested":1173,"color":"rgb(255,127,14)"},{"description":"Other","count":82,"tested":1013,"color":"rgb(148,103,189)"},{"description":"Left Blank","count":395,"tested":31469,"color":"rgb(44,160,44)"}],"gender":[{"description":"Female","count":1173,"tested":32728,"color":"rgb(255,127,14)"},{"description":"Male","count":1207,"tested":25387,"color":"rgb(31,119,180)"},{"description":"Unknown/Left Blank","count":14,"tested":807,"color":"rgb(44,160,44)"}]}
