{"age":[{"age_group":"<20","count":369,"tested":3239},{"age_group":"20-29   ","count":511,"tested":7752},{"age_group":"30-39   ","count":532,"tested":8702},{"age_group":"40-49   ","count":494,"tested":9820},{"age_group":"50-59   ","count":532,"tested":11405},{"age_group":"60-69   ","count":539,"tested":12102},{"age_group":"70-79   ","count":336,"tested":7270},{"age_group":"80+","count":484,"tested":10991}],"race":[{"description":"NH/PI*","count":17,"tested":169,"color":"rgb(127,127,127)"},{"description":"AI/AN**","count":11,"tested":76,"color":"rgb(31,119,180)"},{"description":"Left Blank","count":1159,"tested":43157,"color":"rgb(44,160,44)"},{"description":"Other","count":380,"tested":2487,"color":"rgb(148,103,189)"},{"description":"Black","count":57,"tested":1046,"color":"rgb(255,127,14)"},{"description":"White","count":1341,"tested":14508,"color":"rgb(31,119,180)"},{"description":"Asian","count":435,"tested":6997,"color":"rgb(140,86,75)"},{"description":"Hispanic","count":399,"tested":2883,"color":"rgb(214,39,40)"}],"gender":[{"description":"Female","count":2024,"tested":43054,"color":"rgb(255,127,14)"},{"description":"Male","count":1743,"tested":27216,"color":"rgb(31,119,180)"},{"description":"Unknown/Left Blank","count":32,"tested":1053,"color":"rgb(44,160,44)"}]}
