{"age":[{"age_group":"<20","count":284,"tested":4090},{"age_group":"20-29   ","count":186,"tested":2497},{"age_group":"30-39   ","count":161,"tested":2025},{"age_group":"40-49   ","count":181,"tested":2067},{"age_group":"50-59   ","count":204,"tested":2689},{"age_group":"60-69   ","count":111,"tested":1900},{"age_group":"70-79   ","count":57,"tested":929},{"age_group":"80+","count":14,"tested":367}],"race":[{"description":"Asian","count":13,"tested":386,"color":"rgb(140,86,75)"},{"description":"Hispanic","count":100,"tested":847,"color":"rgb(214,39,40)"},{"description":"Left Blank","count":252,"tested":5098,"color":"rgb(44,160,44)"},{"description":"Other","count":22,"tested":409,"color":"rgb(148,103,189)"},{"description":"White","count":810,"tested":9700,"color":"rgb(31,119,180)"}],"gender":[{"description":"Female","count":616,"tested":9227,"color":"rgb(255,127,14)"},{"description":"Male","count":580,"tested":7198,"color":"rgb(31,119,180)"}]}
