{"age":[{"age_group":"<20","count":74,"tested":761},{"age_group":"20-29   ","count":63,"tested":839},{"age_group":"30-39   ","count":65,"tested":768},{"age_group":"40-49   ","count":57,"tested":573},{"age_group":"50-59   ","count":76,"tested":970},{"age_group":"60-69   ","count":46,"tested":862},{"age_group":"70-79   ","count":21,"tested":384},{"age_group":"80+","count":12,"tested":269}],"race":[{"description":"Black","count":10,"tested":144,"color":"rgb(255,127,14)"},{"description":"Hispanic","count":34,"tested":240,"color":"rgb(214,39,40)"},{"description":"Left Blank","count":89,"tested":1520,"color":"rgb(44,160,44)"},{"description":"White","count":272,"tested":3214,"color":"rgb(31,119,180)"}],"gender":[{"description":"Female","count":208,"tested":2955,"color":"rgb(255,127,14)"},{"description":"Male","count":204,"tested":2378,"color":"rgb(31,119,180)"}]}
