{"age":[{"age_group":"<20","count":130,"tested":2370},{"age_group":"20-29   ","count":105,"tested":2237},{"age_group":"30-39   ","count":108,"tested":2261},{"age_group":"40-49   ","count":124,"tested":2650},{"age_group":"50-59   ","count":110,"tested":2395},{"age_group":"60-69   ","count":56,"tested":2034},{"age_group":"70-79   ","count":34,"tested":1368},{"age_group":"80+","count":48,"tested":1468}],"race":[{"description":"Black","count":13,"tested":311,"color":"rgb(255,127,14)"},{"description":"Hispanic","count":361,"tested":3883,"color":"rgb(214,39,40)"},{"description":"Left Blank","count":121,"tested":8982,"color":"rgb(44,160,44)"},{"description":"Other","count":50,"tested":550,"color":"rgb(148,103,189)"},{"description":"White","count":164,"tested":2720,"color":"rgb(31,119,180)"}],"gender":[{"description":"Female","count":368,"tested":9806,"color":"rgb(255,127,14)"},{"description":"Male","count":343,"tested":6808,"color":"rgb(31,119,180)"}]}
