{"age":[{"age_group":"<20","count":17,"tested":141},{"age_group":"20-29   ","count":30,"tested":223},{"age_group":"30-39   ","count":12,"tested":145},{"age_group":"40-49   ","count":14,"tested":180},{"age_group":"50-59   ","count":17,"tested":286},{"age_group":"60-69   ","count":10,"tested":147}],"race":[{"description":"Left Blank","count":27,"tested":418,"color":"rgb(44,160,44)"},{"description":"White","count":75,"tested":675,"color":"rgb(31,119,180)"}],"gender":[{"description":"Female","count":55,"tested":708,"color":"rgb(255,127,14)"},{"description":"Male","count":51,"tested":405,"color":"rgb(31,119,180)"}]}
