{"age":[{"age_group":"<20","count":1085,"tested":11122},{"age_group":"20-29   ","count":1065,"tested":14730},{"age_group":"30-39   ","count":1028,"tested":13683},{"age_group":"40-49   ","count":1037,"tested":13494},{"age_group":"50-59   ","count":869,"tested":12398},{"age_group":"60-69   ","count":515,"tested":8906},{"age_group":"70-79   ","count":233,"tested":3775},{"age_group":"80+","count":167,"tested":3241}],"race":[{"description":"AI/AN**","count":12,"tested":67,"color":"rgb(31,119,180)"},{"description":"Asian","count":14,"tested":351,"color":"rgb(140,86,75)"},{"description":"Black","count":1385,"tested":20093,"color":"rgb(255,127,14)"},{"description":"Hispanic","count":2338,"tested":15686,"color":"rgb(214,39,40)"},{"description":"Left Blank","count":1718,"tested":37308,"color":"rgb(44,160,44)"},{"description":"Other","count":189,"tested":2534,"color":"rgb(148,103,189)"},{"description":"White","count":343,"tested":5167,"color":"rgb(31,119,180)"}],"gender":[{"description":"Female","count":3135,"tested":46067,"color":"rgb(255,127,14)"},{"description":"Male","count":2806,"tested":33754,"color":"rgb(31,119,180)"},{"description":"Unknown/Left Blank","count":58,"tested":1544,"color":"rgb(44,160,44)"}]}
