{"age":[{"age_group":"<20","count":15,"tested":539},{"age_group":"20-29   ","count":44,"tested":1260},{"age_group":"30-39   ","count":17,"tested":857},{"age_group":"40-49   ","count":17,"tested":729},{"age_group":"50-59   ","count":16,"tested":705},{"age_group":"60-69   ","count":11,"tested":688},{"age_group":"70-79   ","count":9,"tested":333}],"race":[{"description":"Asian","count":10,"tested":403,"color":"rgb(140,86,75)"},{"description":"Black","count":16,"tested":597,"color":"rgb(255,127,14)"},{"description":"Hispanic","count":15,"tested":455,"color":"rgb(214,39,40)"},{"description":"Left Blank","count":32,"tested":1981,"color":"rgb(44,160,44)"},{"description":"Other","count":8,"tested":313,"color":"rgb(148,103,189)"},{"description":"White","count":48,"tested":1489,"color":"rgb(31,119,180)"}],"gender":[{"description":"Female","count":64,"tested":2533,"color":"rgb(255,127,14)"},{"description":"Male","count":64,"tested":2450,"color":"rgb(31,119,180)"}]}
