{"age":[{"age_group":"<20","count":278,"tested":1752},{"age_group":"20-29   ","count":338,"tested":5864},{"age_group":"30-39   ","count":164,"tested":2059},{"age_group":"40-49   ","count":27,"tested":360},{"age_group":"50-59   ","count":21,"tested":251},{"age_group":"60-69   ","count":15,"tested":205},{"age_group":"70-79   ","count":6,"tested":51}],"race":[{"description":"AI/AN**","count":6,"tested":12,"color":"rgb(31,119,180)"},{"description":"Asian","count":40,"tested":355,"color":"rgb(140,86,75)"},{"description":"Black","count":169,"tested":828,"color":"rgb(255,127,14)"},{"description":"Hispanic","count":112,"tested":487,"color":"rgb(214,39,40)"},{"description":"Left Blank","count":86,"tested":5322,"color":"rgb(44,160,44)"},{"description":"Other","count":43,"tested":147,"color":"rgb(148,103,189)"},{"description":"White","count":390,"tested":3348,"color":"rgb(31,119,180)"}],"gender":[{"description":"Female","count":278,"tested":4155,"color":"rgb(255,127,14)"},{"description":"Male","count":569,"tested":6370,"color":"rgb(31,119,180)"}]}
