{"age":[{"age_group":"<20","count":551,"tested":10216},{"age_group":"20-29   ","count":443,"tested":7472},{"age_group":"30-39   ","count":458,"tested":8124},{"age_group":"40-49   ","count":548,"tested":8895},{"age_group":"50-59   ","count":568,"tested":9616},{"age_group":"60-69   ","count":290,"tested":7435},{"age_group":"70-79   ","count":172,"tested":5055},{"age_group":"80+","count":165,"tested":4696}],"race":[{"description":"Asian","count":185,"tested":3373,"color":"rgb(140,86,75)"},{"description":"Black","count":44,"tested":698,"color":"rgb(255,127,14)"},{"description":"Hispanic","count":399,"tested":4177,"color":"rgb(214,39,40)"},{"description":"Left Blank","count":764,"tested":26778,"color":"rgb(44,160,44)"},{"description":"NH/PI*","count":8,"tested":91,"color":"rgb(127,127,127)"},{"description":"Other","count":259,"tested":3096,"color":"rgb(148,103,189)"},{"description":"White","count":1532,"tested":23236,"color":"rgb(31,119,180)"}],"gender":[{"description":"Female","count":1598,"tested":32255,"color":"rgb(255,127,14)"},{"description":"Male","count":1566,"tested":27671,"color":"rgb(31,119,180)"},{"description":"Unknown/Left Blank","count":31,"tested":1594,"color":"rgb(44,160,44)"}]}
