{"age":[{"age_group":"<20","count":425,"tested":7323},{"age_group":"20-29   ","count":447,"tested":5205},{"age_group":"30-39   ","count":374,"tested":4593},{"age_group":"40-49   ","count":397,"tested":4068},{"age_group":"50-59   ","count":508,"tested":5185},{"age_group":"60-69   ","count":373,"tested":5140},{"age_group":"70-79   ","count":151,"tested":2941},{"age_group":"80+","count":93,"tested":5915}],"race":[{"description":"Asian","count":32,"tested":564,"color":"rgb(140,86,75)"},{"description":"Black","count":22,"tested":299,"color":"rgb(255,127,14)"},{"description":"Hispanic","count":124,"tested":1182,"color":"rgb(214,39,40)"},{"description":"Left Blank","count":853,"tested":15805,"color":"rgb(44,160,44)"},{"description":"Other","count":113,"tested":1191,"color":"rgb(148,103,189)"},{"description":"White","count":1622,"tested":21280,"color":"rgb(31,119,180)"}],"gender":[{"description":"Female","count":1397,"tested":22458,"color":"rgb(255,127,14)"},{"description":"Male","count":1354,"tested":16967,"color":"rgb(31,119,180)"},{"description":"Unknown/Left Blank","count":17,"tested":952,"color":"rgb(44,160,44)"}]}
