{"age":[{"age_group":"<20","count":1024,"tested":9559},{"age_group":"20-29   ","count":875,"tested":9095},{"age_group":"30-39   ","count":778,"tested":7476},{"age_group":"40-49   ","count":812,"tested":7308},{"age_group":"50-59   ","count":756,"tested":7436},{"age_group":"60-69   ","count":446,"tested":5581},{"age_group":"70-79   ","count":264,"tested":4203},{"age_group":"80+","count":163,"tested":4640}],"race":[{"description":"AI/AN**","count":7,"tested":97,"color":"rgb(31,119,180)"},{"description":"Asian","count":36,"tested":264,"color":"rgb(140,86,75)"},{"description":"Black","count":111,"tested":970,"color":"rgb(255,127,14)"},{"description":"Hispanic","count":1977,"tested":6339,"color":"rgb(214,39,40)"},{"description":"Left Blank","count":445,"tested":26079,"color":"rgb(44,160,44)"},{"description":"Other","count":71,"tested":1086,"color":"rgb(148,103,189)"},{"description":"White","count":2469,"tested":20461,"color":"rgb(31,119,180)"}],"gender":[{"description":"Female","count":2706,"tested":33400,"color":"rgb(255,127,14)"},{"description":"Male","count":2406,"tested":21240,"color":"rgb(31,119,180)"}]}
