{"age":[{"age_group":"<20","count":693,"tested":25591},{"age_group":"20-29   ","count":467,"tested":13915},{"age_group":"30-39   ","count":408,"tested":13294},{"age_group":"40-49   ","count":524,"tested":18678},{"age_group":"50-59   ","count":525,"tested":20138},{"age_group":"60-69   ","count":424,"tested":17721},{"age_group":"70-79   ","count":321,"tested":12242},{"age_group":"80+","count":456,"tested":17605}],"race":[{"description":"AI/AN**","count":6,"tested":136,"color":"rgb(31,119,180)"},{"description":"Asian","count":240,"tested":9707,"color":"rgb(140,86,75)"},{"description":"Black","count":47,"tested":1957,"color":"rgb(255,127,14)"},{"description":"Hispanic","count":154,"tested":3293,"color":"rgb(214,39,40)"},{"description":"Left Blank","count":938,"tested":71268,"color":"rgb(44,160,44)"},{"description":"Other","count":315,"tested":4930,"color":"rgb(148,103,189)"},{"description":"White","count":2110,"tested":46944,"color":"rgb(31,119,180)"}],"gender":[{"description":"Female","count":1952,"tested":81717,"color":"rgb(255,127,14)"},{"description":"Male","count":1842,"tested":54220,"color":"rgb(31,119,180)"},{"description":"Unknown/Left Blank","count":24,"tested":3285,"color":"rgb(44,160,44)"}]}
