{"age":[{"age_group":"<20","count":323,"tested":9043},{"age_group":"20-29   ","count":292,"tested":4544},{"age_group":"30-39   ","count":337,"tested":5793},{"age_group":"40-49   ","count":331,"tested":4990},{"age_group":"50-59   ","count":265,"tested":5069},{"age_group":"60-69   ","count":179,"tested":3857},{"age_group":"70-79   ","count":105,"tested":3161},{"age_group":"80+","count":109,"tested":10570}],"race":[{"description":"AI/AN**","count":8,"tested":143,"color":"rgb(31,119,180)"},{"description":"Asian","count":250,"tested":5867,"color":"rgb(140,86,75)"},{"description":"Black","count":90,"tested":1205,"color":"rgb(255,127,14)"},{"description":"Hispanic","count":270,"tested":2400,"color":"rgb(214,39,40)"},{"description":"Left Blank","count":569,"tested":24075,"color":"rgb(44,160,44)"},{"description":"Other","count":70,"tested":870,"color":"rgb(148,103,189)"},{"description":"White","count":683,"tested":12743,"color":"rgb(31,119,180)"}],"gender":[{"description":"Female","count":1032,"tested":28251,"color":"rgb(255,127,14)"},{"description":"Male","count":901,"tested":18488,"color":"rgb(31,119,180)"},{"description":"Unknown/Left Blank","count":8,"tested":619,"color":"rgb(44,160,44)"}]}
