{"age":[{"age_group":"<20","count":292,"tested":10042},{"age_group":"20-29   ","count":182,"tested":4751},{"age_group":"30-39   ","count":203,"tested":6000},{"age_group":"40-49   ","count":212,"tested":6071},{"age_group":"50-59   ","count":166,"tested":5128},{"age_group":"60-69   ","count":105,"tested":3158},{"age_group":"70-79   ","count":55,"tested":1653},{"age_group":"80+","count":16,"tested":524}],"race":[{"description":"Asian","count":30,"tested":1274,"color":"rgb(140,86,75)"},{"description":"Black","count":260,"tested":4302,"color":"rgb(255,127,14)"},{"description":"Hispanic","count":111,"tested":1966,"color":"rgb(214,39,40)"},{"description":"Left Blank","count":220,"tested":11481,"color":"rgb(44,160,44)"},{"description":"Other","count":55,"tested":1626,"color":"rgb(148,103,189)"},{"description":"White","count":551,"tested":16507,"color":"rgb(31,119,180)"}],"gender":[{"description":"Female","count":600,"tested":19812,"color":"rgb(255,127,14)"},{"description":"Male","count":622,"tested":16710,"color":"rgb(31,119,180)"}]}
