{"age":[{"age_group":"<20","count":777,"tested":11788},{"age_group":"20-29   ","count":1004,"tested":17674},{"age_group":"30-39   ","count":996,"tested":17324},{"age_group":"40-49   ","count":924,"tested":17159},{"age_group":"50-59   ","count":908,"tested":19934},{"age_group":"60-69   ","count":661,"tested":17597},{"age_group":"70-79   ","count":317,"tested":7294},{"age_group":"80+","count":212,"tested":4088}],"race":[{"description":"AI/AN**","count":8,"tested":397,"color":"rgb(31,119,180)"},{"description":"Asian","count":18,"tested":278,"color":"rgb(140,86,75)"},{"description":"Black","count":4247,"tested":65306,"color":"rgb(255,127,14)"},{"description":"Hispanic","count":104,"tested":1214,"color":"rgb(214,39,40)"},{"description":"Left Blank","count":1230,"tested":41734,"color":"rgb(44,160,44)"},{"description":"Other","count":122,"tested":1887,"color":"rgb(148,103,189)"},{"description":"White","count":66,"tested":1871,"color":"rgb(31,119,180)"}],"gender":[{"description":"Female","count":3419,"tested":64735,"color":"rgb(255,127,14)"},{"description":"Male","count":2360,"tested":46321,"color":"rgb(31,119,180)"},{"description":"Unknown/Left Blank","count":20,"tested":1838,"color":"rgb(44,160,44)"}]}
