{"age":[{"age_group":"<20","count":10,"tested":116},{"age_group":"20-29   ","count":12,"tested":143},{"age_group":"30-39   ","count":20,"tested":219},{"age_group":"40-49   ","count":12,"tested":89},{"age_group":"50-59   ","count":27,"tested":197},{"age_group":"60-69   ","count":11,"tested":182},{"age_group":"70-79   ","count":7,"tested":89}],"race":[{"description":"Left Blank","count":10,"tested":231,"color":"rgb(44,160,44)"},{"description":"White","count":88,"tested":842,"color":"rgb(31,119,180)"}],"gender":[{"description":"Female","count":52,"tested":688,"color":"rgb(255,127,14)"},{"description":"Male","count":49,"tested":425,"color":"rgb(31,119,180)"}]}
