{"age":[{"age_group":"<20","count":747,"tested":9107},{"age_group":"20-29   ","count":862,"tested":11522},{"age_group":"30-39   ","count":704,"tested":9798},{"age_group":"40-49   ","count":711,"tested":9629},{"age_group":"50-59   ","count":714,"tested":9558},{"age_group":"60-69   ","count":542,"tested":8866},{"age_group":"70-79   ","count":302,"tested":6854},{"age_group":"80+","count":205,"tested":5925}],"race":[{"description":"Asian","count":94,"tested":2021,"color":"rgb(140,86,75)"},{"description":"Black","count":153,"tested":3777,"color":"rgb(255,127,14)"},{"description":"Hispanic","count":261,"tested":2530,"color":"rgb(214,39,40)"},{"description":"Left Blank","count":1707,"tested":33095,"color":"rgb(44,160,44)"},{"description":"Other","count":213,"tested":2487,"color":"rgb(148,103,189)"},{"description":"White","count":2353,"tested":27190,"color":"rgb(31,119,180)"}],"gender":[{"description":"Female","count":2534,"tested":41999,"color":"rgb(255,127,14)"},{"description":"Male","count":2227,"tested":28369,"color":"rgb(31,119,180)"},{"description":"Unknown/Left Blank","count":29,"tested":906,"color":"rgb(44,160,44)"}]}
