{"age":[{"age_group":"<20","count":458,"tested":5933},{"age_group":"20-29   ","count":353,"tested":4484},{"age_group":"30-39   ","count":399,"tested":4035},{"age_group":"40-49   ","count":419,"tested":4537},{"age_group":"50-59   ","count":429,"tested":4974},{"age_group":"60-69   ","count":261,"tested":3820},{"age_group":"70-79   ","count":137,"tested":1882},{"age_group":"80+","count":39,"tested":855}],"race":[{"description":"Asian","count":17,"tested":389,"color":"rgb(140,86,75)"},{"description":"Black","count":42,"tested":402,"color":"rgb(255,127,14)"},{"description":"Hispanic","count":151,"tested":1283,"color":"rgb(214,39,40)"},{"description":"Left Blank","count":1123,"tested":12858,"color":"rgb(44,160,44)"},{"description":"Other","count":157,"tested":1479,"color":"rgb(148,103,189)"},{"description":"White","count":1000,"tested":14043,"color":"rgb(31,119,180)"}],"gender":[{"description":"Female","count":1293,"tested":16889,"color":"rgb(255,127,14)"},{"description":"Male","count":1187,"tested":13409,"color":"rgb(31,119,180)"},{"description":"Unknown/Left Blank","count":15,"tested":227,"color":"rgb(44,160,44)"}]}
