{"age":[{"age_group":"<20","count":529,"tested":7553},{"age_group":"20-29   ","count":176,"tested":2620},{"age_group":"30-39   ","count":163,"tested":2279},{"age_group":"40-49   ","count":224,"tested":2828},{"age_group":"50-59   ","count":257,"tested":3450},{"age_group":"60-69   ","count":102,"tested":2777},{"age_group":"70-79   ","count":49,"tested":1413},{"age_group":"80+","count":20,"tested":751}],"race":[{"description":"Hispanic","count":37,"tested":466,"color":"rgb(214,39,40)"},{"description":"Left Blank","count":609,"tested":9891,"color":"rgb(44,160,44)"},{"description":"Other","count":44,"tested":783,"color":"rgb(148,103,189)"},{"description":"White","count":817,"tested":12148,"color":"rgb(31,119,180)"}],"gender":[{"description":"Female","count":701,"tested":12151,"color":"rgb(255,127,14)"},{"description":"Male","count":785,"tested":11166,"color":"rgb(31,119,180)"}]}
