{"age":[{"age_group":"<20","count":262,"tested":3143},{"age_group":"20-29   ","count":276,"tested":2866},{"age_group":"30-39   ","count":249,"tested":2726},{"age_group":"40-49   ","count":220,"tested":2328},{"age_group":"50-59   ","count":261,"tested":2737},{"age_group":"60-69   ","count":176,"tested":2382},{"age_group":"70-79   ","count":99,"tested":1695},{"age_group":"80+","count":65,"tested":1522}],"race":[{"description":"Asian","count":8,"tested":78,"color":"rgb(140,86,75)"},{"description":"Black","count":9,"tested":138,"color":"rgb(255,127,14)"},{"description":"Hispanic","count":198,"tested":1517,"color":"rgb(214,39,40)"},{"description":"Left Blank","count":299,"tested":6457,"color":"rgb(44,160,44)"},{"description":"Other","count":29,"tested":511,"color":"rgb(148,103,189)"},{"description":"White","count":1063,"tested":10665,"color":"rgb(31,119,180)"}],"gender":[{"description":"Female","count":839,"tested":11320,"color":"rgb(255,127,14)"},{"description":"Male","count":764,"tested":7606,"color":"rgb(31,119,180)"}]}
