{"age":[{"age_group":"<20","count":10,"tested":157},{"age_group":"20-29   ","count":14,"tested":256},{"age_group":"30-39   ","count":11,"tested":280},{"age_group":"40-49   ","count":12,"tested":119},{"age_group":"50-59   ","count":24,"tested":265},{"age_group":"60-69   ","count":12,"tested":273}],"race":[{"description":"Left Blank","count":14,"tested":355,"color":"rgb(44,160,44)"},{"description":"White","count":68,"tested":1137,"color":"rgb(31,119,180)"}],"gender":[{"description":"Female","count":40,"tested":1030,"color":"rgb(255,127,14)"},{"description":"Male","count":49,"tested":504,"color":"rgb(31,119,180)"}]}
