{"age":[{"age_group":"<20","count":10,"tested":351},{"age_group":"20-29   ","count":12,"tested":201},{"age_group":"30-39   ","count":15,"tested":295},{"age_group":"40-49   ","count":8,"tested":217},{"age_group":"50-59   ","count":19,"tested":370},{"age_group":"60-69   ","count":15,"tested":198},{"age_group":"70-79   ","count":8,"tested":74}],"race":[{"description":"Left Blank","count":6,"tested":597,"color":"rgb(44,160,44)"},{"description":"White","count":84,"tested":1088,"color":"rgb(31,119,180)"}],"gender":[{"description":"Female","count":48,"tested":1186,"color":"rgb(255,127,14)"},{"description":"Male","count":43,"tested":502,"color":"rgb(31,119,180)"}]}
