{"age":[{"age_group":"<20","count":19,"tested":363},{"age_group":"20-29   ","count":19,"tested":363},{"age_group":"30-39   ","count":22,"tested":366},{"age_group":"40-49   ","count":10,"tested":197},{"age_group":"50-59   ","count":15,"tested":298},{"age_group":"60-69   ","count":21,"tested":422},{"age_group":"70-79   ","count":15,"tested":282},{"age_group":"80+","count":29,"tested":405}],"race":[{"description":"Left Blank","count":41,"tested":1223,"color":"rgb(44,160,44)"},{"description":"White","count":102,"tested":1421,"color":"rgb(31,119,180)"}],"gender":[{"description":"Female","count":87,"tested":1716,"color":"rgb(255,127,14)"},{"description":"Male","count":63,"tested":1019,"color":"rgb(31,119,180)"}]}
