{"age":[{"age_group":"<20","count":203,"tested":8279},{"age_group":"20-29   ","count":95,"tested":2291},{"age_group":"30-39   ","count":38,"tested":1719},{"age_group":"40-49   ","count":90,"tested":2316},{"age_group":"50-59   ","count":95,"tested":2770},{"age_group":"60-69   ","count":38,"tested":1907},{"age_group":"70-79   ","count":20,"tested":992},{"age_group":"80+","count":8,"tested":432}],"race":[{"description":"Asian","count":12,"tested":587,"color":"rgb(140,86,75)"},{"description":"Hispanic","count":20,"tested":467,"color":"rgb(214,39,40)"},{"description":"Left Blank","count":133,"tested":5785,"color":"rgb(44,160,44)"},{"description":"Other","count":77,"tested":1848,"color":"rgb(148,103,189)"},{"description":"White","count":342,"tested":11908,"color":"rgb(31,119,180)"}],"gender":[{"description":"Female","count":265,"tested":10272,"color":"rgb(255,127,14)"},{"description":"Male","count":321,"tested":10351,"color":"rgb(31,119,180)"}]}
