{"age":[{"age_group":"<20","count":1661,"tested":18392},{"age_group":"20-29   ","count":1713,"tested":22623},{"age_group":"30-39   ","count":1499,"tested":20589},{"age_group":"40-49   ","count":1445,"tested":19027},{"age_group":"50-59   ","count":1292,"tested":18445},{"age_group":"60-69   ","count":936,"tested":15660},{"age_group":"70-79   ","count":469,"tested":9162},{"age_group":"80+","count":269,"tested":5573}],"race":[{"description":"AI/AN**","count":18,"tested":378,"color":"rgb(31,119,180)"},{"description":"Asian","count":22,"tested":391,"color":"rgb(140,86,75)"},{"description":"Black","count":2984,"tested":46010,"color":"rgb(255,127,14)"},{"description":"Hispanic","count":3003,"tested":24974,"color":"rgb(214,39,40)"},{"description":"Left Blank","count":2278,"tested":44612,"color":"rgb(44,160,44)"},{"description":"Other","count":199,"tested":3338,"color":"rgb(148,103,189)"},{"description":"White","count":778,"tested":9730,"color":"rgb(31,119,180)"}],"gender":[{"description":"Female","count":5049,"tested":73720,"color":"rgb(255,127,14)"},{"description":"Male","count":4204,"tested":54175,"color":"rgb(31,119,180)"},{"description":"Unknown/Left Blank","count":31,"tested":1632,"color":"rgb(44,160,44)"}]}
