{"lastUpdatedDate":{"year":2021,"month":1,"day":9},"county_demographics":[{"County":"Pulaski","confirmed_cases":585,"total_tested":4063,"demographics":{"age":[{"race":[],"age_group":"70-79   ","count":30,"tested":184,"deaths":0},{"race":[],"age_group":"<20","count":70,"tested":410,"deaths":0},{"race":[],"age_group":"50-59   ","count":67,"tested":637,"deaths":0},{"race":[],"age_group":"80+","count":15,"tested":88,"deaths":0},{"race":[],"age_group":"20-29   ","count":105,"tested":705,"deaths":0},{"race":[],"age_group":"60-69   ","count":72,"tested":511,"deaths":0},{"race":[],"age_group":"30-39   ","count":94,"tested":796,"deaths":0},{"race":[],"age_group":"40-49   ","count":110,"tested":732,"deaths":0}],"race":[{"description":"Black","count":78,"tested":726,"deaths":0,"color":"rgb(255,127,14)"},{"description":"Hispanic","count":94,"tested":410,"deaths":0,"color":"rgb(214,39,40)"},{"description":"White","count":263,"tested":1571,"deaths":0,"color":"rgb(31,119,180)"},{"description":"NH/PI*","count":0,"tested":0,"deaths":0,"color":"rgb(127,127,127)"},{"description":"Left Blank","count":145,"tested":1304,"deaths":0,"color":"rgb(44,160,44)"},{"description":"Other","count":0,"tested":45,"deaths":0,"color":"rgb(148,103,189)"},{"description":"Asian","count":0,"tested":7,"deaths":0,"color":"rgb(140,86,75)"}],"gender":[{"description":"Female","count":262,"tested":1979,"deaths":0,"color":"rgb(255,127,14)"},{"description":"Male","count":293,"tested":1799,"deaths":0,"color":"rgb(31,119,180)"},{"description":"Unknown/Left Blank","count":30,"tested":285,"deaths":0,"color":"rgb(44,160,44)"}]}}]}
