{"lastUpdatedDate":{"year":2021,"month":1,"day":9},"county_demographics":[{"County":"Clark","confirmed_cases":1374,"total_tested":10192,"demographics":{"age":[{"race":[],"age_group":"30-39   ","count":204,"tested":1370,"deaths":0},{"race":[],"age_group":"20-29   ","count":201,"tested":1184,"deaths":0},{"race":[],"age_group":"50-59   ","count":195,"tested":1364,"deaths":0},{"race":[],"age_group":"<20","count":232,"tested":1555,"deaths":0},{"race":[],"age_group":"40-49   ","count":167,"tested":1264,"deaths":0},{"race":[],"age_group":"Unknown","count":0,"tested":13,"deaths":0},{"race":[],"age_group":"60-69   ","count":149,"tested":1312,"deaths":0},{"race":[],"age_group":"80+","count":135,"tested":1254,"deaths":0},{"race":[],"age_group":"70-79   ","count":91,"tested":876,"deaths":0}],"race":[{"description":"AI/AN**","count":0,"tested":0,"deaths":0,"color":"rgb(31,119,180)"},{"description":"Other","count":8,"tested":234,"deaths":0,"color":"rgb(148,103,189)"},{"description":"Asian","count":0,"tested":9,"deaths":0,"color":"rgb(140,86,75)"},{"description":"Black","count":0,"tested":14,"deaths":0,"color":"rgb(255,127,14)"},{"description":"Left Blank","count":300,"tested":4476,"deaths":0,"color":"rgb(44,160,44)"},{"description":"Hispanic","count":9,"tested":33,"deaths":0,"color":"rgb(214,39,40)"},{"description":"White","count":1049,"tested":5422,"deaths":0,"color":"rgb(31,119,180)"}],"gender":[{"description":"Female","count":641,"tested":6489,"deaths":0,"color":"rgb(255,127,14)"},{"description":"Male","count":431,"tested":3300,"deaths":0,"color":"rgb(31,119,180)"},{"description":"Unknown/Left Blank","count":302,"tested":403,"deaths":0,"color":"rgb(44,160,44)"}]}}]}
