{"age":[{"age_group":"<20","count":42,"tested":704},{"age_group":"20-29   ","count":95,"tested":1211},{"age_group":"30-39   ","count":103,"tested":1566},{"age_group":"40-49   ","count":62,"tested":1062},{"age_group":"50-59   ","count":39,"tested":610},{"age_group":"60-69   ","count":19,"tested":558},{"age_group":"70-79   ","count":10,"tested":273}],"race":[{"description":"Asian","count":53,"tested":937,"color":"rgb(140,86,75)"},{"description":"Black","count":16,"tested":201,"color":"rgb(255,127,14)"},{"description":"Hispanic","count":37,"tested":304,"color":"rgb(214,39,40)"},{"description":"Left Blank","count":113,"tested":2904,"color":"rgb(44,160,44)"},{"description":"Other","count":17,"tested":159,"color":"rgb(148,103,189)"},{"description":"White","count":137,"tested":1551,"color":"rgb(31,119,180)"}],"gender":[{"description":"Female","count":182,"tested":3206,"color":"rgb(255,127,14)"},{"description":"Male","count":189,"tested":2836,"color":"rgb(31,119,180)"}]}
