{"age":[{"age_group":"<20","count":1412,"tested":15548},{"age_group":"20-29   ","count":1917,"tested":23587},{"age_group":"30-39   ","count":1839,"tested":26218},{"age_group":"40-49   ","count":1661,"tested":21778},{"age_group":"50-59   ","count":1318,"tested":19299},{"age_group":"60-69   ","count":884,"tested":15500},{"age_group":"70-79   ","count":381,"tested":6919},{"age_group":"80+","count":175,"tested":3354}],"race":[{"description":"AI/AN**","count":11,"tested":154,"color":"rgb(31,119,180)"},{"description":"Asian","count":244,"tested":3793,"color":"rgb(140,86,75)"},{"description":"Black","count":167,"tested":2685,"color":"rgb(255,127,14)"},{"description":"Hispanic","count":5115,"tested":37226,"color":"rgb(214,39,40)"},{"description":"Left Blank","count":1787,"tested":54417,"color":"rgb(44,160,44)"},{"description":"Other","count":468,"tested":6437,"color":"rgb(148,103,189)"},{"description":"White","count":1792,"tested":27391,"color":"rgb(31,119,180)"}],"gender":[{"description":"Female","count":4773,"tested":69777,"color":"rgb(255,127,14)"},{"description":"Male","count":4728,"tested":59913,"color":"rgb(31,119,180)"},{"description":"Unknown/Left Blank","count":86,"tested":2553,"color":"rgb(44,160,44)"}]}
