{"age":[{"age_group":"<20","count":1215,"tested":18157},{"age_group":"20-29   ","count":2459,"tested":52721},{"age_group":"30-39   ","count":2272,"tested":58163},{"age_group":"40-49   ","count":1344,"tested":22802},{"age_group":"50-59   ","count":1075,"tested":15411},{"age_group":"60-69   ","count":695,"tested":10036},{"age_group":"70-79   ","count":354,"tested":5388},{"age_group":"80+","count":181,"tested":2494}],"race":[{"description":"AI/AN**","count":11,"tested":249,"color":"rgb(31,119,180)"},{"description":"Asian","count":135,"tested":4213,"color":"rgb(140,86,75)"},{"description":"Black","count":343,"tested":5876,"color":"rgb(255,127,14)"},{"description":"Hispanic","count":4047,"tested":31404,"color":"rgb(214,39,40)"},{"description":"Left Blank","count":2394,"tested":75065,"color":"rgb(44,160,44)"},{"description":"NH/PI*","count":6,"tested":153,"color":"rgb(127,127,127)"},{"description":"Other","count":414,"tested":9199,"color":"rgb(148,103,189)"},{"description":"White","count":2245,"tested":59054,"color":"rgb(31,119,180)"}],"gender":[{"description":"Female","count":4758,"tested":98616,"color":"rgb(255,127,14)"},{"description":"Male","count":4674,"tested":81005,"color":"rgb(31,119,180)"},{"description":"Unknown/Left Blank","count":163,"tested":5592,"color":"rgb(44,160,44)"}]}
