{"age":[{"age_group":"<20","count":725,"tested":9298},{"age_group":"20-29   ","count":574,"tested":7781},{"age_group":"30-39   ","count":495,"tested":6127},{"age_group":"40-49   ","count":508,"tested":6459},{"age_group":"50-59   ","count":600,"tested":7634},{"age_group":"60-69   ","count":293,"tested":5089},{"age_group":"70-79   ","count":122,"tested":2623},{"age_group":"80+","count":87,"tested":3243}],"race":[{"description":"Asian","count":71,"tested":1424,"color":"rgb(140,86,75)"},{"description":"Black","count":71,"tested":1590,"color":"rgb(255,127,14)"},{"description":"Hispanic","count":380,"tested":3264,"color":"rgb(214,39,40)"},{"description":"Left Blank","count":1011,"tested":15007,"color":"rgb(44,160,44)"},{"description":"NH/PI*","count":7,"tested":136,"color":"rgb(127,127,127)"},{"description":"Other","count":210,"tested":1998,"color":"rgb(148,103,189)"},{"description":"White","count":1649,"tested":24674,"color":"rgb(31,119,180)"}],"gender":[{"description":"Female","count":1688,"tested":27031,"color":"rgb(255,127,14)"},{"description":"Male","count":1708,"tested":20796,"color":"rgb(31,119,180)"},{"description":"Unknown/Left Blank","count":8,"tested":447,"color":"rgb(44,160,44)"}]}
