{"age":[{"age_group":"<20","count":490,"tested":5445},{"age_group":"20-29   ","count":546,"tested":5842},{"age_group":"30-39   ","count":440,"tested":4856},{"age_group":"40-49   ","count":448,"tested":4690},{"age_group":"50-59   ","count":458,"tested":5221},{"age_group":"60-69   ","count":288,"tested":3625},{"age_group":"70-79   ","count":183,"tested":2278},{"age_group":"80+","count":71,"tested":1580}],"race":[{"description":"Asian","count":49,"tested":401,"color":"rgb(140,86,75)"},{"description":"Black","count":122,"tested":825,"color":"rgb(255,127,14)"},{"description":"Hispanic","count":237,"tested":1400,"color":"rgb(214,39,40)"},{"description":"Left Blank","count":266,"tested":11955,"color":"rgb(44,160,44)"},{"description":"Other","count":42,"tested":459,"color":"rgb(148,103,189)"},{"description":"White","count":2204,"tested":18464,"color":"rgb(31,119,180)"}],"gender":[{"description":"Female","count":1558,"tested":19853,"color":"rgb(255,127,14)"},{"description":"Male","count":1363,"tested":13408,"color":"rgb(31,119,180)"}]}
