{"age":[{"age_group":"<20","count":591,"tested":4208},{"age_group":"20-29   ","count":730,"tested":7056},{"age_group":"30-39   ","count":640,"tested":5432},{"age_group":"40-49   ","count":526,"tested":5472},{"age_group":"50-59   ","count":505,"tested":5643},{"age_group":"60-69   ","count":368,"tested":5083},{"age_group":"70-79   ","count":181,"tested":3585},{"age_group":"80+","count":104,"tested":2848}],"race":[{"description":"Asian","count":74,"tested":791,"color":"rgb(140,86,75)"},{"description":"Black","count":88,"tested":1157,"color":"rgb(255,127,14)"},{"description":"Hispanic","count":1195,"tested":7030,"color":"rgb(214,39,40)"},{"description":"Left Blank","count":1006,"tested":17628,"color":"rgb(44,160,44)"},{"description":"Other","count":172,"tested":1621,"color":"rgb(148,103,189)"},{"description":"White","count":1104,"tested":11013,"color":"rgb(31,119,180)"}],"gender":[{"description":"Female","count":1914,"tested":22606,"color":"rgb(255,127,14)"},{"description":"Male","count":1725,"tested":16285,"color":"rgb(31,119,180)"}]}
