{"age":[{"age_group":"<20","count":120,"tested":1135},{"age_group":"20-29   ","count":101,"tested":1237},{"age_group":"30-39   ","count":99,"tested":1241},{"age_group":"40-49   ","count":90,"tested":1046},{"age_group":"50-59   ","count":57,"tested":765},{"age_group":"60-69   ","count":28,"tested":487},{"age_group":"70-79   ","count":9,"tested":203}],"race":[{"description":"Black","count":40,"tested":339,"color":"rgb(255,127,14)"},{"description":"Hispanic","count":104,"tested":586,"color":"rgb(214,39,40)"},{"description":"Left Blank","count":115,"tested":2353,"color":"rgb(44,160,44)"},{"description":"Other","count":7,"tested":157,"color":"rgb(148,103,189)"},{"description":"White","count":238,"tested":2654,"color":"rgb(31,119,180)"}],"gender":[{"description":"Female","count":268,"tested":3574,"color":"rgb(255,127,14)"},{"description":"Male","count":239,"tested":2509,"color":"rgb(31,119,180)"}]}
