{"age":[{"age_group":"<20","count":341,"tested":6132},{"age_group":"20-29   ","count":265,"tested":3581},{"age_group":"30-39   ","count":261,"tested":3675},{"age_group":"40-49   ","count":323,"tested":4202},{"age_group":"50-59   ","count":209,"tested":3310},{"age_group":"60-69   ","count":76,"tested":1451},{"age_group":"70-79   ","count":20,"tested":668},{"age_group":"80+","count":10,"tested":208}],"race":[{"description":"Asian","count":85,"tested":2093,"color":"rgb(140,86,75)"},{"description":"Black","count":143,"tested":1615,"color":"rgb(255,127,14)"},{"description":"Hispanic","count":184,"tested":1742,"color":"rgb(214,39,40)"},{"description":"Left Blank","count":499,"tested":9787,"color":"rgb(44,160,44)"},{"description":"Other","count":67,"tested":941,"color":"rgb(148,103,189)"},{"description":"White","count":522,"tested":6963,"color":"rgb(31,119,180)"}],"gender":[{"description":"Female","count":766,"tested":12536,"color":"rgb(255,127,14)"},{"description":"Male","count":734,"tested":9926,"color":"rgb(31,119,180)"}]}
