{"age":[{"age_group":"<20","count":669,"tested":7513},{"age_group":"20-29   ","count":792,"tested":9827},{"age_group":"30-39   ","count":744,"tested":9125},{"age_group":"40-49   ","count":592,"tested":6557},{"age_group":"50-59   ","count":569,"tested":8124},{"age_group":"60-69   ","count":384,"tested":6378},{"age_group":"70-79   ","count":129,"tested":2854},{"age_group":"80+","count":100,"tested":1638}],"race":[{"description":"Asian","count":152,"tested":2972,"color":"rgb(140,86,75)"},{"description":"Black","count":123,"tested":1551,"color":"rgb(255,127,14)"},{"description":"Hispanic","count":1298,"tested":8354,"color":"rgb(214,39,40)"},{"description":"Left Blank","count":877,"tested":18757,"color":"rgb(44,160,44)"},{"description":"Other","count":163,"tested":1346,"color":"rgb(148,103,189)"},{"description":"White","count":1361,"tested":18880,"color":"rgb(31,119,180)"}],"gender":[{"description":"Female","count":2030,"tested":28847,"color":"rgb(255,127,14)"},{"description":"Male","count":1929,"tested":22471,"color":"rgb(31,119,180)"},{"description":"Unknown/Left Blank","count":21,"tested":703,"color":"rgb(44,160,44)"}]}
