{"age":[{"age_group":"20-29   ","count":9,"tested":110},{"age_group":"30-39   ","count":14,"tested":97},{"age_group":"40-49   ","count":11,"tested":185},{"age_group":"50-59   ","count":12,"tested":110},{"age_group":"60-69   ","count":7,"tested":151}],"race":[{"description":"Left Blank","count":9,"tested":270,"color":"rgb(44,160,44)"},{"description":"White","count":55,"tested":574,"color":"rgb(31,119,180)"}],"gender":[{"description":"Female","count":32,"tested":517,"color":"rgb(255,127,14)"},{"description":"Male","count":37,"tested":341,"color":"rgb(31,119,180)"}]}
