{"age":[{"age_group":"<20","count":14,"tested":264},{"age_group":"20-29   ","count":18,"tested":345},{"age_group":"30-39   ","count":22,"tested":315},{"age_group":"40-49   ","count":10,"tested":186},{"age_group":"50-59   ","count":15,"tested":254},{"age_group":"60-69   ","count":20,"tested":346},{"age_group":"70-79   ","count":15,"tested":233},{"age_group":"80+","count":29,"tested":341}],"race":[{"description":"Left Blank","count":41,"tested":1070,"color":"rgb(44,160,44)"},{"description":"White","count":96,"tested":1170,"color":"rgb(31,119,180)"}],"gender":[{"description":"Female","count":85,"tested":1465,"color":"rgb(255,127,14)"},{"description":"Male","count":58,"tested":849,"color":"rgb(31,119,180)"}]}
