{"age":[{"age_group":"<20","count":1042,"tested":17073},{"age_group":"20-29   ","count":1500,"tested":27314},{"age_group":"30-39   ","count":1584,"tested":31156},{"age_group":"40-49   ","count":1339,"tested":21040},{"age_group":"50-59   ","count":1032,"tested":18700},{"age_group":"60-69   ","count":720,"tested":15383},{"age_group":"70-79   ","count":347,"tested":8445},{"age_group":"80+","count":216,"tested":5988}],"race":[{"description":"AI/AN**","count":21,"tested":206,"color":"rgb(31,119,180)"},{"description":"Asian","count":682,"tested":9896,"color":"rgb(140,86,75)"},{"description":"Black","count":244,"tested":6428,"color":"rgb(255,127,14)"},{"description":"Hispanic","count":2686,"tested":19480,"color":"rgb(214,39,40)"},{"description":"Left Blank","count":1734,"tested":60447,"color":"rgb(44,160,44)"},{"description":"NH/PI*","count":17,"tested":388,"color":"rgb(127,127,127)"},{"description":"Other","count":498,"tested":6943,"color":"rgb(148,103,189)"},{"description":"White","count":1898,"tested":41427,"color":"rgb(31,119,180)"}],"gender":[{"description":"Female","count":3823,"tested":76094,"color":"rgb(255,127,14)"},{"description":"Male","count":3850,"tested":64819,"color":"rgb(31,119,180)"},{"description":"Unknown/Left Blank","count":107,"tested":4302,"color":"rgb(44,160,44)"}]}
