{"age":[{"age_group":"<20","count":129,"tested":1277},{"age_group":"20-29   ","count":154,"tested":1740},{"age_group":"30-39   ","count":111,"tested":1430},{"age_group":"40-49   ","count":147,"tested":2046},{"age_group":"50-59   ","count":164,"tested":2253},{"age_group":"60-69   ","count":150,"tested":1723},{"age_group":"70-79   ","count":55,"tested":915},{"age_group":"80+","count":33,"tested":442}],"race":[{"description":"Asian","count":10,"tested":251,"color":"rgb(140,86,75)"},{"description":"Black","count":138,"tested":1786,"color":"rgb(255,127,14)"},{"description":"Hispanic","count":71,"tested":606,"color":"rgb(214,39,40)"},{"description":"Left Blank","count":248,"tested":3699,"color":"rgb(44,160,44)"},{"description":"Other","count":28,"tested":361,"color":"rgb(148,103,189)"},{"description":"White","count":446,"tested":5091,"color":"rgb(31,119,180)"}],"gender":[{"description":"Female","count":482,"tested":6955,"color":"rgb(255,127,14)"},{"description":"Male","count":458,"tested":4713,"color":"rgb(31,119,180)"}]}
