{"age":[{"age_group":"<20","count":569,"tested":7753},{"age_group":"20-29   ","count":593,"tested":8369},{"age_group":"30-39   ","count":647,"tested":8423},{"age_group":"40-49   ","count":545,"tested":7329},{"age_group":"50-59   ","count":492,"tested":7451},{"age_group":"60-69   ","count":328,"tested":6503},{"age_group":"70-79   ","count":120,"tested":3132},{"age_group":"80+","count":41,"tested":2026}],"race":[{"description":"AI/AN**","count":10,"tested":84,"color":"rgb(31,119,180)"},{"description":"Asian","count":216,"tested":3115,"color":"rgb(140,86,75)"},{"description":"Black","count":293,"tested":3317,"color":"rgb(255,127,14)"},{"description":"Hispanic","count":566,"tested":3199,"color":"rgb(214,39,40)"},{"description":"Left Blank","count":619,"tested":22408,"color":"rgb(44,160,44)"},{"description":"NH/PI*","count":7,"tested":51,"color":"rgb(127,127,127)"},{"description":"Other","count":117,"tested":1825,"color":"rgb(148,103,189)"},{"description":"White","count":1507,"tested":17005,"color":"rgb(31,119,180)"}],"gender":[{"description":"Female","count":1713,"tested":29271,"color":"rgb(255,127,14)"},{"description":"Male","count":1601,"tested":21149,"color":"rgb(31,119,180)"},{"description":"Unknown/Left Blank","count":21,"tested":584,"color":"rgb(44,160,44)"}]}
