{"age":[{"age_group":"40-49   ","count":13,"tested":283},{"age_group":"50-59   ","count":17,"tested":288},{"age_group":"60-69   ","count":11,"tested":300}],"race":[{"description":"Black","count":31,"tested":693,"color":"rgb(255,127,14)"},{"description":"Hispanic","count":6,"tested":54,"color":"rgb(214,39,40)"},{"description":"White","count":7,"tested":235,"color":"rgb(31,119,180)"}],"gender":[{"description":"Female","count":32,"tested":952,"color":"rgb(255,127,14)"},{"description":"Male","count":22,"tested":569,"color":"rgb(31,119,180)"}]}
