{"age":[{"age_group":"<20","count":892,"tested":9199},{"age_group":"20-29   ","count":873,"tested":11870},{"age_group":"30-39   ","count":795,"tested":9731},{"age_group":"40-49   ","count":787,"tested":7947},{"age_group":"50-59   ","count":751,"tested":10456},{"age_group":"60-69   ","count":548,"tested":8265},{"age_group":"70-79   ","count":225,"tested":3720},{"age_group":"80+","count":232,"tested":3906}],"race":[{"description":"AI/AN**","count":12,"tested":226,"color":"rgb(31,119,180)"},{"description":"Asian","count":549,"tested":6106,"color":"rgb(140,86,75)"},{"description":"Black","count":281,"tested":2450,"color":"rgb(255,127,14)"},{"description":"Hispanic","count":924,"tested":4153,"color":"rgb(214,39,40)"},{"description":"Left Blank","count":822,"tested":29444,"color":"rgb(44,160,44)"},{"description":"NH/PI*","count":10,"tested":46,"color":"rgb(127,127,127)"},{"description":"Other","count":168,"tested":1848,"color":"rgb(148,103,189)"},{"description":"White","count":2337,"tested":20835,"color":"rgb(31,119,180)"}],"gender":[{"description":"Female","count":2636,"tested":36058,"color":"rgb(255,127,14)"},{"description":"Male","count":2450,"tested":28287,"color":"rgb(31,119,180)"},{"description":"Unknown/Left Blank","count":17,"tested":763,"color":"rgb(44,160,44)"}]}
