{"age":[{"age_group":"<20","count":226,"tested":2203},{"age_group":"20-29   ","count":362,"tested":3412},{"age_group":"30-39   ","count":312,"tested":3030},{"age_group":"40-49   ","count":245,"tested":2483},{"age_group":"50-59   ","count":315,"tested":2970},{"age_group":"60-69   ","count":228,"tested":3008},{"age_group":"70-79   ","count":111,"tested":2084},{"age_group":"80+","count":91,"tested":3251}],"race":[{"description":"Asian","count":68,"tested":685,"color":"rgb(140,86,75)"},{"description":"Black","count":35,"tested":380,"color":"rgb(255,127,14)"},{"description":"Hispanic","count":479,"tested":2319,"color":"rgb(214,39,40)"},{"description":"Left Blank","count":325,"tested":12025,"color":"rgb(44,160,44)"},{"description":"Other","count":65,"tested":564,"color":"rgb(148,103,189)"},{"description":"White","count":912,"tested":6447,"color":"rgb(31,119,180)"}],"gender":[{"description":"Female","count":963,"tested":12921,"color":"rgb(255,127,14)"},{"description":"Male","count":920,"tested":9317,"color":"rgb(31,119,180)"}]}
