{"age":[{"age_group":"<20","count":23,"tested":229},{"age_group":"20-29   ","count":14,"tested":113},{"age_group":"30-39   ","count":14,"tested":155},{"age_group":"40-49   ","count":17,"tested":111},{"age_group":"50-59   ","count":13,"tested":284},{"age_group":"60-69   ","count":21,"tested":250},{"age_group":"70-79   ","count":7,"tested":144}],"race":[{"description":"Hispanic","count":9,"tested":39,"color":"rgb(214,39,40)"},{"description":"Left Blank","count":26,"tested":390,"color":"rgb(44,160,44)"},{"description":"White","count":75,"tested":846,"color":"rgb(31,119,180)"}],"gender":[{"description":"Female","count":63,"tested":816,"color":"rgb(255,127,14)"},{"description":"Male","count":50,"tested":509,"color":"rgb(31,119,180)"}]}
