{"age":[{"age_group":"<20","count":27,"tested":193},{"age_group":"20-29   ","count":20,"tested":209},{"age_group":"30-39   ","count":23,"tested":210},{"age_group":"40-49   ","count":21,"tested":124},{"age_group":"50-59   ","count":26,"tested":171},{"age_group":"60-69   ","count":17,"tested":164},{"age_group":"70-79   ","count":10,"tested":111}],"race":[{"description":"Hispanic","count":18,"tested":45,"color":"rgb(214,39,40)"},{"description":"Left Blank","count":10,"tested":536,"color":"rgb(44,160,44)"},{"description":"White","count":116,"tested":600,"color":"rgb(31,119,180)"}],"gender":[{"description":"Female","count":85,"tested":693,"color":"rgb(255,127,14)"},{"description":"Male","count":64,"tested":533,"color":"rgb(31,119,180)"}]}
