{"age":[{"age_group":"<20","count":632,"tested":19692},{"age_group":"20-29   ","count":2962,"tested":58977},{"age_group":"30-39   ","count":1276,"tested":38395},{"age_group":"40-49   ","count":578,"tested":18334},{"age_group":"50-59   ","count":430,"tested":16398},{"age_group":"60-69   ","count":269,"tested":13227},{"age_group":"70-79   ","count":207,"tested":9503},{"age_group":"80+","count":195,"tested":8051}],"race":[{"description":"AI/AN**","count":10,"tested":82,"color":"rgb(31,119,180)"},{"description":"Asian","count":153,"tested":5374,"color":"rgb(140,86,75)"},{"description":"Black","count":289,"tested":5687,"color":"rgb(255,127,14)"},{"description":"Hispanic","count":358,"tested":4917,"color":"rgb(214,39,40)"},{"description":"Left Blank","count":1808,"tested":87493,"color":"rgb(44,160,44)"},{"description":"Other","count":425,"tested":9201,"color":"rgb(148,103,189)"},{"description":"White","count":3502,"tested":69805,"color":"rgb(31,119,180)"}],"gender":[{"description":"Female","count":3190,"tested":101254,"color":"rgb(255,127,14)"},{"description":"Male","count":3052,"tested":78792,"color":"rgb(31,119,180)"},{"description":"Unknown/Left Blank","count":307,"tested":2586,"color":"rgb(44,160,44)"}]}
