{"age":[{"age_group":"<20","count":1532,"tested":14875},{"age_group":"20-29   ","count":1648,"tested":20432},{"age_group":"30-39   ","count":1418,"tested":18384},{"age_group":"40-49   ","count":1383,"tested":17089},{"age_group":"50-59   ","count":1248,"tested":16889},{"age_group":"60-69   ","count":896,"tested":14526},{"age_group":"70-79   ","count":440,"tested":8600},{"age_group":"80+","count":259,"tested":5200}],"race":[{"description":"AI/AN**","count":18,"tested":245,"color":"rgb(31,119,180)"},{"description":"Asian","count":21,"tested":301,"color":"rgb(140,86,75)"},{"description":"Black","count":2802,"tested":41462,"color":"rgb(255,127,14)"},{"description":"Hispanic","count":2898,"tested":22624,"color":"rgb(214,39,40)"},{"description":"Left Blank","count":2166,"tested":39897,"color":"rgb(44,160,44)"},{"description":"Other","count":184,"tested":2650,"color":"rgb(148,103,189)"},{"description":"White","count":733,"tested":8780,"color":"rgb(31,119,180)"}],"gender":[{"description":"Female","count":4790,"tested":66063,"color":"rgb(255,127,14)"},{"description":"Male","count":4006,"tested":48491,"color":"rgb(31,119,180)"},{"description":"Unknown/Left Blank","count":28,"tested":1493,"color":"rgb(44,160,44)"}]}
