{"age":[{"age_group":"<20","count":470,"tested":5228},{"age_group":"20-29   ","count":544,"tested":5667},{"age_group":"30-39   ","count":509,"tested":5795},{"age_group":"40-49   ","count":502,"tested":5816},{"age_group":"50-59   ","count":484,"tested":6050},{"age_group":"60-69   ","count":394,"tested":5519},{"age_group":"70-79   ","count":212,"tested":3255},{"age_group":"80+","count":238,"tested":6929}],"race":[{"description":"Asian","count":134,"tested":2565,"color":"rgb(140,86,75)"},{"description":"Black","count":32,"tested":306,"color":"rgb(255,127,14)"},{"description":"Hispanic","count":499,"tested":3862,"color":"rgb(214,39,40)"},{"description":"Left Blank","count":562,"tested":14235,"color":"rgb(44,160,44)"},{"description":"NH/PI*","count":8,"tested":179,"color":"rgb(127,127,127)"},{"description":"Other","count":123,"tested":1437,"color":"rgb(148,103,189)"},{"description":"White","count":1994,"tested":21652,"color":"rgb(31,119,180)"}],"gender":[{"description":"Female","count":1716,"tested":26409,"color":"rgb(255,127,14)"},{"description":"Male","count":1622,"tested":17368,"color":"rgb(31,119,180)"}]}
