{"age":[{"age_group":"<20","count":639,"tested":8056},{"age_group":"20-29   ","count":784,"tested":7549},{"age_group":"30-39   ","count":708,"tested":7462},{"age_group":"40-49   ","count":683,"tested":7114},{"age_group":"50-59   ","count":717,"tested":7577},{"age_group":"60-69   ","count":353,"tested":4808},{"age_group":"70-79   ","count":180,"tested":2747},{"age_group":"80+","count":67,"tested":1259}],"race":[{"description":"AI/AN**","count":10,"tested":73,"color":"rgb(31,119,180)"},{"description":"Asian","count":20,"tested":406,"color":"rgb(140,86,75)"},{"description":"Black","count":176,"tested":1698,"color":"rgb(255,127,14)"},{"description":"Hispanic","count":374,"tested":2588,"color":"rgb(214,39,40)"},{"description":"Left Blank","count":1223,"tested":17510,"color":"rgb(44,160,44)"},{"description":"Other","count":123,"tested":1672,"color":"rgb(148,103,189)"},{"description":"White","count":2204,"tested":22604,"color":"rgb(31,119,180)"}],"gender":[{"description":"Female","count":2042,"tested":25169,"color":"rgb(255,127,14)"},{"description":"Male","count":2058,"tested":20541,"color":"rgb(31,119,180)"},{"description":"Unknown/Left Blank","count":31,"tested":866,"color":"rgb(44,160,44)"}]}
