{"age":[{"age_group":"<20","count":15,"tested":400},{"age_group":"20-29   ","count":42,"tested":986},{"age_group":"30-39   ","count":17,"tested":626},{"age_group":"40-49   ","count":16,"tested":602},{"age_group":"50-59   ","count":14,"tested":619},{"age_group":"60-69   ","count":10,"tested":576},{"age_group":"70-79   ","count":9,"tested":301}],"race":[{"description":"Asian","count":9,"tested":340,"color":"rgb(140,86,75)"},{"description":"Black","count":16,"tested":428,"color":"rgb(255,127,14)"},{"description":"Hispanic","count":15,"tested":371,"color":"rgb(214,39,40)"},{"description":"Left Blank","count":30,"tested":1505,"color":"rgb(44,160,44)"},{"description":"Other","count":7,"tested":254,"color":"rgb(148,103,189)"},{"description":"White","count":45,"tested":1329,"color":"rgb(31,119,180)"}],"gender":[{"description":"Female","count":61,"tested":2136,"color":"rgb(255,127,14)"},{"description":"Male","count":61,"tested":2036,"color":"rgb(31,119,180)"}]}
