{"age":[{"age_group":"<20","count":342,"tested":2592},{"age_group":"20-29   ","count":375,"tested":3560},{"age_group":"30-39   ","count":356,"tested":2771},{"age_group":"40-49   ","count":278,"tested":2146},{"age_group":"50-59   ","count":282,"tested":2304},{"age_group":"60-69   ","count":201,"tested":1991},{"age_group":"70-79   ","count":108,"tested":835},{"age_group":"80+","count":55,"tested":1367}],"race":[{"description":"Black","count":15,"tested":357,"color":"rgb(255,127,14)"},{"description":"Hispanic","count":426,"tested":1508,"color":"rgb(214,39,40)"},{"description":"Left Blank","count":845,"tested":9308,"color":"rgb(44,160,44)"},{"description":"Other","count":33,"tested":265,"color":"rgb(148,103,189)"},{"description":"White","count":681,"tested":6061,"color":"rgb(31,119,180)"}],"gender":[{"description":"Female","count":1064,"tested":11077,"color":"rgb(255,127,14)"},{"description":"Male","count":934,"tested":6215,"color":"rgb(31,119,180)"}]}
