{"lastUpdatedDate":{"year":2021,"month":8,"day":20},"county_demographics":[{"County":"Marion","confirmed_cases":5514,"total_tested":114246,"demographics":{"age":[{"race":[],"age_group":"<20","count":785,"tested":8343,"deaths":0},{"race":[],"age_group":"20-29   ","count":785,"tested":20051,"deaths":0},{"race":[],"age_group":"30-39   ","count":804,"tested":23202,"deaths":0},{"race":[],"age_group":"40-49   ","count":773,"tested":20071,"deaths":0},{"race":[],"age_group":"50-59   ","count":814,"tested":16081,"deaths":0},{"race":[],"age_group":"60-69   ","count":717,"tested":11371,"deaths":0},{"race":[],"age_group":"70-79   ","count":451,"tested":6280,"deaths":0},{"race":[],"age_group":"80+","count":385,"tested":7923,"deaths":0},{"race":[],"age_group":"Unknown","count":0,"tested":924,"deaths":0}],"race":[{"description":"AI/AN**","count":9,"tested":61,"deaths":0,"color":"rgb(31,119,180)"},{"description":"Asian","count":6,"tested":146,"deaths":0,"color":"rgb(140,86,75)"},{"description":"Black","count":198,"tested":3054,"deaths":0,"color":"rgb(255,127,14)"},{"description":"Hispanic","count":54,"tested":404,"deaths":0,"color":"rgb(214,39,40)"},{"description":"Left Blank","count":995,"tested":68024,"deaths":0,"color":"rgb(44,160,44)"},{"description":"NH/PI*","count":0,"tested":18,"deaths":0,"color":"rgb(127,127,127)"},{"description":"Other","count":71,"tested":1111,"deaths":0,"color":"rgb(148,103,189)"},{"description":"White","count":4174,"tested":41428,"deaths":0,"color":"rgb(31,119,180)"}],"gender":[{"description":"Female","count":3099,"tested":49938,"deaths":0,"color":"rgb(255,127,14)"},{"description":"Male","count":2376,"tested":44498,"deaths":0,"color":"rgb(31,119,180)"},{"description":"Unknown/Left Blank","count":35,"tested":19810,"deaths":0,"color":"rgb(44,160,44)"}]}}]}
