{"lastUpdatedDate":{"year":2021,"month":8,"day":20},"county_demographics":[{"County":"Bond","confirmed_cases":2224,"total_tested":42159,"demographics":{"age":[{"race":[],"age_group":"<20","count":384,"tested":6813,"deaths":0},{"race":[],"age_group":"20-29   ","count":397,"tested":12056,"deaths":0},{"race":[],"age_group":"30-39   ","count":327,"tested":5852,"deaths":0},{"race":[],"age_group":"40-49   ","count":328,"tested":4960,"deaths":0},{"race":[],"age_group":"50-59   ","count":329,"tested":4264,"deaths":0},{"race":[],"age_group":"60-69   ","count":242,"tested":3709,"deaths":0},{"race":[],"age_group":"70-79   ","count":122,"tested":2275,"deaths":0},{"race":[],"age_group":"80+","count":95,"tested":2098,"deaths":0},{"race":[],"age_group":"Unknown","count":0,"tested":132,"deaths":0}],"race":[{"description":"AI/AN**","count":0,"tested":30,"deaths":0,"color":"rgb(31,119,180)"},{"description":"Asian","count":0,"tested":355,"deaths":0,"color":"rgb(140,86,75)"},{"description":"Black","count":54,"tested":1954,"deaths":0,"color":"rgb(255,127,14)"},{"description":"Hispanic","count":18,"tested":1242,"deaths":0,"color":"rgb(214,39,40)"},{"description":"Left Blank","count":1071,"tested":20907,"deaths":0,"color":"rgb(44,160,44)"},{"description":"NH/PI*","count":0,"tested":49,"deaths":0,"color":"rgb(127,127,127)"},{"description":"Other","count":30,"tested":283,"deaths":0,"color":"rgb(148,103,189)"},{"description":"White","count":1038,"tested":17339,"deaths":0,"color":"rgb(31,119,180)"}],"gender":[{"description":"Female","count":1063,"tested":19872,"deaths":0,"color":"rgb(255,127,14)"},{"description":"Male","count":1131,"tested":20204,"deaths":0,"color":"rgb(31,119,180)"},{"description":"Unknown/Left Blank","count":30,"tested":2083,"deaths":0,"color":"rgb(44,160,44)"}]}}]}
