{"lastUpdatedDate":{"year":2021,"month":8,"day":20},"county_demographics":[{"County":"Tazewell","confirmed_cases":18311,"total_tested":277147,"demographics":{"age":[{"race":[],"age_group":"<20","count":3472,"tested":45562,"deaths":0},{"race":[],"age_group":"20-29   ","count":2665,"tested":42787,"deaths":0},{"race":[],"age_group":"30-39   ","count":2723,"tested":40613,"deaths":0},{"race":[],"age_group":"40-49   ","count":2683,"tested":38738,"deaths":0},{"race":[],"age_group":"50-59   ","count":2595,"tested":37197,"deaths":0},{"race":[],"age_group":"60-69   ","count":2008,"tested":29016,"deaths":0},{"race":[],"age_group":"70-79   ","count":1205,"tested":19167,"deaths":0},{"race":[],"age_group":"80+","count":960,"tested":24039,"deaths":0},{"race":[],"age_group":"Unknown","count":0,"tested":28,"deaths":0}],"race":[{"description":"AI/AN**","count":25,"tested":154,"deaths":0,"color":"rgb(31,119,180)"},{"description":"Asian","count":121,"tested":807,"deaths":0,"color":"rgb(140,86,75)"},{"description":"Black","count":257,"tested":3072,"deaths":0,"color":"rgb(255,127,14)"},{"description":"Hispanic","count":319,"tested":1858,"deaths":0,"color":"rgb(214,39,40)"},{"description":"Left Blank","count":2318,"tested":120483,"deaths":0,"color":"rgb(44,160,44)"},{"description":"NH/PI*","count":0,"tested":91,"deaths":0,"color":"rgb(127,127,127)"},{"description":"Other","count":337,"tested":8042,"deaths":0,"color":"rgb(148,103,189)"},{"description":"White","count":14924,"tested":142640,"deaths":0,"color":"rgb(31,119,180)"}],"gender":[{"description":"Female","count":9758,"tested":162209,"deaths":0,"color":"rgb(255,127,14)"},{"description":"Male","count":8401,"tested":107696,"deaths":0,"color":"rgb(31,119,180)"},{"description":"Unknown/Left Blank","count":150,"tested":7242,"deaths":0,"color":"rgb(44,160,44)"}]}}]}
