{"lastUpdatedDate":{"year":2021,"month":8,"day":20},"county_demographics":[{"County":"Unassigned","confirmed_cases":89,"total_tested":164082,"demographics":{"age":[{"race":[],"age_group":"<20","count":11,"tested":17888,"deaths":0},{"race":[],"age_group":"20-29   ","count":15,"tested":27292,"deaths":0},{"race":[],"age_group":"30-39   ","count":20,"tested":25638,"deaths":0},{"race":[],"age_group":"40-49   ","count":7,"tested":24273,"deaths":0},{"race":[],"age_group":"50-59   ","count":7,"tested":24710,"deaths":0},{"race":[],"age_group":"60-69   ","count":0,"tested":20448,"deaths":0},{"race":[],"age_group":"70-79   ","count":0,"tested":11595,"deaths":0},{"race":[],"age_group":"80+","count":8,"tested":11499,"deaths":0},{"race":[],"age_group":"Unknown","count":0,"tested":739,"deaths":0}],"race":[{"description":"AI/AN**","count":0,"tested":144,"deaths":0,"color":"rgb(31,119,180)"},{"description":"Asian","count":0,"tested":3860,"deaths":0,"color":"rgb(140,86,75)"},{"description":"Black","count":0,"tested":13378,"deaths":0,"color":"rgb(255,127,14)"},{"description":"Hispanic","count":0,"tested":7229,"deaths":0,"color":"rgb(214,39,40)"},{"description":"Left Blank","count":56,"tested":96331,"deaths":0,"color":"rgb(44,160,44)"},{"description":"NH/PI*","count":0,"tested":67,"deaths":0,"color":"rgb(127,127,127)"},{"description":"Other","count":0,"tested":1874,"deaths":0,"color":"rgb(148,103,189)"},{"description":"White","count":28,"tested":41199,"deaths":0,"color":"rgb(31,119,180)"}],"gender":[{"description":"Female","count":33,"tested":87710,"deaths":0,"color":"rgb(255,127,14)"},{"description":"Male","count":48,"tested":68670,"deaths":0,"color":"rgb(31,119,180)"},{"description":"Unknown/Left Blank","count":0,"tested":7702,"deaths":0,"color":"rgb(44,160,44)"}]}}]}
