{"lastUpdatedDate":{"year":2021,"month":8,"day":20},"county_demographics":[{"County":"Jackson","confirmed_cases":6387,"total_tested":105363,"demographics":{"age":[{"race":[],"age_group":"<20","count":1364,"tested":15711,"deaths":0},{"race":[],"age_group":"20-29   ","count":1697,"tested":25647,"deaths":0},{"race":[],"age_group":"30-39   ","count":902,"tested":15958,"deaths":0},{"race":[],"age_group":"40-49   ","count":685,"tested":13159,"deaths":0},{"race":[],"age_group":"50-59   ","count":654,"tested":11883,"deaths":0},{"race":[],"age_group":"60-69   ","count":555,"tested":9637,"deaths":0},{"race":[],"age_group":"70-79   ","count":307,"tested":6811,"deaths":0},{"race":[],"age_group":"80+","count":223,"tested":6488,"deaths":0},{"race":[],"age_group":"Unknown","count":0,"tested":69,"deaths":0}],"race":[{"description":"AI/AN**","count":0,"tested":49,"deaths":0,"color":"rgb(31,119,180)"},{"description":"Asian","count":61,"tested":825,"deaths":0,"color":"rgb(140,86,75)"},{"description":"Black","count":1168,"tested":12650,"deaths":0,"color":"rgb(255,127,14)"},{"description":"Hispanic","count":387,"tested":2115,"deaths":0,"color":"rgb(214,39,40)"},{"description":"Left Blank","count":443,"tested":34365,"deaths":0,"color":"rgb(44,160,44)"},{"description":"NH/PI*","count":6,"tested":30,"deaths":0,"color":"rgb(127,127,127)"},{"description":"Other","count":92,"tested":1872,"deaths":0,"color":"rgb(148,103,189)"},{"description":"White","count":4219,"tested":53457,"deaths":0,"color":"rgb(31,119,180)"}],"gender":[{"description":"Female","count":3324,"tested":53779,"deaths":0,"color":"rgb(255,127,14)"},{"description":"Male","count":3052,"tested":42778,"deaths":0,"color":"rgb(31,119,180)"},{"description":"Unknown/Left Blank","count":10,"tested":8806,"deaths":0,"color":"rgb(44,160,44)"}]}}]}
