{"lastUpdatedDate":{"year":2021,"month":8,"day":20},"county_demographics":[{"County":"Henderson","confirmed_cases":565,"total_tested":8179,"demographics":{"age":[{"race":[],"age_group":"<20","count":62,"tested":1057,"deaths":0},{"race":[],"age_group":"20-29   ","count":60,"tested":881,"deaths":0},{"race":[],"age_group":"30-39   ","count":79,"tested":1247,"deaths":0},{"race":[],"age_group":"40-49   ","count":84,"tested":984,"deaths":0},{"race":[],"age_group":"50-59   ","count":95,"tested":1228,"deaths":0},{"race":[],"age_group":"60-69   ","count":88,"tested":1096,"deaths":0},{"race":[],"age_group":"70-79   ","count":35,"tested":864,"deaths":0},{"race":[],"age_group":"80+","count":44,"tested":821,"deaths":0},{"race":[],"age_group":"Unknown","count":0,"tested":0,"deaths":0}],"race":[{"description":"AI/AN**","count":0,"tested":0,"deaths":0,"color":"rgb(31,119,180)"},{"description":"Asian","count":0,"tested":0,"deaths":0,"color":"rgb(140,86,75)"},{"description":"Black","count":0,"tested":0,"deaths":0,"color":"rgb(255,127,14)"},{"description":"Hispanic","count":0,"tested":37,"deaths":0,"color":"rgb(214,39,40)"},{"description":"Left Blank","count":174,"tested":2277,"deaths":0,"color":"rgb(44,160,44)"},{"description":"Other","count":0,"tested":40,"deaths":0,"color":"rgb(148,103,189)"},{"description":"White","count":386,"tested":5816,"deaths":0,"color":"rgb(31,119,180)"}],"gender":[{"description":"Female","count":318,"tested":5541,"deaths":0,"color":"rgb(255,127,14)"},{"description":"Male","count":232,"tested":2427,"deaths":0,"color":"rgb(31,119,180)"},{"description":"Unknown/Left Blank","count":13,"tested":211,"deaths":0,"color":"rgb(44,160,44)"}]}}]}
