{"lastUpdatedDate":{"year":2021,"month":8,"day":20},"county_demographics":[{"County":"Clay","confirmed_cases":1828,"total_tested":19908,"demographics":{"age":[{"race":[],"age_group":"<20","count":296,"tested":3699,"deaths":0},{"race":[],"age_group":"20-29   ","count":238,"tested":2899,"deaths":0},{"race":[],"age_group":"30-39   ","count":254,"tested":2682,"deaths":0},{"race":[],"age_group":"40-49   ","count":268,"tested":2371,"deaths":0},{"race":[],"age_group":"50-59   ","count":267,"tested":2770,"deaths":0},{"race":[],"age_group":"60-69   ","count":228,"tested":2419,"deaths":0},{"race":[],"age_group":"70-79   ","count":180,"tested":1735,"deaths":0},{"race":[],"age_group":"80+","count":97,"tested":1328,"deaths":0},{"race":[],"age_group":"Unknown","count":0,"tested":0,"deaths":0}],"race":[{"description":"AI/AN**","count":0,"tested":30,"deaths":0,"color":"rgb(31,119,180)"},{"description":"Asian","count":0,"tested":49,"deaths":0,"color":"rgb(140,86,75)"},{"description":"Black","count":9,"tested":62,"deaths":0,"color":"rgb(255,127,14)"},{"description":"Hispanic","count":13,"tested":114,"deaths":0,"color":"rgb(214,39,40)"},{"description":"Left Blank","count":67,"tested":4074,"deaths":0,"color":"rgb(44,160,44)"},{"description":"NH/PI*","count":0,"tested":0,"deaths":0,"color":"rgb(127,127,127)"},{"description":"Other","count":8,"tested":280,"deaths":0,"color":"rgb(148,103,189)"},{"description":"White","count":1717,"tested":15297,"deaths":0,"color":"rgb(31,119,180)"}],"gender":[{"description":"Female","count":986,"tested":11355,"deaths":0,"color":"rgb(255,127,14)"},{"description":"Male","count":838,"tested":7801,"deaths":0,"color":"rgb(31,119,180)"},{"description":"Unknown/Left Blank","count":0,"tested":752,"deaths":0,"color":"rgb(44,160,44)"}]}}]}
