{"lastUpdatedDate":{"year":2021,"month":8,"day":20},"county_demographics":[{"County":"Effingham","confirmed_cases":5006,"total_tested":53032,"demographics":{"age":[{"race":[],"age_group":"<20","count":772,"tested":7007,"deaths":0},{"race":[],"age_group":"20-29   ","count":746,"tested":7109,"deaths":0},{"race":[],"age_group":"30-39   ","count":733,"tested":7019,"deaths":0},{"race":[],"age_group":"40-49   ","count":647,"tested":5760,"deaths":0},{"race":[],"age_group":"50-59   ","count":754,"tested":7007,"deaths":0},{"race":[],"age_group":"60-69   ","count":694,"tested":7479,"deaths":0},{"race":[],"age_group":"70-79   ","count":381,"tested":5637,"deaths":0},{"race":[],"age_group":"80+","count":279,"tested":5984,"deaths":0},{"race":[],"age_group":"Unknown","count":0,"tested":30,"deaths":0}],"race":[{"description":"AI/AN**","count":0,"tested":8,"deaths":0,"color":"rgb(31,119,180)"},{"description":"Asian","count":9,"tested":81,"deaths":0,"color":"rgb(140,86,75)"},{"description":"Black","count":8,"tested":211,"deaths":0,"color":"rgb(255,127,14)"},{"description":"Hispanic","count":50,"tested":249,"deaths":0,"color":"rgb(214,39,40)"},{"description":"Left Blank","count":2295,"tested":24027,"deaths":0,"color":"rgb(44,160,44)"},{"description":"NH/PI*","count":0,"tested":12,"deaths":0,"color":"rgb(127,127,127)"},{"description":"Other","count":115,"tested":2116,"deaths":0,"color":"rgb(148,103,189)"},{"description":"White","count":2519,"tested":26328,"deaths":0,"color":"rgb(31,119,180)"}],"gender":[{"description":"Female","count":2729,"tested":32413,"deaths":0,"color":"rgb(255,127,14)"},{"description":"Male","count":2176,"tested":19513,"deaths":0,"color":"rgb(31,119,180)"},{"description":"Unknown/Left Blank","count":101,"tested":1106,"deaths":0,"color":"rgb(44,160,44)"}]}}]}
