{"lastUpdatedDate":{"year":2021,"month":5,"day":27},"county_demographics":[{"County":"Champaign","confirmed_cases":20925,"total_tested":2459717,"demographics":{"age":[{"race":[],"age_group":"<20","count":5723,"tested":559019,"deaths":0},{"race":[],"age_group":"20-29   ","count":6166,"tested":1127202,"deaths":0},{"race":[],"age_group":"30-39   ","count":2607,"tested":242361,"deaths":0},{"race":[],"age_group":"40-49   ","count":2188,"tested":184849,"deaths":0},{"race":[],"age_group":"50-59   ","count":1808,"tested":175018,"deaths":0},{"race":[],"age_group":"60-69   ","count":1362,"tested":107882,"deaths":0},{"race":[],"age_group":"70-79   ","count":588,"tested":36631,"deaths":0},{"race":[],"age_group":"80+","count":481,"tested":26407,"deaths":0},{"race":[],"age_group":"Unknown","count":0,"tested":348,"deaths":0}],"race":[{"description":"AI/AN**","count":11,"tested":3294,"deaths":0,"color":"rgb(31,119,180)"},{"description":"Asian","count":1091,"tested":494480,"deaths":0,"color":"rgb(140,86,75)"},{"description":"Black","count":3536,"tested":186882,"deaths":0,"color":"rgb(255,127,14)"},{"description":"Hispanic","count":2384,"tested":203682,"deaths":0,"color":"rgb(214,39,40)"},{"description":"Left Blank","count":942,"tested":107912,"deaths":0,"color":"rgb(44,160,44)"},{"description":"NH/PI*","count":9,"tested":1590,"deaths":0,"color":"rgb(127,127,127)"},{"description":"Other","count":590,"tested":104873,"deaths":0,"color":"rgb(148,103,189)"},{"description":"White","count":12360,"tested":1357004,"deaths":0,"color":"rgb(31,119,180)"}],"gender":[{"description":"Female","count":10564,"tested":1192905,"deaths":0,"color":"rgb(255,127,14)"},{"description":"Male","count":10325,"tested":1260711,"deaths":0,"color":"rgb(31,119,180)"},{"description":"Unknown/Left Blank","count":36,"tested":6101,"deaths":0,"color":"rgb(44,160,44)"}]}}]}
