{"lastUpdatedDate":{"year":2021,"month":5,"day":27},"county_demographics":[{"County":"Menard","confirmed_cases":1241,"total_tested":21032,"demographics":{"age":[{"race":[],"age_group":"<20","count":195,"tested":3294,"deaths":0},{"race":[],"age_group":"20-29   ","count":180,"tested":2851,"deaths":0},{"race":[],"age_group":"30-39   ","count":160,"tested":3256,"deaths":0},{"race":[],"age_group":"40-49   ","count":178,"tested":2928,"deaths":0},{"race":[],"age_group":"50-59   ","count":216,"tested":2964,"deaths":0},{"race":[],"age_group":"60-69   ","count":129,"tested":2347,"deaths":0},{"race":[],"age_group":"70-79   ","count":91,"tested":1720,"deaths":0},{"race":[],"age_group":"80+","count":92,"tested":1671,"deaths":0},{"race":[],"age_group":"Unknown","count":0,"tested":0,"deaths":0}],"race":[{"description":"AI/AN**","count":0,"tested":21,"deaths":0,"color":"rgb(31,119,180)"},{"description":"Asian","count":0,"tested":18,"deaths":0,"color":"rgb(140,86,75)"},{"description":"Black","count":0,"tested":107,"deaths":0,"color":"rgb(255,127,14)"},{"description":"Hispanic","count":6,"tested":128,"deaths":0,"color":"rgb(214,39,40)"},{"description":"Left Blank","count":551,"tested":7806,"deaths":0,"color":"rgb(44,160,44)"},{"description":"NH/PI*","count":0,"tested":0,"deaths":0,"color":"rgb(127,127,127)"},{"description":"Other","count":0,"tested":185,"deaths":0,"color":"rgb(148,103,189)"},{"description":"White","count":670,"tested":12763,"deaths":0,"color":"rgb(31,119,180)"}],"gender":[{"description":"Female","count":575,"tested":12115,"deaths":0,"color":"rgb(255,127,14)"},{"description":"Male","count":505,"tested":8037,"deaths":0,"color":"rgb(31,119,180)"},{"description":"Unknown/Left Blank","count":161,"tested":880,"deaths":0,"color":"rgb(44,160,44)"}]}}]}
