{"lastUpdatedDate":{"year":2021,"month":5,"day":27},"county_demographics":[{"County":"Illinois","confirmed_cases":1379279,"total_tested":24434225,"demographics":{"age":[{"race":[{"description":"AI/AN**","count":301,"tested":3492,"deaths":0,"color":"rgb(31,119,180)"},{"description":"Asian","count":4837,"tested":211480,"deaths":0,"color":"rgb(140,86,75)"},{"description":"Black","count":20741,"tested":250398,"deaths":9,"color":"rgb(255,127,14)"},{"description":"Hispanic","count":49147,"tested":375467,"deaths":0,"color":"rgb(214,39,40)"},{"description":"Left Blank","count":55830,"tested":1032097,"deaths":0,"color":"rgb(44,160,44)"},{"description":"NH/PI*","count":185,"tested":4483,"deaths":0,"color":"rgb(127,127,127)"},{"description":"Other","count":8656,"tested":133657,"deaths":0,"color":"rgb(148,103,189)"},{"description":"White","count":84725,"tested":1295548,"deaths":0,"color":"rgb(31,119,180)"}],"age_group":"<20","count":224422,"tested":3306622,"deaths":18},{"race":[{"description":"AI/AN**","count":332,"tested":5500,"deaths":0,"color":"rgb(31,119,180)"},{"description":"Asian","count":6443,"tested":456799,"deaths":0,"color":"rgb(140,86,75)"},{"description":"Black","count":26336,"tested":386988,"deaths":32,"color":"rgb(255,127,14)"},{"description":"Hispanic","count":51819,"tested":479499,"deaths":33,"color":"rgb(214,39,40)"},{"description":"Left Blank","count":66646,"tested":1702993,"deaths":0,"color":"rgb(44,160,44)"},{"description":"NH/PI*","count":243,"tested":7485,"deaths":0,"color":"rgb(127,127,127)"},{"description":"Other","count":9279,"tested":169760,"deaths":0,"color":"rgb(148,103,189)"},{"description":"White","count":92889,"tested":1712572,"deaths":13,"color":"rgb(31,119,180)"}],"age_group":"20-29   ","count":253987,"tested":4921596,"deaths":80},{"race":[{"description":"AI/AN**","count":320,"tested":3729,"deaths":0,"color":"rgb(31,119,180)"},{"description":"Asian","count":5776,"tested":137825,"deaths":10,"color":"rgb(140,86,75)"},{"description":"Black","count":24501,"tested":298676,"deaths":89,"color":"rgb(255,127,14)"},{"description":"Hispanic","count":45051,"tested":277008,"deaths":120,"color":"rgb(214,39,40)"},{"description":"Left Blank","count":59343,"tested":1625656,"deaths":0,"color":"rgb(44,160,44)"},{"description":"NH/PI*","count":236,"tested":4253,"deaths":0,"color":"rgb(127,127,127)"},{"description":"Other","count":8420,"tested":115354,"deaths":0,"color":"rgb(148,103,189)"},{"description":"White","count":79227,"tested":1091560,"deaths":45,"color":"rgb(31,119,180)"}],"age_group":"30-39   ","count":222874,"tested":3554061,"deaths":265},{"race":[{"description":"AI/AN**","count":277,"tested":3350,"deaths":0,"color":"rgb(31,119,180)"},{"description":"Asian","count":5290,"tested":91382,"deaths":24,"color":"rgb(140,86,75)"},{"description":"Black","count":21593,"tested":275467,"deaths":189,"color":"rgb(255,127,14)"},{"description":"Hispanic","count":45226,"tested":236868,"deaths":291,"color":"rgb(214,39,40)"},{"description":"Left Blank","count":54133,"tested":1423313,"deaths":6,"color":"rgb(44,160,44)"},{"description":"NH/PI*","count":221,"tested":3597,"deaths":0,"color":"rgb(127,127,127)"},{"description":"Other","count":7476,"tested":91552,"deaths":0,"color":"rgb(148,103,189)"},{"description":"White","count":76033,"tested":921649,"deaths":143,"color":"rgb(31,119,180)"}],"age_group":"40-49   ","count":210249,"tested":3047178,"deaths":656},{"race":[{"description":"AI/AN**","count":264,"tested":3338,"deaths":0,"color":"rgb(31,119,180)"},{"description":"Asian","count":4554,"tested":76157,"deaths":54,"color":"rgb(140,86,75)"},{"description":"Black","count":20125,"tested":283578,"deaths":435,"color":"rgb(255,127,14)"},{"description":"Hispanic","count":31854,"tested":181338,"deaths":572,"color":"rgb(214,39,40)"},{"description":"Left Blank","count":51287,"tested":1403110,"deaths":12,"color":"rgb(44,160,44)"},{"description":"NH/PI*","count":208,"tested":3513,"deaths":0,"color":"rgb(127,127,127)"},{"description":"Other","count":6641,"tested":83751,"deaths":6,"color":"rgb(148,103,189)"},{"description":"White","count":85997,"tested":1092622,"deaths":545,"color":"rgb(31,119,180)"}],"age_group":"50-59   ","count":200930,"tested":3127407,"deaths":1628},{"race":[{"description":"AI/AN**","count":173,"tested":2099,"deaths":11,"color":"rgb(31,119,180)"},{"description":"Asian","count":3242,"tested":48205,"deaths":126,"color":"rgb(140,86,75)"},{"description":"Black","count":14738,"tested":228764,"deaths":960,"color":"rgb(255,127,14)"},{"description":"Hispanic","count":16142,"tested":102316,"deaths":879,"color":"rgb(214,39,40)"},{"description":"Left Blank","count":34283,"tested":1076662,"deaths":40,"color":"rgb(44,160,44)"},{"description":"NH/PI*","count":142,"tested":1965,"deaths":0,"color":"rgb(127,127,127)"},{"description":"Other","count":4140,"tested":61580,"deaths":21,"color":"rgb(148,103,189)"},{"description":"White","count":66772,"tested":952140,"deaths":1657,"color":"rgb(31,119,180)"}],"age_group":"60-69   ","count":139632,"tested":2473731,"deaths":3698},{"race":[{"description":"AI/AN**","count":93,"tested":1080,"deaths":6,"color":"rgb(31,119,180)"},{"description":"Asian","count":1752,"tested":22672,"deaths":228,"color":"rgb(140,86,75)"},{"description":"Black","count":7661,"tested":112535,"deaths":1079,"color":"rgb(255,127,14)"},{"description":"Hispanic","count":6443,"tested":42977,"deaths":838,"color":"rgb(214,39,40)"},{"description":"Left Blank","count":15546,"tested":583309,"deaths":50,"color":"rgb(44,160,44)"},{"description":"NH/PI*","count":53,"tested":761,"deaths":8,"color":"rgb(127,127,127)"},{"description":"Other","count":1787,"tested":34424,"deaths":30,"color":"rgb(148,103,189)"},{"description":"White","count":39048,"tested":618568,"deaths":3418,"color":"rgb(31,119,180)"}],"age_group":"70-79   ","count":72387,"tested":1416326,"deaths":5657},{"race":[{"description":"AI/AN**","count":44,"tested":495,"deaths":7,"color":"rgb(31,119,180)"},{"description":"Asian","count":1093,"tested":14800,"deaths":369,"color":"rgb(140,86,75)"},{"description":"Black","count":4875,"tested":65157,"deaths":1341,"color":"rgb(255,127,14)"},{"description":"Hispanic","count":3119,"tested":23923,"deaths":843,"color":"rgb(214,39,40)"},{"description":"Left Blank","count":11469,"tested":680630,"deaths":109,"color":"rgb(44,160,44)"},{"description":"NH/PI*","count":37,"tested":434,"deaths":9,"color":"rgb(127,127,127)"},{"description":"Other","count":882,"tested":21336,"deaths":46,"color":"rgb(148,103,189)"},{"description":"White","count":32798,"tested":599953,"deaths":7992,"color":"rgb(31,119,180)"}],"age_group":"80+","count":54321,"tested":1406728,"deaths":10716},{"race":[{"description":"AI/AN**","count":0,"tested":7,"deaths":0,"color":"rgb(31,119,180)"},{"description":"Asian","count":0,"tested":174,"deaths":0,"color":"rgb(140,86,75)"},{"description":"Black","count":0,"tested":974,"deaths":0,"color":"rgb(255,127,14)"},{"description":"Hispanic","count":19,"tested":624,"deaths":0,"color":"rgb(214,39,40)"},{"description":"Left Blank","count":353,"tested":49062,"deaths":0,"color":"rgb(44,160,44)"},{"description":"NH/PI*","count":0,"tested":0,"deaths":0,"color":"rgb(127,127,127)"},{"description":"Other","count":0,"tested":94,"deaths":0,"color":"rgb(148,103,189)"},{"description":"White","count":91,"tested":3004,"deaths":0,"color":"rgb(31,119,180)"}],"age_group":"Unknown","count":477,"tested":53940,"deaths":0}],"race":[{"description":"AI/AN**","count":1808,"tested":23090,"deaths":27,"color":"rgb(31,119,180)"},{"description":"Asian","count":32989,"tested":1059494,"deaths":813,"color":"rgb(140,86,75)"},{"description":"Black","count":140578,"tested":1902537,"deaths":4134,"color":"rgb(255,127,14)"},{"description":"Hispanic","count":248820,"tested":1720020,"deaths":3580,"color":"rgb(214,39,40)"},{"description":"Left Blank","count":348890,"tested":9576832,"deaths":218,"color":"rgb(44,160,44)"},{"description":"NH/PI*","count":1331,"tested":26492,"deaths":24,"color":"rgb(127,127,127)"},{"description":"Other","count":47283,"tested":711508,"deaths":104,"color":"rgb(148,103,189)"},{"description":"White","count":557580,"tested":8287616,"deaths":13818,"color":"rgb(31,119,180)"}],"gender":[{"description":"Female","count":707846,"tested":12543096,"deaths":10422,"color":"rgb(255,127,14)"},{"description":"Male","count":647401,"tested":9833477,"deaths":12296,"color":"rgb(31,119,180)"},{"description":"Unknown/Left Blank","count":24032,"tested":931016,"deaths":0,"color":"rgb(44,160,44)"}]}}]}
