{"lastUpdatedDate":{"year":2021,"month":5,"day":27},"county_demographics":[{"County":"Jasper","confirmed_cases":1156,"total_tested":13103,"demographics":{"age":[{"race":[],"age_group":"<20","count":171,"tested":2086,"deaths":0},{"race":[],"age_group":"20-29   ","count":121,"tested":1557,"deaths":0},{"race":[],"age_group":"30-39   ","count":145,"tested":1611,"deaths":0},{"race":[],"age_group":"40-49   ","count":157,"tested":1966,"deaths":0},{"race":[],"age_group":"50-59   ","count":178,"tested":1830,"deaths":0},{"race":[],"age_group":"60-69   ","count":182,"tested":1480,"deaths":0},{"race":[],"age_group":"70-79   ","count":105,"tested":1022,"deaths":0},{"race":[],"age_group":"80+","count":97,"tested":1547,"deaths":0},{"race":[],"age_group":"Unknown","count":0,"tested":0,"deaths":0}],"race":[{"description":"AI/AN**","count":0,"tested":0,"deaths":0,"color":"rgb(31,119,180)"},{"description":"Asian","count":0,"tested":33,"deaths":0,"color":"rgb(140,86,75)"},{"description":"Black","count":0,"tested":27,"deaths":0,"color":"rgb(255,127,14)"},{"description":"Hispanic","count":0,"tested":102,"deaths":0,"color":"rgb(214,39,40)"},{"description":"Left Blank","count":301,"tested":3028,"deaths":0,"color":"rgb(44,160,44)"},{"description":"Other","count":0,"tested":293,"deaths":0,"color":"rgb(148,103,189)"},{"description":"White","count":839,"tested":9619,"deaths":0,"color":"rgb(31,119,180)"}],"gender":[{"description":"Female","count":610,"tested":8021,"deaths":0,"color":"rgb(255,127,14)"},{"description":"Male","count":522,"tested":4424,"deaths":0,"color":"rgb(31,119,180)"},{"description":"Unknown/Left Blank","count":24,"tested":658,"deaths":0,"color":"rgb(44,160,44)"}]}}]}
