{"lastUpdatedDate":{"year":2021,"month":5,"day":27},"county_demographics":[{"County":"Perry","confirmed_cases":3192,"total_tested":59566,"demographics":{"age":[{"race":[],"age_group":"<20","count":320,"tested":3039,"deaths":0},{"race":[],"age_group":"20-29   ","count":624,"tested":14080,"deaths":0},{"race":[],"age_group":"30-39   ","count":610,"tested":12923,"deaths":0},{"race":[],"age_group":"40-49   ","count":473,"tested":9794,"deaths":0},{"race":[],"age_group":"50-59   ","count":439,"tested":7929,"deaths":0},{"race":[],"age_group":"60-69   ","count":324,"tested":4477,"deaths":0},{"race":[],"age_group":"70-79   ","count":202,"tested":2729,"deaths":0},{"race":[],"age_group":"80+","count":186,"tested":2920,"deaths":0},{"race":[],"age_group":"Unknown","count":7,"tested":1675,"deaths":0}],"race":[{"description":"AI/AN**","count":0,"tested":0,"deaths":0,"color":"rgb(31,119,180)"},{"description":"Asian","count":10,"tested":38,"deaths":0,"color":"rgb(140,86,75)"},{"description":"Black","count":146,"tested":508,"deaths":0,"color":"rgb(255,127,14)"},{"description":"Hispanic","count":43,"tested":144,"deaths":0,"color":"rgb(214,39,40)"},{"description":"Left Blank","count":1094,"tested":44174,"deaths":0,"color":"rgb(44,160,44)"},{"description":"NH/PI*","count":0,"tested":7,"deaths":0,"color":"rgb(127,127,127)"},{"description":"Other","count":19,"tested":206,"deaths":0,"color":"rgb(148,103,189)"},{"description":"White","count":1869,"tested":14485,"deaths":0,"color":"rgb(31,119,180)"}],"gender":[{"description":"Female","count":1269,"tested":17256,"deaths":0,"color":"rgb(255,127,14)"},{"description":"Male","count":1330,"tested":24429,"deaths":0,"color":"rgb(31,119,180)"},{"description":"Unknown/Left Blank","count":593,"tested":17881,"deaths":0,"color":"rgb(44,160,44)"}]}}]}
