{"lastUpdatedDate":{"year":2021,"month":5,"day":27},"county_demographics":[{"County":"Putnam","confirmed_cases":486,"total_tested":7087,"demographics":{"age":[{"race":[],"age_group":"<20","count":69,"tested":825,"deaths":0},{"race":[],"age_group":"20-29   ","count":75,"tested":791,"deaths":0},{"race":[],"age_group":"30-39   ","count":67,"tested":1197,"deaths":0},{"race":[],"age_group":"40-49   ","count":65,"tested":1140,"deaths":0},{"race":[],"age_group":"50-59   ","count":93,"tested":1535,"deaths":0},{"race":[],"age_group":"60-69   ","count":69,"tested":1012,"deaths":0},{"race":[],"age_group":"70-79   ","count":30,"tested":400,"deaths":0},{"race":[],"age_group":"80+","count":11,"tested":186,"deaths":0},{"race":[],"age_group":"Unknown","count":0,"tested":0,"deaths":0}],"race":[{"description":"Asian","count":0,"tested":6,"deaths":0,"color":"rgb(140,86,75)"},{"description":"Black","count":0,"tested":22,"deaths":0,"color":"rgb(255,127,14)"},{"description":"Hispanic","count":14,"tested":159,"deaths":0,"color":"rgb(214,39,40)"},{"description":"Left Blank","count":199,"tested":3358,"deaths":0,"color":"rgb(44,160,44)"},{"description":"NH/PI*","count":0,"tested":62,"deaths":0,"color":"rgb(127,127,127)"},{"description":"Other","count":0,"tested":56,"deaths":0,"color":"rgb(148,103,189)"},{"description":"White","count":262,"tested":3424,"deaths":0,"color":"rgb(31,119,180)"}],"gender":[{"description":"Female","count":259,"tested":4086,"deaths":0,"color":"rgb(255,127,14)"},{"description":"Male","count":198,"tested":1838,"deaths":0,"color":"rgb(31,119,180)"},{"description":"Unknown/Left Blank","count":29,"tested":1163,"deaths":0,"color":"rgb(44,160,44)"}]}}]}
