{"lastUpdatedDate":{"year":2020,"month":12,"day":29},"county_demographics":[{"County":"Montgomery","confirmed_cases":2069,"total_tested":32337,"demographics":{"age":[{"race":[],"age_group":"<20","count":212,"tested":3212,"deaths":0},{"race":[],"age_group":"20-29   ","count":300,"tested":4390,"deaths":0},{"race":[],"age_group":"30-39   ","count":387,"tested":4467,"deaths":0},{"race":[],"age_group":"40-49   ","count":339,"tested":3956,"deaths":0},{"race":[],"age_group":"50-59   ","count":330,"tested":4767,"deaths":0},{"race":[],"age_group":"60-69   ","count":277,"tested":4699,"deaths":0},{"race":[],"age_group":"70-79   ","count":123,"tested":2725,"deaths":0},{"race":[],"age_group":"80+","count":98,"tested":4111,"deaths":0},{"race":[],"age_group":"Unknown","count":0,"tested":10,"deaths":0}],"race":[{"description":"AI/AN**","count":0,"tested":0,"deaths":0,"color":"rgb(31,119,180)"},{"description":"Asian","count":0,"tested":42,"deaths":0,"color":"rgb(140,86,75)"},{"description":"Black","count":74,"tested":558,"deaths":0,"color":"rgb(255,127,14)"},{"description":"Hispanic","count":12,"tested":95,"deaths":0,"color":"rgb(214,39,40)"},{"description":"Left Blank","count":1083,"tested":18632,"deaths":0,"color":"rgb(44,160,44)"},{"description":"NH/PI*","count":0,"tested":13,"deaths":0,"color":"rgb(127,127,127)"},{"description":"Other","count":15,"tested":201,"deaths":0,"color":"rgb(148,103,189)"},{"description":"White","count":874,"tested":12796,"deaths":0,"color":"rgb(31,119,180)"}],"gender":[{"description":"Female","count":851,"tested":19096,"deaths":0,"color":"rgb(255,127,14)"},{"description":"Male","count":1042,"tested":11866,"deaths":0,"color":"rgb(31,119,180)"},{"description":"Unknown/Left Blank","count":172,"tested":1375,"deaths":0,"color":"rgb(44,160,44)"}]}}]}
