{"lastUpdatedDate":{"year":2020,"month":12,"day":29},"county_demographics":[{"County":"Cook","confirmed_cases":186040,"total_tested":2266949,"demographics":{"age":[{"race":[],"age_group":"<20","count":25986,"tested":230644,"deaths":0},{"race":[],"age_group":"20-29   ","count":33198,"tested":379019,"deaths":0},{"race":[],"age_group":"30-39   ","count":29294,"tested":326508,"deaths":0},{"race":[],"age_group":"40-49   ","count":29666,"tested":313394,"deaths":0},{"race":[],"age_group":"50-59   ","count":28694,"tested":350783,"deaths":0},{"race":[],"age_group":"60-69   ","count":20613,"tested":303531,"deaths":0},{"race":[],"age_group":"70-79   ","count":10294,"tested":178830,"deaths":0},{"race":[],"age_group":"80+","count":8254,"tested":182470,"deaths":0},{"race":[],"age_group":"Unknown","count":36,"tested":1770,"deaths":0}],"race":[{"description":"AI/AN**","count":317,"tested":2048,"deaths":0,"color":"rgb(31,119,180)"},{"description":"Asian","count":5982,"tested":75389,"deaths":0,"color":"rgb(140,86,75)"},{"description":"Black","count":18180,"tested":205911,"deaths":0,"color":"rgb(255,127,14)"},{"description":"Hispanic","count":36591,"tested":183810,"deaths":0,"color":"rgb(214,39,40)"},{"description":"Left Blank","count":65592,"tested":1137800,"deaths":0,"color":"rgb(44,160,44)"},{"description":"NH/PI*","count":261,"tested":3018,"deaths":0,"color":"rgb(127,127,127)"},{"description":"Other","count":10116,"tested":86621,"deaths":0,"color":"rgb(148,103,189)"},{"description":"White","count":48996,"tested":572352,"deaths":0,"color":"rgb(31,119,180)"}],"gender":[{"description":"Female","count":96886,"tested":1282334,"deaths":0,"color":"rgb(255,127,14)"},{"description":"Male","count":87344,"tested":926864,"deaths":0,"color":"rgb(31,119,180)"},{"description":"Unknown/Left Blank","count":1810,"tested":57751,"deaths":0,"color":"rgb(44,160,44)"}]}}]}
