{"lastUpdatedDate":{"year":2020,"month":12,"day":29},"county_demographics":[{"County":"Peoria","confirmed_cases":12873,"total_tested":191293,"demographics":{"age":[{"race":[],"age_group":"<20","count":2165,"tested":28636,"deaths":0},{"race":[],"age_group":"20-29   ","count":2502,"tested":33672,"deaths":0},{"race":[],"age_group":"30-39   ","count":1889,"tested":29212,"deaths":0},{"race":[],"age_group":"40-49   ","count":1765,"tested":25264,"deaths":0},{"race":[],"age_group":"50-59   ","count":1859,"tested":26095,"deaths":0},{"race":[],"age_group":"60-69   ","count":1396,"tested":22588,"deaths":0},{"race":[],"age_group":"70-79   ","count":774,"tested":13817,"deaths":0},{"race":[],"age_group":"80+","count":522,"tested":11975,"deaths":0},{"race":[],"age_group":"Unknown","count":0,"tested":34,"deaths":0}],"race":[{"description":"AI/AN**","count":12,"tested":91,"deaths":0,"color":"rgb(31,119,180)"},{"description":"Asian","count":140,"tested":1073,"deaths":0,"color":"rgb(140,86,75)"},{"description":"Black","count":2070,"tested":12130,"deaths":0,"color":"rgb(255,127,14)"},{"description":"Hispanic","count":857,"tested":1878,"deaths":0,"color":"rgb(214,39,40)"},{"description":"Left Blank","count":2015,"tested":124829,"deaths":0,"color":"rgb(44,160,44)"},{"description":"NH/PI*","count":9,"tested":68,"deaths":0,"color":"rgb(127,127,127)"},{"description":"Other","count":330,"tested":4520,"deaths":0,"color":"rgb(148,103,189)"},{"description":"White","count":7439,"tested":46704,"deaths":0,"color":"rgb(31,119,180)"}],"gender":[{"description":"Female","count":6934,"tested":107717,"deaths":0,"color":"rgb(255,127,14)"},{"description":"Male","count":5748,"tested":74967,"deaths":0,"color":"rgb(31,119,180)"},{"description":"Unknown/Left Blank","count":189,"tested":8609,"deaths":0,"color":"rgb(44,160,44)"}]}}]}
