{"lastUpdatedDate":{"year":2020,"month":12,"day":29},"county_demographics":[{"County":"Iroquois","confirmed_cases":2279,"total_tested":29335,"demographics":{"age":[{"race":[],"age_group":"<20","count":344,"tested":3783,"deaths":0},{"race":[],"age_group":"20-29   ","count":333,"tested":3766,"deaths":0},{"race":[],"age_group":"30-39   ","count":301,"tested":3694,"deaths":0},{"race":[],"age_group":"40-49   ","count":302,"tested":3159,"deaths":0},{"race":[],"age_group":"50-59   ","count":352,"tested":4119,"deaths":0},{"race":[],"age_group":"60-69   ","count":296,"tested":3798,"deaths":0},{"race":[],"age_group":"70-79   ","count":197,"tested":2893,"deaths":0},{"race":[],"age_group":"80+","count":150,"tested":4119,"deaths":0},{"race":[],"age_group":"Unknown","count":0,"tested":0,"deaths":0}],"race":[{"description":"AI/AN**","count":0,"tested":8,"deaths":0,"color":"rgb(31,119,180)"},{"description":"Asian","count":0,"tested":44,"deaths":0,"color":"rgb(140,86,75)"},{"description":"Black","count":17,"tested":245,"deaths":0,"color":"rgb(255,127,14)"},{"description":"Hispanic","count":198,"tested":885,"deaths":0,"color":"rgb(214,39,40)"},{"description":"Left Blank","count":324,"tested":7960,"deaths":0,"color":"rgb(44,160,44)"},{"description":"NH/PI*","count":0,"tested":0,"deaths":0,"color":"rgb(127,127,127)"},{"description":"Other","count":50,"tested":522,"deaths":0,"color":"rgb(148,103,189)"},{"description":"White","count":1684,"tested":19666,"deaths":0,"color":"rgb(31,119,180)"}],"gender":[{"description":"Female","count":1213,"tested":18760,"deaths":0,"color":"rgb(255,127,14)"},{"description":"Male","count":987,"tested":10101,"deaths":0,"color":"rgb(31,119,180)"},{"description":"Unknown/Left Blank","count":79,"tested":474,"deaths":0,"color":"rgb(44,160,44)"}]}}]}
