{"lastUpdatedDate":{"year":2020,"month":12,"day":29},"county_demographics":[{"County":"Lee","confirmed_cases":2670,"total_tested":29860,"demographics":{"age":[{"race":[],"age_group":"<20","count":287,"tested":2706,"deaths":0},{"race":[],"age_group":"20-29   ","count":460,"tested":4757,"deaths":0},{"race":[],"age_group":"30-39   ","count":408,"tested":5158,"deaths":0},{"race":[],"age_group":"40-49   ","count":435,"tested":5174,"deaths":0},{"race":[],"age_group":"50-59   ","count":441,"tested":4504,"deaths":0},{"race":[],"age_group":"60-69   ","count":322,"tested":3742,"deaths":0},{"race":[],"age_group":"70-79   ","count":169,"tested":1652,"deaths":0},{"race":[],"age_group":"80+","count":146,"tested":2071,"deaths":0},{"race":[],"age_group":"Unknown","count":0,"tested":96,"deaths":0}],"race":[{"description":"AI/AN**","count":0,"tested":0,"deaths":0,"color":"rgb(31,119,180)"},{"description":"Asian","count":10,"tested":87,"deaths":0,"color":"rgb(140,86,75)"},{"description":"Black","count":107,"tested":856,"deaths":0,"color":"rgb(255,127,14)"},{"description":"Hispanic","count":56,"tested":384,"deaths":0,"color":"rgb(214,39,40)"},{"description":"Left Blank","count":869,"tested":15511,"deaths":0,"color":"rgb(44,160,44)"},{"description":"NH/PI*","count":0,"tested":0,"deaths":0,"color":"rgb(127,127,127)"},{"description":"Other","count":69,"tested":410,"deaths":0,"color":"rgb(148,103,189)"},{"description":"White","count":1555,"tested":12604,"deaths":0,"color":"rgb(31,119,180)"}],"gender":[{"description":"Female","count":1175,"tested":11385,"deaths":0,"color":"rgb(255,127,14)"},{"description":"Male","count":1400,"tested":10495,"deaths":0,"color":"rgb(31,119,180)"},{"description":"Unknown/Left Blank","count":92,"tested":7980,"deaths":0,"color":"rgb(44,160,44)"}]}}]}
