{"age":[{"age_group":"<20","count":481,"tested":3056},{"age_group":"20-29   ","count":619,"tested":5376},{"age_group":"30-39   ","count":507,"tested":4939},{"age_group":"40-49   ","count":450,"tested":4822},{"age_group":"50-59   ","count":442,"tested":5503},{"age_group":"60-69   ","count":264,"tested":3430},{"age_group":"70-79   ","count":108,"tested":1378},{"age_group":"80+","count":57,"tested":786}],"race":[{"description":"White","count":254,"tested":3669,"color":"rgb(31,119,180)"},{"description":"Other","count":83,"tested":1055,"color":"rgb(148,103,189)"},{"description":"Left Blank","count":1163,"tested":13013,"color":"rgb(44,160,44)"},{"description":"Black","count":400,"tested":6500,"color":"rgb(255,127,14)"},{"description":"Hispanic","count":1019,"tested":4946,"color":"rgb(214,39,40)"},{"description":"Asian","count":6,"tested":58,"color":"rgb(140,86,75)"}],"gender":[{"description":"Female","count":1540,"tested":14503,"color":"rgb(255,127,14)"},{"description":"Unknown/Left Blank","count":12,"tested":354,"color":"rgb(44,160,44)"},{"description":"Male","count":1376,"tested":14439,"color":"rgb(31,119,180)"}]}
