{"age":[{"age_group":"<20","count":439,"tested":4858},{"age_group":"20-29   ","count":339,"tested":4523},{"age_group":"30-39   ","count":303,"tested":4302},{"age_group":"40-49   ","count":285,"tested":3490},{"age_group":"50-59   ","count":399,"tested":4574},{"age_group":"60-69   ","count":233,"tested":3637},{"age_group":"70-79   ","count":76,"tested":2171},{"age_group":"80+","count":85,"tested":2908}],"race":[{"description":"Asian","count":61,"tested":518,"color":"rgb(140,86,75)"},{"description":"White","count":1403,"tested":16049,"color":"rgb(31,119,180)"},{"description":"Left Blank","count":392,"tested":11156,"color":"rgb(44,160,44)"},{"description":"Hispanic","count":193,"tested":1377,"color":"rgb(214,39,40)"},{"description":"Black","count":40,"tested":620,"color":"rgb(255,127,14)"},{"description":"Other","count":66,"tested":744,"color":"rgb(148,103,189)"}],"gender":[{"description":"Male","count":1029,"tested":12956,"color":"rgb(31,119,180)"},{"description":"Unknown/Left Blank","count":15,"tested":396,"color":"rgb(44,160,44)"},{"description":"Female","count":1116,"tested":17148,"color":"rgb(255,127,14)"}]}
