{"age":[{"age_group":"<20","count":687,"tested":5411},{"age_group":"20-29   ","count":943,"tested":9757},{"age_group":"30-39   ","count":943,"tested":9532},{"age_group":"40-49   ","count":866,"tested":8487},{"age_group":"50-59   ","count":734,"tested":9312},{"age_group":"60-69   ","count":486,"tested":7580},{"age_group":"70-79   ","count":280,"tested":5123},{"age_group":"80+","count":234,"tested":5624}],"race":[{"description":"Left Blank","count":1278,"tested":26583,"color":"rgb(44,160,44)"},{"description":"White","count":1682,"tested":17804,"color":"rgb(31,119,180)"},{"description":"Hispanic","count":1368,"tested":6444,"color":"rgb(214,39,40)"},{"description":"Black","count":528,"tested":6128,"color":"rgb(255,127,14)"},{"description":"Asian","count":55,"tested":497,"color":"rgb(140,86,75)"},{"description":"Other","count":227,"tested":3206,"color":"rgb(148,103,189)"},{"description":"AI/AN**","count":30,"tested":154,"color":"rgb(31,119,180)"}],"gender":[{"description":"Female","count":2746,"tested":34975,"color":"rgb(255,127,14)"},{"description":"Male","count":2392,"tested":24373,"color":"rgb(31,119,180)"},{"description":"Unknown/Left Blank","count":35,"tested":1487,"color":"rgb(44,160,44)"}]}
