{"age":[{"age_group":"<20","count":541,"tested":5362},{"age_group":"20-29   ","count":547,"tested":6600},{"age_group":"30-39   ","count":589,"tested":6065},{"age_group":"40-49   ","count":463,"tested":5581},{"age_group":"50-59   ","count":426,"tested":5678},{"age_group":"60-69   ","count":351,"tested":5181},{"age_group":"70-79   ","count":238,"tested":3590},{"age_group":"80+","count":140,"tested":3349}],"race":[{"description":"Hispanic","count":864,"tested":3332,"color":"rgb(214,39,40)"},{"description":"Other","count":69,"tested":723,"color":"rgb(148,103,189)"},{"description":"Black","count":322,"tested":2761,"color":"rgb(255,127,14)"},{"description":"Asian","count":114,"tested":560,"color":"rgb(140,86,75)"},{"description":"White","count":1537,"tested":11248,"color":"rgb(31,119,180)"},{"description":"Left Blank","count":386,"tested":22765,"color":"rgb(44,160,44)"}],"gender":[{"description":"Unknown/Left Blank","count":12,"tested":1008,"color":"rgb(44,160,44)"},{"description":"Male","count":1533,"tested":15568,"color":"rgb(31,119,180)"},{"description":"Female","count":1750,"tested":24840,"color":"rgb(255,127,14)"}]}
