{"age":[{"age_group":"<20","count":224,"tested":2023},{"age_group":"20-29   ","count":336,"tested":4038},{"age_group":"30-39   ","count":349,"tested":4646},{"age_group":"40-49   ","count":331,"tested":5216},{"age_group":"50-59   ","count":399,"tested":7101},{"age_group":"60-69   ","count":260,"tested":4700},{"age_group":"70-79   ","count":110,"tested":2222},{"age_group":"80+","count":36,"tested":1064}],"race":[{"description":"Other","count":48,"tested":550,"color":"rgb(148,103,189)"},{"description":"Left Blank","count":601,"tested":10734,"color":"rgb(44,160,44)"},{"description":"Hispanic","count":113,"tested":895,"color":"rgb(214,39,40)"},{"description":"White","count":330,"tested":5728,"color":"rgb(31,119,180)"},{"description":"Asian","count":7,"tested":109,"color":"rgb(140,86,75)"},{"description":"Black","count":940,"tested":12943,"color":"rgb(255,127,14)"}],"gender":[{"description":"Female","count":1135,"tested":17333,"color":"rgb(255,127,14)"},{"description":"Male","count":894,"tested":12905,"color":"rgb(31,119,180)"},{"description":"Unknown/Left Blank","count":16,"tested":792,"color":"rgb(44,160,44)"}]}
