{"age":[{"age_group":"<20","count":503,"tested":3878},{"age_group":"20-29   ","count":597,"tested":6309},{"age_group":"30-39   ","count":580,"tested":5621},{"age_group":"40-49   ","count":597,"tested":6205},{"age_group":"50-59   ","count":521,"tested":6561},{"age_group":"60-69   ","count":352,"tested":5279},{"age_group":"70-79   ","count":176,"tested":3043},{"age_group":"80+","count":99,"tested":1985}],"race":[{"description":"Hispanic","count":526,"tested":2731,"color":"rgb(214,39,40)"},{"description":"White","count":153,"tested":1708,"color":"rgb(31,119,180)"},{"description":"Asian","count":8,"tested":35,"color":"rgb(140,86,75)"},{"description":"Black","count":1493,"tested":16617,"color":"rgb(255,127,14)"},{"description":"Other","count":80,"tested":694,"color":"rgb(148,103,189)"},{"description":"Left Blank","count":1164,"tested":17079,"color":"rgb(44,160,44)"}],"gender":[{"description":"Male","count":1432,"tested":14314,"color":"rgb(31,119,180)"},{"description":"Unknown/Left Blank","count":37,"tested":1057,"color":"rgb(44,160,44)"},{"description":"Female","count":1958,"tested":23533,"color":"rgb(255,127,14)"}]}
