{"age":[{"age_group":"<20","count":240,"tested":1999},{"age_group":"20-29   ","count":276,"tested":2348},{"age_group":"30-39   ","count":271,"tested":2466},{"age_group":"40-49   ","count":278,"tested":2049},{"age_group":"50-59   ","count":207,"tested":1563},{"age_group":"60-69   ","count":115,"tested":1195},{"age_group":"70-79   ","count":37,"tested":569},{"age_group":"80+","count":21,"tested":237}],"race":[{"description":"Left Blank","count":321,"tested":4292,"color":"rgb(44,160,44)"},{"description":"Asian","count":9,"tested":90,"color":"rgb(140,86,75)"},{"description":"White","count":491,"tested":4547,"color":"rgb(31,119,180)"},{"description":"Other","count":30,"tested":395,"color":"rgb(148,103,189)"},{"description":"Black","count":56,"tested":703,"color":"rgb(255,127,14)"},{"description":"Hispanic","count":538,"tested":2378,"color":"rgb(214,39,40)"}],"gender":[{"description":"Male","count":693,"tested":5137,"color":"rgb(31,119,180)"},{"description":"Female","count":746,"tested":7018,"color":"rgb(255,127,14)"}]}
