{"age":[{"age_group":"<20","count":424,"tested":3531},{"age_group":"20-29   ","count":564,"tested":6247},{"age_group":"30-39   ","count":536,"tested":6098},{"age_group":"40-49   ","count":450,"tested":5001},{"age_group":"50-59   ","count":454,"tested":4876},{"age_group":"60-69   ","count":280,"tested":3954},{"age_group":"70-79   ","count":128,"tested":1906},{"age_group":"80+","count":121,"tested":2271}],"race":[{"description":"Hispanic","count":657,"tested":3080,"color":"rgb(214,39,40)"},{"description":"AI/AN**","count":18,"tested":26,"color":"rgb(31,119,180)"},{"description":"Left Blank","count":1055,"tested":18704,"color":"rgb(44,160,44)"},{"description":"NH/PI*","count":6,"tested":67,"color":"rgb(127,127,127)"},{"description":"Other","count":123,"tested":853,"color":"rgb(148,103,189)"},{"description":"White","count":686,"tested":6792,"color":"rgb(31,119,180)"},{"description":"Asian","count":306,"tested":3333,"color":"rgb(140,86,75)"},{"description":"Black","count":106,"tested":1048,"color":"rgb(255,127,14)"}],"gender":[{"description":"Male","count":1439,"tested":14371,"color":"rgb(31,119,180)"},{"description":"Female","count":1493,"tested":18895,"color":"rgb(255,127,14)"},{"description":"Unknown/Left Blank","count":25,"tested":637,"color":"rgb(44,160,44)"}]}
