{"age":[{"age_group":"<20","count":38,"tested":505},{"age_group":"20-29   ","count":25,"tested":258},{"age_group":"30-39   ","count":26,"tested":256},{"age_group":"40-49   ","count":28,"tested":297},{"age_group":"50-59   ","count":29,"tested":287},{"age_group":"60-69   ","count":14,"tested":263},{"age_group":"70-79   ","count":8,"tested":202},{"age_group":"80+","count":8,"tested":108}],"race":[{"description":"Left Blank","count":6,"tested":208,"color":"rgb(44,160,44)"},{"description":"White","count":164,"tested":1817,"color":"rgb(31,119,180)"}],"gender":[{"description":"Female","count":91,"tested":1136,"color":"rgb(255,127,14)"},{"description":"Male","count":85,"tested":984,"color":"rgb(31,119,180)"}]}
