{"age":[{"age_group":"<20","count":868,"tested":7071},{"age_group":"20-29   ","count":1004,"tested":9333},{"age_group":"30-39   ","count":779,"tested":7829},{"age_group":"40-49   ","count":920,"tested":8496},{"age_group":"50-59   ","count":843,"tested":8426},{"age_group":"60-69   ","count":316,"tested":3573},{"age_group":"70-79   ","count":114,"tested":1698},{"age_group":"80+","count":50,"tested":648}],"race":[{"description":"Other","count":189,"tested":1946,"color":"rgb(148,103,189)"},{"description":"Hispanic","count":919,"tested":5237,"color":"rgb(214,39,40)"},{"description":"White","count":1841,"tested":17214,"color":"rgb(31,119,180)"},{"description":"Asian","count":56,"tested":847,"color":"rgb(140,86,75)"},{"description":"Left Blank","count":1539,"tested":18488,"color":"rgb(44,160,44)"},{"description":"Black","count":338,"tested":3216,"color":"rgb(255,127,14)"},{"description":"AI/AN**","count":9,"tested":67,"color":"rgb(31,119,180)"}],"gender":[{"description":"Male","count":2279,"tested":19960,"color":"rgb(31,119,180)"},{"description":"Unknown/Left Blank","count":37,"tested":823,"color":"rgb(44,160,44)"},{"description":"Female","count":2578,"tested":26294,"color":"rgb(255,127,14)"}]}
