{"age":[{"age_group":"<20","count":354,"tested":3924},{"age_group":"20-29   ","count":427,"tested":3915},{"age_group":"30-39   ","count":390,"tested":3867},{"age_group":"40-49   ","count":352,"tested":3382},{"age_group":"50-59   ","count":358,"tested":3285},{"age_group":"60-69   ","count":317,"tested":3032},{"age_group":"70-79   ","count":155,"tested":1556},{"age_group":"80+","count":193,"tested":1893}],"race":[{"description":"Asian","count":11,"tested":64,"color":"rgb(140,86,75)"},{"description":"Black","count":93,"tested":954,"color":"rgb(255,127,14)"},{"description":"Other","count":203,"tested":1029,"color":"rgb(148,103,189)"},{"description":"Hispanic","count":238,"tested":1349,"color":"rgb(214,39,40)"},{"description":"Left Blank","count":506,"tested":10459,"color":"rgb(44,160,44)"},{"description":"White","count":1495,"tested":10988,"color":"rgb(31,119,180)"}],"gender":[{"description":"Female","count":1390,"tested":14547,"color":"rgb(255,127,14)"},{"description":"Male","count":1101,"tested":8289,"color":"rgb(31,119,180)"},{"description":"Unknown/Left Blank","count":56,"tested":2021,"color":"rgb(44,160,44)"}]}
