{"age":[{"age_group":"<20","count":1198,"tested":7925},{"age_group":"20-29   ","count":1317,"tested":11249},{"age_group":"30-39   ","count":1385,"tested":10906},{"age_group":"40-49   ","count":1420,"tested":10039},{"age_group":"50-59   ","count":1039,"tested":8948},{"age_group":"60-69   ","count":659,"tested":6510},{"age_group":"70-79   ","count":329,"tested":3281},{"age_group":"80+","count":188,"tested":2052}],"race":[{"description":"Other","count":405,"tested":3593,"color":"rgb(148,103,189)"},{"description":"White","count":1825,"tested":16914,"color":"rgb(31,119,180)"},{"description":"Asian","count":36,"tested":297,"color":"rgb(140,86,75)"},{"description":"Black","count":176,"tested":1652,"color":"rgb(255,127,14)"},{"description":"Left Blank","count":1803,"tested":20180,"color":"rgb(44,160,44)"},{"description":"Hispanic","count":3277,"tested":18206,"color":"rgb(214,39,40)"},{"description":"AI/AN**","count":8,"tested":59,"color":"rgb(31,119,180)"}],"gender":[{"description":"Male","count":3657,"tested":27455,"color":"rgb(31,119,180)"},{"description":"Female","count":3817,"tested":32354,"color":"rgb(255,127,14)"},{"description":"Unknown/Left Blank","count":61,"tested":1114,"color":"rgb(44,160,44)"}]}
