{"age":[{"age_group":"<20","count":114,"tested":826},{"age_group":"20-29   ","count":132,"tested":1215},{"age_group":"30-39   ","count":93,"tested":1079},{"age_group":"40-49   ","count":100,"tested":1192},{"age_group":"50-59   ","count":126,"tested":1407},{"age_group":"60-69   ","count":57,"tested":1084},{"age_group":"70-79   ","count":33,"tested":370},{"age_group":"80+","count":6,"tested":161}],"race":[{"description":"Other","count":13,"tested":149,"color":"rgb(148,103,189)"},{"description":"Left Blank","count":238,"tested":3371,"color":"rgb(44,160,44)"},{"description":"White","count":281,"tested":3123,"color":"rgb(31,119,180)"},{"description":"Asian","count":6,"tested":89,"color":"rgb(140,86,75)"},{"description":"Hispanic","count":118,"tested":531,"color":"rgb(214,39,40)"}],"gender":[{"description":"Female","count":349,"tested":4024,"color":"rgb(255,127,14)"},{"description":"Male","count":306,"tested":3216,"color":"rgb(31,119,180)"}]}
