{"age":[{"age_group":"<20","count":34,"tested":302},{"age_group":"20-29   ","count":28,"tested":346},{"age_group":"30-39   ","count":27,"tested":379},{"age_group":"40-49   ","count":40,"tested":336},{"age_group":"50-59   ","count":29,"tested":314},{"age_group":"60-69   ","count":33,"tested":410},{"age_group":"70-79   ","count":26,"tested":190},{"age_group":"80+","count":6,"tested":108}],"race":[{"description":"Hispanic","count":18,"tested":59,"color":"rgb(214,39,40)"},{"description":"Left Blank","count":50,"tested":1296,"color":"rgb(44,160,44)"},{"description":"White","count":132,"tested":908,"color":"rgb(31,119,180)"},{"description":"Other","count":15,"tested":64,"color":"rgb(148,103,189)"}],"gender":[{"description":"Female","count":111,"tested":1221,"color":"rgb(255,127,14)"},{"description":"Male","count":112,"tested":1079,"color":"rgb(31,119,180)"}]}
