{"age":[{"age_group":"<20","count":221,"tested":2293},{"age_group":"20-29   ","count":198,"tested":1640},{"age_group":"30-39   ","count":192,"tested":1575},{"age_group":"40-49   ","count":180,"tested":1399},{"age_group":"50-59   ","count":152,"tested":1377},{"age_group":"60-69   ","count":95,"tested":1000},{"age_group":"70-79   ","count":69,"tested":430},{"age_group":"80+","count":35,"tested":260}],"race":[{"description":"Left Blank","count":93,"tested":3608,"color":"rgb(44,160,44)"},{"description":"White","count":815,"tested":5172,"color":"rgb(31,119,180)"},{"description":"Hispanic","count":155,"tested":458,"color":"rgb(214,39,40)"},{"description":"Other","count":23,"tested":351,"color":"rgb(148,103,189)"},{"description":"Black","count":41,"tested":265,"color":"rgb(255,127,14)"},{"description":"Asian","count":16,"tested":101,"color":"rgb(140,86,75)"}],"gender":[{"description":"Male","count":523,"tested":4176,"color":"rgb(31,119,180)"},{"description":"Female","count":616,"tested":5714,"color":"rgb(255,127,14)"}]}
