{"age":[{"age_group":"<20","count":393,"tested":3244},{"age_group":"20-29   ","count":340,"tested":3128},{"age_group":"30-39   ","count":317,"tested":2753},{"age_group":"40-49   ","count":301,"tested":2812},{"age_group":"50-59   ","count":285,"tested":2521},{"age_group":"60-69   ","count":196,"tested":1896},{"age_group":"70-79   ","count":91,"tested":987},{"age_group":"80+","count":40,"tested":615}],"race":[{"description":"Left Blank","count":250,"tested":7640,"color":"rgb(44,160,44)"},{"description":"Other","count":34,"tested":307,"color":"rgb(148,103,189)"},{"description":"Hispanic","count":683,"tested":2426,"color":"rgb(214,39,40)"},{"description":"White","count":541,"tested":4135,"color":"rgb(31,119,180)"},{"description":"Black","count":449,"tested":3372,"color":"rgb(255,127,14)"}],"gender":[{"description":"Unknown/Left Blank","count":24,"tested":607,"color":"rgb(44,160,44)"},{"description":"Male","count":920,"tested":7144,"color":"rgb(31,119,180)"},{"description":"Female","count":1019,"tested":10205,"color":"rgb(255,127,14)"}]}
