{"age":[{"age_group":"<20","count":22,"tested":145},{"age_group":"20-29   ","count":23,"tested":124},{"age_group":"30-39   ","count":18,"tested":114},{"age_group":"40-49   ","count":18,"tested":123},{"age_group":"50-59   ","count":29,"tested":113},{"age_group":"60-69   ","count":12,"tested":99},{"age_group":"70-79   ","count":14,"tested":49}],"race":[{"description":"Left Blank","count":48,"tested":364,"color":"rgb(44,160,44)"},{"description":"White","count":57,"tested":401,"color":"rgb(31,119,180)"}],"gender":[{"description":"Male","count":50,"tested":316,"color":"rgb(31,119,180)"},{"description":"Female","count":58,"tested":479,"color":"rgb(255,127,14)"}]}
