{"age":[{"age_group":"<20","count":348,"tested":4168},{"age_group":"20-29   ","count":1094,"tested":19469},{"age_group":"30-39   ","count":1068,"tested":22409},{"age_group":"40-49   ","count":514,"tested":7264},{"age_group":"50-59   ","count":406,"tested":4509},{"age_group":"60-69   ","count":300,"tested":2906},{"age_group":"70-79   ","count":231,"tested":1561},{"age_group":"80+","count":211,"tested":1055}],"race":[{"description":"Asian","count":138,"tested":1597,"color":"rgb(140,86,75)"},{"description":"Left Blank","count":1274,"tested":30780,"color":"rgb(44,160,44)"},{"description":"White","count":1106,"tested":20483,"color":"rgb(31,119,180)"},{"description":"Hispanic","count":949,"tested":5678,"color":"rgb(214,39,40)"},{"description":"Other","count":231,"tested":2498,"color":"rgb(148,103,189)"},{"description":"Black","count":285,"tested":2223,"color":"rgb(255,127,14)"}],"gender":[{"description":"Female","count":1825,"tested":34148,"color":"rgb(255,127,14)"},{"description":"Unknown/Left Blank","count":125,"tested":1244,"color":"rgb(44,160,44)"},{"description":"Male","count":1763,"tested":27961,"color":"rgb(31,119,180)"}]}
