{"age":[{"age_group":"<20","count":296,"tested":1749},{"age_group":"20-29   ","count":386,"tested":2915},{"age_group":"30-39   ","count":395,"tested":2698},{"age_group":"40-49   ","count":363,"tested":2641},{"age_group":"50-59   ","count":282,"tested":2347},{"age_group":"60-69   ","count":184,"tested":1922},{"age_group":"70-79   ","count":123,"tested":1195},{"age_group":"80+","count":70,"tested":607}],"race":[{"description":"Hispanic","count":482,"tested":2120,"color":"rgb(214,39,40)"},{"description":"Left Blank","count":509,"tested":5184,"color":"rgb(44,160,44)"},{"description":"White","count":151,"tested":976,"color":"rgb(31,119,180)"},{"description":"Other","count":110,"tested":861,"color":"rgb(148,103,189)"},{"description":"Black","count":768,"tested":6853,"color":"rgb(255,127,14)"}],"gender":[{"description":"Male","count":884,"tested":6671,"color":"rgb(31,119,180)"},{"description":"Unknown/Left Blank","count":61,"tested":307,"color":"rgb(44,160,44)"},{"description":"Female","count":1029,"tested":9102,"color":"rgb(255,127,14)"}]}
