{"age":[{"age_group":"<20","count":337,"tested":1479},{"age_group":"20-29   ","count":403,"tested":2209},{"age_group":"30-39   ","count":352,"tested":1942},{"age_group":"40-49   ","count":357,"tested":1694},{"age_group":"50-59   ","count":428,"tested":2322},{"age_group":"60-69   ","count":353,"tested":2331},{"age_group":"70-79   ","count":228,"tested":1215},{"age_group":"80+","count":200,"tested":2632}],"race":[{"description":"Left Blank","count":749,"tested":8008,"color":"rgb(44,160,44)"},{"description":"Other","count":205,"tested":417,"color":"rgb(148,103,189)"},{"description":"Hispanic","count":190,"tested":231,"color":"rgb(214,39,40)"},{"description":"White","count":933,"tested":6971,"color":"rgb(31,119,180)"},{"description":"Asian","count":147,"tested":112,"color":"rgb(140,86,75)"},{"description":"Black","count":155,"tested":86,"color":"rgb(255,127,14)"}],"gender":[{"description":"Male","count":908,"tested":6190,"color":"rgb(31,119,180)"},{"description":"Unknown/Left Blank","count":146,"tested":643,"color":"rgb(44,160,44)"},{"description":"Female","count":909,"tested":8997,"color":"rgb(255,127,14)"}]}
