{"age":[{"age_group":"<20","count":819,"tested":5558},{"age_group":"20-29   ","count":1504,"tested":20105},{"age_group":"30-39   ","count":1291,"tested":16343},{"age_group":"40-49   ","count":1063,"tested":9620},{"age_group":"50-59   ","count":916,"tested":7307},{"age_group":"60-69   ","count":610,"tested":5684},{"age_group":"70-79   ","count":334,"tested":2641},{"age_group":"80+","count":200,"tested":1525}],"race":[{"description":"Left Blank","count":1114,"tested":21074,"color":"rgb(44,160,44)"},{"description":"Other","count":289,"tested":3151,"color":"rgb(148,103,189)"},{"description":"Hispanic","count":3595,"tested":21367,"color":"rgb(214,39,40)"},{"description":"Asian","count":189,"tested":2595,"color":"rgb(140,86,75)"},{"description":"White","count":726,"tested":12461,"color":"rgb(31,119,180)"},{"description":"Black","count":694,"tested":8002,"color":"rgb(255,127,14)"},{"description":"AI/AN**","count":67,"tested":103,"color":"rgb(31,119,180)"}],"gender":[{"description":"Unknown/Left Blank","count":123,"tested":2379,"color":"rgb(44,160,44)"},{"description":"Male","count":3307,"tested":32984,"color":"rgb(31,119,180)"},{"description":"Female","count":3007,"tested":33439,"color":"rgb(255,127,14)"}]}
