{"age":[{"age_group":"<20","count":563,"tested":4374},{"age_group":"20-29   ","count":475,"tested":4365},{"age_group":"30-39   ","count":405,"tested":4049},{"age_group":"40-49   ","count":494,"tested":4612},{"age_group":"50-59   ","count":534,"tested":5477},{"age_group":"60-69   ","count":416,"tested":3985},{"age_group":"70-79   ","count":362,"tested":2964},{"age_group":"80+","count":413,"tested":4989}],"race":[{"description":"Black","count":210,"tested":237,"color":"rgb(255,127,14)"},{"description":"Other","count":291,"tested":825,"color":"rgb(148,103,189)"},{"description":"Left Blank","count":742,"tested":17991,"color":"rgb(44,160,44)"},{"description":"White","count":1390,"tested":13351,"color":"rgb(31,119,180)"},{"description":"Asian","count":276,"tested":1368,"color":"rgb(140,86,75)"},{"description":"Hispanic","count":356,"tested":988,"color":"rgb(214,39,40)"}],"gender":[{"description":"Male","count":1217,"tested":13591,"color":"rgb(31,119,180)"},{"description":"Unknown/Left Blank","count":216,"tested":352,"color":"rgb(44,160,44)"},{"description":"Female","count":1254,"tested":20880,"color":"rgb(255,127,14)"}]}
