{"age":[{"age_group":"<20","count":253,"tested":1771},{"age_group":"20-29   ","count":398,"tested":2695},{"age_group":"30-39   ","count":348,"tested":2675},{"age_group":"40-49   ","count":329,"tested":2625},{"age_group":"50-59   ","count":358,"tested":2943},{"age_group":"60-69   ","count":303,"tested":2693},{"age_group":"70-79   ","count":190,"tested":1588},{"age_group":"80+","count":215,"tested":2874}],"race":[{"description":"NH/PI*","count":44,"tested":100,"color":"rgb(127,127,127)"},{"description":"Black","count":61,"tested":100,"color":"rgb(255,127,14)"},{"description":"Asian","count":123,"tested":766,"color":"rgb(140,86,75)"},{"description":"Other","count":123,"tested":705,"color":"rgb(148,103,189)"},{"description":"Left Blank","count":430,"tested":7700,"color":"rgb(44,160,44)"},{"description":"White","count":1216,"tested":8663,"color":"rgb(31,119,180)"},{"description":"Hispanic","count":358,"tested":1825,"color":"rgb(214,39,40)"}],"gender":[{"description":"Unknown/Left Blank","count":44,"tested":353,"color":"rgb(44,160,44)"},{"description":"Female","count":1099,"tested":11518,"color":"rgb(255,127,14)"},{"description":"Male","count":1062,"tested":8002,"color":"rgb(31,119,180)"}]}
