{"age":[{"age_group":"<20","count":820,"tested":3551},{"age_group":"20-29   ","count":899,"tested":4575},{"age_group":"30-39   ","count":798,"tested":3663},{"age_group":"40-49   ","count":872,"tested":3879},{"age_group":"50-59   ","count":702,"tested":3132},{"age_group":"60-69   ","count":473,"tested":2023},{"age_group":"70-79   ","count":317,"tested":851},{"age_group":"80+","count":256,"tested":350}],"race":[{"description":"Hispanic","count":1680,"tested":4716,"color":"rgb(214,39,40)"},{"description":"Left Blank","count":1329,"tested":10858,"color":"rgb(44,160,44)"},{"description":"Asian","count":274,"tested":479,"color":"rgb(140,86,75)"},{"description":"White","count":790,"tested":4789,"color":"rgb(31,119,180)"},{"description":"Black","count":308,"tested":633,"color":"rgb(255,127,14)"},{"description":"Other","count":293,"tested":523,"color":"rgb(148,103,189)"}],"gender":[{"description":"Female","count":1910,"tested":12434,"color":"rgb(255,127,14)"},{"description":"Male","count":1833,"tested":9286,"color":"rgb(31,119,180)"},{"description":"Unknown/Left Blank","count":244,"tested":310,"color":"rgb(44,160,44)"}]}
