{"age":[{"age_group":"<20","count":449,"tested":4893},{"age_group":"20-29   ","count":518,"tested":6498},{"age_group":"30-39   ","count":532,"tested":6751},{"age_group":"40-49   ","count":537,"tested":7942},{"age_group":"50-59   ","count":569,"tested":8714},{"age_group":"60-69   ","count":437,"tested":8585},{"age_group":"70-79   ","count":272,"tested":4732},{"age_group":"80+","count":252,"tested":3616}],"race":[{"description":"Other","count":163,"tested":893,"color":"rgb(148,103,189)"},{"description":"Left Blank","count":1161,"tested":28714,"color":"rgb(44,160,44)"},{"description":"Hispanic","count":134,"tested":701,"color":"rgb(214,39,40)"},{"description":"White","count":400,"tested":5699,"color":"rgb(31,119,180)"},{"description":"Black","count":1516,"tested":15583,"color":"rgb(255,127,14)"}],"gender":[{"description":"Unknown/Left Blank","count":124,"tested":3300,"color":"rgb(44,160,44)"},{"description":"Male","count":1404,"tested":20511,"color":"rgb(31,119,180)"},{"description":"Female","count":1733,"tested":27937,"color":"rgb(255,127,14)"}]}
