{"age":[{"age_group":"<20","count":283,"tested":1943},{"age_group":"20-29   ","count":368,"tested":2571},{"age_group":"30-39   ","count":325,"tested":2573},{"age_group":"40-49   ","count":362,"tested":2454},{"age_group":"50-59   ","count":359,"tested":2702},{"age_group":"60-69   ","count":255,"tested":2190},{"age_group":"70-79   ","count":155,"tested":1034},{"age_group":"80+","count":108,"tested":465}],"race":[{"description":"Asian","count":150,"tested":595,"color":"rgb(140,86,75)"},{"description":"Hispanic","count":236,"tested":727,"color":"rgb(214,39,40)"},{"description":"Black","count":95,"tested":212,"color":"rgb(255,127,14)"},{"description":"Other","count":119,"tested":384,"color":"rgb(148,103,189)"},{"description":"Left Blank","count":648,"tested":9127,"color":"rgb(44,160,44)"},{"description":"White","count":816,"tested":4855,"color":"rgb(31,119,180)"}],"gender":[{"description":"Female","count":913,"tested":8765,"color":"rgb(255,127,14)"},{"description":"Male","count":852,"tested":6688,"color":"rgb(31,119,180)"},{"description":"Unknown/Left Blank","count":80,"tested":491,"color":"rgb(44,160,44)"}]}
