{"age":[{"age_group":"<20","count":254,"tested":2521},{"age_group":"20-29   ","count":388,"tested":3814},{"age_group":"30-39   ","count":393,"tested":4554},{"age_group":"40-49   ","count":405,"tested":4895},{"age_group":"50-59   ","count":416,"tested":4881},{"age_group":"60-69   ","count":252,"tested":3445},{"age_group":"70-79   ","count":154,"tested":1968},{"age_group":"80+","count":244,"tested":3887}],"race":[{"description":"Black","count":71,"tested":198,"color":"rgb(255,127,14)"},{"description":"Asian","count":94,"tested":402,"color":"rgb(140,86,75)"},{"description":"White","count":1213,"tested":11508,"color":"rgb(31,119,180)"},{"description":"Hispanic","count":295,"tested":1830,"color":"rgb(214,39,40)"},{"description":"Left Blank","count":561,"tested":14974,"color":"rgb(44,160,44)"},{"description":"Other","count":169,"tested":1001,"color":"rgb(148,103,189)"}],"gender":[{"description":"Female","count":1106,"tested":16729,"color":"rgb(255,127,14)"},{"description":"Male","count":1090,"tested":12514,"color":"rgb(31,119,180)"},{"description":"Unknown/Left Blank","count":65,"tested":726,"color":"rgb(44,160,44)"}]}
