{"age":[{"age_group":"<20","count":413,"tested":3130},{"age_group":"20-29   ","count":492,"tested":3704},{"age_group":"30-39   ","count":389,"tested":3103},{"age_group":"40-49   ","count":386,"tested":2752},{"age_group":"50-59   ","count":307,"tested":2687},{"age_group":"60-69   ","count":248,"tested":1703},{"age_group":"70-79   ","count":149,"tested":1152},{"age_group":"80+","count":75,"tested":479}],"race":[{"description":"White","count":760,"tested":6165,"color":"rgb(31,119,180)"},{"description":"Other","count":77,"tested":392,"color":"rgb(148,103,189)"},{"description":"Left Blank","count":647,"tested":8306,"color":"rgb(44,160,44)"},{"description":"Black","count":204,"tested":1255,"color":"rgb(255,127,14)"},{"description":"Hispanic","count":619,"tested":2326,"color":"rgb(214,39,40)"},{"description":"Asian","count":90,"tested":250,"color":"rgb(140,86,75)"}],"gender":[{"description":"Female","count":1224,"tested":10789,"color":"rgb(255,127,14)"},{"description":"Unknown/Left Blank","count":49,"tested":368,"color":"rgb(44,160,44)"},{"description":"Male","count":1036,"tested":7554,"color":"rgb(31,119,180)"}]}
