{"age":[{"age_group":"<20","count":242,"tested":1430},{"age_group":"20-29   ","count":239,"tested":1718},{"age_group":"30-39   ","count":263,"tested":1539},{"age_group":"40-49   ","count":289,"tested":1750},{"age_group":"50-59   ","count":272,"tested":1989},{"age_group":"60-69   ","count":205,"tested":1513},{"age_group":"70-79   ","count":133,"tested":724},{"age_group":"80+","count":83,"tested":310}],"race":[{"description":"Hispanic","count":149,"tested":437,"color":"rgb(214,39,40)"},{"description":"White","count":506,"tested":5031,"color":"rgb(31,119,180)"},{"description":"Left Blank","count":607,"tested":4718,"color":"rgb(44,160,44)"},{"description":"Other","count":156,"tested":512,"color":"rgb(148,103,189)"},{"description":"Black","count":86,"tested":123,"color":"rgb(255,127,14)"},{"description":"Asian","count":80,"tested":134,"color":"rgb(140,86,75)"}],"gender":[{"description":"Female","count":672,"tested":6064,"color":"rgb(255,127,14)"},{"description":"Male","count":630,"tested":4793,"color":"rgb(31,119,180)"}]}
