{"age":[{"age_group":"<20","count":215,"tested":1000},{"age_group":"20-29   ","count":273,"tested":1980},{"age_group":"30-39   ","count":264,"tested":1729},{"age_group":"40-49   ","count":233,"tested":1441},{"age_group":"50-59   ","count":299,"tested":1856},{"age_group":"60-69   ","count":212,"tested":1654},{"age_group":"70-79   ","count":175,"tested":1096},{"age_group":"80+","count":129,"tested":529}],"race":[{"description":"Hispanic","count":139,"tested":401,"color":"rgb(214,39,40)"},{"description":"Asian","count":80,"tested":133,"color":"rgb(140,86,75)"},{"description":"Black","count":97,"tested":292,"color":"rgb(255,127,14)"},{"description":"White","count":523,"tested":3137,"color":"rgb(31,119,180)"},{"description":"Left Blank","count":691,"tested":6890,"color":"rgb(44,160,44)"},{"description":"Other","count":142,"tested":426,"color":"rgb(148,103,189)"}],"gender":[{"description":"Unknown/Left Blank","count":80,"tested":132,"color":"rgb(44,160,44)"},{"description":"Male","count":667,"tested":4440,"color":"rgb(31,119,180)"},{"description":"Female","count":743,"tested":6717,"color":"rgb(255,127,14)"}]}
