{"age":[{"age_group":"<20","count":227,"tested":1853},{"age_group":"20-29   ","count":279,"tested":3043},{"age_group":"30-39   ","count":255,"tested":2811},{"age_group":"40-49   ","count":268,"tested":3180},{"age_group":"50-59   ","count":294,"tested":3966},{"age_group":"60-69   ","count":270,"tested":3972},{"age_group":"70-79   ","count":162,"tested":2626},{"age_group":"80+","count":157,"tested":2835}],"race":[{"description":"Left Blank","count":733,"tested":13791,"color":"rgb(44,160,44)"},{"description":"Hispanic","count":115,"tested":494,"color":"rgb(214,39,40)"},{"description":"Black","count":803,"tested":8422,"color":"rgb(255,127,14)"},{"description":"White","count":131,"tested":1212,"color":"rgb(31,119,180)"},{"description":"Other","count":52,"tested":262,"color":"rgb(148,103,189)"}],"gender":[{"description":"Female","count":974,"tested":14675,"color":"rgb(255,127,14)"},{"description":"Male","count":765,"tested":9159,"color":"rgb(31,119,180)"},{"description":"Unknown/Left Blank","count":54,"tested":462,"color":"rgb(44,160,44)"}]}
