{"age":[{"age_group":"20-29   ","count":16,"tested":87},{"age_group":"40-49   ","count":25,"tested":92},{"age_group":"50-59   ","count":23,"tested":88},{"age_group":"60-69   ","count":17,"tested":67}],"race":[{"description":"Left Blank","count":48,"tested":353,"color":"rgb(44,160,44)"},{"description":"White","count":28,"tested":235,"color":"rgb(31,119,180)"}],"gender":[{"description":"Male","count":37,"tested":239,"color":"rgb(31,119,180)"},{"description":"Female","count":41,"tested":358,"color":"rgb(255,127,14)"}]}
