{"age":[{"age_group":"<20","count":504,"tested":2733},{"age_group":"20-29   ","count":630,"tested":4206},{"age_group":"30-39   ","count":529,"tested":3819},{"age_group":"40-49   ","count":552,"tested":3231},{"age_group":"50-59   ","count":550,"tested":3811},{"age_group":"60-69   ","count":367,"tested":3274},{"age_group":"70-79   ","count":227,"tested":1684},{"age_group":"80+","count":202,"tested":1199}],"race":[{"description":"Hispanic","count":1082,"tested":3851,"color":"rgb(214,39,40)"},{"description":"Left Blank","count":774,"tested":9316,"color":"rgb(44,160,44)"},{"description":"White","count":776,"tested":8446,"color":"rgb(31,119,180)"},{"description":"Other","count":268,"tested":1026,"color":"rgb(148,103,189)"},{"description":"Black","count":169,"tested":292,"color":"rgb(255,127,14)"},{"description":"Asian","count":204,"tested":917,"color":"rgb(140,86,75)"}],"gender":[{"description":"Unknown/Left Blank","count":153,"tested":212,"color":"rgb(44,160,44)"},{"description":"Male","count":1379,"tested":10407,"color":"rgb(31,119,180)"},{"description":"Female","count":1319,"tested":13340,"color":"rgb(255,127,14)"}]}
