{"age":[{"age_group":"<20","count":130,"tested":998},{"age_group":"20-29   ","count":134,"tested":1380},{"age_group":"30-39   ","count":149,"tested":1326},{"age_group":"40-49   ","count":141,"tested":1244},{"age_group":"50-59   ","count":119,"tested":1287},{"age_group":"60-69   ","count":103,"tested":1138},{"age_group":"70-79   ","count":52,"tested":485},{"age_group":"80+","count":36,"tested":270}],"race":[{"description":"Black","count":335,"tested":3562,"color":"rgb(255,127,14)"},{"description":"Hispanic","count":103,"tested":432,"color":"rgb(214,39,40)"},{"description":"White","count":38,"tested":361,"color":"rgb(31,119,180)"},{"description":"Other","count":33,"tested":149,"color":"rgb(148,103,189)"},{"description":"Left Blank","count":316,"tested":3609,"color":"rgb(44,160,44)"}],"gender":[{"description":"Male","count":346,"tested":3198,"color":"rgb(31,119,180)"},{"description":"Unknown/Left Blank","count":21,"tested":153,"color":"rgb(44,160,44)"},{"description":"Female","count":437,"tested":4781,"color":"rgb(255,127,14)"}]}
