{"age":[{"age_group":"<20","count":328,"tested":3637},{"age_group":"20-29   ","count":231,"tested":2707},{"age_group":"30-39   ","count":177,"tested":1890},{"age_group":"40-49   ","count":213,"tested":2182},{"age_group":"50-59   ","count":245,"tested":2749},{"age_group":"60-69   ","count":169,"tested":1954},{"age_group":"70-79   ","count":126,"tested":1083},{"age_group":"80+","count":107,"tested":626}],"race":[{"description":"White","count":581,"tested":7676,"color":"rgb(31,119,180)"},{"description":"Asian","count":96,"tested":263,"color":"rgb(140,86,75)"},{"description":"Hispanic","count":208,"tested":714,"color":"rgb(214,39,40)"},{"description":"Left Blank","count":298,"tested":6849,"color":"rgb(44,160,44)"},{"description":"Other","count":173,"tested":1258,"color":"rgb(148,103,189)"}],"gender":[{"description":"Male","count":590,"tested":8048,"color":"rgb(31,119,180)"},{"description":"Unknown/Left Blank","count":85,"tested":105,"color":"rgb(44,160,44)"},{"description":"Female","count":531,"tested":8677,"color":"rgb(255,127,14)"}]}
