{"age":[{"age_group":"<20","count":229,"tested":2682},{"age_group":"20-29   ","count":531,"tested":10410},{"age_group":"30-39   ","count":662,"tested":9530},{"age_group":"40-49   ","count":492,"tested":5806},{"age_group":"50-59   ","count":426,"tested":5268},{"age_group":"60-69   ","count":325,"tested":4107},{"age_group":"70-79   ","count":161,"tested":1892},{"age_group":"80+","count":86,"tested":817}],"race":[{"description":"Hispanic","count":397,"tested":2868,"color":"rgb(214,39,40)"},{"description":"White","count":332,"tested":5859,"color":"rgb(31,119,180)"},{"description":"Left Blank","count":789,"tested":17977,"color":"rgb(44,160,44)"},{"description":"Other","count":130,"tested":1820,"color":"rgb(148,103,189)"},{"description":"Asian","count":91,"tested":1663,"color":"rgb(140,86,75)"},{"description":"NH/PI*","count":41,"tested":33,"color":"rgb(127,127,127)"},{"description":"Black","count":1097,"tested":10257,"color":"rgb(255,127,14)"}],"gender":[{"description":"Unknown/Left Blank","count":80,"tested":1608,"color":"rgb(44,160,44)"},{"description":"Male","count":1378,"tested":21127,"color":"rgb(31,119,180)"},{"description":"Female","count":1279,"tested":17785,"color":"rgb(255,127,14)"}]}
