{"age":[{"age_group":"<20","count":291,"tested":1327},{"age_group":"20-29   ","count":391,"tested":2237},{"age_group":"30-39   ","count":336,"tested":1927},{"age_group":"40-49   ","count":339,"tested":1814},{"age_group":"50-59   ","count":407,"tested":2631},{"age_group":"60-69   ","count":304,"tested":1847},{"age_group":"70-79   ","count":221,"tested":1105},{"age_group":"80+","count":173,"tested":621}],"race":[{"description":"Hispanic","count":257,"tested":563,"color":"rgb(214,39,40)"},{"description":"Left Blank","count":567,"tested":5139,"color":"rgb(44,160,44)"},{"description":"Other","count":181,"tested":203,"color":"rgb(148,103,189)"},{"description":"Asian","count":152,"tested":95,"color":"rgb(140,86,75)"},{"description":"White","count":865,"tested":7391,"color":"rgb(31,119,180)"},{"description":"Black","count":151,"tested":88,"color":"rgb(255,127,14)"}],"gender":[{"description":"Unknown/Left Blank","count":148,"tested":71,"color":"rgb(44,160,44)"},{"description":"Female","count":819,"tested":7705,"color":"rgb(255,127,14)"},{"description":"Male","count":785,"tested":5734,"color":"rgb(31,119,180)"}]}
