{"age":[{"age_group":"<20","count":273,"tested":2082},{"age_group":"20-29   ","count":253,"tested":2476},{"age_group":"30-39   ","count":197,"tested":2044},{"age_group":"40-49   ","count":303,"tested":2652},{"age_group":"50-59   ","count":289,"tested":2991},{"age_group":"60-69   ","count":137,"tested":1605},{"age_group":"70-79   ","count":83,"tested":695},{"age_group":"80+","count":58,"tested":272}],"race":[{"description":"Asian","count":157,"tested":1339,"color":"rgb(140,86,75)"},{"description":"Black","count":199,"tested":1573,"color":"rgb(255,127,14)"},{"description":"Hispanic","count":204,"tested":966,"color":"rgb(214,39,40)"},{"description":"White","count":325,"tested":3490,"color":"rgb(31,119,180)"},{"description":"Left Blank","count":502,"tested":6734,"color":"rgb(44,160,44)"},{"description":"Other","count":110,"tested":668,"color":"rgb(148,103,189)"}],"gender":[{"description":"Female","count":666,"tested":8123,"color":"rgb(255,127,14)"},{"description":"Male","count":652,"tested":6536,"color":"rgb(31,119,180)"}]}
