{"age":[{"age_group":"20-29   ","count":20,"tested":77},{"age_group":"30-39   ","count":15,"tested":62},{"age_group":"40-49   ","count":15,"tested":70},{"age_group":"50-59   ","count":18,"tested":72},{"age_group":"60-69   ","count":16,"tested":78}],"race":[{"description":"Left Blank","count":27,"tested":170,"color":"rgb(44,160,44)"},{"description":"White","count":40,"tested":339,"color":"rgb(31,119,180)"}],"gender":[{"description":"Male","count":33,"tested":206,"color":"rgb(31,119,180)"},{"description":"Female","count":35,"tested":319,"color":"rgb(255,127,14)"}]}
