{"age":[{"age_group":"<20","count":86,"tested":670},{"age_group":"20-29   ","count":86,"tested":1121},{"age_group":"30-39   ","count":91,"tested":1187},{"age_group":"40-49   ","count":95,"tested":1380},{"age_group":"50-59   ","count":89,"tested":1285},{"age_group":"60-69   ","count":58,"tested":1050},{"age_group":"70-79   ","count":43,"tested":894},{"age_group":"80+","count":54,"tested":974}],"race":[{"description":"White","count":127,"tested":1082,"color":"rgb(31,119,180)"},{"description":"Black","count":20,"tested":127,"color":"rgb(255,127,14)"},{"description":"Other","count":44,"tested":256,"color":"rgb(148,103,189)"},{"description":"Hispanic","count":269,"tested":1667,"color":"rgb(214,39,40)"},{"description":"Left Blank","count":106,"tested":5279,"color":"rgb(44,160,44)"}],"gender":[{"description":"Male","count":250,"tested":3378,"color":"rgb(31,119,180)"},{"description":"Female","count":282,"tested":5032,"color":"rgb(255,127,14)"}]}
