{"age":[{"age_group":"<20","count":20,"tested":136},{"age_group":"20-29   ","count":26,"tested":181},{"age_group":"30-39   ","count":19,"tested":130},{"age_group":"40-49   ","count":20,"tested":125},{"age_group":"50-59   ","count":17,"tested":145},{"age_group":"60-69   ","count":18,"tested":125},{"age_group":"70-79   ","count":16,"tested":71}],"race":[{"description":"White","count":70,"tested":618,"color":"rgb(31,119,180)"},{"description":"Left Blank","count":30,"tested":270,"color":"rgb(44,160,44)"}],"gender":[{"description":"Male","count":55,"tested":401,"color":"rgb(31,119,180)"},{"description":"Female","count":47,"tested":537,"color":"rgb(255,127,14)"}]}
