{"age":[{"age_group":"<20","count":208,"tested":1006},{"age_group":"20-29   ","count":277,"tested":1504},{"age_group":"30-39   ","count":223,"tested":1238},{"age_group":"40-49   ","count":221,"tested":1131},{"age_group":"50-59   ","count":161,"tested":922},{"age_group":"60-69   ","count":115,"tested":799},{"age_group":"70-79   ","count":55,"tested":327},{"age_group":"80+","count":47,"tested":248}],"race":[{"description":"Black","count":68,"tested":414,"color":"rgb(255,127,14)"},{"description":"Hispanic","count":527,"tested":1933,"color":"rgb(214,39,40)"},{"description":"Left Blank","count":339,"tested":2735,"color":"rgb(44,160,44)"},{"description":"White","count":184,"tested":1419,"color":"rgb(31,119,180)"},{"description":"Other","count":118,"tested":615,"color":"rgb(148,103,189)"}],"gender":[{"description":"Male","count":561,"tested":3148,"color":"rgb(31,119,180)"},{"description":"Female","count":612,"tested":3987,"color":"rgb(255,127,14)"}]}
