{"lastUpdatedDate":{"year":2021,"month":3,"day":8},"county_demographics":[{"County":"Coles","confirmed_cases":5257,"total_tested":68633,"demographics":{"age":[{"race":[],"age_group":"<20","count":929,"tested":10915,"deaths":0},{"race":[],"age_group":"20-29   ","count":1086,"tested":15094,"deaths":0},{"race":[],"age_group":"30-39   ","count":681,"tested":8979,"deaths":0},{"race":[],"age_group":"40-49   ","count":611,"tested":7322,"deaths":0},{"race":[],"age_group":"50-59   ","count":635,"tested":8287,"deaths":0},{"race":[],"age_group":"60-69   ","count":613,"tested":7674,"deaths":0},{"race":[],"age_group":"70-79   ","count":390,"tested":5387,"deaths":0},{"race":[],"age_group":"80+","count":312,"tested":4965,"deaths":0},{"race":[],"age_group":"Unknown","count":0,"tested":10,"deaths":0}],"race":[{"description":"AI/AN**","count":0,"tested":26,"deaths":0,"color":"rgb(31,119,180)"},{"description":"Asian","count":17,"tested":337,"deaths":0,"color":"rgb(140,86,75)"},{"description":"Black","count":170,"tested":2958,"deaths":0,"color":"rgb(255,127,14)"},{"description":"Hispanic","count":111,"tested":944,"deaths":0,"color":"rgb(214,39,40)"},{"description":"Left Blank","count":686,"tested":13212,"deaths":0,"color":"rgb(44,160,44)"},{"description":"NH/PI*","count":0,"tested":21,"deaths":0,"color":"rgb(127,127,127)"},{"description":"Other","count":90,"tested":1821,"deaths":0,"color":"rgb(148,103,189)"},{"description":"White","count":4170,"tested":49314,"deaths":0,"color":"rgb(31,119,180)"}],"gender":[{"description":"Female","count":2816,"tested":40727,"deaths":0,"color":"rgb(255,127,14)"},{"description":"Male","count":2357,"tested":27004,"deaths":0,"color":"rgb(31,119,180)"},{"description":"Unknown/Left Blank","count":84,"tested":902,"deaths":0,"color":"rgb(44,160,44)"}]}}]}
