{"lastUpdatedDate":{"year":2021,"month":3,"day":8},"county_demographics":[{"County":"Whiteside","confirmed_cases":5961,"total_tested":58627,"demographics":{"age":[{"race":[],"age_group":"<20","count":828,"tested":8863,"deaths":0},{"race":[],"age_group":"20-29   ","count":876,"tested":9057,"deaths":0},{"race":[],"age_group":"30-39   ","count":863,"tested":9116,"deaths":0},{"race":[],"age_group":"40-49   ","count":826,"tested":8125,"deaths":0},{"race":[],"age_group":"50-59   ","count":971,"tested":8785,"deaths":0},{"race":[],"age_group":"60-69   ","count":751,"tested":7064,"deaths":0},{"race":[],"age_group":"70-79   ","count":428,"tested":3732,"deaths":0},{"race":[],"age_group":"80+","count":413,"tested":3869,"deaths":0},{"race":[],"age_group":"Unknown","count":0,"tested":16,"deaths":0}],"race":[{"description":"AI/AN**","count":0,"tested":17,"deaths":0,"color":"rgb(31,119,180)"},{"description":"Asian","count":14,"tested":109,"deaths":0,"color":"rgb(140,86,75)"},{"description":"Black","count":127,"tested":1588,"deaths":0,"color":"rgb(255,127,14)"},{"description":"Hispanic","count":372,"tested":2016,"deaths":0,"color":"rgb(214,39,40)"},{"description":"Left Blank","count":1336,"tested":27019,"deaths":0,"color":"rgb(44,160,44)"},{"description":"NH/PI*","count":0,"tested":10,"deaths":0,"color":"rgb(127,127,127)"},{"description":"Other","count":288,"tested":1597,"deaths":0,"color":"rgb(148,103,189)"},{"description":"White","count":3813,"tested":26271,"deaths":0,"color":"rgb(31,119,180)"}],"gender":[{"description":"Female","count":3210,"tested":35050,"deaths":0,"color":"rgb(255,127,14)"},{"description":"Male","count":2648,"tested":20117,"deaths":0,"color":"rgb(31,119,180)"},{"description":"Unknown/Left Blank","count":102,"tested":3460,"deaths":0,"color":"rgb(44,160,44)"}]}}]}
