{"lastUpdatedDate":{"year":2020,"month":12,"day":13},"county_demographics":[{"County":"Mason","confirmed_cases":863,"total_tested":11204,"demographics":{"age":[{"race":[],"age_group":"<20","count":130,"tested":1757,"deaths":0},{"race":[],"age_group":"Unknown","count":0,"tested":0,"deaths":0},{"race":[],"age_group":"40-49   ","count":105,"tested":1641,"deaths":0},{"race":[],"age_group":"80+","count":79,"tested":869,"deaths":0},{"race":[],"age_group":"60-69   ","count":113,"tested":1345,"deaths":0},{"race":[],"age_group":"20-29   ","count":83,"tested":1414,"deaths":0},{"race":[],"age_group":"30-39   ","count":128,"tested":1656,"deaths":0},{"race":[],"age_group":"50-59   ","count":129,"tested":1610,"deaths":0},{"race":[],"age_group":"70-79   ","count":89,"tested":912,"deaths":0}],"race":[{"description":"AI/AN**","count":0,"tested":0,"deaths":0,"color":"rgb(31,119,180)"},{"description":"Asian","count":0,"tested":8,"deaths":0,"color":"rgb(140,86,75)"},{"description":"Black","count":0,"tested":29,"deaths":0,"color":"rgb(255,127,14)"},{"description":"Hispanic","count":6,"tested":24,"deaths":0,"color":"rgb(214,39,40)"},{"description":"Left Blank","count":358,"tested":4663,"deaths":0,"color":"rgb(44,160,44)"},{"description":"Other","count":0,"tested":88,"deaths":0,"color":"rgb(148,103,189)"},{"description":"White","count":490,"tested":6389,"deaths":0,"color":"rgb(31,119,180)"}],"gender":[{"description":"Female","count":500,"tested":6798,"deaths":0,"color":"rgb(255,127,14)"},{"description":"Male","count":338,"tested":3978,"deaths":0,"color":"rgb(31,119,180)"},{"description":"Unknown/Left Blank","count":25,"tested":428,"deaths":0,"color":"rgb(44,160,44)"}]}}]}
