{"lastUpdatedDate":{"year":2020,"month":12,"day":13},"county_demographics":[{"County":"Clay","confirmed_cases":1077,"total_tested":8852,"demographics":{"age":[{"race":[],"age_group":"40-49   ","count":151,"tested":1021,"deaths":0},{"race":[],"age_group":"20-29   ","count":129,"tested":1270,"deaths":0},{"race":[],"age_group":"70-79   ","count":124,"tested":836,"deaths":0},{"race":[],"age_group":"<20","count":146,"tested":1477,"deaths":0},{"race":[],"age_group":"Unknown","count":0,"tested":0,"deaths":0},{"race":[],"age_group":"50-59   ","count":169,"tested":1246,"deaths":0},{"race":[],"age_group":"60-69   ","count":148,"tested":1205,"deaths":0},{"race":[],"age_group":"80+","count":67,"tested":674,"deaths":0},{"race":[],"age_group":"30-39   ","count":142,"tested":1120,"deaths":0}],"race":[{"description":"AI/AN**","count":0,"tested":6,"deaths":0,"color":"rgb(31,119,180)"},{"description":"Asian","count":0,"tested":28,"deaths":0,"color":"rgb(140,86,75)"},{"description":"Black","count":0,"tested":34,"deaths":0,"color":"rgb(255,127,14)"},{"description":"Hispanic","count":0,"tested":35,"deaths":0,"color":"rgb(214,39,40)"},{"description":"Left Blank","count":124,"tested":1852,"deaths":0,"color":"rgb(44,160,44)"},{"description":"NH/PI*","count":0,"tested":0,"deaths":0,"color":"rgb(127,127,127)"},{"description":"Other","count":6,"tested":188,"deaths":0,"color":"rgb(148,103,189)"},{"description":"White","count":937,"tested":6707,"deaths":0,"color":"rgb(31,119,180)"}],"gender":[{"description":"Female","count":568,"tested":5315,"deaths":0,"color":"rgb(255,127,14)"},{"description":"Male","count":502,"tested":3426,"deaths":0,"color":"rgb(31,119,180)"},{"description":"Unknown/Left Blank","count":0,"tested":111,"deaths":0,"color":"rgb(44,160,44)"}]}}]}
