{"lastUpdatedDate":{"year":2020,"month":12,"day":13},"county_demographics":[{"County":"Livingston","confirmed_cases":2736,"total_tested":35946,"demographics":{"age":[{"race":[],"age_group":"80+","count":173,"tested":5576,"deaths":0},{"race":[],"age_group":"<20","count":355,"tested":4085,"deaths":0},{"race":[],"age_group":"20-29   ","count":419,"tested":4854,"deaths":0},{"race":[],"age_group":"70-79   ","count":169,"tested":2688,"deaths":0},{"race":[],"age_group":"60-69   ","count":329,"tested":4280,"deaths":0},{"race":[],"age_group":"50-59   ","count":411,"tested":5279,"deaths":0},{"race":[],"age_group":"Unknown","count":0,"tested":21,"deaths":0},{"race":[],"age_group":"40-49   ","count":419,"tested":3989,"deaths":0},{"race":[],"age_group":"30-39   ","count":460,"tested":5174,"deaths":0}],"race":[{"description":"AI/AN**","count":0,"tested":7,"deaths":0,"color":"rgb(31,119,180)"},{"description":"Asian","count":0,"tested":44,"deaths":0,"color":"rgb(140,86,75)"},{"description":"Black","count":63,"tested":494,"deaths":0,"color":"rgb(255,127,14)"},{"description":"Hispanic","count":69,"tested":472,"deaths":0,"color":"rgb(214,39,40)"},{"description":"Left Blank","count":795,"tested":17825,"deaths":0,"color":"rgb(44,160,44)"},{"description":"NH/PI*","count":0,"tested":7,"deaths":0,"color":"rgb(127,127,127)"},{"description":"Other","count":65,"tested":654,"deaths":0,"color":"rgb(148,103,189)"},{"description":"White","count":1740,"tested":16443,"deaths":0,"color":"rgb(31,119,180)"}],"gender":[{"description":"Female","count":1365,"tested":22477,"deaths":0,"color":"rgb(255,127,14)"},{"description":"Male","count":1321,"tested":11970,"deaths":0,"color":"rgb(31,119,180)"},{"description":"Unknown/Left Blank","count":50,"tested":1499,"deaths":0,"color":"rgb(44,160,44)"}]}}]}
