{"lastUpdatedDate":{"year":2020,"month":12,"day":13},"county_demographics":[{"County":"Jasper","confirmed_cases":791,"total_tested":6195,"demographics":{"age":[{"race":[],"age_group":"30-39   ","count":100,"tested":668,"deaths":0},{"race":[],"age_group":"40-49   ","count":103,"tested":838,"deaths":0},{"race":[],"age_group":"<20","count":123,"tested":833,"deaths":0},{"race":[],"age_group":"20-29   ","count":93,"tested":709,"deaths":0},{"race":[],"age_group":"Unknown","count":0,"tested":0,"deaths":0},{"race":[],"age_group":"50-59   ","count":123,"tested":900,"deaths":0},{"race":[],"age_group":"70-79   ","count":70,"tested":582,"deaths":0},{"race":[],"age_group":"60-69   ","count":111,"tested":713,"deaths":0},{"race":[],"age_group":"80+","count":68,"tested":950,"deaths":0}],"race":[{"description":"AI/AN**","count":0,"tested":0,"deaths":0,"color":"rgb(31,119,180)"},{"description":"Asian","count":0,"tested":0,"deaths":0,"color":"rgb(140,86,75)"},{"description":"Black","count":0,"tested":10,"deaths":0,"color":"rgb(255,127,14)"},{"description":"Hispanic","count":0,"tested":40,"deaths":0,"color":"rgb(214,39,40)"},{"description":"Left Blank","count":244,"tested":1125,"deaths":0,"color":"rgb(44,160,44)"},{"description":"Other","count":0,"tested":273,"deaths":0,"color":"rgb(148,103,189)"},{"description":"White","count":537,"tested":4744,"deaths":0,"color":"rgb(31,119,180)"}],"gender":[{"description":"Female","count":442,"tested":3987,"deaths":0,"color":"rgb(255,127,14)"},{"description":"Male","count":327,"tested":2038,"deaths":0,"color":"rgb(31,119,180)"},{"description":"Unknown/Left Blank","count":22,"tested":170,"deaths":0,"color":"rgb(44,160,44)"}]}}]}
