{"lastUpdatedDate":{"year":2020,"month":12,"day":13},"county_demographics":[{"County":"Champaign","confirmed_cases":12388,"total_tested":1176337,"demographics":{"age":[{"race":[],"age_group":"<20","count":3394,"tested":279036,"deaths":0},{"race":[],"age_group":"Unknown","count":0,"tested":172,"deaths":0},{"race":[],"age_group":"80+","count":276,"tested":12326,"deaths":0},{"race":[],"age_group":"30-39   ","count":1471,"tested":115347,"deaths":0},{"race":[],"age_group":"20-29   ","count":3832,"tested":528329,"deaths":0},{"race":[],"age_group":"70-79   ","count":357,"tested":18757,"deaths":0},{"race":[],"age_group":"40-49   ","count":1188,"tested":88467,"deaths":0},{"race":[],"age_group":"50-59   ","count":1069,"tested":81719,"deaths":0},{"race":[],"age_group":"60-69   ","count":799,"tested":52184,"deaths":0}],"race":[{"description":"AI/AN**","count":0,"tested":1695,"deaths":0,"color":"rgb(31,119,180)"},{"description":"Asian","count":601,"tested":222871,"deaths":0,"color":"rgb(140,86,75)"},{"description":"Black","count":1772,"tested":89678,"deaths":0,"color":"rgb(255,127,14)"},{"description":"Hispanic","count":1553,"tested":81843,"deaths":0,"color":"rgb(214,39,40)"},{"description":"Left Blank","count":412,"tested":56454,"deaths":0,"color":"rgb(44,160,44)"},{"description":"NH/PI*","count":8,"tested":806,"deaths":0,"color":"rgb(127,127,127)"},{"description":"Other","count":346,"tested":61595,"deaths":0,"color":"rgb(148,103,189)"},{"description":"White","count":7690,"tested":661395,"deaths":0,"color":"rgb(31,119,180)"}],"gender":[{"description":"Female","count":6157,"tested":578749,"deaths":0,"color":"rgb(255,127,14)"},{"description":"Male","count":6206,"tested":595396,"deaths":0,"color":"rgb(31,119,180)"},{"description":"Unknown/Left Blank","count":21,"tested":2192,"deaths":0,"color":"rgb(44,160,44)"}]}}]}
