{"lastUpdatedDate":{"year":2020,"month":12,"day":13},"county_demographics":[{"County":"White","confirmed_cases":839,"total_tested":12781,"demographics":{"age":[{"race":[],"age_group":"60-69   ","count":136,"tested":1512,"deaths":0},{"race":[],"age_group":"<20","count":100,"tested":1309,"deaths":0},{"race":[],"age_group":"40-49   ","count":102,"tested":1544,"deaths":0},{"race":[],"age_group":"50-59   ","count":127,"tested":1485,"deaths":0},{"race":[],"age_group":"Unknown","count":0,"tested":6,"deaths":0},{"race":[],"age_group":"80+","count":73,"tested":2480,"deaths":0},{"race":[],"age_group":"20-29   ","count":111,"tested":1750,"deaths":0},{"race":[],"age_group":"30-39   ","count":100,"tested":1617,"deaths":0},{"race":[],"age_group":"70-79   ","count":77,"tested":1078,"deaths":0}],"race":[{"description":"Asian","count":0,"tested":16,"deaths":0,"color":"rgb(140,86,75)"},{"description":"Black","count":0,"tested":8,"deaths":0,"color":"rgb(255,127,14)"},{"description":"Hispanic","count":0,"tested":16,"deaths":0,"color":"rgb(214,39,40)"},{"description":"Left Blank","count":284,"tested":8835,"deaths":0,"color":"rgb(44,160,44)"},{"description":"NH/PI*","count":0,"tested":0,"deaths":0,"color":"rgb(127,127,127)"},{"description":"Other","count":6,"tested":47,"deaths":0,"color":"rgb(148,103,189)"},{"description":"White","count":543,"tested":3857,"deaths":0,"color":"rgb(31,119,180)"}],"gender":[{"description":"Female","count":428,"tested":9282,"deaths":0,"color":"rgb(255,127,14)"},{"description":"Male","count":318,"tested":3022,"deaths":0,"color":"rgb(31,119,180)"},{"description":"Unknown/Left Blank","count":93,"tested":477,"deaths":0,"color":"rgb(44,160,44)"}]}}]}
