{"age":[{"age_group":"<20","count":633,"tested":6197},{"age_group":"20-29   ","count":768,"tested":9386},{"age_group":"30-39   ","count":548,"tested":7560},{"age_group":"40-49   ","count":648,"tested":6861},{"age_group":"50-59   ","count":511,"tested":6529},{"age_group":"60-69   ","count":235,"tested":3530},{"age_group":"70-79   ","count":79,"tested":1380},{"age_group":"80+","count":41,"tested":610}],"race":[{"description":"Other","count":118,"tested":1809,"color":"rgb(148,103,189)"},{"description":"Left Blank","count":705,"tested":15310,"color":"rgb(44,160,44)"},{"description":"Hispanic","count":920,"tested":5122,"color":"rgb(214,39,40)"},{"description":"White","count":1042,"tested":11540,"color":"rgb(31,119,180)"},{"description":"Asian","count":251,"tested":3487,"color":"rgb(140,86,75)"},{"description":"Black","count":420,"tested":4695,"color":"rgb(255,127,14)"}],"gender":[{"description":"Female","count":1815,"tested":23533,"color":"rgb(255,127,14)"},{"description":"Male","count":1631,"tested":18129,"color":"rgb(31,119,180)"},{"description":"Unknown/Left Blank","count":17,"tested":396,"color":"rgb(44,160,44)"}]}
