{"age":[{"age_group":"<20","count":252,"tested":1885},{"age_group":"20-29   ","count":297,"tested":3603},{"age_group":"30-39   ","count":299,"tested":3208},{"age_group":"40-49   ","count":246,"tested":2749},{"age_group":"50-59   ","count":307,"tested":3321},{"age_group":"60-69   ","count":226,"tested":3273},{"age_group":"70-79   ","count":142,"tested":1945},{"age_group":"80+","count":84,"tested":1065}],"race":[{"description":"Hispanic","count":140,"tested":814,"color":"rgb(214,39,40)"},{"description":"Asian","count":35,"tested":265,"color":"rgb(140,86,75)"},{"description":"Black","count":64,"tested":583,"color":"rgb(255,127,14)"},{"description":"White","count":749,"tested":5887,"color":"rgb(31,119,180)"},{"description":"Other","count":105,"tested":724,"color":"rgb(148,103,189)"},{"description":"Left Blank","count":755,"tested":12766,"color":"rgb(44,160,44)"}],"gender":[{"description":"Unknown/Left Blank","count":22,"tested":303,"color":"rgb(44,160,44)"},{"description":"Male","count":867,"tested":8033,"color":"rgb(31,119,180)"},{"description":"Female","count":964,"tested":12723,"color":"rgb(255,127,14)"}]}
