{"age":[{"age_group":"<20","count":44,"tested":654},{"age_group":"20-29   ","count":197,"tested":8959},{"age_group":"30-39   ","count":190,"tested":9334},{"age_group":"40-49   ","count":131,"tested":5278},{"age_group":"50-59   ","count":122,"tested":2679},{"age_group":"60-69   ","count":52,"tested":979},{"age_group":"70-79   ","count":20,"tested":279},{"age_group":"80+","count":8,"tested":127}],"race":[{"description":"Left Blank","count":398,"tested":27455,"color":"rgb(44,160,44)"},{"description":"White","count":282,"tested":2017,"color":"rgb(31,119,180)"},{"description":"Other","count":25,"tested":155,"color":"rgb(148,103,189)"},{"description":"Hispanic","count":9,"tested":63,"color":"rgb(214,39,40)"},{"description":"Black","count":48,"tested":73,"color":"rgb(255,127,14)"}],"gender":[{"description":"Female","count":185,"tested":1886,"color":"rgb(255,127,14)"},{"description":"Male","count":441,"tested":14197,"color":"rgb(31,119,180)"},{"description":"Unknown/Left Blank","count":138,"tested":13700,"color":"rgb(44,160,44)"}]}
