{"age":[{"age_group":"<20","count":269,"tested":2336},{"age_group":"20-29   ","count":373,"tested":4558},{"age_group":"30-39   ","count":382,"tested":5266},{"age_group":"40-49   ","count":360,"tested":5908},{"age_group":"50-59   ","count":418,"tested":8146},{"age_group":"60-69   ","count":280,"tested":5464},{"age_group":"70-79   ","count":112,"tested":2414},{"age_group":"80+","count":37,"tested":1135}],"race":[{"description":"Other","count":52,"tested":613,"color":"rgb(148,103,189)"},{"description":"Left Blank","count":644,"tested":11589,"color":"rgb(44,160,44)"},{"description":"White","count":344,"tested":6775,"color":"rgb(31,119,180)"},{"description":"Hispanic","count":120,"tested":1049,"color":"rgb(214,39,40)"},{"description":"Asian","count":8,"tested":127,"color":"rgb(140,86,75)"},{"description":"Black","count":1057,"tested":15013,"color":"rgb(255,127,14)"}],"gender":[{"description":"Female","count":1255,"tested":19589,"color":"rgb(255,127,14)"},{"description":"Male","count":965,"tested":14824,"color":"rgb(31,119,180)"},{"description":"Unknown/Left Blank","count":11,"tested":834,"color":"rgb(44,160,44)"}]}
