{"age":[{"age_group":"<20","count":34,"tested":272},{"age_group":"20-29   ","count":33,"tested":296},{"age_group":"30-39   ","count":31,"tested":404},{"age_group":"40-49   ","count":27,"tested":307},{"age_group":"50-59   ","count":24,"tested":302},{"age_group":"60-69   ","count":16,"tested":380},{"age_group":"70-79   ","count":6,"tested":162}],"race":[{"description":"Left Blank","count":43,"tested":722,"color":"rgb(44,160,44)"},{"description":"White","count":101,"tested":1278,"color":"rgb(31,119,180)"},{"description":"Hispanic","count":20,"tested":146,"color":"rgb(214,39,40)"}],"gender":[{"description":"Male","count":73,"tested":857,"color":"rgb(31,119,180)"},{"description":"Female","count":99,"tested":1303,"color":"rgb(255,127,14)"}]}
