{"age":[{"age_group":"<20","count":156,"tested":1199},{"age_group":"20-29   ","count":129,"tested":1210},{"age_group":"30-39   ","count":109,"tested":1097},{"age_group":"40-49   ","count":128,"tested":957},{"age_group":"50-59   ","count":120,"tested":1175},{"age_group":"60-69   ","count":85,"tested":767},{"age_group":"70-79   ","count":29,"tested":467},{"age_group":"80+","count":14,"tested":243}],"race":[{"description":"Black","count":7,"tested":59,"color":"rgb(255,127,14)"},{"description":"Hispanic","count":113,"tested":428,"color":"rgb(214,39,40)"},{"description":"Left Blank","count":214,"tested":2969,"color":"rgb(44,160,44)"},{"description":"Other","count":6,"tested":71,"color":"rgb(148,103,189)"},{"description":"White","count":428,"tested":3560,"color":"rgb(31,119,180)"}],"gender":[{"description":"Male","count":370,"tested":2855,"color":"rgb(31,119,180)"},{"description":"Female","count":401,"tested":4222,"color":"rgb(255,127,14)"}]}
