{"age":[{"age_group":"<20","count":369,"tested":3275},{"age_group":"20-29   ","count":512,"tested":7791},{"age_group":"30-39   ","count":532,"tested":8736},{"age_group":"40-49   ","count":496,"tested":9862},{"age_group":"50-59   ","count":533,"tested":11462},{"age_group":"60-69   ","count":542,"tested":12156},{"age_group":"70-79   ","count":336,"tested":7294},{"age_group":"80+","count":486,"tested":11020}],"race":[{"description":"NH/PI*","count":19,"tested":172,"color":"rgb(127,127,127)"},{"description":"AI/AN**","count":11,"tested":77,"color":"rgb(31,119,180)"},{"description":"Left Blank","count":1161,"tested":43302,"color":"rgb(44,160,44)"},{"description":"Other","count":381,"tested":2499,"color":"rgb(148,103,189)"},{"description":"Black","count":57,"tested":1056,"color":"rgb(255,127,14)"},{"description":"White","count":1344,"tested":14597,"color":"rgb(31,119,180)"},{"description":"Asian","count":436,"tested":7047,"color":"rgb(140,86,75)"},{"description":"Hispanic","count":399,"tested":2888,"color":"rgb(214,39,40)"}],"gender":[{"description":"Female","count":2027,"tested":43241,"color":"rgb(255,127,14)"},{"description":"Male","count":1749,"tested":27339,"color":"rgb(31,119,180)"},{"description":"Unknown/Left Blank","count":32,"tested":1058,"color":"rgb(44,160,44)"}]}
