{"age":[{"age_group":"20-29   ","count":24,"tested":780},{"age_group":"30-39   ","count":22,"tested":754},{"age_group":"40-49   ","count":14,"tested":303},{"age_group":"50-59   ","count":9,"tested":321}],"race":[{"description":"Asian","count":7,"tested":421,"color":"rgb(140,86,75)"},{"description":"White","count":26,"tested":934,"color":"rgb(31,119,180)"},{"description":"Black","count":8,"tested":176,"color":"rgb(255,127,14)"},{"description":"Other","count":6,"tested":133,"color":"rgb(148,103,189)"},{"description":"Left Blank","count":24,"tested":868,"color":"rgb(44,160,44)"},{"description":"Hispanic","count":8,"tested":128,"color":"rgb(214,39,40)"}],"gender":[{"description":"Male","count":44,"tested":1608,"color":"rgb(31,119,180)"},{"description":"Female","count":35,"tested":1034,"color":"rgb(255,127,14)"}]}
