{"age":[{"age_group":"<20","count":169,"tested":5847},{"age_group":"20-29   ","count":99,"tested":2853},{"age_group":"30-39   ","count":90,"tested":1970},{"age_group":"40-49   ","count":94,"tested":3009},{"age_group":"50-59   ","count":113,"tested":2953},{"age_group":"60-69   ","count":64,"tested":2564},{"age_group":"70-79   ","count":44,"tested":1863},{"age_group":"80+","count":62,"tested":2334}],"race":[{"description":"Other","count":52,"tested":858,"color":"rgb(148,103,189)"},{"description":"Left Blank","count":156,"tested":7402,"color":"rgb(44,160,44)"},{"description":"Asian","count":31,"tested":1138,"color":"rgb(140,86,75)"},{"description":"Black","count":28,"tested":454,"color":"rgb(255,127,14)"},{"description":"Hispanic","count":83,"tested":1875,"color":"rgb(214,39,40)"},{"description":"White","count":383,"tested":11587,"color":"rgb(31,119,180)"}],"gender":[{"description":"Female","count":367,"tested":12275,"color":"rgb(255,127,14)"},{"description":"Male","count":356,"tested":10912,"color":"rgb(31,119,180)"}]}
