{"age":[{"age_group":"<20","count":7,"tested":128},{"age_group":"20-29   ","count":13,"tested":180},{"age_group":"30-39   ","count":9,"tested":214},{"age_group":"40-49   ","count":9,"tested":96},{"age_group":"50-59   ","count":19,"tested":193},{"age_group":"60-69   ","count":11,"tested":220}],"race":[{"description":"White","count":58,"tested":872,"color":"rgb(31,119,180)"},{"description":"Left Blank","count":7,"tested":279,"color":"rgb(44,160,44)"}],"gender":[{"description":"Female","count":33,"tested":795,"color":"rgb(255,127,14)"},{"description":"Male","count":38,"tested":380,"color":"rgb(31,119,180)"}]}
