{"age":[{"age_group":"<20","count":274,"tested":2649},{"age_group":"20-29   ","count":236,"tested":2065},{"age_group":"30-39   ","count":212,"tested":2021},{"age_group":"40-49   ","count":256,"tested":2169},{"age_group":"50-59   ","count":265,"tested":2049},{"age_group":"60-69   ","count":234,"tested":1713},{"age_group":"70-79   ","count":129,"tested":862},{"age_group":"80+","count":55,"tested":395}],"race":[{"description":"Left Blank","count":303,"tested":4007,"color":"rgb(44,160,44)"},{"description":"Hispanic","count":133,"tested":789,"color":"rgb(214,39,40)"},{"description":"White","count":1092,"tested":8034,"color":"rgb(31,119,180)"},{"description":"Black","count":43,"tested":522,"color":"rgb(255,127,14)"},{"description":"Other","count":85,"tested":508,"color":"rgb(148,103,189)"}],"gender":[{"description":"Female","count":878,"tested":7751,"color":"rgb(255,127,14)"},{"description":"Male","count":757,"tested":5436,"color":"rgb(31,119,180)"},{"description":"Unknown/Left Blank","count":29,"tested":737,"color":"rgb(44,160,44)"}]}
