{"age":[{"age_group":"<20","count":38,"tested":349},{"age_group":"20-29   ","count":30,"tested":376},{"age_group":"30-39   ","count":28,"tested":419},{"age_group":"40-49   ","count":42,"tested":361},{"age_group":"50-59   ","count":29,"tested":349},{"age_group":"60-69   ","count":37,"tested":451},{"age_group":"70-79   ","count":26,"tested":195},{"age_group":"80+","count":6,"tested":117}],"race":[{"description":"Hispanic","count":20,"tested":65,"color":"rgb(214,39,40)"},{"description":"Left Blank","count":51,"tested":1402,"color":"rgb(44,160,44)"},{"description":"White","count":142,"tested":1017,"color":"rgb(31,119,180)"},{"description":"Other","count":15,"tested":69,"color":"rgb(148,103,189)"}],"gender":[{"description":"Female","count":117,"tested":1345,"color":"rgb(255,127,14)"},{"description":"Male","count":119,"tested":1172,"color":"rgb(31,119,180)"}]}
