{"age":[{"age_group":"20-29   ","count":8,"tested":152},{"age_group":"40-49   ","count":11,"tested":175},{"age_group":"50-59   ","count":7,"tested":147},{"age_group":"70-79   ","count":8,"tested":57}],"race":[{"description":"Left Blank","count":13,"tested":319,"color":"rgb(44,160,44)"},{"description":"White","count":26,"tested":399,"color":"rgb(31,119,180)"}],"gender":[{"description":"Male","count":22,"tested":220,"color":"rgb(31,119,180)"},{"description":"Female","count":23,"tested":541,"color":"rgb(255,127,14)"}]}
