{"age":[{"age_group":"<20","count":537,"tested":5332},{"age_group":"20-29   ","count":710,"tested":6102},{"age_group":"30-39   ","count":652,"tested":5855},{"age_group":"40-49   ","count":614,"tested":5609},{"age_group":"50-59   ","count":657,"tested":6015},{"age_group":"60-69   ","count":331,"tested":3787},{"age_group":"70-79   ","count":160,"tested":2082},{"age_group":"80+","count":63,"tested":923}],"race":[{"description":"AI/AN**","count":11,"tested":58,"color":"rgb(31,119,180)"},{"description":"Asian","count":20,"tested":267,"color":"rgb(140,86,75)"},{"description":"Hispanic","count":338,"tested":1761,"color":"rgb(214,39,40)"},{"description":"Black","count":158,"tested":1189,"color":"rgb(255,127,14)"},{"description":"Left Blank","count":1168,"tested":14768,"color":"rgb(44,160,44)"},{"description":"Other","count":112,"tested":1306,"color":"rgb(148,103,189)"},{"description":"White","count":1917,"tested":16339,"color":"rgb(31,119,180)"}],"gender":[{"description":"Female","count":1795,"tested":19323,"color":"rgb(255,127,14)"},{"description":"Male","count":1887,"tested":15625,"color":"rgb(31,119,180)"},{"description":"Unknown/Left Blank","count":42,"tested":761,"color":"rgb(44,160,44)"}]}
