{"age":[{"age_group":"<20","count":439,"tested":3724},{"age_group":"20-29   ","count":365,"tested":3485},{"age_group":"30-39   ","count":348,"tested":3016},{"age_group":"40-49   ","count":336,"tested":3107},{"age_group":"50-59   ","count":313,"tested":2782},{"age_group":"60-69   ","count":219,"tested":2114},{"age_group":"70-79   ","count":100,"tested":1066},{"age_group":"80+","count":45,"tested":693}],"race":[{"description":"Other","count":34,"tested":358,"color":"rgb(148,103,189)"},{"description":"Left Blank","count":262,"tested":8396,"color":"rgb(44,160,44)"},{"description":"Hispanic","count":717,"tested":2673,"color":"rgb(214,39,40)"},{"description":"White","count":603,"tested":4634,"color":"rgb(31,119,180)"},{"description":"Black","count":542,"tested":3843,"color":"rgb(255,127,14)"}],"gender":[{"description":"Unknown/Left Blank","count":25,"tested":616,"color":"rgb(44,160,44)"},{"description":"Male","count":1013,"tested":7933,"color":"rgb(31,119,180)"},{"description":"Female","count":1127,"tested":11438,"color":"rgb(255,127,14)"}]}
