{"age":[{"age_group":"<20","count":8,"tested":74},{"age_group":"20-29   ","count":10,"tested":85},{"age_group":"30-39   ","count":15,"tested":64},{"age_group":"40-49   ","count":9,"tested":67},{"age_group":"50-59   ","count":18,"tested":135},{"age_group":"60-69   ","count":8,"tested":82}],"race":[{"description":"White","count":58,"tested":374,"color":"rgb(31,119,180)"},{"description":"Left Blank","count":14,"tested":193,"color":"rgb(44,160,44)"}],"gender":[{"description":"Female","count":38,"tested":319,"color":"rgb(255,127,14)"},{"description":"Male","count":35,"tested":251,"color":"rgb(31,119,180)"}]}
