{"age":[{"age_group":"<20","count":111,"tested":703},{"age_group":"20-29   ","count":157,"tested":999},{"age_group":"30-39   ","count":122,"tested":821},{"age_group":"40-49   ","count":131,"tested":572},{"age_group":"50-59   ","count":86,"tested":603},{"age_group":"60-69   ","count":65,"tested":410},{"age_group":"70-79   ","count":25,"tested":143},{"age_group":"80+","count":8,"tested":64}],"race":[{"description":"Black","count":16,"tested":108,"color":"rgb(255,127,14)"},{"description":"Other","count":42,"tested":301,"color":"rgb(148,103,189)"},{"description":"Hispanic","count":363,"tested":1573,"color":"rgb(214,39,40)"},{"description":"Left Blank","count":196,"tested":1669,"color":"rgb(44,160,44)"},{"description":"White","count":80,"tested":628,"color":"rgb(31,119,180)"}],"gender":[{"description":"Female","count":344,"tested":2291,"color":"rgb(255,127,14)"},{"description":"Male","count":352,"tested":1960,"color":"rgb(31,119,180)"}]}
