{"age":[{"age_group":"<20","count":312,"tested":3516},{"age_group":"20-29   ","count":224,"tested":3814},{"age_group":"30-39   ","count":243,"tested":4371},{"age_group":"40-49   ","count":261,"tested":4836},{"age_group":"50-59   ","count":254,"tested":4770},{"age_group":"60-69   ","count":149,"tested":3554},{"age_group":"70-79   ","count":55,"tested":1926},{"age_group":"80+","count":29,"tested":3121}],"race":[{"description":"Black","count":53,"tested":1957,"color":"rgb(255,127,14)"},{"description":"Asian","count":22,"tested":579,"color":"rgb(140,86,75)"},{"description":"Hispanic","count":331,"tested":3576,"color":"rgb(214,39,40)"},{"description":"Left Blank","count":441,"tested":8426,"color":"rgb(44,160,44)"},{"description":"White","count":597,"tested":14135,"color":"rgb(31,119,180)"},{"description":"Other","count":80,"tested":1165,"color":"rgb(148,103,189)"}],"gender":[{"description":"Female","count":801,"tested":18086,"color":"rgb(255,127,14)"},{"description":"Male","count":709,"tested":11203,"color":"rgb(31,119,180)"},{"description":"Unknown/Left Blank","count":18,"tested":627,"color":"rgb(44,160,44)"}]}
