{"age":[{"age_group":"<20","count":55,"tested":473},{"age_group":"20-29   ","count":42,"tested":286},{"age_group":"30-39   ","count":37,"tested":318},{"age_group":"40-49   ","count":44,"tested":363},{"age_group":"50-59   ","count":51,"tested":444},{"age_group":"60-69   ","count":46,"tested":319},{"age_group":"70-79   ","count":23,"tested":123},{"age_group":"80+","count":7,"tested":85}],"race":[{"description":"Hispanic","count":13,"tested":58,"color":"rgb(214,39,40)"},{"description":"Left Blank","count":130,"tested":799,"color":"rgb(44,160,44)"},{"description":"White","count":161,"tested":1520,"color":"rgb(31,119,180)"}],"gender":[{"description":"Female","count":143,"tested":1651,"color":"rgb(255,127,14)"},{"description":"Male","count":143,"tested":717,"color":"rgb(31,119,180)"},{"description":"Unknown/Left Blank","count":19,"tested":43,"color":"rgb(44,160,44)"}]}
