{"age":[{"age_group":"<20","count":295,"tested":4959},{"age_group":"20-29   ","count":721,"tested":24178},{"age_group":"30-39   ","count":851,"tested":19310},{"age_group":"40-49   ","count":593,"tested":12329},{"age_group":"50-59   ","count":471,"tested":11006},{"age_group":"60-69   ","count":343,"tested":7577},{"age_group":"70-79   ","count":145,"tested":3193},{"age_group":"80+","count":56,"tested":1396}],"race":[{"description":"Left Blank","count":757,"tested":39077,"color":"rgb(44,160,44)"},{"description":"White","count":436,"tested":14343,"color":"rgb(31,119,180)"},{"description":"Hispanic","count":489,"tested":4991,"color":"rgb(214,39,40)"},{"description":"Other","count":127,"tested":3337,"color":"rgb(148,103,189)"},{"description":"Asian","count":80,"tested":3477,"color":"rgb(140,86,75)"},{"description":"NH/PI*","count":8,"tested":75,"color":"rgb(127,127,127)"},{"description":"Black","count":1577,"tested":18588,"color":"rgb(255,127,14)"}],"gender":[{"description":"Unknown/Left Blank","count":62,"tested":2755,"color":"rgb(44,160,44)"},{"description":"Male","count":1731,"tested":49480,"color":"rgb(31,119,180)"},{"description":"Female","count":1683,"tested":31730,"color":"rgb(255,127,14)"}]}
