{"age":[{"age_group":"<20","count":54,"tested":442},{"age_group":"20-29   ","count":28,"tested":243},{"age_group":"30-39   ","count":38,"tested":318},{"age_group":"40-49   ","count":46,"tested":379},{"age_group":"50-59   ","count":35,"tested":382},{"age_group":"60-69   ","count":36,"tested":427},{"age_group":"70-79   ","count":22,"tested":251},{"age_group":"80+","count":7,"tested":121}],"race":[{"description":"White","count":196,"tested":1731,"color":"rgb(31,119,180)"},{"description":"Left Blank","count":62,"tested":757,"color":"rgb(44,160,44)"}],"gender":[{"description":"Female","count":144,"tested":1420,"color":"rgb(255,127,14)"},{"description":"Male","count":122,"tested":1065,"color":"rgb(31,119,180)"}]}
