{"age":[{"age_group":"<20","count":532,"tested":5618},{"age_group":"20-29   ","count":182,"tested":2989},{"age_group":"30-39   ","count":115,"tested":2642},{"age_group":"40-49   ","count":230,"tested":3513},{"age_group":"50-59   ","count":311,"tested":4374},{"age_group":"60-69   ","count":192,"tested":3284},{"age_group":"70-79   ","count":105,"tested":2386},{"age_group":"80+","count":99,"tested":2281}],"race":[{"description":"Hispanic","count":70,"tested":557,"color":"rgb(214,39,40)"},{"description":"Left Blank","count":412,"tested":13426,"color":"rgb(44,160,44)"},{"description":"White","count":1120,"tested":10539,"color":"rgb(31,119,180)"},{"description":"Asian","count":74,"tested":1108,"color":"rgb(140,86,75)"},{"description":"Black","count":24,"tested":501,"color":"rgb(255,127,14)"},{"description":"Other","count":61,"tested":925,"color":"rgb(148,103,189)"}],"gender":[{"description":"Male","count":847,"tested":11776,"color":"rgb(31,119,180)"},{"description":"Female","count":889,"tested":14996,"color":"rgb(255,127,14)"},{"description":"Unknown/Left Blank","count":30,"tested":317,"color":"rgb(44,160,44)"}]}
