{"age":[{"age_group":"<20","count":21,"tested":144},{"age_group":"20-29   ","count":7,"tested":124},{"age_group":"30-39   ","count":13,"tested":66},{"age_group":"40-49   ","count":14,"tested":83},{"age_group":"50-59   ","count":9,"tested":147},{"age_group":"60-69   ","count":6,"tested":111},{"age_group":"70-79   ","count":8,"tested":115}],"race":[{"description":"Left Blank","count":6,"tested":243,"color":"rgb(44,160,44)"},{"description":"White","count":72,"tested":515,"color":"rgb(31,119,180)"}],"gender":[{"description":"Female","count":40,"tested":504,"color":"rgb(255,127,14)"},{"description":"Male","count":39,"tested":294,"color":"rgb(31,119,180)"}]}
