{"age":[{"age_group":"<20","count":41,"tested":457},{"age_group":"20-29   ","count":30,"tested":471},{"age_group":"30-39   ","count":33,"tested":710},{"age_group":"40-49   ","count":34,"tested":495},{"age_group":"50-59   ","count":31,"tested":455},{"age_group":"60-69   ","count":28,"tested":313},{"age_group":"70-79   ","count":11,"tested":162}],"race":[{"description":"Left Blank","count":38,"tested":1015,"color":"rgb(44,160,44)"},{"description":"White","count":162,"tested":1982,"color":"rgb(31,119,180)"}],"gender":[{"description":"Female","count":114,"tested":1933,"color":"rgb(255,127,14)"},{"description":"Male","count":100,"tested":1153,"color":"rgb(31,119,180)"}]}
