{"age":[{"age_group":"<20","count":624,"tested":8581},{"age_group":"20-29   ","count":407,"tested":6406},{"age_group":"30-39   ","count":397,"tested":6211},{"age_group":"40-49   ","count":355,"tested":5050},{"age_group":"50-59   ","count":473,"tested":6256},{"age_group":"60-69   ","count":298,"tested":5070},{"age_group":"70-79   ","count":115,"tested":3006},{"age_group":"80+","count":112,"tested":4045}],"race":[{"description":"Asian","count":64,"tested":794,"color":"rgb(140,86,75)"},{"description":"Black","count":60,"tested":899,"color":"rgb(255,127,14)"},{"description":"Hispanic","count":238,"tested":2145,"color":"rgb(214,39,40)"},{"description":"Left Blank","count":466,"tested":15113,"color":"rgb(44,160,44)"},{"description":"Other","count":82,"tested":1378,"color":"rgb(148,103,189)"},{"description":"White","count":1866,"tested":24279,"color":"rgb(31,119,180)"}],"gender":[{"description":"Female","count":1437,"tested":25001,"color":"rgb(255,127,14)"},{"description":"Male","count":1331,"tested":19160,"color":"rgb(31,119,180)"}]}
