{"age":[{"age_group":"<20","count":37,"tested":367},{"age_group":"20-29   ","count":17,"tested":210},{"age_group":"30-39   ","count":20,"tested":262},{"age_group":"40-49   ","count":19,"tested":242},{"age_group":"50-59   ","count":16,"tested":247},{"age_group":"60-69   ","count":6,"tested":174},{"age_group":"70-79   ","count":12,"tested":100}],"race":[{"description":"Left Blank","count":13,"tested":321,"color":"rgb(44,160,44)"},{"description":"White","count":107,"tested":1254,"color":"rgb(31,119,180)"}],"gender":[{"description":"Female","count":64,"tested":932,"color":"rgb(255,127,14)"},{"description":"Male","count":63,"tested":713,"color":"rgb(31,119,180)"}]}
