{"age":[{"age_group":"<20","count":717,"tested":10044},{"age_group":"20-29   ","count":451,"tested":6602},{"age_group":"30-39   ","count":370,"tested":6397},{"age_group":"40-49   ","count":464,"tested":5849},{"age_group":"50-59   ","count":517,"tested":7910},{"age_group":"60-69   ","count":290,"tested":5257},{"age_group":"70-79   ","count":127,"tested":3227},{"age_group":"80+","count":114,"tested":5204}],"race":[{"description":"Asian","count":53,"tested":770,"color":"rgb(140,86,75)"},{"description":"Black","count":17,"tested":483,"color":"rgb(255,127,14)"},{"description":"Hispanic","count":185,"tested":1723,"color":"rgb(214,39,40)"},{"description":"Left Blank","count":641,"tested":19276,"color":"rgb(44,160,44)"},{"description":"Other","count":74,"tested":1278,"color":"rgb(148,103,189)"},{"description":"White","count":2079,"tested":27019,"color":"rgb(31,119,180)"}],"gender":[{"description":"Female","count":1552,"tested":29018,"color":"rgb(255,127,14)"},{"description":"Male","count":1483,"tested":21193,"color":"rgb(31,119,180)"},{"description":"Unknown/Left Blank","count":18,"tested":368,"color":"rgb(44,160,44)"}]}
