{"age":[{"age_group":"<20","count":35,"tested":500},{"age_group":"20-29   ","count":29,"tested":323},{"age_group":"30-39   ","count":26,"tested":450},{"age_group":"40-49   ","count":29,"tested":282},{"age_group":"50-59   ","count":29,"tested":440},{"age_group":"60-69   ","count":22,"tested":329},{"age_group":"70-79   ","count":19,"tested":124},{"age_group":"80+","count":13,"tested":78}],"race":[{"description":"Left Blank","count":61,"tested":647,"color":"rgb(44,160,44)"},{"description":"White","count":137,"tested":1816,"color":"rgb(31,119,180)"}],"gender":[{"description":"Female","count":105,"tested":1705,"color":"rgb(255,127,14)"},{"description":"Male","count":95,"tested":765,"color":"rgb(31,119,180)"}]}
