{"age":[{"age_group":"<20","count":838,"tested":11223},{"age_group":"20-29   ","count":849,"tested":12954},{"age_group":"30-39   ","count":772,"tested":11907},{"age_group":"40-49   ","count":757,"tested":10018},{"age_group":"50-59   ","count":936,"tested":12903},{"age_group":"60-69   ","count":502,"tested":8479},{"age_group":"70-79   ","count":198,"tested":4876},{"age_group":"80+","count":131,"tested":5353}],"race":[{"description":"AI/AN**","count":12,"tested":182,"color":"rgb(31,119,180)"},{"description":"Asian","count":469,"tested":7360,"color":"rgb(140,86,75)"},{"description":"Black","count":92,"tested":1287,"color":"rgb(255,127,14)"},{"description":"Hispanic","count":553,"tested":4327,"color":"rgb(214,39,40)"},{"description":"Left Blank","count":998,"tested":36278,"color":"rgb(44,160,44)"},{"description":"NH/PI*","count":13,"tested":143,"color":"rgb(127,127,127)"},{"description":"Other","count":181,"tested":2576,"color":"rgb(148,103,189)"},{"description":"White","count":2665,"tested":25600,"color":"rgb(31,119,180)"}],"gender":[{"description":"Female","count":2488,"tested":44731,"color":"rgb(255,127,14)"},{"description":"Male","count":2470,"tested":31882,"color":"rgb(31,119,180)"},{"description":"Unknown/Left Blank","count":25,"tested":1140,"color":"rgb(44,160,44)"}]}
