{"age":[{"age_group":"20-29   ","count":31,"tested":1286},{"age_group":"30-39   ","count":25,"tested":1251},{"age_group":"40-49   ","count":15,"tested":611},{"age_group":"50-59   ","count":10,"tested":539}],"race":[{"description":"Asian","count":9,"tested":750,"color":"rgb(140,86,75)"},{"description":"Black","count":9,"tested":287,"color":"rgb(255,127,14)"},{"description":"Hispanic","count":10,"tested":222,"color":"rgb(214,39,40)"},{"description":"Left Blank","count":25,"tested":1691,"color":"rgb(44,160,44)"},{"description":"Other","count":7,"tested":229,"color":"rgb(148,103,189)"},{"description":"White","count":32,"tested":1406,"color":"rgb(31,119,180)"}],"gender":[{"description":"Female","count":44,"tested":1732,"color":"rgb(255,127,14)"},{"description":"Male","count":48,"tested":2813,"color":"rgb(31,119,180)"}]}
