{"age":[{"age_group":"<20","count":507,"tested":4840},{"age_group":"20-29   ","count":558,"tested":5049},{"age_group":"30-39   ","count":521,"tested":5092},{"age_group":"40-49   ","count":528,"tested":4276},{"age_group":"50-59   ","count":446,"tested":4182},{"age_group":"60-69   ","count":239,"tested":3020},{"age_group":"70-79   ","count":119,"tested":1337},{"age_group":"80+","count":70,"tested":651}],"race":[{"description":"AI/AN**","count":57,"tested":218,"color":"rgb(31,119,180)"},{"description":"Black","count":374,"tested":4940,"color":"rgb(255,127,14)"},{"description":"Hispanic","count":1244,"tested":6968,"color":"rgb(214,39,40)"},{"description":"Left Blank","count":750,"tested":9371,"color":"rgb(44,160,44)"},{"description":"Other","count":163,"tested":2118,"color":"rgb(148,103,189)"},{"description":"White","count":394,"tested":4733,"color":"rgb(31,119,180)"}],"gender":[{"description":"Female","count":1540,"tested":15926,"color":"rgb(255,127,14)"},{"description":"Male","count":1432,"tested":12269,"color":"rgb(31,119,180)"},{"description":"Unknown/Left Blank","count":16,"tested":260,"color":"rgb(44,160,44)"}]}
