{"age":[{"age_group":"<20","count":39,"tested":577},{"age_group":"20-29   ","count":53,"tested":842},{"age_group":"30-39   ","count":41,"tested":798},{"age_group":"40-49   ","count":41,"tested":661},{"age_group":"50-59   ","count":55,"tested":1340},{"age_group":"60-69   ","count":35,"tested":746},{"age_group":"70-79   ","count":26,"tested":656},{"age_group":"80+","count":46,"tested":2092}],"race":[{"description":"Hispanic","count":6,"tested":45,"color":"rgb(214,39,40)"},{"description":"Left Blank","count":49,"tested":4345,"color":"rgb(44,160,44)"},{"description":"Other","count":10,"tested":153,"color":"rgb(148,103,189)"},{"description":"White","count":269,"tested":3125,"color":"rgb(31,119,180)"}],"gender":[{"description":"Female","count":196,"tested":5440,"color":"rgb(255,127,14)"},{"description":"Male","count":139,"tested":2164,"color":"rgb(31,119,180)"}]}
