{"age":[{"age_group":"<20","count":572,"tested":10812},{"age_group":"20-29   ","count":710,"tested":10660},{"age_group":"30-39   ","count":640,"tested":10392},{"age_group":"40-49   ","count":520,"tested":8391},{"age_group":"50-59   ","count":511,"tested":7549},{"age_group":"60-69   ","count":323,"tested":6110},{"age_group":"70-79   ","count":143,"tested":2828},{"age_group":"80+","count":133,"tested":3102}],"race":[{"description":"AI/AN**","count":24,"tested":322,"color":"rgb(31,119,180)"},{"description":"Asian","count":408,"tested":7924,"color":"rgb(140,86,75)"},{"description":"Black","count":159,"tested":2014,"color":"rgb(255,127,14)"},{"description":"Hispanic","count":786,"tested":5932,"color":"rgb(214,39,40)"},{"description":"Left Blank","count":1089,"tested":28523,"color":"rgb(44,160,44)"},{"description":"NH/PI*","count":7,"tested":109,"color":"rgb(127,127,127)"},{"description":"Other","count":144,"tested":1717,"color":"rgb(148,103,189)"},{"description":"White","count":935,"tested":13345,"color":"rgb(31,119,180)"}],"gender":[{"description":"Female","count":1802,"tested":32032,"color":"rgb(255,127,14)"},{"description":"Male","count":1725,"tested":27098,"color":"rgb(31,119,180)"},{"description":"Unknown/Left Blank","count":25,"tested":756,"color":"rgb(44,160,44)"}]}
