{"age":[{"age_group":"<20","count":577,"tested":7020},{"age_group":"20-29   ","count":391,"tested":4445},{"age_group":"30-39   ","count":401,"tested":5815},{"age_group":"40-49   ","count":502,"tested":5861},{"age_group":"50-59   ","count":410,"tested":4878},{"age_group":"60-69   ","count":258,"tested":4071},{"age_group":"70-79   ","count":172,"tested":2940},{"age_group":"80+","count":97,"tested":1736}],"race":[{"description":"Asian","count":185,"tested":3224,"color":"rgb(140,86,75)"},{"description":"Black","count":63,"tested":623,"color":"rgb(255,127,14)"},{"description":"Hispanic","count":354,"tested":2407,"color":"rgb(214,39,40)"},{"description":"Left Blank","count":743,"tested":14418,"color":"rgb(44,160,44)"},{"description":"NH/PI*","count":7,"tested":51,"color":"rgb(127,127,127)"},{"description":"Other","count":101,"tested":791,"color":"rgb(148,103,189)"},{"description":"White","count":1353,"tested":15179,"color":"rgb(31,119,180)"}],"gender":[{"description":"Female","count":1432,"tested":20112,"color":"rgb(255,127,14)"},{"description":"Male","count":1360,"tested":16230,"color":"rgb(31,119,180)"},{"description":"Unknown/Left Blank","count":18,"tested":437,"color":"rgb(44,160,44)"}]}
