{"age":[{"age_group":"<20","count":31,"tested":253},{"age_group":"20-29   ","count":24,"tested":174},{"age_group":"30-39   ","count":30,"tested":201},{"age_group":"40-49   ","count":20,"tested":125},{"age_group":"50-59   ","count":32,"tested":208},{"age_group":"60-69   ","count":33,"tested":223},{"age_group":"70-79   ","count":12,"tested":118}],"race":[{"description":"Left Blank","count":27,"tested":341,"color":"rgb(44,160,44)"},{"description":"White","count":153,"tested":929,"color":"rgb(31,119,180)"}],"gender":[{"description":"Female","count":96,"tested":713,"color":"rgb(255,127,14)"},{"description":"Male","count":86,"tested":628,"color":"rgb(31,119,180)"}]}
