{"age":[{"age_group":"<20","count":833,"tested":17464},{"age_group":"20-29   ","count":612,"tested":10924},{"age_group":"30-39   ","count":498,"tested":11652},{"age_group":"40-49   ","count":608,"tested":12087},{"age_group":"50-59   ","count":653,"tested":12780},{"age_group":"60-69   ","count":481,"tested":10484},{"age_group":"70-79   ","count":219,"tested":6056},{"age_group":"80+","count":300,"tested":7735}],"race":[{"description":"Asian","count":109,"tested":3214,"color":"rgb(140,86,75)"},{"description":"Black","count":27,"tested":686,"color":"rgb(255,127,14)"},{"description":"Hispanic","count":214,"tested":3148,"color":"rgb(214,39,40)"},{"description":"Left Blank","count":1198,"tested":41942,"color":"rgb(44,160,44)"},{"description":"NH/PI*","count":11,"tested":107,"color":"rgb(127,127,127)"},{"description":"Other","count":192,"tested":2866,"color":"rgb(148,103,189)"},{"description":"White","count":2448,"tested":37123,"color":"rgb(31,119,180)"}],"gender":[{"description":"Female","count":2152,"tested":50646,"color":"rgb(255,127,14)"},{"description":"Male","count":2001,"tested":37554,"color":"rgb(31,119,180)"},{"description":"Unknown/Left Blank","count":51,"tested":1011,"color":"rgb(44,160,44)"}]}
