{"age":[{"age_group":"<20","count":82,"tested":785},{"age_group":"20-29   ","count":45,"tested":447},{"age_group":"30-39   ","count":45,"tested":378},{"age_group":"40-49   ","count":40,"tested":468},{"age_group":"50-59   ","count":41,"tested":424},{"age_group":"60-69   ","count":22,"tested":369},{"age_group":"70-79   ","count":15,"tested":311},{"age_group":"80+","count":12,"tested":204}],"race":[{"description":"Hispanic","count":15,"tested":63,"color":"rgb(214,39,40)"},{"description":"Left Blank","count":14,"tested":376,"color":"rgb(44,160,44)"},{"description":"Other","count":11,"tested":152,"color":"rgb(148,103,189)"},{"description":"White","count":261,"tested":2751,"color":"rgb(31,119,180)"}],"gender":[{"description":"Female","count":162,"tested":1769,"color":"rgb(255,127,14)"},{"description":"Male","count":140,"tested":1553,"color":"rgb(31,119,180)"}]}
