{"age":[{"age_group":"<20","count":212,"tested":2610},{"age_group":"20-29   ","count":173,"tested":2150},{"age_group":"30-39   ","count":140,"tested":2287},{"age_group":"40-49   ","count":182,"tested":2539},{"age_group":"50-59   ","count":148,"tested":3063},{"age_group":"60-69   ","count":103,"tested":2004},{"age_group":"70-79   ","count":66,"tested":988},{"age_group":"80+","count":22,"tested":355}],"race":[{"description":"Asian","count":57,"tested":1394,"color":"rgb(140,86,75)"},{"description":"Black","count":99,"tested":1800,"color":"rgb(255,127,14)"},{"description":"Hispanic","count":213,"tested":1881,"color":"rgb(214,39,40)"},{"description":"Left Blank","count":260,"tested":4942,"color":"rgb(44,160,44)"},{"description":"Other","count":57,"tested":672,"color":"rgb(148,103,189)"},{"description":"White","count":357,"tested":5166,"color":"rgb(31,119,180)"}],"gender":[{"description":"Female","count":527,"tested":8885,"color":"rgb(255,127,14)"},{"description":"Male","count":517,"tested":6981,"color":"rgb(31,119,180)"}]}
