{"age":[{"age_group":"<20","count":399,"tested":4728},{"age_group":"20-29   ","count":508,"tested":4928},{"age_group":"30-39   ","count":417,"tested":4398},{"age_group":"40-49   ","count":401,"tested":4017},{"age_group":"50-59   ","count":516,"tested":5250},{"age_group":"60-69   ","count":311,"tested":3989},{"age_group":"70-79   ","count":143,"tested":2348},{"age_group":"80+","count":42,"tested":1251}],"race":[{"description":"Asian","count":25,"tested":340,"color":"rgb(140,86,75)"},{"description":"Black","count":17,"tested":191,"color":"rgb(255,127,14)"},{"description":"Hispanic","count":244,"tested":1528,"color":"rgb(214,39,40)"},{"description":"Left Blank","count":701,"tested":10050,"color":"rgb(44,160,44)"},{"description":"Other","count":81,"tested":943,"color":"rgb(148,103,189)"},{"description":"White","count":1659,"tested":17770,"color":"rgb(31,119,180)"}],"gender":[{"description":"Female","count":1369,"tested":17363,"color":"rgb(255,127,14)"},{"description":"Male","count":1355,"tested":13339,"color":"rgb(31,119,180)"},{"description":"Unknown/Left Blank","count":13,"tested":210,"color":"rgb(44,160,44)"}]}
