{"age":[{"age_group":"<20","count":124,"tested":1796},{"age_group":"20-29   ","count":106,"tested":1023},{"age_group":"30-39   ","count":110,"tested":1147},{"age_group":"40-49   ","count":105,"tested":1238},{"age_group":"50-59   ","count":98,"tested":1227},{"age_group":"60-69   ","count":79,"tested":1050},{"age_group":"70-79   ","count":66,"tested":900},{"age_group":"80+","count":16,"tested":343}],"race":[{"description":"Black","count":6,"tested":89,"color":"rgb(255,127,14)"},{"description":"Hispanic","count":19,"tested":134,"color":"rgb(214,39,40)"},{"description":"Left Blank","count":245,"tested":3834,"color":"rgb(44,160,44)"},{"description":"Other","count":13,"tested":150,"color":"rgb(148,103,189)"},{"description":"White","count":420,"tested":4498,"color":"rgb(31,119,180)"}],"gender":[{"description":"Female","count":361,"tested":4818,"color":"rgb(255,127,14)"},{"description":"Male","count":342,"tested":3801,"color":"rgb(31,119,180)"}]}
