{"age":[{"age_group":"<20","count":1182,"tested":15078},{"age_group":"20-29   ","count":2079,"tested":41112},{"age_group":"30-39   ","count":1854,"tested":34792},{"age_group":"40-49   ","count":1393,"tested":20624},{"age_group":"50-59   ","count":1109,"tested":16348},{"age_group":"60-69   ","count":740,"tested":13232},{"age_group":"70-79   ","count":367,"tested":6328},{"age_group":"80+","count":185,"tested":3219}],"race":[{"description":"AI/AN**","count":10,"tested":263,"color":"rgb(31,119,180)"},{"description":"Asian","count":245,"tested":6831,"color":"rgb(140,86,75)"},{"description":"Black","count":1040,"tested":20613,"color":"rgb(255,127,14)"},{"description":"Hispanic","count":4805,"tested":40432,"color":"rgb(214,39,40)"},{"description":"Left Blank","count":1415,"tested":48332,"color":"rgb(44,160,44)"},{"description":"NH/PI*","count":8,"tested":87,"color":"rgb(127,127,127)"},{"description":"Other","count":349,"tested":7198,"color":"rgb(148,103,189)"},{"description":"White","count":1037,"tested":27017,"color":"rgb(31,119,180)"}],"gender":[{"description":"Female","count":4254,"tested":72428,"color":"rgb(255,127,14)"},{"description":"Male","count":4592,"tested":73668,"color":"rgb(31,119,180)"},{"description":"Unknown/Left Blank","count":63,"tested":4677,"color":"rgb(44,160,44)"}]}
