{"age":[{"age_group":"<20","count":347,"tested":3951},{"age_group":"20-29   ","count":419,"tested":5675},{"age_group":"30-39   ","count":376,"tested":5342},{"age_group":"40-49   ","count":474,"tested":6972},{"age_group":"50-59   ","count":373,"tested":6738},{"age_group":"60-69   ","count":230,"tested":5243},{"age_group":"70-79   ","count":139,"tested":3009},{"age_group":"80+","count":96,"tested":1900}],"race":[{"description":"Asian","count":11,"tested":225,"color":"rgb(140,86,75)"},{"description":"Black","count":1386,"tested":18293,"color":"rgb(255,127,14)"},{"description":"Hispanic","count":108,"tested":849,"color":"rgb(214,39,40)"},{"description":"Left Blank","count":692,"tested":14988,"color":"rgb(44,160,44)"},{"description":"Other","count":51,"tested":837,"color":"rgb(148,103,189)"},{"description":"White","count":200,"tested":3474,"color":"rgb(31,119,180)"}],"gender":[{"description":"Female","count":1376,"tested":22971,"color":"rgb(255,127,14)"},{"description":"Male","count":1059,"tested":14761,"color":"rgb(31,119,180)"},{"description":"Unknown/Left Blank","count":19,"tested":1100,"color":"rgb(44,160,44)"}]}
