{"age":[{"age_group":"<20","count":582,"tested":6540},{"age_group":"20-29   ","count":719,"tested":7533},{"age_group":"30-39   ","count":505,"tested":6306},{"age_group":"40-49   ","count":566,"tested":6619},{"age_group":"50-59   ","count":544,"tested":7874},{"age_group":"60-69   ","count":333,"tested":6114},{"age_group":"70-79   ","count":170,"tested":3890},{"age_group":"80+","count":150,"tested":3969}],"race":[{"description":"Asian","count":49,"tested":749,"color":"rgb(140,86,75)"},{"description":"Black","count":65,"tested":1159,"color":"rgb(255,127,14)"},{"description":"Hispanic","count":1657,"tested":11487,"color":"rgb(214,39,40)"},{"description":"Left Blank","count":936,"tested":24143,"color":"rgb(44,160,44)"},{"description":"Other","count":138,"tested":1909,"color":"rgb(148,103,189)"},{"description":"White","count":718,"tested":9359,"color":"rgb(31,119,180)"}],"gender":[{"description":"Female","count":1832,"tested":29094,"color":"rgb(255,127,14)"},{"description":"Male","count":1723,"tested":19487,"color":"rgb(31,119,180)"},{"description":"Unknown/Left Blank","count":14,"tested":289,"color":"rgb(44,160,44)"}]}
