{"age":[{"age_group":"<20","count":1044,"tested":18800},{"age_group":"20-29   ","count":671,"tested":11895},{"age_group":"30-39   ","count":409,"tested":8625},{"age_group":"40-49   ","count":641,"tested":11069},{"age_group":"50-59   ","count":771,"tested":12940},{"age_group":"60-69   ","count":312,"tested":6899},{"age_group":"70-79   ","count":131,"tested":3744},{"age_group":"80+","count":40,"tested":2521}],"race":[{"description":"AI/AN**","count":14,"tested":218,"color":"rgb(31,119,180)"},{"description":"Asian","count":450,"tested":11111,"color":"rgb(140,86,75)"},{"description":"Black","count":179,"tested":2860,"color":"rgb(255,127,14)"},{"description":"Hispanic","count":178,"tested":2184,"color":"rgb(214,39,40)"},{"description":"Left Blank","count":1254,"tested":29864,"color":"rgb(44,160,44)"},{"description":"Other","count":162,"tested":3717,"color":"rgb(148,103,189)"},{"description":"White","count":1781,"tested":26474,"color":"rgb(31,119,180)"}],"gender":[{"description":"Female","count":2052,"tested":41241,"color":"rgb(255,127,14)"},{"description":"Male","count":1935,"tested":34822,"color":"rgb(31,119,180)"},{"description":"Unknown/Left Blank","count":32,"tested":445,"color":"rgb(44,160,44)"}]}
