{"age":[{"age_group":"<20","count":47,"tested":394},{"age_group":"20-29   ","count":41,"tested":476},{"age_group":"30-39   ","count":32,"tested":387},{"age_group":"40-49   ","count":33,"tested":398},{"age_group":"50-59   ","count":51,"tested":471},{"age_group":"60-69   ","count":39,"tested":501},{"age_group":"70-79   ","count":41,"tested":245},{"age_group":"80+","count":34,"tested":184}],"race":[{"description":"Left Blank","count":68,"tested":1644,"color":"rgb(44,160,44)"},{"description":"White","count":239,"tested":1358,"color":"rgb(31,119,180)"}],"gender":[{"description":"Male","count":145,"tested":1004,"color":"rgb(31,119,180)"},{"description":"Female","count":173,"tested":1973,"color":"rgb(255,127,14)"}]}
