{"age":[{"age_group":"<20","count":71,"tested":824},{"age_group":"20-29   ","count":85,"tested":1064},{"age_group":"30-39   ","count":68,"tested":1128},{"age_group":"40-49   ","count":69,"tested":995},{"age_group":"50-59   ","count":91,"tested":1237},{"age_group":"60-69   ","count":77,"tested":1107},{"age_group":"70-79   ","count":70,"tested":786},{"age_group":"80+","count":54,"tested":826}],"race":[{"description":"Left Blank","count":41,"tested":1107,"color":"rgb(44,160,44)"},{"description":"Other","count":8,"tested":115,"color":"rgb(148,103,189)"},{"description":"White","count":500,"tested":6414,"color":"rgb(31,119,180)"},{"description":"Hispanic","count":27,"tested":164,"color":"rgb(214,39,40)"},{"description":"Black","count":8,"tested":149,"color":"rgb(255,127,14)"}],"gender":[{"description":"Female","count":328,"tested":4926,"color":"rgb(255,127,14)"},{"description":"Male","count":245,"tested":2952,"color":"rgb(31,119,180)"}]}
