{"age":[{"age_group":"<20","count":119,"tested":1021},{"age_group":"20-29   ","count":134,"tested":1912},{"age_group":"30-39   ","count":117,"tested":1851},{"age_group":"40-49   ","count":139,"tested":2214},{"age_group":"50-59   ","count":126,"tested":2612},{"age_group":"60-69   ","count":110,"tested":2498},{"age_group":"70-79   ","count":54,"tested":1135},{"age_group":"80+","count":36,"tested":738}],"race":[{"description":"White","count":79,"tested":879,"color":"rgb(31,119,180)"},{"description":"Black","count":386,"tested":4646,"color":"rgb(255,127,14)"},{"description":"Other","count":14,"tested":168,"color":"rgb(148,103,189)"},{"description":"Left Blank","count":288,"tested":7883,"color":"rgb(44,160,44)"},{"description":"Hispanic","count":67,"tested":367,"color":"rgb(214,39,40)"}],"gender":[{"description":"Female","count":445,"tested":8086,"color":"rgb(255,127,14)"},{"description":"Male","count":384,"tested":5495,"color":"rgb(31,119,180)"},{"description":"Unknown/Left Blank","count":6,"tested":415,"color":"rgb(44,160,44)"}]}
