{"age":[{"age_group":"<20","count":145,"tested":2882},{"age_group":"20-29   ","count":72,"tested":1619},{"age_group":"30-39   ","count":27,"tested":1144},{"age_group":"40-49   ","count":66,"tested":1531},{"age_group":"50-59   ","count":76,"tested":1838},{"age_group":"60-69   ","count":31,"tested":1199},{"age_group":"70-79   ","count":16,"tested":620},{"age_group":"80+","count":7,"tested":284}],"race":[{"description":"Other","count":65,"tested":1201,"color":"rgb(148,103,189)"},{"description":"Left Blank","count":104,"tested":4019,"color":"rgb(44,160,44)"},{"description":"Asian","count":7,"tested":207,"color":"rgb(140,86,75)"},{"description":"White","count":245,"tested":5475,"color":"rgb(31,119,180)"},{"description":"Hispanic","count":16,"tested":168,"color":"rgb(214,39,40)"}],"gender":[{"description":"Male","count":244,"tested":5490,"color":"rgb(31,119,180)"},{"description":"Female","count":194,"tested":5582,"color":"rgb(255,127,14)"}]}
