{"age":[{"age_group":"<20","count":192,"tested":2038},{"age_group":"20-29   ","count":184,"tested":1650},{"age_group":"30-39   ","count":163,"tested":1495},{"age_group":"40-49   ","count":176,"tested":1515},{"age_group":"50-59   ","count":148,"tested":1347},{"age_group":"60-69   ","count":98,"tested":921},{"age_group":"70-79   ","count":39,"tested":419},{"age_group":"80+","count":17,"tested":212}],"race":[{"description":"White","count":694,"tested":6640,"color":"rgb(31,119,180)"},{"description":"Left Blank","count":241,"tested":2292,"color":"rgb(44,160,44)"},{"description":"Other","count":57,"tested":400,"color":"rgb(148,103,189)"},{"description":"Hispanic","count":20,"tested":182,"color":"rgb(214,39,40)"}],"gender":[{"description":"Male","count":503,"tested":3907,"color":"rgb(31,119,180)"},{"description":"Female","count":510,"tested":5538,"color":"rgb(255,127,14)"}]}
