{"age":[{"age_group":"<20","count":234,"tested":1393},{"age_group":"20-29   ","count":286,"tested":2034},{"age_group":"30-39   ","count":241,"tested":1691},{"age_group":"40-49   ","count":237,"tested":1529},{"age_group":"50-59   ","count":175,"tested":1278},{"age_group":"60-69   ","count":118,"tested":1082},{"age_group":"70-79   ","count":46,"tested":451},{"age_group":"80+","count":30,"tested":314}],"race":[{"description":"Black","count":61,"tested":597,"color":"rgb(255,127,14)"},{"description":"Hispanic","count":635,"tested":2717,"color":"rgb(214,39,40)"},{"description":"Left Blank","count":354,"tested":3608,"color":"rgb(44,160,44)"},{"description":"White","count":209,"tested":1908,"color":"rgb(31,119,180)"},{"description":"Other","count":102,"tested":858,"color":"rgb(148,103,189)"}],"gender":[{"description":"Male","count":672,"tested":4250,"color":"rgb(31,119,180)"},{"description":"Female","count":689,"tested":5452,"color":"rgb(255,127,14)"}]}
