{"age":[{"age_group":"<20","count":204,"tested":2040},{"age_group":"20-29   ","count":209,"tested":3191},{"age_group":"30-39   ","count":209,"tested":3156},{"age_group":"40-49   ","count":253,"tested":3447},{"age_group":"50-59   ","count":216,"tested":3316},{"age_group":"60-69   ","count":174,"tested":3765},{"age_group":"70-79   ","count":125,"tested":2927},{"age_group":"80+","count":84,"tested":1821}],"race":[{"description":"Black","count":895,"tested":10924,"color":"rgb(255,127,14)"},{"description":"Asian","count":6,"tested":139,"color":"rgb(140,86,75)"},{"description":"Hispanic","count":47,"tested":558,"color":"rgb(214,39,40)"},{"description":"White","count":65,"tested":1032,"color":"rgb(31,119,180)"},{"description":"Other","count":17,"tested":314,"color":"rgb(148,103,189)"},{"description":"Left Blank","count":443,"tested":10709,"color":"rgb(44,160,44)"}],"gender":[{"description":"Female","count":874,"tested":14986,"color":"rgb(255,127,14)"},{"description":"Male","count":588,"tested":8126,"color":"rgb(31,119,180)"},{"description":"Unknown/Left Blank","count":12,"tested":604,"color":"rgb(44,160,44)"}]}
