{"age":[{"age_group":"<20","count":23,"tested":134},{"age_group":"20-29   ","count":16,"tested":98},{"age_group":"30-39   ","count":25,"tested":196},{"age_group":"40-49   ","count":18,"tested":182},{"age_group":"50-59   ","count":20,"tested":197},{"age_group":"60-69   ","count":28,"tested":149},{"age_group":"70-79   ","count":14,"tested":83},{"age_group":"80+","count":6,"tested":33}],"race":[{"description":"Left Blank","count":33,"tested":413,"color":"rgb(44,160,44)"},{"description":"White","count":106,"tested":602,"color":"rgb(31,119,180)"},{"description":"Black","count":7,"tested":40,"color":"rgb(255,127,14)"}],"gender":[{"description":"Male","count":69,"tested":437,"color":"rgb(31,119,180)"},{"description":"Female","count":78,"tested":513,"color":"rgb(255,127,14)"}]}
