{"age":[{"age_group":"<20","count":107,"tested":1650},{"age_group":"20-29   ","count":653,"tested":11307},{"age_group":"30-39   ","count":606,"tested":12365},{"age_group":"40-49   ","count":196,"tested":3184},{"age_group":"50-59   ","count":140,"tested":1912},{"age_group":"60-69   ","count":104,"tested":1294},{"age_group":"70-79   ","count":55,"tested":730},{"age_group":"80+","count":44,"tested":316}],"race":[{"description":"Black","count":150,"tested":1765,"color":"rgb(255,127,14)"},{"description":"Asian","count":35,"tested":1197,"color":"rgb(140,86,75)"},{"description":"White","count":670,"tested":11010,"color":"rgb(31,119,180)"},{"description":"Hispanic","count":356,"tested":2700,"color":"rgb(214,39,40)"},{"description":"Other","count":105,"tested":1782,"color":"rgb(148,103,189)"},{"description":"Left Blank","count":584,"tested":14257,"color":"rgb(44,160,44)"}],"gender":[{"description":"Female","count":888,"tested":16880,"color":"rgb(255,127,14)"},{"description":"Male","count":937,"tested":15309,"color":"rgb(31,119,180)"},{"description":"Unknown/Left Blank","count":80,"tested":578,"color":"rgb(44,160,44)"}]}
