{"age":[{"age_group":"<20","count":540,"tested":3406},{"age_group":"20-29   ","count":686,"tested":5026},{"age_group":"30-39   ","count":630,"tested":4284},{"age_group":"40-49   ","count":616,"tested":3805},{"age_group":"50-59   ","count":492,"tested":3449},{"age_group":"60-69   ","count":296,"tested":2965},{"age_group":"70-79   ","count":135,"tested":2170},{"age_group":"80+","count":80,"tested":2159}],"race":[{"description":"Left Blank","count":969,"tested":11522,"color":"rgb(44,160,44)"},{"description":"Other","count":176,"tested":1409,"color":"rgb(148,103,189)"},{"description":"White","count":619,"tested":5940,"color":"rgb(31,119,180)"},{"description":"Black","count":103,"tested":1055,"color":"rgb(255,127,14)"},{"description":"Asian","count":18,"tested":215,"color":"rgb(140,86,75)"},{"description":"Hispanic","count":1587,"tested":7141,"color":"rgb(214,39,40)"}],"gender":[{"description":"Female","count":1740,"tested":15108,"color":"rgb(255,127,14)"},{"description":"Male","count":1708,"tested":11805,"color":"rgb(31,119,180)"},{"description":"Unknown/Left Blank","count":28,"tested":397,"color":"rgb(44,160,44)"}]}
