{"age":[{"age_group":"<20","count":312,"tested":4603},{"age_group":"20-29   ","count":737,"tested":15295},{"age_group":"30-39   ","count":735,"tested":14433},{"age_group":"40-49   ","count":509,"tested":9540},{"age_group":"50-59   ","count":469,"tested":9934},{"age_group":"60-69   ","count":381,"tested":9941},{"age_group":"70-79   ","count":189,"tested":5574},{"age_group":"80+","count":156,"tested":3511}],"race":[{"description":"Black","count":834,"tested":12061,"color":"rgb(255,127,14)"},{"description":"Hispanic","count":407,"tested":3521,"color":"rgb(214,39,40)"},{"description":"Other","count":161,"tested":2490,"color":"rgb(148,103,189)"},{"description":"Left Blank","count":1025,"tested":37372,"color":"rgb(44,160,44)"},{"description":"White","count":581,"tested":10137,"color":"rgb(31,119,180)"},{"description":"Asian","count":472,"tested":7133,"color":"rgb(140,86,75)"}],"gender":[{"description":"Female","count":1736,"tested":36872,"color":"rgb(255,127,14)"},{"description":"Unknown/Left Blank","count":62,"tested":2212,"color":"rgb(44,160,44)"},{"description":"Male","count":1690,"tested":33764,"color":"rgb(31,119,180)"}]}
