{"age":[{"age_group":"<20","count":53,"tested":419},{"age_group":"20-29   ","count":43,"tested":418},{"age_group":"30-39   ","count":56,"tested":694},{"age_group":"40-49   ","count":54,"tested":542},{"age_group":"50-59   ","count":59,"tested":737},{"age_group":"60-69   ","count":50,"tested":712},{"age_group":"70-79   ","count":38,"tested":622},{"age_group":"80+","count":60,"tested":1281}],"race":[{"description":"Hispanic","count":12,"tested":68,"color":"rgb(214,39,40)"},{"description":"Left Blank","count":180,"tested":2785,"color":"rgb(44,160,44)"},{"description":"White","count":217,"tested":2483,"color":"rgb(31,119,180)"}],"gender":[{"description":"Female","count":243,"tested":3638,"color":"rgb(255,127,14)"},{"description":"Male","count":169,"tested":1736,"color":"rgb(31,119,180)"}]}
