{"age":[{"age_group":"<20","count":55,"tested":1058},{"age_group":"20-29   ","count":850,"tested":13411},{"age_group":"30-39   ","count":625,"tested":11169},{"age_group":"40-49   ","count":183,"tested":3408},{"age_group":"50-59   ","count":131,"tested":2398},{"age_group":"60-69   ","count":67,"tested":1492},{"age_group":"70-79   ","count":18,"tested":602},{"age_group":"80+","count":9,"tested":212}],"race":[{"description":"Asian","count":83,"tested":2172,"color":"rgb(140,86,75)"},{"description":"Black","count":77,"tested":955,"color":"rgb(255,127,14)"},{"description":"Hispanic","count":90,"tested":737,"color":"rgb(214,39,40)"},{"description":"White","count":972,"tested":12860,"color":"rgb(31,119,180)"},{"description":"Left Blank","count":607,"tested":15419,"color":"rgb(44,160,44)"},{"description":"Other","count":102,"tested":1551,"color":"rgb(148,103,189)"}],"gender":[{"description":"Female","count":860,"tested":16901,"color":"rgb(255,127,14)"},{"description":"Male","count":1006,"tested":16196,"color":"rgb(31,119,180)"},{"description":"Unknown/Left Blank","count":72,"tested":660,"color":"rgb(44,160,44)"}]}
