{"age":[{"age_group":"<20","count":133,"tested":2867},{"age_group":"20-29   ","count":1518,"tested":24212},{"age_group":"30-39   ","count":687,"tested":14583},{"age_group":"40-49   ","count":249,"tested":5024},{"age_group":"50-59   ","count":232,"tested":5481},{"age_group":"60-69   ","count":194,"tested":5643},{"age_group":"70-79   ","count":157,"tested":5078},{"age_group":"80+","count":88,"tested":3776}],"race":[{"description":"Hispanic","count":160,"tested":1143,"color":"rgb(214,39,40)"},{"description":"Asian","count":88,"tested":2033,"color":"rgb(140,86,75)"},{"description":"Left Blank","count":931,"tested":32884,"color":"rgb(44,160,44)"},{"description":"White","count":1517,"tested":23193,"color":"rgb(31,119,180)"},{"description":"Other","count":155,"tested":2371,"color":"rgb(148,103,189)"},{"description":"Black","count":402,"tested":4954,"color":"rgb(255,127,14)"}],"gender":[{"description":"Unknown/Left Blank","count":123,"tested":1121,"color":"rgb(44,160,44)"},{"description":"Male","count":1459,"tested":28286,"color":"rgb(31,119,180)"},{"description":"Female","count":1676,"tested":37265,"color":"rgb(255,127,14)"}]}
