{"age":[{"age_group":"<20","count":287,"tested":2521},{"age_group":"20-29   ","count":277,"tested":2818},{"age_group":"30-39   ","count":281,"tested":2422},{"age_group":"40-49   ","count":321,"tested":2902},{"age_group":"50-59   ","count":319,"tested":3209},{"age_group":"60-69   ","count":211,"tested":2470},{"age_group":"70-79   ","count":112,"tested":1169},{"age_group":"80+","count":27,"tested":513}],"race":[{"description":"Hispanic","count":115,"tested":714,"color":"rgb(214,39,40)"},{"description":"White","count":736,"tested":8286,"color":"rgb(31,119,180)"},{"description":"Left Blank","count":817,"tested":7645,"color":"rgb(44,160,44)"},{"description":"Other","count":128,"tested":914,"color":"rgb(148,103,189)"},{"description":"Black","count":22,"tested":209,"color":"rgb(255,127,14)"},{"description":"Asian","count":13,"tested":229,"color":"rgb(140,86,75)"}],"gender":[{"description":"Female","count":943,"tested":9951,"color":"rgb(255,127,14)"},{"description":"Male","count":872,"tested":7921,"color":"rgb(31,119,180)"},{"description":"Unknown/Left Blank","count":20,"tested":157,"color":"rgb(44,160,44)"}]}
