{"age":[{"age_group":"<20","count":308,"tested":3330},{"age_group":"20-29   ","count":343,"tested":5354},{"age_group":"30-39   ","count":254,"tested":3720},{"age_group":"40-49   ","count":296,"tested":3312},{"age_group":"50-59   ","count":243,"tested":3702},{"age_group":"60-69   ","count":164,"tested":2899},{"age_group":"70-79   ","count":110,"tested":1957},{"age_group":"80+","count":61,"tested":1251}],"race":[{"description":"AI/AN**","count":6,"tested":18,"color":"rgb(31,119,180)"},{"description":"Hispanic","count":442,"tested":1878,"color":"rgb(214,39,40)"},{"description":"Asian","count":6,"tested":63,"color":"rgb(140,86,75)"},{"description":"White","count":587,"tested":6392,"color":"rgb(31,119,180)"},{"description":"Black","count":540,"tested":4531,"color":"rgb(255,127,14)"},{"description":"Other","count":28,"tested":351,"color":"rgb(148,103,189)"},{"description":"Left Blank","count":169,"tested":12291,"color":"rgb(44,160,44)"}],"gender":[{"description":"Female","count":981,"tested":13611,"color":"rgb(255,127,14)"},{"description":"Male","count":779,"tested":11210,"color":"rgb(31,119,180)"},{"description":"Unknown/Left Blank","count":19,"tested":706,"color":"rgb(44,160,44)"}]}
