{"age":[{"age_group":"30-39   ","count":8,"tested":482},{"age_group":"40-49   ","count":6,"tested":388},{"age_group":"50-59   ","count":15,"tested":493},{"age_group":"60-69   ","count":16,"tested":567},{"age_group":"70-79   ","count":12,"tested":668},{"age_group":"80+","count":7,"tested":148}],"race":[{"description":"Left Blank","count":19,"tested":273,"color":"rgb(44,160,44)"},{"description":"White","count":15,"tested":373,"color":"rgb(31,119,180)"},{"description":"Black","count":25,"tested":732,"color":"rgb(255,127,14)"}],"gender":[{"description":"Male","count":37,"tested":2166,"color":"rgb(31,119,180)"},{"description":"Female","count":32,"tested":895,"color":"rgb(255,127,14)"}]}
