{"age":[{"age_group":"<20","count":950,"tested":7883},{"age_group":"20-29   ","count":1775,"tested":28593},{"age_group":"30-39   ","count":1551,"tested":23176},{"age_group":"40-49   ","count":1212,"tested":13648},{"age_group":"50-59   ","count":1009,"tested":10623},{"age_group":"60-69   ","count":667,"tested":8279},{"age_group":"70-79   ","count":335,"tested":3803},{"age_group":"80+","count":165,"tested":2109}],"race":[{"description":"Other","count":298,"tested":4673,"color":"rgb(148,103,189)"},{"description":"Left Blank","count":1199,"tested":29623,"color":"rgb(44,160,44)"},{"description":"Hispanic","count":4286,"tested":28600,"color":"rgb(214,39,40)"},{"description":"White","count":868,"tested":18248,"color":"rgb(31,119,180)"},{"description":"Asian","count":198,"tested":4029,"color":"rgb(140,86,75)"},{"description":"Black","count":803,"tested":12732,"color":"rgb(255,127,14)"},{"description":"AI/AN**","count":8,"tested":175,"color":"rgb(31,119,180)"}],"gender":[{"description":"Unknown/Left Blank","count":80,"tested":3704,"color":"rgb(44,160,44)"},{"description":"Male","count":3964,"tested":47448,"color":"rgb(31,119,180)"},{"description":"Female","count":3620,"tested":46990,"color":"rgb(255,127,14)"}]}
