{"age":[{"age_group":"<20","count":37,"tested":435},{"age_group":"20-29   ","count":44,"tested":387},{"age_group":"30-39   ","count":37,"tested":339},{"age_group":"40-49   ","count":36,"tested":331},{"age_group":"50-59   ","count":40,"tested":431},{"age_group":"60-69   ","count":56,"tested":404},{"age_group":"70-79   ","count":34,"tested":307},{"age_group":"80+","count":16,"tested":173}],"race":[{"description":"Left Blank","count":54,"tested":830,"color":"rgb(44,160,44)"},{"description":"White","count":237,"tested":1888,"color":"rgb(31,119,180)"}],"gender":[{"description":"Male","count":142,"tested":1077,"color":"rgb(31,119,180)"},{"description":"Female","count":158,"tested":1705,"color":"rgb(255,127,14)"}]}
