{"age":[{"age_group":"<20","count":513,"tested":3908},{"age_group":"20-29   ","count":594,"tested":6902},{"age_group":"30-39   ","count":495,"tested":6139},{"age_group":"40-49   ","count":586,"tested":6416},{"age_group":"50-59   ","count":474,"tested":6629},{"age_group":"60-69   ","count":349,"tested":6075},{"age_group":"70-79   ","count":208,"tested":4327},{"age_group":"80+","count":225,"tested":5786}],"race":[{"description":"AI/AN**","count":9,"tested":91,"color":"rgb(31,119,180)"},{"description":"Black","count":34,"tested":520,"color":"rgb(255,127,14)"},{"description":"Asian","count":209,"tested":2237,"color":"rgb(140,86,75)"},{"description":"Hispanic","count":1167,"tested":6451,"color":"rgb(214,39,40)"},{"description":"White","count":899,"tested":9839,"color":"rgb(31,119,180)"},{"description":"Other","count":180,"tested":1339,"color":"rgb(148,103,189)"},{"description":"Left Blank","count":941,"tested":25903,"color":"rgb(44,160,44)"}],"gender":[{"description":"Female","count":1760,"tested":27090,"color":"rgb(255,127,14)"},{"description":"Male","count":1660,"tested":18188,"color":"rgb(31,119,180)"},{"description":"Unknown/Left Blank","count":24,"tested":1237,"color":"rgb(44,160,44)"}]}
