{"age":[{"age_group":"<20","count":282,"tested":3769},{"age_group":"20-29   ","count":506,"tested":7743},{"age_group":"30-39   ","count":519,"tested":8924},{"age_group":"40-49   ","count":450,"tested":8706},{"age_group":"50-59   ","count":471,"tested":9643},{"age_group":"60-69   ","count":413,"tested":8669},{"age_group":"70-79   ","count":233,"tested":4230},{"age_group":"80+","count":176,"tested":2690}],"race":[{"description":"Other","count":50,"tested":656,"color":"rgb(148,103,189)"},{"description":"White","count":44,"tested":1064,"color":"rgb(31,119,180)"},{"description":"Asian","count":9,"tested":174,"color":"rgb(140,86,75)"},{"description":"Black","count":2167,"tested":27115,"color":"rgb(255,127,14)"},{"description":"Left Blank","count":691,"tested":24597,"color":"rgb(44,160,44)"},{"description":"Hispanic","count":80,"tested":677,"color":"rgb(214,39,40)"}],"gender":[{"description":"Male","count":1300,"tested":21477,"color":"rgb(31,119,180)"},{"description":"Female","count":1706,"tested":30489,"color":"rgb(255,127,14)"},{"description":"Unknown/Left Blank","count":44,"tested":2426,"color":"rgb(44,160,44)"}]}
