{"age":[{"age_group":"<20","count":28,"tested":399},{"age_group":"20-29   ","count":19,"tested":579},{"age_group":"30-39   ","count":23,"tested":323},{"age_group":"40-49   ","count":26,"tested":499},{"age_group":"50-59   ","count":46,"tested":585},{"age_group":"60-69   ","count":27,"tested":690},{"age_group":"70-79   ","count":24,"tested":298},{"age_group":"80+","count":23,"tested":897}],"race":[{"description":"Left Blank","count":80,"tested":3265,"color":"rgb(44,160,44)"},{"description":"White","count":132,"tested":968,"color":"rgb(31,119,180)"}],"gender":[{"description":"Male","count":91,"tested":1245,"color":"rgb(31,119,180)"},{"description":"Female","count":123,"tested":2888,"color":"rgb(255,127,14)"}]}
