{"age":[{"age_group":"<20","count":350,"tested":2716},{"age_group":"20-29   ","count":432,"tested":10888},{"age_group":"30-39   ","count":397,"tested":15050},{"age_group":"40-49   ","count":415,"tested":14315},{"age_group":"50-59   ","count":434,"tested":10479},{"age_group":"60-69   ","count":322,"tested":6386},{"age_group":"70-79   ","count":148,"tested":2517},{"age_group":"80+","count":110,"tested":3465},{"age_group":"Unknown","count":16,"tested":2264}],"race":[{"description":"Hispanic","count":73,"tested":501,"color":"rgb(214,39,40)"},{"description":"White","count":1500,"tested":12612,"color":"rgb(31,119,180)"},{"description":"Left Blank","count":840,"tested":53228,"color":"rgb(44,160,44)"},{"description":"Other","count":61,"tested":443,"color":"rgb(148,103,189)"},{"description":"Black","count":137,"tested":1147,"color":"rgb(255,127,14)"},{"description":"Asian","count":13,"tested":138,"color":"rgb(140,86,75)"}],"gender":[{"description":"Male","count":1359,"tested":27555,"color":"rgb(31,119,180)"},{"description":"Unknown/Left Blank","count":123,"tested":27693,"color":"rgb(44,160,44)"},{"description":"Female","count":1142,"tested":12832,"color":"rgb(255,127,14)"}]}
