{"age":[{"age_group":"<20","count":472,"tested":3490},{"age_group":"20-29   ","count":571,"tested":5645},{"age_group":"30-39   ","count":549,"tested":5067},{"age_group":"40-49   ","count":570,"tested":5648},{"age_group":"50-59   ","count":492,"tested":5981},{"age_group":"60-69   ","count":337,"tested":4811},{"age_group":"70-79   ","count":172,"tested":2832},{"age_group":"80+","count":94,"tested":1820}],"race":[{"description":"Hispanic","count":506,"tested":2468,"color":"rgb(214,39,40)"},{"description":"White","count":147,"tested":1543,"color":"rgb(31,119,180)"},{"description":"Asian","count":8,"tested":31,"color":"rgb(140,86,75)"},{"description":"Black","count":1360,"tested":14684,"color":"rgb(255,127,14)"},{"description":"Other","count":79,"tested":627,"color":"rgb(148,103,189)"},{"description":"Left Blank","count":1155,"tested":15928,"color":"rgb(44,160,44)"}],"gender":[{"description":"Male","count":1351,"tested":13017,"color":"rgb(31,119,180)"},{"description":"Unknown/Left Blank","count":49,"tested":956,"color":"rgb(44,160,44)"},{"description":"Female","count":1858,"tested":21344,"color":"rgb(255,127,14)"}]}
