{"age":[{"age_group":"<20","count":390,"tested":3970},{"age_group":"20-29   ","count":159,"tested":2593},{"age_group":"30-39   ","count":95,"tested":2111},{"age_group":"40-49   ","count":178,"tested":2881},{"age_group":"50-59   ","count":272,"tested":3716},{"age_group":"60-69   ","count":174,"tested":2876},{"age_group":"70-79   ","count":95,"tested":2094},{"age_group":"80+","count":97,"tested":2102}],"race":[{"description":"Hispanic","count":56,"tested":377,"color":"rgb(214,39,40)"},{"description":"Left Blank","count":397,"tested":11752,"color":"rgb(44,160,44)"},{"description":"White","count":886,"tested":8223,"color":"rgb(31,119,180)"},{"description":"Asian","count":46,"tested":786,"color":"rgb(140,86,75)"},{"description":"Black","count":23,"tested":407,"color":"rgb(255,127,14)"},{"description":"Other","count":51,"tested":777,"color":"rgb(148,103,189)"}],"gender":[{"description":"Male","count":699,"tested":9513,"color":"rgb(31,119,180)"},{"description":"Female","count":747,"tested":12647,"color":"rgb(255,127,14)"},{"description":"Unknown/Left Blank","count":14,"tested":184,"color":"rgb(44,160,44)"}]}
