{"age":[{"age_group":"<20","count":50,"tested":580},{"age_group":"20-29   ","count":87,"tested":694},{"age_group":"30-39   ","count":78,"tested":799},{"age_group":"40-49   ","count":90,"tested":739},{"age_group":"50-59   ","count":83,"tested":814},{"age_group":"60-69   ","count":47,"tested":786},{"age_group":"70-79   ","count":29,"tested":540},{"age_group":"80+","count":9,"tested":170}],"race":[{"description":"Hispanic","count":30,"tested":340,"color":"rgb(214,39,40)"},{"description":"White","count":195,"tested":2027,"color":"rgb(31,119,180)"},{"description":"Other","count":17,"tested":255,"color":"rgb(148,103,189)"},{"description":"Left Blank","count":223,"tested":2394,"color":"rgb(44,160,44)"}],"gender":[{"description":"Female","count":243,"tested":2631,"color":"rgb(255,127,14)"},{"description":"Male","count":227,"tested":2349,"color":"rgb(31,119,180)"}]}
