{"age":[{"age_group":"<20","count":293,"tested":3923},{"age_group":"20-29   ","count":380,"tested":4414},{"age_group":"30-39   ","count":332,"tested":4502},{"age_group":"40-49   ","count":297,"tested":3774},{"age_group":"50-59   ","count":297,"tested":4389},{"age_group":"60-69   ","count":253,"tested":3734},{"age_group":"70-79   ","count":151,"tested":2450},{"age_group":"80+","count":109,"tested":3071}],"race":[{"description":"Black","count":442,"tested":3965,"color":"rgb(255,127,14)"},{"description":"Asian","count":18,"tested":105,"color":"rgb(140,86,75)"},{"description":"Other","count":22,"tested":489,"color":"rgb(148,103,189)"},{"description":"White","count":1004,"tested":10710,"color":"rgb(31,119,180)"},{"description":"Left Blank","count":254,"tested":13119,"color":"rgb(44,160,44)"},{"description":"Hispanic","count":371,"tested":1873,"color":"rgb(214,39,40)"}],"gender":[{"description":"Female","count":1149,"tested":18579,"color":"rgb(255,127,14)"},{"description":"Male","count":955,"tested":11115,"color":"rgb(31,119,180)"},{"description":"Unknown/Left Blank","count":9,"tested":573,"color":"rgb(44,160,44)"}]}
