{"age":[{"age_group":"<20","count":431,"tested":4029},{"age_group":"20-29   ","count":297,"tested":3243},{"age_group":"30-39   ","count":233,"tested":2667},{"age_group":"40-49   ","count":450,"tested":4140},{"age_group":"50-59   ","count":332,"tested":3947},{"age_group":"60-69   ","count":124,"tested":1724},{"age_group":"70-79   ","count":62,"tested":1172},{"age_group":"80+","count":52,"tested":1372}],"race":[{"description":"NH/PI*","count":7,"tested":31,"color":"rgb(127,127,127)"},{"description":"Black","count":92,"tested":996,"color":"rgb(255,127,14)"},{"description":"Hispanic","count":177,"tested":1111,"color":"rgb(214,39,40)"},{"description":"Asian","count":80,"tested":1103,"color":"rgb(140,86,75)"},{"description":"White","count":847,"tested":7992,"color":"rgb(31,119,180)"},{"description":"Left Blank","count":705,"tested":10153,"color":"rgb(44,160,44)"},{"description":"Other","count":73,"tested":904,"color":"rgb(148,103,189)"}],"gender":[{"description":"Female","count":1016,"tested":12280,"color":"rgb(255,127,14)"},{"description":"Unknown/Left Blank","count":16,"tested":223,"color":"rgb(44,160,44)"},{"description":"Male","count":949,"tested":9792,"color":"rgb(31,119,180)"}]}
