{"age":[{"age_group":"<20","count":545,"tested":4286},{"age_group":"20-29   ","count":611,"tested":6069},{"age_group":"30-39   ","count":552,"tested":6215},{"age_group":"40-49   ","count":559,"tested":5925},{"age_group":"50-59   ","count":447,"tested":5989},{"age_group":"60-69   ","count":275,"tested":5193},{"age_group":"70-79   ","count":135,"tested":2260},{"age_group":"80+","count":94,"tested":1220}],"race":[{"description":"Black","count":462,"tested":4779,"color":"rgb(255,127,14)"},{"description":"White","count":531,"tested":5138,"color":"rgb(31,119,180)"},{"description":"Asian","count":32,"tested":471,"color":"rgb(140,86,75)"},{"description":"Other","count":91,"tested":920,"color":"rgb(148,103,189)"},{"description":"Left Blank","count":760,"tested":19230,"color":"rgb(44,160,44)"},{"description":"NH/PI*","count":7,"tested":58,"color":"rgb(127,127,127)"},{"description":"Hispanic","count":1333,"tested":6534,"color":"rgb(214,39,40)"}],"gender":[{"description":"Unknown/Left Blank","count":51,"tested":400,"color":"rgb(44,160,44)"},{"description":"Male","count":1487,"tested":14156,"color":"rgb(31,119,180)"},{"description":"Female","count":1681,"tested":22607,"color":"rgb(255,127,14)"}]}
