{"age":[{"age_group":"<20","count":85,"tested":861},{"age_group":"20-29   ","count":90,"tested":1008},{"age_group":"30-39   ","count":100,"tested":1049},{"age_group":"40-49   ","count":112,"tested":1012},{"age_group":"50-59   ","count":98,"tested":1245},{"age_group":"60-69   ","count":81,"tested":767},{"age_group":"70-79   ","count":34,"tested":490},{"age_group":"80+","count":8,"tested":200}],"race":[{"description":"Hispanic","count":37,"tested":116,"color":"rgb(214,39,40)"},{"description":"White","count":335,"tested":3179,"color":"rgb(31,119,180)"},{"description":"Left Blank","count":223,"tested":3235,"color":"rgb(44,160,44)"}],"gender":[{"description":"Female","count":325,"tested":3890,"color":"rgb(255,127,14)"},{"description":"Male","count":281,"tested":2567,"color":"rgb(31,119,180)"}]}
