{"age":[{"age_group":"<20","count":293,"tested":2335},{"age_group":"20-29   ","count":438,"tested":6414},{"age_group":"30-39   ","count":461,"tested":7189},{"age_group":"40-49   ","count":425,"tested":8020},{"age_group":"50-59   ","count":484,"tested":9325},{"age_group":"60-69   ","count":492,"tested":9950},{"age_group":"70-79   ","count":310,"tested":5782},{"age_group":"80+","count":460,"tested":8707}],"race":[{"description":"NH/PI*","count":14,"tested":145,"color":"rgb(127,127,127)"},{"description":"AI/AN**","count":10,"tested":59,"color":"rgb(31,119,180)"},{"description":"Left Blank","count":1093,"tested":36513,"color":"rgb(44,160,44)"},{"description":"Other","count":347,"tested":2131,"color":"rgb(148,103,189)"},{"description":"Black","count":51,"tested":796,"color":"rgb(255,127,14)"},{"description":"White","count":1123,"tested":10956,"color":"rgb(31,119,180)"},{"description":"Asian","count":386,"tested":5048,"color":"rgb(140,86,75)"},{"description":"Hispanic","count":341,"tested":2105,"color":"rgb(214,39,40)"}],"gender":[{"description":"Female","count":1815,"tested":34977,"color":"rgb(255,127,14)"},{"description":"Male","count":1520,"tested":21787,"color":"rgb(31,119,180)"},{"description":"Unknown/Left Blank","count":30,"tested":989,"color":"rgb(44,160,44)"}]}
