{"age":[{"age_group":"<20","count":511,"tested":5881},{"age_group":"20-29   ","count":543,"tested":7087},{"age_group":"30-39   ","count":379,"tested":6937},{"age_group":"40-49   ","count":395,"tested":5935},{"age_group":"50-59   ","count":468,"tested":9232},{"age_group":"60-69   ","count":338,"tested":7157},{"age_group":"70-79   ","count":187,"tested":4110},{"age_group":"80+","count":159,"tested":4377}],"race":[{"description":"Asian","count":176,"tested":3815,"color":"rgb(140,86,75)"},{"description":"Black","count":56,"tested":822,"color":"rgb(255,127,14)"},{"description":"Hispanic","count":320,"tested":3219,"color":"rgb(214,39,40)"},{"description":"Left Blank","count":827,"tested":19137,"color":"rgb(44,160,44)"},{"description":"White","count":1499,"tested":22701,"color":"rgb(31,119,180)"},{"description":"Other","count":96,"tested":925,"color":"rgb(148,103,189)"}],"gender":[{"description":"Female","count":1549,"tested":29779,"color":"rgb(255,127,14)"},{"description":"Unknown/Left Blank","count":20,"tested":1626,"color":"rgb(44,160,44)"},{"description":"Male","count":1411,"tested":19327,"color":"rgb(31,119,180)"}]}
