{"age":[{"age_group":"<20","count":169,"tested":1475},{"age_group":"20-29   ","count":137,"tested":1508},{"age_group":"30-39   ","count":115,"tested":1167},{"age_group":"40-49   ","count":125,"tested":1279},{"age_group":"50-59   ","count":153,"tested":1686},{"age_group":"60-69   ","count":74,"tested":1209},{"age_group":"70-79   ","count":37,"tested":580},{"age_group":"80+","count":11,"tested":258}],"race":[{"description":"Other","count":10,"tested":180,"color":"rgb(148,103,189)"},{"description":"Asian","count":9,"tested":188,"color":"rgb(140,86,75)"},{"description":"Hispanic","count":76,"tested":348,"color":"rgb(214,39,40)"},{"description":"Left Blank","count":210,"tested":3494,"color":"rgb(44,160,44)"},{"description":"White","count":515,"tested":4895,"color":"rgb(31,119,180)"}],"gender":[{"description":"Female","count":423,"tested":5201,"color":"rgb(255,127,14)"},{"description":"Male","count":395,"tested":3864,"color":"rgb(31,119,180)"}]}
