{"age":[{"age_group":"<20","count":2115,"tested":12133},{"age_group":"20-29   ","count":2549,"tested":19056},{"age_group":"30-39   ","count":2264,"tested":14154},{"age_group":"40-49   ","count":2212,"tested":12586},{"age_group":"50-59   ","count":1816,"tested":10776},{"age_group":"60-69   ","count":954,"tested":6957},{"age_group":"70-79   ","count":367,"tested":3045},{"age_group":"80+","count":196,"tested":1391}],"race":[{"description":"Other","count":472,"tested":4335,"color":"rgb(148,103,189)"},{"description":"Left Blank","count":2422,"tested":31606,"color":"rgb(44,160,44)"},{"description":"Asian","count":118,"tested":1358,"color":"rgb(140,86,75)"},{"description":"White","count":632,"tested":6476,"color":"rgb(31,119,180)"},{"description":"Hispanic","count":8650,"tested":34709,"color":"rgb(214,39,40)"},{"description":"Black","count":168,"tested":1522,"color":"rgb(255,127,14)"},{"description":"AI/AN**","count":9,"tested":62,"color":"rgb(31,119,180)"}],"gender":[{"description":"Female","count":6344,"tested":43316,"color":"rgb(255,127,14)"},{"description":"Unknown/Left Blank","count":104,"tested":1091,"color":"rgb(44,160,44)"},{"description":"Male","count":6025,"tested":35713,"color":"rgb(31,119,180)"}]}
