{"age":[{"age_group":"<20","count":321,"tested":2553},{"age_group":"20-29   ","count":452,"tested":3684},{"age_group":"30-39   ","count":388,"tested":3572},{"age_group":"40-49   ","count":383,"tested":3559},{"age_group":"50-59   ","count":393,"tested":3970},{"age_group":"60-69   ","count":335,"tested":3609},{"age_group":"70-79   ","count":180,"tested":2131},{"age_group":"80+","count":205,"tested":4303}],"race":[{"description":"Other","count":99,"tested":967,"color":"rgb(148,103,189)"},{"description":"NH/PI*","count":6,"tested":136,"color":"rgb(127,127,127)"},{"description":"Black","count":25,"tested":162,"color":"rgb(255,127,14)"},{"description":"Asian","count":116,"tested":1269,"color":"rgb(140,86,75)"},{"description":"Left Blank","count":484,"tested":9727,"color":"rgb(44,160,44)"},{"description":"White","count":1512,"tested":12652,"color":"rgb(31,119,180)"},{"description":"Hispanic","count":414,"tested":2461,"color":"rgb(214,39,40)"}],"gender":[{"description":"Female","count":1346,"tested":16222,"color":"rgb(255,127,14)"},{"description":"Male","count":1298,"tested":10750,"color":"rgb(31,119,180)"},{"description":"Unknown/Left Blank","count":15,"tested":419,"color":"rgb(44,160,44)"}]}
