{"age":[{"age_group":"<20","count":24,"tested":219},{"age_group":"20-29   ","count":31,"tested":282},{"age_group":"30-39   ","count":31,"tested":214},{"age_group":"40-49   ","count":34,"tested":292},{"age_group":"50-59   ","count":28,"tested":240},{"age_group":"60-69   ","count":19,"tested":233},{"age_group":"70-79   ","count":7,"tested":98},{"age_group":"80+","count":8,"tested":65}],"race":[{"description":"White","count":122,"tested":869,"color":"rgb(31,119,180)"},{"description":"Left Blank","count":33,"tested":663,"color":"rgb(44,160,44)"},{"description":"Hispanic","count":25,"tested":89,"color":"rgb(214,39,40)"}],"gender":[{"description":"Female","count":92,"tested":889,"color":"rgb(255,127,14)"},{"description":"Male","count":90,"tested":749,"color":"rgb(31,119,180)"}]}
