{"age":[{"age_group":"<20","count":49,"tested":503},{"age_group":"20-29   ","count":37,"tested":485},{"age_group":"30-39   ","count":29,"tested":523},{"age_group":"40-49   ","count":50,"tested":420},{"age_group":"50-59   ","count":36,"tested":613},{"age_group":"60-69   ","count":42,"tested":550},{"age_group":"70-79   ","count":29,"tested":384},{"age_group":"80+","count":19,"tested":241}],"race":[{"description":"Hispanic","count":59,"tested":289,"color":"rgb(214,39,40)"},{"description":"White","count":162,"tested":1788,"color":"rgb(31,119,180)"},{"description":"Left Blank","count":57,"tested":1567,"color":"rgb(44,160,44)"},{"description":"Other","count":10,"tested":51,"color":"rgb(148,103,189)"}],"gender":[{"description":"Male","count":113,"tested":1165,"color":"rgb(31,119,180)"},{"description":"Female","count":165,"tested":2419,"color":"rgb(255,127,14)"}]}
