{"age":[{"age_group":"<20","count":313,"tested":2686},{"age_group":"20-29   ","count":307,"tested":3298},{"age_group":"30-39   ","count":315,"tested":3626},{"age_group":"40-49   ","count":297,"tested":3607},{"age_group":"50-59   ","count":263,"tested":4000},{"age_group":"60-69   ","count":197,"tested":3957},{"age_group":"70-79   ","count":86,"tested":2189},{"age_group":"80+","count":74,"tested":2017}],"race":[{"description":"Asian","count":8,"tested":113,"color":"rgb(140,86,75)"},{"description":"Hispanic","count":197,"tested":1277,"color":"rgb(214,39,40)"},{"description":"Black","count":254,"tested":2676,"color":"rgb(255,127,14)"},{"description":"White","count":456,"tested":4772,"color":"rgb(31,119,180)"},{"description":"Left Blank","count":791,"tested":15373,"color":"rgb(44,160,44)"},{"description":"Other","count":141,"tested":1150,"color":"rgb(148,103,189)"}],"gender":[{"description":"Unknown/Left Blank","count":16,"tested":244,"color":"rgb(44,160,44)"},{"description":"Male","count":893,"tested":10015,"color":"rgb(31,119,180)"},{"description":"Female","count":943,"tested":15124,"color":"rgb(255,127,14)"}]}
