{"age":[{"age_group":"<20","count":180,"tested":1850},{"age_group":"20-29   ","count":196,"tested":2827},{"age_group":"30-39   ","count":199,"tested":2800},{"age_group":"40-49   ","count":242,"tested":3025},{"age_group":"50-59   ","count":199,"tested":2918},{"age_group":"60-69   ","count":166,"tested":3335},{"age_group":"70-79   ","count":121,"tested":2629},{"age_group":"80+","count":85,"tested":1574}],"race":[{"description":"Black","count":814,"tested":9443,"color":"rgb(255,127,14)"},{"description":"Asian","count":6,"tested":105,"color":"rgb(140,86,75)"},{"description":"Hispanic","count":43,"tested":417,"color":"rgb(214,39,40)"},{"description":"White","count":60,"tested":870,"color":"rgb(31,119,180)"},{"description":"Other","count":16,"tested":265,"color":"rgb(148,103,189)"},{"description":"Left Blank","count":447,"tested":9860,"color":"rgb(44,160,44)"}],"gender":[{"description":"Female","count":823,"tested":13248,"color":"rgb(255,127,14)"},{"description":"Male","count":547,"tested":7189,"color":"rgb(31,119,180)"},{"description":"Unknown/Left Blank","count":18,"tested":561,"color":"rgb(44,160,44)"}]}
