{"age":[{"age_group":"<20","count":1387,"tested":7970},{"age_group":"20-29   ","count":1592,"tested":11978},{"age_group":"30-39   ","count":1362,"tested":9020},{"age_group":"40-49   ","count":1499,"tested":8730},{"age_group":"50-59   ","count":1118,"tested":8059},{"age_group":"60-69   ","count":601,"tested":6545},{"age_group":"70-79   ","count":290,"tested":5310},{"age_group":"80+","count":143,"tested":3830}],"race":[{"description":"Black","count":271,"tested":2757,"color":"rgb(255,127,14)"},{"description":"Asian","count":41,"tested":312,"color":"rgb(140,86,75)"},{"description":"Other","count":240,"tested":2454,"color":"rgb(148,103,189)"},{"description":"AI/AN**","count":7,"tested":55,"color":"rgb(31,119,180)"},{"description":"White","count":604,"tested":6697,"color":"rgb(31,119,180)"},{"description":"Left Blank","count":1818,"tested":29066,"color":"rgb(44,160,44)"},{"description":"Hispanic","count":5007,"tested":20089,"color":"rgb(214,39,40)"}],"gender":[{"description":"Unknown/Left Blank","count":30,"tested":642,"color":"rgb(44,160,44)"},{"description":"Female","count":4079,"tested":34858,"color":"rgb(255,127,14)"},{"description":"Male","count":3883,"tested":25947,"color":"rgb(31,119,180)"}]}
