{"age":[{"age_group":"<20","count":584,"tested":5002},{"age_group":"20-29   ","count":1005,"tested":11283},{"age_group":"30-39   ","count":933,"tested":10948},{"age_group":"40-49   ","count":775,"tested":9655},{"age_group":"50-59   ","count":906,"tested":11996},{"age_group":"60-69   ","count":741,"tested":10923},{"age_group":"70-79   ","count":341,"tested":4807},{"age_group":"80+","count":268,"tested":4211}],"race":[{"description":"Hispanic","count":834,"tested":4916,"color":"rgb(214,39,40)"},{"description":"AI/AN**","count":19,"tested":175,"color":"rgb(31,119,180)"},{"description":"Left Blank","count":1402,"tested":32828,"color":"rgb(44,160,44)"},{"description":"NH/PI*","count":19,"tested":220,"color":"rgb(127,127,127)"},{"description":"Black","count":143,"tested":1810,"color":"rgb(255,127,14)"},{"description":"Asian","count":777,"tested":7663,"color":"rgb(140,86,75)"},{"description":"White","count":1840,"tested":18214,"color":"rgb(31,119,180)"},{"description":"Other","count":519,"tested":3027,"color":"rgb(148,103,189)"}],"gender":[{"description":"Unknown/Left Blank","count":42,"tested":1156,"color":"rgb(44,160,44)"},{"description":"Female","count":2822,"tested":40451,"color":"rgb(255,127,14)"},{"description":"Male","count":2689,"tested":27246,"color":"rgb(31,119,180)"}]}
