{"age":[{"age_group":"<20","count":222,"tested":4777},{"age_group":"20-29   ","count":534,"tested":15083},{"age_group":"30-39   ","count":533,"tested":11894},{"age_group":"40-49   ","count":335,"tested":7203},{"age_group":"50-59   ","count":369,"tested":7689},{"age_group":"60-69   ","count":255,"tested":6300},{"age_group":"70-79   ","count":139,"tested":3138},{"age_group":"80+","count":61,"tested":1182}],"race":[{"description":"Black","count":222,"tested":3854,"color":"rgb(255,127,14)"},{"description":"Asian","count":135,"tested":1927,"color":"rgb(140,86,75)"},{"description":"White","count":722,"tested":14769,"color":"rgb(31,119,180)"},{"description":"Other","count":153,"tested":1859,"color":"rgb(148,103,189)"},{"description":"Hispanic","count":418,"tested":2979,"color":"rgb(214,39,40)"},{"description":"Left Blank","count":794,"tested":31837,"color":"rgb(44,160,44)"}],"gender":[{"description":"Male","count":1271,"tested":24706,"color":"rgb(31,119,180)"},{"description":"Female","count":1134,"tested":30876,"color":"rgb(255,127,14)"},{"description":"Unknown/Left Blank","count":43,"tested":1740,"color":"rgb(44,160,44)"}]}
