{"age":[{"age_group":"<20","count":120,"tested":770},{"age_group":"20-29   ","count":171,"tested":1194},{"age_group":"30-39   ","count":134,"tested":893},{"age_group":"40-49   ","count":118,"tested":765},{"age_group":"50-59   ","count":94,"tested":819},{"age_group":"60-69   ","count":62,"tested":511},{"age_group":"70-79   ","count":21,"tested":247},{"age_group":"80+","count":8,"tested":125}],"race":[{"description":"White","count":72,"tested":818,"color":"rgb(31,119,180)"},{"description":"Left Blank","count":297,"tested":2609,"color":"rgb(44,160,44)"},{"description":"Other","count":29,"tested":156,"color":"rgb(148,103,189)"},{"description":"Hispanic","count":284,"tested":1220,"color":"rgb(214,39,40)"},{"description":"Black","count":43,"tested":491,"color":"rgb(255,127,14)"}],"gender":[{"description":"Male","count":363,"tested":2331,"color":"rgb(31,119,180)"},{"description":"Female","count":364,"tested":2959,"color":"rgb(255,127,14)"}]}
