{"age":[{"age_group":"<20","count":440,"tested":4766},{"age_group":"20-29   ","count":390,"tested":5089},{"age_group":"30-39   ","count":274,"tested":4280},{"age_group":"40-49   ","count":276,"tested":3682},{"age_group":"50-59   ","count":311,"tested":4168},{"age_group":"60-69   ","count":224,"tested":4262},{"age_group":"70-79   ","count":100,"tested":2310},{"age_group":"80+","count":50,"tested":1938}],"race":[{"description":"Other","count":42,"tested":774,"color":"rgb(148,103,189)"},{"description":"Asian","count":75,"tested":802,"color":"rgb(140,86,75)"},{"description":"Black","count":62,"tested":669,"color":"rgb(255,127,14)"},{"description":"Left Blank","count":458,"tested":15353,"color":"rgb(44,160,44)"},{"description":"White","count":1311,"tested":12243,"color":"rgb(31,119,180)"},{"description":"Hispanic","count":114,"tested":636,"color":"rgb(214,39,40)"}],"gender":[{"description":"Female","count":1055,"tested":17313,"color":"rgb(255,127,14)"},{"description":"Male","count":997,"tested":12966,"color":"rgb(31,119,180)"},{"description":"Unknown/Left Blank","count":13,"tested":221,"color":"rgb(44,160,44)"}]}
