{"age":[{"age_group":"<20","count":260,"tested":1732},{"age_group":"20-29   ","count":389,"tested":2971},{"age_group":"30-39   ","count":363,"tested":3095},{"age_group":"40-49   ","count":335,"tested":2439},{"age_group":"50-59   ","count":327,"tested":2625},{"age_group":"60-69   ","count":198,"tested":2346},{"age_group":"70-79   ","count":94,"tested":1250},{"age_group":"80+","count":48,"tested":575}],"race":[{"description":"Black","count":238,"tested":2242,"color":"rgb(255,127,14)"},{"description":"Other","count":65,"tested":546,"color":"rgb(148,103,189)"},{"description":"White","count":484,"tested":4392,"color":"rgb(31,119,180)"},{"description":"Asian","count":26,"tested":165,"color":"rgb(140,86,75)"},{"description":"Left Blank","count":864,"tested":8046,"color":"rgb(44,160,44)"},{"description":"Hispanic","count":333,"tested":1608,"color":"rgb(214,39,40)"}],"gender":[{"description":"Male","count":928,"tested":7007,"color":"rgb(31,119,180)"},{"description":"Unknown/Left Blank","count":15,"tested":230,"color":"rgb(44,160,44)"},{"description":"Female","count":1071,"tested":9800,"color":"rgb(255,127,14)"}]}
