{"age":[{"age_group":"<20","count":251,"tested":2405},{"age_group":"20-29   ","count":278,"tested":2922},{"age_group":"30-39   ","count":224,"tested":2787},{"age_group":"40-49   ","count":251,"tested":2356},{"age_group":"50-59   ","count":283,"tested":2970},{"age_group":"60-69   ","count":204,"tested":3159},{"age_group":"70-79   ","count":99,"tested":2003},{"age_group":"80+","count":52,"tested":1125}],"race":[{"description":"Black","count":36,"tested":341,"color":"rgb(255,127,14)"},{"description":"Hispanic","count":122,"tested":623,"color":"rgb(214,39,40)"},{"description":"White","count":830,"tested":7147,"color":"rgb(31,119,180)"},{"description":"Asian","count":79,"tested":1046,"color":"rgb(140,86,75)"},{"description":"Other","count":73,"tested":775,"color":"rgb(148,103,189)"},{"description":"Left Blank","count":499,"tested":9756,"color":"rgb(44,160,44)"}],"gender":[{"description":"Female","count":820,"tested":10867,"color":"rgb(255,127,14)"},{"description":"Unknown/Left Blank","count":23,"tested":120,"color":"rgb(44,160,44)"},{"description":"Male","count":799,"tested":8744,"color":"rgb(31,119,180)"}]}
