{"age":[{"age_group":"<20","count":1132,"tested":8958},{"age_group":"20-29   ","count":1623,"tested":16253},{"age_group":"30-39   ","count":1546,"tested":17910},{"age_group":"40-49   ","count":1445,"tested":14821},{"age_group":"50-59   ","count":1160,"tested":13454},{"age_group":"60-69   ","count":778,"tested":10682},{"age_group":"70-79   ","count":327,"tested":4760},{"age_group":"80+","count":151,"tested":2337}],"race":[{"description":"White","count":1472,"tested":18182,"color":"rgb(31,119,180)"},{"description":"Left Blank","count":1474,"tested":36651,"color":"rgb(44,160,44)"},{"description":"Other","count":393,"tested":4370,"color":"rgb(148,103,189)"},{"description":"Black","count":132,"tested":1650,"color":"rgb(255,127,14)"},{"description":"Asian","count":191,"tested":2121,"color":"rgb(140,86,75)"},{"description":"Hispanic","count":4490,"tested":26038,"color":"rgb(214,39,40)"}],"gender":[{"description":"Unknown/Left Blank","count":95,"tested":1724,"color":"rgb(44,160,44)"},{"description":"Male","count":3995,"tested":40286,"color":"rgb(31,119,180)"},{"description":"Female","count":4072,"tested":47191,"color":"rgb(255,127,14)"}]}
