{"age":[{"age_group":"<20","count":223,"tested":4317},{"age_group":"20-29   ","count":1128,"tested":22697},{"age_group":"30-39   ","count":794,"tested":18729},{"age_group":"40-49   ","count":367,"tested":8489},{"age_group":"50-59   ","count":311,"tested":7440},{"age_group":"60-69   ","count":246,"tested":6006},{"age_group":"70-79   ","count":109,"tested":3232},{"age_group":"80+","count":99,"tested":2289}],"race":[{"description":"White","count":1358,"tested":23409,"color":"rgb(31,119,180)"},{"description":"Asian","count":115,"tested":1927,"color":"rgb(140,86,75)"},{"description":"Black","count":193,"tested":2308,"color":"rgb(255,127,14)"},{"description":"Other","count":166,"tested":2825,"color":"rgb(148,103,189)"},{"description":"Left Blank","count":1095,"tested":39964,"color":"rgb(44,160,44)"},{"description":"Hispanic","count":344,"tested":2694,"color":"rgb(214,39,40)"}],"gender":[{"description":"Female","count":1454,"tested":38017,"color":"rgb(255,127,14)"},{"description":"Male","count":1683,"tested":33879,"color":"rgb(31,119,180)"},{"description":"Unknown/Left Blank","count":140,"tested":1322,"color":"rgb(44,160,44)"}]}
