{"age":[{"age_group":"<20","count":192,"tested":2246},{"age_group":"20-29   ","count":153,"tested":3320},{"age_group":"30-39   ","count":116,"tested":2729},{"age_group":"40-49   ","count":156,"tested":2982},{"age_group":"50-59   ","count":150,"tested":3467},{"age_group":"60-69   ","count":102,"tested":3258},{"age_group":"70-79   ","count":40,"tested":2259},{"age_group":"80+","count":76,"tested":4050}],"race":[{"description":"White","count":476,"tested":7757,"color":"rgb(31,119,180)"},{"description":"Hispanic","count":83,"tested":957,"color":"rgb(214,39,40)"},{"description":"Black","count":28,"tested":886,"color":"rgb(255,127,14)"},{"description":"Left Blank","count":347,"tested":13983,"color":"rgb(44,160,44)"},{"description":"Other","count":46,"tested":492,"color":"rgb(148,103,189)"}],"gender":[{"description":"Unknown/Left Blank","count":12,"tested":530,"color":"rgb(44,160,44)"},{"description":"Male","count":469,"tested":9052,"color":"rgb(31,119,180)"},{"description":"Female","count":504,"tested":14735,"color":"rgb(255,127,14)"}]}
