{"age":[{"age_group":"<20","count":508,"tested":4163},{"age_group":"20-29   ","count":642,"tested":5787},{"age_group":"30-39   ","count":514,"tested":5244},{"age_group":"40-49   ","count":536,"tested":4533},{"age_group":"50-59   ","count":528,"tested":5312},{"age_group":"60-69   ","count":318,"tested":4461},{"age_group":"70-79   ","count":126,"tested":2324},{"age_group":"80+","count":92,"tested":1609}],"race":[{"description":"Hispanic","count":1185,"tested":5296,"color":"rgb(214,39,40)"},{"description":"Left Blank","count":793,"tested":12233,"color":"rgb(44,160,44)"},{"description":"White","count":963,"tested":12457,"color":"rgb(31,119,180)"},{"description":"Other","count":183,"tested":1325,"color":"rgb(148,103,189)"},{"description":"Black","count":33,"tested":461,"color":"rgb(255,127,14)"},{"description":"Asian","count":101,"tested":1516,"color":"rgb(140,86,75)"}],"gender":[{"description":"Unknown/Left Blank","count":26,"tested":296,"color":"rgb(44,160,44)"},{"description":"Male","count":1635,"tested":14563,"color":"rgb(31,119,180)"},{"description":"Female","count":1604,"tested":18577,"color":"rgb(255,127,14)"}]}
