{"lastUpdatedDate":{"year":2021,"month":8,"day":6},"county_demographics":[{"County":"Montgomery","confirmed_cases":3931,"total_tested":89341,"demographics":{"age":[{"race":[],"age_group":"<20","count":503,"tested":7115,"deaths":0},{"race":[],"age_group":"20-29   ","count":592,"tested":14710,"deaths":0},{"race":[],"age_group":"30-39   ","count":724,"tested":18620,"deaths":0},{"race":[],"age_group":"40-49   ","count":584,"tested":14320,"deaths":0},{"race":[],"age_group":"50-59   ","count":589,"tested":12375,"deaths":0},{"race":[],"age_group":"60-69   ","count":478,"tested":9226,"deaths":0},{"race":[],"age_group":"70-79   ","count":224,"tested":4664,"deaths":0},{"race":[],"age_group":"80+","count":232,"tested":6545,"deaths":0},{"race":[],"age_group":"Unknown","count":0,"tested":1766,"deaths":0}],"race":[{"description":"AI/AN**","count":0,"tested":17,"deaths":0,"color":"rgb(31,119,180)"},{"description":"Asian","count":0,"tested":133,"deaths":0,"color":"rgb(140,86,75)"},{"description":"Black","count":174,"tested":850,"deaths":0,"color":"rgb(255,127,14)"},{"description":"Hispanic","count":26,"tested":195,"deaths":0,"color":"rgb(214,39,40)"},{"description":"Left Blank","count":1768,"tested":62313,"deaths":0,"color":"rgb(44,160,44)"},{"description":"NH/PI*","count":0,"tested":42,"deaths":0,"color":"rgb(127,127,127)"},{"description":"Other","count":20,"tested":390,"deaths":0,"color":"rgb(148,103,189)"},{"description":"White","count":1922,"tested":25401,"deaths":0,"color":"rgb(31,119,180)"}],"gender":[{"description":"Female","count":1714,"tested":35722,"deaths":0,"color":"rgb(255,127,14)"},{"description":"Male","count":1996,"tested":39475,"deaths":0,"color":"rgb(31,119,180)"},{"description":"Unknown/Left Blank","count":219,"tested":14144,"deaths":0,"color":"rgb(44,160,44)"}]}}]}
