{"lastUpdatedDate":{"year":2021,"month":8,"day":6},"county_demographics":[{"County":"Kendall","confirmed_cases":13682,"total_tested":172089,"demographics":{"age":[{"race":[],"age_group":"<20","count":2674,"tested":36429,"deaths":0},{"race":[],"age_group":"20-29   ","count":2379,"tested":27918,"deaths":0},{"race":[],"age_group":"30-39   ","count":2481,"tested":28259,"deaths":0},{"race":[],"age_group":"40-49   ","count":2585,"tested":28071,"deaths":0},{"race":[],"age_group":"50-59   ","count":1886,"tested":22816,"deaths":0},{"race":[],"age_group":"60-69   ","count":951,"tested":14111,"deaths":0},{"race":[],"age_group":"70-79   ","count":468,"tested":8267,"deaths":0},{"race":[],"age_group":"80+","count":258,"tested":6190,"deaths":0},{"race":[],"age_group":"Unknown","count":0,"tested":28,"deaths":0}],"race":[{"description":"AI/AN**","count":11,"tested":157,"deaths":0,"color":"rgb(31,119,180)"},{"description":"Asian","count":219,"tested":3467,"deaths":0,"color":"rgb(140,86,75)"},{"description":"Black","count":860,"tested":10242,"deaths":0,"color":"rgb(255,127,14)"},{"description":"Hispanic","count":2927,"tested":19975,"deaths":0,"color":"rgb(214,39,40)"},{"description":"Left Blank","count":3391,"tested":64544,"deaths":0,"color":"rgb(44,160,44)"},{"description":"NH/PI*","count":9,"tested":111,"deaths":0,"color":"rgb(127,127,127)"},{"description":"Other","count":407,"tested":5436,"deaths":0,"color":"rgb(148,103,189)"},{"description":"White","count":5853,"tested":68157,"deaths":0,"color":"rgb(31,119,180)"}],"gender":[{"description":"Female","count":7130,"tested":96101,"deaths":0,"color":"rgb(255,127,14)"},{"description":"Male","count":6504,"tested":72231,"deaths":0,"color":"rgb(31,119,180)"},{"description":"Unknown/Left Blank","count":48,"tested":3757,"deaths":0,"color":"rgb(44,160,44)"}]}}]}
