{"lastUpdatedDate":{"year":2021,"month":8,"day":6},"county_demographics":[{"County":"Logan","confirmed_cases":4197,"total_tested":107111,"demographics":{"age":[{"race":[],"age_group":"<20","count":560,"tested":9318,"deaths":0},{"race":[],"age_group":"20-29   ","count":684,"tested":18673,"deaths":0},{"race":[],"age_group":"30-39   ","count":787,"tested":23134,"deaths":0},{"race":[],"age_group":"40-49   ","count":633,"tested":17487,"deaths":0},{"race":[],"age_group":"50-59   ","count":570,"tested":14407,"deaths":0},{"race":[],"age_group":"60-69   ","count":454,"tested":9246,"deaths":0},{"race":[],"age_group":"70-79   ","count":271,"tested":5117,"deaths":0},{"race":[],"age_group":"80+","count":236,"tested":7001,"deaths":0},{"race":[],"age_group":"Unknown","count":0,"tested":2728,"deaths":0}],"race":[{"description":"AI/AN**","count":0,"tested":22,"deaths":0,"color":"rgb(31,119,180)"},{"description":"Asian","count":14,"tested":94,"deaths":0,"color":"rgb(140,86,75)"},{"description":"Black","count":371,"tested":1710,"deaths":0,"color":"rgb(255,127,14)"},{"description":"Hispanic","count":109,"tested":550,"deaths":0,"color":"rgb(214,39,40)"},{"description":"Left Blank","count":538,"tested":71917,"deaths":0,"color":"rgb(44,160,44)"},{"description":"NH/PI*","count":0,"tested":85,"deaths":0,"color":"rgb(127,127,127)"},{"description":"Other","count":26,"tested":771,"deaths":0,"color":"rgb(148,103,189)"},{"description":"White","count":3125,"tested":31962,"deaths":0,"color":"rgb(31,119,180)"}],"gender":[{"description":"Female","count":2249,"tested":59864,"deaths":0,"color":"rgb(255,127,14)"},{"description":"Male","count":1761,"tested":27508,"deaths":0,"color":"rgb(31,119,180)"},{"description":"Unknown/Left Blank","count":187,"tested":19739,"deaths":0,"color":"rgb(44,160,44)"}]}}]}
