{"lastUpdatedDate":{"year":2021,"month":8,"day":6},"county_demographics":[{"County":"Tazewell","confirmed_cases":17750,"total_tested":268190,"demographics":{"age":[{"race":[],"age_group":"<20","count":3317,"tested":44041,"deaths":0},{"race":[],"age_group":"20-29   ","count":2585,"tested":41283,"deaths":0},{"race":[],"age_group":"30-39   ","count":2636,"tested":39293,"deaths":0},{"race":[],"age_group":"40-49   ","count":2610,"tested":37505,"deaths":0},{"race":[],"age_group":"50-59   ","count":2526,"tested":36103,"deaths":0},{"race":[],"age_group":"60-69   ","count":1957,"tested":28236,"deaths":0},{"race":[],"age_group":"70-79   ","count":1174,"tested":18572,"deaths":0},{"race":[],"age_group":"80+","count":945,"tested":23129,"deaths":0},{"race":[],"age_group":"Unknown","count":0,"tested":28,"deaths":0}],"race":[{"description":"AI/AN**","count":25,"tested":148,"deaths":0,"color":"rgb(31,119,180)"},{"description":"Asian","count":116,"tested":778,"deaths":0,"color":"rgb(140,86,75)"},{"description":"Black","count":247,"tested":2929,"deaths":0,"color":"rgb(255,127,14)"},{"description":"Hispanic","count":308,"tested":1759,"deaths":0,"color":"rgb(214,39,40)"},{"description":"Left Blank","count":2256,"tested":118495,"deaths":0,"color":"rgb(44,160,44)"},{"description":"NH/PI*","count":0,"tested":86,"deaths":0,"color":"rgb(127,127,127)"},{"description":"Other","count":326,"tested":7845,"deaths":0,"color":"rgb(148,103,189)"},{"description":"White","count":14462,"tested":136150,"deaths":0,"color":"rgb(31,119,180)"}],"gender":[{"description":"Female","count":9461,"tested":157192,"deaths":0,"color":"rgb(255,127,14)"},{"description":"Male","count":8138,"tested":103865,"deaths":0,"color":"rgb(31,119,180)"},{"description":"Unknown/Left Blank","count":148,"tested":7133,"deaths":0,"color":"rgb(44,160,44)"}]}}]}
