{"lastUpdatedDate":{"year":2021,"month":8,"day":6},"county_demographics":[{"County":"Henry","confirmed_cases":5199,"total_tested":78623,"demographics":{"age":[{"race":[],"age_group":"<20","count":851,"tested":10654,"deaths":0},{"race":[],"age_group":"20-29   ","count":712,"tested":10727,"deaths":0},{"race":[],"age_group":"30-39   ","count":759,"tested":12051,"deaths":0},{"race":[],"age_group":"40-49   ","count":786,"tested":11424,"deaths":0},{"race":[],"age_group":"50-59   ","count":802,"tested":12396,"deaths":0},{"race":[],"age_group":"60-69   ","count":650,"tested":9427,"deaths":0},{"race":[],"age_group":"70-79   ","count":331,"tested":5453,"deaths":0},{"race":[],"age_group":"80+","count":308,"tested":6325,"deaths":0},{"race":[],"age_group":"Unknown","count":0,"tested":166,"deaths":0}],"race":[{"description":"AI/AN**","count":0,"tested":33,"deaths":0,"color":"rgb(31,119,180)"},{"description":"Asian","count":0,"tested":85,"deaths":0,"color":"rgb(140,86,75)"},{"description":"Black","count":81,"tested":918,"deaths":0,"color":"rgb(255,127,14)"},{"description":"Hispanic","count":228,"tested":1488,"deaths":0,"color":"rgb(214,39,40)"},{"description":"Left Blank","count":1503,"tested":40568,"deaths":0,"color":"rgb(44,160,44)"},{"description":"NH/PI*","count":0,"tested":19,"deaths":0,"color":"rgb(127,127,127)"},{"description":"Other","count":128,"tested":1604,"deaths":0,"color":"rgb(148,103,189)"},{"description":"White","count":3249,"tested":33908,"deaths":0,"color":"rgb(31,119,180)"}],"gender":[{"description":"Female","count":2844,"tested":45865,"deaths":0,"color":"rgb(255,127,14)"},{"description":"Male","count":2313,"tested":27669,"deaths":0,"color":"rgb(31,119,180)"},{"description":"Unknown/Left Blank","count":40,"tested":5089,"deaths":0,"color":"rgb(44,160,44)"}]}}]}
