{"lastUpdatedDate":{"year":2021,"month":8,"day":6},"county_demographics":[{"County":"Union","confirmed_cases":2593,"total_tested":47251,"demographics":{"age":[{"race":[],"age_group":"<20","count":399,"tested":3498,"deaths":0},{"race":[],"age_group":"20-29   ","count":407,"tested":6658,"deaths":0},{"race":[],"age_group":"30-39   ","count":383,"tested":7323,"deaths":0},{"race":[],"age_group":"40-49   ","count":359,"tested":7517,"deaths":0},{"race":[],"age_group":"50-59   ","count":390,"tested":8728,"deaths":0},{"race":[],"age_group":"60-69   ","count":315,"tested":5688,"deaths":0},{"race":[],"age_group":"70-79   ","count":210,"tested":3401,"deaths":0},{"race":[],"age_group":"80+","count":130,"tested":4433,"deaths":0},{"race":[],"age_group":"Unknown","count":0,"tested":0,"deaths":0}],"race":[{"description":"AI/AN**","count":0,"tested":30,"deaths":0,"color":"rgb(31,119,180)"},{"description":"Asian","count":0,"tested":113,"deaths":0,"color":"rgb(140,86,75)"},{"description":"Black","count":74,"tested":1349,"deaths":0,"color":"rgb(255,127,14)"},{"description":"Hispanic","count":119,"tested":782,"deaths":0,"color":"rgb(214,39,40)"},{"description":"Left Blank","count":345,"tested":15547,"deaths":0,"color":"rgb(44,160,44)"},{"description":"NH/PI*","count":0,"tested":77,"deaths":0,"color":"rgb(127,127,127)"},{"description":"Other","count":17,"tested":257,"deaths":0,"color":"rgb(148,103,189)"},{"description":"White","count":2031,"tested":29096,"deaths":0,"color":"rgb(31,119,180)"}],"gender":[{"description":"Female","count":1298,"tested":24048,"deaths":0,"color":"rgb(255,127,14)"},{"description":"Male","count":1228,"tested":19779,"deaths":0,"color":"rgb(31,119,180)"},{"description":"Unknown/Left Blank","count":67,"tested":3424,"deaths":0,"color":"rgb(44,160,44)"}]}}]}
