{"lastUpdatedDate":{"year":2021,"month":8,"day":6},"county_demographics":[{"County":"Shelby","confirmed_cases":2404,"total_tested":31923,"demographics":{"age":[{"race":[],"age_group":"<20","count":344,"tested":4231,"deaths":0},{"race":[],"age_group":"20-29   ","count":339,"tested":4474,"deaths":0},{"race":[],"age_group":"30-39   ","count":314,"tested":4345,"deaths":0},{"race":[],"age_group":"40-49   ","count":314,"tested":4165,"deaths":0},{"race":[],"age_group":"50-59   ","count":374,"tested":4969,"deaths":0},{"race":[],"age_group":"60-69   ","count":346,"tested":3662,"deaths":0},{"race":[],"age_group":"70-79   ","count":236,"tested":2855,"deaths":0},{"race":[],"age_group":"80+","count":137,"tested":3216,"deaths":0},{"race":[],"age_group":"Unknown","count":0,"tested":6,"deaths":0}],"race":[{"description":"AI/AN**","count":0,"tested":10,"deaths":0,"color":"rgb(31,119,180)"},{"description":"Asian","count":0,"tested":71,"deaths":0,"color":"rgb(140,86,75)"},{"description":"Black","count":8,"tested":99,"deaths":0,"color":"rgb(255,127,14)"},{"description":"Hispanic","count":16,"tested":123,"deaths":0,"color":"rgb(214,39,40)"},{"description":"Left Blank","count":225,"tested":12216,"deaths":0,"color":"rgb(44,160,44)"},{"description":"NH/PI*","count":0,"tested":7,"deaths":0,"color":"rgb(127,127,127)"},{"description":"Other","count":11,"tested":554,"deaths":0,"color":"rgb(148,103,189)"},{"description":"White","count":2135,"tested":18843,"deaths":0,"color":"rgb(31,119,180)"}],"gender":[{"description":"Female","count":1340,"tested":19660,"deaths":0,"color":"rgb(255,127,14)"},{"description":"Male","count":1028,"tested":11168,"deaths":0,"color":"rgb(31,119,180)"},{"description":"Unknown/Left Blank","count":32,"tested":1095,"deaths":0,"color":"rgb(44,160,44)"}]}}]}
