{"lastUpdatedDate":{"year":2021,"month":8,"day":6},"county_demographics":[{"County":"Brown","confirmed_cases":827,"total_tested":31088,"demographics":{"age":[{"race":[],"age_group":"<20","count":132,"tested":1063,"deaths":0},{"race":[],"age_group":"20-29   ","count":137,"tested":6648,"deaths":0},{"race":[],"age_group":"30-39   ","count":172,"tested":6980,"deaths":0},{"race":[],"age_group":"40-49   ","count":126,"tested":6363,"deaths":0},{"race":[],"age_group":"50-59   ","count":101,"tested":3808,"deaths":0},{"race":[],"age_group":"60-69   ","count":92,"tested":2114,"deaths":0},{"race":[],"age_group":"70-79   ","count":22,"tested":661,"deaths":0},{"race":[],"age_group":"80+","count":36,"tested":607,"deaths":0},{"race":[],"age_group":"Unknown","count":0,"tested":2844,"deaths":0}],"race":[{"description":"AI/AN**","count":0,"tested":0,"deaths":0,"color":"rgb(31,119,180)"},{"description":"Asian","count":0,"tested":6,"deaths":0,"color":"rgb(140,86,75)"},{"description":"Black","count":119,"tested":394,"deaths":0,"color":"rgb(255,127,14)"},{"description":"Hispanic","count":18,"tested":76,"deaths":0,"color":"rgb(214,39,40)"},{"description":"Left Blank","count":156,"tested":25607,"deaths":0,"color":"rgb(44,160,44)"},{"description":"Other","count":0,"tested":55,"deaths":0,"color":"rgb(148,103,189)"},{"description":"White","count":528,"tested":4948,"deaths":0,"color":"rgb(31,119,180)"}],"gender":[{"description":"Female","count":330,"tested":4337,"deaths":0,"color":"rgb(255,127,14)"},{"description":"Male","count":458,"tested":12597,"deaths":0,"color":"rgb(31,119,180)"},{"description":"Unknown/Left Blank","count":39,"tested":14154,"deaths":0,"color":"rgb(44,160,44)"}]}}]}
