{"lastUpdatedDate":{"year":2020,"month":11,"day":30},"county_demographics":[{"County":"Washington","confirmed_cases":712,"total_tested":6025,"demographics":{"age":[{"race":[],"age_group":"30-39   ","count":106,"tested":912,"deaths":0},{"race":[],"age_group":"40-49   ","count":101,"tested":819,"deaths":0},{"race":[],"age_group":"70-79   ","count":43,"tested":544,"deaths":0},{"race":[],"age_group":"Unknown","count":0,"tested":0,"deaths":0},{"race":[],"age_group":"<20","count":95,"tested":834,"deaths":0},{"race":[],"age_group":"20-29   ","count":97,"tested":824,"deaths":0},{"race":[],"age_group":"60-69   ","count":105,"tested":939,"deaths":0},{"race":[],"age_group":"50-59   ","count":112,"tested":827,"deaths":0},{"race":[],"age_group":"80+","count":34,"tested":324,"deaths":0}],"race":[{"description":"AI/AN**","count":0,"tested":0,"deaths":0,"color":"rgb(31,119,180)"},{"description":"Asian","count":0,"tested":15,"deaths":0,"color":"rgb(140,86,75)"},{"description":"Black","count":0,"tested":28,"deaths":0,"color":"rgb(255,127,14)"},{"description":"Hispanic","count":10,"tested":50,"deaths":0,"color":"rgb(214,39,40)"},{"description":"Left Blank","count":213,"tested":1753,"deaths":0,"color":"rgb(44,160,44)"},{"description":"NH/PI*","count":0,"tested":0,"deaths":0,"color":"rgb(127,127,127)"},{"description":"Other","count":11,"tested":152,"deaths":0,"color":"rgb(148,103,189)"},{"description":"White","count":476,"tested":4022,"deaths":0,"color":"rgb(31,119,180)"}],"gender":[{"description":"Female","count":371,"tested":3535,"deaths":0,"color":"rgb(255,127,14)"},{"description":"Male","count":332,"tested":2353,"deaths":0,"color":"rgb(31,119,180)"},{"description":"Unknown/Left Blank","count":9,"tested":137,"deaths":0,"color":"rgb(44,160,44)"}]}}]}
