{"lastUpdatedDate":{"year":2020,"month":11,"day":30},"county_demographics":[{"County":"Clark","confirmed_cases":805,"total_tested":7426,"demographics":{"age":[{"race":[],"age_group":"30-39   ","count":107,"tested":928,"deaths":0},{"race":[],"age_group":"20-29   ","count":113,"tested":854,"deaths":0},{"race":[],"age_group":"50-59   ","count":115,"tested":1002,"deaths":0},{"race":[],"age_group":"<20","count":143,"tested":1108,"deaths":0},{"race":[],"age_group":"40-49   ","count":102,"tested":872,"deaths":0},{"race":[],"age_group":"Unknown","count":0,"tested":11,"deaths":0},{"race":[],"age_group":"60-69   ","count":84,"tested":923,"deaths":0},{"race":[],"age_group":"80+","count":89,"tested":1065,"deaths":0},{"race":[],"age_group":"70-79   ","count":49,"tested":663,"deaths":0}],"race":[{"description":"AI/AN**","count":0,"tested":0,"deaths":0,"color":"rgb(31,119,180)"},{"description":"Asian","count":0,"tested":7,"deaths":0,"color":"rgb(140,86,75)"},{"description":"Black","count":0,"tested":11,"deaths":0,"color":"rgb(255,127,14)"},{"description":"Hispanic","count":7,"tested":23,"deaths":0,"color":"rgb(214,39,40)"},{"description":"Left Blank","count":205,"tested":3241,"deaths":0,"color":"rgb(44,160,44)"},{"description":"Other","count":7,"tested":227,"deaths":0,"color":"rgb(148,103,189)"},{"description":"White","count":578,"tested":3913,"deaths":0,"color":"rgb(31,119,180)"}],"gender":[{"description":"Female","count":381,"tested":4789,"deaths":0,"color":"rgb(255,127,14)"},{"description":"Male","count":257,"tested":2374,"deaths":0,"color":"rgb(31,119,180)"},{"description":"Unknown/Left Blank","count":167,"tested":263,"deaths":0,"color":"rgb(44,160,44)"}]}}]}
