{"lastUpdatedDate":{"year":2020,"month":11,"day":30},"county_demographics":[{"County":"Hardin","confirmed_cases":156,"total_tested":2110,"demographics":{"age":[{"race":[],"age_group":"40-49   ","count":20,"tested":248,"deaths":0},{"race":[],"age_group":"70-79   ","count":19,"tested":232,"deaths":0},{"race":[],"age_group":"<20","count":14,"tested":156,"deaths":0},{"race":[],"age_group":"50-59   ","count":27,"tested":349,"deaths":0},{"race":[],"age_group":"Unknown","count":0,"tested":0,"deaths":0},{"race":[],"age_group":"20-29   ","count":23,"tested":337,"deaths":0},{"race":[],"age_group":"60-69   ","count":32,"tested":292,"deaths":0},{"race":[],"age_group":"80+","count":12,"tested":174,"deaths":0},{"race":[],"age_group":"30-39   ","count":9,"tested":319,"deaths":0}],"race":[{"description":"AI/AN**","count":0,"tested":0,"deaths":0,"color":"rgb(31,119,180)"},{"description":"Asian","count":0,"tested":0,"deaths":0,"color":"rgb(140,86,75)"},{"description":"Black","count":0,"tested":28,"deaths":0,"color":"rgb(255,127,14)"},{"description":"Hispanic","count":0,"tested":0,"deaths":0,"color":"rgb(214,39,40)"},{"description":"Left Blank","count":51,"tested":584,"deaths":0,"color":"rgb(44,160,44)"},{"description":"Other","count":0,"tested":7,"deaths":0,"color":"rgb(148,103,189)"},{"description":"White","count":105,"tested":1486,"deaths":0,"color":"rgb(31,119,180)"}],"gender":[{"description":"Female","count":81,"tested":1417,"deaths":0,"color":"rgb(255,127,14)"},{"description":"Male","count":74,"tested":672,"deaths":0,"color":"rgb(31,119,180)"},{"description":"Unknown/Left Blank","count":0,"tested":21,"deaths":0,"color":"rgb(44,160,44)"}]}}]}
