{"lastUpdatedDate":{"year":2020,"month":11,"day":30},"county_demographics":[{"County":"Cook","confirmed_cases":144593,"total_tested":1824547,"demographics":{"age":[{"race":[],"age_group":"60-69   ","count":15888,"tested":245852,"deaths":0},{"race":[],"age_group":"30-39   ","count":22914,"tested":261284,"deaths":0},{"race":[],"age_group":"40-49   ","count":23241,"tested":250030,"deaths":0},{"race":[],"age_group":"20-29   ","count":26415,"tested":308194,"deaths":0},{"race":[],"age_group":"70-79   ","count":7958,"tested":147049,"deaths":0},{"race":[],"age_group":"<20","count":19463,"tested":185746,"deaths":0},{"race":[],"age_group":"50-59   ","count":22295,"tested":280129,"deaths":0},{"race":[],"age_group":"Unknown","count":33,"tested":1646,"deaths":0},{"race":[],"age_group":"80+","count":6381,"tested":144617,"deaths":0}],"race":[{"description":"AI/AN**","count":249,"tested":1626,"deaths":0,"color":"rgb(31,119,180)"},{"description":"Asian","count":4476,"tested":59423,"deaths":0,"color":"rgb(140,86,75)"},{"description":"Black","count":14913,"tested":168367,"deaths":0,"color":"rgb(255,127,14)"},{"description":"Hispanic","count":29342,"tested":148836,"deaths":0,"color":"rgb(214,39,40)"},{"description":"Left Blank","count":50324,"tested":904972,"deaths":0,"color":"rgb(44,160,44)"},{"description":"NH/PI*","count":235,"tested":2463,"deaths":0,"color":"rgb(127,127,127)"},{"description":"Other","count":7752,"tested":70588,"deaths":0,"color":"rgb(148,103,189)"},{"description":"White","count":37297,"tested":468272,"deaths":0,"color":"rgb(31,119,180)"}],"gender":[{"description":"Female","count":75213,"tested":1023279,"deaths":0,"color":"rgb(255,127,14)"},{"description":"Male","count":68098,"tested":750344,"deaths":0,"color":"rgb(31,119,180)"},{"description":"Unknown/Left Blank","count":1282,"tested":50924,"deaths":0,"color":"rgb(44,160,44)"}]}}]}
