{"lastUpdatedDate":{"year":2020,"month":11,"day":30},"county_demographics":[{"County":"Douglas","confirmed_cases":1369,"total_tested":15453,"demographics":{"age":[{"race":[],"age_group":"40-49   ","count":200,"tested":2039,"deaths":0},{"race":[],"age_group":"60-69   ","count":175,"tested":2081,"deaths":0},{"race":[],"age_group":"20-29   ","count":212,"tested":2370,"deaths":0},{"race":[],"age_group":"80+","count":69,"tested":1079,"deaths":0},{"race":[],"age_group":"30-39   ","count":178,"tested":1908,"deaths":0},{"race":[],"age_group":"50-59   ","count":196,"tested":1770,"deaths":0},{"race":[],"age_group":"70-79   ","count":78,"tested":1149,"deaths":0},{"race":[],"age_group":"<20","count":253,"tested":3051,"deaths":0},{"race":[],"age_group":"Unknown","count":0,"tested":6,"deaths":0}],"race":[{"description":"AI/AN**","count":0,"tested":12,"deaths":0,"color":"rgb(31,119,180)"},{"description":"Asian","count":0,"tested":37,"deaths":0,"color":"rgb(140,86,75)"},{"description":"Black","count":0,"tested":97,"deaths":0,"color":"rgb(255,127,14)"},{"description":"Hispanic","count":233,"tested":934,"deaths":0,"color":"rgb(214,39,40)"},{"description":"Left Blank","count":284,"tested":3274,"deaths":0,"color":"rgb(44,160,44)"},{"description":"NH/PI*","count":0,"tested":7,"deaths":0,"color":"rgb(127,127,127)"},{"description":"Other","count":50,"tested":483,"deaths":0,"color":"rgb(148,103,189)"},{"description":"White","count":784,"tested":10609,"deaths":0,"color":"rgb(31,119,180)"}],"gender":[{"description":"Female","count":667,"tested":8897,"deaths":0,"color":"rgb(255,127,14)"},{"description":"Male","count":680,"tested":6440,"deaths":0,"color":"rgb(31,119,180)"},{"description":"Unknown/Left Blank","count":14,"tested":116,"deaths":0,"color":"rgb(44,160,44)"}]}}]}
