{"age":[{"age_group":"<20","count":10,"tested":120},{"age_group":"30-39   ","count":12,"tested":78},{"age_group":"40-49   ","count":9,"tested":45},{"age_group":"50-59   ","count":11,"tested":82},{"age_group":"60-69   ","count":6,"tested":47}],"race":[{"description":"White","count":49,"tested":263,"color":"rgb(31,119,180)"},{"description":"Left Blank","count":7,"tested":180,"color":"rgb(44,160,44)"}],"gender":[{"description":"Female","count":29,"tested":288,"color":"rgb(255,127,14)"},{"description":"Male","count":29,"tested":169,"color":"rgb(31,119,180)"}]}
