{"age":[{"age_group":"<20","count":201,"tested":1779},{"age_group":"20-29   ","count":293,"tested":3324},{"age_group":"30-39   ","count":274,"tested":2975},{"age_group":"40-49   ","count":336,"tested":3921},{"age_group":"50-59   ","count":289,"tested":3993},{"age_group":"60-69   ","count":182,"tested":3195},{"age_group":"70-79   ","count":104,"tested":1838},{"age_group":"80+","count":78,"tested":1056}],"race":[{"description":"Black","count":904,"tested":9789,"color":"rgb(255,127,14)"},{"description":"Asian","count":11,"tested":127,"color":"rgb(140,86,75)"},{"description":"White","count":137,"tested":1885,"color":"rgb(31,119,180)"},{"description":"Hispanic","count":78,"tested":450,"color":"rgb(214,39,40)"},{"description":"Other","count":30,"tested":437,"color":"rgb(148,103,189)"},{"description":"Left Blank","count":593,"tested":9321,"color":"rgb(44,160,44)"}],"gender":[{"description":"Female","count":973,"tested":13022,"color":"rgb(255,127,14)"},{"description":"Male","count":748,"tested":8214,"color":"rgb(31,119,180)"},{"description":"Unknown/Left Blank","count":36,"tested":845,"color":"rgb(44,160,44)"}]}
