{"age":[{"age_group":"<20","count":455,"tested":4001},{"age_group":"20-29   ","count":559,"tested":4743},{"age_group":"30-39   ","count":572,"tested":5265},{"age_group":"40-49   ","count":554,"tested":4969},{"age_group":"50-59   ","count":514,"tested":5236},{"age_group":"60-69   ","count":305,"tested":3596},{"age_group":"70-79   ","count":140,"tested":1802},{"age_group":"80+","count":83,"tested":2221}],"race":[{"description":"Left Blank","count":1481,"tested":15854,"color":"rgb(44,160,44)"},{"description":"Other","count":188,"tested":1315,"color":"rgb(148,103,189)"},{"description":"Hispanic","count":120,"tested":1006,"color":"rgb(214,39,40)"},{"description":"Asian","count":16,"tested":87,"color":"rgb(140,86,75)"},{"description":"White","count":1266,"tested":12290,"color":"rgb(31,119,180)"},{"description":"Black","count":109,"tested":1274,"color":"rgb(255,127,14)"}],"gender":[{"description":"Unknown/Left Blank","count":30,"tested":1004,"color":"rgb(44,160,44)"},{"description":"Male","count":1619,"tested":14403,"color":"rgb(31,119,180)"},{"description":"Female","count":1533,"tested":16434,"color":"rgb(255,127,14)"}]}
