{"age":[{"age_group":"<20","count":936,"tested":9857},{"age_group":"20-29   ","count":1964,"tested":38009},{"age_group":"30-39   ","count":1796,"tested":39822},{"age_group":"40-49   ","count":1126,"tested":15082},{"age_group":"50-59   ","count":957,"tested":10441},{"age_group":"60-69   ","count":632,"tested":6706},{"age_group":"70-79   ","count":325,"tested":3689},{"age_group":"80+","count":173,"tested":1814}],"race":[{"description":"Hispanic","count":3580,"tested":21346,"color":"rgb(214,39,40)"},{"description":"Left Blank","count":1985,"tested":51674,"color":"rgb(44,160,44)"},{"description":"White","count":1675,"tested":40165,"color":"rgb(31,119,180)"},{"description":"Asian","count":104,"tested":2591,"color":"rgb(140,86,75)"},{"description":"Black","count":234,"tested":3678,"color":"rgb(255,127,14)"},{"description":"Other","count":316,"tested":5756,"color":"rgb(148,103,189)"},{"description":"AI/AN**","count":11,"tested":137,"color":"rgb(31,119,180)"}],"gender":[{"description":"Unknown/Left Blank","count":197,"tested":3893,"color":"rgb(44,160,44)"},{"description":"Male","count":3779,"tested":54084,"color":"rgb(31,119,180)"},{"description":"Female","count":3933,"tested":67468,"color":"rgb(255,127,14)"}]}
