{"age":[{"age_group":"<20","count":411,"tested":14985},{"age_group":"20-29   ","count":584,"tested":35146},{"age_group":"30-39   ","count":256,"tested":8625},{"age_group":"40-49   ","count":250,"tested":6036},{"age_group":"50-59   ","count":247,"tested":7677},{"age_group":"60-69   ","count":183,"tested":6995},{"age_group":"70-79   ","count":117,"tested":4995},{"age_group":"80+","count":164,"tested":11887}],"race":[{"description":"Hispanic","count":289,"tested":5693,"color":"rgb(214,39,40)"},{"description":"Left Blank","count":276,"tested":34318,"color":"rgb(44,160,44)"},{"description":"White","count":989,"tested":35687,"color":"rgb(31,119,180)"},{"description":"Asian","count":129,"tested":11258,"color":"rgb(140,86,75)"},{"description":"Black","count":372,"tested":6324,"color":"rgb(255,127,14)"},{"description":"Other","count":151,"tested":2932,"color":"rgb(148,103,189)"}],"gender":[{"description":"Male","count":1101,"tested":41177,"color":"rgb(31,119,180)"},{"description":"Female","count":1088,"tested":53977,"color":"rgb(255,127,14)"},{"description":"Unknown/Left Blank","count":23,"tested":1224,"color":"rgb(44,160,44)"}]}
