{"age":[{"age_group":"<20","count":203,"tested":2080},{"age_group":"20-29   ","count":121,"tested":1372},{"age_group":"30-39   ","count":81,"tested":1012},{"age_group":"40-49   ","count":120,"tested":1252},{"age_group":"50-59   ","count":130,"tested":1620},{"age_group":"60-69   ","count":68,"tested":1130},{"age_group":"70-79   ","count":17,"tested":581},{"age_group":"80+","count":46,"tested":660}],"race":[{"description":"Left Blank","count":190,"tested":5130,"color":"rgb(44,160,44)"},{"description":"Other","count":19,"tested":330,"color":"rgb(148,103,189)"},{"description":"Hispanic","count":32,"tested":171,"color":"rgb(214,39,40)"},{"description":"White","count":478,"tested":3594,"color":"rgb(31,119,180)"},{"description":"Asian","count":44,"tested":325,"color":"rgb(140,86,75)"},{"description":"Black","count":22,"tested":155,"color":"rgb(255,127,14)"}],"gender":[{"description":"Male","count":394,"tested":4016,"color":"rgb(31,119,180)"},{"description":"Female","count":385,"tested":5531,"color":"rgb(255,127,14)"}]}
