{"age":[{"age_group":"<20","count":396,"tested":4035},{"age_group":"20-29   ","count":160,"tested":2610},{"age_group":"30-39   ","count":95,"tested":2135},{"age_group":"40-49   ","count":179,"tested":2909},{"age_group":"50-59   ","count":274,"tested":3744},{"age_group":"60-69   ","count":174,"tested":2899},{"age_group":"70-79   ","count":95,"tested":2099},{"age_group":"80+","count":97,"tested":2108}],"race":[{"description":"Hispanic","count":56,"tested":383,"color":"rgb(214,39,40)"},{"description":"Left Blank","count":394,"tested":11816,"color":"rgb(44,160,44)"},{"description":"White","count":897,"tested":8331,"color":"rgb(31,119,180)"},{"description":"Asian","count":46,"tested":795,"color":"rgb(140,86,75)"},{"description":"Black","count":23,"tested":409,"color":"rgb(255,127,14)"},{"description":"Other","count":53,"tested":785,"color":"rgb(148,103,189)"}],"gender":[{"description":"Male","count":706,"tested":9622,"color":"rgb(31,119,180)"},{"description":"Female","count":750,"tested":12730,"color":"rgb(255,127,14)"},{"description":"Unknown/Left Blank","count":14,"tested":189,"color":"rgb(44,160,44)"}]}
