{"age":[{"age_group":"<20","count":181,"tested":1202},{"age_group":"20-29   ","count":257,"tested":2262},{"age_group":"30-39   ","count":210,"tested":2214},{"age_group":"40-49   ","count":215,"tested":1996},{"age_group":"50-59   ","count":189,"tested":2267},{"age_group":"60-69   ","count":134,"tested":1732},{"age_group":"70-79   ","count":59,"tested":753},{"age_group":"80+","count":34,"tested":589}],"race":[{"description":"Black","count":138,"tested":1359,"color":"rgb(255,127,14)"},{"description":"Asian","count":10,"tested":61,"color":"rgb(140,86,75)"},{"description":"Other","count":66,"tested":491,"color":"rgb(148,103,189)"},{"description":"Hispanic","count":214,"tested":982,"color":"rgb(214,39,40)"},{"description":"White","count":392,"tested":3036,"color":"rgb(31,119,180)"},{"description":"Left Blank","count":456,"tested":7075,"color":"rgb(44,160,44)"}],"gender":[{"description":"Female","count":721,"tested":8378,"color":"rgb(255,127,14)"},{"description":"Male","count":554,"tested":4363,"color":"rgb(31,119,180)"}]}
