{"age":[{"age_group":"<20","count":1039,"tested":11816},{"age_group":"20-29   ","count":1557,"tested":23688},{"age_group":"30-39   ","count":1697,"tested":29734},{"age_group":"40-49   ","count":1299,"tested":17061},{"age_group":"50-59   ","count":929,"tested":11273},{"age_group":"60-69   ","count":567,"tested":7175},{"age_group":"70-79   ","count":267,"tested":3473},{"age_group":"80+","count":171,"tested":2585}],"race":[{"description":"AI/AN**","count":19,"tested":105,"color":"rgb(31,119,180)"},{"description":"NH/PI*","count":14,"tested":163,"color":"rgb(127,127,127)"},{"description":"Black","count":164,"tested":2540,"color":"rgb(255,127,14)"},{"description":"Asian","count":190,"tested":3440,"color":"rgb(140,86,75)"},{"description":"Hispanic","count":3238,"tested":18757,"color":"rgb(214,39,40)"},{"description":"Left Blank","count":1655,"tested":41331,"color":"rgb(44,160,44)"},{"description":"Other","count":403,"tested":5400,"color":"rgb(148,103,189)"},{"description":"White","count":1843,"tested":35099,"color":"rgb(31,119,180)"}],"gender":[{"description":"Female","count":3608,"tested":56715,"color":"rgb(255,127,14)"},{"description":"Male","count":3739,"tested":47420,"color":"rgb(31,119,180)"},{"description":"Unknown/Left Blank","count":179,"tested":2700,"color":"rgb(44,160,44)"}]}
