{"age":[{"age_group":"<20","count":334,"tested":2745},{"age_group":"20-29   ","count":521,"tested":4300},{"age_group":"30-39   ","count":472,"tested":4029},{"age_group":"40-49   ","count":408,"tested":3584},{"age_group":"50-59   ","count":411,"tested":3583},{"age_group":"60-69   ","count":331,"tested":3098},{"age_group":"70-79   ","count":118,"tested":1339},{"age_group":"80+","count":65,"tested":596}],"race":[{"description":"White","count":933,"tested":8281,"color":"rgb(31,119,180)"},{"description":"Other","count":101,"tested":835,"color":"rgb(148,103,189)"},{"description":"Left Blank","count":1151,"tested":11080,"color":"rgb(44,160,44)"},{"description":"Black","count":133,"tested":1200,"color":"rgb(255,127,14)"},{"description":"Asian","count":63,"tested":439,"color":"rgb(140,86,75)"},{"description":"Hispanic","count":270,"tested":1364,"color":"rgb(214,39,40)"}],"gender":[{"description":"Female","count":1325,"tested":12903,"color":"rgb(255,127,14)"},{"description":"Male","count":1307,"tested":10098,"color":"rgb(31,119,180)"},{"description":"Unknown/Left Blank","count":29,"tested":279,"color":"rgb(44,160,44)"}]}
