{"lastUpdatedDate":{"year":2021,"month":4,"day":18},"county_demographics":[{"County":"Boone","confirmed_cases":6381,"total_tested":58433,"demographics":{"age":[{"race":[],"age_group":"60-69   ","count":607,"tested":6240,"deaths":0},{"race":[],"age_group":"50-59   ","count":989,"tested":8547,"deaths":0},{"race":[],"age_group":"20-29   ","count":1105,"tested":9550,"deaths":0},{"race":[],"age_group":"80+","count":196,"tested":3916,"deaths":0},{"race":[],"age_group":"40-49   ","count":1078,"tested":8461,"deaths":0},{"race":[],"age_group":"30-39   ","count":923,"tested":7885,"deaths":0},{"race":[],"age_group":"70-79   ","count":328,"tested":4237,"deaths":0},{"race":[],"age_group":"<20","count":1154,"tested":9586,"deaths":0},{"race":[],"age_group":"Unknown","count":0,"tested":11,"deaths":0}],"race":[{"description":"AI/AN**","count":9,"tested":41,"deaths":0,"color":"rgb(31,119,180)"},{"description":"Asian","count":42,"tested":406,"deaths":0,"color":"rgb(140,86,75)"},{"description":"Black","count":110,"tested":847,"deaths":0,"color":"rgb(255,127,14)"},{"description":"Hispanic","count":2183,"tested":5492,"deaths":0,"color":"rgb(214,39,40)"},{"description":"Left Blank","count":564,"tested":28833,"deaths":0,"color":"rgb(44,160,44)"},{"description":"NH/PI*","count":0,"tested":18,"deaths":0,"color":"rgb(127,127,127)"},{"description":"Other","count":80,"tested":837,"deaths":0,"color":"rgb(148,103,189)"},{"description":"White","count":3380,"tested":21959,"deaths":0,"color":"rgb(31,119,180)"}],"gender":[{"description":"Female","count":3354,"tested":34673,"deaths":0,"color":"rgb(255,127,14)"},{"description":"Male","count":3019,"tested":22969,"deaths":0,"color":"rgb(31,119,180)"},{"description":"Unknown/Left Blank","count":7,"tested":791,"deaths":0,"color":"rgb(44,160,44)"}]}}]}
