{"lastUpdatedDate":{"year":2021,"month":4,"day":18},"county_demographics":[{"County":"Kankakee","confirmed_cases":13502,"total_tested":218465,"demographics":{"age":[{"race":[],"age_group":"40-49   ","count":2043,"tested":32313,"deaths":0},{"race":[],"age_group":"50-59   ","count":2043,"tested":36695,"deaths":0},{"race":[],"age_group":"20-29   ","count":2388,"tested":32467,"deaths":0},{"race":[],"age_group":"30-39   ","count":2064,"tested":32371,"deaths":0},{"race":[],"age_group":"<20","count":2033,"tested":18221,"deaths":0},{"race":[],"age_group":"60-69   ","count":1489,"tested":29791,"deaths":0},{"race":[],"age_group":"Unknown","count":0,"tested":71,"deaths":0},{"race":[],"age_group":"80+","count":588,"tested":17804,"deaths":0},{"race":[],"age_group":"70-79   ","count":851,"tested":18732,"deaths":0}],"race":[{"description":"AI/AN**","count":0,"tested":104,"deaths":0,"color":"rgb(31,119,180)"},{"description":"Asian","count":46,"tested":1320,"deaths":0,"color":"rgb(140,86,75)"},{"description":"Black","count":1745,"tested":38052,"deaths":0,"color":"rgb(255,127,14)"},{"description":"Hispanic","count":1265,"tested":8171,"deaths":0,"color":"rgb(214,39,40)"},{"description":"Left Blank","count":3172,"tested":52306,"deaths":0,"color":"rgb(44,160,44)"},{"description":"NH/PI*","count":0,"tested":277,"deaths":0,"color":"rgb(127,127,127)"},{"description":"Other","count":343,"tested":5672,"deaths":0,"color":"rgb(148,103,189)"},{"description":"White","count":6914,"tested":112563,"deaths":0,"color":"rgb(31,119,180)"}],"gender":[{"description":"Female","count":7136,"tested":128295,"deaths":0,"color":"rgb(255,127,14)"},{"description":"Male","count":6325,"tested":85945,"deaths":0,"color":"rgb(31,119,180)"},{"description":"Unknown/Left Blank","count":41,"tested":4225,"deaths":0,"color":"rgb(44,160,44)"}]}}]}
