{"lastUpdatedDate":{"year":2021,"month":4,"day":18},"county_demographics":[{"County":"Gallatin","confirmed_cases":453,"total_tested":4246,"demographics":{"age":[{"race":[],"age_group":"30-39   ","count":58,"tested":642,"deaths":0},{"race":[],"age_group":"20-29   ","count":69,"tested":668,"deaths":0},{"race":[],"age_group":"<20","count":57,"tested":747,"deaths":0},{"race":[],"age_group":"60-69   ","count":59,"tested":485,"deaths":0},{"race":[],"age_group":"Unknown","count":0,"tested":0,"deaths":0},{"race":[],"age_group":"80+","count":22,"tested":130,"deaths":0},{"race":[],"age_group":"40-49   ","count":63,"tested":546,"deaths":0},{"race":[],"age_group":"50-59   ","count":60,"tested":636,"deaths":0},{"race":[],"age_group":"70-79   ","count":56,"tested":389,"deaths":0}],"race":[{"description":"AI/AN**","count":0,"tested":0,"deaths":0,"color":"rgb(31,119,180)"},{"description":"Asian","count":0,"tested":0,"deaths":0,"color":"rgb(140,86,75)"},{"description":"Black","count":0,"tested":32,"deaths":0,"color":"rgb(255,127,14)"},{"description":"Hispanic","count":9,"tested":34,"deaths":0,"color":"rgb(214,39,40)"},{"description":"Left Blank","count":92,"tested":1913,"deaths":0,"color":"rgb(44,160,44)"},{"description":"NH/PI*","count":0,"tested":0,"deaths":0,"color":"rgb(127,127,127)"},{"description":"Other","count":0,"tested":25,"deaths":0,"color":"rgb(148,103,189)"},{"description":"White","count":345,"tested":2238,"deaths":0,"color":"rgb(31,119,180)"}],"gender":[{"description":"Female","count":240,"tested":2820,"deaths":0,"color":"rgb(255,127,14)"},{"description":"Male","count":198,"tested":1292,"deaths":0,"color":"rgb(31,119,180)"},{"description":"Unknown/Left Blank","count":13,"tested":134,"deaths":0,"color":"rgb(44,160,44)"}]}}]}
