{"lastUpdatedDate":{"year":2021,"month":4,"day":18},"county_demographics":[{"County":"Edwards","confirmed_cases":553,"total_tested":4310,"demographics":{"age":[{"race":[],"age_group":"30-39   ","count":60,"tested":558,"deaths":0},{"race":[],"age_group":"20-29   ","count":67,"tested":632,"deaths":0},{"race":[],"age_group":"70-79   ","count":68,"tested":317,"deaths":0},{"race":[],"age_group":"50-59   ","count":86,"tested":663,"deaths":0},{"race":[],"age_group":"60-69   ","count":82,"tested":517,"deaths":0},{"race":[],"age_group":"Unknown","count":0,"tested":0,"deaths":0},{"race":[],"age_group":"80+","count":30,"tested":179,"deaths":0},{"race":[],"age_group":"<20","count":77,"tested":809,"deaths":0},{"race":[],"age_group":"40-49   ","count":81,"tested":634,"deaths":0}],"race":[{"description":"Asian","count":0,"tested":0,"deaths":0,"color":"rgb(140,86,75)"},{"description":"Black","count":0,"tested":8,"deaths":0,"color":"rgb(255,127,14)"},{"description":"Hispanic","count":0,"tested":9,"deaths":0,"color":"rgb(214,39,40)"},{"description":"Left Blank","count":54,"tested":996,"deaths":0,"color":"rgb(44,160,44)"},{"description":"NH/PI*","count":0,"tested":0,"deaths":0,"color":"rgb(127,127,127)"},{"description":"Other","count":0,"tested":9,"deaths":0,"color":"rgb(148,103,189)"},{"description":"White","count":496,"tested":3282,"deaths":0,"color":"rgb(31,119,180)"}],"gender":[{"description":"Female","count":295,"tested":2787,"deaths":0,"color":"rgb(255,127,14)"},{"description":"Male","count":251,"tested":1327,"deaths":0,"color":"rgb(31,119,180)"},{"description":"Unknown/Left Blank","count":7,"tested":196,"deaths":0,"color":"rgb(44,160,44)"}]}}]}
