{"lastUpdatedDate":{"year":2021,"month":4,"day":18},"county_demographics":[{"County":"LaSalle","confirmed_cases":11755,"total_tested":176257,"demographics":{"age":[{"race":[],"age_group":"40-49   ","count":1729,"tested":26532,"deaths":0},{"race":[],"age_group":"80+","count":762,"tested":17440,"deaths":0},{"race":[],"age_group":"50-59   ","count":1828,"tested":24215,"deaths":0},{"race":[],"age_group":"20-29   ","count":1965,"tested":30409,"deaths":0},{"race":[],"age_group":"30-39   ","count":1812,"tested":30907,"deaths":0},{"race":[],"age_group":"<20","count":1524,"tested":16230,"deaths":0},{"race":[],"age_group":"60-69   ","count":1362,"tested":18264,"deaths":0},{"race":[],"age_group":"Unknown","count":0,"tested":1608,"deaths":0},{"race":[],"age_group":"70-79   ","count":772,"tested":10652,"deaths":0}],"race":[{"description":"AI/AN**","count":6,"tested":77,"deaths":0,"color":"rgb(31,119,180)"},{"description":"Asian","count":24,"tested":536,"deaths":0,"color":"rgb(140,86,75)"},{"description":"Black","count":166,"tested":1686,"deaths":0,"color":"rgb(255,127,14)"},{"description":"Hispanic","count":856,"tested":5578,"deaths":0,"color":"rgb(214,39,40)"},{"description":"Left Blank","count":2898,"tested":83814,"deaths":0,"color":"rgb(44,160,44)"},{"description":"NH/PI*","count":0,"tested":168,"deaths":0,"color":"rgb(127,127,127)"},{"description":"Other","count":522,"tested":3542,"deaths":0,"color":"rgb(148,103,189)"},{"description":"White","count":7274,"tested":80856,"deaths":0,"color":"rgb(31,119,180)"}],"gender":[{"description":"Female","count":6049,"tested":83571,"deaths":0,"color":"rgb(255,127,14)"},{"description":"Male","count":5403,"tested":63967,"deaths":0,"color":"rgb(31,119,180)"},{"description":"Unknown/Left Blank","count":303,"tested":28719,"deaths":0,"color":"rgb(44,160,44)"}]}}]}
