{"lastUpdatedDate":{"year":2021,"month":4,"day":18},"county_demographics":[{"County":"McHenry","confirmed_cases":26999,"total_tested":315508,"demographics":{"age":[{"race":[],"age_group":"<20","count":4226,"tested":40473,"deaths":0},{"race":[],"age_group":"Unknown","count":0,"tested":71,"deaths":0},{"race":[],"age_group":"30-39   ","count":4121,"tested":45237,"deaths":0},{"race":[],"age_group":"40-49   ","count":4210,"tested":42929,"deaths":0},{"race":[],"age_group":"50-59   ","count":4639,"tested":51290,"deaths":0},{"race":[],"age_group":"70-79   ","count":1272,"tested":23916,"deaths":0},{"race":[],"age_group":"80+","count":935,"tested":23095,"deaths":0},{"race":[],"age_group":"20-29   ","count":4731,"tested":49404,"deaths":0},{"race":[],"age_group":"60-69   ","count":2861,"tested":39093,"deaths":0}],"race":[{"description":"AI/AN**","count":32,"tested":370,"deaths":0,"color":"rgb(31,119,180)"},{"description":"Asian","count":453,"tested":5218,"deaths":0,"color":"rgb(140,86,75)"},{"description":"Black","count":288,"tested":3569,"deaths":0,"color":"rgb(255,127,14)"},{"description":"Hispanic","count":4353,"tested":22228,"deaths":0,"color":"rgb(214,39,40)"},{"description":"Left Blank","count":6752,"tested":121743,"deaths":0,"color":"rgb(44,160,44)"},{"description":"NH/PI*","count":28,"tested":374,"deaths":0,"color":"rgb(127,127,127)"},{"description":"Other","count":544,"tested":5558,"deaths":0,"color":"rgb(148,103,189)"},{"description":"White","count":14544,"tested":156448,"deaths":0,"color":"rgb(31,119,180)"}],"gender":[{"description":"Female","count":13785,"tested":182492,"deaths":0,"color":"rgb(255,127,14)"},{"description":"Male","count":13032,"tested":129007,"deaths":0,"color":"rgb(31,119,180)"},{"description":"Unknown/Left Blank","count":182,"tested":4009,"deaths":0,"color":"rgb(44,160,44)"}]}}]}
