{"lastUpdatedDate":{"year":2021,"month":4,"day":18},"county_demographics":[{"County":"Unassigned","confirmed_cases":107,"total_tested":122018,"demographics":{"age":[{"race":[],"age_group":"60-69   ","count":10,"tested":14384,"deaths":0},{"race":[],"age_group":"Unknown","count":0,"tested":590,"deaths":0},{"race":[],"age_group":"80+","count":0,"tested":9523,"deaths":0},{"race":[],"age_group":"30-39   ","count":17,"tested":19193,"deaths":0},{"race":[],"age_group":"<20","count":15,"tested":12757,"deaths":0},{"race":[],"age_group":"40-49   ","count":8,"tested":18160,"deaths":0},{"race":[],"age_group":"50-59   ","count":11,"tested":18036,"deaths":0},{"race":[],"age_group":"70-79   ","count":0,"tested":8784,"deaths":0},{"race":[],"age_group":"20-29   ","count":19,"tested":20591,"deaths":0}],"race":[{"description":"AI/AN**","count":0,"tested":125,"deaths":0,"color":"rgb(31,119,180)"},{"description":"Asian","count":0,"tested":2566,"deaths":0,"color":"rgb(140,86,75)"},{"description":"Black","count":0,"tested":8203,"deaths":0,"color":"rgb(255,127,14)"},{"description":"Hispanic","count":0,"tested":5222,"deaths":0,"color":"rgb(214,39,40)"},{"description":"Left Blank","count":48,"tested":71903,"deaths":0,"color":"rgb(44,160,44)"},{"description":"NH/PI*","count":0,"tested":46,"deaths":0,"color":"rgb(127,127,127)"},{"description":"Other","count":0,"tested":1544,"deaths":0,"color":"rgb(148,103,189)"},{"description":"White","count":48,"tested":32409,"deaths":0,"color":"rgb(31,119,180)"}],"gender":[{"description":"Female","count":41,"tested":65068,"deaths":0,"color":"rgb(255,127,14)"},{"description":"Male","count":58,"tested":49791,"deaths":0,"color":"rgb(31,119,180)"},{"description":"Unknown/Left Blank","count":6,"tested":7159,"deaths":0,"color":"rgb(44,160,44)"}]}}]}
