{"lastUpdatedDate":{"year":2021,"month":4,"day":18},"county_demographics":[{"County":"Washington","confirmed_cases":1627,"total_tested":13023,"demographics":{"age":[{"race":[],"age_group":"<20","count":224,"tested":1715,"deaths":0},{"race":[],"age_group":"20-29   ","count":210,"tested":1851,"deaths":0},{"race":[],"age_group":"60-69   ","count":247,"tested":1862,"deaths":0},{"race":[],"age_group":"50-59   ","count":260,"tested":1874,"deaths":0},{"race":[],"age_group":"80+","count":121,"tested":680,"deaths":0},{"race":[],"age_group":"Unknown","count":0,"tested":0,"deaths":0},{"race":[],"age_group":"30-39   ","count":221,"tested":2029,"deaths":0},{"race":[],"age_group":"40-49   ","count":236,"tested":2007,"deaths":0},{"race":[],"age_group":"70-79   ","count":108,"tested":1002,"deaths":0}],"race":[{"description":"AI/AN**","count":0,"tested":0,"deaths":0,"color":"rgb(31,119,180)"},{"description":"Asian","count":0,"tested":27,"deaths":0,"color":"rgb(140,86,75)"},{"description":"Black","count":0,"tested":76,"deaths":0,"color":"rgb(255,127,14)"},{"description":"Hispanic","count":12,"tested":86,"deaths":0,"color":"rgb(214,39,40)"},{"description":"Left Blank","count":518,"tested":4281,"deaths":0,"color":"rgb(44,160,44)"},{"description":"NH/PI*","count":0,"tested":0,"deaths":0,"color":"rgb(127,127,127)"},{"description":"Other","count":18,"tested":226,"deaths":0,"color":"rgb(148,103,189)"},{"description":"White","count":1068,"tested":8319,"deaths":0,"color":"rgb(31,119,180)"}],"gender":[{"description":"Female","count":879,"tested":7706,"deaths":0,"color":"rgb(255,127,14)"},{"description":"Male","count":728,"tested":4689,"deaths":0,"color":"rgb(31,119,180)"},{"description":"Unknown/Left Blank","count":20,"tested":628,"deaths":0,"color":"rgb(44,160,44)"}]}}]}
