{"lastUpdatedDate":{"year":2021,"month":4,"day":18},"county_demographics":[{"County":"Cass","confirmed_cases":1948,"total_tested":20338,"demographics":{"age":[{"race":[],"age_group":"30-39   ","count":310,"tested":2971,"deaths":0},{"race":[],"age_group":"20-29   ","count":326,"tested":3189,"deaths":0},{"race":[],"age_group":"60-69   ","count":198,"tested":1942,"deaths":0},{"race":[],"age_group":"40-49   ","count":277,"tested":3106,"deaths":0},{"race":[],"age_group":"80+","count":101,"tested":1213,"deaths":0},{"race":[],"age_group":"50-59   ","count":259,"tested":3025,"deaths":0},{"race":[],"age_group":"70-79   ","count":118,"tested":1308,"deaths":0},{"race":[],"age_group":"<20","count":359,"tested":3581,"deaths":0},{"race":[],"age_group":"Unknown","count":0,"tested":0,"deaths":0}],"race":[{"description":"AI/AN**","count":0,"tested":15,"deaths":0,"color":"rgb(31,119,180)"},{"description":"Asian","count":14,"tested":65,"deaths":0,"color":"rgb(140,86,75)"},{"description":"Black","count":60,"tested":614,"deaths":0,"color":"rgb(255,127,14)"},{"description":"Hispanic","count":681,"tested":2813,"deaths":0,"color":"rgb(214,39,40)"},{"description":"Left Blank","count":48,"tested":5604,"deaths":0,"color":"rgb(44,160,44)"},{"description":"NH/PI*","count":0,"tested":7,"deaths":0,"color":"rgb(127,127,127)"},{"description":"Other","count":6,"tested":1254,"deaths":0,"color":"rgb(148,103,189)"},{"description":"White","count":1132,"tested":9966,"deaths":0,"color":"rgb(31,119,180)"}],"gender":[{"description":"Female","count":1056,"tested":11750,"deaths":0,"color":"rgb(255,127,14)"},{"description":"Male","count":884,"tested":7624,"deaths":0,"color":"rgb(31,119,180)"},{"description":"Unknown/Left Blank","count":7,"tested":964,"deaths":0,"color":"rgb(44,160,44)"}]}}]}
