{"age":[{"age_group":"<20","count":177,"tested":1115},{"age_group":"20-29   ","count":177,"tested":1564},{"age_group":"30-39   ","count":217,"tested":1752},{"age_group":"40-49   ","count":151,"tested":1303},{"age_group":"50-59   ","count":165,"tested":1536},{"age_group":"60-69   ","count":141,"tested":1283},{"age_group":"70-79   ","count":33,"tested":556},{"age_group":"80+","count":24,"tested":401}],"race":[{"description":"White","count":467,"tested":4024,"color":"rgb(31,119,180)"},{"description":"Left Blank","count":208,"tested":2575,"color":"rgb(44,160,44)"},{"description":"Other","count":44,"tested":486,"color":"rgb(148,103,189)"},{"description":"Black","count":17,"tested":117,"color":"rgb(255,127,14)"},{"description":"Asian","count":21,"tested":176,"color":"rgb(140,86,75)"},{"description":"Hispanic","count":326,"tested":2108,"color":"rgb(214,39,40)"}],"gender":[{"description":"Male","count":522,"tested":4247,"color":"rgb(31,119,180)"},{"description":"Female","count":562,"tested":5151,"color":"rgb(255,127,14)"}]}
