{"age":[{"age_group":"<20","count":407,"tested":3667},{"age_group":"20-29   ","count":402,"tested":4549},{"age_group":"30-39   ","count":344,"tested":4069},{"age_group":"40-49   ","count":451,"tested":4854},{"age_group":"50-59   ","count":404,"tested":4701},{"age_group":"60-69   ","count":195,"tested":3551},{"age_group":"70-79   ","count":151,"tested":3593},{"age_group":"80+","count":131,"tested":3543}],"race":[{"description":"Left Blank","count":740,"tested":13668,"color":"rgb(44,160,44)"},{"description":"Hispanic","count":352,"tested":2213,"color":"rgb(214,39,40)"},{"description":"Other","count":84,"tested":1040,"color":"rgb(148,103,189)"},{"description":"Asian","count":71,"tested":905,"color":"rgb(140,86,75)"},{"description":"White","count":1096,"tested":13053,"color":"rgb(31,119,180)"},{"description":"Black","count":135,"tested":1592,"color":"rgb(255,127,14)"}],"gender":[{"description":"Unknown/Left Blank","count":17,"tested":491,"color":"rgb(44,160,44)"},{"description":"Female","count":1301,"tested":19474,"color":"rgb(255,127,14)"},{"description":"Male","count":1167,"tested":12566,"color":"rgb(31,119,180)"}]}
