{"age":[{"age_group":"<20","count":563,"tested":4755},{"age_group":"20-29   ","count":482,"tested":4438},{"age_group":"30-39   ","count":344,"tested":3503},{"age_group":"40-49   ","count":531,"tested":4188},{"age_group":"50-59   ","count":686,"tested":5432},{"age_group":"60-69   ","count":374,"tested":3835},{"age_group":"70-79   ","count":164,"tested":2109},{"age_group":"80+","count":63,"tested":855}],"race":[{"description":"Black","count":140,"tested":1469,"color":"rgb(255,127,14)"},{"description":"Asian","count":42,"tested":336,"color":"rgb(140,86,75)"},{"description":"Other","count":100,"tested":919,"color":"rgb(148,103,189)"},{"description":"Left Blank","count":1168,"tested":12900,"color":"rgb(44,160,44)"},{"description":"White","count":1635,"tested":12829,"color":"rgb(31,119,180)"},{"description":"Hispanic","count":119,"tested":639,"color":"rgb(214,39,40)"}],"gender":[{"description":"Female","count":1632,"tested":15373,"color":"rgb(255,127,14)"},{"description":"Male","count":1555,"tested":13365,"color":"rgb(31,119,180)"},{"description":"Unknown/Left Blank","count":20,"tested":380,"color":"rgb(44,160,44)"}]}
