{"age":[{"age_group":"<20","count":186,"tested":1455},{"age_group":"20-29   ","count":208,"tested":2325},{"age_group":"30-39   ","count":227,"tested":2694},{"age_group":"40-49   ","count":234,"tested":2578},{"age_group":"50-59   ","count":250,"tested":3210},{"age_group":"60-69   ","count":205,"tested":3277},{"age_group":"70-79   ","count":128,"tested":2046},{"age_group":"80+","count":54,"tested":1313}],"race":[{"description":"Black","count":202,"tested":2288,"color":"rgb(255,127,14)"},{"description":"Asian","count":39,"tested":439,"color":"rgb(140,86,75)"},{"description":"Other","count":89,"tested":766,"color":"rgb(148,103,189)"},{"description":"Left Blank","count":440,"tested":8219,"color":"rgb(44,160,44)"},{"description":"White","count":452,"tested":5606,"color":"rgb(31,119,180)"},{"description":"Hispanic","count":268,"tested":1558,"color":"rgb(214,39,40)"}],"gender":[{"description":"Female","count":766,"tested":10962,"color":"rgb(255,127,14)"},{"description":"Male","count":718,"tested":7716,"color":"rgb(31,119,180)"},{"description":"Unknown/Left Blank","count":8,"tested":226,"color":"rgb(44,160,44)"}]}
