{"age":[{"age_group":"<20","count":33,"tested":456},{"age_group":"20-29   ","count":191,"tested":5941},{"age_group":"30-39   ","count":180,"tested":6268},{"age_group":"40-49   ","count":125,"tested":3630},{"age_group":"50-59   ","count":108,"tested":1864},{"age_group":"60-69   ","count":49,"tested":751},{"age_group":"70-79   ","count":19,"tested":237},{"age_group":"80+","count":6,"tested":104}],"race":[{"description":"Left Blank","count":390,"tested":18885,"color":"rgb(44,160,44)"},{"description":"White","count":240,"tested":1605,"color":"rgb(31,119,180)"},{"description":"Other","count":23,"tested":122,"color":"rgb(148,103,189)"},{"description":"Hispanic","count":8,"tested":50,"color":"rgb(214,39,40)"},{"description":"Black","count":48,"tested":66,"color":"rgb(255,127,14)"}],"gender":[{"description":"Female","count":159,"tested":1449,"color":"rgb(255,127,14)"},{"description":"Male","count":413,"tested":5991,"color":"rgb(31,119,180)"},{"description":"Unknown/Left Blank","count":139,"tested":13305,"color":"rgb(44,160,44)"}]}
