{"age":[{"age_group":"<20","count":366,"tested":4200},{"age_group":"20-29   ","count":312,"tested":2920},{"age_group":"30-39   ","count":279,"tested":2804},{"age_group":"40-49   ","count":319,"tested":2856},{"age_group":"50-59   ","count":327,"tested":2704},{"age_group":"60-69   ","count":226,"tested":2194},{"age_group":"70-79   ","count":100,"tested":1220},{"age_group":"80+","count":31,"tested":904}],"race":[{"description":"Asian","count":23,"tested":195,"color":"rgb(140,86,75)"},{"description":"Left Blank","count":204,"tested":7250,"color":"rgb(44,160,44)"},{"description":"White","count":1550,"tested":11080,"color":"rgb(31,119,180)"},{"description":"Black","count":42,"tested":331,"color":"rgb(255,127,14)"},{"description":"Other","count":19,"tested":339,"color":"rgb(148,103,189)"},{"description":"Hispanic","count":119,"tested":589,"color":"rgb(214,39,40)"}],"gender":[{"description":"Male","count":931,"tested":8653,"color":"rgb(31,119,180)"},{"description":"Female","count":1026,"tested":11019,"color":"rgb(255,127,14)"}]}
