{"age":[{"age_group":"<20","count":305,"tested":3531},{"age_group":"20-29   ","count":389,"tested":3540},{"age_group":"30-39   ","count":362,"tested":3499},{"age_group":"40-49   ","count":322,"tested":3071},{"age_group":"50-59   ","count":342,"tested":2965},{"age_group":"60-69   ","count":289,"tested":2714},{"age_group":"70-79   ","count":145,"tested":1384},{"age_group":"80+","count":188,"tested":1664}],"race":[{"description":"Asian","count":11,"tested":63,"color":"rgb(140,86,75)"},{"description":"Black","count":81,"tested":904,"color":"rgb(255,127,14)"},{"description":"Other","count":188,"tested":939,"color":"rgb(148,103,189)"},{"description":"Hispanic","count":232,"tested":1236,"color":"rgb(214,39,40)"},{"description":"Left Blank","count":451,"tested":9216,"color":"rgb(44,160,44)"},{"description":"White","count":1379,"tested":10001,"color":"rgb(31,119,180)"}],"gender":[{"description":"Female","count":1289,"tested":13112,"color":"rgb(255,127,14)"},{"description":"Male","count":999,"tested":7430,"color":"rgb(31,119,180)"},{"description":"Unknown/Left Blank","count":55,"tested":1829,"color":"rgb(44,160,44)"}]}
