{"age":[{"age_group":"<20","count":52,"tested":540},{"age_group":"20-29   ","count":61,"tested":751},{"age_group":"30-39   ","count":52,"tested":639},{"age_group":"40-49   ","count":53,"tested":702},{"age_group":"50-59   ","count":39,"tested":653},{"age_group":"60-69   ","count":30,"tested":621},{"age_group":"70-79   ","count":18,"tested":252},{"age_group":"80+","count":7,"tested":157}],"race":[{"description":"Other","count":6,"tested":46,"color":"rgb(148,103,189)"},{"description":"White","count":214,"tested":3063,"color":"rgb(31,119,180)"},{"description":"Left Blank","count":89,"tested":1122,"color":"rgb(44,160,44)"}],"gender":[{"description":"Female","count":176,"tested":3148,"color":"rgb(255,127,14)"},{"description":"Male","count":137,"tested":1045,"color":"rgb(31,119,180)"}]}
