{"age":[{"age_group":"<20","count":173,"tested":2572},{"age_group":"20-29   ","count":104,"tested":1880},{"age_group":"30-39   ","count":72,"tested":1355},{"age_group":"40-49   ","count":99,"tested":1964},{"age_group":"50-59   ","count":121,"tested":1964},{"age_group":"60-69   ","count":89,"tested":1706},{"age_group":"70-79   ","count":35,"tested":926},{"age_group":"80+","count":10,"tested":330}],"race":[{"description":"Hispanic","count":42,"tested":521,"color":"rgb(214,39,40)"},{"description":"Asian","count":9,"tested":455,"color":"rgb(140,86,75)"},{"description":"White","count":350,"tested":6156,"color":"rgb(31,119,180)"},{"description":"Left Blank","count":210,"tested":4246,"color":"rgb(44,160,44)"},{"description":"Other","count":46,"tested":587,"color":"rgb(148,103,189)"},{"description":"Black","count":46,"tested":724,"color":"rgb(255,127,14)"}],"gender":[{"description":"Female","count":335,"tested":6783,"color":"rgb(255,127,14)"},{"description":"Male","count":365,"tested":5709,"color":"rgb(31,119,180)"}]}
