{"age":[{"age_group":"<20","count":19,"tested":363},{"age_group":"20-29   ","count":317,"tested":5892},{"age_group":"30-39   ","count":277,"tested":5591},{"age_group":"40-49   ","count":50,"tested":1258},{"age_group":"50-59   ","count":30,"tested":767},{"age_group":"60-69   ","count":22,"tested":377}],"race":[{"description":"Left Blank","count":268,"tested":6707,"color":"rgb(44,160,44)"},{"description":"Hispanic","count":38,"tested":447,"color":"rgb(214,39,40)"},{"description":"Other","count":42,"tested":839,"color":"rgb(148,103,189)"},{"description":"White","count":275,"tested":4454,"color":"rgb(31,119,180)"},{"description":"Asian","count":65,"tested":1519,"color":"rgb(140,86,75)"},{"description":"Black","count":28,"tested":445,"color":"rgb(255,127,14)"}],"gender":[{"description":"Unknown/Left Blank","count":21,"tested":163,"color":"rgb(44,160,44)"},{"description":"Female","count":324,"tested":7325,"color":"rgb(255,127,14)"},{"description":"Male","count":373,"tested":6956,"color":"rgb(31,119,180)"}]}
