{"age":[{"age_group":"<20","count":590,"tested":12047},{"age_group":"20-29   ","count":1108,"tested":19468},{"age_group":"30-39   ","count":493,"tested":6539},{"age_group":"40-49   ","count":417,"tested":4467},{"age_group":"50-59   ","count":358,"tested":5051},{"age_group":"60-69   ","count":246,"tested":4161},{"age_group":"70-79   ","count":159,"tested":3224},{"age_group":"80+","count":192,"tested":5685}],"race":[{"description":"Left Blank","count":820,"tested":29712,"color":"rgb(44,160,44)"},{"description":"Other","count":45,"tested":602,"color":"rgb(148,103,189)"},{"description":"Black","count":466,"tested":6359,"color":"rgb(255,127,14)"},{"description":"Hispanic","count":705,"tested":4001,"color":"rgb(214,39,40)"},{"description":"White","count":1464,"tested":19003,"color":"rgb(31,119,180)"},{"description":"Asian","count":61,"tested":925,"color":"rgb(140,86,75)"}],"gender":[{"description":"Female","count":1896,"tested":37940,"color":"rgb(255,127,14)"},{"description":"Male","count":1658,"tested":22413,"color":"rgb(31,119,180)"},{"description":"Unknown/Left Blank","count":9,"tested":298,"color":"rgb(44,160,44)"}]}
