{"age":[{"age_group":"<20","count":415,"tested":4334},{"age_group":"20-29   ","count":528,"tested":6369},{"age_group":"30-39   ","count":572,"tested":6713},{"age_group":"40-49   ","count":490,"tested":5924},{"age_group":"50-59   ","count":414,"tested":5421},{"age_group":"60-69   ","count":288,"tested":4030},{"age_group":"70-79   ","count":141,"tested":1651},{"age_group":"80+","count":74,"tested":737}],"race":[{"description":"Left Blank","count":612,"tested":13537,"color":"rgb(44,160,44)"},{"description":"White","count":77,"tested":1263,"color":"rgb(31,119,180)"},{"description":"Hispanic","count":377,"tested":2023,"color":"rgb(214,39,40)"},{"description":"Other","count":59,"tested":759,"color":"rgb(148,103,189)"},{"description":"Asian","count":9,"tested":90,"color":"rgb(140,86,75)"},{"description":"Black","count":1785,"tested":17472,"color":"rgb(255,127,14)"}],"gender":[{"description":"Male","count":1238,"tested":14532,"color":"rgb(31,119,180)"},{"description":"Female","count":1652,"tested":18647,"color":"rgb(255,127,14)"},{"description":"Unknown/Left Blank","count":32,"tested":2010,"color":"rgb(44,160,44)"}]}
