{"age":[{"age_group":"<20","count":86,"tested":879},{"age_group":"20-29   ","count":91,"tested":1031},{"age_group":"30-39   ","count":103,"tested":1077},{"age_group":"40-49   ","count":114,"tested":1030},{"age_group":"50-59   ","count":99,"tested":1261},{"age_group":"60-69   ","count":80,"tested":788},{"age_group":"70-79   ","count":34,"tested":502},{"age_group":"80+","count":8,"tested":204}],"race":[{"description":"Hispanic","count":37,"tested":117,"color":"rgb(214,39,40)"},{"description":"White","count":347,"tested":3279,"color":"rgb(31,119,180)"},{"description":"Left Blank","count":218,"tested":3274,"color":"rgb(44,160,44)"}],"gender":[{"description":"Female","count":325,"tested":3962,"color":"rgb(255,127,14)"},{"description":"Male","count":288,"tested":2628,"color":"rgb(31,119,180)"}]}
