{"age":[{"age_group":"<20","count":31,"tested":308},{"age_group":"20-29   ","count":35,"tested":577},{"age_group":"30-39   ","count":30,"tested":532},{"age_group":"40-49   ","count":42,"tested":563},{"age_group":"50-59   ","count":56,"tested":845},{"age_group":"60-69   ","count":48,"tested":831},{"age_group":"70-79   ","count":35,"tested":640},{"age_group":"80+","count":24,"tested":348}],"race":[{"description":"Left Blank","count":91,"tested":1933,"color":"rgb(44,160,44)"},{"description":"Other","count":10,"tested":114,"color":"rgb(148,103,189)"},{"description":"White","count":35,"tested":430,"color":"rgb(31,119,180)"},{"description":"Black","count":162,"tested":2109,"color":"rgb(255,127,14)"}],"gender":[{"description":"Female","count":166,"tested":2746,"color":"rgb(255,127,14)"},{"description":"Male","count":131,"tested":1832,"color":"rgb(31,119,180)"}]}
