{"age":[{"age_group":"<20","count":270,"tested":2307},{"age_group":"20-29   ","count":232,"tested":2142},{"age_group":"30-39   ","count":277,"tested":2199},{"age_group":"40-49   ","count":301,"tested":2338},{"age_group":"50-59   ","count":193,"tested":1809},{"age_group":"60-69   ","count":120,"tested":1375},{"age_group":"70-79   ","count":53,"tested":995},{"age_group":"80+","count":17,"tested":820}],"race":[{"description":"Other","count":58,"tested":513,"color":"rgb(148,103,189)"},{"description":"Black","count":25,"tested":227,"color":"rgb(255,127,14)"},{"description":"Left Blank","count":450,"tested":4849,"color":"rgb(44,160,44)"},{"description":"White","count":766,"tested":7435,"color":"rgb(31,119,180)"},{"description":"Hispanic","count":158,"tested":880,"color":"rgb(214,39,40)"}],"gender":[{"description":"Female","count":765,"tested":7980,"color":"rgb(255,127,14)"},{"description":"Male","count":688,"tested":5475,"color":"rgb(31,119,180)"},{"description":"Unknown/Left Blank","count":10,"tested":531,"color":"rgb(44,160,44)"}]}
