{"age":[{"age_group":"20-29   ","count":7,"tested":81},{"age_group":"30-39   ","count":10,"tested":203},{"age_group":"40-49   ","count":7,"tested":133},{"age_group":"60-69   ","count":6,"tested":86}],"race":[{"description":"Left Blank","count":11,"tested":229,"color":"rgb(44,160,44)"},{"description":"White","count":24,"tested":516,"color":"rgb(31,119,180)"}],"gender":[{"description":"Male","count":17,"tested":288,"color":"rgb(31,119,180)"},{"description":"Female","count":21,"tested":565,"color":"rgb(255,127,14)"}]}
