{"age":[{"age_group":"<20","count":106,"tested":591},{"age_group":"20-29   ","count":148,"tested":872},{"age_group":"30-39   ","count":118,"tested":717},{"age_group":"40-49   ","count":125,"tested":507},{"age_group":"50-59   ","count":82,"tested":544},{"age_group":"60-69   ","count":59,"tested":359},{"age_group":"70-79   ","count":25,"tested":133},{"age_group":"80+","count":8,"tested":55}],"race":[{"description":"Black","count":16,"tested":85,"color":"rgb(255,127,14)"},{"description":"Other","count":41,"tested":271,"color":"rgb(148,103,189)"},{"description":"Hispanic","count":331,"tested":1314,"color":"rgb(214,39,40)"},{"description":"Left Blank","count":195,"tested":1511,"color":"rgb(44,160,44)"},{"description":"White","count":80,"tested":564,"color":"rgb(31,119,180)"}],"gender":[{"description":"Female","count":332,"tested":1999,"color":"rgb(255,127,14)"},{"description":"Male","count":332,"tested":1726,"color":"rgb(31,119,180)"}]}
