{"age":[{"age_group":"<20","count":1171,"tested":8395},{"age_group":"20-29   ","count":1270,"tested":10697},{"age_group":"30-39   ","count":1117,"tested":9172},{"age_group":"40-49   ","count":1213,"tested":10050},{"age_group":"50-59   ","count":918,"tested":8590},{"age_group":"60-69   ","count":503,"tested":5144},{"age_group":"70-79   ","count":215,"tested":3306},{"age_group":"80+","count":114,"tested":3334}],"race":[{"description":"White","count":1291,"tested":18874,"color":"rgb(31,119,180)"},{"description":"Left Blank","count":1611,"tested":19535,"color":"rgb(44,160,44)"},{"description":"Hispanic","count":3064,"tested":13637,"color":"rgb(214,39,40)"},{"description":"AI/AN**","count":9,"tested":62,"color":"rgb(31,119,180)"},{"description":"Other","count":248,"tested":2390,"color":"rgb(148,103,189)"},{"description":"NH/PI*","count":9,"tested":208,"color":"rgb(127,127,127)"},{"description":"Black","count":191,"tested":2120,"color":"rgb(255,127,14)"},{"description":"Asian","count":101,"tested":1876,"color":"rgb(140,86,75)"}],"gender":[{"description":"Male","count":3055,"tested":22395,"color":"rgb(31,119,180)"},{"description":"Female","count":3416,"tested":35284,"color":"rgb(255,127,14)"},{"description":"Unknown/Left Blank","count":53,"tested":1023,"color":"rgb(44,160,44)"}]}
