{"age":[{"age_group":"<20","count":185,"tested":3447},{"age_group":"20-29   ","count":124,"tested":2846},{"age_group":"30-39   ","count":148,"tested":3515},{"age_group":"40-49   ","count":155,"tested":3689},{"age_group":"50-59   ","count":138,"tested":3119},{"age_group":"60-69   ","count":87,"tested":1893},{"age_group":"70-79   ","count":43,"tested":1020},{"age_group":"80+","count":11,"tested":320}],"race":[{"description":"Black","count":180,"tested":2298,"color":"rgb(255,127,14)"},{"description":"Hispanic","count":83,"tested":887,"color":"rgb(214,39,40)"},{"description":"White","count":413,"tested":8679,"color":"rgb(31,119,180)"},{"description":"Asian","count":22,"tested":540,"color":"rgb(140,86,75)"},{"description":"Left Blank","count":152,"tested":6411,"color":"rgb(44,160,44)"},{"description":"Other","count":37,"tested":975,"color":"rgb(148,103,189)"}],"gender":[{"description":"Male","count":450,"tested":8748,"color":"rgb(31,119,180)"},{"description":"Unknown/Left Blank","count":10,"tested":481,"color":"rgb(44,160,44)"},{"description":"Female","count":431,"tested":10623,"color":"rgb(255,127,14)"}]}
