{"age":[{"age_group":"<20","count":266,"tested":2462},{"age_group":"20-29   ","count":328,"tested":4747},{"age_group":"30-39   ","count":309,"tested":4923},{"age_group":"40-49   ","count":343,"tested":4764},{"age_group":"50-59   ","count":345,"tested":5786},{"age_group":"60-69   ","count":364,"tested":5802},{"age_group":"70-79   ","count":234,"tested":4024},{"age_group":"80+","count":185,"tested":4004}],"race":[{"description":"Left Blank","count":596,"tested":23773,"color":"rgb(44,160,44)"},{"description":"White","count":1147,"tested":8722,"color":"rgb(31,119,180)"},{"description":"Hispanic","count":283,"tested":1088,"color":"rgb(214,39,40)"},{"description":"Asian","count":198,"tested":1454,"color":"rgb(140,86,75)"},{"description":"Black","count":61,"tested":724,"color":"rgb(255,127,14)"},{"description":"AI/AN**","count":6,"tested":25,"color":"rgb(31,119,180)"},{"description":"Other","count":79,"tested":706,"color":"rgb(148,103,189)"}],"gender":[{"description":"Female","count":1222,"tested":20831,"color":"rgb(255,127,14)"},{"description":"Male","count":1140,"tested":14777,"color":"rgb(31,119,180)"},{"description":"Unknown/Left Blank","count":12,"tested":915,"color":"rgb(44,160,44)"}]}
