{"age":[{"age_group":"<20","count":524,"tested":3167},{"age_group":"20-29   ","count":674,"tested":4792},{"age_group":"30-39   ","count":619,"tested":4047},{"age_group":"40-49   ","count":607,"tested":3625},{"age_group":"50-59   ","count":484,"tested":3255},{"age_group":"60-69   ","count":292,"tested":2838},{"age_group":"70-79   ","count":133,"tested":2107},{"age_group":"80+","count":79,"tested":2101}],"race":[{"description":"Other","count":179,"tested":1332,"color":"rgb(148,103,189)"},{"description":"Left Blank","count":972,"tested":11125,"color":"rgb(44,160,44)"},{"description":"White","count":613,"tested":5600,"color":"rgb(31,119,180)"},{"description":"Black","count":99,"tested":970,"color":"rgb(255,127,14)"},{"description":"Asian","count":14,"tested":187,"color":"rgb(140,86,75)"},{"description":"Hispanic","count":1532,"tested":6741,"color":"rgb(214,39,40)"}],"gender":[{"description":"Female","count":1707,"tested":14378,"color":"rgb(255,127,14)"},{"description":"Male","count":1678,"tested":11225,"color":"rgb(31,119,180)"},{"description":"Unknown/Left Blank","count":28,"tested":375,"color":"rgb(44,160,44)"}]}
