{"age":[{"age_group":"<20","count":288,"tested":3092},{"age_group":"20-29   ","count":327,"tested":4601},{"age_group":"30-39   ","count":241,"tested":3399},{"age_group":"40-49   ","count":288,"tested":3062},{"age_group":"50-59   ","count":231,"tested":3399},{"age_group":"60-69   ","count":160,"tested":2714},{"age_group":"70-79   ","count":107,"tested":1874},{"age_group":"80+","count":61,"tested":1204}],"race":[{"description":"AI/AN**","count":6,"tested":18,"color":"rgb(31,119,180)"},{"description":"Hispanic","count":428,"tested":1784,"color":"rgb(214,39,40)"},{"description":"White","count":538,"tested":5992,"color":"rgb(31,119,180)"},{"description":"Black","count":509,"tested":4240,"color":"rgb(255,127,14)"},{"description":"Left Blank","count":190,"tested":10922,"color":"rgb(44,160,44)"},{"description":"Other","count":26,"tested":333,"color":"rgb(148,103,189)"}],"gender":[{"description":"Female","count":935,"tested":12815,"color":"rgb(255,127,14)"},{"description":"Male","count":749,"tested":9831,"color":"rgb(31,119,180)"},{"description":"Unknown/Left Blank","count":19,"tested":701,"color":"rgb(44,160,44)"}]}
