{"age":[{"age_group":"<20","count":39,"tested":290},{"age_group":"20-29   ","count":34,"tested":298},{"age_group":"30-39   ","count":21,"tested":254},{"age_group":"40-49   ","count":17,"tested":221},{"age_group":"50-59   ","count":27,"tested":390},{"age_group":"60-69   ","count":34,"tested":405},{"age_group":"70-79   ","count":18,"tested":251},{"age_group":"80+","count":6,"tested":87}],"race":[{"description":"Left Blank","count":14,"tested":292,"color":"rgb(44,160,44)"},{"description":"Hispanic","count":7,"tested":46,"color":"rgb(214,39,40)"},{"description":"White","count":163,"tested":1787,"color":"rgb(31,119,180)"},{"description":"Black","count":8,"tested":33,"color":"rgb(255,127,14)"}],"gender":[{"description":"Male","count":96,"tested":743,"color":"rgb(31,119,180)"},{"description":"Female","count":98,"tested":1420,"color":"rgb(255,127,14)"}]}
