{"age":[{"age_group":"<20","count":49,"tested":351},{"age_group":"20-29   ","count":70,"tested":799},{"age_group":"30-39   ","count":55,"tested":672},{"age_group":"40-49   ","count":64,"tested":691},{"age_group":"50-59   ","count":42,"tested":640},{"age_group":"60-69   ","count":41,"tested":591},{"age_group":"70-79   ","count":15,"tested":244},{"age_group":"80+","count":11,"tested":172}],"race":[{"description":"Other","count":14,"tested":100,"color":"rgb(148,103,189)"},{"description":"Left Blank","count":107,"tested":1499,"color":"rgb(44,160,44)"},{"description":"White","count":133,"tested":1801,"color":"rgb(31,119,180)"},{"description":"Hispanic","count":89,"tested":449,"color":"rgb(214,39,40)"}],"gender":[{"description":"Female","count":201,"tested":2447,"color":"rgb(255,127,14)"},{"description":"Male","count":146,"tested":1646,"color":"rgb(31,119,180)"}]}
