{"age":[{"age_group":"<20","count":521,"tested":5660},{"age_group":"20-29   ","count":642,"tested":7776},{"age_group":"30-39   ","count":512,"tested":6771},{"age_group":"40-49   ","count":507,"tested":6427},{"age_group":"50-59   ","count":503,"tested":7745},{"age_group":"60-69   ","count":376,"tested":7092},{"age_group":"70-79   ","count":181,"tested":3933},{"age_group":"80+","count":140,"tested":3645}],"race":[{"description":"Hispanic","count":875,"tested":4901,"color":"rgb(214,39,40)"},{"description":"AI/AN**","count":9,"tested":71,"color":"rgb(31,119,180)"},{"description":"Left Blank","count":571,"tested":17544,"color":"rgb(44,160,44)"},{"description":"Asian","count":51,"tested":936,"color":"rgb(140,86,75)"},{"description":"White","count":1726,"tested":23749,"color":"rgb(31,119,180)"},{"description":"Black","count":75,"tested":959,"color":"rgb(255,127,14)"},{"description":"Other","count":72,"tested":735,"color":"rgb(148,103,189)"}],"gender":[{"description":"Female","count":1715,"tested":27964,"color":"rgb(255,127,14)"},{"description":"Male","count":1655,"tested":20454,"color":"rgb(31,119,180)"},{"description":"Unknown/Left Blank","count":13,"tested":655,"color":"rgb(44,160,44)"}]}
