{"age":[{"age_group":"<20","count":41,"tested":422},{"age_group":"20-29   ","count":48,"tested":422},{"age_group":"30-39   ","count":29,"tested":394},{"age_group":"40-49   ","count":52,"tested":369},{"age_group":"50-59   ","count":33,"tested":268},{"age_group":"60-69   ","count":20,"tested":159},{"age_group":"70-79   ","count":8,"tested":126}],"race":[{"description":"White","count":122,"tested":1027,"color":"rgb(31,119,180)"},{"description":"Left Blank","count":20,"tested":780,"color":"rgb(44,160,44)"},{"description":"Hispanic","count":91,"tested":385,"color":"rgb(214,39,40)"}],"gender":[{"description":"Male","count":108,"tested":860,"color":"rgb(31,119,180)"},{"description":"Female","count":126,"tested":1375,"color":"rgb(255,127,14)"}]}
