{"age":[{"age_group":"<20","count":44,"tested":592},{"age_group":"20-29   ","count":29,"tested":318},{"age_group":"30-39   ","count":31,"tested":281},{"age_group":"40-49   ","count":30,"tested":359},{"age_group":"50-59   ","count":31,"tested":338},{"age_group":"60-69   ","count":15,"tested":284},{"age_group":"70-79   ","count":9,"tested":225},{"age_group":"80+","count":8,"tested":142}],"race":[{"description":"Left Blank","count":8,"tested":284,"color":"rgb(44,160,44)"},{"description":"White","count":179,"tested":2067,"color":"rgb(31,119,180)"}],"gender":[{"description":"Female","count":107,"tested":1314,"color":"rgb(255,127,14)"},{"description":"Male","count":90,"tested":1163,"color":"rgb(31,119,180)"}]}
