{"age":[{"age_group":"<20","count":47,"tested":422},{"age_group":"20-29   ","count":47,"tested":619},{"age_group":"30-39   ","count":26,"tested":530},{"age_group":"40-49   ","count":43,"tested":396},{"age_group":"50-59   ","count":52,"tested":597},{"age_group":"60-69   ","count":26,"tested":433},{"age_group":"70-79   ","count":17,"tested":307},{"age_group":"80+","count":6,"tested":138}],"race":[{"description":"Other","count":6,"tested":68,"color":"rgb(148,103,189)"},{"description":"Left Blank","count":54,"tested":920,"color":"rgb(44,160,44)"},{"description":"White","count":184,"tested":2278,"color":"rgb(31,119,180)"},{"description":"Hispanic","count":10,"tested":63,"color":"rgb(214,39,40)"},{"description":"Black","count":10,"tested":108,"color":"rgb(255,127,14)"}],"gender":[{"description":"Male","count":110,"tested":1135,"color":"rgb(31,119,180)"},{"description":"Female","count":152,"tested":2286,"color":"rgb(255,127,14)"}]}
