{"age":[{"age_group":"<20","count":21,"tested":212},{"age_group":"20-29   ","count":17,"tested":293},{"age_group":"30-39   ","count":21,"tested":104},{"age_group":"40-49   ","count":20,"tested":126},{"age_group":"50-59   ","count":24,"tested":300},{"age_group":"60-69   ","count":13,"tested":113},{"age_group":"70-79   ","count":12,"tested":92}],"race":[{"description":"White","count":107,"tested":758,"color":"rgb(31,119,180)"},{"description":"Left Blank","count":16,"tested":478,"color":"rgb(44,160,44)"}],"gender":[{"description":"Female","count":70,"tested":729,"color":"rgb(255,127,14)"},{"description":"Male","count":59,"tested":535,"color":"rgb(31,119,180)"}]}
