{"age":[{"age_group":"<20","count":19,"tested":148},{"age_group":"20-29   ","count":20,"tested":141},{"age_group":"30-39   ","count":13,"tested":151},{"age_group":"40-49   ","count":17,"tested":146},{"age_group":"50-59   ","count":19,"tested":145},{"age_group":"60-69   ","count":19,"tested":99}],"race":[{"description":"Left Blank","count":50,"tested":440,"color":"rgb(44,160,44)"},{"description":"White","count":61,"tested":450,"color":"rgb(31,119,180)"}],"gender":[{"description":"Female","count":59,"tested":510,"color":"rgb(255,127,14)"},{"description":"Male","count":57,"tested":406,"color":"rgb(31,119,180)"}]}
