{"age":[{"age_group":"<20","count":410,"tested":4211},{"age_group":"20-29   ","count":504,"tested":6037},{"age_group":"30-39   ","count":422,"tested":5840},{"age_group":"40-49   ","count":508,"tested":5260},{"age_group":"50-59   ","count":489,"tested":6126},{"age_group":"60-69   ","count":416,"tested":5589},{"age_group":"70-79   ","count":219,"tested":3247},{"age_group":"80+","count":199,"tested":3990}],"race":[{"description":"Other","count":136,"tested":972,"color":"rgb(148,103,189)"},{"description":"Left Blank","count":897,"tested":20718,"color":"rgb(44,160,44)"},{"description":"White","count":1547,"tested":13419,"color":"rgb(31,119,180)"},{"description":"Black","count":43,"tested":589,"color":"rgb(255,127,14)"},{"description":"Asian","count":180,"tested":2289,"color":"rgb(140,86,75)"},{"description":"Hispanic","count":352,"tested":2234,"color":"rgb(214,39,40)"},{"description":"NH/PI*","count":6,"tested":56,"color":"rgb(127,127,127)"}],"gender":[{"description":"Female","count":1604,"tested":22852,"color":"rgb(255,127,14)"},{"description":"Unknown/Left Blank","count":26,"tested":649,"color":"rgb(44,160,44)"},{"description":"Male","count":1537,"tested":16825,"color":"rgb(31,119,180)"}]}
