{"age":[{"age_group":"<20","count":530,"tested":9025},{"age_group":"20-29   ","count":242,"tested":4640},{"age_group":"30-39   ","count":163,"tested":3248},{"age_group":"40-49   ","count":208,"tested":4050},{"age_group":"50-59   ","count":259,"tested":4777},{"age_group":"60-69   ","count":135,"tested":3180},{"age_group":"70-79   ","count":70,"tested":1713},{"age_group":"80+","count":45,"tested":964}],"race":[{"description":"White","count":925,"tested":15497,"color":"rgb(31,119,180)"},{"description":"Hispanic","count":177,"tested":1294,"color":"rgb(214,39,40)"},{"description":"Asian","count":39,"tested":726,"color":"rgb(140,86,75)"},{"description":"Black","count":12,"tested":105,"color":"rgb(255,127,14)"},{"description":"Left Blank","count":341,"tested":11423,"color":"rgb(44,160,44)"},{"description":"Other","count":156,"tested":2489,"color":"rgb(148,103,189)"}],"gender":[{"description":"Unknown/Left Blank","count":13,"tested":177,"color":"rgb(44,160,44)"},{"description":"Male","count":867,"tested":15118,"color":"rgb(31,119,180)"},{"description":"Female","count":772,"tested":16305,"color":"rgb(255,127,14)"}]}
