{"age":[{"age_group":"<20","count":473,"tested":8755},{"age_group":"20-29   ","count":485,"tested":11679},{"age_group":"30-39   ","count":330,"tested":5917},{"age_group":"40-49   ","count":285,"tested":5630},{"age_group":"50-59   ","count":388,"tested":7357},{"age_group":"60-69   ","count":265,"tested":8492},{"age_group":"70-79   ","count":111,"tested":5078},{"age_group":"80+","count":135,"tested":9478}],"race":[{"description":"Asian","count":132,"tested":1407,"color":"rgb(140,86,75)"},{"description":"White","count":1630,"tested":24640,"color":"rgb(31,119,180)"},{"description":"Hispanic","count":144,"tested":1610,"color":"rgb(214,39,40)"},{"description":"Black","count":80,"tested":1282,"color":"rgb(255,127,14)"},{"description":"Other","count":82,"tested":1091,"color":"rgb(148,103,189)"},{"description":"Left Blank","count":399,"tested":32773,"color":"rgb(44,160,44)"}],"gender":[{"description":"Female","count":1218,"tested":34810,"color":"rgb(255,127,14)"},{"description":"Male","count":1240,"tested":27185,"color":"rgb(31,119,180)"},{"description":"Unknown/Left Blank","count":14,"tested":883,"color":"rgb(44,160,44)"}]}
