{"age":[{"age_group":"<20","count":20,"tested":219},{"age_group":"20-29   ","count":13,"tested":155},{"age_group":"30-39   ","count":7,"tested":135},{"age_group":"40-49   ","count":21,"tested":148},{"age_group":"50-59   ","count":12,"tested":153},{"age_group":"60-69   ","count":18,"tested":241},{"age_group":"70-79   ","count":7,"tested":123}],"race":[{"description":"Left Blank","count":21,"tested":341,"color":"rgb(44,160,44)"},{"description":"White","count":51,"tested":719,"color":"rgb(31,119,180)"},{"description":"Hispanic","count":22,"tested":123,"color":"rgb(214,39,40)"}],"gender":[{"description":"Male","count":51,"tested":535,"color":"rgb(31,119,180)"},{"description":"Female","count":47,"tested":679,"color":"rgb(255,127,14)"}]}
