{"age":[{"age_group":"<20","count":165,"tested":1309},{"age_group":"20-29   ","count":137,"tested":1279},{"age_group":"30-39   ","count":118,"tested":1178},{"age_group":"40-49   ","count":130,"tested":1008},{"age_group":"50-59   ","count":121,"tested":1225},{"age_group":"60-69   ","count":85,"tested":811},{"age_group":"70-79   ","count":29,"tested":485},{"age_group":"80+","count":14,"tested":259}],"race":[{"description":"Black","count":7,"tested":62,"color":"rgb(255,127,14)"},{"description":"Hispanic","count":113,"tested":459,"color":"rgb(214,39,40)"},{"description":"Left Blank","count":219,"tested":3064,"color":"rgb(44,160,44)"},{"description":"Other","count":6,"tested":77,"color":"rgb(148,103,189)"},{"description":"White","count":452,"tested":3863,"color":"rgb(31,119,180)"}],"gender":[{"description":"Male","count":387,"tested":3023,"color":"rgb(31,119,180)"},{"description":"Female","count":413,"tested":4493,"color":"rgb(255,127,14)"}]}
