{"age":[{"age_group":"<20","count":1637,"tested":13745},{"age_group":"20-29   ","count":1992,"tested":22907},{"age_group":"30-39   ","count":1642,"tested":17422},{"age_group":"40-49   ","count":1730,"tested":16759},{"age_group":"50-59   ","count":1492,"tested":20675},{"age_group":"60-69   ","count":871,"tested":14590},{"age_group":"70-79   ","count":304,"tested":5863},{"age_group":"80+","count":161,"tested":2749}],"race":[{"description":"Left Blank","count":1845,"tested":48705,"color":"rgb(44,160,44)"},{"description":"AI/AN**","count":13,"tested":108,"color":"rgb(31,119,180)"},{"description":"Hispanic","count":5978,"tested":33762,"color":"rgb(214,39,40)"},{"description":"Other","count":236,"tested":2916,"color":"rgb(148,103,189)"},{"description":"NH/PI*","count":10,"tested":198,"color":"rgb(127,127,127)"},{"description":"White","count":759,"tested":14382,"color":"rgb(31,119,180)"},{"description":"Black","count":875,"tested":12114,"color":"rgb(255,127,14)"},{"description":"Asian","count":117,"tested":2539,"color":"rgb(140,86,75)"}],"gender":[{"description":"Male","count":4662,"tested":51596,"color":"rgb(31,119,180)"},{"description":"Female","count":5049,"tested":61651,"color":"rgb(255,127,14)"},{"description":"Unknown/Left Blank","count":122,"tested":1477,"color":"rgb(44,160,44)"}]}
