{"age":[{"age_group":"<20","count":70,"tested":1556},{"age_group":"20-29   ","count":38,"tested":841},{"age_group":"30-39   ","count":37,"tested":804},{"age_group":"40-49   ","count":54,"tested":1184},{"age_group":"50-59   ","count":44,"tested":815},{"age_group":"60-69   ","count":25,"tested":884},{"age_group":"70-79   ","count":10,"tested":471},{"age_group":"80+","count":9,"tested":212}],"race":[{"description":"Hispanic","count":20,"tested":219,"color":"rgb(214,39,40)"},{"description":"Left Blank","count":86,"tested":2612,"color":"rgb(44,160,44)"},{"description":"Black","count":27,"tested":399,"color":"rgb(255,127,14)"},{"description":"Asian","count":10,"tested":223,"color":"rgb(140,86,75)"},{"description":"White","count":121,"tested":2879,"color":"rgb(31,119,180)"},{"description":"Other","count":23,"tested":437,"color":"rgb(148,103,189)"}],"gender":[{"description":"Female","count":144,"tested":3662,"color":"rgb(255,127,14)"},{"description":"Male","count":142,"tested":2998,"color":"rgb(31,119,180)"}]}
