{"age":[{"age_group":"<20","count":388,"tested":4062},{"age_group":"20-29   ","count":370,"tested":4244},{"age_group":"30-39   ","count":373,"tested":4796},{"age_group":"40-49   ","count":345,"tested":4757},{"age_group":"50-59   ","count":309,"tested":5323},{"age_group":"60-69   ","count":220,"tested":5195},{"age_group":"70-79   ","count":93,"tested":3002},{"age_group":"80+","count":83,"tested":2880}],"race":[{"description":"Asian","count":11,"tested":157,"color":"rgb(140,86,75)"},{"description":"Hispanic","count":259,"tested":1892,"color":"rgb(214,39,40)"},{"description":"Black","count":343,"tested":3915,"color":"rgb(255,127,14)"},{"description":"White","count":541,"tested":6554,"color":"rgb(31,119,180)"},{"description":"Left Blank","count":852,"tested":20042,"color":"rgb(44,160,44)"},{"description":"Other","count":171,"tested":1662,"color":"rgb(148,103,189)"}],"gender":[{"description":"Unknown/Left Blank","count":19,"tested":341,"color":"rgb(44,160,44)"},{"description":"Male","count":1046,"tested":13616,"color":"rgb(31,119,180)"},{"description":"Female","count":1116,"tested":20305,"color":"rgb(255,127,14)"}]}
