{"age":[{"age_group":"<20","count":571,"tested":14609},{"age_group":"20-29   ","count":2733,"tested":50198},{"age_group":"30-39   ","count":1104,"tested":31395},{"age_group":"40-49   ","count":519,"tested":15144},{"age_group":"50-59   ","count":391,"tested":14094},{"age_group":"60-69   ","count":250,"tested":11528},{"age_group":"70-79   ","count":196,"tested":8383},{"age_group":"80+","count":191,"tested":7319}],"race":[{"description":"Left Blank","count":1635,"tested":75229,"color":"rgb(44,160,44)"},{"description":"Hispanic","count":335,"tested":3911,"color":"rgb(214,39,40)"},{"description":"Other","count":392,"tested":7910,"color":"rgb(148,103,189)"},{"description":"Black","count":268,"tested":4954,"color":"rgb(255,127,14)"},{"description":"White","count":3168,"tested":56484,"color":"rgb(31,119,180)"},{"description":"Asian","count":144,"tested":4117,"color":"rgb(140,86,75)"}],"gender":[{"description":"Unknown/Left Blank","count":367,"tested":2400,"color":"rgb(44,160,44)"},{"description":"Female","count":2867,"tested":85009,"color":"rgb(255,127,14)"},{"description":"Male","count":2721,"tested":65315,"color":"rgb(31,119,180)"}]}
