{"age":[{"age_group":"<20","count":1561,"tested":13006},{"age_group":"20-29   ","count":1834,"tested":18244},{"age_group":"30-39   ","count":1957,"tested":20140},{"age_group":"40-49   ","count":1753,"tested":17989},{"age_group":"50-59   ","count":1631,"tested":17308},{"age_group":"60-69   ","count":1061,"tested":13942},{"age_group":"70-79   ","count":470,"tested":6439},{"age_group":"80+","count":268,"tested":5430}],"race":[{"description":"Hispanic","count":4597,"tested":32093,"color":"rgb(214,39,40)"},{"description":"White","count":3282,"tested":32687,"color":"rgb(31,119,180)"},{"description":"Left Blank","count":1579,"tested":33896,"color":"rgb(44,160,44)"},{"description":"NH/PI*","count":26,"tested":246,"color":"rgb(127,127,127)"},{"description":"Black","count":207,"tested":2954,"color":"rgb(255,127,14)"},{"description":"Asian","count":333,"tested":4389,"color":"rgb(140,86,75)"},{"description":"Other","count":496,"tested":6116,"color":"rgb(148,103,189)"},{"description":"AI/AN**","count":15,"tested":153,"color":"rgb(31,119,180)"}],"gender":[{"description":"Unknown/Left Blank","count":89,"tested":1851,"color":"rgb(44,160,44)"},{"description":"Female","count":5399,"tested":61516,"color":"rgb(255,127,14)"},{"description":"Male","count":5047,"tested":49167,"color":"rgb(31,119,180)"}]}
