{"age":[{"age_group":"<20","count":623,"tested":7907},{"age_group":"20-29   ","count":556,"tested":9185},{"age_group":"30-39   ","count":489,"tested":7686},{"age_group":"40-49   ","count":500,"tested":6810},{"age_group":"50-59   ","count":543,"tested":7159},{"age_group":"60-69   ","count":217,"tested":4226},{"age_group":"70-79   ","count":133,"tested":3575},{"age_group":"80+","count":128,"tested":5179}],"race":[{"description":"Asian","count":141,"tested":2519,"color":"rgb(140,86,75)"},{"description":"Black","count":94,"tested":989,"color":"rgb(255,127,14)"},{"description":"Hispanic","count":590,"tested":3709,"color":"rgb(214,39,40)"},{"description":"Left Blank","count":941,"tested":28533,"color":"rgb(44,160,44)"},{"description":"Other","count":74,"tested":860,"color":"rgb(148,103,189)"},{"description":"White","count":1343,"tested":14993,"color":"rgb(31,119,180)"}],"gender":[{"description":"Female","count":1595,"tested":31577,"color":"rgb(255,127,14)"},{"description":"Male","count":1566,"tested":19360,"color":"rgb(31,119,180)"},{"description":"Unknown/Left Blank","count":30,"tested":799,"color":"rgb(44,160,44)"}]}
