{"age":[{"age_group":"<20","count":875,"tested":8179},{"age_group":"20-29   ","count":1055,"tested":9906},{"age_group":"30-39   ","count":984,"tested":8611},{"age_group":"40-49   ","count":929,"tested":7331},{"age_group":"50-59   ","count":809,"tested":7698},{"age_group":"60-69   ","count":564,"tested":6224},{"age_group":"70-79   ","count":239,"tested":3548},{"age_group":"80+","count":145,"tested":2647}],"race":[{"description":"AI/AN**","count":8,"tested":99,"color":"rgb(31,119,180)"},{"description":"Asian","count":240,"tested":1999,"color":"rgb(140,86,75)"},{"description":"Black","count":131,"tested":1275,"color":"rgb(255,127,14)"},{"description":"Hispanic","count":2331,"tested":9280,"color":"rgb(214,39,40)"},{"description":"Left Blank","count":999,"tested":25538,"color":"rgb(44,160,44)"},{"description":"NH/PI*","count":7,"tested":76,"color":"rgb(127,127,127)"},{"description":"Other","count":224,"tested":2549,"color":"rgb(148,103,189)"},{"description":"White","count":1660,"tested":13338,"color":"rgb(31,119,180)"}],"gender":[{"description":"Female","count":2832,"tested":29405,"color":"rgb(255,127,14)"},{"description":"Male","count":2746,"tested":24179,"color":"rgb(31,119,180)"},{"description":"Unknown/Left Blank","count":22,"tested":570,"color":"rgb(44,160,44)"}]}
