{"age":[{"age_group":"<20","count":338,"tested":6085},{"age_group":"20-29   ","count":275,"tested":5198},{"age_group":"30-39   ","count":331,"tested":5769},{"age_group":"40-49   ","count":345,"tested":6086},{"age_group":"50-59   ","count":273,"tested":6520},{"age_group":"60-69   ","count":231,"tested":6466},{"age_group":"70-79   ","count":121,"tested":4461},{"age_group":"80+","count":101,"tested":3138}],"race":[{"description":"Asian","count":13,"tested":244,"color":"rgb(140,86,75)"},{"description":"Black","count":733,"tested":14353,"color":"rgb(255,127,14)"},{"description":"Hispanic","count":121,"tested":1360,"color":"rgb(214,39,40)"},{"description":"Left Blank","count":640,"tested":17623,"color":"rgb(44,160,44)"},{"description":"Other","count":49,"tested":748,"color":"rgb(148,103,189)"},{"description":"White","count":457,"tested":9364,"color":"rgb(31,119,180)"}],"gender":[{"description":"Female","count":1126,"tested":25452,"color":"rgb(255,127,14)"},{"description":"Male","count":879,"tested":17827,"color":"rgb(31,119,180)"}]}
