{"age":[{"age_group":"<20","count":275,"tested":2318},{"age_group":"20-29   ","count":287,"tested":2823},{"age_group":"30-39   ","count":322,"tested":3099},{"age_group":"40-49   ","count":290,"tested":2246},{"age_group":"50-59   ","count":216,"tested":2105},{"age_group":"60-69   ","count":194,"tested":1991},{"age_group":"70-79   ","count":70,"tested":820},{"age_group":"80+","count":32,"tested":574}],"race":[{"description":"Asian","count":69,"tested":743,"color":"rgb(140,86,75)"},{"description":"Black","count":20,"tested":169,"color":"rgb(255,127,14)"},{"description":"Hispanic","count":545,"tested":3396,"color":"rgb(214,39,40)"},{"description":"Left Blank","count":313,"tested":5291,"color":"rgb(44,160,44)"},{"description":"Other","count":70,"tested":589,"color":"rgb(148,103,189)"},{"description":"White","count":661,"tested":5756,"color":"rgb(31,119,180)"}],"gender":[{"description":"Female","count":851,"tested":8529,"color":"rgb(255,127,14)"},{"description":"Male","count":828,"tested":7306,"color":"rgb(31,119,180)"}]}
