{"age":[{"age_group":"<20","count":456,"tested":4650},{"age_group":"20-29   ","count":460,"tested":7165},{"age_group":"30-39   ","count":412,"tested":7285},{"age_group":"40-49   ","count":420,"tested":7921},{"age_group":"50-59   ","count":434,"tested":9931},{"age_group":"60-69   ","count":346,"tested":9770},{"age_group":"70-79   ","count":193,"tested":6722},{"age_group":"80+","count":182,"tested":7317}],"race":[{"description":"Asian","count":9,"tested":211,"color":"rgb(140,86,75)"},{"description":"Black","count":1523,"tested":21966,"color":"rgb(255,127,14)"},{"description":"Hispanic","count":154,"tested":1287,"color":"rgb(214,39,40)"},{"description":"Left Blank","count":962,"tested":33580,"color":"rgb(44,160,44)"},{"description":"Other","count":46,"tested":667,"color":"rgb(148,103,189)"},{"description":"White","count":207,"tested":3252,"color":"rgb(31,119,180)"}],"gender":[{"description":"Female","count":1614,"tested":37784,"color":"rgb(255,127,14)"},{"description":"Male","count":1277,"tested":22393,"color":"rgb(31,119,180)"},{"description":"Unknown/Left Blank","count":12,"tested":908,"color":"rgb(44,160,44)"}]}
