{"age":[{"age_group":"<20","count":31,"tested":198},{"age_group":"20-29   ","count":21,"tested":172},{"age_group":"30-39   ","count":16,"tested":185},{"age_group":"40-49   ","count":24,"tested":169},{"age_group":"50-59   ","count":24,"tested":176},{"age_group":"60-69   ","count":20,"tested":114},{"age_group":"70-79   ","count":7,"tested":84}],"race":[{"description":"Hispanic","count":6,"tested":26,"color":"rgb(214,39,40)"},{"description":"Left Blank","count":68,"tested":503,"color":"rgb(44,160,44)"},{"description":"White","count":74,"tested":582,"color":"rgb(31,119,180)"}],"gender":[{"description":"Female","count":82,"tested":624,"color":"rgb(255,127,14)"},{"description":"Male","count":68,"tested":499,"color":"rgb(31,119,180)"}]}
