{"age":[{"age_group":"<20","count":251,"tested":2945},{"age_group":"20-29   ","count":176,"tested":2563},{"age_group":"30-39   ","count":192,"tested":2300},{"age_group":"40-49   ","count":153,"tested":2233},{"age_group":"50-59   ","count":220,"tested":2751},{"age_group":"60-69   ","count":209,"tested":2962},{"age_group":"70-79   ","count":86,"tested":1551},{"age_group":"80+","count":50,"tested":875}],"race":[{"description":"Asian","count":56,"tested":614,"color":"rgb(140,86,75)"},{"description":"Black","count":20,"tested":242,"color":"rgb(255,127,14)"},{"description":"Hispanic","count":129,"tested":657,"color":"rgb(214,39,40)"},{"description":"Left Blank","count":170,"tested":7625,"color":"rgb(44,160,44)"},{"description":"Other","count":31,"tested":398,"color":"rgb(148,103,189)"},{"description":"White","count":931,"tested":8593,"color":"rgb(31,119,180)"}],"gender":[{"description":"Female","count":679,"tested":10124,"color":"rgb(255,127,14)"},{"description":"Male","count":656,"tested":7876,"color":"rgb(31,119,180)"}]}
