{"age":[{"age_group":"<20","count":46,"tested":371},{"age_group":"20-29   ","count":33,"tested":369},{"age_group":"30-39   ","count":38,"tested":381},{"age_group":"40-49   ","count":27,"tested":194},{"age_group":"50-59   ","count":33,"tested":275},{"age_group":"60-69   ","count":32,"tested":347},{"age_group":"70-79   ","count":29,"tested":375},{"age_group":"80+","count":13,"tested":276}],"race":[{"description":"Hispanic","count":6,"tested":54,"color":"rgb(214,39,40)"},{"description":"Left Blank","count":26,"tested":440,"color":"rgb(44,160,44)"},{"description":"Other","count":6,"tested":64,"color":"rgb(148,103,189)"},{"description":"White","count":211,"tested":2012,"color":"rgb(31,119,180)"}],"gender":[{"description":"Female","count":132,"tested":1569,"color":"rgb(255,127,14)"},{"description":"Male","count":118,"tested":1003,"color":"rgb(31,119,180)"}]}
