{"age":[{"age_group":"<20","count":977,"tested":13811},{"age_group":"20-29   ","count":1320,"tested":18280},{"age_group":"30-39   ","count":1274,"tested":18991},{"age_group":"40-49   ","count":1017,"tested":15928},{"age_group":"50-59   ","count":1134,"tested":18902},{"age_group":"60-69   ","count":926,"tested":17356},{"age_group":"70-79   ","count":421,"tested":7923},{"age_group":"80+","count":315,"tested":6270}],"race":[{"description":"AI/AN**","count":40,"tested":732,"color":"rgb(31,119,180)"},{"description":"Asian","count":1059,"tested":16017,"color":"rgb(140,86,75)"},{"description":"Black","count":205,"tested":3601,"color":"rgb(255,127,14)"},{"description":"Hispanic","count":1102,"tested":9380,"color":"rgb(214,39,40)"},{"description":"Left Blank","count":1664,"tested":49610,"color":"rgb(44,160,44)"},{"description":"NH/PI*","count":25,"tested":339,"color":"rgb(127,127,127)"},{"description":"Other","count":616,"tested":4617,"color":"rgb(148,103,189)"},{"description":"White","count":2676,"tested":33201,"color":"rgb(31,119,180)"}],"gender":[{"description":"Female","count":3745,"tested":67367,"color":"rgb(255,127,14)"},{"description":"Male","count":3599,"tested":48714,"color":"rgb(31,119,180)"},{"description":"Unknown/Left Blank","count":43,"tested":1416,"color":"rgb(44,160,44)"}]}
