{"age":[{"age_group":"<20","count":804,"tested":9742},{"age_group":"20-29   ","count":830,"tested":12148},{"age_group":"30-39   ","count":752,"tested":11030},{"age_group":"40-49   ","count":736,"tested":9198},{"age_group":"50-59   ","count":916,"tested":12155},{"age_group":"60-69   ","count":492,"tested":7988},{"age_group":"70-79   ","count":191,"tested":4599},{"age_group":"80+","count":130,"tested":5090}],"race":[{"description":"AI/AN**","count":12,"tested":141,"color":"rgb(31,119,180)"},{"description":"Asian","count":449,"tested":6573,"color":"rgb(140,86,75)"},{"description":"Black","count":90,"tested":1222,"color":"rgb(255,127,14)"},{"description":"Hispanic","count":551,"tested":4054,"color":"rgb(214,39,40)"},{"description":"Left Blank","count":981,"tested":34851,"color":"rgb(44,160,44)"},{"description":"NH/PI*","count":13,"tested":135,"color":"rgb(127,127,127)"},{"description":"Other","count":161,"tested":1651,"color":"rgb(148,103,189)"},{"description":"White","count":2594,"tested":23363,"color":"rgb(31,119,180)"}],"gender":[{"description":"Female","count":2415,"tested":41448,"color":"rgb(255,127,14)"},{"description":"Male","count":2412,"tested":29411,"color":"rgb(31,119,180)"},{"description":"Unknown/Left Blank","count":24,"tested":1131,"color":"rgb(44,160,44)"}]}
