{"age":[{"age_group":"<20","count":243,"tested":2285},{"age_group":"20-29   ","count":301,"tested":3732},{"age_group":"30-39   ","count":264,"tested":3365},{"age_group":"40-49   ","count":239,"tested":2965},{"age_group":"50-59   ","count":219,"tested":3226},{"age_group":"60-69   ","count":179,"tested":2738},{"age_group":"70-79   ","count":66,"tested":1457},{"age_group":"80+","count":41,"tested":658}],"race":[{"description":"Asian","count":34,"tested":588,"color":"rgb(140,86,75)"},{"description":"Black","count":47,"tested":490,"color":"rgb(255,127,14)"},{"description":"Hispanic","count":202,"tested":1255,"color":"rgb(214,39,40)"},{"description":"Left Blank","count":553,"tested":10899,"color":"rgb(44,160,44)"},{"description":"Other","count":95,"tested":913,"color":"rgb(148,103,189)"},{"description":"White","count":620,"tested":6250,"color":"rgb(31,119,180)"}],"gender":[{"description":"Female","count":793,"tested":11050,"color":"rgb(255,127,14)"},{"description":"Male","count":753,"tested":8694,"color":"rgb(31,119,180)"},{"description":"Unknown/Left Blank","count":6,"tested":687,"color":"rgb(44,160,44)"}]}
