{"age":[{"age_group":"<20","count":9,"tested":162},{"age_group":"20-29   ","count":11,"tested":113},{"age_group":"30-39   ","count":9,"tested":223},{"age_group":"40-49   ","count":8,"tested":107}],"race":[{"description":"Left Blank","count":19,"tested":389,"color":"rgb(44,160,44)"},{"description":"White","count":33,"tested":385,"color":"rgb(31,119,180)"}],"gender":[{"description":"Female","count":30,"tested":492,"color":"rgb(255,127,14)"},{"description":"Male","count":22,"tested":307,"color":"rgb(31,119,180)"}]}
