{"age":[{"age_group":"<20","count":260,"tested":3526},{"age_group":"20-29   ","count":171,"tested":2577},{"age_group":"30-39   ","count":158,"tested":2153},{"age_group":"40-49   ","count":216,"tested":2074},{"age_group":"50-59   ","count":229,"tested":2550},{"age_group":"60-69   ","count":129,"tested":2127},{"age_group":"70-79   ","count":61,"tested":1508},{"age_group":"80+","count":30,"tested":752}],"race":[{"description":"Asian","count":8,"tested":168,"color":"rgb(140,86,75)"},{"description":"Black","count":11,"tested":219,"color":"rgb(255,127,14)"},{"description":"Hispanic","count":103,"tested":946,"color":"rgb(214,39,40)"},{"description":"Left Blank","count":248,"tested":4871,"color":"rgb(44,160,44)"},{"description":"Other","count":43,"tested":469,"color":"rgb(148,103,189)"},{"description":"White","count":838,"tested":10569,"color":"rgb(31,119,180)"}],"gender":[{"description":"Female","count":622,"tested":9028,"color":"rgb(255,127,14)"},{"description":"Male","count":625,"tested":8116,"color":"rgb(31,119,180)"}]}
