{"age":[{"age_group":"<20","count":427,"tested":7292},{"age_group":"20-29   ","count":481,"tested":10453},{"age_group":"30-39   ","count":494,"tested":10758},{"age_group":"40-49   ","count":454,"tested":10421},{"age_group":"50-59   ","count":465,"tested":11656},{"age_group":"60-69   ","count":370,"tested":10482},{"age_group":"70-79   ","count":211,"tested":5636},{"age_group":"80+","count":119,"tested":4241}],"race":[{"description":"AI/AN**","count":14,"tested":149,"color":"rgb(31,119,180)"},{"description":"Asian","count":456,"tested":6872,"color":"rgb(140,86,75)"},{"description":"Black","count":192,"tested":2577,"color":"rgb(255,127,14)"},{"description":"Hispanic","count":304,"tested":2451,"color":"rgb(214,39,40)"},{"description":"Left Blank","count":788,"tested":43872,"color":"rgb(44,160,44)"},{"description":"NH/PI*","count":19,"tested":128,"color":"rgb(127,127,127)"},{"description":"Other","count":514,"tested":3956,"color":"rgb(148,103,189)"},{"description":"White","count":734,"tested":10948,"color":"rgb(31,119,180)"}],"gender":[{"description":"Female","count":1599,"tested":41364,"color":"rgb(255,127,14)"},{"description":"Male","count":1411,"tested":28565,"color":"rgb(31,119,180)"},{"description":"Unknown/Left Blank","count":11,"tested":1024,"color":"rgb(44,160,44)"}]}
