{"age":[{"age_group":"<20","count":427,"tested":4915},{"age_group":"20-29   ","count":404,"tested":4873},{"age_group":"30-39   ","count":367,"tested":5002},{"age_group":"40-49   ","count":363,"tested":4471},{"age_group":"50-59   ","count":339,"tested":4252},{"age_group":"60-69   ","count":219,"tested":3199},{"age_group":"70-79   ","count":121,"tested":2230},{"age_group":"80+","count":73,"tested":1343}],"race":[{"description":"Asian","count":31,"tested":396,"color":"rgb(140,86,75)"},{"description":"Black","count":64,"tested":601,"color":"rgb(255,127,14)"},{"description":"Hispanic","count":179,"tested":1458,"color":"rgb(214,39,40)"},{"description":"Left Blank","count":528,"tested":11084,"color":"rgb(44,160,44)"},{"description":"Other","count":25,"tested":316,"color":"rgb(148,103,189)"},{"description":"White","count":1481,"tested":16385,"color":"rgb(31,119,180)"}],"gender":[{"description":"Female","count":1204,"tested":17724,"color":"rgb(255,127,14)"},{"description":"Male","count":1103,"tested":12252,"color":"rgb(31,119,180)"}]}
