{"age":[{"age_group":"<20","count":66,"tested":641},{"age_group":"20-29   ","count":53,"tested":943},{"age_group":"30-39   ","count":55,"tested":927},{"age_group":"40-49   ","count":55,"tested":948},{"age_group":"50-59   ","count":74,"tested":1328},{"age_group":"60-69   ","count":55,"tested":1216},{"age_group":"70-79   ","count":41,"tested":897},{"age_group":"80+","count":29,"tested":529}],"race":[{"description":"Black","count":243,"tested":3601,"color":"rgb(255,127,14)"},{"description":"Left Blank","count":116,"tested":2842,"color":"rgb(44,160,44)"},{"description":"Other","count":20,"tested":185,"color":"rgb(148,103,189)"},{"description":"White","count":44,"tested":676,"color":"rgb(31,119,180)"}],"gender":[{"description":"Female","count":234,"tested":4407,"color":"rgb(255,127,14)"},{"description":"Male","count":190,"tested":2929,"color":"rgb(31,119,180)"}]}
