{"age":[{"age_group":"<20","count":419,"tested":7810},{"age_group":"20-29   ","count":909,"tested":22834},{"age_group":"30-39   ","count":944,"tested":22156},{"age_group":"40-49   ","count":604,"tested":14546},{"age_group":"50-59   ","count":565,"tested":14887},{"age_group":"60-69   ","count":432,"tested":14982},{"age_group":"70-79   ","count":213,"tested":8256},{"age_group":"80+","count":176,"tested":5432}],"race":[{"description":"Asian","count":560,"tested":11100,"color":"rgb(140,86,75)"},{"description":"Black","count":1066,"tested":18179,"color":"rgb(255,127,14)"},{"description":"Hispanic","count":482,"tested":5267,"color":"rgb(214,39,40)"},{"description":"Left Blank","count":1270,"tested":57220,"color":"rgb(44,160,44)"},{"description":"Other","count":186,"tested":3863,"color":"rgb(148,103,189)"},{"description":"White","count":689,"tested":15087,"color":"rgb(31,119,180)"}],"gender":[{"description":"Female","count":2145,"tested":55870,"color":"rgb(255,127,14)"},{"description":"Male","count":2057,"tested":52317,"color":"rgb(31,119,180)"},{"description":"Unknown/Left Blank","count":60,"tested":2744,"color":"rgb(44,160,44)"}]}
