{"age":[{"age_group":"<20","count":555,"tested":6678},{"age_group":"20-29   ","count":542,"tested":6658},{"age_group":"30-39   ","count":494,"tested":6945},{"age_group":"40-49   ","count":421,"tested":5759},{"age_group":"50-59   ","count":397,"tested":6611},{"age_group":"60-69   ","count":326,"tested":5536},{"age_group":"70-79   ","count":179,"tested":3587},{"age_group":"80+","count":117,"tested":4324}],"race":[{"description":"Asian","count":25,"tested":198,"color":"rgb(140,86,75)"},{"description":"Black","count":795,"tested":6659,"color":"rgb(255,127,14)"},{"description":"Hispanic","count":492,"tested":2935,"color":"rgb(214,39,40)"},{"description":"Left Blank","count":244,"tested":18529,"color":"rgb(44,160,44)"},{"description":"Other","count":34,"tested":775,"color":"rgb(148,103,189)"},{"description":"White","count":1436,"tested":16970,"color":"rgb(31,119,180)"}],"gender":[{"description":"Female","count":1642,"tested":28325,"color":"rgb(255,127,14)"},{"description":"Male","count":1382,"tested":17141,"color":"rgb(31,119,180)"},{"description":"Unknown/Left Blank","count":8,"tested":642,"color":"rgb(44,160,44)"}]}
