{"age":[{"age_group":"<20","count":932,"tested":8560},{"age_group":"20-29   ","count":985,"tested":18197},{"age_group":"30-39   ","count":1054,"tested":20043},{"age_group":"40-49   ","count":884,"tested":19141},{"age_group":"50-59   ","count":786,"tested":20032},{"age_group":"60-69   ","count":593,"tested":16353},{"age_group":"70-79   ","count":323,"tested":8247},{"age_group":"80+","count":258,"tested":7147}],"race":[{"description":"Asian","count":10,"tested":676,"color":"rgb(140,86,75)"},{"description":"Black","count":1388,"tested":34654,"color":"rgb(255,127,14)"},{"description":"Hispanic","count":896,"tested":5850,"color":"rgb(214,39,40)"},{"description":"Left Blank","count":1164,"tested":24218,"color":"rgb(44,160,44)"},{"description":"Other","count":120,"tested":3143,"color":"rgb(148,103,189)"},{"description":"White","count":2236,"tested":48970,"color":"rgb(31,119,180)"}],"gender":[{"description":"Female","count":3066,"tested":72823,"color":"rgb(255,127,14)"},{"description":"Male","count":2734,"tested":43711,"color":"rgb(31,119,180)"},{"description":"Unknown/Left Blank","count":17,"tested":1248,"color":"rgb(44,160,44)"}]}
