{"age":[{"age_group":"<20","count":522,"tested":5594},{"age_group":"20-29   ","count":384,"tested":3969},{"age_group":"30-39   ","count":472,"tested":5636},{"age_group":"40-49   ","count":414,"tested":4541},{"age_group":"50-59   ","count":312,"tested":3925},{"age_group":"60-69   ","count":212,"tested":2914},{"age_group":"70-79   ","count":74,"tested":1545},{"age_group":"80+","count":33,"tested":618}],"race":[{"description":"Asian","count":84,"tested":1202,"color":"rgb(140,86,75)"},{"description":"Black","count":76,"tested":807,"color":"rgb(255,127,14)"},{"description":"Hispanic","count":381,"tested":2564,"color":"rgb(214,39,40)"},{"description":"Left Blank","count":596,"tested":10417,"color":"rgb(44,160,44)"},{"description":"Other","count":42,"tested":487,"color":"rgb(148,103,189)"},{"description":"White","count":1241,"tested":13193,"color":"rgb(31,119,180)"}],"gender":[{"description":"Female","count":1225,"tested":15969,"color":"rgb(255,127,14)"},{"description":"Male","count":1187,"tested":12454,"color":"rgb(31,119,180)"},{"description":"Unknown/Left Blank","count":13,"tested":324,"color":"rgb(44,160,44)"}]}
