{"age":[{"age_group":"20-29   ","count":10,"tested":118},{"age_group":"30-39   ","count":14,"tested":102},{"age_group":"40-49   ","count":12,"tested":193},{"age_group":"50-59   ","count":16,"tested":116},{"age_group":"60-69   ","count":8,"tested":161},{"age_group":"70-79   ","count":6,"tested":57}],"race":[{"description":"Left Blank","count":9,"tested":293,"color":"rgb(44,160,44)"},{"description":"White","count":64,"tested":606,"color":"rgb(31,119,180)"}],"gender":[{"description":"Female","count":36,"tested":550,"color":"rgb(255,127,14)"},{"description":"Male","count":43,"tested":366,"color":"rgb(31,119,180)"}]}
