{"age":[{"age_group":"<20","count":660,"tested":6989},{"age_group":"20-29   ","count":680,"tested":7544},{"age_group":"30-39   ","count":711,"tested":7718},{"age_group":"40-49   ","count":694,"tested":7620},{"age_group":"50-59   ","count":523,"tested":6160},{"age_group":"60-69   ","count":257,"tested":4011},{"age_group":"70-79   ","count":139,"tested":2379},{"age_group":"80+","count":116,"tested":1557}],"race":[{"description":"AI/AN**","count":12,"tested":52,"color":"rgb(31,119,180)"},{"description":"Asian","count":59,"tested":675,"color":"rgb(140,86,75)"},{"description":"Black","count":420,"tested":4543,"color":"rgb(255,127,14)"},{"description":"Hispanic","count":707,"tested":4501,"color":"rgb(214,39,40)"},{"description":"Left Blank","count":1008,"tested":15794,"color":"rgb(44,160,44)"},{"description":"NH/PI*","count":11,"tested":129,"color":"rgb(127,127,127)"},{"description":"Other","count":88,"tested":1792,"color":"rgb(148,103,189)"},{"description":"White","count":1475,"tested":16502,"color":"rgb(31,119,180)"}],"gender":[{"description":"Female","count":1950,"tested":23944,"color":"rgb(255,127,14)"},{"description":"Male","count":1814,"tested":18792,"color":"rgb(31,119,180)"},{"description":"Unknown/Left Blank","count":16,"tested":1252,"color":"rgb(44,160,44)"}]}
