{"age":[{"age_group":"<20","count":333,"tested":3036},{"age_group":"20-29   ","count":330,"tested":4926},{"age_group":"30-39   ","count":333,"tested":5086},{"age_group":"40-49   ","count":328,"tested":5511},{"age_group":"50-59   ","count":314,"tested":5821},{"age_group":"60-69   ","count":223,"tested":5411},{"age_group":"70-79   ","count":80,"tested":1927},{"age_group":"80+","count":56,"tested":951}],"race":[{"description":"Asian","count":14,"tested":242,"color":"rgb(140,86,75)"},{"description":"Black","count":313,"tested":5731,"color":"rgb(255,127,14)"},{"description":"Hispanic","count":676,"tested":5337,"color":"rgb(214,39,40)"},{"description":"Left Blank","count":654,"tested":15837,"color":"rgb(44,160,44)"},{"description":"Other","count":59,"tested":622,"color":"rgb(148,103,189)"},{"description":"White","count":280,"tested":4857,"color":"rgb(31,119,180)"}],"gender":[{"description":"Female","count":1051,"tested":18310,"color":"rgb(255,127,14)"},{"description":"Male","count":936,"tested":13843,"color":"rgb(31,119,180)"},{"description":"Unknown/Left Blank","count":10,"tested":530,"color":"rgb(44,160,44)"}]}
