{"age":[{"age_group":"<20","count":478,"tested":6123},{"age_group":"20-29   ","count":640,"tested":7078},{"age_group":"30-39   ","count":763,"tested":8508},{"age_group":"40-49   ","count":608,"tested":6927},{"age_group":"50-59   ","count":536,"tested":6796},{"age_group":"60-69   ","count":367,"tested":5334},{"age_group":"70-79   ","count":144,"tested":2443},{"age_group":"80+","count":94,"tested":1786}],"race":[{"description":"AI/AN**","count":6,"tested":100,"color":"rgb(31,119,180)"},{"description":"Asian","count":244,"tested":2795,"color":"rgb(140,86,75)"},{"description":"Black","count":67,"tested":626,"color":"rgb(255,127,14)"},{"description":"Hispanic","count":473,"tested":4429,"color":"rgb(214,39,40)"},{"description":"Left Blank","count":771,"tested":15447,"color":"rgb(44,160,44)"},{"description":"NH/PI*","count":7,"tested":92,"color":"rgb(127,127,127)"},{"description":"Other","count":206,"tested":1836,"color":"rgb(148,103,189)"},{"description":"White","count":1856,"tested":19675,"color":"rgb(31,119,180)"}],"gender":[{"description":"Female","count":1758,"tested":23824,"color":"rgb(255,127,14)"},{"description":"Male","count":1841,"tested":20474,"color":"rgb(31,119,180)"},{"description":"Unknown/Left Blank","count":31,"tested":702,"color":"rgb(44,160,44)"}]}
