{"age":[{"age_group":"<20","count":560,"tested":6434},{"age_group":"20-29   ","count":386,"tested":4199},{"age_group":"30-39   ","count":390,"tested":5485},{"age_group":"40-49   ","count":492,"tested":5586},{"age_group":"50-59   ","count":400,"tested":4685},{"age_group":"60-69   ","count":253,"tested":3912},{"age_group":"70-79   ","count":169,"tested":2826},{"age_group":"80+","count":96,"tested":1684}],"race":[{"description":"Asian","count":182,"tested":2940,"color":"rgb(140,86,75)"},{"description":"Black","count":61,"tested":592,"color":"rgb(255,127,14)"},{"description":"Hispanic","count":349,"tested":2285,"color":"rgb(214,39,40)"},{"description":"Left Blank","count":726,"tested":13817,"color":"rgb(44,160,44)"},{"description":"NH/PI*","count":7,"tested":49,"color":"rgb(127,127,127)"},{"description":"Other","count":97,"tested":665,"color":"rgb(148,103,189)"},{"description":"White","count":1323,"tested":14420,"color":"rgb(31,119,180)"}],"gender":[{"description":"Female","count":1398,"tested":19091,"color":"rgb(255,127,14)"},{"description":"Male","count":1334,"tested":15302,"color":"rgb(31,119,180)"},{"description":"Unknown/Left Blank","count":16,"tested":430,"color":"rgb(44,160,44)"}]}
