{"age":[{"age_group":"<20","count":328,"tested":3632},{"age_group":"20-29   ","count":413,"tested":5454},{"age_group":"30-39   ","count":371,"tested":5115},{"age_group":"40-49   ","count":458,"tested":6640},{"age_group":"50-59   ","count":369,"tested":6488},{"age_group":"60-69   ","count":227,"tested":5040},{"age_group":"70-79   ","count":138,"tested":2927},{"age_group":"80+","count":95,"tested":1855}],"race":[{"description":"Asian","count":11,"tested":209,"color":"rgb(140,86,75)"},{"description":"Black","count":1350,"tested":17438,"color":"rgb(255,127,14)"},{"description":"Hispanic","count":108,"tested":812,"color":"rgb(214,39,40)"},{"description":"Left Blank","count":678,"tested":14479,"color":"rgb(44,160,44)"},{"description":"Other","count":49,"tested":771,"color":"rgb(148,103,189)"},{"description":"White","count":198,"tested":3337,"color":"rgb(31,119,180)"}],"gender":[{"description":"Female","count":1348,"tested":21930,"color":"rgb(255,127,14)"},{"description":"Male","count":1032,"tested":14145,"color":"rgb(31,119,180)"},{"description":"Unknown/Left Blank","count":19,"tested":1078,"color":"rgb(44,160,44)"}]}
