{"age":[{"age_group":"<20","count":1773,"tested":14349},{"age_group":"20-29   ","count":1945,"tested":18189},{"age_group":"30-39   ","count":1640,"tested":13471},{"age_group":"40-49   ","count":1752,"tested":12541},{"age_group":"50-59   ","count":1293,"tested":11732},{"age_group":"60-69   ","count":687,"tested":9664},{"age_group":"70-79   ","count":328,"tested":7715},{"age_group":"80+","count":165,"tested":5144}],"race":[{"description":"AI/AN**","count":8,"tested":142,"color":"rgb(31,119,180)"},{"description":"Asian","count":46,"tested":738,"color":"rgb(140,86,75)"},{"description":"Black","count":393,"tested":4537,"color":"rgb(255,127,14)"},{"description":"Hispanic","count":6086,"tested":32678,"color":"rgb(214,39,40)"},{"description":"Left Blank","count":1973,"tested":40921,"color":"rgb(44,160,44)"},{"description":"Other","count":278,"tested":3454,"color":"rgb(148,103,189)"},{"description":"White","count":794,"tested":10308,"color":"rgb(31,119,180)"}],"gender":[{"description":"Female","count":4916,"tested":52486,"color":"rgb(255,127,14)"},{"description":"Male","count":4643,"tested":39564,"color":"rgb(31,119,180)"},{"description":"Unknown/Left Blank","count":25,"tested":763,"color":"rgb(44,160,44)"}]}
