{"age":[{"age_group":"<20","count":42,"tested":379},{"age_group":"20-29   ","count":57,"tested":510},{"age_group":"30-39   ","count":54,"tested":530},{"age_group":"40-49   ","count":52,"tested":593},{"age_group":"50-59   ","count":60,"tested":585},{"age_group":"60-69   ","count":39,"tested":561},{"age_group":"70-79   ","count":40,"tested":365},{"age_group":"80+","count":30,"tested":1187}],"race":[{"description":"Hispanic","count":29,"tested":59,"color":"rgb(214,39,40)"},{"description":"White","count":158,"tested":3053,"color":"rgb(31,119,180)"},{"description":"Other","count":28,"tested":31,"color":"rgb(148,103,189)"},{"description":"Left Blank","count":75,"tested":1549,"color":"rgb(44,160,44)"}],"gender":[{"description":"Female","count":125,"tested":3537,"color":"rgb(255,127,14)"},{"description":"Male","count":121,"tested":1119,"color":"rgb(31,119,180)"}]}
