{"age":[{"age_group":"<20","count":14,"tested":75},{"age_group":"30-39   ","count":15,"tested":72},{"age_group":"40-49   ","count":18,"tested":68},{"age_group":"50-59   ","count":22,"tested":80},{"age_group":"60-69   ","count":15,"tested":84}],"race":[{"description":"Left Blank","count":28,"tested":233,"color":"rgb(44,160,44)"},{"description":"White","count":46,"tested":258,"color":"rgb(31,119,180)"}],"gender":[{"description":"Female","count":36,"tested":337,"color":"rgb(255,127,14)"},{"description":"Male","count":39,"tested":165,"color":"rgb(31,119,180)"}]}
