{"age":[{"age_group":"<20","count":337,"tested":1779},{"age_group":"20-29   ","count":408,"tested":3168},{"age_group":"30-39   ","count":379,"tested":3067},{"age_group":"40-49   ","count":399,"tested":2860},{"age_group":"50-59   ","count":343,"tested":2823},{"age_group":"60-69   ","count":217,"tested":2125},{"age_group":"70-79   ","count":110,"tested":1026},{"age_group":"80+","count":106,"tested":1452}],"race":[{"description":"Asian","count":86,"tested":330,"color":"rgb(140,86,75)"},{"description":"NH/PI*","count":54,"tested":27,"color":"rgb(127,127,127)"},{"description":"Black","count":62,"tested":152,"color":"rgb(255,127,14)"},{"description":"Other","count":123,"tested":698,"color":"rgb(148,103,189)"},{"description":"Hispanic","count":791,"tested":3833,"color":"rgb(214,39,40)"},{"description":"Left Blank","count":547,"tested":9048,"color":"rgb(44,160,44)"},{"description":"White","count":586,"tested":4201,"color":"rgb(31,119,180)"}],"gender":[{"description":"Male","count":981,"tested":7470,"color":"rgb(31,119,180)"},{"description":"Female","count":1026,"tested":10567,"color":"rgb(255,127,14)"}]}
