{"age":[{"age_group":"<20","count":17,"tested":76},{"age_group":"20-29   ","count":26,"tested":148},{"age_group":"30-39   ","count":17,"tested":128},{"age_group":"40-49   ","count":19,"tested":86},{"age_group":"50-59   ","count":32,"tested":133},{"age_group":"60-69   ","count":23,"tested":132}],"race":[{"description":"White","count":50,"tested":443,"color":"rgb(31,119,180)"},{"description":"Hispanic","count":23,"tested":38,"color":"rgb(214,39,40)"},{"description":"Left Blank","count":34,"tested":297,"color":"rgb(44,160,44)"}],"gender":[{"description":"Male","count":51,"tested":390,"color":"rgb(31,119,180)"},{"description":"Female","count":45,"tested":429,"color":"rgb(255,127,14)"}]}
