{"age":[{"age_group":"<20","count":44,"tested":135},{"age_group":"20-29   ","count":47,"tested":193},{"age_group":"40-49   ","count":45,"tested":124},{"age_group":"50-59   ","count":45,"tested":272},{"age_group":"60-69   ","count":46,"tested":167},{"age_group":"70-79   ","count":43,"tested":124}],"race":[{"description":"Left Blank","count":70,"tested":859,"color":"rgb(44,160,44)"},{"description":"White","count":57,"tested":433,"color":"rgb(31,119,180)"}],"gender":[{"description":"Female","count":66,"tested":752,"color":"rgb(255,127,14)"},{"description":"Male","count":62,"tested":543,"color":"rgb(31,119,180)"}]}
