{"age":[{"age_group":"<20","count":139,"tested":1043},{"age_group":"20-29   ","count":143,"tested":1448},{"age_group":"30-39   ","count":161,"tested":1397},{"age_group":"40-49   ","count":148,"tested":1308},{"age_group":"50-59   ","count":127,"tested":1352},{"age_group":"60-69   ","count":108,"tested":1188},{"age_group":"70-79   ","count":58,"tested":502},{"age_group":"80+","count":41,"tested":286}],"race":[{"description":"Black","count":354,"tested":3748,"color":"rgb(255,127,14)"},{"description":"Hispanic","count":111,"tested":471,"color":"rgb(214,39,40)"},{"description":"Other","count":40,"tested":157,"color":"rgb(148,103,189)"},{"description":"White","count":42,"tested":383,"color":"rgb(31,119,180)"},{"description":"Left Blank","count":327,"tested":3750,"color":"rgb(44,160,44)"}],"gender":[{"description":"Male","count":362,"tested":3331,"color":"rgb(31,119,180)"},{"description":"Unknown/Left Blank","count":25,"tested":160,"color":"rgb(44,160,44)"},{"description":"Female","count":458,"tested":5037,"color":"rgb(255,127,14)"}]}
