{"age":[{"age_group":"<20","count":129,"tested":492},{"age_group":"20-29   ","count":166,"tested":996},{"age_group":"30-39   ","count":152,"tested":899},{"age_group":"40-49   ","count":124,"tested":739},{"age_group":"50-59   ","count":148,"tested":886},{"age_group":"60-69   ","count":112,"tested":898},{"age_group":"70-79   ","count":77,"tested":338},{"age_group":"80+","count":57,"tested":169}],"race":[{"description":"Black","count":53,"tested":147,"color":"rgb(255,127,14)"},{"description":"Asian","count":56,"tested":98,"color":"rgb(140,86,75)"},{"description":"Other","count":85,"tested":246,"color":"rgb(148,103,189)"},{"description":"Left Blank","count":343,"tested":2613,"color":"rgb(44,160,44)"},{"description":"White","count":238,"tested":1948,"color":"rgb(31,119,180)"},{"description":"Hispanic","count":101,"tested":348,"color":"rgb(214,39,40)"}],"gender":[{"description":"Female","count":393,"tested":3033,"color":"rgb(255,127,14)"},{"description":"Male","count":313,"tested":2302,"color":"rgb(31,119,180)"}]}
