{"age":[{"age_group":"<20","count":238,"tested":1339},{"age_group":"20-29   ","count":261,"tested":1706},{"age_group":"30-39   ","count":249,"tested":2168},{"age_group":"40-49   ","count":265,"tested":2020},{"age_group":"50-59   ","count":253,"tested":2023},{"age_group":"60-69   ","count":190,"tested":1674},{"age_group":"70-79   ","count":154,"tested":970},{"age_group":"80+","count":137,"tested":1030}],"race":[{"description":"Asian","count":116,"tested":200,"color":"rgb(140,86,75)"},{"description":"Black","count":99,"tested":85,"color":"rgb(255,127,14)"},{"description":"Other","count":114,"tested":241,"color":"rgb(148,103,189)"},{"description":"Left Blank","count":454,"tested":6640,"color":"rgb(44,160,44)"},{"description":"White","count":477,"tested":4760,"color":"rgb(31,119,180)"},{"description":"Hispanic","count":300,"tested":978,"color":"rgb(214,39,40)"}],"gender":[{"description":"Female","count":613,"tested":7559,"color":"rgb(255,127,14)"},{"description":"Male","count":570,"tested":5230,"color":"rgb(31,119,180)"},{"description":"Unknown/Left Blank","count":99,"tested":143,"color":"rgb(44,160,44)"}]}
