{"age":[{"age_group":"<20","count":204,"tested":1996},{"age_group":"20-29   ","count":473,"tested":8021},{"age_group":"30-39   ","count":485,"tested":8716},{"age_group":"40-49   ","count":320,"tested":5257},{"age_group":"50-59   ","count":358,"tested":5720},{"age_group":"60-69   ","count":255,"tested":4395},{"age_group":"70-79   ","count":149,"tested":2273},{"age_group":"80+","count":91,"tested":919}],"race":[{"description":"Hispanic","count":402,"tested":2129,"color":"rgb(214,39,40)"},{"description":"Left Blank","count":704,"tested":20161,"color":"rgb(44,160,44)"},{"description":"Other","count":167,"tested":1420,"color":"rgb(148,103,189)"},{"description":"Black","count":219,"tested":2545,"color":"rgb(255,127,14)"},{"description":"Asian","count":151,"tested":1277,"color":"rgb(140,86,75)"},{"description":"White","count":606,"tested":9736,"color":"rgb(31,119,180)"}],"gender":[{"description":"Male","count":1099,"tested":16548,"color":"rgb(31,119,180)"},{"description":"Female","count":976,"tested":19433,"color":"rgb(255,127,14)"},{"description":"Unknown/Left Blank","count":55,"tested":1358,"color":"rgb(44,160,44)"}]}
