{"age":[{"age_group":"<20","count":736,"tested":3783},{"age_group":"20-29   ","count":1069,"tested":7400},{"age_group":"30-39   ","count":931,"tested":7788},{"age_group":"40-49   ","count":871,"tested":6604},{"age_group":"50-59   ","count":895,"tested":7510},{"age_group":"60-69   ","count":683,"tested":7131},{"age_group":"70-79   ","count":485,"tested":4057},{"age_group":"80+","count":449,"tested":3723}],"race":[{"description":"Asian","count":264,"tested":832,"color":"rgb(140,86,75)"},{"description":"Hispanic","count":894,"tested":3792,"color":"rgb(214,39,40)"},{"description":"Black","count":498,"tested":5868,"color":"rgb(255,127,14)"},{"description":"White","count":1425,"tested":13372,"color":"rgb(31,119,180)"},{"description":"Left Blank","count":2149,"tested":22599,"color":"rgb(44,160,44)"},{"description":"Other","count":445,"tested":1466,"color":"rgb(148,103,189)"},{"description":"NH/PI*","count":223,"tested":37,"color":"rgb(127,127,127)"}],"gender":[{"description":"Male","count":2258,"tested":19162,"color":"rgb(31,119,180)"},{"description":"Unknown/Left Blank","count":253,"tested":914,"color":"rgb(44,160,44)"},{"description":"Female","count":2524,"tested":27933,"color":"rgb(255,127,14)"}]}
