{"age":[{"age_group":"<20","count":368,"tested":1488},{"age_group":"20-29   ","count":400,"tested":1653},{"age_group":"30-39   ","count":372,"tested":1541},{"age_group":"40-49   ","count":380,"tested":1324},{"age_group":"50-59   ","count":330,"tested":1180},{"age_group":"60-69   ","count":280,"tested":1098},{"age_group":"70-79   ","count":244,"tested":740},{"age_group":"80+","count":223,"tested":485}],"race":[{"description":"White","count":479,"tested":4274,"color":"rgb(31,119,180)"},{"description":"Hispanic","count":754,"tested":2708,"color":"rgb(214,39,40)"},{"description":"Other","count":200,"tested":108,"color":"rgb(148,103,189)"},{"description":"Left Blank","count":410,"tested":2343,"color":"rgb(44,160,44)"}],"gender":[{"description":"Female","count":761,"tested":5597,"color":"rgb(255,127,14)"},{"description":"Male","count":711,"tested":3860,"color":"rgb(31,119,180)"}]}
