{"age":[{"age_group":"<20","count":567,"tested":3186},{"age_group":"20-29   ","count":824,"tested":6357},{"age_group":"30-39   ","count":720,"tested":5531},{"age_group":"40-49   ","count":667,"tested":4691},{"age_group":"50-59   ","count":732,"tested":5565},{"age_group":"60-69   ","count":452,"tested":3713},{"age_group":"70-79   ","count":270,"tested":1834},{"age_group":"80+","count":225,"tested":1507}],"race":[{"description":"Other","count":211,"tested":794,"color":"rgb(148,103,189)"},{"description":"AI/AN**","count":127,"tested":18,"color":"rgb(31,119,180)"},{"description":"NH/PI*","count":129,"tested":62,"color":"rgb(127,127,127)"},{"description":"Black","count":211,"tested":754,"color":"rgb(255,127,14)"},{"description":"Asian","count":333,"tested":1787,"color":"rgb(140,86,75)"},{"description":"Left Blank","count":1635,"tested":20904,"color":"rgb(44,160,44)"},{"description":"White","count":714,"tested":4428,"color":"rgb(31,119,180)"},{"description":"Hispanic","count":1097,"tested":3656,"color":"rgb(214,39,40)"}],"gender":[{"description":"Unknown/Left Blank","count":142,"tested":942,"color":"rgb(44,160,44)"},{"description":"Female","count":1968,"tested":18434,"color":"rgb(255,127,14)"},{"description":"Male","count":1772,"tested":13027,"color":"rgb(31,119,180)"}]}
