{"age":[{"age_group":"<20","count":39,"tested":357},{"age_group":"20-29   ","count":28,"tested":192},{"age_group":"30-39   ","count":28,"tested":219},{"age_group":"40-49   ","count":30,"tested":207},{"age_group":"50-59   ","count":25,"tested":213},{"age_group":"60-69   ","count":20,"tested":206},{"age_group":"70-79   ","count":14,"tested":143},{"age_group":"80+","count":15,"tested":82}],"race":[{"description":"White","count":143,"tested":1399,"color":"rgb(31,119,180)"}],"gender":[{"description":"Female","count":82,"tested":887,"color":"rgb(255,127,14)"},{"description":"Male","count":75,"tested":708,"color":"rgb(31,119,180)"}]}
