{"age":[{"age_group":"<20","count":87,"tested":536},{"age_group":"20-29   ","count":120,"tested":1094},{"age_group":"30-39   ","count":97,"tested":1093},{"age_group":"40-49   ","count":95,"tested":964},{"age_group":"50-59   ","count":126,"tested":1390},{"age_group":"60-69   ","count":112,"tested":1351},{"age_group":"70-79   ","count":82,"tested":854},{"age_group":"80+","count":48,"tested":387}],"race":[{"description":"White","count":294,"tested":4627,"color":"rgb(31,119,180)"},{"description":"Black","count":59,"tested":950,"color":"rgb(255,127,14)"},{"description":"Other","count":38,"tested":162,"color":"rgb(148,103,189)"},{"description":"Left Blank","count":176,"tested":1433,"color":"rgb(44,160,44)"},{"description":"Hispanic","count":113,"tested":469,"color":"rgb(214,39,40)"}],"gender":[{"description":"Female","count":286,"tested":4395,"color":"rgb(255,127,14)"},{"description":"Male","count":310,"tested":3180,"color":"rgb(31,119,180)"}]}
