{"age":[{"age_group":"<20","count":299,"tested":2199},{"age_group":"20-29   ","count":269,"tested":2599},{"age_group":"30-39   ","count":215,"tested":2135},{"age_group":"40-49   ","count":330,"tested":2789},{"age_group":"50-59   ","count":316,"tested":3155},{"age_group":"60-69   ","count":150,"tested":1677},{"age_group":"70-79   ","count":94,"tested":723},{"age_group":"80+","count":70,"tested":281}],"race":[{"description":"Asian","count":176,"tested":1423,"color":"rgb(140,86,75)"},{"description":"Black","count":222,"tested":1655,"color":"rgb(255,127,14)"},{"description":"Hispanic","count":218,"tested":1007,"color":"rgb(214,39,40)"},{"description":"White","count":361,"tested":3679,"color":"rgb(31,119,180)"},{"description":"Left Blank","count":531,"tested":7044,"color":"rgb(44,160,44)"},{"description":"Other","count":120,"tested":698,"color":"rgb(148,103,189)"}],"gender":[{"description":"Female","count":720,"tested":8549,"color":"rgb(255,127,14)"},{"description":"Unknown/Left Blank","count":62,"tested":164,"color":"rgb(44,160,44)"},{"description":"Male","count":691,"tested":6847,"color":"rgb(31,119,180)"}]}
