{"age":[{"age_group":"<20","count":479,"tested":3360},{"age_group":"20-29   ","count":641,"tested":5649},{"age_group":"30-39   ","count":468,"tested":4575},{"age_group":"40-49   ","count":570,"tested":4235},{"age_group":"50-59   ","count":452,"tested":3976},{"age_group":"60-69   ","count":279,"tested":2261},{"age_group":"70-79   ","count":168,"tested":944},{"age_group":"80+","count":137,"tested":408}],"race":[{"description":"Other","count":187,"tested":1172,"color":"rgb(148,103,189)"},{"description":"Left Blank","count":775,"tested":10273,"color":"rgb(44,160,44)"},{"description":"White","count":697,"tested":6761,"color":"rgb(31,119,180)"},{"description":"Asian","count":243,"tested":1663,"color":"rgb(140,86,75)"},{"description":"Hispanic","count":696,"tested":2975,"color":"rgb(214,39,40)"},{"description":"Black","count":377,"tested":2520,"color":"rgb(255,127,14)"}],"gender":[{"description":"Female","count":1351,"tested":14373,"color":"rgb(255,127,14)"},{"description":"Male","count":1193,"tested":10844,"color":"rgb(31,119,180)"},{"description":"Unknown/Left Blank","count":115,"tested":195,"color":"rgb(44,160,44)"}]}
