{"age":[{"age_group":"<20","count":420,"tested":4300},{"age_group":"20-29   ","count":567,"tested":4777},{"age_group":"30-39   ","count":432,"tested":4993},{"age_group":"40-49   ","count":416,"tested":4408},{"age_group":"50-59   ","count":433,"tested":4350},{"age_group":"60-69   ","count":359,"tested":4084},{"age_group":"70-79   ","count":269,"tested":3059},{"age_group":"80+","count":300,"tested":3845}],"race":[{"description":"Left Blank","count":787,"tested":17848,"color":"rgb(44,160,44)"},{"description":"Hispanic","count":457,"tested":1829,"color":"rgb(214,39,40)"},{"description":"Asian","count":119,"tested":479,"color":"rgb(140,86,75)"},{"description":"White","count":1360,"tested":11392,"color":"rgb(31,119,180)"},{"description":"Black","count":246,"tested":1691,"color":"rgb(255,127,14)"},{"description":"Other","count":106,"tested":568,"color":"rgb(148,103,189)"}],"gender":[{"description":"Female","count":1505,"tested":20218,"color":"rgb(255,127,14)"},{"description":"Male","count":1331,"tested":12997,"color":"rgb(31,119,180)"},{"description":"Unknown/Left Blank","count":75,"tested":607,"color":"rgb(44,160,44)"}]}
