{"age":[{"age_group":"<20","count":70,"tested":272},{"age_group":"20-29   ","count":75,"tested":211},{"age_group":"30-39   ","count":66,"tested":229},{"age_group":"40-49   ","count":74,"tested":315},{"age_group":"50-59   ","count":70,"tested":288},{"age_group":"60-69   ","count":60,"tested":218},{"age_group":"70-79   ","count":53,"tested":201}],"race":[{"description":"White","count":162,"tested":1500,"color":"rgb(31,119,180)"},{"description":"Left Blank","count":64,"tested":271,"color":"rgb(44,160,44)"}],"gender":[{"description":"Male","count":120,"tested":716,"color":"rgb(31,119,180)"},{"description":"Female","count":114,"tested":1104,"color":"rgb(255,127,14)"}]}
