{"age":[{"age_group":"<20","count":302,"tested":1913},{"age_group":"20-29   ","count":429,"tested":3689},{"age_group":"30-39   ","count":356,"tested":3359},{"age_group":"40-49   ","count":394,"tested":2985},{"age_group":"50-59   ","count":400,"tested":3678},{"age_group":"60-69   ","count":372,"tested":3630},{"age_group":"70-79   ","count":228,"tested":2207},{"age_group":"80+","count":221,"tested":3061}],"race":[{"description":"White","count":998,"tested":7758,"color":"rgb(31,119,180)"},{"description":"Left Blank","count":821,"tested":13588,"color":"rgb(44,160,44)"},{"description":"Other","count":145,"tested":568,"color":"rgb(148,103,189)"},{"description":"Black","count":89,"tested":296,"color":"rgb(255,127,14)"},{"description":"Asian","count":180,"tested":1023,"color":"rgb(140,86,75)"},{"description":"Hispanic","count":326,"tested":1266,"color":"rgb(214,39,40)"}],"gender":[{"description":"Female","count":1189,"tested":14179,"color":"rgb(255,127,14)"},{"description":"Unknown/Left Blank","count":75,"tested":373,"color":"rgb(44,160,44)"},{"description":"Male","count":1098,"tested":9988,"color":"rgb(31,119,180)"}]}
