{"age":[{"age_group":"<20","count":274,"tested":2106},{"age_group":"20-29   ","count":357,"tested":3295},{"age_group":"30-39   ","count":290,"tested":2587},{"age_group":"40-49   ","count":320,"tested":2873},{"age_group":"50-59   ","count":389,"tested":3657},{"age_group":"60-69   ","count":301,"tested":3080},{"age_group":"70-79   ","count":206,"tested":1932},{"age_group":"80+","count":195,"tested":3514}],"race":[{"description":"Other","count":148,"tested":535,"color":"rgb(148,103,189)"},{"description":"Black","count":103,"tested":183,"color":"rgb(255,127,14)"},{"description":"White","count":904,"tested":7726,"color":"rgb(31,119,180)"},{"description":"Asian","count":105,"tested":149,"color":"rgb(140,86,75)"},{"description":"Left Blank","count":756,"tested":14085,"color":"rgb(44,160,44)"},{"description":"Hispanic","count":133,"tested":362,"color":"rgb(214,39,40)"}],"gender":[{"description":"Unknown/Left Blank","count":97,"tested":689,"color":"rgb(44,160,44)"},{"description":"Female","count":957,"tested":14298,"color":"rgb(255,127,14)"},{"description":"Male","count":823,"tested":8067,"color":"rgb(31,119,180)"}]}
