{"age":[{"age_group":"<20","count":618,"tested":2386},{"age_group":"20-29   ","count":719,"tested":3445},{"age_group":"30-39   ","count":709,"tested":3436},{"age_group":"40-49   ","count":681,"tested":3156},{"age_group":"50-59   ","count":621,"tested":2850},{"age_group":"60-69   ","count":469,"tested":2001},{"age_group":"70-79   ","count":389,"tested":1172},{"age_group":"80+","count":353,"tested":741}],"race":[{"description":"Other","count":353,"tested":844,"color":"rgb(148,103,189)"},{"description":"Left Blank","count":1000,"tested":7453,"color":"rgb(44,160,44)"},{"description":"Asian","count":342,"tested":256,"color":"rgb(140,86,75)"},{"description":"Black","count":530,"tested":1777,"color":"rgb(255,127,14)"},{"description":"Hispanic","count":716,"tested":1810,"color":"rgb(214,39,40)"},{"description":"White","count":996,"tested":7008,"color":"rgb(31,119,180)"},{"description":"AI/AN**","count":316,"tested":25,"color":"rgb(31,119,180)"}],"gender":[{"description":"Female","count":1400,"tested":10889,"color":"rgb(255,127,14)"},{"description":"Male","count":1307,"tested":8023,"color":"rgb(31,119,180)"},{"description":"Unknown/Left Blank","count":322,"tested":282,"color":"rgb(44,160,44)"}]}
