{"age":[{"age_group":"<20","count":76,"tested":688},{"age_group":"20-29   ","count":207,"tested":2890},{"age_group":"30-39   ","count":199,"tested":3442},{"age_group":"40-49   ","count":159,"tested":2751},{"age_group":"50-59   ","count":138,"tested":3105},{"age_group":"60-69   ","count":142,"tested":2698},{"age_group":"70-79   ","count":90,"tested":2181},{"age_group":"80+","count":75,"tested":1554}],"race":[{"description":"Left Blank","count":278,"tested":7263,"color":"rgb(44,160,44)"},{"description":"White","count":263,"tested":4825,"color":"rgb(31,119,180)"},{"description":"Hispanic","count":107,"tested":1190,"color":"rgb(214,39,40)"},{"description":"Other","count":66,"tested":663,"color":"rgb(148,103,189)"},{"description":"Black","count":283,"tested":4967,"color":"rgb(255,127,14)"},{"description":"Asian","count":42,"tested":391,"color":"rgb(140,86,75)"}],"gender":[{"description":"Unknown/Left Blank","count":34,"tested":934,"color":"rgb(44,160,44)"},{"description":"Female","count":506,"tested":10594,"color":"rgb(255,127,14)"},{"description":"Male","count":431,"tested":7790,"color":"rgb(31,119,180)"}]}
