{"age":[{"age_group":"<20","count":200,"tested":1068},{"age_group":"20-29   ","count":187,"tested":1139},{"age_group":"30-39   ","count":169,"tested":880},{"age_group":"40-49   ","count":179,"tested":971},{"age_group":"50-59   ","count":201,"tested":1318},{"age_group":"60-69   ","count":151,"tested":919},{"age_group":"70-79   ","count":121,"tested":486},{"age_group":"80+","count":98,"tested":218}],"race":[{"description":"Asian","count":97,"tested":113,"color":"rgb(140,86,75)"},{"description":"Other","count":97,"tested":103,"color":"rgb(148,103,189)"},{"description":"Hispanic","count":152,"tested":248,"color":"rgb(214,39,40)"},{"description":"Left Blank","count":254,"tested":2809,"color":"rgb(44,160,44)"},{"description":"White","count":434,"tested":3693,"color":"rgb(31,119,180)"}],"gender":[{"description":"Female","count":396,"tested":3934,"color":"rgb(255,127,14)"},{"description":"Male","count":369,"tested":2978,"color":"rgb(31,119,180)"}]}
