{"age":[{"age_group":"<20","count":228,"tested":3439},{"age_group":"20-29   ","count":305,"tested":5432},{"age_group":"30-39   ","count":320,"tested":6633},{"age_group":"40-49   ","count":277,"tested":5423},{"age_group":"50-59   ","count":285,"tested":6650},{"age_group":"60-69   ","count":220,"tested":5772},{"age_group":"70-79   ","count":132,"tested":2571},{"age_group":"80+","count":152,"tested":1827}],"race":[{"description":"Other","count":165,"tested":1742,"color":"rgb(148,103,189)"},{"description":"Asian","count":73,"tested":794,"color":"rgb(140,86,75)"},{"description":"Black","count":378,"tested":3735,"color":"rgb(255,127,14)"},{"description":"White","count":468,"tested":8737,"color":"rgb(31,119,180)"},{"description":"Left Blank","count":413,"tested":21099,"color":"rgb(44,160,44)"},{"description":"Hispanic","count":344,"tested":1573,"color":"rgb(214,39,40)"}],"gender":[{"description":"Unknown/Left Blank","count":58,"tested":687,"color":"rgb(44,160,44)"},{"description":"Female","count":891,"tested":21007,"color":"rgb(255,127,14)"},{"description":"Male","count":780,"tested":16057,"color":"rgb(31,119,180)"}]}
