{"age":[{"age_group":"<20","count":365,"tested":2692},{"age_group":"20-29   ","count":378,"tested":3276},{"age_group":"30-39   ","count":354,"tested":2822},{"age_group":"40-49   ","count":324,"tested":2449},{"age_group":"50-59   ","count":342,"tested":3433},{"age_group":"60-69   ","count":271,"tested":3161},{"age_group":"70-79   ","count":153,"tested":2001},{"age_group":"80+","count":141,"tested":2652}],"race":[{"description":"Black","count":110,"tested":185,"color":"rgb(255,127,14)"},{"description":"Hispanic","count":291,"tested":1001,"color":"rgb(214,39,40)"},{"description":"White","count":912,"tested":8825,"color":"rgb(31,119,180)"},{"description":"Asian","count":113,"tested":382,"color":"rgb(140,86,75)"},{"description":"Other","count":113,"tested":253,"color":"rgb(148,103,189)"},{"description":"Left Blank","count":606,"tested":11822,"color":"rgb(44,160,44)"}],"gender":[{"description":"Female","count":901,"tested":12883,"color":"rgb(255,127,14)"},{"description":"Male","count":873,"tested":9191,"color":"rgb(31,119,180)"},{"description":"Unknown/Left Blank","count":106,"tested":422,"color":"rgb(44,160,44)"}]}
