{"age":[{"age_group":"<20","count":17,"tested":76},{"age_group":"20-29   ","count":15,"tested":53},{"age_group":"30-39   ","count":14,"tested":58},{"age_group":"40-49   ","count":14,"tested":85},{"age_group":"50-59   ","count":21,"tested":102},{"age_group":"60-69   ","count":17,"tested":125}],"race":[{"description":"White","count":57,"tested":430,"color":"rgb(31,119,180)"},{"description":"Left Blank","count":21,"tested":107,"color":"rgb(44,160,44)"}],"gender":[{"description":"Female","count":47,"tested":287,"color":"rgb(255,127,14)"},{"description":"Male","count":38,"tested":276,"color":"rgb(31,119,180)"}]}
