{"age":[{"age_group":"<20","count":76,"tested":441},{"age_group":"20-29   ","count":60,"tested":496},{"age_group":"30-39   ","count":53,"tested":438},{"age_group":"40-49   ","count":62,"tested":441},{"age_group":"50-59   ","count":62,"tested":575},{"age_group":"60-69   ","count":54,"tested":822},{"age_group":"70-79   ","count":49,"tested":624},{"age_group":"80+","count":57,"tested":941}],"race":[{"description":"White","count":159,"tested":1876,"color":"rgb(31,119,180)"},{"description":"Left Blank","count":162,"tested":2796,"color":"rgb(44,160,44)"},{"description":"Hispanic","count":36,"tested":64,"color":"rgb(214,39,40)"}],"gender":[{"description":"Male","count":150,"tested":1600,"color":"rgb(31,119,180)"},{"description":"Female","count":168,"tested":2930,"color":"rgb(255,127,14)"},{"description":"Unknown/Left Blank","count":40,"tested":253,"color":"rgb(44,160,44)"}]}
