{"age":[{"age_group":"20-29   ","count":21,"tested":136},{"age_group":"40-49   ","count":28,"tested":137},{"age_group":"50-59   ","count":25,"tested":139},{"age_group":"60-69   ","count":27,"tested":124}],"race":[{"description":"Left Blank","count":30,"tested":363,"color":"rgb(44,160,44)"},{"description":"White","count":51,"tested":534,"color":"rgb(31,119,180)"}],"gender":[{"description":"Male","count":39,"tested":308,"color":"rgb(31,119,180)"},{"description":"Female","count":45,"tested":596,"color":"rgb(255,127,14)"}]}
