{"age":[{"age_group":"<20","count":173,"tested":1265},{"age_group":"20-29   ","count":245,"tested":2387},{"age_group":"30-39   ","count":234,"tested":2304},{"age_group":"40-49   ","count":200,"tested":1926},{"age_group":"50-59   ","count":194,"tested":2058},{"age_group":"60-69   ","count":147,"tested":2090},{"age_group":"70-79   ","count":127,"tested":1407},{"age_group":"80+","count":138,"tested":1705}],"race":[{"description":"Asian","count":100,"tested":717,"color":"rgb(140,86,75)"},{"description":"Hispanic","count":182,"tested":606,"color":"rgb(214,39,40)"},{"description":"Black","count":125,"tested":708,"color":"rgb(255,127,14)"},{"description":"Other","count":76,"tested":389,"color":"rgb(148,103,189)"},{"description":"Left Blank","count":383,"tested":8353,"color":"rgb(44,160,44)"},{"description":"White","count":498,"tested":4368,"color":"rgb(31,119,180)"}],"gender":[{"description":"Female","count":609,"tested":9107,"color":"rgb(255,127,14)"},{"description":"Male","count":573,"tested":5709,"color":"rgb(31,119,180)"},{"description":"Unknown/Left Blank","count":51,"tested":341,"color":"rgb(44,160,44)"}]}
