{"age":[{"age_group":"<20","count":32,"tested":225},{"age_group":"20-29   ","count":34,"tested":273},{"age_group":"30-39   ","count":18,"tested":207},{"age_group":"40-49   ","count":17,"tested":251},{"age_group":"50-59   ","count":35,"tested":305},{"age_group":"60-69   ","count":31,"tested":317},{"age_group":"70-79   ","count":29,"tested":161},{"age_group":"80+","count":21,"tested":128}],"race":[{"description":"Left Blank","count":59,"tested":1132,"color":"rgb(44,160,44)"},{"description":"White","count":146,"tested":714,"color":"rgb(31,119,180)"}],"gender":[{"description":"Male","count":99,"tested":634,"color":"rgb(31,119,180)"},{"description":"Female","count":112,"tested":1185,"color":"rgb(255,127,14)"}]}
