{"age":[{"age_group":"<20","count":183,"tested":1753},{"age_group":"20-29   ","count":203,"tested":2719},{"age_group":"30-39   ","count":179,"tested":1913},{"age_group":"40-49   ","count":200,"tested":2417},{"age_group":"50-59   ","count":205,"tested":2134},{"age_group":"60-69   ","count":141,"tested":1620},{"age_group":"70-79   ","count":108,"tested":942},{"age_group":"80+","count":111,"tested":1613}],"race":[{"description":"Other","count":116,"tested":693,"color":"rgb(148,103,189)"},{"description":"Asian","count":120,"tested":1064,"color":"rgb(140,86,75)"},{"description":"Black","count":82,"tested":259,"color":"rgb(255,127,14)"},{"description":"Left Blank","count":266,"tested":7042,"color":"rgb(44,160,44)"},{"description":"White","count":392,"tested":5001,"color":"rgb(31,119,180)"},{"description":"Hispanic","count":223,"tested":885,"color":"rgb(214,39,40)"}],"gender":[{"description":"Female","count":485,"tested":8288,"color":"rgb(255,127,14)"},{"description":"Male","count":467,"tested":6464,"color":"rgb(31,119,180)"},{"description":"Unknown/Left Blank","count":68,"tested":366,"color":"rgb(44,160,44)"}]}
