{"age":[{"age_group":"<20","count":104,"tested":1161},{"age_group":"20-29   ","count":121,"tested":1318},{"age_group":"30-39   ","count":102,"tested":1289},{"age_group":"40-49   ","count":151,"tested":1600},{"age_group":"50-59   ","count":90,"tested":1162},{"age_group":"60-69   ","count":41,"tested":536},{"age_group":"70-79   ","count":21,"tested":252}],"race":[{"description":"White","count":153,"tested":2111,"color":"rgb(31,119,180)"},{"description":"Asian","count":50,"tested":566,"color":"rgb(140,86,75)"},{"description":"Hispanic","count":93,"tested":593,"color":"rgb(214,39,40)"},{"description":"Black","count":64,"tested":524,"color":"rgb(255,127,14)"},{"description":"Other","count":36,"tested":304,"color":"rgb(148,103,189)"},{"description":"Left Blank","count":225,"tested":3282,"color":"rgb(44,160,44)"}],"gender":[{"description":"Male","count":267,"tested":3224,"color":"rgb(31,119,180)"},{"description":"Female","count":307,"tested":4145,"color":"rgb(255,127,14)"}]}
