{"age":[{"age_group":"<20","count":237,"tested":1278},{"age_group":"20-29   ","count":263,"tested":1424},{"age_group":"30-39   ","count":247,"tested":1179},{"age_group":"40-49   ","count":237,"tested":1121},{"age_group":"50-59   ","count":272,"tested":1476},{"age_group":"60-69   ","count":198,"tested":1102},{"age_group":"70-79   ","count":164,"tested":811},{"age_group":"80+","count":150,"tested":987}],"race":[{"description":"Hispanic","count":146,"tested":231,"color":"rgb(214,39,40)"},{"description":"Left Blank","count":474,"tested":3816,"color":"rgb(44,160,44)"},{"description":"White","count":649,"tested":4767,"color":"rgb(31,119,180)"},{"description":"Black","count":95,"tested":79,"color":"rgb(255,127,14)"},{"description":"Other","count":141,"tested":460,"color":"rgb(148,103,189)"}],"gender":[{"description":"Female","count":609,"tested":5423,"color":"rgb(255,127,14)"},{"description":"Male","count":618,"tested":3845,"color":"rgb(31,119,180)"},{"description":"Unknown/Left Blank","count":103,"tested":110,"color":"rgb(44,160,44)"}]}
