{"age":[{"age_group":"<20","count":24,"tested":239},{"age_group":"20-29   ","count":37,"tested":332},{"age_group":"30-39   ","count":35,"tested":318},{"age_group":"40-49   ","count":27,"tested":253},{"age_group":"50-59   ","count":34,"tested":446},{"age_group":"60-69   ","count":31,"tested":355},{"age_group":"70-79   ","count":22,"tested":278},{"age_group":"80+","count":50,"tested":643}],"race":[{"description":"White","count":165,"tested":1296,"color":"rgb(31,119,180)"},{"description":"Left Blank","count":34,"tested":1476,"color":"rgb(44,160,44)"},{"description":"Other","count":15,"tested":65,"color":"rgb(148,103,189)"}],"gender":[{"description":"Female","count":127,"tested":2012,"color":"rgb(255,127,14)"},{"description":"Male","count":84,"tested":816,"color":"rgb(31,119,180)"}]}
