{"age":[{"age_group":"<20","count":207,"tested":2370},{"age_group":"20-29   ","count":252,"tested":3119},{"age_group":"30-39   ","count":264,"tested":2902},{"age_group":"40-49   ","count":266,"tested":3201},{"age_group":"50-59   ","count":271,"tested":3509},{"age_group":"60-69   ","count":235,"tested":3489},{"age_group":"70-79   ","count":151,"tested":1837},{"age_group":"80+","count":176,"tested":1882}],"race":[{"description":"Left Blank","count":346,"tested":6662,"color":"rgb(44,160,44)"},{"description":"Other","count":133,"tested":1028,"color":"rgb(148,103,189)"},{"description":"White","count":748,"tested":10795,"color":"rgb(31,119,180)"},{"description":"Asian","count":160,"tested":1911,"color":"rgb(140,86,75)"},{"description":"Hispanic","count":238,"tested":1579,"color":"rgb(214,39,40)"},{"description":"Black","count":71,"tested":270,"color":"rgb(255,127,14)"}],"gender":[{"description":"Female","count":751,"tested":13122,"color":"rgb(255,127,14)"},{"description":"Male","count":695,"tested":8994,"color":"rgb(31,119,180)"}]}
