{"age":[{"age_group":"<20","count":166,"tested":1044},{"age_group":"20-29   ","count":268,"tested":1864},{"age_group":"30-39   ","count":225,"tested":1841},{"age_group":"40-49   ","count":248,"tested":1821},{"age_group":"50-59   ","count":283,"tested":2010},{"age_group":"60-69   ","count":200,"tested":1701},{"age_group":"70-79   ","count":113,"tested":935},{"age_group":"80+","count":44,"tested":459}],"race":[{"description":"Black","count":601,"tested":4950,"color":"rgb(255,127,14)"},{"description":"Hispanic","count":268,"tested":1100,"color":"rgb(214,39,40)"},{"description":"White","count":136,"tested":742,"color":"rgb(31,119,180)"},{"description":"Other","count":67,"tested":402,"color":"rgb(148,103,189)"},{"description":"Left Blank","count":428,"tested":4447,"color":"rgb(44,160,44)"}],"gender":[{"description":"Unknown/Left Blank","count":23,"tested":202,"color":"rgb(44,160,44)"},{"description":"Male","count":678,"tested":4654,"color":"rgb(31,119,180)"},{"description":"Female","count":782,"tested":6822,"color":"rgb(255,127,14)"}]}
