{"age":[{"age_group":"<20","count":16,"tested":104},{"age_group":"20-29   ","count":18,"tested":271},{"age_group":"30-39   ","count":16,"tested":179},{"age_group":"40-49   ","count":16,"tested":113},{"age_group":"50-59   ","count":9,"tested":155},{"age_group":"60-69   ","count":9,"tested":134}],"race":[{"description":"White","count":14,"tested":260,"color":"rgb(31,119,180)"},{"description":"Left Blank","count":27,"tested":382,"color":"rgb(44,160,44)"},{"description":"Other","count":8,"tested":50,"color":"rgb(148,103,189)"},{"description":"Black","count":17,"tested":183,"color":"rgb(255,127,14)"},{"description":"Hispanic","count":15,"tested":109,"color":"rgb(214,39,40)"}],"gender":[{"description":"Male","count":38,"tested":549,"color":"rgb(31,119,180)"},{"description":"Female","count":39,"tested":469,"color":"rgb(255,127,14)"}]}
