{"age":[{"age_group":"<20","count":59,"tested":336},{"age_group":"20-29   ","count":59,"tested":207},{"age_group":"30-39   ","count":62,"tested":161},{"age_group":"40-49   ","count":58,"tested":117},{"age_group":"50-59   ","count":57,"tested":108},{"age_group":"60-69   ","count":59,"tested":142}],"race":[{"description":"Hispanic","count":78,"tested":225,"color":"rgb(214,39,40)"},{"description":"Left Blank","count":61,"tested":306,"color":"rgb(44,160,44)"},{"description":"White","count":78,"tested":615,"color":"rgb(31,119,180)"}],"gender":[{"description":"Male","count":83,"tested":594,"color":"rgb(31,119,180)"},{"description":"Female","count":89,"tested":606,"color":"rgb(255,127,14)"}]}
