{"age":[{"age_group":"<20","count":95,"tested":1482},{"age_group":"20-29   ","count":69,"tested":1093},{"age_group":"30-39   ","count":38,"tested":787},{"age_group":"40-49   ","count":60,"tested":1154},{"age_group":"50-59   ","count":62,"tested":1243},{"age_group":"60-69   ","count":50,"tested":1041},{"age_group":"70-79   ","count":23,"tested":598}],"race":[{"description":"Hispanic","count":32,"tested":293,"color":"rgb(214,39,40)"},{"description":"White","count":173,"tested":3759,"color":"rgb(31,119,180)"},{"description":"Left Blank","count":124,"tested":2469,"color":"rgb(44,160,44)"},{"description":"Other","count":26,"tested":360,"color":"rgb(148,103,189)"},{"description":"Black","count":36,"tested":464,"color":"rgb(255,127,14)"}],"gender":[{"description":"Female","count":185,"tested":4129,"color":"rgb(255,127,14)"},{"description":"Male","count":201,"tested":3387,"color":"rgb(31,119,180)"}]}
