{"age":[{"age_group":"<20","count":117,"tested":583},{"age_group":"20-29   ","count":155,"tested":1269},{"age_group":"30-39   ","count":138,"tested":1166},{"age_group":"40-49   ","count":127,"tested":1008},{"age_group":"50-59   ","count":115,"tested":1151},{"age_group":"60-69   ","count":106,"tested":1029},{"age_group":"70-79   ","count":50,"tested":567},{"age_group":"80+","count":36,"tested":237}],"race":[{"description":"Other","count":69,"tested":376,"color":"rgb(148,103,189)"},{"description":"White","count":251,"tested":1941,"color":"rgb(31,119,180)"},{"description":"Asian","count":34,"tested":98,"color":"rgb(140,86,75)"},{"description":"Hispanic","count":89,"tested":357,"color":"rgb(214,39,40)"},{"description":"Left Blank","count":339,"tested":4058,"color":"rgb(44,160,44)"},{"description":"Black","count":28,"tested":174,"color":"rgb(255,127,14)"}],"gender":[{"description":"Male","count":349,"tested":2834,"color":"rgb(31,119,180)"},{"description":"Female","count":390,"tested":3648,"color":"rgb(255,127,14)"}]}
