{"age":[{"age_group":"<20","count":131,"tested":1104},{"age_group":"20-29   ","count":137,"tested":1299},{"age_group":"30-39   ","count":115,"tested":1274},{"age_group":"40-49   ","count":128,"tested":1001},{"age_group":"50-59   ","count":130,"tested":1268},{"age_group":"60-69   ","count":79,"tested":997},{"age_group":"70-79   ","count":40,"tested":495},{"age_group":"80+","count":25,"tested":243}],"race":[{"description":"Other","count":32,"tested":165,"color":"rgb(148,103,189)"},{"description":"White","count":241,"tested":2858,"color":"rgb(31,119,180)"},{"description":"Asian","count":26,"tested":152,"color":"rgb(140,86,75)"},{"description":"Black","count":23,"tested":147,"color":"rgb(255,127,14)"},{"description":"Hispanic","count":230,"tested":875,"color":"rgb(214,39,40)"},{"description":"Left Blank","count":206,"tested":3472,"color":"rgb(44,160,44)"}],"gender":[{"description":"Female","count":359,"tested":4292,"color":"rgb(255,127,14)"},{"description":"Male","count":347,"tested":3335,"color":"rgb(31,119,180)"}]}
