{"age":[{"age_group":"<20","count":332,"tested":3476},{"age_group":"20-29   ","count":393,"tested":4423},{"age_group":"30-39   ","count":267,"tested":4391},{"age_group":"40-49   ","count":285,"tested":3778},{"age_group":"50-59   ","count":321,"tested":5840},{"age_group":"60-69   ","count":254,"tested":4560},{"age_group":"70-79   ","count":149,"tested":2744},{"age_group":"80+","count":144,"tested":3092}],"race":[{"description":"Left Blank","count":545,"tested":12785,"color":"rgb(44,160,44)"},{"description":"Other","count":106,"tested":535,"color":"rgb(148,103,189)"},{"description":"White","count":909,"tested":14080,"color":"rgb(31,119,180)"},{"description":"Black","count":82,"tested":466,"color":"rgb(255,127,14)"},{"description":"Hispanic","count":262,"tested":2148,"color":"rgb(214,39,40)"},{"description":"Asian","count":141,"tested":2229,"color":"rgb(140,86,75)"}],"gender":[{"description":"Female","count":965,"tested":18627,"color":"rgb(255,127,14)"},{"description":"Male","count":884,"tested":12302,"color":"rgb(31,119,180)"},{"description":"Unknown/Left Blank","count":61,"tested":1390,"color":"rgb(44,160,44)"}]}
