{"age":[{"age_group":"20-29   ","count":38,"tested":483},{"age_group":"30-39   ","count":86,"tested":580},{"age_group":"40-49   ","count":78,"tested":516},{"age_group":"50-59   ","count":61,"tested":511},{"age_group":"60-69   ","count":48,"tested":280},{"age_group":"70-79   ","count":10,"tested":78}],"race":[{"description":"Black","count":187,"tested":1251,"color":"rgb(255,127,14)"},{"description":"White","count":39,"tested":463,"color":"rgb(31,119,180)"},{"description":"Left Blank","count":51,"tested":484,"color":"rgb(44,160,44)"},{"description":"Hispanic","count":43,"tested":133,"color":"rgb(214,39,40)"}],"gender":[{"description":"Male","count":310,"tested":2288,"color":"rgb(31,119,180)"},{"description":"Female","count":11,"tested":208,"color":"rgb(255,127,14)"}]}
