{"age":[{"age_group":"<20","count":15,"tested":238},{"age_group":"20-29   ","count":19,"tested":156},{"age_group":"30-39   ","count":15,"tested":164},{"age_group":"40-49   ","count":26,"tested":148},{"age_group":"50-59   ","count":25,"tested":201},{"age_group":"60-69   ","count":19,"tested":169},{"age_group":"70-79   ","count":12,"tested":111}],"race":[{"description":"White","count":79,"tested":823,"color":"rgb(31,119,180)"},{"description":"Left Blank","count":27,"tested":362,"color":"rgb(44,160,44)"}],"gender":[{"description":"Male","count":51,"tested":492,"color":"rgb(31,119,180)"},{"description":"Female","count":59,"tested":736,"color":"rgb(255,127,14)"}]}
