{"age":[{"age_group":"<20","count":220,"tested":2471},{"age_group":"20-29   ","count":218,"tested":1697},{"age_group":"30-39   ","count":184,"tested":1733},{"age_group":"40-49   ","count":208,"tested":1762},{"age_group":"50-59   ","count":246,"tested":1678},{"age_group":"60-69   ","count":155,"tested":1290},{"age_group":"70-79   ","count":78,"tested":776},{"age_group":"80+","count":40,"tested":643}],"race":[{"description":"Asian","count":29,"tested":102,"color":"rgb(140,86,75)"},{"description":"Left Blank","count":327,"tested":4465,"color":"rgb(44,160,44)"},{"description":"White","count":759,"tested":6724,"color":"rgb(31,119,180)"},{"description":"Black","count":41,"tested":189,"color":"rgb(255,127,14)"},{"description":"Other","count":44,"tested":179,"color":"rgb(148,103,189)"},{"description":"Hispanic","count":108,"tested":381,"color":"rgb(214,39,40)"}],"gender":[{"description":"Male","count":587,"tested":5200,"color":"rgb(31,119,180)"},{"description":"Female","count":640,"tested":6750,"color":"rgb(255,127,14)"}]}
