{"age":[{"age_group":"<20","count":89,"tested":510},{"age_group":"20-29   ","count":77,"tested":1081},{"age_group":"30-39   ","count":61,"tested":857},{"age_group":"40-49   ","count":87,"tested":1148},{"age_group":"50-59   ","count":89,"tested":893},{"age_group":"60-69   ","count":102,"tested":1228},{"age_group":"70-79   ","count":111,"tested":1314},{"age_group":"80+","count":123,"tested":1203}],"race":[{"description":"Black","count":36,"tested":81,"color":"rgb(255,127,14)"},{"description":"Asian","count":75,"tested":491,"color":"rgb(140,86,75)"},{"description":"Hispanic","count":50,"tested":116,"color":"rgb(214,39,40)"},{"description":"Other","count":55,"tested":400,"color":"rgb(148,103,189)"},{"description":"White","count":237,"tested":2246,"color":"rgb(31,119,180)"},{"description":"Left Blank","count":232,"tested":4883,"color":"rgb(44,160,44)"}],"gender":[{"description":"Male","count":274,"tested":3426,"color":"rgb(31,119,180)"},{"description":"Female","count":303,"tested":4783,"color":"rgb(255,127,14)"}]}
