{"age":[{"age_group":"<20","count":19,"tested":131},{"age_group":"20-29   ","count":17,"tested":64},{"age_group":"30-39   ","count":17,"tested":89},{"age_group":"40-49   ","count":14,"tested":67},{"age_group":"50-59   ","count":18,"tested":107},{"age_group":"60-69   ","count":20,"tested":94},{"age_group":"70-79   ","count":11,"tested":49}],"race":[{"description":"White","count":93,"tested":373,"color":"rgb(31,119,180)"},{"description":"Left Blank","count":23,"tested":226,"color":"rgb(44,160,44)"}],"gender":[{"description":"Female","count":62,"tested":317,"color":"rgb(255,127,14)"},{"description":"Male","count":55,"tested":298,"color":"rgb(31,119,180)"}]}
