{"age":[{"age_group":"20-29   ","count":17,"tested":74},{"age_group":"30-39   ","count":26,"tested":78},{"age_group":"40-49   ","count":23,"tested":74},{"age_group":"50-59   ","count":22,"tested":81},{"age_group":"60-69   ","count":21,"tested":55}],"race":[{"description":"White","count":60,"tested":255,"color":"rgb(31,119,180)"},{"description":"Left Blank","count":35,"tested":209,"color":"rgb(44,160,44)"}],"gender":[{"description":"Female","count":53,"tested":263,"color":"rgb(255,127,14)"},{"description":"Male","count":43,"tested":209,"color":"rgb(31,119,180)"}]}
