{"age":[{"age_group":"<20","count":362,"tested":2111},{"age_group":"20-29   ","count":401,"tested":3002},{"age_group":"30-39   ","count":402,"tested":3051},{"age_group":"40-49   ","count":409,"tested":2733},{"age_group":"50-59   ","count":413,"tested":3088},{"age_group":"60-69   ","count":308,"tested":3099},{"age_group":"70-79   ","count":225,"tested":1805},{"age_group":"80+","count":195,"tested":1363}],"race":[{"description":"Asian","count":179,"tested":917,"color":"rgb(140,86,75)"},{"description":"Hispanic","count":647,"tested":2429,"color":"rgb(214,39,40)"},{"description":"Black","count":145,"tested":323,"color":"rgb(255,127,14)"},{"description":"White","count":733,"tested":7234,"color":"rgb(31,119,180)"},{"description":"Left Blank","count":582,"tested":8822,"color":"rgb(44,160,44)"},{"description":"Other","count":203,"tested":491,"color":"rgb(148,103,189)"}],"gender":[{"description":"Male","count":1022,"tested":8685,"color":"rgb(31,119,180)"},{"description":"Unknown/Left Blank","count":122,"tested":443,"color":"rgb(44,160,44)"},{"description":"Female","count":1006,"tested":11129,"color":"rgb(255,127,14)"}]}
