{"age":[{"age_group":"<20","count":92,"tested":240},{"age_group":"20-29   ","count":89,"tested":281},{"age_group":"30-39   ","count":92,"tested":288},{"age_group":"40-49   ","count":91,"tested":326},{"age_group":"50-59   ","count":98,"tested":388},{"age_group":"60-69   ","count":86,"tested":313},{"age_group":"70-79   ","count":83,"tested":192},{"age_group":"80+","count":77,"tested":169}],"race":[{"description":"White","count":117,"tested":719,"color":"rgb(31,119,180)"},{"description":"Left Blank","count":159,"tested":1438,"color":"rgb(44,160,44)"}],"gender":[{"description":"Male","count":132,"tested":809,"color":"rgb(31,119,180)"},{"description":"Female","count":149,"tested":1361,"color":"rgb(255,127,14)"}]}
