{"age":[{"age_group":"<20","count":596,"tested":3618},{"age_group":"20-29   ","count":695,"tested":5395},{"age_group":"30-39   ","count":637,"tested":4470},{"age_group":"40-49   ","count":628,"tested":4543},{"age_group":"50-59   ","count":591,"tested":5444},{"age_group":"60-69   ","count":400,"tested":4510},{"age_group":"70-79   ","count":231,"tested":2001},{"age_group":"80+","count":156,"tested":1262}],"race":[{"description":"Black","count":110,"tested":376,"color":"rgb(255,127,14)"},{"description":"Asian","count":195,"tested":746,"color":"rgb(140,86,75)"},{"description":"Hispanic","count":1539,"tested":4881,"color":"rgb(214,39,40)"},{"description":"White","count":819,"tested":6406,"color":"rgb(31,119,180)"},{"description":"Other","count":156,"tested":713,"color":"rgb(148,103,189)"},{"description":"Left Blank","count":952,"tested":18085,"color":"rgb(44,160,44)"}],"gender":[{"description":"Female","count":1696,"tested":17102,"color":"rgb(255,127,14)"},{"description":"Male","count":1756,"tested":13612,"color":"rgb(31,119,180)"},{"description":"Unknown/Left Blank","count":87,"tested":533,"color":"rgb(44,160,44)"}]}
