{"age":[{"age_group":"<20","count":186,"tested":1316},{"age_group":"20-29   ","count":177,"tested":1069},{"age_group":"30-39   ","count":156,"tested":992},{"age_group":"40-49   ","count":169,"tested":915},{"age_group":"50-59   ","count":150,"tested":851},{"age_group":"60-69   ","count":108,"tested":599},{"age_group":"70-79   ","count":71,"tested":279},{"age_group":"80+","count":53,"tested":123}],"race":[{"description":"White","count":523,"tested":4093,"color":"rgb(31,119,180)"},{"description":"Left Blank","count":260,"tested":1605,"color":"rgb(44,160,44)"},{"description":"Other","count":72,"tested":281,"color":"rgb(148,103,189)"},{"description":"Hispanic","count":53,"tested":118,"color":"rgb(214,39,40)"}],"gender":[{"description":"Male","count":406,"tested":2552,"color":"rgb(31,119,180)"},{"description":"Female","count":420,"tested":3551,"color":"rgb(255,127,14)"}]}
