{"age":[{"age_group":"<20","count":49,"tested":174},{"age_group":"20-29   ","count":40,"tested":214},{"age_group":"30-39   ","count":39,"tested":215},{"age_group":"40-49   ","count":33,"tested":108},{"age_group":"50-59   ","count":40,"tested":162},{"age_group":"60-69   ","count":39,"tested":189},{"age_group":"70-79   ","count":31,"tested":169},{"age_group":"80+","count":27,"tested":133}],"race":[{"description":"White","count":141,"tested":1062,"color":"rgb(31,119,180)"},{"description":"Hispanic","count":25,"tested":23,"color":"rgb(214,39,40)"},{"description":"Left Blank","count":30,"tested":233,"color":"rgb(44,160,44)"}],"gender":[{"description":"Female","count":90,"tested":812,"color":"rgb(255,127,14)"},{"description":"Male","count":94,"tested":540,"color":"rgb(31,119,180)"}]}
