{"age":[{"age_group":"<20","count":522,"tested":4611},{"age_group":"20-29   ","count":688,"tested":7279},{"age_group":"30-39   ","count":641,"tested":7241},{"age_group":"40-49   ","count":564,"tested":7012},{"age_group":"50-59   ","count":544,"tested":7312},{"age_group":"60-69   ","count":458,"tested":6501},{"age_group":"70-79   ","count":197,"tested":3146},{"age_group":"80+","count":174,"tested":2117}],"race":[{"description":"Hispanic","count":699,"tested":2759,"color":"rgb(214,39,40)"},{"description":"Asian","count":330,"tested":1884,"color":"rgb(140,86,75)"},{"description":"Left Blank","count":940,"tested":26314,"color":"rgb(44,160,44)"},{"description":"White","count":944,"tested":8672,"color":"rgb(31,119,180)"},{"description":"Black","count":400,"tested":3111,"color":"rgb(255,127,14)"},{"description":"Other","count":384,"tested":2382,"color":"rgb(148,103,189)"},{"description":"AI/AN**","count":48,"tested":59,"color":"rgb(31,119,180)"}],"gender":[{"description":"Unknown/Left Blank","count":62,"tested":2295,"color":"rgb(44,160,44)"},{"description":"Male","count":1721,"tested":18869,"color":"rgb(31,119,180)"},{"description":"Female","count":1805,"tested":24074,"color":"rgb(255,127,14)"}]}
