{"age":[{"age_group":"<20","count":47,"tested":287},{"age_group":"20-29   ","count":38,"tested":244},{"age_group":"30-39   ","count":46,"tested":245},{"age_group":"40-49   ","count":41,"tested":164},{"age_group":"50-59   ","count":41,"tested":219},{"age_group":"60-69   ","count":30,"tested":195},{"age_group":"70-79   ","count":21,"tested":79},{"age_group":"80+","count":25,"tested":63}],"race":[{"description":"Hispanic","count":25,"tested":21,"color":"rgb(214,39,40)"},{"description":"Left Blank","count":71,"tested":536,"color":"rgb(44,160,44)"},{"description":"White","count":114,"tested":874,"color":"rgb(31,119,180)"}],"gender":[{"description":"Female","count":112,"tested":856,"color":"rgb(255,127,14)"},{"description":"Male","count":86,"tested":616,"color":"rgb(31,119,180)"}]}
