{"age":[{"age_group":"<20","count":41,"tested":287},{"age_group":"20-29   ","count":45,"tested":350},{"age_group":"30-39   ","count":28,"tested":262},{"age_group":"40-49   ","count":30,"tested":316},{"age_group":"50-59   ","count":47,"tested":370},{"age_group":"60-69   ","count":39,"tested":383},{"age_group":"70-79   ","count":36,"tested":192},{"age_group":"80+","count":26,"tested":139}],"race":[{"description":"White","count":184,"tested":940,"color":"rgb(31,119,180)"},{"description":"Left Blank","count":69,"tested":1332,"color":"rgb(44,160,44)"}],"gender":[{"description":"Male","count":124,"tested":765,"color":"rgb(31,119,180)"},{"description":"Female","count":138,"tested":1478,"color":"rgb(255,127,14)"}]}
