{"age":[{"age_group":"<20","count":246,"tested":1037},{"age_group":"20-29   ","count":353,"tested":1990},{"age_group":"30-39   ","count":302,"tested":1849},{"age_group":"40-49   ","count":293,"tested":1663},{"age_group":"50-59   ","count":266,"tested":1719},{"age_group":"60-69   ","count":213,"tested":1833},{"age_group":"70-79   ","count":183,"tested":1236},{"age_group":"80+","count":191,"tested":1097}],"race":[{"description":"Left Blank","count":502,"tested":6070,"color":"rgb(44,160,44)"},{"description":"Other","count":154,"tested":642,"color":"rgb(148,103,189)"},{"description":"Black","count":337,"tested":1954,"color":"rgb(255,127,14)"},{"description":"Hispanic","count":470,"tested":1357,"color":"rgb(214,39,40)"},{"description":"White","count":291,"tested":2277,"color":"rgb(31,119,180)"},{"description":"AI/AN**","count":112,"tested":68,"color":"rgb(31,119,180)"}],"gender":[{"description":"Female","count":843,"tested":7414,"color":"rgb(255,127,14)"},{"description":"Male","count":672,"tested":4791,"color":"rgb(31,119,180)"}]}
