{"age":[{"age_group":"<20","count":546,"tested":4929},{"age_group":"20-29   ","count":502,"tested":4917},{"age_group":"30-39   ","count":329,"tested":3219},{"age_group":"40-49   ","count":434,"tested":4134},{"age_group":"50-59   ","count":517,"tested":5416},{"age_group":"60-69   ","count":284,"tested":3018},{"age_group":"70-79   ","count":190,"tested":1713},{"age_group":"80+","count":160,"tested":1166}],"race":[{"description":"Black","count":187,"tested":931,"color":"rgb(255,127,14)"},{"description":"Asian","count":275,"tested":2690,"color":"rgb(140,86,75)"},{"description":"Other","count":183,"tested":1122,"color":"rgb(148,103,189)"},{"description":"White","count":836,"tested":9475,"color":"rgb(31,119,180)"},{"description":"Left Blank","count":1025,"tested":13570,"color":"rgb(44,160,44)"},{"description":"Hispanic","count":201,"tested":656,"color":"rgb(214,39,40)"}],"gender":[{"description":"Female","count":1113,"tested":15897,"color":"rgb(255,127,14)"},{"description":"Male","count":1073,"tested":12450,"color":"rgb(31,119,180)"},{"description":"Unknown/Left Blank","count":146,"tested":172,"color":"rgb(44,160,44)"}]}
