{"age":[{"age_group":"<20","count":48,"tested":407},{"age_group":"20-29   ","count":57,"tested":518},{"age_group":"30-39   ","count":43,"tested":416},{"age_group":"40-49   ","count":48,"tested":461},{"age_group":"50-59   ","count":36,"tested":441},{"age_group":"60-69   ","count":36,"tested":432},{"age_group":"70-79   ","count":29,"tested":184}],"race":[{"description":"White","count":155,"tested":2059,"color":"rgb(31,119,180)"},{"description":"Left Blank","count":62,"tested":823,"color":"rgb(44,160,44)"}],"gender":[{"description":"Female","count":124,"tested":2137,"color":"rgb(255,127,14)"},{"description":"Male","count":101,"tested":808,"color":"rgb(31,119,180)"}]}
