{"age":[{"age_group":"<20","count":621,"tested":3157},{"age_group":"20-29   ","count":608,"tested":3141},{"age_group":"30-39   ","count":489,"tested":2526},{"age_group":"40-49   ","count":612,"tested":2934},{"age_group":"50-59   ","count":749,"tested":3896},{"age_group":"60-69   ","count":506,"tested":2673},{"age_group":"70-79   ","count":355,"tested":1487},{"age_group":"80+","count":284,"tested":588}],"race":[{"description":"Black","count":344,"tested":968,"color":"rgb(255,127,14)"},{"description":"Asian","count":271,"tested":215,"color":"rgb(140,86,75)"},{"description":"Other","count":326,"tested":682,"color":"rgb(148,103,189)"},{"description":"White","count":1292,"tested":8529,"color":"rgb(31,119,180)"},{"description":"Left Blank","count":1189,"tested":9601,"color":"rgb(44,160,44)"},{"description":"Hispanic","count":318,"tested":391,"color":"rgb(214,39,40)"}],"gender":[{"description":"Female","count":1425,"tested":10879,"color":"rgb(255,127,14)"},{"description":"Male","count":1344,"tested":9338,"color":"rgb(31,119,180)"}]}
