{"age":[{"age_group":"<20","count":174,"tested":918},{"age_group":"20-29   ","count":173,"tested":1257},{"age_group":"30-39   ","count":157,"tested":902},{"age_group":"40-49   ","count":179,"tested":1186},{"age_group":"50-59   ","count":204,"tested":1282},{"age_group":"60-69   ","count":157,"tested":1105},{"age_group":"70-79   ","count":150,"tested":856},{"age_group":"80+","count":219,"tested":1992}],"race":[{"description":"Hispanic","count":125,"tested":107,"color":"rgb(214,39,40)"},{"description":"White","count":451,"tested":3411,"color":"rgb(31,119,180)"},{"description":"Left Blank","count":308,"tested":5774,"color":"rgb(44,160,44)"},{"description":"Asian","count":109,"tested":70,"color":"rgb(140,86,75)"},{"description":"Other","count":114,"tested":100,"color":"rgb(148,103,189)"}],"gender":[{"description":"Female","count":432,"tested":5819,"color":"rgb(255,127,14)"},{"description":"Unknown/Left Blank","count":108,"tested":326,"color":"rgb(44,160,44)"},{"description":"Male","count":368,"tested":3353,"color":"rgb(31,119,180)"}]}
