{"age":[{"age_group":"<20","count":35,"tested":329},{"age_group":"20-29   ","count":40,"tested":270},{"age_group":"30-39   ","count":37,"tested":235},{"age_group":"40-49   ","count":32,"tested":182},{"age_group":"50-59   ","count":33,"tested":354},{"age_group":"60-69   ","count":27,"tested":165},{"age_group":"80+","count":20,"tested":55}],"race":[{"description":"Left Blank","count":39,"tested":461,"color":"rgb(44,160,44)"},{"description":"White","count":119,"tested":1155,"color":"rgb(31,119,180)"},{"description":"Hispanic","count":18,"tested":17,"color":"rgb(214,39,40)"}],"gender":[{"description":"Female","count":83,"tested":1121,"color":"rgb(255,127,14)"},{"description":"Male","count":82,"tested":514,"color":"rgb(31,119,180)"}]}
