{"age":[{"age_group":"<20","count":18,"tested":159},{"age_group":"20-29   ","count":19,"tested":157},{"age_group":"30-39   ","count":16,"tested":177},{"age_group":"40-49   ","count":18,"tested":125},{"age_group":"50-59   ","count":9,"tested":105},{"age_group":"60-69   ","count":9,"tested":128}],"race":[{"description":"Left Blank","count":26,"tested":308,"color":"rgb(44,160,44)"},{"description":"Hispanic","count":15,"tested":57,"color":"rgb(214,39,40)"},{"description":"White","count":42,"tested":538,"color":"rgb(31,119,180)"}],"gender":[{"description":"Male","count":37,"tested":408,"color":"rgb(31,119,180)"},{"description":"Female","count":46,"tested":518,"color":"rgb(255,127,14)"}]}
