{"age":[{"age_group":"<20","count":517,"tested":2802},{"age_group":"20-29   ","count":603,"tested":3362},{"age_group":"30-39   ","count":586,"tested":3637},{"age_group":"40-49   ","count":592,"tested":3189},{"age_group":"50-59   ","count":625,"tested":3519},{"age_group":"60-69   ","count":447,"tested":2625},{"age_group":"70-79   ","count":301,"tested":1281},{"age_group":"80+","count":255,"tested":747}],"race":[{"description":"Other","count":264,"tested":515,"color":"rgb(148,103,189)"},{"description":"Black","count":249,"tested":183,"color":"rgb(255,127,14)"},{"description":"White","count":1303,"tested":9316,"color":"rgb(31,119,180)"},{"description":"Asian","count":243,"tested":133,"color":"rgb(140,86,75)"},{"description":"Left Blank","count":1137,"tested":10621,"color":"rgb(44,160,44)"},{"description":"Hispanic","count":277,"tested":382,"color":"rgb(214,39,40)"}],"gender":[{"description":"Unknown/Left Blank","count":237,"tested":127,"color":"rgb(44,160,44)"},{"description":"Male","count":1259,"tested":9408,"color":"rgb(31,119,180)"},{"description":"Female","count":1300,"tested":11631,"color":"rgb(255,127,14)"}]}
