{"age":[{"age_group":"<20","count":112,"tested":1036},{"age_group":"20-29   ","count":164,"tested":1397},{"age_group":"30-39   ","count":157,"tested":1340},{"age_group":"40-49   ","count":135,"tested":1220},{"age_group":"50-59   ","count":137,"tested":1477},{"age_group":"60-69   ","count":132,"tested":1412},{"age_group":"70-79   ","count":80,"tested":800},{"age_group":"80+","count":66,"tested":441}],"race":[{"description":"Hispanic","count":144,"tested":522,"color":"rgb(214,39,40)"},{"description":"Left Blank","count":234,"tested":5272,"color":"rgb(44,160,44)"},{"description":"White","count":436,"tested":2740,"color":"rgb(31,119,180)"},{"description":"Other","count":48,"tested":184,"color":"rgb(148,103,189)"},{"description":"Asian","count":51,"tested":309,"color":"rgb(140,86,75)"},{"description":"Black","count":30,"tested":95,"color":"rgb(255,127,14)"}],"gender":[{"description":"Female","count":435,"tested":5153,"color":"rgb(255,127,14)"},{"description":"Male","count":433,"tested":3793,"color":"rgb(31,119,180)"}]}
