{"age":[{"age_group":"<20","count":1062,"tested":5626},{"age_group":"20-29   ","count":1377,"tested":9332},{"age_group":"30-39   ","count":1334,"tested":9261},{"age_group":"40-49   ","count":1400,"tested":8353},{"age_group":"50-59   ","count":1084,"tested":7328},{"age_group":"60-69   ","count":684,"tested":5504},{"age_group":"70-79   ","count":386,"tested":3087},{"age_group":"80+","count":246,"tested":1624}],"race":[{"description":"Hispanic","count":3013,"tested":13379,"color":"rgb(214,39,40)"},{"description":"Left Blank","count":1910,"tested":18318,"color":"rgb(44,160,44)"},{"description":"Other","count":666,"tested":4164,"color":"rgb(148,103,189)"},{"description":"White","count":1165,"tested":11421,"color":"rgb(31,119,180)"},{"description":"Black","count":396,"tested":2276,"color":"rgb(255,127,14)"},{"description":"Asian","count":171,"tested":523,"color":"rgb(140,86,75)"}],"gender":[{"description":"Male","count":3194,"tested":21363,"color":"rgb(31,119,180)"},{"description":"Female","count":3590,"tested":27696,"color":"rgb(255,127,14)"},{"description":"Unknown/Left Blank","count":166,"tested":1076,"color":"rgb(44,160,44)"}]}
