{"age":[{"age_group":"<20","count":219,"tested":1957},{"age_group":"20-29   ","count":198,"tested":2405},{"age_group":"30-39   ","count":201,"tested":2813},{"age_group":"40-49   ","count":199,"tested":2893},{"age_group":"50-59   ","count":199,"tested":2952},{"age_group":"60-69   ","count":144,"tested":2359},{"age_group":"70-79   ","count":71,"tested":1230},{"age_group":"80+","count":51,"tested":2147}],"race":[{"description":"Black","count":67,"tested":1105,"color":"rgb(255,127,14)"},{"description":"Asian","count":43,"tested":299,"color":"rgb(140,86,75)"},{"description":"Hispanic","count":237,"tested":2188,"color":"rgb(214,39,40)"},{"description":"Left Blank","count":370,"tested":5625,"color":"rgb(44,160,44)"},{"description":"White","count":410,"tested":8752,"color":"rgb(31,119,180)"},{"description":"Other","count":90,"tested":766,"color":"rgb(148,103,189)"}],"gender":[{"description":"Female","count":580,"tested":11441,"color":"rgb(255,127,14)"},{"description":"Male","count":510,"tested":6964,"color":"rgb(31,119,180)"},{"description":"Unknown/Left Blank","count":38,"tested":359,"color":"rgb(44,160,44)"}]}
