{"age":[{"age_group":"<20","count":476,"tested":2842},{"age_group":"20-29   ","count":494,"tested":4484},{"age_group":"30-39   ","count":463,"tested":3745},{"age_group":"40-49   ","count":441,"tested":3194},{"age_group":"50-59   ","count":514,"tested":3491},{"age_group":"60-69   ","count":310,"tested":2221},{"age_group":"70-79   ","count":266,"tested":1995},{"age_group":"80+","count":280,"tested":3146}],"race":[{"description":"Other","count":218,"tested":349,"color":"rgb(148,103,189)"},{"description":"Black","count":216,"tested":407,"color":"rgb(255,127,14)"},{"description":"Asian","count":257,"tested":831,"color":"rgb(140,86,75)"},{"description":"Hispanic","count":471,"tested":1360,"color":"rgb(214,39,40)"},{"description":"Left Blank","count":910,"tested":16204,"color":"rgb(44,160,44)"},{"description":"White","count":821,"tested":5935,"color":"rgb(31,119,180)"}],"gender":[{"description":"Unknown/Left Blank","count":216,"tested":570,"color":"rgb(44,160,44)"},{"description":"Female","count":1095,"tested":15552,"color":"rgb(255,127,14)"},{"description":"Male","count":1068,"tested":9001,"color":"rgb(31,119,180)"}]}
