{"age":[{"age_group":"<20","count":56,"tested":492},{"age_group":"20-29   ","count":92,"tested":901},{"age_group":"30-39   ","count":86,"tested":780},{"age_group":"40-49   ","count":70,"tested":929},{"age_group":"50-59   ","count":65,"tested":724},{"age_group":"60-69   ","count":41,"tested":506},{"age_group":"70-79   ","count":27,"tested":240},{"age_group":"80+","count":13,"tested":79}],"race":[{"description":"Hispanic","count":12,"tested":73,"color":"rgb(214,39,40)"},{"description":"Left Blank","count":132,"tested":1674,"color":"rgb(44,160,44)"},{"description":"Other","count":13,"tested":88,"color":"rgb(148,103,189)"},{"description":"Black","count":266,"tested":2706,"color":"rgb(255,127,14)"},{"description":"White","count":17,"tested":101,"color":"rgb(31,119,180)"}],"gender":[{"description":"Male","count":162,"tested":1585,"color":"rgb(31,119,180)"},{"description":"Female","count":265,"tested":2974,"color":"rgb(255,127,14)"}]}
