{"age":[{"age_group":"<20","count":268,"tested":2231},{"age_group":"20-29   ","count":231,"tested":2095},{"age_group":"30-39   ","count":274,"tested":2157},{"age_group":"40-49   ","count":296,"tested":2278},{"age_group":"50-59   ","count":192,"tested":1776},{"age_group":"60-69   ","count":120,"tested":1344},{"age_group":"70-79   ","count":53,"tested":957},{"age_group":"80+","count":17,"tested":775}],"race":[{"description":"Other","count":56,"tested":501,"color":"rgb(148,103,189)"},{"description":"Black","count":24,"tested":217,"color":"rgb(255,127,14)"},{"description":"Left Blank","count":449,"tested":4762,"color":"rgb(44,160,44)"},{"description":"White","count":760,"tested":7202,"color":"rgb(31,119,180)"},{"description":"Hispanic","count":156,"tested":855,"color":"rgb(214,39,40)"}],"gender":[{"description":"Female","count":755,"tested":7784,"color":"rgb(255,127,14)"},{"description":"Male","count":686,"tested":5327,"color":"rgb(31,119,180)"},{"description":"Unknown/Left Blank","count":10,"tested":503,"color":"rgb(44,160,44)"}]}
