{"age":[{"age_group":"<20","count":461,"tested":4115},{"age_group":"20-29   ","count":553,"tested":4873},{"age_group":"30-39   ","count":423,"tested":3918},{"age_group":"40-49   ","count":441,"tested":3491},{"age_group":"50-59   ","count":328,"tested":3476},{"age_group":"60-69   ","count":264,"tested":2353},{"age_group":"70-79   ","count":139,"tested":1481},{"age_group":"80+","count":56,"tested":623}],"race":[{"description":"White","count":1081,"tested":7980,"color":"rgb(31,119,180)"},{"description":"Other","count":62,"tested":556,"color":"rgb(148,103,189)"},{"description":"Left Blank","count":421,"tested":10993,"color":"rgb(44,160,44)"},{"description":"Black","count":246,"tested":1732,"color":"rgb(255,127,14)"},{"description":"Hispanic","count":773,"tested":2732,"color":"rgb(214,39,40)"},{"description":"Asian","count":78,"tested":317,"color":"rgb(140,86,75)"}],"gender":[{"description":"Female","count":1438,"tested":14117,"color":"rgb(255,127,14)"},{"description":"Unknown/Left Blank","count":17,"tested":386,"color":"rgb(44,160,44)"},{"description":"Male","count":1210,"tested":9828,"color":"rgb(31,119,180)"}]}
