{"age":[{"age_group":"<20","count":557,"tested":4640},{"age_group":"20-29   ","count":478,"tested":4334},{"age_group":"30-39   ","count":341,"tested":3455},{"age_group":"40-49   ","count":523,"tested":4106},{"age_group":"50-59   ","count":674,"tested":5349},{"age_group":"60-69   ","count":371,"tested":3768},{"age_group":"70-79   ","count":163,"tested":2078},{"age_group":"80+","count":60,"tested":842}],"race":[{"description":"Black","count":138,"tested":1423,"color":"rgb(255,127,14)"},{"description":"Asian","count":39,"tested":325,"color":"rgb(140,86,75)"},{"description":"Other","count":99,"tested":907,"color":"rgb(148,103,189)"},{"description":"Left Blank","count":1161,"tested":12743,"color":"rgb(44,160,44)"},{"description":"White","count":1609,"tested":12535,"color":"rgb(31,119,180)"},{"description":"Hispanic","count":118,"tested":617,"color":"rgb(214,39,40)"}],"gender":[{"description":"Female","count":1614,"tested":15107,"color":"rgb(255,127,14)"},{"description":"Male","count":1533,"tested":13104,"color":"rgb(31,119,180)"},{"description":"Unknown/Left Blank","count":20,"tested":364,"color":"rgb(44,160,44)"}]}
