{"age":[{"age_group":"<20","count":348,"tested":2995},{"age_group":"20-29   ","count":268,"tested":3435},{"age_group":"30-39   ","count":209,"tested":2792},{"age_group":"40-49   ","count":333,"tested":3638},{"age_group":"50-59   ","count":315,"tested":4029},{"age_group":"60-69   ","count":134,"tested":2182},{"age_group":"70-79   ","count":42,"tested":930},{"age_group":"80+","count":22,"tested":342}],"race":[{"description":"Black","count":221,"tested":2233,"color":"rgb(255,127,14)"},{"description":"Asian","count":166,"tested":1941,"color":"rgb(140,86,75)"},{"description":"Hispanic","count":228,"tested":1394,"color":"rgb(214,39,40)"},{"description":"White","count":451,"tested":4896,"color":"rgb(31,119,180)"},{"description":"Left Blank","count":520,"tested":8913,"color":"rgb(44,160,44)"},{"description":"Other","count":76,"tested":891,"color":"rgb(148,103,189)"},{"description":"NH/PI*","count":6,"tested":21,"color":"rgb(127,127,127)"}],"gender":[{"description":"Female","count":831,"tested":11066,"color":"rgb(255,127,14)"},{"description":"Unknown/Left Blank","count":26,"tested":270,"color":"rgb(44,160,44)"},{"description":"Male","count":814,"tested":9009,"color":"rgb(31,119,180)"}]}
