{"age":[{"age_group":"<20","count":239,"tested":1858},{"age_group":"20-29   ","count":214,"tested":1745},{"age_group":"30-39   ","count":187,"tested":1569},{"age_group":"40-49   ","count":241,"tested":1776},{"age_group":"50-59   ","count":206,"tested":1850},{"age_group":"60-69   ","count":138,"tested":1212},{"age_group":"70-79   ","count":51,"tested":683},{"age_group":"80+","count":22,"tested":315}],"race":[{"description":"Other","count":30,"tested":357,"color":"rgb(148,103,189)"},{"description":"Left Blank","count":417,"tested":3639,"color":"rgb(44,160,44)"},{"description":"Hispanic","count":85,"tested":473,"color":"rgb(214,39,40)"},{"description":"White","count":753,"tested":6347,"color":"rgb(31,119,180)"},{"description":"Asian","count":6,"tested":57,"color":"rgb(140,86,75)"},{"description":"Black","count":6,"tested":120,"color":"rgb(255,127,14)"}],"gender":[{"description":"Female","count":668,"tested":5880,"color":"rgb(255,127,14)"},{"description":"Unknown/Left Blank","count":10,"tested":142,"color":"rgb(44,160,44)"},{"description":"Male","count":620,"tested":4986,"color":"rgb(31,119,180)"}]}
