{"age":[{"age_group":"30-39   ","count":7,"tested":449},{"age_group":"40-49   ","count":6,"tested":359},{"age_group":"50-59   ","count":14,"tested":450},{"age_group":"60-69   ","count":14,"tested":530},{"age_group":"70-79   ","count":12,"tested":640},{"age_group":"80+","count":8,"tested":130}],"race":[{"description":"Left Blank","count":16,"tested":228,"color":"rgb(44,160,44)"},{"description":"White","count":14,"tested":302,"color":"rgb(31,119,180)"},{"description":"Black","count":25,"tested":652,"color":"rgb(255,127,14)"}],"gender":[{"description":"Male","count":37,"tested":2020,"color":"rgb(31,119,180)"},{"description":"Female","count":29,"tested":816,"color":"rgb(255,127,14)"}]}
