{"age":[{"age_group":"<20","count":60,"tested":1181},{"age_group":"20-29   ","count":40,"tested":402},{"age_group":"30-39   ","count":39,"tested":344},{"age_group":"40-49   ","count":32,"tested":264},{"age_group":"50-59   ","count":31,"tested":248},{"age_group":"60-69   ","count":30,"tested":289},{"age_group":"70-79   ","count":11,"tested":140}],"race":[{"description":"Left Blank","count":60,"tested":1248,"color":"rgb(44,160,44)"},{"description":"Hispanic","count":95,"tested":446,"color":"rgb(214,39,40)"},{"description":"Other","count":8,"tested":63,"color":"rgb(148,103,189)"},{"description":"White","count":82,"tested":1136,"color":"rgb(31,119,180)"}],"gender":[{"description":"Male","count":131,"tested":1471,"color":"rgb(31,119,180)"},{"description":"Female","count":100,"tested":1369,"color":"rgb(255,127,14)"}]}
