{"age":[{"age_group":"<20","count":49,"tested":852},{"age_group":"20-29   ","count":21,"tested":414},{"age_group":"30-39   ","count":8,"tested":233},{"age_group":"40-49   ","count":19,"tested":394},{"age_group":"50-59   ","count":37,"tested":534},{"age_group":"60-69   ","count":13,"tested":258}],"race":[{"description":"Other","count":10,"tested":233,"color":"rgb(148,103,189)"},{"description":"Left Blank","count":42,"tested":1068,"color":"rgb(44,160,44)"},{"description":"White","count":94,"tested":1464,"color":"rgb(31,119,180)"}],"gender":[{"description":"Male","count":78,"tested":1376,"color":"rgb(31,119,180)"},{"description":"Female","count":75,"tested":1487,"color":"rgb(255,127,14)"}]}
