{"age":[{"age_group":"<20","count":20,"tested":154},{"age_group":"20-29   ","count":27,"tested":310},{"age_group":"30-39   ","count":23,"tested":278},{"age_group":"40-49   ","count":20,"tested":285},{"age_group":"50-59   ","count":21,"tested":410},{"age_group":"60-69   ","count":14,"tested":376},{"age_group":"70-79   ","count":9,"tested":104},{"age_group":"80+","count":7,"tested":87}],"race":[{"description":"Hispanic","count":26,"tested":124,"color":"rgb(214,39,40)"},{"description":"Black","count":79,"tested":1192,"color":"rgb(255,127,14)"},{"description":"Left Blank","count":28,"tested":422,"color":"rgb(44,160,44)"}],"gender":[{"description":"Male","count":59,"tested":634,"color":"rgb(31,119,180)"},{"description":"Female","count":82,"tested":1349,"color":"rgb(255,127,14)"}]}
