{"age":[{"age_group":"<20","count":27,"tested":313},{"age_group":"20-29   ","count":39,"tested":357},{"age_group":"30-39   ","count":28,"tested":292},{"age_group":"40-49   ","count":42,"tested":340},{"age_group":"50-59   ","count":59,"tested":520},{"age_group":"60-69   ","count":27,"tested":366},{"age_group":"70-79   ","count":20,"tested":271},{"age_group":"80+","count":12,"tested":129}],"race":[{"description":"Hispanic","count":13,"tested":82,"color":"rgb(214,39,40)"},{"description":"Left Blank","count":68,"tested":593,"color":"rgb(44,160,44)"},{"description":"White","count":166,"tested":1845,"color":"rgb(31,119,180)"},{"description":"Other","count":6,"tested":56,"color":"rgb(148,103,189)"}],"gender":[{"description":"Female","count":135,"tested":1458,"color":"rgb(255,127,14)"},{"description":"Male","count":118,"tested":1066,"color":"rgb(31,119,180)"}]}
