{"age":[{"age_group":"<20","count":45,"tested":425},{"age_group":"20-29   ","count":44,"tested":393},{"age_group":"30-39   ","count":52,"tested":362},{"age_group":"40-49   ","count":37,"tested":213},{"age_group":"50-59   ","count":40,"tested":278},{"age_group":"60-69   ","count":22,"tested":260},{"age_group":"70-79   ","count":9,"tested":112},{"age_group":"80+","count":10,"tested":80}],"race":[{"description":"Hispanic","count":11,"tested":32,"color":"rgb(214,39,40)"},{"description":"Left Blank","count":65,"tested":743,"color":"rgb(44,160,44)"},{"description":"White","count":170,"tested":1248,"color":"rgb(31,119,180)"}],"gender":[{"description":"Female","count":143,"tested":1192,"color":"rgb(255,127,14)"},{"description":"Male","count":115,"tested":851,"color":"rgb(31,119,180)"}]}
