{"age":[{"age_group":"<20","count":272,"tested":3416},{"age_group":"20-29   ","count":473,"tested":6924},{"age_group":"30-39   ","count":498,"tested":8001},{"age_group":"40-49   ","count":422,"tested":7743},{"age_group":"50-59   ","count":453,"tested":8710},{"age_group":"60-69   ","count":403,"tested":7855},{"age_group":"70-79   ","count":227,"tested":3919},{"age_group":"80+","count":178,"tested":2480}],"race":[{"description":"Other","count":47,"tested":562,"color":"rgb(148,103,189)"},{"description":"Asian","count":7,"tested":155,"color":"rgb(140,86,75)"},{"description":"White","count":44,"tested":964,"color":"rgb(31,119,180)"},{"description":"Black","count":2066,"tested":24747,"color":"rgb(255,127,14)"},{"description":"Left Blank","count":678,"tested":21960,"color":"rgb(44,160,44)"},{"description":"Hispanic","count":77,"tested":590,"color":"rgb(214,39,40)"}],"gender":[{"description":"Male","count":1255,"tested":19433,"color":"rgb(31,119,180)"},{"description":"Female","count":1627,"tested":27336,"color":"rgb(255,127,14)"},{"description":"Unknown/Left Blank","count":44,"tested":2295,"color":"rgb(44,160,44)"}]}
