{"age":[{"age_group":"<20","count":191,"tested":2239},{"age_group":"20-29   ","count":176,"tested":2296},{"age_group":"30-39   ","count":184,"tested":2287},{"age_group":"40-49   ","count":247,"tested":2706},{"age_group":"50-59   ","count":151,"tested":2016},{"age_group":"60-69   ","count":63,"tested":956},{"age_group":"70-79   ","count":16,"tested":434},{"age_group":"80+","count":8,"tested":141}],"race":[{"description":"Hispanic","count":129,"tested":998,"color":"rgb(214,39,40)"},{"description":"White","count":343,"tested":3998,"color":"rgb(31,119,180)"},{"description":"Asian","count":65,"tested":1124,"color":"rgb(140,86,75)"},{"description":"Black","count":90,"tested":925,"color":"rgb(255,127,14)"},{"description":"Other","count":45,"tested":595,"color":"rgb(148,103,189)"},{"description":"Left Blank","count":362,"tested":5393,"color":"rgb(44,160,44)"}],"gender":[{"description":"Male","count":496,"tested":5659,"color":"rgb(31,119,180)"},{"description":"Female","count":538,"tested":7334,"color":"rgb(255,127,14)"}]}
