{"age":[{"age_group":"<20","count":424,"tested":4904},{"age_group":"20-29   ","count":622,"tested":8866},{"age_group":"30-39   ","count":621,"tested":8425},{"age_group":"40-49   ","count":658,"tested":8596},{"age_group":"50-59   ","count":656,"tested":10704},{"age_group":"60-69   ","count":488,"tested":10206},{"age_group":"70-79   ","count":239,"tested":4560},{"age_group":"80+","count":174,"tested":2487}],"race":[{"description":"Other","count":79,"tested":707,"color":"rgb(148,103,189)"},{"description":"Left Blank","count":861,"tested":21225,"color":"rgb(44,160,44)"},{"description":"Asian","count":6,"tested":70,"color":"rgb(140,86,75)"},{"description":"Black","count":2814,"tested":35359,"color":"rgb(255,127,14)"},{"description":"Hispanic","count":75,"tested":588,"color":"rgb(214,39,40)"},{"description":"White","count":39,"tested":655,"color":"rgb(31,119,180)"}],"gender":[{"description":"Male","count":1547,"tested":23270,"color":"rgb(31,119,180)"},{"description":"Unknown/Left Blank","count":23,"tested":1014,"color":"rgb(44,160,44)"},{"description":"Female","count":2313,"tested":34492,"color":"rgb(255,127,14)"}]}
