{"age":[{"age_group":"<20","count":198,"tested":1925},{"age_group":"20-29   ","count":177,"tested":1534},{"age_group":"30-39   ","count":166,"tested":1499},{"age_group":"40-49   ","count":195,"tested":1620},{"age_group":"50-59   ","count":228,"tested":1558},{"age_group":"60-69   ","count":190,"tested":1380},{"age_group":"70-79   ","count":117,"tested":676},{"age_group":"80+","count":50,"tested":322}],"race":[{"description":"Left Blank","count":188,"tested":2691,"color":"rgb(44,160,44)"},{"description":"Hispanic","count":109,"tested":570,"color":"rgb(214,39,40)"},{"description":"White","count":921,"tested":6376,"color":"rgb(31,119,180)"},{"description":"Black","count":35,"tested":471,"color":"rgb(255,127,14)"},{"description":"Other","count":65,"tested":373,"color":"rgb(148,103,189)"}],"gender":[{"description":"Female","count":704,"tested":5978,"color":"rgb(255,127,14)"},{"description":"Male","count":605,"tested":4047,"color":"rgb(31,119,180)"},{"description":"Unknown/Left Blank","count":15,"tested":490,"color":"rgb(44,160,44)"}]}
