{"age":[{"age_group":"<20","count":114,"tested":1228},{"age_group":"20-29   ","count":150,"tested":2428},{"age_group":"30-39   ","count":184,"tested":2786},{"age_group":"40-49   ","count":197,"tested":3405},{"age_group":"50-59   ","count":183,"tested":4496},{"age_group":"60-69   ","count":122,"tested":3150},{"age_group":"70-79   ","count":59,"tested":1483},{"age_group":"80+","count":25,"tested":594}],"race":[{"description":"Left Blank","count":363,"tested":11566,"color":"rgb(44,160,44)"},{"description":"White","count":39,"tested":712,"color":"rgb(31,119,180)"},{"description":"Hispanic","count":31,"tested":161,"color":"rgb(214,39,40)"},{"description":"Black","count":573,"tested":6837,"color":"rgb(255,127,14)"},{"description":"Asian","count":7,"tested":58,"color":"rgb(140,86,75)"},{"description":"Other","count":17,"tested":217,"color":"rgb(148,103,189)"}],"gender":[{"description":"Male","count":408,"tested":8538,"color":"rgb(31,119,180)"},{"description":"Female","count":619,"tested":10784,"color":"rgb(255,127,14)"},{"description":"Unknown/Left Blank","count":7,"tested":254,"color":"rgb(44,160,44)"}]}
