{"age":[{"age_group":"<20","count":512,"tested":5930},{"age_group":"20-29   ","count":543,"tested":7116},{"age_group":"30-39   ","count":381,"tested":6972},{"age_group":"40-49   ","count":395,"tested":5960},{"age_group":"50-59   ","count":471,"tested":9261},{"age_group":"60-69   ","count":339,"tested":7182},{"age_group":"70-79   ","count":187,"tested":4129},{"age_group":"80+","count":158,"tested":4387}],"race":[{"description":"Black","count":56,"tested":830,"color":"rgb(255,127,14)"},{"description":"Asian","count":176,"tested":3842,"color":"rgb(140,86,75)"},{"description":"Hispanic","count":322,"tested":3228,"color":"rgb(214,39,40)"},{"description":"Left Blank","count":831,"tested":19195,"color":"rgb(44,160,44)"},{"description":"White","count":1499,"tested":22814,"color":"rgb(31,119,180)"},{"description":"Other","count":96,"tested":931,"color":"rgb(148,103,189)"}],"gender":[{"description":"Female","count":1550,"tested":29893,"color":"rgb(255,127,14)"},{"description":"Unknown/Left Blank","count":20,"tested":1630,"color":"rgb(44,160,44)"},{"description":"Male","count":1416,"tested":19430,"color":"rgb(31,119,180)"}]}
