{"age":[{"age_group":"<20","count":29,"tested":240},{"age_group":"20-29   ","count":27,"tested":164},{"age_group":"30-39   ","count":24,"tested":136},{"age_group":"40-49   ","count":23,"tested":114},{"age_group":"50-59   ","count":32,"tested":185},{"age_group":"60-69   ","count":20,"tested":145},{"age_group":"70-79   ","count":11,"tested":84},{"age_group":"80+","count":7,"tested":40}],"race":[{"description":"Left Blank","count":38,"tested":356,"color":"rgb(44,160,44)"},{"description":"White","count":130,"tested":728,"color":"rgb(31,119,180)"}],"gender":[{"description":"Female","count":100,"tested":639,"color":"rgb(255,127,14)"},{"description":"Male","count":71,"tested":463,"color":"rgb(31,119,180)"}]}
