{"age":[{"age_group":"<20","count":15,"tested":87},{"age_group":"20-29   ","count":20,"tested":151},{"age_group":"30-39   ","count":11,"tested":81},{"age_group":"40-49   ","count":12,"tested":86},{"age_group":"50-59   ","count":15,"tested":189},{"age_group":"60-69   ","count":7,"tested":73},{"age_group":"70-79   ","count":7,"tested":61}],"race":[{"description":"White","count":56,"tested":478,"color":"rgb(31,119,180)"},{"description":"Left Blank","count":21,"tested":230,"color":"rgb(44,160,44)"}],"gender":[{"description":"Male","count":34,"tested":247,"color":"rgb(31,119,180)"},{"description":"Female","count":51,"tested":503,"color":"rgb(255,127,14)"}]}
