{"age":[{"age_group":"<20","count":1571,"tested":10287},{"age_group":"20-29   ","count":1935,"tested":15828},{"age_group":"30-39   ","count":1842,"tested":13834},{"age_group":"40-49   ","count":1914,"tested":12312},{"age_group":"50-59   ","count":1486,"tested":11016},{"age_group":"60-69   ","count":880,"tested":9173},{"age_group":"70-79   ","count":433,"tested":4437},{"age_group":"80+","count":181,"tested":1557}],"race":[{"description":"Black","count":1301,"tested":12945,"color":"rgb(255,127,14)"},{"description":"Asian","count":9,"tested":219,"color":"rgb(140,86,75)"},{"description":"Other","count":361,"tested":3230,"color":"rgb(148,103,189)"},{"description":"AI/AN**","count":7,"tested":42,"color":"rgb(31,119,180)"},{"description":"Hispanic","count":6142,"tested":26432,"color":"rgb(214,39,40)"},{"description":"Left Blank","count":2090,"tested":30794,"color":"rgb(44,160,44)"},{"description":"White","count":329,"tested":4797,"color":"rgb(31,119,180)"}],"gender":[{"description":"Unknown/Left Blank","count":118,"tested":1400,"color":"rgb(44,160,44)"},{"description":"Female","count":5236,"tested":41679,"color":"rgb(255,127,14)"},{"description":"Male","count":4888,"tested":35399,"color":"rgb(31,119,180)"}]}
