{"age":[{"age_group":"<20","count":97,"tested":953},{"age_group":"20-29   ","count":207,"tested":2256},{"age_group":"30-39   ","count":175,"tested":2244},{"age_group":"40-49   ","count":144,"tested":1549},{"age_group":"50-59   ","count":115,"tested":1388},{"age_group":"60-69   ","count":65,"tested":1065},{"age_group":"70-79   ","count":29,"tested":441},{"age_group":"80+","count":29,"tested":417}],"race":[{"description":"Left Blank","count":346,"tested":5371,"color":"rgb(44,160,44)"},{"description":"Other","count":50,"tested":294,"color":"rgb(148,103,189)"},{"description":"Hispanic","count":110,"tested":640,"color":"rgb(214,39,40)"},{"description":"White","count":226,"tested":2281,"color":"rgb(31,119,180)"},{"description":"Asian","count":97,"tested":1269,"color":"rgb(140,86,75)"},{"description":"Black","count":29,"tested":405,"color":"rgb(255,127,14)"}],"gender":[{"description":"Male","count":416,"tested":4498,"color":"rgb(31,119,180)"},{"description":"Female","count":440,"tested":5727,"color":"rgb(255,127,14)"}]}
