{"age":[{"age_group":"<20","count":447,"tested":5582},{"age_group":"20-29   ","count":350,"tested":4378},{"age_group":"30-39   ","count":388,"tested":3912},{"age_group":"40-49   ","count":413,"tested":4441},{"age_group":"50-59   ","count":423,"tested":4844},{"age_group":"60-69   ","count":259,"tested":3728},{"age_group":"70-79   ","count":135,"tested":1841},{"age_group":"80+","count":37,"tested":836}],"race":[{"description":"Asian","count":17,"tested":381,"color":"rgb(140,86,75)"},{"description":"Black","count":41,"tested":388,"color":"rgb(255,127,14)"},{"description":"Hispanic","count":147,"tested":1224,"color":"rgb(214,39,40)"},{"description":"Left Blank","count":1105,"tested":12556,"color":"rgb(44,160,44)"},{"description":"Other","count":154,"tested":1443,"color":"rgb(148,103,189)"},{"description":"White","count":983,"tested":13512,"color":"rgb(31,119,180)"}],"gender":[{"description":"Female","count":1275,"tested":16381,"color":"rgb(255,127,14)"},{"description":"Male","count":1162,"tested":12967,"color":"rgb(31,119,180)"},{"description":"Unknown/Left Blank","count":15,"tested":219,"color":"rgb(44,160,44)"}]}
