{"age":[{"age_group":"<20","count":164,"tested":2315},{"age_group":"20-29   ","count":189,"tested":2220},{"age_group":"30-39   ","count":173,"tested":1800},{"age_group":"40-49   ","count":133,"tested":1786},{"age_group":"50-59   ","count":154,"tested":2230},{"age_group":"60-69   ","count":127,"tested":1768},{"age_group":"70-79   ","count":51,"tested":751},{"age_group":"80+","count":19,"tested":363}],"race":[{"description":"Black","count":19,"tested":195,"color":"rgb(255,127,14)"},{"description":"Hispanic","count":160,"tested":1244,"color":"rgb(214,39,40)"},{"description":"Left Blank","count":330,"tested":4806,"color":"rgb(44,160,44)"},{"description":"Other","count":46,"tested":449,"color":"rgb(148,103,189)"},{"description":"White","count":451,"tested":6383,"color":"rgb(31,119,180)"}],"gender":[{"description":"Female","count":521,"tested":7869,"color":"rgb(255,127,14)"},{"description":"Male","count":484,"tested":5249,"color":"rgb(31,119,180)"}]}
