{"age":[{"age_group":"<20","count":75,"tested":2330},{"age_group":"20-29   ","count":1061,"tested":21168},{"age_group":"30-39   ","count":783,"tested":17270},{"age_group":"40-49   ","count":229,"tested":5876},{"age_group":"50-59   ","count":146,"tested":4344},{"age_group":"60-69   ","count":78,"tested":2759},{"age_group":"70-79   ","count":20,"tested":1131},{"age_group":"80+","count":9,"tested":320}],"race":[{"description":"AI/AN**","count":8,"tested":59,"color":"rgb(31,119,180)"},{"description":"Asian","count":115,"tested":4219,"color":"rgb(140,86,75)"},{"description":"Black","count":98,"tested":1467,"color":"rgb(255,127,14)"},{"description":"Hispanic","count":111,"tested":1389,"color":"rgb(214,39,40)"},{"description":"Left Blank","count":738,"tested":25541,"color":"rgb(44,160,44)"},{"description":"Other","count":121,"tested":2350,"color":"rgb(148,103,189)"},{"description":"White","count":1206,"tested":20145,"color":"rgb(31,119,180)"}],"gender":[{"description":"Female","count":1103,"tested":26863,"color":"rgb(255,127,14)"},{"description":"Male","count":1238,"tested":27418,"color":"rgb(31,119,180)"},{"description":"Unknown/Left Blank","count":60,"tested":928,"color":"rgb(44,160,44)"}]}
