{"age":[{"age_group":"<20","count":153,"tested":2078},{"age_group":"20-29   ","count":166,"tested":2203},{"age_group":"30-39   ","count":105,"tested":1629},{"age_group":"40-49   ","count":160,"tested":1681},{"age_group":"50-59   ","count":145,"tested":1871},{"age_group":"60-69   ","count":150,"tested":2470},{"age_group":"70-79   ","count":86,"tested":2221},{"age_group":"80+","count":82,"tested":3813}],"race":[{"description":"Asian","count":9,"tested":235,"color":"rgb(140,86,75)"},{"description":"Black","count":9,"tested":113,"color":"rgb(255,127,14)"},{"description":"Hispanic","count":49,"tested":467,"color":"rgb(214,39,40)"},{"description":"Left Blank","count":413,"tested":9469,"color":"rgb(44,160,44)"},{"description":"Other","count":43,"tested":463,"color":"rgb(148,103,189)"},{"description":"White","count":522,"tested":7211,"color":"rgb(31,119,180)"}],"gender":[{"description":"Female","count":574,"tested":11054,"color":"rgb(255,127,14)"},{"description":"Male","count":461,"tested":6813,"color":"rgb(31,119,180)"},{"description":"Unknown/Left Blank","count":12,"tested":99,"color":"rgb(44,160,44)"}]}
