{"age":[{"age_group":"<20","count":43,"tested":414},{"age_group":"20-29   ","count":41,"tested":399},{"age_group":"30-39   ","count":34,"tested":520},{"age_group":"40-49   ","count":33,"tested":432},{"age_group":"50-59   ","count":33,"tested":429},{"age_group":"60-69   ","count":21,"tested":513},{"age_group":"70-79   ","count":8,"tested":218}],"race":[{"description":"Hispanic","count":26,"tested":230,"color":"rgb(214,39,40)"},{"description":"Left Blank","count":47,"tested":878,"color":"rgb(44,160,44)"},{"description":"White","count":131,"tested":1837,"color":"rgb(31,119,180)"}],"gender":[{"description":"Female","count":127,"tested":1797,"color":"rgb(255,127,14)"},{"description":"Male","count":88,"tested":1185,"color":"rgb(31,119,180)"}]}
