{"age":[{"age_group":"<20","count":316,"tested":3436},{"age_group":"20-29   ","count":251,"tested":2475},{"age_group":"30-39   ","count":229,"tested":2118},{"age_group":"40-49   ","count":253,"tested":2498},{"age_group":"50-59   ","count":205,"tested":2324},{"age_group":"60-69   ","count":119,"tested":1467},{"age_group":"70-79   ","count":64,"tested":758},{"age_group":"80+","count":17,"tested":345}],"race":[{"description":"Asian","count":11,"tested":167,"color":"rgb(140,86,75)"},{"description":"Black","count":23,"tested":269,"color":"rgb(255,127,14)"},{"description":"Hispanic","count":301,"tested":1213,"color":"rgb(214,39,40)"},{"description":"Left Blank","count":135,"tested":6065,"color":"rgb(44,160,44)"},{"description":"Other","count":19,"tested":315,"color":"rgb(148,103,189)"},{"description":"White","count":963,"tested":7369,"color":"rgb(31,119,180)"}],"gender":[{"description":"Female","count":732,"tested":9004,"color":"rgb(255,127,14)"},{"description":"Male","count":721,"tested":6331,"color":"rgb(31,119,180)"}]}
