{"age":[{"age_group":"<20","count":28,"tested":299},{"age_group":"20-29   ","count":30,"tested":485},{"age_group":"30-39   ","count":25,"tested":274},{"age_group":"40-49   ","count":25,"tested":388},{"age_group":"50-59   ","count":22,"tested":295},{"age_group":"60-69   ","count":16,"tested":254},{"age_group":"70-79   ","count":7,"tested":102},{"age_group":"80+","count":7,"tested":96}],"race":[{"description":"Hispanic","count":14,"tested":90,"color":"rgb(214,39,40)"},{"description":"Left Blank","count":31,"tested":769,"color":"rgb(44,160,44)"},{"description":"White","count":112,"tested":1281,"color":"rgb(31,119,180)"}],"gender":[{"description":"Female","count":75,"tested":1316,"color":"rgb(255,127,14)"},{"description":"Male","count":85,"tested":870,"color":"rgb(31,119,180)"}]}
