{"age":[{"age_group":"<20","count":428,"tested":24693},{"age_group":"20-29   ","count":311,"tested":8985},{"age_group":"30-39   ","count":272,"tested":9504},{"age_group":"40-49   ","count":317,"tested":9868},{"age_group":"50-59   ","count":307,"tested":11613},{"age_group":"60-69   ","count":212,"tested":11201},{"age_group":"70-79   ","count":164,"tested":8373},{"age_group":"80+","count":148,"tested":6772}],"race":[{"description":"Asian","count":35,"tested":1709,"color":"rgb(140,86,75)"},{"description":"Black","count":55,"tested":895,"color":"rgb(255,127,14)"},{"description":"Hispanic","count":242,"tested":3385,"color":"rgb(214,39,40)"},{"description":"Left Blank","count":506,"tested":36615,"color":"rgb(44,160,44)"},{"description":"Other","count":218,"tested":5549,"color":"rgb(148,103,189)"},{"description":"White","count":1098,"tested":42829,"color":"rgb(31,119,180)"}],"gender":[{"description":"Female","count":1059,"tested":49926,"color":"rgb(255,127,14)"},{"description":"Male","count":1083,"tested":40600,"color":"rgb(31,119,180)"},{"description":"Unknown/Left Blank","count":17,"tested":540,"color":"rgb(44,160,44)"}]}
