{"age":[{"age_group":"<20","count":609,"tested":7943},{"age_group":"20-29   ","count":628,"tested":8459},{"age_group":"30-39   ","count":537,"tested":7484},{"age_group":"40-49   ","count":558,"tested":7220},{"age_group":"50-59   ","count":470,"tested":8053},{"age_group":"60-69   ","count":289,"tested":6026},{"age_group":"70-79   ","count":172,"tested":2975},{"age_group":"80+","count":101,"tested":1385}],"race":[{"description":"AI/AN**","count":14,"tested":251,"color":"rgb(31,119,180)"},{"description":"Asian","count":26,"tested":524,"color":"rgb(140,86,75)"},{"description":"Black","count":1433,"tested":25234,"color":"rgb(255,127,14)"},{"description":"Hispanic","count":674,"tested":4389,"color":"rgb(214,39,40)"},{"description":"Left Blank","count":1035,"tested":15985,"color":"rgb(44,160,44)"},{"description":"Other","count":107,"tested":1077,"color":"rgb(148,103,189)"},{"description":"White","count":75,"tested":2070,"color":"rgb(31,119,180)"}],"gender":[{"description":"Female","count":1784,"tested":28440,"color":"rgb(255,127,14)"},{"description":"Male","count":1569,"tested":20353,"color":"rgb(31,119,180)"},{"description":"Unknown/Left Blank","count":11,"tested":773,"color":"rgb(44,160,44)"}]}
