{"age":[{"age_group":"<20","count":171,"tested":1362},{"age_group":"20-29   ","count":208,"tested":1776},{"age_group":"30-39   ","count":164,"tested":1381},{"age_group":"40-49   ","count":137,"tested":1185},{"age_group":"50-59   ","count":113,"tested":1272},{"age_group":"60-69   ","count":78,"tested":802},{"age_group":"70-79   ","count":25,"tested":412},{"age_group":"80+","count":11,"tested":197}],"race":[{"description":"Black","count":74,"tested":1014,"color":"rgb(255,127,14)"},{"description":"Hispanic","count":372,"tested":2142,"color":"rgb(214,39,40)"},{"description":"Left Blank","count":311,"tested":3532,"color":"rgb(44,160,44)"},{"description":"Other","count":38,"tested":235,"color":"rgb(148,103,189)"},{"description":"White","count":108,"tested":1417,"color":"rgb(31,119,180)"}],"gender":[{"description":"Female","count":452,"tested":4710,"color":"rgb(255,127,14)"},{"description":"Male","count":454,"tested":3599,"color":"rgb(31,119,180)"}]}
