{"age":[{"age_group":"<20","count":156,"tested":1141},{"age_group":"20-29   ","count":122,"tested":1130},{"age_group":"30-39   ","count":95,"tested":1165},{"age_group":"40-49   ","count":133,"tested":982},{"age_group":"50-59   ","count":152,"tested":1563},{"age_group":"60-69   ","count":94,"tested":1125},{"age_group":"70-79   ","count":47,"tested":676},{"age_group":"80+","count":18,"tested":284}],"race":[{"description":"Black","count":8,"tested":102,"color":"rgb(255,127,14)"},{"description":"Hispanic","count":44,"tested":308,"color":"rgb(214,39,40)"},{"description":"Left Blank","count":227,"tested":2301,"color":"rgb(44,160,44)"},{"description":"Other","count":17,"tested":210,"color":"rgb(148,103,189)"},{"description":"White","count":519,"tested":5122,"color":"rgb(31,119,180)"}],"gender":[{"description":"Female","count":424,"tested":4532,"color":"rgb(255,127,14)"},{"description":"Male","count":390,"tested":3449,"color":"rgb(31,119,180)"}]}
