{"age":[{"age_group":"<20","count":68,"tested":734},{"age_group":"20-29   ","count":53,"tested":966},{"age_group":"30-39   ","count":56,"tested":959},{"age_group":"40-49   ","count":55,"tested":1000},{"age_group":"50-59   ","count":74,"tested":1379},{"age_group":"60-69   ","count":55,"tested":1257},{"age_group":"70-79   ","count":41,"tested":954},{"age_group":"80+","count":29,"tested":632}],"race":[{"description":"Black","count":246,"tested":3846,"color":"rgb(255,127,14)"},{"description":"Left Blank","count":116,"tested":2919,"color":"rgb(44,160,44)"},{"description":"Other","count":20,"tested":197,"color":"rgb(148,103,189)"},{"description":"White","count":44,"tested":771,"color":"rgb(31,119,180)"}],"gender":[{"description":"Female","count":235,"tested":4690,"color":"rgb(255,127,14)"},{"description":"Male","count":192,"tested":3095,"color":"rgb(31,119,180)"}]}
