{"age":[{"age_group":"<20","count":24,"tested":305},{"age_group":"20-29   ","count":18,"tested":231},{"age_group":"30-39   ","count":8,"tested":176},{"age_group":"40-49   ","count":27,"tested":192},{"age_group":"50-59   ","count":17,"tested":202},{"age_group":"60-69   ","count":23,"tested":279},{"age_group":"70-79   ","count":10,"tested":146}],"race":[{"description":"Hispanic","count":22,"tested":177,"color":"rgb(214,39,40)"},{"description":"Left Blank","count":22,"tested":402,"color":"rgb(44,160,44)"},{"description":"Other","count":6,"tested":36,"color":"rgb(148,103,189)"},{"description":"White","count":77,"tested":946,"color":"rgb(31,119,180)"}],"gender":[{"description":"Female","count":62,"tested":866,"color":"rgb(255,127,14)"},{"description":"Male","count":66,"tested":712,"color":"rgb(31,119,180)"}]}
