{"age":[{"age_group":"<20","count":15,"tested":465},{"age_group":"20-29   ","count":44,"tested":1176},{"age_group":"30-39   ","count":17,"tested":789},{"age_group":"40-49   ","count":17,"tested":688},{"age_group":"50-59   ","count":16,"tested":675},{"age_group":"60-69   ","count":11,"tested":656},{"age_group":"70-79   ","count":9,"tested":325}],"race":[{"description":"Asian","count":10,"tested":383,"color":"rgb(140,86,75)"},{"description":"Black","count":16,"tested":523,"color":"rgb(255,127,14)"},{"description":"Hispanic","count":15,"tested":416,"color":"rgb(214,39,40)"},{"description":"Left Blank","count":32,"tested":1835,"color":"rgb(44,160,44)"},{"description":"Other","count":8,"tested":297,"color":"rgb(148,103,189)"},{"description":"White","count":48,"tested":1443,"color":"rgb(31,119,180)"}],"gender":[{"description":"Female","count":64,"tested":2401,"color":"rgb(255,127,14)"},{"description":"Male","count":64,"tested":2298,"color":"rgb(31,119,180)"}]}
