{"age":[{"age_group":"<20","count":333,"tested":3943},{"age_group":"20-29   ","count":297,"tested":5012},{"age_group":"30-39   ","count":308,"tested":5045},{"age_group":"40-49   ","count":342,"tested":5476},{"age_group":"50-59   ","count":280,"tested":5198},{"age_group":"60-69   ","count":211,"tested":5778},{"age_group":"70-79   ","count":150,"tested":4358},{"age_group":"80+","count":97,"tested":2851}],"race":[{"description":"Asian","count":8,"tested":237,"color":"rgb(140,86,75)"},{"description":"Black","count":1326,"tested":18541,"color":"rgb(255,127,14)"},{"description":"Hispanic","count":64,"tested":1023,"color":"rgb(214,39,40)"},{"description":"Left Blank","count":494,"tested":15359,"color":"rgb(44,160,44)"},{"description":"Other","count":30,"tested":602,"color":"rgb(148,103,189)"},{"description":"White","count":90,"tested":1815,"color":"rgb(31,119,180)"}],"gender":[{"description":"Female","count":1199,"tested":23689,"color":"rgb(255,127,14)"},{"description":"Male","count":813,"tested":13307,"color":"rgb(31,119,180)"}]}
