{"age":[{"age_group":"<20","count":568,"tested":9939},{"age_group":"20-29   ","count":357,"tested":4663},{"age_group":"30-39   ","count":347,"tested":4666},{"age_group":"40-49   ","count":487,"tested":6250},{"age_group":"50-59   ","count":414,"tested":6135},{"age_group":"60-69   ","count":243,"tested":5066},{"age_group":"70-79   ","count":294,"tested":6344},{"age_group":"80+","count":204,"tested":6082}],"race":[{"description":"AI/AN**","count":6,"tested":71,"color":"rgb(31,119,180)"},{"description":"Asian","count":73,"tested":1540,"color":"rgb(140,86,75)"},{"description":"Black","count":39,"tested":897,"color":"rgb(255,127,14)"},{"description":"Hispanic","count":248,"tested":2716,"color":"rgb(214,39,40)"},{"description":"Left Blank","count":567,"tested":16198,"color":"rgb(44,160,44)"},{"description":"Other","count":53,"tested":577,"color":"rgb(148,103,189)"},{"description":"White","count":1926,"tested":27028,"color":"rgb(31,119,180)"}],"gender":[{"description":"Female","count":1501,"tested":27953,"color":"rgb(255,127,14)"},{"description":"Male","count":1400,"tested":20489,"color":"rgb(31,119,180)"},{"description":"Unknown/Left Blank","count":13,"tested":707,"color":"rgb(44,160,44)"}]}
