{"age":[{"age_group":"<20","count":575,"tested":6984},{"age_group":"20-29   ","count":391,"tested":4437},{"age_group":"30-39   ","count":400,"tested":5791},{"age_group":"40-49   ","count":502,"tested":5854},{"age_group":"50-59   ","count":409,"tested":4866},{"age_group":"60-69   ","count":258,"tested":4066},{"age_group":"70-79   ","count":171,"tested":2936},{"age_group":"80+","count":97,"tested":1732}],"race":[{"description":"Asian","count":184,"tested":3192,"color":"rgb(140,86,75)"},{"description":"Black","count":63,"tested":620,"color":"rgb(255,127,14)"},{"description":"Hispanic","count":354,"tested":2403,"color":"rgb(214,39,40)"},{"description":"Left Blank","count":740,"tested":14398,"color":"rgb(44,160,44)"},{"description":"NH/PI*","count":7,"tested":51,"color":"rgb(127,127,127)"},{"description":"Other","count":101,"tested":788,"color":"rgb(148,103,189)"},{"description":"White","count":1352,"tested":15141,"color":"rgb(31,119,180)"}],"gender":[{"description":"Female","count":1428,"tested":20060,"color":"rgb(255,127,14)"},{"description":"Male","count":1360,"tested":16182,"color":"rgb(31,119,180)"},{"description":"Unknown/Left Blank","count":17,"tested":437,"color":"rgb(44,160,44)"}]}
