{"age":[{"age_group":"<20","count":545,"tested":6323},{"age_group":"20-29   ","count":577,"tested":6366},{"age_group":"30-39   ","count":476,"tested":5313},{"age_group":"40-49   ","count":472,"tested":5042},{"age_group":"50-59   ","count":474,"tested":5545},{"age_group":"60-69   ","count":308,"tested":3839},{"age_group":"70-79   ","count":190,"tested":2418},{"age_group":"80+","count":73,"tested":1673}],"race":[{"description":"AI/AN**","count":6,"tested":51,"color":"rgb(31,119,180)"},{"description":"Asian","count":52,"tested":443,"color":"rgb(140,86,75)"},{"description":"Black","count":127,"tested":898,"color":"rgb(255,127,14)"},{"description":"Hispanic","count":248,"tested":1562,"color":"rgb(214,39,40)"},{"description":"Left Blank","count":285,"tested":12417,"color":"rgb(44,160,44)"},{"description":"Other","count":49,"tested":622,"color":"rgb(148,103,189)"},{"description":"White","count":2348,"tested":20514,"color":"rgb(31,119,180)"}],"gender":[{"description":"Female","count":1662,"tested":21590,"color":"rgb(255,127,14)"},{"description":"Male","count":1450,"tested":14647,"color":"rgb(31,119,180)"}]}
