{"age":[{"age_group":"<20","count":1473,"tested":15971},{"age_group":"20-29   ","count":1610,"tested":20251},{"age_group":"30-39   ","count":1709,"tested":21168},{"age_group":"40-49   ","count":1556,"tested":17385},{"age_group":"50-59   ","count":1079,"tested":15185},{"age_group":"60-69   ","count":751,"tested":11825},{"age_group":"70-79   ","count":419,"tested":5751},{"age_group":"80+","count":142,"tested":2173}],"race":[{"description":"AI/AN**","count":12,"tested":413,"color":"rgb(31,119,180)"},{"description":"Asian","count":17,"tested":530,"color":"rgb(140,86,75)"},{"description":"Black","count":2569,"tested":30079,"color":"rgb(255,127,14)"},{"description":"Hispanic","count":3823,"tested":23864,"color":"rgb(214,39,40)"},{"description":"Left Blank","count":1757,"tested":43573,"color":"rgb(44,160,44)"},{"description":"Other","count":244,"tested":4019,"color":"rgb(148,103,189)"},{"description":"White","count":316,"tested":7165,"color":"rgb(31,119,180)"}],"gender":[{"description":"Female","count":4668,"tested":60294,"color":"rgb(255,127,14)"},{"description":"Male","count":4009,"tested":47579,"color":"rgb(31,119,180)"},{"description":"Unknown/Left Blank","count":62,"tested":1903,"color":"rgb(44,160,44)"}]}
