{"age":[{"age_group":"<20","count":771,"tested":7438},{"age_group":"20-29   ","count":784,"tested":9418},{"age_group":"30-39   ","count":792,"tested":8725},{"age_group":"40-49   ","count":763,"tested":9358},{"age_group":"50-59   ","count":661,"tested":9631},{"age_group":"60-69   ","count":427,"tested":7581},{"age_group":"70-79   ","count":213,"tested":4178},{"age_group":"80+","count":113,"tested":2602}],"race":[{"description":"Asian","count":11,"tested":80,"color":"rgb(140,86,75)"},{"description":"Black","count":2246,"tested":27312,"color":"rgb(255,127,14)"},{"description":"Hispanic","count":678,"tested":4195,"color":"rgb(214,39,40)"},{"description":"Left Blank","count":1279,"tested":23466,"color":"rgb(44,160,44)"},{"description":"Other","count":97,"tested":1089,"color":"rgb(148,103,189)"},{"description":"White","count":209,"tested":2658,"color":"rgb(31,119,180)"}],"gender":[{"description":"Female","count":2593,"tested":35715,"color":"rgb(255,127,14)"},{"description":"Male","count":1909,"tested":21921,"color":"rgb(31,119,180)"},{"description":"Unknown/Left Blank","count":23,"tested":1321,"color":"rgb(44,160,44)"}]}
