{"age":[{"age_group":"<20","count":29,"tested":794},{"age_group":"20-29   ","count":78,"tested":1821},{"age_group":"30-39   ","count":60,"tested":1694},{"age_group":"40-49   ","count":33,"tested":869},{"age_group":"50-59   ","count":26,"tested":749},{"age_group":"60-69   ","count":14,"tested":535},{"age_group":"70-79   ","count":9,"tested":407}],"race":[{"description":"Asian","count":15,"tested":418,"color":"rgb(140,86,75)"},{"description":"Black","count":52,"tested":998,"color":"rgb(255,127,14)"},{"description":"Hispanic","count":24,"tested":350,"color":"rgb(214,39,40)"},{"description":"Left Blank","count":54,"tested":2541,"color":"rgb(44,160,44)"},{"description":"Other","count":18,"tested":366,"color":"rgb(148,103,189)"},{"description":"White","count":88,"tested":2285,"color":"rgb(31,119,180)"}],"gender":[{"description":"Female","count":129,"tested":3730,"color":"rgb(255,127,14)"},{"description":"Male","count":122,"tested":2957,"color":"rgb(31,119,180)"}]}
