{"age":[{"age_group":"<20","count":16,"tested":260},{"age_group":"20-29   ","count":11,"tested":243},{"age_group":"40-49   ","count":12,"tested":345},{"age_group":"50-59   ","count":8,"tested":253},{"age_group":"60-69   ","count":8,"tested":251}],"race":[{"description":"Hispanic","count":9,"tested":52,"color":"rgb(214,39,40)"},{"description":"White","count":47,"tested":1286,"color":"rgb(31,119,180)"}],"gender":[{"description":"Female","count":34,"tested":937,"color":"rgb(255,127,14)"},{"description":"Male","count":32,"tested":728,"color":"rgb(31,119,180)"}]}
