{"age":[{"age_group":"<20","count":241,"tested":2882},{"age_group":"20-29   ","count":239,"tested":3261},{"age_group":"30-39   ","count":229,"tested":3012},{"age_group":"40-49   ","count":214,"tested":2632},{"age_group":"50-59   ","count":196,"tested":3514},{"age_group":"60-69   ","count":166,"tested":3172},{"age_group":"70-79   ","count":86,"tested":2028},{"age_group":"80+","count":68,"tested":1409}],"race":[{"description":"Asian","count":74,"tested":1113,"color":"rgb(140,86,75)"},{"description":"Black","count":28,"tested":312,"color":"rgb(255,127,14)"},{"description":"Hispanic","count":214,"tested":1361,"color":"rgb(214,39,40)"},{"description":"Left Blank","count":238,"tested":10943,"color":"rgb(44,160,44)"},{"description":"Other","count":50,"tested":467,"color":"rgb(148,103,189)"},{"description":"White","count":833,"tested":7692,"color":"rgb(31,119,180)"}],"gender":[{"description":"Female","count":728,"tested":12204,"color":"rgb(255,127,14)"},{"description":"Male","count":708,"tested":9233,"color":"rgb(31,119,180)"}]}
