{"age":[{"age_group":"<20","count":510,"tested":6426},{"age_group":"20-29   ","count":508,"tested":8732},{"age_group":"30-39   ","count":383,"tested":6058},{"age_group":"40-49   ","count":404,"tested":5099},{"age_group":"50-59   ","count":337,"tested":5620},{"age_group":"60-69   ","count":234,"tested":4351},{"age_group":"70-79   ","count":138,"tested":2742},{"age_group":"80+","count":76,"tested":1810}],"race":[{"description":"AI/AN**","count":9,"tested":310,"color":"rgb(31,119,180)"},{"description":"Asian","count":7,"tested":159,"color":"rgb(140,86,75)"},{"description":"Black","count":891,"tested":7505,"color":"rgb(255,127,14)"},{"description":"Hispanic","count":566,"tested":2813,"color":"rgb(214,39,40)"},{"description":"Left Blank","count":215,"tested":18574,"color":"rgb(44,160,44)"},{"description":"Other","count":44,"tested":1105,"color":"rgb(148,103,189)"},{"description":"White","count":857,"tested":10369,"color":"rgb(31,119,180)"}],"gender":[{"description":"Female","count":1447,"tested":21727,"color":"rgb(255,127,14)"},{"description":"Male","count":1126,"tested":18364,"color":"rgb(31,119,180)"},{"description":"Unknown/Left Blank","count":17,"tested":752,"color":"rgb(44,160,44)"}]}
