{"age":[{"age_group":"<20","count":645,"tested":7916},{"age_group":"20-29   ","count":541,"tested":7347},{"age_group":"30-39   ","count":473,"tested":6731},{"age_group":"40-49   ","count":569,"tested":7520},{"age_group":"50-59   ","count":500,"tested":7561},{"age_group":"60-69   ","count":260,"tested":5583},{"age_group":"70-79   ","count":185,"tested":5437},{"age_group":"80+","count":152,"tested":5310}],"race":[{"description":"Asian","count":103,"tested":1788,"color":"rgb(140,86,75)"},{"description":"Black","count":217,"tested":3062,"color":"rgb(255,127,14)"},{"description":"Hispanic","count":493,"tested":4152,"color":"rgb(214,39,40)"},{"description":"Left Blank","count":867,"tested":19542,"color":"rgb(44,160,44)"},{"description":"Other","count":119,"tested":1830,"color":"rgb(148,103,189)"},{"description":"White","count":1519,"tested":22927,"color":"rgb(31,119,180)"}],"gender":[{"description":"Female","count":1715,"tested":31194,"color":"rgb(255,127,14)"},{"description":"Male","count":1599,"tested":21520,"color":"rgb(31,119,180)"},{"description":"Unknown/Left Blank","count":11,"tested":695,"color":"rgb(44,160,44)"}]}
