{"age":[{"age_group":"<20","count":189,"tested":1761},{"age_group":"20-29   ","count":216,"tested":2392},{"age_group":"30-39   ","count":214,"tested":2294},{"age_group":"40-49   ","count":168,"tested":1891},{"age_group":"50-59   ","count":170,"tested":1944},{"age_group":"60-69   ","count":116,"tested":2007},{"age_group":"70-79   ","count":55,"tested":760},{"age_group":"80+","count":27,"tested":398}],"race":[{"description":"Asian","count":29,"tested":475,"color":"rgb(140,86,75)"},{"description":"Black","count":40,"tested":455,"color":"rgb(255,127,14)"},{"description":"Hispanic","count":126,"tested":1079,"color":"rgb(214,39,40)"},{"description":"Left Blank","count":405,"tested":5831,"color":"rgb(44,160,44)"},{"description":"Other","count":65,"tested":584,"color":"rgb(148,103,189)"},{"description":"White","count":487,"tested":4991,"color":"rgb(31,119,180)"}],"gender":[{"description":"Female","count":639,"tested":7353,"color":"rgb(255,127,14)"},{"description":"Male","count":515,"tested":5896,"color":"rgb(31,119,180)"}]}
