{"age":[{"age_group":"<20","count":156,"tested":2289},{"age_group":"20-29   ","count":281,"tested":4238},{"age_group":"30-39   ","count":263,"tested":3987},{"age_group":"40-49   ","count":303,"tested":4043},{"age_group":"50-59   ","count":298,"tested":5490},{"age_group":"60-69   ","count":241,"tested":5656},{"age_group":"70-79   ","count":120,"tested":2855},{"age_group":"80+","count":95,"tested":1524}],"race":[{"description":"Black","count":1403,"tested":19056,"color":"rgb(255,127,14)"},{"description":"Hispanic","count":29,"tested":265,"color":"rgb(214,39,40)"},{"description":"White","count":19,"tested":290,"color":"rgb(31,119,180)"},{"description":"Other","count":30,"tested":331,"color":"rgb(148,103,189)"},{"description":"Left Blank","count":270,"tested":10026,"color":"rgb(44,160,44)"}],"gender":[{"description":"Male","count":695,"tested":11893,"color":"rgb(31,119,180)"},{"description":"Unknown/Left Blank","count":15,"tested":445,"color":"rgb(44,160,44)"},{"description":"Female","count":1047,"tested":17758,"color":"rgb(255,127,14)"}]}
