{"age":[{"age_group":"<20","count":183,"tested":2868},{"age_group":"20-29   ","count":372,"tested":4579},{"age_group":"30-39   ","count":281,"tested":4292},{"age_group":"40-49   ","count":264,"tested":4064},{"age_group":"50-59   ","count":273,"tested":4349},{"age_group":"60-69   ","count":228,"tested":4218},{"age_group":"70-79   ","count":110,"tested":2087},{"age_group":"80+","count":97,"tested":1309}],"race":[{"description":"Hispanic","count":389,"tested":1788,"color":"rgb(214,39,40)"},{"description":"Asian","count":140,"tested":1128,"color":"rgb(140,86,75)"},{"description":"Left Blank","count":338,"tested":15182,"color":"rgb(44,160,44)"},{"description":"White","count":532,"tested":5908,"color":"rgb(31,119,180)"},{"description":"Black","count":240,"tested":2078,"color":"rgb(255,127,14)"},{"description":"Other","count":165,"tested":1613,"color":"rgb(148,103,189)"}],"gender":[{"description":"Unknown/Left Blank","count":14,"tested":1413,"color":"rgb(44,160,44)"},{"description":"Male","count":863,"tested":11824,"color":"rgb(31,119,180)"},{"description":"Female","count":931,"tested":14542,"color":"rgb(255,127,14)"}]}
