{"age":[{"age_group":"<20","count":15,"tested":284},{"age_group":"20-29   ","count":9,"tested":185},{"age_group":"30-39   ","count":16,"tested":339},{"age_group":"40-49   ","count":18,"tested":261},{"age_group":"50-59   ","count":16,"tested":243}],"race":[{"description":"White","count":23,"tested":647,"color":"rgb(31,119,180)"},{"description":"Left Blank","count":59,"tested":1060,"color":"rgb(44,160,44)"}],"gender":[{"description":"Male","count":43,"tested":736,"color":"rgb(31,119,180)"},{"description":"Female","count":44,"tested":997,"color":"rgb(255,127,14)"}]}
