{"age":[{"age_group":"<20","count":32,"tested":593},{"age_group":"20-29   ","count":29,"tested":511},{"age_group":"30-39   ","count":29,"tested":582},{"age_group":"40-49   ","count":31,"tested":642},{"age_group":"50-59   ","count":46,"tested":716},{"age_group":"60-69   ","count":41,"tested":865},{"age_group":"70-79   ","count":21,"tested":551},{"age_group":"80+","count":16,"tested":315}],"race":[{"description":"Left Blank","count":125,"tested":2536,"color":"rgb(44,160,44)"},{"description":"Black","count":11,"tested":103,"color":"rgb(255,127,14)"},{"description":"White","count":103,"tested":2030,"color":"rgb(31,119,180)"}],"gender":[{"description":"Female","count":137,"tested":2784,"color":"rgb(255,127,14)"},{"description":"Male","count":108,"tested":1919,"color":"rgb(31,119,180)"}]}
