{"age":[{"age_group":"<20","count":70,"tested":693},{"age_group":"20-29   ","count":57,"tested":554},{"age_group":"30-39   ","count":58,"tested":496},{"age_group":"40-49   ","count":60,"tested":503},{"age_group":"50-59   ","count":89,"tested":562},{"age_group":"60-69   ","count":65,"tested":516},{"age_group":"70-79   ","count":32,"tested":278},{"age_group":"80+","count":10,"tested":129}],"race":[{"description":"Left Blank","count":71,"tested":1080,"color":"rgb(44,160,44)"},{"description":"Hispanic","count":36,"tested":161,"color":"rgb(214,39,40)"},{"description":"White","count":287,"tested":2009,"color":"rgb(31,119,180)"},{"description":"Black","count":24,"tested":345,"color":"rgb(255,127,14)"},{"description":"Other","count":21,"tested":134,"color":"rgb(148,103,189)"}],"gender":[{"description":"Female","count":237,"tested":2143,"color":"rgb(255,127,14)"},{"description":"Male","count":199,"tested":1522,"color":"rgb(31,119,180)"}]}
