{"age":[{"age_group":"<20","count":20,"tested":450},{"age_group":"20-29   ","count":20,"tested":299},{"age_group":"30-39   ","count":44,"tested":333},{"age_group":"40-49   ","count":35,"tested":321},{"age_group":"50-59   ","count":38,"tested":486},{"age_group":"60-69   ","count":19,"tested":334},{"age_group":"70-79   ","count":11,"tested":206},{"age_group":"80+","count":7,"tested":160}],"race":[{"description":"Left Blank","count":38,"tested":798,"color":"rgb(44,160,44)"},{"description":"White","count":147,"tested":1676,"color":"rgb(31,119,180)"},{"description":"Hispanic","count":6,"tested":68,"color":"rgb(214,39,40)"}],"gender":[{"description":"Male","count":96,"tested":1118,"color":"rgb(31,119,180)"},{"description":"Female","count":98,"tested":1399,"color":"rgb(255,127,14)"}]}
