{"age":[{"age_group":"<20","count":62,"tested":918},{"age_group":"20-29   ","count":60,"tested":1174},{"age_group":"30-39   ","count":42,"tested":1139},{"age_group":"40-49   ","count":45,"tested":1103},{"age_group":"50-59   ","count":38,"tested":1194},{"age_group":"60-69   ","count":21,"tested":1244},{"age_group":"70-79   ","count":9,"tested":978},{"age_group":"80+","count":33,"tested":2213}],"race":[{"description":"White","count":159,"tested":3417,"color":"rgb(31,119,180)"},{"description":"Hispanic","count":29,"tested":287,"color":"rgb(214,39,40)"},{"description":"Black","count":12,"tested":212,"color":"rgb(255,127,14)"},{"description":"Other","count":14,"tested":249,"color":"rgb(148,103,189)"},{"description":"Left Blank","count":96,"tested":5758,"color":"rgb(44,160,44)"}],"gender":[{"description":"Male","count":141,"tested":3850,"color":"rgb(31,119,180)"},{"description":"Female","count":166,"tested":5798,"color":"rgb(255,127,14)"}]}
