{"age":[{"age_group":"20-29   ","count":14,"tested":213},{"age_group":"30-39   ","count":11,"tested":241},{"age_group":"40-49   ","count":8,"tested":261},{"age_group":"50-59   ","count":12,"tested":263},{"age_group":"60-69   ","count":7,"tested":240},{"age_group":"70-79   ","count":7,"tested":164}],"race":[{"description":"White","count":43,"tested":776,"color":"rgb(31,119,180)"},{"description":"Left Blank","count":23,"tested":1189,"color":"rgb(44,160,44)"}],"gender":[{"description":"Male","count":31,"tested":580,"color":"rgb(31,119,180)"},{"description":"Female","count":36,"tested":1418,"color":"rgb(255,127,14)"}]}
