{"age":[{"age_group":"<20","count":169,"tested":2504},{"age_group":"20-29   ","count":208,"tested":3289},{"age_group":"30-39   ","count":133,"tested":3174},{"age_group":"40-49   ","count":126,"tested":2779},{"age_group":"50-59   ","count":160,"tested":4025},{"age_group":"60-69   ","count":116,"tested":3410},{"age_group":"70-79   ","count":59,"tested":2040},{"age_group":"80+","count":66,"tested":2153}],"race":[{"description":"Left Blank","count":341,"tested":9997,"color":"rgb(44,160,44)"},{"description":"White","count":467,"tested":9805,"color":"rgb(31,119,180)"},{"description":"Other","count":32,"tested":355,"color":"rgb(148,103,189)"},{"description":"Hispanic","count":123,"tested":1434,"color":"rgb(214,39,40)"},{"description":"Asian","count":41,"tested":1394,"color":"rgb(140,86,75)"},{"description":"Black","count":27,"tested":347,"color":"rgb(255,127,14)"}],"gender":[{"description":"Female","count":542,"tested":13379,"color":"rgb(255,127,14)"},{"description":"Male","count":481,"tested":8698,"color":"rgb(31,119,180)"},{"description":"Unknown/Left Blank","count":14,"tested":1306,"color":"rgb(44,160,44)"}]}
