{"age":[{"age_group":"<20","count":166,"tested":2718},{"age_group":"20-29   ","count":181,"tested":2664},{"age_group":"30-39   ","count":110,"tested":2382},{"age_group":"40-49   ","count":178,"tested":2646},{"age_group":"50-59   ","count":175,"tested":3296},{"age_group":"60-69   ","count":109,"tested":2873},{"age_group":"70-79   ","count":46,"tested":1676},{"age_group":"80+","count":60,"tested":1349}],"race":[{"description":"Hispanic","count":90,"tested":556,"color":"rgb(214,39,40)"},{"description":"Left Blank","count":205,"tested":8191,"color":"rgb(44,160,44)"},{"description":"White","count":501,"tested":8135,"color":"rgb(31,119,180)"},{"description":"Asian","count":84,"tested":1115,"color":"rgb(140,86,75)"},{"description":"Black","count":17,"tested":202,"color":"rgb(255,127,14)"},{"description":"Other","count":123,"tested":1323,"color":"rgb(148,103,189)"}],"gender":[{"description":"Unknown/Left Blank","count":26,"tested":697,"color":"rgb(44,160,44)"},{"description":"Female","count":534,"tested":10912,"color":"rgb(255,127,14)"},{"description":"Male","count":465,"tested":8000,"color":"rgb(31,119,180)"}]}
