{"age":[{"age_group":"<20","count":100,"tested":931},{"age_group":"20-29   ","count":157,"tested":1600},{"age_group":"30-39   ","count":76,"tested":974},{"age_group":"40-49   ","count":91,"tested":1050},{"age_group":"50-59   ","count":146,"tested":1547},{"age_group":"60-69   ","count":101,"tested":1410},{"age_group":"70-79   ","count":54,"tested":1168},{"age_group":"80+","count":54,"tested":1808}],"race":[{"description":"Other","count":37,"tested":358,"color":"rgb(148,103,189)"},{"description":"Left Blank","count":350,"tested":6026,"color":"rgb(44,160,44)"},{"description":"Black","count":18,"tested":154,"color":"rgb(255,127,14)"},{"description":"Hispanic","count":15,"tested":156,"color":"rgb(214,39,40)"},{"description":"White","count":337,"tested":3594,"color":"rgb(31,119,180)"},{"description":"Asian","count":18,"tested":196,"color":"rgb(140,86,75)"}],"gender":[{"description":"Male","count":374,"tested":4445,"color":"rgb(31,119,180)"},{"description":"Female","count":403,"tested":5899,"color":"rgb(255,127,14)"}]}
