{"age":[{"age_group":"<20","count":88,"tested":1043},{"age_group":"20-29   ","count":144,"tested":2067},{"age_group":"30-39   ","count":118,"tested":1831},{"age_group":"40-49   ","count":121,"tested":1569},{"age_group":"50-59   ","count":132,"tested":2115},{"age_group":"60-69   ","count":129,"tested":2234},{"age_group":"70-79   ","count":87,"tested":1421},{"age_group":"80+","count":97,"tested":1766}],"race":[{"description":"White","count":376,"tested":4093,"color":"rgb(31,119,180)"},{"description":"Other","count":32,"tested":272,"color":"rgb(148,103,189)"},{"description":"Left Blank","count":358,"tested":8496,"color":"rgb(44,160,44)"},{"description":"Black","count":7,"tested":149,"color":"rgb(255,127,14)"},{"description":"Asian","count":23,"tested":376,"color":"rgb(140,86,75)"},{"description":"Hispanic","count":115,"tested":652,"color":"rgb(214,39,40)"}],"gender":[{"description":"Male","count":417,"tested":5796,"color":"rgb(31,119,180)"},{"description":"Female","count":494,"tested":8018,"color":"rgb(255,127,14)"}]}
