{"age":[{"age_group":"<20","count":103,"tested":973},{"age_group":"20-29   ","count":201,"tested":1839},{"age_group":"30-39   ","count":187,"tested":1724},{"age_group":"40-49   ","count":182,"tested":1649},{"age_group":"50-59   ","count":131,"tested":1510},{"age_group":"60-69   ","count":73,"tested":1299},{"age_group":"70-79   ","count":51,"tested":821},{"age_group":"80+","count":21,"tested":448}],"race":[{"description":"White","count":59,"tested":606,"color":"rgb(31,119,180)"},{"description":"Left Blank","count":179,"tested":3096,"color":"rgb(44,160,44)"},{"description":"Hispanic","count":254,"tested":1283,"color":"rgb(214,39,40)"},{"description":"Black","count":408,"tested":4686,"color":"rgb(255,127,14)"},{"description":"Other","count":47,"tested":549,"color":"rgb(148,103,189)"}],"gender":[{"description":"Female","count":523,"tested":5834,"color":"rgb(255,127,14)"},{"description":"Male","count":412,"tested":4288,"color":"rgb(31,119,180)"},{"description":"Unknown/Left Blank","count":14,"tested":147,"color":"rgb(44,160,44)"}]}
