{"age":[{"age_group":"<20","count":18,"tested":182},{"age_group":"20-29   ","count":13,"tested":177},{"age_group":"30-39   ","count":8,"tested":187},{"age_group":"40-49   ","count":15,"tested":188},{"age_group":"50-59   ","count":8,"tested":250},{"age_group":"60-69   ","count":11,"tested":274}],"race":[{"description":"Hispanic","count":7,"tested":45,"color":"rgb(214,39,40)"},{"description":"White","count":57,"tested":814,"color":"rgb(31,119,180)"},{"description":"Left Blank","count":15,"tested":542,"color":"rgb(44,160,44)"}],"gender":[{"description":"Female","count":43,"tested":791,"color":"rgb(255,127,14)"},{"description":"Male","count":37,"tested":607,"color":"rgb(31,119,180)"}]}
