{"age":[{"age_group":"<20","count":58,"tested":929},{"age_group":"20-29   ","count":45,"tested":944},{"age_group":"30-39   ","count":36,"tested":1011},{"age_group":"40-49   ","count":39,"tested":1155},{"age_group":"50-59   ","count":45,"tested":1327},{"age_group":"60-69   ","count":30,"tested":1266},{"age_group":"70-79   ","count":34,"tested":825},{"age_group":"80+","count":67,"tested":1273}],"race":[{"description":"Other","count":34,"tested":419,"color":"rgb(148,103,189)"},{"description":"Asian","count":32,"tested":525,"color":"rgb(140,86,75)"},{"description":"Black","count":10,"tested":92,"color":"rgb(255,127,14)"},{"description":"White","count":166,"tested":2823,"color":"rgb(31,119,180)"},{"description":"Left Blank","count":92,"tested":4645,"color":"rgb(44,160,44)"},{"description":"Hispanic","count":19,"tested":193,"color":"rgb(214,39,40)"}],"gender":[{"description":"Female","count":194,"tested":3748,"color":"rgb(255,127,14)"},{"description":"Male","count":145,"tested":2764,"color":"rgb(31,119,180)"},{"description":"Unknown/Left Blank","count":15,"tested":2235,"color":"rgb(44,160,44)"}]}
