{"age":[{"age_group":"<20","count":13,"tested":209},{"age_group":"20-29   ","count":17,"tested":267},{"age_group":"30-39   ","count":7,"tested":184},{"age_group":"40-49   ","count":6,"tested":196},{"age_group":"50-59   ","count":6,"tested":203},{"age_group":"60-69   ","count":7,"tested":214},{"age_group":"70-79   ","count":8,"tested":89}],"race":[{"description":"White","count":44,"tested":784,"color":"rgb(31,119,180)"},{"description":"Left Blank","count":17,"tested":580,"color":"rgb(44,160,44)"}],"gender":[{"description":"Female","count":37,"tested":982,"color":"rgb(255,127,14)"},{"description":"Male","count":29,"tested":437,"color":"rgb(31,119,180)"}]}
