{"age":[{"age_group":"<20","count":76,"tested":1538},{"age_group":"20-29   ","count":114,"tested":1806},{"age_group":"30-39   ","count":108,"tested":2116},{"age_group":"40-49   ","count":143,"tested":2292},{"age_group":"50-59   ","count":127,"tested":2329},{"age_group":"60-69   ","count":103,"tested":1831},{"age_group":"70-79   ","count":62,"tested":1283},{"age_group":"80+","count":89,"tested":1013}],"race":[{"description":"Other","count":58,"tested":797,"color":"rgb(148,103,189)"},{"description":"NH/PI*","count":6,"tested":29,"color":"rgb(127,127,127)"},{"description":"Black","count":18,"tested":215,"color":"rgb(255,127,14)"},{"description":"Asian","count":50,"tested":616,"color":"rgb(140,86,75)"},{"description":"Left Blank","count":223,"tested":5822,"color":"rgb(44,160,44)"},{"description":"White","count":350,"tested":5702,"color":"rgb(31,119,180)"},{"description":"Hispanic","count":116,"tested":1019,"color":"rgb(214,39,40)"}],"gender":[{"description":"Female","count":407,"tested":7244,"color":"rgb(255,127,14)"},{"description":"Male","count":382,"tested":6543,"color":"rgb(31,119,180)"},{"description":"Unknown/Left Blank","count":33,"tested":428,"color":"rgb(44,160,44)"}]}
