{"age":[{"age_group":"<20","count":7,"tested":101},{"age_group":"20-29   ","count":7,"tested":105},{"age_group":"30-39   ","count":8,"tested":122}],"race":[{"description":"Left Blank","count":8,"tested":206,"color":"rgb(44,160,44)"},{"description":"White","count":22,"tested":450,"color":"rgb(31,119,180)"},{"description":"Hispanic","count":6,"tested":62,"color":"rgb(214,39,40)"}],"gender":[{"description":"Female","count":19,"tested":421,"color":"rgb(255,127,14)"},{"description":"Male","count":18,"tested":314,"color":"rgb(31,119,180)"}]}
