{"age":[{"age_group":"<20","count":40,"tested":559},{"age_group":"20-29   ","count":41,"tested":628},{"age_group":"30-39   ","count":41,"tested":470},{"age_group":"40-49   ","count":44,"tested":728},{"age_group":"50-59   ","count":50,"tested":960},{"age_group":"60-69   ","count":32,"tested":754},{"age_group":"70-79   ","count":13,"tested":460},{"age_group":"80+","count":17,"tested":276}],"race":[{"description":"White","count":45,"tested":916,"color":"rgb(31,119,180)"},{"description":"Left Blank","count":86,"tested":2068,"color":"rgb(44,160,44)"},{"description":"Black","count":136,"tested":1624,"color":"rgb(255,127,14)"}],"gender":[{"description":"Male","count":139,"tested":2105,"color":"rgb(31,119,180)"},{"description":"Female","count":139,"tested":2697,"color":"rgb(255,127,14)"}]}
