{"age":[{"age_group":"<20","count":195,"tested":2511},{"age_group":"20-29   ","count":379,"tested":4414},{"age_group":"30-39   ","count":365,"tested":5206},{"age_group":"40-49   ","count":282,"tested":3906},{"age_group":"50-59   ","count":288,"tested":3649},{"age_group":"60-69   ","count":196,"tested":3125},{"age_group":"70-79   ","count":101,"tested":1694},{"age_group":"80+","count":107,"tested":1203}],"race":[{"description":"Other","count":125,"tested":1383,"color":"rgb(148,103,189)"},{"description":"White","count":584,"tested":8749,"color":"rgb(31,119,180)"},{"description":"Left Blank","count":356,"tested":9148,"color":"rgb(44,160,44)"},{"description":"Black","count":35,"tested":341,"color":"rgb(255,127,14)"},{"description":"Hispanic","count":640,"tested":4548,"color":"rgb(214,39,40)"},{"description":"Asian","count":149,"tested":1390,"color":"rgb(140,86,75)"},{"description":"NH/PI*","count":19,"tested":131,"color":"rgb(127,127,127)"}],"gender":[{"description":"Male","count":959,"tested":11424,"color":"rgb(31,119,180)"},{"description":"Unknown/Left Blank","count":8,"tested":480,"color":"rgb(44,160,44)"},{"description":"Female","count":946,"tested":13807,"color":"rgb(255,127,14)"}]}
