{"age":[{"age_group":"<20","count":55,"tested":718},{"age_group":"20-29   ","count":87,"tested":999},{"age_group":"30-39   ","count":60,"tested":855},{"age_group":"40-49   ","count":84,"tested":1006},{"age_group":"50-59   ","count":80,"tested":1064},{"age_group":"60-69   ","count":48,"tested":976},{"age_group":"70-79   ","count":36,"tested":1058},{"age_group":"80+","count":20,"tested":993}],"race":[{"description":"Hispanic","count":47,"tested":311,"color":"rgb(214,39,40)"},{"description":"Left Blank","count":186,"tested":3051,"color":"rgb(44,160,44)"},{"description":"White","count":198,"tested":3641,"color":"rgb(31,119,180)"},{"description":"Asian","count":6,"tested":82,"color":"rgb(140,86,75)"},{"description":"Black","count":20,"tested":308,"color":"rgb(255,127,14)"},{"description":"Other","count":13,"tested":259,"color":"rgb(148,103,189)"}],"gender":[{"description":"Male","count":237,"tested":3225,"color":"rgb(31,119,180)"},{"description":"Female","count":230,"tested":4365,"color":"rgb(255,127,14)"}]}
