{"age":[{"age_group":"<20","count":13,"tested":287},{"age_group":"20-29   ","count":20,"tested":213},{"age_group":"30-39   ","count":7,"tested":110},{"age_group":"40-49   ","count":15,"tested":93},{"age_group":"50-59   ","count":22,"tested":145},{"age_group":"60-69   ","count":6,"tested":156}],"race":[{"description":"Left Blank","count":19,"tested":546,"color":"rgb(44,160,44)"},{"description":"Hispanic","count":13,"tested":48,"color":"rgb(214,39,40)"},{"description":"White","count":53,"tested":480,"color":"rgb(31,119,180)"}],"gender":[{"description":"Male","count":37,"tested":381,"color":"rgb(31,119,180)"},{"description":"Female","count":48,"tested":689,"color":"rgb(255,127,14)"}]}
