{"age":[{"age_group":"<20","count":110,"tested":1305},{"age_group":"20-29   ","count":193,"tested":2097},{"age_group":"30-39   ","count":142,"tested":2023},{"age_group":"40-49   ","count":142,"tested":1483},{"age_group":"50-59   ","count":129,"tested":1817},{"age_group":"60-69   ","count":80,"tested":1545},{"age_group":"70-79   ","count":54,"tested":1096},{"age_group":"80+","count":33,"tested":1070}],"race":[{"description":"White","count":296,"tested":4154,"color":"rgb(31,119,180)"},{"description":"Asian","count":24,"tested":293,"color":"rgb(140,86,75)"},{"description":"Black","count":43,"tested":442,"color":"rgb(255,127,14)"},{"description":"Other","count":54,"tested":464,"color":"rgb(148,103,189)"},{"description":"Hispanic","count":232,"tested":999,"color":"rgb(214,39,40)"},{"description":"Left Blank","count":234,"tested":6069,"color":"rgb(44,160,44)"}],"gender":[{"description":"Female","count":455,"tested":6945,"color":"rgb(255,127,14)"},{"description":"Male","count":426,"tested":5391,"color":"rgb(31,119,180)"}]}
