{"age":[{"age_group":"<20","count":49,"tested":689},{"age_group":"20-29   ","count":48,"tested":547},{"age_group":"30-39   ","count":29,"tested":473},{"age_group":"40-49   ","count":32,"tested":449},{"age_group":"50-59   ","count":35,"tested":420},{"age_group":"60-69   ","count":17,"tested":318},{"age_group":"70-79   ","count":6,"tested":153}],"race":[{"description":"Left Blank","count":61,"tested":857,"color":"rgb(44,160,44)"},{"description":"White","count":140,"tested":2034,"color":"rgb(31,119,180)"},{"description":"Other","count":9,"tested":117,"color":"rgb(148,103,189)"},{"description":"Hispanic","count":8,"tested":77,"color":"rgb(214,39,40)"}],"gender":[{"description":"Male","count":107,"tested":1361,"color":"rgb(31,119,180)"},{"description":"Female","count":110,"tested":1737,"color":"rgb(255,127,14)"}]}
