{"age":[{"age_group":"<20","count":21,"tested":277},{"age_group":"20-29   ","count":55,"tested":540},{"age_group":"30-39   ","count":53,"tested":471},{"age_group":"40-49   ","count":42,"tested":526},{"age_group":"50-59   ","count":37,"tested":450},{"age_group":"60-69   ","count":21,"tested":333},{"age_group":"70-79   ","count":16,"tested":167},{"age_group":"80+","count":7,"tested":58}],"race":[{"description":"Black","count":166,"tested":1679,"color":"rgb(255,127,14)"},{"description":"White","count":8,"tested":64,"color":"rgb(31,119,180)"},{"description":"Left Blank","count":67,"tested":991,"color":"rgb(44,160,44)"},{"description":"Hispanic","count":6,"tested":37,"color":"rgb(214,39,40)"}],"gender":[{"description":"Female","count":156,"tested":1764,"color":"rgb(255,127,14)"},{"description":"Male","count":95,"tested":996,"color":"rgb(31,119,180)"}]}
