{"age":[{"age_group":"<20","count":168,"tested":2062},{"age_group":"20-29   ","count":251,"tested":2799},{"age_group":"30-39   ","count":279,"tested":3007},{"age_group":"40-49   ","count":257,"tested":2777},{"age_group":"50-59   ","count":216,"tested":2613},{"age_group":"60-69   ","count":161,"tested":2011},{"age_group":"70-79   ","count":73,"tested":858},{"age_group":"80+","count":36,"tested":386}],"race":[{"description":"Hispanic","count":175,"tested":945,"color":"rgb(214,39,40)"},{"description":"Left Blank","count":255,"tested":5612,"color":"rgb(44,160,44)"},{"description":"White","count":42,"tested":646,"color":"rgb(31,119,180)"},{"description":"Other","count":28,"tested":376,"color":"rgb(148,103,189)"},{"description":"Black","count":933,"tested":8861,"color":"rgb(255,127,14)"},{"description":"Asian","count":6,"tested":55,"color":"rgb(140,86,75)"}],"gender":[{"description":"Female","count":817,"tested":8752,"color":"rgb(255,127,14)"},{"description":"Male","count":603,"tested":7095,"color":"rgb(31,119,180)"},{"description":"Unknown/Left Blank","count":21,"tested":675,"color":"rgb(44,160,44)"}]}
