{"age":[{"age_group":"<20","count":40,"tested":635},{"age_group":"20-29   ","count":36,"tested":603},{"age_group":"30-39   ","count":28,"tested":590},{"age_group":"40-49   ","count":48,"tested":555},{"age_group":"50-59   ","count":49,"tested":765},{"age_group":"60-69   ","count":36,"tested":673},{"age_group":"70-79   ","count":14,"tested":546},{"age_group":"80+","count":8,"tested":288}],"race":[{"description":"Left Blank","count":62,"tested":1532,"color":"rgb(44,160,44)"},{"description":"Hispanic","count":27,"tested":194,"color":"rgb(214,39,40)"},{"description":"White","count":152,"tested":2729,"color":"rgb(31,119,180)"},{"description":"Other","count":10,"tested":109,"color":"rgb(148,103,189)"}],"gender":[{"description":"Female","count":129,"tested":2430,"color":"rgb(255,127,14)"},{"description":"Male","count":129,"tested":2185,"color":"rgb(31,119,180)"}]}
