{"age":[{"age_group":"<20","count":34,"tested":263},{"age_group":"20-29   ","count":28,"tested":313},{"age_group":"30-39   ","count":30,"tested":319},{"age_group":"40-49   ","count":19,"tested":136},{"age_group":"50-59   ","count":22,"tested":225},{"age_group":"60-69   ","count":26,"tested":285},{"age_group":"70-79   ","count":16,"tested":271},{"age_group":"80+","count":9,"tested":211}],"race":[{"description":"White","count":153,"tested":1564,"color":"rgb(31,119,180)"},{"description":"Hispanic","count":6,"tested":37,"color":"rgb(214,39,40)"},{"description":"Left Blank","count":17,"tested":365,"color":"rgb(44,160,44)"},{"description":"Other","count":6,"tested":44,"color":"rgb(148,103,189)"}],"gender":[{"description":"Female","count":92,"tested":1208,"color":"rgb(255,127,14)"},{"description":"Male","count":89,"tested":802,"color":"rgb(31,119,180)"}]}
