{"age":[{"age_group":"<20","count":439,"tested":5458},{"age_group":"20-29   ","count":388,"tested":5423},{"age_group":"30-39   ","count":397,"tested":5740},{"age_group":"40-49   ","count":462,"tested":6331},{"age_group":"50-59   ","count":492,"tested":7030},{"age_group":"60-69   ","count":266,"tested":5496},{"age_group":"70-79   ","count":150,"tested":3762},{"age_group":"80+","count":156,"tested":3630}],"race":[{"description":"Other","count":230,"tested":2072,"color":"rgb(148,103,189)"},{"description":"Asian","count":169,"tested":2035,"color":"rgb(140,86,75)"},{"description":"NH/PI*","count":8,"tested":73,"color":"rgb(127,127,127)"},{"description":"Black","count":30,"tested":484,"color":"rgb(255,127,14)"},{"description":"Left Blank","count":683,"tested":19815,"color":"rgb(44,160,44)"},{"description":"White","count":1285,"tested":15574,"color":"rgb(31,119,180)"},{"description":"Hispanic","count":342,"tested":2780,"color":"rgb(214,39,40)"}],"gender":[{"description":"Female","count":1351,"tested":22383,"color":"rgb(255,127,14)"},{"description":"Male","count":1340,"tested":19096,"color":"rgb(31,119,180)"},{"description":"Unknown/Left Blank","count":59,"tested":1399,"color":"rgb(44,160,44)"}]}
