{"age":[{"age_group":"<20","count":67,"tested":552},{"age_group":"20-29   ","count":80,"tested":1243},{"age_group":"30-39   ","count":62,"tested":1899},{"age_group":"40-49   ","count":67,"tested":2007},{"age_group":"50-59   ","count":56,"tested":2855},{"age_group":"60-69   ","count":47,"tested":2868},{"age_group":"70-79   ","count":17,"tested":610},{"age_group":"80+","count":10,"tested":299}],"race":[{"description":"Black","count":256,"tested":7765,"color":"rgb(255,127,14)"},{"description":"White","count":13,"tested":1084,"color":"rgb(31,119,180)"},{"description":"Hispanic","count":17,"tested":253,"color":"rgb(214,39,40)"},{"description":"Left Blank","count":115,"tested":3121,"color":"rgb(44,160,44)"}],"gender":[{"description":"Male","count":201,"tested":6980,"color":"rgb(31,119,180)"},{"description":"Female","count":203,"tested":5365,"color":"rgb(255,127,14)"}]}
