{"age":[{"age_group":"<20","count":611,"tested":5680},{"age_group":"20-29   ","count":598,"tested":5701},{"age_group":"30-39   ","count":614,"tested":5581},{"age_group":"40-49   ","count":610,"tested":5638},{"age_group":"50-59   ","count":390,"tested":4108},{"age_group":"60-69   ","count":196,"tested":2412},{"age_group":"70-79   ","count":102,"tested":1331},{"age_group":"80+","count":36,"tested":627}],"race":[{"description":"Hispanic","count":1179,"tested":6548,"color":"rgb(214,39,40)"},{"description":"Asian","count":47,"tested":572,"color":"rgb(140,86,75)"},{"description":"White","count":950,"tested":10100,"color":"rgb(31,119,180)"},{"description":"Black","count":210,"tested":1915,"color":"rgb(255,127,14)"},{"description":"Other","count":83,"tested":1138,"color":"rgb(148,103,189)"},{"description":"Left Blank","count":680,"tested":10749,"color":"rgb(44,160,44)"},{"description":"AI/AN**","count":6,"tested":35,"color":"rgb(31,119,180)"}],"gender":[{"description":"Female","count":1615,"tested":17283,"color":"rgb(255,127,14)"},{"description":"Male","count":1535,"tested":13531,"color":"rgb(31,119,180)"},{"description":"Unknown/Left Blank","count":7,"tested":268,"color":"rgb(44,160,44)"}]}
