{"age":[{"age_group":"<20","count":75,"tested":719},{"age_group":"20-29   ","count":75,"tested":814},{"age_group":"30-39   ","count":81,"tested":740},{"age_group":"40-49   ","count":87,"tested":1103},{"age_group":"50-59   ","count":90,"tested":1323},{"age_group":"60-69   ","count":64,"tested":1092},{"age_group":"70-79   ","count":30,"tested":579},{"age_group":"80+","count":28,"tested":354}],"race":[{"description":"Left Blank","count":114,"tested":1256,"color":"rgb(44,160,44)"},{"description":"White","count":277,"tested":3915,"color":"rgb(31,119,180)"},{"description":"Hispanic","count":50,"tested":355,"color":"rgb(214,39,40)"},{"description":"Black","count":77,"tested":950,"color":"rgb(255,127,14)"},{"description":"Other","count":12,"tested":216,"color":"rgb(148,103,189)"}],"gender":[{"description":"Female","count":293,"tested":4216,"color":"rgb(255,127,14)"},{"description":"Male","count":237,"tested":2475,"color":"rgb(31,119,180)"}]}
