{"age":[{"age_group":"<20","count":379,"tested":4287},{"age_group":"20-29   ","count":478,"tested":4899},{"age_group":"30-39   ","count":373,"tested":4010},{"age_group":"40-49   ","count":390,"tested":3866},{"age_group":"50-59   ","count":424,"tested":4366},{"age_group":"60-69   ","count":247,"tested":3031},{"age_group":"70-79   ","count":154,"tested":1860},{"age_group":"80+","count":64,"tested":1326}],"race":[{"description":"Black","count":99,"tested":626,"color":"rgb(255,127,14)"},{"description":"Asian","count":44,"tested":339,"color":"rgb(140,86,75)"},{"description":"Other","count":33,"tested":352,"color":"rgb(148,103,189)"},{"description":"Hispanic","count":196,"tested":1108,"color":"rgb(214,39,40)"},{"description":"Left Blank","count":269,"tested":10549,"color":"rgb(44,160,44)"},{"description":"White","count":1864,"tested":14647,"color":"rgb(31,119,180)"}],"gender":[{"description":"Female","count":1339,"tested":16323,"color":"rgb(255,127,14)"},{"description":"Male","count":1164,"tested":11067,"color":"rgb(31,119,180)"}]}
