{"age":[{"age_group":"<20","count":151,"tested":2035},{"age_group":"20-29   ","count":104,"tested":1699},{"age_group":"30-39   ","count":106,"tested":1641},{"age_group":"40-49   ","count":73,"tested":1133},{"age_group":"50-59   ","count":84,"tested":1447},{"age_group":"60-69   ","count":84,"tested":1269},{"age_group":"70-79   ","count":48,"tested":811},{"age_group":"80+","count":72,"tested":913}],"race":[{"description":"Left Blank","count":98,"tested":2278,"color":"rgb(44,160,44)"},{"description":"Other","count":10,"tested":176,"color":"rgb(148,103,189)"},{"description":"White","count":579,"tested":8161,"color":"rgb(31,119,180)"},{"description":"Black","count":8,"tested":132,"color":"rgb(255,127,14)"},{"description":"Hispanic","count":24,"tested":172,"color":"rgb(214,39,40)"}],"gender":[{"description":"Female","count":383,"tested":6905,"color":"rgb(255,127,14)"},{"description":"Male","count":326,"tested":3983,"color":"rgb(31,119,180)"}]}
