{"age":[{"age_group":"<20","count":344,"tested":5278},{"age_group":"20-29   ","count":795,"tested":17121},{"age_group":"30-39   ","count":807,"tested":16056},{"age_group":"40-49   ","count":545,"tested":10683},{"age_group":"50-59   ","count":505,"tested":11182},{"age_group":"60-69   ","count":401,"tested":11152},{"age_group":"70-79   ","count":194,"tested":6159},{"age_group":"80+","count":165,"tested":3940}],"race":[{"description":"Black","count":922,"tested":13558,"color":"rgb(255,127,14)"},{"description":"Hispanic","count":432,"tested":3979,"color":"rgb(214,39,40)"},{"description":"White","count":616,"tested":11361,"color":"rgb(31,119,180)"},{"description":"Other","count":170,"tested":2907,"color":"rgb(148,103,189)"},{"description":"Left Blank","count":1097,"tested":41659,"color":"rgb(44,160,44)"},{"description":"Asian","count":511,"tested":7968,"color":"rgb(140,86,75)"}],"gender":[{"description":"Female","count":1878,"tested":41211,"color":"rgb(255,127,14)"},{"description":"Unknown/Left Blank","count":64,"tested":2381,"color":"rgb(44,160,44)"},{"description":"Male","count":1814,"tested":37998,"color":"rgb(31,119,180)"}]}
