{"age":[{"age_group":"<20","count":480,"tested":5300},{"age_group":"20-29   ","count":526,"tested":6698},{"age_group":"30-39   ","count":579,"tested":6625},{"age_group":"40-49   ","count":486,"tested":5826},{"age_group":"50-59   ","count":446,"tested":6007},{"age_group":"60-69   ","count":295,"tested":5318},{"age_group":"70-79   ","count":108,"tested":2460},{"age_group":"80+","count":37,"tested":1752}],"race":[{"description":"Other","count":110,"tested":1447,"color":"rgb(148,103,189)"},{"description":"AI/AN**","count":10,"tested":41,"color":"rgb(31,119,180)"},{"description":"NH/PI*","count":6,"tested":43,"color":"rgb(127,127,127)"},{"description":"Black","count":259,"tested":2440,"color":"rgb(255,127,14)"},{"description":"Asian","count":198,"tested":2174,"color":"rgb(140,86,75)"},{"description":"White","count":1271,"tested":12729,"color":"rgb(31,119,180)"},{"description":"Left Blank","count":607,"tested":18854,"color":"rgb(44,160,44)"},{"description":"Hispanic","count":496,"tested":2274,"color":"rgb(214,39,40)"}],"gender":[{"description":"Female","count":1516,"tested":23032,"color":"rgb(255,127,14)"},{"description":"Male","count":1420,"tested":16484,"color":"rgb(31,119,180)"},{"description":"Unknown/Left Blank","count":21,"tested":486,"color":"rgb(44,160,44)"}]}
