{"age":[{"age_group":"<20","count":1575,"tested":9773},{"age_group":"20-29   ","count":1794,"tested":14375},{"age_group":"30-39   ","count":1502,"tested":10657},{"age_group":"40-49   ","count":1638,"tested":10297},{"age_group":"50-59   ","count":1234,"tested":9625},{"age_group":"60-69   ","count":653,"tested":7780},{"age_group":"70-79   ","count":307,"tested":6213},{"age_group":"80+","count":152,"tested":4318}],"race":[{"description":"Black","count":328,"tested":3409,"color":"rgb(255,127,14)"},{"description":"Asian","count":42,"tested":395,"color":"rgb(140,86,75)"},{"description":"Other","count":263,"tested":2858,"color":"rgb(148,103,189)"},{"description":"AI/AN**","count":8,"tested":69,"color":"rgb(31,119,180)"},{"description":"White","count":699,"tested":8028,"color":"rgb(31,119,180)"},{"description":"Left Blank","count":1891,"tested":33561,"color":"rgb(44,160,44)"},{"description":"Hispanic","count":5619,"tested":24697,"color":"rgb(214,39,40)"}],"gender":[{"description":"Unknown/Left Blank","count":31,"tested":700,"color":"rgb(44,160,44)"},{"description":"Female","count":4544,"tested":41540,"color":"rgb(255,127,14)"},{"description":"Male","count":4280,"tested":30806,"color":"rgb(31,119,180)"}]}
