{"age":[{"age_group":"<20","count":370,"tested":3641},{"age_group":"20-29   ","count":363,"tested":4007},{"age_group":"30-39   ","count":364,"tested":4492},{"age_group":"40-49   ","count":342,"tested":4468},{"age_group":"50-59   ","count":302,"tested":4958},{"age_group":"60-69   ","count":216,"tested":4851},{"age_group":"70-79   ","count":89,"tested":2774},{"age_group":"80+","count":79,"tested":2631}],"race":[{"description":"Asian","count":10,"tested":144,"color":"rgb(140,86,75)"},{"description":"Hispanic","count":245,"tested":1725,"color":"rgb(214,39,40)"},{"description":"Black","count":326,"tested":3546,"color":"rgb(255,127,14)"},{"description":"Left Blank","count":856,"tested":18777,"color":"rgb(44,160,44)"},{"description":"Other","count":168,"tested":1536,"color":"rgb(148,103,189)"},{"description":"White","count":516,"tested":6063,"color":"rgb(31,119,180)"}],"gender":[{"description":"Unknown/Left Blank","count":17,"tested":319,"color":"rgb(44,160,44)"},{"description":"Male","count":1020,"tested":12612,"color":"rgb(31,119,180)"},{"description":"Female","count":1088,"tested":18894,"color":"rgb(255,127,14)"}]}
