{"age":[{"age_group":"<20","count":180,"tested":2322},{"age_group":"20-29   ","count":180,"tested":2356},{"age_group":"30-39   ","count":162,"tested":2437},{"age_group":"40-49   ","count":175,"tested":2594},{"age_group":"50-59   ","count":196,"tested":2711},{"age_group":"60-69   ","count":122,"tested":2022},{"age_group":"70-79   ","count":50,"tested":958},{"age_group":"80+","count":17,"tested":311}],"race":[{"description":"Hispanic","count":57,"tested":516,"color":"rgb(214,39,40)"},{"description":"Left Blank","count":374,"tested":7563,"color":"rgb(44,160,44)"},{"description":"Asian","count":140,"tested":2093,"color":"rgb(140,86,75)"},{"description":"White","count":442,"tested":4843,"color":"rgb(31,119,180)"},{"description":"Black","count":25,"tested":301,"color":"rgb(255,127,14)"},{"description":"Other","count":37,"tested":344,"color":"rgb(148,103,189)"}],"gender":[{"description":"Female","count":537,"tested":8432,"color":"rgb(255,127,14)"},{"description":"Male","count":542,"tested":7109,"color":"rgb(31,119,180)"}]}
