{"age":[{"age_group":"<20","count":21,"tested":317},{"age_group":"20-29   ","count":35,"tested":290},{"age_group":"30-39   ","count":30,"tested":322},{"age_group":"40-49   ","count":24,"tested":241},{"age_group":"50-59   ","count":33,"tested":283},{"age_group":"60-69   ","count":13,"tested":143},{"age_group":"70-79   ","count":10,"tested":99}],"race":[{"description":"Left Blank","count":30,"tested":501,"color":"rgb(44,160,44)"},{"description":"Other","count":19,"tested":119,"color":"rgb(148,103,189)"},{"description":"White","count":121,"tested":1067,"color":"rgb(31,119,180)"}],"gender":[{"description":"Male","count":88,"tested":728,"color":"rgb(31,119,180)"},{"description":"Female","count":83,"tested":965,"color":"rgb(255,127,14)"}]}
