{"age":[{"age_group":"<20","count":110,"tested":873},{"age_group":"20-29   ","count":144,"tested":1423},{"age_group":"30-39   ","count":149,"tested":1634},{"age_group":"40-49   ","count":155,"tested":1674},{"age_group":"50-59   ","count":154,"tested":1712},{"age_group":"60-69   ","count":107,"tested":1429},{"age_group":"70-79   ","count":50,"tested":836},{"age_group":"80+","count":20,"tested":271}],"race":[{"description":"Hispanic","count":148,"tested":746,"color":"rgb(214,39,40)"},{"description":"White","count":57,"tested":734,"color":"rgb(31,119,180)"},{"description":"Left Blank","count":172,"tested":3515,"color":"rgb(44,160,44)"},{"description":"Asian","count":14,"tested":100,"color":"rgb(140,86,75)"},{"description":"Black","count":458,"tested":4478,"color":"rgb(255,127,14)"},{"description":"Other","count":37,"tested":277,"color":"rgb(148,103,189)"}],"gender":[{"description":"Unknown/Left Blank","count":14,"tested":385,"color":"rgb(44,160,44)"},{"description":"Male","count":403,"tested":3930,"color":"rgb(31,119,180)"},{"description":"Female","count":472,"tested":5539,"color":"rgb(255,127,14)"}]}
