{"age":[{"age_group":"<20","count":11,"tested":79},{"age_group":"30-39   ","count":10,"tested":100},{"age_group":"40-49   ","count":11,"tested":105},{"age_group":"50-59   ","count":6,"tested":42}],"race":[{"description":"Left Blank","count":8,"tested":159,"color":"rgb(44,160,44)"},{"description":"White","count":40,"tested":292,"color":"rgb(31,119,180)"}],"gender":[{"description":"Male","count":22,"tested":182,"color":"rgb(31,119,180)"},{"description":"Female","count":28,"tested":292,"color":"rgb(255,127,14)"}]}
