{"age":[{"age_group":"<20","count":832,"tested":6459},{"age_group":"20-29   ","count":769,"tested":6881},{"age_group":"30-39   ","count":650,"tested":5629},{"age_group":"40-49   ","count":717,"tested":5653},{"age_group":"50-59   ","count":682,"tested":5773},{"age_group":"60-69   ","count":401,"tested":4402},{"age_group":"70-79   ","count":227,"tested":3324},{"age_group":"80+","count":153,"tested":3743}],"race":[{"description":"Other","count":57,"tested":542,"color":"rgb(148,103,189)"},{"description":"Left Blank","count":357,"tested":21859,"color":"rgb(44,160,44)"},{"description":"White","count":2050,"tested":14162,"color":"rgb(31,119,180)"},{"description":"Hispanic","count":1834,"tested":4406,"color":"rgb(214,39,40)"},{"description":"Asian","count":32,"tested":194,"color":"rgb(140,86,75)"},{"description":"Black","count":93,"tested":671,"color":"rgb(255,127,14)"},{"description":"AI/AN**","count":7,"tested":26,"color":"rgb(31,119,180)"}],"gender":[{"description":"Male","count":2072,"tested":15933,"color":"rgb(31,119,180)"},{"description":"Unknown/Left Blank","count":7,"tested":640,"color":"rgb(44,160,44)"},{"description":"Female","count":2353,"tested":25301,"color":"rgb(255,127,14)"}]}
