{"age":[{"age_group":"<20","count":18,"tested":387},{"age_group":"20-29   ","count":35,"tested":293},{"age_group":"30-39   ","count":20,"tested":404},{"age_group":"40-49   ","count":29,"tested":457},{"age_group":"50-59   ","count":36,"tested":539},{"age_group":"60-69   ","count":17,"tested":247}],"race":[{"description":"Other","count":7,"tested":42,"color":"rgb(148,103,189)"},{"description":"White","count":135,"tested":1647,"color":"rgb(31,119,180)"},{"description":"Left Blank","count":25,"tested":696,"color":"rgb(44,160,44)"}],"gender":[{"description":"Male","count":71,"tested":796,"color":"rgb(31,119,180)"},{"description":"Female","count":99,"tested":1570,"color":"rgb(255,127,14)"}]}
