{"age":[{"age_group":"<20","count":21,"tested":257},{"age_group":"20-29   ","count":13,"tested":178},{"age_group":"30-39   ","count":25,"tested":216},{"age_group":"40-49   ","count":12,"tested":231},{"age_group":"50-59   ","count":24,"tested":228},{"age_group":"60-69   ","count":26,"tested":245},{"age_group":"70-79   ","count":7,"tested":141}],"race":[{"description":"White","count":86,"tested":907,"color":"rgb(31,119,180)"},{"description":"Left Blank","count":33,"tested":521,"color":"rgb(44,160,44)"}],"gender":[{"description":"Female","count":66,"tested":888,"color":"rgb(255,127,14)"},{"description":"Male","count":63,"tested":638,"color":"rgb(31,119,180)"}]}
