{"age":[{"age_group":"<20","count":41,"tested":308},{"age_group":"20-29   ","count":33,"tested":346},{"age_group":"30-39   ","count":22,"tested":285},{"age_group":"40-49   ","count":19,"tested":245},{"age_group":"50-59   ","count":29,"tested":445},{"age_group":"60-69   ","count":35,"tested":469},{"age_group":"70-79   ","count":18,"tested":280},{"age_group":"80+","count":6,"tested":101}],"race":[{"description":"Left Blank","count":14,"tested":333,"color":"rgb(44,160,44)"},{"description":"Hispanic","count":7,"tested":55,"color":"rgb(214,39,40)"},{"description":"White","count":170,"tested":2012,"color":"rgb(31,119,180)"},{"description":"Black","count":8,"tested":35,"color":"rgb(255,127,14)"}],"gender":[{"description":"Male","count":98,"tested":859,"color":"rgb(31,119,180)"},{"description":"Female","count":103,"tested":1587,"color":"rgb(255,127,14)"}]}
