{"age":[{"age_group":"<20","count":714,"tested":7152},{"age_group":"20-29   ","count":879,"tested":11756},{"age_group":"30-39   ","count":823,"tested":12005},{"age_group":"40-49   ","count":690,"tested":8651},{"age_group":"50-59   ","count":715,"tested":10619},{"age_group":"60-69   ","count":470,"tested":8758},{"age_group":"70-79   ","count":178,"tested":4876},{"age_group":"80+","count":183,"tested":9122}],"race":[{"description":"Other","count":153,"tested":2007,"color":"rgb(148,103,189)"},{"description":"Left Blank","count":883,"tested":35748,"color":"rgb(44,160,44)"},{"description":"White","count":2497,"tested":26015,"color":"rgb(31,119,180)"},{"description":"Hispanic","count":577,"tested":3048,"color":"rgb(214,39,40)"},{"description":"Asian","count":318,"tested":3825,"color":"rgb(140,86,75)"},{"description":"Black","count":207,"tested":2206,"color":"rgb(255,127,14)"},{"description":"NH/PI*","count":9,"tested":43,"color":"rgb(127,127,127)"},{"description":"AI/AN**","count":8,"tested":78,"color":"rgb(31,119,180)"}],"gender":[{"description":"Unknown/Left Blank","count":33,"tested":1282,"color":"rgb(44,160,44)"},{"description":"Male","count":2245,"tested":29660,"color":"rgb(31,119,180)"},{"description":"Female","count":2374,"tested":42028,"color":"rgb(255,127,14)"}]}
