{"age":[{"age_group":"<20","count":595,"tested":6919},{"age_group":"20-29   ","count":395,"tested":5248},{"age_group":"30-39   ","count":308,"tested":4735},{"age_group":"40-49   ","count":395,"tested":4419},{"age_group":"50-59   ","count":453,"tested":6215},{"age_group":"60-69   ","count":246,"tested":4051},{"age_group":"70-79   ","count":114,"tested":2452},{"age_group":"80+","count":106,"tested":4186}],"race":[{"description":"Black","count":15,"tested":298,"color":"rgb(255,127,14)"},{"description":"White","count":1768,"tested":19606,"color":"rgb(31,119,180)"},{"description":"Asian","count":40,"tested":535,"color":"rgb(140,86,75)"},{"description":"Other","count":55,"tested":801,"color":"rgb(148,103,189)"},{"description":"Hispanic","count":160,"tested":1157,"color":"rgb(214,39,40)"},{"description":"Left Blank","count":576,"tested":15841,"color":"rgb(44,160,44)"}],"gender":[{"description":"Unknown/Left Blank","count":21,"tested":271,"color":"rgb(44,160,44)"},{"description":"Female","count":1322,"tested":22178,"color":"rgb(255,127,14)"},{"description":"Male","count":1274,"tested":15808,"color":"rgb(31,119,180)"}]}
