{"age":[{"age_group":"<20","count":211,"tested":2233},{"age_group":"20-29   ","count":255,"tested":3067},{"age_group":"30-39   ","count":289,"tested":3533},{"age_group":"40-49   ","count":263,"tested":3199},{"age_group":"50-59   ","count":242,"tested":3547},{"age_group":"60-69   ","count":162,"tested":2615},{"age_group":"70-79   ","count":80,"tested":2161},{"age_group":"80+","count":91,"tested":8186}],"race":[{"description":"AI/AN**","count":8,"tested":33,"color":"rgb(31,119,180)"},{"description":"White","count":528,"tested":6050,"color":"rgb(31,119,180)"},{"description":"Left Blank","count":537,"tested":18254,"color":"rgb(44,160,44)"},{"description":"Other","count":55,"tested":476,"color":"rgb(148,103,189)"},{"description":"Black","count":55,"tested":620,"color":"rgb(255,127,14)"},{"description":"Hispanic","count":225,"tested":1176,"color":"rgb(214,39,40)"},{"description":"Asian","count":184,"tested":2141,"color":"rgb(140,86,75)"}],"gender":[{"description":"Female","count":853,"tested":17825,"color":"rgb(255,127,14)"},{"description":"Unknown/Left Blank","count":8,"tested":548,"color":"rgb(44,160,44)"},{"description":"Male","count":732,"tested":10427,"color":"rgb(31,119,180)"}]}
