{"age":[{"age_group":"<20","count":250,"tested":2712},{"age_group":"20-29   ","count":135,"tested":1679},{"age_group":"30-39   ","count":101,"tested":1246},{"age_group":"40-49   ","count":143,"tested":1537},{"age_group":"50-59   ","count":160,"tested":1924},{"age_group":"60-69   ","count":76,"tested":1385},{"age_group":"70-79   ","count":19,"tested":690},{"age_group":"80+","count":50,"tested":774}],"race":[{"description":"Other","count":19,"tested":392,"color":"rgb(148,103,189)"},{"description":"Left Blank","count":208,"tested":6019,"color":"rgb(44,160,44)"},{"description":"Hispanic","count":39,"tested":235,"color":"rgb(214,39,40)"},{"description":"White","count":592,"tested":4655,"color":"rgb(31,119,180)"},{"description":"Asian","count":47,"tested":442,"color":"rgb(140,86,75)"},{"description":"Black","count":28,"tested":202,"color":"rgb(255,127,14)"}],"gender":[{"description":"Male","count":459,"tested":5039,"color":"rgb(31,119,180)"},{"description":"Female","count":458,"tested":6686,"color":"rgb(255,127,14)"}]}
