{"age":[{"age_group":"<20","count":437,"tested":4336},{"age_group":"20-29   ","count":501,"tested":5697},{"age_group":"30-39   ","count":475,"tested":5639},{"age_group":"40-49   ","count":476,"tested":4452},{"age_group":"50-59   ","count":483,"tested":5427},{"age_group":"60-69   ","count":356,"tested":4456},{"age_group":"70-79   ","count":161,"tested":3615},{"age_group":"80+","count":157,"tested":4156}],"race":[{"description":"Black","count":24,"tested":281,"color":"rgb(255,127,14)"},{"description":"Asian","count":30,"tested":413,"color":"rgb(140,86,75)"},{"description":"White","count":1628,"tested":18703,"color":"rgb(31,119,180)"},{"description":"Other","count":51,"tested":1220,"color":"rgb(148,103,189)"},{"description":"Left Blank","count":812,"tested":14608,"color":"rgb(44,160,44)"},{"description":"Hispanic","count":496,"tested":2524,"color":"rgb(214,39,40)"}],"gender":[{"description":"Female","count":1538,"tested":22107,"color":"rgb(255,127,14)"},{"description":"Male","count":1488,"tested":14871,"color":"rgb(31,119,180)"},{"description":"Unknown/Left Blank","count":20,"tested":817,"color":"rgb(44,160,44)"}]}
