{"age":[{"age_group":"<20","count":12,"tested":218},{"age_group":"20-29   ","count":13,"tested":150},{"age_group":"30-39   ","count":10,"tested":176},{"age_group":"40-49   ","count":13,"tested":172},{"age_group":"50-59   ","count":12,"tested":187},{"age_group":"70-79   ","count":6,"tested":63}],"race":[{"description":"White","count":57,"tested":829,"color":"rgb(31,119,180)"}],"gender":[{"description":"Male","count":35,"tested":488,"color":"rgb(31,119,180)"},{"description":"Female","count":34,"tested":634,"color":"rgb(255,127,14)"}]}
