{"age":[{"age_group":"<20","count":108,"tested":1178},{"age_group":"20-29   ","count":124,"tested":1254},{"age_group":"30-39   ","count":130,"tested":1065},{"age_group":"40-49   ","count":120,"tested":1092},{"age_group":"50-59   ","count":182,"tested":1669},{"age_group":"60-69   ","count":105,"tested":1061},{"age_group":"70-79   ","count":48,"tested":664},{"age_group":"80+","count":17,"tested":242}],"race":[{"description":"Hispanic","count":30,"tested":237,"color":"rgb(214,39,40)"},{"description":"White","count":495,"tested":4682,"color":"rgb(31,119,180)"},{"description":"Other","count":40,"tested":279,"color":"rgb(148,103,189)"},{"description":"Left Blank","count":264,"tested":2880,"color":"rgb(44,160,44)"}],"gender":[{"description":"Male","count":409,"tested":3824,"color":"rgb(31,119,180)"},{"description":"Female","count":419,"tested":4368,"color":"rgb(255,127,14)"}]}
