{"age":[{"age_group":"<20","count":1157,"tested":10106},{"age_group":"20-29   ","count":1380,"tested":15947},{"age_group":"30-39   ","count":1049,"tested":11459},{"age_group":"40-49   ","count":1091,"tested":11914},{"age_group":"50-59   ","count":941,"tested":12036},{"age_group":"60-69   ","count":569,"tested":9446},{"age_group":"70-79   ","count":276,"tested":4838},{"age_group":"80+","count":186,"tested":4406}],"race":[{"description":"Hispanic","count":3004,"tested":17379,"color":"rgb(214,39,40)"},{"description":"White","count":1367,"tested":21861,"color":"rgb(31,119,180)"},{"description":"Left Blank","count":1391,"tested":28969,"color":"rgb(44,160,44)"},{"description":"AI/AN**","count":8,"tested":72,"color":"rgb(31,119,180)"},{"description":"Other","count":237,"tested":2981,"color":"rgb(148,103,189)"},{"description":"Asian","count":136,"tested":1057,"color":"rgb(140,86,75)"},{"description":"Black","count":503,"tested":7789,"color":"rgb(255,127,14)"}],"gender":[{"description":"Male","count":3187,"tested":34685,"color":"rgb(31,119,180)"},{"description":"Female","count":3437,"tested":44334,"color":"rgb(255,127,14)"},{"description":"Unknown/Left Blank","count":27,"tested":1153,"color":"rgb(44,160,44)"}]}
