{"age":[{"age_group":"<20","count":601,"tested":6012},{"age_group":"20-29   ","count":765,"tested":10122},{"age_group":"30-39   ","count":836,"tested":11763},{"age_group":"40-49   ","count":706,"tested":10525},{"age_group":"50-59   ","count":638,"tested":10923},{"age_group":"60-69   ","count":470,"tested":9775},{"age_group":"70-79   ","count":244,"tested":4292},{"age_group":"80+","count":180,"tested":2418}],"race":[{"description":"Black","count":2816,"tested":27195,"color":"rgb(255,127,14)"},{"description":"Hispanic","count":535,"tested":3081,"color":"rgb(214,39,40)"},{"description":"White","count":125,"tested":2445,"color":"rgb(31,119,180)"},{"description":"Asian","count":9,"tested":125,"color":"rgb(140,86,75)"},{"description":"Other","count":101,"tested":1303,"color":"rgb(148,103,189)"},{"description":"Left Blank","count":851,"tested":31663,"color":"rgb(44,160,44)"}],"gender":[{"description":"Female","count":2385,"tested":36174,"color":"rgb(255,127,14)"},{"description":"Male","count":1939,"tested":27498,"color":"rgb(31,119,180)"},{"description":"Unknown/Left Blank","count":117,"tested":2194,"color":"rgb(44,160,44)"}]}
