{"age":[{"age_group":"<20","count":640,"tested":8360},{"age_group":"20-29   ","count":460,"tested":7257},{"age_group":"30-39   ","count":321,"tested":5653},{"age_group":"40-49   ","count":413,"tested":5922},{"age_group":"50-59   ","count":461,"tested":7051},{"age_group":"60-69   ","count":314,"tested":5867},{"age_group":"70-79   ","count":110,"tested":2797},{"age_group":"80+","count":72,"tested":1099}],"race":[{"description":"Hispanic","count":186,"tested":1489,"color":"rgb(214,39,40)"},{"description":"White","count":1567,"tested":19838,"color":"rgb(31,119,180)"},{"description":"Left Blank","count":626,"tested":16285,"color":"rgb(44,160,44)"},{"description":"Other","count":79,"tested":1550,"color":"rgb(148,103,189)"},{"description":"Asian","count":221,"tested":3775,"color":"rgb(140,86,75)"},{"description":"Black","count":108,"tested":957,"color":"rgb(255,127,14)"}],"gender":[{"description":"Unknown/Left Blank","count":21,"tested":532,"color":"rgb(44,160,44)"},{"description":"Male","count":1403,"tested":20341,"color":"rgb(31,119,180)"},{"description":"Female","count":1367,"tested":23136,"color":"rgb(255,127,14)"}]}
