{"age":[{"age_group":"<20","count":25,"tested":364},{"age_group":"20-29   ","count":72,"tested":1391},{"age_group":"30-39   ","count":49,"tested":1118},{"age_group":"40-49   ","count":31,"tested":614},{"age_group":"50-59   ","count":21,"tested":536},{"age_group":"60-69   ","count":10,"tested":336},{"age_group":"70-79   ","count":7,"tested":276}],"race":[{"description":"Black","count":45,"tested":655,"color":"rgb(255,127,14)"},{"description":"Asian","count":15,"tested":281,"color":"rgb(140,86,75)"},{"description":"Hispanic","count":20,"tested":212,"color":"rgb(214,39,40)"},{"description":"Left Blank","count":46,"tested":1745,"color":"rgb(44,160,44)"},{"description":"Other","count":16,"tested":284,"color":"rgb(148,103,189)"},{"description":"White","count":75,"tested":1546,"color":"rgb(31,119,180)"}],"gender":[{"description":"Female","count":111,"tested":2516,"color":"rgb(255,127,14)"},{"description":"Male","count":105,"tested":1944,"color":"rgb(31,119,180)"}]}
