{"age":[{"age_group":"<20","count":478,"tested":5477},{"age_group":"20-29   ","count":500,"tested":7425},{"age_group":"30-39   ","count":517,"tested":7652},{"age_group":"40-49   ","count":535,"tested":7325},{"age_group":"50-59   ","count":548,"tested":7366},{"age_group":"60-69   ","count":370,"tested":5911},{"age_group":"70-79   ","count":195,"tested":3618},{"age_group":"80+","count":138,"tested":2974}],"race":[{"description":"Other","count":108,"tested":1019,"color":"rgb(148,103,189)"},{"description":"Black","count":81,"tested":1125,"color":"rgb(255,127,14)"},{"description":"White","count":1401,"tested":13994,"color":"rgb(31,119,180)"},{"description":"Asian","count":269,"tested":3938,"color":"rgb(140,86,75)"},{"description":"Left Blank","count":1075,"tested":25111,"color":"rgb(44,160,44)"},{"description":"Hispanic","count":335,"tested":2405,"color":"rgb(214,39,40)"},{"description":"AI/AN**","count":11,"tested":72,"color":"rgb(31,119,180)"}],"gender":[{"description":"Male","count":1535,"tested":18727,"color":"rgb(31,119,180)"},{"description":"Unknown/Left Blank","count":12,"tested":693,"color":"rgb(44,160,44)"},{"description":"Female","count":1735,"tested":28353,"color":"rgb(255,127,14)"}]}
