{"age":[{"age_group":"<20","count":328,"tested":3630},{"age_group":"20-29   ","count":431,"tested":7720},{"age_group":"30-39   ","count":490,"tested":10291},{"age_group":"40-49   ","count":441,"tested":10264},{"age_group":"50-59   ","count":366,"tested":7738},{"age_group":"60-69   ","count":265,"tested":5300},{"age_group":"70-79   ","count":149,"tested":2715},{"age_group":"80+","count":122,"tested":2393}],"race":[{"description":"Left Blank","count":1054,"tested":37210,"color":"rgb(44,160,44)"},{"description":"White","count":813,"tested":9749,"color":"rgb(31,119,180)"},{"description":"Hispanic","count":320,"tested":1671,"color":"rgb(214,39,40)"},{"description":"Other","count":70,"tested":800,"color":"rgb(148,103,189)"},{"description":"Black","count":289,"tested":1829,"color":"rgb(255,127,14)"},{"description":"Asian","count":40,"tested":299,"color":"rgb(140,86,75)"}],"gender":[{"description":"Unknown/Left Blank","count":33,"tested":10222,"color":"rgb(44,160,44)"},{"description":"Female","count":1170,"tested":18101,"color":"rgb(255,127,14)"},{"description":"Male","count":1389,"tested":23269,"color":"rgb(31,119,180)"}]}
