{"age":[{"age_group":"<20","count":23,"tested":173},{"age_group":"20-29   ","count":19,"tested":86},{"age_group":"30-39   ","count":24,"tested":127},{"age_group":"40-49   ","count":16,"tested":74},{"age_group":"50-59   ","count":26,"tested":142},{"age_group":"60-69   ","count":25,"tested":130},{"age_group":"70-79   ","count":11,"tested":78}],"race":[{"description":"Left Blank","count":26,"tested":278,"color":"rgb(44,160,44)"},{"description":"White","count":117,"tested":525,"color":"rgb(31,119,180)"}],"gender":[{"description":"Female","count":76,"tested":430,"color":"rgb(255,127,14)"},{"description":"Male","count":68,"tested":404,"color":"rgb(31,119,180)"}]}
