{"age":[{"age_group":"<20","count":256,"tested":2536},{"age_group":"20-29   ","count":284,"tested":2962},{"age_group":"30-39   ","count":247,"tested":2983},{"age_group":"40-49   ","count":263,"tested":2703},{"age_group":"50-59   ","count":258,"tested":2616},{"age_group":"60-69   ","count":165,"tested":2130},{"age_group":"70-79   ","count":103,"tested":1479},{"age_group":"80+","count":68,"tested":795}],"race":[{"description":"Left Blank","count":472,"tested":8373,"color":"rgb(44,160,44)"},{"description":"White","count":938,"tested":8350,"color":"rgb(31,119,180)"},{"description":"Hispanic","count":139,"tested":746,"color":"rgb(214,39,40)"},{"description":"Other","count":18,"tested":165,"color":"rgb(148,103,189)"},{"description":"Asian","count":25,"tested":186,"color":"rgb(140,86,75)"},{"description":"Black","count":48,"tested":357,"color":"rgb(255,127,14)"}],"gender":[{"description":"Male","count":791,"tested":7378,"color":"rgb(31,119,180)"},{"description":"Female","count":848,"tested":10663,"color":"rgb(255,127,14)"}]}
