{"age":[{"age_group":"<20","count":18,"tested":170},{"age_group":"20-29   ","count":23,"tested":248},{"age_group":"30-39   ","count":16,"tested":151},{"age_group":"40-49   ","count":18,"tested":164},{"age_group":"50-59   ","count":13,"tested":193},{"age_group":"60-69   ","count":15,"tested":167},{"age_group":"70-79   ","count":10,"tested":80}],"race":[{"description":"White","count":86,"tested":812,"color":"rgb(31,119,180)"},{"description":"Left Blank","count":24,"tested":338,"color":"rgb(44,160,44)"}],"gender":[{"description":"Male","count":58,"tested":520,"color":"rgb(31,119,180)"},{"description":"Female","count":58,"tested":661,"color":"rgb(255,127,14)"}]}
