{"age":[{"age_group":"<20","count":250,"tested":2087},{"age_group":"20-29   ","count":334,"tested":4086},{"age_group":"30-39   ","count":309,"tested":4069},{"age_group":"40-49   ","count":259,"tested":3582},{"age_group":"50-59   ","count":244,"tested":3832},{"age_group":"60-69   ","count":180,"tested":3812},{"age_group":"70-79   ","count":118,"tested":2346},{"age_group":"80+","count":151,"tested":2933}],"race":[{"description":"Asian","count":107,"tested":1369,"color":"rgb(140,86,75)"},{"description":"Hispanic","count":253,"tested":1014,"color":"rgb(214,39,40)"},{"description":"Black","count":122,"tested":1293,"color":"rgb(255,127,14)"},{"description":"Other","count":54,"tested":685,"color":"rgb(148,103,189)"},{"description":"Left Blank","count":500,"tested":15473,"color":"rgb(44,160,44)"},{"description":"White","count":803,"tested":6899,"color":"rgb(31,119,180)"},{"description":"NH/PI*","count":6,"tested":14,"color":"rgb(127,127,127)"}],"gender":[{"description":"Female","count":988,"tested":16595,"color":"rgb(255,127,14)"},{"description":"Unknown/Left Blank","count":9,"tested":491,"color":"rgb(44,160,44)"},{"description":"Male","count":848,"tested":9679,"color":"rgb(31,119,180)"}]}
