{"age":[{"age_group":"<20","count":42,"tested":308},{"age_group":"20-29   ","count":25,"tested":154},{"age_group":"30-39   ","count":29,"tested":209},{"age_group":"40-49   ","count":34,"tested":224},{"age_group":"50-59   ","count":31,"tested":237},{"age_group":"60-69   ","count":31,"tested":310},{"age_group":"70-79   ","count":18,"tested":185},{"age_group":"80+","count":7,"tested":78}],"race":[{"description":"White","count":157,"tested":1124,"color":"rgb(31,119,180)"},{"description":"Left Blank","count":53,"tested":524,"color":"rgb(44,160,44)"}],"gender":[{"description":"Female","count":114,"tested":929,"color":"rgb(255,127,14)"},{"description":"Male","count":103,"tested":728,"color":"rgb(31,119,180)"}]}
