{"age":[{"age_group":"<20","count":32,"tested":364},{"age_group":"20-29   ","count":41,"tested":344},{"age_group":"30-39   ","count":34,"tested":277},{"age_group":"40-49   ","count":31,"tested":268},{"age_group":"50-59   ","count":32,"tested":357},{"age_group":"60-69   ","count":51,"tested":331},{"age_group":"70-79   ","count":31,"tested":262},{"age_group":"80+","count":14,"tested":137}],"race":[{"description":"Left Blank","count":56,"tested":720,"color":"rgb(44,160,44)"},{"description":"White","count":201,"tested":1539,"color":"rgb(31,119,180)"}],"gender":[{"description":"Male","count":122,"tested":894,"color":"rgb(31,119,180)"},{"description":"Female","count":144,"tested":1423,"color":"rgb(255,127,14)"}]}
