{"age":[{"age_group":"<20","count":252,"tested":3951},{"age_group":"20-29   ","count":762,"tested":18096},{"age_group":"30-39   ","count":835,"tested":21609},{"age_group":"40-49   ","count":561,"tested":12008},{"age_group":"50-59   ","count":535,"tested":13007},{"age_group":"60-69   ","count":403,"tested":9720},{"age_group":"70-79   ","count":265,"tested":4884},{"age_group":"80+","count":246,"tested":5326}],"race":[{"description":"Asian","count":262,"tested":3464,"color":"rgb(140,86,75)"},{"description":"Hispanic","count":512,"tested":3773,"color":"rgb(214,39,40)"},{"description":"Black","count":494,"tested":7013,"color":"rgb(255,127,14)"},{"description":"White","count":1232,"tested":25078,"color":"rgb(31,119,180)"},{"description":"Other","count":185,"tested":2990,"color":"rgb(148,103,189)"},{"description":"Left Blank","count":1161,"tested":46292,"color":"rgb(44,160,44)"},{"description":"AI/AN**","count":8,"tested":54,"color":"rgb(31,119,180)"}],"gender":[{"description":"Female","count":1768,"tested":43261,"color":"rgb(255,127,14)"},{"description":"Male","count":1943,"tested":41068,"color":"rgb(31,119,180)"},{"description":"Unknown/Left Blank","count":148,"tested":4422,"color":"rgb(44,160,44)"}]}
