{"age":[{"age_group":"<20","count":321,"tested":2425},{"age_group":"20-29   ","count":496,"tested":3890},{"age_group":"30-39   ","count":451,"tested":3593},{"age_group":"40-49   ","count":398,"tested":3179},{"age_group":"50-59   ","count":390,"tested":3222},{"age_group":"60-69   ","count":313,"tested":2792},{"age_group":"70-79   ","count":112,"tested":1192},{"age_group":"80+","count":62,"tested":532}],"race":[{"description":"White","count":866,"tested":7205,"color":"rgb(31,119,180)"},{"description":"Other","count":92,"tested":752,"color":"rgb(148,103,189)"},{"description":"Left Blank","count":1142,"tested":10214,"color":"rgb(44,160,44)"},{"description":"Black","count":126,"tested":1027,"color":"rgb(255,127,14)"},{"description":"Asian","count":53,"tested":375,"color":"rgb(140,86,75)"},{"description":"Hispanic","count":255,"tested":1185,"color":"rgb(214,39,40)"}],"gender":[{"description":"Female","count":1268,"tested":11613,"color":"rgb(255,127,14)"},{"description":"Male","count":1245,"tested":8996,"color":"rgb(31,119,180)"},{"description":"Unknown/Left Blank","count":31,"tested":222,"color":"rgb(44,160,44)"}]}
