{"age":[{"age_group":"<20","count":267,"tested":2082},{"age_group":"20-29   ","count":327,"tested":2549},{"age_group":"30-39   ","count":271,"tested":2025},{"age_group":"40-49   ","count":276,"tested":1907},{"age_group":"50-59   ","count":297,"tested":2478},{"age_group":"60-69   ","count":222,"tested":1979},{"age_group":"70-79   ","count":145,"tested":1478},{"age_group":"80+","count":122,"tested":1794}],"race":[{"description":"Hispanic","count":108,"tested":461,"color":"rgb(214,39,40)"},{"description":"Left Blank","count":536,"tested":5277,"color":"rgb(44,160,44)"},{"description":"Asian","count":8,"tested":77,"color":"rgb(140,86,75)"},{"description":"White","count":1053,"tested":9408,"color":"rgb(31,119,180)"},{"description":"Black","count":21,"tested":178,"color":"rgb(255,127,14)"},{"description":"Other","count":203,"tested":982,"color":"rgb(148,103,189)"}],"gender":[{"description":"Female","count":990,"tested":9695,"color":"rgb(255,127,14)"},{"description":"Male","count":920,"tested":6314,"color":"rgb(31,119,180)"},{"description":"Unknown/Left Blank","count":19,"tested":384,"color":"rgb(44,160,44)"}]}
