{"age":[{"age_group":"<20","count":191,"tested":1940},{"age_group":"20-29   ","count":180,"tested":2736},{"age_group":"30-39   ","count":226,"tested":2941},{"age_group":"40-49   ","count":247,"tested":3027},{"age_group":"50-59   ","count":209,"tested":3247},{"age_group":"60-69   ","count":175,"tested":2987},{"age_group":"70-79   ","count":97,"tested":1902},{"age_group":"80+","count":85,"tested":1206}],"race":[{"description":"Black","count":440,"tested":5334,"color":"rgb(255,127,14)"},{"description":"Asian","count":8,"tested":107,"color":"rgb(140,86,75)"},{"description":"Hispanic","count":60,"tested":461,"color":"rgb(214,39,40)"},{"description":"Other","count":33,"tested":380,"color":"rgb(148,103,189)"},{"description":"White","count":303,"tested":4249,"color":"rgb(31,119,180)"},{"description":"Left Blank","count":564,"tested":9417,"color":"rgb(44,160,44)"}],"gender":[{"description":"Male","count":611,"tested":7942,"color":"rgb(31,119,180)"},{"description":"Unknown/Left Blank","count":16,"tested":352,"color":"rgb(44,160,44)"},{"description":"Female","count":783,"tested":11703,"color":"rgb(255,127,14)"}]}
