{"age":[{"age_group":"<20","count":29,"tested":327},{"age_group":"20-29   ","count":21,"tested":230},{"age_group":"30-39   ","count":20,"tested":228},{"age_group":"40-49   ","count":31,"tested":201},{"age_group":"50-59   ","count":40,"tested":321},{"age_group":"60-69   ","count":29,"tested":257},{"age_group":"70-79   ","count":19,"tested":149},{"age_group":"80+","count":43,"tested":117}],"race":[{"description":"White","count":200,"tested":1131,"color":"rgb(31,119,180)"},{"description":"Left Blank","count":19,"tested":612,"color":"rgb(44,160,44)"},{"description":"Hispanic","count":7,"tested":32,"color":"rgb(214,39,40)"}],"gender":[{"description":"Male","count":98,"tested":713,"color":"rgb(31,119,180)"},{"description":"Female","count":134,"tested":1092,"color":"rgb(255,127,14)"}]}
