{"age":[{"age_group":"<20","count":172,"tested":1680},{"age_group":"20-29   ","count":186,"tested":2452},{"age_group":"30-39   ","count":193,"tested":2442},{"age_group":"40-49   ","count":224,"tested":2646},{"age_group":"50-59   ","count":195,"tested":2560},{"age_group":"60-69   ","count":157,"tested":2947},{"age_group":"70-79   ","count":116,"tested":2277},{"age_group":"80+","count":83,"tested":1308}],"race":[{"description":"Black","count":747,"tested":8002,"color":"rgb(255,127,14)"},{"description":"Asian","count":6,"tested":73,"color":"rgb(140,86,75)"},{"description":"Hispanic","count":41,"tested":274,"color":"rgb(214,39,40)"},{"description":"White","count":55,"tested":667,"color":"rgb(31,119,180)"},{"description":"Other","count":15,"tested":223,"color":"rgb(148,103,189)"},{"description":"Left Blank","count":460,"tested":9063,"color":"rgb(44,160,44)"}],"gender":[{"description":"Female","count":778,"tested":11548,"color":"rgb(255,127,14)"},{"description":"Male","count":523,"tested":6303,"color":"rgb(31,119,180)"},{"description":"Unknown/Left Blank","count":25,"tested":485,"color":"rgb(44,160,44)"}]}
