{"age":[{"age_group":"<20","count":24,"tested":265},{"age_group":"20-29   ","count":37,"tested":318},{"age_group":"30-39   ","count":25,"tested":255},{"age_group":"40-49   ","count":41,"tested":310},{"age_group":"50-59   ","count":51,"tested":459},{"age_group":"60-69   ","count":25,"tested":329},{"age_group":"70-79   ","count":19,"tested":247},{"age_group":"80+","count":12,"tested":124}],"race":[{"description":"Hispanic","count":11,"tested":64,"color":"rgb(214,39,40)"},{"description":"Left Blank","count":65,"tested":522,"color":"rgb(44,160,44)"},{"description":"White","count":151,"tested":1657,"color":"rgb(31,119,180)"},{"description":"Other","count":6,"tested":53,"color":"rgb(148,103,189)"}],"gender":[{"description":"Female","count":127,"tested":1315,"color":"rgb(255,127,14)"},{"description":"Male","count":106,"tested":941,"color":"rgb(31,119,180)"}]}
