{"age":[{"age_group":"<20","count":482,"tested":4919},{"age_group":"20-29   ","count":617,"tested":7626},{"age_group":"30-39   ","count":683,"tested":7506},{"age_group":"40-49   ","count":689,"tested":7892},{"age_group":"50-59   ","count":694,"tested":8940},{"age_group":"60-69   ","count":513,"tested":7345},{"age_group":"70-79   ","count":380,"tested":5010},{"age_group":"80+","count":238,"tested":3151}],"race":[{"description":"White","count":74,"tested":961,"color":"rgb(31,119,180)"},{"description":"Left Blank","count":956,"tested":18469,"color":"rgb(44,160,44)"},{"description":"Other","count":107,"tested":738,"color":"rgb(148,103,189)"},{"description":"Black","count":2925,"tested":30909,"color":"rgb(255,127,14)"},{"description":"Hispanic","count":223,"tested":1200,"color":"rgb(214,39,40)"}],"gender":[{"description":"Female","count":2395,"tested":30055,"color":"rgb(255,127,14)"},{"description":"Male","count":1867,"tested":20881,"color":"rgb(31,119,180)"},{"description":"Unknown/Left Blank","count":34,"tested":1470,"color":"rgb(44,160,44)"}]}
