{"age":[{"age_group":"<20","count":74,"tested":823},{"age_group":"20-29   ","count":58,"tested":844},{"age_group":"30-39   ","count":49,"tested":772},{"age_group":"40-49   ","count":56,"tested":736},{"age_group":"50-59   ","count":61,"tested":993},{"age_group":"60-69   ","count":62,"tested":1353},{"age_group":"70-79   ","count":41,"tested":929},{"age_group":"80+","count":49,"tested":1639}],"race":[{"description":"White","count":262,"tested":3576,"color":"rgb(31,119,180)"},{"description":"Left Blank","count":170,"tested":4333,"color":"rgb(44,160,44)"},{"description":"Hispanic","count":18,"tested":108,"color":"rgb(214,39,40)"}],"gender":[{"description":"Male","count":201,"tested":2712,"color":"rgb(31,119,180)"},{"description":"Female","count":232,"tested":5056,"color":"rgb(255,127,14)"},{"description":"Unknown/Left Blank","count":19,"tested":326,"color":"rgb(44,160,44)"}]}
