{"age":[{"age_group":"<20","count":1079,"tested":8279},{"age_group":"20-29   ","count":1555,"tested":14917},{"age_group":"30-39   ","count":1482,"tested":16429},{"age_group":"40-49   ","count":1370,"tested":13567},{"age_group":"50-59   ","count":1110,"tested":12307},{"age_group":"60-69   ","count":733,"tested":9685},{"age_group":"70-79   ","count":319,"tested":4345},{"age_group":"80+","count":140,"tested":2120}],"race":[{"description":"White","count":1378,"tested":16588,"color":"rgb(31,119,180)"},{"description":"Left Blank","count":1423,"tested":33394,"color":"rgb(44,160,44)"},{"description":"Other","count":360,"tested":3871,"color":"rgb(148,103,189)"},{"description":"Black","count":126,"tested":1497,"color":"rgb(255,127,14)"},{"description":"Asian","count":178,"tested":1873,"color":"rgb(140,86,75)"},{"description":"Hispanic","count":4316,"tested":24275,"color":"rgb(214,39,40)"}],"gender":[{"description":"Male","count":3813,"tested":36863,"color":"rgb(31,119,180)"},{"description":"Unknown/Left Blank","count":81,"tested":1487,"color":"rgb(44,160,44)"},{"description":"Female","count":3895,"tested":43323,"color":"rgb(255,127,14)"}]}
