{"lastUpdatedDate":{"year":2021,"month":5,"day":3},"county_demographics":[{"County":"Marion","confirmed_cases":4441,"total_tested":89457,"demographics":{"age":[{"race":[],"age_group":"20-29   ","count":613,"tested":15396,"deaths":0},{"race":[],"age_group":"60-69   ","count":609,"tested":9012,"deaths":0},{"race":[],"age_group":"80+","count":334,"tested":6216,"deaths":0},{"race":[],"age_group":"50-59   ","count":670,"tested":12559,"deaths":0},{"race":[],"age_group":"30-39   ","count":627,"tested":18058,"deaths":0},{"race":[],"age_group":"70-79   ","count":378,"tested":5023,"deaths":0},{"race":[],"age_group":"40-49   ","count":650,"tested":15681,"deaths":0},{"race":[],"age_group":"<20","count":560,"tested":6589,"deaths":0},{"race":[],"age_group":"Unknown","count":0,"tested":923,"deaths":0}],"race":[{"description":"AI/AN**","count":8,"tested":44,"deaths":0,"color":"rgb(31,119,180)"},{"description":"Asian","count":0,"tested":127,"deaths":0,"color":"rgb(140,86,75)"},{"description":"Black","count":138,"tested":2296,"deaths":0,"color":"rgb(255,127,14)"},{"description":"Hispanic","count":39,"tested":269,"deaths":0,"color":"rgb(214,39,40)"},{"description":"Left Blank","count":880,"tested":54718,"deaths":0,"color":"rgb(44,160,44)"},{"description":"NH/PI*","count":0,"tested":13,"deaths":0,"color":"rgb(127,127,127)"},{"description":"Other","count":48,"tested":888,"deaths":0,"color":"rgb(148,103,189)"},{"description":"White","count":3319,"tested":31102,"deaths":0,"color":"rgb(31,119,180)"}],"gender":[{"description":"Female","count":2495,"tested":38034,"deaths":0,"color":"rgb(255,127,14)"},{"description":"Male","count":1903,"tested":32502,"deaths":0,"color":"rgb(31,119,180)"},{"description":"Unknown/Left Blank","count":38,"tested":18921,"deaths":0,"color":"rgb(44,160,44)"}]}}]}
