{"lastUpdatedDate":{"year":2021,"month":5,"day":3},"county_demographics":[{"County":"Gallatin","confirmed_cases":457,"total_tested":4402,"demographics":{"age":[{"race":[],"age_group":"30-39   ","count":58,"tested":666,"deaths":0},{"race":[],"age_group":"20-29   ","count":69,"tested":686,"deaths":0},{"race":[],"age_group":"<20","count":57,"tested":779,"deaths":0},{"race":[],"age_group":"60-69   ","count":59,"tested":501,"deaths":0},{"race":[],"age_group":"Unknown","count":0,"tested":0,"deaths":0},{"race":[],"age_group":"80+","count":22,"tested":134,"deaths":0},{"race":[],"age_group":"40-49   ","count":64,"tested":563,"deaths":0},{"race":[],"age_group":"50-59   ","count":61,"tested":664,"deaths":0},{"race":[],"age_group":"70-79   ","count":58,"tested":406,"deaths":0}],"race":[{"description":"AI/AN**","count":0,"tested":0,"deaths":0,"color":"rgb(31,119,180)"},{"description":"Asian","count":0,"tested":0,"deaths":0,"color":"rgb(140,86,75)"},{"description":"Black","count":0,"tested":32,"deaths":0,"color":"rgb(255,127,14)"},{"description":"Hispanic","count":9,"tested":34,"deaths":0,"color":"rgb(214,39,40)"},{"description":"Left Blank","count":96,"tested":2015,"deaths":0,"color":"rgb(44,160,44)"},{"description":"NH/PI*","count":0,"tested":0,"deaths":0,"color":"rgb(127,127,127)"},{"description":"Other","count":0,"tested":25,"deaths":0,"color":"rgb(148,103,189)"},{"description":"White","count":345,"tested":2292,"deaths":0,"color":"rgb(31,119,180)"}],"gender":[{"description":"Female","count":243,"tested":2917,"deaths":0,"color":"rgb(255,127,14)"},{"description":"Male","count":199,"tested":1347,"deaths":0,"color":"rgb(31,119,180)"},{"description":"Unknown/Left Blank","count":13,"tested":138,"deaths":0,"color":"rgb(44,160,44)"}]}}]}
