{"lastUpdatedDate":{"year":2021,"month":5,"day":3},"county_demographics":[{"County":"De Witt","confirmed_cases":1452,"total_tested":23867,"demographics":{"age":[{"race":[],"age_group":"<20","count":251,"tested":4138,"deaths":0},{"race":[],"age_group":"Unknown","count":0,"tested":0,"deaths":0},{"race":[],"age_group":"80+","count":98,"tested":1882,"deaths":0},{"race":[],"age_group":"30-39   ","count":212,"tested":3258,"deaths":0},{"race":[],"age_group":"70-79   ","count":125,"tested":1819,"deaths":0},{"race":[],"age_group":"40-49   ","count":188,"tested":2974,"deaths":0},{"race":[],"age_group":"50-59   ","count":217,"tested":3226,"deaths":0},{"race":[],"age_group":"60-69   ","count":167,"tested":2723,"deaths":0},{"race":[],"age_group":"20-29   ","count":192,"tested":3846,"deaths":0}],"race":[{"description":"AI/AN**","count":0,"tested":22,"deaths":0,"color":"rgb(31,119,180)"},{"description":"Asian","count":0,"tested":46,"deaths":0,"color":"rgb(140,86,75)"},{"description":"Black","count":7,"tested":111,"deaths":0,"color":"rgb(255,127,14)"},{"description":"Hispanic","count":32,"tested":227,"deaths":0,"color":"rgb(214,39,40)"},{"description":"Left Blank","count":334,"tested":11266,"deaths":0,"color":"rgb(44,160,44)"},{"description":"NH/PI*","count":0,"tested":9,"deaths":0,"color":"rgb(127,127,127)"},{"description":"Other","count":10,"tested":285,"deaths":0,"color":"rgb(148,103,189)"},{"description":"White","count":1058,"tested":11901,"deaths":0,"color":"rgb(31,119,180)"}],"gender":[{"description":"Female","count":776,"tested":14625,"deaths":0,"color":"rgb(255,127,14)"},{"description":"Male","count":664,"tested":8755,"deaths":0,"color":"rgb(31,119,180)"},{"description":"Unknown/Left Blank","count":12,"tested":487,"deaths":0,"color":"rgb(44,160,44)"}]}}]}
