{"lastUpdatedDate":{"year":2021,"month":5,"day":3},"county_demographics":[{"County":"Pulaski","confirmed_cases":683,"total_tested":6539,"demographics":{"age":[{"race":[],"age_group":"50-59   ","count":79,"tested":1165,"deaths":0},{"race":[],"age_group":"80+","count":17,"tested":122,"deaths":0},{"race":[],"age_group":"20-29   ","count":122,"tested":1100,"deaths":0},{"race":[],"age_group":"60-69   ","count":84,"tested":650,"deaths":0},{"race":[],"age_group":"30-39   ","count":115,"tested":1327,"deaths":0},{"race":[],"age_group":"40-49   ","count":123,"tested":1292,"deaths":0},{"race":[],"age_group":"70-79   ","count":38,"tested":270,"deaths":0},{"race":[],"age_group":"<20","count":91,"tested":613,"deaths":0}],"race":[{"description":"AI/AN**","count":0,"tested":0,"deaths":0,"color":"rgb(31,119,180)"},{"description":"Asian","count":0,"tested":9,"deaths":0,"color":"rgb(140,86,75)"},{"description":"Black","count":107,"tested":1293,"deaths":0,"color":"rgb(255,127,14)"},{"description":"Hispanic","count":99,"tested":712,"deaths":0,"color":"rgb(214,39,40)"},{"description":"Left Blank","count":150,"tested":1957,"deaths":0,"color":"rgb(44,160,44)"},{"description":"NH/PI*","count":0,"tested":0,"deaths":0,"color":"rgb(127,127,127)"},{"description":"Other","count":0,"tested":111,"deaths":0,"color":"rgb(148,103,189)"},{"description":"White","count":321,"tested":2450,"deaths":0,"color":"rgb(31,119,180)"}],"gender":[{"description":"Female","count":310,"tested":3150,"deaths":0,"color":"rgb(255,127,14)"},{"description":"Male","count":343,"tested":2838,"deaths":0,"color":"rgb(31,119,180)"},{"description":"Unknown/Left Blank","count":30,"tested":551,"deaths":0,"color":"rgb(44,160,44)"}]}}]}
