{"lastUpdatedDate":{"year":2021,"month":5,"day":3},"county_demographics":[{"County":"Macoupin","confirmed_cases":4656,"total_tested":72776,"demographics":{"age":[{"race":[],"age_group":"80+","count":288,"tested":5883,"deaths":0},{"race":[],"age_group":"40-49   ","count":659,"tested":9688,"deaths":0},{"race":[],"age_group":"20-29   ","count":628,"tested":10747,"deaths":0},{"race":[],"age_group":"30-39   ","count":686,"tested":10516,"deaths":0},{"race":[],"age_group":"50-59   ","count":674,"tested":10601,"deaths":0},{"race":[],"age_group":"<20","count":762,"tested":11108,"deaths":0},{"race":[],"age_group":"Unknown","count":0,"tested":23,"deaths":0},{"race":[],"age_group":"60-69   ","count":602,"tested":9122,"deaths":0},{"race":[],"age_group":"70-79   ","count":354,"tested":5088,"deaths":0}],"race":[{"description":"AI/AN**","count":0,"tested":48,"deaths":0,"color":"rgb(31,119,180)"},{"description":"Asian","count":6,"tested":172,"deaths":0,"color":"rgb(140,86,75)"},{"description":"Black","count":33,"tested":829,"deaths":0,"color":"rgb(255,127,14)"},{"description":"Hispanic","count":13,"tested":277,"deaths":0,"color":"rgb(214,39,40)"},{"description":"Left Blank","count":1395,"tested":19286,"deaths":0,"color":"rgb(44,160,44)"},{"description":"NH/PI*","count":0,"tested":32,"deaths":0,"color":"rgb(127,127,127)"},{"description":"Other","count":64,"tested":811,"deaths":0,"color":"rgb(148,103,189)"},{"description":"White","count":3131,"tested":51321,"deaths":0,"color":"rgb(31,119,180)"}],"gender":[{"description":"Female","count":2456,"tested":45638,"deaths":0,"color":"rgb(255,127,14)"},{"description":"Male","count":2113,"tested":25544,"deaths":0,"color":"rgb(31,119,180)"},{"description":"Unknown/Left Blank","count":87,"tested":1594,"deaths":0,"color":"rgb(44,160,44)"}]}}]}
