{"lastUpdatedDate":{"year":2021,"month":5,"day":3},"county_demographics":[{"County":"Monroe","confirmed_cases":4346,"total_tested":42978,"demographics":{"age":[{"race":[],"age_group":"<20","count":722,"tested":6291,"deaths":0},{"race":[],"age_group":"40-49   ","count":638,"tested":4833,"deaths":0},{"race":[],"age_group":"70-79   ","count":241,"tested":2866,"deaths":0},{"race":[],"age_group":"20-29   ","count":590,"tested":5184,"deaths":0},{"race":[],"age_group":"60-69   ","count":535,"tested":5067,"deaths":0},{"race":[],"age_group":"50-59   ","count":750,"tested":5918,"deaths":0},{"race":[],"age_group":"Unknown","count":0,"tested":31,"deaths":0},{"race":[],"age_group":"80+","count":258,"tested":7404,"deaths":0},{"race":[],"age_group":"30-39   ","count":611,"tested":5384,"deaths":0}],"race":[{"description":"AI/AN**","count":0,"tested":12,"deaths":0,"color":"rgb(31,119,180)"},{"description":"Asian","count":0,"tested":88,"deaths":0,"color":"rgb(140,86,75)"},{"description":"Black","count":11,"tested":583,"deaths":0,"color":"rgb(255,127,14)"},{"description":"Hispanic","count":25,"tested":270,"deaths":0,"color":"rgb(214,39,40)"},{"description":"Left Blank","count":2300,"tested":18658,"deaths":0,"color":"rgb(44,160,44)"},{"description":"NH/PI*","count":0,"tested":0,"deaths":0,"color":"rgb(127,127,127)"},{"description":"Other","count":26,"tested":309,"deaths":0,"color":"rgb(148,103,189)"},{"description":"White","count":1977,"tested":23055,"deaths":0,"color":"rgb(31,119,180)"}],"gender":[{"description":"Female","count":2307,"tested":27935,"deaths":0,"color":"rgb(255,127,14)"},{"description":"Male","count":1996,"tested":14383,"deaths":0,"color":"rgb(31,119,180)"},{"description":"Unknown/Left Blank","count":41,"tested":660,"deaths":0,"color":"rgb(44,160,44)"}]}}]}
