{"lastUpdatedDate":{"year":2021,"month":5,"day":3},"county_demographics":[{"County":"Ford","confirmed_cases":1752,"total_tested":29178,"demographics":{"age":[{"race":[],"age_group":"30-39   ","count":237,"tested":4000,"deaths":0},{"race":[],"age_group":"50-59   ","count":204,"tested":3759,"deaths":0},{"race":[],"age_group":"60-69   ","count":194,"tested":3620,"deaths":0},{"race":[],"age_group":"80+","count":178,"tested":3254,"deaths":0},{"race":[],"age_group":"<20","count":359,"tested":4538,"deaths":0},{"race":[],"age_group":"20-29   ","count":254,"tested":4355,"deaths":0},{"race":[],"age_group":"70-79   ","count":116,"tested":2158,"deaths":0},{"race":[],"age_group":"Unknown","count":0,"tested":8,"deaths":0},{"race":[],"age_group":"40-49   ","count":210,"tested":3486,"deaths":0}],"race":[{"description":"AI/AN**","count":0,"tested":15,"deaths":0,"color":"rgb(31,119,180)"},{"description":"Asian","count":0,"tested":77,"deaths":0,"color":"rgb(140,86,75)"},{"description":"Black","count":7,"tested":214,"deaths":0,"color":"rgb(255,127,14)"},{"description":"Hispanic","count":53,"tested":415,"deaths":0,"color":"rgb(214,39,40)"},{"description":"Left Blank","count":251,"tested":7980,"deaths":0,"color":"rgb(44,160,44)"},{"description":"NH/PI*","count":0,"tested":19,"deaths":0,"color":"rgb(127,127,127)"},{"description":"Other","count":29,"tested":383,"deaths":0,"color":"rgb(148,103,189)"},{"description":"White","count":1401,"tested":20075,"deaths":0,"color":"rgb(31,119,180)"}],"gender":[{"description":"Female","count":951,"tested":17995,"deaths":0,"color":"rgb(255,127,14)"},{"description":"Male","count":774,"tested":10352,"deaths":0,"color":"rgb(31,119,180)"},{"description":"Unknown/Left Blank","count":27,"tested":831,"deaths":0,"color":"rgb(44,160,44)"}]}}]}
