{"age":[{"age_group":"<20","count":711,"tested":10884},{"age_group":"20-29   ","count":880,"tested":19601},{"age_group":"30-39   ","count":932,"tested":23848},{"age_group":"40-49   ","count":787,"tested":20981},{"age_group":"50-59   ","count":686,"tested":23215},{"age_group":"60-69   ","count":507,"tested":20144},{"age_group":"70-79   ","count":260,"tested":8162},{"age_group":"80+","count":199,"tested":4518}],"race":[{"description":"Asian","count":10,"tested":164,"color":"rgb(140,86,75)"},{"description":"Black","count":3206,"tested":36206,"color":"rgb(255,127,14)"},{"description":"Hispanic","count":561,"tested":3880,"color":"rgb(214,39,40)"},{"description":"Left Blank","count":921,"tested":79819,"color":"rgb(44,160,44)"},{"description":"Other","count":126,"tested":7979,"color":"rgb(148,103,189)"},{"description":"White","count":135,"tested":3288,"color":"rgb(31,119,180)"}],"gender":[{"description":"Female","count":2718,"tested":66884,"color":"rgb(255,127,14)"},{"description":"Male","count":2183,"tested":62093,"color":"rgb(31,119,180)"},{"description":"Unknown/Left Blank","count":62,"tested":2433,"color":"rgb(44,160,44)"}]}
