{"age":[{"age_group":"<20","count":429,"tested":5048},{"age_group":"20-29   ","count":446,"tested":5774},{"age_group":"30-39   ","count":450,"tested":6157},{"age_group":"40-49   ","count":436,"tested":4973},{"age_group":"50-59   ","count":421,"tested":5712},{"age_group":"60-69   ","count":303,"tested":5773},{"age_group":"70-79   ","count":154,"tested":3376},{"age_group":"80+","count":106,"tested":2775}],"race":[{"description":"Asian","count":125,"tested":2371,"color":"rgb(140,86,75)"},{"description":"Black","count":47,"tested":703,"color":"rgb(255,127,14)"},{"description":"Hispanic","count":747,"tested":4623,"color":"rgb(214,39,40)"},{"description":"Left Blank","count":623,"tested":16736,"color":"rgb(44,160,44)"},{"description":"Other","count":147,"tested":875,"color":"rgb(148,103,189)"},{"description":"White","count":1049,"tested":14173,"color":"rgb(31,119,180)"}],"gender":[{"description":"Female","count":1365,"tested":21854,"color":"rgb(255,127,14)"},{"description":"Male","count":1367,"tested":17132,"color":"rgb(31,119,180)"},{"description":"Unknown/Left Blank","count":13,"tested":614,"color":"rgb(44,160,44)"}]}
