{"age":[{"age_group":"<20","count":59,"tested":545},{"age_group":"20-29   ","count":44,"tested":360},{"age_group":"30-39   ","count":37,"tested":365},{"age_group":"40-49   ","count":49,"tested":411},{"age_group":"50-59   ","count":54,"tested":534},{"age_group":"60-69   ","count":46,"tested":356},{"age_group":"70-79   ","count":25,"tested":142},{"age_group":"80+","count":9,"tested":98}],"race":[{"description":"Hispanic","count":14,"tested":71,"color":"rgb(214,39,40)"},{"description":"Left Blank","count":131,"tested":806,"color":"rgb(44,160,44)"},{"description":"White","count":177,"tested":1886,"color":"rgb(31,119,180)"}],"gender":[{"description":"Female","count":160,"tested":1972,"color":"rgb(255,127,14)"},{"description":"Male","count":156,"tested":795,"color":"rgb(31,119,180)"}]}
