{"age":[{"age_group":"<20","count":265,"tested":2958},{"age_group":"20-29   ","count":228,"tested":2285},{"age_group":"30-39   ","count":296,"tested":2852},{"age_group":"40-49   ","count":262,"tested":2316},{"age_group":"50-59   ","count":191,"tested":2145},{"age_group":"60-69   ","count":108,"tested":1401},{"age_group":"70-79   ","count":51,"tested":800},{"age_group":"80+","count":14,"tested":281}],"race":[{"description":"Black","count":22,"tested":300,"color":"rgb(255,127,14)"},{"description":"Hispanic","count":86,"tested":575,"color":"rgb(214,39,40)"},{"description":"Left Blank","count":427,"tested":5353,"color":"rgb(44,160,44)"},{"description":"Other","count":28,"tested":350,"color":"rgb(148,103,189)"},{"description":"White","count":848,"tested":8394,"color":"rgb(31,119,180)"}],"gender":[{"description":"Female","count":725,"tested":8085,"color":"rgb(255,127,14)"},{"description":"Male","count":687,"tested":6787,"color":"rgb(31,119,180)"}]}
