{"age":[{"age_group":"<20","count":257,"tested":2801},{"age_group":"20-29   ","count":174,"tested":2235},{"age_group":"30-39   ","count":151,"tested":1809},{"age_group":"40-49   ","count":173,"tested":1872},{"age_group":"50-59   ","count":190,"tested":2444},{"age_group":"60-69   ","count":104,"tested":1773},{"age_group":"70-79   ","count":53,"tested":852},{"age_group":"80+","count":13,"tested":350}],"race":[{"description":"Asian","count":12,"tested":337,"color":"rgb(140,86,75)"},{"description":"Hispanic","count":98,"tested":676,"color":"rgb(214,39,40)"},{"description":"Left Blank","count":240,"tested":4695,"color":"rgb(44,160,44)"},{"description":"Other","count":17,"tested":353,"color":"rgb(148,103,189)"},{"description":"White","count":747,"tested":7974,"color":"rgb(31,119,180)"}],"gender":[{"description":"Female","count":577,"tested":7911,"color":"rgb(255,127,14)"},{"description":"Male","count":536,"tested":6105,"color":"rgb(31,119,180)"}]}
