{"age":[{"age_group":"<20","count":904,"tested":19049},{"age_group":"20-29   ","count":1558,"tested":30497},{"age_group":"30-39   ","count":678,"tested":10320},{"age_group":"40-49   ","count":539,"tested":6813},{"age_group":"50-59   ","count":436,"tested":7535},{"age_group":"60-69   ","count":309,"tested":6346},{"age_group":"70-79   ","count":184,"tested":4765},{"age_group":"80+","count":215,"tested":9317}],"race":[{"description":"Asian","count":78,"tested":1890,"color":"rgb(140,86,75)"},{"description":"Black","count":707,"tested":11428,"color":"rgb(255,127,14)"},{"description":"Hispanic","count":850,"tested":6728,"color":"rgb(214,39,40)"},{"description":"Left Blank","count":1079,"tested":38113,"color":"rgb(44,160,44)"},{"description":"Other","count":52,"tested":921,"color":"rgb(148,103,189)"},{"description":"White","count":2052,"tested":35437,"color":"rgb(31,119,180)"}],"gender":[{"description":"Female","count":2592,"tested":59725,"color":"rgb(255,127,14)"},{"description":"Male","count":2222,"tested":34437,"color":"rgb(31,119,180)"},{"description":"Unknown/Left Blank","count":9,"tested":489,"color":"rgb(44,160,44)"}]}
