{"age":[{"age_group":"<20","count":524,"tested":6262},{"age_group":"20-29   ","count":350,"tested":4363},{"age_group":"30-39   ","count":329,"tested":4325},{"age_group":"40-49   ","count":471,"tested":5782},{"age_group":"50-59   ","count":401,"tested":5803},{"age_group":"60-69   ","count":228,"tested":4793},{"age_group":"70-79   ","count":277,"tested":5937},{"age_group":"80+","count":198,"tested":5755}],"race":[{"description":"Asian","count":71,"tested":1263,"color":"rgb(140,86,75)"},{"description":"Black","count":37,"tested":782,"color":"rgb(255,127,14)"},{"description":"Hispanic","count":239,"tested":2186,"color":"rgb(214,39,40)"},{"description":"Left Blank","count":547,"tested":14810,"color":"rgb(44,160,44)"},{"description":"Other","count":51,"tested":497,"color":"rgb(148,103,189)"},{"description":"White","count":1826,"tested":23329,"color":"rgb(31,119,180)"}],"gender":[{"description":"Female","count":1441,"tested":24634,"color":"rgb(255,127,14)"},{"description":"Male","count":1327,"tested":17729,"color":"rgb(31,119,180)"}]}
