{"age":[{"age_group":"<20","count":52,"tested":518},{"age_group":"20-29   ","count":43,"tested":582},{"age_group":"30-39   ","count":39,"tested":530},{"age_group":"40-49   ","count":53,"tested":556},{"age_group":"50-59   ","count":52,"tested":652},{"age_group":"60-69   ","count":36,"tested":588},{"age_group":"70-79   ","count":21,"tested":317},{"age_group":"80+","count":7,"tested":234}],"race":[{"description":"Left Blank","count":95,"tested":2073,"color":"rgb(44,160,44)"},{"description":"White","count":201,"tested":1820,"color":"rgb(31,119,180)"}],"gender":[{"description":"Female","count":171,"tested":2434,"color":"rgb(255,127,14)"},{"description":"Male","count":131,"tested":1492,"color":"rgb(31,119,180)"}]}
