{"age":[{"age_group":"<20","count":577,"tested":7163},{"age_group":"20-29   ","count":698,"tested":9247},{"age_group":"30-39   ","count":551,"tested":8134},{"age_group":"40-49   ","count":545,"tested":7414},{"age_group":"50-59   ","count":533,"tested":9030},{"age_group":"60-69   ","count":397,"tested":8238},{"age_group":"70-79   ","count":199,"tested":4770},{"age_group":"80+","count":145,"tested":4427}],"race":[{"description":"AI/AN**","count":9,"tested":82,"color":"rgb(31,119,180)"},{"description":"Asian","count":53,"tested":1090,"color":"rgb(140,86,75)"},{"description":"Black","count":81,"tested":1145,"color":"rgb(255,127,14)"},{"description":"Hispanic","count":955,"tested":6058,"color":"rgb(214,39,40)"},{"description":"Left Blank","count":596,"tested":20029,"color":"rgb(44,160,44)"},{"description":"Other","count":74,"tested":822,"color":"rgb(148,103,189)"},{"description":"White","count":1874,"tested":28907,"color":"rgb(31,119,180)"}],"gender":[{"description":"Female","count":1847,"tested":33303,"color":"rgb(255,127,14)"},{"description":"Male","count":1789,"tested":24446,"color":"rgb(31,119,180)"},{"description":"Unknown/Left Blank","count":10,"tested":698,"color":"rgb(44,160,44)"}]}
