{"age":[{"age_group":"<20","count":679,"tested":8873},{"age_group":"20-29   ","count":801,"tested":11382},{"age_group":"30-39   ","count":834,"tested":12205},{"age_group":"40-49   ","count":643,"tested":9823},{"age_group":"50-59   ","count":643,"tested":9404},{"age_group":"60-69   ","count":461,"tested":8633},{"age_group":"70-79   ","count":271,"tested":4402},{"age_group":"80+","count":152,"tested":3126}],"race":[{"description":"AI/AN**","count":15,"tested":528,"color":"rgb(31,119,180)"},{"description":"Asian","count":869,"tested":10892,"color":"rgb(140,86,75)"},{"description":"Black","count":253,"tested":3508,"color":"rgb(255,127,14)"},{"description":"Hispanic","count":838,"tested":6004,"color":"rgb(214,39,40)"},{"description":"Left Blank","count":1147,"tested":31689,"color":"rgb(44,160,44)"},{"description":"NH/PI*","count":10,"tested":173,"color":"rgb(127,127,127)"},{"description":"Other","count":448,"tested":3574,"color":"rgb(148,103,189)"},{"description":"White","count":904,"tested":11498,"color":"rgb(31,119,180)"}],"gender":[{"description":"Female","count":2231,"tested":35717,"color":"rgb(255,127,14)"},{"description":"Male","count":2220,"tested":30878,"color":"rgb(31,119,180)"},{"description":"Unknown/Left Blank","count":33,"tested":1271,"color":"rgb(44,160,44)"}]}
