{"age":[{"age_group":"<20","count":543,"tested":5563},{"age_group":"20-29   ","count":706,"tested":7053},{"age_group":"30-39   ","count":488,"tested":5934},{"age_group":"40-49   ","count":548,"tested":6322},{"age_group":"50-59   ","count":525,"tested":7561},{"age_group":"60-69   ","count":318,"tested":5874},{"age_group":"70-79   ","count":169,"tested":3790},{"age_group":"80+","count":145,"tested":3893}],"race":[{"description":"Asian","count":48,"tested":682,"color":"rgb(140,86,75)"},{"description":"Black","count":65,"tested":1094,"color":"rgb(255,127,14)"},{"description":"Hispanic","count":1585,"tested":10481,"color":"rgb(214,39,40)"},{"description":"Left Blank","count":914,"tested":23306,"color":"rgb(44,160,44)"},{"description":"Other","count":133,"tested":1648,"color":"rgb(148,103,189)"},{"description":"White","count":691,"tested":8752,"color":"rgb(31,119,180)"}],"gender":[{"description":"Female","count":1775,"tested":27475,"color":"rgb(255,127,14)"},{"description":"Male","count":1653,"tested":18266,"color":"rgb(31,119,180)"},{"description":"Unknown/Left Blank","count":14,"tested":273,"color":"rgb(44,160,44)"}]}
