{"age":[{"age_group":"<20","count":1271,"tested":12237},{"age_group":"20-29   ","count":1530,"tested":19580},{"age_group":"30-39   ","count":1434,"tested":17903},{"age_group":"40-49   ","count":1404,"tested":15836},{"age_group":"50-59   ","count":1005,"tested":12789},{"age_group":"60-69   ","count":683,"tested":11751},{"age_group":"70-79   ","count":304,"tested":6380},{"age_group":"80+","count":143,"tested":4087}],"race":[{"description":"AI/AN**","count":11,"tested":75,"color":"rgb(31,119,180)"},{"description":"Asian","count":117,"tested":2442,"color":"rgb(140,86,75)"},{"description":"Black","count":1064,"tested":14873,"color":"rgb(255,127,14)"},{"description":"Hispanic","count":4089,"tested":24174,"color":"rgb(214,39,40)"},{"description":"Left Blank","count":1445,"tested":44118,"color":"rgb(44,160,44)"},{"description":"Other","count":279,"tested":3531,"color":"rgb(148,103,189)"},{"description":"White","count":766,"tested":11338,"color":"rgb(31,119,180)"}],"gender":[{"description":"Female","count":4027,"tested":53340,"color":"rgb(255,127,14)"},{"description":"Male","count":3703,"tested":42661,"color":"rgb(31,119,180)"},{"description":"Unknown/Left Blank","count":44,"tested":4604,"color":"rgb(44,160,44)"}]}
