{"age":[{"age_group":"<20","count":467,"tested":5180},{"age_group":"20-29   ","count":463,"tested":8096},{"age_group":"30-39   ","count":363,"tested":5520},{"age_group":"40-49   ","count":375,"tested":4661},{"age_group":"50-59   ","count":322,"tested":5250},{"age_group":"60-69   ","count":218,"tested":4120},{"age_group":"70-79   ","count":132,"tested":2586},{"age_group":"80+","count":73,"tested":1721}],"race":[{"description":"Asian","count":6,"tested":127,"color":"rgb(140,86,75)"},{"description":"Black","count":824,"tested":6865,"color":"rgb(255,127,14)"},{"description":"Hispanic","count":541,"tested":2562,"color":"rgb(214,39,40)"},{"description":"Left Blank","count":202,"tested":17911,"color":"rgb(44,160,44)"},{"description":"Other","count":35,"tested":496,"color":"rgb(148,103,189)"},{"description":"White","count":798,"tested":9150,"color":"rgb(31,119,180)"}],"gender":[{"description":"Female","count":1352,"tested":19510,"color":"rgb(255,127,14)"},{"description":"Male","count":1044,"tested":16885,"color":"rgb(31,119,180)"},{"description":"Unknown/Left Blank","count":17,"tested":741,"color":"rgb(44,160,44)"}]}
