{"age":[{"age_group":"<20","count":32,"tested":311},{"age_group":"20-29   ","count":35,"tested":268},{"age_group":"30-39   ","count":28,"tested":299},{"age_group":"40-49   ","count":20,"tested":289},{"age_group":"50-59   ","count":39,"tested":249},{"age_group":"60-69   ","count":14,"tested":160},{"age_group":"70-79   ","count":12,"tested":85}],"race":[{"description":"Hispanic","count":10,"tested":56,"color":"rgb(214,39,40)"},{"description":"Left Blank","count":63,"tested":798,"color":"rgb(44,160,44)"},{"description":"White","count":108,"tested":830,"color":"rgb(31,119,180)"}],"gender":[{"description":"Female","count":92,"tested":998,"color":"rgb(255,127,14)"},{"description":"Male","count":89,"tested":666,"color":"rgb(31,119,180)"}]}
