{"age":[{"age_group":"<20","count":651,"tested":9191},{"age_group":"20-29   ","count":607,"tested":11996},{"age_group":"30-39   ","count":589,"tested":11547},{"age_group":"40-49   ","count":510,"tested":10752},{"age_group":"50-59   ","count":438,"tested":10572},{"age_group":"60-69   ","count":266,"tested":8448},{"age_group":"70-79   ","count":193,"tested":7128},{"age_group":"80+","count":433,"tested":14645}],"race":[{"description":"Asian","count":237,"tested":6038,"color":"rgb(140,86,75)"},{"description":"Black","count":301,"tested":4006,"color":"rgb(255,127,14)"},{"description":"Hispanic","count":445,"tested":3611,"color":"rgb(214,39,40)"},{"description":"Left Blank","count":464,"tested":39306,"color":"rgb(44,160,44)"},{"description":"Other","count":115,"tested":1836,"color":"rgb(148,103,189)"},{"description":"White","count":2118,"tested":29288,"color":"rgb(31,119,180)"}],"gender":[{"description":"Female","count":1991,"tested":52554,"color":"rgb(255,127,14)"},{"description":"Male","count":1680,"tested":30609,"color":"rgb(31,119,180)"},{"description":"Unknown/Left Blank","count":16,"tested":1126,"color":"rgb(44,160,44)"}]}
