{"age":[{"age_group":"<20","count":493,"tested":8197},{"age_group":"20-29   ","count":455,"tested":6895},{"age_group":"30-39   ","count":456,"tested":7197},{"age_group":"40-49   ","count":418,"tested":6126},{"age_group":"50-59   ","count":428,"tested":7499},{"age_group":"60-69   ","count":295,"tested":6099},{"age_group":"70-79   ","count":137,"tested":4181},{"age_group":"80+","count":164,"tested":7232}],"race":[{"description":"Asian","count":140,"tested":2914,"color":"rgb(140,86,75)"},{"description":"Black","count":74,"tested":866,"color":"rgb(255,127,14)"},{"description":"Hispanic","count":324,"tested":2715,"color":"rgb(214,39,40)"},{"description":"Left Blank","count":590,"tested":20679,"color":"rgb(44,160,44)"},{"description":"Other","count":111,"tested":1243,"color":"rgb(148,103,189)"},{"description":"White","count":1605,"tested":24924,"color":"rgb(31,119,180)"}],"gender":[{"description":"Female","count":1453,"tested":29350,"color":"rgb(255,127,14)"},{"description":"Male","count":1370,"tested":22414,"color":"rgb(31,119,180)"},{"description":"Unknown/Left Blank","count":23,"tested":1672,"color":"rgb(44,160,44)"}]}
