{"age":[{"age_group":"<20","count":683,"tested":7496},{"age_group":"20-29   ","count":828,"tested":10302},{"age_group":"30-39   ","count":658,"tested":8677},{"age_group":"40-49   ","count":676,"tested":8558},{"age_group":"50-59   ","count":688,"tested":8562},{"age_group":"60-69   ","count":519,"tested":8030},{"age_group":"70-79   ","count":292,"tested":6162},{"age_group":"80+","count":196,"tested":5135}],"race":[{"description":"Asian","count":87,"tested":1777,"color":"rgb(140,86,75)"},{"description":"Black","count":149,"tested":3577,"color":"rgb(255,127,14)"},{"description":"Hispanic","count":244,"tested":2238,"color":"rgb(214,39,40)"},{"description":"Left Blank","count":1663,"tested":28899,"color":"rgb(44,160,44)"},{"description":"Other","count":198,"tested":2136,"color":"rgb(148,103,189)"},{"description":"White","count":2192,"tested":24159,"color":"rgb(31,119,180)"}],"gender":[{"description":"Female","count":2400,"tested":36950,"color":"rgb(255,127,14)"},{"description":"Male","count":2113,"tested":25130,"color":"rgb(31,119,180)"},{"description":"Unknown/Left Blank","count":29,"tested":857,"color":"rgb(44,160,44)"}]}
