{"age":[{"age_group":"<20","count":10,"tested":145},{"age_group":"20-29   ","count":7,"tested":196},{"age_group":"30-39   ","count":11,"tested":165},{"age_group":"40-49   ","count":8,"tested":114},{"age_group":"50-59   ","count":10,"tested":163},{"age_group":"60-69   ","count":11,"tested":134},{"age_group":"70-79   ","count":7,"tested":93}],"race":[{"description":"Hispanic","count":7,"tested":69,"color":"rgb(214,39,40)"},{"description":"Left Blank","count":28,"tested":620,"color":"rgb(44,160,44)"},{"description":"White","count":32,"tested":357,"color":"rgb(31,119,180)"}],"gender":[{"description":"Female","count":40,"tested":461,"color":"rgb(255,127,14)"},{"description":"Male","count":28,"tested":408,"color":"rgb(31,119,180)"}]}
