{"age":[{"age_group":"<20","count":341,"tested":3337},{"age_group":"20-29   ","count":437,"tested":5810},{"age_group":"30-39   ","count":429,"tested":6777},{"age_group":"40-49   ","count":405,"tested":7377},{"age_group":"50-59   ","count":442,"tested":9994},{"age_group":"60-69   ","count":294,"tested":6763},{"age_group":"70-79   ","count":121,"tested":2999},{"age_group":"80+","count":40,"tested":1396}],"race":[{"description":"Asian","count":9,"tested":154,"color":"rgb(140,86,75)"},{"description":"Black","count":1246,"tested":19449,"color":"rgb(255,127,14)"},{"description":"Hispanic","count":137,"tested":1361,"color":"rgb(214,39,40)"},{"description":"Left Blank","count":685,"tested":14125,"color":"rgb(44,160,44)"},{"description":"Other","count":57,"tested":812,"color":"rgb(148,103,189)"},{"description":"White","count":369,"tested":8480,"color":"rgb(31,119,180)"}],"gender":[{"description":"Female","count":1429,"tested":24675,"color":"rgb(255,127,14)"},{"description":"Male","count":1077,"tested":18796,"color":"rgb(31,119,180)"}]}
