{"age":[{"age_group":"<20","count":567,"tested":8197},{"age_group":"20-29   ","count":688,"tested":12124},{"age_group":"30-39   ","count":747,"tested":13343},{"age_group":"40-49   ","count":617,"tested":11282},{"age_group":"50-59   ","count":502,"tested":10981},{"age_group":"60-69   ","count":371,"tested":8596},{"age_group":"70-79   ","count":165,"tested":3226},{"age_group":"80+","count":84,"tested":1526}],"race":[{"description":"Asian","count":10,"tested":156,"color":"rgb(140,86,75)"},{"description":"Black","count":2345,"tested":28527,"color":"rgb(255,127,14)"},{"description":"Hispanic","count":428,"tested":3026,"color":"rgb(214,39,40)"},{"description":"Left Blank","count":772,"tested":34358,"color":"rgb(44,160,44)"},{"description":"Other","count":79,"tested":1115,"color":"rgb(148,103,189)"},{"description":"White","count":104,"tested":2060,"color":"rgb(31,119,180)"}],"gender":[{"description":"Female","count":2130,"tested":35064,"color":"rgb(255,127,14)"},{"description":"Male","count":1585,"tested":31705,"color":"rgb(31,119,180)"},{"description":"Unknown/Left Blank","count":26,"tested":2529,"color":"rgb(44,160,44)"}]}
