{"age":[{"age_group":"<20","count":1686,"tested":15989},{"age_group":"20-29   ","count":1952,"tested":21184},{"age_group":"30-39   ","count":2081,"tested":23621},{"age_group":"40-49   ","count":1844,"tested":21180},{"age_group":"50-59   ","count":1699,"tested":20091},{"age_group":"60-69   ","count":1118,"tested":16194},{"age_group":"70-79   ","count":494,"tested":7563},{"age_group":"80+","count":282,"tested":6050}],"race":[{"description":"AI/AN**","count":18,"tested":202,"color":"rgb(31,119,180)"},{"description":"Asian","count":351,"tested":5379,"color":"rgb(140,86,75)"},{"description":"Black","count":215,"tested":3818,"color":"rgb(255,127,14)"},{"description":"Hispanic","count":4807,"tested":36400,"color":"rgb(214,39,40)"},{"description":"Left Blank","count":1765,"tested":41176,"color":"rgb(44,160,44)"},{"description":"NH/PI*","count":28,"tested":272,"color":"rgb(127,127,127)"},{"description":"Other","count":516,"tested":6773,"color":"rgb(148,103,189)"},{"description":"White","count":3456,"tested":37893,"color":"rgb(31,119,180)"}],"gender":[{"description":"Female","count":5720,"tested":72162,"color":"rgb(255,127,14)"},{"description":"Male","count":5360,"tested":57741,"color":"rgb(31,119,180)"},{"description":"Unknown/Left Blank","count":76,"tested":2010,"color":"rgb(44,160,44)"}]}
