{"age":[{"age_group":"<20","count":921,"tested":9794},{"age_group":"20-29   ","count":1175,"tested":15345},{"age_group":"30-39   ","count":1048,"tested":12054},{"age_group":"40-49   ","count":1012,"tested":11631},{"age_group":"50-59   ","count":871,"tested":12526},{"age_group":"60-69   ","count":619,"tested":11144},{"age_group":"70-79   ","count":300,"tested":6430},{"age_group":"80+","count":232,"tested":4947}],"race":[{"description":"AI/AN**","count":6,"tested":66,"color":"rgb(31,119,180)"},{"description":"Asian","count":145,"tested":2765,"color":"rgb(140,86,75)"},{"description":"Black","count":375,"tested":5271,"color":"rgb(255,127,14)"},{"description":"Hispanic","count":2406,"tested":14668,"color":"rgb(214,39,40)"},{"description":"Left Blank","count":1696,"tested":37680,"color":"rgb(44,160,44)"},{"description":"Other","count":135,"tested":2584,"color":"rgb(148,103,189)"},{"description":"White","count":1414,"tested":20787,"color":"rgb(31,119,180)"}],"gender":[{"description":"Female","count":3283,"tested":48700,"color":"rgb(255,127,14)"},{"description":"Male","count":2836,"tested":34173,"color":"rgb(31,119,180)"},{"description":"Unknown/Left Blank","count":60,"tested":1030,"color":"rgb(44,160,44)"}]}
