{"age":[{"age_group":"<20","count":338,"tested":3252},{"age_group":"20-29   ","count":492,"tested":4505},{"age_group":"30-39   ","count":507,"tested":5067},{"age_group":"40-49   ","count":412,"tested":3766},{"age_group":"50-59   ","count":371,"tested":4624},{"age_group":"60-69   ","count":255,"tested":4002},{"age_group":"70-79   ","count":138,"tested":3331},{"age_group":"80+","count":125,"tested":5644}],"race":[{"description":"Asian","count":56,"tested":813,"color":"rgb(140,86,75)"},{"description":"Black","count":82,"tested":1034,"color":"rgb(255,127,14)"},{"description":"Hispanic","count":1200,"tested":5927,"color":"rgb(214,39,40)"},{"description":"Left Blank","count":456,"tested":17935,"color":"rgb(44,160,44)"},{"description":"Other","count":75,"tested":913,"color":"rgb(148,103,189)"},{"description":"White","count":760,"tested":7529,"color":"rgb(31,119,180)"}],"gender":[{"description":"Female","count":1351,"tested":19883,"color":"rgb(255,127,14)"},{"description":"Male","count":1280,"tested":13832,"color":"rgb(31,119,180)"}]}
