{"age":[{"age_group":"<20","count":24,"tested":216},{"age_group":"20-29   ","count":10,"tested":144},{"age_group":"30-39   ","count":20,"tested":142},{"age_group":"40-49   ","count":16,"tested":152},{"age_group":"50-59   ","count":25,"tested":148},{"age_group":"60-69   ","count":10,"tested":136},{"age_group":"70-79   ","count":7,"tested":103}],"race":[{"description":"Left Blank","count":17,"tested":287,"color":"rgb(44,160,44)"},{"description":"White","count":95,"tested":736,"color":"rgb(31,119,180)"}],"gender":[{"description":"Female","count":61,"tested":688,"color":"rgb(255,127,14)"},{"description":"Male","count":56,"tested":401,"color":"rgb(31,119,180)"}]}
