{"age":[{"age_group":"<20","count":32,"tested":397},{"age_group":"20-29   ","count":29,"tested":373},{"age_group":"30-39   ","count":24,"tested":340},{"age_group":"40-49   ","count":24,"tested":282},{"age_group":"50-59   ","count":15,"tested":250},{"age_group":"60-69   ","count":13,"tested":221},{"age_group":"80+","count":7,"tested":76}],"race":[{"description":"Hispanic","count":17,"tested":119,"color":"rgb(214,39,40)"},{"description":"Left Blank","count":37,"tested":620,"color":"rgb(44,160,44)"},{"description":"White","count":87,"tested":1232,"color":"rgb(31,119,180)"}],"gender":[{"description":"Female","count":80,"tested":1183,"color":"rgb(255,127,14)"},{"description":"Male","count":69,"tested":836,"color":"rgb(31,119,180)"}]}
