{"age":[{"age_group":"<20","count":55,"tested":1990},{"age_group":"20-29   ","count":504,"tested":15239},{"age_group":"30-39   ","count":313,"tested":9167},{"age_group":"40-49   ","count":94,"tested":3408},{"age_group":"50-59   ","count":93,"tested":3561},{"age_group":"60-69   ","count":70,"tested":2636},{"age_group":"70-79   ","count":48,"tested":1762},{"age_group":"80+","count":28,"tested":1223}],"race":[{"description":"Asian","count":114,"tested":5632,"color":"rgb(140,86,75)"},{"description":"Black","count":109,"tested":2486,"color":"rgb(255,127,14)"},{"description":"Hispanic","count":92,"tested":1269,"color":"rgb(214,39,40)"},{"description":"Left Blank","count":327,"tested":16302,"color":"rgb(44,160,44)"},{"description":"Other","count":66,"tested":1982,"color":"rgb(148,103,189)"},{"description":"White","count":494,"tested":11186,"color":"rgb(31,119,180)"}],"gender":[{"description":"Female","count":550,"tested":18518,"color":"rgb(255,127,14)"},{"description":"Male","count":640,"tested":19731,"color":"rgb(31,119,180)"}]}
