{"age":[{"age_group":"<20","count":32,"tested":282},{"age_group":"20-29   ","count":45,"tested":301},{"age_group":"30-39   ","count":25,"tested":296},{"age_group":"40-49   ","count":42,"tested":289},{"age_group":"50-59   ","count":30,"tested":206},{"age_group":"60-69   ","count":19,"tested":126}],"race":[{"description":"White","count":97,"tested":700,"color":"rgb(31,119,180)"},{"description":"Left Blank","count":19,"tested":613,"color":"rgb(44,160,44)"},{"description":"Hispanic","count":85,"tested":292,"color":"rgb(214,39,40)"}],"gender":[{"description":"Male","count":96,"tested":636,"color":"rgb(31,119,180)"},{"description":"Female","count":106,"tested":996,"color":"rgb(255,127,14)"}]}
