{"age":[{"age_group":"<20","count":193,"tested":2619},{"age_group":"20-29   ","count":230,"tested":2887},{"age_group":"30-39   ","count":199,"tested":2231},{"age_group":"40-49   ","count":233,"tested":2287},{"age_group":"50-59   ","count":233,"tested":2777},{"age_group":"60-69   ","count":208,"tested":2630},{"age_group":"70-79   ","count":129,"tested":2012},{"age_group":"80+","count":128,"tested":4092}],"race":[{"description":"Asian","count":55,"tested":350,"color":"rgb(140,86,75)"},{"description":"White","count":906,"tested":9447,"color":"rgb(31,119,180)"},{"description":"Left Blank","count":259,"tested":9346,"color":"rgb(44,160,44)"},{"description":"Other","count":18,"tested":672,"color":"rgb(148,103,189)"},{"description":"Hispanic","count":179,"tested":663,"color":"rgb(214,39,40)"},{"description":"Black","count":134,"tested":1045,"color":"rgb(255,127,14)"}],"gender":[{"description":"Male","count":683,"tested":7890,"color":"rgb(31,119,180)"},{"description":"Unknown/Left Blank","count":8,"tested":478,"color":"rgb(44,160,44)"},{"description":"Female","count":862,"tested":13169,"color":"rgb(255,127,14)"}]}
