{"age":[{"age_group":"<20","count":402,"tested":3167},{"age_group":"20-29   ","count":590,"tested":4674},{"age_group":"30-39   ","count":408,"tested":3937},{"age_group":"40-49   ","count":465,"tested":4459},{"age_group":"50-59   ","count":463,"tested":5141},{"age_group":"60-69   ","count":270,"tested":4042},{"age_group":"70-79   ","count":147,"tested":2698},{"age_group":"80+","count":121,"tested":3017}],"race":[{"description":"Left Blank","count":869,"tested":17404,"color":"rgb(44,160,44)"},{"description":"White","count":561,"tested":5570,"color":"rgb(31,119,180)"},{"description":"Asian","count":39,"tested":414,"color":"rgb(140,86,75)"},{"description":"Other","count":117,"tested":1140,"color":"rgb(148,103,189)"},{"description":"Hispanic","count":1232,"tested":6054,"color":"rgb(214,39,40)"},{"description":"Black","count":44,"tested":534,"color":"rgb(255,127,14)"}],"gender":[{"description":"Male","count":1362,"tested":12247,"color":"rgb(31,119,180)"},{"description":"Unknown/Left Blank","count":12,"tested":184,"color":"rgb(44,160,44)"},{"description":"Female","count":1492,"tested":18723,"color":"rgb(255,127,14)"}]}
