{"age":[{"age_group":"<20","count":140,"tested":1321},{"age_group":"20-29   ","count":97,"tested":1162},{"age_group":"30-39   ","count":101,"tested":1043},{"age_group":"40-49   ","count":84,"tested":955},{"age_group":"50-59   ","count":74,"tested":1073},{"age_group":"60-69   ","count":84,"tested":893},{"age_group":"70-79   ","count":30,"tested":754},{"age_group":"80+","count":36,"tested":1052}],"race":[{"description":"Left Blank","count":40,"tested":1684,"color":"rgb(44,160,44)"},{"description":"Hispanic","count":81,"tested":494,"color":"rgb(214,39,40)"},{"description":"White","count":500,"tested":5827,"color":"rgb(31,119,180)"},{"description":"Other","count":20,"tested":166,"color":"rgb(148,103,189)"}],"gender":[{"description":"Female","count":343,"tested":4721,"color":"rgb(255,127,14)"},{"description":"Male","count":296,"tested":2980,"color":"rgb(31,119,180)"},{"description":"Unknown/Left Blank","count":7,"tested":555,"color":"rgb(44,160,44)"}]}
