{"age":[{"age_group":"<20","count":29,"tested":277},{"age_group":"20-29   ","count":65,"tested":674},{"age_group":"30-39   ","count":75,"tested":771},{"age_group":"40-49   ","count":45,"tested":595},{"age_group":"50-59   ","count":33,"tested":362},{"age_group":"60-69   ","count":17,"tested":352},{"age_group":"70-79   ","count":8,"tested":166}],"race":[{"description":"Asian","count":37,"tested":299,"color":"rgb(140,86,75)"},{"description":"Hispanic","count":28,"tested":166,"color":"rgb(214,39,40)"},{"description":"Black","count":8,"tested":96,"color":"rgb(255,127,14)"},{"description":"Other","count":13,"tested":105,"color":"rgb(148,103,189)"},{"description":"White","count":89,"tested":813,"color":"rgb(31,119,180)"},{"description":"Left Blank","count":102,"tested":1778,"color":"rgb(44,160,44)"}],"gender":[{"description":"Male","count":135,"tested":1481,"color":"rgb(31,119,180)"},{"description":"Female","count":139,"tested":1748,"color":"rgb(255,127,14)"}]}
