{"age":[{"age_group":"<20","count":348,"tested":2946},{"age_group":"20-29   ","count":464,"tested":3750},{"age_group":"30-39   ","count":371,"tested":3729},{"age_group":"40-49   ","count":387,"tested":3501},{"age_group":"50-59   ","count":367,"tested":3637},{"age_group":"60-69   ","count":163,"tested":1997},{"age_group":"70-79   ","count":64,"tested":1047},{"age_group":"80+","count":22,"tested":636}],"race":[{"description":"Black","count":36,"tested":403,"color":"rgb(255,127,14)"},{"description":"White","count":1017,"tested":8743,"color":"rgb(31,119,180)"},{"description":"Asian","count":74,"tested":567,"color":"rgb(140,86,75)"},{"description":"Other","count":46,"tested":370,"color":"rgb(148,103,189)"},{"description":"Left Blank","count":702,"tested":9616,"color":"rgb(44,160,44)"},{"description":"Hispanic","count":306,"tested":1503,"color":"rgb(214,39,40)"}],"gender":[{"description":"Male","count":1068,"tested":8981,"color":"rgb(31,119,180)"},{"description":"Female","count":1097,"tested":12139,"color":"rgb(255,127,14)"},{"description":"Unknown/Left Blank","count":22,"tested":126,"color":"rgb(44,160,44)"}]}
