{"age":[{"age_group":"<20","count":96,"tested":837},{"age_group":"20-29   ","count":151,"tested":1538},{"age_group":"30-39   ","count":129,"tested":1186},{"age_group":"40-49   ","count":117,"tested":1057},{"age_group":"50-59   ","count":127,"tested":1141},{"age_group":"60-69   ","count":96,"tested":902},{"age_group":"70-79   ","count":49,"tested":516},{"age_group":"80+","count":13,"tested":224}],"race":[{"description":"White","count":250,"tested":2281,"color":"rgb(31,119,180)"},{"description":"Other","count":24,"tested":270,"color":"rgb(148,103,189)"},{"description":"Left Blank","count":274,"tested":2812,"color":"rgb(44,160,44)"},{"description":"Black","count":128,"tested":1457,"color":"rgb(255,127,14)"},{"description":"Hispanic","count":100,"tested":526,"color":"rgb(214,39,40)"}],"gender":[{"description":"Male","count":348,"tested":2966,"color":"rgb(31,119,180)"},{"description":"Unknown/Left Blank","count":8,"tested":96,"color":"rgb(44,160,44)"},{"description":"Female","count":422,"tested":4340,"color":"rgb(255,127,14)"}]}
