{"age":[{"age_group":"<20","count":460,"tested":5168},{"age_group":"20-29   ","count":326,"tested":4105},{"age_group":"30-39   ","count":261,"tested":3783},{"age_group":"40-49   ","count":320,"tested":3580},{"age_group":"50-59   ","count":375,"tested":5001},{"age_group":"60-69   ","count":213,"tested":3306},{"age_group":"70-79   ","count":106,"tested":1947},{"age_group":"80+","count":98,"tested":3123}],"race":[{"description":"Black","count":10,"tested":199,"color":"rgb(255,127,14)"},{"description":"White","count":1331,"tested":14496,"color":"rgb(31,119,180)"},{"description":"Asian","count":34,"tested":384,"color":"rgb(140,86,75)"},{"description":"Other","count":44,"tested":518,"color":"rgb(148,103,189)"},{"description":"Hispanic","count":130,"tested":860,"color":"rgb(214,39,40)"},{"description":"Left Blank","count":613,"tested":13549,"color":"rgb(44,160,44)"}],"gender":[{"description":"Unknown/Left Blank","count":13,"tested":248,"color":"rgb(44,160,44)"},{"description":"Female","count":1100,"tested":17484,"color":"rgb(255,127,14)"},{"description":"Male","count":1051,"tested":12285,"color":"rgb(31,119,180)"}]}
