{"age":[{"age_group":"<20","count":169,"tested":1412},{"age_group":"20-29   ","count":129,"tested":1442},{"age_group":"30-39   ","count":110,"tested":1096},{"age_group":"40-49   ","count":122,"tested":1221},{"age_group":"50-59   ","count":149,"tested":1624},{"age_group":"60-69   ","count":72,"tested":1143},{"age_group":"70-79   ","count":37,"tested":560},{"age_group":"80+","count":10,"tested":249}],"race":[{"description":"Other","count":10,"tested":161,"color":"rgb(148,103,189)"},{"description":"Asian","count":9,"tested":173,"color":"rgb(140,86,75)"},{"description":"Hispanic","count":74,"tested":319,"color":"rgb(214,39,40)"},{"description":"Left Blank","count":234,"tested":3407,"color":"rgb(44,160,44)"},{"description":"White","count":470,"tested":4636,"color":"rgb(31,119,180)"}],"gender":[{"description":"Female","count":411,"tested":4961,"color":"rgb(255,127,14)"},{"description":"Male","count":384,"tested":3690,"color":"rgb(31,119,180)"}]}
