{"age":[{"age_group":"<20","count":388,"tested":3775},{"age_group":"20-29   ","count":350,"tested":4899},{"age_group":"30-39   ","count":339,"tested":4248},{"age_group":"40-49   ","count":323,"tested":4230},{"age_group":"50-59   ","count":358,"tested":4680},{"age_group":"60-69   ","count":285,"tested":4973},{"age_group":"70-79   ","count":212,"tested":4512},{"age_group":"80+","count":207,"tested":6532}],"race":[{"description":"Other","count":143,"tested":1856,"color":"rgb(148,103,189)"},{"description":"Left Blank","count":701,"tested":17720,"color":"rgb(44,160,44)"},{"description":"Black","count":172,"tested":2777,"color":"rgb(255,127,14)"},{"description":"Asian","count":126,"tested":1610,"color":"rgb(140,86,75)"},{"description":"White","count":1159,"tested":12929,"color":"rgb(31,119,180)"},{"description":"Hispanic","count":151,"tested":937,"color":"rgb(214,39,40)"},{"description":"AI/AN**","count":8,"tested":37,"color":"rgb(31,119,180)"}],"gender":[{"description":"Female","count":1323,"tested":22812,"color":"rgb(255,127,14)"},{"description":"Male","count":1117,"tested":14473,"color":"rgb(31,119,180)"},{"description":"Unknown/Left Blank","count":22,"tested":609,"color":"rgb(44,160,44)"}]}
