{"age":[{"age_group":"<20","count":2871,"tested":15940},{"age_group":"20-29   ","count":3284,"tested":23732},{"age_group":"30-39   ","count":2800,"tested":17408},{"age_group":"40-49   ","count":2908,"tested":16613},{"age_group":"50-59   ","count":2161,"tested":13115},{"age_group":"60-69   ","count":1246,"tested":8895},{"age_group":"70-79   ","count":446,"tested":4015},{"age_group":"80+","count":181,"tested":1867}],"race":[{"description":"Hispanic","count":9810,"tested":41641,"color":"rgb(214,39,40)"},{"description":"Asian","count":18,"tested":284,"color":"rgb(140,86,75)"},{"description":"Black","count":991,"tested":9263,"color":"rgb(255,127,14)"},{"description":"White","count":746,"tested":7679,"color":"rgb(31,119,180)"},{"description":"Left Blank","count":3664,"tested":37641,"color":"rgb(44,160,44)"},{"description":"Other","count":631,"tested":4835,"color":"rgb(148,103,189)"},{"description":"AI/AN**","count":29,"tested":218,"color":"rgb(31,119,180)"},{"description":"NH/PI*","count":8,"tested":63,"color":"rgb(127,127,127)"}],"gender":[{"description":"Male","count":7612,"tested":44053,"color":"rgb(31,119,180)"},{"description":"Unknown/Left Blank","count":102,"tested":987,"color":"rgb(44,160,44)"},{"description":"Female","count":8183,"tested":56584,"color":"rgb(255,127,14)"}]}
