{"age":[{"age_group":"<20","count":68,"tested":630},{"age_group":"20-29   ","count":114,"tested":1329},{"age_group":"30-39   ","count":74,"tested":1355},{"age_group":"40-49   ","count":84,"tested":1198},{"age_group":"50-59   ","count":112,"tested":1687},{"age_group":"60-69   ","count":107,"tested":1630},{"age_group":"70-79   ","count":68,"tested":996},{"age_group":"80+","count":25,"tested":453}],"race":[{"description":"Black","count":38,"tested":1064,"color":"rgb(255,127,14)"},{"description":"White","count":335,"tested":5545,"color":"rgb(31,119,180)"},{"description":"Other","count":11,"tested":190,"color":"rgb(148,103,189)"},{"description":"Hispanic","count":101,"tested":523,"color":"rgb(214,39,40)"},{"description":"Left Blank","count":164,"tested":1926,"color":"rgb(44,160,44)"}],"gender":[{"description":"Female","count":306,"tested":5351,"color":"rgb(255,127,14)"},{"description":"Male","count":343,"tested":3822,"color":"rgb(31,119,180)"}]}
