{"age":[{"age_group":"<20","count":162,"tested":2362},{"age_group":"20-29   ","count":98,"tested":1776},{"age_group":"30-39   ","count":69,"tested":1283},{"age_group":"40-49   ","count":92,"tested":1828},{"age_group":"50-59   ","count":117,"tested":1848},{"age_group":"60-69   ","count":86,"tested":1601},{"age_group":"70-79   ","count":33,"tested":866},{"age_group":"80+","count":11,"tested":313}],"race":[{"description":"Hispanic","count":41,"tested":489,"color":"rgb(214,39,40)"},{"description":"Asian","count":9,"tested":419,"color":"rgb(140,86,75)"},{"description":"White","count":331,"tested":5747,"color":"rgb(31,119,180)"},{"description":"Left Blank","count":201,"tested":3991,"color":"rgb(44,160,44)"},{"description":"Other","count":43,"tested":549,"color":"rgb(148,103,189)"},{"description":"Black","count":43,"tested":673,"color":"rgb(255,127,14)"}],"gender":[{"description":"Female","count":318,"tested":6388,"color":"rgb(255,127,14)"},{"description":"Male","count":347,"tested":5314,"color":"rgb(31,119,180)"}]}
