{"age":[{"age_group":"<20","count":713,"tested":4904},{"age_group":"20-29   ","count":1004,"tested":9184},{"age_group":"30-39   ","count":863,"tested":9599},{"age_group":"40-49   ","count":781,"tested":8289},{"age_group":"50-59   ","count":797,"tested":9425},{"age_group":"60-69   ","count":545,"tested":8928},{"age_group":"70-79   ","count":324,"tested":5175},{"age_group":"80+","count":273,"tested":4762}],"race":[{"description":"Asian","count":61,"tested":1130,"color":"rgb(140,86,75)"},{"description":"Hispanic","count":880,"tested":5053,"color":"rgb(214,39,40)"},{"description":"Black","count":347,"tested":7258,"color":"rgb(255,127,14)"},{"description":"White","count":1577,"tested":16884,"color":"rgb(31,119,180)"},{"description":"Other","count":292,"tested":1937,"color":"rgb(148,103,189)"},{"description":"Left Blank","count":2132,"tested":27921,"color":"rgb(44,160,44)"},{"description":"AI/AN**","count":6,"tested":51,"color":"rgb(31,119,180)"},{"description":"NH/PI*","count":8,"tested":46,"color":"rgb(127,127,127)"}],"gender":[{"description":"Male","count":2464,"tested":23974,"color":"rgb(31,119,180)"},{"description":"Unknown/Left Blank","count":47,"tested":1123,"color":"rgb(44,160,44)"},{"description":"Female","count":2792,"tested":35183,"color":"rgb(255,127,14)"}]}
