{"age":[{"age_group":"<20","count":323,"tested":2675},{"age_group":"20-29   ","count":372,"tested":3256},{"age_group":"30-39   ","count":307,"tested":2543},{"age_group":"40-49   ","count":253,"tested":2303},{"age_group":"50-59   ","count":206,"tested":1901},{"age_group":"60-69   ","count":134,"tested":1527},{"age_group":"70-79   ","count":61,"tested":946},{"age_group":"80+","count":46,"tested":589}],"race":[{"description":"Hispanic","count":593,"tested":1822,"color":"rgb(214,39,40)"},{"description":"White","count":406,"tested":3648,"color":"rgb(31,119,180)"},{"description":"Left Blank","count":303,"tested":7830,"color":"rgb(44,160,44)"},{"description":"Other","count":26,"tested":289,"color":"rgb(148,103,189)"},{"description":"Asian","count":64,"tested":171,"color":"rgb(140,86,75)"},{"description":"Black","count":307,"tested":1964,"color":"rgb(255,127,14)"}],"gender":[{"description":"Unknown/Left Blank","count":17,"tested":598,"color":"rgb(44,160,44)"},{"description":"Female","count":880,"tested":9042,"color":"rgb(255,127,14)"},{"description":"Male","count":805,"tested":6103,"color":"rgb(31,119,180)"}]}
