{"age":[{"age_group":"<20","count":283,"tested":2047},{"age_group":"20-29   ","count":296,"tested":2375},{"age_group":"30-39   ","count":265,"tested":2231},{"age_group":"40-49   ","count":358,"tested":2585},{"age_group":"50-59   ","count":300,"tested":2549},{"age_group":"60-69   ","count":158,"tested":2060},{"age_group":"70-79   ","count":133,"tested":1986},{"age_group":"80+","count":77,"tested":2473}],"race":[{"description":"Hispanic","count":195,"tested":838,"color":"rgb(214,39,40)"},{"description":"Left Blank","count":603,"tested":7749,"color":"rgb(44,160,44)"},{"description":"Other","count":50,"tested":626,"color":"rgb(148,103,189)"},{"description":"White","count":938,"tested":8129,"color":"rgb(31,119,180)"},{"description":"Asian","count":17,"tested":226,"color":"rgb(140,86,75)"},{"description":"Black","count":63,"tested":700,"color":"rgb(255,127,14)"}],"gender":[{"description":"Male","count":938,"tested":7564,"color":"rgb(31,119,180)"},{"description":"Unknown/Left Blank","count":19,"tested":388,"color":"rgb(44,160,44)"},{"description":"Female","count":913,"tested":10356,"color":"rgb(255,127,14)"}]}
