{"age":[{"age_group":"<20","count":337,"tested":5473},{"age_group":"20-29   ","count":214,"tested":5560},{"age_group":"30-39   ","count":178,"tested":4310},{"age_group":"40-49   ","count":222,"tested":4908},{"age_group":"50-59   ","count":254,"tested":6160},{"age_group":"60-69   ","count":178,"tested":5219},{"age_group":"70-79   ","count":129,"tested":3448},{"age_group":"80+","count":173,"tested":5987}],"race":[{"description":"Other","count":130,"tested":2000,"color":"rgb(148,103,189)"},{"description":"White","count":949,"tested":15211,"color":"rgb(31,119,180)"},{"description":"Asian","count":59,"tested":876,"color":"rgb(140,86,75)"},{"description":"Black","count":23,"tested":293,"color":"rgb(255,127,14)"},{"description":"Left Blank","count":448,"tested":21995,"color":"rgb(44,160,44)"},{"description":"Hispanic","count":72,"tested":660,"color":"rgb(214,39,40)"}],"gender":[{"description":"Female","count":884,"tested":23289,"color":"rgb(255,127,14)"},{"description":"Male","count":778,"tested":17267,"color":"rgb(31,119,180)"},{"description":"Unknown/Left Blank","count":24,"tested":515,"color":"rgb(44,160,44)"}]}
