{"age":[{"age_group":"<20","count":410,"tested":4193},{"age_group":"20-29   ","count":627,"tested":6030},{"age_group":"30-39   ","count":481,"tested":5094},{"age_group":"40-49   ","count":454,"tested":5060},{"age_group":"50-59   ","count":443,"tested":5125},{"age_group":"60-69   ","count":415,"tested":5586},{"age_group":"70-79   ","count":231,"tested":3587},{"age_group":"80+","count":221,"tested":6161}],"race":[{"description":"Left Blank","count":1595,"tested":23316,"color":"rgb(44,160,44)"},{"description":"Hispanic","count":223,"tested":1204,"color":"rgb(214,39,40)"},{"description":"Other","count":86,"tested":728,"color":"rgb(148,103,189)"},{"description":"Black","count":352,"tested":4196,"color":"rgb(255,127,14)"},{"description":"White","count":953,"tested":11087,"color":"rgb(31,119,180)"},{"description":"Asian","count":69,"tested":311,"color":"rgb(140,86,75)"}],"gender":[{"description":"Unknown/Left Blank","count":17,"tested":810,"color":"rgb(44,160,44)"},{"description":"Female","count":1760,"tested":25061,"color":"rgb(255,127,14)"},{"description":"Male","count":1505,"tested":15001,"color":"rgb(31,119,180)"}]}
