{"age":[{"age_group":"<20","count":67,"tested":632},{"age_group":"20-29   ","count":85,"tested":773},{"age_group":"30-39   ","count":74,"tested":792},{"age_group":"40-49   ","count":67,"tested":651},{"age_group":"50-59   ","count":45,"tested":535},{"age_group":"60-69   ","count":21,"tested":349},{"age_group":"70-79   ","count":7,"tested":147}],"race":[{"description":"Left Blank","count":95,"tested":1781,"color":"rgb(44,160,44)"},{"description":"White","count":155,"tested":1468,"color":"rgb(31,119,180)"},{"description":"Black","count":26,"tested":198,"color":"rgb(255,127,14)"},{"description":"Hispanic","count":86,"tested":357,"color":"rgb(214,39,40)"}],"gender":[{"description":"Female","count":193,"tested":2308,"color":"rgb(255,127,14)"},{"description":"Male","count":176,"tested":1568,"color":"rgb(31,119,180)"}]}
