{"age":[{"age_group":"<20","count":527,"tested":5419},{"age_group":"20-29   ","count":417,"tested":5681},{"age_group":"30-39   ","count":382,"tested":5803},{"age_group":"40-49   ","count":359,"tested":5594},{"age_group":"50-59   ","count":433,"tested":7852},{"age_group":"60-69   ","count":319,"tested":7103},{"age_group":"70-79   ","count":157,"tested":4321},{"age_group":"80+","count":145,"tested":3898}],"race":[{"description":"Left Blank","count":909,"tested":27118,"color":"rgb(44,160,44)"},{"description":"Other","count":104,"tested":1092,"color":"rgb(148,103,189)"},{"description":"Black","count":94,"tested":1083,"color":"rgb(255,127,14)"},{"description":"Asian","count":21,"tested":367,"color":"rgb(140,86,75)"},{"description":"White","count":1224,"tested":14015,"color":"rgb(31,119,180)"},{"description":"Hispanic","count":383,"tested":1986,"color":"rgb(214,39,40)"}],"gender":[{"description":"Female","count":1386,"tested":25674,"color":"rgb(255,127,14)"},{"description":"Male","count":1327,"tested":18439,"color":"rgb(31,119,180)"},{"description":"Unknown/Left Blank","count":26,"tested":1583,"color":"rgb(44,160,44)"}]}
