{"age":[{"age_group":"<20","count":10,"tested":201},{"age_group":"20-29   ","count":10,"tested":339},{"age_group":"30-39   ","count":11,"tested":404},{"age_group":"40-49   ","count":16,"tested":294},{"age_group":"50-59   ","count":16,"tested":263},{"age_group":"60-69   ","count":13,"tested":338},{"age_group":"80+","count":12,"tested":2450}],"race":[{"description":"Left Blank","count":18,"tested":2098,"color":"rgb(44,160,44)"},{"description":"White","count":72,"tested":2738,"color":"rgb(31,119,180)"}],"gender":[{"description":"Male","count":38,"tested":1157,"color":"rgb(31,119,180)"},{"description":"Female","count":53,"tested":3660,"color":"rgb(255,127,14)"}]}
