{"age":[{"age_group":"<20","count":8,"tested":109},{"age_group":"20-29   ","count":12,"tested":189},{"age_group":"30-39   ","count":12,"tested":145},{"age_group":"40-49   ","count":9,"tested":137},{"age_group":"50-59   ","count":10,"tested":108},{"age_group":"60-69   ","count":9,"tested":121},{"age_group":"70-79   ","count":7,"tested":63}],"race":[{"description":"White","count":22,"tested":327,"color":"rgb(31,119,180)"},{"description":"Left Blank","count":38,"tested":451,"color":"rgb(44,160,44)"}],"gender":[{"description":"Female","count":42,"tested":552,"color":"rgb(255,127,14)"},{"description":"Male","count":28,"tested":347,"color":"rgb(31,119,180)"}]}
