{"age":[{"age_group":"<20","count":225,"tested":1249},{"age_group":"20-29   ","count":272,"tested":1831},{"age_group":"30-39   ","count":236,"tested":1516},{"age_group":"40-49   ","count":231,"tested":1351},{"age_group":"50-59   ","count":166,"tested":1140},{"age_group":"60-69   ","count":113,"tested":982},{"age_group":"70-79   ","count":43,"tested":406},{"age_group":"80+","count":29,"tested":286}],"race":[{"description":"Black","count":56,"tested":525,"color":"rgb(255,127,14)"},{"description":"Hispanic","count":608,"tested":2435,"color":"rgb(214,39,40)"},{"description":"Left Blank","count":346,"tested":3267,"color":"rgb(44,160,44)"},{"description":"White","count":196,"tested":1701,"color":"rgb(31,119,180)"},{"description":"Other","count":103,"tested":759,"color":"rgb(148,103,189)"}],"gender":[{"description":"Male","count":643,"tested":3811,"color":"rgb(31,119,180)"},{"description":"Female","count":669,"tested":4893,"color":"rgb(255,127,14)"}]}
