{"age":[{"age_group":"<20","count":181,"tested":4658},{"age_group":"20-29   ","count":607,"tested":17283},{"age_group":"30-39   ","count":642,"tested":13712},{"age_group":"40-49   ","count":302,"tested":5630},{"age_group":"50-59   ","count":282,"tested":3464},{"age_group":"60-69   ","count":179,"tested":2359},{"age_group":"70-79   ","count":53,"tested":807},{"age_group":"80+","count":20,"tested":303}],"race":[{"description":"Black","count":417,"tested":5245,"color":"rgb(255,127,14)"},{"description":"Asian","count":129,"tested":5652,"color":"rgb(140,86,75)"},{"description":"Hispanic","count":213,"tested":2693,"color":"rgb(214,39,40)"},{"description":"White","count":766,"tested":14807,"color":"rgb(31,119,180)"},{"description":"Other","count":129,"tested":3073,"color":"rgb(148,103,189)"},{"description":"Left Blank","count":610,"tested":16638,"color":"rgb(44,160,44)"}],"gender":[{"description":"Female","count":989,"tested":23724,"color":"rgb(255,127,14)"},{"description":"Male","count":1155,"tested":21741,"color":"rgb(31,119,180)"},{"description":"Unknown/Left Blank","count":123,"tested":2763,"color":"rgb(44,160,44)"}]}
