{"age":[{"age_group":"<20","count":492,"tested":3882},{"age_group":"20-29   ","count":631,"tested":5532},{"age_group":"30-39   ","count":509,"tested":5062},{"age_group":"40-49   ","count":521,"tested":4339},{"age_group":"50-59   ","count":515,"tested":5058},{"age_group":"60-69   ","count":308,"tested":4261},{"age_group":"70-79   ","count":123,"tested":2225},{"age_group":"80+","count":92,"tested":1539}],"race":[{"description":"Hispanic","count":1152,"tested":5050,"color":"rgb(214,39,40)"},{"description":"Left Blank","count":804,"tested":11838,"color":"rgb(44,160,44)"},{"description":"White","count":925,"tested":11745,"color":"rgb(31,119,180)"},{"description":"Other","count":173,"tested":1294,"color":"rgb(148,103,189)"},{"description":"Black","count":32,"tested":422,"color":"rgb(255,127,14)"},{"description":"Asian","count":99,"tested":1409,"color":"rgb(140,86,75)"}],"gender":[{"description":"Unknown/Left Blank","count":25,"tested":280,"color":"rgb(44,160,44)"},{"description":"Male","count":1597,"tested":13865,"color":"rgb(31,119,180)"},{"description":"Female","count":1570,"tested":17756,"color":"rgb(255,127,14)"}]}
