{"age":[{"age_group":"<20","count":41,"tested":508},{"age_group":"20-29   ","count":53,"tested":525},{"age_group":"30-39   ","count":53,"tested":564},{"age_group":"40-49   ","count":38,"tested":452},{"age_group":"50-59   ","count":70,"tested":689},{"age_group":"60-69   ","count":50,"tested":519},{"age_group":"70-79   ","count":8,"tested":287}],"race":[{"description":"Hispanic","count":25,"tested":134,"color":"rgb(214,39,40)"},{"description":"White","count":160,"tested":2308,"color":"rgb(31,119,180)"},{"description":"Left Blank","count":119,"tested":1485,"color":"rgb(44,160,44)"}],"gender":[{"description":"Male","count":142,"tested":1703,"color":"rgb(31,119,180)"},{"description":"Female","count":171,"tested":2294,"color":"rgb(255,127,14)"}]}
