{"age":[{"age_group":"<20","count":285,"tested":2896},{"age_group":"20-29   ","count":325,"tested":3974},{"age_group":"30-39   ","count":237,"tested":3170},{"age_group":"40-49   ","count":288,"tested":2836},{"age_group":"50-59   ","count":226,"tested":3129},{"age_group":"60-69   ","count":155,"tested":2545},{"age_group":"70-79   ","count":103,"tested":1791},{"age_group":"80+","count":62,"tested":1135}],"race":[{"description":"AI/AN**","count":6,"tested":17,"color":"rgb(31,119,180)"},{"description":"Hispanic","count":426,"tested":1704,"color":"rgb(214,39,40)"},{"description":"White","count":510,"tested":5582,"color":"rgb(31,119,180)"},{"description":"Black","count":493,"tested":4004,"color":"rgb(255,127,14)"},{"description":"Other","count":26,"tested":304,"color":"rgb(148,103,189)"},{"description":"Left Blank","count":214,"tested":9811,"color":"rgb(44,160,44)"}],"gender":[{"description":"Female","count":919,"tested":12103,"color":"rgb(255,127,14)"},{"description":"Male","count":741,"tested":8681,"color":"rgb(31,119,180)"},{"description":"Unknown/Left Blank","count":21,"tested":694,"color":"rgb(44,160,44)"}]}
