{"age":[{"age_group":"<20","count":10,"tested":147},{"age_group":"20-29   ","count":10,"tested":135},{"age_group":"40-49   ","count":10,"tested":218},{"age_group":"50-59   ","count":7,"tested":123},{"age_group":"60-69   ","count":6,"tested":131}],"race":[{"description":"Hispanic","count":9,"tested":43,"color":"rgb(214,39,40)"},{"description":"White","count":38,"tested":697,"color":"rgb(31,119,180)"}],"gender":[{"description":"Female","count":28,"tested":536,"color":"rgb(255,127,14)"},{"description":"Male","count":24,"tested":384,"color":"rgb(31,119,180)"}]}
