{"age":[{"age_group":"<20","count":505,"tested":3424},{"age_group":"20-29   ","count":539,"tested":5483},{"age_group":"30-39   ","count":509,"tested":4946},{"age_group":"40-49   ","count":537,"tested":5616},{"age_group":"50-59   ","count":528,"tested":5643},{"age_group":"60-69   ","count":393,"tested":4396},{"age_group":"70-79   ","count":188,"tested":2386},{"age_group":"80+","count":111,"tested":1515}],"race":[{"description":"Asian","count":17,"tested":132,"color":"rgb(140,86,75)"},{"description":"White","count":542,"tested":4725,"color":"rgb(31,119,180)"},{"description":"Black","count":912,"tested":9872,"color":"rgb(255,127,14)"},{"description":"Other","count":102,"tested":721,"color":"rgb(148,103,189)"},{"description":"Left Blank","count":1210,"tested":15153,"color":"rgb(44,160,44)"},{"description":"Hispanic","count":521,"tested":2860,"color":"rgb(214,39,40)"}],"gender":[{"description":"Female","count":1811,"tested":20621,"color":"rgb(255,127,14)"},{"description":"Male","count":1482,"tested":12053,"color":"rgb(31,119,180)"},{"description":"Unknown/Left Blank","count":17,"tested":854,"color":"rgb(44,160,44)"}]}
