{"age":[{"age_group":"<20","count":606,"tested":6515},{"age_group":"20-29   ","count":840,"tested":11172},{"age_group":"30-39   ","count":892,"tested":11735},{"age_group":"40-49   ","count":833,"tested":12556},{"age_group":"50-59   ","count":856,"tested":15366},{"age_group":"60-69   ","count":626,"tested":12757},{"age_group":"70-79   ","count":364,"tested":6413},{"age_group":"80+","count":243,"tested":3620}],"race":[{"description":"Hispanic","count":144,"tested":969,"color":"rgb(214,39,40)"},{"description":"White","count":88,"tested":968,"color":"rgb(31,119,180)"},{"description":"Asian","count":9,"tested":80,"color":"rgb(140,86,75)"},{"description":"Black","count":3475,"tested":42154,"color":"rgb(255,127,14)"},{"description":"Other","count":135,"tested":1190,"color":"rgb(148,103,189)"},{"description":"Left Blank","count":1401,"tested":34611,"color":"rgb(44,160,44)"},{"description":"AI/AN**","count":8,"tested":46,"color":"rgb(31,119,180)"}],"gender":[{"description":"Female","count":3016,"tested":45030,"color":"rgb(255,127,14)"},{"description":"Unknown/Left Blank","count":54,"tested":1905,"color":"rgb(44,160,44)"},{"description":"Male","count":2191,"tested":33218,"color":"rgb(31,119,180)"}]}
