{"age":[{"age_group":"<20","count":223,"tested":1954},{"age_group":"20-29   ","count":224,"tested":2942},{"age_group":"30-39   ","count":143,"tested":2843},{"age_group":"40-49   ","count":209,"tested":3127},{"age_group":"50-59   ","count":240,"tested":4202},{"age_group":"60-69   ","count":163,"tested":3497},{"age_group":"70-79   ","count":95,"tested":4830},{"age_group":"80+","count":109,"tested":7243}],"race":[{"description":"Asian","count":11,"tested":111,"color":"rgb(140,86,75)"},{"description":"White","count":880,"tested":20741,"color":"rgb(31,119,180)"},{"description":"Left Blank","count":395,"tested":6612,"color":"rgb(44,160,44)"},{"description":"Hispanic","count":45,"tested":600,"color":"rgb(214,39,40)"},{"description":"Black","count":34,"tested":2063,"color":"rgb(255,127,14)"},{"description":"Other","count":40,"tested":487,"color":"rgb(148,103,189)"}],"gender":[{"description":"Male","count":662,"tested":15289,"color":"rgb(31,119,180)"},{"description":"Female","count":738,"tested":12991,"color":"rgb(255,127,14)"}]}
