{"age":[{"age_group":"<20","count":361,"tested":3273},{"age_group":"20-29   ","count":415,"tested":3875},{"age_group":"30-39   ","count":343,"tested":3131},{"age_group":"40-49   ","count":286,"tested":2733},{"age_group":"50-59   ","count":229,"tested":2297},{"age_group":"60-69   ","count":146,"tested":1835},{"age_group":"70-79   ","count":63,"tested":1113},{"age_group":"80+","count":44,"tested":687}],"race":[{"description":"Hispanic","count":647,"tested":2071,"color":"rgb(214,39,40)"},{"description":"White","count":521,"tested":4695,"color":"rgb(31,119,180)"},{"description":"Left Blank","count":244,"tested":9038,"color":"rgb(44,160,44)"},{"description":"Other","count":32,"tested":385,"color":"rgb(148,103,189)"},{"description":"Asian","count":79,"tested":211,"color":"rgb(140,86,75)"},{"description":"Black","count":358,"tested":2521,"color":"rgb(255,127,14)"}],"gender":[{"description":"Unknown/Left Blank","count":18,"tested":608,"color":"rgb(44,160,44)"},{"description":"Female","count":986,"tested":10972,"color":"rgb(255,127,14)"},{"description":"Male","count":883,"tested":7367,"color":"rgb(31,119,180)"}]}
