{"age":[{"age_group":"<20","count":26,"tested":323},{"age_group":"20-29   ","count":16,"tested":132},{"age_group":"30-39   ","count":22,"tested":211},{"age_group":"40-49   ","count":23,"tested":216},{"age_group":"50-59   ","count":32,"tested":274},{"age_group":"60-69   ","count":23,"tested":163},{"age_group":"70-79   ","count":9,"tested":104}],"race":[{"description":"White","count":77,"tested":721,"color":"rgb(31,119,180)"},{"description":"Left Blank","count":76,"tested":730,"color":"rgb(44,160,44)"}],"gender":[{"description":"Female","count":71,"tested":789,"color":"rgb(255,127,14)"},{"description":"Male","count":84,"tested":677,"color":"rgb(31,119,180)"}]}
