{"age":[{"age_group":"<20","count":201,"tested":2657},{"age_group":"20-29   ","count":139,"tested":2412},{"age_group":"30-39   ","count":97,"tested":2266},{"age_group":"40-49   ","count":160,"tested":2650},{"age_group":"50-59   ","count":142,"tested":3358},{"age_group":"60-69   ","count":102,"tested":3509},{"age_group":"70-79   ","count":79,"tested":3179},{"age_group":"80+","count":118,"tested":6518}],"race":[{"description":"Other","count":123,"tested":1072,"color":"rgb(148,103,189)"},{"description":"Asian","count":101,"tested":2115,"color":"rgb(140,86,75)"},{"description":"Black","count":16,"tested":706,"color":"rgb(255,127,14)"},{"description":"Hispanic","count":77,"tested":1040,"color":"rgb(214,39,40)"},{"description":"White","count":484,"tested":12802,"color":"rgb(31,119,180)"},{"description":"Left Blank","count":235,"tested":8743,"color":"rgb(44,160,44)"}],"gender":[{"description":"Unknown/Left Blank","count":23,"tested":2354,"color":"rgb(44,160,44)"},{"description":"Female","count":534,"tested":14446,"color":"rgb(255,127,14)"},{"description":"Male","count":481,"tested":9771,"color":"rgb(31,119,180)"}]}
