{"age":[{"age_group":"<20","count":23,"tested":250},{"age_group":"20-29   ","count":26,"tested":348},{"age_group":"30-39   ","count":21,"tested":204},{"age_group":"40-49   ","count":19,"tested":216},{"age_group":"50-59   ","count":20,"tested":280},{"age_group":"60-69   ","count":17,"tested":207},{"age_group":"70-79   ","count":11,"tested":109}],"race":[{"description":"White","count":111,"tested":1133,"color":"rgb(31,119,180)"},{"description":"Left Blank","count":24,"tested":440,"color":"rgb(44,160,44)"}],"gender":[{"description":"Male","count":66,"tested":721,"color":"rgb(31,119,180)"},{"description":"Female","count":75,"tested":883,"color":"rgb(255,127,14)"}]}
