{"age":[{"age_group":"<20","count":41,"tested":586},{"age_group":"20-29   ","count":197,"tested":8323},{"age_group":"30-39   ","count":188,"tested":8696},{"age_group":"40-49   ","count":130,"tested":4933},{"age_group":"50-59   ","count":120,"tested":2499},{"age_group":"60-69   ","count":52,"tested":934},{"age_group":"70-79   ","count":19,"tested":268},{"age_group":"80+","count":8,"tested":122}],"race":[{"description":"Left Blank","count":399,"tested":25646,"color":"rgb(44,160,44)"},{"description":"White","count":273,"tested":1908,"color":"rgb(31,119,180)"},{"description":"Other","count":24,"tested":150,"color":"rgb(148,103,189)"},{"description":"Hispanic","count":9,"tested":62,"color":"rgb(214,39,40)"},{"description":"Black","count":48,"tested":70,"color":"rgb(255,127,14)"}],"gender":[{"description":"Female","count":179,"tested":1772,"color":"rgb(255,127,14)"},{"description":"Male","count":437,"tested":12467,"color":"rgb(31,119,180)"},{"description":"Unknown/Left Blank","count":139,"tested":13616,"color":"rgb(44,160,44)"}]}
