{"age":[{"age_group":"<20","count":142,"tested":1476},{"age_group":"20-29   ","count":150,"tested":1543},{"age_group":"30-39   ","count":120,"tested":1653},{"age_group":"40-49   ","count":156,"tested":1748},{"age_group":"50-59   ","count":119,"tested":2234},{"age_group":"60-69   ","count":86,"tested":1415},{"age_group":"70-79   ","count":58,"tested":699},{"age_group":"80+","count":20,"tested":232}],"race":[{"description":"Left Blank","count":213,"tested":3553,"color":"rgb(44,160,44)"},{"description":"White","count":295,"tested":3557,"color":"rgb(31,119,180)"},{"description":"Hispanic","count":168,"tested":1231,"color":"rgb(214,39,40)"},{"description":"Other","count":50,"tested":489,"color":"rgb(148,103,189)"},{"description":"Black","count":73,"tested":1170,"color":"rgb(255,127,14)"},{"description":"Asian","count":50,"tested":887,"color":"rgb(140,86,75)"}],"gender":[{"description":"Male","count":411,"tested":4772,"color":"rgb(31,119,180)"},{"description":"Female","count":433,"tested":6144,"color":"rgb(255,127,14)"}]}
