{"age":[{"age_group":"<20","count":349,"tested":9157},{"age_group":"20-29   ","count":2592,"tested":46075},{"age_group":"30-39   ","count":1225,"tested":29729},{"age_group":"40-49   ","count":449,"tested":10880},{"age_group":"50-59   ","count":359,"tested":7952},{"age_group":"60-69   ","count":178,"tested":5124},{"age_group":"70-79   ","count":112,"tested":3989},{"age_group":"80+","count":127,"tested":3897}],"race":[{"description":"Black","count":122,"tested":2216,"color":"rgb(255,127,14)"},{"description":"AI/AN**","count":13,"tested":84,"color":"rgb(31,119,180)"},{"description":"Other","count":320,"tested":5949,"color":"rgb(148,103,189)"},{"description":"Hispanic","count":348,"tested":3222,"color":"rgb(214,39,40)"},{"description":"Asian","count":150,"tested":3297,"color":"rgb(140,86,75)"},{"description":"Left Blank","count":1697,"tested":56285,"color":"rgb(44,160,44)"},{"description":"White","count":2737,"tested":45726,"color":"rgb(31,119,180)"}],"gender":[{"description":"Unknown/Left Blank","count":324,"tested":1956,"color":"rgb(44,160,44)"},{"description":"Male","count":2692,"tested":52838,"color":"rgb(31,119,180)"},{"description":"Female","count":2375,"tested":62024,"color":"rgb(255,127,14)"}]}
