{"age":[{"age_group":"<20","count":264,"tested":2435},{"age_group":"20-29   ","count":226,"tested":2148},{"age_group":"30-39   ","count":207,"tested":1848},{"age_group":"40-49   ","count":257,"tested":2157},{"age_group":"50-59   ","count":229,"tested":2213},{"age_group":"60-69   ","count":144,"tested":1452},{"age_group":"70-79   ","count":55,"tested":815},{"age_group":"80+","count":22,"tested":378}],"race":[{"description":"Other","count":34,"tested":417,"color":"rgb(148,103,189)"},{"description":"Left Blank","count":438,"tested":4127,"color":"rgb(44,160,44)"},{"description":"White","count":820,"tested":7978,"color":"rgb(31,119,180)"},{"description":"Asian","count":8,"tested":85,"color":"rgb(140,86,75)"},{"description":"Hispanic","count":96,"tested":631,"color":"rgb(214,39,40)"},{"description":"Black","count":7,"tested":188,"color":"rgb(255,127,14)"}],"gender":[{"description":"Female","count":720,"tested":7117,"color":"rgb(255,127,14)"},{"description":"Unknown/Left Blank","count":11,"tested":167,"color":"rgb(44,160,44)"},{"description":"Male","count":673,"tested":6162,"color":"rgb(31,119,180)"}]}
