{"age":[{"age_group":"<20","count":228,"tested":2347},{"age_group":"20-29   ","count":390,"tested":12630},{"age_group":"30-39   ","count":316,"tested":14655},{"age_group":"40-49   ","count":331,"tested":14563},{"age_group":"50-59   ","count":290,"tested":9763},{"age_group":"60-69   ","count":141,"tested":5770},{"age_group":"70-79   ","count":92,"tested":2566},{"age_group":"80+","count":69,"tested":1654}],"race":[{"description":"Black","count":242,"tested":2251,"color":"rgb(255,127,14)"},{"description":"Asian","count":39,"tested":402,"color":"rgb(140,86,75)"},{"description":"White","count":629,"tested":7882,"color":"rgb(31,119,180)"},{"description":"Other","count":59,"tested":971,"color":"rgb(148,103,189)"},{"description":"Left Blank","count":501,"tested":50980,"color":"rgb(44,160,44)"},{"description":"Hispanic","count":382,"tested":2093,"color":"rgb(214,39,40)"}],"gender":[{"description":"Unknown/Left Blank","count":38,"tested":25445,"color":"rgb(44,160,44)"},{"description":"Female","count":969,"tested":11902,"color":"rgb(255,127,14)"},{"description":"Male","count":850,"tested":27299,"color":"rgb(31,119,180)"}]}
