{"age":[{"age_group":"<20","count":739,"tested":5066},{"age_group":"20-29   ","count":943,"tested":7550},{"age_group":"30-39   ","count":874,"tested":6384},{"age_group":"40-49   ","count":843,"tested":5677},{"age_group":"50-59   ","count":740,"tested":5975},{"age_group":"60-69   ","count":508,"tested":4722},{"age_group":"70-79   ","count":203,"tested":2667},{"age_group":"80+","count":122,"tested":2113}],"race":[{"description":"AI/AN**","count":6,"tested":44,"color":"rgb(31,119,180)"},{"description":"Left Blank","count":995,"tested":19909,"color":"rgb(44,160,44)"},{"description":"Other","count":215,"tested":2064,"color":"rgb(148,103,189)"},{"description":"White","count":1353,"tested":9490,"color":"rgb(31,119,180)"},{"description":"Black","count":101,"tested":851,"color":"rgb(255,127,14)"},{"description":"Hispanic","count":2091,"tested":6515,"color":"rgb(214,39,40)"},{"description":"Asian","count":207,"tested":1239,"color":"rgb(140,86,75)"}],"gender":[{"description":"Female","count":2498,"tested":21786,"color":"rgb(255,127,14)"},{"description":"Male","count":2451,"tested":17895,"color":"rgb(31,119,180)"},{"description":"Unknown/Left Blank","count":24,"tested":481,"color":"rgb(44,160,44)"}]}
