{"age":[{"age_group":"<20","count":536,"tested":12927},{"age_group":"20-29   ","count":2675,"tested":47373},{"age_group":"30-39   ","count":1071,"tested":29208},{"age_group":"40-49   ","count":509,"tested":14043},{"age_group":"50-59   ","count":379,"tested":13034},{"age_group":"60-69   ","count":239,"tested":10611},{"age_group":"70-79   ","count":194,"tested":7576},{"age_group":"80+","count":192,"tested":6608}],"race":[{"description":"Left Blank","count":1594,"tested":70881,"color":"rgb(44,160,44)"},{"description":"Hispanic","count":330,"tested":3488,"color":"rgb(214,39,40)"},{"description":"Other","count":379,"tested":7106,"color":"rgb(148,103,189)"},{"description":"Black","count":253,"tested":4507,"color":"rgb(255,127,14)"},{"description":"Asian","count":140,"tested":3626,"color":"rgb(140,86,75)"},{"description":"White","count":3090,"tested":51722,"color":"rgb(31,119,180)"}],"gender":[{"description":"Unknown/Left Blank","count":363,"tested":2251,"color":"rgb(44,160,44)"},{"description":"Female","count":2796,"tested":79075,"color":"rgb(255,127,14)"},{"description":"Male","count":2636,"tested":60108,"color":"rgb(31,119,180)"}]}
