{"age":[{"age_group":"<20","count":624,"tested":8481},{"age_group":"20-29   ","count":464,"tested":6816},{"age_group":"30-39   ","count":304,"tested":5244},{"age_group":"40-49   ","count":491,"tested":6275},{"age_group":"50-59   ","count":595,"tested":8126},{"age_group":"60-69   ","count":366,"tested":6798},{"age_group":"70-79   ","count":203,"tested":4233},{"age_group":"80+","count":172,"tested":4087}],"race":[{"description":"Hispanic","count":115,"tested":1584,"color":"rgb(214,39,40)"},{"description":"Asian","count":167,"tested":2577,"color":"rgb(140,86,75)"},{"description":"White","count":1718,"tested":23160,"color":"rgb(31,119,180)"},{"description":"Black","count":22,"tested":458,"color":"rgb(255,127,14)"},{"description":"Other","count":110,"tested":1077,"color":"rgb(148,103,189)"},{"description":"Left Blank","count":1081,"tested":21106,"color":"rgb(44,160,44)"}],"gender":[{"description":"Male","count":1615,"tested":21829,"color":"rgb(31,119,180)"},{"description":"Unknown/Left Blank","count":34,"tested":986,"color":"rgb(44,160,44)"},{"description":"Female","count":1570,"tested":27250,"color":"rgb(255,127,14)"}]}
