{"age":[{"age_group":"<20","count":11,"tested":78},{"age_group":"30-39   ","count":10,"tested":98},{"age_group":"40-49   ","count":11,"tested":104},{"age_group":"50-59   ","count":6,"tested":40}],"race":[{"description":"Left Blank","count":8,"tested":158,"color":"rgb(44,160,44)"},{"description":"White","count":40,"tested":287,"color":"rgb(31,119,180)"}],"gender":[{"description":"Male","count":22,"tested":181,"color":"rgb(31,119,180)"},{"description":"Female","count":28,"tested":285,"color":"rgb(255,127,14)"}]}
