{"age":[{"age_group":"<20","count":826,"tested":6895},{"age_group":"20-29   ","count":1063,"tested":13795},{"age_group":"30-39   ","count":926,"tested":12951},{"age_group":"40-49   ","count":983,"tested":12733},{"age_group":"50-59   ","count":879,"tested":15094},{"age_group":"60-69   ","count":595,"tested":11605},{"age_group":"70-79   ","count":298,"tested":5962},{"age_group":"80+","count":187,"tested":4719}],"race":[{"description":"Black","count":1894,"tested":26332,"color":"rgb(255,127,14)"},{"description":"Asian","count":14,"tested":199,"color":"rgb(140,86,75)"},{"description":"AI/AN**","count":37,"tested":233,"color":"rgb(31,119,180)"},{"description":"Other","count":193,"tested":2315,"color":"rgb(148,103,189)"},{"description":"White","count":699,"tested":10055,"color":"rgb(31,119,180)"},{"description":"Left Blank","count":1947,"tested":39023,"color":"rgb(44,160,44)"},{"description":"Hispanic","count":972,"tested":5536,"color":"rgb(214,39,40)"}],"gender":[{"description":"Male","count":2560,"tested":35219,"color":"rgb(31,119,180)"},{"description":"Unknown/Left Blank","count":40,"tested":1240,"color":"rgb(44,160,44)"},{"description":"Female","count":3158,"tested":47322,"color":"rgb(255,127,14)"}]}
