{"age":[{"age_group":"<20","count":14,"tested":167},{"age_group":"20-29   ","count":19,"tested":109},{"age_group":"30-39   ","count":16,"tested":94},{"age_group":"40-49   ","count":8,"tested":115},{"age_group":"50-59   ","count":14,"tested":141},{"age_group":"60-69   ","count":14,"tested":112},{"age_group":"70-79   ","count":7,"tested":50}],"race":[{"description":"Left Blank","count":25,"tested":203,"color":"rgb(44,160,44)"},{"description":"White","count":65,"tested":584,"color":"rgb(31,119,180)"}],"gender":[{"description":"Male","count":47,"tested":297,"color":"rgb(31,119,180)"},{"description":"Female","count":46,"tested":511,"color":"rgb(255,127,14)"}]}
