{"age":[{"age_group":"<20","count":333,"tested":4141},{"age_group":"20-29   ","count":566,"tested":8476},{"age_group":"30-39   ","count":584,"tested":9801},{"age_group":"40-49   ","count":486,"tested":9579},{"age_group":"50-59   ","count":499,"tested":10494},{"age_group":"60-69   ","count":427,"tested":9460},{"age_group":"70-79   ","count":237,"tested":4556},{"age_group":"80+","count":182,"tested":2932}],"race":[{"description":"Other","count":58,"tested":723,"color":"rgb(148,103,189)"},{"description":"Asian","count":8,"tested":193,"color":"rgb(140,86,75)"},{"description":"White","count":47,"tested":1156,"color":"rgb(31,119,180)"},{"description":"Black","count":2352,"tested":29312,"color":"rgb(255,127,14)"},{"description":"Left Blank","count":757,"tested":27214,"color":"rgb(44,160,44)"},{"description":"Hispanic","count":84,"tested":736,"color":"rgb(214,39,40)"}],"gender":[{"description":"Male","count":1393,"tested":23478,"color":"rgb(31,119,180)"},{"description":"Female","count":1872,"tested":33442,"color":"rgb(255,127,14)"},{"description":"Unknown/Left Blank","count":49,"tested":2539,"color":"rgb(44,160,44)"}]}
