{"age":[{"age_group":"<20","count":23,"tested":150},{"age_group":"20-29   ","count":16,"tested":174},{"age_group":"30-39   ","count":20,"tested":163},{"age_group":"40-49   ","count":15,"tested":102},{"age_group":"50-59   ","count":21,"tested":137},{"age_group":"60-69   ","count":16,"tested":135},{"age_group":"70-79   ","count":9,"tested":87}],"race":[{"description":"White","count":98,"tested":455,"color":"rgb(31,119,180)"},{"description":"Left Blank","count":7,"tested":464,"color":"rgb(44,160,44)"},{"description":"Hispanic","count":16,"tested":28,"color":"rgb(214,39,40)"}],"gender":[{"description":"Male","count":56,"tested":440,"color":"rgb(31,119,180)"},{"description":"Female","count":69,"tested":544,"color":"rgb(255,127,14)"}]}
