{"age":[{"age_group":"<20","count":384,"tested":2793},{"age_group":"20-29   ","count":452,"tested":4963},{"age_group":"30-39   ","count":444,"tested":4598},{"age_group":"40-49   ","count":455,"tested":4374},{"age_group":"50-59   ","count":374,"tested":4354},{"age_group":"60-69   ","count":224,"tested":3192},{"age_group":"70-79   ","count":94,"tested":1595},{"age_group":"80+","count":66,"tested":2339}],"race":[{"description":"Asian","count":50,"tested":587,"color":"rgb(140,86,75)"},{"description":"NH/PI*","count":7,"tested":34,"color":"rgb(127,127,127)"},{"description":"Black","count":21,"tested":255,"color":"rgb(255,127,14)"},{"description":"Other","count":86,"tested":1004,"color":"rgb(148,103,189)"},{"description":"Hispanic","count":1027,"tested":5613,"color":"rgb(214,39,40)"},{"description":"Left Blank","count":577,"tested":14608,"color":"rgb(44,160,44)"},{"description":"White","count":723,"tested":6094,"color":"rgb(31,119,180)"}],"gender":[{"description":"Male","count":1228,"tested":11143,"color":"rgb(31,119,180)"},{"description":"Female","count":1260,"tested":16662,"color":"rgb(255,127,14)"}]}
