{"lastUpdatedDate":{"year":2021,"month":3,"day":26},"county_demographics":[{"County":"Livingston","confirmed_cases":4383,"total_tested":91372,"demographics":{"age":[{"race":[],"age_group":"<20","count":595,"tested":8004,"deaths":0},{"race":[],"age_group":"20-29   ","count":662,"tested":12643,"deaths":0},{"race":[],"age_group":"30-39   ","count":728,"tested":15777,"deaths":0},{"race":[],"age_group":"40-49   ","count":644,"tested":13661,"deaths":0},{"race":[],"age_group":"50-59   ","count":652,"tested":14334,"deaths":0},{"race":[],"age_group":"60-69   ","count":514,"tested":9558,"deaths":0},{"race":[],"age_group":"70-79   ","count":284,"tested":5038,"deaths":0},{"race":[],"age_group":"80+","count":299,"tested":9321,"deaths":0},{"race":[],"age_group":"Unknown","count":0,"tested":3036,"deaths":0}],"race":[{"description":"AI/AN**","count":0,"tested":34,"deaths":0,"color":"rgb(31,119,180)"},{"description":"Asian","count":6,"tested":110,"deaths":0,"color":"rgb(140,86,75)"},{"description":"Black","count":102,"tested":1083,"deaths":0,"color":"rgb(255,127,14)"},{"description":"Hispanic","count":120,"tested":1061,"deaths":0,"color":"rgb(214,39,40)"},{"description":"Left Blank","count":1035,"tested":54898,"deaths":0,"color":"rgb(44,160,44)"},{"description":"NH/PI*","count":0,"tested":12,"deaths":0,"color":"rgb(127,127,127)"},{"description":"Other","count":106,"tested":1054,"deaths":0,"color":"rgb(148,103,189)"},{"description":"White","count":3009,"tested":33120,"deaths":0,"color":"rgb(31,119,180)"}],"gender":[{"description":"Female","count":2202,"tested":42078,"deaths":0,"color":"rgb(255,127,14)"},{"description":"Male","count":2102,"tested":31009,"deaths":0,"color":"rgb(31,119,180)"},{"description":"Unknown/Left Blank","count":79,"tested":18285,"deaths":0,"color":"rgb(44,160,44)"}]}}]}
