{"lastUpdatedDate":{"year":2021,"month":3,"day":26},"county_demographics":[{"County":"Union","confirmed_cases":2225,"total_tested":32073,"demographics":{"age":[{"race":[],"age_group":"<20","count":315,"tested":2611,"deaths":0},{"race":[],"age_group":"20-29   ","count":346,"tested":4622,"deaths":0},{"race":[],"age_group":"30-39   ","count":324,"tested":4995,"deaths":0},{"race":[],"age_group":"40-49   ","count":307,"tested":5109,"deaths":0},{"race":[],"age_group":"50-59   ","count":343,"tested":5834,"deaths":0},{"race":[],"age_group":"60-69   ","count":288,"tested":3851,"deaths":0},{"race":[],"age_group":"70-79   ","count":182,"tested":2262,"deaths":0},{"race":[],"age_group":"80+","count":120,"tested":2784,"deaths":0},{"race":[],"age_group":"Unknown","count":0,"tested":0,"deaths":0}],"race":[{"description":"AI/AN**","count":0,"tested":0,"deaths":0,"color":"rgb(31,119,180)"},{"description":"Asian","count":0,"tested":73,"deaths":0,"color":"rgb(140,86,75)"},{"description":"Black","count":69,"tested":1192,"deaths":0,"color":"rgb(255,127,14)"},{"description":"Hispanic","count":105,"tested":638,"deaths":0,"color":"rgb(214,39,40)"},{"description":"Left Blank","count":306,"tested":8199,"deaths":0,"color":"rgb(44,160,44)"},{"description":"NH/PI*","count":0,"tested":50,"deaths":0,"color":"rgb(127,127,127)"},{"description":"Other","count":15,"tested":189,"deaths":0,"color":"rgb(148,103,189)"},{"description":"White","count":1728,"tested":21727,"deaths":0,"color":"rgb(31,119,180)"}],"gender":[{"description":"Female","count":1101,"tested":16346,"deaths":0,"color":"rgb(255,127,14)"},{"description":"Male","count":1043,"tested":13718,"deaths":0,"color":"rgb(31,119,180)"},{"description":"Unknown/Left Blank","count":81,"tested":2009,"deaths":0,"color":"rgb(44,160,44)"}]}}]}
