{"lastUpdatedDate":{"year":2021,"month":3,"day":26},"county_demographics":[{"County":"Kankakee","confirmed_cases":12919,"total_tested":203063,"demographics":{"age":[{"race":[],"age_group":"<20","count":1885,"tested":17052,"deaths":0},{"race":[],"age_group":"20-29   ","count":2288,"tested":30073,"deaths":0},{"race":[],"age_group":"30-39   ","count":1975,"tested":29985,"deaths":0},{"race":[],"age_group":"40-49   ","count":1941,"tested":29830,"deaths":0},{"race":[],"age_group":"50-59   ","count":1990,"tested":34016,"deaths":0},{"race":[],"age_group":"60-69   ","count":1440,"tested":27677,"deaths":0},{"race":[],"age_group":"70-79   ","count":821,"tested":17554,"deaths":0},{"race":[],"age_group":"80+","count":576,"tested":16828,"deaths":0},{"race":[],"age_group":"Unknown","count":0,"tested":48,"deaths":0}],"race":[{"description":"AI/AN**","count":0,"tested":98,"deaths":0,"color":"rgb(31,119,180)"},{"description":"Asian","count":45,"tested":1193,"deaths":0,"color":"rgb(140,86,75)"},{"description":"Black","count":1628,"tested":34693,"deaths":0,"color":"rgb(255,127,14)"},{"description":"Hispanic","count":1241,"tested":7506,"deaths":0,"color":"rgb(214,39,40)"},{"description":"Left Blank","count":3066,"tested":49655,"deaths":0,"color":"rgb(44,160,44)"},{"description":"NH/PI*","count":0,"tested":240,"deaths":0,"color":"rgb(127,127,127)"},{"description":"Other","count":338,"tested":5344,"deaths":0,"color":"rgb(148,103,189)"},{"description":"White","count":6586,"tested":104334,"deaths":0,"color":"rgb(31,119,180)"}],"gender":[{"description":"Female","count":6825,"tested":119566,"deaths":0,"color":"rgb(255,127,14)"},{"description":"Male","count":6054,"tested":79547,"deaths":0,"color":"rgb(31,119,180)"},{"description":"Unknown/Left Blank","count":40,"tested":3950,"deaths":0,"color":"rgb(44,160,44)"}]}}]}
