{"lastUpdatedDate":{"year":2021,"month":3,"day":26},"county_demographics":[{"County":"Edgar","confirmed_cases":1628,"total_tested":14117,"demographics":{"age":[{"race":[],"age_group":"<20","count":259,"tested":1638,"deaths":0},{"race":[],"age_group":"20-29   ","count":206,"tested":2075,"deaths":0},{"race":[],"age_group":"30-39   ","count":204,"tested":1725,"deaths":0},{"race":[],"age_group":"40-49   ","count":229,"tested":1898,"deaths":0},{"race":[],"age_group":"50-59   ","count":211,"tested":1827,"deaths":0},{"race":[],"age_group":"60-69   ","count":219,"tested":1797,"deaths":0},{"race":[],"age_group":"70-79   ","count":158,"tested":1324,"deaths":0},{"race":[],"age_group":"80+","count":141,"tested":1784,"deaths":0},{"race":[],"age_group":"Unknown","count":0,"tested":49,"deaths":0}],"race":[{"description":"AI/AN**","count":0,"tested":0,"deaths":0,"color":"rgb(31,119,180)"},{"description":"Asian","count":0,"tested":0,"deaths":0,"color":"rgb(140,86,75)"},{"description":"Black","count":0,"tested":69,"deaths":0,"color":"rgb(255,127,14)"},{"description":"Hispanic","count":0,"tested":41,"deaths":0,"color":"rgb(214,39,40)"},{"description":"Left Blank","count":151,"tested":6695,"deaths":0,"color":"rgb(44,160,44)"},{"description":"NH/PI*","count":0,"tested":0,"deaths":0,"color":"rgb(127,127,127)"},{"description":"Other","count":0,"tested":96,"deaths":0,"color":"rgb(148,103,189)"},{"description":"White","count":1464,"tested":7206,"deaths":0,"color":"rgb(31,119,180)"}],"gender":[{"description":"Female","count":499,"tested":8880,"deaths":0,"color":"rgb(255,127,14)"},{"description":"Male","count":389,"tested":4087,"deaths":0,"color":"rgb(31,119,180)"},{"description":"Unknown/Left Blank","count":740,"tested":1150,"deaths":0,"color":"rgb(44,160,44)"}]}}]}
