{"lastUpdatedDate":{"year":2020,"month":11,"day":14},"county_demographics":[{"County":"Brown","confirmed_cases":214,"total_tested":2828,"demographics":{"age":[{"age_group":"<20","count":26,"tested":197},{"age_group":"20-29   ","count":30,"tested":493},{"age_group":"30-39   ","count":41,"tested":393},{"age_group":"40-49   ","count":37,"tested":494},{"age_group":"50-59   ","count":29,"tested":389},{"age_group":"60-69   ","count":20,"tested":362},{"age_group":"70-79   ","count":9,"tested":196},{"age_group":"80+","count":9,"tested":304}],"race":[{"description":"Black","count":36,"tested":222,"color":"rgb(255,127,14)"},{"description":"Hispanic","count":7,"tested":47,"color":"rgb(214,39,40)"},{"description":"Left Blank","count":47,"tested":941,"color":"rgb(44,160,44)"},{"description":"Other","count":0,"tested":16,"color":"rgb(148,103,189)"},{"description":"White","count":123,"tested":1602,"color":"rgb(31,119,180)"}],"gender":[{"description":"Female","count":90,"tested":1455,"color":"rgb(255,127,14)"},{"description":"Male","count":110,"tested":1067,"color":"rgb(31,119,180)"},{"description":"Unknown/Left Blank","count":14,"tested":306,"color":"rgb(44,160,44)"}]}}]}
