{"lastUpdatedDate":{"year":2020,"month":11,"day":14},"county_demographics":[{"County":"Knox","confirmed_cases":2080,"total_tested":29615,"demographics":{"age":[{"age_group":"<20","count":278,"tested":4098},{"age_group":"20-29   ","count":286,"tested":5626},{"age_group":"30-39   ","count":303,"tested":4016},{"age_group":"40-49   ","count":314,"tested":3766},{"age_group":"50-59   ","count":328,"tested":4207},{"age_group":"60-69   ","count":240,"tested":3571},{"age_group":"70-79   ","count":161,"tested":2415},{"age_group":"80+","count":162,"tested":1915},{"age_group":"Unknown","count":0,"tested":0}],"race":[{"description":"AI/AN**","count":0,"tested":13,"color":"rgb(31,119,180)"},{"description":"Asian","count":0,"tested":299,"color":"rgb(140,86,75)"},{"description":"Black","count":130,"tested":1087,"color":"rgb(255,127,14)"},{"description":"Hispanic","count":60,"tested":549,"color":"rgb(214,39,40)"},{"description":"Left Blank","count":915,"tested":16707,"color":"rgb(44,160,44)"},{"description":"NH/PI*","count":0,"tested":25,"color":"rgb(127,127,127)"},{"description":"Other","count":24,"tested":467,"color":"rgb(148,103,189)"},{"description":"White","count":939,"tested":10468,"color":"rgb(31,119,180)"}],"gender":[{"description":"Female","count":1097,"tested":16065,"color":"rgb(255,127,14)"},{"description":"Male","count":858,"tested":11100,"color":"rgb(31,119,180)"},{"description":"Unknown/Left Blank","count":125,"tested":2450,"color":"rgb(44,160,44)"}]}}]}
