{"lastUpdatedDate":{"year":2020,"month":11,"day":14},"county_demographics":[{"County":"Schuyler","confirmed_cases":163,"total_tested":2869,"demographics":{"age":[{"age_group":"<20","count":23,"tested":299},{"age_group":"20-29   ","count":9,"tested":331},{"age_group":"30-39   ","count":23,"tested":371},{"age_group":"40-49   ","count":29,"tested":390},{"age_group":"50-59   ","count":27,"tested":498},{"age_group":"60-69   ","count":25,"tested":505},{"age_group":"70-79   ","count":18,"tested":276},{"age_group":"80+","count":6,"tested":199}],"race":[{"description":"Black","count":12,"tested":165,"color":"rgb(255,127,14)"},{"description":"Hispanic","count":0,"tested":43,"color":"rgb(214,39,40)"},{"description":"Left Blank","count":34,"tested":884,"color":"rgb(44,160,44)"},{"description":"Other","count":0,"tested":51,"color":"rgb(148,103,189)"},{"description":"White","count":112,"tested":1726,"color":"rgb(31,119,180)"}],"gender":[{"description":"Female","count":74,"tested":1421,"color":"rgb(255,127,14)"},{"description":"Male","count":66,"tested":1381,"color":"rgb(31,119,180)"},{"description":"Unknown/Left Blank","count":20,"tested":67,"color":"rgb(44,160,44)"}]}}]}
