{"lastUpdatedDate":{"year":2020,"month":11,"day":14},"county_demographics":[{"County":"McDonough","confirmed_cases":1247,"total_tested":16966,"demographics":{"age":[{"age_group":"<20","count":223,"tested":2284},{"age_group":"20-29   ","count":466,"tested":3324},{"age_group":"30-39   ","count":118,"tested":2189},{"age_group":"40-49   ","count":91,"tested":1652},{"age_group":"50-59   ","count":81,"tested":1912},{"age_group":"60-69   ","count":103,"tested":1932},{"age_group":"70-79   ","count":65,"tested":1607},{"age_group":"80+","count":84,"tested":2064},{"age_group":"Unknown","count":0,"tested":0}],"race":[{"description":"AI/AN**","count":0,"tested":6,"color":"rgb(31,119,180)"},{"description":"Asian","count":18,"tested":70,"color":"rgb(140,86,75)"},{"description":"Black","count":114,"tested":513,"color":"rgb(255,127,14)"},{"description":"Hispanic","count":67,"tested":147,"color":"rgb(214,39,40)"},{"description":"Left Blank","count":160,"tested":5710,"color":"rgb(44,160,44)"},{"description":"NH/PI*","count":0,"tested":19,"color":"rgb(127,127,127)"},{"description":"Other","count":18,"tested":157,"color":"rgb(148,103,189)"},{"description":"White","count":867,"tested":10344,"color":"rgb(31,119,180)"}],"gender":[{"description":"Female","count":673,"tested":10418,"color":"rgb(255,127,14)"},{"description":"Male","count":558,"tested":6078,"color":"rgb(31,119,180)"},{"description":"Unknown/Left Blank","count":11,"tested":470,"color":"rgb(44,160,44)"}]}}]}
