{"lastUpdatedDate":{"year":2020,"month":11,"day":14},"county_demographics":[{"County":"Edwards","confirmed_cases":156,"total_tested":1412,"demographics":{"age":[{"age_group":"<20","count":26,"tested":307},{"age_group":"20-29   ","count":24,"tested":223},{"age_group":"30-39   ","count":14,"tested":172},{"age_group":"40-49   ","count":17,"tested":194},{"age_group":"50-59   ","count":19,"tested":198},{"age_group":"60-69   ","count":18,"tested":142},{"age_group":"70-79   ","count":21,"tested":111},{"age_group":"80+","count":11,"tested":64},{"age_group":"Unknown","count":0,"tested":0}],"race":[{"description":"Asian","count":0,"tested":0,"color":"rgb(140,86,75)"},{"description":"Black","count":0,"tested":0,"color":"rgb(255,127,14)"},{"description":"Hispanic","count":0,"tested":0,"color":"rgb(214,39,40)"},{"description":"Left Blank","count":23,"tested":388,"color":"rgb(44,160,44)"},{"description":"Other","count":0,"tested":0,"color":"rgb(148,103,189)"},{"description":"White","count":126,"tested":1010,"color":"rgb(31,119,180)"}],"gender":[{"description":"Female","count":82,"tested":902,"color":"rgb(255,127,14)"},{"description":"Male","count":67,"tested":468,"color":"rgb(31,119,180)"},{"description":"Unknown/Left Blank","count":0,"tested":42,"color":"rgb(44,160,44)"}]}}]}
