{"lastUpdatedDate":{"year":2021,"month":2,"day":27},"county_demographics":[{"County":"White","confirmed_cases":1606,"total_tested":20299,"demographics":{"age":[{"race":[],"age_group":"<20","count":230,"tested":2131,"deaths":0},{"race":[],"age_group":"20-29   ","count":193,"tested":2656,"deaths":0},{"race":[],"age_group":"30-39   ","count":193,"tested":2626,"deaths":0},{"race":[],"age_group":"40-49   ","count":208,"tested":2484,"deaths":0},{"race":[],"age_group":"50-59   ","count":232,"tested":2385,"deaths":0},{"race":[],"age_group":"60-69   ","count":237,"tested":2436,"deaths":0},{"race":[],"age_group":"70-79   ","count":156,"tested":1749,"deaths":0},{"race":[],"age_group":"80+","count":157,"tested":3824,"deaths":0},{"race":[],"age_group":"Unknown","count":0,"tested":8,"deaths":0}],"race":[{"description":"Asian","count":0,"tested":21,"deaths":0,"color":"rgb(140,86,75)"},{"description":"Black","count":0,"tested":47,"deaths":0,"color":"rgb(255,127,14)"},{"description":"Hispanic","count":0,"tested":23,"deaths":0,"color":"rgb(214,39,40)"},{"description":"Left Blank","count":593,"tested":14096,"deaths":0,"color":"rgb(44,160,44)"},{"description":"NH/PI*","count":0,"tested":0,"deaths":0,"color":"rgb(127,127,127)"},{"description":"Other","count":6,"tested":57,"deaths":0,"color":"rgb(148,103,189)"},{"description":"White","count":999,"tested":6052,"deaths":0,"color":"rgb(31,119,180)"}],"gender":[{"description":"Female","count":798,"tested":14563,"deaths":0,"color":"rgb(255,127,14)"},{"description":"Male","count":576,"tested":4537,"deaths":0,"color":"rgb(31,119,180)"},{"description":"Unknown/Left Blank","count":232,"tested":1199,"deaths":0,"color":"rgb(44,160,44)"}]}}]}
