{"lastUpdatedDate":{"year":2021,"month":2,"day":27},"county_demographics":[{"County":"Illinois","confirmed_cases":1185447,"total_tested":18069753,"demographics":{"age":[{"race":[{"description":"AI/AN**","count":223,"tested":2042,"deaths":0,"color":"rgb(31,119,180)"},{"description":"Asian","count":3446,"tested":129158,"deaths":0,"color":"rgb(140,86,75)"},{"description":"Black","count":13806,"tested":159549,"deaths":7,"color":"rgb(255,127,14)"},{"description":"Hispanic","count":40866,"tested":241944,"deaths":0,"color":"rgb(214,39,40)"},{"description":"Left Blank","count":49450,"tested":772148,"deaths":0,"color":"rgb(44,160,44)"},{"description":"NH/PI*","count":143,"tested":2735,"deaths":0,"color":"rgb(127,127,127)"},{"description":"Other","count":6728,"tested":90028,"deaths":0,"color":"rgb(148,103,189)"},{"description":"White","count":64562,"tested":789706,"deaths":0,"color":"rgb(31,119,180)"}],"age_group":"<20","count":179224,"tested":2187310,"deaths":14},{"race":[{"description":"AI/AN**","count":263,"tested":3515,"deaths":0,"color":"rgb(31,119,180)"},{"description":"Asian","count":5155,"tested":297994,"deaths":0,"color":"rgb(140,86,75)"},{"description":"Black","count":20143,"tested":262744,"deaths":26,"color":"rgb(255,127,14)"},{"description":"Hispanic","count":45127,"tested":335741,"deaths":28,"color":"rgb(214,39,40)"},{"description":"Left Blank","count":62138,"tested":1347937,"deaths":0,"color":"rgb(44,160,44)"},{"description":"NH/PI*","count":190,"tested":4949,"deaths":0,"color":"rgb(127,127,127)"},{"description":"Other","count":7921,"tested":127497,"deaths":0,"color":"rgb(148,103,189)"},{"description":"White","count":76450,"tested":1183928,"deaths":6,"color":"rgb(31,119,180)"}],"age_group":"20-29   ","count":217387,"tested":3564305,"deaths":64},{"race":[{"description":"AI/AN**","count":271,"tested":2341,"deaths":0,"color":"rgb(31,119,180)"},{"description":"Asian","count":4533,"tested":88949,"deaths":9,"color":"rgb(140,86,75)"},{"description":"Black","count":18612,"tested":206184,"deaths":73,"color":"rgb(255,127,14)"},{"description":"Hispanic","count":39321,"tested":205390,"deaths":108,"color":"rgb(214,39,40)"},{"description":"Left Blank","count":55134,"tested":1234437,"deaths":0,"color":"rgb(44,160,44)"},{"description":"NH/PI*","count":198,"tested":3088,"deaths":0,"color":"rgb(127,127,127)"},{"description":"Other","count":7247,"tested":86387,"deaths":0,"color":"rgb(148,103,189)"},{"description":"White","count":64683,"tested":793862,"deaths":26,"color":"rgb(31,119,180)"}],"age_group":"30-39   ","count":189999,"tested":2620638,"deaths":218},{"race":[{"description":"AI/AN**","count":227,"tested":2131,"deaths":0,"color":"rgb(31,119,180)"},{"description":"Asian","count":4307,"tested":60014,"deaths":20,"color":"rgb(140,86,75)"},{"description":"Black","count":17072,"tested":192086,"deaths":157,"color":"rgb(255,127,14)"},{"description":"Hispanic","count":40158,"tested":179572,"deaths":263,"color":"rgb(214,39,40)"},{"description":"Left Blank","count":50885,"tested":1076949,"deaths":9,"color":"rgb(44,160,44)"},{"description":"NH/PI*","count":191,"tested":2532,"deaths":0,"color":"rgb(127,127,127)"},{"description":"Other","count":6525,"tested":68320,"deaths":0,"color":"rgb(148,103,189)"},{"description":"White","count":62525,"tested":669857,"deaths":113,"color":"rgb(31,119,180)"}],"age_group":"40-49   ","count":181890,"tested":2251461,"deaths":565},{"race":[{"description":"AI/AN**","count":208,"tested":2156,"deaths":0,"color":"rgb(31,119,180)"},{"description":"Asian","count":3743,"tested":50933,"deaths":44,"color":"rgb(140,86,75)"},{"description":"Black","count":16301,"tested":200399,"deaths":356,"color":"rgb(255,127,14)"},{"description":"Hispanic","count":28617,"tested":137209,"deaths":515,"color":"rgb(214,39,40)"},{"description":"Left Blank","count":49108,"tested":1087738,"deaths":17,"color":"rgb(44,160,44)"},{"description":"NH/PI*","count":184,"tested":2491,"deaths":0,"color":"rgb(127,127,127)"},{"description":"Other","count":5791,"tested":62249,"deaths":6,"color":"rgb(148,103,189)"},{"description":"White","count":71674,"tested":797736,"deaths":436,"color":"rgb(31,119,180)"}],"age_group":"50-59   ","count":175626,"tested":2340911,"deaths":1378},{"race":[{"description":"AI/AN**","count":148,"tested":1409,"deaths":9,"color":"rgb(31,119,180)"},{"description":"Asian","count":2800,"tested":32279,"deaths":118,"color":"rgb(140,86,75)"},{"description":"Black","count":12295,"tested":163725,"deaths":845,"color":"rgb(255,127,14)"},{"description":"Hispanic","count":14649,"tested":76547,"deaths":787,"color":"rgb(214,39,40)"},{"description":"Left Blank","count":33217,"tested":857274,"deaths":72,"color":"rgb(44,160,44)"},{"description":"NH/PI*","count":127,"tested":1547,"deaths":0,"color":"rgb(127,127,127)"},{"description":"Other","count":3717,"tested":45102,"deaths":22,"color":"rgb(148,103,189)"},{"description":"White","count":57241,"tested":705585,"deaths":1388,"color":"rgb(31,119,180)"}],"age_group":"60-69   ","count":124194,"tested":1883468,"deaths":3245},{"race":[{"description":"AI/AN**","count":77,"tested":772,"deaths":6,"color":"rgb(31,119,180)"},{"description":"Asian","count":1520,"tested":15657,"deaths":204,"color":"rgb(140,86,75)"},{"description":"Black","count":6682,"tested":82005,"deaths":974,"color":"rgb(255,127,14)"},{"description":"Hispanic","count":5874,"tested":31478,"deaths":762,"color":"rgb(214,39,40)"},{"description":"Left Blank","count":15543,"tested":476873,"deaths":118,"color":"rgb(44,160,44)"},{"description":"NH/PI*","count":46,"tested":552,"deaths":6,"color":"rgb(127,127,127)"},{"description":"Other","count":1633,"tested":24480,"deaths":36,"color":"rgb(148,103,189)"},{"description":"White","count":34688,"tested":461697,"deaths":2976,"color":"rgb(31,119,180)"}],"age_group":"70-79   ","count":66065,"tested":1093514,"deaths":5082},{"race":[{"description":"AI/AN**","count":41,"tested":350,"deaths":7,"color":"rgb(31,119,180)"},{"description":"Asian","count":986,"tested":10415,"deaths":336,"color":"rgb(140,86,75)"},{"description":"Black","count":4324,"tested":47664,"deaths":1191,"color":"rgb(255,127,14)"},{"description":"Hispanic","count":2862,"tested":16674,"deaths":775,"color":"rgb(214,39,40)"},{"description":"Left Blank","count":11952,"tested":566457,"deaths":472,"color":"rgb(44,160,44)"},{"description":"NH/PI*","count":31,"tested":319,"deaths":7,"color":"rgb(127,127,127)"},{"description":"Other","count":805,"tested":13919,"deaths":54,"color":"rgb(148,103,189)"},{"description":"White","count":29601,"tested":450567,"deaths":7086,"color":"rgb(31,119,180)"}],"age_group":"80+","count":50605,"tested":1106365,"deaths":9928},{"race":[{"description":"AI/AN**","count":0,"tested":0,"deaths":0,"color":"rgb(31,119,180)"},{"description":"Asian","count":0,"tested":112,"deaths":0,"color":"rgb(140,86,75)"},{"description":"Black","count":0,"tested":649,"deaths":0,"color":"rgb(255,127,14)"},{"description":"Hispanic","count":18,"tested":522,"deaths":0,"color":"rgb(214,39,40)"},{"description":"Left Blank","count":336,"tested":47676,"deaths":0,"color":"rgb(44,160,44)"},{"description":"NH/PI*","count":0,"tested":0,"deaths":0,"color":"rgb(127,127,127)"},{"description":"Other","count":0,"tested":77,"deaths":0,"color":"rgb(148,103,189)"},{"description":"White","count":91,"tested":1789,"deaths":0,"color":"rgb(31,119,180)"}],"age_group":"Unknown","count":457,"tested":50829,"deaths":0}],"race":[{"description":"AI/AN**","count":1461,"tested":14719,"deaths":25,"color":"rgb(31,119,180)"},{"description":"Asian","count":26491,"tested":685511,"deaths":733,"color":"rgb(140,86,75)"},{"description":"Black","count":109242,"tested":1315005,"deaths":3629,"color":"rgb(255,127,14)"},{"description":"Hispanic","count":217492,"tested":1225077,"deaths":3241,"color":"rgb(214,39,40)"},{"description":"Left Blank","count":327763,"tested":7467489,"deaths":691,"color":"rgb(44,160,44)"},{"description":"NH/PI*","count":1114,"tested":18214,"deaths":20,"color":"rgb(127,127,127)"},{"description":"Other","count":40369,"tested":518059,"deaths":120,"color":"rgb(148,103,189)"},{"description":"White","count":461515,"tested":5854727,"deaths":12035,"color":"rgb(31,119,180)"}],"gender":[{"description":"Female","count":608971,"tested":9359503,"deaths":9445,"color":"rgb(255,127,14)"},{"description":"Male","count":555093,"tested":6979220,"deaths":11049,"color":"rgb(31,119,180)"},{"description":"Unknown/Left Blank","count":21383,"tested":760078,"deaths":0,"color":"rgb(44,160,44)"}]}}]}
