{"lastUpdatedDate":{"year":2021,"month":2,"day":27},"county_demographics":[{"County":"Pike","confirmed_cases":1688,"total_tested":15600,"demographics":{"age":[{"race":[],"age_group":"<20","count":221,"tested":1970,"deaths":0},{"race":[],"age_group":"20-29   ","count":249,"tested":2579,"deaths":0},{"race":[],"age_group":"30-39   ","count":227,"tested":2192,"deaths":0},{"race":[],"age_group":"40-49   ","count":220,"tested":1964,"deaths":0},{"race":[],"age_group":"50-59   ","count":242,"tested":2235,"deaths":0},{"race":[],"age_group":"60-69   ","count":244,"tested":1817,"deaths":0},{"race":[],"age_group":"70-79   ","count":135,"tested":1145,"deaths":0},{"race":[],"age_group":"80+","count":142,"tested":1697,"deaths":0},{"race":[],"age_group":"Unknown","count":0,"tested":0,"deaths":0}],"race":[{"description":"AI/AN**","count":0,"tested":0,"deaths":0,"color":"rgb(31,119,180)"},{"description":"Asian","count":0,"tested":8,"deaths":0,"color":"rgb(140,86,75)"},{"description":"Black","count":0,"tested":22,"deaths":0,"color":"rgb(255,127,14)"},{"description":"Hispanic","count":12,"tested":51,"deaths":0,"color":"rgb(214,39,40)"},{"description":"Left Blank","count":350,"tested":10681,"deaths":0,"color":"rgb(44,160,44)"},{"description":"NH/PI*","count":0,"tested":0,"deaths":0,"color":"rgb(127,127,127)"},{"description":"Other","count":0,"tested":37,"deaths":0,"color":"rgb(148,103,189)"},{"description":"White","count":1314,"tested":4797,"deaths":0,"color":"rgb(31,119,180)"}],"gender":[{"description":"Female","count":950,"tested":9597,"deaths":0,"color":"rgb(255,127,14)"},{"description":"Male","count":696,"tested":4589,"deaths":0,"color":"rgb(31,119,180)"},{"description":"Unknown/Left Blank","count":42,"tested":1414,"deaths":0,"color":"rgb(44,160,44)"}]}}]}
