{"lastUpdatedDate":{"year":2021,"month":2,"day":27},"county_demographics":[{"County":"Edwards","confirmed_cases":523,"total_tested":3652,"demographics":{"age":[{"race":[],"age_group":"<20","count":74,"tested":714,"deaths":0},{"race":[],"age_group":"20-29   ","count":62,"tested":548,"deaths":0},{"race":[],"age_group":"30-39   ","count":57,"tested":470,"deaths":0},{"race":[],"age_group":"40-49   ","count":75,"tested":515,"deaths":0},{"race":[],"age_group":"50-59   ","count":80,"tested":541,"deaths":0},{"race":[],"age_group":"60-69   ","count":78,"tested":429,"deaths":0},{"race":[],"age_group":"70-79   ","count":67,"tested":277,"deaths":0},{"race":[],"age_group":"80+","count":28,"tested":157,"deaths":0},{"race":[],"age_group":"Unknown","count":0,"tested":0,"deaths":0}],"race":[{"description":"Asian","count":0,"tested":0,"deaths":0,"color":"rgb(140,86,75)"},{"description":"Black","count":0,"tested":6,"deaths":0,"color":"rgb(255,127,14)"},{"description":"Hispanic","count":0,"tested":8,"deaths":0,"color":"rgb(214,39,40)"},{"description":"Left Blank","count":48,"tested":798,"deaths":0,"color":"rgb(44,160,44)"},{"description":"Other","count":0,"tested":8,"deaths":0,"color":"rgb(148,103,189)"},{"description":"White","count":472,"tested":2828,"deaths":0,"color":"rgb(31,119,180)"}],"gender":[{"description":"Female","count":276,"tested":2373,"deaths":0,"color":"rgb(255,127,14)"},{"description":"Male","count":240,"tested":1132,"deaths":0,"color":"rgb(31,119,180)"},{"description":"Unknown/Left Blank","count":7,"tested":147,"deaths":0,"color":"rgb(44,160,44)"}]}}]}
