{"lastUpdatedDate":{"year":2021,"month":2,"day":27},"county_demographics":[{"County":"Madison","confirmed_cases":27949,"total_tested":260687,"demographics":{"age":[{"race":[],"age_group":"<20","count":4278,"tested":33707,"deaths":0},{"race":[],"age_group":"20-29   ","count":4792,"tested":44680,"deaths":0},{"race":[],"age_group":"30-39   ","count":4344,"tested":39504,"deaths":0},{"race":[],"age_group":"40-49   ","count":4011,"tested":33784,"deaths":0},{"race":[],"age_group":"50-59   ","count":4080,"tested":36062,"deaths":0},{"race":[],"age_group":"60-69   ","count":3239,"tested":31188,"deaths":0},{"race":[],"age_group":"70-79   ","count":1821,"tested":19040,"deaths":0},{"race":[],"age_group":"80+","count":1355,"tested":22472,"deaths":0},{"race":[],"age_group":"Unknown","count":27,"tested":250,"deaths":0}],"race":[{"description":"AI/AN**","count":27,"tested":167,"deaths":0,"color":"rgb(31,119,180)"},{"description":"Asian","count":116,"tested":835,"deaths":0,"color":"rgb(140,86,75)"},{"description":"Black","count":1981,"tested":12789,"deaths":0,"color":"rgb(255,127,14)"},{"description":"Hispanic","count":628,"tested":2543,"deaths":0,"color":"rgb(214,39,40)"},{"description":"Left Blank","count":7232,"tested":126102,"deaths":0,"color":"rgb(44,160,44)"},{"description":"NH/PI*","count":11,"tested":106,"deaths":0,"color":"rgb(127,127,127)"},{"description":"Other","count":957,"tested":9286,"deaths":0,"color":"rgb(148,103,189)"},{"description":"White","count":16993,"tested":108859,"deaths":0,"color":"rgb(31,119,180)"}],"gender":[{"description":"Female","count":14902,"tested":158511,"deaths":0,"color":"rgb(255,127,14)"},{"description":"Male","count":12542,"tested":96904,"deaths":0,"color":"rgb(31,119,180)"},{"description":"Unknown/Left Blank","count":505,"tested":5272,"deaths":0,"color":"rgb(44,160,44)"}]}}]}
