{"lastUpdatedDate":{"year":2021,"month":4,"day":14},"county_demographics":[{"County":"Adams","confirmed_cases":8141,"total_tested":143009,"demographics":{"age":[{"race":[],"age_group":"<20","count":1290,"tested":17538,"deaths":0},{"race":[],"age_group":"20-29   ","count":1248,"tested":19910,"deaths":0},{"race":[],"age_group":"30-39   ","count":1129,"tested":19858,"deaths":0},{"race":[],"age_group":"40-49   ","count":1008,"tested":17545,"deaths":0},{"race":[],"age_group":"50-59   ","count":1188,"tested":22016,"deaths":0},{"race":[],"age_group":"60-69   ","count":1042,"tested":15961,"deaths":0},{"race":[],"age_group":"70-79   ","count":687,"tested":12781,"deaths":0},{"race":[],"age_group":"80+","count":546,"tested":17366,"deaths":0},{"race":[],"age_group":"Unknown","count":0,"tested":34,"deaths":0}],"race":[{"description":"AI/AN**","count":0,"tested":62,"deaths":0,"color":"rgb(31,119,180)"},{"description":"Asian","count":0,"tested":257,"deaths":0,"color":"rgb(140,86,75)"},{"description":"Black","count":120,"tested":2566,"deaths":0,"color":"rgb(255,127,14)"},{"description":"Hispanic","count":24,"tested":440,"deaths":0,"color":"rgb(214,39,40)"},{"description":"Left Blank","count":5872,"tested":98523,"deaths":0,"color":"rgb(44,160,44)"},{"description":"NH/PI*","count":0,"tested":60,"deaths":0,"color":"rgb(127,127,127)"},{"description":"Other","count":7,"tested":364,"deaths":0,"color":"rgb(148,103,189)"},{"description":"White","count":2104,"tested":40737,"deaths":0,"color":"rgb(31,119,180)"}],"gender":[{"description":"Female","count":4064,"tested":78549,"deaths":0,"color":"rgb(255,127,14)"},{"description":"Male","count":3376,"tested":51661,"deaths":0,"color":"rgb(31,119,180)"},{"description":"Unknown/Left Blank","count":701,"tested":12799,"deaths":0,"color":"rgb(44,160,44)"}]}}]}
