{"lastUpdatedDate":{"year":2021,"month":4,"day":14},"county_demographics":[{"County":"Marshall","confirmed_cases":966,"total_tested":19414,"demographics":{"age":[{"race":[],"age_group":"<20","count":148,"tested":2223,"deaths":0},{"race":[],"age_group":"20-29   ","count":150,"tested":2796,"deaths":0},{"race":[],"age_group":"30-39   ","count":118,"tested":2338,"deaths":0},{"race":[],"age_group":"40-49   ","count":159,"tested":2640,"deaths":0},{"race":[],"age_group":"50-59   ","count":147,"tested":3148,"deaths":0},{"race":[],"age_group":"60-69   ","count":127,"tested":2740,"deaths":0},{"race":[],"age_group":"70-79   ","count":80,"tested":1571,"deaths":0},{"race":[],"age_group":"80+","count":32,"tested":1882,"deaths":0},{"race":[],"age_group":"Unknown","count":0,"tested":76,"deaths":0}],"race":[{"description":"AI/AN**","count":0,"tested":0,"deaths":0,"color":"rgb(31,119,180)"},{"description":"Asian","count":0,"tested":26,"deaths":0,"color":"rgb(140,86,75)"},{"description":"Black","count":0,"tested":52,"deaths":0,"color":"rgb(255,127,14)"},{"description":"Hispanic","count":0,"tested":111,"deaths":0,"color":"rgb(214,39,40)"},{"description":"Left Blank","count":340,"tested":8879,"deaths":0,"color":"rgb(44,160,44)"},{"description":"NH/PI*","count":0,"tested":0,"deaths":0,"color":"rgb(127,127,127)"},{"description":"Other","count":18,"tested":232,"deaths":0,"color":"rgb(148,103,189)"},{"description":"White","count":595,"tested":10111,"deaths":0,"color":"rgb(31,119,180)"}],"gender":[{"description":"Female","count":508,"tested":12586,"deaths":0,"color":"rgb(255,127,14)"},{"description":"Male","count":450,"tested":6411,"deaths":0,"color":"rgb(31,119,180)"},{"description":"Unknown/Left Blank","count":6,"tested":417,"deaths":0,"color":"rgb(44,160,44)"}]}}]}
