{"lastUpdatedDate":{"year":2021,"month":4,"day":14},"county_demographics":[{"County":"Massac","confirmed_cases":1309,"total_tested":11768,"demographics":{"age":[{"race":[],"age_group":"<20","count":183,"tested":1275,"deaths":0},{"race":[],"age_group":"20-29   ","count":176,"tested":1561,"deaths":0},{"race":[],"age_group":"30-39   ","count":164,"tested":1303,"deaths":0},{"race":[],"age_group":"40-49   ","count":169,"tested":1718,"deaths":0},{"race":[],"age_group":"50-59   ","count":213,"tested":1742,"deaths":0},{"race":[],"age_group":"60-69   ","count":159,"tested":1434,"deaths":0},{"race":[],"age_group":"70-79   ","count":128,"tested":1187,"deaths":0},{"race":[],"age_group":"80+","count":108,"tested":1547,"deaths":0},{"race":[],"age_group":"Unknown","count":0,"tested":0,"deaths":0}],"race":[{"description":"AI/AN**","count":0,"tested":0,"deaths":0,"color":"rgb(31,119,180)"},{"description":"Asian","count":0,"tested":12,"deaths":0,"color":"rgb(140,86,75)"},{"description":"Black","count":28,"tested":301,"deaths":0,"color":"rgb(255,127,14)"},{"description":"Hispanic","count":8,"tested":47,"deaths":0,"color":"rgb(214,39,40)"},{"description":"Left Blank","count":625,"tested":6690,"deaths":0,"color":"rgb(44,160,44)"},{"description":"NH/PI*","count":0,"tested":0,"deaths":0,"color":"rgb(127,127,127)"},{"description":"Other","count":0,"tested":53,"deaths":0,"color":"rgb(148,103,189)"},{"description":"White","count":642,"tested":4659,"deaths":0,"color":"rgb(31,119,180)"}],"gender":[{"description":"Female","count":688,"tested":7050,"deaths":0,"color":"rgb(255,127,14)"},{"description":"Male","count":590,"tested":4186,"deaths":0,"color":"rgb(31,119,180)"},{"description":"Unknown/Left Blank","count":27,"tested":532,"deaths":0,"color":"rgb(44,160,44)"}]}}]}
