{"lastUpdatedDate":{"year":2021,"month":4,"day":14},"county_demographics":[{"County":"Bureau","confirmed_cases":3512,"total_tested":42144,"demographics":{"age":[{"race":[],"age_group":"<20","count":439,"tested":4648,"deaths":0},{"race":[],"age_group":"20-29   ","count":476,"tested":6129,"deaths":0},{"race":[],"age_group":"30-39   ","count":519,"tested":6387,"deaths":0},{"race":[],"age_group":"40-49   ","count":522,"tested":5998,"deaths":0},{"race":[],"age_group":"50-59   ","count":591,"tested":7221,"deaths":0},{"race":[],"age_group":"60-69   ","count":429,"tested":5592,"deaths":0},{"race":[],"age_group":"70-79   ","count":287,"tested":2928,"deaths":0},{"race":[],"age_group":"80+","count":249,"tested":3239,"deaths":0},{"race":[],"age_group":"Unknown","count":0,"tested":0,"deaths":0}],"race":[{"description":"AI/AN**","count":0,"tested":0,"deaths":0,"color":"rgb(31,119,180)"},{"description":"Asian","count":6,"tested":159,"deaths":0,"color":"rgb(140,86,75)"},{"description":"Black","count":7,"tested":180,"deaths":0,"color":"rgb(255,127,14)"},{"description":"Hispanic","count":245,"tested":1094,"deaths":0,"color":"rgb(214,39,40)"},{"description":"Left Blank","count":1392,"tested":22721,"deaths":0,"color":"rgb(44,160,44)"},{"description":"NH/PI*","count":0,"tested":98,"deaths":0,"color":"rgb(127,127,127)"},{"description":"Other","count":75,"tested":384,"deaths":0,"color":"rgb(148,103,189)"},{"description":"White","count":1779,"tested":17505,"deaths":0,"color":"rgb(31,119,180)"}],"gender":[{"description":"Female","count":1844,"tested":25696,"deaths":0,"color":"rgb(255,127,14)"},{"description":"Male","count":1589,"tested":12745,"deaths":0,"color":"rgb(31,119,180)"},{"description":"Unknown/Left Blank","count":79,"tested":3703,"deaths":0,"color":"rgb(44,160,44)"}]}}]}
