{"lastUpdatedDate":{"year":2021,"month":4,"day":14},"county_demographics":[{"County":"Wayne","confirmed_cases":1724,"total_tested":16294,"demographics":{"age":[{"race":[],"age_group":"<20","count":290,"tested":2264,"deaths":0},{"race":[],"age_group":"20-29   ","count":216,"tested":2861,"deaths":0},{"race":[],"age_group":"30-39   ","count":227,"tested":2729,"deaths":0},{"race":[],"age_group":"40-49   ","count":205,"tested":2012,"deaths":0},{"race":[],"age_group":"50-59   ","count":239,"tested":2182,"deaths":0},{"race":[],"age_group":"60-69   ","count":260,"tested":1806,"deaths":0},{"race":[],"age_group":"70-79   ","count":165,"tested":1115,"deaths":0},{"race":[],"age_group":"80+","count":116,"tested":1310,"deaths":0},{"race":[],"age_group":"Unknown","count":0,"tested":15,"deaths":0}],"race":[{"description":"AI/AN**","count":0,"tested":0,"deaths":0,"color":"rgb(31,119,180)"},{"description":"Asian","count":0,"tested":0,"deaths":0,"color":"rgb(140,86,75)"},{"description":"Black","count":0,"tested":20,"deaths":0,"color":"rgb(255,127,14)"},{"description":"Hispanic","count":17,"tested":176,"deaths":0,"color":"rgb(214,39,40)"},{"description":"Left Blank","count":225,"tested":5600,"deaths":0,"color":"rgb(44,160,44)"},{"description":"NH/PI*","count":0,"tested":0,"deaths":0,"color":"rgb(127,127,127)"},{"description":"Other","count":0,"tested":71,"deaths":0,"color":"rgb(148,103,189)"},{"description":"White","count":1474,"tested":10422,"deaths":0,"color":"rgb(31,119,180)"}],"gender":[{"description":"Female","count":892,"tested":9941,"deaths":0,"color":"rgb(255,127,14)"},{"description":"Male","count":812,"tested":5366,"deaths":0,"color":"rgb(31,119,180)"},{"description":"Unknown/Left Blank","count":19,"tested":987,"deaths":0,"color":"rgb(44,160,44)"}]}}]}
