{"lastUpdatedDate":{"year":2021,"month":4,"day":14},"county_demographics":[{"County":"Henry","confirmed_cases":4672,"total_tested":64873,"demographics":{"age":[{"race":[],"age_group":"<20","count":721,"tested":7820,"deaths":0},{"race":[],"age_group":"20-29   ","count":644,"tested":8893,"deaths":0},{"race":[],"age_group":"30-39   ","count":669,"tested":9862,"deaths":0},{"race":[],"age_group":"40-49   ","count":701,"tested":9472,"deaths":0},{"race":[],"age_group":"50-59   ","count":731,"tested":10460,"deaths":0},{"race":[],"age_group":"60-69   ","count":598,"tested":7981,"deaths":0},{"race":[],"age_group":"70-79   ","count":309,"tested":4627,"deaths":0},{"race":[],"age_group":"80+","count":294,"tested":5597,"deaths":0},{"race":[],"age_group":"Unknown","count":0,"tested":161,"deaths":0}],"race":[{"description":"AI/AN**","count":0,"tested":19,"deaths":0,"color":"rgb(31,119,180)"},{"description":"Asian","count":0,"tested":64,"deaths":0,"color":"rgb(140,86,75)"},{"description":"Black","count":61,"tested":691,"deaths":0,"color":"rgb(255,127,14)"},{"description":"Hispanic","count":205,"tested":1138,"deaths":0,"color":"rgb(214,39,40)"},{"description":"Left Blank","count":1402,"tested":35384,"deaths":0,"color":"rgb(44,160,44)"},{"description":"NH/PI*","count":0,"tested":18,"deaths":0,"color":"rgb(127,127,127)"},{"description":"Other","count":104,"tested":870,"deaths":0,"color":"rgb(148,103,189)"},{"description":"White","count":2891,"tested":26689,"deaths":0,"color":"rgb(31,119,180)"}],"gender":[{"description":"Female","count":2541,"tested":37978,"deaths":0,"color":"rgb(255,127,14)"},{"description":"Male","count":2086,"tested":22058,"deaths":0,"color":"rgb(31,119,180)"},{"description":"Unknown/Left Blank","count":42,"tested":4837,"deaths":0,"color":"rgb(44,160,44)"}]}}]}
