{"lastUpdatedDate":{"year":2021,"month":1,"day":16},"county_demographics":[{"County":"Cumberland","confirmed_cases":1070,"total_tested":8640,"demographics":{"age":[{"race":[],"age_group":"80+","count":84,"tested":1029,"deaths":0},{"race":[],"age_group":"<20","count":156,"tested":1185,"deaths":0},{"race":[],"age_group":"40-49   ","count":135,"tested":1241,"deaths":0},{"race":[],"age_group":"50-59   ","count":171,"tested":1129,"deaths":0},{"race":[],"age_group":"70-79   ","count":87,"tested":641,"deaths":0},{"race":[],"age_group":"30-39   ","count":139,"tested":1144,"deaths":0},{"race":[],"age_group":"20-29   ","count":155,"tested":1225,"deaths":0},{"race":[],"age_group":"60-69   ","count":138,"tested":1046,"deaths":0}],"race":[{"description":"Black","count":0,"tested":20,"deaths":0,"color":"rgb(255,127,14)"},{"description":"AI/AN**","count":0,"tested":0,"deaths":0,"color":"rgb(31,119,180)"},{"description":"Left Blank","count":260,"tested":1638,"deaths":0,"color":"rgb(44,160,44)"},{"description":"Asian","count":0,"tested":10,"deaths":0,"color":"rgb(140,86,75)"},{"description":"Hispanic","count":0,"tested":39,"deaths":0,"color":"rgb(214,39,40)"},{"description":"White","count":787,"tested":6612,"deaths":0,"color":"rgb(31,119,180)"},{"description":"Other","count":17,"tested":320,"deaths":0,"color":"rgb(148,103,189)"}],"gender":[{"description":"Female","count":561,"tested":5475,"deaths":0,"color":"rgb(255,127,14)"},{"description":"Male","count":496,"tested":2988,"deaths":0,"color":"rgb(31,119,180)"},{"description":"Unknown/Left Blank","count":13,"tested":177,"deaths":0,"color":"rgb(44,160,44)"}]}}]}
