{"lastUpdatedDate":{"year":2021,"month":1,"day":16},"county_demographics":[{"County":"Boone","confirmed_cases":5513,"total_tested":44051,"demographics":{"age":[{"race":[],"age_group":"60-69   ","count":529,"tested":4725,"deaths":0},{"race":[],"age_group":"50-59   ","count":835,"tested":6380,"deaths":0},{"race":[],"age_group":"20-29   ","count":990,"tested":7125,"deaths":0},{"race":[],"age_group":"80+","count":179,"tested":3396,"deaths":0},{"race":[],"age_group":"40-49   ","count":938,"tested":6451,"deaths":0},{"race":[],"age_group":"30-39   ","count":791,"tested":5924,"deaths":0},{"race":[],"age_group":"70-79   ","count":290,"tested":3367,"deaths":0},{"race":[],"age_group":"<20","count":955,"tested":6672,"deaths":0},{"race":[],"age_group":"Unknown","count":0,"tested":11,"deaths":0}],"race":[{"description":"Left Blank","count":598,"tested":22704,"deaths":0,"color":"rgb(44,160,44)"},{"description":"Asian","count":35,"tested":281,"deaths":0,"color":"rgb(140,86,75)"},{"description":"Hispanic","count":1973,"tested":4251,"deaths":0,"color":"rgb(214,39,40)"},{"description":"White","count":2733,"tested":15686,"deaths":0,"color":"rgb(31,119,180)"},{"description":"NH/PI*","count":0,"tested":7,"deaths":0,"color":"rgb(127,127,127)"},{"description":"Other","count":74,"tested":497,"deaths":0,"color":"rgb(148,103,189)"},{"description":"Black","count":83,"tested":596,"deaths":0,"color":"rgb(255,127,14)"},{"description":"AI/AN**","count":7,"tested":29,"deaths":0,"color":"rgb(31,119,180)"}],"gender":[{"description":"Female","count":2919,"tested":26023,"deaths":0,"color":"rgb(255,127,14)"},{"description":"Male","count":2584,"tested":17298,"deaths":0,"color":"rgb(31,119,180)"},{"description":"Unknown/Left Blank","count":9,"tested":730,"deaths":0,"color":"rgb(44,160,44)"}]}}]}
