{"lastUpdatedDate":{"year":2021,"month":1,"day":16},"county_demographics":[{"County":"Menard","confirmed_cases":864,"total_tested":13214,"demographics":{"age":[{"race":[],"age_group":"<20","count":120,"tested":1870,"deaths":0},{"race":[],"age_group":"Unknown","count":0,"tested":0,"deaths":0},{"race":[],"age_group":"50-59   ","count":154,"tested":2021,"deaths":0},{"race":[],"age_group":"70-79   ","count":66,"tested":1139,"deaths":0},{"race":[],"age_group":"60-69   ","count":87,"tested":1648,"deaths":0},{"race":[],"age_group":"40-49   ","count":122,"tested":1759,"deaths":0},{"race":[],"age_group":"80+","count":74,"tested":984,"deaths":0},{"race":[],"age_group":"30-39   ","count":123,"tested":2004,"deaths":0},{"race":[],"age_group":"20-29   ","count":118,"tested":1788,"deaths":0}],"race":[{"description":"AI/AN**","count":0,"tested":8,"deaths":0,"color":"rgb(31,119,180)"},{"description":"NH/PI*","count":0,"tested":0,"deaths":0,"color":"rgb(127,127,127)"},{"description":"Left Blank","count":447,"tested":5756,"deaths":0,"color":"rgb(44,160,44)"},{"description":"Other","count":0,"tested":115,"deaths":0,"color":"rgb(148,103,189)"},{"description":"Asian","count":0,"tested":8,"deaths":0,"color":"rgb(140,86,75)"},{"description":"Hispanic","count":0,"tested":68,"deaths":0,"color":"rgb(214,39,40)"},{"description":"White","count":404,"tested":7201,"deaths":0,"color":"rgb(31,119,180)"},{"description":"Black","count":0,"tested":56,"deaths":0,"color":"rgb(255,127,14)"}],"gender":[{"description":"Female","count":406,"tested":7815,"deaths":0,"color":"rgb(255,127,14)"},{"description":"Male","count":346,"tested":4863,"deaths":0,"color":"rgb(31,119,180)"},{"description":"Unknown/Left Blank","count":112,"tested":536,"deaths":0,"color":"rgb(44,160,44)"}]}}]}
