{"lastUpdatedDate":{"year":2021,"month":4,"day":16},"county_demographics":[{"County":"Kane","confirmed_cases":55291,"total_tested":627194,"demographics":{"age":[{"race":[],"age_group":"<20","count":9683,"tested":82292,"deaths":0},{"race":[],"age_group":"20-29   ","count":10240,"tested":110121,"deaths":0},{"race":[],"age_group":"30-39   ","count":8659,"tested":92788,"deaths":0},{"race":[],"age_group":"40-49   ","count":9243,"tested":88439,"deaths":0},{"race":[],"age_group":"50-59   ","count":8462,"tested":95793,"deaths":0},{"race":[],"age_group":"60-69   ","count":4986,"tested":71812,"deaths":0},{"race":[],"age_group":"70-79   ","count":2315,"tested":44747,"deaths":0},{"race":[],"age_group":"80+","count":1669,"tested":40904,"deaths":0},{"race":[],"age_group":"Unknown","count":34,"tested":298,"deaths":0}],"race":[{"description":"AI/AN**","count":52,"tested":434,"deaths":0,"color":"rgb(31,119,180)"},{"description":"Asian","count":1250,"tested":15319,"deaths":0,"color":"rgb(140,86,75)"},{"description":"Black","count":1945,"tested":23687,"deaths":0,"color":"rgb(255,127,14)"},{"description":"Hispanic","count":17887,"tested":84616,"deaths":0,"color":"rgb(214,39,40)"},{"description":"Left Blank","count":14174,"tested":288096,"deaths":0,"color":"rgb(44,160,44)"},{"description":"NH/PI*","count":42,"tested":508,"deaths":0,"color":"rgb(127,127,127)"},{"description":"Other","count":1460,"tested":15865,"deaths":0,"color":"rgb(148,103,189)"},{"description":"White","count":18481,"tested":198669,"deaths":0,"color":"rgb(31,119,180)"}],"gender":[{"description":"Female","count":28270,"tested":347215,"deaths":0,"color":"rgb(255,127,14)"},{"description":"Male","count":26547,"tested":259030,"deaths":0,"color":"rgb(31,119,180)"},{"description":"Unknown/Left Blank","count":474,"tested":20949,"deaths":0,"color":"rgb(44,160,44)"}]}}]}
