{"lastUpdatedDate":{"year":2021,"month":4,"day":16},"county_demographics":[{"County":"Ogle","confirmed_cases":5739,"total_tested":61187,"demographics":{"age":[{"race":[],"age_group":"<20","count":931,"tested":8701,"deaths":0},{"race":[],"age_group":"20-29   ","count":934,"tested":9285,"deaths":0},{"race":[],"age_group":"30-39   ","count":889,"tested":8935,"deaths":0},{"race":[],"age_group":"40-49   ","count":852,"tested":7877,"deaths":0},{"race":[],"age_group":"50-59   ","count":892,"tested":9040,"deaths":0},{"race":[],"age_group":"60-69   ","count":584,"tested":7479,"deaths":0},{"race":[],"age_group":"70-79   ","count":332,"tested":4013,"deaths":0},{"race":[],"age_group":"80+","count":252,"tested":5828,"deaths":0},{"race":[],"age_group":"Unknown","count":73,"tested":29,"deaths":0}],"race":[{"description":"AI/AN**","count":0,"tested":70,"deaths":0,"color":"rgb(31,119,180)"},{"description":"Asian","count":8,"tested":110,"deaths":0,"color":"rgb(140,86,75)"},{"description":"Black","count":36,"tested":573,"deaths":0,"color":"rgb(255,127,14)"},{"description":"Hispanic","count":492,"tested":1688,"deaths":0,"color":"rgb(214,39,40)"},{"description":"Left Blank","count":2284,"tested":26198,"deaths":0,"color":"rgb(44,160,44)"},{"description":"NH/PI*","count":0,"tested":0,"deaths":0,"color":"rgb(127,127,127)"},{"description":"Other","count":80,"tested":776,"deaths":0,"color":"rgb(148,103,189)"},{"description":"White","count":2832,"tested":31767,"deaths":0,"color":"rgb(31,119,180)"}],"gender":[{"description":"Female","count":3022,"tested":38516,"deaths":0,"color":"rgb(255,127,14)"},{"description":"Male","count":2644,"tested":19248,"deaths":0,"color":"rgb(31,119,180)"},{"description":"Unknown/Left Blank","count":73,"tested":3423,"deaths":0,"color":"rgb(44,160,44)"}]}}]}
