{"lastUpdatedDate":{"year":2021,"month":4,"day":16},"county_demographics":[{"County":"Schuyler","confirmed_cases":700,"total_tested":12253,"demographics":{"age":[{"race":[],"age_group":"<20","count":72,"tested":961,"deaths":0},{"race":[],"age_group":"20-29   ","count":63,"tested":1245,"deaths":0},{"race":[],"age_group":"30-39   ","count":89,"tested":1625,"deaths":0},{"race":[],"age_group":"40-49   ","count":88,"tested":2117,"deaths":0},{"race":[],"age_group":"50-59   ","count":126,"tested":2679,"deaths":0},{"race":[],"age_group":"60-69   ","count":118,"tested":2139,"deaths":0},{"race":[],"age_group":"70-79   ","count":77,"tested":891,"deaths":0},{"race":[],"age_group":"80+","count":67,"tested":596,"deaths":0}],"race":[{"description":"AI/AN**","count":0,"tested":13,"deaths":0,"color":"rgb(31,119,180)"},{"description":"Asian","count":0,"tested":0,"deaths":0,"color":"rgb(140,86,75)"},{"description":"Black","count":19,"tested":274,"deaths":0,"color":"rgb(255,127,14)"},{"description":"Hispanic","count":6,"tested":84,"deaths":0,"color":"rgb(214,39,40)"},{"description":"Left Blank","count":133,"tested":2744,"deaths":0,"color":"rgb(44,160,44)"},{"description":"NH/PI*","count":0,"tested":0,"deaths":0,"color":"rgb(127,127,127)"},{"description":"Other","count":0,"tested":225,"deaths":0,"color":"rgb(148,103,189)"},{"description":"White","count":534,"tested":8908,"deaths":0,"color":"rgb(31,119,180)"}],"gender":[{"description":"Female","count":365,"tested":4925,"deaths":0,"color":"rgb(255,127,14)"},{"description":"Male","count":299,"tested":6820,"deaths":0,"color":"rgb(31,119,180)"},{"description":"Unknown/Left Blank","count":36,"tested":508,"deaths":0,"color":"rgb(44,160,44)"}]}}]}
