{"lastUpdatedDate":{"year":2021,"month":4,"day":16},"county_demographics":[{"County":"DeKalb","confirmed_cases":9216,"total_tested":131974,"demographics":{"age":[{"race":[],"age_group":"<20","count":1548,"tested":24540,"deaths":0},{"race":[],"age_group":"20-29   ","count":2186,"tested":34882,"deaths":0},{"race":[],"age_group":"30-39   ","count":1380,"tested":16542,"deaths":0},{"race":[],"age_group":"40-49   ","count":1302,"tested":13351,"deaths":0},{"race":[],"age_group":"50-59   ","count":1177,"tested":14196,"deaths":0},{"race":[],"age_group":"60-69   ","count":787,"tested":11307,"deaths":0},{"race":[],"age_group":"70-79   ","count":431,"tested":7683,"deaths":0},{"race":[],"age_group":"80+","count":404,"tested":9448,"deaths":0},{"race":[],"age_group":"Unknown","count":0,"tested":25,"deaths":0}],"race":[{"description":"AI/AN**","count":6,"tested":86,"deaths":0,"color":"rgb(31,119,180)"},{"description":"Asian","count":105,"tested":1868,"deaths":0,"color":"rgb(140,86,75)"},{"description":"Black","count":663,"tested":9736,"deaths":0,"color":"rgb(255,127,14)"},{"description":"Hispanic","count":1383,"tested":8190,"deaths":0,"color":"rgb(214,39,40)"},{"description":"Left Blank","count":2191,"tested":58114,"deaths":0,"color":"rgb(44,160,44)"},{"description":"NH/PI*","count":0,"tested":71,"deaths":0,"color":"rgb(127,127,127)"},{"description":"Other","count":110,"tested":1537,"deaths":0,"color":"rgb(148,103,189)"},{"description":"White","count":4750,"tested":52372,"deaths":0,"color":"rgb(31,119,180)"}],"gender":[{"description":"Female","count":4870,"tested":79385,"deaths":0,"color":"rgb(255,127,14)"},{"description":"Male","count":4318,"tested":50842,"deaths":0,"color":"rgb(31,119,180)"},{"description":"Unknown/Left Blank","count":28,"tested":1747,"deaths":0,"color":"rgb(44,160,44)"}]}}]}
