{"lastUpdatedDate":{"year":2021,"month":4,"day":16},"county_demographics":[{"County":"Tazewell","confirmed_cases":15802,"total_tested":210253,"demographics":{"age":[{"race":[],"age_group":"<20","count":2814,"tested":33805,"deaths":0},{"race":[],"age_group":"20-29   ","count":2309,"tested":31557,"deaths":0},{"race":[],"age_group":"30-39   ","count":2309,"tested":30876,"deaths":0},{"race":[],"age_group":"40-49   ","count":2351,"tested":29462,"deaths":0},{"race":[],"age_group":"50-59   ","count":2280,"tested":28727,"deaths":0},{"race":[],"age_group":"60-69   ","count":1797,"tested":22726,"deaths":0},{"race":[],"age_group":"70-79   ","count":1076,"tested":14906,"deaths":0},{"race":[],"age_group":"80+","count":866,"tested":18171,"deaths":0},{"race":[],"age_group":"Unknown","count":0,"tested":23,"deaths":0}],"race":[{"description":"AI/AN**","count":19,"tested":100,"deaths":0,"color":"rgb(31,119,180)"},{"description":"Asian","count":107,"tested":565,"deaths":0,"color":"rgb(140,86,75)"},{"description":"Black","count":215,"tested":1820,"deaths":0,"color":"rgb(255,127,14)"},{"description":"Hispanic","count":249,"tested":1111,"deaths":0,"color":"rgb(214,39,40)"},{"description":"Left Blank","count":2324,"tested":106948,"deaths":0,"color":"rgb(44,160,44)"},{"description":"NH/PI*","count":0,"tested":57,"deaths":0,"color":"rgb(127,127,127)"},{"description":"Other","count":284,"tested":3401,"deaths":0,"color":"rgb(148,103,189)"},{"description":"White","count":12595,"tested":96251,"deaths":0,"color":"rgb(31,119,180)"}],"gender":[{"description":"Female","count":8406,"tested":124524,"deaths":0,"color":"rgb(255,127,14)"},{"description":"Male","count":7201,"tested":78872,"deaths":0,"color":"rgb(31,119,180)"},{"description":"Unknown/Left Blank","count":195,"tested":6857,"deaths":0,"color":"rgb(44,160,44)"}]}}]}
