{"lastUpdatedDate":{"year":2021,"month":4,"day":16},"county_demographics":[{"County":"Knox","confirmed_cases":5287,"total_tested":103432,"demographics":{"age":[{"race":[],"age_group":"<20","count":646,"tested":10612,"deaths":0},{"race":[],"age_group":"20-29   ","count":810,"tested":20534,"deaths":0},{"race":[],"age_group":"30-39   ","count":777,"tested":17091,"deaths":0},{"race":[],"age_group":"40-49   ","count":784,"tested":15844,"deaths":0},{"race":[],"age_group":"50-59   ","count":774,"tested":14347,"deaths":0},{"race":[],"age_group":"60-69   ","count":666,"tested":10219,"deaths":0},{"race":[],"age_group":"70-79   ","count":442,"tested":5874,"deaths":0},{"race":[],"age_group":"80+","count":385,"tested":5881,"deaths":0},{"race":[],"age_group":"Unknown","count":0,"tested":3030,"deaths":0}],"race":[{"description":"AI/AN**","count":0,"tested":51,"deaths":0,"color":"rgb(31,119,180)"},{"description":"Asian","count":17,"tested":813,"deaths":0,"color":"rgb(140,86,75)"},{"description":"Black","count":461,"tested":3049,"deaths":0,"color":"rgb(255,127,14)"},{"description":"Hispanic","count":231,"tested":1803,"deaths":0,"color":"rgb(214,39,40)"},{"description":"Left Blank","count":962,"tested":66806,"deaths":0,"color":"rgb(44,160,44)"},{"description":"NH/PI*","count":0,"tested":53,"deaths":0,"color":"rgb(127,127,127)"},{"description":"Other","count":59,"tested":987,"deaths":0,"color":"rgb(148,103,189)"},{"description":"White","count":3550,"tested":29870,"deaths":0,"color":"rgb(31,119,180)"}],"gender":[{"description":"Female","count":2716,"tested":43883,"deaths":0,"color":"rgb(255,127,14)"},{"description":"Male","count":2381,"tested":40454,"deaths":0,"color":"rgb(31,119,180)"},{"description":"Unknown/Left Blank","count":189,"tested":19095,"deaths":0,"color":"rgb(44,160,44)"}]}}]}
