{"lastUpdatedDate":{"year":2021,"month":4,"day":16},"county_demographics":[{"County":"Pike","confirmed_cases":1760,"total_tested":18191,"demographics":{"age":[{"race":[],"age_group":"<20","count":247,"tested":2305,"deaths":0},{"race":[],"age_group":"20-29   ","count":254,"tested":3018,"deaths":0},{"race":[],"age_group":"30-39   ","count":238,"tested":2688,"deaths":0},{"race":[],"age_group":"40-49   ","count":225,"tested":2390,"deaths":0},{"race":[],"age_group":"50-59   ","count":252,"tested":2712,"deaths":0},{"race":[],"age_group":"60-69   ","count":253,"tested":2066,"deaths":0},{"race":[],"age_group":"70-79   ","count":137,"tested":1240,"deaths":0},{"race":[],"age_group":"80+","count":146,"tested":1771,"deaths":0},{"race":[],"age_group":"Unknown","count":0,"tested":0,"deaths":0}],"race":[{"description":"AI/AN**","count":0,"tested":0,"deaths":0,"color":"rgb(31,119,180)"},{"description":"Asian","count":0,"tested":10,"deaths":0,"color":"rgb(140,86,75)"},{"description":"Black","count":6,"tested":24,"deaths":0,"color":"rgb(255,127,14)"},{"description":"Hispanic","count":12,"tested":56,"deaths":0,"color":"rgb(214,39,40)"},{"description":"Left Blank","count":334,"tested":12449,"deaths":0,"color":"rgb(44,160,44)"},{"description":"NH/PI*","count":0,"tested":7,"deaths":0,"color":"rgb(127,127,127)"},{"description":"Other","count":0,"tested":52,"deaths":0,"color":"rgb(148,103,189)"},{"description":"White","count":1401,"tested":5593,"deaths":0,"color":"rgb(31,119,180)"}],"gender":[{"description":"Female","count":990,"tested":10863,"deaths":0,"color":"rgb(255,127,14)"},{"description":"Male","count":731,"tested":5634,"deaths":0,"color":"rgb(31,119,180)"},{"description":"Unknown/Left Blank","count":39,"tested":1694,"deaths":0,"color":"rgb(44,160,44)"}]}}]}
