{"lastUpdatedDate":{"year":2021,"month":4,"day":16},"county_demographics":[{"County":"Chicago","confirmed_cases":267946,"total_tested":3987260,"demographics":{"age":[{"race":[],"age_group":"<20","count":35426,"tested":416191,"deaths":0},{"race":[],"age_group":"20-29   ","count":58841,"tested":941506,"deaths":0},{"race":[],"age_group":"30-39   ","count":52618,"tested":803838,"deaths":0},{"race":[],"age_group":"40-49   ","count":42335,"tested":543587,"deaths":0},{"race":[],"age_group":"50-59   ","count":35765,"tested":509142,"deaths":0},{"race":[],"age_group":"60-69   ","count":23781,"tested":411451,"deaths":0},{"race":[],"age_group":"70-79   ","count":11759,"tested":215173,"deaths":0},{"race":[],"age_group":"80+","count":7410,"tested":144122,"deaths":0},{"race":[],"age_group":"Unknown","count":11,"tested":2250,"deaths":0}],"race":[{"description":"AI/AN**","count":353,"tested":4392,"deaths":0,"color":"rgb(31,119,180)"},{"description":"Asian","count":6970,"tested":140950,"deaths":0,"color":"rgb(140,86,75)"},{"description":"Black","count":46496,"tested":598886,"deaths":0,"color":"rgb(255,127,14)"},{"description":"Hispanic","count":89068,"tested":524039,"deaths":0,"color":"rgb(214,39,40)"},{"description":"Left Blank","count":62909,"tested":1692820,"deaths":0,"color":"rgb(44,160,44)"},{"description":"NH/PI*","count":245,"tested":4311,"deaths":0,"color":"rgb(127,127,127)"},{"description":"Other","count":11928,"tested":153855,"deaths":0,"color":"rgb(148,103,189)"},{"description":"White","count":49977,"tested":868007,"deaths":0,"color":"rgb(31,119,180)"}],"gender":[{"description":"Female","count":135811,"tested":2114591,"deaths":0,"color":"rgb(255,127,14)"},{"description":"Male","count":127647,"tested":1755636,"deaths":0,"color":"rgb(31,119,180)"},{"description":"Unknown/Left Blank","count":4488,"tested":117033,"deaths":0,"color":"rgb(44,160,44)"}]}}]}
