{"lastUpdatedDate":{"year":2021,"month":4,"day":16},"county_demographics":[{"County":"Gallatin","confirmed_cases":453,"total_tested":4227,"demographics":{"age":[{"race":[],"age_group":"<20","count":57,"tested":744,"deaths":0},{"race":[],"age_group":"20-29   ","count":69,"tested":662,"deaths":0},{"race":[],"age_group":"30-39   ","count":58,"tested":638,"deaths":0},{"race":[],"age_group":"40-49   ","count":63,"tested":543,"deaths":0},{"race":[],"age_group":"50-59   ","count":60,"tested":635,"deaths":0},{"race":[],"age_group":"60-69   ","count":59,"tested":484,"deaths":0},{"race":[],"age_group":"70-79   ","count":56,"tested":388,"deaths":0},{"race":[],"age_group":"80+","count":22,"tested":130,"deaths":0},{"race":[],"age_group":"Unknown","count":0,"tested":0,"deaths":0}],"race":[{"description":"AI/AN**","count":0,"tested":0,"deaths":0,"color":"rgb(31,119,180)"},{"description":"Asian","count":0,"tested":0,"deaths":0,"color":"rgb(140,86,75)"},{"description":"Black","count":0,"tested":31,"deaths":0,"color":"rgb(255,127,14)"},{"description":"Hispanic","count":9,"tested":34,"deaths":0,"color":"rgb(214,39,40)"},{"description":"Left Blank","count":92,"tested":1900,"deaths":0,"color":"rgb(44,160,44)"},{"description":"NH/PI*","count":0,"tested":0,"deaths":0,"color":"rgb(127,127,127)"},{"description":"Other","count":0,"tested":25,"deaths":0,"color":"rgb(148,103,189)"},{"description":"White","count":345,"tested":2233,"deaths":0,"color":"rgb(31,119,180)"}],"gender":[{"description":"Female","count":240,"tested":2808,"deaths":0,"color":"rgb(255,127,14)"},{"description":"Male","count":198,"tested":1286,"deaths":0,"color":"rgb(31,119,180)"},{"description":"Unknown/Left Blank","count":13,"tested":133,"deaths":0,"color":"rgb(44,160,44)"}]}}]}
