{"lastUpdatedDate":{"year":2021,"month":4,"day":16},"county_demographics":[{"County":"Hamilton","confirmed_cases":822,"total_tested":7944,"demographics":{"age":[{"race":[],"age_group":"<20","count":97,"tested":961,"deaths":0},{"race":[],"age_group":"20-29   ","count":113,"tested":1046,"deaths":0},{"race":[],"age_group":"30-39   ","count":128,"tested":1086,"deaths":0},{"race":[],"age_group":"40-49   ","count":113,"tested":1373,"deaths":0},{"race":[],"age_group":"50-59   ","count":130,"tested":1343,"deaths":0},{"race":[],"age_group":"60-69   ","count":99,"tested":965,"deaths":0},{"race":[],"age_group":"70-79   ","count":63,"tested":587,"deaths":0},{"race":[],"age_group":"80+","count":62,"tested":580,"deaths":0},{"race":[],"age_group":"Unknown","count":0,"tested":0,"deaths":0}],"race":[{"description":"AI/AN**","count":0,"tested":0,"deaths":0,"color":"rgb(31,119,180)"},{"description":"Asian","count":0,"tested":7,"deaths":0,"color":"rgb(140,86,75)"},{"description":"Black","count":0,"tested":23,"deaths":0,"color":"rgb(255,127,14)"},{"description":"Hispanic","count":8,"tested":74,"deaths":0,"color":"rgb(214,39,40)"},{"description":"Left Blank","count":271,"tested":3165,"deaths":0,"color":"rgb(44,160,44)"},{"description":"NH/PI*","count":0,"tested":0,"deaths":0,"color":"rgb(127,127,127)"},{"description":"Other","count":0,"tested":99,"deaths":0,"color":"rgb(148,103,189)"},{"description":"White","count":537,"tested":4573,"deaths":0,"color":"rgb(31,119,180)"}],"gender":[{"description":"Female","count":440,"tested":4743,"deaths":0,"color":"rgb(255,127,14)"},{"description":"Male","count":328,"tested":2451,"deaths":0,"color":"rgb(31,119,180)"},{"description":"Unknown/Left Blank","count":54,"tested":750,"deaths":0,"color":"rgb(44,160,44)"}]}}]}
