{"lastUpdatedDate":{"year":2021,"month":10,"day":1},"county_demographics":[{"County":"Pope","confirmed_cases":520,"total_tested":5607,"demographics":{"age":[{"race":[],"age_group":"<20","count":106,"tested":847,"deaths":0},{"race":[],"age_group":"20-29   ","count":43,"tested":655,"deaths":0},{"race":[],"age_group":"30-39   ","count":48,"tested":733,"deaths":0},{"race":[],"age_group":"40-49   ","count":74,"tested":974,"deaths":0},{"race":[],"age_group":"50-59   ","count":74,"tested":972,"deaths":0},{"race":[],"age_group":"60-69   ","count":95,"tested":821,"deaths":0},{"race":[],"age_group":"70-79   ","count":54,"tested":384,"deaths":0},{"race":[],"age_group":"80+","count":26,"tested":221,"deaths":0}],"race":[{"description":"AI/AN**","count":0,"tested":0,"deaths":0,"color":"rgb(31,119,180)"},{"description":"Asian","count":0,"tested":0,"deaths":0,"color":"rgb(140,86,75)"},{"description":"Black","count":0,"tested":31,"deaths":0,"color":"rgb(255,127,14)"},{"description":"Hispanic","count":0,"tested":23,"deaths":0,"color":"rgb(214,39,40)"},{"description":"Left Blank","count":180,"tested":2902,"deaths":0,"color":"rgb(44,160,44)"},{"description":"NH/PI*","count":0,"tested":0,"deaths":0,"color":"rgb(127,127,127)"},{"description":"Other","count":0,"tested":21,"deaths":0,"color":"rgb(148,103,189)"},{"description":"White","count":331,"tested":2627,"deaths":0,"color":"rgb(31,119,180)"}],"gender":[{"description":"Female","count":259,"tested":2815,"deaths":0,"color":"rgb(255,127,14)"},{"description":"Male","count":253,"tested":2265,"deaths":0,"color":"rgb(31,119,180)"},{"description":"Unknown/Left Blank","count":7,"tested":527,"deaths":0,"color":"rgb(44,160,44)"}]}}]}
