{"lastUpdatedDate":{"year":2021,"month":10,"day":1},"county_demographics":[{"County":"Scott","confirmed_cases":702,"total_tested":12874,"demographics":{"age":[{"race":[],"age_group":"<20","count":130,"tested":1745,"deaths":0},{"race":[],"age_group":"20-29   ","count":97,"tested":1881,"deaths":0},{"race":[],"age_group":"30-39   ","count":84,"tested":1910,"deaths":0},{"race":[],"age_group":"40-49   ","count":96,"tested":1538,"deaths":0},{"race":[],"age_group":"50-59   ","count":121,"tested":2002,"deaths":0},{"race":[],"age_group":"60-69   ","count":93,"tested":1520,"deaths":0},{"race":[],"age_group":"70-79   ","count":46,"tested":880,"deaths":0},{"race":[],"age_group":"80+","count":35,"tested":1398,"deaths":0}],"race":[{"description":"AI/AN**","count":0,"tested":0,"deaths":0,"color":"rgb(31,119,180)"},{"description":"Asian","count":0,"tested":19,"deaths":0,"color":"rgb(140,86,75)"},{"description":"Black","count":0,"tested":98,"deaths":0,"color":"rgb(255,127,14)"},{"description":"Hispanic","count":0,"tested":56,"deaths":0,"color":"rgb(214,39,40)"},{"description":"Left Blank","count":243,"tested":3292,"deaths":0,"color":"rgb(44,160,44)"},{"description":"NH/PI*","count":0,"tested":0,"deaths":0,"color":"rgb(127,127,127)"},{"description":"Other","count":0,"tested":115,"deaths":0,"color":"rgb(148,103,189)"},{"description":"White","count":453,"tested":9291,"deaths":0,"color":"rgb(31,119,180)"}],"gender":[{"description":"Female","count":324,"tested":8286,"deaths":0,"color":"rgb(255,127,14)"},{"description":"Male","count":286,"tested":3885,"deaths":0,"color":"rgb(31,119,180)"},{"description":"Unknown/Left Blank","count":88,"tested":703,"deaths":0,"color":"rgb(44,160,44)"}]}}]}
