{"lastUpdatedDate":{"year":2021,"month":10,"day":1},"county_demographics":[{"County":"Jersey","confirmed_cases":3284,"total_tested":44348,"demographics":{"age":[{"race":[],"age_group":"<20","count":551,"tested":5930,"deaths":0},{"race":[],"age_group":"20-29   ","count":442,"tested":7193,"deaths":0},{"race":[],"age_group":"30-39   ","count":434,"tested":6006,"deaths":0},{"race":[],"age_group":"40-49   ","count":422,"tested":6330,"deaths":0},{"race":[],"age_group":"50-59   ","count":489,"tested":6643,"deaths":0},{"race":[],"age_group":"60-69   ","count":429,"tested":5052,"deaths":0},{"race":[],"age_group":"70-79   ","count":281,"tested":3003,"deaths":0},{"race":[],"age_group":"80+","count":221,"tested":4178,"deaths":0},{"race":[],"age_group":"Unknown","count":15,"tested":13,"deaths":0}],"race":[{"description":"AI/AN**","count":0,"tested":13,"deaths":0,"color":"rgb(31,119,180)"},{"description":"Asian","count":0,"tested":42,"deaths":0,"color":"rgb(140,86,75)"},{"description":"Black","count":14,"tested":1348,"deaths":0,"color":"rgb(255,127,14)"},{"description":"Hispanic","count":13,"tested":236,"deaths":0,"color":"rgb(214,39,40)"},{"description":"Left Blank","count":544,"tested":11355,"deaths":0,"color":"rgb(44,160,44)"},{"description":"NH/PI*","count":0,"tested":6,"deaths":0,"color":"rgb(127,127,127)"},{"description":"Other","count":39,"tested":679,"deaths":0,"color":"rgb(148,103,189)"},{"description":"White","count":2668,"tested":30669,"deaths":0,"color":"rgb(31,119,180)"}],"gender":[{"description":"Female","count":1795,"tested":28183,"deaths":0,"color":"rgb(255,127,14)"},{"description":"Male","count":1476,"tested":15815,"deaths":0,"color":"rgb(31,119,180)"},{"description":"Unknown/Left Blank","count":13,"tested":350,"deaths":0,"color":"rgb(44,160,44)"}]}}]}
