{"age":[{"age_group":"<20","count":170,"tested":1568},{"age_group":"20-29   ","count":140,"tested":1686},{"age_group":"30-39   ","count":108,"tested":1353},{"age_group":"40-49   ","count":162,"tested":1392},{"age_group":"50-59   ","count":176,"tested":1724},{"age_group":"60-69   ","count":103,"tested":1445},{"age_group":"70-79   ","count":40,"tested":1019},{"age_group":"80+","count":25,"tested":516}],"race":[{"description":"Left Blank","count":204,"tested":3294,"color":"rgb(44,160,44)"},{"description":"Hispanic","count":83,"tested":526,"color":"rgb(214,39,40)"},{"description":"Other","count":34,"tested":281,"color":"rgb(148,103,189)"},{"description":"White","count":585,"tested":6385,"color":"rgb(31,119,180)"},{"description":"Asian","count":8,"tested":85,"color":"rgb(140,86,75)"},{"description":"Black","count":7,"tested":122,"color":"rgb(255,127,14)"}],"gender":[{"description":"Female","count":454,"tested":5625,"color":"rgb(255,127,14)"},{"description":"Male","count":466,"tested":4988,"color":"rgb(31,119,180)"}]}
