{"age":[{"age_group":"<20","count":373,"tested":5271},{"age_group":"20-29   ","count":337,"tested":5688},{"age_group":"30-39   ","count":366,"tested":5409},{"age_group":"40-49   ","count":417,"tested":5799},{"age_group":"50-59   ","count":399,"tested":6417},{"age_group":"60-69   ","count":358,"tested":6299},{"age_group":"70-79   ","count":157,"tested":3594},{"age_group":"80+","count":173,"tested":4174}],"race":[{"description":"Other","count":156,"tested":1773,"color":"rgb(148,103,189)"},{"description":"Left Blank","count":541,"tested":11993,"color":"rgb(44,160,44)"},{"description":"White","count":1357,"tested":21197,"color":"rgb(31,119,180)"},{"description":"Asian","count":239,"tested":4448,"color":"rgb(140,86,75)"},{"description":"Hispanic","count":256,"tested":2450,"color":"rgb(214,39,40)"},{"description":"Black","count":22,"tested":663,"color":"rgb(255,127,14)"}],"gender":[{"description":"Female","count":1325,"tested":24694,"color":"rgb(255,127,14)"},{"description":"Unknown/Left Blank","count":16,"tested":348,"color":"rgb(44,160,44)"},{"description":"Male","count":1240,"tested":17618,"color":"rgb(31,119,180)"}]}
