{"age":[{"age_group":"<20","count":232,"tested":1920},{"age_group":"20-29   ","count":270,"tested":2240},{"age_group":"30-39   ","count":267,"tested":2367},{"age_group":"40-49   ","count":269,"tested":1993},{"age_group":"50-59   ","count":205,"tested":1511},{"age_group":"60-69   ","count":113,"tested":1150},{"age_group":"70-79   ","count":37,"tested":548},{"age_group":"80+","count":21,"tested":224}],"race":[{"description":"Left Blank","count":311,"tested":4151,"color":"rgb(44,160,44)"},{"description":"Asian","count":9,"tested":89,"color":"rgb(140,86,75)"},{"description":"White","count":479,"tested":4352,"color":"rgb(31,119,180)"},{"description":"Other","count":28,"tested":383,"color":"rgb(148,103,189)"},{"description":"Black","count":56,"tested":660,"color":"rgb(255,127,14)"},{"description":"Hispanic","count":531,"tested":2299,"color":"rgb(214,39,40)"}],"gender":[{"description":"Male","count":674,"tested":4948,"color":"rgb(31,119,180)"},{"description":"Female","count":734,"tested":6756,"color":"rgb(255,127,14)"}]}
