{"age":[{"age_group":"<20","count":19,"tested":187},{"age_group":"20-29   ","count":27,"tested":568},{"age_group":"30-39   ","count":23,"tested":410},{"age_group":"40-49   ","count":14,"tested":351},{"age_group":"50-59   ","count":11,"tested":357},{"age_group":"60-69   ","count":9,"tested":227}],"race":[{"description":"Left Blank","count":40,"tested":983,"color":"rgb(44,160,44)"},{"description":"White","count":21,"tested":541,"color":"rgb(31,119,180)"},{"description":"Black","count":19,"tested":311,"color":"rgb(255,127,14)"},{"description":"Hispanic","count":17,"tested":168,"color":"rgb(214,39,40)"}],"gender":[{"description":"Male","count":55,"tested":1326,"color":"rgb(31,119,180)"},{"description":"Female","count":51,"tested":879,"color":"rgb(255,127,14)"}]}
