{"age":[{"age_group":"<20","count":542,"tested":6318},{"age_group":"20-29   ","count":409,"tested":6194},{"age_group":"30-39   ","count":281,"tested":4833},{"age_group":"40-49   ","count":374,"tested":5039},{"age_group":"50-59   ","count":404,"tested":6041},{"age_group":"60-69   ","count":281,"tested":5146},{"age_group":"70-79   ","count":101,"tested":2446},{"age_group":"80+","count":72,"tested":987}],"race":[{"description":"Hispanic","count":156,"tested":1143,"color":"rgb(214,39,40)"},{"description":"White","count":1372,"tested":16131,"color":"rgb(31,119,180)"},{"description":"Left Blank","count":589,"tested":14731,"color":"rgb(44,160,44)"},{"description":"Other","count":68,"tested":1304,"color":"rgb(148,103,189)"},{"description":"Asian","count":184,"tested":2831,"color":"rgb(140,86,75)"},{"description":"Black","count":91,"tested":780,"color":"rgb(255,127,14)"}],"gender":[{"description":"Unknown/Left Blank","count":19,"tested":448,"color":"rgb(44,160,44)"},{"description":"Male","count":1217,"tested":16891,"color":"rgb(31,119,180)"},{"description":"Female","count":1228,"tested":19666,"color":"rgb(255,127,14)"}]}
