{"age":[{"age_group":"<20","count":590,"tested":5030},{"age_group":"20-29   ","count":489,"tested":4582},{"age_group":"30-39   ","count":351,"tested":3636},{"age_group":"40-49   ","count":540,"tested":4357},{"age_group":"50-59   ","count":693,"tested":5587},{"age_group":"60-69   ","count":377,"tested":3969},{"age_group":"70-79   ","count":167,"tested":2181},{"age_group":"80+","count":66,"tested":896}],"race":[{"description":"Black","count":145,"tested":1530,"color":"rgb(255,127,14)"},{"description":"Asian","count":42,"tested":358,"color":"rgb(140,86,75)"},{"description":"Other","count":101,"tested":950,"color":"rgb(148,103,189)"},{"description":"Left Blank","count":1190,"tested":13232,"color":"rgb(44,160,44)"},{"description":"White","count":1670,"tested":13466,"color":"rgb(31,119,180)"},{"description":"Hispanic","count":122,"tested":678,"color":"rgb(214,39,40)"}],"gender":[{"description":"Female","count":1669,"tested":15933,"color":"rgb(255,127,14)"},{"description":"Male","count":1584,"tested":13907,"color":"rgb(31,119,180)"},{"description":"Unknown/Left Blank","count":20,"tested":401,"color":"rgb(44,160,44)"}]}
