{"age":[{"age_group":"<20","count":12,"tested":151},{"age_group":"20-29   ","count":19,"tested":98},{"age_group":"30-39   ","count":16,"tested":87},{"age_group":"40-49   ","count":7,"tested":104},{"age_group":"50-59   ","count":14,"tested":115},{"age_group":"60-69   ","count":14,"tested":103},{"age_group":"70-79   ","count":6,"tested":46}],"race":[{"description":"Left Blank","count":25,"tested":201,"color":"rgb(44,160,44)"},{"description":"White","count":60,"tested":502,"color":"rgb(31,119,180)"}],"gender":[{"description":"Male","count":44,"tested":273,"color":"rgb(31,119,180)"},{"description":"Female","count":44,"tested":450,"color":"rgb(255,127,14)"}]}
