{"age":[{"age_group":"<20","count":1048,"tested":7805},{"age_group":"20-29   ","count":1306,"tested":13878},{"age_group":"30-39   ","count":1237,"tested":12558},{"age_group":"40-49   ","count":1214,"tested":11179},{"age_group":"50-59   ","count":904,"tested":8853},{"age_group":"60-69   ","count":610,"tested":8202},{"age_group":"70-79   ","count":276,"tested":4579},{"age_group":"80+","count":133,"tested":3073}],"race":[{"description":"AI/AN**","count":6,"tested":38,"color":"rgb(31,119,180)"},{"description":"Black","count":796,"tested":9846,"color":"rgb(255,127,14)"},{"description":"Hispanic","count":3701,"tested":17445,"color":"rgb(214,39,40)"},{"description":"Asian","count":91,"tested":1472,"color":"rgb(140,86,75)"},{"description":"White","count":630,"tested":8064,"color":"rgb(31,119,180)"},{"description":"Other","count":243,"tested":2573,"color":"rgb(148,103,189)"},{"description":"Left Blank","count":1258,"tested":30697,"color":"rgb(44,160,44)"}],"gender":[{"description":"Female","count":3452,"tested":37110,"color":"rgb(255,127,14)"},{"description":"Male","count":3222,"tested":29143,"color":"rgb(31,119,180)"},{"description":"Unknown/Left Blank","count":54,"tested":3911,"color":"rgb(44,160,44)"}]}
