{"age":[{"age_group":"<20","count":130,"tested":1143},{"age_group":"20-29   ","count":96,"tested":1926},{"age_group":"30-39   ","count":66,"tested":1389},{"age_group":"40-49   ","count":85,"tested":2063},{"age_group":"50-59   ","count":114,"tested":1721},{"age_group":"60-69   ","count":126,"tested":2067},{"age_group":"70-79   ","count":143,"tested":2218},{"age_group":"80+","count":133,"tested":2062}],"race":[{"description":"Black","count":12,"tested":150,"color":"rgb(255,127,14)"},{"description":"Hispanic","count":47,"tested":227,"color":"rgb(214,39,40)"},{"description":"Asian","count":124,"tested":1083,"color":"rgb(140,86,75)"},{"description":"White","count":458,"tested":4262,"color":"rgb(31,119,180)"},{"description":"Other","count":48,"tested":651,"color":"rgb(148,103,189)"},{"description":"Left Blank","count":203,"tested":8179,"color":"rgb(44,160,44)"}],"gender":[{"description":"Male","count":421,"tested":6090,"color":"rgb(31,119,180)"},{"description":"Female","count":465,"tested":8427,"color":"rgb(255,127,14)"}]}
