{"age":[{"age_group":"<20","count":33,"tested":569},{"age_group":"20-29   ","count":42,"tested":823},{"age_group":"30-39   ","count":46,"tested":792},{"age_group":"40-49   ","count":38,"tested":856},{"age_group":"50-59   ","count":41,"tested":929},{"age_group":"60-69   ","count":19,"tested":860},{"age_group":"70-79   ","count":30,"tested":587},{"age_group":"80+","count":32,"tested":1948}],"race":[{"description":"Hispanic","count":10,"tested":102,"color":"rgb(214,39,40)"},{"description":"White","count":186,"tested":5287,"color":"rgb(31,119,180)"},{"description":"Other","count":7,"tested":35,"color":"rgb(148,103,189)"},{"description":"Left Blank","count":81,"tested":1873,"color":"rgb(44,160,44)"}],"gender":[{"description":"Female","count":155,"tested":5650,"color":"rgb(255,127,14)"},{"description":"Male","count":127,"tested":1604,"color":"rgb(31,119,180)"}]}
