{"age":[{"age_group":"<20","count":455,"tested":4304},{"age_group":"20-29   ","count":442,"tested":6592},{"age_group":"30-39   ","count":377,"tested":5370},{"age_group":"40-49   ","count":397,"tested":4800},{"age_group":"50-59   ","count":461,"tested":5108},{"age_group":"60-69   ","count":183,"tested":3086},{"age_group":"70-79   ","count":105,"tested":2594},{"age_group":"80+","count":116,"tested":3901}],"race":[{"description":"Black","count":63,"tested":585,"color":"rgb(255,127,14)"},{"description":"Asian","count":124,"tested":1364,"color":"rgb(140,86,75)"},{"description":"Other","count":59,"tested":552,"color":"rgb(148,103,189)"},{"description":"Hispanic","count":452,"tested":2130,"color":"rgb(214,39,40)"},{"description":"Left Blank","count":815,"tested":22133,"color":"rgb(44,160,44)"},{"description":"White","count":1020,"tested":8911,"color":"rgb(31,119,180)"}],"gender":[{"description":"Unknown/Left Blank","count":58,"tested":713,"color":"rgb(44,160,44)"},{"description":"Female","count":1250,"tested":22147,"color":"rgb(255,127,14)"},{"description":"Male","count":1230,"tested":12903,"color":"rgb(31,119,180)"}]}
