{"age":[{"age_group":"<20","count":113,"tested":1028},{"age_group":"20-29   ","count":136,"tested":1583},{"age_group":"30-39   ","count":132,"tested":1506},{"age_group":"40-49   ","count":131,"tested":1441},{"age_group":"50-59   ","count":139,"tested":1739},{"age_group":"60-69   ","count":97,"tested":1345},{"age_group":"70-79   ","count":44,"tested":974},{"age_group":"80+","count":32,"tested":816}],"race":[{"description":"Left Blank","count":268,"tested":4602,"color":"rgb(44,160,44)"},{"description":"Other","count":28,"tested":220,"color":"rgb(148,103,189)"},{"description":"White","count":382,"tested":4658,"color":"rgb(31,119,180)"},{"description":"Hispanic","count":116,"tested":615,"color":"rgb(214,39,40)"},{"description":"Black","count":18,"tested":162,"color":"rgb(255,127,14)"},{"description":"Asian","count":9,"tested":120,"color":"rgb(140,86,75)"}],"gender":[{"description":"Female","count":413,"tested":6278,"color":"rgb(255,127,14)"},{"description":"Male","count":406,"tested":4072,"color":"rgb(31,119,180)"}]}
