{"age":[{"age_group":"<20","count":337,"tested":5952},{"age_group":"20-29   ","count":852,"tested":26786},{"age_group":"30-39   ","count":720,"tested":16808},{"age_group":"40-49   ","count":557,"tested":13826},{"age_group":"50-59   ","count":544,"tested":15190},{"age_group":"60-69   ","count":485,"tested":15188},{"age_group":"70-79   ","count":300,"tested":9293},{"age_group":"80+","count":193,"tested":4118}],"race":[{"description":"Left Blank","count":1215,"tested":72160,"color":"rgb(44,160,44)"},{"description":"NH/PI*","count":6,"tested":70,"color":"rgb(127,127,127)"},{"description":"Hispanic","count":742,"tested":4879,"color":"rgb(214,39,40)"},{"description":"Other","count":195,"tested":2689,"color":"rgb(148,103,189)"},{"description":"Black","count":687,"tested":8991,"color":"rgb(255,127,14)"},{"description":"Asian","count":156,"tested":2035,"color":"rgb(140,86,75)"},{"description":"White","count":980,"tested":16348,"color":"rgb(31,119,180)"}],"gender":[{"description":"Unknown/Left Blank","count":93,"tested":5652,"color":"rgb(44,160,44)"},{"description":"Female","count":1950,"tested":57257,"color":"rgb(255,127,14)"},{"description":"Male","count":1945,"tested":44323,"color":"rgb(31,119,180)"}]}
