{"age":[{"age_group":"<20","count":264,"tested":1847},{"age_group":"20-29   ","count":399,"tested":3120},{"age_group":"30-39   ","count":370,"tested":3260},{"age_group":"40-49   ","count":339,"tested":2545},{"age_group":"50-59   ","count":334,"tested":2758},{"age_group":"60-69   ","count":203,"tested":2472},{"age_group":"70-79   ","count":95,"tested":1333},{"age_group":"80+","count":48,"tested":610}],"race":[{"description":"Black","count":244,"tested":2397,"color":"rgb(255,127,14)"},{"description":"Other","count":70,"tested":577,"color":"rgb(148,103,189)"},{"description":"White","count":504,"tested":4704,"color":"rgb(31,119,180)"},{"description":"Asian","count":26,"tested":181,"color":"rgb(140,86,75)"},{"description":"Left Blank","count":862,"tested":8318,"color":"rgb(44,160,44)"},{"description":"Hispanic","count":342,"tested":1730,"color":"rgb(214,39,40)"}],"gender":[{"description":"Male","count":945,"tested":7394,"color":"rgb(31,119,180)"},{"description":"Unknown/Left Blank","count":15,"tested":248,"color":"rgb(44,160,44)"},{"description":"Female","count":1092,"tested":10307,"color":"rgb(255,127,14)"}]}
