{"age":[{"age_group":"<20","count":11,"tested":113},{"age_group":"20-29   ","count":11,"tested":118},{"age_group":"30-39   ","count":15,"tested":71},{"age_group":"40-49   ","count":14,"tested":90},{"age_group":"50-59   ","count":16,"tested":145},{"age_group":"60-69   ","count":16,"tested":90}],"race":[{"description":"White","count":76,"tested":483,"color":"rgb(31,119,180)"},{"description":"Left Blank","count":11,"tested":192,"color":"rgb(44,160,44)"}],"gender":[{"description":"Female","count":46,"tested":373,"color":"rgb(255,127,14)"},{"description":"Male","count":42,"tested":307,"color":"rgb(31,119,180)"}]}
