{"age":[{"age_group":"<20","count":401,"tested":4236},{"age_group":"20-29   ","count":421,"tested":5218},{"age_group":"30-39   ","count":404,"tested":4829},{"age_group":"40-49   ","count":331,"tested":3792},{"age_group":"50-59   ","count":437,"tested":5143},{"age_group":"60-69   ","count":364,"tested":4922},{"age_group":"70-79   ","count":205,"tested":3086},{"age_group":"80+","count":224,"tested":5818}],"race":[{"description":"Hispanic","count":120,"tested":569,"color":"rgb(214,39,40)"},{"description":"Asian","count":16,"tested":127,"color":"rgb(140,86,75)"},{"description":"Left Blank","count":681,"tested":16308,"color":"rgb(44,160,44)"},{"description":"White","count":1682,"tested":17119,"color":"rgb(31,119,180)"},{"description":"Other","count":36,"tested":598,"color":"rgb(148,103,189)"},{"description":"Black","count":248,"tested":2307,"color":"rgb(255,127,14)"}],"gender":[{"description":"Female","count":1534,"tested":24729,"color":"rgb(255,127,14)"},{"description":"Male","count":1222,"tested":11547,"color":"rgb(31,119,180)"},{"description":"Unknown/Left Blank","count":31,"tested":780,"color":"rgb(44,160,44)"}]}
