{"age":[{"age_group":"<20","count":25,"tested":218},{"age_group":"20-29   ","count":31,"tested":263},{"age_group":"30-39   ","count":27,"tested":334},{"age_group":"40-49   ","count":23,"tested":267},{"age_group":"50-59   ","count":23,"tested":275},{"age_group":"60-69   ","count":14,"tested":320}],"race":[{"description":"Left Blank","count":38,"tested":654,"color":"rgb(44,160,44)"},{"description":"White","count":83,"tested":1056,"color":"rgb(31,119,180)"},{"description":"Hispanic","count":20,"tested":115,"color":"rgb(214,39,40)"}],"gender":[{"description":"Female","count":83,"tested":1100,"color":"rgb(255,127,14)"},{"description":"Male","count":66,"tested":739,"color":"rgb(31,119,180)"}]}
