{"age":[{"age_group":"<20","count":277,"tested":2444},{"age_group":"20-29   ","count":236,"tested":2216},{"age_group":"30-39   ","count":280,"tested":2291},{"age_group":"40-49   ","count":302,"tested":2435},{"age_group":"50-59   ","count":196,"tested":1886},{"age_group":"60-69   ","count":123,"tested":1423},{"age_group":"70-79   ","count":54,"tested":1034},{"age_group":"80+","count":17,"tested":868}],"race":[{"description":"Other","count":58,"tested":527,"color":"rgb(148,103,189)"},{"description":"Black","count":25,"tested":240,"color":"rgb(255,127,14)"},{"description":"Left Blank","count":452,"tested":5003,"color":"rgb(44,160,44)"},{"description":"White","count":783,"tested":7820,"color":"rgb(31,119,180)"},{"description":"Hispanic","count":161,"tested":922,"color":"rgb(214,39,40)"}],"gender":[{"description":"Female","count":776,"tested":8286,"color":"rgb(255,127,14)"},{"description":"Male","count":699,"tested":5740,"color":"rgb(31,119,180)"},{"description":"Unknown/Left Blank","count":10,"tested":572,"color":"rgb(44,160,44)"}]}
