{"age":[{"age_group":"<20","count":61,"tested":1287},{"age_group":"20-29   ","count":41,"tested":424},{"age_group":"30-39   ","count":39,"tested":360},{"age_group":"40-49   ","count":32,"tested":276},{"age_group":"50-59   ","count":34,"tested":258},{"age_group":"60-69   ","count":30,"tested":303},{"age_group":"70-79   ","count":12,"tested":145}],"race":[{"description":"Left Blank","count":64,"tested":1312,"color":"rgb(44,160,44)"},{"description":"Hispanic","count":97,"tested":465,"color":"rgb(214,39,40)"},{"description":"Other","count":8,"tested":69,"color":"rgb(148,103,189)"},{"description":"White","count":82,"tested":1219,"color":"rgb(31,119,180)"}],"gender":[{"description":"Male","count":134,"tested":1581,"color":"rgb(31,119,180)"},{"description":"Female","count":103,"tested":1448,"color":"rgb(255,127,14)"}]}
