{"age":[{"age_group":"<20","count":216,"tested":2217},{"age_group":"20-29   ","count":126,"tested":1452},{"age_group":"30-39   ","count":89,"tested":1076},{"age_group":"40-49   ","count":130,"tested":1318},{"age_group":"50-59   ","count":142,"tested":1680},{"age_group":"60-69   ","count":71,"tested":1192},{"age_group":"70-79   ","count":17,"tested":596},{"age_group":"80+","count":45,"tested":672}],"race":[{"description":"Other","count":18,"tested":351,"color":"rgb(148,103,189)"},{"description":"Left Blank","count":205,"tested":5317,"color":"rgb(44,160,44)"},{"description":"Hispanic","count":34,"tested":178,"color":"rgb(214,39,40)"},{"description":"White","count":506,"tested":3836,"color":"rgb(31,119,180)"},{"description":"Asian","count":46,"tested":354,"color":"rgb(140,86,75)"},{"description":"Black","count":25,"tested":165,"color":"rgb(255,127,14)"}],"gender":[{"description":"Male","count":411,"tested":4254,"color":"rgb(31,119,180)"},{"description":"Female","count":407,"tested":5770,"color":"rgb(255,127,14)"}]}
