{"age":[{"age_group":"<20","count":382,"tested":6438},{"age_group":"20-29   ","count":398,"tested":9068},{"age_group":"30-39   ","count":291,"tested":4953},{"age_group":"40-49   ","count":249,"tested":4669},{"age_group":"50-59   ","count":322,"tested":6222},{"age_group":"60-69   ","count":241,"tested":7423},{"age_group":"70-79   ","count":100,"tested":4538},{"age_group":"80+","count":128,"tested":7744}],"race":[{"description":"White","count":1340,"tested":17645,"color":"rgb(31,119,180)"},{"description":"Asian","count":98,"tested":947,"color":"rgb(140,86,75)"},{"description":"Hispanic","count":120,"tested":1066,"color":"rgb(214,39,40)"},{"description":"Black","count":61,"tested":957,"color":"rgb(255,127,14)"},{"description":"Other","count":69,"tested":825,"color":"rgb(148,103,189)"},{"description":"Left Blank","count":420,"tested":29864,"color":"rgb(44,160,44)"}],"gender":[{"description":"Female","count":1050,"tested":28854,"color":"rgb(255,127,14)"},{"description":"Unknown/Left Blank","count":13,"tested":727,"color":"rgb(44,160,44)"},{"description":"Male","count":1048,"tested":21770,"color":"rgb(31,119,180)"}]}
