{"lastUpdatedDate":{"year":2020,"month":11,"day":9},"county_demographics":[{"County":"Fulton","confirmed_cases":856,"total_tested":18927,"demographics":{"age":[{"age_group":"<20","count":159,"tested":2413},{"age_group":"20-29   ","count":152,"tested":2679},{"age_group":"30-39   ","count":85,"tested":2619},{"age_group":"40-49   ","count":118,"tested":2713},{"age_group":"50-59   ","count":124,"tested":3024},{"age_group":"60-69   ","count":106,"tested":2460},{"age_group":"70-79   ","count":73,"tested":1565},{"age_group":"80+","count":39,"tested":1452},{"age_group":"Unknown","count":0,"tested":0}],"race":[{"description":"AI/AN**","count":0,"tested":6,"color":"rgb(31,119,180)"},{"description":"Asian","count":0,"tested":0,"color":"rgb(140,86,75)"},{"description":"Black","count":11,"tested":213,"color":"rgb(255,127,14)"},{"description":"Hispanic","count":0,"tested":56,"color":"rgb(214,39,40)"},{"description":"Left Blank","count":628,"tested":14831,"color":"rgb(44,160,44)"},{"description":"NH/PI*","count":0,"tested":0,"color":"rgb(127,127,127)"},{"description":"Other","count":6,"tested":72,"color":"rgb(148,103,189)"},{"description":"White","count":207,"tested":3742,"color":"rgb(31,119,180)"}],"gender":[{"description":"Female","count":461,"tested":11382,"color":"rgb(255,127,14)"},{"description":"Male","count":384,"tested":7151,"color":"rgb(31,119,180)"},{"description":"Unknown/Left Blank","count":11,"tested":394,"color":"rgb(44,160,44)"}]}}]}
