{"lastUpdatedDate":{"year":2020,"month":11,"day":9},"county_demographics":[{"County":"Morgan","confirmed_cases":1296,"total_tested":18243,"demographics":{"age":[{"age_group":"<20","count":104,"tested":1880},{"age_group":"20-29   ","count":237,"tested":2740},{"age_group":"30-39   ","count":220,"tested":2507},{"age_group":"40-49   ","count":225,"tested":2280},{"age_group":"50-59   ","count":227,"tested":2668},{"age_group":"60-69   ","count":120,"tested":2609},{"age_group":"70-79   ","count":66,"tested":1945},{"age_group":"80+","count":81,"tested":1611},{"age_group":"Unknown","count":0,"tested":0}],"race":[{"description":"AI/AN**","count":0,"tested":0,"color":"rgb(31,119,180)"},{"description":"Asian","count":0,"tested":40,"color":"rgb(140,86,75)"},{"description":"Black","count":219,"tested":695,"color":"rgb(255,127,14)"},{"description":"Hispanic","count":45,"tested":154,"color":"rgb(214,39,40)"},{"description":"Left Blank","count":537,"tested":9594,"color":"rgb(44,160,44)"},{"description":"NH/PI*","count":0,"tested":8,"color":"rgb(127,127,127)"},{"description":"Other","count":9,"tested":217,"color":"rgb(148,103,189)"},{"description":"White","count":481,"tested":7532,"color":"rgb(31,119,180)"}],"gender":[{"description":"Female","count":448,"tested":10431,"color":"rgb(255,127,14)"},{"description":"Male","count":748,"tested":6976,"color":"rgb(31,119,180)"},{"description":"Unknown/Left Blank","count":100,"tested":836,"color":"rgb(44,160,44)"}]}}]}
