{"lastUpdatedDate":{"year":2020,"month":11,"day":9},"county_demographics":[{"County":"Christian","confirmed_cases":1224,"total_tested":16025,"demographics":{"age":[{"age_group":"<20","count":74,"tested":1649},{"age_group":"20-29   ","count":171,"tested":2313},{"age_group":"30-39   ","count":205,"tested":2010},{"age_group":"40-49   ","count":201,"tested":1854},{"age_group":"50-59   ","count":229,"tested":2345},{"age_group":"60-69   ","count":146,"tested":2271},{"age_group":"70-79   ","count":90,"tested":1734},{"age_group":"80+","count":102,"tested":1846},{"age_group":"Unknown","count":0,"tested":0}],"race":[{"description":"AI/AN**","count":0,"tested":0,"color":"rgb(31,119,180)"},{"description":"Asian","count":0,"tested":31,"color":"rgb(140,86,75)"},{"description":"Black","count":44,"tested":82,"color":"rgb(255,127,14)"},{"description":"Hispanic","count":43,"tested":81,"color":"rgb(214,39,40)"},{"description":"Left Blank","count":607,"tested":7940,"color":"rgb(44,160,44)"},{"description":"NH/PI*","count":0,"tested":0,"color":"rgb(127,127,127)"},{"description":"Other","count":17,"tested":267,"color":"rgb(148,103,189)"},{"description":"White","count":506,"tested":7617,"color":"rgb(31,119,180)"}],"gender":[{"description":"Female","count":545,"tested":9699,"color":"rgb(255,127,14)"},{"description":"Male","count":652,"tested":6125,"color":"rgb(31,119,180)"},{"description":"Unknown/Left Blank","count":21,"tested":201,"color":"rgb(44,160,44)"}]}}]}
