{"lastUpdatedDate":{"year":2020,"month":11,"day":9},"county_demographics":[{"County":"Marion","confirmed_cases":1428,"total_tested":22440,"demographics":{"age":[{"age_group":"<20","count":160,"tested":2190},{"age_group":"20-29   ","count":185,"tested":3161},{"age_group":"30-39   ","count":189,"tested":2905},{"age_group":"40-49   ","count":205,"tested":2760},{"age_group":"50-59   ","count":217,"tested":3016},{"age_group":"60-69   ","count":205,"tested":3139},{"age_group":"70-79   ","count":133,"tested":2252},{"age_group":"80+","count":118,"tested":3007},{"age_group":"Unknown","count":0,"tested":10}],"race":[{"description":"AI/AN**","count":0,"tested":7,"color":"rgb(31,119,180)"},{"description":"Asian","count":0,"tested":29,"color":"rgb(140,86,75)"},{"description":"Black","count":35,"tested":722,"color":"rgb(255,127,14)"},{"description":"Hispanic","count":14,"tested":114,"color":"rgb(214,39,40)"},{"description":"Left Blank","count":215,"tested":9084,"color":"rgb(44,160,44)"},{"description":"NH/PI*","count":0,"tested":8,"color":"rgb(127,127,127)"},{"description":"Other","count":15,"tested":435,"color":"rgb(148,103,189)"},{"description":"White","count":1145,"tested":12041,"color":"rgb(31,119,180)"}],"gender":[{"description":"Female","count":829,"tested":13758,"color":"rgb(255,127,14)"},{"description":"Male","count":596,"tested":7135,"color":"rgb(31,119,180)"},{"description":"Unknown/Left Blank","count":0,"tested":1547,"color":"rgb(44,160,44)"}]}}]}
