{"lastUpdatedDate":{"year":2020,"month":11,"day":9},"county_demographics":[{"County":"Rock Island","confirmed_cases":5636,"total_tested":82848,"demographics":{"age":[{"age_group":"<20","count":663,"tested":9598},{"age_group":"20-29   ","count":1033,"tested":12009},{"age_group":"30-39   ","count":908,"tested":11649},{"age_group":"40-49   ","count":848,"tested":10925},{"age_group":"50-59   ","count":844,"tested":11226},{"age_group":"60-69   ","count":679,"tested":11423},{"age_group":"70-79   ","count":401,"tested":7912},{"age_group":"80+","count":259,"tested":8033},{"age_group":"Unknown","count":0,"tested":73}],"race":[{"description":"AI/AN**","count":0,"tested":34,"color":"rgb(31,119,180)"},{"description":"Asian","count":80,"tested":398,"color":"rgb(140,86,75)"},{"description":"Black","count":468,"tested":4236,"color":"rgb(255,127,14)"},{"description":"Hispanic","count":555,"tested":3274,"color":"rgb(214,39,40)"},{"description":"Left Blank","count":2882,"tested":46982,"color":"rgb(44,160,44)"},{"description":"NH/PI*","count":0,"tested":22,"color":"rgb(127,127,127)"},{"description":"Other","count":101,"tested":1505,"color":"rgb(148,103,189)"},{"description":"White","count":1541,"tested":26397,"color":"rgb(31,119,180)"}],"gender":[{"description":"Female","count":2802,"tested":48747,"color":"rgb(255,127,14)"},{"description":"Male","count":2776,"tested":32551,"color":"rgb(31,119,180)"},{"description":"Unknown/Left Blank","count":58,"tested":1550,"color":"rgb(44,160,44)"}]}}]}
