{"lastUpdatedDate":{"year":2020,"month":11,"day":9},"county_demographics":[{"County":"Macoupin","confirmed_cases":1144,"total_tested":25151,"demographics":{"age":[{"age_group":"<20","count":159,"tested":3319},{"age_group":"20-29   ","count":171,"tested":3512},{"age_group":"30-39   ","count":187,"tested":3292},{"age_group":"40-49   ","count":179,"tested":3247},{"age_group":"50-59   ","count":162,"tested":3675},{"age_group":"60-69   ","count":141,"tested":3506},{"age_group":"70-79   ","count":76,"tested":2106},{"age_group":"80+","count":54,"tested":2487},{"age_group":"Unknown","count":0,"tested":7}],"race":[{"description":"AI/AN**","count":0,"tested":0,"color":"rgb(31,119,180)"},{"description":"Asian","count":0,"tested":25,"color":"rgb(140,86,75)"},{"description":"Black","count":11,"tested":206,"color":"rgb(255,127,14)"},{"description":"Hispanic","count":6,"tested":69,"color":"rgb(214,39,40)"},{"description":"Left Blank","count":380,"tested":6341,"color":"rgb(44,160,44)"},{"description":"NH/PI*","count":0,"tested":0,"color":"rgb(127,127,127)"},{"description":"Other","count":34,"tested":390,"color":"rgb(148,103,189)"},{"description":"White","count":707,"tested":18115,"color":"rgb(31,119,180)"}],"gender":[{"description":"Female","count":610,"tested":15663,"color":"rgb(255,127,14)"},{"description":"Male","count":490,"tested":8615,"color":"rgb(31,119,180)"},{"description":"Unknown/Left Blank","count":42,"tested":873,"color":"rgb(44,160,44)"}]}}]}
