{"lastUpdatedDate":{"year":2020,"month":11,"day":9},"county_demographics":[{"County":"Peoria","confirmed_cases":6027,"total_tested":124502,"demographics":{"age":[{"age_group":"<20","count":1100,"tested":18688},{"age_group":"20-29   ","count":1291,"tested":21491},{"age_group":"30-39   ","count":883,"tested":18356},{"age_group":"40-49   ","count":782,"tested":16268},{"age_group":"50-59   ","count":781,"tested":16685},{"age_group":"60-69   ","count":585,"tested":15148},{"age_group":"70-79   ","count":327,"tested":9799},{"age_group":"80+","count":270,"tested":8039},{"age_group":"Unknown","count":0,"tested":28}],"race":[{"description":"AI/AN**","count":6,"tested":40,"color":"rgb(31,119,180)"},{"description":"Asian","count":73,"tested":565,"color":"rgb(140,86,75)"},{"description":"Black","count":1068,"tested":7402,"color":"rgb(255,127,14)"},{"description":"Hispanic","count":459,"tested":977,"color":"rgb(214,39,40)"},{"description":"Left Blank","count":940,"tested":86430,"color":"rgb(44,160,44)"},{"description":"NH/PI*","count":0,"tested":39,"color":"rgb(127,127,127)"},{"description":"Other","count":200,"tested":2958,"color":"rgb(148,103,189)"},{"description":"White","count":3276,"tested":26091,"color":"rgb(31,119,180)"}],"gender":[{"description":"Female","count":3172,"tested":68969,"color":"rgb(255,127,14)"},{"description":"Male","count":2734,"tested":49401,"color":"rgb(31,119,180)"},{"description":"Unknown/Left Blank","count":119,"tested":6132,"color":"rgb(44,160,44)"}]}}]}
