{"lastUpdatedDate":{"year":2020,"month":11,"day":9},"county_demographics":[{"County":"Johnson","confirmed_cases":497,"total_tested":4810,"demographics":{"age":[{"age_group":"<20","count":56,"tested":565},{"age_group":"20-29   ","count":69,"tested":662},{"age_group":"30-39   ","count":90,"tested":681},{"age_group":"40-49   ","count":80,"tested":685},{"age_group":"50-59   ","count":81,"tested":728},{"age_group":"60-69   ","count":58,"tested":650},{"age_group":"70-79   ","count":38,"tested":465},{"age_group":"80+","count":20,"tested":374}],"race":[{"description":"Asian","count":0,"tested":37,"color":"rgb(140,86,75)"},{"description":"Black","count":44,"tested":144,"color":"rgb(255,127,14)"},{"description":"Hispanic","count":31,"tested":101,"color":"rgb(214,39,40)"},{"description":"Left Blank","count":95,"tested":1556,"color":"rgb(44,160,44)"},{"description":"NH/PI*","count":0,"tested":0,"color":"rgb(127,127,127)"},{"description":"Other","count":0,"tested":56,"color":"rgb(148,103,189)"},{"description":"White","count":320,"tested":2914,"color":"rgb(31,119,180)"}],"gender":[{"description":"Female","count":208,"tested":2431,"color":"rgb(255,127,14)"},{"description":"Male","count":261,"tested":1955,"color":"rgb(31,119,180)"},{"description":"Unknown/Left Blank","count":23,"tested":424,"color":"rgb(44,160,44)"}]}}]}
