{"lastUpdatedDate":{"year":2021,"month":4,"day":21},"county_demographics":[{"County":"Mercer","confirmed_cases":1369,"total_tested":17103,"demographics":{"age":[{"race":[],"age_group":"<20","count":214,"tested":2961,"deaths":0},{"race":[],"age_group":"20-29   ","count":167,"tested":1958,"deaths":0},{"race":[],"age_group":"30-39   ","count":176,"tested":2090,"deaths":0},{"race":[],"age_group":"40-49   ","count":218,"tested":2010,"deaths":0},{"race":[],"age_group":"50-59   ","count":219,"tested":2477,"deaths":0},{"race":[],"age_group":"60-69   ","count":180,"tested":2151,"deaths":0},{"race":[],"age_group":"70-79   ","count":97,"tested":1638,"deaths":0},{"race":[],"age_group":"80+","count":97,"tested":1804,"deaths":0},{"race":[],"age_group":"Unknown","count":0,"tested":14,"deaths":0}],"race":[{"description":"AI/AN**","count":0,"tested":0,"deaths":0,"color":"rgb(31,119,180)"},{"description":"Asian","count":0,"tested":6,"deaths":0,"color":"rgb(140,86,75)"},{"description":"Black","count":7,"tested":21,"deaths":0,"color":"rgb(255,127,14)"},{"description":"Hispanic","count":21,"tested":102,"deaths":0,"color":"rgb(214,39,40)"},{"description":"Left Blank","count":381,"tested":7512,"deaths":0,"color":"rgb(44,160,44)"},{"description":"NH/PI*","count":0,"tested":0,"deaths":0,"color":"rgb(127,127,127)"},{"description":"Other","count":11,"tested":222,"deaths":0,"color":"rgb(148,103,189)"},{"description":"White","count":945,"tested":9234,"deaths":0,"color":"rgb(31,119,180)"}],"gender":[{"description":"Female","count":733,"tested":10055,"deaths":0,"color":"rgb(255,127,14)"},{"description":"Male","count":628,"tested":6717,"deaths":0,"color":"rgb(31,119,180)"},{"description":"Unknown/Left Blank","count":6,"tested":331,"deaths":0,"color":"rgb(44,160,44)"}]}}]}
