{"lastUpdatedDate":{"year":2021,"month":4,"day":21},"county_demographics":[{"County":"Menard","confirmed_cases":1188,"total_tested":19199,"demographics":{"age":[{"race":[],"age_group":"<20","count":184,"tested":2871,"deaths":0},{"race":[],"age_group":"20-29   ","count":170,"tested":2647,"deaths":0},{"race":[],"age_group":"30-39   ","count":152,"tested":2979,"deaths":0},{"race":[],"age_group":"40-49   ","count":166,"tested":2634,"deaths":0},{"race":[],"age_group":"50-59   ","count":211,"tested":2740,"deaths":0},{"race":[],"age_group":"60-69   ","count":126,"tested":2172,"deaths":0},{"race":[],"age_group":"70-79   ","count":88,"tested":1593,"deaths":0},{"race":[],"age_group":"80+","count":91,"tested":1562,"deaths":0},{"race":[],"age_group":"Unknown","count":0,"tested":0,"deaths":0}],"race":[{"description":"AI/AN**","count":0,"tested":20,"deaths":0,"color":"rgb(31,119,180)"},{"description":"Asian","count":0,"tested":17,"deaths":0,"color":"rgb(140,86,75)"},{"description":"Black","count":0,"tested":95,"deaths":0,"color":"rgb(255,127,14)"},{"description":"Hispanic","count":6,"tested":112,"deaths":0,"color":"rgb(214,39,40)"},{"description":"Left Blank","count":538,"tested":7425,"deaths":0,"color":"rgb(44,160,44)"},{"description":"NH/PI*","count":0,"tested":0,"deaths":0,"color":"rgb(127,127,127)"},{"description":"Other","count":0,"tested":166,"deaths":0,"color":"rgb(148,103,189)"},{"description":"White","count":630,"tested":11360,"deaths":0,"color":"rgb(31,119,180)"}],"gender":[{"description":"Female","count":552,"tested":11106,"deaths":0,"color":"rgb(255,127,14)"},{"description":"Male","count":487,"tested":7242,"deaths":0,"color":"rgb(31,119,180)"},{"description":"Unknown/Left Blank","count":149,"tested":851,"deaths":0,"color":"rgb(44,160,44)"}]}}]}
