{"lastUpdatedDate":{"year":2021,"month":4,"day":21},"county_demographics":[{"County":"Crawford","confirmed_cases":2093,"total_tested":34151,"demographics":{"age":[{"race":[],"age_group":"<20","count":298,"tested":3397,"deaths":0},{"race":[],"age_group":"20-29   ","count":304,"tested":4637,"deaths":0},{"race":[],"age_group":"30-39   ","count":325,"tested":6899,"deaths":0},{"race":[],"age_group":"40-49   ","count":287,"tested":5921,"deaths":0},{"race":[],"age_group":"50-59   ","count":306,"tested":4987,"deaths":0},{"race":[],"age_group":"60-69   ","count":241,"tested":2894,"deaths":0},{"race":[],"age_group":"70-79   ","count":198,"tested":1654,"deaths":0},{"race":[],"age_group":"80+","count":133,"tested":1532,"deaths":0},{"race":[],"age_group":"Unknown","count":0,"tested":2230,"deaths":0}],"race":[{"description":"AI/AN**","count":0,"tested":0,"deaths":0,"color":"rgb(31,119,180)"},{"description":"Asian","count":0,"tested":39,"deaths":0,"color":"rgb(140,86,75)"},{"description":"Black","count":157,"tested":466,"deaths":0,"color":"rgb(255,127,14)"},{"description":"Hispanic","count":38,"tested":129,"deaths":0,"color":"rgb(214,39,40)"},{"description":"Left Blank","count":203,"tested":18974,"deaths":0,"color":"rgb(44,160,44)"},{"description":"NH/PI*","count":0,"tested":0,"deaths":0,"color":"rgb(127,127,127)"},{"description":"Other","count":18,"tested":556,"deaths":0,"color":"rgb(148,103,189)"},{"description":"White","count":1662,"tested":13984,"deaths":0,"color":"rgb(31,119,180)"}],"gender":[{"description":"Female","count":990,"tested":12002,"deaths":0,"color":"rgb(255,127,14)"},{"description":"Male","count":1047,"tested":10584,"deaths":0,"color":"rgb(31,119,180)"},{"description":"Unknown/Left Blank","count":56,"tested":11565,"deaths":0,"color":"rgb(44,160,44)"}]}}]}
