{"lastUpdatedDate":{"year":2021,"month":4,"day":21},"county_demographics":[{"County":"Schuyler","confirmed_cases":709,"total_tested":12440,"demographics":{"age":[{"race":[],"age_group":"<20","count":76,"tested":984,"deaths":0},{"race":[],"age_group":"20-29   ","count":64,"tested":1262,"deaths":0},{"race":[],"age_group":"30-39   ","count":90,"tested":1651,"deaths":0},{"race":[],"age_group":"40-49   ","count":89,"tested":2149,"deaths":0},{"race":[],"age_group":"50-59   ","count":126,"tested":2719,"deaths":0},{"race":[],"age_group":"60-69   ","count":119,"tested":2170,"deaths":0},{"race":[],"age_group":"70-79   ","count":77,"tested":905,"deaths":0},{"race":[],"age_group":"80+","count":68,"tested":600,"deaths":0}],"race":[{"description":"AI/AN**","count":0,"tested":13,"deaths":0,"color":"rgb(31,119,180)"},{"description":"Asian","count":0,"tested":0,"deaths":0,"color":"rgb(140,86,75)"},{"description":"Black","count":19,"tested":274,"deaths":0,"color":"rgb(255,127,14)"},{"description":"Hispanic","count":6,"tested":85,"deaths":0,"color":"rgb(214,39,40)"},{"description":"Left Blank","count":134,"tested":2784,"deaths":0,"color":"rgb(44,160,44)"},{"description":"NH/PI*","count":0,"tested":0,"deaths":0,"color":"rgb(127,127,127)"},{"description":"Other","count":0,"tested":230,"deaths":0,"color":"rgb(148,103,189)"},{"description":"White","count":542,"tested":9049,"deaths":0,"color":"rgb(31,119,180)"}],"gender":[{"description":"Female","count":370,"tested":4998,"deaths":0,"color":"rgb(255,127,14)"},{"description":"Male","count":303,"tested":6932,"deaths":0,"color":"rgb(31,119,180)"},{"description":"Unknown/Left Blank","count":36,"tested":510,"deaths":0,"color":"rgb(44,160,44)"}]}}]}
