{"lastUpdatedDate":{"year":2021,"month":4,"day":21},"county_demographics":[{"County":"McDonough","confirmed_cases":2611,"total_tested":50181,"demographics":{"age":[{"race":[],"age_group":"<20","count":465,"tested":7611,"deaths":0},{"race":[],"age_group":"20-29   ","count":711,"tested":12433,"deaths":0},{"race":[],"age_group":"30-39   ","count":310,"tested":6695,"deaths":0},{"race":[],"age_group":"40-49   ","count":281,"tested":5293,"deaths":0},{"race":[],"age_group":"50-59   ","count":259,"tested":5466,"deaths":0},{"race":[],"age_group":"60-69   ","count":260,"tested":5168,"deaths":0},{"race":[],"age_group":"70-79   ","count":176,"tested":3288,"deaths":0},{"race":[],"age_group":"80+","count":148,"tested":4219,"deaths":0},{"race":[],"age_group":"Unknown","count":0,"tested":8,"deaths":0}],"race":[{"description":"AI/AN**","count":0,"tested":79,"deaths":0,"color":"rgb(31,119,180)"},{"description":"Asian","count":35,"tested":378,"deaths":0,"color":"rgb(140,86,75)"},{"description":"Black","count":176,"tested":3151,"deaths":0,"color":"rgb(255,127,14)"},{"description":"Hispanic","count":94,"tested":1089,"deaths":0,"color":"rgb(214,39,40)"},{"description":"Left Blank","count":268,"tested":15114,"deaths":0,"color":"rgb(44,160,44)"},{"description":"NH/PI*","count":0,"tested":47,"deaths":0,"color":"rgb(127,127,127)"},{"description":"Other","count":20,"tested":645,"deaths":0,"color":"rgb(148,103,189)"},{"description":"White","count":2005,"tested":29678,"deaths":0,"color":"rgb(31,119,180)"}],"gender":[{"description":"Female","count":1370,"tested":30053,"deaths":0,"color":"rgb(255,127,14)"},{"description":"Male","count":1203,"tested":18916,"deaths":0,"color":"rgb(31,119,180)"},{"description":"Unknown/Left Blank","count":38,"tested":1212,"deaths":0,"color":"rgb(44,160,44)"}]}}]}
