{"lastUpdatedDate":{"year":2021,"month":4,"day":21},"county_demographics":[{"County":"De Witt","confirmed_cases":1397,"total_tested":22772,"demographics":{"age":[{"race":[],"age_group":"<20","count":239,"tested":3910,"deaths":0},{"race":[],"age_group":"20-29   ","count":187,"tested":3676,"deaths":0},{"race":[],"age_group":"30-39   ","count":202,"tested":3065,"deaths":0},{"race":[],"age_group":"40-49   ","count":172,"tested":2831,"deaths":0},{"race":[],"age_group":"50-59   ","count":211,"tested":3096,"deaths":0},{"race":[],"age_group":"60-69   ","count":163,"tested":2624,"deaths":0},{"race":[],"age_group":"70-79   ","count":124,"tested":1748,"deaths":0},{"race":[],"age_group":"80+","count":97,"tested":1821,"deaths":0},{"race":[],"age_group":"Unknown","count":0,"tested":0,"deaths":0}],"race":[{"description":"AI/AN**","count":0,"tested":21,"deaths":0,"color":"rgb(31,119,180)"},{"description":"Asian","count":0,"tested":46,"deaths":0,"color":"rgb(140,86,75)"},{"description":"Black","count":6,"tested":107,"deaths":0,"color":"rgb(255,127,14)"},{"description":"Hispanic","count":24,"tested":209,"deaths":0,"color":"rgb(214,39,40)"},{"description":"Left Blank","count":333,"tested":10897,"deaths":0,"color":"rgb(44,160,44)"},{"description":"NH/PI*","count":0,"tested":9,"deaths":0,"color":"rgb(127,127,127)"},{"description":"Other","count":9,"tested":268,"deaths":0,"color":"rgb(148,103,189)"},{"description":"White","count":1015,"tested":11215,"deaths":0,"color":"rgb(31,119,180)"}],"gender":[{"description":"Female","count":743,"tested":13994,"deaths":0,"color":"rgb(255,127,14)"},{"description":"Male","count":642,"tested":8300,"deaths":0,"color":"rgb(31,119,180)"},{"description":"Unknown/Left Blank","count":12,"tested":478,"deaths":0,"color":"rgb(44,160,44)"}]}}]}
