{"age":[{"age_group":"<20","count":371,"tested":1834},{"age_group":"20-29   ","count":483,"tested":2802},{"age_group":"30-39   ","count":351,"tested":2058},{"age_group":"40-49   ","count":421,"tested":2460},{"age_group":"50-59   ","count":448,"tested":2740},{"age_group":"60-69   ","count":352,"tested":2067},{"age_group":"70-79   ","count":240,"tested":925},{"age_group":"80+","count":182,"tested":393}],"race":[{"description":"Black","count":186,"tested":464,"color":"rgb(255,127,14)"},{"description":"Hispanic","count":226,"tested":415,"color":"rgb(214,39,40)"},{"description":"Asian","count":184,"tested":400,"color":"rgb(140,86,75)"},{"description":"Left Blank","count":909,"tested":7980,"color":"rgb(44,160,44)"},{"description":"Other","count":205,"tested":517,"color":"rgb(148,103,189)"},{"description":"White","count":840,"tested":5478,"color":"rgb(31,119,180)"}],"gender":[{"description":"Male","count":903,"tested":6541,"color":"rgb(31,119,180)"},{"description":"Unknown/Left Blank","count":164,"tested":137,"color":"rgb(44,160,44)"},{"description":"Female","count":1041,"tested":8601,"color":"rgb(255,127,14)"}]}
