{"age":[{"age_group":"<20","count":563,"tested":3515},{"age_group":"20-29   ","count":664,"tested":5217},{"age_group":"30-39   ","count":600,"tested":4290},{"age_group":"40-49   ","count":597,"tested":4322},{"age_group":"50-59   ","count":567,"tested":5209},{"age_group":"60-69   ","count":374,"tested":4281},{"age_group":"70-79   ","count":210,"tested":1910},{"age_group":"80+","count":138,"tested":1163}],"race":[{"description":"Black","count":92,"tested":354,"color":"rgb(255,127,14)"},{"description":"Asian","count":175,"tested":712,"color":"rgb(140,86,75)"},{"description":"Hispanic","count":1422,"tested":4761,"color":"rgb(214,39,40)"},{"description":"White","count":742,"tested":6128,"color":"rgb(31,119,180)"},{"description":"Other","count":141,"tested":686,"color":"rgb(148,103,189)"},{"description":"Left Blank","count":1010,"tested":17231,"color":"rgb(44,160,44)"}],"gender":[{"description":"Female","count":1634,"tested":16322,"color":"rgb(255,127,14)"},{"description":"Male","count":1688,"tested":13068,"color":"rgb(31,119,180)"},{"description":"Unknown/Left Blank","count":71,"tested":521,"color":"rgb(44,160,44)"}]}
