{"age":[{"age_group":"<20","count":51,"tested":288},{"age_group":"20-29   ","count":45,"tested":336},{"age_group":"30-39   ","count":37,"tested":316},{"age_group":"40-49   ","count":52,"tested":292},{"age_group":"50-59   ","count":49,"tested":438},{"age_group":"60-69   ","count":47,"tested":409},{"age_group":"70-79   ","count":26,"tested":136},{"age_group":"80+","count":21,"tested":93}],"race":[{"description":"Left Blank","count":84,"tested":1016,"color":"rgb(44,160,44)"},{"description":"White","count":136,"tested":1183,"color":"rgb(31,119,180)"},{"description":"Hispanic","count":27,"tested":71,"color":"rgb(214,39,40)"}],"gender":[{"description":"Female","count":131,"tested":1318,"color":"rgb(255,127,14)"},{"description":"Male","count":106,"tested":960,"color":"rgb(31,119,180)"}]}
