{"age":[{"age_group":"<20","count":1043,"tested":5905},{"age_group":"20-29   ","count":1170,"tested":7601},{"age_group":"30-39   ","count":1045,"tested":6416},{"age_group":"40-49   ","count":1127,"tested":6903},{"age_group":"50-59   ","count":881,"tested":6002},{"age_group":"60-69   ","count":559,"tested":3590},{"age_group":"70-79   ","count":349,"tested":2016},{"age_group":"80+","count":290,"tested":2132}],"race":[{"description":"White","count":1064,"tested":12507,"color":"rgb(31,119,180)"},{"description":"Left Blank","count":1474,"tested":13611,"color":"rgb(44,160,44)"},{"description":"Hispanic","count":2522,"tested":9892,"color":"rgb(214,39,40)"},{"description":"AI/AN**","count":201,"tested":40,"color":"rgb(31,119,180)"},{"description":"NH/PI*","count":202,"tested":152,"color":"rgb(127,127,127)"},{"description":"Black","count":336,"tested":1463,"color":"rgb(255,127,14)"},{"description":"Asian","count":275,"tested":1133,"color":"rgb(140,86,75)"},{"description":"Other","count":392,"tested":1781,"color":"rgb(148,103,189)"}],"gender":[{"description":"Male","count":2499,"tested":15701,"color":"rgb(31,119,180)"},{"description":"Female","count":2777,"tested":24243,"color":"rgb(255,127,14)"},{"description":"Unknown/Left Blank","count":215,"tested":635,"color":"rgb(44,160,44)"}]}
