{"age":[{"age_group":"<20","count":330,"tested":3106},{"age_group":"20-29   ","count":309,"tested":2894},{"age_group":"30-39   ","count":284,"tested":2835},{"age_group":"40-49   ","count":272,"tested":2344},{"age_group":"50-59   ","count":344,"tested":3147},{"age_group":"60-69   ","count":219,"tested":2511},{"age_group":"70-79   ","count":131,"tested":1570},{"age_group":"80+","count":141,"tested":1969}],"race":[{"description":"Asian","count":114,"tested":304,"color":"rgb(140,86,75)"},{"description":"White","count":892,"tested":10616,"color":"rgb(31,119,180)"},{"description":"Left Blank","count":447,"tested":7771,"color":"rgb(44,160,44)"},{"description":"Hispanic","count":204,"tested":895,"color":"rgb(214,39,40)"},{"description":"Other","count":107,"tested":379,"color":"rgb(148,103,189)"},{"description":"Black","count":107,"tested":390,"color":"rgb(255,127,14)"}],"gender":[{"description":"Male","count":735,"tested":8660,"color":"rgb(31,119,180)"},{"description":"Unknown/Left Blank","count":84,"tested":266,"color":"rgb(44,160,44)"},{"description":"Female","count":821,"tested":11453,"color":"rgb(255,127,14)"}]}
