{"age":[{"age_group":"<20","count":44,"tested":397},{"age_group":"20-29   ","count":54,"tested":499},{"age_group":"30-39   ","count":40,"tested":400},{"age_group":"40-49   ","count":41,"tested":441},{"age_group":"50-59   ","count":33,"tested":429},{"age_group":"60-69   ","count":33,"tested":415},{"age_group":"70-79   ","count":25,"tested":178}],"race":[{"description":"White","count":147,"tested":1982,"color":"rgb(31,119,180)"},{"description":"Left Blank","count":58,"tested":802,"color":"rgb(44,160,44)"}],"gender":[{"description":"Female","count":119,"tested":2066,"color":"rgb(255,127,14)"},{"description":"Male","count":94,"tested":790,"color":"rgb(31,119,180)"}]}
