{"age":[{"age_group":"<20","count":267,"tested":2437},{"age_group":"20-29   ","count":404,"tested":4298},{"age_group":"30-39   ","count":376,"tested":3821},{"age_group":"40-49   ","count":349,"tested":3947},{"age_group":"50-59   ","count":394,"tested":4728},{"age_group":"60-69   ","count":360,"tested":4303},{"age_group":"70-79   ","count":193,"tested":2653},{"age_group":"80+","count":182,"tested":2949}],"race":[{"description":"AI/AN**","count":55,"tested":61,"color":"rgb(31,119,180)"},{"description":"Asian","count":336,"tested":2308,"color":"rgb(140,86,75)"},{"description":"Left Blank","count":661,"tested":15909,"color":"rgb(44,160,44)"},{"description":"White","count":540,"tested":6131,"color":"rgb(31,119,180)"},{"description":"Other","count":484,"tested":2400,"color":"rgb(148,103,189)"},{"description":"Black","count":169,"tested":1283,"color":"rgb(255,127,14)"},{"description":"Hispanic","count":238,"tested":982,"color":"rgb(214,39,40)"}],"gender":[{"description":"Male","count":1081,"tested":12292,"color":"rgb(31,119,180)"},{"description":"Unknown/Left Blank","count":52,"tested":566,"color":"rgb(44,160,44)"},{"description":"Female","count":1207,"tested":16287,"color":"rgb(255,127,14)"}]}
