{"age":[{"age_group":"<20","count":155,"tested":885},{"age_group":"20-29   ","count":160,"tested":1194},{"age_group":"30-39   ","count":141,"tested":867},{"age_group":"40-49   ","count":164,"tested":1127},{"age_group":"50-59   ","count":188,"tested":1230},{"age_group":"60-69   ","count":144,"tested":1052},{"age_group":"70-79   ","count":136,"tested":802},{"age_group":"80+","count":201,"tested":1696}],"race":[{"description":"Hispanic","count":113,"tested":101,"color":"rgb(214,39,40)"},{"description":"White","count":409,"tested":2962,"color":"rgb(31,119,180)"},{"description":"Left Blank","count":294,"tested":5599,"color":"rgb(44,160,44)"},{"description":"Asian","count":98,"tested":66,"color":"rgb(140,86,75)"},{"description":"Other","count":102,"tested":95,"color":"rgb(148,103,189)"}],"gender":[{"description":"Female","count":396,"tested":5377,"color":"rgb(255,127,14)"},{"description":"Unknown/Left Blank","count":97,"tested":306,"color":"rgb(44,160,44)"},{"description":"Male","count":346,"tested":3170,"color":"rgb(31,119,180)"}]}
