{"age":[{"age_group":"<20","count":59,"tested":400},{"age_group":"20-29   ","count":63,"tested":482},{"age_group":"30-39   ","count":69,"tested":440},{"age_group":"40-49   ","count":70,"tested":675},{"age_group":"50-59   ","count":80,"tested":724},{"age_group":"60-69   ","count":54,"tested":644},{"age_group":"70-79   ","count":38,"tested":415},{"age_group":"80+","count":35,"tested":222}],"race":[{"description":"Left Blank","count":85,"tested":704,"color":"rgb(44,160,44)"},{"description":"White","count":204,"tested":2408,"color":"rgb(31,119,180)"},{"description":"Hispanic","count":51,"tested":194,"color":"rgb(214,39,40)"},{"description":"Other","count":21,"tested":133,"color":"rgb(148,103,189)"},{"description":"Black","count":71,"tested":558,"color":"rgb(255,127,14)"}],"gender":[{"description":"Female","count":216,"tested":2451,"color":"rgb(255,127,14)"},{"description":"Male","count":180,"tested":1527,"color":"rgb(31,119,180)"}]}
