{"age":[{"age_group":"<20","count":39,"tested":213},{"age_group":"20-29   ","count":129,"tested":716},{"age_group":"30-39   ","count":113,"tested":710},{"age_group":"40-49   ","count":99,"tested":543},{"age_group":"50-59   ","count":88,"tested":578},{"age_group":"60-69   ","count":55,"tested":354},{"age_group":"70-79   ","count":34,"tested":167},{"age_group":"80+","count":28,"tested":76}],"race":[{"description":"Left Blank","count":224,"tested":2045,"color":"rgb(44,160,44)"},{"description":"White","count":177,"tested":1150,"color":"rgb(31,119,180)"},{"description":"Other","count":38,"tested":83,"color":"rgb(148,103,189)"},{"description":"Black","count":51,"tested":42,"color":"rgb(255,127,14)"}],"gender":[{"description":"Female","count":119,"tested":1024,"color":"rgb(255,127,14)"},{"description":"Male","count":291,"tested":941,"color":"rgb(31,119,180)"},{"description":"Unknown/Left Blank","count":65,"tested":1405,"color":"rgb(44,160,44)"}]}
