{"age":[{"age_group":"<20","count":50,"tested":287},{"age_group":"20-29   ","count":49,"tested":241},{"age_group":"30-39   ","count":45,"tested":212},{"age_group":"40-49   ","count":48,"tested":192},{"age_group":"50-59   ","count":51,"tested":263},{"age_group":"60-69   ","count":47,"tested":226},{"age_group":"70-79   ","count":28,"tested":117},{"age_group":"80+","count":28,"tested":42}],"race":[{"description":"White","count":120,"tested":658,"color":"rgb(31,119,180)"},{"description":"Left Blank","count":94,"tested":886,"color":"rgb(44,160,44)"}],"gender":[{"description":"Male","count":103,"tested":595,"color":"rgb(31,119,180)"},{"description":"Female","count":117,"tested":976,"color":"rgb(255,127,14)"}]}
