{"age":[{"age_group":"<20","count":383,"tested":3793},{"age_group":"20-29   ","count":386,"tested":3986},{"age_group":"30-39   ","count":280,"tested":3318},{"age_group":"40-49   ","count":337,"tested":3329},{"age_group":"50-59   ","count":342,"tested":4057},{"age_group":"60-69   ","count":304,"tested":3632},{"age_group":"70-79   ","count":181,"tested":1774},{"age_group":"80+","count":161,"tested":747}],"race":[{"description":"Hispanic","count":193,"tested":672,"color":"rgb(214,39,40)"},{"description":"White","count":795,"tested":10031,"color":"rgb(31,119,180)"},{"description":"Left Blank","count":654,"tested":10809,"color":"rgb(44,160,44)"},{"description":"Other","count":144,"tested":828,"color":"rgb(148,103,189)"},{"description":"Asian","count":228,"tested":1693,"color":"rgb(140,86,75)"},{"description":"Black","count":160,"tested":559,"color":"rgb(255,127,14)"}],"gender":[{"description":"Unknown/Left Blank","count":107,"tested":292,"color":"rgb(44,160,44)"},{"description":"Male","count":874,"tested":11020,"color":"rgb(31,119,180)"},{"description":"Female","count":903,"tested":13325,"color":"rgb(255,127,14)"}]}
