{"age":[{"age_group":"<20","count":668,"tested":3693},{"age_group":"20-29   ","count":763,"tested":5629},{"age_group":"30-39   ","count":688,"tested":4999},{"age_group":"40-49   ","count":756,"tested":5061},{"age_group":"50-59   ","count":641,"tested":5095},{"age_group":"60-69   ","count":402,"tested":3868},{"age_group":"70-79   ","count":205,"tested":1515},{"age_group":"80+","count":188,"tested":1183}],"race":[{"description":"Hispanic","count":1586,"tested":6716,"color":"rgb(214,39,40)"},{"description":"Asian","count":62,"tested":89,"color":"rgb(140,86,75)"},{"description":"Black","count":791,"tested":6977,"color":"rgb(255,127,14)"},{"description":"White","count":296,"tested":2280,"color":"rgb(31,119,180)"},{"description":"Other","count":176,"tested":998,"color":"rgb(148,103,189)"},{"description":"Left Blank","count":1286,"tested":13898,"color":"rgb(44,160,44)"}],"gender":[{"description":"Female","count":2086,"tested":17802,"color":"rgb(255,127,14)"},{"description":"Male","count":1849,"tested":12584,"color":"rgb(31,119,180)"},{"description":"Unknown/Left Blank","count":101,"tested":670,"color":"rgb(44,160,44)"}]}
