{"age":[{"age_group":"<20","count":44,"tested":695},{"age_group":"20-29   ","count":300,"tested":6045},{"age_group":"30-39   ","count":199,"tested":3786},{"age_group":"40-49   ","count":76,"tested":1241},{"age_group":"50-59   ","count":69,"tested":1345},{"age_group":"60-69   ","count":52,"tested":1083},{"age_group":"70-79   ","count":46,"tested":683},{"age_group":"80+","count":33,"tested":368}],"race":[{"description":"White","count":285,"tested":4314,"color":"rgb(31,119,180)"},{"description":"Asian","count":61,"tested":1283,"color":"rgb(140,86,75)"},{"description":"Black","count":76,"tested":1103,"color":"rgb(255,127,14)"},{"description":"Other","count":47,"tested":785,"color":"rgb(148,103,189)"},{"description":"Left Blank","count":259,"tested":7314,"color":"rgb(44,160,44)"},{"description":"Hispanic","count":60,"tested":397,"color":"rgb(214,39,40)"}],"gender":[{"description":"Male","count":389,"tested":7189,"color":"rgb(31,119,180)"},{"description":"Female","count":339,"tested":7690,"color":"rgb(255,127,14)"}]}
