{"age":[{"age_group":"<20","count":95,"tested":622},{"age_group":"20-29   ","count":132,"tested":1010},{"age_group":"30-39   ","count":123,"tested":1011},{"age_group":"40-49   ","count":107,"tested":931},{"age_group":"50-59   ","count":129,"tested":1133},{"age_group":"60-69   ","count":99,"tested":938},{"age_group":"70-79   ","count":61,"tested":646},{"age_group":"80+","count":52,"tested":566}],"race":[{"description":"Left Blank","count":231,"tested":2930,"color":"rgb(44,160,44)"},{"description":"Other","count":53,"tested":146,"color":"rgb(148,103,189)"},{"description":"White","count":258,"tested":3140,"color":"rgb(31,119,180)"},{"description":"Hispanic","count":109,"tested":403,"color":"rgb(214,39,40)"},{"description":"Black","count":46,"tested":121,"color":"rgb(255,127,14)"},{"description":"Asian","count":38,"tested":85,"color":"rgb(140,86,75)"}],"gender":[{"description":"Female","count":314,"tested":4094,"color":"rgb(255,127,14)"},{"description":"Male","count":296,"tested":2715,"color":"rgb(31,119,180)"}]}
