{"age":[{"age_group":"<20","count":21,"tested":94},{"age_group":"20-29   ","count":20,"tested":70},{"age_group":"30-39   ","count":21,"tested":68},{"age_group":"40-49   ","count":20,"tested":103},{"age_group":"50-59   ","count":27,"tested":115},{"age_group":"60-69   ","count":22,"tested":156},{"age_group":"70-79   ","count":17,"tested":62}],"race":[{"description":"White","count":69,"tested":529,"color":"rgb(31,119,180)"},{"description":"Left Blank","count":30,"tested":126,"color":"rgb(44,160,44)"}],"gender":[{"description":"Female","count":58,"tested":367,"color":"rgb(255,127,14)"},{"description":"Male","count":47,"tested":317,"color":"rgb(31,119,180)"}]}
