{"age":[{"age_group":"<20","count":292,"tested":1709},{"age_group":"20-29   ","count":377,"tested":2859},{"age_group":"30-39   ","count":391,"tested":2649},{"age_group":"40-49   ","count":360,"tested":2595},{"age_group":"50-59   ","count":276,"tested":2312},{"age_group":"60-69   ","count":182,"tested":1891},{"age_group":"70-79   ","count":119,"tested":1170},{"age_group":"80+","count":69,"tested":599}],"race":[{"description":"Hispanic","count":473,"tested":2080,"color":"rgb(214,39,40)"},{"description":"White","count":147,"tested":951,"color":"rgb(31,119,180)"},{"description":"Left Blank","count":508,"tested":5092,"color":"rgb(44,160,44)"},{"description":"Other","count":109,"tested":845,"color":"rgb(148,103,189)"},{"description":"Black","count":753,"tested":6737,"color":"rgb(255,127,14)"}],"gender":[{"description":"Female","count":1016,"tested":8945,"color":"rgb(255,127,14)"},{"description":"Male","count":870,"tested":6544,"color":"rgb(31,119,180)"},{"description":"Unknown/Left Blank","count":60,"tested":301,"color":"rgb(44,160,44)"}]}
