{"age":[{"age_group":"<20","count":110,"tested":760},{"age_group":"20-29   ","count":138,"tested":1251},{"age_group":"30-39   ","count":115,"tested":1040},{"age_group":"40-49   ","count":122,"tested":1067},{"age_group":"50-59   ","count":149,"tested":1367},{"age_group":"60-69   ","count":113,"tested":1100},{"age_group":"70-79   ","count":98,"tested":775},{"age_group":"80+","count":92,"tested":975}],"race":[{"description":"Black","count":61,"tested":199,"color":"rgb(255,127,14)"},{"description":"Other","count":55,"tested":115,"color":"rgb(148,103,189)"},{"description":"Left Blank","count":256,"tested":5117,"color":"rgb(44,160,44)"},{"description":"White","count":337,"tested":2663,"color":"rgb(31,119,180)"},{"description":"Hispanic","count":79,"tested":212,"color":"rgb(214,39,40)"}],"gender":[{"description":"Male","count":273,"tested":2673,"color":"rgb(31,119,180)"},{"description":"Female","count":366,"tested":5445,"color":"rgb(255,127,14)"}]}
