{"age":[{"age_group":"<20","count":35,"tested":197},{"age_group":"20-29   ","count":29,"tested":267},{"age_group":"30-39   ","count":24,"tested":213},{"age_group":"40-49   ","count":27,"tested":235},{"age_group":"50-59   ","count":28,"tested":282},{"age_group":"60-69   ","count":22,"tested":245},{"age_group":"80+","count":13,"tested":74}],"race":[{"description":"Left Blank","count":41,"tested":657,"color":"rgb(44,160,44)"},{"description":"Hispanic","count":16,"tested":60,"color":"rgb(214,39,40)"},{"description":"White","count":93,"tested":853,"color":"rgb(31,119,180)"}],"gender":[{"description":"Female","count":81,"tested":922,"color":"rgb(255,127,14)"},{"description":"Male","count":65,"tested":640,"color":"rgb(31,119,180)"}]}
