{"lastUpdatedDate":{"year":2020,"month":12,"day":17},"county_demographics":[{"County":"Macoupin","confirmed_cases":2915,"total_tested":40254,"demographics":{"age":[{"race":[],"age_group":"<20","count":431,"tested":5220,"deaths":0},{"race":[],"age_group":"20-29   ","count":407,"tested":5552,"deaths":0},{"race":[],"age_group":"30-39   ","count":409,"tested":5648,"deaths":0},{"race":[],"age_group":"40-49   ","count":431,"tested":5432,"deaths":0},{"race":[],"age_group":"50-59   ","count":426,"tested":5960,"deaths":0},{"race":[],"age_group":"60-69   ","count":384,"tested":5402,"deaths":0},{"race":[],"age_group":"70-79   ","count":223,"tested":3045,"deaths":0},{"race":[],"age_group":"80+","count":202,"tested":3972,"deaths":0},{"race":[],"age_group":"Unknown","count":0,"tested":23,"deaths":0}],"race":[{"description":"AI/AN**","count":0,"tested":13,"deaths":0,"color":"rgb(31,119,180)"},{"description":"Asian","count":0,"tested":64,"deaths":0,"color":"rgb(140,86,75)"},{"description":"Black","count":31,"tested":360,"deaths":0,"color":"rgb(255,127,14)"},{"description":"Hispanic","count":11,"tested":122,"deaths":0,"color":"rgb(214,39,40)"},{"description":"Left Blank","count":983,"tested":9807,"deaths":0,"color":"rgb(44,160,44)"},{"description":"NH/PI*","count":0,"tested":13,"deaths":0,"color":"rgb(127,127,127)"},{"description":"Other","count":44,"tested":521,"deaths":0,"color":"rgb(148,103,189)"},{"description":"White","count":1837,"tested":29354,"deaths":0,"color":"rgb(31,119,180)"}],"gender":[{"description":"Female","count":1561,"tested":25434,"deaths":0,"color":"rgb(255,127,14)"},{"description":"Male","count":1277,"tested":13914,"deaths":0,"color":"rgb(31,119,180)"},{"description":"Unknown/Left Blank","count":77,"tested":906,"deaths":0,"color":"rgb(44,160,44)"}]}}]}
