{"lastUpdatedDate":{"year":2020,"month":12,"day":17},"county_demographics":[{"County":"Douglas","confirmed_cases":1658,"total_tested":18012,"demographics":{"age":[{"race":[],"age_group":"<20","count":313,"tested":3614,"deaths":0},{"race":[],"age_group":"20-29   ","count":237,"tested":2710,"deaths":0},{"race":[],"age_group":"30-39   ","count":224,"tested":2262,"deaths":0},{"race":[],"age_group":"40-49   ","count":248,"tested":2388,"deaths":0},{"race":[],"age_group":"50-59   ","count":235,"tested":2020,"deaths":0},{"race":[],"age_group":"60-69   ","count":197,"tested":2359,"deaths":0},{"race":[],"age_group":"70-79   ","count":93,"tested":1314,"deaths":0},{"race":[],"age_group":"80+","count":90,"tested":1339,"deaths":0},{"race":[],"age_group":"Unknown","count":0,"tested":6,"deaths":0}],"race":[{"description":"AI/AN**","count":0,"tested":12,"deaths":0,"color":"rgb(31,119,180)"},{"description":"Asian","count":0,"tested":52,"deaths":0,"color":"rgb(140,86,75)"},{"description":"Black","count":0,"tested":108,"deaths":0,"color":"rgb(255,127,14)"},{"description":"Hispanic","count":245,"tested":1047,"deaths":0,"color":"rgb(214,39,40)"},{"description":"Left Blank","count":331,"tested":3704,"deaths":0,"color":"rgb(44,160,44)"},{"description":"NH/PI*","count":0,"tested":11,"deaths":0,"color":"rgb(127,127,127)"},{"description":"Other","count":57,"tested":522,"deaths":0,"color":"rgb(148,103,189)"},{"description":"White","count":1008,"tested":12556,"deaths":0,"color":"rgb(31,119,180)"}],"gender":[{"description":"Female","count":837,"tested":10494,"deaths":0,"color":"rgb(255,127,14)"},{"description":"Male","count":805,"tested":7395,"deaths":0,"color":"rgb(31,119,180)"},{"description":"Unknown/Left Blank","count":14,"tested":123,"deaths":0,"color":"rgb(44,160,44)"}]}}]}
