{"lastUpdatedDate":{"year":2020,"month":12,"day":17},"county_demographics":[{"County":"Carroll","confirmed_cases":1245,"total_tested":12488,"demographics":{"age":[{"race":[],"age_group":"<20","count":141,"tested":1162,"deaths":0},{"race":[],"age_group":"20-29   ","count":144,"tested":1555,"deaths":0},{"race":[],"age_group":"30-39   ","count":251,"tested":2411,"deaths":0},{"race":[],"age_group":"40-49   ","count":200,"tested":1809,"deaths":0},{"race":[],"age_group":"50-59   ","count":165,"tested":1549,"deaths":0},{"race":[],"age_group":"60-69   ","count":131,"tested":1542,"deaths":0},{"race":[],"age_group":"70-79   ","count":103,"tested":942,"deaths":0},{"race":[],"age_group":"80+","count":95,"tested":1516,"deaths":0},{"race":[],"age_group":"Unknown","count":0,"tested":0,"deaths":0}],"race":[{"description":"AI/AN**","count":6,"tested":6,"deaths":0,"color":"rgb(31,119,180)"},{"description":"Asian","count":0,"tested":47,"deaths":0,"color":"rgb(140,86,75)"},{"description":"Black","count":55,"tested":81,"deaths":0,"color":"rgb(255,127,14)"},{"description":"Hispanic","count":21,"tested":27,"deaths":0,"color":"rgb(214,39,40)"},{"description":"Left Blank","count":537,"tested":8548,"deaths":0,"color":"rgb(44,160,44)"},{"description":"NH/PI*","count":0,"tested":0,"deaths":0,"color":"rgb(127,127,127)"},{"description":"Other","count":11,"tested":86,"deaths":0,"color":"rgb(148,103,189)"},{"description":"White","count":611,"tested":3691,"deaths":0,"color":"rgb(31,119,180)"}],"gender":[{"description":"Female","count":562,"tested":6254,"deaths":0,"color":"rgb(255,127,14)"},{"description":"Male","count":677,"tested":6139,"deaths":0,"color":"rgb(31,119,180)"},{"description":"Unknown/Left Blank","count":6,"tested":95,"deaths":0,"color":"rgb(44,160,44)"}]}}]}
