{"lastUpdatedDate":{"year":2020,"month":12,"day":17},"county_demographics":[{"County":"Lake","confirmed_cases":44533,"total_tested":534598,"demographics":{"age":[{"race":[],"age_group":"<20","count":7665,"tested":64911,"deaths":0},{"race":[],"age_group":"20-29   ","count":8347,"tested":89940,"deaths":0},{"race":[],"age_group":"30-39   ","count":6601,"tested":73337,"deaths":0},{"race":[],"age_group":"40-49   ","count":7005,"tested":75493,"deaths":0},{"race":[],"age_group":"50-59   ","count":6868,"tested":86034,"deaths":0},{"race":[],"age_group":"60-69   ","count":4197,"tested":67770,"deaths":0},{"race":[],"age_group":"70-79   ","count":2044,"tested":38403,"deaths":0},{"race":[],"age_group":"80+","count":1787,"tested":38468,"deaths":0},{"race":[],"age_group":"Unknown","count":19,"tested":242,"deaths":0}],"race":[{"description":"AI/AN**","count":56,"tested":472,"deaths":0,"color":"rgb(31,119,180)"},{"description":"Asian","count":1065,"tested":16052,"deaths":0,"color":"rgb(140,86,75)"},{"description":"Black","count":2399,"tested":22168,"deaths":0,"color":"rgb(255,127,14)"},{"description":"Hispanic","count":13745,"tested":66691,"deaths":0,"color":"rgb(214,39,40)"},{"description":"Left Blank","count":11868,"tested":234233,"deaths":0,"color":"rgb(44,160,44)"},{"description":"NH/PI*","count":83,"tested":1595,"deaths":0,"color":"rgb(127,127,127)"},{"description":"Other","count":1977,"tested":18998,"deaths":0,"color":"rgb(148,103,189)"},{"description":"White","count":13337,"tested":174389,"deaths":0,"color":"rgb(31,119,180)"}],"gender":[{"description":"Female","count":22381,"tested":295671,"deaths":0,"color":"rgb(255,127,14)"},{"description":"Male","count":21591,"tested":225404,"deaths":0,"color":"rgb(31,119,180)"},{"description":"Unknown/Left Blank","count":561,"tested":13523,"deaths":0,"color":"rgb(44,160,44)"}]}}]}
