{"lastUpdatedDate":{"year":2020,"month":12,"day":17},"county_demographics":[{"County":"Perry","confirmed_cases":1538,"total_tested":14359,"demographics":{"age":[{"race":[],"age_group":"<20","count":196,"tested":1717,"deaths":0},{"race":[],"age_group":"20-29   ","count":220,"tested":2090,"deaths":0},{"race":[],"age_group":"30-39   ","count":224,"tested":1901,"deaths":0},{"race":[],"age_group":"40-49   ","count":194,"tested":1931,"deaths":0},{"race":[],"age_group":"50-59   ","count":229,"tested":1981,"deaths":0},{"race":[],"age_group":"60-69   ","count":192,"tested":1728,"deaths":0},{"race":[],"age_group":"70-79   ","count":123,"tested":1410,"deaths":0},{"race":[],"age_group":"80+","count":145,"tested":1597,"deaths":0},{"race":[],"age_group":"Unknown","count":0,"tested":0,"deaths":0}],"race":[{"description":"AI/AN**","count":0,"tested":0,"deaths":0,"color":"rgb(31,119,180)"},{"description":"Asian","count":6,"tested":25,"deaths":0,"color":"rgb(140,86,75)"},{"description":"Black","count":46,"tested":347,"deaths":0,"color":"rgb(255,127,14)"},{"description":"Hispanic","count":16,"tested":98,"deaths":0,"color":"rgb(214,39,40)"},{"description":"Left Blank","count":315,"tested":5436,"deaths":0,"color":"rgb(44,160,44)"},{"description":"NH/PI*","count":0,"tested":0,"deaths":0,"color":"rgb(127,127,127)"},{"description":"Other","count":12,"tested":133,"deaths":0,"color":"rgb(148,103,189)"},{"description":"White","count":1135,"tested":8314,"deaths":0,"color":"rgb(31,119,180)"}],"gender":[{"description":"Female","count":857,"tested":8610,"deaths":0,"color":"rgb(255,127,14)"},{"description":"Male","count":652,"tested":4975,"deaths":0,"color":"rgb(31,119,180)"},{"description":"Unknown/Left Blank","count":29,"tested":774,"deaths":0,"color":"rgb(44,160,44)"}]}}]}
