{"lastUpdatedDate":{"year":2021,"month":8,"day":23},"county_demographics":[{"County":"Alexander","confirmed_cases":565,"total_tested":7288,"demographics":{"age":[{"race":[],"age_group":"<20","count":71,"tested":511,"deaths":0},{"race":[],"age_group":"20-29   ","count":55,"tested":1034,"deaths":0},{"race":[],"age_group":"30-39   ","count":83,"tested":1039,"deaths":0},{"race":[],"age_group":"40-49   ","count":64,"tested":1224,"deaths":0},{"race":[],"age_group":"50-59   ","count":97,"tested":1595,"deaths":0},{"race":[],"age_group":"60-69   ","count":101,"tested":1226,"deaths":0},{"race":[],"age_group":"70-79   ","count":62,"tested":402,"deaths":0},{"race":[],"age_group":"80+","count":24,"tested":257,"deaths":0},{"race":[],"age_group":"Unknown","count":0,"tested":0,"deaths":0}],"race":[{"description":"AI/AN**","count":0,"tested":0,"deaths":0,"color":"rgb(31,119,180)"},{"description":"Asian","count":0,"tested":0,"deaths":0,"color":"rgb(140,86,75)"},{"description":"Black","count":165,"tested":1830,"deaths":0,"color":"rgb(255,127,14)"},{"description":"Hispanic","count":0,"tested":22,"deaths":0,"color":"rgb(214,39,40)"},{"description":"Left Blank","count":153,"tested":2736,"deaths":0,"color":"rgb(44,160,44)"},{"description":"NH/PI*","count":0,"tested":0,"deaths":0,"color":"rgb(127,127,127)"},{"description":"Other","count":0,"tested":39,"deaths":0,"color":"rgb(148,103,189)"},{"description":"White","count":240,"tested":2655,"deaths":0,"color":"rgb(31,119,180)"}],"gender":[{"description":"Female","count":334,"tested":4318,"deaths":0,"color":"rgb(255,127,14)"},{"description":"Male","count":225,"tested":2415,"deaths":0,"color":"rgb(31,119,180)"},{"description":"Unknown/Left Blank","count":6,"tested":555,"deaths":0,"color":"rgb(44,160,44)"}]}}]}
