{"lastUpdatedDate":{"year":2021,"month":8,"day":23},"county_demographics":[{"County":"Winnebago","confirmed_cases":36341,"total_tested":492896,"demographics":{"age":[{"race":[],"age_group":"<20","count":6565,"tested":76759,"deaths":0},{"race":[],"age_group":"20-29   ","count":6490,"tested":81325,"deaths":0},{"race":[],"age_group":"30-39   ","count":5684,"tested":72034,"deaths":0},{"race":[],"age_group":"40-49   ","count":5414,"tested":64832,"deaths":0},{"race":[],"age_group":"50-59   ","count":5034,"tested":68956,"deaths":0},{"race":[],"age_group":"60-69   ","count":3691,"tested":55695,"deaths":0},{"race":[],"age_group":"70-79   ","count":2054,"tested":35529,"deaths":0},{"race":[],"age_group":"80+","count":1400,"tested":37546,"deaths":0},{"race":[],"age_group":"Unknown","count":7,"tested":220,"deaths":0}],"race":[{"description":"AI/AN**","count":47,"tested":486,"deaths":0,"color":"rgb(31,119,180)"},{"description":"Asian","count":718,"tested":6065,"deaths":0,"color":"rgb(140,86,75)"},{"description":"Black","count":4642,"tested":41762,"deaths":0,"color":"rgb(255,127,14)"},{"description":"Hispanic","count":6300,"tested":30365,"deaths":0,"color":"rgb(214,39,40)"},{"description":"Left Blank","count":3283,"tested":211186,"deaths":0,"color":"rgb(44,160,44)"},{"description":"NH/PI*","count":21,"tested":371,"deaths":0,"color":"rgb(127,127,127)"},{"description":"Other","count":570,"tested":10709,"deaths":0,"color":"rgb(148,103,189)"},{"description":"White","count":20755,"tested":191952,"deaths":0,"color":"rgb(31,119,180)"}],"gender":[{"description":"Female","count":19452,"tested":290467,"deaths":0,"color":"rgb(255,127,14)"},{"description":"Male","count":16759,"tested":194439,"deaths":0,"color":"rgb(31,119,180)"},{"description":"Unknown/Left Blank","count":130,"tested":7990,"deaths":0,"color":"rgb(44,160,44)"}]}}]}
