{"lastUpdatedDate":{"year":2021,"month":8,"day":23},"county_demographics":[{"County":"Union","confirmed_cases":2740,"total_tested":50669,"demographics":{"age":[{"race":[],"age_group":"<20","count":434,"tested":3736,"deaths":0},{"race":[],"age_group":"20-29   ","count":429,"tested":7077,"deaths":0},{"race":[],"age_group":"30-39   ","count":406,"tested":7765,"deaths":0},{"race":[],"age_group":"40-49   ","count":375,"tested":8053,"deaths":0},{"race":[],"age_group":"50-59   ","count":410,"tested":9351,"deaths":0},{"race":[],"age_group":"60-69   ","count":326,"tested":6124,"deaths":0},{"race":[],"age_group":"70-79   ","count":225,"tested":3679,"deaths":0},{"race":[],"age_group":"80+","count":135,"tested":4878,"deaths":0},{"race":[],"age_group":"Unknown","count":0,"tested":6,"deaths":0}],"race":[{"description":"AI/AN**","count":0,"tested":30,"deaths":0,"color":"rgb(31,119,180)"},{"description":"Asian","count":0,"tested":121,"deaths":0,"color":"rgb(140,86,75)"},{"description":"Black","count":74,"tested":1411,"deaths":0,"color":"rgb(255,127,14)"},{"description":"Hispanic","count":124,"tested":827,"deaths":0,"color":"rgb(214,39,40)"},{"description":"Left Blank","count":364,"tested":16953,"deaths":0,"color":"rgb(44,160,44)"},{"description":"NH/PI*","count":0,"tested":79,"deaths":0,"color":"rgb(127,127,127)"},{"description":"Other","count":19,"tested":280,"deaths":0,"color":"rgb(148,103,189)"},{"description":"White","count":2152,"tested":30968,"deaths":0,"color":"rgb(31,119,180)"}],"gender":[{"description":"Female","count":1387,"tested":25859,"deaths":0,"color":"rgb(255,127,14)"},{"description":"Male","count":1288,"tested":21132,"deaths":0,"color":"rgb(31,119,180)"},{"description":"Unknown/Left Blank","count":65,"tested":3678,"deaths":0,"color":"rgb(44,160,44)"}]}}]}
