{"lastUpdatedDate":{"year":2021,"month":8,"day":23},"county_demographics":[{"County":"Peoria","confirmed_cases":24473,"total_tested":393033,"demographics":{"age":[{"race":[],"age_group":"<20","count":5038,"tested":77613,"deaths":0},{"race":[],"age_group":"20-29   ","count":4482,"tested":67029,"deaths":0},{"race":[],"age_group":"30-39   ","count":3817,"tested":59332,"deaths":0},{"race":[],"age_group":"40-49   ","count":3424,"tested":50047,"deaths":0},{"race":[],"age_group":"50-59   ","count":3333,"tested":50123,"deaths":0},{"race":[],"age_group":"60-69   ","count":2374,"tested":41613,"deaths":0},{"race":[],"age_group":"70-79   ","count":1208,"tested":24637,"deaths":0},{"race":[],"age_group":"80+","count":797,"tested":22351,"deaths":0},{"race":[],"age_group":"Unknown","count":0,"tested":288,"deaths":0}],"race":[{"description":"AI/AN**","count":23,"tested":306,"deaths":0,"color":"rgb(31,119,180)"},{"description":"Asian","count":344,"tested":3738,"deaths":0,"color":"rgb(140,86,75)"},{"description":"Black","count":5299,"tested":39522,"deaths":0,"color":"rgb(255,127,14)"},{"description":"Hispanic","count":1440,"tested":6888,"deaths":0,"color":"rgb(214,39,40)"},{"description":"Left Blank","count":1622,"tested":196044,"deaths":0,"color":"rgb(44,160,44)"},{"description":"NH/PI*","count":21,"tested":242,"deaths":0,"color":"rgb(127,127,127)"},{"description":"Other","count":600,"tested":13784,"deaths":0,"color":"rgb(148,103,189)"},{"description":"White","count":15118,"tested":132509,"deaths":0,"color":"rgb(31,119,180)"}],"gender":[{"description":"Female","count":13141,"tested":220447,"deaths":0,"color":"rgb(255,127,14)"},{"description":"Male","count":11160,"tested":158042,"deaths":0,"color":"rgb(31,119,180)"},{"description":"Unknown/Left Blank","count":171,"tested":14544,"deaths":0,"color":"rgb(44,160,44)"}]}}]}
