{"lastUpdatedDate":{"year":2021,"month":8,"day":23},"county_demographics":[{"County":"Monroe","confirmed_cases":4789,"total_tested":49753,"demographics":{"age":[{"race":[],"age_group":"<20","count":836,"tested":7638,"deaths":0},{"race":[],"age_group":"20-29   ","count":647,"tested":6027,"deaths":0},{"race":[],"age_group":"30-39   ","count":665,"tested":6284,"deaths":0},{"race":[],"age_group":"40-49   ","count":705,"tested":5619,"deaths":0},{"race":[],"age_group":"50-59   ","count":823,"tested":6914,"deaths":0},{"race":[],"age_group":"60-69   ","count":588,"tested":5978,"deaths":0},{"race":[],"age_group":"70-79   ","count":257,"tested":3352,"deaths":0},{"race":[],"age_group":"80+","count":267,"tested":7910,"deaths":0},{"race":[],"age_group":"Unknown","count":0,"tested":31,"deaths":0}],"race":[{"description":"AI/AN**","count":0,"tested":16,"deaths":0,"color":"rgb(31,119,180)"},{"description":"Asian","count":0,"tested":102,"deaths":0,"color":"rgb(140,86,75)"},{"description":"Black","count":12,"tested":634,"deaths":0,"color":"rgb(255,127,14)"},{"description":"Hispanic","count":25,"tested":296,"deaths":0,"color":"rgb(214,39,40)"},{"description":"Left Blank","count":2491,"tested":21733,"deaths":0,"color":"rgb(44,160,44)"},{"description":"NH/PI*","count":0,"tested":0,"deaths":0,"color":"rgb(127,127,127)"},{"description":"Other","count":31,"tested":394,"deaths":0,"color":"rgb(148,103,189)"},{"description":"White","count":2221,"tested":26573,"deaths":0,"color":"rgb(31,119,180)"}],"gender":[{"description":"Female","count":2525,"tested":31841,"deaths":0,"color":"rgb(255,127,14)"},{"description":"Male","count":2245,"tested":17216,"deaths":0,"color":"rgb(31,119,180)"},{"description":"Unknown/Left Blank","count":18,"tested":696,"deaths":0,"color":"rgb(44,160,44)"}]}}]}
