{"lastUpdatedDate":{"year":2021,"month":8,"day":23},"county_demographics":[{"County":"Moultrie","confirmed_cases":1787,"total_tested":30198,"demographics":{"age":[{"race":[],"age_group":"<20","count":308,"tested":4650,"deaths":0},{"race":[],"age_group":"20-29   ","count":213,"tested":4397,"deaths":0},{"race":[],"age_group":"30-39   ","count":222,"tested":4050,"deaths":0},{"race":[],"age_group":"40-49   ","count":195,"tested":4094,"deaths":0},{"race":[],"age_group":"50-59   ","count":283,"tested":4259,"deaths":0},{"race":[],"age_group":"60-69   ","count":258,"tested":3865,"deaths":0},{"race":[],"age_group":"70-79   ","count":162,"tested":2440,"deaths":0},{"race":[],"age_group":"80+","count":146,"tested":2265,"deaths":0},{"race":[],"age_group":"Unknown","count":0,"tested":178,"deaths":0}],"race":[{"description":"AI/AN**","count":0,"tested":6,"deaths":0,"color":"rgb(31,119,180)"},{"description":"Asian","count":0,"tested":53,"deaths":0,"color":"rgb(140,86,75)"},{"description":"Black","count":14,"tested":299,"deaths":0,"color":"rgb(255,127,14)"},{"description":"Hispanic","count":13,"tested":137,"deaths":0,"color":"rgb(214,39,40)"},{"description":"Left Blank","count":452,"tested":9597,"deaths":0,"color":"rgb(44,160,44)"},{"description":"NH/PI*","count":0,"tested":21,"deaths":0,"color":"rgb(127,127,127)"},{"description":"Other","count":21,"tested":401,"deaths":0,"color":"rgb(148,103,189)"},{"description":"White","count":1282,"tested":19684,"deaths":0,"color":"rgb(31,119,180)"}],"gender":[{"description":"Female","count":938,"tested":18849,"deaths":0,"color":"rgb(255,127,14)"},{"description":"Male","count":836,"tested":10168,"deaths":0,"color":"rgb(31,119,180)"},{"description":"Unknown/Left Blank","count":9,"tested":1181,"deaths":0,"color":"rgb(44,160,44)"}]}}]}
