{"age":[{"age_group":"<20","count":128,"tested":1518},{"age_group":"20-29   ","count":132,"tested":1532},{"age_group":"30-39   ","count":143,"tested":1272},{"age_group":"40-49   ","count":139,"tested":1271},{"age_group":"50-59   ","count":192,"tested":1955},{"age_group":"60-69   ","count":111,"tested":1291},{"age_group":"70-79   ","count":50,"tested":806},{"age_group":"80+","count":17,"tested":312}],"race":[{"description":"Asian","count":6,"tested":104,"color":"rgb(140,86,75)"},{"description":"Hispanic","count":36,"tested":300,"color":"rgb(214,39,40)"},{"description":"Left Blank","count":277,"tested":3273,"color":"rgb(44,160,44)"},{"description":"Other","count":41,"tested":322,"color":"rgb(148,103,189)"},{"description":"White","count":549,"tested":5884,"color":"rgb(31,119,180)"}],"gender":[]}
