{"age":[{"age_group":"<20","count":389,"tested":20366},{"age_group":"20-29   ","count":282,"tested":8084},{"age_group":"30-39   ","count":253,"tested":8429},{"age_group":"40-49   ","count":296,"tested":8774},{"age_group":"50-59   ","count":284,"tested":10277},{"age_group":"60-69   ","count":204,"tested":9721},{"age_group":"70-79   ","count":148,"tested":7306},{"age_group":"80+","count":143,"tested":6126}],"race":[{"description":"Asian","count":28,"tested":1309,"color":"rgb(140,86,75)"},{"description":"Black","count":49,"tested":724,"color":"rgb(255,127,14)"},{"description":"Hispanic","count":225,"tested":2722,"color":"rgb(214,39,40)"},{"description":"Left Blank","count":483,"tested":33509,"color":"rgb(44,160,44)"},{"description":"Other","count":209,"tested":4900,"color":"rgb(148,103,189)"},{"description":"White","count":1000,"tested":35869,"color":"rgb(31,119,180)"}],"gender":[]}
