{"age":[{"age_group":"<20","count":482,"tested":6442},{"age_group":"20-29   ","count":163,"tested":2373},{"age_group":"30-39   ","count":141,"tested":1932},{"age_group":"40-49   ","count":201,"tested":2473},{"age_group":"50-59   ","count":244,"tested":3093},{"age_group":"60-69   ","count":93,"tested":2457},{"age_group":"70-79   ","count":43,"tested":1279},{"age_group":"80+","count":20,"tested":687}],"race":[{"description":"Hispanic","count":27,"tested":393,"color":"rgb(214,39,40)"},{"description":"Left Blank","count":575,"tested":9031,"color":"rgb(44,160,44)"},{"description":"Other","count":41,"tested":690,"color":"rgb(148,103,189)"},{"description":"White","count":732,"tested":10328,"color":"rgb(31,119,180)"}],"gender":[]}
