{"age":[{"age_group":"<20","count":678,"tested":10873},{"age_group":"20-29   ","count":755,"tested":13944},{"age_group":"30-39   ","count":752,"tested":14634},{"age_group":"40-49   ","count":739,"tested":17045},{"age_group":"50-59   ","count":766,"tested":18296},{"age_group":"60-69   ","count":550,"tested":17018},{"age_group":"70-79   ","count":297,"tested":8679},{"age_group":"80+","count":258,"tested":7602}],"race":[{"description":"Asian","count":9,"tested":231,"color":"rgb(140,86,75)"},{"description":"Black","count":2404,"tested":33370,"color":"rgb(255,127,14)"},{"description":"Hispanic","count":114,"tested":1531,"color":"rgb(214,39,40)"},{"description":"Left Blank","count":1568,"tested":60157,"color":"rgb(44,160,44)"},{"description":"Other","count":187,"tested":2334,"color":"rgb(148,103,189)"},{"description":"White","count":508,"tested":10293,"color":"rgb(31,119,180)"}],"gender":[]}
