{"age":[{"age_group":"<20","count":140,"tested":2581},{"age_group":"20-29   ","count":758,"tested":14018},{"age_group":"30-39   ","count":704,"tested":15738},{"age_group":"40-49   ","count":218,"tested":4277},{"age_group":"50-59   ","count":156,"tested":2547},{"age_group":"60-69   ","count":107,"tested":1704},{"age_group":"70-79   ","count":61,"tested":956},{"age_group":"80+","count":47,"tested":409}],"race":[{"description":"Asian","count":40,"tested":1673,"color":"rgb(140,86,75)"},{"description":"Black","count":182,"tested":2331,"color":"rgb(255,127,14)"},{"description":"Hispanic","count":400,"tested":3461,"color":"rgb(214,39,40)"},{"description":"Left Blank","count":668,"tested":18047,"color":"rgb(44,160,44)"},{"description":"Other","count":121,"tested":2276,"color":"rgb(148,103,189)"},{"description":"White","count":775,"tested":14384,"color":"rgb(31,119,180)"}],"gender":[]}
