{"age":[{"age_group":"<20","count":748,"tested":9147},{"age_group":"20-29   ","count":978,"tested":15577},{"age_group":"30-39   ","count":1018,"tested":16325},{"age_group":"40-49   ","count":961,"tested":16921},{"age_group":"50-59   ","count":940,"tested":20118},{"age_group":"60-69   ","count":679,"tested":16681},{"age_group":"70-79   ","count":396,"tested":8144},{"age_group":"80+","count":260,"tested":4639}],"race":[{"description":"AI/AN**","count":10,"tested":57,"color":"rgb(31,119,180)"},{"description":"Asian","count":9,"tested":129,"color":"rgb(140,86,75)"},{"description":"Black","count":4029,"tested":55574,"color":"rgb(255,127,14)"},{"description":"Hispanic","count":150,"tested":1228,"color":"rgb(214,39,40)"},{"description":"Left Blank","count":1527,"tested":47375,"color":"rgb(44,160,44)"},{"description":"Other","count":155,"tested":1654,"color":"rgb(148,103,189)"},{"description":"White","count":100,"tested":1407,"color":"rgb(31,119,180)"}],"gender":[]}
