{"age":[{"age_group":"<20","count":452,"tested":7386},{"age_group":"20-29   ","count":442,"tested":6352},{"age_group":"30-39   ","count":433,"tested":6562},{"age_group":"40-49   ","count":403,"tested":5668},{"age_group":"50-59   ","count":411,"tested":7063},{"age_group":"60-69   ","count":285,"tested":5734},{"age_group":"70-79   ","count":133,"tested":4023},{"age_group":"80+","count":160,"tested":7077}],"race":[{"description":"Asian","count":138,"tested":2737,"color":"rgb(140,86,75)"},{"description":"Black","count":72,"tested":824,"color":"rgb(255,127,14)"},{"description":"Hispanic","count":315,"tested":2590,"color":"rgb(214,39,40)"},{"description":"Left Blank","count":556,"tested":18679,"color":"rgb(44,160,44)"},{"description":"Other","count":105,"tested":1182,"color":"rgb(148,103,189)"},{"description":"White","count":1532,"tested":23772,"color":"rgb(31,119,180)"}],"gender":[]}
