{"age":[{"age_group":"<20","count":23,"tested":325},{"age_group":"20-29   ","count":30,"tested":430},{"age_group":"30-39   ","count":23,"tested":248},{"age_group":"40-49   ","count":24,"tested":295},{"age_group":"50-59   ","count":23,"tested":354},{"age_group":"60-69   ","count":19,"tested":259},{"age_group":"70-79   ","count":11,"tested":141}],"race":[{"description":"Left Blank","count":23,"tested":521,"color":"rgb(44,160,44)"},{"description":"White","count":127,"tested":1477,"color":"rgb(31,119,180)"}],"gender":[]}
