{"age":[{"age_group":"<20","count":283,"tested":3005},{"age_group":"20-29   ","count":231,"tested":2110},{"age_group":"30-39   ","count":237,"tested":2052},{"age_group":"40-49   ","count":205,"tested":1751},{"age_group":"50-59   ","count":173,"tested":1789},{"age_group":"60-69   ","count":108,"tested":1307},{"age_group":"70-79   ","count":71,"tested":549},{"age_group":"80+","count":39,"tested":356}],"race":[{"description":"Asian","count":17,"tested":131,"color":"rgb(140,86,75)"},{"description":"Black","count":52,"tested":370,"color":"rgb(255,127,14)"},{"description":"Hispanic","count":181,"tested":639,"color":"rgb(214,39,40)"},{"description":"Left Blank","count":103,"tested":4468,"color":"rgb(44,160,44)"},{"description":"Other","count":25,"tested":422,"color":"rgb(148,103,189)"},{"description":"White","count":970,"tested":6864,"color":"rgb(31,119,180)"}],"gender":[]}
