{"age":[{"age_group":"<20","count":322,"tested":2971},{"age_group":"20-29   ","count":476,"tested":4294},{"age_group":"30-39   ","count":495,"tested":4829},{"age_group":"40-49   ","count":400,"tested":3638},{"age_group":"50-59   ","count":366,"tested":4490},{"age_group":"60-69   ","count":251,"tested":3874},{"age_group":"70-79   ","count":133,"tested":3272},{"age_group":"80+","count":125,"tested":5555}],"race":[{"description":"Asian","count":55,"tested":784,"color":"rgb(140,86,75)"},{"description":"Black","count":80,"tested":982,"color":"rgb(255,127,14)"},{"description":"Hispanic","count":1182,"tested":5597,"color":"rgb(214,39,40)"},{"description":"Left Blank","count":442,"tested":17446,"color":"rgb(44,160,44)"},{"description":"Other","count":72,"tested":891,"color":"rgb(148,103,189)"},{"description":"White","count":728,"tested":7186,"color":"rgb(31,119,180)"}],"gender":[]}
