{"age":[{"age_group":"<20","count":143,"tested":1671},{"age_group":"20-29   ","count":162,"tested":1914},{"age_group":"30-39   ","count":98,"tested":1415},{"age_group":"40-49   ","count":155,"tested":1448},{"age_group":"50-59   ","count":136,"tested":1639},{"age_group":"60-69   ","count":143,"tested":2194},{"age_group":"70-79   ","count":77,"tested":2001},{"age_group":"80+","count":73,"tested":3453}],"race":[{"description":"Asian","count":8,"tested":206,"color":"rgb(140,86,75)"},{"description":"Black","count":8,"tested":96,"color":"rgb(255,127,14)"},{"description":"Hispanic","count":48,"tested":396,"color":"rgb(214,39,40)"},{"description":"Left Blank","count":403,"tested":8520,"color":"rgb(44,160,44)"},{"description":"Other","count":42,"tested":377,"color":"rgb(148,103,189)"},{"description":"White","count":476,"tested":6133,"color":"rgb(31,119,180)"}],"gender":[]}
