{"age":[{"age_group":"<20","count":37,"tested":342},{"age_group":"20-29   ","count":33,"tested":231},{"age_group":"30-39   ","count":25,"tested":178},{"age_group":"40-49   ","count":27,"tested":153},{"age_group":"50-59   ","count":37,"tested":269},{"age_group":"60-69   ","count":23,"tested":198},{"age_group":"70-79   ","count":13,"tested":133},{"age_group":"80+","count":10,"tested":62}],"race":[{"description":"Hispanic","count":6,"tested":13,"color":"rgb(214,39,40)"},{"description":"Left Blank","count":47,"tested":516,"color":"rgb(44,160,44)"},{"description":"White","count":151,"tested":1017,"color":"rgb(31,119,180)"}],"gender":[]}
