{"age":[{"age_group":"<20","count":152,"tested":1064},{"age_group":"20-29   ","count":201,"tested":1617},{"age_group":"30-39   ","count":155,"tested":1226},{"age_group":"40-49   ","count":126,"tested":1054},{"age_group":"50-59   ","count":109,"tested":1170},{"age_group":"60-69   ","count":73,"tested":729},{"age_group":"70-79   ","count":23,"tested":380},{"age_group":"80+","count":11,"tested":180}],"race":[{"description":"Black","count":68,"tested":901,"color":"rgb(255,127,14)"},{"description":"Hispanic","count":340,"tested":1818,"color":"rgb(214,39,40)"},{"description":"Left Blank","count":306,"tested":3220,"color":"rgb(44,160,44)"},{"description":"Other","count":35,"tested":202,"color":"rgb(148,103,189)"},{"description":"White","count":97,"tested":1242,"color":"rgb(31,119,180)"}],"gender":[]}
