{"age":[{"age_group":"<20","count":55,"tested":613},{"age_group":"20-29   ","count":53,"tested":489},{"age_group":"30-39   ","count":44,"tested":454},{"age_group":"40-49   ","count":53,"tested":480},{"age_group":"50-59   ","count":47,"tested":571},{"age_group":"60-69   ","count":61,"tested":517},{"age_group":"70-79   ","count":37,"tested":382},{"age_group":"80+","count":17,"tested":223}],"race":[{"description":"Left Blank","count":66,"tested":1108,"color":"rgb(44,160,44)"},{"description":"White","count":291,"tested":2496,"color":"rgb(31,119,180)"}],"gender":[]}
