{"age":[{"age_group":"<20","count":30,"tested":328},{"age_group":"20-29   ","count":26,"tested":349},{"age_group":"30-39   ","count":21,"tested":349},{"age_group":"40-49   ","count":30,"tested":417},{"age_group":"50-59   ","count":13,"tested":301},{"age_group":"60-69   ","count":24,"tested":179},{"age_group":"70-79   ","count":19,"tested":196},{"age_group":"80+","count":52,"tested":583}],"race":[{"description":"Left Blank","count":64,"tested":1243,"color":"rgb(44,160,44)"},{"description":"White","count":143,"tested":1430,"color":"rgb(31,119,180)"}],"gender":[]}
