{"age":[{"age_group":"<20","count":545,"tested":7818},{"age_group":"20-29   ","count":664,"tested":11606},{"age_group":"30-39   ","count":720,"tested":12836},{"age_group":"40-49   ","count":595,"tested":10904},{"age_group":"50-59   ","count":489,"tested":10637},{"age_group":"60-69   ","count":363,"tested":8303},{"age_group":"70-79   ","count":163,"tested":3137},{"age_group":"80+","count":84,"tested":1491}],"race":[{"description":"Asian","count":10,"tested":152,"color":"rgb(140,86,75)"},{"description":"Black","count":2283,"tested":27226,"color":"rgb(255,127,14)"},{"description":"Hispanic","count":426,"tested":2922,"color":"rgb(214,39,40)"},{"description":"Left Blank","count":725,"tested":33393,"color":"rgb(44,160,44)"},{"description":"Other","count":75,"tested":1073,"color":"rgb(148,103,189)"},{"description":"White","count":101,"tested":1933,"color":"rgb(31,119,180)"}],"gender":[]}
