{"age":[{"age_group":"<20","count":70,"tested":832},{"age_group":"20-29   ","count":61,"tested":636},{"age_group":"30-39   ","count":75,"tested":727},{"age_group":"40-49   ","count":45,"tested":511},{"age_group":"50-59   ","count":85,"tested":730},{"age_group":"60-69   ","count":54,"tested":676},{"age_group":"70-79   ","count":31,"tested":421},{"age_group":"80+","count":12,"tested":216}],"race":[{"description":"Hispanic","count":13,"tested":79,"color":"rgb(214,39,40)"},{"description":"Left Blank","count":31,"tested":1502,"color":"rgb(44,160,44)"},{"description":"White","count":375,"tested":3031,"color":"rgb(31,119,180)"}],"gender":[]}
