{"age":[{"age_group":"<20","count":92,"tested":747},{"age_group":"20-29   ","count":70,"tested":714},{"age_group":"30-39   ","count":67,"tested":993},{"age_group":"40-49   ","count":69,"tested":581},{"age_group":"50-59   ","count":87,"tested":964},{"age_group":"60-69   ","count":69,"tested":837},{"age_group":"70-79   ","count":23,"tested":816},{"age_group":"80+","count":19,"tested":1181}],"race":[{"description":"Left Blank","count":85,"tested":1495,"color":"rgb(44,160,44)"},{"description":"White","count":399,"tested":5130,"color":"rgb(31,119,180)"}],"gender":[]}
