{"age":[{"age_group":"<20","count":434,"tested":4593},{"age_group":"20-29   ","count":359,"tested":3651},{"age_group":"30-39   ","count":434,"tested":5153},{"age_group":"40-49   ","count":369,"tested":4157},{"age_group":"50-59   ","count":290,"tested":3660},{"age_group":"60-69   ","count":194,"tested":2712},{"age_group":"70-79   ","count":67,"tested":1427},{"age_group":"80+","count":29,"tested":563}],"race":[{"description":"Asian","count":77,"tested":1056,"color":"rgb(140,86,75)"},{"description":"Black","count":61,"tested":698,"color":"rgb(255,127,14)"},{"description":"Hispanic","count":344,"tested":2254,"color":"rgb(214,39,40)"},{"description":"Left Blank","count":552,"tested":9573,"color":"rgb(44,160,44)"},{"description":"Other","count":39,"tested":454,"color":"rgb(148,103,189)"},{"description":"White","count":1100,"tested":11817,"color":"rgb(31,119,180)"}],"gender":[]}
