{"age":[{"age_group":"<20","count":674,"tested":5876},{"age_group":"20-29   ","count":739,"tested":7851},{"age_group":"30-39   ","count":660,"tested":5949},{"age_group":"40-49   ","count":660,"tested":5249},{"age_group":"50-59   ","count":531,"tested":5681},{"age_group":"60-69   ","count":319,"tested":4325},{"age_group":"70-79   ","count":124,"tested":1969},{"age_group":"80+","count":80,"tested":1122}],"race":[{"description":"Asian","count":54,"tested":844,"color":"rgb(140,86,75)"},{"description":"Black","count":310,"tested":4118,"color":"rgb(255,127,14)"},{"description":"Hispanic","count":2127,"tested":13421,"color":"rgb(214,39,40)"},{"description":"Left Blank","count":675,"tested":11067,"color":"rgb(44,160,44)"},{"description":"Other","count":119,"tested":1307,"color":"rgb(148,103,189)"},{"description":"White","count":500,"tested":7075,"color":"rgb(31,119,180)"}],"gender":[]}
