{"age":[{"age_group":"<20","count":676,"tested":7647},{"age_group":"20-29   ","count":644,"tested":6730},{"age_group":"30-39   ","count":661,"tested":6666},{"age_group":"40-49   ","count":653,"tested":6708},{"age_group":"50-59   ","count":414,"tested":4842},{"age_group":"60-69   ","count":213,"tested":2838},{"age_group":"70-79   ","count":109,"tested":1561},{"age_group":"80+","count":36,"tested":722}],"race":[{"description":"AI/AN**","count":6,"tested":39,"color":"rgb(31,119,180)"},{"description":"Asian","count":54,"tested":725,"color":"rgb(140,86,75)"},{"description":"Black","count":236,"tested":2429,"color":"rgb(255,127,14)"},{"description":"Hispanic","count":1256,"tested":8009,"color":"rgb(214,39,40)"},{"description":"Left Blank","count":718,"tested":12754,"color":"rgb(44,160,44)"},{"description":"Other","count":97,"tested":1331,"color":"rgb(148,103,189)"},{"description":"White","count":1037,"tested":12400,"color":"rgb(31,119,180)"}],"gender":[]}
