{"age":[{"age_group":"<20","count":181,"tested":2046},{"age_group":"20-29   ","count":209,"tested":3816},{"age_group":"30-39   ","count":252,"tested":4614},{"age_group":"40-49   ","count":256,"tested":5653},{"age_group":"50-59   ","count":225,"tested":7029},{"age_group":"60-69   ","count":151,"tested":5174},{"age_group":"70-79   ","count":74,"tested":2193},{"age_group":"80+","count":30,"tested":916}],"race":[{"description":"Asian","count":8,"tested":103,"color":"rgb(140,86,75)"},{"description":"Black","count":833,"tested":10954,"color":"rgb(255,127,14)"},{"description":"Hispanic","count":37,"tested":257,"color":"rgb(214,39,40)"},{"description":"Left Blank","count":417,"tested":18678,"color":"rgb(44,160,44)"},{"description":"Other","count":20,"tested":359,"color":"rgb(148,103,189)"},{"description":"White","count":59,"tested":1062,"color":"rgb(31,119,180)"}],"gender":[]}
