{"age":[{"age_group":"<20","count":56,"tested":789},{"age_group":"20-29   ","count":41,"tested":631},{"age_group":"30-39   ","count":34,"tested":667},{"age_group":"40-49   ","count":54,"tested":591},{"age_group":"50-59   ","count":37,"tested":857},{"age_group":"60-69   ","count":42,"tested":768},{"age_group":"70-79   ","count":29,"tested":546},{"age_group":"80+","count":18,"tested":367}],"race":[{"description":"Hispanic","count":69,"tested":395,"color":"rgb(214,39,40)"},{"description":"Left Blank","count":57,"tested":1966,"color":"rgb(44,160,44)"},{"description":"Other","count":10,"tested":70,"color":"rgb(148,103,189)"},{"description":"White","count":172,"tested":2726,"color":"rgb(31,119,180)"}],"gender":[]}
