{"age":[{"age_group":"<20","count":277,"tested":3494},{"age_group":"20-29   ","count":333,"tested":4574},{"age_group":"30-39   ","count":279,"tested":3913},{"age_group":"40-49   ","count":287,"tested":3841},{"age_group":"50-59   ","count":306,"tested":4580},{"age_group":"60-69   ","count":189,"tested":3509},{"age_group":"70-79   ","count":95,"tested":2393},{"age_group":"80+","count":82,"tested":2116}],"race":[{"description":"Asian","count":60,"tested":795,"color":"rgb(140,86,75)"},{"description":"Black","count":89,"tested":1671,"color":"rgb(255,127,14)"},{"description":"Hispanic","count":420,"tested":3390,"color":"rgb(214,39,40)"},{"description":"Left Blank","count":391,"tested":9104,"color":"rgb(44,160,44)"},{"description":"Other","count":59,"tested":767,"color":"rgb(148,103,189)"},{"description":"White","count":827,"tested":12785,"color":"rgb(31,119,180)"}],"gender":[]}
