{"age":[{"age_group":"<20","count":41,"tested":444},{"age_group":"20-29   ","count":48,"tested":439},{"age_group":"30-39   ","count":29,"tested":437},{"age_group":"40-49   ","count":52,"tested":399},{"age_group":"50-59   ","count":35,"tested":291},{"age_group":"60-69   ","count":21,"tested":176},{"age_group":"70-79   ","count":8,"tested":149}],"race":[{"description":"Hispanic","count":91,"tested":417,"color":"rgb(214,39,40)"},{"description":"Left Blank","count":20,"tested":813,"color":"rgb(44,160,44)"},{"description":"White","count":123,"tested":1139,"color":"rgb(31,119,180)"}],"gender":[]}
