{"age":[{"age_group":"<20","count":143,"tested":1632},{"age_group":"20-29   ","count":156,"tested":1868},{"age_group":"30-39   ","count":98,"tested":1383},{"age_group":"40-49   ","count":152,"tested":1418},{"age_group":"50-59   ","count":136,"tested":1607},{"age_group":"60-69   ","count":140,"tested":2139},{"age_group":"70-79   ","count":75,"tested":1968},{"age_group":"80+","count":72,"tested":3428}],"race":[{"description":"Asian","count":8,"tested":197,"color":"rgb(140,86,75)"},{"description":"Black","count":8,"tested":96,"color":"rgb(255,127,14)"},{"description":"Hispanic","count":46,"tested":385,"color":"rgb(214,39,40)"},{"description":"Left Blank","count":399,"tested":8386,"color":"rgb(44,160,44)"},{"description":"Other","count":42,"tested":372,"color":"rgb(148,103,189)"},{"description":"White","count":467,"tested":6000,"color":"rgb(31,119,180)"}],"gender":[]}
