{"age":[{"age_group":"<20","count":40,"tested":621},{"age_group":"20-29   ","count":91,"tested":1129},{"age_group":"30-39   ","count":103,"tested":1432},{"age_group":"40-49   ","count":61,"tested":977},{"age_group":"50-59   ","count":36,"tested":573},{"age_group":"60-69   ","count":18,"tested":509},{"age_group":"70-79   ","count":10,"tested":244}],"race":[{"description":"Asian","count":50,"tested":838,"color":"rgb(140,86,75)"},{"description":"Black","count":15,"tested":185,"color":"rgb(255,127,14)"},{"description":"Hispanic","count":37,"tested":277,"color":"rgb(214,39,40)"},{"description":"Left Blank","count":114,"tested":2681,"color":"rgb(44,160,44)"},{"description":"Other","count":17,"tested":148,"color":"rgb(148,103,189)"},{"description":"White","count":129,"tested":1419,"color":"rgb(31,119,180)"}],"gender":[]}
