{"age":[{"age_group":"<20","count":1366,"tested":14466},{"age_group":"20-29   ","count":1866,"tested":22453},{"age_group":"30-39   ","count":1766,"tested":24731},{"age_group":"40-49   ","count":1622,"tested":20656},{"age_group":"50-59   ","count":1287,"tested":18415},{"age_group":"60-69   ","count":867,"tested":14715},{"age_group":"70-79   ","count":367,"tested":6553},{"age_group":"80+","count":172,"tested":3206}],"race":[{"description":"AI/AN**","count":11,"tested":144,"color":"rgb(31,119,180)"},{"description":"Asian","count":231,"tested":3504,"color":"rgb(140,86,75)"},{"description":"Black","count":162,"tested":2534,"color":"rgb(255,127,14)"},{"description":"Hispanic","count":5022,"tested":35541,"color":"rgb(214,39,40)"},{"description":"Left Blank","count":1691,"tested":51327,"color":"rgb(44,160,44)"},{"description":"Other","count":462,"tested":6210,"color":"rgb(148,103,189)"},{"description":"White","count":1731,"tested":25838,"color":"rgb(31,119,180)"}],"gender":[]}
