{"age":[{"age_group":"<20","count":66,"tested":998},{"age_group":"20-29   ","count":108,"tested":991},{"age_group":"30-39   ","count":89,"tested":1168},{"age_group":"40-49   ","count":96,"tested":1034},{"age_group":"50-59   ","count":98,"tested":1164},{"age_group":"60-69   ","count":63,"tested":1093},{"age_group":"70-79   ","count":33,"tested":782},{"age_group":"80+","count":9,"tested":278}],"race":[{"description":"Asian","count":6,"tested":154,"color":"rgb(140,86,75)"},{"description":"Black","count":6,"tested":67,"color":"rgb(255,127,14)"},{"description":"Hispanic","count":42,"tested":528,"color":"rgb(214,39,40)"},{"description":"Left Blank","count":225,"tested":3263,"color":"rgb(44,160,44)"},{"description":"Other","count":20,"tested":356,"color":"rgb(148,103,189)"},{"description":"White","count":262,"tested":3138,"color":"rgb(31,119,180)"}],"gender":[]}
