{"age":[{"age_group":"<20","count":256,"tested":2644},{"age_group":"20-29   ","count":229,"tested":2149},{"age_group":"30-39   ","count":198,"tested":1806},{"age_group":"40-49   ","count":231,"tested":2206},{"age_group":"50-59   ","count":189,"tested":2091},{"age_group":"60-69   ","count":108,"tested":1325},{"age_group":"70-79   ","count":59,"tested":669},{"age_group":"80+","count":17,"tested":300}],"race":[{"description":"Asian","count":11,"tested":136,"color":"rgb(140,86,75)"},{"description":"Black","count":21,"tested":216,"color":"rgb(255,127,14)"},{"description":"Hispanic","count":276,"tested":961,"color":"rgb(214,39,40)"},{"description":"Left Blank","count":108,"tested":5599,"color":"rgb(44,160,44)"},{"description":"Other","count":16,"tested":215,"color":"rgb(148,103,189)"},{"description":"White","count":852,"tested":6048,"color":"rgb(31,119,180)"}],"gender":[]}
