{"age":[{"age_group":"<20","count":319,"tested":4199},{"age_group":"20-29   ","count":305,"tested":4021},{"age_group":"30-39   ","count":267,"tested":3117},{"age_group":"40-49   ","count":283,"tested":3055},{"age_group":"50-59   ","count":273,"tested":3791},{"age_group":"60-69   ","count":243,"tested":3488},{"age_group":"70-79   ","count":148,"tested":2932},{"age_group":"80+","count":144,"tested":6765}],"race":[{"description":"Asian","count":69,"tested":656,"color":"rgb(140,86,75)"},{"description":"Black","count":209,"tested":1572,"color":"rgb(255,127,14)"},{"description":"Hispanic","count":241,"tested":1158,"color":"rgb(214,39,40)"},{"description":"Left Blank","count":198,"tested":11479,"color":"rgb(44,160,44)"},{"description":"Other","count":20,"tested":895,"color":"rgb(148,103,189)"},{"description":"White","count":1241,"tested":15582,"color":"rgb(31,119,180)"}],"gender":[]}
