{"age":[{"age_group":"<20","count":26,"tested":703},{"age_group":"20-29   ","count":402,"tested":8394},{"age_group":"30-39   ","count":351,"tested":7900},{"age_group":"40-49   ","count":65,"tested":1908},{"age_group":"50-59   ","count":40,"tested":1227},{"age_group":"60-69   ","count":29,"tested":580}],"race":[{"description":"Asian","count":86,"tested":2728,"color":"rgb(140,86,75)"},{"description":"Black","count":42,"tested":706,"color":"rgb(255,127,14)"},{"description":"Hispanic","count":46,"tested":738,"color":"rgb(214,39,40)"},{"description":"Left Blank","count":333,"tested":8701,"color":"rgb(44,160,44)"},{"description":"Other","count":49,"tested":1227,"color":"rgb(148,103,189)"},{"description":"White","count":358,"tested":6859,"color":"rgb(31,119,180)"}],"gender":[]}
