{"age":[{"age_group":"<20","count":573,"tested":4036},{"age_group":"20-29   ","count":678,"tested":6666},{"age_group":"30-39   ","count":565,"tested":6159},{"age_group":"40-49   ","count":518,"tested":5967},{"age_group":"50-59   ","count":475,"tested":6704},{"age_group":"60-69   ","count":293,"tested":4376},{"age_group":"70-79   ","count":120,"tested":1725},{"age_group":"80+","count":61,"tested":1021}],"race":[{"description":"Asian","count":6,"tested":77,"color":"rgb(140,86,75)"},{"description":"Black","count":518,"tested":8780,"color":"rgb(255,127,14)"},{"description":"Hispanic","count":1172,"tested":6483,"color":"rgb(214,39,40)"},{"description":"Left Blank","count":1199,"tested":15301,"color":"rgb(44,160,44)"},{"description":"Other","count":86,"tested":1260,"color":"rgb(148,103,189)"},{"description":"White","count":299,"tested":4686,"color":"rgb(31,119,180)"}],"gender":[]}
