{"age":[{"age_group":"<20","count":56,"tested":546},{"age_group":"20-29   ","count":44,"tested":838},{"age_group":"30-39   ","count":50,"tested":835},{"age_group":"40-49   ","count":51,"tested":865},{"age_group":"50-59   ","count":71,"tested":1224},{"age_group":"60-69   ","count":52,"tested":1104},{"age_group":"70-79   ","count":37,"tested":831},{"age_group":"80+","count":28,"tested":479}],"race":[{"description":"Black","count":218,"tested":3246,"color":"rgb(255,127,14)"},{"description":"Left Blank","count":107,"tested":2585,"color":"rgb(44,160,44)"},{"description":"Other","count":16,"tested":174,"color":"rgb(148,103,189)"},{"description":"White","count":43,"tested":605,"color":"rgb(31,119,180)"}],"gender":[]}
