{"age":[{"age_group":"<20","count":34,"tested":479},{"age_group":"20-29   ","count":51,"tested":480},{"age_group":"30-39   ","count":36,"tested":396},{"age_group":"40-49   ","count":49,"tested":476},{"age_group":"50-59   ","count":63,"tested":706},{"age_group":"60-69   ","count":35,"tested":519},{"age_group":"70-79   ","count":23,"tested":393},{"age_group":"80+","count":13,"tested":186}],"race":[{"description":"Hispanic","count":17,"tested":118,"color":"rgb(214,39,40)"},{"description":"Left Blank","count":73,"tested":743,"color":"rgb(44,160,44)"},{"description":"Other","count":8,"tested":78,"color":"rgb(148,103,189)"},{"description":"White","count":204,"tested":2674,"color":"rgb(31,119,180)"}],"gender":[]}
