{"age":[{"age_group":"<20","count":199,"tested":2371},{"age_group":"20-29   ","count":245,"tested":3527},{"age_group":"30-39   ","count":235,"tested":3597},{"age_group":"40-49   ","count":202,"tested":3186},{"age_group":"50-59   ","count":184,"tested":3715},{"age_group":"60-69   ","count":133,"tested":2663},{"age_group":"70-79   ","count":99,"tested":1781},{"age_group":"80+","count":54,"tested":1557}],"race":[{"description":"Asian","count":9,"tested":103,"color":"rgb(140,86,75)"},{"description":"Black","count":83,"tested":1590,"color":"rgb(255,127,14)"},{"description":"Hispanic","count":105,"tested":1070,"color":"rgb(214,39,40)"},{"description":"Left Blank","count":339,"tested":6778,"color":"rgb(44,160,44)"},{"description":"Other","count":30,"tested":454,"color":"rgb(148,103,189)"},{"description":"White","count":785,"tested":12392,"color":"rgb(31,119,180)"}],"gender":[]}
