{"age":[{"age_group":"<20","count":90,"tested":774},{"age_group":"20-29   ","count":102,"tested":809},{"age_group":"30-39   ","count":68,"tested":751},{"age_group":"40-49   ","count":82,"tested":664},{"age_group":"50-59   ","count":113,"tested":1102},{"age_group":"60-69   ","count":81,"tested":889},{"age_group":"70-79   ","count":34,"tested":559},{"age_group":"80+","count":20,"tested":250}],"race":[{"description":"Asian","count":13,"tested":76,"color":"rgb(140,86,75)"},{"description":"Black","count":21,"tested":120,"color":"rgb(255,127,14)"},{"description":"Hispanic","count":63,"tested":264,"color":"rgb(214,39,40)"},{"description":"Left Blank","count":49,"tested":2248,"color":"rgb(44,160,44)"},{"description":"Other","count":10,"tested":119,"color":"rgb(148,103,189)"},{"description":"White","count":433,"tested":2966,"color":"rgb(31,119,180)"}],"gender":[]}
