{"age":[{"age_group":"<20","count":90,"tested":919},{"age_group":"20-29   ","count":134,"tested":1802},{"age_group":"30-39   ","count":99,"tested":1864},{"age_group":"40-49   ","count":101,"tested":1663},{"age_group":"50-59   ","count":131,"tested":2324},{"age_group":"60-69   ","count":124,"tested":2356},{"age_group":"70-79   ","count":78,"tested":1339},{"age_group":"80+","count":29,"tested":621}],"race":[{"description":"Black","count":44,"tested":1321,"color":"rgb(255,127,14)"},{"description":"Hispanic","count":113,"tested":729,"color":"rgb(214,39,40)"},{"description":"Left Blank","count":191,"tested":2936,"color":"rgb(44,160,44)"},{"description":"Other","count":16,"tested":284,"color":"rgb(148,103,189)"},{"description":"White","count":419,"tested":7579,"color":"rgb(31,119,180)"}],"gender":[]}
