{"age":[{"age_group":"<20","count":97,"tested":1600},{"age_group":"20-29   ","count":269,"tested":5592},{"age_group":"30-39   ","count":279,"tested":5994},{"age_group":"40-49   ","count":187,"tested":4660},{"age_group":"50-59   ","count":170,"tested":5705},{"age_group":"60-69   ","count":158,"tested":5284},{"age_group":"70-79   ","count":89,"tested":4166},{"age_group":"80+","count":52,"tested":2860}],"race":[{"description":"Asian","count":26,"tested":868,"color":"rgb(140,86,75)"},{"description":"Black","count":398,"tested":7257,"color":"rgb(255,127,14)"},{"description":"Hispanic","count":137,"tested":1802,"color":"rgb(214,39,40)"},{"description":"Left Blank","count":297,"tested":16350,"color":"rgb(44,160,44)"},{"description":"Other","count":57,"tested":1128,"color":"rgb(148,103,189)"},{"description":"White","count":386,"tested":8436,"color":"rgb(31,119,180)"}],"gender":[]}
