{"age":[{"age_group":"<20","count":482,"tested":5517},{"age_group":"20-29   ","count":333,"tested":4077},{"age_group":"30-39   ","count":304,"tested":4008},{"age_group":"40-49   ","count":444,"tested":5392},{"age_group":"50-59   ","count":366,"tested":5435},{"age_group":"60-69   ","count":216,"tested":4440},{"age_group":"70-79   ","count":246,"tested":5535},{"age_group":"80+","count":184,"tested":5388}],"race":[{"description":"Asian","count":68,"tested":1167,"color":"rgb(140,86,75)"},{"description":"Black","count":34,"tested":721,"color":"rgb(255,127,14)"},{"description":"Hispanic","count":228,"tested":1998,"color":"rgb(214,39,40)"},{"description":"Left Blank","count":522,"tested":13667,"color":"rgb(44,160,44)"},{"description":"Other","count":49,"tested":472,"color":"rgb(148,103,189)"},{"description":"White","count":1667,"tested":21629,"color":"rgb(31,119,180)"}],"gender":[]}
