{"age":[{"age_group":"<20","count":617,"tested":6769},{"age_group":"20-29   ","count":792,"tested":9599},{"age_group":"30-39   ","count":628,"tested":8068},{"age_group":"40-49   ","count":639,"tested":7920},{"age_group":"50-59   ","count":652,"tested":8044},{"age_group":"60-69   ","count":500,"tested":7524},{"age_group":"70-79   ","count":280,"tested":5691},{"age_group":"80+","count":190,"tested":4799}],"race":[{"description":"Asian","count":83,"tested":1693,"color":"rgb(140,86,75)"},{"description":"Black","count":138,"tested":3455,"color":"rgb(255,127,14)"},{"description":"Hispanic","count":234,"tested":2071,"color":"rgb(214,39,40)"},{"description":"Left Blank","count":1597,"tested":26591,"color":"rgb(44,160,44)"},{"description":"Other","count":188,"tested":1992,"color":"rgb(148,103,189)"},{"description":"White","count":2053,"tested":22482,"color":"rgb(31,119,180)"}],"gender":[]}
