{"age":[{"age_group":"<20","count":92,"tested":1408},{"age_group":"20-29   ","count":71,"tested":940},{"age_group":"30-39   ","count":57,"tested":990},{"age_group":"40-49   ","count":73,"tested":826},{"age_group":"50-59   ","count":74,"tested":1051},{"age_group":"60-69   ","count":81,"tested":1037},{"age_group":"70-79   ","count":45,"tested":929},{"age_group":"80+","count":68,"tested":1635}],"race":[{"description":"Left Blank","count":150,"tested":3266,"color":"rgb(44,160,44)"},{"description":"White","count":401,"tested":5416,"color":"rgb(31,119,180)"}],"gender":[]}
