{"age":[{"age_group":"<20","count":209,"tested":2376},{"age_group":"20-29   ","count":222,"tested":4765},{"age_group":"30-39   ","count":192,"tested":4263},{"age_group":"40-49   ","count":213,"tested":4729},{"age_group":"50-59   ","count":281,"tested":5040},{"age_group":"60-69   ","count":236,"tested":5324},{"age_group":"70-79   ","count":135,"tested":3759},{"age_group":"80+","count":155,"tested":6669}],"race":[{"description":"Black","count":376,"tested":8614,"color":"rgb(255,127,14)"},{"description":"Hispanic","count":132,"tested":963,"color":"rgb(214,39,40)"},{"description":"Left Blank","count":551,"tested":16239,"color":"rgb(44,160,44)"},{"description":"Other","count":42,"tested":663,"color":"rgb(148,103,189)"},{"description":"White","count":533,"tested":10260,"color":"rgb(31,119,180)"}],"gender":[]}
