{"age":[{"age_group":"<20","count":326,"tested":3215},{"age_group":"20-29   ","count":390,"tested":6508},{"age_group":"30-39   ","count":360,"tested":6991},{"age_group":"40-49   ","count":346,"tested":7457},{"age_group":"50-59   ","count":394,"tested":10035},{"age_group":"60-69   ","count":317,"tested":10567},{"age_group":"70-79   ","count":139,"tested":4531},{"age_group":"80+","count":67,"tested":2705}],"race":[{"description":"Black","count":1475,"tested":17741,"color":"rgb(255,127,14)"},{"description":"Hispanic","count":93,"tested":520,"color":"rgb(214,39,40)"},{"description":"Left Blank","count":689,"tested":32346,"color":"rgb(44,160,44)"},{"description":"Other","count":33,"tested":425,"color":"rgb(148,103,189)"},{"description":"White","count":46,"tested":909,"color":"rgb(31,119,180)"}],"gender":[]}
