{"age":[{"age_group":"<20","count":485,"tested":9862},{"age_group":"20-29   ","count":1585,"tested":32910},{"age_group":"30-39   ","count":1576,"tested":39678},{"age_group":"40-49   ","count":681,"tested":14250},{"age_group":"50-59   ","count":466,"tested":9239},{"age_group":"60-69   ","count":303,"tested":6259},{"age_group":"70-79   ","count":178,"tested":3300},{"age_group":"80+","count":142,"tested":2568}],"race":[{"description":"Asian","count":85,"tested":3697,"color":"rgb(140,86,75)"},{"description":"Black","count":277,"tested":4855,"color":"rgb(255,127,14)"},{"description":"Hispanic","count":1220,"tested":12224,"color":"rgb(214,39,40)"},{"description":"Left Blank","count":1743,"tested":51385,"color":"rgb(44,160,44)"},{"description":"Other","count":264,"tested":5724,"color":"rgb(148,103,189)"},{"description":"White","count":1821,"tested":40252,"color":"rgb(31,119,180)"}],"gender":[]}
