{"age":[{"age_group":"<20","count":50,"tested":595},{"age_group":"20-29   ","count":50,"tested":486},{"age_group":"30-39   ","count":35,"tested":333},{"age_group":"40-49   ","count":45,"tested":438},{"age_group":"50-59   ","count":60,"tested":640},{"age_group":"60-69   ","count":50,"tested":622},{"age_group":"70-79   ","count":17,"tested":355},{"age_group":"80+","count":10,"tested":128}],"race":[{"description":"Black","count":9,"tested":93,"color":"rgb(255,127,14)"},{"description":"Hispanic","count":18,"tested":95,"color":"rgb(214,39,40)"},{"description":"Left Blank","count":36,"tested":1327,"color":"rgb(44,160,44)"},{"description":"White","count":243,"tested":1923,"color":"rgb(31,119,180)"}],"gender":[]}
