{"age":[{"age_group":"<20","count":13,"tested":383},{"age_group":"20-29   ","count":38,"tested":882},{"age_group":"30-39   ","count":18,"tested":565},{"age_group":"40-49   ","count":15,"tested":540},{"age_group":"50-59   ","count":14,"tested":559},{"age_group":"60-69   ","count":10,"tested":519},{"age_group":"70-79   ","count":7,"tested":282}],"race":[{"description":"Asian","count":9,"tested":310,"color":"rgb(140,86,75)"},{"description":"Black","count":15,"tested":391,"color":"rgb(255,127,14)"},{"description":"Hispanic","count":15,"tested":347,"color":"rgb(214,39,40)"},{"description":"Left Blank","count":27,"tested":1326,"color":"rgb(44,160,44)"},{"description":"Other","count":7,"tested":249,"color":"rgb(148,103,189)"},{"description":"White","count":41,"tested":1221,"color":"rgb(31,119,180)"}],"gender":[]}
