{"age":[{"age_group":"<20","count":1234,"tested":13631},{"age_group":"20-29   ","count":1462,"tested":18598},{"age_group":"30-39   ","count":1100,"tested":13612},{"age_group":"40-49   ","count":1151,"tested":13812},{"age_group":"50-59   ","count":968,"tested":13707},{"age_group":"60-69   ","count":581,"tested":10801},{"age_group":"70-79   ","count":280,"tested":5467},{"age_group":"80+","count":189,"tested":4892}],"race":[{"description":"AI/AN**","count":10,"tested":86,"color":"rgb(31,119,180)"},{"description":"Asian","count":149,"tested":1562,"color":"rgb(140,86,75)"},{"description":"Black","count":543,"tested":9529,"color":"rgb(255,127,14)"},{"description":"Hispanic","count":3161,"tested":21278,"color":"rgb(214,39,40)"},{"description":"Left Blank","count":1409,"tested":32697,"color":"rgb(44,160,44)"},{"description":"Other","count":244,"tested":3452,"color":"rgb(148,103,189)"},{"description":"White","count":1446,"tested":25868,"color":"rgb(31,119,180)"}],"gender":[]}
