{"lastUpdatedDate":{"year":2021,"month":8,"day":25},"county_demographics":[{"County":"Edgar","confirmed_cases":1931,"total_tested":19120,"demographics":{"age":[{"race":[],"age_group":"<20","count":307,"tested":2094,"deaths":0},{"race":[],"age_group":"20-29   ","count":250,"tested":2842,"deaths":0},{"race":[],"age_group":"30-39   ","count":247,"tested":2325,"deaths":0},{"race":[],"age_group":"40-49   ","count":280,"tested":2691,"deaths":0},{"race":[],"age_group":"50-59   ","count":257,"tested":2427,"deaths":0},{"race":[],"age_group":"60-69   ","count":260,"tested":2474,"deaths":0},{"race":[],"age_group":"70-79   ","count":175,"tested":1754,"deaths":0},{"race":[],"age_group":"80+","count":155,"tested":2434,"deaths":0},{"race":[],"age_group":"Unknown","count":0,"tested":79,"deaths":0}],"race":[{"description":"AI/AN**","count":0,"tested":0,"deaths":0,"color":"rgb(31,119,180)"},{"description":"Asian","count":0,"tested":10,"deaths":0,"color":"rgb(140,86,75)"},{"description":"Black","count":0,"tested":125,"deaths":0,"color":"rgb(255,127,14)"},{"description":"Hispanic","count":0,"tested":65,"deaths":0,"color":"rgb(214,39,40)"},{"description":"Left Blank","count":169,"tested":7925,"deaths":0,"color":"rgb(44,160,44)"},{"description":"NH/PI*","count":0,"tested":0,"deaths":0,"color":"rgb(127,127,127)"},{"description":"Other","count":0,"tested":123,"deaths":0,"color":"rgb(148,103,189)"},{"description":"White","count":1747,"tested":10864,"deaths":0,"color":"rgb(31,119,180)"}],"gender":[{"description":"Female","count":729,"tested":11963,"deaths":0,"color":"rgb(255,127,14)"},{"description":"Male","count":571,"tested":5944,"deaths":0,"color":"rgb(31,119,180)"},{"description":"Unknown/Left Blank","count":631,"tested":1213,"deaths":0,"color":"rgb(44,160,44)"}]}}]}
