{"lastUpdatedDate":{"year":2021,"month":8,"day":25},"county_demographics":[{"County":"Putnam","confirmed_cases":515,"total_tested":8383,"demographics":{"age":[{"race":[],"age_group":"<20","count":76,"tested":970,"deaths":0},{"race":[],"age_group":"20-29   ","count":79,"tested":906,"deaths":0},{"race":[],"age_group":"30-39   ","count":71,"tested":1386,"deaths":0},{"race":[],"age_group":"40-49   ","count":68,"tested":1334,"deaths":0},{"race":[],"age_group":"50-59   ","count":99,"tested":1842,"deaths":0},{"race":[],"age_group":"60-69   ","count":72,"tested":1223,"deaths":0},{"race":[],"age_group":"70-79   ","count":31,"tested":475,"deaths":0},{"race":[],"age_group":"80+","count":11,"tested":246,"deaths":0},{"race":[],"age_group":"Unknown","count":0,"tested":0,"deaths":0}],"race":[{"description":"Asian","count":0,"tested":7,"deaths":0,"color":"rgb(140,86,75)"},{"description":"Black","count":0,"tested":25,"deaths":0,"color":"rgb(255,127,14)"},{"description":"Hispanic","count":14,"tested":202,"deaths":0,"color":"rgb(214,39,40)"},{"description":"Left Blank","count":203,"tested":4023,"deaths":0,"color":"rgb(44,160,44)"},{"description":"NH/PI*","count":0,"tested":90,"deaths":0,"color":"rgb(127,127,127)"},{"description":"Other","count":0,"tested":68,"deaths":0,"color":"rgb(148,103,189)"},{"description":"White","count":284,"tested":3968,"deaths":0,"color":"rgb(31,119,180)"}],"gender":[{"description":"Female","count":280,"tested":4743,"deaths":0,"color":"rgb(255,127,14)"},{"description":"Male","count":218,"tested":2097,"deaths":0,"color":"rgb(31,119,180)"},{"description":"Unknown/Left Blank","count":17,"tested":1543,"deaths":0,"color":"rgb(44,160,44)"}]}}]}
