{"lastUpdatedDate":{"year":2021,"month":8,"day":25},"county_demographics":[{"County":"Mason","confirmed_cases":1797,"total_tested":30020,"demographics":{"age":[{"race":[],"age_group":"<20","count":348,"tested":4476,"deaths":0},{"race":[],"age_group":"20-29   ","count":226,"tested":4443,"deaths":0},{"race":[],"age_group":"30-39   ","count":253,"tested":4585,"deaths":0},{"race":[],"age_group":"40-49   ","count":252,"tested":4935,"deaths":0},{"race":[],"age_group":"50-59   ","count":242,"tested":4373,"deaths":0},{"race":[],"age_group":"60-69   ","count":214,"tested":2993,"deaths":0},{"race":[],"age_group":"70-79   ","count":153,"tested":1718,"deaths":0},{"race":[],"age_group":"80+","count":107,"tested":2497,"deaths":0},{"race":[],"age_group":"Unknown","count":0,"tested":0,"deaths":0}],"race":[{"description":"AI/AN**","count":0,"tested":10,"deaths":0,"color":"rgb(31,119,180)"},{"description":"Asian","count":0,"tested":72,"deaths":0,"color":"rgb(140,86,75)"},{"description":"Black","count":0,"tested":55,"deaths":0,"color":"rgb(255,127,14)"},{"description":"Hispanic","count":10,"tested":81,"deaths":0,"color":"rgb(214,39,40)"},{"description":"Left Blank","count":473,"tested":9331,"deaths":0,"color":"rgb(44,160,44)"},{"description":"Other","count":9,"tested":224,"deaths":0,"color":"rgb(148,103,189)"},{"description":"White","count":1298,"tested":20247,"deaths":0,"color":"rgb(31,119,180)"}],"gender":[{"description":"Female","count":992,"tested":19235,"deaths":0,"color":"rgb(255,127,14)"},{"description":"Male","count":777,"tested":9623,"deaths":0,"color":"rgb(31,119,180)"},{"description":"Unknown/Left Blank","count":28,"tested":1162,"deaths":0,"color":"rgb(44,160,44)"}]}}]}
