{"lastUpdatedDate":{"year":2021,"month":8,"day":25},"county_demographics":[{"County":"Carroll","confirmed_cases":2114,"total_tested":24583,"demographics":{"age":[{"race":[],"age_group":"<20","count":265,"tested":2473,"deaths":0},{"race":[],"age_group":"20-29   ","count":274,"tested":2949,"deaths":0},{"race":[],"age_group":"30-39   ","count":475,"tested":4276,"deaths":0},{"race":[],"age_group":"40-49   ","count":346,"tested":3595,"deaths":0},{"race":[],"age_group":"50-59   ","count":283,"tested":3499,"deaths":0},{"race":[],"age_group":"60-69   ","count":214,"tested":2907,"deaths":0},{"race":[],"age_group":"70-79   ","count":141,"tested":1863,"deaths":0},{"race":[],"age_group":"80+","count":112,"tested":3019,"deaths":0},{"race":[],"age_group":"Unknown","count":0,"tested":0,"deaths":0}],"race":[{"description":"AI/AN**","count":10,"tested":10,"deaths":0,"color":"rgb(31,119,180)"},{"description":"Asian","count":0,"tested":124,"deaths":0,"color":"rgb(140,86,75)"},{"description":"Black","count":146,"tested":126,"deaths":0,"color":"rgb(255,127,14)"},{"description":"Hispanic","count":43,"tested":137,"deaths":0,"color":"rgb(214,39,40)"},{"description":"Left Blank","count":844,"tested":13722,"deaths":0,"color":"rgb(44,160,44)"},{"description":"NH/PI*","count":0,"tested":0,"deaths":0,"color":"rgb(127,127,127)"},{"description":"Other","count":18,"tested":194,"deaths":0,"color":"rgb(148,103,189)"},{"description":"White","count":1044,"tested":10268,"deaths":0,"color":"rgb(31,119,180)"}],"gender":[{"description":"Female","count":861,"tested":12964,"deaths":0,"color":"rgb(255,127,14)"},{"description":"Male","count":1206,"tested":11030,"deaths":0,"color":"rgb(31,119,180)"},{"description":"Unknown/Left Blank","count":47,"tested":589,"deaths":0,"color":"rgb(44,160,44)"}]}}]}
