{"age":[{"age_group":"<20","count":329,"tested":2878},{"age_group":"20-29   ","count":327,"tested":4776},{"age_group":"30-39   ","count":327,"tested":4908},{"age_group":"40-49   ","count":326,"tested":5316},{"age_group":"50-59   ","count":307,"tested":5646},{"age_group":"60-69   ","count":222,"tested":5243},{"age_group":"70-79   ","count":80,"tested":1869},{"age_group":"80+","count":55,"tested":920}],"race":[{"description":"Asian","count":14,"tested":239,"color":"rgb(140,86,75)"},{"description":"Black","count":306,"tested":5469,"color":"rgb(255,127,14)"},{"description":"Hispanic","count":670,"tested":5169,"color":"rgb(214,39,40)"},{"description":"Left Blank","count":649,"tested":15365,"color":"rgb(44,160,44)"},{"description":"Other","count":56,"tested":596,"color":"rgb(148,103,189)"},{"description":"White","count":277,"tested":4675,"color":"rgb(31,119,180)"}],"gender":[]}
