{"age":[{"age_group":"<20","count":571,"tested":6695},{"age_group":"20-29   ","count":528,"tested":6803},{"age_group":"30-39   ","count":441,"tested":6157},{"age_group":"40-49   ","count":542,"tested":7020},{"age_group":"50-59   ","count":480,"tested":7066},{"age_group":"60-69   ","count":247,"tested":5238},{"age_group":"70-79   ","count":178,"tested":5095},{"age_group":"80+","count":150,"tested":4977}],"race":[{"description":"Asian","count":101,"tested":1601,"color":"rgb(140,86,75)"},{"description":"Black","count":200,"tested":2812,"color":"rgb(255,127,14)"},{"description":"Hispanic","count":468,"tested":3766,"color":"rgb(214,39,40)"},{"description":"Left Blank","count":835,"tested":18229,"color":"rgb(44,160,44)"},{"description":"Other","count":114,"tested":1628,"color":"rgb(148,103,189)"},{"description":"White","count":1412,"tested":20937,"color":"rgb(31,119,180)"}],"gender":[]}
