{"age":[{"age_group":"<20","count":576,"tested":7038},{"age_group":"20-29   ","count":695,"tested":9165},{"age_group":"30-39   ","count":550,"tested":8071},{"age_group":"40-49   ","count":542,"tested":7362},{"age_group":"50-59   ","count":531,"tested":8964},{"age_group":"60-69   ","count":396,"tested":8192},{"age_group":"70-79   ","count":199,"tested":4720},{"age_group":"80+","count":145,"tested":4334}],"race":[{"description":"AI/AN**","count":9,"tested":82,"color":"rgb(31,119,180)"},{"description":"Asian","count":53,"tested":1080,"color":"rgb(140,86,75)"},{"description":"Black","count":80,"tested":1131,"color":"rgb(255,127,14)"},{"description":"Hispanic","count":953,"tested":5982,"color":"rgb(214,39,40)"},{"description":"Left Blank","count":595,"tested":19940,"color":"rgb(44,160,44)"},{"description":"Other","count":73,"tested":813,"color":"rgb(148,103,189)"},{"description":"White","count":1868,"tested":28544,"color":"rgb(31,119,180)"}],"gender":[]}
