{"age":[{"age_group":"<20","count":54,"tested":658},{"age_group":"20-29   ","count":38,"tested":393},{"age_group":"30-39   ","count":36,"tested":330},{"age_group":"40-49   ","count":32,"tested":418},{"age_group":"50-59   ","count":40,"tested":397},{"age_group":"60-69   ","count":20,"tested":335},{"age_group":"70-79   ","count":13,"tested":289},{"age_group":"80+","count":11,"tested":189}],"race":[{"description":"Left Blank","count":9,"tested":330,"color":"rgb(44,160,44)"},{"description":"Other","count":11,"tested":144,"color":"rgb(148,103,189)"},{"description":"White","count":218,"tested":2450,"color":"rgb(31,119,180)"}],"gender":[]}
