{"age":[{"age_group":"<20","count":372,"tested":21292},{"age_group":"20-29   ","count":295,"tested":9491},{"age_group":"30-39   ","count":114,"tested":4202},{"age_group":"40-49   ","count":214,"tested":5851},{"age_group":"50-59   ","count":249,"tested":6810},{"age_group":"60-69   ","count":168,"tested":4954},{"age_group":"70-79   ","count":92,"tested":3310},{"age_group":"80+","count":52,"tested":3949}],"race":[{"description":"Asian","count":44,"tested":2588,"color":"rgb(140,86,75)"},{"description":"Black","count":10,"tested":1079,"color":"rgb(255,127,14)"},{"description":"Hispanic","count":53,"tested":2167,"color":"rgb(214,39,40)"},{"description":"Left Blank","count":331,"tested":17747,"color":"rgb(44,160,44)"},{"description":"Other","count":101,"tested":2471,"color":"rgb(148,103,189)"},{"description":"White","count":1007,"tested":33656,"color":"rgb(31,119,180)"}],"gender":[]}
