{"age":[{"age_group":"<20","count":53,"tested":647},{"age_group":"20-29   ","count":49,"tested":512},{"age_group":"30-39   ","count":36,"tested":354},{"age_group":"40-49   ","count":52,"tested":464},{"age_group":"50-59   ","count":60,"tested":656},{"age_group":"60-69   ","count":52,"tested":651},{"age_group":"70-79   ","count":18,"tested":365},{"age_group":"80+","count":10,"tested":131}],"race":[{"description":"Black","count":9,"tested":93,"color":"rgb(255,127,14)"},{"description":"Hispanic","count":21,"tested":105,"color":"rgb(214,39,40)"},{"description":"Left Blank","count":37,"tested":1373,"color":"rgb(44,160,44)"},{"description":"White","count":252,"tested":2039,"color":"rgb(31,119,180)"}],"gender":[]}
