{"age":[{"age_group":"<20","count":665,"tested":57529},{"age_group":"20-29   ","count":865,"tested":45853},{"age_group":"30-39   ","count":841,"tested":19069},{"age_group":"40-49   ","count":571,"tested":13566},{"age_group":"50-59   ","count":508,"tested":13879},{"age_group":"60-69   ","count":353,"tested":10424},{"age_group":"70-79   ","count":169,"tested":4680},{"age_group":"80+","count":129,"tested":3879}],"race":[{"description":"AI/AN**","count":8,"tested":529,"color":"rgb(31,119,180)"},{"description":"Asian","count":79,"tested":21391,"color":"rgb(140,86,75)"},{"description":"Black","count":2510,"tested":41583,"color":"rgb(255,127,14)"},{"description":"Hispanic","count":138,"tested":12361,"color":"rgb(214,39,40)"},{"description":"Left Blank","count":1022,"tested":45257,"color":"rgb(44,160,44)"},{"description":"Other","count":53,"tested":1361,"color":"rgb(148,103,189)"},{"description":"White","count":288,"tested":46282,"color":"rgb(31,119,180)"}],"gender":[]}
