{"age":[{"age_group":"<20","count":347,"tested":3441},{"age_group":"20-29   ","count":331,"tested":3425},{"age_group":"30-39   ","count":340,"tested":3631},{"age_group":"40-49   ","count":322,"tested":2943},{"age_group":"50-59   ","count":246,"tested":2158},{"age_group":"60-69   ","count":134,"tested":1598},{"age_group":"70-79   ","count":51,"tested":764},{"age_group":"80+","count":24,"tested":353}],"race":[{"description":"Asian","count":11,"tested":192,"color":"rgb(140,86,75)"},{"description":"Black","count":92,"tested":1116,"color":"rgb(255,127,14)"},{"description":"Hispanic","count":624,"tested":3513,"color":"rgb(214,39,40)"},{"description":"Left Blank","count":370,"tested":6017,"color":"rgb(44,160,44)"},{"description":"Other","count":42,"tested":594,"color":"rgb(148,103,189)"},{"description":"White","count":655,"tested":6845,"color":"rgb(31,119,180)"}],"gender":[]}
