{"age":[{"age_group":"<20","count":1362,"tested":23457},{"age_group":"20-29   ","count":1892,"tested":33819},{"age_group":"30-39   ","count":2143,"tested":44045},{"age_group":"40-49   ","count":1558,"tested":26290},{"age_group":"50-59   ","count":1097,"tested":17443},{"age_group":"60-69   ","count":655,"tested":10900},{"age_group":"70-79   ","count":309,"tested":5548},{"age_group":"80+","count":196,"tested":4668}],"race":[{"description":"AI/AN**","count":20,"tested":220,"color":"rgb(31,119,180)"},{"description":"Asian","count":260,"tested":5927,"color":"rgb(140,86,75)"},{"description":"Black","count":224,"tested":4061,"color":"rgb(255,127,14)"},{"description":"Hispanic","count":3681,"tested":28149,"color":"rgb(214,39,40)"},{"description":"Left Blank","count":2086,"tested":64207,"color":"rgb(44,160,44)"},{"description":"NH/PI*","count":18,"tested":244,"color":"rgb(127,127,127)"},{"description":"Other","count":502,"tested":8898,"color":"rgb(148,103,189)"},{"description":"White","count":2421,"tested":54508,"color":"rgb(31,119,180)"}],"gender":[]}
