{"age":[{"age_group":"<20","count":496,"tested":10017},{"age_group":"20-29   ","count":578,"tested":9708},{"age_group":"30-39   ","count":560,"tested":9268},{"age_group":"40-49   ","count":537,"tested":9065},{"age_group":"50-59   ","count":537,"tested":10451},{"age_group":"60-69   ","count":472,"tested":9850},{"age_group":"70-79   ","count":232,"tested":6687},{"age_group":"80+","count":183,"tested":6654}],"race":[{"description":"AI/AN**","count":20,"tested":242,"color":"rgb(31,119,180)"},{"description":"Asian","count":529,"tested":7413,"color":"rgb(140,86,75)"},{"description":"Black","count":210,"tested":3044,"color":"rgb(255,127,14)"},{"description":"Hispanic","count":329,"tested":2501,"color":"rgb(214,39,40)"},{"description":"Left Blank","count":924,"tested":37405,"color":"rgb(44,160,44)"},{"description":"NH/PI*","count":6,"tested":177,"color":"rgb(127,127,127)"},{"description":"Other","count":662,"tested":4793,"color":"rgb(148,103,189)"},{"description":"White","count":915,"tested":16139,"color":"rgb(31,119,180)"}],"gender":[]}
