{"age":[{"age_group":"<20","count":226,"tested":2192},{"age_group":"20-29   ","count":360,"tested":3407},{"age_group":"30-39   ","count":311,"tested":3024},{"age_group":"40-49   ","count":245,"tested":2480},{"age_group":"50-59   ","count":314,"tested":2959},{"age_group":"60-69   ","count":228,"tested":2997},{"age_group":"70-79   ","count":111,"tested":2077},{"age_group":"80+","count":91,"tested":3249}],"race":[{"description":"Asian","count":68,"tested":681,"color":"rgb(140,86,75)"},{"description":"Black","count":34,"tested":378,"color":"rgb(255,127,14)"},{"description":"Hispanic","count":479,"tested":2314,"color":"rgb(214,39,40)"},{"description":"Left Blank","count":323,"tested":12009,"color":"rgb(44,160,44)"},{"description":"Other","count":66,"tested":564,"color":"rgb(148,103,189)"},{"description":"White","count":910,"tested":6418,"color":"rgb(31,119,180)"}],"gender":[]}
