{"age":[{"age_group":"<20","count":703,"tested":10785},{"age_group":"20-29   ","count":876,"tested":19255},{"age_group":"30-39   ","count":926,"tested":23494},{"age_group":"40-49   ","count":782,"tested":20715},{"age_group":"50-59   ","count":686,"tested":23021},{"age_group":"60-69   ","count":507,"tested":19997},{"age_group":"70-79   ","count":259,"tested":8118},{"age_group":"80+","count":198,"tested":4506}],"race":[{"description":"Asian","count":10,"tested":163,"color":"rgb(140,86,75)"},{"description":"Black","count":3194,"tested":35881,"color":"rgb(255,127,14)"},{"description":"Hispanic","count":561,"tested":3854,"color":"rgb(214,39,40)"},{"description":"Left Blank","count":910,"tested":79532,"color":"rgb(44,160,44)"},{"description":"Other","count":124,"tested":7197,"color":"rgb(148,103,189)"},{"description":"White","count":135,"tested":3247,"color":"rgb(31,119,180)"}],"gender":[]}
