{"age":[{"age_group":"<20","count":156,"tested":1767},{"age_group":"20-29   ","count":170,"tested":2229},{"age_group":"30-39   ","count":160,"tested":2081},{"age_group":"40-49   ","count":162,"tested":2015},{"age_group":"50-59   ","count":175,"tested":2386},{"age_group":"60-69   ","count":119,"tested":1884},{"age_group":"70-79   ","count":60,"tested":1354},{"age_group":"80+","count":34,"tested":1012}],"race":[{"description":"Asian","count":12,"tested":235,"color":"rgb(140,86,75)"},{"description":"Black","count":26,"tested":240,"color":"rgb(255,127,14)"},{"description":"Hispanic","count":133,"tested":948,"color":"rgb(214,39,40)"},{"description":"Left Blank","count":324,"tested":5884,"color":"rgb(44,160,44)"},{"description":"Other","count":31,"tested":332,"color":"rgb(148,103,189)"},{"description":"White","count":507,"tested":7009,"color":"rgb(31,119,180)"}],"gender":[]}
