{"age":[{"age_group":"<20","count":615,"tested":8792},{"age_group":"20-29   ","count":380,"tested":5210},{"age_group":"30-39   ","count":301,"tested":4389},{"age_group":"40-49   ","count":564,"tested":6683},{"age_group":"50-59   ","count":434,"tested":6166},{"age_group":"60-69   ","count":159,"tested":2747},{"age_group":"70-79   ","count":70,"tested":1716},{"age_group":"80+","count":60,"tested":1780}],"race":[{"description":"Asian","count":101,"tested":2467,"color":"rgb(140,86,75)"},{"description":"Black","count":138,"tested":1932,"color":"rgb(255,127,14)"},{"description":"Hispanic","count":218,"tested":1963,"color":"rgb(214,39,40)"},{"description":"Left Blank","count":852,"tested":15493,"color":"rgb(44,160,44)"},{"description":"NH/PI*","count":8,"tested":41,"color":"rgb(127,127,127)"},{"description":"Other","count":93,"tested":1350,"color":"rgb(148,103,189)"},{"description":"White","count":1173,"tested":14214,"color":"rgb(31,119,180)"}],"gender":[]}
