{"age":[{"age_group":"<20","count":49,"tested":405},{"age_group":"20-29   ","count":47,"tested":580},{"age_group":"30-39   ","count":31,"tested":354},{"age_group":"40-49   ","count":22,"tested":255},{"age_group":"50-59   ","count":62,"tested":778},{"age_group":"60-69   ","count":39,"tested":509},{"age_group":"70-79   ","count":14,"tested":290},{"age_group":"80+","count":8,"tested":92}],"race":[{"description":"Asian","count":17,"tested":157,"color":"rgb(140,86,75)"},{"description":"Hispanic","count":15,"tested":133,"color":"rgb(214,39,40)"},{"description":"Left Blank","count":52,"tested":1283,"color":"rgb(44,160,44)"},{"description":"Other","count":6,"tested":75,"color":"rgb(148,103,189)"},{"description":"White","count":179,"tested":1554,"color":"rgb(31,119,180)"}],"gender":[]}
