{"age":[{"age_group":"<20","count":27,"tested":348},{"age_group":"20-29   ","count":30,"tested":445},{"age_group":"30-39   ","count":23,"tested":253},{"age_group":"40-49   ","count":27,"tested":307},{"age_group":"50-59   ","count":23,"tested":371},{"age_group":"60-69   ","count":20,"tested":268},{"age_group":"70-79   ","count":11,"tested":150}],"race":[{"description":"Left Blank","count":24,"tested":531,"color":"rgb(44,160,44)"},{"description":"White","count":133,"tested":1549,"color":"rgb(31,119,180)"}],"gender":[]}
