{"age":[{"age_group":"<20","count":188,"tested":2152},{"age_group":"20-29   ","count":216,"tested":3983},{"age_group":"30-39   ","count":262,"tested":4805},{"age_group":"40-49   ","count":266,"tested":5913},{"age_group":"50-59   ","count":236,"tested":7338},{"age_group":"60-69   ","count":155,"tested":5438},{"age_group":"70-79   ","count":79,"tested":2285},{"age_group":"80+","count":29,"tested":953}],"race":[{"description":"Asian","count":8,"tested":106,"color":"rgb(140,86,75)"},{"description":"Black","count":873,"tested":11370,"color":"rgb(255,127,14)"},{"description":"Hispanic","count":37,"tested":265,"color":"rgb(214,39,40)"},{"description":"Left Blank","count":426,"tested":19618,"color":"rgb(44,160,44)"},{"description":"Other","count":20,"tested":376,"color":"rgb(148,103,189)"},{"description":"White","count":63,"tested":1097,"color":"rgb(31,119,180)"}],"gender":[]}
