{"age":[{"age_group":"<20","count":15,"tested":141},{"age_group":"20-29   ","count":23,"tested":233},{"age_group":"30-39   ","count":14,"tested":132},{"age_group":"40-49   ","count":13,"tested":132},{"age_group":"50-59   ","count":21,"tested":265},{"age_group":"60-69   ","count":9,"tested":107},{"age_group":"70-79   ","count":9,"tested":89}],"race":[{"description":"Left Blank","count":22,"tested":297,"color":"rgb(44,160,44)"},{"description":"Other","count":10,"tested":48,"color":"rgb(148,103,189)"},{"description":"White","count":67,"tested":786,"color":"rgb(31,119,180)"}],"gender":[]}
