{"age":[{"age_group":"<20","count":40,"tested":505},{"age_group":"20-29   ","count":57,"tested":499},{"age_group":"30-39   ","count":39,"tested":414},{"age_group":"40-49   ","count":53,"tested":497},{"age_group":"50-59   ","count":67,"tested":739},{"age_group":"60-69   ","count":39,"tested":555},{"age_group":"70-79   ","count":25,"tested":408},{"age_group":"80+","count":14,"tested":201}],"race":[{"description":"Hispanic","count":22,"tested":131,"color":"rgb(214,39,40)"},{"description":"Left Blank","count":78,"tested":771,"color":"rgb(44,160,44)"},{"description":"Other","count":9,"tested":83,"color":"rgb(148,103,189)"},{"description":"White","count":223,"tested":2810,"color":"rgb(31,119,180)"}],"gender":[]}
