{"age":[{"age_group":"<20","count":970,"tested":16370},{"age_group":"20-29   ","count":644,"tested":11000},{"age_group":"30-39   ","count":390,"tested":7814},{"age_group":"40-49   ","count":600,"tested":10015},{"age_group":"50-59   ","count":747,"tested":11851},{"age_group":"60-69   ","count":297,"tested":6320},{"age_group":"70-79   ","count":118,"tested":3434},{"age_group":"80+","count":39,"tested":2220}],"race":[{"description":"AI/AN**","count":13,"tested":190,"color":"rgb(31,119,180)"},{"description":"Asian","count":399,"tested":9598,"color":"rgb(140,86,75)"},{"description":"Black","count":158,"tested":2620,"color":"rgb(255,127,14)"},{"description":"Hispanic","count":172,"tested":1966,"color":"rgb(214,39,40)"},{"description":"Left Blank","count":1215,"tested":27712,"color":"rgb(44,160,44)"},{"description":"Other","count":153,"tested":2976,"color":"rgb(148,103,189)"},{"description":"White","count":1694,"tested":23908,"color":"rgb(31,119,180)"}],"gender":[]}
