{"age":[{"age_group":"<20","count":297,"tested":3001},{"age_group":"20-29   ","count":250,"tested":2484},{"age_group":"30-39   ","count":226,"tested":2431},{"age_group":"40-49   ","count":269,"tested":2588},{"age_group":"50-59   ","count":282,"tested":2395},{"age_group":"60-69   ","count":240,"tested":1987},{"age_group":"70-79   ","count":130,"tested":1026},{"age_group":"80+","count":58,"tested":467}],"race":[{"description":"Black","count":45,"tested":544,"color":"rgb(255,127,14)"},{"description":"Hispanic","count":140,"tested":909,"color":"rgb(214,39,40)"},{"description":"Left Blank","count":339,"tested":5540,"color":"rgb(44,160,44)"},{"description":"Other","count":87,"tested":528,"color":"rgb(148,103,189)"},{"description":"White","count":1134,"tested":8790,"color":"rgb(31,119,180)"}],"gender":[]}
