{"age":[{"age_group":"<20","count":179,"tested":1560},{"age_group":"20-29   ","count":151,"tested":1469},{"age_group":"30-39   ","count":132,"tested":1362},{"age_group":"40-49   ","count":143,"tested":1181},{"age_group":"50-59   ","count":129,"tested":1359},{"age_group":"60-69   ","count":92,"tested":923},{"age_group":"70-79   ","count":32,"tested":545},{"age_group":"80+","count":15,"tested":305}],"race":[{"description":"Black","count":7,"tested":69,"color":"rgb(255,127,14)"},{"description":"Hispanic","count":122,"tested":550,"color":"rgb(214,39,40)"},{"description":"Left Blank","count":238,"tested":3296,"color":"rgb(44,160,44)"},{"description":"Other","count":6,"tested":89,"color":"rgb(148,103,189)"},{"description":"White","count":497,"tested":4660,"color":"rgb(31,119,180)"}],"gender":[]}
