{"age":[{"age_group":"<20","count":663,"tested":8134},{"age_group":"20-29   ","count":614,"tested":8162},{"age_group":"30-39   ","count":536,"tested":6945},{"age_group":"40-49   ","count":521,"tested":6168},{"age_group":"50-59   ","count":541,"tested":8144},{"age_group":"60-69   ","count":354,"tested":7291},{"age_group":"70-79   ","count":141,"tested":4519},{"age_group":"80+","count":164,"tested":6444}],"race":[{"description":"AI/AN**","count":6,"tested":27,"color":"rgb(31,119,180)"},{"description":"Asian","count":75,"tested":1065,"color":"rgb(140,86,75)"},{"description":"Black","count":37,"tested":439,"color":"rgb(255,127,14)"},{"description":"Hispanic","count":463,"tested":2860,"color":"rgb(214,39,40)"},{"description":"Left Blank","count":798,"tested":28736,"color":"rgb(44,160,44)"},{"description":"NH/PI*","count":6,"tested":49,"color":"rgb(127,127,127)"},{"description":"Other","count":71,"tested":827,"color":"rgb(148,103,189)"},{"description":"White","count":2083,"tested":21818,"color":"rgb(31,119,180)"}],"gender":[]}
