{"age":[{"age_group":"<20","count":229,"tested":3667},{"age_group":"20-29   ","count":197,"tested":3280},{"age_group":"30-39   ","count":181,"tested":3505},{"age_group":"40-49   ","count":207,"tested":3709},{"age_group":"50-59   ","count":220,"tested":3638},{"age_group":"60-69   ","count":138,"tested":2818},{"age_group":"70-79   ","count":55,"tested":1357},{"age_group":"80+","count":18,"tested":391}],"race":[{"description":"AI/AN**","count":7,"tested":95,"color":"rgb(31,119,180)"},{"description":"Asian","count":165,"tested":3230,"color":"rgb(140,86,75)"},{"description":"Black","count":38,"tested":437,"color":"rgb(255,127,14)"},{"description":"Hispanic","count":68,"tested":687,"color":"rgb(214,39,40)"},{"description":"Left Blank","count":382,"tested":11178,"color":"rgb(44,160,44)"},{"description":"Other","count":56,"tested":411,"color":"rgb(148,103,189)"},{"description":"White","count":528,"tested":6309,"color":"rgb(31,119,180)"}],"gender":[]}
