{"age":[{"age_group":"<20","count":623,"tested":17850},{"age_group":"20-29   ","count":447,"tested":12919},{"age_group":"30-39   ","count":375,"tested":12105},{"age_group":"40-49   ","count":493,"tested":17243},{"age_group":"50-59   ","count":504,"tested":18770},{"age_group":"60-69   ","count":402,"tested":16423},{"age_group":"70-79   ","count":305,"tested":11140},{"age_group":"80+","count":433,"tested":15606}],"race":[{"description":"AI/AN**","count":6,"tested":91,"color":"rgb(31,119,180)"},{"description":"Asian","count":216,"tested":6783,"color":"rgb(140,86,75)"},{"description":"Black","count":44,"tested":1673,"color":"rgb(255,127,14)"},{"description":"Hispanic","count":142,"tested":2606,"color":"rgb(214,39,40)"},{"description":"Left Blank","count":917,"tested":66652,"color":"rgb(44,160,44)"},{"description":"Other","count":304,"tested":4264,"color":"rgb(148,103,189)"},{"description":"White","count":1945,"tested":39134,"color":"rgb(31,119,180)"}],"gender":[]}
