{"age":[{"age_group":"<20","count":117,"tested":1518},{"age_group":"20-29   ","count":80,"tested":1007},{"age_group":"30-39   ","count":61,"tested":1039},{"age_group":"40-49   ","count":79,"tested":883},{"age_group":"50-59   ","count":76,"tested":1102},{"age_group":"60-69   ","count":85,"tested":1106},{"age_group":"70-79   ","count":45,"tested":1001},{"age_group":"80+","count":71,"tested":1762}],"race":[{"description":"Left Blank","count":159,"tested":3381,"color":"rgb(44,160,44)"},{"description":"White","count":444,"tested":5890,"color":"rgb(31,119,180)"}],"gender":[]}
