{"age":[{"age_group":"<20","count":421,"tested":4810},{"age_group":"20-29   ","count":392,"tested":4963},{"age_group":"30-39   ","count":396,"tested":5604},{"age_group":"40-49   ","count":366,"tested":5604},{"age_group":"50-59   ","count":334,"tested":6259},{"age_group":"60-69   ","count":235,"tested":6008},{"age_group":"70-79   ","count":99,"tested":3567},{"age_group":"80+","count":85,"tested":3475}],"race":[{"description":"Asian","count":12,"tested":205,"color":"rgb(140,86,75)"},{"description":"Black","count":370,"tested":4826,"color":"rgb(255,127,14)"},{"description":"Hispanic","count":283,"tested":2259,"color":"rgb(214,39,40)"},{"description":"Left Blank","count":886,"tested":23494,"color":"rgb(44,160,44)"},{"description":"Other","count":175,"tested":1823,"color":"rgb(148,103,189)"},{"description":"White","count":598,"tested":7637,"color":"rgb(31,119,180)"}],"gender":[]}
