{"age":[{"age_group":"<20","count":274,"tested":3539},{"age_group":"20-29   ","count":179,"tested":4225},{"age_group":"30-39   ","count":144,"tested":3657},{"age_group":"40-49   ","count":214,"tested":4072},{"age_group":"50-59   ","count":185,"tested":4664},{"age_group":"60-69   ","count":112,"tested":4326},{"age_group":"70-79   ","count":50,"tested":3017},{"age_group":"80+","count":89,"tested":4808}],"race":[{"description":"Asian","count":8,"tested":269,"color":"rgb(140,86,75)"},{"description":"Black","count":40,"tested":1162,"color":"rgb(255,127,14)"},{"description":"Hispanic","count":106,"tested":1426,"color":"rgb(214,39,40)"},{"description":"Left Blank","count":402,"tested":17774,"color":"rgb(44,160,44)"},{"description":"Other","count":54,"tested":696,"color":"rgb(148,103,189)"},{"description":"White","count":637,"tested":10915,"color":"rgb(31,119,180)"}],"gender":[]}
