{"age":[{"age_group":"<20","count":654,"tested":10239},{"age_group":"20-29   ","count":728,"tested":12737},{"age_group":"30-39   ","count":728,"tested":13352},{"age_group":"40-49   ","count":723,"tested":15776},{"age_group":"50-59   ","count":745,"tested":17255},{"age_group":"60-69   ","count":538,"tested":16403},{"age_group":"70-79   ","count":294,"tested":8382},{"age_group":"80+","count":255,"tested":7364}],"race":[{"description":"Asian","count":9,"tested":201,"color":"rgb(140,86,75)"},{"description":"Black","count":2329,"tested":31757,"color":"rgb(255,127,14)"},{"description":"Hispanic","count":110,"tested":1436,"color":"rgb(214,39,40)"},{"description":"Left Blank","count":1541,"tested":55873,"color":"rgb(44,160,44)"},{"description":"Other","count":185,"tested":2259,"color":"rgb(148,103,189)"},{"description":"White","count":487,"tested":9807,"color":"rgb(31,119,180)"}],"gender":[]}
