{"age":[{"age_group":"<20","count":878,"tested":7370},{"age_group":"20-29   ","count":799,"tested":7633},{"age_group":"30-39   ","count":689,"tested":6249},{"age_group":"40-49   ","count":746,"tested":6295},{"age_group":"50-59   ","count":705,"tested":6458},{"age_group":"60-69   ","count":414,"tested":4902},{"age_group":"70-79   ","count":239,"tested":3743},{"age_group":"80+","count":156,"tested":4208}],"race":[{"description":"AI/AN**","count":7,"tested":43,"color":"rgb(31,119,180)"},{"description":"Asian","count":36,"tested":227,"color":"rgb(140,86,75)"},{"description":"Black","count":99,"tested":780,"color":"rgb(255,127,14)"},{"description":"Hispanic","count":1883,"tested":5060,"color":"rgb(214,39,40)"},{"description":"Left Blank","count":364,"tested":23617,"color":"rgb(44,160,44)"},{"description":"Other","count":56,"tested":618,"color":"rgb(148,103,189)"},{"description":"White","count":2179,"tested":16510,"color":"rgb(31,119,180)"}],"gender":[]}
