{"age":[{"age_group":"<20","count":465,"tested":6917},{"age_group":"20-29   ","count":397,"tested":6090},{"age_group":"30-39   ","count":407,"tested":6507},{"age_group":"40-49   ","count":473,"tested":7140},{"age_group":"50-59   ","count":512,"tested":7975},{"age_group":"60-69   ","count":275,"tested":6171},{"age_group":"70-79   ","count":151,"tested":4239},{"age_group":"80+","count":159,"tested":3984}],"race":[{"description":"Asian","count":171,"tested":2509,"color":"rgb(140,86,75)"},{"description":"Black","count":33,"tested":558,"color":"rgb(255,127,14)"},{"description":"Hispanic","count":362,"tested":3282,"color":"rgb(214,39,40)"},{"description":"Left Blank","count":696,"tested":22148,"color":"rgb(44,160,44)"},{"description":"NH/PI*","count":8,"tested":83,"color":"rgb(127,127,127)"},{"description":"Other","count":235,"tested":2412,"color":"rgb(148,103,189)"},{"description":"White","count":1331,"tested":17989,"color":"rgb(31,119,180)"}],"gender":[]}
