{"age":[{"age_group":"<20","count":390,"tested":4372},{"age_group":"20-29   ","count":375,"tested":4543},{"age_group":"30-39   ","count":377,"tested":5140},{"age_group":"40-49   ","count":348,"tested":5104},{"age_group":"50-59   ","count":312,"tested":5705},{"age_group":"60-69   ","count":224,"tested":5506},{"age_group":"70-79   ","count":97,"tested":3260},{"age_group":"80+","count":84,"tested":3114}],"race":[{"description":"Asian","count":11,"tested":178,"color":"rgb(140,86,75)"},{"description":"Black","count":351,"tested":4326,"color":"rgb(255,127,14)"},{"description":"Hispanic","count":262,"tested":2058,"color":"rgb(214,39,40)"},{"description":"Left Blank","count":849,"tested":21338,"color":"rgb(44,160,44)"},{"description":"Other","count":173,"tested":1756,"color":"rgb(148,103,189)"},{"description":"White","count":557,"tested":7045,"color":"rgb(31,119,180)"}],"gender":[]}
