{"age":[{"age_group":"<20","count":51,"tested":526},{"age_group":"20-29   ","count":40,"tested":651},{"age_group":"30-39   ","count":34,"tested":429},{"age_group":"40-49   ","count":35,"tested":409},{"age_group":"50-59   ","count":50,"tested":638},{"age_group":"60-69   ","count":25,"tested":424},{"age_group":"80+","count":9,"tested":132}],"race":[{"description":"Hispanic","count":20,"tested":131,"color":"rgb(214,39,40)"},{"description":"Left Blank","count":55,"tested":1182,"color":"rgb(44,160,44)"},{"description":"White","count":168,"tested":1949,"color":"rgb(31,119,180)"}],"gender":[]}
