{"age":[{"age_group":"<20","count":243,"tested":1884},{"age_group":"20-29   ","count":271,"tested":2495},{"age_group":"30-39   ","count":301,"tested":2714},{"age_group":"40-49   ","count":270,"tested":1992},{"age_group":"50-59   ","count":198,"tested":1916},{"age_group":"60-69   ","count":178,"tested":1773},{"age_group":"70-79   ","count":64,"tested":733},{"age_group":"80+","count":29,"tested":511}],"race":[{"description":"Asian","count":61,"tested":641,"color":"rgb(140,86,75)"},{"description":"Black","count":19,"tested":148,"color":"rgb(255,127,14)"},{"description":"Hispanic","count":521,"tested":3019,"color":"rgb(214,39,40)"},{"description":"Left Blank","count":283,"tested":4641,"color":"rgb(44,160,44)"},{"description":"Other","count":65,"tested":551,"color":"rgb(148,103,189)"},{"description":"White","count":598,"tested":4990,"color":"rgb(31,119,180)"}],"gender":[]}
