{"age":[{"age_group":"<20","count":169,"tested":2247},{"age_group":"20-29   ","count":179,"tested":2601},{"age_group":"30-39   ","count":167,"tested":2981},{"age_group":"40-49   ","count":208,"tested":2729},{"age_group":"50-59   ","count":245,"tested":3569},{"age_group":"60-69   ","count":219,"tested":3273},{"age_group":"70-79   ","count":94,"tested":1703},{"age_group":"80+","count":39,"tested":899}],"race":[{"description":"Black","count":26,"tested":157,"color":"rgb(255,127,14)"},{"description":"Hispanic","count":30,"tested":288,"color":"rgb(214,39,40)"},{"description":"Left Blank","count":289,"tested":9359,"color":"rgb(44,160,44)"},{"description":"Other","count":24,"tested":435,"color":"rgb(148,103,189)"},{"description":"White","count":942,"tested":9690,"color":"rgb(31,119,180)"}],"gender":[]}
