{"age":[{"age_group":"<20","count":559,"tested":7005},{"age_group":"20-29   ","count":455,"tested":5577},{"age_group":"30-39   ","count":493,"tested":5735},{"age_group":"40-49   ","count":455,"tested":5279},{"age_group":"50-59   ","count":368,"tested":4736},{"age_group":"60-69   ","count":215,"tested":3265},{"age_group":"70-79   ","count":113,"tested":2069},{"age_group":"80+","count":52,"tested":2219}],"race":[{"description":"Asian","count":16,"tested":381,"color":"rgb(140,86,75)"},{"description":"Black","count":137,"tested":1447,"color":"rgb(255,127,14)"},{"description":"Hispanic","count":386,"tested":2718,"color":"rgb(214,39,40)"},{"description":"Left Blank","count":648,"tested":14769,"color":"rgb(44,160,44)"},{"description":"Other","count":70,"tested":848,"color":"rgb(148,103,189)"},{"description":"White","count":1447,"tested":15692,"color":"rgb(31,119,180)"}],"gender":[]}
