{"age":[{"age_group":"<20","count":290,"tested":2887},{"age_group":"20-29   ","count":366,"tested":4840},{"age_group":"30-39   ","count":343,"tested":4493},{"age_group":"40-49   ","count":420,"tested":5840},{"age_group":"50-59   ","count":341,"tested":5736},{"age_group":"60-69   ","count":212,"tested":4459},{"age_group":"70-79   ","count":123,"tested":2625},{"age_group":"80+","count":91,"tested":1585}],"race":[{"description":"Asian","count":10,"tested":183,"color":"rgb(140,86,75)"},{"description":"Black","count":1211,"tested":15320,"color":"rgb(255,127,14)"},{"description":"Hispanic","count":95,"tested":711,"color":"rgb(214,39,40)"},{"description":"Left Blank","count":646,"tested":12515,"color":"rgb(44,160,44)"},{"description":"Other","count":43,"tested":693,"color":"rgb(148,103,189)"},{"description":"White","count":176,"tested":2942,"color":"rgb(31,119,180)"}],"gender":[]}
