{"age":[{"age_group":"<20","count":20,"tested":227},{"age_group":"20-29   ","count":15,"tested":173},{"age_group":"30-39   ","count":7,"tested":144},{"age_group":"40-49   ","count":21,"tested":152},{"age_group":"50-59   ","count":12,"tested":161},{"age_group":"60-69   ","count":17,"tested":252},{"age_group":"70-79   ","count":8,"tested":127}],"race":[{"description":"Hispanic","count":22,"tested":132,"color":"rgb(214,39,40)"},{"description":"Left Blank","count":21,"tested":355,"color":"rgb(44,160,44)"},{"description":"White","count":54,"tested":759,"color":"rgb(31,119,180)"}],"gender":[]}
