{"age":[{"age_group":"<20","count":569,"tested":7757},{"age_group":"20-29   ","count":361,"tested":4765},{"age_group":"30-39   ","count":279,"tested":3948},{"age_group":"40-49   ","count":532,"tested":6075},{"age_group":"50-59   ","count":398,"tested":5657},{"age_group":"60-69   ","count":140,"tested":2498},{"age_group":"70-79   ","count":68,"tested":1612},{"age_group":"80+","count":60,"tested":1731}],"race":[{"description":"Asian","count":94,"tested":2159,"color":"rgb(140,86,75)"},{"description":"Black","count":126,"tested":1757,"color":"rgb(255,127,14)"},{"description":"Hispanic","count":213,"tested":1774,"color":"rgb(214,39,40)"},{"description":"Left Blank","count":797,"tested":14152,"color":"rgb(44,160,44)"},{"description":"NH/PI*","count":8,"tested":40,"color":"rgb(127,127,127)"},{"description":"Other","count":88,"tested":1263,"color":"rgb(148,103,189)"},{"description":"White","count":1081,"tested":12881,"color":"rgb(31,119,180)"}],"gender":[]}
