{"age":[{"age_group":"<20","count":208,"tested":1758},{"age_group":"20-29   ","count":248,"tested":2348},{"age_group":"30-39   ","count":271,"tested":2228},{"age_group":"40-49   ","count":217,"tested":2206},{"age_group":"50-59   ","count":155,"tested":1922},{"age_group":"60-69   ","count":139,"tested":1768},{"age_group":"70-79   ","count":61,"tested":912},{"age_group":"80+","count":32,"tested":426}],"race":[{"description":"Asian","count":11,"tested":139,"color":"rgb(140,86,75)"},{"description":"Black","count":40,"tested":423,"color":"rgb(255,127,14)"},{"description":"Hispanic","count":509,"tested":3182,"color":"rgb(214,39,40)"},{"description":"Left Blank","count":283,"tested":4745,"color":"rgb(44,160,44)"},{"description":"Other","count":100,"tested":838,"color":"rgb(148,103,189)"},{"description":"White","count":387,"tested":4228,"color":"rgb(31,119,180)"}],"gender":[]}
