{"age":[{"age_group":"<20","count":536,"tested":6368},{"age_group":"20-29   ","count":615,"tested":6294},{"age_group":"30-39   ","count":637,"tested":7094},{"age_group":"40-49   ","count":597,"tested":6534},{"age_group":"50-59   ","count":572,"tested":6924},{"age_group":"60-69   ","count":335,"tested":4852},{"age_group":"70-79   ","count":149,"tested":2433},{"age_group":"80+","count":88,"tested":2762}],"race":[{"description":"Asian","count":17,"tested":148,"color":"rgb(140,86,75)"},{"description":"Black","count":137,"tested":1960,"color":"rgb(255,127,14)"},{"description":"Hispanic","count":142,"tested":1563,"color":"rgb(214,39,40)"},{"description":"Left Blank","count":1604,"tested":20381,"color":"rgb(44,160,44)"},{"description":"Other","count":225,"tested":1989,"color":"rgb(148,103,189)"},{"description":"White","count":1402,"tested":17204,"color":"rgb(31,119,180)"}],"gender":[]}
