{"age":[{"age_group":"<20","count":132,"tested":1168},{"age_group":"20-29   ","count":141,"tested":1515},{"age_group":"30-39   ","count":109,"tested":1362},{"age_group":"40-49   ","count":115,"tested":1476},{"age_group":"50-59   ","count":136,"tested":1826},{"age_group":"60-69   ","count":70,"tested":1392},{"age_group":"70-79   ","count":35,"tested":458},{"age_group":"80+","count":7,"tested":191}],"race":[{"description":"Asian","count":7,"tested":111,"color":"rgb(140,86,75)"},{"description":"Hispanic","count":139,"tested":734,"color":"rgb(214,39,40)"},{"description":"Left Blank","count":250,"tested":4102,"color":"rgb(44,160,44)"},{"description":"Other","count":14,"tested":188,"color":"rgb(148,103,189)"},{"description":"White","count":330,"tested":4138,"color":"rgb(31,119,180)"}],"gender":[]}
