{"age":[{"age_group":"<20","count":547,"tested":6038},{"age_group":"20-29   ","count":512,"tested":8332},{"age_group":"30-39   ","count":441,"tested":6902},{"age_group":"40-49   ","count":461,"tested":6109},{"age_group":"50-59   ","count":509,"tested":6482},{"age_group":"60-69   ","count":201,"tested":3842},{"age_group":"70-79   ","count":118,"tested":3087},{"age_group":"80+","count":121,"tested":4471}],"race":[{"description":"Asian","count":134,"tested":2007,"color":"rgb(140,86,75)"},{"description":"Black","count":75,"tested":815,"color":"rgb(255,127,14)"},{"description":"Hispanic","count":547,"tested":3095,"color":"rgb(214,39,40)"},{"description":"Left Blank","count":889,"tested":26162,"color":"rgb(44,160,44)"},{"description":"Other","count":70,"tested":761,"color":"rgb(148,103,189)"},{"description":"White","count":1190,"tested":12312,"color":"rgb(31,119,180)"}],"gender":[]}
