{"age":[{"age_group":"<20","count":69,"tested":1763},{"age_group":"20-29   ","count":940,"tested":17061},{"age_group":"30-39   ","count":688,"tested":14146},{"age_group":"40-49   ","count":204,"tested":4619},{"age_group":"50-59   ","count":135,"tested":3418},{"age_group":"60-69   ","count":70,"tested":2101},{"age_group":"70-79   ","count":20,"tested":850},{"age_group":"80+","count":9,"tested":270}],"race":[{"description":"AI/AN**","count":7,"tested":53,"color":"rgb(31,119,180)"},{"description":"Asian","count":95,"tested":3277,"color":"rgb(140,86,75)"},{"description":"Black","count":89,"tested":1266,"color":"rgb(255,127,14)"},{"description":"Hispanic","count":104,"tested":1119,"color":"rgb(214,39,40)"},{"description":"Left Blank","count":662,"tested":20034,"color":"rgb(44,160,44)"},{"description":"Other","count":115,"tested":2054,"color":"rgb(148,103,189)"},{"description":"White","count":1059,"tested":16403,"color":"rgb(31,119,180)"}],"gender":[]}
