{"age":[{"age_group":"<20","count":44,"tested":616},{"age_group":"20-29   ","count":31,"tested":354},{"age_group":"30-39   ","count":32,"tested":299},{"age_group":"40-49   ","count":30,"tested":383},{"age_group":"50-59   ","count":33,"tested":365},{"age_group":"60-69   ","count":16,"tested":304},{"age_group":"70-79   ","count":9,"tested":244},{"age_group":"80+","count":8,"tested":156}],"race":[{"description":"Left Blank","count":8,"tested":311,"color":"rgb(44,160,44)"},{"description":"White","count":184,"tested":2216,"color":"rgb(31,119,180)"}],"gender":[]}
