{"age":[{"age_group":"<20","count":3240,"tested":22652},{"age_group":"20-29   ","count":3673,"tested":32604},{"age_group":"30-39   ","count":3103,"tested":24235},{"age_group":"40-49   ","count":3156,"tested":22206},{"age_group":"50-59   ","count":2349,"tested":17998},{"age_group":"60-69   ","count":1355,"tested":12528},{"age_group":"70-79   ","count":500,"tested":5692},{"age_group":"80+","count":202,"tested":2602}],"race":[{"description":"AI/AN**","count":28,"tested":260,"color":"rgb(31,119,180)"},{"description":"Asian","count":26,"tested":433,"color":"rgb(140,86,75)"},{"description":"Black","count":1288,"tested":15027,"color":"rgb(255,127,14)"},{"description":"Hispanic","count":10802,"tested":56950,"color":"rgb(214,39,40)"},{"description":"Left Blank","count":3917,"tested":50781,"color":"rgb(44,160,44)"},{"description":"NH/PI*","count":9,"tested":88,"color":"rgb(127,127,127)"},{"description":"Other","count":676,"tested":6640,"color":"rgb(148,103,189)"},{"description":"White","count":832,"tested":10381,"color":"rgb(31,119,180)"}],"gender":[]}
