{"age":[{"age_group":"<20","count":535,"tested":6680},{"age_group":"20-29   ","count":380,"tested":5528},{"age_group":"30-39   ","count":339,"tested":5260},{"age_group":"40-49   ","count":318,"tested":4300},{"age_group":"50-59   ","count":426,"tested":5435},{"age_group":"60-69   ","count":258,"tested":4404},{"age_group":"70-79   ","count":87,"tested":2615},{"age_group":"80+","count":101,"tested":3625}],"race":[{"description":"Asian","count":61,"tested":663,"color":"rgb(140,86,75)"},{"description":"Black","count":49,"tested":762,"color":"rgb(255,127,14)"},{"description":"Hispanic","count":220,"tested":1771,"color":"rgb(214,39,40)"},{"description":"Left Blank","count":429,"tested":13591,"color":"rgb(44,160,44)"},{"description":"Other","count":72,"tested":970,"color":"rgb(148,103,189)"},{"description":"White","count":1608,"tested":20082,"color":"rgb(31,119,180)"}],"gender":[]}
