{"age":[{"age_group":"<20","count":732,"tested":19007},{"age_group":"20-29   ","count":575,"tested":17335},{"age_group":"30-39   ","count":428,"tested":7567},{"age_group":"40-49   ","count":492,"tested":7308},{"age_group":"50-59   ","count":502,"tested":8428},{"age_group":"60-69   ","count":269,"tested":7186},{"age_group":"70-79   ","count":134,"tested":4216},{"age_group":"80+","count":91,"tested":2750}],"race":[{"description":"AI/AN**","count":8,"tested":114,"color":"rgb(31,119,180)"},{"description":"Asian","count":208,"tested":4541,"color":"rgb(140,86,75)"},{"description":"Black","count":148,"tested":2333,"color":"rgb(255,127,14)"},{"description":"Hispanic","count":247,"tested":3252,"color":"rgb(214,39,40)"},{"description":"Left Blank","count":528,"tested":26879,"color":"rgb(44,160,44)"},{"description":"Other","count":85,"tested":2145,"color":"rgb(148,103,189)"},{"description":"White","count":1996,"tested":34579,"color":"rgb(31,119,180)"}],"gender":[]}
