{"age":[{"age_group":"<20","count":16,"tested":103},{"age_group":"20-29   ","count":12,"tested":58},{"age_group":"30-39   ","count":13,"tested":71},{"age_group":"40-49   ","count":12,"tested":49},{"age_group":"50-59   ","count":11,"tested":77},{"age_group":"60-69   ","count":10,"tested":76},{"age_group":"70-79   ","count":14,"tested":54}],"race":[{"description":"Other","count":12,"tested":59,"color":"rgb(148,103,189)"},{"description":"White","count":43,"tested":247,"color":"rgb(31,119,180)"},{"description":"Left Blank","count":25,"tested":216,"color":"rgb(44,160,44)"}],"gender":[]}
