{"age":[{"age_group":"<20","count":30,"tested":680},{"age_group":"20-29   ","count":84,"tested":1160},{"age_group":"30-39   ","count":123,"tested":1009},{"age_group":"40-49   ","count":115,"tested":959},{"age_group":"50-59   ","count":128,"tested":1118},{"age_group":"60-69   ","count":87,"tested":1088},{"age_group":"70-79   ","count":58,"tested":868},{"age_group":"80+","count":81,"tested":1196}],"race":[{"description":"Other","count":10,"tested":148,"color":"rgb(148,103,189)"},{"description":"Left Blank","count":359,"tested":4487,"color":"rgb(44,160,44)"},{"description":"Hispanic","count":35,"tested":58,"color":"rgb(214,39,40)"},{"description":"White","count":260,"tested":3306,"color":"rgb(31,119,180)"},{"description":"Black","count":36,"tested":63,"color":"rgb(255,127,14)"}],"gender":[]}
