{"age":[{"age_group":"<20","count":21,"tested":156},{"age_group":"20-29   ","count":20,"tested":140},{"age_group":"30-39   ","count":18,"tested":138},{"age_group":"40-49   ","count":17,"tested":179},{"age_group":"50-59   ","count":24,"tested":199},{"age_group":"60-69   ","count":19,"tested":170},{"age_group":"70-79   ","count":21,"tested":151},{"age_group":"80+","count":13,"tested":69}],"race":[{"description":"White","count":96,"tested":845,"color":"rgb(31,119,180)"},{"description":"Left Blank","count":26,"tested":335,"color":"rgb(44,160,44)"}],"gender":[]}
