{"age":[{"age_group":"<20","count":15,"tested":197},{"age_group":"30-39   ","count":12,"tested":220},{"age_group":"40-49   ","count":17,"tested":173},{"age_group":"50-59   ","count":11,"tested":198},{"age_group":"60-69   ","count":16,"tested":180},{"age_group":"70-79   ","count":16,"tested":119},{"age_group":"80+","count":36,"tested":94}],"race":[{"description":"Left Blank","count":84,"tested":548,"color":"rgb(44,160,44)"},{"description":"White","count":48,"tested":809,"color":"rgb(31,119,180)"}],"gender":[]}
