{"age":[{"age_group":"<20","count":30,"tested":485},{"age_group":"20-29   ","count":17,"tested":426},{"age_group":"30-39   ","count":22,"tested":413},{"age_group":"40-49   ","count":39,"tested":409},{"age_group":"50-59   ","count":18,"tested":420},{"age_group":"60-69   ","count":22,"tested":241},{"age_group":"70-79   ","count":12,"tested":259},{"age_group":"80+","count":14,"tested":1122}],"race":[{"description":"White","count":84,"tested":793,"color":"rgb(31,119,180)"},{"description":"Left Blank","count":56,"tested":2843,"color":"rgb(44,160,44)"},{"description":"Black","count":12,"tested":21,"color":"rgb(255,127,14)"}],"gender":[]}
