{"lastUpdatedDate":{"year":2020,"month":12,"day":27},"county_demographics":[{"County":"Calhoun","confirmed_cases":356,"total_tested":3661,"demographics":{"age":[{"race":[],"age_group":"<20","count":62,"tested":407,"deaths":0},{"race":[],"age_group":"40-49   ","count":48,"tested":398,"deaths":0},{"race":[],"age_group":"Unknown","count":0,"tested":0,"deaths":0},{"race":[],"age_group":"50-59   ","count":46,"tested":536,"deaths":0},{"race":[],"age_group":"30-39   ","count":54,"tested":529,"deaths":0},{"race":[],"age_group":"20-29   ","count":53,"tested":440,"deaths":0},{"race":[],"age_group":"70-79   ","count":22,"tested":364,"deaths":0},{"race":[],"age_group":"60-69   ","count":58,"tested":396,"deaths":0},{"race":[],"age_group":"80+","count":9,"tested":590,"deaths":0}],"race":[{"description":"Black","count":0,"tested":16,"deaths":0,"color":"rgb(255,127,14)"},{"description":"AI/AN**","count":0,"tested":0,"deaths":0,"color":"rgb(31,119,180)"},{"description":"Other","count":0,"tested":26,"deaths":0,"color":"rgb(148,103,189)"},{"description":"Left Blank","count":74,"tested":900,"deaths":0,"color":"rgb(44,160,44)"},{"description":"White","count":274,"tested":2717,"deaths":0,"color":"rgb(31,119,180)"},{"description":"Hispanic","count":0,"tested":0,"deaths":0,"color":"rgb(214,39,40)"}],"gender":[{"description":"Female","count":193,"tested":2389,"deaths":0,"color":"rgb(255,127,14)"},{"description":"Male","count":162,"tested":1238,"deaths":0,"color":"rgb(31,119,180)"},{"description":"Unknown/Left Blank","count":0,"tested":34,"deaths":0,"color":"rgb(44,160,44)"}]}}]}
