{"lastUpdatedDate":{"year":2020,"month":12,"day":27},"county_demographics":[{"County":"Lee","confirmed_cases":2648,"total_tested":29713,"demographics":{"age":[{"race":[],"age_group":"30-39   ","count":405,"tested":5135,"deaths":0},{"race":[],"age_group":"50-59   ","count":440,"tested":4486,"deaths":0},{"race":[],"age_group":"20-29   ","count":454,"tested":4732,"deaths":0},{"race":[],"age_group":"70-79   ","count":167,"tested":1644,"deaths":0},{"race":[],"age_group":"80+","count":145,"tested":2057,"deaths":0},{"race":[],"age_group":"40-49   ","count":432,"tested":5145,"deaths":0},{"race":[],"age_group":"60-69   ","count":318,"tested":3719,"deaths":0},{"race":[],"age_group":"<20","count":285,"tested":2699,"deaths":0},{"race":[],"age_group":"Unknown","count":0,"tested":96,"deaths":0}],"race":[{"description":"Black","count":107,"tested":853,"deaths":0,"color":"rgb(255,127,14)"},{"description":"Left Blank","count":864,"tested":15489,"deaths":0,"color":"rgb(44,160,44)"},{"description":"NH/PI*","count":0,"tested":0,"deaths":0,"color":"rgb(127,127,127)"},{"description":"Other","count":69,"tested":401,"deaths":0,"color":"rgb(148,103,189)"},{"description":"AI/AN**","count":0,"tested":0,"deaths":0,"color":"rgb(31,119,180)"},{"description":"White","count":1538,"tested":12495,"deaths":0,"color":"rgb(31,119,180)"},{"description":"Asian","count":10,"tested":87,"deaths":0,"color":"rgb(140,86,75)"},{"description":"Hispanic","count":56,"tested":380,"deaths":0,"color":"rgb(214,39,40)"}],"gender":[{"description":"Female","count":1167,"tested":11291,"deaths":0,"color":"rgb(255,127,14)"},{"description":"Male","count":1386,"tested":10442,"deaths":0,"color":"rgb(31,119,180)"},{"description":"Unknown/Left Blank","count":92,"tested":7980,"deaths":0,"color":"rgb(44,160,44)"}]}}]}
