{"lastUpdatedDate":{"year":2020,"month":12,"day":27},"county_demographics":[{"County":"Cass","confirmed_cases":1496,"total_tested":11788,"demographics":{"age":[{"race":[],"age_group":"30-39   ","count":247,"tested":1707,"deaths":0},{"race":[],"age_group":"20-29   ","count":263,"tested":1884,"deaths":0},{"race":[],"age_group":"60-69   ","count":150,"tested":1298,"deaths":0},{"race":[],"age_group":"40-49   ","count":206,"tested":1559,"deaths":0},{"race":[],"age_group":"80+","count":82,"tested":873,"deaths":0},{"race":[],"age_group":"50-59   ","count":200,"tested":1663,"deaths":0},{"race":[],"age_group":"70-79   ","count":79,"tested":856,"deaths":0},{"race":[],"age_group":"<20","count":269,"tested":1946,"deaths":0},{"race":[],"age_group":"Unknown","count":0,"tested":0,"deaths":0}],"race":[{"description":"Asian","count":10,"tested":29,"deaths":0,"color":"rgb(140,86,75)"},{"description":"Hispanic","count":494,"tested":1763,"deaths":0,"color":"rgb(214,39,40)"},{"description":"White","count":742,"tested":6006,"deaths":0,"color":"rgb(31,119,180)"},{"description":"Left Blank","count":185,"tested":3450,"deaths":0,"color":"rgb(44,160,44)"},{"description":"Black","count":53,"tested":365,"deaths":0,"color":"rgb(255,127,14)"},{"description":"AI/AN**","count":0,"tested":10,"deaths":0,"color":"rgb(31,119,180)"},{"description":"NH/PI*","count":0,"tested":0,"deaths":0,"color":"rgb(127,127,127)"},{"description":"Other","count":6,"tested":160,"deaths":0,"color":"rgb(148,103,189)"}],"gender":[{"description":"Female","count":795,"tested":7054,"deaths":0,"color":"rgb(255,127,14)"},{"description":"Male","count":644,"tested":4374,"deaths":0,"color":"rgb(31,119,180)"},{"description":"Unknown/Left Blank","count":57,"tested":360,"deaths":0,"color":"rgb(44,160,44)"}]}}]}
