{"lastUpdatedDate":{"year":2020,"month":12,"day":27},"county_demographics":[{"County":"Bureau","confirmed_cases":2722,"total_tested":26054,"demographics":{"age":[{"race":[],"age_group":"<20","count":322,"tested":2765,"deaths":0},{"race":[],"age_group":"60-69   ","count":324,"tested":3692,"deaths":0},{"race":[],"age_group":"Unknown","count":0,"tested":0,"deaths":0},{"race":[],"age_group":"80+","count":207,"tested":2277,"deaths":0},{"race":[],"age_group":"20-29   ","count":375,"tested":3679,"deaths":0},{"race":[],"age_group":"70-79   ","count":227,"tested":2055,"deaths":0},{"race":[],"age_group":"40-49   ","count":412,"tested":3505,"deaths":0},{"race":[],"age_group":"50-59   ","count":451,"tested":4227,"deaths":0},{"race":[],"age_group":"30-39   ","count":404,"tested":3852,"deaths":0}],"race":[{"description":"Hispanic","count":208,"tested":690,"deaths":0,"color":"rgb(214,39,40)"},{"description":"Left Blank","count":1204,"tested":15181,"deaths":0,"color":"rgb(44,160,44)"},{"description":"White","count":1239,"tested":9697,"deaths":0,"color":"rgb(31,119,180)"},{"description":"Asian","count":0,"tested":80,"deaths":0,"color":"rgb(140,86,75)"},{"description":"NH/PI*","count":0,"tested":47,"deaths":0,"color":"rgb(127,127,127)"},{"description":"Other","count":55,"tested":240,"deaths":0,"color":"rgb(148,103,189)"},{"description":"AI/AN**","count":0,"tested":0,"deaths":0,"color":"rgb(31,119,180)"},{"description":"Black","count":7,"tested":117,"deaths":0,"color":"rgb(255,127,14)"}],"gender":[{"description":"Female","count":1467,"tested":16441,"deaths":0,"color":"rgb(255,127,14)"},{"description":"Male","count":1210,"tested":8397,"deaths":0,"color":"rgb(31,119,180)"},{"description":"Unknown/Left Blank","count":45,"tested":1216,"deaths":0,"color":"rgb(44,160,44)"}]}}]}
