{"lastUpdatedDate":{"year":2020,"month":12,"day":27},"county_demographics":[{"County":"McDonough","confirmed_cases":1943,"total_tested":25853,"demographics":{"age":[{"race":[],"age_group":"<20","count":315,"tested":3324,"deaths":0},{"race":[],"age_group":"Unknown","count":0,"tested":0,"deaths":0},{"race":[],"age_group":"60-69   ","count":189,"tested":3007,"deaths":0},{"race":[],"age_group":"80+","count":119,"tested":2847,"deaths":0},{"race":[],"age_group":"40-49   ","count":193,"tested":2801,"deaths":0},{"race":[],"age_group":"30-39   ","count":222,"tested":3587,"deaths":0},{"race":[],"age_group":"50-59   ","count":176,"tested":3108,"deaths":0},{"race":[],"age_group":"70-79   ","count":134,"tested":2183,"deaths":0},{"race":[],"age_group":"20-29   ","count":593,"tested":4992,"deaths":0}],"race":[{"description":"AI/AN**","count":0,"tested":9,"deaths":0,"color":"rgb(31,119,180)"},{"description":"Black","count":146,"tested":837,"deaths":0,"color":"rgb(255,127,14)"},{"description":"Left Blank","count":257,"tested":9540,"deaths":0,"color":"rgb(44,160,44)"},{"description":"NH/PI*","count":0,"tested":20,"deaths":0,"color":"rgb(127,127,127)"},{"description":"Other","count":19,"tested":211,"deaths":0,"color":"rgb(148,103,189)"},{"description":"Asian","count":31,"tested":139,"deaths":0,"color":"rgb(140,86,75)"},{"description":"Hispanic","count":89,"tested":259,"deaths":0,"color":"rgb(214,39,40)"},{"description":"White","count":1391,"tested":14838,"deaths":0,"color":"rgb(31,119,180)"}],"gender":[{"description":"Female","count":1035,"tested":16273,"deaths":0,"color":"rgb(255,127,14)"},{"description":"Male","count":878,"tested":8915,"deaths":0,"color":"rgb(31,119,180)"},{"description":"Unknown/Left Blank","count":30,"tested":665,"deaths":0,"color":"rgb(44,160,44)"}]}}]}
