{"lastUpdatedDate":{"year":2020,"month":12,"day":27},"county_demographics":[{"County":"Union","confirmed_cases":1598,"total_tested":18916,"demographics":{"age":[{"race":[],"age_group":"80+","count":92,"tested":1832,"deaths":0},{"race":[],"age_group":"Unknown","count":0,"tested":0,"deaths":0},{"race":[],"age_group":"40-49   ","count":228,"tested":2779,"deaths":0},{"race":[],"age_group":"30-39   ","count":228,"tested":2742,"deaths":0},{"race":[],"age_group":"70-79   ","count":129,"tested":1541,"deaths":0},{"race":[],"age_group":"<20","count":194,"tested":1674,"deaths":0},{"race":[],"age_group":"50-59   ","count":247,"tested":3178,"deaths":0},{"race":[],"age_group":"20-29   ","count":256,"tested":2740,"deaths":0},{"race":[],"age_group":"60-69   ","count":214,"tested":2425,"deaths":0}],"race":[{"description":"Left Blank","count":237,"tested":4955,"deaths":0,"color":"rgb(44,160,44)"},{"description":"NH/PI*","count":0,"tested":21,"deaths":0,"color":"rgb(127,127,127)"},{"description":"Other","count":9,"tested":128,"deaths":0,"color":"rgb(148,103,189)"},{"description":"Black","count":56,"tested":580,"deaths":0,"color":"rgb(255,127,14)"},{"description":"Asian","count":0,"tested":42,"deaths":0,"color":"rgb(140,86,75)"},{"description":"Hispanic","count":72,"tested":394,"deaths":0,"color":"rgb(214,39,40)"},{"description":"White","count":1217,"tested":12794,"deaths":0,"color":"rgb(31,119,180)"},{"description":"AI/AN**","count":0,"tested":0,"deaths":0,"color":"rgb(31,119,180)"}],"gender":[{"description":"Female","count":777,"tested":10101,"deaths":0,"color":"rgb(255,127,14)"},{"description":"Male","count":747,"tested":7983,"deaths":0,"color":"rgb(31,119,180)"},{"description":"Unknown/Left Blank","count":74,"tested":832,"deaths":0,"color":"rgb(44,160,44)"}]}}]}
