{"lastUpdatedDate":{"year":2020,"month":12,"day":27},"county_demographics":[{"County":"Ogle","confirmed_cases":3939,"total_tested":37191,"demographics":{"age":[{"race":[],"age_group":"50-59   ","count":633,"tested":5529,"deaths":0},{"race":[],"age_group":"70-79   ","count":233,"tested":2671,"deaths":0},{"race":[],"age_group":"<20","count":578,"tested":5496,"deaths":0},{"race":[],"age_group":"Unknown","count":42,"tested":17,"deaths":0},{"race":[],"age_group":"20-29   ","count":665,"tested":5577,"deaths":0},{"race":[],"age_group":"60-69   ","count":390,"tested":4419,"deaths":0},{"race":[],"age_group":"80+","count":201,"tested":3190,"deaths":0},{"race":[],"age_group":"30-39   ","count":604,"tested":5420,"deaths":0},{"race":[],"age_group":"40-49   ","count":593,"tested":4872,"deaths":0}],"race":[{"description":"Black","count":22,"tested":308,"deaths":0,"color":"rgb(255,127,14)"},{"description":"Hispanic","count":337,"tested":1073,"deaths":0,"color":"rgb(214,39,40)"},{"description":"AI/AN**","count":0,"tested":39,"deaths":0,"color":"rgb(31,119,180)"},{"description":"Other","count":61,"tested":441,"deaths":0,"color":"rgb(148,103,189)"},{"description":"Left Blank","count":1665,"tested":17967,"deaths":0,"color":"rgb(44,160,44)"},{"description":"NH/PI*","count":0,"tested":0,"deaths":0,"color":"rgb(127,127,127)"},{"description":"White","count":1845,"tested":17317,"deaths":0,"color":"rgb(31,119,180)"},{"description":"Asian","count":0,"tested":43,"deaths":0,"color":"rgb(140,86,75)"}],"gender":[{"description":"Female","count":2097,"tested":22116,"deaths":0,"color":"rgb(255,127,14)"},{"description":"Male","count":1777,"tested":12446,"deaths":0,"color":"rgb(31,119,180)"},{"description":"Unknown/Left Blank","count":65,"tested":2629,"deaths":0,"color":"rgb(44,160,44)"}]}}]}
