{"age":[{"age_group":"<20","count":223,"tested":2499},{"age_group":"20-29   ","count":330,"tested":3617},{"age_group":"30-39   ","count":263,"tested":3520},{"age_group":"40-49   ","count":222,"tested":2970},{"age_group":"50-59   ","count":164,"tested":3045},{"age_group":"60-69   ","count":167,"tested":3030},{"age_group":"70-79   ","count":93,"tested":3078},{"age_group":"80+","count":85,"tested":3228}],"race":[{"description":"Asian","count":30,"tested":710,"color":"rgb(140,86,75)"},{"description":"Black","count":133,"tested":3861,"color":"rgb(255,127,14)"},{"description":"Hispanic","count":176,"tested":1691,"color":"rgb(214,39,40)"},{"description":"Left Blank","count":528,"tested":9553,"color":"rgb(44,160,44)"},{"description":"Other","count":108,"tested":909,"color":"rgb(148,103,189)"},{"description":"White","count":567,"tested":8156,"color":"rgb(31,119,180)"}],"gender":[{"description":"Female","count":805,"tested":14402,"color":"rgb(255,127,14)"},{"description":"Male","count":732,"tested":10135,"color":"rgb(31,119,180)"},{"description":"Unknown/Left Blank","count":10,"tested":454,"color":"rgb(44,160,44)"}]}
