{"age":[{"age_group":"<20","count":371,"tested":4966},{"age_group":"20-29   ","count":332,"tested":4453},{"age_group":"30-39   ","count":300,"tested":3527},{"age_group":"40-49   ","count":298,"tested":3412},{"age_group":"50-59   ","count":293,"tested":4155},{"age_group":"60-69   ","count":261,"tested":3840},{"age_group":"70-79   ","count":160,"tested":3211},{"age_group":"80+","count":154,"tested":6974}],"race":[{"description":"Asian","count":75,"tested":771,"color":"rgb(140,86,75)"},{"description":"Black","count":227,"tested":1815,"color":"rgb(255,127,14)"},{"description":"Hispanic","count":265,"tested":1360,"color":"rgb(214,39,40)"},{"description":"Left Blank","count":207,"tested":12186,"color":"rgb(44,160,44)"},{"description":"Other","count":23,"tested":1023,"color":"rgb(148,103,189)"},{"description":"White","count":1366,"tested":17340,"color":"rgb(31,119,180)"}],"gender":[{"description":"Female","count":1202,"tested":21065,"color":"rgb(255,127,14)"},{"description":"Male","count":961,"tested":12919,"color":"rgb(31,119,180)"},{"description":"Unknown/Left Blank","count":6,"tested":559,"color":"rgb(44,160,44)"}]}
