{"age":[{"age_group":"<20","count":199,"tested":2439},{"age_group":"20-29   ","count":227,"tested":4254},{"age_group":"30-39   ","count":272,"tested":5138},{"age_group":"40-49   ","count":275,"tested":6277},{"age_group":"50-59   ","count":245,"tested":7760},{"age_group":"60-69   ","count":158,"tested":5768},{"age_group":"70-79   ","count":86,"tested":2422},{"age_group":"80+","count":29,"tested":995}],"race":[{"description":"Asian","count":9,"tested":119,"color":"rgb(140,86,75)"},{"description":"Black","count":912,"tested":12183,"color":"rgb(255,127,14)"},{"description":"Hispanic","count":37,"tested":278,"color":"rgb(214,39,40)"},{"description":"Left Blank","count":439,"tested":20821,"color":"rgb(44,160,44)"},{"description":"Other","count":23,"tested":422,"color":"rgb(148,103,189)"},{"description":"White","count":66,"tested":1164,"color":"rgb(31,119,180)"}],"gender":[{"description":"Female","count":897,"tested":19258,"color":"rgb(255,127,14)"},{"description":"Male","count":591,"tested":15446,"color":"rgb(31,119,180)"}]}
