{"age":[{"age_group":"<20","count":795,"tested":12911},{"age_group":"20-29   ","count":821,"tested":15781},{"age_group":"30-39   ","count":821,"tested":16800},{"age_group":"40-49   ","count":815,"tested":19367},{"age_group":"50-59   ","count":819,"tested":20301},{"age_group":"60-69   ","count":575,"tested":18547},{"age_group":"70-79   ","count":318,"tested":9474},{"age_group":"80+","count":273,"tested":8584}],"race":[{"description":"Asian","count":12,"tested":305,"color":"rgb(140,86,75)"},{"description":"Black","count":2636,"tested":37283,"color":"rgb(255,127,14)"},{"description":"Hispanic","count":119,"tested":1763,"color":"rgb(214,39,40)"},{"description":"Left Blank","count":1704,"tested":68120,"color":"rgb(44,160,44)"},{"description":"Other","count":199,"tested":2646,"color":"rgb(148,103,189)"},{"description":"White","count":559,"tested":11417,"color":"rgb(31,119,180)"}],"gender":[{"description":"Female","count":2904,"tested":67257,"color":"rgb(255,127,14)"},{"description":"Male","count":2285,"tested":49482,"color":"rgb(31,119,180)"},{"description":"Unknown/Left Blank","count":48,"tested":5056,"color":"rgb(44,160,44)"}]}
