{"age":[{"age_group":"<20","count":671,"tested":5744},{"age_group":"20-29   ","count":632,"tested":7449},{"age_group":"30-39   ","count":630,"tested":7088},{"age_group":"40-49   ","count":626,"tested":7768},{"age_group":"50-59   ","count":594,"tested":7844},{"age_group":"60-69   ","count":438,"tested":6052},{"age_group":"70-79   ","count":208,"tested":3088},{"age_group":"80+","count":124,"tested":2133}],"race":[{"description":"AI/AN**","count":6,"tested":95,"color":"rgb(31,119,180)"},{"description":"Asian","count":18,"tested":245,"color":"rgb(140,86,75)"},{"description":"Black","count":1227,"tested":15020,"color":"rgb(255,127,14)"},{"description":"Hispanic","count":618,"tested":4142,"color":"rgb(214,39,40)"},{"description":"Left Blank","count":1297,"tested":20189,"color":"rgb(44,160,44)"},{"description":"Other","count":120,"tested":1058,"color":"rgb(148,103,189)"},{"description":"White","count":636,"tested":6537,"color":"rgb(31,119,180)"}],"gender":[{"description":"Female","count":2152,"tested":29397,"color":"rgb(255,127,14)"},{"description":"Male","count":1763,"tested":16845,"color":"rgb(31,119,180)"},{"description":"Unknown/Left Blank","count":8,"tested":1063,"color":"rgb(44,160,44)"}]}
