{"age":[{"age_group":"<20","count":27,"tested":224},{"age_group":"20-29   ","count":22,"tested":149},{"age_group":"30-39   ","count":31,"tested":270},{"age_group":"40-49   ","count":20,"tested":304},{"age_group":"50-59   ","count":24,"tested":299},{"age_group":"60-69   ","count":34,"tested":201},{"age_group":"70-79   ","count":17,"tested":108},{"age_group":"80+","count":7,"tested":49}],"race":[{"description":"Black","count":7,"tested":52,"color":"rgb(255,127,14)"},{"description":"Left Blank","count":51,"tested":734,"color":"rgb(44,160,44)"},{"description":"Other","count":6,"tested":20,"color":"rgb(148,103,189)"},{"description":"White","count":118,"tested":793,"color":"rgb(31,119,180)"}],"gender":[{"description":"Female","count":94,"tested":776,"color":"rgb(255,127,14)"},{"description":"Male","count":87,"tested":671,"color":"rgb(31,119,180)"}]}
