{"age":[{"age_group":"<20","count":823,"tested":16378},{"age_group":"20-29   ","count":609,"tested":10741},{"age_group":"30-39   ","count":495,"tested":11483},{"age_group":"40-49   ","count":601,"tested":11931},{"age_group":"50-59   ","count":647,"tested":12657},{"age_group":"60-69   ","count":480,"tested":10395},{"age_group":"70-79   ","count":218,"tested":6004},{"age_group":"80+","count":299,"tested":7698}],"race":[{"description":"Asian","count":108,"tested":3034,"color":"rgb(140,86,75)"},{"description":"Black","count":27,"tested":671,"color":"rgb(255,127,14)"},{"description":"Hispanic","count":213,"tested":3087,"color":"rgb(214,39,40)"},{"description":"Left Blank","count":1189,"tested":41494,"color":"rgb(44,160,44)"},{"description":"NH/PI*","count":10,"tested":102,"color":"rgb(127,127,127)"},{"description":"Other","count":191,"tested":2814,"color":"rgb(148,103,189)"},{"description":"White","count":2429,"tested":35991,"color":"rgb(31,119,180)"}],"gender":[{"description":"Female","count":2138,"tested":49699,"color":"rgb(255,127,14)"},{"description":"Male","count":1984,"tested":36618,"color":"rgb(31,119,180)"},{"description":"Unknown/Left Blank","count":50,"tested":999,"color":"rgb(44,160,44)"}]}
