{"age":[{"age_group":"<20","count":309,"tested":4353},{"age_group":"20-29   ","count":444,"tested":16992},{"age_group":"30-39   ","count":374,"tested":20544},{"age_group":"40-49   ","count":383,"tested":20084},{"age_group":"50-59   ","count":344,"tested":13479},{"age_group":"60-69   ","count":178,"tested":7914},{"age_group":"70-79   ","count":107,"tested":3645},{"age_group":"80+","count":75,"tested":2220}],"race":[{"description":"Asian","count":52,"tested":643,"color":"rgb(140,86,75)"},{"description":"Black","count":315,"tested":3545,"color":"rgb(255,127,14)"},{"description":"Hispanic","count":451,"tested":3444,"color":"rgb(214,39,40)"},{"description":"Left Blank","count":541,"tested":69123,"color":"rgb(44,160,44)"},{"description":"Other","count":64,"tested":1401,"color":"rgb(148,103,189)"},{"description":"White","count":786,"tested":11664,"color":"rgb(31,119,180)"}],"gender":[{"description":"Female","count":1174,"tested":17358,"color":"rgb(255,127,14)"},{"description":"Male","count":1033,"tested":45144,"color":"rgb(31,119,180)"}]}
