{"age":[{"age_group":"<20","count":467,"tested":5900},{"age_group":"20-29   ","count":521,"tested":6505},{"age_group":"30-39   ","count":303,"tested":4246},{"age_group":"40-49   ","count":391,"tested":5101},{"age_group":"50-59   ","count":521,"tested":6245},{"age_group":"60-69   ","count":395,"tested":5436},{"age_group":"70-79   ","count":206,"tested":4284},{"age_group":"80+","count":190,"tested":7371}],"race":[{"description":"Asian","count":95,"tested":1550,"color":"rgb(140,86,75)"},{"description":"Black","count":57,"tested":825,"color":"rgb(255,127,14)"},{"description":"Hispanic","count":116,"tested":1230,"color":"rgb(214,39,40)"},{"description":"Left Blank","count":996,"tested":21246,"color":"rgb(44,160,44)"},{"description":"Other","count":128,"tested":1715,"color":"rgb(148,103,189)"},{"description":"White","count":1595,"tested":18447,"color":"rgb(31,119,180)"}],"gender":[{"description":"Female","count":1568,"tested":25006,"color":"rgb(255,127,14)"},{"description":"Male","count":1412,"tested":19212,"color":"rgb(31,119,180)"}]}
