{"age":[{"age_group":"<20","count":932,"tested":11502},{"age_group":"20-29   ","count":970,"tested":16772},{"age_group":"30-39   ","count":1055,"tested":16973},{"age_group":"40-49   ","count":1046,"tested":17023},{"age_group":"50-59   ","count":969,"tested":18278},{"age_group":"60-69   ","count":714,"tested":14728},{"age_group":"70-79   ","count":465,"tested":9036},{"age_group":"80+","count":307,"tested":5952}],"race":[{"description":"AI/AN**","count":8,"tested":219,"color":"rgb(31,119,180)"},{"description":"Asian","count":6,"tested":216,"color":"rgb(140,86,75)"},{"description":"Black","count":4482,"tested":61060,"color":"rgb(255,127,14)"},{"description":"Hispanic","count":278,"tested":2203,"color":"rgb(214,39,40)"},{"description":"Left Blank","count":1433,"tested":42569,"color":"rgb(44,160,44)"},{"description":"Other","count":146,"tested":1774,"color":"rgb(148,103,189)"},{"description":"White","count":101,"tested":2213,"color":"rgb(31,119,180)"}],"gender":[{"description":"Female","count":3671,"tested":61984,"color":"rgb(255,127,14)"},{"description":"Male","count":2757,"tested":45696,"color":"rgb(31,119,180)"},{"description":"Unknown/Left Blank","count":30,"tested":2634,"color":"rgb(44,160,44)"}]}
