{"age":[{"age_group":"<20","count":242,"tested":5287},{"age_group":"20-29   ","count":204,"tested":3593},{"age_group":"30-39   ","count":190,"tested":3821},{"age_group":"40-49   ","count":214,"tested":4075},{"age_group":"50-59   ","count":231,"tested":3920},{"age_group":"60-69   ","count":140,"tested":3091},{"age_group":"70-79   ","count":56,"tested":1519},{"age_group":"80+","count":18,"tested":419}],"race":[{"description":"AI/AN**","count":8,"tested":112,"color":"rgb(31,119,180)"},{"description":"Asian","count":171,"tested":4129,"color":"rgb(140,86,75)"},{"description":"Black","count":41,"tested":500,"color":"rgb(255,127,14)"},{"description":"Hispanic","count":70,"tested":834,"color":"rgb(214,39,40)"},{"description":"Left Blank","count":390,"tested":12327,"color":"rgb(44,160,44)"},{"description":"Other","count":57,"tested":552,"color":"rgb(148,103,189)"},{"description":"White","count":557,"tested":7246,"color":"rgb(31,119,180)"}],"gender":[{"description":"Female","count":630,"tested":13596,"color":"rgb(255,127,14)"},{"description":"Male","count":663,"tested":11896,"color":"rgb(31,119,180)"}]}
