{"age":[{"age_group":"<20","count":475,"tested":6479},{"age_group":"20-29   ","count":523,"tested":10088},{"age_group":"30-39   ","count":581,"tested":13190},{"age_group":"40-49   ","count":490,"tested":12896},{"age_group":"50-59   ","count":435,"tested":9709},{"age_group":"60-69   ","count":316,"tested":6535},{"age_group":"70-79   ","count":189,"tested":3425},{"age_group":"80+","count":160,"tested":2992}],"race":[{"description":"Asian","count":44,"tested":418,"color":"rgb(140,86,75)"},{"description":"Black","count":358,"tested":3016,"color":"rgb(255,127,14)"},{"description":"Hispanic","count":412,"tested":2692,"color":"rgb(214,39,40)"},{"description":"Left Blank","count":1128,"tested":45380,"color":"rgb(44,160,44)"},{"description":"Other","count":95,"tested":1148,"color":"rgb(148,103,189)"},{"description":"White","count":1126,"tested":14157,"color":"rgb(31,119,180)"}],"gender":[{"description":"Female","count":1494,"tested":24331,"color":"rgb(255,127,14)"},{"description":"Male","count":1664,"tested":32196,"color":"rgb(31,119,180)"},{"description":"Unknown/Left Blank","count":11,"tested":10328,"color":"rgb(44,160,44)"}]}
