{"age":[{"age_group":"<20","count":453,"tested":16234},{"age_group":"20-29   ","count":3006,"tested":61344},{"age_group":"30-39   ","count":1501,"tested":42230},{"age_group":"40-49   ","count":541,"tested":15982},{"age_group":"50-59   ","count":418,"tested":11403},{"age_group":"60-69   ","count":212,"tested":7468},{"age_group":"70-79   ","count":127,"tested":5571},{"age_group":"80+","count":135,"tested":5045}],"race":[{"description":"AI/AN**","count":15,"tested":179,"color":"rgb(31,119,180)"},{"description":"Asian","count":184,"tested":5630,"color":"rgb(140,86,75)"},{"description":"Black","count":154,"tested":3586,"color":"rgb(255,127,14)"},{"description":"Hispanic","count":410,"tested":5350,"color":"rgb(214,39,40)"},{"description":"Left Blank","count":1940,"tested":72982,"color":"rgb(44,160,44)"},{"description":"Other","count":374,"tested":8865,"color":"rgb(148,103,189)"},{"description":"White","count":3312,"tested":68670,"color":"rgb(31,119,180)"}],"gender":[{"description":"Female","count":2877,"tested":87545,"color":"rgb(255,127,14)"},{"description":"Male","count":3258,"tested":75470,"color":"rgb(31,119,180)"},{"description":"Unknown/Left Blank","count":258,"tested":2319,"color":"rgb(44,160,44)"}]}
