{"age":[{"age_group":"<20","count":27,"tested":385},{"age_group":"20-29   ","count":33,"tested":479},{"age_group":"30-39   ","count":25,"tested":276},{"age_group":"40-49   ","count":30,"tested":330},{"age_group":"50-59   ","count":26,"tested":395},{"age_group":"60-69   ","count":21,"tested":291},{"age_group":"70-79   ","count":11,"tested":164}],"race":[{"description":"Left Blank","count":26,"tested":566,"color":"rgb(44,160,44)"},{"description":"White","count":142,"tested":1686,"color":"rgb(31,119,180)"}],"gender":[{"description":"Female","count":97,"tested":1305,"color":"rgb(255,127,14)"},{"description":"Male","count":80,"tested":1020,"color":"rgb(31,119,180)"}]}
