{"age":[{"age_group":"<20","count":328,"tested":3526},{"age_group":"20-29   ","count":247,"tested":2343},{"age_group":"30-39   ","count":253,"tested":2323},{"age_group":"40-49   ","count":220,"tested":1940},{"age_group":"50-59   ","count":186,"tested":1945},{"age_group":"60-69   ","count":117,"tested":1394},{"age_group":"70-79   ","count":75,"tested":592},{"age_group":"80+","count":41,"tested":389}],"race":[{"description":"Asian","count":19,"tested":147,"color":"rgb(140,86,75)"},{"description":"Black","count":57,"tested":430,"color":"rgb(255,127,14)"},{"description":"Hispanic","count":190,"tested":744,"color":"rgb(214,39,40)"},{"description":"Left Blank","count":113,"tested":4785,"color":"rgb(44,160,44)"},{"description":"Other","count":31,"tested":494,"color":"rgb(148,103,189)"},{"description":"White","count":1058,"tested":7824,"color":"rgb(31,119,180)"}],"gender":[{"description":"Female","count":788,"tested":8407,"color":"rgb(255,127,14)"},{"description":"Male","count":678,"tested":5911,"color":"rgb(31,119,180)"}]}
