{"age":[{"age_group":"<20","count":734,"tested":59242},{"age_group":"20-29   ","count":908,"tested":46944},{"age_group":"30-39   ","count":876,"tested":20067},{"age_group":"40-49   ","count":597,"tested":14311},{"age_group":"50-59   ","count":527,"tested":14516},{"age_group":"60-69   ","count":362,"tested":10902},{"age_group":"70-79   ","count":173,"tested":4861},{"age_group":"80+","count":133,"tested":3986}],"race":[{"description":"AI/AN**","count":9,"tested":584,"color":"rgb(31,119,180)"},{"description":"Asian","count":85,"tested":21663,"color":"rgb(140,86,75)"},{"description":"Black","count":2637,"tested":44071,"color":"rgb(255,127,14)"},{"description":"Hispanic","count":142,"tested":12499,"color":"rgb(214,39,40)"},{"description":"Left Blank","count":1073,"tested":47117,"color":"rgb(44,160,44)"},{"description":"Other","count":57,"tested":1599,"color":"rgb(148,103,189)"},{"description":"White","count":304,"tested":47177,"color":"rgb(31,119,180)"}],"gender":[{"description":"Female","count":2497,"tested":91187,"color":"rgb(255,127,14)"},{"description":"Male","count":1781,"tested":80089,"color":"rgb(31,119,180)"},{"description":"Unknown/Left Blank","count":32,"tested":3565,"color":"rgb(44,160,44)"}]}
