{"age":[{"age_group":"<20","count":474,"tested":4556},{"age_group":"20-29   ","count":520,"tested":17370},{"age_group":"30-39   ","count":492,"tested":23210},{"age_group":"40-49   ","count":510,"tested":21661},{"age_group":"50-59   ","count":508,"tested":15618},{"age_group":"60-69   ","count":384,"tested":9131},{"age_group":"70-79   ","count":180,"tested":3682},{"age_group":"80+","count":125,"tested":4874},{"age_group":"Unknown","count":8,"tested":2271}],"race":[{"description":"Asian","count":13,"tested":213,"color":"rgb(140,86,75)"},{"description":"Black","count":178,"tested":1850,"color":"rgb(255,127,14)"},{"description":"Hispanic","count":114,"tested":999,"color":"rgb(214,39,40)"},{"description":"Left Blank","count":924,"tested":79221,"color":"rgb(44,160,44)"},{"description":"Other","count":69,"tested":569,"color":"rgb(148,103,189)"},{"description":"White","count":1903,"tested":19485,"color":"rgb(31,119,180)"}],"gender":[{"description":"Female","count":1414,"tested":20616,"color":"rgb(255,127,14)"},{"description":"Male","count":1618,"tested":51296,"color":"rgb(31,119,180)"},{"description":"Unknown/Left Blank","count":169,"tested":30461,"color":"rgb(44,160,44)"}]}
