{"age":[{"age_group":"<20","count":313,"tested":3378},{"age_group":"20-29   ","count":250,"tested":2445},{"age_group":"30-39   ","count":228,"tested":2093},{"age_group":"40-49   ","count":252,"tested":2469},{"age_group":"50-59   ","count":204,"tested":2301},{"age_group":"60-69   ","count":118,"tested":1458},{"age_group":"70-79   ","count":63,"tested":753},{"age_group":"80+","count":17,"tested":341}],"race":[{"description":"Asian","count":11,"tested":156,"color":"rgb(140,86,75)"},{"description":"Black","count":23,"tested":265,"color":"rgb(255,127,14)"},{"description":"Hispanic","count":301,"tested":1195,"color":"rgb(214,39,40)"},{"description":"Left Blank","count":133,"tested":6035,"color":"rgb(44,160,44)"},{"description":"Other","count":17,"tested":307,"color":"rgb(148,103,189)"},{"description":"White","count":958,"tested":7257,"color":"rgb(31,119,180)"}],"gender":[{"description":"Female","count":727,"tested":8893,"color":"rgb(255,127,14)"},{"description":"Male","count":718,"tested":6259,"color":"rgb(31,119,180)"}]}
