{"age":[{"age_group":"<20","count":391,"tested":7003},{"age_group":"20-29   ","count":276,"tested":3820},{"age_group":"30-39   ","count":281,"tested":4004},{"age_group":"40-49   ","count":346,"tested":4593},{"age_group":"50-59   ","count":222,"tested":3602},{"age_group":"60-69   ","count":80,"tested":1544},{"age_group":"70-79   ","count":22,"tested":708},{"age_group":"80+","count":10,"tested":221}],"race":[{"description":"Asian","count":93,"tested":2364,"color":"rgb(140,86,75)"},{"description":"Black","count":159,"tested":1749,"color":"rgb(255,127,14)"},{"description":"Hispanic","count":191,"tested":1883,"color":"rgb(214,39,40)"},{"description":"Left Blank","count":548,"tested":10589,"color":"rgb(44,160,44)"},{"description":"Other","count":72,"tested":1054,"color":"rgb(148,103,189)"},{"description":"White","count":560,"tested":7746,"color":"rgb(31,119,180)"}],"gender":[{"description":"Female","count":834,"tested":13758,"color":"rgb(255,127,14)"},{"description":"Male","count":790,"tested":10962,"color":"rgb(31,119,180)"}]}
