{"age":[{"age_group":"<20","count":211,"tested":2568},{"age_group":"20-29   ","count":172,"tested":2137},{"age_group":"30-39   ","count":140,"tested":2273},{"age_group":"40-49   ","count":180,"tested":2512},{"age_group":"50-59   ","count":146,"tested":3043},{"age_group":"60-69   ","count":103,"tested":1982},{"age_group":"70-79   ","count":66,"tested":982},{"age_group":"80+","count":22,"tested":349}],"race":[{"description":"Asian","count":57,"tested":1386,"color":"rgb(140,86,75)"},{"description":"Black","count":99,"tested":1789,"color":"rgb(255,127,14)"},{"description":"Hispanic","count":212,"tested":1862,"color":"rgb(214,39,40)"},{"description":"Left Blank","count":255,"tested":4910,"color":"rgb(44,160,44)"},{"description":"Other","count":58,"tested":664,"color":"rgb(148,103,189)"},{"description":"White","count":357,"tested":5099,"color":"rgb(31,119,180)"}],"gender":[{"description":"Female","count":523,"tested":8799,"color":"rgb(255,127,14)"},{"description":"Male","count":515,"tested":6917,"color":"rgb(31,119,180)"}]}
