{"age":[{"age_group":"<20","count":1052,"tested":12066},{"age_group":"20-29   ","count":1025,"tested":9427},{"age_group":"30-39   ","count":880,"tested":7986},{"age_group":"40-49   ","count":976,"tested":7635},{"age_group":"50-59   ","count":755,"tested":6853},{"age_group":"60-69   ","count":375,"tested":4329},{"age_group":"70-79   ","count":127,"tested":1812},{"age_group":"80+","count":48,"tested":732}],"race":[{"description":"AI/AN**","count":9,"tested":78,"color":"rgb(31,119,180)"},{"description":"Asian","count":86,"tested":1623,"color":"rgb(140,86,75)"},{"description":"Black","count":172,"tested":1869,"color":"rgb(255,127,14)"},{"description":"Hispanic","count":2368,"tested":13436,"color":"rgb(214,39,40)"},{"description":"Left Blank","count":1374,"tested":20243,"color":"rgb(44,160,44)"},{"description":"Other","count":106,"tested":1078,"color":"rgb(148,103,189)"},{"description":"White","count":1122,"tested":12471,"color":"rgb(31,119,180)"}],"gender":[{"description":"Female","count":2707,"tested":28729,"color":"rgb(255,127,14)"},{"description":"Male","count":2513,"tested":21477,"color":"rgb(31,119,180)"},{"description":"Unknown/Left Blank","count":18,"tested":642,"color":"rgb(44,160,44)"}]}
