{"age":[{"age_group":"<20","count":705,"tested":7446},{"age_group":"20-29   ","count":767,"tested":10076},{"age_group":"30-39   ","count":684,"tested":9253},{"age_group":"40-49   ","count":678,"tested":7661},{"age_group":"50-59   ","count":847,"tested":10556},{"age_group":"60-69   ","count":452,"tested":6879},{"age_group":"70-79   ","count":179,"tested":3894},{"age_group":"80+","count":127,"tested":4429}],"race":[{"description":"AI/AN**","count":10,"tested":96,"color":"rgb(31,119,180)"},{"description":"Asian","count":412,"tested":4976,"color":"rgb(140,86,75)"},{"description":"Black","count":86,"tested":1049,"color":"rgb(255,127,14)"},{"description":"Hispanic","count":497,"tested":3314,"color":"rgb(214,39,40)"},{"description":"Left Blank","count":920,"tested":29782,"color":"rgb(44,160,44)"},{"description":"NH/PI*","count":12,"tested":126,"color":"rgb(127,127,127)"},{"description":"Other","count":150,"tested":1453,"color":"rgb(148,103,189)"},{"description":"White","count":2352,"tested":19435,"color":"rgb(31,119,180)"}],"gender":[]}
