{"age":[{"age_group":"<20","count":171,"tested":1878},{"age_group":"20-29   ","count":201,"tested":3552},{"age_group":"30-39   ","count":233,"tested":4269},{"age_group":"40-49   ","count":243,"tested":5219},{"age_group":"50-59   ","count":217,"tested":6563},{"age_group":"60-69   ","count":147,"tested":4739},{"age_group":"70-79   ","count":68,"tested":2032},{"age_group":"80+","count":29,"tested":853}],"race":[{"description":"Asian","count":8,"tested":96,"color":"rgb(140,86,75)"},{"description":"Black","count":788,"tested":10231,"color":"rgb(255,127,14)"},{"description":"Hispanic","count":36,"tested":242,"color":"rgb(214,39,40)"},{"description":"Left Blank","count":404,"tested":17181,"color":"rgb(44,160,44)"},{"description":"Other","count":19,"tested":336,"color":"rgb(148,103,189)"},{"description":"White","count":50,"tested":992,"color":"rgb(31,119,180)"}],"gender":[]}
