{"age":[{"age_group":"<20","count":88,"tested":1347},{"age_group":"20-29   ","count":70,"tested":920},{"age_group":"30-39   ","count":54,"tested":960},{"age_group":"40-49   ","count":71,"tested":795},{"age_group":"50-59   ","count":73,"tested":1023},{"age_group":"60-69   ","count":80,"tested":1012},{"age_group":"70-79   ","count":45,"tested":911},{"age_group":"80+","count":68,"tested":1575}],"race":[{"description":"Left Blank","count":149,"tested":3217,"color":"rgb(44,160,44)"},{"description":"White","count":391,"tested":5198,"color":"rgb(31,119,180)"}],"gender":[]}
