{"age":[{"age_group":"<20","count":688,"tested":11526},{"age_group":"20-29   ","count":615,"tested":7494},{"age_group":"30-39   ","count":612,"tested":7409},{"age_group":"40-49   ","count":685,"tested":7615},{"age_group":"50-59   ","count":604,"tested":7190},{"age_group":"60-69   ","count":283,"tested":4218},{"age_group":"70-79   ","count":143,"tested":2705},{"age_group":"80+","count":137,"tested":2413}],"race":[{"description":"Asian","count":88,"tested":1037,"color":"rgb(140,86,75)"},{"description":"Black","count":244,"tested":2943,"color":"rgb(255,127,14)"},{"description":"Hispanic","count":642,"tested":4733,"color":"rgb(214,39,40)"},{"description":"Left Blank","count":990,"tested":19679,"color":"rgb(44,160,44)"},{"description":"Other","count":118,"tested":1558,"color":"rgb(148,103,189)"},{"description":"White","count":1681,"tested":20550,"color":"rgb(31,119,180)"}],"gender":[]}
