{"age":[{"age_group":"<20","count":70,"tested":1044},{"age_group":"20-29   ","count":61,"tested":737},{"age_group":"30-39   ","count":66,"tested":774},{"age_group":"40-49   ","count":54,"tested":686},{"age_group":"50-59   ","count":84,"tested":1050},{"age_group":"60-69   ","count":60,"tested":748},{"age_group":"70-79   ","count":9,"tested":395}],"race":[{"description":"Hispanic","count":33,"tested":249,"color":"rgb(214,39,40)"},{"description":"Left Blank","count":132,"tested":2103,"color":"rgb(44,160,44)"},{"description":"White","count":229,"tested":3450,"color":"rgb(31,119,180)"}],"gender":[]}
