{"age":[{"age_group":"<20","count":23,"tested":176},{"age_group":"20-29   ","count":18,"tested":197},{"age_group":"30-39   ","count":22,"tested":197},{"age_group":"40-49   ","count":19,"tested":114},{"age_group":"50-59   ","count":22,"tested":154},{"age_group":"60-69   ","count":16,"tested":160},{"age_group":"70-79   ","count":10,"tested":102}],"race":[{"description":"Hispanic","count":18,"tested":37,"color":"rgb(214,39,40)"},{"description":"Left Blank","count":8,"tested":509,"color":"rgb(44,160,44)"},{"description":"White","count":104,"tested":551,"color":"rgb(31,119,180)"}],"gender":[]}
