{"age":[{"age_group":"<20","count":233,"tested":2520},{"age_group":"20-29   ","count":209,"tested":2000},{"age_group":"30-39   ","count":257,"tested":2498},{"age_group":"40-49   ","count":231,"tested":2060},{"age_group":"50-59   ","count":179,"tested":1946},{"age_group":"60-69   ","count":102,"tested":1222},{"age_group":"70-79   ","count":51,"tested":711},{"age_group":"80+","count":12,"tested":243}],"race":[{"description":"Black","count":19,"tested":269,"color":"rgb(255,127,14)"},{"description":"Hispanic","count":80,"tested":482,"color":"rgb(214,39,40)"},{"description":"Left Blank","count":404,"tested":4956,"color":"rgb(44,160,44)"},{"description":"Other","count":27,"tested":308,"color":"rgb(148,103,189)"},{"description":"White","count":740,"tested":7130,"color":"rgb(31,119,180)"}],"gender":[]}
