{"age":[{"age_group":"<20","count":191,"tested":2349},{"age_group":"20-29   ","count":159,"tested":2224},{"age_group":"30-39   ","count":130,"tested":1735},{"age_group":"40-49   ","count":183,"tested":1771},{"age_group":"50-59   ","count":201,"tested":2191},{"age_group":"60-69   ","count":117,"tested":1833},{"age_group":"70-79   ","count":49,"tested":1312},{"age_group":"80+","count":28,"tested":643}],"race":[{"description":"Asian","count":8,"tested":136,"color":"rgb(140,86,75)"},{"description":"Black","count":11,"tested":168,"color":"rgb(255,127,14)"},{"description":"Hispanic","count":95,"tested":739,"color":"rgb(214,39,40)"},{"description":"Left Blank","count":211,"tested":4087,"color":"rgb(44,160,44)"},{"description":"Other","count":39,"tested":393,"color":"rgb(148,103,189)"},{"description":"White","count":691,"tested":8512,"color":"rgb(31,119,180)"}],"gender":[]}
