{"age":[{"age_group":"<20","count":677,"tested":6871},{"age_group":"20-29   ","count":608,"tested":6266},{"age_group":"30-39   ","count":586,"tested":6595},{"age_group":"40-49   ","count":625,"tested":6124},{"age_group":"50-59   ","count":666,"tested":6944},{"age_group":"60-69   ","count":341,"tested":5024},{"age_group":"70-79   ","count":141,"tested":2620},{"age_group":"80+","count":55,"tested":1863}],"race":[{"description":"Asian","count":30,"tested":343,"color":"rgb(140,86,75)"},{"description":"Black","count":42,"tested":463,"color":"rgb(255,127,14)"},{"description":"Hispanic","count":130,"tested":1162,"color":"rgb(214,39,40)"},{"description":"Left Blank","count":1211,"tested":16869,"color":"rgb(44,160,44)"},{"description":"Other","count":58,"tested":1010,"color":"rgb(148,103,189)"},{"description":"White","count":2223,"tested":22416,"color":"rgb(31,119,180)"}],"gender":[]}
