{"age":[{"age_group":"<20","count":559,"tested":6879},{"age_group":"20-29   ","count":451,"tested":5497},{"age_group":"30-39   ","count":491,"tested":5633},{"age_group":"40-49   ","count":451,"tested":5164},{"age_group":"50-59   ","count":367,"tested":4658},{"age_group":"60-69   ","count":214,"tested":3217},{"age_group":"70-79   ","count":113,"tested":2040},{"age_group":"80+","count":52,"tested":2214}],"race":[{"description":"Asian","count":16,"tested":365,"color":"rgb(140,86,75)"},{"description":"Black","count":136,"tested":1410,"color":"rgb(255,127,14)"},{"description":"Hispanic","count":385,"tested":2628,"color":"rgb(214,39,40)"},{"description":"Left Blank","count":648,"tested":14658,"color":"rgb(44,160,44)"},{"description":"Other","count":70,"tested":828,"color":"rgb(148,103,189)"},{"description":"White","count":1437,"tested":15384,"color":"rgb(31,119,180)"}],"gender":[]}
