{"age":[{"age_group":"<20","count":273,"tested":3234},{"age_group":"20-29   ","count":243,"tested":4527},{"age_group":"30-39   ","count":287,"tested":4922},{"age_group":"40-49   ","count":313,"tested":5177},{"age_group":"50-59   ","count":254,"tested":5646},{"age_group":"60-69   ","count":212,"tested":5484},{"age_group":"70-79   ","count":114,"tested":3733},{"age_group":"80+","count":96,"tested":2622}],"race":[{"description":"Asian","count":12,"tested":212,"color":"rgb(140,86,75)"},{"description":"Black","count":641,"tested":11173,"color":"rgb(255,127,14)"},{"description":"Hispanic","count":94,"tested":867,"color":"rgb(214,39,40)"},{"description":"Left Blank","count":600,"tested":15047,"color":"rgb(44,160,44)"},{"description":"Other","count":46,"tested":631,"color":"rgb(148,103,189)"},{"description":"White","count":397,"tested":7386,"color":"rgb(31,119,180)"}],"gender":[]}
