{"age":[{"age_group":"<20","count":346,"tested":4312},{"age_group":"20-29   ","count":448,"tested":8751},{"age_group":"30-39   ","count":506,"tested":11809},{"age_group":"40-49   ","count":454,"tested":11727},{"age_group":"50-59   ","count":380,"tested":8775},{"age_group":"60-69   ","count":273,"tested":5849},{"age_group":"70-79   ","count":160,"tested":2985},{"age_group":"80+","count":137,"tested":2607}],"race":[{"description":"Asian","count":41,"tested":350,"color":"rgb(140,86,75)"},{"description":"Black","count":303,"tested":2275,"color":"rgb(255,127,14)"},{"description":"Hispanic","count":335,"tested":1949,"color":"rgb(214,39,40)"},{"description":"Left Blank","count":1067,"tested":41678,"color":"rgb(44,160,44)"},{"description":"Other","count":74,"tested":924,"color":"rgb(148,103,189)"},{"description":"White","count":878,"tested":11143,"color":"rgb(31,119,180)"}],"gender":[]}
