{"age":[{"age_group":"<20","count":881,"tested":10556},{"age_group":"20-29   ","count":499,"tested":7908},{"age_group":"30-39   ","count":492,"tested":7814},{"age_group":"40-49   ","count":490,"tested":6828},{"age_group":"50-59   ","count":542,"tested":7874},{"age_group":"60-69   ","count":328,"tested":6168},{"age_group":"70-79   ","count":154,"tested":3295},{"age_group":"80+","count":120,"tested":3592}],"race":[{"description":"AI/AN**","count":6,"tested":52,"color":"rgb(31,119,180)"},{"description":"Asian","count":195,"tested":1700,"color":"rgb(140,86,75)"},{"description":"Black","count":79,"tested":894,"color":"rgb(255,127,14)"},{"description":"Hispanic","count":278,"tested":1707,"color":"rgb(214,39,40)"},{"description":"Left Blank","count":575,"tested":25233,"color":"rgb(44,160,44)"},{"description":"NH/PI*","count":6,"tested":39,"color":"rgb(127,127,127)"},{"description":"Other","count":101,"tested":1477,"color":"rgb(148,103,189)"},{"description":"White","count":2266,"tested":22943,"color":"rgb(31,119,180)"}],"gender":[]}
