{"age":[{"age_group":"<20","count":600,"tested":6529},{"age_group":"20-29   ","count":476,"tested":9013},{"age_group":"30-39   ","count":356,"tested":8073},{"age_group":"40-49   ","count":392,"tested":7055},{"age_group":"50-59   ","count":498,"tested":6595},{"age_group":"60-69   ","count":242,"tested":3954},{"age_group":"70-79   ","count":109,"tested":1892},{"age_group":"80+","count":66,"tested":1000}],"race":[{"description":"Asian","count":58,"tested":705,"color":"rgb(140,86,75)"},{"description":"Black","count":41,"tested":447,"color":"rgb(255,127,14)"},{"description":"Hispanic","count":120,"tested":999,"color":"rgb(214,39,40)"},{"description":"Left Blank","count":895,"tested":27645,"color":"rgb(44,160,44)"},{"description":"Other","count":50,"tested":704,"color":"rgb(148,103,189)"},{"description":"White","count":1571,"tested":13551,"color":"rgb(31,119,180)"}],"gender":[]}
