{"age":[{"age_group":"<20","count":860,"tested":5713},{"age_group":"20-29   ","count":1263,"tested":9973},{"age_group":"30-39   ","count":1033,"tested":7884},{"age_group":"40-49   ","count":1072,"tested":7034},{"age_group":"50-59   ","count":920,"tested":7245},{"age_group":"60-69   ","count":481,"tested":4544},{"age_group":"70-79   ","count":196,"tested":2123},{"age_group":"80+","count":125,"tested":1600}],"race":[{"description":"Left Blank","count":1750,"tested":22853,"color":"rgb(44,160,44)"},{"description":"Hispanic","count":2938,"tested":10193,"color":"rgb(214,39,40)"},{"description":"Black","count":204,"tested":1919,"color":"rgb(255,127,14)"},{"description":"Asian","count":133,"tested":2206,"color":"rgb(140,86,75)"},{"description":"NH/PI*","count":22,"tested":25,"color":"rgb(127,127,127)"},{"description":"White","count":755,"tested":7521,"color":"rgb(31,119,180)"},{"description":"Other","count":143,"tested":1402,"color":"rgb(148,103,189)"}],"gender":[{"description":"Male","count":2785,"tested":18422,"color":"rgb(31,119,180)"},{"description":"Female","count":3112,"tested":27118,"color":"rgb(255,127,14)"},{"description":"Unknown/Left Blank","count":53,"tested":590,"color":"rgb(44,160,44)"}]}
