{"age":[{"age_group":"<20","count":369,"tested":3594},{"age_group":"20-29   ","count":450,"tested":5387},{"age_group":"30-39   ","count":481,"tested":5336},{"age_group":"40-49   ","count":419,"tested":4662},{"age_group":"50-59   ","count":372,"tested":4806},{"age_group":"60-69   ","count":262,"tested":4341},{"age_group":"70-79   ","count":101,"tested":2021},{"age_group":"80+","count":33,"tested":1507}],"race":[{"description":"Other","count":97,"tested":1097,"color":"rgb(148,103,189)"},{"description":"AI/AN**","count":10,"tested":33,"color":"rgb(31,119,180)"},{"description":"Black","count":196,"tested":1789,"color":"rgb(255,127,14)"},{"description":"Asian","count":169,"tested":1550,"color":"rgb(140,86,75)"},{"description":"White","count":1016,"tested":9421,"color":"rgb(31,119,180)"},{"description":"Left Blank","count":592,"tested":16134,"color":"rgb(44,160,44)"},{"description":"Hispanic","count":402,"tested":1609,"color":"rgb(214,39,40)"}],"gender":[{"description":"Female","count":1268,"tested":18401,"color":"rgb(255,127,14)"},{"description":"Male","count":1205,"tested":12862,"color":"rgb(31,119,180)"},{"description":"Unknown/Left Blank","count":14,"tested":403,"color":"rgb(44,160,44)"}]}
