{"age":[{"age_group":"<20","count":1034,"tested":7468},{"age_group":"20-29   ","count":1285,"tested":13308},{"age_group":"30-39   ","count":1220,"tested":12043},{"age_group":"40-49   ","count":1204,"tested":10697},{"age_group":"50-59   ","count":897,"tested":8486},{"age_group":"60-69   ","count":609,"tested":7871},{"age_group":"70-79   ","count":274,"tested":4443},{"age_group":"80+","count":129,"tested":2958}],"race":[{"description":"AI/AN**","count":6,"tested":38,"color":"rgb(31,119,180)"},{"description":"Black","count":785,"tested":9345,"color":"rgb(255,127,14)"},{"description":"Hispanic","count":3669,"tested":16770,"color":"rgb(214,39,40)"},{"description":"Asian","count":91,"tested":1391,"color":"rgb(140,86,75)"},{"description":"White","count":611,"tested":7719,"color":"rgb(31,119,180)"},{"description":"Left Blank","count":1249,"tested":29576,"color":"rgb(44,160,44)"},{"description":"Other","count":238,"tested":2445,"color":"rgb(148,103,189)"}],"gender":[{"description":"Female","count":3407,"tested":35617,"color":"rgb(255,127,14)"},{"description":"Male","count":3192,"tested":27928,"color":"rgb(31,119,180)"},{"description":"Unknown/Left Blank","count":53,"tested":3766,"color":"rgb(44,160,44)"}]}
