{"age":[{"age_group":"<20","count":455,"tested":3952},{"age_group":"20-29   ","count":559,"tested":4711},{"age_group":"30-39   ","count":570,"tested":5218},{"age_group":"40-49   ","count":553,"tested":4930},{"age_group":"50-59   ","count":514,"tested":5187},{"age_group":"60-69   ","count":301,"tested":3553},{"age_group":"70-79   ","count":140,"tested":1783},{"age_group":"80+","count":83,"tested":2208}],"race":[{"description":"Left Blank","count":1484,"tested":15777,"color":"rgb(44,160,44)"},{"description":"Other","count":187,"tested":1297,"color":"rgb(148,103,189)"},{"description":"Hispanic","count":120,"tested":991,"color":"rgb(214,39,40)"},{"description":"Asian","count":16,"tested":85,"color":"rgb(140,86,75)"},{"description":"White","count":1256,"tested":12124,"color":"rgb(31,119,180)"},{"description":"Black","count":110,"tested":1261,"color":"rgb(255,127,14)"}],"gender":[{"description":"Unknown/Left Blank","count":30,"tested":993,"color":"rgb(44,160,44)"},{"description":"Male","count":1615,"tested":14242,"color":"rgb(31,119,180)"},{"description":"Female","count":1530,"tested":16315,"color":"rgb(255,127,14)"}]}
