{"age":[{"age_group":"<20","count":147,"tested":1889},{"age_group":"20-29   ","count":187,"tested":2614},{"age_group":"30-39   ","count":184,"tested":2610},{"age_group":"40-49   ","count":182,"tested":2554},{"age_group":"50-59   ","count":178,"tested":2530},{"age_group":"60-69   ","count":177,"tested":2918},{"age_group":"70-79   ","count":102,"tested":1547},{"age_group":"80+","count":89,"tested":1701}],"race":[{"description":"White","count":73,"tested":942,"color":"rgb(31,119,180)"},{"description":"Other","count":32,"tested":272,"color":"rgb(148,103,189)"},{"description":"Left Blank","count":433,"tested":8544,"color":"rgb(44,160,44)"},{"description":"Hispanic","count":41,"tested":302,"color":"rgb(214,39,40)"},{"description":"Black","count":666,"tested":8270,"color":"rgb(255,127,14)"}],"gender":[{"description":"Female","count":675,"tested":10714,"color":"rgb(255,127,14)"},{"description":"Male","count":548,"tested":6822,"color":"rgb(31,119,180)"},{"description":"Unknown/Left Blank","count":23,"tested":851,"color":"rgb(44,160,44)"}]}
