{"age":[{"age_group":"<20","count":401,"tested":4367},{"age_group":"20-29   ","count":314,"tested":4074},{"age_group":"30-39   ","count":283,"tested":3943},{"age_group":"40-49   ","count":268,"tested":3180},{"age_group":"50-59   ","count":366,"tested":4203},{"age_group":"60-69   ","count":213,"tested":3364},{"age_group":"70-79   ","count":74,"tested":2057},{"age_group":"80+","count":85,"tested":2748}],"race":[{"description":"Asian","count":58,"tested":474,"color":"rgb(140,86,75)"},{"description":"White","count":1278,"tested":14532,"color":"rgb(31,119,180)"},{"description":"Left Blank","count":391,"tested":10451,"color":"rgb(44,160,44)"},{"description":"Hispanic","count":178,"tested":1265,"color":"rgb(214,39,40)"},{"description":"Black","count":40,"tested":573,"color":"rgb(255,127,14)"},{"description":"Other","count":56,"tested":646,"color":"rgb(148,103,189)"}],"gender":[{"description":"Male","count":940,"tested":11822,"color":"rgb(31,119,180)"},{"description":"Unknown/Left Blank","count":13,"tested":350,"color":"rgb(44,160,44)"},{"description":"Female","count":1052,"tested":15800,"color":"rgb(255,127,14)"}]}
