{"age":[{"age_group":"<20","count":11,"tested":182},{"age_group":"20-29   ","count":12,"tested":136},{"age_group":"30-39   ","count":10,"tested":153},{"age_group":"40-49   ","count":12,"tested":145},{"age_group":"50-59   ","count":11,"tested":155},{"age_group":"70-79   ","count":6,"tested":51}],"race":[{"description":"White","count":54,"tested":712,"color":"rgb(31,119,180)"}],"gender":[{"description":"Male","count":33,"tested":423,"color":"rgb(31,119,180)"},{"description":"Female","count":32,"tested":541,"color":"rgb(255,127,14)"}]}
