{"age":[{"age_group":"<20","count":1032,"tested":11679},{"age_group":"20-29   ","count":1548,"tested":23534},{"age_group":"30-39   ","count":1691,"tested":29520},{"age_group":"40-49   ","count":1291,"tested":16894},{"age_group":"50-59   ","count":920,"tested":11178},{"age_group":"60-69   ","count":565,"tested":7104},{"age_group":"70-79   ","count":267,"tested":3439},{"age_group":"80+","count":170,"tested":2576}],"race":[{"description":"AI/AN**","count":19,"tested":102,"color":"rgb(31,119,180)"},{"description":"NH/PI*","count":14,"tested":163,"color":"rgb(127,127,127)"},{"description":"Black","count":161,"tested":2512,"color":"rgb(255,127,14)"},{"description":"Asian","count":190,"tested":3400,"color":"rgb(140,86,75)"},{"description":"Hispanic","count":3226,"tested":18600,"color":"rgb(214,39,40)"},{"description":"White","count":1809,"tested":34740,"color":"rgb(31,119,180)"},{"description":"Other","count":393,"tested":5323,"color":"rgb(148,103,189)"},{"description":"Left Blank","count":1672,"tested":41114,"color":"rgb(44,160,44)"}],"gender":[{"description":"Female","count":3589,"tested":56290,"color":"rgb(255,127,14)"},{"description":"Male","count":3716,"tested":46989,"color":"rgb(31,119,180)"},{"description":"Unknown/Left Blank","count":179,"tested":2675,"color":"rgb(44,160,44)"}]}
