{"age":[{"age_group":"<20","count":511,"tested":5913},{"age_group":"20-29   ","count":543,"tested":7105},{"age_group":"30-39   ","count":380,"tested":6957},{"age_group":"40-49   ","count":395,"tested":5951},{"age_group":"50-59   ","count":470,"tested":9248},{"age_group":"60-69   ","count":339,"tested":7170},{"age_group":"70-79   ","count":187,"tested":4115},{"age_group":"80+","count":158,"tested":4383}],"race":[{"description":"Black","count":56,"tested":828,"color":"rgb(255,127,14)"},{"description":"Asian","count":176,"tested":3830,"color":"rgb(140,86,75)"},{"description":"Hispanic","count":322,"tested":3225,"color":"rgb(214,39,40)"},{"description":"Left Blank","count":829,"tested":19168,"color":"rgb(44,160,44)"},{"description":"Other","count":96,"tested":929,"color":"rgb(148,103,189)"},{"description":"White","count":1498,"tested":22765,"color":"rgb(31,119,180)"}],"gender":[{"description":"Female","count":1549,"tested":29842,"color":"rgb(255,127,14)"},{"description":"Unknown/Left Blank","count":20,"tested":1627,"color":"rgb(44,160,44)"},{"description":"Male","count":1414,"tested":19389,"color":"rgb(31,119,180)"}]}
