{"age":[{"age_group":"<20","count":99,"tested":875},{"age_group":"20-29   ","count":154,"tested":1592},{"age_group":"30-39   ","count":131,"tested":1227},{"age_group":"40-49   ","count":117,"tested":1086},{"age_group":"50-59   ","count":129,"tested":1184},{"age_group":"60-69   ","count":96,"tested":941},{"age_group":"70-79   ","count":49,"tested":535},{"age_group":"80+","count":14,"tested":234}],"race":[{"description":"Other","count":24,"tested":288,"color":"rgb(148,103,189)"},{"description":"Left Blank","count":274,"tested":2868,"color":"rgb(44,160,44)"},{"description":"White","count":253,"tested":2376,"color":"rgb(31,119,180)"},{"description":"Black","count":134,"tested":1534,"color":"rgb(255,127,14)"},{"description":"Hispanic","count":102,"tested":551,"color":"rgb(214,39,40)"}],"gender":[{"description":"Male","count":354,"tested":3062,"color":"rgb(31,119,180)"},{"description":"Unknown/Left Blank","count":8,"tested":108,"color":"rgb(44,160,44)"},{"description":"Female","count":427,"tested":4505,"color":"rgb(255,127,14)"}]}
