{"age":[{"age_group":"<20","count":661,"tested":4867},{"age_group":"20-29   ","count":898,"tested":8644},{"age_group":"30-39   ","count":914,"tested":8402},{"age_group":"40-49   ","count":834,"tested":7445},{"age_group":"50-59   ","count":708,"tested":8181},{"age_group":"60-69   ","count":470,"tested":6688},{"age_group":"70-79   ","count":275,"tested":4515},{"age_group":"80+","count":224,"tested":4999}],"race":[{"description":"Hispanic","count":1307,"tested":5713,"color":"rgb(214,39,40)"},{"description":"White","count":1572,"tested":15893,"color":"rgb(31,119,180)"},{"description":"Left Blank","count":1297,"tested":23231,"color":"rgb(44,160,44)"},{"description":"Black","count":497,"tested":5404,"color":"rgb(255,127,14)"},{"description":"Asian","count":53,"tested":417,"color":"rgb(140,86,75)"},{"description":"Other","count":223,"tested":2931,"color":"rgb(148,103,189)"},{"description":"AI/AN**","count":30,"tested":143,"color":"rgb(31,119,180)"}],"gender":[{"description":"Female","count":2649,"tested":31049,"color":"rgb(255,127,14)"},{"description":"Male","count":2299,"tested":21400,"color":"rgb(31,119,180)"},{"description":"Unknown/Left Blank","count":36,"tested":1300,"color":"rgb(44,160,44)"}]}
