{"age":[{"age_group":"<20","count":599,"tested":5779},{"age_group":"20-29   ","count":937,"tested":9377},{"age_group":"30-39   ","count":926,"tested":11399},{"age_group":"40-49   ","count":796,"tested":8593},{"age_group":"50-59   ","count":779,"tested":7898},{"age_group":"60-69   ","count":505,"tested":6589},{"age_group":"70-79   ","count":263,"tested":3485},{"age_group":"80+","count":195,"tested":2607}],"race":[{"description":"NH/PI*","count":22,"tested":218,"color":"rgb(127,127,127)"},{"description":"AI/AN**","count":11,"tested":52,"color":"rgb(31,119,180)"},{"description":"White","count":1692,"tested":18915,"color":"rgb(31,119,180)"},{"description":"Other","count":305,"tested":3039,"color":"rgb(148,103,189)"},{"description":"Left Blank","count":905,"tested":18950,"color":"rgb(44,160,44)"},{"description":"Hispanic","count":1575,"tested":10028,"color":"rgb(214,39,40)"},{"description":"Black","count":71,"tested":891,"color":"rgb(255,127,14)"},{"description":"Asian","count":419,"tested":3641,"color":"rgb(140,86,75)"}],"gender":[{"description":"Female","count":2490,"tested":30081,"color":"rgb(255,127,14)"},{"description":"Male","count":2455,"tested":24581,"color":"rgb(31,119,180)"},{"description":"Unknown/Left Blank","count":55,"tested":1072,"color":"rgb(44,160,44)"}]}
