{"age":[{"age_group":"<20","count":524,"tested":4954},{"age_group":"20-29   ","count":527,"tested":5986},{"age_group":"30-39   ","count":559,"tested":5617},{"age_group":"40-49   ","count":440,"tested":5171},{"age_group":"50-59   ","count":416,"tested":5256},{"age_group":"60-69   ","count":335,"tested":4842},{"age_group":"70-79   ","count":232,"tested":3391},{"age_group":"80+","count":139,"tested":3142}],"race":[{"description":"Hispanic","count":821,"tested":3099,"color":"rgb(214,39,40)"},{"description":"Other","count":61,"tested":644,"color":"rgb(148,103,189)"},{"description":"Black","count":297,"tested":2491,"color":"rgb(255,127,14)"},{"description":"Asian","count":106,"tested":512,"color":"rgb(140,86,75)"},{"description":"White","count":1411,"tested":10212,"color":"rgb(31,119,180)"},{"description":"Left Blank","count":473,"tested":21387,"color":"rgb(44,160,44)"}],"gender":[{"description":"Unknown/Left Blank","count":11,"tested":983,"color":"rgb(44,160,44)"},{"description":"Male","count":1474,"tested":14383,"color":"rgb(31,119,180)"},{"description":"Female","count":1687,"tested":23003,"color":"rgb(255,127,14)"}]}
