{"age":[{"age_group":"<20","count":24,"tested":211},{"age_group":"20-29   ","count":32,"tested":254},{"age_group":"30-39   ","count":27,"tested":320},{"age_group":"40-49   ","count":21,"tested":252},{"age_group":"50-59   ","count":21,"tested":266},{"age_group":"60-69   ","count":14,"tested":304}],"race":[{"description":"Left Blank","count":41,"tested":640,"color":"rgb(44,160,44)"},{"description":"White","count":77,"tested":998,"color":"rgb(31,119,180)"},{"description":"Hispanic","count":20,"tested":113,"color":"rgb(214,39,40)"}],"gender":[{"description":"Female","count":81,"tested":1054,"color":"rgb(255,127,14)"},{"description":"Male","count":64,"tested":710,"color":"rgb(31,119,180)"}]}
