{"age":[{"age_group":"<20","count":89,"tested":587},{"age_group":"20-29   ","count":100,"tested":736},{"age_group":"30-39   ","count":68,"tested":713},{"age_group":"40-49   ","count":94,"tested":638},{"age_group":"50-59   ","count":118,"tested":1029},{"age_group":"60-69   ","count":72,"tested":683},{"age_group":"70-79   ","count":38,"tested":390},{"age_group":"80+","count":16,"tested":172}],"race":[{"description":"Left Blank","count":207,"tested":1665,"color":"rgb(44,160,44)"},{"description":"Other","count":8,"tested":133,"color":"rgb(148,103,189)"},{"description":"Hispanic","count":33,"tested":129,"color":"rgb(214,39,40)"},{"description":"White","count":343,"tested":2955,"color":"rgb(31,119,180)"}],"gender":[{"description":"Female","count":317,"tested":2825,"color":"rgb(255,127,14)"},{"description":"Male","count":275,"tested":2080,"color":"rgb(31,119,180)"}]}
