{"age":[{"age_group":"<20","count":474,"tested":3658},{"age_group":"20-29   ","count":658,"tested":6305},{"age_group":"30-39   ","count":518,"tested":5293},{"age_group":"40-49   ","count":517,"tested":5136},{"age_group":"50-59   ","count":561,"tested":5312},{"age_group":"60-69   ","count":424,"tested":5228},{"age_group":"70-79   ","count":250,"tested":3785},{"age_group":"80+","count":165,"tested":3365}],"race":[{"description":"Black","count":95,"tested":1874,"color":"rgb(255,127,14)"},{"description":"Asian","count":62,"tested":829,"color":"rgb(140,86,75)"},{"description":"White","count":1550,"tested":14305,"color":"rgb(31,119,180)"},{"description":"Other","count":151,"tested":1217,"color":"rgb(148,103,189)"},{"description":"Left Blank","count":1529,"tested":18645,"color":"rgb(44,160,44)"},{"description":"Hispanic","count":176,"tested":1130,"color":"rgb(214,39,40)"}],"gender":[{"description":"Male","count":1657,"tested":14867,"color":"rgb(31,119,180)"},{"description":"Female","count":1880,"tested":22588,"color":"rgb(255,127,14)"},{"description":"Unknown/Left Blank","count":32,"tested":641,"color":"rgb(44,160,44)"}]}
