{"age":[{"age_group":"<20","count":195,"tested":1849},{"age_group":"20-29   ","count":353,"tested":9064},{"age_group":"30-39   ","count":282,"tested":9781},{"age_group":"40-49   ","count":310,"tested":9500},{"age_group":"50-59   ","count":266,"tested":6595},{"age_group":"60-69   ","count":135,"tested":3973},{"age_group":"70-79   ","count":85,"tested":2018},{"age_group":"80+","count":67,"tested":1465}],"race":[{"description":"Black","count":206,"tested":1779,"color":"rgb(255,127,14)"},{"description":"Asian","count":35,"tested":313,"color":"rgb(140,86,75)"},{"description":"White","count":571,"tested":6509,"color":"rgb(31,119,180)"},{"description":"Other","count":55,"tested":826,"color":"rgb(148,103,189)"},{"description":"Left Blank","count":476,"tested":33755,"color":"rgb(44,160,44)"},{"description":"Hispanic","count":346,"tested":1706,"color":"rgb(214,39,40)"}],"gender":[{"description":"Unknown/Left Blank","count":39,"tested":21350,"color":"rgb(44,160,44)"},{"description":"Female","count":881,"tested":10055,"color":"rgb(255,127,14)"},{"description":"Male","count":773,"tested":13537,"color":"rgb(31,119,180)"}]}
