{"age":[{"age_group":"<20","count":445,"tested":3101},{"age_group":"20-29   ","count":666,"tested":6146},{"age_group":"30-39   ","count":574,"tested":5203},{"age_group":"40-49   ","count":481,"tested":4374},{"age_group":"50-59   ","count":540,"tested":5357},{"age_group":"60-69   ","count":419,"tested":4826},{"age_group":"70-79   ","count":217,"tested":2693},{"age_group":"80+","count":121,"tested":1777}],"race":[{"description":"Left Blank","count":1407,"tested":15644,"color":"rgb(44,160,44)"},{"description":"White","count":1542,"tested":13166,"color":"rgb(31,119,180)"},{"description":"Other","count":128,"tested":1160,"color":"rgb(148,103,189)"},{"description":"Black","count":136,"tested":1794,"color":"rgb(255,127,14)"},{"description":"Hispanic","count":172,"tested":1037,"color":"rgb(214,39,40)"},{"description":"Asian","count":71,"tested":613,"color":"rgb(140,86,75)"}],"gender":[{"description":"Unknown/Left Blank","count":28,"tested":555,"color":"rgb(44,160,44)"},{"description":"Male","count":1618,"tested":13714,"color":"rgb(31,119,180)"},{"description":"Female","count":1817,"tested":19221,"color":"rgb(255,127,14)"}]}
