{"age":[{"age_group":"<20","count":571,"tested":4796},{"age_group":"20-29   ","count":662,"tested":7412},{"age_group":"30-39   ","count":577,"tested":6766},{"age_group":"40-49   ","count":593,"tested":5680},{"age_group":"50-59   ","count":717,"tested":7925},{"age_group":"60-69   ","count":402,"tested":5175},{"age_group":"70-79   ","count":168,"tested":2915},{"age_group":"80+","count":120,"tested":3567}],"race":[{"description":"AI/AN**","count":9,"tested":31,"color":"rgb(31,119,180)"},{"description":"NH/PI*","count":8,"tested":74,"color":"rgb(127,127,127)"},{"description":"Hispanic","count":389,"tested":1961,"color":"rgb(214,39,40)"},{"description":"White","count":1859,"tested":13501,"color":"rgb(31,119,180)"},{"description":"Black","count":57,"tested":694,"color":"rgb(255,127,14)"},{"description":"Asian","count":337,"tested":2800,"color":"rgb(140,86,75)"},{"description":"Other","count":122,"tested":1043,"color":"rgb(148,103,189)"},{"description":"Left Blank","count":1029,"tested":24147,"color":"rgb(44,160,44)"}],"gender":[{"description":"Female","count":1894,"tested":25854,"color":"rgb(255,127,14)"},{"description":"Male","count":1892,"tested":17476,"color":"rgb(31,119,180)"},{"description":"Unknown/Left Blank","count":24,"tested":921,"color":"rgb(44,160,44)"}]}
