{"age":[{"age_group":"<20","count":388,"tested":4044},{"age_group":"20-29   ","count":414,"tested":4980},{"age_group":"30-39   ","count":395,"tested":4575},{"age_group":"40-49   ","count":323,"tested":3604},{"age_group":"50-59   ","count":430,"tested":4882},{"age_group":"60-69   ","count":359,"tested":4638},{"age_group":"70-79   ","count":199,"tested":2931},{"age_group":"80+","count":221,"tested":5639}],"race":[{"description":"Hispanic","count":116,"tested":546,"color":"rgb(214,39,40)"},{"description":"Asian","count":16,"tested":115,"color":"rgb(140,86,75)"},{"description":"Left Blank","count":669,"tested":15599,"color":"rgb(44,160,44)"},{"description":"White","count":1648,"tested":16307,"color":"rgb(31,119,180)"},{"description":"Other","count":36,"tested":553,"color":"rgb(148,103,189)"},{"description":"Black","count":240,"tested":2159,"color":"rgb(255,127,14)"}],"gender":[{"description":"Female","count":1504,"tested":23521,"color":"rgb(255,127,14)"},{"description":"Male","count":1194,"tested":11014,"color":"rgb(31,119,180)"},{"description":"Unknown/Left Blank","count":31,"tested":770,"color":"rgb(44,160,44)"}]}
