{"age":[{"age_group":"<20","count":136,"tested":1534},{"age_group":"20-29   ","count":159,"tested":1867},{"age_group":"30-39   ","count":145,"tested":2130},{"age_group":"40-49   ","count":182,"tested":2005},{"age_group":"50-59   ","count":227,"tested":2645},{"age_group":"60-69   ","count":198,"tested":2470},{"age_group":"70-79   ","count":81,"tested":1239},{"age_group":"80+","count":35,"tested":662}],"race":[{"description":"Hispanic","count":19,"tested":176,"color":"rgb(214,39,40)"},{"description":"Left Blank","count":366,"tested":7305,"color":"rgb(44,160,44)"},{"description":"White","count":742,"tested":6635,"color":"rgb(31,119,180)"},{"description":"Other","count":17,"tested":304,"color":"rgb(148,103,189)"},{"description":"Black","count":12,"tested":96,"color":"rgb(255,127,14)"}],"gender":[{"description":"Male","count":563,"tested":6002,"color":"rgb(31,119,180)"},{"description":"Female","count":596,"tested":8288,"color":"rgb(255,127,14)"}]}
