{"age":[{"age_group":"<20","count":20,"tested":196},{"age_group":"20-29   ","count":11,"tested":153},{"age_group":"30-39   ","count":24,"tested":181},{"age_group":"40-49   ","count":11,"tested":190},{"age_group":"50-59   ","count":18,"tested":187},{"age_group":"60-69   ","count":21,"tested":207}],"race":[{"description":"White","count":72,"tested":739,"color":"rgb(31,119,180)"},{"description":"Left Blank","count":31,"tested":450,"color":"rgb(44,160,44)"}],"gender":[{"description":"Female","count":56,"tested":741,"color":"rgb(255,127,14)"},{"description":"Male","count":56,"tested":519,"color":"rgb(31,119,180)"}]}
