{"age":[{"age_group":"<20","count":169,"tested":1476},{"age_group":"20-29   ","count":137,"tested":1509},{"age_group":"30-39   ","count":115,"tested":1173},{"age_group":"40-49   ","count":125,"tested":1283},{"age_group":"50-59   ","count":153,"tested":1689},{"age_group":"60-69   ","count":74,"tested":1211},{"age_group":"70-79   ","count":37,"tested":581},{"age_group":"80+","count":11,"tested":258}],"race":[{"description":"Other","count":10,"tested":180,"color":"rgb(148,103,189)"},{"description":"Asian","count":9,"tested":190,"color":"rgb(140,86,75)"},{"description":"Hispanic","count":76,"tested":348,"color":"rgb(214,39,40)"},{"description":"Left Blank","count":209,"tested":3498,"color":"rgb(44,160,44)"},{"description":"White","count":516,"tested":4907,"color":"rgb(31,119,180)"}],"gender":[{"description":"Female","count":423,"tested":5212,"color":"rgb(255,127,14)"},{"description":"Male","count":395,"tested":3870,"color":"rgb(31,119,180)"}]}
