{"age":[{"age_group":"<20","count":808,"tested":6298},{"age_group":"20-29   ","count":956,"tested":8354},{"age_group":"30-39   ","count":739,"tested":7039},{"age_group":"40-49   ","count":884,"tested":7716},{"age_group":"50-59   ","count":805,"tested":7619},{"age_group":"60-69   ","count":300,"tested":3284},{"age_group":"70-79   ","count":107,"tested":1523},{"age_group":"80+","count":51,"tested":604}],"race":[{"description":"Other","count":182,"tested":1804,"color":"rgb(148,103,189)"},{"description":"Hispanic","count":866,"tested":4585,"color":"rgb(214,39,40)"},{"description":"White","count":1736,"tested":15255,"color":"rgb(31,119,180)"},{"description":"Asian","count":51,"tested":711,"color":"rgb(140,86,75)"},{"description":"Left Blank","count":1487,"tested":17137,"color":"rgb(44,160,44)"},{"description":"Black","count":318,"tested":2838,"color":"rgb(255,127,14)"},{"description":"AI/AN**","count":8,"tested":59,"color":"rgb(31,119,180)"}],"gender":[{"description":"Male","count":2164,"tested":17888,"color":"rgb(31,119,180)"},{"description":"Unknown/Left Blank","count":37,"tested":727,"color":"rgb(44,160,44)"},{"description":"Female","count":2449,"tested":23825,"color":"rgb(255,127,14)"}]}
