{"age":[{"age_group":"<20","count":108,"tested":1135},{"age_group":"20-29   ","count":61,"tested":668},{"age_group":"30-39   ","count":97,"tested":643},{"age_group":"40-49   ","count":98,"tested":684},{"age_group":"50-59   ","count":107,"tested":967},{"age_group":"60-69   ","count":61,"tested":699},{"age_group":"70-79   ","count":28,"tested":391},{"age_group":"80+","count":33,"tested":405}],"race":[{"description":"Left Blank","count":75,"tested":1897,"color":"rgb(44,160,44)"},{"description":"Black","count":8,"tested":73,"color":"rgb(255,127,14)"},{"description":"White","count":488,"tested":3420,"color":"rgb(31,119,180)"},{"description":"Hispanic","count":19,"tested":121,"color":"rgb(214,39,40)"}],"gender":[{"description":"Male","count":277,"tested":2442,"color":"rgb(31,119,180)"},{"description":"Female","count":316,"tested":3049,"color":"rgb(255,127,14)"}]}
