{"age":[{"age_group":"<20","count":121,"tested":771},{"age_group":"20-29   ","count":171,"tested":1195},{"age_group":"30-39   ","count":134,"tested":894},{"age_group":"40-49   ","count":118,"tested":765},{"age_group":"50-59   ","count":94,"tested":823},{"age_group":"60-69   ","count":62,"tested":512},{"age_group":"70-79   ","count":21,"tested":247},{"age_group":"80+","count":8,"tested":125}],"race":[{"description":"White","count":73,"tested":820,"color":"rgb(31,119,180)"},{"description":"Left Blank","count":296,"tested":2613,"color":"rgb(44,160,44)"},{"description":"Other","count":29,"tested":156,"color":"rgb(148,103,189)"},{"description":"Hispanic","count":285,"tested":1222,"color":"rgb(214,39,40)"},{"description":"Black","count":43,"tested":491,"color":"rgb(255,127,14)"}],"gender":[{"description":"Male","count":363,"tested":2334,"color":"rgb(31,119,180)"},{"description":"Female","count":365,"tested":2964,"color":"rgb(255,127,14)"}]}
