{"age":[{"age_group":"<20","count":16,"tested":231},{"age_group":"20-29   ","count":31,"tested":213},{"age_group":"30-39   ","count":27,"tested":266},{"age_group":"40-49   ","count":21,"tested":185},{"age_group":"50-59   ","count":31,"tested":241},{"age_group":"60-69   ","count":8,"tested":115}],"race":[{"description":"Left Blank","count":29,"tested":429,"color":"rgb(44,160,44)"},{"description":"Other","count":19,"tested":87,"color":"rgb(148,103,189)"},{"description":"White","count":96,"tested":801,"color":"rgb(31,119,180)"}],"gender":[{"description":"Male","count":77,"tested":554,"color":"rgb(31,119,180)"},{"description":"Female","count":68,"tested":761,"color":"rgb(255,127,14)"}]}
