{"age":[{"age_group":"<20","count":40,"tested":491},{"age_group":"20-29   ","count":42,"tested":426},{"age_group":"30-39   ","count":28,"tested":254},{"age_group":"40-49   ","count":37,"tested":239},{"age_group":"50-59   ","count":41,"tested":321},{"age_group":"60-69   ","count":29,"tested":291},{"age_group":"70-79   ","count":13,"tested":126},{"age_group":"80+","count":7,"tested":59}],"race":[{"description":"Hispanic","count":19,"tested":83,"color":"rgb(214,39,40)"},{"description":"Left Blank","count":79,"tested":1142,"color":"rgb(44,160,44)"},{"description":"White","count":138,"tested":956,"color":"rgb(31,119,180)"}],"gender":[{"description":"Male","count":105,"tested":790,"color":"rgb(31,119,180)"},{"description":"Unknown/Left Blank","count":7,"tested":33,"color":"rgb(44,160,44)"},{"description":"Female","count":125,"tested":1384,"color":"rgb(255,127,14)"}]}
