{"age":[{"age_group":"<20","count":51,"tested":539},{"age_group":"20-29   ","count":60,"tested":437},{"age_group":"30-39   ","count":44,"tested":405},{"age_group":"40-49   ","count":57,"tested":420},{"age_group":"50-59   ","count":49,"tested":371},{"age_group":"60-69   ","count":27,"tested":189},{"age_group":"70-79   ","count":9,"tested":87},{"age_group":"80+","count":6,"tested":47}],"race":[{"description":"Hispanic","count":31,"tested":117,"color":"rgb(214,39,40)"},{"description":"White","count":140,"tested":1113,"color":"rgb(31,119,180)"},{"description":"Left Blank","count":126,"tested":1187,"color":"rgb(44,160,44)"},{"description":"Other","count":6,"tested":49,"color":"rgb(148,103,189)"}],"gender":[{"description":"Female","count":159,"tested":1422,"color":"rgb(255,127,14)"},{"description":"Male","count":145,"tested":1045,"color":"rgb(31,119,180)"}]}
