{"age":[{"age_group":"<20","count":69,"tested":656},{"age_group":"20-29   ","count":115,"tested":1377},{"age_group":"30-39   ","count":74,"tested":1419},{"age_group":"40-49   ","count":86,"tested":1270},{"age_group":"50-59   ","count":113,"tested":1775},{"age_group":"60-69   ","count":108,"tested":1707},{"age_group":"70-79   ","count":67,"tested":1038},{"age_group":"80+","count":25,"tested":471}],"race":[{"description":"Black","count":38,"tested":1090,"color":"rgb(255,127,14)"},{"description":"White","count":338,"tested":5737,"color":"rgb(31,119,180)"},{"description":"Other","count":11,"tested":194,"color":"rgb(148,103,189)"},{"description":"Hispanic","count":100,"tested":538,"color":"rgb(214,39,40)"},{"description":"Left Blank","count":167,"tested":2124,"color":"rgb(44,160,44)"}],"gender":[{"description":"Female","count":307,"tested":5607,"color":"rgb(255,127,14)"},{"description":"Male","count":346,"tested":3999,"color":"rgb(31,119,180)"}]}
