{"age":[{"age_group":"<20","count":365,"tested":3689},{"age_group":"20-29   ","count":327,"tested":4430},{"age_group":"30-39   ","count":348,"tested":4722},{"age_group":"40-49   ","count":413,"tested":5241},{"age_group":"50-59   ","count":430,"tested":5739},{"age_group":"60-69   ","count":244,"tested":4521},{"age_group":"70-79   ","count":138,"tested":3079},{"age_group":"80+","count":147,"tested":2976}],"race":[{"description":"Other","count":201,"tested":1686,"color":"rgb(148,103,189)"},{"description":"NH/PI*","count":6,"tested":56,"color":"rgb(127,127,127)"},{"description":"Black","count":27,"tested":397,"color":"rgb(255,127,14)"},{"description":"Asian","count":149,"tested":1496,"color":"rgb(140,86,75)"},{"description":"Left Blank","count":589,"tested":16346,"color":"rgb(44,160,44)"},{"description":"White","count":1132,"tested":12211,"color":"rgb(31,119,180)"},{"description":"Hispanic","count":305,"tested":2185,"color":"rgb(214,39,40)"}],"gender":[{"description":"Female","count":1179,"tested":17906,"color":"rgb(255,127,14)"},{"description":"Male","count":1176,"tested":15274,"color":"rgb(31,119,180)"},{"description":"Unknown/Left Blank","count":57,"tested":1225,"color":"rgb(44,160,44)"}]}
