{"lastUpdatedDate":{"year":2021,"month":6,"day":3},"county_demographics":[{"County":"McHenry","confirmed_cases":29091,"total_tested":360827,"demographics":{"age":[{"race":[],"age_group":"<20","count":4837,"tested":50821,"deaths":0},{"race":[],"age_group":"20-29   ","count":5024,"tested":55575,"deaths":0},{"race":[],"age_group":"30-39   ","count":4433,"tested":51402,"deaths":0},{"race":[],"age_group":"40-49   ","count":4519,"tested":48424,"deaths":0},{"race":[],"age_group":"50-59   ","count":4969,"tested":57711,"deaths":0},{"race":[],"age_group":"60-69   ","count":3019,"tested":44082,"deaths":0},{"race":[],"age_group":"70-79   ","count":1328,"tested":26978,"deaths":0},{"race":[],"age_group":"80+","count":957,"tested":25758,"deaths":0},{"race":[],"age_group":"Unknown","count":0,"tested":76,"deaths":0}],"race":[{"description":"AI/AN**","count":37,"tested":435,"deaths":0,"color":"rgb(31,119,180)"},{"description":"Asian","count":505,"tested":6387,"deaths":0,"color":"rgb(140,86,75)"},{"description":"Black","count":327,"tested":4270,"deaths":0,"color":"rgb(255,127,14)"},{"description":"Hispanic","count":4681,"tested":26613,"deaths":0,"color":"rgb(214,39,40)"},{"description":"Left Blank","count":7018,"tested":134948,"deaths":0,"color":"rgb(44,160,44)"},{"description":"NH/PI*","count":29,"tested":548,"deaths":0,"color":"rgb(127,127,127)"},{"description":"Other","count":580,"tested":6726,"deaths":0,"color":"rgb(148,103,189)"},{"description":"White","count":15909,"tested":180900,"deaths":0,"color":"rgb(31,119,180)"}],"gender":[{"description":"Female","count":14806,"tested":207835,"deaths":0,"color":"rgb(255,127,14)"},{"description":"Male","count":14091,"tested":148511,"deaths":0,"color":"rgb(31,119,180)"},{"description":"Unknown/Left Blank","count":194,"tested":4481,"deaths":0,"color":"rgb(44,160,44)"}]}}]}
