{"lastUpdatedDate":{"year":2021,"month":6,"day":3},"county_demographics":[{"County":"Madison","confirmed_cases":30836,"total_tested":331960,"demographics":{"age":[{"race":[],"age_group":"<20","count":4922,"tested":45656,"deaths":0},{"race":[],"age_group":"20-29   ","count":5332,"tested":56805,"deaths":0},{"race":[],"age_group":"30-39   ","count":4801,"tested":49890,"deaths":0},{"race":[],"age_group":"40-49   ","count":4375,"tested":42796,"deaths":0},{"race":[],"age_group":"50-59   ","count":4507,"tested":45860,"deaths":0},{"race":[],"age_group":"60-69   ","count":3489,"tested":39805,"deaths":0},{"race":[],"age_group":"70-79   ","count":1937,"tested":24018,"deaths":0},{"race":[],"age_group":"80+","count":1442,"tested":26871,"deaths":0},{"race":[],"age_group":"Unknown","count":29,"tested":259,"deaths":0}],"race":[{"description":"AI/AN**","count":29,"tested":244,"deaths":0,"color":"rgb(31,119,180)"},{"description":"Asian","count":137,"tested":1264,"deaths":0,"color":"rgb(140,86,75)"},{"description":"Black","count":2357,"tested":19999,"deaths":0,"color":"rgb(255,127,14)"},{"description":"Hispanic","count":746,"tested":3565,"deaths":0,"color":"rgb(214,39,40)"},{"description":"Left Blank","count":7486,"tested":148486,"deaths":0,"color":"rgb(44,160,44)"},{"description":"NH/PI*","count":15,"tested":159,"deaths":0,"color":"rgb(127,127,127)"},{"description":"Other","count":1003,"tested":10857,"deaths":0,"color":"rgb(148,103,189)"},{"description":"White","count":19057,"tested":147386,"deaths":0,"color":"rgb(31,119,180)"}],"gender":[{"description":"Female","count":16412,"tested":201353,"deaths":0,"color":"rgb(255,127,14)"},{"description":"Male","count":13907,"tested":124392,"deaths":0,"color":"rgb(31,119,180)"},{"description":"Unknown/Left Blank","count":517,"tested":6215,"deaths":0,"color":"rgb(44,160,44)"}]}}]}
