{"lastUpdatedDate":{"year":2021,"month":6,"day":3},"county_demographics":[{"County":"Woodford","confirmed_cases":4803,"total_tested":78643,"demographics":{"age":[{"race":[],"age_group":"<20","count":978,"tested":13867,"deaths":0},{"race":[],"age_group":"20-29   ","count":638,"tested":10219,"deaths":0},{"race":[],"age_group":"30-39   ","count":662,"tested":9673,"deaths":0},{"race":[],"age_group":"40-49   ","count":682,"tested":9584,"deaths":0},{"race":[],"age_group":"50-59   ","count":714,"tested":10273,"deaths":0},{"race":[],"age_group":"60-69   ","count":570,"tested":8642,"deaths":0},{"race":[],"age_group":"70-79   ","count":287,"tested":5636,"deaths":0},{"race":[],"age_group":"80+","count":272,"tested":10719,"deaths":0},{"race":[],"age_group":"Unknown","count":0,"tested":30,"deaths":0}],"race":[{"description":"AI/AN**","count":0,"tested":57,"deaths":0,"color":"rgb(31,119,180)"},{"description":"Asian","count":9,"tested":263,"deaths":0,"color":"rgb(140,86,75)"},{"description":"Black","count":26,"tested":613,"deaths":0,"color":"rgb(255,127,14)"},{"description":"Hispanic","count":32,"tested":470,"deaths":0,"color":"rgb(214,39,40)"},{"description":"Left Blank","count":1762,"tested":28657,"deaths":0,"color":"rgb(44,160,44)"},{"description":"NH/PI*","count":0,"tested":13,"deaths":0,"color":"rgb(127,127,127)"},{"description":"Other","count":92,"tested":2531,"deaths":0,"color":"rgb(148,103,189)"},{"description":"White","count":2874,"tested":46039,"deaths":0,"color":"rgb(31,119,180)"}],"gender":[{"description":"Female","count":2445,"tested":48587,"deaths":0,"color":"rgb(255,127,14)"},{"description":"Male","count":2274,"tested":27641,"deaths":0,"color":"rgb(31,119,180)"},{"description":"Unknown/Left Blank","count":84,"tested":2415,"deaths":0,"color":"rgb(44,160,44)"}]}}]}
