{"lastUpdatedDate":{"year":2021,"month":6,"day":3},"county_demographics":[{"County":"Adams","confirmed_cases":8618,"total_tested":166156,"demographics":{"age":[{"race":[],"age_group":"<20","count":1435,"tested":20507,"deaths":0},{"race":[],"age_group":"20-29   ","count":1331,"tested":22657,"deaths":0},{"race":[],"age_group":"30-39   ","count":1218,"tested":22834,"deaths":0},{"race":[],"age_group":"40-49   ","count":1059,"tested":20192,"deaths":0},{"race":[],"age_group":"50-59   ","count":1238,"tested":25501,"deaths":0},{"race":[],"age_group":"60-69   ","count":1076,"tested":18261,"deaths":0},{"race":[],"age_group":"70-79   ","count":700,"tested":15093,"deaths":0},{"race":[],"age_group":"80+","count":558,"tested":21077,"deaths":0},{"race":[],"age_group":"Unknown","count":0,"tested":34,"deaths":0}],"race":[{"description":"AI/AN**","count":0,"tested":77,"deaths":0,"color":"rgb(31,119,180)"},{"description":"Asian","count":0,"tested":301,"deaths":0,"color":"rgb(140,86,75)"},{"description":"Black","count":154,"tested":3064,"deaths":0,"color":"rgb(255,127,14)"},{"description":"Hispanic","count":32,"tested":552,"deaths":0,"color":"rgb(214,39,40)"},{"description":"Left Blank","count":6028,"tested":112746,"deaths":0,"color":"rgb(44,160,44)"},{"description":"NH/PI*","count":0,"tested":68,"deaths":0,"color":"rgb(127,127,127)"},{"description":"Other","count":18,"tested":468,"deaths":0,"color":"rgb(148,103,189)"},{"description":"White","count":2374,"tested":48880,"deaths":0,"color":"rgb(31,119,180)"}],"gender":[{"description":"Female","count":4306,"tested":90990,"deaths":0,"color":"rgb(255,127,14)"},{"description":"Male","count":3603,"tested":60666,"deaths":0,"color":"rgb(31,119,180)"},{"description":"Unknown/Left Blank","count":709,"tested":14500,"deaths":0,"color":"rgb(44,160,44)"}]}}]}
