{"lastUpdatedDate":{"year":2021,"month":6,"day":3},"county_demographics":[{"County":"Knox","confirmed_cases":5621,"total_tested":119163,"demographics":{"age":[{"race":[],"age_group":"<20","count":731,"tested":13013,"deaths":0},{"race":[],"age_group":"20-29   ","count":870,"tested":24309,"deaths":0},{"race":[],"age_group":"30-39   ","count":831,"tested":19392,"deaths":0},{"race":[],"age_group":"40-49   ","count":834,"tested":18044,"deaths":0},{"race":[],"age_group":"50-59   ","count":813,"tested":16199,"deaths":0},{"race":[],"age_group":"60-69   ","count":693,"tested":11652,"deaths":0},{"race":[],"age_group":"70-79   ","count":454,"tested":6769,"deaths":0},{"race":[],"age_group":"80+","count":392,"tested":6755,"deaths":0},{"race":[],"age_group":"Unknown","count":0,"tested":3030,"deaths":0}],"race":[{"description":"AI/AN**","count":0,"tested":65,"deaths":0,"color":"rgb(31,119,180)"},{"description":"Asian","count":19,"tested":1183,"deaths":0,"color":"rgb(140,86,75)"},{"description":"Black","count":495,"tested":3759,"deaths":0,"color":"rgb(255,127,14)"},{"description":"Hispanic","count":257,"tested":2394,"deaths":0,"color":"rgb(214,39,40)"},{"description":"Left Blank","count":961,"tested":73314,"deaths":0,"color":"rgb(44,160,44)"},{"description":"NH/PI*","count":0,"tested":77,"deaths":0,"color":"rgb(127,127,127)"},{"description":"Other","count":68,"tested":1617,"deaths":0,"color":"rgb(148,103,189)"},{"description":"White","count":3813,"tested":36754,"deaths":0,"color":"rgb(31,119,180)"}],"gender":[{"description":"Female","count":2887,"tested":51732,"deaths":0,"color":"rgb(255,127,14)"},{"description":"Male","count":2547,"tested":47888,"deaths":0,"color":"rgb(31,119,180)"},{"description":"Unknown/Left Blank","count":187,"tested":19543,"deaths":0,"color":"rgb(44,160,44)"}]}}]}
