{"lastUpdatedDate":{"year":2021,"month":6,"day":3},"county_demographics":[{"County":"Monroe","confirmed_cases":4375,"total_tested":45092,"demographics":{"age":[{"race":[],"age_group":"<20","count":733,"tested":6678,"deaths":0},{"race":[],"age_group":"20-29   ","count":593,"tested":5386,"deaths":0},{"race":[],"age_group":"30-39   ","count":612,"tested":5627,"deaths":0},{"race":[],"age_group":"40-49   ","count":641,"tested":5031,"deaths":0},{"race":[],"age_group":"50-59   ","count":759,"tested":6230,"deaths":0},{"race":[],"age_group":"60-69   ","count":537,"tested":5413,"deaths":0},{"race":[],"age_group":"70-79   ","count":241,"tested":3063,"deaths":0},{"race":[],"age_group":"80+","count":258,"tested":7633,"deaths":0},{"race":[],"age_group":"Unknown","count":0,"tested":31,"deaths":0}],"race":[{"description":"AI/AN**","count":0,"tested":12,"deaths":0,"color":"rgb(31,119,180)"},{"description":"Asian","count":0,"tested":92,"deaths":0,"color":"rgb(140,86,75)"},{"description":"Black","count":11,"tested":595,"deaths":0,"color":"rgb(255,127,14)"},{"description":"Hispanic","count":25,"tested":282,"deaths":0,"color":"rgb(214,39,40)"},{"description":"Left Blank","count":2310,"tested":19756,"deaths":0,"color":"rgb(44,160,44)"},{"description":"NH/PI*","count":0,"tested":0,"deaths":0,"color":"rgb(127,127,127)"},{"description":"Other","count":27,"tested":334,"deaths":0,"color":"rgb(148,103,189)"},{"description":"White","count":1994,"tested":24017,"deaths":0,"color":"rgb(31,119,180)"}],"gender":[{"description":"Female","count":2318,"tested":29153,"deaths":0,"color":"rgb(255,127,14)"},{"description":"Male","count":2014,"tested":15257,"deaths":0,"color":"rgb(31,119,180)"},{"description":"Unknown/Left Blank","count":41,"tested":682,"deaths":0,"color":"rgb(44,160,44)"}]}}]}
