{"lastUpdatedDate":{"year":2021,"month":6,"day":3},"county_demographics":[{"County":"Montgomery","confirmed_cases":3776,"total_tested":82026,"demographics":{"age":[{"race":[],"age_group":"<20","count":451,"tested":6711,"deaths":0},{"race":[],"age_group":"20-29   ","count":566,"tested":12964,"deaths":0},{"race":[],"age_group":"30-39   ","count":700,"tested":16569,"deaths":0},{"race":[],"age_group":"40-49   ","count":564,"tested":13001,"deaths":0},{"race":[],"age_group":"50-59   ","count":572,"tested":11550,"deaths":0},{"race":[],"age_group":"60-69   ","count":458,"tested":8693,"deaths":0},{"race":[],"age_group":"70-79   ","count":224,"tested":4403,"deaths":0},{"race":[],"age_group":"80+","count":233,"tested":6369,"deaths":0},{"race":[],"age_group":"Unknown","count":8,"tested":1766,"deaths":0}],"race":[{"description":"AI/AN**","count":0,"tested":15,"deaths":0,"color":"rgb(31,119,180)"},{"description":"Asian","count":0,"tested":114,"deaths":0,"color":"rgb(140,86,75)"},{"description":"Black","count":165,"tested":788,"deaths":0,"color":"rgb(255,127,14)"},{"description":"Hispanic","count":26,"tested":183,"deaths":0,"color":"rgb(214,39,40)"},{"description":"Left Blank","count":1760,"tested":56914,"deaths":0,"color":"rgb(44,160,44)"},{"description":"NH/PI*","count":0,"tested":40,"deaths":0,"color":"rgb(127,127,127)"},{"description":"Other","count":20,"tested":371,"deaths":0,"color":"rgb(148,103,189)"},{"description":"White","count":1785,"tested":23601,"deaths":0,"color":"rgb(31,119,180)"}],"gender":[{"description":"Female","count":1615,"tested":33806,"deaths":0,"color":"rgb(255,127,14)"},{"description":"Male","count":1890,"tested":34459,"deaths":0,"color":"rgb(31,119,180)"},{"description":"Unknown/Left Blank","count":266,"tested":13761,"deaths":0,"color":"rgb(44,160,44)"}]}}]}
