{"lastUpdatedDate":{"year":2021,"month":6,"day":3},"county_demographics":[{"County":"Champaign","confirmed_cases":21013,"total_tested":2475545,"demographics":{"age":[{"race":[],"age_group":"<20","count":5745,"tested":560457,"deaths":0},{"race":[],"age_group":"20-29   ","count":6177,"tested":1133008,"deaths":0},{"race":[],"age_group":"30-39   ","count":2625,"tested":244977,"deaths":0},{"race":[],"age_group":"40-49   ","count":2204,"tested":186872,"deaths":0},{"race":[],"age_group":"50-59   ","count":1821,"tested":177055,"deaths":0},{"race":[],"age_group":"60-69   ","count":1367,"tested":109112,"deaths":0},{"race":[],"age_group":"70-79   ","count":590,"tested":37058,"deaths":0},{"race":[],"age_group":"80+","count":482,"tested":26652,"deaths":0},{"race":[],"age_group":"Unknown","count":0,"tested":354,"deaths":0}],"race":[{"description":"AI/AN**","count":11,"tested":3321,"deaths":0,"color":"rgb(31,119,180)"},{"description":"Asian","count":1092,"tested":497667,"deaths":0,"color":"rgb(140,86,75)"},{"description":"Black","count":3555,"tested":188249,"deaths":0,"color":"rgb(255,127,14)"},{"description":"Hispanic","count":2395,"tested":204810,"deaths":0,"color":"rgb(214,39,40)"},{"description":"Left Blank","count":940,"tested":108855,"deaths":0,"color":"rgb(44,160,44)"},{"description":"NH/PI*","count":9,"tested":1603,"deaths":0,"color":"rgb(127,127,127)"},{"description":"Other","count":597,"tested":105614,"deaths":0,"color":"rgb(148,103,189)"},{"description":"White","count":12412,"tested":1365426,"deaths":0,"color":"rgb(31,119,180)"}],"gender":[{"description":"Female","count":10612,"tested":1199939,"deaths":0,"color":"rgb(255,127,14)"},{"description":"Male","count":10366,"tested":1269428,"deaths":0,"color":"rgb(31,119,180)"},{"description":"Unknown/Left Blank","count":35,"tested":6178,"deaths":0,"color":"rgb(44,160,44)"}]}}]}
