{"lastUpdatedDate":{"year":2021,"month":1,"day":26},"county_demographics":[{"County":"Fulton","confirmed_cases":2645,"total_tested":55408,"demographics":{"age":[{"race":[],"age_group":"<20","count":435,"tested":5056,"deaths":0},{"race":[],"age_group":"Unknown","count":0,"tested":4177,"deaths":0},{"race":[],"age_group":"30-39   ","count":360,"tested":8757,"deaths":0},{"race":[],"age_group":"40-49   ","count":406,"tested":8155,"deaths":0},{"race":[],"age_group":"70-79   ","count":187,"tested":3279,"deaths":0},{"race":[],"age_group":"20-29   ","count":426,"tested":8230,"deaths":0},{"race":[],"age_group":"60-69   ","count":302,"tested":5782,"deaths":0},{"race":[],"age_group":"80+","count":158,"tested":3751,"deaths":0},{"race":[],"age_group":"50-59   ","count":351,"tested":8221,"deaths":0}],"race":[{"description":"AI/AN**","count":0,"tested":13,"deaths":0,"color":"rgb(31,119,180)"},{"description":"Asian","count":0,"tested":21,"deaths":0,"color":"rgb(140,86,75)"},{"description":"Black","count":93,"tested":517,"deaths":0,"color":"rgb(255,127,14)"},{"description":"Hispanic","count":40,"tested":151,"deaths":0,"color":"rgb(214,39,40)"},{"description":"Left Blank","count":1843,"tested":44062,"deaths":0,"color":"rgb(44,160,44)"},{"description":"NH/PI*","count":0,"tested":0,"deaths":0,"color":"rgb(127,127,127)"},{"description":"Other","count":20,"tested":222,"deaths":0,"color":"rgb(148,103,189)"},{"description":"White","count":644,"tested":10420,"deaths":0,"color":"rgb(31,119,180)"}],"gender":[{"description":"Female","count":1326,"tested":27885,"deaths":0,"color":"rgb(255,127,14)"},{"description":"Male","count":1245,"tested":16579,"deaths":0,"color":"rgb(31,119,180)"},{"description":"Unknown/Left Blank","count":73,"tested":10944,"deaths":0,"color":"rgb(44,160,44)"}]}}]}
