{"lastUpdatedDate":{"year":2021,"month":1,"day":26},"county_demographics":[{"County":"Jackson","confirmed_cases":4322,"total_tested":55707,"demographics":{"age":[{"race":[],"age_group":"30-39   ","count":607,"tested":8014,"deaths":0},{"race":[],"age_group":"20-29   ","count":1185,"tested":14221,"deaths":0},{"race":[],"age_group":"60-69   ","count":400,"tested":5397,"deaths":0},{"race":[],"age_group":"50-59   ","count":475,"tested":6117,"deaths":0},{"race":[],"age_group":"Unknown","count":0,"tested":54,"deaths":0},{"race":[],"age_group":"70-79   ","count":237,"tested":3650,"deaths":0},{"race":[],"age_group":"<20","count":776,"tested":8622,"deaths":0},{"race":[],"age_group":"40-49   ","count":465,"tested":6535,"deaths":0},{"race":[],"age_group":"80+","count":177,"tested":3097,"deaths":0}],"race":[{"description":"AI/AN**","count":0,"tested":21,"deaths":0,"color":"rgb(31,119,180)"},{"description":"Asian","count":26,"tested":439,"deaths":0,"color":"rgb(140,86,75)"},{"description":"Black","count":565,"tested":6052,"deaths":0,"color":"rgb(255,127,14)"},{"description":"Hispanic","count":228,"tested":1255,"deaths":0,"color":"rgb(214,39,40)"},{"description":"Left Blank","count":667,"tested":17006,"deaths":0,"color":"rgb(44,160,44)"},{"description":"NH/PI*","count":0,"tested":0,"deaths":0,"color":"rgb(127,127,127)"},{"description":"Other","count":75,"tested":1048,"deaths":0,"color":"rgb(148,103,189)"},{"description":"White","count":2755,"tested":29882,"deaths":0,"color":"rgb(31,119,180)"}],"gender":[{"description":"Female","count":2157,"tested":28440,"deaths":0,"color":"rgb(255,127,14)"},{"description":"Male","count":2024,"tested":21054,"deaths":0,"color":"rgb(31,119,180)"},{"description":"Unknown/Left Blank","count":137,"tested":6213,"deaths":0,"color":"rgb(44,160,44)"}]}}]}
