{"lastUpdatedDate":{"year":2021,"month":1,"day":26},"county_demographics":[{"County":"Whiteside","confirmed_cases":5458,"total_tested":48783,"demographics":{"age":[{"race":[],"age_group":"50-59   ","count":899,"tested":7204,"deaths":0},{"race":[],"age_group":"Unknown","count":0,"tested":15,"deaths":0},{"race":[],"age_group":"20-29   ","count":798,"tested":7591,"deaths":0},{"race":[],"age_group":"60-69   ","count":689,"tested":5986,"deaths":0},{"race":[],"age_group":"<20","count":739,"tested":7213,"deaths":0},{"race":[],"age_group":"40-49   ","count":755,"tested":6647,"deaths":0},{"race":[],"age_group":"70-79   ","count":384,"tested":3194,"deaths":0},{"race":[],"age_group":"30-39   ","count":794,"tested":7492,"deaths":0},{"race":[],"age_group":"80+","count":395,"tested":3441,"deaths":0}],"race":[{"description":"AI/AN**","count":0,"tested":14,"deaths":0,"color":"rgb(31,119,180)"},{"description":"Asian","count":12,"tested":81,"deaths":0,"color":"rgb(140,86,75)"},{"description":"Black","count":123,"tested":1454,"deaths":0,"color":"rgb(255,127,14)"},{"description":"Hispanic","count":297,"tested":1595,"deaths":0,"color":"rgb(214,39,40)"},{"description":"Left Blank","count":1293,"tested":22871,"deaths":0,"color":"rgb(44,160,44)"},{"description":"NH/PI*","count":0,"tested":10,"deaths":0,"color":"rgb(127,127,127)"},{"description":"Other","count":266,"tested":1343,"deaths":0,"color":"rgb(148,103,189)"},{"description":"White","count":3458,"tested":21415,"deaths":0,"color":"rgb(31,119,180)"}],"gender":[{"description":"Female","count":2947,"tested":29310,"deaths":0,"color":"rgb(255,127,14)"},{"description":"Male","count":2414,"tested":17007,"deaths":0,"color":"rgb(31,119,180)"},{"description":"Unknown/Left Blank","count":96,"tested":2466,"deaths":0,"color":"rgb(44,160,44)"}]}}]}
