{"lastUpdatedDate":{"year":2021,"month":1,"day":26},"county_demographics":[{"County":"Mason","confirmed_cases":1202,"total_tested":15733,"demographics":{"age":[{"race":[],"age_group":"<20","count":198,"tested":2366,"deaths":0},{"race":[],"age_group":"Unknown","count":0,"tested":0,"deaths":0},{"race":[],"age_group":"40-49   ","count":171,"tested":2482,"deaths":0},{"race":[],"age_group":"80+","count":89,"tested":1232,"deaths":0},{"race":[],"age_group":"60-69   ","count":156,"tested":1737,"deaths":0},{"race":[],"age_group":"20-29   ","count":126,"tested":2134,"deaths":0},{"race":[],"age_group":"30-39   ","count":167,"tested":2404,"deaths":0},{"race":[],"age_group":"50-59   ","count":172,"tested":2272,"deaths":0},{"race":[],"age_group":"70-79   ","count":115,"tested":1106,"deaths":0}],"race":[{"description":"AI/AN**","count":0,"tested":0,"deaths":0,"color":"rgb(31,119,180)"},{"description":"Asian","count":0,"tested":15,"deaths":0,"color":"rgb(140,86,75)"},{"description":"Black","count":0,"tested":34,"deaths":0,"color":"rgb(255,127,14)"},{"description":"Hispanic","count":7,"tested":26,"deaths":0,"color":"rgb(214,39,40)"},{"description":"Left Blank","count":447,"tested":6149,"deaths":0,"color":"rgb(44,160,44)"},{"description":"Other","count":8,"tested":132,"deaths":0,"color":"rgb(148,103,189)"},{"description":"White","count":735,"tested":9374,"deaths":0,"color":"rgb(31,119,180)"}],"gender":[{"description":"Female","count":672,"tested":9684,"deaths":0,"color":"rgb(255,127,14)"},{"description":"Male","count":487,"tested":5233,"deaths":0,"color":"rgb(31,119,180)"},{"description":"Unknown/Left Blank","count":43,"tested":816,"deaths":0,"color":"rgb(44,160,44)"}]}}]}
