{"lastUpdatedDate":{"year":2021,"month":1,"day":26},"county_demographics":[{"County":"McDonough","confirmed_cases":2200,"total_tested":32839,"demographics":{"age":[{"race":[],"age_group":"<20","count":363,"tested":4464,"deaths":0},{"race":[],"age_group":"Unknown","count":0,"tested":8,"deaths":0},{"race":[],"age_group":"60-69   ","count":227,"tested":3725,"deaths":0},{"race":[],"age_group":"80+","count":135,"tested":3294,"deaths":0},{"race":[],"age_group":"40-49   ","count":227,"tested":3652,"deaths":0},{"race":[],"age_group":"30-39   ","count":257,"tested":4612,"deaths":0},{"race":[],"age_group":"50-59   ","count":205,"tested":3865,"deaths":0},{"race":[],"age_group":"70-79   ","count":148,"tested":2517,"deaths":0},{"race":[],"age_group":"20-29   ","count":636,"tested":6702,"deaths":0}],"race":[{"description":"AI/AN**","count":0,"tested":26,"deaths":0,"color":"rgb(31,119,180)"},{"description":"Asian","count":34,"tested":204,"deaths":0,"color":"rgb(140,86,75)"},{"description":"Black","count":158,"tested":1434,"deaths":0,"color":"rgb(255,127,14)"},{"description":"Hispanic","count":93,"tested":444,"deaths":0,"color":"rgb(214,39,40)"},{"description":"Left Blank","count":280,"tested":11837,"deaths":0,"color":"rgb(44,160,44)"},{"description":"NH/PI*","count":0,"tested":22,"deaths":0,"color":"rgb(127,127,127)"},{"description":"Other","count":19,"tested":289,"deaths":0,"color":"rgb(148,103,189)"},{"description":"White","count":1608,"tested":18583,"deaths":0,"color":"rgb(31,119,180)"}],"gender":[{"description":"Female","count":1163,"tested":20610,"deaths":0,"color":"rgb(255,127,14)"},{"description":"Male","count":999,"tested":11348,"deaths":0,"color":"rgb(31,119,180)"},{"description":"Unknown/Left Blank","count":38,"tested":881,"deaths":0,"color":"rgb(44,160,44)"}]}}]}
