{"age":[{"age_group":"<20","count":119,"tested":788},{"age_group":"20-29   ","count":202,"tested":1608},{"age_group":"30-39   ","count":173,"tested":1442},{"age_group":"40-49   ","count":203,"tested":1545},{"age_group":"50-59   ","count":161,"tested":1560},{"age_group":"60-69   ","count":138,"tested":1575},{"age_group":"70-79   ","count":64,"tested":854},{"age_group":"80+","count":44,"tested":619}],"race":[{"description":"Black","count":215,"tested":1788,"color":"rgb(255,127,14)"},{"description":"Asian","count":26,"tested":92,"color":"rgb(140,86,75)"},{"description":"White","count":91,"tested":788,"color":"rgb(31,119,180)"},{"description":"Hispanic","count":235,"tested":918,"color":"rgb(214,39,40)"},{"description":"Other","count":40,"tested":290,"color":"rgb(148,103,189)"},{"description":"Left Blank","count":469,"tested":6131,"color":"rgb(44,160,44)"}],"gender":[{"description":"Male","count":479,"tested":4216,"color":"rgb(31,119,180)"},{"description":"Unknown/Left Blank","count":24,"tested":458,"color":"rgb(44,160,44)"},{"description":"Female","count":531,"tested":5334,"color":"rgb(255,127,14)"}]}
