{"age":[{"age_group":"<20","count":12,"tested":71},{"age_group":"20-29   ","count":19,"tested":142},{"age_group":"30-39   ","count":12,"tested":122},{"age_group":"40-49   ","count":13,"tested":85},{"age_group":"50-59   ","count":25,"tested":127},{"age_group":"60-69   ","count":17,"tested":121}],"race":[{"description":"White","count":40,"tested":418,"color":"rgb(31,119,180)"},{"description":"Hispanic","count":17,"tested":36,"color":"rgb(214,39,40)"},{"description":"Left Blank","count":27,"tested":284,"color":"rgb(44,160,44)"}],"gender":[{"description":"Male","count":40,"tested":365,"color":"rgb(31,119,180)"},{"description":"Female","count":38,"tested":414,"color":"rgb(255,127,14)"}]}
