{"age":[{"age_group":"<20","count":177,"tested":921},{"age_group":"20-29   ","count":174,"tested":1270},{"age_group":"30-39   ","count":158,"tested":912},{"age_group":"40-49   ","count":181,"tested":1196},{"age_group":"50-59   ","count":205,"tested":1291},{"age_group":"60-69   ","count":159,"tested":1114},{"age_group":"70-79   ","count":152,"tested":858},{"age_group":"80+","count":220,"tested":1994}],"race":[{"description":"Hispanic","count":126,"tested":108,"color":"rgb(214,39,40)"},{"description":"White","count":454,"tested":3424,"color":"rgb(31,119,180)"},{"description":"Left Blank","count":312,"tested":5818,"color":"rgb(44,160,44)"},{"description":"Asian","count":110,"tested":70,"color":"rgb(140,86,75)"},{"description":"Other","count":115,"tested":100,"color":"rgb(148,103,189)"}],"gender":[{"description":"Female","count":434,"tested":5854,"color":"rgb(255,127,14)"},{"description":"Unknown/Left Blank","count":109,"tested":333,"color":"rgb(44,160,44)"},{"description":"Male","count":373,"tested":3369,"color":"rgb(31,119,180)"}]}
