{"age":[{"age_group":"<20","count":451,"tested":4416},{"age_group":"20-29   ","count":419,"tested":4692},{"age_group":"30-39   ","count":324,"tested":4253},{"age_group":"40-49   ","count":428,"tested":4947},{"age_group":"50-59   ","count":454,"tested":6261},{"age_group":"60-69   ","count":334,"tested":5354},{"age_group":"70-79   ","count":187,"tested":2889},{"age_group":"80+","count":191,"tested":2957}],"race":[{"description":"Left Blank","count":603,"tested":16270,"color":"rgb(44,160,44)"},{"description":"White","count":1098,"tested":13124,"color":"rgb(31,119,180)"},{"description":"Hispanic","count":245,"tested":1180,"color":"rgb(214,39,40)"},{"description":"Black","count":92,"tested":356,"color":"rgb(255,127,14)"},{"description":"Asian","count":244,"tested":2363,"color":"rgb(140,86,75)"},{"description":"Other","count":351,"tested":2340,"color":"rgb(148,103,189)"},{"description":"AI/AN**","count":79,"tested":50,"color":"rgb(31,119,180)"}],"gender":[{"description":"Unknown/Left Blank","count":101,"tested":952,"color":"rgb(44,160,44)"},{"description":"Male","count":1100,"tested":14573,"color":"rgb(31,119,180)"},{"description":"Female","count":1232,"tested":20249,"color":"rgb(255,127,14)"}]}
