{"age":[{"age_group":"<20","count":50,"tested":405},{"age_group":"20-29   ","count":62,"tested":341},{"age_group":"30-39   ","count":49,"tested":318},{"age_group":"40-49   ","count":54,"tested":327},{"age_group":"50-59   ","count":50,"tested":278},{"age_group":"60-69   ","count":35,"tested":144},{"age_group":"70-79   ","count":19,"tested":61}],"race":[{"description":"Hispanic","count":34,"tested":99,"color":"rgb(214,39,40)"},{"description":"White","count":119,"tested":828,"color":"rgb(31,119,180)"},{"description":"Left Blank","count":119,"tested":917,"color":"rgb(44,160,44)"},{"description":"Other","count":17,"tested":39,"color":"rgb(148,103,189)"}],"gender":[{"description":"Female","count":140,"tested":1098,"color":"rgb(255,127,14)"},{"description":"Male","count":128,"tested":783,"color":"rgb(31,119,180)"}]}
