{"age":[{"age_group":"<20","count":563,"tested":3359},{"age_group":"20-29   ","count":911,"tested":8302},{"age_group":"30-39   ","count":833,"tested":8008},{"age_group":"40-49   ","count":731,"tested":6927},{"age_group":"50-59   ","count":834,"tested":8703},{"age_group":"60-69   ","count":726,"tested":7818},{"age_group":"70-79   ","count":399,"tested":3545},{"age_group":"80+","count":338,"tested":3211}],"race":[{"description":"Hispanic","count":781,"tested":3651,"color":"rgb(214,39,40)"},{"description":"AI/AN**","count":143,"tested":115,"color":"rgb(31,119,180)"},{"description":"Left Blank","count":1287,"tested":24015,"color":"rgb(44,160,44)"},{"description":"NH/PI*","count":141,"tested":170,"color":"rgb(127,127,127)"},{"description":"Black","count":243,"tested":1238,"color":"rgb(255,127,14)"},{"description":"Asian","count":707,"tested":5252,"color":"rgb(140,86,75)"},{"description":"White","count":1481,"tested":13017,"color":"rgb(31,119,180)"},{"description":"Other","count":552,"tested":2433,"color":"rgb(148,103,189)"}],"gender":[{"description":"Unknown/Left Blank","count":157,"tested":983,"color":"rgb(44,160,44)"},{"description":"Female","count":2334,"tested":29075,"color":"rgb(255,127,14)"},{"description":"Male","count":2214,"tested":19833,"color":"rgb(31,119,180)"}]}
