{"age":[{"age_group":"<20","count":45,"tested":266},{"age_group":"20-29   ","count":53,"tested":453},{"age_group":"30-39   ","count":43,"tested":555},{"age_group":"40-49   ","count":54,"tested":531},{"age_group":"50-59   ","count":44,"tested":730},{"age_group":"60-69   ","count":36,"tested":651},{"age_group":"70-79   ","count":15,"tested":261}],"race":[{"description":"Black","count":155,"tested":1793,"color":"rgb(255,127,14)"},{"description":"Hispanic","count":16,"tested":82,"color":"rgb(214,39,40)"},{"description":"Left Blank","count":98,"tested":1568,"color":"rgb(44,160,44)"}],"gender":[{"description":"Female","count":127,"tested":1909,"color":"rgb(255,127,14)"},{"description":"Male","count":144,"tested":1674,"color":"rgb(31,119,180)"}]}
