{"age":[{"age_group":"<20","count":91,"tested":388},{"age_group":"20-29   ","count":101,"tested":566},{"age_group":"30-39   ","count":101,"tested":582},{"age_group":"40-49   ","count":82,"tested":436},{"age_group":"50-59   ","count":124,"tested":685},{"age_group":"60-69   ","count":74,"tested":522},{"age_group":"70-79   ","count":58,"tested":236},{"age_group":"80+","count":42,"tested":103}],"race":[{"description":"Hispanic","count":90,"tested":396,"color":"rgb(214,39,40)"},{"description":"Left Blank","count":146,"tested":1189,"color":"rgb(44,160,44)"},{"description":"White","count":233,"tested":1559,"color":"rgb(31,119,180)"},{"description":"Black","count":55,"tested":154,"color":"rgb(255,127,14)"},{"description":"Asian","count":38,"tested":57,"color":"rgb(140,86,75)"},{"description":"Other","count":47,"tested":155,"color":"rgb(148,103,189)"}],"gender":[{"description":"Male","count":230,"tested":1454,"color":"rgb(31,119,180)"},{"description":"Female","count":250,"tested":2019,"color":"rgb(255,127,14)"}]}
