{"age":[{"age_group":"<20","count":971,"tested":7526},{"age_group":"20-29   ","count":1145,"tested":10205},{"age_group":"30-39   ","count":1007,"tested":8924},{"age_group":"40-49   ","count":1035,"tested":8635},{"age_group":"50-59   ","count":945,"tested":8767},{"age_group":"60-69   ","count":667,"tested":7720},{"age_group":"70-79   ","count":379,"tested":4812},{"age_group":"80+","count":239,"tested":2836}],"race":[{"description":"White","count":592,"tested":4944,"color":"rgb(31,119,180)"},{"description":"Other","count":185,"tested":1317,"color":"rgb(148,103,189)"},{"description":"Left Blank","count":1667,"tested":21354,"color":"rgb(44,160,44)"},{"description":"Asian","count":76,"tested":86,"color":"rgb(140,86,75)"},{"description":"Hispanic","count":2120,"tested":12550,"color":"rgb(214,39,40)"},{"description":"Black","count":1625,"tested":19083,"color":"rgb(255,127,14)"},{"description":"AI/AN**","count":64,"tested":93,"color":"rgb(31,119,180)"}],"gender":[{"description":"Male","count":2800,"tested":24717,"color":"rgb(31,119,180)"},{"description":"Unknown/Left Blank","count":87,"tested":686,"color":"rgb(44,160,44)"},{"description":"Female","count":3211,"tested":34050,"color":"rgb(255,127,14)"}]}
