{"age":[{"age_group":"<20","count":26,"tested":156},{"age_group":"20-29   ","count":23,"tested":72},{"age_group":"30-39   ","count":25,"tested":113},{"age_group":"40-49   ","count":19,"tested":71},{"age_group":"50-59   ","count":27,"tested":130},{"age_group":"60-69   ","count":28,"tested":115},{"age_group":"70-79   ","count":15,"tested":66}],"race":[{"description":"Left Blank","count":27,"tested":257,"color":"rgb(44,160,44)"},{"description":"White","count":116,"tested":461,"color":"rgb(31,119,180)"}],"gender":[{"description":"Female","count":75,"tested":382,"color":"rgb(255,127,14)"},{"description":"Male","count":69,"tested":357,"color":"rgb(31,119,180)"}]}
