{"age":[{"age_group":"<20","count":574,"tested":4415},{"age_group":"20-29   ","count":488,"tested":4426},{"age_group":"30-39   ","count":415,"tested":4107},{"age_group":"40-49   ","count":506,"tested":4673},{"age_group":"50-59   ","count":547,"tested":5545},{"age_group":"60-69   ","count":428,"tested":4041},{"age_group":"70-79   ","count":368,"tested":3009},{"age_group":"80+","count":422,"tested":5132}],"race":[{"description":"Black","count":216,"tested":240,"color":"rgb(255,127,14)"},{"description":"Other","count":298,"tested":838,"color":"rgb(148,103,189)"},{"description":"Left Blank","count":767,"tested":18236,"color":"rgb(44,160,44)"},{"description":"White","count":1410,"tested":13595,"color":"rgb(31,119,180)"},{"description":"Asian","count":284,"tested":1390,"color":"rgb(140,86,75)"},{"description":"Hispanic","count":364,"tested":994,"color":"rgb(214,39,40)"}],"gender":[{"description":"Male","count":1244,"tested":13786,"color":"rgb(31,119,180)"},{"description":"Unknown/Left Blank","count":223,"tested":355,"color":"rgb(44,160,44)"},{"description":"Female","count":1276,"tested":21215,"color":"rgb(255,127,14)"}]}
