{"age":[{"age_group":"<20","count":394,"tested":2795},{"age_group":"20-29   ","count":471,"tested":4763},{"age_group":"30-39   ","count":459,"tested":4845},{"age_group":"40-49   ","count":472,"tested":4684},{"age_group":"50-59   ","count":512,"tested":4836},{"age_group":"60-69   ","count":394,"tested":3986},{"age_group":"70-79   ","count":252,"tested":2512},{"age_group":"80+","count":205,"tested":2196}],"race":[{"description":"Other","count":206,"tested":633,"color":"rgb(148,103,189)"},{"description":"Black","count":175,"tested":636,"color":"rgb(255,127,14)"},{"description":"Asian","count":296,"tested":1912,"color":"rgb(140,86,75)"},{"description":"White","count":894,"tested":7724,"color":"rgb(31,119,180)"},{"description":"Left Blank","count":1013,"tested":18320,"color":"rgb(44,160,44)"},{"description":"Hispanic","count":309,"tested":1323,"color":"rgb(214,39,40)"},{"description":"AI/AN**","count":136,"tested":16,"color":"rgb(31,119,180)"}],"gender":[{"description":"Male","count":1137,"tested":11667,"color":"rgb(31,119,180)"},{"description":"Unknown/Left Blank","count":136,"tested":567,"color":"rgb(44,160,44)"},{"description":"Female","count":1236,"tested":18406,"color":"rgb(255,127,14)"}]}
