{"age":[{"age_group":"<20","count":6,"tested":84},{"age_group":"20-29   ","count":9,"tested":94},{"age_group":"30-39   ","count":7,"tested":49},{"age_group":"50-59   ","count":10,"tested":54}],"race":[{"description":"White","count":23,"tested":194,"color":"rgb(31,119,180)"},{"description":"Hispanic","count":13,"tested":81,"color":"rgb(214,39,40)"}],"gender":[{"description":"Male","count":27,"tested":221,"color":"rgb(31,119,180)"},{"description":"Female","count":17,"tested":162,"color":"rgb(255,127,14)"}]}
