{"age":[{"age_group":"<20","count":116,"tested":799},{"age_group":"20-29   ","count":148,"tested":1324},{"age_group":"30-39   ","count":124,"tested":1105},{"age_group":"40-49   ","count":129,"tested":1124},{"age_group":"50-59   ","count":159,"tested":1441},{"age_group":"60-69   ","count":125,"tested":1164},{"age_group":"70-79   ","count":108,"tested":818},{"age_group":"80+","count":99,"tested":1053}],"race":[{"description":"Black","count":67,"tested":204,"color":"rgb(255,127,14)"},{"description":"Other","count":61,"tested":123,"color":"rgb(148,103,189)"},{"description":"Left Blank","count":266,"tested":5497,"color":"rgb(44,160,44)"},{"description":"White","count":360,"tested":2756,"color":"rgb(31,119,180)"},{"description":"Hispanic","count":87,"tested":217,"color":"rgb(214,39,40)"}],"gender":[{"description":"Male","count":288,"tested":2820,"color":"rgb(31,119,180)"},{"description":"Female","count":386,"tested":5787,"color":"rgb(255,127,14)"}]}
