{"age":[{"age_group":"<20","count":921,"tested":7464},{"age_group":"20-29   ","count":1691,"tested":29264},{"age_group":"30-39   ","count":1599,"tested":30305},{"age_group":"40-49   ","count":1095,"tested":11330},{"age_group":"50-59   ","count":991,"tested":7744},{"age_group":"60-69   ","count":712,"tested":5055},{"age_group":"70-79   ","count":457,"tested":2804},{"age_group":"80+","count":340,"tested":1328}],"race":[{"description":"Hispanic","count":3115,"tested":16691,"color":"rgb(214,39,40)"},{"description":"Left Blank","count":1911,"tested":40823,"color":"rgb(44,160,44)"},{"description":"White","count":1346,"tested":29254,"color":"rgb(31,119,180)"},{"description":"Asian","count":256,"tested":1874,"color":"rgb(140,86,75)"},{"description":"Black","count":373,"tested":2658,"color":"rgb(255,127,14)"},{"description":"Other","count":417,"tested":3840,"color":"rgb(148,103,189)"},{"description":"AI/AN**","count":196,"tested":90,"color":"rgb(31,119,180)"}],"gender":[{"description":"Unknown/Left Blank","count":239,"tested":2319,"color":"rgb(44,160,44)"},{"description":"Male","count":3222,"tested":41288,"color":"rgb(31,119,180)"},{"description":"Female","count":3400,"tested":51707,"color":"rgb(255,127,14)"}]}
