{"age":[{"age_group":"<20","count":434,"tested":3059},{"age_group":"20-29   ","count":546,"tested":4696},{"age_group":"30-39   ","count":593,"tested":5131},{"age_group":"40-49   ","count":482,"tested":4222},{"age_group":"50-59   ","count":492,"tested":4310},{"age_group":"60-69   ","count":369,"tested":3769},{"age_group":"70-79   ","count":212,"tested":2073},{"age_group":"80+","count":159,"tested":1543}],"race":[{"description":"Other","count":356,"tested":1992,"color":"rgb(148,103,189)"},{"description":"AI/AN**","count":51,"tested":53,"color":"rgb(31,119,180)"},{"description":"Black","count":195,"tested":1407,"color":"rgb(255,127,14)"},{"description":"NH/PI*","count":46,"tested":94,"color":"rgb(127,127,127)"},{"description":"Asian","count":537,"tested":2664,"color":"rgb(140,86,75)"},{"description":"Left Blank","count":858,"tested":14875,"color":"rgb(44,160,44)"},{"description":"White","count":640,"tested":5179,"color":"rgb(31,119,180)"},{"description":"Hispanic","count":604,"tested":2548,"color":"rgb(214,39,40)"}],"gender":[{"description":"Male","count":1476,"tested":12460,"color":"rgb(31,119,180)"},{"description":"Female","count":1536,"tested":15640,"color":"rgb(255,127,14)"},{"description":"Unknown/Left Blank","count":75,"tested":712,"color":"rgb(44,160,44)"}]}
