{"age":[{"age_group":"<20","count":76,"tested":568},{"age_group":"20-29   ","count":89,"tested":760},{"age_group":"30-39   ","count":76,"tested":759},{"age_group":"40-49   ","count":79,"tested":696},{"age_group":"50-59   ","count":96,"tested":858},{"age_group":"60-69   ","count":80,"tested":732},{"age_group":"70-79   ","count":88,"tested":578},{"age_group":"80+","count":76,"tested":676}],"race":[{"description":"Left Blank","count":56,"tested":743,"color":"rgb(44,160,44)"},{"description":"Other","count":34,"tested":84,"color":"rgb(148,103,189)"},{"description":"White","count":405,"tested":4581,"color":"rgb(31,119,180)"},{"description":"Hispanic","count":49,"tested":120,"color":"rgb(214,39,40)"}],"gender":[{"description":"Female","count":276,"tested":3488,"color":"rgb(255,127,14)"},{"description":"Male","count":210,"tested":2050,"color":"rgb(31,119,180)"},{"description":"Unknown/Left Blank","count":34,"tested":90,"color":"rgb(44,160,44)"}]}
