{"age":[{"age_group":"<20","count":445,"tested":2182},{"age_group":"20-29   ","count":658,"tested":4606},{"age_group":"30-39   ","count":577,"tested":3919},{"age_group":"40-49   ","count":495,"tested":3230},{"age_group":"50-59   ","count":544,"tested":3922},{"age_group":"60-69   ","count":454,"tested":3627},{"age_group":"70-79   ","count":292,"tested":1940},{"age_group":"80+","count":228,"tested":1310}],"race":[{"description":"Left Blank","count":1294,"tested":12141,"color":"rgb(44,160,44)"},{"description":"White","count":1218,"tested":9397,"color":"rgb(31,119,180)"},{"description":"Other","count":238,"tested":860,"color":"rgb(148,103,189)"},{"description":"Black","count":232,"tested":1257,"color":"rgb(255,127,14)"},{"description":"Asian","count":187,"tested":404,"color":"rgb(140,86,75)"},{"description":"Hispanic","count":250,"tested":642,"color":"rgb(214,39,40)"}],"gender":[{"description":"Unknown/Left Blank","count":158,"tested":349,"color":"rgb(44,160,44)"},{"description":"Male","count":1356,"tested":10288,"color":"rgb(31,119,180)"},{"description":"Female","count":1504,"tested":14103,"color":"rgb(255,127,14)"}]}
