{"age":[{"age_group":"<20","count":574,"tested":4440},{"age_group":"20-29   ","count":525,"tested":4355},{"age_group":"30-39   ","count":411,"tested":3555},{"age_group":"40-49   ","count":501,"tested":4030},{"age_group":"50-59   ","count":569,"tested":5234},{"age_group":"60-69   ","count":450,"tested":4591},{"age_group":"70-79   ","count":348,"tested":2943},{"age_group":"80+","count":331,"tested":3174}],"race":[{"description":"Hispanic","count":298,"tested":1124,"color":"rgb(214,39,40)"},{"description":"Asian","count":329,"tested":1424,"color":"rgb(140,86,75)"},{"description":"White","count":1235,"tested":13587,"color":"rgb(31,119,180)"},{"description":"Black","count":229,"tested":304,"color":"rgb(255,127,14)"},{"description":"Left Blank","count":899,"tested":15147,"color":"rgb(44,160,44)"},{"description":"Other","count":288,"tested":661,"color":"rgb(148,103,189)"}],"gender":[{"description":"Male","count":1217,"tested":13657,"color":"rgb(31,119,180)"},{"description":"Unknown/Left Blank","count":233,"tested":828,"color":"rgb(44,160,44)"},{"description":"Female","count":1194,"tested":17840,"color":"rgb(255,127,14)"}]}
