{"age":[{"age_group":"<20","count":79,"tested":586},{"age_group":"20-29   ","count":88,"tested":566},{"age_group":"30-39   ","count":90,"tested":563},{"age_group":"40-49   ","count":84,"tested":693},{"age_group":"50-59   ","count":72,"tested":613},{"age_group":"60-69   ","count":70,"tested":579},{"age_group":"70-79   ","count":72,"tested":533},{"age_group":"80+","count":38,"tested":188}],"race":[{"description":"White","count":177,"tested":1739,"color":"rgb(31,119,180)"},{"description":"Left Blank","count":237,"tested":2456,"color":"rgb(44,160,44)"},{"description":"Hispanic","count":34,"tested":41,"color":"rgb(214,39,40)"}],"gender":[{"description":"Male","count":207,"tested":1818,"color":"rgb(31,119,180)"},{"description":"Female","count":218,"tested":2456,"color":"rgb(255,127,14)"}]}
