{"age":[{"age_group":"<20","count":419,"tested":2132},{"age_group":"20-29   ","count":479,"tested":3015},{"age_group":"30-39   ","count":389,"tested":2491},{"age_group":"40-49   ","count":451,"tested":2556},{"age_group":"50-59   ","count":520,"tested":3333},{"age_group":"60-69   ","count":381,"tested":2613},{"age_group":"70-79   ","count":238,"tested":1301},{"age_group":"80+","count":205,"tested":1061}],"race":[{"description":"Hispanic","count":335,"tested":864,"color":"rgb(214,39,40)"},{"description":"Asian","count":233,"tested":486,"color":"rgb(140,86,75)"},{"description":"Black","count":194,"tested":366,"color":"rgb(255,127,14)"},{"description":"Left Blank","count":813,"tested":8934,"color":"rgb(44,160,44)"},{"description":"Other","count":199,"tested":284,"color":"rgb(148,103,189)"},{"description":"White","count":962,"tested":7527,"color":"rgb(31,119,180)"},{"description":"NH/PI*","count":175,"tested":16,"color":"rgb(127,127,127)"}],"gender":[{"description":"Male","count":1025,"tested":7972,"color":"rgb(31,119,180)"},{"description":"Unknown/Left Blank","count":175,"tested":202,"color":"rgb(44,160,44)"},{"description":"Female","count":1037,"tested":10332,"color":"rgb(255,127,14)"}]}
