{"lastUpdatedDate":{"year":2020,"month":12,"day":2},"county_demographics":[{"County":"Moultrie","confirmed_cases":948,"total_tested":11275,"demographics":{"age":[{"race":[],"age_group":"<20","count":129,"tested":1665,"deaths":0},{"race":[],"age_group":"20-29   ","count":111,"tested":1521,"deaths":0},{"race":[],"age_group":"30-39   ","count":111,"tested":1454,"deaths":0},{"race":[],"age_group":"40-49   ","count":106,"tested":1444,"deaths":0},{"race":[],"age_group":"50-59   ","count":135,"tested":1633,"deaths":0},{"race":[],"age_group":"60-69   ","count":136,"tested":1413,"deaths":0},{"race":[],"age_group":"70-79   ","count":105,"tested":1040,"deaths":0},{"race":[],"age_group":"80+","count":103,"tested":1105,"deaths":0}],"race":[{"description":"AI/AN**","count":0,"tested":0,"deaths":0,"color":"rgb(31,119,180)"},{"description":"Asian","count":0,"tested":28,"deaths":0,"color":"rgb(140,86,75)"},{"description":"Black","count":9,"tested":92,"deaths":0,"color":"rgb(255,127,14)"},{"description":"Hispanic","count":8,"tested":44,"deaths":0,"color":"rgb(214,39,40)"},{"description":"Left Blank","count":247,"tested":3674,"deaths":0,"color":"rgb(44,160,44)"},{"description":"NH/PI*","count":0,"tested":0,"deaths":0,"color":"rgb(127,127,127)"},{"description":"Other","count":12,"tested":311,"deaths":0,"color":"rgb(148,103,189)"},{"description":"White","count":672,"tested":7120,"deaths":0,"color":"rgb(31,119,180)"}],"gender":[{"description":"Female","count":517,"tested":7284,"deaths":0,"color":"rgb(255,127,14)"},{"description":"Male","count":403,"tested":3649,"deaths":0,"color":"rgb(31,119,180)"},{"description":"Unknown/Left Blank","count":28,"tested":342,"deaths":0,"color":"rgb(44,160,44)"}]}}]}
