{"lastUpdatedDate":{"year":2020,"month":12,"day":2},"county_demographics":[{"County":"DeKalb","confirmed_cases":5201,"total_tested":67674,"demographics":{"age":[{"race":[],"age_group":"<20","count":852,"tested":11087,"deaths":0},{"race":[],"age_group":"20-29   ","count":1240,"tested":15431,"deaths":0},{"race":[],"age_group":"30-39   ","count":740,"tested":8944,"deaths":0},{"race":[],"age_group":"40-49   ","count":772,"tested":7358,"deaths":0},{"race":[],"age_group":"50-59   ","count":703,"tested":8013,"deaths":0},{"race":[],"age_group":"60-69   ","count":442,"tested":6792,"deaths":0},{"race":[],"age_group":"70-79   ","count":237,"tested":4635,"deaths":0},{"race":[],"age_group":"80+","count":208,"tested":5397,"deaths":0},{"race":[],"age_group":"Unknown","count":0,"tested":17,"deaths":0}],"race":[{"description":"AI/AN**","count":0,"tested":30,"deaths":0,"color":"rgb(31,119,180)"},{"description":"Asian","count":61,"tested":769,"deaths":0,"color":"rgb(140,86,75)"},{"description":"Black","count":380,"tested":4521,"deaths":0,"color":"rgb(255,127,14)"},{"description":"Hispanic","count":933,"tested":4293,"deaths":0,"color":"rgb(214,39,40)"},{"description":"Left Blank","count":1290,"tested":30861,"deaths":0,"color":"rgb(44,160,44)"},{"description":"NH/PI*","count":0,"tested":28,"deaths":0,"color":"rgb(127,127,127)"},{"description":"Other","count":66,"tested":809,"deaths":0,"color":"rgb(148,103,189)"},{"description":"White","count":2462,"tested":26363,"deaths":0,"color":"rgb(31,119,180)"}],"gender":[{"description":"Female","count":2752,"tested":40291,"deaths":0,"color":"rgb(255,127,14)"},{"description":"Male","count":2429,"tested":26466,"deaths":0,"color":"rgb(31,119,180)"},{"description":"Unknown/Left Blank","count":18,"tested":917,"deaths":0,"color":"rgb(44,160,44)"}]}}]}
