{"lastUpdatedDate":{"year":2020,"month":12,"day":2},"county_demographics":[{"County":"Macoupin","confirmed_cases":2385,"total_tested":33789,"demographics":{"age":[{"race":[],"age_group":"<20","count":356,"tested":4560,"deaths":0},{"race":[],"age_group":"20-29   ","count":347,"tested":4640,"deaths":0},{"race":[],"age_group":"30-39   ","count":346,"tested":4616,"deaths":0},{"race":[],"age_group":"40-49   ","count":376,"tested":4496,"deaths":0},{"race":[],"age_group":"50-59   ","count":345,"tested":4972,"deaths":0},{"race":[],"age_group":"60-69   ","count":288,"tested":4537,"deaths":0},{"race":[],"age_group":"70-79   ","count":176,"tested":2648,"deaths":0},{"race":[],"age_group":"80+","count":149,"tested":3297,"deaths":0},{"race":[],"age_group":"Unknown","count":0,"tested":23,"deaths":0}],"race":[{"description":"AI/AN**","count":0,"tested":8,"deaths":0,"color":"rgb(31,119,180)"},{"description":"Asian","count":0,"tested":44,"deaths":0,"color":"rgb(140,86,75)"},{"description":"Black","count":27,"tested":309,"deaths":0,"color":"rgb(255,127,14)"},{"description":"Hispanic","count":8,"tested":104,"deaths":0,"color":"rgb(214,39,40)"},{"description":"Left Blank","count":854,"tested":8381,"deaths":0,"color":"rgb(44,160,44)"},{"description":"NH/PI*","count":0,"tested":0,"deaths":0,"color":"rgb(127,127,127)"},{"description":"Other","count":42,"tested":480,"deaths":0,"color":"rgb(148,103,189)"},{"description":"White","count":1446,"tested":24458,"deaths":0,"color":"rgb(31,119,180)"}],"gender":[{"description":"Female","count":1253,"tested":21062,"deaths":0,"color":"rgb(255,127,14)"},{"description":"Male","count":1064,"tested":11839,"deaths":0,"color":"rgb(31,119,180)"},{"description":"Unknown/Left Blank","count":68,"tested":888,"deaths":0,"color":"rgb(44,160,44)"}]}}]}
