{"lastUpdatedDate":{"year":2020,"month":12,"day":2},"county_demographics":[{"County":"Tazewell","confirmed_cases":7251,"total_tested":109250,"demographics":{"age":[{"race":[],"age_group":"<20","count":1134,"tested":16193,"deaths":0},{"race":[],"age_group":"20-29   ","count":1009,"tested":15150,"deaths":0},{"race":[],"age_group":"30-39   ","count":1063,"tested":15732,"deaths":0},{"race":[],"age_group":"40-49   ","count":1106,"tested":15185,"deaths":0},{"race":[],"age_group":"50-59   ","count":1022,"tested":15031,"deaths":0},{"race":[],"age_group":"60-69   ","count":895,"tested":12990,"deaths":0},{"race":[],"age_group":"70-79   ","count":570,"tested":8796,"deaths":0},{"race":[],"age_group":"80+","count":452,"tested":10163,"deaths":0},{"race":[],"age_group":"Unknown","count":0,"tested":10,"deaths":0}],"race":[{"description":"AI/AN**","count":0,"tested":27,"deaths":0,"color":"rgb(31,119,180)"},{"description":"Asian","count":22,"tested":207,"deaths":0,"color":"rgb(140,86,75)"},{"description":"Black","count":46,"tested":576,"deaths":0,"color":"rgb(255,127,14)"},{"description":"Hispanic","count":35,"tested":310,"deaths":0,"color":"rgb(214,39,40)"},{"description":"Left Blank","count":3780,"tested":70585,"deaths":0,"color":"rgb(44,160,44)"},{"description":"NH/PI*","count":0,"tested":12,"deaths":0,"color":"rgb(127,127,127)"},{"description":"Other","count":78,"tested":1025,"deaths":0,"color":"rgb(148,103,189)"},{"description":"White","count":3280,"tested":36508,"deaths":0,"color":"rgb(31,119,180)"}],"gender":[{"description":"Female","count":3829,"tested":63459,"deaths":0,"color":"rgb(255,127,14)"},{"description":"Male","count":3238,"tested":40842,"deaths":0,"color":"rgb(31,119,180)"},{"description":"Unknown/Left Blank","count":184,"tested":4949,"deaths":0,"color":"rgb(44,160,44)"}]}}]}
