{"lastUpdatedDate":{"year":2020,"month":12,"day":2},"county_demographics":[{"County":"Ford","confirmed_cases":805,"total_tested":13159,"demographics":{"age":[{"race":[],"age_group":"<20","count":119,"tested":1901,"deaths":0},{"race":[],"age_group":"20-29   ","count":118,"tested":2089,"deaths":0},{"race":[],"age_group":"30-39   ","count":116,"tested":1882,"deaths":0},{"race":[],"age_group":"40-49   ","count":91,"tested":1602,"deaths":0},{"race":[],"age_group":"50-59   ","count":108,"tested":1748,"deaths":0},{"race":[],"age_group":"60-69   ","count":99,"tested":1630,"deaths":0},{"race":[],"age_group":"70-79   ","count":57,"tested":990,"deaths":0},{"race":[],"age_group":"80+","count":97,"tested":1310,"deaths":0},{"race":[],"age_group":"Unknown","count":0,"tested":7,"deaths":0}],"race":[{"description":"AI/AN**","count":0,"tested":7,"deaths":0,"color":"rgb(31,119,180)"},{"description":"Asian","count":0,"tested":39,"deaths":0,"color":"rgb(140,86,75)"},{"description":"Black","count":0,"tested":93,"deaths":0,"color":"rgb(255,127,14)"},{"description":"Hispanic","count":22,"tested":178,"deaths":0,"color":"rgb(214,39,40)"},{"description":"Left Blank","count":147,"tested":4401,"deaths":0,"color":"rgb(44,160,44)"},{"description":"NH/PI*","count":0,"tested":9,"deaths":0,"color":"rgb(127,127,127)"},{"description":"Other","count":10,"tested":202,"deaths":0,"color":"rgb(148,103,189)"},{"description":"White","count":610,"tested":8230,"deaths":0,"color":"rgb(31,119,180)"}],"gender":[{"description":"Female","count":445,"tested":8297,"deaths":0,"color":"rgb(255,127,14)"},{"description":"Male","count":332,"tested":4579,"deaths":0,"color":"rgb(31,119,180)"},{"description":"Unknown/Left Blank","count":23,"tested":283,"deaths":0,"color":"rgb(44,160,44)"}]}}]}
