{"lastUpdatedDate":{"year":2020,"month":12,"day":2},"county_demographics":[{"County":"Jersey","confirmed_cases":1361,"total_tested":13589,"demographics":{"age":[{"race":[],"age_group":"<20","count":176,"tested":1501,"deaths":0},{"race":[],"age_group":"20-29   ","count":163,"tested":1844,"deaths":0},{"race":[],"age_group":"30-39   ","count":144,"tested":1700,"deaths":0},{"race":[],"age_group":"40-49   ","count":176,"tested":1880,"deaths":0},{"race":[],"age_group":"50-59   ","count":209,"tested":1993,"deaths":0},{"race":[],"age_group":"60-69   ","count":213,"tested":1671,"deaths":0},{"race":[],"age_group":"70-79   ","count":142,"tested":1200,"deaths":0},{"race":[],"age_group":"80+","count":128,"tested":1788,"deaths":0},{"race":[],"age_group":"Unknown","count":9,"tested":12,"deaths":0}],"race":[{"description":"AI/AN**","count":0,"tested":0,"deaths":0,"color":"rgb(31,119,180)"},{"description":"Asian","count":0,"tested":0,"deaths":0,"color":"rgb(140,86,75)"},{"description":"Black","count":7,"tested":61,"deaths":0,"color":"rgb(255,127,14)"},{"description":"Hispanic","count":0,"tested":17,"deaths":0,"color":"rgb(214,39,40)"},{"description":"Left Blank","count":386,"tested":7074,"deaths":0,"color":"rgb(44,160,44)"},{"description":"NH/PI*","count":0,"tested":0,"deaths":0,"color":"rgb(127,127,127)"},{"description":"Other","count":24,"tested":282,"deaths":0,"color":"rgb(148,103,189)"},{"description":"White","count":941,"tested":6148,"deaths":0,"color":"rgb(31,119,180)"}],"gender":[{"description":"Female","count":758,"tested":8860,"deaths":0,"color":"rgb(255,127,14)"},{"description":"Male","count":589,"tested":4661,"deaths":0,"color":"rgb(31,119,180)"},{"description":"Unknown/Left Blank","count":11,"tested":68,"deaths":0,"color":"rgb(44,160,44)"}]}}]}
