{"age":[{"age_group":"<20","count":108,"tested":1152},{"age_group":"20-29   ","count":62,"tested":673},{"age_group":"30-39   ","count":97,"tested":651},{"age_group":"40-49   ","count":97,"tested":690},{"age_group":"50-59   ","count":107,"tested":976},{"age_group":"60-69   ","count":61,"tested":707},{"age_group":"70-79   ","count":28,"tested":393},{"age_group":"80+","count":33,"tested":407}],"race":[{"description":"Left Blank","count":69,"tested":1917,"color":"rgb(44,160,44)"},{"description":"Black","count":8,"tested":73,"color":"rgb(255,127,14)"},{"description":"White","count":494,"tested":3454,"color":"rgb(31,119,180)"},{"description":"Hispanic","count":19,"tested":121,"color":"rgb(214,39,40)"}],"gender":[{"description":"Male","count":277,"tested":2468,"color":"rgb(31,119,180)"},{"description":"Female","count":316,"tested":3080,"color":"rgb(255,127,14)"}]}
