{"age":[{"age_group":"<20","count":297,"tested":2373},{"age_group":"20-29   ","count":441,"tested":6483},{"age_group":"30-39   ","count":464,"tested":7266},{"age_group":"40-49   ","count":428,"tested":8120},{"age_group":"50-59   ","count":490,"tested":9448},{"age_group":"60-69   ","count":498,"tested":10095},{"age_group":"70-79   ","count":310,"tested":5895},{"age_group":"80+","count":461,"tested":8887}],"race":[{"description":"NH/PI*","count":14,"tested":147,"color":"rgb(127,127,127)"},{"description":"AI/AN**","count":11,"tested":59,"color":"rgb(31,119,180)"},{"description":"Left Blank","count":1093,"tested":36854,"color":"rgb(44,160,44)"},{"description":"Other","count":350,"tested":2154,"color":"rgb(148,103,189)"},{"description":"Black","count":52,"tested":815,"color":"rgb(255,127,14)"},{"description":"White","count":1137,"tested":11220,"color":"rgb(31,119,180)"},{"description":"Asian","count":390,"tested":5212,"color":"rgb(140,86,75)"},{"description":"Hispanic","count":344,"tested":2138,"color":"rgb(214,39,40)"}],"gender":[{"description":"Female","count":1825,"tested":35468,"color":"rgb(255,127,14)"},{"description":"Male","count":1536,"tested":22135,"color":"rgb(31,119,180)"},{"description":"Unknown/Left Blank","count":30,"tested":996,"color":"rgb(44,160,44)"}]}
