{"age":[{"age_group":"<20","count":426,"tested":4413},{"age_group":"20-29   ","count":635,"tested":6255},{"age_group":"30-39   ","count":490,"tested":5323},{"age_group":"40-49   ","count":473,"tested":5276},{"age_group":"50-59   ","count":452,"tested":5315},{"age_group":"60-69   ","count":423,"tested":5817},{"age_group":"70-79   ","count":233,"tested":3710},{"age_group":"80+","count":223,"tested":6243}],"race":[{"description":"Left Blank","count":1602,"tested":23839,"color":"rgb(44,160,44)"},{"description":"Hispanic","count":240,"tested":1277,"color":"rgb(214,39,40)"},{"description":"Other","count":93,"tested":775,"color":"rgb(148,103,189)"},{"description":"Black","count":359,"tested":4464,"color":"rgb(255,127,14)"},{"description":"Asian","count":72,"tested":333,"color":"rgb(140,86,75)"},{"description":"White","count":985,"tested":11669,"color":"rgb(31,119,180)"}],"gender":[{"description":"Unknown/Left Blank","count":17,"tested":831,"color":"rgb(44,160,44)"},{"description":"Female","count":1799,"tested":25985,"color":"rgb(255,127,14)"},{"description":"Male","count":1539,"tested":15572,"color":"rgb(31,119,180)"}]}
