{"age":[{"age_group":"<20","count":200,"tested":1458},{"age_group":"20-29   ","count":268,"tested":2936},{"age_group":"30-39   ","count":261,"tested":2627},{"age_group":"40-49   ","count":217,"tested":2249},{"age_group":"50-59   ","count":283,"tested":2778},{"age_group":"60-69   ","count":208,"tested":2732},{"age_group":"70-79   ","count":133,"tested":1625},{"age_group":"80+","count":79,"tested":865}],"race":[{"description":"Hispanic","count":107,"tested":600,"color":"rgb(214,39,40)"},{"description":"Asian","count":27,"tested":186,"color":"rgb(140,86,75)"},{"description":"Black","count":51,"tested":465,"color":"rgb(255,127,14)"},{"description":"White","count":647,"tested":4559,"color":"rgb(31,119,180)"},{"description":"Other","count":92,"tested":580,"color":"rgb(148,103,189)"},{"description":"Left Blank","count":721,"tested":10876,"color":"rgb(44,160,44)"}],"gender":[{"description":"Unknown/Left Blank","count":21,"tested":223,"color":"rgb(44,160,44)"},{"description":"Male","count":771,"tested":6564,"color":"rgb(31,119,180)"},{"description":"Female","count":857,"tested":10493,"color":"rgb(255,127,14)"}]}
