{"age":[{"age_group":"<20","count":423,"tested":9828},{"age_group":"20-29   ","count":2212,"tested":40544},{"age_group":"30-39   ","count":891,"tested":24899},{"age_group":"40-49   ","count":456,"tested":11896},{"age_group":"50-59   ","count":326,"tested":11167},{"age_group":"60-69   ","count":217,"tested":9224},{"age_group":"70-79   ","count":186,"tested":6601},{"age_group":"80+","count":186,"tested":5785}],"race":[{"description":"Hispanic","count":305,"tested":2829,"color":"rgb(214,39,40)"},{"description":"Left Blank","count":1394,"tested":64173,"color":"rgb(44,160,44)"},{"description":"Other","count":272,"tested":5081,"color":"rgb(148,103,189)"},{"description":"Black","count":225,"tested":3782,"color":"rgb(255,127,14)"},{"description":"White","count":2574,"tested":41210,"color":"rgb(31,119,180)"},{"description":"Asian","count":120,"tested":2814,"color":"rgb(140,86,75)"}],"gender":[{"description":"Unknown/Left Blank","count":334,"tested":1872,"color":"rgb(44,160,44)"},{"description":"Female","count":2380,"tested":67923,"color":"rgb(255,127,14)"},{"description":"Male","count":2183,"tested":50187,"color":"rgb(31,119,180)"}]}
