{"age":[{"age_group":"<20","count":16,"tested":253},{"age_group":"20-29   ","count":10,"tested":151},{"age_group":"30-39   ","count":11,"tested":154},{"age_group":"40-49   ","count":9,"tested":342},{"age_group":"50-59   ","count":10,"tested":202},{"age_group":"60-69   ","count":17,"tested":243},{"age_group":"70-79   ","count":7,"tested":144},{"age_group":"80+","count":12,"tested":132}],"race":[{"description":"White","count":77,"tested":1319,"color":"rgb(31,119,180)"},{"description":"Left Blank","count":13,"tested":227,"color":"rgb(44,160,44)"}],"gender":[{"description":"Female","count":55,"tested":1090,"color":"rgb(255,127,14)"},{"description":"Male","count":34,"tested":527,"color":"rgb(31,119,180)"}]}
