{"age":[{"age_group":"<20","count":1142,"tested":9092},{"age_group":"20-29   ","count":1637,"tested":16467},{"age_group":"30-39   ","count":1552,"tested":18169},{"age_group":"40-49   ","count":1453,"tested":15026},{"age_group":"50-59   ","count":1162,"tested":13625},{"age_group":"60-69   ","count":786,"tested":10802},{"age_group":"70-79   ","count":328,"tested":4817},{"age_group":"80+","count":153,"tested":2379}],"race":[{"description":"White","count":1486,"tested":18465,"color":"rgb(31,119,180)"},{"description":"Left Blank","count":1467,"tested":37098,"color":"rgb(44,160,44)"},{"description":"Other","count":403,"tested":4461,"color":"rgb(148,103,189)"},{"description":"Black","count":134,"tested":1675,"color":"rgb(255,127,14)"},{"description":"Asian","count":195,"tested":2166,"color":"rgb(140,86,75)"},{"description":"Hispanic","count":4518,"tested":26349,"color":"rgb(214,39,40)"}],"gender":[{"description":"Unknown/Left Blank","count":96,"tested":1758,"color":"rgb(44,160,44)"},{"description":"Male","count":4020,"tested":40845,"color":"rgb(31,119,180)"},{"description":"Female","count":4097,"tested":47800,"color":"rgb(255,127,14)"}]}
