{"age":[{"age_group":"<20","count":108,"tested":1327},{"age_group":"20-29   ","count":101,"tested":1438},{"age_group":"30-39   ","count":94,"tested":1123},{"age_group":"40-49   ","count":124,"tested":1587},{"age_group":"50-59   ","count":120,"tested":2027},{"age_group":"60-69   ","count":75,"tested":1468},{"age_group":"70-79   ","count":30,"tested":893},{"age_group":"80+","count":37,"tested":919}],"race":[{"description":"Other","count":13,"tested":244,"color":"rgb(148,103,189)"},{"description":"Hispanic","count":22,"tested":166,"color":"rgb(214,39,40)"},{"description":"Left Blank","count":257,"tested":5188,"color":"rgb(44,160,44)"},{"description":"White","count":107,"tested":1764,"color":"rgb(31,119,180)"},{"description":"Black","count":288,"tested":3328,"color":"rgb(255,127,14)"}],"gender":[{"description":"Male","count":329,"tested":4461,"color":"rgb(31,119,180)"},{"description":"Female","count":356,"tested":6211,"color":"rgb(255,127,14)"}]}
