{"age":[{"age_group":"<20","count":123,"tested":2551},{"age_group":"20-29   ","count":1334,"tested":21730},{"age_group":"30-39   ","count":631,"tested":13198},{"age_group":"40-49   ","count":232,"tested":4506},{"age_group":"50-59   ","count":221,"tested":4955},{"age_group":"60-69   ","count":185,"tested":5097},{"age_group":"70-79   ","count":155,"tested":4688},{"age_group":"80+","count":88,"tested":3451}],"race":[{"description":"Hispanic","count":147,"tested":1014,"color":"rgb(214,39,40)"},{"description":"Asian","count":70,"tested":1684,"color":"rgb(140,86,75)"},{"description":"White","count":1372,"tested":20544,"color":"rgb(31,119,180)"},{"description":"Left Blank","count":858,"tested":30380,"color":"rgb(44,160,44)"},{"description":"Other","count":143,"tested":2060,"color":"rgb(148,103,189)"},{"description":"Black","count":376,"tested":4425,"color":"rgb(255,127,14)"}],"gender":[{"description":"Unknown/Left Blank","count":118,"tested":1015,"color":"rgb(44,160,44)"},{"description":"Male","count":1310,"tested":25367,"color":"rgb(31,119,180)"},{"description":"Female","count":1541,"tested":33801,"color":"rgb(255,127,14)"}]}
