{"age":[{"age_group":"<20","count":1576,"tested":10372},{"age_group":"20-29   ","count":1937,"tested":15933},{"age_group":"30-39   ","count":1844,"tested":13933},{"age_group":"40-49   ","count":1919,"tested":12418},{"age_group":"50-59   ","count":1489,"tested":11142},{"age_group":"60-69   ","count":883,"tested":9260},{"age_group":"70-79   ","count":433,"tested":4472},{"age_group":"80+","count":181,"tested":1572}],"race":[{"description":"Black","count":1309,"tested":13183,"color":"rgb(255,127,14)"},{"description":"Asian","count":9,"tested":225,"color":"rgb(140,86,75)"},{"description":"Other","count":363,"tested":3249,"color":"rgb(148,103,189)"},{"description":"AI/AN**","count":7,"tested":43,"color":"rgb(31,119,180)"},{"description":"Hispanic","count":6152,"tested":26574,"color":"rgb(214,39,40)"},{"description":"Left Blank","count":2090,"tested":30954,"color":"rgb(44,160,44)"},{"description":"White","count":329,"tested":4889,"color":"rgb(31,119,180)"}],"gender":[{"description":"Unknown/Left Blank","count":118,"tested":1421,"color":"rgb(44,160,44)"},{"description":"Female","count":5247,"tested":42012,"color":"rgb(255,127,14)"},{"description":"Male","count":4897,"tested":35703,"color":"rgb(31,119,180)"}]}
