{"age":[{"age_group":"<20","count":668,"tested":4127},{"age_group":"20-29   ","count":879,"tested":6627},{"age_group":"30-39   ","count":795,"tested":5555},{"age_group":"40-49   ","count":780,"tested":4985},{"age_group":"50-59   ","count":679,"tested":5244},{"age_group":"60-69   ","count":470,"tested":4138},{"age_group":"70-79   ","count":196,"tested":2361},{"age_group":"80+","count":115,"tested":1938}],"race":[{"description":"Black","count":86,"tested":702,"color":"rgb(255,127,14)"},{"description":"Hispanic","count":1950,"tested":5535,"color":"rgb(214,39,40)"},{"description":"Asian","count":184,"tested":1022,"color":"rgb(140,86,75)"},{"description":"White","count":1192,"tested":7991,"color":"rgb(31,119,180)"},{"description":"Left Blank","count":958,"tested":17892,"color":"rgb(44,160,44)"},{"description":"Other","count":203,"tested":1767,"color":"rgb(148,103,189)"}],"gender":[{"description":"Female","count":2301,"tested":19078,"color":"rgb(255,127,14)"},{"description":"Unknown/Left Blank","count":22,"tested":429,"color":"rgb(44,160,44)"},{"description":"Male","count":2260,"tested":15476,"color":"rgb(31,119,180)"}]}
