{"age":[{"age_group":"<20","count":164,"tested":1185},{"age_group":"20-29   ","count":293,"tested":2168},{"age_group":"30-39   ","count":263,"tested":1929},{"age_group":"40-49   ","count":196,"tested":1603},{"age_group":"50-59   ","count":256,"tested":1903},{"age_group":"60-69   ","count":188,"tested":1874},{"age_group":"70-79   ","count":87,"tested":1282},{"age_group":"80+","count":69,"tested":1777}],"race":[{"description":"Other","count":53,"tested":379,"color":"rgb(148,103,189)"},{"description":"Black","count":26,"tested":177,"color":"rgb(255,127,14)"},{"description":"Asian","count":58,"tested":291,"color":"rgb(140,86,75)"},{"description":"White","count":663,"tested":3881,"color":"rgb(31,119,180)"},{"description":"Left Blank","count":305,"tested":7642,"color":"rgb(44,160,44)"},{"description":"Hispanic","count":408,"tested":1345,"color":"rgb(214,39,40)"}],"gender":[{"description":"Female","count":771,"tested":7652,"color":"rgb(255,127,14)"},{"description":"Male","count":741,"tested":5927,"color":"rgb(31,119,180)"}]}
