{"age":[{"age_group":"<20","count":282,"tested":3059},{"age_group":"20-29   ","count":352,"tested":4201},{"age_group":"30-39   ","count":262,"tested":3430},{"age_group":"40-49   ","count":300,"tested":3796},{"age_group":"50-59   ","count":401,"tested":4816},{"age_group":"60-69   ","count":263,"tested":4037},{"age_group":"70-79   ","count":138,"tested":2610},{"age_group":"80+","count":125,"tested":4676}],"race":[{"description":"Left Blank","count":797,"tested":18361,"color":"rgb(44,160,44)"},{"description":"Hispanic","count":73,"tested":494,"color":"rgb(214,39,40)"},{"description":"Other","count":71,"tested":709,"color":"rgb(148,103,189)"},{"description":"Black","count":15,"tested":234,"color":"rgb(255,127,14)"},{"description":"White","count":1145,"tested":10610,"color":"rgb(31,119,180)"},{"description":"Asian","count":19,"tested":205,"color":"rgb(140,86,75)"}],"gender":[{"description":"Unknown/Left Blank","count":17,"tested":927,"color":"rgb(44,160,44)"},{"description":"Male","count":989,"tested":10878,"color":"rgb(31,119,180)"},{"description":"Female","count":1118,"tested":18832,"color":"rgb(255,127,14)"}]}
