{"age":[{"age_group":"<20","count":126,"tested":1366},{"age_group":"20-29   ","count":109,"tested":1893},{"age_group":"30-39   ","count":94,"tested":1342},{"age_group":"40-49   ","count":122,"tested":1798},{"age_group":"50-59   ","count":142,"tested":1849},{"age_group":"60-69   ","count":98,"tested":1637},{"age_group":"70-79   ","count":64,"tested":1335},{"age_group":"80+","count":133,"tested":2918}],"race":[{"description":"Hispanic","count":32,"tested":152,"color":"rgb(214,39,40)"},{"description":"White","count":557,"tested":5634,"color":"rgb(31,119,180)"},{"description":"Left Blank","count":265,"tested":8018,"color":"rgb(44,160,44)"},{"description":"Asian","count":13,"tested":121,"color":"rgb(140,86,75)"},{"description":"Other","count":16,"tested":132,"color":"rgb(148,103,189)"}],"gender":[{"description":"Female","count":477,"tested":8821,"color":"rgb(255,127,14)"},{"description":"Unknown/Left Blank","count":11,"tested":451,"color":"rgb(44,160,44)"},{"description":"Male","count":400,"tested":4866,"color":"rgb(31,119,180)"}]}
