{"age":[{"age_group":"20-29   ","count":7,"tested":98},{"age_group":"30-39   ","count":12,"tested":146},{"age_group":"40-49   ","count":11,"tested":64},{"age_group":"50-59   ","count":18,"tested":135},{"age_group":"60-69   ","count":8,"tested":124}],"race":[{"description":"Left Blank","count":8,"tested":148,"color":"rgb(44,160,44)"},{"description":"White","count":54,"tested":535,"color":"rgb(31,119,180)"}],"gender":[{"description":"Female","count":33,"tested":454,"color":"rgb(255,127,14)"},{"description":"Male","count":30,"tested":256,"color":"rgb(31,119,180)"}]}
