{"age":[{"age_group":"<20","count":198,"tested":1954},{"age_group":"20-29   ","count":179,"tested":1548},{"age_group":"30-39   ","count":166,"tested":1509},{"age_group":"40-49   ","count":198,"tested":1643},{"age_group":"50-59   ","count":228,"tested":1578},{"age_group":"60-69   ","count":191,"tested":1386},{"age_group":"70-79   ","count":117,"tested":683},{"age_group":"80+","count":50,"tested":324}],"race":[{"description":"Left Blank","count":188,"tested":2732,"color":"rgb(44,160,44)"},{"description":"Hispanic","count":109,"tested":575,"color":"rgb(214,39,40)"},{"description":"White","count":925,"tested":6436,"color":"rgb(31,119,180)"},{"description":"Black","count":36,"tested":472,"color":"rgb(255,127,14)"},{"description":"Other","count":66,"tested":376,"color":"rgb(148,103,189)"}],"gender":[{"description":"Female","count":710,"tested":6035,"color":"rgb(255,127,14)"},{"description":"Male","count":605,"tested":4087,"color":"rgb(31,119,180)"},{"description":"Unknown/Left Blank","count":15,"tested":504,"color":"rgb(44,160,44)"}]}
