{"age":[{"age_group":"<20","count":52,"tested":545},{"age_group":"20-29   ","count":60,"tested":443},{"age_group":"30-39   ","count":44,"tested":407},{"age_group":"40-49   ","count":58,"tested":425},{"age_group":"50-59   ","count":50,"tested":375},{"age_group":"60-69   ","count":27,"tested":193},{"age_group":"70-79   ","count":9,"tested":89},{"age_group":"80+","count":6,"tested":47}],"race":[{"description":"Hispanic","count":31,"tested":119,"color":"rgb(214,39,40)"},{"description":"White","count":142,"tested":1129,"color":"rgb(31,119,180)"},{"description":"Left Blank","count":127,"tested":1196,"color":"rgb(44,160,44)"},{"description":"Other","count":6,"tested":50,"color":"rgb(148,103,189)"}],"gender":[{"description":"Female","count":159,"tested":1438,"color":"rgb(255,127,14)"},{"description":"Male","count":148,"tested":1058,"color":"rgb(31,119,180)"}]}
