{"age":[{"age_group":"<20","count":64,"tested":565},{"age_group":"20-29   ","count":64,"tested":714},{"age_group":"30-39   ","count":72,"tested":620},{"age_group":"40-49   ","count":75,"tested":951},{"age_group":"50-59   ","count":85,"tested":1148},{"age_group":"60-69   ","count":57,"tested":944},{"age_group":"70-79   ","count":29,"tested":504},{"age_group":"80+","count":24,"tested":295}],"race":[{"description":"Left Blank","count":100,"tested":1126,"color":"rgb(44,160,44)"},{"description":"White","count":249,"tested":3337,"color":"rgb(31,119,180)"},{"description":"Hispanic","count":44,"tested":291,"color":"rgb(214,39,40)"},{"description":"Black","count":67,"tested":800,"color":"rgb(255,127,14)"},{"description":"Other","count":10,"tested":174,"color":"rgb(148,103,189)"}],"gender":[{"description":"Female","count":263,"tested":3600,"color":"rgb(255,127,14)"},{"description":"Male","count":207,"tested":2110,"color":"rgb(31,119,180)"}]}
