{"age":[{"age_group":"<20","count":95,"tested":886},{"age_group":"20-29   ","count":112,"tested":1058},{"age_group":"30-39   ","count":114,"tested":853},{"age_group":"40-49   ","count":112,"tested":926},{"age_group":"50-59   ","count":161,"tested":1427},{"age_group":"60-69   ","count":99,"tested":904},{"age_group":"70-79   ","count":44,"tested":586},{"age_group":"80+","count":17,"tested":193}],"race":[{"description":"Hispanic","count":28,"tested":184,"color":"rgb(214,39,40)"},{"description":"White","count":426,"tested":3781,"color":"rgb(31,119,180)"},{"description":"Left Blank","count":257,"tested":2525,"color":"rgb(44,160,44)"},{"description":"Other","count":39,"tested":242,"color":"rgb(148,103,189)"}],"gender":[{"description":"Male","count":370,"tested":3135,"color":"rgb(31,119,180)"},{"description":"Female","count":380,"tested":3672,"color":"rgb(255,127,14)"}]}
