{"age":[{"age_group":"<20","count":550,"tested":4249},{"age_group":"20-29   ","count":849,"tested":8375},{"age_group":"30-39   ","count":726,"tested":7223},{"age_group":"40-49   ","count":630,"tested":5999},{"age_group":"50-59   ","count":723,"tested":7123},{"age_group":"60-69   ","count":401,"tested":4734},{"age_group":"70-79   ","count":184,"tested":2257},{"age_group":"80+","count":129,"tested":1811}],"race":[{"description":"Other","count":114,"tested":1009,"color":"rgb(148,103,189)"},{"description":"AI/AN**","count":13,"tested":23,"color":"rgb(31,119,180)"},{"description":"NH/PI*","count":18,"tested":72,"color":"rgb(127,127,127)"},{"description":"Black","count":130,"tested":1059,"color":"rgb(255,127,14)"},{"description":"Asian","count":288,"tested":2475,"color":"rgb(140,86,75)"},{"description":"Hispanic","count":1187,"tested":4646,"color":"rgb(214,39,40)"},{"description":"Left Blank","count":1687,"tested":26533,"color":"rgb(44,160,44)"},{"description":"White","count":755,"tested":5973,"color":"rgb(31,119,180)"}],"gender":[{"description":"Unknown/Left Blank","count":30,"tested":1069,"color":"rgb(44,160,44)"},{"description":"Female","count":2175,"tested":23848,"color":"rgb(255,127,14)"},{"description":"Male","count":1987,"tested":16873,"color":"rgb(31,119,180)"}]}
