{"age":[{"age_group":"<20","count":735,"tested":5389},{"age_group":"20-29   ","count":713,"tested":5815},{"age_group":"30-39   ","count":596,"tested":4844},{"age_group":"40-49   ","count":672,"tested":4869},{"age_group":"50-59   ","count":611,"tested":4992},{"age_group":"60-69   ","count":374,"tested":3773},{"age_group":"70-79   ","count":222,"tested":2848},{"age_group":"80+","count":150,"tested":3167}],"race":[{"description":"Other","count":55,"tested":429,"color":"rgb(148,103,189)"},{"description":"Left Blank","count":329,"tested":19089,"color":"rgb(44,160,44)"},{"description":"Hispanic","count":1736,"tested":3739,"color":"rgb(214,39,40)"},{"description":"White","count":1847,"tested":11727,"color":"rgb(31,119,180)"},{"description":"Asian","count":27,"tested":149,"color":"rgb(140,86,75)"},{"description":"Black","count":73,"tested":548,"color":"rgb(255,127,14)"}],"gender":[{"description":"Male","count":1892,"tested":13628,"color":"rgb(31,119,180)"},{"description":"Unknown/Left Blank","count":7,"tested":628,"color":"rgb(44,160,44)"},{"description":"Female","count":2175,"tested":21450,"color":"rgb(255,127,14)"}]}
