{"age":[{"age_group":"<20","count":162,"tested":1718},{"age_group":"20-29   ","count":206,"tested":2642},{"age_group":"30-39   ","count":199,"tested":2801},{"age_group":"40-49   ","count":171,"tested":2416},{"age_group":"50-59   ","count":165,"tested":2759},{"age_group":"60-69   ","count":114,"tested":1964},{"age_group":"70-79   ","count":91,"tested":1261},{"age_group":"80+","count":48,"tested":1108}],"race":[{"description":"Left Blank","count":301,"tested":5575,"color":"rgb(44,160,44)"},{"description":"White","count":665,"tested":8881,"color":"rgb(31,119,180)"},{"description":"Hispanic","count":94,"tested":767,"color":"rgb(214,39,40)"},{"description":"Black","count":66,"tested":1043,"color":"rgb(255,127,14)"},{"description":"Other","count":24,"tested":348,"color":"rgb(148,103,189)"}],"gender":[{"description":"Female","count":658,"tested":10717,"color":"rgb(255,127,14)"},{"description":"Male","count":493,"tested":5785,"color":"rgb(31,119,180)"}]}
