{"age":[{"age_group":"<20","count":399,"tested":4071},{"age_group":"20-29   ","count":159,"tested":2623},{"age_group":"30-39   ","count":95,"tested":2143},{"age_group":"40-49   ","count":179,"tested":2919},{"age_group":"50-59   ","count":274,"tested":3753},{"age_group":"60-69   ","count":174,"tested":2910},{"age_group":"70-79   ","count":95,"tested":2103},{"age_group":"80+","count":97,"tested":2116}],"race":[{"description":"Hispanic","count":56,"tested":388,"color":"rgb(214,39,40)"},{"description":"Left Blank","count":392,"tested":11851,"color":"rgb(44,160,44)"},{"description":"White","count":898,"tested":8378,"color":"rgb(31,119,180)"},{"description":"Asian","count":48,"tested":802,"color":"rgb(140,86,75)"},{"description":"Black","count":23,"tested":411,"color":"rgb(255,127,14)"},{"description":"Other","count":54,"tested":788,"color":"rgb(148,103,189)"}],"gender":[{"description":"Male","count":708,"tested":9676,"color":"rgb(31,119,180)"},{"description":"Female","count":751,"tested":12774,"color":"rgb(255,127,14)"},{"description":"Unknown/Left Blank","count":13,"tested":190,"color":"rgb(44,160,44)"}]}
