{"age":[{"age_group":"<20","count":34,"tested":373},{"age_group":"20-29   ","count":23,"tested":270},{"age_group":"30-39   ","count":23,"tested":258},{"age_group":"40-49   ","count":32,"tested":226},{"age_group":"50-59   ","count":40,"tested":375},{"age_group":"60-69   ","count":30,"tested":291},{"age_group":"70-79   ","count":19,"tested":174},{"age_group":"80+","count":43,"tested":141}],"race":[{"description":"White","count":216,"tested":1287,"color":"rgb(31,119,180)"},{"description":"Left Blank","count":15,"tested":729,"color":"rgb(44,160,44)"},{"description":"Hispanic","count":7,"tested":34,"color":"rgb(214,39,40)"}],"gender":[{"description":"Male","count":107,"tested":812,"color":"rgb(31,119,180)"},{"description":"Female","count":137,"tested":1275,"color":"rgb(255,127,14)"}]}
