{"lastUpdatedDate":{"year":2021,"month":1,"day":13},"county_demographics":[{"County":"Stephenson","confirmed_cases":3441,"total_tested":37017,"demographics":{"age":[{"race":[],"age_group":"<20","count":518,"tested":4641,"deaths":0},{"race":[],"age_group":"20-29   ","count":495,"tested":5190,"deaths":0},{"race":[],"age_group":"30-39   ","count":514,"tested":4894,"deaths":0},{"race":[],"age_group":"40-49   ","count":429,"tested":3914,"deaths":0},{"race":[],"age_group":"50-59   ","count":563,"tested":5453,"deaths":0},{"race":[],"age_group":"60-69   ","count":467,"tested":4802,"deaths":0},{"race":[],"age_group":"70-79   ","count":241,"tested":3196,"deaths":0},{"race":[],"age_group":"80+","count":214,"tested":4910,"deaths":0},{"race":[],"age_group":"Unknown","count":0,"tested":17,"deaths":0}],"race":[{"description":"AI/AN**","count":0,"tested":15,"deaths":0,"color":"rgb(31,119,180)"},{"description":"Asian","count":16,"tested":99,"deaths":0,"color":"rgb(140,86,75)"},{"description":"Black","count":194,"tested":1608,"deaths":0,"color":"rgb(255,127,14)"},{"description":"Hispanic","count":127,"tested":539,"deaths":0,"color":"rgb(214,39,40)"},{"description":"Left Blank","count":794,"tested":15635,"deaths":0,"color":"rgb(44,160,44)"},{"description":"NH/PI*","count":0,"tested":12,"deaths":0,"color":"rgb(127,127,127)"},{"description":"Other","count":38,"tested":456,"deaths":0,"color":"rgb(148,103,189)"},{"description":"White","count":2256,"tested":18653,"deaths":0,"color":"rgb(31,119,180)"}],"gender":[{"description":"Female","count":1879,"tested":23637,"deaths":0,"color":"rgb(255,127,14)"},{"description":"Male","count":1521,"tested":12481,"deaths":0,"color":"rgb(31,119,180)"},{"description":"Unknown/Left Blank","count":37,"tested":899,"deaths":0,"color":"rgb(44,160,44)"}]}}]}
