{"lastUpdatedDate":{"year":2021,"month":1,"day":13},"county_demographics":[{"County":"Franklin","confirmed_cases":3732,"total_tested":34483,"demographics":{"age":[{"race":[],"age_group":"<20","count":518,"tested":3828,"deaths":0},{"race":[],"age_group":"20-29   ","count":552,"tested":4782,"deaths":0},{"race":[],"age_group":"30-39   ","count":469,"tested":4511,"deaths":0},{"race":[],"age_group":"40-49   ","count":529,"tested":4526,"deaths":0},{"race":[],"age_group":"50-59   ","count":592,"tested":5232,"deaths":0},{"race":[],"age_group":"60-69   ","count":499,"tested":4396,"deaths":0},{"race":[],"age_group":"70-79   ","count":351,"tested":3506,"deaths":0},{"race":[],"age_group":"80+","count":221,"tested":3687,"deaths":0},{"race":[],"age_group":"Unknown","count":0,"tested":15,"deaths":0}],"race":[{"description":"AI/AN**","count":0,"tested":0,"deaths":0,"color":"rgb(31,119,180)"},{"description":"Asian","count":0,"tested":30,"deaths":0,"color":"rgb(140,86,75)"},{"description":"Black","count":12,"tested":106,"deaths":0,"color":"rgb(255,127,14)"},{"description":"Hispanic","count":32,"tested":234,"deaths":0,"color":"rgb(214,39,40)"},{"description":"Left Blank","count":1053,"tested":11933,"deaths":0,"color":"rgb(44,160,44)"},{"description":"Other","count":21,"tested":312,"deaths":0,"color":"rgb(148,103,189)"},{"description":"White","count":2606,"tested":21865,"deaths":0,"color":"rgb(31,119,180)"}],"gender":[{"description":"Female","count":2015,"tested":20270,"deaths":0,"color":"rgb(255,127,14)"},{"description":"Male","count":1591,"tested":11698,"deaths":0,"color":"rgb(31,119,180)"},{"description":"Unknown/Left Blank","count":125,"tested":2515,"deaths":0,"color":"rgb(44,160,44)"}]}}]}
