{"lastUpdatedDate":{"year":2021,"month":1,"day":13},"county_demographics":[{"County":"Rock Island","confirmed_cases":11636,"total_tested":128847,"demographics":{"age":[{"race":[],"age_group":"<20","count":1463,"tested":14402,"deaths":0},{"race":[],"age_group":"20-29   ","count":1963,"tested":18876,"deaths":0},{"race":[],"age_group":"30-39   ","count":1860,"tested":18355,"deaths":0},{"race":[],"age_group":"40-49   ","count":1699,"tested":17048,"deaths":0},{"race":[],"age_group":"50-59   ","count":1673,"tested":17463,"deaths":0},{"race":[],"age_group":"60-69   ","count":1451,"tested":17051,"deaths":0},{"race":[],"age_group":"70-79   ","count":812,"tested":11105,"deaths":0},{"race":[],"age_group":"80+","count":715,"tested":12936,"deaths":0},{"race":[],"age_group":"Unknown","count":0,"tested":1611,"deaths":0}],"race":[{"description":"AI/AN**","count":6,"tested":46,"deaths":0,"color":"rgb(31,119,180)"},{"description":"Asian","count":99,"tested":690,"deaths":0,"color":"rgb(140,86,75)"},{"description":"Black","count":741,"tested":7085,"deaths":0,"color":"rgb(255,127,14)"},{"description":"Hispanic","count":949,"tested":4878,"deaths":0,"color":"rgb(214,39,40)"},{"description":"Left Blank","count":6021,"tested":72963,"deaths":0,"color":"rgb(44,160,44)"},{"description":"NH/PI*","count":0,"tested":55,"deaths":0,"color":"rgb(127,127,127)"},{"description":"Other","count":257,"tested":2287,"deaths":0,"color":"rgb(148,103,189)"},{"description":"White","count":3552,"tested":40843,"deaths":0,"color":"rgb(31,119,180)"}],"gender":[{"description":"Female","count":6161,"tested":76140,"deaths":0,"color":"rgb(255,127,14)"},{"description":"Male","count":5397,"tested":48315,"deaths":0,"color":"rgb(31,119,180)"},{"description":"Unknown/Left Blank","count":78,"tested":4392,"deaths":0,"color":"rgb(44,160,44)"}]}}]}
