{"lastUpdatedDate":{"year":2021,"month":1,"day":13},"county_demographics":[{"County":"Iroquois","confirmed_cases":2529,"total_tested":32534,"demographics":{"age":[{"race":[],"age_group":"<20","count":386,"tested":4242,"deaths":0},{"race":[],"age_group":"20-29   ","count":372,"tested":4161,"deaths":0},{"race":[],"age_group":"30-39   ","count":330,"tested":4092,"deaths":0},{"race":[],"age_group":"40-49   ","count":335,"tested":3500,"deaths":0},{"race":[],"age_group":"50-59   ","count":387,"tested":4540,"deaths":0},{"race":[],"age_group":"60-69   ","count":334,"tested":4175,"deaths":0},{"race":[],"age_group":"70-79   ","count":222,"tested":3152,"deaths":0},{"race":[],"age_group":"80+","count":159,"tested":4668,"deaths":0},{"race":[],"age_group":"Unknown","count":0,"tested":0,"deaths":0}],"race":[{"description":"AI/AN**","count":0,"tested":8,"deaths":0,"color":"rgb(31,119,180)"},{"description":"Asian","count":0,"tested":48,"deaths":0,"color":"rgb(140,86,75)"},{"description":"Black","count":22,"tested":270,"deaths":0,"color":"rgb(255,127,14)"},{"description":"Hispanic","count":212,"tested":964,"deaths":0,"color":"rgb(214,39,40)"},{"description":"Left Blank","count":340,"tested":9500,"deaths":0,"color":"rgb(44,160,44)"},{"description":"NH/PI*","count":0,"tested":6,"deaths":0,"color":"rgb(127,127,127)"},{"description":"Other","count":56,"tested":564,"deaths":0,"color":"rgb(148,103,189)"},{"description":"White","count":1892,"tested":21174,"deaths":0,"color":"rgb(31,119,180)"}],"gender":[{"description":"Female","count":1351,"tested":20912,"deaths":0,"color":"rgb(255,127,14)"},{"description":"Male","count":1097,"tested":11069,"deaths":0,"color":"rgb(31,119,180)"},{"description":"Unknown/Left Blank","count":81,"tested":553,"deaths":0,"color":"rgb(44,160,44)"}]}}]}
