{"age":[{"age_group":"<20","count":74,"tested":2148},{"age_group":"20-29   ","count":1043,"tested":20104},{"age_group":"30-39   ","count":773,"tested":16483},{"age_group":"40-49   ","count":223,"tested":5537},{"age_group":"50-59   ","count":146,"tested":4085},{"age_group":"60-69   ","count":78,"tested":2567},{"age_group":"70-79   ","count":20,"tested":1049},{"age_group":"80+","count":9,"tested":310}],"race":[{"description":"AI/AN**","count":8,"tested":56,"color":"rgb(31,119,180)"},{"description":"Asian","count":112,"tested":3954,"color":"rgb(140,86,75)"},{"description":"Black","count":95,"tested":1419,"color":"rgb(255,127,14)"},{"description":"Hispanic","count":111,"tested":1322,"color":"rgb(214,39,40)"},{"description":"Left Blank","count":730,"tested":24118,"color":"rgb(44,160,44)"},{"description":"Other","count":121,"tested":2203,"color":"rgb(148,103,189)"},{"description":"White","count":1185,"tested":19181,"color":"rgb(31,119,180)"}],"gender":[{"description":"Female","count":1087,"tested":25534,"color":"rgb(255,127,14)"},{"description":"Male","count":1219,"tested":25854,"color":"rgb(31,119,180)"},{"description":"Unknown/Left Blank","count":60,"tested":904,"color":"rgb(44,160,44)"}]}
