{"age":[{"age_group":"<20","count":611,"tested":7196},{"age_group":"20-29   ","count":532,"tested":6985},{"age_group":"30-39   ","count":452,"tested":6376},{"age_group":"40-49   ","count":559,"tested":7200},{"age_group":"50-59   ","count":488,"tested":7222},{"age_group":"60-69   ","count":257,"tested":5375},{"age_group":"70-79   ","count":179,"tested":5192},{"age_group":"80+","count":151,"tested":5046}],"race":[{"description":"Asian","count":103,"tested":1659,"color":"rgb(140,86,75)"},{"description":"Black","count":205,"tested":2903,"color":"rgb(255,127,14)"},{"description":"Hispanic","count":479,"tested":3929,"color":"rgb(214,39,40)"},{"description":"Left Blank","count":851,"tested":18643,"color":"rgb(44,160,44)"},{"description":"Other","count":118,"tested":1685,"color":"rgb(148,103,189)"},{"description":"White","count":1466,"tested":21690,"color":"rgb(31,119,180)"}],"gender":[{"description":"Female","count":1664,"tested":29559,"color":"rgb(255,127,14)"},{"description":"Male","count":1554,"tested":20377,"color":"rgb(31,119,180)"},{"description":"Unknown/Left Blank","count":11,"tested":660,"color":"rgb(44,160,44)"}]}
