{"age":[{"age_group":"<20","count":904,"tested":8389},{"age_group":"20-29   ","count":977,"tested":18081},{"age_group":"30-39   ","count":1040,"tested":19941},{"age_group":"40-49   ","count":874,"tested":19046},{"age_group":"50-59   ","count":778,"tested":19931},{"age_group":"60-69   ","count":590,"tested":16254},{"age_group":"70-79   ","count":323,"tested":8160},{"age_group":"80+","count":258,"tested":7052}],"race":[{"description":"Asian","count":10,"tested":675,"color":"rgb(140,86,75)"},{"description":"Black","count":1364,"tested":34479,"color":"rgb(255,127,14)"},{"description":"Hispanic","count":889,"tested":5792,"color":"rgb(214,39,40)"},{"description":"Left Blank","count":1152,"tested":23877,"color":"rgb(44,160,44)"},{"description":"Other","count":120,"tested":3133,"color":"rgb(148,103,189)"},{"description":"White","count":2208,"tested":48688,"color":"rgb(31,119,180)"}],"gender":[{"description":"Female","count":3026,"tested":72278,"color":"rgb(255,127,14)"},{"description":"Male","count":2704,"tested":43391,"color":"rgb(31,119,180)"},{"description":"Unknown/Left Blank","count":16,"tested":1246,"color":"rgb(44,160,44)"}]}
