{"age":[{"age_group":"<20","count":398,"tested":5450},{"age_group":"20-29   ","count":439,"tested":4838},{"age_group":"30-39   ","count":369,"tested":4185},{"age_group":"40-49   ","count":385,"tested":3737},{"age_group":"50-59   ","count":495,"tested":4859},{"age_group":"60-69   ","count":362,"tested":4855},{"age_group":"70-79   ","count":148,"tested":2785},{"age_group":"80+","count":90,"tested":5789}],"race":[{"description":"Asian","count":31,"tested":457,"color":"rgb(140,86,75)"},{"description":"Black","count":21,"tested":241,"color":"rgb(255,127,14)"},{"description":"Hispanic","count":118,"tested":930,"color":"rgb(214,39,40)"},{"description":"Left Blank","count":831,"tested":14998,"color":"rgb(44,160,44)"},{"description":"Other","count":109,"tested":1046,"color":"rgb(148,103,189)"},{"description":"White","count":1574,"tested":18793,"color":"rgb(31,119,180)"}],"gender":[{"description":"Female","count":1347,"tested":20346,"color":"rgb(255,127,14)"},{"description":"Male","count":1323,"tested":15222,"color":"rgb(31,119,180)"}]}
