{"age":[{"age_group":"<20","count":1613,"tested":16407},{"age_group":"20-29   ","count":1560,"tested":15958},{"age_group":"30-39   ","count":1363,"tested":13913},{"age_group":"40-49   ","count":1469,"tested":14532},{"age_group":"50-59   ","count":1109,"tested":12327},{"age_group":"60-69   ","count":588,"tested":7643},{"age_group":"70-79   ","count":245,"tested":4474},{"age_group":"80+","count":125,"tested":3726}],"race":[{"description":"AI/AN**","count":9,"tested":162,"color":"rgb(31,119,180)"},{"description":"Asian","count":129,"tested":3235,"color":"rgb(140,86,75)"},{"description":"Black","count":265,"tested":3682,"color":"rgb(255,127,14)"},{"description":"Hispanic","count":3578,"tested":21172,"color":"rgb(214,39,40)"},{"description":"Left Blank","count":2045,"tested":28401,"color":"rgb(44,160,44)"},{"description":"NH/PI*","count":11,"tested":296,"color":"rgb(127,127,127)"},{"description":"Other","count":291,"tested":3279,"color":"rgb(148,103,189)"},{"description":"White","count":1746,"tested":28769,"color":"rgb(31,119,180)"}],"gender":[{"description":"Female","count":4222,"tested":52734,"color":"rgb(255,127,14)"},{"description":"Male","count":3811,"tested":35047,"color":"rgb(31,119,180)"},{"description":"Unknown/Left Blank","count":41,"tested":1215,"color":"rgb(44,160,44)"}]}
