{"age":[{"age_group":"<20","count":264,"tested":9530},{"age_group":"20-29   ","count":862,"tested":32499},{"age_group":"30-39   ","count":882,"tested":23425},{"age_group":"40-49   ","count":383,"tested":9746},{"age_group":"50-59   ","count":335,"tested":6129},{"age_group":"60-69   ","count":198,"tested":4184},{"age_group":"70-79   ","count":61,"tested":1444},{"age_group":"80+","count":25,"tested":600}],"race":[{"description":"Asian","count":222,"tested":13767,"color":"rgb(140,86,75)"},{"description":"Black","count":531,"tested":8740,"color":"rgb(255,127,14)"},{"description":"Hispanic","count":253,"tested":5308,"color":"rgb(214,39,40)"},{"description":"Left Blank","count":776,"tested":26843,"color":"rgb(44,160,44)"},{"description":"Other","count":168,"tested":5496,"color":"rgb(148,103,189)"},{"description":"White","count":1054,"tested":27205,"color":"rgb(31,119,180)"}],"gender":[{"description":"Female","count":1382,"tested":43236,"color":"rgb(255,127,14)"},{"description":"Male","count":1559,"tested":40571,"color":"rgb(31,119,180)"},{"description":"Unknown/Left Blank","count":69,"tested":3768,"color":"rgb(44,160,44)"}]}
