{"age":[{"age_group":"<20","count":207,"tested":7515},{"age_group":"20-29   ","count":108,"tested":3456},{"age_group":"30-39   ","count":104,"tested":2549},{"age_group":"40-49   ","count":107,"tested":3665},{"age_group":"50-59   ","count":124,"tested":3528},{"age_group":"60-69   ","count":71,"tested":3135},{"age_group":"70-79   ","count":52,"tested":2484},{"age_group":"80+","count":65,"tested":3428}],"race":[{"description":"Asian","count":31,"tested":1497,"color":"rgb(140,86,75)"},{"description":"Black","count":35,"tested":635,"color":"rgb(255,127,14)"},{"description":"Hispanic","count":92,"tested":2190,"color":"rgb(214,39,40)"},{"description":"Left Blank","count":169,"tested":9762,"color":"rgb(44,160,44)"},{"description":"Other","count":60,"tested":1046,"color":"rgb(148,103,189)"},{"description":"White","count":449,"tested":14558,"color":"rgb(31,119,180)"}],"gender":[{"description":"Female","count":425,"tested":15865,"color":"rgb(255,127,14)"},{"description":"Male","count":406,"tested":13631,"color":"rgb(31,119,180)"}]}
