{"age":[{"age_group":"<20","count":183,"tested":2538},{"age_group":"20-29   ","count":133,"tested":2268},{"age_group":"30-39   ","count":126,"tested":1888},{"age_group":"40-49   ","count":184,"tested":2639},{"age_group":"50-59   ","count":143,"tested":3057},{"age_group":"60-69   ","count":103,"tested":2125},{"age_group":"70-79   ","count":41,"tested":1322},{"age_group":"80+","count":42,"tested":1229}],"race":[{"description":"Asian","count":7,"tested":120,"color":"rgb(140,86,75)"},{"description":"Black","count":440,"tested":5772,"color":"rgb(255,127,14)"},{"description":"Hispanic","count":24,"tested":279,"color":"rgb(214,39,40)"},{"description":"Left Blank","count":314,"tested":7692,"color":"rgb(44,160,44)"},{"description":"Other","count":19,"tested":390,"color":"rgb(148,103,189)"},{"description":"White","count":149,"tested":2792,"color":"rgb(31,119,180)"}],"gender":[{"description":"Female","count":507,"tested":9843,"color":"rgb(255,127,14)"},{"description":"Male","count":447,"tested":7071,"color":"rgb(31,119,180)"}]}
