{"age":[{"age_group":"<20","count":293,"tested":2958},{"age_group":"20-29   ","count":335,"tested":4437},{"age_group":"30-39   ","count":358,"tested":4062},{"age_group":"40-49   ","count":284,"tested":3539},{"age_group":"50-59   ","count":332,"tested":4005},{"age_group":"60-69   ","count":247,"tested":3943},{"age_group":"70-79   ","count":165,"tested":2397},{"age_group":"80+","count":91,"tested":1312}],"race":[{"description":"Asian","count":43,"tested":527,"color":"rgb(140,86,75)"},{"description":"Black","count":78,"tested":830,"color":"rgb(255,127,14)"},{"description":"Hispanic","count":162,"tested":1171,"color":"rgb(214,39,40)"},{"description":"Left Blank","count":790,"tested":14864,"color":"rgb(44,160,44)"},{"description":"Other","count":118,"tested":945,"color":"rgb(148,103,189)"},{"description":"White","count":909,"tested":8290,"color":"rgb(31,119,180)"}],"gender":[{"description":"Female","count":1088,"tested":15880,"color":"rgb(255,127,14)"},{"description":"Male","count":993,"tested":10436,"color":"rgb(31,119,180)"},{"description":"Unknown/Left Blank","count":24,"tested":349,"color":"rgb(44,160,44)"}]}
