{"age":[{"age_group":"<20","count":119,"tested":1100},{"age_group":"20-29   ","count":151,"tested":1973},{"age_group":"30-39   ","count":110,"tested":2039},{"age_group":"40-49   ","count":109,"tested":1808},{"age_group":"50-59   ","count":135,"tested":2494},{"age_group":"60-69   ","count":129,"tested":2508},{"age_group":"70-79   ","count":81,"tested":1400},{"age_group":"80+","count":29,"tested":658}],"race":[{"description":"Black","count":49,"tested":1369,"color":"rgb(255,127,14)"},{"description":"Hispanic","count":122,"tested":801,"color":"rgb(214,39,40)"},{"description":"Left Blank","count":202,"tested":3437,"color":"rgb(44,160,44)"},{"description":"Other","count":19,"tested":316,"color":"rgb(148,103,189)"},{"description":"White","count":467,"tested":8011,"color":"rgb(31,119,180)"}],"gender":[{"description":"Female","count":406,"tested":8106,"color":"rgb(255,127,14)"},{"description":"Male","count":452,"tested":5758,"color":"rgb(31,119,180)"}]}
