{"age":[{"age_group":"<20","count":686,"tested":7927},{"age_group":"20-29   ","count":797,"tested":10040},{"age_group":"30-39   ","count":755,"tested":9401},{"age_group":"40-49   ","count":598,"tested":6720},{"age_group":"50-59   ","count":571,"tested":8308},{"age_group":"60-69   ","count":393,"tested":6534},{"age_group":"70-79   ","count":132,"tested":2948},{"age_group":"80+","count":101,"tested":1670}],"race":[{"description":"Asian","count":155,"tested":3134,"color":"rgb(140,86,75)"},{"description":"Black","count":124,"tested":1591,"color":"rgb(255,127,14)"},{"description":"Hispanic","count":1314,"tested":8599,"color":"rgb(214,39,40)"},{"description":"Left Blank","count":891,"tested":19269,"color":"rgb(44,160,44)"},{"description":"Other","count":164,"tested":1385,"color":"rgb(148,103,189)"},{"description":"White","count":1380,"tested":19409,"color":"rgb(31,119,180)"}],"gender":[{"description":"Female","count":2064,"tested":29648,"color":"rgb(255,127,14)"},{"description":"Male","count":1949,"tested":23187,"color":"rgb(31,119,180)"},{"description":"Unknown/Left Blank","count":21,"tested":718,"color":"rgb(44,160,44)"}]}
