{"age":[{"age_group":"<20","count":403,"tested":4955},{"age_group":"20-29   ","count":322,"tested":4003},{"age_group":"30-39   ","count":378,"tested":5495},{"age_group":"40-49   ","count":400,"tested":5346},{"age_group":"50-59   ","count":271,"tested":4147},{"age_group":"60-69   ","count":214,"tested":3995},{"age_group":"70-79   ","count":71,"tested":2063},{"age_group":"80+","count":44,"tested":2978}],"race":[{"description":"Asian","count":22,"tested":495,"color":"rgb(140,86,75)"},{"description":"Black","count":54,"tested":757,"color":"rgb(255,127,14)"},{"description":"Hispanic","count":459,"tested":3689,"color":"rgb(214,39,40)"},{"description":"Left Blank","count":621,"tested":13763,"color":"rgb(44,160,44)"},{"description":"Other","count":99,"tested":1423,"color":"rgb(148,103,189)"},{"description":"White","count":843,"tested":12811,"color":"rgb(31,119,180)"}],"gender":[{"description":"Female","count":1074,"tested":18705,"color":"rgb(255,127,14)"},{"description":"Male","count":1009,"tested":13669,"color":"rgb(31,119,180)"},{"description":"Unknown/Left Blank","count":20,"tested":612,"color":"rgb(44,160,44)"}]}
