{"age":[{"age_group":"<20","count":485,"tested":5436},{"age_group":"20-29   ","count":553,"tested":5821},{"age_group":"30-39   ","count":520,"tested":5940},{"age_group":"40-49   ","count":514,"tested":5947},{"age_group":"50-59   ","count":496,"tested":6176},{"age_group":"60-69   ","count":399,"tested":5626},{"age_group":"70-79   ","count":213,"tested":3329},{"age_group":"80+","count":238,"tested":7056}],"race":[{"description":"Asian","count":139,"tested":2642,"color":"rgb(140,86,75)"},{"description":"Black","count":32,"tested":327,"color":"rgb(255,127,14)"},{"description":"Hispanic","count":506,"tested":3953,"color":"rgb(214,39,40)"},{"description":"Left Blank","count":576,"tested":14644,"color":"rgb(44,160,44)"},{"description":"NH/PI*","count":8,"tested":180,"color":"rgb(127,127,127)"},{"description":"Other","count":125,"tested":1470,"color":"rgb(148,103,189)"},{"description":"White","count":2031,"tested":22090,"color":"rgb(31,119,180)"}],"gender":[{"description":"Female","count":1747,"tested":27013,"color":"rgb(255,127,14)"},{"description":"Male","count":1655,"tested":17830,"color":"rgb(31,119,180)"},{"description":"Unknown/Left Blank","count":18,"tested":501,"color":"rgb(44,160,44)"}]}
