{"age":[{"age_group":"<20","count":393,"tested":7398},{"age_group":"20-29   ","count":840,"tested":29833},{"age_group":"30-39   ","count":967,"tested":24490},{"age_group":"40-49   ","count":671,"tested":15891},{"age_group":"50-59   ","count":527,"tested":14103},{"age_group":"60-69   ","count":369,"tested":9913},{"age_group":"70-79   ","count":153,"tested":4007},{"age_group":"80+","count":64,"tested":1907}],"race":[{"description":"Asian","count":91,"tested":4689,"color":"rgb(140,86,75)"},{"description":"Black","count":1832,"tested":25402,"color":"rgb(255,127,14)"},{"description":"Hispanic","count":541,"tested":6537,"color":"rgb(214,39,40)"},{"description":"Left Blank","count":867,"tested":49042,"color":"rgb(44,160,44)"},{"description":"NH/PI*","count":9,"tested":86,"color":"rgb(127,127,127)"},{"description":"Other","count":144,"tested":4316,"color":"rgb(148,103,189)"},{"description":"White","count":499,"tested":17400,"color":"rgb(31,119,180)"}],"gender":[{"description":"Female","count":1975,"tested":42499,"color":"rgb(255,127,14)"},{"description":"Male","count":1955,"tested":61908,"color":"rgb(31,119,180)"},{"description":"Unknown/Left Blank","count":55,"tested":3165,"color":"rgb(44,160,44)"}]}
