{"age":[{"age_group":"<20","count":94,"tested":927},{"age_group":"20-29   ","count":80,"tested":690},{"age_group":"30-39   ","count":66,"tested":639},{"age_group":"40-49   ","count":91,"tested":619},{"age_group":"50-59   ","count":64,"tested":532},{"age_group":"60-69   ","count":34,"tested":275},{"age_group":"70-79   ","count":13,"tested":158}],"race":[{"description":"Hispanic","count":40,"tested":202,"color":"rgb(214,39,40)"},{"description":"Left Blank","count":177,"tested":1576,"color":"rgb(44,160,44)"},{"description":"Other","count":8,"tested":71,"color":"rgb(148,103,189)"},{"description":"White","count":220,"tested":2009,"color":"rgb(31,119,180)"}],"gender":[{"description":"Female","count":227,"tested":2237,"color":"rgb(255,127,14)"},{"description":"Male","count":219,"tested":1633,"color":"rgb(31,119,180)"}]}
