{"age":[{"age_group":"<20","count":355,"tested":3752},{"age_group":"20-29   ","count":341,"tested":3524},{"age_group":"30-39   ","count":349,"tested":3778},{"age_group":"40-49   ","count":326,"tested":3032},{"age_group":"50-59   ","count":248,"tested":2224},{"age_group":"60-69   ","count":135,"tested":1645},{"age_group":"70-79   ","count":51,"tested":780},{"age_group":"80+","count":27,"tested":365}],"race":[{"description":"Asian","count":11,"tested":197,"color":"rgb(140,86,75)"},{"description":"Black","count":96,"tested":1171,"color":"rgb(255,127,14)"},{"description":"Hispanic","count":631,"tested":3679,"color":"rgb(214,39,40)"},{"description":"Left Blank","count":380,"tested":6199,"color":"rgb(44,160,44)"},{"description":"Other","count":44,"tested":637,"color":"rgb(148,103,189)"},{"description":"White","count":669,"tested":7181,"color":"rgb(31,119,180)"}],"gender":[{"description":"Female","count":944,"tested":10834,"color":"rgb(255,127,14)"},{"description":"Male","count":885,"tested":7959,"color":"rgb(31,119,180)"}]}
