{"age":[{"age_group":"<20","count":1438,"tested":13702},{"age_group":"20-29   ","count":1576,"tested":19234},{"age_group":"30-39   ","count":1670,"tested":20118},{"age_group":"40-49   ","count":1537,"tested":16627},{"age_group":"50-59   ","count":1060,"tested":14593},{"age_group":"60-69   ","count":745,"tested":11441},{"age_group":"70-79   ","count":413,"tested":5590},{"age_group":"80+","count":140,"tested":2112}],"race":[{"description":"AI/AN**","count":7,"tested":102,"color":"rgb(31,119,180)"},{"description":"Asian","count":16,"tested":461,"color":"rgb(140,86,75)"},{"description":"Black","count":2521,"tested":28740,"color":"rgb(255,127,14)"},{"description":"Hispanic","count":3793,"tested":22603,"color":"rgb(214,39,40)"},{"description":"Left Blank","count":1725,"tested":41794,"color":"rgb(44,160,44)"},{"description":"Other","count":216,"tested":3097,"color":"rgb(148,103,189)"},{"description":"White","count":301,"tested":6557,"color":"rgb(31,119,180)"}],"gender":[{"description":"Female","count":4588,"tested":56797,"color":"rgb(255,127,14)"},{"description":"Male","count":3929,"tested":44835,"color":"rgb(31,119,180)"},{"description":"Unknown/Left Blank","count":62,"tested":1852,"color":"rgb(44,160,44)"}]}
