{"age":[{"age_group":"<20","count":152,"tested":4707},{"age_group":"20-29   ","count":734,"tested":17326},{"age_group":"30-39   ","count":656,"tested":18945},{"age_group":"40-49   ","count":268,"tested":7833},{"age_group":"50-59   ","count":200,"tested":6027},{"age_group":"60-69   ","count":132,"tested":4541},{"age_group":"70-79   ","count":47,"tested":2022},{"age_group":"80+","count":33,"tested":838}],"race":[{"description":"Asian","count":135,"tested":6058,"color":"rgb(140,86,75)"},{"description":"Black","count":258,"tested":5295,"color":"rgb(255,127,14)"},{"description":"Hispanic","count":133,"tested":2311,"color":"rgb(214,39,40)"},{"description":"Left Blank","count":855,"tested":28316,"color":"rgb(44,160,44)"},{"description":"Other","count":116,"tested":2871,"color":"rgb(148,103,189)"},{"description":"White","count":716,"tested":17272,"color":"rgb(31,119,180)"}],"gender":[{"description":"Female","count":997,"tested":31029,"color":"rgb(255,127,14)"},{"description":"Male","count":1197,"tested":30224,"color":"rgb(31,119,180)"},{"description":"Unknown/Left Blank","count":28,"tested":1005,"color":"rgb(44,160,44)"}]}
