{"age":[{"age_group":"<20","count":62,"tested":580},{"age_group":"20-29   ","count":44,"tested":604},{"age_group":"30-39   ","count":45,"tested":552},{"age_group":"40-49   ","count":56,"tested":575},{"age_group":"50-59   ","count":57,"tested":673},{"age_group":"60-69   ","count":39,"tested":600},{"age_group":"70-79   ","count":21,"tested":320},{"age_group":"80+","count":8,"tested":240}],"race":[{"description":"Left Blank","count":98,"tested":2148,"color":"rgb(44,160,44)"},{"description":"White","count":227,"tested":1910,"color":"rgb(31,119,180)"}],"gender":[{"description":"Female","count":191,"tested":2540,"color":"rgb(255,127,14)"},{"description":"Male","count":140,"tested":1549,"color":"rgb(31,119,180)"}]}
