{"age":[{"age_group":"<20","count":13,"tested":140},{"age_group":"20-29   ","count":11,"tested":256},{"age_group":"40-49   ","count":8,"tested":141},{"age_group":"50-59   ","count":20,"tested":179},{"age_group":"70-79   ","count":7,"tested":62}],"race":[{"description":"Left Blank","count":10,"tested":287,"color":"rgb(44,160,44)"},{"description":"White","count":52,"tested":589,"color":"rgb(31,119,180)"}],"gender":[{"description":"Female","count":36,"tested":560,"color":"rgb(255,127,14)"},{"description":"Male","count":36,"tested":383,"color":"rgb(31,119,180)"}]}
