{"age":[{"age_group":"<20","count":381,"tested":3802},{"age_group":"20-29   ","count":437,"tested":7075},{"age_group":"30-39   ","count":401,"tested":7619},{"age_group":"40-49   ","count":374,"tested":7993},{"age_group":"50-59   ","count":419,"tested":10627},{"age_group":"60-69   ","count":344,"tested":11073},{"age_group":"70-79   ","count":147,"tested":4709},{"age_group":"80+","count":68,"tested":2783}],"race":[{"description":"Black","count":1649,"tested":19559,"color":"rgb(255,127,14)"},{"description":"Hispanic","count":96,"tested":571,"color":"rgb(214,39,40)"},{"description":"Left Blank","count":730,"tested":33955,"color":"rgb(44,160,44)"},{"description":"Other","count":37,"tested":469,"color":"rgb(148,103,189)"},{"description":"White","count":54,"tested":1038,"color":"rgb(31,119,180)"}],"gender":[{"description":"Female","count":1507,"tested":32508,"color":"rgb(255,127,14)"},{"description":"Male","count":1048,"tested":22404,"color":"rgb(31,119,180)"},{"description":"Unknown/Left Blank","count":16,"tested":802,"color":"rgb(44,160,44)"}]}
