{"age":[{"age_group":"<20","count":1267,"tested":12840},{"age_group":"20-29   ","count":1175,"tested":13187},{"age_group":"30-39   ","count":965,"tested":11482},{"age_group":"40-49   ","count":1152,"tested":12323},{"age_group":"50-59   ","count":1018,"tested":12044},{"age_group":"60-69   ","count":373,"tested":5215},{"age_group":"70-79   ","count":137,"tested":2623},{"age_group":"80+","count":54,"tested":970}],"race":[{"description":"AI/AN**","count":9,"tested":101,"color":"rgb(31,119,180)"},{"description":"Asian","count":76,"tested":1447,"color":"rgb(140,86,75)"},{"description":"Black","count":469,"tested":5487,"color":"rgb(255,127,14)"},{"description":"Hispanic","count":1170,"tested":8516,"color":"rgb(214,39,40)"},{"description":"Left Blank","count":1799,"tested":25362,"color":"rgb(44,160,44)"},{"description":"Other","count":234,"tested":2774,"color":"rgb(148,103,189)"},{"description":"White","count":2381,"tested":26884,"color":"rgb(31,119,180)"}],"gender":[{"description":"Female","count":3212,"tested":39138,"color":"rgb(255,127,14)"},{"description":"Male","count":2907,"tested":30510,"color":"rgb(31,119,180)"},{"description":"Unknown/Left Blank","count":22,"tested":1039,"color":"rgb(44,160,44)"}]}
