{"age":[{"age_group":"<20","count":228,"tested":2625},{"age_group":"20-29   ","count":237,"tested":5022},{"age_group":"30-39   ","count":208,"tested":4500},{"age_group":"40-49   ","count":224,"tested":5013},{"age_group":"50-59   ","count":298,"tested":5301},{"age_group":"60-69   ","count":251,"tested":5566},{"age_group":"70-79   ","count":143,"tested":3931},{"age_group":"80+","count":160,"tested":6859}],"race":[{"description":"Black","count":409,"tested":9087,"color":"rgb(255,127,14)"},{"description":"Hispanic","count":136,"tested":1068,"color":"rgb(214,39,40)"},{"description":"Left Blank","count":581,"tested":16880,"color":"rgb(44,160,44)"},{"description":"Other","count":46,"tested":692,"color":"rgb(148,103,189)"},{"description":"White","count":568,"tested":10890,"color":"rgb(31,119,180)"}],"gender":[{"description":"Female","count":953,"tested":24546,"color":"rgb(255,127,14)"},{"description":"Male","count":784,"tested":12602,"color":"rgb(31,119,180)"},{"description":"Unknown/Left Blank","count":12,"tested":1676,"color":"rgb(44,160,44)"}]}
