{"age":[{"age_group":"<20","count":687,"tested":20400},{"age_group":"20-29   ","count":827,"tested":12583},{"age_group":"30-39   ","count":766,"tested":12705},{"age_group":"40-49   ","count":710,"tested":10417},{"age_group":"50-59   ","count":702,"tested":10949},{"age_group":"60-69   ","count":526,"tested":10541},{"age_group":"70-79   ","count":216,"tested":5803},{"age_group":"80+","count":247,"tested":9661}],"race":[{"description":"AI/AN**","count":11,"tested":165,"color":"rgb(31,119,180)"},{"description":"Asian","count":305,"tested":6167,"color":"rgb(140,86,75)"},{"description":"Black","count":67,"tested":1296,"color":"rgb(255,127,14)"},{"description":"Hispanic","count":1632,"tested":20156,"color":"rgb(214,39,40)"},{"description":"Left Blank","count":992,"tested":42230,"color":"rgb(44,160,44)"},{"description":"Other","count":252,"tested":2431,"color":"rgb(148,103,189)"},{"description":"White","count":1417,"tested":20636,"color":"rgb(31,119,180)"}],"gender":[{"description":"Female","count":2393,"tested":54684,"color":"rgb(255,127,14)"},{"description":"Male","count":2261,"tested":36990,"color":"rgb(31,119,180)"},{"description":"Unknown/Left Blank","count":27,"tested":1486,"color":"rgb(44,160,44)"}]}
