{"age":[{"age_group":"<20","count":1563,"tested":15433},{"age_group":"20-29   ","count":1680,"tested":20869},{"age_group":"30-39   ","count":1440,"tested":18807},{"age_group":"40-49   ","count":1401,"tested":17471},{"age_group":"50-59   ","count":1262,"tested":17228},{"age_group":"60-69   ","count":910,"tested":14796},{"age_group":"70-79   ","count":447,"tested":8761},{"age_group":"80+","count":263,"tested":5310}],"race":[{"description":"AI/AN**","count":18,"tested":253,"color":"rgb(31,119,180)"},{"description":"Asian","count":21,"tested":319,"color":"rgb(140,86,75)"},{"description":"Black","count":2859,"tested":42446,"color":"rgb(255,127,14)"},{"description":"Hispanic","count":2931,"tested":23129,"color":"rgb(214,39,40)"},{"description":"Left Blank","count":2201,"tested":40831,"color":"rgb(44,160,44)"},{"description":"Other","count":188,"tested":2723,"color":"rgb(148,103,189)"},{"description":"White","count":746,"tested":8938,"color":"rgb(31,119,180)"}],"gender":[{"description":"Female","count":4879,"tested":67569,"color":"rgb(255,127,14)"},{"description":"Male","count":4059,"tested":49635,"color":"rgb(31,119,180)"},{"description":"Unknown/Left Blank","count":28,"tested":1524,"color":"rgb(44,160,44)"}]}
