{"age":[{"age_group":"<20","count":636,"tested":6912},{"age_group":"20-29   ","count":564,"tested":8004},{"age_group":"30-39   ","count":553,"tested":7494},{"age_group":"40-49   ","count":425,"tested":5601},{"age_group":"50-59   ","count":542,"tested":7756},{"age_group":"60-69   ","count":442,"tested":7257},{"age_group":"70-79   ","count":260,"tested":4543},{"age_group":"80+","count":255,"tested":8416}],"race":[{"description":"Asian","count":22,"tested":187,"color":"rgb(140,86,75)"},{"description":"Black","count":405,"tested":4202,"color":"rgb(255,127,14)"},{"description":"Hispanic","count":163,"tested":958,"color":"rgb(214,39,40)"},{"description":"Left Blank","count":814,"tested":24834,"color":"rgb(44,160,44)"},{"description":"Other","count":61,"tested":935,"color":"rgb(148,103,189)"},{"description":"White","count":2207,"tested":24803,"color":"rgb(31,119,180)"}],"gender":[{"description":"Female","count":2032,"tested":37645,"color":"rgb(255,127,14)"},{"description":"Male","count":1614,"tested":17487,"color":"rgb(31,119,180)"},{"description":"Unknown/Left Blank","count":31,"tested":863,"color":"rgb(44,160,44)"}]}
