{"age":[{"age_group":"<20","count":655,"tested":7779},{"age_group":"20-29   ","count":696,"tested":10609},{"age_group":"30-39   ","count":616,"tested":9649},{"age_group":"40-49   ","count":663,"tested":9775},{"age_group":"50-59   ","count":552,"tested":10247},{"age_group":"60-69   ","count":414,"tested":9209},{"age_group":"70-79   ","count":234,"tested":6571},{"age_group":"80+","count":246,"tested":8583}],"race":[{"description":"AI/AN**","count":13,"tested":219,"color":"rgb(31,119,180)"},{"description":"Asian","count":260,"tested":4495,"color":"rgb(140,86,75)"},{"description":"Black","count":50,"tested":910,"color":"rgb(255,127,14)"},{"description":"Hispanic","count":1343,"tested":10028,"color":"rgb(214,39,40)"},{"description":"Left Blank","count":1038,"tested":37978,"color":"rgb(44,160,44)"},{"description":"Other","count":215,"tested":2550,"color":"rgb(148,103,189)"},{"description":"White","count":1153,"tested":16440,"color":"rgb(31,119,180)"}],"gender":[{"description":"Female","count":2079,"tested":39536,"color":"rgb(255,127,14)"},{"description":"Male","count":1963,"tested":31550,"color":"rgb(31,119,180)"},{"description":"Unknown/Left Blank","count":35,"tested":1705,"color":"rgb(44,160,44)"}]}
