{"age":[{"age_group":"<20","count":253,"tested":2721},{"age_group":"20-29   ","count":131,"tested":1682},{"age_group":"30-39   ","count":228,"tested":2292},{"age_group":"40-49   ","count":178,"tested":2261},{"age_group":"50-59   ","count":159,"tested":2238},{"age_group":"60-69   ","count":77,"tested":936},{"age_group":"70-79   ","count":24,"tested":521},{"age_group":"80+","count":8,"tested":134}],"race":[{"description":"Asian","count":73,"tested":1298,"color":"rgb(140,86,75)"},{"description":"Black","count":25,"tested":293,"color":"rgb(255,127,14)"},{"description":"Hispanic","count":167,"tested":1161,"color":"rgb(214,39,40)"},{"description":"Left Blank","count":252,"tested":4561,"color":"rgb(44,160,44)"},{"description":"Other","count":31,"tested":283,"color":"rgb(148,103,189)"},{"description":"White","count":510,"tested":5141,"color":"rgb(31,119,180)"}],"gender":[{"description":"Female","count":542,"tested":7096,"color":"rgb(255,127,14)"},{"description":"Male","count":514,"tested":5577,"color":"rgb(31,119,180)"}]}
