{"age":[{"age_group":"<20","count":320,"tested":4599},{"age_group":"20-29   ","count":446,"tested":17176},{"age_group":"30-39   ","count":381,"tested":20773},{"age_group":"40-49   ","count":387,"tested":20212},{"age_group":"50-59   ","count":348,"tested":13576},{"age_group":"60-69   ","count":179,"tested":7977},{"age_group":"70-79   ","count":106,"tested":3683},{"age_group":"80+","count":76,"tested":2249}],"race":[{"description":"Asian","count":54,"tested":674,"color":"rgb(140,86,75)"},{"description":"Black","count":323,"tested":3626,"color":"rgb(255,127,14)"},{"description":"Hispanic","count":458,"tested":3546,"color":"rgb(214,39,40)"},{"description":"Left Blank","count":545,"tested":69520,"color":"rgb(44,160,44)"},{"description":"Other","count":66,"tested":1469,"color":"rgb(148,103,189)"},{"description":"White","count":792,"tested":11991,"color":"rgb(31,119,180)"}],"gender":[{"description":"Female","count":1188,"tested":17819,"color":"rgb(255,127,14)"},{"description":"Male","count":1048,"tested":45674,"color":"rgb(31,119,180)"}]}
