{"age":[{"age_group":"<20","count":144,"tested":1401},{"age_group":"20-29   ","count":110,"tested":1378},{"age_group":"30-39   ","count":105,"tested":1379},{"age_group":"40-49   ","count":102,"tested":1150},{"age_group":"50-59   ","count":65,"tested":855},{"age_group":"60-69   ","count":32,"tested":518},{"age_group":"70-79   ","count":11,"tested":212}],"race":[{"description":"Black","count":41,"tested":389,"color":"rgb(255,127,14)"},{"description":"Hispanic","count":110,"tested":668,"color":"rgb(214,39,40)"},{"description":"Left Blank","count":121,"tested":2486,"color":"rgb(44,160,44)"},{"description":"Other","count":9,"tested":198,"color":"rgb(148,103,189)"},{"description":"White","count":288,"tested":3123,"color":"rgb(31,119,180)"}],"gender":[{"description":"Female","count":302,"tested":4040,"color":"rgb(255,127,14)"},{"description":"Male","count":270,"tested":2824,"color":"rgb(31,119,180)"}]}
