{"age":[{"age_group":"<20","count":719,"tested":10740},{"age_group":"20-29   ","count":778,"tested":11109},{"age_group":"30-39   ","count":605,"tested":10873},{"age_group":"40-49   ","count":550,"tested":9531},{"age_group":"50-59   ","count":533,"tested":9709},{"age_group":"60-69   ","count":450,"tested":9112},{"age_group":"70-79   ","count":289,"tested":7058},{"age_group":"80+","count":336,"tested":9340}],"race":[{"description":"AI/AN**","count":6,"tested":70,"color":"rgb(31,119,180)"},{"description":"Asian","count":119,"tested":1798,"color":"rgb(140,86,75)"},{"description":"Black","count":440,"tested":4372,"color":"rgb(255,127,14)"},{"description":"Hispanic","count":623,"tested":3674,"color":"rgb(214,39,40)"},{"description":"Left Blank","count":432,"tested":40290,"color":"rgb(44,160,44)"},{"description":"Other","count":75,"tested":2027,"color":"rgb(148,103,189)"},{"description":"White","count":2562,"tested":25411,"color":"rgb(31,119,180)"}],"gender":[{"description":"Female","count":2272,"tested":47441,"color":"rgb(255,127,14)"},{"description":"Male","count":1977,"tested":28373,"color":"rgb(31,119,180)"},{"description":"Unknown/Left Blank","count":12,"tested":1852,"color":"rgb(44,160,44)"}]}
