{"age":[{"age_group":"<20","count":46,"tested":759},{"age_group":"20-29   ","count":33,"tested":499},{"age_group":"30-39   ","count":43,"tested":431},{"age_group":"40-49   ","count":47,"tested":371},{"age_group":"50-59   ","count":48,"tested":715},{"age_group":"60-69   ","count":42,"tested":512},{"age_group":"70-79   ","count":23,"tested":328},{"age_group":"80+","count":46,"tested":391}],"race":[{"description":"Hispanic","count":9,"tested":49,"color":"rgb(214,39,40)"},{"description":"Left Blank","count":18,"tested":1622,"color":"rgb(44,160,44)"},{"description":"White","count":293,"tested":2234,"color":"rgb(31,119,180)"}],"gender":[{"description":"Female","count":178,"tested":2541,"color":"rgb(255,127,14)"},{"description":"Male","count":150,"tested":1437,"color":"rgb(31,119,180)"}]}
