{"age":[{"age_group":"<20","count":18,"tested":153},{"age_group":"20-29   ","count":10,"tested":96},{"age_group":"30-39   ","count":6,"tested":105},{"age_group":"40-49   ","count":15,"tested":100},{"age_group":"50-59   ","count":9,"tested":243}],"race":[{"description":"Left Blank","count":9,"tested":163,"color":"rgb(44,160,44)"},{"description":"White","count":56,"tested":791,"color":"rgb(31,119,180)"}],"gender":[{"description":"Female","count":40,"tested":612,"color":"rgb(255,127,14)"},{"description":"Male","count":29,"tested":373,"color":"rgb(31,119,180)"}]}
