{"age":[{"age_group":"<20","count":1585,"tested":14944},{"age_group":"20-29   ","count":1874,"tested":18997},{"age_group":"30-39   ","count":1778,"tested":19193},{"age_group":"40-49   ","count":1730,"tested":16655},{"age_group":"50-59   ","count":1342,"tested":14800},{"age_group":"60-69   ","count":757,"tested":11328},{"age_group":"70-79   ","count":377,"tested":6698},{"age_group":"80+","count":178,"tested":3332}],"race":[{"description":"Asian","count":94,"tested":1442,"color":"rgb(140,86,75)"},{"description":"Black","count":495,"tested":5635,"color":"rgb(255,127,14)"},{"description":"Hispanic","count":4632,"tested":29364,"color":"rgb(214,39,40)"},{"description":"Left Blank","count":2164,"tested":38621,"color":"rgb(44,160,44)"},{"description":"Other","count":691,"tested":8158,"color":"rgb(148,103,189)"},{"description":"White","count":1537,"tested":22505,"color":"rgb(31,119,180)"}],"gender":[{"description":"Female","count":5024,"tested":58447,"color":"rgb(255,127,14)"},{"description":"Male","count":4539,"tested":45384,"color":"rgb(31,119,180)"},{"description":"Unknown/Left Blank","count":59,"tested":2149,"color":"rgb(44,160,44)"}]}
