{"age":[{"age_group":"<20","count":57,"tested":774},{"age_group":"20-29   ","count":47,"tested":729},{"age_group":"30-39   ","count":48,"tested":527},{"age_group":"40-49   ","count":39,"tested":398},{"age_group":"50-59   ","count":51,"tested":852},{"age_group":"60-69   ","count":33,"tested":412},{"age_group":"70-79   ","count":15,"tested":154},{"age_group":"80+","count":13,"tested":119}],"race":[{"description":"Hispanic","count":6,"tested":25,"color":"rgb(214,39,40)"},{"description":"Left Blank","count":63,"tested":1026,"color":"rgb(44,160,44)"},{"description":"White","count":226,"tested":2840,"color":"rgb(31,119,180)"}],"gender":[{"description":"Female","count":147,"tested":2696,"color":"rgb(255,127,14)"},{"description":"Male","count":154,"tested":1203,"color":"rgb(31,119,180)"}]}
