{"age":[{"age_group":"<20","count":218,"tested":3227},{"age_group":"20-29   ","count":133,"tested":2577},{"age_group":"30-39   ","count":141,"tested":2562},{"age_group":"40-49   ","count":112,"tested":1882},{"age_group":"50-59   ","count":115,"tested":2273},{"age_group":"60-69   ","count":102,"tested":1972},{"age_group":"70-79   ","count":67,"tested":1327},{"age_group":"80+","count":92,"tested":1695}],"race":[{"description":"Black","count":11,"tested":240,"color":"rgb(255,127,14)"},{"description":"Hispanic","count":33,"tested":275,"color":"rgb(214,39,40)"},{"description":"Left Blank","count":116,"tested":3585,"color":"rgb(44,160,44)"},{"description":"Other","count":14,"tested":281,"color":"rgb(148,103,189)"},{"description":"White","count":803,"tested":13070,"color":"rgb(31,119,180)"}],"gender":[{"description":"Female","count":528,"tested":11153,"color":"rgb(255,127,14)"},{"description":"Male","count":447,"tested":6197,"color":"rgb(31,119,180)"}]}
