{"age":[{"age_group":"<20","count":486,"tested":6743},{"age_group":"20-29   ","count":527,"tested":10261},{"age_group":"30-39   ","count":591,"tested":13357},{"age_group":"40-49   ","count":500,"tested":13062},{"age_group":"50-59   ","count":443,"tested":9848},{"age_group":"60-69   ","count":321,"tested":6650},{"age_group":"70-79   ","count":198,"tested":3487},{"age_group":"80+","count":165,"tested":3029}],"race":[{"description":"Asian","count":48,"tested":443,"color":"rgb(140,86,75)"},{"description":"Black","count":362,"tested":3145,"color":"rgb(255,127,14)"},{"description":"Hispanic","count":416,"tested":2794,"color":"rgb(214,39,40)"},{"description":"Left Blank","count":1136,"tested":45741,"color":"rgb(44,160,44)"},{"description":"Other","count":95,"tested":1179,"color":"rgb(148,103,189)"},{"description":"White","count":1168,"tested":14631,"color":"rgb(31,119,180)"}],"gender":[{"description":"Female","count":1525,"tested":24927,"color":"rgb(255,127,14)"},{"description":"Male","count":1695,"tested":32714,"color":"rgb(31,119,180)"},{"description":"Unknown/Left Blank","count":11,"tested":10337,"color":"rgb(44,160,44)"}]}
