{"age":[{"age_group":"<20","count":390,"tested":22380},{"age_group":"20-29   ","count":313,"tested":10064},{"age_group":"30-39   ","count":124,"tested":4545},{"age_group":"40-49   ","count":223,"tested":6218},{"age_group":"50-59   ","count":258,"tested":7399},{"age_group":"60-69   ","count":183,"tested":5445},{"age_group":"70-79   ","count":97,"tested":3616},{"age_group":"80+","count":57,"tested":4171}],"race":[{"description":"Asian","count":46,"tested":2760,"color":"rgb(140,86,75)"},{"description":"Black","count":10,"tested":1131,"color":"rgb(255,127,14)"},{"description":"Hispanic","count":56,"tested":2307,"color":"rgb(214,39,40)"},{"description":"Left Blank","count":346,"tested":18854,"color":"rgb(44,160,44)"},{"description":"Other","count":104,"tested":2652,"color":"rgb(148,103,189)"},{"description":"White","count":1072,"tested":35972,"color":"rgb(31,119,180)"}],"gender":[{"description":"Female","count":764,"tested":30814,"color":"rgb(255,127,14)"},{"description":"Male","count":871,"tested":31598,"color":"rgb(31,119,180)"}]}
