{"age":[{"age_group":"<20","count":582,"tested":7608},{"age_group":"20-29   ","count":561,"tested":7123},{"age_group":"30-39   ","count":516,"tested":7399},{"age_group":"40-49   ","count":436,"tested":6153},{"age_group":"50-59   ","count":406,"tested":6954},{"age_group":"60-69   ","count":331,"tested":5831},{"age_group":"70-79   ","count":183,"tested":3743},{"age_group":"80+","count":118,"tested":4516}],"race":[{"description":"Asian","count":25,"tested":214,"color":"rgb(140,86,75)"},{"description":"Black","count":832,"tested":7299,"color":"rgb(255,127,14)"},{"description":"Hispanic","count":509,"tested":3182,"color":"rgb(214,39,40)"},{"description":"Left Blank","count":249,"tested":19334,"color":"rgb(44,160,44)"},{"description":"Other","count":40,"tested":1047,"color":"rgb(148,103,189)"},{"description":"White","count":1472,"tested":18164,"color":"rgb(31,119,180)"}],"gender":[{"description":"Female","count":1707,"tested":30297,"color":"rgb(255,127,14)"},{"description":"Male","count":1418,"tested":18360,"color":"rgb(31,119,180)"},{"description":"Unknown/Left Blank","count":9,"tested":680,"color":"rgb(44,160,44)"}]}
