{"age":[{"age_group":"<20","count":705,"tested":11048},{"age_group":"20-29   ","count":636,"tested":12946},{"age_group":"30-39   ","count":621,"tested":12636},{"age_group":"40-49   ","count":538,"tested":11620},{"age_group":"50-59   ","count":453,"tested":11371},{"age_group":"60-69   ","count":283,"tested":9158},{"age_group":"70-79   ","count":201,"tested":7536},{"age_group":"80+","count":436,"tested":15198}],"race":[{"description":"Asian","count":262,"tested":6803,"color":"rgb(140,86,75)"},{"description":"Black","count":317,"tested":4480,"color":"rgb(255,127,14)"},{"description":"Hispanic","count":465,"tested":4091,"color":"rgb(214,39,40)"},{"description":"Left Blank","count":476,"tested":41256,"color":"rgb(44,160,44)"},{"description":"Other","count":118,"tested":2409,"color":"rgb(148,103,189)"},{"description":"White","count":2227,"tested":32235,"color":"rgb(31,119,180)"}],"gender":[{"description":"Female","count":2096,"tested":56702,"color":"rgb(255,127,14)"},{"description":"Male","count":1760,"tested":33660,"color":"rgb(31,119,180)"},{"description":"Unknown/Left Blank","count":17,"tested":1162,"color":"rgb(44,160,44)"}]}
