{"age":[{"age_group":"<20","count":33,"tested":498},{"age_group":"20-29   ","count":19,"tested":187},{"age_group":"30-39   ","count":24,"tested":281},{"age_group":"40-49   ","count":26,"tested":291},{"age_group":"50-59   ","count":36,"tested":337},{"age_group":"60-69   ","count":29,"tested":219},{"age_group":"70-79   ","count":13,"tested":141}],"race":[{"description":"Left Blank","count":80,"tested":874,"color":"rgb(44,160,44)"},{"description":"White","count":101,"tested":1110,"color":"rgb(31,119,180)"}],"gender":[{"description":"Female","count":84,"tested":1074,"color":"rgb(255,127,14)"},{"description":"Male","count":101,"tested":938,"color":"rgb(31,119,180)"}]}
