{"age":[{"age_group":"<20","count":508,"tested":6155},{"age_group":"20-29   ","count":470,"tested":5615},{"age_group":"30-39   ","count":448,"tested":4680},{"age_group":"40-49   ","count":418,"tested":4331},{"age_group":"50-59   ","count":416,"tested":5440},{"age_group":"60-69   ","count":298,"tested":4376},{"age_group":"70-79   ","count":191,"tested":3397},{"age_group":"80+","count":153,"tested":5029}],"race":[{"description":"Asian","count":14,"tested":205,"color":"rgb(140,86,75)"},{"description":"Black","count":41,"tested":495,"color":"rgb(255,127,14)"},{"description":"Hispanic","count":187,"tested":1364,"color":"rgb(214,39,40)"},{"description":"Left Blank","count":594,"tested":10588,"color":"rgb(44,160,44)"},{"description":"Other","count":340,"tested":2870,"color":"rgb(148,103,189)"},{"description":"White","count":1723,"tested":23590,"color":"rgb(31,119,180)"}],"gender":[{"description":"Female","count":1486,"tested":23640,"color":"rgb(255,127,14)"},{"description":"Male","count":1406,"tested":14765,"color":"rgb(31,119,180)"},{"description":"Unknown/Left Blank","count":11,"tested":754,"color":"rgb(44,160,44)"}]}
