{"age":[{"age_group":"<20","count":476,"tested":6137},{"age_group":"20-29   ","count":526,"tested":6699},{"age_group":"30-39   ","count":307,"tested":4408},{"age_group":"40-49   ","count":395,"tested":5300},{"age_group":"50-59   ","count":525,"tested":6421},{"age_group":"60-69   ","count":399,"tested":5543},{"age_group":"70-79   ","count":207,"tested":4344},{"age_group":"80+","count":191,"tested":7414}],"race":[{"description":"Asian","count":96,"tested":1597,"color":"rgb(140,86,75)"},{"description":"Black","count":59,"tested":855,"color":"rgb(255,127,14)"},{"description":"Hispanic","count":117,"tested":1257,"color":"rgb(214,39,40)"},{"description":"Left Blank","count":1009,"tested":21779,"color":"rgb(44,160,44)"},{"description":"Other","count":127,"tested":1768,"color":"rgb(148,103,189)"},{"description":"White","count":1611,"tested":18931,"color":"rgb(31,119,180)"}],"gender":[{"description":"Female","count":1584,"tested":25657,"color":"rgb(255,127,14)"},{"description":"Male","count":1427,"tested":19726,"color":"rgb(31,119,180)"}]}
