{"age":[{"age_group":"<20","count":881,"tested":12209},{"age_group":"20-29   ","count":1084,"tested":18393},{"age_group":"30-39   ","count":1134,"tested":19461},{"age_group":"40-49   ","count":1044,"tested":19930},{"age_group":"50-59   ","count":1000,"tested":23012},{"age_group":"60-69   ","count":723,"tested":19047},{"age_group":"70-79   ","count":418,"tested":9184},{"age_group":"80+","count":278,"tested":5211}],"race":[{"description":"AI/AN**","count":10,"tested":300,"color":"rgb(31,119,180)"},{"description":"Asian","count":9,"tested":193,"color":"rgb(140,86,75)"},{"description":"Black","count":4407,"tested":63362,"color":"rgb(255,127,14)"},{"description":"Hispanic","count":163,"tested":1529,"color":"rgb(214,39,40)"},{"description":"Left Blank","count":1691,"tested":56913,"color":"rgb(44,160,44)"},{"description":"Other","count":173,"tested":2192,"color":"rgb(148,103,189)"},{"description":"White","count":109,"tested":1829,"color":"rgb(31,119,180)"}],"gender":[{"description":"Female","count":3795,"tested":70562,"color":"rgb(255,127,14)"},{"description":"Male","count":2739,"tested":53626,"color":"rgb(31,119,180)"},{"description":"Unknown/Left Blank","count":29,"tested":2283,"color":"rgb(44,160,44)"}]}
