{"age":[{"age_group":"<20","count":504,"tested":12516},{"age_group":"20-29   ","count":1130,"tested":44920},{"age_group":"30-39   ","count":915,"tested":25789},{"age_group":"40-49   ","count":683,"tested":21319},{"age_group":"50-59   ","count":650,"tested":23852},{"age_group":"60-69   ","count":538,"tested":23765},{"age_group":"70-79   ","count":320,"tested":15445},{"age_group":"80+","count":202,"tested":7732}],"race":[{"description":"AI/AN**","count":10,"tested":190,"color":"rgb(31,119,180)"},{"description":"Asian","count":202,"tested":5651,"color":"rgb(140,86,75)"},{"description":"Black","count":877,"tested":15597,"color":"rgb(255,127,14)"},{"description":"Hispanic","count":945,"tested":10179,"color":"rgb(214,39,40)"},{"description":"Left Blank","count":1395,"tested":101867,"color":"rgb(44,160,44)"},{"description":"NH/PI*","count":7,"tested":133,"color":"rgb(127,127,127)"},{"description":"Other","count":236,"tested":4622,"color":"rgb(148,103,189)"},{"description":"White","count":1270,"tested":37188,"color":"rgb(31,119,180)"}],"gender":[{"description":"Female","count":2445,"tested":95269,"color":"rgb(255,127,14)"},{"description":"Male","count":2414,"tested":73289,"color":"rgb(31,119,180)"},{"description":"Unknown/Left Blank","count":83,"tested":6869,"color":"rgb(44,160,44)"}]}
