{"age":[{"age_group":"<20","count":151,"tested":1509},{"age_group":"20-29   ","count":158,"tested":1908},{"age_group":"30-39   ","count":117,"tested":1570},{"age_group":"40-49   ","count":153,"tested":2208},{"age_group":"50-59   ","count":169,"tested":2420},{"age_group":"60-69   ","count":161,"tested":1845},{"age_group":"70-79   ","count":61,"tested":984},{"age_group":"80+","count":33,"tested":464}],"race":[{"description":"Asian","count":10,"tested":267,"color":"rgb(140,86,75)"},{"description":"Black","count":149,"tested":2004,"color":"rgb(255,127,14)"},{"description":"Hispanic","count":75,"tested":674,"color":"rgb(214,39,40)"},{"description":"Left Blank","count":261,"tested":3971,"color":"rgb(44,160,44)"},{"description":"Other","count":29,"tested":386,"color":"rgb(148,103,189)"},{"description":"White","count":477,"tested":5566,"color":"rgb(31,119,180)"}],"gender":[{"description":"Female","count":515,"tested":7621,"color":"rgb(255,127,14)"},{"description":"Male","count":485,"tested":5121,"color":"rgb(31,119,180)"}]}
