{"age":[{"age_group":"<20","count":843,"tested":18349},{"age_group":"20-29   ","count":616,"tested":11056},{"age_group":"30-39   ","count":501,"tested":11773},{"age_group":"40-49   ","count":611,"tested":12229},{"age_group":"50-59   ","count":660,"tested":12881},{"age_group":"60-69   ","count":483,"tested":10568},{"age_group":"70-79   ","count":220,"tested":6102},{"age_group":"80+","count":300,"tested":7754}],"race":[{"description":"Asian","count":109,"tested":3312,"color":"rgb(140,86,75)"},{"description":"Black","count":27,"tested":696,"color":"rgb(255,127,14)"},{"description":"Hispanic","count":216,"tested":3199,"color":"rgb(214,39,40)"},{"description":"Left Blank","count":1201,"tested":42221,"color":"rgb(44,160,44)"},{"description":"NH/PI*","count":11,"tested":115,"color":"rgb(127,127,127)"},{"description":"Other","count":195,"tested":2930,"color":"rgb(148,103,189)"},{"description":"White","count":2470,"tested":38140,"color":"rgb(31,119,180)"}],"gender":[{"description":"Female","count":2170,"tested":51466,"color":"rgb(255,127,14)"},{"description":"Male","count":2014,"tested":38254,"color":"rgb(31,119,180)"},{"description":"Unknown/Left Blank","count":50,"tested":1022,"color":"rgb(44,160,44)"}]}
