{"lastUpdatedDate":{"year":2021,"month":2,"day":16},"county_demographics":[{"County":"Kankakee","confirmed_cases":12216,"total_tested":175846,"demographics":{"age":[{"race":[],"age_group":"<20","count":1772,"tested":15111,"deaths":0},{"race":[],"age_group":"20-29   ","count":2151,"tested":25964,"deaths":0},{"race":[],"age_group":"30-39   ","count":1835,"tested":25649,"deaths":0},{"race":[],"age_group":"40-49   ","count":1827,"tested":25502,"deaths":0},{"race":[],"age_group":"50-59   ","count":1886,"tested":29105,"deaths":0},{"race":[],"age_group":"60-69   ","count":1368,"tested":23915,"deaths":0},{"race":[],"age_group":"70-79   ","count":804,"tested":15417,"deaths":0},{"race":[],"age_group":"80+","count":570,"tested":15146,"deaths":0},{"race":[],"age_group":"Unknown","count":0,"tested":37,"deaths":0}],"race":[{"description":"AI/AN**","count":0,"tested":84,"deaths":0,"color":"rgb(31,119,180)"},{"description":"Asian","count":39,"tested":963,"deaths":0,"color":"rgb(140,86,75)"},{"description":"Black","count":1519,"tested":28783,"deaths":0,"color":"rgb(255,127,14)"},{"description":"Hispanic","count":1178,"tested":6410,"deaths":0,"color":"rgb(214,39,40)"},{"description":"Left Blank","count":2919,"tested":43721,"deaths":0,"color":"rgb(44,160,44)"},{"description":"NH/PI*","count":0,"tested":182,"deaths":0,"color":"rgb(127,127,127)"},{"description":"Other","count":314,"tested":4778,"deaths":0,"color":"rgb(148,103,189)"},{"description":"White","count":6232,"tested":90925,"deaths":0,"color":"rgb(31,119,180)"}],"gender":[{"description":"Female","count":6513,"tested":103503,"deaths":0,"color":"rgb(255,127,14)"},{"description":"Male","count":5664,"tested":68855,"deaths":0,"color":"rgb(31,119,180)"},{"description":"Unknown/Left Blank","count":35,"tested":3488,"deaths":0,"color":"rgb(44,160,44)"}]}}]}
