{"lastUpdatedDate":{"year":2021,"month":2,"day":16},"county_demographics":[{"County":"Whiteside","confirmed_cases":5803,"total_tested":54068,"demographics":{"age":[{"race":[],"age_group":"<20","count":802,"tested":8157,"deaths":0},{"race":[],"age_group":"20-29   ","count":860,"tested":8404,"deaths":0},{"race":[],"age_group":"30-39   ","count":841,"tested":8383,"deaths":0},{"race":[],"age_group":"40-49   ","count":798,"tested":7432,"deaths":0},{"race":[],"age_group":"50-59   ","count":953,"tested":8033,"deaths":0},{"race":[],"age_group":"60-69   ","count":730,"tested":6552,"deaths":0},{"race":[],"age_group":"70-79   ","count":405,"tested":3459,"deaths":0},{"race":[],"age_group":"80+","count":408,"tested":3633,"deaths":0},{"race":[],"age_group":"Unknown","count":0,"tested":15,"deaths":0}],"race":[{"description":"AI/AN**","count":0,"tested":14,"deaths":0,"color":"rgb(31,119,180)"},{"description":"Asian","count":14,"tested":94,"deaths":0,"color":"rgb(140,86,75)"},{"description":"Black","count":126,"tested":1539,"deaths":0,"color":"rgb(255,127,14)"},{"description":"Hispanic","count":354,"tested":1831,"deaths":0,"color":"rgb(214,39,40)"},{"description":"Left Blank","count":1318,"tested":25037,"deaths":0,"color":"rgb(44,160,44)"},{"description":"NH/PI*","count":0,"tested":10,"deaths":0,"color":"rgb(127,127,127)"},{"description":"Other","count":273,"tested":1486,"deaths":0,"color":"rgb(148,103,189)"},{"description":"White","count":3707,"tested":24057,"deaths":0,"color":"rgb(31,119,180)"}],"gender":[{"description":"Female","count":3130,"tested":32406,"deaths":0,"color":"rgb(255,127,14)"},{"description":"Male","count":2573,"tested":18606,"deaths":0,"color":"rgb(31,119,180)"},{"description":"Unknown/Left Blank","count":99,"tested":3056,"deaths":0,"color":"rgb(44,160,44)"}]}}]}
