{"lastUpdatedDate":{"year":2021,"month":2,"day":16},"county_demographics":[{"County":"Calhoun","confirmed_cases":469,"total_tested":4849,"demographics":{"age":[{"race":[],"age_group":"<20","count":86,"tested":642,"deaths":0},{"race":[],"age_group":"20-29   ","count":71,"tested":600,"deaths":0},{"race":[],"age_group":"30-39   ","count":70,"tested":752,"deaths":0},{"race":[],"age_group":"40-49   ","count":59,"tested":522,"deaths":0},{"race":[],"age_group":"50-59   ","count":56,"tested":718,"deaths":0},{"race":[],"age_group":"60-69   ","count":73,"tested":528,"deaths":0},{"race":[],"age_group":"70-79   ","count":33,"tested":441,"deaths":0},{"race":[],"age_group":"80+","count":21,"tested":644,"deaths":0},{"race":[],"age_group":"Unknown","count":0,"tested":0,"deaths":0}],"race":[{"description":"AI/AN**","count":0,"tested":0,"deaths":0,"color":"rgb(31,119,180)"},{"description":"Black","count":0,"tested":23,"deaths":0,"color":"rgb(255,127,14)"},{"description":"Hispanic","count":0,"tested":0,"deaths":0,"color":"rgb(214,39,40)"},{"description":"Left Blank","count":77,"tested":1154,"deaths":0,"color":"rgb(44,160,44)"},{"description":"Other","count":0,"tested":31,"deaths":0,"color":"rgb(148,103,189)"},{"description":"White","count":382,"tested":3636,"deaths":0,"color":"rgb(31,119,180)"}],"gender":[{"description":"Female","count":249,"tested":3109,"deaths":0,"color":"rgb(255,127,14)"},{"description":"Male","count":218,"tested":1677,"deaths":0,"color":"rgb(31,119,180)"},{"description":"Unknown/Left Blank","count":0,"tested":63,"deaths":0,"color":"rgb(44,160,44)"}]}}]}
