{"lastUpdatedDate":{"year":2021,"month":2,"day":16},"county_demographics":[{"County":"Randolph","confirmed_cases":3933,"total_tested":43434,"demographics":{"age":[{"race":[],"age_group":"<20","count":570,"tested":4535,"deaths":0},{"race":[],"age_group":"20-29   ","count":634,"tested":6527,"deaths":0},{"race":[],"age_group":"30-39   ","count":618,"tested":6962,"deaths":0},{"race":[],"age_group":"40-49   ","count":600,"tested":6752,"deaths":0},{"race":[],"age_group":"50-59   ","count":541,"tested":6130,"deaths":0},{"race":[],"age_group":"60-69   ","count":445,"tested":4548,"deaths":0},{"race":[],"age_group":"70-79   ","count":244,"tested":2735,"deaths":0},{"race":[],"age_group":"80+","count":277,"tested":5216,"deaths":0},{"race":[],"age_group":"Unknown","count":0,"tested":29,"deaths":0}],"race":[{"description":"AI/AN**","count":0,"tested":0,"deaths":0,"color":"rgb(31,119,180)"},{"description":"Asian","count":0,"tested":41,"deaths":0,"color":"rgb(140,86,75)"},{"description":"Black","count":201,"tested":1600,"deaths":0,"color":"rgb(255,127,14)"},{"description":"Hispanic","count":133,"tested":358,"deaths":0,"color":"rgb(214,39,40)"},{"description":"Left Blank","count":1338,"tested":18894,"deaths":0,"color":"rgb(44,160,44)"},{"description":"NH/PI*","count":0,"tested":0,"deaths":0,"color":"rgb(127,127,127)"},{"description":"Other","count":12,"tested":291,"deaths":0,"color":"rgb(148,103,189)"},{"description":"White","count":2245,"tested":22244,"deaths":0,"color":"rgb(31,119,180)"}],"gender":[{"description":"Female","count":2019,"tested":25203,"deaths":0,"color":"rgb(255,127,14)"},{"description":"Male","count":1818,"tested":14924,"deaths":0,"color":"rgb(31,119,180)"},{"description":"Unknown/Left Blank","count":96,"tested":3307,"deaths":0,"color":"rgb(44,160,44)"}]}}]}
