{"lastUpdatedDate":{"year":2021,"month":2,"day":16},"county_demographics":[{"County":"Chicago","confirmed_cases":241128,"total_tested":3210160,"demographics":{"age":[{"race":[],"age_group":"<20","count":31000,"tested":319464,"deaths":0},{"race":[],"age_group":"20-29   ","count":51805,"tested":744484,"deaths":0},{"race":[],"age_group":"30-39   ","count":46955,"tested":654996,"deaths":0},{"race":[],"age_group":"40-49   ","count":38526,"tested":442055,"deaths":0},{"race":[],"age_group":"50-59   ","count":32840,"tested":414451,"deaths":0},{"race":[],"age_group":"60-69   ","count":21964,"tested":336448,"deaths":0},{"race":[],"age_group":"70-79   ","count":11041,"tested":178488,"deaths":0},{"race":[],"age_group":"80+","count":6987,"tested":117858,"deaths":0},{"race":[],"age_group":"Unknown","count":10,"tested":1916,"deaths":0}],"race":[{"description":"AI/AN**","count":308,"tested":3233,"deaths":0,"color":"rgb(31,119,180)"},{"description":"Asian","count":5867,"tested":99703,"deaths":0,"color":"rgb(140,86,75)"},{"description":"Black","count":40523,"tested":472925,"deaths":0,"color":"rgb(255,127,14)"},{"description":"Hispanic","count":82937,"tested":436122,"deaths":0,"color":"rgb(214,39,40)"},{"description":"Left Blank","count":58798,"tested":1411654,"deaths":0,"color":"rgb(44,160,44)"},{"description":"NH/PI*","count":220,"tested":3409,"deaths":0,"color":"rgb(127,127,127)"},{"description":"Other","count":10206,"tested":119296,"deaths":0,"color":"rgb(148,103,189)"},{"description":"White","count":42269,"tested":663818,"deaths":0,"color":"rgb(31,119,180)"}],"gender":[{"description":"Female","count":122255,"tested":1710704,"deaths":0,"color":"rgb(255,127,14)"},{"description":"Male","count":114804,"tested":1402996,"deaths":0,"color":"rgb(31,119,180)"},{"description":"Unknown/Left Blank","count":4069,"tested":96460,"deaths":0,"color":"rgb(44,160,44)"}]}}]}
