{"lastUpdatedDate":{"year":2021,"month":2,"day":16},"county_demographics":[{"County":"Boone","confirmed_cases":5866,"total_tested":49325,"demographics":{"age":[{"race":[],"age_group":"<20","count":1032,"tested":7766,"deaths":0},{"race":[],"age_group":"20-29   ","count":1035,"tested":7932,"deaths":0},{"race":[],"age_group":"30-39   ","count":839,"tested":6648,"deaths":0},{"race":[],"age_group":"40-49   ","count":997,"tested":7195,"deaths":0},{"race":[],"age_group":"50-59   ","count":898,"tested":7208,"deaths":0},{"race":[],"age_group":"60-69   ","count":561,"tested":5289,"deaths":0},{"race":[],"age_group":"70-79   ","count":311,"tested":3698,"deaths":0},{"race":[],"age_group":"80+","count":192,"tested":3578,"deaths":0},{"race":[],"age_group":"Unknown","count":0,"tested":11,"deaths":0}],"race":[{"description":"AI/AN**","count":7,"tested":31,"deaths":0,"color":"rgb(31,119,180)"},{"description":"Asian","count":38,"tested":326,"deaths":0,"color":"rgb(140,86,75)"},{"description":"Black","count":92,"tested":695,"deaths":0,"color":"rgb(255,127,14)"},{"description":"Hispanic","count":2083,"tested":4620,"deaths":0,"color":"rgb(214,39,40)"},{"description":"Left Blank","count":531,"tested":25258,"deaths":0,"color":"rgb(44,160,44)"},{"description":"NH/PI*","count":0,"tested":12,"deaths":0,"color":"rgb(127,127,127)"},{"description":"Other","count":76,"tested":603,"deaths":0,"color":"rgb(148,103,189)"},{"description":"White","count":3026,"tested":17780,"deaths":0,"color":"rgb(31,119,180)"}],"gender":[{"description":"Female","count":3111,"tested":29231,"deaths":0,"color":"rgb(255,127,14)"},{"description":"Male","count":2747,"tested":19322,"deaths":0,"color":"rgb(31,119,180)"},{"description":"Unknown/Left Blank","count":7,"tested":772,"deaths":0,"color":"rgb(44,160,44)"}]}}]}
