{"lastUpdatedDate":{"year":2021,"month":2,"day":16},"county_demographics":[{"County":"Crawford","confirmed_cases":1982,"total_tested":28272,"demographics":{"age":[{"race":[],"age_group":"<20","count":279,"tested":2769,"deaths":0},{"race":[],"age_group":"20-29   ","count":284,"tested":3821,"deaths":0},{"race":[],"age_group":"30-39   ","count":305,"tested":5578,"deaths":0},{"race":[],"age_group":"40-49   ","count":273,"tested":4807,"deaths":0},{"race":[],"age_group":"50-59   ","count":296,"tested":3997,"deaths":0},{"race":[],"age_group":"60-69   ","count":227,"tested":2366,"deaths":0},{"race":[],"age_group":"70-79   ","count":186,"tested":1357,"deaths":0},{"race":[],"age_group":"80+","count":131,"tested":1347,"deaths":0},{"race":[],"age_group":"Unknown","count":0,"tested":2230,"deaths":0}],"race":[{"description":"AI/AN**","count":0,"tested":0,"deaths":0,"color":"rgb(31,119,180)"},{"description":"Asian","count":0,"tested":31,"deaths":0,"color":"rgb(140,86,75)"},{"description":"Black","count":157,"tested":429,"deaths":0,"color":"rgb(255,127,14)"},{"description":"Hispanic","count":38,"tested":102,"deaths":0,"color":"rgb(214,39,40)"},{"description":"Left Blank","count":203,"tested":15839,"deaths":0,"color":"rgb(44,160,44)"},{"description":"NH/PI*","count":0,"tested":0,"deaths":0,"color":"rgb(127,127,127)"},{"description":"Other","count":18,"tested":548,"deaths":0,"color":"rgb(148,103,189)"},{"description":"White","count":1551,"tested":11320,"deaths":0,"color":"rgb(31,119,180)"}],"gender":[{"description":"Female","count":930,"tested":9786,"deaths":0,"color":"rgb(255,127,14)"},{"description":"Male","count":991,"tested":7942,"deaths":0,"color":"rgb(31,119,180)"},{"description":"Unknown/Left Blank","count":61,"tested":10544,"deaths":0,"color":"rgb(44,160,44)"}]}}]}
