{"age":[{"age_group":"<20","count":178,"tested":1953},{"age_group":"20-29   ","count":268,"tested":2827},{"age_group":"30-39   ","count":302,"tested":3069},{"age_group":"40-49   ","count":229,"tested":2429},{"age_group":"50-59   ","count":219,"tested":2555},{"age_group":"60-69   ","count":167,"tested":2185},{"age_group":"70-79   ","count":86,"tested":1185},{"age_group":"80+","count":71,"tested":820}],"race":[{"description":"Left Blank","count":311,"tested":8013,"color":"rgb(44,160,44)"},{"description":"White","count":325,"tested":3406,"color":"rgb(31,119,180)"},{"description":"Hispanic","count":348,"tested":1616,"color":"rgb(214,39,40)"},{"description":"Other","count":158,"tested":1352,"color":"rgb(148,103,189)"},{"description":"AI/AN**","count":9,"tested":36,"color":"rgb(31,119,180)"},{"description":"Black","count":92,"tested":974,"color":"rgb(255,127,14)"},{"description":"NH/PI*","count":7,"tested":74,"color":"rgb(127,127,127)"},{"description":"Asian","count":270,"tested":1561,"color":"rgb(140,86,75)"}],"gender":[{"description":"Female","count":749,"tested":9262,"color":"rgb(255,127,14)"},{"description":"Male","count":747,"tested":7428,"color":"rgb(31,119,180)"},{"description":"Unknown/Left Blank","count":24,"tested":342,"color":"rgb(44,160,44)"}]}
