{"age":[{"age_group":"<20","count":132,"tested":1731},{"age_group":"20-29   ","count":189,"tested":1940},{"age_group":"30-39   ","count":138,"tested":1673},{"age_group":"40-49   ","count":141,"tested":1530},{"age_group":"50-59   ","count":147,"tested":1787},{"age_group":"60-69   ","count":97,"tested":1233},{"age_group":"70-79   ","count":60,"tested":735},{"age_group":"80+","count":27,"tested":492}],"race":[{"description":"Black","count":37,"tested":254,"color":"rgb(255,127,14)"},{"description":"Asian","count":17,"tested":147,"color":"rgb(140,86,75)"},{"description":"Other","count":13,"tested":134,"color":"rgb(148,103,189)"},{"description":"White","count":628,"tested":5951,"color":"rgb(31,119,180)"},{"description":"Left Blank","count":161,"tested":4084,"color":"rgb(44,160,44)"},{"description":"Hispanic","count":74,"tested":545,"color":"rgb(214,39,40)"}],"gender":[{"description":"Female","count":489,"tested":6305,"color":"rgb(255,127,14)"},{"description":"Male","count":439,"tested":4652,"color":"rgb(31,119,180)"}]}
