{"age":[{"age_group":"<20","count":8,"tested":106},{"age_group":"20-29   ","count":7,"tested":111},{"age_group":"30-39   ","count":8,"tested":127},{"age_group":"40-49   ","count":6,"tested":98}],"race":[{"description":"Left Blank","count":9,"tested":211,"color":"rgb(44,160,44)"},{"description":"White","count":22,"tested":466,"color":"rgb(31,119,180)"},{"description":"Hispanic","count":8,"tested":68,"color":"rgb(214,39,40)"}],"gender":[{"description":"Female","count":20,"tested":439,"color":"rgb(255,127,14)"},{"description":"Male","count":20,"tested":323,"color":"rgb(31,119,180)"}]}
