{"age":[{"age_group":"<20","count":131,"tested":1145},{"age_group":"20-29   ","count":199,"tested":2063},{"age_group":"30-39   ","count":178,"tested":1754},{"age_group":"40-49   ","count":185,"tested":1767},{"age_group":"50-59   ","count":162,"tested":2074},{"age_group":"60-69   ","count":93,"tested":1676},{"age_group":"70-79   ","count":58,"tested":968},{"age_group":"80+","count":34,"tested":425}],"race":[{"description":"White","count":21,"tested":437,"color":"rgb(31,119,180)"},{"description":"Black","count":410,"tested":5695,"color":"rgb(255,127,14)"},{"description":"Other","count":29,"tested":253,"color":"rgb(148,103,189)"},{"description":"Hispanic","count":274,"tested":1208,"color":"rgb(214,39,40)"},{"description":"Left Blank","count":299,"tested":4206,"color":"rgb(44,160,44)"}],"gender":[{"description":"Female","count":530,"tested":6354,"color":"rgb(255,127,14)"},{"description":"Male","count":504,"tested":5329,"color":"rgb(31,119,180)"},{"description":"Unknown/Left Blank","count":6,"tested":193,"color":"rgb(44,160,44)"}]}
