{"age":[{"age_group":"<20","count":121,"tested":1203},{"age_group":"20-29   ","count":202,"tested":2230},{"age_group":"30-39   ","count":193,"tested":2457},{"age_group":"40-49   ","count":158,"tested":1939},{"age_group":"50-59   ","count":172,"tested":1925},{"age_group":"60-69   ","count":93,"tested":1588},{"age_group":"70-79   ","count":41,"tested":849},{"age_group":"80+","count":45,"tested":743}],"race":[{"description":"NH/PI*","count":6,"tested":31,"color":"rgb(127,127,127)"},{"description":"Left Blank","count":393,"tested":8158,"color":"rgb(44,160,44)"},{"description":"AI/AN**","count":14,"tested":9,"color":"rgb(31,119,180)"},{"description":"Hispanic","count":253,"tested":1020,"color":"rgb(214,39,40)"},{"description":"Other","count":36,"tested":314,"color":"rgb(148,103,189)"},{"description":"Asian","count":92,"tested":811,"color":"rgb(140,86,75)"},{"description":"White","count":195,"tested":2198,"color":"rgb(31,119,180)"},{"description":"Black","count":36,"tested":404,"color":"rgb(255,127,14)"}],"gender":[{"description":"Female","count":519,"tested":7262,"color":"rgb(255,127,14)"},{"description":"Male","count":494,"tested":5192,"color":"rgb(31,119,180)"},{"description":"Unknown/Left Blank","count":12,"tested":491,"color":"rgb(44,160,44)"}]}
