{"age":[{"age_group":"<20","count":41,"tested":232},{"age_group":"20-29   ","count":69,"tested":451},{"age_group":"30-39   ","count":60,"tested":353},{"age_group":"40-49   ","count":61,"tested":224},{"age_group":"50-59   ","count":44,"tested":267},{"age_group":"60-69   ","count":23,"tested":174},{"age_group":"70-79   ","count":17,"tested":78}],"race":[{"description":"Black","count":9,"tested":56,"color":"rgb(255,127,14)"},{"description":"Other","count":23,"tested":130,"color":"rgb(148,103,189)"},{"description":"Hispanic","count":164,"tested":639,"color":"rgb(214,39,40)"},{"description":"Left Blank","count":75,"tested":663,"color":"rgb(44,160,44)"},{"description":"White","count":45,"tested":316,"color":"rgb(31,119,180)"}],"gender":[{"description":"Female","count":158,"tested":950,"color":"rgb(255,127,14)"},{"description":"Male","count":157,"tested":858,"color":"rgb(31,119,180)"}]}
