{"age":[{"age_group":"<20","count":120,"tested":14887},{"age_group":"20-29   ","count":274,"tested":10189},{"age_group":"30-39   ","count":260,"tested":4912},{"age_group":"40-49   ","count":190,"tested":3512},{"age_group":"50-59   ","count":173,"tested":3853},{"age_group":"60-69   ","count":121,"tested":3267},{"age_group":"70-79   ","count":62,"tested":1755},{"age_group":"80+","count":38,"tested":1438}],"race":[{"description":"Black","count":884,"tested":13561,"color":"rgb(255,127,14)"},{"description":"White","count":65,"tested":10212,"color":"rgb(31,119,180)"},{"description":"Asian","count":8,"tested":4551,"color":"rgb(140,86,75)"},{"description":"Other","count":13,"tested":319,"color":"rgb(148,103,189)"},{"description":"Hispanic","count":39,"tested":2749,"color":"rgb(214,39,40)"},{"description":"Left Blank","count":227,"tested":12300,"color":"rgb(44,160,44)"}],"gender":[{"description":"Unknown/Left Blank","count":13,"tested":941,"color":"rgb(44,160,44)"},{"description":"Female","count":707,"tested":23218,"color":"rgb(255,127,14)"},{"description":"Male","count":518,"tested":19660,"color":"rgb(31,119,180)"}]}
