{"age":[{"age_group":"<20","count":27,"tested":183},{"age_group":"20-29   ","count":71,"tested":543},{"age_group":"30-39   ","count":50,"tested":501},{"age_group":"40-49   ","count":36,"tested":486},{"age_group":"50-59   ","count":42,"tested":578},{"age_group":"60-69   ","count":41,"tested":676},{"age_group":"70-79   ","count":36,"tested":448},{"age_group":"80+","count":45,"tested":482}],"race":[{"description":"White","count":113,"tested":1548,"color":"rgb(31,119,180)"},{"description":"Left Blank","count":167,"tested":1683,"color":"rgb(44,160,44)"},{"description":"Hispanic","count":38,"tested":160,"color":"rgb(214,39,40)"},{"description":"Black","count":27,"tested":417,"color":"rgb(255,127,14)"}],"gender":[{"description":"Male","count":148,"tested":1394,"color":"rgb(31,119,180)"},{"description":"Female","count":196,"tested":2414,"color":"rgb(255,127,14)"}]}
