{"age":[{"age_group":"<20","count":74,"tested":709},{"age_group":"20-29   ","count":171,"tested":1459},{"age_group":"30-39   ","count":127,"tested":1415},{"age_group":"40-49   ","count":154,"tested":1389},{"age_group":"50-59   ","count":158,"tested":1579},{"age_group":"60-69   ","count":97,"tested":1367},{"age_group":"70-79   ","count":57,"tested":754},{"age_group":"80+","count":22,"tested":376}],"race":[{"description":"Black","count":396,"tested":3987,"color":"rgb(255,127,14)"},{"description":"Hispanic","count":183,"tested":847,"color":"rgb(214,39,40)"},{"description":"White","count":40,"tested":551,"color":"rgb(31,119,180)"},{"description":"Left Blank","count":199,"tested":3317,"color":"rgb(44,160,44)"},{"description":"Other","count":35,"tested":323,"color":"rgb(148,103,189)"}],"gender":[{"description":"Unknown/Left Blank","count":6,"tested":169,"color":"rgb(44,160,44)"},{"description":"Male","count":408,"tested":3605,"color":"rgb(31,119,180)"},{"description":"Female","count":446,"tested":5277,"color":"rgb(255,127,14)"}]}
