{"age":[{"age_group":"<20","count":69,"tested":637},{"age_group":"20-29   ","count":76,"tested":719},{"age_group":"30-39   ","count":36,"tested":591},{"age_group":"40-49   ","count":64,"tested":610},{"age_group":"50-59   ","count":61,"tested":741},{"age_group":"60-69   ","count":32,"tested":547},{"age_group":"70-79   ","count":12,"tested":331},{"age_group":"80+","count":6,"tested":176}],"race":[{"description":"Other","count":7,"tested":137,"color":"rgb(148,103,189)"},{"description":"Left Blank","count":122,"tested":1562,"color":"rgb(44,160,44)"},{"description":"White","count":189,"tested":2415,"color":"rgb(31,119,180)"},{"description":"Hispanic","count":31,"tested":152,"color":"rgb(214,39,40)"},{"description":"Black","count":6,"tested":62,"color":"rgb(255,127,14)"}],"gender":[{"description":"Female","count":169,"tested":2336,"color":"rgb(255,127,14)"},{"description":"Male","count":182,"tested":1994,"color":"rgb(31,119,180)"}]}
