{"age":[{"age_group":"<20","count":64,"tested":1118},{"age_group":"20-29   ","count":226,"tested":4717},{"age_group":"30-39   ","count":237,"tested":5147},{"age_group":"40-49   ","count":128,"tested":3080},{"age_group":"50-59   ","count":179,"tested":3442},{"age_group":"60-69   ","count":123,"tested":2664},{"age_group":"70-79   ","count":64,"tested":1448},{"age_group":"80+","count":23,"tested":614}],"race":[{"description":"Black","count":116,"tested":1370,"color":"rgb(255,127,14)"},{"description":"Asian","count":50,"tested":741,"color":"rgb(140,86,75)"},{"description":"White","count":334,"tested":5780,"color":"rgb(31,119,180)"},{"description":"Other","count":78,"tested":897,"color":"rgb(148,103,189)"},{"description":"Hispanic","count":223,"tested":1356,"color":"rgb(214,39,40)"},{"description":"Left Blank","count":241,"tested":12054,"color":"rgb(44,160,44)"}],"gender":[{"description":"Female","count":464,"tested":11481,"color":"rgb(255,127,14)"},{"description":"Male","count":576,"tested":9819,"color":"rgb(31,119,180)"}]}
