{"age":[{"age_group":"<20","count":9,"tested":66},{"age_group":"30-39   ","count":6,"tested":69},{"age_group":"50-59   ","count":6,"tested":45},{"age_group":"60-69   ","count":8,"tested":58}],"race":[{"description":"White","count":26,"tested":191,"color":"rgb(31,119,180)"},{"description":"Left Blank","count":14,"tested":116,"color":"rgb(44,160,44)"}],"gender":[{"description":"Female","count":25,"tested":185,"color":"rgb(255,127,14)"},{"description":"Male","count":19,"tested":160,"color":"rgb(31,119,180)"}]}
