{"age":[{"age_group":"<20","count":13,"tested":94},{"age_group":"20-29   ","count":17,"tested":182},{"age_group":"30-39   ","count":23,"tested":164},{"age_group":"40-49   ","count":16,"tested":169},{"age_group":"50-59   ","count":18,"tested":188},{"age_group":"60-69   ","count":11,"tested":209}],"race":[{"description":"Hispanic","count":21,"tested":108,"color":"rgb(214,39,40)"},{"description":"Black","count":13,"tested":153,"color":"rgb(255,127,14)"},{"description":"White","count":45,"tested":442,"color":"rgb(31,119,180)"},{"description":"Left Blank","count":24,"tested":468,"color":"rgb(44,160,44)"}],"gender":[{"description":"Female","count":49,"tested":606,"color":"rgb(255,127,14)"},{"description":"Male","count":56,"tested":574,"color":"rgb(31,119,180)"}]}
