{"age":[{"age_group":"<20","count":11,"tested":156},{"age_group":"20-29   ","count":9,"tested":134},{"age_group":"30-39   ","count":9,"tested":130},{"age_group":"40-49   ","count":7,"tested":92},{"age_group":"60-69   ","count":6,"tested":108}],"race":[{"description":"White","count":35,"tested":528,"color":"rgb(31,119,180)"},{"description":"Left Blank","count":9,"tested":271,"color":"rgb(44,160,44)"},{"description":"Hispanic","count":6,"tested":8,"color":"rgb(214,39,40)"}],"gender":[{"description":"Female","count":29,"tested":472,"color":"rgb(255,127,14)"},{"description":"Male","count":22,"tested":357,"color":"rgb(31,119,180)"}]}
