{"age":[{"age_group":"<20","count":62,"tested":1217},{"age_group":"20-29   ","count":42,"tested":887},{"age_group":"30-39   ","count":20,"tested":603},{"age_group":"40-49   ","count":37,"tested":925},{"age_group":"50-59   ","count":42,"tested":1021},{"age_group":"60-69   ","count":28,"tested":837},{"age_group":"70-79   ","count":13,"tested":515}],"race":[{"description":"Hispanic","count":25,"tested":222,"color":"rgb(214,39,40)"},{"description":"White","count":118,"tested":3091,"color":"rgb(31,119,180)"},{"description":"Left Blank","count":65,"tested":1945,"color":"rgb(44,160,44)"},{"description":"Other","count":17,"tested":311,"color":"rgb(148,103,189)"},{"description":"Black","count":23,"tested":386,"color":"rgb(255,127,14)"}],"gender":[{"description":"Female","count":119,"tested":3334,"color":"rgb(255,127,14)"},{"description":"Male","count":129,"tested":2771,"color":"rgb(31,119,180)"}]}
