{"age":[{"age_group":"<20","count":244,"tested":1893},{"age_group":"20-29   ","count":364,"tested":3732},{"age_group":"30-39   ","count":309,"tested":3008},{"age_group":"40-49   ","count":334,"tested":2625},{"age_group":"50-59   ","count":293,"tested":2850},{"age_group":"60-69   ","count":155,"tested":2074},{"age_group":"70-79   ","count":52,"tested":964},{"age_group":"80+","count":28,"tested":617}],"race":[{"description":"NH/PI*","count":10,"tested":21,"color":"rgb(127,127,127)"},{"description":"Left Blank","count":589,"tested":11177,"color":"rgb(44,160,44)"},{"description":"Hispanic","count":663,"tested":2092,"color":"rgb(214,39,40)"},{"description":"White","count":242,"tested":2488,"color":"rgb(31,119,180)"},{"description":"Asian","count":122,"tested":882,"color":"rgb(140,86,75)"},{"description":"Black","count":83,"tested":636,"color":"rgb(255,127,14)"},{"description":"Other","count":66,"tested":473,"color":"rgb(148,103,189)"}],"gender":[{"description":"Male","count":868,"tested":7183,"color":"rgb(31,119,180)"},{"description":"Female","count":896,"tested":9880,"color":"rgb(255,127,14)"},{"description":"Unknown/Left Blank","count":15,"tested":710,"color":"rgb(44,160,44)"}]}
