{"age":[{"age_group":"<20","count":102,"tested":2565},{"age_group":"20-29   ","count":119,"tested":2768},{"age_group":"30-39   ","count":99,"tested":2904},{"age_group":"40-49   ","count":109,"tested":2980},{"age_group":"50-59   ","count":97,"tested":2930},{"age_group":"60-69   ","count":69,"tested":2355},{"age_group":"70-79   ","count":52,"tested":1655},{"age_group":"80+","count":49,"tested":1001}],"race":[{"description":"Black","count":179,"tested":2393,"color":"rgb(255,127,14)"},{"description":"Asian","count":16,"tested":367,"color":"rgb(140,86,75)"},{"description":"Hispanic","count":61,"tested":765,"color":"rgb(214,39,40)"},{"description":"White","count":266,"tested":7621,"color":"rgb(31,119,180)"},{"description":"Other","count":36,"tested":913,"color":"rgb(148,103,189)"},{"description":"Left Blank","count":136,"tested":7079,"color":"rgb(44,160,44)"}],"gender":[{"description":"Female","count":376,"tested":11065,"color":"rgb(255,127,14)"},{"description":"Male","count":311,"tested":7860,"color":"rgb(31,119,180)"},{"description":"Unknown/Left Blank","count":9,"tested":236,"color":"rgb(44,160,44)"}]}
