{"age":[{"age_group":"<20","count":105,"tested":963},{"age_group":"20-29   ","count":162,"tested":1643},{"age_group":"30-39   ","count":81,"tested":1004},{"age_group":"40-49   ","count":105,"tested":1087},{"age_group":"50-59   ","count":153,"tested":1582},{"age_group":"60-69   ","count":109,"tested":1448},{"age_group":"70-79   ","count":62,"tested":1206},{"age_group":"80+","count":56,"tested":1902}],"race":[{"description":"Other","count":40,"tested":367,"color":"rgb(148,103,189)"},{"description":"Left Blank","count":370,"tested":6234,"color":"rgb(44,160,44)"},{"description":"Black","count":18,"tested":157,"color":"rgb(255,127,14)"},{"description":"Hispanic","count":17,"tested":168,"color":"rgb(214,39,40)"},{"description":"White","count":366,"tested":3705,"color":"rgb(31,119,180)"},{"description":"Asian","count":18,"tested":200,"color":"rgb(140,86,75)"}],"gender":[{"description":"Male","count":402,"tested":4591,"color":"rgb(31,119,180)"},{"description":"Female","count":428,"tested":6097,"color":"rgb(255,127,14)"}]}
