{"age":[{"age_group":"<20","count":73,"tested":462},{"age_group":"20-29   ","count":97,"tested":795},{"age_group":"30-39   ","count":116,"tested":837},{"age_group":"40-49   ","count":90,"tested":662},{"age_group":"50-59   ","count":72,"tested":626},{"age_group":"60-69   ","count":59,"tested":655},{"age_group":"70-79   ","count":17,"tested":252},{"age_group":"80+","count":10,"tested":225}],"race":[{"description":"White","count":183,"tested":1561,"color":"rgb(31,119,180)"},{"description":"Left Blank","count":113,"tested":1584,"color":"rgb(44,160,44)"},{"description":"Asian","count":21,"tested":120,"color":"rgb(140,86,75)"},{"description":"Hispanic","count":183,"tested":956,"color":"rgb(214,39,40)"},{"description":"Other","count":25,"tested":239,"color":"rgb(148,103,189)"}],"gender":[{"description":"Female","count":253,"tested":2406,"color":"rgb(255,127,14)"},{"description":"Male","count":277,"tested":2067,"color":"rgb(31,119,180)"}]}
