{"age":[{"age_group":"<20","count":78,"tested":1166},{"age_group":"20-29   ","count":113,"tested":1290},{"age_group":"30-39   ","count":95,"tested":1642},{"age_group":"40-49   ","count":117,"tested":1530},{"age_group":"50-59   ","count":83,"tested":1297},{"age_group":"60-69   ","count":65,"tested":1418},{"age_group":"70-79   ","count":17,"tested":858},{"age_group":"80+","count":12,"tested":1480}],"race":[{"description":"Black","count":20,"tested":188,"color":"rgb(255,127,14)"},{"description":"White","count":212,"tested":3624,"color":"rgb(31,119,180)"},{"description":"Hispanic","count":128,"tested":865,"color":"rgb(214,39,40)"},{"description":"Other","count":39,"tested":462,"color":"rgb(148,103,189)"},{"description":"Left Blank","count":176,"tested":5455,"color":"rgb(44,160,44)"}],"gender":[{"description":"Female","count":293,"tested":6081,"color":"rgb(255,127,14)"},{"description":"Male","count":282,"tested":4369,"color":"rgb(31,119,180)"}]}
