{"age":[{"age_group":"<20","count":40,"tested":594},{"age_group":"20-29   ","count":71,"tested":968},{"age_group":"30-39   ","count":45,"tested":1155},{"age_group":"40-49   ","count":66,"tested":1131},{"age_group":"50-59   ","count":70,"tested":1398},{"age_group":"60-69   ","count":92,"tested":1538},{"age_group":"70-79   ","count":94,"tested":1204},{"age_group":"80+","count":127,"tested":1079}],"race":[{"description":"Hispanic","count":16,"tested":165,"color":"rgb(214,39,40)"},{"description":"Left Blank","count":304,"tested":4983,"color":"rgb(44,160,44)"},{"description":"White","count":239,"tested":2964,"color":"rgb(31,119,180)"},{"description":"Black","count":26,"tested":644,"color":"rgb(255,127,14)"},{"description":"Other","count":15,"tested":202,"color":"rgb(148,103,189)"}],"gender":[{"description":"Male","count":277,"tested":3237,"color":"rgb(31,119,180)"},{"description":"Female","count":327,"tested":5637,"color":"rgb(255,127,14)"}]}
