{"age":[{"age_group":"<20","count":41,"tested":454},{"age_group":"20-29   ","count":67,"tested":936},{"age_group":"30-39   ","count":95,"tested":982},{"age_group":"40-49   ","count":93,"tested":1183},{"age_group":"50-59   ","count":80,"tested":1546},{"age_group":"60-69   ","count":60,"tested":1163},{"age_group":"70-79   ","count":34,"tested":643},{"age_group":"80+","count":10,"tested":210}],"race":[{"description":"White","count":19,"tested":353,"color":"rgb(31,119,180)"},{"description":"Left Blank","count":141,"tested":3377,"color":"rgb(44,160,44)"},{"description":"Hispanic","count":13,"tested":79,"color":"rgb(214,39,40)"},{"description":"Black","count":293,"tested":3184,"color":"rgb(255,127,14)"},{"description":"Asian","count":6,"tested":27,"color":"rgb(140,86,75)"},{"description":"Other","count":6,"tested":91,"color":"rgb(148,103,189)"}],"gender":[{"description":"Female","count":293,"tested":4102,"color":"rgb(255,127,14)"},{"description":"Male","count":185,"tested":2893,"color":"rgb(31,119,180)"}]}
