{"age":[{"age_group":"<20","count":540,"tested":5684},{"age_group":"20-29   ","count":497,"tested":7911},{"age_group":"30-39   ","count":429,"tested":6488},{"age_group":"40-49   ","count":453,"tested":5835},{"age_group":"50-59   ","count":507,"tested":6209},{"age_group":"60-69   ","count":197,"tested":3640},{"age_group":"70-79   ","count":117,"tested":2910},{"age_group":"80+","count":119,"tested":4285}],"race":[{"description":"Black","count":75,"tested":767,"color":"rgb(255,127,14)"},{"description":"Asian","count":131,"tested":1918,"color":"rgb(140,86,75)"},{"description":"Other","count":66,"tested":704,"color":"rgb(148,103,189)"},{"description":"Hispanic","count":538,"tested":2887,"color":"rgb(214,39,40)"},{"description":"Left Blank","count":878,"tested":25011,"color":"rgb(44,160,44)"},{"description":"White","count":1166,"tested":11566,"color":"rgb(31,119,180)"}],"gender":[{"description":"Unknown/Left Blank","count":59,"tested":756,"color":"rgb(44,160,44)"},{"description":"Female","count":1410,"tested":26432,"color":"rgb(255,127,14)"},{"description":"Male","count":1392,"tested":15783,"color":"rgb(31,119,180)"}]}
