{"age":[{"age_group":"<20","count":1046,"tested":10277},{"age_group":"20-29   ","count":1162,"tested":14344},{"age_group":"30-39   ","count":1045,"tested":13456},{"age_group":"40-49   ","count":980,"tested":11937},{"age_group":"50-59   ","count":875,"tested":14035},{"age_group":"60-69   ","count":513,"tested":9884},{"age_group":"70-79   ","count":289,"tested":6605},{"age_group":"80+","count":180,"tested":5103}],"race":[{"description":"Asian","count":295,"tested":4684,"color":"rgb(140,86,75)"},{"description":"Other","count":269,"tested":2828,"color":"rgb(148,103,189)"},{"description":"Left Blank","count":1604,"tested":40130,"color":"rgb(44,160,44)"},{"description":"White","count":1235,"tested":16789,"color":"rgb(31,119,180)"},{"description":"Black","count":901,"tested":10557,"color":"rgb(255,127,14)"},{"description":"Hispanic","count":1768,"tested":10504,"color":"rgb(214,39,40)"},{"description":"AI/AN**","count":12,"tested":85,"color":"rgb(31,119,180)"},{"description":"NH/PI*","count":6,"tested":88,"color":"rgb(127,127,127)"}],"gender":[{"description":"Male","count":2865,"tested":33744,"color":"rgb(31,119,180)"},{"description":"Unknown/Left Blank","count":40,"tested":1206,"color":"rgb(44,160,44)"},{"description":"Female","count":3185,"tested":50715,"color":"rgb(255,127,14)"}]}
