{"age":[{"age_group":"<20","count":481,"tested":4540},{"age_group":"20-29   ","count":664,"tested":6210},{"age_group":"30-39   ","count":449,"tested":5227},{"age_group":"40-49   ","count":525,"tested":5715},{"age_group":"50-59   ","count":501,"tested":6834},{"age_group":"60-69   ","count":303,"tested":5229},{"age_group":"70-79   ","count":160,"tested":3369},{"age_group":"80+","count":136,"tested":3566}],"race":[{"description":"Left Blank","count":866,"tested":21180,"color":"rgb(44,160,44)"},{"description":"White","count":653,"tested":7721,"color":"rgb(31,119,180)"},{"description":"Asian","count":46,"tested":588,"color":"rgb(140,86,75)"},{"description":"Other","count":124,"tested":1529,"color":"rgb(148,103,189)"},{"description":"Hispanic","count":1462,"tested":8731,"color":"rgb(214,39,40)"},{"description":"Black","count":62,"tested":920,"color":"rgb(255,127,14)"}],"gender":[{"description":"Female","count":1655,"tested":24439,"color":"rgb(255,127,14)"},{"description":"Male","count":1542,"tested":16029,"color":"rgb(31,119,180)"},{"description":"Unknown/Left Blank","count":22,"tested":245,"color":"rgb(44,160,44)"}]}
