{"age":[{"age_group":"<20","count":32,"tested":255},{"age_group":"20-29   ","count":35,"tested":260},{"age_group":"30-39   ","count":30,"tested":279},{"age_group":"40-49   ","count":21,"tested":288},{"age_group":"50-59   ","count":33,"tested":322},{"age_group":"60-69   ","count":21,"tested":488},{"age_group":"70-79   ","count":7,"tested":168}],"race":[{"description":"White","count":141,"tested":1753,"color":"rgb(31,119,180)"},{"description":"Left Blank","count":32,"tested":324,"color":"rgb(44,160,44)"},{"description":"Other","count":7,"tested":50,"color":"rgb(148,103,189)"}],"gender":[{"description":"Female","count":104,"tested":1446,"color":"rgb(255,127,14)"},{"description":"Male","count":77,"tested":730,"color":"rgb(31,119,180)"}]}
