{"age":[{"age_group":"<20","count":557,"tested":4794},{"age_group":"20-29   ","count":765,"tested":7915},{"age_group":"30-39   ","count":663,"tested":6905},{"age_group":"40-49   ","count":545,"tested":5813},{"age_group":"50-59   ","count":618,"tested":7167},{"age_group":"60-69   ","count":475,"tested":6387},{"age_group":"70-79   ","count":236,"tested":3544},{"age_group":"80+","count":127,"tested":2336}],"race":[{"description":"Left Blank","count":1449,"tested":19424,"color":"rgb(44,160,44)"},{"description":"White","count":1864,"tested":18511,"color":"rgb(31,119,180)"},{"description":"Other","count":173,"tested":1659,"color":"rgb(148,103,189)"},{"description":"Black","count":198,"tested":2584,"color":"rgb(255,127,14)"},{"description":"Asian","count":78,"tested":942,"color":"rgb(140,86,75)"},{"description":"Hispanic","count":216,"tested":1651,"color":"rgb(214,39,40)"}],"gender":[{"description":"Unknown/Left Blank","count":26,"tested":749,"color":"rgb(44,160,44)"},{"description":"Male","count":1862,"tested":18572,"color":"rgb(31,119,180)"},{"description":"Female","count":2098,"tested":25581,"color":"rgb(255,127,14)"}]}
