{"age":[{"age_group":"<20","count":157,"tested":1708},{"age_group":"20-29   ","count":154,"tested":1705},{"age_group":"30-39   ","count":125,"tested":1836},{"age_group":"40-49   ","count":160,"tested":1971},{"age_group":"50-59   ","count":120,"tested":2462},{"age_group":"60-69   ","count":86,"tested":1566},{"age_group":"70-79   ","count":58,"tested":788},{"age_group":"80+","count":20,"tested":257}],"race":[{"description":"Left Blank","count":214,"tested":3902,"color":"rgb(44,160,44)"},{"description":"White","count":301,"tested":3925,"color":"rgb(31,119,180)"},{"description":"Hispanic","count":176,"tested":1397,"color":"rgb(214,39,40)"},{"description":"Other","count":53,"tested":544,"color":"rgb(148,103,189)"},{"description":"Black","count":82,"tested":1370,"color":"rgb(255,127,14)"},{"description":"Asian","count":52,"tested":1038,"color":"rgb(140,86,75)"}],"gender":[{"description":"Male","count":426,"tested":5337,"color":"rgb(31,119,180)"},{"description":"Female","count":448,"tested":6869,"color":"rgb(255,127,14)"}]}
