{"age":[{"age_group":"<20","count":8,"tested":136},{"age_group":"20-29   ","count":13,"tested":194},{"age_group":"30-39   ","count":10,"tested":225},{"age_group":"40-49   ","count":10,"tested":98},{"age_group":"50-59   ","count":20,"tested":210},{"age_group":"60-69   ","count":11,"tested":232}],"race":[{"description":"White","count":59,"tested":930,"color":"rgb(31,119,180)"},{"description":"Left Blank","count":10,"tested":296,"color":"rgb(44,160,44)"}],"gender":[{"description":"Female","count":35,"tested":849,"color":"rgb(255,127,14)"},{"description":"Male","count":40,"tested":406,"color":"rgb(31,119,180)"}]}
