{"age":[{"age_group":"<20","count":654,"tested":5643},{"age_group":"20-29   ","count":750,"tested":8458},{"age_group":"30-39   ","count":561,"tested":7195},{"age_group":"40-49   ","count":533,"tested":7756},{"age_group":"50-59   ","count":550,"tested":8593},{"age_group":"60-69   ","count":368,"tested":6579},{"age_group":"70-79   ","count":205,"tested":3908},{"age_group":"80+","count":116,"tested":2987}],"race":[{"description":"Left Blank","count":940,"tested":14773,"color":"rgb(44,160,44)"},{"description":"Other","count":139,"tested":1591,"color":"rgb(148,103,189)"},{"description":"Hispanic","count":178,"tested":1286,"color":"rgb(214,39,40)"},{"description":"Asian","count":28,"tested":611,"color":"rgb(140,86,75)"},{"description":"White","count":2136,"tested":28001,"color":"rgb(31,119,180)"},{"description":"Black","count":315,"tested":4746,"color":"rgb(255,127,14)"}],"gender":[{"description":"Male","count":1751,"tested":19736,"color":"rgb(31,119,180)"},{"description":"Female","count":1981,"tested":31027,"color":"rgb(255,127,14)"}]}
