{"age":[{"age_group":"<20","count":194,"tested":1988},{"age_group":"20-29   ","count":155,"tested":1530},{"age_group":"30-39   ","count":146,"tested":1827},{"age_group":"40-49   ","count":150,"tested":1554},{"age_group":"50-59   ","count":155,"tested":1839},{"age_group":"60-69   ","count":99,"tested":1138},{"age_group":"70-79   ","count":69,"tested":993},{"age_group":"80+","count":61,"tested":1023}],"race":[{"description":"White","count":544,"tested":4706,"color":"rgb(31,119,180)"},{"description":"Left Blank","count":452,"tested":6780,"color":"rgb(44,160,44)"},{"description":"Hispanic","count":29,"tested":159,"color":"rgb(214,39,40)"}],"gender":[{"description":"Female","count":543,"tested":5895,"color":"rgb(255,127,14)"},{"description":"Male","count":463,"tested":3709,"color":"rgb(31,119,180)"},{"description":"Unknown/Left Blank","count":36,"tested":2296,"color":"rgb(44,160,44)"}]}
