{"age":[{"age_group":"<20","count":923,"tested":7651},{"age_group":"20-29   ","count":948,"tested":7775},{"age_group":"30-39   ","count":810,"tested":6697},{"age_group":"40-49   ","count":925,"tested":6537},{"age_group":"50-59   ","count":697,"tested":5732},{"age_group":"60-69   ","count":345,"tested":3656},{"age_group":"70-79   ","count":121,"tested":1495},{"age_group":"80+","count":44,"tested":613}],"race":[{"description":"Hispanic","count":2171,"tested":9540,"color":"rgb(214,39,40)"},{"description":"AI/AN**","count":8,"tested":60,"color":"rgb(31,119,180)"},{"description":"Left Blank","count":1318,"tested":17042,"color":"rgb(44,160,44)"},{"description":"Asian","count":79,"tested":1220,"color":"rgb(140,86,75)"},{"description":"White","count":987,"tested":10000,"color":"rgb(31,119,180)"},{"description":"Black","count":147,"tested":1411,"color":"rgb(255,127,14)"},{"description":"Other","count":101,"tested":850,"color":"rgb(148,103,189)"}],"gender":[{"description":"Female","count":2474,"tested":22988,"color":"rgb(255,127,14)"},{"description":"Male","count":2311,"tested":16616,"color":"rgb(31,119,180)"},{"description":"Unknown/Left Blank","count":28,"tested":560,"color":"rgb(44,160,44)"}]}
