{"age":[{"age_group":"<20","count":31,"tested":278},{"age_group":"20-29   ","count":38,"tested":478},{"age_group":"30-39   ","count":57,"tested":438},{"age_group":"40-49   ","count":45,"tested":386},{"age_group":"50-59   ","count":41,"tested":480},{"age_group":"60-69   ","count":36,"tested":518},{"age_group":"70-79   ","count":11,"tested":176},{"age_group":"80+","count":8,"tested":168}],"race":[{"description":"Hispanic","count":43,"tested":226,"color":"rgb(214,39,40)"},{"description":"Black","count":45,"tested":504,"color":"rgb(255,127,14)"},{"description":"Left Blank","count":87,"tested":1277,"color":"rgb(44,160,44)"},{"description":"White","count":87,"tested":852,"color":"rgb(31,119,180)"}],"gender":[{"description":"Female","count":131,"tested":1577,"color":"rgb(255,127,14)"},{"description":"Male","count":136,"tested":1308,"color":"rgb(31,119,180)"}]}
