{"age":[{"age_group":"<20","count":716,"tested":5368},{"age_group":"20-29   ","count":796,"tested":7757},{"age_group":"30-39   ","count":731,"tested":6690},{"age_group":"40-49   ","count":682,"tested":6201},{"age_group":"50-59   ","count":561,"tested":5730},{"age_group":"60-69   ","count":410,"tested":4218},{"age_group":"70-79   ","count":164,"tested":2226},{"age_group":"80+","count":39,"tested":1006}],"race":[{"description":"Hispanic","count":1481,"tested":5532,"color":"rgb(214,39,40)"},{"description":"White","count":847,"tested":7161,"color":"rgb(31,119,180)"},{"description":"Asian","count":606,"tested":4669,"color":"rgb(140,86,75)"},{"description":"Black","count":186,"tested":1687,"color":"rgb(255,127,14)"},{"description":"Other","count":156,"tested":1744,"color":"rgb(148,103,189)"},{"description":"Left Blank","count":813,"tested":18256,"color":"rgb(44,160,44)"},{"description":"AI/AN**","count":7,"tested":59,"color":"rgb(31,119,180)"}],"gender":[{"description":"Male","count":1991,"tested":17030,"color":"rgb(31,119,180)"},{"description":"Unknown/Left Blank","count":15,"tested":342,"color":"rgb(44,160,44)"},{"description":"Female","count":2093,"tested":21847,"color":"rgb(255,127,14)"}]}
