{"age":[{"age_group":"<20","count":860,"tested":6997},{"age_group":"20-29   ","count":789,"tested":7330},{"age_group":"30-39   ","count":679,"tested":6009},{"age_group":"40-49   ","count":745,"tested":6051},{"age_group":"50-59   ","count":699,"tested":6178},{"age_group":"60-69   ","count":410,"tested":4723},{"age_group":"70-79   ","count":232,"tested":3608},{"age_group":"80+","count":154,"tested":4135}],"race":[{"description":"Other","count":56,"tested":582,"color":"rgb(148,103,189)"},{"description":"Left Blank","count":356,"tested":23126,"color":"rgb(44,160,44)"},{"description":"Hispanic","count":1870,"tested":4796,"color":"rgb(214,39,40)"},{"description":"White","count":2145,"tested":15543,"color":"rgb(31,119,180)"},{"description":"Asian","count":35,"tested":218,"color":"rgb(140,86,75)"},{"description":"Black","count":98,"tested":731,"color":"rgb(255,127,14)"},{"description":"AI/AN**","count":7,"tested":32,"color":"rgb(31,119,180)"}],"gender":[{"description":"Male","count":2138,"tested":17167,"color":"rgb(31,119,180)"},{"description":"Unknown/Left Blank","count":6,"tested":646,"color":"rgb(44,160,44)"},{"description":"Female","count":2425,"tested":27231,"color":"rgb(255,127,14)"}]}
