{"age":[{"age_group":"<20","count":51,"tested":732},{"age_group":"20-29   ","count":57,"tested":1071},{"age_group":"30-39   ","count":53,"tested":954},{"age_group":"40-49   ","count":47,"tested":1087},{"age_group":"50-59   ","count":53,"tested":1218},{"age_group":"60-69   ","count":29,"tested":1112},{"age_group":"70-79   ","count":34,"tested":773},{"age_group":"80+","count":39,"tested":2680}],"race":[{"description":"Hispanic","count":11,"tested":155,"color":"rgb(214,39,40)"},{"description":"White","count":246,"tested":7131,"color":"rgb(31,119,180)"},{"description":"Other","count":7,"tested":47,"color":"rgb(148,103,189)"},{"description":"Left Blank","count":106,"tested":2168,"color":"rgb(44,160,44)"}],"gender":[{"description":"Female","count":209,"tested":7343,"color":"rgb(255,127,14)"},{"description":"Male","count":159,"tested":2111,"color":"rgb(31,119,180)"}]}
