{"age":[{"age_group":"<20","count":590,"tested":5963},{"age_group":"20-29   ","count":557,"tested":7245},{"age_group":"30-39   ","count":492,"tested":6089},{"age_group":"40-49   ","count":485,"tested":5363},{"age_group":"50-59   ","count":491,"tested":7170},{"age_group":"60-69   ","count":326,"tested":6431},{"age_group":"70-79   ","count":125,"tested":3877},{"age_group":"80+","count":154,"tested":5568}],"race":[{"description":"Black","count":35,"tested":378,"color":"rgb(255,127,14)"},{"description":"Asian","count":65,"tested":815,"color":"rgb(140,86,75)"},{"description":"White","count":1879,"tested":18238,"color":"rgb(31,119,180)"},{"description":"Hispanic","count":425,"tested":2329,"color":"rgb(214,39,40)"},{"description":"Other","count":64,"tested":713,"color":"rgb(148,103,189)"},{"description":"Left Blank","count":749,"tested":25194,"color":"rgb(44,160,44)"},{"description":"AI/AN**","count":6,"tested":11,"color":"rgb(31,119,180)"}],"gender":[{"description":"Female","count":1640,"tested":27776,"color":"rgb(255,127,14)"},{"description":"Male","count":1551,"tested":19228,"color":"rgb(31,119,180)"},{"description":"Unknown/Left Blank","count":37,"tested":716,"color":"rgb(44,160,44)"}]}
