{"age":[{"age_group":"<20","count":15,"tested":235},{"age_group":"20-29   ","count":14,"tested":162},{"age_group":"30-39   ","count":13,"tested":192},{"age_group":"40-49   ","count":15,"tested":183},{"age_group":"50-59   ","count":13,"tested":201},{"age_group":"70-79   ","count":6,"tested":74}],"race":[{"description":"White","count":66,"tested":908,"color":"rgb(31,119,180)"}],"gender":[{"description":"Male","count":39,"tested":525,"color":"rgb(31,119,180)"},{"description":"Female","count":40,"tested":686,"color":"rgb(255,127,14)"}]}
