{"age":[{"age_group":"<20","count":140,"tested":1873},{"age_group":"20-29   ","count":117,"tested":1862},{"age_group":"30-39   ","count":110,"tested":1513},{"age_group":"40-49   ","count":152,"tested":2095},{"age_group":"50-59   ","count":135,"tested":2544},{"age_group":"60-69   ","count":93,"tested":1820},{"age_group":"70-79   ","count":35,"tested":1107},{"age_group":"80+","count":40,"tested":1124}],"race":[{"description":"Left Blank","count":273,"tested":6355,"color":"rgb(44,160,44)"},{"description":"White","count":127,"tested":2291,"color":"rgb(31,119,180)"},{"description":"Other","count":15,"tested":331,"color":"rgb(148,103,189)"},{"description":"Hispanic","count":24,"tested":230,"color":"rgb(214,39,40)"},{"description":"Black","count":377,"tested":4615,"color":"rgb(255,127,14)"}],"gender":[{"description":"Male","count":383,"tested":5742,"color":"rgb(31,119,180)"},{"description":"Female","count":435,"tested":8058,"color":"rgb(255,127,14)"}]}
