{"age":[{"age_group":"<20","count":534,"tested":3445},{"age_group":"20-29   ","count":691,"tested":6135},{"age_group":"30-39   ","count":599,"tested":4662},{"age_group":"40-49   ","count":510,"tested":4798},{"age_group":"50-59   ","count":467,"tested":4919},{"age_group":"60-69   ","count":341,"tested":4250},{"age_group":"70-79   ","count":166,"tested":3058},{"age_group":"80+","count":94,"tested":2379}],"race":[{"description":"White","count":1012,"tested":9354,"color":"rgb(31,119,180)"},{"description":"Left Blank","count":942,"tested":15343,"color":"rgb(44,160,44)"},{"description":"Hispanic","count":1139,"tested":5943,"color":"rgb(214,39,40)"},{"description":"Other","count":155,"tested":1371,"color":"rgb(148,103,189)"},{"description":"Asian","count":73,"tested":610,"color":"rgb(140,86,75)"},{"description":"Black","count":75,"tested":958,"color":"rgb(255,127,14)"}],"gender":[{"description":"Female","count":1795,"tested":19256,"color":"rgb(255,127,14)"},{"description":"Male","count":1603,"tested":14002,"color":"rgb(31,119,180)"}]}
