{"age":[{"age_group":"<20","count":247,"tested":2787},{"age_group":"20-29   ","count":416,"tested":14199},{"age_group":"30-39   ","count":336,"tested":17116},{"age_group":"40-49   ","count":343,"tested":17358},{"age_group":"50-59   ","count":307,"tested":11659},{"age_group":"60-69   ","count":150,"tested":6893},{"age_group":"70-79   ","count":92,"tested":3012},{"age_group":"80+","count":70,"tested":1840}],"race":[{"description":"Black","count":271,"tested":2656,"color":"rgb(255,127,14)"},{"description":"White","count":658,"tested":9024,"color":"rgb(31,119,180)"},{"description":"Asian","count":41,"tested":474,"color":"rgb(140,86,75)"},{"description":"Other","count":62,"tested":1089,"color":"rgb(148,103,189)"},{"description":"Left Blank","count":521,"tested":59774,"color":"rgb(44,160,44)"},{"description":"Hispanic","count":403,"tested":2467,"color":"rgb(214,39,40)"}],"gender":[{"description":"Unknown/Left Blank","count":36,"tested":26421,"color":"rgb(44,160,44)"},{"description":"Female","count":1025,"tested":13616,"color":"rgb(255,127,14)"},{"description":"Male","count":900,"tested":35527,"color":"rgb(31,119,180)"}]}
