{"age":[{"age_group":"<20","count":68,"tested":785},{"age_group":"20-29   ","count":58,"tested":592},{"age_group":"30-39   ","count":73,"tested":679},{"age_group":"40-49   ","count":45,"tested":478},{"age_group":"50-59   ","count":82,"tested":679},{"age_group":"60-69   ","count":53,"tested":637},{"age_group":"70-79   ","count":29,"tested":381},{"age_group":"80+","count":13,"tested":196}],"race":[{"description":"White","count":365,"tested":2811,"color":"rgb(31,119,180)"},{"description":"Left Blank","count":30,"tested":1419,"color":"rgb(44,160,44)"},{"description":"Hispanic","count":13,"tested":74,"color":"rgb(214,39,40)"}],"gender":[{"description":"Male","count":217,"tested":1725,"color":"rgb(31,119,180)"},{"description":"Female","count":204,"tested":2642,"color":"rgb(255,127,14)"}]}
