{"age":[{"age_group":"<20","count":43,"tested":414},{"age_group":"20-29   ","count":36,"tested":491},{"age_group":"30-39   ","count":34,"tested":443},{"age_group":"40-49   ","count":48,"tested":491},{"age_group":"50-59   ","count":50,"tested":605},{"age_group":"60-69   ","count":36,"tested":508},{"age_group":"70-79   ","count":21,"tested":288},{"age_group":"80+","count":7,"tested":231}],"race":[{"description":"White","count":179,"tested":1490,"color":"rgb(31,119,180)"},{"description":"Left Blank","count":90,"tested":1911,"color":"rgb(44,160,44)"}],"gender":[{"description":"Male","count":120,"tested":1272,"color":"rgb(31,119,180)"},{"description":"Female","count":155,"tested":2150,"color":"rgb(255,127,14)"}]}
