{"age":[{"age_group":"<20","count":133,"tested":844},{"age_group":"20-29   ","count":111,"tested":914},{"age_group":"30-39   ","count":79,"tested":965},{"age_group":"40-49   ","count":114,"tested":779},{"age_group":"50-59   ","count":136,"tested":1307},{"age_group":"60-69   ","count":87,"tested":901},{"age_group":"70-79   ","count":43,"tested":523},{"age_group":"80+","count":17,"tested":223}],"race":[{"description":"Other","count":11,"tested":175,"color":"rgb(148,103,189)"},{"description":"Left Blank","count":219,"tested":1964,"color":"rgb(44,160,44)"},{"description":"White","count":445,"tested":4005,"color":"rgb(31,119,180)"},{"description":"Hispanic","count":41,"tested":223,"color":"rgb(214,39,40)"}],"gender":[{"description":"Female","count":376,"tested":3641,"color":"rgb(255,127,14)"},{"description":"Male","count":339,"tested":2743,"color":"rgb(31,119,180)"}]}
