{"age":[{"age_group":"<20","count":24,"tested":307},{"age_group":"20-29   ","count":13,"tested":207},{"age_group":"30-39   ","count":16,"tested":174},{"age_group":"40-49   ","count":11,"tested":399},{"age_group":"50-59   ","count":13,"tested":249},{"age_group":"60-69   ","count":22,"tested":298},{"age_group":"70-79   ","count":7,"tested":177},{"age_group":"80+","count":12,"tested":149}],"race":[{"description":"White","count":101,"tested":1608,"color":"rgb(31,119,180)"},{"description":"Left Blank","count":15,"tested":263,"color":"rgb(44,160,44)"}],"gender":[{"description":"Female","count":66,"tested":1311,"color":"rgb(255,127,14)"},{"description":"Male","count":49,"tested":645,"color":"rgb(31,119,180)"}]}
