{"age":[{"age_group":"<20","count":479,"tested":5371},{"age_group":"20-29   ","count":492,"tested":6502},{"age_group":"30-39   ","count":457,"tested":6122},{"age_group":"40-49   ","count":381,"tested":4700},{"age_group":"50-59   ","count":485,"tested":6432},{"age_group":"60-69   ","count":398,"tested":6106},{"age_group":"70-79   ","count":229,"tested":3807},{"age_group":"80+","count":234,"tested":6964}],"race":[{"description":"Hispanic","count":129,"tested":725,"color":"rgb(214,39,40)"},{"description":"Asian","count":17,"tested":147,"color":"rgb(140,86,75)"},{"description":"Left Blank","count":745,"tested":20516,"color":"rgb(44,160,44)"},{"description":"White","count":1909,"tested":20731,"color":"rgb(31,119,180)"},{"description":"Other","count":42,"tested":748,"color":"rgb(148,103,189)"},{"description":"Black","count":309,"tested":3095,"color":"rgb(255,127,14)"}],"gender":[{"description":"Female","count":1731,"tested":30870,"color":"rgb(255,127,14)"},{"description":"Male","count":1395,"tested":14336,"color":"rgb(31,119,180)"},{"description":"Unknown/Left Blank","count":29,"tested":810,"color":"rgb(44,160,44)"}]}
