{"age":[{"age_group":"<20","count":1005,"tested":8070},{"age_group":"20-29   ","count":1401,"tested":12764},{"age_group":"30-39   ","count":1173,"tested":9966},{"age_group":"40-49   ","count":1169,"tested":8893},{"age_group":"50-59   ","count":996,"tested":9188},{"age_group":"60-69   ","count":539,"tested":5817},{"age_group":"70-79   ","count":214,"tested":2777},{"age_group":"80+","count":132,"tested":2260}],"race":[{"description":"Left Blank","count":1820,"tested":27722,"color":"rgb(44,160,44)"},{"description":"Hispanic","count":3271,"tested":14130,"color":"rgb(214,39,40)"},{"description":"Other","count":157,"tested":1725,"color":"rgb(148,103,189)"},{"description":"Black","count":265,"tested":2719,"color":"rgb(255,127,14)"},{"description":"Asian","count":159,"tested":3045,"color":"rgb(140,86,75)"},{"description":"NH/PI*","count":22,"tested":35,"color":"rgb(127,127,127)"},{"description":"White","count":930,"tested":10337,"color":"rgb(31,119,180)"}],"gender":[{"description":"Male","count":3112,"tested":23868,"color":"rgb(31,119,180)"},{"description":"Female","count":3465,"tested":35186,"color":"rgb(255,127,14)"},{"description":"Unknown/Left Blank","count":52,"tested":695,"color":"rgb(44,160,44)"}]}
