{"age":[{"age_group":"<20","count":258,"tested":1252},{"age_group":"20-29   ","count":329,"tested":5285},{"age_group":"30-39   ","count":149,"tested":1668},{"age_group":"40-49   ","count":24,"tested":287},{"age_group":"50-59   ","count":21,"tested":182},{"age_group":"60-69   ","count":13,"tested":165}],"race":[{"description":"AI/AN**","count":6,"tested":0,"color":"rgb(31,119,180)"},{"description":"Black","count":160,"tested":593,"color":"rgb(255,127,14)"},{"description":"Hispanic","count":104,"tested":363,"color":"rgb(214,39,40)"},{"description":"Asian","count":38,"tested":313,"color":"rgb(140,86,75)"},{"description":"Other","count":38,"tested":103,"color":"rgb(148,103,189)"},{"description":"Left Blank","count":78,"tested":4622,"color":"rgb(44,160,44)"},{"description":"White","count":372,"tested":2867,"color":"rgb(31,119,180)"}],"gender":[{"description":"Male","count":546,"tested":5427,"color":"rgb(31,119,180)"},{"description":"Female","count":251,"tested":3436,"color":"rgb(255,127,14)"}]}
