{"age":[{"age_group":"<20","count":289,"tested":3822},{"age_group":"20-29   ","count":292,"tested":3727},{"age_group":"30-39   ","count":251,"tested":2895},{"age_group":"40-49   ","count":270,"tested":2855},{"age_group":"50-59   ","count":264,"tested":3567},{"age_group":"60-69   ","count":231,"tested":3259},{"age_group":"70-79   ","count":146,"tested":2679},{"age_group":"80+","count":139,"tested":6035}],"race":[{"description":"Asian","count":66,"tested":545,"color":"rgb(140,86,75)"},{"description":"White","count":1172,"tested":13909,"color":"rgb(31,119,180)"},{"description":"Left Blank","count":204,"tested":11049,"color":"rgb(44,160,44)"},{"description":"Other","count":17,"tested":862,"color":"rgb(148,103,189)"},{"description":"Hispanic","count":231,"tested":1029,"color":"rgb(214,39,40)"},{"description":"Black","count":189,"tested":1428,"color":"rgb(255,127,14)"}],"gender":[{"description":"Female","count":1039,"tested":17660,"color":"rgb(255,127,14)"},{"description":"Male","count":835,"tested":10641,"color":"rgb(31,119,180)"},{"description":"Unknown/Left Blank","count":8,"tested":542,"color":"rgb(44,160,44)"}]}
