{"age":[{"age_group":"<20","count":410,"tested":4272},{"age_group":"20-29   ","count":506,"tested":6086},{"age_group":"30-39   ","count":423,"tested":5911},{"age_group":"40-49   ","count":509,"tested":5312},{"age_group":"50-59   ","count":489,"tested":6173},{"age_group":"60-69   ","count":416,"tested":5633},{"age_group":"70-79   ","count":218,"tested":3273},{"age_group":"80+","count":199,"tested":4001}],"race":[{"description":"Other","count":136,"tested":986,"color":"rgb(148,103,189)"},{"description":"Left Blank","count":898,"tested":20888,"color":"rgb(44,160,44)"},{"description":"White","count":1546,"tested":13528,"color":"rgb(31,119,180)"},{"description":"Black","count":43,"tested":592,"color":"rgb(255,127,14)"},{"description":"Asian","count":180,"tested":2328,"color":"rgb(140,86,75)"},{"description":"Hispanic","count":355,"tested":2257,"color":"rgb(214,39,40)"},{"description":"NH/PI*","count":6,"tested":58,"color":"rgb(127,127,127)"}],"gender":[{"description":"Female","count":1605,"tested":23050,"color":"rgb(255,127,14)"},{"description":"Unknown/Left Blank","count":25,"tested":652,"color":"rgb(44,160,44)"},{"description":"Male","count":1540,"tested":16985,"color":"rgb(31,119,180)"}]}
