{"age":[{"age_group":"<20","count":235,"tested":1684},{"age_group":"20-29   ","count":271,"tested":2348},{"age_group":"30-39   ","count":301,"tested":2483},{"age_group":"40-49   ","count":268,"tested":1839},{"age_group":"50-59   ","count":197,"tested":1798},{"age_group":"60-69   ","count":177,"tested":1647},{"age_group":"70-79   ","count":64,"tested":686},{"age_group":"80+","count":28,"tested":473}],"race":[{"description":"Left Blank","count":285,"tested":4246,"color":"rgb(44,160,44)"},{"description":"White","count":592,"tested":4592,"color":"rgb(31,119,180)"},{"description":"Asian","count":55,"tested":580,"color":"rgb(140,86,75)"},{"description":"Hispanic","count":521,"tested":2845,"color":"rgb(214,39,40)"},{"description":"Other","count":63,"tested":533,"color":"rgb(148,103,189)"},{"description":"Black","count":18,"tested":138,"color":"rgb(255,127,14)"}],"gender":[{"description":"Female","count":776,"tested":6933,"color":"rgb(255,127,14)"},{"description":"Male","count":756,"tested":5900,"color":"rgb(31,119,180)"},{"description":"Unknown/Left Blank","count":9,"tested":129,"color":"rgb(44,160,44)"}]}
