{"lastUpdatedDate":{"year":2021,"month":5,"day":31},"county_demographics":[{"County":"Washington","confirmed_cases":1647,"total_tested":14560,"demographics":{"age":[{"race":[],"age_group":"<20","count":229,"tested":1858,"deaths":0},{"race":[],"age_group":"20-29   ","count":211,"tested":2127,"deaths":0},{"race":[],"age_group":"60-69   ","count":248,"tested":2044,"deaths":0},{"race":[],"age_group":"50-59   ","count":264,"tested":2095,"deaths":0},{"race":[],"age_group":"80+","count":121,"tested":722,"deaths":0},{"race":[],"age_group":"Unknown","count":0,"tested":0,"deaths":0},{"race":[],"age_group":"30-39   ","count":229,"tested":2311,"deaths":0},{"race":[],"age_group":"40-49   ","count":236,"tested":2309,"deaths":0},{"race":[],"age_group":"70-79   ","count":109,"tested":1091,"deaths":0}],"race":[{"description":"White","count":1086,"tested":9224,"deaths":0,"color":"rgb(31,119,180)"},{"description":"AI/AN**","count":0,"tested":0,"deaths":0,"color":"rgb(31,119,180)"},{"description":"Left Blank","count":520,"tested":4880,"deaths":0,"color":"rgb(44,160,44)"},{"description":"Other","count":18,"tested":236,"deaths":0,"color":"rgb(148,103,189)"},{"description":"Asian","count":0,"tested":32,"deaths":0,"color":"rgb(140,86,75)"},{"description":"Hispanic","count":12,"tested":96,"deaths":0,"color":"rgb(214,39,40)"},{"description":"Black","count":0,"tested":84,"deaths":0,"color":"rgb(255,127,14)"},{"description":"NH/PI*","count":0,"tested":0,"deaths":0,"color":"rgb(127,127,127)"}],"gender":[{"description":"Female","count":888,"tested":8566,"deaths":0,"color":"rgb(255,127,14)"},{"description":"Male","count":739,"tested":5239,"deaths":0,"color":"rgb(31,119,180)"},{"description":"Unknown/Left Blank","count":20,"tested":755,"deaths":0,"color":"rgb(44,160,44)"}]}}]}
