{"lastUpdatedDate":{"year":2021,"month":5,"day":31},"county_demographics":[{"County":"Winnebago","confirmed_cases":33883,"total_tested":434698,"demographics":{"age":[{"race":[],"age_group":"80+","count":1342,"tested":33077,"deaths":0},{"race":[],"age_group":"70-79   ","count":1933,"tested":31141,"deaths":0},{"race":[],"age_group":"<20","count":5973,"tested":67652,"deaths":0},{"race":[],"age_group":"60-69   ","count":3472,"tested":49028,"deaths":0},{"race":[],"age_group":"Unknown","count":9,"tested":163,"deaths":0},{"race":[],"age_group":"40-49   ","count":5071,"tested":57282,"deaths":0},{"race":[],"age_group":"20-29   ","count":6025,"tested":71935,"deaths":0},{"race":[],"age_group":"30-39   ","count":5281,"tested":63479,"deaths":0},{"race":[],"age_group":"50-59   ","count":4775,"tested":60941,"deaths":0}],"race":[{"description":"Black","count":4157,"tested":35093,"deaths":0,"color":"rgb(255,127,14)"},{"description":"Left Blank","count":3398,"tested":191968,"deaths":0,"color":"rgb(44,160,44)"},{"description":"NH/PI*","count":21,"tested":308,"deaths":0,"color":"rgb(127,127,127)"},{"description":"Other","count":521,"tested":9428,"deaths":0,"color":"rgb(148,103,189)"},{"description":"Hispanic","count":5956,"tested":26389,"deaths":0,"color":"rgb(214,39,40)"},{"description":"AI/AN**","count":37,"tested":388,"deaths":0,"color":"rgb(31,119,180)"},{"description":"Asian","count":671,"tested":4925,"deaths":0,"color":"rgb(140,86,75)"},{"description":"White","count":19120,"tested":166199,"deaths":0,"color":"rgb(31,119,180)"}],"gender":[{"description":"Female","count":18100,"tested":256073,"deaths":0,"color":"rgb(255,127,14)"},{"description":"Male","count":15612,"tested":170946,"deaths":0,"color":"rgb(31,119,180)"},{"description":"Unknown/Left Blank","count":171,"tested":7679,"deaths":0,"color":"rgb(44,160,44)"}]}}]}
