{"lastUpdatedDate":{"year":2021,"month":5,"day":31},"county_demographics":[{"County":"Madison","confirmed_cases":30817,"total_tested":330601,"demographics":{"age":[{"race":[],"age_group":"40-49   ","count":4371,"tested":42615,"deaths":0},{"race":[],"age_group":"60-69   ","count":3488,"tested":39617,"deaths":0},{"race":[],"age_group":"80+","count":1442,"tested":26801,"deaths":0},{"race":[],"age_group":"20-29   ","count":5327,"tested":56590,"deaths":0},{"race":[],"age_group":"70-79   ","count":1936,"tested":23894,"deaths":0},{"race":[],"age_group":"30-39   ","count":4796,"tested":49659,"deaths":0},{"race":[],"age_group":"50-59   ","count":4505,"tested":45681,"deaths":0},{"race":[],"age_group":"<20","count":4920,"tested":45486,"deaths":0},{"race":[],"age_group":"Unknown","count":30,"tested":258,"deaths":0}],"race":[{"description":"Hispanic","count":742,"tested":3548,"deaths":0,"color":"rgb(214,39,40)"},{"description":"Asian","count":134,"tested":1254,"deaths":0,"color":"rgb(140,86,75)"},{"description":"Other","count":1003,"tested":10839,"deaths":0,"color":"rgb(148,103,189)"},{"description":"Black","count":2350,"tested":19833,"deaths":0,"color":"rgb(255,127,14)"},{"description":"Left Blank","count":7534,"tested":148094,"deaths":0,"color":"rgb(44,160,44)"},{"description":"White","count":19004,"tested":146632,"deaths":0,"color":"rgb(31,119,180)"},{"description":"NH/PI*","count":15,"tested":157,"deaths":0,"color":"rgb(127,127,127)"},{"description":"AI/AN**","count":29,"tested":244,"deaths":0,"color":"rgb(31,119,180)"}],"gender":[{"description":"Female","count":16396,"tested":200525,"deaths":0,"color":"rgb(255,127,14)"},{"description":"Male","count":13895,"tested":123870,"deaths":0,"color":"rgb(31,119,180)"},{"description":"Unknown/Left Blank","count":526,"tested":6206,"deaths":0,"color":"rgb(44,160,44)"}]}}]}
