{"lastUpdatedDate":{"year":2021,"month":5,"day":31},"county_demographics":[{"County":"Kankakee","confirmed_cases":14442,"total_tested":246606,"demographics":{"age":[{"race":[],"age_group":"40-49   ","count":2159,"tested":36754,"deaths":0},{"race":[],"age_group":"50-59   ","count":2168,"tested":41495,"deaths":0},{"race":[],"age_group":"20-29   ","count":2557,"tested":36564,"deaths":0},{"race":[],"age_group":"30-39   ","count":2224,"tested":36651,"deaths":0},{"race":[],"age_group":"<20","count":2255,"tested":20695,"deaths":0},{"race":[],"age_group":"60-69   ","count":1574,"tested":33741,"deaths":0},{"race":[],"age_group":"Unknown","count":0,"tested":74,"deaths":0},{"race":[],"age_group":"80+","count":619,"tested":19681,"deaths":0},{"race":[],"age_group":"70-79   ","count":883,"tested":20951,"deaths":0}],"race":[{"description":"Asian","count":65,"tested":1542,"deaths":0,"color":"rgb(140,86,75)"},{"description":"White","count":7383,"tested":127527,"deaths":0,"color":"rgb(31,119,180)"},{"description":"AI/AN**","count":0,"tested":128,"deaths":0,"color":"rgb(31,119,180)"},{"description":"Hispanic","count":1344,"tested":9476,"deaths":0,"color":"rgb(214,39,40)"},{"description":"NH/PI*","count":0,"tested":341,"deaths":0,"color":"rgb(127,127,127)"},{"description":"Other","count":376,"tested":6315,"deaths":0,"color":"rgb(148,103,189)"},{"description":"Black","count":1931,"tested":44308,"deaths":0,"color":"rgb(255,127,14)"},{"description":"Left Blank","count":3331,"tested":56969,"deaths":0,"color":"rgb(44,160,44)"}],"gender":[{"description":"Female","count":7652,"tested":144527,"deaths":0,"color":"rgb(255,127,14)"},{"description":"Male","count":6744,"tested":97481,"deaths":0,"color":"rgb(31,119,180)"},{"description":"Unknown/Left Blank","count":46,"tested":4598,"deaths":0,"color":"rgb(44,160,44)"}]}}]}
