{"lastUpdatedDate":{"year":2021,"month":3,"day":3},"county_demographics":[{"County":"DuPage","confirmed_cases":77279,"total_tested":1054468,"demographics":{"age":[{"race":[],"age_group":"<20","count":12856,"tested":124960,"deaths":0},{"race":[],"age_group":"20-29   ","count":13523,"tested":166599,"deaths":0},{"race":[],"age_group":"30-39   ","count":11739,"tested":148578,"deaths":0},{"race":[],"age_group":"40-49   ","count":11736,"tested":136739,"deaths":0},{"race":[],"age_group":"50-59   ","count":12090,"tested":157932,"deaths":0},{"race":[],"age_group":"60-69   ","count":8167,"tested":135266,"deaths":0},{"race":[],"age_group":"70-79   ","count":3899,"tested":80541,"deaths":0},{"race":[],"age_group":"80+","count":3264,"tested":103144,"deaths":0},{"race":[],"age_group":"Unknown","count":0,"tested":709,"deaths":0}],"race":[{"description":"AI/AN**","count":95,"tested":726,"deaths":0,"color":"rgb(31,119,180)"},{"description":"Asian","count":4742,"tested":43794,"deaths":0,"color":"rgb(140,86,75)"},{"description":"Black","count":2886,"tested":30315,"deaths":0,"color":"rgb(255,127,14)"},{"description":"Hispanic","count":13985,"tested":53928,"deaths":0,"color":"rgb(214,39,40)"},{"description":"Left Blank","count":18098,"tested":568987,"deaths":0,"color":"rgb(44,160,44)"},{"description":"NH/PI*","count":88,"tested":749,"deaths":0,"color":"rgb(127,127,127)"},{"description":"Other","count":2638,"tested":30222,"deaths":0,"color":"rgb(148,103,189)"},{"description":"White","count":34743,"tested":325747,"deaths":0,"color":"rgb(31,119,180)"}],"gender":[{"description":"Female","count":39418,"tested":603854,"deaths":0,"color":"rgb(255,127,14)"},{"description":"Male","count":37385,"tested":428387,"deaths":0,"color":"rgb(31,119,180)"},{"description":"Unknown/Left Blank","count":476,"tested":22227,"deaths":0,"color":"rgb(44,160,44)"}]}}]}
