{"lastUpdatedDate":{"year":2021,"month":3,"day":3},"county_demographics":[{"County":"Pike","confirmed_cases":1696,"total_tested":15815,"demographics":{"age":[{"race":[],"age_group":"<20","count":222,"tested":1983,"deaths":0},{"race":[],"age_group":"20-29   ","count":250,"tested":2620,"deaths":0},{"race":[],"age_group":"30-39   ","count":228,"tested":2233,"deaths":0},{"race":[],"age_group":"40-49   ","count":221,"tested":2005,"deaths":0},{"race":[],"age_group":"50-59   ","count":243,"tested":2273,"deaths":0},{"race":[],"age_group":"60-69   ","count":247,"tested":1847,"deaths":0},{"race":[],"age_group":"70-79   ","count":135,"tested":1149,"deaths":0},{"race":[],"age_group":"80+","count":142,"tested":1704,"deaths":0},{"race":[],"age_group":"Unknown","count":0,"tested":0,"deaths":0}],"race":[{"description":"AI/AN**","count":0,"tested":0,"deaths":0,"color":"rgb(31,119,180)"},{"description":"Asian","count":0,"tested":8,"deaths":0,"color":"rgb(140,86,75)"},{"description":"Black","count":0,"tested":22,"deaths":0,"color":"rgb(255,127,14)"},{"description":"Hispanic","count":12,"tested":52,"deaths":0,"color":"rgb(214,39,40)"},{"description":"Left Blank","count":354,"tested":10818,"deaths":0,"color":"rgb(44,160,44)"},{"description":"NH/PI*","count":0,"tested":0,"deaths":0,"color":"rgb(127,127,127)"},{"description":"Other","count":0,"tested":37,"deaths":0,"color":"rgb(148,103,189)"},{"description":"White","count":1318,"tested":4874,"deaths":0,"color":"rgb(31,119,180)"}],"gender":[{"description":"Female","count":954,"tested":9695,"deaths":0,"color":"rgb(255,127,14)"},{"description":"Male","count":700,"tested":4656,"deaths":0,"color":"rgb(31,119,180)"},{"description":"Unknown/Left Blank","count":42,"tested":1464,"deaths":0,"color":"rgb(44,160,44)"}]}}]}
