{"lastUpdatedDate":{"year":2021,"month":3,"day":3},"county_demographics":[{"County":"DeKalb","confirmed_cases":8329,"total_tested":111193,"demographics":{"age":[{"race":[],"age_group":"<20","count":1358,"tested":19195,"deaths":0},{"race":[],"age_group":"20-29   ","count":1932,"tested":27534,"deaths":0},{"race":[],"age_group":"30-39   ","count":1243,"tested":14328,"deaths":0},{"race":[],"age_group":"40-49   ","count":1179,"tested":11793,"deaths":0},{"race":[],"age_group":"50-59   ","count":1071,"tested":12577,"deaths":0},{"race":[],"age_group":"60-69   ","count":733,"tested":10253,"deaths":0},{"race":[],"age_group":"70-79   ","count":419,"tested":7012,"deaths":0},{"race":[],"age_group":"80+","count":393,"tested":8479,"deaths":0},{"race":[],"age_group":"Unknown","count":0,"tested":22,"deaths":0}],"race":[{"description":"AI/AN**","count":0,"tested":54,"deaths":0,"color":"rgb(31,119,180)"},{"description":"Asian","count":94,"tested":1175,"deaths":0,"color":"rgb(140,86,75)"},{"description":"Black","count":564,"tested":6560,"deaths":0,"color":"rgb(255,127,14)"},{"description":"Hispanic","count":1293,"tested":6451,"deaths":0,"color":"rgb(214,39,40)"},{"description":"Left Blank","count":2056,"tested":53769,"deaths":0,"color":"rgb(44,160,44)"},{"description":"NH/PI*","count":0,"tested":46,"deaths":0,"color":"rgb(127,127,127)"},{"description":"Other","count":103,"tested":1235,"deaths":0,"color":"rgb(148,103,189)"},{"description":"White","count":4209,"tested":41903,"deaths":0,"color":"rgb(31,119,180)"}],"gender":[{"description":"Female","count":4401,"tested":67094,"deaths":0,"color":"rgb(255,127,14)"},{"description":"Male","count":3900,"tested":42531,"deaths":0,"color":"rgb(31,119,180)"},{"description":"Unknown/Left Blank","count":28,"tested":1568,"deaths":0,"color":"rgb(44,160,44)"}]}}]}
