{"age":[{"age_group":"<20","count":8,"tested":65},{"age_group":"50-59   ","count":10,"tested":632},{"age_group":"60-69   ","count":6,"tested":877}],"race":[{"description":"Left Blank","count":10,"tested":2090,"color":"rgb(44,160,44)"},{"description":"Hispanic","count":12,"tested":128,"color":"rgb(214,39,40)"},{"description":"Black","count":13,"tested":213,"color":"rgb(255,127,14)"}],"gender":[{"description":"Female","count":23,"tested":1209,"color":"rgb(255,127,14)"},{"description":"Male","count":18,"tested":1306,"color":"rgb(31,119,180)"}]}
