{"age":[{"age_group":"<20","count":215,"tested":2181},{"age_group":"20-29   ","count":377,"tested":12012},{"age_group":"30-39   ","count":301,"tested":13784},{"age_group":"40-49   ","count":325,"tested":13546},{"age_group":"50-59   ","count":281,"tested":9121},{"age_group":"60-69   ","count":138,"tested":5375},{"age_group":"70-79   ","count":90,"tested":2413},{"age_group":"80+","count":68,"tested":1594}],"race":[{"description":"Black","count":228,"tested":2074,"color":"rgb(255,127,14)"},{"description":"White","count":603,"tested":7401,"color":"rgb(31,119,180)"},{"description":"Asian","count":35,"tested":365,"color":"rgb(140,86,75)"},{"description":"Other","count":58,"tested":936,"color":"rgb(148,103,189)"},{"description":"Left Blank","count":494,"tested":47930,"color":"rgb(44,160,44)"},{"description":"Hispanic","count":372,"tested":1954,"color":"rgb(214,39,40)"}],"gender":[{"description":"Unknown/Left Blank","count":38,"tested":25009,"color":"rgb(44,160,44)"},{"description":"Female","count":939,"tested":11278,"color":"rgb(255,127,14)"},{"description":"Male","count":818,"tested":24437,"color":"rgb(31,119,180)"}]}
