{"age":[{"age_group":"<20","count":116,"tested":1251},{"age_group":"20-29   ","count":72,"tested":761},{"age_group":"30-39   ","count":103,"tested":713},{"age_group":"40-49   ","count":101,"tested":745},{"age_group":"50-59   ","count":110,"tested":1041},{"age_group":"60-69   ","count":63,"tested":769},{"age_group":"70-79   ","count":28,"tested":427},{"age_group":"80+","count":35,"tested":433}],"race":[{"description":"Left Blank","count":64,"tested":2066,"color":"rgb(44,160,44)"},{"description":"Black","count":9,"tested":78,"color":"rgb(255,127,14)"},{"description":"White","count":532,"tested":3762,"color":"rgb(31,119,180)"},{"description":"Hispanic","count":20,"tested":133,"color":"rgb(214,39,40)"}],"gender":[{"description":"Male","count":293,"tested":2711,"color":"rgb(31,119,180)"},{"description":"Female","count":335,"tested":3328,"color":"rgb(255,127,14)"}]}
