{"age":[{"age_group":"<20","count":180,"tested":1363},{"age_group":"20-29   ","count":314,"tested":2463},{"age_group":"30-39   ","count":273,"tested":2086},{"age_group":"40-49   ","count":212,"tested":1774},{"age_group":"50-59   ","count":274,"tested":2131},{"age_group":"60-69   ","count":198,"tested":2080},{"age_group":"70-79   ","count":96,"tested":1423},{"age_group":"80+","count":75,"tested":2007}],"race":[{"description":"Other","count":60,"tested":418,"color":"rgb(148,103,189)"},{"description":"Black","count":31,"tested":208,"color":"rgb(255,127,14)"},{"description":"Asian","count":62,"tested":355,"color":"rgb(140,86,75)"},{"description":"White","count":722,"tested":4445,"color":"rgb(31,119,180)"},{"description":"Left Blank","count":316,"tested":8373,"color":"rgb(44,160,44)"},{"description":"Hispanic","count":428,"tested":1519,"color":"rgb(214,39,40)"}],"gender":[{"description":"Female","count":821,"tested":8555,"color":"rgb(255,127,14)"},{"description":"Male","count":790,"tested":6611,"color":"rgb(31,119,180)"}]}
