{"age":[{"age_group":"<20","count":169,"tested":1725},{"age_group":"20-29   ","count":149,"tested":1901},{"age_group":"30-39   ","count":166,"tested":1721},{"age_group":"40-49   ","count":118,"tested":1596},{"age_group":"50-59   ","count":189,"tested":2125},{"age_group":"60-69   ","count":171,"tested":2119},{"age_group":"70-79   ","count":76,"tested":1091},{"age_group":"80+","count":42,"tested":617}],"race":[{"description":"Hispanic","count":112,"tested":407,"color":"rgb(214,39,40)"},{"description":"White","count":720,"tested":5795,"color":"rgb(31,119,180)"},{"description":"Left Blank","count":164,"tested":5914,"color":"rgb(44,160,44)"},{"description":"Black","count":16,"tested":182,"color":"rgb(255,127,14)"},{"description":"Asian","count":43,"tested":310,"color":"rgb(140,86,75)"},{"description":"Other","count":25,"tested":245,"color":"rgb(148,103,189)"}],"gender":[{"description":"Male","count":529,"tested":5529,"color":"rgb(31,119,180)"},{"description":"Female","count":547,"tested":7194,"color":"rgb(255,127,14)"}]}
