{"age":[{"age_group":"<20","count":22,"tested":287},{"age_group":"20-29   ","count":47,"tested":439},{"age_group":"30-39   ","count":31,"tested":313},{"age_group":"40-49   ","count":30,"tested":309},{"age_group":"50-59   ","count":37,"tested":342},{"age_group":"60-69   ","count":16,"tested":255},{"age_group":"70-79   ","count":13,"tested":119},{"age_group":"80+","count":6,"tested":61}],"race":[{"description":"Left Blank","count":36,"tested":538,"color":"rgb(44,160,44)"},{"description":"White","count":142,"tested":1382,"color":"rgb(31,119,180)"},{"description":"Other","count":12,"tested":93,"color":"rgb(148,103,189)"},{"description":"Black","count":6,"tested":63,"color":"rgb(255,127,14)"}],"gender":[{"description":"Male","count":102,"tested":934,"color":"rgb(31,119,180)"},{"description":"Female","count":100,"tested":1128,"color":"rgb(255,127,14)"}]}
