{"age":[{"age_group":"<20","count":36,"tested":621},{"age_group":"20-29   ","count":47,"tested":916},{"age_group":"30-39   ","count":49,"tested":856},{"age_group":"40-49   ","count":40,"tested":941},{"age_group":"50-59   ","count":48,"tested":1046},{"age_group":"60-69   ","count":24,"tested":958},{"age_group":"70-79   ","count":33,"tested":685},{"age_group":"80+","count":35,"tested":2382}],"race":[{"description":"Hispanic","count":10,"tested":117,"color":"rgb(214,39,40)"},{"description":"White","count":210,"tested":6190,"color":"rgb(31,119,180)"},{"description":"Other","count":7,"tested":35,"color":"rgb(148,103,189)"},{"description":"Left Blank","count":90,"tested":1968,"color":"rgb(44,160,44)"}],"gender":[{"description":"Female","count":177,"tested":6470,"color":"rgb(255,127,14)"},{"description":"Male","count":138,"tested":1812,"color":"rgb(31,119,180)"}]}
