{"age":[{"age_group":"<20","count":1521,"tested":11253},{"age_group":"20-29   ","count":1867,"tested":19875},{"age_group":"30-39   ","count":1542,"tested":15076},{"age_group":"40-49   ","count":1650,"tested":14726},{"age_group":"50-59   ","count":1455,"tested":17967},{"age_group":"60-69   ","count":834,"tested":12683},{"age_group":"70-79   ","count":287,"tested":5084},{"age_group":"80+","count":153,"tested":2326}],"race":[{"description":"Left Blank","count":1750,"tested":42495,"color":"rgb(44,160,44)"},{"description":"AI/AN**","count":13,"tested":83,"color":"rgb(31,119,180)"},{"description":"Hispanic","count":5724,"tested":29197,"color":"rgb(214,39,40)"},{"description":"Other","count":226,"tested":2537,"color":"rgb(148,103,189)"},{"description":"NH/PI*","count":10,"tested":188,"color":"rgb(127,127,127)"},{"description":"White","count":712,"tested":12195,"color":"rgb(31,119,180)"},{"description":"Asian","count":105,"tested":2079,"color":"rgb(140,86,75)"},{"description":"Black","count":773,"tested":10230,"color":"rgb(255,127,14)"}],"gender":[{"description":"Male","count":4397,"tested":44718,"color":"rgb(31,119,180)"},{"description":"Female","count":4799,"tested":52868,"color":"rgb(255,127,14)"},{"description":"Unknown/Left Blank","count":117,"tested":1418,"color":"rgb(44,160,44)"}]}
