{"age":[{"age_group":"<20","count":258,"tested":2781},{"age_group":"20-29   ","count":373,"tested":4656},{"age_group":"30-39   ","count":383,"tested":4955},{"age_group":"40-49   ","count":303,"tested":3893},{"age_group":"50-59   ","count":324,"tested":4852},{"age_group":"60-69   ","count":272,"tested":4319},{"age_group":"70-79   ","count":133,"tested":1973},{"age_group":"80+","count":89,"tested":1547}],"race":[{"description":"Other","count":26,"tested":414,"color":"rgb(148,103,189)"},{"description":"Left Blank","count":500,"tested":9814,"color":"rgb(44,160,44)"},{"description":"Black","count":1435,"tested":17367,"color":"rgb(255,127,14)"},{"description":"White","count":29,"tested":542,"color":"rgb(31,119,180)"},{"description":"Hispanic","count":136,"tested":739,"color":"rgb(214,39,40)"}],"gender":[{"description":"Male","count":925,"tested":12522,"color":"rgb(31,119,180)"},{"description":"Unknown/Left Blank","count":16,"tested":709,"color":"rgb(44,160,44)"},{"description":"Female","count":1194,"tested":15757,"color":"rgb(255,127,14)"}]}
