{"age":[{"age_group":"<20","count":236,"tested":2273},{"age_group":"20-29   ","count":216,"tested":1822},{"age_group":"30-39   ","count":195,"tested":1768},{"age_group":"40-49   ","count":237,"tested":1928},{"age_group":"50-59   ","count":247,"tested":1825},{"age_group":"60-69   ","count":216,"tested":1561},{"age_group":"70-79   ","count":121,"tested":751},{"age_group":"80+","count":53,"tested":353}],"race":[{"description":"Left Blank","count":250,"tested":3385,"color":"rgb(44,160,44)"},{"description":"Hispanic","count":117,"tested":656,"color":"rgb(214,39,40)"},{"description":"White","count":1034,"tested":7253,"color":"rgb(31,119,180)"},{"description":"Black","count":40,"tested":496,"color":"rgb(255,127,14)"},{"description":"Other","count":76,"tested":437,"color":"rgb(148,103,189)"}],"gender":[{"description":"Female","count":811,"tested":6854,"color":"rgb(255,127,14)"},{"description":"Male","count":692,"tested":4778,"color":"rgb(31,119,180)"},{"description":"Unknown/Left Blank","count":21,"tested":650,"color":"rgb(44,160,44)"}]}
