{"age":[{"age_group":"<20","count":479,"tested":3986},{"age_group":"20-29   ","count":534,"tested":5296},{"age_group":"30-39   ","count":516,"tested":5667},{"age_group":"40-49   ","count":525,"tested":4886},{"age_group":"50-59   ","count":389,"tested":4999},{"age_group":"60-69   ","count":287,"tested":3895},{"age_group":"70-79   ","count":183,"tested":1909},{"age_group":"80+","count":120,"tested":1062}],"race":[{"description":"Other","count":65,"tested":724,"color":"rgb(148,103,189)"},{"description":"Asian","count":6,"tested":38,"color":"rgb(140,86,75)"},{"description":"Black","count":1558,"tested":16437,"color":"rgb(255,127,14)"},{"description":"White","count":48,"tested":749,"color":"rgb(31,119,180)"},{"description":"Left Blank","count":640,"tested":10786,"color":"rgb(44,160,44)"},{"description":"Hispanic","count":711,"tested":2900,"color":"rgb(214,39,40)"}],"gender":[{"description":"Male","count":1358,"tested":13755,"color":"rgb(31,119,180)"},{"description":"Female","count":1657,"tested":17354,"color":"rgb(255,127,14)"},{"description":"Unknown/Left Blank","count":18,"tested":597,"color":"rgb(44,160,44)"}]}
