{"age":[{"age_group":"<20","count":11,"tested":68},{"age_group":"30-39   ","count":10,"tested":95},{"age_group":"40-49   ","count":11,"tested":100},{"age_group":"50-59   ","count":6,"tested":39}],"race":[{"description":"Left Blank","count":8,"tested":151,"color":"rgb(44,160,44)"},{"description":"White","count":40,"tested":271,"color":"rgb(31,119,180)"}],"gender":[{"description":"Male","count":22,"tested":174,"color":"rgb(31,119,180)"},{"description":"Female","count":28,"tested":269,"color":"rgb(255,127,14)"}]}
