{"age":[{"age_group":"<20","count":65,"tested":592},{"age_group":"20-29   ","count":74,"tested":879},{"age_group":"30-39   ","count":64,"tested":749},{"age_group":"40-49   ","count":66,"tested":825},{"age_group":"50-59   ","count":46,"tested":747},{"age_group":"60-69   ","count":39,"tested":725},{"age_group":"70-79   ","count":27,"tested":307},{"age_group":"80+","count":9,"tested":229}],"race":[{"description":"Other","count":9,"tested":58,"color":"rgb(148,103,189)"},{"description":"White","count":267,"tested":3588,"color":"rgb(31,119,180)"},{"description":"Left Blank","count":112,"tested":1313,"color":"rgb(44,160,44)"}],"gender":[{"description":"Female","count":221,"tested":3689,"color":"rgb(255,127,14)"},{"description":"Male","count":171,"tested":1213,"color":"rgb(31,119,180)"}]}
