{"age":[{"age_group":"<20","count":11,"tested":125},{"age_group":"20-29   ","count":9,"tested":106},{"age_group":"30-39   ","count":7,"tested":75},{"age_group":"50-59   ","count":10,"tested":130}],"race":[{"description":"White","count":34,"tested":301,"color":"rgb(31,119,180)"},{"description":"Other","count":6,"tested":48,"color":"rgb(148,103,189)"}],"gender":[{"description":"Male","count":25,"tested":305,"color":"rgb(31,119,180)"},{"description":"Female","count":22,"tested":359,"color":"rgb(255,127,14)"}]}
