{"age":[{"age_group":"<20","count":19,"tested":226},{"age_group":"20-29   ","count":11,"tested":166},{"age_group":"30-39   ","count":25,"tested":199},{"age_group":"40-49   ","count":11,"tested":207},{"age_group":"50-59   ","count":18,"tested":205},{"age_group":"60-69   ","count":22,"tested":224}],"race":[{"description":"White","count":71,"tested":812,"color":"rgb(31,119,180)"},{"description":"Left Blank","count":33,"tested":491,"color":"rgb(44,160,44)"}],"gender":[{"description":"Female","count":57,"tested":808,"color":"rgb(255,127,14)"},{"description":"Male","count":56,"tested":578,"color":"rgb(31,119,180)"}]}
