{"age":[{"age_group":"<20","count":160,"tested":1301},{"age_group":"20-29   ","count":110,"tested":1120},{"age_group":"30-39   ","count":177,"tested":1521},{"age_group":"40-49   ","count":142,"tested":1643},{"age_group":"50-59   ","count":118,"tested":1530},{"age_group":"60-69   ","count":67,"tested":624},{"age_group":"70-79   ","count":20,"tested":350}],"race":[{"description":"Other","count":26,"tested":167,"color":"rgb(148,103,189)"},{"description":"Left Blank","count":210,"tested":3246,"color":"rgb(44,160,44)"},{"description":"White","count":371,"tested":3193,"color":"rgb(31,119,180)"},{"description":"Asian","count":60,"tested":730,"color":"rgb(140,86,75)"},{"description":"Hispanic","count":116,"tested":636,"color":"rgb(214,39,40)"},{"description":"Black","count":19,"tested":173,"color":"rgb(255,127,14)"}],"gender":[{"description":"Female","count":415,"tested":4535,"color":"rgb(255,127,14)"},{"description":"Male","count":382,"tested":3550,"color":"rgb(31,119,180)"}]}
