{"age":[{"age_group":"<20","count":251,"tested":2576},{"age_group":"20-29   ","count":141,"tested":1462},{"age_group":"30-39   ","count":138,"tested":1577},{"age_group":"40-49   ","count":241,"tested":2038},{"age_group":"50-59   ","count":187,"tested":1681},{"age_group":"60-69   ","count":121,"tested":1393},{"age_group":"70-79   ","count":69,"tested":1072},{"age_group":"80+","count":33,"tested":851}],"race":[{"description":"Other","count":16,"tested":189,"color":"rgb(148,103,189)"},{"description":"Black","count":10,"tested":115,"color":"rgb(255,127,14)"},{"description":"White","count":998,"tested":7580,"color":"rgb(31,119,180)"},{"description":"Asian","count":10,"tested":65,"color":"rgb(140,86,75)"},{"description":"Hispanic","count":51,"tested":218,"color":"rgb(214,39,40)"},{"description":"Left Blank","count":95,"tested":4449,"color":"rgb(44,160,44)"}],"gender":[{"description":"Male","count":564,"tested":5100,"color":"rgb(31,119,180)"},{"description":"Female","count":615,"tested":7430,"color":"rgb(255,127,14)"}]}
