{"age":[{"age_group":"<20","count":292,"tested":13838},{"age_group":"20-29   ","count":244,"tested":6687},{"age_group":"30-39   ","count":88,"tested":3016},{"age_group":"40-49   ","count":186,"tested":4395},{"age_group":"50-59   ","count":218,"tested":5097},{"age_group":"60-69   ","count":138,"tested":3644},{"age_group":"70-79   ","count":76,"tested":2429},{"age_group":"80+","count":47,"tested":3312}],"race":[{"description":"Hispanic","count":35,"tested":1376,"color":"rgb(214,39,40)"},{"description":"White","count":822,"tested":23257,"color":"rgb(31,119,180)"},{"description":"Asian","count":38,"tested":1685,"color":"rgb(140,86,75)"},{"description":"Black","count":7,"tested":687,"color":"rgb(255,127,14)"},{"description":"Other","count":95,"tested":1837,"color":"rgb(148,103,189)"},{"description":"Left Blank","count":286,"tested":13488,"color":"rgb(44,160,44)"}],"gender":[{"description":"Male","count":679,"tested":20676,"color":"rgb(31,119,180)"},{"description":"Unknown/Left Blank","count":22,"tested":1288,"color":"rgb(44,160,44)"},{"description":"Female","count":588,"tested":20470,"color":"rgb(255,127,14)"}]}
