{"age":[{"age_group":"<20","count":227,"tested":2007},{"age_group":"20-29   ","count":315,"tested":3749},{"age_group":"30-39   ","count":294,"tested":3386},{"age_group":"40-49   ","count":361,"tested":4449},{"age_group":"50-59   ","count":304,"tested":4456},{"age_group":"60-69   ","count":192,"tested":3519},{"age_group":"70-79   ","count":112,"tested":1997},{"age_group":"80+","count":85,"tested":1108}],"race":[{"description":"Asian","count":11,"tested":140,"color":"rgb(140,86,75)"},{"description":"Black","count":995,"tested":11194,"color":"rgb(255,127,14)"},{"description":"White","count":150,"tested":2117,"color":"rgb(31,119,180)"},{"description":"Hispanic","count":83,"tested":530,"color":"rgb(214,39,40)"},{"description":"Other","count":36,"tested":501,"color":"rgb(148,103,189)"},{"description":"Left Blank","count":611,"tested":10109,"color":"rgb(44,160,44)"}],"gender":[{"description":"Female","count":1052,"tested":14471,"color":"rgb(255,127,14)"},{"description":"Male","count":804,"tested":9270,"color":"rgb(31,119,180)"},{"description":"Unknown/Left Blank","count":34,"tested":930,"color":"rgb(44,160,44)"}]}
