{"age":[{"age_group":"<20","count":335,"tested":3049},{"age_group":"20-29   ","count":394,"tested":3672},{"age_group":"30-39   ","count":329,"tested":2955},{"age_group":"40-49   ","count":271,"tested":2588},{"age_group":"50-59   ","count":219,"tested":2169},{"age_group":"60-69   ","count":139,"tested":1762},{"age_group":"70-79   ","count":61,"tested":1072},{"age_group":"80+","count":44,"tested":667}],"race":[{"description":"Hispanic","count":625,"tested":1973,"color":"rgb(214,39,40)"},{"description":"White","count":494,"tested":4385,"color":"rgb(31,119,180)"},{"description":"Left Blank","count":235,"tested":8649,"color":"rgb(44,160,44)"},{"description":"Other","count":30,"tested":362,"color":"rgb(148,103,189)"},{"description":"Asian","count":74,"tested":204,"color":"rgb(140,86,75)"},{"description":"Black","count":328,"tested":2342,"color":"rgb(255,127,14)"}],"gender":[{"description":"Unknown/Left Blank","count":17,"tested":604,"color":"rgb(44,160,44)"},{"description":"Female","count":930,"tested":10353,"color":"rgb(255,127,14)"},{"description":"Male","count":845,"tested":6980,"color":"rgb(31,119,180)"}]}
