{"age":[{"age_group":"<20","count":165,"tested":2065},{"age_group":"20-29   ","count":172,"tested":2184},{"age_group":"30-39   ","count":148,"tested":2258},{"age_group":"40-49   ","count":162,"tested":2397},{"age_group":"50-59   ","count":184,"tested":2501},{"age_group":"60-69   ","count":119,"tested":1888},{"age_group":"70-79   ","count":47,"tested":887},{"age_group":"80+","count":17,"tested":285}],"race":[{"description":"Hispanic","count":53,"tested":462,"color":"rgb(214,39,40)"},{"description":"Left Blank","count":355,"tested":7037,"color":"rgb(44,160,44)"},{"description":"Asian","count":128,"tested":1881,"color":"rgb(140,86,75)"},{"description":"White","count":410,"tested":4452,"color":"rgb(31,119,180)"},{"description":"Black","count":25,"tested":273,"color":"rgb(255,127,14)"},{"description":"Other","count":36,"tested":326,"color":"rgb(148,103,189)"}],"gender":[{"description":"Female","count":499,"tested":7795,"color":"rgb(255,127,14)"},{"description":"Male","count":512,"tested":6515,"color":"rgb(31,119,180)"}]}
