{"age":[{"age_group":"<20","count":701,"tested":8159},{"age_group":"20-29   ","count":821,"tested":8955},{"age_group":"30-39   ","count":770,"tested":8736},{"age_group":"40-49   ","count":803,"tested":8119},{"age_group":"50-59   ","count":740,"tested":8810},{"age_group":"60-69   ","count":512,"tested":6928},{"age_group":"70-79   ","count":226,"tested":3780},{"age_group":"80+","count":141,"tested":2556}],"race":[{"description":"AI/AN**","count":8,"tested":113,"color":"rgb(31,119,180)"},{"description":"NH/PI*","count":10,"tested":95,"color":"rgb(127,127,127)"},{"description":"Black","count":100,"tested":1091,"color":"rgb(255,127,14)"},{"description":"Asian","count":378,"tested":4625,"color":"rgb(140,86,75)"},{"description":"Hispanic","count":838,"tested":4160,"color":"rgb(214,39,40)"},{"description":"White","count":2100,"tested":24010,"color":"rgb(31,119,180)"},{"description":"Left Blank","count":1000,"tested":19796,"color":"rgb(44,160,44)"},{"description":"Other","count":282,"tested":2164,"color":"rgb(148,103,189)"}],"gender":[{"description":"Female","count":2351,"tested":31092,"color":"rgb(255,127,14)"},{"description":"Unknown/Left Blank","count":30,"tested":644,"color":"rgb(44,160,44)"},{"description":"Male","count":2335,"tested":24318,"color":"rgb(31,119,180)"}]}
