{"age":[{"age_group":"<20","count":367,"tested":4599},{"age_group":"20-29   ","count":480,"tested":5801},{"age_group":"30-39   ","count":506,"tested":6668},{"age_group":"40-49   ","count":511,"tested":7134},{"age_group":"50-59   ","count":511,"tested":7054},{"age_group":"60-69   ","count":295,"tested":5351},{"age_group":"70-79   ","count":144,"tested":3302},{"age_group":"80+","count":246,"tested":6715}],"race":[{"description":"Black","count":30,"tested":454,"color":"rgb(255,127,14)"},{"description":"Asian","count":62,"tested":1159,"color":"rgb(140,86,75)"},{"description":"White","count":1714,"tested":18718,"color":"rgb(31,119,180)"},{"description":"Hispanic","count":353,"tested":2868,"color":"rgb(214,39,40)"},{"description":"Left Blank","count":734,"tested":21799,"color":"rgb(44,160,44)"},{"description":"Other","count":163,"tested":1556,"color":"rgb(148,103,189)"}],"gender":[{"description":"Female","count":1514,"tested":26111,"color":"rgb(255,127,14)"},{"description":"Male","count":1498,"tested":18711,"color":"rgb(31,119,180)"},{"description":"Unknown/Left Blank","count":49,"tested":1808,"color":"rgb(44,160,44)"}]}
