{"age":[{"age_group":"<20","count":551,"tested":4525},{"age_group":"20-29   ","count":473,"tested":4248},{"age_group":"30-39   ","count":338,"tested":3389},{"age_group":"40-49   ","count":520,"tested":4017},{"age_group":"50-59   ","count":666,"tested":5263},{"age_group":"60-69   ","count":369,"tested":3697},{"age_group":"70-79   ","count":161,"tested":2046},{"age_group":"80+","count":60,"tested":826}],"race":[{"description":"Black","count":135,"tested":1381,"color":"rgb(255,127,14)"},{"description":"Asian","count":39,"tested":312,"color":"rgb(140,86,75)"},{"description":"Other","count":97,"tested":887,"color":"rgb(148,103,189)"},{"description":"Left Blank","count":1168,"tested":12587,"color":"rgb(44,160,44)"},{"description":"White","count":1580,"tested":12227,"color":"rgb(31,119,180)"},{"description":"Hispanic","count":116,"tested":595,"color":"rgb(214,39,40)"}],"gender":[{"description":"Female","count":1597,"tested":14832,"color":"rgb(255,127,14)"},{"description":"Male","count":1523,"tested":12833,"color":"rgb(31,119,180)"},{"description":"Unknown/Left Blank","count":18,"tested":349,"color":"rgb(44,160,44)"}]}
