{"age":[{"age_group":"<20","count":13,"tested":94},{"age_group":"20-29   ","count":16,"tested":126},{"age_group":"30-39   ","count":11,"tested":127},{"age_group":"40-49   ","count":13,"tested":108},{"age_group":"50-59   ","count":16,"tested":110},{"age_group":"60-69   ","count":15,"tested":76}],"race":[{"description":"Left Blank","count":40,"tested":329,"color":"rgb(44,160,44)"},{"description":"White","count":48,"tested":367,"color":"rgb(31,119,180)"}],"gender":[{"description":"Female","count":47,"tested":410,"color":"rgb(255,127,14)"},{"description":"Male","count":46,"tested":304,"color":"rgb(31,119,180)"}]}
