{"age":[{"age_group":"<20","count":29,"tested":203},{"age_group":"20-29   ","count":32,"tested":202},{"age_group":"30-39   ","count":28,"tested":211},{"age_group":"40-49   ","count":20,"tested":215},{"age_group":"50-59   ","count":29,"tested":240},{"age_group":"60-69   ","count":20,"tested":374},{"age_group":"70-79   ","count":7,"tested":134}],"race":[{"description":"White","count":129,"tested":1305,"color":"rgb(31,119,180)"},{"description":"Left Blank","count":30,"tested":278,"color":"rgb(44,160,44)"},{"description":"Other","count":7,"tested":42,"color":"rgb(148,103,189)"}],"gender":[{"description":"Female","count":96,"tested":1083,"color":"rgb(255,127,14)"},{"description":"Male","count":71,"tested":567,"color":"rgb(31,119,180)"}]}
