{"age":[{"age_group":"<20","count":56,"tested":1061},{"age_group":"20-29   ","count":35,"tested":659},{"age_group":"30-39   ","count":30,"tested":639},{"age_group":"40-49   ","count":44,"tested":914},{"age_group":"50-59   ","count":39,"tested":637},{"age_group":"60-69   ","count":24,"tested":695},{"age_group":"70-79   ","count":10,"tested":372},{"age_group":"80+","count":8,"tested":153}],"race":[{"description":"Hispanic","count":18,"tested":154,"color":"rgb(214,39,40)"},{"description":"Left Blank","count":87,"tested":2184,"color":"rgb(44,160,44)"},{"description":"Black","count":24,"tested":282,"color":"rgb(255,127,14)"},{"description":"Asian","count":9,"tested":151,"color":"rgb(140,86,75)"},{"description":"White","count":91,"tested":2057,"color":"rgb(31,119,180)"},{"description":"Other","count":17,"tested":304,"color":"rgb(148,103,189)"}],"gender":[{"description":"Female","count":125,"tested":2825,"color":"rgb(255,127,14)"},{"description":"Male","count":120,"tested":2228,"color":"rgb(31,119,180)"}]}
