{"age":[{"age_group":"<20","count":68,"tested":757},{"age_group":"20-29   ","count":84,"tested":977},{"age_group":"30-39   ","count":68,"tested":1012},{"age_group":"40-49   ","count":68,"tested":927},{"age_group":"50-59   ","count":87,"tested":1144},{"age_group":"60-69   ","count":76,"tested":1008},{"age_group":"70-79   ","count":69,"tested":729},{"age_group":"80+","count":54,"tested":798}],"race":[{"description":"Left Blank","count":41,"tested":1006,"color":"rgb(44,160,44)"},{"description":"Other","count":8,"tested":106,"color":"rgb(148,103,189)"},{"description":"White","count":490,"tested":5945,"color":"rgb(31,119,180)"},{"description":"Hispanic","count":26,"tested":151,"color":"rgb(214,39,40)"},{"description":"Black","count":8,"tested":128,"color":"rgb(255,127,14)"}],"gender":[{"description":"Female","count":323,"tested":4559,"color":"rgb(255,127,14)"},{"description":"Unknown/Left Blank","count":14,"tested":93,"color":"rgb(44,160,44)"},{"description":"Male","count":237,"tested":2705,"color":"rgb(31,119,180)"}]}
