{"age":[{"age_group":"<20","count":182,"tested":1306},{"age_group":"20-29   ","count":244,"tested":2434},{"age_group":"30-39   ","count":225,"tested":2116},{"age_group":"40-49   ","count":246,"tested":2272},{"age_group":"50-59   ","count":210,"tested":2419},{"age_group":"60-69   ","count":163,"tested":2513},{"age_group":"70-79   ","count":68,"tested":1419},{"age_group":"80+","count":41,"tested":1065}],"race":[{"description":"Black","count":254,"tested":2371,"color":"rgb(255,127,14)"},{"description":"Asian","count":25,"tested":131,"color":"rgb(140,86,75)"},{"description":"White","count":120,"tested":1008,"color":"rgb(31,119,180)"},{"description":"Hispanic","count":275,"tested":1180,"color":"rgb(214,39,40)"},{"description":"Other","count":34,"tested":395,"color":"rgb(148,103,189)"},{"description":"Left Blank","count":671,"tested":10486,"color":"rgb(44,160,44)"}],"gender":[{"description":"Male","count":658,"tested":6680,"color":"rgb(31,119,180)"},{"description":"Unknown/Left Blank","count":10,"tested":529,"color":"rgb(44,160,44)"},{"description":"Female","count":711,"tested":8366,"color":"rgb(255,127,14)"}]}
