{"age":[{"age_group":"<20","count":49,"tested":570},{"age_group":"20-29   ","count":87,"tested":689},{"age_group":"30-39   ","count":78,"tested":790},{"age_group":"40-49   ","count":90,"tested":732},{"age_group":"50-59   ","count":83,"tested":800},{"age_group":"60-69   ","count":47,"tested":779},{"age_group":"70-79   ","count":29,"tested":538},{"age_group":"80+","count":9,"tested":170}],"race":[{"description":"Hispanic","count":29,"tested":333,"color":"rgb(214,39,40)"},{"description":"White","count":194,"tested":2005,"color":"rgb(31,119,180)"},{"description":"Other","count":17,"tested":253,"color":"rgb(148,103,189)"},{"description":"Left Blank","count":224,"tested":2375,"color":"rgb(44,160,44)"}],"gender":[{"description":"Female","count":242,"tested":2603,"color":"rgb(255,127,14)"},{"description":"Male","count":227,"tested":2325,"color":"rgb(31,119,180)"}]}
