{"age":[{"age_group":"<20","count":32,"tested":289},{"age_group":"20-29   ","count":46,"tested":313},{"age_group":"30-39   ","count":27,"tested":303},{"age_group":"40-49   ","count":42,"tested":296},{"age_group":"50-59   ","count":30,"tested":211},{"age_group":"60-69   ","count":19,"tested":128},{"age_group":"70-79   ","count":6,"tested":97}],"race":[{"description":"White","count":99,"tested":723,"color":"rgb(31,119,180)"},{"description":"Left Blank","count":20,"tested":624,"color":"rgb(44,160,44)"},{"description":"Hispanic","count":86,"tested":302,"color":"rgb(214,39,40)"}],"gender":[{"description":"Male","count":98,"tested":649,"color":"rgb(31,119,180)"},{"description":"Female","count":108,"tested":1027,"color":"rgb(255,127,14)"}]}
