{"age":[{"age_group":"<20","count":228,"tested":2322},{"age_group":"20-29   ","count":135,"tested":1350},{"age_group":"30-39   ","count":126,"tested":1451},{"age_group":"40-49   ","count":221,"tested":1847},{"age_group":"50-59   ","count":174,"tested":1543},{"age_group":"60-69   ","count":114,"tested":1294},{"age_group":"70-79   ","count":67,"tested":1007},{"age_group":"80+","count":34,"tested":811}],"race":[{"description":"Other","count":18,"tested":162,"color":"rgb(148,103,189)"},{"description":"Black","count":9,"tested":107,"color":"rgb(255,127,14)"},{"description":"White","count":900,"tested":6856,"color":"rgb(31,119,180)"},{"description":"Asian","count":10,"tested":60,"color":"rgb(140,86,75)"},{"description":"Hispanic","count":45,"tested":201,"color":"rgb(214,39,40)"},{"description":"Left Blank","count":117,"tested":4220,"color":"rgb(44,160,44)"}],"gender":[{"description":"Male","count":520,"tested":4666,"color":"rgb(31,119,180)"},{"description":"Female","count":577,"tested":6853,"color":"rgb(255,127,14)"}]}
