{"age":[{"age_group":"<20","count":40,"tested":334},{"age_group":"20-29   ","count":39,"tested":480},{"age_group":"30-39   ","count":23,"tested":394},{"age_group":"40-49   ","count":35,"tested":298},{"age_group":"50-59   ","count":50,"tested":480},{"age_group":"60-69   ","count":24,"tested":351},{"age_group":"70-79   ","count":17,"tested":247}],"race":[{"description":"Left Blank","count":44,"tested":690,"color":"rgb(44,160,44)"},{"description":"White","count":165,"tested":1808,"color":"rgb(31,119,180)"},{"description":"Hispanic","count":10,"tested":48,"color":"rgb(214,39,40)"},{"description":"Black","count":9,"tested":82,"color":"rgb(255,127,14)"}],"gender":[{"description":"Male","count":103,"tested":892,"color":"rgb(31,119,180)"},{"description":"Female","count":128,"tested":1775,"color":"rgb(255,127,14)"}]}
