{"age":[{"age_group":"<20","count":34,"tested":221},{"age_group":"20-29   ","count":28,"tested":283},{"age_group":"30-39   ","count":29,"tested":280},{"age_group":"40-49   ","count":18,"tested":121},{"age_group":"50-59   ","count":22,"tested":199},{"age_group":"60-69   ","count":26,"tested":241},{"age_group":"70-79   ","count":14,"tested":228},{"age_group":"80+","count":9,"tested":181}],"race":[{"description":"White","count":150,"tested":1343,"color":"rgb(31,119,180)"},{"description":"Hispanic","count":6,"tested":34,"color":"rgb(214,39,40)"},{"description":"Other","count":6,"tested":39,"color":"rgb(148,103,189)"},{"description":"Left Blank","count":16,"tested":326,"color":"rgb(44,160,44)"}],"gender":[{"description":"Female","count":90,"tested":1051,"color":"rgb(255,127,14)"},{"description":"Male","count":87,"tested":691,"color":"rgb(31,119,180)"}]}
