{"age":[{"age_group":"<20","count":191,"tested":2226},{"age_group":"20-29   ","count":154,"tested":3275},{"age_group":"30-39   ","count":116,"tested":2695},{"age_group":"40-49   ","count":155,"tested":2940},{"age_group":"50-59   ","count":149,"tested":3401},{"age_group":"60-69   ","count":101,"tested":3231},{"age_group":"70-79   ","count":39,"tested":2245},{"age_group":"80+","count":76,"tested":4041}],"race":[{"description":"White","count":474,"tested":7661,"color":"rgb(31,119,180)"},{"description":"Hispanic","count":83,"tested":945,"color":"rgb(214,39,40)"},{"description":"Black","count":28,"tested":878,"color":"rgb(255,127,14)"},{"description":"Left Blank","count":347,"tested":13859,"color":"rgb(44,160,44)"},{"description":"Other","count":44,"tested":482,"color":"rgb(148,103,189)"}],"gender":[{"description":"Unknown/Left Blank","count":11,"tested":518,"color":"rgb(44,160,44)"},{"description":"Male","count":467,"tested":8960,"color":"rgb(31,119,180)"},{"description":"Female","count":503,"tested":14582,"color":"rgb(255,127,14)"}]}
