{"age":[{"age_group":"<20","count":365,"tested":2836},{"age_group":"20-29   ","count":403,"tested":3324},{"age_group":"30-39   ","count":283,"tested":2829},{"age_group":"40-49   ","count":329,"tested":2387},{"age_group":"50-59   ","count":424,"tested":3663},{"age_group":"60-69   ","count":249,"tested":2644},{"age_group":"70-79   ","count":107,"tested":1456},{"age_group":"80+","count":58,"tested":912}],"race":[{"description":"Hispanic","count":83,"tested":467,"color":"rgb(214,39,40)"},{"description":"Left Blank","count":929,"tested":9697,"color":"rgb(44,160,44)"},{"description":"White","count":1107,"tested":9010,"color":"rgb(31,119,180)"},{"description":"Black","count":25,"tested":193,"color":"rgb(255,127,14)"},{"description":"Asian","count":13,"tested":168,"color":"rgb(140,86,75)"},{"description":"Other","count":58,"tested":490,"color":"rgb(148,103,189)"}],"gender":[{"description":"Unknown/Left Blank","count":37,"tested":345,"color":"rgb(44,160,44)"},{"description":"Male","count":1087,"tested":9039,"color":"rgb(31,119,180)"},{"description":"Female","count":1094,"tested":10669,"color":"rgb(255,127,14)"}]}
