{"age":[{"age_group":"<20","count":591,"tested":3558},{"age_group":"20-29   ","count":696,"tested":5947},{"age_group":"30-39   ","count":644,"tested":5156},{"age_group":"40-49   ","count":615,"tested":4930},{"age_group":"50-59   ","count":511,"tested":4531},{"age_group":"60-69   ","count":375,"tested":3357},{"age_group":"70-79   ","count":154,"tested":1780},{"age_group":"80+","count":36,"tested":812}],"race":[{"description":"AI/AN**","count":6,"tested":15,"color":"rgb(31,119,180)"},{"description":"Other","count":145,"tested":1334,"color":"rgb(148,103,189)"},{"description":"Left Blank","count":844,"tested":15299,"color":"rgb(44,160,44)"},{"description":"Black","count":120,"tested":1125,"color":"rgb(255,127,14)"},{"description":"White","count":706,"tested":5163,"color":"rgb(31,119,180)"},{"description":"Hispanic","count":1297,"tested":3916,"color":"rgb(214,39,40)"},{"description":"Asian","count":502,"tested":3146,"color":"rgb(140,86,75)"}],"gender":[{"description":"Male","count":1750,"tested":13008,"color":"rgb(31,119,180)"},{"description":"Unknown/Left Blank","count":14,"tested":301,"color":"rgb(44,160,44)"},{"description":"Female","count":1858,"tested":16778,"color":"rgb(255,127,14)"}]}
