{"age":[{"age_group":"<20","count":183,"tested":4949},{"age_group":"20-29   ","count":616,"tested":18140},{"age_group":"30-39   ","count":653,"tested":14148},{"age_group":"40-49   ","count":305,"tested":5821},{"age_group":"50-59   ","count":287,"tested":3563},{"age_group":"60-69   ","count":181,"tested":2435},{"age_group":"70-79   ","count":53,"tested":827},{"age_group":"80+","count":20,"tested":311}],"race":[{"description":"Other","count":130,"tested":3210,"color":"rgb(148,103,189)"},{"description":"Left Blank","count":609,"tested":17023,"color":"rgb(44,160,44)"},{"description":"Asian","count":135,"tested":6073,"color":"rgb(140,86,75)"},{"description":"Black","count":426,"tested":5433,"color":"rgb(255,127,14)"},{"description":"Hispanic","count":214,"tested":2835,"color":"rgb(214,39,40)"},{"description":"White","count":782,"tested":15507,"color":"rgb(31,119,180)"}],"gender":[{"description":"Female","count":1005,"tested":24772,"color":"rgb(255,127,14)"},{"description":"Male","count":1169,"tested":22630,"color":"rgb(31,119,180)"},{"description":"Unknown/Left Blank","count":125,"tested":2804,"color":"rgb(44,160,44)"}]}
