{"age":[{"age_group":"<20","count":10,"tested":164},{"age_group":"20-29   ","count":15,"tested":233},{"age_group":"40-49   ","count":14,"tested":153},{"age_group":"50-59   ","count":15,"tested":339},{"age_group":"60-69   ","count":18,"tested":217},{"age_group":"70-79   ","count":12,"tested":141}],"race":[{"description":"Left Blank","count":29,"tested":982,"color":"rgb(44,160,44)"},{"description":"White","count":69,"tested":599,"color":"rgb(31,119,180)"}],"gender":[{"description":"Female","count":55,"tested":921,"color":"rgb(255,127,14)"},{"description":"Male","count":46,"tested":655,"color":"rgb(31,119,180)"}]}
