{"age":[{"age_group":"<20","count":29,"tested":217},{"age_group":"20-29   ","count":30,"tested":359},{"age_group":"30-39   ","count":48,"tested":361},{"age_group":"40-49   ","count":41,"tested":316},{"age_group":"50-59   ","count":32,"tested":342},{"age_group":"60-69   ","count":32,"tested":407},{"age_group":"70-79   ","count":9,"tested":135},{"age_group":"80+","count":8,"tested":145}],"race":[{"description":"Hispanic","count":37,"tested":176,"color":"rgb(214,39,40)"},{"description":"Black","count":37,"tested":345,"color":"rgb(255,127,14)"},{"description":"White","count":70,"tested":660,"color":"rgb(31,119,180)"},{"description":"Left Blank","count":80,"tested":1061,"color":"rgb(44,160,44)"}],"gender":[{"description":"Female","count":109,"tested":1238,"color":"rgb(255,127,14)"},{"description":"Male","count":118,"tested":1013,"color":"rgb(31,119,180)"}]}
