{"age":[{"age_group":"<20","count":177,"tested":1051},{"age_group":"20-29   ","count":229,"tested":1729},{"age_group":"30-39   ","count":257,"tested":1760},{"age_group":"40-49   ","count":224,"tested":1375},{"age_group":"50-59   ","count":161,"tested":1293},{"age_group":"60-69   ","count":140,"tested":1222},{"age_group":"70-79   ","count":51,"tested":533},{"age_group":"80+","count":25,"tested":375}],"race":[{"description":"Left Blank","count":256,"tested":3101,"color":"rgb(44,160,44)"},{"description":"White","count":462,"tested":3273,"color":"rgb(31,119,180)"},{"description":"Asian","count":46,"tested":350,"color":"rgb(140,86,75)"},{"description":"Hispanic","count":425,"tested":2081,"color":"rgb(214,39,40)"},{"description":"Other","count":54,"tested":416,"color":"rgb(148,103,189)"},{"description":"Black","count":14,"tested":95,"color":"rgb(255,127,14)"}],"gender":[{"description":"Female","count":631,"tested":5001,"color":"rgb(255,127,14)"},{"description":"Male","count":626,"tested":4243,"color":"rgb(31,119,180)"}]}
