{"age":[{"age_group":"<20","count":113,"tested":891},{"age_group":"20-29   ","count":91,"tested":1571},{"age_group":"30-39   ","count":101,"tested":1642},{"age_group":"40-49   ","count":105,"tested":1862},{"age_group":"50-59   ","count":92,"tested":1744},{"age_group":"60-69   ","count":53,"tested":1425},{"age_group":"70-79   ","count":33,"tested":1131},{"age_group":"80+","count":45,"tested":1263}],"race":[{"description":"White","count":129,"tested":1461,"color":"rgb(31,119,180)"},{"description":"Black","count":10,"tested":165,"color":"rgb(255,127,14)"},{"description":"Other","count":41,"tested":328,"color":"rgb(148,103,189)"},{"description":"Hispanic","count":342,"tested":2266,"color":"rgb(214,39,40)"},{"description":"Left Blank","count":107,"tested":7116,"color":"rgb(44,160,44)"}],"gender":[{"description":"Female","count":327,"tested":6789,"color":"rgb(255,127,14)"},{"description":"Male","count":300,"tested":4586,"color":"rgb(31,119,180)"}]}
