{"age":[{"age_group":"<20","count":41,"tested":299},{"age_group":"20-29   ","count":30,"tested":382},{"age_group":"30-39   ","count":31,"tested":343},{"age_group":"40-49   ","count":41,"tested":391},{"age_group":"50-59   ","count":48,"tested":494},{"age_group":"60-69   ","count":34,"tested":412},{"age_group":"70-79   ","count":18,"tested":249}],"race":[{"description":"White","count":156,"tested":1093,"color":"rgb(31,119,180)"},{"description":"Left Blank","count":86,"tested":1640,"color":"rgb(44,160,44)"}],"gender":[{"description":"Male","count":109,"tested":1014,"color":"rgb(31,119,180)"},{"description":"Female","count":138,"tested":1724,"color":"rgb(255,127,14)"}]}
