{"age":[{"age_group":"<20","count":509,"tested":4334},{"age_group":"20-29   ","count":650,"tested":6694},{"age_group":"30-39   ","count":466,"tested":5704},{"age_group":"40-49   ","count":470,"tested":6048},{"age_group":"50-59   ","count":497,"tested":6838},{"age_group":"60-69   ","count":322,"tested":5224},{"age_group":"70-79   ","count":190,"tested":3176},{"age_group":"80+","count":110,"tested":2459}],"race":[{"description":"Left Blank","count":858,"tested":13104,"color":"rgb(44,160,44)"},{"description":"Other","count":119,"tested":1314,"color":"rgb(148,103,189)"},{"description":"Hispanic","count":145,"tested":882,"color":"rgb(214,39,40)"},{"description":"Asian","count":19,"tested":454,"color":"rgb(140,86,75)"},{"description":"White","count":1818,"tested":21306,"color":"rgb(31,119,180)"},{"description":"Black","count":256,"tested":3350,"color":"rgb(255,127,14)"}],"gender":[{"description":"Male","count":1500,"tested":15537,"color":"rgb(31,119,180)"},{"description":"Female","count":1709,"tested":24680,"color":"rgb(255,127,14)"}]}
