{"age":[{"age_group":"<20","count":146,"tested":1686},{"age_group":"20-29   ","count":156,"tested":1888},{"age_group":"30-39   ","count":134,"tested":1953},{"age_group":"40-49   ","count":153,"tested":2073},{"age_group":"50-59   ","count":169,"tested":2192},{"age_group":"60-69   ","count":110,"tested":1667},{"age_group":"70-79   ","count":45,"tested":804},{"age_group":"80+","count":16,"tested":260}],"race":[{"description":"Hispanic","count":43,"tested":392,"color":"rgb(214,39,40)"},{"description":"Left Blank","count":346,"tested":6299,"color":"rgb(44,160,44)"},{"description":"Asian","count":112,"tested":1537,"color":"rgb(140,86,75)"},{"description":"White","count":366,"tested":3745,"color":"rgb(31,119,180)"},{"description":"Black","count":22,"tested":223,"color":"rgb(255,127,14)"},{"description":"Other","count":35,"tested":291,"color":"rgb(148,103,189)"}],"gender":[{"description":"Female","count":466,"tested":6846,"color":"rgb(255,127,14)"},{"description":"Male","count":461,"tested":5534,"color":"rgb(31,119,180)"}]}
