{"age":[{"age_group":"<20","count":291,"tested":2279},{"age_group":"20-29   ","count":434,"tested":6319},{"age_group":"30-39   ","count":458,"tested":7095},{"age_group":"40-49   ","count":421,"tested":7911},{"age_group":"50-59   ","count":482,"tested":9180},{"age_group":"60-69   ","count":489,"tested":9783},{"age_group":"70-79   ","count":309,"tested":5651},{"age_group":"80+","count":459,"tested":8497}],"race":[{"description":"NH/PI*","count":14,"tested":144,"color":"rgb(127,127,127)"},{"description":"AI/AN**","count":10,"tested":56,"color":"rgb(31,119,180)"},{"description":"Left Blank","count":1085,"tested":36034,"color":"rgb(44,160,44)"},{"description":"Other","count":347,"tested":2112,"color":"rgb(148,103,189)"},{"description":"Black","count":51,"tested":768,"color":"rgb(255,127,14)"},{"description":"White","count":1113,"tested":10717,"color":"rgb(31,119,180)"},{"description":"Asian","count":385,"tested":4864,"color":"rgb(140,86,75)"},{"description":"Hispanic","count":340,"tested":2050,"color":"rgb(214,39,40)"}],"gender":[{"description":"Female","count":1808,"tested":34364,"color":"rgb(255,127,14)"},{"description":"Male","count":1507,"tested":21399,"color":"rgb(31,119,180)"},{"description":"Unknown/Left Blank","count":30,"tested":982,"color":"rgb(44,160,44)"}]}
