{"age":[{"age_group":"<20","count":1022,"tested":11473},{"age_group":"20-29   ","count":1536,"tested":23259},{"age_group":"30-39   ","count":1683,"tested":29100},{"age_group":"40-49   ","count":1281,"tested":16598},{"age_group":"50-59   ","count":913,"tested":11007},{"age_group":"60-69   ","count":558,"tested":7003},{"age_group":"70-79   ","count":264,"tested":3385},{"age_group":"80+","count":171,"tested":2512}],"race":[{"description":"AI/AN**","count":19,"tested":99,"color":"rgb(31,119,180)"},{"description":"NH/PI*","count":14,"tested":162,"color":"rgb(127,127,127)"},{"description":"Black","count":157,"tested":2469,"color":"rgb(255,127,14)"},{"description":"Asian","count":188,"tested":3346,"color":"rgb(140,86,75)"},{"description":"Hispanic","count":3208,"tested":18392,"color":"rgb(214,39,40)"},{"description":"White","count":1770,"tested":34156,"color":"rgb(31,119,180)"},{"description":"Other","count":382,"tested":5201,"color":"rgb(148,103,189)"},{"description":"Left Blank","count":1690,"tested":40542,"color":"rgb(44,160,44)"}],"gender":[{"description":"Female","count":3561,"tested":55489,"color":"rgb(255,127,14)"},{"description":"Male","count":3687,"tested":46274,"color":"rgb(31,119,180)"},{"description":"Unknown/Left Blank","count":180,"tested":2604,"color":"rgb(44,160,44)"}]}
