{"age":[{"age_group":"<20","count":70,"tested":475},{"age_group":"20-29   ","count":86,"tested":726},{"age_group":"30-39   ","count":93,"tested":738},{"age_group":"40-49   ","count":67,"tested":551},{"age_group":"50-59   ","count":107,"tested":874},{"age_group":"60-69   ","count":53,"tested":680},{"age_group":"70-79   ","count":34,"tested":306},{"age_group":"80+","count":13,"tested":133}],"race":[{"description":"Hispanic","count":67,"tested":477,"color":"rgb(214,39,40)"},{"description":"Left Blank","count":144,"tested":1492,"color":"rgb(44,160,44)"},{"description":"White","count":252,"tested":2033,"color":"rgb(31,119,180)"},{"description":"Other","count":22,"tested":197,"color":"rgb(148,103,189)"},{"description":"Black","count":27,"tested":176,"color":"rgb(255,127,14)"},{"description":"Asian","count":10,"tested":100,"color":"rgb(140,86,75)"}],"gender":[{"description":"Male","count":240,"tested":1828,"color":"rgb(31,119,180)"},{"description":"Female","count":268,"tested":2604,"color":"rgb(255,127,14)"}]}
