{"age":[{"age_group":"<20","count":33,"tested":333},{"age_group":"20-29   ","count":39,"tested":260},{"age_group":"30-39   ","count":24,"tested":282},{"age_group":"40-49   ","count":41,"tested":411},{"age_group":"50-59   ","count":33,"tested":353},{"age_group":"60-69   ","count":24,"tested":306},{"age_group":"70-79   ","count":11,"tested":219}],"race":[{"description":"White","count":179,"tested":1827,"color":"rgb(31,119,180)"},{"description":"Left Blank","count":19,"tested":379,"color":"rgb(44,160,44)"}],"gender":[{"description":"Female","count":102,"tested":1390,"color":"rgb(255,127,14)"},{"description":"Male","count":105,"tested":881,"color":"rgb(31,119,180)"}]}
