{"age":[{"age_group":"<20","count":11,"tested":246},{"age_group":"20-29   ","count":28,"tested":563},{"age_group":"30-39   ","count":17,"tested":323},{"age_group":"40-49   ","count":13,"tested":289},{"age_group":"50-59   ","count":12,"tested":276},{"age_group":"60-69   ","count":11,"tested":247}],"race":[{"description":"Hispanic","count":13,"tested":151,"color":"rgb(214,39,40)"},{"description":"Left Blank","count":24,"tested":912,"color":"rgb(44,160,44)"},{"description":"Other","count":7,"tested":138,"color":"rgb(148,103,189)"},{"description":"Black","count":13,"tested":216,"color":"rgb(255,127,14)"},{"description":"White","count":34,"tested":669,"color":"rgb(31,119,180)"}],"gender":[{"description":"Female","count":45,"tested":1081,"color":"rgb(255,127,14)"},{"description":"Male","count":51,"tested":1109,"color":"rgb(31,119,180)"}]}
