{"age":[{"age_group":"<20","count":65,"tested":1368},{"age_group":"20-29   ","count":82,"tested":2851},{"age_group":"30-39   ","count":49,"tested":1790},{"age_group":"40-49   ","count":72,"tested":2454},{"age_group":"50-59   ","count":95,"tested":2820},{"age_group":"60-69   ","count":56,"tested":2241},{"age_group":"70-79   ","count":58,"tested":1755},{"age_group":"80+","count":99,"tested":3325}],"race":[{"description":"White","count":330,"tested":5355,"color":"rgb(31,119,180)"},{"description":"Asian","count":26,"tested":1138,"color":"rgb(140,86,75)"},{"description":"Hispanic","count":21,"tested":1005,"color":"rgb(214,39,40)"},{"description":"Other","count":34,"tested":474,"color":"rgb(148,103,189)"},{"description":"Left Blank","count":159,"tested":10118,"color":"rgb(44,160,44)"}],"gender":[{"description":"Female","count":311,"tested":11477,"color":"rgb(255,127,14)"},{"description":"Male","count":258,"tested":6691,"color":"rgb(31,119,180)"}]}
