{"age":[{"age_group":"<20","count":26,"tested":333},{"age_group":"20-29   ","count":16,"tested":136},{"age_group":"30-39   ","count":22,"tested":219},{"age_group":"40-49   ","count":23,"tested":219},{"age_group":"50-59   ","count":32,"tested":282},{"age_group":"60-69   ","count":23,"tested":167},{"age_group":"70-79   ","count":9,"tested":105}],"race":[{"description":"White","count":77,"tested":750,"color":"rgb(31,119,180)"},{"description":"Left Blank","count":76,"tested":739,"color":"rgb(44,160,44)"}],"gender":[{"description":"Female","count":71,"tested":813,"color":"rgb(255,127,14)"},{"description":"Male","count":84,"tested":691,"color":"rgb(31,119,180)"}]}
