{"age":[{"age_group":"<20","count":433,"tested":4310},{"age_group":"20-29   ","count":498,"tested":5678},{"age_group":"30-39   ","count":474,"tested":5620},{"age_group":"40-49   ","count":471,"tested":4430},{"age_group":"50-59   ","count":480,"tested":5398},{"age_group":"60-69   ","count":356,"tested":4435},{"age_group":"70-79   ","count":161,"tested":3593},{"age_group":"80+","count":156,"tested":4129}],"race":[{"description":"Black","count":24,"tested":279,"color":"rgb(255,127,14)"},{"description":"Asian","count":30,"tested":410,"color":"rgb(140,86,75)"},{"description":"White","count":1621,"tested":18567,"color":"rgb(31,119,180)"},{"description":"Other","count":51,"tested":1219,"color":"rgb(148,103,189)"},{"description":"Left Blank","count":809,"tested":14579,"color":"rgb(44,160,44)"},{"description":"Hispanic","count":489,"tested":2510,"color":"rgb(214,39,40)"}],"gender":[{"description":"Female","count":1530,"tested":22010,"color":"rgb(255,127,14)"},{"description":"Male","count":1479,"tested":14784,"color":"rgb(31,119,180)"},{"description":"Unknown/Left Blank","count":20,"tested":816,"color":"rgb(44,160,44)"}]}
