{"age":[{"age_group":"<20","count":162,"tested":1469},{"age_group":"20-29   ","count":108,"tested":2121},{"age_group":"30-39   ","count":79,"tested":1531},{"age_group":"40-49   ","count":93,"tested":2230},{"age_group":"50-59   ","count":121,"tested":1927},{"age_group":"60-69   ","count":131,"tested":2303},{"age_group":"70-79   ","count":145,"tested":2515},{"age_group":"80+","count":135,"tested":2397}],"race":[{"description":"Black","count":13,"tested":182,"color":"rgb(255,127,14)"},{"description":"Hispanic","count":53,"tested":265,"color":"rgb(214,39,40)"},{"description":"Asian","count":134,"tested":1374,"color":"rgb(140,86,75)"},{"description":"White","count":515,"tested":5019,"color":"rgb(31,119,180)"},{"description":"Other","count":52,"tested":757,"color":"rgb(148,103,189)"},{"description":"Left Blank","count":206,"tested":8844,"color":"rgb(44,160,44)"}],"gender":[{"description":"Male","count":467,"tested":6884,"color":"rgb(31,119,180)"},{"description":"Female","count":498,"tested":9513,"color":"rgb(255,127,14)"}]}
