{"age":[{"age_group":"<20","count":373,"tested":3669},{"age_group":"20-29   ","count":551,"tested":5261},{"age_group":"30-39   ","count":674,"tested":6236},{"age_group":"40-49   ","count":530,"tested":5178},{"age_group":"50-59   ","count":468,"tested":5207},{"age_group":"60-69   ","count":322,"tested":4105},{"age_group":"70-79   ","count":129,"tested":1814},{"age_group":"80+","count":89,"tested":1410}],"race":[{"description":"Black","count":45,"tested":405,"color":"rgb(255,127,14)"},{"description":"Hispanic","count":400,"tested":3234,"color":"rgb(214,39,40)"},{"description":"White","count":1648,"tested":14551,"color":"rgb(31,119,180)"},{"description":"Asian","count":214,"tested":1856,"color":"rgb(140,86,75)"},{"description":"Left Blank","count":627,"tested":11236,"color":"rgb(44,160,44)"},{"description":"Other","count":191,"tested":1492,"color":"rgb(148,103,189)"},{"description":"NH/PI*","count":6,"tested":73,"color":"rgb(127,127,127)"}],"gender":[{"description":"Female","count":1512,"tested":17392,"color":"rgb(255,127,14)"},{"description":"Male","count":1591,"tested":14878,"color":"rgb(31,119,180)"},{"description":"Unknown/Left Blank","count":33,"tested":613,"color":"rgb(44,160,44)"}]}
