{"age":[{"age_group":"<20","count":195,"tested":1986},{"age_group":"20-29   ","count":287,"tested":2856},{"age_group":"30-39   ","count":205,"tested":2554},{"age_group":"40-49   ","count":202,"tested":2053},{"age_group":"50-59   ","count":252,"tested":2813},{"age_group":"60-69   ","count":155,"tested":2171},{"age_group":"70-79   ","count":84,"tested":1139},{"age_group":"80+","count":32,"tested":583}],"race":[{"description":"Left Blank","count":408,"tested":6332,"color":"rgb(44,160,44)"},{"description":"White","count":686,"tested":7493,"color":"rgb(31,119,180)"},{"description":"Hispanic","count":202,"tested":1175,"color":"rgb(214,39,40)"},{"description":"Other","count":29,"tested":315,"color":"rgb(148,103,189)"},{"description":"Asian","count":38,"tested":423,"color":"rgb(140,86,75)"},{"description":"Black","count":47,"tested":403,"color":"rgb(255,127,14)"}],"gender":[{"description":"Male","count":688,"tested":6889,"color":"rgb(31,119,180)"},{"description":"Female","count":717,"tested":9115,"color":"rgb(255,127,14)"}]}
