{"age":[{"age_group":"<20","count":539,"tested":4465},{"age_group":"20-29   ","count":618,"tested":7676},{"age_group":"30-39   ","count":532,"tested":6799},{"age_group":"40-49   ","count":606,"tested":6972},{"age_group":"50-59   ","count":502,"tested":7299},{"age_group":"60-69   ","count":368,"tested":6585},{"age_group":"70-79   ","count":221,"tested":4637},{"age_group":"80+","count":229,"tested":6133}],"race":[{"description":"AI/AN**","count":10,"tested":111,"color":"rgb(31,119,180)"},{"description":"White","count":961,"tested":10977,"color":"rgb(31,119,180)"},{"description":"Left Blank","count":960,"tested":27823,"color":"rgb(44,160,44)"},{"description":"Other","count":188,"tested":1462,"color":"rgb(148,103,189)"},{"description":"Black","count":38,"tested":586,"color":"rgb(255,127,14)"},{"description":"Asian","count":226,"tested":2564,"color":"rgb(140,86,75)"},{"description":"Hispanic","count":1228,"tested":7224,"color":"rgb(214,39,40)"}],"gender":[{"description":"Female","count":1845,"tested":29233,"color":"rgb(255,127,14)"},{"description":"Male","count":1745,"tested":20376,"color":"rgb(31,119,180)"},{"description":"Unknown/Left Blank","count":25,"tested":1290,"color":"rgb(44,160,44)"}]}
