{"age":[{"age_group":"<20","count":790,"tested":6042},{"age_group":"20-29   ","count":786,"tested":8789},{"age_group":"30-39   ","count":722,"tested":7480},{"age_group":"40-49   ","count":726,"tested":6008},{"age_group":"50-59   ","count":698,"tested":7685},{"age_group":"60-69   ","count":507,"tested":6132},{"age_group":"70-79   ","count":201,"tested":2821},{"age_group":"80+","count":177,"tested":2945}],"race":[{"description":"Hispanic","count":855,"tested":3150,"color":"rgb(214,39,40)"},{"description":"Left Blank","count":836,"tested":21657,"color":"rgb(44,160,44)"},{"description":"White","count":1999,"tested":15617,"color":"rgb(31,119,180)"},{"description":"Asian","count":499,"tested":4045,"color":"rgb(140,86,75)"},{"description":"Black","count":237,"tested":1857,"color":"rgb(255,127,14)"},{"description":"NH/PI*","count":10,"tested":41,"color":"rgb(127,127,127)"},{"description":"AI/AN**","count":12,"tested":61,"color":"rgb(31,119,180)"},{"description":"Other","count":159,"tested":1479,"color":"rgb(148,103,189)"}],"gender":[{"description":"Unknown/Left Blank","count":21,"tested":678,"color":"rgb(44,160,44)"},{"description":"Male","count":2226,"tested":20161,"color":"rgb(31,119,180)"},{"description":"Female","count":2360,"tested":27068,"color":"rgb(255,127,14)"}]}
