{"age":[{"age_group":"<20","count":442,"tested":7515},{"age_group":"20-29   ","count":1523,"tested":29398},{"age_group":"30-39   ","count":1497,"tested":34376},{"age_group":"40-49   ","count":652,"tested":11861},{"age_group":"50-59   ","count":451,"tested":7526},{"age_group":"60-69   ","count":290,"tested":4978},{"age_group":"70-79   ","count":170,"tested":2664},{"age_group":"80+","count":142,"tested":2019}],"race":[{"description":"Asian","count":81,"tested":3003,"color":"rgb(140,86,75)"},{"description":"Left Blank","count":1669,"tested":43784,"color":"rgb(44,160,44)"},{"description":"White","count":1719,"tested":34842,"color":"rgb(31,119,180)"},{"description":"Hispanic","count":1168,"tested":9977,"color":"rgb(214,39,40)"},{"description":"Other","count":260,"tested":4846,"color":"rgb(148,103,189)"},{"description":"Black","count":265,"tested":3957,"color":"rgb(255,127,14)"}],"gender":[{"description":"Female","count":2516,"tested":53117,"color":"rgb(255,127,14)"},{"description":"Unknown/Left Blank","count":155,"tested":2354,"color":"rgb(44,160,44)"},{"description":"Male","count":2497,"tested":45058,"color":"rgb(31,119,180)"}]}
