{"age":[{"age_group":"<20","count":1332,"tested":11373},{"age_group":"20-29   ","count":1451,"tested":15578},{"age_group":"30-39   ","count":1261,"tested":13770},{"age_group":"40-49   ","count":1283,"tested":13103},{"age_group":"50-59   ","count":1155,"tested":13021},{"age_group":"60-69   ","count":835,"tested":11337},{"age_group":"70-79   ","count":412,"tested":6799},{"age_group":"80+","count":241,"tested":4136}],"race":[{"description":"Left Blank","count":1978,"tested":29402,"color":"rgb(44,160,44)"},{"description":"Other","count":171,"tested":2101,"color":"rgb(148,103,189)"},{"description":"White","count":685,"tested":7414,"color":"rgb(31,119,180)"},{"description":"Asian","count":18,"tested":178,"color":"rgb(140,86,75)"},{"description":"Hispanic","count":2715,"tested":18523,"color":"rgb(214,39,40)"},{"description":"Black","count":2385,"tested":31278,"color":"rgb(255,127,14)"},{"description":"AI/AN**","count":17,"tested":188,"color":"rgb(31,119,180)"}],"gender":[{"description":"Male","count":3628,"tested":36853,"color":"rgb(31,119,180)"},{"description":"Unknown/Left Blank","count":39,"tested":1201,"color":"rgb(44,160,44)"},{"description":"Female","count":4303,"tested":51107,"color":"rgb(255,127,14)"}]}
