{"age":[{"age_group":"<20","count":263,"tested":3382},{"age_group":"20-29   ","count":277,"tested":3469},{"age_group":"30-39   ","count":239,"tested":2702},{"age_group":"40-49   ","count":258,"tested":2687},{"age_group":"50-59   ","count":255,"tested":3323},{"age_group":"60-69   ","count":226,"tested":3049},{"age_group":"70-79   ","count":139,"tested":2475},{"age_group":"80+","count":137,"tested":5379}],"race":[{"description":"Asian","count":62,"tested":461,"color":"rgb(140,86,75)"},{"description":"White","count":1117,"tested":12482,"color":"rgb(31,119,180)"},{"description":"Left Blank","count":208,"tested":10501,"color":"rgb(44,160,44)"},{"description":"Other","count":16,"tested":815,"color":"rgb(148,103,189)"},{"description":"Hispanic","count":220,"tested":899,"color":"rgb(214,39,40)"},{"description":"Black","count":169,"tested":1289,"color":"rgb(255,127,14)"}],"gender":[{"description":"Male","count":793,"tested":9732,"color":"rgb(31,119,180)"},{"description":"Unknown/Left Blank","count":7,"tested":523,"color":"rgb(44,160,44)"},{"description":"Female","count":994,"tested":16213,"color":"rgb(255,127,14)"}]}
