{"age":[{"age_group":"<20","count":735,"tested":6969},{"age_group":"20-29   ","count":747,"tested":7479},{"age_group":"30-39   ","count":667,"tested":6861},{"age_group":"40-49   ","count":649,"tested":6409},{"age_group":"50-59   ","count":710,"tested":8056},{"age_group":"60-69   ","count":456,"tested":5711},{"age_group":"70-79   ","count":164,"tested":3028},{"age_group":"80+","count":185,"tested":3348}],"race":[{"description":"Hispanic","count":625,"tested":2891,"color":"rgb(214,39,40)"},{"description":"White","count":2431,"tested":24257,"color":"rgb(31,119,180)"},{"description":"Left Blank","count":1005,"tested":18318,"color":"rgb(44,160,44)"},{"description":"Asian","count":81,"tested":697,"color":"rgb(140,86,75)"},{"description":"Black","count":57,"tested":516,"color":"rgb(255,127,14)"},{"description":"Other","count":105,"tested":1048,"color":"rgb(148,103,189)"},{"description":"AI/AN**","count":7,"tested":83,"color":"rgb(31,119,180)"}],"gender":[{"description":"Female","count":2185,"tested":26838,"color":"rgb(255,127,14)"},{"description":"Male","count":2089,"tested":20425,"color":"rgb(31,119,180)"},{"description":"Unknown/Left Blank","count":40,"tested":603,"color":"rgb(44,160,44)"}]}
