{"lastUpdatedDate":{"year":2021,"month":7,"day":1},"county_demographics":[{"County":"Pulaski","confirmed_cases":703,"total_tested":7441,"demographics":{"age":[{"race":[],"age_group":"<20","count":89,"tested":653,"deaths":0},{"race":[],"age_group":"20-29   ","count":126,"tested":1271,"deaths":0},{"race":[],"age_group":"30-39   ","count":115,"tested":1513,"deaths":0},{"race":[],"age_group":"40-49   ","count":124,"tested":1471,"deaths":0},{"race":[],"age_group":"50-59   ","count":78,"tested":1350,"deaths":0},{"race":[],"age_group":"60-69   ","count":86,"tested":715,"deaths":0},{"race":[],"age_group":"70-79   ","count":40,"tested":315,"deaths":0},{"race":[],"age_group":"80+","count":20,"tested":153,"deaths":0}],"race":[{"description":"AI/AN**","count":0,"tested":6,"deaths":0,"color":"rgb(31,119,180)"},{"description":"Asian","count":0,"tested":10,"deaths":0,"color":"rgb(140,86,75)"},{"description":"Black","count":109,"tested":1519,"deaths":0,"color":"rgb(255,127,14)"},{"description":"Hispanic","count":105,"tested":804,"deaths":0,"color":"rgb(214,39,40)"},{"description":"Left Blank","count":156,"tested":2207,"deaths":0,"color":"rgb(44,160,44)"},{"description":"NH/PI*","count":0,"tested":0,"deaths":0,"color":"rgb(127,127,127)"},{"description":"Other","count":0,"tested":130,"deaths":0,"color":"rgb(148,103,189)"},{"description":"White","count":327,"tested":2763,"deaths":0,"color":"rgb(31,119,180)"}],"gender":[{"description":"Female","count":318,"tested":3609,"deaths":0,"color":"rgb(255,127,14)"},{"description":"Male","count":355,"tested":3217,"deaths":0,"color":"rgb(31,119,180)"},{"description":"Unknown/Left Blank","count":30,"tested":615,"deaths":0,"color":"rgb(44,160,44)"}]}}]}
