{"lastUpdatedDate":{"year":2021,"month":7,"day":1},"county_demographics":[{"County":"Will","confirmed_cases":77069,"total_tested":1083393,"demographics":{"age":[{"race":[],"age_group":"<20","count":12982,"tested":141254,"deaths":0},{"race":[],"age_group":"20-29   ","count":13702,"tested":176609,"deaths":0},{"race":[],"age_group":"30-39   ","count":11761,"tested":164982,"deaths":0},{"race":[],"age_group":"40-49   ","count":13066,"tested":168531,"deaths":0},{"race":[],"age_group":"50-59   ","count":12787,"tested":174512,"deaths":0},{"race":[],"age_group":"60-69   ","count":7087,"tested":119834,"deaths":0},{"race":[],"age_group":"70-79   ","count":3446,"tested":71190,"deaths":0},{"race":[],"age_group":"80+","count":2210,"tested":64138,"deaths":0},{"race":[],"age_group":"Unknown","count":27,"tested":2343,"deaths":0}],"race":[{"description":"AI/AN**","count":225,"tested":1693,"deaths":0,"color":"rgb(31,119,180)"},{"description":"Asian","count":1759,"tested":30967,"deaths":0,"color":"rgb(140,86,75)"},{"description":"Black","count":6821,"tested":88569,"deaths":0,"color":"rgb(255,127,14)"},{"description":"Hispanic","count":12030,"tested":75534,"deaths":0,"color":"rgb(214,39,40)"},{"description":"Left Blank","count":23547,"tested":497956,"deaths":0,"color":"rgb(44,160,44)"},{"description":"NH/PI*","count":62,"tested":820,"deaths":0,"color":"rgb(127,127,127)"},{"description":"Other","count":2644,"tested":36758,"deaths":0,"color":"rgb(148,103,189)"},{"description":"White","count":29981,"tested":351096,"deaths":0,"color":"rgb(31,119,180)"}],"gender":[{"description":"Female","count":39369,"tested":566797,"deaths":0,"color":"rgb(255,127,14)"},{"description":"Male","count":36783,"tested":461173,"deaths":0,"color":"rgb(31,119,180)"},{"description":"Unknown/Left Blank","count":917,"tested":55423,"deaths":0,"color":"rgb(44,160,44)"}]}}]}
