{"lastUpdatedDate":{"year":2021,"month":7,"day":1},"county_demographics":[{"County":"Piatt","confirmed_cases":1526,"total_tested":34592,"demographics":{"age":[{"race":[],"age_group":"<20","count":297,"tested":7487,"deaths":0},{"race":[],"age_group":"20-29   ","count":197,"tested":4884,"deaths":0},{"race":[],"age_group":"30-39   ","count":231,"tested":4499,"deaths":0},{"race":[],"age_group":"40-49   ","count":238,"tested":4269,"deaths":0},{"race":[],"age_group":"50-59   ","count":221,"tested":4429,"deaths":0},{"race":[],"age_group":"60-69   ","count":202,"tested":4003,"deaths":0},{"race":[],"age_group":"70-79   ","count":83,"tested":2357,"deaths":0},{"race":[],"age_group":"80+","count":57,"tested":2658,"deaths":0},{"race":[],"age_group":"Unknown","count":0,"tested":6,"deaths":0}],"race":[{"description":"AI/AN**","count":0,"tested":42,"deaths":0,"color":"rgb(31,119,180)"},{"description":"Asian","count":0,"tested":168,"deaths":0,"color":"rgb(140,86,75)"},{"description":"Black","count":11,"tested":199,"deaths":0,"color":"rgb(255,127,14)"},{"description":"Hispanic","count":10,"tested":284,"deaths":0,"color":"rgb(214,39,40)"},{"description":"Left Blank","count":255,"tested":9599,"deaths":0,"color":"rgb(44,160,44)"},{"description":"NH/PI*","count":0,"tested":9,"deaths":0,"color":"rgb(127,127,127)"},{"description":"Other","count":24,"tested":792,"deaths":0,"color":"rgb(148,103,189)"},{"description":"White","count":1217,"tested":23499,"deaths":0,"color":"rgb(31,119,180)"}],"gender":[{"description":"Female","count":794,"tested":20327,"deaths":0,"color":"rgb(255,127,14)"},{"description":"Male","count":732,"tested":13690,"deaths":0,"color":"rgb(31,119,180)"},{"description":"Unknown/Left Blank","count":0,"tested":575,"deaths":0,"color":"rgb(44,160,44)"}]}}]}
