{"lastUpdatedDate":{"year":2021,"month":7,"day":1},"county_demographics":[{"County":"Edgar","confirmed_cases":1772,"total_tested":17165,"demographics":{"age":[{"race":[],"age_group":"<20","count":290,"tested":1954,"deaths":0},{"race":[],"age_group":"20-29   ","count":221,"tested":2499,"deaths":0},{"race":[],"age_group":"30-39   ","count":226,"tested":2086,"deaths":0},{"race":[],"age_group":"40-49   ","count":255,"tested":2440,"deaths":0},{"race":[],"age_group":"50-59   ","count":237,"tested":2215,"deaths":0},{"race":[],"age_group":"60-69   ","count":230,"tested":2201,"deaths":0},{"race":[],"age_group":"70-79   ","count":165,"tested":1556,"deaths":0},{"race":[],"age_group":"80+","count":148,"tested":2163,"deaths":0},{"race":[],"age_group":"Unknown","count":0,"tested":51,"deaths":0}],"race":[{"description":"AI/AN**","count":0,"tested":0,"deaths":0,"color":"rgb(31,119,180)"},{"description":"Asian","count":0,"tested":9,"deaths":0,"color":"rgb(140,86,75)"},{"description":"Black","count":0,"tested":101,"deaths":0,"color":"rgb(255,127,14)"},{"description":"Hispanic","count":0,"tested":55,"deaths":0,"color":"rgb(214,39,40)"},{"description":"Left Blank","count":157,"tested":7567,"deaths":0,"color":"rgb(44,160,44)"},{"description":"NH/PI*","count":0,"tested":0,"deaths":0,"color":"rgb(127,127,127)"},{"description":"Other","count":0,"tested":119,"deaths":0,"color":"rgb(148,103,189)"},{"description":"White","count":1601,"tested":9306,"deaths":0,"color":"rgb(31,119,180)"}],"gender":[{"description":"Female","count":566,"tested":10688,"deaths":0,"color":"rgb(255,127,14)"},{"description":"Male","count":434,"tested":5275,"deaths":0,"color":"rgb(31,119,180)"},{"description":"Unknown/Left Blank","count":772,"tested":1202,"deaths":0,"color":"rgb(44,160,44)"}]}}]}
