{"age":[{"age_group":"<20","count":27,"tested":369},{"age_group":"20-29   ","count":24,"tested":267},{"age_group":"30-39   ","count":24,"tested":382},{"age_group":"40-49   ","count":26,"tested":231},{"age_group":"50-59   ","count":20,"tested":379},{"age_group":"60-69   ","count":21,"tested":279},{"age_group":"70-79   ","count":16,"tested":113},{"age_group":"80+","count":13,"tested":69}],"race":[{"description":"Left Blank","count":53,"tested":587,"color":"rgb(44,160,44)"},{"description":"White","count":115,"tested":1457,"color":"rgb(31,119,180)"}],"gender":[]}
