{"age":[{"age_group":"<20","count":586,"tested":4360},{"age_group":"20-29   ","count":739,"tested":5935},{"age_group":"30-39   ","count":679,"tested":5120},{"age_group":"40-49   ","count":659,"tested":4421},{"age_group":"50-59   ","count":522,"tested":4048},{"age_group":"60-69   ","count":319,"tested":3486},{"age_group":"70-79   ","count":140,"tested":2441},{"age_group":"80+","count":82,"tested":2323}],"race":[{"description":"Asian","count":19,"tested":273,"color":"rgb(140,86,75)"},{"description":"Black","count":118,"tested":1326,"color":"rgb(255,127,14)"},{"description":"Hispanic","count":1784,"tested":8889,"color":"rgb(214,39,40)"},{"description":"Left Blank","count":982,"tested":13145,"color":"rgb(44,160,44)"},{"description":"Other","count":171,"tested":1618,"color":"rgb(148,103,189)"},{"description":"White","count":649,"tested":6891,"color":"rgb(31,119,180)"}],"gender":[]}
