{"age":[{"age_group":"<20","count":266,"tested":3162},{"age_group":"20-29   ","count":326,"tested":4217},{"age_group":"30-39   ","count":276,"tested":3670},{"age_group":"40-49   ","count":281,"tested":3604},{"age_group":"50-59   ","count":297,"tested":4388},{"age_group":"60-69   ","count":182,"tested":3324},{"age_group":"70-79   ","count":93,"tested":2290},{"age_group":"80+","count":79,"tested":2048}],"race":[{"description":"Asian","count":57,"tested":734,"color":"rgb(140,86,75)"},{"description":"Black","count":89,"tested":1554,"color":"rgb(255,127,14)"},{"description":"Hispanic","count":411,"tested":3142,"color":"rgb(214,39,40)"},{"description":"Left Blank","count":390,"tested":8722,"color":"rgb(44,160,44)"},{"description":"Other","count":58,"tested":724,"color":"rgb(148,103,189)"},{"description":"White","count":794,"tested":11929,"color":"rgb(31,119,180)"}],"gender":[]}
