{"age":[{"age_group":"<20","count":320,"tested":2324},{"age_group":"20-29   ","count":356,"tested":3182},{"age_group":"30-39   ","count":340,"tested":2499},{"age_group":"40-49   ","count":267,"tested":1918},{"age_group":"50-59   ","count":273,"tested":2048},{"age_group":"60-69   ","count":191,"tested":1789},{"age_group":"70-79   ","count":105,"tested":779},{"age_group":"80+","count":53,"tested":1303}],"race":[{"description":"Black","count":12,"tested":323,"color":"rgb(255,127,14)"},{"description":"Hispanic","count":400,"tested":1246,"color":"rgb(214,39,40)"},{"description":"Left Blank","count":832,"tested":8844,"color":"rgb(44,160,44)"},{"description":"Other","count":31,"tested":239,"color":"rgb(148,103,189)"},{"description":"White","count":634,"tested":5163,"color":"rgb(31,119,180)"}],"gender":[]}
