{"age":[{"age_group":"<20","count":51,"tested":705},{"age_group":"20-29   ","count":38,"tested":597},{"age_group":"30-39   ","count":32,"tested":646},{"age_group":"40-49   ","count":52,"tested":538},{"age_group":"50-59   ","count":36,"tested":802},{"age_group":"60-69   ","count":42,"tested":726},{"age_group":"70-79   ","count":29,"tested":518},{"age_group":"80+","count":19,"tested":350}],"race":[{"description":"Hispanic","count":65,"tested":367,"color":"rgb(214,39,40)"},{"description":"Left Blank","count":55,"tested":1935,"color":"rgb(44,160,44)"},{"description":"Other","count":10,"tested":67,"color":"rgb(148,103,189)"},{"description":"White","count":166,"tested":2470,"color":"rgb(31,119,180)"}],"gender":[]}
