{"age":[{"age_group":"<20","count":486,"tested":5428},{"age_group":"20-29   ","count":622,"tested":6706},{"age_group":"30-39   ","count":563,"tested":6582},{"age_group":"40-49   ","count":459,"tested":5047},{"age_group":"50-59   ","count":457,"tested":5428},{"age_group":"60-69   ","count":307,"tested":4716},{"age_group":"70-79   ","count":145,"tested":2880},{"age_group":"80+","count":77,"tested":2512}],"race":[{"description":"Asian","count":178,"tested":1707,"color":"rgb(140,86,75)"},{"description":"Black","count":169,"tested":1619,"color":"rgb(255,127,14)"},{"description":"Hispanic","count":780,"tested":3414,"color":"rgb(214,39,40)"},{"description":"Left Blank","count":619,"tested":17995,"color":"rgb(44,160,44)"},{"description":"Other","count":113,"tested":1596,"color":"rgb(148,103,189)"},{"description":"White","count":1253,"tested":12928,"color":"rgb(31,119,180)"}],"gender":[]}
