{"age":[{"age_group":"<20","count":272,"tested":3370},{"age_group":"20-29   ","count":178,"tested":4147},{"age_group":"30-39   ","count":143,"tested":3546},{"age_group":"40-49   ","count":213,"tested":3957},{"age_group":"50-59   ","count":184,"tested":4530},{"age_group":"60-69   ","count":112,"tested":4235},{"age_group":"70-79   ","count":49,"tested":2947},{"age_group":"80+","count":89,"tested":4733}],"race":[{"description":"Asian","count":6,"tested":259,"color":"rgb(140,86,75)"},{"description":"Black","count":40,"tested":1139,"color":"rgb(255,127,14)"},{"description":"Hispanic","count":105,"tested":1365,"color":"rgb(214,39,40)"},{"description":"Left Blank","count":405,"tested":17481,"color":"rgb(44,160,44)"},{"description":"Other","count":54,"tested":658,"color":"rgb(148,103,189)"},{"description":"White","count":630,"tested":10499,"color":"rgb(31,119,180)"}],"gender":[]}
