{"age":[{"age_group":"<20","count":25,"tested":422},{"age_group":"20-29   ","count":73,"tested":1514},{"age_group":"30-39   ","count":49,"tested":1264},{"age_group":"40-49   ","count":31,"tested":686},{"age_group":"50-59   ","count":21,"tested":592},{"age_group":"60-69   ","count":10,"tested":381},{"age_group":"70-79   ","count":7,"tested":317}],"race":[{"description":"Asian","count":15,"tested":324,"color":"rgb(140,86,75)"},{"description":"Black","count":45,"tested":735,"color":"rgb(255,127,14)"},{"description":"Hispanic","count":21,"tested":245,"color":"rgb(214,39,40)"},{"description":"Left Blank","count":46,"tested":1940,"color":"rgb(44,160,44)"},{"description":"Other","count":17,"tested":313,"color":"rgb(148,103,189)"},{"description":"White","count":74,"tested":1719,"color":"rgb(31,119,180)"}],"gender":[]}
