{"age":[{"age_group":"<20","count":573,"tested":5902},{"age_group":"20-29   ","count":655,"tested":6514},{"age_group":"30-39   ","count":510,"tested":5084},{"age_group":"40-49   ","count":525,"tested":4531},{"age_group":"50-59   ","count":392,"tested":4526},{"age_group":"60-69   ","count":312,"tested":3175},{"age_group":"70-79   ","count":157,"tested":1932},{"age_group":"80+","count":66,"tested":794}],"race":[{"description":"Asian","count":89,"tested":450,"color":"rgb(140,86,75)"},{"description":"Black","count":346,"tested":2502,"color":"rgb(255,127,14)"},{"description":"Hispanic","count":903,"tested":3508,"color":"rgb(214,39,40)"},{"description":"Left Blank","count":347,"tested":14296,"color":"rgb(44,160,44)"},{"description":"Other","count":73,"tested":769,"color":"rgb(148,103,189)"},{"description":"White","count":1426,"tested":10892,"color":"rgb(31,119,180)"}],"gender":[]}
