{"age":[{"age_group":"<20","count":194,"tested":2239},{"age_group":"20-29   ","count":240,"tested":3279},{"age_group":"30-39   ","count":228,"tested":3412},{"age_group":"40-49   ","count":197,"tested":2984},{"age_group":"50-59   ","count":183,"tested":3471},{"age_group":"60-69   ","count":130,"tested":2462},{"age_group":"70-79   ","count":98,"tested":1650},{"age_group":"80+","count":53,"tested":1415}],"race":[{"description":"Asian","count":9,"tested":93,"color":"rgb(140,86,75)"},{"description":"Black","count":80,"tested":1453,"color":"rgb(255,127,14)"},{"description":"Hispanic","count":103,"tested":1003,"color":"rgb(214,39,40)"},{"description":"Left Blank","count":336,"tested":6440,"color":"rgb(44,160,44)"},{"description":"Other","count":27,"tested":425,"color":"rgb(148,103,189)"},{"description":"White","count":768,"tested":11489,"color":"rgb(31,119,180)"}],"gender":[]}
