{"age":[{"age_group":"<20","count":1572,"tested":13496},{"age_group":"20-29   ","count":1847,"tested":18707},{"age_group":"30-39   ","count":1963,"tested":20646},{"age_group":"40-49   ","count":1765,"tested":18450},{"age_group":"50-59   ","count":1641,"tested":17773},{"age_group":"60-69   ","count":1068,"tested":14333},{"age_group":"70-79   ","count":472,"tested":6657},{"age_group":"80+","count":270,"tested":5524}],"race":[{"description":"AI/AN**","count":15,"tested":161,"color":"rgb(31,119,180)"},{"description":"Asian","count":334,"tested":4572,"color":"rgb(140,86,75)"},{"description":"Black","count":207,"tested":3115,"color":"rgb(255,127,14)"},{"description":"Hispanic","count":4629,"tested":32724,"color":"rgb(214,39,40)"},{"description":"Left Blank","count":1587,"tested":35019,"color":"rgb(44,160,44)"},{"description":"NH/PI*","count":26,"tested":251,"color":"rgb(127,127,127)"},{"description":"Other","count":499,"tested":6253,"color":"rgb(148,103,189)"},{"description":"White","count":3301,"tested":33528,"color":"rgb(31,119,180)"}],"gender":[]}
