{"age":[{"age_group":"<20","count":557,"tested":6382},{"age_group":"20-29   ","count":752,"tested":8447},{"age_group":"30-39   ","count":591,"tested":7071},{"age_group":"40-49   ","count":547,"tested":6919},{"age_group":"50-59   ","count":516,"tested":7265},{"age_group":"60-69   ","count":460,"tested":8050},{"age_group":"70-79   ","count":248,"tested":5478},{"age_group":"80+","count":231,"tested":8157}],"race":[{"description":"Asian","count":83,"tested":453,"color":"rgb(140,86,75)"},{"description":"Black","count":499,"tested":6258,"color":"rgb(255,127,14)"},{"description":"Hispanic","count":290,"tested":1869,"color":"rgb(214,39,40)"},{"description":"Left Blank","count":1704,"tested":29554,"color":"rgb(44,160,44)"},{"description":"Other","count":108,"tested":4051,"color":"rgb(148,103,189)"},{"description":"White","count":1213,"tested":15585,"color":"rgb(31,119,180)"}],"gender":[]}
