{"age":[{"age_group":"<20","count":343,"tested":3570},{"age_group":"20-29   ","count":340,"tested":3593},{"age_group":"30-39   ","count":322,"tested":3379},{"age_group":"40-49   ","count":418,"tested":3707},{"age_group":"50-59   ","count":344,"tested":3767},{"age_group":"60-69   ","count":182,"tested":2921},{"age_group":"70-79   ","count":142,"tested":2703},{"age_group":"80+","count":82,"tested":3010}],"race":[{"description":"Asian","count":26,"tested":359,"color":"rgb(140,86,75)"},{"description":"Black","count":92,"tested":1208,"color":"rgb(255,127,14)"},{"description":"Hispanic","count":228,"tested":1316,"color":"rgb(214,39,40)"},{"description":"Left Blank","count":660,"tested":10864,"color":"rgb(44,160,44)"},{"description":"Other","count":52,"tested":893,"color":"rgb(148,103,189)"},{"description":"White","count":1111,"tested":11961,"color":"rgb(31,119,180)"}],"gender":[]}
