{"age":[{"age_group":"<20","count":600,"tested":5991},{"age_group":"20-29   ","count":767,"tested":8726},{"age_group":"30-39   ","count":611,"tested":7281},{"age_group":"40-49   ","count":622,"tested":7152},{"age_group":"50-59   ","count":635,"tested":7343},{"age_group":"60-69   ","count":486,"tested":6917},{"age_group":"70-79   ","count":275,"tested":4992},{"age_group":"80+","count":186,"tested":4169}],"race":[{"description":"Asian","count":82,"tested":1491,"color":"rgb(140,86,75)"},{"description":"Black","count":135,"tested":3312,"color":"rgb(255,127,14)"},{"description":"Hispanic","count":222,"tested":1884,"color":"rgb(214,39,40)"},{"description":"Left Blank","count":1573,"tested":23061,"color":"rgb(44,160,44)"},{"description":"Other","count":184,"tested":1854,"color":"rgb(148,103,189)"},{"description":"White","count":1981,"tested":20865,"color":"rgb(31,119,180)"}],"gender":[]}
