{"age":[{"age_group":"<20","count":116,"tested":1661},{"age_group":"20-29   ","count":100,"tested":1961},{"age_group":"30-39   ","count":105,"tested":1996},{"age_group":"40-49   ","count":117,"tested":2330},{"age_group":"50-59   ","count":104,"tested":2123},{"age_group":"60-69   ","count":54,"tested":1799},{"age_group":"70-79   ","count":33,"tested":1289},{"age_group":"80+","count":47,"tested":1411}],"race":[{"description":"Black","count":11,"tested":245,"color":"rgb(255,127,14)"},{"description":"Hispanic","count":354,"tested":3071,"color":"rgb(214,39,40)"},{"description":"Left Blank","count":115,"tested":8461,"color":"rgb(44,160,44)"},{"description":"Other","count":45,"tested":454,"color":"rgb(148,103,189)"},{"description":"White","count":147,"tested":2078,"color":"rgb(31,119,180)"}],"gender":[]}
