{"age":[{"age_group":"<20","count":649,"tested":5291},{"age_group":"20-29   ","count":715,"tested":7259},{"age_group":"30-39   ","count":633,"tested":5460},{"age_group":"40-49   ","count":643,"tested":4911},{"age_group":"50-59   ","count":525,"tested":5325},{"age_group":"60-69   ","count":314,"tested":4026},{"age_group":"70-79   ","count":123,"tested":1824},{"age_group":"80+","count":77,"tested":1065}],"race":[{"description":"Asian","count":52,"tested":779,"color":"rgb(140,86,75)"},{"description":"Black","count":292,"tested":3749,"color":"rgb(255,127,14)"},{"description":"Hispanic","count":2064,"tested":12383,"color":"rgb(214,39,40)"},{"description":"Left Blank","count":666,"tested":10366,"color":"rgb(44,160,44)"},{"description":"Other","count":120,"tested":1226,"color":"rgb(148,103,189)"},{"description":"White","count":483,"tested":6475,"color":"rgb(31,119,180)"}],"gender":[]}
