{"age":[{"age_group":"<20","count":70,"tested":1010},{"age_group":"20-29   ","count":60,"tested":724},{"age_group":"30-39   ","count":66,"tested":761},{"age_group":"40-49   ","count":54,"tested":681},{"age_group":"50-59   ","count":84,"tested":1027},{"age_group":"60-69   ","count":60,"tested":727},{"age_group":"70-79   ","count":9,"tested":390}],"race":[{"description":"Hispanic","count":33,"tested":240,"color":"rgb(214,39,40)"},{"description":"Left Blank","count":132,"tested":2066,"color":"rgb(44,160,44)"},{"description":"White","count":228,"tested":3379,"color":"rgb(31,119,180)"}],"gender":[]}
