{"age":[{"age_group":"<20","count":642,"tested":9710},{"age_group":"20-29   ","count":723,"tested":11932},{"age_group":"30-39   ","count":715,"tested":12474},{"age_group":"40-49   ","count":712,"tested":14771},{"age_group":"50-59   ","count":735,"tested":16306},{"age_group":"60-69   ","count":539,"tested":15634},{"age_group":"70-79   ","count":291,"tested":7994},{"age_group":"80+","count":255,"tested":7100}],"race":[{"description":"Asian","count":9,"tested":172,"color":"rgb(140,86,75)"},{"description":"Black","count":2293,"tested":30073,"color":"rgb(255,127,14)"},{"description":"Hispanic","count":109,"tested":1348,"color":"rgb(214,39,40)"},{"description":"Left Blank","count":1536,"tested":52502,"color":"rgb(44,160,44)"},{"description":"Other","count":178,"tested":2158,"color":"rgb(148,103,189)"},{"description":"White","count":483,"tested":9494,"color":"rgb(31,119,180)"}],"gender":[]}
