{"lastUpdatedDate":{"year":2021,"month":4,"day":8},"county_demographics":[{"County":"Washington","confirmed_cases":1618,"total_tested":12643,"demographics":{"age":[{"race":[],"age_group":"<20","count":223,"tested":1685,"deaths":0},{"race":[],"age_group":"20-29   ","count":207,"tested":1779,"deaths":0},{"race":[],"age_group":"30-39   ","count":221,"tested":1966,"deaths":0},{"race":[],"age_group":"40-49   ","count":235,"tested":1922,"deaths":0},{"race":[],"age_group":"50-59   ","count":260,"tested":1819,"deaths":0},{"race":[],"age_group":"60-69   ","count":245,"tested":1819,"deaths":0},{"race":[],"age_group":"70-79   ","count":106,"tested":982,"deaths":0},{"race":[],"age_group":"80+","count":121,"tested":668,"deaths":0},{"race":[],"age_group":"Unknown","count":0,"tested":0,"deaths":0}],"race":[{"description":"AI/AN**","count":0,"tested":0,"deaths":0,"color":"rgb(31,119,180)"},{"description":"Asian","count":0,"tested":25,"deaths":0,"color":"rgb(140,86,75)"},{"description":"Black","count":0,"tested":74,"deaths":0,"color":"rgb(255,127,14)"},{"description":"Hispanic","count":12,"tested":86,"deaths":0,"color":"rgb(214,39,40)"},{"description":"Left Blank","count":517,"tested":4137,"deaths":0,"color":"rgb(44,160,44)"},{"description":"NH/PI*","count":0,"tested":0,"deaths":0,"color":"rgb(127,127,127)"},{"description":"Other","count":18,"tested":218,"deaths":0,"color":"rgb(148,103,189)"},{"description":"White","count":1060,"tested":8095,"deaths":0,"color":"rgb(31,119,180)"}],"gender":[{"description":"Female","count":873,"tested":7498,"deaths":0,"color":"rgb(255,127,14)"},{"description":"Male","count":725,"tested":4559,"deaths":0,"color":"rgb(31,119,180)"},{"description":"Unknown/Left Blank","count":20,"tested":586,"deaths":0,"color":"rgb(44,160,44)"}]}}]}
