{"lastUpdatedDate":{"year":2021,"month":4,"day":8},"county_demographics":[{"County":"Hamilton","confirmed_cases":814,"total_tested":7542,"demographics":{"age":[{"race":[],"age_group":"<20","count":96,"tested":938,"deaths":0},{"race":[],"age_group":"20-29   ","count":106,"tested":1006,"deaths":0},{"race":[],"age_group":"30-39   ","count":127,"tested":1052,"deaths":0},{"race":[],"age_group":"40-49   ","count":112,"tested":1316,"deaths":0},{"race":[],"age_group":"50-59   ","count":128,"tested":1280,"deaths":0},{"race":[],"age_group":"60-69   ","count":98,"tested":920,"deaths":0},{"race":[],"age_group":"70-79   ","count":63,"tested":557,"deaths":0},{"race":[],"age_group":"80+","count":59,"tested":470,"deaths":0},{"race":[],"age_group":"Unknown","count":0,"tested":0,"deaths":0}],"race":[{"description":"AI/AN**","count":0,"tested":0,"deaths":0,"color":"rgb(31,119,180)"},{"description":"Asian","count":0,"tested":7,"deaths":0,"color":"rgb(140,86,75)"},{"description":"Black","count":0,"tested":21,"deaths":0,"color":"rgb(255,127,14)"},{"description":"Hispanic","count":8,"tested":73,"deaths":0,"color":"rgb(214,39,40)"},{"description":"Left Blank","count":268,"tested":2838,"deaths":0,"color":"rgb(44,160,44)"},{"description":"NH/PI*","count":0,"tested":0,"deaths":0,"color":"rgb(127,127,127)"},{"description":"Other","count":0,"tested":99,"deaths":0,"color":"rgb(148,103,189)"},{"description":"White","count":533,"tested":4501,"deaths":0,"color":"rgb(31,119,180)"}],"gender":[{"description":"Female","count":433,"tested":4493,"deaths":0,"color":"rgb(255,127,14)"},{"description":"Male","count":327,"tested":2355,"deaths":0,"color":"rgb(31,119,180)"},{"description":"Unknown/Left Blank","count":54,"tested":694,"deaths":0,"color":"rgb(44,160,44)"}]}}]}
