{"lastUpdatedDate":{"year":2021,"month":4,"day":8},"county_demographics":[{"County":"Calhoun","confirmed_cases":506,"total_tested":5596,"demographics":{"age":[{"race":[],"age_group":"<20","count":103,"tested":851,"deaths":0},{"race":[],"age_group":"20-29   ","count":72,"tested":719,"deaths":0},{"race":[],"age_group":"30-39   ","count":76,"tested":856,"deaths":0},{"race":[],"age_group":"40-49   ","count":62,"tested":619,"deaths":0},{"race":[],"age_group":"50-59   ","count":61,"tested":803,"deaths":0},{"race":[],"age_group":"60-69   ","count":76,"tested":595,"deaths":0},{"race":[],"age_group":"70-79   ","count":33,"tested":477,"deaths":0},{"race":[],"age_group":"80+","count":23,"tested":674,"deaths":0},{"race":[],"age_group":"Unknown","count":0,"tested":0,"deaths":0}],"race":[{"description":"AI/AN**","count":0,"tested":0,"deaths":0,"color":"rgb(31,119,180)"},{"description":"Asian","count":0,"tested":0,"deaths":0,"color":"rgb(140,86,75)"},{"description":"Black","count":0,"tested":24,"deaths":0,"color":"rgb(255,127,14)"},{"description":"Hispanic","count":0,"tested":0,"deaths":0,"color":"rgb(214,39,40)"},{"description":"Left Blank","count":77,"tested":1273,"deaths":0,"color":"rgb(44,160,44)"},{"description":"Other","count":0,"tested":33,"deaths":0,"color":"rgb(148,103,189)"},{"description":"White","count":419,"tested":4257,"deaths":0,"color":"rgb(31,119,180)"}],"gender":[{"description":"Female","count":264,"tested":3554,"deaths":0,"color":"rgb(255,127,14)"},{"description":"Male","count":239,"tested":1966,"deaths":0,"color":"rgb(31,119,180)"},{"description":"Unknown/Left Blank","count":0,"tested":76,"deaths":0,"color":"rgb(44,160,44)"}]}}]}
