{"lastUpdatedDate":{"year":2021,"month":4,"day":8},"county_demographics":[{"County":"Bond","confirmed_cases":1949,"total_tested":32908,"demographics":{"age":[{"race":[],"age_group":"<20","count":295,"tested":5022,"deaths":0},{"race":[],"age_group":"20-29   ","count":340,"tested":8967,"deaths":0},{"race":[],"age_group":"30-39   ","count":293,"tested":4496,"deaths":0},{"race":[],"age_group":"40-49   ","count":291,"tested":3954,"deaths":0},{"race":[],"age_group":"50-59   ","count":297,"tested":3516,"deaths":0},{"race":[],"age_group":"60-69   ","count":225,"tested":3100,"deaths":0},{"race":[],"age_group":"70-79   ","count":114,"tested":1895,"deaths":0},{"race":[],"age_group":"80+","count":94,"tested":1846,"deaths":0},{"race":[],"age_group":"Unknown","count":0,"tested":112,"deaths":0}],"race":[{"description":"AI/AN**","count":0,"tested":21,"deaths":0,"color":"rgb(31,119,180)"},{"description":"Asian","count":0,"tested":285,"deaths":0,"color":"rgb(140,86,75)"},{"description":"Black","count":27,"tested":1399,"deaths":0,"color":"rgb(255,127,14)"},{"description":"Hispanic","count":17,"tested":923,"deaths":0,"color":"rgb(214,39,40)"},{"description":"Left Blank","count":1018,"tested":16875,"deaths":0,"color":"rgb(44,160,44)"},{"description":"NH/PI*","count":0,"tested":37,"deaths":0,"color":"rgb(127,127,127)"},{"description":"Other","count":22,"tested":246,"deaths":0,"color":"rgb(148,103,189)"},{"description":"White","count":850,"tested":13122,"deaths":0,"color":"rgb(31,119,180)"}],"gender":[{"description":"Female","count":909,"tested":15618,"deaths":0,"color":"rgb(255,127,14)"},{"description":"Male","count":1004,"tested":15466,"deaths":0,"color":"rgb(31,119,180)"},{"description":"Unknown/Left Blank","count":36,"tested":1824,"deaths":0,"color":"rgb(44,160,44)"}]}}]}
