{"lastUpdatedDate":{"year":2021,"month":4,"day":8},"county_demographics":[{"County":"Fayette","confirmed_cases":3110,"total_tested":30221,"demographics":{"age":[{"race":[],"age_group":"<20","count":380,"tested":3087,"deaths":0},{"race":[],"age_group":"20-29   ","count":465,"tested":4615,"deaths":0},{"race":[],"age_group":"30-39   ","count":469,"tested":5318,"deaths":0},{"race":[],"age_group":"40-49   ","count":490,"tested":5225,"deaths":0},{"race":[],"age_group":"50-59   ","count":492,"tested":4520,"deaths":0},{"race":[],"age_group":"60-69   ","count":400,"tested":3408,"deaths":0},{"race":[],"age_group":"70-79   ","count":260,"tested":1891,"deaths":0},{"race":[],"age_group":"80+","count":149,"tested":1681,"deaths":0},{"race":[],"age_group":"Unknown","count":0,"tested":476,"deaths":0}],"race":[{"description":"AI/AN**","count":0,"tested":0,"deaths":0,"color":"rgb(31,119,180)"},{"description":"Asian","count":6,"tested":12,"deaths":0,"color":"rgb(140,86,75)"},{"description":"Black","count":168,"tested":371,"deaths":0,"color":"rgb(255,127,14)"},{"description":"Hispanic","count":35,"tested":89,"deaths":0,"color":"rgb(214,39,40)"},{"description":"Left Blank","count":875,"tested":18808,"deaths":0,"color":"rgb(44,160,44)"},{"description":"NH/PI*","count":0,"tested":0,"deaths":0,"color":"rgb(127,127,127)"},{"description":"Other","count":67,"tested":1236,"deaths":0,"color":"rgb(148,103,189)"},{"description":"White","count":1950,"tested":9696,"deaths":0,"color":"rgb(31,119,180)"}],"gender":[{"description":"Female","count":1434,"tested":15171,"deaths":0,"color":"rgb(255,127,14)"},{"description":"Male","count":1641,"tested":10550,"deaths":0,"color":"rgb(31,119,180)"},{"description":"Unknown/Left Blank","count":35,"tested":4500,"deaths":0,"color":"rgb(44,160,44)"}]}}]}
