{"lastUpdatedDate":{"year":2021,"month":4,"day":8},"county_demographics":[{"County":"Christian","confirmed_cases":3447,"total_tested":49994,"demographics":{"age":[{"race":[],"age_group":"<20","count":358,"tested":4533,"deaths":0},{"race":[],"age_group":"20-29   ","count":525,"tested":7771,"deaths":0},{"race":[],"age_group":"30-39   ","count":499,"tested":8182,"deaths":0},{"race":[],"age_group":"40-49   ","count":558,"tested":7930,"deaths":0},{"race":[],"age_group":"50-59   ","count":583,"tested":7784,"deaths":0},{"race":[],"age_group":"60-69   ","count":414,"tested":5813,"deaths":0},{"race":[],"age_group":"70-79   ","count":265,"tested":3572,"deaths":0},{"race":[],"age_group":"80+","count":245,"tested":3796,"deaths":0},{"race":[],"age_group":"Unknown","count":0,"tested":613,"deaths":0}],"race":[{"description":"AI/AN**","count":0,"tested":31,"deaths":0,"color":"rgb(31,119,180)"},{"description":"Asian","count":0,"tested":83,"deaths":0,"color":"rgb(140,86,75)"},{"description":"Black","count":70,"tested":210,"deaths":0,"color":"rgb(255,127,14)"},{"description":"Hispanic","count":65,"tested":174,"deaths":0,"color":"rgb(214,39,40)"},{"description":"Left Blank","count":1521,"tested":27922,"deaths":0,"color":"rgb(44,160,44)"},{"description":"NH/PI*","count":0,"tested":13,"deaths":0,"color":"rgb(127,127,127)"},{"description":"Other","count":37,"tested":532,"deaths":0,"color":"rgb(148,103,189)"},{"description":"White","count":1744,"tested":21029,"deaths":0,"color":"rgb(31,119,180)"}],"gender":[{"description":"Female","count":1573,"tested":23809,"deaths":0,"color":"rgb(255,127,14)"},{"description":"Male","count":1664,"tested":15891,"deaths":0,"color":"rgb(31,119,180)"},{"description":"Unknown/Left Blank","count":210,"tested":10294,"deaths":0,"color":"rgb(44,160,44)"}]}}]}
