{"age":[{"age_group":"<20","count":630,"tested":8965},{"age_group":"20-29   ","count":634,"tested":8860},{"age_group":"30-39   ","count":449,"tested":8775},{"age_group":"40-49   ","count":464,"tested":7551},{"age_group":"50-59   ","count":571,"tested":11304},{"age_group":"60-69   ","count":388,"tested":8858},{"age_group":"70-79   ","count":207,"tested":4997},{"age_group":"80+","count":173,"tested":5058}],"race":[{"description":"White","count":1821,"tested":29117,"color":"rgb(31,119,180)"},{"description":"Other","count":126,"tested":1243,"color":"rgb(148,103,189)"},{"description":"Left Blank","count":917,"tested":23536,"color":"rgb(44,160,44)"},{"description":"Black","count":69,"tested":1144,"color":"rgb(255,127,14)"},{"description":"Asian","count":211,"tested":5252,"color":"rgb(140,86,75)"},{"description":"Hispanic","count":362,"tested":3946,"color":"rgb(214,39,40)"},{"description":"NH/PI*","count":7,"tested":103,"color":"rgb(127,127,127)"}],"gender":[{"description":"Unknown/Left Blank","count":30,"tested":1782,"color":"rgb(44,160,44)"},{"description":"Male","count":1682,"tested":25255,"color":"rgb(31,119,180)"},{"description":"Female","count":1804,"tested":37348,"color":"rgb(255,127,14)"}]}
