{"age":[{"age_group":"<20","count":85,"tested":720},{"age_group":"20-29   ","count":67,"tested":674},{"age_group":"30-39   ","count":64,"tested":945},{"age_group":"40-49   ","count":65,"tested":551},{"age_group":"50-59   ","count":83,"tested":910},{"age_group":"60-69   ","count":66,"tested":788},{"age_group":"70-79   ","count":21,"tested":788},{"age_group":"80+","count":17,"tested":1158}],"race":[{"description":"White","count":379,"tested":4963,"color":"rgb(31,119,180)"},{"description":"Left Blank","count":78,"tested":1373,"color":"rgb(44,160,44)"}],"gender":[{"description":"Female","count":246,"tested":4230,"color":"rgb(255,127,14)"},{"description":"Male","count":221,"tested":2252,"color":"rgb(31,119,180)"}]}
