{"age":[{"age_group":"<20","count":779,"tested":10865},{"age_group":"20-29   ","count":467,"tested":7602},{"age_group":"30-39   ","count":368,"tested":7869},{"age_group":"40-49   ","count":529,"tested":8857},{"age_group":"50-59   ","count":580,"tested":10097},{"age_group":"60-69   ","count":365,"tested":7365},{"age_group":"70-79   ","count":212,"tested":5510},{"age_group":"80+","count":254,"tested":9244}],"race":[{"description":"Black","count":42,"tested":514,"color":"rgb(255,127,14)"},{"description":"AI/AN**","count":7,"tested":111,"color":"rgb(31,119,180)"},{"description":"Other","count":162,"tested":1564,"color":"rgb(148,103,189)"},{"description":"Asian","count":148,"tested":3249,"color":"rgb(140,86,75)"},{"description":"Left Blank","count":884,"tested":31494,"color":"rgb(44,160,44)"},{"description":"White","count":2056,"tested":28441,"color":"rgb(31,119,180)"},{"description":"Hispanic","count":252,"tested":1994,"color":"rgb(214,39,40)"}],"gender":[{"description":"Male","count":1744,"tested":27015,"color":"rgb(31,119,180)"},{"description":"Unknown/Left Blank","count":38,"tested":1048,"color":"rgb(44,160,44)"},{"description":"Female","count":1772,"tested":39359,"color":"rgb(255,127,14)"}]}
