{"age":[{"age_group":"<20","count":346,"tested":2608},{"age_group":"20-29   ","count":455,"tested":6357},{"age_group":"30-39   ","count":422,"tested":6343},{"age_group":"40-49   ","count":361,"tested":6247},{"age_group":"50-59   ","count":302,"tested":5421},{"age_group":"60-69   ","count":174,"tested":3514},{"age_group":"70-79   ","count":88,"tested":1565},{"age_group":"80+","count":48,"tested":701}],"race":[{"description":"AI/AN**","count":18,"tested":67,"color":"rgb(31,119,180)"},{"description":"Other","count":79,"tested":1375,"color":"rgb(148,103,189)"},{"description":"Asian","count":8,"tested":156,"color":"rgb(140,86,75)"},{"description":"Black","count":318,"tested":3974,"color":"rgb(255,127,14)"},{"description":"Left Blank","count":642,"tested":17727,"color":"rgb(44,160,44)"},{"description":"White","count":469,"tested":6206,"color":"rgb(31,119,180)"},{"description":"Hispanic","count":661,"tested":3240,"color":"rgb(214,39,40)"}],"gender":[{"description":"Unknown/Left Blank","count":20,"tested":3243,"color":"rgb(44,160,44)"},{"description":"Male","count":1052,"tested":15085,"color":"rgb(31,119,180)"},{"description":"Female","count":1124,"tested":14432,"color":"rgb(255,127,14)"}]}
