{"age":[{"age_group":"<20","count":261,"tested":1968},{"age_group":"20-29   ","count":382,"tested":3453},{"age_group":"30-39   ","count":323,"tested":3410},{"age_group":"40-49   ","count":308,"tested":3173},{"age_group":"50-59   ","count":280,"tested":3253},{"age_group":"60-69   ","count":184,"tested":3344},{"age_group":"70-79   ","count":128,"tested":2259},{"age_group":"80+","count":157,"tested":1877}],"race":[{"description":"Left Blank","count":493,"tested":9361,"color":"rgb(44,160,44)"},{"description":"Other","count":88,"tested":1043,"color":"rgb(148,103,189)"},{"description":"Black","count":418,"tested":4319,"color":"rgb(255,127,14)"},{"description":"Hispanic","count":597,"tested":2815,"color":"rgb(214,39,40)"},{"description":"White","count":392,"tested":4989,"color":"rgb(31,119,180)"},{"description":"Asian","count":6,"tested":98,"color":"rgb(140,86,75)"},{"description":"AI/AN**","count":26,"tested":90,"color":"rgb(31,119,180)"}],"gender":[{"description":"Female","count":1119,"tested":13199,"color":"rgb(255,127,14)"},{"description":"Male","count":898,"tested":8979,"color":"rgb(31,119,180)"}]}
