{"age":[{"age_group":"<20","count":458,"tested":4556},{"age_group":"20-29   ","count":353,"tested":3419},{"age_group":"30-39   ","count":332,"tested":4401},{"age_group":"40-49   ","count":424,"tested":4630},{"age_group":"50-59   ","count":349,"tested":3905},{"age_group":"60-69   ","count":230,"tested":3274},{"age_group":"70-79   ","count":148,"tested":2384},{"age_group":"80+","count":91,"tested":1487}],"race":[{"description":"Black","count":43,"tested":465,"color":"rgb(255,127,14)"},{"description":"Asian","count":161,"tested":2091,"color":"rgb(140,86,75)"},{"description":"Hispanic","count":311,"tested":1794,"color":"rgb(214,39,40)"},{"description":"Left Blank","count":655,"tested":11466,"color":"rgb(44,160,44)"},{"description":"White","count":1121,"tested":11641,"color":"rgb(31,119,180)"},{"description":"Other","count":89,"tested":542,"color":"rgb(148,103,189)"},{"description":"NH/PI*","count":6,"tested":42,"color":"rgb(127,127,127)"}],"gender":[{"description":"Female","count":1215,"tested":15497,"color":"rgb(255,127,14)"},{"description":"Unknown/Left Blank","count":19,"tested":384,"color":"rgb(44,160,44)"},{"description":"Male","count":1153,"tested":12184,"color":"rgb(31,119,180)"}]}
