{"age":[{"age_group":"<20","count":428,"tested":2967},{"age_group":"20-29   ","count":529,"tested":4090},{"age_group":"30-39   ","count":465,"tested":4093},{"age_group":"40-49   ","count":485,"tested":3444},{"age_group":"50-59   ","count":413,"tested":3351},{"age_group":"60-69   ","count":225,"tested":2429},{"age_group":"70-79   ","count":108,"tested":1001},{"age_group":"80+","count":66,"tested":488}],"race":[{"description":"AI/AN**","count":57,"tested":201,"color":"rgb(31,119,180)"},{"description":"Hispanic","count":1154,"tested":5089,"color":"rgb(214,39,40)"},{"description":"White","count":347,"tested":3574,"color":"rgb(31,119,180)"},{"description":"Black","count":313,"tested":3649,"color":"rgb(255,127,14)"},{"description":"Other","count":159,"tested":1687,"color":"rgb(148,103,189)"},{"description":"Left Blank","count":684,"tested":7606,"color":"rgb(44,160,44)"}],"gender":[{"description":"Unknown/Left Blank","count":19,"tested":237,"color":"rgb(44,160,44)"},{"description":"Male","count":1287,"tested":9365,"color":"rgb(31,119,180)"},{"description":"Female","count":1414,"tested":12269,"color":"rgb(255,127,14)"}]}
