{"age":[{"age_group":"<20","count":247,"tested":2801},{"age_group":"20-29   ","count":416,"tested":14210},{"age_group":"30-39   ","count":336,"tested":17132},{"age_group":"40-49   ","count":343,"tested":17365},{"age_group":"50-59   ","count":307,"tested":11669},{"age_group":"60-69   ","count":150,"tested":6902},{"age_group":"70-79   ","count":92,"tested":3023},{"age_group":"80+","count":70,"tested":1849}],"race":[{"description":"Black","count":271,"tested":2667,"color":"rgb(255,127,14)"},{"description":"White","count":658,"tested":9061,"color":"rgb(31,119,180)"},{"description":"Asian","count":41,"tested":475,"color":"rgb(140,86,75)"},{"description":"Other","count":62,"tested":1094,"color":"rgb(148,103,189)"},{"description":"Left Blank","count":521,"tested":59793,"color":"rgb(44,160,44)"},{"description":"Hispanic","count":403,"tested":2481,"color":"rgb(214,39,40)"}],"gender":[{"description":"Unknown/Left Blank","count":36,"tested":26421,"color":"rgb(44,160,44)"},{"description":"Female","count":1025,"tested":13670,"color":"rgb(255,127,14)"},{"description":"Male","count":900,"tested":35560,"color":"rgb(31,119,180)"}]}
