{"age":[{"age_group":"<20","count":52,"tested":655},{"age_group":"20-29   ","count":53,"tested":563},{"age_group":"30-39   ","count":60,"tested":502},{"age_group":"40-49   ","count":39,"tested":272},{"age_group":"50-59   ","count":43,"tested":353},{"age_group":"60-69   ","count":31,"tested":341},{"age_group":"70-79   ","count":11,"tested":158},{"age_group":"80+","count":12,"tested":103}],"race":[{"description":"Other","count":17,"tested":97,"color":"rgb(148,103,189)"},{"description":"Hispanic","count":11,"tested":57,"color":"rgb(214,39,40)"},{"description":"Left Blank","count":71,"tested":966,"color":"rgb(44,160,44)"},{"description":"White","count":200,"tested":1789,"color":"rgb(31,119,180)"}],"gender":[{"description":"Female","count":167,"tested":1627,"color":"rgb(255,127,14)"},{"description":"Male","count":133,"tested":1232,"color":"rgb(31,119,180)"}]}
