{"age":[{"age_group":"<20","count":421,"tested":4725},{"age_group":"20-29   ","count":330,"tested":4732},{"age_group":"30-39   ","count":266,"tested":3854},{"age_group":"40-49   ","count":395,"tested":4878},{"age_group":"50-59   ","count":378,"tested":5451},{"age_group":"60-69   ","count":159,"tested":2969},{"age_group":"70-79   ","count":48,"tested":1201},{"age_group":"80+","count":27,"tested":437}],"race":[{"description":"Black","count":294,"tested":3384,"color":"rgb(255,127,14)"},{"description":"Asian","count":220,"tested":3189,"color":"rgb(140,86,75)"},{"description":"Hispanic","count":284,"tested":2160,"color":"rgb(214,39,40)"},{"description":"White","count":564,"tested":7172,"color":"rgb(31,119,180)"},{"description":"Left Blank","count":565,"tested":11004,"color":"rgb(44,160,44)"},{"description":"Other","count":86,"tested":1210,"color":"rgb(148,103,189)"},{"description":"NH/PI*","count":7,"tested":34,"color":"rgb(127,127,127)"}],"gender":[{"description":"Female","count":1017,"tested":15184,"color":"rgb(255,127,14)"},{"description":"Unknown/Left Blank","count":25,"tested":358,"color":"rgb(44,160,44)"},{"description":"Male","count":982,"tested":12707,"color":"rgb(31,119,180)"}]}
