{"age":[{"age_group":"<20","count":300,"tested":3534},{"age_group":"20-29   ","count":434,"tested":5726},{"age_group":"30-39   ","count":436,"tested":6089},{"age_group":"40-49   ","count":333,"tested":4732},{"age_group":"50-59   ","count":374,"tested":5937},{"age_group":"60-69   ","count":309,"tested":5253},{"age_group":"70-79   ","count":147,"tested":2379},{"age_group":"80+","count":96,"tested":1748}],"race":[{"description":"Left Blank","count":549,"tested":11765,"color":"rgb(44,160,44)"},{"description":"Other","count":28,"tested":498,"color":"rgb(148,103,189)"},{"description":"Black","count":1663,"tested":21389,"color":"rgb(255,127,14)"},{"description":"White","count":34,"tested":700,"color":"rgb(31,119,180)"},{"description":"Hispanic","count":146,"tested":915,"color":"rgb(214,39,40)"}],"gender":[{"description":"Male","count":1051,"tested":15481,"color":"rgb(31,119,180)"},{"description":"Unknown/Left Blank","count":13,"tested":799,"color":"rgb(44,160,44)"},{"description":"Female","count":1365,"tested":19132,"color":"rgb(255,127,14)"}]}
