{"age":[{"age_group":"<20","count":92,"tested":1061},{"age_group":"20-29   ","count":108,"tested":1186},{"age_group":"30-39   ","count":91,"tested":958},{"age_group":"40-49   ","count":117,"tested":899},{"age_group":"50-59   ","count":117,"tested":1261},{"age_group":"60-69   ","count":58,"tested":888},{"age_group":"70-79   ","count":37,"tested":439},{"age_group":"80+","count":7,"tested":183}],"race":[{"description":"Left Blank","count":125,"tested":1534,"color":"rgb(44,160,44)"},{"description":"Other","count":27,"tested":228,"color":"rgb(148,103,189)"},{"description":"Hispanic","count":32,"tested":249,"color":"rgb(214,39,40)"},{"description":"White","count":441,"tested":4751,"color":"rgb(31,119,180)"}],"gender":[{"description":"Female","count":304,"tested":3782,"color":"rgb(255,127,14)"},{"description":"Male","count":323,"tested":2983,"color":"rgb(31,119,180)"}]}
