{"age":[{"age_group":"<20","count":157,"tested":1716},{"age_group":"20-29   ","count":154,"tested":1711},{"age_group":"30-39   ","count":125,"tested":1848},{"age_group":"40-49   ","count":160,"tested":1980},{"age_group":"50-59   ","count":120,"tested":2472},{"age_group":"60-69   ","count":86,"tested":1570},{"age_group":"70-79   ","count":58,"tested":789},{"age_group":"80+","count":20,"tested":258}],"race":[{"description":"Left Blank","count":214,"tested":3922,"color":"rgb(44,160,44)"},{"description":"White","count":301,"tested":3932,"color":"rgb(31,119,180)"},{"description":"Hispanic","count":176,"tested":1402,"color":"rgb(214,39,40)"},{"description":"Other","count":53,"tested":545,"color":"rgb(148,103,189)"},{"description":"Black","count":82,"tested":1378,"color":"rgb(255,127,14)"},{"description":"Asian","count":52,"tested":1047,"color":"rgb(140,86,75)"}],"gender":[{"description":"Male","count":426,"tested":5360,"color":"rgb(31,119,180)"},{"description":"Female","count":448,"tested":6896,"color":"rgb(255,127,14)"}]}
