{"age":[{"age_group":"<20","count":73,"tested":719},{"age_group":"20-29   ","count":64,"tested":680},{"age_group":"30-39   ","count":68,"tested":542},{"age_group":"40-49   ","count":74,"tested":582},{"age_group":"50-59   ","count":67,"tested":756},{"age_group":"60-69   ","count":46,"tested":511},{"age_group":"70-79   ","count":22,"tested":307},{"age_group":"80+","count":9,"tested":172}],"race":[{"description":"Other","count":12,"tested":142,"color":"rgb(148,103,189)"},{"description":"Hispanic","count":22,"tested":133,"color":"rgb(214,39,40)"},{"description":"Left Blank","count":72,"tested":1153,"color":"rgb(44,160,44)"},{"description":"White","count":314,"tested":2807,"color":"rgb(31,119,180)"}],"gender":[{"description":"Female","count":213,"tested":2344,"color":"rgb(255,127,14)"},{"description":"Male","count":210,"tested":1837,"color":"rgb(31,119,180)"}]}
