{"age":[{"age_group":"<20","count":1328,"tested":12557},{"age_group":"20-29   ","count":1829,"tested":20741},{"age_group":"30-39   ","count":1725,"tested":22793},{"age_group":"40-49   ","count":1602,"tested":19018},{"age_group":"50-59   ","count":1270,"tested":17093},{"age_group":"60-69   ","count":856,"tested":13679},{"age_group":"70-79   ","count":356,"tested":6044},{"age_group":"80+","count":169,"tested":2982}],"race":[{"description":"AI/AN**","count":11,"tested":126,"color":"rgb(31,119,180)"},{"description":"White","count":1693,"tested":23709,"color":"rgb(31,119,180)"},{"description":"Other","count":457,"tested":5806,"color":"rgb(148,103,189)"},{"description":"Left Blank","count":1640,"tested":46769,"color":"rgb(44,160,44)"},{"description":"Black","count":156,"tested":2299,"color":"rgb(255,127,14)"},{"description":"Asian","count":227,"tested":3123,"color":"rgb(140,86,75)"},{"description":"Hispanic","count":4948,"tested":32983,"color":"rgb(214,39,40)"}],"gender":[{"description":"Male","count":4477,"tested":51977,"color":"rgb(31,119,180)"},{"description":"Unknown/Left Blank","count":100,"tested":2367,"color":"rgb(44,160,44)"},{"description":"Female","count":4558,"tested":60600,"color":"rgb(255,127,14)"}]}
