{"age":[{"age_group":"<20","count":513,"tested":6595},{"age_group":"20-29   ","count":427,"tested":6834},{"age_group":"30-39   ","count":420,"tested":5966},{"age_group":"40-49   ","count":401,"tested":6000},{"age_group":"50-59   ","count":407,"tested":6501},{"age_group":"60-69   ","count":318,"tested":6650},{"age_group":"70-79   ","count":234,"tested":5855},{"age_group":"80+","count":221,"tested":7819}],"race":[{"description":"Left Blank","count":723,"tested":22229,"color":"rgb(44,160,44)"},{"description":"Other","count":158,"tested":2486,"color":"rgb(148,103,189)"},{"description":"Black","count":243,"tested":4070,"color":"rgb(255,127,14)"},{"description":"White","count":1444,"tested":18851,"color":"rgb(31,119,180)"},{"description":"Hispanic","count":203,"tested":1644,"color":"rgb(214,39,40)"},{"description":"Asian","count":160,"tested":2895,"color":"rgb(140,86,75)"},{"description":"AI/AN**","count":8,"tested":57,"color":"rgb(31,119,180)"}],"gender":[{"description":"Female","count":1557,"tested":30974,"color":"rgb(255,127,14)"},{"description":"Male","count":1345,"tested":20336,"color":"rgb(31,119,180)"},{"description":"Unknown/Left Blank","count":39,"tested":959,"color":"rgb(44,160,44)"}]}
