{"age":[{"age_group":"<20","count":183,"tested":2024},{"age_group":"20-29   ","count":217,"tested":2591},{"age_group":"30-39   ","count":191,"tested":2369},{"age_group":"40-49   ","count":185,"tested":2077},{"age_group":"50-59   ","count":175,"tested":2908},{"age_group":"60-69   ","count":150,"tested":2705},{"age_group":"70-79   ","count":76,"tested":1697},{"age_group":"80+","count":58,"tested":1105}],"race":[{"description":"Hispanic","count":167,"tested":1014,"color":"rgb(214,39,40)"},{"description":"Left Blank","count":215,"tested":9122,"color":"rgb(44,160,44)"},{"description":"White","count":724,"tested":5979,"color":"rgb(31,119,180)"},{"description":"Other","count":45,"tested":338,"color":"rgb(148,103,189)"},{"description":"Asian","count":62,"tested":791,"color":"rgb(140,86,75)"},{"description":"Black","count":20,"tested":223,"color":"rgb(255,127,14)"}],"gender":[{"description":"Female","count":617,"tested":9737,"color":"rgb(255,127,14)"},{"description":"Male","count":613,"tested":7303,"color":"rgb(31,119,180)"}]}
