{"age":[{"age_group":"<20","count":433,"tested":6380},{"age_group":"20-29   ","count":432,"tested":5817},{"age_group":"30-39   ","count":415,"tested":5902},{"age_group":"40-49   ","count":376,"tested":5042},{"age_group":"50-59   ","count":398,"tested":6454},{"age_group":"60-69   ","count":280,"tested":5278},{"age_group":"70-79   ","count":130,"tested":3676},{"age_group":"80+","count":158,"tested":6773}],"race":[{"description":"Hispanic","count":306,"tested":2339,"color":"rgb(214,39,40)"},{"description":"Left Blank","count":550,"tested":17417,"color":"rgb(44,160,44)"},{"description":"Other","count":102,"tested":1031,"color":"rgb(148,103,189)"},{"description":"White","count":1462,"tested":21356,"color":"rgb(31,119,180)"},{"description":"Asian","count":135,"tested":2416,"color":"rgb(140,86,75)"},{"description":"Black","count":66,"tested":712,"color":"rgb(255,127,14)"}],"gender":[{"description":"Unknown/Left Blank","count":29,"tested":1629,"color":"rgb(44,160,44)"},{"description":"Male","count":1265,"tested":18784,"color":"rgb(31,119,180)"},{"description":"Female","count":1328,"tested":24917,"color":"rgb(255,127,14)"}]}
