{"age":[{"age_group":"<20","count":648,"tested":5211},{"age_group":"20-29   ","count":714,"tested":7158},{"age_group":"30-39   ","count":631,"tested":5379},{"age_group":"40-49   ","count":640,"tested":4855},{"age_group":"50-59   ","count":524,"tested":5272},{"age_group":"60-69   ","count":312,"tested":3948},{"age_group":"70-79   ","count":124,"tested":1806},{"age_group":"80+","count":76,"tested":1057}],"race":[{"description":"Black","count":289,"tested":3681,"color":"rgb(255,127,14)"},{"description":"White","count":481,"tested":6368,"color":"rgb(31,119,180)"},{"description":"Asian","count":51,"tested":748,"color":"rgb(140,86,75)"},{"description":"Other","count":119,"tested":1206,"color":"rgb(148,103,189)"},{"description":"Hispanic","count":2062,"tested":12233,"color":"rgb(214,39,40)"},{"description":"Left Blank","count":665,"tested":10271,"color":"rgb(44,160,44)"}],"gender":[{"description":"Male","count":1725,"tested":14084,"color":"rgb(31,119,180)"},{"description":"Female","count":1896,"tested":20186,"color":"rgb(255,127,14)"},{"description":"Unknown/Left Blank","count":50,"tested":426,"color":"rgb(44,160,44)"}]}
