{"lastUpdatedDate":{"year":2021,"month":1,"day":10},"county_demographics":[{"County":"Scott","confirmed_cases":352,"total_tested":5716,"demographics":{"age":[{"race":[],"age_group":"<20","count":44,"tested":729,"deaths":0},{"race":[],"age_group":"80+","count":17,"tested":629,"deaths":0},{"race":[],"age_group":"40-49   ","count":45,"tested":652,"deaths":0},{"race":[],"age_group":"70-79   ","count":27,"tested":482,"deaths":0},{"race":[],"age_group":"30-39   ","count":43,"tested":862,"deaths":0},{"race":[],"age_group":"20-29   ","count":55,"tested":718,"deaths":0},{"race":[],"age_group":"60-69   ","count":48,"tested":756,"deaths":0},{"race":[],"age_group":"50-59   ","count":73,"tested":888,"deaths":0}],"race":[{"description":"NH/PI*","count":0,"tested":0,"deaths":0,"color":"rgb(127,127,127)"},{"description":"Other","count":0,"tested":27,"deaths":0,"color":"rgb(148,103,189)"},{"description":"Black","count":0,"tested":16,"deaths":0,"color":"rgb(255,127,14)"},{"description":"Hispanic","count":0,"tested":16,"deaths":0,"color":"rgb(214,39,40)"},{"description":"White","count":197,"tested":3851,"deaths":0,"color":"rgb(31,119,180)"},{"description":"Asian","count":0,"tested":0,"deaths":0,"color":"rgb(140,86,75)"},{"description":"Left Blank","count":153,"tested":1800,"deaths":0,"color":"rgb(44,160,44)"}],"gender":[{"description":"Female","count":163,"tested":3684,"deaths":0,"color":"rgb(255,127,14)"},{"description":"Male","count":128,"tested":1569,"deaths":0,"color":"rgb(31,119,180)"},{"description":"Unknown/Left Blank","count":59,"tested":463,"deaths":0,"color":"rgb(44,160,44)"}]}}]}
