{"lastUpdatedDate":{"year":2021,"month":1,"day":10},"county_demographics":[{"County":"Stephenson","confirmed_cases":3408,"total_tested":36346,"demographics":{"age":[{"race":[],"age_group":"30-39   ","count":509,"tested":4802,"deaths":0},{"race":[],"age_group":"70-79   ","count":241,"tested":3147,"deaths":0},{"race":[],"age_group":"60-69   ","count":462,"tested":4725,"deaths":0},{"race":[],"age_group":"80+","count":213,"tested":4769,"deaths":0},{"race":[],"age_group":"<20","count":514,"tested":4579,"deaths":0},{"race":[],"age_group":"40-49   ","count":420,"tested":3845,"deaths":0},{"race":[],"age_group":"Unknown","count":0,"tested":17,"deaths":0},{"race":[],"age_group":"50-59   ","count":556,"tested":5356,"deaths":0},{"race":[],"age_group":"20-29   ","count":493,"tested":5106,"deaths":0}],"race":[{"description":"Hispanic","count":127,"tested":538,"deaths":0,"color":"rgb(214,39,40)"},{"description":"AI/AN**","count":0,"tested":15,"deaths":0,"color":"rgb(31,119,180)"},{"description":"Left Blank","count":792,"tested":15311,"deaths":0,"color":"rgb(44,160,44)"},{"description":"Black","count":192,"tested":1589,"deaths":0,"color":"rgb(255,127,14)"},{"description":"Other","count":38,"tested":452,"deaths":0,"color":"rgb(148,103,189)"},{"description":"White","count":2227,"tested":18333,"deaths":0,"color":"rgb(31,119,180)"},{"description":"Asian","count":16,"tested":96,"deaths":0,"color":"rgb(140,86,75)"},{"description":"NH/PI*","count":0,"tested":12,"deaths":0,"color":"rgb(127,127,127)"}],"gender":[{"description":"Female","count":1865,"tested":23149,"deaths":0,"color":"rgb(255,127,14)"},{"description":"Male","count":1502,"tested":12308,"deaths":0,"color":"rgb(31,119,180)"},{"description":"Unknown/Left Blank","count":37,"tested":889,"deaths":0,"color":"rgb(44,160,44)"}]}}]}
