{"lastUpdatedDate":{"year":2021,"month":1,"day":10},"county_demographics":[{"County":"Washington","confirmed_cases":1371,"total_tested":8813,"demographics":{"age":[{"race":[],"age_group":"Unknown","count":0,"tested":0,"deaths":0},{"race":[],"age_group":"30-39   ","count":191,"tested":1380,"deaths":0},{"race":[],"age_group":"40-49   ","count":185,"tested":1211,"deaths":0},{"race":[],"age_group":"70-79   ","count":92,"tested":752,"deaths":0},{"race":[],"age_group":"<20","count":188,"tested":1228,"deaths":0},{"race":[],"age_group":"20-29   ","count":178,"tested":1217,"deaths":0},{"race":[],"age_group":"60-69   ","count":204,"tested":1310,"deaths":0},{"race":[],"age_group":"50-59   ","count":222,"tested":1224,"deaths":0},{"race":[],"age_group":"80+","count":111,"tested":488,"deaths":0}],"race":[{"description":"Left Blank","count":446,"tested":2743,"deaths":0,"color":"rgb(44,160,44)"},{"description":"Other","count":14,"tested":176,"deaths":0,"color":"rgb(148,103,189)"},{"description":"Asian","count":0,"tested":19,"deaths":0,"color":"rgb(140,86,75)"},{"description":"Hispanic","count":11,"tested":68,"deaths":0,"color":"rgb(214,39,40)"},{"description":"Black","count":0,"tested":48,"deaths":0,"color":"rgb(255,127,14)"},{"description":"NH/PI*","count":0,"tested":0,"deaths":0,"color":"rgb(127,127,127)"},{"description":"White","count":892,"tested":5751,"deaths":0,"color":"rgb(31,119,180)"},{"description":"AI/AN**","count":0,"tested":0,"deaths":0,"color":"rgb(31,119,180)"}],"gender":[{"description":"Female","count":759,"tested":5308,"deaths":0,"color":"rgb(255,127,14)"},{"description":"Male","count":596,"tested":3302,"deaths":0,"color":"rgb(31,119,180)"},{"description":"Unknown/Left Blank","count":12,"tested":203,"deaths":0,"color":"rgb(44,160,44)"}]}}]}
