{"lastUpdatedDate":{"year":2021,"month":1,"day":10},"county_demographics":[{"County":"Winnebago","confirmed_cases":25397,"total_tested":257488,"demographics":{"age":[{"race":[],"age_group":"40-49   ","count":3859,"tested":35020,"deaths":0},{"race":[],"age_group":"20-29   ","count":4581,"tested":41350,"deaths":0},{"race":[],"age_group":"30-39   ","count":3877,"tested":38123,"deaths":0},{"race":[],"age_group":"50-59   ","count":3700,"tested":36705,"deaths":0},{"race":[],"age_group":"80+","count":1043,"tested":18731,"deaths":0},{"race":[],"age_group":"70-79   ","count":1601,"tested":19237,"deaths":0},{"race":[],"age_group":"<20","count":4041,"tested":38595,"deaths":0},{"race":[],"age_group":"60-69   ","count":2687,"tested":29691,"deaths":0},{"race":[],"age_group":"Unknown","count":6,"tested":36,"deaths":0}],"race":[{"description":"Asian","count":436,"tested":2577,"deaths":0,"color":"rgb(140,86,75)"},{"description":"White","count":11522,"tested":97363,"deaths":0,"color":"rgb(31,119,180)"},{"description":"Black","count":2450,"tested":18929,"deaths":0,"color":"rgb(255,127,14)"},{"description":"Left Blank","count":6145,"tested":116543,"deaths":0,"color":"rgb(44,160,44)"},{"description":"NH/PI*","count":11,"tested":78,"deaths":0,"color":"rgb(127,127,127)"},{"description":"Other","count":423,"tested":4468,"deaths":0,"color":"rgb(148,103,189)"},{"description":"Hispanic","count":4391,"tested":17404,"deaths":0,"color":"rgb(214,39,40)"},{"description":"AI/AN**","count":17,"tested":126,"deaths":0,"color":"rgb(31,119,180)"}],"gender":[{"description":"Female","count":13531,"tested":151194,"deaths":0,"color":"rgb(255,127,14)"},{"description":"Male","count":11688,"tested":100605,"deaths":0,"color":"rgb(31,119,180)"},{"description":"Unknown/Left Blank","count":175,"tested":5689,"deaths":0,"color":"rgb(44,160,44)"}]}}]}
