{"lastUpdatedDate":{"year":2021,"month":1,"day":10},"county_demographics":[{"County":"Peoria","confirmed_cases":14289,"total_tested":204593,"demographics":{"age":[{"race":[],"age_group":"20-29   ","count":2745,"tested":36176,"deaths":0},{"race":[],"age_group":"70-79   ","count":863,"tested":14669,"deaths":0},{"race":[],"age_group":"60-69   ","count":1543,"tested":23928,"deaths":0},{"race":[],"age_group":"80+","count":578,"tested":12957,"deaths":0},{"race":[],"age_group":"30-39   ","count":2137,"tested":31456,"deaths":0},{"race":[],"age_group":"40-49   ","count":1940,"tested":26995,"deaths":0},{"race":[],"age_group":"50-59   ","count":2058,"tested":27847,"deaths":0},{"race":[],"age_group":"<20","count":2424,"tested":30281,"deaths":0},{"race":[],"age_group":"Unknown","count":0,"tested":284,"deaths":0}],"race":[{"description":"Hispanic","count":926,"tested":2073,"deaths":0,"color":"rgb(214,39,40)"},{"description":"Asian","count":157,"tested":1188,"deaths":0,"color":"rgb(140,86,75)"},{"description":"Left Blank","count":2155,"tested":131309,"deaths":0,"color":"rgb(44,160,44)"},{"description":"White","count":8336,"tested":51647,"deaths":0,"color":"rgb(31,119,180)"},{"description":"AI/AN**","count":14,"tested":101,"deaths":0,"color":"rgb(31,119,180)"},{"description":"Black","count":2341,"tested":13418,"deaths":0,"color":"rgb(255,127,14)"},{"description":"NH/PI*","count":11,"tested":76,"deaths":0,"color":"rgb(127,127,127)"},{"description":"Other","count":347,"tested":4781,"deaths":0,"color":"rgb(148,103,189)"}],"gender":[{"description":"Female","count":7704,"tested":115391,"deaths":0,"color":"rgb(255,127,14)"},{"description":"Male","count":6393,"tested":79898,"deaths":0,"color":"rgb(31,119,180)"},{"description":"Unknown/Left Blank","count":190,"tested":9304,"deaths":0,"color":"rgb(44,160,44)"}]}}]}
