{"lastUpdatedDate":{"year":2021,"month":1,"day":10},"county_demographics":[{"County":"Rock Island","confirmed_cases":11514,"total_tested":126541,"demographics":{"age":[{"race":[],"age_group":"50-59   ","count":1655,"tested":17122,"deaths":0},{"race":[],"age_group":"70-79   ","count":807,"tested":10986,"deaths":0},{"race":[],"age_group":"20-29   ","count":1939,"tested":18521,"deaths":0},{"race":[],"age_group":"<20","count":1445,"tested":14249,"deaths":0},{"race":[],"age_group":"60-69   ","count":1430,"tested":16799,"deaths":0},{"race":[],"age_group":"Unknown","count":0,"tested":1610,"deaths":0},{"race":[],"age_group":"40-49   ","count":1685,"tested":16633,"deaths":0},{"race":[],"age_group":"80+","count":710,"tested":12705,"deaths":0},{"race":[],"age_group":"30-39   ","count":1843,"tested":17916,"deaths":0}],"race":[{"description":"Asian","count":98,"tested":681,"deaths":0,"color":"rgb(140,86,75)"},{"description":"Black","count":734,"tested":6977,"deaths":0,"color":"rgb(255,127,14)"},{"description":"NH/PI*","count":0,"tested":55,"deaths":0,"color":"rgb(127,127,127)"},{"description":"Other","count":257,"tested":2258,"deaths":0,"color":"rgb(148,103,189)"},{"description":"Left Blank","count":5983,"tested":71499,"deaths":0,"color":"rgb(44,160,44)"},{"description":"AI/AN**","count":6,"tested":46,"deaths":0,"color":"rgb(31,119,180)"},{"description":"Hispanic","count":936,"tested":4810,"deaths":0,"color":"rgb(214,39,40)"},{"description":"White","count":3489,"tested":40215,"deaths":0,"color":"rgb(31,119,180)"}],"gender":[{"description":"Female","count":6104,"tested":75157,"deaths":0,"color":"rgb(255,127,14)"},{"description":"Male","count":5332,"tested":47796,"deaths":0,"color":"rgb(31,119,180)"},{"description":"Unknown/Left Blank","count":78,"tested":3588,"deaths":0,"color":"rgb(44,160,44)"}]}}]}
