{"lastUpdatedDate":{"year":2020,"month":11,"day":6},"county_demographics":[{"County":"Edwards","confirmed_cases":129,"total_tested":1245,"demographics":{"age":[{"age_group":"<20","count":0,"tested":281},{"age_group":"20-29   ","count":0,"tested":196},{"age_group":"30-39   ","count":0,"tested":150},{"age_group":"40-49   ","count":0,"tested":180},{"age_group":"50-59   ","count":0,"tested":175},{"age_group":"60-69   ","count":0,"tested":124},{"age_group":"70-79   ","count":0,"tested":89},{"age_group":"80+","count":0,"tested":49},{"age_group":"Unknown","count":0,"tested":0}],"race":[{"description":"Asian","count":0,"tested":0,"color":"rgb(140,86,75)"},{"description":"Black","count":0,"tested":0,"color":"rgb(255,127,14)"},{"description":"Hispanic","count":0,"tested":0,"color":"rgb(214,39,40)"},{"description":"Left Blank","count":0,"tested":352,"color":"rgb(44,160,44)"},{"description":"Other","count":0,"tested":0,"color":"rgb(148,103,189)"},{"description":"White","count":0,"tested":879,"color":"rgb(31,119,180)"}],"gender":[{"description":"Female","count":0,"tested":786,"color":"rgb(255,127,14)"},{"description":"Male","count":0,"tested":418,"color":"rgb(31,119,180)"},{"description":"Unknown/Left Blank","count":0,"tested":41,"color":"rgb(44,160,44)"}]}}]}
