{"lastUpdatedDate":{"year":2020,"month":11,"day":6},"county_demographics":[{"County":"Pulaski","confirmed_cases":269,"total_tested":2296,"demographics":{"age":[{"age_group":"<20","count":0,"tested":241},{"age_group":"20-29   ","count":0,"tested":395},{"age_group":"30-39   ","count":0,"tested":469},{"age_group":"40-49   ","count":0,"tested":392},{"age_group":"50-59   ","count":0,"tested":349},{"age_group":"60-69   ","count":0,"tested":302},{"age_group":"70-79   ","count":0,"tested":107},{"age_group":"80+","count":0,"tested":41}],"race":[{"description":"Asian","count":0,"tested":6,"color":"rgb(140,86,75)"},{"description":"Black","count":0,"tested":360,"color":"rgb(255,127,14)"},{"description":"Hispanic","count":0,"tested":271,"color":"rgb(214,39,40)"},{"description":"Left Blank","count":0,"tested":872,"color":"rgb(44,160,44)"},{"description":"Other","count":0,"tested":25,"color":"rgb(148,103,189)"},{"description":"White","count":0,"tested":762,"color":"rgb(31,119,180)"}],"gender":[{"description":"Female","count":0,"tested":1012,"color":"rgb(255,127,14)"},{"description":"Male","count":0,"tested":1041,"color":"rgb(31,119,180)"},{"description":"Unknown/Left Blank","count":0,"tested":243,"color":"rgb(44,160,44)"}]}}]}
