{"lastUpdatedDate":{"year":2020,"month":11,"day":6},"county_demographics":[{"County":"Christian","confirmed_cases":1083,"total_tested":15668,"demographics":{"age":[{"age_group":"<20","count":0,"tested":1595},{"age_group":"20-29   ","count":0,"tested":2240},{"age_group":"30-39   ","count":0,"tested":1945},{"age_group":"40-49   ","count":0,"tested":1787},{"age_group":"50-59   ","count":0,"tested":2296},{"age_group":"60-69   ","count":0,"tested":2246},{"age_group":"70-79   ","count":0,"tested":1718},{"age_group":"80+","count":0,"tested":1838},{"age_group":"Unknown","count":0,"tested":0}],"race":[{"description":"AI/AN**","count":0,"tested":0,"color":"rgb(31,119,180)"},{"description":"Asian","count":0,"tested":30,"color":"rgb(140,86,75)"},{"description":"Black","count":0,"tested":71,"color":"rgb(255,127,14)"},{"description":"Hispanic","count":0,"tested":69,"color":"rgb(214,39,40)"},{"description":"Left Blank","count":0,"tested":7784,"color":"rgb(44,160,44)"},{"description":"NH/PI*","count":0,"tested":0,"color":"rgb(127,127,127)"},{"description":"Other","count":0,"tested":263,"color":"rgb(148,103,189)"},{"description":"White","count":0,"tested":7445,"color":"rgb(31,119,180)"}],"gender":[{"description":"Female","count":0,"tested":9513,"color":"rgb(255,127,14)"},{"description":"Male","count":0,"tested":5968,"color":"rgb(31,119,180)"},{"description":"Unknown/Left Blank","count":0,"tested":187,"color":"rgb(44,160,44)"}]}}]}
