{"lastUpdatedDate":{"year":2020,"month":11,"day":6},"county_demographics":[{"County":"De Witt","confirmed_cases":398,"total_tested":6795,"demographics":{"age":[{"age_group":"<20","count":0,"tested":1151},{"age_group":"20-29   ","count":0,"tested":1007},{"age_group":"30-39   ","count":0,"tested":904},{"age_group":"40-49   ","count":0,"tested":815},{"age_group":"50-59   ","count":0,"tested":952},{"age_group":"60-69   ","count":0,"tested":865},{"age_group":"70-79   ","count":0,"tested":635},{"age_group":"80+","count":0,"tested":465},{"age_group":"Unknown","count":0,"tested":0}],"race":[{"description":"AI/AN**","count":0,"tested":0,"color":"rgb(31,119,180)"},{"description":"Asian","count":0,"tested":10,"color":"rgb(140,86,75)"},{"description":"Black","count":0,"tested":43,"color":"rgb(255,127,14)"},{"description":"Hispanic","count":0,"tested":41,"color":"rgb(214,39,40)"},{"description":"Left Blank","count":0,"tested":3201,"color":"rgb(44,160,44)"},{"description":"NH/PI*","count":0,"tested":0,"color":"rgb(127,127,127)"},{"description":"Other","count":0,"tested":112,"color":"rgb(148,103,189)"},{"description":"White","count":0,"tested":3382,"color":"rgb(31,119,180)"}],"gender":[{"description":"Female","count":0,"tested":3985,"color":"rgb(255,127,14)"},{"description":"Male","count":0,"tested":2612,"color":"rgb(31,119,180)"},{"description":"Unknown/Left Blank","count":0,"tested":198,"color":"rgb(44,160,44)"}]}}]}
