{"lastUpdatedDate":{"year":2020,"month":11,"day":6},"county_demographics":[{"County":"Will","confirmed_cases":23279,"total_tested":309693,"demographics":{"age":[{"age_group":"<20","count":0,"tested":34516},{"age_group":"20-29   ","count":0,"tested":50398},{"age_group":"30-39   ","count":0,"tested":44450},{"age_group":"40-49   ","count":0,"tested":45674},{"age_group":"50-59   ","count":0,"tested":51352},{"age_group":"60-69   ","count":0,"tested":38516},{"age_group":"70-79   ","count":0,"tested":24494},{"age_group":"80+","count":0,"tested":19856},{"age_group":"Unknown","count":0,"tested":437}],"race":[{"description":"AI/AN**","count":0,"tested":398,"color":"rgb(31,119,180)"},{"description":"Asian","count":0,"tested":6342,"color":"rgb(140,86,75)"},{"description":"Black","count":0,"tested":24843,"color":"rgb(255,127,14)"},{"description":"Hispanic","count":0,"tested":19952,"color":"rgb(214,39,40)"},{"description":"Left Blank","count":0,"tested":146881,"color":"rgb(44,160,44)"},{"description":"NH/PI*","count":0,"tested":207,"color":"rgb(127,127,127)"},{"description":"Other","count":0,"tested":11517,"color":"rgb(148,103,189)"},{"description":"White","count":0,"tested":99553,"color":"rgb(31,119,180)"}],"gender":[{"description":"Female","count":0,"tested":172482,"color":"rgb(255,127,14)"},{"description":"Male","count":0,"tested":132319,"color":"rgb(31,119,180)"},{"description":"Unknown/Left Blank","count":0,"tested":4892,"color":"rgb(44,160,44)"}]}}]}
