{"lastUpdatedDate":{"year":2020,"month":12,"day":11},"county_demographics":[{"County":"Greene","confirmed_cases":977,"total_tested":8289,"demographics":{"age":[{"race":[],"age_group":"<20","count":89,"tested":1078,"deaths":0},{"race":[],"age_group":"20-29   ","count":128,"tested":1148,"deaths":0},{"race":[],"age_group":"30-39   ","count":138,"tested":1250,"deaths":0},{"race":[],"age_group":"40-49   ","count":119,"tested":1051,"deaths":0},{"race":[],"age_group":"50-59   ","count":183,"tested":1306,"deaths":0},{"race":[],"age_group":"60-69   ","count":118,"tested":1003,"deaths":0},{"race":[],"age_group":"70-79   ","count":104,"tested":746,"deaths":0},{"race":[],"age_group":"80+","count":88,"tested":706,"deaths":0},{"race":[],"age_group":"Unknown","count":7,"tested":0,"deaths":0}],"race":[{"description":"AI/AN**","count":0,"tested":0,"deaths":0,"color":"rgb(31,119,180)"},{"description":"Asian","count":0,"tested":7,"deaths":0,"color":"rgb(140,86,75)"},{"description":"Black","count":0,"tested":29,"deaths":0,"color":"rgb(255,127,14)"},{"description":"Hispanic","count":0,"tested":12,"deaths":0,"color":"rgb(214,39,40)"},{"description":"Left Blank","count":480,"tested":4734,"deaths":0,"color":"rgb(44,160,44)"},{"description":"NH/PI*","count":0,"tested":0,"deaths":0,"color":"rgb(127,127,127)"},{"description":"Other","count":7,"tested":51,"deaths":0,"color":"rgb(148,103,189)"},{"description":"White","count":488,"tested":3452,"deaths":0,"color":"rgb(31,119,180)"}],"gender":[{"description":"Female","count":494,"tested":4965,"deaths":0,"color":"rgb(255,127,14)"},{"description":"Male","count":377,"tested":2726,"deaths":0,"color":"rgb(31,119,180)"},{"description":"Unknown/Left Blank","count":106,"tested":598,"deaths":0,"color":"rgb(44,160,44)"}]}}]}
