{"lastUpdatedDate":{"year":2020,"month":12,"day":11},"county_demographics":[{"County":"Cass","confirmed_cases":1277,"total_tested":10296,"demographics":{"age":[{"race":[],"age_group":"<20","count":203,"tested":1667,"deaths":0},{"race":[],"age_group":"20-29   ","count":230,"tested":1629,"deaths":0},{"race":[],"age_group":"30-39   ","count":213,"tested":1507,"deaths":0},{"race":[],"age_group":"40-49   ","count":168,"tested":1308,"deaths":0},{"race":[],"age_group":"50-59   ","count":182,"tested":1443,"deaths":0},{"race":[],"age_group":"60-69   ","count":126,"tested":1158,"deaths":0},{"race":[],"age_group":"70-79   ","count":74,"tested":768,"deaths":0},{"race":[],"age_group":"80+","count":81,"tested":814,"deaths":0},{"race":[],"age_group":"Unknown","count":0,"tested":0,"deaths":0}],"race":[{"description":"AI/AN**","count":0,"tested":9,"deaths":0,"color":"rgb(31,119,180)"},{"description":"Asian","count":10,"tested":25,"deaths":0,"color":"rgb(140,86,75)"},{"description":"Black","count":42,"tested":313,"deaths":0,"color":"rgb(255,127,14)"},{"description":"Hispanic","count":408,"tested":1517,"deaths":0,"color":"rgb(214,39,40)"},{"description":"Left Blank","count":168,"tested":2982,"deaths":0,"color":"rgb(44,160,44)"},{"description":"NH/PI*","count":0,"tested":0,"deaths":0,"color":"rgb(127,127,127)"},{"description":"Other","count":0,"tested":140,"deaths":0,"color":"rgb(148,103,189)"},{"description":"White","count":640,"tested":5305,"deaths":0,"color":"rgb(31,119,180)"}],"gender":[{"description":"Female","count":690,"tested":6187,"deaths":0,"color":"rgb(255,127,14)"},{"description":"Male","count":539,"tested":3884,"deaths":0,"color":"rgb(31,119,180)"},{"description":"Unknown/Left Blank","count":48,"tested":225,"deaths":0,"color":"rgb(44,160,44)"}]}}]}
