{"lastUpdatedDate":{"year":2020,"month":12,"day":11},"county_demographics":[{"County":"Union","confirmed_cases":1391,"total_tested":16396,"demographics":{"age":[{"race":[],"age_group":"<20","count":164,"tested":1483,"deaths":0},{"race":[],"age_group":"20-29   ","count":219,"tested":2407,"deaths":0},{"race":[],"age_group":"30-39   ","count":188,"tested":2392,"deaths":0},{"race":[],"age_group":"40-49   ","count":195,"tested":2397,"deaths":0},{"race":[],"age_group":"50-59   ","count":218,"tested":2749,"deaths":0},{"race":[],"age_group":"60-69   ","count":178,"tested":2102,"deaths":0},{"race":[],"age_group":"70-79   ","count":117,"tested":1322,"deaths":0},{"race":[],"age_group":"80+","count":86,"tested":1539,"deaths":0},{"race":[],"age_group":"Unknown","count":0,"tested":0,"deaths":0}],"race":[{"description":"AI/AN**","count":0,"tested":0,"deaths":0,"color":"rgb(31,119,180)"},{"description":"Asian","count":0,"tested":34,"deaths":0,"color":"rgb(140,86,75)"},{"description":"Black","count":54,"tested":494,"deaths":0,"color":"rgb(255,127,14)"},{"description":"Hispanic","count":70,"tested":364,"deaths":0,"color":"rgb(214,39,40)"},{"description":"Left Blank","count":192,"tested":4282,"deaths":0,"color":"rgb(44,160,44)"},{"description":"NH/PI*","count":0,"tested":19,"deaths":0,"color":"rgb(127,127,127)"},{"description":"Other","count":7,"tested":112,"deaths":0,"color":"rgb(148,103,189)"},{"description":"White","count":1059,"tested":11089,"deaths":0,"color":"rgb(31,119,180)"}],"gender":[{"description":"Female","count":678,"tested":8754,"deaths":0,"color":"rgb(255,127,14)"},{"description":"Male","count":652,"tested":6853,"deaths":0,"color":"rgb(31,119,180)"},{"description":"Unknown/Left Blank","count":61,"tested":789,"deaths":0,"color":"rgb(44,160,44)"}]}}]}
