{"lastUpdatedDate":{"year":2020,"month":12,"day":11},"county_demographics":[{"County":"Kendall","confirmed_cases":7241,"total_tested":71714,"demographics":{"age":[{"race":[],"age_group":"<20","count":1205,"tested":11766,"deaths":0},{"race":[],"age_group":"20-29   ","count":1310,"tested":11775,"deaths":0},{"race":[],"age_group":"30-39   ","count":1316,"tested":12444,"deaths":0},{"race":[],"age_group":"40-49   ","count":1371,"tested":12224,"deaths":0},{"race":[],"age_group":"50-59   ","count":1041,"tested":9991,"deaths":0},{"race":[],"age_group":"60-69   ","count":537,"tested":6541,"deaths":0},{"race":[],"age_group":"70-79   ","count":281,"tested":3946,"deaths":0},{"race":[],"age_group":"80+","count":163,"tested":3007,"deaths":0},{"race":[],"age_group":"Unknown","count":0,"tested":20,"deaths":0}],"race":[{"description":"AI/AN**","count":8,"tested":51,"deaths":0,"color":"rgb(31,119,180)"},{"description":"Asian","count":106,"tested":1146,"deaths":0,"color":"rgb(140,86,75)"},{"description":"Black","count":436,"tested":3638,"deaths":0,"color":"rgb(255,127,14)"},{"description":"Hispanic","count":1664,"tested":8015,"deaths":0,"color":"rgb(214,39,40)"},{"description":"Left Blank","count":2166,"tested":29699,"deaths":0,"color":"rgb(44,160,44)"},{"description":"NH/PI*","count":0,"tested":31,"deaths":0,"color":"rgb(127,127,127)"},{"description":"Other","count":181,"tested":2223,"deaths":0,"color":"rgb(148,103,189)"},{"description":"White","count":2676,"tested":26911,"deaths":0,"color":"rgb(31,119,180)"}],"gender":[{"description":"Female","count":3834,"tested":41090,"deaths":0,"color":"rgb(255,127,14)"},{"description":"Male","count":3382,"tested":29522,"deaths":0,"color":"rgb(31,119,180)"},{"description":"Unknown/Left Blank","count":21,"tested":1102,"deaths":0,"color":"rgb(44,160,44)"}]}}]}
