{"lastUpdatedDate":{"year":2020,"month":12,"day":11},"county_demographics":[{"County":"DuPage","confirmed_cases":53456,"total_tested":674439,"demographics":{"age":[{"race":[],"age_group":"<20","count":8224,"tested":77180,"deaths":0},{"race":[],"age_group":"20-29   ","count":9652,"tested":105981,"deaths":0},{"race":[],"age_group":"30-39   ","count":8245,"tested":97303,"deaths":0},{"race":[],"age_group":"40-49   ","count":8219,"tested":88371,"deaths":0},{"race":[],"age_group":"50-59   ","count":8402,"tested":102536,"deaths":0},{"race":[],"age_group":"60-69   ","count":5674,"tested":88793,"deaths":0},{"race":[],"age_group":"70-79   ","count":2742,"tested":53489,"deaths":0},{"race":[],"age_group":"80+","count":2293,"tested":60377,"deaths":0},{"race":[],"age_group":"Unknown","count":0,"tested":409,"deaths":0}],"race":[{"description":"AI/AN**","count":52,"tested":433,"deaths":0,"color":"rgb(31,119,180)"},{"description":"Asian","count":2579,"tested":25002,"deaths":0,"color":"rgb(140,86,75)"},{"description":"Black","count":1811,"tested":18724,"deaths":0,"color":"rgb(255,127,14)"},{"description":"Hispanic","count":9039,"tested":35940,"deaths":0,"color":"rgb(214,39,40)"},{"description":"Left Blank","count":18931,"tested":371496,"deaths":0,"color":"rgb(44,160,44)"},{"description":"NH/PI*","count":51,"tested":447,"deaths":0,"color":"rgb(127,127,127)"},{"description":"Other","count":1780,"tested":18852,"deaths":0,"color":"rgb(148,103,189)"},{"description":"White","count":19211,"tested":203545,"deaths":0,"color":"rgb(31,119,180)"}],"gender":[{"description":"Female","count":27402,"tested":381940,"deaths":0,"color":"rgb(255,127,14)"},{"description":"Male","count":25742,"tested":276639,"deaths":0,"color":"rgb(31,119,180)"},{"description":"Unknown/Left Blank","count":312,"tested":15860,"deaths":0,"color":"rgb(44,160,44)"}]}}]}
