{"lastUpdatedDate":{"year":2020,"month":12,"day":11},"county_demographics":[{"County":"Johnson","confirmed_cases":854,"total_tested":7297,"demographics":{"age":[{"race":[],"age_group":"<20","count":86,"tested":847,"deaths":0},{"race":[],"age_group":"20-29   ","count":141,"tested":1019,"deaths":0},{"race":[],"age_group":"30-39   ","count":138,"tested":1097,"deaths":0},{"race":[],"age_group":"40-49   ","count":139,"tested":1020,"deaths":0},{"race":[],"age_group":"50-59   ","count":141,"tested":1088,"deaths":0},{"race":[],"age_group":"60-69   ","count":87,"tested":953,"deaths":0},{"race":[],"age_group":"70-79   ","count":62,"tested":625,"deaths":0},{"race":[],"age_group":"80+","count":43,"tested":647,"deaths":0},{"race":[],"age_group":"Unknown","count":0,"tested":0,"deaths":0}],"race":[{"description":"AI/AN**","count":0,"tested":0,"deaths":0,"color":"rgb(31,119,180)"},{"description":"Asian","count":0,"tested":43,"deaths":0,"color":"rgb(140,86,75)"},{"description":"Black","count":87,"tested":251,"deaths":0,"color":"rgb(255,127,14)"},{"description":"Hispanic","count":56,"tested":167,"deaths":0,"color":"rgb(214,39,40)"},{"description":"Left Blank","count":165,"tested":2562,"deaths":0,"color":"rgb(44,160,44)"},{"description":"NH/PI*","count":0,"tested":0,"deaths":0,"color":"rgb(127,127,127)"},{"description":"Other","count":0,"tested":68,"deaths":0,"color":"rgb(148,103,189)"},{"description":"White","count":538,"tested":4202,"deaths":0,"color":"rgb(31,119,180)"}],"gender":[{"description":"Female","count":329,"tested":3885,"deaths":0,"color":"rgb(255,127,14)"},{"description":"Male","count":488,"tested":2921,"deaths":0,"color":"rgb(31,119,180)"},{"description":"Unknown/Left Blank","count":37,"tested":491,"deaths":0,"color":"rgb(44,160,44)"}]}}]}
