{"lastUpdatedDate":{"year":2020,"month":12,"day":11},"county_demographics":[{"County":"Piatt","confirmed_cases":888,"total_tested":17607,"demographics":{"age":[{"race":[],"age_group":"<20","count":138,"tested":3577,"deaths":0},{"race":[],"age_group":"20-29   ","count":127,"tested":2355,"deaths":0},{"race":[],"age_group":"30-39   ","count":133,"tested":2378,"deaths":0},{"race":[],"age_group":"40-49   ","count":144,"tested":2239,"deaths":0},{"race":[],"age_group":"50-59   ","count":132,"tested":2201,"deaths":0},{"race":[],"age_group":"60-69   ","count":128,"tested":2085,"deaths":0},{"race":[],"age_group":"70-79   ","count":58,"tested":1279,"deaths":0},{"race":[],"age_group":"80+","count":27,"tested":1491,"deaths":0},{"race":[],"age_group":"Unknown","count":0,"tested":0,"deaths":0}],"race":[{"description":"AI/AN**","count":0,"tested":29,"deaths":0,"color":"rgb(31,119,180)"},{"description":"Asian","count":0,"tested":87,"deaths":0,"color":"rgb(140,86,75)"},{"description":"Black","count":6,"tested":112,"deaths":0,"color":"rgb(255,127,14)"},{"description":"Hispanic","count":6,"tested":129,"deaths":0,"color":"rgb(214,39,40)"},{"description":"Left Blank","count":186,"tested":4791,"deaths":0,"color":"rgb(44,160,44)"},{"description":"NH/PI*","count":0,"tested":6,"deaths":0,"color":"rgb(127,127,127)"},{"description":"Other","count":20,"tested":459,"deaths":0,"color":"rgb(148,103,189)"},{"description":"White","count":667,"tested":11994,"deaths":0,"color":"rgb(31,119,180)"}],"gender":[{"description":"Female","count":461,"tested":10449,"deaths":0,"color":"rgb(255,127,14)"},{"description":"Male","count":426,"tested":7027,"deaths":0,"color":"rgb(31,119,180)"},{"description":"Unknown/Left Blank","count":0,"tested":131,"deaths":0,"color":"rgb(44,160,44)"}]}}]}
