{"lastUpdatedDate":{"year":2020,"month":12,"day":11},"county_demographics":[{"County":"Lee","confirmed_cases":2299,"total_tested":20906,"demographics":{"age":[{"race":[],"age_group":"<20","count":253,"tested":2406,"deaths":0},{"race":[],"age_group":"20-29   ","count":396,"tested":3277,"deaths":0},{"race":[],"age_group":"30-39   ","count":357,"tested":3103,"deaths":0},{"race":[],"age_group":"40-49   ","count":368,"tested":3203,"deaths":0},{"race":[],"age_group":"50-59   ","count":375,"tested":3123,"deaths":0},{"race":[],"age_group":"60-69   ","count":265,"tested":2902,"deaths":0},{"race":[],"age_group":"70-79   ","count":153,"tested":1365,"deaths":0},{"race":[],"age_group":"80+","count":130,"tested":1527,"deaths":0},{"race":[],"age_group":"Unknown","count":0,"tested":0,"deaths":0}],"race":[{"description":"AI/AN**","count":0,"tested":0,"deaths":0,"color":"rgb(31,119,180)"},{"description":"Asian","count":10,"tested":79,"deaths":0,"color":"rgb(140,86,75)"},{"description":"Black","count":95,"tested":757,"deaths":0,"color":"rgb(255,127,14)"},{"description":"Hispanic","count":53,"tested":327,"deaths":0,"color":"rgb(214,39,40)"},{"description":"Left Blank","count":745,"tested":8371,"deaths":0,"color":"rgb(44,160,44)"},{"description":"NH/PI*","count":0,"tested":0,"deaths":0,"color":"rgb(127,127,127)"},{"description":"Other","count":67,"tested":343,"deaths":0,"color":"rgb(148,103,189)"},{"description":"White","count":1326,"tested":11024,"deaths":0,"color":"rgb(31,119,180)"}],"gender":[{"description":"Female","count":1028,"tested":10009,"deaths":0,"color":"rgb(255,127,14)"},{"description":"Male","count":1243,"tested":8338,"deaths":0,"color":"rgb(31,119,180)"},{"description":"Unknown/Left Blank","count":26,"tested":2559,"deaths":0,"color":"rgb(44,160,44)"}]}}]}
