{"lastUpdatedDate":{"year":2020,"month":12,"day":11},"county_demographics":[{"County":"Jasper","confirmed_cases":777,"total_tested":6094,"demographics":{"age":[{"race":[],"age_group":"<20","count":121,"tested":812,"deaths":0},{"race":[],"age_group":"20-29   ","count":91,"tested":689,"deaths":0},{"race":[],"age_group":"30-39   ","count":98,"tested":656,"deaths":0},{"race":[],"age_group":"40-49   ","count":101,"tested":823,"deaths":0},{"race":[],"age_group":"50-59   ","count":119,"tested":886,"deaths":0},{"race":[],"age_group":"60-69   ","count":110,"tested":705,"deaths":0},{"race":[],"age_group":"70-79   ","count":69,"tested":575,"deaths":0},{"race":[],"age_group":"80+","count":68,"tested":946,"deaths":0},{"race":[],"age_group":"Unknown","count":0,"tested":0,"deaths":0}],"race":[{"description":"AI/AN**","count":0,"tested":0,"deaths":0,"color":"rgb(31,119,180)"},{"description":"Asian","count":0,"tested":0,"deaths":0,"color":"rgb(140,86,75)"},{"description":"Black","count":0,"tested":10,"deaths":0,"color":"rgb(255,127,14)"},{"description":"Hispanic","count":0,"tested":38,"deaths":0,"color":"rgb(214,39,40)"},{"description":"Left Blank","count":241,"tested":1093,"deaths":0,"color":"rgb(44,160,44)"},{"description":"Other","count":0,"tested":273,"deaths":0,"color":"rgb(148,103,189)"},{"description":"White","count":527,"tested":4677,"deaths":0,"color":"rgb(31,119,180)"}],"gender":[{"description":"Female","count":435,"tested":3927,"deaths":0,"color":"rgb(255,127,14)"},{"description":"Male","count":321,"tested":2003,"deaths":0,"color":"rgb(31,119,180)"},{"description":"Unknown/Left Blank","count":21,"tested":164,"deaths":0,"color":"rgb(44,160,44)"}]}}]}
