{"lastUpdatedDate":{"year":2021,"month":5,"day":10},"county_demographics":[{"County":"Clark","confirmed_cases":1786,"total_tested":17519,"demographics":{"age":[{"race":[],"age_group":"<20","count":336,"tested":2890,"deaths":0},{"race":[],"age_group":"20-29   ","count":242,"tested":1982,"deaths":0},{"race":[],"age_group":"30-39   ","count":260,"tested":2584,"deaths":0},{"race":[],"age_group":"40-49   ","count":223,"tested":2125,"deaths":0},{"race":[],"age_group":"50-59   ","count":245,"tested":2385,"deaths":0},{"race":[],"age_group":"60-69   ","count":207,"tested":2241,"deaths":0},{"race":[],"age_group":"70-79   ","count":122,"tested":1375,"deaths":0},{"race":[],"age_group":"80+","count":151,"tested":1916,"deaths":0},{"race":[],"age_group":"Unknown","count":0,"tested":21,"deaths":0}],"race":[{"description":"AI/AN**","count":0,"tested":0,"deaths":0,"color":"rgb(31,119,180)"},{"description":"Asian","count":0,"tested":11,"deaths":0,"color":"rgb(140,86,75)"},{"description":"Black","count":0,"tested":35,"deaths":0,"color":"rgb(255,127,14)"},{"description":"Hispanic","count":9,"tested":46,"deaths":0,"color":"rgb(214,39,40)"},{"description":"Left Blank","count":337,"tested":7389,"deaths":0,"color":"rgb(44,160,44)"},{"description":"Other","count":8,"tested":268,"deaths":0,"color":"rgb(148,103,189)"},{"description":"White","count":1422,"tested":9766,"deaths":0,"color":"rgb(31,119,180)"}],"gender":[{"description":"Female","count":830,"tested":10952,"deaths":0,"color":"rgb(255,127,14)"},{"description":"Male","count":579,"tested":5773,"deaths":0,"color":"rgb(31,119,180)"},{"description":"Unknown/Left Blank","count":377,"tested":794,"deaths":0,"color":"rgb(44,160,44)"}]}}]}
