{"lastUpdatedDate":{"year":2021,"month":5,"day":10},"county_demographics":[{"County":"Calhoun","confirmed_cases":516,"total_tested":6042,"demographics":{"age":[{"race":[],"age_group":"<20","count":103,"tested":980,"deaths":0},{"race":[],"age_group":"20-29   ","count":75,"tested":779,"deaths":0},{"race":[],"age_group":"30-39   ","count":77,"tested":912,"deaths":0},{"race":[],"age_group":"40-49   ","count":64,"tested":677,"deaths":0},{"race":[],"age_group":"50-59   ","count":62,"tested":852,"deaths":0},{"race":[],"age_group":"60-69   ","count":77,"tested":639,"deaths":0},{"race":[],"age_group":"70-79   ","count":34,"tested":500,"deaths":0},{"race":[],"age_group":"80+","count":24,"tested":701,"deaths":0},{"race":[],"age_group":"Unknown","count":0,"tested":0,"deaths":0}],"race":[{"description":"AI/AN**","count":0,"tested":0,"deaths":0,"color":"rgb(31,119,180)"},{"description":"Asian","count":0,"tested":0,"deaths":0,"color":"rgb(140,86,75)"},{"description":"Black","count":0,"tested":26,"deaths":0,"color":"rgb(255,127,14)"},{"description":"Hispanic","count":0,"tested":0,"deaths":0,"color":"rgb(214,39,40)"},{"description":"Left Blank","count":77,"tested":1372,"deaths":0,"color":"rgb(44,160,44)"},{"description":"Other","count":0,"tested":37,"deaths":0,"color":"rgb(148,103,189)"},{"description":"White","count":429,"tested":4598,"deaths":0,"color":"rgb(31,119,180)"}],"gender":[{"description":"Female","count":270,"tested":3829,"deaths":0,"color":"rgb(255,127,14)"},{"description":"Male","count":243,"tested":2130,"deaths":0,"color":"rgb(31,119,180)"},{"description":"Unknown/Left Blank","count":0,"tested":83,"deaths":0,"color":"rgb(44,160,44)"}]}}]}
