{"lastUpdatedDate":{"year":2021,"month":5,"day":10},"county_demographics":[{"County":"Coles","confirmed_cases":5668,"total_tested":84742,"demographics":{"age":[{"race":[],"age_group":"<20","count":999,"tested":14671,"deaths":0},{"race":[],"age_group":"20-29   ","count":1177,"tested":19238,"deaths":0},{"race":[],"age_group":"30-39   ","count":727,"tested":10704,"deaths":0},{"race":[],"age_group":"40-49   ","count":671,"tested":8735,"deaths":0},{"race":[],"age_group":"50-59   ","count":697,"tested":9956,"deaths":0},{"race":[],"age_group":"60-69   ","count":659,"tested":9190,"deaths":0},{"race":[],"age_group":"70-79   ","count":411,"tested":6406,"deaths":0},{"race":[],"age_group":"80+","count":327,"tested":5831,"deaths":0},{"race":[],"age_group":"Unknown","count":0,"tested":11,"deaths":0}],"race":[{"description":"AI/AN**","count":0,"tested":36,"deaths":0,"color":"rgb(31,119,180)"},{"description":"Asian","count":20,"tested":482,"deaths":0,"color":"rgb(140,86,75)"},{"description":"Black","count":195,"tested":4358,"deaths":0,"color":"rgb(255,127,14)"},{"description":"Hispanic","count":117,"tested":1417,"deaths":0,"color":"rgb(214,39,40)"},{"description":"Left Blank","count":707,"tested":15070,"deaths":0,"color":"rgb(44,160,44)"},{"description":"NH/PI*","count":0,"tested":36,"deaths":0,"color":"rgb(127,127,127)"},{"description":"Other","count":93,"tested":1941,"deaths":0,"color":"rgb(148,103,189)"},{"description":"White","count":4523,"tested":61402,"deaths":0,"color":"rgb(31,119,180)"}],"gender":[{"description":"Female","count":3026,"tested":49473,"deaths":0,"color":"rgb(255,127,14)"},{"description":"Male","count":2556,"tested":34317,"deaths":0,"color":"rgb(31,119,180)"},{"description":"Unknown/Left Blank","count":86,"tested":952,"deaths":0,"color":"rgb(44,160,44)"}]}}]}
