{"lastUpdatedDate":{"year":2021,"month":5,"day":10},"county_demographics":[{"County":"Scott","confirmed_cases":478,"total_tested":8942,"demographics":{"age":[{"race":[],"age_group":"<20","count":83,"tested":1175,"deaths":0},{"race":[],"age_group":"20-29   ","count":69,"tested":1372,"deaths":0},{"race":[],"age_group":"30-39   ","count":54,"tested":1386,"deaths":0},{"race":[],"age_group":"40-49   ","count":65,"tested":1042,"deaths":0},{"race":[],"age_group":"50-59   ","count":88,"tested":1429,"deaths":0},{"race":[],"age_group":"60-69   ","count":64,"tested":1083,"deaths":0},{"race":[],"age_group":"70-79   ","count":33,"tested":648,"deaths":0},{"race":[],"age_group":"80+","count":22,"tested":807,"deaths":0}],"race":[{"description":"Asian","count":0,"tested":8,"deaths":0,"color":"rgb(140,86,75)"},{"description":"Black","count":0,"tested":43,"deaths":0,"color":"rgb(255,127,14)"},{"description":"Hispanic","count":0,"tested":26,"deaths":0,"color":"rgb(214,39,40)"},{"description":"Left Blank","count":186,"tested":2782,"deaths":0,"color":"rgb(44,160,44)"},{"description":"NH/PI*","count":0,"tested":0,"deaths":0,"color":"rgb(127,127,127)"},{"description":"Other","count":0,"tested":54,"deaths":0,"color":"rgb(148,103,189)"},{"description":"White","count":289,"tested":6028,"deaths":0,"color":"rgb(31,119,180)"}],"gender":[{"description":"Female","count":211,"tested":5679,"deaths":0,"color":"rgb(255,127,14)"},{"description":"Male","count":186,"tested":2607,"deaths":0,"color":"rgb(31,119,180)"},{"description":"Unknown/Left Blank","count":79,"tested":656,"deaths":0,"color":"rgb(44,160,44)"}]}}]}
