{"lastUpdatedDate":{"year":2021,"month":5,"day":10},"county_demographics":[{"County":"Boone","confirmed_cases":6673,"total_tested":63311,"demographics":{"age":[{"race":[],"age_group":"<20","count":1249,"tested":10549,"deaths":0},{"race":[],"age_group":"20-29   ","count":1148,"tested":10225,"deaths":0},{"race":[],"age_group":"30-39   ","count":966,"tested":8439,"deaths":0},{"race":[],"age_group":"40-49   ","count":1113,"tested":9017,"deaths":0},{"race":[],"age_group":"50-59   ","count":1031,"tested":9126,"deaths":0},{"race":[],"age_group":"60-69   ","count":630,"tested":6734,"deaths":0},{"race":[],"age_group":"70-79   ","count":337,"tested":4658,"deaths":0},{"race":[],"age_group":"80+","count":198,"tested":4549,"deaths":0},{"race":[],"age_group":"Unknown","count":0,"tested":14,"deaths":0}],"race":[{"description":"AI/AN**","count":10,"tested":44,"deaths":0,"color":"rgb(31,119,180)"},{"description":"Asian","count":52,"tested":456,"deaths":0,"color":"rgb(140,86,75)"},{"description":"Black","count":121,"tested":938,"deaths":0,"color":"rgb(255,127,14)"},{"description":"Hispanic","count":2268,"tested":5989,"deaths":0,"color":"rgb(214,39,40)"},{"description":"Left Blank","count":576,"tested":31067,"deaths":0,"color":"rgb(44,160,44)"},{"description":"NH/PI*","count":0,"tested":22,"deaths":0,"color":"rgb(127,127,127)"},{"description":"Other","count":81,"tested":901,"deaths":0,"color":"rgb(148,103,189)"},{"description":"White","count":3557,"tested":23894,"deaths":0,"color":"rgb(31,119,180)"}],"gender":[{"description":"Female","count":3513,"tested":37789,"deaths":0,"color":"rgb(255,127,14)"},{"description":"Male","count":3151,"tested":24720,"deaths":0,"color":"rgb(31,119,180)"},{"description":"Unknown/Left Blank","count":7,"tested":802,"deaths":0,"color":"rgb(44,160,44)"}]}}]}
