{"lastUpdatedDate":{"year":2021,"month":4,"day":19},"county_demographics":[{"County":"Crawford","confirmed_cases":2089,"total_tested":34035,"demographics":{"age":[{"race":[],"age_group":"<20","count":297,"tested":3377,"deaths":0},{"race":[],"age_group":"20-29   ","count":302,"tested":4621,"deaths":0},{"race":[],"age_group":"30-39   ","count":325,"tested":6877,"deaths":0},{"race":[],"age_group":"40-49   ","count":287,"tested":5906,"deaths":0},{"race":[],"age_group":"50-59   ","count":306,"tested":4973,"deaths":0},{"race":[],"age_group":"60-69   ","count":240,"tested":2883,"deaths":0},{"race":[],"age_group":"70-79   ","count":198,"tested":1644,"deaths":0},{"race":[],"age_group":"80+","count":133,"tested":1524,"deaths":0},{"race":[],"age_group":"Unknown","count":0,"tested":2230,"deaths":0}],"race":[{"description":"AI/AN**","count":0,"tested":0,"deaths":0,"color":"rgb(31,119,180)"},{"description":"Asian","count":0,"tested":39,"deaths":0,"color":"rgb(140,86,75)"},{"description":"Black","count":157,"tested":466,"deaths":0,"color":"rgb(255,127,14)"},{"description":"Hispanic","count":38,"tested":129,"deaths":0,"color":"rgb(214,39,40)"},{"description":"Left Blank","count":203,"tested":18944,"deaths":0,"color":"rgb(44,160,44)"},{"description":"NH/PI*","count":0,"tested":0,"deaths":0,"color":"rgb(127,127,127)"},{"description":"Other","count":18,"tested":556,"deaths":0,"color":"rgb(148,103,189)"},{"description":"White","count":1658,"tested":13898,"deaths":0,"color":"rgb(31,119,180)"}],"gender":[{"description":"Female","count":987,"tested":11944,"deaths":0,"color":"rgb(255,127,14)"},{"description":"Male","count":1046,"tested":10534,"deaths":0,"color":"rgb(31,119,180)"},{"description":"Unknown/Left Blank","count":56,"tested":11557,"deaths":0,"color":"rgb(44,160,44)"}]}}]}
