{"lastUpdatedDate":{"year":2021,"month":4,"day":19},"county_demographics":[{"County":"Williamson","confirmed_cases":7212,"total_tested":99681,"demographics":{"age":[{"race":[],"age_group":"<20","count":1141,"tested":11065,"deaths":0},{"race":[],"age_group":"20-29   ","count":1104,"tested":13892,"deaths":0},{"race":[],"age_group":"30-39   ","count":1150,"tested":15724,"deaths":0},{"race":[],"age_group":"40-49   ","count":1099,"tested":14772,"deaths":0},{"race":[],"age_group":"50-59   ","count":1018,"tested":14999,"deaths":0},{"race":[],"age_group":"60-69   ","count":783,"tested":11498,"deaths":0},{"race":[],"age_group":"70-79   ","count":554,"tested":9340,"deaths":0},{"race":[],"age_group":"80+","count":362,"tested":8358,"deaths":0},{"race":[],"age_group":"Unknown","count":0,"tested":33,"deaths":0}],"race":[{"description":"AI/AN**","count":0,"tested":32,"deaths":0,"color":"rgb(31,119,180)"},{"description":"Asian","count":21,"tested":335,"deaths":0,"color":"rgb(140,86,75)"},{"description":"Black","count":234,"tested":2933,"deaths":0,"color":"rgb(255,127,14)"},{"description":"Hispanic","count":92,"tested":838,"deaths":0,"color":"rgb(214,39,40)"},{"description":"Left Blank","count":1410,"tested":39075,"deaths":0,"color":"rgb(44,160,44)"},{"description":"NH/PI*","count":0,"tested":48,"deaths":0,"color":"rgb(127,127,127)"},{"description":"Other","count":59,"tested":1116,"deaths":0,"color":"rgb(148,103,189)"},{"description":"White","count":5390,"tested":55304,"deaths":0,"color":"rgb(31,119,180)"}],"gender":[{"description":"Female","count":3691,"tested":53464,"deaths":0,"color":"rgb(255,127,14)"},{"description":"Male","count":3157,"tested":37520,"deaths":0,"color":"rgb(31,119,180)"},{"description":"Unknown/Left Blank","count":363,"tested":8697,"deaths":0,"color":"rgb(44,160,44)"}]}}]}
