{"lastUpdatedDate":{"year":2021,"month":4,"day":19},"county_demographics":[{"County":"Piatt","confirmed_cases":1417,"total_tested":30497,"demographics":{"age":[{"race":[],"age_group":"<20","count":266,"tested":6537,"deaths":0},{"race":[],"age_group":"20-29   ","count":185,"tested":4290,"deaths":0},{"race":[],"age_group":"30-39   ","count":216,"tested":4079,"deaths":0},{"race":[],"age_group":"40-49   ","count":224,"tested":3848,"deaths":0},{"race":[],"age_group":"50-59   ","count":202,"tested":3893,"deaths":0},{"race":[],"age_group":"60-69   ","count":185,"tested":3468,"deaths":0},{"race":[],"age_group":"70-79   ","count":81,"tested":2042,"deaths":0},{"race":[],"age_group":"80+","count":57,"tested":2335,"deaths":0},{"race":[],"age_group":"Unknown","count":0,"tested":0,"deaths":0}],"race":[{"description":"AI/AN**","count":0,"tested":41,"deaths":0,"color":"rgb(31,119,180)"},{"description":"Asian","count":0,"tested":151,"deaths":0,"color":"rgb(140,86,75)"},{"description":"Black","count":10,"tested":173,"deaths":0,"color":"rgb(255,127,14)"},{"description":"Hispanic","count":9,"tested":253,"deaths":0,"color":"rgb(214,39,40)"},{"description":"Left Blank","count":249,"tested":8620,"deaths":0,"color":"rgb(44,160,44)"},{"description":"NH/PI*","count":0,"tested":6,"deaths":0,"color":"rgb(127,127,127)"},{"description":"Other","count":24,"tested":668,"deaths":0,"color":"rgb(148,103,189)"},{"description":"White","count":1119,"tested":20585,"deaths":0,"color":"rgb(31,119,180)"}],"gender":[{"description":"Female","count":738,"tested":18015,"deaths":0,"color":"rgb(255,127,14)"},{"description":"Male","count":678,"tested":11978,"deaths":0,"color":"rgb(31,119,180)"},{"description":"Unknown/Left Blank","count":0,"tested":504,"deaths":0,"color":"rgb(44,160,44)"}]}}]}
