{"lastUpdatedDate":{"year":2021,"month":4,"day":19},"county_demographics":[{"County":"Jersey","confirmed_cases":2627,"total_tested":30728,"demographics":{"age":[{"race":[],"age_group":"<20","count":397,"tested":3473,"deaths":0},{"race":[],"age_group":"20-29   ","count":338,"tested":4860,"deaths":0},{"race":[],"age_group":"30-39   ","count":336,"tested":4036,"deaths":0},{"race":[],"age_group":"40-49   ","count":340,"tested":4480,"deaths":0},{"race":[],"age_group":"50-59   ","count":391,"tested":4529,"deaths":0},{"race":[],"age_group":"60-69   ","count":364,"tested":3520,"deaths":0},{"race":[],"age_group":"70-79   ","count":234,"tested":2236,"deaths":0},{"race":[],"age_group":"80+","count":200,"tested":3582,"deaths":0},{"race":[],"age_group":"Unknown","count":27,"tested":12,"deaths":0}],"race":[{"description":"AI/AN**","count":0,"tested":9,"deaths":0,"color":"rgb(31,119,180)"},{"description":"Asian","count":0,"tested":17,"deaths":0,"color":"rgb(140,86,75)"},{"description":"Black","count":12,"tested":405,"deaths":0,"color":"rgb(255,127,14)"},{"description":"Hispanic","count":0,"tested":94,"deaths":0,"color":"rgb(214,39,40)"},{"description":"Left Blank","count":481,"tested":9477,"deaths":0,"color":"rgb(44,160,44)"},{"description":"NH/PI*","count":0,"tested":0,"deaths":0,"color":"rgb(127,127,127)"},{"description":"Other","count":29,"tested":393,"deaths":0,"color":"rgb(148,103,189)"},{"description":"White","count":2090,"tested":20331,"deaths":0,"color":"rgb(31,119,180)"}],"gender":[{"description":"Female","count":1455,"tested":20253,"deaths":0,"color":"rgb(255,127,14)"},{"description":"Male","count":1156,"tested":10324,"deaths":0,"color":"rgb(31,119,180)"},{"description":"Unknown/Left Blank","count":13,"tested":151,"deaths":0,"color":"rgb(44,160,44)"}]}}]}
