{"lastUpdatedDate":{"year":2021,"month":4,"day":19},"county_demographics":[{"County":"Iroquois","confirmed_cases":2907,"total_tested":46621,"demographics":{"age":[{"race":[],"age_group":"<20","count":472,"tested":6455,"deaths":0},{"race":[],"age_group":"20-29   ","count":420,"tested":5939,"deaths":0},{"race":[],"age_group":"30-39   ","count":372,"tested":5873,"deaths":0},{"race":[],"age_group":"40-49   ","count":383,"tested":4786,"deaths":0},{"race":[],"age_group":"50-59   ","count":434,"tested":6363,"deaths":0},{"race":[],"age_group":"60-69   ","count":392,"tested":6004,"deaths":0},{"race":[],"age_group":"70-79   ","count":249,"tested":4320,"deaths":0},{"race":[],"age_group":"80+","count":185,"tested":6872,"deaths":0},{"race":[],"age_group":"Unknown","count":0,"tested":9,"deaths":0}],"race":[{"description":"AI/AN**","count":0,"tested":10,"deaths":0,"color":"rgb(31,119,180)"},{"description":"Asian","count":0,"tested":84,"deaths":0,"color":"rgb(140,86,75)"},{"description":"Black","count":33,"tested":461,"deaths":0,"color":"rgb(255,127,14)"},{"description":"Hispanic","count":237,"tested":1313,"deaths":0,"color":"rgb(214,39,40)"},{"description":"Left Blank","count":385,"tested":15142,"deaths":0,"color":"rgb(44,160,44)"},{"description":"NH/PI*","count":0,"tested":8,"deaths":0,"color":"rgb(127,127,127)"},{"description":"Other","count":67,"tested":740,"deaths":0,"color":"rgb(148,103,189)"},{"description":"White","count":2178,"tested":28863,"deaths":0,"color":"rgb(31,119,180)"}],"gender":[{"description":"Female","count":1533,"tested":30002,"deaths":0,"color":"rgb(255,127,14)"},{"description":"Male","count":1295,"tested":15907,"deaths":0,"color":"rgb(31,119,180)"},{"description":"Unknown/Left Blank","count":79,"tested":712,"deaths":0,"color":"rgb(44,160,44)"}]}}]}
