{"lastUpdatedDate":{"year":2021,"month":3,"day":1},"county_demographics":[{"County":"Saline","confirmed_cases":2298,"total_tested":28754,"demographics":{"age":[{"race":[],"age_group":"<20","count":356,"tested":3401,"deaths":0},{"race":[],"age_group":"20-29   ","count":336,"tested":4106,"deaths":0},{"race":[],"age_group":"30-39   ","count":325,"tested":3857,"deaths":0},{"race":[],"age_group":"40-49   ","count":289,"tested":3614,"deaths":0},{"race":[],"age_group":"50-59   ","count":297,"tested":3902,"deaths":0},{"race":[],"age_group":"60-69   ","count":291,"tested":3539,"deaths":0},{"race":[],"age_group":"70-79   ","count":229,"tested":3016,"deaths":0},{"race":[],"age_group":"80+","count":175,"tested":3317,"deaths":0},{"race":[],"age_group":"Unknown","count":0,"tested":0,"deaths":0}],"race":[{"description":"AI/AN**","count":0,"tested":8,"deaths":0,"color":"rgb(31,119,180)"},{"description":"Asian","count":0,"tested":42,"deaths":0,"color":"rgb(140,86,75)"},{"description":"Black","count":71,"tested":831,"deaths":0,"color":"rgb(255,127,14)"},{"description":"Hispanic","count":18,"tested":126,"deaths":0,"color":"rgb(214,39,40)"},{"description":"Left Blank","count":666,"tested":14287,"deaths":0,"color":"rgb(44,160,44)"},{"description":"NH/PI*","count":0,"tested":8,"deaths":0,"color":"rgb(127,127,127)"},{"description":"Other","count":11,"tested":148,"deaths":0,"color":"rgb(148,103,189)"},{"description":"White","count":1526,"tested":13304,"deaths":0,"color":"rgb(31,119,180)"}],"gender":[{"description":"Female","count":1245,"tested":17189,"deaths":0,"color":"rgb(255,127,14)"},{"description":"Male","count":1008,"tested":10164,"deaths":0,"color":"rgb(31,119,180)"},{"description":"Unknown/Left Blank","count":45,"tested":1401,"deaths":0,"color":"rgb(44,160,44)"}]}}]}
