{"age":[{"age_group":"<20","count":50,"tested":361},{"age_group":"20-29   ","count":50,"tested":353},{"age_group":"30-39   ","count":42,"tested":423},{"age_group":"40-49   ","count":38,"tested":243},{"age_group":"50-59   ","count":60,"tested":405},{"age_group":"60-69   ","count":50,"tested":344},{"age_group":"70-79   ","count":24,"tested":336},{"age_group":"80+","count":19,"tested":405}],"race":[{"description":"White","count":223,"tested":1985,"color":"rgb(31,119,180)"},{"description":"Left Blank","count":56,"tested":826,"color":"rgb(44,160,44)"}],"gender":[{"description":"Female","count":149,"tested":1798,"color":"rgb(255,127,14)"},{"description":"Male","count":135,"tested":1035,"color":"rgb(31,119,180)"}]}
