{"age":[{"age_group":"<20","count":314,"tested":1373},{"age_group":"20-29   ","count":343,"tested":1487},{"age_group":"30-39   ","count":314,"tested":1378},{"age_group":"40-49   ","count":325,"tested":1222},{"age_group":"50-59   ","count":279,"tested":1086},{"age_group":"60-69   ","count":228,"tested":988},{"age_group":"70-79   ","count":191,"tested":654},{"age_group":"80+","count":177,"tested":447}],"race":[{"description":"White","count":409,"tested":3826,"color":"rgb(31,119,180)"},{"description":"Hispanic","count":677,"tested":2530,"color":"rgb(214,39,40)"},{"description":"Other","count":154,"tested":100,"color":"rgb(148,103,189)"},{"description":"Left Blank","count":353,"tested":2111,"color":"rgb(44,160,44)"}],"gender":[{"description":"Male","count":628,"tested":3510,"color":"rgb(31,119,180)"},{"description":"Female","count":682,"tested":5075,"color":"rgb(255,127,14)"}]}
