{"age":[{"age_group":"<20","count":344,"tested":2260},{"age_group":"20-29   ","count":509,"tested":3364},{"age_group":"30-39   ","count":364,"tested":2853},{"age_group":"40-49   ","count":412,"tested":3332},{"age_group":"50-59   ","count":406,"tested":3748},{"age_group":"60-69   ","count":255,"tested":3182},{"age_group":"70-79   ","count":142,"tested":2216},{"age_group":"80+","count":142,"tested":2672}],"race":[{"description":"Left Blank","count":764,"tested":13566,"color":"rgb(44,160,44)"},{"description":"White","count":484,"tested":4261,"color":"rgb(31,119,180)"},{"description":"Asian","count":81,"tested":291,"color":"rgb(140,86,75)"},{"description":"Other","count":144,"tested":799,"color":"rgb(148,103,189)"},{"description":"Hispanic","count":924,"tested":4355,"color":"rgb(214,39,40)"},{"description":"Black","count":74,"tested":333,"color":"rgb(255,127,14)"}],"gender":[{"description":"Male","count":1104,"tested":9301,"color":"rgb(31,119,180)"},{"description":"Unknown/Left Blank","count":60,"tested":140,"color":"rgb(44,160,44)"},{"description":"Female","count":1160,"tested":14192,"color":"rgb(255,127,14)"}]}
