{"age":[{"age_group":"<20","count":276,"tested":2455},{"age_group":"20-29   ","count":368,"tested":2927},{"age_group":"30-39   ","count":287,"tested":2431},{"age_group":"40-49   ","count":290,"tested":2293},{"age_group":"50-59   ","count":322,"tested":2667},{"age_group":"60-69   ","count":219,"tested":1862},{"age_group":"70-79   ","count":142,"tested":1075},{"age_group":"80+","count":88,"tested":712}],"race":[{"description":"Black","count":92,"tested":360,"color":"rgb(255,127,14)"},{"description":"Asian","count":66,"tested":243,"color":"rgb(140,86,75)"},{"description":"Other","count":67,"tested":200,"color":"rgb(148,103,189)"},{"description":"Left Blank","count":554,"tested":6526,"color":"rgb(44,160,44)"},{"description":"White","count":986,"tested":8405,"color":"rgb(31,119,180)"},{"description":"Hispanic","count":147,"tested":678,"color":"rgb(214,39,40)"}],"gender":[{"description":"Female","count":923,"tested":9488,"color":"rgb(255,127,14)"},{"description":"Male","count":830,"tested":6737,"color":"rgb(31,119,180)"}]}
