{"age":[{"age_group":"<20","count":898,"tested":6988},{"age_group":"20-29   ","count":1039,"tested":9473},{"age_group":"30-39   ","count":929,"tested":8283},{"age_group":"40-49   ","count":956,"tested":8083},{"age_group":"50-59   ","count":871,"tested":8175},{"age_group":"60-69   ","count":612,"tested":7255},{"age_group":"70-79   ","count":337,"tested":4537},{"age_group":"80+","count":206,"tested":2623}],"race":[{"description":"White","count":527,"tested":4473,"color":"rgb(31,119,180)"},{"description":"Left Blank","count":1581,"tested":20038,"color":"rgb(44,160,44)"},{"description":"Other","count":158,"tested":1214,"color":"rgb(148,103,189)"},{"description":"Asian","count":57,"tested":79,"color":"rgb(140,86,75)"},{"description":"Hispanic","count":1945,"tested":11727,"color":"rgb(214,39,40)"},{"description":"Black","count":1497,"tested":17798,"color":"rgb(255,127,14)"}],"gender":[{"description":"Male","count":2605,"tested":23069,"color":"rgb(31,119,180)"},{"description":"Unknown/Left Blank","count":64,"tested":657,"color":"rgb(44,160,44)"},{"description":"Female","count":2984,"tested":31717,"color":"rgb(255,127,14)"}]}
