{"age":[{"age_group":"<20","count":220,"tested":1338},{"age_group":"20-29   ","count":222,"tested":1604},{"age_group":"30-39   ","count":237,"tested":1412},{"age_group":"40-49   ","count":265,"tested":1617},{"age_group":"50-59   ","count":251,"tested":1843},{"age_group":"60-69   ","count":173,"tested":1389},{"age_group":"70-79   ","count":118,"tested":671},{"age_group":"80+","count":74,"tested":296}],"race":[{"description":"Hispanic","count":138,"tested":417,"color":"rgb(214,39,40)"},{"description":"Left Blank","count":564,"tested":4341,"color":"rgb(44,160,44)"},{"description":"White","count":460,"tested":4700,"color":"rgb(31,119,180)"},{"description":"Other","count":130,"tested":452,"color":"rgb(148,103,189)"},{"description":"Black","count":76,"tested":118,"color":"rgb(255,127,14)"},{"description":"Asian","count":68,"tested":124,"color":"rgb(140,86,75)"}],"gender":[{"description":"Female","count":612,"tested":5614,"color":"rgb(255,127,14)"},{"description":"Male","count":577,"tested":4446,"color":"rgb(31,119,180)"}]}
