{"age":[{"age_group":"<20","count":243,"tested":2128},{"age_group":"20-29   ","count":290,"tested":2439},{"age_group":"30-39   ","count":204,"tested":2208},{"age_group":"40-49   ","count":264,"tested":2028},{"age_group":"50-59   ","count":197,"tested":2143},{"age_group":"60-69   ","count":147,"tested":1774},{"age_group":"70-79   ","count":99,"tested":1273},{"age_group":"80+","count":68,"tested":817}],"race":[{"description":"Hispanic","count":355,"tested":1472,"color":"rgb(214,39,40)"},{"description":"White","count":356,"tested":4282,"color":"rgb(31,119,180)"},{"description":"Black","count":390,"tested":2967,"color":"rgb(255,127,14)"},{"description":"Other","count":43,"tested":205,"color":"rgb(148,103,189)"},{"description":"Left Blank","count":312,"tested":5831,"color":"rgb(44,160,44)"}],"gender":[{"description":"Female","count":760,"tested":8654,"color":"rgb(255,127,14)"},{"description":"Male","count":625,"tested":5523,"color":"rgb(31,119,180)"},{"description":"Unknown/Left Blank","count":42,"tested":634,"color":"rgb(44,160,44)"}]}
