{"age":[{"age_group":"<20","count":370,"tested":1964},{"age_group":"20-29   ","count":416,"tested":2772},{"age_group":"30-39   ","count":336,"tested":2263},{"age_group":"40-49   ","count":392,"tested":2315},{"age_group":"50-59   ","count":463,"tested":3047},{"age_group":"60-69   ","count":326,"tested":2387},{"age_group":"70-79   ","count":190,"tested":1226},{"age_group":"80+","count":165,"tested":1019}],"race":[{"description":"Hispanic","count":281,"tested":777,"color":"rgb(214,39,40)"},{"description":"Asian","count":188,"tested":431,"color":"rgb(140,86,75)"},{"description":"Black","count":155,"tested":328,"color":"rgb(255,127,14)"},{"description":"Other","count":157,"tested":253,"color":"rgb(148,103,189)"},{"description":"Left Blank","count":757,"tested":8303,"color":"rgb(44,160,44)"},{"description":"White","count":848,"tested":6867,"color":"rgb(31,119,180)"},{"description":"NH/PI*","count":138,"tested":13,"color":"rgb(127,127,127)"}],"gender":[{"description":"Male","count":929,"tested":7321,"color":"rgb(31,119,180)"},{"description":"Female","count":932,"tested":9482,"color":"rgb(255,127,14)"}]}
