{"age":[{"age_group":"<20","count":15,"tested":82},{"age_group":"20-29   ","count":11,"tested":90},{"age_group":"30-39   ","count":14,"tested":96},{"age_group":"40-49   ","count":7,"tested":70},{"age_group":"50-59   ","count":12,"tested":80},{"age_group":"60-69   ","count":12,"tested":76}],"race":[{"description":"White","count":59,"tested":261,"color":"rgb(31,119,180)"},{"description":"Left Blank","count":8,"tested":281,"color":"rgb(44,160,44)"},{"description":"Hispanic","count":11,"tested":19,"color":"rgb(214,39,40)"}],"gender":[{"description":"Male","count":33,"tested":257,"color":"rgb(31,119,180)"},{"description":"Female","count":47,"tested":313,"color":"rgb(255,127,14)"}]}
