{"age":[{"age_group":"<20","count":284,"tested":2602},{"age_group":"20-29   ","count":624,"tested":10812},{"age_group":"30-39   ","count":543,"tested":10664},{"age_group":"40-49   ","count":447,"tested":9029},{"age_group":"50-59   ","count":462,"tested":9634},{"age_group":"60-69   ","count":399,"tested":9852},{"age_group":"70-79   ","count":293,"tested":5906},{"age_group":"80+","count":199,"tested":2685}],"race":[{"description":"Left Blank","count":943,"tested":41196,"color":"rgb(44,160,44)"},{"description":"NH/PI*","count":54,"tested":42,"color":"rgb(127,127,127)"},{"description":"Hispanic","count":606,"tested":3058,"color":"rgb(214,39,40)"},{"description":"Other","count":193,"tested":1569,"color":"rgb(148,103,189)"},{"description":"Black","count":559,"tested":6220,"color":"rgb(255,127,14)"},{"description":"Asian","count":149,"tested":1007,"color":"rgb(140,86,75)"},{"description":"White","count":696,"tested":8103,"color":"rgb(31,119,180)"}],"gender":[{"description":"Unknown/Left Blank","count":103,"tested":4059,"color":"rgb(44,160,44)"},{"description":"Female","count":1409,"tested":31369,"color":"rgb(255,127,14)"},{"description":"Male","count":1500,"tested":25798,"color":"rgb(31,119,180)"}]}
