{"age":[{"age_group":"<20","count":434,"tested":3692},{"age_group":"20-29   ","count":370,"tested":2789},{"age_group":"30-39   ","count":334,"tested":2623},{"age_group":"40-49   ","count":338,"tested":2594},{"age_group":"50-59   ","count":391,"tested":3610},{"age_group":"60-69   ","count":291,"tested":2399},{"age_group":"70-79   ","count":215,"tested":1400},{"age_group":"80+","count":218,"tested":1979}],"race":[{"description":"Black","count":143,"tested":129,"color":"rgb(255,127,14)"},{"description":"White","count":1005,"tested":10109,"color":"rgb(31,119,180)"},{"description":"Asian","count":147,"tested":226,"color":"rgb(140,86,75)"},{"description":"Other","count":163,"tested":325,"color":"rgb(148,103,189)"},{"description":"Hispanic","count":233,"tested":614,"color":"rgb(214,39,40)"},{"description":"Left Blank","count":628,"tested":9677,"color":"rgb(44,160,44)"}],"gender":[{"description":"Unknown/Left Blank","count":144,"tested":203,"color":"rgb(44,160,44)"},{"description":"Female","count":910,"tested":12141,"color":"rgb(255,127,14)"},{"description":"Male","count":858,"tested":8745,"color":"rgb(31,119,180)"}]}
