{"age":[{"age_group":"<20","count":408,"tested":2648},{"age_group":"20-29   ","count":520,"tested":3300},{"age_group":"30-39   ","count":524,"tested":3790},{"age_group":"40-49   ","count":514,"tested":3600},{"age_group":"50-59   ","count":479,"tested":3672},{"age_group":"60-69   ","count":327,"tested":2451},{"age_group":"70-79   ","count":214,"tested":1232},{"age_group":"80+","count":178,"tested":1551}],"race":[{"description":"Left Blank","count":1188,"tested":11914,"color":"rgb(44,160,44)"},{"description":"Other","count":209,"tested":587,"color":"rgb(148,103,189)"},{"description":"Hispanic","count":201,"tested":659,"color":"rgb(214,39,40)"},{"description":"White","count":1024,"tested":8191,"color":"rgb(31,119,180)"},{"description":"Asian","count":123,"tested":59,"color":"rgb(140,86,75)"},{"description":"Black","count":193,"tested":832,"color":"rgb(255,127,14)"}],"gender":[{"description":"Unknown/Left Blank","count":121,"tested":620,"color":"rgb(44,160,44)"},{"description":"Male","count":1271,"tested":10366,"color":"rgb(31,119,180)"},{"description":"Female","count":1212,"tested":11264,"color":"rgb(255,127,14)"}]}
