{"age":[{"age_group":"<20","count":391,"tested":2004},{"age_group":"20-29   ","count":505,"tested":3545},{"age_group":"30-39   ","count":422,"tested":3225},{"age_group":"40-49   ","count":393,"tested":3092},{"age_group":"50-59   ","count":378,"tested":3466},{"age_group":"60-69   ","count":243,"tested":2183},{"age_group":"70-79   ","count":126,"tested":819},{"age_group":"80+","count":90,"tested":418}],"race":[{"description":"Black","count":314,"tested":3588,"color":"rgb(255,127,14)"},{"description":"Hispanic","count":710,"tested":2871,"color":"rgb(214,39,40)"},{"description":"White","count":197,"tested":2076,"color":"rgb(31,119,180)"},{"description":"Left Blank","count":1090,"tested":9635,"color":"rgb(44,160,44)"},{"description":"Other","count":101,"tested":525,"color":"rgb(148,103,189)"}],"gender":[{"description":"Female","count":1177,"tested":9277,"color":"rgb(255,127,14)"},{"description":"Male","count":1100,"tested":9266,"color":"rgb(31,119,180)"},{"description":"Unknown/Left Blank","count":51,"tested":211,"color":"rgb(44,160,44)"}]}
