{"age":[{"age_group":"<20","count":191,"tested":952},{"age_group":"20-29   ","count":252,"tested":1843},{"age_group":"30-39   ","count":242,"tested":1602},{"age_group":"40-49   ","count":210,"tested":1317},{"age_group":"50-59   ","count":275,"tested":1710},{"age_group":"60-69   ","count":189,"tested":1514},{"age_group":"70-79   ","count":159,"tested":1024},{"age_group":"80+","count":115,"tested":497}],"race":[{"description":"Hispanic","count":126,"tested":372,"color":"rgb(214,39,40)"},{"description":"Asian","count":68,"tested":119,"color":"rgb(140,86,75)"},{"description":"Black","count":84,"tested":270,"color":"rgb(255,127,14)"},{"description":"Left Blank","count":654,"tested":6403,"color":"rgb(44,160,44)"},{"description":"Other","count":124,"tested":396,"color":"rgb(148,103,189)"},{"description":"White","count":473,"tested":2893,"color":"rgb(31,119,180)"}],"gender":[{"description":"Male","count":618,"tested":4135,"color":"rgb(31,119,180)"},{"description":"Unknown/Left Blank","count":68,"tested":127,"color":"rgb(44,160,44)"},{"description":"Female","count":697,"tested":6201,"color":"rgb(255,127,14)"}]}
