{"age":[{"age_group":"20-29   ","count":39,"tested":491},{"age_group":"30-39   ","count":87,"tested":603},{"age_group":"40-49   ","count":79,"tested":574},{"age_group":"50-59   ","count":67,"tested":560},{"age_group":"60-69   ","count":54,"tested":320},{"age_group":"70-79   ","count":11,"tested":85}],"race":[{"description":"Black","count":190,"tested":1338,"color":"rgb(255,127,14)"},{"description":"White","count":45,"tested":498,"color":"rgb(31,119,180)"},{"description":"Left Blank","count":54,"tested":496,"color":"rgb(44,160,44)"},{"description":"Hispanic","count":46,"tested":155,"color":"rgb(214,39,40)"}],"gender":[{"description":"Male","count":315,"tested":2445,"color":"rgb(31,119,180)"},{"description":"Female","count":19,"tested":240,"color":"rgb(255,127,14)"}]}
