{"age":[{"age_group":"<20","count":272,"tested":1756},{"age_group":"20-29   ","count":450,"tested":2941},{"age_group":"30-39   ","count":394,"tested":2680},{"age_group":"40-49   ","count":357,"tested":2387},{"age_group":"50-59   ","count":342,"tested":2462},{"age_group":"60-69   ","count":273,"tested":2125},{"age_group":"70-79   ","count":137,"tested":914},{"age_group":"80+","count":102,"tested":403}],"race":[{"description":"White","count":621,"tested":5068,"color":"rgb(31,119,180)"},{"description":"Other","count":126,"tested":560,"color":"rgb(148,103,189)"},{"description":"Left Blank","count":1000,"tested":8243,"color":"rgb(44,160,44)"},{"description":"Black","count":155,"tested":731,"color":"rgb(255,127,14)"},{"description":"Asian","count":83,"tested":222,"color":"rgb(140,86,75)"},{"description":"Hispanic","count":220,"tested":793,"color":"rgb(214,39,40)"}],"gender":[{"description":"Female","count":987,"tested":8683,"color":"rgb(255,127,14)"},{"description":"Male","count":977,"tested":6824,"color":"rgb(31,119,180)"},{"description":"Unknown/Left Blank","count":69,"tested":163,"color":"rgb(44,160,44)"}]}
