{"age":[{"age_group":"<20","count":216,"tested":986},{"age_group":"20-29   ","count":323,"tested":1866},{"age_group":"30-39   ","count":271,"tested":1732},{"age_group":"40-49   ","count":261,"tested":1551},{"age_group":"50-59   ","count":239,"tested":1625},{"age_group":"60-69   ","count":190,"tested":1757},{"age_group":"70-79   ","count":154,"tested":1198},{"age_group":"80+","count":168,"tested":1073}],"race":[{"description":"Left Blank","count":492,"tested":5898,"color":"rgb(44,160,44)"},{"description":"Other","count":130,"tested":614,"color":"rgb(148,103,189)"},{"description":"Black","count":302,"tested":1797,"color":"rgb(255,127,14)"},{"description":"Hispanic","count":415,"tested":1240,"color":"rgb(214,39,40)"},{"description":"White","count":252,"tested":2122,"color":"rgb(31,119,180)"},{"description":"AI/AN**","count":92,"tested":67,"color":"rgb(31,119,180)"}],"gender":[{"description":"Female","count":794,"tested":7042,"color":"rgb(255,127,14)"},{"description":"Male","count":622,"tested":4539,"color":"rgb(31,119,180)"}]}
