{"age":[{"age_group":"<20","count":19,"tested":96},{"age_group":"20-29   ","count":11,"tested":57},{"age_group":"30-39   ","count":16,"tested":122},{"age_group":"40-49   ","count":15,"tested":90},{"age_group":"50-59   ","count":17,"tested":86},{"age_group":"60-69   ","count":21,"tested":89},{"age_group":"70-79   ","count":14,"tested":50}],"race":[{"description":"Left Blank","count":36,"tested":209,"color":"rgb(44,160,44)"},{"description":"White","count":63,"tested":354,"color":"rgb(31,119,180)"}],"gender":[{"description":"Female","count":53,"tested":316,"color":"rgb(255,127,14)"},{"description":"Male","count":51,"tested":279,"color":"rgb(31,119,180)"}]}
