{"age":[{"age_group":"<20","count":402,"tested":4559},{"age_group":"20-29   ","count":480,"tested":5953},{"age_group":"30-39   ","count":479,"tested":6152},{"age_group":"40-49   ","count":486,"tested":7290},{"age_group":"50-59   ","count":521,"tested":8010},{"age_group":"60-69   ","count":402,"tested":7908},{"age_group":"70-79   ","count":240,"tested":4409},{"age_group":"80+","count":221,"tested":3377}],"race":[{"description":"Other","count":129,"tested":758,"color":"rgb(148,103,189)"},{"description":"Left Blank","count":1070,"tested":26077,"color":"rgb(44,160,44)"},{"description":"Hispanic","count":103,"tested":667,"color":"rgb(214,39,40)"},{"description":"White","count":367,"tested":5359,"color":"rgb(31,119,180)"},{"description":"Asian","count":47,"tested":63,"color":"rgb(140,86,75)"},{"description":"Black","count":1429,"tested":14660,"color":"rgb(255,127,14)"}],"gender":[{"description":"Unknown/Left Blank","count":102,"tested":3242,"color":"rgb(44,160,44)"},{"description":"Male","count":1301,"tested":18872,"color":"rgb(31,119,180)"},{"description":"Female","count":1623,"tested":25561,"color":"rgb(255,127,14)"}]}
