{"age":[{"age_group":"<20","count":362,"tested":40816},{"age_group":"20-29   ","count":622,"tested":32312},{"age_group":"30-39   ","count":593,"tested":12707},{"age_group":"40-49   ","count":420,"tested":8850},{"age_group":"50-59   ","count":408,"tested":8888},{"age_group":"60-69   ","count":287,"tested":6714},{"age_group":"70-79   ","count":136,"tested":3131},{"age_group":"80+","count":108,"tested":2546}],"race":[{"description":"Hispanic","count":96,"tested":8698,"color":"rgb(214,39,40)"},{"description":"Left Blank","count":779,"tested":30856,"color":"rgb(44,160,44)"},{"description":"Black","count":1796,"tested":27488,"color":"rgb(255,127,14)"},{"description":"Asian","count":40,"tested":14892,"color":"rgb(140,86,75)"},{"description":"White","count":183,"tested":32763,"color":"rgb(31,119,180)"},{"description":"Other","count":37,"tested":763,"color":"rgb(148,103,189)"}],"gender":[{"description":"Unknown/Left Blank","count":29,"tested":2615,"color":"rgb(44,160,44)"},{"description":"Female","count":1644,"tested":60372,"color":"rgb(255,127,14)"},{"description":"Male","count":1263,"tested":52987,"color":"rgb(31,119,180)"}]}
