{"age":[{"age_group":"<20","count":167,"tested":1570},{"age_group":"20-29   ","count":132,"tested":1288},{"age_group":"30-39   ","count":128,"tested":1567},{"age_group":"40-49   ","count":136,"tested":1318},{"age_group":"50-59   ","count":135,"tested":1542},{"age_group":"60-69   ","count":92,"tested":958},{"age_group":"70-79   ","count":63,"tested":889},{"age_group":"80+","count":59,"tested":969}],"race":[{"description":"White","count":477,"tested":3588,"color":"rgb(31,119,180)"},{"description":"Left Blank","count":400,"tested":6193,"color":"rgb(44,160,44)"},{"description":"Hispanic","count":28,"tested":130,"color":"rgb(214,39,40)"}],"gender":[{"description":"Female","count":478,"tested":4811,"color":"rgb(255,127,14)"},{"description":"Male","count":407,"tested":3035,"color":"rgb(31,119,180)"},{"description":"Unknown/Left Blank","count":35,"tested":2263,"color":"rgb(44,160,44)"}]}
