{"age":[{"age_group":"<20","count":108,"tested":928},{"age_group":"20-29   ","count":162,"tested":1682},{"age_group":"30-39   ","count":136,"tested":1286},{"age_group":"40-49   ","count":122,"tested":1137},{"age_group":"50-59   ","count":136,"tested":1255},{"age_group":"60-69   ","count":97,"tested":984},{"age_group":"70-79   ","count":50,"tested":563},{"age_group":"80+","count":14,"tested":251}],"race":[{"description":"White","count":267,"tested":2549,"color":"rgb(31,119,180)"},{"description":"Other","count":26,"tested":302,"color":"rgb(148,103,189)"},{"description":"Left Blank","count":275,"tested":2951,"color":"rgb(44,160,44)"},{"description":"Black","count":145,"tested":1634,"color":"rgb(255,127,14)"},{"description":"Hispanic","count":110,"tested":589,"color":"rgb(214,39,40)"}],"gender":[{"description":"Male","count":373,"tested":3229,"color":"rgb(31,119,180)"},{"description":"Female","count":445,"tested":4742,"color":"rgb(255,127,14)"}]}
