{"age":[{"age_group":"<20","count":66,"tested":609},{"age_group":"20-29   ","count":65,"tested":735},{"age_group":"30-39   ","count":72,"tested":648},{"age_group":"40-49   ","count":76,"tested":987},{"age_group":"50-59   ","count":84,"tested":1197},{"age_group":"60-69   ","count":59,"tested":984},{"age_group":"70-79   ","count":29,"tested":518},{"age_group":"80+","count":24,"tested":299}],"race":[{"description":"Left Blank","count":101,"tested":1155,"color":"rgb(44,160,44)"},{"description":"White","count":251,"tested":3481,"color":"rgb(31,119,180)"},{"description":"Hispanic","count":45,"tested":311,"color":"rgb(214,39,40)"},{"description":"Black","count":68,"tested":830,"color":"rgb(255,127,14)"},{"description":"Other","count":10,"tested":182,"color":"rgb(148,103,189)"}],"gender":[{"description":"Male","count":211,"tested":2202,"color":"rgb(31,119,180)"},{"description":"Female","count":264,"tested":3744,"color":"rgb(255,127,14)"}]}
