{"age":[{"age_group":"<20","count":381,"tested":4025},{"age_group":"20-29   ","count":341,"tested":4696},{"age_group":"30-39   ","count":363,"tested":5009},{"age_group":"40-49   ","count":420,"tested":5544},{"age_group":"50-59   ","count":448,"tested":6093},{"age_group":"60-69   ","count":251,"tested":4813},{"age_group":"70-79   ","count":143,"tested":3275},{"age_group":"80+","count":149,"tested":3140}],"race":[{"description":"Other","count":210,"tested":1788,"color":"rgb(148,103,189)"},{"description":"NH/PI*","count":7,"tested":60,"color":"rgb(127,127,127)"},{"description":"Black","count":27,"tested":432,"color":"rgb(255,127,14)"},{"description":"Asian","count":153,"tested":1644,"color":"rgb(140,86,75)"},{"description":"Left Blank","count":604,"tested":17182,"color":"rgb(44,160,44)"},{"description":"White","count":1175,"tested":13132,"color":"rgb(31,119,180)"},{"description":"Hispanic","count":317,"tested":2335,"color":"rgb(214,39,40)"}],"gender":[{"description":"Female","count":1221,"tested":19049,"color":"rgb(255,127,14)"},{"description":"Male","count":1216,"tested":16274,"color":"rgb(31,119,180)"},{"description":"Unknown/Left Blank","count":59,"tested":1280,"color":"rgb(44,160,44)"}]}
