{"age":[{"age_group":"<20","count":11,"tested":273},{"age_group":"20-29   ","count":32,"tested":621},{"age_group":"30-39   ","count":17,"tested":359},{"age_group":"40-49   ","count":14,"tested":322},{"age_group":"50-59   ","count":12,"tested":313},{"age_group":"60-69   ","count":10,"tested":277},{"age_group":"70-79   ","count":6,"tested":198}],"race":[{"description":"Hispanic","count":15,"tested":181,"color":"rgb(214,39,40)"},{"description":"Left Blank","count":21,"tested":958,"color":"rgb(44,160,44)"},{"description":"Other","count":7,"tested":155,"color":"rgb(148,103,189)"},{"description":"Black","count":13,"tested":243,"color":"rgb(255,127,14)"},{"description":"Asian","count":7,"tested":173,"color":"rgb(140,86,75)"},{"description":"White","count":38,"tested":754,"color":"rgb(31,119,180)"}],"gender":[{"description":"Female","count":47,"tested":1212,"color":"rgb(255,127,14)"},{"description":"Male","count":54,"tested":1213,"color":"rgb(31,119,180)"}]}
