{"age":[{"age_group":"<20","count":38,"tested":496},{"age_group":"20-29   ","count":25,"tested":244},{"age_group":"30-39   ","count":26,"tested":254},{"age_group":"40-49   ","count":28,"tested":282},{"age_group":"50-59   ","count":29,"tested":283},{"age_group":"60-69   ","count":14,"tested":260},{"age_group":"70-79   ","count":8,"tested":196},{"age_group":"80+","count":8,"tested":104}],"race":[{"description":"Left Blank","count":6,"tested":193,"color":"rgb(44,160,44)"},{"description":"White","count":164,"tested":1785,"color":"rgb(31,119,180)"}],"gender":[{"description":"Female","count":91,"tested":1117,"color":"rgb(255,127,14)"},{"description":"Male","count":85,"tested":948,"color":"rgb(31,119,180)"}]}
