{"age":[{"age_group":"<20","count":365,"tested":3004},{"age_group":"20-29   ","count":477,"tested":4166},{"age_group":"30-39   ","count":309,"tested":3282},{"age_group":"40-49   ","count":405,"tested":3710},{"age_group":"50-59   ","count":451,"tested":4094},{"age_group":"60-69   ","count":300,"tested":2910},{"age_group":"70-79   ","count":124,"tested":1361},{"age_group":"80+","count":47,"tested":587}],"race":[{"description":"Asian","count":48,"tested":688,"color":"rgb(140,86,75)"},{"description":"Left Blank","count":986,"tested":10801,"color":"rgb(44,160,44)"},{"description":"Other","count":101,"tested":851,"color":"rgb(148,103,189)"},{"description":"White","count":1138,"tested":9144,"color":"rgb(31,119,180)"},{"description":"Black","count":64,"tested":774,"color":"rgb(255,127,14)"},{"description":"Hispanic","count":138,"tested":809,"color":"rgb(214,39,40)"}],"gender":[{"description":"Unknown/Left Blank","count":20,"tested":335,"color":"rgb(44,160,44)"},{"description":"Male","count":1166,"tested":10069,"color":"rgb(31,119,180)"},{"description":"Female","count":1292,"tested":12712,"color":"rgb(255,127,14)"}]}
