{"age":[{"age_group":"<20","count":939,"tested":10157},{"age_group":"20-29   ","count":574,"tested":8594},{"age_group":"30-39   ","count":512,"tested":8314},{"age_group":"40-49   ","count":725,"tested":9006},{"age_group":"50-59   ","count":715,"tested":10185},{"age_group":"60-69   ","count":393,"tested":7207},{"age_group":"70-79   ","count":191,"tested":4483},{"age_group":"80+","count":175,"tested":9316}],"race":[{"description":"AI/AN**","count":10,"tested":37,"color":"rgb(31,119,180)"},{"description":"Other","count":112,"tested":1879,"color":"rgb(148,103,189)"},{"description":"Left Blank","count":957,"tested":34114,"color":"rgb(44,160,44)"},{"description":"Black","count":95,"tested":700,"color":"rgb(255,127,14)"},{"description":"Asian","count":157,"tested":1594,"color":"rgb(140,86,75)"},{"description":"White","count":2523,"tested":26798,"color":"rgb(31,119,180)"},{"description":"Hispanic","count":367,"tested":2112,"color":"rgb(214,39,40)"}],"gender":[{"description":"Male","count":2119,"tested":27210,"color":"rgb(31,119,180)"},{"description":"Unknown/Left Blank","count":44,"tested":772,"color":"rgb(44,160,44)"},{"description":"Female","count":2061,"tested":39288,"color":"rgb(255,127,14)"}]}
