{"age":[{"age_group":"<20","count":292,"tested":3049},{"age_group":"20-29   ","count":339,"tested":3572},{"age_group":"30-39   ","count":279,"tested":3001},{"age_group":"40-49   ","count":259,"tested":2791},{"age_group":"50-59   ","count":361,"tested":3735},{"age_group":"60-69   ","count":230,"tested":3031},{"age_group":"70-79   ","count":65,"tested":1316},{"age_group":"80+","count":29,"tested":1342}],"race":[{"description":"Other","count":32,"tested":336,"color":"rgb(148,103,189)"},{"description":"Asian","count":24,"tested":274,"color":"rgb(140,86,75)"},{"description":"Left Blank","count":570,"tested":8752,"color":"rgb(44,160,44)"},{"description":"White","count":986,"tested":11298,"color":"rgb(31,119,180)"},{"description":"Hispanic","count":228,"tested":1029,"color":"rgb(214,39,40)"}],"gender":[{"description":"Female","count":960,"tested":12508,"color":"rgb(255,127,14)"},{"description":"Male","count":880,"tested":9165,"color":"rgb(31,119,180)"}]}
