{"age":[{"age_group":"<20","count":670,"tested":5505},{"age_group":"20-29   ","count":895,"tested":9136},{"age_group":"30-39   ","count":824,"tested":8902},{"age_group":"40-49   ","count":843,"tested":8985},{"age_group":"50-59   ","count":766,"tested":9120},{"age_group":"60-69   ","count":559,"tested":8355},{"age_group":"70-79   ","count":289,"tested":4592},{"age_group":"80+","count":157,"tested":2626}],"race":[{"description":"NH/PI*","count":8,"tested":88,"color":"rgb(127,127,127)"},{"description":"Left Blank","count":794,"tested":21624,"color":"rgb(44,160,44)"},{"description":"Hispanic","count":1960,"tested":12861,"color":"rgb(214,39,40)"},{"description":"Asian","count":89,"tested":867,"color":"rgb(140,86,75)"},{"description":"Black","count":303,"tested":3307,"color":"rgb(255,127,14)"},{"description":"White","count":1625,"tested":15916,"color":"rgb(31,119,180)"},{"description":"Other","count":222,"tested":2546,"color":"rgb(148,103,189)"}],"gender":[{"description":"Male","count":2385,"tested":23748,"color":"rgb(31,119,180)"},{"description":"Female","count":2592,"tested":32445,"color":"rgb(255,127,14)"},{"description":"Unknown/Left Blank","count":26,"tested":1043,"color":"rgb(44,160,44)"}]}
