{"age":[{"age_group":"<20","count":1421,"tested":8434},{"age_group":"20-29   ","count":1634,"tested":12702},{"age_group":"30-39   ","count":1394,"tested":9450},{"age_group":"40-49   ","count":1523,"tested":9169},{"age_group":"50-59   ","count":1139,"tested":8543},{"age_group":"60-69   ","count":608,"tested":6941},{"age_group":"70-79   ","count":293,"tested":5667},{"age_group":"80+","count":144,"tested":4017}],"race":[{"description":"Black","count":279,"tested":2932,"color":"rgb(255,127,14)"},{"description":"Asian","count":41,"tested":332,"color":"rgb(140,86,75)"},{"description":"Other","count":246,"tested":2581,"color":"rgb(148,103,189)"},{"description":"AI/AN**","count":7,"tested":61,"color":"rgb(31,119,180)"},{"description":"White","count":621,"tested":7098,"color":"rgb(31,119,180)"},{"description":"Left Blank","count":1827,"tested":30645,"color":"rgb(44,160,44)"},{"description":"Hispanic","count":5131,"tested":21258,"color":"rgb(214,39,40)"}],"gender":[{"description":"Unknown/Left Blank","count":31,"tested":664,"color":"rgb(44,160,44)"},{"description":"Female","count":4164,"tested":36837,"color":"rgb(255,127,14)"},{"description":"Male","count":3961,"tested":27427,"color":"rgb(31,119,180)"}]}
