{"age":[{"age_group":"<20","count":553,"tested":11683},{"age_group":"20-29   ","count":479,"tested":11926},{"age_group":"30-39   ","count":351,"tested":5495},{"age_group":"40-49   ","count":404,"tested":5355},{"age_group":"50-59   ","count":433,"tested":6436},{"age_group":"60-69   ","count":227,"tested":5535},{"age_group":"70-79   ","count":130,"tested":3184},{"age_group":"80+","count":78,"tested":2130}],"race":[{"description":"Left Blank","count":544,"tested":23163,"color":"rgb(44,160,44)"},{"description":"White","count":1586,"tested":21542,"color":"rgb(31,119,180)"},{"description":"Hispanic","count":183,"tested":1684,"color":"rgb(214,39,40)"},{"description":"Black","count":110,"tested":1331,"color":"rgb(255,127,14)"},{"description":"Asian","count":141,"tested":2522,"color":"rgb(140,86,75)"},{"description":"AI/AN**","count":8,"tested":55,"color":"rgb(31,119,180)"},{"description":"Other","count":81,"tested":1457,"color":"rgb(148,103,189)"}],"gender":[{"description":"Female","count":1335,"tested":26855,"color":"rgb(255,127,14)"},{"description":"Male","count":1307,"tested":24620,"color":"rgb(31,119,180)"},{"description":"Unknown/Left Blank","count":13,"tested":300,"color":"rgb(44,160,44)"}]}
