{"age":[{"age_group":"<20","count":148,"tested":1469},{"age_group":"20-29   ","count":196,"tested":2090},{"age_group":"30-39   ","count":171,"tested":1915},{"age_group":"40-49   ","count":156,"tested":1674},{"age_group":"50-59   ","count":161,"tested":2247},{"age_group":"60-69   ","count":134,"tested":2140},{"age_group":"70-79   ","count":72,"tested":1339},{"age_group":"80+","count":57,"tested":804}],"race":[{"description":"Hispanic","count":148,"tested":754,"color":"rgb(214,39,40)"},{"description":"Left Blank","count":206,"tested":7486,"color":"rgb(44,160,44)"},{"description":"White","count":627,"tested":4453,"color":"rgb(31,119,180)"},{"description":"Other","count":43,"tested":275,"color":"rgb(148,103,189)"},{"description":"Asian","count":57,"tested":559,"color":"rgb(140,86,75)"},{"description":"Black","count":12,"tested":152,"color":"rgb(255,127,14)"}],"gender":[{"description":"Female","count":545,"tested":7737,"color":"rgb(255,127,14)"},{"description":"Male","count":547,"tested":5618,"color":"rgb(31,119,180)"}]}
