{"age":[{"age_group":"<20","count":433,"tested":7328},{"age_group":"20-29   ","count":359,"tested":9311},{"age_group":"30-39   ","count":298,"tested":8496},{"age_group":"40-49   ","count":384,"tested":12363},{"age_group":"50-59   ","count":417,"tested":13818},{"age_group":"60-69   ","count":348,"tested":11733},{"age_group":"70-79   ","count":263,"tested":7527},{"age_group":"80+","count":385,"tested":11230}],"race":[{"description":"Hispanic","count":109,"tested":1578,"color":"rgb(214,39,40)"},{"description":"Left Blank","count":829,"tested":48781,"color":"rgb(44,160,44)"},{"description":"Other","count":255,"tested":2956,"color":"rgb(148,103,189)"},{"description":"Asian","count":148,"tested":3489,"color":"rgb(140,86,75)"},{"description":"White","count":1500,"tested":23200,"color":"rgb(31,119,180)"},{"description":"Black","count":36,"tested":1107,"color":"rgb(255,127,14)"}],"gender":[{"description":"Male","count":1376,"tested":30350,"color":"rgb(31,119,180)"},{"description":"Female","count":1495,"tested":48550,"color":"rgb(255,127,14)"},{"description":"Unknown/Left Blank","count":16,"tested":2932,"color":"rgb(44,160,44)"}]}
