{"age":[{"age_group":"<20","count":672,"tested":8893},{"age_group":"20-29   ","count":595,"tested":8452},{"age_group":"30-39   ","count":491,"tested":8677},{"age_group":"40-49   ","count":521,"tested":8003},{"age_group":"50-59   ","count":547,"tested":8875},{"age_group":"60-69   ","count":389,"tested":7547},{"age_group":"70-79   ","count":211,"tested":4308},{"age_group":"80+","count":178,"tested":5873}],"race":[{"description":"Black","count":52,"tested":1256,"color":"rgb(255,127,14)"},{"description":"Asian","count":141,"tested":2433,"color":"rgb(140,86,75)"},{"description":"White","count":2121,"tested":30991,"color":"rgb(31,119,180)"},{"description":"Other","count":130,"tested":1401,"color":"rgb(148,103,189)"},{"description":"Left Blank","count":803,"tested":21580,"color":"rgb(44,160,44)"},{"description":"AI/AN**","count":7,"tested":18,"color":"rgb(31,119,180)"},{"description":"Hispanic","count":348,"tested":3047,"color":"rgb(214,39,40)"}],"gender":[{"description":"Female","count":1803,"tested":33002,"color":"rgb(255,127,14)"},{"description":"Male","count":1764,"tested":25827,"color":"rgb(31,119,180)"},{"description":"Unknown/Left Blank","count":37,"tested":1966,"color":"rgb(44,160,44)"}]}
