{"age":[{"age_group":"<20","count":269,"tested":2434},{"age_group":"20-29   ","count":323,"tested":4328},{"age_group":"30-39   ","count":338,"tested":5454},{"age_group":"40-49   ","count":325,"tested":4735},{"age_group":"50-59   ","count":322,"tested":5435},{"age_group":"60-69   ","count":260,"tested":5819},{"age_group":"70-79   ","count":133,"tested":4377},{"age_group":"80+","count":103,"tested":5136}],"race":[{"description":"White","count":693,"tested":7567,"color":"rgb(31,119,180)"},{"description":"Left Blank","count":548,"tested":22956,"color":"rgb(44,160,44)"},{"description":"Other","count":289,"tested":2013,"color":"rgb(148,103,189)"},{"description":"Asian","count":325,"tested":3562,"color":"rgb(140,86,75)"},{"description":"Black","count":43,"tested":370,"color":"rgb(255,127,14)"},{"description":"Hispanic","count":153,"tested":1073,"color":"rgb(214,39,40)"},{"description":"NH/PI*","count":8,"tested":122,"color":"rgb(127,127,127)"},{"description":"AI/AN**","count":14,"tested":79,"color":"rgb(31,119,180)"}],"gender":[{"description":"Male","count":997,"tested":15324,"color":"rgb(31,119,180)"},{"description":"Female","count":1068,"tested":21981,"color":"rgb(255,127,14)"}]}
