{"age":[{"age_group":"<20","count":189,"tested":1285},{"age_group":"20-29   ","count":261,"tested":2404},{"age_group":"30-39   ","count":213,"tested":2353},{"age_group":"40-49   ","count":219,"tested":2113},{"age_group":"50-59   ","count":189,"tested":2401},{"age_group":"60-69   ","count":136,"tested":1850},{"age_group":"70-79   ","count":60,"tested":808},{"age_group":"80+","count":34,"tested":639}],"race":[{"description":"Black","count":138,"tested":1451,"color":"rgb(255,127,14)"},{"description":"Asian","count":13,"tested":89,"color":"rgb(140,86,75)"},{"description":"Other","count":68,"tested":513,"color":"rgb(148,103,189)"},{"description":"Hispanic","count":217,"tested":1049,"color":"rgb(214,39,40)"},{"description":"White","count":395,"tested":3198,"color":"rgb(31,119,180)"},{"description":"Left Blank","count":467,"tested":7542,"color":"rgb(44,160,44)"}],"gender":[{"description":"Female","count":728,"tested":8940,"color":"rgb(255,127,14)"},{"description":"Male","count":568,"tested":4623,"color":"rgb(31,119,180)"}]}
