{"age":[{"age_group":"<20","count":78,"tested":1591},{"age_group":"20-29   ","count":85,"tested":3026},{"age_group":"30-39   ","count":49,"tested":1887},{"age_group":"40-49   ","count":73,"tested":2623},{"age_group":"50-59   ","count":96,"tested":2991},{"age_group":"60-69   ","count":59,"tested":2405},{"age_group":"70-79   ","count":57,"tested":1960},{"age_group":"80+","count":102,"tested":4104}],"race":[{"description":"White","count":345,"tested":5920,"color":"rgb(31,119,180)"},{"description":"Asian","count":26,"tested":1230,"color":"rgb(140,86,75)"},{"description":"Hispanic","count":21,"tested":1037,"color":"rgb(214,39,40)"},{"description":"Black","count":6,"tested":544,"color":"rgb(255,127,14)"},{"description":"Other","count":38,"tested":501,"color":"rgb(148,103,189)"},{"description":"Left Blank","count":162,"tested":11367,"color":"rgb(44,160,44)"}],"gender":[{"description":"Female","count":316,"tested":12617,"color":"rgb(255,127,14)"},{"description":"Male","count":276,"tested":7393,"color":"rgb(31,119,180)"}]}
