{"age":[{"age_group":"<20","count":245,"tested":6411},{"age_group":"20-29   ","count":505,"tested":29230},{"age_group":"30-39   ","count":420,"tested":11144},{"age_group":"40-49   ","count":294,"tested":6617},{"age_group":"50-59   ","count":263,"tested":6778},{"age_group":"60-69   ","count":153,"tested":5233},{"age_group":"70-79   ","count":95,"tested":2869},{"age_group":"80+","count":73,"tested":1557}],"race":[{"description":"Asian","count":48,"tested":5428,"color":"rgb(140,86,75)"},{"description":"White","count":244,"tested":21667,"color":"rgb(31,119,180)"},{"description":"Black","count":1112,"tested":18908,"color":"rgb(255,127,14)"},{"description":"Other","count":53,"tested":1154,"color":"rgb(148,103,189)"},{"description":"Left Blank","count":503,"tested":18775,"color":"rgb(44,160,44)"},{"description":"Hispanic","count":83,"tested":3700,"color":"rgb(214,39,40)"}],"gender":[{"description":"Male","count":915,"tested":29148,"color":"rgb(31,119,180)"},{"description":"Unknown/Left Blank","count":23,"tested":1050,"color":"rgb(44,160,44)"},{"description":"Female","count":1110,"tested":39652,"color":"rgb(255,127,14)"}]}
