{"age":[{"age_group":"<20","count":396,"tested":3098},{"age_group":"20-29   ","count":474,"tested":5128},{"age_group":"30-39   ","count":391,"tested":4384},{"age_group":"40-49   ","count":412,"tested":4252},{"age_group":"50-59   ","count":355,"tested":4808},{"age_group":"60-69   ","count":219,"tested":3642},{"age_group":"70-79   ","count":139,"tested":1897},{"age_group":"80+","count":81,"tested":853}],"race":[{"description":"Hispanic","count":513,"tested":2300,"color":"rgb(214,39,40)"},{"description":"AI/AN**","count":10,"tested":53,"color":"rgb(31,119,180)"},{"description":"Left Blank","count":937,"tested":10594,"color":"rgb(44,160,44)"},{"description":"Other","count":83,"tested":558,"color":"rgb(148,103,189)"},{"description":"Black","count":859,"tested":13300,"color":"rgb(255,127,14)"},{"description":"Asian","count":20,"tested":173,"color":"rgb(140,86,75)"},{"description":"White","count":45,"tested":1088,"color":"rgb(31,119,180)"}],"gender":[{"description":"Unknown/Left Blank","count":32,"tested":543,"color":"rgb(44,160,44)"},{"description":"Female","count":1275,"tested":15967,"color":"rgb(255,127,14)"},{"description":"Male","count":1160,"tested":11571,"color":"rgb(31,119,180)"}]}
