{"age":[{"age_group":"<20","count":52,"tested":187},{"age_group":"20-29   ","count":42,"tested":228},{"age_group":"30-39   ","count":41,"tested":234},{"age_group":"40-49   ","count":36,"tested":115},{"age_group":"50-59   ","count":42,"tested":170},{"age_group":"60-69   ","count":44,"tested":206},{"age_group":"70-79   ","count":33,"tested":185},{"age_group":"80+","count":29,"tested":149}],"race":[{"description":"White","count":148,"tested":1141,"color":"rgb(31,119,180)"},{"description":"Hispanic","count":27,"tested":26,"color":"rgb(214,39,40)"},{"description":"Left Blank","count":32,"tested":261,"color":"rgb(44,160,44)"}],"gender":[{"description":"Female","count":94,"tested":891,"color":"rgb(255,127,14)"},{"description":"Male","count":99,"tested":571,"color":"rgb(31,119,180)"}]}
