{"age":[{"age_group":"<20","count":441,"tested":2339},{"age_group":"20-29   ","count":555,"tested":3125},{"age_group":"30-39   ","count":460,"tested":2960},{"age_group":"40-49   ","count":488,"tested":2828},{"age_group":"50-59   ","count":483,"tested":2969},{"age_group":"60-69   ","count":311,"tested":1635},{"age_group":"70-79   ","count":236,"tested":887},{"age_group":"80+","count":205,"tested":496}],"race":[{"description":"Black","count":213,"tested":306,"color":"rgb(255,127,14)"},{"description":"Asian","count":242,"tested":438,"color":"rgb(140,86,75)"},{"description":"White","count":930,"tested":6787,"color":"rgb(31,119,180)"},{"description":"Other","count":225,"tested":282,"color":"rgb(148,103,189)"},{"description":"Left Blank","count":758,"tested":8214,"color":"rgb(44,160,44)"},{"description":"Hispanic","count":430,"tested":1184,"color":"rgb(214,39,40)"}],"gender":[{"description":"Male","count":1007,"tested":7446,"color":"rgb(31,119,180)"},{"description":"Female","count":1038,"tested":9700,"color":"rgb(255,127,14)"},{"description":"Unknown/Left Blank","count":194,"tested":96,"color":"rgb(44,160,44)"}]}
