{"age":[{"age_group":"<20","count":60,"tested":337},{"age_group":"20-29   ","count":51,"tested":337},{"age_group":"30-39   ","count":61,"tested":495},{"age_group":"40-49   ","count":62,"tested":424},{"age_group":"50-59   ","count":59,"tested":560},{"age_group":"60-69   ","count":58,"tested":539},{"age_group":"70-79   ","count":49,"tested":431},{"age_group":"80+","count":71,"tested":933}],"race":[{"description":"Hispanic","count":24,"tested":34,"color":"rgb(214,39,40)"},{"description":"Left Blank","count":185,"tested":2513,"color":"rgb(44,160,44)"},{"description":"White","count":174,"tested":1448,"color":"rgb(31,119,180)"}],"gender":[{"description":"Female","count":219,"tested":2751,"color":"rgb(255,127,14)"},{"description":"Male","count":149,"tested":1281,"color":"rgb(31,119,180)"}]}
