{"age":[{"age_group":"<20","count":63,"tested":369},{"age_group":"20-29   ","count":73,"tested":425},{"age_group":"30-39   ","count":64,"tested":483},{"age_group":"40-49   ","count":58,"tested":361},{"age_group":"50-59   ","count":78,"tested":526},{"age_group":"60-69   ","count":72,"tested":424},{"age_group":"70-79   ","count":41,"tested":255}],"race":[{"description":"Hispanic","count":53,"tested":109,"color":"rgb(214,39,40)"},{"description":"White","count":152,"tested":1912,"color":"rgb(31,119,180)"},{"description":"Left Blank","count":109,"tested":1221,"color":"rgb(44,160,44)"}],"gender":[{"description":"Female","count":150,"tested":1894,"color":"rgb(255,127,14)"},{"description":"Male","count":136,"tested":1398,"color":"rgb(31,119,180)"}]}
