{"age":[{"age_group":"<20","count":636,"tested":5499},{"age_group":"20-29   ","count":564,"tested":5441},{"age_group":"30-39   ","count":385,"tested":3525},{"age_group":"40-49   ","count":511,"tested":4529},{"age_group":"50-59   ","count":602,"tested":5924},{"age_group":"60-69   ","count":337,"tested":3255},{"age_group":"70-79   ","count":241,"tested":1842},{"age_group":"80+","count":203,"tested":1259}],"race":[{"description":"Black","count":238,"tested":1013,"color":"rgb(255,127,14)"},{"description":"Asian","count":337,"tested":2973,"color":"rgb(140,86,75)"},{"description":"Other","count":231,"tested":1389,"color":"rgb(148,103,189)"},{"description":"White","count":959,"tested":10319,"color":"rgb(31,119,180)"},{"description":"Left Blank","count":1128,"tested":14787,"color":"rgb(44,160,44)"},{"description":"Hispanic","count":248,"tested":722,"color":"rgb(214,39,40)"}],"gender":[{"description":"Female","count":1243,"tested":17453,"color":"rgb(255,127,14)"},{"description":"Male","count":1213,"tested":13635,"color":"rgb(31,119,180)"},{"description":"Unknown/Left Blank","count":188,"tested":193,"color":"rgb(44,160,44)"}]}
