{"age":[{"age_group":"<20","count":24,"tested":155},{"age_group":"20-29   ","count":31,"tested":135},{"age_group":"30-39   ","count":20,"tested":122},{"age_group":"40-49   ","count":20,"tested":140},{"age_group":"50-59   ","count":35,"tested":128},{"age_group":"60-69   ","count":15,"tested":104},{"age_group":"70-79   ","count":14,"tested":53}],"race":[{"description":"Left Blank","count":57,"tested":401,"color":"rgb(44,160,44)"},{"description":"White","count":72,"tested":430,"color":"rgb(31,119,180)"}],"gender":[{"description":"Male","count":64,"tested":337,"color":"rgb(31,119,180)"},{"description":"Female","count":68,"tested":525,"color":"rgb(255,127,14)"}]}
