{"age":[{"age_group":"<20","count":8,"tested":54},{"age_group":"20-29   ","count":9,"tested":52},{"age_group":"30-39   ","count":13,"tested":48},{"age_group":"40-49   ","count":7,"tested":32},{"age_group":"50-59   ","count":14,"tested":83},{"age_group":"60-69   ","count":8,"tested":57}],"race":[{"description":"White","count":44,"tested":247,"color":"rgb(31,119,180)"},{"description":"Left Blank","count":14,"tested":111,"color":"rgb(44,160,44)"}],"gender":[{"description":"Female","count":31,"tested":192,"color":"rgb(255,127,14)"},{"description":"Male","count":28,"tested":168,"color":"rgb(31,119,180)"}]}
