{"age":[{"age_group":"<20","count":1068,"tested":7966},{"age_group":"20-29   ","count":1228,"tested":10838},{"age_group":"30-39   ","count":1084,"tested":9470},{"age_group":"40-49   ","count":1125,"tested":9186},{"age_group":"50-59   ","count":1020,"tested":9271},{"age_group":"60-69   ","count":733,"tested":8134},{"age_group":"70-79   ","count":427,"tested":5065},{"age_group":"80+","count":272,"tested":2984}],"race":[{"description":"White","count":654,"tested":5310,"color":"rgb(31,119,180)"},{"description":"Left Blank","count":1770,"tested":22351,"color":"rgb(44,160,44)"},{"description":"Other","count":218,"tested":1403,"color":"rgb(148,103,189)"},{"description":"Asian","count":96,"tested":95,"color":"rgb(140,86,75)"},{"description":"Hispanic","count":2299,"tested":13315,"color":"rgb(214,39,40)"},{"description":"Black","count":1753,"tested":20343,"color":"rgb(255,127,14)"},{"description":"AI/AN**","count":87,"tested":99,"color":"rgb(31,119,180)"}],"gender":[{"description":"Male","count":3000,"tested":26122,"color":"rgb(31,119,180)"},{"description":"Unknown/Left Blank","count":109,"tested":745,"color":"rgb(44,160,44)"},{"description":"Female","count":3453,"tested":36075,"color":"rgb(255,127,14)"}]}
