{"age":[{"age_group":"<20","count":133,"tested":782},{"age_group":"20-29   ","count":120,"tested":1425},{"age_group":"30-39   ","count":94,"tested":1015},{"age_group":"40-49   ","count":122,"tested":1331},{"age_group":"50-59   ","count":143,"tested":1220},{"age_group":"60-69   ","count":146,"tested":1566},{"age_group":"70-79   ","count":169,"tested":1691},{"age_group":"80+","count":164,"tested":1445}],"race":[{"description":"Black","count":55,"tested":112,"color":"rgb(255,127,14)"},{"description":"Hispanic","count":77,"tested":158,"color":"rgb(214,39,40)"},{"description":"Asian","count":135,"tested":755,"color":"rgb(140,86,75)"},{"description":"Other","count":83,"tested":529,"color":"rgb(148,103,189)"},{"description":"White","count":381,"tested":3120,"color":"rgb(31,119,180)"},{"description":"Left Blank","count":270,"tested":5775,"color":"rgb(44,160,44)"}],"gender":[{"description":"Male","count":392,"tested":4494,"color":"rgb(31,119,180)"},{"description":"Female","count":429,"tested":5940,"color":"rgb(255,127,14)"}]}
