{"age":[{"age_group":"<20","count":137,"tested":827},{"age_group":"20-29   ","count":122,"tested":819},{"age_group":"30-39   ","count":108,"tested":768},{"age_group":"40-49   ","count":121,"tested":679},{"age_group":"50-59   ","count":113,"tested":818},{"age_group":"60-69   ","count":91,"tested":560},{"age_group":"70-79   ","count":44,"tested":351},{"age_group":"80+","count":37,"tested":200}],"race":[{"description":"Black","count":29,"tested":40,"color":"rgb(255,127,14)"},{"description":"Hispanic","count":118,"tested":283,"color":"rgb(214,39,40)"},{"description":"White","count":307,"tested":2238,"color":"rgb(31,119,180)"},{"description":"Left Blank","count":221,"tested":2404,"color":"rgb(44,160,44)"}],"gender":[{"description":"Male","count":309,"tested":2074,"color":"rgb(31,119,180)"},{"description":"Female","count":326,"tested":2925,"color":"rgb(255,127,14)"}]}
