{"age":[{"age_group":"<20","count":522,"tested":3339},{"age_group":"20-29   ","count":646,"tested":5376},{"age_group":"30-39   ","count":612,"tested":4702},{"age_group":"40-49   ","count":524,"tested":3488},{"age_group":"50-59   ","count":515,"tested":4451},{"age_group":"60-69   ","count":368,"tested":3470},{"age_group":"70-79   ","count":172,"tested":1462},{"age_group":"80+","count":160,"tested":905}],"race":[{"description":"Other","count":210,"tested":818,"color":"rgb(148,103,189)"},{"description":"Black","count":153,"tested":664,"color":"rgb(255,127,14)"},{"description":"Asian","count":185,"tested":1173,"color":"rgb(140,86,75)"},{"description":"White","count":959,"tested":9382,"color":"rgb(31,119,180)"},{"description":"Hispanic","count":1034,"tested":4288,"color":"rgb(214,39,40)"},{"description":"Left Blank","count":801,"tested":10824,"color":"rgb(44,160,44)"}],"gender":[{"description":"Female","count":1514,"tested":15215,"color":"rgb(255,127,14)"},{"description":"Male","count":1470,"tested":11678,"color":"rgb(31,119,180)"},{"description":"Unknown/Left Blank","count":100,"tested":302,"color":"rgb(44,160,44)"}]}
