{"age":[{"age_group":"<20","count":19,"tested":192},{"age_group":"20-29   ","count":35,"tested":168},{"age_group":"30-39   ","count":26,"tested":192},{"age_group":"40-49   ","count":24,"tested":123},{"age_group":"50-59   ","count":34,"tested":213},{"age_group":"60-69   ","count":14,"tested":93}],"race":[{"description":"Left Blank","count":36,"tested":355,"color":"rgb(44,160,44)"},{"description":"Other","count":17,"tested":63,"color":"rgb(148,103,189)"},{"description":"White","count":80,"tested":601,"color":"rgb(31,119,180)"}],"gender":[{"description":"Male","count":70,"tested":438,"color":"rgb(31,119,180)"},{"description":"Female","count":56,"tested":593,"color":"rgb(255,127,14)"}]}
