{"age":[{"age_group":"<20","count":354,"tested":2958},{"age_group":"20-29   ","count":219,"tested":2095},{"age_group":"30-39   ","count":174,"tested":1677},{"age_group":"40-49   ","count":227,"tested":2246},{"age_group":"50-59   ","count":300,"tested":2937},{"age_group":"60-69   ","count":236,"tested":2332},{"age_group":"70-79   ","count":175,"tested":1735},{"age_group":"80+","count":183,"tested":1651}],"race":[{"description":"Hispanic","count":136,"tested":277,"color":"rgb(214,39,40)"},{"description":"Left Blank","count":456,"tested":9466,"color":"rgb(44,160,44)"},{"description":"White","count":724,"tested":6356,"color":"rgb(31,119,180)"},{"description":"Asian","count":125,"tested":579,"color":"rgb(140,86,75)"},{"description":"Black","count":107,"tested":321,"color":"rgb(255,127,14)"},{"description":"Other","count":135,"tested":616,"color":"rgb(148,103,189)"}],"gender":[{"description":"Male","count":638,"tested":7495,"color":"rgb(31,119,180)"},{"description":"Female","count":672,"tested":10020,"color":"rgb(255,127,14)"},{"description":"Unknown/Left Blank","count":98,"tested":117,"color":"rgb(44,160,44)"}]}
