{"age":[{"age_group":"<20","count":261,"tested":1707},{"age_group":"20-29   ","count":273,"tested":2585},{"age_group":"30-39   ","count":266,"tested":2448},{"age_group":"40-49   ","count":296,"tested":2794},{"age_group":"50-59   ","count":284,"tested":2859},{"age_group":"60-69   ","count":219,"tested":2718},{"age_group":"70-79   ","count":103,"tested":1015},{"age_group":"80+","count":71,"tested":508}],"race":[{"description":"Black","count":219,"tested":2228,"color":"rgb(255,127,14)"},{"description":"Left Blank","count":560,"tested":8223,"color":"rgb(44,160,44)"},{"description":"Asian","count":41,"tested":176,"color":"rgb(140,86,75)"},{"description":"White","count":250,"tested":2390,"color":"rgb(31,119,180)"},{"description":"Hispanic","count":575,"tested":3271,"color":"rgb(214,39,40)"},{"description":"Other","count":72,"tested":329,"color":"rgb(148,103,189)"}],"gender":[{"description":"Female","count":834,"tested":9240,"color":"rgb(255,127,14)"},{"description":"Male","count":744,"tested":6976,"color":"rgb(31,119,180)"},{"description":"Unknown/Left Blank","count":55,"tested":428,"color":"rgb(44,160,44)"}]}
