{"age":[{"age_group":"<20","count":155,"tested":1308},{"age_group":"20-29   ","count":169,"tested":1503},{"age_group":"30-39   ","count":142,"tested":1552},{"age_group":"40-49   ","count":175,"tested":1623},{"age_group":"50-59   ","count":171,"tested":1761},{"age_group":"60-69   ","count":128,"tested":1352},{"age_group":"70-79   ","count":79,"tested":699},{"age_group":"80+","count":51,"tested":202}],"race":[{"description":"Hispanic","count":73,"tested":308,"color":"rgb(214,39,40)"},{"description":"Left Blank","count":341,"tested":5134,"color":"rgb(44,160,44)"},{"description":"Black","count":52,"tested":156,"color":"rgb(255,127,14)"},{"description":"Asian","count":133,"tested":1179,"color":"rgb(140,86,75)"},{"description":"White","count":329,"tested":2945,"color":"rgb(31,119,180)"},{"description":"Other","count":64,"tested":249,"color":"rgb(148,103,189)"}],"gender":[{"description":"Female","count":430,"tested":5458,"color":"rgb(255,127,14)"},{"description":"Male","count":416,"tested":4423,"color":"rgb(31,119,180)"}]}
