{"age":[{"age_group":"<20","count":384,"tested":3023},{"age_group":"20-29   ","count":550,"tested":4473},{"age_group":"30-39   ","count":425,"tested":4135},{"age_group":"40-49   ","count":393,"tested":3171},{"age_group":"50-59   ","count":478,"tested":4447},{"age_group":"60-69   ","count":351,"tested":3132},{"age_group":"70-79   ","count":250,"tested":1771},{"age_group":"80+","count":213,"tested":1046}],"race":[{"description":"Black","count":215,"tested":675,"color":"rgb(255,127,14)"},{"description":"Asian","count":187,"tested":683,"color":"rgb(140,86,75)"},{"description":"Hispanic","count":447,"tested":1937,"color":"rgb(214,39,40)"},{"description":"White","count":974,"tested":12443,"color":"rgb(31,119,180)"},{"description":"Other","count":266,"tested":1053,"color":"rgb(148,103,189)"},{"description":"Left Blank","count":648,"tested":8300,"color":"rgb(44,160,44)"}],"gender":[{"description":"Female","count":1058,"tested":14022,"color":"rgb(255,127,14)"},{"description":"Male","count":1063,"tested":10945,"color":"rgb(31,119,180)"},{"description":"Unknown/Left Blank","count":169,"tested":232,"color":"rgb(44,160,44)"}]}
