{"age":[{"age_group":"<20","count":478,"tested":1613},{"age_group":"20-29   ","count":506,"tested":1950},{"age_group":"30-39   ","count":467,"tested":1799},{"age_group":"40-49   ","count":528,"tested":2118},{"age_group":"50-59   ","count":506,"tested":2036},{"age_group":"60-69   ","count":409,"tested":1751},{"age_group":"70-79   ","count":395,"tested":1733},{"age_group":"80+","count":351,"tested":2078}],"race":[{"description":"Hispanic","count":426,"tested":685,"color":"rgb(214,39,40)"},{"description":"Left Blank","count":796,"tested":6371,"color":"rgb(44,160,44)"},{"description":"Other","count":327,"tested":538,"color":"rgb(148,103,189)"},{"description":"White","count":871,"tested":6693,"color":"rgb(31,119,180)"},{"description":"Asian","count":303,"tested":186,"color":"rgb(140,86,75)"},{"description":"Black","count":337,"tested":571,"color":"rgb(255,127,14)"}],"gender":[{"description":"Male","count":955,"tested":6231,"color":"rgb(31,119,180)"},{"description":"Unknown/Left Blank","count":308,"tested":208,"color":"rgb(44,160,44)"},{"description":"Female","count":932,"tested":8641,"color":"rgb(255,127,14)"}]}
