{"age":[{"age_group":"<20","count":285,"tested":1311},{"age_group":"20-29   ","count":410,"tested":2916},{"age_group":"30-39   ","count":352,"tested":2380},{"age_group":"40-49   ","count":372,"tested":2727},{"age_group":"50-59   ","count":344,"tested":2306},{"age_group":"60-69   ","count":242,"tested":1672},{"age_group":"70-79   ","count":199,"tested":1376},{"age_group":"80+","count":188,"tested":1292}],"race":[{"description":"Black","count":302,"tested":1440,"color":"rgb(255,127,14)"},{"description":"White","count":550,"tested":5178,"color":"rgb(31,119,180)"},{"description":"Asian","count":158,"tested":247,"color":"rgb(140,86,75)"},{"description":"Other","count":172,"tested":712,"color":"rgb(148,103,189)"},{"description":"Left Blank","count":545,"tested":7680,"color":"rgb(44,160,44)"},{"description":"Hispanic","count":405,"tested":1379,"color":"rgb(214,39,40)"}],"gender":[{"description":"Unknown/Left Blank","count":150,"tested":2752,"color":"rgb(44,160,44)"},{"description":"Female","count":841,"tested":8249,"color":"rgb(255,127,14)"},{"description":"Male","count":761,"tested":5676,"color":"rgb(31,119,180)"}]}
