{"age":[{"age_group":"<20","count":913,"tested":5996},{"age_group":"20-29   ","count":1635,"tested":21643},{"age_group":"30-39   ","count":1396,"tested":17514},{"age_group":"40-49   ","count":1161,"tested":10292},{"age_group":"50-59   ","count":986,"tested":7823},{"age_group":"60-69   ","count":679,"tested":6023},{"age_group":"70-79   ","count":386,"tested":2836},{"age_group":"80+","count":239,"tested":1606}],"race":[{"description":"Other","count":338,"tested":3409,"color":"rgb(148,103,189)"},{"description":"Left Blank","count":1191,"tested":22493,"color":"rgb(44,160,44)"},{"description":"Hispanic","count":3848,"tested":22749,"color":"rgb(214,39,40)"},{"description":"White","count":806,"tested":13407,"color":"rgb(31,119,180)"},{"description":"Asian","count":241,"tested":2830,"color":"rgb(140,86,75)"},{"description":"Black","count":776,"tested":8701,"color":"rgb(255,127,14)"},{"description":"AI/AN**","count":100,"tested":113,"color":"rgb(31,119,180)"}],"gender":[{"description":"Unknown/Left Blank","count":159,"tested":2526,"color":"rgb(44,160,44)"},{"description":"Male","count":3534,"tested":35412,"color":"rgb(31,119,180)"},{"description":"Female","count":3242,"tested":35815,"color":"rgb(255,127,14)"}]}
