{"age":[{"age_group":"<20","count":47,"tested":281},{"age_group":"20-29   ","count":288,"tested":4514},{"age_group":"30-39   ","count":257,"tested":4422},{"age_group":"40-49   ","count":76,"tested":954},{"age_group":"50-59   ","count":58,"tested":550},{"age_group":"60-69   ","count":51,"tested":296}],"race":[{"description":"White","count":247,"tested":3319,"color":"rgb(31,119,180)"},{"description":"Asian","count":77,"tested":1049,"color":"rgb(140,86,75)"},{"description":"Black","count":56,"tested":333,"color":"rgb(255,127,14)"},{"description":"Other","count":70,"tested":653,"color":"rgb(148,103,189)"},{"description":"Left Blank","count":267,"tested":5465,"color":"rgb(44,160,44)"},{"description":"Hispanic","count":61,"tested":318,"color":"rgb(214,39,40)"}],"gender":[{"description":"Unknown/Left Blank","count":46,"tested":108,"color":"rgb(44,160,44)"},{"description":"Female","count":299,"tested":5718,"color":"rgb(255,127,14)"},{"description":"Male","count":336,"tested":5338,"color":"rgb(31,119,180)"}]}
