{"age":[{"age_group":"<20","count":65,"tested":311},{"age_group":"20-29   ","count":64,"tested":264},{"age_group":"30-39   ","count":60,"tested":241},{"age_group":"40-49   ","count":63,"tested":216},{"age_group":"50-59   ","count":65,"tested":296},{"age_group":"60-69   ","count":60,"tested":251},{"age_group":"70-79   ","count":40,"tested":120},{"age_group":"80+","count":42,"tested":50}],"race":[{"description":"White","count":146,"tested":761,"color":"rgb(31,119,180)"},{"description":"Left Blank","count":109,"tested":950,"color":"rgb(44,160,44)"}],"gender":[{"description":"Male","count":125,"tested":652,"color":"rgb(31,119,180)"},{"description":"Female","count":136,"tested":1076,"color":"rgb(255,127,14)"}]}
