{"age":[{"age_group":"<20","count":602,"tested":3419},{"age_group":"20-29   ","count":264,"tested":2126},{"age_group":"30-39   ","count":299,"tested":2178},{"age_group":"40-49   ","count":216,"tested":1749},{"age_group":"50-59   ","count":214,"tested":1884},{"age_group":"60-69   ","count":161,"tested":1790},{"age_group":"70-79   ","count":95,"tested":1617},{"age_group":"80+","count":145,"tested":4830}],"race":[{"description":"Black","count":34,"tested":154,"color":"rgb(255,127,14)"},{"description":"Asian","count":152,"tested":1080,"color":"rgb(140,86,75)"},{"description":"Hispanic","count":76,"tested":422,"color":"rgb(214,39,40)"},{"description":"Left Blank","count":1102,"tested":13362,"color":"rgb(44,160,44)"},{"description":"Other","count":220,"tested":1039,"color":"rgb(148,103,189)"},{"description":"White","count":365,"tested":3475,"color":"rgb(31,119,180)"}],"gender":[{"description":"Unknown/Left Blank","count":40,"tested":290,"color":"rgb(44,160,44)"},{"description":"Male","count":939,"tested":8296,"color":"rgb(31,119,180)"},{"description":"Female","count":923,"tested":11014,"color":"rgb(255,127,14)"}]}
