{"age":[{"age_group":"<20","count":680,"tested":4256},{"age_group":"20-29   ","count":787,"tested":8923},{"age_group":"30-39   ","count":790,"tested":9437},{"age_group":"40-49   ","count":727,"tested":9034},{"age_group":"50-59   ","count":691,"tested":9567},{"age_group":"60-69   ","count":575,"tested":8126},{"age_group":"70-79   ","count":373,"tested":4105},{"age_group":"80+","count":340,"tested":3801}],"race":[{"description":"Black","count":973,"tested":15837,"color":"rgb(255,127,14)"},{"description":"Hispanic","count":763,"tested":2756,"color":"rgb(214,39,40)"},{"description":"Asian","count":134,"tested":268,"color":"rgb(140,86,75)"},{"description":"White","count":1666,"tested":24095,"color":"rgb(31,119,180)"},{"description":"Other","count":211,"tested":1819,"color":"rgb(148,103,189)"},{"description":"Left Blank","count":961,"tested":12402,"color":"rgb(44,160,44)"}],"gender":[{"description":"Unknown/Left Blank","count":139,"tested":445,"color":"rgb(44,160,44)"},{"description":"Male","count":1910,"tested":21507,"color":"rgb(31,119,180)"},{"description":"Female","count":2279,"tested":35317,"color":"rgb(255,127,14)"}]}
