{"age":[{"age_group":"<20","count":500,"tested":2350},{"age_group":"20-29   ","count":587,"tested":3460},{"age_group":"30-39   ","count":571,"tested":3537},{"age_group":"40-49   ","count":564,"tested":2836},{"age_group":"50-59   ","count":594,"tested":3436},{"age_group":"60-69   ","count":520,"tested":3053},{"age_group":"70-79   ","count":390,"tested":2294},{"age_group":"80+","count":386,"tested":2355}],"race":[{"description":"Asian","count":283,"tested":159,"color":"rgb(140,86,75)"},{"description":"Black","count":276,"tested":166,"color":"rgb(255,127,14)"},{"description":"White","count":1217,"tested":10979,"color":"rgb(31,119,180)"},{"description":"Other","count":298,"tested":294,"color":"rgb(148,103,189)"},{"description":"Left Blank","count":936,"tested":10094,"color":"rgb(44,160,44)"},{"description":"Hispanic","count":572,"tested":1596,"color":"rgb(214,39,40)"}],"gender":[{"description":"Female","count":1280,"tested":13390,"color":"rgb(255,127,14)"},{"description":"Male","count":1240,"tested":9452,"color":"rgb(31,119,180)"},{"description":"Unknown/Left Blank","count":272,"tested":481,"color":"rgb(44,160,44)"}]}
