{"age":[{"age_group":"<20","count":500,"tested":4222},{"age_group":"20-29   ","count":700,"tested":7318},{"age_group":"30-39   ","count":739,"tested":7327},{"age_group":"40-49   ","count":734,"tested":8095},{"age_group":"50-59   ","count":738,"tested":9820},{"age_group":"60-69   ","count":568,"tested":8172},{"age_group":"70-79   ","count":362,"tested":4291},{"age_group":"80+","count":257,"tested":2488}],"race":[{"description":"Hispanic","count":182,"tested":687,"color":"rgb(214,39,40)"},{"description":"White","count":140,"tested":586,"color":"rgb(31,119,180)"},{"description":"Asian","count":75,"tested":60,"color":"rgb(140,86,75)"},{"description":"Black","count":2668,"tested":27668,"color":"rgb(255,127,14)"},{"description":"Other","count":177,"tested":829,"color":"rgb(148,103,189)"},{"description":"Left Blank","count":1214,"tested":21831,"color":"rgb(44,160,44)"},{"description":"AI/AN**","count":75,"tested":29,"color":"rgb(31,119,180)"}],"gender":[{"description":"Female","count":2360,"tested":29351,"color":"rgb(255,127,14)"},{"description":"Unknown/Left Blank","count":118,"tested":1352,"color":"rgb(44,160,44)"},{"description":"Male","count":1781,"tested":21047,"color":"rgb(31,119,180)"}]}
