{"age":[{"age_group":"<20","count":286,"tested":4146},{"age_group":"20-29   ","count":287,"tested":4695},{"age_group":"30-39   ","count":282,"tested":4568},{"age_group":"40-49   ","count":291,"tested":4568},{"age_group":"50-59   ","count":294,"tested":5619},{"age_group":"60-69   ","count":237,"tested":5160},{"age_group":"70-79   ","count":205,"tested":3918},{"age_group":"80+","count":217,"tested":3295}],"race":[{"description":"Asian","count":113,"tested":553,"color":"rgb(140,86,75)"},{"description":"White","count":695,"tested":15011,"color":"rgb(31,119,180)"},{"description":"Left Blank","count":449,"tested":16385,"color":"rgb(44,160,44)"},{"description":"Other","count":251,"tested":2433,"color":"rgb(148,103,189)"},{"description":"Hispanic","count":271,"tested":1237,"color":"rgb(214,39,40)"},{"description":"Black","count":127,"tested":329,"color":"rgb(255,127,14)"}],"gender":[{"description":"Female","count":774,"tested":20002,"color":"rgb(255,127,14)"},{"description":"Male","count":749,"tested":15671,"color":"rgb(31,119,180)"},{"description":"Unknown/Left Blank","count":106,"tested":305,"color":"rgb(44,160,44)"}]}
