{"age":[{"age_group":"<20","count":72,"tested":276},{"age_group":"20-29   ","count":77,"tested":223},{"age_group":"30-39   ","count":68,"tested":237},{"age_group":"40-49   ","count":75,"tested":327},{"age_group":"50-59   ","count":72,"tested":301},{"age_group":"60-69   ","count":62,"tested":231},{"age_group":"70-79   ","count":55,"tested":204}],"race":[{"description":"White","count":162,"tested":1547,"color":"rgb(31,119,180)"},{"description":"Left Blank","count":67,"tested":289,"color":"rgb(44,160,44)"}],"gender":[{"description":"Male","count":121,"tested":736,"color":"rgb(31,119,180)"},{"description":"Female","count":116,"tested":1154,"color":"rgb(255,127,14)"}]}
