{"age":[{"age_group":"<20","count":311,"tested":2250},{"age_group":"20-29   ","count":355,"tested":2784},{"age_group":"30-39   ","count":291,"tested":2152},{"age_group":"40-49   ","count":254,"tested":1968},{"age_group":"50-59   ","count":211,"tested":1625},{"age_group":"60-69   ","count":137,"tested":1303},{"age_group":"70-79   ","count":71,"tested":834},{"age_group":"80+","count":56,"tested":504}],"race":[{"description":"Hispanic","count":540,"tested":1676,"color":"rgb(214,39,40)"},{"description":"White","count":351,"tested":3096,"color":"rgb(31,119,180)"},{"description":"Left Blank","count":380,"tested":6620,"color":"rgb(44,160,44)"},{"description":"Other","count":41,"tested":225,"color":"rgb(148,103,189)"},{"description":"Asian","count":68,"tested":149,"color":"rgb(140,86,75)"},{"description":"Black","count":271,"tested":1640,"color":"rgb(255,127,14)"}],"gender":[{"description":"Unknown/Left Blank","count":36,"tested":567,"color":"rgb(44,160,44)"},{"description":"Female","count":811,"tested":7617,"color":"rgb(255,127,14)"},{"description":"Male","count":754,"tested":5238,"color":"rgb(31,119,180)"}]}
