{"age":[{"age_group":"<20","count":266,"tested":2812},{"age_group":"20-29   ","count":429,"tested":5603},{"age_group":"30-39   ","count":459,"tested":6299},{"age_group":"40-49   ","count":398,"tested":6082},{"age_group":"50-59   ","count":415,"tested":7044},{"age_group":"60-69   ","count":378,"tested":6391},{"age_group":"70-79   ","count":234,"tested":3306},{"age_group":"80+","count":182,"tested":2039}],"race":[{"description":"Other","count":63,"tested":456,"color":"rgb(148,103,189)"},{"description":"White","count":63,"tested":773,"color":"rgb(31,119,180)"},{"description":"Black","count":1837,"tested":20297,"color":"rgb(255,127,14)"},{"description":"Left Blank","count":635,"tested":17414,"color":"rgb(44,160,44)"},{"description":"Hispanic","count":85,"tested":461,"color":"rgb(214,39,40)"}],"gender":[{"description":"Male","count":1124,"tested":15813,"color":"rgb(31,119,180)"},{"description":"Female","count":1460,"tested":22087,"color":"rgb(255,127,14)"},{"description":"Unknown/Left Blank","count":62,"tested":1689,"color":"rgb(44,160,44)"}]}
