{"age":[{"age_group":"<20","count":379,"tested":1772},{"age_group":"20-29   ","count":426,"tested":2175},{"age_group":"30-39   ","count":383,"tested":1760},{"age_group":"40-49   ","count":383,"tested":1643},{"age_group":"50-59   ","count":412,"tested":2144},{"age_group":"60-69   ","count":333,"tested":1700},{"age_group":"70-79   ","count":282,"tested":1252},{"age_group":"80+","count":261,"tested":1508}],"race":[{"description":"Hispanic","count":254,"tested":398,"color":"rgb(214,39,40)"},{"description":"Left Blank","count":663,"tested":4707,"color":"rgb(44,160,44)"},{"description":"White","count":1003,"tested":7805,"color":"rgb(31,119,180)"},{"description":"Asian","count":172,"tested":59,"color":"rgb(140,86,75)"},{"description":"Black","count":177,"tested":142,"color":"rgb(255,127,14)"},{"description":"Other","count":264,"tested":835,"color":"rgb(148,103,189)"}],"gender":[{"description":"Female","count":956,"tested":8195,"color":"rgb(255,127,14)"},{"description":"Male","count":904,"tested":5522,"color":"rgb(31,119,180)"},{"description":"Unknown/Left Blank","count":181,"tested":237,"color":"rgb(44,160,44)"}]}
