{"lastUpdatedDate":{"year":2020,"month":12,"day":28},"county_demographics":[{"County":"White","confirmed_cases":1081,"total_tested":14598,"demographics":{"age":[{"race":[],"age_group":"<20","count":132,"tested":1488,"deaths":0},{"race":[],"age_group":"20-29   ","count":136,"tested":1961,"deaths":0},{"race":[],"age_group":"30-39   ","count":128,"tested":1835,"deaths":0},{"race":[],"age_group":"40-49   ","count":134,"tested":1746,"deaths":0},{"race":[],"age_group":"50-59   ","count":166,"tested":1666,"deaths":0},{"race":[],"age_group":"60-69   ","count":168,"tested":1704,"deaths":0},{"race":[],"age_group":"70-79   ","count":104,"tested":1231,"deaths":0},{"race":[],"age_group":"80+","count":113,"tested":2961,"deaths":0},{"race":[],"age_group":"Unknown","count":0,"tested":6,"deaths":0}],"race":[{"description":"Asian","count":0,"tested":17,"deaths":0,"color":"rgb(140,86,75)"},{"description":"Black","count":0,"tested":10,"deaths":0,"color":"rgb(255,127,14)"},{"description":"Hispanic","count":0,"tested":16,"deaths":0,"color":"rgb(214,39,40)"},{"description":"Left Blank","count":403,"tested":10187,"deaths":0,"color":"rgb(44,160,44)"},{"description":"NH/PI*","count":0,"tested":0,"deaths":0,"color":"rgb(127,127,127)"},{"description":"Other","count":6,"tested":48,"deaths":0,"color":"rgb(148,103,189)"},{"description":"White","count":666,"tested":4318,"deaths":0,"color":"rgb(31,119,180)"}],"gender":[{"description":"Female","count":566,"tested":10617,"deaths":0,"color":"rgb(255,127,14)"},{"description":"Male","count":391,"tested":3364,"deaths":0,"color":"rgb(31,119,180)"},{"description":"Unknown/Left Blank","count":124,"tested":617,"deaths":0,"color":"rgb(44,160,44)"}]}}]}
