{"lastUpdatedDate":{"year":2020,"month":12,"day":28},"county_demographics":[{"County":"Grundy","confirmed_cases":3770,"total_tested":30414,"demographics":{"age":[{"race":[],"age_group":"<20","count":604,"tested":4898,"deaths":0},{"race":[],"age_group":"20-29   ","count":672,"tested":4972,"deaths":0},{"race":[],"age_group":"30-39   ","count":600,"tested":4512,"deaths":0},{"race":[],"age_group":"40-49   ","count":638,"tested":4408,"deaths":0},{"race":[],"age_group":"50-59   ","count":573,"tested":4503,"deaths":0},{"race":[],"age_group":"60-69   ","count":362,"tested":3282,"deaths":0},{"race":[],"age_group":"70-79   ","count":194,"tested":1990,"deaths":0},{"race":[],"age_group":"80+","count":125,"tested":1849,"deaths":0},{"race":[],"age_group":"Unknown","count":0,"tested":0,"deaths":0}],"race":[{"description":"AI/AN**","count":0,"tested":16,"deaths":0,"color":"rgb(31,119,180)"},{"description":"Asian","count":8,"tested":89,"deaths":0,"color":"rgb(140,86,75)"},{"description":"Black","count":28,"tested":339,"deaths":0,"color":"rgb(255,127,14)"},{"description":"Hispanic","count":187,"tested":976,"deaths":0,"color":"rgb(214,39,40)"},{"description":"Left Blank","count":1245,"tested":10608,"deaths":0,"color":"rgb(44,160,44)"},{"description":"NH/PI*","count":0,"tested":8,"deaths":0,"color":"rgb(127,127,127)"},{"description":"Other","count":254,"tested":1472,"deaths":0,"color":"rgb(148,103,189)"},{"description":"White","count":2043,"tested":16906,"deaths":0,"color":"rgb(31,119,180)"}],"gender":[{"description":"Female","count":1907,"tested":17519,"deaths":0,"color":"rgb(255,127,14)"},{"description":"Male","count":1820,"tested":12484,"deaths":0,"color":"rgb(31,119,180)"},{"description":"Unknown/Left Blank","count":40,"tested":411,"deaths":0,"color":"rgb(44,160,44)"}]}}]}
