{"lastUpdatedDate":{"year":2020,"month":12,"day":28},"county_demographics":[{"County":"Woodford","confirmed_cases":2690,"total_tested":38099,"demographics":{"age":[{"race":[],"age_group":"<20","count":474,"tested":6440,"deaths":0},{"race":[],"age_group":"20-29   ","count":384,"tested":4824,"deaths":0},{"race":[],"age_group":"30-39   ","count":372,"tested":4932,"deaths":0},{"race":[],"age_group":"40-49   ","count":381,"tested":4762,"deaths":0},{"race":[],"age_group":"50-59   ","count":405,"tested":5064,"deaths":0},{"race":[],"age_group":"60-69   ","count":334,"tested":4389,"deaths":0},{"race":[],"age_group":"70-79   ","count":168,"tested":2768,"deaths":0},{"race":[],"age_group":"80+","count":172,"tested":4897,"deaths":0},{"race":[],"age_group":"Unknown","count":0,"tested":23,"deaths":0}],"race":[{"description":"AI/AN**","count":0,"tested":25,"deaths":0,"color":"rgb(31,119,180)"},{"description":"Asian","count":0,"tested":93,"deaths":0,"color":"rgb(140,86,75)"},{"description":"Black","count":0,"tested":196,"deaths":0,"color":"rgb(255,127,14)"},{"description":"Hispanic","count":9,"tested":128,"deaths":0,"color":"rgb(214,39,40)"},{"description":"Left Blank","count":1242,"tested":19611,"deaths":0,"color":"rgb(44,160,44)"},{"description":"NH/PI*","count":0,"tested":0,"deaths":0,"color":"rgb(127,127,127)"},{"description":"Other","count":47,"tested":771,"deaths":0,"color":"rgb(148,103,189)"},{"description":"White","count":1377,"tested":17271,"deaths":0,"color":"rgb(31,119,180)"}],"gender":[{"description":"Female","count":1390,"tested":23213,"deaths":0,"color":"rgb(255,127,14)"},{"description":"Male","count":1237,"tested":13491,"deaths":0,"color":"rgb(31,119,180)"},{"description":"Unknown/Left Blank","count":63,"tested":1395,"deaths":0,"color":"rgb(44,160,44)"}]}}]}
