{"lastUpdatedDate":{"year":2020,"month":12,"day":28},"county_demographics":[{"County":"Logan","confirmed_cases":2647,"total_tested":41741,"demographics":{"age":[{"race":[],"age_group":"<20","count":237,"tested":4410,"deaths":0},{"race":[],"age_group":"20-29   ","count":439,"tested":6580,"deaths":0},{"race":[],"age_group":"30-39   ","count":533,"tested":7312,"deaths":0},{"race":[],"age_group":"40-49   ","count":433,"tested":6021,"deaths":0},{"race":[],"age_group":"50-59   ","count":379,"tested":6029,"deaths":0},{"race":[],"age_group":"60-69   ","count":302,"tested":4776,"deaths":0},{"race":[],"age_group":"70-79   ","count":172,"tested":2883,"deaths":0},{"race":[],"age_group":"80+","count":151,"tested":3575,"deaths":0},{"race":[],"age_group":"Unknown","count":0,"tested":155,"deaths":0}],"race":[{"description":"AI/AN**","count":0,"tested":8,"deaths":0,"color":"rgb(31,119,180)"},{"description":"Asian","count":0,"tested":44,"deaths":0,"color":"rgb(140,86,75)"},{"description":"Black","count":310,"tested":920,"deaths":0,"color":"rgb(255,127,14)"},{"description":"Hispanic","count":79,"tested":254,"deaths":0,"color":"rgb(214,39,40)"},{"description":"Left Blank","count":468,"tested":25739,"deaths":0,"color":"rgb(44,160,44)"},{"description":"NH/PI*","count":0,"tested":13,"deaths":0,"color":"rgb(127,127,127)"},{"description":"Other","count":19,"tested":429,"deaths":0,"color":"rgb(148,103,189)"},{"description":"White","count":1759,"tested":14334,"deaths":0,"color":"rgb(31,119,180)"}],"gender":[{"description":"Female","count":1376,"tested":22960,"deaths":0,"color":"rgb(255,127,14)"},{"description":"Male","count":1102,"tested":11795,"deaths":0,"color":"rgb(31,119,180)"},{"description":"Unknown/Left Blank","count":169,"tested":6986,"deaths":0,"color":"rgb(44,160,44)"}]}}]}
