{"lastUpdatedDate":{"year":2020,"month":12,"day":28},"county_demographics":[{"County":"Coles","confirmed_cases":4200,"total_tested":46045,"demographics":{"age":[{"race":[],"age_group":"<20","count":690,"tested":6689,"deaths":0},{"race":[],"age_group":"20-29   ","count":885,"tested":9442,"deaths":0},{"race":[],"age_group":"30-39   ","count":529,"tested":6246,"deaths":0},{"race":[],"age_group":"40-49   ","count":479,"tested":5126,"deaths":0},{"race":[],"age_group":"50-59   ","count":514,"tested":5871,"deaths":0},{"race":[],"age_group":"60-69   ","count":504,"tested":5446,"deaths":0},{"race":[],"age_group":"70-79   ","count":326,"tested":3849,"deaths":0},{"race":[],"age_group":"80+","count":273,"tested":3366,"deaths":0},{"race":[],"age_group":"Unknown","count":0,"tested":10,"deaths":0}],"race":[{"description":"AI/AN**","count":0,"tested":19,"deaths":0,"color":"rgb(31,119,180)"},{"description":"Asian","count":17,"tested":231,"deaths":0,"color":"rgb(140,86,75)"},{"description":"Black","count":132,"tested":1819,"deaths":0,"color":"rgb(255,127,14)"},{"description":"Hispanic","count":91,"tested":598,"deaths":0,"color":"rgb(214,39,40)"},{"description":"Left Blank","count":576,"tested":7865,"deaths":0,"color":"rgb(44,160,44)"},{"description":"NH/PI*","count":0,"tested":15,"deaths":0,"color":"rgb(127,127,127)"},{"description":"Other","count":77,"tested":1685,"deaths":0,"color":"rgb(148,103,189)"},{"description":"White","count":3299,"tested":33813,"deaths":0,"color":"rgb(31,119,180)"}],"gender":[{"description":"Female","count":2254,"tested":27625,"deaths":0,"color":"rgb(255,127,14)"},{"description":"Male","count":1876,"tested":17596,"deaths":0,"color":"rgb(31,119,180)"},{"description":"Unknown/Left Blank","count":70,"tested":824,"deaths":0,"color":"rgb(44,160,44)"}]}}]}
