{"age":[{"age_group":"<20","count":277,"tested":2739},{"age_group":"20-29   ","count":238,"tested":2196},{"age_group":"30-39   ","count":214,"tested":2177},{"age_group":"40-49   ","count":259,"tested":2336},{"age_group":"50-59   ","count":268,"tested":2164},{"age_group":"60-69   ","count":235,"tested":1804},{"age_group":"70-79   ","count":129,"tested":902},{"age_group":"80+","count":55,"tested":425}],"race":[{"description":"Left Blank","count":310,"tested":4536,"color":"rgb(44,160,44)"},{"description":"Hispanic","count":133,"tested":837,"color":"rgb(214,39,40)"},{"description":"White","count":1099,"tested":8259,"color":"rgb(31,119,180)"},{"description":"Black","count":43,"tested":531,"color":"rgb(255,127,14)"},{"description":"Other","count":85,"tested":515,"color":"rgb(148,103,189)"}],"gender":[{"description":"Female","count":886,"tested":8200,"color":"rgb(255,127,14)"},{"description":"Male","count":765,"tested":5751,"color":"rgb(31,119,180)"},{"description":"Unknown/Left Blank","count":27,"tested":794,"color":"rgb(44,160,44)"}]}
