{"age":[{"age_group":"<20","count":517,"tested":5558},{"age_group":"20-29   ","count":499,"tested":5297},{"age_group":"30-39   ","count":398,"tested":4765},{"age_group":"40-49   ","count":464,"tested":4799},{"age_group":"50-59   ","count":572,"tested":6250},{"age_group":"60-69   ","count":338,"tested":4775},{"age_group":"70-79   ","count":100,"tested":2119},{"age_group":"80+","count":67,"tested":1603}],"race":[{"description":"Hispanic","count":319,"tested":2007,"color":"rgb(214,39,40)"},{"description":"Asian","count":108,"tested":1154,"color":"rgb(140,86,75)"},{"description":"Black","count":69,"tested":797,"color":"rgb(255,127,14)"},{"description":"Other","count":55,"tested":629,"color":"rgb(148,103,189)"},{"description":"White","count":1539,"tested":16716,"color":"rgb(31,119,180)"},{"description":"Left Blank","count":855,"tested":13771,"color":"rgb(44,160,44)"},{"description":"NH/PI*","count":7,"tested":28,"color":"rgb(127,127,127)"}],"gender":[{"description":"Male","count":1443,"tested":14744,"color":"rgb(31,119,180)"},{"description":"Unknown/Left Blank","count":14,"tested":478,"color":"rgb(44,160,44)"},{"description":"Female","count":1499,"tested":19953,"color":"rgb(255,127,14)"}]}
