{"age":[{"age_group":"<20","count":7,"tested":171},{"age_group":"20-29   ","count":13,"tested":135},{"age_group":"30-39   ","count":12,"tested":187},{"age_group":"40-49   ","count":24,"tested":181},{"age_group":"50-59   ","count":21,"tested":167},{"age_group":"60-69   ","count":10,"tested":115},{"age_group":"70-79   ","count":6,"tested":78}],"race":[{"description":"White","count":51,"tested":497,"color":"rgb(31,119,180)"},{"description":"Left Blank","count":40,"tested":530,"color":"rgb(44,160,44)"}],"gender":[{"description":"Male","count":47,"tested":460,"color":"rgb(31,119,180)"},{"description":"Female","count":49,"tested":577,"color":"rgb(255,127,14)"}]}
