{"age":[{"age_group":"<20","count":669,"tested":6485},{"age_group":"20-29   ","count":604,"tested":6001},{"age_group":"30-39   ","count":578,"tested":6268},{"age_group":"40-49   ","count":623,"tested":5817},{"age_group":"50-59   ","count":661,"tested":6583},{"age_group":"60-69   ","count":337,"tested":4692},{"age_group":"70-79   ","count":133,"tested":2378},{"age_group":"80+","count":52,"tested":1682}],"race":[{"description":"Other","count":54,"tested":928,"color":"rgb(148,103,189)"},{"description":"Black","count":42,"tested":428,"color":"rgb(255,127,14)"},{"description":"White","count":2197,"tested":20863,"color":"rgb(31,119,180)"},{"description":"Asian","count":29,"tested":329,"color":"rgb(140,86,75)"},{"description":"Left Blank","count":1202,"tested":16250,"color":"rgb(44,160,44)"},{"description":"Hispanic","count":128,"tested":1069,"color":"rgb(214,39,40)"}],"gender":[{"description":"Unknown/Left Blank","count":32,"tested":561,"color":"rgb(44,160,44)"},{"description":"Male","count":1803,"tested":18001,"color":"rgb(31,119,180)"},{"description":"Female","count":1822,"tested":21351,"color":"rgb(255,127,14)"}]}
