{"age":[{"age_group":"<20","count":14,"tested":187},{"age_group":"20-29   ","count":9,"tested":199},{"age_group":"40-49   ","count":10,"tested":291},{"age_group":"50-59   ","count":7,"tested":184},{"age_group":"60-69   ","count":6,"tested":187}],"race":[{"description":"Hispanic","count":9,"tested":46,"color":"rgb(214,39,40)"},{"description":"White","count":40,"tested":985,"color":"rgb(31,119,180)"}],"gender":[{"description":"Female","count":28,"tested":743,"color":"rgb(255,127,14)"},{"description":"Male","count":27,"tested":533,"color":"rgb(31,119,180)"}]}
