{"age":[{"age_group":"<20","count":221,"tested":2572},{"age_group":"20-29   ","count":259,"tested":3290},{"age_group":"30-39   ","count":299,"tested":3824},{"age_group":"40-49   ","count":275,"tested":3486},{"age_group":"50-59   ","count":251,"tested":3832},{"age_group":"60-69   ","count":163,"tested":2799},{"age_group":"70-79   ","count":89,"tested":2305},{"age_group":"80+","count":92,"tested":8393}],"race":[{"description":"AI/AN**","count":8,"tested":41,"color":"rgb(31,119,180)"},{"description":"White","count":558,"tested":6686,"color":"rgb(31,119,180)"},{"description":"Other","count":65,"tested":500,"color":"rgb(148,103,189)"},{"description":"Left Blank","count":527,"tested":19039,"color":"rgb(44,160,44)"},{"description":"Black","count":66,"tested":683,"color":"rgb(255,127,14)"},{"description":"Asian","count":195,"tested":2472,"color":"rgb(140,86,75)"},{"description":"Hispanic","count":229,"tested":1305,"color":"rgb(214,39,40)"}],"gender":[{"description":"Female","count":882,"tested":19008,"color":"rgb(255,127,14)"},{"description":"Male","count":757,"tested":11211,"color":"rgb(31,119,180)"},{"description":"Unknown/Left Blank","count":10,"tested":560,"color":"rgb(44,160,44)"}]}
