{"age":[{"age_group":"<20","count":1130,"tested":13882},{"age_group":"20-29   ","count":2278,"tested":45769},{"age_group":"30-39   ","count":2074,"tested":49066},{"age_group":"40-49   ","count":1257,"tested":19021},{"age_group":"50-59   ","count":1035,"tested":13085},{"age_group":"60-69   ","count":680,"tested":8437},{"age_group":"70-79   ","count":344,"tested":4588},{"age_group":"80+","count":178,"tested":2188}],"race":[{"description":"Hispanic","count":3910,"tested":26972,"color":"rgb(214,39,40)"},{"description":"Left Blank","count":2234,"tested":62609,"color":"rgb(44,160,44)"},{"description":"White","count":1984,"tested":49997,"color":"rgb(31,119,180)"},{"description":"Black","count":313,"tested":4932,"color":"rgb(255,127,14)"},{"description":"NH/PI*","count":6,"tested":117,"color":"rgb(127,127,127)"},{"description":"Asian","count":123,"tested":3366,"color":"rgb(140,86,75)"},{"description":"Other","count":395,"tested":7885,"color":"rgb(148,103,189)"},{"description":"AI/AN**","count":11,"tested":197,"color":"rgb(31,119,180)"}],"gender":[{"description":"Unknown/Left Blank","count":209,"tested":5294,"color":"rgb(44,160,44)"},{"description":"Male","count":4324,"tested":67728,"color":"rgb(31,119,180)"},{"description":"Female","count":4443,"tested":83053,"color":"rgb(255,127,14)"}]}
