{"age":[{"age_group":"<20","count":344,"tested":3885},{"age_group":"20-29   ","count":366,"tested":4093},{"age_group":"30-39   ","count":318,"tested":4123},{"age_group":"40-49   ","count":324,"tested":3732},{"age_group":"50-59   ","count":309,"tested":3537},{"age_group":"60-69   ","count":193,"tested":2683},{"age_group":"70-79   ","count":110,"tested":1853},{"age_group":"80+","count":71,"tested":1080}],"race":[{"description":"Left Blank","count":502,"tested":10149,"color":"rgb(44,160,44)"},{"description":"White","count":1244,"tested":12604,"color":"rgb(31,119,180)"},{"description":"Hispanic","count":172,"tested":1144,"color":"rgb(214,39,40)"},{"description":"Other","count":23,"tested":251,"color":"rgb(148,103,189)"},{"description":"Asian","count":28,"tested":307,"color":"rgb(140,86,75)"},{"description":"Black","count":62,"tested":494,"color":"rgb(255,127,14)"}],"gender":[{"description":"Male","count":968,"tested":10132,"color":"rgb(31,119,180)"},{"description":"Female","count":1062,"tested":14570,"color":"rgb(255,127,14)"}]}
