{"age":[{"age_group":"<20","count":15,"tested":154},{"age_group":"20-29   ","count":18,"tested":145},{"age_group":"30-39   ","count":22,"tested":91},{"age_group":"40-49   ","count":16,"tested":112},{"age_group":"50-59   ","count":19,"tested":172},{"age_group":"60-69   ","count":16,"tested":117}],"race":[{"description":"White","count":92,"tested":611,"color":"rgb(31,119,180)"},{"description":"Left Blank","count":19,"tested":254,"color":"rgb(44,160,44)"}],"gender":[{"description":"Female","count":61,"tested":479,"color":"rgb(255,127,14)"},{"description":"Male","count":51,"tested":395,"color":"rgb(31,119,180)"}]}
