{"age":[{"age_group":"<20","count":46,"tested":530},{"age_group":"20-29   ","count":41,"tested":362},{"age_group":"30-39   ","count":38,"tested":326},{"age_group":"40-49   ","count":50,"tested":373},{"age_group":"50-59   ","count":49,"tested":458},{"age_group":"60-69   ","count":36,"tested":378},{"age_group":"70-79   ","count":10,"tested":186},{"age_group":"80+","count":11,"tested":81}],"race":[{"description":"White","count":182,"tested":1358,"color":"rgb(31,119,180)"},{"description":"Left Blank","count":93,"tested":1274,"color":"rgb(44,160,44)"}],"gender":[{"description":"Male","count":132,"tested":1040,"color":"rgb(31,119,180)"},{"description":"Female","count":146,"tested":1606,"color":"rgb(255,127,14)"}]}
