{"age":[{"age_group":"<20","count":497,"tested":4863},{"age_group":"20-29   ","count":550,"tested":5014},{"age_group":"30-39   ","count":470,"tested":5006},{"age_group":"40-49   ","count":462,"tested":4657},{"age_group":"50-59   ","count":447,"tested":4894},{"age_group":"60-69   ","count":190,"tested":2690},{"age_group":"70-79   ","count":71,"tested":1453},{"age_group":"80+","count":29,"tested":938}],"race":[{"description":"Other","count":61,"tested":562,"color":"rgb(148,103,189)"},{"description":"Black","count":51,"tested":634,"color":"rgb(255,127,14)"},{"description":"White","count":1369,"tested":12735,"color":"rgb(31,119,180)"},{"description":"Asian","count":96,"tested":949,"color":"rgb(140,86,75)"},{"description":"Left Blank","count":729,"tested":12270,"color":"rgb(44,160,44)"},{"description":"Hispanic","count":403,"tested":2290,"color":"rgb(214,39,40)"}],"gender":[{"description":"Male","count":1333,"tested":12557,"color":"rgb(31,119,180)"},{"description":"Female","count":1357,"tested":16801,"color":"rgb(255,127,14)"},{"description":"Unknown/Left Blank","count":27,"tested":160,"color":"rgb(44,160,44)"}]}
