{"age":[{"age_group":"<20","count":555,"tested":4710},{"age_group":"20-29   ","count":763,"tested":7851},{"age_group":"30-39   ","count":658,"tested":6823},{"age_group":"40-49   ","count":544,"tested":5751},{"age_group":"50-59   ","count":618,"tested":7091},{"age_group":"60-69   ","count":475,"tested":6304},{"age_group":"70-79   ","count":237,"tested":3493},{"age_group":"80+","count":127,"tested":2302}],"race":[{"description":"Left Blank","count":1452,"tested":19260,"color":"rgb(44,160,44)"},{"description":"White","count":1857,"tested":18280,"color":"rgb(31,119,180)"},{"description":"Other","count":170,"tested":1627,"color":"rgb(148,103,189)"},{"description":"Black","count":196,"tested":2542,"color":"rgb(255,127,14)"},{"description":"Asian","count":79,"tested":906,"color":"rgb(140,86,75)"},{"description":"Hispanic","count":215,"tested":1625,"color":"rgb(214,39,40)"}],"gender":[{"description":"Male","count":1859,"tested":18349,"color":"rgb(31,119,180)"},{"description":"Unknown/Left Blank","count":23,"tested":745,"color":"rgb(44,160,44)"},{"description":"Female","count":2095,"tested":25272,"color":"rgb(255,127,14)"}]}
