{"age":[{"age_group":"<20","count":350,"tested":15110},{"age_group":"20-29   ","count":264,"tested":7116},{"age_group":"30-39   ","count":237,"tested":7295},{"age_group":"40-49   ","count":273,"tested":7555},{"age_group":"50-59   ","count":272,"tested":8999},{"age_group":"60-69   ","count":186,"tested":8378},{"age_group":"70-79   ","count":138,"tested":6244},{"age_group":"80+","count":133,"tested":5454}],"race":[{"description":"Asian","count":28,"tested":1059,"color":"rgb(140,86,75)"},{"description":"White","count":910,"tested":29431,"color":"rgb(31,119,180)"},{"description":"Left Blank","count":445,"tested":28476,"color":"rgb(44,160,44)"},{"description":"Other","count":203,"tested":4206,"color":"rgb(148,103,189)"},{"description":"Hispanic","count":214,"tested":2327,"color":"rgb(214,39,40)"},{"description":"Black","count":48,"tested":608,"color":"rgb(255,127,14)"}],"gender":[{"description":"Female","count":902,"tested":36439,"color":"rgb(255,127,14)"},{"description":"Male","count":928,"tested":29236,"color":"rgb(31,119,180)"},{"description":"Unknown/Left Blank","count":23,"tested":490,"color":"rgb(44,160,44)"}]}
