{"age":[{"age_group":"<20","count":322,"tested":5471},{"age_group":"20-29   ","count":756,"tested":25784},{"age_group":"30-39   ","count":883,"tested":20600},{"age_group":"40-49   ","count":608,"tested":13156},{"age_group":"50-59   ","count":490,"tested":11748},{"age_group":"60-69   ","count":348,"tested":8073},{"age_group":"70-79   ","count":145,"tested":3388},{"age_group":"80+","count":56,"tested":1505}],"race":[{"description":"White","count":446,"tested":15200,"color":"rgb(31,119,180)"},{"description":"Left Blank","count":765,"tested":41309,"color":"rgb(44,160,44)"},{"description":"Hispanic","count":507,"tested":5347,"color":"rgb(214,39,40)"},{"description":"Other","count":130,"tested":3611,"color":"rgb(148,103,189)"},{"description":"Asian","count":80,"tested":3781,"color":"rgb(140,86,75)"},{"description":"NH/PI*","count":9,"tested":77,"color":"rgb(127,127,127)"},{"description":"Black","count":1670,"tested":20341,"color":"rgb(255,127,14)"}],"gender":[{"description":"Unknown/Left Blank","count":64,"tested":2848,"color":"rgb(44,160,44)"},{"description":"Male","count":1784,"tested":52911,"color":"rgb(31,119,180)"},{"description":"Female","count":1761,"tested":33989,"color":"rgb(255,127,14)"}]}
