{"age":[{"age_group":"20-29   ","count":27,"tested":847},{"age_group":"30-39   ","count":22,"tested":806},{"age_group":"40-49   ","count":14,"tested":335},{"age_group":"50-59   ","count":9,"tested":349}],"race":[{"description":"Asian","count":8,"tested":457,"color":"rgb(140,86,75)"},{"description":"White","count":27,"tested":1022,"color":"rgb(31,119,180)"},{"description":"Black","count":9,"tested":200,"color":"rgb(255,127,14)"},{"description":"Other","count":6,"tested":146,"color":"rgb(148,103,189)"},{"description":"Left Blank","count":23,"tested":941,"color":"rgb(44,160,44)"},{"description":"Hispanic","count":9,"tested":148,"color":"rgb(214,39,40)"}],"gender":[{"description":"Male","count":47,"tested":1770,"color":"rgb(31,119,180)"},{"description":"Female","count":35,"tested":1123,"color":"rgb(255,127,14)"}]}
