{"age":[{"age_group":"<20","count":133,"tested":835},{"age_group":"20-29   ","count":111,"tested":908},{"age_group":"30-39   ","count":79,"tested":957},{"age_group":"40-49   ","count":114,"tested":773},{"age_group":"50-59   ","count":136,"tested":1293},{"age_group":"60-69   ","count":86,"tested":893},{"age_group":"70-79   ","count":43,"tested":513},{"age_group":"80+","count":17,"tested":218}],"race":[{"description":"Other","count":11,"tested":170,"color":"rgb(148,103,189)"},{"description":"Left Blank","count":220,"tested":1957,"color":"rgb(44,160,44)"},{"description":"Hispanic","count":42,"tested":222,"color":"rgb(214,39,40)"},{"description":"White","count":442,"tested":3953,"color":"rgb(31,119,180)"}],"gender":[{"description":"Female","count":376,"tested":3601,"color":"rgb(255,127,14)"},{"description":"Male","count":338,"tested":2717,"color":"rgb(31,119,180)"}]}
