{"age":[{"age_group":"<20","count":271,"tested":2994},{"age_group":"20-29   ","count":237,"tested":4225},{"age_group":"30-39   ","count":284,"tested":4599},{"age_group":"40-49   ","count":305,"tested":4787},{"age_group":"50-59   ","count":251,"tested":5243},{"age_group":"60-69   ","count":210,"tested":5013},{"age_group":"70-79   ","count":111,"tested":3375},{"age_group":"80+","count":94,"tested":2353}],"race":[{"description":"Black","count":616,"tested":10184,"color":"rgb(255,127,14)"},{"description":"Asian","count":12,"tested":197,"color":"rgb(140,86,75)"},{"description":"Hispanic","count":91,"tested":802,"color":"rgb(214,39,40)"},{"description":"Other","count":46,"tested":565,"color":"rgb(148,103,189)"},{"description":"White","count":391,"tested":6884,"color":"rgb(31,119,180)"},{"description":"Left Blank","count":605,"tested":13928,"color":"rgb(44,160,44)"}],"gender":[{"description":"Male","count":774,"tested":13087,"color":"rgb(31,119,180)"},{"description":"Unknown/Left Blank","count":12,"tested":468,"color":"rgb(44,160,44)"},{"description":"Female","count":977,"tested":19086,"color":"rgb(255,127,14)"}]}
