{"age":[{"age_group":"<20","count":529,"tested":6546},{"age_group":"20-29   ","count":639,"tested":9125},{"age_group":"30-39   ","count":484,"tested":7559},{"age_group":"40-49   ","count":449,"tested":6811},{"age_group":"50-59   ","count":568,"tested":8853},{"age_group":"60-69   ","count":338,"tested":7047},{"age_group":"70-79   ","count":129,"tested":2974},{"age_group":"80+","count":133,"tested":2553}],"race":[{"description":"Left Blank","count":666,"tested":15580,"color":"rgb(44,160,44)"},{"description":"White","count":1258,"tested":21075,"color":"rgb(31,119,180)"},{"description":"Other","count":239,"tested":2119,"color":"rgb(148,103,189)"},{"description":"Asian","count":161,"tested":3433,"color":"rgb(140,86,75)"},{"description":"Hispanic","count":685,"tested":5439,"color":"rgb(214,39,40)"},{"description":"Black","count":237,"tested":3524,"color":"rgb(255,127,14)"},{"description":"NH/PI*","count":17,"tested":255,"color":"rgb(127,127,127)"}],"gender":[{"description":"Male","count":1515,"tested":21792,"color":"rgb(31,119,180)"},{"description":"Unknown/Left Blank","count":50,"tested":561,"color":"rgb(44,160,44)"},{"description":"Female","count":1704,"tested":29126,"color":"rgb(255,127,14)"}]}
