{"age":[{"age_group":"<20","count":501,"tested":5349},{"age_group":"20-29   ","count":472,"tested":5888},{"age_group":"30-39   ","count":402,"tested":5269},{"age_group":"40-49   ","count":501,"tested":6190},{"age_group":"50-59   ","count":454,"tested":6063},{"age_group":"60-69   ","count":231,"tested":4575},{"age_group":"70-79   ","count":160,"tested":4561},{"age_group":"80+","count":142,"tested":4608}],"race":[{"description":"Left Blank","count":793,"tested":16678,"color":"rgb(44,160,44)"},{"description":"Hispanic","count":420,"tested":3071,"color":"rgb(214,39,40)"},{"description":"Other","count":104,"tested":1382,"color":"rgb(148,103,189)"},{"description":"Asian","count":98,"tested":1293,"color":"rgb(140,86,75)"},{"description":"White","count":1269,"tested":17764,"color":"rgb(31,119,180)"},{"description":"Black","count":172,"tested":2243,"color":"rgb(255,127,14)"}],"gender":[{"description":"Unknown/Left Blank","count":18,"tested":634,"color":"rgb(44,160,44)"},{"description":"Female","count":1476,"tested":25121,"color":"rgb(255,127,14)"},{"description":"Male","count":1369,"tested":16752,"color":"rgb(31,119,180)"}]}
