{"age":[{"age_group":"<20","count":360,"tested":3861},{"age_group":"20-29   ","count":474,"tested":4967},{"age_group":"30-39   ","count":258,"tested":3048},{"age_group":"40-49   ","count":336,"tested":3672},{"age_group":"50-59   ","count":464,"tested":4868},{"age_group":"60-69   ","count":353,"tested":4320},{"age_group":"70-79   ","count":169,"tested":3349},{"age_group":"80+","count":166,"tested":5820}],"race":[{"description":"Black","count":47,"tested":610,"color":"rgb(255,127,14)"},{"description":"Hispanic","count":93,"tested":843,"color":"rgb(214,39,40)"},{"description":"Asian","count":75,"tested":960,"color":"rgb(140,86,75)"},{"description":"White","count":1316,"tested":14033,"color":"rgb(31,119,180)"},{"description":"Other","count":110,"tested":1224,"color":"rgb(148,103,189)"},{"description":"Left Blank","count":933,"tested":16203,"color":"rgb(44,160,44)"}],"gender":[{"description":"Male","count":1218,"tested":14217,"color":"rgb(31,119,180)"},{"description":"Female","count":1344,"tested":18880,"color":"rgb(255,127,14)"}]}
