{"age":[{"age_group":"<20","count":529,"tested":9002},{"age_group":"20-29   ","count":242,"tested":4635},{"age_group":"30-39   ","count":163,"tested":3243},{"age_group":"40-49   ","count":208,"tested":4046},{"age_group":"50-59   ","count":257,"tested":4768},{"age_group":"60-69   ","count":135,"tested":3174},{"age_group":"70-79   ","count":70,"tested":1703},{"age_group":"80+","count":45,"tested":964}],"race":[{"description":"White","count":920,"tested":15456,"color":"rgb(31,119,180)"},{"description":"Hispanic","count":177,"tested":1292,"color":"rgb(214,39,40)"},{"description":"Asian","count":38,"tested":725,"color":"rgb(140,86,75)"},{"description":"Black","count":12,"tested":105,"color":"rgb(255,127,14)"},{"description":"Left Blank","count":345,"tested":11409,"color":"rgb(44,160,44)"},{"description":"Other","count":155,"tested":2485,"color":"rgb(148,103,189)"}],"gender":[{"description":"Unknown/Left Blank","count":13,"tested":176,"color":"rgb(44,160,44)"},{"description":"Male","count":866,"tested":15088,"color":"rgb(31,119,180)"},{"description":"Female","count":770,"tested":16274,"color":"rgb(255,127,14)"}]}
