{"age":[{"age_group":"<20","count":31,"tested":423},{"age_group":"20-29   ","count":51,"tested":438},{"age_group":"30-39   ","count":32,"tested":359},{"age_group":"40-49   ","count":48,"tested":437},{"age_group":"50-59   ","count":62,"tested":667},{"age_group":"60-69   ","count":35,"tested":466},{"age_group":"70-79   ","count":22,"tested":343},{"age_group":"80+","count":13,"tested":164}],"race":[{"description":"Hispanic","count":17,"tested":109,"color":"rgb(214,39,40)"},{"description":"Left Blank","count":73,"tested":716,"color":"rgb(44,160,44)"},{"description":"White","count":195,"tested":2386,"color":"rgb(31,119,180)"},{"description":"Other","count":7,"tested":69,"color":"rgb(148,103,189)"}],"gender":[{"description":"Female","count":155,"tested":1843,"color":"rgb(255,127,14)"},{"description":"Male","count":137,"tested":1380,"color":"rgb(31,119,180)"}]}
