{"age":[{"age_group":"<20","count":387,"tested":3723},{"age_group":"20-29   ","count":526,"tested":8213},{"age_group":"30-39   ","count":544,"tested":9268},{"age_group":"40-49   ","count":514,"tested":10443},{"age_group":"50-59   ","count":545,"tested":12155},{"age_group":"60-69   ","count":553,"tested":12941},{"age_group":"70-79   ","count":340,"tested":7832},{"age_group":"80+","count":494,"tested":11673}],"race":[{"description":"NH/PI*","count":20,"tested":181,"color":"rgb(127,127,127)"},{"description":"AI/AN**","count":11,"tested":89,"color":"rgb(31,119,180)"},{"description":"Left Blank","count":1171,"tested":45681,"color":"rgb(44,160,44)"},{"description":"Other","count":386,"tested":2632,"color":"rgb(148,103,189)"},{"description":"Black","count":64,"tested":1154,"color":"rgb(255,127,14)"},{"description":"White","count":1404,"tested":15834,"color":"rgb(31,119,180)"},{"description":"Asian","count":442,"tested":7573,"color":"rgb(140,86,75)"},{"description":"Hispanic","count":407,"tested":3147,"color":"rgb(214,39,40)"}],"gender":[{"description":"Female","count":2078,"tested":45938,"color":"rgb(255,127,14)"},{"description":"Male","count":1790,"tested":29279,"color":"rgb(31,119,180)"},{"description":"Unknown/Left Blank","count":37,"tested":1074,"color":"rgb(44,160,44)"}]}
