{"age":[{"age_group":"30-39   ","count":7,"tested":455},{"age_group":"40-49   ","count":6,"tested":364},{"age_group":"50-59   ","count":14,"tested":451},{"age_group":"60-69   ","count":15,"tested":539},{"age_group":"70-79   ","count":12,"tested":644},{"age_group":"80+","count":7,"tested":134}],"race":[{"description":"Left Blank","count":16,"tested":231,"color":"rgb(44,160,44)"},{"description":"White","count":15,"tested":315,"color":"rgb(31,119,180)"},{"description":"Black","count":25,"tested":664,"color":"rgb(255,127,14)"}],"gender":[{"description":"Male","count":37,"tested":2051,"color":"rgb(31,119,180)"},{"description":"Female","count":29,"tested":822,"color":"rgb(255,127,14)"}]}
