{"age":[{"age_group":"<20","count":51,"tested":396},{"age_group":"20-29   ","count":62,"tested":860},{"age_group":"30-39   ","count":45,"tested":1283},{"age_group":"40-49   ","count":60,"tested":1348},{"age_group":"50-59   ","count":50,"tested":1916},{"age_group":"60-69   ","count":40,"tested":1907},{"age_group":"70-79   ","count":15,"tested":461},{"age_group":"80+","count":8,"tested":255}],"race":[{"description":"Black","count":201,"tested":5089,"color":"rgb(255,127,14)"},{"description":"White","count":8,"tested":646,"color":"rgb(31,119,180)"},{"description":"Hispanic","count":15,"tested":179,"color":"rgb(214,39,40)"},{"description":"Left Blank","count":103,"tested":2419,"color":"rgb(44,160,44)"}],"gender":[{"description":"Male","count":171,"tested":4582,"color":"rgb(31,119,180)"},{"description":"Female","count":158,"tested":3824,"color":"rgb(255,127,14)"}]}
