{"age":[{"age_group":"<20","count":25,"tested":222},{"age_group":"20-29   ","count":31,"tested":285},{"age_group":"30-39   ","count":33,"tested":217},{"age_group":"40-49   ","count":34,"tested":297},{"age_group":"50-59   ","count":28,"tested":241},{"age_group":"60-69   ","count":19,"tested":235},{"age_group":"70-79   ","count":7,"tested":98},{"age_group":"80+","count":8,"tested":65}],"race":[{"description":"White","count":125,"tested":883,"color":"rgb(31,119,180)"},{"description":"Left Blank","count":33,"tested":664,"color":"rgb(44,160,44)"},{"description":"Hispanic","count":25,"tested":90,"color":"rgb(214,39,40)"}],"gender":[{"description":"Female","count":94,"tested":899,"color":"rgb(255,127,14)"},{"description":"Male","count":91,"tested":756,"color":"rgb(31,119,180)"}]}
