{"age":[{"age_group":"<20","count":69,"tested":659},{"age_group":"20-29   ","count":109,"tested":1244},{"age_group":"30-39   ","count":102,"tested":1079},{"age_group":"40-49   ","count":82,"tested":1330},{"age_group":"50-59   ","count":82,"tested":968},{"age_group":"60-69   ","count":42,"tested":666},{"age_group":"70-79   ","count":26,"tested":293},{"age_group":"80+","count":10,"tested":108}],"race":[{"description":"Hispanic","count":10,"tested":116,"color":"rgb(214,39,40)"},{"description":"Left Blank","count":141,"tested":2285,"color":"rgb(44,160,44)"},{"description":"Other","count":11,"tested":135,"color":"rgb(148,103,189)"},{"description":"Black","count":340,"tested":3666,"color":"rgb(255,127,14)"},{"description":"White","count":18,"tested":134,"color":"rgb(31,119,180)"}],"gender":[{"description":"Male","count":197,"tested":2122,"color":"rgb(31,119,180)"},{"description":"Female","count":318,"tested":4072,"color":"rgb(255,127,14)"},{"description":"Unknown/Left Blank","count":7,"tested":157,"color":"rgb(44,160,44)"}]}
