{"age":[{"age_group":"<20","count":45,"tested":437},{"age_group":"20-29   ","count":44,"tested":397},{"age_group":"30-39   ","count":54,"tested":369},{"age_group":"40-49   ","count":37,"tested":216},{"age_group":"50-59   ","count":40,"tested":282},{"age_group":"60-69   ","count":21,"tested":260},{"age_group":"70-79   ","count":8,"tested":114},{"age_group":"80+","count":10,"tested":80}],"race":[{"description":"Hispanic","count":11,"tested":33,"color":"rgb(214,39,40)"},{"description":"Left Blank","count":65,"tested":749,"color":"rgb(44,160,44)"},{"description":"White","count":170,"tested":1271,"color":"rgb(31,119,180)"}],"gender":[{"description":"Female","count":144,"tested":1208,"color":"rgb(255,127,14)"},{"description":"Male","count":114,"tested":866,"color":"rgb(31,119,180)"}]}
