{"age":[{"age_group":"<20","count":186,"tested":5256},{"age_group":"20-29   ","count":626,"tested":19173},{"age_group":"30-39   ","count":666,"tested":14693},{"age_group":"40-49   ","count":309,"tested":6035},{"age_group":"50-59   ","count":291,"tested":3679},{"age_group":"60-69   ","count":181,"tested":2511},{"age_group":"70-79   ","count":55,"tested":853},{"age_group":"80+","count":20,"tested":326}],"race":[{"description":"Black","count":432,"tested":5646,"color":"rgb(255,127,14)"},{"description":"Asian","count":145,"tested":6562,"color":"rgb(140,86,75)"},{"description":"Hispanic","count":216,"tested":3003,"color":"rgb(214,39,40)"},{"description":"White","count":823,"tested":16319,"color":"rgb(31,119,180)"},{"description":"Other","count":133,"tested":3403,"color":"rgb(148,103,189)"},{"description":"Left Blank","count":583,"tested":17472,"color":"rgb(44,160,44)"}],"gender":[{"description":"Female","count":1020,"tested":25932,"color":"rgb(255,127,14)"},{"description":"Male","count":1189,"tested":23765,"color":"rgb(31,119,180)"},{"description":"Unknown/Left Blank","count":126,"tested":2841,"color":"rgb(44,160,44)"}]}
