{"age":[{"age_group":"<20","count":70,"tested":1448},{"age_group":"20-29   ","count":82,"tested":2927},{"age_group":"30-39   ","count":49,"tested":1822},{"age_group":"40-49   ","count":73,"tested":2521},{"age_group":"50-59   ","count":96,"tested":2896},{"age_group":"60-69   ","count":58,"tested":2311},{"age_group":"70-79   ","count":58,"tested":1834},{"age_group":"80+","count":101,"tested":3503}],"race":[{"description":"White","count":339,"tested":5554,"color":"rgb(31,119,180)"},{"description":"Asian","count":26,"tested":1162,"color":"rgb(140,86,75)"},{"description":"Hispanic","count":21,"tested":1016,"color":"rgb(214,39,40)"},{"description":"Black","count":6,"tested":536,"color":"rgb(255,127,14)"},{"description":"Other","count":37,"tested":488,"color":"rgb(148,103,189)"},{"description":"Left Blank","count":157,"tested":10519,"color":"rgb(44,160,44)"}],"gender":[{"description":"Female","count":311,"tested":11867,"color":"rgb(255,127,14)"},{"description":"Male","count":269,"tested":6953,"color":"rgb(31,119,180)"}]}
