{"age":[{"age_group":"<20","count":40,"tested":348},{"age_group":"20-29   ","count":39,"tested":509},{"age_group":"30-39   ","count":23,"tested":410},{"age_group":"40-49   ","count":36,"tested":309},{"age_group":"50-59   ","count":51,"tested":495},{"age_group":"60-69   ","count":24,"tested":361},{"age_group":"70-79   ","count":17,"tested":256}],"race":[{"description":"Other","count":6,"tested":59,"color":"rgb(148,103,189)"},{"description":"Left Blank","count":45,"tested":727,"color":"rgb(44,160,44)"},{"description":"White","count":165,"tested":1872,"color":"rgb(31,119,180)"},{"description":"Hispanic","count":10,"tested":48,"color":"rgb(214,39,40)"},{"description":"Black","count":9,"tested":87,"color":"rgb(255,127,14)"}],"gender":[{"description":"Male","count":104,"tested":923,"color":"rgb(31,119,180)"},{"description":"Female","count":129,"tested":1853,"color":"rgb(255,127,14)"}]}
