{"age":[{"age_group":"<20","count":24,"tested":213},{"age_group":"20-29   ","count":31,"tested":257},{"age_group":"30-39   ","count":27,"tested":325},{"age_group":"40-49   ","count":21,"tested":256},{"age_group":"50-59   ","count":23,"tested":271},{"age_group":"60-69   ","count":14,"tested":309}],"race":[{"description":"Left Blank","count":40,"tested":647,"color":"rgb(44,160,44)"},{"description":"White","count":79,"tested":1013,"color":"rgb(31,119,180)"},{"description":"Hispanic","count":20,"tested":114,"color":"rgb(214,39,40)"}],"gender":[{"description":"Female","count":81,"tested":1069,"color":"rgb(255,127,14)"},{"description":"Male","count":65,"tested":719,"color":"rgb(31,119,180)"}]}
