{"age":[{"age_group":"<20","count":2205,"tested":13448},{"age_group":"20-29   ","count":2636,"tested":20245},{"age_group":"30-39   ","count":2509,"tested":17588},{"age_group":"40-49   ","count":2380,"tested":15182},{"age_group":"50-59   ","count":1939,"tested":13693},{"age_group":"60-69   ","count":1091,"tested":9625},{"age_group":"70-79   ","count":522,"tested":4413},{"age_group":"80+","count":182,"tested":1669}],"race":[{"description":"AI/AN**","count":10,"tested":78,"color":"rgb(31,119,180)"},{"description":"NH/PI*","count":7,"tested":84,"color":"rgb(127,127,127)"},{"description":"White","count":727,"tested":7794,"color":"rgb(31,119,180)"},{"description":"Left Blank","count":2286,"tested":28503,"color":"rgb(44,160,44)"},{"description":"Asian","count":64,"tested":733,"color":"rgb(140,86,75)"},{"description":"Other","count":480,"tested":4560,"color":"rgb(148,103,189)"},{"description":"Black","count":726,"tested":7302,"color":"rgb(255,127,14)"},{"description":"Hispanic","count":9164,"tested":46978,"color":"rgb(214,39,40)"}],"gender":[{"description":"Unknown/Left Blank","count":82,"tested":983,"color":"rgb(44,160,44)"},{"description":"Male","count":6538,"tested":43294,"color":"rgb(31,119,180)"},{"description":"Female","count":6844,"tested":51755,"color":"rgb(255,127,14)"}]}
