{"age":[{"age_group":"<20","count":255,"tested":2263},{"age_group":"20-29   ","count":310,"tested":4121},{"age_group":"30-39   ","count":319,"tested":5184},{"age_group":"40-49   ","count":308,"tested":4535},{"age_group":"50-59   ","count":305,"tested":5220},{"age_group":"60-69   ","count":248,"tested":5627},{"age_group":"70-79   ","count":130,"tested":4235},{"age_group":"80+","count":99,"tested":4992}],"race":[{"description":"White","count":640,"tested":7128,"color":"rgb(31,119,180)"},{"description":"Left Blank","count":531,"tested":22245,"color":"rgb(44,160,44)"},{"description":"Other","count":282,"tested":1940,"color":"rgb(148,103,189)"},{"description":"Asian","count":308,"tested":3312,"color":"rgb(140,86,75)"},{"description":"Black","count":42,"tested":355,"color":"rgb(255,127,14)"},{"description":"Hispanic","count":150,"tested":1022,"color":"rgb(214,39,40)"},{"description":"NH/PI*","count":7,"tested":120,"color":"rgb(127,127,127)"},{"description":"AI/AN**","count":14,"tested":77,"color":"rgb(31,119,180)"}],"gender":[{"description":"Male","count":953,"tested":14658,"color":"rgb(31,119,180)"},{"description":"Female","count":1013,"tested":21116,"color":"rgb(255,127,14)"}]}
