{"age":[{"age_group":"<20","count":42,"tested":427},{"age_group":"20-29   ","count":39,"tested":297},{"age_group":"30-39   ","count":33,"tested":279},{"age_group":"40-49   ","count":41,"tested":292},{"age_group":"50-59   ","count":45,"tested":382},{"age_group":"60-69   ","count":34,"tested":313},{"age_group":"70-79   ","count":10,"tested":150},{"age_group":"80+","count":11,"tested":60}],"race":[{"description":"White","count":167,"tested":1054,"color":"rgb(31,119,180)"},{"description":"Left Blank","count":82,"tested":1100,"color":"rgb(44,160,44)"}],"gender":[{"description":"Male","count":120,"tested":807,"color":"rgb(31,119,180)"},{"description":"Female","count":135,"tested":1349,"color":"rgb(255,127,14)"}]}
