{"age":[{"age_group":"<20","count":216,"tested":2003},{"age_group":"20-29   ","count":299,"tested":3577},{"age_group":"30-39   ","count":300,"tested":3821},{"age_group":"40-49   ","count":257,"tested":3248},{"age_group":"50-59   ","count":258,"tested":3690},{"age_group":"60-69   ","count":203,"tested":2931},{"age_group":"70-79   ","count":78,"tested":1244},{"age_group":"80+","count":40,"tested":470}],"race":[{"description":"White","count":33,"tested":320,"color":"rgb(31,119,180)"},{"description":"Left Blank","count":548,"tested":8807,"color":"rgb(44,160,44)"},{"description":"Other","count":27,"tested":313,"color":"rgb(148,103,189)"},{"description":"Black","count":966,"tested":11227,"color":"rgb(255,127,14)"},{"description":"Hispanic","count":72,"tested":278,"color":"rgb(214,39,40)"}],"gender":[{"description":"Female","count":976,"tested":13064,"color":"rgb(255,127,14)"},{"description":"Unknown/Left Blank","count":33,"tested":428,"color":"rgb(44,160,44)"},{"description":"Male","count":642,"tested":7498,"color":"rgb(31,119,180)"}]}
