{"age":[{"age_group":"<20","count":32,"tested":268},{"age_group":"20-29   ","count":27,"tested":323},{"age_group":"30-39   ","count":27,"tested":347},{"age_group":"40-49   ","count":38,"tested":309},{"age_group":"50-59   ","count":26,"tested":291},{"age_group":"60-69   ","count":30,"tested":383},{"age_group":"70-79   ","count":26,"tested":182},{"age_group":"80+","count":7,"tested":103}],"race":[{"description":"Hispanic","count":17,"tested":51,"color":"rgb(214,39,40)"},{"description":"Left Blank","count":50,"tested":1213,"color":"rgb(44,160,44)"},{"description":"Other","count":15,"tested":61,"color":"rgb(148,103,189)"},{"description":"White","count":124,"tested":828,"color":"rgb(31,119,180)"}],"gender":[{"description":"Female","count":106,"tested":1133,"color":"rgb(255,127,14)"},{"description":"Male","count":107,"tested":998,"color":"rgb(31,119,180)"}]}
