{"age":[{"age_group":"<20","count":1199,"tested":7429},{"age_group":"20-29   ","count":1524,"tested":12254},{"age_group":"30-39   ","count":1427,"tested":12052},{"age_group":"40-49   ","count":1474,"tested":10853},{"age_group":"50-59   ","count":1159,"tested":9551},{"age_group":"60-69   ","count":671,"tested":7281},{"age_group":"70-79   ","count":340,"tested":4132},{"age_group":"80+","count":147,"tested":2089}],"race":[{"description":"Hispanic","count":3649,"tested":17372,"color":"rgb(214,39,40)"},{"description":"Left Blank","count":1999,"tested":24552,"color":"rgb(44,160,44)"},{"description":"Other","count":620,"tested":5331,"color":"rgb(148,103,189)"},{"description":"White","count":1261,"tested":14524,"color":"rgb(31,119,180)"},{"description":"Black","count":336,"tested":3039,"color":"rgb(255,127,14)"},{"description":"Asian","count":74,"tested":764,"color":"rgb(140,86,75)"}],"gender":[{"description":"Male","count":3719,"tested":27768,"color":"rgb(31,119,180)"},{"description":"Female","count":4161,"tested":36347,"color":"rgb(255,127,14)"},{"description":"Unknown/Left Blank","count":63,"tested":1547,"color":"rgb(44,160,44)"}]}
