{"age":[{"age_group":"<20","count":590,"tested":11953},{"age_group":"20-29   ","count":1107,"tested":19344},{"age_group":"30-39   ","count":493,"tested":6524},{"age_group":"40-49   ","count":415,"tested":4458},{"age_group":"50-59   ","count":357,"tested":5042},{"age_group":"60-69   ","count":245,"tested":4152},{"age_group":"70-79   ","count":159,"tested":3207},{"age_group":"80+","count":192,"tested":5626}],"race":[{"description":"Left Blank","count":820,"tested":29610,"color":"rgb(44,160,44)"},{"description":"Other","count":45,"tested":597,"color":"rgb(148,103,189)"},{"description":"Black","count":465,"tested":6292,"color":"rgb(255,127,14)"},{"description":"Hispanic","count":705,"tested":3969,"color":"rgb(214,39,40)"},{"description":"White","count":1461,"tested":18891,"color":"rgb(31,119,180)"},{"description":"Asian","count":60,"tested":908,"color":"rgb(140,86,75)"}],"gender":[{"description":"Female","count":1892,"tested":37718,"color":"rgb(255,127,14)"},{"description":"Male","count":1657,"tested":22299,"color":"rgb(31,119,180)"},{"description":"Unknown/Left Blank","count":9,"tested":298,"color":"rgb(44,160,44)"}]}
