{"age":[{"age_group":"<20","count":678,"tested":7195},{"age_group":"20-29   ","count":813,"tested":10157},{"age_group":"30-39   ","count":751,"tested":10163},{"age_group":"40-49   ","count":636,"tested":9874},{"age_group":"50-59   ","count":618,"tested":10127},{"age_group":"60-69   ","count":470,"tested":8638},{"age_group":"70-79   ","count":195,"tested":4007},{"age_group":"80+","count":152,"tested":2674}],"race":[{"description":"Hispanic","count":813,"tested":3715,"color":"rgb(214,39,40)"},{"description":"Asian","count":365,"tested":2839,"color":"rgb(140,86,75)"},{"description":"Left Blank","count":1148,"tested":37253,"color":"rgb(44,160,44)"},{"description":"White","count":1115,"tested":11524,"color":"rgb(31,119,180)"},{"description":"Black","count":430,"tested":4339,"color":"rgb(255,127,14)"},{"description":"Other","count":429,"tested":3022,"color":"rgb(148,103,189)"},{"description":"AI/AN**","count":9,"tested":86,"color":"rgb(31,119,180)"}],"gender":[{"description":"Unknown/Left Blank","count":37,"tested":2718,"color":"rgb(44,160,44)"},{"description":"Male","count":2084,"tested":26173,"color":"rgb(31,119,180)"},{"description":"Female","count":2192,"tested":33967,"color":"rgb(255,127,14)"}]}
