{"age":[{"age_group":"<20","count":49,"tested":521},{"age_group":"20-29   ","count":37,"tested":502},{"age_group":"30-39   ","count":29,"tested":534},{"age_group":"40-49   ","count":50,"tested":423},{"age_group":"50-59   ","count":36,"tested":631},{"age_group":"60-69   ","count":42,"tested":558},{"age_group":"70-79   ","count":29,"tested":394},{"age_group":"80+","count":19,"tested":245}],"race":[{"description":"White","count":162,"tested":1813,"color":"rgb(31,119,180)"},{"description":"Hispanic","count":59,"tested":296,"color":"rgb(214,39,40)"},{"description":"Left Blank","count":57,"tested":1622,"color":"rgb(44,160,44)"},{"description":"Other","count":10,"tested":52,"color":"rgb(148,103,189)"}],"gender":[{"description":"Male","count":113,"tested":1191,"color":"rgb(31,119,180)"},{"description":"Female","count":165,"tested":2482,"color":"rgb(255,127,14)"}]}
