{"lastUpdatedDate":{"year":2021,"month":4,"day":10},"county_demographics":[{"County":"McHenry","confirmed_cases":26266,"total_tested":306642,"demographics":{"age":[{"race":[],"age_group":"<20","count":4025,"tested":38468,"deaths":0},{"race":[],"age_group":"20-29   ","count":4599,"tested":48048,"deaths":0},{"race":[],"age_group":"30-39   ","count":4013,"tested":43969,"deaths":0},{"race":[],"age_group":"40-49   ","count":4105,"tested":41842,"deaths":0},{"race":[],"age_group":"50-59   ","count":4519,"tested":49910,"deaths":0},{"race":[],"age_group":"60-69   ","count":2818,"tested":38139,"deaths":0},{"race":[],"age_group":"70-79   ","count":1257,"tested":23425,"deaths":0},{"race":[],"age_group":"80+","count":926,"tested":22770,"deaths":0},{"race":[],"age_group":"Unknown","count":0,"tested":71,"deaths":0}],"race":[{"description":"AI/AN**","count":29,"tested":357,"deaths":0,"color":"rgb(31,119,180)"},{"description":"Asian","count":437,"tested":4997,"deaths":0,"color":"rgb(140,86,75)"},{"description":"Black","count":276,"tested":3426,"deaths":0,"color":"rgb(255,127,14)"},{"description":"Hispanic","count":4247,"tested":21382,"deaths":0,"color":"rgb(214,39,40)"},{"description":"Left Blank","count":6634,"tested":119372,"deaths":0,"color":"rgb(44,160,44)"},{"description":"NH/PI*","count":28,"tested":353,"deaths":0,"color":"rgb(127,127,127)"},{"description":"Other","count":533,"tested":5313,"deaths":0,"color":"rgb(148,103,189)"},{"description":"White","count":14077,"tested":151442,"deaths":0,"color":"rgb(31,119,180)"}],"gender":[{"description":"Female","count":13433,"tested":177617,"deaths":0,"color":"rgb(255,127,14)"},{"description":"Male","count":12651,"tested":125131,"deaths":0,"color":"rgb(31,119,180)"},{"description":"Unknown/Left Blank","count":182,"tested":3894,"deaths":0,"color":"rgb(44,160,44)"}]}}]}
