{"lastUpdatedDate":{"year":2021,"month":4,"day":10},"county_demographics":[{"County":"Grundy","confirmed_cases":5530,"total_tested":55054,"demographics":{"age":[{"race":[],"age_group":"<20","count":951,"tested":9023,"deaths":0},{"race":[],"age_group":"20-29   ","count":929,"tested":8845,"deaths":0},{"race":[],"age_group":"30-39   ","count":901,"tested":7787,"deaths":0},{"race":[],"age_group":"40-49   ","count":926,"tested":7940,"deaths":0},{"race":[],"age_group":"50-59   ","count":837,"tested":7898,"deaths":0},{"race":[],"age_group":"60-69   ","count":527,"tested":5579,"deaths":0},{"race":[],"age_group":"70-79   ","count":282,"tested":3746,"deaths":0},{"race":[],"age_group":"80+","count":175,"tested":4111,"deaths":0},{"race":[],"age_group":"Unknown","count":0,"tested":125,"deaths":0}],"race":[{"description":"AI/AN**","count":0,"tested":37,"deaths":0,"color":"rgb(31,119,180)"},{"description":"Asian","count":19,"tested":207,"deaths":0,"color":"rgb(140,86,75)"},{"description":"Black","count":50,"tested":705,"deaths":0,"color":"rgb(255,127,14)"},{"description":"Hispanic","count":349,"tested":1944,"deaths":0,"color":"rgb(214,39,40)"},{"description":"Left Blank","count":1390,"tested":16176,"deaths":0,"color":"rgb(44,160,44)"},{"description":"NH/PI*","count":0,"tested":11,"deaths":0,"color":"rgb(127,127,127)"},{"description":"Other","count":403,"tested":2716,"deaths":0,"color":"rgb(148,103,189)"},{"description":"White","count":3312,"tested":33258,"deaths":0,"color":"rgb(31,119,180)"}],"gender":[{"description":"Female","count":2808,"tested":31678,"deaths":0,"color":"rgb(255,127,14)"},{"description":"Male","count":2676,"tested":21751,"deaths":0,"color":"rgb(31,119,180)"},{"description":"Unknown/Left Blank","count":42,"tested":1625,"deaths":0,"color":"rgb(44,160,44)"}]}}]}
