{"lastUpdatedDate":{"year":2021,"month":4,"day":10},"county_demographics":[{"County":"Marion","confirmed_cases":4372,"total_tested":82757,"demographics":{"age":[{"race":[],"age_group":"<20","count":549,"tested":6095,"deaths":0},{"race":[],"age_group":"20-29   ","count":603,"tested":14134,"deaths":0},{"race":[],"age_group":"30-39   ","count":618,"tested":16455,"deaths":0},{"race":[],"age_group":"40-49   ","count":639,"tested":14271,"deaths":0},{"race":[],"age_group":"50-59   ","count":663,"tested":11617,"deaths":0},{"race":[],"age_group":"60-69   ","count":604,"tested":8485,"deaths":0},{"race":[],"age_group":"70-79   ","count":375,"tested":4797,"deaths":0},{"race":[],"age_group":"80+","count":321,"tested":5980,"deaths":0},{"race":[],"age_group":"Unknown","count":0,"tested":923,"deaths":0}],"race":[{"description":"AI/AN**","count":7,"tested":40,"deaths":0,"color":"rgb(31,119,180)"},{"description":"Asian","count":0,"tested":115,"deaths":0,"color":"rgb(140,86,75)"},{"description":"Black","count":136,"tested":2195,"deaths":0,"color":"rgb(255,127,14)"},{"description":"Hispanic","count":39,"tested":249,"deaths":0,"color":"rgb(214,39,40)"},{"description":"Left Blank","count":855,"tested":50058,"deaths":0,"color":"rgb(44,160,44)"},{"description":"NH/PI*","count":0,"tested":13,"deaths":0,"color":"rgb(127,127,127)"},{"description":"Other","count":48,"tested":842,"deaths":0,"color":"rgb(148,103,189)"},{"description":"White","count":3278,"tested":29245,"deaths":0,"color":"rgb(31,119,180)"}],"gender":[{"description":"Female","count":2455,"tested":35977,"deaths":0,"color":"rgb(255,127,14)"},{"description":"Male","count":1876,"tested":28304,"deaths":0,"color":"rgb(31,119,180)"},{"description":"Unknown/Left Blank","count":36,"tested":18476,"deaths":0,"color":"rgb(44,160,44)"}]}}]}
