{"lastUpdatedDate":{"year":2021,"month":4,"day":10},"county_demographics":[{"County":"Cook","confirmed_cases":247609,"total_tested":3536844,"demographics":{"age":[{"race":[],"age_group":"<20","count":37436,"tested":396168,"deaths":0},{"race":[],"age_group":"20-29   ","count":43695,"tested":602862,"deaths":0},{"race":[],"age_group":"30-39   ","count":38892,"tested":501562,"deaths":0},{"race":[],"age_group":"40-49   ","count":38965,"tested":484318,"deaths":0},{"race":[],"age_group":"50-59   ","count":37979,"tested":541473,"deaths":0},{"race":[],"age_group":"60-69   ","count":26822,"tested":461555,"deaths":0},{"race":[],"age_group":"70-79   ","count":13396,"tested":268522,"deaths":0},{"race":[],"age_group":"80+","count":10372,"tested":276860,"deaths":0},{"race":[],"age_group":"Unknown","count":52,"tested":3524,"deaths":0}],"race":[{"description":"AI/AN**","count":417,"tested":3579,"deaths":0,"color":"rgb(31,119,180)"},{"description":"Asian","count":8881,"tested":146132,"deaths":0,"color":"rgb(140,86,75)"},{"description":"Black","count":25720,"tested":346959,"deaths":0,"color":"rgb(255,127,14)"},{"description":"Hispanic","count":49360,"tested":291786,"deaths":0,"color":"rgb(214,39,40)"},{"description":"Left Blank","count":76944,"tested":1672028,"deaths":0,"color":"rgb(44,160,44)"},{"description":"NH/PI*","count":353,"tested":5078,"deaths":0,"color":"rgb(127,127,127)"},{"description":"Other","count":13161,"tested":128990,"deaths":0,"color":"rgb(148,103,189)"},{"description":"White","count":72773,"tested":942292,"deaths":0,"color":"rgb(31,119,180)"}],"gender":[{"description":"Female","count":128416,"tested":2005483,"deaths":0,"color":"rgb(255,127,14)"},{"description":"Male","count":116950,"tested":1450277,"deaths":0,"color":"rgb(31,119,180)"},{"description":"Unknown/Left Blank","count":2243,"tested":81084,"deaths":0,"color":"rgb(44,160,44)"}]}}]}
