{"lastUpdatedDate":{"year":2021,"month":1,"day":8},"county_demographics":[{"County":"Piatt","confirmed_cases":1112,"total_tested":20981,"demographics":{"age":[{"race":[],"age_group":"<20","count":180,"tested":4310,"deaths":0},{"race":[],"age_group":"20-29   ","count":156,"tested":2816,"deaths":0},{"race":[],"age_group":"30-39   ","count":168,"tested":2842,"deaths":0},{"race":[],"age_group":"40-49   ","count":179,"tested":2720,"deaths":0},{"race":[],"age_group":"50-59   ","count":164,"tested":2644,"deaths":0},{"race":[],"age_group":"60-69   ","count":151,"tested":2436,"deaths":0},{"race":[],"age_group":"70-79   ","count":65,"tested":1461,"deaths":0},{"race":[],"age_group":"80+","count":48,"tested":1750,"deaths":0},{"race":[],"age_group":"Unknown","count":0,"tested":0,"deaths":0}],"race":[{"description":"AI/AN**","count":0,"tested":35,"deaths":0,"color":"rgb(31,119,180)"},{"description":"Asian","count":0,"tested":105,"deaths":0,"color":"rgb(140,86,75)"},{"description":"Black","count":8,"tested":140,"deaths":0,"color":"rgb(255,127,14)"},{"description":"Hispanic","count":6,"tested":159,"deaths":0,"color":"rgb(214,39,40)"},{"description":"Left Blank","count":236,"tested":5761,"deaths":0,"color":"rgb(44,160,44)"},{"description":"NH/PI*","count":0,"tested":6,"deaths":0,"color":"rgb(127,127,127)"},{"description":"Other","count":19,"tested":504,"deaths":0,"color":"rgb(148,103,189)"},{"description":"White","count":838,"tested":14271,"deaths":0,"color":"rgb(31,119,180)"}],"gender":[{"description":"Female","count":597,"tested":12581,"deaths":0,"color":"rgb(255,127,14)"},{"description":"Male","count":514,"tested":8230,"deaths":0,"color":"rgb(31,119,180)"},{"description":"Unknown/Left Blank","count":0,"tested":170,"deaths":0,"color":"rgb(44,160,44)"}]}}]}
