{"lastUpdatedDate":{"year":2021,"month":1,"day":8},"county_demographics":[{"County":"Crawford","confirmed_cases":1671,"total_tested":20977,"demographics":{"age":[{"race":[],"age_group":"<20","count":223,"tested":2072,"deaths":0},{"race":[],"age_group":"20-29   ","count":248,"tested":2730,"deaths":0},{"race":[],"age_group":"30-39   ","count":269,"tested":3939,"deaths":0},{"race":[],"age_group":"40-49   ","count":243,"tested":3290,"deaths":0},{"race":[],"age_group":"50-59   ","count":253,"tested":2768,"deaths":0},{"race":[],"age_group":"60-69   ","count":175,"tested":1730,"deaths":0},{"race":[],"age_group":"70-79   ","count":147,"tested":1060,"deaths":0},{"race":[],"age_group":"80+","count":111,"tested":1159,"deaths":0},{"race":[],"age_group":"Unknown","count":0,"tested":2229,"deaths":0}],"race":[{"description":"AI/AN**","count":0,"tested":0,"deaths":0,"color":"rgb(31,119,180)"},{"description":"Asian","count":0,"tested":25,"deaths":0,"color":"rgb(140,86,75)"},{"description":"Black","count":154,"tested":365,"deaths":0,"color":"rgb(255,127,14)"},{"description":"Hispanic","count":36,"tested":75,"deaths":0,"color":"rgb(214,39,40)"},{"description":"Left Blank","count":194,"tested":11161,"deaths":0,"color":"rgb(44,160,44)"},{"description":"NH/PI*","count":0,"tested":0,"deaths":0,"color":"rgb(127,127,127)"},{"description":"Other","count":16,"tested":540,"deaths":0,"color":"rgb(148,103,189)"},{"description":"White","count":1260,"tested":8810,"deaths":0,"color":"rgb(31,119,180)"}],"gender":[{"description":"Female","count":762,"tested":7905,"deaths":0,"color":"rgb(255,127,14)"},{"description":"Male","count":852,"tested":5824,"deaths":0,"color":"rgb(31,119,180)"},{"description":"Unknown/Left Blank","count":57,"tested":7248,"deaths":0,"color":"rgb(44,160,44)"}]}}]}
