{"lastUpdatedDate":{"year":2021,"month":1,"day":8},"county_demographics":[{"County":"Bond","confirmed_cases":1651,"total_tested":16845,"demographics":{"age":[{"race":[],"age_group":"<20","count":236,"tested":1766,"deaths":0},{"race":[],"age_group":"20-29   ","count":264,"tested":2434,"deaths":0},{"race":[],"age_group":"30-39   ","count":263,"tested":2715,"deaths":0},{"race":[],"age_group":"40-49   ","count":250,"tested":2453,"deaths":0},{"race":[],"age_group":"50-59   ","count":254,"tested":2263,"deaths":0},{"race":[],"age_group":"60-69   ","count":200,"tested":2146,"deaths":0},{"race":[],"age_group":"70-79   ","count":102,"tested":1497,"deaths":0},{"race":[],"age_group":"80+","count":82,"tested":1558,"deaths":0},{"race":[],"age_group":"Unknown","count":0,"tested":13,"deaths":0}],"race":[{"description":"AI/AN**","count":0,"tested":6,"deaths":0,"color":"rgb(31,119,180)"},{"description":"Asian","count":0,"tested":23,"deaths":0,"color":"rgb(140,86,75)"},{"description":"Black","count":19,"tested":118,"deaths":0,"color":"rgb(255,127,14)"},{"description":"Hispanic","count":6,"tested":54,"deaths":0,"color":"rgb(214,39,40)"},{"description":"Left Blank","count":931,"tested":10575,"deaths":0,"color":"rgb(44,160,44)"},{"description":"NH/PI*","count":0,"tested":0,"deaths":0,"color":"rgb(127,127,127)"},{"description":"Other","count":21,"tested":196,"deaths":0,"color":"rgb(148,103,189)"},{"description":"White","count":665,"tested":5870,"deaths":0,"color":"rgb(31,119,180)"}],"gender":[{"description":"Female","count":767,"tested":8905,"deaths":0,"color":"rgb(255,127,14)"},{"description":"Male","count":846,"tested":7318,"deaths":0,"color":"rgb(31,119,180)"},{"description":"Unknown/Left Blank","count":34,"tested":622,"deaths":0,"color":"rgb(44,160,44)"}]}}]}
