{"lastUpdatedDate":{"year":2021,"month":1,"day":8},"county_demographics":[{"County":"Grundy","confirmed_cases":4120,"total_tested":33005,"demographics":{"age":[{"race":[],"age_group":"<20","count":664,"tested":5258,"deaths":0},{"race":[],"age_group":"20-29   ","count":726,"tested":5422,"deaths":0},{"race":[],"age_group":"30-39   ","count":650,"tested":4878,"deaths":0},{"race":[],"age_group":"40-49   ","count":692,"tested":4769,"deaths":0},{"race":[],"age_group":"50-59   ","count":635,"tested":4888,"deaths":0},{"race":[],"age_group":"60-69   ","count":394,"tested":3559,"deaths":0},{"race":[],"age_group":"70-79   ","count":219,"tested":2182,"deaths":0},{"race":[],"age_group":"80+","count":138,"tested":2048,"deaths":0},{"race":[],"age_group":"Unknown","count":0,"tested":0,"deaths":0}],"race":[{"description":"AI/AN**","count":0,"tested":17,"deaths":0,"color":"rgb(31,119,180)"},{"description":"Asian","count":12,"tested":104,"deaths":0,"color":"rgb(140,86,75)"},{"description":"Black","count":30,"tested":368,"deaths":0,"color":"rgb(255,127,14)"},{"description":"Hispanic","count":216,"tested":1092,"deaths":0,"color":"rgb(214,39,40)"},{"description":"Left Blank","count":1328,"tested":11176,"deaths":0,"color":"rgb(44,160,44)"},{"description":"NH/PI*","count":0,"tested":8,"deaths":0,"color":"rgb(127,127,127)"},{"description":"Other","count":279,"tested":1597,"deaths":0,"color":"rgb(148,103,189)"},{"description":"White","count":2252,"tested":18643,"deaths":0,"color":"rgb(31,119,180)"}],"gender":[{"description":"Female","count":2107,"tested":19085,"deaths":0,"color":"rgb(255,127,14)"},{"description":"Male","count":1970,"tested":13401,"deaths":0,"color":"rgb(31,119,180)"},{"description":"Unknown/Left Blank","count":41,"tested":519,"deaths":0,"color":"rgb(44,160,44)"}]}}]}
