{"lastUpdatedDate":{"year":2021,"month":1,"day":8},"county_demographics":[{"County":"Clay","confirmed_cases":1275,"total_tested":10689,"demographics":{"age":[{"race":[],"age_group":"<20","count":171,"tested":1776,"deaths":0},{"race":[],"age_group":"20-29   ","count":164,"tested":1554,"deaths":0},{"race":[],"age_group":"30-39   ","count":176,"tested":1377,"deaths":0},{"race":[],"age_group":"40-49   ","count":184,"tested":1258,"deaths":0},{"race":[],"age_group":"50-59   ","count":199,"tested":1485,"deaths":0},{"race":[],"age_group":"60-69   ","count":165,"tested":1413,"deaths":0},{"race":[],"age_group":"70-79   ","count":136,"tested":997,"deaths":0},{"race":[],"age_group":"80+","count":79,"tested":824,"deaths":0},{"race":[],"age_group":"Unknown","count":0,"tested":0,"deaths":0}],"race":[{"description":"AI/AN**","count":0,"tested":9,"deaths":0,"color":"rgb(31,119,180)"},{"description":"Asian","count":0,"tested":28,"deaths":0,"color":"rgb(140,86,75)"},{"description":"Black","count":7,"tested":42,"deaths":0,"color":"rgb(255,127,14)"},{"description":"Hispanic","count":0,"tested":39,"deaths":0,"color":"rgb(214,39,40)"},{"description":"Left Blank","count":116,"tested":2099,"deaths":0,"color":"rgb(44,160,44)"},{"description":"NH/PI*","count":0,"tested":0,"deaths":0,"color":"rgb(127,127,127)"},{"description":"Other","count":6,"tested":198,"deaths":0,"color":"rgb(148,103,189)"},{"description":"White","count":1138,"tested":8272,"deaths":0,"color":"rgb(31,119,180)"}],"gender":[{"description":"Female","count":680,"tested":6433,"deaths":0,"color":"rgb(255,127,14)"},{"description":"Male","count":586,"tested":4069,"deaths":0,"color":"rgb(31,119,180)"},{"description":"Unknown/Left Blank","count":6,"tested":187,"deaths":0,"color":"rgb(44,160,44)"}]}}]}
