{"lastUpdatedDate":{"year":2021,"month":1,"day":8},"county_demographics":[{"County":"Champaign","confirmed_cases":14665,"total_tested":1293553,"demographics":{"age":[{"race":[],"age_group":"<20","count":3875,"tested":290037,"deaths":0},{"race":[],"age_group":"20-29   ","count":4356,"tested":572722,"deaths":0},{"race":[],"age_group":"30-39   ","count":1802,"tested":133797,"deaths":0},{"race":[],"age_group":"40-49   ","count":1508,"tested":102580,"deaths":0},{"race":[],"age_group":"50-59   ","count":1333,"tested":95374,"deaths":0},{"race":[],"age_group":"60-69   ","count":995,"tested":61177,"deaths":0},{"race":[],"age_group":"70-79   ","count":442,"tested":22037,"deaths":0},{"race":[],"age_group":"80+","count":352,"tested":15633,"deaths":0},{"race":[],"age_group":"Unknown","count":0,"tested":196,"deaths":0}],"race":[{"description":"AI/AN**","count":7,"tested":1879,"deaths":0,"color":"rgb(31,119,180)"},{"description":"Asian","count":730,"tested":239783,"deaths":0,"color":"rgb(140,86,75)"},{"description":"Black","count":2206,"tested":98866,"deaths":0,"color":"rgb(255,127,14)"},{"description":"Hispanic","count":1808,"tested":89376,"deaths":0,"color":"rgb(214,39,40)"},{"description":"Left Blank","count":498,"tested":68772,"deaths":0,"color":"rgb(44,160,44)"},{"description":"NH/PI*","count":8,"tested":874,"deaths":0,"color":"rgb(127,127,127)"},{"description":"Other","count":405,"tested":65886,"deaths":0,"color":"rgb(148,103,189)"},{"description":"White","count":8999,"tested":728117,"deaths":0,"color":"rgb(31,119,180)"}],"gender":[{"description":"Female","count":7362,"tested":635874,"deaths":0,"color":"rgb(255,127,14)"},{"description":"Male","count":7274,"tested":654780,"deaths":0,"color":"rgb(31,119,180)"},{"description":"Unknown/Left Blank","count":24,"tested":2899,"deaths":0,"color":"rgb(44,160,44)"}]}}]}
