{"lastUpdatedDate":{"year":2021,"month":1,"day":8},"county_demographics":[{"County":"St. Clair","confirmed_cases":20618,"total_tested":209501,"demographics":{"age":[{"race":[],"age_group":"<20","count":3104,"tested":24320,"deaths":0},{"race":[],"age_group":"20-29   ","count":3287,"tested":29428,"deaths":0},{"race":[],"age_group":"30-39   ","count":3243,"tested":31431,"deaths":0},{"race":[],"age_group":"40-49   ","count":3112,"tested":29508,"deaths":0},{"race":[],"age_group":"50-59   ","count":3136,"tested":31808,"deaths":0},{"race":[],"age_group":"60-69   ","count":2469,"tested":28340,"deaths":0},{"race":[],"age_group":"70-79   ","count":1223,"tested":16638,"deaths":0},{"race":[],"age_group":"80+","count":1028,"tested":16520,"deaths":0},{"race":[],"age_group":"Unknown","count":16,"tested":1508,"deaths":0}],"race":[{"description":"AI/AN**","count":25,"tested":119,"deaths":0,"color":"rgb(31,119,180)"},{"description":"Asian","count":88,"tested":576,"deaths":0,"color":"rgb(140,86,75)"},{"description":"Black","count":4580,"tested":27634,"deaths":0,"color":"rgb(255,127,14)"},{"description":"Hispanic","count":585,"tested":2303,"deaths":0,"color":"rgb(214,39,40)"},{"description":"Left Blank","count":9317,"tested":120191,"deaths":0,"color":"rgb(44,160,44)"},{"description":"NH/PI*","count":21,"tested":143,"deaths":0,"color":"rgb(127,127,127)"},{"description":"Other","count":401,"tested":5096,"deaths":0,"color":"rgb(148,103,189)"},{"description":"White","count":5600,"tested":53439,"deaths":0,"color":"rgb(31,119,180)"}],"gender":[{"description":"Female","count":11057,"tested":125441,"deaths":0,"color":"rgb(255,127,14)"},{"description":"Male","count":8660,"tested":79812,"deaths":0,"color":"rgb(31,119,180)"},{"description":"Unknown/Left Blank","count":901,"tested":4248,"deaths":0,"color":"rgb(44,160,44)"}]}}]}
