{"lastUpdatedDate":{"year":2021,"month":1,"day":8},"county_demographics":[{"County":"Vermilion","confirmed_cases":6934,"total_tested":80682,"demographics":{"age":[{"race":[],"age_group":"<20","count":1083,"tested":11345,"deaths":0},{"race":[],"age_group":"20-29   ","count":1095,"tested":11898,"deaths":0},{"race":[],"age_group":"30-39   ","count":1103,"tested":12089,"deaths":0},{"race":[],"age_group":"40-49   ","count":1039,"tested":10766,"deaths":0},{"race":[],"age_group":"50-59   ","count":987,"tested":10732,"deaths":0},{"race":[],"age_group":"60-69   ","count":812,"tested":10156,"deaths":0},{"race":[],"age_group":"70-79   ","count":495,"tested":6849,"deaths":0},{"race":[],"age_group":"80+","count":319,"tested":5389,"deaths":0},{"race":[],"age_group":"Unknown","count":0,"tested":1458,"deaths":0}],"race":[{"description":"AI/AN**","count":0,"tested":44,"deaths":0,"color":"rgb(31,119,180)"},{"description":"Asian","count":26,"tested":252,"deaths":0,"color":"rgb(140,86,75)"},{"description":"Black","count":780,"tested":6763,"deaths":0,"color":"rgb(255,127,14)"},{"description":"Hispanic","count":305,"tested":1831,"deaths":0,"color":"rgb(214,39,40)"},{"description":"Left Blank","count":1154,"tested":21640,"deaths":0,"color":"rgb(44,160,44)"},{"description":"NH/PI*","count":0,"tested":53,"deaths":0,"color":"rgb(127,127,127)"},{"description":"Other","count":304,"tested":2296,"deaths":0,"color":"rgb(148,103,189)"},{"description":"White","count":4358,"tested":47803,"deaths":0,"color":"rgb(31,119,180)"}],"gender":[{"description":"Female","count":3346,"tested":42569,"deaths":0,"color":"rgb(255,127,14)"},{"description":"Male","count":3101,"tested":30550,"deaths":0,"color":"rgb(31,119,180)"},{"description":"Unknown/Left Blank","count":487,"tested":7563,"deaths":0,"color":"rgb(44,160,44)"}]}}]}
