{"lastUpdatedDate":{"year":2021,"month":1,"day":8},"county_demographics":[{"County":"Lawrence","confirmed_cases":2070,"total_tested":19275,"demographics":{"age":[{"race":[],"age_group":"<20","count":130,"tested":1731,"deaths":0},{"race":[],"age_group":"20-29   ","count":405,"tested":3739,"deaths":0},{"race":[],"age_group":"30-39   ","count":423,"tested":3710,"deaths":0},{"race":[],"age_group":"40-49   ","count":358,"tested":3191,"deaths":0},{"race":[],"age_group":"50-59   ","count":310,"tested":2660,"deaths":0},{"race":[],"age_group":"60-69   ","count":221,"tested":1807,"deaths":0},{"race":[],"age_group":"70-79   ","count":135,"tested":1146,"deaths":0},{"race":[],"age_group":"80+","count":86,"tested":1236,"deaths":0},{"race":[],"age_group":"Unknown","count":0,"tested":55,"deaths":0}],"race":[{"description":"AI/AN**","count":0,"tested":0,"deaths":0,"color":"rgb(31,119,180)"},{"description":"Asian","count":0,"tested":10,"deaths":0,"color":"rgb(140,86,75)"},{"description":"Black","count":349,"tested":1549,"deaths":0,"color":"rgb(255,127,14)"},{"description":"Hispanic","count":16,"tested":91,"deaths":0,"color":"rgb(214,39,40)"},{"description":"Left Blank","count":733,"tested":11270,"deaths":0,"color":"rgb(44,160,44)"},{"description":"NH/PI*","count":0,"tested":0,"deaths":0,"color":"rgb(127,127,127)"},{"description":"Other","count":6,"tested":61,"deaths":0,"color":"rgb(148,103,189)"},{"description":"White","count":962,"tested":6291,"deaths":0,"color":"rgb(31,119,180)"}],"gender":[{"description":"Female","count":673,"tested":7710,"deaths":0,"color":"rgb(255,127,14)"},{"description":"Male","count":1107,"tested":7603,"deaths":0,"color":"rgb(31,119,180)"},{"description":"Unknown/Left Blank","count":288,"tested":3962,"deaths":0,"color":"rgb(44,160,44)"}]}}]}
