{"age":[{"age_group":"<20","count":70,"tested":1048},{"age_group":"20-29   ","count":61,"tested":741},{"age_group":"30-39   ","count":66,"tested":777},{"age_group":"40-49   ","count":54,"tested":689},{"age_group":"50-59   ","count":85,"tested":1055},{"age_group":"60-69   ","count":60,"tested":750},{"age_group":"70-79   ","count":9,"tested":397}],"race":[{"description":"Hispanic","count":33,"tested":254,"color":"rgb(214,39,40)"},{"description":"Left Blank","count":130,"tested":2106,"color":"rgb(44,160,44)"},{"description":"White","count":232,"tested":3465,"color":"rgb(31,119,180)"}],"gender":[]}
