{"age":[{"age_group":"<20","count":44,"tested":612},{"age_group":"20-29   ","count":30,"tested":341},{"age_group":"30-39   ","count":32,"tested":296},{"age_group":"40-49   ","count":30,"tested":377},{"age_group":"50-59   ","count":33,"tested":361},{"age_group":"60-69   ","count":16,"tested":300},{"age_group":"70-79   ","count":9,"tested":240},{"age_group":"80+","count":8,"tested":151}],"race":[{"description":"Left Blank","count":8,"tested":308,"color":"rgb(44,160,44)"},{"description":"White","count":183,"tested":2180,"color":"rgb(31,119,180)"}],"gender":[]}
