{"age":[{"age_group":"<20","count":347,"tested":4109},{"age_group":"20-29   ","count":371,"tested":4290},{"age_group":"30-39   ","count":319,"tested":4351},{"age_group":"40-49   ","count":325,"tested":3924},{"age_group":"50-59   ","count":312,"tested":3717},{"age_group":"60-69   ","count":195,"tested":2842},{"age_group":"70-79   ","count":111,"tested":1964},{"age_group":"80+","count":72,"tested":1233}],"race":[{"description":"Asian","count":28,"tested":333,"color":"rgb(140,86,75)"},{"description":"Black","count":62,"tested":528,"color":"rgb(255,127,14)"},{"description":"Hispanic","count":172,"tested":1228,"color":"rgb(214,39,40)"},{"description":"Left Blank","count":494,"tested":10436,"color":"rgb(44,160,44)"},{"description":"Other","count":23,"tested":267,"color":"rgb(148,103,189)"},{"description":"White","count":1269,"tested":13600,"color":"rgb(31,119,180)"}],"gender":[]}
