{"age":[{"age_group":"<20","count":667,"tested":10505},{"age_group":"20-29   ","count":472,"tested":8119},{"age_group":"30-39   ","count":331,"tested":6448},{"age_group":"40-49   ","count":429,"tested":6761},{"age_group":"50-59   ","count":471,"tested":7935},{"age_group":"60-69   ","count":323,"tested":6702},{"age_group":"70-79   ","count":113,"tested":3238},{"age_group":"80+","count":79,"tested":1254}],"race":[{"description":"Asian","count":232,"tested":4754,"color":"rgb(140,86,75)"},{"description":"Black","count":118,"tested":1178,"color":"rgb(255,127,14)"},{"description":"Hispanic","count":201,"tested":1828,"color":"rgb(214,39,40)"},{"description":"Left Blank","count":613,"tested":18100,"color":"rgb(44,160,44)"},{"description":"Other","count":83,"tested":1810,"color":"rgb(148,103,189)"},{"description":"White","count":1634,"tested":23142,"color":"rgb(31,119,180)"}],"gender":[]}
