{"age":[{"age_group":"<20","count":67,"tested":618},{"age_group":"20-29   ","count":55,"tested":566},{"age_group":"30-39   ","count":53,"tested":660},{"age_group":"40-49   ","count":58,"tested":483},{"age_group":"50-59   ","count":48,"tested":803},{"age_group":"60-69   ","count":44,"tested":599},{"age_group":"70-79   ","count":19,"tested":226},{"age_group":"80+","count":10,"tested":140}],"race":[{"description":"Hispanic","count":16,"tested":198,"color":"rgb(214,39,40)"},{"description":"Left Blank","count":76,"tested":1419,"color":"rgb(44,160,44)"},{"description":"White","count":251,"tested":2357,"color":"rgb(31,119,180)"}],"gender":[]}
