{"age":[{"age_group":"<20","count":423,"tested":5156},{"age_group":"20-29   ","count":331,"tested":4949},{"age_group":"30-39   ","count":267,"tested":4063},{"age_group":"40-49   ","count":397,"tested":5120},{"age_group":"50-59   ","count":381,"tested":5728},{"age_group":"60-69   ","count":157,"tested":3149},{"age_group":"70-79   ","count":49,"tested":1284},{"age_group":"80+","count":27,"tested":454}],"race":[{"description":"Asian","count":219,"tested":3502,"color":"rgb(140,86,75)"},{"description":"Black","count":295,"tested":3603,"color":"rgb(255,127,14)"},{"description":"Hispanic","count":286,"tested":2309,"color":"rgb(214,39,40)"},{"description":"Left Blank","count":565,"tested":11466,"color":"rgb(44,160,44)"},{"description":"NH/PI*","count":7,"tested":35,"color":"rgb(127,127,127)"},{"description":"Other","count":86,"tested":1269,"color":"rgb(148,103,189)"},{"description":"White","count":571,"tested":7618,"color":"rgb(31,119,180)"}],"gender":[]}
