{"age":[{"age_group":"<20","count":1321,"tested":11663},{"age_group":"20-29   ","count":1464,"tested":17169},{"age_group":"30-39   ","count":1570,"tested":17892},{"age_group":"40-49   ","count":1453,"tested":14955},{"age_group":"50-59   ","count":1021,"tested":13344},{"age_group":"60-69   ","count":731,"tested":10515},{"age_group":"70-79   ","count":387,"tested":5177},{"age_group":"80+","count":131,"tested":1952}],"race":[{"description":"AI/AN**","count":6,"tested":84,"color":"rgb(31,119,180)"},{"description":"Asian","count":12,"tested":349,"color":"rgb(140,86,75)"},{"description":"Black","count":2356,"tested":25352,"color":"rgb(255,127,14)"},{"description":"Hispanic","count":3677,"tested":20292,"color":"rgb(214,39,40)"},{"description":"Left Blank","count":1536,"tested":37894,"color":"rgb(44,160,44)"},{"description":"Other","count":208,"tested":2811,"color":"rgb(148,103,189)"},{"description":"White","count":283,"tested":5827,"color":"rgb(31,119,180)"}],"gender":[]}
