{"age":[{"age_group":"<20","count":48,"tested":1638},{"age_group":"20-29   ","count":460,"tested":12994},{"age_group":"30-39   ","count":289,"tested":7807},{"age_group":"40-49   ","count":88,"tested":2850},{"age_group":"50-59   ","count":87,"tested":2967},{"age_group":"60-69   ","count":65,"tested":2258},{"age_group":"70-79   ","count":45,"tested":1542},{"age_group":"80+","count":26,"tested":1095}],"race":[{"description":"Asian","count":99,"tested":4627,"color":"rgb(140,86,75)"},{"description":"Black","count":98,"tested":2240,"color":"rgb(255,127,14)"},{"description":"Hispanic","count":88,"tested":1068,"color":"rgb(214,39,40)"},{"description":"Left Blank","count":302,"tested":14029,"color":"rgb(44,160,44)"},{"description":"Other","count":64,"tested":1681,"color":"rgb(148,103,189)"},{"description":"White","count":454,"tested":9385,"color":"rgb(31,119,180)"}],"gender":[]}
