{"age":[{"age_group":"<20","count":7,"tested":142},{"age_group":"20-29   ","count":69,"tested":1940},{"age_group":"30-39   ","count":134,"tested":2318},{"age_group":"40-49   ","count":111,"tested":2320},{"age_group":"50-59   ","count":90,"tested":1714},{"age_group":"60-69   ","count":66,"tested":1020},{"age_group":"70-79   ","count":11,"tested":193}],"race":[{"description":"Black","count":233,"tested":2219,"color":"rgb(255,127,14)"},{"description":"Hispanic","count":56,"tested":288,"color":"rgb(214,39,40)"},{"description":"Left Blank","count":99,"tested":7080,"color":"rgb(44,160,44)"},{"description":"Other","count":6,"tested":398,"color":"rgb(148,103,189)"},{"description":"White","count":95,"tested":801,"color":"rgb(31,119,180)"}],"gender":[]}
