{"age":[{"age_group":"<20","count":99,"tested":1028},{"age_group":"20-29   ","count":143,"tested":1896},{"age_group":"30-39   ","count":112,"tested":1561},{"age_group":"40-49   ","count":113,"tested":1883},{"age_group":"50-59   ","count":94,"tested":1335},{"age_group":"60-69   ","count":49,"tested":948},{"age_group":"70-79   ","count":29,"tested":383},{"age_group":"80+","count":11,"tested":173}],"race":[{"description":"Black","count":439,"tested":5395,"color":"rgb(255,127,14)"},{"description":"Hispanic","count":13,"tested":184,"color":"rgb(214,39,40)"},{"description":"Left Blank","count":163,"tested":3198,"color":"rgb(44,160,44)"},{"description":"Other","count":12,"tested":184,"color":"rgb(148,103,189)"},{"description":"White","count":20,"tested":226,"color":"rgb(31,119,180)"}],"gender":[]}
