{"age":[{"age_group":"<20","count":259,"tested":2344},{"age_group":"20-29   ","count":311,"tested":3975},{"age_group":"30-39   ","count":321,"tested":3630},{"age_group":"40-49   ","count":257,"tested":3130},{"age_group":"50-59   ","count":315,"tested":3681},{"age_group":"60-69   ","count":239,"tested":3640},{"age_group":"70-79   ","count":150,"tested":2162},{"age_group":"80+","count":85,"tested":1191}],"race":[{"description":"Asian","count":39,"tested":451,"color":"rgb(140,86,75)"},{"description":"Black","count":68,"tested":694,"color":"rgb(255,127,14)"},{"description":"Hispanic","count":144,"tested":999,"color":"rgb(214,39,40)"},{"description":"Left Blank","count":752,"tested":13733,"color":"rgb(44,160,44)"},{"description":"Other","count":109,"tested":832,"color":"rgb(148,103,189)"},{"description":"White","count":820,"tested":7032,"color":"rgb(31,119,180)"}],"gender":[]}
