{"age":[{"age_group":"<20","count":1207,"tested":12458},{"age_group":"20-29   ","count":1431,"tested":17930},{"age_group":"30-39   ","count":1084,"tested":13013},{"age_group":"40-49   ","count":1139,"tested":13335},{"age_group":"50-59   ","count":953,"tested":13311},{"age_group":"60-69   ","count":578,"tested":10542},{"age_group":"70-79   ","count":277,"tested":5355},{"age_group":"80+","count":188,"tested":4822}],"race":[{"description":"AI/AN**","count":8,"tested":83,"color":"rgb(31,119,180)"},{"description":"Asian","count":145,"tested":1463,"color":"rgb(140,86,75)"},{"description":"Black","count":532,"tested":9035,"color":"rgb(255,127,14)"},{"description":"Hispanic","count":3109,"tested":20153,"color":"rgb(214,39,40)"},{"description":"Left Blank","count":1401,"tested":31898,"color":"rgb(44,160,44)"},{"description":"Other","count":241,"tested":3313,"color":"rgb(148,103,189)"},{"description":"White","count":1418,"tested":24775,"color":"rgb(31,119,180)"}],"gender":[]}
