{"age":[{"age_group":"<20","count":29,"tested":283},{"age_group":"20-29   ","count":25,"tested":319},{"age_group":"30-39   ","count":19,"tested":315},{"age_group":"40-49   ","count":29,"tested":395},{"age_group":"50-59   ","count":13,"tested":268},{"age_group":"60-69   ","count":23,"tested":149},{"age_group":"70-79   ","count":19,"tested":130},{"age_group":"80+","count":51,"tested":404}],"race":[{"description":"Left Blank","count":63,"tested":990,"color":"rgb(44,160,44)"},{"description":"White","count":137,"tested":1252,"color":"rgb(31,119,180)"}],"gender":[]}
