{"age":[{"age_group":"<20","count":89,"tested":1115},{"age_group":"20-29   ","count":65,"tested":1094},{"age_group":"30-39   ","count":55,"tested":984},{"age_group":"40-49   ","count":64,"tested":930},{"age_group":"50-59   ","count":69,"tested":1289},{"age_group":"60-69   ","count":65,"tested":1697},{"age_group":"70-79   ","count":43,"tested":1125},{"age_group":"80+","count":51,"tested":1814}],"race":[{"description":"Hispanic","count":19,"tested":167,"color":"rgb(214,39,40)"},{"description":"Left Blank","count":175,"tested":4451,"color":"rgb(44,160,44)"},{"description":"White","count":302,"tested":5316,"color":"rgb(31,119,180)"}],"gender":[]}
