{"age":[{"age_group":"<20","count":207,"tested":2429},{"age_group":"20-29   ","count":188,"tested":2763},{"age_group":"30-39   ","count":224,"tested":2771},{"age_group":"40-49   ","count":203,"tested":2718},{"age_group":"50-59   ","count":170,"tested":2703},{"age_group":"60-69   ","count":131,"tested":2088},{"age_group":"70-79   ","count":61,"tested":917},{"age_group":"80+","count":29,"tested":565}],"race":[{"description":"Black","count":619,"tested":8423,"color":"rgb(255,127,14)"},{"description":"Hispanic","count":155,"tested":1065,"color":"rgb(214,39,40)"},{"description":"Left Blank","count":351,"tested":6243,"color":"rgb(44,160,44)"},{"description":"Other","count":32,"tested":314,"color":"rgb(148,103,189)"},{"description":"White","count":52,"tested":852,"color":"rgb(31,119,180)"}],"gender":[]}
