{"age":[{"age_group":"<20","count":346,"tested":4333},{"age_group":"20-29   ","count":448,"tested":8772},{"age_group":"30-39   ","count":506,"tested":11824},{"age_group":"40-49   ","count":453,"tested":11743},{"age_group":"50-59   ","count":380,"tested":8789},{"age_group":"60-69   ","count":274,"tested":5859},{"age_group":"70-79   ","count":160,"tested":2992},{"age_group":"80+","count":137,"tested":2614}],"race":[{"description":"Asian","count":41,"tested":351,"color":"rgb(140,86,75)"},{"description":"Black","count":303,"tested":2287,"color":"rgb(255,127,14)"},{"description":"Hispanic","count":335,"tested":1959,"color":"rgb(214,39,40)"},{"description":"Left Blank","count":1067,"tested":41727,"color":"rgb(44,160,44)"},{"description":"Other","count":74,"tested":926,"color":"rgb(148,103,189)"},{"description":"White","count":878,"tested":11180,"color":"rgb(31,119,180)"}],"gender":[]}
