{"age":[{"age_group":"<20","count":37,"tested":488},{"age_group":"20-29   ","count":20,"tested":673},{"age_group":"30-39   ","count":25,"tested":397},{"age_group":"40-49   ","count":30,"tested":594},{"age_group":"50-59   ","count":50,"tested":753},{"age_group":"60-69   ","count":33,"tested":781},{"age_group":"70-79   ","count":25,"tested":344},{"age_group":"80+","count":23,"tested":1031}],"race":[{"description":"Left Blank","count":88,"tested":3837,"color":"rgb(44,160,44)"},{"description":"White","count":149,"tested":1178,"color":"rgb(31,119,180)"}],"gender":[]}
