{"age":[{"age_group":"<20","count":13,"tested":426},{"age_group":"20-29   ","count":10,"tested":590},{"age_group":"30-39   ","count":11,"tested":642},{"age_group":"40-49   ","count":16,"tested":464},{"age_group":"50-59   ","count":18,"tested":469},{"age_group":"60-69   ","count":14,"tested":521},{"age_group":"70-79   ","count":7,"tested":757},{"age_group":"80+","count":11,"tested":3320}],"race":[{"description":"Left Blank","count":17,"tested":3338,"color":"rgb(44,160,44)"},{"description":"White","count":79,"tested":3714,"color":"rgb(31,119,180)"}],"gender":[]}
