{"age":[{"age_group":"<20","count":31,"tested":322},{"age_group":"20-29   ","count":39,"tested":391},{"age_group":"30-39   ","count":41,"tested":278},{"age_group":"40-49   ","count":36,"tested":353},{"age_group":"50-59   ","count":39,"tested":312},{"age_group":"60-69   ","count":21,"tested":298},{"age_group":"70-79   ","count":7,"tested":122},{"age_group":"80+","count":8,"tested":93}],"race":[{"description":"Hispanic","count":25,"tested":129,"color":"rgb(214,39,40)"},{"description":"Left Blank","count":40,"tested":774,"color":"rgb(44,160,44)"},{"description":"White","count":155,"tested":1230,"color":"rgb(31,119,180)"}],"gender":[]}
