{"age":[{"age_group":"<20","count":52,"tested":677},{"age_group":"20-29   ","count":54,"tested":573},{"age_group":"30-39   ","count":60,"tested":521},{"age_group":"40-49   ","count":40,"tested":282},{"age_group":"50-59   ","count":43,"tested":370},{"age_group":"60-69   ","count":31,"tested":362},{"age_group":"70-79   ","count":12,"tested":166},{"age_group":"80+","count":12,"tested":106}],"race":[{"description":"Hispanic","count":11,"tested":64,"color":"rgb(214,39,40)"},{"description":"Left Blank","count":72,"tested":993,"color":"rgb(44,160,44)"},{"description":"Other","count":17,"tested":100,"color":"rgb(148,103,189)"},{"description":"White","count":202,"tested":1862,"color":"rgb(31,119,180)"}],"gender":[]}
