{"age":[{"age_group":"<20","count":23,"tested":183},{"age_group":"20-29   ","count":18,"tested":125},{"age_group":"30-39   ","count":27,"tested":241},{"age_group":"40-49   ","count":19,"tested":264},{"age_group":"50-59   ","count":22,"tested":268},{"age_group":"60-69   ","count":30,"tested":183},{"age_group":"70-79   ","count":14,"tested":98},{"age_group":"80+","count":6,"tested":39}],"race":[{"description":"Black","count":7,"tested":47,"color":"rgb(255,127,14)"},{"description":"Left Blank","count":36,"tested":618,"color":"rgb(44,160,44)"},{"description":"Other","count":6,"tested":19,"color":"rgb(148,103,189)"},{"description":"White","count":110,"tested":713,"color":"rgb(31,119,180)"}],"gender":[]}
