{"age":[{"age_group":"<20","count":318,"tested":2655},{"age_group":"20-29   ","count":310,"tested":4465},{"age_group":"30-39   ","count":309,"tested":4549},{"age_group":"40-49   ","count":314,"tested":5000},{"age_group":"50-59   ","count":301,"tested":5282},{"age_group":"60-69   ","count":217,"tested":4879},{"age_group":"70-79   ","count":80,"tested":1733},{"age_group":"80+","count":53,"tested":851}],"race":[{"description":"Asian","count":15,"tested":232,"color":"rgb(140,86,75)"},{"description":"Black","count":276,"tested":4840,"color":"rgb(255,127,14)"},{"description":"Hispanic","count":656,"tested":4827,"color":"rgb(214,39,40)"},{"description":"Left Blank","count":635,"tested":14651,"color":"rgb(44,160,44)"},{"description":"Other","count":53,"tested":556,"color":"rgb(148,103,189)"},{"description":"White","count":266,"tested":4268,"color":"rgb(31,119,180)"}],"gender":[]}
