{"age":[{"age_group":"<20","count":100,"tested":975},{"age_group":"20-29   ","count":138,"tested":1297},{"age_group":"30-39   ","count":122,"tested":1129},{"age_group":"40-49   ","count":98,"tested":1165},{"age_group":"50-59   ","count":116,"tested":1455},{"age_group":"60-69   ","count":100,"tested":1150},{"age_group":"70-79   ","count":36,"tested":462},{"age_group":"80+","count":12,"tested":242}],"race":[{"description":"Black","count":9,"tested":97,"color":"rgb(255,127,14)"},{"description":"Hispanic","count":128,"tested":793,"color":"rgb(214,39,40)"},{"description":"Left Blank","count":243,"tested":2877,"color":"rgb(44,160,44)"},{"description":"Other","count":35,"tested":255,"color":"rgb(148,103,189)"},{"description":"White","count":304,"tested":3793,"color":"rgb(31,119,180)"}],"gender":[{"description":"Male","count":339,"tested":3132,"color":"rgb(31,119,180)"},{"description":"Female","count":376,"tested":4652,"color":"rgb(255,127,14)"}]}
