{"age":[{"age_group":"<20","count":245,"tested":3612},{"age_group":"20-29   ","count":412,"tested":5312},{"age_group":"30-39   ","count":297,"tested":4954},{"age_group":"40-49   ","count":248,"tested":3633},{"age_group":"50-59   ","count":263,"tested":4145},{"age_group":"60-69   ","count":147,"tested":3611},{"age_group":"70-79   ","count":82,"tested":2266},{"age_group":"80+","count":92,"tested":5277}],"race":[{"description":"Asian","count":90,"tested":1424,"color":"rgb(140,86,75)"},{"description":"White","count":973,"tested":10968,"color":"rgb(31,119,180)"},{"description":"Black","count":114,"tested":1063,"color":"rgb(255,127,14)"},{"description":"Other","count":59,"tested":907,"color":"rgb(148,103,189)"},{"description":"Left Blank","count":356,"tested":17426,"color":"rgb(44,160,44)"},{"description":"Hispanic","count":191,"tested":998,"color":"rgb(214,39,40)"}],"gender":[{"description":"Female","count":900,"tested":19096,"color":"rgb(255,127,14)"},{"description":"Male","count":871,"tested":13193,"color":"rgb(31,119,180)"}]}
