{"age":[{"age_group":"<20","count":61,"tested":1277},{"age_group":"20-29   ","count":40,"tested":421},{"age_group":"30-39   ","count":39,"tested":359},{"age_group":"40-49   ","count":32,"tested":274},{"age_group":"50-59   ","count":32,"tested":254},{"age_group":"60-69   ","count":30,"tested":301},{"age_group":"70-79   ","count":11,"tested":144}],"race":[{"description":"Left Blank","count":61,"tested":1294,"color":"rgb(44,160,44)"},{"description":"Hispanic","count":96,"tested":462,"color":"rgb(214,39,40)"},{"description":"Other","count":8,"tested":69,"color":"rgb(148,103,189)"},{"description":"White","count":82,"tested":1215,"color":"rgb(31,119,180)"}],"gender":[{"description":"Male","count":132,"tested":1571,"color":"rgb(31,119,180)"},{"description":"Female","count":101,"tested":1433,"color":"rgb(255,127,14)"}]}
