{"age":[{"age_group":"<20","count":75,"tested":690},{"age_group":"20-29   ","count":87,"tested":854},{"age_group":"30-39   ","count":77,"tested":868},{"age_group":"40-49   ","count":74,"tested":710},{"age_group":"50-59   ","count":48,"tested":575},{"age_group":"60-69   ","count":22,"tested":375},{"age_group":"70-79   ","count":8,"tested":150}],"race":[{"description":"Other","count":7,"tested":94,"color":"rgb(148,103,189)"},{"description":"Left Blank","count":97,"tested":1888,"color":"rgb(44,160,44)"},{"description":"White","count":169,"tested":1631,"color":"rgb(31,119,180)"},{"description":"Black","count":27,"tested":211,"color":"rgb(255,127,14)"},{"description":"Hispanic","count":91,"tested":390,"color":"rgb(214,39,40)"}],"gender":[{"description":"Female","count":206,"tested":2504,"color":"rgb(255,127,14)"},{"description":"Male","count":188,"tested":1699,"color":"rgb(31,119,180)"}]}
