{"age":[{"age_group":"<20","count":135,"tested":1087},{"age_group":"20-29   ","count":152,"tested":1434},{"age_group":"30-39   ","count":120,"tested":1342},{"age_group":"40-49   ","count":110,"tested":1152},{"age_group":"50-59   ","count":149,"tested":1602},{"age_group":"60-69   ","count":94,"tested":1134},{"age_group":"70-79   ","count":29,"tested":670},{"age_group":"80+","count":8,"tested":215}],"race":[{"description":"White","count":483,"tested":5003,"color":"rgb(31,119,180)"},{"description":"Other","count":18,"tested":124,"color":"rgb(148,103,189)"},{"description":"Left Blank","count":218,"tested":3006,"color":"rgb(44,160,44)"},{"description":"Hispanic","count":70,"tested":378,"color":"rgb(214,39,40)"}],"gender":[{"description":"Female","count":407,"tested":5042,"color":"rgb(255,127,14)"},{"description":"Male","count":386,"tested":3566,"color":"rgb(31,119,180)"}]}
