{"age":[{"age_group":"<20","count":454,"tested":5077},{"age_group":"20-29   ","count":399,"tested":5311},{"age_group":"30-39   ","count":278,"tested":4440},{"age_group":"40-49   ","count":285,"tested":3817},{"age_group":"50-59   ","count":324,"tested":4319},{"age_group":"60-69   ","count":227,"tested":4381},{"age_group":"70-79   ","count":101,"tested":2385},{"age_group":"80+","count":52,"tested":1969}],"race":[{"description":"Other","count":45,"tested":852,"color":"rgb(148,103,189)"},{"description":"Asian","count":78,"tested":850,"color":"rgb(140,86,75)"},{"description":"Black","count":65,"tested":702,"color":"rgb(255,127,14)"},{"description":"Left Blank","count":412,"tested":15623,"color":"rgb(44,160,44)"},{"description":"White","count":1402,"tested":12969,"color":"rgb(31,119,180)"},{"description":"Hispanic","count":115,"tested":685,"color":"rgb(214,39,40)"}],"gender":[{"description":"Female","count":1089,"tested":17960,"color":"rgb(255,127,14)"},{"description":"Male","count":1018,"tested":13517,"color":"rgb(31,119,180)"},{"description":"Unknown/Left Blank","count":13,"tested":228,"color":"rgb(44,160,44)"}]}
