{"age":[{"age_group":"<20","count":99,"tested":1520},{"age_group":"20-29   ","count":611,"tested":10720},{"age_group":"30-39   ","count":574,"tested":11716},{"age_group":"40-49   ","count":186,"tested":3017},{"age_group":"50-59   ","count":131,"tested":1811},{"age_group":"60-69   ","count":100,"tested":1240},{"age_group":"70-79   ","count":56,"tested":699},{"age_group":"80+","count":45,"tested":306}],"race":[{"description":"Black","count":142,"tested":1685,"color":"rgb(255,127,14)"},{"description":"Asian","count":33,"tested":1107,"color":"rgb(140,86,75)"},{"description":"Hispanic","count":350,"tested":2579,"color":"rgb(214,39,40)"},{"description":"White","count":615,"tested":10278,"color":"rgb(31,119,180)"},{"description":"Other","count":97,"tested":1624,"color":"rgb(148,103,189)"},{"description":"Left Blank","count":560,"tested":13713,"color":"rgb(44,160,44)"}],"gender":[{"description":"Female","count":847,"tested":16079,"color":"rgb(255,127,14)"},{"description":"Male","count":874,"tested":14422,"color":"rgb(31,119,180)"},{"description":"Unknown/Left Blank","count":81,"tested":536,"color":"rgb(44,160,44)"}]}
