{"age":[{"age_group":"<20","count":430,"tested":6527},{"age_group":"20-29   ","count":196,"tested":4100},{"age_group":"30-39   ","count":114,"tested":2882},{"age_group":"40-49   ","count":213,"tested":4658},{"age_group":"50-59   ","count":245,"tested":5428},{"age_group":"60-69   ","count":110,"tested":3459},{"age_group":"70-79   ","count":76,"tested":2007},{"age_group":"80+","count":88,"tested":1533}],"race":[{"description":"Other","count":176,"tested":2305,"color":"rgb(148,103,189)"},{"description":"Left Blank","count":363,"tested":12800,"color":"rgb(44,160,44)"},{"description":"Black","count":15,"tested":188,"color":"rgb(255,127,14)"},{"description":"Asian","count":52,"tested":1247,"color":"rgb(140,86,75)"},{"description":"Hispanic","count":54,"tested":496,"color":"rgb(214,39,40)"},{"description":"White","count":810,"tested":13521,"color":"rgb(31,119,180)"}],"gender":[{"description":"Female","count":714,"tested":16423,"color":"rgb(255,127,14)"},{"description":"Male","count":748,"tested":13989,"color":"rgb(31,119,180)"},{"description":"Unknown/Left Blank","count":10,"tested":195,"color":"rgb(44,160,44)"}]}
