{"age":[{"age_group":"<20","count":136,"tested":1734},{"age_group":"20-29   ","count":94,"tested":1482},{"age_group":"30-39   ","count":99,"tested":1405},{"age_group":"40-49   ","count":64,"tested":962},{"age_group":"50-59   ","count":78,"tested":1236},{"age_group":"60-69   ","count":78,"tested":1069},{"age_group":"70-79   ","count":45,"tested":648},{"age_group":"80+","count":69,"tested":632}],"race":[{"description":"Other","count":10,"tested":154,"color":"rgb(148,103,189)"},{"description":"White","count":529,"tested":6666,"color":"rgb(31,119,180)"},{"description":"Left Blank","count":93,"tested":2085,"color":"rgb(44,160,44)"},{"description":"Hispanic","count":21,"tested":145,"color":"rgb(214,39,40)"}],"gender":[{"description":"Female","count":351,"tested":5759,"color":"rgb(255,127,14)"},{"description":"Male","count":299,"tested":3359,"color":"rgb(31,119,180)"}]}
