{"age":[{"age_group":"<20","count":380,"tested":6011},{"age_group":"20-29   ","count":1343,"tested":26331},{"age_group":"30-39   ","count":1342,"tested":30483},{"age_group":"40-49   ","count":567,"tested":10169},{"age_group":"50-59   ","count":413,"tested":6440},{"age_group":"60-69   ","count":271,"tested":4250},{"age_group":"70-79   ","count":157,"tested":2264},{"age_group":"80+","count":139,"tested":1595}],"race":[{"description":"Asian","count":75,"tested":2504,"color":"rgb(140,86,75)"},{"description":"Left Blank","count":1487,"tested":39481,"color":"rgb(44,160,44)"},{"description":"White","count":1512,"tested":30046,"color":"rgb(31,119,180)"},{"description":"Hispanic","count":1076,"tested":8260,"color":"rgb(214,39,40)"},{"description":"Other","count":221,"tested":3968,"color":"rgb(148,103,189)"},{"description":"Black","count":237,"tested":3353,"color":"rgb(255,127,14)"}],"gender":[{"description":"Female","count":2266,"tested":46667,"color":"rgb(255,127,14)"},{"description":"Unknown/Left Blank","count":143,"tested":1923,"color":"rgb(44,160,44)"},{"description":"Male","count":2204,"tested":39130,"color":"rgb(31,119,180)"}]}
