{"age":[{"age_group":"<20","count":307,"tested":2621},{"age_group":"20-29   ","count":281,"tested":2685},{"age_group":"30-39   ","count":346,"tested":3811},{"age_group":"40-49   ","count":310,"tested":3065},{"age_group":"50-59   ","count":239,"tested":2765},{"age_group":"60-69   ","count":166,"tested":2018},{"age_group":"70-79   ","count":58,"tested":1064},{"age_group":"80+","count":27,"tested":398}],"race":[{"description":"Left Blank","count":494,"tested":7440,"color":"rgb(44,160,44)"},{"description":"Other","count":34,"tested":303,"color":"rgb(148,103,189)"},{"description":"Black","count":46,"tested":421,"color":"rgb(255,127,14)"},{"description":"Hispanic","count":250,"tested":1366,"color":"rgb(214,39,40)"},{"description":"White","count":836,"tested":8201,"color":"rgb(31,119,180)"},{"description":"Asian","count":70,"tested":659,"color":"rgb(140,86,75)"}],"gender":[{"description":"Female","count":895,"tested":10443,"color":"rgb(255,127,14)"},{"description":"Male","count":829,"tested":7777,"color":"rgb(31,119,180)"}]}
