{"age":[{"age_group":"<20","count":40,"tested":354},{"age_group":"20-29   ","count":39,"tested":522},{"age_group":"30-39   ","count":24,"tested":423},{"age_group":"40-49   ","count":36,"tested":318},{"age_group":"50-59   ","count":51,"tested":502},{"age_group":"60-69   ","count":24,"tested":367},{"age_group":"70-79   ","count":17,"tested":261}],"race":[{"description":"Other","count":6,"tested":62,"color":"rgb(148,103,189)"},{"description":"Left Blank","count":45,"tested":748,"color":"rgb(44,160,44)"},{"description":"White","count":166,"tested":1904,"color":"rgb(31,119,180)"},{"description":"Hispanic","count":10,"tested":48,"color":"rgb(214,39,40)"},{"description":"Black","count":9,"tested":94,"color":"rgb(255,127,14)"}],"gender":[{"description":"Male","count":104,"tested":944,"color":"rgb(31,119,180)"},{"description":"Female","count":130,"tested":1895,"color":"rgb(255,127,14)"}]}
