{"age":[{"age_group":"<20","count":66,"tested":593},{"age_group":"20-29   ","count":64,"tested":729},{"age_group":"30-39   ","count":72,"tested":638},{"age_group":"40-49   ","count":76,"tested":974},{"age_group":"50-59   ","count":84,"tested":1180},{"age_group":"60-69   ","count":59,"tested":972},{"age_group":"70-79   ","count":29,"tested":513},{"age_group":"80+","count":24,"tested":298}],"race":[{"description":"Left Blank","count":101,"tested":1141,"color":"rgb(44,160,44)"},{"description":"White","count":251,"tested":3431,"color":"rgb(31,119,180)"},{"description":"Hispanic","count":44,"tested":306,"color":"rgb(214,39,40)"},{"description":"Black","count":68,"tested":824,"color":"rgb(255,127,14)"},{"description":"Other","count":10,"tested":179,"color":"rgb(148,103,189)"}],"gender":[{"description":"Female","count":264,"tested":3692,"color":"rgb(255,127,14)"},{"description":"Male","count":210,"tested":2174,"color":"rgb(31,119,180)"}]}
