{"age":[{"age_group":"<20","count":114,"tested":941},{"age_group":"20-29   ","count":96,"tested":1662},{"age_group":"30-39   ","count":101,"tested":1712},{"age_group":"40-49   ","count":111,"tested":1950},{"age_group":"50-59   ","count":97,"tested":1824},{"age_group":"60-69   ","count":54,"tested":1504},{"age_group":"70-79   ","count":33,"tested":1168},{"age_group":"80+","count":46,"tested":1299}],"race":[{"description":"White","count":140,"tested":1589,"color":"rgb(31,119,180)"},{"description":"Black","count":10,"tested":177,"color":"rgb(255,127,14)"},{"description":"Other","count":42,"tested":346,"color":"rgb(148,103,189)"},{"description":"Hispanic","count":348,"tested":2420,"color":"rgb(214,39,40)"},{"description":"Left Blank","count":108,"tested":7328,"color":"rgb(44,160,44)"}],"gender":[{"description":"Female","count":335,"tested":7099,"color":"rgb(255,127,14)"},{"description":"Male","count":311,"tested":4801,"color":"rgb(31,119,180)"}]}
