{"age":[{"age_group":"<20","count":313,"tested":3608},{"age_group":"20-29   ","count":396,"tested":3648},{"age_group":"30-39   ","count":371,"tested":3599},{"age_group":"40-49   ","count":332,"tested":3160},{"age_group":"50-59   ","count":346,"tested":3057},{"age_group":"60-69   ","count":294,"tested":2800},{"age_group":"70-79   ","count":147,"tested":1425},{"age_group":"80+","count":188,"tested":1726}],"race":[{"description":"Asian","count":11,"tested":63,"color":"rgb(140,86,75)"},{"description":"Black","count":86,"tested":916,"color":"rgb(255,127,14)"},{"description":"Other","count":193,"tested":958,"color":"rgb(148,103,189)"},{"description":"Hispanic","count":232,"tested":1263,"color":"rgb(214,39,40)"},{"description":"Left Blank","count":458,"tested":9553,"color":"rgb(44,160,44)"},{"description":"White","count":1407,"tested":10260,"color":"rgb(31,119,180)"}],"gender":[{"description":"Female","count":1309,"tested":13486,"color":"rgb(255,127,14)"},{"description":"Male","count":1023,"tested":7650,"color":"rgb(31,119,180)"},{"description":"Unknown/Left Blank","count":56,"tested":1890,"color":"rgb(44,160,44)"}]}
