{"age":[{"age_group":"<20","count":158,"tested":1049},{"age_group":"20-29   ","count":243,"tested":2245},{"age_group":"30-39   ","count":198,"tested":2033},{"age_group":"40-49   ","count":184,"tested":1756},{"age_group":"50-59   ","count":172,"tested":2037},{"age_group":"60-69   ","count":145,"tested":1720},{"age_group":"70-79   ","count":58,"tested":912},{"age_group":"80+","count":31,"tested":382}],"race":[{"description":"White","count":420,"tested":3552,"color":"rgb(31,119,180)"},{"description":"Asian","count":22,"tested":200,"color":"rgb(140,86,75)"},{"description":"Hispanic","count":140,"tested":667,"color":"rgb(214,39,40)"},{"description":"Left Blank","count":504,"tested":6801,"color":"rgb(44,160,44)"},{"description":"Other","count":78,"tested":610,"color":"rgb(148,103,189)"},{"description":"Black","count":24,"tested":294,"color":"rgb(255,127,14)"}],"gender":[{"description":"Male","count":578,"tested":5009,"color":"rgb(31,119,180)"},{"description":"Female","count":606,"tested":6500,"color":"rgb(255,127,14)"}]}
