{"age":[{"age_group":"<20","count":214,"tested":2188},{"age_group":"20-29   ","count":126,"tested":1438},{"age_group":"30-39   ","count":88,"tested":1070},{"age_group":"40-49   ","count":128,"tested":1307},{"age_group":"50-59   ","count":141,"tested":1670},{"age_group":"60-69   ","count":71,"tested":1185},{"age_group":"70-79   ","count":17,"tested":592},{"age_group":"80+","count":45,"tested":671}],"race":[{"description":"Other","count":20,"tested":347,"color":"rgb(148,103,189)"},{"description":"Left Blank","count":209,"tested":5281,"color":"rgb(44,160,44)"},{"description":"Hispanic","count":34,"tested":175,"color":"rgb(214,39,40)"},{"description":"White","count":496,"tested":3802,"color":"rgb(31,119,180)"},{"description":"Asian","count":45,"tested":350,"color":"rgb(140,86,75)"},{"description":"Black","count":24,"tested":164,"color":"rgb(255,127,14)"}],"gender":[{"description":"Male","count":406,"tested":4217,"color":"rgb(31,119,180)"},{"description":"Female","count":402,"tested":5730,"color":"rgb(255,127,14)"}]}
