{"age":[{"age_group":"<20","count":38,"tested":476},{"age_group":"20-29   ","count":37,"tested":443},{"age_group":"30-39   ","count":35,"tested":358},{"age_group":"40-49   ","count":28,"tested":255},{"age_group":"50-59   ","count":29,"tested":534},{"age_group":"60-69   ","count":18,"tested":267},{"age_group":"70-79   ","count":8,"tested":98},{"age_group":"80+","count":11,"tested":82}],"race":[{"description":"Left Blank","count":45,"tested":662,"color":"rgb(44,160,44)"},{"description":"White","count":149,"tested":1798,"color":"rgb(31,119,180)"},{"description":"Hispanic","count":6,"tested":17,"color":"rgb(214,39,40)"}],"gender":[{"description":"Female","count":95,"tested":1746,"color":"rgb(255,127,14)"},{"description":"Male","count":109,"tested":736,"color":"rgb(31,119,180)"}]}
