{"age":[{"age_group":"<20","count":673,"tested":4948},{"age_group":"20-29   ","count":734,"tested":7640},{"age_group":"30-39   ","count":643,"tested":6470},{"age_group":"40-49   ","count":665,"tested":5262},{"age_group":"50-59   ","count":650,"tested":6755},{"age_group":"60-69   ","count":473,"tested":5333},{"age_group":"70-79   ","count":194,"tested":2532},{"age_group":"80+","count":178,"tested":2687}],"race":[{"description":"Hispanic","count":767,"tested":2585,"color":"rgb(214,39,40)"},{"description":"Left Blank","count":874,"tested":19752,"color":"rgb(44,160,44)"},{"description":"White","count":1751,"tested":13184,"color":"rgb(31,119,180)"},{"description":"Asian","count":462,"tested":3205,"color":"rgb(140,86,75)"},{"description":"Black","count":188,"tested":1558,"color":"rgb(255,127,14)"},{"description":"NH/PI*","count":9,"tested":34,"color":"rgb(127,127,127)"},{"description":"Other","count":154,"tested":1273,"color":"rgb(148,103,189)"}],"gender":[{"description":"Male","count":2026,"tested":17355,"color":"rgb(31,119,180)"},{"description":"Unknown/Left Blank","count":22,"tested":587,"color":"rgb(44,160,44)"},{"description":"Female","count":2162,"tested":23690,"color":"rgb(255,127,14)"}]}
