{"age":[{"age_group":"<20","count":31,"tested":336},{"age_group":"20-29   ","count":70,"tested":747},{"age_group":"30-39   ","count":82,"tested":874},{"age_group":"40-49   ","count":48,"tested":659},{"age_group":"50-59   ","count":33,"tested":401},{"age_group":"60-69   ","count":17,"tested":389},{"age_group":"70-79   ","count":8,"tested":178}],"race":[{"description":"Asian","count":42,"tested":374,"color":"rgb(140,86,75)"},{"description":"Hispanic","count":28,"tested":186,"color":"rgb(214,39,40)"},{"description":"Black","count":8,"tested":112,"color":"rgb(255,127,14)"},{"description":"Other","count":12,"tested":122,"color":"rgb(148,103,189)"},{"description":"White","count":101,"tested":932,"color":"rgb(31,119,180)"},{"description":"Left Blank","count":103,"tested":1924,"color":"rgb(44,160,44)"}],"gender":[{"description":"Male","count":146,"tested":1659,"color":"rgb(31,119,180)"},{"description":"Female","count":144,"tested":1961,"color":"rgb(255,127,14)"}]}
