{"lastUpdatedDate":{"year":2021,"month":8,"day":16},"county_demographics":[{"County":"Stephenson","confirmed_cases":5008,"total_tested":69804,"demographics":{"age":[{"race":[],"age_group":"<20","count":815,"tested":8663,"deaths":0},{"race":[],"age_group":"20-29   ","count":742,"tested":9696,"deaths":0},{"race":[],"age_group":"30-39   ","count":734,"tested":9267,"deaths":0},{"race":[],"age_group":"40-49   ","count":638,"tested":7177,"deaths":0},{"race":[],"age_group":"50-59   ","count":799,"tested":10196,"deaths":0},{"race":[],"age_group":"60-69   ","count":630,"tested":9031,"deaths":0},{"race":[],"age_group":"70-79   ","count":344,"tested":6103,"deaths":0},{"race":[],"age_group":"80+","count":306,"tested":9654,"deaths":0},{"race":[],"age_group":"Unknown","count":0,"tested":17,"deaths":0}],"race":[{"description":"AI/AN**","count":0,"tested":53,"deaths":0,"color":"rgb(31,119,180)"},{"description":"Asian","count":24,"tested":199,"deaths":0,"color":"rgb(140,86,75)"},{"description":"Black","count":340,"tested":3675,"deaths":0,"color":"rgb(255,127,14)"},{"description":"Hispanic","count":155,"tested":959,"deaths":0,"color":"rgb(214,39,40)"},{"description":"Left Blank","count":1073,"tested":29275,"deaths":0,"color":"rgb(44,160,44)"},{"description":"NH/PI*","count":0,"tested":23,"deaths":0,"color":"rgb(127,127,127)"},{"description":"Other","count":58,"tested":1028,"deaths":0,"color":"rgb(148,103,189)"},{"description":"White","count":3345,"tested":34592,"deaths":0,"color":"rgb(31,119,180)"}],"gender":[{"description":"Female","count":2714,"tested":45780,"deaths":0,"color":"rgb(255,127,14)"},{"description":"Male","count":2257,"tested":22918,"deaths":0,"color":"rgb(31,119,180)"},{"description":"Unknown/Left Blank","count":35,"tested":1106,"deaths":0,"color":"rgb(44,160,44)"}]}}]}
