{"lastUpdatedDate":{"year":2021,"month":8,"day":16},"county_demographics":[{"County":"McLean","confirmed_cases":19623,"total_tested":414501,"demographics":{"age":[{"race":[],"age_group":"<20","count":4259,"tested":85699,"deaths":0},{"race":[],"age_group":"20-29   ","count":5191,"tested":108844,"deaths":0},{"race":[],"age_group":"30-39   ","count":2665,"tested":59561,"deaths":0},{"race":[],"age_group":"40-49   ","count":2391,"tested":46266,"deaths":0},{"race":[],"age_group":"50-59   ","count":2194,"tested":46083,"deaths":0},{"race":[],"age_group":"60-69   ","count":1545,"tested":31479,"deaths":0},{"race":[],"age_group":"70-79   ","count":775,"tested":17326,"deaths":0},{"race":[],"age_group":"80+","count":603,"tested":19214,"deaths":0},{"race":[],"age_group":"Unknown","count":0,"tested":29,"deaths":0}],"race":[{"description":"AI/AN**","count":13,"tested":494,"deaths":0,"color":"rgb(31,119,180)"},{"description":"Asian","count":328,"tested":8405,"deaths":0,"color":"rgb(140,86,75)"},{"description":"Black","count":1734,"tested":22010,"deaths":0,"color":"rgb(255,127,14)"},{"description":"Hispanic","count":1233,"tested":14047,"deaths":0,"color":"rgb(214,39,40)"},{"description":"Left Blank","count":4278,"tested":203939,"deaths":0,"color":"rgb(44,160,44)"},{"description":"NH/PI*","count":12,"tested":252,"deaths":0,"color":"rgb(127,127,127)"},{"description":"Other","count":355,"tested":5479,"deaths":0,"color":"rgb(148,103,189)"},{"description":"White","count":11662,"tested":159875,"deaths":0,"color":"rgb(31,119,180)"}],"gender":[{"description":"Female","count":10441,"tested":211008,"deaths":0,"color":"rgb(255,127,14)"},{"description":"Male","count":9175,"tested":182091,"deaths":0,"color":"rgb(31,119,180)"},{"description":"Unknown/Left Blank","count":6,"tested":21402,"deaths":0,"color":"rgb(44,160,44)"}]}}]}
