{"lastUpdatedDate":{"year":2021,"month":8,"day":16},"county_demographics":[{"County":"Winnebago","confirmed_cases":35855,"total_tested":485398,"demographics":{"age":[{"race":[],"age_group":"<20","count":6452,"tested":75675,"deaths":0},{"race":[],"age_group":"20-29   ","count":6411,"tested":80141,"deaths":0},{"race":[],"age_group":"30-39   ","count":5606,"tested":70980,"deaths":0},{"race":[],"age_group":"40-49   ","count":5345,"tested":63825,"deaths":0},{"race":[],"age_group":"50-59   ","count":4971,"tested":67845,"deaths":0},{"race":[],"age_group":"60-69   ","count":3647,"tested":54839,"deaths":0},{"race":[],"age_group":"70-79   ","count":2027,"tested":34968,"deaths":0},{"race":[],"age_group":"80+","count":1387,"tested":36920,"deaths":0},{"race":[],"age_group":"Unknown","count":7,"tested":205,"deaths":0}],"race":[{"description":"AI/AN**","count":45,"tested":473,"deaths":0,"color":"rgb(31,119,180)"},{"description":"Asian","count":709,"tested":5962,"deaths":0,"color":"rgb(140,86,75)"},{"description":"Black","count":4576,"tested":41031,"deaths":0,"color":"rgb(255,127,14)"},{"description":"Hispanic","count":6226,"tested":29866,"deaths":0,"color":"rgb(214,39,40)"},{"description":"Left Blank","count":3277,"tested":208447,"deaths":0,"color":"rgb(44,160,44)"},{"description":"NH/PI*","count":21,"tested":368,"deaths":0,"color":"rgb(127,127,127)"},{"description":"Other","count":569,"tested":10537,"deaths":0,"color":"rgb(148,103,189)"},{"description":"White","count":20428,"tested":188714,"deaths":0,"color":"rgb(31,119,180)"}],"gender":[{"description":"Female","count":19210,"tested":285917,"deaths":0,"color":"rgb(255,127,14)"},{"description":"Male","count":16516,"tested":191577,"deaths":0,"color":"rgb(31,119,180)"},{"description":"Unknown/Left Blank","count":129,"tested":7904,"deaths":0,"color":"rgb(44,160,44)"}]}}]}
