{"lastUpdatedDate":{"year":2021,"month":8,"day":16},"county_demographics":[{"County":"Boone","confirmed_cases":7119,"total_tested":72638,"demographics":{"age":[{"race":[],"age_group":"<20","count":1377,"tested":12368,"deaths":0},{"race":[],"age_group":"20-29   ","count":1214,"tested":11684,"deaths":0},{"race":[],"age_group":"30-39   ","count":1039,"tested":9657,"deaths":0},{"race":[],"age_group":"40-49   ","count":1187,"tested":10273,"deaths":0},{"race":[],"age_group":"50-59   ","count":1082,"tested":10450,"deaths":0},{"race":[],"age_group":"60-69   ","count":659,"tested":7706,"deaths":0},{"race":[],"age_group":"70-79   ","count":358,"tested":5376,"deaths":0},{"race":[],"age_group":"80+","count":203,"tested":5108,"deaths":0},{"race":[],"age_group":"Unknown","count":0,"tested":16,"deaths":0}],"race":[{"description":"AI/AN**","count":10,"tested":71,"deaths":0,"color":"rgb(31,119,180)"},{"description":"Asian","count":56,"tested":540,"deaths":0,"color":"rgb(140,86,75)"},{"description":"Black","count":134,"tested":1132,"deaths":0,"color":"rgb(255,127,14)"},{"description":"Hispanic","count":2342,"tested":7087,"deaths":0,"color":"rgb(214,39,40)"},{"description":"Left Blank","count":606,"tested":34058,"deaths":0,"color":"rgb(44,160,44)"},{"description":"NH/PI*","count":0,"tested":25,"deaths":0,"color":"rgb(127,127,127)"},{"description":"Other","count":83,"tested":1076,"deaths":0,"color":"rgb(148,103,189)"},{"description":"White","count":3879,"tested":28649,"deaths":0,"color":"rgb(31,119,180)"}],"gender":[{"description":"Female","count":3757,"tested":43392,"deaths":0,"color":"rgb(255,127,14)"},{"description":"Male","count":3356,"tested":28435,"deaths":0,"color":"rgb(31,119,180)"},{"description":"Unknown/Left Blank","count":0,"tested":811,"deaths":0,"color":"rgb(44,160,44)"}]}}]}
