{"lastUpdatedDate":{"year":2021,"month":8,"day":16},"county_demographics":[{"County":"Cass","confirmed_cases":2210,"total_tested":25112,"demographics":{"age":[{"race":[],"age_group":"<20","count":432,"tested":4492,"deaths":0},{"race":[],"age_group":"20-29   ","count":369,"tested":3747,"deaths":0},{"race":[],"age_group":"30-39   ","count":365,"tested":3684,"deaths":0},{"race":[],"age_group":"40-49   ","count":309,"tested":3935,"deaths":0},{"race":[],"age_group":"50-59   ","count":284,"tested":3693,"deaths":0},{"race":[],"age_group":"60-69   ","count":221,"tested":2381,"deaths":0},{"race":[],"age_group":"70-79   ","count":128,"tested":1671,"deaths":0},{"race":[],"age_group":"80+","count":102,"tested":1506,"deaths":0},{"race":[],"age_group":"Unknown","count":0,"tested":0,"deaths":0}],"race":[{"description":"AI/AN**","count":0,"tested":22,"deaths":0,"color":"rgb(31,119,180)"},{"description":"Asian","count":15,"tested":86,"deaths":0,"color":"rgb(140,86,75)"},{"description":"Black","count":67,"tested":798,"deaths":0,"color":"rgb(255,127,14)"},{"description":"Hispanic","count":750,"tested":3434,"deaths":0,"color":"rgb(214,39,40)"},{"description":"Left Blank","count":56,"tested":6568,"deaths":0,"color":"rgb(44,160,44)"},{"description":"NH/PI*","count":6,"tested":31,"deaths":0,"color":"rgb(127,127,127)"},{"description":"Other","count":9,"tested":1417,"deaths":0,"color":"rgb(148,103,189)"},{"description":"White","count":1296,"tested":12756,"deaths":0,"color":"rgb(31,119,180)"}],"gender":[{"description":"Female","count":1184,"tested":14417,"deaths":0,"color":"rgb(255,127,14)"},{"description":"Male","count":1018,"tested":9653,"deaths":0,"color":"rgb(31,119,180)"},{"description":"Unknown/Left Blank","count":0,"tested":1042,"deaths":0,"color":"rgb(44,160,44)"}]}}]}
