{"lastUpdatedDate":{"year":2020,"month":11,"day":17},"county_demographics":[{"County":"Montgomery","confirmed_cases":938,"total_tested":21404,"demographics":{"age":[{"age_group":"<20","count":88,"tested":2174},{"age_group":"20-29   ","count":128,"tested":2835},{"age_group":"30-39   ","count":160,"tested":2792},{"age_group":"40-49   ","count":131,"tested":2459},{"age_group":"50-59   ","count":149,"tested":3150},{"age_group":"60-69   ","count":133,"tested":3259},{"age_group":"70-79   ","count":68,"tested":1989},{"age_group":"80+","count":71,"tested":2736},{"age_group":"Unknown","count":0,"tested":10}],"race":[{"description":"AI/AN**","count":0,"tested":0,"color":"rgb(31,119,180)"},{"description":"Asian","count":0,"tested":21,"color":"rgb(140,86,75)"},{"description":"Black","count":18,"tested":383,"color":"rgb(255,127,14)"},{"description":"Hispanic","count":0,"tested":59,"color":"rgb(214,39,40)"},{"description":"Left Blank","count":492,"tested":12006,"color":"rgb(44,160,44)"},{"description":"NH/PI*","count":0,"tested":10,"color":"rgb(127,127,127)"},{"description":"Other","count":7,"tested":155,"color":"rgb(148,103,189)"},{"description":"White","count":406,"tested":8770,"color":"rgb(31,119,180)"}],"gender":[{"description":"Female","count":441,"tested":12659,"color":"rgb(255,127,14)"},{"description":"Male","count":460,"tested":8264,"color":"rgb(31,119,180)"},{"description":"Unknown/Left Blank","count":28,"tested":481,"color":"rgb(44,160,44)"}]}}]}
