{"lastUpdatedDate":{"year":2020,"month":11,"day":17},"county_demographics":[{"County":"Perry","confirmed_cases":793,"total_tested":9957,"demographics":{"age":[{"age_group":"<20","count":119,"tested":1250},{"age_group":"20-29   ","count":100,"tested":1442},{"age_group":"30-39   ","count":111,"tested":1327},{"age_group":"40-49   ","count":111,"tested":1358},{"age_group":"50-59   ","count":121,"tested":1393},{"age_group":"60-69   ","count":88,"tested":1211},{"age_group":"70-79   ","count":54,"tested":966},{"age_group":"80+","count":80,"tested":1008},{"age_group":"Unknown","count":0,"tested":0}],"race":[{"description":"AI/AN**","count":0,"tested":0,"color":"rgb(31,119,180)"},{"description":"Asian","count":0,"tested":18,"color":"rgb(140,86,75)"},{"description":"Black","count":18,"tested":242,"color":"rgb(255,127,14)"},{"description":"Hispanic","count":15,"tested":80,"color":"rgb(214,39,40)"},{"description":"Left Blank","count":143,"tested":3505,"color":"rgb(44,160,44)"},{"description":"NH/PI*","count":0,"tested":0,"color":"rgb(127,127,127)"},{"description":"Other","count":6,"tested":89,"color":"rgb(148,103,189)"},{"description":"White","count":605,"tested":6019,"color":"rgb(31,119,180)"}],"gender":[{"description":"Female","count":441,"tested":5717,"color":"rgb(255,127,14)"},{"description":"Male","count":323,"tested":3525,"color":"rgb(31,119,180)"},{"description":"Unknown/Left Blank","count":27,"tested":715,"color":"rgb(44,160,44)"}]}}]}
