{"lastUpdatedDate":{"year":2020,"month":11,"day":17},"county_demographics":[{"County":"Iroquois","confirmed_cases":1260,"total_tested":18497,"demographics":{"age":[{"age_group":"<20","count":158,"tested":2180},{"age_group":"20-29   ","count":184,"tested":2316},{"age_group":"30-39   ","count":181,"tested":2342},{"age_group":"40-49   ","count":197,"tested":2032},{"age_group":"50-59   ","count":192,"tested":2624},{"age_group":"60-69   ","count":177,"tested":2582},{"age_group":"70-79   ","count":83,"tested":2001},{"age_group":"80+","count":79,"tested":2417},{"age_group":"Unknown","count":0,"tested":0}],"race":[{"description":"AI/AN**","count":0,"tested":0,"color":"rgb(31,119,180)"},{"description":"Asian","count":0,"tested":27,"color":"rgb(140,86,75)"},{"description":"Black","count":13,"tested":168,"color":"rgb(255,127,14)"},{"description":"Hispanic","count":111,"tested":557,"color":"rgb(214,39,40)"},{"description":"Left Blank","count":202,"tested":4355,"color":"rgb(44,160,44)"},{"description":"NH/PI*","count":0,"tested":0,"color":"rgb(127,127,127)"},{"description":"Other","count":30,"tested":385,"color":"rgb(148,103,189)"},{"description":"White","count":900,"tested":12996,"color":"rgb(31,119,180)"}],"gender":[{"description":"Female","count":670,"tested":11601,"color":"rgb(255,127,14)"},{"description":"Male","count":513,"tested":6617,"color":"rgb(31,119,180)"},{"description":"Unknown/Left Blank","count":77,"tested":279,"color":"rgb(44,160,44)"}]}}]}
