{"lastUpdatedDate":{"year":2020,"month":11,"day":17},"county_demographics":[{"County":"Ogle","confirmed_cases":2326,"total_tested":26062,"demographics":{"age":[{"age_group":"<20","count":294,"tested":3912},{"age_group":"20-29   ","count":415,"tested":3890},{"age_group":"30-39   ","count":360,"tested":3758},{"age_group":"40-49   ","count":357,"tested":3319},{"age_group":"50-59   ","count":379,"tested":3849},{"age_group":"60-69   ","count":238,"tested":3071},{"age_group":"70-79   ","count":146,"tested":2000},{"age_group":"80+","count":116,"tested":2246},{"age_group":"Unknown","count":12,"tested":17}],"race":[{"description":"AI/AN**","count":0,"tested":24,"color":"rgb(31,119,180)"},{"description":"Asian","count":0,"tested":33,"color":"rgb(140,86,75)"},{"description":"Black","count":13,"tested":187,"color":"rgb(255,127,14)"},{"description":"Hispanic","count":255,"tested":803,"color":"rgb(214,39,40)"},{"description":"Left Blank","count":978,"tested":13517,"color":"rgb(44,160,44)"},{"description":"NH/PI*","count":0,"tested":0,"color":"rgb(127,127,127)"},{"description":"Other","count":39,"tested":333,"color":"rgb(148,103,189)"},{"description":"White","count":1035,"tested":11163,"color":"rgb(31,119,180)"}],"gender":[{"description":"Female","count":1216,"tested":14720,"color":"rgb(255,127,14)"},{"description":"Male","count":1052,"tested":8980,"color":"rgb(31,119,180)"},{"description":"Unknown/Left Blank","count":55,"tested":2362,"color":"rgb(44,160,44)"}]}}]}
