{"lastUpdatedDate":{"year":2020,"month":11,"day":17},"county_demographics":[{"County":"Johnson","confirmed_cases":587,"total_tested":5471,"demographics":{"age":[{"age_group":"<20","count":62,"tested":639},{"age_group":"20-29   ","count":85,"tested":742},{"age_group":"30-39   ","count":98,"tested":778},{"age_group":"40-49   ","count":96,"tested":774},{"age_group":"50-59   ","count":91,"tested":816},{"age_group":"60-69   ","count":64,"tested":718},{"age_group":"70-79   ","count":47,"tested":507},{"age_group":"80+","count":31,"tested":497}],"race":[{"description":"Asian","count":0,"tested":38,"color":"rgb(140,86,75)"},{"description":"Black","count":48,"tested":151,"color":"rgb(255,127,14)"},{"description":"Hispanic","count":34,"tested":112,"color":"rgb(214,39,40)"},{"description":"Left Blank","count":109,"tested":1882,"color":"rgb(44,160,44)"},{"description":"NH/PI*","count":0,"tested":0,"color":"rgb(127,127,127)"},{"description":"Other","count":0,"tested":58,"color":"rgb(148,103,189)"},{"description":"White","count":389,"tested":3228,"color":"rgb(31,119,180)"}],"gender":[{"description":"Female","count":249,"tested":2837,"color":"rgb(255,127,14)"},{"description":"Male","count":311,"tested":2193,"color":"rgb(31,119,180)"},{"description":"Unknown/Left Blank","count":23,"tested":441,"color":"rgb(44,160,44)"}]}}]}
