{"lastUpdatedDate":{"year":2020,"month":11,"day":11},"county_demographics":[{"County":"De Witt","confirmed_cases":468,"total_tested":7148,"demographics":{"age":[{"age_group":"<20","count":72,"tested":1214},{"age_group":"Unknown","count":0,"tested":0},{"age_group":"80+","count":61,"tested":474},{"age_group":"30-39   ","count":56,"tested":958},{"age_group":"70-79   ","count":54,"tested":658},{"age_group":"40-49   ","count":44,"tested":858},{"age_group":"50-59   ","count":69,"tested":1011},{"age_group":"60-69   ","count":48,"tested":912},{"age_group":"20-29   ","count":57,"tested":1062}],"race":[{"description":"AI/AN**","count":0,"tested":0,"color":"rgb(31,119,180)"},{"description":"Black","count":0,"tested":44,"color":"rgb(255,127,14)"},{"description":"NH/PI*","count":0,"tested":0,"color":"rgb(127,127,127)"},{"description":"Other","count":0,"tested":117,"color":"rgb(148,103,189)"},{"description":"Asian","count":0,"tested":12,"color":"rgb(140,86,75)"},{"description":"Hispanic","count":6,"tested":41,"color":"rgb(214,39,40)"},{"description":"White","count":343,"tested":3514,"color":"rgb(31,119,180)"},{"description":"Left Blank","count":106,"tested":3412,"color":"rgb(44,160,44)"}],"gender":[{"description":"Female","count":259,"tested":4188,"color":"rgb(255,127,14)"},{"description":"Male","count":199,"tested":2762,"color":"rgb(31,119,180)"},{"description":"Unknown/Left Blank","count":7,"tested":198,"color":"rgb(44,160,44)"}]}}]}
