{"lastUpdatedDate":{"year":2020,"month":11,"day":11},"county_demographics":[{"County":"Clay","confirmed_cases":479,"total_tested":5251,"demographics":{"age":[{"age_group":"40-49   ","count":63,"tested":605},{"age_group":"20-29   ","count":59,"tested":733},{"age_group":"70-79   ","count":57,"tested":533},{"age_group":"<20","count":51,"tested":818},{"age_group":"Unknown","count":0,"tested":0},{"age_group":"50-59   ","count":71,"tested":751},{"age_group":"60-69   ","count":75,"tested":790},{"age_group":"80+","count":38,"tested":376},{"age_group":"30-39   ","count":51,"tested":643}],"race":[{"description":"Hispanic","count":0,"tested":19,"color":"rgb(214,39,40)"},{"description":"Left Blank","count":62,"tested":1512,"color":"rgb(44,160,44)"},{"description":"White","count":406,"tested":3520,"color":"rgb(31,119,180)"},{"description":"Black","count":0,"tested":13,"color":"rgb(255,127,14)"},{"description":"AI/AN**","count":0,"tested":0,"color":"rgb(31,119,180)"},{"description":"NH/PI*","count":0,"tested":0,"color":"rgb(127,127,127)"},{"description":"Other","count":6,"tested":166,"color":"rgb(148,103,189)"},{"description":"Asian","count":0,"tested":15,"color":"rgb(140,86,75)"}],"gender":[{"description":"Female","count":254,"tested":3121,"color":"rgb(255,127,14)"},{"description":"Male","count":217,"tested":2053,"color":"rgb(31,119,180)"},{"description":"Unknown/Left Blank","count":0,"tested":77,"color":"rgb(44,160,44)"}]}}]}
