{"lastUpdatedDate":{"year":2020,"month":11,"day":11},"county_demographics":[{"County":"Ford","confirmed_cases":445,"total_tested":9436,"demographics":{"age":[{"age_group":"30-39   ","count":55,"tested":1293},{"age_group":"50-59   ","count":56,"tested":1239},{"age_group":"60-69   ","count":55,"tested":1191},{"age_group":"80+","count":65,"tested":1001},{"age_group":"<20","count":63,"tested":1324},{"age_group":"20-29   ","count":71,"tested":1481},{"age_group":"70-79   ","count":34,"tested":744},{"age_group":"Unknown","count":0,"tested":6},{"age_group":"40-49   ","count":44,"tested":1157}],"race":[{"description":"Asian","count":0,"tested":23,"color":"rgb(140,86,75)"},{"description":"White","count":337,"tested":5588,"color":"rgb(31,119,180)"},{"description":"Left Blank","count":79,"tested":3450,"color":"rgb(44,160,44)"},{"description":"NH/PI*","count":0,"tested":9,"color":"rgb(127,127,127)"},{"description":"Other","count":9,"tested":163,"color":"rgb(148,103,189)"},{"description":"AI/AN**","count":0,"tested":0,"color":"rgb(31,119,180)"},{"description":"Hispanic","count":9,"tested":137,"color":"rgb(214,39,40)"},{"description":"Black","count":0,"tested":63,"color":"rgb(255,127,14)"}],"gender":[{"description":"Female","count":256,"tested":5896,"color":"rgb(255,127,14)"},{"description":"Male","count":170,"tested":3278,"color":"rgb(31,119,180)"},{"description":"Unknown/Left Blank","count":14,"tested":262,"color":"rgb(44,160,44)"}]}}]}
