{"lastUpdatedDate":{"year":2020,"month":11,"day":11},"county_demographics":[{"County":"Stark","confirmed_cases":145,"total_tested":3431,"demographics":{"age":[{"age_group":"70-79   ","count":9,"tested":390},{"age_group":"80+","count":8,"tested":357},{"age_group":"<20","count":25,"tested":559},{"age_group":"60-69   ","count":17,"tested":503},{"age_group":"Unknown","count":0,"tested":6},{"age_group":"40-49   ","count":16,"tested":292},{"age_group":"50-59   ","count":26,"tested":457},{"age_group":"20-29   ","count":16,"tested":494},{"age_group":"30-39   ","count":10,"tested":373}],"race":[{"description":"Hispanic","count":0,"tested":17,"color":"rgb(214,39,40)"},{"description":"Black","count":0,"tested":17,"color":"rgb(255,127,14)"},{"description":"Left Blank","count":93,"tested":2291,"color":"rgb(44,160,44)"},{"description":"Other","count":0,"tested":31,"color":"rgb(148,103,189)"},{"description":"White","count":46,"tested":1073,"color":"rgb(31,119,180)"},{"description":"Asian","count":0,"tested":0,"color":"rgb(140,86,75)"}],"gender":[{"description":"Female","count":76,"tested":2125,"color":"rgb(255,127,14)"},{"description":"Male","count":65,"tested":1206,"color":"rgb(31,119,180)"},{"description":"Unknown/Left Blank","count":0,"tested":100,"color":"rgb(44,160,44)"}]}}]}
