{"lastUpdatedDate":{"year":2020,"month":11,"day":11},"county_demographics":[{"County":"Grundy","confirmed_cases":1703,"total_tested":18160,"demographics":{"age":[{"age_group":"40-49   ","count":295,"tested":2631},{"age_group":"50-59   ","count":254,"tested":2693},{"age_group":"70-79   ","count":88,"tested":1211},{"age_group":"<20","count":286,"tested":3046},{"age_group":"Unknown","count":0,"tested":0},{"age_group":"20-29   ","count":307,"tested":2927},{"age_group":"60-69   ","count":148,"tested":1919},{"age_group":"80+","count":46,"tested":1141},{"age_group":"30-39   ","count":267,"tested":2592}],"race":[{"description":"NH/PI*","count":0,"tested":0,"color":"rgb(127,127,127)"},{"description":"Other","count":66,"tested":691,"color":"rgb(148,103,189)"},{"description":"Left Blank","count":482,"tested":6829,"color":"rgb(44,160,44)"},{"description":"AI/AN**","count":0,"tested":9,"color":"rgb(31,119,180)"},{"description":"Black","count":15,"tested":195,"color":"rgb(255,127,14)"},{"description":"Hispanic","count":110,"tested":580,"color":"rgb(214,39,40)"},{"description":"Asian","count":0,"tested":34,"color":"rgb(140,86,75)"},{"description":"White","count":1025,"tested":9817,"color":"rgb(31,119,180)"}],"gender":[{"description":"Female","count":844,"tested":10332,"color":"rgb(255,127,14)"},{"description":"Male","count":827,"tested":7627,"color":"rgb(31,119,180)"},{"description":"Unknown/Left Blank","count":30,"tested":201,"color":"rgb(44,160,44)"}]}}]}
