{"lastUpdatedDate":{"year":2021,"month":7,"day":12},"county_demographics":[{"County":"Putnam","confirmed_cases":491,"total_tested":7571,"demographics":{"age":[{"race":[],"age_group":"<20","count":71,"tested":879,"deaths":0},{"race":[],"age_group":"20-29   ","count":75,"tested":840,"deaths":0},{"race":[],"age_group":"30-39   ","count":68,"tested":1252,"deaths":0},{"race":[],"age_group":"40-49   ","count":66,"tested":1212,"deaths":0},{"race":[],"age_group":"50-59   ","count":93,"tested":1617,"deaths":0},{"race":[],"age_group":"60-69   ","count":70,"tested":1102,"deaths":0},{"race":[],"age_group":"70-79   ","count":30,"tested":447,"deaths":0},{"race":[],"age_group":"80+","count":11,"tested":221,"deaths":0},{"race":[],"age_group":"Unknown","count":0,"tested":0,"deaths":0}],"race":[{"description":"Asian","count":0,"tested":6,"deaths":0,"color":"rgb(140,86,75)"},{"description":"Black","count":0,"tested":23,"deaths":0,"color":"rgb(255,127,14)"},{"description":"Hispanic","count":14,"tested":172,"deaths":0,"color":"rgb(214,39,40)"},{"description":"Left Blank","count":194,"tested":3568,"deaths":0,"color":"rgb(44,160,44)"},{"description":"NH/PI*","count":0,"tested":71,"deaths":0,"color":"rgb(127,127,127)"},{"description":"Other","count":0,"tested":59,"deaths":0,"color":"rgb(148,103,189)"},{"description":"White","count":271,"tested":3672,"deaths":0,"color":"rgb(31,119,180)"}],"gender":[{"description":"Female","count":270,"tested":4338,"deaths":0,"color":"rgb(255,127,14)"},{"description":"Male","count":209,"tested":1973,"deaths":0,"color":"rgb(31,119,180)"},{"description":"Unknown/Left Blank","count":8,"tested":1260,"deaths":0,"color":"rgb(44,160,44)"}]}}]}
