{"lastUpdatedDate":{"year":2021,"month":7,"day":12},"county_demographics":[{"County":"Livingston","confirmed_cases":4917,"total_tested":122443,"demographics":{"age":[{"race":[],"age_group":"<20","count":741,"tested":10551,"deaths":0},{"race":[],"age_group":"20-29   ","count":741,"tested":17374,"deaths":0},{"race":[],"age_group":"30-39   ","count":810,"tested":22446,"deaths":0},{"race":[],"age_group":"40-49   ","count":719,"tested":19700,"deaths":0},{"race":[],"age_group":"50-59   ","count":717,"tested":19507,"deaths":0},{"race":[],"age_group":"60-69   ","count":556,"tested":12455,"deaths":0},{"race":[],"age_group":"70-79   ","count":305,"tested":6393,"deaths":0},{"race":[],"age_group":"80+","count":323,"tested":10968,"deaths":0},{"race":[],"age_group":"Unknown","count":0,"tested":3049,"deaths":0}],"race":[{"description":"AI/AN**","count":0,"tested":42,"deaths":0,"color":"rgb(31,119,180)"},{"description":"Asian","count":6,"tested":163,"deaths":0,"color":"rgb(140,86,75)"},{"description":"Black","count":129,"tested":1477,"deaths":0,"color":"rgb(255,127,14)"},{"description":"Hispanic","count":143,"tested":1661,"deaths":0,"color":"rgb(214,39,40)"},{"description":"Left Blank","count":1083,"tested":72596,"deaths":0,"color":"rgb(44,160,44)"},{"description":"NH/PI*","count":0,"tested":30,"deaths":0,"color":"rgb(127,127,127)"},{"description":"Other","count":113,"tested":1549,"deaths":0,"color":"rgb(148,103,189)"},{"description":"White","count":3435,"tested":44925,"deaths":0,"color":"rgb(31,119,180)"}],"gender":[{"description":"Female","count":2469,"tested":53753,"deaths":0,"color":"rgb(255,127,14)"},{"description":"Male","count":2374,"tested":49919,"deaths":0,"color":"rgb(31,119,180)"},{"description":"Unknown/Left Blank","count":74,"tested":18771,"deaths":0,"color":"rgb(44,160,44)"}]}}]}
