{"lastUpdatedDate":{"year":2021,"month":7,"day":12},"county_demographics":[{"County":"Richland","confirmed_cases":1774,"total_tested":29197,"demographics":{"age":[{"race":[],"age_group":"<20","count":257,"tested":3965,"deaths":0},{"race":[],"age_group":"20-29   ","count":237,"tested":4287,"deaths":0},{"race":[],"age_group":"30-39   ","count":239,"tested":4550,"deaths":0},{"race":[],"age_group":"40-49   ","count":239,"tested":4151,"deaths":0},{"race":[],"age_group":"50-59   ","count":260,"tested":4113,"deaths":0},{"race":[],"age_group":"60-69   ","count":224,"tested":3319,"deaths":0},{"race":[],"age_group":"70-79   ","count":157,"tested":2174,"deaths":0},{"race":[],"age_group":"80+","count":161,"tested":2631,"deaths":0},{"race":[],"age_group":"Unknown","count":0,"tested":7,"deaths":0}],"race":[{"description":"AI/AN**","count":0,"tested":0,"deaths":0,"color":"rgb(31,119,180)"},{"description":"Asian","count":6,"tested":78,"deaths":0,"color":"rgb(140,86,75)"},{"description":"Black","count":14,"tested":172,"deaths":0,"color":"rgb(255,127,14)"},{"description":"Hispanic","count":10,"tested":157,"deaths":0,"color":"rgb(214,39,40)"},{"description":"Left Blank","count":172,"tested":9235,"deaths":0,"color":"rgb(44,160,44)"},{"description":"NH/PI*","count":0,"tested":32,"deaths":0,"color":"rgb(127,127,127)"},{"description":"Other","count":7,"tested":186,"deaths":0,"color":"rgb(148,103,189)"},{"description":"White","count":1562,"tested":19332,"deaths":0,"color":"rgb(31,119,180)"}],"gender":[{"description":"Female","count":995,"tested":16614,"deaths":0,"color":"rgb(255,127,14)"},{"description":"Male","count":767,"tested":10116,"deaths":0,"color":"rgb(31,119,180)"},{"description":"Unknown/Left Blank","count":9,"tested":2467,"deaths":0,"color":"rgb(44,160,44)"}]}}]}
