{"lastUpdatedDate":{"year":2021,"month":7,"day":12},"county_demographics":[{"County":"Whiteside","confirmed_cases":7217,"total_tested":83796,"demographics":{"age":[{"race":[],"age_group":"<20","count":1102,"tested":13012,"deaths":0},{"race":[],"age_group":"20-29   ","count":1093,"tested":12885,"deaths":0},{"race":[],"age_group":"30-39   ","count":1057,"tested":13154,"deaths":0},{"race":[],"age_group":"40-49   ","count":1013,"tested":11584,"deaths":0},{"race":[],"age_group":"50-59   ","count":1145,"tested":12501,"deaths":0},{"race":[],"age_group":"60-69   ","count":895,"tested":9820,"deaths":0},{"race":[],"age_group":"70-79   ","count":480,"tested":5137,"deaths":0},{"race":[],"age_group":"80+","count":430,"tested":5535,"deaths":0},{"race":[],"age_group":"Unknown","count":0,"tested":168,"deaths":0}],"race":[{"description":"AI/AN**","count":0,"tested":45,"deaths":0,"color":"rgb(31,119,180)"},{"description":"Asian","count":14,"tested":267,"deaths":0,"color":"rgb(140,86,75)"},{"description":"Black","count":161,"tested":1928,"deaths":0,"color":"rgb(255,127,14)"},{"description":"Hispanic","count":444,"tested":3195,"deaths":0,"color":"rgb(214,39,40)"},{"description":"Left Blank","count":1819,"tested":39262,"deaths":0,"color":"rgb(44,160,44)"},{"description":"NH/PI*","count":0,"tested":14,"deaths":0,"color":"rgb(127,127,127)"},{"description":"Other","count":348,"tested":2109,"deaths":0,"color":"rgb(148,103,189)"},{"description":"White","count":4417,"tested":36976,"deaths":0,"color":"rgb(31,119,180)"}],"gender":[{"description":"Female","count":3820,"tested":49718,"deaths":0,"color":"rgb(255,127,14)"},{"description":"Male","count":3226,"tested":29400,"deaths":0,"color":"rgb(31,119,180)"},{"description":"Unknown/Left Blank","count":170,"tested":4678,"deaths":0,"color":"rgb(44,160,44)"}]}}]}
