{"lastUpdatedDate":{"year":2021,"month":7,"day":12},"county_demographics":[{"County":"Marion","confirmed_cases":4600,"total_tested":103018,"demographics":{"age":[{"race":[],"age_group":"<20","count":590,"tested":7296,"deaths":0},{"race":[],"age_group":"20-29   ","count":642,"tested":17994,"deaths":0},{"race":[],"age_group":"30-39   ","count":657,"tested":21267,"deaths":0},{"race":[],"age_group":"40-49   ","count":667,"tested":18387,"deaths":0},{"race":[],"age_group":"50-59   ","count":690,"tested":14491,"deaths":0},{"race":[],"age_group":"60-69   ","count":622,"tested":10204,"deaths":0},{"race":[],"age_group":"70-79   ","count":389,"tested":5591,"deaths":0},{"race":[],"age_group":"80+","count":343,"tested":6865,"deaths":0},{"race":[],"age_group":"Unknown","count":0,"tested":923,"deaths":0}],"race":[{"description":"AI/AN**","count":8,"tested":56,"deaths":0,"color":"rgb(31,119,180)"},{"description":"Asian","count":0,"tested":139,"deaths":0,"color":"rgb(140,86,75)"},{"description":"Black","count":151,"tested":2693,"deaths":0,"color":"rgb(255,127,14)"},{"description":"Hispanic","count":42,"tested":330,"deaths":0,"color":"rgb(214,39,40)"},{"description":"Left Blank","count":898,"tested":62490,"deaths":0,"color":"rgb(44,160,44)"},{"description":"NH/PI*","count":0,"tested":17,"deaths":0,"color":"rgb(127,127,127)"},{"description":"Other","count":50,"tested":1005,"deaths":0,"color":"rgb(148,103,189)"},{"description":"White","count":3442,"tested":36288,"deaths":0,"color":"rgb(31,119,180)"}],"gender":[{"description":"Female","count":2584,"tested":43271,"deaths":0,"color":"rgb(255,127,14)"},{"description":"Male","count":1974,"tested":40134,"deaths":0,"color":"rgb(31,119,180)"},{"description":"Unknown/Left Blank","count":38,"tested":19613,"deaths":0,"color":"rgb(44,160,44)"}]}}]}
