{"lastUpdatedDate":{"year":2021,"month":7,"day":12},"county_demographics":[{"County":"Chicago","confirmed_cases":286632,"total_tested":4961325,"demographics":{"age":[{"race":[],"age_group":"<20","count":39418,"tested":542537,"deaths":0},{"race":[],"age_group":"20-29   ","count":62707,"tested":1136285,"deaths":0},{"race":[],"age_group":"30-39   ","count":56423,"tested":986993,"deaths":0},{"race":[],"age_group":"40-49   ","count":45039,"tested":678639,"deaths":0},{"race":[],"age_group":"50-59   ","count":37877,"tested":643535,"deaths":0},{"race":[],"age_group":"60-69   ","count":25097,"tested":522663,"deaths":0},{"race":[],"age_group":"70-79   ","count":12318,"tested":269631,"deaths":0},{"race":[],"age_group":"80+","count":7748,"tested":178077,"deaths":0},{"race":[],"age_group":"Unknown","count":0,"tested":2965,"deaths":0}],"race":[{"description":"AI/AN**","count":382,"tested":6004,"deaths":0,"color":"rgb(31,119,180)"},{"description":"Asian","count":7549,"tested":186144,"deaths":0,"color":"rgb(140,86,75)"},{"description":"Black","count":53307,"tested":766454,"deaths":0,"color":"rgb(255,127,14)"},{"description":"Hispanic","count":93432,"tested":629641,"deaths":0,"color":"rgb(214,39,40)"},{"description":"Left Blank","count":66365,"tested":2127350,"deaths":0,"color":"rgb(44,160,44)"},{"description":"NH/PI*","count":266,"tested":5050,"deaths":0,"color":"rgb(127,127,127)"},{"description":"Other","count":12602,"tested":187971,"deaths":0,"color":"rgb(148,103,189)"},{"description":"White","count":52729,"tested":1052711,"deaths":0,"color":"rgb(31,119,180)"}],"gender":[{"description":"Female","count":146200,"tested":2617987,"deaths":0,"color":"rgb(255,127,14)"},{"description":"Male","count":136661,"tested":2211851,"deaths":0,"color":"rgb(31,119,180)"},{"description":"Unknown/Left Blank","count":3771,"tested":131487,"deaths":0,"color":"rgb(44,160,44)"}]}}]}
