{"lastUpdatedDate":{"year":2021,"month":7,"day":12},"county_demographics":[{"County":"Out Of State","confirmed_cases":2,"total_tested":171764,"demographics":{"age":[{"race":[],"age_group":"<20","count":0,"tested":36791,"deaths":0},{"race":[],"age_group":"20-29   ","count":0,"tested":40969,"deaths":0},{"race":[],"age_group":"30-39   ","count":0,"tested":24223,"deaths":0},{"race":[],"age_group":"40-49   ","count":0,"tested":19351,"deaths":0},{"race":[],"age_group":"50-59   ","count":0,"tested":21288,"deaths":0},{"race":[],"age_group":"60-69   ","count":0,"tested":15627,"deaths":0},{"race":[],"age_group":"70-79   ","count":0,"tested":8771,"deaths":0},{"race":[],"age_group":"80+","count":0,"tested":4699,"deaths":0},{"race":[],"age_group":"Unknown","count":0,"tested":45,"deaths":0}],"race":[{"description":"AI/AN**","count":0,"tested":269,"deaths":0,"color":"rgb(31,119,180)"},{"description":"Asian","count":0,"tested":4105,"deaths":0,"color":"rgb(140,86,75)"},{"description":"Black","count":0,"tested":13289,"deaths":0,"color":"rgb(255,127,14)"},{"description":"Hispanic","count":0,"tested":7793,"deaths":0,"color":"rgb(214,39,40)"},{"description":"Left Blank","count":0,"tested":62318,"deaths":0,"color":"rgb(44,160,44)"},{"description":"NH/PI*","count":0,"tested":326,"deaths":0,"color":"rgb(127,127,127)"},{"description":"Other","count":0,"tested":7079,"deaths":0,"color":"rgb(148,103,189)"},{"description":"White","count":0,"tested":76585,"deaths":0,"color":"rgb(31,119,180)"}],"gender":[{"description":"Female","count":0,"tested":88553,"deaths":0,"color":"rgb(255,127,14)"},{"description":"Male","count":0,"tested":77331,"deaths":0,"color":"rgb(31,119,180)"},{"description":"Unknown/Left Blank","count":0,"tested":5880,"deaths":0,"color":"rgb(44,160,44)"}]}}]}
