{"lastUpdatedDate":{"year":2020,"month":11,"day":12},"county_demographics":[{"County":"Piatt","confirmed_cases":539,"total_tested":13162,"demographics":{"age":[{"age_group":"<20","count":81,"tested":2735},{"age_group":"20-29   ","count":76,"tested":1704},{"age_group":"30-39   ","count":77,"tested":1805},{"age_group":"40-49   ","count":100,"tested":1680},{"age_group":"50-59   ","count":85,"tested":1584},{"age_group":"60-69   ","count":60,"tested":1536},{"age_group":"70-79   ","count":30,"tested":999},{"age_group":"80+","count":13,"tested":1118},{"age_group":"Unknown","count":0,"tested":0}],"race":[{"description":"AI/AN**","count":0,"tested":28,"color":"rgb(31,119,180)"},{"description":"Asian","count":0,"tested":59,"color":"rgb(140,86,75)"},{"description":"Black","count":6,"tested":93,"color":"rgb(255,127,14)"},{"description":"Hispanic","count":0,"tested":108,"color":"rgb(214,39,40)"},{"description":"Left Blank","count":99,"tested":3284,"color":"rgb(44,160,44)"},{"description":"NH/PI*","count":0,"tested":0,"color":"rgb(127,127,127)"},{"description":"Other","count":10,"tested":385,"color":"rgb(148,103,189)"},{"description":"White","count":419,"tested":9200,"color":"rgb(31,119,180)"}],"gender":[{"description":"Female","count":290,"tested":7669,"color":"rgb(255,127,14)"},{"description":"Male","count":248,"tested":5414,"color":"rgb(31,119,180)"},{"description":"Unknown/Left Blank","count":0,"tested":79,"color":"rgb(44,160,44)"}]}}]}
