{"lastUpdatedDate":{"year":2020,"month":11,"day":12},"county_demographics":[{"County":"Fayette","confirmed_cases":1094,"total_tested":9264,"demographics":{"age":[{"age_group":"<20","count":152,"tested":1095},{"age_group":"20-29   ","count":128,"tested":1267},{"age_group":"30-39   ","count":132,"tested":1099},{"age_group":"40-49   ","count":158,"tested":1247},{"age_group":"50-59   ","count":179,"tested":1330},{"age_group":"60-69   ","count":170,"tested":1434},{"age_group":"70-79   ","count":103,"tested":911},{"age_group":"80+","count":71,"tested":877},{"age_group":"Unknown","count":0,"tested":0}],"race":[{"description":"AI/AN**","count":0,"tested":0,"color":"rgb(31,119,180)"},{"description":"Asian","count":0,"tested":0,"color":"rgb(140,86,75)"},{"description":"Black","count":0,"tested":162,"color":"rgb(255,127,14)"},{"description":"Hispanic","count":0,"tested":29,"color":"rgb(214,39,40)"},{"description":"Left Blank","count":394,"tested":4491,"color":"rgb(44,160,44)"},{"description":"NH/PI*","count":0,"tested":0,"color":"rgb(127,127,127)"},{"description":"Other","count":40,"tested":1201,"color":"rgb(148,103,189)"},{"description":"White","count":654,"tested":3373,"color":"rgb(31,119,180)"}],"gender":[{"description":"Female","count":605,"tested":5897,"color":"rgb(255,127,14)"},{"description":"Male","count":478,"tested":3254,"color":"rgb(31,119,180)"},{"description":"Unknown/Left Blank","count":9,"tested":113,"color":"rgb(44,160,44)"}]}}]}
