{"lastUpdatedDate":{"year":2020,"month":11,"day":12},"county_demographics":[{"County":"Stephenson","confirmed_cases":1868,"total_tested":21051,"demographics":{"age":[{"age_group":"<20","count":257,"tested":2968},{"age_group":"20-29   ","count":261,"tested":2991},{"age_group":"30-39   ","count":264,"tested":2794},{"age_group":"40-49   ","count":240,"tested":2249},{"age_group":"50-59   ","count":321,"tested":3158},{"age_group":"60-69   ","count":271,"tested":2784},{"age_group":"70-79   ","count":138,"tested":1828},{"age_group":"80+","count":98,"tested":2263},{"age_group":"Unknown","count":0,"tested":16}],"race":[{"description":"AI/AN**","count":0,"tested":9,"color":"rgb(31,119,180)"},{"description":"Asian","count":6,"tested":64,"color":"rgb(140,86,75)"},{"description":"Black","count":93,"tested":743,"color":"rgb(255,127,14)"},{"description":"Hispanic","count":97,"tested":370,"color":"rgb(214,39,40)"},{"description":"Left Blank","count":399,"tested":9427,"color":"rgb(44,160,44)"},{"description":"NH/PI*","count":0,"tested":6,"color":"rgb(127,127,127)"},{"description":"Other","count":20,"tested":234,"color":"rgb(148,103,189)"},{"description":"White","count":1246,"tested":10198,"color":"rgb(31,119,180)"}],"gender":[{"description":"Female","count":986,"tested":12537,"color":"rgb(255,127,14)"},{"description":"Male","count":845,"tested":7785,"color":"rgb(31,119,180)"},{"description":"Unknown/Left Blank","count":34,"tested":729,"color":"rgb(44,160,44)"}]}}]}
