{"lastUpdatedDate":{"year":2020,"month":11,"day":12},"county_demographics":[{"County":"Logan","confirmed_cases":1028,"total_tested":22056,"demographics":{"age":[{"age_group":"<20","count":104,"tested":2908},{"age_group":"20-29   ","count":182,"tested":3435},{"age_group":"30-39   ","count":180,"tested":3182},{"age_group":"40-49   ","count":162,"tested":2799},{"age_group":"50-59   ","count":161,"tested":3170},{"age_group":"60-69   ","count":145,"tested":2871},{"age_group":"70-79   ","count":54,"tested":1861},{"age_group":"80+","count":30,"tested":1816},{"age_group":"Unknown","count":0,"tested":14}],"race":[{"description":"AI/AN**","count":0,"tested":0,"color":"rgb(31,119,180)"},{"description":"Asian","count":0,"tested":14,"color":"rgb(140,86,75)"},{"description":"Black","count":97,"tested":480,"color":"rgb(255,127,14)"},{"description":"Hispanic","count":20,"tested":152,"color":"rgb(214,39,40)"},{"description":"Left Blank","count":136,"tested":12036,"color":"rgb(44,160,44)"},{"description":"NH/PI*","count":0,"tested":0,"color":"rgb(127,127,127)"},{"description":"Other","count":10,"tested":312,"color":"rgb(148,103,189)"},{"description":"White","count":757,"tested":9057,"color":"rgb(31,119,180)"}],"gender":[{"description":"Female","count":534,"tested":13682,"color":"rgb(255,127,14)"},{"description":"Male","count":474,"tested":7455,"color":"rgb(31,119,180)"},{"description":"Unknown/Left Blank","count":20,"tested":919,"color":"rgb(44,160,44)"}]}}]}
