{"lastUpdatedDate":{"year":2021,"month":2,"day":28},"county_demographics":[{"County":"Franklin","confirmed_cases":4145,"total_tested":42853,"demographics":{"age":[{"race":[],"age_group":"40-49   ","count":591,"tested":5812,"deaths":0},{"race":[],"age_group":"70-79   ","count":401,"tested":4200,"deaths":0},{"race":[],"age_group":"80+","count":237,"tested":4520,"deaths":0},{"race":[],"age_group":"<20","count":577,"tested":4743,"deaths":0},{"race":[],"age_group":"Unknown","count":0,"tested":18,"deaths":0},{"race":[],"age_group":"30-39   ","count":518,"tested":5782,"deaths":0},{"race":[],"age_group":"50-59   ","count":667,"tested":6498,"deaths":0},{"race":[],"age_group":"20-29   ","count":607,"tested":5974,"deaths":0},{"race":[],"age_group":"60-69   ","count":546,"tested":5306,"deaths":0}],"race":[{"description":"Hispanic","count":32,"tested":270,"deaths":0,"color":"rgb(214,39,40)"},{"description":"AI/AN**","count":0,"tested":6,"deaths":0,"color":"rgb(31,119,180)"},{"description":"Black","count":15,"tested":158,"deaths":0,"color":"rgb(255,127,14)"},{"description":"Left Blank","count":1145,"tested":15360,"deaths":0,"color":"rgb(44,160,44)"},{"description":"Other","count":24,"tested":355,"deaths":0,"color":"rgb(148,103,189)"},{"description":"White","count":2921,"tested":26671,"deaths":0,"color":"rgb(31,119,180)"},{"description":"Asian","count":0,"tested":33,"deaths":0,"color":"rgb(140,86,75)"}],"gender":[{"description":"Female","count":2223,"tested":24935,"deaths":0,"color":"rgb(255,127,14)"},{"description":"Male","count":1802,"tested":14279,"deaths":0,"color":"rgb(31,119,180)"},{"description":"Unknown/Left Blank","count":119,"tested":3639,"deaths":0,"color":"rgb(44,160,44)"}]}}]}
