{"lastUpdatedDate":{"year":2021,"month":2,"day":28},"county_demographics":[{"County":"Clinton","confirmed_cases":5571,"total_tested":54436,"demographics":{"age":[{"race":[],"age_group":"70-79   ","count":341,"tested":3424,"deaths":0},{"race":[],"age_group":"20-29   ","count":855,"tested":8681,"deaths":0},{"race":[],"age_group":"60-69   ","count":702,"tested":6691,"deaths":0},{"race":[],"age_group":"80+","count":349,"tested":4463,"deaths":0},{"race":[],"age_group":"30-39   ","count":874,"tested":8257,"deaths":0},{"race":[],"age_group":"40-49   ","count":736,"tested":7398,"deaths":0},{"race":[],"age_group":"50-59   ","count":863,"tested":8402,"deaths":0},{"race":[],"age_group":"<20","count":838,"tested":6965,"deaths":0},{"race":[],"age_group":"Unknown","count":13,"tested":155,"deaths":0}],"race":[{"description":"Asian","count":0,"tested":77,"deaths":0,"color":"rgb(140,86,75)"},{"description":"Hispanic","count":62,"tested":318,"deaths":0,"color":"rgb(214,39,40)"},{"description":"White","count":2834,"tested":24585,"deaths":0,"color":"rgb(31,119,180)"},{"description":"Left Blank","count":2451,"tested":27412,"deaths":0,"color":"rgb(44,160,44)"},{"description":"AI/AN**","count":6,"tested":14,"deaths":0,"color":"rgb(31,119,180)"},{"description":"Black","count":91,"tested":1298,"deaths":0,"color":"rgb(255,127,14)"},{"description":"NH/PI*","count":0,"tested":22,"deaths":0,"color":"rgb(127,127,127)"},{"description":"Other","count":114,"tested":710,"deaths":0,"color":"rgb(148,103,189)"}],"gender":[{"description":"Female","count":2897,"tested":30759,"deaths":0,"color":"rgb(255,127,14)"},{"description":"Male","count":2535,"tested":21030,"deaths":0,"color":"rgb(31,119,180)"},{"description":"Unknown/Left Blank","count":139,"tested":2647,"deaths":0,"color":"rgb(44,160,44)"}]}}]}
