{"lastUpdatedDate":{"year":2021,"month":2,"day":28},"county_demographics":[{"County":"Bond","confirmed_cases":1909,"total_tested":25444,"demographics":{"age":[{"race":[],"age_group":"30-39   ","count":290,"tested":3826,"deaths":0},{"race":[],"age_group":"40-49   ","count":282,"tested":3364,"deaths":0},{"race":[],"age_group":"80+","count":90,"tested":1787,"deaths":0},{"race":[],"age_group":"20-29   ","count":333,"tested":5444,"deaths":0},{"race":[],"age_group":"70-79   ","count":113,"tested":1766,"deaths":0},{"race":[],"age_group":"<20","count":288,"tested":3363,"deaths":0},{"race":[],"age_group":"50-59   ","count":292,"tested":3071,"deaths":0},{"race":[],"age_group":"60-69   ","count":221,"tested":2754,"deaths":0},{"race":[],"age_group":"Unknown","count":0,"tested":69,"deaths":0}],"race":[{"description":"Black","count":27,"tested":611,"deaths":0,"color":"rgb(255,127,14)"},{"description":"AI/AN**","count":0,"tested":11,"deaths":0,"color":"rgb(31,119,180)"},{"description":"Asian","count":0,"tested":189,"deaths":0,"color":"rgb(140,86,75)"},{"description":"Left Blank","count":1012,"tested":14419,"deaths":0,"color":"rgb(44,160,44)"},{"description":"NH/PI*","count":0,"tested":16,"deaths":0,"color":"rgb(127,127,127)"},{"description":"Other","count":22,"tested":231,"deaths":0,"color":"rgb(148,103,189)"},{"description":"White","count":816,"tested":9490,"deaths":0,"color":"rgb(31,119,180)"},{"description":"Hispanic","count":17,"tested":477,"deaths":0,"color":"rgb(214,39,40)"}],"gender":[{"description":"Female","count":895,"tested":12714,"deaths":0,"color":"rgb(255,127,14)"},{"description":"Male","count":978,"tested":11321,"deaths":0,"color":"rgb(31,119,180)"},{"description":"Unknown/Left Blank","count":36,"tested":1409,"deaths":0,"color":"rgb(44,160,44)"}]}}]}
