{"lastUpdatedDate":{"year":2021,"month":2,"day":28},"county_demographics":[{"County":"Stephenson","confirmed_cases":4096,"total_tested":47322,"demographics":{"age":[{"race":[],"age_group":"50-59   ","count":672,"tested":6876,"deaths":0},{"race":[],"age_group":"20-29   ","count":590,"tested":6584,"deaths":0},{"race":[],"age_group":"30-39   ","count":602,"tested":6158,"deaths":0},{"race":[],"age_group":"70-79   ","count":284,"tested":4092,"deaths":0},{"race":[],"age_group":"60-69   ","count":541,"tested":6088,"deaths":0},{"race":[],"age_group":"80+","count":274,"tested":6719,"deaths":0},{"race":[],"age_group":"<20","count":619,"tested":5853,"deaths":0},{"race":[],"age_group":"40-49   ","count":514,"tested":4935,"deaths":0},{"race":[],"age_group":"Unknown","count":0,"tested":17,"deaths":0}],"race":[{"description":"Black","count":239,"tested":2164,"deaths":0,"color":"rgb(255,127,14)"},{"description":"Other","count":45,"tested":674,"deaths":0,"color":"rgb(148,103,189)"},{"description":"White","count":2733,"tested":24194,"deaths":0,"color":"rgb(31,119,180)"},{"description":"Asian","count":19,"tested":140,"deaths":0,"color":"rgb(140,86,75)"},{"description":"NH/PI*","count":0,"tested":15,"deaths":0,"color":"rgb(127,127,127)"},{"description":"Left Blank","count":911,"tested":19475,"deaths":0,"color":"rgb(44,160,44)"},{"description":"Hispanic","count":136,"tested":641,"deaths":0,"color":"rgb(214,39,40)"},{"description":"AI/AN**","count":0,"tested":19,"deaths":0,"color":"rgb(31,119,180)"}],"gender":[{"description":"Female","count":2236,"tested":30758,"deaths":0,"color":"rgb(255,127,14)"},{"description":"Male","count":1817,"tested":15589,"deaths":0,"color":"rgb(31,119,180)"},{"description":"Unknown/Left Blank","count":39,"tested":975,"deaths":0,"color":"rgb(44,160,44)"}]}}]}
