{"lastUpdatedDate":{"year":2021,"month":2,"day":28},"county_demographics":[{"County":"Will","confirmed_cases":65037,"total_tested":723645,"demographics":{"age":[{"race":[],"age_group":"<20","count":10054,"tested":83480,"deaths":0},{"race":[],"age_group":"40-49   ","count":11173,"tested":112109,"deaths":0},{"race":[],"age_group":"Unknown","count":27,"tested":2305,"deaths":0},{"race":[],"age_group":"20-29   ","count":11610,"tested":119992,"deaths":0},{"race":[],"age_group":"30-39   ","count":9930,"tested":109344,"deaths":0},{"race":[],"age_group":"70-79   ","count":3087,"tested":49517,"deaths":0},{"race":[],"age_group":"60-69   ","count":6180,"tested":82490,"deaths":0},{"race":[],"age_group":"80+","count":2006,"tested":45558,"deaths":0},{"race":[],"age_group":"50-59   ","count":10969,"tested":118850,"deaths":0}],"race":[{"description":"NH/PI*","count":55,"tested":529,"deaths":0,"color":"rgb(127,127,127)"},{"description":"Other","count":2215,"tested":25450,"deaths":0,"color":"rgb(148,103,189)"},{"description":"AI/AN**","count":205,"tested":1096,"deaths":0,"color":"rgb(31,119,180)"},{"description":"Black","count":5188,"tested":54916,"deaths":0,"color":"rgb(255,127,14)"},{"description":"Left Blank","count":22099,"tested":351021,"deaths":0,"color":"rgb(44,160,44)"},{"description":"White","count":24054,"tested":227156,"deaths":0,"color":"rgb(31,119,180)"},{"description":"Asian","count":1284,"tested":16801,"deaths":0,"color":"rgb(140,86,75)"},{"description":"Hispanic","count":9937,"tested":46676,"deaths":0,"color":"rgb(214,39,40)"}],"gender":[{"description":"Female","count":33243,"tested":389928,"deaths":0,"color":"rgb(255,127,14)"},{"description":"Male","count":30930,"tested":292509,"deaths":0,"color":"rgb(31,119,180)"},{"description":"Unknown/Left Blank","count":864,"tested":41208,"deaths":0,"color":"rgb(44,160,44)"}]}}]}
