{"lastUpdatedDate":{"year":2021,"month":2,"day":28},"county_demographics":[{"County":"Cass","confirmed_cases":1888,"total_tested":17482,"demographics":{"age":[{"race":[],"age_group":"30-39   ","count":301,"tested":2591,"deaths":0},{"race":[],"age_group":"20-29   ","count":320,"tested":2769,"deaths":0},{"race":[],"age_group":"60-69   ","count":196,"tested":1752,"deaths":0},{"race":[],"age_group":"40-49   ","count":267,"tested":2617,"deaths":0},{"race":[],"age_group":"80+","count":98,"tested":1116,"deaths":0},{"race":[],"age_group":"50-59   ","count":247,"tested":2599,"deaths":0},{"race":[],"age_group":"70-79   ","count":111,"tested":1150,"deaths":0},{"race":[],"age_group":"<20","count":348,"tested":2885,"deaths":0},{"race":[],"age_group":"Unknown","count":0,"tested":0,"deaths":0}],"race":[{"description":"Asian","count":11,"tested":57,"deaths":0,"color":"rgb(140,86,75)"},{"description":"Hispanic","count":636,"tested":2455,"deaths":0,"color":"rgb(214,39,40)"},{"description":"White","count":1022,"tested":8585,"deaths":0,"color":"rgb(31,119,180)"},{"description":"Left Blank","count":145,"tested":4811,"deaths":0,"color":"rgb(44,160,44)"},{"description":"Black","count":59,"tested":530,"deaths":0,"color":"rgb(255,127,14)"},{"description":"AI/AN**","count":0,"tested":14,"deaths":0,"color":"rgb(31,119,180)"},{"description":"NH/PI*","count":0,"tested":6,"deaths":0,"color":"rgb(127,127,127)"},{"description":"Other","count":8,"tested":1024,"deaths":0,"color":"rgb(148,103,189)"}],"gender":[{"description":"Female","count":1008,"tested":10172,"deaths":0,"color":"rgb(255,127,14)"},{"description":"Male","count":834,"tested":6473,"deaths":0,"color":"rgb(31,119,180)"},{"description":"Unknown/Left Blank","count":46,"tested":837,"deaths":0,"color":"rgb(44,160,44)"}]}}]}
