{"age":[{"age_group":"<20","count":78,"tested":2230},{"age_group":"20-29   ","count":42,"tested":1007},{"age_group":"30-39   ","count":42,"tested":1055},{"age_group":"40-49   ","count":57,"tested":1485},{"age_group":"50-59   ","count":49,"tested":994},{"age_group":"60-69   ","count":28,"tested":1100},{"age_group":"70-79   ","count":11,"tested":644},{"age_group":"80+","count":10,"tested":278}],"race":[{"description":"Asian","count":10,"tested":323,"color":"rgb(140,86,75)"},{"description":"Black","count":34,"tested":550,"color":"rgb(255,127,14)"},{"description":"Hispanic","count":23,"tested":297,"color":"rgb(214,39,40)"},{"description":"Left Blank","count":89,"tested":3297,"color":"rgb(44,160,44)"},{"description":"Other","count":25,"tested":607,"color":"rgb(148,103,189)"},{"description":"White","count":136,"tested":3721,"color":"rgb(31,119,180)"}],"gender":[{"description":"Female","count":162,"tested":4750,"color":"rgb(255,127,14)"},{"description":"Male","count":155,"tested":3920,"color":"rgb(31,119,180)"}]}
