{"age":[{"age_group":"<20","count":495,"tested":6810},{"age_group":"20-29   ","count":554,"tested":7749},{"age_group":"30-39   ","count":487,"tested":7783},{"age_group":"40-49   ","count":560,"tested":6744},{"age_group":"50-59   ","count":541,"tested":7580},{"age_group":"60-69   ","count":444,"tested":6942},{"age_group":"70-79   ","count":235,"tested":3959},{"age_group":"80+","count":206,"tested":4432}],"race":[{"description":"AI/AN**","count":7,"tested":83,"color":"rgb(31,119,180)"},{"description":"Asian","count":195,"tested":3446,"color":"rgb(140,86,75)"},{"description":"Black","count":51,"tested":760,"color":"rgb(255,127,14)"},{"description":"Hispanic","count":404,"tested":2983,"color":"rgb(214,39,40)"},{"description":"Left Blank","count":961,"tested":25959,"color":"rgb(44,160,44)"},{"description":"NH/PI*","count":7,"tested":70,"color":"rgb(127,127,127)"},{"description":"Other","count":147,"tested":1274,"color":"rgb(148,103,189)"},{"description":"White","count":1750,"tested":17450,"color":"rgb(31,119,180)"}],"gender":[{"description":"Female","count":1801,"tested":29029,"color":"rgb(255,127,14)"},{"description":"Male","count":1702,"tested":22280,"color":"rgb(31,119,180)"},{"description":"Unknown/Left Blank","count":19,"tested":716,"color":"rgb(44,160,44)"}]}
