{"age":[{"age_group":"<20","count":678,"tested":10204},{"age_group":"20-29   ","count":507,"tested":9766},{"age_group":"30-39   ","count":396,"tested":8649},{"age_group":"40-49   ","count":438,"tested":7677},{"age_group":"50-59   ","count":535,"tested":7329},{"age_group":"60-69   ","count":270,"tested":4476},{"age_group":"70-79   ","count":125,"tested":2173},{"age_group":"80+","count":67,"tested":1115}],"race":[{"description":"Asian","count":65,"tested":1049,"color":"rgb(140,86,75)"},{"description":"Black","count":46,"tested":696,"color":"rgb(255,127,14)"},{"description":"Hispanic","count":128,"tested":1345,"color":"rgb(214,39,40)"},{"description":"Left Blank","count":944,"tested":29483,"color":"rgb(44,160,44)"},{"description":"Other","count":59,"tested":894,"color":"rgb(148,103,189)"},{"description":"White","count":1771,"tested":17837,"color":"rgb(31,119,180)"}],"gender":[{"description":"Female","count":1350,"tested":19083,"color":"rgb(255,127,14)"},{"description":"Male","count":1638,"tested":22707,"color":"rgb(31,119,180)"},{"description":"Unknown/Left Blank","count":29,"tested":9603,"color":"rgb(44,160,44)"}]}
