{"age":[{"age_group":"<20","count":559,"tested":9229},{"age_group":"20-29   ","count":356,"tested":4582},{"age_group":"30-39   ","count":339,"tested":4564},{"age_group":"40-49   ","count":485,"tested":6108},{"age_group":"50-59   ","count":413,"tested":6042},{"age_group":"60-69   ","count":240,"tested":4992},{"age_group":"70-79   ","count":293,"tested":6235},{"age_group":"80+","count":203,"tested":5989}],"race":[{"description":"Asian","count":71,"tested":1491,"color":"rgb(140,86,75)"},{"description":"Black","count":39,"tested":871,"color":"rgb(255,127,14)"},{"description":"Hispanic","count":245,"tested":2581,"color":"rgb(214,39,40)"},{"description":"Left Blank","count":564,"tested":15864,"color":"rgb(44,160,44)"},{"description":"Other","count":53,"tested":548,"color":"rgb(148,103,189)"},{"description":"White","count":1909,"tested":26206,"color":"rgb(31,119,180)"}],"gender":[{"description":"Female","count":1489,"tested":27132,"color":"rgb(255,127,14)"},{"description":"Male","count":1388,"tested":19917,"color":"rgb(31,119,180)"}]}
