{"age":[{"age_group":"<20","count":954,"tested":19230},{"age_group":"20-29   ","count":967,"tested":12904},{"age_group":"30-39   ","count":922,"tested":13318},{"age_group":"40-49   ","count":957,"tested":12065},{"age_group":"50-59   ","count":859,"tested":12614},{"age_group":"60-69   ","count":589,"tested":10157},{"age_group":"70-79   ","count":285,"tested":5571},{"age_group":"80+","count":171,"tested":3832}],"race":[{"description":"AI/AN**","count":15,"tested":254,"color":"rgb(31,119,180)"},{"description":"Asian","count":432,"tested":8260,"color":"rgb(140,86,75)"},{"description":"Black","count":126,"tested":1837,"color":"rgb(255,127,14)"},{"description":"Hispanic","count":993,"tested":7031,"color":"rgb(214,39,40)"},{"description":"Left Blank","count":1120,"tested":29808,"color":"rgb(44,160,44)"},{"description":"NH/PI*","count":11,"tested":138,"color":"rgb(127,127,127)"},{"description":"Other","count":345,"tested":3523,"color":"rgb(148,103,189)"},{"description":"White","count":2664,"tested":38855,"color":"rgb(31,119,180)"}],"gender":[{"description":"Female","count":2879,"tested":49145,"color":"rgb(255,127,14)"},{"description":"Male","count":2798,"tested":39781,"color":"rgb(31,119,180)"},{"description":"Unknown/Left Blank","count":29,"tested":780,"color":"rgb(44,160,44)"}]}
