{"age":[{"age_group":"<20","count":593,"tested":11907},{"age_group":"20-29   ","count":582,"tested":13496},{"age_group":"30-39   ","count":380,"tested":7573},{"age_group":"40-49   ","count":318,"tested":7051},{"age_group":"50-59   ","count":445,"tested":9321},{"age_group":"60-69   ","count":302,"tested":10374},{"age_group":"70-79   ","count":128,"tested":6028},{"age_group":"80+","count":147,"tested":12235}],"race":[{"description":"Asian","count":151,"tested":2072,"color":"rgb(140,86,75)"},{"description":"Black","count":87,"tested":1617,"color":"rgb(255,127,14)"},{"description":"Hispanic","count":168,"tested":2170,"color":"rgb(214,39,40)"},{"description":"Left Blank","count":444,"tested":39002,"color":"rgb(44,160,44)"},{"description":"Other","count":94,"tested":1409,"color":"rgb(148,103,189)"},{"description":"White","count":1943,"tested":32293,"color":"rgb(31,119,180)"}],"gender":[{"description":"Female","count":1458,"tested":43814,"color":"rgb(255,127,14)"},{"description":"Male","count":1424,"tested":33862,"color":"rgb(31,119,180)"},{"description":"Unknown/Left Blank","count":13,"tested":975,"color":"rgb(44,160,44)"}]}
