{"age":[{"age_group":"<20","count":66,"tested":839},{"age_group":"20-29   ","count":69,"tested":1192},{"age_group":"30-39   ","count":72,"tested":1057},{"age_group":"40-49   ","count":57,"tested":1216},{"age_group":"50-59   ","count":61,"tested":1338},{"age_group":"60-69   ","count":34,"tested":1263},{"age_group":"70-79   ","count":36,"tested":872},{"age_group":"80+","count":40,"tested":2894}],"race":[{"description":"Hispanic","count":12,"tested":193,"color":"rgb(214,39,40)"},{"description":"Left Blank","count":138,"tested":2391,"color":"rgb(44,160,44)"},{"description":"Other","count":7,"tested":58,"color":"rgb(148,103,189)"},{"description":"White","count":275,"tested":7883,"color":"rgb(31,119,180)"}],"gender":[{"description":"Female","count":236,"tested":8053,"color":"rgb(255,127,14)"},{"description":"Male","count":194,"tested":2437,"color":"rgb(31,119,180)"},{"description":"Unknown/Left Blank","count":8,"tested":184,"color":"rgb(44,160,44)"}]}
