{"age":[{"age_group":"<20","count":98,"tested":895},{"age_group":"20-29   ","count":96,"tested":1739},{"age_group":"30-39   ","count":80,"tested":2472},{"age_group":"40-49   ","count":84,"tested":2543},{"age_group":"50-59   ","count":72,"tested":3635},{"age_group":"60-69   ","count":54,"tested":3577},{"age_group":"70-79   ","count":24,"tested":821},{"age_group":"80+","count":12,"tested":399}],"race":[{"description":"Black","count":340,"tested":9978,"color":"rgb(255,127,14)"},{"description":"Hispanic","count":27,"tested":353,"color":"rgb(214,39,40)"},{"description":"Left Blank","count":129,"tested":4224,"color":"rgb(44,160,44)"},{"description":"Other","count":9,"tested":133,"color":"rgb(148,103,189)"},{"description":"White","count":15,"tested":1330,"color":"rgb(31,119,180)"}],"gender":[{"description":"Female","count":270,"tested":6996,"color":"rgb(255,127,14)"},{"description":"Male","count":248,"tested":9064,"color":"rgb(31,119,180)"}]}
