{"age":[{"age_group":"<20","count":154,"tested":1837},{"age_group":"20-29   ","count":88,"tested":1043},{"age_group":"30-39   ","count":130,"tested":1037},{"age_group":"40-49   ","count":116,"tested":1024},{"age_group":"50-59   ","count":129,"tested":1374},{"age_group":"60-69   ","count":81,"tested":1042},{"age_group":"70-79   ","count":35,"tested":614},{"age_group":"80+","count":37,"tested":592}],"race":[{"description":"Black","count":14,"tested":109,"color":"rgb(255,127,14)"},{"description":"Hispanic","count":22,"tested":183,"color":"rgb(214,39,40)"},{"description":"Left Blank","count":56,"tested":2696,"color":"rgb(44,160,44)"},{"description":"Other","count":8,"tested":135,"color":"rgb(148,103,189)"},{"description":"White","count":669,"tested":5386,"color":"rgb(31,119,180)"}],"gender":[{"description":"Female","count":407,"tested":4687,"color":"rgb(255,127,14)"},{"description":"Male","count":362,"tested":3770,"color":"rgb(31,119,180)"}]}
