{"age":[{"age_group":"<20","count":271,"tested":3848},{"age_group":"20-29   ","count":171,"tested":2621},{"age_group":"30-39   ","count":161,"tested":2215},{"age_group":"40-49   ","count":217,"tested":2122},{"age_group":"50-59   ","count":232,"tested":2620},{"age_group":"60-69   ","count":132,"tested":2180},{"age_group":"70-79   ","count":61,"tested":1542},{"age_group":"80+","count":31,"tested":760}],"race":[{"description":"Asian","count":8,"tested":172,"color":"rgb(140,86,75)"},{"description":"Black","count":11,"tested":225,"color":"rgb(255,127,14)"},{"description":"Hispanic","count":106,"tested":983,"color":"rgb(214,39,40)"},{"description":"Left Blank","count":250,"tested":5006,"color":"rgb(44,160,44)"},{"description":"Other","count":43,"tested":494,"color":"rgb(148,103,189)"},{"description":"White","count":855,"tested":11003,"color":"rgb(31,119,180)"}],"gender":[{"description":"Female","count":636,"tested":9375,"color":"rgb(255,127,14)"},{"description":"Male","count":633,"tested":8407,"color":"rgb(31,119,180)"}]}
