{"age":[{"age_group":"<20","count":160,"tested":2235},{"age_group":"20-29   ","count":188,"tested":2167},{"age_group":"30-39   ","count":173,"tested":1755},{"age_group":"40-49   ","count":133,"tested":1746},{"age_group":"50-59   ","count":152,"tested":2181},{"age_group":"60-69   ","count":125,"tested":1732},{"age_group":"70-79   ","count":50,"tested":735},{"age_group":"80+","count":17,"tested":356}],"race":[{"description":"Black","count":18,"tested":190,"color":"rgb(255,127,14)"},{"description":"Hispanic","count":160,"tested":1223,"color":"rgb(214,39,40)"},{"description":"Left Blank","count":328,"tested":4737,"color":"rgb(44,160,44)"},{"description":"Other","count":45,"tested":431,"color":"rgb(148,103,189)"},{"description":"White","count":443,"tested":6184,"color":"rgb(31,119,180)"}],"gender":[{"description":"Female","count":516,"tested":7670,"color":"rgb(255,127,14)"},{"description":"Male","count":477,"tested":5122,"color":"rgb(31,119,180)"}]}
