{"age":[{"age_group":"<20","count":762,"tested":9326},{"age_group":"20-29   ","count":858,"tested":10115},{"age_group":"30-39   ","count":680,"tested":8391},{"age_group":"40-49   ","count":638,"tested":8183},{"age_group":"50-59   ","count":564,"tested":8446},{"age_group":"60-69   ","count":500,"tested":9329},{"age_group":"70-79   ","count":265,"tested":6150},{"age_group":"80+","count":251,"tested":8986}],"race":[{"description":"Asian","count":97,"tested":601,"color":"rgb(140,86,75)"},{"description":"Black","count":639,"tested":8304,"color":"rgb(255,127,14)"},{"description":"Hispanic","count":362,"tested":2702,"color":"rgb(214,39,40)"},{"description":"Left Blank","count":1797,"tested":32842,"color":"rgb(44,160,44)"},{"description":"Other","count":135,"tested":4645,"color":"rgb(148,103,189)"},{"description":"White","count":1480,"tested":19888,"color":"rgb(31,119,180)"}],"gender":[{"description":"Female","count":2413,"tested":42550,"color":"rgb(255,127,14)"},{"description":"Male","count":2093,"tested":25547,"color":"rgb(31,119,180)"},{"description":"Unknown/Left Blank","count":12,"tested":952,"color":"rgb(44,160,44)"}]}
