{"age":[{"age_group":"<20","count":72,"tested":738},{"age_group":"20-29   ","count":57,"tested":535},{"age_group":"30-39   ","count":49,"tested":510},{"age_group":"40-49   ","count":60,"tested":549},{"age_group":"50-59   ","count":51,"tested":649},{"age_group":"60-69   ","count":72,"tested":585},{"age_group":"70-79   ","count":43,"tested":438},{"age_group":"80+","count":19,"tested":238}],"race":[{"description":"Left Blank","count":72,"tested":1242,"color":"rgb(44,160,44)"},{"description":"White","count":336,"tested":2847,"color":"rgb(31,119,180)"}],"gender":[{"description":"Female","count":222,"tested":2594,"color":"rgb(255,127,14)"},{"description":"Male","count":201,"tested":1622,"color":"rgb(31,119,180)"}]}
