{"age":[{"age_group":"<20","count":1270,"tested":20275},{"age_group":"20-29   ","count":2552,"tested":55068},{"age_group":"30-39   ","count":2372,"tested":61518},{"age_group":"40-49   ","count":1380,"tested":24040},{"age_group":"50-59   ","count":1095,"tested":16059},{"age_group":"60-69   ","count":715,"tested":10478},{"age_group":"70-79   ","count":361,"tested":5612},{"age_group":"80+","count":187,"tested":2589}],"race":[{"description":"AI/AN**","count":11,"tested":312,"color":"rgb(31,119,180)"},{"description":"Asian","count":140,"tested":4550,"color":"rgb(140,86,75)"},{"description":"Black","count":350,"tested":6169,"color":"rgb(255,127,14)"},{"description":"Hispanic","count":4115,"tested":33107,"color":"rgb(214,39,40)"},{"description":"Left Blank","count":2542,"tested":78377,"color":"rgb(44,160,44)"},{"description":"NH/PI*","count":6,"tested":162,"color":"rgb(127,127,127)"},{"description":"Other","count":435,"tested":10050,"color":"rgb(148,103,189)"},{"description":"White","count":2333,"tested":62953,"color":"rgb(31,119,180)"}],"gender":[{"description":"Female","count":4930,"tested":104344,"color":"rgb(255,127,14)"},{"description":"Male","count":4837,"tested":85669,"color":"rgb(31,119,180)"},{"description":"Unknown/Left Blank","count":165,"tested":5667,"color":"rgb(44,160,44)"}]}
