{"age":[{"age_group":"<20","count":25,"tested":285},{"age_group":"20-29   ","count":30,"tested":469},{"age_group":"30-39   ","count":25,"tested":267},{"age_group":"40-49   ","count":25,"tested":381},{"age_group":"50-59   ","count":20,"tested":290},{"age_group":"60-69   ","count":15,"tested":247},{"age_group":"70-79   ","count":7,"tested":101},{"age_group":"80+","count":7,"tested":95}],"race":[{"description":"Hispanic","count":14,"tested":86,"color":"rgb(214,39,40)"},{"description":"Left Blank","count":31,"tested":760,"color":"rgb(44,160,44)"},{"description":"White","count":107,"tested":1238,"color":"rgb(31,119,180)"}],"gender":[{"description":"Female","count":72,"tested":1285,"color":"rgb(255,127,14)"},{"description":"Male","count":82,"tested":844,"color":"rgb(31,119,180)"}]}
