{"age":[{"age_group":"<20","count":10,"tested":150},{"age_group":"20-29   ","count":14,"tested":246},{"age_group":"30-39   ","count":11,"tested":270},{"age_group":"40-49   ","count":12,"tested":116},{"age_group":"50-59   ","count":22,"tested":255},{"age_group":"60-69   ","count":12,"tested":264}],"race":[{"description":"Left Blank","count":13,"tested":340,"color":"rgb(44,160,44)"},{"description":"White","count":66,"tested":1102,"color":"rgb(31,119,180)"}],"gender":[{"description":"Female","count":39,"tested":994,"color":"rgb(255,127,14)"},{"description":"Male","count":47,"tested":487,"color":"rgb(31,119,180)"}]}
