{"age":[{"age_group":"<20","count":119,"tested":1719},{"age_group":"20-29   ","count":106,"tested":999},{"age_group":"30-39   ","count":109,"tested":1117},{"age_group":"40-49   ","count":105,"tested":1212},{"age_group":"50-59   ","count":95,"tested":1209},{"age_group":"60-69   ","count":78,"tested":1040},{"age_group":"70-79   ","count":64,"tested":880},{"age_group":"80+","count":16,"tested":338}],"race":[{"description":"Black","count":6,"tested":85,"color":"rgb(255,127,14)"},{"description":"Hispanic","count":19,"tested":127,"color":"rgb(214,39,40)"},{"description":"Left Blank","count":241,"tested":3781,"color":"rgb(44,160,44)"},{"description":"Other","count":13,"tested":147,"color":"rgb(148,103,189)"},{"description":"White","count":412,"tested":4356,"color":"rgb(31,119,180)"}],"gender":[{"description":"Female","count":359,"tested":4689,"color":"rgb(255,127,14)"},{"description":"Male","count":333,"tested":3721,"color":"rgb(31,119,180)"}]}
