{"age":[{"age_group":"<20","count":720,"tested":8310},{"age_group":"20-29   ","count":847,"tested":10875},{"age_group":"30-39   ","count":683,"tested":9224},{"age_group":"40-49   ","count":698,"tested":9065},{"age_group":"50-59   ","count":705,"tested":9086},{"age_group":"60-69   ","count":533,"tested":8511},{"age_group":"70-79   ","count":299,"tested":6581},{"age_group":"80+","count":200,"tested":5613}],"race":[{"description":"Asian","count":90,"tested":1902,"color":"rgb(140,86,75)"},{"description":"Black","count":151,"tested":3680,"color":"rgb(255,127,14)"},{"description":"Hispanic","count":255,"tested":2393,"color":"rgb(214,39,40)"},{"description":"Left Blank","count":1698,"tested":31226,"color":"rgb(44,160,44)"},{"description":"Other","count":210,"tested":2338,"color":"rgb(148,103,189)"},{"description":"White","count":2275,"tested":25588,"color":"rgb(31,119,180)"}],"gender":[{"description":"Female","count":2478,"tested":39621,"color":"rgb(255,127,14)"},{"description":"Male","count":2181,"tested":26774,"color":"rgb(31,119,180)"},{"description":"Unknown/Left Blank","count":29,"tested":885,"color":"rgb(44,160,44)"}]}
