{"age":[{"age_group":"<20","count":244,"tested":3284},{"age_group":"20-29   ","count":330,"tested":3894},{"age_group":"30-39   ","count":241,"tested":3529},{"age_group":"40-49   ","count":230,"tested":2649},{"age_group":"50-59   ","count":293,"tested":3670},{"age_group":"60-69   ","count":180,"tested":2881},{"age_group":"70-79   ","count":87,"tested":1556},{"age_group":"80+","count":41,"tested":812}],"race":[{"description":"Asian","count":41,"tested":719,"color":"rgb(140,86,75)"},{"description":"Black","count":63,"tested":607,"color":"rgb(255,127,14)"},{"description":"Hispanic","count":245,"tested":1814,"color":"rgb(214,39,40)"},{"description":"Left Blank","count":448,"tested":8408,"color":"rgb(44,160,44)"},{"description":"Other","count":34,"tested":444,"color":"rgb(148,103,189)"},{"description":"White","count":813,"tested":10260,"color":"rgb(31,119,180)"}],"gender":[{"description":"Female","count":850,"tested":12454,"color":"rgb(255,127,14)"},{"description":"Male","count":795,"tested":9639,"color":"rgb(31,119,180)"}]}
