{"age":[{"age_group":"<20","count":34,"tested":340},{"age_group":"20-29   ","count":16,"tested":198},{"age_group":"30-39   ","count":20,"tested":255},{"age_group":"40-49   ","count":19,"tested":225},{"age_group":"50-59   ","count":15,"tested":238},{"age_group":"70-79   ","count":11,"tested":98}],"race":[{"description":"Left Blank","count":13,"tested":299,"color":"rgb(44,160,44)"},{"description":"White","count":100,"tested":1200,"color":"rgb(31,119,180)"}],"gender":[{"description":"Female","count":61,"tested":880,"color":"rgb(255,127,14)"},{"description":"Male","count":59,"tested":685,"color":"rgb(31,119,180)"}]}
