{"age":[{"age_group":"<20","count":612,"tested":7194},{"age_group":"20-29   ","count":824,"tested":12527},{"age_group":"30-39   ","count":847,"tested":12065},{"age_group":"40-49   ","count":805,"tested":12010},{"age_group":"50-59   ","count":808,"tested":14576},{"age_group":"60-69   ","count":590,"tested":13394},{"age_group":"70-79   ","count":279,"tested":5785},{"age_group":"80+","count":195,"tested":3219}],"race":[{"description":"Other","count":100,"tested":1049,"color":"rgb(148,103,189)"},{"description":"Left Blank","count":1028,"tested":28398,"color":"rgb(44,160,44)"},{"description":"Asian","count":13,"tested":132,"color":"rgb(140,86,75)"},{"description":"Black","count":3662,"tested":49116,"color":"rgb(255,127,14)"},{"description":"Hispanic","count":99,"tested":858,"color":"rgb(214,39,40)"},{"description":"White","count":50,"tested":992,"color":"rgb(31,119,180)"}],"gender":[{"description":"Male","count":2013,"tested":32352,"color":"rgb(31,119,180)"},{"description":"Unknown/Left Blank","count":25,"tested":1372,"color":"rgb(44,160,44)"},{"description":"Female","count":2923,"tested":47076,"color":"rgb(255,127,14)"}]}
