{"age":[{"age_group":"<20","count":667,"tested":10860},{"age_group":"20-29   ","count":543,"tested":8540},{"age_group":"30-39   ","count":416,"tested":8944},{"age_group":"40-49   ","count":522,"tested":9204},{"age_group":"50-59   ","count":572,"tested":10318},{"age_group":"60-69   ","count":421,"tested":8573},{"age_group":"70-79   ","count":193,"tested":4894},{"age_group":"80+","count":269,"tested":6551}],"race":[{"description":"NH/PI*","count":8,"tested":65,"color":"rgb(127,127,127)"},{"description":"Black","count":23,"tested":391,"color":"rgb(255,127,14)"},{"description":"Asian","count":89,"tested":1996,"color":"rgb(140,86,75)"},{"description":"White","count":2038,"tested":26706,"color":"rgb(31,119,180)"},{"description":"Hispanic","count":175,"tested":2026,"color":"rgb(214,39,40)"},{"description":"Left Blank","count":1094,"tested":34652,"color":"rgb(44,160,44)"},{"description":"Other","count":174,"tested":2042,"color":"rgb(148,103,189)"}],"gender":[{"description":"Female","count":1848,"tested":39130,"color":"rgb(255,127,14)"},{"description":"Male","count":1696,"tested":27877,"color":"rgb(31,119,180)"},{"description":"Unknown/Left Blank","count":59,"tested":898,"color":"rgb(44,160,44)"}]}
