{"age":[{"age_group":"<20","count":22,"tested":208},{"age_group":"20-29   ","count":13,"tested":99},{"age_group":"30-39   ","count":14,"tested":136},{"age_group":"40-49   ","count":17,"tested":98},{"age_group":"50-59   ","count":12,"tested":253},{"age_group":"60-69   ","count":17,"tested":221},{"age_group":"70-79   ","count":7,"tested":124}],"race":[{"description":"Left Blank","count":26,"tested":380,"color":"rgb(44,160,44)"},{"description":"White","count":69,"tested":716,"color":"rgb(31,119,180)"},{"description":"Hispanic","count":9,"tested":35,"color":"rgb(214,39,40)"}],"gender":[{"description":"Male","count":49,"tested":444,"color":"rgb(31,119,180)"},{"description":"Female","count":57,"tested":731,"color":"rgb(255,127,14)"}]}
