{"age":[{"age_group":"<20","count":52,"tested":544},{"age_group":"20-29   ","count":42,"tested":461},{"age_group":"30-39   ","count":49,"tested":472},{"age_group":"40-49   ","count":42,"tested":408},{"age_group":"50-59   ","count":74,"tested":455},{"age_group":"60-69   ","count":34,"tested":349},{"age_group":"70-79   ","count":16,"tested":157},{"age_group":"80+","count":13,"tested":98}],"race":[{"description":"Left Blank","count":140,"tested":1203,"color":"rgb(44,160,44)"},{"description":"White","count":175,"tested":1659,"color":"rgb(31,119,180)"}],"gender":[{"description":"Female","count":176,"tested":1768,"color":"rgb(255,127,14)"},{"description":"Male","count":147,"tested":1118,"color":"rgb(31,119,180)"}]}
