{"age":[{"age_group":"<20","count":10,"tested":113},{"age_group":"20-29   ","count":7,"tested":160},{"age_group":"30-39   ","count":9,"tested":146},{"age_group":"40-49   ","count":8,"tested":97},{"age_group":"50-59   ","count":9,"tested":134},{"age_group":"60-69   ","count":10,"tested":114},{"age_group":"70-79   ","count":7,"tested":83}],"race":[{"description":"White","count":30,"tested":293,"color":"rgb(31,119,180)"},{"description":"Left Blank","count":26,"tested":555,"color":"rgb(44,160,44)"},{"description":"Hispanic","count":7,"tested":61,"color":"rgb(214,39,40)"}],"gender":[{"description":"Female","count":35,"tested":366,"color":"rgb(255,127,14)"},{"description":"Male","count":25,"tested":338,"color":"rgb(31,119,180)"}]}
