{"age":[{"age_group":"<20","count":9,"tested":105},{"age_group":"40-49   ","count":6,"tested":87},{"age_group":"50-59   ","count":7,"tested":97},{"age_group":"60-69   ","count":8,"tested":69}],"race":[{"description":"White","count":36,"tested":314,"color":"rgb(31,119,180)"},{"description":"Left Blank","count":13,"tested":183,"color":"rgb(44,160,44)"}],"gender":[{"description":"Female","count":25,"tested":319,"color":"rgb(255,127,14)"},{"description":"Male","count":24,"tested":211,"color":"rgb(31,119,180)"}]}
