{"age":[{"age_group":"<20","count":620,"tested":5937},{"age_group":"20-29   ","count":668,"tested":8282},{"age_group":"30-39   ","count":606,"tested":8339},{"age_group":"40-49   ","count":613,"tested":7909},{"age_group":"50-59   ","count":499,"tested":7943},{"age_group":"60-69   ","count":318,"tested":6854},{"age_group":"70-79   ","count":151,"tested":2945},{"age_group":"80+","count":128,"tested":1629}],"race":[{"description":"Other","count":100,"tested":1162,"color":"rgb(148,103,189)"},{"description":"Black","count":574,"tested":6968,"color":"rgb(255,127,14)"},{"description":"White","count":596,"tested":7054,"color":"rgb(31,119,180)"},{"description":"Asian","count":39,"tested":737,"color":"rgb(140,86,75)"},{"description":"Left Blank","count":843,"tested":25030,"color":"rgb(44,160,44)"},{"description":"NH/PI*","count":8,"tested":77,"color":"rgb(127,127,127)"},{"description":"Hispanic","count":1441,"tested":8772,"color":"rgb(214,39,40)"}],"gender":[{"description":"Unknown/Left Blank","count":80,"tested":426,"color":"rgb(44,160,44)"},{"description":"Male","count":1643,"tested":18713,"color":"rgb(31,119,180)"},{"description":"Female","count":1881,"tested":30713,"color":"rgb(255,127,14)"}]}
