{"age":[{"age_group":"<20","count":137,"tested":1428},{"age_group":"20-29   ","count":156,"tested":1957},{"age_group":"30-39   ","count":149,"tested":1787},{"age_group":"40-49   ","count":147,"tested":1752},{"age_group":"50-59   ","count":154,"tested":2074},{"age_group":"60-69   ","count":113,"tested":1620},{"age_group":"70-79   ","count":49,"tested":1165},{"age_group":"80+","count":32,"tested":920}],"race":[{"description":"Hispanic","count":128,"tested":805,"color":"rgb(214,39,40)"},{"description":"Black","count":22,"tested":197,"color":"rgb(255,127,14)"},{"description":"Asian","count":9,"tested":174,"color":"rgb(140,86,75)"},{"description":"Left Blank","count":300,"tested":5305,"color":"rgb(44,160,44)"},{"description":"Other","count":29,"tested":270,"color":"rgb(148,103,189)"},{"description":"White","count":447,"tested":5878,"color":"rgb(31,119,180)"}],"gender":[{"description":"Male","count":464,"tested":4993,"color":"rgb(31,119,180)"},{"description":"Female","count":468,"tested":7589,"color":"rgb(255,127,14)"}]}
