{"age":[{"age_group":"<20","count":13,"tested":61},{"age_group":"30-39   ","count":8,"tested":97},{"age_group":"40-49   ","count":7,"tested":79}],"race":[{"description":"Hispanic","count":6,"tested":35,"color":"rgb(214,39,40)"},{"description":"White","count":23,"tested":239,"color":"rgb(31,119,180)"},{"description":"Left Blank","count":13,"tested":264,"color":"rgb(44,160,44)"}],"gender":[{"description":"Male","count":21,"tested":169,"color":"rgb(31,119,180)"},{"description":"Female","count":22,"tested":384,"color":"rgb(255,127,14)"}]}
