{"age":[{"age_group":"<20","count":48,"tested":1472},{"age_group":"20-29   ","count":459,"tested":12266},{"age_group":"30-39   ","count":289,"tested":7300},{"age_group":"40-49   ","count":87,"tested":2643},{"age_group":"50-59   ","count":87,"tested":2706},{"age_group":"60-69   ","count":64,"tested":2083},{"age_group":"70-79   ","count":45,"tested":1417},{"age_group":"80+","count":26,"tested":1005}],"race":[{"description":"White","count":450,"tested":8782,"color":"rgb(31,119,180)"},{"description":"Black","count":99,"tested":2062,"color":"rgb(255,127,14)"},{"description":"Asian","count":99,"tested":4273,"color":"rgb(140,86,75)"},{"description":"Other","count":64,"tested":1545,"color":"rgb(148,103,189)"},{"description":"Left Blank","count":301,"tested":13145,"color":"rgb(44,160,44)"},{"description":"Hispanic","count":89,"tested":968,"color":"rgb(214,39,40)"}],"gender":[{"description":"Male","count":588,"tested":15494,"color":"rgb(31,119,180)"},{"description":"Female","count":498,"tested":14715,"color":"rgb(255,127,14)"},{"description":"Unknown/Left Blank","count":19,"tested":697,"color":"rgb(44,160,44)"}]}
