{"age":[{"age_group":"<20","count":346,"tested":2649},{"age_group":"20-29   ","count":454,"tested":4019},{"age_group":"30-39   ","count":429,"tested":4217},{"age_group":"40-49   ","count":380,"tested":3375},{"age_group":"50-59   ","count":366,"tested":3475},{"age_group":"60-69   ","count":238,"tested":3104},{"age_group":"70-79   ","count":109,"tested":1664},{"age_group":"80+","count":54,"tested":788}],"race":[{"description":"Black","count":311,"tested":3328,"color":"rgb(255,127,14)"},{"description":"Other","count":81,"tested":773,"color":"rgb(148,103,189)"},{"description":"White","count":633,"tested":6237,"color":"rgb(31,119,180)"},{"description":"Asian","count":30,"tested":258,"color":"rgb(140,86,75)"},{"description":"Left Blank","count":888,"tested":10236,"color":"rgb(44,160,44)"},{"description":"Hispanic","count":428,"tested":2407,"color":"rgb(214,39,40)"}],"gender":[{"description":"Male","count":1089,"tested":9673,"color":"rgb(31,119,180)"},{"description":"Unknown/Left Blank","count":20,"tested":354,"color":"rgb(44,160,44)"},{"description":"Female","count":1267,"tested":13270,"color":"rgb(255,127,14)"}]}
