{"age":[{"age_group":"<20","count":10,"tested":159},{"age_group":"20-29   ","count":8,"tested":131},{"age_group":"30-39   ","count":9,"tested":63},{"age_group":"40-49   ","count":14,"tested":143},{"age_group":"50-59   ","count":12,"tested":128},{"age_group":"60-69   ","count":7,"tested":86}],"race":[{"description":"White","count":54,"tested":568,"color":"rgb(31,119,180)"},{"description":"Left Blank","count":8,"tested":208,"color":"rgb(44,160,44)"}],"gender":[{"description":"Female","count":37,"tested":534,"color":"rgb(255,127,14)"},{"description":"Male","count":25,"tested":264,"color":"rgb(31,119,180)"}]}
