{"age":[{"age_group":"<20","count":215,"tested":3135},{"age_group":"20-29   ","count":145,"tested":2603},{"age_group":"30-39   ","count":103,"tested":2471},{"age_group":"40-49   ","count":164,"tested":2884},{"age_group":"50-59   ","count":149,"tested":3653},{"age_group":"60-69   ","count":106,"tested":3815},{"age_group":"70-79   ","count":82,"tested":3518},{"age_group":"80+","count":120,"tested":7143}],"race":[{"description":"Other","count":123,"tested":1202,"color":"rgb(148,103,189)"},{"description":"Asian","count":107,"tested":2392,"color":"rgb(140,86,75)"},{"description":"Black","count":16,"tested":771,"color":"rgb(255,127,14)"},{"description":"White","count":519,"tested":14328,"color":"rgb(31,119,180)"},{"description":"Left Blank","count":238,"tested":9314,"color":"rgb(44,160,44)"},{"description":"Hispanic","count":79,"tested":1139,"color":"rgb(214,39,40)"}],"gender":[{"description":"Unknown/Left Blank","count":21,"tested":2361,"color":"rgb(44,160,44)"},{"description":"Female","count":560,"tested":15971,"color":"rgb(255,127,14)"},{"description":"Male","count":503,"tested":10913,"color":"rgb(31,119,180)"}]}
