{"age":[{"age_group":"<20","count":780,"tested":7911},{"age_group":"20-29   ","count":761,"tested":7960},{"age_group":"30-39   ","count":689,"tested":7415},{"age_group":"40-49   ","count":662,"tested":6878},{"age_group":"50-59   ","count":729,"tested":8635},{"age_group":"60-69   ","count":463,"tested":6155},{"age_group":"70-79   ","count":167,"tested":3311},{"age_group":"80+","count":187,"tested":3513}],"race":[{"description":"Asian","count":85,"tested":791,"color":"rgb(140,86,75)"},{"description":"Black","count":57,"tested":600,"color":"rgb(255,127,14)"},{"description":"Other","count":112,"tested":1122,"color":"rgb(148,103,189)"},{"description":"AI/AN**","count":7,"tested":87,"color":"rgb(31,119,180)"},{"description":"Hispanic","count":645,"tested":3203,"color":"rgb(214,39,40)"},{"description":"White","count":2515,"tested":26284,"color":"rgb(31,119,180)"},{"description":"Left Blank","count":1015,"tested":19626,"color":"rgb(44,160,44)"}],"gender":[{"description":"Female","count":2247,"tested":29009,"color":"rgb(255,127,14)"},{"description":"Male","count":2152,"tested":22133,"color":"rgb(31,119,180)"},{"description":"Unknown/Left Blank","count":40,"tested":642,"color":"rgb(44,160,44)"}]}
