{"age":[{"age_group":"<20","count":592,"tested":6153},{"age_group":"20-29   ","count":472,"tested":8795},{"age_group":"30-39   ","count":350,"tested":7877},{"age_group":"40-49   ","count":387,"tested":6879},{"age_group":"50-59   ","count":493,"tested":6347},{"age_group":"60-69   ","count":241,"tested":3804},{"age_group":"70-79   ","count":107,"tested":1812},{"age_group":"80+","count":64,"tested":950}],"race":[{"description":"Left Blank","count":892,"tested":27094,"color":"rgb(44,160,44)"},{"description":"Other","count":49,"tested":662,"color":"rgb(148,103,189)"},{"description":"White","count":1548,"tested":12834,"color":"rgb(31,119,180)"},{"description":"Asian","count":57,"tested":649,"color":"rgb(140,86,75)"},{"description":"Hispanic","count":117,"tested":912,"color":"rgb(214,39,40)"},{"description":"Black","count":39,"tested":410,"color":"rgb(255,127,14)"}],"gender":[{"description":"Unknown/Left Blank","count":44,"tested":9489,"color":"rgb(44,160,44)"},{"description":"Male","count":1461,"tested":18254,"color":"rgb(31,119,180)"},{"description":"Female","count":1201,"tested":14878,"color":"rgb(255,127,14)"}]}
