{"age":[{"age_group":"<20","count":570,"tested":5722},{"age_group":"20-29   ","count":652,"tested":6361},{"age_group":"30-39   ","count":506,"tested":4951},{"age_group":"40-49   ","count":517,"tested":4395},{"age_group":"50-59   ","count":390,"tested":4423},{"age_group":"60-69   ","count":310,"tested":3068},{"age_group":"70-79   ","count":155,"tested":1866},{"age_group":"80+","count":65,"tested":766}],"race":[{"description":"Left Blank","count":349,"tested":13983,"color":"rgb(44,160,44)"},{"description":"Other","count":73,"tested":751,"color":"rgb(148,103,189)"},{"description":"White","count":1410,"tested":10529,"color":"rgb(31,119,180)"},{"description":"Black","count":339,"tested":2408,"color":"rgb(255,127,14)"},{"description":"Hispanic","count":899,"tested":3409,"color":"rgb(214,39,40)"},{"description":"Asian","count":89,"tested":432,"color":"rgb(140,86,75)"}],"gender":[{"description":"Female","count":1693,"tested":18393,"color":"rgb(255,127,14)"},{"description":"Unknown/Left Blank","count":16,"tested":416,"color":"rgb(44,160,44)"},{"description":"Male","count":1456,"tested":12744,"color":"rgb(31,119,180)"}]}
