{"age":[{"age_group":"<20","count":83,"tested":791},{"age_group":"20-29   ","count":76,"tested":850},{"age_group":"30-39   ","count":83,"tested":804},{"age_group":"40-49   ","count":89,"tested":1179},{"age_group":"50-59   ","count":92,"tested":1408},{"age_group":"60-69   ","count":66,"tested":1161},{"age_group":"70-79   ","count":31,"tested":614},{"age_group":"80+","count":28,"tested":392}],"race":[{"description":"Left Blank","count":114,"tested":1308,"color":"rgb(44,160,44)"},{"description":"White","count":289,"tested":4211,"color":"rgb(31,119,180)"},{"description":"Hispanic","count":53,"tested":392,"color":"rgb(214,39,40)"},{"description":"Black","count":78,"tested":1022,"color":"rgb(255,127,14)"},{"description":"Other","count":14,"tested":233,"color":"rgb(148,103,189)"}],"gender":[{"description":"Female","count":301,"tested":4519,"color":"rgb(255,127,14)"},{"description":"Male","count":247,"tested":2643,"color":"rgb(31,119,180)"}]}
