{"age":[{"age_group":"<20","count":193,"tested":1758},{"age_group":"20-29   ","count":117,"tested":1288},{"age_group":"30-39   ","count":194,"tested":1783},{"age_group":"40-49   ","count":161,"tested":1869},{"age_group":"50-59   ","count":133,"tested":1792},{"age_group":"60-69   ","count":74,"tested":741},{"age_group":"70-79   ","count":23,"tested":420}],"race":[{"description":"Left Blank","count":226,"tested":3698,"color":"rgb(44,160,44)"},{"description":"Other","count":29,"tested":214,"color":"rgb(148,103,189)"},{"description":"White","count":418,"tested":3810,"color":"rgb(31,119,180)"},{"description":"Asian","count":66,"tested":929,"color":"rgb(140,86,75)"},{"description":"Hispanic","count":142,"tested":852,"color":"rgb(214,39,40)"},{"description":"Black","count":22,"tested":214,"color":"rgb(255,127,14)"}],"gender":[{"description":"Female","count":458,"tested":5386,"color":"rgb(255,127,14)"},{"description":"Male","count":442,"tested":4279,"color":"rgb(31,119,180)"}]}
