{"age":[{"age_group":"<20","count":456,"tested":8343},{"age_group":"20-29   ","count":1543,"tested":30554},{"age_group":"30-39   ","count":1522,"tested":36166},{"age_group":"40-49   ","count":662,"tested":12654},{"age_group":"50-59   ","count":459,"tested":8097},{"age_group":"60-69   ","count":297,"tested":5467},{"age_group":"70-79   ","count":172,"tested":2929},{"age_group":"80+","count":142,"tested":2255}],"race":[{"description":"Asian","count":81,"tested":3283,"color":"rgb(140,86,75)"},{"description":"Left Blank","count":1692,"tested":45941,"color":"rgb(44,160,44)"},{"description":"White","count":1744,"tested":36849,"color":"rgb(31,119,180)"},{"description":"Hispanic","count":1197,"tested":10929,"color":"rgb(214,39,40)"},{"description":"Other","count":262,"tested":5227,"color":"rgb(148,103,189)"},{"description":"Black","count":271,"tested":4305,"color":"rgb(255,127,14)"}],"gender":[{"description":"Female","count":2556,"tested":56237,"color":"rgb(255,127,14)"},{"description":"Unknown/Left Blank","count":156,"tested":2482,"color":"rgb(44,160,44)"},{"description":"Male","count":2541,"tested":47946,"color":"rgb(31,119,180)"}]}
