{"age":[{"age_group":"<20","count":75,"tested":644},{"age_group":"20-29   ","count":77,"tested":1006},{"age_group":"30-39   ","count":67,"tested":866},{"age_group":"40-49   ","count":71,"tested":958},{"age_group":"50-59   ","count":50,"tested":846},{"age_group":"60-69   ","count":43,"tested":820},{"age_group":"70-79   ","count":31,"tested":344},{"age_group":"80+","count":9,"tested":246}],"race":[{"description":"Other","count":12,"tested":67,"color":"rgb(148,103,189)"},{"description":"White","count":289,"tested":4059,"color":"rgb(31,119,180)"},{"description":"Left Blank","count":123,"tested":1501,"color":"rgb(44,160,44)"}],"gender":[{"description":"Female","count":240,"tested":4136,"color":"rgb(255,127,14)"},{"description":"Male","count":187,"tested":1386,"color":"rgb(31,119,180)"}]}
