{"age":[{"age_group":"<20","count":256,"tested":2097},{"age_group":"20-29   ","count":309,"tested":3800},{"age_group":"30-39   ","count":317,"tested":3404},{"age_group":"40-49   ","count":253,"tested":2936},{"age_group":"50-59   ","count":313,"tested":3501},{"age_group":"60-69   ","count":238,"tested":3465},{"age_group":"70-79   ","count":150,"tested":2059},{"age_group":"80+","count":85,"tested":1140}],"race":[{"description":"Hispanic","count":143,"tested":921,"color":"rgb(214,39,40)"},{"description":"Asian","count":35,"tested":332,"color":"rgb(140,86,75)"},{"description":"Black","count":66,"tested":641,"color":"rgb(255,127,14)"},{"description":"White","count":809,"tested":6470,"color":"rgb(31,119,180)"},{"description":"Left Blank","count":754,"tested":13248,"color":"rgb(44,160,44)"},{"description":"Other","count":109,"tested":781,"color":"rgb(148,103,189)"}],"gender":[{"description":"Unknown/Left Blank","count":27,"tested":327,"color":"rgb(44,160,44)"},{"description":"Male","count":895,"tested":8616,"color":"rgb(31,119,180)"},{"description":"Female","count":999,"tested":13470,"color":"rgb(255,127,14)"}]}
