{"age":[{"age_group":"<20","count":572,"tested":6259},{"age_group":"20-29   ","count":728,"tested":6567},{"age_group":"30-39   ","count":676,"tested":6394},{"age_group":"40-49   ","count":643,"tested":6128},{"age_group":"50-59   ","count":676,"tested":6519},{"age_group":"60-69   ","count":336,"tested":4128},{"age_group":"70-79   ","count":162,"tested":2261},{"age_group":"80+","count":63,"tested":1001}],"race":[{"description":"AI/AN**","count":11,"tested":61,"color":"rgb(31,119,180)"},{"description":"Asian","count":20,"tested":310,"color":"rgb(140,86,75)"},{"description":"Hispanic","count":351,"tested":2016,"color":"rgb(214,39,40)"},{"description":"Black","count":171,"tested":1344,"color":"rgb(255,127,14)"},{"description":"Left Blank","count":1189,"tested":15889,"color":"rgb(44,160,44)"},{"description":"Other","count":114,"tested":1422,"color":"rgb(148,103,189)"},{"description":"White","count":2000,"tested":18198,"color":"rgb(31,119,180)"}],"gender":[{"description":"Female","count":1859,"tested":21261,"color":"rgb(255,127,14)"},{"description":"Male","count":1956,"tested":17179,"color":"rgb(31,119,180)"},{"description":"Unknown/Left Blank","count":41,"tested":821,"color":"rgb(44,160,44)"}]}
