{"age":[{"age_group":"<20","count":342,"tested":3891},{"age_group":"20-29   ","count":230,"tested":4056},{"age_group":"30-39   ","count":251,"tested":4605},{"age_group":"40-49   ","count":274,"tested":5152},{"age_group":"50-59   ","count":257,"tested":5063},{"age_group":"60-69   ","count":151,"tested":3784},{"age_group":"70-79   ","count":61,"tested":2067},{"age_group":"80+","count":30,"tested":3394}],"race":[{"description":"Black","count":55,"tested":2107,"color":"rgb(255,127,14)"},{"description":"Asian","count":22,"tested":639,"color":"rgb(140,86,75)"},{"description":"Hispanic","count":351,"tested":3867,"color":"rgb(214,39,40)"},{"description":"Left Blank","count":459,"tested":8850,"color":"rgb(44,160,44)"},{"description":"White","count":628,"tested":15227,"color":"rgb(31,119,180)"},{"description":"Other","count":78,"tested":1241,"color":"rgb(148,103,189)"}],"gender":[{"description":"Female","count":825,"tested":19334,"color":"rgb(255,127,14)"},{"description":"Male","count":742,"tested":12023,"color":"rgb(31,119,180)"},{"description":"Unknown/Left Blank","count":30,"tested":664,"color":"rgb(44,160,44)"}]}
