{"age":[{"age_group":"<20","count":24,"tested":305},{"age_group":"20-29   ","count":13,"tested":206},{"age_group":"30-39   ","count":16,"tested":174},{"age_group":"40-49   ","count":11,"tested":399},{"age_group":"50-59   ","count":13,"tested":245},{"age_group":"60-69   ","count":22,"tested":295},{"age_group":"70-79   ","count":7,"tested":177},{"age_group":"80+","count":12,"tested":145}],"race":[{"description":"White","count":101,"tested":1597,"color":"rgb(31,119,180)"},{"description":"Left Blank","count":15,"tested":260,"color":"rgb(44,160,44)"}],"gender":[{"description":"Female","count":66,"tested":1303,"color":"rgb(255,127,14)"},{"description":"Male","count":49,"tested":639,"color":"rgb(31,119,180)"}]}
