{"lastUpdatedDate":{"year":2021,"month":1,"day":11},"county_demographics":[{"County":"Richland","confirmed_cases":1479,"total_tested":17037,"demographics":{"age":[{"race":[],"age_group":"<20","count":204,"tested":2630,"deaths":0},{"race":[],"age_group":"20-29   ","count":189,"tested":2271,"deaths":0},{"race":[],"age_group":"30-39   ","count":203,"tested":2296,"deaths":0},{"race":[],"age_group":"40-49   ","count":197,"tested":2214,"deaths":0},{"race":[],"age_group":"50-59   ","count":213,"tested":2273,"deaths":0},{"race":[],"age_group":"60-69   ","count":187,"tested":2079,"deaths":0},{"race":[],"age_group":"70-79   ","count":135,"tested":1461,"deaths":0},{"race":[],"age_group":"80+","count":151,"tested":1807,"deaths":0},{"race":[],"age_group":"Unknown","count":0,"tested":6,"deaths":0}],"race":[{"description":"AI/AN**","count":0,"tested":0,"deaths":0,"color":"rgb(31,119,180)"},{"description":"Asian","count":0,"tested":53,"deaths":0,"color":"rgb(140,86,75)"},{"description":"Black","count":11,"tested":117,"deaths":0,"color":"rgb(255,127,14)"},{"description":"Hispanic","count":8,"tested":89,"deaths":0,"color":"rgb(214,39,40)"},{"description":"Left Blank","count":159,"tested":4191,"deaths":0,"color":"rgb(44,160,44)"},{"description":"NH/PI*","count":0,"tested":28,"deaths":0,"color":"rgb(127,127,127)"},{"description":"Other","count":7,"tested":144,"deaths":0,"color":"rgb(148,103,189)"},{"description":"White","count":1286,"tested":12413,"deaths":0,"color":"rgb(31,119,180)"}],"gender":[{"description":"Female","count":850,"tested":10516,"deaths":0,"color":"rgb(255,127,14)"},{"description":"Male","count":614,"tested":5815,"deaths":0,"color":"rgb(31,119,180)"},{"description":"Unknown/Left Blank","count":12,"tested":706,"deaths":0,"color":"rgb(44,160,44)"}]}}]}
