{"lastUpdatedDate":{"year":2021,"month":1,"day":11},"county_demographics":[{"County":"Wabash","confirmed_cases":1128,"total_tested":9545,"demographics":{"age":[{"race":[],"age_group":"<20","count":207,"tested":1548,"deaths":0},{"race":[],"age_group":"20-29   ","count":134,"tested":1393,"deaths":0},{"race":[],"age_group":"30-39   ","count":138,"tested":1126,"deaths":0},{"race":[],"age_group":"40-49   ","count":157,"tested":1151,"deaths":0},{"race":[],"age_group":"50-59   ","count":156,"tested":1190,"deaths":0},{"race":[],"age_group":"60-69   ","count":159,"tested":1020,"deaths":0},{"race":[],"age_group":"70-79   ","count":86,"tested":576,"deaths":0},{"race":[],"age_group":"80+","count":91,"tested":1531,"deaths":0},{"race":[],"age_group":"Unknown","count":0,"tested":10,"deaths":0}],"race":[{"description":"AI/AN**","count":0,"tested":0,"deaths":0,"color":"rgb(31,119,180)"},{"description":"Asian","count":0,"tested":0,"deaths":0,"color":"rgb(140,86,75)"},{"description":"Black","count":7,"tested":22,"deaths":0,"color":"rgb(255,127,14)"},{"description":"Hispanic","count":15,"tested":29,"deaths":0,"color":"rgb(214,39,40)"},{"description":"Left Blank","count":199,"tested":4765,"deaths":0,"color":"rgb(44,160,44)"},{"description":"NH/PI*","count":0,"tested":0,"deaths":0,"color":"rgb(127,127,127)"},{"description":"Other","count":0,"tested":9,"deaths":0,"color":"rgb(148,103,189)"},{"description":"White","count":899,"tested":4712,"deaths":0,"color":"rgb(31,119,180)"}],"gender":[{"description":"Female","count":636,"tested":6274,"deaths":0,"color":"rgb(255,127,14)"},{"description":"Male","count":471,"tested":3024,"deaths":0,"color":"rgb(31,119,180)"},{"description":"Unknown/Left Blank","count":19,"tested":247,"deaths":0,"color":"rgb(44,160,44)"}]}}]}
