{"lastUpdatedDate":{"year":2021,"month":1,"day":11},"county_demographics":[{"County":"Logan","confirmed_cases":2953,"total_tested":48937,"demographics":{"age":[{"race":[],"age_group":"<20","count":294,"tested":4838,"deaths":0},{"race":[],"age_group":"20-29   ","count":484,"tested":7352,"deaths":0},{"race":[],"age_group":"30-39   ","count":604,"tested":8304,"deaths":0},{"race":[],"age_group":"40-49   ","count":472,"tested":6809,"deaths":0},{"race":[],"age_group":"50-59   ","count":422,"tested":6728,"deaths":0},{"race":[],"age_group":"60-69   ","count":325,"tested":5205,"deaths":0},{"race":[],"age_group":"70-79   ","count":189,"tested":3069,"deaths":0},{"race":[],"age_group":"80+","count":161,"tested":3904,"deaths":0},{"race":[],"age_group":"Unknown","count":0,"tested":2728,"deaths":0}],"race":[{"description":"AI/AN**","count":0,"tested":12,"deaths":0,"color":"rgb(31,119,180)"},{"description":"Asian","count":12,"tested":53,"deaths":0,"color":"rgb(140,86,75)"},{"description":"Black","count":339,"tested":956,"deaths":0,"color":"rgb(255,127,14)"},{"description":"Hispanic","count":86,"tested":270,"deaths":0,"color":"rgb(214,39,40)"},{"description":"Left Blank","count":482,"tested":31649,"deaths":0,"color":"rgb(44,160,44)"},{"description":"NH/PI*","count":0,"tested":22,"deaths":0,"color":"rgb(127,127,127)"},{"description":"Other","count":23,"tested":461,"deaths":0,"color":"rgb(148,103,189)"},{"description":"White","count":2004,"tested":15514,"deaths":0,"color":"rgb(31,119,180)"}],"gender":[{"description":"Female","count":1558,"tested":25596,"deaths":0,"color":"rgb(255,127,14)"},{"description":"Male","count":1204,"tested":12892,"deaths":0,"color":"rgb(31,119,180)"},{"description":"Unknown/Left Blank","count":191,"tested":10449,"deaths":0,"color":"rgb(44,160,44)"}]}}]}
