{"lastUpdatedDate":{"year":2021,"month":1,"day":11},"county_demographics":[{"County":"Christian","confirmed_cases":2851,"total_tested":30064,"demographics":{"age":[{"race":[],"age_group":"<20","count":266,"tested":3056,"deaths":0},{"race":[],"age_group":"20-29   ","count":424,"tested":4660,"deaths":0},{"race":[],"age_group":"30-39   ","count":437,"tested":4459,"deaths":0},{"race":[],"age_group":"40-49   ","count":476,"tested":4199,"deaths":0},{"race":[],"age_group":"50-59   ","count":500,"tested":4403,"deaths":0},{"race":[],"age_group":"60-69   ","count":346,"tested":3729,"deaths":0},{"race":[],"age_group":"70-79   ","count":216,"tested":2503,"deaths":0},{"race":[],"age_group":"80+","count":186,"tested":2462,"deaths":0},{"race":[],"age_group":"Unknown","count":0,"tested":593,"deaths":0}],"race":[{"description":"AI/AN**","count":0,"tested":13,"deaths":0,"color":"rgb(31,119,180)"},{"description":"Asian","count":0,"tested":41,"deaths":0,"color":"rgb(140,86,75)"},{"description":"Black","count":70,"tested":161,"deaths":0,"color":"rgb(255,127,14)"},{"description":"Hispanic","count":65,"tested":148,"deaths":0,"color":"rgb(214,39,40)"},{"description":"Left Blank","count":1333,"tested":16000,"deaths":0,"color":"rgb(44,160,44)"},{"description":"NH/PI*","count":0,"tested":9,"deaths":0,"color":"rgb(127,127,127)"},{"description":"Other","count":29,"tested":432,"deaths":0,"color":"rgb(148,103,189)"},{"description":"White","count":1342,"tested":13260,"deaths":0,"color":"rgb(31,119,180)"}],"gender":[{"description":"Female","count":1298,"tested":16407,"deaths":0,"color":"rgb(255,127,14)"},{"description":"Male","count":1414,"tested":9827,"deaths":0,"color":"rgb(31,119,180)"},{"description":"Unknown/Left Blank","count":139,"tested":3830,"deaths":0,"color":"rgb(44,160,44)"}]}}]}
