{"lastUpdatedDate":{"year":2021,"month":1,"day":11},"county_demographics":[{"County":"White","confirmed_cases":1275,"total_tested":16227,"demographics":{"age":[{"race":[],"age_group":"<20","count":159,"tested":1651,"deaths":0},{"race":[],"age_group":"20-29   ","count":155,"tested":2132,"deaths":0},{"race":[],"age_group":"30-39   ","count":159,"tested":2052,"deaths":0},{"race":[],"age_group":"40-49   ","count":162,"tested":1936,"deaths":0},{"race":[],"age_group":"50-59   ","count":197,"tested":1857,"deaths":0},{"race":[],"age_group":"60-69   ","count":191,"tested":1907,"deaths":0},{"race":[],"age_group":"70-79   ","count":122,"tested":1381,"deaths":0},{"race":[],"age_group":"80+","count":130,"tested":3304,"deaths":0},{"race":[],"age_group":"Unknown","count":0,"tested":7,"deaths":0}],"race":[{"description":"Asian","count":0,"tested":18,"deaths":0,"color":"rgb(140,86,75)"},{"description":"Black","count":0,"tested":13,"deaths":0,"color":"rgb(255,127,14)"},{"description":"Hispanic","count":0,"tested":16,"deaths":0,"color":"rgb(214,39,40)"},{"description":"Left Blank","count":479,"tested":11421,"deaths":0,"color":"rgb(44,160,44)"},{"description":"NH/PI*","count":0,"tested":0,"deaths":0,"color":"rgb(127,127,127)"},{"description":"Other","count":6,"tested":49,"deaths":0,"color":"rgb(148,103,189)"},{"description":"White","count":783,"tested":4708,"deaths":0,"color":"rgb(31,119,180)"}],"gender":[{"description":"Female","count":657,"tested":11752,"deaths":0,"color":"rgb(255,127,14)"},{"description":"Male","count":454,"tested":3696,"deaths":0,"color":"rgb(31,119,180)"},{"description":"Unknown/Left Blank","count":164,"tested":779,"deaths":0,"color":"rgb(44,160,44)"}]}}]}
