{"lastUpdatedDate":{"year":2021,"month":1,"day":11},"county_demographics":[{"County":"Jasper","confirmed_cases":989,"total_tested":7990,"demographics":{"age":[{"race":[],"age_group":"<20","count":148,"tested":1066,"deaths":0},{"race":[],"age_group":"20-29   ","count":105,"tested":921,"deaths":0},{"race":[],"age_group":"30-39   ","count":125,"tested":899,"deaths":0},{"race":[],"age_group":"40-49   ","count":132,"tested":1088,"deaths":0},{"race":[],"age_group":"50-59   ","count":153,"tested":1183,"deaths":0},{"race":[],"age_group":"60-69   ","count":156,"tested":951,"deaths":0},{"race":[],"age_group":"70-79   ","count":87,"tested":696,"deaths":0},{"race":[],"age_group":"80+","count":83,"tested":1184,"deaths":0},{"race":[],"age_group":"Unknown","count":0,"tested":0,"deaths":0}],"race":[{"description":"AI/AN**","count":0,"tested":0,"deaths":0,"color":"rgb(31,119,180)"},{"description":"Asian","count":0,"tested":0,"deaths":0,"color":"rgb(140,86,75)"},{"description":"Black","count":0,"tested":14,"deaths":0,"color":"rgb(255,127,14)"},{"description":"Hispanic","count":0,"tested":53,"deaths":0,"color":"rgb(214,39,40)"},{"description":"Left Blank","count":280,"tested":1527,"deaths":0,"color":"rgb(44,160,44)"},{"description":"Other","count":0,"tested":281,"deaths":0,"color":"rgb(148,103,189)"},{"description":"White","count":696,"tested":6112,"deaths":0,"color":"rgb(31,119,180)"}],"gender":[{"description":"Female","count":544,"tested":5105,"deaths":0,"color":"rgb(255,127,14)"},{"description":"Male","count":422,"tested":2606,"deaths":0,"color":"rgb(31,119,180)"},{"description":"Unknown/Left Blank","count":23,"tested":279,"deaths":0,"color":"rgb(44,160,44)"}]}}]}
