{"lastUpdatedDate":{"year":2021,"month":5,"day":6},"county_demographics":[{"County":"Bureau","confirmed_cases":3677,"total_tested":45578,"demographics":{"age":[{"race":[],"age_group":"<20","count":496,"tested":5200,"deaths":0},{"race":[],"age_group":"20-29   ","count":499,"tested":6659,"deaths":0},{"race":[],"age_group":"30-39   ","count":541,"tested":6952,"deaths":0},{"race":[],"age_group":"40-49   ","count":552,"tested":6536,"deaths":0},{"race":[],"age_group":"50-59   ","count":610,"tested":7783,"deaths":0},{"race":[],"age_group":"60-69   ","count":438,"tested":5961,"deaths":0},{"race":[],"age_group":"70-79   ","count":292,"tested":3098,"deaths":0},{"race":[],"age_group":"80+","count":249,"tested":3387,"deaths":0},{"race":[],"age_group":"Unknown","count":0,"tested":0,"deaths":0}],"race":[{"description":"AI/AN**","count":0,"tested":6,"deaths":0,"color":"rgb(31,119,180)"},{"description":"Asian","count":6,"tested":190,"deaths":0,"color":"rgb(140,86,75)"},{"description":"Black","count":9,"tested":204,"deaths":0,"color":"rgb(255,127,14)"},{"description":"Hispanic","count":248,"tested":1215,"deaths":0,"color":"rgb(214,39,40)"},{"description":"Left Blank","count":1438,"tested":24299,"deaths":0,"color":"rgb(44,160,44)"},{"description":"NH/PI*","count":0,"tested":113,"deaths":0,"color":"rgb(127,127,127)"},{"description":"Other","count":83,"tested":426,"deaths":0,"color":"rgb(148,103,189)"},{"description":"White","count":1882,"tested":19125,"deaths":0,"color":"rgb(31,119,180)"}],"gender":[{"description":"Female","count":1926,"tested":27692,"deaths":0,"color":"rgb(255,127,14)"},{"description":"Male","count":1658,"tested":13688,"deaths":0,"color":"rgb(31,119,180)"},{"description":"Unknown/Left Blank","count":93,"tested":4198,"deaths":0,"color":"rgb(44,160,44)"}]}}]}
