{"lastUpdatedDate":{"year":2021,"month":5,"day":6},"county_demographics":[{"County":"Kankakee","confirmed_cases":14007,"total_tested":231204,"demographics":{"age":[{"race":[],"age_group":"<20","count":2158,"tested":19379,"deaths":0},{"race":[],"age_group":"20-29   ","count":2482,"tested":34251,"deaths":0},{"race":[],"age_group":"30-39   ","count":2149,"tested":34272,"deaths":0},{"race":[],"age_group":"40-49   ","count":2102,"tested":34345,"deaths":0},{"race":[],"age_group":"50-59   ","count":2109,"tested":38918,"deaths":0},{"race":[],"age_group":"60-69   ","count":1536,"tested":31613,"deaths":0},{"race":[],"age_group":"70-79   ","count":861,"tested":19745,"deaths":0},{"race":[],"age_group":"80+","count":607,"tested":18608,"deaths":0},{"race":[],"age_group":"Unknown","count":0,"tested":73,"deaths":0}],"race":[{"description":"AI/AN**","count":0,"tested":110,"deaths":0,"color":"rgb(31,119,180)"},{"description":"Asian","count":63,"tested":1412,"deaths":0,"color":"rgb(140,86,75)"},{"description":"Black","count":1841,"tested":40906,"deaths":0,"color":"rgb(255,127,14)"},{"description":"Hispanic","count":1305,"tested":8754,"deaths":0,"color":"rgb(214,39,40)"},{"description":"Left Blank","count":3266,"tested":54370,"deaths":0,"color":"rgb(44,160,44)"},{"description":"NH/PI*","count":0,"tested":306,"deaths":0,"color":"rgb(127,127,127)"},{"description":"Other","count":363,"tested":5975,"deaths":0,"color":"rgb(148,103,189)"},{"description":"White","count":7157,"tested":119371,"deaths":0,"color":"rgb(31,119,180)"}],"gender":[{"description":"Female","count":7424,"tested":135710,"deaths":0,"color":"rgb(255,127,14)"},{"description":"Male","count":6538,"tested":91092,"deaths":0,"color":"rgb(31,119,180)"},{"description":"Unknown/Left Blank","count":45,"tested":4402,"deaths":0,"color":"rgb(44,160,44)"}]}}]}
