{"lastUpdatedDate":{"year":2021,"month":5,"day":6},"county_demographics":[{"County":"Vermilion","confirmed_cases":9422,"total_tested":148131,"demographics":{"age":[{"race":[],"age_group":"<20","count":1612,"tested":18554,"deaths":0},{"race":[],"age_group":"20-29   ","count":1474,"tested":23434,"deaths":0},{"race":[],"age_group":"30-39   ","count":1475,"tested":25833,"deaths":0},{"race":[],"age_group":"40-49   ","count":1396,"tested":21860,"deaths":0},{"race":[],"age_group":"50-59   ","count":1339,"tested":19257,"deaths":0},{"race":[],"age_group":"60-69   ","count":1095,"tested":16982,"deaths":0},{"race":[],"age_group":"70-79   ","count":632,"tested":10891,"deaths":0},{"race":[],"age_group":"80+","count":398,"tested":9083,"deaths":0},{"race":[],"age_group":"Unknown","count":0,"tested":2237,"deaths":0}],"race":[{"description":"AI/AN**","count":6,"tested":78,"deaths":0,"color":"rgb(31,119,180)"},{"description":"Asian","count":31,"tested":432,"deaths":0,"color":"rgb(140,86,75)"},{"description":"Black","count":1433,"tested":10453,"deaths":0,"color":"rgb(255,127,14)"},{"description":"Hispanic","count":553,"tested":2697,"deaths":0,"color":"rgb(214,39,40)"},{"description":"Left Blank","count":808,"tested":57290,"deaths":0,"color":"rgb(44,160,44)"},{"description":"NH/PI*","count":6,"tested":87,"deaths":0,"color":"rgb(127,127,127)"},{"description":"Other","count":441,"tested":3674,"deaths":0,"color":"rgb(148,103,189)"},{"description":"White","count":6140,"tested":73420,"deaths":0,"color":"rgb(31,119,180)"}],"gender":[{"description":"Female","count":4560,"tested":68151,"deaths":0,"color":"rgb(255,127,14)"},{"description":"Male","count":4791,"tested":62912,"deaths":0,"color":"rgb(31,119,180)"},{"description":"Unknown/Left Blank","count":71,"tested":17068,"deaths":0,"color":"rgb(44,160,44)"}]}}]}
