{"lastUpdatedDate":{"year":2021,"month":5,"day":6},"county_demographics":[{"County":"Shelby","confirmed_cases":2283,"total_tested":27313,"demographics":{"age":[{"race":[],"age_group":"<20","count":329,"tested":3701,"deaths":0},{"race":[],"age_group":"20-29   ","count":323,"tested":3853,"deaths":0},{"race":[],"age_group":"30-39   ","count":294,"tested":3716,"deaths":0},{"race":[],"age_group":"40-49   ","count":290,"tested":3493,"deaths":0},{"race":[],"age_group":"50-59   ","count":355,"tested":4201,"deaths":0},{"race":[],"age_group":"60-69   ","count":328,"tested":3126,"deaths":0},{"race":[],"age_group":"70-79   ","count":228,"tested":2395,"deaths":0},{"race":[],"age_group":"80+","count":136,"tested":2822,"deaths":0},{"race":[],"age_group":"Unknown","count":0,"tested":6,"deaths":0}],"race":[{"description":"AI/AN**","count":0,"tested":10,"deaths":0,"color":"rgb(31,119,180)"},{"description":"Asian","count":0,"tested":46,"deaths":0,"color":"rgb(140,86,75)"},{"description":"Black","count":8,"tested":72,"deaths":0,"color":"rgb(255,127,14)"},{"description":"Hispanic","count":15,"tested":108,"deaths":0,"color":"rgb(214,39,40)"},{"description":"Left Blank","count":229,"tested":10435,"deaths":0,"color":"rgb(44,160,44)"},{"description":"NH/PI*","count":0,"tested":6,"deaths":0,"color":"rgb(127,127,127)"},{"description":"Other","count":11,"tested":539,"deaths":0,"color":"rgb(148,103,189)"},{"description":"White","count":2011,"tested":16097,"deaths":0,"color":"rgb(31,119,180)"}],"gender":[{"description":"Female","count":1266,"tested":16891,"deaths":0,"color":"rgb(255,127,14)"},{"description":"Male","count":962,"tested":9365,"deaths":0,"color":"rgb(31,119,180)"},{"description":"Unknown/Left Blank","count":55,"tested":1057,"deaths":0,"color":"rgb(44,160,44)"}]}}]}
