{"lastUpdatedDate":{"year":2021,"month":5,"day":6},"county_demographics":[{"County":"Franklin","confirmed_cases":4420,"total_tested":52096,"demographics":{"age":[{"race":[],"age_group":"<20","count":612,"tested":5609,"deaths":0},{"race":[],"age_group":"20-29   ","count":644,"tested":7407,"deaths":0},{"race":[],"age_group":"30-39   ","count":560,"tested":7304,"deaths":0},{"race":[],"age_group":"40-49   ","count":645,"tested":7509,"deaths":0},{"race":[],"age_group":"50-59   ","count":710,"tested":8051,"deaths":0},{"race":[],"age_group":"60-69   ","count":578,"tested":6262,"deaths":0},{"race":[],"age_group":"70-79   ","count":422,"tested":4934,"deaths":0},{"race":[],"age_group":"80+","count":248,"tested":5002,"deaths":0},{"race":[],"age_group":"Unknown","count":0,"tested":18,"deaths":0}],"race":[{"description":"AI/AN**","count":0,"tested":10,"deaths":0,"color":"rgb(31,119,180)"},{"description":"Asian","count":0,"tested":40,"deaths":0,"color":"rgb(140,86,75)"},{"description":"Black","count":15,"tested":219,"deaths":0,"color":"rgb(255,127,14)"},{"description":"Hispanic","count":34,"tested":316,"deaths":0,"color":"rgb(214,39,40)"},{"description":"Left Blank","count":1242,"tested":19666,"deaths":0,"color":"rgb(44,160,44)"},{"description":"NH/PI*","count":0,"tested":0,"deaths":0,"color":"rgb(127,127,127)"},{"description":"Other","count":25,"tested":404,"deaths":0,"color":"rgb(148,103,189)"},{"description":"White","count":3094,"tested":31440,"deaths":0,"color":"rgb(31,119,180)"}],"gender":[{"description":"Female","count":2379,"tested":29449,"deaths":0,"color":"rgb(255,127,14)"},{"description":"Male","count":1920,"tested":17825,"deaths":0,"color":"rgb(31,119,180)"},{"description":"Unknown/Left Blank","count":120,"tested":4822,"deaths":0,"color":"rgb(44,160,44)"}]}}]}
