{"lastUpdatedDate":{"year":2021,"month":5,"day":6},"county_demographics":[{"County":"Jefferson","confirmed_cases":4251,"total_tested":56354,"demographics":{"age":[{"race":[],"age_group":"<20","count":494,"tested":4412,"deaths":0},{"race":[],"age_group":"20-29   ","count":575,"tested":8308,"deaths":0},{"race":[],"age_group":"30-39   ","count":621,"tested":10380,"deaths":0},{"race":[],"age_group":"40-49   ","count":615,"tested":10021,"deaths":0},{"race":[],"age_group":"50-59   ","count":672,"tested":9016,"deaths":0},{"race":[],"age_group":"60-69   ","count":550,"tested":5843,"deaths":0},{"race":[],"age_group":"70-79   ","count":391,"tested":3968,"deaths":0},{"race":[],"age_group":"80+","count":331,"tested":3940,"deaths":0},{"race":[],"age_group":"Unknown","count":0,"tested":466,"deaths":0}],"race":[{"description":"AI/AN**","count":0,"tested":20,"deaths":0,"color":"rgb(31,119,180)"},{"description":"Asian","count":17,"tested":131,"deaths":0,"color":"rgb(140,86,75)"},{"description":"Black","count":170,"tested":1973,"deaths":0,"color":"rgb(255,127,14)"},{"description":"Hispanic","count":88,"tested":609,"deaths":0,"color":"rgb(214,39,40)"},{"description":"Left Blank","count":1696,"tested":30603,"deaths":0,"color":"rgb(44,160,44)"},{"description":"NH/PI*","count":0,"tested":28,"deaths":0,"color":"rgb(127,127,127)"},{"description":"Other","count":67,"tested":1420,"deaths":0,"color":"rgb(148,103,189)"},{"description":"White","count":2207,"tested":21570,"deaths":0,"color":"rgb(31,119,180)"}],"gender":[{"description":"Female","count":2100,"tested":24432,"deaths":0,"color":"rgb(255,127,14)"},{"description":"Male","count":1831,"tested":19593,"deaths":0,"color":"rgb(31,119,180)"},{"description":"Unknown/Left Blank","count":318,"tested":12329,"deaths":0,"color":"rgb(44,160,44)"}]}}]}
