{"age":[{"age_group":"<20","count":15,"tested":254},{"age_group":"20-29   ","count":20,"tested":165},{"age_group":"30-39   ","count":18,"tested":176},{"age_group":"40-49   ","count":26,"tested":154},{"age_group":"50-59   ","count":31,"tested":222},{"age_group":"60-69   ","count":21,"tested":180},{"age_group":"70-79   ","count":13,"tested":115}],"race":[{"description":"White","count":86,"tested":867,"color":"rgb(31,119,180)"},{"description":"Left Blank","count":34,"tested":401,"color":"rgb(44,160,44)"}],"gender":[{"description":"Male","count":58,"tested":526,"color":"rgb(31,119,180)"},{"description":"Female","count":66,"tested":785,"color":"rgb(255,127,14)"}]}
