{"age":[{"age_group":"<20","count":10,"tested":126},{"age_group":"30-39   ","count":6,"tested":96},{"age_group":"40-49   ","count":6,"tested":147},{"age_group":"50-59   ","count":6,"tested":116},{"age_group":"60-69   ","count":10,"tested":135},{"age_group":"80+","count":7,"tested":87}],"race":[{"description":"White","count":43,"tested":675,"color":"rgb(31,119,180)"},{"description":"Left Blank","count":6,"tested":137,"color":"rgb(44,160,44)"}],"gender":[{"description":"Female","count":34,"tested":565,"color":"rgb(255,127,14)"},{"description":"Male","count":16,"tested":289,"color":"rgb(31,119,180)"}]}
