{"age":[{"age_group":"<20","count":858,"tested":4759},{"age_group":"20-29   ","count":1149,"tested":7951},{"age_group":"30-39   ","count":1122,"tested":7895},{"age_group":"40-49   ","count":1147,"tested":7061},{"age_group":"50-59   ","count":881,"tested":6280},{"age_group":"60-69   ","count":542,"tested":4643},{"age_group":"70-79   ","count":281,"tested":2598},{"age_group":"80+","count":174,"tested":1425}],"race":[{"description":"Hispanic","count":2570,"tested":11468,"color":"rgb(214,39,40)"},{"description":"Left Blank","count":1563,"tested":14983,"color":"rgb(44,160,44)"},{"description":"White","count":957,"tested":10073,"color":"rgb(31,119,180)"},{"description":"Black","count":300,"tested":1970,"color":"rgb(255,127,14)"},{"description":"Asian","count":96,"tested":407,"color":"rgb(140,86,75)"},{"description":"Other","count":535,"tested":3684,"color":"rgb(148,103,189)"}],"gender":[{"description":"Female","count":3025,"tested":23509,"color":"rgb(255,127,14)"},{"description":"Male","count":2697,"tested":18169,"color":"rgb(31,119,180)"},{"description":"Unknown/Left Blank","count":104,"tested":954,"color":"rgb(44,160,44)"}]}
