{"age":[{"age_group":"<20","count":562,"tested":3474},{"age_group":"20-29   ","count":638,"tested":6148},{"age_group":"30-39   ","count":615,"tested":6344},{"age_group":"40-49   ","count":578,"tested":6199},{"age_group":"50-59   ","count":555,"tested":6619},{"age_group":"60-69   ","count":433,"tested":5870},{"age_group":"70-79   ","count":280,"tested":3108},{"age_group":"80+","count":267,"tested":2831}],"race":[{"description":"Other","count":150,"tested":1440,"color":"rgb(148,103,189)"},{"description":"Left Blank","count":746,"tested":8358,"color":"rgb(44,160,44)"},{"description":"Black","count":794,"tested":10879,"color":"rgb(255,127,14)"},{"description":"Hispanic","count":652,"tested":2153,"color":"rgb(214,39,40)"},{"description":"White","count":1349,"tested":17574,"color":"rgb(31,119,180)"}],"gender":[{"description":"Unknown/Left Blank","count":87,"tested":237,"color":"rgb(44,160,44)"},{"description":"Male","count":1542,"tested":15747,"color":"rgb(31,119,180)"},{"description":"Female","count":1914,"tested":24625,"color":"rgb(255,127,14)"}]}
