{"age":[{"age_group":"<20","count":248,"tested":2315},{"age_group":"20-29   ","count":334,"tested":2695},{"age_group":"30-39   ","count":251,"tested":2247},{"age_group":"40-49   ","count":262,"tested":2109},{"age_group":"50-59   ","count":280,"tested":2444},{"age_group":"60-69   ","count":194,"tested":1706},{"age_group":"70-79   ","count":120,"tested":980},{"age_group":"80+","count":73,"tested":659}],"race":[{"description":"Black","count":78,"tested":343,"color":"rgb(255,127,14)"},{"description":"Asian","count":52,"tested":230,"color":"rgb(140,86,75)"},{"description":"Other","count":54,"tested":185,"color":"rgb(148,103,189)"},{"description":"Left Blank","count":459,"tested":5872,"color":"rgb(44,160,44)"},{"description":"White","count":936,"tested":7862,"color":"rgb(31,119,180)"},{"description":"Hispanic","count":127,"tested":653,"color":"rgb(214,39,40)"}],"gender":[{"description":"Female","count":844,"tested":8706,"color":"rgb(255,127,14)"},{"description":"Male","count":751,"tested":6264,"color":"rgb(31,119,180)"}]}
