{"age":[{"age_group":"<20","count":40,"tested":281},{"age_group":"20-29   ","count":28,"tested":257},{"age_group":"30-39   ","count":39,"tested":345},{"age_group":"40-49   ","count":37,"tested":322},{"age_group":"50-59   ","count":36,"tested":416},{"age_group":"60-69   ","count":31,"tested":423},{"age_group":"70-79   ","count":33,"tested":353},{"age_group":"80+","count":52,"tested":747}],"race":[{"description":"Left Blank","count":143,"tested":2221,"color":"rgb(44,160,44)"},{"description":"White","count":135,"tested":861,"color":"rgb(31,119,180)"}],"gender":[{"description":"Female","count":171,"tested":2115,"color":"rgb(255,127,14)"},{"description":"Male","count":112,"tested":1019,"color":"rgb(31,119,180)"}]}
