{"age":[{"age_group":"<20","count":193,"tested":1427},{"age_group":"20-29   ","count":196,"tested":1761},{"age_group":"30-39   ","count":184,"tested":1726},{"age_group":"40-49   ","count":202,"tested":1483},{"age_group":"50-59   ","count":212,"tested":1840},{"age_group":"60-69   ","count":165,"tested":1985},{"age_group":"70-79   ","count":98,"tested":1372},{"age_group":"80+","count":74,"tested":703}],"race":[{"description":"Black","count":59,"tested":224,"color":"rgb(255,127,14)"},{"description":"Hispanic","count":109,"tested":348,"color":"rgb(214,39,40)"},{"description":"White","count":420,"tested":4426,"color":"rgb(31,119,180)"},{"description":"Asian","count":99,"tested":586,"color":"rgb(140,86,75)"},{"description":"Other","count":77,"tested":481,"color":"rgb(148,103,189)"},{"description":"Left Blank","count":472,"tested":6210,"color":"rgb(44,160,44)"}],"gender":[{"description":"Female","count":541,"tested":6736,"color":"rgb(255,127,14)"},{"description":"Male","count":516,"tested":5481,"color":"rgb(31,119,180)"},{"description":"Unknown/Left Blank","count":52,"tested":83,"color":"rgb(44,160,44)"}]}
