{"age":[{"age_group":"<20","count":363,"tested":1588},{"age_group":"20-29   ","count":428,"tested":2174},{"age_group":"30-39   ","count":402,"tested":2052},{"age_group":"40-49   ","count":404,"tested":2065},{"age_group":"50-59   ","count":398,"tested":2012},{"age_group":"60-69   ","count":339,"tested":2033},{"age_group":"70-79   ","count":267,"tested":960},{"age_group":"80+","count":253,"tested":1199}],"race":[{"description":"Left Blank","count":511,"tested":5524,"color":"rgb(44,160,44)"},{"description":"White","count":1011,"tested":7398,"color":"rgb(31,119,180)"},{"description":"Hispanic","count":225,"tested":218,"color":"rgb(214,39,40)"},{"description":"Other","count":247,"tested":241,"color":"rgb(148,103,189)"},{"description":"Black","count":254,"tested":634,"color":"rgb(255,127,14)"},{"description":"Asian","count":208,"tested":66,"color":"rgb(140,86,75)"}],"gender":[{"description":"Male","count":846,"tested":5485,"color":"rgb(31,119,180)"},{"description":"Unknown/Left Blank","count":218,"tested":1970,"color":"rgb(44,160,44)"},{"description":"Female","count":795,"tested":6628,"color":"rgb(255,127,14)"}]}
