{"age":[{"age_group":"<20","count":339,"tested":2057},{"age_group":"20-29   ","count":541,"tested":3742},{"age_group":"30-39   ","count":408,"tested":3150},{"age_group":"40-49   ","count":392,"tested":2999},{"age_group":"50-59   ","count":434,"tested":3204},{"age_group":"60-69   ","count":345,"tested":3200},{"age_group":"70-79   ","count":241,"tested":2362},{"age_group":"80+","count":181,"tested":2023}],"race":[{"description":"Other","count":178,"tested":693,"color":"rgb(148,103,189)"},{"description":"Black","count":129,"tested":595,"color":"rgb(255,127,14)"},{"description":"Asian","count":123,"tested":383,"color":"rgb(140,86,75)"},{"description":"White","count":890,"tested":7730,"color":"rgb(31,119,180)"},{"description":"Left Blank","count":1224,"tested":12790,"color":"rgb(44,160,44)"},{"description":"Hispanic","count":172,"tested":511,"color":"rgb(214,39,40)"}],"gender":[{"description":"Male","count":1109,"tested":8958,"color":"rgb(31,119,180)"},{"description":"Female","count":1264,"tested":13302,"color":"rgb(255,127,14)"},{"description":"Unknown/Left Blank","count":100,"tested":488,"color":"rgb(44,160,44)"}]}
