{"age":[{"age_group":"<20","count":52,"tested":231},{"age_group":"20-29   ","count":55,"tested":176},{"age_group":"30-39   ","count":46,"tested":183},{"age_group":"40-49   ","count":54,"tested":257},{"age_group":"50-59   ","count":48,"tested":230},{"age_group":"60-69   ","count":42,"tested":165}],"race":[{"description":"Left Blank","count":44,"tested":181,"color":"rgb(44,160,44)"},{"description":"White","count":135,"tested":1251,"color":"rgb(31,119,180)"}],"gender":[{"description":"Female","count":94,"tested":876,"color":"rgb(255,127,14)"},{"description":"Male","count":92,"tested":599,"color":"rgb(31,119,180)"}]}
