{"age":[{"age_group":"<20","count":158,"tested":864},{"age_group":"20-29   ","count":154,"tested":811},{"age_group":"30-39   ","count":154,"tested":760},{"age_group":"40-49   ","count":148,"tested":539},{"age_group":"50-59   ","count":152,"tested":695},{"age_group":"60-69   ","count":157,"tested":554},{"age_group":"70-79   ","count":148,"tested":352},{"age_group":"80+","count":167,"tested":333}],"race":[{"description":"Left Blank","count":166,"tested":1064,"color":"rgb(44,160,44)"},{"description":"White","count":298,"tested":3591,"color":"rgb(31,119,180)"}],"gender":[{"description":"Female","count":249,"tested":3018,"color":"rgb(255,127,14)"},{"description":"Male","count":225,"tested":1851,"color":"rgb(31,119,180)"}]}
