{"age":[{"age_group":"<20","count":264,"tested":2245},{"age_group":"20-29   ","count":222,"tested":1934},{"age_group":"30-39   ","count":170,"tested":1695},{"age_group":"40-49   ","count":296,"tested":2498},{"age_group":"50-59   ","count":223,"tested":2345},{"age_group":"60-69   ","count":102,"tested":1022},{"age_group":"70-79   ","count":66,"tested":557},{"age_group":"80+","count":45,"tested":317}],"race":[{"description":"NH/PI*","count":37,"tested":18,"color":"rgb(127,127,127)"},{"description":"Black","count":74,"tested":593,"color":"rgb(255,127,14)"},{"description":"Hispanic","count":125,"tested":650,"color":"rgb(214,39,40)"},{"description":"Asian","count":71,"tested":631,"color":"rgb(140,86,75)"},{"description":"White","count":438,"tested":4719,"color":"rgb(31,119,180)"},{"description":"Left Blank","count":544,"tested":5519,"color":"rgb(44,160,44)"},{"description":"Other","count":68,"tested":482,"color":"rgb(148,103,189)"}],"gender":[{"description":"Female","count":608,"tested":6924,"color":"rgb(255,127,14)"},{"description":"Male","count":589,"tested":5595,"color":"rgb(31,119,180)"}]}
