{"age":[{"age_group":"<20","count":81,"tested":413},{"age_group":"20-29   ","count":98,"tested":640},{"age_group":"30-39   ","count":73,"tested":539},{"age_group":"40-49   ","count":90,"tested":599},{"age_group":"50-59   ","count":92,"tested":678},{"age_group":"60-69   ","count":60,"tested":574},{"age_group":"70-79   ","count":47,"tested":209}],"race":[{"description":"Left Blank","count":157,"tested":1800,"color":"rgb(44,160,44)"},{"description":"Other","count":37,"tested":72,"color":"rgb(148,103,189)"},{"description":"White","count":160,"tested":1583,"color":"rgb(31,119,180)"},{"description":"Asian","count":35,"tested":37,"color":"rgb(140,86,75)"},{"description":"Hispanic","count":94,"tested":256,"color":"rgb(214,39,40)"}],"gender":[{"description":"Female","count":213,"tested":2046,"color":"rgb(255,127,14)"},{"description":"Male","count":182,"tested":1698,"color":"rgb(31,119,180)"}]}
