{"age":[{"age_group":"<20","count":100,"tested":995},{"age_group":"20-29   ","count":98,"tested":1103},{"age_group":"30-39   ","count":97,"tested":1115},{"age_group":"40-49   ","count":82,"tested":962},{"age_group":"50-59   ","count":118,"tested":1349},{"age_group":"60-69   ","count":94,"tested":1280},{"age_group":"70-79   ","count":52,"tested":691},{"age_group":"80+","count":34,"tested":352}],"race":[{"description":"Hispanic","count":59,"tested":191,"color":"rgb(214,39,40)"},{"description":"White","count":283,"tested":3170,"color":"rgb(31,119,180)"},{"description":"Left Blank","count":236,"tested":4113,"color":"rgb(44,160,44)"},{"description":"Asian","count":31,"tested":137,"color":"rgb(140,86,75)"},{"description":"Black","count":19,"tested":104,"color":"rgb(255,127,14)"},{"description":"Other","count":25,"tested":124,"color":"rgb(148,103,189)"}],"gender":[{"description":"Female","count":305,"tested":4390,"color":"rgb(255,127,14)"},{"description":"Male","count":302,"tested":3358,"color":"rgb(31,119,180)"}]}
