{"age":[{"age_group":"<20","count":439,"tested":2897},{"age_group":"20-29   ","count":512,"tested":3552},{"age_group":"30-39   ","count":443,"tested":3409},{"age_group":"40-49   ","count":455,"tested":3425},{"age_group":"50-59   ","count":354,"tested":3457},{"age_group":"60-69   ","count":246,"tested":2961},{"age_group":"70-79   ","count":145,"tested":1240},{"age_group":"80+","count":113,"tested":617}],"race":[{"description":"Other","count":134,"tested":675,"color":"rgb(148,103,189)"},{"description":"Black","count":390,"tested":2905,"color":"rgb(255,127,14)"},{"description":"Asian","count":78,"tested":271,"color":"rgb(140,86,75)"},{"description":"White","count":374,"tested":3310,"color":"rgb(31,119,180)"},{"description":"Left Blank","count":614,"tested":9812,"color":"rgb(44,160,44)"},{"description":"Hispanic","count":995,"tested":4531,"color":"rgb(214,39,40)"}],"gender":[{"description":"Unknown/Left Blank","count":68,"tested":317,"color":"rgb(44,160,44)"},{"description":"Male","count":1082,"tested":8646,"color":"rgb(31,119,180)"},{"description":"Female","count":1267,"tested":12600,"color":"rgb(255,127,14)"}]}
