{"age":[{"age_group":"<20","count":93,"tested":495},{"age_group":"20-29   ","count":130,"tested":793},{"age_group":"30-39   ","count":96,"tested":578},{"age_group":"40-49   ","count":96,"tested":484},{"age_group":"50-59   ","count":74,"tested":509},{"age_group":"60-69   ","count":48,"tested":327},{"age_group":"70-79   ","count":28,"tested":162}],"race":[{"description":"Other","count":30,"tested":96,"color":"rgb(148,103,189)"},{"description":"Hispanic","count":163,"tested":681,"color":"rgb(214,39,40)"},{"description":"White","count":64,"tested":497,"color":"rgb(31,119,180)"},{"description":"Left Blank","count":245,"tested":1868,"color":"rgb(44,160,44)"},{"description":"Black","count":43,"tested":261,"color":"rgb(255,127,14)"}],"gender":[{"description":"Male","count":254,"tested":1541,"color":"rgb(31,119,180)"},{"description":"Female","count":260,"tested":1854,"color":"rgb(255,127,14)"}]}
