{"age":[{"age_group":"<20","count":67,"tested":383},{"age_group":"20-29   ","count":87,"tested":461},{"age_group":"30-39   ","count":83,"tested":447},{"age_group":"40-49   ","count":73,"tested":405},{"age_group":"50-59   ","count":89,"tested":848},{"age_group":"60-69   ","count":73,"tested":571},{"age_group":"70-79   ","count":69,"tested":277},{"age_group":"80+","count":50,"tested":537}],"race":[{"description":"Left Blank","count":104,"tested":1077,"color":"rgb(44,160,44)"},{"description":"Other","count":57,"tested":134,"color":"rgb(148,103,189)"},{"description":"White","count":218,"tested":2553,"color":"rgb(31,119,180)"}],"gender":[{"description":"Male","count":154,"tested":1400,"color":"rgb(31,119,180)"},{"description":"Female","count":189,"tested":2470,"color":"rgb(255,127,14)"}]}
