{"age":[{"age_group":"<20","count":313,"tested":3102},{"age_group":"20-29   ","count":371,"tested":3079},{"age_group":"30-39   ","count":353,"tested":3313},{"age_group":"40-49   ","count":378,"tested":3373},{"age_group":"50-59   ","count":348,"tested":3041},{"age_group":"60-69   ","count":198,"tested":1915},{"age_group":"70-79   ","count":136,"tested":1323},{"age_group":"80+","count":154,"tested":949}],"race":[{"description":"Black","count":174,"tested":1005,"color":"rgb(255,127,14)"},{"description":"White","count":779,"tested":8073,"color":"rgb(31,119,180)"},{"description":"Asian","count":82,"tested":353,"color":"rgb(140,86,75)"},{"description":"Other","count":103,"tested":662,"color":"rgb(148,103,189)"},{"description":"Left Blank","count":624,"tested":8192,"color":"rgb(44,160,44)"},{"description":"Hispanic","count":390,"tested":1790,"color":"rgb(214,39,40)"}],"gender":[{"description":"Female","count":1024,"tested":11439,"color":"rgb(255,127,14)"},{"description":"Male","count":923,"tested":8501,"color":"rgb(31,119,180)"},{"description":"Unknown/Left Blank","count":59,"tested":156,"color":"rgb(44,160,44)"}]}
