{"age":[{"age_group":"<20","count":175,"tested":2757},{"age_group":"20-29   ","count":502,"tested":12267},{"age_group":"30-39   ","count":607,"tested":15010},{"age_group":"40-49   ","count":391,"tested":8059},{"age_group":"50-59   ","count":388,"tested":8899},{"age_group":"60-69   ","count":309,"tested":6974},{"age_group":"70-79   ","count":196,"tested":3760},{"age_group":"80+","count":175,"tested":4347}],"race":[{"description":"AI/AN**","count":31,"tested":41,"color":"rgb(31,119,180)"},{"description":"Asian","count":159,"tested":2362,"color":"rgb(140,86,75)"},{"description":"Hispanic","count":397,"tested":2796,"color":"rgb(214,39,40)"},{"description":"Black","count":384,"tested":5263,"color":"rgb(255,127,14)"},{"description":"White","count":817,"tested":18024,"color":"rgb(31,119,180)"},{"description":"Other","count":136,"tested":1919,"color":"rgb(148,103,189)"},{"description":"Left Blank","count":792,"tested":31623,"color":"rgb(44,160,44)"}],"gender":[{"description":"Female","count":1208,"tested":30149,"color":"rgb(255,127,14)"},{"description":"Male","count":1316,"tested":28290,"color":"rgb(31,119,180)"},{"description":"Unknown/Left Blank","count":99,"tested":3658,"color":"rgb(44,160,44)"}]}
