{"age":[{"age_group":"<20","count":234,"tested":22236},{"age_group":"20-29   ","count":437,"tested":15913},{"age_group":"30-39   ","count":414,"tested":7114},{"age_group":"40-49   ","count":309,"tested":5003},{"age_group":"50-59   ","count":288,"tested":5355},{"age_group":"60-69   ","count":215,"tested":4312},{"age_group":"70-79   ","count":106,"tested":2190},{"age_group":"80+","count":87,"tested":1931}],"race":[{"description":"Black","count":1258,"tested":17140,"color":"rgb(255,127,14)"},{"description":"White","count":113,"tested":16004,"color":"rgb(31,119,180)"},{"description":"Asian","count":27,"tested":7246,"color":"rgb(140,86,75)"},{"description":"Other","count":27,"tested":434,"color":"rgb(148,103,189)"},{"description":"Hispanic","count":62,"tested":4337,"color":"rgb(214,39,40)"},{"description":"Left Blank","count":579,"tested":18665,"color":"rgb(44,160,44)"}],"gender":[{"description":"Unknown/Left Blank","count":22,"tested":1305,"color":"rgb(44,160,44)"},{"description":"Female","count":1159,"tested":33774,"color":"rgb(255,127,14)"},{"description":"Male","count":859,"tested":28982,"color":"rgb(31,119,180)"}]}
