{"age":[{"age_group":"<20","count":127,"tested":1227},{"age_group":"20-29   ","count":208,"tested":2116},{"age_group":"30-39   ","count":208,"tested":2300},{"age_group":"40-49   ","count":184,"tested":1975},{"age_group":"50-59   ","count":172,"tested":2250},{"age_group":"60-69   ","count":134,"tested":1875},{"age_group":"70-79   ","count":50,"tested":836},{"age_group":"80+","count":27,"tested":293}],"race":[{"description":"Black","count":628,"tested":6856,"color":"rgb(255,127,14)"},{"description":"Hispanic","count":43,"tested":160,"color":"rgb(214,39,40)"},{"description":"White","count":23,"tested":176,"color":"rgb(31,119,180)"},{"description":"Left Blank","count":384,"tested":5462,"color":"rgb(44,160,44)"},{"description":"Other","count":23,"tested":198,"color":"rgb(148,103,189)"}],"gender":[{"description":"Female","count":641,"tested":7959,"color":"rgb(255,127,14)"},{"description":"Unknown/Left Blank","count":20,"tested":240,"color":"rgb(44,160,44)"},{"description":"Male","count":439,"tested":4677,"color":"rgb(31,119,180)"}]}
