{"age":[{"age_group":"<20","count":148,"tested":1352},{"age_group":"20-29   ","count":150,"tested":913},{"age_group":"30-39   ","count":124,"tested":913},{"age_group":"40-49   ","count":128,"tested":871},{"age_group":"50-59   ","count":112,"tested":804},{"age_group":"60-69   ","count":67,"tested":564},{"age_group":"70-79   ","count":56,"tested":268},{"age_group":"80+","count":30,"tested":162}],"race":[{"description":"White","count":370,"tested":2912,"color":"rgb(31,119,180)"},{"description":"Left Blank","count":194,"tested":2191,"color":"rgb(44,160,44)"},{"description":"Hispanic","count":118,"tested":307,"color":"rgb(214,39,40)"},{"description":"Other","count":50,"tested":229,"color":"rgb(148,103,189)"},{"description":"Black","count":29,"tested":134,"color":"rgb(255,127,14)"},{"description":"Asian","count":27,"tested":62,"color":"rgb(140,86,75)"}],"gender":[{"description":"Unknown/Left Blank","count":20,"tested":62,"color":"rgb(44,160,44)"},{"description":"Male","count":337,"tested":2484,"color":"rgb(31,119,180)"},{"description":"Female","count":393,"tested":3301,"color":"rgb(255,127,14)"}]}
