{"age":[{"age_group":"<20","count":287,"tested":1471},{"age_group":"20-29   ","count":377,"tested":2075},{"age_group":"30-39   ","count":344,"tested":1874},{"age_group":"40-49   ","count":363,"tested":1769},{"age_group":"50-59   ","count":319,"tested":1677},{"age_group":"60-69   ","count":192,"tested":1179},{"age_group":"70-79   ","count":119,"tested":479},{"age_group":"80+","count":94,"tested":226}],"race":[{"description":"AI/AN**","count":114,"tested":170,"color":"rgb(31,119,180)"},{"description":"Hispanic","count":680,"tested":2117,"color":"rgb(214,39,40)"},{"description":"White","count":217,"tested":1548,"color":"rgb(31,119,180)"},{"description":"Black","count":211,"tested":1601,"color":"rgb(255,127,14)"},{"description":"Other","count":170,"tested":939,"color":"rgb(148,103,189)"},{"description":"Left Blank","count":593,"tested":4364,"color":"rgb(44,160,44)"}],"gender":[{"description":"Unknown/Left Blank","count":66,"tested":131,"color":"rgb(44,160,44)"},{"description":"Male","count":821,"tested":4531,"color":"rgb(31,119,180)"},{"description":"Female","count":938,"tested":6091,"color":"rgb(255,127,14)"}]}
