{"age":[{"age_group":"<20","count":99,"tested":686},{"age_group":"20-29   ","count":84,"tested":661},{"age_group":"30-39   ","count":72,"tested":596},{"age_group":"40-49   ","count":91,"tested":546},{"age_group":"50-59   ","count":83,"tested":676},{"age_group":"60-69   ","count":58,"tested":458},{"age_group":"70-79   ","count":26,"tested":294},{"age_group":"80+","count":24,"tested":164}],"race":[{"description":"Hispanic","count":82,"tested":223,"color":"rgb(214,39,40)"},{"description":"Left Blank","count":163,"tested":1999,"color":"rgb(44,160,44)"},{"description":"White","count":224,"tested":1786,"color":"rgb(31,119,180)"}],"gender":[{"description":"Male","count":226,"tested":1707,"color":"rgb(31,119,180)"},{"description":"Female","count":239,"tested":2357,"color":"rgb(255,127,14)"}]}
