{"age":[{"age_group":"<20","count":22,"tested":201},{"age_group":"20-29   ","count":18,"tested":167},{"age_group":"30-39   ","count":12,"tested":141},{"age_group":"40-49   ","count":11,"tested":123},{"age_group":"50-59   ","count":21,"tested":223},{"age_group":"60-69   ","count":22,"tested":216},{"age_group":"70-79   ","count":14,"tested":157}],"race":[{"description":"Left Blank","count":9,"tested":123,"color":"rgb(44,160,44)"},{"description":"White","count":98,"tested":1086,"color":"rgb(31,119,180)"}],"gender":[{"description":"Female","count":66,"tested":826,"color":"rgb(255,127,14)"},{"description":"Male","count":49,"tested":446,"color":"rgb(31,119,180)"}]}
