{"age":[{"age_group":"20-29   ","count":6,"tested":35},{"age_group":"30-39   ","count":9,"tested":41},{"age_group":"50-59   ","count":7,"tested":59},{"age_group":"60-69   ","count":6,"tested":47}],"race":[{"description":"White","count":25,"tested":182,"color":"rgb(31,119,180)"},{"description":"Left Blank","count":13,"tested":90,"color":"rgb(44,160,44)"}],"gender":[{"description":"Female","count":20,"tested":140,"color":"rgb(255,127,14)"},{"description":"Male","count":19,"tested":130,"color":"rgb(31,119,180)"}]}
