{"age":[{"age_group":"<20","count":122,"tested":904},{"age_group":"20-29   ","count":115,"tested":925},{"age_group":"30-39   ","count":151,"tested":964},{"age_group":"40-49   ","count":133,"tested":834},{"age_group":"50-59   ","count":139,"tested":904},{"age_group":"60-69   ","count":90,"tested":782},{"age_group":"70-79   ","count":69,"tested":535},{"age_group":"80+","count":58,"tested":328}],"race":[{"description":"White","count":323,"tested":3291,"color":"rgb(31,119,180)"},{"description":"Hispanic","count":156,"tested":524,"color":"rgb(214,39,40)"},{"description":"Left Blank","count":219,"tested":2203,"color":"rgb(44,160,44)"},{"description":"Other","count":42,"tested":98,"color":"rgb(148,103,189)"}],"gender":[{"description":"Male","count":317,"tested":2562,"color":"rgb(31,119,180)"},{"description":"Female","count":361,"tested":3537,"color":"rgb(255,127,14)"}]}
