{"lastUpdatedDate":{"year":2021,"month":8,"day":11},"county_demographics":[{"County":"Stephenson","confirmed_cases":4974,"total_tested":69154,"demographics":{"age":[{"race":[],"age_group":"<20","count":812,"tested":8589,"deaths":0},{"race":[],"age_group":"20-29   ","count":736,"tested":9582,"deaths":0},{"race":[],"age_group":"30-39   ","count":730,"tested":9186,"deaths":0},{"race":[],"age_group":"40-49   ","count":635,"tested":7117,"deaths":0},{"race":[],"age_group":"50-59   ","count":793,"tested":10107,"deaths":0},{"race":[],"age_group":"60-69   ","count":622,"tested":8950,"deaths":0},{"race":[],"age_group":"70-79   ","count":340,"tested":6046,"deaths":0},{"race":[],"age_group":"80+","count":306,"tested":9560,"deaths":0},{"race":[],"age_group":"Unknown","count":0,"tested":17,"deaths":0}],"race":[{"description":"AI/AN**","count":0,"tested":52,"deaths":0,"color":"rgb(31,119,180)"},{"description":"Asian","count":24,"tested":198,"deaths":0,"color":"rgb(140,86,75)"},{"description":"Black","count":337,"tested":3623,"deaths":0,"color":"rgb(255,127,14)"},{"description":"Hispanic","count":155,"tested":946,"deaths":0,"color":"rgb(214,39,40)"},{"description":"Left Blank","count":1073,"tested":28938,"deaths":0,"color":"rgb(44,160,44)"},{"description":"NH/PI*","count":0,"tested":23,"deaths":0,"color":"rgb(127,127,127)"},{"description":"Other","count":58,"tested":1021,"deaths":0,"color":"rgb(148,103,189)"},{"description":"White","count":3315,"tested":34353,"deaths":0,"color":"rgb(31,119,180)"}],"gender":[{"description":"Female","count":2699,"tested":45324,"deaths":0,"color":"rgb(255,127,14)"},{"description":"Male","count":2239,"tested":22729,"deaths":0,"color":"rgb(31,119,180)"},{"description":"Unknown/Left Blank","count":34,"tested":1101,"deaths":0,"color":"rgb(44,160,44)"}]}}]}
