{"lastUpdatedDate":{"year":2021,"month":8,"day":11},"county_demographics":[{"County":"Hamilton","confirmed_cases":970,"total_tested":10683,"demographics":{"age":[{"race":[],"age_group":"<20","count":122,"tested":1196,"deaths":0},{"race":[],"age_group":"20-29   ","count":135,"tested":1425,"deaths":0},{"race":[],"age_group":"30-39   ","count":161,"tested":1438,"deaths":0},{"race":[],"age_group":"40-49   ","count":123,"tested":1842,"deaths":0},{"race":[],"age_group":"50-59   ","count":151,"tested":1822,"deaths":0},{"race":[],"age_group":"60-69   ","count":120,"tested":1250,"deaths":0},{"race":[],"age_group":"70-79   ","count":76,"tested":783,"deaths":0},{"race":[],"age_group":"80+","count":76,"tested":924,"deaths":0},{"race":[],"age_group":"Unknown","count":0,"tested":0,"deaths":0}],"race":[{"description":"AI/AN**","count":0,"tested":0,"deaths":0,"color":"rgb(31,119,180)"},{"description":"Asian","count":0,"tested":8,"deaths":0,"color":"rgb(140,86,75)"},{"description":"Black","count":0,"tested":35,"deaths":0,"color":"rgb(255,127,14)"},{"description":"Hispanic","count":8,"tested":80,"deaths":0,"color":"rgb(214,39,40)"},{"description":"Left Blank","count":283,"tested":4683,"deaths":0,"color":"rgb(44,160,44)"},{"description":"NH/PI*","count":0,"tested":0,"deaths":0,"color":"rgb(127,127,127)"},{"description":"Other","count":0,"tested":106,"deaths":0,"color":"rgb(148,103,189)"},{"description":"White","count":673,"tested":5765,"deaths":0,"color":"rgb(31,119,180)"}],"gender":[{"description":"Female","count":521,"tested":6375,"deaths":0,"color":"rgb(255,127,14)"},{"description":"Male","count":408,"tested":3267,"deaths":0,"color":"rgb(31,119,180)"},{"description":"Unknown/Left Blank","count":41,"tested":1041,"deaths":0,"color":"rgb(44,160,44)"}]}}]}
