{"lastUpdatedDate":{"year":2021,"month":8,"day":11},"county_demographics":[{"County":"Fulton","confirmed_cases":4233,"total_tested":100002,"demographics":{"age":[{"race":[],"age_group":"<20","count":830,"tested":10049,"deaths":0},{"race":[],"age_group":"20-29   ","count":690,"tested":15877,"deaths":0},{"race":[],"age_group":"30-39   ","count":579,"tested":17406,"deaths":0},{"race":[],"age_group":"40-49   ","count":631,"tested":15270,"deaths":0},{"race":[],"age_group":"50-59   ","count":551,"tested":14821,"deaths":0},{"race":[],"age_group":"60-69   ","count":467,"tested":10228,"deaths":0},{"race":[],"age_group":"70-79   ","count":272,"tested":5731,"deaths":0},{"race":[],"age_group":"80+","count":204,"tested":6443,"deaths":0},{"race":[],"age_group":"Unknown","count":0,"tested":4177,"deaths":0}],"race":[{"description":"AI/AN**","count":0,"tested":27,"deaths":0,"color":"rgb(31,119,180)"},{"description":"Asian","count":0,"tested":42,"deaths":0,"color":"rgb(140,86,75)"},{"description":"Black","count":100,"tested":757,"deaths":0,"color":"rgb(255,127,14)"},{"description":"Hispanic","count":50,"tested":260,"deaths":0,"color":"rgb(214,39,40)"},{"description":"Left Blank","count":2717,"tested":71024,"deaths":0,"color":"rgb(44,160,44)"},{"description":"NH/PI*","count":0,"tested":0,"deaths":0,"color":"rgb(127,127,127)"},{"description":"Other","count":45,"tested":1774,"deaths":0,"color":"rgb(148,103,189)"},{"description":"White","count":1312,"tested":26113,"deaths":0,"color":"rgb(31,119,180)"}],"gender":[{"description":"Female","count":2093,"tested":48664,"deaths":0,"color":"rgb(255,127,14)"},{"description":"Male","count":2049,"tested":37281,"deaths":0,"color":"rgb(31,119,180)"},{"description":"Unknown/Left Blank","count":91,"tested":14057,"deaths":0,"color":"rgb(44,160,44)"}]}}]}
