{"lastUpdatedDate":{"year":2021,"month":8,"day":11},"county_demographics":[{"County":"Hardin","confirmed_cases":442,"total_tested":6944,"demographics":{"age":[{"race":[],"age_group":"<20","count":70,"tested":560,"deaths":0},{"race":[],"age_group":"20-29   ","count":56,"tested":1172,"deaths":0},{"race":[],"age_group":"30-39   ","count":49,"tested":1051,"deaths":0},{"race":[],"age_group":"40-49   ","count":58,"tested":1063,"deaths":0},{"race":[],"age_group":"50-59   ","count":61,"tested":1201,"deaths":0},{"race":[],"age_group":"60-69   ","count":64,"tested":891,"deaths":0},{"race":[],"age_group":"70-79   ","count":50,"tested":595,"deaths":0},{"race":[],"age_group":"80+","count":31,"tested":407,"deaths":0},{"race":[],"age_group":"Unknown","count":0,"tested":0,"deaths":0}],"race":[{"description":"AI/AN**","count":0,"tested":0,"deaths":0,"color":"rgb(31,119,180)"},{"description":"Asian","count":0,"tested":16,"deaths":0,"color":"rgb(140,86,75)"},{"description":"Black","count":0,"tested":96,"deaths":0,"color":"rgb(255,127,14)"},{"description":"Hispanic","count":0,"tested":19,"deaths":0,"color":"rgb(214,39,40)"},{"description":"Left Blank","count":120,"tested":2248,"deaths":0,"color":"rgb(44,160,44)"},{"description":"Other","count":0,"tested":20,"deaths":0,"color":"rgb(148,103,189)"},{"description":"White","count":314,"tested":4542,"deaths":0,"color":"rgb(31,119,180)"}],"gender":[{"description":"Female","count":257,"tested":4369,"deaths":0,"color":"rgb(255,127,14)"},{"description":"Male","count":184,"tested":2303,"deaths":0,"color":"rgb(31,119,180)"},{"description":"Unknown/Left Blank","count":0,"tested":272,"deaths":0,"color":"rgb(44,160,44)"}]}}]}
