{"lastUpdatedDate":{"year":2021,"month":8,"day":11},"county_demographics":[{"County":"Madison","confirmed_cases":33821,"total_tested":374440,"demographics":{"age":[{"race":[],"age_group":"<20","count":5636,"tested":52023,"deaths":0},{"race":[],"age_group":"20-29   ","count":5872,"tested":63364,"deaths":0},{"race":[],"age_group":"30-39   ","count":5398,"tested":56622,"deaths":0},{"race":[],"age_group":"40-49   ","count":4786,"tested":48629,"deaths":0},{"race":[],"age_group":"50-59   ","count":4829,"tested":51886,"deaths":0},{"race":[],"age_group":"60-69   ","count":3715,"tested":44668,"deaths":0},{"race":[],"age_group":"70-79   ","count":2076,"tested":26995,"deaths":0},{"race":[],"age_group":"80+","count":1491,"tested":29991,"deaths":0},{"race":[],"age_group":"Unknown","count":17,"tested":262,"deaths":0}],"race":[{"description":"AI/AN**","count":32,"tested":315,"deaths":0,"color":"rgb(31,119,180)"},{"description":"Asian","count":154,"tested":1471,"deaths":0,"color":"rgb(140,86,75)"},{"description":"Black","count":2893,"tested":24492,"deaths":0,"color":"rgb(255,127,14)"},{"description":"Hispanic","count":811,"tested":4121,"deaths":0,"color":"rgb(214,39,40)"},{"description":"Left Blank","count":8016,"tested":163363,"deaths":0,"color":"rgb(44,160,44)"},{"description":"NH/PI*","count":18,"tested":186,"deaths":0,"color":"rgb(127,127,127)"},{"description":"Other","count":1042,"tested":11370,"deaths":0,"color":"rgb(148,103,189)"},{"description":"White","count":20847,"tested":169122,"deaths":0,"color":"rgb(31,119,180)"}],"gender":[{"description":"Female","count":18137,"tested":227423,"deaths":0,"color":"rgb(255,127,14)"},{"description":"Male","count":15409,"tested":140621,"deaths":0,"color":"rgb(31,119,180)"},{"description":"Unknown/Left Blank","count":275,"tested":6396,"deaths":0,"color":"rgb(44,160,44)"}]}}]}
