{"lastUpdatedDate":{"year":2021,"month":8,"day":11},"county_demographics":[{"County":"Cass","confirmed_cases":2188,"total_tested":24837,"demographics":{"age":[{"race":[],"age_group":"<20","count":426,"tested":4439,"deaths":0},{"race":[],"age_group":"20-29   ","count":364,"tested":3716,"deaths":0},{"race":[],"age_group":"30-39   ","count":359,"tested":3637,"deaths":0},{"race":[],"age_group":"40-49   ","count":308,"tested":3894,"deaths":0},{"race":[],"age_group":"50-59   ","count":282,"tested":3649,"deaths":0},{"race":[],"age_group":"60-69   ","count":220,"tested":2360,"deaths":0},{"race":[],"age_group":"70-79   ","count":127,"tested":1656,"deaths":0},{"race":[],"age_group":"80+","count":102,"tested":1483,"deaths":0},{"race":[],"age_group":"Unknown","count":0,"tested":0,"deaths":0}],"race":[{"description":"AI/AN**","count":0,"tested":22,"deaths":0,"color":"rgb(31,119,180)"},{"description":"Asian","count":15,"tested":84,"deaths":0,"color":"rgb(140,86,75)"},{"description":"Black","count":66,"tested":787,"deaths":0,"color":"rgb(255,127,14)"},{"description":"Hispanic","count":747,"tested":3410,"deaths":0,"color":"rgb(214,39,40)"},{"description":"Left Blank","count":58,"tested":6522,"deaths":0,"color":"rgb(44,160,44)"},{"description":"NH/PI*","count":0,"tested":21,"deaths":0,"color":"rgb(127,127,127)"},{"description":"Other","count":8,"tested":1416,"deaths":0,"color":"rgb(148,103,189)"},{"description":"White","count":1284,"tested":12575,"deaths":0,"color":"rgb(31,119,180)"}],"gender":[{"description":"Female","count":1174,"tested":14257,"deaths":0,"color":"rgb(255,127,14)"},{"description":"Male","count":1008,"tested":9540,"deaths":0,"color":"rgb(31,119,180)"},{"description":"Unknown/Left Blank","count":0,"tested":1040,"deaths":0,"color":"rgb(44,160,44)"}]}}]}
