{"lastUpdatedDate":{"year":2021,"month":8,"day":11},"county_demographics":[{"County":"McHenry","confirmed_cases":30220,"total_tested":399786,"demographics":{"age":[{"race":[],"age_group":"<20","count":5088,"tested":57970,"deaths":0},{"race":[],"age_group":"20-29   ","count":5221,"tested":61191,"deaths":0},{"race":[],"age_group":"30-39   ","count":4631,"tested":57087,"deaths":0},{"race":[],"age_group":"40-49   ","count":4668,"tested":53217,"deaths":0},{"race":[],"age_group":"50-59   ","count":5118,"tested":63505,"deaths":0},{"race":[],"age_group":"60-69   ","count":3129,"tested":48765,"deaths":0},{"race":[],"age_group":"70-79   ","count":1384,"tested":30099,"deaths":0},{"race":[],"age_group":"80+","count":976,"tested":27874,"deaths":0},{"race":[],"age_group":"Unknown","count":0,"tested":78,"deaths":0}],"race":[{"description":"AI/AN**","count":37,"tested":513,"deaths":0,"color":"rgb(31,119,180)"},{"description":"Asian","count":528,"tested":7384,"deaths":0,"color":"rgb(140,86,75)"},{"description":"Black","count":347,"tested":4777,"deaths":0,"color":"rgb(255,127,14)"},{"description":"Hispanic","count":4811,"tested":29997,"deaths":0,"color":"rgb(214,39,40)"},{"description":"Left Blank","count":7145,"tested":146189,"deaths":0,"color":"rgb(44,160,44)"},{"description":"NH/PI*","count":29,"tested":727,"deaths":0,"color":"rgb(127,127,127)"},{"description":"Other","count":588,"tested":7544,"deaths":0,"color":"rgb(148,103,189)"},{"description":"White","count":16728,"tested":202655,"deaths":0,"color":"rgb(31,119,180)"}],"gender":[{"description":"Female","count":15423,"tested":229584,"deaths":0,"color":"rgb(255,127,14)"},{"description":"Male","count":14655,"tested":165530,"deaths":0,"color":"rgb(31,119,180)"},{"description":"Unknown/Left Blank","count":142,"tested":4672,"deaths":0,"color":"rgb(44,160,44)"}]}}]}
