{"lastUpdatedDate":{"year":2021,"month":8,"day":11},"county_demographics":[{"County":"Montgomery","confirmed_cases":3982,"total_tested":90208,"demographics":{"age":[{"race":[],"age_group":"<20","count":515,"tested":7173,"deaths":0},{"race":[],"age_group":"20-29   ","count":600,"tested":14918,"deaths":0},{"race":[],"age_group":"30-39   ","count":729,"tested":18828,"deaths":0},{"race":[],"age_group":"40-49   ","count":588,"tested":14463,"deaths":0},{"race":[],"age_group":"50-59   ","count":598,"tested":12462,"deaths":0},{"race":[],"age_group":"60-69   ","count":485,"tested":9295,"deaths":0},{"race":[],"age_group":"70-79   ","count":228,"tested":4699,"deaths":0},{"race":[],"age_group":"80+","count":234,"tested":6604,"deaths":0},{"race":[],"age_group":"Unknown","count":0,"tested":1766,"deaths":0}],"race":[{"description":"AI/AN**","count":0,"tested":17,"deaths":0,"color":"rgb(31,119,180)"},{"description":"Asian","count":0,"tested":136,"deaths":0,"color":"rgb(140,86,75)"},{"description":"Black","count":174,"tested":853,"deaths":0,"color":"rgb(255,127,14)"},{"description":"Hispanic","count":26,"tested":196,"deaths":0,"color":"rgb(214,39,40)"},{"description":"Left Blank","count":1781,"tested":62838,"deaths":0,"color":"rgb(44,160,44)"},{"description":"NH/PI*","count":0,"tested":42,"deaths":0,"color":"rgb(127,127,127)"},{"description":"Other","count":20,"tested":394,"deaths":0,"color":"rgb(148,103,189)"},{"description":"White","count":1960,"tested":25732,"deaths":0,"color":"rgb(31,119,180)"}],"gender":[{"description":"Female","count":1741,"tested":36020,"deaths":0,"color":"rgb(255,127,14)"},{"description":"Male","count":2015,"tested":40003,"deaths":0,"color":"rgb(31,119,180)"},{"description":"Unknown/Left Blank","count":221,"tested":14185,"deaths":0,"color":"rgb(44,160,44)"}]}}]}
