{"lastUpdatedDate":{"year":2021,"month":8,"day":11},"county_demographics":[{"County":"McLean","confirmed_cases":19365,"total_tested":408048,"demographics":{"age":[{"race":[],"age_group":"<20","count":4181,"tested":84592,"deaths":0},{"race":[],"age_group":"20-29   ","count":5133,"tested":106987,"deaths":0},{"race":[],"age_group":"30-39   ","count":2618,"tested":58293,"deaths":0},{"race":[],"age_group":"40-49   ","count":2368,"tested":45422,"deaths":0},{"race":[],"age_group":"50-59   ","count":2167,"tested":45384,"deaths":0},{"race":[],"age_group":"60-69   ","count":1529,"tested":31151,"deaths":0},{"race":[],"age_group":"70-79   ","count":769,"tested":17158,"deaths":0},{"race":[],"age_group":"80+","count":600,"tested":19032,"deaths":0},{"race":[],"age_group":"Unknown","count":0,"tested":29,"deaths":0}],"race":[{"description":"AI/AN**","count":13,"tested":481,"deaths":0,"color":"rgb(31,119,180)"},{"description":"Asian","count":322,"tested":7999,"deaths":0,"color":"rgb(140,86,75)"},{"description":"Black","count":1692,"tested":21311,"deaths":0,"color":"rgb(255,127,14)"},{"description":"Hispanic","count":1215,"tested":13452,"deaths":0,"color":"rgb(214,39,40)"},{"description":"Left Blank","count":4248,"tested":202735,"deaths":0,"color":"rgb(44,160,44)"},{"description":"NH/PI*","count":12,"tested":245,"deaths":0,"color":"rgb(127,127,127)"},{"description":"Other","count":350,"tested":5359,"deaths":0,"color":"rgb(148,103,189)"},{"description":"White","count":11505,"tested":156466,"deaths":0,"color":"rgb(31,119,180)"}],"gender":[{"description":"Female","count":10311,"tested":208301,"deaths":0,"color":"rgb(255,127,14)"},{"description":"Male","count":9041,"tested":178378,"deaths":0,"color":"rgb(31,119,180)"},{"description":"Unknown/Left Blank","count":12,"tested":21369,"deaths":0,"color":"rgb(44,160,44)"}]}}]}
