{"lastUpdatedDate":{"year":2021,"month":8,"day":11},"county_demographics":[{"County":"Brown","confirmed_cases":853,"total_tested":31604,"demographics":{"age":[{"race":[],"age_group":"<20","count":138,"tested":1082,"deaths":0},{"race":[],"age_group":"20-29   ","count":143,"tested":6821,"deaths":0},{"race":[],"age_group":"30-39   ","count":177,"tested":7130,"deaths":0},{"race":[],"age_group":"40-49   ","count":129,"tested":6463,"deaths":0},{"race":[],"age_group":"50-59   ","count":102,"tested":3847,"deaths":0},{"race":[],"age_group":"60-69   ","count":95,"tested":2135,"deaths":0},{"race":[],"age_group":"70-79   ","count":24,"tested":673,"deaths":0},{"race":[],"age_group":"80+","count":36,"tested":609,"deaths":0},{"race":[],"age_group":"Unknown","count":0,"tested":2844,"deaths":0}],"race":[{"description":"AI/AN**","count":0,"tested":0,"deaths":0,"color":"rgb(31,119,180)"},{"description":"Asian","count":0,"tested":6,"deaths":0,"color":"rgb(140,86,75)"},{"description":"Black","count":120,"tested":395,"deaths":0,"color":"rgb(255,127,14)"},{"description":"Hispanic","count":18,"tested":76,"deaths":0,"color":"rgb(214,39,40)"},{"description":"Left Blank","count":159,"tested":26047,"deaths":0,"color":"rgb(44,160,44)"},{"description":"Other","count":0,"tested":55,"deaths":0,"color":"rgb(148,103,189)"},{"description":"White","count":550,"tested":5023,"deaths":0,"color":"rgb(31,119,180)"}],"gender":[{"description":"Female","count":342,"tested":4394,"deaths":0,"color":"rgb(255,127,14)"},{"description":"Male","count":471,"tested":13040,"deaths":0,"color":"rgb(31,119,180)"},{"description":"Unknown/Left Blank","count":40,"tested":14170,"deaths":0,"color":"rgb(44,160,44)"}]}}]}
