{"lastUpdatedDate":{"year":2021,"month":1,"day":24},"county_demographics":[{"County":"Richland","confirmed_cases":1571,"total_tested":18726,"demographics":{"age":[{"race":[],"age_group":"30-39   ","count":211,"tested":2524,"deaths":0},{"race":[],"age_group":"50-59   ","count":226,"tested":2492,"deaths":0},{"race":[],"age_group":"<20","count":212,"tested":2853,"deaths":0},{"race":[],"age_group":"Unknown","count":0,"tested":6,"deaths":0},{"race":[],"age_group":"40-49   ","count":211,"tested":2475,"deaths":0},{"race":[],"age_group":"60-69   ","count":203,"tested":2287,"deaths":0},{"race":[],"age_group":"70-79   ","count":145,"tested":1606,"deaths":0},{"race":[],"age_group":"20-29   ","count":203,"tested":2498,"deaths":0},{"race":[],"age_group":"80+","count":160,"tested":1985,"deaths":0}],"race":[{"description":"AI/AN**","count":0,"tested":0,"deaths":0,"color":"rgb(31,119,180)"},{"description":"Asian","count":6,"tested":58,"deaths":0,"color":"rgb(140,86,75)"},{"description":"Black","count":12,"tested":132,"deaths":0,"color":"rgb(255,127,14)"},{"description":"Hispanic","count":9,"tested":95,"deaths":0,"color":"rgb(214,39,40)"},{"description":"Left Blank","count":166,"tested":4904,"deaths":0,"color":"rgb(44,160,44)"},{"description":"NH/PI*","count":0,"tested":32,"deaths":0,"color":"rgb(127,127,127)"},{"description":"Other","count":7,"tested":154,"deaths":0,"color":"rgb(148,103,189)"},{"description":"White","count":1368,"tested":13348,"deaths":0,"color":"rgb(31,119,180)"}],"gender":[{"description":"Female","count":898,"tested":11501,"deaths":0,"color":"rgb(255,127,14)"},{"description":"Male","count":658,"tested":6336,"deaths":0,"color":"rgb(31,119,180)"},{"description":"Unknown/Left Blank","count":12,"tested":889,"deaths":0,"color":"rgb(44,160,44)"}]}}]}
