{"lastUpdatedDate":{"year":2021,"month":1,"day":24},"county_demographics":[{"County":"Massac","confirmed_cases":1072,"total_tested":8469,"demographics":{"age":[{"race":[],"age_group":"20-29   ","count":151,"tested":1139,"deaths":0},{"race":[],"age_group":"30-39   ","count":122,"tested":884,"deaths":0},{"race":[],"age_group":"80+","count":98,"tested":1001,"deaths":0},{"race":[],"age_group":"50-59   ","count":182,"tested":1291,"deaths":0},{"race":[],"age_group":"70-79   ","count":98,"tested":910,"deaths":0},{"race":[],"age_group":"60-69   ","count":128,"tested":1120,"deaths":0},{"race":[],"age_group":"<20","count":141,"tested":1005,"deaths":0},{"race":[],"age_group":"40-49   ","count":133,"tested":1118,"deaths":0},{"race":[],"age_group":"Unknown","count":0,"tested":0,"deaths":0}],"race":[{"description":"AI/AN**","count":0,"tested":0,"deaths":0,"color":"rgb(31,119,180)"},{"description":"Asian","count":0,"tested":9,"deaths":0,"color":"rgb(140,86,75)"},{"description":"Black","count":22,"tested":197,"deaths":0,"color":"rgb(255,127,14)"},{"description":"Hispanic","count":6,"tested":41,"deaths":0,"color":"rgb(214,39,40)"},{"description":"Left Blank","count":522,"tested":4838,"deaths":0,"color":"rgb(44,160,44)"},{"description":"Other","count":0,"tested":41,"deaths":0,"color":"rgb(148,103,189)"},{"description":"White","count":517,"tested":3338,"deaths":0,"color":"rgb(31,119,180)"}],"gender":[{"description":"Female","count":564,"tested":5137,"deaths":0,"color":"rgb(255,127,14)"},{"description":"Male","count":484,"tested":3087,"deaths":0,"color":"rgb(31,119,180)"},{"description":"Unknown/Left Blank","count":23,"tested":245,"deaths":0,"color":"rgb(44,160,44)"}]}}]}
