{"lastUpdatedDate":{"year":2021,"month":1,"day":24},"county_demographics":[{"County":"Kendall","confirmed_cases":10016,"total_tested":93574,"demographics":{"age":[{"race":[],"age_group":"20-29   ","count":1764,"tested":15514,"deaths":0},{"race":[],"age_group":"60-69   ","count":730,"tested":8395,"deaths":0},{"race":[],"age_group":"70-79   ","count":369,"tested":4954,"deaths":0},{"race":[],"age_group":"30-39   ","count":1815,"tested":16192,"deaths":0},{"race":[],"age_group":"50-59   ","count":1461,"tested":13217,"deaths":0},{"race":[],"age_group":"<20","count":1741,"tested":15403,"deaths":0},{"race":[],"age_group":"Unknown","count":0,"tested":26,"deaths":0},{"race":[],"age_group":"80+","count":209,"tested":3770,"deaths":0},{"race":[],"age_group":"40-49   ","count":1925,"tested":16103,"deaths":0}],"race":[{"description":"AI/AN**","count":9,"tested":71,"deaths":0,"color":"rgb(31,119,180)"},{"description":"Asian","count":154,"tested":1595,"deaths":0,"color":"rgb(140,86,75)"},{"description":"Black","count":555,"tested":4776,"deaths":0,"color":"rgb(255,127,14)"},{"description":"Hispanic","count":2237,"tested":10435,"deaths":0,"color":"rgb(214,39,40)"},{"description":"Left Blank","count":2811,"tested":38326,"deaths":0,"color":"rgb(44,160,44)"},{"description":"NH/PI*","count":0,"tested":53,"deaths":0,"color":"rgb(127,127,127)"},{"description":"Other","count":267,"tested":3092,"deaths":0,"color":"rgb(148,103,189)"},{"description":"White","count":3977,"tested":35226,"deaths":0,"color":"rgb(31,119,180)"}],"gender":[{"description":"Female","count":5272,"tested":53652,"deaths":0,"color":"rgb(255,127,14)"},{"description":"Male","count":4706,"tested":38290,"deaths":0,"color":"rgb(31,119,180)"},{"description":"Unknown/Left Blank","count":38,"tested":1632,"deaths":0,"color":"rgb(44,160,44)"}]}}]}
