{"lastUpdatedDate":{"year":2021,"month":1,"day":24},"county_demographics":[{"County":"De Witt","confirmed_cases":1190,"total_tested":14931,"demographics":{"age":[{"race":[],"age_group":"<20","count":201,"tested":2490,"deaths":0},{"race":[],"age_group":"Unknown","count":0,"tested":0,"deaths":0},{"race":[],"age_group":"80+","count":91,"tested":1058,"deaths":0},{"race":[],"age_group":"30-39   ","count":165,"tested":2020,"deaths":0},{"race":[],"age_group":"70-79   ","count":115,"tested":1192,"deaths":0},{"race":[],"age_group":"40-49   ","count":140,"tested":1914,"deaths":0},{"race":[],"age_group":"50-59   ","count":173,"tested":2112,"deaths":0},{"race":[],"age_group":"60-69   ","count":148,"tested":1799,"deaths":0},{"race":[],"age_group":"20-29   ","count":155,"tested":2345,"deaths":0}],"race":[{"description":"AI/AN**","count":0,"tested":8,"deaths":0,"color":"rgb(31,119,180)"},{"description":"Asian","count":0,"tested":39,"deaths":0,"color":"rgb(140,86,75)"},{"description":"Black","count":0,"tested":80,"deaths":0,"color":"rgb(255,127,14)"},{"description":"Hispanic","count":14,"tested":85,"deaths":0,"color":"rgb(214,39,40)"},{"description":"Left Blank","count":343,"tested":7390,"deaths":0,"color":"rgb(44,160,44)"},{"description":"NH/PI*","count":0,"tested":7,"deaths":0,"color":"rgb(127,127,127)"},{"description":"Other","count":7,"tested":169,"deaths":0,"color":"rgb(148,103,189)"},{"description":"White","count":813,"tested":7153,"deaths":0,"color":"rgb(31,119,180)"}],"gender":[{"description":"Female","count":641,"tested":9291,"deaths":0,"color":"rgb(255,127,14)"},{"description":"Male","count":533,"tested":5400,"deaths":0,"color":"rgb(31,119,180)"},{"description":"Unknown/Left Blank","count":16,"tested":240,"deaths":0,"color":"rgb(44,160,44)"}]}}]}
