{"lastUpdatedDate":{"year":2021,"month":1,"day":24},"county_demographics":[{"County":"DuPage","confirmed_cases":70890,"total_tested":900083,"demographics":{"age":[{"race":[],"age_group":"40-49   ","count":10794,"tested":117671,"deaths":0},{"race":[],"age_group":"80+","count":3069,"tested":87045,"deaths":0},{"race":[],"age_group":"20-29   ","count":12491,"tested":140649,"deaths":0},{"race":[],"age_group":"70-79   ","count":3640,"tested":69764,"deaths":0},{"race":[],"age_group":"<20","count":11457,"tested":102985,"deaths":0},{"race":[],"age_group":"Unknown","count":0,"tested":443,"deaths":0},{"race":[],"age_group":"30-39   ","count":10804,"tested":128492,"deaths":0},{"race":[],"age_group":"50-59   ","count":11133,"tested":136162,"deaths":0},{"race":[],"age_group":"60-69   ","count":7495,"tested":116872,"deaths":0}],"race":[{"description":"AI/AN**","count":90,"tested":598,"deaths":0,"color":"rgb(31,119,180)"},{"description":"Asian","count":4105,"tested":35492,"deaths":0,"color":"rgb(140,86,75)"},{"description":"Black","count":2540,"tested":25288,"deaths":0,"color":"rgb(255,127,14)"},{"description":"Hispanic","count":12762,"tested":46167,"deaths":0,"color":"rgb(214,39,40)"},{"description":"Left Blank","count":18519,"tested":493587,"deaths":0,"color":"rgb(44,160,44)"},{"description":"NH/PI*","count":76,"tested":616,"deaths":0,"color":"rgb(127,127,127)"},{"description":"Other","count":2478,"tested":25746,"deaths":0,"color":"rgb(148,103,189)"},{"description":"White","count":30318,"tested":272589,"deaths":0,"color":"rgb(31,119,180)"}],"gender":[{"description":"Female","count":36313,"tested":516088,"deaths":0,"color":"rgb(255,127,14)"},{"description":"Male","count":34198,"tested":364483,"deaths":0,"color":"rgb(31,119,180)"},{"description":"Unknown/Left Blank","count":379,"tested":19512,"deaths":0,"color":"rgb(44,160,44)"}]}}]}
