{"lastUpdatedDate":{"year":2021,"month":1,"day":24},"county_demographics":[{"County":"Hancock","confirmed_cases":1550,"total_tested":14236,"demographics":{"age":[{"race":[],"age_group":"<20","count":222,"tested":1621,"deaths":0},{"race":[],"age_group":"40-49   ","count":180,"tested":1697,"deaths":0},{"race":[],"age_group":"70-79   ","count":154,"tested":1210,"deaths":0},{"race":[],"age_group":"50-59   ","count":251,"tested":2352,"deaths":0},{"race":[],"age_group":"Unknown","count":0,"tested":0,"deaths":0},{"race":[],"age_group":"20-29   ","count":196,"tested":2028,"deaths":0},{"race":[],"age_group":"60-69   ","count":241,"tested":1967,"deaths":0},{"race":[],"age_group":"80+","count":105,"tested":1404,"deaths":0},{"race":[],"age_group":"30-39   ","count":201,"tested":1955,"deaths":0}],"race":[{"description":"AI/AN**","count":0,"tested":7,"deaths":0,"color":"rgb(31,119,180)"},{"description":"Asian","count":0,"tested":6,"deaths":0,"color":"rgb(140,86,75)"},{"description":"Black","count":0,"tested":16,"deaths":0,"color":"rgb(255,127,14)"},{"description":"Hispanic","count":15,"tested":55,"deaths":0,"color":"rgb(214,39,40)"},{"description":"Left Blank","count":942,"tested":8045,"deaths":0,"color":"rgb(44,160,44)"},{"description":"NH/PI*","count":0,"tested":12,"deaths":0,"color":"rgb(127,127,127)"},{"description":"Other","count":14,"tested":132,"deaths":0,"color":"rgb(148,103,189)"},{"description":"White","count":567,"tested":5963,"deaths":0,"color":"rgb(31,119,180)"}],"gender":[{"description":"Female","count":813,"tested":8923,"deaths":0,"color":"rgb(255,127,14)"},{"description":"Male","count":668,"tested":4648,"deaths":0,"color":"rgb(31,119,180)"},{"description":"Unknown/Left Blank","count":69,"tested":665,"deaths":0,"color":"rgb(44,160,44)"}]}}]}
