{"lastUpdatedDate":{"year":2020,"month":11,"day":19},"county_demographics":[{"County":"Bond","confirmed_cases":875,"total_tested":10294,"demographics":{"age":[{"age_group":"<20","count":129,"tested":1027},{"age_group":"20-29   ","count":158,"tested":1428},{"age_group":"30-39   ","count":139,"tested":1700},{"age_group":"40-49   ","count":131,"tested":1566},{"age_group":"50-59   ","count":125,"tested":1400},{"age_group":"60-69   ","count":107,"tested":1362},{"age_group":"70-79   ","count":56,"tested":989},{"age_group":"80+","count":30,"tested":817},{"age_group":"Unknown","count":0,"tested":0}],"race":[{"description":"AI/AN**","count":0,"tested":0,"color":"rgb(31,119,180)"},{"description":"Asian","count":0,"tested":17,"color":"rgb(140,86,75)"},{"description":"Black","count":14,"tested":87,"color":"rgb(255,127,14)"},{"description":"Hispanic","count":0,"tested":33,"color":"rgb(214,39,40)"},{"description":"Left Blank","count":487,"tested":6324,"color":"rgb(44,160,44)"},{"description":"Other","count":17,"tested":153,"color":"rgb(148,103,189)"},{"description":"White","count":352,"tested":3678,"color":"rgb(31,119,180)"}],"gender":[{"description":"Female","count":387,"tested":5296,"color":"rgb(255,127,14)"},{"description":"Male","count":480,"tested":4792,"color":"rgb(31,119,180)"},{"description":"Unknown/Left Blank","count":0,"tested":206,"color":"rgb(44,160,44)"}]}}]}
