{"lastUpdatedDate":{"year":2020,"month":11,"day":19},"county_demographics":[{"County":"Lawrence","confirmed_cases":712,"total_tested":9064,"demographics":{"age":[{"age_group":"<20","count":80,"tested":1203},{"age_group":"20-29   ","count":104,"tested":1449},{"age_group":"30-39   ","count":100,"tested":1374},{"age_group":"40-49   ","count":100,"tested":1202},{"age_group":"50-59   ","count":101,"tested":1212},{"age_group":"60-69   ","count":90,"tested":920},{"age_group":"70-79   ","count":74,"tested":794},{"age_group":"80+","count":61,"tested":907},{"age_group":"Unknown","count":0,"tested":0}],"race":[{"description":"AI/AN**","count":0,"tested":0,"color":"rgb(31,119,180)"},{"description":"Asian","count":0,"tested":0,"color":"rgb(140,86,75)"},{"description":"Black","count":28,"tested":375,"color":"rgb(255,127,14)"},{"description":"Hispanic","count":0,"tested":39,"color":"rgb(214,39,40)"},{"description":"Left Blank","count":156,"tested":4567,"color":"rgb(44,160,44)"},{"description":"Other","count":0,"tested":49,"color":"rgb(148,103,189)"},{"description":"White","count":521,"tested":4029,"color":"rgb(31,119,180)"}],"gender":[{"description":"Female","count":392,"tested":5133,"color":"rgb(255,127,14)"},{"description":"Male","count":286,"tested":2955,"color":"rgb(31,119,180)"},{"description":"Unknown/Left Blank","count":34,"tested":976,"color":"rgb(44,160,44)"}]}}]}
