{"lastUpdatedDate":{"year":2020,"month":11,"day":19},"county_demographics":[{"County":"Schuyler","confirmed_cases":199,"total_tested":3326,"demographics":{"age":[{"age_group":"<20","count":26,"tested":324},{"age_group":"20-29   ","count":11,"tested":370},{"age_group":"30-39   ","count":28,"tested":427},{"age_group":"40-49   ","count":33,"tested":482},{"age_group":"50-59   ","count":35,"tested":613},{"age_group":"60-69   ","count":30,"tested":604},{"age_group":"70-79   ","count":22,"tested":302},{"age_group":"80+","count":9,"tested":204}],"race":[{"description":"AI/AN**","count":0,"tested":0,"color":"rgb(31,119,180)"},{"description":"Black","count":12,"tested":169,"color":"rgb(255,127,14)"},{"description":"Hispanic","count":0,"tested":43,"color":"rgb(214,39,40)"},{"description":"Left Blank","count":45,"tested":964,"color":"rgb(44,160,44)"},{"description":"Other","count":0,"tested":51,"color":"rgb(148,103,189)"},{"description":"White","count":135,"tested":2098,"color":"rgb(31,119,180)"}],"gender":[{"description":"Female","count":90,"tested":1566,"color":"rgb(255,127,14)"},{"description":"Male","count":83,"tested":1687,"color":"rgb(31,119,180)"},{"description":"Unknown/Left Blank","count":21,"tested":73,"color":"rgb(44,160,44)"}]}}]}
