{"lastUpdatedDate":{"year":2020,"month":11,"day":19},"county_demographics":[{"County":"Will","confirmed_cases":32818,"total_tested":360887,"demographics":{"age":[{"age_group":"<20","count":4740,"tested":41849},{"age_group":"20-29   ","count":6254,"tested":59207},{"age_group":"30-39   ","count":5097,"tested":52294},{"age_group":"40-49   ","count":5676,"tested":53923},{"age_group":"50-59   ","count":5472,"tested":59561},{"age_group":"60-69   ","count":3064,"tested":43723},{"age_group":"70-79   ","count":1537,"tested":27353},{"age_group":"80+","count":974,"tested":22532},{"age_group":"Unknown","count":0,"tested":445}],"race":[{"description":"AI/AN**","count":112,"tested":592,"color":"rgb(31,119,180)"},{"description":"Asian","count":586,"tested":7580,"color":"rgb(140,86,75)"},{"description":"Black","count":2837,"tested":28305,"color":"rgb(255,127,14)"},{"description":"Hispanic","count":5092,"tested":23596,"color":"rgb(214,39,40)"},{"description":"Left Blank","count":12834,"tested":171740,"color":"rgb(44,160,44)"},{"description":"NH/PI*","count":21,"tested":230,"color":"rgb(127,127,127)"},{"description":"Other","count":1111,"tested":13360,"color":"rgb(148,103,189)"},{"description":"White","count":10222,"tested":115484,"color":"rgb(31,119,180)"}],"gender":[{"description":"Female","count":16877,"tested":201716,"color":"rgb(255,127,14)"},{"description":"Male","count":15699,"tested":153797,"color":"rgb(31,119,180)"},{"description":"Unknown/Left Blank","count":242,"tested":5374,"color":"rgb(44,160,44)"}]}}]}
