{"lastUpdatedDate":{"year":2021,"month":7,"day":16},"county_demographics":[{"County":"De Witt","confirmed_cases":1592,"total_tested":28510,"demographics":{"age":[{"race":[],"age_group":"<20","count":287,"tested":5000,"deaths":0},{"race":[],"age_group":"20-29   ","count":218,"tested":4678,"deaths":0},{"race":[],"age_group":"30-39   ","count":232,"tested":3986,"deaths":0},{"race":[],"age_group":"40-49   ","count":206,"tested":3646,"deaths":0},{"race":[],"age_group":"50-59   ","count":234,"tested":3768,"deaths":0},{"race":[],"age_group":"60-69   ","count":183,"tested":3180,"deaths":0},{"race":[],"age_group":"70-79   ","count":131,"tested":2094,"deaths":0},{"race":[],"age_group":"80+","count":101,"tested":2156,"deaths":0},{"race":[],"age_group":"Unknown","count":0,"tested":0,"deaths":0}],"race":[{"description":"AI/AN**","count":0,"tested":40,"deaths":0,"color":"rgb(31,119,180)"},{"description":"Asian","count":0,"tested":52,"deaths":0,"color":"rgb(140,86,75)"},{"description":"Black","count":8,"tested":166,"deaths":0,"color":"rgb(255,127,14)"},{"description":"Hispanic","count":37,"tested":332,"deaths":0,"color":"rgb(214,39,40)"},{"description":"Left Blank","count":336,"tested":12189,"deaths":0,"color":"rgb(44,160,44)"},{"description":"NH/PI*","count":0,"tested":9,"deaths":0,"color":"rgb(127,127,127)"},{"description":"Other","count":10,"tested":338,"deaths":0,"color":"rgb(148,103,189)"},{"description":"White","count":1189,"tested":15384,"deaths":0,"color":"rgb(31,119,180)"}],"gender":[{"description":"Female","count":851,"tested":17263,"deaths":0,"color":"rgb(255,127,14)"},{"description":"Male","count":734,"tested":10745,"deaths":0,"color":"rgb(31,119,180)"},{"description":"Unknown/Left Blank","count":6,"tested":502,"deaths":0,"color":"rgb(44,160,44)"}]}}]}
