{"lastUpdatedDate":{"year":2021,"month":7,"day":16},"county_demographics":[{"County":"Brown","confirmed_cases":787,"total_tested":30042,"demographics":{"age":[{"race":[],"age_group":"<20","count":124,"tested":1012,"deaths":0},{"race":[],"age_group":"20-29   ","count":128,"tested":6330,"deaths":0},{"race":[],"age_group":"30-39   ","count":158,"tested":6687,"deaths":0},{"race":[],"age_group":"40-49   ","count":122,"tested":6145,"deaths":0},{"race":[],"age_group":"50-59   ","count":99,"tested":3720,"deaths":0},{"race":[],"age_group":"60-69   ","count":90,"tested":2061,"deaths":0},{"race":[],"age_group":"70-79   ","count":22,"tested":645,"deaths":0},{"race":[],"age_group":"80+","count":36,"tested":598,"deaths":0},{"race":[],"age_group":"Unknown","count":0,"tested":2844,"deaths":0}],"race":[{"description":"AI/AN**","count":0,"tested":0,"deaths":0,"color":"rgb(31,119,180)"},{"description":"Asian","count":0,"tested":0,"deaths":0,"color":"rgb(140,86,75)"},{"description":"Black","count":118,"tested":391,"deaths":0,"color":"rgb(255,127,14)"},{"description":"Hispanic","count":18,"tested":75,"deaths":0,"color":"rgb(214,39,40)"},{"description":"Left Blank","count":156,"tested":24835,"deaths":0,"color":"rgb(44,160,44)"},{"description":"Other","count":0,"tested":54,"deaths":0,"color":"rgb(148,103,189)"},{"description":"White","count":491,"tested":4681,"deaths":0,"color":"rgb(31,119,180)"}],"gender":[{"description":"Female","count":315,"tested":4130,"deaths":0,"color":"rgb(255,127,14)"},{"description":"Male","count":420,"tested":11786,"deaths":0,"color":"rgb(31,119,180)"},{"description":"Unknown/Left Blank","count":52,"tested":14126,"deaths":0,"color":"rgb(44,160,44)"}]}}]}
