{"lastUpdatedDate":{"year":2021,"month":7,"day":16},"county_demographics":[{"County":"Edwards","confirmed_cases":601,"total_tested":5113,"demographics":{"age":[{"race":[],"age_group":"<20","count":83,"tested":922,"deaths":0},{"race":[],"age_group":"20-29   ","count":75,"tested":718,"deaths":0},{"race":[],"age_group":"30-39   ","count":69,"tested":656,"deaths":0},{"race":[],"age_group":"40-49   ","count":89,"tested":786,"deaths":0},{"race":[],"age_group":"50-59   ","count":98,"tested":825,"deaths":0},{"race":[],"age_group":"60-69   ","count":85,"tested":630,"deaths":0},{"race":[],"age_group":"70-79   ","count":70,"tested":361,"deaths":0},{"race":[],"age_group":"80+","count":30,"tested":214,"deaths":0},{"race":[],"age_group":"Unknown","count":0,"tested":0,"deaths":0}],"race":[{"description":"Asian","count":0,"tested":6,"deaths":0,"color":"rgb(140,86,75)"},{"description":"Black","count":0,"tested":11,"deaths":0,"color":"rgb(255,127,14)"},{"description":"Hispanic","count":0,"tested":10,"deaths":0,"color":"rgb(214,39,40)"},{"description":"Left Blank","count":56,"tested":1188,"deaths":0,"color":"rgb(44,160,44)"},{"description":"NH/PI*","count":0,"tested":0,"deaths":0,"color":"rgb(127,127,127)"},{"description":"Other","count":0,"tested":11,"deaths":0,"color":"rgb(148,103,189)"},{"description":"White","count":541,"tested":3886,"deaths":0,"color":"rgb(31,119,180)"}],"gender":[{"description":"Female","count":319,"tested":3305,"deaths":0,"color":"rgb(255,127,14)"},{"description":"Male","count":275,"tested":1594,"deaths":0,"color":"rgb(31,119,180)"},{"description":"Unknown/Left Blank","count":7,"tested":214,"deaths":0,"color":"rgb(44,160,44)"}]}}]}
