{"lastUpdatedDate":{"year":2021,"month":7,"day":16},"county_demographics":[{"County":"Washington","confirmed_cases":1669,"total_tested":15361,"demographics":{"age":[{"race":[],"age_group":"<20","count":234,"tested":1954,"deaths":0},{"race":[],"age_group":"20-29   ","count":212,"tested":2259,"deaths":0},{"race":[],"age_group":"30-39   ","count":234,"tested":2469,"deaths":0},{"race":[],"age_group":"40-49   ","count":239,"tested":2447,"deaths":0},{"race":[],"age_group":"50-59   ","count":267,"tested":2207,"deaths":0},{"race":[],"age_group":"60-69   ","count":252,"tested":2154,"deaths":0},{"race":[],"age_group":"70-79   ","count":109,"tested":1128,"deaths":0},{"race":[],"age_group":"80+","count":122,"tested":740,"deaths":0},{"race":[],"age_group":"Unknown","count":0,"tested":0,"deaths":0}],"race":[{"description":"AI/AN**","count":0,"tested":0,"deaths":0,"color":"rgb(31,119,180)"},{"description":"Asian","count":0,"tested":37,"deaths":0,"color":"rgb(140,86,75)"},{"description":"Black","count":0,"tested":91,"deaths":0,"color":"rgb(255,127,14)"},{"description":"Hispanic","count":12,"tested":105,"deaths":0,"color":"rgb(214,39,40)"},{"description":"Left Blank","count":525,"tested":5144,"deaths":0,"color":"rgb(44,160,44)"},{"description":"NH/PI*","count":0,"tested":0,"deaths":0,"color":"rgb(127,127,127)"},{"description":"Other","count":18,"tested":245,"deaths":0,"color":"rgb(148,103,189)"},{"description":"White","count":1102,"tested":9731,"deaths":0,"color":"rgb(31,119,180)"}],"gender":[{"description":"Female","count":902,"tested":9010,"deaths":0,"color":"rgb(255,127,14)"},{"description":"Male","count":752,"tested":5568,"deaths":0,"color":"rgb(31,119,180)"},{"description":"Unknown/Left Blank","count":12,"tested":783,"deaths":0,"color":"rgb(44,160,44)"}]}}]}
