{"lastUpdatedDate":{"year":2021,"month":7,"day":16},"county_demographics":[{"County":"Franklin","confirmed_cases":4666,"total_tested":58737,"demographics":{"age":[{"race":[],"age_group":"<20","count":659,"tested":6179,"deaths":0},{"race":[],"age_group":"20-29   ","count":692,"tested":8402,"deaths":0},{"race":[],"age_group":"30-39   ","count":602,"tested":8333,"deaths":0},{"race":[],"age_group":"40-49   ","count":678,"tested":8619,"deaths":0},{"race":[],"age_group":"50-59   ","count":739,"tested":9085,"deaths":0},{"race":[],"age_group":"60-69   ","count":608,"tested":7069,"deaths":0},{"race":[],"age_group":"70-79   ","count":436,"tested":5539,"deaths":0},{"race":[],"age_group":"80+","count":252,"tested":5492,"deaths":0},{"race":[],"age_group":"Unknown","count":0,"tested":19,"deaths":0}],"race":[{"description":"AI/AN**","count":0,"tested":12,"deaths":0,"color":"rgb(31,119,180)"},{"description":"Asian","count":0,"tested":48,"deaths":0,"color":"rgb(140,86,75)"},{"description":"Black","count":14,"tested":248,"deaths":0,"color":"rgb(255,127,14)"},{"description":"Hispanic","count":36,"tested":351,"deaths":0,"color":"rgb(214,39,40)"},{"description":"Left Blank","count":1329,"tested":22241,"deaths":0,"color":"rgb(44,160,44)"},{"description":"NH/PI*","count":0,"tested":0,"deaths":0,"color":"rgb(127,127,127)"},{"description":"Other","count":28,"tested":443,"deaths":0,"color":"rgb(148,103,189)"},{"description":"White","count":3249,"tested":35391,"deaths":0,"color":"rgb(31,119,180)"}],"gender":[{"description":"Female","count":2521,"tested":32804,"deaths":0,"color":"rgb(255,127,14)"},{"description":"Male","count":2027,"tested":20625,"deaths":0,"color":"rgb(31,119,180)"},{"description":"Unknown/Left Blank","count":117,"tested":5308,"deaths":0,"color":"rgb(44,160,44)"}]}}]}
