{"lastUpdatedDate":{"year":2021,"month":7,"day":16},"county_demographics":[{"County":"Chicago","confirmed_cases":286982,"total_tested":4994955,"demographics":{"age":[{"race":[],"age_group":"<20","count":39469,"tested":546904,"deaths":0},{"race":[],"age_group":"20-29   ","count":62795,"tested":1142701,"deaths":0},{"race":[],"age_group":"30-39   ","count":56515,"tested":993979,"deaths":0},{"race":[],"age_group":"40-49   ","count":45079,"tested":683872,"deaths":0},{"race":[],"age_group":"50-59   ","count":37919,"tested":648177,"deaths":0},{"race":[],"age_group":"60-69   ","count":25118,"tested":526006,"deaths":0},{"race":[],"age_group":"70-79   ","count":12331,"tested":271292,"deaths":0},{"race":[],"age_group":"80+","count":7751,"tested":179039,"deaths":0},{"race":[],"age_group":"Unknown","count":0,"tested":2985,"deaths":0}],"race":[{"description":"AI/AN**","count":382,"tested":6066,"deaths":0,"color":"rgb(31,119,180)"},{"description":"Asian","count":7558,"tested":187690,"deaths":0,"color":"rgb(140,86,75)"},{"description":"Black","count":53405,"tested":772335,"deaths":0,"color":"rgb(255,127,14)"},{"description":"Hispanic","count":93491,"tested":633072,"deaths":0,"color":"rgb(214,39,40)"},{"description":"Left Blank","count":66441,"tested":2142946,"deaths":0,"color":"rgb(44,160,44)"},{"description":"NH/PI*","count":266,"tested":5078,"deaths":0,"color":"rgb(127,127,127)"},{"description":"Other","count":12609,"tested":189195,"deaths":0,"color":"rgb(148,103,189)"},{"description":"White","count":52830,"tested":1058573,"deaths":0,"color":"rgb(31,119,180)"}],"gender":[{"description":"Female","count":146372,"tested":2635145,"deaths":0,"color":"rgb(255,127,14)"},{"description":"Male","count":136849,"tested":2227834,"deaths":0,"color":"rgb(31,119,180)"},{"description":"Unknown/Left Blank","count":3761,"tested":131976,"deaths":0,"color":"rgb(44,160,44)"}]}}]}
