{"lastUpdatedDate":{"year":2021,"month":7,"day":16},"county_demographics":[{"County":"Ford","confirmed_cases":1909,"total_tested":33421,"demographics":{"age":[{"race":[],"age_group":"<20","count":393,"tested":5299,"deaths":0},{"race":[],"age_group":"20-29   ","count":272,"tested":4907,"deaths":0},{"race":[],"age_group":"30-39   ","count":255,"tested":4541,"deaths":0},{"race":[],"age_group":"40-49   ","count":231,"tested":4014,"deaths":0},{"race":[],"age_group":"50-59   ","count":233,"tested":4369,"deaths":0},{"race":[],"age_group":"60-69   ","count":215,"tested":4118,"deaths":0},{"race":[],"age_group":"70-79   ","count":125,"tested":2426,"deaths":0},{"race":[],"age_group":"80+","count":185,"tested":3738,"deaths":0},{"race":[],"age_group":"Unknown","count":0,"tested":9,"deaths":0}],"race":[{"description":"AI/AN**","count":0,"tested":17,"deaths":0,"color":"rgb(31,119,180)"},{"description":"Asian","count":0,"tested":92,"deaths":0,"color":"rgb(140,86,75)"},{"description":"Black","count":7,"tested":271,"deaths":0,"color":"rgb(255,127,14)"},{"description":"Hispanic","count":63,"tested":499,"deaths":0,"color":"rgb(214,39,40)"},{"description":"Left Blank","count":257,"tested":8340,"deaths":0,"color":"rgb(44,160,44)"},{"description":"NH/PI*","count":0,"tested":25,"deaths":0,"color":"rgb(127,127,127)"},{"description":"Other","count":34,"tested":436,"deaths":0,"color":"rgb(148,103,189)"},{"description":"White","count":1534,"tested":23741,"deaths":0,"color":"rgb(31,119,180)"}],"gender":[{"description":"Female","count":1041,"tested":20651,"deaths":0,"color":"rgb(255,127,14)"},{"description":"Male","count":849,"tested":11934,"deaths":0,"color":"rgb(31,119,180)"},{"description":"Unknown/Left Blank","count":19,"tested":836,"deaths":0,"color":"rgb(44,160,44)"}]}}]}
