{"age":[{"age_group":"<20","count":635,"tested":16939},{"age_group":"20-29   ","count":788,"tested":11746},{"age_group":"30-39   ","count":729,"tested":11712},{"age_group":"40-49   ","count":690,"tested":9766},{"age_group":"50-59   ","count":686,"tested":10142},{"age_group":"60-69   ","count":500,"tested":9706},{"age_group":"70-79   ","count":203,"tested":5225},{"age_group":"80+","count":241,"tested":8676}],"race":[{"description":"AI/AN**","count":10,"tested":151,"color":"rgb(31,119,180)"},{"description":"Asian","count":278,"tested":5607,"color":"rgb(140,86,75)"},{"description":"Black","count":60,"tested":1156,"color":"rgb(255,127,14)"},{"description":"Hispanic","count":1594,"tested":17727,"color":"rgb(214,39,40)"},{"description":"Left Blank","count":956,"tested":38225,"color":"rgb(44,160,44)"},{"description":"Other","count":248,"tested":2312,"color":"rgb(148,103,189)"},{"description":"White","count":1321,"tested":18762,"color":"rgb(31,119,180)"}],"gender":[]}
