{"age":[{"age_group":"<20","count":2408,"tested":17395},{"age_group":"20-29   ","count":2828,"tested":26405},{"age_group":"30-39   ","count":2489,"tested":19421},{"age_group":"40-49   ","count":2395,"tested":17309},{"age_group":"50-59   ","count":1932,"tested":15329},{"age_group":"60-69   ","count":1001,"tested":11060},{"age_group":"70-79   ","count":389,"tested":5340},{"age_group":"80+","count":212,"tested":2821}],"race":[{"description":"AI/AN**","count":9,"tested":101,"color":"rgb(31,119,180)"},{"description":"Asian","count":129,"tested":2254,"color":"rgb(140,86,75)"},{"description":"Black","count":188,"tested":2051,"color":"rgb(255,127,14)"},{"description":"Hispanic","count":9530,"tested":47334,"color":"rgb(214,39,40)"},{"description":"Left Blank","count":2570,"tested":48628,"color":"rgb(44,160,44)"},{"description":"Other","count":528,"tested":5945,"color":"rgb(148,103,189)"},{"description":"White","count":698,"tested":8723,"color":"rgb(31,119,180)"}],"gender":[]}
