{"age":[{"age_group":"<20","count":19,"tested":217},{"age_group":"20-29   ","count":25,"tested":409},{"age_group":"30-39   ","count":21,"tested":224},{"age_group":"40-49   ","count":24,"tested":353},{"age_group":"50-59   ","count":16,"tested":265},{"age_group":"60-69   ","count":13,"tested":220},{"age_group":"70-79   ","count":7,"tested":92},{"age_group":"80+","count":7,"tested":84}],"race":[{"description":"Hispanic","count":12,"tested":71,"color":"rgb(214,39,40)"},{"description":"Left Blank","count":26,"tested":691,"color":"rgb(44,160,44)"},{"description":"White","count":93,"tested":1058,"color":"rgb(31,119,180)"}],"gender":[]}
