{"age":[{"age_group":"<20","count":722,"tested":8514},{"age_group":"20-29   ","count":843,"tested":11291},{"age_group":"30-39   ","count":604,"tested":9486},{"age_group":"40-49   ","count":695,"tested":8332},{"age_group":"50-59   ","count":559,"tested":7881},{"age_group":"60-69   ","count":250,"tested":4225},{"age_group":"70-79   ","count":84,"tested":1646},{"age_group":"80+","count":42,"tested":715}],"race":[{"description":"Asian","count":274,"tested":4675,"color":"rgb(140,86,75)"},{"description":"Black","count":503,"tested":6027,"color":"rgb(255,127,14)"},{"description":"Hispanic","count":1004,"tested":6413,"color":"rgb(214,39,40)"},{"description":"Left Blank","count":712,"tested":18358,"color":"rgb(44,160,44)"},{"description":"Other","count":132,"tested":2173,"color":"rgb(148,103,189)"},{"description":"White","count":1166,"tested":14302,"color":"rgb(31,119,180)"}],"gender":[]}
