{"age":[{"age_group":"<20","count":606,"tested":8295},{"age_group":"20-29   ","count":356,"tested":5330},{"age_group":"30-39   ","count":314,"tested":5238},{"age_group":"40-49   ","count":392,"tested":4917},{"age_group":"50-59   ","count":386,"tested":5309},{"age_group":"60-69   ","count":252,"tested":5397},{"age_group":"70-79   ","count":103,"tested":3364},{"age_group":"80+","count":121,"tested":5018}],"race":[{"description":"Asian","count":57,"tested":1193,"color":"rgb(140,86,75)"},{"description":"Black","count":69,"tested":749,"color":"rgb(255,127,14)"},{"description":"Hispanic","count":169,"tested":1000,"color":"rgb(214,39,40)"},{"description":"Left Blank","count":477,"tested":15937,"color":"rgb(44,160,44)"},{"description":"Other","count":42,"tested":1630,"color":"rgb(148,103,189)"},{"description":"White","count":1714,"tested":22327,"color":"rgb(31,119,180)"}],"gender":[]}
