{"age":[{"age_group":"<20","count":1107,"tested":12487},{"age_group":"20-29   ","count":1197,"tested":15829},{"age_group":"30-39   ","count":1096,"tested":15130},{"age_group":"40-49   ","count":1011,"tested":13242},{"age_group":"50-59   ","count":905,"tested":15440},{"age_group":"60-69   ","count":530,"tested":10904},{"age_group":"70-79   ","count":291,"tested":7293},{"age_group":"80+","count":183,"tested":5556}],"race":[{"description":"AI/AN**","count":12,"tested":121,"color":"rgb(31,119,180)"},{"description":"Asian","count":309,"tested":5610,"color":"rgb(140,86,75)"},{"description":"Black","count":936,"tested":12262,"color":"rgb(255,127,14)"},{"description":"Hispanic","count":1851,"tested":12222,"color":"rgb(214,39,40)"},{"description":"Left Blank","count":1635,"tested":43292,"color":"rgb(44,160,44)"},{"description":"NH/PI*","count":8,"tested":104,"color":"rgb(127,127,127)"},{"description":"Other","count":283,"tested":3147,"color":"rgb(148,103,189)"},{"description":"White","count":1286,"tested":19147,"color":"rgb(31,119,180)"}],"gender":[]}
