{"age":[{"age_group":"<20","count":552,"tested":3939},{"age_group":"20-29   ","count":709,"tested":6752},{"age_group":"30-39   ","count":617,"tested":5170},{"age_group":"40-49   ","count":515,"tested":5280},{"age_group":"50-59   ","count":484,"tested":5437},{"age_group":"60-69   ","count":357,"tested":4868},{"age_group":"70-79   ","count":178,"tested":3438},{"age_group":"80+","count":101,"tested":2712}],"race":[{"description":"Asian","count":74,"tested":766,"color":"rgb(140,86,75)"},{"description":"Black","count":84,"tested":1085,"color":"rgb(255,127,14)"},{"description":"Hispanic","count":1162,"tested":6640,"color":"rgb(214,39,40)"},{"description":"Left Blank","count":972,"tested":17026,"color":"rgb(44,160,44)"},{"description":"Other","count":162,"tested":1541,"color":"rgb(148,103,189)"},{"description":"White","count":1053,"tested":10456,"color":"rgb(31,119,180)"}],"gender":[]}
