{"age":[{"age_group":"<20","count":676,"tested":7559},{"age_group":"20-29   ","count":655,"tested":8668},{"age_group":"30-39   ","count":678,"tested":7941},{"age_group":"40-49   ","count":543,"tested":7348},{"age_group":"50-59   ","count":478,"tested":7359},{"age_group":"60-69   ","count":393,"tested":6649},{"age_group":"70-79   ","count":259,"tested":4581},{"age_group":"80+","count":153,"tested":4345}],"race":[{"description":"Asian","count":130,"tested":813,"color":"rgb(140,86,75)"},{"description":"Black","count":440,"tested":3986,"color":"rgb(255,127,14)"},{"description":"Hispanic","count":1011,"tested":4411,"color":"rgb(214,39,40)"},{"description":"Left Blank","count":382,"tested":28887,"color":"rgb(44,160,44)"},{"description":"Other","count":82,"tested":960,"color":"rgb(148,103,189)"},{"description":"White","count":1787,"tested":15365,"color":"rgb(31,119,180)"}],"gender":[]}
