{"age":[{"age_group":"<20","count":743,"tested":12019},{"age_group":"20-29   ","count":508,"tested":8360},{"age_group":"30-39   ","count":329,"tested":6495},{"age_group":"40-49   ","count":542,"tested":7621},{"age_group":"50-59   ","count":645,"tested":10111},{"age_group":"60-69   ","count":403,"tested":8208},{"age_group":"70-79   ","count":223,"tested":5191},{"age_group":"80+","count":185,"tested":4782}],"race":[{"description":"AI/AN**","count":11,"tested":91,"color":"rgb(31,119,180)"},{"description":"Asian","count":190,"tested":3703,"color":"rgb(140,86,75)"},{"description":"Black","count":25,"tested":551,"color":"rgb(255,127,14)"},{"description":"Hispanic","count":133,"tested":1930,"color":"rgb(214,39,40)"},{"description":"Left Blank","count":1129,"tested":25626,"color":"rgb(44,160,44)"},{"description":"Other","count":132,"tested":1381,"color":"rgb(148,103,189)"},{"description":"White","count":1956,"tested":29450,"color":"rgb(31,119,180)"}],"gender":[]}
