{"age":[{"age_group":"<20","count":450,"tested":5677},{"age_group":"20-29   ","count":488,"tested":5515},{"age_group":"30-39   ","count":462,"tested":5487},{"age_group":"40-49   ","count":398,"tested":4707},{"age_group":"50-59   ","count":408,"tested":4756},{"age_group":"60-69   ","count":348,"tested":4360},{"age_group":"70-79   ","count":170,"tested":2371},{"age_group":"80+","count":197,"tested":3215}],"race":[{"description":"Asian","count":11,"tested":202,"color":"rgb(140,86,75)"},{"description":"Black","count":103,"tested":1154,"color":"rgb(255,127,14)"},{"description":"Hispanic","count":283,"tested":2071,"color":"rgb(214,39,40)"},{"description":"Left Blank","count":641,"tested":16905,"color":"rgb(44,160,44)"},{"description":"Other","count":227,"tested":1227,"color":"rgb(148,103,189)"},{"description":"White","count":1655,"tested":14652,"color":"rgb(31,119,180)"}],"gender":[]}
