{"age":[{"age_group":"<20","count":1082,"tested":11159},{"age_group":"20-29   ","count":1932,"tested":36864},{"age_group":"30-39   ","count":1727,"tested":30664},{"age_group":"40-49   ","count":1317,"tested":18377},{"age_group":"50-59   ","count":1059,"tested":14598},{"age_group":"60-69   ","count":710,"tested":11677},{"age_group":"70-79   ","count":356,"tested":5638},{"age_group":"80+","count":175,"tested":2927}],"race":[{"description":"AI/AN**","count":9,"tested":232,"color":"rgb(31,119,180)"},{"description":"Asian","count":222,"tested":5860,"color":"rgb(140,86,75)"},{"description":"Black","count":965,"tested":18276,"color":"rgb(255,127,14)"},{"description":"Hispanic","count":4598,"tested":35602,"color":"rgb(214,39,40)"},{"description":"Left Blank","count":1284,"tested":41795,"color":"rgb(44,160,44)"},{"description":"NH/PI*","count":8,"tested":81,"color":"rgb(127,127,127)"},{"description":"Other","count":322,"tested":6189,"color":"rgb(148,103,189)"},{"description":"White","count":950,"tested":23904,"color":"rgb(31,119,180)"}],"gender":[]}
