{"age":[{"age_group":"<20","count":389,"tested":20223},{"age_group":"20-29   ","count":279,"tested":8014},{"age_group":"30-39   ","count":251,"tested":8352},{"age_group":"40-49   ","count":295,"tested":8650},{"age_group":"50-59   ","count":284,"tested":10195},{"age_group":"60-69   ","count":201,"tested":9645},{"age_group":"70-79   ","count":146,"tested":7243},{"age_group":"80+","count":142,"tested":6098}],"race":[{"description":"Asian","count":28,"tested":1260,"color":"rgb(140,86,75)"},{"description":"Black","count":49,"tested":721,"color":"rgb(255,127,14)"},{"description":"Hispanic","count":225,"tested":2704,"color":"rgb(214,39,40)"},{"description":"Left Blank","count":480,"tested":33339,"color":"rgb(44,160,44)"},{"description":"Other","count":208,"tested":4831,"color":"rgb(148,103,189)"},{"description":"White","count":992,"tested":35515,"color":"rgb(31,119,180)"}],"gender":[]}
