{"age":[{"age_group":"<20","count":79,"tested":718},{"age_group":"20-29   ","count":86,"tested":1611},{"age_group":"30-39   ","count":69,"tested":2350},{"age_group":"40-49   ","count":73,"tested":2399},{"age_group":"50-59   ","count":65,"tested":3455},{"age_group":"60-69   ","count":51,"tested":3459},{"age_group":"70-79   ","count":20,"tested":771},{"age_group":"80+","count":11,"tested":370}],"race":[{"description":"Black","count":292,"tested":9443,"color":"rgb(255,127,14)"},{"description":"Hispanic","count":26,"tested":325,"color":"rgb(214,39,40)"},{"description":"Left Blank","count":114,"tested":3905,"color":"rgb(44,160,44)"},{"description":"Other","count":8,"tested":109,"color":"rgb(148,103,189)"},{"description":"White","count":14,"tested":1297,"color":"rgb(31,119,180)"}],"gender":[]}
