{"age":[{"age_group":"<20","count":85,"tested":867},{"age_group":"20-29   ","count":81,"tested":916},{"age_group":"30-39   ","count":90,"tested":904},{"age_group":"40-49   ","count":95,"tested":1304},{"age_group":"50-59   ","count":96,"tested":1559},{"age_group":"60-69   ","count":70,"tested":1295},{"age_group":"70-79   ","count":31,"tested":708},{"age_group":"80+","count":29,"tested":446}],"race":[{"description":"Black","count":83,"tested":1137,"color":"rgb(255,127,14)"},{"description":"Hispanic","count":55,"tested":434,"color":"rgb(214,39,40)"},{"description":"Left Blank","count":119,"tested":1405,"color":"rgb(44,160,44)"},{"description":"Other","count":15,"tested":259,"color":"rgb(148,103,189)"},{"description":"White","count":305,"tested":4730,"color":"rgb(31,119,180)"}],"gender":[]}
