{"age":[{"age_group":"<20","count":53,"tested":467},{"age_group":"20-29   ","count":48,"tested":673},{"age_group":"30-39   ","count":28,"tested":603},{"age_group":"40-49   ","count":47,"tested":443},{"age_group":"50-59   ","count":55,"tested":644},{"age_group":"60-69   ","count":26,"tested":481},{"age_group":"70-79   ","count":19,"tested":344},{"age_group":"80+","count":6,"tested":150}],"race":[{"description":"Black","count":11,"tested":125,"color":"rgb(255,127,14)"},{"description":"Hispanic","count":10,"tested":73,"color":"rgb(214,39,40)"},{"description":"Left Blank","count":61,"tested":981,"color":"rgb(44,160,44)"},{"description":"Other","count":6,"tested":72,"color":"rgb(148,103,189)"},{"description":"White","count":194,"tested":2548,"color":"rgb(31,119,180)"}],"gender":[]}
