{"age":[{"age_group":"<20","count":560,"tested":6279},{"age_group":"20-29   ","count":529,"tested":8585},{"age_group":"30-39   ","count":453,"tested":7095},{"age_group":"40-49   ","count":474,"tested":6309},{"age_group":"50-59   ","count":519,"tested":6654},{"age_group":"60-69   ","count":202,"tested":3908},{"age_group":"70-79   ","count":119,"tested":3134},{"age_group":"80+","count":121,"tested":4494}],"race":[{"description":"Asian","count":137,"tested":2092,"color":"rgb(140,86,75)"},{"description":"Black","count":84,"tested":847,"color":"rgb(255,127,14)"},{"description":"Hispanic","count":562,"tested":3232,"color":"rgb(214,39,40)"},{"description":"Left Blank","count":893,"tested":26541,"color":"rgb(44,160,44)"},{"description":"Other","count":70,"tested":786,"color":"rgb(148,103,189)"},{"description":"White","count":1226,"tested":12847,"color":"rgb(31,119,180)"}],"gender":[]}
