{"age":[{"age_group":"<20","count":726,"tested":12369},{"age_group":"20-29   ","count":637,"tested":7957},{"age_group":"30-39   ","count":632,"tested":7859},{"age_group":"40-49   ","count":703,"tested":8050},{"age_group":"50-59   ","count":623,"tested":7567},{"age_group":"60-69   ","count":288,"tested":4434},{"age_group":"70-79   ","count":148,"tested":2826},{"age_group":"80+","count":139,"tested":2504}],"race":[{"description":"Asian","count":89,"tested":1143,"color":"rgb(140,86,75)"},{"description":"Black","count":254,"tested":3185,"color":"rgb(255,127,14)"},{"description":"Hispanic","count":658,"tested":5093,"color":"rgb(214,39,40)"},{"description":"Left Blank","count":1023,"tested":20413,"color":"rgb(44,160,44)"},{"description":"Other","count":123,"tested":1650,"color":"rgb(148,103,189)"},{"description":"White","count":1745,"tested":22001,"color":"rgb(31,119,180)"}],"gender":[]}
