{"age":[{"age_group":"<20","count":814,"tested":9036},{"age_group":"20-29   ","count":796,"tested":8684},{"age_group":"30-39   ","count":722,"tested":8187},{"age_group":"40-49   ","count":683,"tested":7468},{"age_group":"50-59   ","count":758,"tested":9433},{"age_group":"60-69   ","count":486,"tested":6756},{"age_group":"70-79   ","count":181,"tested":3719},{"age_group":"80+","count":191,"tested":3791}],"race":[{"description":"AI/AN**","count":7,"tested":91,"color":"rgb(31,119,180)"},{"description":"Asian","count":90,"tested":904,"color":"rgb(140,86,75)"},{"description":"Black","count":64,"tested":684,"color":"rgb(255,127,14)"},{"description":"Hispanic","count":668,"tested":3658,"color":"rgb(214,39,40)"},{"description":"Left Blank","count":1029,"tested":21016,"color":"rgb(44,160,44)"},{"description":"Other","count":116,"tested":1209,"color":"rgb(148,103,189)"},{"description":"White","count":2656,"tested":29423,"color":"rgb(31,119,180)"}],"gender":[]}
