{"age":[{"age_group":"<20","count":26,"tested":185},{"age_group":"20-29   ","count":18,"tested":204},{"age_group":"30-39   ","count":23,"tested":204},{"age_group":"40-49   ","count":20,"tested":120},{"age_group":"50-59   ","count":22,"tested":159},{"age_group":"60-69   ","count":16,"tested":161},{"age_group":"70-79   ","count":10,"tested":108}],"race":[{"description":"Hispanic","count":18,"tested":42,"color":"rgb(214,39,40)"},{"description":"Left Blank","count":8,"tested":517,"color":"rgb(44,160,44)"},{"description":"White","count":109,"tested":579,"color":"rgb(31,119,180)"}],"gender":[]}
