{"age":[{"age_group":"<20","count":1200,"tested":16964},{"age_group":"20-29   ","count":704,"tested":11406},{"age_group":"30-39   ","count":583,"tested":11171},{"age_group":"40-49   ","count":816,"tested":11959},{"age_group":"50-59   ","count":835,"tested":13178},{"age_group":"60-69   ","count":435,"tested":9331},{"age_group":"70-79   ","count":214,"tested":6168},{"age_group":"80+","count":193,"tested":11517}],"race":[{"description":"AI/AN**","count":10,"tested":59,"color":"rgb(31,119,180)"},{"description":"Asian","count":185,"tested":2767,"color":"rgb(140,86,75)"},{"description":"Black","count":128,"tested":1321,"color":"rgb(255,127,14)"},{"description":"Hispanic","count":471,"tested":3612,"color":"rgb(214,39,40)"},{"description":"Left Blank","count":929,"tested":41660,"color":"rgb(44,160,44)"},{"description":"Other","count":119,"tested":2613,"color":"rgb(148,103,189)"},{"description":"White","count":3133,"tested":39619,"color":"rgb(31,119,180)"}],"gender":[]}
