{"age":[{"age_group":"<20","count":541,"tested":6337},{"age_group":"20-29   ","count":516,"tested":5744},{"age_group":"30-39   ","count":421,"tested":5295},{"age_group":"40-49   ","count":476,"tested":5254},{"age_group":"50-59   ","count":590,"tested":6754},{"age_group":"60-69   ","count":351,"tested":5227},{"age_group":"70-79   ","count":101,"tested":2344},{"age_group":"80+","count":67,"tested":1737}],"race":[{"description":"Asian","count":110,"tested":1408,"color":"rgb(140,86,75)"},{"description":"Black","count":70,"tested":862,"color":"rgb(255,127,14)"},{"description":"Hispanic","count":331,"tested":2270,"color":"rgb(214,39,40)"},{"description":"Left Blank","count":866,"tested":14799,"color":"rgb(44,160,44)"},{"description":"NH/PI*","count":7,"tested":30,"color":"rgb(127,127,127)"},{"description":"Other","count":54,"tested":669,"color":"rgb(148,103,189)"},{"description":"White","count":1621,"tested":18581,"color":"rgb(31,119,180)"}],"gender":[]}
