{"age":[{"age_group":"<20","count":506,"tested":4923},{"age_group":"20-29   ","count":588,"tested":7446},{"age_group":"30-39   ","count":478,"tested":6505},{"age_group":"40-49   ","count":517,"tested":6301},{"age_group":"50-59   ","count":438,"tested":7087},{"age_group":"60-69   ","count":265,"tested":5342},{"age_group":"70-79   ","count":161,"tested":2616},{"age_group":"80+","count":96,"tested":1227}],"race":[{"description":"AI/AN**","count":12,"tested":71,"color":"rgb(31,119,180)"},{"description":"Asian","count":23,"tested":323,"color":"rgb(140,86,75)"},{"description":"Black","count":1233,"tested":21020,"color":"rgb(255,127,14)"},{"description":"Hispanic","count":639,"tested":3429,"color":"rgb(214,39,40)"},{"description":"Left Blank","count":978,"tested":14028,"color":"rgb(44,160,44)"},{"description":"Other","count":100,"tested":850,"color":"rgb(148,103,189)"},{"description":"White","count":64,"tested":1715,"color":"rgb(31,119,180)"}],"gender":[]}
