{"age":[{"age_group":"<20","count":90,"tested":787},{"age_group":"20-29   ","count":102,"tested":818},{"age_group":"30-39   ","count":68,"tested":756},{"age_group":"40-49   ","count":85,"tested":669},{"age_group":"50-59   ","count":113,"tested":1107},{"age_group":"60-69   ","count":81,"tested":895},{"age_group":"70-79   ","count":34,"tested":561},{"age_group":"80+","count":20,"tested":252}],"race":[{"description":"Asian","count":13,"tested":76,"color":"rgb(140,86,75)"},{"description":"Black","count":21,"tested":120,"color":"rgb(255,127,14)"},{"description":"Hispanic","count":63,"tested":268,"color":"rgb(214,39,40)"},{"description":"Left Blank","count":51,"tested":2265,"color":"rgb(44,160,44)"},{"description":"Other","count":10,"tested":120,"color":"rgb(148,103,189)"},{"description":"White","count":434,"tested":2991,"color":"rgb(31,119,180)"}],"gender":[]}
