{"age":[{"age_group":"<20","count":21,"tested":303},{"age_group":"20-29   ","count":30,"tested":1053},{"age_group":"30-39   ","count":25,"tested":1185},{"age_group":"40-49   ","count":16,"tested":1383},{"age_group":"50-59   ","count":14,"tested":1384},{"age_group":"60-69   ","count":9,"tested":703}],"race":[{"description":"Black","count":24,"tested":869,"color":"rgb(255,127,14)"},{"description":"Hispanic","count":18,"tested":509,"color":"rgb(214,39,40)"},{"description":"Left Blank","count":42,"tested":2084,"color":"rgb(44,160,44)"},{"description":"Other","count":7,"tested":184,"color":"rgb(148,103,189)"},{"description":"White","count":24,"tested":2264,"color":"rgb(31,119,180)"}],"gender":[]}
