{"age":[{"age_group":"<20","count":697,"tested":5703},{"age_group":"20-29   ","count":324,"tested":3986},{"age_group":"30-39   ","count":344,"tested":3747},{"age_group":"40-49   ","count":268,"tested":3346},{"age_group":"50-59   ","count":265,"tested":3755},{"age_group":"60-69   ","count":192,"tested":3161},{"age_group":"70-79   ","count":101,"tested":2755},{"age_group":"80+","count":152,"tested":6361}],"race":[{"description":"AI/AN**","count":7,"tested":95,"color":"rgb(31,119,180)"},{"description":"Asian","count":224,"tested":3338,"color":"rgb(140,86,75)"},{"description":"Black","count":19,"tested":514,"color":"rgb(255,127,14)"},{"description":"Hispanic","count":87,"tested":1024,"color":"rgb(214,39,40)"},{"description":"Left Blank","count":1146,"tested":18199,"color":"rgb(44,160,44)"},{"description":"Other","count":271,"tested":1815,"color":"rgb(148,103,189)"},{"description":"White","count":586,"tested":8045,"color":"rgb(31,119,180)"}],"gender":[]}
