{"age":[{"age_group":"<20","count":1165,"tested":16977},{"age_group":"20-29   ","count":2373,"tested":50442},{"age_group":"30-39   ","count":2170,"tested":54956},{"age_group":"40-49   ","count":1299,"tested":21628},{"age_group":"50-59   ","count":1053,"tested":14789},{"age_group":"60-69   ","count":690,"tested":9617},{"age_group":"70-79   ","count":348,"tested":5161},{"age_group":"80+","count":179,"tested":2420}],"race":[{"description":"AI/AN**","count":11,"tested":235,"color":"rgb(31,119,180)"},{"description":"Asian","count":128,"tested":3868,"color":"rgb(140,86,75)"},{"description":"Black","count":326,"tested":5580,"color":"rgb(255,127,14)"},{"description":"Hispanic","count":3978,"tested":30056,"color":"rgb(214,39,40)"},{"description":"Left Blank","count":2302,"tested":71636,"color":"rgb(44,160,44)"},{"description":"NH/PI*","count":6,"tested":145,"color":"rgb(127,127,127)"},{"description":"Other","count":408,"tested":8888,"color":"rgb(148,103,189)"},{"description":"White","count":2118,"tested":55623,"color":"rgb(31,119,180)"}],"gender":[]}
