{"age":[{"age_group":"<20","count":21,"tested":467},{"age_group":"20-29   ","count":35,"tested":356},{"age_group":"30-39   ","count":20,"tested":472},{"age_group":"40-49   ","count":30,"tested":575},{"age_group":"50-59   ","count":37,"tested":685},{"age_group":"60-69   ","count":17,"tested":277}],"race":[{"description":"Left Blank","count":25,"tested":793,"color":"rgb(44,160,44)"},{"description":"Other","count":7,"tested":59,"color":"rgb(148,103,189)"},{"description":"White","count":141,"tested":2054,"color":"rgb(31,119,180)"}],"gender":[]}
