{"age":[{"age_group":"<20","count":57,"tested":469},{"age_group":"20-29   ","count":57,"tested":686},{"age_group":"30-39   ","count":54,"tested":628},{"age_group":"40-49   ","count":52,"tested":478},{"age_group":"50-59   ","count":67,"tested":862},{"age_group":"60-69   ","count":36,"tested":743},{"age_group":"70-79   ","count":18,"tested":329},{"age_group":"80+","count":12,"tested":227}],"race":[{"description":"Black","count":9,"tested":108,"color":"rgb(255,127,14)"},{"description":"Hispanic","count":29,"tested":176,"color":"rgb(214,39,40)"},{"description":"Left Blank","count":78,"tested":1343,"color":"rgb(44,160,44)"},{"description":"White","count":233,"tested":2606,"color":"rgb(31,119,180)"}],"gender":[]}
