{"lastUpdatedDate":{"year":2021,"month":4,"day":7},"county_demographics":[{"County":"Putnam","confirmed_cases":435,"total_tested":5894,"demographics":{"age":[{"race":[],"age_group":"<20","count":50,"tested":628,"deaths":0},{"race":[],"age_group":"20-29   ","count":69,"tested":695,"deaths":0},{"race":[],"age_group":"30-39   ","count":64,"tested":1020,"deaths":0},{"race":[],"age_group":"40-49   ","count":57,"tested":923,"deaths":0},{"race":[],"age_group":"50-59   ","count":84,"tested":1261,"deaths":0},{"race":[],"age_group":"60-69   ","count":64,"tested":860,"deaths":0},{"race":[],"age_group":"70-79   ","count":30,"tested":354,"deaths":0},{"race":[],"age_group":"80+","count":11,"tested":152,"deaths":0},{"race":[],"age_group":"Unknown","count":0,"tested":0,"deaths":0}],"race":[{"description":"Asian","count":0,"tested":0,"deaths":0,"color":"rgb(140,86,75)"},{"description":"Black","count":0,"tested":17,"deaths":0,"color":"rgb(255,127,14)"},{"description":"Hispanic","count":12,"tested":140,"deaths":0,"color":"rgb(214,39,40)"},{"description":"Left Blank","count":171,"tested":2760,"deaths":0,"color":"rgb(44,160,44)"},{"description":"NH/PI*","count":0,"tested":46,"deaths":0,"color":"rgb(127,127,127)"},{"description":"Other","count":0,"tested":51,"deaths":0,"color":"rgb(148,103,189)"},{"description":"White","count":241,"tested":2877,"deaths":0,"color":"rgb(31,119,180)"}],"gender":[{"description":"Female","count":232,"tested":3456,"deaths":0,"color":"rgb(255,127,14)"},{"description":"Male","count":188,"tested":1612,"deaths":0,"color":"rgb(31,119,180)"},{"description":"Unknown/Left Blank","count":10,"tested":826,"deaths":0,"color":"rgb(44,160,44)"}]}}]}
