{"lastUpdatedDate":{"year":2021,"month":4,"day":7},"county_demographics":[{"County":"Alexander","confirmed_cases":460,"total_tested":5461,"demographics":{"age":[{"race":[],"age_group":"<20","count":42,"tested":408,"deaths":0},{"race":[],"age_group":"20-29   ","count":45,"tested":779,"deaths":0},{"race":[],"age_group":"30-39   ","count":72,"tested":707,"deaths":0},{"race":[],"age_group":"40-49   ","count":56,"tested":861,"deaths":0},{"race":[],"age_group":"50-59   ","count":79,"tested":1177,"deaths":0},{"race":[],"age_group":"60-69   ","count":79,"tested":964,"deaths":0},{"race":[],"age_group":"70-79   ","count":56,"tested":351,"deaths":0},{"race":[],"age_group":"80+","count":16,"tested":214,"deaths":0},{"race":[],"age_group":"Unknown","count":0,"tested":0,"deaths":0}],"race":[{"description":"Asian","count":0,"tested":0,"deaths":0,"color":"rgb(140,86,75)"},{"description":"Black","count":124,"tested":1388,"deaths":0,"color":"rgb(255,127,14)"},{"description":"Hispanic","count":0,"tested":17,"deaths":0,"color":"rgb(214,39,40)"},{"description":"Left Blank","count":136,"tested":2117,"deaths":0,"color":"rgb(44,160,44)"},{"description":"NH/PI*","count":0,"tested":0,"deaths":0,"color":"rgb(127,127,127)"},{"description":"Other","count":0,"tested":31,"deaths":0,"color":"rgb(148,103,189)"},{"description":"White","count":195,"tested":1904,"deaths":0,"color":"rgb(31,119,180)"}],"gender":[{"description":"Female","count":269,"tested":3264,"deaths":0,"color":"rgb(255,127,14)"},{"description":"Male","count":181,"tested":1772,"deaths":0,"color":"rgb(31,119,180)"},{"description":"Unknown/Left Blank","count":10,"tested":425,"deaths":0,"color":"rgb(44,160,44)"}]}}]}
