{"lastUpdatedDate":{"year":2021,"month":4,"day":7},"county_demographics":[{"County":"McHenry","confirmed_cases":25998,"total_tested":303173,"demographics":{"age":[{"race":[],"age_group":"<20","count":3960,"tested":37842,"deaths":0},{"race":[],"age_group":"20-29   ","count":4553,"tested":47488,"deaths":0},{"race":[],"age_group":"30-39   ","count":3974,"tested":43443,"deaths":0},{"race":[],"age_group":"40-49   ","count":4078,"tested":41381,"deaths":0},{"race":[],"age_group":"50-59   ","count":4463,"tested":49381,"deaths":0},{"race":[],"age_group":"60-69   ","count":2798,"tested":37773,"deaths":0},{"race":[],"age_group":"70-79   ","count":1244,"tested":23229,"deaths":0},{"race":[],"age_group":"80+","count":924,"tested":22565,"deaths":0},{"race":[],"age_group":"Unknown","count":0,"tested":71,"deaths":0}],"race":[{"description":"AI/AN**","count":28,"tested":352,"deaths":0,"color":"rgb(31,119,180)"},{"description":"Asian","count":436,"tested":4899,"deaths":0,"color":"rgb(140,86,75)"},{"description":"Black","count":272,"tested":3381,"deaths":0,"color":"rgb(255,127,14)"},{"description":"Hispanic","count":4214,"tested":21095,"deaths":0,"color":"rgb(214,39,40)"},{"description":"Left Blank","count":6559,"tested":118359,"deaths":0,"color":"rgb(44,160,44)"},{"description":"NH/PI*","count":28,"tested":342,"deaths":0,"color":"rgb(127,127,127)"},{"description":"Other","count":531,"tested":5193,"deaths":0,"color":"rgb(148,103,189)"},{"description":"White","count":13925,"tested":149552,"deaths":0,"color":"rgb(31,119,180)"}],"gender":[{"description":"Female","count":13297,"tested":175709,"deaths":0,"color":"rgb(255,127,14)"},{"description":"Male","count":12523,"tested":123623,"deaths":0,"color":"rgb(31,119,180)"},{"description":"Unknown/Left Blank","count":178,"tested":3841,"deaths":0,"color":"rgb(44,160,44)"}]}}]}
