{"lastUpdatedDate":{"year":2021,"month":4,"day":7},"county_demographics":[{"County":"Boone","confirmed_cases":6188,"total_tested":56261,"demographics":{"age":[{"race":[],"age_group":"<20","count":1101,"tested":9077,"deaths":0},{"race":[],"age_group":"20-29   ","count":1088,"tested":9198,"deaths":0},{"race":[],"age_group":"30-39   ","count":888,"tested":7609,"deaths":0},{"race":[],"age_group":"40-49   ","count":1049,"tested":8168,"deaths":0},{"race":[],"age_group":"50-59   ","count":952,"tested":8264,"deaths":0},{"race":[],"age_group":"60-69   ","count":593,"tested":6046,"deaths":0},{"race":[],"age_group":"70-79   ","count":321,"tested":4103,"deaths":0},{"race":[],"age_group":"80+","count":195,"tested":3785,"deaths":0},{"race":[],"age_group":"Unknown","count":0,"tested":11,"deaths":0}],"race":[{"description":"AI/AN**","count":8,"tested":40,"deaths":0,"color":"rgb(31,119,180)"},{"description":"Asian","count":42,"tested":386,"deaths":0,"color":"rgb(140,86,75)"},{"description":"Black","count":98,"tested":801,"deaths":0,"color":"rgb(255,127,14)"},{"description":"Hispanic","count":2153,"tested":5300,"deaths":0,"color":"rgb(214,39,40)"},{"description":"Left Blank","count":552,"tested":28024,"deaths":0,"color":"rgb(44,160,44)"},{"description":"NH/PI*","count":0,"tested":17,"deaths":0,"color":"rgb(127,127,127)"},{"description":"Other","count":79,"tested":783,"deaths":0,"color":"rgb(148,103,189)"},{"description":"White","count":3244,"tested":20910,"deaths":0,"color":"rgb(31,119,180)"}],"gender":[{"description":"Female","count":3260,"tested":33396,"deaths":0,"color":"rgb(255,127,14)"},{"description":"Male","count":2920,"tested":22077,"deaths":0,"color":"rgb(31,119,180)"},{"description":"Unknown/Left Blank","count":7,"tested":788,"deaths":0,"color":"rgb(44,160,44)"}]}}]}
