{"lastUpdatedDate":{"year":2021,"month":4,"day":7},"county_demographics":[{"County":"Knox","confirmed_cases":5178,"total_tested":100030,"demographics":{"age":[{"race":[],"age_group":"<20","count":619,"tested":9925,"deaths":0},{"race":[],"age_group":"20-29   ","count":785,"tested":19638,"deaths":0},{"race":[],"age_group":"30-39   ","count":762,"tested":16633,"deaths":0},{"race":[],"age_group":"40-49   ","count":774,"tested":15447,"deaths":0},{"race":[],"age_group":"50-59   ","count":759,"tested":13956,"deaths":0},{"race":[],"age_group":"60-69   ","count":660,"tested":9944,"deaths":0},{"race":[],"age_group":"70-79   ","count":432,"tested":5733,"deaths":0},{"race":[],"age_group":"80+","count":383,"tested":5724,"deaths":0},{"race":[],"age_group":"Unknown","count":0,"tested":3030,"deaths":0}],"race":[{"description":"AI/AN**","count":0,"tested":46,"deaths":0,"color":"rgb(31,119,180)"},{"description":"Asian","count":17,"tested":735,"deaths":0,"color":"rgb(140,86,75)"},{"description":"Black","count":453,"tested":2844,"deaths":0,"color":"rgb(255,127,14)"},{"description":"Hispanic","count":223,"tested":1647,"deaths":0,"color":"rgb(214,39,40)"},{"description":"Left Blank","count":946,"tested":65511,"deaths":0,"color":"rgb(44,160,44)"},{"description":"NH/PI*","count":0,"tested":48,"deaths":0,"color":"rgb(127,127,127)"},{"description":"Other","count":57,"tested":936,"deaths":0,"color":"rgb(148,103,189)"},{"description":"White","count":3476,"tested":28263,"deaths":0,"color":"rgb(31,119,180)"}],"gender":[{"description":"Female","count":2652,"tested":42060,"deaths":0,"color":"rgb(255,127,14)"},{"description":"Male","count":2336,"tested":39005,"deaths":0,"color":"rgb(31,119,180)"},{"description":"Unknown/Left Blank","count":190,"tested":18965,"deaths":0,"color":"rgb(44,160,44)"}]}}]}
