{"lastUpdatedDate":{"year":2021,"month":4,"day":20},"county_demographics":[{"County":"McHenry","confirmed_cases":27125,"total_tested":317150,"demographics":{"age":[{"race":[],"age_group":"<20","count":4259,"tested":40850,"deaths":0},{"race":[],"age_group":"20-29   ","count":4758,"tested":49651,"deaths":0},{"race":[],"age_group":"30-39   ","count":4142,"tested":45452,"deaths":0},{"race":[],"age_group":"40-49   ","count":4231,"tested":43130,"deaths":0},{"race":[],"age_group":"50-59   ","count":4655,"tested":51517,"deaths":0},{"race":[],"age_group":"60-69   ","count":2868,"tested":39299,"deaths":0},{"race":[],"age_group":"70-79   ","count":1273,"tested":24027,"deaths":0},{"race":[],"age_group":"80+","count":935,"tested":23153,"deaths":0},{"race":[],"age_group":"Unknown","count":0,"tested":71,"deaths":0}],"race":[{"description":"AI/AN**","count":33,"tested":373,"deaths":0,"color":"rgb(31,119,180)"},{"description":"Asian","count":457,"tested":5261,"deaths":0,"color":"rgb(140,86,75)"},{"description":"Black","count":288,"tested":3599,"deaths":0,"color":"rgb(255,127,14)"},{"description":"Hispanic","count":4371,"tested":22374,"deaths":0,"color":"rgb(214,39,40)"},{"description":"Left Blank","count":6752,"tested":122193,"deaths":0,"color":"rgb(44,160,44)"},{"description":"NH/PI*","count":28,"tested":377,"deaths":0,"color":"rgb(127,127,127)"},{"description":"Other","count":545,"tested":5578,"deaths":0,"color":"rgb(148,103,189)"},{"description":"White","count":14645,"tested":157395,"deaths":0,"color":"rgb(31,119,180)"}],"gender":[{"description":"Female","count":13849,"tested":183380,"deaths":0,"color":"rgb(255,127,14)"},{"description":"Male","count":13094,"tested":129745,"deaths":0,"color":"rgb(31,119,180)"},{"description":"Unknown/Left Blank","count":182,"tested":4025,"deaths":0,"color":"rgb(44,160,44)"}]}}]}
