{"lastUpdatedDate":{"year":2021,"month":4,"day":20},"county_demographics":[{"County":"Grundy","confirmed_cases":5621,"total_tested":57235,"demographics":{"age":[{"race":[],"age_group":"<20","count":973,"tested":9468,"deaths":0},{"race":[],"age_group":"20-29   ","count":949,"tested":9162,"deaths":0},{"race":[],"age_group":"30-39   ","count":914,"tested":8065,"deaths":0},{"race":[],"age_group":"40-49   ","count":940,"tested":8255,"deaths":0},{"race":[],"age_group":"50-59   ","count":850,"tested":8180,"deaths":0},{"race":[],"age_group":"60-69   ","count":536,"tested":5798,"deaths":0},{"race":[],"age_group":"70-79   ","count":281,"tested":3891,"deaths":0},{"race":[],"age_group":"80+","count":176,"tested":4291,"deaths":0},{"race":[],"age_group":"Unknown","count":0,"tested":125,"deaths":0}],"race":[{"description":"AI/AN**","count":0,"tested":39,"deaths":0,"color":"rgb(31,119,180)"},{"description":"Asian","count":19,"tested":222,"deaths":0,"color":"rgb(140,86,75)"},{"description":"Black","count":50,"tested":741,"deaths":0,"color":"rgb(255,127,14)"},{"description":"Hispanic","count":356,"tested":2053,"deaths":0,"color":"rgb(214,39,40)"},{"description":"Left Blank","count":1403,"tested":16593,"deaths":0,"color":"rgb(44,160,44)"},{"description":"NH/PI*","count":0,"tested":11,"deaths":0,"color":"rgb(127,127,127)"},{"description":"Other","count":409,"tested":2833,"deaths":0,"color":"rgb(148,103,189)"},{"description":"White","count":3376,"tested":34743,"deaths":0,"color":"rgb(31,119,180)"}],"gender":[{"description":"Female","count":2860,"tested":32901,"deaths":0,"color":"rgb(255,127,14)"},{"description":"Male","count":2715,"tested":22682,"deaths":0,"color":"rgb(31,119,180)"},{"description":"Unknown/Left Blank","count":42,"tested":1652,"deaths":0,"color":"rgb(44,160,44)"}]}}]}
