{"lastUpdatedDate":{"year":2021,"month":4,"day":20},"county_demographics":[{"County":"Crawford","confirmed_cases":2092,"total_tested":34094,"demographics":{"age":[{"race":[],"age_group":"<20","count":298,"tested":3387,"deaths":0},{"race":[],"age_group":"20-29   ","count":303,"tested":4630,"deaths":0},{"race":[],"age_group":"30-39   ","count":325,"tested":6886,"deaths":0},{"race":[],"age_group":"40-49   ","count":287,"tested":5910,"deaths":0},{"race":[],"age_group":"50-59   ","count":306,"tested":4982,"deaths":0},{"race":[],"age_group":"60-69   ","count":241,"tested":2891,"deaths":0},{"race":[],"age_group":"70-79   ","count":198,"tested":1650,"deaths":0},{"race":[],"age_group":"80+","count":133,"tested":1528,"deaths":0},{"race":[],"age_group":"Unknown","count":0,"tested":2230,"deaths":0}],"race":[{"description":"AI/AN**","count":0,"tested":0,"deaths":0,"color":"rgb(31,119,180)"},{"description":"Asian","count":0,"tested":39,"deaths":0,"color":"rgb(140,86,75)"},{"description":"Black","count":157,"tested":466,"deaths":0,"color":"rgb(255,127,14)"},{"description":"Hispanic","count":38,"tested":129,"deaths":0,"color":"rgb(214,39,40)"},{"description":"Left Blank","count":203,"tested":18949,"deaths":0,"color":"rgb(44,160,44)"},{"description":"NH/PI*","count":0,"tested":0,"deaths":0,"color":"rgb(127,127,127)"},{"description":"Other","count":18,"tested":556,"deaths":0,"color":"rgb(148,103,189)"},{"description":"White","count":1661,"tested":13952,"deaths":0,"color":"rgb(31,119,180)"}],"gender":[{"description":"Female","count":989,"tested":11982,"deaths":0,"color":"rgb(255,127,14)"},{"description":"Male","count":1047,"tested":10553,"deaths":0,"color":"rgb(31,119,180)"},{"description":"Unknown/Left Blank","count":56,"tested":11559,"deaths":0,"color":"rgb(44,160,44)"}]}}]}
