{"lastUpdatedDate":{"year":2021,"month":4,"day":20},"county_demographics":[{"County":"Macon","confirmed_cases":10261,"total_tested":171842,"demographics":{"age":[{"race":[],"age_group":"<20","count":1524,"tested":19234,"deaths":0},{"race":[],"age_group":"20-29   ","count":1580,"tested":28870,"deaths":0},{"race":[],"age_group":"30-39   ","count":1514,"tested":25736,"deaths":0},{"race":[],"age_group":"40-49   ","count":1492,"tested":23888,"deaths":0},{"race":[],"age_group":"50-59   ","count":1467,"tested":23179,"deaths":0},{"race":[],"age_group":"60-69   ","count":1259,"tested":20410,"deaths":0},{"race":[],"age_group":"70-79   ","count":810,"tested":13558,"deaths":0},{"race":[],"age_group":"80+","count":612,"tested":16256,"deaths":0},{"race":[],"age_group":"Unknown","count":0,"tested":711,"deaths":0}],"race":[{"description":"AI/AN**","count":9,"tested":70,"deaths":0,"color":"rgb(31,119,180)"},{"description":"Asian","count":80,"tested":676,"deaths":0,"color":"rgb(140,86,75)"},{"description":"Black","count":1854,"tested":13395,"deaths":0,"color":"rgb(255,127,14)"},{"description":"Hispanic","count":199,"tested":1059,"deaths":0,"color":"rgb(214,39,40)"},{"description":"Left Blank","count":1078,"tested":99893,"deaths":0,"color":"rgb(44,160,44)"},{"description":"NH/PI*","count":6,"tested":81,"deaths":0,"color":"rgb(127,127,127)"},{"description":"Other","count":149,"tested":2361,"deaths":0,"color":"rgb(148,103,189)"},{"description":"White","count":6883,"tested":54307,"deaths":0,"color":"rgb(31,119,180)"}],"gender":[{"description":"Female","count":5597,"tested":98172,"deaths":0,"color":"rgb(255,127,14)"},{"description":"Male","count":4591,"tested":57639,"deaths":0,"color":"rgb(31,119,180)"},{"description":"Unknown/Left Blank","count":69,"tested":16031,"deaths":0,"color":"rgb(44,160,44)"}]}}]}
