{"lastUpdatedDate":{"year":2021,"month":4,"day":20},"county_demographics":[{"County":"St. Clair","confirmed_cases":27186,"total_tested":374169,"demographics":{"age":[{"race":[],"age_group":"<20","count":4367,"tested":38878,"deaths":0},{"race":[],"age_group":"20-29   ","count":4224,"tested":56081,"deaths":0},{"race":[],"age_group":"30-39   ","count":4270,"tested":64583,"deaths":0},{"race":[],"age_group":"40-49   ","count":4135,"tested":58296,"deaths":0},{"race":[],"age_group":"50-59   ","count":4128,"tested":56667,"deaths":0},{"race":[],"age_group":"60-69   ","count":3198,"tested":46114,"deaths":0},{"race":[],"age_group":"70-79   ","count":1556,"tested":25712,"deaths":0},{"race":[],"age_group":"80+","count":1292,"tested":25128,"deaths":0},{"race":[],"age_group":"Unknown","count":16,"tested":2710,"deaths":0}],"race":[{"description":"AI/AN**","count":38,"tested":222,"deaths":0,"color":"rgb(31,119,180)"},{"description":"Asian","count":152,"tested":1041,"deaths":0,"color":"rgb(140,86,75)"},{"description":"Black","count":6335,"tested":46108,"deaths":0,"color":"rgb(255,127,14)"},{"description":"Hispanic","count":852,"tested":3387,"deaths":0,"color":"rgb(214,39,40)"},{"description":"Left Blank","count":9894,"tested":228941,"deaths":0,"color":"rgb(44,160,44)"},{"description":"NH/PI*","count":39,"tested":361,"deaths":0,"color":"rgb(127,127,127)"},{"description":"Other","count":473,"tested":6660,"deaths":0,"color":"rgb(148,103,189)"},{"description":"White","count":9399,"tested":87449,"deaths":0,"color":"rgb(31,119,180)"}],"gender":[{"description":"Female","count":14456,"tested":188082,"deaths":0,"color":"rgb(255,127,14)"},{"description":"Male","count":11645,"tested":148286,"deaths":0,"color":"rgb(31,119,180)"},{"description":"Unknown/Left Blank","count":1085,"tested":37801,"deaths":0,"color":"rgb(44,160,44)"}]}}]}
