{"lastUpdatedDate":{"year":2020,"month":12,"day":1},"county_demographics":[{"County":"Champaign","confirmed_cases":11030,"total_tested":1084437,"demographics":{"age":[{"race":[],"age_group":"<20","count":3084,"tested":268653,"deaths":0},{"race":[],"age_group":"20-29   ","count":3458,"tested":483713,"deaths":0},{"race":[],"age_group":"30-39   ","count":1282,"tested":104138,"deaths":0},{"race":[],"age_group":"40-49   ","count":1004,"tested":79707,"deaths":0},{"race":[],"age_group":"50-59   ","count":952,"tested":73391,"deaths":0},{"race":[],"age_group":"60-69   ","count":711,"tested":46927,"deaths":0},{"race":[],"age_group":"70-79   ","count":299,"tested":16849,"deaths":0},{"race":[],"age_group":"80+","count":229,"tested":10898,"deaths":0},{"race":[],"age_group":"Unknown","count":0,"tested":161,"deaths":0}],"race":[{"description":"AI/AN**","count":0,"tested":1575,"deaths":0,"color":"rgb(31,119,180)"},{"description":"Asian","count":545,"tested":207221,"deaths":0,"color":"rgb(140,86,75)"},{"description":"Black","count":1509,"tested":82731,"deaths":0,"color":"rgb(255,127,14)"},{"description":"Hispanic","count":1352,"tested":74155,"deaths":0,"color":"rgb(214,39,40)"},{"description":"Left Blank","count":526,"tested":49712,"deaths":0,"color":"rgb(44,160,44)"},{"description":"NH/PI*","count":6,"tested":748,"deaths":0,"color":"rgb(127,127,127)"},{"description":"Other","count":329,"tested":58488,"deaths":0,"color":"rgb(148,103,189)"},{"description":"White","count":6757,"tested":609807,"deaths":0,"color":"rgb(31,119,180)"}],"gender":[{"description":"Female","count":5453,"tested":533902,"deaths":0,"color":"rgb(255,127,14)"},{"description":"Male","count":5552,"tested":548844,"deaths":0,"color":"rgb(31,119,180)"},{"description":"Unknown/Left Blank","count":21,"tested":1691,"deaths":0,"color":"rgb(44,160,44)"}]}}]}
