{"lastUpdatedDate":{"year":2020,"month":12,"day":1},"county_demographics":[{"County":"Shelby","confirmed_cases":1407,"total_tested":12049,"demographics":{"age":[{"race":[],"age_group":"<20","count":173,"tested":1626,"deaths":0},{"race":[],"age_group":"20-29   ","count":215,"tested":1797,"deaths":0},{"race":[],"age_group":"30-39   ","count":174,"tested":1487,"deaths":0},{"race":[],"age_group":"40-49   ","count":169,"tested":1414,"deaths":0},{"race":[],"age_group":"50-59   ","count":227,"tested":1752,"deaths":0},{"race":[],"age_group":"60-69   ","count":197,"tested":1502,"deaths":0},{"race":[],"age_group":"70-79   ","count":156,"tested":1192,"deaths":0},{"race":[],"age_group":"80+","count":88,"tested":1275,"deaths":0},{"race":[],"age_group":"Unknown","count":0,"tested":0,"deaths":0}],"race":[{"description":"AI/AN**","count":0,"tested":0,"deaths":0,"color":"rgb(31,119,180)"},{"description":"Asian","count":0,"tested":22,"deaths":0,"color":"rgb(140,86,75)"},{"description":"Black","count":7,"tested":32,"deaths":0,"color":"rgb(255,127,14)"},{"description":"Hispanic","count":11,"tested":39,"deaths":0,"color":"rgb(214,39,40)"},{"description":"Left Blank","count":177,"tested":3637,"deaths":0,"color":"rgb(44,160,44)"},{"description":"NH/PI*","count":0,"tested":0,"deaths":0,"color":"rgb(127,127,127)"},{"description":"Other","count":6,"tested":470,"deaths":0,"color":"rgb(148,103,189)"},{"description":"White","count":1201,"tested":7843,"deaths":0,"color":"rgb(31,119,180)"}],"gender":[{"description":"Female","count":805,"tested":7537,"deaths":0,"color":"rgb(255,127,14)"},{"description":"Male","count":569,"tested":4213,"deaths":0,"color":"rgb(31,119,180)"},{"description":"Unknown/Left Blank","count":33,"tested":299,"deaths":0,"color":"rgb(44,160,44)"}]}}]}
