{"lastUpdatedDate":{"year":2020,"month":12,"day":1},"county_demographics":[{"County":"Greene","confirmed_cases":850,"total_tested":7447,"demographics":{"age":[{"race":[],"age_group":"<20","count":74,"tested":968,"deaths":0},{"race":[],"age_group":"20-29   ","count":112,"tested":998,"deaths":0},{"race":[],"age_group":"30-39   ","count":122,"tested":1108,"deaths":0},{"race":[],"age_group":"40-49   ","count":97,"tested":932,"deaths":0},{"race":[],"age_group":"50-59   ","count":157,"tested":1191,"deaths":0},{"race":[],"age_group":"60-69   ","count":97,"tested":905,"deaths":0},{"race":[],"age_group":"70-79   ","count":98,"tested":684,"deaths":0},{"race":[],"age_group":"80+","count":85,"tested":660,"deaths":0},{"race":[],"age_group":"Unknown","count":6,"tested":0,"deaths":0}],"race":[{"description":"AI/AN**","count":0,"tested":0,"deaths":0,"color":"rgb(31,119,180)"},{"description":"Asian","count":0,"tested":7,"deaths":0,"color":"rgb(140,86,75)"},{"description":"Black","count":0,"tested":27,"deaths":0,"color":"rgb(255,127,14)"},{"description":"Hispanic","count":0,"tested":12,"deaths":0,"color":"rgb(214,39,40)"},{"description":"Left Blank","count":412,"tested":4250,"deaths":0,"color":"rgb(44,160,44)"},{"description":"NH/PI*","count":0,"tested":0,"deaths":0,"color":"rgb(127,127,127)"},{"description":"Other","count":7,"tested":50,"deaths":0,"color":"rgb(148,103,189)"},{"description":"White","count":429,"tested":3099,"deaths":0,"color":"rgb(31,119,180)"}],"gender":[{"description":"Female","count":439,"tested":4395,"deaths":0,"color":"rgb(255,127,14)"},{"description":"Male","count":328,"tested":2456,"deaths":0,"color":"rgb(31,119,180)"},{"description":"Unknown/Left Blank","count":83,"tested":596,"deaths":0,"color":"rgb(44,160,44)"}]}}]}
