{"lastUpdatedDate":{"year":2020,"month":12,"day":1},"county_demographics":[{"County":"Fayette","confirmed_cases":1812,"total_tested":12071,"demographics":{"age":[{"race":[],"age_group":"<20","count":220,"tested":1468,"deaths":0},{"race":[],"age_group":"20-29   ","count":260,"tested":1748,"deaths":0},{"race":[],"age_group":"30-39   ","count":256,"tested":1545,"deaths":0},{"race":[],"age_group":"40-49   ","count":269,"tested":1632,"deaths":0},{"race":[],"age_group":"50-59   ","count":285,"tested":1740,"deaths":0},{"race":[],"age_group":"60-69   ","count":263,"tested":1790,"deaths":0},{"race":[],"age_group":"70-79   ","count":158,"tested":1091,"deaths":0},{"race":[],"age_group":"80+","count":100,"tested":1053,"deaths":0},{"race":[],"age_group":"Unknown","count":0,"tested":0,"deaths":0}],"race":[{"description":"AI/AN**","count":0,"tested":0,"deaths":0,"color":"rgb(31,119,180)"},{"description":"Asian","count":0,"tested":0,"deaths":0,"color":"rgb(140,86,75)"},{"description":"Black","count":71,"tested":275,"deaths":0,"color":"rgb(255,127,14)"},{"description":"Hispanic","count":17,"tested":62,"deaths":0,"color":"rgb(214,39,40)"},{"description":"Left Blank","count":572,"tested":5730,"deaths":0,"color":"rgb(44,160,44)"},{"description":"NH/PI*","count":0,"tested":0,"deaths":0,"color":"rgb(127,127,127)"},{"description":"Other","count":45,"tested":1204,"deaths":0,"color":"rgb(148,103,189)"},{"description":"White","count":1100,"tested":4790,"deaths":0,"color":"rgb(31,119,180)"}],"gender":[{"description":"Female","count":872,"tested":7503,"deaths":0,"color":"rgb(255,127,14)"},{"description":"Male","count":923,"tested":4416,"deaths":0,"color":"rgb(31,119,180)"},{"description":"Unknown/Left Blank","count":17,"tested":152,"deaths":0,"color":"rgb(44,160,44)"}]}}]}
