{"lastUpdatedDate":{"year":2020,"month":12,"day":1},"county_demographics":[{"County":"Clinton","confirmed_cases":3380,"total_tested":27943,"demographics":{"age":[{"race":[],"age_group":"<20","count":456,"tested":3570,"deaths":0},{"race":[],"age_group":"20-29   ","count":514,"tested":4362,"deaths":0},{"race":[],"age_group":"30-39   ","count":503,"tested":4025,"deaths":0},{"race":[],"age_group":"40-49   ","count":430,"tested":3619,"deaths":0},{"race":[],"age_group":"50-59   ","count":522,"tested":4406,"deaths":0},{"race":[],"age_group":"60-69   ","count":451,"tested":3765,"deaths":0},{"race":[],"age_group":"70-79   ","count":235,"tested":2062,"deaths":0},{"race":[],"age_group":"80+","count":262,"tested":2099,"deaths":0},{"race":[],"age_group":"Unknown","count":7,"tested":35,"deaths":0}],"race":[{"description":"AI/AN**","count":0,"tested":8,"deaths":0,"color":"rgb(31,119,180)"},{"description":"Asian","count":0,"tested":40,"deaths":0,"color":"rgb(140,86,75)"},{"description":"Black","count":56,"tested":636,"deaths":0,"color":"rgb(255,127,14)"},{"description":"Hispanic","count":50,"tested":202,"deaths":0,"color":"rgb(214,39,40)"},{"description":"Left Blank","count":1385,"tested":12838,"deaths":0,"color":"rgb(44,160,44)"},{"description":"NH/PI*","count":0,"tested":6,"deaths":0,"color":"rgb(127,127,127)"},{"description":"Other","count":85,"tested":538,"deaths":0,"color":"rgb(148,103,189)"},{"description":"White","count":1799,"tested":13675,"deaths":0,"color":"rgb(31,119,180)"}],"gender":[{"description":"Female","count":1801,"tested":16386,"deaths":0,"color":"rgb(255,127,14)"},{"description":"Male","count":1510,"tested":10930,"deaths":0,"color":"rgb(31,119,180)"},{"description":"Unknown/Left Blank","count":69,"tested":627,"deaths":0,"color":"rgb(44,160,44)"}]}}]}
