{"lastUpdatedDate":{"year":2020,"month":12,"day":1},"county_demographics":[{"County":"Crawford","confirmed_cases":1150,"total_tested":9620,"demographics":{"age":[{"race":[],"age_group":"<20","count":145,"tested":1403,"deaths":0},{"race":[],"age_group":"20-29   ","count":174,"tested":1418,"deaths":0},{"race":[],"age_group":"30-39   ","count":197,"tested":1645,"deaths":0},{"race":[],"age_group":"40-49   ","count":187,"tested":1326,"deaths":0},{"race":[],"age_group":"50-59   ","count":180,"tested":1288,"deaths":0},{"race":[],"age_group":"60-69   ","count":114,"tested":951,"deaths":0},{"race":[],"age_group":"70-79   ","count":83,"tested":680,"deaths":0},{"race":[],"age_group":"80+","count":70,"tested":907,"deaths":0},{"race":[],"age_group":"Unknown","count":0,"tested":0,"deaths":0}],"race":[{"description":"AI/AN**","count":0,"tested":0,"deaths":0,"color":"rgb(31,119,180)"},{"description":"Asian","count":0,"tested":18,"deaths":0,"color":"rgb(140,86,75)"},{"description":"Black","count":150,"tested":340,"deaths":0,"color":"rgb(255,127,14)"},{"description":"Hispanic","count":37,"tested":61,"deaths":0,"color":"rgb(214,39,40)"},{"description":"Left Blank","count":139,"tested":2724,"deaths":0,"color":"rgb(44,160,44)"},{"description":"NH/PI*","count":0,"tested":0,"deaths":0,"color":"rgb(127,127,127)"},{"description":"Other","count":16,"tested":518,"deaths":0,"color":"rgb(148,103,189)"},{"description":"White","count":801,"tested":5958,"deaths":0,"color":"rgb(31,119,180)"}],"gender":[{"description":"Female","count":466,"tested":5540,"deaths":0,"color":"rgb(255,127,14)"},{"description":"Male","count":640,"tested":3314,"deaths":0,"color":"rgb(31,119,180)"},{"description":"Unknown/Left Blank","count":44,"tested":766,"deaths":0,"color":"rgb(44,160,44)"}]}}]}
