{"lastUpdatedDate":{"year":2021,"month":3,"day":10},"county_demographics":[{"County":"Knox","confirmed_cases":5028,"total_tested":86028,"demographics":{"age":[{"race":[],"age_group":"<20","count":585,"tested":8165,"deaths":0},{"race":[],"age_group":"20-29   ","count":758,"tested":16144,"deaths":0},{"race":[],"age_group":"30-39   ","count":739,"tested":14097,"deaths":0},{"race":[],"age_group":"40-49   ","count":746,"tested":13167,"deaths":0},{"race":[],"age_group":"50-59   ","count":741,"tested":12166,"deaths":0},{"race":[],"age_group":"60-69   ","count":647,"tested":8818,"deaths":0},{"race":[],"age_group":"70-79   ","count":427,"tested":5229,"deaths":0},{"race":[],"age_group":"80+","count":381,"tested":5212,"deaths":0},{"race":[],"age_group":"Unknown","count":0,"tested":3030,"deaths":0}],"race":[{"description":"AI/AN**","count":0,"tested":32,"deaths":0,"color":"rgb(31,119,180)"},{"description":"Asian","count":10,"tested":488,"deaths":0,"color":"rgb(140,86,75)"},{"description":"Black","count":436,"tested":2364,"deaths":0,"color":"rgb(255,127,14)"},{"description":"Hispanic","count":222,"tested":1208,"deaths":0,"color":"rgb(214,39,40)"},{"description":"Left Blank","count":929,"tested":57139,"deaths":0,"color":"rgb(44,160,44)"},{"description":"NH/PI*","count":0,"tested":34,"deaths":0,"color":"rgb(127,127,127)"},{"description":"Other","count":55,"tested":785,"deaths":0,"color":"rgb(148,103,189)"},{"description":"White","count":3365,"tested":23978,"deaths":0,"color":"rgb(31,119,180)"}],"gender":[{"description":"Female","count":2584,"tested":37158,"deaths":0,"color":"rgb(255,127,14)"},{"description":"Male","count":2264,"tested":30220,"deaths":0,"color":"rgb(31,119,180)"},{"description":"Unknown/Left Blank","count":180,"tested":18650,"deaths":0,"color":"rgb(44,160,44)"}]}}]}
