{"lastUpdatedDate":{"year":2021,"month":3,"day":10},"county_demographics":[{"County":"Putnam","confirmed_cases":425,"total_tested":5417,"demographics":{"age":[{"race":[],"age_group":"<20","count":48,"tested":554,"deaths":0},{"race":[],"age_group":"20-29   ","count":68,"tested":646,"deaths":0},{"race":[],"age_group":"30-39   ","count":63,"tested":944,"deaths":0},{"race":[],"age_group":"40-49   ","count":55,"tested":841,"deaths":0},{"race":[],"age_group":"50-59   ","count":83,"tested":1163,"deaths":0},{"race":[],"age_group":"60-69   ","count":61,"tested":799,"deaths":0},{"race":[],"age_group":"70-79   ","count":30,"tested":326,"deaths":0},{"race":[],"age_group":"80+","count":11,"tested":143,"deaths":0},{"race":[],"age_group":"Unknown","count":0,"tested":0,"deaths":0}],"race":[{"description":"Asian","count":0,"tested":0,"deaths":0,"color":"rgb(140,86,75)"},{"description":"Black","count":0,"tested":17,"deaths":0,"color":"rgb(255,127,14)"},{"description":"Hispanic","count":10,"tested":119,"deaths":0,"color":"rgb(214,39,40)"},{"description":"Left Blank","count":168,"tested":2547,"deaths":0,"color":"rgb(44,160,44)"},{"description":"NH/PI*","count":0,"tested":42,"deaths":0,"color":"rgb(127,127,127)"},{"description":"Other","count":0,"tested":46,"deaths":0,"color":"rgb(148,103,189)"},{"description":"White","count":236,"tested":2643,"deaths":0,"color":"rgb(31,119,180)"}],"gender":[{"description":"Female","count":226,"tested":3176,"deaths":0,"color":"rgb(255,127,14)"},{"description":"Male","count":184,"tested":1516,"deaths":0,"color":"rgb(31,119,180)"},{"description":"Unknown/Left Blank","count":10,"tested":725,"deaths":0,"color":"rgb(44,160,44)"}]}}]}
