{"lastUpdatedDate":{"year":2021,"month":3,"day":10},"county_demographics":[{"County":"Champaign","confirmed_cases":18350,"total_tested":1860560,"demographics":{"age":[{"race":[],"age_group":"<20","count":4937,"tested":426440,"deaths":0},{"race":[],"age_group":"20-29   ","count":5484,"tested":837783,"deaths":0},{"race":[],"age_group":"30-39   ","count":2228,"tested":186555,"deaths":0},{"race":[],"age_group":"40-49   ","count":1886,"tested":142308,"deaths":0},{"race":[],"age_group":"50-59   ","count":1597,"tested":133335,"deaths":0},{"race":[],"age_group":"60-69   ","count":1226,"tested":83374,"deaths":0},{"race":[],"age_group":"70-79   ","count":533,"tested":28826,"deaths":0},{"race":[],"age_group":"80+","count":457,"tested":21675,"deaths":0},{"race":[],"age_group":"Unknown","count":0,"tested":264,"deaths":0}],"race":[{"description":"AI/AN**","count":11,"tested":2594,"deaths":0,"color":"rgb(31,119,180)"},{"description":"Asian","count":1016,"tested":359873,"deaths":0,"color":"rgb(140,86,75)"},{"description":"Black","count":2675,"tested":140172,"deaths":0,"color":"rgb(255,127,14)"},{"description":"Hispanic","count":2206,"tested":144194,"deaths":0,"color":"rgb(214,39,40)"},{"description":"Left Blank","count":674,"tested":89116,"deaths":0,"color":"rgb(44,160,44)"},{"description":"NH/PI*","count":9,"tested":1228,"deaths":0,"color":"rgb(127,127,127)"},{"description":"Other","count":492,"tested":84334,"deaths":0,"color":"rgb(148,103,189)"},{"description":"White","count":11265,"tested":1039049,"deaths":0,"color":"rgb(31,119,180)"}],"gender":[{"description":"Female","count":9166,"tested":909044,"deaths":0,"color":"rgb(255,127,14)"},{"description":"Male","count":9153,"tested":946992,"deaths":0,"color":"rgb(31,119,180)"},{"description":"Unknown/Left Blank","count":31,"tested":4524,"deaths":0,"color":"rgb(44,160,44)"}]}}]}
