{"lastUpdatedDate":{"year":2021,"month":3,"day":10},"county_demographics":[{"County":"Grundy","confirmed_cases":5245,"total_tested":47957,"demographics":{"age":[{"race":[],"age_group":"<20","count":891,"tested":7647,"deaths":0},{"race":[],"age_group":"20-29   ","count":895,"tested":7787,"deaths":0},{"race":[],"age_group":"30-39   ","count":843,"tested":6861,"deaths":0},{"race":[],"age_group":"40-49   ","count":878,"tested":6932,"deaths":0},{"race":[],"age_group":"50-59   ","count":801,"tested":6925,"deaths":0},{"race":[],"age_group":"60-69   ","count":496,"tested":4952,"deaths":0},{"race":[],"age_group":"70-79   ","count":269,"tested":3249,"deaths":0},{"race":[],"age_group":"80+","count":170,"tested":3481,"deaths":0},{"race":[],"age_group":"Unknown","count":0,"tested":123,"deaths":0}],"race":[{"description":"AI/AN**","count":0,"tested":30,"deaths":0,"color":"rgb(31,119,180)"},{"description":"Asian","count":18,"tested":174,"deaths":0,"color":"rgb(140,86,75)"},{"description":"Black","count":46,"tested":567,"deaths":0,"color":"rgb(255,127,14)"},{"description":"Hispanic","count":309,"tested":1661,"deaths":0,"color":"rgb(214,39,40)"},{"description":"Left Blank","count":1372,"tested":14618,"deaths":0,"color":"rgb(44,160,44)"},{"description":"NH/PI*","count":0,"tested":11,"deaths":0,"color":"rgb(127,127,127)"},{"description":"Other","count":388,"tested":2373,"deaths":0,"color":"rgb(148,103,189)"},{"description":"White","count":3106,"tested":28523,"deaths":0,"color":"rgb(31,119,180)"}],"gender":[{"description":"Female","count":2675,"tested":27694,"deaths":0,"color":"rgb(255,127,14)"},{"description":"Male","count":2524,"tested":18819,"deaths":0,"color":"rgb(31,119,180)"},{"description":"Unknown/Left Blank","count":42,"tested":1444,"deaths":0,"color":"rgb(44,160,44)"}]}}]}
