{"lastUpdatedDate":{"year":2021,"month":3,"day":10},"county_demographics":[{"County":"Out Of State","confirmed_cases":0,"total_tested":119925,"demographics":{"age":[{"race":[],"age_group":"<20","count":0,"tested":22474,"deaths":0},{"race":[],"age_group":"20-29   ","count":0,"tested":28696,"deaths":0},{"race":[],"age_group":"30-39   ","count":0,"tested":17884,"deaths":0},{"race":[],"age_group":"40-49   ","count":0,"tested":14108,"deaths":0},{"race":[],"age_group":"50-59   ","count":0,"tested":15184,"deaths":0},{"race":[],"age_group":"60-69   ","count":0,"tested":11317,"deaths":0},{"race":[],"age_group":"70-79   ","count":0,"tested":6586,"deaths":0},{"race":[],"age_group":"80+","count":0,"tested":3642,"deaths":0},{"race":[],"age_group":"Unknown","count":0,"tested":34,"deaths":0}],"race":[{"description":"AI/AN**","count":0,"tested":115,"deaths":0,"color":"rgb(31,119,180)"},{"description":"Asian","count":0,"tested":1862,"deaths":0,"color":"rgb(140,86,75)"},{"description":"Black","count":0,"tested":8228,"deaths":0,"color":"rgb(255,127,14)"},{"description":"Hispanic","count":0,"tested":4024,"deaths":0,"color":"rgb(214,39,40)"},{"description":"Left Blank","count":0,"tested":53675,"deaths":0,"color":"rgb(44,160,44)"},{"description":"NH/PI*","count":0,"tested":161,"deaths":0,"color":"rgb(127,127,127)"},{"description":"Other","count":0,"tested":4698,"deaths":0,"color":"rgb(148,103,189)"},{"description":"White","count":0,"tested":47162,"deaths":0,"color":"rgb(31,119,180)"}],"gender":[{"description":"Female","count":0,"tested":62673,"deaths":0,"color":"rgb(255,127,14)"},{"description":"Male","count":0,"tested":52278,"deaths":0,"color":"rgb(31,119,180)"},{"description":"Unknown/Left Blank","count":0,"tested":4974,"deaths":0,"color":"rgb(44,160,44)"}]}}]}
