{"lastUpdatedDate":{"year":2021,"month":3,"day":10},"county_demographics":[{"County":"Wabash","confirmed_cases":1306,"total_tested":12317,"demographics":{"age":[{"race":[],"age_group":"<20","count":252,"tested":2070,"deaths":0},{"race":[],"age_group":"20-29   ","count":159,"tested":1751,"deaths":0},{"race":[],"age_group":"30-39   ","count":154,"tested":1465,"deaths":0},{"race":[],"age_group":"40-49   ","count":179,"tested":1541,"deaths":0},{"race":[],"age_group":"50-59   ","count":192,"tested":1638,"deaths":0},{"race":[],"age_group":"60-69   ","count":172,"tested":1308,"deaths":0},{"race":[],"age_group":"70-79   ","count":101,"tested":721,"deaths":0},{"race":[],"age_group":"80+","count":97,"tested":1809,"deaths":0},{"race":[],"age_group":"Unknown","count":0,"tested":14,"deaths":0}],"race":[{"description":"AI/AN**","count":0,"tested":0,"deaths":0,"color":"rgb(31,119,180)"},{"description":"Asian","count":0,"tested":11,"deaths":0,"color":"rgb(140,86,75)"},{"description":"Black","count":7,"tested":42,"deaths":0,"color":"rgb(255,127,14)"},{"description":"Hispanic","count":17,"tested":49,"deaths":0,"color":"rgb(214,39,40)"},{"description":"Left Blank","count":212,"tested":5742,"deaths":0,"color":"rgb(44,160,44)"},{"description":"NH/PI*","count":0,"tested":0,"deaths":0,"color":"rgb(127,127,127)"},{"description":"Other","count":0,"tested":17,"deaths":0,"color":"rgb(148,103,189)"},{"description":"White","count":1056,"tested":6453,"deaths":0,"color":"rgb(31,119,180)"}],"gender":[{"description":"Female","count":720,"tested":8007,"deaths":0,"color":"rgb(255,127,14)"},{"description":"Male","count":565,"tested":3943,"deaths":0,"color":"rgb(31,119,180)"},{"description":"Unknown/Left Blank","count":19,"tested":367,"deaths":0,"color":"rgb(44,160,44)"}]}}]}
