{"lastUpdatedDate":{"year":2021,"month":3,"day":10},"county_demographics":[{"County":"Christian","confirmed_cases":3346,"total_tested":44757,"demographics":{"age":[{"race":[],"age_group":"<20","count":341,"tested":4112,"deaths":0},{"race":[],"age_group":"20-29   ","count":512,"tested":6881,"deaths":0},{"race":[],"age_group":"30-39   ","count":489,"tested":7237,"deaths":0},{"race":[],"age_group":"40-49   ","count":543,"tested":7018,"deaths":0},{"race":[],"age_group":"50-59   ","count":573,"tested":6902,"deaths":0},{"race":[],"age_group":"60-69   ","count":397,"tested":5298,"deaths":0},{"race":[],"age_group":"70-79   ","count":252,"tested":3279,"deaths":0},{"race":[],"age_group":"80+","count":239,"tested":3418,"deaths":0},{"race":[],"age_group":"Unknown","count":0,"tested":612,"deaths":0}],"race":[{"description":"AI/AN**","count":0,"tested":25,"deaths":0,"color":"rgb(31,119,180)"},{"description":"Asian","count":0,"tested":66,"deaths":0,"color":"rgb(140,86,75)"},{"description":"Black","count":70,"tested":198,"deaths":0,"color":"rgb(255,127,14)"},{"description":"Hispanic","count":65,"tested":158,"deaths":0,"color":"rgb(214,39,40)"},{"description":"Left Blank","count":1470,"tested":25325,"deaths":0,"color":"rgb(44,160,44)"},{"description":"NH/PI*","count":0,"tested":12,"deaths":0,"color":"rgb(127,127,127)"},{"description":"Other","count":35,"tested":494,"deaths":0,"color":"rgb(148,103,189)"},{"description":"White","count":1696,"tested":18479,"deaths":0,"color":"rgb(31,119,180)"}],"gender":[{"description":"Female","count":1534,"tested":21598,"deaths":0,"color":"rgb(255,127,14)"},{"description":"Male","count":1627,"tested":13555,"deaths":0,"color":"rgb(31,119,180)"},{"description":"Unknown/Left Blank","count":185,"tested":9604,"deaths":0,"color":"rgb(44,160,44)"}]}}]}
