{"age":[{"age_group":"<20","count":100,"tested":1001},{"age_group":"20-29   ","count":85,"tested":985},{"age_group":"30-39   ","count":96,"tested":978},{"age_group":"40-49   ","count":104,"tested":1402},{"age_group":"50-59   ","count":102,"tested":1666},{"age_group":"60-69   ","count":75,"tested":1376},{"age_group":"70-79   ","count":32,"tested":754},{"age_group":"80+","count":31,"tested":478}],"race":[{"description":"Black","count":89,"tested":1224,"color":"rgb(255,127,14)"},{"description":"Hispanic","count":58,"tested":477,"color":"rgb(214,39,40)"},{"description":"Left Blank","count":125,"tested":1487,"color":"rgb(44,160,44)"},{"description":"Other","count":15,"tested":269,"color":"rgb(148,103,189)"},{"description":"White","count":338,"tested":5149,"color":"rgb(31,119,180)"}],"gender":[{"description":"Female","count":342,"tested":5419,"color":"rgb(255,127,14)"},{"description":"Male","count":283,"tested":3179,"color":"rgb(31,119,180)"}]}
