{"age":[{"age_group":"<20","count":736,"tested":8340},{"age_group":"20-29   ","count":1019,"tested":13319},{"age_group":"30-39   ","count":902,"tested":11984},{"age_group":"40-49   ","count":770,"tested":9242},{"age_group":"50-59   ","count":848,"tested":10815},{"age_group":"60-69   ","count":475,"tested":7314},{"age_group":"70-79   ","count":218,"tested":3980},{"age_group":"80+","count":142,"tested":3006}],"race":[{"description":"AI/AN**","count":26,"tested":194,"color":"rgb(31,119,180)"},{"description":"Asian","count":369,"tested":5678,"color":"rgb(140,86,75)"},{"description":"Black","count":213,"tested":1950,"color":"rgb(255,127,14)"},{"description":"Hispanic","count":1492,"tested":7891,"color":"rgb(214,39,40)"},{"description":"Left Blank","count":1704,"tested":40651,"color":"rgb(44,160,44)"},{"description":"NH/PI*","count":20,"tested":99,"color":"rgb(127,127,127)"},{"description":"Other","count":135,"tested":1429,"color":"rgb(148,103,189)"},{"description":"White","count":1151,"tested":10129,"color":"rgb(31,119,180)"}],"gender":[{"description":"Female","count":2628,"tested":38476,"color":"rgb(255,127,14)"},{"description":"Male","count":2451,"tested":28281,"color":"rgb(31,119,180)"},{"description":"Unknown/Left Blank","count":31,"tested":1264,"color":"rgb(44,160,44)"}]}
