{"age":[{"age_group":"<20","count":30,"tested":204},{"age_group":"20-29   ","count":21,"tested":221},{"age_group":"30-39   ","count":23,"tested":216},{"age_group":"40-49   ","count":21,"tested":129},{"age_group":"50-59   ","count":27,"tested":176},{"age_group":"60-69   ","count":18,"tested":165},{"age_group":"70-79   ","count":10,"tested":114},{"age_group":"80+","count":6,"tested":49}],"race":[{"description":"Hispanic","count":19,"tested":46,"color":"rgb(214,39,40)"},{"description":"Left Blank","count":10,"tested":543,"color":"rgb(44,160,44)"},{"description":"White","count":122,"tested":634,"color":"rgb(31,119,180)"}],"gender":[{"description":"Female","count":88,"tested":716,"color":"rgb(255,127,14)"},{"description":"Male","count":68,"tested":554,"color":"rgb(31,119,180)"}]}
