{"age":[{"age_group":"<20","count":849,"tested":14391},{"age_group":"20-29   ","count":678,"tested":8752},{"age_group":"30-39   ","count":697,"tested":8680},{"age_group":"40-49   ","count":762,"tested":8862},{"age_group":"50-59   ","count":663,"tested":8243},{"age_group":"60-69   ","count":303,"tested":4807},{"age_group":"70-79   ","count":164,"tested":3034},{"age_group":"80+","count":143,"tested":2619}],"race":[{"description":"Asian","count":100,"tested":1370,"color":"rgb(140,86,75)"},{"description":"Black","count":272,"tested":3572,"color":"rgb(255,127,14)"},{"description":"Hispanic","count":705,"tested":5777,"color":"rgb(214,39,40)"},{"description":"Left Blank","count":1099,"tested":21939,"color":"rgb(44,160,44)"},{"description":"Other","count":131,"tested":1807,"color":"rgb(148,103,189)"},{"description":"White","count":1947,"tested":24829,"color":"rgb(31,119,180)"}],"gender":[{"description":"Female","count":2205,"tested":32370,"color":"rgb(255,127,14)"},{"description":"Male","count":2037,"tested":25926,"color":"rgb(31,119,180)"},{"description":"Unknown/Left Blank","count":17,"tested":1093,"color":"rgb(44,160,44)"}]}
