{"age":[{"age_group":"<20","count":474,"tested":4586},{"age_group":"20-29   ","count":502,"tested":4877},{"age_group":"30-39   ","count":417,"tested":4123},{"age_group":"40-49   ","count":343,"tested":3490},{"age_group":"50-59   ","count":267,"tested":3059},{"age_group":"60-69   ","count":168,"tested":2399},{"age_group":"70-79   ","count":71,"tested":1399},{"age_group":"80+","count":43,"tested":839}],"race":[{"description":"Asian","count":85,"tested":305,"color":"rgb(140,86,75)"},{"description":"Black","count":509,"tested":3695,"color":"rgb(255,127,14)"},{"description":"Hispanic","count":725,"tested":2744,"color":"rgb(214,39,40)"},{"description":"Left Blank","count":245,"tested":11008,"color":"rgb(44,160,44)"},{"description":"Other","count":46,"tested":473,"color":"rgb(148,103,189)"},{"description":"White","count":669,"tested":6513,"color":"rgb(31,119,180)"}],"gender":[{"description":"Female","count":1201,"tested":14475,"color":"rgb(255,127,14)"},{"description":"Male","count":1069,"tested":9675,"color":"rgb(31,119,180)"},{"description":"Unknown/Left Blank","count":15,"tested":628,"color":"rgb(44,160,44)"}]}
