{"age":[{"age_group":"<20","count":358,"tested":3813},{"age_group":"20-29   ","count":343,"tested":3568},{"age_group":"30-39   ","count":352,"tested":3817},{"age_group":"40-49   ","count":327,"tested":3062},{"age_group":"50-59   ","count":248,"tested":2240},{"age_group":"60-69   ","count":136,"tested":1652},{"age_group":"70-79   ","count":52,"tested":784},{"age_group":"80+","count":27,"tested":365}],"race":[{"description":"Asian","count":11,"tested":198,"color":"rgb(140,86,75)"},{"description":"Black","count":96,"tested":1181,"color":"rgb(255,127,14)"},{"description":"Hispanic","count":635,"tested":3715,"color":"rgb(214,39,40)"},{"description":"Left Blank","count":380,"tested":6273,"color":"rgb(44,160,44)"},{"description":"Other","count":43,"tested":643,"color":"rgb(148,103,189)"},{"description":"White","count":677,"tested":7254,"color":"rgb(31,119,180)"}],"gender":[{"description":"Female","count":949,"tested":10950,"color":"rgb(255,127,14)"},{"description":"Male","count":891,"tested":8042,"color":"rgb(31,119,180)"}]}
