{"age":[{"age_group":"<20","count":166,"tested":1210},{"age_group":"20-29   ","count":205,"tested":1719},{"age_group":"30-39   ","count":161,"tested":1311},{"age_group":"40-49   ","count":133,"tested":1146},{"age_group":"50-59   ","count":113,"tested":1226},{"age_group":"60-69   ","count":77,"tested":779},{"age_group":"70-79   ","count":25,"tested":402},{"age_group":"80+","count":12,"tested":191}],"race":[{"description":"Black","count":73,"tested":961,"color":"rgb(255,127,14)"},{"description":"Hispanic","count":362,"tested":1997,"color":"rgb(214,39,40)"},{"description":"Left Blank","count":311,"tested":3425,"color":"rgb(44,160,44)"},{"description":"Other","count":36,"tested":213,"color":"rgb(148,103,189)"},{"description":"White","count":106,"tested":1347,"color":"rgb(31,119,180)"}],"gender":[{"description":"Female","count":443,"tested":4477,"color":"rgb(255,127,14)"},{"description":"Male","count":448,"tested":3433,"color":"rgb(31,119,180)"}]}
