{"age":[{"age_group":"<20","count":194,"tested":2285},{"age_group":"20-29   ","count":223,"tested":4124},{"age_group":"30-39   ","count":268,"tested":4980},{"age_group":"40-49   ","count":270,"tested":6096},{"age_group":"50-59   ","count":242,"tested":7584},{"age_group":"60-69   ","count":155,"tested":5631},{"age_group":"70-79   ","count":80,"tested":2357},{"age_group":"80+","count":29,"tested":976}],"race":[{"description":"Asian","count":9,"tested":112,"color":"rgb(140,86,75)"},{"description":"Black","count":894,"tested":11734,"color":"rgb(255,127,14)"},{"description":"Hispanic","count":37,"tested":272,"color":"rgb(214,39,40)"},{"description":"Left Blank","count":429,"tested":20360,"color":"rgb(44,160,44)"},{"description":"Other","count":22,"tested":389,"color":"rgb(148,103,189)"},{"description":"White","count":66,"tested":1130,"color":"rgb(31,119,180)"}],"gender":[{"description":"Female","count":880,"tested":18671,"color":"rgb(255,127,14)"},{"description":"Male","count":579,"tested":15021,"color":"rgb(31,119,180)"}]}
