{"age":[{"age_group":"<20","count":129,"tested":1109},{"age_group":"20-29   ","count":220,"tested":2733},{"age_group":"30-39   ","count":188,"tested":2538},{"age_group":"40-49   ","count":134,"tested":2265},{"age_group":"50-59   ","count":156,"tested":2778},{"age_group":"60-69   ","count":144,"tested":2530},{"age_group":"70-79   ","count":89,"tested":1866},{"age_group":"80+","count":115,"tested":1975}],"race":[{"description":"Black","count":112,"tested":2549,"color":"rgb(255,127,14)"},{"description":"Hispanic","count":150,"tested":1208,"color":"rgb(214,39,40)"},{"description":"Left Blank","count":416,"tested":6910,"color":"rgb(44,160,44)"},{"description":"Other","count":21,"tested":335,"color":"rgb(148,103,189)"},{"description":"White","count":470,"tested":6682,"color":"rgb(31,119,180)"}],"gender":[{"description":"Female","count":632,"tested":11250,"color":"rgb(255,127,14)"},{"description":"Male","count":535,"tested":6222,"color":"rgb(31,119,180)"},{"description":"Unknown/Left Blank","count":8,"tested":322,"color":"rgb(44,160,44)"}]}
