{"age":[{"age_group":"<20","count":336,"tested":6059},{"age_group":"20-29   ","count":275,"tested":5188},{"age_group":"30-39   ","count":331,"tested":5760},{"age_group":"40-49   ","count":345,"tested":6073},{"age_group":"50-59   ","count":273,"tested":6516},{"age_group":"60-69   ","count":231,"tested":6455},{"age_group":"70-79   ","count":120,"tested":4455},{"age_group":"80+","count":101,"tested":3133}],"race":[{"description":"Asian","count":13,"tested":243,"color":"rgb(140,86,75)"},{"description":"Black","count":733,"tested":14322,"color":"rgb(255,127,14)"},{"description":"Hispanic","count":121,"tested":1354,"color":"rgb(214,39,40)"},{"description":"Left Blank","count":638,"tested":17601,"color":"rgb(44,160,44)"},{"description":"Other","count":49,"tested":747,"color":"rgb(148,103,189)"},{"description":"White","count":456,"tested":9342,"color":"rgb(31,119,180)"}],"gender":[{"description":"Female","count":1124,"tested":25401,"color":"rgb(255,127,14)"},{"description":"Male","count":878,"tested":17794,"color":"rgb(31,119,180)"}]}
