{"age":[{"age_group":"<20","count":18,"tested":141},{"age_group":"20-29   ","count":10,"tested":138},{"age_group":"30-39   ","count":11,"tested":112},{"age_group":"40-49   ","count":8,"tested":86},{"age_group":"50-59   ","count":10,"tested":65},{"age_group":"70-79   ","count":8,"tested":65}],"race":[{"description":"White","count":66,"tested":533,"color":"rgb(31,119,180)"}],"gender":[{"description":"Female","count":38,"tested":351,"color":"rgb(255,127,14)"},{"description":"Male","count":33,"tested":332,"color":"rgb(31,119,180)"}]}
