{"age":[{"age_group":"<20","count":551,"tested":6647},{"age_group":"20-29   ","count":542,"tested":6650},{"age_group":"30-39   ","count":494,"tested":6931},{"age_group":"40-49   ","count":420,"tested":5740},{"age_group":"50-59   ","count":396,"tested":6598},{"age_group":"60-69   ","count":326,"tested":5531},{"age_group":"70-79   ","count":179,"tested":3585},{"age_group":"80+","count":117,"tested":4323}],"race":[{"description":"Asian","count":25,"tested":198,"color":"rgb(140,86,75)"},{"description":"Black","count":792,"tested":6636,"color":"rgb(255,127,14)"},{"description":"Hispanic","count":491,"tested":2926,"color":"rgb(214,39,40)"},{"description":"Left Blank","count":243,"tested":18497,"color":"rgb(44,160,44)"},{"description":"Other","count":34,"tested":774,"color":"rgb(148,103,189)"},{"description":"White","count":1435,"tested":16942,"color":"rgb(31,119,180)"}],"gender":[{"description":"Female","count":1640,"tested":28275,"color":"rgb(255,127,14)"},{"description":"Male","count":1378,"tested":17098,"color":"rgb(31,119,180)"},{"description":"Unknown/Left Blank","count":8,"tested":642,"color":"rgb(44,160,44)"}]}
