{"age":[{"age_group":"<20","count":543,"tested":7533},{"age_group":"20-29   ","count":622,"tested":8270},{"age_group":"30-39   ","count":519,"tested":6959},{"age_group":"40-49   ","count":474,"tested":5791},{"age_group":"50-59   ","count":452,"tested":6818},{"age_group":"60-69   ","count":305,"tested":5044},{"age_group":"70-79   ","count":159,"tested":2322},{"age_group":"80+","count":98,"tested":2185}],"race":[{"description":"AI/AN**","count":7,"tested":138,"color":"rgb(31,119,180)"},{"description":"Asian","count":63,"tested":948,"color":"rgb(140,86,75)"},{"description":"Black","count":207,"tested":1977,"color":"rgb(255,127,14)"},{"description":"Hispanic","count":271,"tested":2071,"color":"rgb(214,39,40)"},{"description":"Left Blank","count":294,"tested":17925,"color":"rgb(44,160,44)"},{"description":"Other","count":30,"tested":650,"color":"rgb(148,103,189)"},{"description":"White","count":2299,"tested":21001,"color":"rgb(31,119,180)"}],"gender":[{"description":"Female","count":1724,"tested":27417,"color":"rgb(255,127,14)"},{"description":"Male","count":1441,"tested":16903,"color":"rgb(31,119,180)"},{"description":"Unknown/Left Blank","count":7,"tested":605,"color":"rgb(44,160,44)"}]}
