{"age":[{"age_group":"<20","count":185,"tested":1603},{"age_group":"20-29   ","count":212,"tested":2301},{"age_group":"30-39   ","count":207,"tested":2172},{"age_group":"40-49   ","count":165,"tested":1800},{"age_group":"50-59   ","count":166,"tested":1855},{"age_group":"60-69   ","count":113,"tested":1944},{"age_group":"70-79   ","count":54,"tested":732},{"age_group":"80+","count":25,"tested":377}],"race":[{"description":"Asian","count":29,"tested":429,"color":"rgb(140,86,75)"},{"description":"Black","count":40,"tested":435,"color":"rgb(255,127,14)"},{"description":"Hispanic","count":125,"tested":1015,"color":"rgb(214,39,40)"},{"description":"Left Blank","count":397,"tested":5590,"color":"rgb(44,160,44)"},{"description":"Other","count":62,"tested":549,"color":"rgb(148,103,189)"},{"description":"White","count":471,"tested":4736,"color":"rgb(31,119,180)"}],"gender":[{"description":"Female","count":627,"tested":6987,"color":"rgb(255,127,14)"},{"description":"Male","count":499,"tested":5602,"color":"rgb(31,119,180)"}]}
