{"age":[{"age_group":"<20","count":142,"tested":1374},{"age_group":"20-29   ","count":155,"tested":1806},{"age_group":"30-39   ","count":113,"tested":1478},{"age_group":"40-49   ","count":151,"tested":2113},{"age_group":"50-59   ","count":166,"tested":2316},{"age_group":"60-69   ","count":161,"tested":1771},{"age_group":"70-79   ","count":57,"tested":949},{"age_group":"80+","count":33,"tested":449}],"race":[{"description":"Asian","count":10,"tested":258,"color":"rgb(140,86,75)"},{"description":"Black","count":146,"tested":1879,"color":"rgb(255,127,14)"},{"description":"Hispanic","count":73,"tested":629,"color":"rgb(214,39,40)"},{"description":"Left Blank","count":256,"tested":3816,"color":"rgb(44,160,44)"},{"description":"Other","count":28,"tested":371,"color":"rgb(148,103,189)"},{"description":"White","count":463,"tested":5270,"color":"rgb(31,119,180)"}],"gender":[{"description":"Female","count":499,"tested":7208,"color":"rgb(255,127,14)"},{"description":"Male","count":476,"tested":4889,"color":"rgb(31,119,180)"}]}
