{"age":[{"age_group":"<20","count":57,"tested":701},{"age_group":"20-29   ","count":42,"tested":733},{"age_group":"30-39   ","count":39,"tested":495},{"age_group":"40-49   ","count":41,"tested":443},{"age_group":"50-59   ","count":55,"tested":721},{"age_group":"60-69   ","count":26,"tested":461},{"age_group":"80+","count":9,"tested":148}],"race":[{"description":"Hispanic","count":20,"tested":150,"color":"rgb(214,39,40)"},{"description":"Left Blank","count":59,"tested":1289,"color":"rgb(44,160,44)"},{"description":"White","count":188,"tested":2312,"color":"rgb(31,119,180)"}],"gender":[{"description":"Female","count":147,"tested":2187,"color":"rgb(255,127,14)"},{"description":"Male","count":126,"tested":1535,"color":"rgb(31,119,180)"}]}
