{"age":[{"age_group":"<20","count":26,"tested":1566},{"age_group":"20-29   ","count":147,"tested":4492},{"age_group":"30-39   ","count":95,"tested":3401},{"age_group":"40-49   ","count":43,"tested":1553},{"age_group":"50-59   ","count":38,"tested":1497},{"age_group":"60-69   ","count":23,"tested":1069},{"age_group":"70-79   ","count":12,"tested":537}],"race":[{"description":"Asian","count":25,"tested":1361,"color":"rgb(140,86,75)"},{"description":"Black","count":32,"tested":1102,"color":"rgb(255,127,14)"},{"description":"Hispanic","count":33,"tested":659,"color":"rgb(214,39,40)"},{"description":"Left Blank","count":148,"tested":7714,"color":"rgb(44,160,44)"},{"description":"Other","count":15,"tested":517,"color":"rgb(148,103,189)"},{"description":"White","count":135,"tested":2991,"color":"rgb(31,119,180)"}],"gender":[{"description":"Female","count":145,"tested":5802,"color":"rgb(255,127,14)"},{"description":"Male","count":240,"tested":8361,"color":"rgb(31,119,180)"}]}
