{"age":[{"age_group":"<20","count":6,"tested":42},{"age_group":"20-29   ","count":6,"tested":84},{"age_group":"30-39   ","count":12,"tested":83},{"age_group":"40-49   ","count":6,"tested":72},{"age_group":"70-79   ","count":9,"tested":65}],"race":[{"description":"Black","count":6,"tested":42,"color":"rgb(255,127,14)"},{"description":"White","count":42,"tested":447,"color":"rgb(31,119,180)"}],"gender":[{"description":"Female","count":29,"tested":351,"color":"rgb(255,127,14)"},{"description":"Male","count":19,"tested":243,"color":"rgb(31,119,180)"}]}
