{"age":[{"age_group":"<20","count":762,"tested":13250},{"age_group":"20-29   ","count":515,"tested":9333},{"age_group":"30-39   ","count":376,"tested":7654},{"age_group":"40-49   ","count":479,"tested":7921},{"age_group":"50-59   ","count":542,"tested":9139},{"age_group":"60-69   ","count":366,"tested":7790},{"age_group":"70-79   ","count":135,"tested":3781},{"age_group":"80+","count":89,"tested":1447}],"race":[{"description":"Asian","count":271,"tested":5982,"color":"rgb(140,86,75)"},{"description":"Black","count":129,"tested":1431,"color":"rgb(255,127,14)"},{"description":"Hispanic","count":231,"tested":2274,"color":"rgb(214,39,40)"},{"description":"Left Blank","count":643,"tested":20378,"color":"rgb(44,160,44)"},{"description":"Other","count":93,"tested":2103,"color":"rgb(148,103,189)"},{"description":"White","count":1892,"tested":27958,"color":"rgb(31,119,180)"}],"gender":[{"description":"Female","count":1617,"tested":31598,"color":"rgb(255,127,14)"},{"description":"Male","count":1629,"tested":28053,"color":"rgb(31,119,180)"},{"description":"Unknown/Left Blank","count":18,"tested":669,"color":"rgb(44,160,44)"}]}
