{"age":[{"age_group":"<20","count":719,"tested":9721},{"age_group":"20-29   ","count":969,"tested":16207},{"age_group":"30-39   ","count":971,"tested":15834},{"age_group":"40-49   ","count":899,"tested":15618},{"age_group":"50-59   ","count":894,"tested":18510},{"age_group":"60-69   ","count":642,"tested":16501},{"age_group":"70-79   ","count":309,"tested":6959},{"age_group":"80+","count":208,"tested":3911}],"race":[{"description":"AI/AN**","count":7,"tested":69,"color":"rgb(31,119,180)"},{"description":"Asian","count":15,"tested":238,"color":"rgb(140,86,75)"},{"description":"Black","count":4116,"tested":60511,"color":"rgb(255,127,14)"},{"description":"Hispanic","count":102,"tested":1072,"color":"rgb(214,39,40)"},{"description":"Left Blank","count":1188,"tested":38184,"color":"rgb(44,160,44)"},{"description":"Other","count":114,"tested":1449,"color":"rgb(148,103,189)"},{"description":"White","count":65,"tested":1565,"color":"rgb(31,119,180)"}],"gender":[{"description":"Female","count":3307,"tested":59436,"color":"rgb(255,127,14)"},{"description":"Male","count":2286,"tested":42168,"color":"rgb(31,119,180)"},{"description":"Unknown/Left Blank","count":18,"tested":1689,"color":"rgb(44,160,44)"}]}
