{"age":[{"age_group":"<20","count":22,"tested":236},{"age_group":"20-29   ","count":17,"tested":255},{"age_group":"30-39   ","count":9,"tested":311},{"age_group":"40-49   ","count":27,"tested":203},{"age_group":"50-59   ","count":40,"tested":273},{"age_group":"60-69   ","count":21,"tested":238},{"age_group":"70-79   ","count":10,"tested":187},{"age_group":"80+","count":7,"tested":139}],"race":[{"description":"Left Blank","count":49,"tested":691,"color":"rgb(44,160,44)"},{"description":"White","count":101,"tested":1070,"color":"rgb(31,119,180)"}],"gender":[{"description":"Female","count":75,"tested":1118,"color":"rgb(255,127,14)"},{"description":"Male","count":76,"tested":687,"color":"rgb(31,119,180)"}]}
