{"age":[{"age_group":"<20","count":416,"tested":7755},{"age_group":"20-29   ","count":907,"tested":22784},{"age_group":"30-39   ","count":942,"tested":22108},{"age_group":"40-49   ","count":603,"tested":14511},{"age_group":"50-59   ","count":566,"tested":14863},{"age_group":"60-69   ","count":432,"tested":14972},{"age_group":"70-79   ","count":213,"tested":8243},{"age_group":"80+","count":176,"tested":5421}],"race":[{"description":"Asian","count":559,"tested":11058,"color":"rgb(140,86,75)"},{"description":"Black","count":1064,"tested":18137,"color":"rgb(255,127,14)"},{"description":"Hispanic","count":481,"tested":5249,"color":"rgb(214,39,40)"},{"description":"Left Blank","count":1266,"tested":57125,"color":"rgb(44,160,44)"},{"description":"Other","count":186,"tested":3857,"color":"rgb(148,103,189)"},{"description":"White","count":690,"tested":15044,"color":"rgb(31,119,180)"}],"gender":[{"description":"Female","count":2140,"tested":55731,"color":"rgb(255,127,14)"},{"description":"Male","count":2055,"tested":52212,"color":"rgb(31,119,180)"},{"description":"Unknown/Left Blank","count":60,"tested":2742,"color":"rgb(44,160,44)"}]}
