{"age":[{"age_group":"<20","count":683,"tested":10197},{"age_group":"20-29   ","count":790,"tested":7809},{"age_group":"30-39   ","count":729,"tested":7760},{"age_group":"40-49   ","count":694,"tested":7361},{"age_group":"50-59   ","count":738,"tested":7820},{"age_group":"60-69   ","count":362,"tested":4960},{"age_group":"70-79   ","count":182,"tested":2842},{"age_group":"80+","count":72,"tested":1303}],"race":[{"description":"AI/AN**","count":10,"tested":80,"color":"rgb(31,119,180)"},{"description":"Asian","count":21,"tested":460,"color":"rgb(140,86,75)"},{"description":"Black","count":181,"tested":1791,"color":"rgb(255,127,14)"},{"description":"Hispanic","count":388,"tested":3000,"color":"rgb(214,39,40)"},{"description":"Left Blank","count":1244,"tested":18015,"color":"rgb(44,160,44)"},{"description":"Other","count":125,"tested":1743,"color":"rgb(148,103,189)"},{"description":"White","count":2280,"tested":24939,"color":"rgb(31,119,180)"}],"gender":[{"description":"Female","count":2098,"tested":27080,"color":"rgb(255,127,14)"},{"description":"Male","count":2121,"tested":22095,"color":"rgb(31,119,180)"},{"description":"Unknown/Left Blank","count":31,"tested":881,"color":"rgb(44,160,44)"}]}
