{"age":[{"age_group":"<20","count":76,"tested":1067},{"age_group":"20-29   ","count":95,"tested":1168},{"age_group":"30-39   ","count":89,"tested":1383},{"age_group":"40-49   ","count":69,"tested":1463},{"age_group":"50-59   ","count":112,"tested":3115},{"age_group":"60-69   ","count":62,"tested":1881},{"age_group":"70-79   ","count":43,"tested":788},{"age_group":"80+","count":46,"tested":2064}],"race":[{"description":"White","count":452,"tested":8852,"color":"rgb(31,119,180)"},{"description":"Hispanic","count":15,"tested":213,"color":"rgb(214,39,40)"},{"description":"Other","count":32,"tested":280,"color":"rgb(148,103,189)"},{"description":"Left Blank","count":87,"tested":3203,"color":"rgb(44,160,44)"}],"gender":[{"description":"Male","count":254,"tested":4545,"color":"rgb(31,119,180)"},{"description":"Female","count":333,"tested":7893,"color":"rgb(255,127,14)"}]}
