{"age":[{"age_group":"<20","count":2469,"tested":17205},{"age_group":"20-29   ","count":2894,"tested":24931},{"age_group":"30-39   ","count":2726,"tested":21709},{"age_group":"40-49   ","count":2556,"tested":18643},{"age_group":"50-59   ","count":2063,"tested":17256},{"age_group":"60-69   ","count":1159,"tested":12521},{"age_group":"70-79   ","count":552,"tested":5799},{"age_group":"80+","count":203,"tested":2164}],"race":[{"description":"AI/AN**","count":10,"tested":114,"color":"rgb(31,119,180)"},{"description":"NH/PI*","count":7,"tested":102,"color":"rgb(127,127,127)"},{"description":"White","count":785,"tested":10072,"color":"rgb(31,119,180)"},{"description":"Left Blank","count":2468,"tested":36786,"color":"rgb(44,160,44)"},{"description":"Asian","count":72,"tested":953,"color":"rgb(140,86,75)"},{"description":"Other","count":526,"tested":5709,"color":"rgb(148,103,189)"},{"description":"Black","count":888,"tested":10077,"color":"rgb(255,127,14)"},{"description":"Hispanic","count":9866,"tested":56604,"color":"rgb(214,39,40)"}],"gender":[{"description":"Unknown/Left Blank","count":85,"tested":1139,"color":"rgb(44,160,44)"},{"description":"Male","count":7110,"tested":54381,"color":"rgb(31,119,180)"},{"description":"Female","count":7427,"tested":64897,"color":"rgb(255,127,14)"}]}
