{"age":[{"age_group":"<20","count":656,"tested":10465},{"age_group":"20-29   ","count":539,"tested":8408},{"age_group":"30-39   ","count":416,"tested":8793},{"age_group":"40-49   ","count":517,"tested":9025},{"age_group":"50-59   ","count":571,"tested":10164},{"age_group":"60-69   ","count":418,"tested":8443},{"age_group":"70-79   ","count":195,"tested":4779},{"age_group":"80+","count":268,"tested":6351}],"race":[{"description":"NH/PI*","count":8,"tested":64,"color":"rgb(127,127,127)"},{"description":"Black","count":23,"tested":386,"color":"rgb(255,127,14)"},{"description":"Asian","count":88,"tested":1939,"color":"rgb(140,86,75)"},{"description":"White","count":2023,"tested":26134,"color":"rgb(31,119,180)"},{"description":"Hispanic","count":171,"tested":1972,"color":"rgb(214,39,40)"},{"description":"Other","count":170,"tested":2001,"color":"rgb(148,103,189)"},{"description":"Left Blank","count":1095,"tested":33926,"color":"rgb(44,160,44)"}],"gender":[{"description":"Female","count":1840,"tested":38292,"color":"rgb(255,127,14)"},{"description":"Male","count":1690,"tested":27263,"color":"rgb(31,119,180)"},{"description":"Unknown/Left Blank","count":50,"tested":894,"color":"rgb(44,160,44)"}]}
