{"age":[{"age_group":"<20","count":641,"tested":5023},{"age_group":"20-29   ","count":709,"tested":7013},{"age_group":"30-39   ","count":621,"tested":5248},{"age_group":"40-49   ","count":636,"tested":4744},{"age_group":"50-59   ","count":524,"tested":5199},{"age_group":"60-69   ","count":309,"tested":3863},{"age_group":"70-79   ","count":124,"tested":1769},{"age_group":"80+","count":76,"tested":1046}],"race":[{"description":"Black","count":288,"tested":3588,"color":"rgb(255,127,14)"},{"description":"White","count":475,"tested":6205,"color":"rgb(31,119,180)"},{"description":"Asian","count":51,"tested":736,"color":"rgb(140,86,75)"},{"description":"Other","count":117,"tested":1168,"color":"rgb(148,103,189)"},{"description":"Hispanic","count":2045,"tested":11927,"color":"rgb(214,39,40)"},{"description":"Left Blank","count":662,"tested":10106,"color":"rgb(44,160,44)"}],"gender":[{"description":"Male","count":1714,"tested":13776,"color":"rgb(31,119,180)"},{"description":"Female","count":1880,"tested":19715,"color":"rgb(255,127,14)"},{"description":"Unknown/Left Blank","count":48,"tested":423,"color":"rgb(44,160,44)"}]}
