{"age":[{"age_group":"<20","count":44,"tested":722},{"age_group":"20-29   ","count":198,"tested":9898},{"age_group":"30-39   ","count":193,"tested":10274},{"age_group":"40-49   ","count":133,"tested":5787},{"age_group":"50-59   ","count":122,"tested":2927},{"age_group":"60-69   ","count":52,"tested":1054},{"age_group":"70-79   ","count":20,"tested":297},{"age_group":"80+","count":8,"tested":134}],"race":[{"description":"Left Blank","count":399,"tested":30117,"color":"rgb(44,160,44)"},{"description":"White","count":286,"tested":2142,"color":"rgb(31,119,180)"},{"description":"Other","count":25,"tested":165,"color":"rgb(148,103,189)"},{"description":"Hispanic","count":9,"tested":67,"color":"rgb(214,39,40)"},{"description":"Black","count":48,"tested":74,"color":"rgb(255,127,14)"}],"gender":[{"description":"Female","count":188,"tested":2025,"color":"rgb(255,127,14)"},{"description":"Male","count":444,"tested":16668,"color":"rgb(31,119,180)"},{"description":"Unknown/Left Blank","count":138,"tested":13894,"color":"rgb(44,160,44)"}]}
