{"age":[{"age_group":"<20","count":12,"tested":208},{"age_group":"20-29   ","count":13,"tested":185},{"age_group":"40-49   ","count":10,"tested":173},{"age_group":"60-69   ","count":13,"tested":211}],"race":[{"description":"Left Blank","count":11,"tested":374,"color":"rgb(44,160,44)"},{"description":"White","count":53,"tested":844,"color":"rgb(31,119,180)"}],"gender":[{"description":"Female","count":30,"tested":722,"color":"rgb(255,127,14)"},{"description":"Male","count":38,"tested":550,"color":"rgb(31,119,180)"}]}
