{"age":[{"age_group":"<20","count":277,"tested":2731},{"age_group":"20-29   ","count":238,"tested":2187},{"age_group":"30-39   ","count":214,"tested":2161},{"age_group":"40-49   ","count":259,"tested":2312},{"age_group":"50-59   ","count":269,"tested":2151},{"age_group":"60-69   ","count":235,"tested":1794},{"age_group":"70-79   ","count":129,"tested":897},{"age_group":"80+","count":55,"tested":422}],"race":[{"description":"Left Blank","count":311,"tested":4475,"color":"rgb(44,160,44)"},{"description":"Hispanic","count":133,"tested":835,"color":"rgb(214,39,40)"},{"description":"White","count":1099,"tested":8233,"color":"rgb(31,119,180)"},{"description":"Black","count":43,"tested":531,"color":"rgb(255,127,14)"},{"description":"Other","count":85,"tested":515,"color":"rgb(148,103,189)"}],"gender":[{"description":"Female","count":887,"tested":8151,"color":"rgb(255,127,14)"},{"description":"Male","count":765,"tested":5720,"color":"rgb(31,119,180)"},{"description":"Unknown/Left Blank","count":27,"tested":785,"color":"rgb(44,160,44)"}]}
