{"age":[{"age_group":"<20","count":619,"tested":5819},{"age_group":"20-29   ","count":665,"tested":8093},{"age_group":"30-39   ","count":600,"tested":8157},{"age_group":"40-49   ","count":612,"tested":7745},{"age_group":"50-59   ","count":497,"tested":7772},{"age_group":"60-69   ","count":315,"tested":6702},{"age_group":"70-79   ","count":150,"tested":2889},{"age_group":"80+","count":126,"tested":1596}],"race":[{"description":"Other","count":98,"tested":1147,"color":"rgb(148,103,189)"},{"description":"Black","count":574,"tested":6807,"color":"rgb(255,127,14)"},{"description":"White","count":593,"tested":6914,"color":"rgb(31,119,180)"},{"description":"Asian","count":39,"tested":719,"color":"rgb(140,86,75)"},{"description":"Left Blank","count":838,"tested":24435,"color":"rgb(44,160,44)"},{"description":"NH/PI*","count":7,"tested":76,"color":"rgb(127,127,127)"},{"description":"Hispanic","count":1433,"tested":8638,"color":"rgb(214,39,40)"}],"gender":[{"description":"Unknown/Left Blank","count":80,"tested":426,"color":"rgb(44,160,44)"},{"description":"Male","count":1640,"tested":18335,"color":"rgb(31,119,180)"},{"description":"Female","count":1865,"tested":30026,"color":"rgb(255,127,14)"}]}
