{"age":[{"age_group":"<20","count":388,"tested":4095},{"age_group":"20-29   ","count":568,"tested":5573},{"age_group":"30-39   ","count":697,"tested":6656},{"age_group":"40-49   ","count":544,"tested":5468},{"age_group":"50-59   ","count":481,"tested":5540},{"age_group":"60-69   ","count":329,"tested":4330},{"age_group":"70-79   ","count":130,"tested":1960},{"age_group":"80+","count":88,"tested":1496}],"race":[{"description":"Black","count":49,"tested":448,"color":"rgb(255,127,14)"},{"description":"Hispanic","count":415,"tested":3442,"color":"rgb(214,39,40)"},{"description":"White","count":1686,"tested":15541,"color":"rgb(31,119,180)"},{"description":"Asian","count":225,"tested":2030,"color":"rgb(140,86,75)"},{"description":"Left Blank","count":645,"tested":11971,"color":"rgb(44,160,44)"},{"description":"Other","count":194,"tested":1569,"color":"rgb(148,103,189)"},{"description":"NH/PI*","count":6,"tested":77,"color":"rgb(127,127,127)"}],"gender":[{"description":"Female","count":1557,"tested":18559,"color":"rgb(255,127,14)"},{"description":"Male","count":1636,"tested":15917,"color":"rgb(31,119,180)"},{"description":"Unknown/Left Blank","count":32,"tested":646,"color":"rgb(44,160,44)"}]}
