{"age":[{"age_group":"<20","count":52,"tested":533},{"age_group":"20-29   ","count":42,"tested":455},{"age_group":"30-39   ","count":49,"tested":468},{"age_group":"40-49   ","count":42,"tested":407},{"age_group":"50-59   ","count":74,"tested":449},{"age_group":"60-69   ","count":34,"tested":345},{"age_group":"70-79   ","count":16,"tested":153},{"age_group":"80+","count":12,"tested":96}],"race":[{"description":"Left Blank","count":139,"tested":1197,"color":"rgb(44,160,44)"},{"description":"White","count":175,"tested":1629,"color":"rgb(31,119,180)"}],"gender":[{"description":"Female","count":176,"tested":1747,"color":"rgb(255,127,14)"},{"description":"Male","count":146,"tested":1101,"color":"rgb(31,119,180)"}]}
