{"age":[{"age_group":"<20","count":457,"tested":4900},{"age_group":"20-29   ","count":511,"tested":5994},{"age_group":"30-39   ","count":484,"tested":5960},{"age_group":"40-49   ","count":488,"tested":4697},{"age_group":"50-59   ","count":499,"tested":5772},{"age_group":"60-69   ","count":361,"tested":4715},{"age_group":"70-79   ","count":163,"tested":3811},{"age_group":"80+","count":159,"tested":4477}],"race":[{"description":"Black","count":26,"tested":304,"color":"rgb(255,127,14)"},{"description":"Asian","count":31,"tested":454,"color":"rgb(140,86,75)"},{"description":"White","count":1683,"tested":20088,"color":"rgb(31,119,180)"},{"description":"Other","count":52,"tested":1461,"color":"rgb(148,103,189)"},{"description":"Left Blank","count":809,"tested":15217,"color":"rgb(44,160,44)"},{"description":"Hispanic","count":516,"tested":2770,"color":"rgb(214,39,40)"}],"gender":[{"description":"Female","count":1573,"tested":23581,"color":"rgb(255,127,14)"},{"description":"Male","count":1530,"tested":15912,"color":"rgb(31,119,180)"},{"description":"Unknown/Left Blank","count":19,"tested":850,"color":"rgb(44,160,44)"}]}
