{"age":[{"age_group":"<20","count":124,"tested":2069},{"age_group":"20-29   ","count":716,"tested":12560},{"age_group":"30-39   ","count":659,"tested":13908},{"age_group":"40-49   ","count":207,"tested":3657},{"age_group":"50-59   ","count":150,"tested":2198},{"age_group":"60-69   ","count":107,"tested":1477},{"age_group":"70-79   ","count":60,"tested":825},{"age_group":"80+","count":47,"tested":364}],"race":[{"description":"Black","count":167,"tested":2024,"color":"rgb(255,127,14)"},{"description":"Asian","count":37,"tested":1412,"color":"rgb(140,86,75)"},{"description":"White","count":735,"tested":12646,"color":"rgb(31,119,180)"},{"description":"Hispanic","count":386,"tested":3077,"color":"rgb(214,39,40)"},{"description":"Other","count":117,"tested":2033,"color":"rgb(148,103,189)"},{"description":"Left Blank","count":623,"tested":15818,"color":"rgb(44,160,44)"}],"gender":[{"description":"Female","count":963,"tested":18966,"color":"rgb(255,127,14)"},{"description":"Male","count":1026,"tested":17432,"color":"rgb(31,119,180)"},{"description":"Unknown/Left Blank","count":81,"tested":669,"color":"rgb(44,160,44)"}]}
