{"age":[{"age_group":"<20","count":429,"tested":5561},{"age_group":"20-29   ","count":420,"tested":5183},{"age_group":"30-39   ","count":362,"tested":5280},{"age_group":"40-49   ","count":312,"tested":4249},{"age_group":"50-59   ","count":342,"tested":5221},{"age_group":"60-69   ","count":284,"tested":5213},{"age_group":"70-79   ","count":106,"tested":3143},{"age_group":"80+","count":88,"tested":3963}],"race":[{"description":"Hispanic","count":193,"tested":928,"color":"rgb(214,39,40)"},{"description":"Asian","count":85,"tested":925,"color":"rgb(140,86,75)"},{"description":"Left Blank","count":562,"tested":19591,"color":"rgb(44,160,44)"},{"description":"White","count":1347,"tested":14427,"color":"rgb(31,119,180)"},{"description":"Black","count":86,"tested":862,"color":"rgb(255,127,14)"},{"description":"Other","count":66,"tested":1083,"color":"rgb(148,103,189)"}],"gender":[{"description":"Unknown/Left Blank","count":33,"tested":456,"color":"rgb(44,160,44)"},{"description":"Male","count":1119,"tested":16306,"color":"rgb(31,119,180)"},{"description":"Female","count":1191,"tested":21085,"color":"rgb(255,127,14)"}]}
