{"age":[{"age_group":"<20","count":252,"tested":2959},{"age_group":"20-29   ","count":136,"tested":1756},{"age_group":"30-39   ","count":104,"tested":1315},{"age_group":"40-49   ","count":144,"tested":1638},{"age_group":"50-59   ","count":164,"tested":2025},{"age_group":"60-69   ","count":77,"tested":1487},{"age_group":"70-79   ","count":20,"tested":741},{"age_group":"80+","count":56,"tested":887}],"race":[{"description":"Left Blank","count":187,"tested":6450,"color":"rgb(44,160,44)"},{"description":"Other","count":19,"tested":423,"color":"rgb(148,103,189)"},{"description":"Hispanic","count":40,"tested":257,"color":"rgb(214,39,40)"},{"description":"White","count":631,"tested":4967,"color":"rgb(31,119,180)"},{"description":"Asian","count":46,"tested":479,"color":"rgb(140,86,75)"},{"description":"Black","count":29,"tested":228,"color":"rgb(255,127,14)"}],"gender":[{"description":"Male","count":466,"tested":5385,"color":"rgb(31,119,180)"},{"description":"Female","count":470,"tested":7166,"color":"rgb(255,127,14)"}]}
