{"age":[{"age_group":"<20","count":348,"tested":5675},{"age_group":"20-29   ","count":810,"tested":18307},{"age_group":"30-39   ","count":826,"tested":17309},{"age_group":"40-49   ","count":554,"tested":11429},{"age_group":"50-59   ","count":524,"tested":11979},{"age_group":"60-69   ","count":407,"tested":11966},{"age_group":"70-79   ","count":194,"tested":6529},{"age_group":"80+","count":167,"tested":4222}],"race":[{"description":"Black","count":945,"tested":14761,"color":"rgb(255,127,14)"},{"description":"Hispanic","count":438,"tested":4224,"color":"rgb(214,39,40)"},{"description":"Other","count":173,"tested":3182,"color":"rgb(148,103,189)"},{"description":"Left Blank","count":1119,"tested":44496,"color":"rgb(44,160,44)"},{"description":"White","count":622,"tested":12115,"color":"rgb(31,119,180)"},{"description":"Asian","count":525,"tested":8489,"color":"rgb(140,86,75)"}],"gender":[{"description":"Female","count":1920,"tested":44096,"color":"rgb(255,127,14)"},{"description":"Unknown/Left Blank","count":66,"tested":2502,"color":"rgb(44,160,44)"},{"description":"Male","count":1844,"tested":40839,"color":"rgb(31,119,180)"}]}
