{"age":[{"age_group":"<20","count":41,"tested":584},{"age_group":"20-29   ","count":29,"tested":307},{"age_group":"30-39   ","count":30,"tested":277},{"age_group":"40-49   ","count":29,"tested":349},{"age_group":"50-59   ","count":31,"tested":335},{"age_group":"60-69   ","count":15,"tested":282},{"age_group":"70-79   ","count":9,"tested":225},{"age_group":"80+","count":8,"tested":140}],"race":[{"description":"Left Blank","count":8,"tested":274,"color":"rgb(44,160,44)"},{"description":"White","count":175,"tested":2038,"color":"rgb(31,119,180)"}],"gender":[{"description":"Female","count":102,"tested":1290,"color":"rgb(255,127,14)"},{"description":"Male","count":90,"tested":1147,"color":"rgb(31,119,180)"}]}
