{"age":[{"age_group":"<20","count":636,"tested":9251},{"age_group":"20-29   ","count":722,"tested":11421},{"age_group":"30-39   ","count":711,"tested":11971},{"age_group":"40-49   ","count":704,"tested":14094},{"age_group":"50-59   ","count":726,"tested":15647},{"age_group":"60-69   ","count":534,"tested":14985},{"age_group":"70-79   ","count":292,"tested":7642},{"age_group":"80+","count":255,"tested":6786}],"race":[{"description":"Left Blank","count":1541,"tested":50460,"color":"rgb(44,160,44)"},{"description":"Other","count":174,"tested":2045,"color":"rgb(148,103,189)"},{"description":"White","count":480,"tested":9143,"color":"rgb(31,119,180)"},{"description":"Asian","count":9,"tested":165,"color":"rgb(140,86,75)"},{"description":"Hispanic","count":108,"tested":1277,"color":"rgb(214,39,40)"},{"description":"Black","count":2264,"tested":28534,"color":"rgb(255,127,14)"}],"gender":[{"description":"Unknown/Left Blank","count":85,"tested":4898,"color":"rgb(44,160,44)"},{"description":"Male","count":1986,"tested":36649,"color":"rgb(31,119,180)"},{"description":"Female","count":2509,"tested":50273,"color":"rgb(255,127,14)"}]}
