{"age":[{"age_group":"<20","count":512,"tested":5977},{"age_group":"20-29   ","count":630,"tested":8621},{"age_group":"30-39   ","count":685,"tested":9289},{"age_group":"40-49   ","count":580,"tested":7858},{"age_group":"50-59   ","count":471,"tested":7148},{"age_group":"60-69   ","count":353,"tested":5269},{"age_group":"70-79   ","count":154,"tested":2091},{"age_group":"80+","count":83,"tested":974}],"race":[{"description":"Left Blank","count":705,"tested":18835,"color":"rgb(44,160,44)"},{"description":"White","count":90,"tested":1668,"color":"rgb(31,119,180)"},{"description":"Hispanic","count":415,"tested":2580,"color":"rgb(214,39,40)"},{"description":"Other","count":68,"tested":946,"color":"rgb(148,103,189)"},{"description":"Asian","count":10,"tested":123,"color":"rgb(140,86,75)"},{"description":"Black","count":2177,"tested":23036,"color":"rgb(255,127,14)"}],"gender":[{"description":"Male","count":1469,"tested":20105,"color":"rgb(31,119,180)"},{"description":"Female","count":1965,"tested":24758,"color":"rgb(255,127,14)"},{"description":"Unknown/Left Blank","count":34,"tested":2375,"color":"rgb(44,160,44)"}]}
