{"age":[{"age_group":"<20","count":329,"tested":3702},{"age_group":"20-29   ","count":317,"tested":3732},{"age_group":"30-39   ","count":269,"tested":3730},{"age_group":"40-49   ","count":304,"tested":3118},{"age_group":"50-59   ","count":333,"tested":3870},{"age_group":"60-69   ","count":249,"tested":4089},{"age_group":"70-79   ","count":106,"tested":2635},{"age_group":"80+","count":56,"tested":1419}],"race":[{"description":"Black","count":56,"tested":508,"color":"rgb(255,127,14)"},{"description":"Hispanic","count":162,"tested":1003,"color":"rgb(214,39,40)"},{"description":"White","count":1038,"tested":9960,"color":"rgb(31,119,180)"},{"description":"Asian","count":101,"tested":1688,"color":"rgb(140,86,75)"},{"description":"Other","count":87,"tested":969,"color":"rgb(148,103,189)"},{"description":"Left Blank","count":515,"tested":12107,"color":"rgb(44,160,44)"}],"gender":[{"description":"Female","count":974,"tested":14273,"color":"rgb(255,127,14)"},{"description":"Unknown/Left Blank","count":25,"tested":230,"color":"rgb(44,160,44)"},{"description":"Male","count":964,"tested":11796,"color":"rgb(31,119,180)"}]}
