{"age":[{"age_group":"<20","count":26,"tested":234},{"age_group":"20-29   ","count":21,"tested":278},{"age_group":"30-39   ","count":20,"tested":303},{"age_group":"40-49   ","count":31,"tested":194},{"age_group":"50-59   ","count":19,"tested":315},{"age_group":"60-69   ","count":23,"tested":327},{"age_group":"70-79   ","count":8,"tested":133}],"race":[{"description":"White","count":116,"tested":1249,"color":"rgb(31,119,180)"},{"description":"Left Blank","count":26,"tested":514,"color":"rgb(44,160,44)"}],"gender":[{"description":"Female","count":85,"tested":1240,"color":"rgb(255,127,14)"},{"description":"Male","count":64,"tested":559,"color":"rgb(31,119,180)"}]}
