{"age":[{"age_group":"<20","count":160,"tested":1285},{"age_group":"20-29   ","count":192,"tested":1605},{"age_group":"30-39   ","count":181,"tested":1432},{"age_group":"40-49   ","count":155,"tested":1340},{"age_group":"50-59   ","count":178,"tested":1593},{"age_group":"60-69   ","count":130,"tested":1498},{"age_group":"70-79   ","count":77,"tested":1175},{"age_group":"80+","count":53,"tested":1220}],"race":[{"description":"White","count":679,"tested":5487,"color":"rgb(31,119,180)"},{"description":"Other","count":20,"tested":219,"color":"rgb(148,103,189)"},{"description":"Left Blank","count":264,"tested":4554,"color":"rgb(44,160,44)"},{"description":"Hispanic","count":148,"tested":781,"color":"rgb(214,39,40)"},{"description":"Asian","count":7,"tested":36,"color":"rgb(140,86,75)"},{"description":"Black","count":7,"tested":62,"color":"rgb(255,127,14)"}],"gender":[{"description":"Male","count":526,"tested":4192,"color":"rgb(31,119,180)"},{"description":"Female","count":592,"tested":6651,"color":"rgb(255,127,14)"}]}
