{"age":[{"age_group":"<20","count":107,"tested":2214},{"age_group":"20-29   ","count":1237,"tested":19194},{"age_group":"30-39   ","count":592,"tested":11662},{"age_group":"40-49   ","count":214,"tested":3966},{"age_group":"50-59   ","count":206,"tested":4390},{"age_group":"60-69   ","count":171,"tested":4471},{"age_group":"70-79   ","count":143,"tested":4199},{"age_group":"80+","count":81,"tested":3056}],"race":[{"description":"Hispanic","count":134,"tested":859,"color":"rgb(214,39,40)"},{"description":"Asian","count":60,"tested":1399,"color":"rgb(140,86,75)"},{"description":"Left Blank","count":889,"tested":27142,"color":"rgb(44,160,44)"},{"description":"White","count":1210,"tested":17933,"color":"rgb(31,119,180)"},{"description":"Other","count":120,"tested":1823,"color":"rgb(148,103,189)"},{"description":"Black","count":336,"tested":3938,"color":"rgb(255,127,14)"}],"gender":[{"description":"Unknown/Left Blank","count":105,"tested":906,"color":"rgb(44,160,44)"},{"description":"Male","count":1213,"tested":22176,"color":"rgb(31,119,180)"},{"description":"Female","count":1433,"tested":30076,"color":"rgb(255,127,14)"}]}
