{"age":[{"age_group":"<20","count":1136,"tested":6693},{"age_group":"20-29   ","count":1238,"tested":9484},{"age_group":"30-39   ","count":1278,"tested":9300},{"age_group":"40-49   ","count":1327,"tested":8645},{"age_group":"50-59   ","count":978,"tested":7547},{"age_group":"60-69   ","count":621,"tested":5455},{"age_group":"70-79   ","count":305,"tested":2767},{"age_group":"80+","count":180,"tested":1768}],"race":[{"description":"Other","count":386,"tested":3068,"color":"rgb(148,103,189)"},{"description":"White","count":1676,"tested":14038,"color":"rgb(31,119,180)"},{"description":"Asian","count":30,"tested":230,"color":"rgb(140,86,75)"},{"description":"Black","count":164,"tested":1357,"color":"rgb(255,127,14)"},{"description":"Left Blank","count":1729,"tested":17525,"color":"rgb(44,160,44)"},{"description":"Hispanic","count":3065,"tested":15386,"color":"rgb(214,39,40)"},{"description":"AI/AN**","count":8,"tested":47,"color":"rgb(31,119,180)"}],"gender":[{"description":"Male","count":3438,"tested":23275,"color":"rgb(31,119,180)"},{"description":"Female","count":3579,"tested":27653,"color":"rgb(255,127,14)"},{"description":"Unknown/Left Blank","count":46,"tested":743,"color":"rgb(44,160,44)"}]}
