{"age":[{"age_group":"<20","count":140,"tested":1442},{"age_group":"20-29   ","count":145,"tested":1705},{"age_group":"30-39   ","count":167,"tested":1671},{"age_group":"40-49   ","count":157,"tested":1589},{"age_group":"50-59   ","count":129,"tested":1591},{"age_group":"60-69   ","count":106,"tested":1369},{"age_group":"70-79   ","count":49,"tested":567},{"age_group":"80+","count":26,"tested":343}],"race":[{"description":"Black","count":409,"tested":4684,"color":"rgb(255,127,14)"},{"description":"Hispanic","count":119,"tested":621,"color":"rgb(214,39,40)"},{"description":"White","count":28,"tested":478,"color":"rgb(31,119,180)"},{"description":"Other","count":26,"tested":197,"color":"rgb(148,103,189)"},{"description":"Left Blank","count":334,"tested":4279,"color":"rgb(44,160,44)"}],"gender":[{"description":"Male","count":395,"tested":3986,"color":"rgb(31,119,180)"},{"description":"Unknown/Left Blank","count":11,"tested":217,"color":"rgb(44,160,44)"},{"description":"Female","count":513,"tested":6079,"color":"rgb(255,127,14)"}]}
