{"age":[{"age_group":"<20","count":17,"tested":252},{"age_group":"20-29   ","count":60,"tested":884},{"age_group":"30-39   ","count":40,"tested":731},{"age_group":"40-49   ","count":21,"tested":438},{"age_group":"50-59   ","count":18,"tested":414},{"age_group":"60-69   ","count":8,"tested":257},{"age_group":"70-79   ","count":7,"tested":221}],"race":[{"description":"Black","count":29,"tested":414,"color":"rgb(255,127,14)"},{"description":"Asian","count":13,"tested":131,"color":"rgb(140,86,75)"},{"description":"Hispanic","count":20,"tested":146,"color":"rgb(214,39,40)"},{"description":"Left Blank","count":41,"tested":1336,"color":"rgb(44,160,44)"},{"description":"Other","count":11,"tested":204,"color":"rgb(148,103,189)"},{"description":"White","count":59,"tested":1034,"color":"rgb(31,119,180)"}],"gender":[{"description":"Female","count":88,"tested":1749,"color":"rgb(255,127,14)"},{"description":"Male","count":85,"tested":1374,"color":"rgb(31,119,180)"}]}
