{"age":[{"age_group":"<20","count":409,"tested":4362},{"age_group":"20-29   ","count":377,"tested":4651},{"age_group":"30-39   ","count":259,"tested":3940},{"age_group":"40-49   ","count":266,"tested":3385},{"age_group":"50-59   ","count":301,"tested":3877},{"age_group":"60-69   ","count":209,"tested":4004},{"age_group":"70-79   ","count":98,"tested":2194},{"age_group":"80+","count":48,"tested":1875}],"race":[{"description":"Other","count":43,"tested":678,"color":"rgb(148,103,189)"},{"description":"Asian","count":70,"tested":732,"color":"rgb(140,86,75)"},{"description":"Black","count":59,"tested":612,"color":"rgb(255,127,14)"},{"description":"Left Blank","count":487,"tested":14613,"color":"rgb(44,160,44)"},{"description":"White","count":1196,"tested":11049,"color":"rgb(31,119,180)"},{"description":"Hispanic","count":110,"tested":587,"color":"rgb(214,39,40)"}],"gender":[{"description":"Female","count":1008,"tested":16116,"color":"rgb(255,127,14)"},{"description":"Male","count":948,"tested":11974,"color":"rgb(31,119,180)"},{"description":"Unknown/Left Blank","count":11,"tested":202,"color":"rgb(44,160,44)"}]}
