{"age":[{"age_group":"<20","count":34,"tested":388},{"age_group":"20-29   ","count":33,"tested":357},{"age_group":"30-39   ","count":34,"tested":301},{"age_group":"40-49   ","count":28,"tested":218},{"age_group":"50-59   ","count":28,"tested":438},{"age_group":"60-69   ","count":18,"tested":215},{"age_group":"80+","count":10,"tested":70}],"race":[{"description":"Left Blank","count":42,"tested":561,"color":"rgb(44,160,44)"},{"description":"White","count":139,"tested":1460,"color":"rgb(31,119,180)"},{"description":"Hispanic","count":6,"tested":17,"color":"rgb(214,39,40)"}],"gender":[{"description":"Female","count":88,"tested":1401,"color":"rgb(255,127,14)"},{"description":"Male","count":102,"tested":642,"color":"rgb(31,119,180)"}]}
