{"age":[{"age_group":"<20","count":613,"tested":4783},{"age_group":"20-29   ","count":725,"tested":10360},{"age_group":"30-39   ","count":751,"tested":11216},{"age_group":"40-49   ","count":659,"tested":10639},{"age_group":"50-59   ","count":620,"tested":11252},{"age_group":"60-69   ","count":480,"tested":9376},{"age_group":"70-79   ","count":259,"tested":4644},{"age_group":"80+","count":226,"tested":4299}],"race":[{"description":"Other","count":89,"tested":2052,"color":"rgb(148,103,189)"},{"description":"Left Blank","count":922,"tested":14663,"color":"rgb(44,160,44)"},{"description":"Black","count":935,"tested":18701,"color":"rgb(255,127,14)"},{"description":"Hispanic","count":696,"tested":3122,"color":"rgb(214,39,40)"},{"description":"Asian","count":7,"tested":336,"color":"rgb(140,86,75)"},{"description":"White","count":1684,"tested":27598,"color":"rgb(31,119,180)"}],"gender":[{"description":"Unknown/Left Blank","count":15,"tested":585,"color":"rgb(44,160,44)"},{"description":"Male","count":1991,"tested":24600,"color":"rgb(31,119,180)"},{"description":"Female","count":2328,"tested":41410,"color":"rgb(255,127,14)"}]}
