{"age":[{"age_group":"<20","count":576,"tested":3314},{"age_group":"20-29   ","count":669,"tested":5524},{"age_group":"30-39   ","count":628,"tested":4842},{"age_group":"40-49   ","count":601,"tested":4618},{"age_group":"50-59   ","count":495,"tested":4223},{"age_group":"60-69   ","count":358,"tested":3176},{"age_group":"70-79   ","count":152,"tested":1674},{"age_group":"80+","count":35,"tested":774}],"race":[{"description":"AI/AN**","count":6,"tested":12,"color":"rgb(31,119,180)"},{"description":"Other","count":143,"tested":1214,"color":"rgb(148,103,189)"},{"description":"Left Blank","count":866,"tested":14596,"color":"rgb(44,160,44)"},{"description":"Black","count":111,"tested":1029,"color":"rgb(255,127,14)"},{"description":"White","count":659,"tested":4711,"color":"rgb(31,119,180)"},{"description":"Hispanic","count":1252,"tested":3663,"color":"rgb(214,39,40)"},{"description":"Asian","count":475,"tested":2851,"color":"rgb(140,86,75)"}],"gender":[{"description":"Male","count":1694,"tested":12139,"color":"rgb(31,119,180)"},{"description":"Unknown/Left Blank","count":12,"tested":297,"color":"rgb(44,160,44)"},{"description":"Female","count":1808,"tested":15725,"color":"rgb(255,127,14)"}]}
