{"age":[{"age_group":"<20","count":306,"tested":3229},{"age_group":"20-29   ","count":332,"tested":3541},{"age_group":"30-39   ","count":265,"tested":3622},{"age_group":"40-49   ","count":238,"tested":2834},{"age_group":"50-59   ","count":260,"tested":3678},{"age_group":"60-69   ","count":240,"tested":3582},{"age_group":"70-79   ","count":84,"tested":2133},{"age_group":"80+","count":82,"tested":2778}],"race":[{"description":"Hispanic","count":132,"tested":507,"color":"rgb(214,39,40)"},{"description":"Asian","count":55,"tested":480,"color":"rgb(140,86,75)"},{"description":"Left Blank","count":547,"tested":14298,"color":"rgb(44,160,44)"},{"description":"White","count":959,"tested":8913,"color":"rgb(31,119,180)"},{"description":"Black","count":55,"tested":529,"color":"rgb(255,127,14)"},{"description":"Other","count":57,"tested":690,"color":"rgb(148,103,189)"}],"gender":[{"description":"Unknown/Left Blank","count":14,"tested":397,"color":"rgb(44,160,44)"},{"description":"Male","count":854,"tested":10758,"color":"rgb(31,119,180)"},{"description":"Female","count":939,"tested":14275,"color":"rgb(255,127,14)"}]}
