{"age":[{"age_group":"<20","count":7,"tested":63},{"age_group":"20-29   ","count":8,"tested":57},{"age_group":"30-39   ","count":14,"tested":54},{"age_group":"40-49   ","count":8,"tested":39},{"age_group":"50-59   ","count":15,"tested":96},{"age_group":"60-69   ","count":7,"tested":63}],"race":[{"description":"White","count":50,"tested":264,"color":"rgb(31,119,180)"},{"description":"Left Blank","count":13,"tested":140,"color":"rgb(44,160,44)"}],"gender":[{"description":"Female","count":34,"tested":226,"color":"rgb(255,127,14)"},{"description":"Male","count":30,"tested":182,"color":"rgb(31,119,180)"}]}
