{"age":[{"age_group":"20-29   ","count":15,"tested":149},{"age_group":"30-39   ","count":13,"tested":175},{"age_group":"50-59   ","count":15,"tested":176},{"age_group":"60-69   ","count":13,"tested":216},{"age_group":"70-79   ","count":15,"tested":145},{"age_group":"80+","count":36,"tested":279}],"race":[{"description":"Left Blank","count":24,"tested":440,"color":"rgb(44,160,44)"},{"description":"White","count":86,"tested":863,"color":"rgb(31,119,180)"}],"gender":[{"description":"Female","count":74,"tested":822,"color":"rgb(255,127,14)"},{"description":"Male","count":43,"tested":473,"color":"rgb(31,119,180)"}]}
