{"age":[{"age_group":"<20","count":7,"tested":63},{"age_group":"20-29   ","count":7,"tested":80},{"age_group":"40-49   ","count":14,"tested":93},{"age_group":"50-59   ","count":10,"tested":126},{"age_group":"60-69   ","count":6,"tested":87}],"race":[{"description":"White","count":29,"tested":392,"color":"rgb(31,119,180)"},{"description":"Left Blank","count":18,"tested":243,"color":"rgb(44,160,44)"}],"gender":[{"description":"Female","count":30,"tested":383,"color":"rgb(255,127,14)"},{"description":"Male","count":20,"tested":277,"color":"rgb(31,119,180)"}]}
