{"age":[{"age_group":"<20","count":308,"tested":3987},{"age_group":"20-29   ","count":782,"tested":17460},{"age_group":"30-39   ","count":669,"tested":14463},{"age_group":"40-49   ","count":524,"tested":12075},{"age_group":"50-59   ","count":518,"tested":13120},{"age_group":"60-69   ","count":457,"tested":13305},{"age_group":"70-79   ","count":292,"tested":8162},{"age_group":"80+","count":187,"tested":3611}],"race":[{"description":"Left Blank","count":1182,"tested":59948,"color":"rgb(44,160,44)"},{"description":"NH/PI*","count":6,"tested":51,"color":"rgb(127,127,127)"},{"description":"Hispanic","count":697,"tested":3882,"color":"rgb(214,39,40)"},{"description":"Other","count":177,"tested":2015,"color":"rgb(148,103,189)"},{"description":"Black","count":646,"tested":7632,"color":"rgb(255,127,14)"},{"description":"White","count":880,"tested":11243,"color":"rgb(31,119,180)"},{"description":"Asian","count":143,"tested":1412,"color":"rgb(140,86,75)"}],"gender":[{"description":"Unknown/Left Blank","count":80,"tested":5102,"color":"rgb(44,160,44)"},{"description":"Female","count":1822,"tested":45035,"color":"rgb(255,127,14)"},{"description":"Male","count":1836,"tested":36095,"color":"rgb(31,119,180)"}]}
