{"age":[{"age_group":"<20","count":557,"tested":9219},{"age_group":"20-29   ","count":1027,"tested":15290},{"age_group":"30-39   ","count":463,"tested":5775},{"age_group":"40-49   ","count":404,"tested":4036},{"age_group":"50-59   ","count":340,"tested":4550},{"age_group":"60-69   ","count":225,"tested":3820},{"age_group":"70-79   ","count":150,"tested":2931},{"age_group":"80+","count":189,"tested":5116}],"race":[{"description":"Other","count":44,"tested":530,"color":"rgb(148,103,189)"},{"description":"Left Blank","count":835,"tested":24054,"color":"rgb(44,160,44)"},{"description":"Black","count":437,"tested":5447,"color":"rgb(255,127,14)"},{"description":"Hispanic","count":676,"tested":3518,"color":"rgb(214,39,40)"},{"description":"White","count":1307,"tested":16377,"color":"rgb(31,119,180)"},{"description":"Asian","count":54,"tested":779,"color":"rgb(140,86,75)"}],"gender":[{"description":"Female","count":1790,"tested":31793,"color":"rgb(255,127,14)"},{"description":"Male","count":1556,"tested":18696,"color":"rgb(31,119,180)"},{"description":"Unknown/Left Blank","count":9,"tested":257,"color":"rgb(44,160,44)"}]}
