{"age":[{"age_group":"<20","count":253,"tested":6006},{"age_group":"20-29   ","count":2018,"tested":35757},{"age_group":"30-39   ","count":998,"tested":23035},{"age_group":"40-49   ","count":366,"tested":8090},{"age_group":"50-59   ","count":285,"tested":5883},{"age_group":"60-69   ","count":153,"tested":3869},{"age_group":"70-79   ","count":105,"tested":3228},{"age_group":"80+","count":120,"tested":3256}],"race":[{"description":"Black","count":103,"tested":1431,"color":"rgb(255,127,14)"},{"description":"AI/AN**","count":10,"tested":60,"color":"rgb(31,119,180)"},{"description":"Other","count":195,"tested":3661,"color":"rgb(148,103,189)"},{"description":"Hispanic","count":277,"tested":2026,"color":"rgb(214,39,40)"},{"description":"Asian","count":106,"tested":2063,"color":"rgb(140,86,75)"},{"description":"White","count":2061,"tested":31349,"color":"rgb(31,119,180)"},{"description":"Left Blank","count":1543,"tested":48513,"color":"rgb(44,160,44)"}],"gender":[{"description":"Unknown/Left Blank","count":287,"tested":1383,"color":"rgb(44,160,44)"},{"description":"Male","count":2091,"tested":39917,"color":"rgb(31,119,180)"},{"description":"Female","count":1920,"tested":47833,"color":"rgb(255,127,14)"}]}
