{"age":[{"age_group":"<20","count":131,"tested":918},{"age_group":"20-29   ","count":220,"tested":1867},{"age_group":"30-39   ","count":180,"tested":1859},{"age_group":"40-49   ","count":159,"tested":1622},{"age_group":"50-59   ","count":121,"tested":1663},{"age_group":"60-69   ","count":129,"tested":1607},{"age_group":"70-79   ","count":70,"tested":1659},{"age_group":"80+","count":67,"tested":1744}],"race":[{"description":"Hispanic","count":102,"tested":781,"color":"rgb(214,39,40)"},{"description":"Left Blank","count":449,"tested":5783,"color":"rgb(44,160,44)"},{"description":"Other","count":63,"tested":456,"color":"rgb(148,103,189)"},{"description":"Black","count":94,"tested":1920,"color":"rgb(255,127,14)"},{"description":"White","count":354,"tested":3831,"color":"rgb(31,119,180)"},{"description":"Asian","count":12,"tested":124,"color":"rgb(140,86,75)"}],"gender":[{"description":"Male","count":502,"tested":5084,"color":"rgb(31,119,180)"},{"description":"Female","count":563,"tested":7488,"color":"rgb(255,127,14)"},{"description":"Unknown/Left Blank","count":12,"tested":370,"color":"rgb(44,160,44)"}]}
