{"age":[{"age_group":"<20","count":303,"tested":2994},{"age_group":"20-29   ","count":117,"tested":1580},{"age_group":"30-39   ","count":90,"tested":1176},{"age_group":"40-49   ","count":120,"tested":1491},{"age_group":"50-59   ","count":167,"tested":1989},{"age_group":"60-69   ","count":73,"tested":1579},{"age_group":"70-79   ","count":33,"tested":860},{"age_group":"80+","count":15,"tested":486}],"race":[{"description":"Other","count":29,"tested":396,"color":"rgb(148,103,189)"},{"description":"Left Blank","count":422,"tested":6164,"color":"rgb(44,160,44)"},{"description":"White","count":445,"tested":5303,"color":"rgb(31,119,180)"},{"description":"Hispanic","count":16,"tested":172,"color":"rgb(214,39,40)"}],"gender":[{"description":"Male","count":468,"tested":5682,"color":"rgb(31,119,180)"},{"description":"Female","count":441,"tested":6353,"color":"rgb(255,127,14)"}]}
