{"age":[{"age_group":"<20","count":380,"tested":3891},{"age_group":"20-29   ","count":597,"tested":5674},{"age_group":"30-39   ","count":455,"tested":4738},{"age_group":"40-49   ","count":438,"tested":4742},{"age_group":"50-59   ","count":422,"tested":4812},{"age_group":"60-69   ","count":395,"tested":5206},{"age_group":"70-79   ","count":220,"tested":3350},{"age_group":"80+","count":220,"tested":5980}],"race":[{"description":"Left Blank","count":1603,"tested":22310,"color":"rgb(44,160,44)"},{"description":"Hispanic","count":204,"tested":1098,"color":"rgb(214,39,40)"},{"description":"Other","count":81,"tested":675,"color":"rgb(148,103,189)"},{"description":"Black","count":327,"tested":3819,"color":"rgb(255,127,14)"},{"description":"White","count":849,"tested":10224,"color":"rgb(31,119,180)"},{"description":"Asian","count":59,"tested":273,"color":"rgb(140,86,75)"}],"gender":[{"description":"Female","count":1691,"tested":23550,"color":"rgb(255,127,14)"},{"description":"Male","count":1416,"tested":14103,"color":"rgb(31,119,180)"},{"description":"Unknown/Left Blank","count":20,"tested":774,"color":"rgb(44,160,44)"}]}
