{"age":[{"age_group":"<20","count":492,"tested":4189},{"age_group":"20-29   ","count":633,"tested":5499},{"age_group":"30-39   ","count":525,"tested":4873},{"age_group":"40-49   ","count":515,"tested":4593},{"age_group":"50-59   ","count":567,"tested":5751},{"age_group":"60-69   ","count":364,"tested":4267},{"age_group":"70-79   ","count":147,"tested":2225},{"age_group":"80+","count":166,"tested":2563}],"race":[{"description":"Hispanic","count":484,"tested":1886,"color":"rgb(214,39,40)"},{"description":"Left Blank","count":1037,"tested":14518,"color":"rgb(44,160,44)"},{"description":"White","count":1717,"tested":16175,"color":"rgb(31,119,180)"},{"description":"Asian","count":53,"tested":403,"color":"rgb(140,86,75)"},{"description":"Black","count":40,"tested":314,"color":"rgb(255,127,14)"},{"description":"Other","count":75,"tested":593,"color":"rgb(148,103,189)"}],"gender":[{"description":"Female","count":1756,"tested":19194,"color":"rgb(255,127,14)"},{"description":"Male","count":1626,"tested":14392,"color":"rgb(31,119,180)"},{"description":"Unknown/Left Blank","count":28,"tested":378,"color":"rgb(44,160,44)"}]}
