{"age":[{"age_group":"<20","count":478,"tested":3515},{"age_group":"20-29   ","count":501,"tested":4005},{"age_group":"30-39   ","count":467,"tested":4344},{"age_group":"40-49   ","count":482,"tested":3810},{"age_group":"50-59   ","count":521,"tested":4328},{"age_group":"60-69   ","count":287,"tested":3135},{"age_group":"70-79   ","count":100,"tested":1597},{"age_group":"80+","count":38,"tested":1092}],"race":[{"description":"Other","count":47,"tested":600,"color":"rgb(148,103,189)"},{"description":"Black","count":38,"tested":267,"color":"rgb(255,127,14)"},{"description":"White","count":1565,"tested":11877,"color":"rgb(31,119,180)"},{"description":"Asian","count":19,"tested":170,"color":"rgb(140,86,75)"},{"description":"Left Blank","count":1113,"tested":12369,"color":"rgb(44,160,44)"},{"description":"Hispanic","count":88,"tested":525,"color":"rgb(214,39,40)"}],"gender":[{"description":"Unknown/Left Blank","count":20,"tested":238,"color":"rgb(44,160,44)"},{"description":"Male","count":1411,"tested":11440,"color":"rgb(31,119,180)"},{"description":"Female","count":1443,"tested":14154,"color":"rgb(255,127,14)"}]}
