{"age":[{"age_group":"<20","count":38,"tested":347},{"age_group":"20-29   ","count":36,"tested":282},{"age_group":"30-39   ","count":31,"tested":262},{"age_group":"40-49   ","count":37,"tested":241},{"age_group":"50-59   ","count":43,"tested":336},{"age_group":"60-69   ","count":32,"tested":273},{"age_group":"70-79   ","count":9,"tested":133},{"age_group":"80+","count":11,"tested":55}],"race":[{"description":"White","count":148,"tested":867,"color":"rgb(31,119,180)"},{"description":"Left Blank","count":83,"tested":1019,"color":"rgb(44,160,44)"}],"gender":[{"description":"Male","count":113,"tested":716,"color":"rgb(31,119,180)"},{"description":"Female","count":124,"tested":1183,"color":"rgb(255,127,14)"}]}
