{"age":[{"age_group":"<20","count":226,"tested":1707},{"age_group":"20-29   ","count":191,"tested":1923},{"age_group":"30-39   ","count":174,"tested":1840},{"age_group":"40-49   ","count":207,"tested":1495},{"age_group":"50-59   ","count":175,"tested":1800},{"age_group":"60-69   ","count":114,"tested":1483},{"age_group":"70-79   ","count":38,"tested":661},{"age_group":"80+","count":19,"tested":323}],"race":[{"description":"Black","count":18,"tested":224,"color":"rgb(255,127,14)"},{"description":"Asian","count":26,"tested":255,"color":"rgb(140,86,75)"},{"description":"White","count":468,"tested":4466,"color":"rgb(31,119,180)"},{"description":"Other","count":31,"tested":280,"color":"rgb(148,103,189)"},{"description":"Hispanic","count":369,"tested":1287,"color":"rgb(214,39,40)"},{"description":"Left Blank","count":230,"tested":4695,"color":"rgb(44,160,44)"}],"gender":[{"description":"Female","count":581,"tested":6261,"color":"rgb(255,127,14)"},{"description":"Male","count":563,"tested":4899,"color":"rgb(31,119,180)"}]}
