{"age":[{"age_group":"<20","count":122,"tested":879},{"age_group":"20-29   ","count":111,"tested":893},{"age_group":"30-39   ","count":96,"tested":838},{"age_group":"40-49   ","count":107,"tested":741},{"age_group":"50-59   ","count":100,"tested":905},{"age_group":"60-69   ","count":77,"tested":617},{"age_group":"70-79   ","count":22,"tested":371},{"age_group":"80+","count":13,"tested":211}],"race":[{"description":"Black","count":7,"tested":43,"color":"rgb(255,127,14)"},{"description":"Hispanic","count":102,"tested":294,"color":"rgb(214,39,40)"},{"description":"White","count":326,"tested":2477,"color":"rgb(31,119,180)"},{"description":"Left Blank","count":206,"tested":2576,"color":"rgb(44,160,44)"},{"description":"Other","count":6,"tested":48,"color":"rgb(148,103,189)"}],"gender":[{"description":"Male","count":319,"tested":2246,"color":"rgb(31,119,180)"},{"description":"Female","count":329,"tested":3181,"color":"rgb(255,127,14)"}]}
