{"age":[{"age_group":"<20","count":354,"tested":3824},{"age_group":"20-29   ","count":298,"tested":3542},{"age_group":"30-39   ","count":263,"tested":3429},{"age_group":"40-49   ","count":243,"tested":2790},{"age_group":"50-59   ","count":339,"tested":3751},{"age_group":"60-69   ","count":192,"tested":2997},{"age_group":"70-79   ","count":71,"tested":1847},{"age_group":"80+","count":80,"tested":2314}],"race":[{"description":"Asian","count":51,"tested":385,"color":"rgb(140,86,75)"},{"description":"White","count":1097,"tested":12817,"color":"rgb(31,119,180)"},{"description":"Left Blank","count":441,"tested":9184,"color":"rgb(44,160,44)"},{"description":"Hispanic","count":162,"tested":1090,"color":"rgb(214,39,40)"},{"description":"Black","count":35,"tested":475,"color":"rgb(255,127,14)"},{"description":"Other","count":51,"tested":527,"color":"rgb(148,103,189)"}],"gender":[{"description":"Male","count":865,"tested":10389,"color":"rgb(31,119,180)"},{"description":"Female","count":968,"tested":13808,"color":"rgb(255,127,14)"}]}
