{"age":[{"age_group":"<20","count":496,"tested":4978},{"age_group":"20-29   ","count":410,"tested":5243},{"age_group":"30-39   ","count":370,"tested":5259},{"age_group":"40-49   ","count":344,"tested":5005},{"age_group":"50-59   ","count":415,"tested":6977},{"age_group":"60-69   ","count":300,"tested":6262},{"age_group":"70-79   ","count":148,"tested":3891},{"age_group":"80+","count":143,"tested":3494}],"race":[{"description":"Left Blank","count":900,"tested":24036,"color":"rgb(44,160,44)"},{"description":"Other","count":101,"tested":1040,"color":"rgb(148,103,189)"},{"description":"Asian","count":18,"tested":329,"color":"rgb(140,86,75)"},{"description":"Black","count":92,"tested":961,"color":"rgb(255,127,14)"},{"description":"White","count":1154,"tested":12899,"color":"rgb(31,119,180)"},{"description":"Hispanic","count":357,"tested":1843,"color":"rgb(214,39,40)"}],"gender":[{"description":"Female","count":1339,"tested":23290,"color":"rgb(255,127,14)"},{"description":"Male","count":1263,"tested":16625,"color":"rgb(31,119,180)"},{"description":"Unknown/Left Blank","count":24,"tested":1219,"color":"rgb(44,160,44)"}]}
