{"age":[{"age_group":"<20","count":365,"tested":2469},{"age_group":"20-29   ","count":434,"tested":4105},{"age_group":"30-39   ","count":364,"tested":3517},{"age_group":"40-49   ","count":375,"tested":3359},{"age_group":"50-59   ","count":330,"tested":3815},{"age_group":"60-69   ","count":206,"tested":2823},{"age_group":"70-79   ","count":127,"tested":1539},{"age_group":"80+","count":73,"tested":684}],"race":[{"description":"Hispanic","count":455,"tested":1888,"color":"rgb(214,39,40)"},{"description":"AI/AN**","count":10,"tested":47,"color":"rgb(31,119,180)"},{"description":"Left Blank","count":935,"tested":9117,"color":"rgb(44,160,44)"},{"description":"White","count":39,"tested":766,"color":"rgb(31,119,180)"},{"description":"Asian","count":20,"tested":108,"color":"rgb(140,86,75)"},{"description":"Black","count":749,"tested":9941,"color":"rgb(255,127,14)"},{"description":"Other","count":66,"tested":448,"color":"rgb(148,103,189)"}],"gender":[{"description":"Unknown/Left Blank","count":56,"tested":370,"color":"rgb(44,160,44)"},{"description":"Female","count":1144,"tested":12474,"color":"rgb(255,127,14)"},{"description":"Male","count":1074,"tested":9479,"color":"rgb(31,119,180)"}]}
