{"age":[{"age_group":"<20","count":300,"tested":3124},{"age_group":"20-29   ","count":324,"tested":3413},{"age_group":"30-39   ","count":260,"tested":3512},{"age_group":"40-49   ","count":231,"tested":2740},{"age_group":"50-59   ","count":252,"tested":3550},{"age_group":"60-69   ","count":236,"tested":3460},{"age_group":"70-79   ","count":82,"tested":2069},{"age_group":"80+","count":82,"tested":2636}],"race":[{"description":"Hispanic","count":127,"tested":488,"color":"rgb(214,39,40)"},{"description":"Asian","count":51,"tested":462,"color":"rgb(140,86,75)"},{"description":"Left Blank","count":547,"tested":13780,"color":"rgb(44,160,44)"},{"description":"White","count":929,"tested":8609,"color":"rgb(31,119,180)"},{"description":"Black","count":55,"tested":515,"color":"rgb(255,127,14)"},{"description":"Other","count":56,"tested":670,"color":"rgb(148,103,189)"}],"gender":[{"description":"Unknown/Left Blank","count":12,"tested":389,"color":"rgb(44,160,44)"},{"description":"Male","count":832,"tested":10377,"color":"rgb(31,119,180)"},{"description":"Female","count":923,"tested":13771,"color":"rgb(255,127,14)"}]}
