{"age":[{"age_group":"<20","count":101,"tested":966},{"age_group":"20-29   ","count":56,"tested":584},{"age_group":"30-39   ","count":94,"tested":589},{"age_group":"40-49   ","count":85,"tested":619},{"age_group":"50-59   ","count":101,"tested":870},{"age_group":"60-69   ","count":54,"tested":626},{"age_group":"70-79   ","count":27,"tested":358},{"age_group":"80+","count":34,"tested":321}],"race":[{"description":"Left Blank","count":116,"tested":1681,"color":"rgb(44,160,44)"},{"description":"White","count":409,"tested":3014,"color":"rgb(31,119,180)"},{"description":"Hispanic","count":18,"tested":112,"color":"rgb(214,39,40)"}],"gender":[{"description":"Male","count":259,"tested":2164,"color":"rgb(31,119,180)"},{"description":"Female","count":292,"tested":2673,"color":"rgb(255,127,14)"}]}
