{"age":[{"age_group":"<20","count":361,"tested":3403},{"age_group":"20-29   ","count":149,"tested":2345},{"age_group":"30-39   ","count":90,"tested":1897},{"age_group":"40-49   ","count":159,"tested":2582},{"age_group":"50-59   ","count":247,"tested":3338},{"age_group":"60-69   ","count":159,"tested":2603},{"age_group":"70-79   ","count":93,"tested":1914},{"age_group":"80+","count":95,"tested":1906}],"race":[{"description":"Hispanic","count":54,"tested":319,"color":"rgb(214,39,40)"},{"description":"Left Blank","count":396,"tested":10872,"color":"rgb(44,160,44)"},{"description":"White","count":789,"tested":7065,"color":"rgb(31,119,180)"},{"description":"Asian","count":42,"tested":662,"color":"rgb(140,86,75)"},{"description":"Black","count":23,"tested":361,"color":"rgb(255,127,14)"},{"description":"Other","count":48,"tested":691,"color":"rgb(148,103,189)"}],"gender":[{"description":"Male","count":660,"tested":8399,"color":"rgb(31,119,180)"},{"description":"Female","count":683,"tested":11455,"color":"rgb(255,127,14)"},{"description":"Unknown/Left Blank","count":10,"tested":135,"color":"rgb(44,160,44)"}]}
