{"age":[{"age_group":"<20","count":266,"tested":1965},{"age_group":"20-29   ","count":411,"tested":5655},{"age_group":"30-39   ","count":430,"tested":6373},{"age_group":"40-49   ","count":400,"tested":7073},{"age_group":"50-59   ","count":464,"tested":8247},{"age_group":"60-69   ","count":464,"tested":8739},{"age_group":"70-79   ","count":295,"tested":4961},{"age_group":"80+","count":455,"tested":7364}],"race":[{"description":"Black","count":50,"tested":664,"color":"rgb(255,127,14)"},{"description":"White","count":1028,"tested":9243,"color":"rgb(31,119,180)"},{"description":"Asian","count":368,"tested":3881,"color":"rgb(140,86,75)"},{"description":"Hispanic","count":317,"tested":1790,"color":"rgb(214,39,40)"},{"description":"Left Blank","count":1068,"tested":32669,"color":"rgb(44,160,44)"},{"description":"Other","count":332,"tested":1975,"color":"rgb(148,103,189)"},{"description":"AI/AN**","count":10,"tested":51,"color":"rgb(31,119,180)"},{"description":"NH/PI*","count":14,"tested":132,"color":"rgb(127,127,127)"}],"gender":[{"description":"Female","count":1729,"tested":30544,"color":"rgb(255,127,14)"},{"description":"Male","count":1429,"tested":18925,"color":"rgb(31,119,180)"},{"description":"Unknown/Left Blank","count":29,"tested":936,"color":"rgb(44,160,44)"}]}
