{"age":[{"age_group":"<20","count":26,"tested":216},{"age_group":"20-29   ","count":27,"tested":148},{"age_group":"30-39   ","count":21,"tested":124},{"age_group":"40-49   ","count":21,"tested":100},{"age_group":"50-59   ","count":31,"tested":170},{"age_group":"60-69   ","count":20,"tested":135},{"age_group":"70-79   ","count":10,"tested":70},{"age_group":"80+","count":7,"tested":37}],"race":[{"description":"Left Blank","count":36,"tested":337,"color":"rgb(44,160,44)"},{"description":"White","count":122,"tested":641,"color":"rgb(31,119,180)"}],"gender":[{"description":"Female","count":93,"tested":581,"color":"rgb(255,127,14)"},{"description":"Male","count":68,"tested":413,"color":"rgb(31,119,180)"}]}
