{"age":[{"age_group":"<20","count":48,"tested":730},{"age_group":"20-29   ","count":707,"tested":10076},{"age_group":"30-39   ","count":539,"tested":8699},{"age_group":"40-49   ","count":154,"tested":2564},{"age_group":"50-59   ","count":113,"tested":1840},{"age_group":"60-69   ","count":61,"tested":1172},{"age_group":"70-79   ","count":17,"tested":471},{"age_group":"80+","count":9,"tested":185}],"race":[{"description":"Asian","count":61,"tested":1341,"color":"rgb(140,86,75)"},{"description":"Black","count":69,"tested":759,"color":"rgb(255,127,14)"},{"description":"Hispanic","count":77,"tested":565,"color":"rgb(214,39,40)"},{"description":"White","count":777,"tested":9475,"color":"rgb(31,119,180)"},{"description":"Left Blank","count":577,"tested":12416,"color":"rgb(44,160,44)"},{"description":"Other","count":83,"tested":1137,"color":"rgb(148,103,189)"}],"gender":[{"description":"Female","count":741,"tested":13341,"color":"rgb(255,127,14)"},{"description":"Male","count":846,"tested":11950,"color":"rgb(31,119,180)"},{"description":"Unknown/Left Blank","count":61,"tested":450,"color":"rgb(44,160,44)"}]}
