{"age":[{"age_group":"<20","count":508,"tested":4137},{"age_group":"20-29   ","count":621,"tested":6488},{"age_group":"30-39   ","count":533,"tested":5913},{"age_group":"40-49   ","count":546,"tested":5058},{"age_group":"50-59   ","count":681,"tested":6995},{"age_group":"60-69   ","count":386,"tested":4616},{"age_group":"70-79   ","count":152,"tested":2607},{"age_group":"80+","count":117,"tested":3188}],"race":[{"description":"AI/AN**","count":8,"tested":28,"color":"rgb(31,119,180)"},{"description":"NH/PI*","count":8,"tested":62,"color":"rgb(127,127,127)"},{"description":"Hispanic","count":351,"tested":1533,"color":"rgb(214,39,40)"},{"description":"White","count":1639,"tested":11336,"color":"rgb(31,119,180)"},{"description":"Asian","count":309,"tested":2311,"color":"rgb(140,86,75)"},{"description":"Black","count":51,"tested":574,"color":"rgb(255,127,14)"},{"description":"Other","count":113,"tested":896,"color":"rgb(148,103,189)"},{"description":"Left Blank","count":1065,"tested":22275,"color":"rgb(44,160,44)"}],"gender":[{"description":"Female","count":1775,"tested":22686,"color":"rgb(255,127,14)"},{"description":"Male","count":1747,"tested":15517,"color":"rgb(31,119,180)"},{"description":"Unknown/Left Blank","count":22,"tested":812,"color":"rgb(44,160,44)"}]}
