{"age":[{"age_group":"<20","count":146,"tested":1711},{"age_group":"20-29   ","count":181,"tested":2240},{"age_group":"30-39   ","count":179,"tested":2218},{"age_group":"40-49   ","count":173,"tested":2200},{"age_group":"50-59   ","count":167,"tested":2155},{"age_group":"60-69   ","count":174,"tested":2452},{"age_group":"70-79   ","count":98,"tested":1314},{"age_group":"80+","count":86,"tested":1417}],"race":[{"description":"White","count":68,"tested":674,"color":"rgb(31,119,180)"},{"description":"Other","count":31,"tested":238,"color":"rgb(148,103,189)"},{"description":"Left Blank","count":438,"tested":7688,"color":"rgb(44,160,44)"},{"description":"Hispanic","count":41,"tested":240,"color":"rgb(214,39,40)"},{"description":"Black","count":625,"tested":6831,"color":"rgb(255,127,14)"}],"gender":[{"description":"Female","count":647,"tested":9101,"color":"rgb(255,127,14)"},{"description":"Male","count":532,"tested":5812,"color":"rgb(31,119,180)"},{"description":"Unknown/Left Blank","count":25,"tested":805,"color":"rgb(44,160,44)"}]}
