{"age":[{"age_group":"<20","count":7,"tested":98},{"age_group":"20-29   ","count":12,"tested":165},{"age_group":"30-39   ","count":9,"tested":137},{"age_group":"40-49   ","count":9,"tested":122},{"age_group":"50-59   ","count":10,"tested":100},{"age_group":"60-69   ","count":9,"tested":116},{"age_group":"70-79   ","count":7,"tested":54}],"race":[{"description":"White","count":20,"tested":290,"color":"rgb(31,119,180)"},{"description":"Left Blank","count":36,"tested":427,"color":"rgb(44,160,44)"}],"gender":[{"description":"Female","count":39,"tested":507,"color":"rgb(255,127,14)"},{"description":"Male","count":27,"tested":313,"color":"rgb(31,119,180)"}]}
