{"age":[{"age_group":"<20","count":1318,"tested":7258},{"age_group":"20-29   ","count":1523,"tested":10759},{"age_group":"30-39   ","count":1305,"tested":8154},{"age_group":"40-49   ","count":1438,"tested":7916},{"age_group":"50-59   ","count":1081,"tested":7262},{"age_group":"60-69   ","count":574,"tested":5857},{"age_group":"70-79   ","count":285,"tested":4681},{"age_group":"80+","count":139,"tested":3474}],"race":[{"description":"Black","count":260,"tested":2442,"color":"rgb(255,127,14)"},{"description":"Asian","count":39,"tested":272,"color":"rgb(140,86,75)"},{"description":"Other","count":237,"tested":2237,"color":"rgb(148,103,189)"},{"description":"AI/AN**","count":6,"tested":51,"color":"rgb(31,119,180)"},{"description":"White","count":543,"tested":5971,"color":"rgb(31,119,180)"},{"description":"Left Blank","count":1883,"tested":26381,"color":"rgb(44,160,44)"},{"description":"Hispanic","count":4692,"tested":17996,"color":"rgb(214,39,40)"}],"gender":[{"description":"Unknown/Left Blank","count":31,"tested":603,"color":"rgb(44,160,44)"},{"description":"Female","count":3912,"tested":31391,"color":"rgb(255,127,14)"},{"description":"Male","count":3721,"tested":23371,"color":"rgb(31,119,180)"}]}
