{"age":[{"age_group":"<20","count":36,"tested":403},{"age_group":"20-29   ","count":24,"tested":213},{"age_group":"30-39   ","count":24,"tested":236},{"age_group":"40-49   ","count":28,"tested":236},{"age_group":"50-59   ","count":23,"tested":235},{"age_group":"60-69   ","count":14,"tested":223},{"age_group":"70-79   ","count":8,"tested":153},{"age_group":"80+","count":8,"tested":87}],"race":[{"description":"White","count":155,"tested":1536,"color":"rgb(31,119,180)"}],"gender":[{"description":"Female","count":87,"tested":962,"color":"rgb(255,127,14)"},{"description":"Male","count":78,"tested":789,"color":"rgb(31,119,180)"}]}
