{"age":[{"age_group":"<20","count":296,"tested":10424},{"age_group":"20-29   ","count":473,"tested":24265},{"age_group":"30-39   ","count":236,"tested":7127},{"age_group":"40-49   ","count":222,"tested":5159},{"age_group":"50-59   ","count":234,"tested":6538},{"age_group":"60-69   ","count":177,"tested":5958},{"age_group":"70-79   ","count":110,"tested":4380},{"age_group":"80+","count":155,"tested":10751}],"race":[{"description":"Hispanic","count":250,"tested":3764,"color":"rgb(214,39,40)"},{"description":"Left Blank","count":331,"tested":29691,"color":"rgb(44,160,44)"},{"description":"White","count":768,"tested":26400,"color":"rgb(31,119,180)"},{"description":"Asian","count":89,"tested":7301,"color":"rgb(140,86,75)"},{"description":"Black","count":324,"tested":4796,"color":"rgb(255,127,14)"},{"description":"Other","count":137,"tested":2557,"color":"rgb(148,103,189)"}],"gender":[{"description":"Male","count":916,"tested":31323,"color":"rgb(31,119,180)"},{"description":"Female","count":966,"tested":42163,"color":"rgb(255,127,14)"},{"description":"Unknown/Left Blank","count":21,"tested":1145,"color":"rgb(44,160,44)"}]}
