{"age":[{"age_group":"<20","count":42,"tested":608},{"age_group":"20-29   ","count":49,"tested":524},{"age_group":"30-39   ","count":32,"tested":333},{"age_group":"40-49   ","count":43,"tested":282},{"age_group":"50-59   ","count":43,"tested":368},{"age_group":"60-69   ","count":31,"tested":323},{"age_group":"70-79   ","count":14,"tested":147},{"age_group":"80+","count":7,"tested":71}],"race":[{"description":"Hispanic","count":22,"tested":97,"color":"rgb(214,39,40)"},{"description":"Left Blank","count":84,"tested":1269,"color":"rgb(44,160,44)"},{"description":"White","count":154,"tested":1255,"color":"rgb(31,119,180)"}],"gender":[{"description":"Male","count":118,"tested":931,"color":"rgb(31,119,180)"},{"description":"Unknown/Left Blank","count":7,"tested":41,"color":"rgb(44,160,44)"},{"description":"Female","count":136,"tested":1684,"color":"rgb(255,127,14)"}]}
