{"age":[{"age_group":"<20","count":249,"tested":1574},{"age_group":"20-29   ","count":303,"tested":2285},{"age_group":"30-39   ","count":254,"tested":1898},{"age_group":"40-49   ","count":254,"tested":1762},{"age_group":"50-59   ","count":187,"tested":1457},{"age_group":"60-69   ","count":124,"tested":1214},{"age_group":"70-79   ","count":47,"tested":501},{"age_group":"80+","count":30,"tested":351}],"race":[{"description":"Black","count":64,"tested":682,"color":"rgb(255,127,14)"},{"description":"Hispanic","count":692,"tested":3086,"color":"rgb(214,39,40)"},{"description":"Left Blank","count":360,"tested":4069,"color":"rgb(44,160,44)"},{"description":"White","count":223,"tested":2168,"color":"rgb(31,119,180)"},{"description":"Other","count":102,"tested":929,"color":"rgb(148,103,189)"}],"gender":[{"description":"Male","count":706,"tested":4802,"color":"rgb(31,119,180)"},{"description":"Female","count":734,"tested":6159,"color":"rgb(255,127,14)"}]}
