{"age":[{"age_group":"<20","count":562,"tested":14024},{"age_group":"20-29   ","count":2718,"tested":49301},{"age_group":"30-39   ","count":1092,"tested":30604},{"age_group":"40-49   ","count":517,"tested":14757},{"age_group":"50-59   ","count":388,"tested":13772},{"age_group":"60-69   ","count":247,"tested":11234},{"age_group":"70-79   ","count":196,"tested":8135},{"age_group":"80+","count":192,"tested":7102}],"race":[{"description":"Left Blank","count":1623,"tested":73866,"color":"rgb(44,160,44)"},{"description":"Hispanic","count":335,"tested":3785,"color":"rgb(214,39,40)"},{"description":"Other","count":390,"tested":7648,"color":"rgb(148,103,189)"},{"description":"Black","count":266,"tested":4791,"color":"rgb(255,127,14)"},{"description":"White","count":3145,"tested":54847,"color":"rgb(31,119,180)"},{"description":"Asian","count":143,"tested":3935,"color":"rgb(140,86,75)"}],"gender":[{"description":"Unknown/Left Blank","count":370,"tested":2372,"color":"rgb(44,160,44)"},{"description":"Female","count":2843,"tested":83008,"color":"rgb(255,127,14)"},{"description":"Male","count":2699,"tested":63603,"color":"rgb(31,119,180)"}]}
