{"age":[{"age_group":"<20","count":1765,"tested":12929},{"age_group":"20-29   ","count":2097,"tested":19324},{"age_group":"30-39   ","count":1995,"tested":17445},{"age_group":"40-49   ","count":2021,"tested":15537},{"age_group":"50-59   ","count":1560,"tested":14060},{"age_group":"60-69   ","count":930,"tested":11483},{"age_group":"70-79   ","count":450,"tested":5410},{"age_group":"80+","count":194,"tested":1884}],"race":[{"description":"Black","count":1616,"tested":18881,"color":"rgb(255,127,14)"},{"description":"Asian","count":11,"tested":333,"color":"rgb(140,86,75)"},{"description":"Other","count":377,"tested":3851,"color":"rgb(148,103,189)"},{"description":"AI/AN**","count":7,"tested":52,"color":"rgb(31,119,180)"},{"description":"Hispanic","count":6365,"tested":30788,"color":"rgb(214,39,40)"},{"description":"Left Blank","count":2285,"tested":37552,"color":"rgb(44,160,44)"},{"description":"White","count":348,"tested":6628,"color":"rgb(31,119,180)"}],"gender":[{"description":"Unknown/Left Blank","count":118,"tested":1715,"color":"rgb(44,160,44)"},{"description":"Female","count":5675,"tested":51649,"color":"rgb(255,127,14)"},{"description":"Male","count":5219,"tested":44742,"color":"rgb(31,119,180)"}]}
