{"age":[{"age_group":"<20","count":848,"tested":6717},{"age_group":"20-29   ","count":777,"tested":7071},{"age_group":"30-39   ","count":664,"tested":5797},{"age_group":"40-49   ","count":732,"tested":5828},{"age_group":"50-59   ","count":689,"tested":5945},{"age_group":"60-69   ","count":404,"tested":4579},{"age_group":"70-79   ","count":231,"tested":3493},{"age_group":"80+","count":154,"tested":4035}],"race":[{"description":"Other","count":56,"tested":558,"color":"rgb(148,103,189)"},{"description":"Left Blank","count":362,"tested":22663,"color":"rgb(44,160,44)"},{"description":"Hispanic","count":1855,"tested":4567,"color":"rgb(214,39,40)"},{"description":"White","count":2090,"tested":14741,"color":"rgb(31,119,180)"},{"description":"Asian","count":33,"tested":203,"color":"rgb(140,86,75)"},{"description":"Black","count":95,"tested":700,"color":"rgb(255,127,14)"},{"description":"AI/AN**","count":7,"tested":29,"color":"rgb(31,119,180)"}],"gender":[{"description":"Male","count":2105,"tested":16505,"color":"rgb(31,119,180)"},{"description":"Unknown/Left Blank","count":7,"tested":642,"color":"rgb(44,160,44)"},{"description":"Female","count":2388,"tested":26330,"color":"rgb(255,127,14)"}]}
