{"age":[{"age_group":"<20","count":376,"tested":4003},{"age_group":"20-29   ","count":396,"tested":4047},{"age_group":"30-39   ","count":358,"tested":3234},{"age_group":"40-49   ","count":343,"tested":3129},{"age_group":"50-59   ","count":366,"tested":4007},{"age_group":"60-69   ","count":259,"tested":3031},{"age_group":"70-79   ","count":163,"tested":2358},{"age_group":"80+","count":135,"tested":3362}],"race":[{"description":"Hispanic","count":151,"tested":867,"color":"rgb(214,39,40)"},{"description":"Left Blank","count":539,"tested":8057,"color":"rgb(44,160,44)"},{"description":"Asian","count":11,"tested":125,"color":"rgb(140,86,75)"},{"description":"White","count":1410,"tested":16123,"color":"rgb(31,119,180)"},{"description":"Black","count":25,"tested":347,"color":"rgb(255,127,14)"},{"description":"Other","count":259,"tested":1764,"color":"rgb(148,103,189)"}],"gender":[{"description":"Female","count":1225,"tested":16305,"color":"rgb(255,127,14)"},{"description":"Male","count":1153,"tested":10325,"color":"rgb(31,119,180)"},{"description":"Unknown/Left Blank","count":20,"tested":671,"color":"rgb(44,160,44)"}]}
