{"age":[{"age_group":"<20","count":92,"tested":1256},{"age_group":"20-29   ","count":251,"tested":5030},{"age_group":"30-39   ","count":258,"tested":5271},{"age_group":"40-49   ","count":182,"tested":4143},{"age_group":"50-59   ","count":162,"tested":4991},{"age_group":"60-69   ","count":156,"tested":4507},{"age_group":"70-79   ","count":83,"tested":3633},{"age_group":"80+","count":52,"tested":2498}],"race":[{"description":"Left Blank","count":295,"tested":13770,"color":"rgb(44,160,44)"},{"description":"White","count":368,"tested":7593,"color":"rgb(31,119,180)"},{"description":"Hispanic","count":127,"tested":1628,"color":"rgb(214,39,40)"},{"description":"Other","count":54,"tested":1009,"color":"rgb(148,103,189)"},{"description":"Black","count":367,"tested":6537,"color":"rgb(255,127,14)"},{"description":"Asian","count":24,"tested":773,"color":"rgb(140,86,75)"}],"gender":[{"description":"Unknown/Left Blank","count":20,"tested":1126,"color":"rgb(44,160,44)"},{"description":"Female","count":651,"tested":16821,"color":"rgb(255,127,14)"},{"description":"Male","count":565,"tested":13392,"color":"rgb(31,119,180)"}]}
