{"age":[{"age_group":"<20","count":37,"tested":317},{"age_group":"20-29   ","count":33,"tested":207},{"age_group":"30-39   ","count":25,"tested":157},{"age_group":"40-49   ","count":26,"tested":138},{"age_group":"50-59   ","count":36,"tested":237},{"age_group":"60-69   ","count":23,"tested":176},{"age_group":"70-79   ","count":13,"tested":116},{"age_group":"80+","count":9,"tested":54}],"race":[{"description":"Left Blank","count":47,"tested":447,"color":"rgb(44,160,44)"},{"description":"White","count":149,"tested":924,"color":"rgb(31,119,180)"}],"gender":[{"description":"Female","count":115,"tested":807,"color":"rgb(255,127,14)"},{"description":"Male","count":84,"tested":589,"color":"rgb(31,119,180)"}]}
