{"age":[{"age_group":"<20","count":707,"tested":17020},{"age_group":"20-29   ","count":562,"tested":16452},{"age_group":"30-39   ","count":416,"tested":6707},{"age_group":"40-49   ","count":480,"tested":6462},{"age_group":"50-59   ","count":490,"tested":7601},{"age_group":"60-69   ","count":257,"tested":6461},{"age_group":"70-79   ","count":130,"tested":3748},{"age_group":"80+","count":85,"tested":2476}],"race":[{"description":"Left Blank","count":548,"tested":25301,"color":"rgb(44,160,44)"},{"description":"White","count":1910,"tested":31029,"color":"rgb(31,119,180)"},{"description":"Hispanic","count":241,"tested":2862,"color":"rgb(214,39,40)"},{"description":"Other","count":85,"tested":1905,"color":"rgb(148,103,189)"},{"description":"AI/AN**","count":9,"tested":95,"color":"rgb(31,119,180)"},{"description":"Black","count":137,"tested":2066,"color":"rgb(255,127,14)"},{"description":"Asian","count":195,"tested":3723,"color":"rgb(140,86,75)"}],"gender":[{"description":"Female","count":1569,"tested":34115,"color":"rgb(255,127,14)"},{"description":"Male","count":1546,"tested":32549,"color":"rgb(31,119,180)"},{"description":"Unknown/Left Blank","count":13,"tested":358,"color":"rgb(44,160,44)"}]}
