{"age":[{"age_group":"<20","count":767,"tested":7445},{"age_group":"20-29   ","count":753,"tested":7709},{"age_group":"30-39   ","count":675,"tested":7132},{"age_group":"40-49   ","count":658,"tested":6637},{"age_group":"50-59   ","count":717,"tested":8314},{"age_group":"60-69   ","count":458,"tested":5901},{"age_group":"70-79   ","count":167,"tested":3127},{"age_group":"80+","count":185,"tested":3405}],"race":[{"description":"Hispanic","count":632,"tested":3030,"color":"rgb(214,39,40)"},{"description":"White","count":2477,"tested":25163,"color":"rgb(31,119,180)"},{"description":"Left Blank","count":1015,"tested":18948,"color":"rgb(44,160,44)"},{"description":"Asian","count":83,"tested":749,"color":"rgb(140,86,75)"},{"description":"Black","count":57,"tested":556,"color":"rgb(255,127,14)"},{"description":"Other","count":107,"tested":1081,"color":"rgb(148,103,189)"},{"description":"AI/AN**","count":7,"tested":84,"color":"rgb(31,119,180)"}],"gender":[{"description":"Female","count":2219,"tested":27834,"color":"rgb(255,127,14)"},{"description":"Male","count":2122,"tested":21218,"color":"rgb(31,119,180)"},{"description":"Unknown/Left Blank","count":40,"tested":624,"color":"rgb(44,160,44)"}]}
