{"age":[{"age_group":"<20","count":669,"tested":4765},{"age_group":"20-29   ","count":302,"tested":3253},{"age_group":"30-39   ","count":333,"tested":3163},{"age_group":"40-49   ","count":250,"tested":2768},{"age_group":"50-59   ","count":251,"tested":3108},{"age_group":"60-69   ","count":180,"tested":2702},{"age_group":"70-79   ","count":100,"tested":2369},{"age_group":"80+","count":146,"tested":5974}],"race":[{"description":"Black","count":19,"tested":371,"color":"rgb(255,127,14)"},{"description":"Asian","count":205,"tested":2476,"color":"rgb(140,86,75)"},{"description":"Hispanic","count":76,"tested":773,"color":"rgb(214,39,40)"},{"description":"Left Blank","count":1139,"tested":16705,"color":"rgb(44,160,44)"},{"description":"Other","count":259,"tested":1513,"color":"rgb(148,103,189)"},{"description":"White","count":524,"tested":6409,"color":"rgb(31,119,180)"},{"description":"AI/AN**","count":6,"tested":75,"color":"rgb(31,119,180)"}],"gender":[{"description":"Male","count":1116,"tested":12014,"color":"rgb(31,119,180)"},{"description":"Unknown/Left Blank","count":25,"tested":350,"color":"rgb(44,160,44)"},{"description":"Female","count":1091,"tested":15989,"color":"rgb(255,127,14)"}]}
