{"age":[{"age_group":"<20","count":880,"tested":7222},{"age_group":"20-29   ","count":1142,"tested":11683},{"age_group":"30-39   ","count":1017,"tested":12370},{"age_group":"40-49   ","count":876,"tested":10787},{"age_group":"50-59   ","count":883,"tested":12074},{"age_group":"60-69   ","count":626,"tested":11535},{"age_group":"70-79   ","count":361,"tested":6880},{"age_group":"80+","count":301,"tested":6309}],"race":[{"description":"Asian","count":90,"tested":1783,"color":"rgb(140,86,75)"},{"description":"Hispanic","count":1038,"tested":7147,"color":"rgb(214,39,40)"},{"description":"Black","count":421,"tested":9748,"color":"rgb(255,127,14)"},{"description":"White","count":1968,"tested":23437,"color":"rgb(31,119,180)"},{"description":"Other","count":339,"tested":2703,"color":"rgb(148,103,189)"},{"description":"Left Blank","count":2216,"tested":33919,"color":"rgb(44,160,44)"},{"description":"NH/PI*","count":8,"tested":65,"color":"rgb(127,127,127)"},{"description":"AI/AN**","count":9,"tested":76,"color":"rgb(31,119,180)"}],"gender":[{"description":"Male","count":2837,"tested":31924,"color":"rgb(31,119,180)"},{"description":"Unknown/Left Blank","count":50,"tested":1360,"color":"rgb(44,160,44)"},{"description":"Female","count":3202,"tested":45594,"color":"rgb(255,127,14)"}]}
