{"age":[{"age_group":"<20","count":7,"tested":169},{"age_group":"20-29   ","count":13,"tested":132},{"age_group":"30-39   ","count":12,"tested":184},{"age_group":"40-49   ","count":24,"tested":172},{"age_group":"50-59   ","count":21,"tested":164},{"age_group":"60-69   ","count":10,"tested":109},{"age_group":"70-79   ","count":6,"tested":72}],"race":[{"description":"White","count":51,"tested":478,"color":"rgb(31,119,180)"},{"description":"Left Blank","count":40,"tested":519,"color":"rgb(44,160,44)"}],"gender":[{"description":"Male","count":47,"tested":441,"color":"rgb(31,119,180)"},{"description":"Female","count":49,"tested":564,"color":"rgb(255,127,14)"}]}
