{"age":[{"age_group":"<20","count":670,"tested":9231},{"age_group":"20-29   ","count":609,"tested":6908},{"age_group":"30-39   ","count":592,"tested":6795},{"age_group":"40-49   ","count":675,"tested":6977},{"age_group":"50-59   ","count":593,"tested":6536},{"age_group":"60-69   ","count":280,"tested":3867},{"age_group":"70-79   ","count":143,"tested":2437},{"age_group":"80+","count":137,"tested":2200}],"race":[{"description":"Black","count":236,"tested":2599,"color":"rgb(255,127,14)"},{"description":"White","count":1636,"tested":18461,"color":"rgb(31,119,180)"},{"description":"Asian","count":85,"tested":899,"color":"rgb(140,86,75)"},{"description":"Other","count":118,"tested":1441,"color":"rgb(148,103,189)"},{"description":"Hispanic","count":635,"tested":4253,"color":"rgb(214,39,40)"},{"description":"Left Blank","count":985,"tested":17235,"color":"rgb(44,160,44)"}],"gender":[{"description":"Male","count":1762,"tested":19430,"color":"rgb(31,119,180)"},{"description":"Female","count":1916,"tested":24841,"color":"rgb(255,127,14)"},{"description":"Unknown/Left Blank","count":21,"tested":681,"color":"rgb(44,160,44)"}]}
