{"age":[{"age_group":"<20","count":94,"tested":962},{"age_group":"20-29   ","count":131,"tested":1426},{"age_group":"30-39   ","count":97,"tested":1158},{"age_group":"40-49   ","count":131,"tested":1699},{"age_group":"50-59   ","count":144,"tested":1819},{"age_group":"60-69   ","count":138,"tested":1431},{"age_group":"70-79   ","count":49,"tested":738},{"age_group":"80+","count":27,"tested":377}],"race":[{"description":"Other","count":25,"tested":301,"color":"rgb(148,103,189)"},{"description":"Black","count":119,"tested":1328,"color":"rgb(255,127,14)"},{"description":"White","count":371,"tested":4141,"color":"rgb(31,119,180)"},{"description":"Left Blank","count":223,"tested":3163,"color":"rgb(44,160,44)"},{"description":"Hispanic","count":64,"tested":455,"color":"rgb(214,39,40)"}],"gender":[{"description":"Female","count":417,"tested":5633,"color":"rgb(255,127,14)"},{"description":"Male","count":391,"tested":3846,"color":"rgb(31,119,180)"}]}
