{"age":[{"age_group":"<20","count":520,"tested":3179},{"age_group":"20-29   ","count":673,"tested":5861},{"age_group":"30-39   ","count":591,"tested":4437},{"age_group":"40-49   ","count":508,"tested":4598},{"age_group":"50-59   ","count":459,"tested":4708},{"age_group":"60-69   ","count":339,"tested":4057},{"age_group":"70-79   ","count":164,"tested":2906},{"age_group":"80+","count":92,"tested":2259}],"race":[{"description":"White","count":986,"tested":8905,"color":"rgb(31,119,180)"},{"description":"Left Blank","count":934,"tested":14712,"color":"rgb(44,160,44)"},{"description":"Hispanic","count":1123,"tested":5580,"color":"rgb(214,39,40)"},{"description":"Other","count":153,"tested":1309,"color":"rgb(148,103,189)"},{"description":"Asian","count":69,"tested":524,"color":"rgb(140,86,75)"},{"description":"Black","count":75,"tested":910,"color":"rgb(255,127,14)"}],"gender":[{"description":"Female","count":1761,"tested":18322,"color":"rgb(255,127,14)"},{"description":"Male","count":1580,"tested":13307,"color":"rgb(31,119,180)"}]}
