{"age":[{"age_group":"<20","count":30,"tested":252},{"age_group":"20-29   ","count":32,"tested":216},{"age_group":"30-39   ","count":24,"tested":202},{"age_group":"40-49   ","count":19,"tested":241},{"age_group":"50-59   ","count":36,"tested":205},{"age_group":"60-69   ","count":13,"tested":141},{"age_group":"70-79   ","count":11,"tested":73}],"race":[{"description":"Left Blank","count":61,"tested":659,"color":"rgb(44,160,44)"},{"description":"Hispanic","count":10,"tested":52,"color":"rgb(214,39,40)"},{"description":"White","count":96,"tested":641,"color":"rgb(31,119,180)"}],"gender":[{"description":"Male","count":84,"tested":528,"color":"rgb(31,119,180)"},{"description":"Female","count":85,"tested":807,"color":"rgb(255,127,14)"}]}
