{"age":[{"age_group":"<20","count":190,"tested":2155},{"age_group":"20-29   ","count":176,"tested":2456},{"age_group":"30-39   ","count":217,"tested":2474},{"age_group":"40-49   ","count":193,"tested":2417},{"age_group":"50-59   ","count":162,"tested":2431},{"age_group":"60-69   ","count":126,"tested":1897},{"age_group":"70-79   ","count":59,"tested":823},{"age_group":"80+","count":28,"tested":508}],"race":[{"description":"White","count":47,"tested":768,"color":"rgb(31,119,180)"},{"description":"Other","count":29,"tested":284,"color":"rgb(148,103,189)"},{"description":"Left Blank","count":351,"tested":5722,"color":"rgb(44,160,44)"},{"description":"Black","count":570,"tested":7391,"color":"rgb(255,127,14)"},{"description":"Hispanic","count":150,"tested":952,"color":"rgb(214,39,40)"}],"gender":[{"description":"Male","count":496,"tested":5814,"color":"rgb(31,119,180)"},{"description":"Female","count":652,"tested":8909,"color":"rgb(255,127,14)"}]}
