{"age":[{"age_group":"<20","count":183,"tested":1843},{"age_group":"20-29   ","count":215,"tested":2487},{"age_group":"30-39   ","count":188,"tested":2273},{"age_group":"40-49   ","count":181,"tested":2000},{"age_group":"50-59   ","count":172,"tested":2781},{"age_group":"60-69   ","count":149,"tested":2629},{"age_group":"70-79   ","count":75,"tested":1645},{"age_group":"80+","count":57,"tested":1067}],"race":[{"description":"Hispanic","count":162,"tested":954,"color":"rgb(214,39,40)"},{"description":"Left Blank","count":217,"tested":8781,"color":"rgb(44,160,44)"},{"description":"White","count":712,"tested":5727,"color":"rgb(31,119,180)"},{"description":"Other","count":48,"tested":323,"color":"rgb(148,103,189)"},{"description":"Asian","count":61,"tested":731,"color":"rgb(140,86,75)"},{"description":"Black","count":18,"tested":207,"color":"rgb(255,127,14)"}],"gender":[{"description":"Female","count":606,"tested":9345,"color":"rgb(255,127,14)"},{"description":"Male","count":610,"tested":6950,"color":"rgb(31,119,180)"}]}
