{"age":[{"age_group":"<20","count":826,"tested":9583},{"age_group":"20-29   ","count":890,"tested":12561},{"age_group":"30-39   ","count":850,"tested":12345},{"age_group":"40-49   ","count":710,"tested":11783},{"age_group":"50-59   ","count":673,"tested":12044},{"age_group":"60-69   ","count":534,"tested":10140},{"age_group":"70-79   ","count":217,"tested":4608},{"age_group":"80+","count":161,"tested":2968}],"race":[{"description":"Hispanic","count":936,"tested":4875,"color":"rgb(214,39,40)"},{"description":"Asian","count":450,"tested":4459,"color":"rgb(140,86,75)"},{"description":"Left Blank","count":1264,"tested":42814,"color":"rgb(44,160,44)"},{"description":"White","count":1236,"tested":14318,"color":"rgb(31,119,180)"},{"description":"Black","count":494,"tested":5805,"color":"rgb(255,127,14)"},{"description":"NH/PI*","count":6,"tested":110,"color":"rgb(127,127,127)"},{"description":"Other","count":465,"tested":3555,"color":"rgb(148,103,189)"},{"description":"AI/AN**","count":10,"tested":122,"color":"rgb(31,119,180)"}],"gender":[{"description":"Unknown/Left Blank","count":39,"tested":2849,"color":"rgb(44,160,44)"},{"description":"Male","count":2376,"tested":32036,"color":"rgb(31,119,180)"},{"description":"Female","count":2446,"tested":41173,"color":"rgb(255,127,14)"}]}
