{"age":[{"age_group":"<20","count":612,"tested":5608},{"age_group":"20-29   ","count":657,"tested":7848},{"age_group":"30-39   ","count":595,"tested":7922},{"age_group":"40-49   ","count":605,"tested":7542},{"age_group":"50-59   ","count":492,"tested":7570},{"age_group":"60-69   ","count":310,"tested":6511},{"age_group":"70-79   ","count":150,"tested":2813},{"age_group":"80+","count":123,"tested":1557}],"race":[{"description":"Other","count":98,"tested":1123,"color":"rgb(148,103,189)"},{"description":"Black","count":563,"tested":6526,"color":"rgb(255,127,14)"},{"description":"White","count":585,"tested":6711,"color":"rgb(31,119,180)"},{"description":"Asian","count":39,"tested":688,"color":"rgb(140,86,75)"},{"description":"Left Blank","count":825,"tested":23803,"color":"rgb(44,160,44)"},{"description":"NH/PI*","count":6,"tested":72,"color":"rgb(127,127,127)"},{"description":"Hispanic","count":1426,"tested":8414,"color":"rgb(214,39,40)"}],"gender":[{"description":"Unknown/Left Blank","count":79,"tested":424,"color":"rgb(44,160,44)"},{"description":"Male","count":1624,"tested":17839,"color":"rgb(31,119,180)"},{"description":"Female","count":1842,"tested":29122,"color":"rgb(255,127,14)"}]}
