{"age":[{"age_group":"<20","count":431,"tested":5014},{"age_group":"20-29   ","count":485,"tested":4851},{"age_group":"30-39   ","count":450,"tested":4827},{"age_group":"40-49   ","count":387,"tested":4214},{"age_group":"50-59   ","count":402,"tested":4197},{"age_group":"60-69   ","count":345,"tested":3812},{"age_group":"70-79   ","count":168,"tested":1962},{"age_group":"80+","count":196,"tested":2512}],"race":[{"description":"Asian","count":11,"tested":179,"color":"rgb(140,86,75)"},{"description":"Black","count":102,"tested":1103,"color":"rgb(255,127,14)"},{"description":"Other","count":226,"tested":1200,"color":"rgb(148,103,189)"},{"description":"Hispanic","count":272,"tested":1814,"color":"rgb(214,39,40)"},{"description":"Left Blank","count":624,"tested":13781,"color":"rgb(44,160,44)"},{"description":"White","count":1628,"tested":13405,"color":"rgb(31,119,180)"}],"gender":[{"description":"Female","count":1538,"tested":18509,"color":"rgb(255,127,14)"},{"description":"Male","count":1255,"tested":10681,"color":"rgb(31,119,180)"},{"description":"Unknown/Left Blank","count":72,"tested":2313,"color":"rgb(44,160,44)"}]}
