{"age":[{"age_group":"<20","count":180,"tested":1473},{"age_group":"20-29   ","count":283,"tested":2711},{"age_group":"30-39   ","count":221,"tested":2555},{"age_group":"40-49   ","count":194,"tested":2196},{"age_group":"50-59   ","count":146,"tested":2242},{"age_group":"60-69   ","count":149,"tested":2340},{"age_group":"70-79   ","count":76,"tested":2603},{"age_group":"80+","count":74,"tested":2783}],"race":[{"description":"Asian","count":26,"tested":367,"color":"rgb(140,86,75)"},{"description":"White","count":456,"tested":6179,"color":"rgb(31,119,180)"},{"description":"Black","count":116,"tested":3313,"color":"rgb(255,127,14)"},{"description":"Other","count":87,"tested":655,"color":"rgb(148,103,189)"},{"description":"Hispanic","count":144,"tested":1231,"color":"rgb(214,39,40)"},{"description":"Left Blank","count":489,"tested":7087,"color":"rgb(44,160,44)"}],"gender":[{"description":"Male","count":621,"tested":7503,"color":"rgb(31,119,180)"},{"description":"Female","count":691,"tested":10970,"color":"rgb(255,127,14)"},{"description":"Unknown/Left Blank","count":11,"tested":433,"color":"rgb(44,160,44)"}]}
