{"age":[{"age_group":"<20","count":200,"tested":2064},{"age_group":"20-29   ","count":213,"tested":3903},{"age_group":"30-39   ","count":184,"tested":3431},{"age_group":"40-49   ","count":198,"tested":3952},{"age_group":"50-59   ","count":269,"tested":4216},{"age_group":"60-69   ","count":226,"tested":4535},{"age_group":"70-79   ","count":130,"tested":3160},{"age_group":"80+","count":151,"tested":5851}],"race":[{"description":"White","count":504,"tested":9329,"color":"rgb(31,119,180)"},{"description":"Left Blank","count":534,"tested":12472,"color":"rgb(44,160,44)"},{"description":"Other","count":42,"tested":590,"color":"rgb(148,103,189)"},{"description":"Black","count":355,"tested":7732,"color":"rgb(255,127,14)"},{"description":"Hispanic","count":128,"tested":817,"color":"rgb(214,39,40)"}],"gender":[{"description":"Female","count":852,"tested":20080,"color":"rgb(255,127,14)"},{"description":"Unknown/Left Blank","count":14,"tested":579,"color":"rgb(44,160,44)"},{"description":"Male","count":705,"tested":10457,"color":"rgb(31,119,180)"}]}
