{"age":[{"age_group":"<20","count":332,"tested":3440},{"age_group":"20-29   ","count":289,"tested":3243},{"age_group":"30-39   ","count":336,"tested":4345},{"age_group":"40-49   ","count":361,"tested":4231},{"age_group":"50-59   ","count":252,"tested":3431},{"age_group":"60-69   ","count":202,"tested":3289},{"age_group":"70-79   ","count":65,"tested":1782},{"age_group":"80+","count":43,"tested":2757}],"race":[{"description":"Black","count":45,"tested":527,"color":"rgb(255,127,14)"},{"description":"Asian","count":21,"tested":394,"color":"rgb(140,86,75)"},{"description":"White","count":737,"tested":9807,"color":"rgb(31,119,180)"},{"description":"Hispanic","count":407,"tested":2647,"color":"rgb(214,39,40)"},{"description":"Other","count":90,"tested":1168,"color":"rgb(148,103,189)"},{"description":"Left Blank","count":576,"tested":11938,"color":"rgb(44,160,44)"}],"gender":[{"description":"Female","count":967,"tested":15042,"color":"rgb(255,127,14)"},{"description":"Male","count":899,"tested":10927,"color":"rgb(31,119,180)"},{"description":"Unknown/Left Blank","count":14,"tested":553,"color":"rgb(44,160,44)"}]}
