{"lastUpdatedDate":{"year":2021,"month":7,"day":9},"county_demographics":[{"County":"Bureau","confirmed_cases":3802,"total_tested":51063,"demographics":{"age":[{"race":[],"age_group":"<20","count":525,"tested":5901,"deaths":0},{"race":[],"age_group":"20-29   ","count":525,"tested":7464,"deaths":0},{"race":[],"age_group":"30-39   ","count":565,"tested":7922,"deaths":0},{"race":[],"age_group":"40-49   ","count":568,"tested":7302,"deaths":0},{"race":[],"age_group":"50-59   ","count":623,"tested":8733,"deaths":0},{"race":[],"age_group":"60-69   ","count":446,"tested":6611,"deaths":0},{"race":[],"age_group":"70-79   ","count":297,"tested":3438,"deaths":0},{"race":[],"age_group":"80+","count":253,"tested":3690,"deaths":0},{"race":[],"age_group":"Unknown","count":0,"tested":0,"deaths":0}],"race":[{"description":"AI/AN**","count":0,"tested":9,"deaths":0,"color":"rgb(31,119,180)"},{"description":"Asian","count":7,"tested":242,"deaths":0,"color":"rgb(140,86,75)"},{"description":"Black","count":18,"tested":229,"deaths":0,"color":"rgb(255,127,14)"},{"description":"Hispanic","count":256,"tested":1458,"deaths":0,"color":"rgb(214,39,40)"},{"description":"Left Blank","count":1437,"tested":26801,"deaths":0,"color":"rgb(44,160,44)"},{"description":"NH/PI*","count":0,"tested":147,"deaths":0,"color":"rgb(127,127,127)"},{"description":"Other","count":90,"tested":478,"deaths":0,"color":"rgb(148,103,189)"},{"description":"White","count":1988,"tested":21699,"deaths":0,"color":"rgb(31,119,180)"}],"gender":[{"description":"Female","count":2004,"tested":30638,"deaths":0,"color":"rgb(255,127,14)"},{"description":"Male","count":1748,"tested":15207,"deaths":0,"color":"rgb(31,119,180)"},{"description":"Unknown/Left Blank","count":50,"tested":5218,"deaths":0,"color":"rgb(44,160,44)"}]}}]}
