{"lastUpdatedDate":{"year":2021,"month":7,"day":9},"county_demographics":[{"County":"Clark","confirmed_cases":1872,"total_tested":19087,"demographics":{"age":[{"race":[],"age_group":"<20","count":353,"tested":3087,"deaths":0},{"race":[],"age_group":"20-29   ","count":250,"tested":2200,"deaths":0},{"race":[],"age_group":"30-39   ","count":271,"tested":2875,"deaths":0},{"race":[],"age_group":"40-49   ","count":242,"tested":2342,"deaths":0},{"race":[],"age_group":"50-59   ","count":262,"tested":2600,"deaths":0},{"race":[],"age_group":"60-69   ","count":213,"tested":2422,"deaths":0},{"race":[],"age_group":"70-79   ","count":127,"tested":1481,"deaths":0},{"race":[],"age_group":"80+","count":154,"tested":2057,"deaths":0},{"race":[],"age_group":"Unknown","count":0,"tested":23,"deaths":0}],"race":[{"description":"AI/AN**","count":0,"tested":0,"deaths":0,"color":"rgb(31,119,180)"},{"description":"Asian","count":0,"tested":13,"deaths":0,"color":"rgb(140,86,75)"},{"description":"Black","count":0,"tested":40,"deaths":0,"color":"rgb(255,127,14)"},{"description":"Hispanic","count":9,"tested":49,"deaths":0,"color":"rgb(214,39,40)"},{"description":"Left Blank","count":348,"tested":7868,"deaths":0,"color":"rgb(44,160,44)"},{"description":"Other","count":8,"tested":280,"deaths":0,"color":"rgb(148,103,189)"},{"description":"White","count":1497,"tested":10833,"deaths":0,"color":"rgb(31,119,180)"}],"gender":[{"description":"Female","count":888,"tested":11847,"deaths":0,"color":"rgb(255,127,14)"},{"description":"Male","count":629,"tested":6405,"deaths":0,"color":"rgb(31,119,180)"},{"description":"Unknown/Left Blank","count":355,"tested":835,"deaths":0,"color":"rgb(44,160,44)"}]}}]}
