{"lastUpdatedDate":{"year":2021,"month":7,"day":9},"county_demographics":[{"County":"DuPage","confirmed_cases":92713,"total_tested":1477941,"demographics":{"age":[{"race":[],"age_group":"<20","count":16900,"tested":213365,"deaths":0},{"race":[],"age_group":"20-29   ","count":16111,"tested":233611,"deaths":0},{"race":[],"age_group":"30-39   ","count":14233,"tested":206810,"deaths":0},{"race":[],"age_group":"40-49   ","count":13980,"tested":188181,"deaths":0},{"race":[],"age_group":"50-59   ","count":14263,"tested":213152,"deaths":0},{"race":[],"age_group":"60-69   ","count":9355,"tested":181864,"deaths":0},{"race":[],"age_group":"70-79   ","count":4293,"tested":107883,"deaths":0},{"race":[],"age_group":"80+","count":3573,"tested":131902,"deaths":0},{"race":[],"age_group":"Unknown","count":0,"tested":1173,"deaths":0}],"race":[{"description":"AI/AN**","count":141,"tested":1891,"deaths":0,"color":"rgb(31,119,180)"},{"description":"Asian","count":6071,"tested":78644,"deaths":0,"color":"rgb(140,86,75)"},{"description":"Black","count":4082,"tested":49361,"deaths":0,"color":"rgb(255,127,14)"},{"description":"Hispanic","count":16888,"tested":87019,"deaths":0,"color":"rgb(214,39,40)"},{"description":"Left Blank","count":16557,"tested":710631,"deaths":0,"color":"rgb(44,160,44)"},{"description":"NH/PI*","count":110,"tested":1254,"deaths":0,"color":"rgb(127,127,127)"},{"description":"Other","count":2956,"tested":44536,"deaths":0,"color":"rgb(148,103,189)"},{"description":"White","count":45908,"tested":504605,"deaths":0,"color":"rgb(31,119,180)"}],"gender":[{"description":"Female","count":47170,"tested":832398,"deaths":0,"color":"rgb(255,127,14)"},{"description":"Male","count":44998,"tested":616313,"deaths":0,"color":"rgb(31,119,180)"},{"description":"Unknown/Left Blank","count":545,"tested":29230,"deaths":0,"color":"rgb(44,160,44)"}]}}]}
