{"lastUpdatedDate":{"year":2021,"month":7,"day":9},"county_demographics":[{"County":"Morgan","confirmed_cases":4018,"total_tested":69139,"demographics":{"age":[{"race":[],"age_group":"<20","count":516,"tested":6958,"deaths":0},{"race":[],"age_group":"20-29   ","count":679,"tested":12171,"deaths":0},{"race":[],"age_group":"30-39   ","count":598,"tested":11072,"deaths":0},{"race":[],"age_group":"40-49   ","count":606,"tested":9571,"deaths":0},{"race":[],"age_group":"50-59   ","count":632,"tested":9531,"deaths":0},{"race":[],"age_group":"60-69   ","count":449,"tested":7558,"deaths":0},{"race":[],"age_group":"70-79   ","count":282,"tested":5065,"deaths":0},{"race":[],"age_group":"80+","count":256,"tested":6317,"deaths":0},{"race":[],"age_group":"Unknown","count":0,"tested":896,"deaths":0}],"race":[{"description":"AI/AN**","count":0,"tested":21,"deaths":0,"color":"rgb(31,119,180)"},{"description":"Asian","count":9,"tested":310,"deaths":0,"color":"rgb(140,86,75)"},{"description":"Black","count":328,"tested":2424,"deaths":0,"color":"rgb(255,127,14)"},{"description":"Hispanic","count":65,"tested":453,"deaths":0,"color":"rgb(214,39,40)"},{"description":"Left Blank","count":1846,"tested":37085,"deaths":0,"color":"rgb(44,160,44)"},{"description":"NH/PI*","count":0,"tested":34,"deaths":0,"color":"rgb(127,127,127)"},{"description":"Other","count":30,"tested":751,"deaths":0,"color":"rgb(148,103,189)"},{"description":"White","count":1734,"tested":28061,"deaths":0,"color":"rgb(31,119,180)"}],"gender":[{"description":"Female","count":1703,"tested":36639,"deaths":0,"color":"rgb(255,127,14)"},{"description":"Male","count":1858,"tested":25606,"deaths":0,"color":"rgb(31,119,180)"},{"description":"Unknown/Left Blank","count":457,"tested":6894,"deaths":0,"color":"rgb(44,160,44)"}]}}]}
