{"lastUpdatedDate":{"year":2021,"month":7,"day":9},"county_demographics":[{"County":"Hamilton","confirmed_cases":853,"total_tested":9516,"demographics":{"age":[{"race":[],"age_group":"<20","count":97,"tested":1094,"deaths":0},{"race":[],"age_group":"20-29   ","count":112,"tested":1266,"deaths":0},{"race":[],"age_group":"30-39   ","count":131,"tested":1290,"deaths":0},{"race":[],"age_group":"40-49   ","count":115,"tested":1674,"deaths":0},{"race":[],"age_group":"50-59   ","count":143,"tested":1653,"deaths":0},{"race":[],"age_group":"60-69   ","count":107,"tested":1138,"deaths":0},{"race":[],"age_group":"70-79   ","count":63,"tested":683,"deaths":0},{"race":[],"age_group":"80+","count":63,"tested":715,"deaths":0},{"race":[],"age_group":"Unknown","count":0,"tested":0,"deaths":0}],"race":[{"description":"AI/AN**","count":0,"tested":0,"deaths":0,"color":"rgb(31,119,180)"},{"description":"Asian","count":0,"tested":8,"deaths":0,"color":"rgb(140,86,75)"},{"description":"Black","count":0,"tested":28,"deaths":0,"color":"rgb(255,127,14)"},{"description":"Hispanic","count":8,"tested":79,"deaths":0,"color":"rgb(214,39,40)"},{"description":"Left Blank","count":259,"tested":4114,"deaths":0,"color":"rgb(44,160,44)"},{"description":"NH/PI*","count":0,"tested":0,"deaths":0,"color":"rgb(127,127,127)"},{"description":"Other","count":0,"tested":103,"deaths":0,"color":"rgb(148,103,189)"},{"description":"White","count":580,"tested":5180,"deaths":0,"color":"rgb(31,119,180)"}],"gender":[{"description":"Female","count":463,"tested":5625,"deaths":0,"color":"rgb(255,127,14)"},{"description":"Male","count":351,"tested":2910,"deaths":0,"color":"rgb(31,119,180)"},{"description":"Unknown/Left Blank","count":39,"tested":981,"deaths":0,"color":"rgb(44,160,44)"}]}}]}
