{"age":[{"age_group":"<20","count":149,"tested":1421},{"age_group":"20-29   ","count":135,"tested":1634},{"age_group":"30-39   ","count":190,"tested":1611},{"age_group":"40-49   ","count":160,"tested":1437},{"age_group":"50-59   ","count":176,"tested":1524},{"age_group":"60-69   ","count":119,"tested":1392},{"age_group":"70-79   ","count":58,"tested":936},{"age_group":"80+","count":38,"tested":726}],"race":[{"description":"White","count":546,"tested":5465,"color":"rgb(31,119,180)"},{"description":"Hispanic","count":202,"tested":806,"color":"rgb(214,39,40)"},{"description":"Left Blank","count":249,"tested":4100,"color":"rgb(44,160,44)"},{"description":"Other","count":16,"tested":180,"color":"rgb(148,103,189)"}],"gender":[{"description":"Female","count":550,"tested":6381,"color":"rgb(255,127,14)"},{"description":"Male","count":473,"tested":4175,"color":"rgb(31,119,180)"}]}
