{"age":[{"age_group":"<20","count":751,"tested":5672},{"age_group":"20-29   ","count":729,"tested":6128},{"age_group":"30-39   ","count":608,"tested":5052},{"age_group":"40-49   ","count":681,"tested":5079},{"age_group":"50-59   ","count":622,"tested":5196},{"age_group":"60-69   ","count":377,"tested":3919},{"age_group":"70-79   ","count":223,"tested":2929},{"age_group":"80+","count":150,"tested":3205}],"race":[{"description":"Other","count":56,"tested":468,"color":"rgb(148,103,189)"},{"description":"Left Blank","count":336,"tested":19753,"color":"rgb(44,160,44)"},{"description":"Hispanic","count":1748,"tested":3872,"color":"rgb(214,39,40)"},{"description":"White","count":1892,"tested":12326,"color":"rgb(31,119,180)"},{"description":"Asian","count":29,"tested":163,"color":"rgb(140,86,75)"},{"description":"Black","count":74,"tested":576,"color":"rgb(255,127,14)"}],"gender":[{"description":"Male","count":1926,"tested":14190,"color":"rgb(31,119,180)"},{"description":"Unknown/Left Blank","count":7,"tested":629,"color":"rgb(44,160,44)"},{"description":"Female","count":2209,"tested":22370,"color":"rgb(255,127,14)"}]}
