{"age":[{"age_group":"<20","count":295,"tested":3242},{"age_group":"20-29   ","count":334,"tested":5105},{"age_group":"30-39   ","count":244,"tested":3609},{"age_group":"40-49   ","count":291,"tested":3225},{"age_group":"50-59   ","count":236,"tested":3602},{"age_group":"60-69   ","count":161,"tested":2845},{"age_group":"70-79   ","count":109,"tested":1928},{"age_group":"80+","count":61,"tested":1236}],"race":[{"description":"AI/AN**","count":6,"tested":18,"color":"rgb(31,119,180)"},{"description":"Hispanic","count":440,"tested":1842,"color":"rgb(214,39,40)"},{"description":"Asian","count":6,"tested":61,"color":"rgb(140,86,75)"},{"description":"White","count":571,"tested":6251,"color":"rgb(31,119,180)"},{"description":"Black","count":523,"tested":4427,"color":"rgb(255,127,14)"},{"description":"Other","count":27,"tested":345,"color":"rgb(148,103,189)"},{"description":"Left Blank","count":157,"tested":11847,"color":"rgb(44,160,44)"}],"gender":[{"description":"Female","count":953,"tested":13341,"color":"rgb(255,127,14)"},{"description":"Male","count":759,"tested":10749,"color":"rgb(31,119,180)"},{"description":"Unknown/Left Blank","count":19,"tested":704,"color":"rgb(44,160,44)"}]}
