{"age":[{"age_group":"<20","count":18,"tested":294},{"age_group":"20-29   ","count":64,"tested":1152},{"age_group":"30-39   ","count":45,"tested":933},{"age_group":"40-49   ","count":25,"tested":530},{"age_group":"50-59   ","count":18,"tested":489},{"age_group":"60-69   ","count":10,"tested":309},{"age_group":"70-79   ","count":7,"tested":249}],"race":[{"description":"Black","count":32,"tested":522,"color":"rgb(255,127,14)"},{"description":"Asian","count":13,"tested":208,"color":"rgb(140,86,75)"},{"description":"Hispanic","count":20,"tested":177,"color":"rgb(214,39,40)"},{"description":"Left Blank","count":42,"tested":1596,"color":"rgb(44,160,44)"},{"description":"Other","count":13,"tested":243,"color":"rgb(148,103,189)"},{"description":"White","count":69,"tested":1287,"color":"rgb(31,119,180)"}],"gender":[{"description":"Female","count":95,"tested":2142,"color":"rgb(255,127,14)"},{"description":"Male","count":93,"tested":1668,"color":"rgb(31,119,180)"}]}
