{"age":[{"age_group":"<20","count":77,"tested":1758},{"age_group":"20-29   ","count":724,"tested":15973},{"age_group":"30-39   ","count":500,"tested":11737},{"age_group":"40-49   ","count":185,"tested":4470},{"age_group":"50-59   ","count":205,"tested":4817},{"age_group":"60-69   ","count":171,"tested":4386},{"age_group":"70-79   ","count":117,"tested":3314},{"age_group":"80+","count":117,"tested":2954}],"race":[{"description":"NH/PI*","count":7,"tested":35,"color":"rgb(127,127,127)"},{"description":"Black","count":83,"tested":1636,"color":"rgb(255,127,14)"},{"description":"Asian","count":166,"tested":4903,"color":"rgb(140,86,75)"},{"description":"Other","count":198,"tested":2682,"color":"rgb(148,103,189)"},{"description":"Left Blank","count":432,"tested":18820,"color":"rgb(44,160,44)"},{"description":"White","count":1086,"tested":20013,"color":"rgb(31,119,180)"},{"description":"Hispanic","count":123,"tested":1228,"color":"rgb(214,39,40)"}],"gender":[{"description":"Female","count":1077,"tested":26679,"color":"rgb(255,127,14)"},{"description":"Male","count":971,"tested":21992,"color":"rgb(31,119,180)"},{"description":"Unknown/Left Blank","count":48,"tested":741,"color":"rgb(44,160,44)"}]}
