{"age":[{"age_group":"<20","count":810,"tested":5471},{"age_group":"20-29   ","count":862,"tested":6446},{"age_group":"30-39   ","count":720,"tested":5458},{"age_group":"40-49   ","count":852,"tested":5549},{"age_group":"50-59   ","count":625,"tested":4749},{"age_group":"60-69   ","count":299,"tested":2999},{"age_group":"70-79   ","count":108,"tested":1196},{"age_group":"80+","count":39,"tested":502}],"race":[{"description":"Left Blank","count":1225,"tested":14540,"color":"rgb(44,160,44)"},{"description":"Hispanic","count":1998,"tested":7235,"color":"rgb(214,39,40)"},{"description":"White","count":808,"tested":7939,"color":"rgb(31,119,180)"},{"description":"Asian","count":69,"tested":844,"color":"rgb(140,86,75)"},{"description":"Black","count":116,"tested":1024,"color":"rgb(255,127,14)"},{"description":"Other","count":94,"tested":733,"color":"rgb(148,103,189)"}],"gender":[{"description":"Female","count":2209,"tested":18640,"color":"rgb(255,127,14)"},{"description":"Male","count":2075,"tested":13268,"color":"rgb(31,119,180)"},{"description":"Unknown/Left Blank","count":31,"tested":470,"color":"rgb(44,160,44)"}]}
