{"age":[{"age_group":"<20","count":40,"tested":521},{"age_group":"20-29   ","count":43,"tested":451},{"age_group":"30-39   ","count":30,"tested":277},{"age_group":"40-49   ","count":37,"tested":251},{"age_group":"50-59   ","count":41,"tested":333},{"age_group":"60-69   ","count":30,"tested":301},{"age_group":"70-79   ","count":14,"tested":130},{"age_group":"80+","count":7,"tested":63}],"race":[{"description":"Hispanic","count":19,"tested":86,"color":"rgb(214,39,40)"},{"description":"Left Blank","count":81,"tested":1174,"color":"rgb(44,160,44)"},{"description":"White","count":141,"tested":1039,"color":"rgb(31,119,180)"}],"gender":[{"description":"Male","count":108,"tested":826,"color":"rgb(31,119,180)"},{"description":"Unknown/Left Blank","count":7,"tested":35,"color":"rgb(44,160,44)"},{"description":"Female","count":127,"tested":1466,"color":"rgb(255,127,14)"}]}
