{"age":[{"age_group":"<20","count":692,"tested":4459},{"age_group":"20-29   ","count":903,"tested":6974},{"age_group":"30-39   ","count":822,"tested":5843},{"age_group":"40-49   ","count":800,"tested":5245},{"age_group":"50-59   ","count":698,"tested":5506},{"age_group":"60-69   ","count":486,"tested":4364},{"age_group":"70-79   ","count":197,"tested":2481},{"age_group":"80+","count":118,"tested":1995}],"race":[{"description":"Black","count":91,"tested":757,"color":"rgb(255,127,14)"},{"description":"Hispanic","count":1997,"tested":5849,"color":"rgb(214,39,40)"},{"description":"Asian","count":194,"tested":1090,"color":"rgb(140,86,75)"},{"description":"White","count":1259,"tested":8535,"color":"rgb(31,119,180)"},{"description":"Left Blank","count":960,"tested":18663,"color":"rgb(44,160,44)"},{"description":"Other","count":206,"tested":1901,"color":"rgb(148,103,189)"}],"gender":[{"description":"Female","count":2366,"tested":20062,"color":"rgb(255,127,14)"},{"description":"Unknown/Left Blank","count":24,"tested":449,"color":"rgb(44,160,44)"},{"description":"Male","count":2327,"tested":16364,"color":"rgb(31,119,180)"}]}
