{"age":[{"age_group":"<20","count":980,"tested":8122},{"age_group":"20-29   ","count":1247,"tested":13683},{"age_group":"30-39   ","count":939,"tested":10093},{"age_group":"40-49   ","count":1012,"tested":10465},{"age_group":"50-59   ","count":846,"tested":10632},{"age_group":"60-69   ","count":525,"tested":8302},{"age_group":"70-79   ","count":257,"tested":4285},{"age_group":"80+","count":182,"tested":3923}],"race":[{"description":"Hispanic","count":2685,"tested":14565,"color":"rgb(214,39,40)"},{"description":"White","count":1212,"tested":18867,"color":"rgb(31,119,180)"},{"description":"Left Blank","count":1294,"tested":25830,"color":"rgb(44,160,44)"},{"description":"AI/AN**","count":8,"tested":59,"color":"rgb(31,119,180)"},{"description":"Other","count":223,"tested":2677,"color":"rgb(148,103,189)"},{"description":"Asian","count":127,"tested":867,"color":"rgb(140,86,75)"},{"description":"Black","count":436,"tested":6606,"color":"rgb(255,127,14)"}],"gender":[{"description":"Male","count":2883,"tested":30015,"color":"rgb(31,119,180)"},{"description":"Female","count":3089,"tested":38415,"color":"rgb(255,127,14)"},{"description":"Unknown/Left Blank","count":18,"tested":1093,"color":"rgb(44,160,44)"}]}
