{"age":[{"age_group":"<20","count":452,"tested":4485},{"age_group":"20-29   ","count":312,"tested":3538},{"age_group":"30-39   ","count":245,"tested":2905},{"age_group":"40-49   ","count":472,"tested":4502},{"age_group":"50-59   ","count":351,"tested":4313},{"age_group":"60-69   ","count":126,"tested":1869},{"age_group":"70-79   ","count":62,"tested":1285},{"age_group":"80+","count":53,"tested":1494}],"race":[{"description":"NH/PI*","count":8,"tested":33,"color":"rgb(127,127,127)"},{"description":"Black","count":94,"tested":1143,"color":"rgb(255,127,14)"},{"description":"Hispanic","count":183,"tested":1219,"color":"rgb(214,39,40)"},{"description":"Asian","count":83,"tested":1251,"color":"rgb(140,86,75)"},{"description":"White","count":906,"tested":8886,"color":"rgb(31,119,180)"},{"description":"Left Blank","count":724,"tested":10869,"color":"rgb(44,160,44)"},{"description":"Other","count":75,"tested":984,"color":"rgb(148,103,189)"}],"gender":[{"description":"Female","count":1068,"tested":13461,"color":"rgb(255,127,14)"},{"description":"Unknown/Left Blank","count":17,"tested":258,"color":"rgb(44,160,44)"},{"description":"Male","count":988,"tested":10673,"color":"rgb(31,119,180)"}]}
