{"age":[{"age_group":"<20","count":1069,"tested":12871},{"age_group":"20-29   ","count":1613,"tested":25067},{"age_group":"30-39   ","count":1767,"tested":31624},{"age_group":"40-49   ","count":1340,"tested":18246},{"age_group":"50-59   ","count":954,"tested":12008},{"age_group":"60-69   ","count":580,"tested":7618},{"age_group":"70-79   ","count":275,"tested":3694},{"age_group":"80+","count":172,"tested":2807}],"race":[{"description":"AI/AN**","count":19,"tested":113,"color":"rgb(31,119,180)"},{"description":"NH/PI*","count":15,"tested":172,"color":"rgb(127,127,127)"},{"description":"Black","count":169,"tested":2742,"color":"rgb(255,127,14)"},{"description":"Asian","count":201,"tested":3739,"color":"rgb(140,86,75)"},{"description":"Hispanic","count":3293,"tested":19848,"color":"rgb(214,39,40)"},{"description":"Left Blank","count":1710,"tested":43812,"color":"rgb(44,160,44)"},{"description":"Other","count":426,"tested":5856,"color":"rgb(148,103,189)"},{"description":"White","count":1937,"tested":37684,"color":"rgb(31,119,180)"}],"gender":[{"description":"Female","count":3708,"tested":60340,"color":"rgb(255,127,14)"},{"description":"Male","count":3879,"tested":50623,"color":"rgb(31,119,180)"},{"description":"Unknown/Left Blank","count":183,"tested":3003,"color":"rgb(44,160,44)"}]}
