{"age":[{"age_group":"<20","count":493,"tested":4051},{"age_group":"20-29   ","count":674,"tested":6908},{"age_group":"30-39   ","count":536,"tested":5725},{"age_group":"40-49   ","count":541,"tested":5623},{"age_group":"50-59   ","count":576,"tested":5744},{"age_group":"60-69   ","count":437,"tested":5600},{"age_group":"70-79   ","count":260,"tested":4042},{"age_group":"80+","count":171,"tested":3565}],"race":[{"description":"Black","count":103,"tested":2227,"color":"rgb(255,127,14)"},{"description":"Asian","count":64,"tested":952,"color":"rgb(140,86,75)"},{"description":"White","count":1639,"tested":15767,"color":"rgb(31,119,180)"},{"description":"Other","count":155,"tested":1352,"color":"rgb(148,103,189)"},{"description":"Left Blank","count":1540,"tested":19589,"color":"rgb(44,160,44)"},{"description":"Hispanic","count":183,"tested":1284,"color":"rgb(214,39,40)"}],"gender":[{"description":"Male","count":1714,"tested":16128,"color":"rgb(31,119,180)"},{"description":"Female","count":1945,"tested":24470,"color":"rgb(255,127,14)"},{"description":"Unknown/Left Blank","count":31,"tested":674,"color":"rgb(44,160,44)"}]}
