{"age":[{"age_group":"<20","count":142,"tested":1652},{"age_group":"20-29   ","count":162,"tested":2014},{"age_group":"30-39   ","count":147,"tested":2309},{"age_group":"40-49   ","count":181,"tested":2148},{"age_group":"50-59   ","count":231,"tested":2786},{"age_group":"60-69   ","count":202,"tested":2604},{"age_group":"70-79   ","count":86,"tested":1300},{"age_group":"80+","count":36,"tested":702}],"race":[{"description":"Hispanic","count":24,"tested":193,"color":"rgb(214,39,40)"},{"description":"Left Blank","count":270,"tested":7692,"color":"rgb(44,160,44)"},{"description":"White","count":840,"tested":7165,"color":"rgb(31,119,180)"},{"description":"Other","count":17,"tested":318,"color":"rgb(148,103,189)"},{"description":"Black","count":27,"tested":107,"color":"rgb(255,127,14)"}],"gender":[{"description":"Male","count":573,"tested":6359,"color":"rgb(31,119,180)"},{"description":"Female","count":611,"tested":8875,"color":"rgb(255,127,14)"}]}
