{"age":[{"age_group":"<20","count":318,"tested":2595},{"age_group":"20-29   ","count":460,"tested":6908},{"age_group":"30-39   ","count":484,"tested":7724},{"age_group":"40-49   ","count":448,"tested":8653},{"age_group":"50-59   ","count":510,"tested":10050},{"age_group":"60-69   ","count":508,"tested":10705},{"age_group":"70-79   ","count":320,"tested":6371},{"age_group":"80+","count":468,"tested":9550}],"race":[{"description":"NH/PI*","count":16,"tested":154,"color":"rgb(127,127,127)"},{"description":"AI/AN**","count":10,"tested":62,"color":"rgb(31,119,180)"},{"description":"Left Blank","count":1110,"tested":38760,"color":"rgb(44,160,44)"},{"description":"Other","count":358,"tested":2254,"color":"rgb(148,103,189)"},{"description":"Black","count":54,"tested":897,"color":"rgb(255,127,14)"},{"description":"White","count":1197,"tested":12250,"color":"rgb(31,119,180)"},{"description":"Asian","count":405,"tested":5831,"color":"rgb(140,86,75)"},{"description":"Hispanic","count":368,"tested":2386,"color":"rgb(214,39,40)"}],"gender":[{"description":"Female","count":1884,"tested":37869,"color":"rgb(255,127,14)"},{"description":"Male","count":1603,"tested":23709,"color":"rgb(31,119,180)"},{"description":"Unknown/Left Blank","count":31,"tested":1016,"color":"rgb(44,160,44)"}]}
