{"age":[{"age_group":"<20","count":451,"tested":6933},{"age_group":"20-29   ","count":207,"tested":4224},{"age_group":"30-39   ","count":117,"tested":2976},{"age_group":"40-49   ","count":220,"tested":4863},{"age_group":"50-59   ","count":257,"tested":5617},{"age_group":"60-69   ","count":112,"tested":3528},{"age_group":"70-79   ","count":76,"tested":2056},{"age_group":"80+","count":88,"tested":1581}],"race":[{"description":"Other","count":180,"tested":2380,"color":"rgb(148,103,189)"},{"description":"Left Blank","count":360,"tested":13207,"color":"rgb(44,160,44)"},{"description":"Asian","count":56,"tested":1326,"color":"rgb(140,86,75)"},{"description":"Black","count":15,"tested":193,"color":"rgb(255,127,14)"},{"description":"Hispanic","count":56,"tested":532,"color":"rgb(214,39,40)"},{"description":"White","count":859,"tested":14100,"color":"rgb(31,119,180)"}],"gender":[{"description":"Female","count":745,"tested":17012,"color":"rgb(255,127,14)"},{"description":"Male","count":774,"tested":14582,"color":"rgb(31,119,180)"},{"description":"Unknown/Left Blank","count":9,"tested":197,"color":"rgb(44,160,44)"}]}
