{"age":[{"age_group":"<20","count":184,"tested":2789},{"age_group":"20-29   ","count":112,"tested":2006},{"age_group":"30-39   ","count":74,"tested":1424},{"age_group":"40-49   ","count":106,"tested":2122},{"age_group":"50-59   ","count":125,"tested":2073},{"age_group":"60-69   ","count":89,"tested":1776},{"age_group":"70-79   ","count":37,"tested":971},{"age_group":"80+","count":10,"tested":348}],"race":[{"description":"Hispanic","count":42,"tested":560,"color":"rgb(214,39,40)"},{"description":"Asian","count":12,"tested":493,"color":"rgb(140,86,75)"},{"description":"White","count":383,"tested":6619,"color":"rgb(31,119,180)"},{"description":"Left Blank","count":208,"tested":4440,"color":"rgb(44,160,44)"},{"description":"Other","count":46,"tested":603,"color":"rgb(148,103,189)"},{"description":"Black","count":46,"tested":785,"color":"rgb(255,127,14)"}],"gender":[{"description":"Female","count":345,"tested":7196,"color":"rgb(255,127,14)"},{"description":"Male","count":388,"tested":6090,"color":"rgb(31,119,180)"}]}
