{"age":[{"age_group":"<20","count":456,"tested":5233},{"age_group":"20-29   ","count":412,"tested":5459},{"age_group":"30-39   ","count":284,"tested":4568},{"age_group":"40-49   ","count":289,"tested":3939},{"age_group":"50-59   ","count":329,"tested":4434},{"age_group":"60-69   ","count":229,"tested":4460},{"age_group":"70-79   ","count":107,"tested":2418},{"age_group":"80+","count":51,"tested":1985}],"race":[{"description":"Other","count":45,"tested":879,"color":"rgb(148,103,189)"},{"description":"Asian","count":81,"tested":887,"color":"rgb(140,86,75)"},{"description":"Black","count":67,"tested":716,"color":"rgb(255,127,14)"},{"description":"Left Blank","count":384,"tested":15856,"color":"rgb(44,160,44)"},{"description":"White","count":1459,"tested":13424,"color":"rgb(31,119,180)"},{"description":"Hispanic","count":118,"tested":715,"color":"rgb(214,39,40)"}],"gender":[{"description":"Female","count":1109,"tested":18390,"color":"rgb(255,127,14)"},{"description":"Male","count":1037,"tested":13880,"color":"rgb(31,119,180)"},{"description":"Unknown/Left Blank","count":11,"tested":232,"color":"rgb(44,160,44)"}]}
