{"age":[{"age_group":"<20","count":406,"tested":4297},{"age_group":"20-29   ","count":423,"tested":5313},{"age_group":"30-39   ","count":405,"tested":4918},{"age_group":"40-49   ","count":332,"tested":3854},{"age_group":"50-59   ","count":447,"tested":5248},{"age_group":"60-69   ","count":367,"tested":5022},{"age_group":"70-79   ","count":207,"tested":3136},{"age_group":"80+","count":224,"tested":5868}],"race":[{"description":"Hispanic","count":120,"tested":585,"color":"rgb(214,39,40)"},{"description":"Asian","count":16,"tested":129,"color":"rgb(140,86,75)"},{"description":"Left Blank","count":685,"tested":16600,"color":"rgb(44,160,44)"},{"description":"White","count":1698,"tested":17364,"color":"rgb(31,119,180)"},{"description":"Other","count":36,"tested":611,"color":"rgb(148,103,189)"},{"description":"Black","count":252,"tested":2347,"color":"rgb(255,127,14)"}],"gender":[{"description":"Female","count":1544,"tested":25165,"color":"rgb(255,127,14)"},{"description":"Male","count":1236,"tested":11718,"color":"rgb(31,119,180)"},{"description":"Unknown/Left Blank","count":31,"tested":785,"color":"rgb(44,160,44)"}]}
