{"age":[{"age_group":"<20","count":41,"tested":375},{"age_group":"20-29   ","count":41,"tested":469},{"age_group":"30-39   ","count":30,"tested":381},{"age_group":"40-49   ","count":31,"tested":392},{"age_group":"50-59   ","count":49,"tested":465},{"age_group":"60-69   ","count":37,"tested":489},{"age_group":"70-79   ","count":38,"tested":237},{"age_group":"80+","count":33,"tested":180}],"race":[{"description":"Left Blank","count":66,"tested":1630,"color":"rgb(44,160,44)"},{"description":"White","count":223,"tested":1310,"color":"rgb(31,119,180)"}],"gender":[{"description":"Male","count":136,"tested":976,"color":"rgb(31,119,180)"},{"description":"Female","count":164,"tested":1933,"color":"rgb(255,127,14)"}]}
