{"age":[{"age_group":"<20","count":115,"tested":962},{"age_group":"20-29   ","count":97,"tested":1699},{"age_group":"30-39   ","count":102,"tested":1743},{"age_group":"40-49   ","count":113,"tested":1987},{"age_group":"50-59   ","count":97,"tested":1845},{"age_group":"60-69   ","count":54,"tested":1532},{"age_group":"70-79   ","count":33,"tested":1174},{"age_group":"80+","count":46,"tested":1305}],"race":[{"description":"White","count":140,"tested":1643,"color":"rgb(31,119,180)"},{"description":"Black","count":10,"tested":186,"color":"rgb(255,127,14)"},{"description":"Other","count":42,"tested":355,"color":"rgb(148,103,189)"},{"description":"Hispanic","count":350,"tested":2475,"color":"rgb(214,39,40)"},{"description":"Left Blank","count":111,"tested":7385,"color":"rgb(44,160,44)"}],"gender":[{"description":"Female","count":339,"tested":7212,"color":"rgb(255,127,14)"},{"description":"Male","count":312,"tested":4875,"color":"rgb(31,119,180)"}]}
