{"age":[{"age_group":"<20","count":452,"tested":4651},{"age_group":"20-29   ","count":164,"tested":2722},{"age_group":"30-39   ","count":101,"tested":2278},{"age_group":"40-49   ","count":202,"tested":3123},{"age_group":"50-59   ","count":287,"tested":3956},{"age_group":"60-69   ","count":185,"tested":3003},{"age_group":"70-79   ","count":98,"tested":2180},{"age_group":"80+","count":98,"tested":2162}],"race":[{"description":"Hispanic","count":60,"tested":438,"color":"rgb(214,39,40)"},{"description":"Left Blank","count":401,"tested":12319,"color":"rgb(44,160,44)"},{"description":"Asian","count":58,"tested":903,"color":"rgb(140,86,75)"},{"description":"White","count":989,"tested":9116,"color":"rgb(31,119,180)"},{"description":"Black","count":24,"tested":439,"color":"rgb(255,127,14)"},{"description":"Other","count":54,"tested":835,"color":"rgb(148,103,189)"}],"gender":[{"description":"Male","count":757,"tested":10357,"color":"rgb(31,119,180)"},{"description":"Female","count":801,"tested":13497,"color":"rgb(255,127,14)"},{"description":"Unknown/Left Blank","count":29,"tested":223,"color":"rgb(44,160,44)"}]}
