{"age":[{"age_group":"<20","count":26,"tested":225},{"age_group":"20-29   ","count":31,"tested":267},{"age_group":"30-39   ","count":28,"tested":342},{"age_group":"40-49   ","count":23,"tested":270},{"age_group":"50-59   ","count":23,"tested":279},{"age_group":"60-69   ","count":14,"tested":327}],"race":[{"description":"Left Blank","count":40,"tested":664,"color":"rgb(44,160,44)"},{"description":"White","count":83,"tested":1078,"color":"rgb(31,119,180)"},{"description":"Hispanic","count":20,"tested":119,"color":"rgb(214,39,40)"}],"gender":[{"description":"Female","count":84,"tested":1123,"color":"rgb(255,127,14)"},{"description":"Male","count":67,"tested":751,"color":"rgb(31,119,180)"}]}
