{"age":[{"age_group":"<20","count":33,"tested":444},{"age_group":"20-29   ","count":28,"tested":263},{"age_group":"30-39   ","count":30,"tested":254},{"age_group":"40-49   ","count":17,"tested":227},{"age_group":"50-59   ","count":31,"tested":259},{"age_group":"60-69   ","count":21,"tested":224},{"age_group":"70-79   ","count":14,"tested":178}],"race":[{"description":"Left Blank","count":31,"tested":475,"color":"rgb(44,160,44)"},{"description":"White","count":134,"tested":1289,"color":"rgb(31,119,180)"}],"gender":[]}
