{"age":[{"age_group":"<20","count":278,"tested":2918},{"age_group":"20-29   ","count":240,"tested":2481},{"age_group":"30-39   ","count":220,"tested":2095},{"age_group":"40-49   ","count":270,"tested":2492},{"age_group":"50-59   ","count":241,"tested":2532},{"age_group":"60-69   ","count":152,"tested":1682},{"age_group":"70-79   ","count":60,"tested":967},{"age_group":"80+","count":22,"tested":448}],"race":[{"description":"Asian","count":10,"tested":113,"color":"rgb(140,86,75)"},{"description":"Black","count":7,"tested":221,"color":"rgb(255,127,14)"},{"description":"Hispanic","count":102,"tested":734,"color":"rgb(214,39,40)"},{"description":"Left Blank","count":451,"tested":4565,"color":"rgb(44,160,44)"},{"description":"Other","count":35,"tested":500,"color":"rgb(148,103,189)"},{"description":"White","count":877,"tested":9456,"color":"rgb(31,119,180)"}],"gender":[]}
