{"age":[{"age_group":"<20","count":272,"tested":2382},{"age_group":"20-29   ","count":292,"tested":2780},{"age_group":"30-39   ","count":279,"tested":2496},{"age_group":"40-49   ","count":264,"tested":1929},{"age_group":"50-59   ","count":220,"tested":1910},{"age_group":"60-69   ","count":133,"tested":1784},{"age_group":"70-79   ","count":86,"tested":1130},{"age_group":"80+","count":47,"tested":876}],"race":[{"description":"Hispanic","count":783,"tested":3979,"color":"rgb(214,39,40)"},{"description":"Left Blank","count":227,"tested":3287,"color":"rgb(44,160,44)"},{"description":"Other","count":18,"tested":181,"color":"rgb(148,103,189)"},{"description":"White","count":556,"tested":7690,"color":"rgb(31,119,180)"}],"gender":[]}
