{"age":[{"age_group":"<20","count":682,"tested":5085},{"age_group":"20-29   ","count":312,"tested":3489},{"age_group":"30-39   ","count":336,"tested":3345},{"age_group":"40-49   ","count":259,"tested":2979},{"age_group":"50-59   ","count":258,"tested":3384},{"age_group":"60-69   ","count":187,"tested":2900},{"age_group":"70-79   ","count":100,"tested":2558},{"age_group":"80+","count":146,"tested":6221}],"race":[{"description":"AI/AN**","count":6,"tested":85,"color":"rgb(31,119,180)"},{"description":"Asian","count":219,"tested":2834,"color":"rgb(140,86,75)"},{"description":"Black","count":19,"tested":434,"color":"rgb(255,127,14)"},{"description":"Hispanic","count":78,"tested":873,"color":"rgb(214,39,40)"},{"description":"Left Blank","count":1139,"tested":17235,"color":"rgb(44,160,44)"},{"description":"Other","count":266,"tested":1637,"color":"rgb(148,103,189)"},{"description":"White","count":550,"tested":7082,"color":"rgb(31,119,180)"}],"gender":[]}
