{"age":[{"age_group":"<20","count":229,"tested":2432},{"age_group":"20-29   ","count":209,"tested":1964},{"age_group":"30-39   ","count":253,"tested":2441},{"age_group":"40-49   ","count":231,"tested":2006},{"age_group":"50-59   ","count":178,"tested":1896},{"age_group":"60-69   ","count":101,"tested":1191},{"age_group":"70-79   ","count":51,"tested":678},{"age_group":"80+","count":12,"tested":236}],"race":[{"description":"Black","count":19,"tested":258,"color":"rgb(255,127,14)"},{"description":"Hispanic","count":79,"tested":457,"color":"rgb(214,39,40)"},{"description":"Left Blank","count":403,"tested":4890,"color":"rgb(44,160,44)"},{"description":"Other","count":27,"tested":298,"color":"rgb(148,103,189)"},{"description":"White","count":732,"tested":6886,"color":"rgb(31,119,180)"}],"gender":[]}
