{"age":[{"age_group":"<20","count":28,"tested":203},{"age_group":"20-29   ","count":10,"tested":95},{"age_group":"30-39   ","count":13,"tested":110},{"age_group":"40-49   ","count":8,"tested":79},{"age_group":"50-59   ","count":14,"tested":185},{"age_group":"60-69   ","count":14,"tested":132},{"age_group":"70-79   ","count":8,"tested":55}],"race":[{"description":"Left Blank","count":23,"tested":341,"color":"rgb(44,160,44)"},{"description":"White","count":72,"tested":528,"color":"rgb(31,119,180)"}],"gender":[]}
