{"age":[{"age_group":"<20","count":808,"tested":7857},{"age_group":"20-29   ","count":1016,"tested":11696},{"age_group":"30-39   ","count":949,"tested":11319},{"age_group":"40-49   ","count":937,"tested":11494},{"age_group":"50-59   ","count":856,"tested":11772},{"age_group":"60-69   ","count":616,"tested":10780},{"age_group":"70-79   ","count":309,"tested":5977},{"age_group":"80+","count":163,"tested":3504}],"race":[{"description":"Asian","count":90,"tested":1207,"color":"rgb(140,86,75)"},{"description":"Black","count":365,"tested":4270,"color":"rgb(255,127,14)"},{"description":"Hispanic","count":2229,"tested":16227,"color":"rgb(214,39,40)"},{"description":"Left Blank","count":859,"tested":29348,"color":"rgb(44,160,44)"},{"description":"NH/PI*","count":10,"tested":103,"color":"rgb(127,127,127)"},{"description":"Other","count":238,"tested":3097,"color":"rgb(148,103,189)"},{"description":"White","count":1859,"tested":20110,"color":"rgb(31,119,180)"}],"gender":[]}
