{"age":[{"age_group":"<20","count":638,"tested":7081},{"age_group":"20-29   ","count":616,"tested":8143},{"age_group":"30-39   ","count":663,"tested":7511},{"age_group":"40-49   ","count":519,"tested":6910},{"age_group":"50-59   ","count":472,"tested":6919},{"age_group":"60-69   ","count":386,"tested":6298},{"age_group":"70-79   ","count":250,"tested":4302},{"age_group":"80+","count":152,"tested":4027}],"race":[{"description":"Asian","count":125,"tested":734,"color":"rgb(140,86,75)"},{"description":"Black","count":420,"tested":3691,"color":"rgb(255,127,14)"},{"description":"Hispanic","count":967,"tested":4115,"color":"rgb(214,39,40)"},{"description":"Left Blank","count":391,"tested":27452,"color":"rgb(44,160,44)"},{"description":"Other","count":77,"tested":904,"color":"rgb(148,103,189)"},{"description":"White","count":1713,"tested":14275,"color":"rgb(31,119,180)"}],"gender":[]}
