{"age":[{"age_group":"<20","count":619,"tested":7461},{"age_group":"20-29   ","count":832,"tested":13034},{"age_group":"30-39   ","count":855,"tested":12573},{"age_group":"40-49   ","count":814,"tested":12469},{"age_group":"50-59   ","count":814,"tested":15142},{"age_group":"60-69   ","count":595,"tested":13913},{"age_group":"70-79   ","count":281,"tested":5979},{"age_group":"80+","count":195,"tested":3331}],"race":[{"description":"Asian","count":13,"tested":146,"color":"rgb(140,86,75)"},{"description":"Black","count":3692,"tested":50690,"color":"rgb(255,127,14)"},{"description":"Hispanic","count":100,"tested":883,"color":"rgb(214,39,40)"},{"description":"Left Blank","count":1040,"tested":29813,"color":"rgb(44,160,44)"},{"description":"Other","count":101,"tested":1113,"color":"rgb(148,103,189)"},{"description":"White","count":50,"tested":1031,"color":"rgb(31,119,180)"}],"gender":[]}
