{"age":[{"age_group":"<20","count":317,"tested":5575},{"age_group":"20-29   ","count":468,"tested":6658},{"age_group":"30-39   ","count":353,"tested":6476},{"age_group":"40-49   ","count":298,"tested":4819},{"age_group":"50-59   ","count":315,"tested":5232},{"age_group":"60-69   ","count":176,"tested":4476},{"age_group":"70-79   ","count":91,"tested":2834},{"age_group":"80+","count":99,"tested":6248}],"race":[{"description":"Asian","count":104,"tested":2271,"color":"rgb(140,86,75)"},{"description":"Black","count":141,"tested":1632,"color":"rgb(255,127,14)"},{"description":"Hispanic","count":239,"tested":1539,"color":"rgb(214,39,40)"},{"description":"Left Blank","count":333,"tested":20662,"color":"rgb(44,160,44)"},{"description":"Other","count":68,"tested":1210,"color":"rgb(148,103,189)"},{"description":"White","count":1227,"tested":14949,"color":"rgb(31,119,180)"}],"gender":[]}
