{"age":[{"age_group":"<20","count":363,"tested":4056},{"age_group":"20-29   ","count":473,"tested":5105},{"age_group":"30-39   ","count":258,"tested":3154},{"age_group":"40-49   ","count":336,"tested":3798},{"age_group":"50-59   ","count":466,"tested":5023},{"age_group":"60-69   ","count":355,"tested":4455},{"age_group":"70-79   ","count":169,"tested":3461},{"age_group":"80+","count":166,"tested":5917}],"race":[{"description":"Asian","count":78,"tested":1010,"color":"rgb(140,86,75)"},{"description":"Black","count":49,"tested":628,"color":"rgb(255,127,14)"},{"description":"Hispanic","count":93,"tested":881,"color":"rgb(214,39,40)"},{"description":"Left Blank","count":927,"tested":16588,"color":"rgb(44,160,44)"},{"description":"Other","count":110,"tested":1292,"color":"rgb(148,103,189)"},{"description":"White","count":1323,"tested":14534,"color":"rgb(31,119,180)"}],"gender":[]}
