{"age":[{"age_group":"<20","count":1013,"tested":8236},{"age_group":"20-29   ","count":1407,"tested":12973},{"age_group":"30-39   ","count":1177,"tested":10122},{"age_group":"40-49   ","count":1175,"tested":8999},{"age_group":"50-59   ","count":998,"tested":9319},{"age_group":"60-69   ","count":539,"tested":5912},{"age_group":"70-79   ","count":215,"tested":2832},{"age_group":"80+","count":132,"tested":2285}],"race":[{"description":"Asian","count":161,"tested":3076,"color":"rgb(140,86,75)"},{"description":"Black","count":268,"tested":2768,"color":"rgb(255,127,14)"},{"description":"Hispanic","count":3289,"tested":14424,"color":"rgb(214,39,40)"},{"description":"Left Blank","count":1823,"tested":28070,"color":"rgb(44,160,44)"},{"description":"NH/PI*","count":22,"tested":35,"color":"rgb(127,127,127)"},{"description":"Other","count":157,"tested":1761,"color":"rgb(148,103,189)"},{"description":"White","count":931,"tested":10520,"color":"rgb(31,119,180)"}],"gender":[]}
