{"age":[{"age_group":"<20","count":356,"tested":6012},{"age_group":"20-29   ","count":814,"tested":19232},{"age_group":"30-39   ","count":830,"tested":18255},{"age_group":"40-49   ","count":557,"tested":12100},{"age_group":"50-59   ","count":532,"tested":12650},{"age_group":"60-69   ","count":410,"tested":12665},{"age_group":"70-79   ","count":196,"tested":6908},{"age_group":"80+","count":167,"tested":4490}],"race":[{"description":"Asian","count":527,"tested":9039,"color":"rgb(140,86,75)"},{"description":"Black","count":958,"tested":15456,"color":"rgb(255,127,14)"},{"description":"Hispanic","count":444,"tested":4461,"color":"rgb(214,39,40)"},{"description":"Left Blank","count":1124,"tested":47107,"color":"rgb(44,160,44)"},{"description":"Other","count":176,"tested":3414,"color":"rgb(148,103,189)"},{"description":"White","count":625,"tested":12680,"color":"rgb(31,119,180)"}],"gender":[]}
