{"age":[{"age_group":"<20","count":90,"tested":1017},{"age_group":"20-29   ","count":92,"tested":1265},{"age_group":"30-39   ","count":85,"tested":1342},{"age_group":"40-49   ","count":81,"tested":1159},{"age_group":"50-59   ","count":107,"tested":1453},{"age_group":"60-69   ","count":90,"tested":1340},{"age_group":"70-79   ","count":79,"tested":941},{"age_group":"80+","count":55,"tested":937}],"race":[{"description":"Black","count":11,"tested":184,"color":"rgb(255,127,14)"},{"description":"Hispanic","count":28,"tested":197,"color":"rgb(214,39,40)"},{"description":"Left Blank","count":53,"tested":1306,"color":"rgb(44,160,44)"},{"description":"Other","count":8,"tested":148,"color":"rgb(148,103,189)"},{"description":"White","count":578,"tested":7598,"color":"rgb(31,119,180)"}],"gender":[]}
