{"age":[{"age_group":"<20","count":1034,"tested":9892},{"age_group":"20-29   ","count":1078,"tested":11375},{"age_group":"30-39   ","count":874,"tested":9784},{"age_group":"40-49   ","count":1019,"tested":10541},{"age_group":"50-59   ","count":925,"tested":10335},{"age_group":"60-69   ","count":343,"tested":4446},{"age_group":"70-79   ","count":118,"tested":2175},{"age_group":"80+","count":52,"tested":821}],"race":[{"description":"AI/AN**","count":9,"tested":91,"color":"rgb(31,119,180)"},{"description":"Asian","count":67,"tested":1139,"color":"rgb(140,86,75)"},{"description":"Black","count":403,"tested":4413,"color":"rgb(255,127,14)"},{"description":"Hispanic","count":1035,"tested":6970,"color":"rgb(214,39,40)"},{"description":"Left Blank","count":1677,"tested":22289,"color":"rgb(44,160,44)"},{"description":"Other","count":210,"tested":2376,"color":"rgb(148,103,189)"},{"description":"White","count":2040,"tested":22014,"color":"rgb(31,119,180)"}],"gender":[]}
