{"age":[{"age_group":"20-29   ","count":27,"tested":875},{"age_group":"30-39   ","count":22,"tested":827},{"age_group":"40-49   ","count":14,"tested":353},{"age_group":"50-59   ","count":9,"tested":368}],"race":[{"description":"Asian","count":8,"tested":481,"color":"rgb(140,86,75)"},{"description":"Black","count":9,"tested":214,"color":"rgb(255,127,14)"},{"description":"Hispanic","count":9,"tested":162,"color":"rgb(214,39,40)"},{"description":"Left Blank","count":23,"tested":969,"color":"rgb(44,160,44)"},{"description":"Other","count":6,"tested":151,"color":"rgb(148,103,189)"},{"description":"White","count":27,"tested":1054,"color":"rgb(31,119,180)"}],"gender":[]}
