{"age":[{"age_group":"<20","count":558,"tested":11528},{"age_group":"20-29   ","count":417,"tested":11461},{"age_group":"30-39   ","count":339,"tested":10579},{"age_group":"40-49   ","count":454,"tested":15340},{"age_group":"50-59   ","count":460,"tested":16823},{"age_group":"60-69   ","count":373,"tested":14511},{"age_group":"70-79   ","count":281,"tested":9584},{"age_group":"80+","count":418,"tested":14098}],"race":[{"description":"Asian","count":194,"tested":4998,"color":"rgb(140,86,75)"},{"description":"Black","count":44,"tested":1494,"color":"rgb(255,127,14)"},{"description":"Hispanic","count":129,"tested":2108,"color":"rgb(214,39,40)"},{"description":"Left Blank","count":885,"tested":60120,"color":"rgb(44,160,44)"},{"description":"Other","count":287,"tested":3681,"color":"rgb(148,103,189)"},{"description":"White","count":1749,"tested":30660,"color":"rgb(31,119,180)"}],"gender":[]}
