{"age":[{"age_group":"<20","count":138,"tested":1464},{"age_group":"20-29   ","count":156,"tested":1997},{"age_group":"30-39   ","count":148,"tested":1828},{"age_group":"40-49   ","count":147,"tested":1788},{"age_group":"50-59   ","count":156,"tested":2114},{"age_group":"60-69   ","count":114,"tested":1667},{"age_group":"70-79   ","count":49,"tested":1195},{"age_group":"80+","count":32,"tested":936}],"race":[{"description":"Asian","count":10,"tested":183,"color":"rgb(140,86,75)"},{"description":"Black","count":22,"tested":200,"color":"rgb(255,127,14)"},{"description":"Hispanic","count":128,"tested":823,"color":"rgb(214,39,40)"},{"description":"Left Blank","count":300,"tested":5388,"color":"rgb(44,160,44)"},{"description":"Other","count":29,"tested":281,"color":"rgb(148,103,189)"},{"description":"White","count":449,"tested":6038,"color":"rgb(31,119,180)"}],"gender":[]}
