{"age":[{"age_group":"<20","count":514,"tested":6725},{"age_group":"20-29   ","count":431,"tested":6929},{"age_group":"30-39   ","count":421,"tested":6037},{"age_group":"40-49   ","count":401,"tested":6080},{"age_group":"50-59   ","count":407,"tested":6612},{"age_group":"60-69   ","count":318,"tested":6740},{"age_group":"70-79   ","count":234,"tested":5926},{"age_group":"80+","count":221,"tested":7856}],"race":[{"description":"AI/AN**","count":8,"tested":59,"color":"rgb(31,119,180)"},{"description":"Asian","count":161,"tested":2971,"color":"rgb(140,86,75)"},{"description":"Black","count":243,"tested":4128,"color":"rgb(255,127,14)"},{"description":"Hispanic","count":203,"tested":1667,"color":"rgb(214,39,40)"},{"description":"Left Blank","count":723,"tested":22460,"color":"rgb(44,160,44)"},{"description":"Other","count":158,"tested":2515,"color":"rgb(148,103,189)"},{"description":"White","count":1449,"tested":19117,"color":"rgb(31,119,180)"}],"gender":[]}
