{"age":[{"age_group":"<20","count":87,"tested":1106},{"age_group":"20-29   ","count":65,"tested":1081},{"age_group":"30-39   ","count":54,"tested":979},{"age_group":"40-49   ","count":63,"tested":921},{"age_group":"50-59   ","count":69,"tested":1275},{"age_group":"60-69   ","count":65,"tested":1680},{"age_group":"70-79   ","count":43,"tested":1104},{"age_group":"80+","count":51,"tested":1802}],"race":[{"description":"Hispanic","count":19,"tested":165,"color":"rgb(214,39,40)"},{"description":"Left Blank","count":176,"tested":4439,"color":"rgb(44,160,44)"},{"description":"White","count":297,"tested":5231,"color":"rgb(31,119,180)"}],"gender":[]}
