{"age":[{"age_group":"<20","count":49,"tested":442},{"age_group":"20-29   ","count":57,"tested":678},{"age_group":"30-39   ","count":44,"tested":558},{"age_group":"40-49   ","count":47,"tested":423},{"age_group":"50-59   ","count":58,"tested":668},{"age_group":"60-69   ","count":42,"tested":508},{"age_group":"70-79   ","count":22,"tested":362},{"age_group":"80+","count":9,"tested":168}],"race":[{"description":"Asian","count":7,"tested":31,"color":"rgb(140,86,75)"},{"description":"Hispanic","count":21,"tested":112,"color":"rgb(214,39,40)"},{"description":"Left Blank","count":117,"tested":1213,"color":"rgb(44,160,44)"},{"description":"Other","count":6,"tested":66,"color":"rgb(148,103,189)"},{"description":"White","count":175,"tested":2357,"color":"rgb(31,119,180)"}],"gender":[]}
