{"age":[{"age_group":"<20","count":137,"tested":1436},{"age_group":"20-29   ","count":151,"tested":1633},{"age_group":"30-39   ","count":97,"tested":1210},{"age_group":"40-49   ","count":147,"tested":1218},{"age_group":"50-59   ","count":133,"tested":1444},{"age_group":"60-69   ","count":135,"tested":1977},{"age_group":"70-79   ","count":70,"tested":1800},{"age_group":"80+","count":71,"tested":3139}],"race":[{"description":"Asian","count":7,"tested":165,"color":"rgb(140,86,75)"},{"description":"Black","count":8,"tested":82,"color":"rgb(255,127,14)"},{"description":"Hispanic","count":46,"tested":347,"color":"rgb(214,39,40)"},{"description":"Left Blank","count":395,"tested":7548,"color":"rgb(44,160,44)"},{"description":"Other","count":42,"tested":337,"color":"rgb(148,103,189)"},{"description":"White","count":442,"tested":5373,"color":"rgb(31,119,180)"}],"gender":[]}
