{"age":[{"age_group":"<20","count":46,"tested":315},{"age_group":"20-29   ","count":54,"tested":617},{"age_group":"30-39   ","count":41,"tested":826},{"age_group":"40-49   ","count":56,"tested":821},{"age_group":"50-59   ","count":47,"tested":1146},{"age_group":"60-69   ","count":33,"tested":1053},{"age_group":"70-79   ","count":12,"tested":322}],"race":[{"description":"Black","count":169,"tested":2837,"color":"rgb(255,127,14)"},{"description":"White","count":7,"tested":279,"color":"rgb(31,119,180)"},{"description":"Hispanic","count":15,"tested":112,"color":"rgb(214,39,40)"},{"description":"Left Blank","count":100,"tested":1989,"color":"rgb(44,160,44)"}],"gender":[{"description":"Female","count":142,"tested":2626,"color":"rgb(255,127,14)"},{"description":"Male","count":149,"tested":2636,"color":"rgb(31,119,180)"}]}
