{"age":[{"age_group":"<20","count":320,"tested":27514},{"age_group":"20-29   ","count":566,"tested":21612},{"age_group":"30-39   ","count":539,"tested":9835},{"age_group":"40-49   ","count":385,"tested":6951},{"age_group":"50-59   ","count":384,"tested":7133},{"age_group":"60-69   ","count":270,"tested":5437},{"age_group":"70-79   ","count":135,"tested":2615},{"age_group":"80+","count":101,"tested":2202}],"race":[{"description":"Hispanic","count":88,"tested":5559,"color":"rgb(214,39,40)"},{"description":"Left Blank","count":744,"tested":24481,"color":"rgb(44,160,44)"},{"description":"Black","count":1634,"tested":21770,"color":"rgb(255,127,14)"},{"description":"White","count":166,"tested":21175,"color":"rgb(31,119,180)"},{"description":"Asian","count":28,"tested":9392,"color":"rgb(140,86,75)"},{"description":"Other","count":34,"tested":603,"color":"rgb(148,103,189)"}],"gender":[{"description":"Unknown/Left Blank","count":28,"tested":1881,"color":"rgb(44,160,44)"},{"description":"Female","count":1515,"tested":43993,"color":"rgb(255,127,14)"},{"description":"Male","count":1157,"tested":37432,"color":"rgb(31,119,180)"}]}
