{"age":[{"age_group":"<20","count":422,"tested":4607},{"age_group":"20-29   ","count":426,"tested":5549},{"age_group":"30-39   ","count":305,"tested":5809},{"age_group":"40-49   ","count":393,"tested":5545},{"age_group":"50-59   ","count":431,"tested":6517},{"age_group":"60-69   ","count":334,"tested":5480},{"age_group":"70-79   ","count":161,"tested":3249},{"age_group":"80+","count":228,"tested":4294}],"race":[{"description":"Other","count":127,"tested":1225,"color":"rgb(148,103,189)"},{"description":"Left Blank","count":929,"tested":22680,"color":"rgb(44,160,44)"},{"description":"Black","count":14,"tested":177,"color":"rgb(255,127,14)"},{"description":"Asian","count":73,"tested":760,"color":"rgb(140,86,75)"},{"description":"White","count":1427,"tested":15126,"color":"rgb(31,119,180)"},{"description":"Hispanic","count":121,"tested":1045,"color":"rgb(214,39,40)"},{"description":"NH/PI*","count":6,"tested":40,"color":"rgb(127,127,127)"}],"gender":[{"description":"Male","count":1264,"tested":16730,"color":"rgb(31,119,180)"},{"description":"Unknown/Left Blank","count":28,"tested":490,"color":"rgb(44,160,44)"},{"description":"Female","count":1408,"tested":23847,"color":"rgb(255,127,14)"}]}
