{"age":[{"age_group":"<20","count":302,"tested":2462},{"age_group":"20-29   ","count":247,"tested":2866},{"age_group":"30-39   ","count":184,"tested":2366},{"age_group":"40-49   ","count":311,"tested":3079},{"age_group":"50-59   ","count":292,"tested":3483},{"age_group":"60-69   ","count":119,"tested":1878},{"age_group":"70-79   ","count":41,"tested":802},{"age_group":"80+","count":20,"tested":305}],"race":[{"description":"Black","count":187,"tested":1850,"color":"rgb(255,127,14)"},{"description":"Asian","count":153,"tested":1600,"color":"rgb(140,86,75)"},{"description":"Hispanic","count":191,"tested":1143,"color":"rgb(214,39,40)"},{"description":"White","count":375,"tested":4074,"color":"rgb(31,119,180)"},{"description":"Left Blank","count":528,"tested":7744,"color":"rgb(44,160,44)"},{"description":"Other","count":75,"tested":773,"color":"rgb(148,103,189)"}],"gender":[{"description":"Female","count":763,"tested":9399,"color":"rgb(255,127,14)"},{"description":"Unknown/Left Blank","count":12,"tested":210,"color":"rgb(44,160,44)"},{"description":"Male","count":741,"tested":7634,"color":"rgb(31,119,180)"}]}
