{"age":[{"age_group":"<20","count":433,"tested":3593},{"age_group":"20-29   ","count":526,"tested":4238},{"age_group":"30-39   ","count":406,"tested":3481},{"age_group":"40-49   ","count":420,"tested":3098},{"age_group":"50-59   ","count":316,"tested":3072},{"age_group":"60-69   ","count":250,"tested":2024},{"age_group":"70-79   ","count":134,"tested":1313},{"age_group":"80+","count":51,"tested":544}],"race":[{"description":"Left Blank","count":610,"tested":9694,"color":"rgb(44,160,44)"},{"description":"Other","count":53,"tested":464,"color":"rgb(148,103,189)"},{"description":"White","count":904,"tested":6936,"color":"rgb(31,119,180)"},{"description":"Black","count":209,"tested":1459,"color":"rgb(255,127,14)"},{"description":"Hispanic","count":687,"tested":2513,"color":"rgb(214,39,40)"},{"description":"Asian","count":71,"tested":278,"color":"rgb(140,86,75)"}],"gender":[{"description":"Female","count":1370,"tested":12353,"color":"rgb(255,127,14)"},{"description":"Male","count":1145,"tested":8634,"color":"rgb(31,119,180)"},{"description":"Unknown/Left Blank","count":21,"tested":377,"color":"rgb(44,160,44)"}]}
