{"age":[{"age_group":"<20","count":6,"tested":93},{"age_group":"20-29   ","count":10,"tested":100},{"age_group":"30-39   ","count":7,"tested":53},{"age_group":"50-59   ","count":8,"tested":56}],"race":[{"description":"White","count":21,"tested":203,"color":"rgb(31,119,180)"},{"description":"Hispanic","count":13,"tested":86,"color":"rgb(214,39,40)"}],"gender":[{"description":"Male","count":26,"tested":243,"color":"rgb(31,119,180)"},{"description":"Female","count":16,"tested":167,"color":"rgb(255,127,14)"}]}
