{"age":[{"age_group":"<20","count":144,"tested":1211},{"age_group":"20-29   ","count":119,"tested":1229},{"age_group":"30-39   ","count":89,"tested":1077},{"age_group":"40-49   ","count":134,"tested":1094},{"age_group":"50-59   ","count":147,"tested":1416},{"age_group":"60-69   ","count":88,"tested":1182},{"age_group":"70-79   ","count":36,"tested":885},{"age_group":"80+","count":25,"tested":450}],"race":[{"description":"Left Blank","count":213,"tested":2743,"color":"rgb(44,160,44)"},{"description":"Hispanic","count":74,"tested":414,"color":"rgb(214,39,40)"},{"description":"Other","count":24,"tested":219,"color":"rgb(148,103,189)"},{"description":"White","count":458,"tested":5002,"color":"rgb(31,119,180)"},{"description":"Asian","count":6,"tested":70,"color":"rgb(140,86,75)"}],"gender":[{"description":"Female","count":392,"tested":4487,"color":"rgb(255,127,14)"},{"description":"Male","count":387,"tested":3994,"color":"rgb(31,119,180)"}]}
