{"age":[{"age_group":"<20","count":34,"tested":821},{"age_group":"20-29   ","count":347,"tested":7178},{"age_group":"30-39   ","count":223,"tested":4503},{"age_group":"40-49   ","count":72,"tested":1501},{"age_group":"50-59   ","count":73,"tested":1617},{"age_group":"60-69   ","count":47,"tested":1269},{"age_group":"70-79   ","count":39,"tested":818},{"age_group":"80+","count":22,"tested":458}],"race":[{"description":"White","count":331,"tested":5155,"color":"rgb(31,119,180)"},{"description":"Black","count":68,"tested":1325,"color":"rgb(255,127,14)"},{"description":"Asian","count":65,"tested":1766,"color":"rgb(140,86,75)"},{"description":"Other","count":41,"tested":914,"color":"rgb(148,103,189)"},{"description":"Left Blank","count":291,"tested":8444,"color":"rgb(44,160,44)"},{"description":"Hispanic","count":59,"tested":498,"color":"rgb(214,39,40)"}],"gender":[{"description":"Female","count":378,"tested":9093,"color":"rgb(255,127,14)"},{"description":"Male","count":462,"tested":8617,"color":"rgb(31,119,180)"},{"description":"Unknown/Left Blank","count":17,"tested":464,"color":"rgb(44,160,44)"}]}
