{"age":[{"age_group":"<20","count":121,"tested":863},{"age_group":"20-29   ","count":111,"tested":870},{"age_group":"30-39   ","count":94,"tested":818},{"age_group":"40-49   ","count":106,"tested":721},{"age_group":"50-59   ","count":97,"tested":870},{"age_group":"60-69   ","count":77,"tested":610},{"age_group":"70-79   ","count":21,"tested":367},{"age_group":"80+","count":13,"tested":207}],"race":[{"description":"Black","count":7,"tested":42,"color":"rgb(255,127,14)"},{"description":"Hispanic","count":100,"tested":291,"color":"rgb(214,39,40)"},{"description":"Left Blank","count":205,"tested":2518,"color":"rgb(44,160,44)"},{"description":"Other","count":6,"tested":48,"color":"rgb(148,103,189)"},{"description":"White","count":321,"tested":2410,"color":"rgb(31,119,180)"}],"gender":[{"description":"Male","count":313,"tested":2198,"color":"rgb(31,119,180)"},{"description":"Female","count":327,"tested":3102,"color":"rgb(255,127,14)"}]}
