{"age":[{"age_group":"<20","count":256,"tested":1905},{"age_group":"20-29   ","count":257,"tested":2216},{"age_group":"30-39   ","count":309,"tested":2923},{"age_group":"40-49   ","count":278,"tested":2279},{"age_group":"50-59   ","count":220,"tested":2124},{"age_group":"60-69   ","count":146,"tested":1606},{"age_group":"70-79   ","count":53,"tested":883},{"age_group":"80+","count":25,"tested":340}],"race":[{"description":"White","count":682,"tested":5828,"color":"rgb(31,119,180)"},{"description":"Asian","count":59,"tested":487,"color":"rgb(140,86,75)"},{"description":"Hispanic","count":209,"tested":1027,"color":"rgb(214,39,40)"},{"description":"Black","count":37,"tested":296,"color":"rgb(255,127,14)"},{"description":"Left Blank","count":524,"tested":6389,"color":"rgb(44,160,44)"},{"description":"Other","count":29,"tested":224,"color":"rgb(148,103,189)"}],"gender":[{"description":"Female","count":785,"tested":7985,"color":"rgb(255,127,14)"},{"description":"Male","count":750,"tested":6149,"color":"rgb(31,119,180)"}]}
