{"age":[{"age_group":"<20","count":490,"tested":5239},{"age_group":"20-29   ","count":375,"tested":5034},{"age_group":"30-39   ","count":253,"tested":3943},{"age_group":"40-49   ","count":376,"tested":4564},{"age_group":"50-59   ","count":465,"tested":5984},{"age_group":"60-69   ","count":293,"tested":5131},{"age_group":"70-79   ","count":173,"tested":3298},{"age_group":"80+","count":145,"tested":3396}],"race":[{"description":"Hispanic","count":97,"tested":1226,"color":"rgb(214,39,40)"},{"description":"Asian","count":136,"tested":1642,"color":"rgb(140,86,75)"},{"description":"White","count":1300,"tested":15739,"color":"rgb(31,119,180)"},{"description":"Black","count":20,"tested":335,"color":"rgb(255,127,14)"},{"description":"Other","count":84,"tested":743,"color":"rgb(148,103,189)"},{"description":"Left Blank","count":928,"tested":16827,"color":"rgb(44,160,44)"}],"gender":[{"description":"Male","count":1275,"tested":15607,"color":"rgb(31,119,180)"},{"description":"Unknown/Left Blank","count":32,"tested":854,"color":"rgb(44,160,44)"},{"description":"Female","count":1263,"tested":20132,"color":"rgb(255,127,14)"}]}
