{"age":[{"age_group":"<20","count":793,"tested":4874},{"age_group":"20-29   ","count":1192,"tested":8555},{"age_group":"30-39   ","count":973,"tested":6835},{"age_group":"40-49   ","count":1019,"tested":6075},{"age_group":"50-59   ","count":857,"tested":6245},{"age_group":"60-69   ","count":462,"tested":3934},{"age_group":"70-79   ","count":184,"tested":1801},{"age_group":"80+","count":126,"tested":1403}],"race":[{"description":"Left Blank","count":1798,"tested":20384,"color":"rgb(44,160,44)"},{"description":"Hispanic","count":2690,"tested":8539,"color":"rgb(214,39,40)"},{"description":"Asian","count":106,"tested":1770,"color":"rgb(140,86,75)"},{"description":"Black","count":174,"tested":1575,"color":"rgb(255,127,14)"},{"description":"NH/PI*","count":21,"tested":21,"color":"rgb(127,127,127)"},{"description":"White","count":684,"tested":6230,"color":"rgb(31,119,180)"},{"description":"Other","count":129,"tested":1207,"color":"rgb(148,103,189)"}],"gender":[{"description":"Female","count":2933,"tested":23200,"color":"rgb(255,127,14)"},{"description":"Male","count":2621,"tested":16025,"color":"rgb(31,119,180)"},{"description":"Unknown/Left Blank","count":52,"tested":511,"color":"rgb(44,160,44)"}]}
