{"age":[{"age_group":"<20","count":592,"tested":4215},{"age_group":"20-29   ","count":823,"tested":7124},{"age_group":"30-39   ","count":852,"tested":6831},{"age_group":"40-49   ","count":759,"tested":6050},{"age_group":"50-59   ","count":658,"tested":6648},{"age_group":"60-69   ","count":437,"tested":5591},{"age_group":"70-79   ","count":256,"tested":3701},{"age_group":"80+","count":215,"tested":4200}],"race":[{"description":"Hispanic","count":1187,"tested":4812,"color":"rgb(214,39,40)"},{"description":"Left Blank","count":1290,"tested":18496,"color":"rgb(44,160,44)"},{"description":"White","count":1377,"tested":13456,"color":"rgb(31,119,180)"},{"description":"Black","count":459,"tested":4577,"color":"rgb(255,127,14)"},{"description":"Asian","count":49,"tested":335,"color":"rgb(140,86,75)"},{"description":"Other","count":199,"tested":2547,"color":"rgb(148,103,189)"},{"description":"AI/AN**","count":27,"tested":132,"color":"rgb(31,119,180)"}],"gender":[{"description":"Female","count":2454,"tested":25779,"color":"rgb(255,127,14)"},{"description":"Male","count":2105,"tested":17831,"color":"rgb(31,119,180)"},{"description":"Unknown/Left Blank","count":33,"tested":758,"color":"rgb(44,160,44)"}]}
