{"age":[{"age_group":"<20","count":22,"tested":165},{"age_group":"20-29   ","count":27,"tested":142},{"age_group":"30-39   ","count":16,"tested":132},{"age_group":"40-49   ","count":14,"tested":150},{"age_group":"50-59   ","count":32,"tested":138},{"age_group":"60-69   ","count":10,"tested":109},{"age_group":"70-79   ","count":10,"tested":56}],"race":[{"description":"Left Blank","count":57,"tested":434,"color":"rgb(44,160,44)"},{"description":"White","count":74,"tested":450,"color":"rgb(31,119,180)"}],"gender":[{"description":"Male","count":69,"tested":356,"color":"rgb(31,119,180)"},{"description":"Female","count":67,"tested":559,"color":"rgb(255,127,14)"}]}
