{"age":[{"age_group":"<20","count":133,"tested":1217},{"age_group":"20-29   ","count":93,"tested":1085},{"age_group":"30-39   ","count":97,"tested":964},{"age_group":"40-49   ","count":81,"tested":885},{"age_group":"50-59   ","count":72,"tested":991},{"age_group":"60-69   ","count":77,"tested":814},{"age_group":"70-79   ","count":28,"tested":683},{"age_group":"80+","count":34,"tested":967}],"race":[{"description":"Left Blank","count":42,"tested":1554,"color":"rgb(44,160,44)"},{"description":"Hispanic","count":77,"tested":457,"color":"rgb(214,39,40)"},{"description":"White","count":475,"tested":5376,"color":"rgb(31,119,180)"},{"description":"Other","count":17,"tested":150,"color":"rgb(148,103,189)"}],"gender":[{"description":"Female","count":332,"tested":4323,"color":"rgb(255,127,14)"},{"description":"Male","count":276,"tested":2748,"color":"rgb(31,119,180)"},{"description":"Unknown/Left Blank","count":7,"tested":538,"color":"rgb(44,160,44)"}]}
