{"age":[{"age_group":"<20","count":639,"tested":3755},{"age_group":"20-29   ","count":804,"tested":6708},{"age_group":"30-39   ","count":706,"tested":5505},{"age_group":"40-49   ","count":704,"tested":4865},{"age_group":"50-59   ","count":659,"tested":5192},{"age_group":"60-69   ","count":391,"tested":3539},{"age_group":"70-79   ","count":140,"tested":1510},{"age_group":"80+","count":70,"tested":845}],"race":[{"description":"NH/PI*","count":13,"tested":53,"color":"rgb(127,127,127)"},{"description":"Left Blank","count":1351,"tested":18833,"color":"rgb(44,160,44)"},{"description":"AI/AN**","count":9,"tested":16,"color":"rgb(31,119,180)"},{"description":"Hispanic","count":1418,"tested":4253,"color":"rgb(214,39,40)"},{"description":"Other","count":183,"tested":1081,"color":"rgb(148,103,189)"},{"description":"White","count":619,"tested":4562,"color":"rgb(31,119,180)"},{"description":"Asian","count":358,"tested":2034,"color":"rgb(140,86,75)"},{"description":"Black","count":162,"tested":1099,"color":"rgb(255,127,14)"}],"gender":[{"description":"Male","count":1978,"tested":13125,"color":"rgb(31,119,180)"},{"description":"Female","count":2097,"tested":17941,"color":"rgb(255,127,14)"},{"description":"Unknown/Left Blank","count":38,"tested":865,"color":"rgb(44,160,44)"}]}
