{"age":[{"age_group":"<20","count":1047,"tested":6908},{"age_group":"20-29   ","count":1161,"tested":9034},{"age_group":"30-39   ","count":1015,"tested":7671},{"age_group":"40-49   ","count":1123,"tested":8442},{"age_group":"50-59   ","count":828,"tested":7230},{"age_group":"60-69   ","count":459,"tested":4333},{"age_group":"70-79   ","count":193,"tested":2635},{"age_group":"80+","count":106,"tested":2785}],"race":[{"description":"White","count":1133,"tested":15537,"color":"rgb(31,119,180)"},{"description":"Left Blank","count":1541,"tested":16322,"color":"rgb(44,160,44)"},{"description":"Hispanic","count":2746,"tested":11660,"color":"rgb(214,39,40)"},{"description":"AI/AN**","count":8,"tested":50,"color":"rgb(31,119,180)"},{"description":"NH/PI*","count":8,"tested":169,"color":"rgb(127,127,127)"},{"description":"Black","count":173,"tested":1764,"color":"rgb(255,127,14)"},{"description":"Asian","count":88,"tested":1482,"color":"rgb(140,86,75)"},{"description":"Other","count":238,"tested":2068,"color":"rgb(148,103,189)"}],"gender":[{"description":"Female","count":3126,"tested":29621,"color":"rgb(255,127,14)"},{"description":"Male","count":2761,"tested":18742,"color":"rgb(31,119,180)"},{"description":"Unknown/Left Blank","count":48,"tested":689,"color":"rgb(44,160,44)"}]}
