{"age":[{"age_group":"<20","count":14,"tested":67},{"age_group":"20-29   ","count":18,"tested":111},{"age_group":"30-39   ","count":10,"tested":65},{"age_group":"40-49   ","count":12,"tested":73},{"age_group":"50-59   ","count":12,"tested":139},{"age_group":"60-69   ","count":7,"tested":67},{"age_group":"70-79   ","count":7,"tested":58}],"race":[{"description":"White","count":49,"tested":383,"color":"rgb(31,119,180)"},{"description":"Left Blank","count":21,"tested":183,"color":"rgb(44,160,44)"}],"gender":[{"description":"Male","count":28,"tested":199,"color":"rgb(31,119,180)"},{"description":"Female","count":50,"tested":404,"color":"rgb(255,127,14)"}]}
