{"age":[{"age_group":"<20","count":538,"tested":3299},{"age_group":"20-29   ","count":608,"tested":5072},{"age_group":"30-39   ","count":543,"tested":3745},{"age_group":"40-49   ","count":558,"tested":3430},{"age_group":"50-59   ","count":466,"tested":3899},{"age_group":"60-69   ","count":270,"tested":2820},{"age_group":"70-79   ","count":112,"tested":1312},{"age_group":"80+","count":66,"tested":770}],"race":[{"description":"Black","count":224,"tested":2312,"color":"rgb(255,127,14)"},{"description":"Asian","count":42,"tested":452,"color":"rgb(140,86,75)"},{"description":"White","count":387,"tested":4225,"color":"rgb(31,119,180)"},{"description":"Other","count":107,"tested":828,"color":"rgb(148,103,189)"},{"description":"Hispanic","count":1784,"tested":8507,"color":"rgb(214,39,40)"},{"description":"Left Blank","count":615,"tested":7913,"color":"rgb(44,160,44)"}],"gender":[{"description":"Unknown/Left Blank","count":45,"tested":398,"color":"rgb(44,160,44)"},{"description":"Female","count":1642,"tested":14042,"color":"rgb(255,127,14)"},{"description":"Male","count":1476,"tested":9914,"color":"rgb(31,119,180)"}]}
