{"age":[{"age_group":"<20","count":10,"tested":168},{"age_group":"20-29   ","count":11,"tested":293},{"age_group":"30-39   ","count":11,"tested":345},{"age_group":"40-49   ","count":16,"tested":259},{"age_group":"50-59   ","count":14,"tested":232},{"age_group":"60-69   ","count":11,"tested":273}],"race":[{"description":"Left Blank","count":17,"tested":1661,"color":"rgb(44,160,44)"},{"description":"White","count":61,"tested":2354,"color":"rgb(31,119,180)"}],"gender":[{"description":"Female","count":45,"tested":3032,"color":"rgb(255,127,14)"},{"description":"Male","count":34,"tested":964,"color":"rgb(31,119,180)"}]}
