{"age":[{"age_group":"<20","count":106,"tested":1085},{"age_group":"20-29   ","count":97,"tested":1554},{"age_group":"30-39   ","count":82,"tested":1089},{"age_group":"40-49   ","count":112,"tested":1458},{"age_group":"50-59   ","count":134,"tested":1526},{"age_group":"60-69   ","count":89,"tested":1360},{"age_group":"70-79   ","count":60,"tested":1066},{"age_group":"80+","count":134,"tested":2411}],"race":[{"description":"Hispanic","count":28,"tested":129,"color":"rgb(214,39,40)"},{"description":"White","count":474,"tested":4343,"color":"rgb(31,119,180)"},{"description":"Left Blank","count":282,"tested":6826,"color":"rgb(44,160,44)"},{"description":"Asian","count":12,"tested":84,"color":"rgb(140,86,75)"},{"description":"Other","count":14,"tested":114,"color":"rgb(148,103,189)"}],"gender":[{"description":"Female","count":441,"tested":7169,"color":"rgb(255,127,14)"},{"description":"Unknown/Left Blank","count":9,"tested":383,"color":"rgb(44,160,44)"},{"description":"Male","count":364,"tested":3997,"color":"rgb(31,119,180)"}]}
