{"age":[{"age_group":"<20","count":975,"tested":6673},{"age_group":"20-29   ","count":1230,"tested":11813},{"age_group":"30-39   ","count":1167,"tested":10554},{"age_group":"40-49   ","count":1135,"tested":9430},{"age_group":"50-59   ","count":843,"tested":7542},{"age_group":"60-69   ","count":560,"tested":6815},{"age_group":"70-79   ","count":243,"tested":3882},{"age_group":"80+","count":117,"tested":2582}],"race":[{"description":"Black","count":729,"tested":8194,"color":"rgb(255,127,14)"},{"description":"Hispanic","count":3489,"tested":15073,"color":"rgb(214,39,40)"},{"description":"White","count":559,"tested":6923,"color":"rgb(31,119,180)"},{"description":"Asian","count":75,"tested":1187,"color":"rgb(140,86,75)"},{"description":"Other","count":226,"tested":2160,"color":"rgb(148,103,189)"},{"description":"Left Blank","count":1184,"tested":25729,"color":"rgb(44,160,44)"}],"gender":[{"description":"Female","count":3217,"tested":31314,"color":"rgb(255,127,14)"},{"description":"Male","count":3004,"tested":24535,"color":"rgb(31,119,180)"},{"description":"Unknown/Left Blank","count":49,"tested":3473,"color":"rgb(44,160,44)"}]}
