{"age":[{"age_group":"<20","count":24,"tested":220},{"age_group":"20-29   ","count":16,"tested":108},{"age_group":"30-39   ","count":19,"tested":122},{"age_group":"40-49   ","count":19,"tested":155},{"age_group":"50-59   ","count":27,"tested":237},{"age_group":"60-69   ","count":19,"tested":124},{"age_group":"70-79   ","count":8,"tested":78}],"race":[{"description":"White","count":55,"tested":469,"color":"rgb(31,119,180)"},{"description":"Left Blank","count":76,"tested":602,"color":"rgb(44,160,44)"}],"gender":[{"description":"Female","count":62,"tested":583,"color":"rgb(255,127,14)"},{"description":"Male","count":71,"tested":499,"color":"rgb(31,119,180)"}]}
