{"age":[{"age_group":"<20","count":388,"tested":4243},{"age_group":"20-29   ","count":586,"tested":7693},{"age_group":"30-39   ","count":591,"tested":7207},{"age_group":"40-49   ","count":620,"tested":7359},{"age_group":"50-59   ","count":620,"tested":9295},{"age_group":"60-69   ","count":449,"tested":8902},{"age_group":"70-79   ","count":227,"tested":4114},{"age_group":"80+","count":164,"tested":2166}],"race":[{"description":"Other","count":71,"tested":586,"color":"rgb(148,103,189)"},{"description":"Left Blank","count":834,"tested":18573,"color":"rgb(44,160,44)"},{"description":"Black","count":2615,"tested":30577,"color":"rgb(255,127,14)"},{"description":"Asian","count":6,"tested":63,"color":"rgb(140,86,75)"},{"description":"Hispanic","count":72,"tested":508,"color":"rgb(214,39,40)"},{"description":"White","count":40,"tested":562,"color":"rgb(31,119,180)"}],"gender":[{"description":"Male","count":1455,"tested":20064,"color":"rgb(31,119,180)"},{"description":"Unknown/Left Blank","count":22,"tested":792,"color":"rgb(44,160,44)"},{"description":"Female","count":2169,"tested":30145,"color":"rgb(255,127,14)"}]}
