{"age":[{"age_group":"<20","count":29,"tested":192},{"age_group":"20-29   ","count":29,"tested":318},{"age_group":"30-39   ","count":47,"tested":315},{"age_group":"40-49   ","count":41,"tested":288},{"age_group":"50-59   ","count":29,"tested":302},{"age_group":"60-69   ","count":31,"tested":359},{"age_group":"70-79   ","count":8,"tested":121},{"age_group":"80+","count":8,"tested":136}],"race":[{"description":"Hispanic","count":34,"tested":159,"color":"rgb(214,39,40)"},{"description":"Black","count":34,"tested":291,"color":"rgb(255,127,14)"},{"description":"Left Blank","count":81,"tested":945,"color":"rgb(44,160,44)"},{"description":"White","count":68,"tested":597,"color":"rgb(31,119,180)"}],"gender":[{"description":"Female","count":106,"tested":1083,"color":"rgb(255,127,14)"},{"description":"Male","count":114,"tested":925,"color":"rgb(31,119,180)"}]}
