{"age":[{"age_group":"<20","count":257,"tested":1757},{"age_group":"20-29   ","count":276,"tested":2097},{"age_group":"30-39   ","count":239,"tested":1950},{"age_group":"40-49   ","count":328,"tested":2286},{"age_group":"50-59   ","count":265,"tested":2202},{"age_group":"60-69   ","count":149,"tested":1865},{"age_group":"70-79   ","count":126,"tested":1834},{"age_group":"80+","count":72,"tested":2228}],"race":[{"description":"Hispanic","count":179,"tested":738,"color":"rgb(214,39,40)"},{"description":"Left Blank","count":596,"tested":6879,"color":"rgb(44,160,44)"},{"description":"Other","count":46,"tested":566,"color":"rgb(148,103,189)"},{"description":"Asian","count":17,"tested":200,"color":"rgb(140,86,75)"},{"description":"White","count":816,"tested":7189,"color":"rgb(31,119,180)"},{"description":"Black","count":54,"tested":613,"color":"rgb(255,127,14)"}],"gender":[{"description":"Male","count":857,"tested":6685,"color":"rgb(31,119,180)"},{"description":"Unknown/Left Blank","count":19,"tested":269,"color":"rgb(44,160,44)"},{"description":"Female","count":836,"tested":9267,"color":"rgb(255,127,14)"}]}
