{"lastUpdatedDate":{"year":2021,"month":1,"day":1},"county_demographics":[{"County":"Bureau","confirmed_cases":2834,"total_tested":27073,"demographics":{"age":[{"race":[],"age_group":"<20","count":332,"tested":2841,"deaths":0},{"race":[],"age_group":"20-29   ","count":386,"tested":3815,"deaths":0},{"race":[],"age_group":"30-39   ","count":414,"tested":4008,"deaths":0},{"race":[],"age_group":"40-49   ","count":425,"tested":3654,"deaths":0},{"race":[],"age_group":"50-59   ","count":475,"tested":4418,"deaths":0},{"race":[],"age_group":"60-69   ","count":341,"tested":3843,"deaths":0},{"race":[],"age_group":"70-79   ","count":238,"tested":2106,"deaths":0},{"race":[],"age_group":"80+","count":223,"tested":2386,"deaths":0},{"race":[],"age_group":"Unknown","count":0,"tested":0,"deaths":0}],"race":[{"description":"AI/AN**","count":0,"tested":0,"deaths":0,"color":"rgb(31,119,180)"},{"description":"Asian","count":0,"tested":82,"deaths":0,"color":"rgb(140,86,75)"},{"description":"Black","count":7,"tested":120,"deaths":0,"color":"rgb(255,127,14)"},{"description":"Hispanic","count":211,"tested":705,"deaths":0,"color":"rgb(214,39,40)"},{"description":"Left Blank","count":1218,"tested":15530,"deaths":0,"color":"rgb(44,160,44)"},{"description":"NH/PI*","count":0,"tested":48,"deaths":0,"color":"rgb(127,127,127)"},{"description":"Other","count":58,"tested":249,"deaths":0,"color":"rgb(148,103,189)"},{"description":"White","count":1330,"tested":10337,"deaths":0,"color":"rgb(31,119,180)"}],"gender":[{"description":"Female","count":1531,"tested":17103,"deaths":0,"color":"rgb(255,127,14)"},{"description":"Male","count":1258,"tested":8655,"deaths":0,"color":"rgb(31,119,180)"},{"description":"Unknown/Left Blank","count":45,"tested":1315,"deaths":0,"color":"rgb(44,160,44)"}]}}]}
