{"lastUpdatedDate":{"year":2021,"month":1,"day":1},"county_demographics":[{"County":"Henry","confirmed_cases":3704,"total_tested":43922,"demographics":{"age":[{"race":[],"age_group":"<20","count":543,"tested":4994,"deaths":0},{"race":[],"age_group":"20-29   ","count":538,"tested":6109,"deaths":0},{"race":[],"age_group":"30-39   ","count":522,"tested":6367,"deaths":0},{"race":[],"age_group":"40-49   ","count":542,"tested":6170,"deaths":0},{"race":[],"age_group":"50-59   ","count":605,"tested":7255,"deaths":0},{"race":[],"age_group":"60-69   ","count":449,"tested":5462,"deaths":0},{"race":[],"age_group":"70-79   ","count":263,"tested":3422,"deaths":0},{"race":[],"age_group":"80+","count":236,"tested":4118,"deaths":0},{"race":[],"age_group":"Unknown","count":0,"tested":25,"deaths":0}],"race":[{"description":"AI/AN**","count":0,"tested":9,"deaths":0,"color":"rgb(31,119,180)"},{"description":"Asian","count":0,"tested":42,"deaths":0,"color":"rgb(140,86,75)"},{"description":"Black","count":47,"tested":436,"deaths":0,"color":"rgb(255,127,14)"},{"description":"Hispanic","count":122,"tested":671,"deaths":0,"color":"rgb(214,39,40)"},{"description":"Left Blank","count":1662,"tested":26226,"deaths":0,"color":"rgb(44,160,44)"},{"description":"NH/PI*","count":0,"tested":10,"deaths":0,"color":"rgb(127,127,127)"},{"description":"Other","count":88,"tested":549,"deaths":0,"color":"rgb(148,103,189)"},{"description":"White","count":1779,"tested":15979,"deaths":0,"color":"rgb(31,119,180)"}],"gender":[{"description":"Female","count":2036,"tested":26542,"deaths":0,"color":"rgb(255,127,14)"},{"description":"Male","count":1618,"tested":14970,"deaths":0,"color":"rgb(31,119,180)"},{"description":"Unknown/Left Blank","count":46,"tested":2410,"deaths":0,"color":"rgb(44,160,44)"}]}}]}
