{"lastUpdatedDate":{"year":2021,"month":1,"day":1},"county_demographics":[{"County":"Bond","confirmed_cases":1555,"total_tested":16138,"demographics":{"age":[{"race":[],"age_group":"<20","count":219,"tested":1678,"deaths":0},{"race":[],"age_group":"20-29   ","count":255,"tested":2326,"deaths":0},{"race":[],"age_group":"30-39   ","count":252,"tested":2612,"deaths":0},{"race":[],"age_group":"40-49   ","count":234,"tested":2346,"deaths":0},{"race":[],"age_group":"50-59   ","count":238,"tested":2175,"deaths":0},{"race":[],"age_group":"60-69   ","count":189,"tested":2057,"deaths":0},{"race":[],"age_group":"70-79   ","count":94,"tested":1442,"deaths":0},{"race":[],"age_group":"80+","count":74,"tested":1489,"deaths":0},{"race":[],"age_group":"Unknown","count":0,"tested":13,"deaths":0}],"race":[{"description":"AI/AN**","count":0,"tested":0,"deaths":0,"color":"rgb(31,119,180)"},{"description":"Asian","count":0,"tested":23,"deaths":0,"color":"rgb(140,86,75)"},{"description":"Black","count":19,"tested":114,"deaths":0,"color":"rgb(255,127,14)"},{"description":"Hispanic","count":0,"tested":54,"deaths":0,"color":"rgb(214,39,40)"},{"description":"Left Blank","count":885,"tested":10157,"deaths":0,"color":"rgb(44,160,44)"},{"description":"NH/PI*","count":0,"tested":0,"deaths":0,"color":"rgb(127,127,127)"},{"description":"Other","count":21,"tested":189,"deaths":0,"color":"rgb(148,103,189)"},{"description":"White","count":616,"tested":5594,"deaths":0,"color":"rgb(31,119,180)"}],"gender":[{"description":"Female","count":721,"tested":8488,"deaths":0,"color":"rgb(255,127,14)"},{"description":"Male","count":797,"tested":7066,"deaths":0,"color":"rgb(31,119,180)"},{"description":"Unknown/Left Blank","count":33,"tested":584,"deaths":0,"color":"rgb(44,160,44)"}]}}]}
