{"lastUpdatedDate":{"year":2021,"month":1,"day":1},"county_demographics":[{"County":"Fulton","confirmed_cases":2352,"total_tested":39983,"demographics":{"age":[{"race":[],"age_group":"<20","count":379,"tested":4408,"deaths":0},{"race":[],"age_group":"20-29   ","count":388,"tested":5537,"deaths":0},{"race":[],"age_group":"30-39   ","count":305,"tested":5778,"deaths":0},{"race":[],"age_group":"40-49   ","count":364,"tested":5679,"deaths":0},{"race":[],"age_group":"50-59   ","count":306,"tested":6190,"deaths":0},{"race":[],"age_group":"60-69   ","count":265,"tested":4657,"deaths":0},{"race":[],"age_group":"70-79   ","count":169,"tested":2758,"deaths":0},{"race":[],"age_group":"80+","count":142,"tested":3183,"deaths":0},{"race":[],"age_group":"Unknown","count":21,"tested":1793,"deaths":0}],"race":[{"description":"AI/AN**","count":0,"tested":13,"deaths":0,"color":"rgb(31,119,180)"},{"description":"Asian","count":0,"tested":13,"deaths":0,"color":"rgb(140,86,75)"},{"description":"Black","count":80,"tested":463,"deaths":0,"color":"rgb(255,127,14)"},{"description":"Hispanic","count":33,"tested":144,"deaths":0,"color":"rgb(214,39,40)"},{"description":"Left Blank","count":1675,"tested":31193,"deaths":0,"color":"rgb(44,160,44)"},{"description":"NH/PI*","count":0,"tested":0,"deaths":0,"color":"rgb(127,127,127)"},{"description":"Other","count":16,"tested":150,"deaths":0,"color":"rgb(148,103,189)"},{"description":"White","count":537,"tested":8005,"deaths":0,"color":"rgb(31,119,180)"}],"gender":[{"description":"Female","count":1178,"tested":23638,"deaths":0,"color":"rgb(255,127,14)"},{"description":"Male","count":1091,"tested":13556,"deaths":0,"color":"rgb(31,119,180)"},{"description":"Unknown/Left Blank","count":83,"tested":2789,"deaths":0,"color":"rgb(44,160,44)"}]}}]}
