{"lastUpdatedDate":{"year":2021,"month":1,"day":1},"county_demographics":[{"County":"Cook","confirmed_cases":190018,"total_tested":2311512,"demographics":{"age":[{"race":[],"age_group":"<20","count":26584,"tested":234956,"deaths":0},{"race":[],"age_group":"20-29   ","count":33886,"tested":386146,"deaths":0},{"race":[],"age_group":"30-39   ","count":29943,"tested":332977,"deaths":0},{"race":[],"age_group":"40-49   ","count":30237,"tested":319645,"deaths":0},{"race":[],"age_group":"50-59   ","count":29334,"tested":357841,"deaths":0},{"race":[],"age_group":"60-69   ","count":21070,"tested":309409,"deaths":0},{"race":[],"age_group":"70-79   ","count":10507,"tested":182113,"deaths":0},{"race":[],"age_group":"80+","count":8415,"tested":186631,"deaths":0},{"race":[],"age_group":"Unknown","count":37,"tested":1794,"deaths":0}],"race":[{"description":"AI/AN**","count":321,"tested":2080,"deaths":0,"color":"rgb(31,119,180)"},{"description":"Asian","count":6125,"tested":77052,"deaths":0,"color":"rgb(140,86,75)"},{"description":"Black","count":18512,"tested":210391,"deaths":0,"color":"rgb(255,127,14)"},{"description":"Hispanic","count":37300,"tested":187697,"deaths":0,"color":"rgb(214,39,40)"},{"description":"Left Blank","count":66845,"tested":1159693,"deaths":0,"color":"rgb(44,160,44)"},{"description":"NH/PI*","count":269,"tested":3094,"deaths":0,"color":"rgb(127,127,127)"},{"description":"Other","count":10355,"tested":88086,"deaths":0,"color":"rgb(148,103,189)"},{"description":"White","count":50286,"tested":583419,"deaths":0,"color":"rgb(31,119,180)"}],"gender":[{"description":"Female","count":98974,"tested":1308765,"deaths":0,"color":"rgb(255,127,14)"},{"description":"Male","count":89177,"tested":944366,"deaths":0,"color":"rgb(31,119,180)"},{"description":"Unknown/Left Blank","count":1867,"tested":58381,"deaths":0,"color":"rgb(44,160,44)"}]}}]}
