{"lastUpdatedDate":{"year":2021,"month":1,"day":1},"county_demographics":[{"County":"Marion","confirmed_cases":3566,"total_tested":38768,"demographics":{"age":[{"race":[],"age_group":"<20","count":426,"tested":3784,"deaths":0},{"race":[],"age_group":"20-29   ","count":494,"tested":5544,"deaths":0},{"race":[],"age_group":"30-39   ","count":488,"tested":5296,"deaths":0},{"race":[],"age_group":"40-49   ","count":514,"tested":5093,"deaths":0},{"race":[],"age_group":"50-59   ","count":534,"tested":5418,"deaths":0},{"race":[],"age_group":"60-69   ","count":500,"tested":5132,"deaths":0},{"race":[],"age_group":"70-79   ","count":326,"tested":3613,"deaths":0},{"race":[],"age_group":"80+","count":284,"tested":4876,"deaths":0},{"race":[],"age_group":"Unknown","count":0,"tested":12,"deaths":0}],"race":[{"description":"AI/AN**","count":6,"tested":23,"deaths":0,"color":"rgb(31,119,180)"},{"description":"Asian","count":0,"tested":42,"deaths":0,"color":"rgb(140,86,75)"},{"description":"Black","count":107,"tested":1372,"deaths":0,"color":"rgb(255,127,14)"},{"description":"Hispanic","count":36,"tested":175,"deaths":0,"color":"rgb(214,39,40)"},{"description":"Left Blank","count":725,"tested":16584,"deaths":0,"color":"rgb(44,160,44)"},{"description":"NH/PI*","count":0,"tested":13,"deaths":0,"color":"rgb(127,127,127)"},{"description":"Other","count":40,"tested":621,"deaths":0,"color":"rgb(148,103,189)"},{"description":"White","count":2646,"tested":19938,"deaths":0,"color":"rgb(31,119,180)"}],"gender":[{"description":"Female","count":2018,"tested":24456,"deaths":0,"color":"rgb(255,127,14)"},{"description":"Male","count":1524,"tested":12525,"deaths":0,"color":"rgb(31,119,180)"},{"description":"Unknown/Left Blank","count":19,"tested":1787,"deaths":0,"color":"rgb(44,160,44)"}]}}]}
