{"lastUpdatedDate":{"year":2021,"month":1,"day":1},"county_demographics":[{"County":"Hancock","confirmed_cases":1324,"total_tested":12433,"demographics":{"age":[{"race":[],"age_group":"<20","count":178,"tested":1316,"deaths":0},{"race":[],"age_group":"20-29   ","count":178,"tested":1749,"deaths":0},{"race":[],"age_group":"30-39   ","count":178,"tested":1667,"deaths":0},{"race":[],"age_group":"40-49   ","count":146,"tested":1478,"deaths":0},{"race":[],"age_group":"50-59   ","count":217,"tested":2007,"deaths":0},{"race":[],"age_group":"60-69   ","count":209,"tested":1749,"deaths":0},{"race":[],"age_group":"70-79   ","count":129,"tested":1102,"deaths":0},{"race":[],"age_group":"80+","count":89,"tested":1363,"deaths":0},{"race":[],"age_group":"Unknown","count":0,"tested":0,"deaths":0}],"race":[{"description":"AI/AN**","count":0,"tested":6,"deaths":0,"color":"rgb(31,119,180)"},{"description":"Asian","count":0,"tested":6,"deaths":0,"color":"rgb(140,86,75)"},{"description":"Black","count":0,"tested":14,"deaths":0,"color":"rgb(255,127,14)"},{"description":"Hispanic","count":9,"tested":41,"deaths":0,"color":"rgb(214,39,40)"},{"description":"Left Blank","count":858,"tested":7123,"deaths":0,"color":"rgb(44,160,44)"},{"description":"NH/PI*","count":0,"tested":10,"deaths":0,"color":"rgb(127,127,127)"},{"description":"Other","count":11,"tested":110,"deaths":0,"color":"rgb(148,103,189)"},{"description":"White","count":435,"tested":5123,"deaths":0,"color":"rgb(31,119,180)"}],"gender":[{"description":"Female","count":700,"tested":7823,"deaths":0,"color":"rgb(255,127,14)"},{"description":"Male","count":579,"tested":4117,"deaths":0,"color":"rgb(31,119,180)"},{"description":"Unknown/Left Blank","count":45,"tested":493,"deaths":0,"color":"rgb(44,160,44)"}]}}]}
