{"lastUpdatedDate":{"year":2021,"month":1,"day":1},"county_demographics":[{"County":"Adams","confirmed_cases":6592,"total_tested":91212,"demographics":{"age":[{"race":[],"age_group":"<20","count":989,"tested":10028,"deaths":0},{"race":[],"age_group":"20-29   ","count":1017,"tested":11446,"deaths":0},{"race":[],"age_group":"30-39   ","count":921,"tested":12605,"deaths":0},{"race":[],"age_group":"40-49   ","count":827,"tested":11380,"deaths":0},{"race":[],"age_group":"50-59   ","count":978,"tested":13990,"deaths":0},{"race":[],"age_group":"60-69   ","count":862,"tested":10568,"deaths":0},{"race":[],"age_group":"70-79   ","count":565,"tested":8858,"deaths":0},{"race":[],"age_group":"80+","count":430,"tested":12307,"deaths":0},{"race":[],"age_group":"Unknown","count":0,"tested":30,"deaths":0}],"race":[{"description":"AI/AN**","count":0,"tested":28,"deaths":0,"color":"rgb(31,119,180)"},{"description":"Asian","count":0,"tested":138,"deaths":0,"color":"rgb(140,86,75)"},{"description":"Black","count":100,"tested":784,"deaths":0,"color":"rgb(255,127,14)"},{"description":"Hispanic","count":9,"tested":193,"deaths":0,"color":"rgb(214,39,40)"},{"description":"Left Blank","count":4979,"tested":66127,"deaths":0,"color":"rgb(44,160,44)"},{"description":"NH/PI*","count":0,"tested":48,"deaths":0,"color":"rgb(127,127,127)"},{"description":"Other","count":0,"tested":121,"deaths":0,"color":"rgb(148,103,189)"},{"description":"White","count":1488,"tested":23773,"deaths":0,"color":"rgb(31,119,180)"}],"gender":[{"description":"Female","count":3226,"tested":48965,"deaths":0,"color":"rgb(255,127,14)"},{"description":"Male","count":2788,"tested":33460,"deaths":0,"color":"rgb(31,119,180)"},{"description":"Unknown/Left Blank","count":578,"tested":8787,"deaths":0,"color":"rgb(44,160,44)"}]}}]}
