{"lastUpdatedDate":{"year":2021,"month":1,"day":1},"county_demographics":[{"County":"Coles","confirmed_cases":4324,"total_tested":47546,"demographics":{"age":[{"race":[],"age_group":"<20","count":712,"tested":6836,"deaths":0},{"race":[],"age_group":"20-29   ","count":905,"tested":9709,"deaths":0},{"race":[],"age_group":"30-39   ","count":544,"tested":6435,"deaths":0},{"race":[],"age_group":"40-49   ","count":490,"tested":5281,"deaths":0},{"race":[],"age_group":"50-59   ","count":534,"tested":6029,"deaths":0},{"race":[],"age_group":"60-69   ","count":522,"tested":5613,"deaths":0},{"race":[],"age_group":"70-79   ","count":336,"tested":4006,"deaths":0},{"race":[],"age_group":"80+","count":281,"tested":3627,"deaths":0},{"race":[],"age_group":"Unknown","count":0,"tested":10,"deaths":0}],"race":[{"description":"AI/AN**","count":0,"tested":19,"deaths":0,"color":"rgb(31,119,180)"},{"description":"Asian","count":17,"tested":242,"deaths":0,"color":"rgb(140,86,75)"},{"description":"Black","count":131,"tested":1885,"deaths":0,"color":"rgb(255,127,14)"},{"description":"Hispanic","count":93,"tested":617,"deaths":0,"color":"rgb(214,39,40)"},{"description":"Left Blank","count":583,"tested":8007,"deaths":0,"color":"rgb(44,160,44)"},{"description":"NH/PI*","count":0,"tested":16,"deaths":0,"color":"rgb(127,127,127)"},{"description":"Other","count":79,"tested":1693,"deaths":0,"color":"rgb(148,103,189)"},{"description":"White","count":3413,"tested":35067,"deaths":0,"color":"rgb(31,119,180)"}],"gender":[{"description":"Female","count":2322,"tested":28610,"deaths":0,"color":"rgb(255,127,14)"},{"description":"Male","count":1928,"tested":18109,"deaths":0,"color":"rgb(31,119,180)"},{"description":"Unknown/Left Blank","count":74,"tested":827,"deaths":0,"color":"rgb(44,160,44)"}]}}]}
