{"lastUpdatedDate":{"year":2021,"month":1,"day":1},"county_demographics":[{"County":"McLean","confirmed_cases":11751,"total_tested":187982,"demographics":{"age":[{"race":[],"age_group":"<20","count":2257,"tested":35068,"deaths":0},{"race":[],"age_group":"20-29   ","count":3459,"tested":49262,"deaths":0},{"race":[],"age_group":"30-39   ","count":1466,"tested":25099,"deaths":0},{"race":[],"age_group":"40-49   ","count":1368,"tested":20713,"deaths":0},{"race":[],"age_group":"50-59   ","count":1307,"tested":20843,"deaths":0},{"race":[],"age_group":"60-69   ","count":940,"tested":16646,"deaths":0},{"race":[],"age_group":"70-79   ","count":519,"tested":9768,"deaths":0},{"race":[],"age_group":"80+","count":433,"tested":10559,"deaths":0},{"race":[],"age_group":"Unknown","count":0,"tested":24,"deaths":0}],"race":[{"description":"AI/AN**","count":0,"tested":89,"deaths":0,"color":"rgb(31,119,180)"},{"description":"Asian","count":128,"tested":913,"deaths":0,"color":"rgb(140,86,75)"},{"description":"Black","count":702,"tested":5031,"deaths":0,"color":"rgb(255,127,14)"},{"description":"Hispanic","count":507,"tested":1524,"deaths":0,"color":"rgb(214,39,40)"},{"description":"Left Blank","count":4795,"tested":134401,"deaths":0,"color":"rgb(44,160,44)"},{"description":"NH/PI*","count":6,"tested":38,"deaths":0,"color":"rgb(127,127,127)"},{"description":"Other","count":148,"tested":1761,"deaths":0,"color":"rgb(148,103,189)"},{"description":"White","count":5459,"tested":44225,"deaths":0,"color":"rgb(31,119,180)"}],"gender":[{"description":"Female","count":6246,"tested":99833,"deaths":0,"color":"rgb(255,127,14)"},{"description":"Male","count":5247,"tested":69923,"deaths":0,"color":"rgb(31,119,180)"},{"description":"Unknown/Left Blank","count":258,"tested":18226,"deaths":0,"color":"rgb(44,160,44)"}]}}]}
