{"age":[{"age_group":"<20","count":261,"tested":2832},{"age_group":"20-29   ","count":250,"tested":4043},{"age_group":"30-39   ","count":260,"tested":4042},{"age_group":"40-49   ","count":287,"tested":4377},{"age_group":"50-59   ","count":250,"tested":4290},{"age_group":"60-69   ","count":195,"tested":4823},{"age_group":"70-79   ","count":137,"tested":3628},{"age_group":"80+","count":94,"tested":2320}],"race":[{"description":"Asian","count":7,"tested":201,"color":"rgb(140,86,75)"},{"description":"Black","count":1113,"tested":14554,"color":"rgb(255,127,14)"},{"description":"Hispanic","count":56,"tested":846,"color":"rgb(214,39,40)"},{"description":"Left Blank","count":453,"tested":12951,"color":"rgb(44,160,44)"},{"description":"Other","count":25,"tested":436,"color":"rgb(148,103,189)"},{"description":"White","count":79,"tested":1391,"color":"rgb(31,119,180)"}],"gender":[]}
