{"age":[{"age_group":"<20","count":2384,"tested":16026},{"age_group":"20-29   ","count":2790,"tested":24366},{"age_group":"30-39   ","count":2456,"tested":17795},{"age_group":"40-49   ","count":2379,"tested":15954},{"age_group":"50-59   ","count":1921,"tested":13957},{"age_group":"60-69   ","count":995,"tested":9970},{"age_group":"70-79   ","count":389,"tested":4723},{"age_group":"80+","count":211,"tested":2459}],"race":[{"description":"AI/AN**","count":9,"tested":92,"color":"rgb(31,119,180)"},{"description":"Asian","count":128,"tested":1996,"color":"rgb(140,86,75)"},{"description":"Black","count":184,"tested":1900,"color":"rgb(255,127,14)"},{"description":"Hispanic","count":9447,"tested":44397,"color":"rgb(214,39,40)"},{"description":"Left Blank","count":2545,"tested":43062,"color":"rgb(44,160,44)"},{"description":"Other","count":521,"tested":5525,"color":"rgb(148,103,189)"},{"description":"White","count":689,"tested":8234,"color":"rgb(31,119,180)"}],"gender":[]}
