{"age":[{"age_group":"<20","count":1572,"tested":13578},{"age_group":"20-29   ","count":1850,"tested":18812},{"age_group":"30-39   ","count":1964,"tested":20756},{"age_group":"40-49   ","count":1766,"tested":18558},{"age_group":"50-59   ","count":1641,"tested":17876},{"age_group":"60-69   ","count":1068,"tested":14407},{"age_group":"70-79   ","count":472,"tested":6706},{"age_group":"80+","count":270,"tested":5545}],"race":[{"description":"AI/AN**","count":15,"tested":163,"color":"rgb(31,119,180)"},{"description":"Asian","count":334,"tested":4609,"color":"rgb(140,86,75)"},{"description":"Black","count":207,"tested":3141,"color":"rgb(255,127,14)"},{"description":"Hispanic","count":4630,"tested":32825,"color":"rgb(214,39,40)"},{"description":"Left Blank","count":1587,"tested":35299,"color":"rgb(44,160,44)"},{"description":"NH/PI*","count":26,"tested":251,"color":"rgb(127,127,127)"},{"description":"Other","count":501,"tested":6281,"color":"rgb(148,103,189)"},{"description":"White","count":3303,"tested":33706,"color":"rgb(31,119,180)"}],"gender":[]}
