{"age":[{"age_group":"<20","count":128,"tested":1522},{"age_group":"20-29   ","count":129,"tested":2998},{"age_group":"30-39   ","count":111,"tested":2295},{"age_group":"40-49   ","count":126,"tested":2355},{"age_group":"50-59   ","count":152,"tested":3003},{"age_group":"60-69   ","count":105,"tested":2629},{"age_group":"70-79   ","count":71,"tested":2063},{"age_group":"80+","count":68,"tested":3044}],"race":[{"description":"Black","count":18,"tested":493,"color":"rgb(255,127,14)"},{"description":"Hispanic","count":74,"tested":463,"color":"rgb(214,39,40)"},{"description":"Left Blank","count":252,"tested":13486,"color":"rgb(44,160,44)"},{"description":"Other","count":11,"tested":211,"color":"rgb(148,103,189)"},{"description":"White","count":534,"tested":5175,"color":"rgb(31,119,180)"}],"gender":[]}
