{"age":[{"age_group":"<20","count":434,"tested":5452},{"age_group":"20-29   ","count":487,"tested":5175},{"age_group":"30-39   ","count":454,"tested":5181},{"age_group":"40-49   ","count":390,"tested":4484},{"age_group":"50-59   ","count":402,"tested":4475},{"age_group":"60-69   ","count":345,"tested":4041},{"age_group":"70-79   ","count":169,"tested":2155},{"age_group":"80+","count":196,"tested":2839}],"race":[{"description":"Asian","count":11,"tested":189,"color":"rgb(140,86,75)"},{"description":"Black","count":103,"tested":1136,"color":"rgb(255,127,14)"},{"description":"Hispanic","count":274,"tested":1957,"color":"rgb(214,39,40)"},{"description":"Left Blank","count":627,"tested":15400,"color":"rgb(44,160,44)"},{"description":"Other","count":226,"tested":1213,"color":"rgb(148,103,189)"},{"description":"White","count":1635,"tested":14024,"color":"rgb(31,119,180)"}],"gender":[]}
