{"age":[{"age_group":"<20","count":600,"tested":6054},{"age_group":"20-29   ","count":768,"tested":8774},{"age_group":"30-39   ","count":611,"tested":7332},{"age_group":"40-49   ","count":623,"tested":7209},{"age_group":"50-59   ","count":635,"tested":7392},{"age_group":"60-69   ","count":485,"tested":6955},{"age_group":"70-79   ","count":275,"tested":5042},{"age_group":"80+","count":186,"tested":4233}],"race":[{"description":"Asian","count":82,"tested":1522,"color":"rgb(140,86,75)"},{"description":"Black","count":135,"tested":3324,"color":"rgb(255,127,14)"},{"description":"Hispanic","count":222,"tested":1894,"color":"rgb(214,39,40)"},{"description":"Left Blank","count":1574,"tested":23278,"color":"rgb(44,160,44)"},{"description":"Other","count":184,"tested":1871,"color":"rgb(148,103,189)"},{"description":"White","count":1981,"tested":20998,"color":"rgb(31,119,180)"}],"gender":[]}
