{"age":[{"age_group":"<20","count":13,"tested":361},{"age_group":"20-29   ","count":34,"tested":812},{"age_group":"30-39   ","count":18,"tested":490},{"age_group":"40-49   ","count":15,"tested":485},{"age_group":"50-59   ","count":14,"tested":494},{"age_group":"60-69   ","count":10,"tested":456},{"age_group":"70-79   ","count":6,"tested":263}],"race":[{"description":"Asian","count":8,"tested":285,"color":"rgb(140,86,75)"},{"description":"Black","count":14,"tested":358,"color":"rgb(255,127,14)"},{"description":"Hispanic","count":15,"tested":320,"color":"rgb(214,39,40)"},{"description":"Left Blank","count":26,"tested":1169,"color":"rgb(44,160,44)"},{"description":"Other","count":7,"tested":226,"color":"rgb(148,103,189)"},{"description":"White","count":39,"tested":1116,"color":"rgb(31,119,180)"}],"gender":[]}
