{"age":[{"age_group":"<20","count":921,"tested":13873},{"age_group":"20-29   ","count":1373,"tested":24109},{"age_group":"30-39   ","count":1454,"tested":26866},{"age_group":"40-49   ","count":1248,"tested":18120},{"age_group":"50-59   ","count":958,"tested":16274},{"age_group":"60-69   ","count":693,"tested":13645},{"age_group":"70-79   ","count":329,"tested":7501},{"age_group":"80+","count":212,"tested":5404}],"race":[{"description":"AI/AN**","count":21,"tested":143,"color":"rgb(31,119,180)"},{"description":"Asian","count":646,"tested":8368,"color":"rgb(140,86,75)"},{"description":"Black","count":221,"tested":5575,"color":"rgb(255,127,14)"},{"description":"Hispanic","count":2594,"tested":17108,"color":"rgb(214,39,40)"},{"description":"Left Blank","count":1509,"tested":52725,"color":"rgb(44,160,44)"},{"description":"NH/PI*","count":17,"tested":362,"color":"rgb(127,127,127)"},{"description":"Other","count":471,"tested":6160,"color":"rgb(148,103,189)"},{"description":"White","count":1709,"tested":35440,"color":"rgb(31,119,180)"}],"gender":[]}
