{"age":[{"age_group":"<20","count":611,"tested":7863},{"age_group":"20-29   ","count":407,"tested":5612},{"age_group":"30-39   ","count":321,"tested":5183},{"age_group":"40-49   ","count":406,"tested":4744},{"age_group":"50-59   ","count":472,"tested":6672},{"age_group":"60-69   ","count":250,"tested":4427},{"age_group":"70-79   ","count":117,"tested":2709},{"age_group":"80+","count":106,"tested":4556}],"race":[{"description":"Asian","count":42,"tested":589,"color":"rgb(140,86,75)"},{"description":"Black","count":15,"tested":339,"color":"rgb(255,127,14)"},{"description":"Hispanic","count":172,"tested":1334,"color":"rgb(214,39,40)"},{"description":"Left Blank","count":587,"tested":16819,"color":"rgb(44,160,44)"},{"description":"Other","count":57,"tested":931,"color":"rgb(148,103,189)"},{"description":"White","count":1817,"tested":21767,"color":"rgb(31,119,180)"}],"gender":[]}
