{"age":[{"age_group":"<20","count":18,"tested":322},{"age_group":"20-29   ","count":18,"tested":343},{"age_group":"30-39   ","count":24,"tested":564},{"age_group":"40-49   ","count":28,"tested":393},{"age_group":"50-59   ","count":24,"tested":351},{"age_group":"60-69   ","count":25,"tested":268},{"age_group":"70-79   ","count":8,"tested":133}],"race":[{"description":"Left Blank","count":24,"tested":894,"color":"rgb(44,160,44)"},{"description":"White","count":119,"tested":1482,"color":"rgb(31,119,180)"}],"gender":[]}
