{"age":[{"age_group":"<20","count":132,"tested":1210},{"age_group":"20-29   ","count":127,"tested":1172},{"age_group":"30-39   ","count":107,"tested":1354},{"age_group":"40-49   ","count":115,"tested":1090},{"age_group":"50-59   ","count":133,"tested":1384},{"age_group":"60-69   ","count":68,"tested":1429},{"age_group":"70-79   ","count":50,"tested":619},{"age_group":"80+","count":48,"tested":459}],"race":[{"description":"Hispanic","count":18,"tested":173,"color":"rgb(214,39,40)"},{"description":"Left Blank","count":289,"tested":3002,"color":"rgb(44,160,44)"},{"description":"Other","count":12,"tested":129,"color":"rgb(148,103,189)"},{"description":"White","count":458,"tested":5328,"color":"rgb(31,119,180)"}],"gender":[]}
