{"age":[{"age_group":"<20","count":169,"tested":3983},{"age_group":"20-29   ","count":1634,"tested":28469},{"age_group":"30-39   ","count":773,"tested":17909},{"age_group":"40-49   ","count":290,"tested":6421},{"age_group":"50-59   ","count":265,"tested":7081},{"age_group":"60-69   ","count":215,"tested":7338},{"age_group":"70-79   ","count":167,"tested":6284},{"age_group":"80+","count":93,"tested":4842}],"race":[{"description":"Asian","count":99,"tested":2848,"color":"rgb(140,86,75)"},{"description":"Black","count":466,"tested":6865,"color":"rgb(255,127,14)"},{"description":"Hispanic","count":180,"tested":1590,"color":"rgb(214,39,40)"},{"description":"Left Blank","count":1029,"tested":39395,"color":"rgb(44,160,44)"},{"description":"Other","count":179,"tested":2856,"color":"rgb(148,103,189)"},{"description":"White","count":1647,"tested":28665,"color":"rgb(31,119,180)"}],"gender":[]}
