{"age":[{"age_group":"<20","count":13,"tested":395},{"age_group":"20-29   ","count":10,"tested":562},{"age_group":"30-39   ","count":11,"tested":620},{"age_group":"40-49   ","count":16,"tested":455},{"age_group":"50-59   ","count":18,"tested":454},{"age_group":"60-69   ","count":14,"tested":503},{"age_group":"70-79   ","count":7,"tested":733},{"age_group":"80+","count":11,"tested":3177}],"race":[{"description":"Left Blank","count":18,"tested":3269,"color":"rgb(44,160,44)"},{"description":"White","count":78,"tested":3496,"color":"rgb(31,119,180)"}],"gender":[]}
