{"age":[{"age_group":"<20","count":452,"tested":5727},{"age_group":"20-29   ","count":479,"tested":5835},{"age_group":"30-39   ","count":432,"tested":6045},{"age_group":"40-49   ","count":381,"tested":4973},{"age_group":"50-59   ","count":365,"tested":5772},{"age_group":"60-69   ","count":301,"tested":4748},{"age_group":"70-79   ","count":164,"tested":3073},{"age_group":"80+","count":115,"tested":3874}],"race":[{"description":"Asian","count":22,"tested":159,"color":"rgb(140,86,75)"},{"description":"Black","count":675,"tested":5534,"color":"rgb(255,127,14)"},{"description":"Hispanic","count":455,"tested":2515,"color":"rgb(214,39,40)"},{"description":"Left Blank","count":220,"tested":16515,"color":"rgb(44,160,44)"},{"description":"Other","count":26,"tested":660,"color":"rgb(148,103,189)"},{"description":"White","count":1290,"tested":14646,"color":"rgb(31,119,180)"}],"gender":[]}
