{"age":[{"age_group":"<20","count":619,"tested":7545},{"age_group":"20-29   ","count":836,"tested":13163},{"age_group":"30-39   ","count":856,"tested":12709},{"age_group":"40-49   ","count":815,"tested":12600},{"age_group":"50-59   ","count":815,"tested":15313},{"age_group":"60-69   ","count":597,"tested":14046},{"age_group":"70-79   ","count":282,"tested":6035},{"age_group":"80+","count":195,"tested":3367}],"race":[{"description":"Asian","count":13,"tested":149,"color":"rgb(140,86,75)"},{"description":"Black","count":3699,"tested":51179,"color":"rgb(255,127,14)"},{"description":"Hispanic","count":100,"tested":891,"color":"rgb(214,39,40)"},{"description":"Left Blank","count":1041,"tested":30166,"color":"rgb(44,160,44)"},{"description":"Other","count":102,"tested":1125,"color":"rgb(148,103,189)"},{"description":"White","count":51,"tested":1041,"color":"rgb(31,119,180)"}],"gender":[]}
