{"age":[{"age_group":"<20","count":147,"tested":1004},{"age_group":"20-29   ","count":195,"tested":1525},{"age_group":"30-39   ","count":153,"tested":1154},{"age_group":"40-49   ","count":125,"tested":985},{"age_group":"50-59   ","count":106,"tested":1096},{"age_group":"60-69   ","count":73,"tested":689},{"age_group":"70-79   ","count":23,"tested":339},{"age_group":"80+","count":10,"tested":166}],"race":[{"description":"Black","count":66,"tested":815,"color":"rgb(255,127,14)"},{"description":"Hispanic","count":332,"tested":1674,"color":"rgb(214,39,40)"},{"description":"Left Blank","count":302,"tested":3103,"color":"rgb(44,160,44)"},{"description":"Other","count":34,"tested":189,"color":"rgb(148,103,189)"},{"description":"White","count":94,"tested":1140,"color":"rgb(31,119,180)"}],"gender":[]}
