{"age":[{"age_group":"<20","count":458,"tested":5132},{"age_group":"20-29   ","count":514,"tested":6255},{"age_group":"30-39   ","count":488,"tested":6200},{"age_group":"40-49   ","count":490,"tested":4872},{"age_group":"50-59   ","count":500,"tested":6035},{"age_group":"60-69   ","count":361,"tested":4926},{"age_group":"70-79   ","count":164,"tested":3981},{"age_group":"80+","count":158,"tested":4774}],"race":[{"description":"Asian","count":31,"tested":493,"color":"rgb(140,86,75)"},{"description":"Black","count":26,"tested":323,"color":"rgb(255,127,14)"},{"description":"Hispanic","count":517,"tested":2909,"color":"rgb(214,39,40)"},{"description":"Left Blank","count":805,"tested":15553,"color":"rgb(44,160,44)"},{"description":"Other","count":52,"tested":1762,"color":"rgb(148,103,189)"},{"description":"White","count":1697,"tested":21103,"color":"rgb(31,119,180)"}],"gender":[]}
