{"age":[{"age_group":"<20","count":663,"tested":5774},{"age_group":"20-29   ","count":751,"tested":8630},{"age_group":"30-39   ","count":564,"tested":7366},{"age_group":"40-49   ","count":537,"tested":7917},{"age_group":"50-59   ","count":554,"tested":8796},{"age_group":"60-69   ","count":372,"tested":6757},{"age_group":"70-79   ","count":208,"tested":4050},{"age_group":"80+","count":120,"tested":3127}],"race":[{"description":"Asian","count":28,"tested":631,"color":"rgb(140,86,75)"},{"description":"Black","count":319,"tested":4887,"color":"rgb(255,127,14)"},{"description":"Hispanic","count":180,"tested":1331,"color":"rgb(214,39,40)"},{"description":"Left Blank","count":946,"tested":14956,"color":"rgb(44,160,44)"},{"description":"Other","count":138,"tested":1624,"color":"rgb(148,103,189)"},{"description":"White","count":2156,"tested":28870,"color":"rgb(31,119,180)"}],"gender":[]}
