{"age":[{"age_group":"<20","count":295,"tested":3922},{"age_group":"20-29   ","count":293,"tested":3805},{"age_group":"30-39   ","count":256,"tested":2952},{"age_group":"40-49   ","count":271,"tested":2918},{"age_group":"50-59   ","count":265,"tested":3624},{"age_group":"60-69   ","count":233,"tested":3332},{"age_group":"70-79   ","count":145,"tested":2762},{"age_group":"80+","count":140,"tested":6368}],"race":[{"description":"Asian","count":66,"tested":580,"color":"rgb(140,86,75)"},{"description":"Black","count":193,"tested":1469,"color":"rgb(255,127,14)"},{"description":"Hispanic","count":235,"tested":1069,"color":"rgb(214,39,40)"},{"description":"Left Blank","count":198,"tested":11165,"color":"rgb(44,160,44)"},{"description":"Other","count":18,"tested":871,"color":"rgb(148,103,189)"},{"description":"White","count":1185,"tested":14510,"color":"rgb(31,119,180)"}],"gender":[]}
