{"age":[{"age_group":"<20","count":24,"tested":307},{"age_group":"20-29   ","count":11,"tested":170},{"age_group":"30-39   ","count":22,"tested":128},{"age_group":"40-49   ","count":17,"tested":149},{"age_group":"50-59   ","count":13,"tested":216},{"age_group":"60-69   ","count":13,"tested":171},{"age_group":"70-79   ","count":13,"tested":115}],"race":[{"description":"White","count":87,"tested":814,"color":"rgb(31,119,180)"},{"description":"Left Blank","count":31,"tested":474,"color":"rgb(44,160,44)"}],"gender":[{"description":"Female","count":70,"tested":873,"color":"rgb(255,127,14)"},{"description":"Male","count":50,"tested":438,"color":"rgb(31,119,180)"}]}
