{"age":[{"age_group":"<20","count":127,"tested":1510},{"age_group":"20-29   ","count":242,"tested":3448},{"age_group":"30-39   ","count":234,"tested":3384},{"age_group":"40-49   ","count":159,"tested":2125},{"age_group":"50-59   ","count":131,"tested":1859},{"age_group":"60-69   ","count":75,"tested":1534},{"age_group":"70-79   ","count":32,"tested":571},{"age_group":"80+","count":30,"tested":527}],"race":[{"description":"Other","count":70,"tested":383,"color":"rgb(148,103,189)"},{"description":"Left Blank","count":372,"tested":7197,"color":"rgb(44,160,44)"},{"description":"Hispanic","count":128,"tested":1056,"color":"rgb(214,39,40)"},{"description":"White","count":286,"tested":3523,"color":"rgb(31,119,180)"},{"description":"Black","count":44,"tested":605,"color":"rgb(255,127,14)"},{"description":"Asian","count":126,"tested":2104,"color":"rgb(140,86,75)"}],"gender":[{"description":"Male","count":500,"tested":6848,"color":"rgb(31,119,180)"},{"description":"Female","count":522,"tested":7821,"color":"rgb(255,127,14)"}]}
