{"age":[{"age_group":"<20","count":393,"tested":4156},{"age_group":"20-29   ","count":568,"tested":5605},{"age_group":"30-39   ","count":698,"tested":6717},{"age_group":"40-49   ","count":545,"tested":5512},{"age_group":"50-59   ","count":483,"tested":5575},{"age_group":"60-69   ","count":330,"tested":4358},{"age_group":"70-79   ","count":130,"tested":1974},{"age_group":"80+","count":88,"tested":1504}],"race":[{"description":"Black","count":49,"tested":453,"color":"rgb(255,127,14)"},{"description":"Hispanic","count":416,"tested":3478,"color":"rgb(214,39,40)"},{"description":"White","count":1692,"tested":15659,"color":"rgb(31,119,180)"},{"description":"Asian","count":226,"tested":2052,"color":"rgb(140,86,75)"},{"description":"Left Blank","count":647,"tested":12064,"color":"rgb(44,160,44)"},{"description":"Other","count":194,"tested":1577,"color":"rgb(148,103,189)"},{"description":"NH/PI*","count":6,"tested":78,"color":"rgb(127,127,127)"}],"gender":[{"description":"Female","count":1560,"tested":18718,"color":"rgb(255,127,14)"},{"description":"Male","count":1643,"tested":16041,"color":"rgb(31,119,180)"},{"description":"Unknown/Left Blank","count":32,"tested":646,"color":"rgb(44,160,44)"}]}
