{"age":[{"age_group":"<20","count":258,"tested":1924},{"age_group":"20-29   ","count":379,"tested":3386},{"age_group":"30-39   ","count":319,"tested":3335},{"age_group":"40-49   ","count":305,"tested":3101},{"age_group":"50-59   ","count":277,"tested":3165},{"age_group":"60-69   ","count":180,"tested":3250},{"age_group":"70-79   ","count":128,"tested":2171},{"age_group":"80+","count":156,"tested":1791}],"race":[{"description":"Left Blank","count":491,"tested":9077,"color":"rgb(44,160,44)"},{"description":"Other","count":87,"tested":1026,"color":"rgb(148,103,189)"},{"description":"Black","count":409,"tested":4182,"color":"rgb(255,127,14)"},{"description":"Hispanic","count":591,"tested":2750,"color":"rgb(214,39,40)"},{"description":"White","count":389,"tested":4881,"color":"rgb(31,119,180)"},{"description":"Asian","count":6,"tested":98,"color":"rgb(140,86,75)"},{"description":"AI/AN**","count":26,"tested":89,"color":"rgb(31,119,180)"}],"gender":[{"description":"Female","count":1106,"tested":12841,"color":"rgb(255,127,14)"},{"description":"Male","count":890,"tested":8726,"color":"rgb(31,119,180)"}]}
