{"age":[{"age_group":"<20","count":15,"tested":143},{"age_group":"30-39   ","count":14,"tested":99},{"age_group":"40-49   ","count":16,"tested":117},{"age_group":"50-59   ","count":23,"tested":136},{"age_group":"60-69   ","count":11,"tested":168},{"age_group":"70-79   ","count":7,"tested":49}],"race":[{"description":"Left Blank","count":38,"tested":357,"color":"rgb(44,160,44)"},{"description":"White","count":54,"tested":486,"color":"rgb(31,119,180)"}],"gender":[{"description":"Female","count":45,"tested":608,"color":"rgb(255,127,14)"},{"description":"Male","count":48,"tested":248,"color":"rgb(31,119,180)"}]}
