{"age":[{"age_group":"<20","count":505,"tested":12334},{"age_group":"20-29   ","count":385,"tested":6879},{"age_group":"30-39   ","count":428,"tested":6820},{"age_group":"40-49   ","count":480,"tested":7297},{"age_group":"50-59   ","count":457,"tested":7842},{"age_group":"60-69   ","count":400,"tested":7593},{"age_group":"70-79   ","count":164,"tested":4549},{"age_group":"80+","count":177,"tested":5468}],"race":[{"description":"Other","count":184,"tested":2243,"color":"rgb(148,103,189)"},{"description":"Left Blank","count":589,"tested":14360,"color":"rgb(44,160,44)"},{"description":"White","count":1583,"tested":30481,"color":"rgb(31,119,180)"},{"description":"Asian","count":316,"tested":6664,"color":"rgb(140,86,75)"},{"description":"Hispanic","count":287,"tested":3931,"color":"rgb(214,39,40)"},{"description":"Black","count":25,"tested":930,"color":"rgb(255,127,14)"},{"description":"AI/AN**","count":6,"tested":97,"color":"rgb(31,119,180)"}],"gender":[{"description":"Female","count":1536,"tested":33502,"color":"rgb(255,127,14)"},{"description":"Unknown/Left Blank","count":22,"tested":405,"color":"rgb(44,160,44)"},{"description":"Male","count":1439,"tested":24886,"color":"rgb(31,119,180)"}]}
