{"age":[{"age_group":"<20","count":345,"tested":3647},{"age_group":"20-29   ","count":411,"tested":4023},{"age_group":"30-39   ","count":338,"tested":3384},{"age_group":"40-49   ","count":343,"tested":3012},{"age_group":"50-59   ","count":453,"tested":4083},{"age_group":"60-69   ","count":337,"tested":4055},{"age_group":"70-79   ","count":136,"tested":2261},{"age_group":"80+","count":86,"tested":5156}],"race":[{"description":"Other","count":95,"tested":790,"color":"rgb(148,103,189)"},{"description":"Left Blank","count":782,"tested":12820,"color":"rgb(44,160,44)"},{"description":"Hispanic","count":106,"tested":610,"color":"rgb(214,39,40)"},{"description":"White","count":1419,"tested":14880,"color":"rgb(31,119,180)"},{"description":"Asian","count":26,"tested":327,"color":"rgb(140,86,75)"},{"description":"Black","count":20,"tested":179,"color":"rgb(255,127,14)"}],"gender":[{"description":"Male","count":1209,"tested":12081,"color":"rgb(31,119,180)"},{"description":"Unknown/Left Blank","count":17,"tested":900,"color":"rgb(44,160,44)"},{"description":"Female","count":1224,"tested":16647,"color":"rgb(255,127,14)"}]}
