{"age":[{"age_group":"<20","count":97,"tested":939},{"age_group":"20-29   ","count":137,"tested":1740},{"age_group":"30-39   ","count":110,"tested":1426},{"age_group":"40-49   ","count":112,"tested":1741},{"age_group":"50-59   ","count":94,"tested":1248},{"age_group":"60-69   ","count":49,"tested":880},{"age_group":"70-79   ","count":29,"tested":367},{"age_group":"80+","count":11,"tested":152}],"race":[{"description":"Hispanic","count":13,"tested":169,"color":"rgb(214,39,40)"},{"description":"Left Blank","count":162,"tested":2915,"color":"rgb(44,160,44)"},{"description":"Other","count":11,"tested":168,"color":"rgb(148,103,189)"},{"description":"Black","count":430,"tested":5018,"color":"rgb(255,127,14)"},{"description":"White","count":20,"tested":205,"color":"rgb(31,119,180)"}],"gender":[{"description":"Male","count":243,"tested":2843,"color":"rgb(31,119,180)"},{"description":"Female","count":388,"tested":5444,"color":"rgb(255,127,14)"},{"description":"Unknown/Left Blank","count":8,"tested":210,"color":"rgb(44,160,44)"}]}
