{"age":[{"age_group":"<20","count":139,"tested":1820},{"age_group":"20-29   ","count":117,"tested":1834},{"age_group":"30-39   ","count":109,"tested":1487},{"age_group":"40-49   ","count":151,"tested":2059},{"age_group":"50-59   ","count":135,"tested":2515},{"age_group":"60-69   ","count":92,"tested":1792},{"age_group":"70-79   ","count":35,"tested":1086},{"age_group":"80+","count":40,"tested":1117}],"race":[{"description":"Left Blank","count":274,"tested":6275,"color":"rgb(44,160,44)"},{"description":"White","count":127,"tested":2267,"color":"rgb(31,119,180)"},{"description":"Other","count":15,"tested":323,"color":"rgb(148,103,189)"},{"description":"Hispanic","count":24,"tested":225,"color":"rgb(214,39,40)"},{"description":"Black","count":372,"tested":4504,"color":"rgb(255,127,14)"}],"gender":[{"description":"Male","count":380,"tested":5642,"color":"rgb(31,119,180)"},{"description":"Female","count":435,"tested":7931,"color":"rgb(255,127,14)"}]}
