{"age":[{"age_group":"<20","count":46,"tested":328},{"age_group":"20-29   ","count":44,"tested":426},{"age_group":"30-39   ","count":30,"tested":288},{"age_group":"40-49   ","count":21,"tested":224},{"age_group":"50-59   ","count":57,"tested":615},{"age_group":"60-69   ","count":37,"tested":430},{"age_group":"70-79   ","count":12,"tested":255},{"age_group":"80+","count":7,"tested":75}],"race":[{"description":"Other","count":6,"tested":71,"color":"rgb(148,103,189)"},{"description":"Left Blank","count":52,"tested":1018,"color":"rgb(44,160,44)"},{"description":"White","count":165,"tested":1289,"color":"rgb(31,119,180)"},{"description":"Asian","count":16,"tested":117,"color":"rgb(140,86,75)"},{"description":"Hispanic","count":13,"tested":113,"color":"rgb(214,39,40)"}],"gender":[{"description":"Male","count":135,"tested":1336,"color":"rgb(31,119,180)"},{"description":"Female","count":118,"tested":1266,"color":"rgb(255,127,14)"}]}
