{"age":[{"age_group":"<20","count":592,"tested":5683},{"age_group":"20-29   ","count":761,"tested":8487},{"age_group":"30-39   ","count":606,"tested":7059},{"age_group":"40-49   ","count":615,"tested":6948},{"age_group":"50-59   ","count":631,"tested":7104},{"age_group":"60-69   ","count":481,"tested":6721},{"age_group":"70-79   ","count":273,"tested":4801},{"age_group":"80+","count":184,"tested":4073}],"race":[{"description":"Black","count":132,"tested":3233,"color":"rgb(255,127,14)"},{"description":"Asian","count":79,"tested":1409,"color":"rgb(140,86,75)"},{"description":"White","count":1951,"tested":20091,"color":"rgb(31,119,180)"},{"description":"Other","count":179,"tested":1768,"color":"rgb(148,103,189)"},{"description":"Left Blank","count":1580,"tested":22464,"color":"rgb(44,160,44)"},{"description":"Hispanic","count":217,"tested":1812,"color":"rgb(214,39,40)"}],"gender":[{"description":"Male","count":1918,"tested":19971,"color":"rgb(31,119,180)"},{"description":"Female","count":2193,"tested":30123,"color":"rgb(255,127,14)"},{"description":"Unknown/Left Blank","count":34,"tested":796,"color":"rgb(44,160,44)"}]}
