{"age":[{"age_group":"<20","count":751,"tested":8115},{"age_group":"20-29   ","count":900,"tested":12586},{"age_group":"30-39   ","count":836,"tested":12799},{"age_group":"40-49   ","count":712,"tested":9286},{"age_group":"50-59   ","count":727,"tested":11241},{"age_group":"60-69   ","count":484,"tested":9393},{"age_group":"70-79   ","count":180,"tested":5174},{"age_group":"80+","count":184,"tested":9691}],"race":[{"description":"Other","count":155,"tested":2168,"color":"rgb(148,103,189)"},{"description":"White","count":2597,"tested":28339,"color":"rgb(31,119,180)"},{"description":"Left Blank","count":865,"tested":37367,"color":"rgb(44,160,44)"},{"description":"Hispanic","count":602,"tested":3408,"color":"rgb(214,39,40)"},{"description":"Asian","count":322,"tested":4421,"color":"rgb(140,86,75)"},{"description":"Black","count":215,"tested":2464,"color":"rgb(255,127,14)"},{"description":"NH/PI*","count":9,"tested":49,"color":"rgb(127,127,127)"},{"description":"AI/AN**","count":9,"tested":103,"color":"rgb(31,119,180)"}],"gender":[{"description":"Unknown/Left Blank","count":33,"tested":1379,"color":"rgb(44,160,44)"},{"description":"Male","count":2306,"tested":31971,"color":"rgb(31,119,180)"},{"description":"Female","count":2435,"tested":44969,"color":"rgb(255,127,14)"}]}
