{"age":[{"age_group":"<20","count":68,"tested":502},{"age_group":"20-29   ","count":86,"tested":986},{"age_group":"30-39   ","count":67,"tested":829},{"age_group":"40-49   ","count":73,"tested":875},{"age_group":"50-59   ","count":55,"tested":821},{"age_group":"60-69   ","count":48,"tested":797},{"age_group":"70-79   ","count":17,"tested":318},{"age_group":"80+","count":11,"tested":245}],"race":[{"description":"Other","count":16,"tested":129,"color":"rgb(148,103,189)"},{"description":"Left Blank","count":120,"tested":1782,"color":"rgb(44,160,44)"},{"description":"White","count":169,"tested":2447,"color":"rgb(31,119,180)"},{"description":"Hispanic","count":111,"tested":615,"color":"rgb(214,39,40)"}],"gender":[{"description":"Female","count":243,"tested":3163,"color":"rgb(255,127,14)"},{"description":"Male","count":182,"tested":2121,"color":"rgb(31,119,180)"}]}
