{"age":[{"age_group":"<20","count":590,"tested":6056},{"age_group":"20-29   ","count":472,"tested":8764},{"age_group":"30-39   ","count":350,"tested":7846},{"age_group":"40-49   ","count":387,"tested":6848},{"age_group":"50-59   ","count":493,"tested":6314},{"age_group":"60-69   ","count":241,"tested":3795},{"age_group":"70-79   ","count":107,"tested":1798},{"age_group":"80+","count":64,"tested":946}],"race":[{"description":"Left Blank","count":899,"tested":27014,"color":"rgb(44,160,44)"},{"description":"Other","count":49,"tested":657,"color":"rgb(148,103,189)"},{"description":"White","count":1540,"tested":12733,"color":"rgb(31,119,180)"},{"description":"Asian","count":57,"tested":640,"color":"rgb(140,86,75)"},{"description":"Hispanic","count":116,"tested":895,"color":"rgb(214,39,40)"},{"description":"Black","count":39,"tested":373,"color":"rgb(255,127,14)"}],"gender":[{"description":"Unknown/Left Blank","count":44,"tested":9474,"color":"rgb(44,160,44)"},{"description":"Male","count":1461,"tested":18118,"color":"rgb(31,119,180)"},{"description":"Female","count":1199,"tested":14779,"color":"rgb(255,127,14)"}]}
