{"age":[{"age_group":"<20","count":529,"tested":8981},{"age_group":"20-29   ","count":242,"tested":4631},{"age_group":"30-39   ","count":162,"tested":3240},{"age_group":"40-49   ","count":208,"tested":4040},{"age_group":"50-59   ","count":257,"tested":4764},{"age_group":"60-69   ","count":135,"tested":3168},{"age_group":"70-79   ","count":70,"tested":1703},{"age_group":"80+","count":45,"tested":962}],"race":[{"description":"White","count":920,"tested":15433,"color":"rgb(31,119,180)"},{"description":"Hispanic","count":176,"tested":1285,"color":"rgb(214,39,40)"},{"description":"Asian","count":38,"tested":723,"color":"rgb(140,86,75)"},{"description":"Black","count":12,"tested":105,"color":"rgb(255,127,14)"},{"description":"Left Blank","count":345,"tested":11396,"color":"rgb(44,160,44)"},{"description":"Other","count":155,"tested":2484,"color":"rgb(148,103,189)"}],"gender":[{"description":"Unknown/Left Blank","count":13,"tested":174,"color":"rgb(44,160,44)"},{"description":"Male","count":865,"tested":15074,"color":"rgb(31,119,180)"},{"description":"Female","count":770,"tested":16244,"color":"rgb(255,127,14)"}]}
