{"age":[{"age_group":"<20","count":492,"tested":6072},{"age_group":"20-29   ","count":540,"tested":7139},{"age_group":"30-39   ","count":599,"tested":7107},{"age_group":"40-49   ","count":496,"tested":6268},{"age_group":"50-59   ","count":453,"tested":6411},{"age_group":"60-69   ","count":298,"tested":5657},{"age_group":"70-79   ","count":109,"tested":2651},{"age_group":"80+","count":38,"tested":1831}],"race":[{"description":"Other","count":110,"tested":1575,"color":"rgb(148,103,189)"},{"description":"AI/AN**","count":10,"tested":50,"color":"rgb(31,119,180)"},{"description":"NH/PI*","count":6,"tested":47,"color":"rgb(127,127,127)"},{"description":"Black","count":272,"tested":2684,"color":"rgb(255,127,14)"},{"description":"Asian","count":203,"tested":2416,"color":"rgb(140,86,75)"},{"description":"White","count":1311,"tested":13844,"color":"rgb(31,119,180)"},{"description":"Left Blank","count":607,"tested":20007,"color":"rgb(44,160,44)"},{"description":"Hispanic","count":506,"tested":2530,"color":"rgb(214,39,40)"}],"gender":[{"description":"Female","count":1550,"tested":24812,"color":"rgb(255,127,14)"},{"description":"Male","count":1453,"tested":17802,"color":"rgb(31,119,180)"},{"description":"Unknown/Left Blank","count":22,"tested":539,"color":"rgb(44,160,44)"}]}
