{"age":[{"age_group":"<20","count":23,"tested":171},{"age_group":"20-29   ","count":18,"tested":187},{"age_group":"30-39   ","count":21,"tested":185},{"age_group":"40-49   ","count":19,"tested":108},{"age_group":"50-59   ","count":22,"tested":150},{"age_group":"60-69   ","count":16,"tested":147},{"age_group":"70-79   ","count":10,"tested":91}],"race":[{"description":"White","count":104,"tested":504,"color":"rgb(31,119,180)"},{"description":"Left Blank","count":8,"tested":498,"color":"rgb(44,160,44)"},{"description":"Hispanic","count":18,"tested":34,"color":"rgb(214,39,40)"}],"gender":[{"description":"Male","count":59,"tested":484,"color":"rgb(31,119,180)"},{"description":"Female","count":75,"tested":595,"color":"rgb(255,127,14)"}]}
