{"age":[{"age_group":"20-29   ","count":9,"tested":114},{"age_group":"30-39   ","count":10,"tested":231},{"age_group":"40-49   ","count":9,"tested":173},{"age_group":"50-59   ","count":7,"tested":212},{"age_group":"60-69   ","count":7,"tested":119}],"race":[{"description":"Left Blank","count":11,"tested":273,"color":"rgb(44,160,44)"},{"description":"White","count":30,"tested":688,"color":"rgb(31,119,180)"}],"gender":[{"description":"Male","count":20,"tested":387,"color":"rgb(31,119,180)"},{"description":"Female","count":25,"tested":720,"color":"rgb(255,127,14)"}]}
