{"age":[{"age_group":"<20","count":20,"tested":179},{"age_group":"20-29   ","count":10,"tested":120},{"age_group":"30-39   ","count":19,"tested":124},{"age_group":"40-49   ","count":16,"tested":133},{"age_group":"50-59   ","count":25,"tested":136},{"age_group":"60-69   ","count":10,"tested":124},{"age_group":"70-79   ","count":6,"tested":89}],"race":[{"description":"White","count":89,"tested":637,"color":"rgb(31,119,180)"},{"description":"Left Blank","count":17,"tested":249,"color":"rgb(44,160,44)"}],"gender":[{"description":"Female","count":58,"tested":601,"color":"rgb(255,127,14)"},{"description":"Male","count":52,"tested":349,"color":"rgb(31,119,180)"}]}
