{"age":[{"age_group":"<20","count":407,"tested":4855},{"age_group":"20-29   ","count":623,"tested":9743},{"age_group":"30-39   ","count":649,"tested":11419},{"age_group":"40-49   ","count":544,"tested":10968},{"age_group":"50-59   ","count":531,"tested":11934},{"age_group":"60-69   ","count":446,"tested":10736},{"age_group":"70-79   ","count":251,"tested":4995},{"age_group":"80+","count":188,"tested":3250}],"race":[{"description":"Other","count":60,"tested":861,"color":"rgb(148,103,189)"},{"description":"Black","count":2592,"tested":33137,"color":"rgb(255,127,14)"},{"description":"White","count":49,"tested":1277,"color":"rgb(31,119,180)"},{"description":"Asian","count":10,"tested":220,"color":"rgb(140,86,75)"},{"description":"Left Blank","count":833,"tested":31457,"color":"rgb(44,160,44)"},{"description":"Hispanic","count":86,"tested":825,"color":"rgb(214,39,40)"}],"gender":[{"description":"Male","count":1509,"tested":26852,"color":"rgb(31,119,180)"},{"description":"Female","count":2083,"tested":38293,"color":"rgb(255,127,14)"},{"description":"Unknown/Left Blank","count":47,"tested":2778,"color":"rgb(44,160,44)"}]}
