{"age":[{"age_group":"<20","count":113,"tested":970},{"age_group":"20-29   ","count":147,"tested":1496},{"age_group":"30-39   ","count":154,"tested":1778},{"age_group":"40-49   ","count":156,"tested":1777},{"age_group":"50-59   ","count":158,"tested":1821},{"age_group":"60-69   ","count":109,"tested":1542},{"age_group":"70-79   ","count":50,"tested":883},{"age_group":"80+","count":20,"tested":289}],"race":[{"description":"Hispanic","count":151,"tested":797,"color":"rgb(214,39,40)"},{"description":"White","count":58,"tested":789,"color":"rgb(31,119,180)"},{"description":"Left Blank","count":174,"tested":3710,"color":"rgb(44,160,44)"},{"description":"Black","count":471,"tested":4870,"color":"rgb(255,127,14)"},{"description":"Asian","count":14,"tested":101,"color":"rgb(140,86,75)"},{"description":"Other","count":36,"tested":287,"color":"rgb(148,103,189)"}],"gender":[{"description":"Unknown/Left Blank","count":13,"tested":405,"color":"rgb(44,160,44)"},{"description":"Male","count":408,"tested":4201,"color":"rgb(31,119,180)"},{"description":"Female","count":486,"tested":5952,"color":"rgb(255,127,14)"}]}
