{"age":[{"age_group":"30-39   ","count":12,"tested":85},{"age_group":"40-49   ","count":11,"tested":158},{"age_group":"50-59   ","count":7,"tested":88},{"age_group":"60-69   ","count":7,"tested":130}],"race":[{"description":"White","count":48,"tested":505,"color":"rgb(31,119,180)"},{"description":"Left Blank","count":8,"tested":212,"color":"rgb(44,160,44)"}],"gender":[{"description":"Female","count":28,"tested":439,"color":"rgb(255,127,14)"},{"description":"Male","count":31,"tested":282,"color":"rgb(31,119,180)"}]}
