{"age":[{"age_group":"<20","count":268,"tested":3231},{"age_group":"20-29   ","count":176,"tested":4086},{"age_group":"30-39   ","count":142,"tested":3463},{"age_group":"40-49   ","count":211,"tested":3869},{"age_group":"50-59   ","count":181,"tested":4433},{"age_group":"60-69   ","count":112,"tested":4154},{"age_group":"70-79   ","count":49,"tested":2883},{"age_group":"80+","count":88,"tested":4667}],"race":[{"description":"White","count":621,"tested":10195,"color":"rgb(31,119,180)"},{"description":"Asian","count":6,"tested":254,"color":"rgb(140,86,75)"},{"description":"Hispanic","count":104,"tested":1313,"color":"rgb(214,39,40)"},{"description":"Black","count":40,"tested":1110,"color":"rgb(255,127,14)"},{"description":"Left Blank","count":403,"tested":17224,"color":"rgb(44,160,44)"},{"description":"Other","count":53,"tested":626,"color":"rgb(148,103,189)"}],"gender":[{"description":"Unknown/Left Blank","count":22,"tested":750,"color":"rgb(44,160,44)"},{"description":"Male","count":587,"tested":11611,"color":"rgb(31,119,180)"},{"description":"Female","count":618,"tested":18432,"color":"rgb(255,127,14)"}]}
