{"age":[{"age_group":"<20","count":28,"tested":261},{"age_group":"20-29   ","count":25,"tested":298},{"age_group":"30-39   ","count":16,"tested":302},{"age_group":"40-49   ","count":28,"tested":380},{"age_group":"50-59   ","count":13,"tested":253},{"age_group":"60-69   ","count":23,"tested":139},{"age_group":"70-79   ","count":19,"tested":113},{"age_group":"80+","count":50,"tested":347}],"race":[{"description":"White","count":132,"tested":1212,"color":"rgb(31,119,180)"},{"description":"Left Blank","count":62,"tested":855,"color":"rgb(44,160,44)"}],"gender":[{"description":"Male","count":78,"tested":821,"color":"rgb(31,119,180)"},{"description":"Female","count":122,"tested":1218,"color":"rgb(255,127,14)"}]}
