{"age":[{"age_group":"<20","count":100,"tested":1001},{"age_group":"20-29   ","count":133,"tested":1481},{"age_group":"30-39   ","count":100,"tested":1212},{"age_group":"40-49   ","count":131,"tested":1751},{"age_group":"50-59   ","count":146,"tested":1882},{"age_group":"60-69   ","count":139,"tested":1481},{"age_group":"70-79   ","count":49,"tested":768},{"age_group":"80+","count":28,"tested":385}],"race":[{"description":"Other","count":26,"tested":310,"color":"rgb(148,103,189)"},{"description":"Black","count":120,"tested":1398,"color":"rgb(255,127,14)"},{"description":"White","count":377,"tested":4294,"color":"rgb(31,119,180)"},{"description":"Left Blank","count":228,"tested":3247,"color":"rgb(44,160,44)"},{"description":"Hispanic","count":66,"tested":480,"color":"rgb(214,39,40)"}],"gender":[{"description":"Female","count":424,"tested":5831,"color":"rgb(255,127,14)"},{"description":"Male","count":399,"tested":3993,"color":"rgb(31,119,180)"}]}
