{"age":[{"age_group":"<20","count":286,"tested":3758},{"age_group":"20-29   ","count":292,"tested":3673},{"age_group":"30-39   ","count":249,"tested":2849},{"age_group":"40-49   ","count":268,"tested":2820},{"age_group":"50-59   ","count":264,"tested":3531},{"age_group":"60-69   ","count":230,"tested":3214},{"age_group":"70-79   ","count":143,"tested":2632},{"age_group":"80+","count":138,"tested":5865}],"race":[{"description":"Asian","count":66,"tested":524,"color":"rgb(140,86,75)"},{"description":"Left Blank","count":206,"tested":10964,"color":"rgb(44,160,44)"},{"description":"White","count":1160,"tested":13574,"color":"rgb(31,119,180)"},{"description":"Other","count":17,"tested":857,"color":"rgb(148,103,189)"},{"description":"Hispanic","count":229,"tested":999,"color":"rgb(214,39,40)"},{"description":"Black","count":189,"tested":1407,"color":"rgb(255,127,14)"}],"gender":[{"description":"Female","count":1033,"tested":17343,"color":"rgb(255,127,14)"},{"description":"Male","count":829,"tested":10463,"color":"rgb(31,119,180)"},{"description":"Unknown/Left Blank","count":8,"tested":540,"color":"rgb(44,160,44)"}]}
