{"age":[{"age_group":"<20","count":801,"tested":7504},{"age_group":"20-29   ","count":1009,"tested":11338},{"age_group":"30-39   ","count":940,"tested":10967},{"age_group":"40-49   ","count":934,"tested":11083},{"age_group":"50-59   ","count":849,"tested":11351},{"age_group":"60-69   ","count":612,"tested":10372},{"age_group":"70-79   ","count":310,"tested":5758},{"age_group":"80+","count":163,"tested":3362}],"race":[{"description":"NH/PI*","count":10,"tested":98,"color":"rgb(127,127,127)"},{"description":"Left Blank","count":854,"tested":28053,"color":"rgb(44,160,44)"},{"description":"Hispanic","count":2216,"tested":15714,"color":"rgb(214,39,40)"},{"description":"Black","count":359,"tested":4107,"color":"rgb(255,127,14)"},{"description":"Asian","count":90,"tested":1151,"color":"rgb(140,86,75)"},{"description":"White","count":1847,"tested":19557,"color":"rgb(31,119,180)"},{"description":"Other","count":238,"tested":3022,"color":"rgb(148,103,189)"}],"gender":[{"description":"Male","count":2677,"tested":29835,"color":"rgb(31,119,180)"},{"description":"Female","count":2896,"tested":40721,"color":"rgb(255,127,14)"},{"description":"Unknown/Left Blank","count":45,"tested":1198,"color":"rgb(44,160,44)"}]}
