{"age":[{"age_group":"<20","count":261,"tested":1648},{"age_group":"20-29   ","count":306,"tested":2344},{"age_group":"30-39   ","count":259,"tested":1965},{"age_group":"40-49   ","count":257,"tested":1804},{"age_group":"50-59   ","count":190,"tested":1499},{"age_group":"60-69   ","count":126,"tested":1252},{"age_group":"70-79   ","count":47,"tested":517},{"age_group":"80+","count":30,"tested":360}],"race":[{"description":"Black","count":67,"tested":714,"color":"rgb(255,127,14)"},{"description":"Hispanic","count":709,"tested":3213,"color":"rgb(214,39,40)"},{"description":"Left Blank","count":365,"tested":4164,"color":"rgb(44,160,44)"},{"description":"White","count":225,"tested":2235,"color":"rgb(31,119,180)"},{"description":"Other","count":102,"tested":948,"color":"rgb(148,103,189)"}],"gender":[{"description":"Male","count":721,"tested":4936,"color":"rgb(31,119,180)"},{"description":"Female","count":746,"tested":6367,"color":"rgb(255,127,14)"}]}
