{"age":[{"age_group":"<20","count":492,"tested":4755},{"age_group":"20-29   ","count":637,"tested":8031},{"age_group":"30-39   ","count":582,"tested":7414},{"age_group":"40-49   ","count":490,"tested":5971},{"age_group":"50-59   ","count":486,"tested":5853},{"age_group":"60-69   ","count":300,"tested":4638},{"age_group":"70-79   ","count":134,"tested":2157},{"age_group":"80+","count":127,"tested":2510}],"race":[{"description":"Hispanic","count":737,"tested":3898,"color":"rgb(214,39,40)"},{"description":"AI/AN**","count":23,"tested":75,"color":"rgb(31,119,180)"},{"description":"Left Blank","count":1058,"tested":21321,"color":"rgb(44,160,44)"},{"description":"NH/PI*","count":6,"tested":80,"color":"rgb(127,127,127)"},{"description":"Other","count":141,"tested":1002,"color":"rgb(148,103,189)"},{"description":"White","count":804,"tested":9231,"color":"rgb(31,119,180)"},{"description":"Asian","count":349,"tested":4417,"color":"rgb(140,86,75)"},{"description":"Black","count":130,"tested":1324,"color":"rgb(255,127,14)"}],"gender":[{"description":"Male","count":1580,"tested":18345,"color":"rgb(31,119,180)"},{"description":"Female","count":1640,"tested":22331,"color":"rgb(255,127,14)"},{"description":"Unknown/Left Blank","count":28,"tested":672,"color":"rgb(44,160,44)"}]}
