{"age":[{"age_group":"<20","count":168,"tested":1607},{"age_group":"20-29   ","count":112,"tested":1456},{"age_group":"30-39   ","count":111,"tested":1291},{"age_group":"40-49   ","count":93,"tested":1162},{"age_group":"50-59   ","count":85,"tested":1321},{"age_group":"60-69   ","count":93,"tested":1077},{"age_group":"70-79   ","count":34,"tested":1006},{"age_group":"80+","count":37,"tested":1204}],"race":[{"description":"Left Blank","count":39,"tested":2009,"color":"rgb(44,160,44)"},{"description":"Hispanic","count":97,"tested":621,"color":"rgb(214,39,40)"},{"description":"White","count":569,"tested":7181,"color":"rgb(31,119,180)"},{"description":"Other","count":23,"tested":201,"color":"rgb(148,103,189)"}],"gender":[{"description":"Female","count":399,"tested":5756,"color":"rgb(255,127,14)"},{"description":"Male","count":327,"tested":3778,"color":"rgb(31,119,180)"},{"description":"Unknown/Left Blank","count":7,"tested":594,"color":"rgb(44,160,44)"}]}
