{"age":[{"age_group":"<20","count":538,"tested":5605},{"age_group":"20-29   ","count":496,"tested":7836},{"age_group":"30-39   ","count":427,"tested":6410},{"age_group":"40-49   ","count":452,"tested":5765},{"age_group":"50-59   ","count":503,"tested":6120},{"age_group":"60-69   ","count":197,"tested":3592},{"age_group":"70-79   ","count":116,"tested":2894},{"age_group":"80+","count":119,"tested":4272}],"race":[{"description":"Black","count":75,"tested":753,"color":"rgb(255,127,14)"},{"description":"Asian","count":131,"tested":1890,"color":"rgb(140,86,75)"},{"description":"Other","count":66,"tested":689,"color":"rgb(148,103,189)"},{"description":"Hispanic","count":537,"tested":2843,"color":"rgb(214,39,40)"},{"description":"Left Blank","count":879,"tested":24830,"color":"rgb(44,160,44)"},{"description":"White","count":1155,"tested":11382,"color":"rgb(31,119,180)"}],"gender":[{"description":"Unknown/Left Blank","count":59,"tested":753,"color":"rgb(44,160,44)"},{"description":"Female","count":1405,"tested":26154,"color":"rgb(255,127,14)"},{"description":"Male","count":1386,"tested":15596,"color":"rgb(31,119,180)"}]}
