{"age":[{"age_group":"<20","count":147,"tested":2778},{"age_group":"20-29   ","count":261,"tested":5360},{"age_group":"30-39   ","count":193,"tested":4785},{"age_group":"40-49   ","count":170,"tested":3668},{"age_group":"50-59   ","count":182,"tested":3790},{"age_group":"60-69   ","count":126,"tested":3521},{"age_group":"70-79   ","count":65,"tested":2336},{"age_group":"80+","count":30,"tested":1094}],"race":[{"description":"White","count":510,"tested":11235,"color":"rgb(31,119,180)"},{"description":"Left Blank","count":399,"tested":12707,"color":"rgb(44,160,44)"},{"description":"Other","count":18,"tested":589,"color":"rgb(148,103,189)"},{"description":"Black","count":182,"tested":2043,"color":"rgb(255,127,14)"},{"description":"Asian","count":21,"tested":292,"color":"rgb(140,86,75)"},{"description":"Hispanic","count":30,"tested":294,"color":"rgb(214,39,40)"}],"gender":[{"description":"Female","count":597,"tested":16274,"color":"rgb(255,127,14)"},{"description":"Male","count":461,"tested":10461,"color":"rgb(31,119,180)"},{"description":"Unknown/Left Blank","count":91,"tested":597,"color":"rgb(44,160,44)"}]}
