{"age":[{"age_group":"<20","count":7,"tested":114},{"age_group":"30-39   ","count":8,"tested":70},{"age_group":"40-49   ","count":11,"tested":107},{"age_group":"50-59   ","count":8,"tested":133},{"age_group":"60-69   ","count":10,"tested":101}],"race":[{"description":"White","count":27,"tested":435,"color":"rgb(31,119,180)"},{"description":"Left Blank","count":14,"tested":199,"color":"rgb(44,160,44)"}],"gender":[{"description":"Female","count":25,"tested":422,"color":"rgb(255,127,14)"},{"description":"Male","count":21,"tested":242,"color":"rgb(31,119,180)"}]}
