{"age":[{"age_group":"<20","count":11,"tested":72},{"age_group":"20-29   ","count":8,"tested":60},{"age_group":"30-39   ","count":10,"tested":94},{"age_group":"40-49   ","count":9,"tested":82},{"age_group":"50-59   ","count":10,"tested":102},{"age_group":"60-69   ","count":12,"tested":62}],"race":[{"description":"Left Blank","count":28,"tested":124,"color":"rgb(44,160,44)"},{"description":"White","count":35,"tested":409,"color":"rgb(31,119,180)"}],"gender":[{"description":"Female","count":39,"tested":318,"color":"rgb(255,127,14)"},{"description":"Male","count":25,"tested":231,"color":"rgb(31,119,180)"}]}
