{"age":[{"age_group":"<20","count":18,"tested":263},{"age_group":"20-29   ","count":20,"tested":307},{"age_group":"30-39   ","count":23,"tested":297},{"age_group":"40-49   ","count":19,"tested":253},{"age_group":"50-59   ","count":24,"tested":318},{"age_group":"60-69   ","count":13,"tested":192},{"age_group":"70-79   ","count":11,"tested":180}],"race":[{"description":"White","count":47,"tested":964,"color":"rgb(31,119,180)"},{"description":"Left Blank","count":70,"tested":858,"color":"rgb(44,160,44)"}],"gender":[{"description":"Unknown/Left Blank","count":22,"tested":11,"color":"rgb(44,160,44)"},{"description":"Female","count":50,"tested":1124,"color":"rgb(255,127,14)"},{"description":"Male","count":49,"tested":744,"color":"rgb(31,119,180)"}]}
