{"age":[{"age_group":"<20","count":104,"tested":1716},{"age_group":"20-29   ","count":81,"tested":1530},{"age_group":"30-39   ","count":81,"tested":1770},{"age_group":"40-49   ","count":69,"tested":1563},{"age_group":"50-59   ","count":71,"tested":1359},{"age_group":"60-69   ","count":38,"tested":1012},{"age_group":"70-79   ","count":22,"tested":598},{"age_group":"80+","count":12,"tested":492}],"race":[{"description":"Left Blank","count":207,"tested":4270,"color":"rgb(44,160,44)"},{"description":"White","count":218,"tested":5164,"color":"rgb(31,119,180)"},{"description":"Black","count":13,"tested":207,"color":"rgb(255,127,14)"}],"gender":[{"description":"Female","count":212,"tested":5759,"color":"rgb(255,127,14)"},{"description":"Male","count":204,"tested":4231,"color":"rgb(31,119,180)"},{"description":"Unknown/Left Blank","count":32,"tested":50,"color":"rgb(44,160,44)"}]}
