{"age":[{"age_group":"<20","count":8,"tested":63},{"age_group":"20-29   ","count":9,"tested":65},{"age_group":"30-39   ","count":10,"tested":57},{"age_group":"50-59   ","count":9,"tested":67},{"age_group":"60-69   ","count":13,"tested":79},{"age_group":"70-79   ","count":11,"tested":45}],"race":[{"description":"Left Blank","count":28,"tested":163,"color":"rgb(44,160,44)"},{"description":"White","count":34,"tested":207,"color":"rgb(31,119,180)"}],"gender":[{"description":"Male","count":28,"tested":146,"color":"rgb(31,119,180)"},{"description":"Female","count":34,"tested":298,"color":"rgb(255,127,14)"}]}
