{"age":[{"age_group":"<20","count":721,"tested":6643},{"age_group":"20-29   ","count":1139,"tested":13263},{"age_group":"30-39   ","count":1094,"tested":13266},{"age_group":"40-49   ","count":876,"tested":11483},{"age_group":"50-59   ","count":1038,"tested":14201},{"age_group":"60-69   ","count":824,"tested":12897},{"age_group":"70-79   ","count":372,"tested":5738},{"age_group":"80+","count":296,"tested":4819}],"race":[{"description":"Hispanic","count":940,"tested":6165,"color":"rgb(214,39,40)"},{"description":"AI/AN**","count":33,"tested":252,"color":"rgb(31,119,180)"},{"description":"Left Blank","count":1531,"tested":37577,"color":"rgb(44,160,44)"},{"description":"NH/PI*","count":24,"tested":265,"color":"rgb(127,127,127)"},{"description":"Black","count":159,"tested":2282,"color":"rgb(255,127,14)"},{"description":"Asian","count":900,"tested":9792,"color":"rgb(140,86,75)"},{"description":"White","count":2200,"tested":22519,"color":"rgb(31,119,180)"},{"description":"Other","count":573,"tested":3491,"color":"rgb(148,103,189)"}],"gender":[{"description":"Unknown/Left Blank","count":49,"tested":1211,"color":"rgb(44,160,44)"},{"description":"Female","count":3217,"tested":48256,"color":"rgb(255,127,14)"},{"description":"Male","count":3094,"tested":32876,"color":"rgb(31,119,180)"}]}
