{"age":[{"age_group":"<20","count":529,"tested":4732},{"age_group":"20-29   ","count":728,"tested":7719},{"age_group":"30-39   ","count":576,"tested":6389},{"age_group":"40-49   ","count":579,"tested":6267},{"age_group":"50-59   ","count":617,"tested":6406},{"age_group":"60-69   ","count":464,"tested":6149},{"age_group":"70-79   ","count":266,"tested":4353},{"age_group":"80+","count":177,"tested":3775}],"race":[{"description":"Black","count":116,"tested":2736,"color":"rgb(255,127,14)"},{"description":"Asian","count":75,"tested":1168,"color":"rgb(140,86,75)"},{"description":"White","count":1806,"tested":17903,"color":"rgb(31,119,180)"},{"description":"Other","count":170,"tested":1564,"color":"rgb(148,103,189)"},{"description":"Left Blank","count":1563,"tested":20798,"color":"rgb(44,160,44)"},{"description":"Hispanic","count":202,"tested":1531,"color":"rgb(214,39,40)"}],"gender":[{"description":"Male","count":1829,"tested":17874,"color":"rgb(31,119,180)"},{"description":"Female","count":2077,"tested":27201,"color":"rgb(255,127,14)"},{"description":"Unknown/Left Blank","count":32,"tested":729,"color":"rgb(44,160,44)"}]}
