{"age":[{"age_group":"<20","count":13,"tested":140},{"age_group":"20-29   ","count":16,"tested":139},{"age_group":"30-39   ","count":20,"tested":83},{"age_group":"40-49   ","count":16,"tested":104},{"age_group":"50-59   ","count":19,"tested":160},{"age_group":"60-69   ","count":16,"tested":102}],"race":[{"description":"White","count":87,"tested":561,"color":"rgb(31,119,180)"},{"description":"Left Blank","count":18,"tested":225,"color":"rgb(44,160,44)"}],"gender":[{"description":"Female","count":58,"tested":437,"color":"rgb(255,127,14)"},{"description":"Male","count":48,"tested":357,"color":"rgb(31,119,180)"}]}
