{"age":[{"age_group":"<20","count":194,"tested":2120},{"age_group":"20-29   ","count":244,"tested":2964},{"age_group":"30-39   ","count":280,"tested":3427},{"age_group":"40-49   ","count":256,"tested":3080},{"age_group":"50-59   ","count":230,"tested":3434},{"age_group":"60-69   ","count":158,"tested":2542},{"age_group":"70-79   ","count":78,"tested":2120},{"age_group":"80+","count":91,"tested":8091}],"race":[{"description":"AI/AN**","count":6,"tested":23,"color":"rgb(31,119,180)"},{"description":"White","count":490,"tested":5777,"color":"rgb(31,119,180)"},{"description":"Left Blank","count":530,"tested":17990,"color":"rgb(44,160,44)"},{"description":"Other","count":53,"tested":462,"color":"rgb(148,103,189)"},{"description":"Black","count":53,"tested":592,"color":"rgb(255,127,14)"},{"description":"Hispanic","count":221,"tested":1128,"color":"rgb(214,39,40)"},{"description":"Asian","count":177,"tested":2016,"color":"rgb(140,86,75)"}],"gender":[{"description":"Female","count":825,"tested":17368,"color":"rgb(255,127,14)"},{"description":"Unknown/Left Blank","count":8,"tested":544,"color":"rgb(44,160,44)"},{"description":"Male","count":698,"tested":10124,"color":"rgb(31,119,180)"}]}
