{"age":[{"age_group":"<20","count":803,"tested":10111},{"age_group":"20-29   ","count":573,"tested":8467},{"age_group":"30-39   ","count":331,"tested":5608},{"age_group":"40-49   ","count":529,"tested":7192},{"age_group":"50-59   ","count":655,"tested":8926},{"age_group":"60-69   ","count":260,"tested":4765},{"age_group":"70-79   ","count":112,"tested":2596},{"age_group":"80+","count":38,"tested":1813}],"race":[{"description":"Black","count":117,"tested":1778,"color":"rgb(255,127,14)"},{"description":"Asian","count":344,"tested":5753,"color":"rgb(140,86,75)"},{"description":"Other","count":114,"tested":2179,"color":"rgb(148,103,189)"},{"description":"AI/AN**","count":10,"tested":107,"color":"rgb(31,119,180)"},{"description":"White","count":1428,"tested":16984,"color":"rgb(31,119,180)"},{"description":"Left Blank","count":1148,"tested":21329,"color":"rgb(44,160,44)"},{"description":"Hispanic","count":140,"tested":1312,"color":"rgb(214,39,40)"}],"gender":[{"description":"Female","count":1660,"tested":27111,"color":"rgb(255,127,14)"},{"description":"Male","count":1610,"tested":22049,"color":"rgb(31,119,180)"},{"description":"Unknown/Left Blank","count":32,"tested":329,"color":"rgb(44,160,44)"}]}
