{"age":[{"age_group":"<20","count":798,"tested":8308},{"age_group":"20-29   ","count":480,"tested":7058},{"age_group":"30-39   ","count":465,"tested":6795},{"age_group":"40-49   ","count":465,"tested":6038},{"age_group":"50-59   ","count":526,"tested":7061},{"age_group":"60-69   ","count":316,"tested":5402},{"age_group":"70-79   ","count":149,"tested":2827},{"age_group":"80+","count":118,"tested":3229}],"race":[{"description":"Black","count":75,"tested":733,"color":"rgb(255,127,14)"},{"description":"Asian","count":175,"tested":1245,"color":"rgb(140,86,75)"},{"description":"Hispanic","count":251,"tested":1335,"color":"rgb(214,39,40)"},{"description":"Left Blank","count":614,"tested":23116,"color":"rgb(44,160,44)"},{"description":"Other","count":96,"tested":1182,"color":"rgb(148,103,189)"},{"description":"White","count":2094,"tested":19043,"color":"rgb(31,119,180)"},{"description":"NH/PI*","count":6,"tested":32,"color":"rgb(127,127,127)"},{"description":"AI/AN**","count":6,"tested":39,"color":"rgb(31,119,180)"}],"gender":[{"description":"Male","count":1635,"tested":20520,"color":"rgb(31,119,180)"},{"description":"Unknown/Left Blank","count":21,"tested":540,"color":"rgb(44,160,44)"},{"description":"Female","count":1661,"tested":25665,"color":"rgb(255,127,14)"}]}
