{"age":[{"age_group":"<20","count":419,"tested":3520},{"age_group":"20-29   ","count":353,"tested":3352},{"age_group":"30-39   ","count":338,"tested":2932},{"age_group":"40-49   ","count":321,"tested":3003},{"age_group":"50-59   ","count":305,"tested":2694},{"age_group":"60-69   ","count":211,"tested":2035},{"age_group":"70-79   ","count":100,"tested":1045},{"age_group":"80+","count":42,"tested":658}],"race":[{"description":"Other","count":33,"tested":338,"color":"rgb(148,103,189)"},{"description":"Left Blank","count":263,"tested":8130,"color":"rgb(44,160,44)"},{"description":"Hispanic","count":702,"tested":2578,"color":"rgb(214,39,40)"},{"description":"White","count":570,"tested":4442,"color":"rgb(31,119,180)"},{"description":"Black","count":514,"tested":3669,"color":"rgb(255,127,14)"}],"gender":[{"description":"Unknown/Left Blank","count":25,"tested":612,"color":"rgb(44,160,44)"},{"description":"Male","count":970,"tested":7646,"color":"rgb(31,119,180)"},{"description":"Female","count":1094,"tested":10981,"color":"rgb(255,127,14)"}]}
