{"age":[{"age_group":"<20","count":116,"tested":1839},{"age_group":"20-29   ","count":701,"tested":11981},{"age_group":"30-39   ","count":647,"tested":13122},{"age_group":"40-49   ","count":204,"tested":3385},{"age_group":"50-59   ","count":144,"tested":2046},{"age_group":"60-69   ","count":106,"tested":1372},{"age_group":"70-79   ","count":56,"tested":765},{"age_group":"80+","count":45,"tested":332}],"race":[{"description":"Asian","count":37,"tested":1296,"color":"rgb(140,86,75)"},{"description":"Black","count":157,"tested":1870,"color":"rgb(255,127,14)"},{"description":"Hispanic","count":372,"tested":2883,"color":"rgb(214,39,40)"},{"description":"White","count":722,"tested":11877,"color":"rgb(31,119,180)"},{"description":"Other","count":115,"tested":1916,"color":"rgb(148,103,189)"},{"description":"Left Blank","count":611,"tested":14952,"color":"rgb(44,160,44)"}],"gender":[{"description":"Female","count":932,"tested":17863,"color":"rgb(255,127,14)"},{"description":"Male","count":1007,"tested":16362,"color":"rgb(31,119,180)"},{"description":"Unknown/Left Blank","count":80,"tested":626,"color":"rgb(44,160,44)"}]}
