{"age":[{"age_group":"<20","count":3074,"tested":18792},{"age_group":"20-29   ","count":3540,"tested":28046},{"age_group":"30-39   ","count":2980,"tested":20601},{"age_group":"40-49   ","count":3073,"tested":19214},{"age_group":"50-59   ","count":2273,"tested":15413},{"age_group":"60-69   ","count":1318,"tested":10558},{"age_group":"70-79   ","count":477,"tested":4844},{"age_group":"80+","count":197,"tested":2208}],"race":[{"description":"Hispanic","count":10440,"tested":49069,"color":"rgb(214,39,40)"},{"description":"Asian","count":27,"tested":369,"color":"rgb(140,86,75)"},{"description":"Black","count":1155,"tested":12010,"color":"rgb(255,127,14)"},{"description":"White","count":805,"tested":9114,"color":"rgb(31,119,180)"},{"description":"Other","count":669,"tested":5864,"color":"rgb(148,103,189)"},{"description":"Left Blank","count":3799,"tested":42970,"color":"rgb(44,160,44)"},{"description":"AI/AN**","count":28,"tested":240,"color":"rgb(31,119,180)"},{"description":"NH/PI*","count":9,"tested":80,"color":"rgb(127,127,127)"}],"gender":[{"description":"Female","count":8747,"tested":66915,"color":"rgb(255,127,14)"},{"description":"Male","count":8078,"tested":51522,"color":"rgb(31,119,180)"},{"description":"Unknown/Left Blank","count":107,"tested":1279,"color":"rgb(44,160,44)"}]}
