{"age":[{"age_group":"<20","count":321,"tested":3467},{"age_group":"20-29   ","count":426,"tested":7504},{"age_group":"30-39   ","count":483,"tested":9965},{"age_group":"40-49   ","count":437,"tested":9948},{"age_group":"50-59   ","count":359,"tested":7477},{"age_group":"60-69   ","count":264,"tested":5109},{"age_group":"70-79   ","count":147,"tested":2614},{"age_group":"80+","count":119,"tested":2291}],"race":[{"description":"Left Blank","count":1051,"tested":36080,"color":"rgb(44,160,44)"},{"description":"White","count":794,"tested":9417,"color":"rgb(31,119,180)"},{"description":"Hispanic","count":314,"tested":1594,"color":"rgb(214,39,40)"},{"description":"Other","count":69,"tested":769,"color":"rgb(148,103,189)"},{"description":"Black","count":283,"tested":1742,"color":"rgb(255,127,14)"},{"description":"Asian","count":40,"tested":281,"color":"rgb(140,86,75)"}],"gender":[{"description":"Unknown/Left Blank","count":33,"tested":10209,"color":"rgb(44,160,44)"},{"description":"Female","count":1157,"tested":17512,"color":"rgb(255,127,14)"},{"description":"Male","count":1366,"tested":22195,"color":"rgb(31,119,180)"}]}
