{"age":[{"age_group":"<20","count":160,"tested":5400},{"age_group":"20-29   ","count":99,"tested":2804},{"age_group":"30-39   ","count":90,"tested":1915},{"age_group":"40-49   ","count":92,"tested":2944},{"age_group":"50-59   ","count":109,"tested":2886},{"age_group":"60-69   ","count":63,"tested":2500},{"age_group":"70-79   ","count":44,"tested":1806},{"age_group":"80+","count":62,"tested":2232}],"race":[{"description":"Other","count":51,"tested":840,"color":"rgb(148,103,189)"},{"description":"Left Blank","count":154,"tested":7163,"color":"rgb(44,160,44)"},{"description":"Asian","count":31,"tested":1090,"color":"rgb(140,86,75)"},{"description":"Black","count":28,"tested":430,"color":"rgb(255,127,14)"},{"description":"Hispanic","count":83,"tested":1816,"color":"rgb(214,39,40)"},{"description":"White","count":370,"tested":11072,"color":"rgb(31,119,180)"}],"gender":[{"description":"Female","count":360,"tested":11797,"color":"rgb(255,127,14)"},{"description":"Male","count":347,"tested":10489,"color":"rgb(31,119,180)"}]}
