{"age":[{"age_group":"<20","count":89,"tested":876},{"age_group":"20-29   ","count":127,"tested":1339},{"age_group":"30-39   ","count":95,"tested":1083},{"age_group":"40-49   ","count":126,"tested":1599},{"age_group":"50-59   ","count":134,"tested":1702},{"age_group":"60-69   ","count":132,"tested":1354},{"age_group":"70-79   ","count":49,"tested":700},{"age_group":"80+","count":27,"tested":359}],"race":[{"description":"Other","count":22,"tested":285,"color":"rgb(148,103,189)"},{"description":"Black","count":115,"tested":1227,"color":"rgb(255,127,14)"},{"description":"White","count":358,"tested":3845,"color":"rgb(31,119,180)"},{"description":"Left Blank","count":216,"tested":3037,"color":"rgb(44,160,44)"},{"description":"Hispanic","count":59,"tested":411,"color":"rgb(214,39,40)"}],"gender":[{"description":"Female","count":397,"tested":5288,"color":"rgb(255,127,14)"},{"description":"Male","count":379,"tested":3601,"color":"rgb(31,119,180)"}]}
