{"age":[{"age_group":"<20","count":1558,"tested":12031},{"age_group":"20-29   ","count":1921,"tested":20851},{"age_group":"30-39   ","count":1574,"tested":15747},{"age_group":"40-49   ","count":1676,"tested":15297},{"age_group":"50-59   ","count":1465,"tested":18785},{"age_group":"60-69   ","count":849,"tested":13228},{"age_group":"70-79   ","count":294,"tested":5306},{"age_group":"80+","count":156,"tested":2443}],"race":[{"description":"Left Blank","count":1780,"tested":44600,"color":"rgb(44,160,44)"},{"description":"AI/AN**","count":13,"tested":88,"color":"rgb(31,119,180)"},{"description":"Hispanic","count":5821,"tested":30601,"color":"rgb(214,39,40)"},{"description":"Other","count":231,"tested":2664,"color":"rgb(148,103,189)"},{"description":"NH/PI*","count":10,"tested":191,"color":"rgb(127,127,127)"},{"description":"White","count":728,"tested":12656,"color":"rgb(31,119,180)"},{"description":"Black","count":803,"tested":10694,"color":"rgb(255,127,14)"},{"description":"Asian","count":111,"tested":2208,"color":"rgb(140,86,75)"}],"gender":[{"description":"Male","count":4497,"tested":46684,"color":"rgb(31,119,180)"},{"description":"Female","count":4880,"tested":55565,"color":"rgb(255,127,14)"},{"description":"Unknown/Left Blank","count":120,"tested":1453,"color":"rgb(44,160,44)"}]}
