{"age":[{"age_group":"<20","count":19,"tested":227},{"age_group":"20-29   ","count":27,"tested":702},{"age_group":"30-39   ","count":24,"tested":618},{"age_group":"40-49   ","count":15,"tested":621},{"age_group":"50-59   ","count":13,"tested":606},{"age_group":"60-69   ","count":9,"tested":348}],"race":[{"description":"Black","count":23,"tested":469,"color":"rgb(255,127,14)"},{"description":"Hispanic","count":16,"tested":269,"color":"rgb(214,39,40)"},{"description":"Left Blank","count":41,"tested":1220,"color":"rgb(44,160,44)"},{"description":"White","count":22,"tested":1009,"color":"rgb(31,119,180)"}],"gender":[{"description":"Male","count":58,"tested":1961,"color":"rgb(31,119,180)"},{"description":"Female","count":53,"tested":1302,"color":"rgb(255,127,14)"}]}
