{"age":[{"age_group":"<20","count":490,"tested":2941},{"age_group":"20-29   ","count":656,"tested":5518},{"age_group":"30-39   ","count":558,"tested":4199},{"age_group":"40-49   ","count":498,"tested":4379},{"age_group":"50-59   ","count":445,"tested":4487},{"age_group":"60-69   ","count":329,"tested":3830},{"age_group":"70-79   ","count":162,"tested":2739},{"age_group":"80+","count":89,"tested":2135}],"race":[{"description":"White","count":947,"tested":8347,"color":"rgb(31,119,180)"},{"description":"Left Blank","count":905,"tested":14117,"color":"rgb(44,160,44)"},{"description":"Hispanic","count":1087,"tested":5144,"color":"rgb(214,39,40)"},{"description":"Other","count":143,"tested":1242,"color":"rgb(148,103,189)"},{"description":"Asian","count":68,"tested":468,"color":"rgb(140,86,75)"},{"description":"Black","count":72,"tested":851,"color":"rgb(255,127,14)"}],"gender":[{"description":"Female","count":1700,"tested":17306,"color":"rgb(255,127,14)"},{"description":"Male","count":1522,"tested":12564,"color":"rgb(31,119,180)"}]}
