{"age":[{"age_group":"<20","count":155,"tested":1318},{"age_group":"20-29   ","count":167,"tested":1581},{"age_group":"30-39   ","count":135,"tested":1518},{"age_group":"40-49   ","count":119,"tested":1280},{"age_group":"50-59   ","count":159,"tested":1774},{"age_group":"60-69   ","count":102,"tested":1269},{"age_group":"70-79   ","count":35,"tested":754},{"age_group":"80+","count":9,"tested":238}],"race":[{"description":"Other","count":18,"tested":144,"color":"rgb(148,103,189)"},{"description":"Black","count":8,"tested":46,"color":"rgb(255,127,14)"},{"description":"White","count":536,"tested":5736,"color":"rgb(31,119,180)"},{"description":"Left Blank","count":235,"tested":3260,"color":"rgb(44,160,44)"},{"description":"Hispanic","count":81,"tested":439,"color":"rgb(214,39,40)"}],"gender":[{"description":"Female","count":440,"tested":5673,"color":"rgb(255,127,14)"},{"description":"Male","count":438,"tested":4028,"color":"rgb(31,119,180)"}]}
