{"age":[{"age_group":"20-29   ","count":48,"tested":1681},{"age_group":"30-39   ","count":94,"tested":2067},{"age_group":"40-49   ","count":86,"tested":2055},{"age_group":"50-59   ","count":74,"tested":1497},{"age_group":"60-69   ","count":57,"tested":824},{"age_group":"70-79   ","count":10,"tested":156}],"race":[{"description":"Black","count":206,"tested":1849,"color":"rgb(255,127,14)"},{"description":"Hispanic","count":50,"tested":246,"color":"rgb(214,39,40)"},{"description":"Left Blank","count":60,"tested":6418,"color":"rgb(44,160,44)"},{"description":"White","count":56,"tested":691,"color":"rgb(31,119,180)"}],"gender":[{"description":"Male","count":340,"tested":4905,"color":"rgb(31,119,180)"},{"description":"Unknown/Left Blank","count":8,"tested":4208,"color":"rgb(44,160,44)"},{"description":"Female","count":29,"tested":423,"color":"rgb(255,127,14)"}]}
