{"age":[{"age_group":"<20","count":158,"tested":1335},{"age_group":"20-29   ","count":273,"tested":2531},{"age_group":"30-39   ","count":210,"tested":2386},{"age_group":"40-49   ","count":187,"tested":2057},{"age_group":"50-59   ","count":139,"tested":2107},{"age_group":"60-69   ","count":147,"tested":2180},{"age_group":"70-79   ","count":77,"tested":2398},{"age_group":"80+","count":73,"tested":2568}],"race":[{"description":"Hispanic","count":135,"tested":1132,"color":"rgb(214,39,40)"},{"description":"Left Blank","count":472,"tested":6798,"color":"rgb(44,160,44)"},{"description":"Other","count":81,"tested":611,"color":"rgb(148,103,189)"},{"description":"Black","count":112,"tested":2999,"color":"rgb(255,127,14)"},{"description":"Asian","count":24,"tested":284,"color":"rgb(140,86,75)"},{"description":"White","count":435,"tested":5672,"color":"rgb(31,119,180)"}],"gender":[{"description":"Male","count":599,"tested":6978,"color":"rgb(31,119,180)"},{"description":"Female","count":655,"tested":10165,"color":"rgb(255,127,14)"},{"description":"Unknown/Left Blank","count":10,"tested":422,"color":"rgb(44,160,44)"}]}
