{"age":[{"age_group":"<20","count":25,"tested":350},{"age_group":"20-29   ","count":70,"tested":1344},{"age_group":"30-39   ","count":49,"tested":1085},{"age_group":"40-49   ","count":29,"tested":588},{"age_group":"50-59   ","count":20,"tested":527},{"age_group":"60-69   ","count":10,"tested":330},{"age_group":"70-79   ","count":7,"tested":269}],"race":[{"description":"Black","count":43,"tested":628,"color":"rgb(255,127,14)"},{"description":"Asian","count":15,"tested":267,"color":"rgb(140,86,75)"},{"description":"Hispanic","count":20,"tested":207,"color":"rgb(214,39,40)"},{"description":"Left Blank","count":46,"tested":1714,"color":"rgb(44,160,44)"},{"description":"Other","count":14,"tested":275,"color":"rgb(148,103,189)"},{"description":"White","count":74,"tested":1489,"color":"rgb(31,119,180)"}],"gender":[{"description":"Female","count":108,"tested":2444,"color":"rgb(255,127,14)"},{"description":"Male","count":103,"tested":1884,"color":"rgb(31,119,180)"}]}
