{"age":[{"age_group":"<20","count":370,"tested":3475},{"age_group":"20-29   ","count":398,"tested":4615},{"age_group":"30-39   ","count":406,"tested":4753},{"age_group":"40-49   ","count":397,"tested":4098},{"age_group":"50-59   ","count":391,"tested":4738},{"age_group":"60-69   ","count":286,"tested":4821},{"age_group":"70-79   ","count":145,"tested":2863},{"age_group":"80+","count":103,"tested":2511}],"race":[{"description":"Asian","count":116,"tested":1754,"color":"rgb(140,86,75)"},{"description":"Hispanic","count":677,"tested":3678,"color":"rgb(214,39,40)"},{"description":"Black","count":45,"tested":553,"color":"rgb(255,127,14)"},{"description":"Left Blank","count":600,"tested":13971,"color":"rgb(44,160,44)"},{"description":"White","count":935,"tested":11141,"color":"rgb(31,119,180)"},{"description":"Other","count":117,"tested":710,"color":"rgb(148,103,189)"}],"gender":[{"description":"Male","count":1225,"tested":13543,"color":"rgb(31,119,180)"},{"description":"Unknown/Left Blank","count":14,"tested":554,"color":"rgb(44,160,44)"},{"description":"Female","count":1257,"tested":17788,"color":"rgb(255,127,14)"}]}
