{"age":[{"age_group":"<20","count":9,"tested":159},{"age_group":"20-29   ","count":16,"tested":187},{"age_group":"30-39   ","count":14,"tested":212},{"age_group":"50-59   ","count":15,"tested":224},{"age_group":"60-69   ","count":14,"tested":259},{"age_group":"70-79   ","count":16,"tested":159},{"age_group":"80+","count":36,"tested":295}],"race":[{"description":"Left Blank","count":24,"tested":501,"color":"rgb(44,160,44)"},{"description":"White","count":95,"tested":1066,"color":"rgb(31,119,180)"}],"gender":[{"description":"Female","count":79,"tested":957,"color":"rgb(255,127,14)"},{"description":"Male","count":48,"tested":625,"color":"rgb(31,119,180)"}]}
