{"age":[{"age_group":"<20","count":81,"tested":923},{"age_group":"20-29   ","count":101,"tested":1050},{"age_group":"30-39   ","count":85,"tested":840},{"age_group":"40-49   ","count":114,"tested":808},{"age_group":"50-59   ","count":112,"tested":1108},{"age_group":"60-69   ","count":53,"tested":780},{"age_group":"70-79   ","count":36,"tested":391},{"age_group":"80+","count":7,"tested":157}],"race":[{"description":"Left Blank","count":122,"tested":1417,"color":"rgb(44,160,44)"},{"description":"Other","count":25,"tested":188,"color":"rgb(148,103,189)"},{"description":"Hispanic","count":30,"tested":206,"color":"rgb(214,39,40)"},{"description":"White","count":410,"tested":4142,"color":"rgb(31,119,180)"}],"gender":[{"description":"Female","count":289,"tested":3321,"color":"rgb(255,127,14)"},{"description":"Male","count":300,"tested":2633,"color":"rgb(31,119,180)"}]}
