{"age":[{"age_group":"<20","count":207,"tested":4438},{"age_group":"20-29   ","count":145,"tested":3378},{"age_group":"30-39   ","count":158,"tested":4166},{"age_group":"40-49   ","count":175,"tested":4293},{"age_group":"50-59   ","count":150,"tested":3585},{"age_group":"60-69   ","count":91,"tested":2148},{"age_group":"70-79   ","count":45,"tested":1153},{"age_group":"80+","count":12,"tested":365}],"race":[{"description":"Black","count":202,"tested":2748,"color":"rgb(255,127,14)"},{"description":"Asian","count":25,"tested":737,"color":"rgb(140,86,75)"},{"description":"White","count":458,"tested":10501,"color":"rgb(31,119,180)"},{"description":"Hispanic","count":90,"tested":1043,"color":"rgb(214,39,40)"},{"description":"Other","count":43,"tested":1143,"color":"rgb(148,103,189)"},{"description":"Left Blank","count":161,"tested":7261,"color":"rgb(44,160,44)"}],"gender":[{"description":"Male","count":500,"tested":10438,"color":"rgb(31,119,180)"},{"description":"Unknown/Left Blank","count":12,"tested":641,"color":"rgb(44,160,44)"},{"description":"Female","count":471,"tested":12450,"color":"rgb(255,127,14)"}]}
