{"age":[{"age_group":"<20","count":30,"tested":244},{"age_group":"20-29   ","count":36,"tested":425},{"age_group":"30-39   ","count":50,"tested":396},{"age_group":"40-49   ","count":43,"tested":348},{"age_group":"50-59   ","count":39,"tested":420},{"age_group":"60-69   ","count":34,"tested":471},{"age_group":"70-79   ","count":10,"tested":167},{"age_group":"80+","count":8,"tested":157}],"race":[{"description":"Hispanic","count":39,"tested":205,"color":"rgb(214,39,40)"},{"description":"Black","count":42,"tested":428,"color":"rgb(255,127,14)"},{"description":"Left Blank","count":86,"tested":1176,"color":"rgb(44,160,44)"},{"description":"White","count":78,"tested":766,"color":"rgb(31,119,180)"}],"gender":[{"description":"Female","count":120,"tested":1416,"color":"rgb(255,127,14)"},{"description":"Male","count":129,"tested":1176,"color":"rgb(31,119,180)"}]}
