{"age":[{"age_group":"<20","count":545,"tested":6085},{"age_group":"20-29   ","count":751,"tested":10790},{"age_group":"30-39   ","count":750,"tested":10413},{"age_group":"40-49   ","count":750,"tested":10415},{"age_group":"50-59   ","count":753,"tested":12698},{"age_group":"60-69   ","count":553,"tested":11895},{"age_group":"70-79   ","count":262,"tested":5192},{"age_group":"80+","count":188,"tested":2883}],"race":[{"description":"Other","count":89,"tested":874,"color":"rgb(148,103,189)"},{"description":"Left Blank","count":972,"tested":24525,"color":"rgb(44,160,44)"},{"description":"Asian","count":9,"tested":98,"color":"rgb(140,86,75)"},{"description":"Black","count":3332,"tested":43106,"color":"rgb(255,127,14)"},{"description":"Hispanic","count":91,"tested":742,"color":"rgb(214,39,40)"},{"description":"White","count":51,"tested":827,"color":"rgb(31,119,180)"}],"gender":[{"description":"Male","count":1836,"tested":27968,"color":"rgb(31,119,180)"},{"description":"Unknown/Left Blank","count":24,"tested":1235,"color":"rgb(44,160,44)"},{"description":"Female","count":2693,"tested":41198,"color":"rgb(255,127,14)"}]}
