{"age":[{"age_group":"<20","count":941,"tested":8113},{"age_group":"20-29   ","count":1088,"tested":12889},{"age_group":"30-39   ","count":985,"tested":11939},{"age_group":"40-49   ","count":933,"tested":10798},{"age_group":"50-59   ","count":835,"tested":12703},{"age_group":"60-69   ","count":488,"tested":8874},{"age_group":"70-79   ","count":275,"tested":6033},{"age_group":"80+","count":180,"tested":4806}],"race":[{"description":"Asian","count":277,"tested":3989,"color":"rgb(140,86,75)"},{"description":"Other","count":242,"tested":2462,"color":"rgb(148,103,189)"},{"description":"Left Blank","count":1556,"tested":36936,"color":"rgb(44,160,44)"},{"description":"White","count":1154,"tested":14787,"color":"rgb(31,119,180)"},{"description":"Black","count":815,"tested":9006,"color":"rgb(255,127,14)"},{"description":"Hispanic","count":1664,"tested":8862,"color":"rgb(214,39,40)"},{"description":"NH/PI*","count":6,"tested":69,"color":"rgb(127,127,127)"},{"description":"AI/AN**","count":11,"tested":68,"color":"rgb(31,119,180)"}],"gender":[{"description":"Male","count":2674,"tested":29884,"color":"rgb(31,119,180)"},{"description":"Unknown/Left Blank","count":41,"tested":1118,"color":"rgb(44,160,44)"},{"description":"Female","count":3010,"tested":45177,"color":"rgb(255,127,14)"}]}
