{"age":[{"age_group":"<20","count":396,"tested":9036},{"age_group":"20-29   ","count":999,"tested":39427},{"age_group":"30-39   ","count":812,"tested":21152},{"age_group":"40-49   ","count":638,"tested":17855},{"age_group":"50-59   ","count":605,"tested":20140},{"age_group":"60-69   ","count":520,"tested":20186},{"age_group":"70-79   ","count":307,"tested":12877},{"age_group":"80+","count":194,"tested":6049}],"race":[{"description":"Asian","count":177,"tested":4053,"color":"rgb(140,86,75)"},{"description":"Black","count":792,"tested":12402,"color":"rgb(255,127,14)"},{"description":"Hispanic","count":868,"tested":7651,"color":"rgb(214,39,40)"},{"description":"Left Blank","count":1293,"tested":89929,"color":"rgb(44,160,44)"},{"description":"NH/PI*","count":7,"tested":126,"color":"rgb(127,127,127)"},{"description":"Other","count":209,"tested":3706,"color":"rgb(148,103,189)"},{"description":"White","count":1118,"tested":28811,"color":"rgb(31,119,180)"}],"gender":[]}
