{"age":[{"age_group":"<20","count":1417,"tested":12250},{"age_group":"20-29   ","count":1435,"tested":13988},{"age_group":"30-39   ","count":1268,"tested":12108},{"age_group":"40-49   ","count":1349,"tested":12848},{"age_group":"50-59   ","count":1030,"tested":10983},{"age_group":"60-69   ","count":550,"tested":6682},{"age_group":"70-79   ","count":233,"tested":4062},{"age_group":"80+","count":120,"tested":3606}],"race":[{"description":"AI/AN**","count":9,"tested":126,"color":"rgb(31,119,180)"},{"description":"Asian","count":118,"tested":2649,"color":"rgb(140,86,75)"},{"description":"Black","count":234,"tested":3026,"color":"rgb(255,127,14)"},{"description":"Hispanic","count":3406,"tested":17884,"color":"rgb(214,39,40)"},{"description":"Left Blank","count":1830,"tested":24917,"color":"rgb(44,160,44)"},{"description":"NH/PI*","count":10,"tested":274,"color":"rgb(127,127,127)"},{"description":"Other","count":272,"tested":2974,"color":"rgb(148,103,189)"},{"description":"White","count":1526,"tested":24692,"color":"rgb(31,119,180)"}],"gender":[]}
