{"age":[{"age_group":"<20","count":151,"tested":1368},{"age_group":"20-29   ","count":159,"tested":2323},{"age_group":"30-39   ","count":138,"tested":2376},{"age_group":"40-49   ","count":162,"tested":2632},{"age_group":"50-59   ","count":143,"tested":3095},{"age_group":"60-69   ","count":117,"tested":2906},{"age_group":"70-79   ","count":58,"tested":1323},{"age_group":"80+","count":38,"tested":838}],"race":[{"description":"Black","count":502,"tested":5989,"color":"rgb(255,127,14)"},{"description":"Hispanic","count":71,"tested":459,"color":"rgb(214,39,40)"},{"description":"Left Blank","count":295,"tested":9102,"color":"rgb(44,160,44)"},{"description":"Other","count":15,"tested":206,"color":"rgb(148,103,189)"},{"description":"White","count":82,"tested":1054,"color":"rgb(31,119,180)"}],"gender":[]}
