{"age":[{"age_group":"<20","count":87,"tested":724},{"age_group":"20-29   ","count":94,"tested":980},{"age_group":"30-39   ","count":108,"tested":1080},{"age_group":"40-49   ","count":77,"tested":777},{"age_group":"50-59   ","count":128,"tested":1179},{"age_group":"60-69   ","count":64,"tested":1016},{"age_group":"70-79   ","count":36,"tested":416},{"age_group":"80+","count":14,"tested":179}],"race":[{"description":"Asian","count":12,"tested":173,"color":"rgb(140,86,75)"},{"description":"Black","count":32,"tested":305,"color":"rgb(255,127,14)"},{"description":"Hispanic","count":83,"tested":692,"color":"rgb(214,39,40)"},{"description":"Left Blank","count":163,"tested":1963,"color":"rgb(44,160,44)"},{"description":"Other","count":24,"tested":232,"color":"rgb(148,103,189)"},{"description":"White","count":293,"tested":2974,"color":"rgb(31,119,180)"}],"gender":[]}
