{"age":[{"age_group":"<20","count":458,"tested":20360},{"age_group":"20-29   ","count":317,"tested":5699},{"age_group":"30-39   ","count":208,"tested":4662},{"age_group":"40-49   ","count":276,"tested":5512},{"age_group":"50-59   ","count":354,"tested":6822},{"age_group":"60-69   ","count":211,"tested":5473},{"age_group":"70-79   ","count":110,"tested":2926},{"age_group":"80+","count":127,"tested":3408}],"race":[{"description":"Asian","count":61,"tested":2100,"color":"rgb(140,86,75)"},{"description":"Black","count":22,"tested":708,"color":"rgb(255,127,14)"},{"description":"Hispanic","count":118,"tested":2300,"color":"rgb(214,39,40)"},{"description":"Left Blank","count":478,"tested":14800,"color":"rgb(44,160,44)"},{"description":"Other","count":105,"tested":1418,"color":"rgb(148,103,189)"},{"description":"White","count":1271,"tested":33387,"color":"rgb(31,119,180)"}],"gender":[]}
