{"age":[{"age_group":"<20","count":486,"tested":5526},{"age_group":"20-29   ","count":498,"tested":6716},{"age_group":"30-39   ","count":466,"tested":6355},{"age_group":"40-49   ","count":384,"tested":4862},{"age_group":"50-59   ","count":485,"tested":6688},{"age_group":"60-69   ","count":401,"tested":6332},{"age_group":"70-79   ","count":230,"tested":3979},{"age_group":"80+","count":235,"tested":7232}],"race":[{"description":"Asian","count":18,"tested":147,"color":"rgb(140,86,75)"},{"description":"Black","count":316,"tested":3237,"color":"rgb(255,127,14)"},{"description":"Hispanic","count":130,"tested":749,"color":"rgb(214,39,40)"},{"description":"Left Blank","count":752,"tested":21573,"color":"rgb(44,160,44)"},{"description":"Other","count":42,"tested":778,"color":"rgb(148,103,189)"},{"description":"White","count":1923,"tested":21162,"color":"rgb(31,119,180)"}],"gender":[]}
