{"age":[{"age_group":"<20","count":26,"tested":361},{"age_group":"20-29   ","count":51,"tested":529},{"age_group":"30-39   ","count":33,"tested":425},{"age_group":"40-49   ","count":31,"tested":363},{"age_group":"50-59   ","count":41,"tested":422},{"age_group":"60-69   ","count":17,"tested":331},{"age_group":"70-79   ","count":13,"tested":140},{"age_group":"80+","count":6,"tested":80}],"race":[{"description":"Left Blank","count":36,"tested":658,"color":"rgb(44,160,44)"},{"description":"Other","count":12,"tested":113,"color":"rgb(148,103,189)"},{"description":"White","count":158,"tested":1725,"color":"rgb(31,119,180)"}],"gender":[]}
