{"age":[{"age_group":"<20","count":284,"tested":7225},{"age_group":"20-29   ","count":1370,"tested":29895},{"age_group":"30-39   ","count":959,"tested":25461},{"age_group":"40-49   ","count":449,"tested":12615},{"age_group":"50-59   ","count":366,"tested":11012},{"age_group":"60-69   ","count":272,"tested":8865},{"age_group":"70-79   ","count":116,"tested":4548},{"age_group":"80+","count":105,"tested":3117}],"race":[{"description":"Asian","count":141,"tested":3232,"color":"rgb(140,86,75)"},{"description":"Black","count":227,"tested":4602,"color":"rgb(255,127,14)"},{"description":"Hispanic","count":404,"tested":4548,"color":"rgb(214,39,40)"},{"description":"Left Blank","count":1231,"tested":50977,"color":"rgb(44,160,44)"},{"description":"Other","count":221,"tested":4262,"color":"rgb(148,103,189)"},{"description":"White","count":1689,"tested":35008,"color":"rgb(31,119,180)"}],"gender":[]}
