{"age":[{"age_group":"<20","count":53,"tested":417},{"age_group":"20-29   ","count":54,"tested":639},{"age_group":"30-39   ","count":50,"tested":590},{"age_group":"40-49   ","count":48,"tested":442},{"age_group":"50-59   ","count":65,"tested":805},{"age_group":"60-69   ","count":34,"tested":675},{"age_group":"70-79   ","count":18,"tested":308},{"age_group":"80+","count":11,"tested":200}],"race":[{"description":"Black","count":9,"tested":93,"color":"rgb(255,127,14)"},{"description":"Hispanic","count":29,"tested":168,"color":"rgb(214,39,40)"},{"description":"Left Blank","count":75,"tested":1285,"color":"rgb(44,160,44)"},{"description":"White","count":216,"tested":2352,"color":"rgb(31,119,180)"}],"gender":[]}
