{"age":[{"age_group":"<20","count":13,"tested":364},{"age_group":"20-29   ","count":34,"tested":830},{"age_group":"30-39   ","count":18,"tested":506},{"age_group":"40-49   ","count":15,"tested":502},{"age_group":"50-59   ","count":14,"tested":516},{"age_group":"60-69   ","count":10,"tested":473},{"age_group":"70-79   ","count":7,"tested":270}],"race":[{"description":"Asian","count":8,"tested":293,"color":"rgb(140,86,75)"},{"description":"Black","count":15,"tested":368,"color":"rgb(255,127,14)"},{"description":"Hispanic","count":15,"tested":329,"color":"rgb(214,39,40)"},{"description":"Left Blank","count":26,"tested":1218,"color":"rgb(44,160,44)"},{"description":"Other","count":7,"tested":231,"color":"rgb(148,103,189)"},{"description":"White","count":39,"tested":1135,"color":"rgb(31,119,180)"}],"gender":[]}
