{"age":[{"age_group":"<20","count":340,"tested":10952},{"age_group":"20-29   ","count":290,"tested":6587},{"age_group":"30-39   ","count":259,"tested":4736},{"age_group":"40-49   ","count":341,"tested":5625},{"age_group":"50-59   ","count":323,"tested":5831},{"age_group":"60-69   ","count":148,"tested":3879},{"age_group":"70-79   ","count":90,"tested":2237},{"age_group":"80+","count":100,"tested":3314}],"race":[{"description":"AI/AN**","count":7,"tested":92,"color":"rgb(31,119,180)"},{"description":"Asian","count":173,"tested":4941,"color":"rgb(140,86,75)"},{"description":"Black","count":42,"tested":841,"color":"rgb(255,127,14)"},{"description":"Hispanic","count":334,"tested":2879,"color":"rgb(214,39,40)"},{"description":"Left Blank","count":385,"tested":15908,"color":"rgb(44,160,44)"},{"description":"Other","count":127,"tested":1479,"color":"rgb(148,103,189)"},{"description":"White","count":819,"tested":16800,"color":"rgb(31,119,180)"}],"gender":[]}
