{"age":[{"age_group":"<20","count":70,"tested":1725},{"age_group":"20-29   ","count":40,"tested":875},{"age_group":"30-39   ","count":37,"tested":845},{"age_group":"40-49   ","count":54,"tested":1230},{"age_group":"50-59   ","count":46,"tested":844},{"age_group":"60-69   ","count":25,"tested":927},{"age_group":"70-79   ","count":10,"tested":505},{"age_group":"80+","count":9,"tested":219}],"race":[{"description":"Asian","count":10,"tested":236,"color":"rgb(140,86,75)"},{"description":"Black","count":28,"tested":437,"color":"rgb(255,127,14)"},{"description":"Hispanic","count":21,"tested":240,"color":"rgb(214,39,40)"},{"description":"Left Blank","count":84,"tested":2754,"color":"rgb(44,160,44)"},{"description":"Other","count":23,"tested":473,"color":"rgb(148,103,189)"},{"description":"White","count":125,"tested":3032,"color":"rgb(31,119,180)"}],"gender":[]}
