{"age":[{"age_group":"<20","count":198,"tested":2022},{"age_group":"20-29   ","count":155,"tested":1561},{"age_group":"30-39   ","count":148,"tested":1859},{"age_group":"40-49   ","count":152,"tested":1589},{"age_group":"50-59   ","count":157,"tested":1874},{"age_group":"60-69   ","count":98,"tested":1162},{"age_group":"70-79   ","count":69,"tested":1015},{"age_group":"80+","count":61,"tested":1031}],"race":[{"description":"Hispanic","count":29,"tested":161,"color":"rgb(214,39,40)"},{"description":"Left Blank","count":447,"tested":6830,"color":"rgb(44,160,44)"},{"description":"White","count":555,"tested":4863,"color":"rgb(31,119,180)"}],"gender":[]}
