{"age":[{"age_group":"<20","count":296,"tested":3958},{"age_group":"20-29   ","count":293,"tested":3845},{"age_group":"30-39   ","count":258,"tested":2983},{"age_group":"40-49   ","count":273,"tested":2938},{"age_group":"50-59   ","count":265,"tested":3655},{"age_group":"60-69   ","count":233,"tested":3369},{"age_group":"70-79   ","count":145,"tested":2797},{"age_group":"80+","count":140,"tested":6534}],"race":[{"description":"Asian","count":66,"tested":600,"color":"rgb(140,86,75)"},{"description":"Black","count":194,"tested":1487,"color":"rgb(255,127,14)"},{"description":"Hispanic","count":235,"tested":1082,"color":"rgb(214,39,40)"},{"description":"Left Blank","count":197,"tested":11201,"color":"rgb(44,160,44)"},{"description":"Other","count":18,"tested":872,"color":"rgb(148,103,189)"},{"description":"White","count":1190,"tested":14817,"color":"rgb(31,119,180)"}],"gender":[]}
