{"age":[{"age_group":"<20","count":2289,"tested":14307},{"age_group":"20-29   ","count":2749,"tested":22727},{"age_group":"30-39   ","count":2432,"tested":19398},{"age_group":"40-49   ","count":2397,"tested":17479},{"age_group":"50-59   ","count":1888,"tested":16353},{"age_group":"60-69   ","count":1120,"tested":12519},{"age_group":"70-79   ","count":445,"tested":5410},{"age_group":"80+","count":198,"tested":2327},{"age_group":"Unknown","count":12,"tested":56}],"race":[{"description":"AI/AN**","count":13,"tested":76,"color":"rgb(31,119,180)"},{"description":"Asian","count":32,"tested":395,"color":"rgb(140,86,75)"},{"description":"Black","count":244,"tested":2640,"color":"rgb(255,127,14)"},{"description":"Hispanic","count":7947,"tested":38288,"color":"rgb(214,39,40)"},{"description":"Left Blank","count":3136,"tested":48428,"color":"rgb(44,160,44)"},{"description":"Other","count":884,"tested":8265,"color":"rgb(148,103,189)"},{"description":"White","count":1268,"tested":12461,"color":"rgb(31,119,180)"}],"gender":[]}
