{"age":[{"age_group":"<20","count":522,"tested":4999},{"age_group":"20-29   ","count":626,"tested":6494},{"age_group":"30-39   ","count":619,"tested":6510},{"age_group":"40-49   ","count":623,"tested":6509},{"age_group":"50-59   ","count":474,"tested":5263},{"age_group":"60-69   ","count":234,"tested":3516},{"age_group":"70-79   ","count":128,"tested":2039},{"age_group":"80+","count":113,"tested":1375}],"race":[{"description":"AI/AN**","count":12,"tested":45,"color":"rgb(31,119,180)"},{"description":"Asian","count":52,"tested":530,"color":"rgb(140,86,75)"},{"description":"Black","count":346,"tested":3721,"color":"rgb(255,127,14)"},{"description":"Hispanic","count":633,"tested":3628,"color":"rgb(214,39,40)"},{"description":"Left Blank","count":906,"tested":13532,"color":"rgb(44,160,44)"},{"description":"Other","count":77,"tested":1531,"color":"rgb(148,103,189)"},{"description":"White","count":1307,"tested":13695,"color":"rgb(31,119,180)"}],"gender":[]}
