{"age":[{"age_group":"<20","count":365,"tested":3062},{"age_group":"20-29   ","count":441,"tested":4316},{"age_group":"30-39   ","count":418,"tested":4697},{"age_group":"40-49   ","count":402,"tested":4646},{"age_group":"50-59   ","count":435,"tested":4977},{"age_group":"60-69   ","count":285,"tested":3869},{"age_group":"70-79   ","count":146,"tested":2087},{"age_group":"80+","count":64,"tested":943}],"race":[{"description":"Asian","count":9,"tested":269,"color":"rgb(140,86,75)"},{"description":"Black","count":1167,"tested":12675,"color":"rgb(255,127,14)"},{"description":"Hispanic","count":497,"tested":2596,"color":"rgb(214,39,40)"},{"description":"Left Blank","count":640,"tested":10564,"color":"rgb(44,160,44)"},{"description":"Other","count":79,"tested":802,"color":"rgb(148,103,189)"},{"description":"White","count":159,"tested":1628,"color":"rgb(31,119,180)"}],"gender":[]}
