{"age":[{"age_group":"<20","count":267,"tested":2081},{"age_group":"20-29   ","count":385,"tested":3600},{"age_group":"30-39   ","count":325,"tested":3563},{"age_group":"40-49   ","count":309,"tested":3323},{"age_group":"50-59   ","count":287,"tested":3444},{"age_group":"60-69   ","count":184,"tested":3554},{"age_group":"70-79   ","count":129,"tested":2445},{"age_group":"80+","count":158,"tested":2092}],"race":[{"description":"AI/AN**","count":26,"tested":92,"color":"rgb(31,119,180)"},{"description":"Asian","count":6,"tested":102,"color":"rgb(140,86,75)"},{"description":"Black","count":425,"tested":4560,"color":"rgb(255,127,14)"},{"description":"Hispanic","count":604,"tested":2981,"color":"rgb(214,39,40)"},{"description":"Left Blank","count":496,"tested":10062,"color":"rgb(44,160,44)"},{"description":"Other","count":88,"tested":1097,"color":"rgb(148,103,189)"},{"description":"White","count":396,"tested":5186,"color":"rgb(31,119,180)"}],"gender":[]}
