{"age":[{"age_group":"<20","count":832,"tested":7526},{"age_group":"20-29   ","count":819,"tested":9928},{"age_group":"30-39   ","count":742,"tested":8387},{"age_group":"40-49   ","count":753,"tested":6904},{"age_group":"50-59   ","count":723,"tested":8864},{"age_group":"60-69   ","count":521,"tested":7098},{"age_group":"70-79   ","count":204,"tested":3177},{"age_group":"80+","count":180,"tested":3150}],"race":[{"description":"AI/AN**","count":12,"tested":141,"color":"rgb(31,119,180)"},{"description":"Asian","count":519,"tested":4958,"color":"rgb(140,86,75)"},{"description":"Black","count":262,"tested":2182,"color":"rgb(255,127,14)"},{"description":"Hispanic","count":886,"tested":3654,"color":"rgb(214,39,40)"},{"description":"Left Blank","count":805,"tested":24384,"color":"rgb(44,160,44)"},{"description":"NH/PI*","count":10,"tested":41,"color":"rgb(127,127,127)"},{"description":"Other","count":158,"tested":1666,"color":"rgb(148,103,189)"},{"description":"White","count":2122,"tested":18017,"color":"rgb(31,119,180)"}],"gender":[]}
