{"age":[{"age_group":"<20","count":426,"tested":5672},{"age_group":"20-29   ","count":310,"tested":4502},{"age_group":"30-39   ","count":258,"tested":3365},{"age_group":"40-49   ","count":280,"tested":4285},{"age_group":"50-59   ","count":324,"tested":4496},{"age_group":"60-69   ","count":128,"tested":2722},{"age_group":"70-79   ","count":46,"tested":1240},{"age_group":"80+","count":15,"tested":545}],"race":[{"description":"Asian","count":176,"tested":2982,"color":"rgb(140,86,75)"},{"description":"Black","count":163,"tested":2183,"color":"rgb(255,127,14)"},{"description":"Hispanic","count":284,"tested":2017,"color":"rgb(214,39,40)"},{"description":"Left Blank","count":286,"tested":8394,"color":"rgb(44,160,44)"},{"description":"Other","count":54,"tested":1086,"color":"rgb(148,103,189)"},{"description":"White","count":820,"tested":10083,"color":"rgb(31,119,180)"}],"gender":[]}
