{"age":[{"age_group":"<20","count":365,"tested":5362},{"age_group":"20-29   ","count":443,"tested":8845},{"age_group":"30-39   ","count":463,"tested":9071},{"age_group":"40-49   ","count":419,"tested":8843},{"age_group":"50-59   ","count":433,"tested":10158},{"age_group":"60-69   ","count":342,"tested":9104},{"age_group":"70-79   ","count":201,"tested":4815},{"age_group":"80+","count":112,"tested":3793}],"race":[{"description":"AI/AN**","count":13,"tested":88,"color":"rgb(31,119,180)"},{"description":"Asian","count":411,"tested":5146,"color":"rgb(140,86,75)"},{"description":"Black","count":164,"tested":2118,"color":"rgb(255,127,14)"},{"description":"Hispanic","count":281,"tested":1993,"color":"rgb(214,39,40)"},{"description":"Left Blank","count":730,"tested":38386,"color":"rgb(44,160,44)"},{"description":"NH/PI*","count":19,"tested":121,"color":"rgb(127,127,127)"},{"description":"Other","count":492,"tested":3332,"color":"rgb(148,103,189)"},{"description":"White","count":668,"tested":8818,"color":"rgb(31,119,180)"}],"gender":[]}
