{"age":[{"age_group":"<20","count":615,"tested":7294},{"age_group":"20-29   ","count":718,"tested":7694},{"age_group":"30-39   ","count":591,"tested":7038},{"age_group":"40-49   ","count":589,"tested":5981},{"age_group":"50-59   ","count":587,"tested":7053},{"age_group":"60-69   ","count":366,"tested":6076},{"age_group":"70-79   ","count":139,"tested":3264},{"age_group":"80+","count":101,"tested":2283}],"race":[{"description":"Asian","count":120,"tested":2376,"color":"rgb(140,86,75)"},{"description":"Black","count":44,"tested":766,"color":"rgb(255,127,14)"},{"description":"Hispanic","count":1286,"tested":7540,"color":"rgb(214,39,40)"},{"description":"Left Blank","count":894,"tested":15527,"color":"rgb(44,160,44)"},{"description":"NH/PI*","count":6,"tested":98,"color":"rgb(127,127,127)"},{"description":"Other","count":201,"tested":1711,"color":"rgb(148,103,189)"},{"description":"White","count":1153,"tested":18578,"color":"rgb(31,119,180)"}],"gender":[]}
