{"age":[{"age_group":"<20","count":523,"tested":5973},{"age_group":"20-29   ","count":655,"tested":8207},{"age_group":"30-39   ","count":522,"tested":7220},{"age_group":"40-49   ","count":512,"tested":6733},{"age_group":"50-59   ","count":510,"tested":8203},{"age_group":"60-69   ","count":379,"tested":7538},{"age_group":"70-79   ","count":184,"tested":4215},{"age_group":"80+","count":140,"tested":3814}],"race":[{"description":"AI/AN**","count":9,"tested":74,"color":"rgb(31,119,180)"},{"description":"Asian","count":51,"tested":990,"color":"rgb(140,86,75)"},{"description":"Black","count":75,"tested":1004,"color":"rgb(255,127,14)"},{"description":"Hispanic","count":896,"tested":5212,"color":"rgb(214,39,40)"},{"description":"Left Blank","count":572,"tested":18737,"color":"rgb(44,160,44)"},{"description":"Other","count":73,"tested":757,"color":"rgb(148,103,189)"},{"description":"White","count":1746,"tested":24939,"color":"rgb(31,119,180)"}],"gender":[]}
