{"age":[{"age_group":"<20","count":1059,"tested":10159},{"age_group":"20-29   ","count":1885,"tested":34510},{"age_group":"30-39   ","count":1686,"tested":28546},{"age_group":"40-49   ","count":1294,"tested":17098},{"age_group":"50-59   ","count":1047,"tested":13523},{"age_group":"60-69   ","count":704,"tested":10840},{"age_group":"70-79   ","count":354,"tested":5209},{"age_group":"80+","count":175,"tested":2748}],"race":[{"description":"AI/AN**","count":9,"tested":223,"color":"rgb(31,119,180)"},{"description":"Asian","count":215,"tested":5351,"color":"rgb(140,86,75)"},{"description":"Black","count":944,"tested":16773,"color":"rgb(255,127,14)"},{"description":"Hispanic","count":4534,"tested":33621,"color":"rgb(214,39,40)"},{"description":"Left Blank","count":1255,"tested":38303,"color":"rgb(44,160,44)"},{"description":"NH/PI*","count":7,"tested":80,"color":"rgb(127,127,127)"},{"description":"Other","count":320,"tested":5855,"color":"rgb(148,103,189)"},{"description":"White","count":920,"tested":22462,"color":"rgb(31,119,180)"}],"gender":[]}
