{"age":[{"age_group":"<20","count":88,"tested":868},{"age_group":"20-29   ","count":131,"tested":1732},{"age_group":"30-39   ","count":96,"tested":1796},{"age_group":"40-49   ","count":100,"tested":1593},{"age_group":"50-59   ","count":130,"tested":2226},{"age_group":"60-69   ","count":124,"tested":2246},{"age_group":"70-79   ","count":75,"tested":1298},{"age_group":"80+","count":29,"tested":589}],"race":[{"description":"Black","count":44,"tested":1278,"color":"rgb(255,127,14)"},{"description":"Hispanic","count":112,"tested":696,"color":"rgb(214,39,40)"},{"description":"Left Blank","count":189,"tested":2830,"color":"rgb(44,160,44)"},{"description":"Other","count":15,"tested":268,"color":"rgb(148,103,189)"},{"description":"White","count":410,"tested":7241,"color":"rgb(31,119,180)"}],"gender":[]}
