{"age":[{"age_group":"<20","count":28,"tested":234},{"age_group":"20-29   ","count":34,"tested":391},{"age_group":"30-39   ","count":29,"tested":360},{"age_group":"40-49   ","count":23,"tested":396},{"age_group":"50-59   ","count":27,"tested":549},{"age_group":"60-69   ","count":17,"tested":485},{"age_group":"70-79   ","count":10,"tested":146},{"age_group":"80+","count":9,"tested":120}],"race":[{"description":"Black","count":103,"tested":1619,"color":"rgb(255,127,14)"},{"description":"Hispanic","count":29,"tested":158,"color":"rgb(214,39,40)"},{"description":"Left Blank","count":35,"tested":541,"color":"rgb(44,160,44)"},{"description":"White","count":7,"tested":282,"color":"rgb(31,119,180)"}],"gender":[]}
