{"age":[{"age_group":"<20","count":300,"tested":3377},{"age_group":"20-29   ","count":386,"tested":3334},{"age_group":"30-39   ","count":350,"tested":3262},{"age_group":"40-49   ","count":318,"tested":2873},{"age_group":"50-59   ","count":332,"tested":2776},{"age_group":"60-69   ","count":282,"tested":2546},{"age_group":"70-79   ","count":142,"tested":1296},{"age_group":"80+","count":187,"tested":1556}],"race":[{"description":"Asian","count":11,"tested":61,"color":"rgb(140,86,75)"},{"description":"Black","count":78,"tested":884,"color":"rgb(255,127,14)"},{"description":"Other","count":185,"tested":897,"color":"rgb(148,103,189)"},{"description":"Hispanic","count":226,"tested":1184,"color":"rgb(214,39,40)"},{"description":"Left Blank","count":437,"tested":8485,"color":"rgb(44,160,44)"},{"description":"White","count":1360,"tested":9502,"color":"rgb(31,119,180)"}],"gender":[{"description":"Female","count":1266,"tested":12366,"color":"rgb(255,127,14)"},{"description":"Male","count":981,"tested":7003,"color":"rgb(31,119,180)"},{"description":"Unknown/Left Blank","count":51,"tested":1654,"color":"rgb(44,160,44)"}]}
