{"age":[{"age_group":"<20","count":263,"tested":6562},{"age_group":"20-29   ","count":2100,"tested":37861},{"age_group":"30-39   ","count":1032,"tested":24512},{"age_group":"40-49   ","count":377,"tested":8683},{"age_group":"50-59   ","count":300,"tested":6342},{"age_group":"60-69   ","count":160,"tested":4160},{"age_group":"70-79   ","count":108,"tested":3410},{"age_group":"80+","count":122,"tested":3392}],"race":[{"description":"Black","count":106,"tested":1581,"color":"rgb(255,127,14)"},{"description":"AI/AN**","count":11,"tested":64,"color":"rgb(31,119,180)"},{"description":"Other","count":205,"tested":4041,"color":"rgb(148,103,189)"},{"description":"Hispanic","count":294,"tested":2227,"color":"rgb(214,39,40)"},{"description":"Asian","count":116,"tested":2281,"color":"rgb(140,86,75)"},{"description":"White","count":2151,"tested":34217,"color":"rgb(31,119,180)"},{"description":"Left Blank","count":1576,"tested":50492,"color":"rgb(44,160,44)"}],"gender":[{"description":"Unknown/Left Blank","count":311,"tested":1515,"color":"rgb(44,160,44)"},{"description":"Male","count":2170,"tested":42562,"color":"rgb(31,119,180)"},{"description":"Female","count":1981,"tested":50857,"color":"rgb(255,127,14)"}]}
