{"age":[{"age_group":"<20","count":386,"tested":6264},{"age_group":"20-29   ","count":339,"tested":8480},{"age_group":"30-39   ","count":276,"tested":7710},{"age_group":"40-49   ","count":364,"tested":11150},{"age_group":"50-59   ","count":392,"tested":12674},{"age_group":"60-69   ","count":339,"tested":10816},{"age_group":"70-79   ","count":252,"tested":7058},{"age_group":"80+","count":378,"tested":10663}],"race":[{"description":"Hispanic","count":102,"tested":1386,"color":"rgb(214,39,40)"},{"description":"Left Blank","count":849,"tested":45487,"color":"rgb(44,160,44)"},{"description":"Other","count":238,"tested":2723,"color":"rgb(148,103,189)"},{"description":"Asian","count":138,"tested":3004,"color":"rgb(140,86,75)"},{"description":"White","count":1354,"tested":20659,"color":"rgb(31,119,180)"},{"description":"Black","count":35,"tested":972,"color":"rgb(255,127,14)"}],"gender":[{"description":"Male","count":1288,"tested":27456,"color":"rgb(31,119,180)"},{"description":"Female","count":1420,"tested":44511,"color":"rgb(255,127,14)"},{"description":"Unknown/Left Blank","count":18,"tested":2872,"color":"rgb(44,160,44)"}]}
