{"age":[{"age_group":"<20","count":107,"tested":1081},{"age_group":"20-29   ","count":70,"tested":1044},{"age_group":"30-39   ","count":60,"tested":1058},{"age_group":"40-49   ","count":79,"tested":1002},{"age_group":"50-59   ","count":56,"tested":1004},{"age_group":"60-69   ","count":56,"tested":1029},{"age_group":"70-79   ","count":33,"tested":643},{"age_group":"80+","count":52,"tested":1142}],"race":[{"description":"Left Blank","count":81,"tested":2015,"color":"rgb(44,160,44)"},{"description":"White","count":410,"tested":5763,"color":"rgb(31,119,180)"},{"description":"Hispanic","count":10,"tested":85,"color":"rgb(214,39,40)"}],"gender":[{"description":"Female","count":291,"tested":4537,"color":"rgb(255,127,14)"},{"description":"Male","count":213,"tested":2962,"color":"rgb(31,119,180)"}]}
