{"age":[{"age_group":"<20","count":158,"tested":1500},{"age_group":"20-29   ","count":185,"tested":2828},{"age_group":"30-39   ","count":166,"tested":2553},{"age_group":"40-49   ","count":178,"tested":2968},{"age_group":"50-59   ","count":238,"tested":3106},{"age_group":"60-69   ","count":202,"tested":3570},{"age_group":"70-79   ","count":116,"tested":2502},{"age_group":"80+","count":136,"tested":4782}],"race":[{"description":"Black","count":278,"tested":5613,"color":"rgb(255,127,14)"},{"description":"Hispanic","count":116,"tested":600,"color":"rgb(214,39,40)"},{"description":"White","count":439,"tested":7095,"color":"rgb(31,119,180)"},{"description":"Left Blank","count":503,"tested":9908,"color":"rgb(44,160,44)"},{"description":"Other","count":37,"tested":471,"color":"rgb(148,103,189)"}],"gender":[{"description":"Female","count":756,"tested":15265,"color":"rgb(255,127,14)"},{"description":"Unknown/Left Blank","count":14,"tested":394,"color":"rgb(44,160,44)"},{"description":"Male","count":609,"tested":8153,"color":"rgb(31,119,180)"}]}
