{"age":[{"age_group":"<20","count":49,"tested":414},{"age_group":"20-29   ","count":41,"tested":217},{"age_group":"30-39   ","count":30,"tested":254},{"age_group":"40-49   ","count":43,"tested":316},{"age_group":"50-59   ","count":46,"tested":363},{"age_group":"60-69   ","count":43,"tested":279},{"age_group":"70-79   ","count":23,"tested":111},{"age_group":"80+","count":7,"tested":76}],"race":[{"description":"Hispanic","count":13,"tested":49,"color":"rgb(214,39,40)"},{"description":"Left Blank","count":122,"tested":786,"color":"rgb(44,160,44)"},{"description":"White","count":147,"tested":1165,"color":"rgb(31,119,180)"}],"gender":[{"description":"Female","count":128,"tested":1363,"color":"rgb(255,127,14)"},{"description":"Male","count":135,"tested":624,"color":"rgb(31,119,180)"},{"description":"Unknown/Left Blank","count":19,"tested":43,"color":"rgb(44,160,44)"}]}
