{"age":[{"age_group":"<20","count":367,"tested":2836},{"age_group":"20-29   ","count":300,"tested":2580},{"age_group":"30-39   ","count":280,"tested":3208},{"age_group":"40-49   ","count":350,"tested":3442},{"age_group":"50-59   ","count":313,"tested":2979},{"age_group":"60-69   ","count":198,"tested":2519},{"age_group":"70-79   ","count":136,"tested":1828},{"age_group":"80+","count":85,"tested":1126}],"race":[{"description":"Black","count":34,"tested":290,"color":"rgb(255,127,14)"},{"description":"Asian","count":142,"tested":1270,"color":"rgb(140,86,75)"},{"description":"Hispanic","count":248,"tested":1163,"color":"rgb(214,39,40)"},{"description":"Left Blank","count":618,"tested":9241,"color":"rgb(44,160,44)"},{"description":"White","count":902,"tested":8114,"color":"rgb(31,119,180)"},{"description":"Other","count":80,"tested":414,"color":"rgb(148,103,189)"},{"description":"NH/PI*","count":6,"tested":18,"color":"rgb(127,127,127)"}],"gender":[{"description":"Female","count":1049,"tested":11414,"color":"rgb(255,127,14)"},{"description":"Male","count":961,"tested":8812,"color":"rgb(31,119,180)"},{"description":"Unknown/Left Blank","count":20,"tested":298,"color":"rgb(44,160,44)"}]}
