{"age":[{"age_group":"<20","count":504,"tested":5205},{"age_group":"20-29   ","count":637,"tested":8247},{"age_group":"30-39   ","count":707,"tested":8139},{"age_group":"40-49   ","count":712,"tested":8517},{"age_group":"50-59   ","count":716,"tested":9625},{"age_group":"60-69   ","count":528,"tested":7868},{"age_group":"70-79   ","count":386,"tested":5354},{"age_group":"80+","count":251,"tested":3411}],"race":[{"description":"White","count":75,"tested":1047,"color":"rgb(31,119,180)"},{"description":"Left Blank","count":974,"tested":19670,"color":"rgb(44,160,44)"},{"description":"Other","count":109,"tested":809,"color":"rgb(148,103,189)"},{"description":"Black","count":3046,"tested":33457,"color":"rgb(255,127,14)"},{"description":"Hispanic","count":225,"tested":1266,"color":"rgb(214,39,40)"}],"gender":[{"description":"Female","count":2480,"tested":32276,"color":"rgb(255,127,14)"},{"description":"Male","count":1926,"tested":22502,"color":"rgb(31,119,180)"},{"description":"Unknown/Left Blank","count":35,"tested":1613,"color":"rgb(44,160,44)"}]}
