{"age":[{"age_group":"<20","count":21,"tested":190},{"age_group":"20-29   ","count":24,"tested":280},{"age_group":"30-39   ","count":19,"tested":161},{"age_group":"40-49   ","count":19,"tested":174},{"age_group":"50-59   ","count":15,"tested":214},{"age_group":"60-69   ","count":15,"tested":180},{"age_group":"70-79   ","count":10,"tested":88}],"race":[{"description":"White","count":95,"tested":894,"color":"rgb(31,119,180)"},{"description":"Left Blank","count":25,"tested":365,"color":"rgb(44,160,44)"}],"gender":[{"description":"Male","count":61,"tested":571,"color":"rgb(31,119,180)"},{"description":"Female","count":65,"tested":710,"color":"rgb(255,127,14)"}]}
