{"age":[{"age_group":"<20","count":289,"tested":3829},{"age_group":"20-29   ","count":376,"tested":4337},{"age_group":"30-39   ","count":330,"tested":4403},{"age_group":"40-49   ","count":299,"tested":3699},{"age_group":"50-59   ","count":292,"tested":4297},{"age_group":"60-69   ","count":246,"tested":3653},{"age_group":"70-79   ","count":148,"tested":2407},{"age_group":"80+","count":104,"tested":3007}],"race":[{"description":"Black","count":435,"tested":3880,"color":"rgb(255,127,14)"},{"description":"Asian","count":17,"tested":100,"color":"rgb(140,86,75)"},{"description":"Other","count":22,"tested":482,"color":"rgb(148,103,189)"},{"description":"White","count":957,"tested":10449,"color":"rgb(31,119,180)"},{"description":"Left Blank","count":282,"tested":12885,"color":"rgb(44,160,44)"},{"description":"Hispanic","count":370,"tested":1841,"color":"rgb(214,39,40)"}],"gender":[{"description":"Female","count":1140,"tested":18162,"color":"rgb(255,127,14)"},{"description":"Male","count":936,"tested":10910,"color":"rgb(31,119,180)"},{"description":"Unknown/Left Blank","count":9,"tested":570,"color":"rgb(44,160,44)"}]}
