{"age":[{"age_group":"<20","count":408,"tested":9252},{"age_group":"20-29   ","count":2136,"tested":38687},{"age_group":"30-39   ","count":856,"tested":23668},{"age_group":"40-49   ","count":443,"tested":11195},{"age_group":"50-59   ","count":319,"tested":10505},{"age_group":"60-69   ","count":210,"tested":8705},{"age_group":"70-79   ","count":184,"tested":6221},{"age_group":"80+","count":184,"tested":5463}],"race":[{"description":"Left Blank","count":1472,"tested":61684,"color":"rgb(44,160,44)"},{"description":"Hispanic","count":296,"tested":2648,"color":"rgb(214,39,40)"},{"description":"Other","count":239,"tested":4615,"color":"rgb(148,103,189)"},{"description":"Black","count":219,"tested":3506,"color":"rgb(255,127,14)"},{"description":"White","count":2393,"tested":38568,"color":"rgb(31,119,180)"},{"description":"Asian","count":114,"tested":2622,"color":"rgb(140,86,75)"}],"gender":[{"description":"Unknown/Left Blank","count":326,"tested":1791,"color":"rgb(44,160,44)"},{"description":"Female","count":2304,"tested":64488,"color":"rgb(255,127,14)"},{"description":"Male","count":2110,"tested":47454,"color":"rgb(31,119,180)"}]}
