{"age":[{"age_group":"<20","count":23,"tested":125},{"age_group":"20-29   ","count":15,"tested":89},{"age_group":"30-39   ","count":22,"tested":175},{"age_group":"40-49   ","count":18,"tested":145},{"age_group":"50-59   ","count":20,"tested":162},{"age_group":"60-69   ","count":26,"tested":127},{"age_group":"70-79   ","count":13,"tested":69},{"age_group":"80+","count":6,"tested":29}],"race":[{"description":"Left Blank","count":34,"tested":329,"color":"rgb(44,160,44)"},{"description":"White","count":98,"tested":540,"color":"rgb(31,119,180)"},{"description":"Black","count":7,"tested":38,"color":"rgb(255,127,14)"}],"gender":[{"description":"Male","count":66,"tested":378,"color":"rgb(31,119,180)"},{"description":"Female","count":74,"tested":460,"color":"rgb(255,127,14)"}]}
