{"age":[{"age_group":"<20","count":170,"tested":1054},{"age_group":"20-29   ","count":174,"tested":1490},{"age_group":"30-39   ","count":211,"tested":1673},{"age_group":"40-49   ","count":149,"tested":1251},{"age_group":"50-59   ","count":163,"tested":1459},{"age_group":"60-69   ","count":134,"tested":1227},{"age_group":"70-79   ","count":29,"tested":524},{"age_group":"80+","count":23,"tested":387}],"race":[{"description":"White","count":446,"tested":3799,"color":"rgb(31,119,180)"},{"description":"Other","count":42,"tested":456,"color":"rgb(148,103,189)"},{"description":"Left Blank","count":210,"tested":2488,"color":"rgb(44,160,44)"},{"description":"Black","count":16,"tested":106,"color":"rgb(255,127,14)"},{"description":"Asian","count":21,"tested":163,"color":"rgb(140,86,75)"},{"description":"Hispanic","count":315,"tested":2029,"color":"rgb(214,39,40)"}],"gender":[{"description":"Male","count":501,"tested":4025,"color":"rgb(31,119,180)"},{"description":"Female","count":551,"tested":4932,"color":"rgb(255,127,14)"}]}
