{"age":[{"age_group":"<20","count":393,"tested":3410},{"age_group":"20-29   ","count":389,"tested":4269},{"age_group":"30-39   ","count":329,"tested":3829},{"age_group":"40-49   ","count":441,"tested":4569},{"age_group":"50-59   ","count":399,"tested":4410},{"age_group":"60-69   ","count":191,"tested":3328},{"age_group":"70-79   ","count":150,"tested":3330},{"age_group":"80+","count":130,"tested":3212}],"race":[{"description":"Left Blank","count":746,"tested":12926,"color":"rgb(44,160,44)"},{"description":"Hispanic","count":337,"tested":2067,"color":"rgb(214,39,40)"},{"description":"Other","count":83,"tested":986,"color":"rgb(148,103,189)"},{"description":"Asian","count":67,"tested":840,"color":"rgb(140,86,75)"},{"description":"White","count":1055,"tested":11998,"color":"rgb(31,119,180)"},{"description":"Black","count":129,"tested":1487,"color":"rgb(255,127,14)"}],"gender":[{"description":"Unknown/Left Blank","count":13,"tested":439,"color":"rgb(44,160,44)"},{"description":"Female","count":1266,"tested":18148,"color":"rgb(255,127,14)"},{"description":"Male","count":1143,"tested":11774,"color":"rgb(31,119,180)"}]}
