{"age":[{"age_group":"<20","count":13,"tested":90},{"age_group":"20-29   ","count":16,"tested":125},{"age_group":"30-39   ","count":11,"tested":125},{"age_group":"40-49   ","count":13,"tested":104},{"age_group":"50-59   ","count":16,"tested":107},{"age_group":"60-69   ","count":15,"tested":75}],"race":[{"description":"Left Blank","count":42,"tested":323,"color":"rgb(44,160,44)"},{"description":"White","count":47,"tested":361,"color":"rgb(31,119,180)"}],"gender":[{"description":"Female","count":47,"tested":401,"color":"rgb(255,127,14)"},{"description":"Male","count":46,"tested":298,"color":"rgb(31,119,180)"}]}
