{"age":[{"age_group":"<20","count":450,"tested":4207},{"age_group":"20-29   ","count":644,"tested":7569},{"age_group":"30-39   ","count":681,"tested":8637},{"age_group":"40-49   ","count":589,"tested":7770},{"age_group":"50-59   ","count":547,"tested":7958},{"age_group":"60-69   ","count":424,"tested":7317},{"age_group":"70-79   ","count":221,"tested":3212},{"age_group":"80+","count":167,"tested":1771}],"race":[{"description":"Black","count":2287,"tested":20593,"color":"rgb(255,127,14)"},{"description":"Asian","count":8,"tested":98,"color":"rgb(140,86,75)"},{"description":"Hispanic","count":491,"tested":2412,"color":"rgb(214,39,40)"},{"description":"White","count":104,"tested":1274,"color":"rgb(31,119,180)"},{"description":"Left Blank","count":743,"tested":23081,"color":"rgb(44,160,44)"},{"description":"Other","count":88,"tested":974,"color":"rgb(148,103,189)"}],"gender":[{"description":"Female","count":1969,"tested":26924,"color":"rgb(255,127,14)"},{"description":"Male","count":1647,"tested":19963,"color":"rgb(31,119,180)"},{"description":"Unknown/Left Blank","count":108,"tested":1584,"color":"rgb(44,160,44)"}]}
