{"age":[{"age_group":"<20","count":261,"tested":2106},{"age_group":"20-29   ","count":225,"tested":2007},{"age_group":"30-39   ","count":270,"tested":2064},{"age_group":"40-49   ","count":289,"tested":2171},{"age_group":"50-59   ","count":190,"tested":1704},{"age_group":"60-69   ","count":118,"tested":1281},{"age_group":"70-79   ","count":53,"tested":894},{"age_group":"80+","count":17,"tested":695}],"race":[{"description":"Other","count":54,"tested":475,"color":"rgb(148,103,189)"},{"description":"Black","count":24,"tested":211,"color":"rgb(255,127,14)"},{"description":"Left Blank","count":447,"tested":4612,"color":"rgb(44,160,44)"},{"description":"White","count":742,"tested":6761,"color":"rgb(31,119,180)"},{"description":"Hispanic","count":150,"tested":795,"color":"rgb(214,39,40)"}],"gender":[{"description":"Female","count":739,"tested":7404,"color":"rgb(255,127,14)"},{"description":"Male","count":674,"tested":5070,"color":"rgb(31,119,180)"},{"description":"Unknown/Left Blank","count":10,"tested":449,"color":"rgb(44,160,44)"}]}
