{"age":[{"age_group":"<20","count":320,"tested":4853},{"age_group":"20-29   ","count":799,"tested":21453},{"age_group":"30-39   ","count":689,"tested":15401},{"age_group":"40-49   ","count":532,"tested":12758},{"age_group":"50-59   ","count":529,"tested":13918},{"age_group":"60-69   ","count":468,"tested":14046},{"age_group":"70-79   ","count":294,"tested":8589},{"age_group":"80+","count":191,"tested":3810}],"race":[{"description":"Left Blank","count":1197,"tested":66384,"color":"rgb(44,160,44)"},{"description":"NH/PI*","count":6,"tested":51,"color":"rgb(127,127,127)"},{"description":"Hispanic","count":710,"tested":4176,"color":"rgb(214,39,40)"},{"description":"Other","count":186,"tested":2290,"color":"rgb(148,103,189)"},{"description":"Black","count":659,"tested":8110,"color":"rgb(255,127,14)"},{"description":"Asian","count":147,"tested":1532,"color":"rgb(140,86,75)"},{"description":"White","count":912,"tested":12303,"color":"rgb(31,119,180)"}],"gender":[{"description":"Unknown/Left Blank","count":85,"tested":5343,"color":"rgb(44,160,44)"},{"description":"Female","count":1860,"tested":50132,"color":"rgb(255,127,14)"},{"description":"Male","count":1878,"tested":39422,"color":"rgb(31,119,180)"}]}
