{"age":[{"age_group":"<20","count":203,"tested":1242},{"age_group":"20-29   ","count":311,"tested":2626},{"age_group":"30-39   ","count":241,"tested":2619},{"age_group":"40-49   ","count":215,"tested":2696},{"age_group":"50-59   ","count":253,"tested":3272},{"age_group":"60-69   ","count":214,"tested":3037},{"age_group":"70-79   ","count":113,"tested":1987},{"age_group":"80+","count":85,"tested":1219}],"race":[{"description":"Black","count":56,"tested":1828,"color":"rgb(255,127,14)"},{"description":"Asian","count":27,"tested":241,"color":"rgb(140,86,75)"},{"description":"White","count":544,"tested":5687,"color":"rgb(31,119,180)"},{"description":"Hispanic","count":267,"tested":1390,"color":"rgb(214,39,40)"},{"description":"Other","count":130,"tested":794,"color":"rgb(148,103,189)"},{"description":"Left Blank","count":606,"tested":8764,"color":"rgb(44,160,44)"}],"gender":[{"description":"Male","count":762,"tested":8635,"color":"rgb(31,119,180)"},{"description":"Unknown/Left Blank","count":10,"tested":159,"color":"rgb(44,160,44)"},{"description":"Female","count":863,"tested":9939,"color":"rgb(255,127,14)"}]}
