{"age":[{"age_group":"20-29   ","count":10,"tested":107},{"age_group":"30-39   ","count":8,"tested":134},{"age_group":"50-59   ","count":17,"tested":220},{"age_group":"60-69   ","count":11,"tested":126}],"race":[{"description":"Left Blank","count":6,"tested":370,"color":"rgb(44,160,44)"},{"description":"White","count":59,"tested":532,"color":"rgb(31,119,180)"}],"gender":[{"description":"Female","count":32,"tested":645,"color":"rgb(255,127,14)"},{"description":"Male","count":34,"tested":223,"color":"rgb(31,119,180)"}]}
