{"age":[{"age_group":"<20","count":286,"tested":3943},{"age_group":"20-29   ","count":694,"tested":13304},{"age_group":"30-39   ","count":686,"tested":12673},{"age_group":"40-49   ","count":473,"tested":8427},{"age_group":"50-59   ","count":435,"tested":8753},{"age_group":"60-69   ","count":363,"tested":8868},{"age_group":"70-79   ","count":178,"tested":4988},{"age_group":"80+","count":154,"tested":3135}],"race":[{"description":"Black","count":757,"tested":10591,"color":"rgb(255,127,14)"},{"description":"Hispanic","count":383,"tested":3065,"color":"rgb(214,39,40)"},{"description":"Left Blank","count":981,"tested":33402,"color":"rgb(44,160,44)"},{"description":"Other","count":150,"tested":2171,"color":"rgb(148,103,189)"},{"description":"White","count":547,"tested":8536,"color":"rgb(31,119,180)"},{"description":"Asian","count":445,"tested":6227,"color":"rgb(140,86,75)"}],"gender":[{"description":"Female","count":1622,"tested":32701,"color":"rgb(255,127,14)"},{"description":"Unknown/Left Blank","count":61,"tested":2017,"color":"rgb(44,160,44)"},{"description":"Male","count":1586,"tested":29389,"color":"rgb(31,119,180)"}]}
