{"age":[{"age_group":"<20","count":97,"tested":2184},{"age_group":"20-29   ","count":540,"tested":10262},{"age_group":"30-39   ","count":490,"tested":11410},{"age_group":"40-49   ","count":211,"tested":4479},{"age_group":"50-59   ","count":163,"tested":3444},{"age_group":"60-69   ","count":106,"tested":2614},{"age_group":"70-79   ","count":39,"tested":1204},{"age_group":"80+","count":26,"tested":458}],"race":[{"description":"White","count":506,"tested":10248,"color":"rgb(31,119,180)"},{"description":"Other","count":101,"tested":1888,"color":"rgb(148,103,189)"},{"description":"Left Blank","count":670,"tested":16739,"color":"rgb(44,160,44)"},{"description":"Asian","count":101,"tested":2912,"color":"rgb(140,86,75)"},{"description":"Hispanic","count":94,"tested":1167,"color":"rgb(214,39,40)"},{"description":"Black","count":192,"tested":3040,"color":"rgb(255,127,14)"}],"gender":[{"description":"Female","count":725,"tested":18167,"color":"rgb(255,127,14)"},{"description":"Unknown/Left Blank","count":26,"tested":602,"color":"rgb(44,160,44)"},{"description":"Male","count":921,"tested":17299,"color":"rgb(31,119,180)"}]}
