{"age":[{"age_group":"<20","count":236,"tested":1769},{"age_group":"20-29   ","count":210,"tested":1675},{"age_group":"30-39   ","count":188,"tested":1537},{"age_group":"40-49   ","count":239,"tested":1708},{"age_group":"50-59   ","count":202,"tested":1770},{"age_group":"60-69   ","count":132,"tested":1168},{"age_group":"70-79   ","count":51,"tested":659},{"age_group":"80+","count":22,"tested":307}],"race":[{"description":"Other","count":29,"tested":341,"color":"rgb(148,103,189)"},{"description":"Left Blank","count":421,"tested":3547,"color":"rgb(44,160,44)"},{"description":"Hispanic","count":82,"tested":447,"color":"rgb(214,39,40)"},{"description":"White","count":735,"tested":6080,"color":"rgb(31,119,180)"},{"description":"Asian","count":6,"tested":55,"color":"rgb(140,86,75)"},{"description":"Black","count":6,"tested":109,"color":"rgb(255,127,14)"}],"gender":[{"description":"Female","count":657,"tested":5675,"color":"rgb(255,127,14)"},{"description":"Unknown/Left Blank","count":10,"tested":122,"color":"rgb(44,160,44)"},{"description":"Male","count":613,"tested":4796,"color":"rgb(31,119,180)"}]}
