{"age":[{"age_group":"<20","count":297,"tested":2395},{"age_group":"20-29   ","count":342,"tested":2859},{"age_group":"30-39   ","count":303,"tested":2297},{"age_group":"40-49   ","count":301,"tested":2186},{"age_group":"50-59   ","count":325,"tested":2799},{"age_group":"60-69   ","count":233,"tested":2207},{"age_group":"70-79   ","count":148,"tested":1650},{"age_group":"80+","count":125,"tested":2199}],"race":[{"description":"Hispanic","count":119,"tested":538,"color":"rgb(214,39,40)"},{"description":"Left Blank","count":532,"tested":5884,"color":"rgb(44,160,44)"},{"description":"Asian","count":9,"tested":85,"color":"rgb(140,86,75)"},{"description":"White","count":1169,"tested":10824,"color":"rgb(31,119,180)"},{"description":"Black","count":21,"tested":214,"color":"rgb(255,127,14)"},{"description":"Other","count":226,"tested":1155,"color":"rgb(148,103,189)"}],"gender":[{"description":"Female","count":1059,"tested":11102,"color":"rgb(255,127,14)"},{"description":"Male","count":997,"tested":7109,"color":"rgb(31,119,180)"},{"description":"Unknown/Left Blank","count":20,"tested":500,"color":"rgb(44,160,44)"}]}
