{"age":[{"age_group":"<20","count":420,"tested":3092},{"age_group":"20-29   ","count":533,"tested":4453},{"age_group":"30-39   ","count":541,"tested":4418},{"age_group":"40-49   ","count":530,"tested":4209},{"age_group":"50-59   ","count":420,"tested":3654},{"age_group":"60-69   ","count":211,"tested":2524},{"age_group":"70-79   ","count":114,"tested":1474},{"age_group":"80+","count":104,"tested":1051}],"race":[{"description":"Left Blank","count":831,"tested":9613,"color":"rgb(44,160,44)"},{"description":"Other","count":65,"tested":1073,"color":"rgb(148,103,189)"},{"description":"Asian","count":39,"tested":312,"color":"rgb(140,86,75)"},{"description":"Black","count":292,"tested":2343,"color":"rgb(255,127,14)"},{"description":"Hispanic","count":545,"tested":2366,"color":"rgb(214,39,40)"},{"description":"White","count":1089,"tested":9120,"color":"rgb(31,119,180)"},{"description":"AI/AN**","count":12,"tested":32,"color":"rgb(31,119,180)"}],"gender":[{"description":"Female","count":1500,"tested":13757,"color":"rgb(255,127,14)"},{"description":"Male","count":1354,"tested":10289,"color":"rgb(31,119,180)"},{"description":"Unknown/Left Blank","count":19,"tested":836,"color":"rgb(44,160,44)"}]}
