{"age":[{"age_group":"<20","count":71,"tested":940},{"age_group":"20-29   ","count":54,"tested":679},{"age_group":"30-39   ","count":46,"tested":708},{"age_group":"40-49   ","count":55,"tested":581},{"age_group":"50-59   ","count":64,"tested":812},{"age_group":"60-69   ","count":69,"tested":815},{"age_group":"70-79   ","count":36,"tested":741},{"age_group":"80+","count":63,"tested":1226}],"race":[{"description":"White","count":304,"tested":3668,"color":"rgb(31,119,180)"},{"description":"Left Blank","count":148,"tested":2745,"color":"rgb(44,160,44)"}],"gender":[{"description":"Male","count":203,"tested":2399,"color":"rgb(31,119,180)"},{"description":"Female","count":252,"tested":4030,"color":"rgb(255,127,14)"}]}
