{"age":[{"age_group":"<20","count":17,"tested":149},{"age_group":"20-29   ","count":13,"tested":199},{"age_group":"30-39   ","count":16,"tested":81},{"age_group":"40-49   ","count":19,"tested":100},{"age_group":"50-59   ","count":22,"tested":211},{"age_group":"60-69   ","count":11,"tested":73},{"age_group":"70-79   ","count":11,"tested":74}],"race":[{"description":"White","count":88,"tested":527,"color":"rgb(31,119,180)"},{"description":"Left Blank","count":16,"tested":352,"color":"rgb(44,160,44)"}],"gender":[{"description":"Female","count":59,"tested":510,"color":"rgb(255,127,14)"},{"description":"Male","count":51,"tested":390,"color":"rgb(31,119,180)"}]}
