{"lastUpdatedDate":{"year":2021,"month":3,"day":25},"county_demographics":[{"County":"Hamilton","confirmed_cases":798,"total_tested":7016,"demographics":{"age":[{"race":[],"age_group":"<20","count":96,"tested":899,"deaths":0},{"race":[],"age_group":"20-29   ","count":104,"tested":946,"deaths":0},{"race":[],"age_group":"30-39   ","count":125,"tested":996,"deaths":0},{"race":[],"age_group":"40-49   ","count":106,"tested":1218,"deaths":0},{"race":[],"age_group":"50-59   ","count":125,"tested":1196,"deaths":0},{"race":[],"age_group":"60-69   ","count":98,"tested":863,"deaths":0},{"race":[],"age_group":"70-79   ","count":63,"tested":514,"deaths":0},{"race":[],"age_group":"80+","count":60,"tested":381,"deaths":0},{"race":[],"age_group":"Unknown","count":0,"tested":0,"deaths":0}],"race":[{"description":"AI/AN**","count":0,"tested":0,"deaths":0,"color":"rgb(31,119,180)"},{"description":"Asian","count":0,"tested":7,"deaths":0,"color":"rgb(140,86,75)"},{"description":"Black","count":0,"tested":21,"deaths":0,"color":"rgb(255,127,14)"},{"description":"Hispanic","count":8,"tested":72,"deaths":0,"color":"rgb(214,39,40)"},{"description":"Left Blank","count":262,"tested":2485,"deaths":0,"color":"rgb(44,160,44)"},{"description":"NH/PI*","count":0,"tested":0,"deaths":0,"color":"rgb(127,127,127)"},{"description":"Other","count":0,"tested":52,"deaths":0,"color":"rgb(148,103,189)"},{"description":"White","count":523,"tested":4376,"deaths":0,"color":"rgb(31,119,180)"}],"gender":[{"description":"Female","count":426,"tested":4185,"deaths":0,"color":"rgb(255,127,14)"},{"description":"Male","count":320,"tested":2220,"deaths":0,"color":"rgb(31,119,180)"},{"description":"Unknown/Left Blank","count":52,"tested":611,"deaths":0,"color":"rgb(44,160,44)"}]}}]}
