{"lastUpdatedDate":{"year":2021,"month":3,"day":25},"county_demographics":[{"County":"Lake","confirmed_cases":61652,"total_tested":883355,"demographics":{"age":[{"race":[],"age_group":"<20","count":11102,"tested":132055,"deaths":0},{"race":[],"age_group":"20-29   ","count":11305,"tested":145907,"deaths":0},{"race":[],"age_group":"30-39   ","count":8986,"tested":116394,"deaths":0},{"race":[],"age_group":"40-49   ","count":9704,"tested":120402,"deaths":0},{"race":[],"age_group":"50-59   ","count":9578,"tested":138471,"deaths":0},{"race":[],"age_group":"60-69   ","count":5855,"tested":106704,"deaths":0},{"race":[],"age_group":"70-79   ","count":2814,"tested":60015,"deaths":0},{"race":[],"age_group":"80+","count":2286,"tested":63064,"deaths":0},{"race":[],"age_group":"Unknown","count":22,"tested":343,"deaths":0}],"race":[{"description":"AI/AN**","count":93,"tested":874,"deaths":0,"color":"rgb(31,119,180)"},{"description":"Asian","count":1658,"tested":31738,"deaths":0,"color":"rgb(140,86,75)"},{"description":"Black","count":3193,"tested":36961,"deaths":0,"color":"rgb(255,127,14)"},{"description":"Hispanic","count":18130,"tested":102111,"deaths":0,"color":"rgb(214,39,40)"},{"description":"Left Blank","count":14886,"tested":365762,"deaths":0,"color":"rgb(44,160,44)"},{"description":"NH/PI*","count":118,"tested":2236,"deaths":0,"color":"rgb(127,127,127)"},{"description":"Other","count":2950,"tested":30552,"deaths":0,"color":"rgb(148,103,189)"},{"description":"White","count":20624,"tested":313121,"deaths":0,"color":"rgb(31,119,180)"}],"gender":[{"description":"Female","count":30826,"tested":489944,"deaths":0,"color":"rgb(255,127,14)"},{"description":"Male","count":29992,"tested":371958,"deaths":0,"color":"rgb(31,119,180)"},{"description":"Unknown/Left Blank","count":834,"tested":21453,"deaths":0,"color":"rgb(44,160,44)"}]}}]}
