{"lastUpdatedDate":{"year":2021,"month":3,"day":25},"county_demographics":[{"County":"Champaign","confirmed_cases":18803,"total_tested":1998473,"demographics":{"age":[{"race":[],"age_group":"<20","count":5113,"tested":459627,"deaths":0},{"race":[],"age_group":"20-29   ","count":5580,"tested":905533,"deaths":0},{"race":[],"age_group":"30-39   ","count":2287,"tested":198491,"deaths":0},{"race":[],"age_group":"40-49   ","count":1944,"tested":151184,"deaths":0},{"race":[],"age_group":"50-59   ","count":1627,"tested":141962,"deaths":0},{"race":[],"age_group":"60-69   ","count":1250,"tested":88454,"deaths":0},{"race":[],"age_group":"70-79   ","count":537,"tested":30363,"deaths":0},{"race":[],"age_group":"80+","count":463,"tested":22585,"deaths":0},{"race":[],"age_group":"Unknown","count":0,"tested":274,"deaths":0}],"race":[{"description":"AI/AN**","count":11,"tested":2745,"deaths":0,"color":"rgb(31,119,180)"},{"description":"Asian","count":1026,"tested":390871,"deaths":0,"color":"rgb(140,86,75)"},{"description":"Black","count":2782,"tested":150457,"deaths":0,"color":"rgb(255,127,14)"},{"description":"Hispanic","count":2243,"tested":158116,"deaths":0,"color":"rgb(214,39,40)"},{"description":"Left Blank","count":736,"tested":92996,"deaths":0,"color":"rgb(44,160,44)"},{"description":"NH/PI*","count":9,"tested":1309,"deaths":0,"color":"rgb(127,127,127)"},{"description":"Other","count":500,"tested":88788,"deaths":0,"color":"rgb(148,103,189)"},{"description":"White","count":11494,"tested":1113191,"deaths":0,"color":"rgb(31,119,180)"}],"gender":[{"description":"Female","count":9401,"tested":974865,"deaths":0,"color":"rgb(255,127,14)"},{"description":"Male","count":9370,"tested":1018735,"deaths":0,"color":"rgb(31,119,180)"},{"description":"Unknown/Left Blank","count":32,"tested":4873,"deaths":0,"color":"rgb(44,160,44)"}]}}]}
