{"lastUpdatedDate":{"year":2021,"month":3,"day":25},"county_demographics":[{"County":"Greene","confirmed_cases":1401,"total_tested":13510,"demographics":{"age":[{"race":[],"age_group":"<20","count":162,"tested":1971,"deaths":0},{"race":[],"age_group":"20-29   ","count":189,"tested":2017,"deaths":0},{"race":[],"age_group":"30-39   ","count":192,"tested":2097,"deaths":0},{"race":[],"age_group":"40-49   ","count":185,"tested":1851,"deaths":0},{"race":[],"age_group":"50-59   ","count":241,"tested":2093,"deaths":0},{"race":[],"age_group":"60-69   ","count":175,"tested":1519,"deaths":0},{"race":[],"age_group":"70-79   ","count":138,"tested":1047,"deaths":0},{"race":[],"age_group":"80+","count":106,"tested":914,"deaths":0},{"race":[],"age_group":"Unknown","count":10,"tested":0,"deaths":0}],"race":[{"description":"AI/AN**","count":0,"tested":0,"deaths":0,"color":"rgb(31,119,180)"},{"description":"Asian","count":0,"tested":7,"deaths":0,"color":"rgb(140,86,75)"},{"description":"Black","count":0,"tested":47,"deaths":0,"color":"rgb(255,127,14)"},{"description":"Hispanic","count":0,"tested":20,"deaths":0,"color":"rgb(214,39,40)"},{"description":"Left Blank","count":619,"tested":7156,"deaths":0,"color":"rgb(44,160,44)"},{"description":"NH/PI*","count":0,"tested":6,"deaths":0,"color":"rgb(127,127,127)"},{"description":"Other","count":8,"tested":102,"deaths":0,"color":"rgb(148,103,189)"},{"description":"White","count":771,"tested":6168,"deaths":0,"color":"rgb(31,119,180)"}],"gender":[{"description":"Female","count":719,"tested":7994,"deaths":0,"color":"rgb(255,127,14)"},{"description":"Male","count":559,"tested":4599,"deaths":0,"color":"rgb(31,119,180)"},{"description":"Unknown/Left Blank","count":123,"tested":917,"deaths":0,"color":"rgb(44,160,44)"}]}}]}
