{"lastUpdatedDate":{"year":2021,"month":3,"day":25},"county_demographics":[{"County":"Union","confirmed_cases":2223,"total_tested":31991,"demographics":{"age":[{"race":[],"age_group":"<20","count":315,"tested":2605,"deaths":0},{"race":[],"age_group":"20-29   ","count":346,"tested":4612,"deaths":0},{"race":[],"age_group":"30-39   ","count":322,"tested":4979,"deaths":0},{"race":[],"age_group":"40-49   ","count":307,"tested":5088,"deaths":0},{"race":[],"age_group":"50-59   ","count":343,"tested":5809,"deaths":0},{"race":[],"age_group":"60-69   ","count":288,"tested":3847,"deaths":0},{"race":[],"age_group":"70-79   ","count":182,"tested":2262,"deaths":0},{"race":[],"age_group":"80+","count":120,"tested":2784,"deaths":0},{"race":[],"age_group":"Unknown","count":0,"tested":0,"deaths":0}],"race":[{"description":"AI/AN**","count":0,"tested":0,"deaths":0,"color":"rgb(31,119,180)"},{"description":"Asian","count":0,"tested":73,"deaths":0,"color":"rgb(140,86,75)"},{"description":"Black","count":69,"tested":1192,"deaths":0,"color":"rgb(255,127,14)"},{"description":"Hispanic","count":105,"tested":636,"deaths":0,"color":"rgb(214,39,40)"},{"description":"Left Blank","count":306,"tested":8161,"deaths":0,"color":"rgb(44,160,44)"},{"description":"NH/PI*","count":0,"tested":49,"deaths":0,"color":"rgb(127,127,127)"},{"description":"Other","count":15,"tested":189,"deaths":0,"color":"rgb(148,103,189)"},{"description":"White","count":1726,"tested":21686,"deaths":0,"color":"rgb(31,119,180)"}],"gender":[{"description":"Female","count":1101,"tested":16311,"deaths":0,"color":"rgb(255,127,14)"},{"description":"Male","count":1041,"tested":13677,"deaths":0,"color":"rgb(31,119,180)"},{"description":"Unknown/Left Blank","count":81,"tested":2003,"deaths":0,"color":"rgb(44,160,44)"}]}}]}
