{"lastUpdatedDate":{"year":2021,"month":3,"day":25},"county_demographics":[{"County":"Brown","confirmed_cases":679,"total_tested":23557,"demographics":{"age":[{"race":[],"age_group":"<20","count":87,"tested":757,"deaths":0},{"race":[],"age_group":"20-29   ","count":114,"tested":4793,"deaths":0},{"race":[],"age_group":"30-39   ","count":131,"tested":5020,"deaths":0},{"race":[],"age_group":"40-49   ","count":115,"tested":4596,"deaths":0},{"race":[],"age_group":"50-59   ","count":83,"tested":2836,"deaths":0},{"race":[],"age_group":"60-69   ","count":84,"tested":1629,"deaths":0},{"race":[],"age_group":"70-79   ","count":22,"tested":529,"deaths":0},{"race":[],"age_group":"80+","count":35,"tested":553,"deaths":0},{"race":[],"age_group":"Unknown","count":0,"tested":2844,"deaths":0}],"race":[{"description":"AI/AN**","count":0,"tested":0,"deaths":0,"color":"rgb(31,119,180)"},{"description":"Asian","count":0,"tested":0,"deaths":0,"color":"rgb(140,86,75)"},{"description":"Black","count":117,"tested":327,"deaths":0,"color":"rgb(255,127,14)"},{"description":"Hispanic","count":16,"tested":64,"deaths":0,"color":"rgb(214,39,40)"},{"description":"Left Blank","count":155,"tested":19605,"deaths":0,"color":"rgb(44,160,44)"},{"description":"Other","count":0,"tested":44,"deaths":0,"color":"rgb(148,103,189)"},{"description":"White","count":388,"tested":3513,"deaths":0,"color":"rgb(31,119,180)"}],"gender":[{"description":"Female","count":253,"tested":3139,"deaths":0,"color":"rgb(255,127,14)"},{"description":"Male","count":367,"tested":6858,"deaths":0,"color":"rgb(31,119,180)"},{"description":"Unknown/Left Blank","count":59,"tested":13560,"deaths":0,"color":"rgb(44,160,44)"}]}}]}
