{"lastUpdatedDate":{"year":2021,"month":3,"day":25},"county_demographics":[{"County":"Livingston","confirmed_cases":4377,"total_tested":91177,"demographics":{"age":[{"race":[],"age_group":"<20","count":592,"tested":7949,"deaths":0},{"race":[],"age_group":"20-29   ","count":662,"tested":12621,"deaths":0},{"race":[],"age_group":"30-39   ","count":728,"tested":15744,"deaths":0},{"race":[],"age_group":"40-49   ","count":643,"tested":13625,"deaths":0},{"race":[],"age_group":"50-59   ","count":651,"tested":14308,"deaths":0},{"race":[],"age_group":"60-69   ","count":513,"tested":9541,"deaths":0},{"race":[],"age_group":"70-79   ","count":284,"tested":5033,"deaths":0},{"race":[],"age_group":"80+","count":299,"tested":9321,"deaths":0},{"race":[],"age_group":"Unknown","count":0,"tested":3035,"deaths":0}],"race":[{"description":"AI/AN**","count":0,"tested":34,"deaths":0,"color":"rgb(31,119,180)"},{"description":"Asian","count":6,"tested":109,"deaths":0,"color":"rgb(140,86,75)"},{"description":"Black","count":101,"tested":1080,"deaths":0,"color":"rgb(255,127,14)"},{"description":"Hispanic","count":120,"tested":1057,"deaths":0,"color":"rgb(214,39,40)"},{"description":"Left Blank","count":1035,"tested":54832,"deaths":0,"color":"rgb(44,160,44)"},{"description":"NH/PI*","count":0,"tested":12,"deaths":0,"color":"rgb(127,127,127)"},{"description":"Other","count":106,"tested":1049,"deaths":0,"color":"rgb(148,103,189)"},{"description":"White","count":3004,"tested":33004,"deaths":0,"color":"rgb(31,119,180)"}],"gender":[{"description":"Female","count":2200,"tested":41963,"deaths":0,"color":"rgb(255,127,14)"},{"description":"Male","count":2098,"tested":30937,"deaths":0,"color":"rgb(31,119,180)"},{"description":"Unknown/Left Blank","count":79,"tested":18277,"deaths":0,"color":"rgb(44,160,44)"}]}}]}
