{"lastUpdatedDate":{"year":2021,"month":3,"day":25},"county_demographics":[{"County":"Mason","confirmed_cases":1324,"total_tested":20504,"demographics":{"age":[{"race":[],"age_group":"<20","count":225,"tested":3043,"deaths":0},{"race":[],"age_group":"20-29   ","count":140,"tested":2913,"deaths":0},{"race":[],"age_group":"30-39   ","count":186,"tested":3156,"deaths":0},{"race":[],"age_group":"40-49   ","count":186,"tested":3274,"deaths":0},{"race":[],"age_group":"50-59   ","count":194,"tested":2963,"deaths":0},{"race":[],"age_group":"60-69   ","count":169,"tested":2138,"deaths":0},{"race":[],"age_group":"70-79   ","count":124,"tested":1288,"deaths":0},{"race":[],"age_group":"80+","count":92,"tested":1729,"deaths":0},{"race":[],"age_group":"Unknown","count":0,"tested":0,"deaths":0}],"race":[{"description":"AI/AN**","count":0,"tested":0,"deaths":0,"color":"rgb(31,119,180)"},{"description":"Asian","count":0,"tested":32,"deaths":0,"color":"rgb(140,86,75)"},{"description":"Black","count":0,"tested":42,"deaths":0,"color":"rgb(255,127,14)"},{"description":"Hispanic","count":8,"tested":44,"deaths":0,"color":"rgb(214,39,40)"},{"description":"Left Blank","count":437,"tested":7358,"deaths":0,"color":"rgb(44,160,44)"},{"description":"Other","count":8,"tested":173,"deaths":0,"color":"rgb(148,103,189)"},{"description":"White","count":863,"tested":12850,"deaths":0,"color":"rgb(31,119,180)"}],"gender":[{"description":"Female","count":731,"tested":12915,"deaths":0,"color":"rgb(255,127,14)"},{"description":"Male","count":548,"tested":6544,"deaths":0,"color":"rgb(31,119,180)"},{"description":"Unknown/Left Blank","count":44,"tested":1045,"deaths":0,"color":"rgb(44,160,44)"}]}}]}
