{"lastUpdatedDate":{"year":2021,"month":3,"day":25},"county_demographics":[{"County":"Williamson","confirmed_cases":7006,"total_tested":91778,"demographics":{"age":[{"race":[],"age_group":"<20","count":1105,"tested":10202,"deaths":0},{"race":[],"age_group":"20-29   ","count":1067,"tested":12712,"deaths":0},{"race":[],"age_group":"30-39   ","count":1123,"tested":14427,"deaths":0},{"race":[],"age_group":"40-49   ","count":1072,"tested":13509,"deaths":0},{"race":[],"age_group":"50-59   ","count":980,"tested":13838,"deaths":0},{"race":[],"age_group":"60-69   ","count":757,"tested":10685,"deaths":0},{"race":[],"age_group":"70-79   ","count":547,"tested":8710,"deaths":0},{"race":[],"age_group":"80+","count":354,"tested":7664,"deaths":0},{"race":[],"age_group":"Unknown","count":0,"tested":31,"deaths":0}],"race":[{"description":"AI/AN**","count":0,"tested":29,"deaths":0,"color":"rgb(31,119,180)"},{"description":"Asian","count":18,"tested":297,"deaths":0,"color":"rgb(140,86,75)"},{"description":"Black","count":229,"tested":2646,"deaths":0,"color":"rgb(255,127,14)"},{"description":"Hispanic","count":82,"tested":756,"deaths":0,"color":"rgb(214,39,40)"},{"description":"Left Blank","count":1359,"tested":35782,"deaths":0,"color":"rgb(44,160,44)"},{"description":"NH/PI*","count":0,"tested":45,"deaths":0,"color":"rgb(127,127,127)"},{"description":"Other","count":59,"tested":1045,"deaths":0,"color":"rgb(148,103,189)"},{"description":"White","count":5253,"tested":51178,"deaths":0,"color":"rgb(31,119,180)"}],"gender":[{"description":"Female","count":3592,"tested":49286,"deaths":0,"color":"rgb(255,127,14)"},{"description":"Male","count":3069,"tested":34375,"deaths":0,"color":"rgb(31,119,180)"},{"description":"Unknown/Left Blank","count":344,"tested":8117,"deaths":0,"color":"rgb(44,160,44)"}]}}]}
