{"age":[{"age_group":"<20","count":153,"tested":1398},{"age_group":"20-29   ","count":222,"tested":2231},{"age_group":"30-39   ","count":165,"tested":1734},{"age_group":"40-49   ","count":182,"tested":1851},{"age_group":"50-59   ","count":219,"tested":2395},{"age_group":"60-69   ","count":172,"tested":1970},{"age_group":"70-79   ","count":111,"tested":1270},{"age_group":"80+","count":113,"tested":2023}],"race":[{"description":"Other","count":63,"tested":349,"color":"rgb(148,103,189)"},{"description":"Black","count":49,"tested":128,"color":"rgb(255,127,14)"},{"description":"Asian","count":46,"tested":103,"color":"rgb(140,86,75)"},{"description":"White","count":548,"tested":5267,"color":"rgb(31,119,180)"},{"description":"Left Blank","count":485,"tested":8777,"color":"rgb(44,160,44)"},{"description":"Hispanic","count":67,"tested":246,"color":"rgb(214,39,40)"}],"gender":[{"description":"Female","count":587,"tested":8936,"color":"rgb(255,127,14)"},{"description":"Male","count":513,"tested":5471,"color":"rgb(31,119,180)"}]}
