{"age":[{"age_group":"<20","count":36,"tested":211},{"age_group":"20-29   ","count":23,"tested":71},{"age_group":"30-39   ","count":26,"tested":112},{"age_group":"40-49   ","count":35,"tested":130},{"age_group":"50-59   ","count":25,"tested":129},{"age_group":"60-69   ","count":28,"tested":113},{"age_group":"70-79   ","count":18,"tested":86}],"race":[{"description":"Left Blank","count":82,"tested":413,"color":"rgb(44,160,44)"},{"description":"Hispanic","count":17,"tested":27,"color":"rgb(214,39,40)"},{"description":"White","count":65,"tested":450,"color":"rgb(31,119,180)"}],"gender":[{"description":"Female","count":69,"tested":494,"color":"rgb(255,127,14)"},{"description":"Male","count":83,"tested":364,"color":"rgb(31,119,180)"}]}
