{"age":[{"age_group":"<20","count":92,"tested":1047},{"age_group":"20-29   ","count":174,"tested":1829},{"age_group":"30-39   ","count":180,"tested":2010},{"age_group":"40-49   ","count":159,"tested":1694},{"age_group":"50-59   ","count":141,"tested":1961},{"age_group":"60-69   ","count":113,"tested":1639},{"age_group":"70-79   ","count":41,"tested":717},{"age_group":"80+","count":23,"tested":250}],"race":[{"description":"Black","count":563,"tested":6231,"color":"rgb(255,127,14)"},{"description":"Hispanic","count":38,"tested":149,"color":"rgb(214,39,40)"},{"description":"White","count":20,"tested":155,"color":"rgb(31,119,180)"},{"description":"Other","count":22,"tested":171,"color":"rgb(148,103,189)"},{"description":"Left Blank","count":273,"tested":4422,"color":"rgb(44,160,44)"}],"gender":[{"description":"Female","count":530,"tested":6866,"color":"rgb(255,127,14)"},{"description":"Unknown/Left Blank","count":14,"tested":230,"color":"rgb(44,160,44)"},{"description":"Male","count":369,"tested":4054,"color":"rgb(31,119,180)"}]}
