{"age":[{"age_group":"<20","count":38,"tested":399},{"age_group":"20-29   ","count":60,"tested":520},{"age_group":"30-39   ","count":50,"tested":517},{"age_group":"40-49   ","count":48,"tested":436},{"age_group":"50-59   ","count":55,"tested":566},{"age_group":"60-69   ","count":54,"tested":514},{"age_group":"70-79   ","count":49,"tested":446},{"age_group":"80+","count":32,"tested":462}],"race":[{"description":"Left Blank","count":41,"tested":492,"color":"rgb(44,160,44)"},{"description":"White","count":216,"tested":3130,"color":"rgb(31,119,180)"},{"description":"Hispanic","count":28,"tested":92,"color":"rgb(214,39,40)"}],"gender":[{"description":"Female","count":153,"tested":2331,"color":"rgb(255,127,14)"},{"description":"Male","count":115,"tested":1501,"color":"rgb(31,119,180)"}]}
