{"age":[{"age_group":"<20","count":207,"tested":2380},{"age_group":"20-29   ","count":223,"tested":2059},{"age_group":"30-39   ","count":213,"tested":2184},{"age_group":"40-49   ","count":198,"tested":2001},{"age_group":"50-59   ","count":185,"tested":1799},{"age_group":"60-69   ","count":133,"tested":1395},{"age_group":"70-79   ","count":65,"tested":853},{"age_group":"80+","count":40,"tested":941}],"race":[{"description":"Left Blank","count":324,"tested":6187,"color":"rgb(44,160,44)"},{"description":"Other","count":41,"tested":279,"color":"rgb(148,103,189)"},{"description":"Hispanic","count":200,"tested":921,"color":"rgb(214,39,40)"},{"description":"White","count":553,"tested":5704,"color":"rgb(31,119,180)"},{"description":"Black","count":72,"tested":428,"color":"rgb(255,127,14)"},{"description":"Asian","count":31,"tested":91,"color":"rgb(140,86,75)"}],"gender":[{"description":"Male","count":531,"tested":5349,"color":"rgb(31,119,180)"},{"description":"Female","count":604,"tested":7639,"color":"rgb(255,127,14)"}]}
