{"age":[{"age_group":"<20","count":221,"tested":1244},{"age_group":"20-29   ","count":298,"tested":1823},{"age_group":"30-39   ","count":269,"tested":1604},{"age_group":"40-49   ","count":279,"tested":1532},{"age_group":"50-59   ","count":245,"tested":1448},{"age_group":"60-69   ","count":143,"tested":1037},{"age_group":"70-79   ","count":77,"tested":427},{"age_group":"80+","count":53,"tested":204}],"race":[{"description":"AI/AN**","count":66,"tested":121,"color":"rgb(31,119,180)"},{"description":"Hispanic","count":559,"tested":1841,"color":"rgb(214,39,40)"},{"description":"White","count":158,"tested":1347,"color":"rgb(31,119,180)"},{"description":"Black","count":163,"tested":1421,"color":"rgb(255,127,14)"},{"description":"Other","count":123,"tested":792,"color":"rgb(148,103,189)"},{"description":"Left Blank","count":456,"tested":3789,"color":"rgb(44,160,44)"}],"gender":[{"description":"Unknown/Left Blank","count":40,"tested":124,"color":"rgb(44,160,44)"},{"description":"Male","count":657,"tested":3928,"color":"rgb(31,119,180)"},{"description":"Female","count":743,"tested":5270,"color":"rgb(255,127,14)"}]}
