{"age":[{"age_group":"<20","count":28,"tested":135},{"age_group":"20-29   ","count":31,"tested":205},{"age_group":"30-39   ","count":19,"tested":114},{"age_group":"40-49   ","count":15,"tested":98},{"age_group":"50-59   ","count":30,"tested":231},{"age_group":"60-69   ","count":25,"tested":186},{"age_group":"70-79   ","count":14,"tested":145}],"race":[{"description":"Hispanic","count":15,"tested":32,"color":"rgb(214,39,40)"},{"description":"Asian","count":16,"tested":61,"color":"rgb(140,86,75)"},{"description":"Left Blank","count":44,"tested":504,"color":"rgb(44,160,44)"},{"description":"White","count":66,"tested":526,"color":"rgb(31,119,180)"}],"gender":[{"description":"Male","count":75,"tested":570,"color":"rgb(31,119,180)"},{"description":"Female","count":59,"tested":568,"color":"rgb(255,127,14)"}]}
