{"age":[{"age_group":"<20","count":71,"tested":460},{"age_group":"20-29   ","count":87,"tested":637},{"age_group":"30-39   ","count":57,"tested":399},{"age_group":"40-49   ","count":73,"tested":422},{"age_group":"50-59   ","count":73,"tested":572},{"age_group":"60-69   ","count":65,"tested":757},{"age_group":"70-79   ","count":49,"tested":673},{"age_group":"80+","count":47,"tested":883}],"race":[{"description":"Asian","count":21,"tested":52,"color":"rgb(140,86,75)"},{"description":"Hispanic","count":27,"tested":118,"color":"rgb(214,39,40)"},{"description":"White","count":197,"tested":1885,"color":"rgb(31,119,180)"},{"description":"Other","count":22,"tested":136,"color":"rgb(148,103,189)"},{"description":"Left Blank","count":206,"tested":2588,"color":"rgb(44,160,44)"}],"gender":[{"description":"Female","count":235,"tested":2816,"color":"rgb(255,127,14)"},{"description":"Male","count":196,"tested":1962,"color":"rgb(31,119,180)"}]}
