{"age":[{"age_group":"<20","count":137,"tested":861},{"age_group":"20-29   ","count":179,"tested":1937},{"age_group":"30-39   ","count":175,"tested":1646},{"age_group":"40-49   ","count":158,"tested":1545},{"age_group":"50-59   ","count":137,"tested":1817},{"age_group":"60-69   ","count":111,"tested":2144},{"age_group":"70-79   ","count":44,"tested":1215},{"age_group":"80+","count":32,"tested":775}],"race":[{"description":"Hispanic","count":163,"tested":776,"color":"rgb(214,39,40)"},{"description":"White","count":193,"tested":2186,"color":"rgb(31,119,180)"},{"description":"Black","count":63,"tested":608,"color":"rgb(255,127,14)"},{"description":"Left Blank","count":487,"tested":8068,"color":"rgb(44,160,44)"},{"description":"Other","count":37,"tested":229,"color":"rgb(148,103,189)"}],"gender":[{"description":"Female","count":521,"tested":6537,"color":"rgb(255,127,14)"},{"description":"Male","count":399,"tested":5191,"color":"rgb(31,119,180)"}]}
