{"age":[{"age_group":"<20","count":214,"tested":1532},{"age_group":"20-29   ","count":290,"tested":2177},{"age_group":"30-39   ","count":267,"tested":2248},{"age_group":"40-49   ","count":274,"tested":1944},{"age_group":"50-59   ","count":284,"tested":2328},{"age_group":"60-69   ","count":235,"tested":2111},{"age_group":"70-79   ","count":176,"tested":1452},{"age_group":"80+","count":153,"tested":1179}],"race":[{"description":"Asian","count":98,"tested":124,"color":"rgb(140,86,75)"},{"description":"Black","count":93,"tested":115,"color":"rgb(255,127,14)"},{"description":"White","count":701,"tested":7611,"color":"rgb(31,119,180)"},{"description":"Other","count":109,"tested":210,"color":"rgb(148,103,189)"},{"description":"Left Blank","count":458,"tested":5875,"color":"rgb(44,160,44)"},{"description":"Hispanic","count":263,"tested":1010,"color":"rgb(214,39,40)"}],"gender":[{"description":"Female","count":714,"tested":8557,"color":"rgb(255,127,14)"},{"description":"Male","count":658,"tested":6089,"color":"rgb(31,119,180)"},{"description":"Unknown/Left Blank","count":96,"tested":325,"color":"rgb(44,160,44)"}]}
