{"age":[{"age_group":"<20","count":20,"tested":186},{"age_group":"20-29   ","count":17,"tested":162},{"age_group":"30-39   ","count":26,"tested":171},{"age_group":"40-49   ","count":18,"tested":119},{"age_group":"50-59   ","count":18,"tested":152},{"age_group":"60-69   ","count":11,"tested":125},{"age_group":"80+","count":10,"tested":55}],"race":[{"description":"White","count":66,"tested":650,"color":"rgb(31,119,180)"},{"description":"Left Blank","count":25,"tested":335,"color":"rgb(44,160,44)"},{"description":"Hispanic","count":14,"tested":13,"color":"rgb(214,39,40)"}],"gender":[{"description":"Female","count":61,"tested":592,"color":"rgb(255,127,14)"},{"description":"Male","count":41,"tested":429,"color":"rgb(31,119,180)"}]}
