{"age":[{"age_group":"<20","count":272,"tested":4383},{"age_group":"20-29   ","count":1294,"tested":20213},{"age_group":"30-39   ","count":505,"tested":12071},{"age_group":"40-49   ","count":334,"tested":5686},{"age_group":"50-59   ","count":276,"tested":5279},{"age_group":"60-69   ","count":229,"tested":4463},{"age_group":"70-79   ","count":230,"tested":3372},{"age_group":"80+","count":244,"tested":2902}],"race":[{"description":"Hispanic","count":298,"tested":1402,"color":"rgb(214,39,40)"},{"description":"Left Blank","count":928,"tested":35034,"color":"rgb(44,160,44)"},{"description":"Other","count":206,"tested":1455,"color":"rgb(148,103,189)"},{"description":"Black","count":250,"tested":1950,"color":"rgb(255,127,14)"},{"description":"Asian","count":162,"tested":1306,"color":"rgb(140,86,75)"},{"description":"White","count":1340,"tested":17184,"color":"rgb(31,119,180)"}],"gender":[{"description":"Unknown/Left Blank","count":117,"tested":1214,"color":"rgb(44,160,44)"},{"description":"Female","count":1418,"tested":33577,"color":"rgb(255,127,14)"},{"description":"Male","count":1359,"tested":23604,"color":"rgb(31,119,180)"}]}
