{"age":[{"age_group":"<20","count":133,"tested":774},{"age_group":"20-29   ","count":229,"tested":1517},{"age_group":"30-39   ","count":183,"tested":1342},{"age_group":"40-49   ","count":176,"tested":1200},{"age_group":"50-59   ","count":161,"tested":1269},{"age_group":"60-69   ","count":129,"tested":1250},{"age_group":"70-79   ","count":94,"tested":798},{"age_group":"80+","count":93,"tested":813}],"race":[{"description":"Left Blank","count":309,"tested":4153,"color":"rgb(44,160,44)"},{"description":"Other","count":74,"tested":491,"color":"rgb(148,103,189)"},{"description":"Black","count":233,"tested":1493,"color":"rgb(255,127,14)"},{"description":"Hispanic","count":303,"tested":1020,"color":"rgb(214,39,40)"},{"description":"White","count":174,"tested":1725,"color":"rgb(31,119,180)"},{"description":"AI/AN**","count":44,"tested":45,"color":"rgb(31,119,180)"}],"gender":[{"description":"Female","count":564,"tested":5292,"color":"rgb(255,127,14)"},{"description":"Male","count":463,"tested":3494,"color":"rgb(31,119,180)"}]}
