{"age":[{"age_group":"<20","count":170,"tested":2962},{"age_group":"20-29   ","count":286,"tested":7857},{"age_group":"30-39   ","count":154,"tested":4178},{"age_group":"40-49   ","count":147,"tested":3299},{"age_group":"50-59   ","count":154,"tested":4170},{"age_group":"60-69   ","count":127,"tested":3765},{"age_group":"70-79   ","count":91,"tested":2553},{"age_group":"80+","count":113,"tested":5024}],"race":[{"description":"Hispanic","count":159,"tested":874,"color":"rgb(214,39,40)"},{"description":"Left Blank","count":192,"tested":15302,"color":"rgb(44,160,44)"},{"description":"White","count":458,"tested":11946,"color":"rgb(31,119,180)"},{"description":"Black","count":228,"tested":2389,"color":"rgb(255,127,14)"},{"description":"Asian","count":67,"tested":1606,"color":"rgb(140,86,75)"},{"description":"Other","count":94,"tested":1665,"color":"rgb(148,103,189)"}],"gender":[{"description":"Male","count":553,"tested":13863,"color":"rgb(31,119,180)"},{"description":"Female","count":567,"tested":18972,"color":"rgb(255,127,14)"}]}
