{"age":[{"age_group":"<20","count":118,"tested":1201},{"age_group":"20-29   ","count":119,"tested":787},{"age_group":"30-39   ","count":105,"tested":801},{"age_group":"40-49   ","count":99,"tested":762},{"age_group":"50-59   ","count":90,"tested":698},{"age_group":"60-69   ","count":51,"tested":488},{"age_group":"70-79   ","count":44,"tested":245},{"age_group":"80+","count":23,"tested":149}],"race":[{"description":"White","count":314,"tested":2572,"color":"rgb(31,119,180)"},{"description":"Left Blank","count":140,"tested":1883,"color":"rgb(44,160,44)"},{"description":"Hispanic","count":99,"tested":293,"color":"rgb(214,39,40)"},{"description":"Other","count":38,"tested":202,"color":"rgb(148,103,189)"},{"description":"Black","count":21,"tested":116,"color":"rgb(255,127,14)"},{"description":"Asian","count":22,"tested":54,"color":"rgb(140,86,75)"}],"gender":[{"description":"Male","count":261,"tested":2181,"color":"rgb(31,119,180)"},{"description":"Female","count":341,"tested":2891,"color":"rgb(255,127,14)"}]}
