{"age":[{"age_group":"<20","count":180,"tested":1441},{"age_group":"20-29   ","count":229,"tested":1904},{"age_group":"30-39   ","count":209,"tested":1924},{"age_group":"40-49   ","count":219,"tested":1828},{"age_group":"50-59   ","count":238,"tested":2049},{"age_group":"60-69   ","count":155,"tested":1644},{"age_group":"70-79   ","count":77,"tested":821},{"age_group":"80+","count":52,"tested":388}],"race":[{"description":"Asian","count":78,"tested":424,"color":"rgb(140,86,75)"},{"description":"Hispanic","count":149,"tested":534,"color":"rgb(214,39,40)"},{"description":"Black","count":41,"tested":165,"color":"rgb(255,127,14)"},{"description":"Other","count":54,"tested":250,"color":"rgb(148,103,189)"},{"description":"Left Blank","count":442,"tested":6977,"color":"rgb(44,160,44)"},{"description":"White","count":537,"tested":3629,"color":"rgb(31,119,180)"}],"gender":[{"description":"Female","count":628,"tested":6557,"color":"rgb(255,127,14)"},{"description":"Male","count":556,"tested":5009,"color":"rgb(31,119,180)"},{"description":"Unknown/Left Blank","count":35,"tested":440,"color":"rgb(44,160,44)"}]}
