{"age":[{"age_group":"<20","count":118,"tested":789},{"age_group":"20-29   ","count":109,"tested":838},{"age_group":"30-39   ","count":100,"tested":635},{"age_group":"40-49   ","count":102,"tested":680},{"age_group":"50-59   ","count":121,"tested":910},{"age_group":"60-69   ","count":76,"tested":661},{"age_group":"70-79   ","count":58,"tested":377}],"race":[{"description":"Asian","count":50,"tested":80,"color":"rgb(140,86,75)"},{"description":"Hispanic","count":81,"tested":182,"color":"rgb(214,39,40)"},{"description":"Left Blank","count":145,"tested":1965,"color":"rgb(44,160,44)"},{"description":"White","count":273,"tested":2740,"color":"rgb(31,119,180)"}],"gender":[{"description":"Female","count":238,"tested":2804,"color":"rgb(255,127,14)"},{"description":"Male","count":230,"tested":2176,"color":"rgb(31,119,180)"}]}
