{"age":[{"age_group":"<20","count":283,"tested":2357},{"age_group":"20-29   ","count":390,"tested":3600},{"age_group":"30-39   ","count":351,"tested":3141},{"age_group":"40-49   ","count":311,"tested":2377},{"age_group":"50-59   ","count":286,"tested":2957},{"age_group":"60-69   ","count":197,"tested":2438},{"age_group":"70-79   ","count":70,"tested":1115},{"age_group":"80+","count":72,"tested":696}],"race":[{"description":"Other","count":92,"tested":517,"color":"rgb(148,103,189)"},{"description":"Black","count":65,"tested":417,"color":"rgb(255,127,14)"},{"description":"Asian","count":72,"tested":765,"color":"rgb(140,86,75)"},{"description":"White","count":543,"tested":6425,"color":"rgb(31,119,180)"},{"description":"Hispanic","count":651,"tested":2760,"color":"rgb(214,39,40)"},{"description":"Left Blank","count":488,"tested":7773,"color":"rgb(44,160,44)"}],"gender":[{"description":"Female","count":930,"tested":10368,"color":"rgb(255,127,14)"},{"description":"Male","count":876,"tested":8083,"color":"rgb(31,119,180)"},{"description":"Unknown/Left Blank","count":34,"tested":232,"color":"rgb(44,160,44)"}]}
