{"age":[{"age_group":"<20","count":7,"tested":101},{"age_group":"30-39   ","count":12,"tested":114},{"age_group":"50-59   ","count":9,"tested":124},{"age_group":"60-69   ","count":10,"tested":106}],"race":[{"description":"White","count":30,"tested":447,"color":"rgb(31,119,180)"},{"description":"Left Blank","count":11,"tested":270,"color":"rgb(44,160,44)"}],"gender":[{"description":"Female","count":23,"tested":435,"color":"rgb(255,127,14)"},{"description":"Male","count":20,"tested":307,"color":"rgb(31,119,180)"}]}
