{"age":[{"age_group":"<20","count":296,"tested":1735},{"age_group":"20-29   ","count":429,"tested":2444},{"age_group":"30-39   ","count":381,"tested":2371},{"age_group":"40-49   ","count":345,"tested":2161},{"age_group":"50-59   ","count":352,"tested":2352},{"age_group":"60-69   ","count":237,"tested":1620},{"age_group":"70-79   ","count":167,"tested":949},{"age_group":"80+","count":124,"tested":447}],"race":[{"description":"Asian","count":110,"tested":79,"color":"rgb(140,86,75)"},{"description":"Hispanic","count":240,"tested":533,"color":"rgb(214,39,40)"},{"description":"Black","count":175,"tested":398,"color":"rgb(255,127,14)"},{"description":"Left Blank","count":759,"tested":7185,"color":"rgb(44,160,44)"},{"description":"Other","count":152,"tested":454,"color":"rgb(148,103,189)"},{"description":"White","count":681,"tested":5399,"color":"rgb(31,119,180)"},{"description":"AI/AN**","count":110,"tested":27,"color":"rgb(31,119,180)"}],"gender":[{"description":"Female","count":865,"tested":7912,"color":"rgb(255,127,14)"},{"description":"Male","count":825,"tested":6041,"color":"rgb(31,119,180)"},{"description":"Unknown/Left Blank","count":121,"tested":130,"color":"rgb(44,160,44)"}]}
