{"age":[{"age_group":"<20","count":135,"tested":1049},{"age_group":"20-29   ","count":185,"tested":1164},{"age_group":"30-39   ","count":173,"tested":953},{"age_group":"40-49   ","count":140,"tested":809},{"age_group":"50-59   ","count":149,"tested":889},{"age_group":"60-69   ","count":105,"tested":721},{"age_group":"70-79   ","count":63,"tested":355},{"age_group":"80+","count":43,"tested":266}],"race":[{"description":"White","count":201,"tested":1626,"color":"rgb(31,119,180)"},{"description":"Left Blank","count":473,"tested":3923,"color":"rgb(44,160,44)"},{"description":"Hispanic","count":226,"tested":486,"color":"rgb(214,39,40)"},{"description":"Other","count":30,"tested":108,"color":"rgb(148,103,189)"}],"gender":[{"description":"Unknown/Left Blank","count":27,"tested":123,"color":"rgb(44,160,44)"},{"description":"Female","count":467,"tested":3520,"color":"rgb(255,127,14)"},{"description":"Male","count":424,"tested":2569,"color":"rgb(31,119,180)"}]}
