{"age":[{"age_group":"<20","count":392,"tested":3206},{"age_group":"20-29   ","count":495,"tested":7214},{"age_group":"30-39   ","count":467,"tested":7082},{"age_group":"40-49   ","count":396,"tested":6853},{"age_group":"50-59   ","count":325,"tested":6062},{"age_group":"60-69   ","count":187,"tested":3975},{"age_group":"70-79   ","count":98,"tested":1806},{"age_group":"80+","count":54,"tested":880}],"race":[{"description":"AI/AN**","count":19,"tested":69,"color":"rgb(31,119,180)"},{"description":"Asian","count":8,"tested":168,"color":"rgb(140,86,75)"},{"description":"Black","count":383,"tested":4891,"color":"rgb(255,127,14)"},{"description":"Hispanic","count":724,"tested":3987,"color":"rgb(214,39,40)"},{"description":"Left Blank","count":682,"tested":19117,"color":"rgb(44,160,44)"},{"description":"Other","count":85,"tested":1569,"color":"rgb(148,103,189)"},{"description":"White","count":511,"tested":7262,"color":"rgb(31,119,180)"}],"gender":[]}
