{"age":[{"age_group":"<20","count":834,"tested":10609},{"age_group":"20-29   ","count":987,"tested":15174},{"age_group":"30-39   ","count":909,"tested":15238},{"age_group":"40-49   ","count":768,"tested":10979},{"age_group":"50-59   ","count":780,"tested":12963},{"age_group":"60-69   ","count":520,"tested":11025},{"age_group":"70-79   ","count":199,"tested":6153},{"age_group":"80+","count":194,"tested":10980}],"race":[{"description":"AI/AN**","count":9,"tested":156,"color":"rgb(31,119,180)"},{"description":"Asian","count":348,"tested":5986,"color":"rgb(140,86,75)"},{"description":"Black","count":250,"tested":3100,"color":"rgb(255,127,14)"},{"description":"Hispanic","count":635,"tested":4483,"color":"rgb(214,39,40)"},{"description":"Left Blank","count":879,"tested":41943,"color":"rgb(44,160,44)"},{"description":"NH/PI*","count":10,"tested":59,"color":"rgb(127,127,127)"},{"description":"Other","count":163,"tested":2748,"color":"rgb(148,103,189)"},{"description":"White","count":2897,"tested":34681,"color":"rgb(31,119,180)"}],"gender":[]}
