{"age":[{"age_group":"<20","count":302,"tested":2477},{"age_group":"20-29   ","count":412,"tested":4030},{"age_group":"30-39   ","count":358,"tested":3992},{"age_group":"40-49   ","count":333,"tested":3703},{"age_group":"50-59   ","count":304,"tested":3833},{"age_group":"60-69   ","count":198,"tested":4007},{"age_group":"70-79   ","count":131,"tested":2735},{"age_group":"80+","count":161,"tested":2378}],"race":[{"description":"AI/AN**","count":26,"tested":94,"color":"rgb(31,119,180)"},{"description":"Asian","count":6,"tested":111,"color":"rgb(140,86,75)"},{"description":"Black","count":493,"tested":5272,"color":"rgb(255,127,14)"},{"description":"Hispanic","count":627,"tested":3455,"color":"rgb(214,39,40)"},{"description":"Left Blank","count":529,"tested":11187,"color":"rgb(44,160,44)"},{"description":"Other","count":90,"tested":1214,"color":"rgb(148,103,189)"},{"description":"White","count":425,"tested":5796,"color":"rgb(31,119,180)"}],"gender":[]}
