{"age":[{"age_group":"<20","count":280,"tested":3777},{"age_group":"20-29   ","count":144,"tested":2045},{"age_group":"30-39   ","count":114,"tested":1594},{"age_group":"40-49   ","count":161,"tested":1953},{"age_group":"50-59   ","count":180,"tested":2387},{"age_group":"60-69   ","count":82,"tested":1735},{"age_group":"70-79   ","count":23,"tested":873},{"age_group":"80+","count":57,"tested":950}],"race":[{"description":"Asian","count":52,"tested":600,"color":"rgb(140,86,75)"},{"description":"Black","count":33,"tested":296,"color":"rgb(255,127,14)"},{"description":"Hispanic","count":41,"tested":319,"color":"rgb(214,39,40)"},{"description":"Left Blank","count":203,"tested":7453,"color":"rgb(44,160,44)"},{"description":"Other","count":21,"tested":493,"color":"rgb(148,103,189)"},{"description":"White","count":690,"tested":6147,"color":"rgb(31,119,180)"}],"gender":[]}
