{"age":[{"age_group":"<20","count":316,"tested":3248},{"age_group":"20-29   ","count":399,"tested":5237},{"age_group":"30-39   ","count":357,"tested":4882},{"age_group":"40-49   ","count":438,"tested":6335},{"age_group":"50-59   ","count":361,"tested":6195},{"age_group":"60-69   ","count":220,"tested":4810},{"age_group":"70-79   ","count":132,"tested":2801},{"age_group":"80+","count":93,"tested":1720}],"race":[{"description":"Asian","count":11,"tested":202,"color":"rgb(140,86,75)"},{"description":"Black","count":1293,"tested":16593,"color":"rgb(255,127,14)"},{"description":"Hispanic","count":99,"tested":769,"color":"rgb(214,39,40)"},{"description":"Left Blank","count":672,"tested":13651,"color":"rgb(44,160,44)"},{"description":"Other","count":47,"tested":744,"color":"rgb(148,103,189)"},{"description":"White","count":189,"tested":3165,"color":"rgb(31,119,180)"}],"gender":[]}
