{"age":[{"age_group":"<20","count":790,"tested":20524},{"age_group":"20-29   ","count":596,"tested":18158},{"age_group":"30-39   ","count":461,"tested":8442},{"age_group":"40-49   ","count":514,"tested":8179},{"age_group":"50-59   ","count":542,"tested":9252},{"age_group":"60-69   ","count":295,"tested":7902},{"age_group":"70-79   ","count":144,"tested":4594},{"age_group":"80+","count":96,"tested":2907}],"race":[{"description":"AI/AN**","count":9,"tested":126,"color":"rgb(31,119,180)"},{"description":"Asian","count":231,"tested":5318,"color":"rgb(140,86,75)"},{"description":"Black","count":164,"tested":2546,"color":"rgb(255,127,14)"},{"description":"Hispanic","count":260,"tested":3553,"color":"rgb(214,39,40)"},{"description":"Left Blank","count":535,"tested":28193,"color":"rgb(44,160,44)"},{"description":"Other","count":88,"tested":2346,"color":"rgb(148,103,189)"},{"description":"White","count":2148,"tested":37915,"color":"rgb(31,119,180)"}],"gender":[]}
