{"age":[{"age_group":"<20","count":180,"tested":2238},{"age_group":"20-29   ","count":115,"tested":2587},{"age_group":"30-39   ","count":92,"tested":1854},{"age_group":"40-49   ","count":100,"tested":2592},{"age_group":"50-59   ","count":131,"tested":2442},{"age_group":"60-69   ","count":145,"tested":2876},{"age_group":"70-79   ","count":152,"tested":3415},{"age_group":"80+","count":139,"tested":3371}],"race":[{"description":"Asian","count":144,"tested":2006,"color":"rgb(140,86,75)"},{"description":"Black","count":16,"tested":276,"color":"rgb(255,127,14)"},{"description":"Hispanic","count":55,"tested":406,"color":"rgb(214,39,40)"},{"description":"Left Blank","count":198,"tested":11024,"color":"rgb(44,160,44)"},{"description":"Other","count":58,"tested":900,"color":"rgb(148,103,189)"},{"description":"White","count":581,"tested":6683,"color":"rgb(31,119,180)"}],"gender":[]}
