{"age":[{"age_group":"<20","count":739,"tested":14031},{"age_group":"20-29   ","count":575,"tested":9838},{"age_group":"30-39   ","count":431,"tested":8937},{"age_group":"40-49   ","count":572,"tested":9801},{"age_group":"50-59   ","count":598,"tested":12507},{"age_group":"60-69   ","count":384,"tested":10154},{"age_group":"70-79   ","count":168,"tested":6553},{"age_group":"80+","count":187,"tested":6590}],"race":[{"description":"AI/AN**","count":12,"tested":124,"color":"rgb(31,119,180)"},{"description":"Asian","count":282,"tested":6418,"color":"rgb(140,86,75)"},{"description":"Black","count":33,"tested":908,"color":"rgb(255,127,14)"},{"description":"Hispanic","count":262,"tested":2955,"color":"rgb(214,39,40)"},{"description":"Left Blank","count":716,"tested":32382,"color":"rgb(44,160,44)"},{"description":"NH/PI*","count":8,"tested":136,"color":"rgb(127,127,127)"},{"description":"Other","count":424,"tested":4477,"color":"rgb(148,103,189)"},{"description":"White","count":1918,"tested":31025,"color":"rgb(31,119,180)"}],"gender":[]}
