{"age":[{"age_group":"<20","count":117,"tested":1103},{"age_group":"20-29   ","count":101,"tested":1224},{"age_group":"30-39   ","count":97,"tested":1216},{"age_group":"40-49   ","count":89,"tested":1030},{"age_group":"50-59   ","count":57,"tested":752},{"age_group":"60-69   ","count":28,"tested":479},{"age_group":"70-79   ","count":9,"tested":202}],"race":[{"description":"Black","count":40,"tested":332,"color":"rgb(255,127,14)"},{"description":"Hispanic","count":102,"tested":574,"color":"rgb(214,39,40)"},{"description":"Left Blank","count":115,"tested":2325,"color":"rgb(44,160,44)"},{"description":"Other","count":7,"tested":154,"color":"rgb(148,103,189)"},{"description":"White","count":234,"tested":2595,"color":"rgb(31,119,180)"}],"gender":[]}
