{"age":[{"age_group":"<20","count":617,"tested":7541},{"age_group":"20-29   ","count":776,"tested":7463},{"age_group":"30-39   ","count":700,"tested":7369},{"age_group":"40-49   ","count":678,"tested":7038},{"age_group":"50-59   ","count":711,"tested":7483},{"age_group":"60-69   ","count":351,"tested":4767},{"age_group":"70-79   ","count":177,"tested":2708},{"age_group":"80+","count":64,"tested":1244}],"race":[{"description":"AI/AN**","count":9,"tested":72,"color":"rgb(31,119,180)"},{"description":"Asian","count":20,"tested":391,"color":"rgb(140,86,75)"},{"description":"Black","count":174,"tested":1648,"color":"rgb(255,127,14)"},{"description":"Hispanic","count":370,"tested":2488,"color":"rgb(214,39,40)"},{"description":"Left Blank","count":1211,"tested":17353,"color":"rgb(44,160,44)"},{"description":"Other","count":121,"tested":1653,"color":"rgb(148,103,189)"},{"description":"White","count":2168,"tested":21987,"color":"rgb(31,119,180)"}],"gender":[]}
