{"age":[{"age_group":"<20","count":229,"tested":2625},{"age_group":"20-29   ","count":172,"tested":2469},{"age_group":"30-39   ","count":185,"tested":2177},{"age_group":"40-49   ","count":150,"tested":2134},{"age_group":"50-59   ","count":214,"tested":2641},{"age_group":"60-69   ","count":198,"tested":2831},{"age_group":"70-79   ","count":84,"tested":1499},{"age_group":"80+","count":49,"tested":842}],"race":[{"description":"Asian","count":52,"tested":534,"color":"rgb(140,86,75)"},{"description":"Black","count":19,"tested":228,"color":"rgb(255,127,14)"},{"description":"Hispanic","count":124,"tested":611,"color":"rgb(214,39,40)"},{"description":"Left Blank","count":165,"tested":7379,"color":"rgb(44,160,44)"},{"description":"Other","count":31,"tested":346,"color":"rgb(148,103,189)"},{"description":"White","count":890,"tested":8070,"color":"rgb(31,119,180)"}],"gender":[]}
