{"age":[{"age_group":"<20","count":656,"tested":7611},{"age_group":"20-29   ","count":609,"tested":8083},{"age_group":"30-39   ","count":530,"tested":6875},{"age_group":"40-49   ","count":515,"tested":6114},{"age_group":"50-59   ","count":536,"tested":8071},{"age_group":"60-69   ","count":348,"tested":7241},{"age_group":"70-79   ","count":143,"tested":4494},{"age_group":"80+","count":164,"tested":6428}],"race":[{"description":"AI/AN**","count":6,"tested":22,"color":"rgb(31,119,180)"},{"description":"Asian","count":73,"tested":1021,"color":"rgb(140,86,75)"},{"description":"Black","count":37,"tested":427,"color":"rgb(255,127,14)"},{"description":"Hispanic","count":461,"tested":2764,"color":"rgb(214,39,40)"},{"description":"Left Blank","count":799,"tested":28538,"color":"rgb(44,160,44)"},{"description":"NH/PI*","count":6,"tested":48,"color":"rgb(127,127,127)"},{"description":"Other","count":68,"tested":809,"color":"rgb(148,103,189)"},{"description":"White","count":2056,"tested":21302,"color":"rgb(31,119,180)"}],"gender":[]}
