{"age":[{"age_group":"<20","count":72,"tested":2250},{"age_group":"20-29   ","count":48,"tested":620},{"age_group":"30-39   ","count":41,"tested":598},{"age_group":"40-49   ","count":39,"tested":389},{"age_group":"50-59   ","count":41,"tested":333},{"age_group":"60-69   ","count":35,"tested":416},{"age_group":"70-79   ","count":14,"tested":216}],"race":[{"description":"Hispanic","count":112,"tested":724,"color":"rgb(214,39,40)"},{"description":"Left Blank","count":67,"tested":1503,"color":"rgb(44,160,44)"},{"description":"Other","count":8,"tested":111,"color":"rgb(148,103,189)"},{"description":"White","count":102,"tested":2334,"color":"rgb(31,119,180)"}],"gender":[]}
