{"age":[{"age_group":"<20","count":392,"tested":7232},{"age_group":"20-29   ","count":889,"tested":21995},{"age_group":"30-39   ","count":906,"tested":21125},{"age_group":"40-49   ","count":590,"tested":13914},{"age_group":"50-59   ","count":552,"tested":14355},{"age_group":"60-69   ","count":422,"tested":14397},{"age_group":"70-79   ","count":208,"tested":7864},{"age_group":"80+","count":174,"tested":5122}],"race":[{"description":"Asian","count":549,"tested":10646,"color":"rgb(140,86,75)"},{"description":"Black","count":1035,"tested":17565,"color":"rgb(255,127,14)"},{"description":"Hispanic","count":467,"tested":5059,"color":"rgb(214,39,40)"},{"description":"Left Blank","count":1226,"tested":54422,"color":"rgb(44,160,44)"},{"description":"Other","count":183,"tested":3768,"color":"rgb(148,103,189)"},{"description":"White","count":664,"tested":14359,"color":"rgb(31,119,180)"}],"gender":[]}
