{"age":[{"age_group":"<20","count":21,"tested":231},{"age_group":"20-29   ","count":25,"tested":428},{"age_group":"30-39   ","count":22,"tested":235},{"age_group":"40-49   ","count":24,"tested":358},{"age_group":"50-59   ","count":16,"tested":276},{"age_group":"60-69   ","count":13,"tested":226},{"age_group":"70-79   ","count":7,"tested":94},{"age_group":"80+","count":7,"tested":86}],"race":[{"description":"Hispanic","count":12,"tested":74,"color":"rgb(214,39,40)"},{"description":"Left Blank","count":27,"tested":709,"color":"rgb(44,160,44)"},{"description":"White","count":95,"tested":1106,"color":"rgb(31,119,180)"}],"gender":[]}
