{"age":[{"age_group":"<20","count":842,"tested":7835},{"age_group":"20-29   ","count":938,"tested":17660},{"age_group":"30-39   ","count":998,"tested":19509},{"age_group":"40-49   ","count":848,"tested":18634},{"age_group":"50-59   ","count":757,"tested":19516},{"age_group":"60-69   ","count":579,"tested":15889},{"age_group":"70-79   ","count":313,"tested":7894},{"age_group":"80+","count":255,"tested":6785}],"race":[{"description":"Asian","count":10,"tested":667,"color":"rgb(140,86,75)"},{"description":"Black","count":1311,"tested":33749,"color":"rgb(255,127,14)"},{"description":"Hispanic","count":837,"tested":5519,"color":"rgb(214,39,40)"},{"description":"Left Blank","count":1133,"tested":23118,"color":"rgb(44,160,44)"},{"description":"Other","count":110,"tested":3060,"color":"rgb(148,103,189)"},{"description":"White","count":2128,"tested":47404,"color":"rgb(31,119,180)"}],"gender":[]}
