{"age":[{"age_group":"<20","count":1404,"tested":15292},{"age_group":"20-29   ","count":1901,"tested":23337},{"age_group":"30-39   ","count":1816,"tested":25905},{"age_group":"40-49   ","count":1655,"tested":21535},{"age_group":"50-59   ","count":1310,"tested":19105},{"age_group":"60-69   ","count":883,"tested":15321},{"age_group":"70-79   ","count":379,"tested":6828},{"age_group":"80+","count":173,"tested":3306}],"race":[{"description":"AI/AN**","count":11,"tested":154,"color":"rgb(31,119,180)"},{"description":"Asian","count":244,"tested":3733,"color":"rgb(140,86,75)"},{"description":"Black","count":167,"tested":2654,"color":"rgb(255,127,14)"},{"description":"Hispanic","count":5100,"tested":36869,"color":"rgb(214,39,40)"},{"description":"Left Blank","count":1751,"tested":53668,"color":"rgb(44,160,44)"},{"description":"Other","count":466,"tested":6381,"color":"rgb(148,103,189)"},{"description":"White","count":1779,"tested":27070,"color":"rgb(31,119,180)"}],"gender":[]}
