{"age":[{"age_group":"<20","count":341,"tested":3754},{"age_group":"20-29   ","count":477,"tested":4403},{"age_group":"30-39   ","count":379,"tested":3937},{"age_group":"40-49   ","count":362,"tested":3577},{"age_group":"50-59   ","count":478,"tested":4774},{"age_group":"60-69   ","count":291,"tested":3636},{"age_group":"70-79   ","count":133,"tested":2140},{"age_group":"80+","count":38,"tested":1177}],"race":[{"description":"Asian","count":21,"tested":284,"color":"rgb(140,86,75)"},{"description":"Black","count":17,"tested":181,"color":"rgb(255,127,14)"},{"description":"Hispanic","count":230,"tested":1341,"color":"rgb(214,39,40)"},{"description":"Left Blank","count":641,"tested":9222,"color":"rgb(44,160,44)"},{"description":"Other","count":56,"tested":464,"color":"rgb(148,103,189)"},{"description":"White","count":1525,"tested":15828,"color":"rgb(31,119,180)"}],"gender":[]}
