{"age":[{"age_group":"<20","count":78,"tested":796},{"age_group":"20-29   ","count":72,"tested":770},{"age_group":"30-39   ","count":73,"tested":630},{"age_group":"40-49   ","count":79,"tested":679},{"age_group":"50-59   ","count":70,"tested":840},{"age_group":"60-69   ","count":52,"tested":590},{"age_group":"70-79   ","count":25,"tested":357},{"age_group":"80+","count":11,"tested":203}],"race":[{"description":"Hispanic","count":22,"tested":146,"color":"rgb(214,39,40)"},{"description":"Left Blank","count":76,"tested":1229,"color":"rgb(44,160,44)"},{"description":"Other","count":12,"tested":159,"color":"rgb(148,103,189)"},{"description":"White","count":347,"tested":3288,"color":"rgb(31,119,180)"}],"gender":[]}
