{"age":[{"age_group":"<20","count":187,"tested":2117},{"age_group":"20-29   ","count":165,"tested":1976},{"age_group":"30-39   ","count":130,"tested":2093},{"age_group":"40-49   ","count":169,"tested":2327},{"age_group":"50-59   ","count":130,"tested":2825},{"age_group":"60-69   ","count":99,"tested":1833},{"age_group":"70-79   ","count":61,"tested":901},{"age_group":"80+","count":22,"tested":315}],"race":[{"description":"Asian","count":57,"tested":1270,"color":"rgb(140,86,75)"},{"description":"Black","count":88,"tested":1639,"color":"rgb(255,127,14)"},{"description":"Hispanic","count":198,"tested":1681,"color":"rgb(214,39,40)"},{"description":"Left Blank","count":234,"tested":4450,"color":"rgb(44,160,44)"},{"description":"Other","count":55,"tested":592,"color":"rgb(148,103,189)"},{"description":"White","count":329,"tested":4623,"color":"rgb(31,119,180)"}],"gender":[]}
