{"age":[{"age_group":"<20","count":565,"tested":7975},{"age_group":"20-29   ","count":538,"tested":8914},{"age_group":"30-39   ","count":587,"tested":9897},{"age_group":"40-49   ","count":590,"tested":9258},{"age_group":"50-59   ","count":580,"tested":8861},{"age_group":"60-69   ","count":398,"tested":7631},{"age_group":"70-79   ","count":213,"tested":4583},{"age_group":"80+","count":143,"tested":3737}],"race":[{"description":"AI/AN**","count":11,"tested":137,"color":"rgb(31,119,180)"},{"description":"Asian","count":302,"tested":5816,"color":"rgb(140,86,75)"},{"description":"Black","count":95,"tested":1415,"color":"rgb(255,127,14)"},{"description":"Hispanic","count":362,"tested":3110,"color":"rgb(214,39,40)"},{"description":"Left Blank","count":1084,"tested":30264,"color":"rgb(44,160,44)"},{"description":"Other","count":126,"tested":1238,"color":"rgb(148,103,189)"},{"description":"White","count":1633,"tested":18776,"color":"rgb(31,119,180)"}],"gender":[]}
