{"age":[{"age_group":"<20","count":142,"tested":2698},{"age_group":"20-29   ","count":774,"tested":14476},{"age_group":"30-39   ","count":721,"tested":16298},{"age_group":"40-49   ","count":225,"tested":4447},{"age_group":"50-59   ","count":159,"tested":2623},{"age_group":"60-69   ","count":107,"tested":1768},{"age_group":"70-79   ","count":63,"tested":990},{"age_group":"80+","count":47,"tested":414}],"race":[{"description":"Asian","count":42,"tested":1755,"color":"rgb(140,86,75)"},{"description":"Black","count":185,"tested":2404,"color":"rgb(255,127,14)"},{"description":"Hispanic","count":403,"tested":3576,"color":"rgb(214,39,40)"},{"description":"Left Blank","count":684,"tested":18554,"color":"rgb(44,160,44)"},{"description":"Other","count":121,"tested":2322,"color":"rgb(148,103,189)"},{"description":"White","count":798,"tested":15038,"color":"rgb(31,119,180)"}],"gender":[]}
