{"age":[{"age_group":"<20","count":770,"tested":13079},{"age_group":"20-29   ","count":655,"tested":8301},{"age_group":"30-39   ","count":658,"tested":8176},{"age_group":"40-49   ","count":725,"tested":8344},{"age_group":"50-59   ","count":641,"tested":7830},{"age_group":"60-69   ","count":297,"tested":4608},{"age_group":"70-79   ","count":158,"tested":2924},{"age_group":"80+","count":140,"tested":2547}],"race":[{"description":"Asian","count":93,"tested":1220,"color":"rgb(140,86,75)"},{"description":"Black","count":268,"tested":3358,"color":"rgb(255,127,14)"},{"description":"Hispanic","count":675,"tested":5361,"color":"rgb(214,39,40)"},{"description":"Left Blank","count":1052,"tested":21059,"color":"rgb(44,160,44)"},{"description":"Other","count":127,"tested":1700,"color":"rgb(148,103,189)"},{"description":"White","count":1825,"tested":23026,"color":"rgb(31,119,180)"}],"gender":[]}
