{"age":[{"age_group":"<20","count":2452,"tested":18104},{"age_group":"20-29   ","count":2873,"tested":27436},{"age_group":"30-39   ","count":2526,"tested":20267},{"age_group":"40-49   ","count":2420,"tested":18010},{"age_group":"50-59   ","count":1942,"tested":15992},{"age_group":"60-69   ","count":1008,"tested":11625},{"age_group":"70-79   ","count":394,"tested":5629},{"age_group":"80+","count":212,"tested":2988}],"race":[{"description":"AI/AN**","count":9,"tested":107,"color":"rgb(31,119,180)"},{"description":"Asian","count":132,"tested":2364,"color":"rgb(140,86,75)"},{"description":"Black","count":195,"tested":2110,"color":"rgb(255,127,14)"},{"description":"Hispanic","count":9650,"tested":48643,"color":"rgb(214,39,40)"},{"description":"Left Blank","count":2597,"tested":51674,"color":"rgb(44,160,44)"},{"description":"Other","count":533,"tested":6183,"color":"rgb(148,103,189)"},{"description":"White","count":708,"tested":8927,"color":"rgb(31,119,180)"}],"gender":[]}
