{"age":[{"age_group":"<20","count":588,"tested":4173},{"age_group":"20-29   ","count":693,"tested":6865},{"age_group":"30-39   ","count":584,"tested":6378},{"age_group":"40-49   ","count":539,"tested":6151},{"age_group":"50-59   ","count":478,"tested":6889},{"age_group":"60-69   ","count":295,"tested":4494},{"age_group":"70-79   ","count":123,"tested":1809},{"age_group":"80+","count":62,"tested":1067}],"race":[{"description":"Asian","count":8,"tested":85,"color":"rgb(140,86,75)"},{"description":"Black","count":549,"tested":9164,"color":"rgb(255,127,14)"},{"description":"Hispanic","count":1201,"tested":6737,"color":"rgb(214,39,40)"},{"description":"Left Blank","count":1206,"tested":15651,"color":"rgb(44,160,44)"},{"description":"Other","count":88,"tested":1289,"color":"rgb(148,103,189)"},{"description":"White","count":306,"tested":4825,"color":"rgb(31,119,180)"}],"gender":[]}
