{"age":[{"age_group":"<20","count":38,"tested":500},{"age_group":"20-29   ","count":56,"tested":492},{"age_group":"30-39   ","count":39,"tested":409},{"age_group":"40-49   ","count":52,"tested":494},{"age_group":"50-59   ","count":66,"tested":732},{"age_group":"60-69   ","count":39,"tested":549},{"age_group":"70-79   ","count":24,"tested":403},{"age_group":"80+","count":14,"tested":199}],"race":[{"description":"Hispanic","count":21,"tested":127,"color":"rgb(214,39,40)"},{"description":"Left Blank","count":78,"tested":767,"color":"rgb(44,160,44)"},{"description":"Other","count":9,"tested":82,"color":"rgb(148,103,189)"},{"description":"White","count":218,"tested":2779,"color":"rgb(31,119,180)"}],"gender":[]}
