{"age":[{"age_group":"<20","count":358,"tested":5047},{"age_group":"20-29   ","count":410,"tested":6280},{"age_group":"30-39   ","count":410,"tested":7795},{"age_group":"40-49   ","count":386,"tested":6698},{"age_group":"50-59   ","count":393,"tested":7327},{"age_group":"60-69   ","count":323,"tested":7634},{"age_group":"70-79   ","count":157,"tested":5538},{"age_group":"80+","count":118,"tested":5890}],"race":[{"description":"AI/AN**","count":14,"tested":298,"color":"rgb(31,119,180)"},{"description":"Asian","count":416,"tested":6604,"color":"rgb(140,86,75)"},{"description":"Black","count":49,"tested":578,"color":"rgb(255,127,14)"},{"description":"Hispanic","count":191,"tested":1874,"color":"rgb(214,39,40)"},{"description":"Left Blank","count":611,"tested":27965,"color":"rgb(44,160,44)"},{"description":"NH/PI*","count":11,"tested":152,"color":"rgb(127,127,127)"},{"description":"Other","count":346,"tested":2971,"color":"rgb(148,103,189)"},{"description":"White","count":917,"tested":11791,"color":"rgb(31,119,180)"}],"gender":[]}
