{"age":[{"age_group":"<20","count":607,"tested":5891},{"age_group":"20-29   ","count":664,"tested":7193},{"age_group":"30-39   ","count":687,"tested":7303},{"age_group":"40-49   ","count":660,"tested":7229},{"age_group":"50-59   ","count":504,"tested":5835},{"age_group":"60-69   ","count":247,"tested":3828},{"age_group":"70-79   ","count":136,"tested":2275},{"age_group":"80+","count":115,"tested":1502}],"race":[{"description":"AI/AN**","count":12,"tested":50,"color":"rgb(31,119,180)"},{"description":"Asian","count":57,"tested":621,"color":"rgb(140,86,75)"},{"description":"Black","count":401,"tested":4268,"color":"rgb(255,127,14)"},{"description":"Hispanic","count":682,"tested":4146,"color":"rgb(214,39,40)"},{"description":"Left Blank","count":974,"tested":14836,"color":"rgb(44,160,44)"},{"description":"Other","count":84,"tested":1691,"color":"rgb(148,103,189)"},{"description":"White","count":1404,"tested":15420,"color":"rgb(31,119,180)"}],"gender":[]}
