{"age":[{"age_group":"<20","count":93,"tested":970},{"age_group":"20-29   ","count":141,"tested":1884},{"age_group":"30-39   ","count":103,"tested":1946},{"age_group":"40-49   ","count":105,"tested":1742},{"age_group":"50-59   ","count":134,"tested":2414},{"age_group":"60-69   ","count":124,"tested":2427},{"age_group":"70-79   ","count":79,"tested":1367},{"age_group":"80+","count":29,"tested":638}],"race":[{"description":"Black","count":48,"tested":1344,"color":"rgb(255,127,14)"},{"description":"Hispanic","count":115,"tested":760,"color":"rgb(214,39,40)"},{"description":"Left Blank","count":194,"tested":3180,"color":"rgb(44,160,44)"},{"description":"Other","count":16,"tested":294,"color":"rgb(148,103,189)"},{"description":"White","count":432,"tested":7767,"color":"rgb(31,119,180)"}],"gender":[]}
