{"age":[{"age_group":"<20","count":13,"tested":662},{"age_group":"20-29   ","count":14,"tested":799},{"age_group":"30-39   ","count":15,"tested":826},{"age_group":"40-49   ","count":16,"tested":590},{"age_group":"50-59   ","count":21,"tested":705},{"age_group":"60-69   ","count":14,"tested":664},{"age_group":"70-79   ","count":9,"tested":886},{"age_group":"80+","count":12,"tested":4030}],"race":[{"description":"Left Blank","count":22,"tested":4425,"color":"rgb(44,160,44)"},{"description":"White","count":88,"tested":4591,"color":"rgb(31,119,180)"}],"gender":[]}
