{"age":[{"age_group":"<20","count":622,"tested":19314},{"age_group":"20-29   ","count":2937,"tested":58127},{"age_group":"30-39   ","count":1258,"tested":37717},{"age_group":"40-49   ","count":573,"tested":18100},{"age_group":"50-59   ","count":428,"tested":16218},{"age_group":"60-69   ","count":268,"tested":13067},{"age_group":"70-79   ","count":206,"tested":9382},{"age_group":"80+","count":195,"tested":7951}],"race":[{"description":"AI/AN**","count":10,"tested":82,"color":"rgb(31,119,180)"},{"description":"Asian","count":151,"tested":5250,"color":"rgb(140,86,75)"},{"description":"Black","count":287,"tested":5629,"color":"rgb(255,127,14)"},{"description":"Hispanic","count":357,"tested":4837,"color":"rgb(214,39,40)"},{"description":"Left Blank","count":1796,"tested":86481,"color":"rgb(44,160,44)"},{"description":"Other","count":421,"tested":9100,"color":"rgb(148,103,189)"},{"description":"White","count":3461,"tested":68479,"color":"rgb(31,119,180)"}],"gender":[]}
