{"age":[{"age_group":"<20","count":80,"tested":695},{"age_group":"20-29   ","count":78,"tested":1097},{"age_group":"30-39   ","count":72,"tested":968},{"age_group":"40-49   ","count":74,"tested":1028},{"age_group":"50-59   ","count":56,"tested":921},{"age_group":"60-69   ","count":48,"tested":893},{"age_group":"70-79   ","count":33,"tested":379},{"age_group":"80+","count":10,"tested":258}],"race":[{"description":"Left Blank","count":134,"tested":1725,"color":"rgb(44,160,44)"},{"description":"Other","count":12,"tested":70,"color":"rgb(148,103,189)"},{"description":"White","count":304,"tested":4335,"color":"rgb(31,119,180)"}],"gender":[]}
