{"lastUpdatedDate":{"year":2021,"month":4,"day":24},"county_demographics":[{"County":"Clay","confirmed_cases":1474,"total_tested":15878,"demographics":{"age":[{"race":[],"age_group":"<20","count":201,"tested":3030,"deaths":0},{"race":[],"age_group":"20-29   ","count":188,"tested":2317,"deaths":0},{"race":[],"age_group":"30-39   ","count":208,"tested":2072,"deaths":0},{"race":[],"age_group":"40-49   ","count":215,"tested":1802,"deaths":0},{"race":[],"age_group":"50-59   ","count":234,"tested":2175,"deaths":0},{"race":[],"age_group":"60-69   ","count":187,"tested":1991,"deaths":0},{"race":[],"age_group":"70-79   ","count":151,"tested":1379,"deaths":0},{"race":[],"age_group":"80+","count":90,"tested":1107,"deaths":0},{"race":[],"age_group":"Unknown","count":0,"tested":0,"deaths":0}],"race":[{"description":"AI/AN**","count":0,"tested":22,"deaths":0,"color":"rgb(31,119,180)"},{"description":"Asian","count":0,"tested":39,"deaths":0,"color":"rgb(140,86,75)"},{"description":"Black","count":7,"tested":53,"deaths":0,"color":"rgb(255,127,14)"},{"description":"Hispanic","count":0,"tested":76,"deaths":0,"color":"rgb(214,39,40)"},{"description":"Left Blank","count":62,"tested":3146,"deaths":0,"color":"rgb(44,160,44)"},{"description":"NH/PI*","count":0,"tested":0,"deaths":0,"color":"rgb(127,127,127)"},{"description":"Other","count":8,"tested":217,"deaths":0,"color":"rgb(148,103,189)"},{"description":"White","count":1382,"tested":12323,"deaths":0,"color":"rgb(31,119,180)"}],"gender":[{"description":"Female","count":791,"tested":9144,"deaths":0,"color":"rgb(255,127,14)"},{"description":"Male","count":675,"tested":6116,"deaths":0,"color":"rgb(31,119,180)"},{"description":"Unknown/Left Blank","count":0,"tested":618,"deaths":0,"color":"rgb(44,160,44)"}]}}]}
