{"lastUpdatedDate":{"year":2021,"month":4,"day":24},"county_demographics":[{"County":"McLean","confirmed_cases":17264,"total_tested":322993,"demographics":{"age":[{"race":[],"age_group":"<20","count":3623,"tested":69907,"deaths":0},{"race":[],"age_group":"20-29   ","count":4678,"tested":86261,"deaths":0},{"race":[],"age_group":"30-39   ","count":2260,"tested":41885,"deaths":0},{"race":[],"age_group":"40-49   ","count":2097,"tested":33919,"deaths":0},{"race":[],"age_group":"50-59   ","count":1933,"tested":34419,"deaths":0},{"race":[],"age_group":"60-69   ","count":1382,"tested":25671,"deaths":0},{"race":[],"age_group":"70-79   ","count":722,"tested":14542,"deaths":0},{"race":[],"age_group":"80+","count":569,"tested":16361,"deaths":0},{"race":[],"age_group":"Unknown","count":0,"tested":28,"deaths":0}],"race":[{"description":"AI/AN**","count":8,"tested":249,"deaths":0,"color":"rgb(31,119,180)"},{"description":"Asian","count":293,"tested":3730,"deaths":0,"color":"rgb(140,86,75)"},{"description":"Black","count":1351,"tested":13332,"deaths":0,"color":"rgb(255,127,14)"},{"description":"Hispanic","count":1025,"tested":6066,"deaths":0,"color":"rgb(214,39,40)"},{"description":"Left Blank","count":4252,"tested":185787,"deaths":0,"color":"rgb(44,160,44)"},{"description":"NH/PI*","count":12,"tested":158,"deaths":0,"color":"rgb(127,127,127)"},{"description":"Other","count":286,"tested":3749,"deaths":0,"color":"rgb(148,103,189)"},{"description":"White","count":10030,"tested":109922,"deaths":0,"color":"rgb(31,119,180)"}],"gender":[{"description":"Female","count":9229,"tested":172656,"deaths":0,"color":"rgb(255,127,14)"},{"description":"Male","count":8016,"tested":129552,"deaths":0,"color":"rgb(31,119,180)"},{"description":"Unknown/Left Blank","count":14,"tested":20785,"deaths":0,"color":"rgb(44,160,44)"}]}}]}
