{"lastUpdatedDate":{"year":2021,"month":4,"day":24},"county_demographics":[{"County":"Rock Island","confirmed_cases":14436,"total_tested":197652,"demographics":{"age":[{"race":[],"age_group":"<20","count":1998,"tested":22870,"deaths":0},{"race":[],"age_group":"20-29   ","count":2437,"tested":28920,"deaths":0},{"race":[],"age_group":"30-39   ","count":2300,"tested":30876,"deaths":0},{"race":[],"age_group":"40-49   ","count":2130,"tested":29175,"deaths":0},{"race":[],"age_group":"50-59   ","count":2045,"tested":27566,"deaths":0},{"race":[],"age_group":"60-69   ","count":1739,"tested":24955,"deaths":0},{"race":[],"age_group":"70-79   ","count":966,"tested":15214,"deaths":0},{"race":[],"age_group":"80+","count":821,"tested":16456,"deaths":0},{"race":[],"age_group":"Unknown","count":0,"tested":1620,"deaths":0}],"race":[{"description":"AI/AN**","count":11,"tested":73,"deaths":0,"color":"rgb(31,119,180)"},{"description":"Asian","count":166,"tested":1188,"deaths":0,"color":"rgb(140,86,75)"},{"description":"Black","count":996,"tested":10951,"deaths":0,"color":"rgb(255,127,14)"},{"description":"Hispanic","count":1308,"tested":7623,"deaths":0,"color":"rgb(214,39,40)"},{"description":"Left Blank","count":6316,"tested":110122,"deaths":0,"color":"rgb(44,160,44)"},{"description":"NH/PI*","count":7,"tested":85,"deaths":0,"color":"rgb(127,127,127)"},{"description":"Other","count":373,"tested":4441,"deaths":0,"color":"rgb(148,103,189)"},{"description":"White","count":5254,"tested":63169,"deaths":0,"color":"rgb(31,119,180)"}],"gender":[{"description":"Female","count":7553,"tested":104802,"deaths":0,"color":"rgb(255,127,14)"},{"description":"Male","count":6790,"tested":78953,"deaths":0,"color":"rgb(31,119,180)"},{"description":"Unknown/Left Blank","count":93,"tested":13897,"deaths":0,"color":"rgb(44,160,44)"}]}}]}
