{"lastUpdatedDate":{"year":2021,"month":4,"day":24},"county_demographics":[{"County":"Henderson","confirmed_cases":521,"total_tested":7202,"demographics":{"age":[{"race":[],"age_group":"<20","count":49,"tested":890,"deaths":0},{"race":[],"age_group":"20-29   ","count":59,"tested":760,"deaths":0},{"race":[],"age_group":"30-39   ","count":73,"tested":1118,"deaths":0},{"race":[],"age_group":"40-49   ","count":73,"tested":869,"deaths":0},{"race":[],"age_group":"50-59   ","count":92,"tested":1055,"deaths":0},{"race":[],"age_group":"60-69   ","count":84,"tested":962,"deaths":0},{"race":[],"age_group":"70-79   ","count":35,"tested":776,"deaths":0},{"race":[],"age_group":"80+","count":44,"tested":771,"deaths":0},{"race":[],"age_group":"Unknown","count":0,"tested":0,"deaths":0}],"race":[{"description":"AI/AN**","count":0,"tested":0,"deaths":0,"color":"rgb(31,119,180)"},{"description":"Asian","count":0,"tested":0,"deaths":0,"color":"rgb(140,86,75)"},{"description":"Black","count":0,"tested":0,"deaths":0,"color":"rgb(255,127,14)"},{"description":"Hispanic","count":0,"tested":26,"deaths":0,"color":"rgb(214,39,40)"},{"description":"Left Blank","count":161,"tested":2054,"deaths":0,"color":"rgb(44,160,44)"},{"description":"Other","count":0,"tested":37,"deaths":0,"color":"rgb(148,103,189)"},{"description":"White","count":355,"tested":5078,"deaths":0,"color":"rgb(31,119,180)"}],"gender":[{"description":"Female","count":294,"tested":4938,"deaths":0,"color":"rgb(255,127,14)"},{"description":"Male","count":212,"tested":2057,"deaths":0,"color":"rgb(31,119,180)"},{"description":"Unknown/Left Blank","count":13,"tested":207,"deaths":0,"color":"rgb(44,160,44)"}]}}]}
