{"lastUpdatedDate":{"year":2021,"month":4,"day":24},"county_demographics":[{"County":"Lawrence","confirmed_cases":2395,"total_tested":56128,"demographics":{"age":[{"race":[],"age_group":"<20","count":169,"tested":2426,"deaths":0},{"race":[],"age_group":"20-29   ","count":470,"tested":12862,"deaths":0},{"race":[],"age_group":"30-39   ","count":486,"tested":13456,"deaths":0},{"race":[],"age_group":"40-49   ","count":407,"tested":11804,"deaths":0},{"race":[],"age_group":"50-59   ","count":355,"tested":7495,"deaths":0},{"race":[],"age_group":"60-69   ","count":257,"tested":4635,"deaths":0},{"race":[],"age_group":"70-79   ","count":152,"tested":1827,"deaths":0},{"race":[],"age_group":"80+","count":98,"tested":1567,"deaths":0},{"race":[],"age_group":"Unknown","count":0,"tested":56,"deaths":0}],"race":[{"description":"AI/AN**","count":0,"tested":0,"deaths":0,"color":"rgb(31,119,180)"},{"description":"Asian","count":0,"tested":10,"deaths":0,"color":"rgb(140,86,75)"},{"description":"Black","count":364,"tested":1636,"deaths":0,"color":"rgb(255,127,14)"},{"description":"Hispanic","count":18,"tested":109,"deaths":0,"color":"rgb(214,39,40)"},{"description":"Left Blank","count":836,"tested":45526,"deaths":0,"color":"rgb(44,160,44)"},{"description":"NH/PI*","count":0,"tested":0,"deaths":0,"color":"rgb(127,127,127)"},{"description":"Other","count":6,"tested":64,"deaths":0,"color":"rgb(148,103,189)"},{"description":"White","count":1163,"tested":8780,"deaths":0,"color":"rgb(31,119,180)"}],"gender":[{"description":"Female","count":789,"tested":10540,"deaths":0,"color":"rgb(255,127,14)"},{"description":"Male","count":1289,"tested":33828,"deaths":0,"color":"rgb(31,119,180)"},{"description":"Unknown/Left Blank","count":314,"tested":11760,"deaths":0,"color":"rgb(44,160,44)"}]}}]}
