{"lastUpdatedDate":{"year":2021,"month":4,"day":24},"county_demographics":[{"County":"Out Of State","confirmed_cases":5,"total_tested":144260,"demographics":{"age":[{"race":[],"age_group":"<20","count":0,"tested":31096,"deaths":0},{"race":[],"age_group":"20-29   ","count":0,"tested":35295,"deaths":0},{"race":[],"age_group":"30-39   ","count":0,"tested":20145,"deaths":0},{"race":[],"age_group":"40-49   ","count":0,"tested":15949,"deaths":0},{"race":[],"age_group":"50-59   ","count":0,"tested":17446,"deaths":0},{"race":[],"age_group":"60-69   ","count":0,"tested":12936,"deaths":0},{"race":[],"age_group":"70-79   ","count":0,"tested":7327,"deaths":0},{"race":[],"age_group":"80+","count":0,"tested":4028,"deaths":0},{"race":[],"age_group":"Unknown","count":0,"tested":38,"deaths":0}],"race":[{"description":"AI/AN**","count":0,"tested":191,"deaths":0,"color":"rgb(31,119,180)"},{"description":"Asian","count":0,"tested":2954,"deaths":0,"color":"rgb(140,86,75)"},{"description":"Black","count":0,"tested":10594,"deaths":0,"color":"rgb(255,127,14)"},{"description":"Hispanic","count":0,"tested":5775,"deaths":0,"color":"rgb(214,39,40)"},{"description":"Left Blank","count":0,"tested":56917,"deaths":0,"color":"rgb(44,160,44)"},{"description":"NH/PI*","count":0,"tested":240,"deaths":0,"color":"rgb(127,127,127)"},{"description":"Other","count":0,"tested":5625,"deaths":0,"color":"rgb(148,103,189)"},{"description":"White","count":0,"tested":61964,"deaths":0,"color":"rgb(31,119,180)"}],"gender":[{"description":"Female","count":0,"tested":75545,"deaths":0,"color":"rgb(255,127,14)"},{"description":"Male","count":0,"tested":63406,"deaths":0,"color":"rgb(31,119,180)"},{"description":"Unknown/Left Blank","count":0,"tested":5309,"deaths":0,"color":"rgb(44,160,44)"}]}}]}
