{"lastUpdatedDate":{"year":2021,"month":4,"day":24},"county_demographics":[{"County":"Livingston","confirmed_cases":4642,"total_tested":102773,"demographics":{"age":[{"race":[],"age_group":"<20","count":658,"tested":8861,"deaths":0},{"race":[],"age_group":"20-29   ","count":700,"tested":14414,"deaths":0},{"race":[],"age_group":"30-39   ","count":770,"tested":18266,"deaths":0},{"race":[],"age_group":"40-49   ","count":685,"tested":16005,"deaths":0},{"race":[],"age_group":"50-59   ","count":677,"tested":16337,"deaths":0},{"race":[],"age_group":"60-69   ","count":539,"tested":10683,"deaths":0},{"race":[],"age_group":"70-79   ","count":296,"tested":5487,"deaths":0},{"race":[],"age_group":"80+","count":312,"tested":9681,"deaths":0},{"race":[],"age_group":"Unknown","count":0,"tested":3039,"deaths":0}],"race":[{"description":"AI/AN**","count":0,"tested":35,"deaths":0,"color":"rgb(31,119,180)"},{"description":"Asian","count":6,"tested":119,"deaths":0,"color":"rgb(140,86,75)"},{"description":"Black","count":109,"tested":1194,"deaths":0,"color":"rgb(255,127,14)"},{"description":"Hispanic","count":127,"tested":1213,"deaths":0,"color":"rgb(214,39,40)"},{"description":"Left Blank","count":1055,"tested":62331,"deaths":0,"color":"rgb(44,160,44)"},{"description":"NH/PI*","count":0,"tested":15,"deaths":0,"color":"rgb(127,127,127)"},{"description":"Other","count":108,"tested":1159,"deaths":0,"color":"rgb(148,103,189)"},{"description":"White","count":3231,"tested":36707,"deaths":0,"color":"rgb(31,119,180)"}],"gender":[{"description":"Female","count":2328,"tested":45873,"deaths":0,"color":"rgb(255,127,14)"},{"description":"Male","count":2233,"tested":38369,"deaths":0,"color":"rgb(31,119,180)"},{"description":"Unknown/Left Blank","count":81,"tested":18531,"deaths":0,"color":"rgb(44,160,44)"}]}}]}
