{"age":[{"age_group":"<20","count":301,"tested":3475},{"age_group":"20-29   ","count":234,"tested":2500},{"age_group":"30-39   ","count":310,"tested":3142},{"age_group":"40-49   ","count":278,"tested":2569},{"age_group":"50-59   ","count":199,"tested":2332},{"age_group":"60-69   ","count":115,"tested":1508},{"age_group":"70-79   ","count":53,"tested":856},{"age_group":"80+","count":14,"tested":296}],"race":[{"description":"Black","count":23,"tested":326,"color":"rgb(255,127,14)"},{"description":"Hispanic","count":97,"tested":666,"color":"rgb(214,39,40)"},{"description":"Left Blank","count":439,"tested":5719,"color":"rgb(44,160,44)"},{"description":"Other","count":31,"tested":423,"color":"rgb(148,103,189)"},{"description":"White","count":910,"tested":9473,"color":"rgb(31,119,180)"}],"gender":[{"description":"Female","count":776,"tested":9010,"color":"rgb(255,127,14)"},{"description":"Male","count":725,"tested":7494,"color":"rgb(31,119,180)"}]}
