{"age":[{"age_group":"<20","count":641,"tested":9127},{"age_group":"20-29   ","count":616,"tested":8978},{"age_group":"30-39   ","count":683,"tested":9189},{"age_group":"40-49   ","count":570,"tested":7936},{"age_group":"50-59   ","count":511,"tested":7957},{"age_group":"60-69   ","count":348,"tested":6981},{"age_group":"70-79   ","count":131,"tested":3420},{"age_group":"80+","count":43,"tested":2276}],"race":[{"description":"AI/AN**","count":10,"tested":101,"color":"rgb(31,119,180)"},{"description":"Asian","count":234,"tested":3461,"color":"rgb(140,86,75)"},{"description":"Black","count":313,"tested":3616,"color":"rgb(255,127,14)"},{"description":"Hispanic","count":590,"tested":3511,"color":"rgb(214,39,40)"},{"description":"Left Blank","count":642,"tested":23828,"color":"rgb(44,160,44)"},{"description":"NH/PI*","count":7,"tested":60,"color":"rgb(127,127,127)"},{"description":"Other","count":123,"tested":2569,"color":"rgb(148,103,189)"},{"description":"White","count":1624,"tested":18736,"color":"rgb(31,119,180)"}],"gender":[{"description":"Female","count":1823,"tested":32088,"color":"rgb(255,127,14)"},{"description":"Male","count":1697,"tested":23185,"color":"rgb(31,119,180)"},{"description":"Unknown/Left Blank","count":23,"tested":609,"color":"rgb(44,160,44)"}]}
