{"age":[{"age_group":"<20","count":548,"tested":9703},{"age_group":"20-29   ","count":442,"tested":7307},{"age_group":"30-39   ","count":455,"tested":7919},{"age_group":"40-49   ","count":547,"tested":8689},{"age_group":"50-59   ","count":560,"tested":9466},{"age_group":"60-69   ","count":290,"tested":7342},{"age_group":"70-79   ","count":171,"tested":5011},{"age_group":"80+","count":164,"tested":4669}],"race":[{"description":"Asian","count":185,"tested":3262,"color":"rgb(140,86,75)"},{"description":"Black","count":43,"tested":670,"color":"rgb(255,127,14)"},{"description":"Hispanic","count":397,"tested":4075,"color":"rgb(214,39,40)"},{"description":"Left Blank","count":761,"tested":26442,"color":"rgb(44,160,44)"},{"description":"NH/PI*","count":8,"tested":91,"color":"rgb(127,127,127)"},{"description":"Other","count":256,"tested":3013,"color":"rgb(148,103,189)"},{"description":"White","count":1523,"tested":22495,"color":"rgb(31,119,180)"}],"gender":[{"description":"Female","count":1593,"tested":31475,"color":"rgb(255,127,14)"},{"description":"Male","count":1553,"tested":27064,"color":"rgb(31,119,180)"},{"description":"Unknown/Left Blank","count":31,"tested":1578,"color":"rgb(44,160,44)"}]}
