{"age":[{"age_group":"<20","count":511,"tested":9058},{"age_group":"20-29   ","count":572,"tested":8605},{"age_group":"30-39   ","count":600,"tested":9935},{"age_group":"40-49   ","count":606,"tested":9965},{"age_group":"50-59   ","count":600,"tested":9766},{"age_group":"60-69   ","count":353,"tested":7683},{"age_group":"70-79   ","count":173,"tested":4539},{"age_group":"80+","count":258,"tested":8486}],"race":[{"description":"Asian","count":74,"tested":1823,"color":"rgb(140,86,75)"},{"description":"Black","count":35,"tested":687,"color":"rgb(255,127,14)"},{"description":"Hispanic","count":419,"tested":4319,"color":"rgb(214,39,40)"},{"description":"Left Blank","count":899,"tested":30090,"color":"rgb(44,160,44)"},{"description":"NH/PI*","count":6,"tested":69,"color":"rgb(127,127,127)"},{"description":"Other","count":185,"tested":2325,"color":"rgb(148,103,189)"},{"description":"White","count":2050,"tested":28658,"color":"rgb(31,119,180)"}],"gender":[{"description":"Female","count":1826,"tested":38101,"color":"rgb(255,127,14)"},{"description":"Male","count":1807,"tested":27965,"color":"rgb(31,119,180)"},{"description":"Unknown/Left Blank","count":40,"tested":1978,"color":"rgb(44,160,44)"}]}
