{"age":[{"age_group":"<20","count":82,"tested":788},{"age_group":"20-29   ","count":50,"tested":578},{"age_group":"30-39   ","count":67,"tested":594},{"age_group":"40-49   ","count":50,"tested":513},{"age_group":"50-59   ","count":85,"tested":594},{"age_group":"60-69   ","count":38,"tested":426},{"age_group":"70-79   ","count":17,"tested":212},{"age_group":"80+","count":15,"tested":126}],"race":[{"description":"Hispanic","count":9,"tested":61,"color":"rgb(214,39,40)"},{"description":"Left Blank","count":164,"tested":1398,"color":"rgb(44,160,44)"},{"description":"White","count":228,"tested":2294,"color":"rgb(31,119,180)"}],"gender":[{"description":"Female","count":215,"tested":2296,"color":"rgb(255,127,14)"},{"description":"Male","count":188,"tested":1473,"color":"rgb(31,119,180)"}]}
