{"age":[{"age_group":"<20","count":945,"tested":11972},{"age_group":"20-29   ","count":971,"tested":17286},{"age_group":"30-39   ","count":1060,"tested":17560},{"age_group":"40-49   ","count":1049,"tested":17599},{"age_group":"50-59   ","count":974,"tested":18703},{"age_group":"60-69   ","count":719,"tested":15002},{"age_group":"70-79   ","count":467,"tested":9174},{"age_group":"80+","count":307,"tested":6036}],"race":[{"description":"AI/AN**","count":7,"tested":292,"color":"rgb(31,119,180)"},{"description":"Asian","count":6,"tested":227,"color":"rgb(140,86,75)"},{"description":"Black","count":4504,"tested":62086,"color":"rgb(255,127,14)"},{"description":"Hispanic","count":281,"tested":2259,"color":"rgb(214,39,40)"},{"description":"Left Blank","count":1439,"tested":44332,"color":"rgb(44,160,44)"},{"description":"Other","count":149,"tested":1850,"color":"rgb(148,103,189)"},{"description":"White","count":102,"tested":2275,"color":"rgb(31,119,180)"}],"gender":[{"description":"Female","count":3691,"tested":63639,"color":"rgb(255,127,14)"},{"description":"Male","count":2771,"tested":47087,"color":"rgb(31,119,180)"},{"description":"Unknown/Left Blank","count":30,"tested":2656,"color":"rgb(44,160,44)"}]}
