{"age":[{"age_group":"<20","count":1033,"tested":9395},{"age_group":"20-29   ","count":1009,"tested":18685},{"age_group":"30-39   ","count":1098,"tested":20628},{"age_group":"40-49   ","count":912,"tested":19709},{"age_group":"50-59   ","count":818,"tested":20571},{"age_group":"60-69   ","count":612,"tested":16778},{"age_group":"70-79   ","count":333,"tested":8564},{"age_group":"80+","count":263,"tested":7432}],"race":[{"description":"Asian","count":10,"tested":687,"color":"rgb(140,86,75)"},{"description":"Black","count":1471,"tested":35716,"color":"rgb(255,127,14)"},{"description":"Hispanic","count":924,"tested":6161,"color":"rgb(214,39,40)"},{"description":"Left Blank","count":1201,"tested":25218,"color":"rgb(44,160,44)"},{"description":"Other","count":127,"tested":3297,"color":"rgb(148,103,189)"},{"description":"White","count":2341,"tested":50462,"color":"rgb(31,119,180)"}],"gender":[{"description":"Female","count":3204,"tested":75405,"color":"rgb(255,127,14)"},{"description":"Male","count":2857,"tested":45121,"color":"rgb(31,119,180)"},{"description":"Unknown/Left Blank","count":19,"tested":1298,"color":"rgb(44,160,44)"}]}
