{"age":[{"age_group":"<20","count":187,"tested":1848},{"age_group":"20-29   ","count":164,"tested":1620},{"age_group":"30-39   ","count":140,"tested":1468},{"age_group":"40-49   ","count":151,"tested":1307},{"age_group":"50-59   ","count":136,"tested":1470},{"age_group":"60-69   ","count":94,"tested":982},{"age_group":"70-79   ","count":36,"tested":578},{"age_group":"80+","count":16,"tested":323}],"race":[{"description":"Black","count":8,"tested":72,"color":"rgb(255,127,14)"},{"description":"Hispanic","count":126,"tested":612,"color":"rgb(214,39,40)"},{"description":"Left Blank","count":246,"tested":3560,"color":"rgb(44,160,44)"},{"description":"Other","count":6,"tested":102,"color":"rgb(148,103,189)"},{"description":"White","count":534,"tested":5203,"color":"rgb(31,119,180)"}],"gender":[{"description":"Female","count":474,"tested":5687,"color":"rgb(255,127,14)"},{"description":"Male","count":450,"tested":3863,"color":"rgb(31,119,180)"}]}
