{"age":[{"age_group":"<20","count":16,"tested":123},{"age_group":"20-29   ","count":15,"tested":220},{"age_group":"30-39   ","count":6,"tested":86},{"age_group":"40-49   ","count":15,"tested":138},{"age_group":"50-59   ","count":11,"tested":257}],"race":[{"description":"Left Blank","count":11,"tested":239,"color":"rgb(44,160,44)"},{"description":"White","count":63,"tested":1008,"color":"rgb(31,119,180)"}],"gender":[{"description":"Female","count":38,"tested":762,"color":"rgb(255,127,14)"},{"description":"Male","count":40,"tested":527,"color":"rgb(31,119,180)"}]}
