{"age":[{"age_group":"<20","count":1029,"tested":17594},{"age_group":"20-29   ","count":1334,"tested":19089},{"age_group":"30-39   ","count":1305,"tested":20015},{"age_group":"40-49   ","count":1047,"tested":16707},{"age_group":"50-59   ","count":1156,"tested":19654},{"age_group":"60-69   ","count":944,"tested":18071},{"age_group":"70-79   ","count":426,"tested":8228},{"age_group":"80+","count":315,"tested":6438}],"race":[{"description":"AI/AN**","count":41,"tested":923,"color":"rgb(31,119,180)"},{"description":"Asian","count":1074,"tested":17911,"color":"rgb(140,86,75)"},{"description":"Black","count":212,"tested":3924,"color":"rgb(255,127,14)"},{"description":"Hispanic","count":1128,"tested":10337,"color":"rgb(214,39,40)"},{"description":"Left Blank","count":1693,"tested":51782,"color":"rgb(44,160,44)"},{"description":"NH/PI*","count":25,"tested":364,"color":"rgb(127,127,127)"},{"description":"Other","count":632,"tested":5122,"color":"rgb(148,103,189)"},{"description":"White","count":2756,"tested":35485,"color":"rgb(31,119,180)"}],"gender":[{"description":"Female","count":3831,"tested":71903,"color":"rgb(255,127,14)"},{"description":"Male","count":3685,"tested":52485,"color":"rgb(31,119,180)"},{"description":"Unknown/Left Blank","count":45,"tested":1460,"color":"rgb(44,160,44)"}]}
