{"age":[{"age_group":"<20","count":822,"tested":9636},{"age_group":"20-29   ","count":774,"tested":10852},{"age_group":"30-39   ","count":709,"tested":10834},{"age_group":"40-49   ","count":678,"tested":9858},{"age_group":"50-59   ","count":570,"tested":9945},{"age_group":"60-69   ","count":363,"tested":8480},{"age_group":"70-79   ","count":175,"tested":3684},{"age_group":"80+","count":139,"tested":2317}],"race":[{"description":"AI/AN**","count":6,"tested":172,"color":"rgb(31,119,180)"},{"description":"Asian","count":55,"tested":1364,"color":"rgb(140,86,75)"},{"description":"Black","count":727,"tested":9642,"color":"rgb(255,127,14)"},{"description":"Hispanic","count":1597,"tested":12009,"color":"rgb(214,39,40)"},{"description":"Left Blank","count":1002,"tested":30817,"color":"rgb(44,160,44)"},{"description":"NH/PI*","count":9,"tested":87,"color":"rgb(127,127,127)"},{"description":"Other","count":107,"tested":1457,"color":"rgb(148,103,189)"},{"description":"White","count":728,"tested":10077,"color":"rgb(31,119,180)"}],"gender":[{"description":"Female","count":2239,"tested":40229,"color":"rgb(255,127,14)"},{"description":"Male","count":1930,"tested":24916,"color":"rgb(31,119,180)"},{"description":"Unknown/Left Blank","count":62,"tested":480,"color":"rgb(44,160,44)"}]}
