{"age":[{"age_group":"<20","count":410,"tested":4452},{"age_group":"20-29   ","count":456,"tested":6132},{"age_group":"30-39   ","count":465,"tested":6724},{"age_group":"40-49   ","count":369,"tested":5587},{"age_group":"50-59   ","count":350,"tested":6022},{"age_group":"60-69   ","count":265,"tested":4777},{"age_group":"70-79   ","count":107,"tested":2036},{"age_group":"80+","count":51,"tested":746}],"race":[{"description":"Black","count":1658,"tested":20641,"color":"rgb(255,127,14)"},{"description":"Hispanic","count":95,"tested":604,"color":"rgb(214,39,40)"},{"description":"Left Blank","count":628,"tested":13783,"color":"rgb(44,160,44)"},{"description":"Other","count":36,"tested":585,"color":"rgb(148,103,189)"},{"description":"White","count":47,"tested":723,"color":"rgb(31,119,180)"}],"gender":[{"description":"Female","count":1478,"tested":22568,"color":"rgb(255,127,14)"},{"description":"Male","count":980,"tested":13326,"color":"rgb(31,119,180)"},{"description":"Unknown/Left Blank","count":15,"tested":589,"color":"rgb(44,160,44)"}]}
