{"age":[{"age_group":"<20","count":300,"tested":4287},{"age_group":"20-29   ","count":147,"tested":2187},{"age_group":"30-39   ","count":118,"tested":1740},{"age_group":"40-49   ","count":169,"tested":2099},{"age_group":"50-59   ","count":190,"tested":2572},{"age_group":"60-69   ","count":85,"tested":1898},{"age_group":"70-79   ","count":24,"tested":926},{"age_group":"80+","count":57,"tested":980}],"race":[{"description":"Asian","count":57,"tested":661,"color":"rgb(140,86,75)"},{"description":"Black","count":33,"tested":320,"color":"rgb(255,127,14)"},{"description":"Hispanic","count":43,"tested":377,"color":"rgb(214,39,40)"},{"description":"Left Blank","count":212,"tested":7980,"color":"rgb(44,160,44)"},{"description":"Other","count":23,"tested":551,"color":"rgb(148,103,189)"},{"description":"White","count":721,"tested":6793,"color":"rgb(31,119,180)"}],"gender":[{"description":"Female","count":546,"tested":9213,"color":"rgb(255,127,14)"},{"description":"Male","count":529,"tested":7168,"color":"rgb(31,119,180)"}]}
