{"age":[{"age_group":"<20","count":291,"tested":2651},{"age_group":"20-29   ","count":347,"tested":3807},{"age_group":"30-39   ","count":288,"tested":3949},{"age_group":"40-49   ","count":289,"tested":3461},{"age_group":"50-59   ","count":236,"tested":3822},{"age_group":"60-69   ","count":173,"tested":2976},{"age_group":"70-79   ","count":73,"tested":1238},{"age_group":"80+","count":39,"tested":1001}],"race":[{"description":"Asian","count":22,"tested":345,"color":"rgb(140,86,75)"},{"description":"Black","count":229,"tested":2465,"color":"rgb(255,127,14)"},{"description":"Hispanic","count":304,"tested":1968,"color":"rgb(214,39,40)"},{"description":"Left Blank","count":535,"tested":11815,"color":"rgb(44,160,44)"},{"description":"Other","count":89,"tested":842,"color":"rgb(148,103,189)"},{"description":"White","count":551,"tested":5415,"color":"rgb(31,119,180)"}],"gender":[{"description":"Female","count":985,"tested":14728,"color":"rgb(255,127,14)"},{"description":"Male","count":744,"tested":7802,"color":"rgb(31,119,180)"}]}
