{"age":[{"age_group":"<20","count":581,"tested":7040},{"age_group":"20-29   ","count":391,"tested":4459},{"age_group":"30-39   ","count":401,"tested":5830},{"age_group":"40-49   ","count":502,"tested":5876},{"age_group":"50-59   ","count":410,"tested":4888},{"age_group":"60-69   ","count":260,"tested":4087},{"age_group":"70-79   ","count":172,"tested":2950},{"age_group":"80+","count":97,"tested":1740}],"race":[{"description":"Asian","count":186,"tested":3234,"color":"rgb(140,86,75)"},{"description":"Black","count":64,"tested":624,"color":"rgb(255,127,14)"},{"description":"Hispanic","count":354,"tested":2411,"color":"rgb(214,39,40)"},{"description":"Left Blank","count":745,"tested":14449,"color":"rgb(44,160,44)"},{"description":"NH/PI*","count":7,"tested":51,"color":"rgb(127,127,127)"},{"description":"Other","count":101,"tested":793,"color":"rgb(148,103,189)"},{"description":"White","count":1356,"tested":15235,"color":"rgb(31,119,180)"}],"gender":[{"description":"Female","count":1435,"tested":20167,"color":"rgb(255,127,14)"},{"description":"Male","count":1362,"tested":16277,"color":"rgb(31,119,180)"},{"description":"Unknown/Left Blank","count":19,"tested":439,"color":"rgb(44,160,44)"}]}
