{"age":[{"age_group":"<20","count":659,"tested":33594},{"age_group":"20-29   ","count":913,"tested":81050},{"age_group":"30-39   ","count":346,"tested":15819},{"age_group":"40-49   ","count":316,"tested":9743},{"age_group":"50-59   ","count":325,"tested":11766},{"age_group":"60-69   ","count":223,"tested":10712},{"age_group":"70-79   ","count":130,"tested":7382},{"age_group":"80+","count":185,"tested":14082}],"race":[{"description":"Asian","count":173,"tested":28998,"color":"rgb(140,86,75)"},{"description":"Black","count":512,"tested":13156,"color":"rgb(255,127,14)"},{"description":"Hispanic","count":389,"tested":13588,"color":"rgb(214,39,40)"},{"description":"Left Blank","count":391,"tested":46930,"color":"rgb(44,160,44)"},{"description":"Other","count":194,"tested":5633,"color":"rgb(148,103,189)"},{"description":"White","count":1430,"tested":75494,"color":"rgb(31,119,180)"}],"gender":[{"description":"Female","count":1510,"tested":101252,"color":"rgb(255,127,14)"},{"description":"Male","count":1563,"tested":81076,"color":"rgb(31,119,180)"},{"description":"Unknown/Left Blank","count":24,"tested":1856,"color":"rgb(44,160,44)"}]}
