{"age":[{"age_group":"<20","count":68,"tested":742},{"age_group":"20-29   ","count":53,"tested":967},{"age_group":"30-39   ","count":56,"tested":964},{"age_group":"40-49   ","count":55,"tested":1003},{"age_group":"50-59   ","count":74,"tested":1384},{"age_group":"60-69   ","count":55,"tested":1263},{"age_group":"70-79   ","count":41,"tested":957},{"age_group":"80+","count":29,"tested":632}],"race":[{"description":"Black","count":246,"tested":3863,"color":"rgb(255,127,14)"},{"description":"Left Blank","count":116,"tested":2925,"color":"rgb(44,160,44)"},{"description":"Other","count":20,"tested":198,"color":"rgb(148,103,189)"},{"description":"White","count":44,"tested":775,"color":"rgb(31,119,180)"}],"gender":[{"description":"Female","count":235,"tested":4705,"color":"rgb(255,127,14)"},{"description":"Male","count":192,"tested":3111,"color":"rgb(31,119,180)"}]}
