{"age":[{"age_group":"<20","count":19,"tested":298},{"age_group":"20-29   ","count":29,"tested":324},{"age_group":"30-39   ","count":18,"tested":306},{"age_group":"40-49   ","count":13,"tested":167},{"age_group":"50-59   ","count":38,"tested":267},{"age_group":"60-69   ","count":22,"tested":226},{"age_group":"70-79   ","count":10,"tested":150}],"race":[{"description":"Hispanic","count":20,"tested":88,"color":"rgb(214,39,40)"},{"description":"Left Blank","count":37,"tested":610,"color":"rgb(44,160,44)"},{"description":"White","count":93,"tested":1067,"color":"rgb(31,119,180)"}],"gender":[{"description":"Female","count":75,"tested":948,"color":"rgb(255,127,14)"},{"description":"Male","count":75,"tested":878,"color":"rgb(31,119,180)"}]}
