{"age":[{"age_group":"<20","count":524,"tested":5786},{"age_group":"20-29   ","count":660,"tested":7192},{"age_group":"30-39   ","count":638,"tested":7138},{"age_group":"40-49   ","count":548,"tested":6361},{"age_group":"50-59   ","count":509,"tested":6027},{"age_group":"60-69   ","count":391,"tested":4863},{"age_group":"70-79   ","count":158,"tested":2219},{"age_group":"80+","count":73,"tested":1031}],"race":[{"description":"Asian","count":80,"tested":1061,"color":"rgb(140,86,75)"},{"description":"Black","count":212,"tested":2337,"color":"rgb(255,127,14)"},{"description":"Hispanic","count":400,"tested":2846,"color":"rgb(214,39,40)"},{"description":"Left Blank","count":1234,"tested":18084,"color":"rgb(44,160,44)"},{"description":"NH/PI*","count":8,"tested":39,"color":"rgb(127,127,127)"},{"description":"Other","count":150,"tested":1466,"color":"rgb(148,103,189)"},{"description":"White","count":1412,"tested":14686,"color":"rgb(31,119,180)"}],"gender":[{"description":"Female","count":1779,"tested":22417,"color":"rgb(255,127,14)"},{"description":"Male","count":1709,"tested":17708,"color":"rgb(31,119,180)"},{"description":"Unknown/Left Blank","count":14,"tested":501,"color":"rgb(44,160,44)"}]}
