{"age":[{"age_group":"<20","count":109,"tested":5663},{"age_group":"20-29   ","count":560,"tested":18415},{"age_group":"30-39   ","count":365,"tested":11717},{"age_group":"40-49   ","count":116,"tested":4865},{"age_group":"50-59   ","count":108,"tested":4631},{"age_group":"60-69   ","count":84,"tested":3277},{"age_group":"70-79   ","count":51,"tested":2002},{"age_group":"80+","count":33,"tested":1305}],"race":[{"description":"Asian","count":123,"tested":6650,"color":"rgb(140,86,75)"},{"description":"Black","count":161,"tested":2635,"color":"rgb(255,127,14)"},{"description":"Hispanic","count":98,"tested":1417,"color":"rgb(214,39,40)"},{"description":"Left Blank","count":348,"tested":17676,"color":"rgb(44,160,44)"},{"description":"Other","count":118,"tested":5607,"color":"rgb(148,103,189)"},{"description":"White","count":570,"tested":15468,"color":"rgb(31,119,180)"}],"gender":[{"description":"Female","count":667,"tested":25440,"color":"rgb(255,127,14)"},{"description":"Male","count":742,"tested":25654,"color":"rgb(31,119,180)"},{"description":"Unknown/Left Blank","count":17,"tested":801,"color":"rgb(44,160,44)"}]}
