{"age":[{"age_group":"<20","count":108,"tested":1424},{"age_group":"20-29   ","count":108,"tested":1454},{"age_group":"30-39   ","count":101,"tested":1817},{"age_group":"40-49   ","count":84,"tested":1860},{"age_group":"50-59   ","count":121,"tested":3772},{"age_group":"60-69   ","count":64,"tested":2338},{"age_group":"70-79   ","count":46,"tested":995},{"age_group":"80+","count":50,"tested":2420}],"race":[{"description":"Hispanic","count":20,"tested":296,"color":"rgb(214,39,40)"},{"description":"Left Blank","count":101,"tested":4191,"color":"rgb(44,160,44)"},{"description":"Other","count":35,"tested":365,"color":"rgb(148,103,189)"},{"description":"White","count":518,"tested":10753,"color":"rgb(31,119,180)"}],"gender":[{"description":"Female","count":376,"tested":9744,"color":"rgb(255,127,14)"},{"description":"Male","count":303,"tested":5791,"color":"rgb(31,119,180)"}]}
