{"age":[{"age_group":"<20","count":161,"tested":5372},{"age_group":"20-29   ","count":747,"tested":18122},{"age_group":"30-39   ","count":678,"tested":19844},{"age_group":"40-49   ","count":278,"tested":8220},{"age_group":"50-59   ","count":202,"tested":6319},{"age_group":"60-69   ","count":133,"tested":4747},{"age_group":"70-79   ","count":49,"tested":2131},{"age_group":"80+","count":34,"tested":870}],"race":[{"description":"Asian","count":139,"tested":6477,"color":"rgb(140,86,75)"},{"description":"Black","count":267,"tested":5525,"color":"rgb(255,127,14)"},{"description":"Hispanic","count":134,"tested":2447,"color":"rgb(214,39,40)"},{"description":"Left Blank","count":876,"tested":29765,"color":"rgb(44,160,44)"},{"description":"Other","count":118,"tested":3024,"color":"rgb(148,103,189)"},{"description":"White","count":738,"tested":18233,"color":"rgb(31,119,180)"}],"gender":[{"description":"Female","count":1031,"tested":32816,"color":"rgb(255,127,14)"},{"description":"Male","count":1224,"tested":31801,"color":"rgb(31,119,180)"},{"description":"Unknown/Left Blank","count":27,"tested":1028,"color":"rgb(44,160,44)"}]}
