{"age":[{"age_group":"<20","count":962,"tested":13702},{"age_group":"20-29   ","count":1044,"tested":16953},{"age_group":"30-39   ","count":971,"tested":17164},{"age_group":"40-49   ","count":820,"tested":12307},{"age_group":"50-59   ","count":840,"tested":14446},{"age_group":"60-69   ","count":548,"tested":12134},{"age_group":"70-79   ","count":221,"tested":6984},{"age_group":"80+","count":208,"tested":12255}],"race":[{"description":"AI/AN**","count":9,"tested":204,"color":"rgb(31,119,180)"},{"description":"Asian","count":380,"tested":7326,"color":"rgb(140,86,75)"},{"description":"Black","count":285,"tested":3462,"color":"rgb(255,127,14)"},{"description":"Hispanic","count":679,"tested":5155,"color":"rgb(214,39,40)"},{"description":"Left Blank","count":905,"tested":46137,"color":"rgb(44,160,44)"},{"description":"NH/PI*","count":10,"tested":67,"color":"rgb(127,127,127)"},{"description":"Other","count":186,"tested":3326,"color":"rgb(148,103,189)"},{"description":"White","count":3160,"tested":40307,"color":"rgb(31,119,180)"}],"gender":[{"description":"Female","count":2868,"tested":60296,"color":"rgb(255,127,14)"},{"description":"Male","count":2718,"tested":44079,"color":"rgb(31,119,180)"},{"description":"Unknown/Left Blank","count":28,"tested":1609,"color":"rgb(44,160,44)"}]}
