{"age":[{"age_group":"<20","count":834,"tested":17682},{"age_group":"20-29   ","count":613,"tested":10953},{"age_group":"30-39   ","count":499,"tested":11687},{"age_group":"40-49   ","count":609,"tested":12131},{"age_group":"50-59   ","count":654,"tested":12808},{"age_group":"60-69   ","count":481,"tested":10510},{"age_group":"70-79   ","count":220,"tested":6072},{"age_group":"80+","count":300,"tested":7741}],"race":[{"description":"Asian","count":109,"tested":3242,"color":"rgb(140,86,75)"},{"description":"Black","count":27,"tested":689,"color":"rgb(255,127,14)"},{"description":"Hispanic","count":214,"tested":3162,"color":"rgb(214,39,40)"},{"description":"Left Blank","count":1200,"tested":42051,"color":"rgb(44,160,44)"},{"description":"NH/PI*","count":11,"tested":109,"color":"rgb(127,127,127)"},{"description":"Other","count":192,"tested":2879,"color":"rgb(148,103,189)"},{"description":"White","count":2452,"tested":37356,"color":"rgb(31,119,180)"}],"gender":[{"description":"Female","count":2154,"tested":50867,"color":"rgb(255,127,14)"},{"description":"Male","count":2005,"tested":37734,"color":"rgb(31,119,180)"},{"description":"Unknown/Left Blank","count":51,"tested":1013,"color":"rgb(44,160,44)"}]}
