{"age":[{"age_group":"<20","count":75,"tested":2356},{"age_group":"20-29   ","count":1063,"tested":21256},{"age_group":"30-39   ","count":783,"tested":17345},{"age_group":"40-49   ","count":229,"tested":5924},{"age_group":"50-59   ","count":146,"tested":4388},{"age_group":"60-69   ","count":79,"tested":2794},{"age_group":"70-79   ","count":20,"tested":1140},{"age_group":"80+","count":9,"tested":321}],"race":[{"description":"AI/AN**","count":8,"tested":59,"color":"rgb(31,119,180)"},{"description":"Asian","count":115,"tested":4239,"color":"rgb(140,86,75)"},{"description":"Black","count":98,"tested":1469,"color":"rgb(255,127,14)"},{"description":"Hispanic","count":111,"tested":1396,"color":"rgb(214,39,40)"},{"description":"Left Blank","count":740,"tested":25704,"color":"rgb(44,160,44)"},{"description":"Other","count":121,"tested":2363,"color":"rgb(148,103,189)"},{"description":"White","count":1207,"tested":20266,"color":"rgb(31,119,180)"}],"gender":[{"description":"Female","count":1104,"tested":26997,"color":"rgb(255,127,14)"},{"description":"Male","count":1240,"tested":27607,"color":"rgb(31,119,180)"},{"description":"Unknown/Left Blank","count":60,"tested":931,"color":"rgb(44,160,44)"}]}
