{"age":[{"age_group":"<20","count":576,"tested":7445},{"age_group":"20-29   ","count":558,"tested":7030},{"age_group":"30-39   ","count":514,"tested":7312},{"age_group":"40-49   ","count":429,"tested":6060},{"age_group":"50-59   ","count":405,"tested":6885},{"age_group":"60-69   ","count":330,"tested":5780},{"age_group":"70-79   ","count":182,"tested":3715},{"age_group":"80+","count":118,"tested":4487}],"race":[{"description":"Asian","count":25,"tested":211,"color":"rgb(140,86,75)"},{"description":"Black","count":827,"tested":7141,"color":"rgb(255,127,14)"},{"description":"Hispanic","count":506,"tested":3153,"color":"rgb(214,39,40)"},{"description":"Left Blank","count":245,"tested":19179,"color":"rgb(44,160,44)"},{"description":"Other","count":39,"tested":1001,"color":"rgb(148,103,189)"},{"description":"White","count":1464,"tested":17943,"color":"rgb(31,119,180)"}],"gender":[{"description":"Female","count":1690,"tested":29902,"color":"rgb(255,127,14)"},{"description":"Male","count":1415,"tested":18158,"color":"rgb(31,119,180)"},{"description":"Unknown/Left Blank","count":8,"tested":664,"color":"rgb(44,160,44)"}]}
