{"age":[{"age_group":"<20","count":999,"tested":21380},{"age_group":"20-29   ","count":1634,"tested":33305},{"age_group":"30-39   ","count":731,"tested":11419},{"age_group":"40-49   ","count":566,"tested":7518},{"age_group":"50-59   ","count":455,"tested":8352},{"age_group":"60-69   ","count":330,"tested":6998},{"age_group":"70-79   ","count":192,"tested":5174},{"age_group":"80+","count":218,"tested":10211}],"race":[{"description":"Asian","count":79,"tested":2049,"color":"rgb(140,86,75)"},{"description":"Black","count":766,"tested":12814,"color":"rgb(255,127,14)"},{"description":"Hispanic","count":885,"tested":7369,"color":"rgb(214,39,40)"},{"description":"Left Blank","count":1120,"tested":40731,"color":"rgb(44,160,44)"},{"description":"Other","count":66,"tested":1143,"color":"rgb(148,103,189)"},{"description":"White","count":2204,"tested":39983,"color":"rgb(31,119,180)"}],"gender":[{"description":"Female","count":2764,"tested":65990,"color":"rgb(255,127,14)"},{"description":"Male","count":2351,"tested":37795,"color":"rgb(31,119,180)"},{"description":"Unknown/Left Blank","count":10,"tested":585,"color":"rgb(44,160,44)"}]}
