{"age":[{"age_group":"50-59   ","count":12,"tested":151},{"age_group":"60-69   ","count":7,"tested":80}],"race":[{"description":"Black","count":6,"tested":192,"color":"rgb(255,127,14)"},{"description":"Hispanic","count":18,"tested":123,"color":"rgb(214,39,40)"},{"description":"Left Blank","count":7,"tested":151,"color":"rgb(44,160,44)"},{"description":"White","count":7,"tested":121,"color":"rgb(31,119,180)"}],"gender":[{"description":"Female","count":25,"tested":350,"color":"rgb(255,127,14)"},{"description":"Male","count":14,"tested":279,"color":"rgb(31,119,180)"}]}
