{"age":[{"age_group":"<20","count":764,"tested":11143},{"age_group":"20-29   ","count":994,"tested":17157},{"age_group":"30-39   ","count":994,"tested":16816},{"age_group":"40-49   ","count":919,"tested":16644},{"age_group":"50-59   ","count":905,"tested":19467},{"age_group":"60-69   ","count":659,"tested":17294},{"age_group":"70-79   ","count":315,"tested":7196},{"age_group":"80+","count":212,"tested":4027}],"race":[{"description":"AI/AN**","count":12,"tested":387,"color":"rgb(31,119,180)"},{"description":"Asian","count":18,"tested":267,"color":"rgb(140,86,75)"},{"description":"Black","count":4210,"tested":63697,"color":"rgb(255,127,14)"},{"description":"Hispanic","count":104,"tested":1156,"color":"rgb(214,39,40)"},{"description":"Left Blank","count":1227,"tested":40498,"color":"rgb(44,160,44)"},{"description":"Other","count":120,"tested":1775,"color":"rgb(148,103,189)"},{"description":"White","count":67,"tested":1792,"color":"rgb(31,119,180)"}],"gender":[{"description":"Female","count":3398,"tested":63051,"color":"rgb(255,127,14)"},{"description":"Male","count":2344,"tested":44924,"color":"rgb(31,119,180)"},{"description":"Unknown/Left Blank","count":20,"tested":1804,"color":"rgb(44,160,44)"}]}
