{"age":[{"age_group":"<20","count":38,"tested":328},{"age_group":"20-29   ","count":36,"tested":278},{"age_group":"30-39   ","count":32,"tested":256},{"age_group":"40-49   ","count":37,"tested":231},{"age_group":"50-59   ","count":41,"tested":323},{"age_group":"60-69   ","count":31,"tested":265},{"age_group":"70-79   ","count":9,"tested":128},{"age_group":"80+","count":11,"tested":53}],"race":[{"description":"White","count":146,"tested":827,"color":"rgb(31,119,180)"},{"description":"Left Blank","count":83,"tested":992,"color":"rgb(44,160,44)"}],"gender":[{"description":"Male","count":111,"tested":690,"color":"rgb(31,119,180)"},{"description":"Female","count":124,"tested":1147,"color":"rgb(255,127,14)"}]}
