{"age":[{"age_group":"<20","count":453,"tested":5571},{"age_group":"20-29   ","count":554,"tested":7614},{"age_group":"30-39   ","count":556,"tested":7863},{"age_group":"40-49   ","count":565,"tested":9189},{"age_group":"50-59   ","count":578,"tested":10103},{"age_group":"60-69   ","count":441,"tested":9845},{"age_group":"70-79   ","count":246,"tested":5264},{"age_group":"80+","count":220,"tested":4102}],"race":[{"description":"Left Blank","count":1288,"tested":33241,"color":"rgb(44,160,44)"},{"description":"Other","count":135,"tested":1135,"color":"rgb(148,103,189)"},{"description":"Hispanic","count":82,"tested":798,"color":"rgb(214,39,40)"},{"description":"Asian","count":6,"tested":81,"color":"rgb(140,86,75)"},{"description":"White","count":391,"tested":6319,"color":"rgb(31,119,180)"},{"description":"Black","count":1707,"tested":17891,"color":"rgb(255,127,14)"}],"gender":[{"description":"Unknown/Left Blank","count":75,"tested":3698,"color":"rgb(44,160,44)"},{"description":"Male","count":1576,"tested":23504,"color":"rgb(31,119,180)"},{"description":"Female","count":1962,"tested":32366,"color":"rgb(255,127,14)"}]}
