{"age":[{"age_group":"<20","count":136,"tested":1233},{"age_group":"20-29   ","count":140,"tested":1597},{"age_group":"30-39   ","count":159,"tested":1547},{"age_group":"40-49   ","count":151,"tested":1460},{"age_group":"50-59   ","count":124,"tested":1472},{"age_group":"60-69   ","count":101,"tested":1284},{"age_group":"70-79   ","count":44,"tested":533},{"age_group":"80+","count":26,"tested":314}],"race":[{"description":"Black","count":380,"tested":4221,"color":"rgb(255,127,14)"},{"description":"Hispanic","count":115,"tested":549,"color":"rgb(214,39,40)"},{"description":"White","count":28,"tested":431,"color":"rgb(31,119,180)"},{"description":"Left Blank","count":329,"tested":4048,"color":"rgb(44,160,44)"},{"description":"Other","count":26,"tested":175,"color":"rgb(148,103,189)"}],"gender":[{"description":"Male","count":379,"tested":3683,"color":"rgb(31,119,180)"},{"description":"Unknown/Left Blank","count":11,"tested":192,"color":"rgb(44,160,44)"},{"description":"Female","count":491,"tested":5570,"color":"rgb(255,127,14)"}]}
