{"age":[{"age_group":"<20","count":16,"tested":216},{"age_group":"20-29   ","count":39,"tested":304},{"age_group":"30-39   ","count":23,"tested":182},{"age_group":"40-49   ","count":24,"tested":219},{"age_group":"50-59   ","count":32,"tested":247},{"age_group":"60-69   ","count":14,"tested":177},{"age_group":"70-79   ","count":11,"tested":94}],"race":[{"description":"Left Blank","count":36,"tested":393,"color":"rgb(44,160,44)"},{"description":"White","count":110,"tested":946,"color":"rgb(31,119,180)"},{"description":"Other","count":10,"tested":73,"color":"rgb(148,103,189)"}],"gender":[{"description":"Male","count":86,"tested":652,"color":"rgb(31,119,180)"},{"description":"Female","count":78,"tested":795,"color":"rgb(255,127,14)"}]}
