{"age":[{"age_group":"<20","count":146,"tested":1274},{"age_group":"20-29   ","count":204,"tested":2144},{"age_group":"30-39   ","count":216,"tested":2393},{"age_group":"40-49   ","count":207,"tested":2177},{"age_group":"50-59   ","count":187,"tested":2457},{"age_group":"60-69   ","count":136,"tested":1908},{"age_group":"70-79   ","count":69,"tested":1630},{"age_group":"80+","count":87,"tested":6317}],"race":[{"description":"Other","count":41,"tested":355,"color":"rgb(148,103,189)"},{"description":"Left Blank","count":516,"tested":14809,"color":"rgb(44,160,44)"},{"description":"White","count":336,"tested":2956,"color":"rgb(31,119,180)"},{"description":"Black","count":36,"tested":347,"color":"rgb(255,127,14)"},{"description":"Hispanic","count":186,"tested":738,"color":"rgb(214,39,40)"},{"description":"Asian","count":132,"tested":1084,"color":"rgb(140,86,75)"}],"gender":[{"description":"Female","count":683,"tested":12535,"color":"rgb(255,127,14)"},{"description":"Male","count":563,"tested":7295,"color":"rgb(31,119,180)"}]}
