{"age":[{"age_group":"<20","count":344,"tested":3099},{"age_group":"20-29   ","count":325,"tested":4272},{"age_group":"30-39   ","count":317,"tested":3703},{"age_group":"40-49   ","count":298,"tested":3736},{"age_group":"50-59   ","count":330,"tested":4140},{"age_group":"60-69   ","count":270,"tested":4423},{"age_group":"70-79   ","count":203,"tested":4086},{"age_group":"80+","count":187,"tested":5761}],"race":[{"description":"Other","count":132,"tested":1681,"color":"rgb(148,103,189)"},{"description":"Left Blank","count":719,"tested":15864,"color":"rgb(44,160,44)"},{"description":"Black","count":151,"tested":2420,"color":"rgb(255,127,14)"},{"description":"White","count":1022,"tested":11073,"color":"rgb(31,119,180)"},{"description":"Asian","count":105,"tested":1327,"color":"rgb(140,86,75)"},{"description":"Hispanic","count":135,"tested":806,"color":"rgb(214,39,40)"},{"description":"AI/AN**","count":8,"tested":31,"color":"rgb(31,119,180)"}],"gender":[{"description":"Female","count":1230,"tested":20011,"color":"rgb(255,127,14)"},{"description":"Male","count":1031,"tested":12684,"color":"rgb(31,119,180)"},{"description":"Unknown/Left Blank","count":13,"tested":534,"color":"rgb(44,160,44)"}]}
