{"age":[{"age_group":"<20","count":524,"tested":4877},{"age_group":"20-29   ","count":853,"tested":8028},{"age_group":"30-39   ","count":845,"tested":9741},{"age_group":"40-49   ","count":735,"tested":7368},{"age_group":"50-59   ","count":726,"tested":6746},{"age_group":"60-69   ","count":473,"tested":5532},{"age_group":"70-79   ","count":247,"tested":2948},{"age_group":"80+","count":185,"tested":2079}],"race":[{"description":"NH/PI*","count":22,"tested":186,"color":"rgb(127,127,127)"},{"description":"AI/AN**","count":11,"tested":41,"color":"rgb(31,119,180)"},{"description":"White","count":1518,"tested":16176,"color":"rgb(31,119,180)"},{"description":"Other","count":276,"tested":2538,"color":"rgb(148,103,189)"},{"description":"Left Blank","count":869,"tested":15960,"color":"rgb(44,160,44)"},{"description":"Hispanic","count":1463,"tested":8754,"color":"rgb(214,39,40)"},{"description":"Black","count":61,"tested":707,"color":"rgb(255,127,14)"},{"description":"Asian","count":368,"tested":2963,"color":"rgb(140,86,75)"}],"gender":[{"description":"Male","count":2264,"tested":21047,"color":"rgb(31,119,180)"},{"description":"Unknown/Left Blank","count":39,"tested":921,"color":"rgb(44,160,44)"},{"description":"Female","count":2285,"tested":25357,"color":"rgb(255,127,14)"}]}
