{"age":[{"age_group":"<20","count":388,"tested":3779},{"age_group":"20-29   ","count":355,"tested":3418},{"age_group":"30-39   ","count":367,"tested":3521},{"age_group":"40-49   ","count":345,"tested":3292},{"age_group":"50-59   ","count":306,"tested":2978},{"age_group":"60-69   ","count":184,"tested":2135},{"age_group":"70-79   ","count":87,"tested":1390},{"age_group":"80+","count":41,"tested":1758}],"race":[{"description":"Other","count":47,"tested":464,"color":"rgb(148,103,189)"},{"description":"Left Blank","count":589,"tested":10969,"color":"rgb(44,160,44)"},{"description":"Hispanic","count":302,"tested":1384,"color":"rgb(214,39,40)"},{"description":"White","count":1036,"tested":8587,"color":"rgb(31,119,180)"},{"description":"Black","count":83,"tested":673,"color":"rgb(255,127,14)"},{"description":"Asian","count":13,"tested":180,"color":"rgb(140,86,75)"}],"gender":[{"description":"Male","count":990,"tested":8515,"color":"rgb(31,119,180)"},{"description":"Unknown/Left Blank","count":7,"tested":830,"color":"rgb(44,160,44)"},{"description":"Female","count":1078,"tested":12939,"color":"rgb(255,127,14)"}]}
