{"age":[{"age_group":"<20","count":709,"tested":5100},{"age_group":"20-29   ","count":890,"tested":6927},{"age_group":"30-39   ","count":662,"tested":5889},{"age_group":"40-49   ","count":806,"tested":6407},{"age_group":"50-59   ","count":742,"tested":6448},{"age_group":"60-69   ","count":280,"tested":2827},{"age_group":"70-79   ","count":102,"tested":1299},{"age_group":"80+","count":44,"tested":524}],"race":[{"description":"Other","count":175,"tested":1544,"color":"rgb(148,103,189)"},{"description":"Hispanic","count":757,"tested":3730,"color":"rgb(214,39,40)"},{"description":"White","count":1502,"tested":12517,"color":"rgb(31,119,180)"},{"description":"Asian","count":48,"tested":571,"color":"rgb(140,86,75)"},{"description":"Left Blank","count":1476,"tested":14672,"color":"rgb(44,160,44)"},{"description":"Black","count":268,"tested":2307,"color":"rgb(255,127,14)"},{"description":"AI/AN**","count":8,"tested":50,"color":"rgb(31,119,180)"}],"gender":[{"description":"Male","count":1965,"tested":14942,"color":"rgb(31,119,180)"},{"description":"Unknown/Left Blank","count":27,"tested":407,"color":"rgb(44,160,44)"},{"description":"Female","count":2243,"tested":20075,"color":"rgb(255,127,14)"}]}
