{"age":[{"age_group":"<20","count":485,"tested":2764},{"age_group":"20-29   ","count":651,"tested":4207},{"age_group":"30-39   ","count":586,"tested":3564},{"age_group":"40-49   ","count":577,"tested":3166},{"age_group":"50-59   ","count":464,"tested":2840},{"age_group":"60-69   ","count":268,"tested":2446},{"age_group":"70-79   ","count":128,"tested":1897},{"age_group":"80+","count":73,"tested":1914}],"race":[{"description":"White","count":595,"tested":4810,"color":"rgb(31,119,180)"},{"description":"Other","count":170,"tested":1165,"color":"rgb(148,103,189)"},{"description":"Left Blank","count":945,"tested":9986,"color":"rgb(44,160,44)"},{"description":"Black","count":94,"tested":826,"color":"rgb(255,127,14)"},{"description":"Hispanic","count":1412,"tested":5902,"color":"rgb(214,39,40)"},{"description":"Asian","count":13,"tested":137,"color":"rgb(140,86,75)"}],"gender":[{"description":"Female","count":1616,"tested":12692,"color":"rgb(255,127,14)"},{"description":"Male","count":1589,"tested":9861,"color":"rgb(31,119,180)"},{"description":"Unknown/Left Blank","count":28,"tested":291,"color":"rgb(44,160,44)"}]}
