{"age":[{"age_group":"<20","count":631,"tested":3699},{"age_group":"20-29   ","count":797,"tested":6637},{"age_group":"30-39   ","count":698,"tested":5437},{"age_group":"40-49   ","count":699,"tested":4810},{"age_group":"50-59   ","count":651,"tested":5137},{"age_group":"60-69   ","count":385,"tested":3500},{"age_group":"70-79   ","count":140,"tested":1491},{"age_group":"80+","count":67,"tested":836}],"race":[{"description":"NH/PI*","count":13,"tested":52,"color":"rgb(127,127,127)"},{"description":"Left Blank","count":1347,"tested":18685,"color":"rgb(44,160,44)"},{"description":"AI/AN**","count":9,"tested":16,"color":"rgb(31,119,180)"},{"description":"Hispanic","count":1398,"tested":4190,"color":"rgb(214,39,40)"},{"description":"Other","count":185,"tested":1064,"color":"rgb(148,103,189)"},{"description":"Asian","count":348,"tested":1975,"color":"rgb(140,86,75)"},{"description":"White","count":612,"tested":4497,"color":"rgb(31,119,180)"},{"description":"Black","count":156,"tested":1080,"color":"rgb(255,127,14)"}],"gender":[{"description":"Male","count":1956,"tested":12983,"color":"rgb(31,119,180)"},{"description":"Female","count":2074,"tested":17716,"color":"rgb(255,127,14)"},{"description":"Unknown/Left Blank","count":38,"tested":860,"color":"rgb(44,160,44)"}]}
