{"age":[{"age_group":"<20","count":29,"tested":270},{"age_group":"20-29   ","count":31,"tested":504},{"age_group":"30-39   ","count":26,"tested":417},{"age_group":"40-49   ","count":39,"tested":485},{"age_group":"50-59   ","count":49,"tested":717},{"age_group":"60-69   ","count":47,"tested":729},{"age_group":"70-79   ","count":33,"tested":553},{"age_group":"80+","count":23,"tested":309}],"race":[{"description":"Left Blank","count":85,"tested":1704,"color":"rgb(44,160,44)"},{"description":"Other","count":10,"tested":90,"color":"rgb(148,103,189)"},{"description":"White","count":27,"tested":357,"color":"rgb(31,119,180)"},{"description":"Black","count":152,"tested":1781,"color":"rgb(255,127,14)"}],"gender":[{"description":"Female","count":153,"tested":2351,"color":"rgb(255,127,14)"},{"description":"Male","count":120,"tested":1587,"color":"rgb(31,119,180)"}]}
