{"age":[{"age_group":"<20","count":76,"tested":1242},{"age_group":"20-29   ","count":554,"tested":8931},{"age_group":"30-39   ","count":501,"tested":9726},{"age_group":"40-49   ","count":162,"tested":2512},{"age_group":"50-59   ","count":110,"tested":1533},{"age_group":"60-69   ","count":85,"tested":1074},{"age_group":"70-79   ","count":51,"tested":577},{"age_group":"80+","count":40,"tested":261}],"race":[{"description":"Asian","count":31,"tested":804,"color":"rgb(140,86,75)"},{"description":"Black","count":117,"tested":1425,"color":"rgb(255,127,14)"},{"description":"Hispanic","count":318,"tested":2221,"color":"rgb(214,39,40)"},{"description":"White","count":513,"tested":8155,"color":"rgb(31,119,180)"},{"description":"Other","count":75,"tested":1279,"color":"rgb(148,103,189)"},{"description":"Left Blank","count":520,"tested":11934,"color":"rgb(44,160,44)"}],"gender":[{"description":"Female","count":749,"tested":13542,"color":"rgb(255,127,14)"},{"description":"Male","count":768,"tested":11934,"color":"rgb(31,119,180)"},{"description":"Unknown/Left Blank","count":62,"tested":386,"color":"rgb(44,160,44)"}]}
