{"age":[{"age_group":"<20","count":644,"tested":4218},{"age_group":"20-29   ","count":958,"tested":8230},{"age_group":"30-39   ","count":805,"tested":8575},{"age_group":"40-49   ","count":730,"tested":7312},{"age_group":"50-59   ","count":755,"tested":8352},{"age_group":"60-69   ","count":516,"tested":7842},{"age_group":"70-79   ","count":301,"tested":4486},{"age_group":"80+","count":261,"tested":4168}],"race":[{"description":"Asian","count":53,"tested":942,"color":"rgb(140,86,75)"},{"description":"Hispanic","count":798,"tested":4321,"color":"rgb(214,39,40)"},{"description":"Black","count":329,"tested":6426,"color":"rgb(255,127,14)"},{"description":"Other","count":272,"tested":1649,"color":"rgb(148,103,189)"},{"description":"White","count":1431,"tested":14767,"color":"rgb(31,119,180)"},{"description":"Left Blank","count":2078,"tested":25000,"color":"rgb(44,160,44)"},{"description":"NH/PI*","count":7,"tested":43,"color":"rgb(127,127,127)"}],"gender":[{"description":"Male","count":2309,"tested":21134,"color":"rgb(31,119,180)"},{"description":"Unknown/Left Blank","count":45,"tested":1001,"color":"rgb(44,160,44)"},{"description":"Female","count":2619,"tested":31061,"color":"rgb(255,127,14)"}]}
