{"age":[{"age_group":"<20","count":49,"tested":403},{"age_group":"20-29   ","count":35,"tested":414},{"age_group":"30-39   ","count":29,"tested":454},{"age_group":"40-49   ","count":48,"tested":364},{"age_group":"50-59   ","count":34,"tested":511},{"age_group":"60-69   ","count":40,"tested":491},{"age_group":"70-79   ","count":29,"tested":342},{"age_group":"80+","count":19,"tested":224}],"race":[{"description":"White","count":156,"tested":1527,"color":"rgb(31,119,180)"},{"description":"Hispanic","count":59,"tested":245,"color":"rgb(214,39,40)"},{"description":"Left Blank","count":57,"tested":1372,"color":"rgb(44,160,44)"},{"description":"Other","count":8,"tested":40,"color":"rgb(148,103,189)"}],"gender":[{"description":"Female","count":158,"tested":2039,"color":"rgb(255,127,14)"},{"description":"Male","count":111,"tested":1037,"color":"rgb(31,119,180)"}]}
