{"age":[{"age_group":"<20","count":236,"tested":5598},{"age_group":"20-29   ","count":1905,"tested":33555},{"age_group":"30-39   ","count":938,"tested":21640},{"age_group":"40-49   ","count":345,"tested":7567},{"age_group":"50-59   ","count":275,"tested":5440},{"age_group":"60-69   ","count":150,"tested":3583},{"age_group":"70-79   ","count":104,"tested":3063},{"age_group":"80+","count":118,"tested":3015}],"race":[{"description":"Hispanic","count":258,"tested":1845,"color":"rgb(214,39,40)"},{"description":"Asian","count":99,"tested":1866,"color":"rgb(140,86,75)"},{"description":"White","count":1932,"tested":28715,"color":"rgb(31,119,180)"},{"description":"Left Blank","count":1494,"tested":46331,"color":"rgb(44,160,44)"},{"description":"Black","count":96,"tested":1314,"color":"rgb(255,127,14)"},{"description":"AI/AN**","count":10,"tested":54,"color":"rgb(31,119,180)"},{"description":"Other","count":179,"tested":3318,"color":"rgb(148,103,189)"}],"gender":[{"description":"Unknown/Left Blank","count":233,"tested":1210,"color":"rgb(44,160,44)"},{"description":"Male","count":1996,"tested":37385,"color":"rgb(31,119,180)"},{"description":"Female","count":1842,"tested":44875,"color":"rgb(255,127,14)"}]}
