{"age":[{"age_group":"<20","count":235,"tested":1447},{"age_group":"20-29   ","count":362,"tested":2598},{"age_group":"30-39   ","count":340,"tested":2666},{"age_group":"40-49   ","count":306,"tested":2131},{"age_group":"50-59   ","count":311,"tested":2229},{"age_group":"60-69   ","count":191,"tested":2004},{"age_group":"70-79   ","count":91,"tested":1076},{"age_group":"80+","count":45,"tested":482}],"race":[{"description":"Hispanic","count":292,"tested":1270,"color":"rgb(214,39,40)"},{"description":"White","count":438,"tested":3626,"color":"rgb(31,119,180)"},{"description":"Asian","count":23,"tested":138,"color":"rgb(140,86,75)"},{"description":"Left Blank","count":849,"tested":7223,"color":"rgb(44,160,44)"},{"description":"Black","count":211,"tested":1878,"color":"rgb(255,127,14)"},{"description":"Other","count":64,"tested":472,"color":"rgb(148,103,189)"}],"gender":[{"description":"Male","count":871,"tested":6050,"color":"rgb(31,119,180)"},{"description":"Unknown/Left Blank","count":12,"tested":176,"color":"rgb(44,160,44)"},{"description":"Female","count":998,"tested":8410,"color":"rgb(255,127,14)"}]}
