{"age":[{"age_group":"<20","count":30,"tested":249},{"age_group":"20-29   ","count":45,"tested":272},{"age_group":"30-39   ","count":23,"tested":258},{"age_group":"40-49   ","count":39,"tested":264},{"age_group":"50-59   ","count":30,"tested":196},{"age_group":"60-69   ","count":18,"tested":112}],"race":[{"description":"Left Blank","count":20,"tested":568,"color":"rgb(44,160,44)"},{"description":"Hispanic","count":81,"tested":265,"color":"rgb(214,39,40)"},{"description":"White","count":92,"tested":614,"color":"rgb(31,119,180)"}],"gender":[{"description":"Female","count":101,"tested":881,"color":"rgb(255,127,14)"},{"description":"Male","count":93,"tested":590,"color":"rgb(31,119,180)"}]}
