{"age":[{"age_group":"<20","count":251,"tested":2389},{"age_group":"20-29   ","count":280,"tested":2789},{"age_group":"30-39   ","count":235,"tested":2822},{"age_group":"40-49   ","count":255,"tested":2572},{"age_group":"50-59   ","count":252,"tested":2489},{"age_group":"60-69   ","count":162,"tested":2040},{"age_group":"70-79   ","count":101,"tested":1423},{"age_group":"80+","count":65,"tested":763}],"race":[{"description":"Left Blank","count":460,"tested":7990,"color":"rgb(44,160,44)"},{"description":"White","count":912,"tested":7905,"color":"rgb(31,119,180)"},{"description":"Hispanic","count":136,"tested":701,"color":"rgb(214,39,40)"},{"description":"Other","count":18,"tested":159,"color":"rgb(148,103,189)"},{"description":"Asian","count":24,"tested":170,"color":"rgb(140,86,75)"},{"description":"Black","count":47,"tested":335,"color":"rgb(255,127,14)"}],"gender":[{"description":"Male","count":770,"tested":7029,"color":"rgb(31,119,180)"},{"description":"Female","count":827,"tested":10111,"color":"rgb(255,127,14)"}]}
