{"age":[{"age_group":"<20","count":145,"tested":1523},{"age_group":"20-29   ","count":178,"tested":2133},{"age_group":"30-39   ","count":176,"tested":2129},{"age_group":"40-49   ","count":170,"tested":2092},{"age_group":"50-59   ","count":163,"tested":2062},{"age_group":"60-69   ","count":169,"tested":2330},{"age_group":"70-79   ","count":94,"tested":1251},{"age_group":"80+","count":84,"tested":1287}],"race":[{"description":"White","count":65,"tested":624,"color":"rgb(31,119,180)"},{"description":"Other","count":30,"tested":226,"color":"rgb(148,103,189)"},{"description":"Left Blank","count":433,"tested":7255,"color":"rgb(44,160,44)"},{"description":"Hispanic","count":39,"tested":228,"color":"rgb(214,39,40)"},{"description":"Black","count":611,"tested":6438,"color":"rgb(255,127,14)"}],"gender":[{"description":"Female","count":629,"tested":8599,"color":"rgb(255,127,14)"},{"description":"Male","count":523,"tested":5500,"color":"rgb(31,119,180)"},{"description":"Unknown/Left Blank","count":27,"tested":717,"color":"rgb(44,160,44)"}]}
