{"age":[{"age_group":"<20","count":606,"tested":4382},{"age_group":"20-29   ","count":803,"tested":7299},{"age_group":"30-39   ","count":749,"tested":7261},{"age_group":"40-49   ","count":775,"tested":7148},{"age_group":"50-59   ","count":694,"tested":7139},{"age_group":"60-69   ","count":501,"tested":6613},{"age_group":"70-79   ","count":268,"tested":3748},{"age_group":"80+","count":144,"tested":2113}],"race":[{"description":"Hispanic","count":1765,"tested":10725,"color":"rgb(214,39,40)"},{"description":"NH/PI*","count":8,"tested":75,"color":"rgb(127,127,127)"},{"description":"Left Blank","count":769,"tested":16561,"color":"rgb(44,160,44)"},{"description":"Other","count":211,"tested":2036,"color":"rgb(148,103,189)"},{"description":"Black","count":275,"tested":2621,"color":"rgb(255,127,14)"},{"description":"Asian","count":86,"tested":664,"color":"rgb(140,86,75)"},{"description":"White","count":1424,"tested":13009,"color":"rgb(31,119,180)"}],"gender":[{"description":"Female","count":2364,"tested":25800,"color":"rgb(255,127,14)"},{"description":"Male","count":2152,"tested":19007,"color":"rgb(31,119,180)"},{"description":"Unknown/Left Blank","count":24,"tested":908,"color":"rgb(44,160,44)"}]}
