{"age":[{"age_group":"<20","count":32,"tested":374},{"age_group":"20-29   ","count":33,"tested":329},{"age_group":"30-39   ","count":32,"tested":281},{"age_group":"40-49   ","count":26,"tested":207},{"age_group":"50-59   ","count":27,"tested":414},{"age_group":"60-69   ","count":17,"tested":197},{"age_group":"80+","count":10,"tested":66}],"race":[{"description":"Left Blank","count":38,"tested":522,"color":"rgb(44,160,44)"},{"description":"White","count":134,"tested":1378,"color":"rgb(31,119,180)"},{"description":"Hispanic","count":6,"tested":17,"color":"rgb(214,39,40)"}],"gender":[{"description":"Female","count":85,"tested":1312,"color":"rgb(255,127,14)"},{"description":"Male","count":96,"tested":609,"color":"rgb(31,119,180)"}]}
