{"lastUpdatedDate":{"year":2021,"month":8,"day":26},"county_demographics":[{"County":"Henderson","confirmed_cases":581,"total_tested":8282,"demographics":{"age":[{"race":[],"age_group":"<20","count":66,"tested":1075,"deaths":0},{"race":[],"age_group":"20-29   ","count":67,"tested":893,"deaths":0},{"race":[],"age_group":"30-39   ","count":80,"tested":1267,"deaths":0},{"race":[],"age_group":"40-49   ","count":87,"tested":997,"deaths":0},{"race":[],"age_group":"50-59   ","count":96,"tested":1241,"deaths":0},{"race":[],"age_group":"60-69   ","count":90,"tested":1117,"deaths":0},{"race":[],"age_group":"70-79   ","count":41,"tested":867,"deaths":0},{"race":[],"age_group":"80+","count":44,"tested":824,"deaths":0},{"race":[],"age_group":"Unknown","count":0,"tested":0,"deaths":0}],"race":[{"description":"AI/AN**","count":0,"tested":0,"deaths":0,"color":"rgb(31,119,180)"},{"description":"Asian","count":0,"tested":0,"deaths":0,"color":"rgb(140,86,75)"},{"description":"Black","count":0,"tested":0,"deaths":0,"color":"rgb(255,127,14)"},{"description":"Hispanic","count":0,"tested":37,"deaths":0,"color":"rgb(214,39,40)"},{"description":"Left Blank","count":178,"tested":2298,"deaths":0,"color":"rgb(44,160,44)"},{"description":"Other","count":0,"tested":40,"deaths":0,"color":"rgb(148,103,189)"},{"description":"White","count":398,"tested":5898,"deaths":0,"color":"rgb(31,119,180)"}],"gender":[{"description":"Female","count":325,"tested":5598,"deaths":0,"color":"rgb(255,127,14)"},{"description":"Male","count":241,"tested":2472,"deaths":0,"color":"rgb(31,119,180)"},{"description":"Unknown/Left Blank","count":13,"tested":212,"deaths":0,"color":"rgb(44,160,44)"}]}}]}
