{"lastUpdatedDate":{"year":2021,"month":8,"day":26},"county_demographics":[{"County":"Tazewell","confirmed_cases":18576,"total_tested":281108,"demographics":{"age":[{"race":[],"age_group":"<20","count":3546,"tested":46338,"deaths":0},{"race":[],"age_group":"20-29   ","count":2700,"tested":43395,"deaths":0},{"race":[],"age_group":"30-39   ","count":2757,"tested":41161,"deaths":0},{"race":[],"age_group":"40-49   ","count":2715,"tested":39206,"deaths":0},{"race":[],"age_group":"50-59   ","count":2625,"tested":37631,"deaths":0},{"race":[],"age_group":"60-69   ","count":2039,"tested":29394,"deaths":0},{"race":[],"age_group":"70-79   ","count":1227,"tested":19413,"deaths":0},{"race":[],"age_group":"80+","count":967,"tested":24542,"deaths":0},{"race":[],"age_group":"Unknown","count":0,"tested":28,"deaths":0}],"race":[{"description":"AI/AN**","count":25,"tested":156,"deaths":0,"color":"rgb(31,119,180)"},{"description":"Asian","count":122,"tested":829,"deaths":0,"color":"rgb(140,86,75)"},{"description":"Black","count":258,"tested":3124,"deaths":0,"color":"rgb(255,127,14)"},{"description":"Hispanic","count":321,"tested":1894,"deaths":0,"color":"rgb(214,39,40)"},{"description":"Left Blank","count":2334,"tested":121281,"deaths":0,"color":"rgb(44,160,44)"},{"description":"NH/PI*","count":0,"tested":94,"deaths":0,"color":"rgb(127,127,127)"},{"description":"Other","count":342,"tested":8235,"deaths":0,"color":"rgb(148,103,189)"},{"description":"White","count":15164,"tested":145495,"deaths":0,"color":"rgb(31,119,180)"}],"gender":[{"description":"Female","count":9903,"tested":164490,"deaths":0,"color":"rgb(255,127,14)"},{"description":"Male","count":8523,"tested":109338,"deaths":0,"color":"rgb(31,119,180)"},{"description":"Unknown/Left Blank","count":148,"tested":7280,"deaths":0,"color":"rgb(44,160,44)"}]}}]}
