{"lastUpdatedDate":{"year":2021,"month":8,"day":26},"county_demographics":[{"County":"Gallatin","confirmed_cases":626,"total_tested":5711,"demographics":{"age":[{"race":[],"age_group":"<20","count":112,"tested":1013,"deaths":0},{"race":[],"age_group":"20-29   ","count":86,"tested":822,"deaths":0},{"race":[],"age_group":"30-39   ","count":82,"tested":882,"deaths":0},{"race":[],"age_group":"40-49   ","count":84,"tested":759,"deaths":0},{"race":[],"age_group":"50-59   ","count":78,"tested":845,"deaths":0},{"race":[],"age_group":"60-69   ","count":76,"tested":644,"deaths":0},{"race":[],"age_group":"70-79   ","count":67,"tested":533,"deaths":0},{"race":[],"age_group":"80+","count":31,"tested":210,"deaths":0},{"race":[],"age_group":"Unknown","count":0,"tested":0,"deaths":0}],"race":[{"description":"AI/AN**","count":0,"tested":0,"deaths":0,"color":"rgb(31,119,180)"},{"description":"Asian","count":0,"tested":0,"deaths":0,"color":"rgb(140,86,75)"},{"description":"Black","count":0,"tested":33,"deaths":0,"color":"rgb(255,127,14)"},{"description":"Hispanic","count":10,"tested":38,"deaths":0,"color":"rgb(214,39,40)"},{"description":"Left Blank","count":174,"tested":2729,"deaths":0,"color":"rgb(44,160,44)"},{"description":"NH/PI*","count":0,"tested":0,"deaths":0,"color":"rgb(127,127,127)"},{"description":"Other","count":0,"tested":28,"deaths":0,"color":"rgb(148,103,189)"},{"description":"White","count":428,"tested":2876,"deaths":0,"color":"rgb(31,119,180)"}],"gender":[{"description":"Female","count":340,"tested":3739,"deaths":0,"color":"rgb(255,127,14)"},{"description":"Male","count":276,"tested":1821,"deaths":0,"color":"rgb(31,119,180)"},{"description":"Unknown/Left Blank","count":10,"tested":151,"deaths":0,"color":"rgb(44,160,44)"}]}}]}
