{"lastUpdatedDate":{"year":2021,"month":8,"day":26},"county_demographics":[{"County":"Richland","confirmed_cases":2133,"total_tested":34461,"demographics":{"age":[{"race":[],"age_group":"<20","count":324,"tested":4504,"deaths":0},{"race":[],"age_group":"20-29   ","count":304,"tested":5027,"deaths":0},{"race":[],"age_group":"30-39   ","count":288,"tested":5338,"deaths":0},{"race":[],"age_group":"40-49   ","count":303,"tested":4865,"deaths":0},{"race":[],"age_group":"50-59   ","count":300,"tested":4829,"deaths":0},{"race":[],"age_group":"60-69   ","count":258,"tested":3951,"deaths":0},{"race":[],"age_group":"70-79   ","count":175,"tested":2653,"deaths":0},{"race":[],"age_group":"80+","count":181,"tested":3287,"deaths":0},{"race":[],"age_group":"Unknown","count":0,"tested":7,"deaths":0}],"race":[{"description":"AI/AN**","count":0,"tested":6,"deaths":0,"color":"rgb(31,119,180)"},{"description":"Asian","count":6,"tested":103,"deaths":0,"color":"rgb(140,86,75)"},{"description":"Black","count":15,"tested":214,"deaths":0,"color":"rgb(255,127,14)"},{"description":"Hispanic","count":11,"tested":181,"deaths":0,"color":"rgb(214,39,40)"},{"description":"Left Blank","count":199,"tested":10388,"deaths":0,"color":"rgb(44,160,44)"},{"description":"NH/PI*","count":0,"tested":33,"deaths":0,"color":"rgb(127,127,127)"},{"description":"Other","count":8,"tested":197,"deaths":0,"color":"rgb(148,103,189)"},{"description":"White","count":1890,"tested":23339,"deaths":0,"color":"rgb(31,119,180)"}],"gender":[{"description":"Female","count":1188,"tested":19783,"deaths":0,"color":"rgb(255,127,14)"},{"description":"Male","count":929,"tested":12055,"deaths":0,"color":"rgb(31,119,180)"},{"description":"Unknown/Left Blank","count":14,"tested":2623,"deaths":0,"color":"rgb(44,160,44)"}]}}]}
