{"age":[{"age_group":"<20","count":976,"tested":8908},{"age_group":"20-29   ","count":1182,"tested":16472},{"age_group":"30-39   ","count":1047,"tested":15713},{"age_group":"40-49   ","count":1067,"tested":15448},{"age_group":"50-59   ","count":957,"tested":17929},{"age_group":"60-69   ","count":646,"tested":13618},{"age_group":"70-79   ","count":313,"tested":6912},{"age_group":"80+","count":200,"tested":5467}],"race":[{"description":"AI/AN**","count":38,"tested":253,"color":"rgb(31,119,180)"},{"description":"Asian","count":15,"tested":261,"color":"rgb(140,86,75)"},{"description":"Black","count":2243,"tested":33361,"color":"rgb(255,127,14)"},{"description":"Hispanic","count":1109,"tested":6999,"color":"rgb(214,39,40)"},{"description":"Left Blank","count":2000,"tested":44604,"color":"rgb(44,160,44)"},{"description":"Other","count":207,"tested":2575,"color":"rgb(148,103,189)"},{"description":"White","count":772,"tested":12339,"color":"rgb(31,119,180)"}],"gender":[]}
