{"age":[{"age_group":"<20","count":28,"tested":211},{"age_group":"20-29   ","count":10,"tested":97},{"age_group":"30-39   ","count":13,"tested":112},{"age_group":"40-49   ","count":8,"tested":80},{"age_group":"50-59   ","count":14,"tested":187},{"age_group":"60-69   ","count":14,"tested":137},{"age_group":"70-79   ","count":8,"tested":60}],"race":[{"description":"Left Blank","count":23,"tested":349,"color":"rgb(44,160,44)"},{"description":"White","count":72,"tested":544,"color":"rgb(31,119,180)"}],"gender":[]}
