{"age":[{"age_group":"<20","count":291,"tested":2946},{"age_group":"20-29   ","count":371,"tested":4901},{"age_group":"30-39   ","count":345,"tested":4556},{"age_group":"40-49   ","count":420,"tested":5905},{"age_group":"50-59   ","count":344,"tested":5808},{"age_group":"60-69   ","count":214,"tested":4517},{"age_group":"70-79   ","count":125,"tested":2655},{"age_group":"80+","count":91,"tested":1597}],"race":[{"description":"Asian","count":10,"tested":186,"color":"rgb(140,86,75)"},{"description":"Black","count":1224,"tested":15534,"color":"rgb(255,127,14)"},{"description":"Hispanic","count":95,"tested":730,"color":"rgb(214,39,40)"},{"description":"Left Blank","count":647,"tested":12640,"color":"rgb(44,160,44)"},{"description":"Other","count":43,"tested":706,"color":"rgb(148,103,189)"},{"description":"White","count":177,"tested":2987,"color":"rgb(31,119,180)"}],"gender":[]}
