{"age":[{"age_group":"<20","count":432,"tested":5038},{"age_group":"20-29   ","count":504,"tested":5467},{"age_group":"30-39   ","count":400,"tested":4537},{"age_group":"40-49   ","count":417,"tested":4398},{"age_group":"50-59   ","count":443,"tested":4926},{"age_group":"60-69   ","count":268,"tested":3440},{"age_group":"70-79   ","count":162,"tested":2107},{"age_group":"80+","count":68,"tested":1492}],"race":[{"description":"Asian","count":48,"tested":382,"color":"rgb(140,86,75)"},{"description":"Black","count":108,"tested":748,"color":"rgb(255,127,14)"},{"description":"Hispanic","count":215,"tested":1283,"color":"rgb(214,39,40)"},{"description":"Left Blank","count":251,"tested":11480,"color":"rgb(44,160,44)"},{"description":"Other","count":40,"tested":418,"color":"rgb(148,103,189)"},{"description":"White","count":2029,"tested":17064,"color":"rgb(31,119,180)"}],"gender":[]}
