{"age":[{"age_group":"<20","count":219,"tested":2773},{"age_group":"20-29   ","count":221,"tested":3930},{"age_group":"30-39   ","count":181,"tested":4025},{"age_group":"40-49   ","count":191,"tested":4085},{"age_group":"50-59   ","count":232,"tested":4748},{"age_group":"60-69   ","count":236,"tested":4938},{"age_group":"70-79   ","count":193,"tested":3829},{"age_group":"80+","count":205,"tested":4025}],"race":[{"description":"Asian","count":16,"tested":995,"color":"rgb(140,86,75)"},{"description":"Black","count":49,"tested":2763,"color":"rgb(255,127,14)"},{"description":"Hispanic","count":62,"tested":843,"color":"rgb(214,39,40)"},{"description":"Left Blank","count":691,"tested":15463,"color":"rgb(44,160,44)"},{"description":"Other","count":45,"tested":689,"color":"rgb(148,103,189)"},{"description":"White","count":815,"tested":11582,"color":"rgb(31,119,180)"}],"gender":[]}
