{"age":[{"age_group":"<20","count":523,"tested":7197},{"age_group":"20-29   ","count":523,"tested":8433},{"age_group":"30-39   ","count":555,"tested":9177},{"age_group":"40-49   ","count":562,"tested":8612},{"age_group":"50-59   ","count":563,"tested":8417},{"age_group":"60-69   ","count":381,"tested":7132},{"age_group":"70-79   ","count":200,"tested":4325},{"age_group":"80+","count":141,"tested":3606}],"race":[{"description":"AI/AN**","count":11,"tested":116,"color":"rgb(31,119,180)"},{"description":"Asian","count":282,"tested":5203,"color":"rgb(140,86,75)"},{"description":"Black","count":87,"tested":1330,"color":"rgb(255,127,14)"},{"description":"Hispanic","count":354,"tested":2895,"color":"rgb(214,39,40)"},{"description":"Left Blank","count":1058,"tested":28599,"color":"rgb(44,160,44)"},{"description":"Other","count":123,"tested":1199,"color":"rgb(148,103,189)"},{"description":"White","count":1532,"tested":17462,"color":"rgb(31,119,180)"}],"gender":[]}
