{"age":[{"age_group":"<20","count":681,"tested":10996},{"age_group":"20-29   ","count":478,"tested":8311},{"age_group":"30-39   ","count":342,"tested":6702},{"age_group":"40-49   ","count":433,"tested":6988},{"age_group":"50-59   ","count":481,"tested":8185},{"age_group":"60-69   ","count":330,"tested":6900},{"age_group":"70-79   ","count":114,"tested":3339},{"age_group":"80+","count":79,"tested":1279}],"race":[{"description":"Asian","count":235,"tested":4996,"color":"rgb(140,86,75)"},{"description":"Black","count":121,"tested":1245,"color":"rgb(255,127,14)"},{"description":"Hispanic","count":205,"tested":1914,"color":"rgb(214,39,40)"},{"description":"Left Blank","count":617,"tested":18533,"color":"rgb(44,160,44)"},{"description":"Other","count":85,"tested":1866,"color":"rgb(148,103,189)"},{"description":"White","count":1671,"tested":23986,"color":"rgb(31,119,180)"}],"gender":[]}
