{"age":[{"age_group":"<20","count":55,"tested":447},{"age_group":"20-29   ","count":55,"tested":663},{"age_group":"30-39   ","count":53,"tested":620},{"age_group":"40-49   ","count":49,"tested":463},{"age_group":"50-59   ","count":65,"tested":839},{"age_group":"60-69   ","count":35,"tested":722},{"age_group":"70-79   ","count":18,"tested":321},{"age_group":"80+","count":11,"tested":217}],"race":[{"description":"Black","count":9,"tested":101,"color":"rgb(255,127,14)"},{"description":"Hispanic","count":29,"tested":175,"color":"rgb(214,39,40)"},{"description":"Left Blank","count":76,"tested":1319,"color":"rgb(44,160,44)"},{"description":"White","count":223,"tested":2511,"color":"rgb(31,119,180)"}],"gender":[]}
