{"age":[{"age_group":"<20","count":169,"tested":2286},{"age_group":"20-29   ","count":181,"tested":2631},{"age_group":"30-39   ","count":168,"tested":3001},{"age_group":"40-49   ","count":210,"tested":2756},{"age_group":"50-59   ","count":245,"tested":3608},{"age_group":"60-69   ","count":221,"tested":3303},{"age_group":"70-79   ","count":95,"tested":1723},{"age_group":"80+","count":39,"tested":918}],"race":[{"description":"Black","count":26,"tested":157,"color":"rgb(255,127,14)"},{"description":"Hispanic","count":30,"tested":297,"color":"rgb(214,39,40)"},{"description":"Left Blank","count":290,"tested":9444,"color":"rgb(44,160,44)"},{"description":"Other","count":25,"tested":439,"color":"rgb(148,103,189)"},{"description":"White","count":948,"tested":9815,"color":"rgb(31,119,180)"}],"gender":[]}
