{"age":[{"age_group":"<20","count":241,"tested":1989},{"age_group":"20-29   ","count":320,"tested":3303},{"age_group":"30-39   ","count":256,"tested":3362},{"age_group":"40-49   ","count":254,"tested":2972},{"age_group":"50-59   ","count":222,"tested":3329},{"age_group":"60-69   ","count":160,"tested":2580},{"age_group":"70-79   ","count":69,"tested":1083},{"age_group":"80+","count":35,"tested":805}],"race":[{"description":"Asian","count":17,"tested":263,"color":"rgb(140,86,75)"},{"description":"Black","count":196,"tested":2093,"color":"rgb(255,127,14)"},{"description":"Hispanic","count":269,"tested":1597,"color":"rgb(214,39,40)"},{"description":"Left Blank","count":507,"tested":10190,"color":"rgb(44,160,44)"},{"description":"Other","count":81,"tested":694,"color":"rgb(148,103,189)"},{"description":"White","count":482,"tested":4550,"color":"rgb(31,119,180)"}],"gender":[]}
