{"age":[{"age_group":"<20","count":1062,"tested":10545},{"age_group":"20-29   ","count":1096,"tested":11996},{"age_group":"30-39   ","count":889,"tested":10335},{"age_group":"40-49   ","count":1035,"tested":11129},{"age_group":"50-59   ","count":938,"tested":10929},{"age_group":"60-69   ","count":346,"tested":4719},{"age_group":"70-79   ","count":121,"tested":2351},{"age_group":"80+","count":52,"tested":868}],"race":[{"description":"AI/AN**","count":9,"tested":99,"color":"rgb(31,119,180)"},{"description":"Asian","count":67,"tested":1244,"color":"rgb(140,86,75)"},{"description":"Black","count":414,"tested":4771,"color":"rgb(255,127,14)"},{"description":"Hispanic","count":1056,"tested":7433,"color":"rgb(214,39,40)"},{"description":"Left Blank","count":1687,"tested":23227,"color":"rgb(44,160,44)"},{"description":"Other","count":219,"tested":2521,"color":"rgb(148,103,189)"},{"description":"White","count":2085,"tested":23496,"color":"rgb(31,119,180)"}],"gender":[]}
