{"age":[{"age_group":"<20","count":104,"tested":2595},{"age_group":"20-29   ","count":94,"tested":3761},{"age_group":"30-39   ","count":55,"tested":2314},{"age_group":"40-49   ","count":77,"tested":3243},{"age_group":"50-59   ","count":105,"tested":3717},{"age_group":"60-69   ","count":65,"tested":3106},{"age_group":"70-79   ","count":58,"tested":2801},{"age_group":"80+","count":107,"tested":7317}],"race":[{"description":"Asian","count":32,"tested":1681,"color":"rgb(140,86,75)"},{"description":"Black","count":7,"tested":594,"color":"rgb(255,127,14)"},{"description":"Hispanic","count":27,"tested":1179,"color":"rgb(214,39,40)"},{"description":"Left Blank","count":163,"tested":16313,"color":"rgb(44,160,44)"},{"description":"Other","count":41,"tested":655,"color":"rgb(148,103,189)"},{"description":"White","count":393,"tested":8419,"color":"rgb(31,119,180)"}],"gender":[]}
