{"age":[{"age_group":"<20","count":527,"tested":7234},{"age_group":"20-29   ","count":438,"tested":7239},{"age_group":"30-39   ","count":432,"tested":6381},{"age_group":"40-49   ","count":414,"tested":6371},{"age_group":"50-59   ","count":410,"tested":6978},{"age_group":"60-69   ","count":323,"tested":7073},{"age_group":"70-79   ","count":235,"tested":6181},{"age_group":"80+","count":222,"tested":7984}],"race":[{"description":"AI/AN**","count":8,"tested":65,"color":"rgb(31,119,180)"},{"description":"Asian","count":170,"tested":3188,"color":"rgb(140,86,75)"},{"description":"Black","count":244,"tested":4286,"color":"rgb(255,127,14)"},{"description":"Hispanic","count":211,"tested":1781,"color":"rgb(214,39,40)"},{"description":"Left Blank","count":719,"tested":23433,"color":"rgb(44,160,44)"},{"description":"Other","count":158,"tested":2609,"color":"rgb(148,103,189)"},{"description":"White","count":1489,"tested":20088,"color":"rgb(31,119,180)"}],"gender":[]}
