{"age":[{"age_group":"<20","count":202,"tested":2416},{"age_group":"20-29   ","count":164,"tested":2327},{"age_group":"30-39   ","count":177,"tested":2040},{"age_group":"40-49   ","count":135,"tested":1982},{"age_group":"50-59   ","count":206,"tested":2522},{"age_group":"60-69   ","count":192,"tested":2673},{"age_group":"70-79   ","count":82,"tested":1420},{"age_group":"80+","count":49,"tested":806}],"race":[{"description":"Asian","count":46,"tested":448,"color":"rgb(140,86,75)"},{"description":"Black","count":19,"tested":218,"color":"rgb(255,127,14)"},{"description":"Hispanic","count":121,"tested":562,"color":"rgb(214,39,40)"},{"description":"Left Blank","count":157,"tested":7087,"color":"rgb(44,160,44)"},{"description":"Other","count":29,"tested":327,"color":"rgb(148,103,189)"},{"description":"White","count":835,"tested":7498,"color":"rgb(31,119,180)"}],"gender":[]}
