{"age":[{"age_group":"<20","count":569,"tested":6719},{"age_group":"20-29   ","count":763,"tested":8790},{"age_group":"30-39   ","count":597,"tested":7337},{"age_group":"40-49   ","count":552,"tested":7161},{"age_group":"50-59   ","count":521,"tested":7532},{"age_group":"60-69   ","count":460,"tested":8322},{"age_group":"70-79   ","count":248,"tested":5594},{"age_group":"80+","count":232,"tested":8240}],"race":[{"description":"Asian","count":83,"tested":477,"color":"rgb(140,86,75)"},{"description":"Black","count":511,"tested":6643,"color":"rgb(255,127,14)"},{"description":"Hispanic","count":296,"tested":1972,"color":"rgb(214,39,40)"},{"description":"Left Blank","count":1706,"tested":30175,"color":"rgb(44,160,44)"},{"description":"Other","count":111,"tested":4130,"color":"rgb(148,103,189)"},{"description":"White","count":1230,"tested":16321,"color":"rgb(31,119,180)"}],"gender":[]}
