{"age":[{"age_group":"<20","count":560,"tested":7122},{"age_group":"20-29   ","count":457,"tested":5624},{"age_group":"30-39   ","count":493,"tested":5806},{"age_group":"40-49   ","count":459,"tested":5358},{"age_group":"50-59   ","count":370,"tested":4784},{"age_group":"60-69   ","count":218,"tested":3293},{"age_group":"70-79   ","count":114,"tested":2087},{"age_group":"80+","count":52,"tested":2222}],"race":[{"description":"Asian","count":16,"tested":389,"color":"rgb(140,86,75)"},{"description":"Black","count":138,"tested":1470,"color":"rgb(255,127,14)"},{"description":"Hispanic","count":386,"tested":2773,"color":"rgb(214,39,40)"},{"description":"Left Blank","count":647,"tested":14844,"color":"rgb(44,160,44)"},{"description":"Other","count":71,"tested":865,"color":"rgb(148,103,189)"},{"description":"White","count":1459,"tested":15925,"color":"rgb(31,119,180)"}],"gender":[]}
