{"age":[{"age_group":"<20","count":316,"tested":2862},{"age_group":"20-29   ","count":471,"tested":4164},{"age_group":"30-39   ","count":488,"tested":4684},{"age_group":"40-49   ","count":396,"tested":3562},{"age_group":"50-59   ","count":359,"tested":4399},{"age_group":"60-69   ","count":248,"tested":3800},{"age_group":"70-79   ","count":133,"tested":3244},{"age_group":"80+","count":124,"tested":5518}],"race":[{"description":"Asian","count":55,"tested":761,"color":"rgb(140,86,75)"},{"description":"Black","count":76,"tested":953,"color":"rgb(255,127,14)"},{"description":"Hispanic","count":1177,"tested":5416,"color":"rgb(214,39,40)"},{"description":"Left Blank","count":434,"tested":17181,"color":"rgb(44,160,44)"},{"description":"Other","count":70,"tested":868,"color":"rgb(148,103,189)"},{"description":"White","count":714,"tested":7017,"color":"rgb(31,119,180)"}],"gender":[]}
