{"age":[{"age_group":"<20","count":184,"tested":7005},{"age_group":"20-29   ","count":104,"tested":3166},{"age_group":"30-39   ","count":95,"tested":2254},{"age_group":"40-49   ","count":100,"tested":3388},{"age_group":"50-59   ","count":118,"tested":3247},{"age_group":"60-69   ","count":64,"tested":2864},{"age_group":"70-79   ","count":45,"tested":2216},{"age_group":"80+","count":65,"tested":2876}],"race":[{"description":"Asian","count":30,"tested":1353,"color":"rgb(140,86,75)"},{"description":"Black","count":35,"tested":568,"color":"rgb(255,127,14)"},{"description":"Hispanic","count":84,"tested":2069,"color":"rgb(214,39,40)"},{"description":"Left Blank","count":161,"tested":8655,"color":"rgb(44,160,44)"},{"description":"Other","count":54,"tested":959,"color":"rgb(148,103,189)"},{"description":"White","count":409,"tested":13341,"color":"rgb(31,119,180)"}],"gender":[]}
