{"age":[{"age_group":"<20","count":1587,"tested":14606},{"age_group":"20-29   ","count":1866,"tested":19887},{"age_group":"30-39   ","count":1980,"tested":22110},{"age_group":"40-49   ","count":1780,"tested":19788},{"age_group":"50-59   ","count":1645,"tested":18910},{"age_group":"60-69   ","count":1073,"tested":15168},{"age_group":"70-79   ","count":475,"tested":7094},{"age_group":"80+","count":271,"tested":5782}],"race":[{"description":"AI/AN**","count":15,"tested":185,"color":"rgb(31,119,180)"},{"description":"Asian","count":337,"tested":4907,"color":"rgb(140,86,75)"},{"description":"Black","count":208,"tested":3381,"color":"rgb(255,127,14)"},{"description":"Hispanic","count":4652,"tested":34156,"color":"rgb(214,39,40)"},{"description":"Left Blank","count":1609,"tested":38694,"color":"rgb(44,160,44)"},{"description":"NH/PI*","count":26,"tested":257,"color":"rgb(127,127,127)"},{"description":"Other","count":501,"tested":6506,"color":"rgb(148,103,189)"},{"description":"White","count":3329,"tested":35298,"color":"rgb(31,119,180)"}],"gender":[]}
