{"age":[{"age_group":"<20","count":1664,"tested":15503},{"age_group":"20-29   ","count":2021,"tested":24495},{"age_group":"30-39   ","count":1669,"tested":18684},{"age_group":"40-49   ","count":1748,"tested":17832},{"age_group":"50-59   ","count":1507,"tested":21746},{"age_group":"60-69   ","count":880,"tested":15387},{"age_group":"70-79   ","count":309,"tested":6130},{"age_group":"80+","count":163,"tested":2872}],"race":[{"description":"AI/AN**","count":13,"tested":129,"color":"rgb(31,119,180)"},{"description":"Asian","count":123,"tested":2902,"color":"rgb(140,86,75)"},{"description":"Black","count":896,"tested":13287,"color":"rgb(255,127,14)"},{"description":"Hispanic","count":6052,"tested":36355,"color":"rgb(214,39,40)"},{"description":"Left Blank","count":1855,"tested":50873,"color":"rgb(44,160,44)"},{"description":"NH/PI*","count":10,"tested":209,"color":"rgb(127,127,127)"},{"description":"Other","count":237,"tested":3189,"color":"rgb(148,103,189)"},{"description":"White","count":778,"tested":15720,"color":"rgb(31,119,180)"}],"gender":[]}
