{"age":[{"age_group":"<20","count":324,"tested":7532},{"age_group":"20-29   ","count":373,"tested":12642},{"age_group":"30-39   ","count":382,"tested":11569},{"age_group":"40-49   ","count":342,"tested":9228},{"age_group":"50-59   ","count":327,"tested":11033},{"age_group":"60-69   ","count":236,"tested":9251},{"age_group":"70-79   ","count":115,"tested":4441},{"age_group":"80+","count":121,"tested":3467}],"race":[{"description":"Asian","count":72,"tested":3197,"color":"rgb(140,86,75)"},{"description":"Black","count":531,"tested":7442,"color":"rgb(255,127,14)"},{"description":"Hispanic","count":417,"tested":3473,"color":"rgb(214,39,40)"},{"description":"Left Blank","count":344,"tested":31835,"color":"rgb(44,160,44)"},{"description":"Other","count":175,"tested":3086,"color":"rgb(148,103,189)"},{"description":"White","count":676,"tested":19975,"color":"rgb(31,119,180)"}],"gender":[]}
