{"age":[{"age_group":"<20","count":411,"tested":3802},{"age_group":"20-29   ","count":518,"tested":5587},{"age_group":"30-39   ","count":527,"tested":5516},{"age_group":"40-49   ","count":493,"tested":5374},{"age_group":"50-59   ","count":391,"tested":4948},{"age_group":"60-69   ","count":251,"tested":4113},{"age_group":"70-79   ","count":144,"tested":2316},{"age_group":"80+","count":68,"tested":1172}],"race":[{"description":"Black","count":1190,"tested":14106,"color":"rgb(255,127,14)"},{"description":"Hispanic","count":722,"tested":4176,"color":"rgb(214,39,40)"},{"description":"Left Blank","count":605,"tested":11077,"color":"rgb(44,160,44)"},{"description":"Other","count":119,"tested":1438,"color":"rgb(148,103,189)"},{"description":"White","count":159,"tested":1804,"color":"rgb(31,119,180)"}],"gender":[]}
