{"age":[{"age_group":"<20","count":466,"tested":4749},{"age_group":"20-29   ","count":542,"tested":5549},{"age_group":"30-39   ","count":374,"tested":4655},{"age_group":"40-49   ","count":468,"tested":5083},{"age_group":"50-59   ","count":501,"tested":5457},{"age_group":"60-69   ","count":331,"tested":3916},{"age_group":"70-79   ","count":137,"tested":1887},{"age_group":"80+","count":51,"tested":827}],"race":[{"description":"Asian","count":67,"tested":1188,"color":"rgb(140,86,75)"},{"description":"Black","count":99,"tested":1263,"color":"rgb(255,127,14)"},{"description":"Hispanic","count":167,"tested":1311,"color":"rgb(214,39,40)"},{"description":"Left Blank","count":1048,"tested":13720,"color":"rgb(44,160,44)"},{"description":"Other","count":121,"tested":1369,"color":"rgb(148,103,189)"},{"description":"White","count":1363,"tested":13189,"color":"rgb(31,119,180)"}],"gender":[]}
