{"age":[{"age_group":"<20","count":192,"tested":2420},{"age_group":"20-29   ","count":159,"tested":2263},{"age_group":"30-39   ","count":130,"tested":1800},{"age_group":"40-49   ","count":183,"tested":1816},{"age_group":"50-59   ","count":202,"tested":2239},{"age_group":"60-69   ","count":118,"tested":1875},{"age_group":"70-79   ","count":51,"tested":1354},{"age_group":"80+","count":28,"tested":664}],"race":[{"description":"Asian","count":8,"tested":142,"color":"rgb(140,86,75)"},{"description":"Black","count":11,"tested":179,"color":"rgb(255,127,14)"},{"description":"Hispanic","count":95,"tested":761,"color":"rgb(214,39,40)"},{"description":"Left Blank","count":211,"tested":4170,"color":"rgb(44,160,44)"},{"description":"Other","count":39,"tested":399,"color":"rgb(148,103,189)"},{"description":"White","count":696,"tested":8757,"color":"rgb(31,119,180)"}],"gender":[]}
