{"age":[{"age_group":"<20","count":41,"tested":455},{"age_group":"20-29   ","count":32,"tested":420},{"age_group":"30-39   ","count":30,"tested":476},{"age_group":"40-49   ","count":47,"tested":427},{"age_group":"50-59   ","count":28,"tested":410},{"age_group":"60-69   ","count":37,"tested":501},{"age_group":"70-79   ","count":25,"tested":221},{"age_group":"80+","count":6,"tested":141}],"race":[{"description":"Hispanic","count":24,"tested":87,"color":"rgb(214,39,40)"},{"description":"Left Blank","count":51,"tested":1582,"color":"rgb(44,160,44)"},{"description":"Other","count":13,"tested":74,"color":"rgb(148,103,189)"},{"description":"White","count":149,"tested":1224,"color":"rgb(31,119,180)"}],"gender":[]}
