{"age":[{"age_group":"<20","count":420,"tested":4883},{"age_group":"20-29   ","count":514,"tested":6625},{"age_group":"30-39   ","count":443,"tested":6531},{"age_group":"40-49   ","count":515,"tested":5808},{"age_group":"50-59   ","count":502,"tested":6671},{"age_group":"60-69   ","count":422,"tested":6070},{"age_group":"70-79   ","count":221,"tested":3535},{"age_group":"80+","count":201,"tested":4140}],"race":[{"description":"AI/AN**","count":7,"tested":62,"color":"rgb(31,119,180)"},{"description":"Asian","count":185,"tested":2626,"color":"rgb(140,86,75)"},{"description":"Black","count":45,"tested":652,"color":"rgb(255,127,14)"},{"description":"Hispanic","count":357,"tested":2463,"color":"rgb(214,39,40)"},{"description":"Left Blank","count":905,"tested":22711,"color":"rgb(44,160,44)"},{"description":"NH/PI*","count":6,"tested":64,"color":"rgb(127,127,127)"},{"description":"Other","count":138,"tested":1052,"color":"rgb(148,103,189)"},{"description":"White","count":1595,"tested":14659,"color":"rgb(31,119,180)"}],"gender":[]}
