{"age":[{"age_group":"<20","count":1177,"tested":16351},{"age_group":"20-29   ","count":687,"tested":11106},{"age_group":"30-39   ","count":577,"tested":10867},{"age_group":"40-49   ","count":805,"tested":11707},{"age_group":"50-59   ","count":814,"tested":12959},{"age_group":"60-69   ","count":425,"tested":9194},{"age_group":"70-79   ","count":211,"tested":6061},{"age_group":"80+","count":189,"tested":11380}],"race":[{"description":"AI/AN**","count":10,"tested":55,"color":"rgb(31,119,180)"},{"description":"Asian","count":179,"tested":2640,"color":"rgb(140,86,75)"},{"description":"Black","count":126,"tested":1277,"color":"rgb(255,127,14)"},{"description":"Hispanic","count":461,"tested":3476,"color":"rgb(214,39,40)"},{"description":"Left Blank","count":906,"tested":41108,"color":"rgb(44,160,44)"},{"description":"Other","count":119,"tested":2562,"color":"rgb(148,103,189)"},{"description":"White","count":3079,"tested":38465,"color":"rgb(31,119,180)"}],"gender":[]}
