{"age":[{"age_group":"<20","count":122,"tested":1449},{"age_group":"20-29   ","count":128,"tested":1457},{"age_group":"30-39   ","count":139,"tested":1225},{"age_group":"40-49   ","count":134,"tested":1222},{"age_group":"50-59   ","count":189,"tested":1893},{"age_group":"60-69   ","count":108,"tested":1249},{"age_group":"70-79   ","count":49,"tested":782},{"age_group":"80+","count":17,"tested":301}],"race":[{"description":"Asian","count":6,"tested":95,"color":"rgb(140,86,75)"},{"description":"Hispanic","count":35,"tested":281,"color":"rgb(214,39,40)"},{"description":"Left Blank","count":272,"tested":3196,"color":"rgb(44,160,44)"},{"description":"Other","count":40,"tested":312,"color":"rgb(148,103,189)"},{"description":"White","count":531,"tested":5621,"color":"rgb(31,119,180)"}],"gender":[]}
