{"age":[{"age_group":"<20","count":322,"tested":2402},{"age_group":"20-29   ","count":362,"tested":3329},{"age_group":"30-39   ","count":342,"tested":2591},{"age_group":"40-49   ","count":269,"tested":1999},{"age_group":"50-59   ","count":275,"tested":2139},{"age_group":"60-69   ","count":192,"tested":1864},{"age_group":"70-79   ","count":105,"tested":801},{"age_group":"80+","count":53,"tested":1323}],"race":[{"description":"Black","count":12,"tested":333,"color":"rgb(255,127,14)"},{"description":"Hispanic","count":408,"tested":1347,"color":"rgb(214,39,40)"},{"description":"Left Blank","count":831,"tested":8988,"color":"rgb(44,160,44)"},{"description":"Other","count":33,"tested":254,"color":"rgb(148,103,189)"},{"description":"White","count":640,"tested":5476,"color":"rgb(31,119,180)"}],"gender":[]}
