{"age":[{"age_group":"<20","count":204,"tested":1973},{"age_group":"20-29   ","count":118,"tested":1373},{"age_group":"30-39   ","count":202,"tested":1945},{"age_group":"40-49   ","count":162,"tested":1971},{"age_group":"50-59   ","count":144,"tested":1932},{"age_group":"60-69   ","count":74,"tested":802},{"age_group":"70-79   ","count":24,"tested":454},{"age_group":"80+","count":7,"tested":116}],"race":[{"description":"Asian","count":68,"tested":1047,"color":"rgb(140,86,75)"},{"description":"Black","count":23,"tested":237,"color":"rgb(255,127,14)"},{"description":"Hispanic","count":146,"tested":930,"color":"rgb(214,39,40)"},{"description":"Left Blank","count":233,"tested":3948,"color":"rgb(44,160,44)"},{"description":"Other","count":29,"tested":232,"color":"rgb(148,103,189)"},{"description":"White","count":437,"tested":4128,"color":"rgb(31,119,180)"}],"gender":[]}
