{"age":[{"age_group":"<20","count":1331,"tested":12140},{"age_group":"20-29   ","count":1474,"tested":17627},{"age_group":"30-39   ","count":1589,"tested":18451},{"age_group":"40-49   ","count":1458,"tested":15397},{"age_group":"50-59   ","count":1026,"tested":13674},{"age_group":"60-69   ","count":734,"tested":10756},{"age_group":"70-79   ","count":391,"tested":5283},{"age_group":"80+","count":131,"tested":1988}],"race":[{"description":"AI/AN**","count":6,"tested":90,"color":"rgb(31,119,180)"},{"description":"Asian","count":14,"tested":377,"color":"rgb(140,86,75)"},{"description":"Black","count":2382,"tested":26214,"color":"rgb(255,127,14)"},{"description":"Hispanic","count":3692,"tested":20844,"color":"rgb(214,39,40)"},{"description":"Left Blank","count":1547,"tested":38868,"color":"rgb(44,160,44)"},{"description":"Other","count":208,"tested":2903,"color":"rgb(148,103,189)"},{"description":"White","count":285,"tested":5958,"color":"rgb(31,119,180)"}],"gender":[]}
