{"age":[{"age_group":"<20","count":260,"tested":2443},{"age_group":"20-29   ","count":311,"tested":4054},{"age_group":"30-39   ","count":326,"tested":3725},{"age_group":"40-49   ","count":260,"tested":3224},{"age_group":"50-59   ","count":317,"tested":3759},{"age_group":"60-69   ","count":240,"tested":3713},{"age_group":"70-79   ","count":151,"tested":2217},{"age_group":"80+","count":85,"tested":1216}],"race":[{"description":"Asian","count":39,"tested":484,"color":"rgb(140,86,75)"},{"description":"Black","count":68,"tested":730,"color":"rgb(255,127,14)"},{"description":"Hispanic","count":146,"tested":1030,"color":"rgb(214,39,40)"},{"description":"Left Blank","count":756,"tested":13968,"color":"rgb(44,160,44)"},{"description":"Other","count":109,"tested":850,"color":"rgb(148,103,189)"},{"description":"White","count":827,"tested":7270,"color":"rgb(31,119,180)"}],"gender":[]}
