{"age":[{"age_group":"<20","count":355,"tested":2937},{"age_group":"20-29   ","count":461,"tested":4324},{"age_group":"30-39   ","count":440,"tested":4662},{"age_group":"40-49   ","count":384,"tested":3694},{"age_group":"50-59   ","count":372,"tested":3736},{"age_group":"60-69   ","count":242,"tested":3388},{"age_group":"70-79   ","count":112,"tested":1807},{"age_group":"80+","count":54,"tested":853}],"race":[{"description":"Asian","count":31,"tested":285,"color":"rgb(140,86,75)"},{"description":"Black","count":327,"tested":3787,"color":"rgb(255,127,14)"},{"description":"Hispanic","count":442,"tested":2710,"color":"rgb(214,39,40)"},{"description":"Left Blank","count":887,"tested":10862,"color":"rgb(44,160,44)"},{"description":"Other","count":81,"tested":842,"color":"rgb(148,103,189)"},{"description":"White","count":647,"tested":6855,"color":"rgb(31,119,180)"}],"gender":[]}
