{"age":[{"age_group":"<20","count":847,"tested":7700},{"age_group":"20-29   ","count":1087,"tested":13058},{"age_group":"30-39   ","count":1070,"tested":13032},{"age_group":"40-49   ","count":977,"tested":11613},{"age_group":"50-59   ","count":834,"tested":12642},{"age_group":"60-69   ","count":531,"tested":10325},{"age_group":"70-79   ","count":305,"tested":7090},{"age_group":"80+","count":248,"tested":7364}],"race":[{"description":"AI/AN**","count":32,"tested":199,"color":"rgb(31,119,180)"},{"description":"Asian","count":74,"tested":776,"color":"rgb(140,86,75)"},{"description":"Black","count":649,"tested":8697,"color":"rgb(255,127,14)"},{"description":"Hispanic","count":1554,"tested":8953,"color":"rgb(214,39,40)"},{"description":"Left Blank","count":1393,"tested":35774,"color":"rgb(44,160,44)"},{"description":"Other","count":266,"tested":4179,"color":"rgb(148,103,189)"},{"description":"White","count":1926,"tested":24229,"color":"rgb(31,119,180)"}],"gender":[]}
