{"age":[{"age_group":"<20","count":39,"tested":393},{"age_group":"20-29   ","count":44,"tested":341},{"age_group":"30-39   ","count":30,"tested":248},{"age_group":"40-49   ","count":40,"tested":347},{"age_group":"50-59   ","count":50,"tested":513},{"age_group":"60-69   ","count":45,"tested":459},{"age_group":"70-79   ","count":15,"tested":249},{"age_group":"80+","count":10,"tested":101}],"race":[{"description":"Hispanic","count":18,"tested":71,"color":"rgb(214,39,40)"},{"description":"White","count":196,"tested":1272,"color":"rgb(31,119,180)"},{"description":"Left Blank","count":40,"tested":1117,"color":"rgb(44,160,44)"},{"description":"Black","count":9,"tested":76,"color":"rgb(255,127,14)"}],"gender":[{"description":"Male","count":130,"tested":1221,"color":"rgb(31,119,180)"},{"description":"Female","count":142,"tested":1417,"color":"rgb(255,127,14)"}]}
