{"age":[{"age_group":"<20","count":91,"tested":919},{"age_group":"20-29   ","count":99,"tested":845},{"age_group":"30-39   ","count":85,"tested":998},{"age_group":"40-49   ","count":89,"tested":805},{"age_group":"50-59   ","count":105,"tested":1106},{"age_group":"60-69   ","count":60,"tested":1067},{"age_group":"70-79   ","count":43,"tested":463},{"age_group":"80+","count":48,"tested":307}],"race":[{"description":"Hispanic","count":11,"tested":95,"color":"rgb(214,39,40)"},{"description":"White","count":368,"tested":3835,"color":"rgb(31,119,180)"},{"description":"Left Blank","count":234,"tested":2432,"color":"rgb(44,160,44)"},{"description":"Other","count":11,"tested":87,"color":"rgb(148,103,189)"}],"gender":[{"description":"Male","count":265,"tested":2279,"color":"rgb(31,119,180)"},{"description":"Female","count":357,"tested":4065,"color":"rgb(255,127,14)"}]}
