{"age":[{"age_group":"<20","count":11,"tested":154},{"age_group":"20-29   ","count":12,"tested":241},{"age_group":"30-39   ","count":16,"tested":217},{"age_group":"40-49   ","count":9,"tested":147},{"age_group":"50-59   ","count":10,"tested":165},{"age_group":"60-69   ","count":19,"tested":197},{"age_group":"70-79   ","count":15,"tested":112},{"age_group":"80+","count":28,"tested":124}],"race":[{"description":"Left Blank","count":44,"tested":690,"color":"rgb(44,160,44)"},{"description":"White","count":71,"tested":620,"color":"rgb(31,119,180)"}],"gender":[{"description":"Male","count":49,"tested":502,"color":"rgb(31,119,180)"},{"description":"Female","count":71,"tested":852,"color":"rgb(255,127,14)"}]}
