{"age":[{"age_group":"<20","count":181,"tested":1082},{"age_group":"20-29   ","count":231,"tested":1757},{"age_group":"30-39   ","count":260,"tested":1794},{"age_group":"40-49   ","count":228,"tested":1402},{"age_group":"50-59   ","count":167,"tested":1322},{"age_group":"60-69   ","count":143,"tested":1243},{"age_group":"70-79   ","count":51,"tested":543},{"age_group":"80+","count":25,"tested":381}],"race":[{"description":"Left Blank","count":256,"tested":3145,"color":"rgb(44,160,44)"},{"description":"White","count":468,"tested":3339,"color":"rgb(31,119,180)"},{"description":"Asian","count":47,"tested":363,"color":"rgb(140,86,75)"},{"description":"Hispanic","count":438,"tested":2131,"color":"rgb(214,39,40)"},{"description":"Other","count":55,"tested":427,"color":"rgb(148,103,189)"},{"description":"Black","count":15,"tested":97,"color":"rgb(255,127,14)"}],"gender":[{"description":"Female","count":641,"tested":5103,"color":"rgb(255,127,14)"},{"description":"Male","count":637,"tested":4325,"color":"rgb(31,119,180)"}]}
