{"age":[{"age_group":"<20","count":34,"tested":373},{"age_group":"20-29   ","count":23,"tested":269},{"age_group":"30-39   ","count":23,"tested":256},{"age_group":"40-49   ","count":32,"tested":223},{"age_group":"50-59   ","count":40,"tested":371},{"age_group":"60-69   ","count":30,"tested":289},{"age_group":"70-79   ","count":19,"tested":171},{"age_group":"80+","count":43,"tested":141}],"race":[{"description":"White","count":216,"tested":1274,"color":"rgb(31,119,180)"},{"description":"Left Blank","count":15,"tested":728,"color":"rgb(44,160,44)"},{"description":"Hispanic","count":7,"tested":34,"color":"rgb(214,39,40)"}],"gender":[{"description":"Male","count":107,"tested":807,"color":"rgb(31,119,180)"},{"description":"Female","count":137,"tested":1265,"color":"rgb(255,127,14)"}]}
