{"age":[{"age_group":"<20","count":39,"tested":1029},{"age_group":"20-29   ","count":368,"tested":8659},{"age_group":"30-39   ","count":246,"tested":5371},{"age_group":"40-49   ","count":78,"tested":1823},{"age_group":"50-59   ","count":80,"tested":1913},{"age_group":"60-69   ","count":54,"tested":1479},{"age_group":"70-79   ","count":41,"tested":980},{"age_group":"80+","count":23,"tested":598}],"race":[{"description":"White","count":391,"tested":6257,"color":"rgb(31,119,180)"},{"description":"Black","count":74,"tested":1569,"color":"rgb(255,127,14)"},{"description":"Asian","count":74,"tested":2447,"color":"rgb(140,86,75)"},{"description":"Other","count":48,"tested":1080,"color":"rgb(148,103,189)"},{"description":"Left Blank","count":271,"tested":9820,"color":"rgb(44,160,44)"},{"description":"Hispanic","count":69,"tested":609,"color":"rgb(214,39,40)"}],"gender":[{"description":"Male","count":499,"tested":10522,"color":"rgb(31,119,180)"},{"description":"Female","count":410,"tested":10779,"color":"rgb(255,127,14)"},{"description":"Unknown/Left Blank","count":20,"tested":561,"color":"rgb(44,160,44)"}]}
