{"age":[{"age_group":"<20","count":160,"tested":1550},{"age_group":"20-29   ","count":188,"tested":2950},{"age_group":"30-39   ","count":168,"tested":2674},{"age_group":"40-49   ","count":181,"tested":3128},{"age_group":"50-59   ","count":242,"tested":3247},{"age_group":"60-69   ","count":204,"tested":3687},{"age_group":"70-79   ","count":117,"tested":2593},{"age_group":"80+","count":140,"tested":4943}],"race":[{"description":"Black","count":284,"tested":5958,"color":"rgb(255,127,14)"},{"description":"Hispanic","count":122,"tested":630,"color":"rgb(214,39,40)"},{"description":"White","count":447,"tested":7429,"color":"rgb(31,119,180)"},{"description":"Left Blank","count":503,"tested":10145,"color":"rgb(44,160,44)"},{"description":"Other","count":38,"tested":481,"color":"rgb(148,103,189)"}],"gender":[{"description":"Female","count":767,"tested":15923,"color":"rgb(255,127,14)"},{"description":"Unknown/Left Blank","count":13,"tested":408,"color":"rgb(44,160,44)"},{"description":"Male","count":620,"tested":8445,"color":"rgb(31,119,180)"}]}
