{"age":[{"age_group":"<20","count":111,"tested":1125},{"age_group":"20-29   ","count":71,"tested":1080},{"age_group":"30-39   ","count":60,"tested":1085},{"age_group":"40-49   ","count":80,"tested":1034},{"age_group":"50-59   ","count":59,"tested":1042},{"age_group":"60-69   ","count":58,"tested":1053},{"age_group":"70-79   ","count":35,"tested":671},{"age_group":"80+","count":55,"tested":1174}],"race":[{"description":"Left Blank","count":82,"tested":2061,"color":"rgb(44,160,44)"},{"description":"White","count":423,"tested":5970,"color":"rgb(31,119,180)"},{"description":"Hispanic","count":10,"tested":86,"color":"rgb(214,39,40)"}],"gender":[{"description":"Female","count":298,"tested":4684,"color":"rgb(255,127,14)"},{"description":"Male","count":222,"tested":3076,"color":"rgb(31,119,180)"}]}
