{"age":[{"age_group":"<20","count":357,"tested":37416},{"age_group":"20-29   ","count":605,"tested":29333},{"age_group":"30-39   ","count":584,"tested":11849},{"age_group":"40-49   ","count":407,"tested":8262},{"age_group":"50-59   ","count":404,"tested":8301},{"age_group":"60-69   ","count":285,"tested":6257},{"age_group":"70-79   ","count":135,"tested":2945},{"age_group":"80+","count":109,"tested":2401}],"race":[{"description":"Hispanic","count":93,"tested":7871,"color":"rgb(214,39,40)"},{"description":"Left Blank","count":766,"tested":28881,"color":"rgb(44,160,44)"},{"description":"Black","count":1770,"tested":25801,"color":"rgb(255,127,14)"},{"description":"Asian","count":37,"tested":13410,"color":"rgb(140,86,75)"},{"description":"White","count":178,"tested":29631,"color":"rgb(31,119,180)"},{"description":"Other","count":37,"tested":713,"color":"rgb(148,103,189)"}],"gender":[{"description":"Unknown/Left Blank","count":29,"tested":2434,"color":"rgb(44,160,44)"},{"description":"Female","count":1616,"tested":55740,"color":"rgb(255,127,14)"},{"description":"Male","count":1241,"tested":48599,"color":"rgb(31,119,180)"}]}
