{"age":[{"age_group":"<20","count":24,"tested":388},{"age_group":"20-29   ","count":36,"tested":587},{"age_group":"30-39   ","count":33,"tested":550},{"age_group":"40-49   ","count":26,"tested":412},{"age_group":"50-59   ","count":45,"tested":946},{"age_group":"60-69   ","count":30,"tested":561},{"age_group":"70-79   ","count":19,"tested":487},{"age_group":"80+","count":45,"tested":1589}],"race":[{"description":"Hispanic","count":6,"tested":21,"color":"rgb(214,39,40)"},{"description":"White","count":204,"tested":2008,"color":"rgb(31,119,180)"},{"description":"Left Blank","count":37,"tested":3355,"color":"rgb(44,160,44)"},{"description":"Other","count":10,"tested":113,"color":"rgb(148,103,189)"}],"gender":[{"description":"Male","count":109,"tested":1499,"color":"rgb(31,119,180)"},{"description":"Female","count":147,"tested":3923,"color":"rgb(255,127,14)"}]}
