{"age":[{"age_group":"<20","count":180,"tested":1861},{"age_group":"20-29   ","count":199,"tested":2848},{"age_group":"30-39   ","count":199,"tested":2822},{"age_group":"40-49   ","count":243,"tested":3044},{"age_group":"50-59   ","count":200,"tested":2941},{"age_group":"60-69   ","count":167,"tested":3354},{"age_group":"70-79   ","count":122,"tested":2650},{"age_group":"80+","count":85,"tested":1587}],"race":[{"description":"Black","count":820,"tested":9535,"color":"rgb(255,127,14)"},{"description":"Asian","count":6,"tested":107,"color":"rgb(140,86,75)"},{"description":"Hispanic","count":43,"tested":420,"color":"rgb(214,39,40)"},{"description":"White","count":62,"tested":884,"color":"rgb(31,119,180)"},{"description":"Other","count":16,"tested":268,"color":"rgb(148,103,189)"},{"description":"Left Blank","count":446,"tested":9894,"color":"rgb(44,160,44)"}],"gender":[{"description":"Female","count":827,"tested":13336,"color":"rgb(255,127,14)"},{"description":"Male","count":550,"tested":7247,"color":"rgb(31,119,180)"},{"description":"Unknown/Left Blank","count":18,"tested":564,"color":"rgb(44,160,44)"}]}
