{"age":[{"age_group":"<20","count":486,"tested":4206},{"age_group":"20-29   ","count":514,"tested":4574},{"age_group":"30-39   ","count":531,"tested":4531},{"age_group":"40-49   ","count":533,"tested":4526},{"age_group":"50-59   ","count":342,"tested":3391},{"age_group":"60-69   ","count":182,"tested":2005},{"age_group":"70-79   ","count":99,"tested":1114},{"age_group":"80+","count":30,"tested":545}],"race":[{"description":"Hispanic","count":1029,"tested":5109,"color":"rgb(214,39,40)"},{"description":"Asian","count":39,"tested":408,"color":"rgb(140,86,75)"},{"description":"White","count":806,"tested":8011,"color":"rgb(31,119,180)"},{"description":"Black","count":167,"tested":1461,"color":"rgb(255,127,14)"},{"description":"Other","count":72,"tested":934,"color":"rgb(148,103,189)"},{"description":"Left Blank","count":598,"tested":8937,"color":"rgb(44,160,44)"}],"gender":[{"description":"Female","count":1410,"tested":13959,"color":"rgb(255,127,14)"},{"description":"Male","count":1299,"tested":10726,"color":"rgb(31,119,180)"},{"description":"Unknown/Left Blank","count":8,"tested":211,"color":"rgb(44,160,44)"}]}
