{"age":[{"age_group":"<20","count":75,"tested":878},{"age_group":"20-29   ","count":61,"tested":916},{"age_group":"30-39   ","count":49,"tested":829},{"age_group":"40-49   ","count":57,"tested":789},{"age_group":"50-59   ","count":63,"tested":1090},{"age_group":"60-69   ","count":62,"tested":1456},{"age_group":"70-79   ","count":40,"tested":978},{"age_group":"80+","count":50,"tested":1731}],"race":[{"description":"White","count":269,"tested":4086,"color":"rgb(31,119,180)"},{"description":"Left Blank","count":169,"tested":4382,"color":"rgb(44,160,44)"},{"description":"Hispanic","count":18,"tested":122,"color":"rgb(214,39,40)"}],"gender":[{"description":"Male","count":205,"tested":2893,"color":"rgb(31,119,180)"},{"description":"Female","count":236,"tested":5453,"color":"rgb(255,127,14)"},{"description":"Unknown/Left Blank","count":18,"tested":326,"color":"rgb(44,160,44)"}]}
