{"age":[{"age_group":"<20","count":1299,"tested":9251},{"age_group":"20-29   ","count":1635,"tested":14508},{"age_group":"30-39   ","count":1733,"tested":15666},{"age_group":"40-49   ","count":1554,"tested":14049},{"age_group":"50-59   ","count":1489,"tested":13716},{"age_group":"60-69   ","count":969,"tested":11000},{"age_group":"70-79   ","count":431,"tested":5136},{"age_group":"80+","count":236,"tested":4368}],"race":[{"description":"Hispanic","count":4121,"tested":25648,"color":"rgb(214,39,40)"},{"description":"White","count":2882,"tested":25488,"color":"rgb(31,119,180)"},{"description":"Left Blank","count":1409,"tested":26316,"color":"rgb(44,160,44)"},{"description":"NH/PI*","count":24,"tested":214,"color":"rgb(127,127,127)"},{"description":"Black","count":172,"tested":2165,"color":"rgb(255,127,14)"},{"description":"Asian","count":285,"tested":3141,"color":"rgb(140,86,75)"},{"description":"Other","count":442,"tested":4647,"color":"rgb(148,103,189)"},{"description":"AI/AN**","count":11,"tested":96,"color":"rgb(31,119,180)"}],"gender":[{"description":"Female","count":4776,"tested":47664,"color":"rgb(255,127,14)"},{"description":"Male","count":4485,"tested":38555,"color":"rgb(31,119,180)"},{"description":"Unknown/Left Blank","count":85,"tested":1496,"color":"rgb(44,160,44)"}]}
