{"age":[{"age_group":"<20","count":19,"tested":356},{"age_group":"20-29   ","count":315,"tested":5776},{"age_group":"30-39   ","count":274,"tested":5501},{"age_group":"40-49   ","count":50,"tested":1236},{"age_group":"50-59   ","count":30,"tested":751},{"age_group":"60-69   ","count":22,"tested":372}],"race":[{"description":"Left Blank","count":267,"tested":6640,"color":"rgb(44,160,44)"},{"description":"Hispanic","count":38,"tested":433,"color":"rgb(214,39,40)"},{"description":"Other","count":41,"tested":827,"color":"rgb(148,103,189)"},{"description":"White","count":273,"tested":4345,"color":"rgb(31,119,180)"},{"description":"Asian","count":65,"tested":1473,"color":"rgb(140,86,75)"},{"description":"Black","count":27,"tested":432,"color":"rgb(255,127,14)"}],"gender":[{"description":"Unknown/Left Blank","count":21,"tested":161,"color":"rgb(44,160,44)"},{"description":"Female","count":323,"tested":7190,"color":"rgb(255,127,14)"},{"description":"Male","count":369,"tested":6830,"color":"rgb(31,119,180)"}]}
