{"age":[{"age_group":"<20","count":624,"tested":6709},{"age_group":"20-29   ","count":400,"tested":6129},{"age_group":"30-39   ","count":310,"tested":6071},{"age_group":"40-49   ","count":442,"tested":6623},{"age_group":"50-59   ","count":513,"tested":7781},{"age_group":"60-69   ","count":318,"tested":5667},{"age_group":"70-79   ","count":202,"tested":4320},{"age_group":"80+","count":250,"tested":7758}],"race":[{"description":"Black","count":22,"tested":334,"color":"rgb(255,127,14)"},{"description":"AI/AN**","count":7,"tested":55,"color":"rgb(31,119,180)"},{"description":"Other","count":144,"tested":1160,"color":"rgb(148,103,189)"},{"description":"Left Blank","count":788,"tested":25753,"color":"rgb(44,160,44)"},{"description":"White","count":1765,"tested":20165,"color":"rgb(31,119,180)"},{"description":"Asian","count":122,"tested":2140,"color":"rgb(140,86,75)"},{"description":"Hispanic","count":208,"tested":1409,"color":"rgb(214,39,40)"}],"gender":[{"description":"Male","count":1484,"tested":19924,"color":"rgb(31,119,180)"},{"description":"Unknown/Left Blank","count":42,"tested":903,"color":"rgb(44,160,44)"},{"description":"Female","count":1533,"tested":30242,"color":"rgb(255,127,14)"}]}
