{"age":[{"age_group":"<20","count":513,"tested":5958},{"age_group":"20-29   ","count":544,"tested":7124},{"age_group":"30-39   ","count":381,"tested":6984},{"age_group":"40-49   ","count":396,"tested":5974},{"age_group":"50-59   ","count":471,"tested":9273},{"age_group":"60-69   ","count":339,"tested":7195},{"age_group":"70-79   ","count":187,"tested":4137},{"age_group":"80+","count":158,"tested":4392}],"race":[{"description":"Black","count":56,"tested":831,"color":"rgb(255,127,14)"},{"description":"Asian","count":176,"tested":3853,"color":"rgb(140,86,75)"},{"description":"Hispanic","count":324,"tested":3233,"color":"rgb(214,39,40)"},{"description":"Left Blank","count":831,"tested":19223,"color":"rgb(44,160,44)"},{"description":"White","count":1500,"tested":22868,"color":"rgb(31,119,180)"},{"description":"Other","count":96,"tested":932,"color":"rgb(148,103,189)"}],"gender":[{"description":"Female","count":1553,"tested":29948,"color":"rgb(255,127,14)"},{"description":"Unknown/Left Blank","count":20,"tested":1631,"color":"rgb(44,160,44)"},{"description":"Male","count":1416,"tested":19474,"color":"rgb(31,119,180)"}]}
