{"age":[{"age_group":"<20","count":199,"tested":1435},{"age_group":"20-29   ","count":266,"tested":2911},{"age_group":"30-39   ","count":261,"tested":2604},{"age_group":"40-49   ","count":216,"tested":2212},{"age_group":"50-59   ","count":283,"tested":2741},{"age_group":"60-69   ","count":208,"tested":2682},{"age_group":"70-79   ","count":133,"tested":1596},{"age_group":"80+","count":79,"tested":846}],"race":[{"description":"Hispanic","count":107,"tested":591,"color":"rgb(214,39,40)"},{"description":"Asian","count":27,"tested":186,"color":"rgb(140,86,75)"},{"description":"Black","count":50,"tested":459,"color":"rgb(255,127,14)"},{"description":"White","count":640,"tested":4496,"color":"rgb(31,119,180)"},{"description":"Other","count":93,"tested":572,"color":"rgb(148,103,189)"},{"description":"Left Blank","count":724,"tested":10719,"color":"rgb(44,160,44)"}],"gender":[{"description":"Male","count":767,"tested":6474,"color":"rgb(31,119,180)"},{"description":"Unknown/Left Blank","count":22,"tested":221,"color":"rgb(44,160,44)"},{"description":"Female","count":856,"tested":10342,"color":"rgb(255,127,14)"}]}
