{"age":[{"age_group":"<20","count":121,"tested":692},{"age_group":"20-29   ","count":143,"tested":1320},{"age_group":"30-39   ","count":143,"tested":1241},{"age_group":"40-49   ","count":114,"tested":1053},{"age_group":"50-59   ","count":127,"tested":1146},{"age_group":"60-69   ","count":83,"tested":1211},{"age_group":"70-79   ","count":40,"tested":428},{"age_group":"80+","count":18,"tested":227}],"race":[{"description":"Black","count":22,"tested":214,"color":"rgb(255,127,14)"},{"description":"Asian","count":16,"tested":149,"color":"rgb(140,86,75)"},{"description":"Other","count":45,"tested":318,"color":"rgb(148,103,189)"},{"description":"Left Blank","count":337,"tested":3437,"color":"rgb(44,160,44)"},{"description":"White","count":278,"tested":2686,"color":"rgb(31,119,180)"},{"description":"Hispanic","count":88,"tested":495,"color":"rgb(214,39,40)"}],"gender":[{"description":"Female","count":447,"tested":4067,"color":"rgb(255,127,14)"},{"description":"Male","count":341,"tested":3124,"color":"rgb(31,119,180)"}]}
