{"age":[{"age_group":"<20","count":550,"tested":4216},{"age_group":"20-29   ","count":846,"tested":8308},{"age_group":"30-39   ","count":724,"tested":7158},{"age_group":"40-49   ","count":629,"tested":5942},{"age_group":"50-59   ","count":723,"tested":7074},{"age_group":"60-69   ","count":399,"tested":4687},{"age_group":"70-79   ","count":184,"tested":2222},{"age_group":"80+","count":129,"tested":1775}],"race":[{"description":"Other","count":114,"tested":1004,"color":"rgb(148,103,189)"},{"description":"AI/AN**","count":13,"tested":23,"color":"rgb(31,119,180)"},{"description":"NH/PI*","count":18,"tested":71,"color":"rgb(127,127,127)"},{"description":"Black","count":128,"tested":1046,"color":"rgb(255,127,14)"},{"description":"Asian","count":286,"tested":2452,"color":"rgb(140,86,75)"},{"description":"Hispanic","count":1184,"tested":4612,"color":"rgb(214,39,40)"},{"description":"Left Blank","count":1690,"tested":26280,"color":"rgb(44,160,44)"},{"description":"White","count":751,"tested":5913,"color":"rgb(31,119,180)"}],"gender":[{"description":"Unknown/Left Blank","count":30,"tested":1061,"color":"rgb(44,160,44)"},{"description":"Female","count":2170,"tested":23602,"color":"rgb(255,127,14)"},{"description":"Male","count":1984,"tested":16738,"color":"rgb(31,119,180)"}]}
