{"lastUpdatedDate":{"year":2021,"month":8,"day":13},"county_demographics":[{"County":"Coles","confirmed_cases":6141,"total_tested":99801,"demographics":{"age":[{"race":[],"age_group":"<20","count":1108,"tested":16764,"deaths":0},{"race":[],"age_group":"20-29   ","count":1271,"tested":21895,"deaths":0},{"race":[],"age_group":"30-39   ","count":813,"tested":12586,"deaths":0},{"race":[],"age_group":"40-49   ","count":744,"tested":10224,"deaths":0},{"race":[],"age_group":"50-59   ","count":736,"tested":11809,"deaths":0},{"race":[],"age_group":"60-69   ","count":699,"tested":11273,"deaths":0},{"race":[],"age_group":"70-79   ","count":431,"tested":7936,"deaths":0},{"race":[],"age_group":"80+","count":339,"tested":7263,"deaths":0},{"race":[],"age_group":"Unknown","count":0,"tested":51,"deaths":0}],"race":[{"description":"AI/AN**","count":0,"tested":40,"deaths":0,"color":"rgb(31,119,180)"},{"description":"Asian","count":23,"tested":561,"deaths":0,"color":"rgb(140,86,75)"},{"description":"Black","count":217,"tested":5257,"deaths":0,"color":"rgb(255,127,14)"},{"description":"Hispanic","count":131,"tested":1776,"deaths":0,"color":"rgb(214,39,40)"},{"description":"Left Blank","count":738,"tested":16250,"deaths":0,"color":"rgb(44,160,44)"},{"description":"NH/PI*","count":0,"tested":50,"deaths":0,"color":"rgb(127,127,127)"},{"description":"Other","count":97,"tested":2076,"deaths":0,"color":"rgb(148,103,189)"},{"description":"White","count":4922,"tested":73791,"deaths":0,"color":"rgb(31,119,180)"}],"gender":[{"description":"Female","count":3287,"tested":58409,"deaths":0,"color":"rgb(255,127,14)"},{"description":"Male","count":2800,"tested":40412,"deaths":0,"color":"rgb(31,119,180)"},{"description":"Unknown/Left Blank","count":54,"tested":980,"deaths":0,"color":"rgb(44,160,44)"}]}}]}
