{"lastUpdatedDate":{"year":2021,"month":8,"day":13},"county_demographics":[{"County":"Grundy","confirmed_cases":6248,"total_tested":75402,"demographics":{"age":[{"race":[],"age_group":"<20","count":1136,"tested":12881,"deaths":0},{"race":[],"age_group":"20-29   ","count":1058,"tested":11872,"deaths":0},{"race":[],"age_group":"30-39   ","count":1027,"tested":10540,"deaths":0},{"race":[],"age_group":"40-49   ","count":1039,"tested":10754,"deaths":0},{"race":[],"age_group":"50-59   ","count":919,"tested":10642,"deaths":0},{"race":[],"age_group":"60-69   ","count":578,"tested":7687,"deaths":0},{"race":[],"age_group":"70-79   ","count":304,"tested":5181,"deaths":0},{"race":[],"age_group":"80+","count":185,"tested":5705,"deaths":0},{"race":[],"age_group":"Unknown","count":0,"tested":140,"deaths":0}],"race":[{"description":"AI/AN**","count":0,"tested":55,"deaths":0,"color":"rgb(31,119,180)"},{"description":"Asian","count":22,"tested":348,"deaths":0,"color":"rgb(140,86,75)"},{"description":"Black","count":68,"tested":1028,"deaths":0,"color":"rgb(255,127,14)"},{"description":"Hispanic","count":408,"tested":2871,"deaths":0,"color":"rgb(214,39,40)"},{"description":"Left Blank","count":1429,"tested":20622,"deaths":0,"color":"rgb(44,160,44)"},{"description":"NH/PI*","count":0,"tested":25,"deaths":0,"color":"rgb(127,127,127)"},{"description":"Other","count":468,"tested":3956,"deaths":0,"color":"rgb(148,103,189)"},{"description":"White","count":3846,"tested":46497,"deaths":0,"color":"rgb(31,119,180)"}],"gender":[{"description":"Female","count":3186,"tested":43533,"deaths":0,"color":"rgb(255,127,14)"},{"description":"Male","count":3034,"tested":30046,"deaths":0,"color":"rgb(31,119,180)"},{"description":"Unknown/Left Blank","count":23,"tested":1823,"deaths":0,"color":"rgb(44,160,44)"}]}}]}
