{"lastUpdatedDate":{"year":2021,"month":8,"day":13},"county_demographics":[{"County":"Clark","confirmed_cases":2012,"total_tested":20497,"demographics":{"age":[{"race":[],"age_group":"<20","count":395,"tested":3288,"deaths":0},{"race":[],"age_group":"20-29   ","count":275,"tested":2462,"deaths":0},{"race":[],"age_group":"30-39   ","count":286,"tested":3127,"deaths":0},{"race":[],"age_group":"40-49   ","count":269,"tested":2495,"deaths":0},{"race":[],"age_group":"50-59   ","count":273,"tested":2799,"deaths":0},{"race":[],"age_group":"60-69   ","count":223,"tested":2600,"deaths":0},{"race":[],"age_group":"70-79   ","count":135,"tested":1595,"deaths":0},{"race":[],"age_group":"80+","count":156,"tested":2106,"deaths":0},{"race":[],"age_group":"Unknown","count":0,"tested":25,"deaths":0}],"race":[{"description":"AI/AN**","count":0,"tested":0,"deaths":0,"color":"rgb(31,119,180)"},{"description":"Asian","count":0,"tested":13,"deaths":0,"color":"rgb(140,86,75)"},{"description":"Black","count":0,"tested":45,"deaths":0,"color":"rgb(255,127,14)"},{"description":"Hispanic","count":9,"tested":50,"deaths":0,"color":"rgb(214,39,40)"},{"description":"Left Blank","count":369,"tested":8220,"deaths":0,"color":"rgb(44,160,44)"},{"description":"Other","count":8,"tested":296,"deaths":0,"color":"rgb(148,103,189)"},{"description":"White","count":1614,"tested":11869,"deaths":0,"color":"rgb(31,119,180)"}],"gender":[{"description":"Female","count":984,"tested":12782,"deaths":0,"color":"rgb(255,127,14)"},{"description":"Male","count":691,"tested":6870,"deaths":0,"color":"rgb(31,119,180)"},{"description":"Unknown/Left Blank","count":337,"tested":845,"deaths":0,"color":"rgb(44,160,44)"}]}}]}
