{"lastUpdatedDate":{"year":2021,"month":8,"day":13},"county_demographics":[{"County":"Clay","confirmed_cases":1725,"total_tested":19249,"demographics":{"age":[{"race":[],"age_group":"<20","count":272,"tested":3560,"deaths":0},{"race":[],"age_group":"20-29   ","count":217,"tested":2796,"deaths":0},{"race":[],"age_group":"30-39   ","count":241,"tested":2586,"deaths":0},{"race":[],"age_group":"40-49   ","count":249,"tested":2274,"deaths":0},{"race":[],"age_group":"50-59   ","count":262,"tested":2698,"deaths":0},{"race":[],"age_group":"60-69   ","count":214,"tested":2336,"deaths":0},{"race":[],"age_group":"70-79   ","count":176,"tested":1685,"deaths":0},{"race":[],"age_group":"80+","count":94,"tested":1309,"deaths":0},{"race":[],"age_group":"Unknown","count":0,"tested":0,"deaths":0}],"race":[{"description":"AI/AN**","count":0,"tested":29,"deaths":0,"color":"rgb(31,119,180)"},{"description":"Asian","count":0,"tested":46,"deaths":0,"color":"rgb(140,86,75)"},{"description":"Black","count":9,"tested":59,"deaths":0,"color":"rgb(255,127,14)"},{"description":"Hispanic","count":13,"tested":111,"deaths":0,"color":"rgb(214,39,40)"},{"description":"Left Blank","count":54,"tested":3983,"deaths":0,"color":"rgb(44,160,44)"},{"description":"NH/PI*","count":0,"tested":0,"deaths":0,"color":"rgb(127,127,127)"},{"description":"Other","count":8,"tested":279,"deaths":0,"color":"rgb(148,103,189)"},{"description":"White","count":1629,"tested":14740,"deaths":0,"color":"rgb(31,119,180)"}],"gender":[{"description":"Female","count":922,"tested":10955,"deaths":0,"color":"rgb(255,127,14)"},{"description":"Male","count":801,"tested":7546,"deaths":0,"color":"rgb(31,119,180)"},{"description":"Unknown/Left Blank","count":0,"tested":748,"deaths":0,"color":"rgb(44,160,44)"}]}}]}
