{"lastUpdatedDate":{"year":2021,"month":8,"day":13},"county_demographics":[{"County":"Iroquois","confirmed_cases":3412,"total_tested":59601,"demographics":{"age":[{"race":[],"age_group":"<20","count":575,"tested":8585,"deaths":0},{"race":[],"age_group":"20-29   ","count":488,"tested":7460,"deaths":0},{"race":[],"age_group":"30-39   ","count":453,"tested":7458,"deaths":0},{"race":[],"age_group":"40-49   ","count":451,"tested":6073,"deaths":0},{"race":[],"age_group":"50-59   ","count":510,"tested":8089,"deaths":0},{"race":[],"age_group":"60-69   ","count":453,"tested":7551,"deaths":0},{"race":[],"age_group":"70-79   ","count":283,"tested":5563,"deaths":0},{"race":[],"age_group":"80+","count":199,"tested":8791,"deaths":0},{"race":[],"age_group":"Unknown","count":0,"tested":31,"deaths":0}],"race":[{"description":"AI/AN**","count":0,"tested":15,"deaths":0,"color":"rgb(31,119,180)"},{"description":"Asian","count":0,"tested":120,"deaths":0,"color":"rgb(140,86,75)"},{"description":"Black","count":38,"tested":773,"deaths":0,"color":"rgb(255,127,14)"},{"description":"Hispanic","count":273,"tested":1834,"deaths":0,"color":"rgb(214,39,40)"},{"description":"Left Blank","count":423,"tested":18046,"deaths":0,"color":"rgb(44,160,44)"},{"description":"NH/PI*","count":0,"tested":18,"deaths":0,"color":"rgb(127,127,127)"},{"description":"Other","count":75,"tested":910,"deaths":0,"color":"rgb(148,103,189)"},{"description":"White","count":2592,"tested":37885,"deaths":0,"color":"rgb(31,119,180)"}],"gender":[{"description":"Female","count":1840,"tested":38347,"deaths":0,"color":"rgb(255,127,14)"},{"description":"Male","count":1526,"tested":20529,"deaths":0,"color":"rgb(31,119,180)"},{"description":"Unknown/Left Blank","count":46,"tested":725,"deaths":0,"color":"rgb(44,160,44)"}]}}]}
