{"lastUpdatedDate":{"year":2021,"month":8,"day":13},"county_demographics":[{"County":"Illinois","confirmed_cases":1457687,"total_tested":27609781,"demographics":{"age":[{"race":[{"description":"AI/AN**","count":327,"tested":4604,"deaths":0,"color":"rgb(31,119,180)"},{"description":"Asian","count":5213,"tested":235595,"deaths":0,"color":"rgb(140,86,75)"},{"description":"Black","count":23599,"tested":296860,"deaths":11,"color":"rgb(255,127,14)"},{"description":"Hispanic","count":51538,"tested":429958,"deaths":0,"color":"rgb(214,39,40)"},{"description":"Left Blank","count":58149,"tested":1184554,"deaths":0,"color":"rgb(44,160,44)"},{"description":"NH/PI*","count":208,"tested":4992,"deaths":0,"color":"rgb(127,127,127)"},{"description":"Other","count":9262,"tested":155196,"deaths":0,"color":"rgb(148,103,189)"},{"description":"White","count":93985,"tested":1475420,"deaths":6,"color":"rgb(31,119,180)"}],"age_group":"<20","count":242281,"tested":3787179,"deaths":22},{"race":[{"description":"AI/AN**","count":348,"tested":6919,"deaths":0,"color":"rgb(31,119,180)"},{"description":"Asian","count":6769,"tested":495316,"deaths":0,"color":"rgb(140,86,75)"},{"description":"Black","count":29170,"tested":444661,"deaths":32,"color":"rgb(255,127,14)"},{"description":"Hispanic","count":53839,"tested":533800,"deaths":37,"color":"rgb(214,39,40)"},{"description":"Left Blank","count":68507,"tested":1900772,"deaths":0,"color":"rgb(44,160,44)"},{"description":"NH/PI*","count":261,"tested":7935,"deaths":0,"color":"rgb(127,127,127)"},{"description":"Other","count":9689,"tested":185900,"deaths":0,"color":"rgb(148,103,189)"},{"description":"White","count":100191,"tested":1887165,"deaths":14,"color":"rgb(31,119,180)"}],"age_group":"20-29   ","count":268774,"tested":5462468,"deaths":86},{"race":[{"description":"AI/AN**","count":340,"tested":4925,"deaths":0,"color":"rgb(31,119,180)"},{"description":"Asian","count":6086,"tested":164766,"deaths":10,"color":"rgb(140,86,75)"},{"description":"Black","count":27042,"tested":353739,"deaths":98,"color":"rgb(255,127,14)"},{"description":"Hispanic","count":46716,"tested":317425,"deaths":128,"color":"rgb(214,39,40)"},{"description":"Left Blank","count":61128,"tested":1840565,"deaths":0,"color":"rgb(44,160,44)"},{"description":"NH/PI*","count":253,"tested":4765,"deaths":0,"color":"rgb(127,127,127)"},{"description":"Other","count":8807,"tested":130739,"deaths":0,"color":"rgb(148,103,189)"},{"description":"White","count":86420,"tested":1256306,"deaths":50,"color":"rgb(31,119,180)"}],"age_group":"30-39   ","count":236792,"tested":4073230,"deaths":288},{"race":[{"description":"AI/AN**","count":297,"tested":4253,"deaths":0,"color":"rgb(31,119,180)"},{"description":"Asian","count":5559,"tested":109799,"deaths":25,"color":"rgb(140,86,75)"},{"description":"Black","count":23270,"tested":322048,"deaths":210,"color":"rgb(255,127,14)"},{"description":"Hispanic","count":46495,"tested":268143,"deaths":310,"color":"rgb(214,39,40)"},{"description":"Left Blank","count":55332,"tested":1602610,"deaths":6,"color":"rgb(44,160,44)"},{"description":"NH/PI*","count":233,"tested":4173,"deaths":0,"color":"rgb(127,127,127)"},{"description":"Other","count":7762,"tested":103284,"deaths":0,"color":"rgb(148,103,189)"},{"description":"White","count":82251,"tested":1059036,"deaths":164,"color":"rgb(31,119,180)"}],"age_group":"40-49   ","count":221199,"tested":3473346,"deaths":718},{"race":[{"description":"AI/AN**","count":281,"tested":4142,"deaths":0,"color":"rgb(31,119,180)"},{"description":"Asian","count":4733,"tested":90816,"deaths":57,"color":"rgb(140,86,75)"},{"description":"Black","count":21389,"tested":329022,"deaths":477,"color":"rgb(255,127,14)"},{"description":"Hispanic","count":32580,"tested":205041,"deaths":603,"color":"rgb(214,39,40)"},{"description":"Left Blank","count":52003,"tested":1571475,"deaths":14,"color":"rgb(44,160,44)"},{"description":"NH/PI*","count":217,"tested":3994,"deaths":0,"color":"rgb(127,127,127)"},{"description":"Other","count":6815,"tested":94361,"deaths":6,"color":"rgb(148,103,189)"},{"description":"White","count":91975,"tested":1247669,"deaths":601,"color":"rgb(31,119,180)"}],"age_group":"50-59   ","count":209993,"tested":3546520,"deaths":1762},{"race":[{"description":"AI/AN**","count":178,"tested":2614,"deaths":11,"color":"rgb(31,119,180)"},{"description":"Asian","count":3379,"tested":58031,"deaths":128,"color":"rgb(140,86,75)"},{"description":"Black","count":15503,"tested":264780,"deaths":1015,"color":"rgb(255,127,14)"},{"description":"Hispanic","count":16506,"tested":117409,"deaths":906,"color":"rgb(214,39,40)"},{"description":"Left Blank","count":34647,"tested":1202653,"deaths":39,"color":"rgb(44,160,44)"},{"description":"NH/PI*","count":145,"tested":2183,"deaths":6,"color":"rgb(127,127,127)"},{"description":"Other","count":4244,"tested":69694,"deaths":22,"color":"rgb(148,103,189)"},{"description":"White","count":71594,"tested":1091187,"deaths":1769,"color":"rgb(31,119,180)"}],"age_group":"60-69   ","count":146196,"tested":2808551,"deaths":3896},{"race":[{"description":"AI/AN**","count":101,"tested":1376,"deaths":6,"color":"rgb(31,119,180)"},{"description":"Asian","count":1822,"tested":27221,"deaths":233,"color":"rgb(140,86,75)"},{"description":"Black","count":8009,"tested":129905,"deaths":1129,"color":"rgb(255,127,14)"},{"description":"Hispanic","count":6644,"tested":50609,"deaths":860,"color":"rgb(214,39,40)"},{"description":"Left Blank","count":15666,"tested":647635,"deaths":52,"color":"rgb(44,160,44)"},{"description":"NH/PI*","count":57,"tested":902,"deaths":8,"color":"rgb(127,127,127)"},{"description":"Other","count":1843,"tested":38796,"deaths":32,"color":"rgb(148,103,189)"},{"description":"White","count":41688,"tested":716014,"deaths":3535,"color":"rgb(31,119,180)"}],"age_group":"70-79   ","count":75834,"tested":1612458,"deaths":5855},{"race":[{"description":"AI/AN**","count":46,"tested":592,"deaths":7,"color":"rgb(31,119,180)"},{"description":"Asian","count":1129,"tested":16849,"deaths":372,"color":"rgb(140,86,75)"},{"description":"Black","count":5047,"tested":75120,"deaths":1382,"color":"rgb(255,127,14)"},{"description":"Hispanic","count":3191,"tested":27928,"deaths":860,"color":"rgb(214,39,40)"},{"description":"Left Blank","count":11322,"tested":741499,"deaths":109,"color":"rgb(44,160,44)"},{"description":"NH/PI*","count":39,"tested":524,"deaths":9,"color":"rgb(127,127,127)"},{"description":"Other","count":919,"tested":24103,"deaths":47,"color":"rgb(148,103,189)"},{"description":"White","count":34616,"tested":688224,"deaths":8181,"color":"rgb(31,119,180)"}],"age_group":"80+","count":56314,"tested":1574839,"deaths":10967},{"race":[{"description":"AI/AN**","count":0,"tested":17,"deaths":0,"color":"rgb(31,119,180)"},{"description":"Asian","count":0,"tested":191,"deaths":0,"color":"rgb(140,86,75)"},{"description":"Black","count":0,"tested":1157,"deaths":0,"color":"rgb(255,127,14)"},{"description":"Hispanic","count":11,"tested":672,"deaths":0,"color":"rgb(214,39,40)"},{"description":"Left Blank","count":230,"tested":49888,"deaths":0,"color":"rgb(44,160,44)"},{"description":"NH/PI*","count":0,"tested":0,"deaths":0,"color":"rgb(127,127,127)"},{"description":"Other","count":0,"tested":105,"deaths":0,"color":"rgb(148,103,189)"},{"description":"White","count":48,"tested":3657,"deaths":0,"color":"rgb(31,119,180)"}],"age_group":"Unknown","count":304,"tested":55688,"deaths":0}],"race":[{"description":"AI/AN**","count":1921,"tested":29442,"deaths":27,"color":"rgb(31,119,180)"},{"description":"Asian","count":34691,"tested":1198584,"deaths":827,"color":"rgb(140,86,75)"},{"description":"Black","count":153034,"tested":2217292,"deaths":4354,"color":"rgb(255,127,14)"},{"description":"Hispanic","count":257524,"tested":1950985,"deaths":3709,"color":"rgb(214,39,40)"},{"description":"Left Blank","count":356984,"tested":10741651,"deaths":222,"color":"rgb(44,160,44)"},{"description":"NH/PI*","count":1420,"tested":29469,"deaths":26,"color":"rgb(127,127,127)"},{"description":"Other","count":49345,"tested":802178,"deaths":109,"color":"rgb(148,103,189)"},{"description":"White","count":602768,"tested":9424678,"deaths":14320,"color":"rgb(31,119,180)"}],"gender":[{"description":"Female","count":752584,"tested":14184912,"deaths":10816,"color":"rgb(255,127,14)"},{"description":"Male","count":687840,"tested":11237712,"deaths":12778,"color":"rgb(31,119,180)"},{"description":"Unknown/Left Blank","count":17263,"tested":971655,"deaths":0,"color":"rgb(44,160,44)"}]}}]}
