{"lastUpdatedDate":{"year":2021,"month":2,"day":10},"county_demographics":[{"County":"Chicago","confirmed_cases":238915,"total_tested":3133726,"demographics":{"age":[{"race":[],"age_group":"<20","count":30659,"tested":311441,"deaths":0},{"race":[],"age_group":"20-29   ","count":51240,"tested":724713,"deaths":0},{"race":[],"age_group":"30-39   ","count":46533,"tested":640155,"deaths":0},{"race":[],"age_group":"40-49   ","count":38243,"tested":432122,"deaths":0},{"race":[],"age_group":"50-59   ","count":32591,"tested":405056,"deaths":0},{"race":[],"age_group":"60-69   ","count":21762,"tested":328764,"deaths":0},{"race":[],"age_group":"70-79   ","count":10946,"tested":174733,"deaths":0},{"race":[],"age_group":"80+","count":6931,"tested":115013,"deaths":0},{"race":[],"age_group":"Unknown","count":10,"tested":1729,"deaths":0}],"race":[{"description":"AI/AN**","count":304,"tested":3119,"deaths":0,"color":"rgb(31,119,180)"},{"description":"Asian","count":5785,"tested":96041,"deaths":0,"color":"rgb(140,86,75)"},{"description":"Black","count":40139,"tested":461460,"deaths":0,"color":"rgb(255,127,14)"},{"description":"Hispanic","count":82363,"tested":428388,"deaths":0,"color":"rgb(214,39,40)"},{"description":"Left Blank","count":58209,"tested":1380095,"deaths":0,"color":"rgb(44,160,44)"},{"description":"NH/PI*","count":217,"tested":3330,"deaths":0,"color":"rgb(127,127,127)"},{"description":"Other","count":10123,"tested":116285,"deaths":0,"color":"rgb(148,103,189)"},{"description":"White","count":41775,"tested":645008,"deaths":0,"color":"rgb(31,119,180)"}],"gender":[{"description":"Female","count":121197,"tested":1670684,"deaths":0,"color":"rgb(255,127,14)"},{"description":"Male","count":113802,"tested":1369281,"deaths":0,"color":"rgb(31,119,180)"},{"description":"Unknown/Left Blank","count":3916,"tested":93761,"deaths":0,"color":"rgb(44,160,44)"}]}}]}
