{"lastUpdatedDate":{"year":2021,"month":2,"day":10},"county_demographics":[{"County":"Grundy","confirmed_cases":4867,"total_tested":41423,"demographics":{"age":[{"race":[],"age_group":"<20","count":812,"tested":6578,"deaths":0},{"race":[],"age_group":"20-29   ","count":839,"tested":6786,"deaths":0},{"race":[],"age_group":"30-39   ","count":759,"tested":5985,"deaths":0},{"race":[],"age_group":"40-49   ","count":816,"tested":5992,"deaths":0},{"race":[],"age_group":"50-59   ","count":734,"tested":6034,"deaths":0},{"race":[],"age_group":"60-69   ","count":477,"tested":4387,"deaths":0},{"race":[],"age_group":"70-79   ","count":262,"tested":2790,"deaths":0},{"race":[],"age_group":"80+","count":166,"tested":2749,"deaths":0},{"race":[],"age_group":"Unknown","count":0,"tested":122,"deaths":0}],"race":[{"description":"AI/AN**","count":0,"tested":24,"deaths":0,"color":"rgb(31,119,180)"},{"description":"Asian","count":15,"tested":152,"deaths":0,"color":"rgb(140,86,75)"},{"description":"Black","count":41,"tested":473,"deaths":0,"color":"rgb(255,127,14)"},{"description":"Hispanic","count":280,"tested":1402,"deaths":0,"color":"rgb(214,39,40)"},{"description":"Left Blank","count":1362,"tested":13137,"deaths":0,"color":"rgb(44,160,44)"},{"description":"NH/PI*","count":0,"tested":10,"deaths":0,"color":"rgb(127,127,127)"},{"description":"Other","count":357,"tested":1995,"deaths":0,"color":"rgb(148,103,189)"},{"description":"White","count":2806,"tested":24230,"deaths":0,"color":"rgb(31,119,180)"}],"gender":[{"description":"Female","count":2491,"tested":23972,"deaths":0,"color":"rgb(255,127,14)"},{"description":"Male","count":2330,"tested":16383,"deaths":0,"color":"rgb(31,119,180)"},{"description":"Unknown/Left Blank","count":45,"tested":1068,"deaths":0,"color":"rgb(44,160,44)"}]}}]}
