{"lastUpdatedDate":{"year":2021,"month":2,"day":10},"county_demographics":[{"County":"Edwards","confirmed_cases":510,"total_tested":3451,"demographics":{"age":[{"race":[],"age_group":"<20","count":73,"tested":693,"deaths":0},{"race":[],"age_group":"20-29   ","count":62,"tested":525,"deaths":0},{"race":[],"age_group":"30-39   ","count":57,"tested":446,"deaths":0},{"race":[],"age_group":"40-49   ","count":70,"tested":477,"deaths":0},{"race":[],"age_group":"50-59   ","count":78,"tested":507,"deaths":0},{"race":[],"age_group":"60-69   ","count":76,"tested":394,"deaths":0},{"race":[],"age_group":"70-79   ","count":65,"tested":258,"deaths":0},{"race":[],"age_group":"80+","count":27,"tested":150,"deaths":0},{"race":[],"age_group":"Unknown","count":0,"tested":0,"deaths":0}],"race":[{"description":"Asian","count":0,"tested":0,"deaths":0,"color":"rgb(140,86,75)"},{"description":"Black","count":0,"tested":6,"deaths":0,"color":"rgb(255,127,14)"},{"description":"Hispanic","count":0,"tested":7,"deaths":0,"color":"rgb(214,39,40)"},{"description":"Left Blank","count":46,"tested":741,"deaths":0,"color":"rgb(44,160,44)"},{"description":"Other","count":0,"tested":8,"deaths":0,"color":"rgb(148,103,189)"},{"description":"White","count":461,"tested":2685,"deaths":0,"color":"rgb(31,119,180)"}],"gender":[{"description":"Female","count":271,"tested":2237,"deaths":0,"color":"rgb(255,127,14)"},{"description":"Male","count":233,"tested":1080,"deaths":0,"color":"rgb(31,119,180)"},{"description":"Unknown/Left Blank","count":6,"tested":134,"deaths":0,"color":"rgb(44,160,44)"}]}}]}
