{"lastUpdatedDate":{"year":2021,"month":2,"day":10},"county_demographics":[{"County":"Unassigned","confirmed_cases":59,"total_tested":98217,"demographics":{"age":[{"race":[],"age_group":"<20","count":6,"tested":9818,"deaths":0},{"race":[],"age_group":"20-29   ","count":6,"tested":16692,"deaths":0},{"race":[],"age_group":"30-39   ","count":8,"tested":14860,"deaths":0},{"race":[],"age_group":"40-49   ","count":0,"tested":14110,"deaths":0},{"race":[],"age_group":"50-59   ","count":0,"tested":14271,"deaths":0},{"race":[],"age_group":"60-69   ","count":0,"tested":11936,"deaths":0},{"race":[],"age_group":"70-79   ","count":0,"tested":7663,"deaths":0},{"race":[],"age_group":"80+","count":6,"tested":8310,"deaths":0},{"race":[],"age_group":"Unknown","count":0,"tested":557,"deaths":0}],"race":[{"description":"AI/AN**","count":0,"tested":91,"deaths":0,"color":"rgb(31,119,180)"},{"description":"Asian","count":0,"tested":1443,"deaths":0,"color":"rgb(140,86,75)"},{"description":"Black","count":0,"tested":5540,"deaths":0,"color":"rgb(255,127,14)"},{"description":"Hispanic","count":0,"tested":3997,"deaths":0,"color":"rgb(214,39,40)"},{"description":"Left Blank","count":34,"tested":59802,"deaths":0,"color":"rgb(44,160,44)"},{"description":"NH/PI*","count":0,"tested":23,"deaths":0,"color":"rgb(127,127,127)"},{"description":"Other","count":0,"tested":1308,"deaths":0,"color":"rgb(148,103,189)"},{"description":"White","count":21,"tested":26013,"deaths":0,"color":"rgb(31,119,180)"}],"gender":[{"description":"Female","count":21,"tested":53649,"deaths":0,"color":"rgb(255,127,14)"},{"description":"Male","count":32,"tested":38262,"deaths":0,"color":"rgb(31,119,180)"},{"description":"Unknown/Left Blank","count":0,"tested":6306,"deaths":0,"color":"rgb(44,160,44)"}]}}]}
