{"lastUpdatedDate":{"year":2021,"month":2,"day":10},"county_demographics":[{"County":"White","confirmed_cases":1559,"total_tested":19425,"demographics":{"age":[{"race":[],"age_group":"<20","count":220,"tested":2057,"deaths":0},{"race":[],"age_group":"20-29   ","count":189,"tested":2536,"deaths":0},{"race":[],"age_group":"30-39   ","count":190,"tested":2489,"deaths":0},{"race":[],"age_group":"40-49   ","count":202,"tested":2352,"deaths":0},{"race":[],"age_group":"50-59   ","count":223,"tested":2251,"deaths":0},{"race":[],"age_group":"60-69   ","count":232,"tested":2318,"deaths":0},{"race":[],"age_group":"70-79   ","count":148,"tested":1662,"deaths":0},{"race":[],"age_group":"80+","count":155,"tested":3753,"deaths":0},{"race":[],"age_group":"Unknown","count":0,"tested":7,"deaths":0}],"race":[{"description":"Asian","count":0,"tested":21,"deaths":0,"color":"rgb(140,86,75)"},{"description":"Black","count":0,"tested":43,"deaths":0,"color":"rgb(255,127,14)"},{"description":"Hispanic","count":0,"tested":20,"deaths":0,"color":"rgb(214,39,40)"},{"description":"Left Blank","count":573,"tested":13597,"deaths":0,"color":"rgb(44,160,44)"},{"description":"NH/PI*","count":0,"tested":0,"deaths":0,"color":"rgb(127,127,127)"},{"description":"Other","count":6,"tested":57,"deaths":0,"color":"rgb(148,103,189)"},{"description":"White","count":973,"tested":5684,"deaths":0,"color":"rgb(31,119,180)"}],"gender":[{"description":"Female","count":772,"tested":13938,"deaths":0,"color":"rgb(255,127,14)"},{"description":"Male","count":556,"tested":4325,"deaths":0,"color":"rgb(31,119,180)"},{"description":"Unknown/Left Blank","count":231,"tested":1162,"deaths":0,"color":"rgb(44,160,44)"}]}}]}
