{"lastUpdatedDate":{"year":2021,"month":2,"day":10},"county_demographics":[{"County":"St. Clair","confirmed_cases":24518,"total_tested":277724,"demographics":{"age":[{"race":[],"age_group":"<20","count":3823,"tested":30401,"deaths":0},{"race":[],"age_group":"20-29   ","count":3797,"tested":40740,"deaths":0},{"race":[],"age_group":"30-39   ","count":3866,"tested":45038,"deaths":0},{"race":[],"age_group":"40-49   ","count":3724,"tested":40941,"deaths":0},{"race":[],"age_group":"50-59   ","count":3700,"tested":41840,"deaths":0},{"race":[],"age_group":"60-69   ","count":2935,"tested":35677,"deaths":0},{"race":[],"age_group":"70-79   ","count":1436,"tested":20358,"deaths":0},{"race":[],"age_group":"80+","count":1221,"tested":20032,"deaths":0},{"race":[],"age_group":"Unknown","count":16,"tested":2697,"deaths":0}],"race":[{"description":"AI/AN**","count":31,"tested":153,"deaths":0,"color":"rgb(31,119,180)"},{"description":"Asian","count":115,"tested":713,"deaths":0,"color":"rgb(140,86,75)"},{"description":"Black","count":5504,"tested":34444,"deaths":0,"color":"rgb(255,127,14)"},{"description":"Hispanic","count":730,"tested":2732,"deaths":0,"color":"rgb(214,39,40)"},{"description":"Left Blank","count":10043,"tested":167378,"deaths":0,"color":"rgb(44,160,44)"},{"description":"NH/PI*","count":26,"tested":222,"deaths":0,"color":"rgb(127,127,127)"},{"description":"Other","count":436,"tested":5634,"deaths":0,"color":"rgb(148,103,189)"},{"description":"White","count":7629,"tested":66448,"deaths":0,"color":"rgb(31,119,180)"}],"gender":[{"description":"Female","count":13062,"tested":152438,"deaths":0,"color":"rgb(255,127,14)"},{"description":"Male","count":10381,"tested":99657,"deaths":0,"color":"rgb(31,119,180)"},{"description":"Unknown/Left Blank","count":1075,"tested":25629,"deaths":0,"color":"rgb(44,160,44)"}]}}]}
