{"lastUpdatedDate":{"year":2021,"month":2,"day":10},"county_demographics":[{"County":"Tazewell","confirmed_cases":13048,"total_tested":168655,"demographics":{"age":[{"race":[],"age_group":"<20","count":2169,"tested":25824,"deaths":0},{"race":[],"age_group":"20-29   ","count":1843,"tested":24390,"deaths":0},{"race":[],"age_group":"30-39   ","count":1870,"tested":24636,"deaths":0},{"race":[],"age_group":"40-49   ","count":1917,"tested":23563,"deaths":0},{"race":[],"age_group":"50-59   ","count":1904,"tested":23156,"deaths":0},{"race":[],"age_group":"60-69   ","count":1558,"tested":19062,"deaths":0},{"race":[],"age_group":"70-79   ","count":973,"tested":12562,"deaths":0},{"race":[],"age_group":"80+","count":814,"tested":15445,"deaths":0},{"race":[],"age_group":"Unknown","count":0,"tested":17,"deaths":0}],"race":[{"description":"AI/AN**","count":9,"tested":60,"deaths":0,"color":"rgb(31,119,180)"},{"description":"Asian","count":73,"tested":397,"deaths":0,"color":"rgb(140,86,75)"},{"description":"Black","count":121,"tested":1176,"deaths":0,"color":"rgb(255,127,14)"},{"description":"Hispanic","count":161,"tested":681,"deaths":0,"color":"rgb(214,39,40)"},{"description":"Left Blank","count":3598,"tested":95658,"deaths":0,"color":"rgb(44,160,44)"},{"description":"NH/PI*","count":0,"tested":20,"deaths":0,"color":"rgb(127,127,127)"},{"description":"Other","count":204,"tested":2370,"deaths":0,"color":"rgb(148,103,189)"},{"description":"White","count":8878,"tested":68293,"deaths":0,"color":"rgb(31,119,180)"}],"gender":[{"description":"Female","count":6993,"tested":100367,"deaths":0,"color":"rgb(255,127,14)"},{"description":"Male","count":5830,"tested":61956,"deaths":0,"color":"rgb(31,119,180)"},{"description":"Unknown/Left Blank","count":221,"tested":6332,"deaths":0,"color":"rgb(44,160,44)"}]}}]}
