{"lastUpdatedDate":{"year":2021,"month":6,"day":4},"county_demographics":[{"County":"DeKalb","confirmed_cases":10071,"total_tested":151453,"demographics":{"age":[{"race":[],"age_group":"<20","count":1792,"tested":28504,"deaths":0},{"race":[],"age_group":"20-29   ","count":2434,"tested":39719,"deaths":0},{"race":[],"age_group":"30-39   ","count":1518,"tested":19114,"deaths":0},{"race":[],"age_group":"40-49   ","count":1378,"tested":15140,"deaths":0},{"race":[],"age_group":"50-59   ","count":1261,"tested":16117,"deaths":0},{"race":[],"age_group":"60-69   ","count":831,"tested":12751,"deaths":0},{"race":[],"age_group":"70-79   ","count":445,"tested":8691,"deaths":0},{"race":[],"age_group":"80+","count":411,"tested":11352,"deaths":0},{"race":[],"age_group":"Unknown","count":0,"tested":65,"deaths":0}],"race":[{"description":"AI/AN**","count":6,"tested":101,"deaths":0,"color":"rgb(31,119,180)"},{"description":"Asian","count":111,"tested":2256,"deaths":0,"color":"rgb(140,86,75)"},{"description":"Black","count":756,"tested":11248,"deaths":0,"color":"rgb(255,127,14)"},{"description":"Hispanic","count":1467,"tested":9592,"deaths":0,"color":"rgb(214,39,40)"},{"description":"Left Blank","count":2340,"tested":63689,"deaths":0,"color":"rgb(44,160,44)"},{"description":"NH/PI*","count":0,"tested":84,"deaths":0,"color":"rgb(127,127,127)"},{"description":"Other","count":117,"tested":1769,"deaths":0,"color":"rgb(148,103,189)"},{"description":"White","count":5266,"tested":62714,"deaths":0,"color":"rgb(31,119,180)"}],"gender":[{"description":"Female","count":5322,"tested":91848,"deaths":0,"color":"rgb(255,127,14)"},{"description":"Male","count":4718,"tested":57706,"deaths":0,"color":"rgb(31,119,180)"},{"description":"Unknown/Left Blank","count":31,"tested":1899,"deaths":0,"color":"rgb(44,160,44)"}]}}]}
