{"lastUpdatedDate":{"year":2021,"month":6,"day":4},"county_demographics":[{"County":"Illinois","confirmed_cases":1384365,"total_tested":24796789,"demographics":{"age":[{"race":[{"description":"AI/AN**","count":302,"tested":3591,"deaths":0,"color":"rgb(31,119,180)"},{"description":"Asian","count":4900,"tested":214954,"deaths":0,"color":"rgb(140,86,75)"},{"description":"Black","count":20995,"tested":255434,"deaths":10,"color":"rgb(255,127,14)"},{"description":"Hispanic","count":49474,"tested":382172,"deaths":0,"color":"rgb(214,39,40)"},{"description":"Left Blank","count":55612,"tested":1047957,"deaths":0,"color":"rgb(44,160,44)"},{"description":"NH/PI*","count":186,"tested":4543,"deaths":0,"color":"rgb(127,127,127)"},{"description":"Other","count":8703,"tested":136069,"deaths":0,"color":"rgb(148,103,189)"},{"description":"White","count":85355,"tested":1318272,"deaths":0,"color":"rgb(31,119,180)"}],"age_group":"<20","count":225527,"tested":3362992,"deaths":19},{"race":[{"description":"AI/AN**","count":331,"tested":5604,"deaths":0,"color":"rgb(31,119,180)"},{"description":"Asian","count":6463,"tested":463121,"deaths":0,"color":"rgb(140,86,75)"},{"description":"Black","count":26569,"tested":393482,"deaths":32,"color":"rgb(255,127,14)"},{"description":"Hispanic","count":52050,"tested":486261,"deaths":33,"color":"rgb(214,39,40)"},{"description":"Left Blank","count":66551,"tested":1724522,"deaths":0,"color":"rgb(44,160,44)"},{"description":"NH/PI*","count":243,"tested":7532,"deaths":0,"color":"rgb(127,127,127)"},{"description":"Other","count":9293,"tested":171537,"deaths":0,"color":"rgb(148,103,189)"},{"description":"White","count":93360,"tested":1732995,"deaths":13,"color":"rgb(31,119,180)"}],"age_group":"20-29   ","count":254860,"tested":4985054,"deaths":80},{"race":[{"description":"AI/AN**","count":320,"tested":3817,"deaths":0,"color":"rgb(31,119,180)"},{"description":"Asian","count":5821,"tested":141014,"deaths":10,"color":"rgb(140,86,75)"},{"description":"Black","count":24728,"tested":304629,"deaths":90,"color":"rgb(255,127,14)"},{"description":"Hispanic","count":45249,"tested":281674,"deaths":122,"color":"rgb(214,39,40)"},{"description":"Left Blank","count":59263,"tested":1650517,"deaths":0,"color":"rgb(44,160,44)"},{"description":"NH/PI*","count":239,"tested":4312,"deaths":0,"color":"rgb(127,127,127)"},{"description":"Other","count":8463,"tested":117107,"deaths":0,"color":"rgb(148,103,189)"},{"description":"White","count":79706,"tested":1108324,"deaths":46,"color":"rgb(31,119,180)"}],"age_group":"30-39   ","count":223789,"tested":3611394,"deaths":269},{"race":[{"description":"AI/AN**","count":278,"tested":3433,"deaths":0,"color":"rgb(31,119,180)"},{"description":"Asian","count":5316,"tested":93528,"deaths":24,"color":"rgb(140,86,75)"},{"description":"Black","count":21770,"tested":280808,"deaths":191,"color":"rgb(255,127,14)"},{"description":"Hispanic","count":45396,"tested":240482,"deaths":293,"color":"rgb(214,39,40)"},{"description":"Left Blank","count":54021,"tested":1444569,"deaths":6,"color":"rgb(44,160,44)"},{"description":"NH/PI*","count":222,"tested":3658,"deaths":0,"color":"rgb(127,127,127)"},{"description":"Other","count":7511,"tested":92876,"deaths":0,"color":"rgb(148,103,189)"},{"description":"White","count":76459,"tested":936064,"deaths":145,"color":"rgb(31,119,180)"}],"age_group":"40-49   ","count":210973,"tested":3095418,"deaths":662},{"race":[{"description":"AI/AN**","count":268,"tested":3403,"deaths":0,"color":"rgb(31,119,180)"},{"description":"Asian","count":4572,"tested":77924,"deaths":56,"color":"rgb(140,86,75)"},{"description":"Black","count":20285,"tested":289031,"deaths":444,"color":"rgb(255,127,14)"},{"description":"Hispanic","count":31956,"tested":184223,"deaths":575,"color":"rgb(214,39,40)"},{"description":"Left Blank","count":51219,"tested":1422337,"deaths":12,"color":"rgb(44,160,44)"},{"description":"NH/PI*","count":210,"tested":3564,"deaths":0,"color":"rgb(127,127,127)"},{"description":"Other","count":6653,"tested":85011,"deaths":6,"color":"rgb(148,103,189)"},{"description":"White","count":86423,"tested":1109680,"deaths":555,"color":"rgb(31,119,180)"}],"age_group":"50-59   ","count":201586,"tested":3175173,"deaths":1652},{"race":[{"description":"AI/AN**","count":173,"tested":2140,"deaths":11,"color":"rgb(31,119,180)"},{"description":"Asian","count":3257,"tested":49334,"deaths":127,"color":"rgb(140,86,75)"},{"description":"Black","count":14827,"tested":233096,"deaths":974,"color":"rgb(255,127,14)"},{"description":"Hispanic","count":16207,"tested":104179,"deaths":882,"color":"rgb(214,39,40)"},{"description":"Left Blank","count":34187,"tested":1090982,"deaths":40,"color":"rgb(44,160,44)"},{"description":"NH/PI*","count":143,"tested":1989,"deaths":0,"color":"rgb(127,127,127)"},{"description":"Other","count":4154,"tested":62499,"deaths":21,"color":"rgb(148,103,189)"},{"description":"White","count":67156,"tested":967336,"deaths":1677,"color":"rgb(31,119,180)"}],"age_group":"60-69   ","count":140104,"tested":2511555,"deaths":3736},{"race":[{"description":"AI/AN**","count":93,"tested":1112,"deaths":6,"color":"rgb(31,119,180)"},{"description":"Asian","count":1761,"tested":23173,"deaths":230,"color":"rgb(140,86,75)"},{"description":"Black","count":7710,"tested":114722,"deaths":1085,"color":"rgb(255,127,14)"},{"description":"Hispanic","count":6465,"tested":43924,"deaths":842,"color":"rgb(214,39,40)"},{"description":"Left Blank","count":15491,"tested":590710,"deaths":51,"color":"rgb(44,160,44)"},{"description":"NH/PI*","count":53,"tested":779,"deaths":8,"color":"rgb(127,127,127)"},{"description":"Other","count":1788,"tested":34930,"deaths":31,"color":"rgb(148,103,189)"},{"description":"White","count":39225,"tested":629001,"deaths":3445,"color":"rgb(31,119,180)"}],"age_group":"70-79   ","count":72590,"tested":1438351,"deaths":5698},{"race":[{"description":"AI/AN**","count":44,"tested":505,"deaths":7,"color":"rgb(31,119,180)"},{"description":"Asian","count":1095,"tested":15071,"deaths":370,"color":"rgb(140,86,75)"},{"description":"Black","count":4901,"tested":66416,"deaths":1357,"color":"rgb(255,127,14)"},{"description":"Hispanic","count":3123,"tested":24461,"deaths":842,"color":"rgb(214,39,40)"},{"description":"Left Blank","count":11358,"tested":687973,"deaths":108,"color":"rgb(44,160,44)"},{"description":"NH/PI*","count":37,"tested":442,"deaths":9,"color":"rgb(127,127,127)"},{"description":"Other","count":880,"tested":21675,"deaths":46,"color":"rgb(148,103,189)"},{"description":"White","count":33019,"tested":609890,"deaths":8025,"color":"rgb(31,119,180)"}],"age_group":"80+","count":54461,"tested":1426433,"deaths":10764},{"race":[{"description":"AI/AN**","count":0,"tested":9,"deaths":0,"color":"rgb(31,119,180)"},{"description":"Asian","count":0,"tested":176,"deaths":0,"color":"rgb(140,86,75)"},{"description":"Black","count":0,"tested":989,"deaths":0,"color":"rgb(255,127,14)"},{"description":"Hispanic","count":20,"tested":626,"deaths":0,"color":"rgb(214,39,40)"},{"description":"Left Blank","count":350,"tested":49137,"deaths":0,"color":"rgb(44,160,44)"},{"description":"NH/PI*","count":0,"tested":0,"deaths":0,"color":"rgb(127,127,127)"},{"description":"Other","count":0,"tested":95,"deaths":0,"color":"rgb(148,103,189)"},{"description":"White","count":91,"tested":3102,"deaths":0,"color":"rgb(31,119,180)"}],"age_group":"Unknown","count":475,"tested":54135,"deaths":0}],"race":[{"description":"AI/AN**","count":1813,"tested":23614,"deaths":27,"color":"rgb(31,119,180)"},{"description":"Asian","count":33187,"tested":1078295,"deaths":819,"color":"rgb(140,86,75)"},{"description":"Black","count":141793,"tested":1938607,"deaths":4183,"color":"rgb(255,127,14)"},{"description":"Hispanic","count":249940,"tested":1748002,"deaths":3593,"color":"rgb(214,39,40)"},{"description":"Left Blank","count":348052,"tested":9708704,"deaths":218,"color":"rgb(44,160,44)"},{"description":"NH/PI*","count":1339,"tested":26820,"deaths":24,"color":"rgb(127,127,127)"},{"description":"Other","count":47447,"tested":721799,"deaths":105,"color":"rgb(148,103,189)"},{"description":"White","count":560794,"tested":8414664,"deaths":13911,"color":"rgb(31,119,180)"}],"gender":[{"description":"Female","count":710670,"tested":12724597,"deaths":10485,"color":"rgb(255,127,14)"},{"description":"Male","count":649845,"tested":9999021,"deaths":12395,"color":"rgb(31,119,180)"},{"description":"Unknown/Left Blank","count":23850,"tested":936887,"deaths":0,"color":"rgb(44,160,44)"}]}}]}
