{"lastUpdatedDate":{"year":2021,"month":6,"day":4},"county_demographics":[{"County":"Cook","confirmed_cases":269953,"total_tested":4188791,"demographics":{"age":[{"race":[],"age_group":"<20","count":42957,"tested":520896,"deaths":0},{"race":[],"age_group":"20-29   ","count":47556,"tested":711264,"deaths":0},{"race":[],"age_group":"30-39   ","count":42714,"tested":589335,"deaths":0},{"race":[],"age_group":"40-49   ","count":42342,"tested":564283,"deaths":0},{"race":[],"age_group":"50-59   ","count":40769,"tested":629199,"deaths":0},{"race":[],"age_group":"60-69   ","count":28549,"tested":537864,"deaths":0},{"race":[],"age_group":"70-79   ","count":14156,"tested":313722,"deaths":0},{"race":[],"age_group":"80+","count":10856,"tested":318215,"deaths":0},{"race":[],"age_group":"Unknown","count":54,"tested":4013,"deaths":0}],"race":[{"description":"AI/AN**","count":478,"tested":4836,"deaths":0,"color":"rgb(31,119,180)"},{"description":"Asian","count":9892,"tested":190040,"deaths":0,"color":"rgb(140,86,75)"},{"description":"Black","count":30716,"tested":429666,"deaths":0,"color":"rgb(255,127,14)"},{"description":"Hispanic","count":54350,"tested":361299,"deaths":0,"color":"rgb(214,39,40)"},{"description":"Left Blank","count":78981,"tested":1906755,"deaths":0,"color":"rgb(44,160,44)"},{"description":"NH/PI*","count":380,"tested":5975,"deaths":0,"color":"rgb(127,127,127)"},{"description":"Other","count":14251,"tested":149734,"deaths":0,"color":"rgb(148,103,189)"},{"description":"White","count":80905,"tested":1140486,"deaths":0,"color":"rgb(31,119,180)"}],"gender":[{"description":"Female","count":139915,"tested":2368070,"deaths":0,"color":"rgb(255,127,14)"},{"description":"Male","count":127423,"tested":1730694,"deaths":0,"color":"rgb(31,119,180)"},{"description":"Unknown/Left Blank","count":2615,"tested":90027,"deaths":0,"color":"rgb(44,160,44)"}]}}]}
