{"lastUpdatedDate":{"year":2021,"month":6,"day":4},"county_demographics":[{"County":"Tazewell","confirmed_cases":17173,"total_tested":246195,"demographics":{"age":[{"race":[],"age_group":"<20","count":3159,"tested":40688,"deaths":0},{"race":[],"age_group":"20-29   ","count":2508,"tested":37260,"deaths":0},{"race":[],"age_group":"30-39   ","count":2531,"tested":35764,"deaths":0},{"race":[],"age_group":"40-49   ","count":2548,"tested":34355,"deaths":0},{"race":[],"age_group":"50-59   ","count":2459,"tested":33110,"deaths":0},{"race":[],"age_group":"60-69   ","count":1905,"tested":26240,"deaths":0},{"race":[],"age_group":"70-79   ","count":1141,"tested":17244,"deaths":0},{"race":[],"age_group":"80+","count":922,"tested":21509,"deaths":0},{"race":[],"age_group":"Unknown","count":0,"tested":25,"deaths":0}],"race":[{"description":"AI/AN**","count":23,"tested":134,"deaths":0,"color":"rgb(31,119,180)"},{"description":"Asian","count":116,"tested":702,"deaths":0,"color":"rgb(140,86,75)"},{"description":"Black","count":242,"tested":2532,"deaths":0,"color":"rgb(255,127,14)"},{"description":"Hispanic","count":291,"tested":1491,"deaths":0,"color":"rgb(214,39,40)"},{"description":"Left Blank","count":2293,"tested":114693,"deaths":0,"color":"rgb(44,160,44)"},{"description":"NH/PI*","count":0,"tested":75,"deaths":0,"color":"rgb(127,127,127)"},{"description":"Other","count":313,"tested":6752,"deaths":0,"color":"rgb(148,103,189)"},{"description":"White","count":13885,"tested":119816,"deaths":0,"color":"rgb(31,119,180)"}],"gender":[{"description":"Female","count":9118,"tested":145687,"deaths":0,"color":"rgb(255,127,14)"},{"description":"Male","count":7867,"tested":93469,"deaths":0,"color":"rgb(31,119,180)"},{"description":"Unknown/Left Blank","count":188,"tested":7039,"deaths":0,"color":"rgb(44,160,44)"}]}}]}
