{"lastUpdatedDate":{"year":2021,"month":6,"day":4},"county_demographics":[{"County":"Jersey","confirmed_cases":2709,"total_tested":33610,"demographics":{"age":[{"race":[],"age_group":"<20","count":418,"tested":3883,"deaths":0},{"race":[],"age_group":"20-29   ","count":352,"tested":5310,"deaths":0},{"race":[],"age_group":"30-39   ","count":342,"tested":4407,"deaths":0},{"race":[],"age_group":"40-49   ","count":353,"tested":4864,"deaths":0},{"race":[],"age_group":"50-59   ","count":402,"tested":5009,"deaths":0},{"race":[],"age_group":"60-69   ","count":371,"tested":3916,"deaths":0},{"race":[],"age_group":"70-79   ","count":240,"tested":2434,"deaths":0},{"race":[],"age_group":"80+","count":205,"tested":3775,"deaths":0},{"race":[],"age_group":"Unknown","count":26,"tested":12,"deaths":0}],"race":[{"description":"AI/AN**","count":0,"tested":9,"deaths":0,"color":"rgb(31,119,180)"},{"description":"Asian","count":0,"tested":22,"deaths":0,"color":"rgb(140,86,75)"},{"description":"Black","count":13,"tested":466,"deaths":0,"color":"rgb(255,127,14)"},{"description":"Hispanic","count":0,"tested":110,"deaths":0,"color":"rgb(214,39,40)"},{"description":"Left Blank","count":486,"tested":9973,"deaths":0,"color":"rgb(44,160,44)"},{"description":"NH/PI*","count":0,"tested":0,"deaths":0,"color":"rgb(127,127,127)"},{"description":"Other","count":29,"tested":604,"deaths":0,"color":"rgb(148,103,189)"},{"description":"White","count":2163,"tested":22422,"deaths":0,"color":"rgb(31,119,180)"}],"gender":[{"description":"Female","count":1499,"tested":21934,"deaths":0,"color":"rgb(255,127,14)"},{"description":"Male","count":1195,"tested":11519,"deaths":0,"color":"rgb(31,119,180)"},{"description":"Unknown/Left Blank","count":12,"tested":157,"deaths":0,"color":"rgb(44,160,44)"}]}}]}
