{"age":[{"age_group":"<20","count":509,"tested":3978},{"age_group":"20-29   ","count":611,"tested":6446},{"age_group":"30-39   ","count":593,"tested":5753},{"age_group":"40-49   ","count":610,"tested":6350},{"age_group":"50-59   ","count":536,"tested":6692},{"age_group":"60-69   ","count":358,"tested":5374},{"age_group":"70-79   ","count":178,"tested":3104},{"age_group":"80+","count":100,"tested":2039}],"race":[{"description":"Hispanic","count":539,"tested":2787,"color":"rgb(214,39,40)"},{"description":"Asian","count":8,"tested":35,"color":"rgb(140,86,75)"},{"description":"White","count":156,"tested":1753,"color":"rgb(31,119,180)"},{"description":"Black","count":1537,"tested":17058,"color":"rgb(255,127,14)"},{"description":"Left Blank","count":1174,"tested":17382,"color":"rgb(44,160,44)"},{"description":"Other","count":80,"tested":703,"color":"rgb(148,103,189)"}],"gender":[{"description":"Male","count":1455,"tested":14593,"color":"rgb(31,119,180)"},{"description":"Unknown/Left Blank","count":35,"tested":1073,"color":"rgb(44,160,44)"},{"description":"Female","count":2007,"tested":24093,"color":"rgb(255,127,14)"}]}
