{"age":[{"age_group":"<20","count":369,"tested":5007},{"age_group":"20-29   ","count":406,"tested":5170},{"age_group":"30-39   ","count":370,"tested":5128},{"age_group":"40-49   ","count":347,"tested":4381},{"age_group":"50-59   ","count":370,"tested":5717},{"age_group":"60-69   ","count":257,"tested":4586},{"age_group":"70-79   ","count":125,"tested":3239},{"age_group":"80+","count":154,"tested":6319}],"race":[{"description":"Hispanic","count":284,"tested":1974,"color":"rgb(214,39,40)"},{"description":"Left Blank","count":512,"tested":15823,"color":"rgb(44,160,44)"},{"description":"Other","count":90,"tested":840,"color":"rgb(148,103,189)"},{"description":"White","count":1343,"tested":18306,"color":"rgb(31,119,180)"},{"description":"Asian","count":118,"tested":1967,"color":"rgb(140,86,75)"},{"description":"Black","count":50,"tested":601,"color":"rgb(255,127,14)"}],"gender":[{"description":"Unknown/Left Blank","count":17,"tested":1569,"color":"rgb(44,160,44)"},{"description":"Male","count":1146,"tested":16182,"color":"rgb(31,119,180)"},{"description":"Female","count":1235,"tested":21804,"color":"rgb(255,127,14)"}]}
