{"age":[{"age_group":"<20","count":359,"tested":3209},{"age_group":"20-29   ","count":470,"tested":5275},{"age_group":"30-39   ","count":384,"tested":4975},{"age_group":"40-49   ","count":459,"tested":4460},{"age_group":"50-59   ","count":459,"tested":5357},{"age_group":"60-69   ","count":386,"tested":4919},{"age_group":"70-79   ","count":203,"tested":2904},{"age_group":"80+","count":186,"tested":3746}],"race":[{"description":"White","count":1380,"tested":11574,"color":"rgb(31,119,180)"},{"description":"Left Blank","count":887,"tested":18270,"color":"rgb(44,160,44)"},{"description":"Other","count":112,"tested":849,"color":"rgb(148,103,189)"},{"description":"Black","count":34,"tested":484,"color":"rgb(255,127,14)"},{"description":"Asian","count":157,"tested":1748,"color":"rgb(140,86,75)"},{"description":"Hispanic","count":325,"tested":1863,"color":"rgb(214,39,40)"},{"description":"NH/PI*","count":6,"tested":48,"color":"rgb(127,127,127)"}],"gender":[{"description":"Female","count":1478,"tested":19859,"color":"rgb(255,127,14)"},{"description":"Male","count":1412,"tested":14437,"color":"rgb(31,119,180)"},{"description":"Unknown/Left Blank","count":16,"tested":571,"color":"rgb(44,160,44)"}]}
