{"age":[{"age_group":"<20","count":219,"tested":2642},{"age_group":"20-29   ","count":161,"tested":3634},{"age_group":"30-39   ","count":130,"tested":3060},{"age_group":"40-49   ","count":186,"tested":3373},{"age_group":"50-59   ","count":164,"tested":3897},{"age_group":"60-69   ","count":110,"tested":3647},{"age_group":"70-79   ","count":45,"tested":2565},{"age_group":"80+","count":79,"tested":4351}],"race":[{"description":"White","count":548,"tested":8813,"color":"rgb(31,119,180)"},{"description":"Asian","count":6,"tested":213,"color":"rgb(140,86,75)"},{"description":"Hispanic","count":93,"tested":1077,"color":"rgb(214,39,40)"},{"description":"Black","count":28,"tested":950,"color":"rgb(255,127,14)"},{"description":"Other","count":48,"tested":557,"color":"rgb(148,103,189)"},{"description":"Left Blank","count":371,"tested":15499,"color":"rgb(44,160,44)"}],"gender":[{"description":"Unknown/Left Blank","count":12,"tested":630,"color":"rgb(44,160,44)"},{"description":"Male","count":528,"tested":10233,"color":"rgb(31,119,180)"},{"description":"Female","count":554,"tested":16313,"color":"rgb(255,127,14)"}]}
