{"age":[{"age_group":"<20","count":323,"tested":4786},{"age_group":"20-29   ","count":756,"tested":15678},{"age_group":"30-39   ","count":759,"tested":14792},{"age_group":"40-49   ","count":517,"tested":9756},{"age_group":"50-59   ","count":481,"tested":10206},{"age_group":"60-69   ","count":389,"tested":10199},{"age_group":"70-79   ","count":194,"tested":5684},{"age_group":"80+","count":157,"tested":3597}],"race":[{"description":"Black","count":856,"tested":12406,"color":"rgb(255,127,14)"},{"description":"Hispanic","count":414,"tested":3629,"color":"rgb(214,39,40)"},{"description":"Other","count":167,"tested":2553,"color":"rgb(148,103,189)"},{"description":"Left Blank","count":1055,"tested":38217,"color":"rgb(44,160,44)"},{"description":"White","count":595,"tested":10439,"color":"rgb(31,119,180)"},{"description":"Asian","count":481,"tested":7334,"color":"rgb(140,86,75)"}],"gender":[{"description":"Female","count":1779,"tested":37784,"color":"rgb(255,127,14)"},{"description":"Unknown/Left Blank","count":63,"tested":2231,"color":"rgb(44,160,44)"},{"description":"Male","count":1734,"tested":34701,"color":"rgb(31,119,180)"}]}
