{"age":[{"age_group":"<20","count":10,"tested":142},{"age_group":"30-39   ","count":13,"tested":92},{"age_group":"40-49   ","count":9,"tested":51},{"age_group":"50-59   ","count":11,"tested":92},{"age_group":"60-69   ","count":6,"tested":51},{"age_group":"70-79   ","count":6,"tested":39}],"race":[{"description":"White","count":52,"tested":309,"color":"rgb(31,119,180)"},{"description":"Left Blank","count":7,"tested":197,"color":"rgb(44,160,44)"}],"gender":[{"description":"Female","count":29,"tested":333,"color":"rgb(255,127,14)"},{"description":"Male","count":32,"tested":188,"color":"rgb(31,119,180)"}]}
