{"age":[{"age_group":"<20","count":323,"tested":7495},{"age_group":"20-29   ","count":257,"tested":6434},{"age_group":"30-39   ","count":226,"tested":6453},{"age_group":"40-49   ","count":262,"tested":6628},{"age_group":"50-59   ","count":261,"tested":8035},{"age_group":"60-69   ","count":183,"tested":7336},{"age_group":"70-79   ","count":137,"tested":5435},{"age_group":"80+","count":132,"tested":4799}],"race":[{"description":"Asian","count":29,"tested":821,"color":"rgb(140,86,75)"},{"description":"Left Blank","count":427,"tested":22773,"color":"rgb(44,160,44)"},{"description":"White","count":870,"tested":22883,"color":"rgb(31,119,180)"},{"description":"Other","count":197,"tested":3744,"color":"rgb(148,103,189)"},{"description":"Hispanic","count":209,"tested":1864,"color":"rgb(214,39,40)"},{"description":"Black","count":44,"tested":493,"color":"rgb(255,127,14)"}],"gender":[{"description":"Female","count":872,"tested":29214,"color":"rgb(255,127,14)"},{"description":"Male","count":887,"tested":22977,"color":"rgb(31,119,180)"},{"description":"Unknown/Left Blank","count":22,"tested":435,"color":"rgb(44,160,44)"}]}
