{"age":[{"age_group":"<20","count":232,"tested":2260},{"age_group":"20-29   ","count":336,"tested":4026},{"age_group":"30-39   ","count":334,"tested":4299},{"age_group":"40-49   ","count":279,"tested":3625},{"age_group":"50-59   ","count":277,"tested":4086},{"age_group":"60-69   ","count":221,"tested":3215},{"age_group":"70-79   ","count":85,"tested":1337},{"age_group":"80+","count":41,"tested":524}],"race":[{"description":"White","count":35,"tested":357,"color":"rgb(31,119,180)"},{"description":"Left Blank","count":551,"tested":9556,"color":"rgb(44,160,44)"},{"description":"Other","count":28,"tested":340,"color":"rgb(148,103,189)"},{"description":"Black","count":1103,"tested":12726,"color":"rgb(255,127,14)"},{"description":"Hispanic","count":82,"tested":336,"color":"rgb(214,39,40)"}],"gender":[{"description":"Female","count":1079,"tested":14538,"color":"rgb(255,127,14)"},{"description":"Unknown/Left Blank","count":23,"tested":471,"color":"rgb(44,160,44)"},{"description":"Male","count":703,"tested":8370,"color":"rgb(31,119,180)"}]}
