{"age":[{"age_group":"<20","count":292,"tested":13851},{"age_group":"20-29   ","count":244,"tested":6693},{"age_group":"30-39   ","count":88,"tested":3020},{"age_group":"40-49   ","count":187,"tested":4403},{"age_group":"50-59   ","count":218,"tested":5106},{"age_group":"60-69   ","count":139,"tested":3658},{"age_group":"70-79   ","count":76,"tested":2432},{"age_group":"80+","count":47,"tested":3314}],"race":[{"description":"Hispanic","count":35,"tested":1377,"color":"rgb(214,39,40)"},{"description":"White","count":824,"tested":23293,"color":"rgb(31,119,180)"},{"description":"Asian","count":39,"tested":1688,"color":"rgb(140,86,75)"},{"description":"Black","count":7,"tested":690,"color":"rgb(255,127,14)"},{"description":"Left Blank","count":285,"tested":13499,"color":"rgb(44,160,44)"},{"description":"Other","count":95,"tested":1842,"color":"rgb(148,103,189)"}],"gender":[{"description":"Male","count":679,"tested":20710,"color":"rgb(31,119,180)"},{"description":"Unknown/Left Blank","count":22,"tested":1289,"color":"rgb(44,160,44)"},{"description":"Female","count":590,"tested":20494,"color":"rgb(255,127,14)"}]}
