{"age":[{"age_group":"<20","count":677,"tested":6846},{"age_group":"20-29   ","count":1035,"tested":10656},{"age_group":"30-39   ","count":1004,"tested":12879},{"age_group":"40-49   ","count":862,"tested":9711},{"age_group":"50-59   ","count":840,"tested":8921},{"age_group":"60-69   ","count":551,"tested":7515},{"age_group":"70-79   ","count":275,"tested":3974},{"age_group":"80+","count":200,"tested":3076}],"race":[{"description":"NH/PI*","count":22,"tested":227,"color":"rgb(127,127,127)"},{"description":"AI/AN**","count":11,"tested":60,"color":"rgb(31,119,180)"},{"description":"White","count":1867,"tested":21439,"color":"rgb(31,119,180)"},{"description":"Other","count":335,"tested":3460,"color":"rgb(148,103,189)"},{"description":"Left Blank","count":977,"tested":21930,"color":"rgb(44,160,44)"},{"description":"Hispanic","count":1705,"tested":11250,"color":"rgb(214,39,40)"},{"description":"Black","count":75,"tested":1013,"color":"rgb(255,127,14)"},{"description":"Asian","count":452,"tested":4209,"color":"rgb(140,86,75)"}],"gender":[{"description":"Male","count":2683,"tested":27976,"color":"rgb(31,119,180)"},{"description":"Unknown/Left Blank","count":56,"tested":1203,"color":"rgb(44,160,44)"},{"description":"Female","count":2705,"tested":34409,"color":"rgb(255,127,14)"}]}
