{"age":[{"age_group":"<20","count":180,"tested":1726},{"age_group":"20-29   ","count":269,"tested":2629},{"age_group":"30-39   ","count":193,"tested":2404},{"age_group":"40-49   ","count":188,"tested":1931},{"age_group":"50-59   ","count":239,"tested":2626},{"age_group":"60-69   ","count":150,"tested":2041},{"age_group":"70-79   ","count":77,"tested":1071},{"age_group":"80+","count":32,"tested":537}],"race":[{"description":"Left Blank","count":391,"tested":5973,"color":"rgb(44,160,44)"},{"description":"White","count":637,"tested":6901,"color":"rgb(31,119,180)"},{"description":"Hispanic","count":189,"tested":1054,"color":"rgb(214,39,40)"},{"description":"Other","count":29,"tested":295,"color":"rgb(148,103,189)"},{"description":"Asian","count":37,"tested":385,"color":"rgb(140,86,75)"},{"description":"Black","count":43,"tested":344,"color":"rgb(255,127,14)"}],"gender":[{"description":"Male","count":650,"tested":6361,"color":"rgb(31,119,180)"},{"description":"Female","count":671,"tested":8463,"color":"rgb(255,127,14)"}]}
