{"age":[{"age_group":"<20","count":92,"tested":1032},{"age_group":"20-29   ","count":99,"tested":1114},{"age_group":"30-39   ","count":109,"tested":1192},{"age_group":"40-49   ","count":119,"tested":1126},{"age_group":"50-59   ","count":106,"tested":1366},{"age_group":"60-69   ","count":90,"tested":863},{"age_group":"70-79   ","count":35,"tested":534},{"age_group":"80+","count":9,"tested":234}],"race":[{"description":"Hispanic","count":38,"tested":134,"color":"rgb(214,39,40)"},{"description":"White","count":383,"tested":3703,"color":"rgb(31,119,180)"},{"description":"Left Blank","count":225,"tested":3503,"color":"rgb(44,160,44)"}],"gender":[{"description":"Female","count":344,"tested":4330,"color":"rgb(255,127,14)"},{"description":"Male","count":313,"tested":2935,"color":"rgb(31,119,180)"}]}
