{"age":[{"age_group":"<20","count":1020,"tested":11448},{"age_group":"20-29   ","count":2148,"tested":41874},{"age_group":"30-39   ","count":1971,"tested":44258},{"age_group":"40-49   ","count":1195,"tested":16836},{"age_group":"50-59   ","count":996,"tested":11588},{"age_group":"60-69   ","count":649,"tested":7404},{"age_group":"70-79   ","count":332,"tested":4012},{"age_group":"80+","count":175,"tested":1961}],"race":[{"description":"Hispanic","count":3712,"tested":23669,"color":"rgb(214,39,40)"},{"description":"Left Blank","count":2127,"tested":56311,"color":"rgb(44,160,44)"},{"description":"White","count":1892,"tested":45222,"color":"rgb(31,119,180)"},{"description":"Asian","count":113,"tested":2936,"color":"rgb(140,86,75)"},{"description":"Black","count":267,"tested":4204,"color":"rgb(255,127,14)"},{"description":"Other","count":360,"tested":6797,"color":"rgb(148,103,189)"},{"description":"AI/AN**","count":11,"tested":165,"color":"rgb(31,119,180)"}],"gender":[{"description":"Unknown/Left Blank","count":206,"tested":4559,"color":"rgb(44,160,44)"},{"description":"Male","count":4096,"tested":60334,"color":"rgb(31,119,180)"},{"description":"Female","count":4184,"tested":74520,"color":"rgb(255,127,14)"}]}
