{"age":[{"age_group":"<20","count":76,"tested":948},{"age_group":"20-29   ","count":64,"tested":992},{"age_group":"30-39   ","count":50,"tested":894},{"age_group":"40-49   ","count":61,"tested":859},{"age_group":"50-59   ","count":65,"tested":1171},{"age_group":"60-69   ","count":64,"tested":1544},{"age_group":"70-79   ","count":43,"tested":1025},{"age_group":"80+","count":51,"tested":1757}],"race":[{"description":"White","count":282,"tested":4555,"color":"rgb(31,119,180)"},{"description":"Left Blank","count":171,"tested":4399,"color":"rgb(44,160,44)"},{"description":"Hispanic","count":19,"tested":141,"color":"rgb(214,39,40)"}],"gender":[{"description":"Male","count":213,"tested":3085,"color":"rgb(31,119,180)"},{"description":"Female","count":245,"tested":5783,"color":"rgb(255,127,14)"},{"description":"Unknown/Left Blank","count":18,"tested":327,"color":"rgb(44,160,44)"}]}
