{"age":[{"age_group":"<20","count":1216,"tested":10472},{"age_group":"20-29   ","count":1374,"tested":14467},{"age_group":"30-39   ","count":1183,"tested":12769},{"age_group":"40-49   ","count":1218,"tested":12183},{"age_group":"50-59   ","count":1100,"tested":12165},{"age_group":"60-69   ","count":796,"tested":10621},{"age_group":"70-79   ","count":403,"tested":6404},{"age_group":"80+","count":232,"tested":3868}],"race":[{"description":"Left Blank","count":1901,"tested":27590,"color":"rgb(44,160,44)"},{"description":"Other","count":161,"tested":1948,"color":"rgb(148,103,189)"},{"description":"White","count":661,"tested":6999,"color":"rgb(31,119,180)"},{"description":"Asian","count":18,"tested":163,"color":"rgb(140,86,75)"},{"description":"Hispanic","count":2607,"tested":17366,"color":"rgb(214,39,40)"},{"description":"Black","count":2156,"tested":28689,"color":"rgb(255,127,14)"},{"description":"AI/AN**","count":17,"tested":168,"color":"rgb(31,119,180)"}],"gender":[{"description":"Male","count":3444,"tested":34359,"color":"rgb(31,119,180)"},{"description":"Unknown/Left Blank","count":38,"tested":1123,"color":"rgb(44,160,44)"},{"description":"Female","count":4040,"tested":47510,"color":"rgb(255,127,14)"}]}
