{"age":[{"age_group":"<20","count":135,"tested":1079},{"age_group":"20-29   ","count":122,"tested":1105},{"age_group":"30-39   ","count":105,"tested":1023},{"age_group":"40-49   ","count":121,"tested":896},{"age_group":"50-59   ","count":110,"tested":1098},{"age_group":"60-69   ","count":82,"tested":718},{"age_group":"70-79   ","count":27,"tested":430},{"age_group":"80+","count":13,"tested":235}],"race":[{"description":"Black","count":7,"tested":56,"color":"rgb(255,127,14)"},{"description":"Hispanic","count":111,"tested":381,"color":"rgb(214,39,40)"},{"description":"Left Blank","count":205,"tested":2851,"color":"rgb(44,160,44)"},{"description":"Other","count":6,"tested":62,"color":"rgb(148,103,189)"},{"description":"White","count":384,"tested":3211,"color":"rgb(31,119,180)"}],"gender":[{"description":"Male","count":345,"tested":2646,"color":"rgb(31,119,180)"},{"description":"Female","count":371,"tested":3902,"color":"rgb(255,127,14)"}]}
