{"age":[{"age_group":"<20","count":283,"tested":1926},{"age_group":"20-29   ","count":340,"tested":4002},{"age_group":"30-39   ","count":324,"tested":3378},{"age_group":"40-49   ","count":306,"tested":3483},{"age_group":"50-59   ","count":280,"tested":3768},{"age_group":"60-69   ","count":200,"tested":4191},{"age_group":"70-79   ","count":82,"tested":2108},{"age_group":"80+","count":45,"tested":1312}],"race":[{"description":"Asian","count":11,"tested":141,"color":"rgb(140,86,75)"},{"description":"Hispanic","count":368,"tested":2154,"color":"rgb(214,39,40)"},{"description":"White","count":527,"tested":5138,"color":"rgb(31,119,180)"},{"description":"Black","count":135,"tested":1619,"color":"rgb(255,127,14)"},{"description":"Left Blank","count":777,"tested":14581,"color":"rgb(44,160,44)"},{"description":"Other","count":39,"tested":490,"color":"rgb(148,103,189)"}],"gender":[{"description":"Female","count":1020,"tested":13659,"color":"rgb(255,127,14)"},{"description":"Male","count":829,"tested":10208,"color":"rgb(31,119,180)"},{"description":"Unknown/Left Blank","count":11,"tested":305,"color":"rgb(44,160,44)"}]}
