{"age":[{"age_group":"<20","count":395,"tested":3596},{"age_group":"20-29   ","count":513,"tested":4350},{"age_group":"30-39   ","count":418,"tested":4343},{"age_group":"40-49   ","count":416,"tested":4014},{"age_group":"50-59   ","count":407,"tested":4259},{"age_group":"60-69   ","count":174,"tested":2316},{"age_group":"70-79   ","count":67,"tested":1223},{"age_group":"80+","count":25,"tested":778}],"race":[{"description":"Other","count":59,"tested":466,"color":"rgb(148,103,189)"},{"description":"Black","count":43,"tested":491,"color":"rgb(255,127,14)"},{"description":"White","count":1196,"tested":10601,"color":"rgb(31,119,180)"},{"description":"Asian","count":84,"tested":744,"color":"rgb(140,86,75)"},{"description":"Left Blank","count":674,"tested":10680,"color":"rgb(44,160,44)"},{"description":"Hispanic","count":353,"tested":1842,"color":"rgb(214,39,40)"}],"gender":[{"description":"Female","count":1211,"tested":14225,"color":"rgb(255,127,14)"},{"description":"Male","count":1181,"tested":10510,"color":"rgb(31,119,180)"},{"description":"Unknown/Left Blank","count":24,"tested":147,"color":"rgb(44,160,44)"}]}
