{"age":[{"age_group":"<20","count":405,"tested":3378},{"age_group":"20-29   ","count":318,"tested":2957},{"age_group":"30-39   ","count":309,"tested":3693},{"age_group":"40-49   ","count":385,"tested":3991},{"age_group":"50-59   ","count":328,"tested":3365},{"age_group":"60-69   ","count":216,"tested":2835},{"age_group":"70-79   ","count":143,"tested":2035},{"age_group":"80+","count":90,"tested":1223}],"race":[{"description":"Black","count":37,"tested":364,"color":"rgb(255,127,14)"},{"description":"Asian","count":149,"tested":1599,"color":"rgb(140,86,75)"},{"description":"Hispanic","count":280,"tested":1395,"color":"rgb(214,39,40)"},{"description":"Left Blank","count":622,"tested":10090,"color":"rgb(44,160,44)"},{"description":"White","count":1016,"tested":9521,"color":"rgb(31,119,180)"},{"description":"Other","count":85,"tested":467,"color":"rgb(148,103,189)"},{"description":"NH/PI*","count":6,"tested":30,"color":"rgb(127,127,127)"}],"gender":[{"description":"Female","count":1124,"tested":12978,"color":"rgb(255,127,14)"},{"description":"Male","count":1050,"tested":10160,"color":"rgb(31,119,180)"},{"description":"Unknown/Left Blank","count":21,"tested":347,"color":"rgb(44,160,44)"}]}
