{"age":[{"age_group":"<20","count":58,"tested":402},{"age_group":"20-29   ","count":78,"tested":862},{"age_group":"30-39   ","count":59,"tested":730},{"age_group":"40-49   ","count":68,"tested":755},{"age_group":"50-59   ","count":47,"tested":700},{"age_group":"60-69   ","count":47,"tested":675},{"age_group":"70-79   ","count":17,"tested":275},{"age_group":"80+","count":11,"tested":200}],"race":[{"description":"Left Blank","count":113,"tested":1591,"color":"rgb(44,160,44)"},{"description":"Other","count":16,"tested":113,"color":"rgb(148,103,189)"},{"description":"White","count":148,"tested":2038,"color":"rgb(31,119,180)"},{"description":"Hispanic","count":100,"tested":502,"color":"rgb(214,39,40)"}],"gender":[{"description":"Female","count":221,"tested":2723,"color":"rgb(255,127,14)"},{"description":"Male","count":164,"tested":1801,"color":"rgb(31,119,180)"}]}
