{"age":[{"age_group":"<20","count":140,"tested":3025},{"age_group":"20-29   ","count":1557,"tested":24829},{"age_group":"30-39   ","count":710,"tested":14985},{"age_group":"40-49   ","count":262,"tested":5180},{"age_group":"50-59   ","count":238,"tested":5675},{"age_group":"60-69   ","count":195,"tested":5819},{"age_group":"70-79   ","count":156,"tested":5220},{"age_group":"80+","count":89,"tested":3910}],"race":[{"description":"Asian","count":90,"tested":2129,"color":"rgb(140,86,75)"},{"description":"White","count":1558,"tested":23925,"color":"rgb(31,119,180)"},{"description":"Left Blank","count":959,"tested":33735,"color":"rgb(44,160,44)"},{"description":"Hispanic","count":165,"tested":1190,"color":"rgb(214,39,40)"},{"description":"Other","count":160,"tested":2432,"color":"rgb(148,103,189)"},{"description":"Black","count":410,"tested":5141,"color":"rgb(255,127,14)"}],"gender":[{"description":"Unknown/Left Blank","count":123,"tested":1140,"color":"rgb(44,160,44)"},{"description":"Male","count":1502,"tested":29152,"color":"rgb(31,119,180)"},{"description":"Female","count":1722,"tested":38359,"color":"rgb(255,127,14)"}]}
