{"age":[{"age_group":"<20","count":453,"tested":6316},{"age_group":"20-29   ","count":603,"tested":7080},{"age_group":"30-39   ","count":466,"tested":7285},{"age_group":"40-49   ","count":438,"tested":6301},{"age_group":"50-59   ","count":442,"tested":6335},{"age_group":"60-69   ","count":366,"tested":5781},{"age_group":"70-79   ","count":247,"tested":4284},{"age_group":"80+","count":301,"tested":5830}],"race":[{"description":"Black","count":293,"tested":2570,"color":"rgb(255,127,14)"},{"description":"Asian","count":89,"tested":907,"color":"rgb(140,86,75)"},{"description":"White","count":1981,"tested":15862,"color":"rgb(31,119,180)"},{"description":"Other","count":58,"tested":1091,"color":"rgb(148,103,189)"},{"description":"Left Blank","count":393,"tested":26475,"color":"rgb(44,160,44)"},{"description":"Hispanic","count":494,"tested":2312,"color":"rgb(214,39,40)"}],"gender":[{"description":"Female","count":1773,"tested":29843,"color":"rgb(255,127,14)"},{"description":"Male","count":1528,"tested":18205,"color":"rgb(31,119,180)"},{"description":"Unknown/Left Blank","count":16,"tested":1191,"color":"rgb(44,160,44)"}]}
