{"lastUpdatedDate":{"year":2020,"month":11,"day":20},"county_demographics":[{"County":"Union","confirmed_cases":1069,"total_tested":12367,"demographics":{"age":[{"age_group":"<20","count":116,"tested":1140},{"age_group":"20-29   ","count":176,"tested":1851},{"age_group":"30-39   ","count":139,"tested":1824},{"age_group":"40-49   ","count":161,"tested":1815},{"age_group":"50-59   ","count":174,"tested":2064},{"age_group":"60-69   ","count":137,"tested":1580},{"age_group":"70-79   ","count":90,"tested":985},{"age_group":"80+","count":70,"tested":1103},{"age_group":"Unknown","count":0,"tested":0}],"race":[{"description":"AI/AN**","count":0,"tested":0,"color":"rgb(31,119,180)"},{"description":"Asian","count":0,"tested":25,"color":"rgb(140,86,75)"},{"description":"Black","count":44,"tested":355,"color":"rgb(255,127,14)"},{"description":"Hispanic","count":66,"tested":322,"color":"rgb(214,39,40)"},{"description":"Left Blank","count":164,"tested":3255,"color":"rgb(44,160,44)"},{"description":"NH/PI*","count":0,"tested":13,"color":"rgb(127,127,127)"},{"description":"Other","count":0,"tested":93,"color":"rgb(148,103,189)"},{"description":"White","count":783,"tested":8303,"color":"rgb(31,119,180)"}],"gender":[{"description":"Female","count":498,"tested":6513,"color":"rgb(255,127,14)"},{"description":"Male","count":515,"tested":5116,"color":"rgb(31,119,180)"},{"description":"Unknown/Left Blank","count":50,"tested":738,"color":"rgb(44,160,44)"}]}}]}
