{"lastUpdatedDate":{"year":2020,"month":11,"day":20},"county_demographics":[{"County":"Jackson","confirmed_cases":2376,"total_tested":30168,"demographics":{"age":[{"age_group":"<20","count":426,"tested":4517},{"age_group":"20-29   ","count":754,"tested":7934},{"age_group":"30-39   ","count":328,"tested":4333},{"age_group":"40-49   ","count":243,"tested":3335},{"age_group":"50-59   ","count":238,"tested":3261},{"age_group":"60-69   ","count":198,"tested":3221},{"age_group":"70-79   ","count":97,"tested":2132},{"age_group":"80+","count":72,"tested":1423},{"age_group":"Unknown","count":0,"tested":12}],"race":[{"description":"AI/AN**","count":0,"tested":14,"color":"rgb(31,119,180)"},{"description":"Asian","count":13,"tested":200,"color":"rgb(140,86,75)"},{"description":"Black","count":362,"tested":2918,"color":"rgb(255,127,14)"},{"description":"Hispanic","count":176,"tested":732,"color":"rgb(214,39,40)"},{"description":"Left Blank","count":359,"tested":9710,"color":"rgb(44,160,44)"},{"description":"NH/PI*","count":0,"tested":0,"color":"rgb(127,127,127)"},{"description":"Other","count":39,"tested":606,"color":"rgb(148,103,189)"},{"description":"White","count":1421,"tested":15987,"color":"rgb(31,119,180)"}],"gender":[{"description":"Female","count":1150,"tested":14186,"color":"rgb(255,127,14)"},{"description":"Male","count":1093,"tested":10860,"color":"rgb(31,119,180)"},{"description":"Unknown/Left Blank","count":129,"tested":5122,"color":"rgb(44,160,44)"}]}}]}
