{"lastUpdatedDate":{"year":2020,"month":11,"day":20},"county_demographics":[{"County":"Iroquois","confirmed_cases":1409,"total_tested":19506,"demographics":{"age":[{"age_group":"<20","count":186,"tested":2390},{"age_group":"20-29   ","count":210,"tested":2473},{"age_group":"30-39   ","count":198,"tested":2472},{"age_group":"40-49   ","count":210,"tested":2131},{"age_group":"50-59   ","count":216,"tested":2759},{"age_group":"60-69   ","count":189,"tested":2684},{"age_group":"70-79   ","count":108,"tested":2076},{"age_group":"80+","count":92,"tested":2518},{"age_group":"Unknown","count":0,"tested":0}],"race":[{"description":"AI/AN**","count":0,"tested":0,"color":"rgb(31,119,180)"},{"description":"Asian","count":0,"tested":29,"color":"rgb(140,86,75)"},{"description":"Black","count":13,"tested":175,"color":"rgb(255,127,14)"},{"description":"Hispanic","count":122,"tested":609,"color":"rgb(214,39,40)"},{"description":"Left Blank","count":214,"tested":4534,"color":"rgb(44,160,44)"},{"description":"NH/PI*","count":0,"tested":0,"color":"rgb(127,127,127)"},{"description":"Other","count":30,"tested":403,"color":"rgb(148,103,189)"},{"description":"White","count":1022,"tested":13747,"color":"rgb(31,119,180)"}],"gender":[{"description":"Female","count":754,"tested":12227,"color":"rgb(255,127,14)"},{"description":"Male","count":580,"tested":6997,"color":"rgb(31,119,180)"},{"description":"Unknown/Left Blank","count":75,"tested":282,"color":"rgb(44,160,44)"}]}}]}
