{"age":[{"age_group":"<20","count":52,"tested":696},{"age_group":"20-29   ","count":59,"tested":620},{"age_group":"30-39   ","count":58,"tested":649},{"age_group":"40-49   ","count":45,"tested":549},{"age_group":"50-59   ","count":81,"tested":846},{"age_group":"60-69   ","count":55,"tested":621},{"age_group":"70-79   ","count":8,"tested":327}],"race":[{"description":"Hispanic","count":27,"tested":185,"color":"rgb(214,39,40)"},{"description":"White","count":199,"tested":2762,"color":"rgb(31,119,180)"},{"description":"Left Blank","count":122,"tested":1735,"color":"rgb(44,160,44)"}],"gender":[{"description":"Female","count":190,"tested":2664,"color":"rgb(255,127,14)"},{"description":"Male","count":168,"tested":2100,"color":"rgb(31,119,180)"}]}
