{"age":[{"age_group":"<20","count":46,"tested":1220},{"age_group":"20-29   ","count":433,"tested":10475},{"age_group":"30-39   ","count":269,"tested":6270},{"age_group":"40-49   ","count":81,"tested":2163},{"age_group":"50-59   ","count":84,"tested":2205},{"age_group":"60-69   ","count":59,"tested":1695},{"age_group":"70-79   ","count":41,"tested":1153},{"age_group":"80+","count":25,"tested":759}],"race":[{"description":"White","count":428,"tested":7469,"color":"rgb(31,119,180)"},{"description":"Black","count":86,"tested":1771,"color":"rgb(255,127,14)"},{"description":"Asian","count":90,"tested":3333,"color":"rgb(140,86,75)"},{"description":"Other","count":58,"tested":1289,"color":"rgb(148,103,189)"},{"description":"Left Blank","count":293,"tested":11216,"color":"rgb(44,160,44)"},{"description":"Hispanic","count":80,"tested":772,"color":"rgb(214,39,40)"}],"gender":[{"description":"Female","count":463,"tested":12541,"color":"rgb(255,127,14)"},{"description":"Male","count":555,"tested":12790,"color":"rgb(31,119,180)"},{"description":"Unknown/Left Blank","count":20,"tested":621,"color":"rgb(44,160,44)"}]}
