{"age":[{"age_group":"<20","count":387,"tested":4385},{"age_group":"20-29   ","count":137,"tested":1931},{"age_group":"30-39   ","count":116,"tested":1509},{"age_group":"40-49   ","count":164,"tested":1997},{"age_group":"50-59   ","count":197,"tested":2518},{"age_group":"60-69   ","count":82,"tested":1964},{"age_group":"70-79   ","count":37,"tested":1017},{"age_group":"80+","count":16,"tested":574}],"race":[{"description":"Left Blank","count":460,"tested":7437,"color":"rgb(44,160,44)"},{"description":"Other","count":36,"tested":531,"color":"rgb(148,103,189)"},{"description":"White","count":611,"tested":7498,"color":"rgb(31,119,180)"},{"description":"Hispanic","count":22,"tested":238,"color":"rgb(214,39,40)"}],"gender":[{"description":"Male","count":583,"tested":7476,"color":"rgb(31,119,180)"},{"description":"Unknown/Left Blank","count":18,"tested":208,"color":"rgb(44,160,44)"},{"description":"Female","count":535,"tested":8211,"color":"rgb(255,127,14)"}]}
