{"age":[{"age_group":"<20","count":538,"tested":6222},{"age_group":"20-29   ","count":380,"tested":4862},{"age_group":"30-39   ","count":301,"tested":4394},{"age_group":"40-49   ","count":372,"tested":4127},{"age_group":"50-59   ","count":435,"tested":5813},{"age_group":"60-69   ","count":241,"tested":3770},{"age_group":"70-79   ","count":111,"tested":2217},{"age_group":"80+","count":105,"tested":3639}],"race":[{"description":"Black","count":13,"tested":253,"color":"rgb(255,127,14)"},{"description":"White","count":1670,"tested":17683,"color":"rgb(31,119,180)"},{"description":"Asian","count":40,"tested":485,"color":"rgb(140,86,75)"},{"description":"Other","count":51,"tested":694,"color":"rgb(148,103,189)"},{"description":"Hispanic","count":154,"tested":1062,"color":"rgb(214,39,40)"},{"description":"Left Blank","count":557,"tested":14863,"color":"rgb(44,160,44)"}],"gender":[{"description":"Unknown/Left Blank","count":19,"tested":262,"color":"rgb(44,160,44)"},{"description":"Female","count":1269,"tested":20283,"color":"rgb(255,127,14)"},{"description":"Male","count":1200,"tested":14512,"color":"rgb(31,119,180)"}]}
