{"age":[{"age_group":"<20","count":147,"tested":1741},{"age_group":"20-29   ","count":164,"tested":2140},{"age_group":"30-39   ","count":152,"tested":2453},{"age_group":"40-49   ","count":189,"tested":2272},{"age_group":"50-59   ","count":232,"tested":2944},{"age_group":"60-69   ","count":206,"tested":2755},{"age_group":"70-79   ","count":89,"tested":1371},{"age_group":"80+","count":36,"tested":745}],"race":[{"description":"Hispanic","count":27,"tested":207,"color":"rgb(214,39,40)"},{"description":"Left Blank","count":273,"tested":8123,"color":"rgb(44,160,44)"},{"description":"White","count":862,"tested":7586,"color":"rgb(31,119,180)"},{"description":"Other","count":17,"tested":341,"color":"rgb(148,103,189)"},{"description":"Black","count":27,"tested":117,"color":"rgb(255,127,14)"}],"gender":[{"description":"Male","count":581,"tested":6755,"color":"rgb(31,119,180)"},{"description":"Female","count":631,"tested":9379,"color":"rgb(255,127,14)"}]}
