{"age":[{"age_group":"<20","count":547,"tested":7041},{"age_group":"20-29   ","count":717,"tested":9489},{"age_group":"30-39   ","count":650,"tested":9112},{"age_group":"40-49   ","count":637,"tested":7824},{"age_group":"50-59   ","count":636,"tested":8250},{"age_group":"60-69   ","count":460,"tested":7649},{"age_group":"70-79   ","count":188,"tested":3886},{"age_group":"80+","count":231,"tested":6836}],"race":[{"description":"Black","count":56,"tested":778,"color":"rgb(255,127,14)"},{"description":"Asian","count":237,"tested":3753,"color":"rgb(140,86,75)"},{"description":"Hispanic","count":1458,"tested":10350,"color":"rgb(214,39,40)"},{"description":"Left Blank","count":929,"tested":30680,"color":"rgb(44,160,44)"},{"description":"White","count":1151,"tested":12705,"color":"rgb(31,119,180)"},{"description":"Other","count":223,"tested":1780,"color":"rgb(148,103,189)"},{"description":"AI/AN**","count":7,"tested":75,"color":"rgb(31,119,180)"}],"gender":[{"description":"Male","count":1959,"tested":22772,"color":"rgb(31,119,180)"},{"description":"Unknown/Left Blank","count":29,"tested":1222,"color":"rgb(44,160,44)"},{"description":"Female","count":2078,"tested":36187,"color":"rgb(255,127,14)"}]}
