{"age":[{"age_group":"<20","count":780,"tested":5949},{"age_group":"20-29   ","count":922,"tested":9185},{"age_group":"30-39   ","count":729,"tested":7005},{"age_group":"40-49   ","count":837,"tested":7826},{"age_group":"50-59   ","count":722,"tested":7609},{"age_group":"60-69   ","count":350,"tested":4015},{"age_group":"70-79   ","count":173,"tested":2500},{"age_group":"80+","count":94,"tested":1370}],"race":[{"description":"Hispanic","count":1356,"tested":7288,"color":"rgb(214,39,40)"},{"description":"Left Blank","count":1361,"tested":18933,"color":"rgb(44,160,44)"},{"description":"White","count":1108,"tested":11578,"color":"rgb(31,119,180)"},{"description":"Asian","count":183,"tested":1658,"color":"rgb(140,86,75)"},{"description":"Black","count":387,"tested":3904,"color":"rgb(255,127,14)"},{"description":"NH/PI*","count":6,"tested":71,"color":"rgb(127,127,127)"},{"description":"Other","count":201,"tested":1980,"color":"rgb(148,103,189)"}],"gender":[{"description":"Unknown/Left Blank","count":30,"tested":992,"color":"rgb(44,160,44)"},{"description":"Male","count":2147,"tested":19060,"color":"rgb(31,119,180)"},{"description":"Female","count":2431,"tested":25416,"color":"rgb(255,127,14)"}]}
