{"age":[{"age_group":"<20","count":12,"tested":95},{"age_group":"20-29   ","count":13,"tested":99},{"age_group":"30-39   ","count":9,"tested":76},{"age_group":"40-49   ","count":14,"tested":110},{"age_group":"50-59   ","count":12,"tested":128},{"age_group":"60-69   ","count":19,"tested":159},{"age_group":"70-79   ","count":8,"tested":85}],"race":[{"description":"Left Blank","count":20,"tested":269,"color":"rgb(44,160,44)"},{"description":"White","count":67,"tested":488,"color":"rgb(31,119,180)"}],"gender":[{"description":"Male","count":47,"tested":348,"color":"rgb(31,119,180)"},{"description":"Female","count":39,"tested":434,"color":"rgb(255,127,14)"}]}
