{"age":[{"age_group":"<20","count":1650,"tested":11449},{"age_group":"20-29   ","count":1997,"tested":17575},{"age_group":"30-39   ","count":1912,"tested":15551},{"age_group":"40-49   ","count":1948,"tested":13886},{"age_group":"50-59   ","count":1515,"tested":12487},{"age_group":"60-69   ","count":907,"tested":10330},{"age_group":"70-79   ","count":444,"tested":4922},{"age_group":"80+","count":182,"tested":1712}],"race":[{"description":"Black","count":1422,"tested":15630,"color":"rgb(255,127,14)"},{"description":"Asian","count":12,"tested":270,"color":"rgb(140,86,75)"},{"description":"Other","count":369,"tested":3575,"color":"rgb(148,103,189)"},{"description":"AI/AN**","count":7,"tested":47,"color":"rgb(31,119,180)"},{"description":"Hispanic","count":6258,"tested":28500,"color":"rgb(214,39,40)"},{"description":"Left Blank","count":2145,"tested":34204,"color":"rgb(44,160,44)"},{"description":"White","count":339,"tested":5699,"color":"rgb(31,119,180)"}],"gender":[{"description":"Unknown/Left Blank","count":118,"tested":1553,"color":"rgb(44,160,44)"},{"description":"Female","count":5409,"tested":46520,"color":"rgb(255,127,14)"},{"description":"Male","count":5028,"tested":39873,"color":"rgb(31,119,180)"}]}
