{"age":[{"age_group":"<20","count":925,"tested":6450},{"age_group":"20-29   ","count":1301,"tested":11010},{"age_group":"30-39   ","count":1097,"tested":8676},{"age_group":"40-49   ","count":1110,"tested":7730},{"age_group":"50-59   ","count":952,"tested":8026},{"age_group":"60-69   ","count":505,"tested":5035},{"age_group":"70-79   ","count":204,"tested":2361},{"age_group":"80+","count":128,"tested":1853}],"race":[{"description":"Left Blank","count":1760,"tested":24687,"color":"rgb(44,160,44)"},{"description":"Hispanic","count":3082,"tested":11550,"color":"rgb(214,39,40)"},{"description":"Other","count":147,"tested":1538,"color":"rgb(148,103,189)"},{"description":"Asian","count":150,"tested":2489,"color":"rgb(140,86,75)"},{"description":"Black","count":215,"tested":2205,"color":"rgb(255,127,14)"},{"description":"NH/PI*","count":22,"tested":29,"color":"rgb(127,127,127)"},{"description":"White","count":841,"tested":8639,"color":"rgb(31,119,180)"}],"gender":[{"description":"Female","count":3252,"tested":30056,"color":"rgb(255,127,14)"},{"description":"Male","count":2916,"tested":20455,"color":"rgb(31,119,180)"},{"description":"Unknown/Left Blank","count":54,"tested":644,"color":"rgb(44,160,44)"}]}
