{"age":[{"age_group":"<20","count":175,"tested":1611},{"age_group":"20-29   ","count":206,"tested":1924},{"age_group":"30-39   ","count":202,"tested":1771},{"age_group":"40-49   ","count":178,"tested":1575},{"age_group":"50-59   ","count":192,"tested":1894},{"age_group":"60-69   ","count":142,"tested":1729},{"age_group":"70-79   ","count":85,"tested":1319},{"age_group":"80+","count":58,"tested":1299}],"race":[{"description":"White","count":771,"tested":6734,"color":"rgb(31,119,180)"},{"description":"Other","count":23,"tested":278,"color":"rgb(148,103,189)"},{"description":"Left Blank","count":256,"tested":5010,"color":"rgb(44,160,44)"},{"description":"Hispanic","count":172,"tested":958,"color":"rgb(214,39,40)"},{"description":"Asian","count":7,"tested":45,"color":"rgb(140,86,75)"},{"description":"Black","count":8,"tested":79,"color":"rgb(255,127,14)"}],"gender":[{"description":"Male","count":581,"tested":4997,"color":"rgb(31,119,180)"},{"description":"Female","count":650,"tested":7740,"color":"rgb(255,127,14)"}]}
