{"age":[{"age_group":"<20","count":12,"tested":120},{"age_group":"20-29   ","count":8,"tested":63},{"age_group":"30-39   ","count":8,"tested":72},{"age_group":"40-49   ","count":6,"tested":96},{"age_group":"60-69   ","count":7,"tested":72}],"race":[{"description":"White","count":32,"tested":377,"color":"rgb(31,119,180)"},{"description":"Left Blank","count":12,"tested":125,"color":"rgb(44,160,44)"}],"gender":[{"description":"Female","count":27,"tested":378,"color":"rgb(255,127,14)"},{"description":"Male","count":24,"tested":141,"color":"rgb(31,119,180)"}]}
