{"age":[{"age_group":"<20","count":40,"tested":552},{"age_group":"20-29   ","count":196,"tested":7992},{"age_group":"30-39   ","count":188,"tested":8363},{"age_group":"40-49   ","count":129,"tested":4749},{"age_group":"50-59   ","count":117,"tested":2393},{"age_group":"60-69   ","count":51,"tested":898},{"age_group":"70-79   ","count":19,"tested":263},{"age_group":"80+","count":8,"tested":118}],"race":[{"description":"Left Blank","count":395,"tested":24708,"color":"rgb(44,160,44)"},{"description":"White","count":270,"tested":1830,"color":"rgb(31,119,180)"},{"description":"Other","count":24,"tested":140,"color":"rgb(148,103,189)"},{"description":"Hispanic","count":9,"tested":56,"color":"rgb(214,39,40)"},{"description":"Black","count":48,"tested":69,"color":"rgb(255,127,14)"}],"gender":[{"description":"Female","count":177,"tested":1677,"color":"rgb(255,127,14)"},{"description":"Male","count":432,"tested":11577,"color":"rgb(31,119,180)"},{"description":"Unknown/Left Blank","count":139,"tested":13568,"color":"rgb(44,160,44)"}]}
