{"age":[{"age_group":"<20","count":230,"tested":2035},{"age_group":"20-29   ","count":318,"tested":3789},{"age_group":"30-39   ","count":295,"tested":3419},{"age_group":"40-49   ","count":366,"tested":4501},{"age_group":"50-59   ","count":311,"tested":4501},{"age_group":"60-69   ","count":194,"tested":3542},{"age_group":"70-79   ","count":114,"tested":2024},{"age_group":"80+","count":85,"tested":1134}],"race":[{"description":"Black","count":1008,"tested":11350,"color":"rgb(255,127,14)"},{"description":"Asian","count":11,"tested":140,"color":"rgb(140,86,75)"},{"description":"White","count":151,"tested":2147,"color":"rgb(31,119,180)"},{"description":"Hispanic","count":83,"tested":533,"color":"rgb(214,39,40)"},{"description":"Other","count":37,"tested":507,"color":"rgb(148,103,189)"},{"description":"Left Blank","count":619,"tested":10187,"color":"rgb(44,160,44)"}],"gender":[{"description":"Female","count":1066,"tested":14633,"color":"rgb(255,127,14)"},{"description":"Male","count":813,"tested":9376,"color":"rgb(31,119,180)"},{"description":"Unknown/Left Blank","count":34,"tested":936,"color":"rgb(44,160,44)"}]}
