{"age":[{"age_group":"<20","count":20,"tested":291},{"age_group":"20-29   ","count":34,"tested":257},{"age_group":"30-39   ","count":29,"tested":294},{"age_group":"40-49   ","count":24,"tested":219},{"age_group":"50-59   ","count":33,"tested":263},{"age_group":"60-69   ","count":12,"tested":134},{"age_group":"70-79   ","count":8,"tested":89}],"race":[{"description":"Left Blank","count":30,"tested":471,"color":"rgb(44,160,44)"},{"description":"Other","count":19,"tested":104,"color":"rgb(148,103,189)"},{"description":"White","count":114,"tested":973,"color":"rgb(31,119,180)"}],"gender":[{"description":"Male","count":87,"tested":658,"color":"rgb(31,119,180)"},{"description":"Female","count":78,"tested":885,"color":"rgb(255,127,14)"}]}
