{"age":[{"age_group":"<20","count":767,"tested":8469},{"age_group":"20-29   ","count":850,"tested":11327},{"age_group":"30-39   ","count":797,"tested":11187},{"age_group":"40-49   ","count":677,"tested":10765},{"age_group":"50-59   ","count":649,"tested":11085},{"age_group":"60-69   ","count":508,"tested":9378},{"age_group":"70-79   ","count":208,"tested":4297},{"age_group":"80+","count":158,"tested":2820}],"race":[{"description":"Hispanic","count":877,"tested":4232,"color":"rgb(214,39,40)"},{"description":"Asian","count":405,"tested":3609,"color":"rgb(140,86,75)"},{"description":"Left Blank","count":1217,"tested":40145,"color":"rgb(44,160,44)"},{"description":"White","count":1187,"tested":12858,"color":"rgb(31,119,180)"},{"description":"Black","count":461,"tested":5030,"color":"rgb(255,127,14)"},{"description":"Other","count":453,"tested":3282,"color":"rgb(148,103,189)"},{"description":"AI/AN**","count":9,"tested":101,"color":"rgb(31,119,180)"}],"gender":[{"description":"Unknown/Left Blank","count":39,"tested":2773,"color":"rgb(44,160,44)"},{"description":"Male","count":2247,"tested":29048,"color":"rgb(31,119,180)"},{"description":"Female","count":2328,"tested":37530,"color":"rgb(255,127,14)"}]}
