{"age":[{"age_group":"<20","count":63,"tested":887},{"age_group":"20-29   ","count":89,"tested":1047},{"age_group":"30-39   ","count":81,"tested":1161},{"age_group":"40-49   ","count":62,"tested":1189},{"age_group":"50-59   ","count":99,"tested":2632},{"age_group":"60-69   ","count":60,"tested":1580},{"age_group":"70-79   ","count":42,"tested":674},{"age_group":"80+","count":45,"tested":1911}],"race":[{"description":"Left Blank","count":84,"tested":2529,"color":"rgb(44,160,44)"},{"description":"Other","count":32,"tested":254,"color":"rgb(148,103,189)"},{"description":"Hispanic","count":13,"tested":176,"color":"rgb(214,39,40)"},{"description":"White","count":407,"tested":7776,"color":"rgb(31,119,180)"}],"gender":[{"description":"Male","count":228,"tested":3834,"color":"rgb(31,119,180)"},{"description":"Female","count":308,"tested":6790,"color":"rgb(255,127,14)"}]}
