{"age":[{"age_group":"<20","count":291,"tested":2069},{"age_group":"20-29   ","count":419,"tested":3392},{"age_group":"30-39   ","count":396,"tested":3523},{"age_group":"40-49   ","count":352,"tested":2799},{"age_group":"50-59   ","count":348,"tested":2953},{"age_group":"60-69   ","count":227,"tested":2678},{"age_group":"70-79   ","count":103,"tested":1427},{"age_group":"80+","count":51,"tested":658}],"race":[{"description":"Other","count":72,"tested":643,"color":"rgb(148,103,189)"},{"description":"Black","count":267,"tested":2639,"color":"rgb(255,127,14)"},{"description":"White","count":560,"tested":5194,"color":"rgb(31,119,180)"},{"description":"Asian","count":27,"tested":202,"color":"rgb(140,86,75)"},{"description":"Left Blank","count":880,"tested":8851,"color":"rgb(44,160,44)"},{"description":"Hispanic","count":377,"tested":1928,"color":"rgb(214,39,40)"}],"gender":[{"description":"Male","count":1010,"tested":8093,"color":"rgb(31,119,180)"},{"description":"Unknown/Left Blank","count":15,"tested":278,"color":"rgb(44,160,44)"},{"description":"Female","count":1162,"tested":11133,"color":"rgb(255,127,14)"}]}
