{"age":[{"age_group":"<20","count":29,"tested":352},{"age_group":"20-29   ","count":44,"tested":399},{"age_group":"30-39   ","count":31,"tested":323},{"age_group":"40-49   ","count":43,"tested":377},{"age_group":"50-59   ","count":61,"tested":598},{"age_group":"60-69   ","count":30,"tested":412},{"age_group":"70-79   ","count":21,"tested":303},{"age_group":"80+","count":13,"tested":145}],"race":[{"description":"Hispanic","count":16,"tested":97,"color":"rgb(214,39,40)"},{"description":"Left Blank","count":70,"tested":654,"color":"rgb(44,160,44)"},{"description":"White","count":178,"tested":2084,"color":"rgb(31,119,180)"},{"description":"Other","count":7,"tested":61,"color":"rgb(148,103,189)"}],"gender":[{"description":"Female","count":142,"tested":1621,"color":"rgb(255,127,14)"},{"description":"Male","count":129,"tested":1214,"color":"rgb(31,119,180)"}]}
