{"age":[{"age_group":"<20","count":457,"tested":6344},{"age_group":"20-29   ","count":606,"tested":7107},{"age_group":"30-39   ","count":467,"tested":7313},{"age_group":"40-49   ","count":441,"tested":6325},{"age_group":"50-59   ","count":444,"tested":6369},{"age_group":"60-69   ","count":366,"tested":5797},{"age_group":"70-79   ","count":247,"tested":4292},{"age_group":"80+","count":301,"tested":5849}],"race":[{"description":"Black","count":294,"tested":2584,"color":"rgb(255,127,14)"},{"description":"Asian","count":90,"tested":908,"color":"rgb(140,86,75)"},{"description":"White","count":1985,"tested":15956,"color":"rgb(31,119,180)"},{"description":"Other","count":58,"tested":1099,"color":"rgb(148,103,189)"},{"description":"Left Blank","count":400,"tested":26530,"color":"rgb(44,160,44)"},{"description":"Hispanic","count":494,"tested":2324,"color":"rgb(214,39,40)"}],"gender":[{"description":"Female","count":1780,"tested":29965,"color":"rgb(255,127,14)"},{"description":"Male","count":1534,"tested":18265,"color":"rgb(31,119,180)"},{"description":"Unknown/Left Blank","count":16,"tested":1194,"color":"rgb(44,160,44)"}]}
