{"age":[{"age_group":"<20","count":253,"tested":2282},{"age_group":"20-29   ","count":224,"tested":2049},{"age_group":"30-39   ","count":194,"tested":1758},{"age_group":"40-49   ","count":251,"tested":2052},{"age_group":"50-59   ","count":224,"tested":2124},{"age_group":"60-69   ","count":143,"tested":1396},{"age_group":"70-79   ","count":53,"tested":780},{"age_group":"80+","count":22,"tested":361}],"race":[{"description":"Other","count":32,"tested":399,"color":"rgb(148,103,189)"},{"description":"Left Blank","count":432,"tested":4000,"color":"rgb(44,160,44)"},{"description":"Hispanic","count":92,"tested":582,"color":"rgb(214,39,40)"},{"description":"Asian","count":7,"tested":77,"color":"rgb(140,86,75)"},{"description":"White","count":794,"tested":7550,"color":"rgb(31,119,180)"},{"description":"Black","count":6,"tested":178,"color":"rgb(255,127,14)"}],"gender":[{"description":"Female","count":698,"tested":6771,"color":"rgb(255,127,14)"},{"description":"Unknown/Left Blank","count":11,"tested":161,"color":"rgb(44,160,44)"},{"description":"Male","count":655,"tested":5870,"color":"rgb(31,119,180)"}]}
