{"age":[{"age_group":"<20","count":151,"tested":1253},{"age_group":"20-29   ","count":263,"tested":2395},{"age_group":"30-39   ","count":201,"tested":2274},{"age_group":"40-49   ","count":176,"tested":1976},{"age_group":"50-59   ","count":134,"tested":2021},{"age_group":"60-69   ","count":145,"tested":2078},{"age_group":"70-79   ","count":74,"tested":2262},{"age_group":"80+","count":72,"tested":2421}],"race":[{"description":"Hispanic","count":123,"tested":1059,"color":"rgb(214,39,40)"},{"description":"Left Blank","count":469,"tested":6604,"color":"rgb(44,160,44)"},{"description":"Other","count":77,"tested":585,"color":"rgb(148,103,189)"},{"description":"Black","count":108,"tested":2797,"color":"rgb(255,127,14)"},{"description":"Asian","count":20,"tested":236,"color":"rgb(140,86,75)"},{"description":"White","count":415,"tested":5334,"color":"rgb(31,119,180)"}],"gender":[{"description":"Male","count":569,"tested":6622,"color":"rgb(31,119,180)"},{"description":"Female","count":636,"tested":9641,"color":"rgb(255,127,14)"},{"description":"Unknown/Left Blank","count":11,"tested":420,"color":"rgb(44,160,44)"}]}
