{"age":[{"age_group":"<20","count":430,"tested":4812},{"age_group":"20-29   ","count":477,"tested":6936},{"age_group":"30-39   ","count":491,"tested":7085},{"age_group":"40-49   ","count":511,"tested":6796},{"age_group":"50-59   ","count":526,"tested":6894},{"age_group":"60-69   ","count":349,"tested":5529},{"age_group":"70-79   ","count":188,"tested":3380},{"age_group":"80+","count":135,"tested":2775}],"race":[{"description":"Other","count":99,"tested":946,"color":"rgb(148,103,189)"},{"description":"Black","count":71,"tested":998,"color":"rgb(255,127,14)"},{"description":"White","count":1272,"tested":12545,"color":"rgb(31,119,180)"},{"description":"Asian","count":254,"tested":3464,"color":"rgb(140,86,75)"},{"description":"Left Blank","count":1089,"tested":23979,"color":"rgb(44,160,44)"},{"description":"Hispanic","count":311,"tested":2147,"color":"rgb(214,39,40)"},{"description":"AI/AN**","count":10,"tested":54,"color":"rgb(31,119,180)"}],"gender":[{"description":"Male","count":1458,"tested":17241,"color":"rgb(31,119,180)"},{"description":"Unknown/Left Blank","count":11,"tested":674,"color":"rgb(44,160,44)"},{"description":"Female","count":1639,"tested":26317,"color":"rgb(255,127,14)"}]}
