{"age":[{"age_group":"<20","count":278,"tested":5232},{"age_group":"20-29   ","count":346,"tested":9795},{"age_group":"30-39   ","count":353,"tested":9574},{"age_group":"40-49   ","count":313,"tested":7770},{"age_group":"50-59   ","count":305,"tested":9435},{"age_group":"60-69   ","count":225,"tested":7892},{"age_group":"70-79   ","count":110,"tested":3504},{"age_group":"80+","count":120,"tested":2611}],"race":[{"description":"Other","count":162,"tested":2408,"color":"rgb(148,103,189)"},{"description":"Asian","count":68,"tested":2136,"color":"rgb(140,86,75)"},{"description":"Black","count":463,"tested":5497,"color":"rgb(255,127,14)"},{"description":"White","count":629,"tested":14627,"color":"rgb(31,119,180)"},{"description":"Left Blank","count":329,"tested":28498,"color":"rgb(44,160,44)"},{"description":"Hispanic","count":394,"tested":2533,"color":"rgb(214,39,40)"}],"gender":[{"description":"Unknown/Left Blank","count":29,"tested":951,"color":"rgb(44,160,44)"},{"description":"Female","count":1084,"tested":30875,"color":"rgb(255,127,14)"},{"description":"Male","count":937,"tested":23991,"color":"rgb(31,119,180)"}]}
