{"age":[{"age_group":"<20","count":106,"tested":1077},{"age_group":"20-29   ","count":145,"tested":1386},{"age_group":"30-39   ","count":132,"tested":1210},{"age_group":"40-49   ","count":103,"tested":1249},{"age_group":"50-59   ","count":120,"tested":1573},{"age_group":"60-69   ","count":109,"tested":1253},{"age_group":"70-79   ","count":37,"tested":498},{"age_group":"80+","count":13,"tested":259}],"race":[{"description":"Black","count":9,"tested":110,"color":"rgb(255,127,14)"},{"description":"Hispanic","count":138,"tested":865,"color":"rgb(214,39,40)"},{"description":"Left Blank","count":255,"tested":3048,"color":"rgb(44,160,44)"},{"description":"Other","count":37,"tested":272,"color":"rgb(148,103,189)"},{"description":"White","count":322,"tested":4145,"color":"rgb(31,119,180)"}],"gender":[{"description":"Male","count":355,"tested":3368,"color":"rgb(31,119,180)"},{"description":"Female","count":403,"tested":5042,"color":"rgb(255,127,14)"}]}
