{"age":[{"age_group":"<20","count":276,"tested":2604},{"age_group":"20-29   ","count":377,"tested":5223},{"age_group":"30-39   ","count":423,"tested":6159},{"age_group":"40-49   ","count":387,"tested":6076},{"age_group":"50-59   ","count":314,"tested":4998},{"age_group":"60-69   ","count":235,"tested":3801},{"age_group":"70-79   ","count":130,"tested":2240},{"age_group":"80+","count":96,"tested":2078}],"race":[{"description":"Left Blank","count":1004,"tested":24139,"color":"rgb(44,160,44)"},{"description":"White","count":628,"tested":7277,"color":"rgb(31,119,180)"},{"description":"Hispanic","count":280,"tested":1275,"color":"rgb(214,39,40)"},{"description":"Other","count":55,"tested":459,"color":"rgb(148,103,189)"},{"description":"Black","count":236,"tested":1332,"color":"rgb(255,127,14)"},{"description":"Asian","count":32,"tested":211,"color":"rgb(140,86,75)"}],"gender":[{"description":"Unknown/Left Blank","count":23,"tested":9879,"color":"rgb(44,160,44)"},{"description":"Female","count":1008,"tested":14619,"color":"rgb(255,127,14)"},{"description":"Male","count":1207,"tested":10222,"color":"rgb(31,119,180)"}]}
