{"age":[{"age_group":"<20","count":62,"tested":506},{"age_group":"20-29   ","count":60,"tested":675},{"age_group":"30-39   ","count":68,"tested":578},{"age_group":"40-49   ","count":71,"tested":884},{"age_group":"50-59   ","count":80,"tested":1040},{"age_group":"60-69   ","count":53,"tested":865},{"age_group":"70-79   ","count":29,"tested":481},{"age_group":"80+","count":24,"tested":281}],"race":[{"description":"Left Blank","count":92,"tested":1039,"color":"rgb(44,160,44)"},{"description":"White","count":234,"tested":3093,"color":"rgb(31,119,180)"},{"description":"Hispanic","count":44,"tested":275,"color":"rgb(214,39,40)"},{"description":"Black","count":67,"tested":732,"color":"rgb(255,127,14)"},{"description":"Other","count":10,"tested":163,"color":"rgb(148,103,189)"}],"gender":[{"description":"Female","count":249,"tested":3319,"color":"rgb(255,127,14)"},{"description":"Male","count":198,"tested":1961,"color":"rgb(31,119,180)"}]}
