{"age":[{"age_group":"<20","count":288,"tested":2268},{"age_group":"20-29   ","count":332,"tested":2725},{"age_group":"30-39   ","count":290,"tested":2194},{"age_group":"40-49   ","count":297,"tested":2067},{"age_group":"50-59   ","count":317,"tested":2688},{"age_group":"60-69   ","count":228,"tested":2117},{"age_group":"70-79   ","count":148,"tested":1565},{"age_group":"80+","count":125,"tested":1995}],"race":[{"description":"Hispanic","count":114,"tested":502,"color":"rgb(214,39,40)"},{"description":"Left Blank","count":530,"tested":5617,"color":"rgb(44,160,44)"},{"description":"Asian","count":9,"tested":83,"color":"rgb(140,86,75)"},{"description":"White","count":1138,"tested":10243,"color":"rgb(31,119,180)"},{"description":"Black","count":21,"tested":201,"color":"rgb(255,127,14)"},{"description":"Other","count":215,"tested":1081,"color":"rgb(148,103,189)"}],"gender":[{"description":"Female","count":1036,"tested":10522,"color":"rgb(255,127,14)"},{"description":"Male","count":971,"tested":6768,"color":"rgb(31,119,180)"},{"description":"Unknown/Left Blank","count":20,"tested":448,"color":"rgb(44,160,44)"}]}
