{"age":[{"age_group":"<20","count":9,"tested":121},{"age_group":"20-29   ","count":18,"tested":174},{"age_group":"30-39   ","count":12,"tested":167},{"age_group":"40-49   ","count":10,"tested":103},{"age_group":"50-59   ","count":26,"tested":166},{"age_group":"60-69   ","count":17,"tested":156},{"age_group":"70-79   ","count":6,"tested":99}],"race":[{"description":"White","count":57,"tested":572,"color":"rgb(31,119,180)"},{"description":"Hispanic","count":14,"tested":43,"color":"rgb(214,39,40)"},{"description":"Left Blank","count":29,"tested":376,"color":"rgb(44,160,44)"}],"gender":[{"description":"Male","count":50,"tested":491,"color":"rgb(31,119,180)"},{"description":"Female","count":50,"tested":540,"color":"rgb(255,127,14)"}]}
