{"age":[{"age_group":"<20","count":175,"tested":1758},{"age_group":"20-29   ","count":192,"tested":2613},{"age_group":"30-39   ","count":197,"tested":2600},{"age_group":"40-49   ","count":236,"tested":2805},{"age_group":"50-59   ","count":196,"tested":2711},{"age_group":"60-69   ","count":164,"tested":3112},{"age_group":"70-79   ","count":118,"tested":2440},{"age_group":"80+","count":83,"tested":1421}],"race":[{"description":"Black","count":786,"tested":8621,"color":"rgb(255,127,14)"},{"description":"Asian","count":6,"tested":79,"color":"rgb(140,86,75)"},{"description":"Hispanic","count":43,"tested":299,"color":"rgb(214,39,40)"},{"description":"White","count":59,"tested":747,"color":"rgb(31,119,180)"},{"description":"Other","count":15,"tested":241,"color":"rgb(148,103,189)"},{"description":"Left Blank","count":450,"tested":9469,"color":"rgb(44,160,44)"}],"gender":[{"description":"Female","count":805,"tested":12286,"color":"rgb(255,127,14)"},{"description":"Male","count":534,"tested":6679,"color":"rgb(31,119,180)"},{"description":"Unknown/Left Blank","count":22,"tested":526,"color":"rgb(44,160,44)"}]}
