{"age":[{"age_group":"<20","count":111,"tested":980},{"age_group":"20-29   ","count":92,"tested":1659},{"age_group":"30-39   ","count":63,"tested":1182},{"age_group":"40-49   ","count":86,"tested":1640},{"age_group":"50-59   ","count":112,"tested":1469},{"age_group":"60-69   ","count":113,"tested":1798},{"age_group":"70-79   ","count":136,"tested":1977},{"age_group":"80+","count":128,"tested":1747}],"race":[{"description":"Black","count":11,"tested":132,"color":"rgb(255,127,14)"},{"description":"Hispanic","count":41,"tested":196,"color":"rgb(214,39,40)"},{"description":"Asian","count":119,"tested":932,"color":"rgb(140,86,75)"},{"description":"White","count":404,"tested":3715,"color":"rgb(31,119,180)"},{"description":"Other","count":45,"tested":591,"color":"rgb(148,103,189)"},{"description":"Left Blank","count":220,"tested":6855,"color":"rgb(44,160,44)"}],"gender":[{"description":"Male","count":403,"tested":5267,"color":"rgb(31,119,180)"},{"description":"Female","count":437,"tested":7131,"color":"rgb(255,127,14)"}]}
