{"age":[{"age_group":"<20","count":725,"tested":7944},{"age_group":"20-29   ","count":1154,"tested":16492},{"age_group":"30-39   ","count":1225,"tested":19269},{"age_group":"40-49   ","count":1045,"tested":12734},{"age_group":"50-59   ","count":827,"tested":11154},{"age_group":"60-69   ","count":617,"tested":9277},{"age_group":"70-79   ","count":290,"tested":5151},{"age_group":"80+","count":198,"tested":3772}],"race":[{"description":"Asian","count":540,"tested":5162,"color":"rgb(140,86,75)"},{"description":"White","count":1373,"tested":23863,"color":"rgb(31,119,180)"},{"description":"Black","count":170,"tested":3748,"color":"rgb(255,127,14)"},{"description":"Other","count":372,"tested":3993,"color":"rgb(148,103,189)"},{"description":"AI/AN**","count":16,"tested":84,"color":"rgb(31,119,180)"},{"description":"Hispanic","count":2262,"tested":11552,"color":"rgb(214,39,40)"},{"description":"NH/PI*","count":15,"tested":273,"color":"rgb(127,127,127)"},{"description":"Left Blank","count":1333,"tested":37171,"color":"rgb(44,160,44)"}],"gender":[{"description":"Female","count":2989,"tested":45754,"color":"rgb(255,127,14)"},{"description":"Male","count":2976,"tested":36971,"color":"rgb(31,119,180)"},{"description":"Unknown/Left Blank","count":116,"tested":3121,"color":"rgb(44,160,44)"}]}
