{"age":[{"age_group":"<20","count":321,"tested":2242},{"age_group":"20-29   ","count":416,"tested":3624},{"age_group":"30-39   ","count":440,"tested":3430},{"age_group":"40-49   ","count":396,"tested":3306},{"age_group":"50-59   ","count":323,"tested":3039},{"age_group":"60-69   ","count":205,"tested":2459},{"age_group":"70-79   ","count":112,"tested":1441},{"age_group":"80+","count":52,"tested":701}],"race":[{"description":"Hispanic","count":574,"tested":2673,"color":"rgb(214,39,40)"},{"description":"Left Blank","count":538,"tested":6587,"color":"rgb(44,160,44)"},{"description":"White","count":150,"tested":1236,"color":"rgb(31,119,180)"},{"description":"Other","count":108,"tested":1076,"color":"rgb(148,103,189)"},{"description":"Black","count":891,"tested":8559,"color":"rgb(255,127,14)"}],"gender":[{"description":"Male","count":1028,"tested":8442,"color":"rgb(31,119,180)"},{"description":"Unknown/Left Blank","count":45,"tested":487,"color":"rgb(44,160,44)"},{"description":"Female","count":1192,"tested":11319,"color":"rgb(255,127,14)"}]}
