{"age":[{"age_group":"<20","count":382,"tested":4280},{"age_group":"20-29   ","count":274,"tested":3417},{"age_group":"30-39   ","count":225,"tested":3347},{"age_group":"40-49   ","count":256,"tested":3182},{"age_group":"50-59   ","count":295,"tested":3561},{"age_group":"60-69   ","count":202,"tested":3496},{"age_group":"70-79   ","count":89,"tested":2193},{"age_group":"80+","count":102,"tested":3390}],"race":[{"description":"Black","count":48,"tested":461,"color":"rgb(255,127,14)"},{"description":"Hispanic","count":116,"tested":496,"color":"rgb(214,39,40)"},{"description":"Asian","count":33,"tested":658,"color":"rgb(140,86,75)"},{"description":"White","count":1153,"tested":12944,"color":"rgb(31,119,180)"},{"description":"Other","count":38,"tested":838,"color":"rgb(148,103,189)"},{"description":"Left Blank","count":436,"tested":11453,"color":"rgb(44,160,44)"}],"gender":[{"description":"Female","count":929,"tested":15422,"color":"rgb(255,127,14)"},{"description":"Male","count":881,"tested":10970,"color":"rgb(31,119,180)"},{"description":"Unknown/Left Blank","count":15,"tested":479,"color":"rgb(44,160,44)"}]}
