{"age":[{"age_group":"<20","count":223,"tested":1713},{"age_group":"20-29   ","count":262,"tested":2033},{"age_group":"30-39   ","count":252,"tested":2112},{"age_group":"40-49   ","count":259,"tested":1816},{"age_group":"50-59   ","count":202,"tested":1389},{"age_group":"60-69   ","count":107,"tested":1023},{"age_group":"70-79   ","count":38,"tested":493},{"age_group":"80+","count":19,"tested":215}],"race":[{"description":"Left Blank","count":306,"tested":3811,"color":"rgb(44,160,44)"},{"description":"Asian","count":8,"tested":80,"color":"rgb(140,86,75)"},{"description":"White","count":452,"tested":3839,"color":"rgb(31,119,180)"},{"description":"Other","count":25,"tested":340,"color":"rgb(148,103,189)"},{"description":"Black","count":53,"tested":570,"color":"rgb(255,127,14)"},{"description":"Hispanic","count":518,"tested":2137,"color":"rgb(214,39,40)"}],"gender":[{"description":"Male","count":645,"tested":4469,"color":"rgb(31,119,180)"},{"description":"Female","count":711,"tested":6123,"color":"rgb(255,127,14)"}]}
