{"age":[{"age_group":"<20","count":407,"tested":4615},{"age_group":"20-29   ","count":607,"tested":8345},{"age_group":"30-39   ","count":614,"tested":7889},{"age_group":"40-49   ","count":646,"tested":8038},{"age_group":"50-59   ","count":638,"tested":10085},{"age_group":"60-69   ","count":471,"tested":9609},{"age_group":"70-79   ","count":235,"tested":4354},{"age_group":"80+","count":171,"tested":2338}],"race":[{"description":"Other","count":76,"tested":659,"color":"rgb(148,103,189)"},{"description":"Left Blank","count":856,"tested":20118,"color":"rgb(44,160,44)"},{"description":"Asian","count":6,"tested":68,"color":"rgb(140,86,75)"},{"description":"Black","count":2723,"tested":33146,"color":"rgb(255,127,14)"},{"description":"Hispanic","count":75,"tested":551,"color":"rgb(214,39,40)"},{"description":"White","count":45,"tested":608,"color":"rgb(31,119,180)"}],"gender":[{"description":"Male","count":1510,"tested":21804,"color":"rgb(31,119,180)"},{"description":"Unknown/Left Blank","count":23,"tested":923,"color":"rgb(44,160,44)"},{"description":"Female","count":2257,"tested":32571,"color":"rgb(255,127,14)"}]}
