{"age":[{"age_group":"<20","count":463,"tested":5203},{"age_group":"20-29   ","count":445,"tested":6092},{"age_group":"30-39   ","count":325,"tested":6334},{"age_group":"40-49   ","count":428,"tested":6216},{"age_group":"50-59   ","count":455,"tested":7222},{"age_group":"60-69   ","count":350,"tested":6044},{"age_group":"70-79   ","count":168,"tested":3537},{"age_group":"80+","count":241,"tested":4710}],"race":[{"description":"Left Blank","count":960,"tested":24807,"color":"rgb(44,160,44)"},{"description":"Other","count":139,"tested":1343,"color":"rgb(148,103,189)"},{"description":"Black","count":17,"tested":218,"color":"rgb(255,127,14)"},{"description":"Asian","count":74,"tested":992,"color":"rgb(140,86,75)"},{"description":"White","count":1546,"tested":16772,"color":"rgb(31,119,180)"},{"description":"Hispanic","count":130,"tested":1181,"color":"rgb(214,39,40)"},{"description":"NH/PI*","count":6,"tested":48,"color":"rgb(127,127,127)"}],"gender":[{"description":"Male","count":1347,"tested":18432,"color":"rgb(31,119,180)"},{"description":"Unknown/Left Blank","count":29,"tested":626,"color":"rgb(44,160,44)"},{"description":"Female","count":1499,"tested":26318,"color":"rgb(255,127,14)"}]}
