{"age":[{"age_group":"<20","count":10,"tested":145},{"age_group":"20-29   ","count":9,"tested":133},{"age_group":"40-49   ","count":10,"tested":217},{"age_group":"50-59   ","count":7,"tested":123},{"age_group":"60-69   ","count":6,"tested":128}],"race":[{"description":"Hispanic","count":9,"tested":43,"color":"rgb(214,39,40)"},{"description":"White","count":37,"tested":684,"color":"rgb(31,119,180)"}],"gender":[{"description":"Female","count":27,"tested":527,"color":"rgb(255,127,14)"},{"description":"Male","count":24,"tested":380,"color":"rgb(31,119,180)"}]}
