{"age":[{"age_group":"<20","count":359,"tested":2620},{"age_group":"20-29   ","count":400,"tested":3164},{"age_group":"30-39   ","count":277,"tested":2641},{"age_group":"40-49   ","count":319,"tested":2251},{"age_group":"50-59   ","count":417,"tested":3509},{"age_group":"60-69   ","count":245,"tested":2499},{"age_group":"70-79   ","count":106,"tested":1369},{"age_group":"80+","count":58,"tested":814}],"race":[{"description":"Hispanic","count":77,"tested":435,"color":"rgb(214,39,40)"},{"description":"Left Blank","count":923,"tested":9186,"color":"rgb(44,160,44)"},{"description":"White","count":1086,"tested":8436,"color":"rgb(31,119,180)"},{"description":"Black","count":24,"tested":174,"color":"rgb(255,127,14)"},{"description":"Asian","count":12,"tested":155,"color":"rgb(140,86,75)"},{"description":"Other","count":57,"tested":457,"color":"rgb(148,103,189)"}],"gender":[{"description":"Unknown/Left Blank","count":38,"tested":298,"color":"rgb(44,160,44)"},{"description":"Male","count":1065,"tested":8524,"color":"rgb(31,119,180)"},{"description":"Female","count":1078,"tested":10047,"color":"rgb(255,127,14)"}]}
