{"age":[{"age_group":"<20","count":279,"tested":1732},{"age_group":"20-29   ","count":377,"tested":3617},{"age_group":"30-39   ","count":369,"tested":3667},{"age_group":"40-49   ","count":322,"tested":3530},{"age_group":"50-59   ","count":258,"tested":3428},{"age_group":"60-69   ","count":165,"tested":2473},{"age_group":"70-79   ","count":79,"tested":1171},{"age_group":"80+","count":40,"tested":471}],"race":[{"description":"AI/AN**","count":17,"tested":57,"color":"rgb(31,119,180)"},{"description":"Other","count":61,"tested":972,"color":"rgb(148,103,189)"},{"description":"Black","count":252,"tested":2550,"color":"rgb(255,127,14)"},{"description":"Left Blank","count":595,"tested":10010,"color":"rgb(44,160,44)"},{"description":"White","count":397,"tested":4318,"color":"rgb(31,119,180)"},{"description":"Hispanic","count":561,"tested":2076,"color":"rgb(214,39,40)"}],"gender":[{"description":"Unknown/Left Blank","count":18,"tested":2636,"color":"rgb(44,160,44)"},{"description":"Male","count":907,"tested":7271,"color":"rgb(31,119,180)"},{"description":"Female","count":964,"tested":10186,"color":"rgb(255,127,14)"}]}
