{"age":[{"age_group":"<20","count":313,"tested":4433},{"age_group":"20-29   ","count":788,"tested":19527},{"age_group":"30-39   ","count":681,"tested":14989},{"age_group":"40-49   ","count":528,"tested":12432},{"age_group":"50-59   ","count":526,"tested":13522},{"age_group":"60-69   ","count":464,"tested":13657},{"age_group":"70-79   ","count":294,"tested":8344},{"age_group":"80+","count":189,"tested":3705}],"race":[{"description":"Left Blank","count":1190,"tested":63090,"color":"rgb(44,160,44)"},{"description":"NH/PI*","count":6,"tested":51,"color":"rgb(127,127,127)"},{"description":"Hispanic","count":707,"tested":4064,"color":"rgb(214,39,40)"},{"description":"Other","count":180,"tested":2135,"color":"rgb(148,103,189)"},{"description":"Black","count":654,"tested":7889,"color":"rgb(255,127,14)"},{"description":"Asian","count":144,"tested":1493,"color":"rgb(140,86,75)"},{"description":"White","count":897,"tested":11895,"color":"rgb(31,119,180)"}],"gender":[{"description":"Unknown/Left Blank","count":82,"tested":5195,"color":"rgb(44,160,44)"},{"description":"Female","count":1840,"tested":47647,"color":"rgb(255,127,14)"},{"description":"Male","count":1862,"tested":37825,"color":"rgb(31,119,180)"}]}
