{"age":[{"age_group":"<20","count":254,"tested":1623},{"age_group":"20-29   ","count":383,"tested":2834},{"age_group":"30-39   ","count":353,"tested":2929},{"age_group":"40-49   ","count":331,"tested":2332},{"age_group":"50-59   ","count":324,"tested":2475},{"age_group":"60-69   ","count":197,"tested":2224},{"age_group":"70-79   ","count":94,"tested":1183},{"age_group":"80+","count":47,"tested":551}],"race":[{"description":"Black","count":235,"tested":2089,"color":"rgb(255,127,14)"},{"description":"Other","count":65,"tested":520,"color":"rgb(148,103,189)"},{"description":"White","count":472,"tested":4119,"color":"rgb(31,119,180)"},{"description":"Asian","count":26,"tested":156,"color":"rgb(140,86,75)"},{"description":"Left Blank","count":859,"tested":7745,"color":"rgb(44,160,44)"},{"description":"Hispanic","count":322,"tested":1492,"color":"rgb(214,39,40)"}],"gender":[{"description":"Male","count":913,"tested":6644,"color":"rgb(31,119,180)"},{"description":"Unknown/Left Blank","count":14,"tested":213,"color":"rgb(44,160,44)"},{"description":"Female","count":1056,"tested":9298,"color":"rgb(255,127,14)"}]}
