{"age":[{"age_group":"<20","count":189,"tested":2127},{"age_group":"20-29   ","count":154,"tested":3094},{"age_group":"30-39   ","count":116,"tested":2586},{"age_group":"40-49   ","count":154,"tested":2819},{"age_group":"50-59   ","count":147,"tested":3237},{"age_group":"60-69   ","count":94,"tested":3109},{"age_group":"70-79   ","count":39,"tested":2188},{"age_group":"80+","count":75,"tested":3959}],"race":[{"description":"White","count":461,"tested":7270,"color":"rgb(31,119,180)"},{"description":"Hispanic","count":83,"tested":882,"color":"rgb(214,39,40)"},{"description":"Black","count":28,"tested":814,"color":"rgb(255,127,14)"},{"description":"Other","count":43,"tested":462,"color":"rgb(148,103,189)"},{"description":"Left Blank","count":348,"tested":13476,"color":"rgb(44,160,44)"}],"gender":[{"description":"Unknown/Left Blank","count":11,"tested":478,"color":"rgb(44,160,44)"},{"description":"Male","count":460,"tested":8635,"color":"rgb(31,119,180)"},{"description":"Female","count":497,"tested":14012,"color":"rgb(255,127,14)"}]}
