{"age":[{"age_group":"<20","count":67,"tested":690},{"age_group":"20-29   ","count":96,"tested":832},{"age_group":"30-39   ","count":74,"tested":650},{"age_group":"40-49   ","count":101,"tested":625},{"age_group":"50-59   ","count":103,"tested":881},{"age_group":"60-69   ","count":43,"tested":620},{"age_group":"70-79   ","count":30,"tested":312},{"age_group":"80+","count":6,"tested":140}],"race":[{"description":"Other","count":23,"tested":137,"color":"rgb(148,103,189)"},{"description":"Left Blank","count":120,"tested":1158,"color":"rgb(44,160,44)"},{"description":"Hispanic","count":26,"tested":161,"color":"rgb(214,39,40)"},{"description":"White","count":349,"tested":3213,"color":"rgb(31,119,180)"}],"gender":[{"description":"Female","count":254,"tested":2649,"color":"rgb(255,127,14)"},{"description":"Male","count":266,"tested":2028,"color":"rgb(31,119,180)"}]}
