{"age":[{"age_group":"<20","count":47,"tested":400},{"age_group":"20-29   ","count":40,"tested":205},{"age_group":"30-39   ","count":30,"tested":247},{"age_group":"40-49   ","count":43,"tested":303},{"age_group":"50-59   ","count":46,"tested":343},{"age_group":"60-69   ","count":43,"tested":271},{"age_group":"70-79   ","count":23,"tested":109},{"age_group":"80+","count":7,"tested":76}],"race":[{"description":"Hispanic","count":13,"tested":49,"color":"rgb(214,39,40)"},{"description":"Left Blank","count":123,"tested":785,"color":"rgb(44,160,44)"},{"description":"White","count":143,"tested":1094,"color":"rgb(31,119,180)"}],"gender":[{"description":"Female","count":126,"tested":1297,"color":"rgb(255,127,14)"},{"description":"Male","count":134,"tested":614,"color":"rgb(31,119,180)"},{"description":"Unknown/Left Blank","count":19,"tested":43,"color":"rgb(44,160,44)"}]}
