{"age":[{"age_group":"<20","count":8,"tested":123},{"age_group":"20-29   ","count":18,"tested":279},{"age_group":"30-39   ","count":15,"tested":163},{"age_group":"40-49   ","count":19,"tested":230},{"age_group":"50-59   ","count":12,"tested":183},{"age_group":"60-69   ","count":10,"tested":167},{"age_group":"70-79   ","count":6,"tested":69},{"age_group":"80+","count":6,"tested":53}],"race":[{"description":"White","count":63,"tested":673,"color":"rgb(31,119,180)"},{"description":"Hispanic","count":8,"tested":49,"color":"rgb(214,39,40)"},{"description":"Left Blank","count":22,"tested":524,"color":"rgb(44,160,44)"}],"gender":[{"description":"Female","count":39,"tested":755,"color":"rgb(255,127,14)"},{"description":"Male","count":55,"tested":507,"color":"rgb(31,119,180)"}]}
