{"age":[{"age_group":"<20","count":193,"tested":1698},{"age_group":"20-29   ","count":228,"tested":2743},{"age_group":"30-39   ","count":221,"tested":2256},{"age_group":"40-49   ","count":254,"tested":1877},{"age_group":"50-59   ","count":175,"tested":2048},{"age_group":"60-69   ","count":139,"tested":2055},{"age_group":"70-79   ","count":61,"tested":1358},{"age_group":"80+","count":54,"tested":3489}],"race":[{"description":"Other","count":76,"tested":529,"color":"rgb(148,103,189)"},{"description":"White","count":435,"tested":5181,"color":"rgb(31,119,180)"},{"description":"Asian","count":41,"tested":591,"color":"rgb(140,86,75)"},{"description":"Hispanic","count":447,"tested":2068,"color":"rgb(214,39,40)"},{"description":"Left Blank","count":306,"tested":9016,"color":"rgb(44,160,44)"},{"description":"Black","count":18,"tested":149,"color":"rgb(255,127,14)"}],"gender":[{"description":"Male","count":663,"tested":6490,"color":"rgb(31,119,180)"},{"description":"Unknown/Left Blank","count":15,"tested":633,"color":"rgb(44,160,44)"},{"description":"Female","count":647,"tested":10427,"color":"rgb(255,127,14)"}]}
