{"age":[{"age_group":"<20","count":9,"tested":235},{"age_group":"20-29   ","count":28,"tested":542},{"age_group":"30-39   ","count":16,"tested":310},{"age_group":"40-49   ","count":12,"tested":277},{"age_group":"50-59   ","count":10,"tested":264},{"age_group":"60-69   ","count":10,"tested":241}],"race":[{"description":"Hispanic","count":13,"tested":148,"color":"rgb(214,39,40)"},{"description":"Left Blank","count":22,"tested":895,"color":"rgb(44,160,44)"},{"description":"Other","count":6,"tested":129,"color":"rgb(148,103,189)"},{"description":"Black","count":13,"tested":202,"color":"rgb(255,127,14)"},{"description":"White","count":30,"tested":645,"color":"rgb(31,119,180)"}],"gender":[{"description":"Female","count":39,"tested":1042,"color":"rgb(255,127,14)"},{"description":"Male","count":50,"tested":1075,"color":"rgb(31,119,180)"}]}
