{"age":[{"age_group":"<20","count":153,"tested":1487},{"age_group":"20-29   ","count":185,"tested":2408},{"age_group":"30-39   ","count":148,"tested":2722},{"age_group":"40-49   ","count":165,"tested":2734},{"age_group":"50-59   ","count":195,"tested":3187},{"age_group":"60-69   ","count":206,"tested":3404},{"age_group":"70-79   ","count":177,"tested":2503},{"age_group":"80+","count":201,"tested":2614}],"race":[{"description":"Hispanic","count":41,"tested":526,"color":"rgb(214,39,40)"},{"description":"Black","count":46,"tested":1994,"color":"rgb(255,127,14)"},{"description":"Other","count":40,"tested":442,"color":"rgb(148,103,189)"},{"description":"White","count":629,"tested":7330,"color":"rgb(31,119,180)"},{"description":"Asian","count":14,"tested":651,"color":"rgb(140,86,75)"},{"description":"Left Blank","count":660,"tested":10110,"color":"rgb(44,160,44)"}],"gender":[{"description":"Unknown/Left Blank","count":14,"tested":315,"color":"rgb(44,160,44)"},{"description":"Male","count":641,"tested":7214,"color":"rgb(31,119,180)"},{"description":"Female","count":775,"tested":13533,"color":"rgb(255,127,14)"}]}
