{"age":[{"age_group":"<20","count":165,"tested":1347},{"age_group":"20-29   ","count":194,"tested":1652},{"age_group":"30-39   ","count":183,"tested":1492},{"age_group":"40-49   ","count":158,"tested":1388},{"age_group":"50-59   ","count":183,"tested":1644},{"age_group":"60-69   ","count":132,"tested":1543},{"age_group":"70-79   ","count":78,"tested":1194},{"age_group":"80+","count":53,"tested":1230}],"race":[{"description":"White","count":692,"tested":5703,"color":"rgb(31,119,180)"},{"description":"Other","count":21,"tested":226,"color":"rgb(148,103,189)"},{"description":"Left Blank","count":262,"tested":4630,"color":"rgb(44,160,44)"},{"description":"Hispanic","count":155,"tested":814,"color":"rgb(214,39,40)"},{"description":"Asian","count":7,"tested":41,"color":"rgb(140,86,75)"},{"description":"Black","count":8,"tested":65,"color":"rgb(255,127,14)"}],"gender":[{"description":"Male","count":537,"tested":4319,"color":"rgb(31,119,180)"},{"description":"Female","count":602,"tested":6845,"color":"rgb(255,127,14)"}]}
