{"age":[{"age_group":"<20","count":766,"tested":8686},{"age_group":"20-29   ","count":1102,"tested":12372},{"age_group":"30-39   ","count":1086,"tested":14971},{"age_group":"40-49   ","count":922,"tested":11286},{"age_group":"50-59   ","count":891,"tested":10439},{"age_group":"60-69   ","count":600,"tested":8885},{"age_group":"70-79   ","count":289,"tested":4673},{"age_group":"80+","count":208,"tested":3637}],"race":[{"description":"NH/PI*","count":23,"tested":243,"color":"rgb(127,127,127)"},{"description":"AI/AN**","count":12,"tested":90,"color":"rgb(31,119,180)"},{"description":"White","count":2030,"tested":25038,"color":"rgb(31,119,180)"},{"description":"Other","count":354,"tested":4075,"color":"rgb(148,103,189)"},{"description":"Left Blank","count":1061,"tested":26030,"color":"rgb(44,160,44)"},{"description":"Hispanic","count":1812,"tested":13182,"color":"rgb(214,39,40)"},{"description":"Black","count":80,"tested":1203,"color":"rgb(255,127,14)"},{"description":"Asian","count":492,"tested":5105,"color":"rgb(140,86,75)"}],"gender":[{"description":"Male","count":2905,"tested":33046,"color":"rgb(31,119,180)"},{"description":"Unknown/Left Blank","count":58,"tested":1341,"color":"rgb(44,160,44)"},{"description":"Female","count":2901,"tested":40579,"color":"rgb(255,127,14)"}]}
