{"age":[{"age_group":"<20","count":557,"tested":4819},{"age_group":"20-29   ","count":766,"tested":7935},{"age_group":"30-39   ","count":663,"tested":6932},{"age_group":"40-49   ","count":544,"tested":5832},{"age_group":"50-59   ","count":618,"tested":7198},{"age_group":"60-69   ","count":475,"tested":6436},{"age_group":"70-79   ","count":237,"tested":3574},{"age_group":"80+","count":127,"tested":2368}],"race":[{"description":"Left Blank","count":1449,"tested":19486,"color":"rgb(44,160,44)"},{"description":"Other","count":173,"tested":1674,"color":"rgb(148,103,189)"},{"description":"White","count":1866,"tested":18632,"color":"rgb(31,119,180)"},{"description":"Black","count":197,"tested":2605,"color":"rgb(255,127,14)"},{"description":"Asian","count":78,"tested":950,"color":"rgb(140,86,75)"},{"description":"Hispanic","count":216,"tested":1656,"color":"rgb(214,39,40)"}],"gender":[{"description":"Male","count":1864,"tested":18670,"color":"rgb(31,119,180)"},{"description":"Unknown/Left Blank","count":26,"tested":749,"color":"rgb(44,160,44)"},{"description":"Female","count":2097,"tested":25718,"color":"rgb(255,127,14)"}]}
