{"age":[{"age_group":"<20","count":37,"tested":326},{"age_group":"20-29   ","count":33,"tested":214},{"age_group":"30-39   ","count":25,"tested":166},{"age_group":"40-49   ","count":26,"tested":141},{"age_group":"50-59   ","count":36,"tested":246},{"age_group":"60-69   ","count":22,"tested":184},{"age_group":"70-79   ","count":13,"tested":122},{"age_group":"80+","count":9,"tested":56}],"race":[{"description":"Left Blank","count":46,"tested":472,"color":"rgb(44,160,44)"},{"description":"White","count":149,"tested":951,"color":"rgb(31,119,180)"}],"gender":[{"description":"Female","count":114,"tested":836,"color":"rgb(255,127,14)"},{"description":"Male","count":84,"tested":613,"color":"rgb(31,119,180)"}]}
