{"age":[{"age_group":"<20","count":26,"tested":574},{"age_group":"20-29   ","count":381,"tested":7708},{"age_group":"30-39   ","count":334,"tested":7191},{"age_group":"40-49   ","count":61,"tested":1687},{"age_group":"50-59   ","count":39,"tested":1107},{"age_group":"60-69   ","count":25,"tested":501}],"race":[{"description":"Left Blank","count":319,"tested":8039,"color":"rgb(44,160,44)"},{"description":"Hispanic","count":43,"tested":633,"color":"rgb(214,39,40)"},{"description":"Other","count":48,"tested":1142,"color":"rgb(148,103,189)"},{"description":"White","count":339,"tested":6188,"color":"rgb(31,119,180)"},{"description":"Asian","count":81,"tested":2354,"color":"rgb(140,86,75)"},{"description":"Black","count":37,"tested":635,"color":"rgb(255,127,14)"}],"gender":[{"description":"Unknown/Left Blank","count":22,"tested":185,"color":"rgb(44,160,44)"},{"description":"Female","count":396,"tested":9658,"color":"rgb(255,127,14)"},{"description":"Male","count":451,"tested":9192,"color":"rgb(31,119,180)"}]}
