{"age":[{"age_group":"<20","count":166,"tested":1330},{"age_group":"20-29   ","count":137,"tested":1295},{"age_group":"30-39   ","count":118,"tested":1196},{"age_group":"40-49   ","count":130,"tested":1023},{"age_group":"50-59   ","count":121,"tested":1236},{"age_group":"60-69   ","count":85,"tested":821},{"age_group":"70-79   ","count":29,"tested":490},{"age_group":"80+","count":14,"tested":261}],"race":[{"description":"Black","count":7,"tested":62,"color":"rgb(255,127,14)"},{"description":"Hispanic","count":113,"tested":468,"color":"rgb(214,39,40)"},{"description":"Left Blank","count":219,"tested":3086,"color":"rgb(44,160,44)"},{"description":"Other","count":6,"tested":79,"color":"rgb(148,103,189)"},{"description":"White","count":452,"tested":3926,"color":"rgb(31,119,180)"}],"gender":[{"description":"Male","count":388,"tested":3064,"color":"rgb(31,119,180)"},{"description":"Female","count":412,"tested":4550,"color":"rgb(255,127,14)"}]}
