{"age":[{"age_group":"<20","count":128,"tested":1500},{"age_group":"20-29   ","count":129,"tested":2934},{"age_group":"30-39   ","count":111,"tested":2245},{"age_group":"40-49   ","count":126,"tested":2310},{"age_group":"50-59   ","count":151,"tested":2951},{"age_group":"60-69   ","count":103,"tested":2585},{"age_group":"70-79   ","count":71,"tested":2026},{"age_group":"80+","count":67,"tested":3008}],"race":[{"description":"Black","count":18,"tested":479,"color":"rgb(255,127,14)"},{"description":"Other","count":11,"tested":208,"color":"rgb(148,103,189)"},{"description":"Left Blank","count":251,"tested":13291,"color":"rgb(44,160,44)"},{"description":"White","count":531,"tested":5047,"color":"rgb(31,119,180)"},{"description":"Hispanic","count":74,"tested":454,"color":"rgb(214,39,40)"}],"gender":[{"description":"Male","count":383,"tested":5800,"color":"rgb(31,119,180)"},{"description":"Female","count":502,"tested":13328,"color":"rgb(255,127,14)"}]}
