{"age":[{"age_group":"<20","count":836,"tested":10333},{"age_group":"20-29   ","count":902,"tested":13266},{"age_group":"30-39   ","count":863,"tested":12990},{"age_group":"40-49   ","count":719,"tested":12386},{"age_group":"50-59   ","count":683,"tested":12577},{"age_group":"60-69   ","count":534,"tested":10552},{"age_group":"70-79   ","count":218,"tested":4814},{"age_group":"80+","count":162,"tested":3086}],"race":[{"description":"Hispanic","count":948,"tested":5227,"color":"rgb(214,39,40)"},{"description":"Asian","count":451,"tested":5033,"color":"rgb(140,86,75)"},{"description":"White","count":1251,"tested":15249,"color":"rgb(31,119,180)"},{"description":"Left Blank","count":1275,"tested":44260,"color":"rgb(44,160,44)"},{"description":"Black","count":504,"tested":6261,"color":"rgb(255,127,14)"},{"description":"NH/PI*","count":6,"tested":114,"color":"rgb(127,127,127)"},{"description":"Other","count":472,"tested":3737,"color":"rgb(148,103,189)"},{"description":"AI/AN**","count":10,"tested":150,"color":"rgb(31,119,180)"}],"gender":[{"description":"Unknown/Left Blank","count":38,"tested":2874,"color":"rgb(44,160,44)"},{"description":"Male","count":2408,"tested":33920,"color":"rgb(31,119,180)"},{"description":"Female","count":2471,"tested":43237,"color":"rgb(255,127,14)"}]}
