{"age":[{"age_group":"<20","count":66,"tested":590},{"age_group":"20-29   ","count":55,"tested":545},{"age_group":"30-39   ","count":53,"tested":630},{"age_group":"40-49   ","count":58,"tested":475},{"age_group":"50-59   ","count":47,"tested":775},{"age_group":"60-69   ","count":44,"tested":581},{"age_group":"70-79   ","count":19,"tested":211},{"age_group":"80+","count":10,"tested":138}],"race":[{"description":"Left Blank","count":76,"tested":1399,"color":"rgb(44,160,44)"},{"description":"White","count":249,"tested":2242,"color":"rgb(31,119,180)"},{"description":"Hispanic","count":16,"tested":187,"color":"rgb(214,39,40)"}],"gender":[{"description":"Male","count":165,"tested":1597,"color":"rgb(31,119,180)"},{"description":"Female","count":186,"tested":2278,"color":"rgb(255,127,14)"}]}
