{"age":[{"age_group":"<20","count":148,"tested":1312},{"age_group":"20-29   ","count":158,"tested":2255},{"age_group":"30-39   ","count":138,"tested":2299},{"age_group":"40-49   ","count":159,"tested":2569},{"age_group":"50-59   ","count":143,"tested":3021},{"age_group":"60-69   ","count":117,"tested":2865},{"age_group":"70-79   ","count":58,"tested":1292},{"age_group":"80+","count":38,"tested":823}],"race":[{"description":"Other","count":15,"tested":201,"color":"rgb(148,103,189)"},{"description":"Black","count":495,"tested":5776,"color":"rgb(255,127,14)"},{"description":"White","count":82,"tested":1024,"color":"rgb(31,119,180)"},{"description":"Left Blank","count":295,"tested":8947,"color":"rgb(44,160,44)"},{"description":"Hispanic","count":71,"tested":440,"color":"rgb(214,39,40)"}],"gender":[{"description":"Female","count":517,"tested":9560,"color":"rgb(255,127,14)"},{"description":"Male","count":438,"tested":6453,"color":"rgb(31,119,180)"}]}
