{"age":[{"age_group":"<20","count":413,"tested":4753},{"age_group":"20-29   ","count":491,"tested":5229},{"age_group":"30-39   ","count":384,"tested":4315},{"age_group":"40-49   ","count":404,"tested":4181},{"age_group":"50-59   ","count":438,"tested":4685},{"age_group":"60-69   ","count":265,"tested":3260},{"age_group":"70-79   ","count":158,"tested":2016},{"age_group":"80+","count":66,"tested":1431}],"race":[{"description":"Black","count":104,"tested":691,"color":"rgb(255,127,14)"},{"description":"Asian","count":43,"tested":365,"color":"rgb(140,86,75)"},{"description":"Other","count":40,"tested":387,"color":"rgb(148,103,189)"},{"description":"Hispanic","count":204,"tested":1203,"color":"rgb(214,39,40)"},{"description":"Left Blank","count":260,"tested":11144,"color":"rgb(44,160,44)"},{"description":"White","count":1964,"tested":16052,"color":"rgb(31,119,180)"}],"gender":[{"description":"Female","count":1395,"tested":17687,"color":"rgb(255,127,14)"},{"description":"Male","count":1218,"tested":11920,"color":"rgb(31,119,180)"}]}
