{"age":[{"age_group":"<20","count":1045,"tested":10338},{"age_group":"20-29   ","count":1164,"tested":14399},{"age_group":"30-39   ","count":1045,"tested":13516},{"age_group":"40-49   ","count":981,"tested":11984},{"age_group":"50-59   ","count":876,"tested":14095},{"age_group":"60-69   ","count":513,"tested":9927},{"age_group":"70-79   ","count":289,"tested":6636},{"age_group":"80+","count":180,"tested":5113}],"race":[{"description":"Asian","count":295,"tested":4717,"color":"rgb(140,86,75)"},{"description":"Other","count":269,"tested":2846,"color":"rgb(148,103,189)"},{"description":"Left Blank","count":1603,"tested":40216,"color":"rgb(44,160,44)"},{"description":"White","count":1235,"tested":16880,"color":"rgb(31,119,180)"},{"description":"Black","count":902,"tested":10629,"color":"rgb(255,127,14)"},{"description":"Hispanic","count":1771,"tested":10568,"color":"rgb(214,39,40)"},{"description":"AI/AN**","count":12,"tested":87,"color":"rgb(31,119,180)"},{"description":"NH/PI*","count":6,"tested":89,"color":"rgb(127,127,127)"}],"gender":[{"description":"Male","count":2867,"tested":33893,"color":"rgb(31,119,180)"},{"description":"Unknown/Left Blank","count":41,"tested":1207,"color":"rgb(44,160,44)"},{"description":"Female","count":3185,"tested":50932,"color":"rgb(255,127,14)"}]}
