{"age":[{"age_group":"<20","count":271,"tested":3072},{"age_group":"20-29   ","count":239,"tested":4310},{"age_group":"30-39   ","count":286,"tested":4695},{"age_group":"40-49   ","count":307,"tested":4880},{"age_group":"50-59   ","count":252,"tested":5352},{"age_group":"60-69   ","count":211,"tested":5132},{"age_group":"70-79   ","count":113,"tested":3465},{"age_group":"80+","count":95,"tested":2416}],"race":[{"description":"Black","count":628,"tested":10463,"color":"rgb(255,127,14)"},{"description":"Asian","count":12,"tested":202,"color":"rgb(140,86,75)"},{"description":"Hispanic","count":92,"tested":819,"color":"rgb(214,39,40)"},{"description":"Other","count":46,"tested":582,"color":"rgb(148,103,189)"},{"description":"White","count":393,"tested":7033,"color":"rgb(31,119,180)"},{"description":"Left Blank","count":601,"tested":14195,"color":"rgb(44,160,44)"}],"gender":[{"description":"Male","count":774,"tested":13399,"color":"rgb(31,119,180)"},{"description":"Unknown/Left Blank","count":13,"tested":473,"color":"rgb(44,160,44)"},{"description":"Female","count":987,"tested":19503,"color":"rgb(255,127,14)"}]}
