{"age":[{"age_group":"<20","count":220,"tested":1648},{"age_group":"20-29   ","count":209,"tested":2123},{"age_group":"30-39   ","count":252,"tested":2244},{"age_group":"40-49   ","count":178,"tested":1699},{"age_group":"50-59   ","count":188,"tested":2041},{"age_group":"60-69   ","count":154,"tested":1624},{"age_group":"70-79   ","count":40,"tested":685},{"age_group":"80+","count":26,"tested":501}],"race":[{"description":"Other","count":52,"tested":593,"color":"rgb(148,103,189)"},{"description":"Left Blank","count":221,"tested":3443,"color":"rgb(44,160,44)"},{"description":"White","count":553,"tested":5294,"color":"rgb(31,119,180)"},{"description":"Black","count":20,"tested":187,"color":"rgb(255,127,14)"},{"description":"Asian","count":22,"tested":228,"color":"rgb(140,86,75)"},{"description":"Hispanic","count":397,"tested":2792,"color":"rgb(214,39,40)"}],"gender":[{"description":"Male","count":613,"tested":5666,"color":"rgb(31,119,180)"},{"description":"Female","count":650,"tested":6731,"color":"rgb(255,127,14)"}]}
