{"age":[{"age_group":"<20","count":337,"tested":3672},{"age_group":"20-29   ","count":395,"tested":5939},{"age_group":"30-39   ","count":360,"tested":6146},{"age_group":"40-49   ","count":387,"tested":5869},{"age_group":"50-59   ","count":408,"tested":6965},{"age_group":"60-69   ","count":395,"tested":6970},{"age_group":"70-79   ","count":243,"tested":4659},{"age_group":"80+","count":200,"tested":4466}],"race":[{"description":"Hispanic","count":322,"tested":1509,"color":"rgb(214,39,40)"},{"description":"Left Blank","count":515,"tested":27480,"color":"rgb(44,160,44)"},{"description":"White","count":1471,"tested":11519,"color":"rgb(31,119,180)"},{"description":"Black","count":95,"tested":946,"color":"rgb(255,127,14)"},{"description":"Asian","count":227,"tested":2182,"color":"rgb(140,86,75)"},{"description":"AI/AN**","count":8,"tested":50,"color":"rgb(31,119,180)"},{"description":"Other","count":83,"tested":968,"color":"rgb(148,103,189)"}],"gender":[{"description":"Female","count":1389,"tested":25387,"color":"rgb(255,127,14)"},{"description":"Male","count":1326,"tested":18223,"color":"rgb(31,119,180)"}]}
