{"age":[{"age_group":"<20","count":360,"tested":3982},{"age_group":"20-29   ","count":473,"tested":5037},{"age_group":"30-39   ","count":258,"tested":3096},{"age_group":"40-49   ","count":337,"tested":3743},{"age_group":"50-59   ","count":463,"tested":4947},{"age_group":"60-69   ","count":353,"tested":4391},{"age_group":"70-79   ","count":169,"tested":3412},{"age_group":"80+","count":166,"tested":5869}],"race":[{"description":"Black","count":49,"tested":621,"color":"rgb(255,127,14)"},{"description":"Hispanic","count":93,"tested":863,"color":"rgb(214,39,40)"},{"description":"Asian","count":78,"tested":992,"color":"rgb(140,86,75)"},{"description":"White","count":1317,"tested":14306,"color":"rgb(31,119,180)"},{"description":"Other","count":110,"tested":1256,"color":"rgb(148,103,189)"},{"description":"Left Blank","count":926,"tested":16403,"color":"rgb(44,160,44)"}],"gender":[{"description":"Male","count":1217,"tested":14473,"color":"rgb(31,119,180)"},{"description":"Female","count":1345,"tested":19189,"color":"rgb(255,127,14)"}]}
