{"age":[{"age_group":"<20","count":14,"tested":640},{"age_group":"20-29   ","count":132,"tested":3372},{"age_group":"30-39   ","count":83,"tested":2537},{"age_group":"40-49   ","count":36,"tested":1145},{"age_group":"50-59   ","count":29,"tested":1003},{"age_group":"60-69   ","count":20,"tested":752},{"age_group":"70-79   ","count":11,"tested":400}],"race":[{"description":"Black","count":30,"tested":882,"color":"rgb(255,127,14)"},{"description":"Hispanic","count":27,"tested":447,"color":"rgb(214,39,40)"},{"description":"Asian","count":20,"tested":991,"color":"rgb(140,86,75)"},{"description":"Left Blank","count":120,"tested":5016,"color":"rgb(44,160,44)"},{"description":"Other","count":14,"tested":438,"color":"rgb(148,103,189)"},{"description":"White","count":117,"tested":2264,"color":"rgb(31,119,180)"}],"gender":[{"description":"Male","count":201,"tested":5865,"color":"rgb(31,119,180)"},{"description":"Female","count":124,"tested":3998,"color":"rgb(255,127,14)"}]}
