{"age":[{"age_group":"<20","count":817,"tested":16713},{"age_group":"20-29   ","count":681,"tested":10050},{"age_group":"30-39   ","count":568,"tested":10654},{"age_group":"40-49   ","count":600,"tested":9656},{"age_group":"50-59   ","count":619,"tested":10594},{"age_group":"60-69   ","count":412,"tested":8980},{"age_group":"70-79   ","count":220,"tested":5204},{"age_group":"80+","count":186,"tested":6784}],"race":[{"description":"Black","count":66,"tested":1550,"color":"rgb(255,127,14)"},{"description":"Asian","count":174,"tested":3943,"color":"rgb(140,86,75)"},{"description":"White","count":2449,"tested":42220,"color":"rgb(31,119,180)"},{"description":"Other","count":151,"tested":2025,"color":"rgb(148,103,189)"},{"description":"Left Blank","count":855,"tested":24907,"color":"rgb(44,160,44)"},{"description":"AI/AN**","count":7,"tested":36,"color":"rgb(31,119,180)"},{"description":"Hispanic","count":400,"tested":4038,"color":"rgb(214,39,40)"}],"gender":[{"description":"Female","count":2042,"tested":42251,"color":"rgb(255,127,14)"},{"description":"Male","count":2017,"tested":34378,"color":"rgb(31,119,180)"},{"description":"Unknown/Left Blank","count":45,"tested":2175,"color":"rgb(44,160,44)"}]}
