{"age":[{"age_group":"<20","count":102,"tested":2293},{"age_group":"20-29   ","count":93,"tested":3625},{"age_group":"30-39   ","count":53,"tested":2199},{"age_group":"40-49   ","count":77,"tested":3126},{"age_group":"50-59   ","count":101,"tested":3539},{"age_group":"60-69   ","count":64,"tested":2957},{"age_group":"70-79   ","count":58,"tested":2657},{"age_group":"80+","count":107,"tested":7110}],"race":[{"description":"Other","count":40,"tested":607,"color":"rgb(148,103,189)"},{"description":"Left Blank","count":165,"tested":15895,"color":"rgb(44,160,44)"},{"description":"White","count":385,"tested":7718,"color":"rgb(31,119,180)"},{"description":"Asian","count":30,"tested":1537,"color":"rgb(140,86,75)"},{"description":"Hispanic","count":27,"tested":1154,"color":"rgb(214,39,40)"},{"description":"Black","count":6,"tested":583,"color":"rgb(255,127,14)"}],"gender":[{"description":"Male","count":303,"tested":9662,"color":"rgb(31,119,180)"},{"description":"Female","count":345,"tested":16713,"color":"rgb(255,127,14)"}]}
