{"age":[{"age_group":"<20","count":339,"tested":10617},{"age_group":"20-29   ","count":289,"tested":6415},{"age_group":"30-39   ","count":258,"tested":4606},{"age_group":"40-49   ","count":340,"tested":5435},{"age_group":"50-59   ","count":319,"tested":5658},{"age_group":"60-69   ","count":148,"tested":3786},{"age_group":"70-79   ","count":90,"tested":2170},{"age_group":"80+","count":100,"tested":3266}],"race":[{"description":"Asian","count":171,"tested":4771,"color":"rgb(140,86,75)"},{"description":"Black","count":42,"tested":816,"color":"rgb(255,127,14)"},{"description":"Other","count":127,"tested":1440,"color":"rgb(148,103,189)"},{"description":"Left Blank","count":383,"tested":15547,"color":"rgb(44,160,44)"},{"description":"White","count":816,"tested":16262,"color":"rgb(31,119,180)"},{"description":"Hispanic","count":335,"tested":2810,"color":"rgb(214,39,40)"}],"gender":[{"description":"Female","count":962,"tested":23223,"color":"rgb(255,127,14)"},{"description":"Male","count":901,"tested":18024,"color":"rgb(31,119,180)"},{"description":"Unknown/Left Blank","count":22,"tested":738,"color":"rgb(44,160,44)"}]}
