{"age":[{"age_group":"<20","count":312,"tested":2766},{"age_group":"20-29   ","count":238,"tested":2953},{"age_group":"30-39   ","count":238,"tested":2775},{"age_group":"40-49   ","count":258,"tested":2224},{"age_group":"50-59   ","count":211,"tested":2599},{"age_group":"60-69   ","count":143,"tested":2106},{"age_group":"70-79   ","count":45,"tested":909},{"age_group":"80+","count":22,"tested":432}],"race":[{"description":"Black","count":38,"tested":428,"color":"rgb(255,127,14)"},{"description":"Asian","count":41,"tested":481,"color":"rgb(140,86,75)"},{"description":"White","count":703,"tested":7113,"color":"rgb(31,119,180)"},{"description":"Other","count":37,"tested":465,"color":"rgb(148,103,189)"},{"description":"Hispanic","count":460,"tested":1964,"color":"rgb(214,39,40)"},{"description":"Left Blank","count":184,"tested":6275,"color":"rgb(44,160,44)"}],"gender":[{"description":"Female","count":754,"tested":9362,"color":"rgb(255,127,14)"},{"description":"Male","count":708,"tested":7272,"color":"rgb(31,119,180)"}]}
