{"age":[{"age_group":"<20","count":49,"tested":548},{"age_group":"20-29   ","count":49,"tested":457},{"age_group":"30-39   ","count":36,"tested":309},{"age_group":"40-49   ","count":44,"tested":421},{"age_group":"50-59   ","count":58,"tested":618},{"age_group":"60-69   ","count":49,"tested":590},{"age_group":"70-79   ","count":17,"tested":330},{"age_group":"80+","count":10,"tested":126}],"race":[{"description":"Hispanic","count":18,"tested":86,"color":"rgb(214,39,40)"},{"description":"White","count":240,"tested":1786,"color":"rgb(31,119,180)"},{"description":"Left Blank","count":34,"tested":1286,"color":"rgb(44,160,44)"},{"description":"Black","count":9,"tested":92,"color":"rgb(255,127,14)"}],"gender":[{"description":"Male","count":155,"tested":1562,"color":"rgb(31,119,180)"},{"description":"Female","count":156,"tested":1824,"color":"rgb(255,127,14)"}]}
