{"age":[{"age_group":"<20","count":669,"tested":11069},{"age_group":"20-29   ","count":542,"tested":8625},{"age_group":"30-39   ","count":420,"tested":9039},{"age_group":"40-49   ","count":524,"tested":9322},{"age_group":"50-59   ","count":572,"tested":10413},{"age_group":"60-69   ","count":421,"tested":8655},{"age_group":"70-79   ","count":193,"tested":4972},{"age_group":"80+","count":269,"tested":6652}],"race":[{"description":"NH/PI*","count":8,"tested":68,"color":"rgb(127,127,127)"},{"description":"Black","count":23,"tested":403,"color":"rgb(255,127,14)"},{"description":"Asian","count":89,"tested":2036,"color":"rgb(140,86,75)"},{"description":"White","count":2045,"tested":27063,"color":"rgb(31,119,180)"},{"description":"Hispanic","count":175,"tested":2066,"color":"rgb(214,39,40)"},{"description":"Other","count":174,"tested":2064,"color":"rgb(148,103,189)"},{"description":"Left Blank","count":1094,"tested":35041,"color":"rgb(44,160,44)"}],"gender":[{"description":"Female","count":1854,"tested":39609,"color":"rgb(255,127,14)"},{"description":"Male","count":1697,"tested":28261,"color":"rgb(31,119,180)"},{"description":"Unknown/Left Blank","count":59,"tested":898,"color":"rgb(44,160,44)"}]}
