{"age":[{"age_group":"<20","count":417,"tested":4951},{"age_group":"20-29   ","count":143,"tested":2040},{"age_group":"30-39   ","count":125,"tested":1630},{"age_group":"40-49   ","count":176,"tested":2118},{"age_group":"50-59   ","count":211,"tested":2660},{"age_group":"60-69   ","count":83,"tested":2100},{"age_group":"70-79   ","count":37,"tested":1093},{"age_group":"80+","count":16,"tested":604}],"race":[{"description":"Left Blank","count":494,"tested":7910,"color":"rgb(44,160,44)"},{"description":"Other","count":39,"tested":590,"color":"rgb(148,103,189)"},{"description":"White","count":645,"tested":8205,"color":"rgb(31,119,180)"},{"description":"Hispanic","count":22,"tested":270,"color":"rgb(214,39,40)"}],"gender":[{"description":"Unknown/Left Blank","count":26,"tested":268,"color":"rgb(44,160,44)"},{"description":"Male","count":609,"tested":8072,"color":"rgb(31,119,180)"},{"description":"Female","count":573,"tested":8856,"color":"rgb(255,127,14)"}]}
