{"age":[{"age_group":"<20","count":133,"tested":1169},{"age_group":"20-29   ","count":150,"tested":2106},{"age_group":"30-39   ","count":130,"tested":2108},{"age_group":"40-49   ","count":152,"tested":2422},{"age_group":"50-59   ","count":133,"tested":2850},{"age_group":"60-69   ","count":117,"tested":2740},{"age_group":"70-79   ","count":55,"tested":1223},{"age_group":"80+","count":36,"tested":787}],"race":[{"description":"White","count":81,"tested":952,"color":"rgb(31,119,180)"},{"description":"Black","count":446,"tested":5260,"color":"rgb(255,127,14)"},{"description":"Other","count":15,"tested":183,"color":"rgb(148,103,189)"},{"description":"Left Blank","count":293,"tested":8560,"color":"rgb(44,160,44)"},{"description":"Hispanic","count":70,"tested":403,"color":"rgb(214,39,40)"}],"gender":[{"description":"Female","count":486,"tested":8935,"color":"rgb(255,127,14)"},{"description":"Male","count":416,"tested":6060,"color":"rgb(31,119,180)"}]}
