{"age":[{"age_group":"<20","count":44,"tested":308},{"age_group":"20-29   ","count":44,"tested":404},{"age_group":"30-39   ","count":30,"tested":270},{"age_group":"40-49   ","count":21,"tested":206},{"age_group":"50-59   ","count":55,"tested":586},{"age_group":"60-69   ","count":37,"tested":412},{"age_group":"70-79   ","count":12,"tested":246},{"age_group":"80+","count":7,"tested":72}],"race":[{"description":"Other","count":6,"tested":71,"color":"rgb(148,103,189)"},{"description":"Left Blank","count":52,"tested":980,"color":"rgb(44,160,44)"},{"description":"White","count":161,"tested":1216,"color":"rgb(31,119,180)"},{"description":"Hispanic","count":13,"tested":104,"color":"rgb(214,39,40)"},{"description":"Asian","count":16,"tested":106,"color":"rgb(140,86,75)"}],"gender":[{"description":"Male","count":133,"tested":1253,"color":"rgb(31,119,180)"},{"description":"Female","count":116,"tested":1213,"color":"rgb(255,127,14)"}]}
