{"age":[{"age_group":"<20","count":434,"tested":51243},{"age_group":"20-29   ","count":244,"tested":7652},{"age_group":"30-39   ","count":208,"tested":5518},{"age_group":"40-49   ","count":256,"tested":6487},{"age_group":"50-59   ","count":289,"tested":8035},{"age_group":"60-69   ","count":194,"tested":6883},{"age_group":"70-79   ","count":132,"tested":4652},{"age_group":"80+","count":177,"tested":8062}],"race":[{"description":"Other","count":144,"tested":4152,"color":"rgb(148,103,189)"},{"description":"White","count":1153,"tested":57920,"color":"rgb(31,119,180)"},{"description":"Black","count":26,"tested":932,"color":"rgb(255,127,14)"},{"description":"Asian","count":71,"tested":2800,"color":"rgb(140,86,75)"},{"description":"Left Blank","count":457,"tested":28890,"color":"rgb(44,160,44)"},{"description":"Hispanic","count":79,"tested":3732,"color":"rgb(214,39,40)"}],"gender":[{"description":"Female","count":987,"tested":52906,"color":"rgb(255,127,14)"},{"description":"Male","count":923,"tested":45002,"color":"rgb(31,119,180)"},{"description":"Unknown/Left Blank","count":25,"tested":631,"color":"rgb(44,160,44)"}]}
