{"age":[{"age_group":"<20","count":15,"tested":116},{"age_group":"20-29   ","count":20,"tested":188},{"age_group":"30-39   ","count":11,"tested":103},{"age_group":"40-49   ","count":13,"tested":108},{"age_group":"50-59   ","count":15,"tested":215},{"age_group":"60-69   ","count":7,"tested":88},{"age_group":"70-79   ","count":7,"tested":71}],"race":[{"description":"Other","count":10,"tested":43,"color":"rgb(148,103,189)"},{"description":"White","count":57,"tested":608,"color":"rgb(31,119,180)"},{"description":"Left Blank","count":20,"tested":258,"color":"rgb(44,160,44)"}],"gender":[{"description":"Male","count":35,"tested":317,"color":"rgb(31,119,180)"},{"description":"Female","count":51,"tested":602,"color":"rgb(255,127,14)"}]}
