{"age":[{"age_group":"<20","count":44,"tested":605},{"age_group":"20-29   ","count":21,"tested":303},{"age_group":"30-39   ","count":14,"tested":196},{"age_group":"40-49   ","count":24,"tested":302},{"age_group":"50-59   ","count":21,"tested":284},{"age_group":"60-69   ","count":26,"tested":325},{"age_group":"70-79   ","count":13,"tested":273}],"race":[{"description":"Left Blank","count":29,"tested":555,"color":"rgb(44,160,44)"},{"description":"White","count":133,"tested":1772,"color":"rgb(31,119,180)"}],"gender":[{"description":"Male","count":81,"tested":1028,"color":"rgb(31,119,180)"},{"description":"Female","count":80,"tested":1394,"color":"rgb(255,127,14)"}]}
