{"age":[{"age_group":"<20","count":9,"tested":107},{"age_group":"20-29   ","count":7,"tested":152},{"age_group":"30-39   ","count":9,"tested":144},{"age_group":"40-49   ","count":8,"tested":93},{"age_group":"50-59   ","count":9,"tested":131},{"age_group":"60-69   ","count":9,"tested":109},{"age_group":"70-79   ","count":7,"tested":83}],"race":[{"description":"White","count":29,"tested":273,"color":"rgb(31,119,180)"},{"description":"Left Blank","count":25,"tested":548,"color":"rgb(44,160,44)"},{"description":"Hispanic","count":7,"tested":61,"color":"rgb(214,39,40)"}],"gender":[{"description":"Female","count":34,"tested":350,"color":"rgb(255,127,14)"},{"description":"Male","count":24,"tested":326,"color":"rgb(31,119,180)"}]}
