{"age":[{"age_group":"<20","count":50,"tested":428},{"age_group":"20-29   ","count":40,"tested":582},{"age_group":"30-39   ","count":34,"tested":374},{"age_group":"40-49   ","count":34,"tested":368},{"age_group":"50-59   ","count":49,"tested":575},{"age_group":"60-69   ","count":25,"tested":382},{"age_group":"80+","count":9,"tested":114}],"race":[{"description":"White","count":165,"tested":1680,"color":"rgb(31,119,180)"},{"description":"Left Blank","count":56,"tested":1079,"color":"rgb(44,160,44)"},{"description":"Hispanic","count":19,"tested":110,"color":"rgb(214,39,40)"}],"gender":[{"description":"Female","count":129,"tested":1613,"color":"rgb(255,127,14)"},{"description":"Male","count":116,"tested":1203,"color":"rgb(31,119,180)"}]}
