{"age":[{"age_group":"<20","count":303,"tested":2392},{"age_group":"20-29   ","count":302,"tested":4021},{"age_group":"30-39   ","count":298,"tested":4070},{"age_group":"40-49   ","count":303,"tested":4539},{"age_group":"50-59   ","count":296,"tested":4763},{"age_group":"60-69   ","count":211,"tested":4415},{"age_group":"70-79   ","count":80,"tested":1552},{"age_group":"80+","count":50,"tested":781}],"race":[{"description":"Black","count":255,"tested":4167,"color":"rgb(255,127,14)"},{"description":"Left Blank","count":625,"tested":13398,"color":"rgb(44,160,44)"},{"description":"Asian","count":14,"tested":221,"color":"rgb(140,86,75)"},{"description":"White","count":257,"tested":3807,"color":"rgb(31,119,180)"},{"description":"Hispanic","count":641,"tested":4413,"color":"rgb(214,39,40)"},{"description":"Other","count":50,"tested":490,"color":"rgb(148,103,189)"}],"gender":[{"description":"Female","count":954,"tested":15016,"color":"rgb(255,127,14)"},{"description":"Male","count":860,"tested":11016,"color":"rgb(31,119,180)"},{"description":"Unknown/Left Blank","count":29,"tested":514,"color":"rgb(44,160,44)"}]}
