{"age":[{"age_group":"<20","count":501,"tested":4993},{"age_group":"20-29   ","count":487,"tested":5051},{"age_group":"30-39   ","count":383,"tested":4491},{"age_group":"40-49   ","count":458,"tested":4574},{"age_group":"50-59   ","count":553,"tested":5914},{"age_group":"60-69   ","count":330,"tested":4538},{"age_group":"70-79   ","count":96,"tested":1980},{"age_group":"80+","count":67,"tested":1539}],"race":[{"description":"Hispanic","count":307,"tested":1826,"color":"rgb(214,39,40)"},{"description":"Asian","count":104,"tested":1052,"color":"rgb(140,86,75)"},{"description":"Black","count":67,"tested":741,"color":"rgb(255,127,14)"},{"description":"Left Blank","count":849,"tested":13194,"color":"rgb(44,160,44)"},{"description":"Other","count":55,"tested":588,"color":"rgb(148,103,189)"},{"description":"White","count":1483,"tested":15606,"color":"rgb(31,119,180)"},{"description":"NH/PI*","count":7,"tested":25,"color":"rgb(127,127,127)"}],"gender":[{"description":"Male","count":1404,"tested":13783,"color":"rgb(31,119,180)"},{"description":"Unknown/Left Blank","count":15,"tested":453,"color":"rgb(44,160,44)"},{"description":"Female","count":1457,"tested":18853,"color":"rgb(255,127,14)"}]}
