{"age":[{"age_group":"<20","count":259,"tested":2800},{"age_group":"20-29   ","count":319,"tested":3818},{"age_group":"30-39   ","count":270,"tested":3370},{"age_group":"40-49   ","count":273,"tested":3333},{"age_group":"50-59   ","count":290,"tested":4073},{"age_group":"60-69   ","count":179,"tested":3030},{"age_group":"70-79   ","count":89,"tested":1752},{"age_group":"80+","count":76,"tested":1359}],"race":[{"description":"White","count":781,"tested":10405,"color":"rgb(31,119,180)"},{"description":"Left Blank","count":382,"tested":7879,"color":"rgb(44,160,44)"},{"description":"Hispanic","count":396,"tested":2747,"color":"rgb(214,39,40)"},{"description":"Other","count":58,"tested":655,"color":"rgb(148,103,189)"},{"description":"Black","count":83,"tested":1272,"color":"rgb(255,127,14)"},{"description":"Asian","count":57,"tested":664,"color":"rgb(140,86,75)"}],"gender":[{"description":"Female","count":892,"tested":13435,"color":"rgb(255,127,14)"},{"description":"Male","count":853,"tested":9854,"color":"rgb(31,119,180)"}]}
