{"age":[{"age_group":"<20","count":528,"tested":5206},{"age_group":"20-29   ","count":484,"tested":7496},{"age_group":"30-39   ","count":422,"tested":6107},{"age_group":"40-49   ","count":443,"tested":5490},{"age_group":"50-59   ","count":495,"tested":5840},{"age_group":"60-69   ","count":197,"tested":3451},{"age_group":"70-79   ","count":115,"tested":2820},{"age_group":"80+","count":119,"tested":4209}],"race":[{"description":"Black","count":72,"tested":701,"color":"rgb(255,127,14)"},{"description":"Asian","count":129,"tested":1730,"color":"rgb(140,86,75)"},{"description":"Other","count":65,"tested":649,"color":"rgb(148,103,189)"},{"description":"Hispanic","count":529,"tested":2648,"color":"rgb(214,39,40)"},{"description":"Left Blank","count":865,"tested":24041,"color":"rgb(44,160,44)"},{"description":"White","count":1138,"tested":10746,"color":"rgb(31,119,180)"}],"gender":[{"description":"Unknown/Left Blank","count":59,"tested":742,"color":"rgb(44,160,44)"},{"description":"Female","count":1380,"tested":25076,"color":"rgb(255,127,14)"},{"description":"Male","count":1366,"tested":14809,"color":"rgb(31,119,180)"}]}
