{"age":[{"age_group":"<20","count":333,"tested":4380},{"age_group":"20-29   ","count":432,"tested":8166},{"age_group":"30-39   ","count":450,"tested":8211},{"age_group":"40-49   ","count":412,"tested":8106},{"age_group":"50-59   ","count":417,"tested":9123},{"age_group":"60-69   ","count":330,"tested":7983},{"age_group":"70-79   ","count":198,"tested":4076},{"age_group":"80+","count":108,"tested":3280}],"race":[{"description":"AI/AN**","count":12,"tested":70,"color":"rgb(31,119,180)"},{"description":"NH/PI*","count":18,"tested":116,"color":"rgb(127,127,127)"},{"description":"Asian","count":397,"tested":4293,"color":"rgb(140,86,75)"},{"description":"Hispanic","count":270,"tested":1674,"color":"rgb(214,39,40)"},{"description":"Black","count":156,"tested":1887,"color":"rgb(255,127,14)"},{"description":"Left Blank","count":705,"tested":34641,"color":"rgb(44,160,44)"},{"description":"Other","count":481,"tested":2980,"color":"rgb(148,103,189)"},{"description":"White","count":641,"tested":7675,"color":"rgb(31,119,180)"}],"gender":[{"description":"Female","count":1426,"tested":31358,"color":"rgb(255,127,14)"},{"description":"Male","count":1241,"tested":21059,"color":"rgb(31,119,180)"},{"description":"Unknown/Left Blank","count":13,"tested":919,"color":"rgb(44,160,44)"}]}
