{"age":[{"age_group":"20-29   ","count":7,"tested":61},{"age_group":"30-39   ","count":9,"tested":51},{"age_group":"40-49   ","count":8,"tested":90},{"age_group":"50-59   ","count":9,"tested":61},{"age_group":"60-69   ","count":10,"tested":66}],"race":[{"description":"Left Blank","count":24,"tested":168,"color":"rgb(44,160,44)"},{"description":"White","count":26,"tested":235,"color":"rgb(31,119,180)"}],"gender":[{"description":"Male","count":26,"tested":185,"color":"rgb(31,119,180)"},{"description":"Female","count":26,"tested":237,"color":"rgb(255,127,14)"}]}
