{"age":[{"age_group":"<20","count":382,"tested":4337},{"age_group":"20-29   ","count":481,"tested":4934},{"age_group":"30-39   ","count":376,"tested":4036},{"age_group":"40-49   ","count":395,"tested":3896},{"age_group":"50-59   ","count":426,"tested":4396},{"age_group":"60-69   ","count":252,"tested":3051},{"age_group":"70-79   ","count":155,"tested":1879},{"age_group":"80+","count":64,"tested":1335}],"race":[{"description":"Black","count":99,"tested":632,"color":"rgb(255,127,14)"},{"description":"Asian","count":44,"tested":343,"color":"rgb(140,86,75)"},{"description":"Other","count":33,"tested":358,"color":"rgb(148,103,189)"},{"description":"Hispanic","count":197,"tested":1116,"color":"rgb(214,39,40)"},{"description":"Left Blank","count":274,"tested":10606,"color":"rgb(44,160,44)"},{"description":"White","count":1880,"tested":14785,"color":"rgb(31,119,180)"}],"gender":[{"description":"Female","count":1350,"tested":16453,"color":"rgb(255,127,14)"},{"description":"Male","count":1175,"tested":11156,"color":"rgb(31,119,180)"}]}
