{"age":[{"age_group":"<20","count":987,"tested":8802},{"age_group":"20-29   ","count":1133,"tested":13414},{"age_group":"30-39   ","count":1006,"tested":12399},{"age_group":"40-49   ","count":960,"tested":11196},{"age_group":"50-59   ","count":858,"tested":13167},{"age_group":"60-69   ","count":498,"tested":9218},{"age_group":"70-79   ","count":284,"tested":6274},{"age_group":"80+","count":179,"tested":4929}],"race":[{"description":"Asian","count":287,"tested":4215,"color":"rgb(140,86,75)"},{"description":"Other","count":250,"tested":2574,"color":"rgb(148,103,189)"},{"description":"Left Blank","count":1583,"tested":38132,"color":"rgb(44,160,44)"},{"description":"White","count":1191,"tested":15427,"color":"rgb(31,119,180)"},{"description":"Black","count":860,"tested":9540,"color":"rgb(255,127,14)"},{"description":"Hispanic","count":1716,"tested":9383,"color":"rgb(214,39,40)"},{"description":"NH/PI*","count":6,"tested":76,"color":"rgb(127,127,127)"},{"description":"AI/AN**","count":12,"tested":76,"color":"rgb(31,119,180)"}],"gender":[{"description":"Male","count":2785,"tested":31211,"color":"rgb(31,119,180)"},{"description":"Unknown/Left Blank","count":41,"tested":1151,"color":"rgb(44,160,44)"},{"description":"Female","count":3079,"tested":47061,"color":"rgb(255,127,14)"}]}
