{"age":[{"age_group":"<20","count":252,"tested":2978},{"age_group":"20-29   ","count":172,"tested":3935},{"age_group":"30-39   ","count":134,"tested":3312},{"age_group":"40-49   ","count":196,"tested":3676},{"age_group":"50-59   ","count":167,"tested":4225},{"age_group":"60-69   ","count":111,"tested":3982},{"age_group":"70-79   ","count":47,"tested":2759},{"age_group":"80+","count":83,"tested":4535}],"race":[{"description":"White","count":591,"tested":9613,"color":"rgb(31,119,180)"},{"description":"Asian","count":6,"tested":235,"color":"rgb(140,86,75)"},{"description":"Hispanic","count":102,"tested":1217,"color":"rgb(214,39,40)"},{"description":"Black","count":34,"tested":1048,"color":"rgb(255,127,14)"},{"description":"Other","count":50,"tested":604,"color":"rgb(148,103,189)"},{"description":"Left Blank","count":379,"tested":16623,"color":"rgb(44,160,44)"}],"gender":[{"description":"Unknown/Left Blank","count":15,"tested":715,"color":"rgb(44,160,44)"},{"description":"Male","count":563,"tested":11090,"color":"rgb(31,119,180)"},{"description":"Female","count":584,"tested":17604,"color":"rgb(255,127,14)"}]}
