{"age":[{"age_group":"<20","count":650,"tested":7964},{"age_group":"20-29   ","count":602,"tested":6714},{"age_group":"30-39   ","count":589,"tested":6629},{"age_group":"40-49   ","count":670,"tested":6809},{"age_group":"50-59   ","count":585,"tested":6375},{"age_group":"60-69   ","count":276,"tested":3769},{"age_group":"70-79   ","count":142,"tested":2379},{"age_group":"80+","count":134,"tested":2122}],"race":[{"description":"Black","count":230,"tested":2500,"color":"rgb(255,127,14)"},{"description":"White","count":1610,"tested":17887,"color":"rgb(31,119,180)"},{"description":"Asian","count":84,"tested":875,"color":"rgb(140,86,75)"},{"description":"Other","count":118,"tested":1409,"color":"rgb(148,103,189)"},{"description":"Hispanic","count":631,"tested":4106,"color":"rgb(214,39,40)"},{"description":"Left Blank","count":971,"tested":15926,"color":"rgb(44,160,44)"}],"gender":[{"description":"Male","count":1734,"tested":18411,"color":"rgb(31,119,180)"},{"description":"Female","count":1894,"tested":23849,"color":"rgb(255,127,14)"},{"description":"Unknown/Left Blank","count":20,"tested":502,"color":"rgb(44,160,44)"}]}
