{"age":[{"age_group":"<20","count":1744,"tested":12549},{"age_group":"20-29   ","count":2080,"tested":18894},{"age_group":"30-39   ","count":1974,"tested":16979},{"age_group":"40-49   ","count":1998,"tested":15130},{"age_group":"50-59   ","count":1556,"tested":13689},{"age_group":"60-69   ","count":924,"tested":11220},{"age_group":"70-79   ","count":448,"tested":5314},{"age_group":"80+","count":190,"tested":1837}],"race":[{"description":"Black","count":1571,"tested":18049,"color":"rgb(255,127,14)"},{"description":"Asian","count":11,"tested":316,"color":"rgb(140,86,75)"},{"description":"Other","count":375,"tested":3802,"color":"rgb(148,103,189)"},{"description":"AI/AN**","count":7,"tested":51,"color":"rgb(31,119,180)"},{"description":"Hispanic","count":6341,"tested":30254,"color":"rgb(214,39,40)"},{"description":"Left Blank","count":2259,"tested":36752,"color":"rgb(44,160,44)"},{"description":"White","count":347,"tested":6401,"color":"rgb(31,119,180)"}],"gender":[{"description":"Unknown/Left Blank","count":118,"tested":1678,"color":"rgb(44,160,44)"},{"description":"Female","count":5625,"tested":50411,"color":"rgb(255,127,14)"},{"description":"Male","count":5171,"tested":43557,"color":"rgb(31,119,180)"}]}
