{"age":[{"age_group":"<20","count":316,"tested":3328},{"age_group":"20-29   ","count":313,"tested":3587},{"age_group":"30-39   ","count":267,"tested":3570},{"age_group":"40-49   ","count":303,"tested":2992},{"age_group":"50-59   ","count":327,"tested":3714},{"age_group":"60-69   ","count":237,"tested":3880},{"age_group":"70-79   ","count":106,"tested":2493},{"age_group":"80+","count":56,"tested":1328}],"race":[{"description":"Black","count":52,"tested":469,"color":"rgb(255,127,14)"},{"description":"Hispanic","count":156,"tested":921,"color":"rgb(214,39,40)"},{"description":"Asian","count":98,"tested":1545,"color":"rgb(140,86,75)"},{"description":"White","count":1018,"tested":9325,"color":"rgb(31,119,180)"},{"description":"Other","count":87,"tested":937,"color":"rgb(148,103,189)"},{"description":"Left Blank","count":510,"tested":11640,"color":"rgb(44,160,44)"}],"gender":[{"description":"Female","count":955,"tested":13550,"color":"rgb(255,127,14)"},{"description":"Unknown/Left Blank","count":26,"tested":212,"color":"rgb(44,160,44)"},{"description":"Male","count":944,"tested":11134,"color":"rgb(31,119,180)"}]}
