{"lastUpdatedDate":{"year":2021,"month":2,"day":18},"county_demographics":[{"County":"White","confirmed_cases":1587,"total_tested":19769,"demographics":{"age":[{"race":[],"age_group":"<20","count":221,"tested":2089,"deaths":0},{"race":[],"age_group":"20-29   ","count":191,"tested":2587,"deaths":0},{"race":[],"age_group":"30-39   ","count":193,"tested":2550,"deaths":0},{"race":[],"age_group":"40-49   ","count":204,"tested":2404,"deaths":0},{"race":[],"age_group":"50-59   ","count":229,"tested":2306,"deaths":0},{"race":[],"age_group":"60-69   ","count":236,"tested":2368,"deaths":0},{"race":[],"age_group":"70-79   ","count":156,"tested":1695,"deaths":0},{"race":[],"age_group":"80+","count":157,"tested":3763,"deaths":0},{"race":[],"age_group":"Unknown","count":0,"tested":7,"deaths":0}],"race":[{"description":"Asian","count":0,"tested":21,"deaths":0,"color":"rgb(140,86,75)"},{"description":"Black","count":0,"tested":45,"deaths":0,"color":"rgb(255,127,14)"},{"description":"Hispanic","count":0,"tested":22,"deaths":0,"color":"rgb(214,39,40)"},{"description":"Left Blank","count":585,"tested":13799,"deaths":0,"color":"rgb(44,160,44)"},{"description":"NH/PI*","count":0,"tested":0,"deaths":0,"color":"rgb(127,127,127)"},{"description":"Other","count":6,"tested":57,"deaths":0,"color":"rgb(148,103,189)"},{"description":"White","count":988,"tested":5822,"deaths":0,"color":"rgb(31,119,180)"}],"gender":[{"description":"Female","count":786,"tested":14182,"deaths":0,"color":"rgb(255,127,14)"},{"description":"Male","count":568,"tested":4398,"deaths":0,"color":"rgb(31,119,180)"},{"description":"Unknown/Left Blank","count":233,"tested":1189,"deaths":0,"color":"rgb(44,160,44)"}]}}]}
