{"lastUpdatedDate":{"year":2021,"month":2,"day":18},"county_demographics":[{"County":"Menard","confirmed_cases":1022,"total_tested":15356,"demographics":{"age":[{"race":[],"age_group":"<20","count":147,"tested":2245,"deaths":0},{"race":[],"age_group":"20-29   ","count":142,"tested":2116,"deaths":0},{"race":[],"age_group":"30-39   ","count":136,"tested":2372,"deaths":0},{"race":[],"age_group":"40-49   ","count":150,"tested":2055,"deaths":0},{"race":[],"age_group":"50-59   ","count":184,"tested":2307,"deaths":0},{"race":[],"age_group":"60-69   ","count":104,"tested":1854,"deaths":0},{"race":[],"age_group":"70-79   ","count":75,"tested":1290,"deaths":0},{"race":[],"age_group":"80+","count":84,"tested":1116,"deaths":0},{"race":[],"age_group":"Unknown","count":0,"tested":0,"deaths":0}],"race":[{"description":"AI/AN**","count":0,"tested":11,"deaths":0,"color":"rgb(31,119,180)"},{"description":"Asian","count":0,"tested":10,"deaths":0,"color":"rgb(140,86,75)"},{"description":"Black","count":0,"tested":63,"deaths":0,"color":"rgb(255,127,14)"},{"description":"Hispanic","count":6,"tested":81,"deaths":0,"color":"rgb(214,39,40)"},{"description":"Left Blank","count":495,"tested":6545,"deaths":0,"color":"rgb(44,160,44)"},{"description":"NH/PI*","count":0,"tested":0,"deaths":0,"color":"rgb(127,127,127)"},{"description":"Other","count":0,"tested":141,"deaths":0,"color":"rgb(148,103,189)"},{"description":"White","count":511,"tested":8503,"deaths":0,"color":"rgb(31,119,180)"}],"gender":[{"description":"Female","count":481,"tested":8973,"deaths":0,"color":"rgb(255,127,14)"},{"description":"Male","count":408,"tested":5653,"deaths":0,"color":"rgb(31,119,180)"},{"description":"Unknown/Left Blank","count":133,"tested":730,"deaths":0,"color":"rgb(44,160,44)"}]}}]}
