{"lastUpdatedDate":{"year":2021,"month":2,"day":18},"county_demographics":[{"County":"Perry","confirmed_cases":2994,"total_tested":33567,"demographics":{"age":[{"race":[],"age_group":"<20","count":295,"tested":2460,"deaths":0},{"race":[],"age_group":"20-29   ","count":590,"tested":6932,"deaths":0},{"race":[],"age_group":"30-39   ","count":577,"tested":5983,"deaths":0},{"race":[],"age_group":"40-49   ","count":442,"tested":4987,"deaths":0},{"race":[],"age_group":"50-59   ","count":404,"tested":4251,"deaths":0},{"race":[],"age_group":"60-69   ","count":307,"tested":2850,"deaths":0},{"race":[],"age_group":"70-79   ","count":189,"tested":2066,"deaths":0},{"race":[],"age_group":"80+","count":178,"tested":2363,"deaths":0},{"race":[],"age_group":"Unknown","count":7,"tested":1675,"deaths":0}],"race":[{"description":"AI/AN**","count":0,"tested":0,"deaths":0,"color":"rgb(31,119,180)"},{"description":"Asian","count":9,"tested":31,"deaths":0,"color":"rgb(140,86,75)"},{"description":"Black","count":142,"tested":438,"deaths":0,"color":"rgb(255,127,14)"},{"description":"Hispanic","count":37,"tested":117,"deaths":0,"color":"rgb(214,39,40)"},{"description":"Left Blank","count":1061,"tested":21068,"deaths":0,"color":"rgb(44,160,44)"},{"description":"NH/PI*","count":0,"tested":0,"deaths":0,"color":"rgb(127,127,127)"},{"description":"Other","count":17,"tested":169,"deaths":0,"color":"rgb(148,103,189)"},{"description":"White","count":1717,"tested":11738,"deaths":0,"color":"rgb(31,119,180)"}],"gender":[{"description":"Female","count":1167,"tested":12808,"deaths":0,"color":"rgb(255,127,14)"},{"description":"Male","count":1230,"tested":9465,"deaths":0,"color":"rgb(31,119,180)"},{"description":"Unknown/Left Blank","count":597,"tested":11294,"deaths":0,"color":"rgb(44,160,44)"}]}}]}
