{"lastUpdatedDate":{"year":2021,"month":2,"day":18},"county_demographics":[{"County":"Jo Daviess","confirmed_cases":1591,"total_tested":17998,"demographics":{"age":[{"race":[],"age_group":"<20","count":248,"tested":2353,"deaths":0},{"race":[],"age_group":"20-29   ","count":226,"tested":2058,"deaths":0},{"race":[],"age_group":"30-39   ","count":176,"tested":1972,"deaths":0},{"race":[],"age_group":"40-49   ","count":208,"tested":1961,"deaths":0},{"race":[],"age_group":"50-59   ","count":259,"tested":2612,"deaths":0},{"race":[],"age_group":"60-69   ","count":230,"tested":2955,"deaths":0},{"race":[],"age_group":"70-79   ","count":141,"tested":1771,"deaths":0},{"race":[],"age_group":"80+","count":98,"tested":2311,"deaths":0},{"race":[],"age_group":"Unknown","count":0,"tested":0,"deaths":0}],"race":[{"description":"AI/AN**","count":0,"tested":11,"deaths":0,"color":"rgb(31,119,180)"},{"description":"Asian","count":0,"tested":24,"deaths":0,"color":"rgb(140,86,75)"},{"description":"Black","count":0,"tested":88,"deaths":0,"color":"rgb(255,127,14)"},{"description":"Hispanic","count":41,"tested":218,"deaths":0,"color":"rgb(214,39,40)"},{"description":"Left Blank","count":524,"tested":8869,"deaths":0,"color":"rgb(44,160,44)"},{"description":"NH/PI*","count":0,"tested":0,"deaths":0,"color":"rgb(127,127,127)"},{"description":"Other","count":9,"tested":142,"deaths":0,"color":"rgb(148,103,189)"},{"description":"White","count":1009,"tested":8643,"deaths":0,"color":"rgb(31,119,180)"}],"gender":[{"description":"Female","count":799,"tested":11285,"deaths":0,"color":"rgb(255,127,14)"},{"description":"Male","count":742,"tested":6227,"deaths":0,"color":"rgb(31,119,180)"},{"description":"Unknown/Left Blank","count":50,"tested":486,"deaths":0,"color":"rgb(44,160,44)"}]}}]}
