{"lastUpdatedDate":{"year":2021,"month":2,"day":18},"county_demographics":[{"County":"Richland","confirmed_cases":1629,"total_tested":20675,"demographics":{"age":[{"race":[],"age_group":"<20","count":224,"tested":3118,"deaths":0},{"race":[],"age_group":"20-29   ","count":212,"tested":2872,"deaths":0},{"race":[],"age_group":"30-39   ","count":212,"tested":2863,"deaths":0},{"race":[],"age_group":"40-49   ","count":226,"tested":2808,"deaths":0},{"race":[],"age_group":"50-59   ","count":236,"tested":2760,"deaths":0},{"race":[],"age_group":"60-69   ","count":209,"tested":2439,"deaths":0},{"race":[],"age_group":"70-79   ","count":150,"tested":1698,"deaths":0},{"race":[],"age_group":"80+","count":160,"tested":2111,"deaths":0},{"race":[],"age_group":"Unknown","count":0,"tested":6,"deaths":0}],"race":[{"description":"AI/AN**","count":0,"tested":0,"deaths":0,"color":"rgb(31,119,180)"},{"description":"Asian","count":6,"tested":63,"deaths":0,"color":"rgb(140,86,75)"},{"description":"Black","count":12,"tested":135,"deaths":0,"color":"rgb(255,127,14)"},{"description":"Hispanic","count":10,"tested":115,"deaths":0,"color":"rgb(214,39,40)"},{"description":"Left Blank","count":166,"tested":5771,"deaths":0,"color":"rgb(44,160,44)"},{"description":"NH/PI*","count":0,"tested":32,"deaths":0,"color":"rgb(127,127,127)"},{"description":"Other","count":7,"tested":162,"deaths":0,"color":"rgb(148,103,189)"},{"description":"White","count":1425,"tested":14394,"deaths":0,"color":"rgb(31,119,180)"}],"gender":[{"description":"Female","count":922,"tested":12492,"deaths":0,"color":"rgb(255,127,14)"},{"description":"Male","count":694,"tested":6920,"deaths":0,"color":"rgb(31,119,180)"},{"description":"Unknown/Left Blank","count":10,"tested":1263,"deaths":0,"color":"rgb(44,160,44)"}]}}]}
