{"lastUpdatedDate":{"year":2021,"month":2,"day":18},"county_demographics":[{"County":"Clark","confirmed_cases":1657,"total_tested":13561,"demographics":{"age":[{"race":[],"age_group":"<20","count":307,"tested":2159,"deaths":0},{"race":[],"age_group":"20-29   ","count":227,"tested":1517,"deaths":0},{"race":[],"age_group":"30-39   ","count":244,"tested":1844,"deaths":0},{"race":[],"age_group":"40-49   ","count":198,"tested":1631,"deaths":0},{"race":[],"age_group":"50-59   ","count":231,"tested":1824,"deaths":0},{"race":[],"age_group":"60-69   ","count":191,"tested":1780,"deaths":0},{"race":[],"age_group":"70-79   ","count":110,"tested":1113,"deaths":0},{"race":[],"age_group":"80+","count":149,"tested":1675,"deaths":0},{"race":[],"age_group":"Unknown","count":0,"tested":18,"deaths":0}],"race":[{"description":"AI/AN**","count":0,"tested":0,"deaths":0,"color":"rgb(31,119,180)"},{"description":"Asian","count":0,"tested":9,"deaths":0,"color":"rgb(140,86,75)"},{"description":"Black","count":0,"tested":23,"deaths":0,"color":"rgb(255,127,14)"},{"description":"Hispanic","count":9,"tested":38,"deaths":0,"color":"rgb(214,39,40)"},{"description":"Left Blank","count":324,"tested":5943,"deaths":0,"color":"rgb(44,160,44)"},{"description":"Other","count":8,"tested":242,"deaths":0,"color":"rgb(148,103,189)"},{"description":"White","count":1307,"tested":7302,"deaths":0,"color":"rgb(31,119,180)"}],"gender":[{"description":"Female","count":773,"tested":8630,"deaths":0,"color":"rgb(255,127,14)"},{"description":"Male","count":536,"tested":4335,"deaths":0,"color":"rgb(31,119,180)"},{"description":"Unknown/Left Blank","count":348,"tested":596,"deaths":0,"color":"rgb(44,160,44)"}]}}]}
