{"lastUpdatedDate":{"year":2021,"month":2,"day":18},"county_demographics":[{"County":"Marion","confirmed_cases":4235,"total_tested":62055,"demographics":{"age":[{"race":[],"age_group":"<20","count":535,"tested":5080,"deaths":0},{"race":[],"age_group":"20-29   ","count":583,"tested":9944,"deaths":0},{"race":[],"age_group":"30-39   ","count":598,"tested":10791,"deaths":0},{"race":[],"age_group":"40-49   ","count":614,"tested":9715,"deaths":0},{"race":[],"age_group":"50-59   ","count":645,"tested":8657,"deaths":0},{"race":[],"age_group":"60-69   ","count":586,"tested":6969,"deaths":0},{"race":[],"age_group":"70-79   ","count":367,"tested":4324,"deaths":0},{"race":[],"age_group":"80+","count":307,"tested":5653,"deaths":0},{"race":[],"age_group":"Unknown","count":0,"tested":922,"deaths":0}],"race":[{"description":"AI/AN**","count":7,"tested":29,"deaths":0,"color":"rgb(31,119,180)"},{"description":"Asian","count":0,"tested":96,"deaths":0,"color":"rgb(140,86,75)"},{"description":"Black","count":128,"tested":1886,"deaths":0,"color":"rgb(255,127,14)"},{"description":"Hispanic","count":38,"tested":229,"deaths":0,"color":"rgb(214,39,40)"},{"description":"Left Blank","count":804,"tested":33860,"deaths":0,"color":"rgb(44,160,44)"},{"description":"NH/PI*","count":0,"tested":13,"deaths":0,"color":"rgb(127,127,127)"},{"description":"Other","count":48,"tested":740,"deaths":0,"color":"rgb(148,103,189)"},{"description":"White","count":3201,"tested":25202,"deaths":0,"color":"rgb(31,119,180)"}],"gender":[{"description":"Female","count":2383,"tested":31448,"deaths":0,"color":"rgb(255,127,14)"},{"description":"Male","count":1824,"tested":16256,"deaths":0,"color":"rgb(31,119,180)"},{"description":"Unknown/Left Blank","count":23,"tested":14351,"deaths":0,"color":"rgb(44,160,44)"}]}}]}
