{"age":[{"age_group":"<20","count":31,"tested":311},{"age_group":"20-29   ","count":38,"tested":368},{"age_group":"30-39   ","count":36,"tested":257},{"age_group":"40-49   ","count":36,"tested":340},{"age_group":"50-59   ","count":38,"tested":297},{"age_group":"60-69   ","count":21,"tested":279},{"age_group":"70-79   ","count":7,"tested":118},{"age_group":"80+","count":8,"tested":86}],"race":[{"description":"White","count":150,"tested":1152,"color":"rgb(31,119,180)"},{"description":"Left Blank","count":38,"tested":745,"color":"rgb(44,160,44)"},{"description":"Hispanic","count":25,"tested":124,"color":"rgb(214,39,40)"}],"gender":[{"description":"Female","count":107,"tested":1108,"color":"rgb(255,127,14)"},{"description":"Male","count":108,"tested":943,"color":"rgb(31,119,180)"}]}
