{"age":[{"age_group":"<20","count":815,"tested":6818},{"age_group":"20-29   ","count":810,"tested":9288},{"age_group":"30-39   ","count":732,"tested":7931},{"age_group":"40-49   ","count":742,"tested":6434},{"age_group":"50-59   ","count":713,"tested":8188},{"age_group":"60-69   ","count":517,"tested":6553},{"age_group":"70-79   ","count":205,"tested":2975},{"age_group":"80+","count":178,"tested":3035}],"race":[{"description":"Hispanic","count":869,"tested":3425,"color":"rgb(214,39,40)"},{"description":"Left Blank","count":843,"tested":22822,"color":"rgb(44,160,44)"},{"description":"White","count":2061,"tested":16791,"color":"rgb(31,119,180)"},{"description":"Asian","count":507,"tested":4481,"color":"rgb(140,86,75)"},{"description":"Black","count":250,"tested":2023,"color":"rgb(255,127,14)"},{"description":"NH/PI*","count":10,"tested":41,"color":"rgb(127,127,127)"},{"description":"AI/AN**","count":12,"tested":67,"color":"rgb(31,119,180)"},{"description":"Other","count":160,"tested":1581,"color":"rgb(148,103,189)"}],"gender":[{"description":"Unknown/Left Blank","count":21,"tested":714,"color":"rgb(44,160,44)"},{"description":"Male","count":2271,"tested":21672,"color":"rgb(31,119,180)"},{"description":"Female","count":2420,"tested":28845,"color":"rgb(255,127,14)"}]}
