{"age":[{"age_group":"<20","count":440,"tested":5418},{"age_group":"20-29   ","count":356,"tested":3560},{"age_group":"30-39   ","count":326,"tested":3488},{"age_group":"40-49   ","count":362,"tested":3557},{"age_group":"50-59   ","count":370,"tested":3308},{"age_group":"60-69   ","count":249,"tested":2653},{"age_group":"70-79   ","count":108,"tested":1441},{"age_group":"80+","count":35,"tested":1036}],"race":[{"description":"Asian","count":30,"tested":263,"color":"rgb(140,86,75)"},{"description":"Left Blank","count":176,"tested":8327,"color":"rgb(44,160,44)"},{"description":"White","count":1824,"tested":14183,"color":"rgb(31,119,180)"},{"description":"Black","count":46,"tested":431,"color":"rgb(255,127,14)"},{"description":"Other","count":23,"tested":456,"color":"rgb(148,103,189)"},{"description":"Hispanic","count":144,"tested":768,"color":"rgb(214,39,40)"}],"gender":[{"description":"Male","count":1072,"tested":10694,"color":"rgb(31,119,180)"},{"description":"Female","count":1171,"tested":13624,"color":"rgb(255,127,14)"}]}
