{"age":[{"age_group":"<20","count":221,"tested":2543},{"age_group":"20-29   ","count":258,"tested":3252},{"age_group":"30-39   ","count":297,"tested":3798},{"age_group":"40-49   ","count":273,"tested":3446},{"age_group":"50-59   ","count":251,"tested":3790},{"age_group":"60-69   ","count":163,"tested":2787},{"age_group":"70-79   ","count":88,"tested":2291},{"age_group":"80+","count":92,"tested":8389}],"race":[{"description":"AI/AN**","count":8,"tested":41,"color":"rgb(31,119,180)"},{"description":"White","count":557,"tested":6632,"color":"rgb(31,119,180)"},{"description":"Other","count":63,"tested":493,"color":"rgb(148,103,189)"},{"description":"Left Blank","count":527,"tested":18958,"color":"rgb(44,160,44)"},{"description":"Black","count":65,"tested":674,"color":"rgb(255,127,14)"},{"description":"Asian","count":194,"tested":2436,"color":"rgb(140,86,75)"},{"description":"Hispanic","count":228,"tested":1287,"color":"rgb(214,39,40)"}],"gender":[{"description":"Female","count":880,"tested":18889,"color":"rgb(255,127,14)"},{"description":"Unknown/Left Blank","count":10,"tested":560,"color":"rgb(44,160,44)"},{"description":"Male","count":753,"tested":11125,"color":"rgb(31,119,180)"}]}
