{"age":[{"age_group":"<20","count":39,"tested":509},{"age_group":"20-29   ","count":89,"tested":994},{"age_group":"30-39   ","count":98,"tested":1214},{"age_group":"40-49   ","count":59,"tested":834},{"age_group":"50-59   ","count":36,"tested":511},{"age_group":"60-69   ","count":18,"tested":469},{"age_group":"70-79   ","count":10,"tested":219}],"race":[{"description":"Asian","count":49,"tested":659,"color":"rgb(140,86,75)"},{"description":"Hispanic","count":36,"tested":244,"color":"rgb(214,39,40)"},{"description":"Black","count":15,"tested":154,"color":"rgb(255,127,14)"},{"description":"White","count":122,"tested":1238,"color":"rgb(31,119,180)"},{"description":"Left Blank","count":113,"tested":2378,"color":"rgb(44,160,44)"},{"description":"Other","count":17,"tested":141,"color":"rgb(148,103,189)"}],"gender":[{"description":"Male","count":176,"tested":2230,"color":"rgb(31,119,180)"},{"description":"Female","count":171,"tested":2568,"color":"rgb(255,127,14)"}]}
