{"age":[{"age_group":"<20","count":356,"tested":3382},{"age_group":"20-29   ","count":406,"tested":5782},{"age_group":"30-39   ","count":359,"tested":5853},{"age_group":"40-49   ","count":381,"tested":6506},{"age_group":"50-59   ","count":397,"tested":8122},{"age_group":"60-69   ","count":329,"tested":8055},{"age_group":"70-79   ","count":183,"tested":5539},{"age_group":"80+","count":173,"tested":6145}],"race":[{"description":"Left Blank","count":902,"tested":28369,"color":"rgb(44,160,44)"},{"description":"Hispanic","count":147,"tested":1054,"color":"rgb(214,39,40)"},{"description":"White","count":180,"tested":2554,"color":"rgb(31,119,180)"},{"description":"Asian","count":9,"tested":170,"color":"rgb(140,86,75)"},{"description":"Black","count":1304,"tested":16870,"color":"rgb(255,127,14)"},{"description":"Other","count":41,"tested":518,"color":"rgb(148,103,189)"}],"gender":[{"description":"Female","count":1439,"tested":30709,"color":"rgb(255,127,14)"},{"description":"Male","count":1133,"tested":18088,"color":"rgb(31,119,180)"},{"description":"Unknown/Left Blank","count":13,"tested":850,"color":"rgb(44,160,44)"}]}
