{"age":[{"age_group":"<20","count":127,"tested":1032},{"age_group":"20-29   ","count":140,"tested":1401},{"age_group":"30-39   ","count":108,"tested":1275},{"age_group":"40-49   ","count":114,"tested":1395},{"age_group":"50-59   ","count":134,"tested":1692},{"age_group":"60-69   ","count":70,"tested":1295},{"age_group":"70-79   ","count":35,"tested":418},{"age_group":"80+","count":7,"tested":176}],"race":[{"description":"Other","count":14,"tested":178,"color":"rgb(148,103,189)"},{"description":"Left Blank","count":253,"tested":3888,"color":"rgb(44,160,44)"},{"description":"White","count":320,"tested":3768,"color":"rgb(31,119,180)"},{"description":"Asian","count":7,"tested":102,"color":"rgb(140,86,75)"},{"description":"Hispanic","count":136,"tested":655,"color":"rgb(214,39,40)"}],"gender":[{"description":"Female","count":381,"tested":4730,"color":"rgb(255,127,14)"},{"description":"Male","count":348,"tested":3819,"color":"rgb(31,119,180)"}]}
