{"age":[{"age_group":"<20","count":302,"tested":5003},{"age_group":"20-29   ","count":236,"tested":3045},{"age_group":"30-39   ","count":237,"tested":3063},{"age_group":"40-49   ","count":303,"tested":3543},{"age_group":"50-59   ","count":190,"tested":2698},{"age_group":"60-69   ","count":72,"tested":1253},{"age_group":"70-79   ","count":18,"tested":573},{"age_group":"80+","count":9,"tested":184}],"race":[{"description":"Hispanic","count":163,"tested":1439,"color":"rgb(214,39,40)"},{"description":"White","count":474,"tested":5745,"color":"rgb(31,119,180)"},{"description":"Asian","count":76,"tested":1633,"color":"rgb(140,86,75)"},{"description":"Black","count":130,"tested":1319,"color":"rgb(255,127,14)"},{"description":"Other","count":60,"tested":771,"color":"rgb(148,103,189)"},{"description":"Left Blank","count":461,"tested":8399,"color":"rgb(44,160,44)"}],"gender":[{"description":"Male","count":661,"tested":8150,"color":"rgb(31,119,180)"},{"description":"Female","count":701,"tested":10464,"color":"rgb(255,127,14)"}]}
