{"age":[{"age_group":"<20","count":330,"tested":3718},{"age_group":"20-29   ","count":317,"tested":3747},{"age_group":"30-39   ","count":269,"tested":3740},{"age_group":"40-49   ","count":304,"tested":3127},{"age_group":"50-59   ","count":333,"tested":3880},{"age_group":"60-69   ","count":249,"tested":4100},{"age_group":"70-79   ","count":106,"tested":2636},{"age_group":"80+","count":56,"tested":1425}],"race":[{"description":"Black","count":56,"tested":510,"color":"rgb(255,127,14)"},{"description":"Hispanic","count":162,"tested":1009,"color":"rgb(214,39,40)"},{"description":"White","count":1038,"tested":9998,"color":"rgb(31,119,180)"},{"description":"Asian","count":101,"tested":1699,"color":"rgb(140,86,75)"},{"description":"Other","count":87,"tested":971,"color":"rgb(148,103,189)"},{"description":"Left Blank","count":516,"tested":12126,"color":"rgb(44,160,44)"}],"gender":[{"description":"Female","count":974,"tested":14312,"color":"rgb(255,127,14)"},{"description":"Unknown/Left Blank","count":25,"tested":230,"color":"rgb(44,160,44)"},{"description":"Male","count":965,"tested":11835,"color":"rgb(31,119,180)"}]}
