{"age":[{"age_group":"<20","count":62,"tested":1849},{"age_group":"20-29   ","count":42,"tested":506},{"age_group":"30-39   ","count":39,"tested":460},{"age_group":"40-49   ","count":31,"tested":317},{"age_group":"50-59   ","count":36,"tested":288},{"age_group":"60-69   ","count":30,"tested":352},{"age_group":"70-79   ","count":14,"tested":173}],"race":[{"description":"Left Blank","count":65,"tested":1430,"color":"rgb(44,160,44)"},{"description":"Hispanic","count":97,"tested":561,"color":"rgb(214,39,40)"},{"description":"Other","count":8,"tested":93,"color":"rgb(148,103,189)"},{"description":"White","count":85,"tested":1766,"color":"rgb(31,119,180)"}],"gender":[{"description":"Male","count":137,"tested":2242,"color":"rgb(31,119,180)"},{"description":"Female","count":105,"tested":1687,"color":"rgb(255,127,14)"}]}
