{"age":[{"age_group":"<20","count":189,"tested":1812},{"age_group":"20-29   ","count":169,"tested":1947},{"age_group":"30-39   ","count":208,"tested":1888},{"age_group":"40-49   ","count":180,"tested":1701},{"age_group":"50-59   ","count":205,"tested":1785},{"age_group":"60-69   ","count":133,"tested":1668},{"age_group":"70-79   ","count":60,"tested":1062},{"age_group":"80+","count":39,"tested":810}],"race":[{"description":"White","count":662,"tested":6700,"color":"rgb(31,119,180)"},{"description":"Hispanic","count":228,"tested":993,"color":"rgb(214,39,40)"},{"description":"Left Blank","count":265,"tested":4597,"color":"rgb(44,160,44)"},{"description":"Other","count":16,"tested":219,"color":"rgb(148,103,189)"}],"gender":[{"description":"Female","count":628,"tested":7494,"color":"rgb(255,127,14)"},{"description":"Male","count":551,"tested":5034,"color":"rgb(31,119,180)"}]}
