{"age":[{"age_group":"<20","count":420,"tested":4554},{"age_group":"20-29   ","count":328,"tested":4650},{"age_group":"30-39   ","count":265,"tested":3746},{"age_group":"40-49   ","count":395,"tested":4766},{"age_group":"50-59   ","count":376,"tested":5307},{"age_group":"60-69   ","count":159,"tested":2897},{"age_group":"70-79   ","count":48,"tested":1170},{"age_group":"80+","count":26,"tested":424}],"race":[{"description":"Black","count":293,"tested":3259,"color":"rgb(255,127,14)"},{"description":"Asian","count":219,"tested":3080,"color":"rgb(140,86,75)"},{"description":"Hispanic","count":281,"tested":2107,"color":"rgb(214,39,40)"},{"description":"White","count":560,"tested":6970,"color":"rgb(31,119,180)"},{"description":"Left Blank","count":567,"tested":10801,"color":"rgb(44,160,44)"},{"description":"Other","count":86,"tested":1179,"color":"rgb(148,103,189)"},{"description":"NH/PI*","count":7,"tested":34,"color":"rgb(127,127,127)"}],"gender":[{"description":"Female","count":1011,"tested":14800,"color":"rgb(255,127,14)"},{"description":"Unknown/Left Blank","count":27,"tested":354,"color":"rgb(44,160,44)"},{"description":"Male","count":979,"tested":12362,"color":"rgb(31,119,180)"}]}
