{"age":[{"age_group":"<20","count":750,"tested":8054},{"age_group":"20-29   ","count":898,"tested":12535},{"age_group":"30-39   ","count":836,"tested":12754},{"age_group":"40-49   ","count":712,"tested":9250},{"age_group":"50-59   ","count":727,"tested":11204},{"age_group":"60-69   ","count":482,"tested":9359},{"age_group":"70-79   ","count":180,"tested":5162},{"age_group":"80+","count":184,"tested":9683}],"race":[{"description":"Other","count":155,"tested":2158,"color":"rgb(148,103,189)"},{"description":"White","count":2586,"tested":28223,"color":"rgb(31,119,180)"},{"description":"Left Blank","count":872,"tested":37292,"color":"rgb(44,160,44)"},{"description":"Hispanic","count":601,"tested":3390,"color":"rgb(214,39,40)"},{"description":"Asian","count":322,"tested":4367,"color":"rgb(140,86,75)"},{"description":"Black","count":215,"tested":2454,"color":"rgb(255,127,14)"},{"description":"NH/PI*","count":9,"tested":49,"color":"rgb(127,127,127)"},{"description":"AI/AN**","count":9,"tested":102,"color":"rgb(31,119,180)"}],"gender":[{"description":"Unknown/Left Blank","count":33,"tested":1376,"color":"rgb(44,160,44)"},{"description":"Male","count":2303,"tested":31824,"color":"rgb(31,119,180)"},{"description":"Female","count":2433,"tested":44835,"color":"rgb(255,127,14)"}]}
