{"age":[{"age_group":"<20","count":52,"tested":456},{"age_group":"20-29   ","count":44,"tested":739},{"age_group":"30-39   ","count":45,"tested":726},{"age_group":"40-49   ","count":51,"tested":729},{"age_group":"50-59   ","count":66,"tested":1069},{"age_group":"60-69   ","count":51,"tested":994},{"age_group":"70-79   ","count":35,"tested":749},{"age_group":"80+","count":28,"tested":429}],"race":[{"description":"Left Blank","count":106,"tested":2335,"color":"rgb(44,160,44)"},{"description":"Other","count":15,"tested":142,"color":"rgb(148,103,189)"},{"description":"White","count":43,"tested":532,"color":"rgb(31,119,180)"},{"description":"Black","count":203,"tested":2786,"color":"rgb(255,127,14)"}],"gender":[{"description":"Female","count":200,"tested":3477,"color":"rgb(255,127,14)"},{"description":"Male","count":168,"tested":2330,"color":"rgb(31,119,180)"}]}
