{"age":[{"age_group":"<20","count":724,"tested":7631},{"age_group":"20-29   ","count":823,"tested":12101},{"age_group":"30-39   ","count":891,"tested":11851},{"age_group":"40-49   ","count":911,"tested":12074},{"age_group":"50-59   ","count":864,"tested":13369},{"age_group":"60-69   ","count":632,"tested":11044},{"age_group":"70-79   ","count":421,"tested":7149},{"age_group":"80+","count":280,"tested":4611}],"race":[{"description":"White","count":86,"tested":1513,"color":"rgb(31,119,180)"},{"description":"Left Blank","count":1187,"tested":27989,"color":"rgb(44,160,44)"},{"description":"Other","count":129,"tested":1144,"color":"rgb(148,103,189)"},{"description":"Black","count":3867,"tested":47280,"color":"rgb(255,127,14)"},{"description":"Hispanic","count":263,"tested":1734,"color":"rgb(214,39,40)"}],"gender":[{"description":"Male","count":2363,"tested":32351,"color":"rgb(31,119,180)"},{"description":"Unknown/Left Blank","count":45,"tested":2076,"color":"rgb(44,160,44)"},{"description":"Female","count":3138,"tested":45440,"color":"rgb(255,127,14)"}]}
