{"lastUpdatedDate":{"year":2021,"month":7,"day":29},"county_demographics":[{"County":"Shelby","confirmed_cases":2369,"total_tested":31462,"demographics":{"age":[{"race":[],"age_group":"<20","count":339,"tested":4169,"deaths":0},{"race":[],"age_group":"20-29   ","count":334,"tested":4405,"deaths":0},{"race":[],"age_group":"30-39   ","count":308,"tested":4266,"deaths":0},{"race":[],"age_group":"40-49   ","count":307,"tested":4087,"deaths":0},{"race":[],"age_group":"50-59   ","count":368,"tested":4890,"deaths":0},{"race":[],"age_group":"60-69   ","count":341,"tested":3616,"deaths":0},{"race":[],"age_group":"70-79   ","count":235,"tested":2817,"deaths":0},{"race":[],"age_group":"80+","count":137,"tested":3206,"deaths":0},{"race":[],"age_group":"Unknown","count":0,"tested":6,"deaths":0}],"race":[{"description":"AI/AN**","count":0,"tested":10,"deaths":0,"color":"rgb(31,119,180)"},{"description":"Asian","count":0,"tested":69,"deaths":0,"color":"rgb(140,86,75)"},{"description":"Black","count":8,"tested":97,"deaths":0,"color":"rgb(255,127,14)"},{"description":"Hispanic","count":16,"tested":121,"deaths":0,"color":"rgb(214,39,40)"},{"description":"Left Blank","count":226,"tested":12107,"deaths":0,"color":"rgb(44,160,44)"},{"description":"NH/PI*","count":0,"tested":6,"deaths":0,"color":"rgb(127,127,127)"},{"description":"Other","count":11,"tested":552,"deaths":0,"color":"rgb(148,103,189)"},{"description":"White","count":2099,"tested":18500,"deaths":0,"color":"rgb(31,119,180)"}],"gender":[{"description":"Female","count":1320,"tested":19383,"deaths":0,"color":"rgb(255,127,14)"},{"description":"Male","count":1008,"tested":10987,"deaths":0,"color":"rgb(31,119,180)"},{"description":"Unknown/Left Blank","count":36,"tested":1092,"deaths":0,"color":"rgb(44,160,44)"}]}}]}
