{"lastUpdatedDate":{"year":2021,"month":7,"day":29},"county_demographics":[{"County":"Pike","confirmed_cases":2027,"total_tested":24109,"demographics":{"age":[{"race":[],"age_group":"<20","count":295,"tested":2922,"deaths":0},{"race":[],"age_group":"20-29   ","count":287,"tested":3987,"deaths":0},{"race":[],"age_group":"30-39   ","count":288,"tested":3792,"deaths":0},{"race":[],"age_group":"40-49   ","count":254,"tested":3337,"deaths":0},{"race":[],"age_group":"50-59   ","count":297,"tested":3472,"deaths":0},{"race":[],"age_group":"60-69   ","count":274,"tested":2580,"deaths":0},{"race":[],"age_group":"70-79   ","count":164,"tested":1616,"deaths":0},{"race":[],"age_group":"80+","count":167,"tested":2401,"deaths":0},{"race":[],"age_group":"Unknown","count":0,"tested":0,"deaths":0}],"race":[{"description":"AI/AN**","count":0,"tested":0,"deaths":0,"color":"rgb(31,119,180)"},{"description":"Asian","count":0,"tested":13,"deaths":0,"color":"rgb(140,86,75)"},{"description":"Black","count":6,"tested":36,"deaths":0,"color":"rgb(255,127,14)"},{"description":"Hispanic","count":12,"tested":77,"deaths":0,"color":"rgb(214,39,40)"},{"description":"Left Blank","count":372,"tested":15802,"deaths":0,"color":"rgb(44,160,44)"},{"description":"NH/PI*","count":0,"tested":14,"deaths":0,"color":"rgb(127,127,127)"},{"description":"Other","count":0,"tested":399,"deaths":0,"color":"rgb(148,103,189)"},{"description":"White","count":1628,"tested":7767,"deaths":0,"color":"rgb(31,119,180)"}],"gender":[{"description":"Female","count":1137,"tested":14124,"deaths":0,"color":"rgb(255,127,14)"},{"description":"Male","count":848,"tested":7918,"deaths":0,"color":"rgb(31,119,180)"},{"description":"Unknown/Left Blank","count":42,"tested":2067,"deaths":0,"color":"rgb(44,160,44)"}]}}]}
