{"lastUpdatedDate":{"year":2021,"month":7,"day":29},"county_demographics":[{"County":"Kane","confirmed_cases":60143,"total_tested":767824,"demographics":{"age":[{"race":[],"age_group":"<20","count":10987,"tested":112225,"deaths":0},{"race":[],"age_group":"20-29   ","count":11063,"tested":132432,"deaths":0},{"race":[],"age_group":"30-39   ","count":9448,"tested":112651,"deaths":0},{"race":[],"age_group":"40-49   ","count":9953,"tested":105939,"deaths":0},{"race":[],"age_group":"50-59   ","count":9110,"tested":114268,"deaths":0},{"race":[],"age_group":"60-69   ","count":5318,"tested":86301,"deaths":0},{"race":[],"age_group":"70-79   ","count":2483,"tested":54244,"deaths":0},{"race":[],"age_group":"80+","count":1757,"tested":49409,"deaths":0},{"race":[],"age_group":"Unknown","count":24,"tested":355,"deaths":0}],"race":[{"description":"AI/AN**","count":63,"tested":612,"deaths":0,"color":"rgb(31,119,180)"},{"description":"Asian","count":1347,"tested":20577,"deaths":0,"color":"rgb(140,86,75)"},{"description":"Black","count":2348,"tested":31576,"deaths":0,"color":"rgb(255,127,14)"},{"description":"Hispanic","count":19471,"tested":110056,"deaths":0,"color":"rgb(214,39,40)"},{"description":"Left Blank","count":14706,"tested":333983,"deaths":0,"color":"rgb(44,160,44)"},{"description":"NH/PI*","count":46,"tested":676,"deaths":0,"color":"rgb(127,127,127)"},{"description":"Other","count":1559,"tested":19668,"deaths":0,"color":"rgb(148,103,189)"},{"description":"White","count":20603,"tested":250676,"deaths":0,"color":"rgb(31,119,180)"}],"gender":[{"description":"Female","count":30796,"tested":426088,"deaths":0,"color":"rgb(255,127,14)"},{"description":"Male","count":28962,"tested":319038,"deaths":0,"color":"rgb(31,119,180)"},{"description":"Unknown/Left Blank","count":385,"tested":22698,"deaths":0,"color":"rgb(44,160,44)"}]}}]}
