{"lastUpdatedDate":{"year":2021,"month":7,"day":29},"county_demographics":[{"County":"Unassigned","confirmed_cases":59,"total_tested":149649,"demographics":{"age":[{"race":[],"age_group":"<20","count":9,"tested":16414,"deaths":0},{"race":[],"age_group":"20-29   ","count":6,"tested":24720,"deaths":0},{"race":[],"age_group":"30-39   ","count":11,"tested":23288,"deaths":0},{"race":[],"age_group":"40-49   ","count":6,"tested":22217,"deaths":0},{"race":[],"age_group":"50-59   ","count":0,"tested":22594,"deaths":0},{"race":[],"age_group":"60-69   ","count":0,"tested":18470,"deaths":0},{"race":[],"age_group":"70-79   ","count":0,"tested":10570,"deaths":0},{"race":[],"age_group":"80+","count":0,"tested":10658,"deaths":0},{"race":[],"age_group":"Unknown","count":0,"tested":718,"deaths":0}],"race":[{"description":"AI/AN**","count":0,"tested":143,"deaths":0,"color":"rgb(31,119,180)"},{"description":"Asian","count":0,"tested":3498,"deaths":0,"color":"rgb(140,86,75)"},{"description":"Black","count":0,"tested":12101,"deaths":0,"color":"rgb(255,127,14)"},{"description":"Hispanic","count":0,"tested":6262,"deaths":0,"color":"rgb(214,39,40)"},{"description":"Left Blank","count":35,"tested":88143,"deaths":0,"color":"rgb(44,160,44)"},{"description":"NH/PI*","count":0,"tested":63,"deaths":0,"color":"rgb(127,127,127)"},{"description":"Other","count":0,"tested":1753,"deaths":0,"color":"rgb(148,103,189)"},{"description":"White","count":14,"tested":37686,"deaths":0,"color":"rgb(31,119,180)"}],"gender":[{"description":"Female","count":14,"tested":80075,"deaths":0,"color":"rgb(255,127,14)"},{"description":"Male","count":27,"tested":62037,"deaths":0,"color":"rgb(31,119,180)"},{"description":"Unknown/Left Blank","count":6,"tested":7537,"deaths":0,"color":"rgb(44,160,44)"}]}}]}
