{"lastUpdatedDate":{"year":2021,"month":7,"day":29},"county_demographics":[{"County":"Wabash","confirmed_cases":1494,"total_tested":16108,"demographics":{"age":[{"race":[],"age_group":"<20","count":300,"tested":2648,"deaths":0},{"race":[],"age_group":"20-29   ","count":173,"tested":2294,"deaths":0},{"race":[],"age_group":"30-39   ","count":180,"tested":2001,"deaths":0},{"race":[],"age_group":"40-49   ","count":208,"tested":2178,"deaths":0},{"race":[],"age_group":"50-59   ","count":225,"tested":2307,"deaths":0},{"race":[],"age_group":"60-69   ","count":193,"tested":1758,"deaths":0},{"race":[],"age_group":"70-79   ","count":111,"tested":917,"deaths":0},{"race":[],"age_group":"80+","count":104,"tested":1991,"deaths":0},{"race":[],"age_group":"Unknown","count":0,"tested":14,"deaths":0}],"race":[{"description":"AI/AN**","count":0,"tested":0,"deaths":0,"color":"rgb(31,119,180)"},{"description":"Asian","count":0,"tested":13,"deaths":0,"color":"rgb(140,86,75)"},{"description":"Black","count":7,"tested":84,"deaths":0,"color":"rgb(255,127,14)"},{"description":"Hispanic","count":17,"tested":68,"deaths":0,"color":"rgb(214,39,40)"},{"description":"Left Blank","count":221,"tested":6913,"deaths":0,"color":"rgb(44,160,44)"},{"description":"NH/PI*","count":0,"tested":0,"deaths":0,"color":"rgb(127,127,127)"},{"description":"Other","count":0,"tested":28,"deaths":0,"color":"rgb(148,103,189)"},{"description":"White","count":1234,"tested":8997,"deaths":0,"color":"rgb(31,119,180)"}],"gender":[{"description":"Female","count":821,"tested":10250,"deaths":0,"color":"rgb(255,127,14)"},{"description":"Male","count":655,"tested":5315,"deaths":0,"color":"rgb(31,119,180)"},{"description":"Unknown/Left Blank","count":14,"tested":543,"deaths":0,"color":"rgb(44,160,44)"}]}}]}
