{"lastUpdatedDate":{"year":2021,"month":7,"day":29},"county_demographics":[{"County":"Warren","confirmed_cases":1867,"total_tested":23166,"demographics":{"age":[{"race":[],"age_group":"<20","count":225,"tested":3311,"deaths":0},{"race":[],"age_group":"20-29   ","count":267,"tested":5007,"deaths":0},{"race":[],"age_group":"30-39   ","count":287,"tested":3294,"deaths":0},{"race":[],"age_group":"40-49   ","count":316,"tested":3132,"deaths":0},{"race":[],"age_group":"50-59   ","count":290,"tested":3115,"deaths":0},{"race":[],"age_group":"60-69   ","count":230,"tested":2647,"deaths":0},{"race":[],"age_group":"70-79   ","count":144,"tested":1561,"deaths":0},{"race":[],"age_group":"80+","count":108,"tested":1097,"deaths":0},{"race":[],"age_group":"Unknown","count":0,"tested":0,"deaths":0}],"race":[{"description":"AI/AN**","count":0,"tested":19,"deaths":0,"color":"rgb(31,119,180)"},{"description":"Asian","count":19,"tested":90,"deaths":0,"color":"rgb(140,86,75)"},{"description":"Black","count":44,"tested":379,"deaths":0,"color":"rgb(255,127,14)"},{"description":"Hispanic","count":145,"tested":901,"deaths":0,"color":"rgb(214,39,40)"},{"description":"Left Blank","count":519,"tested":9508,"deaths":0,"color":"rgb(44,160,44)"},{"description":"NH/PI*","count":0,"tested":15,"deaths":0,"color":"rgb(127,127,127)"},{"description":"Other","count":20,"tested":494,"deaths":0,"color":"rgb(148,103,189)"},{"description":"White","count":1115,"tested":11760,"deaths":0,"color":"rgb(31,119,180)"}],"gender":[{"description":"Female","count":976,"tested":12518,"deaths":0,"color":"rgb(255,127,14)"},{"description":"Male","count":844,"tested":9379,"deaths":0,"color":"rgb(31,119,180)"},{"description":"Unknown/Left Blank","count":44,"tested":1269,"deaths":0,"color":"rgb(44,160,44)"}]}}]}
