{"lastUpdatedDate":{"year":2021,"month":7,"day":29},"county_demographics":[{"County":"Lee","confirmed_cases":4241,"total_tested":109830,"demographics":{"age":[{"race":[],"age_group":"<20","count":570,"tested":5357,"deaths":0},{"race":[],"age_group":"20-29   ","count":696,"tested":18148,"deaths":0},{"race":[],"age_group":"30-39   ","count":640,"tested":24034,"deaths":0},{"race":[],"age_group":"40-49   ","count":662,"tested":22846,"deaths":0},{"race":[],"age_group":"50-59   ","count":688,"tested":17070,"deaths":0},{"race":[],"age_group":"60-69   ","count":506,"tested":10225,"deaths":0},{"race":[],"age_group":"70-79   ","count":267,"tested":4201,"deaths":0},{"race":[],"age_group":"80+","count":206,"tested":5648,"deaths":0},{"race":[],"age_group":"Unknown","count":6,"tested":2301,"deaths":0}],"race":[{"description":"AI/AN**","count":0,"tested":14,"deaths":0,"color":"rgb(31,119,180)"},{"description":"Asian","count":16,"tested":211,"deaths":0,"color":"rgb(140,86,75)"},{"description":"Black","count":181,"tested":1840,"deaths":0,"color":"rgb(255,127,14)"},{"description":"Hispanic","count":139,"tested":1109,"deaths":0,"color":"rgb(214,39,40)"},{"description":"Left Blank","count":1236,"tested":81359,"deaths":0,"color":"rgb(44,160,44)"},{"description":"NH/PI*","count":0,"tested":18,"deaths":0,"color":"rgb(127,127,127)"},{"description":"Other","count":95,"tested":777,"deaths":0,"color":"rgb(148,103,189)"},{"description":"White","count":2568,"tested":24502,"deaths":0,"color":"rgb(31,119,180)"}],"gender":[{"description":"Female","count":1963,"tested":26305,"deaths":0,"color":"rgb(255,127,14)"},{"description":"Male","count":2138,"tested":52784,"deaths":0,"color":"rgb(31,119,180)"},{"description":"Unknown/Left Blank","count":136,"tested":30741,"deaths":0,"color":"rgb(44,160,44)"}]}}]}
