{"lastUpdatedDate":{"year":2021,"month":7,"day":29},"county_demographics":[{"County":"Boone","confirmed_cases":6947,"total_tested":70334,"demographics":{"age":[{"race":[],"age_group":"<20","count":1327,"tested":11983,"deaths":0},{"race":[],"age_group":"20-29   ","count":1188,"tested":11307,"deaths":0},{"race":[],"age_group":"30-39   ","count":1008,"tested":9339,"deaths":0},{"race":[],"age_group":"40-49   ","count":1162,"tested":9946,"deaths":0},{"race":[],"age_group":"50-59   ","count":1068,"tested":10136,"deaths":0},{"race":[],"age_group":"60-69   ","count":644,"tested":7485,"deaths":0},{"race":[],"age_group":"70-79   ","count":350,"tested":5208,"deaths":0},{"race":[],"age_group":"80+","count":200,"tested":4914,"deaths":0},{"race":[],"age_group":"Unknown","count":0,"tested":16,"deaths":0}],"race":[{"description":"AI/AN**","count":10,"tested":65,"deaths":0,"color":"rgb(31,119,180)"},{"description":"Asian","count":55,"tested":521,"deaths":0,"color":"rgb(140,86,75)"},{"description":"Black","count":130,"tested":1087,"deaths":0,"color":"rgb(255,127,14)"},{"description":"Hispanic","count":2316,"tested":6821,"deaths":0,"color":"rgb(214,39,40)"},{"description":"Left Blank","count":585,"tested":33100,"deaths":0,"color":"rgb(44,160,44)"},{"description":"NH/PI*","count":0,"tested":24,"deaths":0,"color":"rgb(127,127,127)"},{"description":"Other","count":81,"tested":1042,"deaths":0,"color":"rgb(148,103,189)"},{"description":"White","count":3762,"tested":27674,"deaths":0,"color":"rgb(31,119,180)"}],"gender":[{"description":"Female","count":3656,"tested":41876,"deaths":0,"color":"rgb(255,127,14)"},{"description":"Male","count":3286,"tested":27648,"deaths":0,"color":"rgb(31,119,180)"},{"description":"Unknown/Left Blank","count":0,"tested":810,"deaths":0,"color":"rgb(44,160,44)"}]}}]}
