{"lastUpdatedDate":{"year":2020,"month":11,"day":4},"county_demographics":[{"County":"Morgan","confirmed_cases":1110,"total_tested":17516,"demographics":{"age":[{"age_group":"<20","count":72,"tested":1742},{"age_group":"20-29   ","count":208,"tested":2599},{"age_group":"30-39   ","count":196,"tested":2402},{"age_group":"40-49   ","count":201,"tested":2173},{"age_group":"50-59   ","count":198,"tested":2588},{"age_group":"60-69   ","count":101,"tested":2526},{"age_group":"70-79   ","count":57,"tested":1891},{"age_group":"80+","count":77,"tested":1592},{"age_group":"Unknown","count":0,"tested":0}],"race":[{"description":"AI/AN**","count":0,"tested":0,"color":"rgb(31,119,180)"},{"description":"Asian","count":0,"tested":38,"color":"rgb(140,86,75)"},{"description":"Black","count":212,"tested":675,"color":"rgb(255,127,14)"},{"description":"Hispanic","count":44,"tested":151,"color":"rgb(214,39,40)"},{"description":"Left Blank","count":419,"tested":9152,"color":"rgb(44,160,44)"},{"description":"NH/PI*","count":0,"tested":8,"color":"rgb(127,127,127)"},{"description":"Other","count":7,"tested":208,"color":"rgb(148,103,189)"},{"description":"White","count":424,"tested":7281,"color":"rgb(31,119,180)"}],"gender":[{"description":"Female","count":365,"tested":9997,"color":"rgb(255,127,14)"},{"description":"Male","count":682,"tested":6696,"color":"rgb(31,119,180)"},{"description":"Unknown/Left Blank","count":63,"tested":823,"color":"rgb(44,160,44)"}]}}]}
