{"lastUpdatedDate":{"year":2020,"month":11,"day":4},"county_demographics":[{"County":"White","confirmed_cases":305,"total_tested":7964,"demographics":{"age":[{"age_group":"<20","count":41,"tested":821},{"age_group":"20-29   ","count":46,"tested":1176},{"age_group":"30-39   ","count":30,"tested":1022},{"age_group":"40-49   ","count":34,"tested":1000},{"age_group":"50-59   ","count":49,"tested":933},{"age_group":"60-69   ","count":53,"tested":911},{"age_group":"70-79   ","count":29,"tested":684},{"age_group":"80+","count":23,"tested":1411},{"age_group":"Unknown","count":0,"tested":6}],"race":[{"description":"Asian","count":0,"tested":6,"color":"rgb(140,86,75)"},{"description":"Black","count":0,"tested":6,"color":"rgb(255,127,14)"},{"description":"Hispanic","count":0,"tested":13,"color":"rgb(214,39,40)"},{"description":"Left Blank","count":78,"tested":5577,"color":"rgb(44,160,44)"},{"description":"NH/PI*","count":0,"tested":0,"color":"rgb(127,127,127)"},{"description":"Other","count":0,"tested":29,"color":"rgb(148,103,189)"},{"description":"White","count":219,"tested":2331,"color":"rgb(31,119,180)"}],"gender":[{"description":"Female","count":158,"tested":5883,"color":"rgb(255,127,14)"},{"description":"Male","count":135,"tested":1952,"color":"rgb(31,119,180)"},{"description":"Unknown/Left Blank","count":12,"tested":129,"color":"rgb(44,160,44)"}]}}]}
