{"lastUpdatedDate":{"year":2020,"month":11,"day":4},"county_demographics":[{"County":"Rock Island","confirmed_cases":4799,"total_tested":79284,"demographics":{"age":[{"age_group":"<20","count":537,"tested":9036},{"age_group":"20-29   ","count":878,"tested":11369},{"age_group":"30-39   ","count":773,"tested":11062},{"age_group":"40-49   ","count":729,"tested":10444},{"age_group":"50-59   ","count":732,"tested":10770},{"age_group":"60-69   ","count":569,"tested":11007},{"age_group":"70-79   ","count":352,"tested":7663},{"age_group":"80+","count":229,"tested":7860},{"age_group":"Unknown","count":0,"tested":73}],"race":[{"description":"AI/AN**","count":0,"tested":29,"color":"rgb(31,119,180)"},{"description":"Asian","count":79,"tested":379,"color":"rgb(140,86,75)"},{"description":"Black","count":444,"tested":4102,"color":"rgb(255,127,14)"},{"description":"Hispanic","count":505,"tested":3173,"color":"rgb(214,39,40)"},{"description":"Left Blank","count":2345,"tested":44569,"color":"rgb(44,160,44)"},{"description":"NH/PI*","count":0,"tested":20,"color":"rgb(127,127,127)"},{"description":"Other","count":86,"tested":1453,"color":"rgb(148,103,189)"},{"description":"White","count":1336,"tested":25559,"color":"rgb(31,119,180)"}],"gender":[{"description":"Female","count":2382,"tested":46644,"color":"rgb(255,127,14)"},{"description":"Male","count":2374,"tested":31106,"color":"rgb(31,119,180)"},{"description":"Unknown/Left Blank","count":43,"tested":1534,"color":"rgb(44,160,44)"}]}}]}
