{"lastUpdatedDate":{"year":2020,"month":11,"day":4},"county_demographics":[{"County":"Jasper","confirmed_cases":306,"total_tested":3762,"demographics":{"age":[{"age_group":"<20","count":46,"tested":447},{"age_group":"20-29   ","count":45,"tested":432},{"age_group":"30-39   ","count":31,"tested":370},{"age_group":"40-49   ","count":38,"tested":510},{"age_group":"50-59   ","count":44,"tested":539},{"age_group":"60-69   ","count":39,"tested":460},{"age_group":"70-79   ","count":27,"tested":396},{"age_group":"80+","count":36,"tested":606},{"age_group":"Unknown","count":0,"tested":0}],"race":[{"description":"Asian","count":0,"tested":0,"color":"rgb(140,86,75)"},{"description":"Black","count":0,"tested":7,"color":"rgb(255,127,14)"},{"description":"Hispanic","count":0,"tested":14,"color":"rgb(214,39,40)"},{"description":"Left Blank","count":69,"tested":668,"color":"rgb(44,160,44)"},{"description":"Other","count":0,"tested":261,"color":"rgb(148,103,189)"},{"description":"White","count":231,"tested":2810,"color":"rgb(31,119,180)"}],"gender":[{"description":"Female","count":165,"tested":2426,"color":"rgb(255,127,14)"},{"description":"Male","count":134,"tested":1297,"color":"rgb(31,119,180)"},{"description":"Unknown/Left Blank","count":7,"tested":39,"color":"rgb(44,160,44)"}]}}]}
