{"lastUpdatedDate":{"year":2021,"month":2,"day":20},"county_demographics":[{"County":"Knox","confirmed_cases":4989,"total_tested":74819,"demographics":{"age":[{"race":[],"age_group":"<20","count":584,"tested":7331,"deaths":0},{"race":[],"age_group":"20-29   ","count":754,"tested":13544,"deaths":0},{"race":[],"age_group":"30-39   ","count":732,"tested":11637,"deaths":0},{"race":[],"age_group":"40-49   ","count":744,"tested":10923,"deaths":0},{"race":[],"age_group":"50-59   ","count":736,"tested":10608,"deaths":0},{"race":[],"age_group":"60-69   ","count":641,"tested":7978,"deaths":0},{"race":[],"age_group":"70-79   ","count":418,"tested":4833,"deaths":0},{"race":[],"age_group":"80+","count":376,"tested":4939,"deaths":0},{"race":[],"age_group":"Unknown","count":0,"tested":3026,"deaths":0}],"race":[{"description":"AI/AN**","count":0,"tested":26,"deaths":0,"color":"rgb(31,119,180)"},{"description":"Asian","count":9,"tested":422,"deaths":0,"color":"rgb(140,86,75)"},{"description":"Black","count":423,"tested":2146,"deaths":0,"color":"rgb(255,127,14)"},{"description":"Hispanic","count":219,"tested":1064,"deaths":0,"color":"rgb(214,39,40)"},{"description":"Left Blank","count":976,"tested":48560,"deaths":0,"color":"rgb(44,160,44)"},{"description":"NH/PI*","count":0,"tested":33,"deaths":0,"color":"rgb(127,127,127)"},{"description":"Other","count":53,"tested":737,"deaths":0,"color":"rgb(148,103,189)"},{"description":"White","count":3299,"tested":21831,"deaths":0,"color":"rgb(31,119,180)"}],"gender":[{"description":"Female","count":2548,"tested":34612,"deaths":0,"color":"rgb(255,127,14)"},{"description":"Male","count":2242,"tested":22297,"deaths":0,"color":"rgb(31,119,180)"},{"description":"Unknown/Left Blank","count":199,"tested":17910,"deaths":0,"color":"rgb(44,160,44)"}]}}]}
