{"lastUpdatedDate":{"year":2021,"month":2,"day":20},"county_demographics":[{"County":"Cumberland","confirmed_cases":1180,"total_tested":10119,"demographics":{"age":[{"race":[],"age_group":"<20","count":178,"tested":1400,"deaths":0},{"race":[],"age_group":"20-29   ","count":165,"tested":1405,"deaths":0},{"race":[],"age_group":"30-39   ","count":150,"tested":1360,"deaths":0},{"race":[],"age_group":"40-49   ","count":153,"tested":1487,"deaths":0},{"race":[],"age_group":"50-59   ","count":181,"tested":1318,"deaths":0},{"race":[],"age_group":"60-69   ","count":151,"tested":1282,"deaths":0},{"race":[],"age_group":"70-79   ","count":96,"tested":717,"deaths":0},{"race":[],"age_group":"80+","count":106,"tested":1149,"deaths":0},{"race":[],"age_group":"Unknown","count":0,"tested":0,"deaths":0}],"race":[{"description":"AI/AN**","count":0,"tested":0,"deaths":0,"color":"rgb(31,119,180)"},{"description":"Asian","count":0,"tested":11,"deaths":0,"color":"rgb(140,86,75)"},{"description":"Black","count":0,"tested":23,"deaths":0,"color":"rgb(255,127,14)"},{"description":"Hispanic","count":0,"tested":47,"deaths":0,"color":"rgb(214,39,40)"},{"description":"Left Blank","count":277,"tested":2070,"deaths":0,"color":"rgb(44,160,44)"},{"description":"Other","count":17,"tested":332,"deaths":0,"color":"rgb(148,103,189)"},{"description":"White","count":879,"tested":7634,"deaths":0,"color":"rgb(31,119,180)"}],"gender":[{"description":"Female","count":613,"tested":6432,"deaths":0,"color":"rgb(255,127,14)"},{"description":"Male","count":553,"tested":3481,"deaths":0,"color":"rgb(31,119,180)"},{"description":"Unknown/Left Blank","count":14,"tested":206,"deaths":0,"color":"rgb(44,160,44)"}]}}]}
