{"lastUpdatedDate":{"year":2021,"month":2,"day":20},"county_demographics":[{"County":"Coles","confirmed_cases":5122,"total_tested":63725,"demographics":{"age":[{"race":[],"age_group":"<20","count":898,"tested":9798,"deaths":0},{"race":[],"age_group":"20-29   ","count":1070,"tested":13664,"deaths":0},{"race":[],"age_group":"30-39   ","count":656,"tested":8419,"deaths":0},{"race":[],"age_group":"40-49   ","count":587,"tested":6867,"deaths":0},{"race":[],"age_group":"50-59   ","count":616,"tested":7805,"deaths":0},{"race":[],"age_group":"60-69   ","count":598,"tested":7221,"deaths":0},{"race":[],"age_group":"70-79   ","count":386,"tested":5117,"deaths":0},{"race":[],"age_group":"80+","count":311,"tested":4824,"deaths":0},{"race":[],"age_group":"Unknown","count":0,"tested":10,"deaths":0}],"race":[{"description":"AI/AN**","count":0,"tested":24,"deaths":0,"color":"rgb(31,119,180)"},{"description":"Asian","count":17,"tested":309,"deaths":0,"color":"rgb(140,86,75)"},{"description":"Black","count":165,"tested":2719,"deaths":0,"color":"rgb(255,127,14)"},{"description":"Hispanic","count":111,"tested":861,"deaths":0,"color":"rgb(214,39,40)"},{"description":"Left Blank","count":681,"tested":11775,"deaths":0,"color":"rgb(44,160,44)"},{"description":"NH/PI*","count":0,"tested":18,"deaths":0,"color":"rgb(127,127,127)"},{"description":"Other","count":88,"tested":1786,"deaths":0,"color":"rgb(148,103,189)"},{"description":"White","count":4047,"tested":46233,"deaths":0,"color":"rgb(31,119,180)"}],"gender":[{"description":"Female","count":2760,"tested":38080,"deaths":0,"color":"rgb(255,127,14)"},{"description":"Male","count":2282,"tested":24759,"deaths":0,"color":"rgb(31,119,180)"},{"description":"Unknown/Left Blank","count":80,"tested":886,"deaths":0,"color":"rgb(44,160,44)"}]}}]}
