{"lastUpdatedDate":{"year":2021,"month":2,"day":20},"county_demographics":[{"County":"Piatt","confirmed_cases":1300,"total_tested":25457,"demographics":{"age":[{"race":[],"age_group":"<20","count":224,"tested":5375,"deaths":0},{"race":[],"age_group":"20-29   ","count":173,"tested":3556,"deaths":0},{"race":[],"age_group":"30-39   ","count":203,"tested":3456,"deaths":0},{"race":[],"age_group":"40-49   ","count":203,"tested":3295,"deaths":0},{"race":[],"age_group":"50-59   ","count":184,"tested":3257,"deaths":0},{"race":[],"age_group":"60-69   ","count":179,"tested":2935,"deaths":0},{"race":[],"age_group":"70-79   ","count":76,"tested":1690,"deaths":0},{"race":[],"age_group":"80+","count":56,"tested":1889,"deaths":0},{"race":[],"age_group":"Unknown","count":0,"tested":0,"deaths":0}],"race":[{"description":"AI/AN**","count":0,"tested":37,"deaths":0,"color":"rgb(31,119,180)"},{"description":"Asian","count":0,"tested":130,"deaths":0,"color":"rgb(140,86,75)"},{"description":"Black","count":10,"tested":158,"deaths":0,"color":"rgb(255,127,14)"},{"description":"Hispanic","count":7,"tested":194,"deaths":0,"color":"rgb(214,39,40)"},{"description":"Left Blank","count":253,"tested":7359,"deaths":0,"color":"rgb(44,160,44)"},{"description":"NH/PI*","count":0,"tested":6,"deaths":0,"color":"rgb(127,127,127)"},{"description":"Other","count":23,"tested":584,"deaths":0,"color":"rgb(148,103,189)"},{"description":"White","count":1001,"tested":16989,"deaths":0,"color":"rgb(31,119,180)"}],"gender":[{"description":"Female","count":685,"tested":15183,"deaths":0,"color":"rgb(255,127,14)"},{"description":"Male","count":614,"tested":9970,"deaths":0,"color":"rgb(31,119,180)"},{"description":"Unknown/Left Blank","count":0,"tested":304,"deaths":0,"color":"rgb(44,160,44)"}]}}]}
