{"lastUpdatedDate":{"year":2020,"month":12,"day":9},"county_demographics":[{"County":"Johnson","confirmed_cases":818,"total_tested":7118,"demographics":{"age":[{"race":[],"age_group":"<20","count":83,"tested":825,"deaths":0},{"race":[],"age_group":"20-29   ","count":136,"tested":989,"deaths":0},{"race":[],"age_group":"30-39   ","count":132,"tested":1073,"deaths":0},{"race":[],"age_group":"40-49   ","count":133,"tested":990,"deaths":0},{"race":[],"age_group":"50-59   ","count":130,"tested":1053,"deaths":0},{"race":[],"age_group":"60-69   ","count":83,"tested":926,"deaths":0},{"race":[],"age_group":"70-79   ","count":61,"tested":618,"deaths":0},{"race":[],"age_group":"80+","count":42,"tested":643,"deaths":0},{"race":[],"age_group":"Unknown","count":0,"tested":0,"deaths":0}],"race":[{"description":"AI/AN**","count":0,"tested":0,"deaths":0,"color":"rgb(31,119,180)"},{"description":"Asian","count":0,"tested":42,"deaths":0,"color":"rgb(140,86,75)"},{"description":"Black","count":87,"tested":240,"deaths":0,"color":"rgb(255,127,14)"},{"description":"Hispanic","count":52,"tested":161,"deaths":0,"color":"rgb(214,39,40)"},{"description":"Left Blank","count":153,"tested":2506,"deaths":0,"color":"rgb(44,160,44)"},{"description":"NH/PI*","count":0,"tested":0,"deaths":0,"color":"rgb(127,127,127)"},{"description":"Other","count":0,"tested":67,"deaths":0,"color":"rgb(148,103,189)"},{"description":"White","count":518,"tested":4099,"deaths":0,"color":"rgb(31,119,180)"}],"gender":[{"description":"Female","count":318,"tested":3774,"deaths":0,"color":"rgb(255,127,14)"},{"description":"Male","count":476,"tested":2855,"deaths":0,"color":"rgb(31,119,180)"},{"description":"Unknown/Left Blank","count":24,"tested":489,"deaths":0,"color":"rgb(44,160,44)"}]}}]}
