{"lastUpdatedDate":{"year":2020,"month":12,"day":9},"county_demographics":[{"County":"Ogle","confirmed_cases":3289,"total_tested":32285,"demographics":{"age":[{"race":[],"age_group":"<20","count":443,"tested":4801,"deaths":0},{"race":[],"age_group":"20-29   ","count":580,"tested":4842,"deaths":0},{"race":[],"age_group":"30-39   ","count":487,"tested":4653,"deaths":0},{"race":[],"age_group":"40-49   ","count":501,"tested":4142,"deaths":0},{"race":[],"age_group":"50-59   ","count":548,"tested":4809,"deaths":0},{"race":[],"age_group":"60-69   ","count":333,"tested":3816,"deaths":0},{"race":[],"age_group":"70-79   ","count":189,"tested":2401,"deaths":0},{"race":[],"age_group":"80+","count":172,"tested":2804,"deaths":0},{"race":[],"age_group":"Unknown","count":36,"tested":17,"deaths":0}],"race":[{"description":"AI/AN**","count":0,"tested":34,"deaths":0,"color":"rgb(31,119,180)"},{"description":"Asian","count":0,"tested":40,"deaths":0,"color":"rgb(140,86,75)"},{"description":"Black","count":19,"tested":233,"deaths":0,"color":"rgb(255,127,14)"},{"description":"Hispanic","count":298,"tested":943,"deaths":0,"color":"rgb(214,39,40)"},{"description":"Left Blank","count":1399,"tested":15929,"deaths":0,"color":"rgb(44,160,44)"},{"description":"NH/PI*","count":0,"tested":0,"deaths":0,"color":"rgb(127,127,127)"},{"description":"Other","count":54,"tested":404,"deaths":0,"color":"rgb(148,103,189)"},{"description":"White","count":1507,"tested":14700,"deaths":0,"color":"rgb(31,119,180)"}],"gender":[{"description":"Female","count":1742,"tested":18843,"deaths":0,"color":"rgb(255,127,14)"},{"description":"Male","count":1487,"tested":10990,"deaths":0,"color":"rgb(31,119,180)"},{"description":"Unknown/Left Blank","count":60,"tested":2452,"deaths":0,"color":"rgb(44,160,44)"}]}}]}
