{"lastUpdatedDate":{"year":2020,"month":12,"day":9},"county_demographics":[{"County":"Iroquois","confirmed_cases":1961,"total_tested":24506,"demographics":{"age":[{"race":[],"age_group":"<20","count":277,"tested":3056,"deaths":0},{"race":[],"age_group":"20-29   ","count":290,"tested":3163,"deaths":0},{"race":[],"age_group":"30-39   ","count":261,"tested":3086,"deaths":0},{"race":[],"age_group":"40-49   ","count":263,"tested":2654,"deaths":0},{"race":[],"age_group":"50-59   ","count":310,"tested":3457,"deaths":0},{"race":[],"age_group":"60-69   ","count":258,"tested":3250,"deaths":0},{"race":[],"age_group":"70-79   ","count":163,"tested":2495,"deaths":0},{"race":[],"age_group":"80+","count":134,"tested":3342,"deaths":0},{"race":[],"age_group":"Unknown","count":0,"tested":0,"deaths":0}],"race":[{"description":"AI/AN**","count":0,"tested":7,"deaths":0,"color":"rgb(31,119,180)"},{"description":"Asian","count":0,"tested":37,"deaths":0,"color":"rgb(140,86,75)"},{"description":"Black","count":16,"tested":216,"deaths":0,"color":"rgb(255,127,14)"},{"description":"Hispanic","count":180,"tested":777,"deaths":0,"color":"rgb(214,39,40)"},{"description":"Left Blank","count":292,"tested":5859,"deaths":0,"color":"rgb(44,160,44)"},{"description":"NH/PI*","count":0,"tested":0,"deaths":0,"color":"rgb(127,127,127)"},{"description":"Other","count":48,"tested":467,"deaths":0,"color":"rgb(148,103,189)"},{"description":"White","count":1420,"tested":17138,"deaths":0,"color":"rgb(31,119,180)"}],"gender":[{"description":"Female","count":1055,"tested":15531,"deaths":0,"color":"rgb(255,127,14)"},{"description":"Male","count":830,"tested":8624,"deaths":0,"color":"rgb(31,119,180)"},{"description":"Unknown/Left Blank","count":76,"tested":351,"deaths":0,"color":"rgb(44,160,44)"}]}}]}
