{"lastUpdatedDate":{"year":2020,"month":12,"day":9},"county_demographics":[{"County":"Edwards","confirmed_cases":280,"total_tested":2059,"demographics":{"age":[{"race":[],"age_group":"<20","count":41,"tested":425,"deaths":0},{"race":[],"age_group":"20-29   ","count":35,"tested":311,"deaths":0},{"race":[],"age_group":"30-39   ","count":24,"tested":252,"deaths":0},{"race":[],"age_group":"40-49   ","count":37,"tested":303,"deaths":0},{"race":[],"age_group":"50-59   ","count":35,"tested":283,"deaths":0},{"race":[],"age_group":"60-69   ","count":39,"tested":231,"deaths":0},{"race":[],"age_group":"70-79   ","count":37,"tested":166,"deaths":0},{"race":[],"age_group":"80+","count":19,"tested":87,"deaths":0},{"race":[],"age_group":"Unknown","count":0,"tested":0,"deaths":0}],"race":[{"description":"Asian","count":0,"tested":0,"deaths":0,"color":"rgb(140,86,75)"},{"description":"Black","count":0,"tested":0,"deaths":0,"color":"rgb(255,127,14)"},{"description":"Hispanic","count":0,"tested":0,"deaths":0,"color":"rgb(214,39,40)"},{"description":"Left Blank","count":30,"tested":481,"deaths":0,"color":"rgb(44,160,44)"},{"description":"Other","count":0,"tested":0,"deaths":0,"color":"rgb(148,103,189)"},{"description":"White","count":243,"tested":1562,"deaths":0,"color":"rgb(31,119,180)"}],"gender":[{"description":"Female","count":151,"tested":1332,"deaths":0,"color":"rgb(255,127,14)"},{"description":"Male","count":124,"tested":667,"deaths":0,"color":"rgb(31,119,180)"},{"description":"Unknown/Left Blank","count":0,"tested":60,"deaths":0,"color":"rgb(44,160,44)"}]}}]}
