{"lastUpdatedDate":{"year":2020,"month":12,"day":9},"county_demographics":[{"County":"Henry","confirmed_cases":3100,"total_tested":35896,"demographics":{"age":[{"race":[],"age_group":"<20","count":459,"tested":4286,"deaths":0},{"race":[],"age_group":"20-29   ","count":466,"tested":5017,"deaths":0},{"race":[],"age_group":"30-39   ","count":416,"tested":5016,"deaths":0},{"race":[],"age_group":"40-49   ","count":446,"tested":4742,"deaths":0},{"race":[],"age_group":"50-59   ","count":509,"tested":5682,"deaths":0},{"race":[],"age_group":"60-69   ","count":367,"tested":4489,"deaths":0},{"race":[],"age_group":"70-79   ","count":218,"tested":3041,"deaths":0},{"race":[],"age_group":"80+","count":214,"tested":3599,"deaths":0},{"race":[],"age_group":"Unknown","count":0,"tested":24,"deaths":0}],"race":[{"description":"AI/AN**","count":0,"tested":7,"deaths":0,"color":"rgb(31,119,180)"},{"description":"Asian","count":0,"tested":39,"deaths":0,"color":"rgb(140,86,75)"},{"description":"Black","count":36,"tested":303,"deaths":0,"color":"rgb(255,127,14)"},{"description":"Hispanic","count":98,"tested":496,"deaths":0,"color":"rgb(214,39,40)"},{"description":"Left Blank","count":1614,"tested":22206,"deaths":0,"color":"rgb(44,160,44)"},{"description":"NH/PI*","count":0,"tested":7,"deaths":0,"color":"rgb(127,127,127)"},{"description":"Other","count":64,"tested":463,"deaths":0,"color":"rgb(148,103,189)"},{"description":"White","count":1282,"tested":12375,"deaths":0,"color":"rgb(31,119,180)"}],"gender":[{"description":"Female","count":1698,"tested":22390,"deaths":0,"color":"rgb(255,127,14)"},{"description":"Male","count":1379,"tested":12986,"deaths":0,"color":"rgb(31,119,180)"},{"description":"Unknown/Left Blank","count":19,"tested":520,"deaths":0,"color":"rgb(44,160,44)"}]}}]}
