{"lastUpdatedDate":{"year":2021,"month":10,"day":5},"county_demographics":[{"County":"Boone","confirmed_cases":7738,"total_tested":83598,"demographics":{"age":[{"race":[],"age_group":"<20","count":1573,"tested":15790,"deaths":0},{"race":[],"age_group":"20-29   ","count":1303,"tested":13505,"deaths":0},{"race":[],"age_group":"30-39   ","count":1134,"tested":11193,"deaths":0},{"race":[],"age_group":"40-49   ","count":1275,"tested":11600,"deaths":0},{"race":[],"age_group":"50-59   ","count":1150,"tested":11641,"deaths":0},{"race":[],"age_group":"60-69   ","count":708,"tested":8522,"deaths":0},{"race":[],"age_group":"70-79   ","count":384,"tested":5862,"deaths":0},{"race":[],"age_group":"80+","count":210,"tested":5467,"deaths":0},{"race":[],"age_group":"Unknown","count":0,"tested":18,"deaths":0}],"race":[{"description":"AI/AN**","count":10,"tested":133,"deaths":0,"color":"rgb(31,119,180)"},{"description":"Asian","count":56,"tested":645,"deaths":0,"color":"rgb(140,86,75)"},{"description":"Black","count":141,"tested":1353,"deaths":0,"color":"rgb(255,127,14)"},{"description":"Hispanic","count":2451,"tested":8621,"deaths":0,"color":"rgb(214,39,40)"},{"description":"Left Blank","count":696,"tested":36397,"deaths":0,"color":"rgb(44,160,44)"},{"description":"NH/PI*","count":0,"tested":27,"deaths":0,"color":"rgb(127,127,127)"},{"description":"Other","count":101,"tested":1774,"deaths":0,"color":"rgb(148,103,189)"},{"description":"White","count":4270,"tested":34648,"deaths":0,"color":"rgb(31,119,180)"}],"gender":[{"description":"Female","count":4054,"tested":49850,"deaths":0,"color":"rgb(255,127,14)"},{"description":"Male","count":3676,"tested":32884,"deaths":0,"color":"rgb(31,119,180)"},{"description":"Unknown/Left Blank","count":0,"tested":864,"deaths":0,"color":"rgb(44,160,44)"}]}}]}
