{"lastUpdatedDate":{"year":2021,"month":10,"day":5},"county_demographics":[{"County":"Kankakee","confirmed_cases":17400,"total_tested":314290,"demographics":{"age":[{"race":[],"age_group":"<20","count":3104,"tested":29124,"deaths":0},{"race":[],"age_group":"20-29   ","count":3005,"tested":45534,"deaths":0},{"race":[],"age_group":"30-39   ","count":2692,"tested":45843,"deaths":0},{"race":[],"age_group":"40-49   ","count":2587,"tested":45888,"deaths":0},{"race":[],"age_group":"50-59   ","count":2507,"tested":51044,"deaths":0},{"race":[],"age_group":"60-69   ","count":1784,"tested":41957,"deaths":0},{"race":[],"age_group":"70-79   ","count":1031,"tested":27947,"deaths":0},{"race":[],"age_group":"80+","count":687,"tested":26872,"deaths":0},{"race":[],"age_group":"Unknown","count":0,"tested":81,"deaths":0}],"race":[{"description":"AI/AN**","count":7,"tested":192,"deaths":0,"color":"rgb(31,119,180)"},{"description":"Asian","count":77,"tested":1967,"deaths":0,"color":"rgb(140,86,75)"},{"description":"Black","count":2323,"tested":54490,"deaths":0,"color":"rgb(255,127,14)"},{"description":"Hispanic","count":1634,"tested":12856,"deaths":0,"color":"rgb(214,39,40)"},{"description":"Left Blank","count":3743,"tested":74741,"deaths":0,"color":"rgb(44,160,44)"},{"description":"NH/PI*","count":0,"tested":396,"deaths":0,"color":"rgb(127,127,127)"},{"description":"Other","count":450,"tested":7714,"deaths":0,"color":"rgb(148,103,189)"},{"description":"White","count":9156,"tested":161934,"deaths":0,"color":"rgb(31,119,180)"}],"gender":[{"description":"Female","count":9176,"tested":184820,"deaths":0,"color":"rgb(255,127,14)"},{"description":"Male","count":8155,"tested":124350,"deaths":0,"color":"rgb(31,119,180)"},{"description":"Unknown/Left Blank","count":69,"tested":5120,"deaths":0,"color":"rgb(44,160,44)"}]}}]}
