{"lastUpdatedDate":{"year":2021,"month":10,"day":5},"county_demographics":[{"County":"Woodford","confirmed_cases":5664,"total_tested":99158,"demographics":{"age":[{"race":[],"age_group":"<20","count":1223,"tested":18560,"deaths":0},{"race":[],"age_group":"20-29   ","count":745,"tested":13469,"deaths":0},{"race":[],"age_group":"30-39   ","count":773,"tested":12623,"deaths":0},{"race":[],"age_group":"40-49   ","count":785,"tested":12067,"deaths":0},{"race":[],"age_group":"50-59   ","count":817,"tested":12613,"deaths":0},{"race":[],"age_group":"60-69   ","count":656,"tested":10441,"deaths":0},{"race":[],"age_group":"70-79   ","count":342,"tested":6866,"deaths":0},{"race":[],"age_group":"80+","count":323,"tested":12489,"deaths":0},{"race":[],"age_group":"Unknown","count":0,"tested":30,"deaths":0}],"race":[{"description":"AI/AN**","count":0,"tested":61,"deaths":0,"color":"rgb(31,119,180)"},{"description":"Asian","count":11,"tested":333,"deaths":0,"color":"rgb(140,86,75)"},{"description":"Black","count":31,"tested":958,"deaths":0,"color":"rgb(255,127,14)"},{"description":"Hispanic","count":40,"tested":725,"deaths":0,"color":"rgb(214,39,40)"},{"description":"Left Blank","count":1925,"tested":31896,"deaths":0,"color":"rgb(44,160,44)"},{"description":"NH/PI*","count":0,"tested":17,"deaths":0,"color":"rgb(127,127,127)"},{"description":"Other","count":114,"tested":3111,"deaths":0,"color":"rgb(148,103,189)"},{"description":"White","count":3534,"tested":62057,"deaths":0,"color":"rgb(31,119,180)"}],"gender":[{"description":"Female","count":2904,"tested":60235,"deaths":0,"color":"rgb(255,127,14)"},{"description":"Male","count":2691,"tested":36363,"deaths":0,"color":"rgb(31,119,180)"},{"description":"Unknown/Left Blank","count":65,"tested":2560,"deaths":0,"color":"rgb(44,160,44)"}]}}]}
