{"lastUpdatedDate":{"year":2021,"month":10,"day":5},"county_demographics":[{"County":"Champaign","confirmed_cases":26460,"total_tested":2828168,"demographics":{"age":[{"race":[],"age_group":"<20","count":7329,"tested":652437,"deaths":0},{"race":[],"age_group":"20-29   ","count":7454,"tested":1249250,"deaths":0},{"race":[],"age_group":"30-39   ","count":3405,"tested":285610,"deaths":0},{"race":[],"age_group":"40-49   ","count":2803,"tested":220479,"deaths":0},{"race":[],"age_group":"50-59   ","count":2288,"tested":207298,"deaths":0},{"race":[],"age_group":"60-69   ","count":1776,"tested":130731,"deaths":0},{"race":[],"age_group":"70-79   ","count":782,"tested":47018,"deaths":0},{"race":[],"age_group":"80+","count":622,"tested":34785,"deaths":0},{"race":[],"age_group":"Unknown","count":0,"tested":560,"deaths":0}],"race":[{"description":"AI/AN**","count":17,"tested":4022,"deaths":0,"color":"rgb(31,119,180)"},{"description":"Asian","count":1366,"tested":555063,"deaths":0,"color":"rgb(140,86,75)"},{"description":"Black","count":4484,"tested":226456,"deaths":0,"color":"rgb(255,127,14)"},{"description":"Hispanic","count":2729,"tested":231315,"deaths":0,"color":"rgb(214,39,40)"},{"description":"Left Blank","count":1586,"tested":143154,"deaths":0,"color":"rgb(44,160,44)"},{"description":"NH/PI*","count":13,"tested":1891,"deaths":0,"color":"rgb(127,127,127)"},{"description":"Other","count":961,"tested":127294,"deaths":0,"color":"rgb(148,103,189)"},{"description":"White","count":15299,"tested":1538973,"deaths":0,"color":"rgb(31,119,180)"}],"gender":[{"description":"Female","count":13458,"tested":1377683,"deaths":0,"color":"rgb(255,127,14)"},{"description":"Male","count":12963,"tested":1442236,"deaths":0,"color":"rgb(31,119,180)"},{"description":"Unknown/Left Blank","count":39,"tested":8249,"deaths":0,"color":"rgb(44,160,44)"}]}}]}
