{"lastUpdatedDate":{"year":2021,"month":10,"day":5},"county_demographics":[{"County":"Hancock","confirmed_cases":2676,"total_tested":26714,"demographics":{"age":[{"race":[],"age_group":"<20","count":521,"tested":4203,"deaths":0},{"race":[],"age_group":"20-29   ","count":336,"tested":3860,"deaths":0},{"race":[],"age_group":"30-39   ","count":356,"tested":3598,"deaths":0},{"race":[],"age_group":"40-49   ","count":344,"tested":3511,"deaths":0},{"race":[],"age_group":"50-59   ","count":384,"tested":4347,"deaths":0},{"race":[],"age_group":"60-69   ","count":364,"tested":3440,"deaths":0},{"race":[],"age_group":"70-79   ","count":231,"tested":1993,"deaths":0},{"race":[],"age_group":"80+","count":140,"tested":1760,"deaths":0},{"race":[],"age_group":"Unknown","count":0,"tested":0,"deaths":0}],"race":[{"description":"AI/AN**","count":0,"tested":19,"deaths":0,"color":"rgb(31,119,180)"},{"description":"Asian","count":0,"tested":19,"deaths":0,"color":"rgb(140,86,75)"},{"description":"Black","count":11,"tested":77,"deaths":0,"color":"rgb(255,127,14)"},{"description":"Hispanic","count":27,"tested":144,"deaths":0,"color":"rgb(214,39,40)"},{"description":"Left Blank","count":1082,"tested":10671,"deaths":0,"color":"rgb(44,160,44)"},{"description":"NH/PI*","count":0,"tested":20,"deaths":0,"color":"rgb(127,127,127)"},{"description":"Other","count":50,"tested":298,"deaths":0,"color":"rgb(148,103,189)"},{"description":"White","count":1499,"tested":15466,"deaths":0,"color":"rgb(31,119,180)"}],"gender":[{"description":"Female","count":1418,"tested":16452,"deaths":0,"color":"rgb(255,127,14)"},{"description":"Male","count":1188,"tested":9076,"deaths":0,"color":"rgb(31,119,180)"},{"description":"Unknown/Left Blank","count":70,"tested":1186,"deaths":0,"color":"rgb(44,160,44)"}]}}]}
