{"lastUpdatedDate":{"year":2021,"month":10,"day":5},"county_demographics":[{"County":"Massac","confirmed_cases":2083,"total_tested":19647,"demographics":{"age":[{"race":[],"age_group":"<20","count":393,"tested":2447,"deaths":0},{"race":[],"age_group":"20-29   ","count":274,"tested":2728,"deaths":0},{"race":[],"age_group":"30-39   ","count":256,"tested":2452,"deaths":0},{"race":[],"age_group":"40-49   ","count":262,"tested":3046,"deaths":0},{"race":[],"age_group":"50-59   ","count":310,"tested":2770,"deaths":0},{"race":[],"age_group":"60-69   ","count":252,"tested":2257,"deaths":0},{"race":[],"age_group":"70-79   ","count":180,"tested":1715,"deaths":0},{"race":[],"age_group":"80+","count":152,"tested":2230,"deaths":0},{"race":[],"age_group":"Unknown","count":0,"tested":0,"deaths":0}],"race":[{"description":"AI/AN**","count":0,"tested":13,"deaths":0,"color":"rgb(31,119,180)"},{"description":"Asian","count":0,"tested":20,"deaths":0,"color":"rgb(140,86,75)"},{"description":"Black","count":46,"tested":592,"deaths":0,"color":"rgb(255,127,14)"},{"description":"Hispanic","count":9,"tested":100,"deaths":0,"color":"rgb(214,39,40)"},{"description":"Left Blank","count":976,"tested":10882,"deaths":0,"color":"rgb(44,160,44)"},{"description":"NH/PI*","count":0,"tested":0,"deaths":0,"color":"rgb(127,127,127)"},{"description":"Other","count":0,"tested":91,"deaths":0,"color":"rgb(148,103,189)"},{"description":"White","count":1039,"tested":7946,"deaths":0,"color":"rgb(31,119,180)"}],"gender":[{"description":"Female","count":1114,"tested":11833,"deaths":0,"color":"rgb(255,127,14)"},{"description":"Male","count":941,"tested":7027,"deaths":0,"color":"rgb(31,119,180)"},{"description":"Unknown/Left Blank","count":28,"tested":787,"deaths":0,"color":"rgb(44,160,44)"}]}}]}
