{"lastUpdatedDate":{"year":2020,"month":12,"day":4},"county_demographics":[{"County":"Will","confirmed_cases":41826,"total_tested":420525,"demographics":{"age":[{"race":[],"age_group":"<20","count":6233,"tested":49733,"deaths":0},{"race":[],"age_group":"20-29   ","count":7719,"tested":69117,"deaths":0},{"race":[],"age_group":"30-39   ","count":6474,"tested":61431,"deaths":0},{"race":[],"age_group":"40-49   ","count":7299,"tested":63504,"deaths":0},{"race":[],"age_group":"50-59   ","count":7038,"tested":69538,"deaths":0},{"race":[],"age_group":"60-69   ","count":3901,"tested":50296,"deaths":0},{"race":[],"age_group":"70-79   ","count":1956,"tested":30797,"deaths":0},{"race":[],"age_group":"80+","count":1200,"tested":25653,"deaths":0},{"race":[],"age_group":"Unknown","count":6,"tested":456,"deaths":0}],"race":[{"description":"AI/AN**","count":157,"tested":759,"deaths":0,"color":"rgb(31,119,180)"},{"description":"Asian","count":726,"tested":9011,"deaths":0,"color":"rgb(140,86,75)"},{"description":"Black","count":3275,"tested":32398,"deaths":0,"color":"rgb(255,127,14)"},{"description":"Hispanic","count":6184,"tested":27567,"deaths":0,"color":"rgb(214,39,40)"},{"description":"Left Blank","count":16963,"tested":201574,"deaths":0,"color":"rgb(44,160,44)"},{"description":"NH/PI*","count":30,"tested":275,"deaths":0,"color":"rgb(127,127,127)"},{"description":"Other","count":1478,"tested":15809,"deaths":0,"color":"rgb(148,103,189)"},{"description":"White","count":13009,"tested":133132,"deaths":0,"color":"rgb(31,119,180)"}],"gender":[{"description":"Female","count":21608,"tested":236280,"deaths":0,"color":"rgb(255,127,14)"},{"description":"Male","count":19941,"tested":178373,"deaths":0,"color":"rgb(31,119,180)"},{"description":"Unknown/Left Blank","count":277,"tested":5872,"deaths":0,"color":"rgb(44,160,44)"}]}}]}
