{"lastUpdatedDate":{"year":2020,"month":12,"day":4},"county_demographics":[{"County":"Kankakee","confirmed_cases":9226,"total_tested":109900,"demographics":{"age":[{"race":[],"age_group":"<20","count":1342,"tested":10658,"deaths":0},{"race":[],"age_group":"20-29   ","count":1666,"tested":15879,"deaths":0},{"race":[],"age_group":"30-39   ","count":1314,"tested":15087,"deaths":0},{"race":[],"age_group":"40-49   ","count":1403,"tested":15324,"deaths":0},{"race":[],"age_group":"50-59   ","count":1442,"tested":17760,"deaths":0},{"race":[],"age_group":"60-69   ","count":1005,"tested":15215,"deaths":0},{"race":[],"age_group":"70-79   ","count":590,"tested":10418,"deaths":0},{"race":[],"age_group":"80+","count":461,"tested":9536,"deaths":0},{"race":[],"age_group":"Unknown","count":0,"tested":23,"deaths":0}],"race":[{"description":"AI/AN**","count":0,"tested":39,"deaths":0,"color":"rgb(31,119,180)"},{"description":"Asian","count":29,"tested":538,"deaths":0,"color":"rgb(140,86,75)"},{"description":"Black","count":1174,"tested":16535,"deaths":0,"color":"rgb(255,127,14)"},{"description":"Hispanic","count":945,"tested":4211,"deaths":0,"color":"rgb(214,39,40)"},{"description":"Left Blank","count":2095,"tested":25448,"deaths":0,"color":"rgb(44,160,44)"},{"description":"NH/PI*","count":0,"tested":73,"deaths":0,"color":"rgb(127,127,127)"},{"description":"Other","count":253,"tested":3518,"deaths":0,"color":"rgb(148,103,189)"},{"description":"White","count":4723,"tested":59538,"deaths":0,"color":"rgb(31,119,180)"}],"gender":[{"description":"Female","count":5021,"tested":63561,"deaths":0,"color":"rgb(255,127,14)"},{"description":"Male","count":4175,"tested":43720,"deaths":0,"color":"rgb(31,119,180)"},{"description":"Unknown/Left Blank","count":28,"tested":2619,"deaths":0,"color":"rgb(44,160,44)"}]}}]}
