{"lastUpdatedDate":{"year":2020,"month":12,"day":4},"county_demographics":[{"County":"DuPage","confirmed_cases":49311,"total_tested":634379,"demographics":{"age":[{"race":[],"age_group":"<20","count":7560,"tested":72882,"deaths":0},{"race":[],"age_group":"20-29   ","count":8957,"tested":99962,"deaths":0},{"race":[],"age_group":"30-39   ","count":7596,"tested":91561,"deaths":0},{"race":[],"age_group":"40-49   ","count":7557,"tested":82996,"deaths":0},{"race":[],"age_group":"50-59   ","count":7734,"tested":96464,"deaths":0},{"race":[],"age_group":"60-69   ","count":5232,"tested":83526,"deaths":0},{"race":[],"age_group":"70-79   ","count":2554,"tested":50528,"deaths":0},{"race":[],"age_group":"80+","count":2117,"tested":56059,"deaths":0},{"race":[],"age_group":"Unknown","count":0,"tested":401,"deaths":0}],"race":[{"description":"AI/AN**","count":44,"tested":410,"deaths":0,"color":"rgb(31,119,180)"},{"description":"Asian","count":2374,"tested":23137,"deaths":0,"color":"rgb(140,86,75)"},{"description":"Black","count":1673,"tested":17536,"deaths":0,"color":"rgb(255,127,14)"},{"description":"Hispanic","count":8511,"tested":33973,"deaths":0,"color":"rgb(214,39,40)"},{"description":"Left Blank","count":17406,"tested":349411,"deaths":0,"color":"rgb(44,160,44)"},{"description":"NH/PI*","count":51,"tested":425,"deaths":0,"color":"rgb(127,127,127)"},{"description":"Other","count":1609,"tested":17762,"deaths":0,"color":"rgb(148,103,189)"},{"description":"White","count":17642,"tested":191725,"deaths":0,"color":"rgb(31,119,180)"}],"gender":[{"description":"Female","count":25247,"tested":358248,"deaths":0,"color":"rgb(255,127,14)"},{"description":"Male","count":23757,"tested":260732,"deaths":0,"color":"rgb(31,119,180)"},{"description":"Unknown/Left Blank","count":307,"tested":15399,"deaths":0,"color":"rgb(44,160,44)"}]}}]}
