{"lastUpdatedDate":{"year":2020,"month":12,"day":4},"county_demographics":[{"County":"Mason","confirmed_cases":785,"total_tested":10033,"demographics":{"age":[{"race":[],"age_group":"<20","count":119,"tested":1613,"deaths":0},{"race":[],"age_group":"20-29   ","count":74,"tested":1216,"deaths":0},{"race":[],"age_group":"30-39   ","count":115,"tested":1456,"deaths":0},{"race":[],"age_group":"40-49   ","count":96,"tested":1443,"deaths":0},{"race":[],"age_group":"50-59   ","count":113,"tested":1451,"deaths":0},{"race":[],"age_group":"60-69   ","count":105,"tested":1243,"deaths":0},{"race":[],"age_group":"70-79   ","count":81,"tested":855,"deaths":0},{"race":[],"age_group":"80+","count":72,"tested":756,"deaths":0},{"race":[],"age_group":"Unknown","count":0,"tested":0,"deaths":0}],"race":[{"description":"AI/AN**","count":0,"tested":0,"deaths":0,"color":"rgb(31,119,180)"},{"description":"Asian","count":0,"tested":7,"deaths":0,"color":"rgb(140,86,75)"},{"description":"Black","count":0,"tested":29,"deaths":0,"color":"rgb(255,127,14)"},{"description":"Hispanic","count":0,"tested":22,"deaths":0,"color":"rgb(214,39,40)"},{"description":"Left Blank","count":340,"tested":4202,"deaths":0,"color":"rgb(44,160,44)"},{"description":"Other","count":0,"tested":72,"deaths":0,"color":"rgb(148,103,189)"},{"description":"White","count":435,"tested":5698,"deaths":0,"color":"rgb(31,119,180)"}],"gender":[{"description":"Female","count":455,"tested":6088,"deaths":0,"color":"rgb(255,127,14)"},{"description":"Male","count":306,"tested":3655,"deaths":0,"color":"rgb(31,119,180)"},{"description":"Unknown/Left Blank","count":24,"tested":290,"deaths":0,"color":"rgb(44,160,44)"}]}}]}
