{"lastUpdatedDate":{"year":2020,"month":12,"day":4},"county_demographics":[{"County":"Schuyler","confirmed_cases":354,"total_tested":5078,"demographics":{"age":[{"race":[],"age_group":"<20","count":35,"tested":404,"deaths":0},{"race":[],"age_group":"20-29   ","count":17,"tested":487,"deaths":0},{"race":[],"age_group":"30-39   ","count":49,"tested":622,"deaths":0},{"race":[],"age_group":"40-49   ","count":43,"tested":769,"deaths":0},{"race":[],"age_group":"50-59   ","count":67,"tested":993,"deaths":0},{"race":[],"age_group":"60-69   ","count":56,"tested":958,"deaths":0},{"race":[],"age_group":"70-79   ","count":45,"tested":480,"deaths":0},{"race":[],"age_group":"80+","count":22,"tested":365,"deaths":0}],"race":[{"description":"AI/AN**","count":0,"tested":0,"deaths":0,"color":"rgb(31,119,180)"},{"description":"Asian","count":0,"tested":0,"deaths":0,"color":"rgb(140,86,75)"},{"description":"Black","count":17,"tested":199,"deaths":0,"color":"rgb(255,127,14)"},{"description":"Hispanic","count":0,"tested":48,"deaths":0,"color":"rgb(214,39,40)"},{"description":"Left Blank","count":82,"tested":1236,"deaths":0,"color":"rgb(44,160,44)"},{"description":"Other","count":0,"tested":53,"deaths":0,"color":"rgb(148,103,189)"},{"description":"White","count":250,"tested":3536,"deaths":0,"color":"rgb(31,119,180)"}],"gender":[{"description":"Female","count":166,"tested":2217,"deaths":0,"color":"rgb(255,127,14)"},{"description":"Male","count":159,"tested":2728,"deaths":0,"color":"rgb(31,119,180)"},{"description":"Unknown/Left Blank","count":27,"tested":133,"deaths":0,"color":"rgb(44,160,44)"}]}}]}
