{"age":[{"age_group":"<20","count":44,"tested":687},{"age_group":"20-29   ","count":297,"tested":5917},{"age_group":"30-39   ","count":199,"tested":3722},{"age_group":"40-49   ","count":76,"tested":1212},{"age_group":"50-59   ","count":69,"tested":1318},{"age_group":"60-69   ","count":52,"tested":1071},{"age_group":"70-79   ","count":45,"tested":674},{"age_group":"80+","count":33,"tested":367}],"race":[{"description":"White","count":282,"tested":4227,"color":"rgb(31,119,180)"},{"description":"Black","count":75,"tested":1084,"color":"rgb(255,127,14)"},{"description":"Asian","count":61,"tested":1232,"color":"rgb(140,86,75)"},{"description":"Other","count":47,"tested":770,"color":"rgb(148,103,189)"},{"description":"Left Blank","count":259,"tested":7212,"color":"rgb(44,160,44)"},{"description":"Hispanic","count":60,"tested":394,"color":"rgb(214,39,40)"}],"gender":[{"description":"Female","count":339,"tested":7570,"color":"rgb(255,127,14)"},{"description":"Male","count":385,"tested":7033,"color":"rgb(31,119,180)"}]}
