{"age":[{"age_group":"<20","count":16,"tested":89},{"age_group":"20-29   ","count":13,"tested":100},{"age_group":"30-39   ","count":16,"tested":102},{"age_group":"40-49   ","count":8,"tested":71},{"age_group":"50-59   ","count":14,"tested":84},{"age_group":"60-69   ","count":13,"tested":80}],"race":[{"description":"White","count":63,"tested":277,"color":"rgb(31,119,180)"},{"description":"Left Blank","count":8,"tested":299,"color":"rgb(44,160,44)"},{"description":"Hispanic","count":13,"tested":19,"color":"rgb(214,39,40)"}],"gender":[{"description":"Male","count":37,"tested":277,"color":"rgb(31,119,180)"},{"description":"Female","count":48,"tested":328,"color":"rgb(255,127,14)"}]}
