{"age":[{"age_group":"<20","count":85,"tested":1119},{"age_group":"20-29   ","count":540,"tested":9634},{"age_group":"30-39   ","count":397,"tested":7970},{"age_group":"40-49   ","count":168,"tested":2861},{"age_group":"50-59   ","count":175,"tested":3310},{"age_group":"60-69   ","count":162,"tested":3235},{"age_group":"70-79   ","count":120,"tested":2512},{"age_group":"80+","count":117,"tested":2230}],"race":[{"description":"NH/PI*","count":42,"tested":26,"color":"rgb(127,127,127)"},{"description":"Black","count":91,"tested":1126,"color":"rgb(255,127,14)"},{"description":"Asian","count":126,"tested":2483,"color":"rgb(140,86,75)"},{"description":"Other","count":148,"tested":1750,"color":"rgb(148,103,189)"},{"description":"White","count":706,"tested":12823,"color":"rgb(31,119,180)"},{"description":"Left Blank","count":493,"tested":14108,"color":"rgb(44,160,44)"},{"description":"Hispanic","count":121,"tested":505,"color":"rgb(214,39,40)"}],"gender":[{"description":"Female","count":825,"tested":18453,"color":"rgb(255,127,14)"},{"description":"Male","count":713,"tested":13937,"color":"rgb(31,119,180)"},{"description":"Unknown/Left Blank","count":46,"tested":484,"color":"rgb(44,160,44)"}]}
