{"age":[{"age_group":"<20","count":83,"tested":912},{"age_group":"20-29   ","count":80,"tested":993},{"age_group":"30-39   ","count":78,"tested":833},{"age_group":"40-49   ","count":82,"tested":1113},{"age_group":"50-59   ","count":101,"tested":1449},{"age_group":"60-69   ","count":62,"tested":1135},{"age_group":"70-79   ","count":27,"tested":688},{"age_group":"80+","count":31,"tested":588}],"race":[{"description":"Other","count":11,"tested":163,"color":"rgb(148,103,189)"},{"description":"Hispanic","count":11,"tested":101,"color":"rgb(214,39,40)"},{"description":"White","count":77,"tested":1293,"color":"rgb(31,119,180)"},{"description":"Left Blank","count":223,"tested":3745,"color":"rgb(44,160,44)"},{"description":"Black","count":211,"tested":2338,"color":"rgb(255,127,14)"}],"gender":[{"description":"Male","count":255,"tested":3268,"color":"rgb(31,119,180)"},{"description":"Female","count":269,"tested":4388,"color":"rgb(255,127,14)"}]}
