{"age":[{"age_group":"<20","count":549,"tested":3245},{"age_group":"20-29   ","count":613,"tested":4090},{"age_group":"30-39   ","count":552,"tested":3997},{"age_group":"40-49   ","count":552,"tested":3955},{"age_group":"50-59   ","count":455,"tested":4023},{"age_group":"60-69   ","count":326,"tested":3497},{"age_group":"70-79   ","count":215,"tested":1504},{"age_group":"80+","count":171,"tested":801}],"race":[{"description":"Other","count":187,"tested":740,"color":"rgb(148,103,189)"},{"description":"Black","count":470,"tested":3323,"color":"rgb(255,127,14)"},{"description":"Asian","count":130,"tested":307,"color":"rgb(140,86,75)"},{"description":"White","count":491,"tested":3753,"color":"rgb(31,119,180)"},{"description":"Left Blank","count":739,"tested":11861,"color":"rgb(44,160,44)"},{"description":"Hispanic","count":1198,"tested":5072,"color":"rgb(214,39,40)"}],"gender":[{"description":"Unknown/Left Blank","count":117,"tested":329,"color":"rgb(44,160,44)"},{"description":"Male","count":1299,"tested":9968,"color":"rgb(31,119,180)"},{"description":"Female","count":1487,"tested":14821,"color":"rgb(255,127,14)"}]}
