{"age":[{"age_group":"<20","count":30,"tested":149},{"age_group":"20-29   ","count":29,"tested":134},{"age_group":"30-39   ","count":27,"tested":107},{"age_group":"40-49   ","count":22,"tested":141},{"age_group":"50-59   ","count":27,"tested":137},{"age_group":"60-69   ","count":23,"tested":144},{"age_group":"70-79   ","count":22,"tested":99}],"race":[{"description":"Left Blank","count":32,"tested":238,"color":"rgb(44,160,44)"},{"description":"White","count":89,"tested":619,"color":"rgb(31,119,180)"}],"gender":[{"description":"Female","count":74,"tested":537,"color":"rgb(255,127,14)"},{"description":"Male","count":52,"tested":392,"color":"rgb(31,119,180)"}]}
