{"age":[{"age_group":"<20","count":148,"tested":751},{"age_group":"20-29   ","count":159,"tested":960},{"age_group":"30-39   ","count":136,"tested":887},{"age_group":"40-49   ","count":123,"tested":825},{"age_group":"50-59   ","count":161,"tested":1134},{"age_group":"60-69   ","count":127,"tested":820},{"age_group":"70-79   ","count":85,"tested":487}],"race":[{"description":"Other","count":74,"tested":62,"color":"rgb(148,103,189)"},{"description":"White","count":349,"tested":3428,"color":"rgb(31,119,180)"},{"description":"Left Blank","count":232,"tested":2188,"color":"rgb(44,160,44)"},{"description":"Hispanic","count":100,"tested":269,"color":"rgb(214,39,40)"}],"gender":[{"description":"Female","count":324,"tested":3443,"color":"rgb(255,127,14)"},{"description":"Male","count":313,"tested":2550,"color":"rgb(31,119,180)"}]}
