{"age":[{"age_group":"<20","count":203,"tested":1203},{"age_group":"20-29   ","count":217,"tested":1553},{"age_group":"30-39   ","count":214,"tested":1983},{"age_group":"40-49   ","count":229,"tested":1844},{"age_group":"50-59   ","count":218,"tested":1849},{"age_group":"60-69   ","count":153,"tested":1495},{"age_group":"70-79   ","count":126,"tested":905},{"age_group":"80+","count":111,"tested":962}],"race":[{"description":"Asian","count":91,"tested":168,"color":"rgb(140,86,75)"},{"description":"Other","count":89,"tested":230,"color":"rgb(148,103,189)"},{"description":"Left Blank","count":405,"tested":6254,"color":"rgb(44,160,44)"},{"description":"White","count":415,"tested":4214,"color":"rgb(31,119,180)"},{"description":"Hispanic","count":255,"tested":829,"color":"rgb(214,39,40)"}],"gender":[{"description":"Female","count":541,"tested":6925,"color":"rgb(255,127,14)"},{"description":"Male","count":505,"tested":4740,"color":"rgb(31,119,180)"}]}
