{"age":[{"age_group":"<20","count":390,"tested":2670},{"age_group":"20-29   ","count":462,"tested":4542},{"age_group":"30-39   ","count":450,"tested":4653},{"age_group":"40-49   ","count":461,"tested":4500},{"age_group":"50-59   ","count":499,"tested":4636},{"age_group":"60-69   ","count":385,"tested":3845},{"age_group":"70-79   ","count":252,"tested":2431},{"age_group":"80+","count":200,"tested":2155}],"race":[{"description":"Other","count":210,"tested":609,"color":"rgb(148,103,189)"},{"description":"Black","count":180,"tested":597,"color":"rgb(255,127,14)"},{"description":"Asian","count":285,"tested":1818,"color":"rgb(140,86,75)"},{"description":"White","count":857,"tested":7437,"color":"rgb(31,119,180)"},{"description":"Left Blank","count":987,"tested":17630,"color":"rgb(44,160,44)"},{"description":"Hispanic","count":302,"tested":1272,"color":"rgb(214,39,40)"},{"description":"AI/AN**","count":142,"tested":16,"color":"rgb(31,119,180)"}],"gender":[{"description":"Male","count":1094,"tested":11219,"color":"rgb(31,119,180)"},{"description":"Unknown/Left Blank","count":143,"tested":545,"color":"rgb(44,160,44)"},{"description":"Female","count":1182,"tested":17691,"color":"rgb(255,127,14)"}]}
