{"age":[{"age_group":"<20","count":624,"tested":3157},{"age_group":"20-29   ","count":782,"tested":5671},{"age_group":"30-39   ","count":699,"tested":4658},{"age_group":"40-49   ","count":696,"tested":4106},{"age_group":"50-59   ","count":653,"tested":4337},{"age_group":"60-69   ","count":409,"tested":3027},{"age_group":"70-79   ","count":205,"tested":1302},{"age_group":"80+","count":142,"tested":763}],"race":[{"description":"NH/PI*","count":105,"tested":37,"color":"rgb(127,127,127)"},{"description":"Left Blank","count":1422,"tested":16402,"color":"rgb(44,160,44)"},{"description":"AI/AN**","count":100,"tested":14,"color":"rgb(31,119,180)"},{"description":"Hispanic","count":1221,"tested":3491,"color":"rgb(214,39,40)"},{"description":"Other","count":235,"tested":854,"color":"rgb(148,103,189)"},{"description":"White","count":555,"tested":3726,"color":"rgb(31,119,180)"},{"description":"Asian","count":361,"tested":1606,"color":"rgb(140,86,75)"},{"description":"Black","count":211,"tested":903,"color":"rgb(255,127,14)"}],"gender":[{"description":"Male","count":1785,"tested":11180,"color":"rgb(31,119,180)"},{"description":"Female","count":1852,"tested":15056,"color":"rgb(255,127,14)"},{"description":"Unknown/Left Blank","count":113,"tested":797,"color":"rgb(44,160,44)"}]}
