{"age":[{"age_group":"<20","count":283,"tested":1371},{"age_group":"20-29   ","count":360,"tested":2336},{"age_group":"30-39   ","count":341,"tested":2286},{"age_group":"40-49   ","count":334,"tested":2200},{"age_group":"50-59   ","count":258,"tested":2273},{"age_group":"60-69   ","count":200,"tested":1794},{"age_group":"70-79   ","count":137,"tested":907},{"age_group":"80+","count":102,"tested":373}],"race":[{"description":"AI/AN**","count":84,"tested":51,"color":"rgb(31,119,180)"},{"description":"Other","count":127,"tested":777,"color":"rgb(148,103,189)"},{"description":"Black","count":241,"tested":1849,"color":"rgb(255,127,14)"},{"description":"Left Blank","count":625,"tested":6131,"color":"rgb(44,160,44)"},{"description":"White","count":341,"tested":3158,"color":"rgb(31,119,180)"},{"description":"Hispanic","count":456,"tested":1511,"color":"rgb(214,39,40)"}],"gender":[{"description":"Unknown/Left Blank","count":85,"tested":317,"color":"rgb(44,160,44)"},{"description":"Male","count":795,"tested":5425,"color":"rgb(31,119,180)"},{"description":"Female","count":790,"tested":7800,"color":"rgb(255,127,14)"}]}
