{"age":[{"age_group":"<20","count":797,"tested":3937},{"age_group":"20-29   ","count":1164,"tested":6938},{"age_group":"30-39   ","count":981,"tested":5608},{"age_group":"40-49   ","count":1051,"tested":4945},{"age_group":"50-59   ","count":906,"tested":5061},{"age_group":"60-69   ","count":564,"tested":3207},{"age_group":"70-79   ","count":350,"tested":1465},{"age_group":"80+","count":303,"tested":1189}],"race":[{"description":"Left Blank","count":1739,"tested":17137,"color":"rgb(44,160,44)"},{"description":"Hispanic","count":2318,"tested":6795,"color":"rgb(214,39,40)"},{"description":"Other","count":305,"tested":1016,"color":"rgb(148,103,189)"},{"description":"Black","count":331,"tested":1223,"color":"rgb(255,127,14)"},{"description":"Asian","count":274,"tested":1162,"color":"rgb(140,86,75)"},{"description":"White","count":727,"tested":5005,"color":"rgb(31,119,180)"},{"description":"NH/PI*","count":220,"tested":17,"color":"rgb(127,127,127)"}],"gender":[{"description":"Female","count":2560,"tested":18770,"color":"rgb(255,127,14)"},{"description":"Male","count":2337,"tested":13135,"color":"rgb(31,119,180)"},{"description":"Unknown/Left Blank","count":224,"tested":458,"color":"rgb(44,160,44)"}]}
