{"age":[{"age_group":"<20","count":95,"tested":417},{"age_group":"20-29   ","count":128,"tested":681},{"age_group":"30-39   ","count":104,"tested":536},{"age_group":"40-49   ","count":114,"tested":391},{"age_group":"50-59   ","count":77,"tested":409},{"age_group":"60-69   ","count":58,"tested":263},{"age_group":"70-79   ","count":34,"tested":107},{"age_group":"80+","count":15,"tested":49}],"race":[{"description":"Black","count":23,"tested":69,"color":"rgb(255,127,14)"},{"description":"Other","count":48,"tested":197,"color":"rgb(148,103,189)"},{"description":"Hispanic","count":265,"tested":959,"color":"rgb(214,39,40)"},{"description":"Left Blank","count":182,"tested":1165,"color":"rgb(44,160,44)"},{"description":"White","count":75,"tested":436,"color":"rgb(31,119,180)"}],"gender":[{"description":"Female","count":284,"tested":1492,"color":"rgb(255,127,14)"},{"description":"Male","count":284,"tested":1332,"color":"rgb(31,119,180)"}]}
