{"age":[{"age_group":"<20","count":32,"tested":186},{"age_group":"20-29   ","count":25,"tested":201},{"age_group":"30-39   ","count":24,"tested":227},{"age_group":"40-49   ","count":38,"tested":150},{"age_group":"50-59   ","count":28,"tested":231},{"age_group":"60-69   ","count":30,"tested":240},{"age_group":"70-79   ","count":19,"tested":110}],"race":[{"description":"Left Blank","count":28,"tested":285,"color":"rgb(44,160,44)"},{"description":"White","count":110,"tested":1038,"color":"rgb(31,119,180)"}],"gender":[{"description":"Female","count":83,"tested":917,"color":"rgb(255,127,14)"},{"description":"Male","count":60,"tested":455,"color":"rgb(31,119,180)"}]}
