{"age":[{"age_group":"<20","count":299,"tested":2950},{"age_group":"20-29   ","count":359,"tested":3307},{"age_group":"30-39   ","count":326,"tested":3348},{"age_group":"40-49   ","count":294,"tested":2841},{"age_group":"50-59   ","count":289,"tested":3273},{"age_group":"60-69   ","count":261,"tested":2706},{"age_group":"70-79   ","count":171,"tested":1811},{"age_group":"80+","count":128,"tested":2160}],"race":[{"description":"Black","count":372,"tested":2985,"color":"rgb(255,127,14)"},{"description":"Asian","count":63,"tested":78,"color":"rgb(140,86,75)"},{"description":"Other","count":73,"tested":295,"color":"rgb(148,103,189)"},{"description":"White","count":690,"tested":7862,"color":"rgb(31,119,180)"},{"description":"Left Blank","count":497,"tested":9652,"color":"rgb(44,160,44)"},{"description":"Hispanic","count":325,"tested":1526,"color":"rgb(214,39,40)"}],"gender":[{"description":"Female","count":972,"tested":13421,"color":"rgb(255,127,14)"},{"description":"Male","count":824,"tested":8466,"color":"rgb(31,119,180)"},{"description":"Unknown/Left Blank","count":66,"tested":512,"color":"rgb(44,160,44)"}]}
