{"age":[{"age_group":"50-59   ","count":11,"tested":246},{"age_group":"60-69   ","count":13,"tested":400},{"age_group":"70-79   ","count":11,"tested":615}],"race":[{"description":"Left Blank","count":17,"tested":176,"color":"rgb(44,160,44)"},{"description":"White","count":12,"tested":152,"color":"rgb(31,119,180)"},{"description":"Black","count":17,"tested":280,"color":"rgb(255,127,14)"}],"gender":[{"description":"Male","count":33,"tested":1650,"color":"rgb(31,119,180)"},{"description":"Female","count":20,"tested":339,"color":"rgb(255,127,14)"}]}
