{"age":[{"age_group":"<20","count":27,"tested":168},{"age_group":"20-29   ","count":27,"tested":184},{"age_group":"40-49   ","count":37,"tested":183},{"age_group":"50-59   ","count":31,"tested":161},{"age_group":"60-69   ","count":34,"tested":154}],"race":[{"description":"Left Blank","count":40,"tested":470,"color":"rgb(44,160,44)"},{"description":"White","count":63,"tested":688,"color":"rgb(31,119,180)"}],"gender":[{"description":"Female","count":56,"tested":779,"color":"rgb(255,127,14)"},{"description":"Male","count":50,"tested":388,"color":"rgb(31,119,180)"}]}
