{"age":[{"age_group":"<20","count":539,"tested":2949},{"age_group":"20-29   ","count":236,"tested":1833},{"age_group":"30-39   ","count":264,"tested":1866},{"age_group":"40-49   ","count":195,"tested":1510},{"age_group":"50-59   ","count":189,"tested":1606},{"age_group":"60-69   ","count":145,"tested":1598},{"age_group":"70-79   ","count":87,"tested":1435},{"age_group":"80+","count":124,"tested":4333}],"race":[{"description":"Left Blank","count":1017,"tested":11435,"color":"rgb(44,160,44)"},{"description":"Other","count":183,"tested":962,"color":"rgb(148,103,189)"},{"description":"White","count":303,"tested":3163,"color":"rgb(31,119,180)"},{"description":"Asian","count":138,"tested":981,"color":"rgb(140,86,75)"},{"description":"Black","count":31,"tested":142,"color":"rgb(255,127,14)"},{"description":"Hispanic","count":65,"tested":386,"color":"rgb(214,39,40)"}],"gender":[{"description":"Male","count":836,"tested":7226,"color":"rgb(31,119,180)"},{"description":"Unknown/Left Blank","count":36,"tested":256,"color":"rgb(44,160,44)"},{"description":"Female","count":827,"tested":9654,"color":"rgb(255,127,14)"}]}
