{"age":[{"age_group":"<20","count":19,"tested":109},{"age_group":"20-29   ","count":26,"tested":207},{"age_group":"30-39   ","count":23,"tested":221},{"age_group":"40-49   ","count":19,"tested":188},{"age_group":"50-59   ","count":22,"tested":307},{"age_group":"60-69   ","count":13,"tested":256},{"age_group":"70-79   ","count":9,"tested":81},{"age_group":"80+","count":8,"tested":81}],"race":[{"description":"Hispanic","count":23,"tested":90,"color":"rgb(214,39,40)"},{"description":"Black","count":76,"tested":890,"color":"rgb(255,127,14)"},{"description":"Left Blank","count":28,"tested":284,"color":"rgb(44,160,44)"}],"gender":[{"description":"Male","count":55,"tested":484,"color":"rgb(31,119,180)"},{"description":"Female","count":78,"tested":955,"color":"rgb(255,127,14)"}]}
