{"age":[{"age_group":"<20","count":1703,"tested":16253},{"age_group":"20-29   ","count":1966,"tested":21372},{"age_group":"30-39   ","count":2101,"tested":23855},{"age_group":"40-49   ","count":1854,"tested":21361},{"age_group":"50-59   ","count":1715,"tested":20237},{"age_group":"60-69   ","count":1127,"tested":16313},{"age_group":"70-79   ","count":497,"tested":7643},{"age_group":"80+","count":285,"tested":6095}],"race":[{"description":"AI/AN**","count":18,"tested":203,"color":"rgb(31,119,180)"},{"description":"Asian","count":355,"tested":5446,"color":"rgb(140,86,75)"},{"description":"Black","count":216,"tested":3865,"color":"rgb(255,127,14)"},{"description":"Hispanic","count":4823,"tested":36733,"color":"rgb(214,39,40)"},{"description":"Left Blank","count":1810,"tested":41543,"color":"rgb(44,160,44)"},{"description":"NH/PI*","count":28,"tested":275,"color":"rgb(127,127,127)"},{"description":"Other","count":516,"tested":6825,"color":"rgb(148,103,189)"},{"description":"White","count":3482,"tested":38280,"color":"rgb(31,119,180)"}],"gender":[{"description":"Female","count":5767,"tested":72852,"color":"rgb(255,127,14)"},{"description":"Male","count":5405,"tested":58300,"color":"rgb(31,119,180)"},{"description":"Unknown/Left Blank","count":76,"tested":2018,"color":"rgb(44,160,44)"}]}
