{"age":[{"age_group":"<20","count":1521,"tested":12543},{"age_group":"20-29   ","count":1830,"tested":17799},{"age_group":"30-39   ","count":1731,"tested":17926},{"age_group":"40-49   ","count":1698,"tested":15634},{"age_group":"50-59   ","count":1329,"tested":14026},{"age_group":"60-69   ","count":746,"tested":10768},{"age_group":"70-79   ","count":372,"tested":6368},{"age_group":"80+","count":174,"tested":3180}],"race":[{"description":"Asian","count":91,"tested":1303,"color":"rgb(140,86,75)"},{"description":"Black","count":474,"tested":5220,"color":"rgb(255,127,14)"},{"description":"Hispanic","count":4526,"tested":27406,"color":"rgb(214,39,40)"},{"description":"Left Blank","count":2132,"tested":36656,"color":"rgb(44,160,44)"},{"description":"Other","count":672,"tested":6764,"color":"rgb(148,103,189)"},{"description":"White","count":1498,"tested":20775,"color":"rgb(31,119,180)"}],"gender":[{"description":"Female","count":4920,"tested":54153,"color":"rgb(255,127,14)"},{"description":"Male","count":4423,"tested":42023,"color":"rgb(31,119,180)"},{"description":"Unknown/Left Blank","count":59,"tested":2098,"color":"rgb(44,160,44)"}]}
