{"age":[{"age_group":"<20","count":23,"tested":234},{"age_group":"20-29   ","count":15,"tested":116},{"age_group":"30-39   ","count":15,"tested":158},{"age_group":"40-49   ","count":17,"tested":111},{"age_group":"50-59   ","count":14,"tested":287},{"age_group":"60-69   ","count":21,"tested":256},{"age_group":"70-79   ","count":7,"tested":145}],"race":[{"description":"Hispanic","count":9,"tested":40,"color":"rgb(214,39,40)"},{"description":"Left Blank","count":26,"tested":390,"color":"rgb(44,160,44)"},{"description":"White","count":78,"tested":866,"color":"rgb(31,119,180)"}],"gender":[{"description":"Female","count":65,"tested":831,"color":"rgb(255,127,14)"},{"description":"Male","count":51,"tested":515,"color":"rgb(31,119,180)"}]}
