{"age":[{"age_group":"<20","count":246,"tested":2808},{"age_group":"20-29   ","count":174,"tested":2519},{"age_group":"30-39   ","count":191,"tested":2244},{"age_group":"40-49   ","count":151,"tested":2195},{"age_group":"50-59   ","count":220,"tested":2718},{"age_group":"60-69   ","count":206,"tested":2924},{"age_group":"70-79   ","count":85,"tested":1524},{"age_group":"80+","count":50,"tested":863}],"race":[{"description":"Asian","count":55,"tested":573,"color":"rgb(140,86,75)"},{"description":"Black","count":19,"tested":238,"color":"rgb(255,127,14)"},{"description":"Hispanic","count":127,"tested":632,"color":"rgb(214,39,40)"},{"description":"Left Blank","count":170,"tested":7547,"color":"rgb(44,160,44)"},{"description":"Other","count":32,"tested":379,"color":"rgb(148,103,189)"},{"description":"White","count":920,"tested":8375,"color":"rgb(31,119,180)"}],"gender":[{"description":"Female","count":672,"tested":9907,"color":"rgb(255,127,14)"},{"description":"Male","count":649,"tested":7709,"color":"rgb(31,119,180)"}]}
