{"age":[{"age_group":"<20","count":99,"tested":3460},{"age_group":"20-29   ","count":906,"tested":24022},{"age_group":"30-39   ","count":620,"tested":17706},{"age_group":"40-49   ","count":236,"tested":7112},{"age_group":"50-59   ","count":252,"tested":7478},{"age_group":"60-69   ","count":207,"tested":6628},{"age_group":"70-79   ","count":135,"tested":5060},{"age_group":"80+","count":133,"tested":4641}],"race":[{"description":"Asian","count":210,"tested":8410,"color":"rgb(140,86,75)"},{"description":"Black","count":102,"tested":2508,"color":"rgb(255,127,14)"},{"description":"Hispanic","count":159,"tested":2455,"color":"rgb(214,39,40)"},{"description":"Left Blank","count":533,"tested":27040,"color":"rgb(44,160,44)"},{"description":"NH/PI*","count":8,"tested":48,"color":"rgb(127,127,127)"},{"description":"Other","count":224,"tested":3685,"color":"rgb(148,103,189)"},{"description":"White","count":1351,"tested":31836,"color":"rgb(31,119,180)"}],"gender":[{"description":"Female","count":1312,"tested":40134,"color":"rgb(255,127,14)"},{"description":"Male","count":1236,"tested":34866,"color":"rgb(31,119,180)"},{"description":"Unknown/Left Blank","count":40,"tested":1116,"color":"rgb(44,160,44)"}]}
