{"age":[{"age_group":"<20","count":10,"tested":146},{"age_group":"20-29   ","count":13,"tested":234},{"age_group":"30-39   ","count":11,"tested":262},{"age_group":"40-49   ","count":12,"tested":112},{"age_group":"50-59   ","count":22,"tested":243},{"age_group":"60-69   ","count":12,"tested":259}],"race":[{"description":"Left Blank","count":12,"tested":326,"color":"rgb(44,160,44)"},{"description":"White","count":66,"tested":1072,"color":"rgb(31,119,180)"}],"gender":[{"description":"Female","count":39,"tested":959,"color":"rgb(255,127,14)"},{"description":"Male","count":46,"tested":474,"color":"rgb(31,119,180)"}]}
