{"age":[{"age_group":"<20","count":15,"tested":146},{"age_group":"20-29   ","count":23,"tested":240},{"age_group":"30-39   ","count":14,"tested":133},{"age_group":"40-49   ","count":13,"tested":133},{"age_group":"50-59   ","count":21,"tested":270},{"age_group":"60-69   ","count":9,"tested":109},{"age_group":"70-79   ","count":9,"tested":93}],"race":[{"description":"Left Blank","count":21,"tested":301,"color":"rgb(44,160,44)"},{"description":"Other","count":10,"tested":49,"color":"rgb(148,103,189)"},{"description":"White","count":68,"tested":805,"color":"rgb(31,119,180)"}],"gender":[{"description":"Female","count":60,"tested":746,"color":"rgb(255,127,14)"},{"description":"Male","count":43,"tested":427,"color":"rgb(31,119,180)"}]}
