{"age":[{"age_group":"<20","count":27,"tested":233},{"age_group":"20-29   ","count":21,"tested":159},{"age_group":"30-39   ","count":30,"tested":188},{"age_group":"40-49   ","count":18,"tested":119},{"age_group":"50-59   ","count":33,"tested":198},{"age_group":"60-69   ","count":32,"tested":215},{"age_group":"70-79   ","count":12,"tested":115}],"race":[{"description":"Left Blank","count":27,"tested":335,"color":"rgb(44,160,44)"},{"description":"White","count":144,"tested":866,"color":"rgb(31,119,180)"}],"gender":[{"description":"Female","count":92,"tested":666,"color":"rgb(255,127,14)"},{"description":"Male","count":81,"tested":600,"color":"rgb(31,119,180)"}]}
