{"age":[{"age_group":"<20","count":658,"tested":9076},{"age_group":"20-29   ","count":368,"tested":5741},{"age_group":"30-39   ","count":339,"tested":5765},{"age_group":"40-49   ","count":423,"tested":5349},{"age_group":"50-59   ","count":418,"tested":5748},{"age_group":"60-69   ","count":269,"tested":5812},{"age_group":"70-79   ","count":110,"tested":3669},{"age_group":"80+","count":124,"tested":5423}],"race":[{"description":"Asian","count":60,"tested":1306,"color":"rgb(140,86,75)"},{"description":"Black","count":73,"tested":809,"color":"rgb(255,127,14)"},{"description":"Hispanic","count":177,"tested":1098,"color":"rgb(214,39,40)"},{"description":"Left Blank","count":519,"tested":17588,"color":"rgb(44,160,44)"},{"description":"Other","count":51,"tested":1737,"color":"rgb(148,103,189)"},{"description":"White","count":1827,"tested":24011,"color":"rgb(31,119,180)"}],"gender":[{"description":"Female","count":1362,"tested":26264,"color":"rgb(255,127,14)"},{"description":"Male","count":1307,"tested":19665,"color":"rgb(31,119,180)"}]}
