{"age":[{"age_group":"<20","count":8,"tested":168},{"age_group":"20-29   ","count":70,"tested":2151},{"age_group":"30-39   ","count":137,"tested":2536},{"age_group":"40-49   ","count":117,"tested":2483},{"age_group":"50-59   ","count":90,"tested":1868},{"age_group":"60-69   ","count":68,"tested":1155},{"age_group":"70-79   ","count":11,"tested":222}],"race":[{"description":"Black","count":245,"tested":2477,"color":"rgb(255,127,14)"},{"description":"Hispanic","count":57,"tested":321,"color":"rgb(214,39,40)"},{"description":"Left Blank","count":97,"tested":7620,"color":"rgb(44,160,44)"},{"description":"Other","count":6,"tested":444,"color":"rgb(148,103,189)"},{"description":"White","count":96,"tested":866,"color":"rgb(31,119,180)"}],"gender":[{"description":"Female","count":37,"tested":568,"color":"rgb(255,127,14)"},{"description":"Male","count":455,"tested":6674,"color":"rgb(31,119,180)"},{"description":"Unknown/Left Blank","count":14,"tested":4503,"color":"rgb(44,160,44)"}]}
