{"age":[{"age_group":"<20","count":932,"tested":8841},{"age_group":"20-29   ","count":1033,"tested":12249},{"age_group":"30-39   ","count":921,"tested":9997},{"age_group":"40-49   ","count":879,"tested":8603},{"age_group":"50-59   ","count":801,"tested":8904},{"age_group":"60-69   ","count":484,"tested":6418},{"age_group":"70-79   ","count":179,"tested":2934},{"age_group":"80+","count":84,"tested":1626}],"race":[{"description":"AI/AN**","count":15,"tested":151,"color":"rgb(31,119,180)"},{"description":"Asian","count":530,"tested":5653,"color":"rgb(140,86,75)"},{"description":"Black","count":301,"tested":2350,"color":"rgb(255,127,14)"},{"description":"Hispanic","count":1933,"tested":8914,"color":"rgb(214,39,40)"},{"description":"Left Blank","count":1251,"tested":31377,"color":"rgb(44,160,44)"},{"description":"NH/PI*","count":14,"tested":104,"color":"rgb(127,127,127)"},{"description":"Other","count":229,"tested":1847,"color":"rgb(148,103,189)"},{"description":"White","count":1040,"tested":9200,"color":"rgb(31,119,180)"}],"gender":[{"description":"Female","count":2725,"tested":33410,"color":"rgb(255,127,14)"},{"description":"Male","count":2552,"tested":25116,"color":"rgb(31,119,180)"},{"description":"Unknown/Left Blank","count":36,"tested":1070,"color":"rgb(44,160,44)"}]}
