{"age":[{"age_group":"<20","count":20,"tested":201},{"age_group":"20-29   ","count":20,"tested":164},{"age_group":"30-39   ","count":27,"tested":110},{"age_group":"40-49   ","count":19,"tested":133},{"age_group":"50-59   ","count":24,"tested":195},{"age_group":"60-69   ","count":18,"tested":160}],"race":[{"description":"Left Blank","count":21,"tested":327,"color":"rgb(44,160,44)"},{"description":"White","count":114,"tested":722,"color":"rgb(31,119,180)"}],"gender":[{"description":"Female","count":71,"tested":585,"color":"rgb(255,127,14)"},{"description":"Male","count":65,"tested":476,"color":"rgb(31,119,180)"}]}
