{"age":[{"age_group":"<20","count":521,"tested":6266},{"age_group":"20-29   ","count":560,"tested":6960},{"age_group":"30-39   ","count":539,"tested":6968},{"age_group":"40-49   ","count":536,"tested":5527},{"age_group":"50-59   ","count":544,"tested":6879},{"age_group":"60-69   ","count":387,"tested":5676},{"age_group":"70-79   ","count":179,"tested":4425},{"age_group":"80+","count":161,"tested":5078}],"race":[{"description":"Asian","count":34,"tested":607,"color":"rgb(140,86,75)"},{"description":"Black","count":29,"tested":361,"color":"rgb(255,127,14)"},{"description":"Hispanic","count":533,"tested":3327,"color":"rgb(214,39,40)"},{"description":"Left Blank","count":869,"tested":16962,"color":"rgb(44,160,44)"},{"description":"Other","count":54,"tested":1916,"color":"rgb(148,103,189)"},{"description":"White","count":1903,"tested":24549,"color":"rgb(31,119,180)"}],"gender":[{"description":"Female","count":1737,"tested":27878,"color":"rgb(255,127,14)"},{"description":"Male","count":1676,"tested":19023,"color":"rgb(31,119,180)"},{"description":"Unknown/Left Blank","count":14,"tested":896,"color":"rgb(44,160,44)"}]}
