{"age":[{"age_group":"<20","count":485,"tested":3884},{"age_group":"20-29   ","count":554,"tested":4771},{"age_group":"30-39   ","count":508,"tested":4830},{"age_group":"40-49   ","count":523,"tested":4030},{"age_group":"50-59   ","count":442,"tested":3952},{"age_group":"60-69   ","count":235,"tested":2887},{"age_group":"70-79   ","count":117,"tested":1263},{"age_group":"80+","count":70,"tested":609}],"race":[{"description":"AI/AN**","count":57,"tested":210,"color":"rgb(31,119,180)"},{"description":"Black","count":363,"tested":4601,"color":"rgb(255,127,14)"},{"description":"Hispanic","count":1224,"tested":6272,"color":"rgb(214,39,40)"},{"description":"Left Blank","count":736,"tested":8752,"color":"rgb(44,160,44)"},{"description":"Other","count":161,"tested":1957,"color":"rgb(148,103,189)"},{"description":"White","count":387,"tested":4363,"color":"rgb(31,119,180)"}],"gender":[{"description":"Female","count":1511,"tested":14678,"color":"rgb(255,127,14)"},{"description":"Male","count":1407,"tested":11302,"color":"rgb(31,119,180)"},{"description":"Unknown/Left Blank","count":16,"tested":254,"color":"rgb(44,160,44)"}]}
