{"age":[{"age_group":"<20","count":935,"tested":10109},{"age_group":"20-29   ","count":1178,"tested":15543},{"age_group":"30-39   ","count":1053,"tested":12194},{"age_group":"40-49   ","count":1013,"tested":11756},{"age_group":"50-59   ","count":877,"tested":12673},{"age_group":"60-69   ","count":622,"tested":11285},{"age_group":"70-79   ","count":302,"tested":6510},{"age_group":"80+","count":233,"tested":4969}],"race":[{"description":"AI/AN**","count":6,"tested":66,"color":"rgb(31,119,180)"},{"description":"Asian","count":148,"tested":2835,"color":"rgb(140,86,75)"},{"description":"Black","count":380,"tested":5378,"color":"rgb(255,127,14)"},{"description":"Hispanic","count":2415,"tested":14877,"color":"rgb(214,39,40)"},{"description":"Left Blank","count":1701,"tested":38085,"color":"rgb(44,160,44)"},{"description":"Other","count":135,"tested":2599,"color":"rgb(148,103,189)"},{"description":"White","count":1427,"tested":21149,"color":"rgb(31,119,180)"}],"gender":[{"description":"Female","count":3296,"tested":49312,"color":"rgb(255,127,14)"},{"description":"Male","count":2858,"tested":34724,"color":"rgb(31,119,180)"},{"description":"Unknown/Left Blank","count":60,"tested":1035,"color":"rgb(44,160,44)"}]}
