{"age":[{"age_group":"<20","count":51,"tested":538},{"age_group":"20-29   ","count":50,"tested":475},{"age_group":"30-39   ","count":32,"tested":464},{"age_group":"40-49   ","count":57,"tested":430},{"age_group":"50-59   ","count":38,"tested":319},{"age_group":"60-69   ","count":21,"tested":191},{"age_group":"70-79   ","count":8,"tested":163}],"race":[{"description":"Hispanic","count":96,"tested":488,"color":"rgb(214,39,40)"},{"description":"Left Blank","count":26,"tested":849,"color":"rgb(44,160,44)"},{"description":"White","count":136,"tested":1284,"color":"rgb(31,119,180)"}],"gender":[{"description":"Female","count":140,"tested":1640,"color":"rgb(255,127,14)"},{"description":"Male","count":121,"tested":1033,"color":"rgb(31,119,180)"}]}
