{"age":[{"age_group":"<20","count":599,"tested":7028},{"age_group":"20-29   ","count":527,"tested":6930},{"age_group":"30-39   ","count":451,"tested":6314},{"age_group":"40-49   ","count":554,"tested":7155},{"age_group":"50-59   ","count":487,"tested":7179},{"age_group":"60-69   ","count":254,"tested":5331},{"age_group":"70-79   ","count":179,"tested":5167},{"age_group":"80+","count":151,"tested":5027}],"race":[{"description":"Asian","count":103,"tested":1643,"color":"rgb(140,86,75)"},{"description":"Black","count":203,"tested":2868,"color":"rgb(255,127,14)"},{"description":"Hispanic","count":474,"tested":3863,"color":"rgb(214,39,40)"},{"description":"Left Blank","count":848,"tested":18535,"color":"rgb(44,160,44)"},{"description":"Other","count":118,"tested":1668,"color":"rgb(148,103,189)"},{"description":"White","count":1449,"tested":21473,"color":"rgb(31,119,180)"}],"gender":[{"description":"Female","count":1649,"tested":29293,"color":"rgb(255,127,14)"},{"description":"Male","count":1542,"tested":20182,"color":"rgb(31,119,180)"},{"description":"Unknown/Left Blank","count":11,"tested":660,"color":"rgb(44,160,44)"}]}
