{"age":[{"age_group":"<20","count":48,"tested":471},{"age_group":"20-29   ","count":44,"tested":399},{"age_group":"30-39   ","count":34,"tested":419},{"age_group":"40-49   ","count":49,"tested":602},{"age_group":"50-59   ","count":39,"tested":500},{"age_group":"60-69   ","count":28,"tested":472},{"age_group":"70-79   ","count":21,"tested":344}],"race":[{"description":"Left Blank","count":30,"tested":523,"color":"rgb(44,160,44)"},{"description":"Other","count":7,"tested":71,"color":"rgb(148,103,189)"},{"description":"White","count":225,"tested":2768,"color":"rgb(31,119,180)"}],"gender":[{"description":"Female","count":130,"tested":2110,"color":"rgb(255,127,14)"},{"description":"Male","count":132,"tested":1288,"color":"rgb(31,119,180)"}]}
