{"age":[{"age_group":"<20","count":10,"tested":140},{"age_group":"20-29   ","count":11,"tested":255},{"age_group":"40-49   ","count":8,"tested":141},{"age_group":"50-59   ","count":20,"tested":177},{"age_group":"70-79   ","count":7,"tested":61}],"race":[{"description":"Left Blank","count":10,"tested":287,"color":"rgb(44,160,44)"},{"description":"White","count":49,"tested":585,"color":"rgb(31,119,180)"}],"gender":[{"description":"Female","count":34,"tested":558,"color":"rgb(255,127,14)"},{"description":"Male","count":35,"tested":381,"color":"rgb(31,119,180)"}]}
