{"age":[{"age_group":"<20","count":12,"tested":143},{"age_group":"20-29   ","count":10,"tested":95},{"age_group":"30-39   ","count":12,"tested":93},{"age_group":"40-49   ","count":7,"tested":113},{"age_group":"60-69   ","count":7,"tested":98},{"age_group":"70-79   ","count":6,"tested":28}],"race":[{"description":"Left Blank","count":14,"tested":181,"color":"rgb(44,160,44)"},{"description":"White","count":39,"tested":448,"color":"rgb(31,119,180)"}],"gender":[{"description":"Female","count":33,"tested":476,"color":"rgb(255,127,14)"},{"description":"Male","count":27,"tested":173,"color":"rgb(31,119,180)"}]}
