{"age":[{"age_group":"<20","count":124,"tested":1058},{"age_group":"20-29   ","count":216,"tested":2700},{"age_group":"30-39   ","count":183,"tested":2505},{"age_group":"40-49   ","count":134,"tested":2241},{"age_group":"50-59   ","count":156,"tested":2750},{"age_group":"60-69   ","count":142,"tested":2511},{"age_group":"70-79   ","count":88,"tested":1852},{"age_group":"80+","count":115,"tested":1966}],"race":[{"description":"Black","count":112,"tested":2533,"color":"rgb(255,127,14)"},{"description":"Hispanic","count":149,"tested":1189,"color":"rgb(214,39,40)"},{"description":"Left Blank","count":407,"tested":6811,"color":"rgb(44,160,44)"},{"description":"Other","count":20,"tested":322,"color":"rgb(148,103,189)"},{"description":"White","count":464,"tested":6620,"color":"rgb(31,119,180)"}],"gender":[{"description":"Female","count":628,"tested":11131,"color":"rgb(255,127,14)"},{"description":"Male","count":522,"tested":6131,"color":"rgb(31,119,180)"},{"description":"Unknown/Left Blank","count":8,"tested":321,"color":"rgb(44,160,44)"}]}
