{"age":[{"age_group":"<20","count":228,"tested":2576},{"age_group":"20-29   ","count":234,"tested":3038},{"age_group":"30-39   ","count":224,"tested":2794},{"age_group":"40-49   ","count":205,"tested":2428},{"age_group":"50-59   ","count":191,"tested":3310},{"age_group":"60-69   ","count":161,"tested":2968},{"age_group":"70-79   ","count":84,"tested":1850},{"age_group":"80+","count":63,"tested":1222}],"race":[{"description":"Asian","count":73,"tested":986,"color":"rgb(140,86,75)"},{"description":"Black","count":28,"tested":283,"color":"rgb(255,127,14)"},{"description":"Hispanic","count":204,"tested":1247,"color":"rgb(214,39,40)"},{"description":"Left Blank","count":241,"tested":10321,"color":"rgb(44,160,44)"},{"description":"Other","count":48,"tested":386,"color":"rgb(148,103,189)"},{"description":"White","count":794,"tested":6949,"color":"rgb(31,119,180)"}],"gender":[{"description":"Female","count":702,"tested":11207,"color":"rgb(255,127,14)"},{"description":"Male","count":684,"tested":8520,"color":"rgb(31,119,180)"}]}
