{"age":[{"age_group":"<20","count":90,"tested":808},{"age_group":"20-29   ","count":94,"tested":1702},{"age_group":"30-39   ","count":78,"tested":2428},{"age_group":"40-49   ","count":76,"tested":2485},{"age_group":"50-59   ","count":70,"tested":3567},{"age_group":"60-69   ","count":53,"tested":3538},{"age_group":"70-79   ","count":24,"tested":803},{"age_group":"80+","count":11,"tested":390}],"race":[{"description":"Black","count":323,"tested":9773,"color":"rgb(255,127,14)"},{"description":"Hispanic","count":26,"tested":344,"color":"rgb(214,39,40)"},{"description":"Left Blank","count":123,"tested":4100,"color":"rgb(44,160,44)"},{"description":"Other","count":9,"tested":125,"color":"rgb(148,103,189)"},{"description":"White","count":15,"tested":1320,"color":"rgb(31,119,180)"}],"gender":[{"description":"Female","count":255,"tested":6819,"color":"rgb(255,127,14)"},{"description":"Male","count":239,"tested":8886,"color":"rgb(31,119,180)"}]}
