{"age":[{"age_group":"<20","count":306,"tested":3999},{"age_group":"20-29   ","count":354,"tested":5228},{"age_group":"30-39   ","count":295,"tested":4358},{"age_group":"40-49   ","count":311,"tested":4242},{"age_group":"50-59   ","count":328,"tested":4934},{"age_group":"60-69   ","count":198,"tested":3909},{"age_group":"70-79   ","count":99,"tested":2963},{"age_group":"80+","count":82,"tested":2971}],"race":[{"description":"Asian","count":60,"tested":893,"color":"rgb(140,86,75)"},{"description":"Black","count":99,"tested":2057,"color":"rgb(255,127,14)"},{"description":"Hispanic","count":447,"tested":3947,"color":"rgb(214,39,40)"},{"description":"Left Blank","count":400,"tested":10224,"color":"rgb(44,160,44)"},{"description":"Other","count":63,"tested":858,"color":"rgb(148,103,189)"},{"description":"White","count":902,"tested":14857,"color":"rgb(31,119,180)"}],"gender":[{"description":"Female","count":1010,"tested":19135,"color":"rgb(255,127,14)"},{"description":"Male","count":953,"tested":13365,"color":"rgb(31,119,180)"}]}
