{"age":[{"age_group":"<20","count":426,"tested":5710},{"age_group":"20-29   ","count":497,"tested":9667},{"age_group":"30-39   ","count":557,"tested":12736},{"age_group":"40-49   ","count":477,"tested":12509},{"age_group":"50-59   ","count":409,"tested":9350},{"age_group":"60-69   ","count":298,"tested":6262},{"age_group":"70-79   ","count":182,"tested":3298},{"age_group":"80+","count":149,"tested":2899}],"race":[{"description":"Asian","count":41,"tested":390,"color":"rgb(140,86,75)"},{"description":"Black","count":332,"tested":2786,"color":"rgb(255,127,14)"},{"description":"Hispanic","count":389,"tested":2437,"color":"rgb(214,39,40)"},{"description":"Left Blank","count":1095,"tested":44027,"color":"rgb(44,160,44)"},{"description":"Other","count":86,"tested":1086,"color":"rgb(148,103,189)"},{"description":"White","count":1046,"tested":13204,"color":"rgb(31,119,180)"}],"gender":[{"description":"Female","count":1403,"tested":22844,"color":"rgb(255,127,14)"},{"description":"Male","count":1581,"tested":30829,"color":"rgb(31,119,180)"},{"description":"Unknown/Left Blank","count":11,"tested":10299,"color":"rgb(44,160,44)"}]}
