{"age":[{"age_group":"<20","count":689,"tested":7669},{"age_group":"20-29   ","count":837,"tested":10462},{"age_group":"30-39   ","count":663,"tested":8789},{"age_group":"40-49   ","count":682,"tested":8677},{"age_group":"50-59   ","count":693,"tested":8703},{"age_group":"60-69   ","count":521,"tested":8134},{"age_group":"70-79   ","count":293,"tested":6269},{"age_group":"80+","count":197,"tested":5254}],"race":[{"description":"Asian","count":90,"tested":1797,"color":"rgb(140,86,75)"},{"description":"Black","count":150,"tested":3599,"color":"rgb(255,127,14)"},{"description":"Hispanic","count":249,"tested":2277,"color":"rgb(214,39,40)"},{"description":"Left Blank","count":1666,"tested":29509,"color":"rgb(44,160,44)"},{"description":"Other","count":200,"tested":2169,"color":"rgb(148,103,189)"},{"description":"White","count":2213,"tested":24469,"color":"rgb(31,119,180)"}],"gender":[{"description":"Female","count":2417,"tested":37573,"color":"rgb(255,127,14)"},{"description":"Male","count":2131,"tested":25538,"color":"rgb(31,119,180)"},{"description":"Unknown/Left Blank","count":29,"tested":861,"color":"rgb(44,160,44)"}]}
