{"age":[{"age_group":"<20","count":17,"tested":118},{"age_group":"20-29   ","count":8,"tested":70},{"age_group":"30-39   ","count":9,"tested":87},{"age_group":"50-59   ","count":13,"tested":147},{"age_group":"60-69   ","count":10,"tested":91},{"age_group":"70-79   ","count":6,"tested":44}],"race":[{"description":"White","count":54,"tested":368,"color":"rgb(31,119,180)"},{"description":"Left Blank","count":13,"tested":254,"color":"rgb(44,160,44)"}],"gender":[{"description":"Female","count":34,"tested":346,"color":"rgb(255,127,14)"},{"description":"Male","count":33,"tested":285,"color":"rgb(31,119,180)"}]}
