{"age":[{"age_group":"<20","count":70,"tested":474},{"age_group":"20-29   ","count":85,"tested":722},{"age_group":"30-39   ","count":93,"tested":737},{"age_group":"40-49   ","count":67,"tested":551},{"age_group":"50-59   ","count":107,"tested":870},{"age_group":"60-69   ","count":53,"tested":677},{"age_group":"70-79   ","count":34,"tested":303},{"age_group":"80+","count":13,"tested":133}],"race":[{"description":"Hispanic","count":67,"tested":476,"color":"rgb(214,39,40)"},{"description":"Left Blank","count":144,"tested":1488,"color":"rgb(44,160,44)"},{"description":"White","count":251,"tested":2023,"color":"rgb(31,119,180)"},{"description":"Other","count":22,"tested":197,"color":"rgb(148,103,189)"},{"description":"Black","count":27,"tested":176,"color":"rgb(255,127,14)"},{"description":"Asian","count":10,"tested":99,"color":"rgb(140,86,75)"}],"gender":[{"description":"Male","count":239,"tested":1817,"color":"rgb(31,119,180)"},{"description":"Female","count":268,"tested":2599,"color":"rgb(255,127,14)"}]}
