{"age":[{"age_group":"<20","count":179,"tested":1384},{"age_group":"20-29   ","count":201,"tested":2215},{"age_group":"30-39   ","count":220,"tested":2609},{"age_group":"40-49   ","count":227,"tested":2492},{"age_group":"50-59   ","count":240,"tested":3107},{"age_group":"60-69   ","count":204,"tested":3178},{"age_group":"70-79   ","count":126,"tested":1985},{"age_group":"80+","count":54,"tested":1278}],"race":[{"description":"Black","count":200,"tested":2184,"color":"rgb(255,127,14)"},{"description":"Asian","count":37,"tested":415,"color":"rgb(140,86,75)"},{"description":"Other","count":87,"tested":731,"color":"rgb(148,103,189)"},{"description":"Left Blank","count":433,"tested":8058,"color":"rgb(44,160,44)"},{"description":"White","count":439,"tested":5360,"color":"rgb(31,119,180)"},{"description":"Hispanic","count":253,"tested":1477,"color":"rgb(214,39,40)"}],"gender":[{"description":"Female","count":740,"tested":10596,"color":"rgb(255,127,14)"},{"description":"Male","count":705,"tested":7439,"color":"rgb(31,119,180)"}]}
