{"age":[{"age_group":"<20","count":203,"tested":2114},{"age_group":"20-29   ","count":187,"tested":3005},{"age_group":"30-39   ","count":231,"tested":3262},{"age_group":"40-49   ","count":252,"tested":3370},{"age_group":"50-59   ","count":220,"tested":3680},{"age_group":"60-69   ","count":184,"tested":3383},{"age_group":"70-79   ","count":101,"tested":2260},{"age_group":"80+","count":91,"tested":1454}],"race":[{"description":"Black","count":478,"tested":6322,"color":"rgb(255,127,14)"},{"description":"Asian","count":9,"tested":124,"color":"rgb(140,86,75)"},{"description":"Hispanic","count":64,"tested":520,"color":"rgb(214,39,40)"},{"description":"Other","count":34,"tested":413,"color":"rgb(148,103,189)"},{"description":"White","count":321,"tested":4799,"color":"rgb(31,119,180)"},{"description":"Left Blank","count":561,"tested":10313,"color":"rgb(44,160,44)"}],"gender":[{"description":"Male","count":641,"tested":8946,"color":"rgb(31,119,180)"},{"description":"Unknown/Left Blank","count":12,"tested":374,"color":"rgb(44,160,44)"},{"description":"Female","count":816,"tested":13226,"color":"rgb(255,127,14)"}]}
