{"age":[{"age_group":"<20","count":6,"tested":112},{"age_group":"20-29   ","count":11,"tested":113},{"age_group":"40-49   ","count":23,"tested":136},{"age_group":"50-59   ","count":16,"tested":132},{"age_group":"60-69   ","count":9,"tested":86},{"age_group":"70-79   ","count":6,"tested":53}],"race":[{"description":"Left Blank","count":35,"tested":439,"color":"rgb(44,160,44)"},{"description":"White","count":45,"tested":351,"color":"rgb(31,119,180)"}],"gender":[{"description":"Male","count":42,"tested":337,"color":"rgb(31,119,180)"},{"description":"Female","count":44,"tested":458,"color":"rgb(255,127,14)"}]}
