{"age":[{"age_group":"<20","count":831,"tested":8620},{"age_group":"20-29   ","count":543,"tested":7888},{"age_group":"30-39   ","count":479,"tested":7690},{"age_group":"40-49   ","count":670,"tested":8234},{"age_group":"50-59   ","count":668,"tested":9385},{"age_group":"60-69   ","count":373,"tested":6699},{"age_group":"70-79   ","count":191,"tested":4226},{"age_group":"80+","count":172,"tested":8830}],"race":[{"description":"AI/AN**","count":9,"tested":33,"color":"rgb(31,119,180)"},{"description":"Other","count":107,"tested":1644,"color":"rgb(148,103,189)"},{"description":"Left Blank","count":944,"tested":32310,"color":"rgb(44,160,44)"},{"description":"Black","count":93,"tested":611,"color":"rgb(255,127,14)"},{"description":"Asian","count":145,"tested":1401,"color":"rgb(140,86,75)"},{"description":"White","count":2285,"tested":23683,"color":"rgb(31,119,180)"},{"description":"Hispanic","count":341,"tested":1864,"color":"rgb(214,39,40)"}],"gender":[{"description":"Male","count":1968,"tested":24647,"color":"rgb(31,119,180)"},{"description":"Unknown/Left Blank","count":28,"tested":707,"color":"rgb(44,160,44)"},{"description":"Female","count":1931,"tested":36225,"color":"rgb(255,127,14)"}]}
