{"age":[{"age_group":"<20","count":370,"tested":2898},{"age_group":"20-29   ","count":326,"tested":2814},{"age_group":"30-39   ","count":295,"tested":2491},{"age_group":"40-49   ","count":291,"tested":2580},{"age_group":"50-59   ","count":273,"tested":2293},{"age_group":"60-69   ","count":191,"tested":1751},{"age_group":"70-79   ","count":87,"tested":911},{"age_group":"80+","count":40,"tested":560}],"race":[{"description":"Left Blank","count":299,"tested":6995,"color":"rgb(44,160,44)"},{"description":"Other","count":27,"tested":271,"color":"rgb(148,103,189)"},{"description":"Hispanic","count":650,"tested":2228,"color":"rgb(214,39,40)"},{"description":"White","count":466,"tested":3729,"color":"rgb(31,119,180)"},{"description":"Black","count":425,"tested":3007,"color":"rgb(255,127,14)"}],"gender":[{"description":"Unknown/Left Blank","count":26,"tested":596,"color":"rgb(44,160,44)"},{"description":"Male","count":881,"tested":6461,"color":"rgb(31,119,180)"},{"description":"Female","count":966,"tested":9241,"color":"rgb(255,127,14)"}]}
