{"age":[{"age_group":"<20","count":624,"tested":4551},{"age_group":"20-29   ","count":716,"tested":7219},{"age_group":"30-39   ","count":615,"tested":6111},{"age_group":"40-49   ","count":633,"tested":4975},{"age_group":"50-59   ","count":631,"tested":6401},{"age_group":"60-69   ","count":455,"tested":5049},{"age_group":"70-79   ","count":191,"tested":2400},{"age_group":"80+","count":177,"tested":2554}],"race":[{"description":"Hispanic","count":744,"tested":2431,"color":"rgb(214,39,40)"},{"description":"Left Blank","count":929,"tested":18954,"color":"rgb(44,160,44)"},{"description":"White","count":1597,"tested":12261,"color":"rgb(31,119,180)"},{"description":"Asian","count":431,"tested":2914,"color":"rgb(140,86,75)"},{"description":"Black","count":178,"tested":1463,"color":"rgb(255,127,14)"},{"description":"NH/PI*","count":7,"tested":33,"color":"rgb(127,127,127)"},{"description":"Other","count":151,"tested":1174,"color":"rgb(148,103,189)"}],"gender":[{"description":"Male","count":1949,"tested":16351,"color":"rgb(31,119,180)"},{"description":"Unknown/Left Blank","count":19,"tested":547,"color":"rgb(44,160,44)"},{"description":"Female","count":2074,"tested":22366,"color":"rgb(255,127,14)"}]}
