{"age":[{"age_group":"<20","count":127,"tested":948},{"age_group":"20-29   ","count":114,"tested":992},{"age_group":"30-39   ","count":100,"tested":936},{"age_group":"40-49   ","count":109,"tested":812},{"age_group":"50-59   ","count":103,"tested":1006},{"age_group":"60-69   ","count":80,"tested":662},{"age_group":"70-79   ","count":26,"tested":394},{"age_group":"80+","count":13,"tested":220}],"race":[{"description":"Black","count":7,"tested":50,"color":"rgb(255,127,14)"},{"description":"Hispanic","count":109,"tested":338,"color":"rgb(214,39,40)"},{"description":"Left Blank","count":198,"tested":2720,"color":"rgb(44,160,44)"},{"description":"Other","count":6,"tested":54,"color":"rgb(148,103,189)"},{"description":"White","count":350,"tested":2790,"color":"rgb(31,119,180)"}],"gender":[{"description":"Male","count":328,"tested":2409,"color":"rgb(31,119,180)"},{"description":"Female","count":345,"tested":3529,"color":"rgb(255,127,14)"}]}
