{"age":[{"age_group":"<20","count":276,"tested":2310},{"age_group":"20-29   ","count":372,"tested":8075},{"age_group":"30-39   ","count":345,"tested":10727},{"age_group":"40-49   ","count":369,"tested":10385},{"age_group":"50-59   ","count":372,"tested":7721},{"age_group":"60-69   ","count":277,"tested":4939},{"age_group":"70-79   ","count":129,"tested":1942},{"age_group":"80+","count":102,"tested":2821},{"age_group":"Unknown","count":17,"tested":2264}],"race":[{"description":"Hispanic","count":53,"tested":409,"color":"rgb(214,39,40)"},{"description":"White","count":1214,"tested":11150,"color":"rgb(31,119,180)"},{"description":"Left Blank","count":806,"tested":38128,"color":"rgb(44,160,44)"},{"description":"Other","count":60,"tested":401,"color":"rgb(148,103,189)"},{"description":"Black","count":115,"tested":977,"color":"rgb(255,127,14)"},{"description":"Asian","count":11,"tested":112,"color":"rgb(140,86,75)"}],"gender":[{"description":"Male","count":1192,"tested":15219,"color":"rgb(31,119,180)"},{"description":"Unknown/Left Blank","count":111,"tested":25247,"color":"rgb(44,160,44)"},{"description":"Female","count":956,"tested":10718,"color":"rgb(255,127,14)"}]}
