{"age":[{"age_group":"<20","count":33,"tested":289},{"age_group":"20-29   ","count":42,"tested":462},{"age_group":"30-39   ","count":37,"tested":337},{"age_group":"40-49   ","count":37,"tested":292},{"age_group":"50-59   ","count":37,"tested":422},{"age_group":"60-69   ","count":23,"tested":509},{"age_group":"70-79   ","count":15,"tested":178}],"race":[{"description":"Hispanic","count":9,"tested":51,"color":"rgb(214,39,40)"},{"description":"White","count":165,"tested":1609,"color":"rgb(31,119,180)"},{"description":"Left Blank","count":41,"tested":825,"color":"rgb(44,160,44)"},{"description":"Other","count":10,"tested":58,"color":"rgb(148,103,189)"}],"gender":[{"description":"Male","count":110,"tested":946,"color":"rgb(31,119,180)"},{"description":"Female","count":116,"tested":1337,"color":"rgb(255,127,14)"}]}
