{"age":[{"age_group":"<20","count":30,"tested":302},{"age_group":"20-29   ","count":65,"tested":696},{"age_group":"30-39   ","count":77,"tested":798},{"age_group":"40-49   ","count":46,"tested":606},{"age_group":"50-59   ","count":33,"tested":374},{"age_group":"60-69   ","count":17,"tested":360},{"age_group":"70-79   ","count":8,"tested":170}],"race":[{"description":"Asian","count":40,"tested":320,"color":"rgb(140,86,75)"},{"description":"Hispanic","count":28,"tested":169,"color":"rgb(214,39,40)"},{"description":"Black","count":8,"tested":99,"color":"rgb(255,127,14)"},{"description":"Other","count":13,"tested":111,"color":"rgb(148,103,189)"},{"description":"White","count":92,"tested":849,"color":"rgb(31,119,180)"},{"description":"Left Blank","count":100,"tested":1819,"color":"rgb(44,160,44)"}],"gender":[{"description":"Male","count":137,"tested":1531,"color":"rgb(31,119,180)"},{"description":"Female","count":141,"tested":1808,"color":"rgb(255,127,14)"}]}
