{"age":[{"age_group":"<20","count":71,"tested":1565},{"age_group":"20-29   ","count":654,"tested":14093},{"age_group":"30-39   ","count":463,"tested":10676},{"age_group":"40-49   ","count":166,"tested":3956},{"age_group":"50-59   ","count":187,"tested":4360},{"age_group":"60-69   ","count":161,"tested":4061},{"age_group":"70-79   ","count":113,"tested":3089},{"age_group":"80+","count":111,"tested":2716}],"race":[{"description":"NH/PI*","count":7,"tested":33,"color":"rgb(127,127,127)"},{"description":"Black","count":69,"tested":1460,"color":"rgb(255,127,14)"},{"description":"Asian","count":130,"tested":4106,"color":"rgb(140,86,75)"},{"description":"Other","count":164,"tested":2432,"color":"rgb(148,103,189)"},{"description":"Hispanic","count":112,"tested":946,"color":"rgb(214,39,40)"},{"description":"White","count":931,"tested":17785,"color":"rgb(31,119,180)"},{"description":"Left Blank","count":512,"tested":17674,"color":"rgb(44,160,44)"}],"gender":[{"description":"Female","count":997,"tested":24239,"color":"rgb(255,127,14)"},{"description":"Male","count":883,"tested":19604,"color":"rgb(31,119,180)"},{"description":"Unknown/Left Blank","count":46,"tested":676,"color":"rgb(44,160,44)"}]}
