{"age":[{"age_group":"<20","count":65,"tested":632},{"age_group":"20-29   ","count":108,"tested":1193},{"age_group":"30-39   ","count":100,"tested":1035},{"age_group":"40-49   ","count":79,"tested":1274},{"age_group":"50-59   ","count":81,"tested":946},{"age_group":"60-69   ","count":42,"tested":643},{"age_group":"70-79   ","count":26,"tested":288},{"age_group":"80+","count":10,"tested":102}],"race":[{"description":"Hispanic","count":10,"tested":108,"color":"rgb(214,39,40)"},{"description":"Left Blank","count":146,"tested":2216,"color":"rgb(44,160,44)"},{"description":"Other","count":10,"tested":127,"color":"rgb(148,103,189)"},{"description":"Black","count":326,"tested":3523,"color":"rgb(255,127,14)"},{"description":"White","count":17,"tested":128,"color":"rgb(31,119,180)"}],"gender":[{"description":"Male","count":191,"tested":2049,"color":"rgb(31,119,180)"},{"description":"Female","count":309,"tested":3918,"color":"rgb(255,127,14)"},{"description":"Unknown/Left Blank","count":11,"tested":150,"color":"rgb(44,160,44)"}]}
