{"age":[{"age_group":"<20","count":477,"tested":4254},{"age_group":"20-29   ","count":449,"tested":4950},{"age_group":"30-39   ","count":387,"tested":3791},{"age_group":"40-49   ","count":391,"tested":4036},{"age_group":"50-59   ","count":496,"tested":4901},{"age_group":"60-69   ","count":250,"tested":3211},{"age_group":"70-79   ","count":117,"tested":1660},{"age_group":"80+","count":78,"tested":2153}],"race":[{"description":"Other","count":172,"tested":1277,"color":"rgb(148,103,189)"},{"description":"Left Blank","count":815,"tested":10109,"color":"rgb(44,160,44)"},{"description":"Hispanic","count":312,"tested":1829,"color":"rgb(214,39,40)"},{"description":"White","count":1233,"tested":13997,"color":"rgb(31,119,180)"},{"description":"Asian","count":51,"tested":723,"color":"rgb(140,86,75)"},{"description":"Black","count":52,"tested":895,"color":"rgb(255,127,14)"},{"description":"NH/PI*","count":6,"tested":102,"color":"rgb(127,127,127)"}],"gender":[{"description":"Female","count":1312,"tested":16623,"color":"rgb(255,127,14)"},{"description":"Unknown/Left Blank","count":17,"tested":289,"color":"rgb(44,160,44)"},{"description":"Male","count":1317,"tested":12062,"color":"rgb(31,119,180)"}]}
