{"age":[{"age_group":"<20","count":451,"tested":4609},{"age_group":"20-29   ","count":386,"tested":4038},{"age_group":"30-39   ","count":416,"tested":4169},{"age_group":"40-49   ","count":385,"tested":3840},{"age_group":"50-59   ","count":333,"tested":3485},{"age_group":"60-69   ","count":197,"tested":2431},{"age_group":"70-79   ","count":95,"tested":1579},{"age_group":"80+","count":48,"tested":1908}],"race":[{"description":"Other","count":62,"tested":569,"color":"rgb(148,103,189)"},{"description":"Left Blank","count":592,"tested":12325,"color":"rgb(44,160,44)"},{"description":"Hispanic","count":332,"tested":1663,"color":"rgb(214,39,40)"},{"description":"White","count":1207,"tested":10429,"color":"rgb(31,119,180)"},{"description":"Asian","count":15,"tested":233,"color":"rgb(140,86,75)"},{"description":"Black","count":99,"tested":824,"color":"rgb(255,127,14)"}],"gender":[{"description":"Male","count":1093,"tested":9886,"color":"rgb(31,119,180)"},{"description":"Unknown/Left Blank","count":7,"tested":1005,"color":"rgb(44,160,44)"},{"description":"Female","count":1213,"tested":15182,"color":"rgb(255,127,14)"}]}
