{"age":[{"age_group":"<20","count":69,"tested":727},{"age_group":"20-29   ","count":97,"tested":870},{"age_group":"30-39   ","count":77,"tested":692},{"age_group":"40-49   ","count":105,"tested":662},{"age_group":"50-59   ","count":106,"tested":929},{"age_group":"60-69   ","count":43,"tested":640},{"age_group":"70-79   ","count":34,"tested":328},{"age_group":"80+","count":7,"tested":145}],"race":[{"description":"Other","count":24,"tested":150,"color":"rgb(148,103,189)"},{"description":"Left Blank","count":123,"tested":1212,"color":"rgb(44,160,44)"},{"description":"White","count":362,"tested":3378,"color":"rgb(31,119,180)"},{"description":"Hispanic","count":27,"tested":167,"color":"rgb(214,39,40)"}],"gender":[{"description":"Female","count":259,"tested":2762,"color":"rgb(255,127,14)"},{"description":"Male","count":279,"tested":2146,"color":"rgb(31,119,180)"}]}
