{"age":[{"age_group":"<20","count":289,"tested":2269},{"age_group":"20-29   ","count":433,"tested":6292},{"age_group":"30-39   ","count":458,"tested":7087},{"age_group":"40-49   ","count":420,"tested":7895},{"age_group":"50-59   ","count":482,"tested":9165},{"age_group":"60-69   ","count":489,"tested":9766},{"age_group":"70-79   ","count":309,"tested":5639},{"age_group":"80+","count":458,"tested":8488}],"race":[{"description":"NH/PI*","count":14,"tested":143,"color":"rgb(127,127,127)"},{"description":"AI/AN**","count":10,"tested":56,"color":"rgb(31,119,180)"},{"description":"Left Blank","count":1085,"tested":35988,"color":"rgb(44,160,44)"},{"description":"Other","count":347,"tested":2107,"color":"rgb(148,103,189)"},{"description":"Black","count":51,"tested":768,"color":"rgb(255,127,14)"},{"description":"White","count":1110,"tested":10679,"color":"rgb(31,119,180)"},{"description":"Asian","count":384,"tested":4849,"color":"rgb(140,86,75)"},{"description":"Hispanic","count":339,"tested":2041,"color":"rgb(214,39,40)"}],"gender":[{"description":"Female","count":1805,"tested":34304,"color":"rgb(255,127,14)"},{"description":"Male","count":1505,"tested":21346,"color":"rgb(31,119,180)"},{"description":"Unknown/Left Blank","count":30,"tested":981,"color":"rgb(44,160,44)"}]}
