{"age":[{"age_group":"<20","count":18,"tested":162},{"age_group":"20-29   ","count":14,"tested":166},{"age_group":"30-39   ","count":6,"tested":162},{"age_group":"40-49   ","count":23,"tested":155},{"age_group":"50-59   ","count":30,"tested":198},{"age_group":"60-69   ","count":13,"tested":190},{"age_group":"70-79   ","count":10,"tested":151},{"age_group":"80+","count":6,"tested":107}],"race":[{"description":"White","count":72,"tested":636,"color":"rgb(31,119,180)"},{"description":"Left Blank","count":45,"tested":603,"color":"rgb(44,160,44)"}],"gender":[{"description":"Male","count":58,"tested":487,"color":"rgb(31,119,180)"},{"description":"Female","count":60,"tested":776,"color":"rgb(255,127,14)"}]}
