{"age":[{"age_group":"<20","count":43,"tested":292},{"age_group":"20-29   ","count":32,"tested":417},{"age_group":"30-39   ","count":29,"tested":307},{"age_group":"40-49   ","count":28,"tested":315},{"age_group":"50-59   ","count":38,"tested":430},{"age_group":"60-69   ","count":18,"tested":320},{"age_group":"80+","count":9,"tested":96}],"race":[{"description":"White","count":128,"tested":1241,"color":"rgb(31,119,180)"},{"description":"Left Blank","count":53,"tested":903,"color":"rgb(44,160,44)"},{"description":"Hispanic","count":17,"tested":84,"color":"rgb(214,39,40)"}],"gender":[{"description":"Female","count":104,"tested":1271,"color":"rgb(255,127,14)"},{"description":"Male","count":97,"tested":935,"color":"rgb(31,119,180)"}]}
