{"age":[{"age_group":"<20","count":236,"tested":1792},{"age_group":"20-29   ","count":211,"tested":1695},{"age_group":"30-39   ","count":188,"tested":1547},{"age_group":"40-49   ","count":239,"tested":1730},{"age_group":"50-59   ","count":204,"tested":1805},{"age_group":"60-69   ","count":136,"tested":1187},{"age_group":"70-79   ","count":51,"tested":670},{"age_group":"80+","count":22,"tested":308}],"race":[{"description":"Other","count":30,"tested":345,"color":"rgb(148,103,189)"},{"description":"Left Blank","count":421,"tested":3576,"color":"rgb(44,160,44)"},{"description":"White","count":741,"tested":6173,"color":"rgb(31,119,180)"},{"description":"Asian","count":6,"tested":56,"color":"rgb(140,86,75)"},{"description":"Hispanic","count":82,"tested":455,"color":"rgb(214,39,40)"},{"description":"Black","count":6,"tested":115,"color":"rgb(255,127,14)"}],"gender":[{"description":"Female","count":662,"tested":5738,"color":"rgb(255,127,14)"},{"description":"Unknown/Left Blank","count":10,"tested":130,"color":"rgb(44,160,44)"},{"description":"Male","count":615,"tested":4866,"color":"rgb(31,119,180)"}]}
