{"age":[{"age_group":"<20","count":49,"tested":568},{"age_group":"20-29   ","count":86,"tested":687},{"age_group":"30-39   ","count":78,"tested":786},{"age_group":"40-49   ","count":90,"tested":731},{"age_group":"50-59   ","count":83,"tested":799},{"age_group":"60-69   ","count":47,"tested":779},{"age_group":"70-79   ","count":29,"tested":536},{"age_group":"80+","count":9,"tested":169}],"race":[{"description":"Hispanic","count":29,"tested":331,"color":"rgb(214,39,40)"},{"description":"White","count":193,"tested":1998,"color":"rgb(31,119,180)"},{"description":"Left Blank","count":224,"tested":2371,"color":"rgb(44,160,44)"},{"description":"Other","count":17,"tested":253,"color":"rgb(148,103,189)"}],"gender":[{"description":"Female","count":241,"tested":2599,"color":"rgb(255,127,14)"},{"description":"Male","count":227,"tested":2318,"color":"rgb(31,119,180)"}]}
