{"age":[{"age_group":"<20","count":256,"tested":2800},{"age_group":"20-29   ","count":338,"tested":4069},{"age_group":"30-39   ","count":252,"tested":3326},{"age_group":"40-49   ","count":285,"tested":3661},{"age_group":"50-59   ","count":383,"tested":4644},{"age_group":"60-69   ","count":253,"tested":3893},{"age_group":"70-79   ","count":133,"tested":2525},{"age_group":"80+","count":123,"tested":4580}],"race":[{"description":"Left Blank","count":790,"tested":17899,"color":"rgb(44,160,44)"},{"description":"Hispanic","count":66,"tested":466,"color":"rgb(214,39,40)"},{"description":"Other","count":69,"tested":685,"color":"rgb(148,103,189)"},{"description":"Black","count":15,"tested":227,"color":"rgb(255,127,14)"},{"description":"Asian","count":18,"tested":190,"color":"rgb(140,86,75)"},{"description":"White","count":1063,"tested":10021,"color":"rgb(31,119,180)"}],"gender":[{"description":"Unknown/Left Blank","count":13,"tested":899,"color":"rgb(44,160,44)"},{"description":"Male","count":931,"tested":10385,"color":"rgb(31,119,180)"},{"description":"Female","count":1080,"tested":18226,"color":"rgb(255,127,14)"}]}
