{"lastUpdatedDate":{"year":2020,"month":11,"day":23},"county_demographics":[{"County":"Marshall","confirmed_cases":352,"total_tested":7634,"demographics":{"age":[{"age_group":"<20","count":50,"tested":855},{"age_group":"20-29   ","count":50,"tested":1068},{"age_group":"30-39   ","count":36,"tested":896},{"age_group":"40-49   ","count":64,"tested":1043},{"age_group":"50-59   ","count":55,"tested":1208},{"age_group":"60-69   ","count":41,"tested":1141},{"age_group":"70-79   ","count":21,"tested":703},{"age_group":"80+","count":16,"tested":713},{"age_group":"Unknown","count":0,"tested":7}],"race":[{"description":"Asian","count":0,"tested":0,"color":"rgb(140,86,75)"},{"description":"Black","count":0,"tested":23,"color":"rgb(255,127,14)"},{"description":"Hispanic","count":0,"tested":36,"color":"rgb(214,39,40)"},{"description":"Left Blank","count":157,"tested":4438,"color":"rgb(44,160,44)"},{"description":"NH/PI*","count":0,"tested":0,"color":"rgb(127,127,127)"},{"description":"Other","count":0,"tested":76,"color":"rgb(148,103,189)"},{"description":"White","count":182,"tested":3056,"color":"rgb(31,119,180)"}],"gender":[{"description":"Female","count":191,"tested":4571,"color":"rgb(255,127,14)"},{"description":"Male","count":156,"tested":2812,"color":"rgb(31,119,180)"},{"description":"Unknown/Left Blank","count":0,"tested":251,"color":"rgb(44,160,44)"}]}}]}
