{"lastUpdatedDate":{"year":2020,"month":11,"day":23},"county_demographics":[{"County":"Clinton","confirmed_cases":2984,"total_tested":25307,"demographics":{"age":[{"age_group":"<20","count":400,"tested":3280},{"age_group":"20-29   ","count":454,"tested":3956},{"age_group":"30-39   ","count":431,"tested":3614},{"age_group":"40-49   ","count":380,"tested":3274},{"age_group":"50-59   ","count":463,"tested":3995},{"age_group":"60-69   ","count":413,"tested":3414},{"age_group":"70-79   ","count":203,"tested":1892},{"age_group":"80+","count":235,"tested":1849},{"age_group":"Unknown","count":0,"tested":33}],"race":[{"description":"AI/AN**","count":0,"tested":7,"color":"rgb(31,119,180)"},{"description":"Asian","count":0,"tested":38,"color":"rgb(140,86,75)"},{"description":"Black","count":50,"tested":549,"color":"rgb(255,127,14)"},{"description":"Hispanic","count":45,"tested":181,"color":"rgb(214,39,40)"},{"description":"Left Blank","count":1191,"tested":11539,"color":"rgb(44,160,44)"},{"description":"NH/PI*","count":0,"tested":6,"color":"rgb(127,127,127)"},{"description":"Other","count":81,"tested":513,"color":"rgb(148,103,189)"},{"description":"White","count":1613,"tested":12474,"color":"rgb(31,119,180)"}],"gender":[{"description":"Female","count":1585,"tested":14836,"color":"rgb(255,127,14)"},{"description":"Male","count":1338,"tested":9898,"color":"rgb(31,119,180)"},{"description":"Unknown/Left Blank","count":61,"tested":573,"color":"rgb(44,160,44)"}]}}]}
