{"lastUpdatedDate":{"year":2020,"month":11,"day":23},"county_demographics":[{"County":"Alexander","confirmed_cases":244,"total_tested":2977,"demographics":{"age":[{"age_group":"<20","count":24,"tested":259},{"age_group":"20-29   ","count":24,"tested":412},{"age_group":"30-39   ","count":38,"tested":313},{"age_group":"40-49   ","count":36,"tested":440},{"age_group":"50-59   ","count":44,"tested":619},{"age_group":"60-69   ","count":42,"tested":524},{"age_group":"70-79   ","count":32,"tested":238},{"age_group":"80+","count":0,"tested":172}],"race":[{"description":"Asian","count":0,"tested":0,"color":"rgb(140,86,75)"},{"description":"Black","count":62,"tested":900,"color":"rgb(255,127,14)"},{"description":"Hispanic","count":0,"tested":8,"color":"rgb(214,39,40)"},{"description":"Left Blank","count":85,"tested":1097,"color":"rgb(44,160,44)"},{"description":"NH/PI*","count":0,"tested":0,"color":"rgb(127,127,127)"},{"description":"Other","count":0,"tested":14,"color":"rgb(148,103,189)"},{"description":"White","count":93,"tested":954,"color":"rgb(31,119,180)"}],"gender":[{"description":"Female","count":149,"tested":1820,"color":"rgb(255,127,14)"},{"description":"Male","count":90,"tested":1016,"color":"rgb(31,119,180)"},{"description":"Unknown/Left Blank","count":0,"tested":141,"color":"rgb(44,160,44)"}]}}]}
