{"lastUpdatedDate":{"year":2020,"month":11,"day":23},"county_demographics":[{"County":"Clay","confirmed_cases":747,"total_tested":6644,"demographics":{"age":[{"age_group":"<20","count":94,"tested":1102},{"age_group":"20-29   ","count":92,"tested":945},{"age_group":"30-39   ","count":90,"tested":826},{"age_group":"40-49   ","count":102,"tested":755},{"age_group":"50-59   ","count":112,"tested":939},{"age_group":"60-69   ","count":114,"tested":945},{"age_group":"70-79   ","count":92,"tested":640},{"age_group":"80+","count":49,"tested":490},{"age_group":"Unknown","count":0,"tested":0}],"race":[{"description":"AI/AN**","count":0,"tested":0,"color":"rgb(31,119,180)"},{"description":"Asian","count":0,"tested":17,"color":"rgb(140,86,75)"},{"description":"Black","count":0,"tested":20,"color":"rgb(255,127,14)"},{"description":"Hispanic","count":0,"tested":27,"color":"rgb(214,39,40)"},{"description":"Left Blank","count":97,"tested":1656,"color":"rgb(44,160,44)"},{"description":"NH/PI*","count":0,"tested":0,"color":"rgb(127,127,127)"},{"description":"Other","count":6,"tested":176,"color":"rgb(148,103,189)"},{"description":"White","count":636,"tested":4741,"color":"rgb(31,119,180)"}],"gender":[{"description":"Female","count":389,"tested":3982,"color":"rgb(255,127,14)"},{"description":"Male","count":353,"tested":2579,"color":"rgb(31,119,180)"},{"description":"Unknown/Left Blank","count":0,"tested":83,"color":"rgb(44,160,44)"}]}}]}
