{"lastUpdatedDate":{"year":2020,"month":11,"day":23},"county_demographics":[{"County":"Washington","confirmed_cases":599,"total_tested":5590,"demographics":{"age":[{"age_group":"<20","count":89,"tested":769},{"age_group":"20-29   ","count":82,"tested":768},{"age_group":"30-39   ","count":90,"tested":837},{"age_group":"40-49   ","count":88,"tested":759},{"age_group":"50-59   ","count":89,"tested":759},{"age_group":"60-69   ","count":83,"tested":875},{"age_group":"70-79   ","count":34,"tested":513},{"age_group":"80+","count":30,"tested":308},{"age_group":"Unknown","count":0,"tested":0}],"race":[{"description":"AI/AN**","count":0,"tested":0,"color":"rgb(31,119,180)"},{"description":"Asian","count":0,"tested":13,"color":"rgb(140,86,75)"},{"description":"Black","count":0,"tested":28,"color":"rgb(255,127,14)"},{"description":"Hispanic","count":10,"tested":47,"color":"rgb(214,39,40)"},{"description":"Left Blank","count":167,"tested":1597,"color":"rgb(44,160,44)"},{"description":"NH/PI*","count":0,"tested":0,"color":"rgb(127,127,127)"},{"description":"Other","count":9,"tested":146,"color":"rgb(148,103,189)"},{"description":"White","count":412,"tested":3755,"color":"rgb(31,119,180)"}],"gender":[{"description":"Female","count":311,"tested":3257,"color":"rgb(255,127,14)"},{"description":"Male","count":281,"tested":2201,"color":"rgb(31,119,180)"},{"description":"Unknown/Left Blank","count":7,"tested":132,"color":"rgb(44,160,44)"}]}}]}
