{"lastUpdatedDate":{"year":2021,"month":6,"day":23},"county_demographics":[{"County":"Stark","confirmed_cases":648,"total_tested":10314,"demographics":{"age":[{"race":[],"age_group":"<20","count":111,"tested":1566,"deaths":0},{"race":[],"age_group":"20-29   ","count":96,"tested":1676,"deaths":0},{"race":[],"age_group":"30-39   ","count":78,"tested":1183,"deaths":0},{"race":[],"age_group":"40-49   ","count":87,"tested":1038,"deaths":0},{"race":[],"age_group":"50-59   ","count":111,"tested":1343,"deaths":0},{"race":[],"age_group":"60-69   ","count":66,"tested":1422,"deaths":0},{"race":[],"age_group":"70-79   ","count":49,"tested":1099,"deaths":0},{"race":[],"age_group":"80+","count":46,"tested":980,"deaths":0},{"race":[],"age_group":"Unknown","count":0,"tested":7,"deaths":0}],"race":[{"description":"AI/AN**","count":0,"tested":0,"deaths":0,"color":"rgb(31,119,180)"},{"description":"Asian","count":0,"tested":18,"deaths":0,"color":"rgb(140,86,75)"},{"description":"Black","count":0,"tested":36,"deaths":0,"color":"rgb(255,127,14)"},{"description":"Hispanic","count":0,"tested":53,"deaths":0,"color":"rgb(214,39,40)"},{"description":"Left Blank","count":199,"tested":5562,"deaths":0,"color":"rgb(44,160,44)"},{"description":"NH/PI*","count":0,"tested":0,"deaths":0,"color":"rgb(127,127,127)"},{"description":"Other","count":0,"tested":81,"deaths":0,"color":"rgb(148,103,189)"},{"description":"White","count":424,"tested":4562,"deaths":0,"color":"rgb(31,119,180)"}],"gender":[{"description":"Female","count":354,"tested":6631,"deaths":0,"color":"rgb(255,127,14)"},{"description":"Male","count":283,"tested":3409,"deaths":0,"color":"rgb(31,119,180)"},{"description":"Unknown/Left Blank","count":10,"tested":274,"deaths":0,"color":"rgb(44,160,44)"}]}}]}
