{"lastUpdatedDate":{"year":2021,"month":6,"day":23},"county_demographics":[{"County":"Sangamon","confirmed_cases":19112,"total_tested":408161,"demographics":{"age":[{"race":[],"age_group":"<20","count":3168,"tested":53629,"deaths":0},{"race":[],"age_group":"20-29   ","count":3255,"tested":75146,"deaths":0},{"race":[],"age_group":"30-39   ","count":2858,"tested":63776,"deaths":0},{"race":[],"age_group":"40-49   ","count":2691,"tested":56065,"deaths":0},{"race":[],"age_group":"50-59   ","count":2840,"tested":58994,"deaths":0},{"race":[],"age_group":"60-69   ","count":2128,"tested":48335,"deaths":0},{"race":[],"age_group":"70-79   ","count":1254,"tested":29436,"deaths":0},{"race":[],"age_group":"80+","count":917,"tested":22693,"deaths":0},{"race":[],"age_group":"Unknown","count":0,"tested":87,"deaths":0}],"race":[{"description":"AI/AN**","count":8,"tested":399,"deaths":0,"color":"rgb(31,119,180)"},{"description":"Asian","count":153,"tested":4992,"deaths":0,"color":"rgb(140,86,75)"},{"description":"Black","count":2179,"tested":34032,"deaths":0,"color":"rgb(255,127,14)"},{"description":"Hispanic","count":231,"tested":4011,"deaths":0,"color":"rgb(214,39,40)"},{"description":"Left Blank","count":7772,"tested":157907,"deaths":0,"color":"rgb(44,160,44)"},{"description":"NH/PI*","count":33,"tested":4447,"deaths":0,"color":"rgb(127,127,127)"},{"description":"Other","count":260,"tested":9681,"deaths":0,"color":"rgb(148,103,189)"},{"description":"White","count":8473,"tested":192692,"deaths":0,"color":"rgb(31,119,180)"}],"gender":[{"description":"Female","count":9431,"tested":232686,"deaths":0,"color":"rgb(255,127,14)"},{"description":"Male","count":7946,"tested":166510,"deaths":0,"color":"rgb(31,119,180)"},{"description":"Unknown/Left Blank","count":1735,"tested":8965,"deaths":0,"color":"rgb(44,160,44)"}]}}]}
