{"lastUpdatedDate":{"year":2021,"month":6,"day":23},"county_demographics":[{"County":"McDonough","confirmed_cases":2916,"total_tested":56823,"demographics":{"age":[{"race":[],"age_group":"<20","count":556,"tested":8916,"deaths":0},{"race":[],"age_group":"20-29   ","count":782,"tested":13873,"deaths":0},{"race":[],"age_group":"30-39   ","count":343,"tested":7771,"deaths":0},{"race":[],"age_group":"40-49   ","count":327,"tested":6076,"deaths":0},{"race":[],"age_group":"50-59   ","count":294,"tested":6214,"deaths":0},{"race":[],"age_group":"60-69   ","count":281,"tested":5738,"deaths":0},{"race":[],"age_group":"70-79   ","count":180,"tested":3711,"deaths":0},{"race":[],"age_group":"80+","count":152,"tested":4516,"deaths":0},{"race":[],"age_group":"Unknown","count":0,"tested":8,"deaths":0}],"race":[{"description":"AI/AN**","count":0,"tested":88,"deaths":0,"color":"rgb(31,119,180)"},{"description":"Asian","count":43,"tested":506,"deaths":0,"color":"rgb(140,86,75)"},{"description":"Black","count":212,"tested":3643,"deaths":0,"color":"rgb(255,127,14)"},{"description":"Hispanic","count":103,"tested":1227,"deaths":0,"color":"rgb(214,39,40)"},{"description":"Left Blank","count":296,"tested":16059,"deaths":0,"color":"rgb(44,160,44)"},{"description":"NH/PI*","count":0,"tested":47,"deaths":0,"color":"rgb(127,127,127)"},{"description":"Other","count":23,"tested":726,"deaths":0,"color":"rgb(148,103,189)"},{"description":"White","count":2221,"tested":34527,"deaths":0,"color":"rgb(31,119,180)"}],"gender":[{"description":"Female","count":1538,"tested":33966,"deaths":0,"color":"rgb(255,127,14)"},{"description":"Male","count":1337,"tested":21552,"deaths":0,"color":"rgb(31,119,180)"},{"description":"Unknown/Left Blank","count":41,"tested":1305,"deaths":0,"color":"rgb(44,160,44)"}]}}]}
