{"lastUpdatedDate":{"year":2021,"month":6,"day":23},"county_demographics":[{"County":"Jasper","confirmed_cases":1167,"total_tested":13543,"demographics":{"age":[{"race":[],"age_group":"<20","count":173,"tested":2117,"deaths":0},{"race":[],"age_group":"20-29   ","count":122,"tested":1608,"deaths":0},{"race":[],"age_group":"30-39   ","count":146,"tested":1683,"deaths":0},{"race":[],"age_group":"40-49   ","count":160,"tested":2069,"deaths":0},{"race":[],"age_group":"50-59   ","count":181,"tested":1900,"deaths":0},{"race":[],"age_group":"60-69   ","count":182,"tested":1541,"deaths":0},{"race":[],"age_group":"70-79   ","count":105,"tested":1051,"deaths":0},{"race":[],"age_group":"80+","count":98,"tested":1570,"deaths":0},{"race":[],"age_group":"Unknown","count":0,"tested":0,"deaths":0}],"race":[{"description":"AI/AN**","count":0,"tested":0,"deaths":0,"color":"rgb(31,119,180)"},{"description":"Asian","count":0,"tested":33,"deaths":0,"color":"rgb(140,86,75)"},{"description":"Black","count":0,"tested":28,"deaths":0,"color":"rgb(255,127,14)"},{"description":"Hispanic","count":0,"tested":107,"deaths":0,"color":"rgb(214,39,40)"},{"description":"Left Blank","count":302,"tested":3160,"deaths":0,"color":"rgb(44,160,44)"},{"description":"Other","count":0,"tested":295,"deaths":0,"color":"rgb(148,103,189)"},{"description":"White","count":849,"tested":9919,"deaths":0,"color":"rgb(31,119,180)"}],"gender":[{"description":"Female","count":617,"tested":8252,"deaths":0,"color":"rgb(255,127,14)"},{"description":"Male","count":530,"tested":4615,"deaths":0,"color":"rgb(31,119,180)"},{"description":"Unknown/Left Blank","count":20,"tested":676,"deaths":0,"color":"rgb(44,160,44)"}]}}]}
