{"lastUpdatedDate":{"year":2021,"month":6,"day":23},"county_demographics":[{"County":"Moultrie","confirmed_cases":1631,"total_tested":26460,"demographics":{"age":[{"race":[],"age_group":"<20","count":274,"tested":4115,"deaths":0},{"race":[],"age_group":"20-29   ","count":187,"tested":3949,"deaths":0},{"race":[],"age_group":"30-39   ","count":199,"tested":3606,"deaths":0},{"race":[],"age_group":"40-49   ","count":178,"tested":3607,"deaths":0},{"race":[],"age_group":"50-59   ","count":258,"tested":3788,"deaths":0},{"race":[],"age_group":"60-69   ","count":241,"tested":3361,"deaths":0},{"race":[],"age_group":"70-79   ","count":156,"tested":2075,"deaths":0},{"race":[],"age_group":"80+","count":138,"tested":1877,"deaths":0},{"race":[],"age_group":"Unknown","count":0,"tested":82,"deaths":0}],"race":[{"description":"AI/AN**","count":0,"tested":6,"deaths":0,"color":"rgb(31,119,180)"},{"description":"Asian","count":0,"tested":48,"deaths":0,"color":"rgb(140,86,75)"},{"description":"Black","count":13,"tested":265,"deaths":0,"color":"rgb(255,127,14)"},{"description":"Hispanic","count":13,"tested":118,"deaths":0,"color":"rgb(214,39,40)"},{"description":"Left Blank","count":420,"tested":8315,"deaths":0,"color":"rgb(44,160,44)"},{"description":"NH/PI*","count":0,"tested":20,"deaths":0,"color":"rgb(127,127,127)"},{"description":"Other","count":13,"tested":384,"deaths":0,"color":"rgb(148,103,189)"},{"description":"White","count":1168,"tested":17304,"deaths":0,"color":"rgb(31,119,180)"}],"gender":[{"description":"Female","count":841,"tested":16549,"deaths":0,"color":"rgb(255,127,14)"},{"description":"Male","count":762,"tested":8838,"deaths":0,"color":"rgb(31,119,180)"},{"description":"Unknown/Left Blank","count":28,"tested":1073,"deaths":0,"color":"rgb(44,160,44)"}]}}]}
