{"lastUpdatedDate":{"year":2021,"month":6,"day":23},"county_demographics":[{"County":"McLean","confirmed_cases":18559,"total_tested":376581,"demographics":{"age":[{"race":[],"age_group":"<20","count":3953,"tested":80071,"deaths":0},{"race":[],"age_group":"20-29   ","count":4988,"tested":98406,"deaths":0},{"race":[],"age_group":"30-39   ","count":2488,"tested":51508,"deaths":0},{"race":[],"age_group":"40-49   ","count":2262,"tested":40951,"deaths":0},{"race":[],"age_group":"50-59   ","count":2078,"tested":41294,"deaths":0},{"race":[],"age_group":"60-69   ","count":1464,"tested":29358,"deaths":0},{"race":[],"age_group":"70-79   ","count":746,"tested":16487,"deaths":0},{"race":[],"age_group":"80+","count":580,"tested":18477,"deaths":0},{"race":[],"age_group":"Unknown","count":0,"tested":29,"deaths":0}],"race":[{"description":"AI/AN**","count":11,"tested":406,"deaths":0,"color":"rgb(31,119,180)"},{"description":"Asian","count":312,"tested":5981,"deaths":0,"color":"rgb(140,86,75)"},{"description":"Black","count":1577,"tested":18163,"deaths":0,"color":"rgb(255,127,14)"},{"description":"Hispanic","count":1176,"tested":10052,"deaths":0,"color":"rgb(214,39,40)"},{"description":"Left Blank","count":4234,"tested":197750,"deaths":0,"color":"rgb(44,160,44)"},{"description":"NH/PI*","count":12,"tested":213,"deaths":0,"color":"rgb(127,127,127)"},{"description":"Other","count":332,"tested":4739,"deaths":0,"color":"rgb(148,103,189)"},{"description":"White","count":10898,"tested":139277,"deaths":0,"color":"rgb(31,119,180)"}],"gender":[{"description":"Female","count":9905,"tested":196547,"deaths":0,"color":"rgb(255,127,14)"},{"description":"Male","count":8646,"tested":158862,"deaths":0,"color":"rgb(31,119,180)"},{"description":"Unknown/Left Blank","count":7,"tested":21172,"deaths":0,"color":"rgb(44,160,44)"}]}}]}
