{"lastUpdatedDate":{"year":2020,"month":11,"day":2},"county_demographics":[{"County":"Shelby","confirmed_cases":773,"total_tested":9234,"demographics":{"age":[{"age_group":"<20","count":77,"tested":1201},{"age_group":"20-29   ","count":129,"tested":1341},{"age_group":"30-39   ","count":79,"tested":1114},{"age_group":"40-49   ","count":91,"tested":1031},{"age_group":"50-59   ","count":127,"tested":1336},{"age_group":"60-69   ","count":110,"tested":1203},{"age_group":"70-79   ","count":93,"tested":970},{"age_group":"80+","count":67,"tested":1034},{"age_group":"Unknown","count":0,"tested":0}],"race":[{"description":"AI/AN**","count":0,"tested":0,"color":"rgb(31,119,180)"},{"description":"Asian","count":0,"tested":12,"color":"rgb(140,86,75)"},{"description":"Black","count":0,"tested":23,"color":"rgb(255,127,14)"},{"description":"Hispanic","count":9,"tested":31,"color":"rgb(214,39,40)"},{"description":"Left Blank","count":89,"tested":2518,"color":"rgb(44,160,44)"},{"description":"NH/PI*","count":0,"tested":0,"color":"rgb(127,127,127)"},{"description":"Other","count":6,"tested":449,"color":"rgb(148,103,189)"},{"description":"White","count":664,"tested":6198,"color":"rgb(31,119,180)"}],"gender":[{"description":"Female","count":447,"tested":5714,"color":"rgb(255,127,14)"},{"description":"Male","count":311,"tested":3228,"color":"rgb(31,119,180)"},{"description":"Unknown/Left Blank","count":15,"tested":292,"color":"rgb(44,160,44)"}]}}]}
