{"lastUpdatedDate":{"year":2020,"month":11,"day":2},"county_demographics":[{"County":"Pope","confirmed_cases":46,"total_tested":868,"demographics":{"age":[{"age_group":"<20","count":0,"tested":125},{"age_group":"20-29   ","count":0,"tested":76},{"age_group":"30-39   ","count":0,"tested":85},{"age_group":"40-49   ","count":0,"tested":104},{"age_group":"50-59   ","count":9,"tested":153},{"age_group":"60-69   ","count":11,"tested":175},{"age_group":"70-79   ","count":6,"tested":100},{"age_group":"80+","count":0,"tested":50}],"race":[{"description":"Black","count":0,"tested":8,"color":"rgb(255,127,14)"},{"description":"Hispanic","count":0,"tested":0,"color":"rgb(214,39,40)"},{"description":"Left Blank","count":11,"tested":369,"color":"rgb(44,160,44)"},{"description":"Other","count":0,"tested":11,"color":"rgb(148,103,189)"},{"description":"White","count":33,"tested":479,"color":"rgb(31,119,180)"}],"gender":[{"description":"Female","count":23,"tested":479,"color":"rgb(255,127,14)"},{"description":"Male","count":23,"tested":359,"color":"rgb(31,119,180)"},{"description":"Unknown/Left Blank","count":0,"tested":30,"color":"rgb(44,160,44)"}]}}]}
