{"lastUpdatedDate":{"year":2020,"month":11,"day":2},"county_demographics":[{"County":"Montgomery","confirmed_cases":700,"total_tested":18518,"demographics":{"age":[{"age_group":"<20","count":59,"tested":1874},{"age_group":"20-29   ","count":101,"tested":2449},{"age_group":"30-39   ","count":120,"tested":2417},{"age_group":"40-49   ","count":99,"tested":2121},{"age_group":"50-59   ","count":111,"tested":2754},{"age_group":"60-69   ","count":105,"tested":2860},{"age_group":"70-79   ","count":53,"tested":1762},{"age_group":"80+","count":51,"tested":2272},{"age_group":"Unknown","count":0,"tested":9}],"race":[{"description":"AI/AN**","count":0,"tested":0,"color":"rgb(31,119,180)"},{"description":"Asian","count":0,"tested":13,"color":"rgb(140,86,75)"},{"description":"Black","count":17,"tested":361,"color":"rgb(255,127,14)"},{"description":"Hispanic","count":0,"tested":53,"color":"rgb(214,39,40)"},{"description":"Left Blank","count":350,"tested":10382,"color":"rgb(44,160,44)"},{"description":"NH/PI*","count":0,"tested":10,"color":"rgb(127,127,127)"},{"description":"Other","count":6,"tested":145,"color":"rgb(148,103,189)"},{"description":"White","count":322,"tested":7554,"color":"rgb(31,119,180)"}],"gender":[{"description":"Female","count":341,"tested":10815,"color":"rgb(255,127,14)"},{"description":"Male","count":343,"tested":7285,"color":"rgb(31,119,180)"},{"description":"Unknown/Left Blank","count":16,"tested":418,"color":"rgb(44,160,44)"}]}}]}
