{"lastUpdatedDate":{"year":2020,"month":11,"day":2},"county_demographics":[{"County":"LaSalle","confirmed_cases":2842,"total_tested":42521,"demographics":{"age":[{"age_group":"<20","count":330,"tested":4528},{"age_group":"20-29   ","count":495,"tested":6270},{"age_group":"30-39   ","count":375,"tested":5908},{"age_group":"40-49   ","count":401,"tested":5587},{"age_group":"50-59   ","count":448,"tested":6309},{"age_group":"60-69   ","count":361,"tested":5402},{"age_group":"70-79   ","count":210,"tested":3500},{"age_group":"80+","count":221,"tested":4913},{"age_group":"Unknown","count":0,"tested":104}],"race":[{"description":"AI/AN**","count":0,"tested":20,"color":"rgb(31,119,180)"},{"description":"Asian","count":0,"tested":111,"color":"rgb(140,86,75)"},{"description":"Black","count":47,"tested":464,"color":"rgb(255,127,14)"},{"description":"Hispanic","count":270,"tested":1613,"color":"rgb(214,39,40)"},{"description":"Left Blank","count":606,"tested":14542,"color":"rgb(44,160,44)"},{"description":"NH/PI*","count":0,"tested":61,"color":"rgb(127,127,127)"},{"description":"Other","count":126,"tested":1135,"color":"rgb(148,103,189)"},{"description":"White","count":1788,"tested":24575,"color":"rgb(31,119,180)"}],"gender":[{"description":"Female","count":1542,"tested":23530,"color":"rgb(255,127,14)"},{"description":"Male","count":1210,"tested":16812,"color":"rgb(31,119,180)"},{"description":"Unknown/Left Blank","count":90,"tested":2179,"color":"rgb(44,160,44)"}]}}]}
