{"lastUpdatedDate":{"year":2020,"month":11,"day":2},"county_demographics":[{"County":"Wayne","confirmed_cases":546,"total_tested":5933,"demographics":{"age":[{"age_group":"<20","count":99,"tested":918},{"age_group":"20-29   ","count":64,"tested":943},{"age_group":"30-39   ","count":48,"tested":817},{"age_group":"40-49   ","count":60,"tested":675},{"age_group":"50-59   ","count":66,"tested":739},{"age_group":"60-69   ","count":83,"tested":708},{"age_group":"70-79   ","count":75,"tested":518},{"age_group":"80+","count":51,"tested":602},{"age_group":"Unknown","count":0,"tested":13}],"race":[{"description":"Asian","count":0,"tested":0,"color":"rgb(140,86,75)"},{"description":"Black","count":0,"tested":11,"color":"rgb(255,127,14)"},{"description":"Hispanic","count":14,"tested":61,"color":"rgb(214,39,40)"},{"description":"Left Blank","count":59,"tested":1025,"color":"rgb(44,160,44)"},{"description":"NH/PI*","count":0,"tested":0,"color":"rgb(127,127,127)"},{"description":"Other","count":0,"tested":43,"color":"rgb(148,103,189)"},{"description":"White","count":471,"tested":4791,"color":"rgb(31,119,180)"}],"gender":[{"description":"Female","count":278,"tested":3810,"color":"rgb(255,127,14)"},{"description":"Male","count":261,"tested":1967,"color":"rgb(31,119,180)"},{"description":"Unknown/Left Blank","count":7,"tested":156,"color":"rgb(44,160,44)"}]}}]}
