{"lastUpdatedDate":{"year":2020,"month":11,"day":2},"county_demographics":[{"County":"Stephenson","confirmed_cases":1318,"total_tested":18724,"demographics":{"age":[{"age_group":"<20","count":180,"tested":2630},{"age_group":"20-29   ","count":198,"tested":2587},{"age_group":"30-39   ","count":183,"tested":2469},{"age_group":"40-49   ","count":174,"tested":1977},{"age_group":"50-59   ","count":239,"tested":2831},{"age_group":"60-69   ","count":193,"tested":2491},{"age_group":"70-79   ","count":97,"tested":1663},{"age_group":"80+","count":54,"tested":2060},{"age_group":"Unknown","count":0,"tested":16}],"race":[{"description":"AI/AN**","count":0,"tested":8,"color":"rgb(31,119,180)"},{"description":"Asian","count":0,"tested":53,"color":"rgb(140,86,75)"},{"description":"Black","count":67,"tested":627,"color":"rgb(255,127,14)"},{"description":"Hispanic","count":81,"tested":306,"color":"rgb(214,39,40)"},{"description":"Left Blank","count":333,"tested":8933,"color":"rgb(44,160,44)"},{"description":"NH/PI*","count":0,"tested":0,"color":"rgb(127,127,127)"},{"description":"Other","count":9,"tested":210,"color":"rgb(148,103,189)"},{"description":"White","count":820,"tested":8583,"color":"rgb(31,119,180)"}],"gender":[{"description":"Female","count":685,"tested":11146,"color":"rgb(255,127,14)"},{"description":"Male","count":601,"tested":6853,"color":"rgb(31,119,180)"},{"description":"Unknown/Left Blank","count":32,"tested":725,"color":"rgb(44,160,44)"}]}}]}
