{"lastUpdatedDate":{"year":2020,"month":11,"day":2},"county_demographics":[{"County":"Clay","confirmed_cases":355,"total_tested":4776,"demographics":{"age":[{"age_group":"<20","count":34,"tested":729},{"age_group":"20-29   ","count":42,"tested":657},{"age_group":"30-39   ","count":37,"tested":579},{"age_group":"40-49   ","count":46,"tested":557},{"age_group":"50-59   ","count":61,"tested":693},{"age_group":"60-69   ","count":54,"tested":728},{"age_group":"70-79   ","count":45,"tested":494},{"age_group":"80+","count":36,"tested":337},{"age_group":"Unknown","count":0,"tested":0}],"race":[{"description":"AI/AN**","count":0,"tested":0,"color":"rgb(31,119,180)"},{"description":"Asian","count":0,"tested":12,"color":"rgb(140,86,75)"},{"description":"Black","count":0,"tested":12,"color":"rgb(255,127,14)"},{"description":"Hispanic","count":0,"tested":19,"color":"rgb(214,39,40)"},{"description":"Left Blank","count":45,"tested":1455,"color":"rgb(44,160,44)"},{"description":"NH/PI*","count":0,"tested":0,"color":"rgb(127,127,127)"},{"description":"Other","count":6,"tested":165,"color":"rgb(148,103,189)"},{"description":"White","count":304,"tested":3107,"color":"rgb(31,119,180)"}],"gender":[{"description":"Female","count":187,"tested":2832,"color":"rgb(255,127,14)"},{"description":"Male","count":164,"tested":1875,"color":"rgb(31,119,180)"},{"description":"Unknown/Left Blank","count":0,"tested":69,"color":"rgb(44,160,44)"}]}}]}
