{"lastUpdatedDate":{"year":2020,"month":11,"day":2},"county_demographics":[{"County":"Wabash","confirmed_cases":264,"total_tested":3176,"demographics":{"age":[{"age_group":"<20","count":58,"tested":526},{"age_group":"20-29   ","count":32,"tested":535},{"age_group":"30-39   ","count":35,"tested":354},{"age_group":"40-49   ","count":37,"tested":378},{"age_group":"50-59   ","count":25,"tested":371},{"age_group":"60-69   ","count":35,"tested":328},{"age_group":"70-79   ","count":18,"tested":193},{"age_group":"80+","count":24,"tested":481},{"age_group":"Unknown","count":0,"tested":10}],"race":[{"description":"Asian","count":0,"tested":0,"color":"rgb(140,86,75)"},{"description":"Black","count":7,"tested":0,"color":"rgb(255,127,14)"},{"description":"Hispanic","count":12,"tested":0,"color":"rgb(214,39,40)"},{"description":"Left Blank","count":73,"tested":1965,"color":"rgb(44,160,44)"},{"description":"NH/PI*","count":0,"tested":0,"color":"rgb(127,127,127)"},{"description":"Other","count":0,"tested":0,"color":"rgb(148,103,189)"},{"description":"White","count":169,"tested":1201,"color":"rgb(31,119,180)"}],"gender":[{"description":"Female","count":139,"tested":2009,"color":"rgb(255,127,14)"},{"description":"Male","count":115,"tested":1011,"color":"rgb(31,119,180)"},{"description":"Unknown/Left Blank","count":10,"tested":156,"color":"rgb(44,160,44)"}]}}]}
