{"lastUpdatedDate":{"year":2020,"month":11,"day":2},"county_demographics":[{"County":"Ogle","confirmed_cases":1485,"total_tested":21477,"demographics":{"age":[{"age_group":"<20","count":170,"tested":3174},{"age_group":"20-29   ","count":281,"tested":3224},{"age_group":"30-39   ","count":231,"tested":3075},{"age_group":"40-49   ","count":223,"tested":2722},{"age_group":"50-59   ","count":260,"tested":3177},{"age_group":"60-69   ","count":162,"tested":2524},{"age_group":"70-79   ","count":96,"tested":1691},{"age_group":"80+","count":62,"tested":1876},{"age_group":"Unknown","count":0,"tested":14}],"race":[{"description":"AI/AN**","count":0,"tested":13,"color":"rgb(31,119,180)"},{"description":"Asian","count":0,"tested":27,"color":"rgb(140,86,75)"},{"description":"Black","count":7,"tested":157,"color":"rgb(255,127,14)"},{"description":"Hispanic","count":207,"tested":658,"color":"rgb(214,39,40)"},{"description":"Left Blank","count":608,"tested":11858,"color":"rgb(44,160,44)"},{"description":"NH/PI*","count":0,"tested":0,"color":"rgb(127,127,127)"},{"description":"Other","count":23,"tested":263,"color":"rgb(148,103,189)"},{"description":"White","count":635,"tested":8500,"color":"rgb(31,119,180)"}],"gender":[{"description":"Female","count":797,"tested":11844,"color":"rgb(255,127,14)"},{"description":"Male","count":672,"tested":7532,"color":"rgb(31,119,180)"},{"description":"Unknown/Left Blank","count":16,"tested":2101,"color":"rgb(44,160,44)"}]}}]}
