{"age":[{"age_group":"<20","count":403,"tested":4410},{"age_group":"20-29   ","count":460,"tested":6542},{"age_group":"30-39   ","count":469,"tested":6649},{"age_group":"40-49   ","count":486,"tested":6397},{"age_group":"50-59   ","count":500,"tested":6550},{"age_group":"60-69   ","count":336,"tested":5290},{"age_group":"70-79   ","count":186,"tested":3269},{"age_group":"80+","count":133,"tested":2697}],"race":[{"description":"Other","count":99,"tested":901,"color":"rgb(148,103,189)"},{"description":"Black","count":66,"tested":917,"color":"rgb(255,127,14)"},{"description":"White","count":1192,"tested":11655,"color":"rgb(31,119,180)"},{"description":"Asian","count":244,"tested":3027,"color":"rgb(140,86,75)"},{"description":"Left Blank","count":1074,"tested":23247,"color":"rgb(44,160,44)"},{"description":"Hispanic","count":287,"tested":1954,"color":"rgb(214,39,40)"},{"description":"AI/AN**","count":10,"tested":35,"color":"rgb(31,119,180)"}],"gender":[{"description":"Male","count":1401,"tested":16238,"color":"rgb(31,119,180)"},{"description":"Unknown/Left Blank","count":11,"tested":658,"color":"rgb(44,160,44)"},{"description":"Female","count":1562,"tested":24933,"color":"rgb(255,127,14)"}]}
