{"age":[{"age_group":"<20","count":262,"tested":2097},{"age_group":"20-29   ","count":275,"tested":3553},{"age_group":"30-39   ","count":276,"tested":3563},{"age_group":"40-49   ","count":290,"tested":4012},{"age_group":"50-59   ","count":283,"tested":4241},{"age_group":"60-69   ","count":203,"tested":4046},{"age_group":"70-79   ","count":77,"tested":1424},{"age_group":"80+","count":48,"tested":723}],"race":[{"description":"Black","count":216,"tested":3699,"color":"rgb(255,127,14)"},{"description":"Left Blank","count":588,"tested":11875,"color":"rgb(44,160,44)"},{"description":"Asian","count":13,"tested":212,"color":"rgb(140,86,75)"},{"description":"White","count":243,"tested":3442,"color":"rgb(31,119,180)"},{"description":"Hispanic","count":605,"tested":3977,"color":"rgb(214,39,40)"},{"description":"Other","count":48,"tested":422,"color":"rgb(148,103,189)"}],"gender":[{"description":"Female","count":886,"tested":13271,"color":"rgb(255,127,14)"},{"description":"Male","count":799,"tested":9907,"color":"rgb(31,119,180)"},{"description":"Unknown/Left Blank","count":29,"tested":494,"color":"rgb(44,160,44)"}]}
