{"age":[{"age_group":"<20","count":387,"tested":3173},{"age_group":"20-29   ","count":307,"tested":2825},{"age_group":"30-39   ","count":298,"tested":3520},{"age_group":"40-49   ","count":365,"tested":3808},{"age_group":"50-59   ","count":318,"tested":3234},{"age_group":"60-69   ","count":206,"tested":2731},{"age_group":"70-79   ","count":139,"tested":1960},{"age_group":"80+","count":88,"tested":1186}],"race":[{"description":"Black","count":35,"tested":332,"color":"rgb(255,127,14)"},{"description":"Asian","count":148,"tested":1477,"color":"rgb(140,86,75)"},{"description":"Hispanic","count":269,"tested":1318,"color":"rgb(214,39,40)"},{"description":"Left Blank","count":608,"tested":9801,"color":"rgb(44,160,44)"},{"description":"White","count":961,"tested":9031,"color":"rgb(31,119,180)"},{"description":"Other","count":82,"tested":446,"color":"rgb(148,103,189)"},{"description":"NH/PI*","count":6,"tested":23,"color":"rgb(127,127,127)"}],"gender":[{"description":"Female","count":1085,"tested":12421,"color":"rgb(255,127,14)"},{"description":"Male","count":1004,"tested":9688,"color":"rgb(31,119,180)"},{"description":"Unknown/Left Blank","count":20,"tested":336,"color":"rgb(44,160,44)"}]}
