{"age":[{"age_group":"<20","count":771,"tested":5645},{"age_group":"20-29   ","count":1043,"tested":10122},{"age_group":"30-39   ","count":913,"tested":10614},{"age_group":"40-49   ","count":811,"tested":9242},{"age_group":"50-59   ","count":827,"tested":10484},{"age_group":"60-69   ","count":570,"tested":9952},{"age_group":"70-79   ","count":341,"tested":5849},{"age_group":"80+","count":292,"tested":5395}],"race":[{"description":"Asian","count":68,"tested":1360,"color":"rgb(140,86,75)"},{"description":"Hispanic","count":928,"tested":5787,"color":"rgb(214,39,40)"},{"description":"Black","count":371,"tested":8221,"color":"rgb(255,127,14)"},{"description":"White","count":1697,"tested":19266,"color":"rgb(31,119,180)"},{"description":"Other","count":317,"tested":2219,"color":"rgb(148,103,189)"},{"description":"Left Blank","count":2174,"tested":30353,"color":"rgb(44,160,44)"},{"description":"AI/AN**","count":8,"tested":57,"color":"rgb(31,119,180)"},{"description":"NH/PI*","count":8,"tested":55,"color":"rgb(127,127,127)"}],"gender":[{"description":"Unknown/Left Blank","count":49,"tested":1205,"color":"rgb(44,160,44)"},{"description":"Male","count":2584,"tested":26992,"color":"rgb(31,119,180)"},{"description":"Female","count":2938,"tested":39121,"color":"rgb(255,127,14)"}]}
