{"age":[{"age_group":"<20","count":274,"tested":4916},{"age_group":"20-29   ","count":863,"tested":21845},{"age_group":"30-39   ","count":938,"tested":25714},{"age_group":"40-49   ","count":627,"tested":14660},{"age_group":"50-59   ","count":574,"tested":15690},{"age_group":"60-69   ","count":447,"tested":11427},{"age_group":"70-79   ","count":294,"tested":5718},{"age_group":"80+","count":258,"tested":6526}],"race":[{"description":"Asian","count":288,"tested":4321,"color":"rgb(140,86,75)"},{"description":"Hispanic","count":536,"tested":4685,"color":"rgb(214,39,40)"},{"description":"Black","count":544,"tested":8614,"color":"rgb(255,127,14)"},{"description":"White","count":1395,"tested":30683,"color":"rgb(31,119,180)"},{"description":"Other","count":223,"tested":3764,"color":"rgb(148,103,189)"},{"description":"Left Blank","count":1276,"tested":54456,"color":"rgb(44,160,44)"},{"description":"AI/AN**","count":7,"tested":63,"color":"rgb(31,119,180)"}],"gender":[{"description":"Female","count":1929,"tested":52333,"color":"rgb(255,127,14)"},{"description":"Male","count":2139,"tested":49522,"color":"rgb(31,119,180)"},{"description":"Unknown/Left Blank","count":207,"tested":4845,"color":"rgb(44,160,44)"}]}
