{"age":[{"age_group":"<20","count":460,"tested":4953},{"age_group":"20-29   ","count":578,"tested":7627},{"age_group":"30-39   ","count":432,"tested":6116},{"age_group":"40-49   ","count":408,"tested":5678},{"age_group":"50-59   ","count":524,"tested":7564},{"age_group":"60-69   ","count":317,"tested":5954},{"age_group":"70-79   ","count":122,"tested":2507},{"age_group":"80+","count":124,"tested":2119}],"race":[{"description":"Other","count":218,"tested":1760,"color":"rgb(148,103,189)"},{"description":"Left Blank","count":636,"tested":13429,"color":"rgb(44,160,44)"},{"description":"White","count":1114,"tested":17139,"color":"rgb(31,119,180)"},{"description":"Asian","count":127,"tested":2631,"color":"rgb(140,86,75)"},{"description":"Hispanic","count":638,"tested":4469,"color":"rgb(214,39,40)"},{"description":"Black","count":210,"tested":2829,"color":"rgb(255,127,14)"},{"description":"NH/PI*","count":17,"tested":223,"color":"rgb(127,127,127)"}],"gender":[{"description":"Female","count":1546,"tested":23963,"color":"rgb(255,127,14)"},{"description":"Male","count":1372,"tested":18065,"color":"rgb(31,119,180)"},{"description":"Unknown/Left Blank","count":47,"tested":496,"color":"rgb(44,160,44)"}]}
