{"age":[{"age_group":"<20","count":11,"tested":100},{"age_group":"20-29   ","count":9,"tested":63},{"age_group":"30-39   ","count":6,"tested":73},{"age_group":"40-49   ","count":11,"tested":66}],"race":[{"description":"White","count":44,"tested":534,"color":"rgb(31,119,180)"},{"description":"Left Blank","count":8,"tested":102,"color":"rgb(44,160,44)"}],"gender":[{"description":"Female","count":28,"tested":389,"color":"rgb(255,127,14)"},{"description":"Male","count":27,"tested":267,"color":"rgb(31,119,180)"}]}
