{"age":[{"age_group":"<20","count":216,"tested":2071},{"age_group":"20-29   ","count":303,"tested":4681},{"age_group":"30-39   ","count":267,"tested":4744},{"age_group":"40-49   ","count":280,"tested":5333},{"age_group":"50-59   ","count":333,"tested":7557},{"age_group":"60-69   ","count":261,"tested":8167},{"age_group":"70-79   ","count":117,"tested":3558},{"age_group":"80+","count":63,"tested":2127}],"race":[{"description":"Black","count":1052,"tested":12057,"color":"rgb(255,127,14)"},{"description":"Hispanic","count":76,"tested":333,"color":"rgb(214,39,40)"},{"description":"White","count":35,"tested":579,"color":"rgb(31,119,180)"},{"description":"Other","count":25,"tested":297,"color":"rgb(148,103,189)"},{"description":"Left Blank","count":652,"tested":24948,"color":"rgb(44,160,44)"}],"gender":[{"description":"Female","count":1065,"tested":21862,"color":"rgb(255,127,14)"},{"description":"Unknown/Left Blank","count":30,"tested":660,"color":"rgb(44,160,44)"},{"description":"Male","count":745,"tested":15745,"color":"rgb(31,119,180)"}]}
