{"age":[{"age_group":"<20","count":533,"tested":3322},{"age_group":"20-29   ","count":684,"tested":4935},{"age_group":"30-39   ","count":626,"tested":4199},{"age_group":"40-49   ","count":611,"tested":3735},{"age_group":"50-59   ","count":489,"tested":3382},{"age_group":"60-69   ","count":294,"tested":2907},{"age_group":"70-79   ","count":134,"tested":2151},{"age_group":"80+","count":80,"tested":2144}],"race":[{"description":"Other","count":178,"tested":1384,"color":"rgb(148,103,189)"},{"description":"Left Blank","count":975,"tested":11381,"color":"rgb(44,160,44)"},{"description":"White","count":618,"tested":5822,"color":"rgb(31,119,180)"},{"description":"Black","count":100,"tested":1022,"color":"rgb(255,127,14)"},{"description":"Asian","count":16,"tested":202,"color":"rgb(140,86,75)"},{"description":"Hispanic","count":1561,"tested":6983,"color":"rgb(214,39,40)"}],"gender":[{"description":"Female","count":1729,"tested":14837,"color":"rgb(255,127,14)"},{"description":"Male","count":1695,"tested":11594,"color":"rgb(31,119,180)"},{"description":"Unknown/Left Blank","count":28,"tested":390,"color":"rgb(44,160,44)"}]}
