{"age":[{"age_group":"<20","count":273,"tested":2637},{"age_group":"20-29   ","count":348,"tested":4948},{"age_group":"30-39   ","count":313,"tested":5097},{"age_group":"40-49   ","count":352,"tested":4941},{"age_group":"50-59   ","count":362,"tested":5973},{"age_group":"60-69   ","count":368,"tested":5987},{"age_group":"70-79   ","count":237,"tested":4099},{"age_group":"80+","count":188,"tested":4049}],"race":[{"description":"Left Blank","count":574,"tested":24308,"color":"rgb(44,160,44)"},{"description":"White","count":1226,"tested":9161,"color":"rgb(31,119,180)"},{"description":"Hispanic","count":286,"tested":1143,"color":"rgb(214,39,40)"},{"description":"Asian","count":203,"tested":1552,"color":"rgb(140,86,75)"},{"description":"Black","count":65,"tested":765,"color":"rgb(255,127,14)"},{"description":"AI/AN**","count":6,"tested":27,"color":"rgb(31,119,180)"},{"description":"Other","count":77,"tested":755,"color":"rgb(148,103,189)"}],"gender":[{"description":"Female","count":1246,"tested":21524,"color":"rgb(255,127,14)"},{"description":"Male","count":1184,"tested":15268,"color":"rgb(31,119,180)"}]}
