{"age":[{"age_group":"<20","count":449,"tested":2625},{"age_group":"20-29   ","count":618,"tested":4977},{"age_group":"30-39   ","count":524,"tested":3843},{"age_group":"40-49   ","count":479,"tested":3999},{"age_group":"50-59   ","count":421,"tested":4097},{"age_group":"60-69   ","count":314,"tested":3427},{"age_group":"70-79   ","count":155,"tested":2360},{"age_group":"80+","count":86,"tested":1856}],"race":[{"description":"White","count":891,"tested":7518,"color":"rgb(31,119,180)"},{"description":"Left Blank","count":869,"tested":12809,"color":"rgb(44,160,44)"},{"description":"Hispanic","count":1025,"tested":4540,"color":"rgb(214,39,40)"},{"description":"Other","count":132,"tested":1123,"color":"rgb(148,103,189)"},{"description":"Asian","count":63,"tested":402,"color":"rgb(140,86,75)"},{"description":"Black","count":61,"tested":752,"color":"rgb(255,127,14)"}],"gender":[{"description":"Unknown/Left Blank","count":28,"tested":340,"color":"rgb(44,160,44)"},{"description":"Female","count":1601,"tested":15538,"color":"rgb(255,127,14)"},{"description":"Male","count":1417,"tested":11313,"color":"rgb(31,119,180)"}]}
