{"age":[{"age_group":"<20","count":251,"tested":1097},{"age_group":"20-29   ","count":313,"tested":4793},{"age_group":"30-39   ","count":140,"tested":1348},{"age_group":"40-49   ","count":24,"tested":231},{"age_group":"50-59   ","count":21,"tested":157},{"age_group":"60-69   ","count":13,"tested":137}],"race":[{"description":"Black","count":153,"tested":454,"color":"rgb(255,127,14)"},{"description":"Hispanic","count":97,"tested":278,"color":"rgb(214,39,40)"},{"description":"Asian","count":38,"tested":271,"color":"rgb(140,86,75)"},{"description":"Other","count":37,"tested":88,"color":"rgb(148,103,189)"},{"description":"Left Blank","count":72,"tested":4081,"color":"rgb(44,160,44)"},{"description":"White","count":362,"tested":2608,"color":"rgb(31,119,180)"}],"gender":[{"description":"Male","count":529,"tested":4847,"color":"rgb(31,119,180)"},{"description":"Female","count":237,"tested":2928,"color":"rgb(255,127,14)"}]}
