{"age":[{"age_group":"<20","count":220,"tested":1456},{"age_group":"20-29   ","count":334,"tested":2780},{"age_group":"30-39   ","count":285,"tested":2665},{"age_group":"40-49   ","count":269,"tested":2476},{"age_group":"50-59   ","count":250,"tested":2527},{"age_group":"60-69   ","count":159,"tested":2739},{"age_group":"70-79   ","count":120,"tested":1828},{"age_group":"80+","count":150,"tested":1506}],"race":[{"description":"Black","count":348,"tested":3216,"color":"rgb(255,127,14)"},{"description":"Hispanic","count":535,"tested":2116,"color":"rgb(214,39,40)"},{"description":"White","count":341,"tested":4035,"color":"rgb(31,119,180)"},{"description":"Left Blank","count":449,"tested":7571,"color":"rgb(44,160,44)"},{"description":"Other","count":81,"tested":864,"color":"rgb(148,103,189)"},{"description":"AI/AN**","count":25,"tested":77,"color":"rgb(31,119,180)"}],"gender":[{"description":"Female","count":996,"tested":10545,"color":"rgb(255,127,14)"},{"description":"Male","count":785,"tested":6954,"color":"rgb(31,119,180)"}]}
