{"age":[{"age_group":"<20","count":153,"tested":1909},{"age_group":"20-29   ","count":164,"tested":2063},{"age_group":"30-39   ","count":146,"tested":2154},{"age_group":"40-49   ","count":156,"tested":2269},{"age_group":"50-59   ","count":177,"tested":2375},{"age_group":"60-69   ","count":118,"tested":1816},{"age_group":"70-79   ","count":47,"tested":856},{"age_group":"80+","count":16,"tested":275}],"race":[{"description":"Hispanic","count":48,"tested":441,"color":"rgb(214,39,40)"},{"description":"Left Blank","count":352,"tested":6778,"color":"rgb(44,160,44)"},{"description":"Asian","count":123,"tested":1739,"color":"rgb(140,86,75)"},{"description":"White","count":388,"tested":4164,"color":"rgb(31,119,180)"},{"description":"Black","count":24,"tested":254,"color":"rgb(255,127,14)"},{"description":"Other","count":35,"tested":311,"color":"rgb(148,103,189)"}],"gender":[{"description":"Female","count":481,"tested":7435,"color":"rgb(255,127,14)"},{"description":"Male","count":492,"tested":6133,"color":"rgb(31,119,180)"}]}
