{"age":[{"age_group":"<20","count":52,"tested":419},{"age_group":"20-29   ","count":62,"tested":917},{"age_group":"30-39   ","count":48,"tested":1402},{"age_group":"40-49   ","count":60,"tested":1484},{"age_group":"50-59   ","count":50,"tested":2110},{"age_group":"60-69   ","count":40,"tested":2107},{"age_group":"70-79   ","count":15,"tested":478},{"age_group":"80+","count":10,"tested":268}],"race":[{"description":"Black","count":207,"tested":5639,"color":"rgb(255,127,14)"},{"description":"White","count":8,"tested":728,"color":"rgb(31,119,180)"},{"description":"Hispanic","count":15,"tested":194,"color":"rgb(214,39,40)"},{"description":"Left Blank","count":103,"tested":2529,"color":"rgb(44,160,44)"}],"gender":[{"description":"Male","count":173,"tested":5037,"color":"rgb(31,119,180)"},{"description":"Female","count":162,"tested":4136,"color":"rgb(255,127,14)"}]}
