{"age":[{"age_group":"<20","count":1229,"tested":7821},{"age_group":"20-29   ","count":1555,"tested":12817},{"age_group":"30-39   ","count":1451,"tested":12559},{"age_group":"40-49   ","count":1496,"tested":11301},{"age_group":"50-59   ","count":1189,"tested":9968},{"age_group":"60-69   ","count":681,"tested":7605},{"age_group":"70-79   ","count":341,"tested":4316},{"age_group":"80+","count":147,"tested":2193}],"race":[{"description":"Hispanic","count":3742,"tested":18135,"color":"rgb(214,39,40)"},{"description":"Left Blank","count":2012,"tested":25652,"color":"rgb(44,160,44)"},{"description":"Other","count":619,"tested":5520,"color":"rgb(148,103,189)"},{"description":"White","count":1290,"tested":15161,"color":"rgb(31,119,180)"},{"description":"Black","count":346,"tested":3238,"color":"rgb(255,127,14)"},{"description":"Asian","count":78,"tested":811,"color":"rgb(140,86,75)"}],"gender":[{"description":"Male","count":3792,"tested":29061,"color":"rgb(31,119,180)"},{"description":"Female","count":4231,"tested":37896,"color":"rgb(255,127,14)"},{"description":"Unknown/Left Blank","count":68,"tested":1645,"color":"rgb(44,160,44)"}]}
