{"lastUpdatedDate":{"year":2021,"month":9,"day":15},"county_demographics":[{"County":"Woodford","confirmed_cases":5482,"total_tested":93481,"demographics":{"age":[{"race":[],"age_group":"<20","count":1168,"tested":17175,"deaths":0},{"race":[],"age_group":"20-29   ","count":719,"tested":12481,"deaths":0},{"race":[],"age_group":"30-39   ","count":753,"tested":11810,"deaths":0},{"race":[],"age_group":"40-49   ","count":764,"tested":11365,"deaths":0},{"race":[],"age_group":"50-59   ","count":797,"tested":12051,"deaths":0},{"race":[],"age_group":"60-69   ","count":639,"tested":10015,"deaths":0},{"race":[],"age_group":"70-79   ","count":336,"tested":6548,"deaths":0},{"race":[],"age_group":"80+","count":306,"tested":12006,"deaths":0},{"race":[],"age_group":"Unknown","count":0,"tested":30,"deaths":0}],"race":[{"description":"AI/AN**","count":0,"tested":61,"deaths":0,"color":"rgb(31,119,180)"},{"description":"Asian","count":11,"tested":320,"deaths":0,"color":"rgb(140,86,75)"},{"description":"Black","count":29,"tested":864,"deaths":0,"color":"rgb(255,127,14)"},{"description":"Hispanic","count":38,"tested":650,"deaths":0,"color":"rgb(214,39,40)"},{"description":"Left Blank","count":1892,"tested":30844,"deaths":0,"color":"rgb(44,160,44)"},{"description":"NH/PI*","count":0,"tested":16,"deaths":0,"color":"rgb(127,127,127)"},{"description":"Other","count":108,"tested":3035,"deaths":0,"color":"rgb(148,103,189)"},{"description":"White","count":3395,"tested":57691,"deaths":0,"color":"rgb(31,119,180)"}],"gender":[{"description":"Female","count":2801,"tested":56786,"deaths":0,"color":"rgb(255,127,14)"},{"description":"Male","count":2613,"tested":34195,"deaths":0,"color":"rgb(31,119,180)"},{"description":"Unknown/Left Blank","count":64,"tested":2500,"deaths":0,"color":"rgb(44,160,44)"}]}}]}
