{"lastUpdatedDate":{"year":2021,"month":9,"day":15},"county_demographics":[{"County":"Moultrie","confirmed_cases":2067,"total_tested":33310,"demographics":{"age":[{"race":[],"age_group":"<20","count":388,"tested":5262,"deaths":0},{"race":[],"age_group":"20-29   ","count":245,"tested":4788,"deaths":0},{"race":[],"age_group":"30-39   ","count":271,"tested":4454,"deaths":0},{"race":[],"age_group":"40-49   ","count":236,"tested":4461,"deaths":0},{"race":[],"age_group":"50-59   ","count":315,"tested":4606,"deaths":0},{"race":[],"age_group":"60-69   ","count":280,"tested":4225,"deaths":0},{"race":[],"age_group":"70-79   ","count":175,"tested":2717,"deaths":0},{"race":[],"age_group":"80+","count":157,"tested":2611,"deaths":0},{"race":[],"age_group":"Unknown","count":0,"tested":186,"deaths":0}],"race":[{"description":"AI/AN**","count":0,"tested":8,"deaths":0,"color":"rgb(31,119,180)"},{"description":"Asian","count":0,"tested":58,"deaths":0,"color":"rgb(140,86,75)"},{"description":"Black","count":14,"tested":323,"deaths":0,"color":"rgb(255,127,14)"},{"description":"Hispanic","count":15,"tested":155,"deaths":0,"color":"rgb(214,39,40)"},{"description":"Left Blank","count":531,"tested":10752,"deaths":0,"color":"rgb(44,160,44)"},{"description":"NH/PI*","count":0,"tested":21,"deaths":0,"color":"rgb(127,127,127)"},{"description":"Other","count":27,"tested":420,"deaths":0,"color":"rgb(148,103,189)"},{"description":"White","count":1473,"tested":21573,"deaths":0,"color":"rgb(31,119,180)"}],"gender":[{"description":"Female","count":1079,"tested":20789,"deaths":0,"color":"rgb(255,127,14)"},{"description":"Male","count":972,"tested":11261,"deaths":0,"color":"rgb(31,119,180)"},{"description":"Unknown/Left Blank","count":16,"tested":1260,"deaths":0,"color":"rgb(44,160,44)"}]}}]}
