{"lastUpdatedDate":{"year":2021,"month":9,"day":15},"county_demographics":[{"County":"Massac","confirmed_cases":1926,"total_tested":17908,"demographics":{"age":[{"race":[],"age_group":"<20","count":358,"tested":2215,"deaths":0},{"race":[],"age_group":"20-29   ","count":254,"tested":2449,"deaths":0},{"race":[],"age_group":"30-39   ","count":233,"tested":2180,"deaths":0},{"race":[],"age_group":"40-49   ","count":242,"tested":2727,"deaths":0},{"race":[],"age_group":"50-59   ","count":290,"tested":2547,"deaths":0},{"race":[],"age_group":"60-69   ","count":235,"tested":2056,"deaths":0},{"race":[],"age_group":"70-79   ","count":170,"tested":1603,"deaths":0},{"race":[],"age_group":"80+","count":140,"tested":2129,"deaths":0},{"race":[],"age_group":"Unknown","count":0,"tested":0,"deaths":0}],"race":[{"description":"AI/AN**","count":0,"tested":12,"deaths":0,"color":"rgb(31,119,180)"},{"description":"Asian","count":0,"tested":14,"deaths":0,"color":"rgb(140,86,75)"},{"description":"Black","count":44,"tested":515,"deaths":0,"color":"rgb(255,127,14)"},{"description":"Hispanic","count":9,"tested":84,"deaths":0,"color":"rgb(214,39,40)"},{"description":"Left Blank","count":911,"tested":10110,"deaths":0,"color":"rgb(44,160,44)"},{"description":"NH/PI*","count":0,"tested":0,"deaths":0,"color":"rgb(127,127,127)"},{"description":"Other","count":0,"tested":80,"deaths":0,"color":"rgb(148,103,189)"},{"description":"White","count":951,"tested":7090,"deaths":0,"color":"rgb(31,119,180)"}],"gender":[{"description":"Female","count":1022,"tested":10684,"deaths":0,"color":"rgb(255,127,14)"},{"description":"Male","count":876,"tested":6466,"deaths":0,"color":"rgb(31,119,180)"},{"description":"Unknown/Left Blank","count":28,"tested":758,"deaths":0,"color":"rgb(44,160,44)"}]}}]}
