{"lastUpdatedDate":{"year":2021,"month":9,"day":15},"county_demographics":[{"County":"Monroe","confirmed_cases":5010,"total_tested":52163,"demographics":{"age":[{"race":[],"age_group":"<20","count":913,"tested":8418,"deaths":0},{"race":[],"age_group":"20-29   ","count":663,"tested":6404,"deaths":0},{"race":[],"age_group":"30-39   ","count":707,"tested":6602,"deaths":0},{"race":[],"age_group":"40-49   ","count":721,"tested":5871,"deaths":0},{"race":[],"age_group":"50-59   ","count":849,"tested":7173,"deaths":0},{"race":[],"age_group":"60-69   ","count":610,"tested":6227,"deaths":0},{"race":[],"age_group":"70-79   ","count":276,"tested":3456,"deaths":0},{"race":[],"age_group":"80+","count":270,"tested":7981,"deaths":0},{"race":[],"age_group":"Unknown","count":0,"tested":31,"deaths":0}],"race":[{"description":"AI/AN**","count":0,"tested":16,"deaths":0,"color":"rgb(31,119,180)"},{"description":"Asian","count":0,"tested":103,"deaths":0,"color":"rgb(140,86,75)"},{"description":"Black","count":12,"tested":656,"deaths":0,"color":"rgb(255,127,14)"},{"description":"Hispanic","count":25,"tested":316,"deaths":0,"color":"rgb(214,39,40)"},{"description":"Left Blank","count":2584,"tested":22691,"deaths":0,"color":"rgb(44,160,44)"},{"description":"NH/PI*","count":0,"tested":6,"deaths":0,"color":"rgb(127,127,127)"},{"description":"Other","count":34,"tested":486,"deaths":0,"color":"rgb(148,103,189)"},{"description":"White","count":2346,"tested":27889,"deaths":0,"color":"rgb(31,119,180)"}],"gender":[{"description":"Female","count":2642,"tested":33234,"deaths":0,"color":"rgb(255,127,14)"},{"description":"Male","count":2349,"tested":18226,"deaths":0,"color":"rgb(31,119,180)"},{"description":"Unknown/Left Blank","count":18,"tested":703,"deaths":0,"color":"rgb(44,160,44)"}]}}]}
