{"lastUpdatedDate":{"year":2021,"month":9,"day":15},"county_demographics":[{"County":"Iroquois","confirmed_cases":3891,"total_tested":65695,"demographics":{"age":[{"race":[],"age_group":"<20","count":690,"tested":9731,"deaths":0},{"race":[],"age_group":"20-29   ","count":540,"tested":8154,"deaths":0},{"race":[],"age_group":"30-39   ","count":512,"tested":8205,"deaths":0},{"race":[],"age_group":"40-49   ","count":516,"tested":6693,"deaths":0},{"race":[],"age_group":"50-59   ","count":578,"tested":8837,"deaths":0},{"race":[],"age_group":"60-69   ","count":500,"tested":8218,"deaths":0},{"race":[],"age_group":"70-79   ","count":325,"tested":6070,"deaths":0},{"race":[],"age_group":"80+","count":230,"tested":9753,"deaths":0},{"race":[],"age_group":"Unknown","count":0,"tested":34,"deaths":0}],"race":[{"description":"AI/AN**","count":0,"tested":18,"deaths":0,"color":"rgb(31,119,180)"},{"description":"Asian","count":0,"tested":135,"deaths":0,"color":"rgb(140,86,75)"},{"description":"Black","count":44,"tested":880,"deaths":0,"color":"rgb(255,127,14)"},{"description":"Hispanic","count":288,"tested":2060,"deaths":0,"color":"rgb(214,39,40)"},{"description":"Left Blank","count":478,"tested":19794,"deaths":0,"color":"rgb(44,160,44)"},{"description":"NH/PI*","count":0,"tested":19,"deaths":0,"color":"rgb(127,127,127)"},{"description":"Other","count":78,"tested":973,"deaths":0,"color":"rgb(148,103,189)"},{"description":"White","count":2990,"tested":41816,"deaths":0,"color":"rgb(31,119,180)"}],"gender":[{"description":"Female","count":2102,"tested":42297,"deaths":0,"color":"rgb(255,127,14)"},{"description":"Male","count":1740,"tested":22648,"deaths":0,"color":"rgb(31,119,180)"},{"description":"Unknown/Left Blank","count":49,"tested":750,"deaths":0,"color":"rgb(44,160,44)"}]}}]}
