{"lastUpdatedDate":{"year":2021,"month":9,"day":15},"county_demographics":[{"County":"Stephenson","confirmed_cases":5340,"total_tested":73902,"demographics":{"age":[{"race":[],"age_group":"<20","count":900,"tested":9412,"deaths":0},{"race":[],"age_group":"20-29   ","count":779,"tested":10289,"deaths":0},{"race":[],"age_group":"30-39   ","count":805,"tested":9824,"deaths":0},{"race":[],"age_group":"40-49   ","count":673,"tested":7559,"deaths":0},{"race":[],"age_group":"50-59   ","count":837,"tested":10714,"deaths":0},{"race":[],"age_group":"60-69   ","count":667,"tested":9442,"deaths":0},{"race":[],"age_group":"70-79   ","count":361,"tested":6467,"deaths":0},{"race":[],"age_group":"80+","count":318,"tested":10177,"deaths":0},{"race":[],"age_group":"Unknown","count":0,"tested":18,"deaths":0}],"race":[{"description":"AI/AN**","count":0,"tested":59,"deaths":0,"color":"rgb(31,119,180)"},{"description":"Asian","count":25,"tested":204,"deaths":0,"color":"rgb(140,86,75)"},{"description":"Black","count":374,"tested":3972,"deaths":0,"color":"rgb(255,127,14)"},{"description":"Hispanic","count":170,"tested":1025,"deaths":0,"color":"rgb(214,39,40)"},{"description":"Left Blank","count":1114,"tested":31053,"deaths":0,"color":"rgb(44,160,44)"},{"description":"NH/PI*","count":0,"tested":25,"deaths":0,"color":"rgb(127,127,127)"},{"description":"Other","count":67,"tested":1074,"deaths":0,"color":"rgb(148,103,189)"},{"description":"White","count":3582,"tested":36490,"deaths":0,"color":"rgb(31,119,180)"}],"gender":[{"description":"Female","count":2891,"tested":48464,"deaths":0,"color":"rgb(255,127,14)"},{"description":"Male","count":2411,"tested":24308,"deaths":0,"color":"rgb(31,119,180)"},{"description":"Unknown/Left Blank","count":35,"tested":1130,"deaths":0,"color":"rgb(44,160,44)"}]}}]}
