{"lastUpdatedDate":{"year":2021,"month":9,"day":15},"county_demographics":[{"County":"Richland","confirmed_cases":2540,"total_tested":37805,"demographics":{"age":[{"race":[],"age_group":"<20","count":451,"tested":5179,"deaths":0},{"race":[],"age_group":"20-29   ","count":365,"tested":5440,"deaths":0},{"race":[],"age_group":"30-39   ","count":354,"tested":5781,"deaths":0},{"race":[],"age_group":"40-49   ","count":346,"tested":5219,"deaths":0},{"race":[],"age_group":"50-59   ","count":345,"tested":5190,"deaths":0},{"race":[],"age_group":"60-69   ","count":288,"tested":4312,"deaths":0},{"race":[],"age_group":"70-79   ","count":196,"tested":2958,"deaths":0},{"race":[],"age_group":"80+","count":195,"tested":3718,"deaths":0},{"race":[],"age_group":"Unknown","count":0,"tested":8,"deaths":0}],"race":[{"description":"AI/AN**","count":0,"tested":9,"deaths":0,"color":"rgb(31,119,180)"},{"description":"Asian","count":7,"tested":120,"deaths":0,"color":"rgb(140,86,75)"},{"description":"Black","count":17,"tested":239,"deaths":0,"color":"rgb(255,127,14)"},{"description":"Hispanic","count":11,"tested":200,"deaths":0,"color":"rgb(214,39,40)"},{"description":"Left Blank","count":222,"tested":10947,"deaths":0,"color":"rgb(44,160,44)"},{"description":"NH/PI*","count":0,"tested":34,"deaths":0,"color":"rgb(127,127,127)"},{"description":"Other","count":8,"tested":203,"deaths":0,"color":"rgb(148,103,189)"},{"description":"White","count":2269,"tested":26053,"deaths":0,"color":"rgb(31,119,180)"}],"gender":[{"description":"Female","count":1393,"tested":21645,"deaths":0,"color":"rgb(255,127,14)"},{"description":"Male","count":1127,"tested":13287,"deaths":0,"color":"rgb(31,119,180)"},{"description":"Unknown/Left Blank","count":17,"tested":2873,"deaths":0,"color":"rgb(44,160,44)"}]}}]}
