{"age":[{"age_group":"<20","count":109,"tested":1012},{"age_group":"20-29   ","count":129,"tested":1294},{"age_group":"30-39   ","count":85,"tested":894},{"age_group":"40-49   ","count":130,"tested":914},{"age_group":"50-59   ","count":117,"tested":1088},{"age_group":"60-69   ","count":120,"tested":1541},{"age_group":"70-79   ","count":64,"tested":1394},{"age_group":"80+","count":70,"tested":2595}],"race":[{"description":"White","count":368,"tested":3999,"color":"rgb(31,119,180)"},{"description":"Other","count":29,"tested":267,"color":"rgb(148,103,189)"},{"description":"Left Blank","count":371,"tested":6036,"color":"rgb(44,160,44)"},{"description":"Black","count":8,"tested":53,"color":"rgb(255,127,14)"},{"description":"Hispanic","count":41,"tested":260,"color":"rgb(214,39,40)"},{"description":"Asian","count":6,"tested":112,"color":"rgb(140,86,75)"}],"gender":[{"description":"Female","count":454,"tested":6503,"color":"rgb(255,127,14)"},{"description":"Male","count":362,"tested":4176,"color":"rgb(31,119,180)"}]}
