{"age":[{"age_group":"<20","count":11,"tested":165},{"age_group":"20-29   ","count":12,"tested":264},{"age_group":"30-39   ","count":16,"tested":227},{"age_group":"40-49   ","count":9,"tested":156},{"age_group":"50-59   ","count":12,"tested":174},{"age_group":"60-69   ","count":19,"tested":209},{"age_group":"70-79   ","count":15,"tested":113},{"age_group":"80+","count":28,"tested":124}],"race":[{"description":"Left Blank","count":43,"tested":698,"color":"rgb(44,160,44)"},{"description":"White","count":74,"tested":681,"color":"rgb(31,119,180)"}],"gender":[{"description":"Male","count":50,"tested":536,"color":"rgb(31,119,180)"},{"description":"Female","count":72,"tested":892,"color":"rgb(255,127,14)"}]}
