{"age":[{"age_group":"<20","count":375,"tested":3137},{"age_group":"20-29   ","count":491,"tested":4290},{"age_group":"30-39   ","count":320,"tested":3409},{"age_group":"40-49   ","count":410,"tested":3814},{"age_group":"50-59   ","count":464,"tested":4223},{"age_group":"60-69   ","count":302,"tested":2970},{"age_group":"70-79   ","count":126,"tested":1408},{"age_group":"80+","count":47,"tested":602}],"race":[{"description":"Asian","count":51,"tested":745,"color":"rgb(140,86,75)"},{"description":"Left Blank","count":995,"tested":11016,"color":"rgb(44,160,44)"},{"description":"Other","count":105,"tested":913,"color":"rgb(148,103,189)"},{"description":"White","count":1168,"tested":9469,"color":"rgb(31,119,180)"},{"description":"Black","count":71,"tested":809,"color":"rgb(255,127,14)"},{"description":"Hispanic","count":142,"tested":853,"color":"rgb(214,39,40)"}],"gender":[{"description":"Unknown/Left Blank","count":18,"tested":383,"color":"rgb(44,160,44)"},{"description":"Male","count":1196,"tested":10424,"color":"rgb(31,119,180)"},{"description":"Female","count":1321,"tested":13048,"color":"rgb(255,127,14)"}]}
