{"age":[{"age_group":"<20","count":111,"tested":680},{"age_group":"20-29   ","count":102,"tested":795},{"age_group":"30-39   ","count":70,"tested":782},{"age_group":"40-49   ","count":98,"tested":686},{"age_group":"50-59   ","count":120,"tested":1105},{"age_group":"60-69   ","count":79,"tested":751},{"age_group":"70-79   ","count":40,"tested":430},{"age_group":"80+","count":18,"tested":181}],"race":[{"description":"Left Blank","count":214,"tested":1777,"color":"rgb(44,160,44)"},{"description":"Other","count":9,"tested":146,"color":"rgb(148,103,189)"},{"description":"Hispanic","count":38,"tested":159,"color":"rgb(214,39,40)"},{"description":"White","count":373,"tested":3259,"color":"rgb(31,119,180)"}],"gender":[{"description":"Female","count":338,"tested":3074,"color":"rgb(255,127,14)"},{"description":"Male","count":297,"tested":2278,"color":"rgb(31,119,180)"}]}
