{"age":[{"age_group":"<20","count":11,"tested":177},{"age_group":"20-29   ","count":10,"tested":150},{"age_group":"40-49   ","count":10,"tested":161},{"age_group":"60-69   ","count":13,"tested":192}],"race":[{"description":"Left Blank","count":10,"tested":341,"color":"rgb(44,160,44)"},{"description":"White","count":50,"tested":737,"color":"rgb(31,119,180)"}],"gender":[{"description":"Female","count":27,"tested":643,"color":"rgb(255,127,14)"},{"description":"Male","count":36,"tested":474,"color":"rgb(31,119,180)"}]}
