{"age":[{"age_group":"<20","count":692,"tested":5716},{"age_group":"20-29   ","count":919,"tested":9435},{"age_group":"30-39   ","count":848,"tested":9161},{"age_group":"40-49   ","count":854,"tested":9252},{"age_group":"50-59   ","count":785,"tested":9413},{"age_group":"60-69   ","count":564,"tested":8572},{"age_group":"70-79   ","count":293,"tested":4715},{"age_group":"80+","count":160,"tested":2697}],"race":[{"description":"NH/PI*","count":8,"tested":89,"color":"rgb(127,127,127)"},{"description":"Left Blank","count":799,"tested":22320,"color":"rgb(44,160,44)"},{"description":"Hispanic","count":2001,"tested":13185,"color":"rgb(214,39,40)"},{"description":"Black","count":312,"tested":3416,"color":"rgb(255,127,14)"},{"description":"Asian","count":90,"tested":891,"color":"rgb(140,86,75)"},{"description":"White","count":1677,"tested":16423,"color":"rgb(31,119,180)"},{"description":"Other","count":225,"tested":2619,"color":"rgb(148,103,189)"}],"gender":[{"description":"Female","count":2652,"tested":33439,"color":"rgb(255,127,14)"},{"description":"Male","count":2437,"tested":24479,"color":"rgb(31,119,180)"},{"description":"Unknown/Left Blank","count":26,"tested":1058,"color":"rgb(44,160,44)"}]}
