{"age":[{"age_group":"<20","count":769,"tested":6290},{"age_group":"20-29   ","count":999,"tested":12778},{"age_group":"30-39   ","count":882,"tested":11921},{"age_group":"40-49   ","count":929,"tested":11752},{"age_group":"50-59   ","count":830,"tested":13940},{"age_group":"60-69   ","count":572,"tested":10702},{"age_group":"70-79   ","count":292,"tested":5645},{"age_group":"80+","count":184,"tested":4488}],"race":[{"description":"Black","count":1718,"tested":23930,"color":"rgb(255,127,14)"},{"description":"Asian","count":13,"tested":182,"color":"rgb(140,86,75)"},{"description":"AI/AN**","count":37,"tested":228,"color":"rgb(31,119,180)"},{"description":"Other","count":184,"tested":2198,"color":"rgb(148,103,189)"},{"description":"White","count":668,"tested":9224,"color":"rgb(31,119,180)"},{"description":"Left Blank","count":1903,"tested":36650,"color":"rgb(44,160,44)"},{"description":"Hispanic","count":933,"tested":5054,"color":"rgb(214,39,40)"}],"gender":[{"description":"Male","count":2434,"tested":32529,"color":"rgb(31,119,180)"},{"description":"Unknown/Left Blank","count":45,"tested":1186,"color":"rgb(44,160,44)"},{"description":"Female","count":2979,"tested":43828,"color":"rgb(255,127,14)"}]}
