{"age":[{"age_group":"<20","count":174,"tested":1637},{"age_group":"20-29   ","count":147,"tested":1783},{"age_group":"30-39   ","count":113,"tested":1414},{"age_group":"40-49   ","count":162,"tested":1440},{"age_group":"50-59   ","count":181,"tested":1783},{"age_group":"60-69   ","count":103,"tested":1489},{"age_group":"70-79   ","count":41,"tested":1056},{"age_group":"80+","count":26,"tested":527}],"race":[{"description":"Left Blank","count":205,"tested":3377,"color":"rgb(44,160,44)"},{"description":"Hispanic","count":85,"tested":554,"color":"rgb(214,39,40)"},{"description":"Other","count":34,"tested":296,"color":"rgb(148,103,189)"},{"description":"White","count":603,"tested":6665,"color":"rgb(31,119,180)"},{"description":"Black","count":9,"tested":129,"color":"rgb(255,127,14)"},{"description":"Asian","count":8,"tested":97,"color":"rgb(140,86,75)"}],"gender":[{"description":"Female","count":467,"tested":5835,"color":"rgb(255,127,14)"},{"description":"Male","count":476,"tested":5200,"color":"rgb(31,119,180)"}]}
