{"age":[{"age_group":"<20","count":251,"tested":6680},{"age_group":"20-29   ","count":519,"tested":30286},{"age_group":"30-39   ","count":426,"tested":11513},{"age_group":"40-49   ","count":296,"tested":6848},{"age_group":"50-59   ","count":266,"tested":6987},{"age_group":"60-69   ","count":154,"tested":5388},{"age_group":"70-79   ","count":95,"tested":2958},{"age_group":"80+","count":74,"tested":1598}],"race":[{"description":"Asian","count":52,"tested":5640,"color":"rgb(140,86,75)"},{"description":"White","count":250,"tested":22583,"color":"rgb(31,119,180)"},{"description":"Black","count":1128,"tested":19475,"color":"rgb(255,127,14)"},{"description":"Other","count":53,"tested":1187,"color":"rgb(148,103,189)"},{"description":"Left Blank","count":509,"tested":19325,"color":"rgb(44,160,44)"},{"description":"Hispanic","count":84,"tested":3831,"color":"rgb(214,39,40)"}],"gender":[{"description":"Male","count":928,"tested":30179,"color":"rgb(31,119,180)"},{"description":"Unknown/Left Blank","count":24,"tested":1083,"color":"rgb(44,160,44)"},{"description":"Female","count":1129,"tested":41007,"color":"rgb(255,127,14)"}]}
