{"age":[{"age_group":"<20","count":173,"tested":1312},{"age_group":"20-29   ","count":307,"tested":2371},{"age_group":"30-39   ","count":271,"tested":2028},{"age_group":"40-49   ","count":204,"tested":1731},{"age_group":"50-59   ","count":266,"tested":2042},{"age_group":"60-69   ","count":194,"tested":2003},{"age_group":"70-79   ","count":96,"tested":1363},{"age_group":"80+","count":74,"tested":1862}],"race":[{"description":"Other","count":57,"tested":405,"color":"rgb(148,103,189)"},{"description":"Black","count":28,"tested":197,"color":"rgb(255,127,14)"},{"description":"Asian","count":62,"tested":347,"color":"rgb(140,86,75)"},{"description":"White","count":705,"tested":4266,"color":"rgb(31,119,180)"},{"description":"Left Blank","count":310,"tested":8033,"color":"rgb(44,160,44)"},{"description":"Hispanic","count":420,"tested":1456,"color":"rgb(214,39,40)"}],"gender":[{"description":"Female","count":804,"tested":8195,"color":"rgb(255,127,14)"},{"description":"Male","count":773,"tested":6362,"color":"rgb(31,119,180)"}]}
