{"age":[{"age_group":"<20","count":10,"tested":258},{"age_group":"20-29   ","count":10,"tested":408},{"age_group":"30-39   ","count":11,"tested":489},{"age_group":"40-49   ","count":16,"tested":346},{"age_group":"50-59   ","count":16,"tested":313},{"age_group":"60-69   ","count":13,"tested":396},{"age_group":"80+","count":12,"tested":2875}],"race":[{"description":"Left Blank","count":18,"tested":2826,"color":"rgb(44,160,44)"},{"description":"White","count":72,"tested":2898,"color":"rgb(31,119,180)"}],"gender":[{"description":"Male","count":38,"tested":1341,"color":"rgb(31,119,180)"},{"description":"Female","count":53,"tested":4366,"color":"rgb(255,127,14)"}]}
