{"age":[{"age_group":"<20","count":106,"tested":629},{"age_group":"20-29   ","count":151,"tested":903},{"age_group":"30-39   ","count":118,"tested":751},{"age_group":"40-49   ","count":127,"tested":538},{"age_group":"50-59   ","count":83,"tested":558},{"age_group":"60-69   ","count":61,"tested":374},{"age_group":"70-79   ","count":25,"tested":137},{"age_group":"80+","count":8,"tested":57}],"race":[{"description":"Black","count":16,"tested":91,"color":"rgb(255,127,14)"},{"description":"Other","count":42,"tested":285,"color":"rgb(148,103,189)"},{"description":"Hispanic","count":340,"tested":1386,"color":"rgb(214,39,40)"},{"description":"Left Blank","count":195,"tested":1565,"color":"rgb(44,160,44)"},{"description":"White","count":78,"tested":587,"color":"rgb(31,119,180)"}],"gender":[{"description":"Female","count":335,"tested":2091,"color":"rgb(255,127,14)"},{"description":"Male","count":336,"tested":1798,"color":"rgb(31,119,180)"}]}
