{"age":[{"age_group":"<20","count":462,"tested":5113},{"age_group":"20-29   ","count":584,"tested":7780},{"age_group":"30-39   ","count":436,"tested":6275},{"age_group":"40-49   ","count":413,"tested":5806},{"age_group":"50-59   ","count":528,"tested":7736},{"age_group":"60-69   ","count":319,"tested":6096},{"age_group":"70-79   ","count":124,"tested":2559},{"age_group":"80+","count":125,"tested":2146}],"race":[{"description":"Other","count":221,"tested":1793,"color":"rgb(148,103,189)"},{"description":"Left Blank","count":638,"tested":13658,"color":"rgb(44,160,44)"},{"description":"White","count":1125,"tested":17614,"color":"rgb(31,119,180)"},{"description":"Asian","count":128,"tested":2709,"color":"rgb(140,86,75)"},{"description":"Hispanic","count":645,"tested":4572,"color":"rgb(214,39,40)"},{"description":"Black","count":212,"tested":2899,"color":"rgb(255,127,14)"},{"description":"NH/PI*","count":17,"tested":227,"color":"rgb(127,127,127)"}],"gender":[{"description":"Female","count":1559,"tested":24539,"color":"rgb(255,127,14)"},{"description":"Male","count":1384,"tested":18476,"color":"rgb(31,119,180)"},{"description":"Unknown/Left Blank","count":48,"tested":502,"color":"rgb(44,160,44)"}]}
