{"age":[{"age_group":"<20","count":184,"tested":2389},{"age_group":"20-29   ","count":135,"tested":2232},{"age_group":"30-39   ","count":92,"tested":2098},{"age_group":"40-49   ","count":151,"tested":2463},{"age_group":"50-59   ","count":134,"tested":3094},{"age_group":"60-69   ","count":97,"tested":3200},{"age_group":"70-79   ","count":76,"tested":2840},{"age_group":"80+","count":119,"tested":5668}],"race":[{"description":"Other","count":117,"tested":1015,"color":"rgb(148,103,189)"},{"description":"Asian","count":93,"tested":1864,"color":"rgb(140,86,75)"},{"description":"Black","count":15,"tested":621,"color":"rgb(255,127,14)"},{"description":"Hispanic","count":69,"tested":915,"color":"rgb(214,39,40)"},{"description":"White","count":465,"tested":11303,"color":"rgb(31,119,180)"},{"description":"Left Blank","count":227,"tested":8195,"color":"rgb(44,160,44)"}],"gender":[{"description":"Female","count":514,"tested":12854,"color":"rgb(255,127,14)"},{"description":"Male","count":452,"tested":8802,"color":"rgb(31,119,180)"},{"description":"Unknown/Left Blank","count":22,"tested":2350,"color":"rgb(44,160,44)"}]}
