{"age":[{"age_group":"<20","count":364,"tested":3442},{"age_group":"20-29   ","count":461,"tested":5112},{"age_group":"30-39   ","count":439,"tested":5075},{"age_group":"40-49   ","count":436,"tested":3977},{"age_group":"50-59   ","count":440,"tested":4870},{"age_group":"60-69   ","count":333,"tested":4033},{"age_group":"70-79   ","count":158,"tested":3353},{"age_group":"80+","count":153,"tested":3818}],"race":[{"description":"Asian","count":29,"tested":340,"color":"rgb(140,86,75)"},{"description":"Black","count":19,"tested":241,"color":"rgb(255,127,14)"},{"description":"White","count":1479,"tested":16548,"color":"rgb(31,119,180)"},{"description":"Other","count":49,"tested":920,"color":"rgb(148,103,189)"},{"description":"Left Blank","count":742,"tested":13383,"color":"rgb(44,160,44)"},{"description":"Hispanic","count":461,"tested":2225,"color":"rgb(214,39,40)"}],"gender":[{"description":"Female","count":1403,"tested":19769,"color":"rgb(255,127,14)"},{"description":"Male","count":1362,"tested":13203,"color":"rgb(31,119,180)"},{"description":"Unknown/Left Blank","count":19,"tested":725,"color":"rgb(44,160,44)"}]}
