{"age":[{"age_group":"<20","count":647,"tested":6443},{"age_group":"20-29   ","count":996,"tested":10300},{"age_group":"30-39   ","count":982,"tested":12472},{"age_group":"40-49   ","count":837,"tested":9399},{"age_group":"50-59   ","count":814,"tested":8632},{"age_group":"60-69   ","count":531,"tested":7271},{"age_group":"70-79   ","count":268,"tested":3857},{"age_group":"80+","count":201,"tested":2960}],"race":[{"description":"NH/PI*","count":22,"tested":223,"color":"rgb(127,127,127)"},{"description":"AI/AN**","count":11,"tested":57,"color":"rgb(31,119,180)"},{"description":"White","count":1804,"tested":20672,"color":"rgb(31,119,180)"},{"description":"Other","count":329,"tested":3337,"color":"rgb(148,103,189)"},{"description":"Left Blank","count":940,"tested":21138,"color":"rgb(44,160,44)"},{"description":"Hispanic","count":1659,"tested":10905,"color":"rgb(214,39,40)"},{"description":"Asian","count":439,"tested":4028,"color":"rgb(140,86,75)"},{"description":"Black","count":72,"tested":984,"color":"rgb(255,127,14)"}],"gender":[{"description":"Male","count":2602,"tested":27000,"color":"rgb(31,119,180)"},{"description":"Unknown/Left Blank","count":56,"tested":1176,"color":"rgb(44,160,44)"},{"description":"Female","count":2618,"tested":33168,"color":"rgb(255,127,14)"}]}
