{"age":[{"age_group":"<20","count":408,"tested":4560},{"age_group":"20-29   ","count":463,"tested":6683},{"age_group":"30-39   ","count":478,"tested":6807},{"age_group":"40-49   ","count":493,"tested":6534},{"age_group":"50-59   ","count":508,"tested":6673},{"age_group":"60-69   ","count":339,"tested":5381},{"age_group":"70-79   ","count":187,"tested":3315},{"age_group":"80+","count":134,"tested":2732}],"race":[{"description":"Other","count":99,"tested":924,"color":"rgb(148,103,189)"},{"description":"Black","count":68,"tested":942,"color":"rgb(255,127,14)"},{"description":"White","count":1213,"tested":11984,"color":"rgb(31,119,180)"},{"description":"Asian","count":247,"tested":3184,"color":"rgb(140,86,75)"},{"description":"Left Blank","count":1077,"tested":23509,"color":"rgb(44,160,44)"},{"description":"Hispanic","count":295,"tested":2025,"color":"rgb(214,39,40)"},{"description":"AI/AN**","count":10,"tested":45,"color":"rgb(31,119,180)"}],"gender":[{"description":"Male","count":1418,"tested":16608,"color":"rgb(31,119,180)"},{"description":"Unknown/Left Blank","count":11,"tested":667,"color":"rgb(44,160,44)"},{"description":"Female","count":1582,"tested":25435,"color":"rgb(255,127,14)"}]}
