{"age":[{"age_group":"<20","count":40,"tested":366},{"age_group":"20-29   ","count":40,"tested":548},{"age_group":"30-39   ","count":25,"tested":438},{"age_group":"40-49   ","count":37,"tested":325},{"age_group":"50-59   ","count":52,"tested":513},{"age_group":"60-69   ","count":24,"tested":374},{"age_group":"70-79   ","count":17,"tested":265}],"race":[{"description":"Other","count":6,"tested":63,"color":"rgb(148,103,189)"},{"description":"Left Blank","count":46,"tested":778,"color":"rgb(44,160,44)"},{"description":"White","count":169,"tested":1955,"color":"rgb(31,119,180)"},{"description":"Hispanic","count":10,"tested":48,"color":"rgb(214,39,40)"},{"description":"Black","count":9,"tested":97,"color":"rgb(255,127,14)"}],"gender":[{"description":"Male","count":104,"tested":971,"color":"rgb(31,119,180)"},{"description":"Female","count":134,"tested":1953,"color":"rgb(255,127,14)"}]}
