{"age":[{"age_group":"<20","count":670,"tested":7779},{"age_group":"20-29   ","count":424,"tested":6589},{"age_group":"30-39   ","count":323,"tested":6586},{"age_group":"40-49   ","count":474,"tested":7323},{"age_group":"50-59   ","count":535,"tested":8477},{"age_group":"60-69   ","count":338,"tested":6135},{"age_group":"70-79   ","count":204,"tested":4658},{"age_group":"80+","count":250,"tested":8242}],"race":[{"description":"Black","count":26,"tested":379,"color":"rgb(255,127,14)"},{"description":"AI/AN**","count":7,"tested":60,"color":"rgb(31,119,180)"},{"description":"Other","count":144,"tested":1269,"color":"rgb(148,103,189)"},{"description":"Left Blank","count":822,"tested":27422,"color":"rgb(44,160,44)"},{"description":"White","count":1863,"tested":22589,"color":"rgb(31,119,180)"},{"description":"Asian","count":132,"tested":2481,"color":"rgb(140,86,75)"},{"description":"Hispanic","count":221,"tested":1548,"color":"rgb(214,39,40)"}],"gender":[{"description":"Male","count":1566,"tested":21933,"color":"rgb(31,119,180)"},{"description":"Unknown/Left Blank","count":39,"tested":977,"color":"rgb(44,160,44)"},{"description":"Female","count":1613,"tested":32892,"color":"rgb(255,127,14)"}]}
