{"age":[{"age_group":"<20","count":12,"tested":281},{"age_group":"20-29   ","count":32,"tested":645},{"age_group":"30-39   ","count":18,"tested":366},{"age_group":"40-49   ","count":14,"tested":333},{"age_group":"50-59   ","count":12,"tested":332},{"age_group":"60-69   ","count":10,"tested":286},{"age_group":"70-79   ","count":6,"tested":200}],"race":[{"description":"Hispanic","count":15,"tested":187,"color":"rgb(214,39,40)"},{"description":"Left Blank","count":23,"tested":979,"color":"rgb(44,160,44)"},{"description":"Other","count":7,"tested":158,"color":"rgb(148,103,189)"},{"description":"Black","count":13,"tested":253,"color":"rgb(255,127,14)"},{"description":"White","count":38,"tested":785,"color":"rgb(31,119,180)"},{"description":"Asian","count":7,"tested":183,"color":"rgb(140,86,75)"}],"gender":[{"description":"Female","count":49,"tested":1253,"color":"rgb(255,127,14)"},{"description":"Male","count":54,"tested":1251,"color":"rgb(31,119,180)"}]}
