{"age":[{"age_group":"<20","count":7,"tested":135},{"age_group":"20-29   ","count":12,"tested":124},{"age_group":"30-39   ","count":12,"tested":172},{"age_group":"40-49   ","count":24,"tested":154},{"age_group":"50-59   ","count":20,"tested":148},{"age_group":"60-69   ","count":9,"tested":100},{"age_group":"70-79   ","count":6,"tested":60}],"race":[{"description":"Left Blank","count":38,"tested":479,"color":"rgb(44,160,44)"},{"description":"White","count":50,"tested":409,"color":"rgb(31,119,180)"}],"gender":[{"description":"Male","count":45,"tested":390,"color":"rgb(31,119,180)"},{"description":"Female","count":48,"tested":506,"color":"rgb(255,127,14)"}]}
