{"age":[{"age_group":"<20","count":265,"tested":2121},{"age_group":"20-29   ","count":280,"tested":3599},{"age_group":"30-39   ","count":276,"tested":3620},{"age_group":"40-49   ","count":291,"tested":4079},{"age_group":"50-59   ","count":284,"tested":4296},{"age_group":"60-69   ","count":203,"tested":4072},{"age_group":"70-79   ","count":77,"tested":1433},{"age_group":"80+","count":48,"tested":729}],"race":[{"description":"Black","count":219,"tested":3730,"color":"rgb(255,127,14)"},{"description":"Left Blank","count":593,"tested":12030,"color":"rgb(44,160,44)"},{"description":"Asian","count":13,"tested":214,"color":"rgb(140,86,75)"},{"description":"White","count":244,"tested":3482,"color":"rgb(31,119,180)"},{"description":"Hispanic","count":606,"tested":4032,"color":"rgb(214,39,40)"},{"description":"Other","count":48,"tested":428,"color":"rgb(148,103,189)"}],"gender":[{"description":"Female","count":890,"tested":13451,"color":"rgb(255,127,14)"},{"description":"Male","count":805,"tested":10014,"color":"rgb(31,119,180)"},{"description":"Unknown/Left Blank","count":29,"tested":497,"color":"rgb(44,160,44)"}]}
