{"lastUpdatedDate":{"year":2021,"month":3,"day":22},"county_demographics":[{"County":"Logan","confirmed_cases":3387,"total_tested":74752,"demographics":{"age":[{"race":[],"age_group":"30-39   ","count":670,"tested":15400,"deaths":0},{"race":[],"age_group":"50-59   ","count":482,"tested":10162,"deaths":0},{"race":[],"age_group":"60-69   ","count":373,"tested":6913,"deaths":0},{"race":[],"age_group":"80+","count":212,"tested":4985,"deaths":0},{"race":[],"age_group":"70-79   ","count":219,"tested":3815,"deaths":0},{"race":[],"age_group":"40-49   ","count":520,"tested":11698,"deaths":0},{"race":[],"age_group":"<20","count":372,"tested":6602,"deaths":0},{"race":[],"age_group":"Unknown","count":0,"tested":2728,"deaths":0},{"race":[],"age_group":"20-29   ","count":537,"tested":12449,"deaths":0}],"race":[{"description":"NH/PI*","count":0,"tested":39,"deaths":0,"color":"rgb(127,127,127)"},{"description":"Other","count":23,"tested":574,"deaths":0,"color":"rgb(148,103,189)"},{"description":"Black","count":350,"tested":1275,"deaths":0,"color":"rgb(255,127,14)"},{"description":"Left Blank","count":511,"tested":51206,"deaths":0,"color":"rgb(44,160,44)"},{"description":"Asian","count":14,"tested":78,"deaths":0,"color":"rgb(140,86,75)"},{"description":"Hispanic","count":99,"tested":346,"deaths":0,"color":"rgb(214,39,40)"},{"description":"AI/AN**","count":0,"tested":20,"deaths":0,"color":"rgb(31,119,180)"},{"description":"White","count":2381,"tested":21214,"deaths":0,"color":"rgb(31,119,180)"}],"gender":[{"description":"Female","count":1799,"tested":38068,"deaths":0,"color":"rgb(255,127,14)"},{"description":"Male","count":1385,"tested":17878,"deaths":0,"color":"rgb(31,119,180)"},{"description":"Unknown/Left Blank","count":203,"tested":18806,"deaths":0,"color":"rgb(44,160,44)"}]}}]}
