{"lastUpdatedDate":{"year":2021,"month":3,"day":22},"county_demographics":[{"County":"Will","confirmed_cases":67374,"total_tested":791711,"demographics":{"age":[{"race":[],"age_group":"<20","count":10544,"tested":91960,"deaths":0},{"race":[],"age_group":"40-49   ","count":11585,"tested":123550,"deaths":0},{"race":[],"age_group":"Unknown","count":27,"tested":2311,"deaths":0},{"race":[],"age_group":"20-29   ","count":11977,"tested":131629,"deaths":0},{"race":[],"age_group":"30-39   ","count":10265,"tested":120665,"deaths":0},{"race":[],"age_group":"70-79   ","count":3179,"tested":53339,"deaths":0},{"race":[],"age_group":"60-69   ","count":6395,"tested":89555,"deaths":0},{"race":[],"age_group":"80+","count":2070,"tested":48847,"deaths":0},{"race":[],"age_group":"50-59   ","count":11331,"tested":129855,"deaths":0}],"race":[{"description":"NH/PI*","count":57,"tested":580,"deaths":0,"color":"rgb(127,127,127)"},{"description":"Other","count":2298,"tested":27441,"deaths":0,"color":"rgb(148,103,189)"},{"description":"AI/AN**","count":211,"tested":1160,"deaths":0,"color":"rgb(31,119,180)"},{"description":"Black","count":5440,"tested":60619,"deaths":0,"color":"rgb(255,127,14)"},{"description":"Left Blank","count":22007,"tested":381480,"deaths":0,"color":"rgb(44,160,44)"},{"description":"White","count":25551,"tested":250021,"deaths":0,"color":"rgb(31,119,180)"},{"description":"Asian","count":1410,"tested":19070,"deaths":0,"color":"rgb(140,86,75)"},{"description":"Hispanic","count":10400,"tested":51340,"deaths":0,"color":"rgb(214,39,40)"}],"gender":[{"description":"Female","count":34424,"tested":420990,"deaths":0,"color":"rgb(255,127,14)"},{"description":"Male","count":32014,"tested":324190,"deaths":0,"color":"rgb(31,119,180)"},{"description":"Unknown/Left Blank","count":936,"tested":46531,"deaths":0,"color":"rgb(44,160,44)"}]}}]}
