{"lastUpdatedDate":{"year":2021,"month":3,"day":22},"county_demographics":[{"County":"Rock Island","confirmed_cases":13438,"total_tested":175567,"demographics":{"age":[{"race":[],"age_group":"<20","count":1737,"tested":19142,"deaths":0},{"race":[],"age_group":"60-69   ","count":1668,"tested":22623,"deaths":0},{"race":[],"age_group":"Unknown","count":0,"tested":1619,"deaths":0},{"race":[],"age_group":"40-49   ","count":1989,"tested":25780,"deaths":0},{"race":[],"age_group":"80+","count":802,"tested":15061,"deaths":0},{"race":[],"age_group":"30-39   ","count":2125,"tested":27236,"deaths":0},{"race":[],"age_group":"50-59   ","count":1939,"tested":24579,"deaths":0},{"race":[],"age_group":"70-79   ","count":934,"tested":13945,"deaths":0},{"race":[],"age_group":"20-29   ","count":2244,"tested":25582,"deaths":0}],"race":[{"description":"AI/AN**","count":10,"tested":66,"deaths":0,"color":"rgb(31,119,180)"},{"description":"Hispanic","count":1214,"tested":6546,"deaths":0,"color":"rgb(214,39,40)"},{"description":"White","count":4696,"tested":54880,"deaths":0,"color":"rgb(31,119,180)"},{"description":"Left Blank","count":6158,"tested":100091,"deaths":0,"color":"rgb(44,160,44)"},{"description":"NH/PI*","count":0,"tested":73,"deaths":0,"color":"rgb(127,127,127)"},{"description":"Other","count":334,"tested":3375,"deaths":0,"color":"rgb(148,103,189)"},{"description":"Asian","count":147,"tested":1023,"deaths":0,"color":"rgb(140,86,75)"},{"description":"Black","count":869,"tested":9513,"deaths":0,"color":"rgb(255,127,14)"}],"gender":[{"description":"Female","count":7028,"tested":94081,"deaths":0,"color":"rgb(255,127,14)"},{"description":"Male","count":6323,"tested":67847,"deaths":0,"color":"rgb(31,119,180)"},{"description":"Unknown/Left Blank","count":87,"tested":13639,"deaths":0,"color":"rgb(44,160,44)"}]}}]}
