{"lastUpdatedDate":{"year":2021,"month":3,"day":22},"county_demographics":[{"County":"McDonough","confirmed_cases":2379,"total_tested":44167,"demographics":{"age":[{"race":[],"age_group":"<20","count":409,"tested":6566,"deaths":0},{"race":[],"age_group":"Unknown","count":0,"tested":8,"deaths":0},{"race":[],"age_group":"60-69   ","count":238,"tested":4657,"deaths":0},{"race":[],"age_group":"80+","count":138,"tested":3748,"deaths":0},{"race":[],"age_group":"40-49   ","count":246,"tested":4735,"deaths":0},{"race":[],"age_group":"30-39   ","count":279,"tested":5942,"deaths":0},{"race":[],"age_group":"50-59   ","count":227,"tested":4901,"deaths":0},{"race":[],"age_group":"70-79   ","count":162,"tested":2969,"deaths":0},{"race":[],"age_group":"20-29   ","count":678,"tested":10641,"deaths":0}],"race":[{"description":"AI/AN**","count":0,"tested":59,"deaths":0,"color":"rgb(31,119,180)"},{"description":"Black","count":171,"tested":2571,"deaths":0,"color":"rgb(255,127,14)"},{"description":"Left Blank","count":256,"tested":14558,"deaths":0,"color":"rgb(44,160,44)"},{"description":"NH/PI*","count":0,"tested":40,"deaths":0,"color":"rgb(127,127,127)"},{"description":"Other","count":20,"tested":548,"deaths":0,"color":"rgb(148,103,189)"},{"description":"Asian","count":34,"tested":293,"deaths":0,"color":"rgb(140,86,75)"},{"description":"Hispanic","count":93,"tested":856,"deaths":0,"color":"rgb(214,39,40)"},{"description":"White","count":1796,"tested":25242,"deaths":0,"color":"rgb(31,119,180)"}],"gender":[{"description":"Female","count":1254,"tested":26688,"deaths":0,"color":"rgb(255,127,14)"},{"description":"Male","count":1089,"tested":16370,"deaths":0,"color":"rgb(31,119,180)"},{"description":"Unknown/Left Blank","count":36,"tested":1109,"deaths":0,"color":"rgb(44,160,44)"}]}}]}
