{"age":[{"age_group":"<20","count":561,"tested":6328},{"age_group":"20-29   ","count":474,"tested":6203},{"age_group":"30-39   ","count":255,"tested":4030},{"age_group":"40-49   ","count":400,"tested":5068},{"age_group":"50-59   ","count":517,"tested":6618},{"age_group":"60-69   ","count":203,"tested":3640},{"age_group":"70-79   ","count":98,"tested":2051},{"age_group":"80+","count":39,"tested":1442}],"race":[{"description":"Black","count":78,"tested":1161,"color":"rgb(255,127,14)"},{"description":"Asian","count":235,"tested":3462,"color":"rgb(140,86,75)"},{"description":"Other","count":77,"tested":1624,"color":"rgb(148,103,189)"},{"description":"White","count":988,"tested":11543,"color":"rgb(31,119,180)"},{"description":"Left Blank","count":1056,"tested":16687,"color":"rgb(44,160,44)"},{"description":"Hispanic","count":107,"tested":822,"color":"rgb(214,39,40)"}],"gender":[{"description":"Female","count":1276,"tested":19737,"color":"rgb(255,127,14)"},{"description":"Male","count":1243,"tested":15421,"color":"rgb(31,119,180)"},{"description":"Unknown/Left Blank","count":28,"tested":229,"color":"rgb(44,160,44)"}]}
