{"age":[{"age_group":"<20","count":479,"tested":4898},{"age_group":"20-29   ","count":615,"tested":7590},{"age_group":"30-39   ","count":680,"tested":7453},{"age_group":"40-49   ","count":686,"tested":7851},{"age_group":"50-59   ","count":694,"tested":8896},{"age_group":"60-69   ","count":513,"tested":7321},{"age_group":"70-79   ","count":379,"tested":4996},{"age_group":"80+","count":237,"tested":3137}],"race":[{"description":"White","count":73,"tested":957,"color":"rgb(31,119,180)"},{"description":"Left Blank","count":953,"tested":18376,"color":"rgb(44,160,44)"},{"description":"Other","count":106,"tested":737,"color":"rgb(148,103,189)"},{"description":"Black","count":2917,"tested":30762,"color":"rgb(255,127,14)"},{"description":"Hispanic","count":223,"tested":1198,"color":"rgb(214,39,40)"}],"gender":[{"description":"Female","count":2385,"tested":29930,"color":"rgb(255,127,14)"},{"description":"Male","count":1864,"tested":20790,"color":"rgb(31,119,180)"},{"description":"Unknown/Left Blank","count":34,"tested":1439,"color":"rgb(44,160,44)"}]}
