{"age":[{"age_group":"<20","count":657,"tested":4410},{"age_group":"20-29   ","count":813,"tested":7004},{"age_group":"30-39   ","count":640,"tested":5421},{"age_group":"40-49   ","count":751,"tested":6184},{"age_group":"50-59   ","count":632,"tested":5989},{"age_group":"60-69   ","count":308,"tested":3169},{"age_group":"70-79   ","count":152,"tested":1997},{"age_group":"80+","count":85,"tested":1142}],"race":[{"description":"Hispanic","count":1177,"tested":5430,"color":"rgb(214,39,40)"},{"description":"Left Blank","count":1346,"tested":15721,"color":"rgb(44,160,44)"},{"description":"White","count":882,"tested":8587,"color":"rgb(31,119,180)"},{"description":"Asian","count":127,"tested":1122,"color":"rgb(140,86,75)"},{"description":"Black","count":314,"tested":2779,"color":"rgb(255,127,14)"},{"description":"NH/PI*","count":6,"tested":53,"color":"rgb(127,127,127)"},{"description":"Other","count":181,"tested":1587,"color":"rgb(148,103,189)"}],"gender":[{"description":"Unknown/Left Blank","count":21,"tested":628,"color":"rgb(44,160,44)"},{"description":"Male","count":1866,"tested":14653,"color":"rgb(31,119,180)"},{"description":"Female","count":2152,"tested":20043,"color":"rgb(255,127,14)"}]}
