{"age":[{"age_group":"<20","count":107,"tested":819},{"age_group":"20-29   ","count":89,"tested":1410},{"age_group":"30-39   ","count":102,"tested":1481},{"age_group":"40-49   ","count":103,"tested":1706},{"age_group":"50-59   ","count":89,"tested":1587},{"age_group":"60-69   ","count":50,"tested":1277},{"age_group":"70-79   ","count":33,"tested":1032},{"age_group":"80+","count":45,"tested":1133}],"race":[{"description":"White","count":128,"tested":1284,"color":"rgb(31,119,180)"},{"description":"Black","count":10,"tested":148,"color":"rgb(255,127,14)"},{"description":"Other","count":38,"tested":303,"color":"rgb(148,103,189)"},{"description":"Hispanic","count":329,"tested":2067,"color":"rgb(214,39,40)"},{"description":"Left Blank","count":109,"tested":6464,"color":"rgb(44,160,44)"}],"gender":[{"description":"Female","count":318,"tested":6142,"color":"rgb(255,127,14)"},{"description":"Male","count":294,"tested":4150,"color":"rgb(31,119,180)"}]}
