{"age":[{"age_group":"<20","count":11,"tested":129},{"age_group":"20-29   ","count":12,"tested":202},{"age_group":"30-39   ","count":16,"tested":194},{"age_group":"40-49   ","count":9,"tested":132},{"age_group":"50-59   ","count":9,"tested":144},{"age_group":"60-69   ","count":19,"tested":169},{"age_group":"70-79   ","count":15,"tested":110},{"age_group":"80+","count":28,"tested":121}],"race":[{"description":"Left Blank","count":45,"tested":619,"color":"rgb(44,160,44)"},{"description":"White","count":69,"tested":541,"color":"rgb(31,119,180)"}],"gender":[{"description":"Male","count":49,"tested":446,"color":"rgb(31,119,180)"},{"description":"Female","count":70,"tested":752,"color":"rgb(255,127,14)"}]}
