{"age":[{"age_group":"<20","count":123,"tested":889},{"age_group":"20-29   ","count":112,"tested":903},{"age_group":"30-39   ","count":98,"tested":850},{"age_group":"40-49   ","count":108,"tested":751},{"age_group":"50-59   ","count":101,"tested":923},{"age_group":"60-69   ","count":77,"tested":622},{"age_group":"70-79   ","count":22,"tested":372},{"age_group":"80+","count":13,"tested":211}],"race":[{"description":"Black","count":7,"tested":43,"color":"rgb(255,127,14)"},{"description":"Hispanic","count":103,"tested":296,"color":"rgb(214,39,40)"},{"description":"White","count":333,"tested":2516,"color":"rgb(31,119,180)"},{"description":"Left Blank","count":205,"tested":2601,"color":"rgb(44,160,44)"},{"description":"Other","count":6,"tested":48,"color":"rgb(148,103,189)"}],"gender":[{"description":"Male","count":321,"tested":2264,"color":"rgb(31,119,180)"},{"description":"Female","count":334,"tested":3229,"color":"rgb(255,127,14)"}]}
