{"age":[{"age_group":"<20","count":343,"tested":5060},{"age_group":"20-29   ","count":1239,"tested":23152},{"age_group":"30-39   ","count":1247,"tested":26487},{"age_group":"40-49   ","count":522,"tested":8696},{"age_group":"50-59   ","count":381,"tested":5419},{"age_group":"60-69   ","count":258,"tested":3515},{"age_group":"70-79   ","count":148,"tested":1884},{"age_group":"80+","count":137,"tested":1301}],"race":[{"description":"Asian","count":63,"tested":2015,"color":"rgb(140,86,75)"},{"description":"Left Blank","count":1440,"tested":35235,"color":"rgb(44,160,44)"},{"description":"White","count":1327,"tested":25305,"color":"rgb(31,119,180)"},{"description":"Hispanic","count":1034,"tested":6894,"color":"rgb(214,39,40)"},{"description":"Other","count":181,"tested":3272,"color":"rgb(148,103,189)"},{"description":"Black","count":225,"tested":2722,"color":"rgb(255,127,14)"}],"gender":[{"description":"Female","count":2121,"tested":40542,"color":"rgb(255,127,14)"},{"description":"Unknown/Left Blank","count":125,"tested":1534,"color":"rgb(44,160,44)"},{"description":"Male","count":2030,"tested":33467,"color":"rgb(31,119,180)"}]}
