{"age":[{"age_group":"<20","count":264,"tested":1631},{"age_group":"20-29   ","count":369,"tested":3281},{"age_group":"30-39   ","count":359,"tested":3299},{"age_group":"40-49   ","count":320,"tested":3144},{"age_group":"50-59   ","count":250,"tested":3170},{"age_group":"60-69   ","count":156,"tested":2351},{"age_group":"70-79   ","count":78,"tested":1130},{"age_group":"80+","count":38,"tested":448}],"race":[{"description":"AI/AN**","count":17,"tested":56,"color":"rgb(31,119,180)"},{"description":"Other","count":59,"tested":930,"color":"rgb(148,103,189)"},{"description":"Black","count":240,"tested":2403,"color":"rgb(255,127,14)"},{"description":"Left Blank","count":603,"tested":8936,"color":"rgb(44,160,44)"},{"description":"White","count":376,"tested":4068,"color":"rgb(31,119,180)"},{"description":"Hispanic","count":534,"tested":1966,"color":"rgb(214,39,40)"}],"gender":[{"description":"Unknown/Left Blank","count":18,"tested":1794,"color":"rgb(44,160,44)"},{"description":"Male","count":883,"tested":6924,"color":"rgb(31,119,180)"},{"description":"Female","count":933,"tested":9740,"color":"rgb(255,127,14)"}]}
