{"age":[{"age_group":"<20","count":169,"tested":1581},{"age_group":"20-29   ","count":169,"tested":1304},{"age_group":"30-39   ","count":138,"tested":1215},{"age_group":"40-49   ","count":160,"tested":1168},{"age_group":"50-59   ","count":138,"tested":1042},{"age_group":"60-69   ","count":86,"tested":740},{"age_group":"70-79   ","count":40,"tested":341},{"age_group":"80+","count":16,"tested":167}],"race":[{"description":"White","count":601,"tested":5130,"color":"rgb(31,119,180)"},{"description":"Left Blank","count":244,"tested":1908,"color":"rgb(44,160,44)"},{"description":"Other","count":50,"tested":321,"color":"rgb(148,103,189)"},{"description":"Hispanic","count":19,"tested":141,"color":"rgb(214,39,40)"}],"gender":[{"description":"Male","count":451,"tested":3094,"color":"rgb(31,119,180)"},{"description":"Female","count":461,"tested":4371,"color":"rgb(255,127,14)"}]}
