{"age":[{"age_group":"<20","count":201,"tested":1826},{"age_group":"20-29   ","count":184,"tested":1294},{"age_group":"30-39   ","count":175,"tested":1284},{"age_group":"40-49   ","count":167,"tested":1175},{"age_group":"50-59   ","count":142,"tested":1112},{"age_group":"60-69   ","count":85,"tested":806},{"age_group":"70-79   ","count":64,"tested":367},{"age_group":"80+","count":31,"tested":208}],"race":[{"description":"Left Blank","count":165,"tested":2991,"color":"rgb(44,160,44)"},{"description":"White","count":663,"tested":4129,"color":"rgb(31,119,180)"},{"description":"Hispanic","count":140,"tested":379,"color":"rgb(214,39,40)"},{"description":"Other","count":35,"tested":292,"color":"rgb(148,103,189)"},{"description":"Black","count":32,"tested":191,"color":"rgb(255,127,14)"},{"description":"Asian","count":16,"tested":76,"color":"rgb(140,86,75)"}],"gender":[{"description":"Unknown/Left Blank","count":8,"tested":78,"color":"rgb(44,160,44)"},{"description":"Male","count":481,"tested":3380,"color":"rgb(31,119,180)"},{"description":"Female","count":563,"tested":4614,"color":"rgb(255,127,14)"}]}
