{"age":[{"age_group":"<20","count":333,"tested":29634},{"age_group":"20-29   ","count":582,"tested":23169},{"age_group":"30-39   ","count":552,"tested":10275},{"age_group":"40-49   ","count":391,"tested":7232},{"age_group":"50-59   ","count":392,"tested":7392},{"age_group":"60-69   ","count":277,"tested":5596},{"age_group":"70-79   ","count":134,"tested":2675},{"age_group":"80+","count":104,"tested":2247}],"race":[{"description":"Hispanic","count":89,"tested":6015,"color":"rgb(214,39,40)"},{"description":"Left Blank","count":762,"tested":25455,"color":"rgb(44,160,44)"},{"description":"Black","count":1669,"tested":22632,"color":"rgb(255,127,14)"},{"description":"White","count":177,"tested":22927,"color":"rgb(31,119,180)"},{"description":"Asian","count":28,"tested":10214,"color":"rgb(140,86,75)"},{"description":"Other","count":34,"tested":629,"color":"rgb(148,103,189)"}],"gender":[{"description":"Unknown/Left Blank","count":29,"tested":2000,"color":"rgb(44,160,44)"},{"description":"Female","count":1542,"tested":46466,"color":"rgb(255,127,14)"},{"description":"Male","count":1194,"tested":39761,"color":"rgb(31,119,180)"}]}
