{"age":[{"age_group":"<20","count":53,"tested":903},{"age_group":"20-29   ","count":36,"tested":598},{"age_group":"30-39   ","count":26,"tested":577},{"age_group":"40-49   ","count":43,"tested":826},{"age_group":"50-59   ","count":36,"tested":589},{"age_group":"60-69   ","count":21,"tested":642},{"age_group":"70-79   ","count":8,"tested":351},{"age_group":"80+","count":8,"tested":130}],"race":[{"description":"Hispanic","count":18,"tested":146,"color":"rgb(214,39,40)"},{"description":"Left Blank","count":78,"tested":1964,"color":"rgb(44,160,44)"},{"description":"Black","count":24,"tested":253,"color":"rgb(255,127,14)"},{"description":"Asian","count":9,"tested":131,"color":"rgb(140,86,75)"},{"description":"White","count":87,"tested":1839,"color":"rgb(31,119,180)"},{"description":"Other","count":15,"tested":285,"color":"rgb(148,103,189)"}],"gender":[{"description":"Female","count":115,"tested":2562,"color":"rgb(255,127,14)"},{"description":"Male","count":115,"tested":1985,"color":"rgb(31,119,180)"}]}
