{"age":[{"age_group":"<20","count":457,"tested":3988},{"age_group":"20-29   ","count":451,"tested":5185},{"age_group":"30-39   ","count":403,"tested":4352},{"age_group":"40-49   ","count":397,"tested":3832},{"age_group":"50-59   ","count":401,"tested":5302},{"age_group":"60-69   ","count":268,"tested":4867},{"age_group":"70-79   ","count":100,"tested":2975},{"age_group":"80+","count":127,"tested":4243}],"race":[{"description":"Black","count":27,"tested":271,"color":"rgb(255,127,14)"},{"description":"Hispanic","count":314,"tested":1548,"color":"rgb(214,39,40)"},{"description":"White","count":1319,"tested":12867,"color":"rgb(31,119,180)"},{"description":"Asian","count":52,"tested":561,"color":"rgb(140,86,75)"},{"description":"Other","count":50,"tested":450,"color":"rgb(148,103,189)"},{"description":"Left Blank","count":841,"tested":19015,"color":"rgb(44,160,44)"}],"gender":[{"description":"Female","count":1333,"tested":20214,"color":"rgb(255,127,14)"},{"description":"Male","count":1243,"tested":13925,"color":"rgb(31,119,180)"},{"description":"Unknown/Left Blank","count":36,"tested":616,"color":"rgb(44,160,44)"}]}
