{"age":[{"age_group":"<20","count":439,"tested":4788},{"age_group":"20-29   ","count":315,"tested":3822},{"age_group":"30-39   ","count":246,"tested":3480},{"age_group":"40-49   ","count":300,"tested":3361},{"age_group":"50-59   ","count":366,"tested":4690},{"age_group":"60-69   ","count":205,"tested":3106},{"age_group":"70-79   ","count":106,"tested":1829},{"age_group":"80+","count":97,"tested":2778}],"race":[{"description":"Black","count":10,"tested":184,"color":"rgb(255,127,14)"},{"description":"White","count":1224,"tested":13289,"color":"rgb(31,119,180)"},{"description":"Asian","count":34,"tested":354,"color":"rgb(140,86,75)"},{"description":"Other","count":39,"tested":476,"color":"rgb(148,103,189)"},{"description":"Hispanic","count":123,"tested":787,"color":"rgb(214,39,40)"},{"description":"Left Blank","count":647,"tested":12757,"color":"rgb(44,160,44)"}],"gender":[{"description":"Unknown/Left Blank","count":13,"tested":239,"color":"rgb(44,160,44)"},{"description":"Female","count":1060,"tested":16199,"color":"rgb(255,127,14)"},{"description":"Male","count":1006,"tested":11420,"color":"rgb(31,119,180)"}]}
