{"age":[{"age_group":"<20","count":381,"tested":3171},{"age_group":"20-29   ","count":590,"tested":4272},{"age_group":"30-39   ","count":528,"tested":4057},{"age_group":"40-49   ","count":506,"tested":3830},{"age_group":"50-59   ","count":528,"tested":4178},{"age_group":"60-69   ","count":255,"tested":2686},{"age_group":"70-79   ","count":138,"tested":1532},{"age_group":"80+","count":49,"tested":656}],"race":[{"description":"Asian","count":15,"tested":155,"color":"rgb(140,86,75)"},{"description":"Hispanic","count":249,"tested":1030,"color":"rgb(214,39,40)"},{"description":"Black","count":114,"tested":687,"color":"rgb(255,127,14)"},{"description":"Left Blank","count":1111,"tested":11516,"color":"rgb(44,160,44)"},{"description":"Other","count":95,"tested":874,"color":"rgb(148,103,189)"},{"description":"White","count":1380,"tested":10060,"color":"rgb(31,119,180)"},{"description":"AI/AN**","count":11,"tested":48,"color":"rgb(31,119,180)"}],"gender":[{"description":"Female","count":1438,"tested":13500,"color":"rgb(255,127,14)"},{"description":"Male","count":1508,"tested":10508,"color":"rgb(31,119,180)"},{"description":"Unknown/Left Blank","count":29,"tested":378,"color":"rgb(44,160,44)"}]}
