{"age":[{"age_group":"<20","count":230,"tested":2277},{"age_group":"20-29   ","count":331,"tested":3775},{"age_group":"30-39   ","count":345,"tested":3879},{"age_group":"40-49   ","count":277,"tested":3098},{"age_group":"50-59   ","count":297,"tested":3796},{"age_group":"60-69   ","count":251,"tested":3467},{"age_group":"70-79   ","count":124,"tested":1606},{"age_group":"80+","count":79,"tested":1280}],"race":[{"description":"Other","count":26,"tested":314,"color":"rgb(148,103,189)"},{"description":"Left Blank","count":462,"tested":8132,"color":"rgb(44,160,44)"},{"description":"Black","count":1286,"tested":13654,"color":"rgb(255,127,14)"},{"description":"Hispanic","count":122,"tested":603,"color":"rgb(214,39,40)"},{"description":"White","count":31,"tested":415,"color":"rgb(31,119,180)"}],"gender":[{"description":"Male","count":847,"tested":9983,"color":"rgb(31,119,180)"},{"description":"Unknown/Left Blank","count":12,"tested":564,"color":"rgb(44,160,44)"},{"description":"Female","count":1075,"tested":12641,"color":"rgb(255,127,14)"}]}
