{"age":[{"age_group":"<20","count":760,"tested":4408},{"age_group":"20-29   ","count":829,"tested":5516},{"age_group":"30-39   ","count":693,"tested":4555},{"age_group":"40-49   ","count":819,"tested":4734},{"age_group":"50-59   ","count":591,"tested":3921},{"age_group":"60-69   ","count":285,"tested":2498},{"age_group":"70-79   ","count":103,"tested":1018},{"age_group":"80+","count":37,"tested":426}],"race":[{"description":"Left Blank","count":1313,"tested":12862,"color":"rgb(44,160,44)"},{"description":"Hispanic","count":1814,"tested":5884,"color":"rgb(214,39,40)"},{"description":"Asian","count":57,"tested":639,"color":"rgb(140,86,75)"},{"description":"White","count":740,"tested":6234,"color":"rgb(31,119,180)"},{"description":"Black","count":102,"tested":792,"color":"rgb(255,127,14)"},{"description":"Other","count":87,"tested":624,"color":"rgb(148,103,189)"}],"gender":[{"description":"Female","count":2098,"tested":15466,"color":"rgb(255,127,14)"},{"description":"Male","count":1993,"tested":11259,"color":"rgb(31,119,180)"},{"description":"Unknown/Left Blank","count":26,"tested":358,"color":"rgb(44,160,44)"}]}
