{"lastUpdatedDate":{"year":2021,"month":4,"day":17},"county_demographics":[{"County":"Fulton","confirmed_cases":3624,"total_tested":78885,"demographics":{"age":[{"race":[],"age_group":"<20","count":689,"tested":8406,"deaths":0},{"race":[],"age_group":"20-29   ","count":588,"tested":12020,"deaths":0},{"race":[],"age_group":"30-39   ","count":499,"tested":13086,"deaths":0},{"race":[],"age_group":"40-49   ","count":557,"tested":11859,"deaths":0},{"race":[],"age_group":"50-59   ","count":474,"tested":11855,"deaths":0},{"race":[],"age_group":"60-69   ","count":400,"tested":7998,"deaths":0},{"race":[],"age_group":"70-79   ","count":223,"tested":4457,"deaths":0},{"race":[],"age_group":"80+","count":173,"tested":5027,"deaths":0},{"race":[],"age_group":"Unknown","count":0,"tested":4177,"deaths":0}],"race":[{"description":"AI/AN**","count":0,"tested":20,"deaths":0,"color":"rgb(31,119,180)"},{"description":"Asian","count":0,"tested":28,"deaths":0,"color":"rgb(140,86,75)"},{"description":"Black","count":97,"tested":672,"deaths":0,"color":"rgb(255,127,14)"},{"description":"Hispanic","count":47,"tested":206,"deaths":0,"color":"rgb(214,39,40)"},{"description":"Left Blank","count":2508,"tested":60529,"deaths":0,"color":"rgb(44,160,44)"},{"description":"NH/PI*","count":0,"tested":0,"deaths":0,"color":"rgb(127,127,127)"},{"description":"Other","count":28,"tested":352,"deaths":0,"color":"rgb(148,103,189)"},{"description":"White","count":937,"tested":17075,"deaths":0,"color":"rgb(31,119,180)"}],"gender":[{"description":"Female","count":1783,"tested":39602,"deaths":0,"color":"rgb(255,127,14)"},{"description":"Male","count":1764,"tested":25909,"deaths":0,"color":"rgb(31,119,180)"},{"description":"Unknown/Left Blank","count":76,"tested":13374,"deaths":0,"color":"rgb(44,160,44)"}]}}]}
