{"lastUpdatedDate":{"year":2021,"month":4,"day":17},"county_demographics":[{"County":"Brown","confirmed_cases":687,"total_tested":24531,"demographics":{"age":[{"race":[],"age_group":"<20","count":88,"tested":809,"deaths":0},{"race":[],"age_group":"20-29   ","count":118,"tested":4999,"deaths":0},{"race":[],"age_group":"30-39   ","count":133,"tested":5251,"deaths":0},{"race":[],"age_group":"40-49   ","count":115,"tested":4847,"deaths":0},{"race":[],"age_group":"50-59   ","count":83,"tested":2970,"deaths":0},{"race":[],"age_group":"60-69   ","count":85,"tested":1706,"deaths":0},{"race":[],"age_group":"70-79   ","count":22,"tested":545,"deaths":0},{"race":[],"age_group":"80+","count":35,"tested":560,"deaths":0},{"race":[],"age_group":"Unknown","count":0,"tested":2844,"deaths":0}],"race":[{"description":"AI/AN**","count":0,"tested":0,"deaths":0,"color":"rgb(31,119,180)"},{"description":"Asian","count":0,"tested":0,"deaths":0,"color":"rgb(140,86,75)"},{"description":"Black","count":117,"tested":347,"deaths":0,"color":"rgb(255,127,14)"},{"description":"Hispanic","count":16,"tested":67,"deaths":0,"color":"rgb(214,39,40)"},{"description":"Left Blank","count":155,"tested":20312,"deaths":0,"color":"rgb(44,160,44)"},{"description":"Other","count":0,"tested":50,"deaths":0,"color":"rgb(148,103,189)"},{"description":"White","count":396,"tested":3751,"deaths":0,"color":"rgb(31,119,180)"}],"gender":[{"description":"Female","count":257,"tested":3361,"deaths":0,"color":"rgb(255,127,14)"},{"description":"Male","count":372,"tested":7539,"deaths":0,"color":"rgb(31,119,180)"},{"description":"Unknown/Left Blank","count":58,"tested":13631,"deaths":0,"color":"rgb(44,160,44)"}]}}]}
