{"lastUpdatedDate":{"year":2021,"month":4,"day":17},"county_demographics":[{"County":"Logan","confirmed_cases":3634,"total_tested":84322,"demographics":{"age":[{"race":[],"age_group":"<20","count":443,"tested":7517,"deaths":0},{"race":[],"age_group":"20-29   ","count":577,"tested":14351,"deaths":0},{"race":[],"age_group":"30-39   ","count":710,"tested":17737,"deaths":0},{"race":[],"age_group":"40-49   ","count":558,"tested":13478,"deaths":0},{"race":[],"age_group":"50-59   ","count":509,"tested":11362,"deaths":0},{"race":[],"age_group":"60-69   ","count":388,"tested":7530,"deaths":0},{"race":[],"age_group":"70-79   ","count":230,"tested":4114,"deaths":0},{"race":[],"age_group":"80+","count":217,"tested":5505,"deaths":0},{"race":[],"age_group":"Unknown","count":0,"tested":2728,"deaths":0}],"race":[{"description":"AI/AN**","count":0,"tested":21,"deaths":0,"color":"rgb(31,119,180)"},{"description":"Asian","count":14,"tested":83,"deaths":0,"color":"rgb(140,86,75)"},{"description":"Black","count":362,"tested":1426,"deaths":0,"color":"rgb(255,127,14)"},{"description":"Hispanic","count":103,"tested":424,"deaths":0,"color":"rgb(214,39,40)"},{"description":"Left Blank","count":514,"tested":57149,"deaths":0,"color":"rgb(44,160,44)"},{"description":"NH/PI*","count":0,"tested":52,"deaths":0,"color":"rgb(127,127,127)"},{"description":"Other","count":25,"tested":634,"deaths":0,"color":"rgb(148,103,189)"},{"description":"White","count":2606,"tested":24533,"deaths":0,"color":"rgb(31,119,180)"}],"gender":[{"description":"Female","count":1929,"tested":44557,"deaths":0,"color":"rgb(255,127,14)"},{"description":"Male","count":1494,"tested":20510,"deaths":0,"color":"rgb(31,119,180)"},{"description":"Unknown/Left Blank","count":211,"tested":19255,"deaths":0,"color":"rgb(44,160,44)"}]}}]}
