{"lastUpdatedDate":{"year":2021,"month":4,"day":17},"county_demographics":[{"County":"Alexander","confirmed_cases":462,"total_tested":5561,"demographics":{"age":[{"race":[],"age_group":"<20","count":42,"tested":415,"deaths":0},{"race":[],"age_group":"20-29   ","count":45,"tested":785,"deaths":0},{"race":[],"age_group":"30-39   ","count":72,"tested":723,"deaths":0},{"race":[],"age_group":"40-49   ","count":56,"tested":878,"deaths":0},{"race":[],"age_group":"50-59   ","count":79,"tested":1216,"deaths":0},{"race":[],"age_group":"60-69   ","count":80,"tested":975,"deaths":0},{"race":[],"age_group":"70-79   ","count":57,"tested":355,"deaths":0},{"race":[],"age_group":"80+","count":16,"tested":214,"deaths":0},{"race":[],"age_group":"Unknown","count":0,"tested":0,"deaths":0}],"race":[{"description":"Asian","count":0,"tested":0,"deaths":0,"color":"rgb(140,86,75)"},{"description":"Black","count":124,"tested":1401,"deaths":0,"color":"rgb(255,127,14)"},{"description":"Hispanic","count":0,"tested":18,"deaths":0,"color":"rgb(214,39,40)"},{"description":"Left Blank","count":137,"tested":2179,"deaths":0,"color":"rgb(44,160,44)"},{"description":"NH/PI*","count":0,"tested":0,"deaths":0,"color":"rgb(127,127,127)"},{"description":"Other","count":0,"tested":31,"deaths":0,"color":"rgb(148,103,189)"},{"description":"White","count":196,"tested":1928,"deaths":0,"color":"rgb(31,119,180)"}],"gender":[{"description":"Female","count":269,"tested":3304,"deaths":0,"color":"rgb(255,127,14)"},{"description":"Male","count":183,"tested":1806,"deaths":0,"color":"rgb(31,119,180)"},{"description":"Unknown/Left Blank","count":10,"tested":451,"deaths":0,"color":"rgb(44,160,44)"}]}}]}
