{"lastUpdatedDate":{"year":2021,"month":4,"day":17},"county_demographics":[{"County":"Hamilton","confirmed_cases":823,"total_tested":7983,"demographics":{"age":[{"race":[],"age_group":"<20","count":97,"tested":963,"deaths":0},{"race":[],"age_group":"20-29   ","count":113,"tested":1052,"deaths":0},{"race":[],"age_group":"30-39   ","count":128,"tested":1095,"deaths":0},{"race":[],"age_group":"40-49   ","count":113,"tested":1384,"deaths":0},{"race":[],"age_group":"50-59   ","count":130,"tested":1350,"deaths":0},{"race":[],"age_group":"60-69   ","count":99,"tested":969,"deaths":0},{"race":[],"age_group":"70-79   ","count":63,"tested":587,"deaths":0},{"race":[],"age_group":"80+","count":62,"tested":580,"deaths":0},{"race":[],"age_group":"Unknown","count":0,"tested":0,"deaths":0}],"race":[{"description":"AI/AN**","count":0,"tested":0,"deaths":0,"color":"rgb(31,119,180)"},{"description":"Asian","count":0,"tested":7,"deaths":0,"color":"rgb(140,86,75)"},{"description":"Black","count":0,"tested":23,"deaths":0,"color":"rgb(255,127,14)"},{"description":"Hispanic","count":8,"tested":74,"deaths":0,"color":"rgb(214,39,40)"},{"description":"Left Blank","count":271,"tested":3197,"deaths":0,"color":"rgb(44,160,44)"},{"description":"NH/PI*","count":0,"tested":0,"deaths":0,"color":"rgb(127,127,127)"},{"description":"Other","count":0,"tested":99,"deaths":0,"color":"rgb(148,103,189)"},{"description":"White","count":538,"tested":4580,"deaths":0,"color":"rgb(31,119,180)"}],"gender":[{"description":"Female","count":440,"tested":4757,"deaths":0,"color":"rgb(255,127,14)"},{"description":"Male","count":329,"tested":2460,"deaths":0,"color":"rgb(31,119,180)"},{"description":"Unknown/Left Blank","count":54,"tested":766,"deaths":0,"color":"rgb(44,160,44)"}]}}]}
