{"lastUpdatedDate":{"year":2021,"month":4,"day":17},"county_demographics":[{"County":"Jasper","confirmed_cases":1143,"total_tested":11946,"demographics":{"age":[{"race":[],"age_group":"<20","count":168,"tested":1872,"deaths":0},{"race":[],"age_group":"20-29   ","count":118,"tested":1418,"deaths":0},{"race":[],"age_group":"30-39   ","count":144,"tested":1428,"deaths":0},{"race":[],"age_group":"40-49   ","count":154,"tested":1719,"deaths":0},{"race":[],"age_group":"50-59   ","count":175,"tested":1675,"deaths":0},{"race":[],"age_group":"60-69   ","count":182,"tested":1374,"deaths":0},{"race":[],"age_group":"70-79   ","count":105,"tested":950,"deaths":0},{"race":[],"age_group":"80+","count":97,"tested":1508,"deaths":0},{"race":[],"age_group":"Unknown","count":0,"tested":0,"deaths":0}],"race":[{"description":"AI/AN**","count":0,"tested":0,"deaths":0,"color":"rgb(31,119,180)"},{"description":"Asian","count":0,"tested":26,"deaths":0,"color":"rgb(140,86,75)"},{"description":"Black","count":0,"tested":24,"deaths":0,"color":"rgb(255,127,14)"},{"description":"Hispanic","count":0,"tested":91,"deaths":0,"color":"rgb(214,39,40)"},{"description":"Left Blank","count":298,"tested":2659,"deaths":0,"color":"rgb(44,160,44)"},{"description":"Other","count":0,"tested":284,"deaths":0,"color":"rgb(148,103,189)"},{"description":"White","count":829,"tested":8861,"deaths":0,"color":"rgb(31,119,180)"}],"gender":[{"description":"Female","count":605,"tested":7375,"deaths":0,"color":"rgb(255,127,14)"},{"description":"Male","count":516,"tested":3976,"deaths":0,"color":"rgb(31,119,180)"},{"description":"Unknown/Left Blank","count":22,"tested":595,"deaths":0,"color":"rgb(44,160,44)"}]}}]}
