{"lastUpdatedDate":{"year":2021,"month":4,"day":17},"county_demographics":[{"County":"Unassigned","confirmed_cases":100,"total_tested":121864,"demographics":{"age":[{"race":[],"age_group":"<20","count":14,"tested":12740,"deaths":0},{"race":[],"age_group":"20-29   ","count":16,"tested":20557,"deaths":0},{"race":[],"age_group":"30-39   ","count":18,"tested":19166,"deaths":0},{"race":[],"age_group":"40-49   ","count":8,"tested":18141,"deaths":0},{"race":[],"age_group":"50-59   ","count":11,"tested":18018,"deaths":0},{"race":[],"age_group":"60-69   ","count":10,"tested":14364,"deaths":0},{"race":[],"age_group":"70-79   ","count":0,"tested":8770,"deaths":0},{"race":[],"age_group":"80+","count":0,"tested":9518,"deaths":0},{"race":[],"age_group":"Unknown","count":0,"tested":590,"deaths":0}],"race":[{"description":"AI/AN**","count":0,"tested":125,"deaths":0,"color":"rgb(31,119,180)"},{"description":"Asian","count":0,"tested":2539,"deaths":0,"color":"rgb(140,86,75)"},{"description":"Black","count":0,"tested":8192,"deaths":0,"color":"rgb(255,127,14)"},{"description":"Hispanic","count":0,"tested":5200,"deaths":0,"color":"rgb(214,39,40)"},{"description":"Left Blank","count":45,"tested":71846,"deaths":0,"color":"rgb(44,160,44)"},{"description":"NH/PI*","count":0,"tested":46,"deaths":0,"color":"rgb(127,127,127)"},{"description":"Other","count":0,"tested":1544,"deaths":0,"color":"rgb(148,103,189)"},{"description":"White","count":46,"tested":32372,"deaths":0,"color":"rgb(31,119,180)"}],"gender":[{"description":"Female","count":37,"tested":64995,"deaths":0,"color":"rgb(255,127,14)"},{"description":"Male","count":55,"tested":49710,"deaths":0,"color":"rgb(31,119,180)"},{"description":"Unknown/Left Blank","count":6,"tested":7159,"deaths":0,"color":"rgb(44,160,44)"}]}}]}
