{"lastUpdatedDate":{"year":2021,"month":8,"day":27},"county_demographics":[{"County":"Jo Daviess","confirmed_cases":1931,"total_tested":24642,"demographics":{"age":[{"race":[],"age_group":"<20","count":335,"tested":3321,"deaths":0},{"race":[],"age_group":"20-29   ","count":254,"tested":2983,"deaths":0},{"race":[],"age_group":"30-39   ","count":217,"tested":2787,"deaths":0},{"race":[],"age_group":"40-49   ","count":261,"tested":2599,"deaths":0},{"race":[],"age_group":"50-59   ","count":313,"tested":3621,"deaths":0},{"race":[],"age_group":"60-69   ","count":268,"tested":3910,"deaths":0},{"race":[],"age_group":"70-79   ","count":160,"tested":2425,"deaths":0},{"race":[],"age_group":"80+","count":120,"tested":2991,"deaths":0},{"race":[],"age_group":"Unknown","count":0,"tested":0,"deaths":0}],"race":[{"description":"AI/AN**","count":0,"tested":18,"deaths":0,"color":"rgb(31,119,180)"},{"description":"Asian","count":0,"tested":49,"deaths":0,"color":"rgb(140,86,75)"},{"description":"Black","count":10,"tested":171,"deaths":0,"color":"rgb(255,127,14)"},{"description":"Hispanic","count":49,"tested":340,"deaths":0,"color":"rgb(214,39,40)"},{"description":"Left Blank","count":556,"tested":9630,"deaths":0,"color":"rgb(44,160,44)"},{"description":"NH/PI*","count":0,"tested":0,"deaths":0,"color":"rgb(127,127,127)"},{"description":"Other","count":13,"tested":212,"deaths":0,"color":"rgb(148,103,189)"},{"description":"White","count":1292,"tested":14218,"deaths":0,"color":"rgb(31,119,180)"}],"gender":[{"description":"Female","count":1001,"tested":15570,"deaths":0,"color":"rgb(255,127,14)"},{"description":"Male","count":902,"tested":8538,"deaths":0,"color":"rgb(31,119,180)"},{"description":"Unknown/Left Blank","count":28,"tested":534,"deaths":0,"color":"rgb(44,160,44)"}]}}]}
