{"lastUpdatedDate":{"year":2021,"month":8,"day":27},"county_demographics":[{"County":"Adams","confirmed_cases":11424,"total_tested":209296,"demographics":{"age":[{"race":[],"age_group":"<20","count":2152,"tested":25595,"deaths":0},{"race":[],"age_group":"20-29   ","count":1745,"tested":27464,"deaths":0},{"race":[],"age_group":"30-39   ","count":1697,"tested":28402,"deaths":0},{"race":[],"age_group":"40-49   ","count":1423,"tested":24927,"deaths":0},{"race":[],"age_group":"50-59   ","count":1576,"tested":31550,"deaths":0},{"race":[],"age_group":"60-69   ","count":1331,"tested":22594,"deaths":0},{"race":[],"age_group":"70-79   ","count":868,"tested":20215,"deaths":0},{"race":[],"age_group":"80+","count":631,"tested":28514,"deaths":0},{"race":[],"age_group":"Unknown","count":0,"tested":35,"deaths":0}],"race":[{"description":"AI/AN**","count":0,"tested":121,"deaths":0,"color":"rgb(31,119,180)"},{"description":"Asian","count":25,"tested":402,"deaths":0,"color":"rgb(140,86,75)"},{"description":"Black","count":283,"tested":4264,"deaths":0,"color":"rgb(255,127,14)"},{"description":"Hispanic","count":70,"tested":790,"deaths":0,"color":"rgb(214,39,40)"},{"description":"Left Blank","count":6626,"tested":133217,"deaths":0,"color":"rgb(44,160,44)"},{"description":"NH/PI*","count":0,"tested":103,"deaths":0,"color":"rgb(127,127,127)"},{"description":"Other","count":54,"tested":680,"deaths":0,"color":"rgb(148,103,189)"},{"description":"White","count":4353,"tested":69719,"deaths":0,"color":"rgb(31,119,180)"}],"gender":[{"description":"Female","count":5793,"tested":114031,"deaths":0,"color":"rgb(255,127,14)"},{"description":"Male","count":4954,"tested":76600,"deaths":0,"color":"rgb(31,119,180)"},{"description":"Unknown/Left Blank","count":677,"tested":18665,"deaths":0,"color":"rgb(44,160,44)"}]}}]}
