{"lastUpdatedDate":{"year":2021,"month":8,"day":27},"county_demographics":[{"County":"Jersey","confirmed_cases":3032,"total_tested":39461,"demographics":{"age":[{"race":[],"age_group":"<20","count":488,"tested":4744,"deaths":0},{"race":[],"age_group":"20-29   ","count":417,"tested":6206,"deaths":0},{"race":[],"age_group":"30-39   ","count":392,"tested":5365,"deaths":0},{"race":[],"age_group":"40-49   ","count":393,"tested":5794,"deaths":0},{"race":[],"age_group":"50-59   ","count":452,"tested":5999,"deaths":0},{"race":[],"age_group":"60-69   ","count":399,"tested":4613,"deaths":0},{"race":[],"age_group":"70-79   ","count":260,"tested":2749,"deaths":0},{"race":[],"age_group":"80+","count":216,"tested":3978,"deaths":0},{"race":[],"age_group":"Unknown","count":15,"tested":13,"deaths":0}],"race":[{"description":"AI/AN**","count":0,"tested":11,"deaths":0,"color":"rgb(31,119,180)"},{"description":"Asian","count":0,"tested":36,"deaths":0,"color":"rgb(140,86,75)"},{"description":"Black","count":14,"tested":1058,"deaths":0,"color":"rgb(255,127,14)"},{"description":"Hispanic","count":7,"tested":162,"deaths":0,"color":"rgb(214,39,40)"},{"description":"Left Blank","count":519,"tested":10763,"deaths":0,"color":"rgb(44,160,44)"},{"description":"NH/PI*","count":0,"tested":6,"deaths":0,"color":"rgb(127,127,127)"},{"description":"Other","count":37,"tested":639,"deaths":0,"color":"rgb(148,103,189)"},{"description":"White","count":2444,"tested":26786,"deaths":0,"color":"rgb(31,119,180)"}],"gender":[{"description":"Female","count":1657,"tested":25302,"deaths":0,"color":"rgb(255,127,14)"},{"description":"Male","count":1364,"tested":13873,"deaths":0,"color":"rgb(31,119,180)"},{"description":"Unknown/Left Blank","count":7,"tested":286,"deaths":0,"color":"rgb(44,160,44)"}]}}]}
