{"lastUpdatedDate":{"year":2021,"month":8,"day":27},"county_demographics":[{"County":"Richland","confirmed_cases":2151,"total_tested":34560,"demographics":{"age":[{"race":[],"age_group":"<20","count":328,"tested":4532,"deaths":0},{"race":[],"age_group":"20-29   ","count":309,"tested":5041,"deaths":0},{"race":[],"age_group":"30-39   ","count":290,"tested":5353,"deaths":0},{"race":[],"age_group":"40-49   ","count":305,"tested":4872,"deaths":0},{"race":[],"age_group":"50-59   ","count":301,"tested":4844,"deaths":0},{"race":[],"age_group":"60-69   ","count":260,"tested":3963,"deaths":0},{"race":[],"age_group":"70-79   ","count":175,"tested":2657,"deaths":0},{"race":[],"age_group":"80+","count":183,"tested":3291,"deaths":0},{"race":[],"age_group":"Unknown","count":0,"tested":7,"deaths":0}],"race":[{"description":"AI/AN**","count":0,"tested":6,"deaths":0,"color":"rgb(31,119,180)"},{"description":"Asian","count":6,"tested":103,"deaths":0,"color":"rgb(140,86,75)"},{"description":"Black","count":15,"tested":216,"deaths":0,"color":"rgb(255,127,14)"},{"description":"Hispanic","count":11,"tested":182,"deaths":0,"color":"rgb(214,39,40)"},{"description":"Left Blank","count":205,"tested":10394,"deaths":0,"color":"rgb(44,160,44)"},{"description":"NH/PI*","count":0,"tested":33,"deaths":0,"color":"rgb(127,127,127)"},{"description":"Other","count":8,"tested":197,"deaths":0,"color":"rgb(148,103,189)"},{"description":"White","count":1902,"tested":23429,"deaths":0,"color":"rgb(31,119,180)"}],"gender":[{"description":"Female","count":1195,"tested":19852,"deaths":0,"color":"rgb(255,127,14)"},{"description":"Male","count":940,"tested":12085,"deaths":0,"color":"rgb(31,119,180)"},{"description":"Unknown/Left Blank","count":14,"tested":2623,"deaths":0,"color":"rgb(44,160,44)"}]}}]}
