{"lastUpdatedDate":{"year":2021,"month":8,"day":27},"county_demographics":[{"County":"Winnebago","confirmed_cases":36727,"total_tested":496999,"demographics":{"age":[{"race":[],"age_group":"<20","count":6677,"tested":77479,"deaths":0},{"race":[],"age_group":"20-29   ","count":6556,"tested":81995,"deaths":0},{"race":[],"age_group":"30-39   ","count":5749,"tested":72633,"deaths":0},{"race":[],"age_group":"40-49   ","count":5456,"tested":65355,"deaths":0},{"race":[],"age_group":"50-59   ","count":5066,"tested":69476,"deaths":0},{"race":[],"age_group":"60-69   ","count":3730,"tested":56116,"deaths":0},{"race":[],"age_group":"70-79   ","count":2076,"tested":35869,"deaths":0},{"race":[],"age_group":"80+","count":1408,"tested":37854,"deaths":0},{"race":[],"age_group":"Unknown","count":7,"tested":222,"deaths":0}],"race":[{"description":"AI/AN**","count":48,"tested":495,"deaths":0,"color":"rgb(31,119,180)"},{"description":"Asian","count":723,"tested":6126,"deaths":0,"color":"rgb(140,86,75)"},{"description":"Black","count":4695,"tested":42193,"deaths":0,"color":"rgb(255,127,14)"},{"description":"Hispanic","count":6343,"tested":30653,"deaths":0,"color":"rgb(214,39,40)"},{"description":"Left Blank","count":3358,"tested":212553,"deaths":0,"color":"rgb(44,160,44)"},{"description":"NH/PI*","count":21,"tested":373,"deaths":0,"color":"rgb(127,127,127)"},{"description":"Other","count":575,"tested":10818,"deaths":0,"color":"rgb(148,103,189)"},{"description":"White","count":20959,"tested":193788,"deaths":0,"color":"rgb(31,119,180)"}],"gender":[{"description":"Female","count":19643,"tested":292839,"deaths":0,"color":"rgb(255,127,14)"},{"description":"Male","count":16951,"tested":196148,"deaths":0,"color":"rgb(31,119,180)"},{"description":"Unknown/Left Blank","count":133,"tested":8012,"deaths":0,"color":"rgb(44,160,44)"}]}}]}
