{"age":[{"age_group":"<20","count":384,"tested":2736},{"age_group":"20-29   ","count":460,"tested":4656},{"age_group":"30-39   ","count":448,"tested":4752},{"age_group":"40-49   ","count":464,"tested":4610},{"age_group":"50-59   ","count":497,"tested":4736},{"age_group":"60-69   ","count":383,"tested":3929},{"age_group":"70-79   ","count":247,"tested":2471},{"age_group":"80+","count":201,"tested":2175}],"race":[{"description":"Other","count":203,"tested":620,"color":"rgb(148,103,189)"},{"description":"Black","count":171,"tested":614,"color":"rgb(255,127,14)"},{"description":"Asian","count":284,"tested":1866,"color":"rgb(140,86,75)"},{"description":"White","count":878,"tested":7580,"color":"rgb(31,119,180)"},{"description":"Left Blank","count":988,"tested":18020,"color":"rgb(44,160,44)"},{"description":"Hispanic","count":300,"tested":1296,"color":"rgb(214,39,40)"},{"description":"AI/AN**","count":133,"tested":16,"color":"rgb(31,119,180)"}],"gender":[{"description":"Male","count":1113,"tested":11453,"color":"rgb(31,119,180)"},{"description":"Unknown/Left Blank","count":133,"tested":558,"color":"rgb(44,160,44)"},{"description":"Female","count":1203,"tested":18077,"color":"rgb(255,127,14)"}]}
