{"age":[{"age_group":"<20","count":20,"tested":143},{"age_group":"20-29   ","count":21,"tested":121},{"age_group":"30-39   ","count":15,"tested":112},{"age_group":"40-49   ","count":17,"tested":122},{"age_group":"50-59   ","count":27,"tested":112},{"age_group":"60-69   ","count":11,"tested":98},{"age_group":"70-79   ","count":13,"tested":48}],"race":[{"description":"Left Blank","count":45,"tested":358,"color":"rgb(44,160,44)"},{"description":"White","count":54,"tested":397,"color":"rgb(31,119,180)"}],"gender":[{"description":"Male","count":46,"tested":310,"color":"rgb(31,119,180)"},{"description":"Female","count":56,"tested":474,"color":"rgb(255,127,14)"}]}
