{"age":[{"age_group":"<20","count":291,"tested":1407},{"age_group":"20-29   ","count":367,"tested":2400},{"age_group":"30-39   ","count":349,"tested":2340},{"age_group":"40-49   ","count":340,"tested":2258},{"age_group":"50-59   ","count":262,"tested":2346},{"age_group":"60-69   ","count":203,"tested":1854},{"age_group":"70-79   ","count":139,"tested":934},{"age_group":"80+","count":103,"tested":379}],"race":[{"description":"AI/AN**","count":85,"tested":52,"color":"rgb(31,119,180)"},{"description":"Other","count":124,"tested":794,"color":"rgb(148,103,189)"},{"description":"Black","count":250,"tested":1915,"color":"rgb(255,127,14)"},{"description":"Left Blank","count":625,"tested":6280,"color":"rgb(44,160,44)"},{"description":"White","count":348,"tested":3244,"color":"rgb(31,119,180)"},{"description":"Hispanic","count":479,"tested":1564,"color":"rgb(214,39,40)"}],"gender":[{"description":"Unknown/Left Blank","count":85,"tested":320,"color":"rgb(44,160,44)"},{"description":"Male","count":811,"tested":5597,"color":"rgb(31,119,180)"},{"description":"Female","count":808,"tested":8003,"color":"rgb(255,127,14)"}]}
