{"age":[{"age_group":"<20","count":31,"tested":285},{"age_group":"20-29   ","count":31,"tested":186},{"age_group":"30-39   ","count":30,"tested":194},{"age_group":"40-49   ","count":40,"tested":180},{"age_group":"50-59   ","count":40,"tested":262},{"age_group":"60-69   ","count":32,"tested":198},{"age_group":"70-79   ","count":23,"tested":125},{"age_group":"80+","count":22,"tested":81}],"race":[{"description":"White","count":119,"tested":972,"color":"rgb(31,119,180)"},{"description":"Left Blank","count":40,"tested":461,"color":"rgb(44,160,44)"}],"gender":[{"description":"Male","count":77,"tested":599,"color":"rgb(31,119,180)"},{"description":"Female","count":88,"tested":885,"color":"rgb(255,127,14)"}]}
