{"age":[{"age_group":"<20","count":33,"tested":323},{"age_group":"20-29   ","count":38,"tested":259},{"age_group":"30-39   ","count":34,"tested":230},{"age_group":"40-49   ","count":30,"tested":177},{"age_group":"50-59   ","count":31,"tested":347},{"age_group":"60-69   ","count":25,"tested":161},{"age_group":"80+","count":18,"tested":53}],"race":[{"description":"Left Blank","count":36,"tested":455,"color":"rgb(44,160,44)"},{"description":"White","count":117,"tested":1120,"color":"rgb(31,119,180)"},{"description":"Hispanic","count":16,"tested":17,"color":"rgb(214,39,40)"}],"gender":[{"description":"Female","count":80,"tested":1088,"color":"rgb(255,127,14)"},{"description":"Male","count":80,"tested":506,"color":"rgb(31,119,180)"}]}
