{"age":[{"age_group":"<20","count":323,"tested":2782},{"age_group":"20-29   ","count":479,"tested":4035},{"age_group":"30-39   ","count":360,"tested":3740},{"age_group":"40-49   ","count":326,"tested":2872},{"age_group":"50-59   ","count":396,"tested":3998},{"age_group":"60-69   ","count":289,"tested":2867},{"age_group":"70-79   ","count":200,"tested":1607},{"age_group":"80+","count":168,"tested":951}],"race":[{"description":"Black","count":173,"tested":607,"color":"rgb(255,127,14)"},{"description":"Asian","count":145,"tested":595,"color":"rgb(140,86,75)"},{"description":"Hispanic","count":375,"tested":1731,"color":"rgb(214,39,40)"},{"description":"White","count":848,"tested":11345,"color":"rgb(31,119,180)"},{"description":"Other","count":215,"tested":976,"color":"rgb(148,103,189)"},{"description":"Left Blank","count":559,"tested":7500,"color":"rgb(44,160,44)"}],"gender":[{"description":"Male","count":943,"tested":9959,"color":"rgb(31,119,180)"},{"description":"Unknown/Left Blank","count":126,"tested":206,"color":"rgb(44,160,44)"},{"description":"Female","count":918,"tested":12688,"color":"rgb(255,127,14)"}]}
