{"age":[{"age_group":"<20","count":441,"tested":4238},{"age_group":"20-29   ","count":493,"tested":5355},{"age_group":"30-39   ","count":349,"tested":5347},{"age_group":"40-49   ","count":380,"tested":4580},{"age_group":"50-59   ","count":430,"tested":7138},{"age_group":"60-69   ","count":338,"tested":5558},{"age_group":"70-79   ","count":206,"tested":3261},{"age_group":"80+","count":207,"tested":3612}],"race":[{"description":"Black","count":111,"tested":572,"color":"rgb(255,127,14)"},{"description":"Asian","count":208,"tested":2835,"color":"rgb(140,86,75)"},{"description":"Hispanic","count":341,"tested":2585,"color":"rgb(214,39,40)"},{"description":"Left Blank","count":692,"tested":14983,"color":"rgb(44,160,44)"},{"description":"White","count":1184,"tested":17325,"color":"rgb(31,119,180)"},{"description":"Other","count":156,"tested":712,"color":"rgb(148,103,189)"}],"gender":[{"description":"Female","count":1251,"tested":22772,"color":"rgb(255,127,14)"},{"description":"Unknown/Left Blank","count":89,"tested":1464,"color":"rgb(44,160,44)"},{"description":"Male","count":1139,"tested":14868,"color":"rgb(31,119,180)"}]}
