{"age":[{"age_group":"<20","count":136,"tested":1167},{"age_group":"20-29   ","count":175,"tested":1149},{"age_group":"30-39   ","count":145,"tested":1018},{"age_group":"40-49   ","count":176,"tested":1316},{"age_group":"50-59   ","count":135,"tested":1121},{"age_group":"60-69   ","count":80,"tested":678},{"age_group":"70-79   ","count":62,"tested":351},{"age_group":"80+","count":33,"tested":162}],"race":[{"description":"Other","count":32,"tested":77,"color":"rgb(148,103,189)"},{"description":"Left Blank","count":126,"tested":3272,"color":"rgb(44,160,44)"},{"description":"Black","count":33,"tested":104,"color":"rgb(255,127,14)"},{"description":"White","count":482,"tested":2913,"color":"rgb(31,119,180)"},{"description":"Asian","count":27,"tested":71,"color":"rgb(140,86,75)"},{"description":"Hispanic","count":200,"tested":515,"color":"rgb(214,39,40)"}],"gender":[{"description":"Male","count":397,"tested":2858,"color":"rgb(31,119,180)"},{"description":"Female","count":424,"tested":4045,"color":"rgb(255,127,14)"}]}
