{"age":[{"age_group":"<20","count":16,"tested":338},{"age_group":"20-29   ","count":86,"tested":1600},{"age_group":"30-39   ","count":69,"tested":1346},{"age_group":"40-49   ","count":30,"tested":582},{"age_group":"50-59   ","count":27,"tested":574},{"age_group":"60-69   ","count":17,"tested":422},{"age_group":"70-79   ","count":19,"tested":258}],"race":[{"description":"White","count":71,"tested":1125,"color":"rgb(31,119,180)"},{"description":"Left Blank","count":106,"tested":2938,"color":"rgb(44,160,44)"},{"description":"Other","count":13,"tested":177,"color":"rgb(148,103,189)"},{"description":"Black","count":24,"tested":523,"color":"rgb(255,127,14)"},{"description":"Hispanic","count":31,"tested":161,"color":"rgb(214,39,40)"},{"description":"Asian","count":16,"tested":319,"color":"rgb(140,86,75)"}],"gender":[{"description":"Male","count":135,"tested":3014,"color":"rgb(31,119,180)"},{"description":"Female","count":101,"tested":2170,"color":"rgb(255,127,14)"}]}
