{"age":[{"age_group":"<20","count":54,"tested":323},{"age_group":"20-29   ","count":42,"tested":168},{"age_group":"30-39   ","count":41,"tested":144},{"age_group":"40-49   ","count":46,"tested":201},{"age_group":"50-59   ","count":40,"tested":201},{"age_group":"60-69   ","count":40,"tested":176}],"race":[{"description":"Left Blank","count":49,"tested":295,"color":"rgb(44,160,44)"},{"description":"White","count":85,"tested":1088,"color":"rgb(31,119,180)"}],"gender":[{"description":"Female","count":71,"tested":843,"color":"rgb(255,127,14)"},{"description":"Male","count":65,"tested":601,"color":"rgb(31,119,180)"}]}
