{"age":[{"age_group":"<20","count":445,"tested":6364},{"age_group":"20-29   ","count":1736,"tested":28655},{"age_group":"30-39   ","count":758,"tested":17429},{"age_group":"40-49   ","count":503,"tested":8024},{"age_group":"50-59   ","count":412,"tested":7471},{"age_group":"60-69   ","count":329,"tested":6112},{"age_group":"70-79   ","count":325,"tested":4189},{"age_group":"80+","count":324,"tested":3488}],"race":[{"description":"Hispanic","count":394,"tested":1743,"color":"rgb(214,39,40)"},{"description":"Left Blank","count":1377,"tested":48680,"color":"rgb(44,160,44)"},{"description":"Other","count":315,"tested":2466,"color":"rgb(148,103,189)"},{"description":"Black","count":348,"tested":2296,"color":"rgb(255,127,14)"},{"description":"Asian","count":242,"tested":1743,"color":"rgb(140,86,75)"},{"description":"White","count":1829,"tested":24760,"color":"rgb(31,119,180)"}],"gender":[{"description":"Unknown/Left Blank","count":202,"tested":1398,"color":"rgb(44,160,44)"},{"description":"Female","count":1977,"tested":46577,"color":"rgb(255,127,14)"},{"description":"Male","count":1848,"tested":33788,"color":"rgb(31,119,180)"}]}
