{"age":[{"age_group":"<20","count":16,"tested":157},{"age_group":"20-29   ","count":30,"tested":147},{"age_group":"30-39   ","count":24,"tested":165},{"age_group":"40-49   ","count":21,"tested":99},{"age_group":"50-59   ","count":27,"tested":192},{"age_group":"60-69   ","count":14,"tested":88}],"race":[{"description":"Left Blank","count":31,"tested":326,"color":"rgb(44,160,44)"},{"description":"Other","count":14,"tested":44,"color":"rgb(148,103,189)"},{"description":"White","count":68,"tested":509,"color":"rgb(31,119,180)"}],"gender":[{"description":"Male","count":60,"tested":387,"color":"rgb(31,119,180)"},{"description":"Female","count":45,"tested":509,"color":"rgb(255,127,14)"}]}
