{"age":[{"age_group":"<20","count":442,"tested":2952},{"age_group":"20-29   ","count":460,"tested":3245},{"age_group":"30-39   ","count":475,"tested":3269},{"age_group":"40-49   ","count":475,"tested":3228},{"age_group":"50-59   ","count":322,"tested":2445},{"age_group":"60-69   ","count":208,"tested":1479},{"age_group":"70-79   ","count":147,"tested":783},{"age_group":"80+","count":92,"tested":423}],"race":[{"description":"Hispanic","count":828,"tested":3610,"color":"rgb(214,39,40)"},{"description":"Asian","count":109,"tested":249,"color":"rgb(140,86,75)"},{"description":"White","count":589,"tested":5708,"color":"rgb(31,119,180)"},{"description":"Black","count":198,"tested":1048,"color":"rgb(255,127,14)"},{"description":"Other","count":128,"tested":646,"color":"rgb(148,103,189)"},{"description":"Left Blank","count":609,"tested":6545,"color":"rgb(44,160,44)"}],"gender":[{"description":"Male","count":1019,"tested":7549,"color":"rgb(31,119,180)"},{"description":"Female","count":1131,"tested":10159,"color":"rgb(255,127,14)"}]}
