{"age":[{"age_group":"<20","count":540,"tested":4924},{"age_group":"20-29   ","count":399,"tested":4461},{"age_group":"30-39   ","count":359,"tested":4405},{"age_group":"40-49   ","count":375,"tested":3696},{"age_group":"50-59   ","count":432,"tested":4703},{"age_group":"60-69   ","count":279,"tested":3636},{"age_group":"70-79   ","count":174,"tested":1969},{"age_group":"80+","count":143,"tested":2242}],"race":[{"description":"Black","count":114,"tested":398,"color":"rgb(255,127,14)"},{"description":"Hispanic","count":225,"tested":732,"color":"rgb(214,39,40)"},{"description":"Asian","count":136,"tested":651,"color":"rgb(140,86,75)"},{"description":"White","count":1165,"tested":11169,"color":"rgb(31,119,180)"},{"description":"Other","count":124,"tested":645,"color":"rgb(148,103,189)"},{"description":"Left Blank","count":800,"tested":16403,"color":"rgb(44,160,44)"}],"gender":[{"description":"Male","count":1147,"tested":13042,"color":"rgb(31,119,180)"},{"description":"Unknown/Left Blank","count":75,"tested":331,"color":"rgb(44,160,44)"},{"description":"Female","count":1154,"tested":16665,"color":"rgb(255,127,14)"}]}
