{"age":[{"age_group":"<20","count":284,"tested":2627},{"age_group":"20-29   ","count":186,"tested":1857},{"age_group":"30-39   ","count":145,"tested":1507},{"age_group":"40-49   ","count":192,"tested":1989},{"age_group":"50-59   ","count":259,"tested":2648},{"age_group":"60-69   ","count":204,"tested":2133},{"age_group":"70-79   ","count":151,"tested":1592},{"age_group":"80+","count":160,"tested":1470}],"race":[{"description":"White","count":620,"tested":5730,"color":"rgb(31,119,180)"},{"description":"Asian","count":99,"tested":513,"color":"rgb(140,86,75)"},{"description":"Black","count":89,"tested":269,"color":"rgb(255,127,14)"},{"description":"Other","count":109,"tested":550,"color":"rgb(148,103,189)"},{"description":"Hispanic","count":117,"tested":230,"color":"rgb(214,39,40)"},{"description":"Left Blank","count":398,"tested":8519,"color":"rgb(44,160,44)"}],"gender":[{"description":"Male","count":549,"tested":6758,"color":"rgb(31,119,180)"},{"description":"Female","count":583,"tested":8957,"color":"rgb(255,127,14)"}]}
