{"age":[{"age_group":"<20","count":189,"tested":1296},{"age_group":"20-29   ","count":181,"tested":1043},{"age_group":"30-39   ","count":158,"tested":968},{"age_group":"40-49   ","count":168,"tested":896},{"age_group":"50-59   ","count":149,"tested":831},{"age_group":"60-69   ","count":109,"tested":587},{"age_group":"70-79   ","count":73,"tested":275},{"age_group":"80+","count":55,"tested":121}],"race":[{"description":"White","count":514,"tested":4006,"color":"rgb(31,119,180)"},{"description":"Left Blank","count":257,"tested":1576,"color":"rgb(44,160,44)"},{"description":"Other","count":76,"tested":275,"color":"rgb(148,103,189)"},{"description":"Hispanic","count":57,"tested":114,"color":"rgb(214,39,40)"}],"gender":[{"description":"Male","count":401,"tested":2514,"color":"rgb(31,119,180)"},{"description":"Female","count":413,"tested":3466,"color":"rgb(255,127,14)"}]}
