{"age":[{"age_group":"<20","count":608,"tested":3098},{"age_group":"20-29   ","count":598,"tested":3080},{"age_group":"30-39   ","count":480,"tested":2477},{"age_group":"40-49   ","count":604,"tested":2880},{"age_group":"50-59   ","count":732,"tested":3814},{"age_group":"60-69   ","count":499,"tested":2635},{"age_group":"70-79   ","count":346,"tested":1465},{"age_group":"80+","count":281,"tested":576}],"race":[{"description":"Black","count":340,"tested":957,"color":"rgb(255,127,14)"},{"description":"Asian","count":267,"tested":209,"color":"rgb(140,86,75)"},{"description":"Other","count":318,"tested":668,"color":"rgb(148,103,189)"},{"description":"White","count":1242,"tested":8300,"color":"rgb(31,119,180)"},{"description":"Left Blank","count":1190,"tested":9498,"color":"rgb(44,160,44)"},{"description":"Hispanic","count":313,"tested":377,"color":"rgb(214,39,40)"}],"gender":[{"description":"Female","count":1389,"tested":10669,"color":"rgb(255,127,14)"},{"description":"Male","count":1323,"tested":9173,"color":"rgb(31,119,180)"}]}
