{"age":[{"age_group":"<20","count":292,"tested":2831},{"age_group":"20-29   ","count":275,"tested":2545},{"age_group":"30-39   ","count":237,"tested":2580},{"age_group":"40-49   ","count":256,"tested":2423},{"age_group":"50-59   ","count":288,"tested":2721},{"age_group":"60-69   ","count":226,"tested":2729},{"age_group":"70-79   ","count":140,"tested":1580},{"age_group":"80+","count":161,"tested":2201}],"race":[{"description":"Black","count":103,"tested":311,"color":"rgb(255,127,14)"},{"description":"Asian","count":100,"tested":424,"color":"rgb(140,86,75)"},{"description":"Hispanic","count":157,"tested":345,"color":"rgb(214,39,40)"},{"description":"White","count":760,"tested":8868,"color":"rgb(31,119,180)"},{"description":"Other","count":101,"tested":554,"color":"rgb(148,103,189)"},{"description":"Left Blank","count":499,"tested":9097,"color":"rgb(44,160,44)"}],"gender":[{"description":"Female","count":723,"tested":11152,"color":"rgb(255,127,14)"},{"description":"Male","count":681,"tested":8029,"color":"rgb(31,119,180)"},{"description":"Unknown/Left Blank","count":86,"tested":433,"color":"rgb(44,160,44)"}]}
