{"age":[{"age_group":"<20","count":383,"tested":2023},{"age_group":"20-29   ","count":367,"tested":1886},{"age_group":"30-39   ","count":353,"tested":2346},{"age_group":"40-49   ","count":386,"tested":2452},{"age_group":"50-59   ","count":385,"tested":2246},{"age_group":"60-69   ","count":286,"tested":1971},{"age_group":"70-79   ","count":241,"tested":1453},{"age_group":"80+","count":211,"tested":969}],"race":[{"description":"Black","count":173,"tested":200,"color":"rgb(255,127,14)"},{"description":"Asian","count":255,"tested":869,"color":"rgb(140,86,75)"},{"description":"Hispanic","count":314,"tested":840,"color":"rgb(214,39,40)"},{"description":"Left Blank","count":673,"tested":7337,"color":"rgb(44,160,44)"},{"description":"White","count":697,"tested":5763,"color":"rgb(31,119,180)"},{"description":"Other","count":200,"tested":317,"color":"rgb(148,103,189)"}],"gender":[{"description":"Female","count":899,"tested":8479,"color":"rgb(255,127,14)"},{"description":"Male","count":819,"tested":6679,"color":"rgb(31,119,180)"},{"description":"Unknown/Left Blank","count":155,"tested":193,"color":"rgb(44,160,44)"}]}
