{"age":[{"age_group":"<20","count":150,"tested":1109},{"age_group":"20-29   ","count":192,"tested":1791},{"age_group":"30-39   ","count":212,"tested":2097},{"age_group":"40-49   ","count":205,"tested":1870},{"age_group":"50-59   ","count":181,"tested":2084},{"age_group":"60-69   ","count":138,"tested":1675},{"age_group":"70-79   ","count":86,"tested":1416},{"age_group":"80+","count":97,"tested":5550}],"race":[{"description":"White","count":290,"tested":2573,"color":"rgb(31,119,180)"},{"description":"Left Blank","count":465,"tested":12857,"color":"rgb(44,160,44)"},{"description":"Other","count":66,"tested":321,"color":"rgb(148,103,189)"},{"description":"Black","count":56,"tested":288,"color":"rgb(255,127,14)"},{"description":"Hispanic","count":189,"tested":645,"color":"rgb(214,39,40)"},{"description":"Asian","count":135,"tested":903,"color":"rgb(140,86,75)"}],"gender":[{"description":"Female","count":588,"tested":10808,"color":"rgb(255,127,14)"},{"description":"Male","count":501,"tested":6337,"color":"rgb(31,119,180)"}]}
