{"age":[{"age_group":"<20","count":39,"tested":256},{"age_group":"20-29   ","count":26,"tested":117},{"age_group":"30-39   ","count":27,"tested":172},{"age_group":"40-49   ","count":33,"tested":163},{"age_group":"50-59   ","count":25,"tested":183},{"age_group":"60-69   ","count":30,"tested":269},{"age_group":"70-79   ","count":19,"tested":156},{"age_group":"80+","count":8,"tested":65}],"race":[{"description":"White","count":142,"tested":893,"color":"rgb(31,119,180)"},{"description":"Left Blank","count":48,"tested":447,"color":"rgb(44,160,44)"}],"gender":[{"description":"Female","count":104,"tested":740,"color":"rgb(255,127,14)"},{"description":"Male","count":91,"tested":616,"color":"rgb(31,119,180)"}]}
