{"age":[{"age_group":"<20","count":256,"tested":3198},{"age_group":"20-29   ","count":628,"tested":14278},{"age_group":"30-39   ","count":721,"tested":17516},{"age_group":"40-49   ","count":504,"tested":9311},{"age_group":"50-59   ","count":478,"tested":10032},{"age_group":"60-69   ","count":389,"tested":7705},{"age_group":"70-79   ","count":274,"tested":4088},{"age_group":"80+","count":254,"tested":4609}],"race":[{"description":"Asian","count":247,"tested":2730,"color":"rgb(140,86,75)"},{"description":"Hispanic","count":486,"tested":3108,"color":"rgb(214,39,40)"},{"description":"Black","count":460,"tested":5749,"color":"rgb(255,127,14)"},{"description":"White","count":1002,"tested":20267,"color":"rgb(31,119,180)"},{"description":"Other","count":188,"tested":2257,"color":"rgb(148,103,189)"},{"description":"Left Blank","count":1002,"tested":36536,"color":"rgb(44,160,44)"},{"description":"AI/AN**","count":61,"tested":44,"color":"rgb(31,119,180)"}],"gender":[{"description":"Female","count":1499,"tested":34368,"color":"rgb(255,127,14)"},{"description":"Male","count":1598,"tested":32466,"color":"rgb(31,119,180)"},{"description":"Unknown/Left Blank","count":137,"tested":3928,"color":"rgb(44,160,44)"}]}
