{"age":[{"age_group":"<20","count":163,"tested":979},{"age_group":"20-29   ","count":175,"tested":1588},{"age_group":"30-39   ","count":189,"tested":1928},{"age_group":"40-49   ","count":179,"tested":1750},{"age_group":"50-59   ","count":209,"tested":2295},{"age_group":"60-69   ","count":175,"tested":2440},{"age_group":"70-79   ","count":114,"tested":1523},{"age_group":"80+","count":65,"tested":952}],"race":[{"description":"Black","count":183,"tested":1603,"color":"rgb(255,127,14)"},{"description":"Asian","count":46,"tested":293,"color":"rgb(140,86,75)"},{"description":"Other","count":89,"tested":569,"color":"rgb(148,103,189)"},{"description":"White","count":311,"tested":4042,"color":"rgb(31,119,180)"},{"description":"Left Blank","count":390,"tested":5837,"color":"rgb(44,160,44)"},{"description":"Hispanic","count":206,"tested":1091,"color":"rgb(214,39,40)"}],"gender":[{"description":"Female","count":581,"tested":7738,"color":"rgb(255,127,14)"},{"description":"Male","count":557,"tested":5584,"color":"rgb(31,119,180)"}]}
