{"age":[{"age_group":"<20","count":7,"tested":75},{"age_group":"20-29   ","count":8,"tested":77},{"age_group":"30-39   ","count":6,"tested":52},{"age_group":"50-59   ","count":9,"tested":92}],"race":[{"description":"White","count":25,"tested":185,"color":"rgb(31,119,180)"},{"description":"Other","count":6,"tested":41,"color":"rgb(148,103,189)"}],"gender":[{"description":"Female","count":17,"tested":236,"color":"rgb(255,127,14)"},{"description":"Male","count":19,"tested":207,"color":"rgb(31,119,180)"}]}
