{"age":[{"age_group":"<20","count":151,"tested":707},{"age_group":"20-29   ","count":208,"tested":1499},{"age_group":"30-39   ","count":184,"tested":1392},{"age_group":"40-49   ","count":176,"tested":1191},{"age_group":"50-59   ","count":153,"tested":1362},{"age_group":"60-69   ","count":147,"tested":1219},{"age_group":"70-79   ","count":75,"tested":643},{"age_group":"80+","count":61,"tested":278}],"race":[{"description":"Other","count":97,"tested":441,"color":"rgb(148,103,189)"},{"description":"White","count":314,"tested":2378,"color":"rgb(31,119,180)"},{"description":"Asian","count":53,"tested":122,"color":"rgb(140,86,75)"},{"description":"Hispanic","count":125,"tested":429,"color":"rgb(214,39,40)"},{"description":"Left Blank","count":441,"tested":4708,"color":"rgb(44,160,44)"},{"description":"Black","count":52,"tested":205,"color":"rgb(255,127,14)"}],"gender":[{"description":"Male","count":457,"tested":3399,"color":"rgb(31,119,180)"},{"description":"Female","count":478,"tested":4346,"color":"rgb(255,127,14)"}]}
