{"lastUpdatedDate":{"year":2021,"month":9,"day":23},"county_demographics":[{"County":"Kane","confirmed_cases":65993,"total_tested":901636,"demographics":{"age":[{"race":[],"age_group":"<20","count":12728,"tested":158872,"deaths":0},{"race":[],"age_group":"20-29   ","count":11910,"tested":150769,"deaths":0},{"race":[],"age_group":"30-39   ","count":10391,"tested":129304,"deaths":0},{"race":[],"age_group":"40-49   ","count":10764,"tested":119615,"deaths":0},{"race":[],"age_group":"50-59   ","count":9795,"tested":128097,"deaths":0},{"race":[],"age_group":"60-69   ","count":5766,"tested":97132,"deaths":0},{"race":[],"age_group":"70-79   ","count":2745,"tested":61677,"deaths":0},{"race":[],"age_group":"80+","count":1867,"tested":55595,"deaths":0},{"race":[],"age_group":"Unknown","count":27,"tested":575,"deaths":0}],"race":[{"description":"AI/AN**","count":77,"tested":928,"deaths":0,"color":"rgb(31,119,180)"},{"description":"Asian","count":1469,"tested":27146,"deaths":0,"color":"rgb(140,86,75)"},{"description":"Black","count":2682,"tested":38169,"deaths":0,"color":"rgb(255,127,14)"},{"description":"Hispanic","count":20885,"tested":132940,"deaths":0,"color":"rgb(214,39,40)"},{"description":"Left Blank","count":15671,"tested":374358,"deaths":0,"color":"rgb(44,160,44)"},{"description":"NH/PI*","count":52,"tested":787,"deaths":0,"color":"rgb(127,127,127)"},{"description":"Other","count":1736,"tested":24417,"deaths":0,"color":"rgb(148,103,189)"},{"description":"White","count":23421,"tested":302891,"deaths":0,"color":"rgb(31,119,180)"}],"gender":[{"description":"Female","count":33789,"tested":499284,"deaths":0,"color":"rgb(255,127,14)"},{"description":"Male","count":31833,"tested":378775,"deaths":0,"color":"rgb(31,119,180)"},{"description":"Unknown/Left Blank","count":371,"tested":23577,"deaths":0,"color":"rgb(44,160,44)"}]}}]}
