{"lastUpdatedDate":{"year":2021,"month":9,"day":23},"county_demographics":[{"County":"Sangamon","confirmed_cases":24663,"total_tested":506338,"demographics":{"age":[{"race":[],"age_group":"<20","count":4835,"tested":80996,"deaths":0},{"race":[],"age_group":"20-29   ","count":4051,"tested":90816,"deaths":0},{"race":[],"age_group":"30-39   ","count":3727,"tested":78745,"deaths":0},{"race":[],"age_group":"40-49   ","count":3377,"tested":68056,"deaths":0},{"race":[],"age_group":"50-59   ","count":3442,"tested":69889,"deaths":0},{"race":[],"age_group":"60-69   ","count":2653,"tested":56671,"deaths":0},{"race":[],"age_group":"70-79   ","count":1519,"tested":34329,"deaths":0},{"race":[],"age_group":"80+","count":1058,"tested":26742,"deaths":0},{"race":[],"age_group":"Unknown","count":0,"tested":94,"deaths":0}],"race":[{"description":"AI/AN**","count":12,"tested":514,"deaths":0,"color":"rgb(31,119,180)"},{"description":"Asian","count":196,"tested":6610,"deaths":0,"color":"rgb(140,86,75)"},{"description":"Black","count":3154,"tested":48082,"deaths":0,"color":"rgb(255,127,14)"},{"description":"Hispanic","count":330,"tested":5893,"deaths":0,"color":"rgb(214,39,40)"},{"description":"Left Blank","count":8051,"tested":179477,"deaths":0,"color":"rgb(44,160,44)"},{"description":"NH/PI*","count":39,"tested":4571,"deaths":0,"color":"rgb(127,127,127)"},{"description":"Other","count":400,"tested":12591,"deaths":0,"color":"rgb(148,103,189)"},{"description":"White","count":12477,"tested":248600,"deaths":0,"color":"rgb(31,119,180)"}],"gender":[{"description":"Female","count":12687,"tested":289839,"deaths":0,"color":"rgb(255,127,14)"},{"description":"Male","count":10815,"tested":206662,"deaths":0,"color":"rgb(31,119,180)"},{"description":"Unknown/Left Blank","count":1161,"tested":9837,"deaths":0,"color":"rgb(44,160,44)"}]}}]}
