{"lastUpdatedDate":{"year":2021,"month":9,"day":23},"county_demographics":[{"County":"McHenry","confirmed_cases":33116,"total_tested":463333,"demographics":{"age":[{"race":[],"age_group":"<20","count":5891,"tested":82767,"deaths":0},{"race":[],"age_group":"20-29   ","count":5589,"tested":68271,"deaths":0},{"race":[],"age_group":"30-39   ","count":5048,"tested":64184,"deaths":0},{"race":[],"age_group":"40-49   ","count":5068,"tested":59421,"deaths":0},{"race":[],"age_group":"50-59   ","count":5508,"tested":70371,"deaths":0},{"race":[],"age_group":"60-69   ","count":3430,"tested":54235,"deaths":0},{"race":[],"age_group":"70-79   ","count":1532,"tested":33473,"deaths":0},{"race":[],"age_group":"80+","count":1045,"tested":30525,"deaths":0},{"race":[],"age_group":"Unknown","count":0,"tested":86,"deaths":0}],"race":[{"description":"AI/AN**","count":45,"tested":619,"deaths":0,"color":"rgb(31,119,180)"},{"description":"Asian","count":576,"tested":8891,"deaths":0,"color":"rgb(140,86,75)"},{"description":"Black","count":399,"tested":5604,"deaths":0,"color":"rgb(255,127,14)"},{"description":"Hispanic","count":5113,"tested":35796,"deaths":0,"color":"rgb(214,39,40)"},{"description":"Left Blank","count":7706,"tested":163554,"deaths":0,"color":"rgb(44,160,44)"},{"description":"NH/PI*","count":30,"tested":860,"deaths":0,"color":"rgb(127,127,127)"},{"description":"Other","count":691,"tested":9884,"deaths":0,"color":"rgb(148,103,189)"},{"description":"White","count":18553,"tested":238125,"deaths":0,"color":"rgb(31,119,180)"}],"gender":[{"description":"Female","count":16878,"tested":265038,"deaths":0,"color":"rgb(255,127,14)"},{"description":"Male","count":16074,"tested":193282,"deaths":0,"color":"rgb(31,119,180)"},{"description":"Unknown/Left Blank","count":164,"tested":5013,"deaths":0,"color":"rgb(44,160,44)"}]}}]}
