{"lastUpdatedDate":{"year":2021,"month":9,"day":23},"county_demographics":[{"County":"Warren","confirmed_cases":2260,"total_tested":27442,"demographics":{"age":[{"race":[],"age_group":"<20","count":354,"tested":4634,"deaths":0},{"race":[],"age_group":"20-29   ","count":307,"tested":5768,"deaths":0},{"race":[],"age_group":"30-39   ","count":345,"tested":3766,"deaths":0},{"race":[],"age_group":"40-49   ","count":364,"tested":3546,"deaths":0},{"race":[],"age_group":"50-59   ","count":320,"tested":3497,"deaths":0},{"race":[],"age_group":"60-69   ","count":264,"tested":3003,"deaths":0},{"race":[],"age_group":"70-79   ","count":173,"tested":1865,"deaths":0},{"race":[],"age_group":"80+","count":133,"tested":1360,"deaths":0},{"race":[],"age_group":"Unknown","count":0,"tested":0,"deaths":0}],"race":[{"description":"AI/AN**","count":0,"tested":24,"deaths":0,"color":"rgb(31,119,180)"},{"description":"Asian","count":20,"tested":138,"deaths":0,"color":"rgb(140,86,75)"},{"description":"Black","count":55,"tested":479,"deaths":0,"color":"rgb(255,127,14)"},{"description":"Hispanic","count":182,"tested":1247,"deaths":0,"color":"rgb(214,39,40)"},{"description":"Left Blank","count":563,"tested":10440,"deaths":0,"color":"rgb(44,160,44)"},{"description":"NH/PI*","count":0,"tested":17,"deaths":0,"color":"rgb(127,127,127)"},{"description":"Other","count":37,"tested":988,"deaths":0,"color":"rgb(148,103,189)"},{"description":"White","count":1397,"tested":14109,"deaths":0,"color":"rgb(31,119,180)"}],"gender":[{"description":"Female","count":1187,"tested":14870,"deaths":0,"color":"rgb(255,127,14)"},{"description":"Male","count":1023,"tested":10938,"deaths":0,"color":"rgb(31,119,180)"},{"description":"Unknown/Left Blank","count":46,"tested":1634,"deaths":0,"color":"rgb(44,160,44)"}]}}]}
