{"lastUpdatedDate":{"year":2021,"month":9,"day":23},"county_demographics":[{"County":"Schuyler","confirmed_cases":972,"total_tested":21120,"demographics":{"age":[{"race":[],"age_group":"<20","count":145,"tested":1713,"deaths":0},{"race":[],"age_group":"20-29   ","count":94,"tested":2131,"deaths":0},{"race":[],"age_group":"30-39   ","count":135,"tested":2988,"deaths":0},{"race":[],"age_group":"40-49   ","count":128,"tested":3724,"deaths":0},{"race":[],"age_group":"50-59   ","count":165,"tested":4820,"deaths":0},{"race":[],"age_group":"60-69   ","count":148,"tested":3458,"deaths":0},{"race":[],"age_group":"70-79   ","count":83,"tested":1387,"deaths":0},{"race":[],"age_group":"80+","count":74,"tested":868,"deaths":0},{"race":[],"age_group":"Unknown","count":0,"tested":31,"deaths":0}],"race":[{"description":"AI/AN**","count":0,"tested":15,"deaths":0,"color":"rgb(31,119,180)"},{"description":"Asian","count":0,"tested":11,"deaths":0,"color":"rgb(140,86,75)"},{"description":"Black","count":34,"tested":537,"deaths":0,"color":"rgb(255,127,14)"},{"description":"Hispanic","count":7,"tested":154,"deaths":0,"color":"rgb(214,39,40)"},{"description":"Left Blank","count":153,"tested":3774,"deaths":0,"color":"rgb(44,160,44)"},{"description":"NH/PI*","count":0,"tested":0,"deaths":0,"color":"rgb(127,127,127)"},{"description":"Other","count":0,"tested":330,"deaths":0,"color":"rgb(148,103,189)"},{"description":"White","count":767,"tested":16299,"deaths":0,"color":"rgb(31,119,180)"}],"gender":[{"description":"Female","count":498,"tested":8784,"deaths":0,"color":"rgb(255,127,14)"},{"description":"Male","count":448,"tested":11719,"deaths":0,"color":"rgb(31,119,180)"},{"description":"Unknown/Left Blank","count":26,"tested":617,"deaths":0,"color":"rgb(44,160,44)"}]}}]}
