{"lastUpdatedDate":{"year":2021,"month":9,"day":3},"county_demographics":[{"County":"Peoria","confirmed_cases":25040,"total_tested":404608,"demographics":{"age":[{"race":[],"age_group":"<20","count":5230,"tested":81543,"deaths":0},{"race":[],"age_group":"20-29   ","count":4567,"tested":68708,"deaths":0},{"race":[],"age_group":"30-39   ","count":3900,"tested":60846,"deaths":0},{"race":[],"age_group":"40-49   ","count":3493,"tested":51265,"deaths":0},{"race":[],"age_group":"50-59   ","count":3392,"tested":51217,"deaths":0},{"race":[],"age_group":"60-69   ","count":2419,"tested":42600,"deaths":0},{"race":[],"age_group":"70-79   ","count":1228,"tested":25239,"deaths":0},{"race":[],"age_group":"80+","count":811,"tested":22902,"deaths":0},{"race":[],"age_group":"Unknown","count":0,"tested":288,"deaths":0}],"race":[{"description":"AI/AN**","count":23,"tested":321,"deaths":0,"color":"rgb(31,119,180)"},{"description":"Asian","count":347,"tested":3918,"deaths":0,"color":"rgb(140,86,75)"},{"description":"Black","count":5410,"tested":41466,"deaths":0,"color":"rgb(255,127,14)"},{"description":"Hispanic","count":1456,"tested":7296,"deaths":0,"color":"rgb(214,39,40)"},{"description":"Left Blank","count":1692,"tested":198731,"deaths":0,"color":"rgb(44,160,44)"},{"description":"NH/PI*","count":21,"tested":251,"deaths":0,"color":"rgb(127,127,127)"},{"description":"Other","count":624,"tested":14232,"deaths":0,"color":"rgb(148,103,189)"},{"description":"White","count":15461,"tested":138393,"deaths":0,"color":"rgb(31,119,180)"}],"gender":[{"description":"Female","count":13450,"tested":226860,"deaths":0,"color":"rgb(255,127,14)"},{"description":"Male","count":11416,"tested":163063,"deaths":0,"color":"rgb(31,119,180)"},{"description":"Unknown/Left Blank","count":172,"tested":14685,"deaths":0,"color":"rgb(44,160,44)"}]}}]}
