{"lastUpdatedDate":{"year":2021,"month":9,"day":3},"county_demographics":[{"County":"Douglas","confirmed_cases":2896,"total_tested":41773,"demographics":{"age":[{"race":[],"age_group":"<20","count":609,"tested":8937,"deaths":0},{"race":[],"age_group":"20-29   ","count":455,"tested":6218,"deaths":0},{"race":[],"age_group":"30-39   ","count":398,"tested":5252,"deaths":0},{"race":[],"age_group":"40-49   ","count":408,"tested":5191,"deaths":0},{"race":[],"age_group":"50-59   ","count":380,"tested":4492,"deaths":0},{"race":[],"age_group":"60-69   ","count":338,"tested":5033,"deaths":0},{"race":[],"age_group":"70-79   ","count":164,"tested":3134,"deaths":0},{"race":[],"age_group":"80+","count":144,"tested":3346,"deaths":0},{"race":[],"age_group":"Unknown","count":0,"tested":170,"deaths":0}],"race":[{"description":"AI/AN**","count":0,"tested":23,"deaths":0,"color":"rgb(31,119,180)"},{"description":"Asian","count":11,"tested":116,"deaths":0,"color":"rgb(140,86,75)"},{"description":"Black","count":8,"tested":260,"deaths":0,"color":"rgb(255,127,14)"},{"description":"Hispanic","count":322,"tested":2361,"deaths":0,"color":"rgb(214,39,40)"},{"description":"Left Blank","count":425,"tested":6713,"deaths":0,"color":"rgb(44,160,44)"},{"description":"NH/PI*","count":0,"tested":37,"deaths":0,"color":"rgb(127,127,127)"},{"description":"Other","count":80,"tested":995,"deaths":0,"color":"rgb(148,103,189)"},{"description":"White","count":2048,"tested":31268,"deaths":0,"color":"rgb(31,119,180)"}],"gender":[{"description":"Female","count":1456,"tested":24822,"deaths":0,"color":"rgb(255,127,14)"},{"description":"Male","count":1418,"tested":16667,"deaths":0,"color":"rgb(31,119,180)"},{"description":"Unknown/Left Blank","count":19,"tested":284,"deaths":0,"color":"rgb(44,160,44)"}]}}]}
