{"lastUpdatedDate":{"year":2021,"month":9,"day":3},"county_demographics":[{"County":"Lake","confirmed_cases":74323,"total_tested":1370073,"demographics":{"age":[{"race":[],"age_group":"<20","count":14711,"tested":312919,"deaths":0},{"race":[],"age_group":"20-29   ","count":13451,"tested":202942,"deaths":0},{"race":[],"age_group":"30-39   ","count":10884,"tested":166735,"deaths":0},{"race":[],"age_group":"40-49   ","count":11497,"tested":169717,"deaths":0},{"race":[],"age_group":"50-59   ","count":11194,"tested":191296,"deaths":0},{"race":[],"age_group":"60-69   ","count":6842,"tested":150561,"deaths":0},{"race":[],"age_group":"70-79   ","count":3219,"tested":85711,"deaths":0},{"race":[],"age_group":"80+","count":2506,"tested":89710,"deaths":0},{"race":[],"age_group":"Unknown","count":19,"tested":482,"deaths":0}],"race":[{"description":"AI/AN**","count":110,"tested":1994,"deaths":0,"color":"rgb(31,119,180)"},{"description":"Asian","count":2106,"tested":56659,"deaths":0,"color":"rgb(140,86,75)"},{"description":"Black","count":4196,"tested":59128,"deaths":0,"color":"rgb(255,127,14)"},{"description":"Hispanic","count":20686,"tested":155660,"deaths":0,"color":"rgb(214,39,40)"},{"description":"Left Blank","count":17598,"tested":502682,"deaths":0,"color":"rgb(44,160,44)"},{"description":"NH/PI*","count":141,"tested":3032,"deaths":0,"color":"rgb(127,127,127)"},{"description":"Other","count":3373,"tested":45594,"deaths":0,"color":"rgb(148,103,189)"},{"description":"White","count":26113,"tested":545324,"deaths":0,"color":"rgb(31,119,180)"}],"gender":[{"description":"Female","count":37287,"tested":754387,"deaths":0,"color":"rgb(255,127,14)"},{"description":"Male","count":36448,"tested":587730,"deaths":0,"color":"rgb(31,119,180)"},{"description":"Unknown/Left Blank","count":588,"tested":27956,"deaths":0,"color":"rgb(44,160,44)"}]}}]}
