{"lastUpdatedDate":{"year":2021,"month":9,"day":3},"county_demographics":[{"County":"Gallatin","confirmed_cases":668,"total_tested":6015,"demographics":{"age":[{"race":[],"age_group":"<20","count":129,"tested":1095,"deaths":0},{"race":[],"age_group":"20-29   ","count":93,"tested":860,"deaths":0},{"race":[],"age_group":"30-39   ","count":86,"tested":918,"deaths":0},{"race":[],"age_group":"40-49   ","count":88,"tested":790,"deaths":0},{"race":[],"age_group":"50-59   ","count":81,"tested":882,"deaths":0},{"race":[],"age_group":"60-69   ","count":79,"tested":680,"deaths":0},{"race":[],"age_group":"70-79   ","count":67,"tested":558,"deaths":0},{"race":[],"age_group":"80+","count":32,"tested":229,"deaths":0},{"race":[],"age_group":"Unknown","count":0,"tested":0,"deaths":0}],"race":[{"description":"AI/AN**","count":0,"tested":0,"deaths":0,"color":"rgb(31,119,180)"},{"description":"Asian","count":0,"tested":0,"deaths":0,"color":"rgb(140,86,75)"},{"description":"Black","count":0,"tested":34,"deaths":0,"color":"rgb(255,127,14)"},{"description":"Hispanic","count":10,"tested":38,"deaths":0,"color":"rgb(214,39,40)"},{"description":"Left Blank","count":197,"tested":2874,"deaths":0,"color":"rgb(44,160,44)"},{"description":"NH/PI*","count":0,"tested":0,"deaths":0,"color":"rgb(127,127,127)"},{"description":"Other","count":0,"tested":28,"deaths":0,"color":"rgb(148,103,189)"},{"description":"White","count":448,"tested":3033,"deaths":0,"color":"rgb(31,119,180)"}],"gender":[{"description":"Female","count":358,"tested":3917,"deaths":0,"color":"rgb(255,127,14)"},{"description":"Male","count":300,"tested":1946,"deaths":0,"color":"rgb(31,119,180)"},{"description":"Unknown/Left Blank","count":10,"tested":152,"deaths":0,"color":"rgb(44,160,44)"}]}}]}
