{"lastUpdatedDate":{"year":2021,"month":9,"day":3},"county_demographics":[{"County":"Henderson","confirmed_cases":594,"total_tested":8600,"demographics":{"age":[{"race":[],"age_group":"<20","count":71,"tested":1150,"deaths":0},{"race":[],"age_group":"20-29   ","count":67,"tested":932,"deaths":0},{"race":[],"age_group":"30-39   ","count":81,"tested":1318,"deaths":0},{"race":[],"age_group":"40-49   ","count":90,"tested":1042,"deaths":0},{"race":[],"age_group":"50-59   ","count":98,"tested":1277,"deaths":0},{"race":[],"age_group":"60-69   ","count":90,"tested":1157,"deaths":0},{"race":[],"age_group":"70-79   ","count":43,"tested":880,"deaths":0},{"race":[],"age_group":"80+","count":44,"tested":843,"deaths":0},{"race":[],"age_group":"Unknown","count":0,"tested":0,"deaths":0}],"race":[{"description":"AI/AN**","count":0,"tested":0,"deaths":0,"color":"rgb(31,119,180)"},{"description":"Asian","count":0,"tested":0,"deaths":0,"color":"rgb(140,86,75)"},{"description":"Black","count":0,"tested":0,"deaths":0,"color":"rgb(255,127,14)"},{"description":"Hispanic","count":0,"tested":45,"deaths":0,"color":"rgb(214,39,40)"},{"description":"Left Blank","count":178,"tested":2336,"deaths":0,"color":"rgb(44,160,44)"},{"description":"Other","count":0,"tested":42,"deaths":0,"color":"rgb(148,103,189)"},{"description":"White","count":411,"tested":6168,"deaths":0,"color":"rgb(31,119,180)"}],"gender":[{"description":"Female","count":335,"tested":5830,"deaths":0,"color":"rgb(255,127,14)"},{"description":"Male","count":244,"tested":2557,"deaths":0,"color":"rgb(31,119,180)"},{"description":"Unknown/Left Blank","count":13,"tested":213,"deaths":0,"color":"rgb(44,160,44)"}]}}]}
