{"lastUpdatedDate":{"year":2021,"month":9,"day":3},"county_demographics":[{"County":"Will","confirmed_cases":84129,"total_tested":1234866,"demographics":{"age":[{"race":[],"age_group":"<20","count":14780,"tested":173236,"deaths":0},{"race":[],"age_group":"20-29   ","count":14776,"tested":199238,"deaths":0},{"race":[],"age_group":"30-39   ","count":12880,"tested":187078,"deaths":0},{"race":[],"age_group":"40-49   ","count":14178,"tested":189282,"deaths":0},{"race":[],"age_group":"50-59   ","count":13793,"tested":195616,"deaths":0},{"race":[],"age_group":"60-69   ","count":7641,"tested":134962,"deaths":0},{"race":[],"age_group":"70-79   ","count":3731,"tested":80940,"deaths":0},{"race":[],"age_group":"80+","count":2322,"tested":72166,"deaths":0},{"race":[],"age_group":"Unknown","count":27,"tested":2348,"deaths":0}],"race":[{"description":"AI/AN**","count":238,"tested":1958,"deaths":0,"color":"rgb(31,119,180)"},{"description":"Asian","count":1945,"tested":38095,"deaths":0,"color":"rgb(140,86,75)"},{"description":"Black","count":7721,"tested":103079,"deaths":0,"color":"rgb(255,127,14)"},{"description":"Hispanic","count":13024,"tested":89727,"deaths":0,"color":"rgb(214,39,40)"},{"description":"Left Blank","count":24877,"tested":551943,"deaths":0,"color":"rgb(44,160,44)"},{"description":"NH/PI*","count":69,"tested":937,"deaths":0,"color":"rgb(127,127,127)"},{"description":"Other","count":2852,"tested":41421,"deaths":0,"color":"rgb(148,103,189)"},{"description":"White","count":33403,"tested":407706,"deaths":0,"color":"rgb(31,119,180)"}],"gender":[{"description":"Female","count":43042,"tested":647416,"deaths":0,"color":"rgb(255,127,14)"},{"description":"Male","count":40310,"tested":530190,"deaths":0,"color":"rgb(31,119,180)"},{"description":"Unknown/Left Blank","count":777,"tested":57260,"deaths":0,"color":"rgb(44,160,44)"}]}}]}
