{"lastUpdatedDate":{"year":2021,"month":9,"day":3},"county_demographics":[{"County":"Brown","confirmed_cases":993,"total_tested":35196,"demographics":{"age":[{"race":[],"age_group":"<20","count":189,"tested":1339,"deaths":0},{"race":[],"age_group":"20-29   ","count":154,"tested":7853,"deaths":0},{"race":[],"age_group":"30-39   ","count":201,"tested":8017,"deaths":0},{"race":[],"age_group":"40-49   ","count":149,"tested":7140,"deaths":0},{"race":[],"age_group":"50-59   ","count":118,"tested":4153,"deaths":0},{"race":[],"age_group":"60-69   ","count":104,"tested":2334,"deaths":0},{"race":[],"age_group":"70-79   ","count":37,"tested":768,"deaths":0},{"race":[],"age_group":"80+","count":37,"tested":748,"deaths":0},{"race":[],"age_group":"Unknown","count":0,"tested":2844,"deaths":0}],"race":[{"description":"AI/AN**","count":0,"tested":0,"deaths":0,"color":"rgb(31,119,180)"},{"description":"Asian","count":0,"tested":6,"deaths":0,"color":"rgb(140,86,75)"},{"description":"Black","count":120,"tested":401,"deaths":0,"color":"rgb(255,127,14)"},{"description":"Hispanic","count":18,"tested":84,"deaths":0,"color":"rgb(214,39,40)"},{"description":"Left Blank","count":172,"tested":28658,"deaths":0,"color":"rgb(44,160,44)"},{"description":"NH/PI*","count":0,"tested":0,"deaths":0,"color":"rgb(127,127,127)"},{"description":"Other","count":8,"tested":63,"deaths":0,"color":"rgb(148,103,189)"},{"description":"White","count":666,"tested":5981,"deaths":0,"color":"rgb(31,119,180)"}],"gender":[{"description":"Female","count":413,"tested":5067,"deaths":0,"color":"rgb(255,127,14)"},{"description":"Male","count":537,"tested":15909,"deaths":0,"color":"rgb(31,119,180)"},{"description":"Unknown/Left Blank","count":43,"tested":14220,"deaths":0,"color":"rgb(44,160,44)"}]}}]}
