{"age":[{"age_group":"<20","count":91,"tested":2074},{"age_group":"20-29   ","count":92,"tested":3407},{"age_group":"30-39   ","count":52,"tested":2084},{"age_group":"40-49   ","count":77,"tested":2953},{"age_group":"50-59   ","count":101,"tested":3339},{"age_group":"60-69   ","count":63,"tested":2744},{"age_group":"70-79   ","count":57,"tested":2406},{"age_group":"80+","count":105,"tested":6297}],"race":[{"description":"Other","count":40,"tested":574,"color":"rgb(148,103,189)"},{"description":"Left Blank","count":166,"tested":14490,"color":"rgb(44,160,44)"},{"description":"White","count":372,"tested":7149,"color":"rgb(31,119,180)"},{"description":"Asian","count":30,"tested":1414,"color":"rgb(140,86,75)"},{"description":"Hispanic","count":23,"tested":1105,"color":"rgb(214,39,40)"},{"description":"Black","count":6,"tested":570,"color":"rgb(255,127,14)"}],"gender":[{"description":"Unknown/Left Blank","count":9,"tested":1074,"color":"rgb(44,160,44)"},{"description":"Male","count":294,"tested":8882,"color":"rgb(31,119,180)"},{"description":"Female","count":336,"tested":15405,"color":"rgb(255,127,14)"}]}
