{"age":[{"age_group":"<20","count":38,"tested":507},{"age_group":"20-29   ","count":27,"tested":363},{"age_group":"30-39   ","count":30,"tested":316},{"age_group":"40-49   ","count":38,"tested":271},{"age_group":"50-59   ","count":45,"tested":511},{"age_group":"60-69   ","count":33,"tested":362},{"age_group":"70-79   ","count":19,"tested":218},{"age_group":"80+","count":45,"tested":151}],"race":[{"description":"White","count":245,"tested":1672,"color":"rgb(31,119,180)"},{"description":"Left Blank","count":16,"tested":910,"color":"rgb(44,160,44)"},{"description":"Hispanic","count":8,"tested":41,"color":"rgb(214,39,40)"}],"gender":[{"description":"Male","count":121,"tested":998,"color":"rgb(31,119,180)"},{"description":"Female","count":154,"tested":1680,"color":"rgb(255,127,14)"}]}
