{"age":[{"age_group":"<20","count":617,"tested":6394},{"age_group":"20-29   ","count":597,"tested":7612},{"age_group":"30-39   ","count":647,"tested":7019},{"age_group":"40-49   ","count":505,"tested":6458},{"age_group":"50-59   ","count":464,"tested":6479},{"age_group":"60-69   ","count":385,"tested":5911},{"age_group":"70-79   ","count":246,"tested":4051},{"age_group":"80+","count":150,"tested":3767}],"race":[{"description":"Hispanic","count":940,"tested":3786,"color":"rgb(214,39,40)"},{"description":"Other","count":72,"tested":829,"color":"rgb(148,103,189)"},{"description":"Black","count":396,"tested":3392,"color":"rgb(255,127,14)"},{"description":"Asian","count":123,"tested":666,"color":"rgb(140,86,75)"},{"description":"White","count":1661,"tested":13287,"color":"rgb(31,119,180)"},{"description":"Left Blank","count":416,"tested":25710,"color":"rgb(44,160,44)"}],"gender":[{"description":"Unknown/Left Blank","count":12,"tested":1076,"color":"rgb(44,160,44)"},{"description":"Male","count":1678,"tested":17831,"color":"rgb(31,119,180)"},{"description":"Female","count":1921,"tested":28796,"color":"rgb(255,127,14)"}]}
