{"age":[{"age_group":"20-29   ","count":25,"tested":803},{"age_group":"30-39   ","count":22,"tested":769},{"age_group":"40-49   ","count":14,"tested":311},{"age_group":"50-59   ","count":9,"tested":330}],"race":[{"description":"White","count":26,"tested":961,"color":"rgb(31,119,180)"},{"description":"Asian","count":7,"tested":434,"color":"rgb(140,86,75)"},{"description":"Black","count":9,"tested":182,"color":"rgb(255,127,14)"},{"description":"Other","count":6,"tested":135,"color":"rgb(148,103,189)"},{"description":"Left Blank","count":24,"tested":894,"color":"rgb(44,160,44)"},{"description":"Hispanic","count":8,"tested":133,"color":"rgb(214,39,40)"}],"gender":[{"description":"Male","count":45,"tested":1665,"color":"rgb(31,119,180)"},{"description":"Female","count":35,"tested":1054,"color":"rgb(255,127,14)"}]}
