{"age":[{"age_group":"<20","count":454,"tested":7772},{"age_group":"20-29   ","count":1534,"tested":29774},{"age_group":"30-39   ","count":1510,"tested":34965},{"age_group":"40-49   ","count":656,"tested":12127},{"age_group":"50-59   ","count":454,"tested":7712},{"age_group":"60-69   ","count":293,"tested":5126},{"age_group":"70-79   ","count":171,"tested":2739},{"age_group":"80+","count":143,"tested":2076}],"race":[{"description":"Asian","count":81,"tested":3101,"color":"rgb(140,86,75)"},{"description":"Left Blank","count":1687,"tested":44511,"color":"rgb(44,160,44)"},{"description":"White","count":1730,"tested":35476,"color":"rgb(31,119,180)"},{"description":"Hispanic","count":1184,"tested":10260,"color":"rgb(214,39,40)"},{"description":"Other","count":261,"tested":4944,"color":"rgb(148,103,189)"},{"description":"Black","count":267,"tested":4071,"color":"rgb(255,127,14)"}],"gender":[{"description":"Female","count":2538,"tested":54133,"color":"rgb(255,127,14)"},{"description":"Unknown/Left Blank","count":157,"tested":2426,"color":"rgb(44,160,44)"},{"description":"Male","count":2521,"tested":45928,"color":"rgb(31,119,180)"}]}
