{"age":[{"age_group":"<20","count":232,"tested":1509},{"age_group":"20-29   ","count":269,"tested":2225},{"age_group":"30-39   ","count":295,"tested":2328},{"age_group":"40-49   ","count":263,"tested":1725},{"age_group":"50-59   ","count":200,"tested":1689},{"age_group":"60-69   ","count":173,"tested":1566},{"age_group":"70-79   ","count":63,"tested":656},{"age_group":"80+","count":29,"tested":451}],"race":[{"description":"Left Blank","count":292,"tested":3966,"color":"rgb(44,160,44)"},{"description":"White","count":573,"tested":4299,"color":"rgb(31,119,180)"},{"description":"Asian","count":57,"tested":527,"color":"rgb(140,86,75)"},{"description":"Hispanic","count":514,"tested":2692,"color":"rgb(214,39,40)"},{"description":"Other","count":63,"tested":511,"color":"rgb(148,103,189)"},{"description":"Black","count":18,"tested":129,"color":"rgb(255,127,14)"}],"gender":[{"description":"Female","count":771,"tested":6500,"color":"rgb(255,127,14)"},{"description":"Male","count":743,"tested":5523,"color":"rgb(31,119,180)"},{"description":"Unknown/Left Blank","count":10,"tested":129,"color":"rgb(44,160,44)"}]}
