{"age":[{"age_group":"<20","count":133,"tested":3178},{"age_group":"20-29   ","count":638,"tested":13456},{"age_group":"30-39   ","count":569,"tested":14823},{"age_group":"40-49   ","count":241,"tested":5974},{"age_group":"50-59   ","count":181,"tested":4615},{"age_group":"60-69   ","count":117,"tested":3436},{"age_group":"70-79   ","count":41,"tested":1515},{"age_group":"80+","count":29,"tested":625}],"race":[{"description":"Other","count":114,"tested":2482,"color":"rgb(148,103,189)"},{"description":"Left Blank","count":749,"tested":21410,"color":"rgb(44,160,44)"},{"description":"White","count":615,"tested":13568,"color":"rgb(31,119,180)"},{"description":"Asian","count":117,"tested":4301,"color":"rgb(140,86,75)"},{"description":"Hispanic","count":120,"tested":1694,"color":"rgb(214,39,40)"},{"description":"Black","count":225,"tested":4085,"color":"rgb(255,127,14)"}],"gender":[{"description":"Female","count":857,"tested":23656,"color":"rgb(255,127,14)"},{"description":"Unknown/Left Blank","count":34,"tested":938,"color":"rgb(44,160,44)"},{"description":"Male","count":1058,"tested":23043,"color":"rgb(31,119,180)"}]}
