{"age":[{"age_group":"<20","count":68,"tested":675},{"age_group":"20-29   ","count":62,"tested":628},{"age_group":"30-39   ","count":67,"tested":494},{"age_group":"40-49   ","count":74,"tested":542},{"age_group":"50-59   ","count":67,"tested":737},{"age_group":"60-69   ","count":45,"tested":485},{"age_group":"70-79   ","count":22,"tested":292},{"age_group":"80+","count":9,"tested":160}],"race":[{"description":"Other","count":12,"tested":136,"color":"rgb(148,103,189)"},{"description":"Hispanic","count":22,"tested":124,"color":"rgb(214,39,40)"},{"description":"Left Blank","count":70,"tested":1108,"color":"rgb(44,160,44)"},{"description":"White","count":307,"tested":2618,"color":"rgb(31,119,180)"}],"gender":[{"description":"Female","count":213,"tested":2205,"color":"rgb(255,127,14)"},{"description":"Male","count":201,"tested":1720,"color":"rgb(31,119,180)"}]}
