{"age":[{"age_group":"<20","count":409,"tested":3044},{"age_group":"20-29   ","count":466,"tested":5233},{"age_group":"30-39   ","count":460,"tested":4875},{"age_group":"40-49   ","count":466,"tested":4607},{"age_group":"50-59   ","count":385,"tested":4582},{"age_group":"60-69   ","count":226,"tested":3361},{"age_group":"70-79   ","count":93,"tested":1679},{"age_group":"80+","count":65,"tested":2505}],"race":[{"description":"Asian","count":51,"tested":625,"color":"rgb(140,86,75)"},{"description":"NH/PI*","count":7,"tested":34,"color":"rgb(127,127,127)"},{"description":"Black","count":22,"tested":280,"color":"rgb(255,127,14)"},{"description":"Other","count":89,"tested":1059,"color":"rgb(148,103,189)"},{"description":"Hispanic","count":1071,"tested":5960,"color":"rgb(214,39,40)"},{"description":"Left Blank","count":593,"tested":15508,"color":"rgb(44,160,44)"},{"description":"White","count":735,"tested":6408,"color":"rgb(31,119,180)"}],"gender":[{"description":"Male","count":1270,"tested":11742,"color":"rgb(31,119,180)"},{"description":"Female","count":1295,"tested":17729,"color":"rgb(255,127,14)"}]}
