{"age":[{"age_group":"<20","count":753,"tested":9813},{"age_group":"20-29   ","count":461,"tested":7250},{"age_group":"30-39   ","count":363,"tested":7396},{"age_group":"40-49   ","count":518,"tested":8287},{"age_group":"50-59   ","count":574,"tested":9490},{"age_group":"60-69   ","count":358,"tested":6892},{"age_group":"70-79   ","count":212,"tested":5153},{"age_group":"80+","count":253,"tested":8728}],"race":[{"description":"Black","count":42,"tested":471,"color":"rgb(255,127,14)"},{"description":"AI/AN**","count":7,"tested":86,"color":"rgb(31,119,180)"},{"description":"Other","count":158,"tested":1461,"color":"rgb(148,103,189)"},{"description":"Asian","count":144,"tested":2945,"color":"rgb(140,86,75)"},{"description":"Left Blank","count":869,"tested":29832,"color":"rgb(44,160,44)"},{"description":"White","count":2021,"tested":26348,"color":"rgb(31,119,180)"},{"description":"Hispanic","count":248,"tested":1824,"color":"rgb(214,39,40)"}],"gender":[{"description":"Male","count":1705,"tested":25173,"color":"rgb(31,119,180)"},{"description":"Unknown/Left Blank","count":40,"tested":1026,"color":"rgb(44,160,44)"},{"description":"Female","count":1747,"tested":36823,"color":"rgb(255,127,14)"}]}
