{"age":[{"age_group":"<20","count":534,"tested":5760},{"age_group":"20-29   ","count":182,"tested":3019},{"age_group":"30-39   ","count":117,"tested":2693},{"age_group":"40-49   ","count":231,"tested":3546},{"age_group":"50-59   ","count":313,"tested":4438},{"age_group":"60-69   ","count":193,"tested":3330},{"age_group":"70-79   ","count":105,"tested":2420},{"age_group":"80+","count":99,"tested":2292}],"race":[{"description":"Hispanic","count":70,"tested":569,"color":"rgb(214,39,40)"},{"description":"Left Blank","count":413,"tested":13603,"color":"rgb(44,160,44)"},{"description":"Asian","count":74,"tested":1130,"color":"rgb(140,86,75)"},{"description":"White","count":1126,"tested":10719,"color":"rgb(31,119,180)"},{"description":"Black","count":24,"tested":506,"color":"rgb(255,127,14)"},{"description":"Other","count":62,"tested":939,"color":"rgb(148,103,189)"}],"gender":[{"description":"Male","count":850,"tested":11970,"color":"rgb(31,119,180)"},{"description":"Female","count":892,"tested":15177,"color":"rgb(255,127,14)"},{"description":"Unknown/Left Blank","count":32,"tested":353,"color":"rgb(44,160,44)"}]}
