{"age":[{"age_group":"<20","count":60,"tested":499},{"age_group":"20-29   ","count":44,"tested":477},{"age_group":"30-39   ","count":59,"tested":777},{"age_group":"40-49   ","count":55,"tested":603},{"age_group":"50-59   ","count":65,"tested":804},{"age_group":"60-69   ","count":52,"tested":795},{"age_group":"70-79   ","count":38,"tested":716},{"age_group":"80+","count":60,"tested":1424}],"race":[{"description":"Hispanic","count":12,"tested":76,"color":"rgb(214,39,40)"},{"description":"Left Blank","count":181,"tested":2884,"color":"rgb(44,160,44)"},{"description":"White","count":235,"tested":3029,"color":"rgb(31,119,180)"}],"gender":[{"description":"Female","count":256,"tested":4081,"color":"rgb(255,127,14)"},{"description":"Male","count":176,"tested":1961,"color":"rgb(31,119,180)"}]}
