{"age":[{"age_group":"<20","count":20,"tested":211},{"age_group":"20-29   ","count":13,"tested":147},{"age_group":"30-39   ","count":7,"tested":127},{"age_group":"40-49   ","count":20,"tested":144},{"age_group":"50-59   ","count":11,"tested":141},{"age_group":"60-69   ","count":18,"tested":232},{"age_group":"70-79   ","count":7,"tested":119}],"race":[{"description":"Left Blank","count":21,"tested":326,"color":"rgb(44,160,44)"},{"description":"White","count":49,"tested":683,"color":"rgb(31,119,180)"},{"description":"Hispanic","count":22,"tested":122,"color":"rgb(214,39,40)"}],"gender":[{"description":"Male","count":50,"tested":518,"color":"rgb(31,119,180)"},{"description":"Female","count":46,"tested":642,"color":"rgb(255,127,14)"}]}
