{"age":[{"age_group":"<20","count":314,"tested":7915},{"age_group":"20-29   ","count":593,"tested":36261},{"age_group":"30-39   ","count":498,"tested":13188},{"age_group":"40-49   ","count":338,"tested":7901},{"age_group":"50-59   ","count":290,"tested":8068},{"age_group":"60-69   ","count":171,"tested":6163},{"age_group":"70-79   ","count":101,"tested":3328},{"age_group":"80+","count":80,"tested":1773}],"race":[{"description":"Asian","count":58,"tested":6880,"color":"rgb(140,86,75)"},{"description":"White","count":278,"tested":27117,"color":"rgb(31,119,180)"},{"description":"Black","count":1306,"tested":22514,"color":"rgb(255,127,14)"},{"description":"Other","count":55,"tested":1334,"color":"rgb(148,103,189)"},{"description":"Hispanic","count":90,"tested":4539,"color":"rgb(214,39,40)"},{"description":"Left Blank","count":593,"tested":21932,"color":"rgb(44,160,44)"}],"gender":[{"description":"Male","count":1046,"tested":35283,"color":"rgb(31,119,180)"},{"description":"Unknown/Left Blank","count":26,"tested":1270,"color":"rgb(44,160,44)"},{"description":"Female","count":1313,"tested":48057,"color":"rgb(255,127,14)"}]}
