{"age":[{"age_group":"<20","count":278,"tested":2398},{"age_group":"20-29   ","count":379,"tested":4638},{"age_group":"30-39   ","count":386,"tested":5393},{"age_group":"40-49   ","count":366,"tested":6042},{"age_group":"50-59   ","count":420,"tested":8345},{"age_group":"60-69   ","count":281,"tested":5573},{"age_group":"70-79   ","count":112,"tested":2441},{"age_group":"80+","count":37,"tested":1147}],"race":[{"description":"Other","count":51,"tested":624,"color":"rgb(148,103,189)"},{"description":"Left Blank","count":655,"tested":11809,"color":"rgb(44,160,44)"},{"description":"Hispanic","count":121,"tested":1073,"color":"rgb(214,39,40)"},{"description":"White","count":349,"tested":6918,"color":"rgb(31,119,180)"},{"description":"Black","count":1068,"tested":15359,"color":"rgb(255,127,14)"},{"description":"Asian","count":9,"tested":131,"color":"rgb(140,86,75)"}],"gender":[{"description":"Female","count":1272,"tested":19946,"color":"rgb(255,127,14)"},{"description":"Male","count":977,"tested":15209,"color":"rgb(31,119,180)"},{"description":"Unknown/Left Blank","count":10,"tested":842,"color":"rgb(44,160,44)"}]}
