{"lastUpdatedDate":{"year":2021,"month":6,"day":29},"county_demographics":[{"County":"Menard","confirmed_cases":1253,"total_tested":21713,"demographics":{"age":[{"race":[],"age_group":"<20","count":197,"tested":3407,"deaths":0},{"race":[],"age_group":"20-29   ","count":181,"tested":2940,"deaths":0},{"race":[],"age_group":"30-39   ","count":163,"tested":3369,"deaths":0},{"race":[],"age_group":"40-49   ","count":182,"tested":3026,"deaths":0},{"race":[],"age_group":"50-59   ","count":217,"tested":3053,"deaths":0},{"race":[],"age_group":"60-69   ","count":130,"tested":2420,"deaths":0},{"race":[],"age_group":"70-79   ","count":91,"tested":1790,"deaths":0},{"race":[],"age_group":"80+","count":92,"tested":1707,"deaths":0},{"race":[],"age_group":"Unknown","count":0,"tested":0,"deaths":0}],"race":[{"description":"AI/AN**","count":0,"tested":23,"deaths":0,"color":"rgb(31,119,180)"},{"description":"Asian","count":0,"tested":18,"deaths":0,"color":"rgb(140,86,75)"},{"description":"Black","count":0,"tested":111,"deaths":0,"color":"rgb(255,127,14)"},{"description":"Hispanic","count":6,"tested":132,"deaths":0,"color":"rgb(214,39,40)"},{"description":"Left Blank","count":556,"tested":7918,"deaths":0,"color":"rgb(44,160,44)"},{"description":"NH/PI*","count":0,"tested":0,"deaths":0,"color":"rgb(127,127,127)"},{"description":"Other","count":0,"tested":194,"deaths":0,"color":"rgb(148,103,189)"},{"description":"White","count":677,"tested":13313,"deaths":0,"color":"rgb(31,119,180)"}],"gender":[{"description":"Female","count":585,"tested":12497,"deaths":0,"color":"rgb(255,127,14)"},{"description":"Male","count":510,"tested":8325,"deaths":0,"color":"rgb(31,119,180)"},{"description":"Unknown/Left Blank","count":158,"tested":891,"deaths":0,"color":"rgb(44,160,44)"}]}}]}
