{"lastUpdatedDate":{"year":2021,"month":6,"day":29},"county_demographics":[{"County":"Brown","confirmed_cases":746,"total_tested":29529,"demographics":{"age":[{"race":[],"age_group":"<20","count":111,"tested":963,"deaths":0},{"race":[],"age_group":"20-29   ","count":120,"tested":6204,"deaths":0},{"race":[],"age_group":"30-39   ","count":150,"tested":6561,"deaths":0},{"race":[],"age_group":"40-49   ","count":119,"tested":6049,"deaths":0},{"race":[],"age_group":"50-59   ","count":94,"tested":3656,"deaths":0},{"race":[],"age_group":"60-69   ","count":87,"tested":2020,"deaths":0},{"race":[],"age_group":"70-79   ","count":22,"tested":638,"deaths":0},{"race":[],"age_group":"80+","count":35,"tested":594,"deaths":0},{"race":[],"age_group":"Unknown","count":0,"tested":2844,"deaths":0}],"race":[{"description":"AI/AN**","count":0,"tested":0,"deaths":0,"color":"rgb(31,119,180)"},{"description":"Asian","count":0,"tested":0,"deaths":0,"color":"rgb(140,86,75)"},{"description":"Black","count":117,"tested":381,"deaths":0,"color":"rgb(255,127,14)"},{"description":"Hispanic","count":17,"tested":73,"deaths":0,"color":"rgb(214,39,40)"},{"description":"Left Blank","count":158,"tested":24537,"deaths":0,"color":"rgb(44,160,44)"},{"description":"Other","count":0,"tested":53,"deaths":0,"color":"rgb(148,103,189)"},{"description":"White","count":451,"tested":4479,"deaths":0,"color":"rgb(31,119,180)"}],"gender":[{"description":"Female","count":297,"tested":4010,"deaths":0,"color":"rgb(255,127,14)"},{"description":"Male","count":392,"tested":11409,"deaths":0,"color":"rgb(31,119,180)"},{"description":"Unknown/Left Blank","count":57,"tested":14110,"deaths":0,"color":"rgb(44,160,44)"}]}}]}
