{"lastUpdatedDate":{"year":2020,"month":12,"day":21},"county_demographics":[{"County":"Clay","confirmed_cases":1140,"total_tested":9436,"demographics":{"age":[{"race":[],"age_group":"<20","count":151,"tested":1564,"deaths":0},{"race":[],"age_group":"20-29   ","count":140,"tested":1361,"deaths":0},{"race":[],"age_group":"30-39   ","count":150,"tested":1202,"deaths":0},{"race":[],"age_group":"40-49   ","count":161,"tested":1092,"deaths":0},{"race":[],"age_group":"50-59   ","count":178,"tested":1319,"deaths":0},{"race":[],"age_group":"60-69   ","count":156,"tested":1279,"deaths":0},{"race":[],"age_group":"70-79   ","count":128,"tested":890,"deaths":0},{"race":[],"age_group":"80+","count":75,"tested":726,"deaths":0},{"race":[],"age_group":"Unknown","count":0,"tested":0,"deaths":0}],"race":[{"description":"AI/AN**","count":0,"tested":6,"deaths":0,"color":"rgb(31,119,180)"},{"description":"Asian","count":0,"tested":28,"deaths":0,"color":"rgb(140,86,75)"},{"description":"Black","count":7,"tested":39,"deaths":0,"color":"rgb(255,127,14)"},{"description":"Hispanic","count":0,"tested":36,"deaths":0,"color":"rgb(214,39,40)"},{"description":"Left Blank","count":126,"tested":1930,"deaths":0,"color":"rgb(44,160,44)"},{"description":"NH/PI*","count":0,"tested":0,"deaths":0,"color":"rgb(127,127,127)"},{"description":"Other","count":6,"tested":193,"deaths":0,"color":"rgb(148,103,189)"},{"description":"White","count":994,"tested":7202,"deaths":0,"color":"rgb(31,119,180)"}],"gender":[{"description":"Female","count":606,"tested":5686,"deaths":0,"color":"rgb(255,127,14)"},{"description":"Male","count":526,"tested":3614,"deaths":0,"color":"rgb(31,119,180)"},{"description":"Unknown/Left Blank","count":0,"tested":136,"deaths":0,"color":"rgb(44,160,44)"}]}}]}
