{"lastUpdatedDate":{"year":2020,"month":12,"day":21},"county_demographics":[{"County":"Stephenson","confirmed_cases":3065,"total_tested":31703,"demographics":{"age":[{"race":[],"age_group":"<20","count":448,"tested":4135,"deaths":0},{"race":[],"age_group":"20-29   ","count":444,"tested":4455,"deaths":0},{"race":[],"age_group":"30-39   ","count":459,"tested":4212,"deaths":0},{"race":[],"age_group":"40-49   ","count":382,"tested":3354,"deaths":0},{"race":[],"age_group":"50-59   ","count":506,"tested":4707,"deaths":0},{"race":[],"age_group":"60-69   ","count":412,"tested":4136,"deaths":0},{"race":[],"age_group":"70-79   ","count":218,"tested":2779,"deaths":0},{"race":[],"age_group":"80+","count":196,"tested":3909,"deaths":0},{"race":[],"age_group":"Unknown","count":0,"tested":16,"deaths":0}],"race":[{"description":"AI/AN**","count":0,"tested":14,"deaths":0,"color":"rgb(31,119,180)"},{"description":"Asian","count":14,"tested":89,"deaths":0,"color":"rgb(140,86,75)"},{"description":"Black","count":171,"tested":1331,"deaths":0,"color":"rgb(255,127,14)"},{"description":"Hispanic","count":119,"tested":488,"deaths":0,"color":"rgb(214,39,40)"},{"description":"Left Blank","count":704,"tested":13564,"deaths":0,"color":"rgb(44,160,44)"},{"description":"NH/PI*","count":0,"tested":11,"deaths":0,"color":"rgb(127,127,127)"},{"description":"Other","count":36,"tested":354,"deaths":0,"color":"rgb(148,103,189)"},{"description":"White","count":2006,"tested":15852,"deaths":0,"color":"rgb(31,119,180)"}],"gender":[{"description":"Female","count":1671,"tested":19796,"deaths":0,"color":"rgb(255,127,14)"},{"description":"Male","count":1356,"tested":11058,"deaths":0,"color":"rgb(31,119,180)"},{"description":"Unknown/Left Blank","count":35,"tested":849,"deaths":0,"color":"rgb(44,160,44)"}]}}]}
