{"lastUpdatedDate":{"year":2020,"month":12,"day":21},"county_demographics":[{"County":"Effingham","confirmed_cases":3616,"total_tested":25990,"demographics":{"age":[{"race":[],"age_group":"<20","count":568,"tested":3445,"deaths":0},{"race":[],"age_group":"20-29   ","count":520,"tested":3355,"deaths":0},{"race":[],"age_group":"30-39   ","count":527,"tested":3216,"deaths":0},{"race":[],"age_group":"40-49   ","count":453,"tested":2754,"deaths":0},{"race":[],"age_group":"50-59   ","count":553,"tested":3494,"deaths":0},{"race":[],"age_group":"60-69   ","count":488,"tested":3768,"deaths":0},{"race":[],"age_group":"70-79   ","count":287,"tested":2885,"deaths":0},{"race":[],"age_group":"80+","count":218,"tested":3059,"deaths":0},{"race":[],"age_group":"Unknown","count":0,"tested":14,"deaths":0}],"race":[{"description":"AI/AN**","count":0,"tested":0,"deaths":0,"color":"rgb(31,119,180)"},{"description":"Asian","count":0,"tested":30,"deaths":0,"color":"rgb(140,86,75)"},{"description":"Black","count":0,"tested":77,"deaths":0,"color":"rgb(255,127,14)"},{"description":"Hispanic","count":25,"tested":97,"deaths":0,"color":"rgb(214,39,40)"},{"description":"Left Blank","count":1947,"tested":11782,"deaths":0,"color":"rgb(44,160,44)"},{"description":"NH/PI*","count":0,"tested":0,"deaths":0,"color":"rgb(127,127,127)"},{"description":"Other","count":112,"tested":2030,"deaths":0,"color":"rgb(148,103,189)"},{"description":"White","count":1522,"tested":11966,"deaths":0,"color":"rgb(31,119,180)"}],"gender":[{"description":"Female","count":1878,"tested":16086,"deaths":0,"color":"rgb(255,127,14)"},{"description":"Male","count":1486,"tested":9483,"deaths":0,"color":"rgb(31,119,180)"},{"description":"Unknown/Left Blank","count":252,"tested":421,"deaths":0,"color":"rgb(44,160,44)"}]}}]}
