{"lastUpdatedDate":{"year":2020,"month":12,"day":21},"county_demographics":[{"County":"Warren","confirmed_cases":1406,"total_tested":10190,"demographics":{"age":[{"race":[],"age_group":"<20","count":149,"tested":1091,"deaths":0},{"race":[],"age_group":"20-29   ","count":213,"tested":1960,"deaths":0},{"race":[],"age_group":"30-39   ","count":230,"tested":1642,"deaths":0},{"race":[],"age_group":"40-49   ","count":238,"tested":1526,"deaths":0},{"race":[],"age_group":"50-59   ","count":218,"tested":1476,"deaths":0},{"race":[],"age_group":"60-69   ","count":169,"tested":1297,"deaths":0},{"race":[],"age_group":"70-79   ","count":99,"tested":749,"deaths":0},{"race":[],"age_group":"80+","count":90,"tested":449,"deaths":0}],"race":[{"description":"AI/AN**","count":0,"tested":0,"deaths":0,"color":"rgb(31,119,180)"},{"description":"Asian","count":19,"tested":24,"deaths":0,"color":"rgb(140,86,75)"},{"description":"Black","count":20,"tested":111,"deaths":0,"color":"rgb(255,127,14)"},{"description":"Hispanic","count":113,"tested":301,"deaths":0,"color":"rgb(214,39,40)"},{"description":"Left Blank","count":488,"tested":4976,"deaths":0,"color":"rgb(44,160,44)"},{"description":"NH/PI*","count":0,"tested":0,"deaths":0,"color":"rgb(127,127,127)"},{"description":"Other","count":14,"tested":150,"deaths":0,"color":"rgb(148,103,189)"},{"description":"White","count":744,"tested":4620,"deaths":0,"color":"rgb(31,119,180)"}],"gender":[{"description":"Female","count":718,"tested":5260,"deaths":0,"color":"rgb(255,127,14)"},{"description":"Male","count":629,"tested":4068,"deaths":0,"color":"rgb(31,119,180)"},{"description":"Unknown/Left Blank","count":56,"tested":862,"deaths":0,"color":"rgb(44,160,44)"}]}}]}
