{"lastUpdatedDate":{"year":2021,"month":4,"day":29},"county_demographics":[{"County":"McHenry","confirmed_cases":27861,"total_tested":328032,"demographics":{"age":[{"race":[],"age_group":"<20","count":4519,"tested":43661,"deaths":0},{"race":[],"age_group":"20-29   ","count":4831,"tested":51090,"deaths":0},{"race":[],"age_group":"30-39   ","count":4237,"tested":46949,"deaths":0},{"race":[],"age_group":"40-49   ","count":4340,"tested":44544,"deaths":0},{"race":[],"age_group":"50-59   ","count":4770,"tested":53098,"deaths":0},{"race":[],"age_group":"60-69   ","count":2921,"tested":40459,"deaths":0},{"race":[],"age_group":"70-79   ","count":1293,"tested":24619,"deaths":0},{"race":[],"age_group":"80+","count":945,"tested":23539,"deaths":0},{"race":[],"age_group":"Unknown","count":0,"tested":73,"deaths":0}],"race":[{"description":"AI/AN**","count":34,"tested":384,"deaths":0,"color":"rgb(31,119,180)"},{"description":"Asian","count":479,"tested":5528,"deaths":0,"color":"rgb(140,86,75)"},{"description":"Black","count":299,"tested":3768,"deaths":0,"color":"rgb(255,127,14)"},{"description":"Hispanic","count":4467,"tested":23401,"deaths":0,"color":"rgb(214,39,40)"},{"description":"Left Blank","count":6922,"tested":125480,"deaths":0,"color":"rgb(44,160,44)"},{"description":"NH/PI*","count":28,"tested":407,"deaths":0,"color":"rgb(127,127,127)"},{"description":"Other","count":560,"tested":5847,"deaths":0,"color":"rgb(148,103,189)"},{"description":"White","count":15067,"tested":163217,"deaths":0,"color":"rgb(31,119,180)"}],"gender":[{"description":"Female","count":14205,"tested":189357,"deaths":0,"color":"rgb(255,127,14)"},{"description":"Male","count":13464,"tested":134507,"deaths":0,"color":"rgb(31,119,180)"},{"description":"Unknown/Left Blank","count":192,"tested":4168,"deaths":0,"color":"rgb(44,160,44)"}]}}]}
