{"lastUpdatedDate":{"year":2021,"month":4,"day":29},"county_demographics":[{"County":"Jasper","confirmed_cases":1148,"total_tested":12353,"demographics":{"age":[{"race":[],"age_group":"<20","count":169,"tested":1967,"deaths":0},{"race":[],"age_group":"20-29   ","count":118,"tested":1474,"deaths":0},{"race":[],"age_group":"30-39   ","count":144,"tested":1487,"deaths":0},{"race":[],"age_group":"40-49   ","count":155,"tested":1788,"deaths":0},{"race":[],"age_group":"50-59   ","count":178,"tested":1734,"deaths":0},{"race":[],"age_group":"60-69   ","count":182,"tested":1417,"deaths":0},{"race":[],"age_group":"70-79   ","count":105,"tested":970,"deaths":0},{"race":[],"age_group":"80+","count":97,"tested":1514,"deaths":0},{"race":[],"age_group":"Unknown","count":0,"tested":0,"deaths":0}],"race":[{"description":"AI/AN**","count":0,"tested":0,"deaths":0,"color":"rgb(31,119,180)"},{"description":"Asian","count":0,"tested":28,"deaths":0,"color":"rgb(140,86,75)"},{"description":"Black","count":0,"tested":26,"deaths":0,"color":"rgb(255,127,14)"},{"description":"Hispanic","count":0,"tested":97,"deaths":0,"color":"rgb(214,39,40)"},{"description":"Left Blank","count":301,"tested":2762,"deaths":0,"color":"rgb(44,160,44)"},{"description":"Other","count":0,"tested":285,"deaths":0,"color":"rgb(148,103,189)"},{"description":"White","count":831,"tested":9154,"deaths":0,"color":"rgb(31,119,180)"}],"gender":[{"description":"Female","count":605,"tested":7613,"deaths":0,"color":"rgb(255,127,14)"},{"description":"Male","count":519,"tested":4130,"deaths":0,"color":"rgb(31,119,180)"},{"description":"Unknown/Left Blank","count":24,"tested":610,"deaths":0,"color":"rgb(44,160,44)"}]}}]}
