{"lastUpdatedDate":{"year":2021,"month":4,"day":29},"county_demographics":[{"County":"Warren","confirmed_cases":1768,"total_tested":19813,"demographics":{"age":[{"race":[],"age_group":"<20","count":215,"tested":2828,"deaths":0},{"race":[],"age_group":"20-29   ","count":254,"tested":4482,"deaths":0},{"race":[],"age_group":"30-39   ","count":275,"tested":2859,"deaths":0},{"race":[],"age_group":"40-49   ","count":302,"tested":2729,"deaths":0},{"race":[],"age_group":"50-59   ","count":273,"tested":2627,"deaths":0},{"race":[],"age_group":"60-69   ","count":214,"tested":2245,"deaths":0},{"race":[],"age_group":"70-79   ","count":133,"tested":1263,"deaths":0},{"race":[],"age_group":"80+","count":102,"tested":778,"deaths":0},{"race":[],"age_group":"Unknown","count":0,"tested":0,"deaths":0}],"race":[{"description":"AI/AN**","count":0,"tested":14,"deaths":0,"color":"rgb(31,119,180)"},{"description":"Asian","count":18,"tested":67,"deaths":0,"color":"rgb(140,86,75)"},{"description":"Black","count":40,"tested":312,"deaths":0,"color":"rgb(255,127,14)"},{"description":"Hispanic","count":139,"tested":711,"deaths":0,"color":"rgb(214,39,40)"},{"description":"Left Blank","count":512,"tested":8794,"deaths":0,"color":"rgb(44,160,44)"},{"description":"NH/PI*","count":0,"tested":9,"deaths":0,"color":"rgb(127,127,127)"},{"description":"Other","count":18,"tested":286,"deaths":0,"color":"rgb(148,103,189)"},{"description":"White","count":1036,"tested":9620,"deaths":0,"color":"rgb(31,119,180)"}],"gender":[{"description":"Female","count":916,"tested":10628,"deaths":0,"color":"rgb(255,127,14)"},{"description":"Male","count":792,"tested":7955,"deaths":0,"color":"rgb(31,119,180)"},{"description":"Unknown/Left Blank","count":60,"tested":1230,"deaths":0,"color":"rgb(44,160,44)"}]}}]}
