{"lastUpdatedDate":{"year":2021,"month":4,"day":29},"county_demographics":[{"County":"Kendall","confirmed_cases":12680,"total_tested":137663,"demographics":{"age":[{"race":[],"age_group":"<20","count":2396,"tested":24876,"deaths":0},{"race":[],"age_group":"20-29   ","count":2221,"tested":23233,"deaths":0},{"race":[],"age_group":"30-39   ","count":2301,"tested":23408,"deaths":0},{"race":[],"age_group":"40-49   ","count":2426,"tested":23074,"deaths":0},{"race":[],"age_group":"50-59   ","count":1775,"tested":19034,"deaths":0},{"race":[],"age_group":"60-69   ","count":883,"tested":11823,"deaths":0},{"race":[],"age_group":"70-79   ","count":433,"tested":6918,"deaths":0},{"race":[],"age_group":"80+","count":243,"tested":5269,"deaths":0},{"race":[],"age_group":"Unknown","count":0,"tested":28,"deaths":0}],"race":[{"description":"AI/AN**","count":11,"tested":128,"deaths":0,"color":"rgb(31,119,180)"},{"description":"Asian","count":207,"tested":2620,"deaths":0,"color":"rgb(140,86,75)"},{"description":"Black","count":762,"tested":7877,"deaths":0,"color":"rgb(255,127,14)"},{"description":"Hispanic","count":2750,"tested":15694,"deaths":0,"color":"rgb(214,39,40)"},{"description":"Left Blank","count":3207,"tested":52162,"deaths":0,"color":"rgb(44,160,44)"},{"description":"NH/PI*","count":9,"tested":85,"deaths":0,"color":"rgb(127,127,127)"},{"description":"Other","count":365,"tested":4502,"deaths":0,"color":"rgb(148,103,189)"},{"description":"White","count":5364,"tested":54595,"deaths":0,"color":"rgb(31,119,180)"}],"gender":[{"description":"Female","count":6611,"tested":77831,"deaths":0,"color":"rgb(255,127,14)"},{"description":"Male","count":6015,"tested":57212,"deaths":0,"color":"rgb(31,119,180)"},{"description":"Unknown/Left Blank","count":54,"tested":2620,"deaths":0,"color":"rgb(44,160,44)"}]}}]}
