{"lastUpdatedDate":{"year":2021,"month":4,"day":29},"county_demographics":[{"County":"Johnson","confirmed_cases":1411,"total_tested":47260,"demographics":{"age":[{"race":[],"age_group":"<20","count":170,"tested":1660,"deaths":0},{"race":[],"age_group":"20-29   ","count":228,"tested":8763,"deaths":0},{"race":[],"age_group":"30-39   ","count":254,"tested":11871,"deaths":0},{"race":[],"age_group":"40-49   ","count":231,"tested":9655,"deaths":0},{"race":[],"age_group":"50-59   ","count":231,"tested":6526,"deaths":0},{"race":[],"age_group":"60-69   ","count":148,"tested":3028,"deaths":0},{"race":[],"age_group":"70-79   ","count":87,"tested":1379,"deaths":0},{"race":[],"age_group":"80+","count":57,"tested":1242,"deaths":0},{"race":[],"age_group":"Unknown","count":0,"tested":3136,"deaths":0}],"race":[{"description":"AI/AN**","count":0,"tested":0,"deaths":0,"color":"rgb(31,119,180)"},{"description":"Asian","count":0,"tested":89,"deaths":0,"color":"rgb(140,86,75)"},{"description":"Black","count":154,"tested":477,"deaths":0,"color":"rgb(255,127,14)"},{"description":"Hispanic","count":68,"tested":256,"deaths":0,"color":"rgb(214,39,40)"},{"description":"Left Blank","count":265,"tested":38409,"deaths":0,"color":"rgb(44,160,44)"},{"description":"NH/PI*","count":0,"tested":15,"deaths":0,"color":"rgb(127,127,127)"},{"description":"Other","count":7,"tested":96,"deaths":0,"color":"rgb(148,103,189)"},{"description":"White","count":908,"tested":7913,"deaths":0,"color":"rgb(31,119,180)"}],"gender":[{"description":"Female","count":555,"tested":7985,"deaths":0,"color":"rgb(255,127,14)"},{"description":"Male","count":799,"tested":14737,"deaths":0,"color":"rgb(31,119,180)"},{"description":"Unknown/Left Blank","count":55,"tested":24538,"deaths":0,"color":"rgb(44,160,44)"}]}}]}
