{"lastUpdatedDate":{"year":2021,"month":4,"day":29},"county_demographics":[{"County":"Winnebago","confirmed_cases":32069,"total_tested":394726,"demographics":{"age":[{"race":[],"age_group":"<20","count":5469,"tested":59816,"deaths":0},{"race":[],"age_group":"20-29   ","count":5677,"tested":65621,"deaths":0},{"race":[],"age_group":"30-39   ","count":4985,"tested":57955,"deaths":0},{"race":[],"age_group":"40-49   ","count":4850,"tested":52502,"deaths":0},{"race":[],"age_group":"50-59   ","count":4566,"tested":55784,"deaths":0},{"race":[],"age_group":"60-69   ","count":3316,"tested":44891,"deaths":0},{"race":[],"age_group":"70-79   ","count":1886,"tested":28378,"deaths":0},{"race":[],"age_group":"80+","count":1309,"tested":29691,"deaths":0},{"race":[],"age_group":"Unknown","count":9,"tested":88,"deaths":0}],"race":[{"description":"AI/AN**","count":33,"tested":335,"deaths":0,"color":"rgb(31,119,180)"},{"description":"Asian","count":641,"tested":4330,"deaths":0,"color":"rgb(140,86,75)"},{"description":"Black","count":3756,"tested":31289,"deaths":0,"color":"rgb(255,127,14)"},{"description":"Hispanic","count":5672,"tested":23916,"deaths":0,"color":"rgb(214,39,40)"},{"description":"Left Blank","count":3401,"tested":175900,"deaths":0,"color":"rgb(44,160,44)"},{"description":"NH/PI*","count":21,"tested":287,"deaths":0,"color":"rgb(127,127,127)"},{"description":"Other","count":484,"tested":8365,"deaths":0,"color":"rgb(148,103,189)"},{"description":"White","count":18059,"tested":150304,"deaths":0,"color":"rgb(31,119,180)"}],"gender":[{"description":"Female","count":17129,"tested":232068,"deaths":0,"color":"rgb(255,127,14)"},{"description":"Male","count":14777,"tested":155334,"deaths":0,"color":"rgb(31,119,180)"},{"description":"Unknown/Left Blank","count":163,"tested":7324,"deaths":0,"color":"rgb(44,160,44)"}]}}]}
