{"lastUpdatedDate":{"year":2021,"month":4,"day":29},"county_demographics":[{"County":"Champaign","confirmed_cases":20203,"total_tested":2300012,"demographics":{"age":[{"race":[],"age_group":"<20","count":5506,"tested":528851,"deaths":0},{"race":[],"age_group":"20-29   ","count":6015,"tested":1054294,"deaths":0},{"race":[],"age_group":"30-39   ","count":2486,"tested":224973,"deaths":0},{"race":[],"age_group":"40-49   ","count":2096,"tested":171319,"deaths":0},{"race":[],"age_group":"50-59   ","count":1741,"tested":161672,"deaths":0},{"race":[],"age_group":"60-69   ","count":1323,"tested":99977,"deaths":0},{"race":[],"age_group":"70-79   ","count":561,"tested":33955,"deaths":0},{"race":[],"age_group":"80+","count":473,"tested":24658,"deaths":0},{"race":[],"age_group":"Unknown","count":0,"tested":313,"deaths":0}],"race":[{"description":"AI/AN**","count":11,"tested":3086,"deaths":0,"color":"rgb(31,119,180)"},{"description":"Asian","count":1081,"tested":458433,"deaths":0,"color":"rgb(140,86,75)"},{"description":"Black","count":3298,"tested":174352,"deaths":0,"color":"rgb(255,127,14)"},{"description":"Hispanic","count":2326,"tested":188771,"deaths":0,"color":"rgb(214,39,40)"},{"description":"Left Blank","count":842,"tested":101951,"deaths":0,"color":"rgb(44,160,44)"},{"description":"NH/PI*","count":9,"tested":1478,"deaths":0,"color":"rgb(127,127,127)"},{"description":"Other","count":549,"tested":98873,"deaths":0,"color":"rgb(148,103,189)"},{"description":"White","count":12085,"tested":1273068,"deaths":0,"color":"rgb(31,119,180)"}],"gender":[{"description":"Female","count":10158,"tested":1117446,"deaths":0,"color":"rgb(255,127,14)"},{"description":"Male","count":10010,"tested":1176958,"deaths":0,"color":"rgb(31,119,180)"},{"description":"Unknown/Left Blank","count":35,"tested":5608,"deaths":0,"color":"rgb(44,160,44)"}]}}]}
