{"lastUpdatedDate":{"year":2021,"month":4,"day":29},"county_demographics":[{"County":"Hancock","confirmed_cases":1738,"total_tested":18666,"demographics":{"age":[{"race":[],"age_group":"<20","count":260,"tested":2427,"deaths":0},{"race":[],"age_group":"20-29   ","count":220,"tested":2655,"deaths":0},{"race":[],"age_group":"30-39   ","count":226,"tested":2539,"deaths":0},{"race":[],"age_group":"40-49   ","count":208,"tested":2351,"deaths":0},{"race":[],"age_group":"50-59   ","count":272,"tested":3149,"deaths":0},{"race":[],"age_group":"60-69   ","count":268,"tested":2530,"deaths":0},{"race":[],"age_group":"70-79   ","count":172,"tested":1487,"deaths":0},{"race":[],"age_group":"80+","count":112,"tested":1526,"deaths":0},{"race":[],"age_group":"Unknown","count":0,"tested":0,"deaths":0}],"race":[{"description":"AI/AN**","count":0,"tested":8,"deaths":0,"color":"rgb(31,119,180)"},{"description":"Asian","count":0,"tested":10,"deaths":0,"color":"rgb(140,86,75)"},{"description":"Black","count":0,"tested":36,"deaths":0,"color":"rgb(255,127,14)"},{"description":"Hispanic","count":16,"tested":77,"deaths":0,"color":"rgb(214,39,40)"},{"description":"Left Blank","count":943,"tested":9443,"deaths":0,"color":"rgb(44,160,44)"},{"description":"NH/PI*","count":0,"tested":15,"deaths":0,"color":"rgb(127,127,127)"},{"description":"Other","count":18,"tested":181,"deaths":0,"color":"rgb(148,103,189)"},{"description":"White","count":747,"tested":8896,"deaths":0,"color":"rgb(31,119,180)"}],"gender":[{"description":"Female","count":920,"tested":11629,"deaths":0,"color":"rgb(255,127,14)"},{"description":"Male","count":753,"tested":6114,"deaths":0,"color":"rgb(31,119,180)"},{"description":"Unknown/Left Blank","count":65,"tested":923,"deaths":0,"color":"rgb(44,160,44)"}]}}]}
