{"lastUpdatedDate":{"year":2021,"month":4,"day":29},"county_demographics":[{"County":"Union","confirmed_cases":2238,"total_tested":34915,"demographics":{"age":[{"race":[],"age_group":"<20","count":317,"tested":2790,"deaths":0},{"race":[],"age_group":"20-29   ","count":348,"tested":4936,"deaths":0},{"race":[],"age_group":"30-39   ","count":323,"tested":5429,"deaths":0},{"race":[],"age_group":"40-49   ","count":312,"tested":5667,"deaths":0},{"race":[],"age_group":"50-59   ","count":344,"tested":6457,"deaths":0},{"race":[],"age_group":"60-69   ","count":288,"tested":4182,"deaths":0},{"race":[],"age_group":"70-79   ","count":186,"tested":2448,"deaths":0},{"race":[],"age_group":"80+","count":120,"tested":3001,"deaths":0},{"race":[],"age_group":"Unknown","count":0,"tested":0,"deaths":0}],"race":[{"description":"AI/AN**","count":0,"tested":9,"deaths":0,"color":"rgb(31,119,180)"},{"description":"Asian","count":0,"tested":79,"deaths":0,"color":"rgb(140,86,75)"},{"description":"Black","count":68,"tested":1231,"deaths":0,"color":"rgb(255,127,14)"},{"description":"Hispanic","count":105,"tested":659,"deaths":0,"color":"rgb(214,39,40)"},{"description":"Left Blank","count":307,"tested":9434,"deaths":0,"color":"rgb(44,160,44)"},{"description":"NH/PI*","count":0,"tested":56,"deaths":0,"color":"rgb(127,127,127)"},{"description":"Other","count":15,"tested":201,"deaths":0,"color":"rgb(148,103,189)"},{"description":"White","count":1738,"tested":23246,"deaths":0,"color":"rgb(31,119,180)"}],"gender":[{"description":"Female","count":1106,"tested":17708,"deaths":0,"color":"rgb(255,127,14)"},{"description":"Male","count":1050,"tested":14905,"deaths":0,"color":"rgb(31,119,180)"},{"description":"Unknown/Left Blank","count":82,"tested":2302,"deaths":0,"color":"rgb(44,160,44)"}]}}]}
