{"lastUpdatedDate":{"year":2021,"month":3,"day":5},"county_demographics":[{"County":"Adams","confirmed_cases":8035,"total_tested":129202,"demographics":{"age":[{"race":[],"age_group":"<20","count":1265,"tested":15475,"deaths":0},{"race":[],"age_group":"20-29   ","count":1221,"tested":17687,"deaths":0},{"race":[],"age_group":"30-39   ","count":1113,"tested":18096,"deaths":0},{"race":[],"age_group":"40-49   ","count":1001,"tested":16054,"deaths":0},{"race":[],"age_group":"50-59   ","count":1173,"tested":19997,"deaths":0},{"race":[],"age_group":"60-69   ","count":1033,"tested":14515,"deaths":0},{"race":[],"age_group":"70-79   ","count":682,"tested":11488,"deaths":0},{"race":[],"age_group":"80+","count":544,"tested":15858,"deaths":0},{"race":[],"age_group":"Unknown","count":0,"tested":32,"deaths":0}],"race":[{"description":"AI/AN**","count":0,"tested":60,"deaths":0,"color":"rgb(31,119,180)"},{"description":"Asian","count":0,"tested":231,"deaths":0,"color":"rgb(140,86,75)"},{"description":"Black","count":116,"tested":1943,"deaths":0,"color":"rgb(255,127,14)"},{"description":"Hispanic","count":22,"tested":350,"deaths":0,"color":"rgb(214,39,40)"},{"description":"Left Blank","count":5835,"tested":90112,"deaths":0,"color":"rgb(44,160,44)"},{"description":"NH/PI*","count":0,"tested":57,"deaths":0,"color":"rgb(127,127,127)"},{"description":"Other","count":6,"tested":290,"deaths":0,"color":"rgb(148,103,189)"},{"description":"White","count":2043,"tested":36159,"deaths":0,"color":"rgb(31,119,180)"}],"gender":[{"description":"Female","count":4013,"tested":71130,"deaths":0,"color":"rgb(255,127,14)"},{"description":"Male","count":3323,"tested":45932,"deaths":0,"color":"rgb(31,119,180)"},{"description":"Unknown/Left Blank","count":699,"tested":12140,"deaths":0,"color":"rgb(44,160,44)"}]}}]}
