{"lastUpdatedDate":{"year":2021,"month":3,"day":5},"county_demographics":[{"County":"Chicago","confirmed_cases":246543,"total_tested":3417720,"demographics":{"age":[{"race":[],"age_group":"<20","count":31832,"tested":342397,"deaths":0},{"race":[],"age_group":"20-29   ","count":53048,"tested":797449,"deaths":0},{"race":[],"age_group":"30-39   ","count":48036,"tested":694535,"deaths":0},{"race":[],"age_group":"40-49   ","count":39339,"tested":468967,"deaths":0},{"race":[],"age_group":"50-59   ","count":33497,"tested":440223,"deaths":0},{"race":[],"age_group":"60-69   ","count":22421,"tested":357589,"deaths":0},{"race":[],"age_group":"70-79   ","count":11244,"tested":188855,"deaths":0},{"race":[],"age_group":"80+","count":7117,"tested":125663,"deaths":0},{"race":[],"age_group":"Unknown","count":9,"tested":2042,"deaths":0}],"race":[{"description":"AI/AN**","count":319,"tested":3503,"deaths":0,"color":"rgb(31,119,180)"},{"description":"Asian","count":6109,"tested":109807,"deaths":0,"color":"rgb(140,86,75)"},{"description":"Black","count":41679,"tested":505128,"deaths":0,"color":"rgb(255,127,14)"},{"description":"Hispanic","count":84314,"tested":456630,"deaths":0,"color":"rgb(214,39,40)"},{"description":"Left Blank","count":59296,"tested":1496916,"deaths":0,"color":"rgb(44,160,44)"},{"description":"NH/PI*","count":226,"tested":3662,"deaths":0,"color":"rgb(127,127,127)"},{"description":"Other","count":10633,"tested":127730,"deaths":0,"color":"rgb(148,103,189)"},{"description":"White","count":43967,"tested":714344,"deaths":0,"color":"rgb(31,119,180)"}],"gender":[{"description":"Female","count":124954,"tested":1818394,"deaths":0,"color":"rgb(255,127,14)"},{"description":"Male","count":117341,"tested":1496290,"deaths":0,"color":"rgb(31,119,180)"},{"description":"Unknown/Left Blank","count":4248,"tested":103036,"deaths":0,"color":"rgb(44,160,44)"}]}}]}
