{"lastUpdatedDate":{"year":2021,"month":3,"day":5},"county_demographics":[{"County":"Will","confirmed_cases":65561,"total_tested":739083,"demographics":{"age":[{"race":[],"age_group":"<20","count":10152,"tested":85337,"deaths":0},{"race":[],"age_group":"20-29   ","count":11679,"tested":122636,"deaths":0},{"race":[],"age_group":"30-39   ","count":10005,"tested":111910,"deaths":0},{"race":[],"age_group":"40-49   ","count":11274,"tested":114630,"deaths":0},{"race":[],"age_group":"50-59   ","count":11058,"tested":121297,"deaths":0},{"race":[],"age_group":"60-69   ","count":6235,"tested":84038,"deaths":0},{"race":[],"age_group":"70-79   ","count":3109,"tested":50451,"deaths":0},{"race":[],"age_group":"80+","count":2021,"tested":46477,"deaths":0},{"race":[],"age_group":"Unknown","count":27,"tested":2307,"deaths":0}],"race":[{"description":"AI/AN**","count":206,"tested":1114,"deaths":0,"color":"rgb(31,119,180)"},{"description":"Asian","count":1302,"tested":17300,"deaths":0,"color":"rgb(140,86,75)"},{"description":"Black","count":5249,"tested":56256,"deaths":0,"color":"rgb(255,127,14)"},{"description":"Hispanic","count":10045,"tested":47707,"deaths":0,"color":"rgb(214,39,40)"},{"description":"Left Blank","count":21986,"tested":357761,"deaths":0,"color":"rgb(44,160,44)"},{"description":"NH/PI*","count":54,"tested":540,"deaths":0,"color":"rgb(127,127,127)"},{"description":"Other","count":2242,"tested":25924,"deaths":0,"color":"rgb(148,103,189)"},{"description":"White","count":24477,"tested":232481,"deaths":0,"color":"rgb(31,119,180)"}],"gender":[{"description":"Female","count":33509,"tested":397344,"deaths":0,"color":"rgb(255,127,14)"},{"description":"Male","count":31157,"tested":299302,"deaths":0,"color":"rgb(31,119,180)"},{"description":"Unknown/Left Blank","count":895,"tested":42437,"deaths":0,"color":"rgb(44,160,44)"}]}}]}
