{"lastUpdatedDate":{"year":2021,"month":3,"day":5},"county_demographics":[{"County":"Tazewell","confirmed_cases":13627,"total_tested":181095,"demographics":{"age":[{"race":[],"age_group":"<20","count":2318,"tested":28366,"deaths":0},{"race":[],"age_group":"20-29   ","count":1920,"tested":26386,"deaths":0},{"race":[],"age_group":"30-39   ","count":1956,"tested":26445,"deaths":0},{"race":[],"age_group":"40-49   ","count":2026,"tested":25259,"deaths":0},{"race":[],"age_group":"50-59   ","count":1979,"tested":24755,"deaths":0},{"race":[],"age_group":"60-69   ","count":1617,"tested":20217,"deaths":0},{"race":[],"age_group":"70-79   ","count":992,"tested":13340,"deaths":0},{"race":[],"age_group":"80+","count":819,"tested":16306,"deaths":0},{"race":[],"age_group":"Unknown","count":0,"tested":21,"deaths":0}],"race":[{"description":"AI/AN**","count":16,"tested":70,"deaths":0,"color":"rgb(31,119,180)"},{"description":"Asian","count":93,"tested":444,"deaths":0,"color":"rgb(140,86,75)"},{"description":"Black","count":183,"tested":1368,"deaths":0,"color":"rgb(255,127,14)"},{"description":"Hispanic","count":213,"tested":812,"deaths":0,"color":"rgb(214,39,40)"},{"description":"Left Blank","count":2231,"tested":99265,"deaths":0,"color":"rgb(44,160,44)"},{"description":"NH/PI*","count":0,"tested":25,"deaths":0,"color":"rgb(127,127,127)"},{"description":"Other","count":219,"tested":2646,"deaths":0,"color":"rgb(148,103,189)"},{"description":"White","count":10666,"tested":76465,"deaths":0,"color":"rgb(31,119,180)"}],"gender":[{"description":"Female","count":7321,"tested":107996,"deaths":0,"color":"rgb(255,127,14)"},{"description":"Male","count":6128,"tested":66565,"deaths":0,"color":"rgb(31,119,180)"},{"description":"Unknown/Left Blank","count":173,"tested":6534,"deaths":0,"color":"rgb(44,160,44)"}]}}]}
