{"lastUpdatedDate":{"year":2021,"month":3,"day":5},"county_demographics":[{"County":"Bureau","confirmed_cases":3324,"total_tested":37240,"demographics":{"age":[{"race":[],"age_group":"<20","count":407,"tested":3979,"deaths":0},{"race":[],"age_group":"20-29   ","count":449,"tested":5343,"deaths":0},{"race":[],"age_group":"30-39   ","count":488,"tested":5618,"deaths":0},{"race":[],"age_group":"40-49   ","count":497,"tested":5279,"deaths":0},{"race":[],"age_group":"50-59   ","count":561,"tested":6398,"deaths":0},{"race":[],"age_group":"60-69   ","count":401,"tested":5031,"deaths":0},{"race":[],"age_group":"70-79   ","count":276,"tested":2618,"deaths":0},{"race":[],"age_group":"80+","count":245,"tested":2972,"deaths":0},{"race":[],"age_group":"Unknown","count":0,"tested":0,"deaths":0}],"race":[{"description":"AI/AN**","count":0,"tested":0,"deaths":0,"color":"rgb(31,119,180)"},{"description":"Asian","count":6,"tested":128,"deaths":0,"color":"rgb(140,86,75)"},{"description":"Black","count":7,"tested":163,"deaths":0,"color":"rgb(255,127,14)"},{"description":"Hispanic","count":240,"tested":964,"deaths":0,"color":"rgb(214,39,40)"},{"description":"Left Blank","count":1338,"tested":20344,"deaths":0,"color":"rgb(44,160,44)"},{"description":"NH/PI*","count":0,"tested":71,"deaths":0,"color":"rgb(127,127,127)"},{"description":"Other","count":71,"tested":337,"deaths":0,"color":"rgb(148,103,189)"},{"description":"White","count":1655,"tested":15230,"deaths":0,"color":"rgb(31,119,180)"}],"gender":[{"description":"Female","count":1767,"tested":22880,"deaths":0,"color":"rgb(255,127,14)"},{"description":"Male","count":1501,"tested":11346,"deaths":0,"color":"rgb(31,119,180)"},{"description":"Unknown/Left Blank","count":56,"tested":3014,"deaths":0,"color":"rgb(44,160,44)"}]}}]}
