{"lastUpdatedDate":{"year":2021,"month":3,"day":5},"county_demographics":[{"County":"LaSalle","confirmed_cases":10884,"total_tested":146907,"demographics":{"age":[{"race":[],"age_group":"<20","count":1360,"tested":13498,"deaths":0},{"race":[],"age_group":"20-29   ","count":1836,"tested":24380,"deaths":0},{"race":[],"age_group":"30-39   ","count":1661,"tested":24705,"deaths":0},{"race":[],"age_group":"40-49   ","count":1595,"tested":21617,"deaths":0},{"race":[],"age_group":"50-59   ","count":1694,"tested":20284,"deaths":0},{"race":[],"age_group":"60-69   ","count":1276,"tested":15772,"deaths":0},{"race":[],"age_group":"70-79   ","count":728,"tested":9320,"deaths":0},{"race":[],"age_group":"80+","count":733,"tested":15723,"deaths":0},{"race":[],"age_group":"Unknown","count":0,"tested":1608,"deaths":0}],"race":[{"description":"AI/AN**","count":6,"tested":64,"deaths":0,"color":"rgb(31,119,180)"},{"description":"Asian","count":22,"tested":455,"deaths":0,"color":"rgb(140,86,75)"},{"description":"Black","count":149,"tested":1416,"deaths":0,"color":"rgb(255,127,14)"},{"description":"Hispanic","count":795,"tested":4713,"deaths":0,"color":"rgb(214,39,40)"},{"description":"Left Blank","count":2767,"tested":67708,"deaths":0,"color":"rgb(44,160,44)"},{"description":"NH/PI*","count":0,"tested":142,"deaths":0,"color":"rgb(127,127,127)"},{"description":"Other","count":480,"tested":3098,"deaths":0,"color":"rgb(148,103,189)"},{"description":"White","count":6656,"tested":69311,"deaths":0,"color":"rgb(31,119,180)"}],"gender":[{"description":"Female","count":5613,"tested":72220,"deaths":0,"color":"rgb(255,127,14)"},{"description":"Male","count":4996,"tested":48477,"deaths":0,"color":"rgb(31,119,180)"},{"description":"Unknown/Left Blank","count":275,"tested":26210,"deaths":0,"color":"rgb(44,160,44)"}]}}]}
