{"lastUpdatedDate":{"year":2021,"month":3,"day":5},"county_demographics":[{"County":"Shelby","confirmed_cases":2152,"total_tested":22283,"demographics":{"age":[{"race":[],"age_group":"<20","count":305,"tested":3004,"deaths":0},{"race":[],"age_group":"20-29   ","count":311,"tested":3187,"deaths":0},{"race":[],"age_group":"30-39   ","count":274,"tested":2947,"deaths":0},{"race":[],"age_group":"40-49   ","count":265,"tested":2729,"deaths":0},{"race":[],"age_group":"50-59   ","count":334,"tested":3330,"deaths":0},{"race":[],"age_group":"60-69   ","count":313,"tested":2636,"deaths":0},{"race":[],"age_group":"70-79   ","count":217,"tested":2000,"deaths":0},{"race":[],"age_group":"80+","count":133,"tested":2444,"deaths":0},{"race":[],"age_group":"Unknown","count":0,"tested":6,"deaths":0}],"race":[{"description":"AI/AN**","count":0,"tested":6,"deaths":0,"color":"rgb(31,119,180)"},{"description":"Asian","count":0,"tested":36,"deaths":0,"color":"rgb(140,86,75)"},{"description":"Black","count":8,"tested":55,"deaths":0,"color":"rgb(255,127,14)"},{"description":"Hispanic","count":13,"tested":81,"deaths":0,"color":"rgb(214,39,40)"},{"description":"Left Blank","count":227,"tested":8419,"deaths":0,"color":"rgb(44,160,44)"},{"description":"NH/PI*","count":0,"tested":0,"deaths":0,"color":"rgb(127,127,127)"},{"description":"Other","count":8,"tested":507,"deaths":0,"color":"rgb(148,103,189)"},{"description":"White","count":1889,"tested":13174,"deaths":0,"color":"rgb(31,119,180)"}],"gender":[{"description":"Female","count":1204,"tested":14014,"deaths":0,"color":"rgb(255,127,14)"},{"description":"Male","count":896,"tested":7426,"deaths":0,"color":"rgb(31,119,180)"},{"description":"Unknown/Left Blank","count":52,"tested":843,"deaths":0,"color":"rgb(44,160,44)"}]}}]}
