{"lastUpdatedDate":{"year":2021,"month":8,"day":4},"county_demographics":[{"County":"Richland","confirmed_cases":1864,"total_tested":31133,"demographics":{"age":[{"race":[],"age_group":"<20","count":274,"tested":4114,"deaths":0},{"race":[],"age_group":"20-29   ","count":244,"tested":4549,"deaths":0},{"race":[],"age_group":"30-39   ","count":251,"tested":4883,"deaths":0},{"race":[],"age_group":"40-49   ","count":258,"tested":4441,"deaths":0},{"race":[],"age_group":"50-59   ","count":271,"tested":4424,"deaths":0},{"race":[],"age_group":"60-69   ","count":231,"tested":3548,"deaths":0},{"race":[],"age_group":"70-79   ","count":164,"tested":2343,"deaths":0},{"race":[],"age_group":"80+","count":171,"tested":2824,"deaths":0},{"race":[],"age_group":"Unknown","count":0,"tested":7,"deaths":0}],"race":[{"description":"AI/AN**","count":0,"tested":6,"deaths":0,"color":"rgb(31,119,180)"},{"description":"Asian","count":6,"tested":85,"deaths":0,"color":"rgb(140,86,75)"},{"description":"Black","count":15,"tested":186,"deaths":0,"color":"rgb(255,127,14)"},{"description":"Hispanic","count":10,"tested":167,"deaths":0,"color":"rgb(214,39,40)"},{"description":"Left Blank","count":179,"tested":9766,"deaths":0,"color":"rgb(44,160,44)"},{"description":"NH/PI*","count":0,"tested":32,"deaths":0,"color":"rgb(127,127,127)"},{"description":"Other","count":7,"tested":187,"deaths":0,"color":"rgb(148,103,189)"},{"description":"White","count":1644,"tested":20704,"deaths":0,"color":"rgb(31,119,180)"}],"gender":[{"description":"Female","count":1048,"tested":17728,"deaths":0,"color":"rgb(255,127,14)"},{"description":"Male","count":806,"tested":10909,"deaths":0,"color":"rgb(31,119,180)"},{"description":"Unknown/Left Blank","count":9,"tested":2496,"deaths":0,"color":"rgb(44,160,44)"}]}}]}
