{"lastUpdatedDate":{"year":2021,"month":8,"day":4},"county_demographics":[{"County":"Calhoun","confirmed_cases":549,"total_tested":6625,"demographics":{"age":[{"race":[],"age_group":"<20","count":110,"tested":1064,"deaths":0},{"race":[],"age_group":"20-29   ","count":82,"tested":864,"deaths":0},{"race":[],"age_group":"30-39   ","count":81,"tested":1001,"deaths":0},{"race":[],"age_group":"40-49   ","count":67,"tested":760,"deaths":0},{"race":[],"age_group":"50-59   ","count":64,"tested":940,"deaths":0},{"race":[],"age_group":"60-69   ","count":83,"tested":703,"deaths":0},{"race":[],"age_group":"70-79   ","count":38,"tested":552,"deaths":0},{"race":[],"age_group":"80+","count":24,"tested":739,"deaths":0},{"race":[],"age_group":"Unknown","count":0,"tested":0,"deaths":0}],"race":[{"description":"AI/AN**","count":0,"tested":0,"deaths":0,"color":"rgb(31,119,180)"},{"description":"Asian","count":0,"tested":0,"deaths":0,"color":"rgb(140,86,75)"},{"description":"Black","count":0,"tested":27,"deaths":0,"color":"rgb(255,127,14)"},{"description":"Hispanic","count":0,"tested":6,"deaths":0,"color":"rgb(214,39,40)"},{"description":"Left Blank","count":78,"tested":1513,"deaths":0,"color":"rgb(44,160,44)"},{"description":"Other","count":0,"tested":39,"deaths":0,"color":"rgb(148,103,189)"},{"description":"White","count":461,"tested":5034,"deaths":0,"color":"rgb(31,119,180)"}],"gender":[{"description":"Female","count":289,"tested":4136,"deaths":0,"color":"rgb(255,127,14)"},{"description":"Male","count":257,"tested":2395,"deaths":0,"color":"rgb(31,119,180)"},{"description":"Unknown/Left Blank","count":0,"tested":94,"deaths":0,"color":"rgb(44,160,44)"}]}}]}
