{"lastUpdatedDate":{"year":2021,"month":8,"day":4},"county_demographics":[{"County":"Kane","confirmed_cases":60500,"total_tested":775171,"demographics":{"age":[{"race":[],"age_group":"<20","count":11091,"tested":114021,"deaths":0},{"race":[],"age_group":"20-29   ","count":11115,"tested":133736,"deaths":0},{"race":[],"age_group":"30-39   ","count":9511,"tested":113701,"deaths":0},{"race":[],"age_group":"40-49   ","count":10008,"tested":106858,"deaths":0},{"race":[],"age_group":"50-59   ","count":9157,"tested":115131,"deaths":0},{"race":[],"age_group":"60-69   ","count":5341,"tested":87040,"deaths":0},{"race":[],"age_group":"70-79   ","count":2493,"tested":54627,"deaths":0},{"race":[],"age_group":"80+","count":1760,"tested":49698,"deaths":0},{"race":[],"age_group":"Unknown","count":24,"tested":359,"deaths":0}],"race":[{"description":"AI/AN**","count":66,"tested":627,"deaths":0,"color":"rgb(31,119,180)"},{"description":"Asian","count":1356,"tested":20845,"deaths":0,"color":"rgb(140,86,75)"},{"description":"Black","count":2365,"tested":31941,"deaths":0,"color":"rgb(255,127,14)"},{"description":"Hispanic","count":19554,"tested":111354,"deaths":0,"color":"rgb(214,39,40)"},{"description":"Left Blank","count":14750,"tested":336135,"deaths":0,"color":"rgb(44,160,44)"},{"description":"NH/PI*","count":47,"tested":683,"deaths":0,"color":"rgb(127,127,127)"},{"description":"Other","count":1564,"tested":19821,"deaths":0,"color":"rgb(148,103,189)"},{"description":"White","count":20798,"tested":253765,"deaths":0,"color":"rgb(31,119,180)"}],"gender":[{"description":"Female","count":30967,"tested":430164,"deaths":0,"color":"rgb(255,127,14)"},{"description":"Male","count":29153,"tested":322259,"deaths":0,"color":"rgb(31,119,180)"},{"description":"Unknown/Left Blank","count":380,"tested":22748,"deaths":0,"color":"rgb(44,160,44)"}]}}]}
