{"lastUpdatedDate":{"year":2021,"month":8,"day":4},"county_demographics":[{"County":"Christian","confirmed_cases":4048,"total_tested":63162,"demographics":{"age":[{"race":[],"age_group":"<20","count":473,"tested":5802,"deaths":0},{"race":[],"age_group":"20-29   ","count":603,"tested":9961,"deaths":0},{"race":[],"age_group":"30-39   ","count":586,"tested":10650,"deaths":0},{"race":[],"age_group":"40-49   ","count":642,"tested":10223,"deaths":0},{"race":[],"age_group":"50-59   ","count":662,"tested":9843,"deaths":0},{"race":[],"age_group":"60-69   ","count":495,"tested":7149,"deaths":0},{"race":[],"age_group":"70-79   ","count":313,"tested":4356,"deaths":0},{"race":[],"age_group":"80+","count":274,"tested":4565,"deaths":0},{"race":[],"age_group":"Unknown","count":0,"tested":613,"deaths":0}],"race":[{"description":"AI/AN**","count":0,"tested":43,"deaths":0,"color":"rgb(31,119,180)"},{"description":"Asian","count":0,"tested":97,"deaths":0,"color":"rgb(140,86,75)"},{"description":"Black","count":73,"tested":288,"deaths":0,"color":"rgb(255,127,14)"},{"description":"Hispanic","count":67,"tested":224,"deaths":0,"color":"rgb(214,39,40)"},{"description":"Left Blank","count":1702,"tested":33883,"deaths":0,"color":"rgb(44,160,44)"},{"description":"NH/PI*","count":0,"tested":24,"deaths":0,"color":"rgb(127,127,127)"},{"description":"Other","count":44,"tested":638,"deaths":0,"color":"rgb(148,103,189)"},{"description":"White","count":2150,"tested":27965,"deaths":0,"color":"rgb(31,119,180)"}],"gender":[{"description":"Female","count":1847,"tested":29746,"deaths":0,"color":"rgb(255,127,14)"},{"description":"Male","count":1918,"tested":22583,"deaths":0,"color":"rgb(31,119,180)"},{"description":"Unknown/Left Blank","count":283,"tested":10833,"deaths":0,"color":"rgb(44,160,44)"}]}}]}
