{"lastUpdatedDate":{"year":2021,"month":8,"day":4},"county_demographics":[{"County":"Shelby","confirmed_cases":2391,"total_tested":31783,"demographics":{"age":[{"race":[],"age_group":"<20","count":342,"tested":4211,"deaths":0},{"race":[],"age_group":"20-29   ","count":337,"tested":4449,"deaths":0},{"race":[],"age_group":"30-39   ","count":313,"tested":4318,"deaths":0},{"race":[],"age_group":"40-49   ","count":310,"tested":4140,"deaths":0},{"race":[],"age_group":"50-59   ","count":372,"tested":4947,"deaths":0},{"race":[],"age_group":"60-69   ","count":344,"tested":3652,"deaths":0},{"race":[],"age_group":"70-79   ","count":236,"tested":2845,"deaths":0},{"race":[],"age_group":"80+","count":137,"tested":3215,"deaths":0},{"race":[],"age_group":"Unknown","count":0,"tested":6,"deaths":0}],"race":[{"description":"AI/AN**","count":0,"tested":10,"deaths":0,"color":"rgb(31,119,180)"},{"description":"Asian","count":0,"tested":71,"deaths":0,"color":"rgb(140,86,75)"},{"description":"Black","count":8,"tested":99,"deaths":0,"color":"rgb(255,127,14)"},{"description":"Hispanic","count":16,"tested":122,"deaths":0,"color":"rgb(214,39,40)"},{"description":"Left Blank","count":224,"tested":12174,"deaths":0,"color":"rgb(44,160,44)"},{"description":"NH/PI*","count":0,"tested":6,"deaths":0,"color":"rgb(127,127,127)"},{"description":"Other","count":11,"tested":554,"deaths":0,"color":"rgb(148,103,189)"},{"description":"White","count":2123,"tested":18747,"deaths":0,"color":"rgb(31,119,180)"}],"gender":[{"description":"Female","count":1332,"tested":19585,"deaths":0,"color":"rgb(255,127,14)"},{"description":"Male","count":1022,"tested":11104,"deaths":0,"color":"rgb(31,119,180)"},{"description":"Unknown/Left Blank","count":33,"tested":1094,"deaths":0,"color":"rgb(44,160,44)"}]}}]}
