{"lastUpdatedDate":{"year":2021,"month":8,"day":4},"county_demographics":[{"County":"Ford","confirmed_cases":1970,"total_tested":35077,"demographics":{"age":[{"race":[],"age_group":"<20","count":403,"tested":5503,"deaths":0},{"race":[],"age_group":"20-29   ","count":279,"tested":5050,"deaths":0},{"race":[],"age_group":"30-39   ","count":263,"tested":4733,"deaths":0},{"race":[],"age_group":"40-49   ","count":238,"tested":4189,"deaths":0},{"race":[],"age_group":"50-59   ","count":242,"tested":4571,"deaths":0},{"race":[],"age_group":"60-69   ","count":221,"tested":4310,"deaths":0},{"race":[],"age_group":"70-79   ","count":126,"tested":2598,"deaths":0},{"race":[],"age_group":"80+","count":198,"tested":4113,"deaths":0},{"race":[],"age_group":"Unknown","count":0,"tested":10,"deaths":0}],"race":[{"description":"AI/AN**","count":0,"tested":18,"deaths":0,"color":"rgb(31,119,180)"},{"description":"Asian","count":0,"tested":97,"deaths":0,"color":"rgb(140,86,75)"},{"description":"Black","count":7,"tested":302,"deaths":0,"color":"rgb(255,127,14)"},{"description":"Hispanic","count":65,"tested":545,"deaths":0,"color":"rgb(214,39,40)"},{"description":"Left Blank","count":258,"tested":8469,"deaths":0,"color":"rgb(44,160,44)"},{"description":"NH/PI*","count":0,"tested":26,"deaths":0,"color":"rgb(127,127,127)"},{"description":"Other","count":36,"tested":462,"deaths":0,"color":"rgb(148,103,189)"},{"description":"White","count":1590,"tested":25158,"deaths":0,"color":"rgb(31,119,180)"}],"gender":[{"description":"Female","count":1072,"tested":21796,"deaths":0,"color":"rgb(255,127,14)"},{"description":"Male","count":882,"tested":12444,"deaths":0,"color":"rgb(31,119,180)"},{"description":"Unknown/Left Blank","count":16,"tested":837,"deaths":0,"color":"rgb(44,160,44)"}]}}]}
