{"lastUpdatedDate":{"year":2021,"month":8,"day":4},"county_demographics":[{"County":"Chicago","confirmed_cases":291118,"total_tested":5170172,"demographics":{"age":[{"race":[],"age_group":"<20","count":40186,"tested":572331,"deaths":0},{"race":[],"age_group":"20-29   ","count":63871,"tested":1180673,"deaths":0},{"race":[],"age_group":"30-39   ","count":57509,"tested":1031682,"deaths":0},{"race":[],"age_group":"40-49   ","count":45621,"tested":709619,"deaths":0},{"race":[],"age_group":"50-59   ","count":38336,"tested":669470,"deaths":0},{"race":[],"age_group":"60-69   ","count":25333,"tested":541422,"deaths":0},{"race":[],"age_group":"70-79   ","count":12453,"tested":278630,"deaths":0},{"race":[],"age_group":"80+","count":7804,"tested":183301,"deaths":0},{"race":[],"age_group":"Unknown","count":0,"tested":3044,"deaths":0}],"race":[{"description":"AI/AN**","count":387,"tested":6356,"deaths":0,"color":"rgb(31,119,180)"},{"description":"Asian","count":7652,"tested":194966,"deaths":0,"color":"rgb(140,86,75)"},{"description":"Black","count":54453,"tested":799787,"deaths":0,"color":"rgb(255,127,14)"},{"description":"Hispanic","count":94173,"tested":651590,"deaths":0,"color":"rgb(214,39,40)"},{"description":"Left Blank","count":67530,"tested":2219344,"deaths":0,"color":"rgb(44,160,44)"},{"description":"NH/PI*","count":270,"tested":5173,"deaths":0,"color":"rgb(127,127,127)"},{"description":"Other","count":12753,"tested":195683,"deaths":0,"color":"rgb(148,103,189)"},{"description":"White","count":53900,"tested":1097273,"deaths":0,"color":"rgb(31,119,180)"}],"gender":[{"description":"Female","count":148690,"tested":2726309,"deaths":0,"color":"rgb(255,127,14)"},{"description":"Male","count":138903,"tested":2309726,"deaths":0,"color":"rgb(31,119,180)"},{"description":"Unknown/Left Blank","count":3525,"tested":134137,"deaths":0,"color":"rgb(44,160,44)"}]}}]}
