{"lastUpdatedDate":{"year":2021,"month":8,"day":4},"county_demographics":[{"County":"De Witt","confirmed_cases":1627,"total_tested":29436,"demographics":{"age":[{"race":[],"age_group":"<20","count":294,"tested":5179,"deaths":0},{"race":[],"age_group":"20-29   ","count":227,"tested":4851,"deaths":0},{"race":[],"age_group":"30-39   ","count":236,"tested":4141,"deaths":0},{"race":[],"age_group":"40-49   ","count":211,"tested":3782,"deaths":0},{"race":[],"age_group":"50-59   ","count":239,"tested":3883,"deaths":0},{"race":[],"age_group":"60-69   ","count":186,"tested":3267,"deaths":0},{"race":[],"age_group":"70-79   ","count":133,"tested":2138,"deaths":0},{"race":[],"age_group":"80+","count":101,"tested":2193,"deaths":0},{"race":[],"age_group":"Unknown","count":0,"tested":0,"deaths":0}],"race":[{"description":"AI/AN**","count":0,"tested":46,"deaths":0,"color":"rgb(31,119,180)"},{"description":"Asian","count":0,"tested":57,"deaths":0,"color":"rgb(140,86,75)"},{"description":"Black","count":8,"tested":182,"deaths":0,"color":"rgb(255,127,14)"},{"description":"Hispanic","count":37,"tested":355,"deaths":0,"color":"rgb(214,39,40)"},{"description":"Left Blank","count":337,"tested":12303,"deaths":0,"color":"rgb(44,160,44)"},{"description":"NH/PI*","count":0,"tested":9,"deaths":0,"color":"rgb(127,127,127)"},{"description":"Other","count":10,"tested":357,"deaths":0,"color":"rgb(148,103,189)"},{"description":"White","count":1223,"tested":16127,"deaths":0,"color":"rgb(31,119,180)"}],"gender":[{"description":"Female","count":870,"tested":17762,"deaths":0,"color":"rgb(255,127,14)"},{"description":"Male","count":751,"tested":11164,"deaths":0,"color":"rgb(31,119,180)"},{"description":"Unknown/Left Blank","count":0,"tested":510,"deaths":0,"color":"rgb(44,160,44)"}]}}]}
