{"lastUpdatedDate":{"year":2021,"month":8,"day":4},"county_demographics":[{"County":"Henry","confirmed_cases":5186,"total_tested":78387,"demographics":{"age":[{"race":[],"age_group":"<20","count":849,"tested":10624,"deaths":0},{"race":[],"age_group":"20-29   ","count":711,"tested":10699,"deaths":0},{"race":[],"age_group":"30-39   ","count":759,"tested":12015,"deaths":0},{"race":[],"age_group":"40-49   ","count":782,"tested":11374,"deaths":0},{"race":[],"age_group":"50-59   ","count":801,"tested":12361,"deaths":0},{"race":[],"age_group":"60-69   ","count":649,"tested":9401,"deaths":0},{"race":[],"age_group":"70-79   ","count":328,"tested":5430,"deaths":0},{"race":[],"age_group":"80+","count":307,"tested":6317,"deaths":0},{"race":[],"age_group":"Unknown","count":0,"tested":166,"deaths":0}],"race":[{"description":"AI/AN**","count":0,"tested":33,"deaths":0,"color":"rgb(31,119,180)"},{"description":"Asian","count":0,"tested":85,"deaths":0,"color":"rgb(140,86,75)"},{"description":"Black","count":81,"tested":915,"deaths":0,"color":"rgb(255,127,14)"},{"description":"Hispanic","count":227,"tested":1484,"deaths":0,"color":"rgb(214,39,40)"},{"description":"Left Blank","count":1502,"tested":40489,"deaths":0,"color":"rgb(44,160,44)"},{"description":"NH/PI*","count":0,"tested":19,"deaths":0,"color":"rgb(127,127,127)"},{"description":"Other","count":128,"tested":1600,"deaths":0,"color":"rgb(148,103,189)"},{"description":"White","count":3238,"tested":33762,"deaths":0,"color":"rgb(31,119,180)"}],"gender":[{"description":"Female","count":2838,"tested":45732,"deaths":0,"color":"rgb(255,127,14)"},{"description":"Male","count":2306,"tested":27568,"deaths":0,"color":"rgb(31,119,180)"},{"description":"Unknown/Left Blank","count":40,"tested":5087,"deaths":0,"color":"rgb(44,160,44)"}]}}]}
