{"lastUpdatedDate":{"year":2021,"month":8,"day":4},"county_demographics":[{"County":"Illinois","confirmed_cases":1430265,"total_tested":27056446,"demographics":{"age":[{"race":[{"description":"AI/AN**","count":320,"tested":4418,"deaths":0,"color":"rgb(31,119,180)"},{"description":"Asian","count":5112,"tested":231863,"deaths":0,"color":"rgb(140,86,75)"},{"description":"Black","count":22753,"tested":289213,"deaths":10,"color":"rgb(255,127,14)"},{"description":"Hispanic","count":50863,"tested":421468,"deaths":0,"color":"rgb(214,39,40)"},{"description":"Left Blank","count":56797,"tested":1159252,"deaths":0,"color":"rgb(44,160,44)"},{"description":"NH/PI*","count":202,"tested":4936,"deaths":0,"color":"rgb(127,127,127)"},{"description":"Other","count":9052,"tested":151830,"deaths":0,"color":"rgb(148,103,189)"},{"description":"White","count":90952,"tested":1443012,"deaths":6,"color":"rgb(31,119,180)"}],"age_group":"<20","count":236051,"tested":3705992,"deaths":21},{"race":[{"description":"AI/AN**","count":345,"tested":6672,"deaths":0,"color":"rgb(31,119,180)"},{"description":"Asian","count":6654,"tested":489730,"deaths":0,"color":"rgb(140,86,75)"},{"description":"Black","count":28413,"tested":435342,"deaths":31,"color":"rgb(255,127,14)"},{"description":"Hispanic","count":53233,"tested":524160,"deaths":36,"color":"rgb(214,39,40)"},{"description":"Left Blank","count":67457,"tested":1863716,"deaths":0,"color":"rgb(44,160,44)"},{"description":"NH/PI*","count":256,"tested":7851,"deaths":0,"color":"rgb(127,127,127)"},{"description":"Other","count":9565,"tested":183051,"deaths":0,"color":"rgb(148,103,189)"},{"description":"White","count":97743,"tested":1852310,"deaths":14,"color":"rgb(31,119,180)"}],"age_group":"20-29   ","count":263666,"tested":5362832,"deaths":85},{"race":[{"description":"AI/AN**","count":332,"tested":4715,"deaths":0,"color":"rgb(31,119,180)"},{"description":"Asian","count":5982,"tested":160559,"deaths":10,"color":"rgb(140,86,75)"},{"description":"Black","count":26376,"tested":345063,"deaths":96,"color":"rgb(255,127,14)"},{"description":"Hispanic","count":46208,"tested":310418,"deaths":127,"color":"rgb(214,39,40)"},{"description":"Left Blank","count":60126,"tested":1802834,"deaths":0,"color":"rgb(44,160,44)"},{"description":"NH/PI*","count":248,"tested":4659,"deaths":0,"color":"rgb(127,127,127)"},{"description":"Other","count":8695,"tested":128247,"deaths":0,"color":"rgb(148,103,189)"},{"description":"White","count":84105,"tested":1223079,"deaths":50,"color":"rgb(31,119,180)"}],"age_group":"30-39   ","count":232072,"tested":3979574,"deaths":284},{"race":[{"description":"AI/AN**","count":288,"tested":4104,"deaths":0,"color":"rgb(31,119,180)"},{"description":"Asian","count":5463,"tested":106751,"deaths":24,"color":"rgb(140,86,75)"},{"description":"Black","count":22842,"tested":314898,"deaths":209,"color":"rgb(255,127,14)"},{"description":"Hispanic","count":46118,"tested":262831,"deaths":309,"color":"rgb(214,39,40)"},{"description":"Left Blank","count":54548,"tested":1571815,"deaths":6,"color":"rgb(44,160,44)"},{"description":"NH/PI*","count":229,"tested":4071,"deaths":0,"color":"rgb(127,127,127)"},{"description":"Other","count":7681,"tested":101321,"deaths":0,"color":"rgb(148,103,189)"},{"description":"White","count":80171,"tested":1032576,"deaths":161,"color":"rgb(31,119,180)"}],"age_group":"40-49   ","count":217340,"tested":3398367,"deaths":712},{"race":[{"description":"AI/AN**","count":278,"tested":4017,"deaths":0,"color":"rgb(31,119,180)"},{"description":"Asian","count":4664,"tested":88512,"deaths":57,"color":"rgb(140,86,75)"},{"description":"Black","count":21073,"tested":322248,"deaths":470,"color":"rgb(255,127,14)"},{"description":"Hispanic","count":32363,"tested":201181,"deaths":603,"color":"rgb(214,39,40)"},{"description":"Left Blank","count":51429,"tested":1544250,"deaths":14,"color":"rgb(44,160,44)"},{"description":"NH/PI*","count":214,"tested":3918,"deaths":0,"color":"rgb(127,127,127)"},{"description":"Other","count":6757,"tested":92846,"deaths":6,"color":"rgb(148,103,189)"},{"description":"White","count":89992,"tested":1219167,"deaths":597,"color":"rgb(31,119,180)"}],"age_group":"50-59   ","count":206770,"tested":3476139,"deaths":1751},{"race":[{"description":"AI/AN**","count":174,"tested":2529,"deaths":11,"color":"rgb(31,119,180)"},{"description":"Asian","count":3337,"tested":56498,"deaths":128,"color":"rgb(140,86,75)"},{"description":"Black","count":15320,"tested":259682,"deaths":1007,"color":"rgb(255,127,14)"},{"description":"Hispanic","count":16413,"tested":115022,"deaths":904,"color":"rgb(214,39,40)"},{"description":"Left Blank","count":34309,"tested":1182979,"deaths":39,"color":"rgb(44,160,44)"},{"description":"NH/PI*","count":145,"tested":2144,"deaths":6,"color":"rgb(127,127,127)"},{"description":"Other","count":4216,"tested":68597,"deaths":22,"color":"rgb(148,103,189)"},{"description":"White","count":69954,"tested":1065831,"deaths":1750,"color":"rgb(31,119,180)"}],"age_group":"60-69   ","count":143868,"tested":2753282,"deaths":3867},{"race":[{"description":"AI/AN**","count":102,"tested":1330,"deaths":6,"color":"rgb(31,119,180)"},{"description":"Asian","count":1796,"tested":26510,"deaths":233,"color":"rgb(140,86,75)"},{"description":"Black","count":7922,"tested":127534,"deaths":1119,"color":"rgb(255,127,14)"},{"description":"Hispanic","count":6584,"tested":49438,"deaths":859,"color":"rgb(214,39,40)"},{"description":"Left Blank","count":15461,"tested":636349,"deaths":52,"color":"rgb(44,160,44)"},{"description":"NH/PI*","count":56,"tested":881,"deaths":8,"color":"rgb(127,127,127)"},{"description":"Other","count":1818,"tested":38227,"deaths":32,"color":"rgb(148,103,189)"},{"description":"White","count":40840,"tested":698945,"deaths":3520,"color":"rgb(31,119,180)"}],"age_group":"70-79   ","count":74583,"tested":1579214,"deaths":5829},{"race":[{"description":"AI/AN**","count":45,"tested":583,"deaths":7,"color":"rgb(31,119,180)"},{"description":"Asian","count":1117,"tested":16504,"deaths":372,"color":"rgb(140,86,75)"},{"description":"Black","count":5006,"tested":73741,"deaths":1376,"color":"rgb(255,127,14)"},{"description":"Hispanic","count":3166,"tested":27301,"deaths":855,"color":"rgb(214,39,40)"},{"description":"Left Blank","count":11216,"tested":728733,"deaths":108,"color":"rgb(44,160,44)"},{"description":"NH/PI*","count":39,"tested":509,"deaths":9,"color":"rgb(127,127,127)"},{"description":"Other","count":910,"tested":23757,"deaths":46,"color":"rgb(148,103,189)"},{"description":"White","count":34111,"tested":670379,"deaths":8154,"color":"rgb(31,119,180)"}],"age_group":"80+","count":55614,"tested":1541507,"deaths":10927},{"race":[{"description":"AI/AN**","count":0,"tested":17,"deaths":0,"color":"rgb(31,119,180)"},{"description":"Asian","count":0,"tested":188,"deaths":0,"color":"rgb(140,86,75)"},{"description":"Black","count":0,"tested":1120,"deaths":0,"color":"rgb(255,127,14)"},{"description":"Hispanic","count":11,"tested":655,"deaths":0,"color":"rgb(214,39,40)"},{"description":"Left Blank","count":229,"tested":49722,"deaths":0,"color":"rgb(44,160,44)"},{"description":"NH/PI*","count":0,"tested":0,"deaths":0,"color":"rgb(127,127,127)"},{"description":"Other","count":0,"tested":99,"deaths":0,"color":"rgb(148,103,189)"},{"description":"White","count":48,"tested":3423,"deaths":0,"color":"rgb(31,119,180)"}],"age_group":"Unknown","count":301,"tested":55225,"deaths":0}],"race":[{"description":"AI/AN**","count":1887,"tested":28385,"deaths":27,"color":"rgb(31,119,180)"},{"description":"Asian","count":34126,"tested":1177115,"deaths":826,"color":"rgb(140,86,75)"},{"description":"Black","count":149710,"tested":2168841,"deaths":4318,"color":"rgb(255,127,14)"},{"description":"Hispanic","count":254963,"tested":1912474,"deaths":3698,"color":"rgb(214,39,40)"},{"description":"Left Blank","count":351572,"tested":10539650,"deaths":220,"color":"rgb(44,160,44)"},{"description":"NH/PI*","count":1395,"tested":28970,"deaths":26,"color":"rgb(127,127,127)"},{"description":"Other","count":48696,"tested":787975,"deaths":109,"color":"rgb(148,103,189)"},{"description":"White","count":587916,"tested":9208722,"deaths":14252,"color":"rgb(31,119,180)"}],"gender":[{"description":"Female","count":737861,"tested":13888024,"deaths":10761,"color":"rgb(255,127,14)"},{"description":"Male","count":674497,"tested":10999847,"deaths":12715,"color":"rgb(31,119,180)"},{"description":"Unknown/Left Blank","count":17907,"tested":964261,"deaths":0,"color":"rgb(44,160,44)"}]}}]}
