{"age":[{"age_group":"<20","count":365,"tested":4130},{"age_group":"20-29   ","count":474,"tested":5136},{"age_group":"30-39   ","count":259,"tested":3190},{"age_group":"40-49   ","count":336,"tested":3842},{"age_group":"50-59   ","count":467,"tested":5067},{"age_group":"60-69   ","count":355,"tested":4486},{"age_group":"70-79   ","count":169,"tested":3492},{"age_group":"80+","count":166,"tested":5942}],"race":[{"description":"Asian","count":78,"tested":1043,"color":"rgb(140,86,75)"},{"description":"Black","count":49,"tested":634,"color":"rgb(255,127,14)"},{"description":"Hispanic","count":94,"tested":894,"color":"rgb(214,39,40)"},{"description":"Left Blank","count":926,"tested":16692,"color":"rgb(44,160,44)"},{"description":"Other","count":111,"tested":1315,"color":"rgb(148,103,189)"},{"description":"White","count":1327,"tested":14669,"color":"rgb(31,119,180)"}],"gender":[]}
