{"age":[{"age_group":"<20","count":1573,"tested":13608},{"age_group":"20-29   ","count":1850,"tested":18846},{"age_group":"30-39   ","count":1963,"tested":20800},{"age_group":"40-49   ","count":1765,"tested":18592},{"age_group":"50-59   ","count":1641,"tested":17926},{"age_group":"60-69   ","count":1069,"tested":14433},{"age_group":"70-79   ","count":472,"tested":6726},{"age_group":"80+","count":270,"tested":5549}],"race":[{"description":"AI/AN**","count":15,"tested":164,"color":"rgb(31,119,180)"},{"description":"Asian","count":334,"tested":4616,"color":"rgb(140,86,75)"},{"description":"Black","count":207,"tested":3146,"color":"rgb(255,127,14)"},{"description":"Hispanic","count":4630,"tested":32872,"color":"rgb(214,39,40)"},{"description":"Left Blank","count":1588,"tested":35429,"color":"rgb(44,160,44)"},{"description":"NH/PI*","count":26,"tested":251,"color":"rgb(127,127,127)"},{"description":"Other","count":500,"tested":6287,"color":"rgb(148,103,189)"},{"description":"White","count":3303,"tested":33752,"color":"rgb(31,119,180)"}],"gender":[]}
