{"age":[{"age_group":"<20","count":418,"tested":4638},{"age_group":"20-29   ","count":434,"tested":7451},{"age_group":"30-39   ","count":333,"tested":4924},{"age_group":"40-49   ","count":353,"tested":4209},{"age_group":"50-59   ","count":301,"tested":4726},{"age_group":"60-69   ","count":202,"tested":3709},{"age_group":"70-79   ","count":121,"tested":2328},{"age_group":"80+","count":67,"tested":1526}],"race":[{"description":"AI/AN**","count":6,"tested":20,"color":"rgb(31,119,180)"},{"description":"Asian","count":6,"tested":96,"color":"rgb(140,86,75)"},{"description":"Black","count":744,"tested":5923,"color":"rgb(255,127,14)"},{"description":"Hispanic","count":529,"tested":2285,"color":"rgb(214,39,40)"},{"description":"Left Blank","count":178,"tested":16708,"color":"rgb(44,160,44)"},{"description":"Other","count":35,"tested":440,"color":"rgb(148,103,189)"},{"description":"White","count":730,"tested":8038,"color":"rgb(31,119,180)"}],"gender":[]}
