{"age":[{"age_group":"<20","count":170,"tested":1813},{"age_group":"20-29   ","count":108,"tested":2311},{"age_group":"30-39   ","count":81,"tested":1665},{"age_group":"40-49   ","count":93,"tested":2383},{"age_group":"50-59   ","count":123,"tested":2168},{"age_group":"60-69   ","count":132,"tested":2560},{"age_group":"70-79   ","count":145,"tested":2929},{"age_group":"80+","count":138,"tested":2852}],"race":[{"description":"Asian","count":140,"tested":1656,"color":"rgb(140,86,75)"},{"description":"Black","count":15,"tested":214,"color":"rgb(255,127,14)"},{"description":"Hispanic","count":55,"tested":328,"color":"rgb(214,39,40)"},{"description":"Left Blank","count":191,"tested":9834,"color":"rgb(44,160,44)"},{"description":"Other","count":52,"tested":813,"color":"rgb(148,103,189)"},{"description":"White","count":536,"tested":5772,"color":"rgb(31,119,180)"}],"gender":[]}
