{"age":[{"age_group":"<20","count":489,"tested":5484},{"age_group":"20-29   ","count":623,"tested":6737},{"age_group":"30-39   ","count":562,"tested":6637},{"age_group":"40-49   ","count":459,"tested":5074},{"age_group":"50-59   ","count":457,"tested":5478},{"age_group":"60-69   ","count":307,"tested":4753},{"age_group":"70-79   ","count":145,"tested":2902},{"age_group":"80+","count":77,"tested":2520}],"race":[{"description":"Asian","count":178,"tested":1730,"color":"rgb(140,86,75)"},{"description":"Black","count":170,"tested":1635,"color":"rgb(255,127,14)"},{"description":"Hispanic","count":784,"tested":3438,"color":"rgb(214,39,40)"},{"description":"Left Blank","count":617,"tested":18092,"color":"rgb(44,160,44)"},{"description":"Other","count":112,"tested":1607,"color":"rgb(148,103,189)"},{"description":"White","count":1254,"tested":13043,"color":"rgb(31,119,180)"}],"gender":[]}
