{"age":[{"age_group":"<20","count":521,"tested":4961},{"age_group":"20-29   ","count":627,"tested":6437},{"age_group":"30-39   ","count":618,"tested":6460},{"age_group":"40-49   ","count":623,"tested":6460},{"age_group":"50-59   ","count":474,"tested":5226},{"age_group":"60-69   ","count":232,"tested":3477},{"age_group":"70-79   ","count":128,"tested":2019},{"age_group":"80+","count":113,"tested":1358}],"race":[{"description":"AI/AN**","count":12,"tested":45,"color":"rgb(31,119,180)"},{"description":"Asian","count":52,"tested":525,"color":"rgb(140,86,75)"},{"description":"Black","count":346,"tested":3676,"color":"rgb(255,127,14)"},{"description":"Hispanic","count":633,"tested":3594,"color":"rgb(214,39,40)"},{"description":"Left Blank","count":906,"tested":13449,"color":"rgb(44,160,44)"},{"description":"Other","count":77,"tested":1517,"color":"rgb(148,103,189)"},{"description":"White","count":1304,"tested":13569,"color":"rgb(31,119,180)"}],"gender":[]}
