{"age":[{"age_group":"<20","count":7,"tested":176},{"age_group":"20-29   ","count":13,"tested":139},{"age_group":"30-39   ","count":12,"tested":190},{"age_group":"40-49   ","count":24,"tested":184},{"age_group":"50-59   ","count":21,"tested":170},{"age_group":"60-69   ","count":10,"tested":120},{"age_group":"70-79   ","count":6,"tested":81}],"race":[{"description":"Left Blank","count":40,"tested":542,"color":"rgb(44,160,44)"},{"description":"White","count":51,"tested":511,"color":"rgb(31,119,180)"}],"gender":[]}
