{"age":[{"age_group":"<20","count":616,"tested":5042},{"age_group":"20-29   ","count":702,"tested":7854},{"age_group":"30-39   ","count":682,"tested":7120},{"age_group":"40-49   ","count":696,"tested":7678},{"age_group":"50-59   ","count":608,"tested":8057},{"age_group":"60-69   ","count":386,"tested":6446},{"age_group":"70-79   ","count":192,"tested":3648},{"age_group":"80+","count":107,"tested":2344}],"race":[{"description":"Asian","count":9,"tested":47,"color":"rgb(140,86,75)"},{"description":"Black","count":1876,"tested":21571,"color":"rgb(255,127,14)"},{"description":"Hispanic","count":632,"tested":3422,"color":"rgb(214,39,40)"},{"description":"Left Blank","count":1201,"tested":20134,"color":"rgb(44,160,44)"},{"description":"Other","count":87,"tested":845,"color":"rgb(148,103,189)"},{"description":"White","count":182,"tested":2144,"color":"rgb(31,119,180)"}],"gender":[]}
