{"age":[{"age_group":"<20","count":137,"tested":1546},{"age_group":"20-29   ","count":80,"tested":905},{"age_group":"30-39   ","count":109,"tested":861},{"age_group":"40-49   ","count":109,"tested":875},{"age_group":"50-59   ","count":117,"tested":1203},{"age_group":"60-69   ","count":75,"tested":913},{"age_group":"70-79   ","count":30,"tested":518},{"age_group":"80+","count":34,"tested":492}],"race":[{"description":"Black","count":10,"tested":92,"color":"rgb(255,127,14)"},{"description":"Hispanic","count":22,"tested":158,"color":"rgb(214,39,40)"},{"description":"Left Blank","count":58,"tested":2407,"color":"rgb(44,160,44)"},{"description":"White","count":598,"tested":4512,"color":"rgb(31,119,180)"}],"gender":[]}
