{"age":[{"age_group":"<20","count":846,"tested":7496},{"age_group":"20-29   ","count":862,"tested":9123},{"age_group":"30-39   ","count":777,"tested":7421},{"age_group":"40-49   ","count":738,"tested":7366},{"age_group":"50-59   ","count":721,"tested":9157},{"age_group":"60-69   ","count":456,"tested":7475},{"age_group":"70-79   ","count":187,"tested":3457},{"age_group":"80+","count":108,"tested":2436}],"race":[{"description":"Asian","count":189,"tested":1880,"color":"rgb(140,86,75)"},{"description":"Black","count":64,"tested":983,"color":"rgb(255,127,14)"},{"description":"Hispanic","count":2213,"tested":9552,"color":"rgb(214,39,40)"},{"description":"Left Blank","count":688,"tested":26938,"color":"rgb(44,160,44)"},{"description":"Other","count":108,"tested":1308,"color":"rgb(148,103,189)"},{"description":"White","count":1424,"tested":13153,"color":"rgb(31,119,180)"}],"gender":[]}
