{"age":[{"age_group":"<20","count":684,"tested":5124},{"age_group":"20-29   ","count":312,"tested":3518},{"age_group":"30-39   ","count":336,"tested":3374},{"age_group":"40-49   ","count":259,"tested":3010},{"age_group":"50-59   ","count":259,"tested":3436},{"age_group":"60-69   ","count":187,"tested":2918},{"age_group":"70-79   ","count":101,"tested":2578},{"age_group":"80+","count":146,"tested":6236}],"race":[{"description":"AI/AN**","count":6,"tested":87,"color":"rgb(31,119,180)"},{"description":"Asian","count":219,"tested":2872,"color":"rgb(140,86,75)"},{"description":"Black","count":19,"tested":442,"color":"rgb(255,127,14)"},{"description":"Hispanic","count":78,"tested":882,"color":"rgb(214,39,40)"},{"description":"Left Blank","count":1141,"tested":17320,"color":"rgb(44,160,44)"},{"description":"Other","count":266,"tested":1650,"color":"rgb(148,103,189)"},{"description":"White","count":552,"tested":7159,"color":"rgb(31,119,180)"}],"gender":[]}
