{"age":[{"age_group":"<20","count":457,"tested":4452},{"age_group":"20-29   ","count":536,"tested":5259},{"age_group":"30-39   ","count":368,"tested":4336},{"age_group":"40-49   ","count":463,"tested":4764},{"age_group":"50-59   ","count":498,"tested":5189},{"age_group":"60-69   ","count":330,"tested":3676},{"age_group":"70-79   ","count":136,"tested":1777},{"age_group":"80+","count":51,"tested":783}],"race":[{"description":"Asian","count":65,"tested":1061,"color":"rgb(140,86,75)"},{"description":"Black","count":94,"tested":1185,"color":"rgb(255,127,14)"},{"description":"Hispanic","count":166,"tested":1237,"color":"rgb(214,39,40)"},{"description":"Left Blank","count":1036,"tested":12972,"color":"rgb(44,160,44)"},{"description":"Other","count":121,"tested":1282,"color":"rgb(148,103,189)"},{"description":"White","count":1352,"tested":12424,"color":"rgb(31,119,180)"}],"gender":[]}
