{"age":[{"age_group":"<20","count":348,"tested":2722},{"age_group":"20-29   ","count":457,"tested":6512},{"age_group":"30-39   ","count":428,"tested":6491},{"age_group":"40-49   ","count":362,"tested":6360},{"age_group":"50-59   ","count":305,"tested":5545},{"age_group":"60-69   ","count":176,"tested":3609},{"age_group":"70-79   ","count":88,"tested":1608},{"age_group":"80+","count":49,"tested":731}],"race":[{"description":"AI/AN**","count":18,"tested":67,"color":"rgb(31,119,180)"},{"description":"Asian","count":8,"tested":159,"color":"rgb(140,86,75)"},{"description":"Black","count":325,"tested":4148,"color":"rgb(255,127,14)"},{"description":"Hispanic","count":667,"tested":3386,"color":"rgb(214,39,40)"},{"description":"Left Blank","count":642,"tested":17990,"color":"rgb(44,160,44)"},{"description":"Other","count":79,"tested":1429,"color":"rgb(148,103,189)"},{"description":"White","count":473,"tested":6388,"color":"rgb(31,119,180)"}],"gender":[]}
