{"age":[{"age_group":"<20","count":28,"tested":233},{"age_group":"20-29   ","count":34,"tested":385},{"age_group":"30-39   ","count":29,"tested":356},{"age_group":"40-49   ","count":23,"tested":388},{"age_group":"50-59   ","count":27,"tested":545},{"age_group":"60-69   ","count":17,"tested":478},{"age_group":"70-79   ","count":10,"tested":142},{"age_group":"80+","count":9,"tested":119}],"race":[{"description":"Black","count":103,"tested":1596,"color":"rgb(255,127,14)"},{"description":"Hispanic","count":29,"tested":156,"color":"rgb(214,39,40)"},{"description":"Left Blank","count":35,"tested":536,"color":"rgb(44,160,44)"},{"description":"White","count":7,"tested":279,"color":"rgb(31,119,180)"}],"gender":[]}
