{"age":[{"age_group":"<20","count":55,"tested":492},{"age_group":"20-29   ","count":42,"tested":308},{"age_group":"30-39   ","count":37,"tested":334},{"age_group":"40-49   ","count":44,"tested":382},{"age_group":"50-59   ","count":51,"tested":482},{"age_group":"60-69   ","count":46,"tested":336},{"age_group":"70-79   ","count":23,"tested":131},{"age_group":"80+","count":7,"tested":91}],"race":[{"description":"Hispanic","count":13,"tested":60,"color":"rgb(214,39,40)"},{"description":"Left Blank","count":129,"tested":799,"color":"rgb(44,160,44)"},{"description":"White","count":162,"tested":1660,"color":"rgb(31,119,180)"}],"gender":[]}
