{"age":[{"age_group":"<20","count":273,"tested":2846},{"age_group":"20-29   ","count":225,"tested":2014},{"age_group":"30-39   ","count":227,"tested":1912},{"age_group":"40-49   ","count":196,"tested":1649},{"age_group":"50-59   ","count":168,"tested":1683},{"age_group":"60-69   ","count":100,"tested":1243},{"age_group":"70-79   ","count":70,"tested":515},{"age_group":"80+","count":38,"tested":336}],"race":[{"description":"Asian","count":17,"tested":127,"color":"rgb(140,86,75)"},{"description":"Black","count":53,"tested":352,"color":"rgb(255,127,14)"},{"description":"Hispanic","count":177,"tested":586,"color":"rgb(214,39,40)"},{"description":"Left Blank","count":97,"tested":4278,"color":"rgb(44,160,44)"},{"description":"Other","count":24,"tested":408,"color":"rgb(148,103,189)"},{"description":"White","count":930,"tested":6423,"color":"rgb(31,119,180)"}],"gender":[]}
