{"age":[{"age_group":"<20","count":559,"tested":4083},{"age_group":"20-29   ","count":570,"tested":6301},{"age_group":"30-39   ","count":548,"tested":5788},{"age_group":"40-49   ","count":568,"tested":6498},{"age_group":"50-59   ","count":551,"tested":6609},{"age_group":"60-69   ","count":411,"tested":5137},{"age_group":"70-79   ","count":193,"tested":2729},{"age_group":"80+","count":117,"tested":1856}],"race":[{"description":"Asian","count":18,"tested":184,"color":"rgb(140,86,75)"},{"description":"Black","count":1029,"tested":11940,"color":"rgb(255,127,14)"},{"description":"Hispanic","count":559,"tested":3372,"color":"rgb(214,39,40)"},{"description":"Left Blank","count":1223,"tested":17290,"color":"rgb(44,160,44)"},{"description":"Other","count":106,"tested":838,"color":"rgb(148,103,189)"},{"description":"White","count":576,"tested":5432,"color":"rgb(31,119,180)"}],"gender":[]}
