{"age":[{"age_group":"<20","count":406,"tested":5209},{"age_group":"20-29   ","count":418,"tested":5581},{"age_group":"30-39   ","count":315,"tested":4826},{"age_group":"40-49   ","count":377,"tested":5339},{"age_group":"50-59   ","count":482,"tested":6734},{"age_group":"60-69   ","count":294,"tested":5591},{"age_group":"70-79   ","count":151,"tested":3635},{"age_group":"80+","count":138,"tested":6354}],"race":[{"description":"Asian","count":25,"tested":460,"color":"rgb(140,86,75)"},{"description":"Black","count":20,"tested":363,"color":"rgb(255,127,14)"},{"description":"Hispanic","count":103,"tested":870,"color":"rgb(214,39,40)"},{"description":"Left Blank","count":835,"tested":23956,"color":"rgb(44,160,44)"},{"description":"Other","count":84,"tested":994,"color":"rgb(148,103,189)"},{"description":"White","count":1508,"tested":16604,"color":"rgb(31,119,180)"}],"gender":[]}
