{"age":[{"age_group":"<20","count":263,"tested":1764},{"age_group":"20-29   ","count":308,"tested":2423},{"age_group":"30-39   ","count":260,"tested":2036},{"age_group":"40-49   ","count":258,"tested":1868},{"age_group":"50-59   ","count":192,"tested":1556},{"age_group":"60-69   ","count":127,"tested":1313},{"age_group":"70-79   ","count":47,"tested":550},{"age_group":"80+","count":31,"tested":376}],"race":[{"description":"Black","count":68,"tested":747,"color":"rgb(255,127,14)"},{"description":"Hispanic","count":717,"tested":3394,"color":"rgb(214,39,40)"},{"description":"Left Blank","count":361,"tested":4312,"color":"rgb(44,160,44)"},{"description":"Other","count":102,"tested":968,"color":"rgb(148,103,189)"},{"description":"White","count":230,"tested":2342,"color":"rgb(31,119,180)"}],"gender":[]}
