{"age":[{"age_group":"<20","count":222,"tested":1681},{"age_group":"20-29   ","count":210,"tested":2170},{"age_group":"30-39   ","count":253,"tested":2298},{"age_group":"40-49   ","count":178,"tested":1724},{"age_group":"50-59   ","count":189,"tested":2091},{"age_group":"60-69   ","count":155,"tested":1667},{"age_group":"70-79   ","count":42,"tested":704},{"age_group":"80+","count":26,"tested":511}],"race":[{"description":"Asian","count":25,"tested":234,"color":"rgb(140,86,75)"},{"description":"Black","count":20,"tested":191,"color":"rgb(255,127,14)"},{"description":"Hispanic","count":398,"tested":2856,"color":"rgb(214,39,40)"},{"description":"Left Blank","count":221,"tested":3551,"color":"rgb(44,160,44)"},{"description":"Other","count":52,"tested":602,"color":"rgb(148,103,189)"},{"description":"White","count":557,"tested":5384,"color":"rgb(31,119,180)"}],"gender":[]}
