{"age":[{"age_group":"<20","count":254,"tested":3149},{"age_group":"20-29   ","count":139,"tested":1819},{"age_group":"30-39   ","count":106,"tested":1394},{"age_group":"40-49   ","count":145,"tested":1733},{"age_group":"50-59   ","count":167,"tested":2123},{"age_group":"60-69   ","count":78,"tested":1554},{"age_group":"70-79   ","count":20,"tested":774},{"age_group":"80+","count":56,"tested":901}],"race":[{"description":"Asian","count":46,"tested":505,"color":"rgb(140,86,75)"},{"description":"Black","count":28,"tested":243,"color":"rgb(255,127,14)"},{"description":"Hispanic","count":41,"tested":269,"color":"rgb(214,39,40)"},{"description":"Left Blank","count":189,"tested":6707,"color":"rgb(44,160,44)"},{"description":"Other","count":19,"tested":448,"color":"rgb(148,103,189)"},{"description":"White","count":641,"tested":5271,"color":"rgb(31,119,180)"}],"gender":[]}
