{"age":[{"age_group":"<20","count":189,"tested":1914},{"age_group":"20-29   ","count":171,"tested":2046},{"age_group":"30-39   ","count":210,"tested":1943},{"age_group":"40-49   ","count":181,"tested":1776},{"age_group":"50-59   ","count":207,"tested":1874},{"age_group":"60-69   ","count":134,"tested":1748},{"age_group":"70-79   ","count":60,"tested":1097},{"age_group":"80+","count":39,"tested":834}],"race":[{"description":"Hispanic","count":230,"tested":1054,"color":"rgb(214,39,40)"},{"description":"Left Blank","count":267,"tested":4749,"color":"rgb(44,160,44)"},{"description":"Other","count":16,"tested":232,"color":"rgb(148,103,189)"},{"description":"White","count":665,"tested":7018,"color":"rgb(31,119,180)"}],"gender":[]}
