{"age":[{"age_group":"<20","count":452,"tested":5730},{"age_group":"20-29   ","count":479,"tested":5844},{"age_group":"30-39   ","count":432,"tested":6052},{"age_group":"40-49   ","count":381,"tested":4981},{"age_group":"50-59   ","count":366,"tested":5780},{"age_group":"60-69   ","count":301,"tested":4756},{"age_group":"70-79   ","count":164,"tested":3074},{"age_group":"80+","count":115,"tested":3877}],"race":[{"description":"Asian","count":22,"tested":159,"color":"rgb(140,86,75)"},{"description":"Black","count":676,"tested":5541,"color":"rgb(255,127,14)"},{"description":"Hispanic","count":456,"tested":2519,"color":"rgb(214,39,40)"},{"description":"Left Blank","count":219,"tested":16530,"color":"rgb(44,160,44)"},{"description":"Other","count":26,"tested":660,"color":"rgb(148,103,189)"},{"description":"White","count":1290,"tested":14666,"color":"rgb(31,119,180)"}],"gender":[]}
