{"age":[{"age_group":"<20","count":84,"tested":1290},{"age_group":"20-29   ","count":88,"tested":840},{"age_group":"30-39   ","count":94,"tested":907},{"age_group":"40-49   ","count":96,"tested":1044},{"age_group":"50-59   ","count":86,"tested":1048},{"age_group":"60-69   ","count":65,"tested":895},{"age_group":"70-79   ","count":59,"tested":788},{"age_group":"80+","count":14,"tested":300}],"race":[{"description":"Hispanic","count":12,"tested":87,"color":"rgb(214,39,40)"},{"description":"Left Blank","count":218,"tested":3373,"color":"rgb(44,160,44)"},{"description":"White","count":345,"tested":3472,"color":"rgb(31,119,180)"}],"gender":[]}
