{"lastUpdatedDate":{"year":2021,"month":2,"day":24},"county_demographics":[{"County":"Henry","confirmed_cases":4310,"total_tested":56600,"demographics":{"age":[{"race":[],"age_group":"<20","count":642,"tested":6472,"deaths":0},{"race":[],"age_group":"20-29   ","count":594,"tested":7788,"deaths":0},{"race":[],"age_group":"30-39   ","count":612,"tested":8385,"deaths":0},{"race":[],"age_group":"40-49   ","count":654,"tested":8183,"deaths":0},{"race":[],"age_group":"50-59   ","count":685,"tested":9209,"deaths":0},{"race":[],"age_group":"60-69   ","count":541,"tested":7068,"deaths":0},{"race":[],"age_group":"70-79   ","count":292,"tested":4193,"deaths":0},{"race":[],"age_group":"80+","count":284,"tested":5142,"deaths":0},{"race":[],"age_group":"Unknown","count":0,"tested":160,"deaths":0}],"race":[{"description":"AI/AN**","count":0,"tested":12,"deaths":0,"color":"rgb(31,119,180)"},{"description":"Asian","count":0,"tested":49,"deaths":0,"color":"rgb(140,86,75)"},{"description":"Black","count":59,"tested":570,"deaths":0,"color":"rgb(255,127,14)"},{"description":"Hispanic","count":189,"tested":950,"deaths":0,"color":"rgb(214,39,40)"},{"description":"Left Blank","count":1340,"tested":31723,"deaths":0,"color":"rgb(44,160,44)"},{"description":"NH/PI*","count":0,"tested":15,"deaths":0,"color":"rgb(127,127,127)"},{"description":"Other","count":93,"tested":753,"deaths":0,"color":"rgb(148,103,189)"},{"description":"White","count":2621,"tested":22528,"deaths":0,"color":"rgb(31,119,180)"}],"gender":[{"description":"Female","count":2364,"tested":33688,"deaths":0,"color":"rgb(255,127,14)"},{"description":"Male","count":1910,"tested":18696,"deaths":0,"color":"rgb(31,119,180)"},{"description":"Unknown/Left Blank","count":32,"tested":4216,"deaths":0,"color":"rgb(44,160,44)"}]}}]}
