{"lastUpdatedDate":{"year":2021,"month":2,"day":24},"county_demographics":[{"County":"St. Clair","confirmed_cases":25223,"total_tested":299146,"demographics":{"age":[{"race":[],"age_group":"<20","count":3948,"tested":32041,"deaths":0},{"race":[],"age_group":"20-29   ","count":3886,"tested":44129,"deaths":0},{"race":[],"age_group":"30-39   ","count":3966,"tested":49530,"deaths":0},{"race":[],"age_group":"40-49   ","count":3851,"tested":44961,"deaths":0},{"race":[],"age_group":"50-59   ","count":3816,"tested":45128,"deaths":0},{"race":[],"age_group":"60-69   ","count":3015,"tested":38002,"deaths":0},{"race":[],"age_group":"70-79   ","count":1474,"tested":21473,"deaths":0},{"race":[],"age_group":"80+","count":1251,"tested":21182,"deaths":0},{"race":[],"age_group":"Unknown","count":16,"tested":2700,"deaths":0}],"race":[{"description":"AI/AN**","count":34,"tested":163,"deaths":0,"color":"rgb(31,119,180)"},{"description":"Asian","count":125,"tested":773,"deaths":0,"color":"rgb(140,86,75)"},{"description":"Black","count":5778,"tested":36966,"deaths":0,"color":"rgb(255,127,14)"},{"description":"Hispanic","count":774,"tested":2845,"deaths":0,"color":"rgb(214,39,40)"},{"description":"Left Blank","count":9648,"tested":181641,"deaths":0,"color":"rgb(44,160,44)"},{"description":"NH/PI*","count":35,"tested":255,"deaths":0,"color":"rgb(127,127,127)"},{"description":"Other","count":450,"tested":5856,"deaths":0,"color":"rgb(148,103,189)"},{"description":"White","count":8376,"tested":70647,"deaths":0,"color":"rgb(31,119,180)"}],"gender":[{"description":"Female","count":13450,"tested":159944,"deaths":0,"color":"rgb(255,127,14)"},{"description":"Male","count":10718,"tested":107214,"deaths":0,"color":"rgb(31,119,180)"},{"description":"Unknown/Left Blank","count":1055,"tested":31988,"deaths":0,"color":"rgb(44,160,44)"}]}}]}
