{"lastUpdatedDate":{"year":2021,"month":2,"day":24},"county_demographics":[{"County":"Grundy","confirmed_cases":5071,"total_tested":44682,"demographics":{"age":[{"race":[],"age_group":"<20","count":852,"tested":7097,"deaths":0},{"race":[],"age_group":"20-29   ","count":863,"tested":7284,"deaths":0},{"race":[],"age_group":"30-39   ","count":809,"tested":6438,"deaths":0},{"race":[],"age_group":"40-49   ","count":853,"tested":6490,"deaths":0},{"race":[],"age_group":"50-59   ","count":769,"tested":6488,"deaths":0},{"race":[],"age_group":"60-69   ","count":488,"tested":4681,"deaths":0},{"race":[],"age_group":"70-79   ","count":266,"tested":3004,"deaths":0},{"race":[],"age_group":"80+","count":169,"tested":3078,"deaths":0},{"race":[],"age_group":"Unknown","count":0,"tested":122,"deaths":0}],"race":[{"description":"AI/AN**","count":0,"tested":27,"deaths":0,"color":"rgb(31,119,180)"},{"description":"Asian","count":17,"tested":161,"deaths":0,"color":"rgb(140,86,75)"},{"description":"Black","count":43,"tested":518,"deaths":0,"color":"rgb(255,127,14)"},{"description":"Hispanic","count":292,"tested":1526,"deaths":0,"color":"rgb(214,39,40)"},{"description":"Left Blank","count":1369,"tested":13855,"deaths":0,"color":"rgb(44,160,44)"},{"description":"NH/PI*","count":0,"tested":11,"deaths":0,"color":"rgb(127,127,127)"},{"description":"Other","count":374,"tested":2186,"deaths":0,"color":"rgb(148,103,189)"},{"description":"White","count":2969,"tested":26398,"deaths":0,"color":"rgb(31,119,180)"}],"gender":[{"description":"Female","count":2589,"tested":25823,"deaths":0,"color":"rgb(255,127,14)"},{"description":"Male","count":2436,"tested":17597,"deaths":0,"color":"rgb(31,119,180)"},{"description":"Unknown/Left Blank","count":44,"tested":1262,"deaths":0,"color":"rgb(44,160,44)"}]}}]}
