{"lastUpdatedDate":{"year":2021,"month":2,"day":24},"county_demographics":[{"County":"Jasper","confirmed_cases":1105,"total_tested":10128,"demographics":{"age":[{"race":[],"age_group":"<20","count":164,"tested":1538,"deaths":0},{"race":[],"age_group":"20-29   ","count":114,"tested":1184,"deaths":0},{"race":[],"age_group":"30-39   ","count":139,"tested":1178,"deaths":0},{"race":[],"age_group":"40-49   ","count":146,"tested":1391,"deaths":0},{"race":[],"age_group":"50-59   ","count":166,"tested":1430,"deaths":0},{"race":[],"age_group":"60-69   ","count":177,"tested":1180,"deaths":0},{"race":[],"age_group":"70-79   ","count":103,"tested":826,"deaths":0},{"race":[],"age_group":"80+","count":96,"tested":1399,"deaths":0},{"race":[],"age_group":"Unknown","count":0,"tested":0,"deaths":0}],"race":[{"description":"AI/AN**","count":0,"tested":0,"deaths":0,"color":"rgb(31,119,180)"},{"description":"Asian","count":0,"tested":13,"deaths":0,"color":"rgb(140,86,75)"},{"description":"Black","count":0,"tested":15,"deaths":0,"color":"rgb(255,127,14)"},{"description":"Hispanic","count":0,"tested":71,"deaths":0,"color":"rgb(214,39,40)"},{"description":"Left Blank","count":285,"tested":2115,"deaths":0,"color":"rgb(44,160,44)"},{"description":"Other","count":0,"tested":283,"deaths":0,"color":"rgb(148,103,189)"},{"description":"White","count":804,"tested":7630,"deaths":0,"color":"rgb(31,119,180)"}],"gender":[{"description":"Female","count":595,"tested":6339,"deaths":0,"color":"rgb(255,127,14)"},{"description":"Male","count":487,"tested":3328,"deaths":0,"color":"rgb(31,119,180)"},{"description":"Unknown/Left Blank","count":23,"tested":461,"deaths":0,"color":"rgb(44,160,44)"}]}}]}
