{"lastUpdatedDate":{"year":2021,"month":2,"day":24},"county_demographics":[{"County":"Coles","confirmed_cases":5162,"total_tested":64675,"demographics":{"age":[{"race":[],"age_group":"<20","count":907,"tested":9984,"deaths":0},{"race":[],"age_group":"20-29   ","count":1080,"tested":13901,"deaths":0},{"race":[],"age_group":"30-39   ","count":664,"tested":8536,"deaths":0},{"race":[],"age_group":"40-49   ","count":591,"tested":6956,"deaths":0},{"race":[],"age_group":"50-59   ","count":617,"tested":7914,"deaths":0},{"race":[],"age_group":"60-69   ","count":602,"tested":7330,"deaths":0},{"race":[],"age_group":"70-79   ","count":388,"tested":5187,"deaths":0},{"race":[],"age_group":"80+","count":313,"tested":4857,"deaths":0},{"race":[],"age_group":"Unknown","count":0,"tested":10,"deaths":0}],"race":[{"description":"AI/AN**","count":0,"tested":24,"deaths":0,"color":"rgb(31,119,180)"},{"description":"Asian","count":17,"tested":316,"deaths":0,"color":"rgb(140,86,75)"},{"description":"Black","count":166,"tested":2752,"deaths":0,"color":"rgb(255,127,14)"},{"description":"Hispanic","count":111,"tested":869,"deaths":0,"color":"rgb(214,39,40)"},{"description":"Left Blank","count":684,"tested":12030,"deaths":0,"color":"rgb(44,160,44)"},{"description":"NH/PI*","count":0,"tested":18,"deaths":0,"color":"rgb(127,127,127)"},{"description":"Other","count":89,"tested":1793,"deaths":0,"color":"rgb(148,103,189)"},{"description":"White","count":4082,"tested":46873,"deaths":0,"color":"rgb(31,119,180)"}],"gender":[{"description":"Female","count":2772,"tested":38609,"deaths":0,"color":"rgb(255,127,14)"},{"description":"Male","count":2306,"tested":25178,"deaths":0,"color":"rgb(31,119,180)"},{"description":"Unknown/Left Blank","count":84,"tested":888,"deaths":0,"color":"rgb(44,160,44)"}]}}]}
