{"age":[{"age_group":"<20","count":166,"tested":1789},{"age_group":"20-29   ","count":212,"tested":2726},{"age_group":"30-39   ","count":202,"tested":2873},{"age_group":"40-49   ","count":176,"tested":2490},{"age_group":"50-59   ","count":167,"tested":2844},{"age_group":"60-69   ","count":115,"tested":2021},{"age_group":"70-79   ","count":91,"tested":1314},{"age_group":"80+","count":47,"tested":1154}],"race":[{"description":"Left Blank","count":306,"tested":5733,"color":"rgb(44,160,44)"},{"description":"White","count":677,"tested":9185,"color":"rgb(31,119,180)"},{"description":"Hispanic","count":96,"tested":793,"color":"rgb(214,39,40)"},{"description":"Black","count":67,"tested":1081,"color":"rgb(255,127,14)"},{"description":"Other","count":24,"tested":357,"color":"rgb(148,103,189)"}],"gender":[{"description":"Female","count":671,"tested":11046,"color":"rgb(255,127,14)"},{"description":"Male","count":500,"tested":5987,"color":"rgb(31,119,180)"}]}
