{"age":[{"age_group":"<20","count":12,"tested":90},{"age_group":"20-29   ","count":13,"tested":91},{"age_group":"30-39   ","count":9,"tested":76},{"age_group":"40-49   ","count":14,"tested":105},{"age_group":"50-59   ","count":11,"tested":116},{"age_group":"60-69   ","count":16,"tested":149},{"age_group":"70-79   ","count":8,"tested":80}],"race":[{"description":"Left Blank","count":20,"tested":261,"color":"rgb(44,160,44)"},{"description":"White","count":63,"tested":450,"color":"rgb(31,119,180)"}],"gender":[{"description":"Male","count":45,"tested":330,"color":"rgb(31,119,180)"},{"description":"Female","count":37,"tested":405,"color":"rgb(255,127,14)"}]}
