{"age":[{"age_group":"<20","count":532,"tested":5176},{"age_group":"20-29   ","count":534,"tested":6272},{"age_group":"30-39   ","count":570,"tested":5824},{"age_group":"40-49   ","count":450,"tested":5367},{"age_group":"50-59   ","count":418,"tested":5474},{"age_group":"60-69   ","count":340,"tested":5023},{"age_group":"70-79   ","count":238,"tested":3497},{"age_group":"80+","count":141,"tested":3244}],"race":[{"description":"Hispanic","count":845,"tested":3198,"color":"rgb(214,39,40)"},{"description":"Other","count":67,"tested":686,"color":"rgb(148,103,189)"},{"description":"Black","count":311,"tested":2619,"color":"rgb(255,127,14)"},{"description":"Asian","count":112,"tested":543,"color":"rgb(140,86,75)"},{"description":"White","count":1490,"tested":10728,"color":"rgb(31,119,180)"},{"description":"Left Blank","count":395,"tested":22086,"color":"rgb(44,160,44)"}],"gender":[{"description":"Unknown/Left Blank","count":11,"tested":1000,"color":"rgb(44,160,44)"},{"description":"Male","count":1498,"tested":14992,"color":"rgb(31,119,180)"},{"description":"Female","count":1714,"tested":23895,"color":"rgb(255,127,14)"}]}
