{"age":[{"age_group":"<20","count":26,"tested":294},{"age_group":"20-29   ","count":16,"tested":125},{"age_group":"30-39   ","count":20,"tested":175},{"age_group":"40-49   ","count":21,"tested":183},{"age_group":"50-59   ","count":32,"tested":264},{"age_group":"60-69   ","count":20,"tested":146},{"age_group":"70-79   ","count":8,"tested":96}],"race":[{"description":"White","count":70,"tested":627,"color":"rgb(31,119,180)"},{"description":"Left Blank","count":75,"tested":687,"color":"rgb(44,160,44)"}],"gender":[{"description":"Female","count":68,"tested":711,"color":"rgb(255,127,14)"},{"description":"Male","count":79,"tested":612,"color":"rgb(31,119,180)"}]}
