{"age":[{"age_group":"<20","count":824,"tested":5201},{"age_group":"20-29   ","count":884,"tested":7901},{"age_group":"30-39   ","count":812,"tested":7194},{"age_group":"40-49   ","count":879,"tested":7221},{"age_group":"50-59   ","count":727,"tested":7148},{"age_group":"60-69   ","count":433,"tested":5621},{"age_group":"70-79   ","count":195,"tested":2233},{"age_group":"80+","count":157,"tested":1882}],"race":[{"description":"Hispanic","count":2015,"tested":9610,"color":"rgb(214,39,40)"},{"description":"Asian","count":8,"tested":168,"color":"rgb(140,86,75)"},{"description":"Black","count":971,"tested":11215,"color":"rgb(255,127,14)"},{"description":"White","count":292,"tested":3248,"color":"rgb(31,119,180)"},{"description":"Other","count":154,"tested":1421,"color":"rgb(148,103,189)"},{"description":"Left Blank","count":1462,"tested":18587,"color":"rgb(44,160,44)"},{"description":"AI/AN**","count":10,"tested":28,"color":"rgb(31,119,180)"}],"gender":[{"description":"Female","count":2564,"tested":25423,"color":"rgb(255,127,14)"},{"description":"Male","count":2284,"tested":17956,"color":"rgb(31,119,180)"},{"description":"Unknown/Left Blank","count":64,"tested":1037,"color":"rgb(44,160,44)"}]}
