{"age":[{"age_group":"<20","count":274,"tested":2370},{"age_group":"20-29   ","count":267,"tested":2692},{"age_group":"30-39   ","count":271,"tested":2319},{"age_group":"40-49   ","count":303,"tested":2773},{"age_group":"50-59   ","count":305,"tested":3101},{"age_group":"60-69   ","count":208,"tested":2377},{"age_group":"70-79   ","count":110,"tested":1128},{"age_group":"80+","count":26,"tested":493}],"race":[{"description":"Hispanic","count":107,"tested":677,"color":"rgb(214,39,40)"},{"description":"White","count":703,"tested":7863,"color":"rgb(31,119,180)"},{"description":"Left Blank","count":791,"tested":7394,"color":"rgb(44,160,44)"},{"description":"Other","count":126,"tested":882,"color":"rgb(148,103,189)"},{"description":"Black","count":20,"tested":197,"color":"rgb(255,127,14)"},{"description":"Asian","count":13,"tested":216,"color":"rgb(140,86,75)"}],"gender":[{"description":"Female","count":901,"tested":9508,"color":"rgb(255,127,14)"},{"description":"Male","count":843,"tested":7599,"color":"rgb(31,119,180)"},{"description":"Unknown/Left Blank","count":20,"tested":151,"color":"rgb(44,160,44)"}]}
