{"age":[{"age_group":"<20","count":502,"tested":4809},{"age_group":"20-29   ","count":460,"tested":5355},{"age_group":"30-39   ","count":396,"tested":4085},{"age_group":"40-49   ","count":409,"tested":4384},{"age_group":"50-59   ","count":506,"tested":5369},{"age_group":"60-69   ","count":259,"tested":3488},{"age_group":"70-79   ","count":118,"tested":1827},{"age_group":"80+","count":81,"tested":2354}],"race":[{"description":"Left Blank","count":824,"tested":10794,"color":"rgb(44,160,44)"},{"description":"Other","count":179,"tested":1386,"color":"rgb(148,103,189)"},{"description":"Hispanic","count":317,"tested":1983,"color":"rgb(214,39,40)"},{"description":"White","count":1291,"tested":15576,"color":"rgb(31,119,180)"},{"description":"Asian","count":55,"tested":804,"color":"rgb(140,86,75)"},{"description":"Black","count":55,"tested":1000,"color":"rgb(255,127,14)"},{"description":"NH/PI*","count":6,"tested":105,"color":"rgb(127,127,127)"}],"gender":[{"description":"Female","count":1360,"tested":18118,"color":"rgb(255,127,14)"},{"description":"Unknown/Left Blank","count":19,"tested":318,"color":"rgb(44,160,44)"},{"description":"Male","count":1353,"tested":13254,"color":"rgb(31,119,180)"}]}
