{"age":[{"age_group":"20-29   ","count":21,"tested":589},{"age_group":"30-39   ","count":18,"tested":590},{"age_group":"40-49   ","count":13,"tested":242},{"age_group":"50-59   ","count":8,"tested":272}],"race":[{"description":"Asian","count":6,"tested":305,"color":"rgb(140,86,75)"},{"description":"White","count":25,"tested":743,"color":"rgb(31,119,180)"},{"description":"Black","count":7,"tested":134,"color":"rgb(255,127,14)"},{"description":"Left Blank","count":21,"tested":728,"color":"rgb(44,160,44)"},{"description":"Hispanic","count":6,"tested":102,"color":"rgb(214,39,40)"}],"gender":[{"description":"Male","count":37,"tested":1256,"color":"rgb(31,119,180)"},{"description":"Female","count":33,"tested":840,"color":"rgb(255,127,14)"}]}
