{"age":[{"age_group":"<20","count":1225,"tested":7720},{"age_group":"20-29   ","count":1547,"tested":12692},{"age_group":"30-39   ","count":1442,"tested":12427},{"age_group":"40-49   ","count":1490,"tested":11186},{"age_group":"50-59   ","count":1180,"tested":9877},{"age_group":"60-69   ","count":678,"tested":7555},{"age_group":"70-79   ","count":341,"tested":4281},{"age_group":"80+","count":147,"tested":2181}],"race":[{"description":"Hispanic","count":3718,"tested":17919,"color":"rgb(214,39,40)"},{"description":"Left Blank","count":2002,"tested":25453,"color":"rgb(44,160,44)"},{"description":"Other","count":619,"tested":5483,"color":"rgb(148,103,189)"},{"description":"White","count":1287,"tested":15009,"color":"rgb(31,119,180)"},{"description":"Black","count":345,"tested":3195,"color":"rgb(255,127,14)"},{"description":"Asian","count":77,"tested":798,"color":"rgb(140,86,75)"}],"gender":[{"description":"Male","count":3773,"tested":28778,"color":"rgb(31,119,180)"},{"description":"Female","count":4214,"tested":37545,"color":"rgb(255,127,14)"},{"description":"Unknown/Left Blank","count":65,"tested":1618,"color":"rgb(44,160,44)"}]}
