{"age":[{"age_group":"<20","count":28,"tested":333},{"age_group":"20-29   ","count":41,"tested":374},{"age_group":"30-39   ","count":31,"tested":309},{"age_group":"40-49   ","count":43,"tested":357},{"age_group":"50-59   ","count":61,"tested":553},{"age_group":"60-69   ","count":30,"tested":387},{"age_group":"70-79   ","count":20,"tested":285},{"age_group":"80+","count":12,"tested":134}],"race":[{"description":"Hispanic","count":15,"tested":89,"color":"rgb(214,39,40)"},{"description":"Left Blank","count":69,"tested":617,"color":"rgb(44,160,44)"},{"description":"White","count":174,"tested":1955,"color":"rgb(31,119,180)"},{"description":"Other","count":7,"tested":59,"color":"rgb(148,103,189)"}],"gender":[{"description":"Female","count":140,"tested":1523,"color":"rgb(255,127,14)"},{"description":"Male","count":125,"tested":1135,"color":"rgb(31,119,180)"}]}
