{"age":[{"age_group":"<20","count":2952,"tested":17097},{"age_group":"20-29   ","count":3387,"tested":25565},{"age_group":"30-39   ","count":2864,"tested":18747},{"age_group":"40-49   ","count":2963,"tested":17749},{"age_group":"50-59   ","count":2200,"tested":14149},{"age_group":"60-69   ","count":1277,"tested":9667},{"age_group":"70-79   ","count":462,"tested":4381},{"age_group":"80+","count":189,"tested":2034}],"race":[{"description":"Hispanic","count":10091,"tested":44745,"color":"rgb(214,39,40)"},{"description":"Asian","count":20,"tested":322,"color":"rgb(140,86,75)"},{"description":"Black","count":1037,"tested":10437,"color":"rgb(255,127,14)"},{"description":"White","count":768,"tested":8345,"color":"rgb(31,119,180)"},{"description":"Left Blank","count":3695,"tested":39997,"color":"rgb(44,160,44)"},{"description":"Other","count":645,"tested":5291,"color":"rgb(148,103,189)"},{"description":"AI/AN**","count":29,"tested":221,"color":"rgb(31,119,180)"},{"description":"NH/PI*","count":9,"tested":71,"color":"rgb(127,127,127)"}],"gender":[{"description":"Female","count":8391,"tested":61053,"color":"rgb(255,127,14)"},{"description":"Male","count":7796,"tested":47250,"color":"rgb(31,119,180)"},{"description":"Unknown/Left Blank","count":107,"tested":1126,"color":"rgb(44,160,44)"}]}
