{"age":[{"age_group":"<20","count":74,"tested":584},{"age_group":"20-29   ","count":60,"tested":536},{"age_group":"30-39   ","count":60,"tested":756},{"age_group":"40-49   ","count":57,"tested":421},{"age_group":"50-59   ","count":77,"tested":694},{"age_group":"60-69   ","count":55,"tested":598},{"age_group":"70-79   ","count":20,"tested":605},{"age_group":"80+","count":13,"tested":903}],"race":[{"description":"White","count":335,"tested":3870,"color":"rgb(31,119,180)"},{"description":"Left Blank","count":70,"tested":1102,"color":"rgb(44,160,44)"}],"gender":[{"description":"Female","count":219,"tested":3265,"color":"rgb(255,127,14)"},{"description":"Male","count":195,"tested":1784,"color":"rgb(31,119,180)"}]}
