{"age":[{"age_group":"<20","count":650,"tested":5484},{"age_group":"20-29   ","count":777,"tested":12652},{"age_group":"30-39   ","count":825,"tested":14012},{"age_group":"40-49   ","count":712,"tested":13147},{"age_group":"50-59   ","count":641,"tested":13899},{"age_group":"60-69   ","count":508,"tested":11445},{"age_group":"70-79   ","count":263,"tested":5502},{"age_group":"80+","count":228,"tested":4812}],"race":[{"description":"Black","count":1026,"tested":23517,"color":"rgb(255,127,14)"},{"description":"Hispanic","count":730,"tested":3747,"color":"rgb(214,39,40)"},{"description":"Asian","count":10,"tested":454,"color":"rgb(140,86,75)"},{"description":"White","count":1773,"tested":33587,"color":"rgb(31,119,180)"},{"description":"Other","count":99,"tested":2373,"color":"rgb(148,103,189)"},{"description":"Left Blank","count":964,"tested":17132,"color":"rgb(44,160,44)"}],"gender":[{"description":"Unknown/Left Blank","count":15,"tested":807,"color":"rgb(44,160,44)"},{"description":"Male","count":2176,"tested":29902,"color":"rgb(31,119,180)"},{"description":"Female","count":2414,"tested":50279,"color":"rgb(255,127,14)"}]}
