{"age":[{"age_group":"<20","count":433,"tested":4571},{"age_group":"20-29   ","count":646,"tested":6478},{"age_group":"30-39   ","count":499,"tested":5528},{"age_group":"40-49   ","count":478,"tested":5456},{"age_group":"50-59   ","count":458,"tested":5496},{"age_group":"60-69   ","count":427,"tested":6000},{"age_group":"70-79   ","count":233,"tested":3792},{"age_group":"80+","count":224,"tested":6341}],"race":[{"description":"Left Blank","count":1608,"tested":24191,"color":"rgb(44,160,44)"},{"description":"Hispanic","count":242,"tested":1330,"color":"rgb(214,39,40)"},{"description":"Other","count":94,"tested":919,"color":"rgb(148,103,189)"},{"description":"Black","count":365,"tested":4658,"color":"rgb(255,127,14)"},{"description":"Asian","count":72,"tested":344,"color":"rgb(140,86,75)"},{"description":"White","count":1012,"tested":12223,"color":"rgb(31,119,180)"}],"gender":[{"description":"Unknown/Left Blank","count":17,"tested":845,"color":"rgb(44,160,44)"},{"description":"Female","count":1822,"tested":26770,"color":"rgb(255,127,14)"},{"description":"Male","count":1559,"tested":16086,"color":"rgb(31,119,180)"}]}
