{"age":[{"age_group":"<20","count":216,"tested":1944},{"age_group":"20-29   ","count":329,"tested":3856},{"age_group":"30-39   ","count":336,"tested":4450},{"age_group":"40-49   ","count":317,"tested":5047},{"age_group":"50-59   ","count":392,"tested":6935},{"age_group":"60-69   ","count":255,"tested":4551},{"age_group":"70-79   ","count":110,"tested":2166},{"age_group":"80+","count":36,"tested":1056}],"race":[{"description":"Other","count":47,"tested":528,"color":"rgb(148,103,189)"},{"description":"Left Blank","count":586,"tested":10442,"color":"rgb(44,160,44)"},{"description":"Hispanic","count":112,"tested":878,"color":"rgb(214,39,40)"},{"description":"White","count":323,"tested":5620,"color":"rgb(31,119,180)"},{"description":"Black","count":910,"tested":12384,"color":"rgb(255,127,14)"},{"description":"Asian","count":7,"tested":104,"color":"rgb(140,86,75)"}],"gender":[{"description":"Female","count":1104,"tested":16698,"color":"rgb(255,127,14)"},{"description":"Male","count":869,"tested":12550,"color":"rgb(31,119,180)"},{"description":"Unknown/Left Blank","count":18,"tested":777,"color":"rgb(44,160,44)"}]}
