{"age":[{"age_group":"<20","count":1172,"tested":7580},{"age_group":"20-29   ","count":1291,"tested":10747},{"age_group":"30-39   ","count":1351,"tested":10499},{"age_group":"40-49   ","count":1386,"tested":9655},{"age_group":"50-59   ","count":1011,"tested":8583},{"age_group":"60-69   ","count":651,"tested":6278},{"age_group":"70-79   ","count":324,"tested":3156},{"age_group":"80+","count":188,"tested":1994}],"race":[{"description":"Other","count":404,"tested":3487,"color":"rgb(148,103,189)"},{"description":"White","count":1781,"tested":16201,"color":"rgb(31,119,180)"},{"description":"Asian","count":31,"tested":270,"color":"rgb(140,86,75)"},{"description":"Black","count":173,"tested":1577,"color":"rgb(255,127,14)"},{"description":"Left Blank","count":1761,"tested":19510,"color":"rgb(44,160,44)"},{"description":"Hispanic","count":3211,"tested":17379,"color":"rgb(214,39,40)"},{"description":"AI/AN**","count":8,"tested":59,"color":"rgb(31,119,180)"}],"gender":[{"description":"Male","count":3581,"tested":26411,"color":"rgb(31,119,180)"},{"description":"Female","count":3732,"tested":31066,"color":"rgb(255,127,14)"},{"description":"Unknown/Left Blank","count":61,"tested":1028,"color":"rgb(44,160,44)"}]}
