{"age":[{"age_group":"<20","count":41,"tested":266},{"age_group":"20-29   ","count":42,"tested":357},{"age_group":"30-39   ","count":27,"tested":230},{"age_group":"40-49   ","count":19,"tested":179},{"age_group":"50-59   ","count":48,"tested":502},{"age_group":"60-69   ","count":37,"tested":368},{"age_group":"70-79   ","count":12,"tested":229},{"age_group":"80+","count":7,"tested":67}],"race":[{"description":"Other","count":6,"tested":63,"color":"rgb(148,103,189)"},{"description":"Left Blank","count":57,"tested":896,"color":"rgb(44,160,44)"},{"description":"White","count":140,"tested":1040,"color":"rgb(31,119,180)"},{"description":"Asian","count":16,"tested":97,"color":"rgb(140,86,75)"},{"description":"Hispanic","count":12,"tested":84,"color":"rgb(214,39,40)"}],"gender":[{"description":"Male","count":123,"tested":1072,"color":"rgb(31,119,180)"},{"description":"Female","count":109,"tested":1096,"color":"rgb(255,127,14)"}]}
