{"age":[{"age_group":"<20","count":202,"tested":1768},{"age_group":"20-29   ","count":215,"tested":2595},{"age_group":"30-39   ","count":135,"tested":2513},{"age_group":"40-49   ","count":198,"tested":2765},{"age_group":"50-59   ","count":228,"tested":3705},{"age_group":"60-69   ","count":159,"tested":3183},{"age_group":"70-79   ","count":91,"tested":4423},{"age_group":"80+","count":109,"tested":6730}],"race":[{"description":"Asian","count":11,"tested":101,"color":"rgb(140,86,75)"},{"description":"White","count":836,"tested":18856,"color":"rgb(31,119,180)"},{"description":"Left Blank","count":385,"tested":5800,"color":"rgb(44,160,44)"},{"description":"Hispanic","count":39,"tested":541,"color":"rgb(214,39,40)"},{"description":"Black","count":29,"tested":1931,"color":"rgb(255,127,14)"},{"description":"Other","count":36,"tested":435,"color":"rgb(148,103,189)"}],"gender":[{"description":"Male","count":631,"tested":13745,"color":"rgb(31,119,180)"},{"description":"Female","count":701,"tested":11731,"color":"rgb(255,127,14)"}]}
