{"age":[{"age_group":"<20","count":39,"tested":296},{"age_group":"20-29   ","count":34,"tested":307},{"age_group":"30-39   ","count":21,"tested":256},{"age_group":"40-49   ","count":18,"tested":227},{"age_group":"50-59   ","count":27,"tested":398},{"age_group":"60-69   ","count":34,"tested":418},{"age_group":"70-79   ","count":18,"tested":253},{"age_group":"80+","count":6,"tested":92}],"race":[{"description":"Left Blank","count":14,"tested":301,"color":"rgb(44,160,44)"},{"description":"Hispanic","count":7,"tested":50,"color":"rgb(214,39,40)"},{"description":"White","count":164,"tested":1824,"color":"rgb(31,119,180)"},{"description":"Black","count":8,"tested":33,"color":"rgb(255,127,14)"}],"gender":[{"description":"Male","count":96,"tested":761,"color":"rgb(31,119,180)"},{"description":"Female","count":99,"tested":1453,"color":"rgb(255,127,14)"}]}
