{"age":[{"age_group":"<20","count":370,"tested":4362},{"age_group":"20-29   ","count":316,"tested":2994},{"age_group":"30-39   ","count":281,"tested":2885},{"age_group":"40-49   ","count":321,"tested":2938},{"age_group":"50-59   ","count":330,"tested":2784},{"age_group":"60-69   ","count":231,"tested":2254},{"age_group":"70-79   ","count":102,"tested":1249},{"age_group":"80+","count":33,"tested":920}],"race":[{"description":"Asian","count":23,"tested":205,"color":"rgb(140,86,75)"},{"description":"Left Blank","count":181,"tested":7391,"color":"rgb(44,160,44)"},{"description":"White","count":1595,"tested":11473,"color":"rgb(31,119,180)"},{"description":"Black","count":42,"tested":346,"color":"rgb(255,127,14)"},{"description":"Other","count":20,"tested":348,"color":"rgb(148,103,189)"},{"description":"Hispanic","count":120,"tested":602,"color":"rgb(214,39,40)"}],"gender":[{"description":"Male","count":941,"tested":8922,"color":"rgb(31,119,180)"},{"description":"Female","count":1040,"tested":11333,"color":"rgb(255,127,14)"}]}
