{"age":[{"age_group":"<20","count":9,"tested":124},{"age_group":"20-29   ","count":13,"tested":224},{"age_group":"30-39   ","count":12,"tested":157},{"age_group":"40-49   ","count":9,"tested":156},{"age_group":"50-59   ","count":10,"tested":115},{"age_group":"60-69   ","count":9,"tested":128},{"age_group":"70-79   ","count":7,"tested":69}],"race":[{"description":"White","count":23,"tested":371,"color":"rgb(31,119,180)"},{"description":"Left Blank","count":38,"tested":478,"color":"rgb(44,160,44)"}],"gender":[{"description":"Female","count":43,"tested":607,"color":"rgb(255,127,14)"},{"description":"Male","count":29,"tested":393,"color":"rgb(31,119,180)"}]}
