{"age":[{"age_group":"<20","count":293,"tested":7361},{"age_group":"20-29   ","count":2250,"tested":41464},{"age_group":"30-39   ","count":1083,"tested":26780},{"age_group":"40-49   ","count":389,"tested":9609},{"age_group":"50-59   ","count":311,"tested":7039},{"age_group":"60-69   ","count":168,"tested":4596},{"age_group":"70-79   ","count":109,"tested":3649},{"age_group":"80+","count":125,"tested":3588}],"race":[{"description":"Black","count":113,"tested":1865,"color":"rgb(255,127,14)"},{"description":"AI/AN**","count":11,"tested":69,"color":"rgb(31,119,180)"},{"description":"Other","count":262,"tested":4899,"color":"rgb(148,103,189)"},{"description":"Hispanic","count":315,"tested":2644,"color":"rgb(214,39,40)"},{"description":"Asian","count":126,"tested":2702,"color":"rgb(140,86,75)"},{"description":"White","count":2355,"tested":38976,"color":"rgb(31,119,180)"},{"description":"Left Blank","count":1542,"tested":52913,"color":"rgb(44,160,44)"}],"gender":[{"description":"Unknown/Left Blank","count":318,"tested":1703,"color":"rgb(44,160,44)"},{"description":"Male","count":2311,"tested":46832,"color":"rgb(31,119,180)"},{"description":"Female","count":2099,"tested":55566,"color":"rgb(255,127,14)"}]}
