{"age":[{"age_group":"<20","count":233,"tested":1929},{"age_group":"20-29   ","count":271,"tested":2248},{"age_group":"30-39   ","count":268,"tested":2383},{"age_group":"40-49   ","count":272,"tested":2002},{"age_group":"50-59   ","count":205,"tested":1512},{"age_group":"60-69   ","count":113,"tested":1154},{"age_group":"70-79   ","count":37,"tested":550},{"age_group":"80+","count":21,"tested":225}],"race":[{"description":"Left Blank","count":313,"tested":4159,"color":"rgb(44,160,44)"},{"description":"Asian","count":9,"tested":89,"color":"rgb(140,86,75)"},{"description":"White","count":481,"tested":4375,"color":"rgb(31,119,180)"},{"description":"Other","count":28,"tested":385,"color":"rgb(148,103,189)"},{"description":"Black","count":56,"tested":666,"color":"rgb(255,127,14)"},{"description":"Hispanic","count":533,"tested":2310,"color":"rgb(214,39,40)"}],"gender":[{"description":"Male","count":679,"tested":4969,"color":"rgb(31,119,180)"},{"description":"Female","count":735,"tested":6785,"color":"rgb(255,127,14)"}]}
