{"age":[{"age_group":"<20","count":2228,"tested":13870},{"age_group":"20-29   ","count":2668,"tested":20966},{"age_group":"30-39   ","count":2540,"tested":18194},{"age_group":"40-49   ","count":2395,"tested":15727},{"age_group":"50-59   ","count":1961,"tested":14287},{"age_group":"60-69   ","count":1099,"tested":10097},{"age_group":"70-79   ","count":524,"tested":4657},{"age_group":"80+","count":184,"tested":1754}],"race":[{"description":"AI/AN**","count":10,"tested":81,"color":"rgb(31,119,180)"},{"description":"NH/PI*","count":7,"tested":86,"color":"rgb(127,127,127)"},{"description":"White","count":736,"tested":8177,"color":"rgb(31,119,180)"},{"description":"Left Blank","count":2304,"tested":29933,"color":"rgb(44,160,44)"},{"description":"Asian","count":65,"tested":776,"color":"rgb(140,86,75)"},{"description":"Other","count":492,"tested":4729,"color":"rgb(148,103,189)"},{"description":"Black","count":746,"tested":7721,"color":"rgb(255,127,14)"},{"description":"Hispanic","count":9239,"tested":48221,"color":"rgb(214,39,40)"}],"gender":[{"description":"Unknown/Left Blank","count":82,"tested":1006,"color":"rgb(44,160,44)"},{"description":"Male","count":6598,"tested":45001,"color":"rgb(31,119,180)"},{"description":"Female","count":6919,"tested":53717,"color":"rgb(255,127,14)"}]}
