{"age":[{"age_group":"<20","count":358,"tested":3966},{"age_group":"20-29   ","count":357,"tested":4219},{"age_group":"30-39   ","count":308,"tested":4260},{"age_group":"40-49   ","count":273,"tested":3393},{"age_group":"50-59   ","count":300,"tested":4313},{"age_group":"60-69   ","count":257,"tested":4209},{"age_group":"70-79   ","count":96,"tested":2454},{"age_group":"80+","count":86,"tested":3135}],"race":[{"description":"Hispanic","count":152,"tested":632,"color":"rgb(214,39,40)"},{"description":"Asian","count":64,"tested":606,"color":"rgb(140,86,75)"},{"description":"Left Blank","count":551,"tested":16308,"color":"rgb(44,160,44)"},{"description":"White","count":1137,"tested":10968,"color":"rgb(31,119,180)"},{"description":"Black","count":64,"tested":620,"color":"rgb(255,127,14)"},{"description":"Other","count":65,"tested":833,"color":"rgb(148,103,189)"}],"gender":[{"description":"Unknown/Left Blank","count":31,"tested":416,"color":"rgb(44,160,44)"},{"description":"Male","count":975,"tested":12829,"color":"rgb(31,119,180)"},{"description":"Female","count":1029,"tested":16737,"color":"rgb(255,127,14)"}]}
