{"age":[{"age_group":"<20","count":22,"tested":203},{"age_group":"20-29   ","count":22,"tested":249},{"age_group":"30-39   ","count":13,"tested":225},{"age_group":"40-49   ","count":24,"tested":306},{"age_group":"50-59   ","count":12,"tested":213},{"age_group":"60-69   ","count":21,"tested":122},{"age_group":"70-79   ","count":19,"tested":108},{"age_group":"80+","count":49,"tested":337}],"race":[{"description":"White","count":117,"tested":1040,"color":"rgb(31,119,180)"},{"description":"Left Blank","count":58,"tested":699,"color":"rgb(44,160,44)"}],"gender":[{"description":"Male","count":73,"tested":679,"color":"rgb(31,119,180)"},{"description":"Female","count":107,"tested":1047,"color":"rgb(255,127,14)"}]}
