{"age":[{"age_group":"<20","count":281,"tested":2444},{"age_group":"20-29   ","count":367,"tested":3261},{"age_group":"30-39   ","count":295,"tested":2712},{"age_group":"40-49   ","count":310,"tested":2434},{"age_group":"50-59   ","count":413,"tested":3312},{"age_group":"60-69   ","count":309,"tested":3338},{"age_group":"70-79   ","count":129,"tested":1779},{"age_group":"80+","count":82,"tested":4017}],"race":[{"description":"Other","count":90,"tested":637,"color":"rgb(148,103,189)"},{"description":"Left Blank","count":730,"tested":10672,"color":"rgb(44,160,44)"},{"description":"Hispanic","count":85,"tested":416,"color":"rgb(214,39,40)"},{"description":"White","count":1242,"tested":11236,"color":"rgb(31,119,180)"},{"description":"Asian","count":19,"tested":210,"color":"rgb(140,86,75)"},{"description":"Black","count":19,"tested":121,"color":"rgb(255,127,14)"}],"gender":[{"description":"Male","count":1079,"tested":9281,"color":"rgb(31,119,180)"},{"description":"Unknown/Left Blank","count":17,"tested":799,"color":"rgb(44,160,44)"},{"description":"Female","count":1091,"tested":13224,"color":"rgb(255,127,14)"}]}
