{"age":[{"age_group":"<20","count":713,"tested":7623},{"age_group":"20-29   ","count":823,"tested":10580},{"age_group":"30-39   ","count":759,"tested":10529},{"age_group":"40-49   ","count":647,"tested":10227},{"age_group":"50-59   ","count":630,"tested":10498},{"age_group":"60-69   ","count":484,"tested":8942},{"age_group":"70-79   ","count":197,"tested":4142},{"age_group":"80+","count":153,"tested":2749}],"race":[{"description":"Hispanic","count":825,"tested":3886,"color":"rgb(214,39,40)"},{"description":"Asian","count":370,"tested":3126,"color":"rgb(140,86,75)"},{"description":"Left Blank","count":1177,"tested":38428,"color":"rgb(44,160,44)"},{"description":"White","count":1142,"tested":12024,"color":"rgb(31,119,180)"},{"description":"Black","count":443,"tested":4558,"color":"rgb(255,127,14)"},{"description":"Other","count":436,"tested":3113,"color":"rgb(148,103,189)"},{"description":"AI/AN**","count":9,"tested":92,"color":"rgb(31,119,180)"}],"gender":[{"description":"Unknown/Left Blank","count":38,"tested":2739,"color":"rgb(44,160,44)"},{"description":"Male","count":2131,"tested":27228,"color":"rgb(31,119,180)"},{"description":"Female","count":2237,"tested":35346,"color":"rgb(255,127,14)"}]}
