{"lastUpdatedDate":{"year":2020,"month":11,"day":22},"county_demographics":[{"County":"Douglas","confirmed_cases":1242,"total_tested":14643,"demographics":{"age":[{"age_group":"<20","count":231,"tested":2900},{"age_group":"20-29   ","count":184,"tested":2230},{"age_group":"30-39   ","count":171,"tested":1786},{"age_group":"40-49   ","count":182,"tested":1935},{"age_group":"50-59   ","count":170,"tested":1690},{"age_group":"60-69   ","count":145,"tested":1972},{"age_group":"70-79   ","count":72,"tested":1102},{"age_group":"80+","count":65,"tested":1023},{"age_group":"Unknown","count":0,"tested":0}],"race":[{"description":"AI/AN**","count":0,"tested":12,"color":"rgb(31,119,180)"},{"description":"Asian","count":0,"tested":36,"color":"rgb(140,86,75)"},{"description":"Black","count":0,"tested":94,"color":"rgb(255,127,14)"},{"description":"Hispanic","count":221,"tested":899,"color":"rgb(214,39,40)"},{"description":"Left Blank","count":270,"tested":3057,"color":"rgb(44,160,44)"},{"description":"NH/PI*","count":0,"tested":0,"color":"rgb(127,127,127)"},{"description":"Other","count":44,"tested":469,"color":"rgb(148,103,189)"},{"description":"White","count":689,"tested":10071,"color":"rgb(31,119,180)"}],"gender":[{"description":"Female","count":604,"tested":8430,"color":"rgb(255,127,14)"},{"description":"Male","count":625,"tested":6098,"color":"rgb(31,119,180)"},{"description":"Unknown/Left Blank","count":12,"tested":115,"color":"rgb(44,160,44)"}]}}]}
