{"lastUpdatedDate":{"year":2020,"month":11,"day":22},"county_demographics":[{"County":"Pope","confirmed_cases":74,"total_tested":1110,"demographics":{"age":[{"age_group":"<20","count":7,"tested":162},{"age_group":"20-29   ","count":0,"tested":107},{"age_group":"30-39   ","count":12,"tested":113},{"age_group":"40-49   ","count":8,"tested":142},{"age_group":"50-59   ","count":13,"tested":188},{"age_group":"60-69   ","count":17,"tested":220},{"age_group":"70-79   ","count":8,"tested":120},{"age_group":"80+","count":6,"tested":58}],"race":[{"description":"Black","count":0,"tested":9,"color":"rgb(255,127,14)"},{"description":"Hispanic","count":0,"tested":0,"color":"rgb(214,39,40)"},{"description":"Left Blank","count":24,"tested":459,"color":"rgb(44,160,44)"},{"description":"Other","count":0,"tested":14,"color":"rgb(148,103,189)"},{"description":"White","count":47,"tested":627,"color":"rgb(31,119,180)"}],"gender":[{"description":"Female","count":38,"tested":635,"color":"rgb(255,127,14)"},{"description":"Male","count":34,"tested":442,"color":"rgb(31,119,180)"},{"description":"Unknown/Left Blank","count":0,"tested":33,"color":"rgb(44,160,44)"}]}}]}
