{"lastUpdatedDate":{"year":2020,"month":11,"day":22},"county_demographics":[{"County":"Monroe","confirmed_cases":1797,"total_tested":16096,"demographics":{"age":[{"age_group":"<20","count":267,"tested":2282},{"age_group":"20-29   ","count":244,"tested":2112},{"age_group":"30-39   ","count":237,"tested":2202},{"age_group":"40-49   ","count":253,"tested":1874},{"age_group":"50-59   ","count":315,"tested":2361},{"age_group":"60-69   ","count":222,"tested":1933},{"age_group":"70-79   ","count":92,"tested":1004},{"age_group":"80+","count":150,"tested":2307},{"age_group":"Unknown","count":0,"tested":21}],"race":[{"description":"AI/AN**","count":0,"tested":0,"color":"rgb(31,119,180)"},{"description":"Asian","count":0,"tested":23,"color":"rgb(140,86,75)"},{"description":"Black","count":0,"tested":252,"color":"rgb(255,127,14)"},{"description":"Hispanic","count":18,"tested":133,"color":"rgb(214,39,40)"},{"description":"Left Blank","count":891,"tested":6895,"color":"rgb(44,160,44)"},{"description":"NH/PI*","count":0,"tested":0,"color":"rgb(127,127,127)"},{"description":"Other","count":11,"tested":161,"color":"rgb(148,103,189)"},{"description":"White","count":867,"tested":8630,"color":"rgb(31,119,180)"}],"gender":[{"description":"Female","count":975,"tested":10497,"color":"rgb(255,127,14)"},{"description":"Male","count":794,"tested":5512,"color":"rgb(31,119,180)"},{"description":"Unknown/Left Blank","count":28,"tested":87,"color":"rgb(44,160,44)"}]}}]}
