{"lastUpdatedDate":{"year":2020,"month":11,"day":22},"county_demographics":[{"County":"Clay","confirmed_cases":738,"total_tested":6604,"demographics":{"age":[{"age_group":"<20","count":92,"tested":1097},{"age_group":"20-29   ","count":92,"tested":935},{"age_group":"30-39   ","count":88,"tested":821},{"age_group":"40-49   ","count":101,"tested":753},{"age_group":"50-59   ","count":111,"tested":931},{"age_group":"60-69   ","count":112,"tested":942},{"age_group":"70-79   ","count":91,"tested":635},{"age_group":"80+","count":49,"tested":488},{"age_group":"Unknown","count":0,"tested":0}],"race":[{"description":"AI/AN**","count":0,"tested":0,"color":"rgb(31,119,180)"},{"description":"Asian","count":0,"tested":17,"color":"rgb(140,86,75)"},{"description":"Black","count":0,"tested":20,"color":"rgb(255,127,14)"},{"description":"Hispanic","count":0,"tested":26,"color":"rgb(214,39,40)"},{"description":"Left Blank","count":95,"tested":1653,"color":"rgb(44,160,44)"},{"description":"NH/PI*","count":0,"tested":0,"color":"rgb(127,127,127)"},{"description":"Other","count":6,"tested":176,"color":"rgb(148,103,189)"},{"description":"White","count":629,"tested":4705,"color":"rgb(31,119,180)"}],"gender":[{"description":"Female","count":385,"tested":3956,"color":"rgb(255,127,14)"},{"description":"Male","count":348,"tested":2565,"color":"rgb(31,119,180)"},{"description":"Unknown/Left Blank","count":0,"tested":83,"color":"rgb(44,160,44)"}]}}]}
