{"lastUpdatedDate":{"year":2020,"month":11,"day":22},"county_demographics":[{"County":"Adams","confirmed_cases":4348,"total_tested":56553,"demographics":{"age":[{"age_group":"<20","count":615,"tested":5498},{"age_group":"20-29   ","count":701,"tested":7122},{"age_group":"30-39   ","count":594,"tested":7732},{"age_group":"40-49   ","count":564,"tested":7227},{"age_group":"50-59   ","count":680,"tested":9023},{"age_group":"60-69   ","count":603,"tested":6740},{"age_group":"70-79   ","count":355,"tested":5671},{"age_group":"80+","count":234,"tested":7535},{"age_group":"Unknown","count":0,"tested":0}],"race":[{"description":"AI/AN**","count":0,"tested":20,"color":"rgb(31,119,180)"},{"description":"Asian","count":0,"tested":87,"color":"rgb(140,86,75)"},{"description":"Black","count":84,"tested":595,"color":"rgb(255,127,14)"},{"description":"Hispanic","count":7,"tested":160,"color":"rgb(214,39,40)"},{"description":"Left Blank","count":3113,"tested":37809,"color":"rgb(44,160,44)"},{"description":"NH/PI*","count":0,"tested":39,"color":"rgb(127,127,127)"},{"description":"Other","count":0,"tested":97,"color":"rgb(148,103,189)"},{"description":"White","count":1135,"tested":17746,"color":"rgb(31,119,180)"}],"gender":[{"description":"Female","count":2252,"tested":31296,"color":"rgb(255,127,14)"},{"description":"Male","count":1912,"tested":21892,"color":"rgb(31,119,180)"},{"description":"Unknown/Left Blank","count":184,"tested":3365,"color":"rgb(44,160,44)"}]}}]}
