{"age":[{"age_group":"<20","count":273,"tested":2453},{"age_group":"20-29   ","count":416,"tested":4138},{"age_group":"30-39   ","count":418,"tested":4208},{"age_group":"40-49   ","count":415,"tested":4072},{"age_group":"50-59   ","count":366,"tested":4098},{"age_group":"60-69   ","count":265,"tested":3872},{"age_group":"70-79   ","count":147,"tested":2320},{"age_group":"80+","count":78,"tested":1274}],"race":[{"description":"NH/PI*","count":16,"tested":45,"color":"rgb(127,127,127)"},{"description":"Left Blank","count":398,"tested":9303,"color":"rgb(44,160,44)"},{"description":"Hispanic","count":906,"tested":6139,"color":"rgb(214,39,40)"},{"description":"Other","count":127,"tested":1193,"color":"rgb(148,103,189)"},{"description":"Black","count":172,"tested":1532,"color":"rgb(255,127,14)"},{"description":"Asian","count":52,"tested":334,"color":"rgb(140,86,75)"},{"description":"White","count":695,"tested":7885,"color":"rgb(31,119,180)"}],"gender":[{"description":"Male","count":1088,"tested":10956,"color":"rgb(31,119,180)"},{"description":"Female","count":1211,"tested":14836,"color":"rgb(255,127,14)"},{"description":"Unknown/Left Blank","count":29,"tested":654,"color":"rgb(44,160,44)"}]}
