{"age":[{"age_group":"<20","count":12,"tested":148},{"age_group":"20-29   ","count":11,"tested":111},{"age_group":"30-39   ","count":11,"tested":103},{"age_group":"50-59   ","count":16,"tested":163},{"age_group":"60-69   ","count":12,"tested":155},{"age_group":"70-79   ","count":9,"tested":119}],"race":[{"description":"Left Blank","count":9,"tested":93,"color":"rgb(44,160,44)"},{"description":"White","count":58,"tested":773,"color":"rgb(31,119,180)"}],"gender":[{"description":"Female","count":40,"tested":588,"color":"rgb(255,127,14)"},{"description":"Male","count":31,"tested":330,"color":"rgb(31,119,180)"}]}
