{"age":[{"age_group":"<20","count":48,"tested":255},{"age_group":"20-29   ","count":83,"tested":481},{"age_group":"30-39   ","count":69,"tested":379},{"age_group":"40-49   ","count":70,"tested":239},{"age_group":"50-59   ","count":49,"tested":281},{"age_group":"60-69   ","count":32,"tested":187},{"age_group":"70-79   ","count":22,"tested":80}],"race":[{"description":"Black","count":15,"tested":61,"color":"rgb(255,127,14)"},{"description":"Other","count":29,"tested":136,"color":"rgb(148,103,189)"},{"description":"Hispanic","count":180,"tested":682,"color":"rgb(214,39,40)"},{"description":"Left Blank","count":91,"tested":716,"color":"rgb(44,160,44)"},{"description":"White","count":51,"tested":332,"color":"rgb(31,119,180)"}],"gender":[{"description":"Female","count":180,"tested":1016,"color":"rgb(255,127,14)"},{"description":"Male","count":173,"tested":914,"color":"rgb(31,119,180)"}]}
