{"age":[{"age_group":"<20","count":147,"tested":1292},{"age_group":"20-29   ","count":185,"tested":1702},{"age_group":"30-39   ","count":161,"tested":1734},{"age_group":"40-49   ","count":189,"tested":1680},{"age_group":"50-59   ","count":192,"tested":1880},{"age_group":"60-69   ","count":120,"tested":1509},{"age_group":"70-79   ","count":59,"tested":765},{"age_group":"80+","count":41,"tested":368}],"race":[{"description":"Asian","count":54,"tested":376,"color":"rgb(140,86,75)"},{"description":"Hispanic","count":129,"tested":484,"color":"rgb(214,39,40)"},{"description":"Black","count":31,"tested":149,"color":"rgb(255,127,14)"},{"description":"Other","count":44,"tested":224,"color":"rgb(148,103,189)"},{"description":"Left Blank","count":340,"tested":6442,"color":"rgb(44,160,44)"},{"description":"White","count":454,"tested":3237,"color":"rgb(31,119,180)"}],"gender":[{"description":"Female","count":522,"tested":5969,"color":"rgb(255,127,14)"},{"description":"Male","count":445,"tested":4536,"color":"rgb(31,119,180)"},{"description":"Unknown/Left Blank","count":27,"tested":432,"color":"rgb(44,160,44)"}]}
