{"age":[{"age_group":"<20","count":71,"tested":557},{"age_group":"20-29   ","count":74,"tested":565},{"age_group":"30-39   ","count":74,"tested":475},{"age_group":"40-49   ","count":68,"tested":368},{"age_group":"50-59   ","count":72,"tested":454},{"age_group":"60-69   ","count":79,"tested":376},{"age_group":"70-79   ","count":72,"tested":241},{"age_group":"80+","count":83,"tested":227}],"race":[{"description":"Left Blank","count":75,"tested":560,"color":"rgb(44,160,44)"},{"description":"White","count":155,"tested":2518,"color":"rgb(31,119,180)"}],"gender":[{"description":"Male","count":104,"tested":1248,"color":"rgb(31,119,180)"},{"description":"Female","count":133,"tested":1978,"color":"rgb(255,127,14)"}]}
