{"age":[{"age_group":"<20","count":313,"tested":2254},{"age_group":"20-29   ","count":351,"tested":2727},{"age_group":"30-39   ","count":315,"tested":2512},{"age_group":"40-49   ","count":324,"tested":2590},{"age_group":"50-59   ","count":221,"tested":2605},{"age_group":"60-69   ","count":154,"tested":2259},{"age_group":"70-79   ","count":93,"tested":984},{"age_group":"80+","count":78,"tested":480}],"race":[{"description":"Other","count":88,"tested":569,"color":"rgb(148,103,189)"},{"description":"Black","count":313,"tested":2470,"color":"rgb(255,127,14)"},{"description":"White","count":269,"tested":2855,"color":"rgb(31,119,180)"},{"description":"Asian","count":48,"tested":194,"color":"rgb(140,86,75)"},{"description":"Left Blank","count":265,"tested":6375,"color":"rgb(44,160,44)"},{"description":"Hispanic","count":800,"tested":3896,"color":"rgb(214,39,40)"}],"gender":[{"description":"Unknown/Left Blank","count":42,"tested":297,"color":"rgb(44,160,44)"},{"description":"Male","count":768,"tested":6635,"color":"rgb(31,119,180)"},{"description":"Female","count":885,"tested":9484,"color":"rgb(255,127,14)"}]}
