{"age":[{"age_group":"<20","count":7,"tested":91},{"age_group":"20-29   ","count":7,"tested":65},{"age_group":"40-49   ","count":6,"tested":57}],"race":[{"description":"Left Blank","count":8,"tested":161,"color":"rgb(44,160,44)"},{"description":"White","count":15,"tested":257,"color":"rgb(31,119,180)"},{"description":"Hispanic","count":10,"tested":53,"color":"rgb(214,39,40)"}],"gender":[{"description":"Male","count":20,"tested":225,"color":"rgb(31,119,180)"},{"description":"Female","count":14,"tested":261,"color":"rgb(255,127,14)"}]}
