{"age":[{"age_group":"<20","count":83,"tested":731},{"age_group":"20-29   ","count":93,"tested":788},{"age_group":"30-39   ","count":54,"tested":665},{"age_group":"40-49   ","count":81,"tested":675},{"age_group":"50-59   ","count":69,"tested":806},{"age_group":"60-69   ","count":45,"tested":586},{"age_group":"70-79   ","count":15,"tested":347},{"age_group":"80+","count":8,"tested":186}],"race":[{"description":"Left Blank","count":161,"tested":1711,"color":"rgb(44,160,44)"},{"description":"Other","count":9,"tested":147,"color":"rgb(148,103,189)"},{"description":"White","count":233,"tested":2669,"color":"rgb(31,119,180)"},{"description":"Hispanic","count":34,"tested":163,"color":"rgb(214,39,40)"},{"description":"Black","count":7,"tested":64,"color":"rgb(255,127,14)"}],"gender":[{"description":"Female","count":213,"tested":2572,"color":"rgb(255,127,14)"},{"description":"Male","count":224,"tested":2188,"color":"rgb(31,119,180)"}]}
