{"age":[{"age_group":"<20","count":125,"tested":916},{"age_group":"20-29   ","count":170,"tested":1503},{"age_group":"30-39   ","count":153,"tested":1430},{"age_group":"40-49   ","count":147,"tested":1425},{"age_group":"50-59   ","count":108,"tested":1496},{"age_group":"60-69   ","count":81,"tested":1224},{"age_group":"70-79   ","count":47,"tested":688},{"age_group":"80+","count":25,"tested":293}],"race":[{"description":"AI/AN**","count":8,"tested":21,"color":"rgb(31,119,180)"},{"description":"Other","count":30,"tested":547,"color":"rgb(148,103,189)"},{"description":"Black","count":116,"tested":1379,"color":"rgb(255,127,14)"},{"description":"White","count":176,"tested":2309,"color":"rgb(31,119,180)"},{"description":"Left Blank","count":254,"tested":3668,"color":"rgb(44,160,44)"},{"description":"Hispanic","count":266,"tested":1014,"color":"rgb(214,39,40)"}],"gender":[{"description":"Male","count":397,"tested":3621,"color":"rgb(31,119,180)"},{"description":"Female","count":443,"tested":5272,"color":"rgb(255,127,14)"}]}
