{"age":[{"age_group":"<20","count":16,"tested":247},{"age_group":"20-29   ","count":28,"tested":323},{"age_group":"30-39   ","count":13,"tested":224},{"age_group":"40-49   ","count":12,"tested":235},{"age_group":"50-59   ","count":11,"tested":243},{"age_group":"60-69   ","count":10,"tested":253},{"age_group":"70-79   ","count":12,"tested":109}],"race":[{"description":"White","count":63,"tested":985,"color":"rgb(31,119,180)"},{"description":"Left Blank","count":30,"tested":647,"color":"rgb(44,160,44)"}],"gender":[{"description":"Female","count":57,"tested":1187,"color":"rgb(255,127,14)"},{"description":"Male","count":41,"tested":506,"color":"rgb(31,119,180)"}]}
