{"age":[{"age_group":"<20","count":182,"tested":1512},{"age_group":"20-29   ","count":303,"tested":3024},{"age_group":"30-39   ","count":245,"tested":2677},{"age_group":"40-49   ","count":289,"tested":2621},{"age_group":"50-59   ","count":225,"tested":2829},{"age_group":"60-69   ","count":160,"tested":2559},{"age_group":"70-79   ","count":85,"tested":1835},{"age_group":"80+","count":103,"tested":2531}],"race":[{"description":"Black","count":29,"tested":198,"color":"rgb(255,127,14)"},{"description":"Asian","count":73,"tested":689,"color":"rgb(140,86,75)"},{"description":"Hispanic","count":561,"tested":2683,"color":"rgb(214,39,40)"},{"description":"White","count":376,"tested":4203,"color":"rgb(31,119,180)"},{"description":"Left Blank","count":449,"tested":11152,"color":"rgb(44,160,44)"},{"description":"Other","count":79,"tested":580,"color":"rgb(148,103,189)"}],"gender":[{"description":"Unknown/Left Blank","count":24,"tested":674,"color":"rgb(44,160,44)"},{"description":"Male","count":739,"tested":7579,"color":"rgb(31,119,180)"},{"description":"Female","count":784,"tested":11345,"color":"rgb(255,127,14)"}]}
