{"age":[{"age_group":"<20","count":13,"tested":86},{"age_group":"20-29   ","count":11,"tested":207},{"age_group":"30-39   ","count":10,"tested":149},{"age_group":"40-49   ","count":12,"tested":92},{"age_group":"50-59   ","count":7,"tested":130}],"race":[{"description":"Left Blank","count":19,"tested":309,"color":"rgb(44,160,44)"},{"description":"White","count":10,"tested":204,"color":"rgb(31,119,180)"},{"description":"Black","count":13,"tested":154,"color":"rgb(255,127,14)"},{"description":"Hispanic","count":8,"tested":94,"color":"rgb(214,39,40)"}],"gender":[{"description":"Male","count":26,"tested":456,"color":"rgb(31,119,180)"},{"description":"Female","count":28,"tested":371,"color":"rgb(255,127,14)"}]}
