{"age":[{"age_group":"<20","count":145,"tested":892},{"age_group":"20-29   ","count":187,"tested":1510},{"age_group":"30-39   ","count":156,"tested":1316},{"age_group":"40-49   ","count":156,"tested":1125},{"age_group":"50-59   ","count":170,"tested":1466},{"age_group":"60-69   ","count":145,"tested":1615},{"age_group":"70-79   ","count":76,"tested":805},{"age_group":"80+","count":58,"tested":1356}],"race":[{"description":"Other","count":63,"tested":249,"color":"rgb(148,103,189)"},{"description":"Left Blank","count":390,"tested":5744,"color":"rgb(44,160,44)"},{"description":"Black","count":40,"tested":56,"color":"rgb(255,127,14)"},{"description":"Hispanic","count":45,"tested":127,"color":"rgb(214,39,40)"},{"description":"White","count":472,"tested":3846,"color":"rgb(31,119,180)"}],"gender":[{"description":"Male","count":453,"tested":3865,"color":"rgb(31,119,180)"},{"description":"Female","count":482,"tested":5673,"color":"rgb(255,127,14)"}]}
