{"age":[{"age_group":"<20","count":359,"tested":4195},{"age_group":"20-29   ","count":277,"tested":3719},{"age_group":"30-39   ","count":218,"tested":3796},{"age_group":"40-49   ","count":292,"tested":3966},{"age_group":"50-59   ","count":290,"tested":4407},{"age_group":"60-69   ","count":190,"tested":3301},{"age_group":"70-79   ","count":131,"tested":2249},{"age_group":"80+","count":129,"tested":3335}],"race":[{"description":"Other","count":90,"tested":752,"color":"rgb(148,103,189)"},{"description":"Left Blank","count":482,"tested":15157,"color":"rgb(44,160,44)"},{"description":"Asian","count":89,"tested":584,"color":"rgb(140,86,75)"},{"description":"Black","count":75,"tested":327,"color":"rgb(255,127,14)"},{"description":"White","count":887,"tested":11221,"color":"rgb(31,119,180)"},{"description":"Hispanic","count":183,"tested":899,"color":"rgb(214,39,40)"},{"description":"AI/AN**","count":42,"tested":18,"color":"rgb(31,119,180)"}],"gender":[{"description":"Male","count":835,"tested":11872,"color":"rgb(31,119,180)"},{"description":"Unknown/Left Blank","count":44,"tested":384,"color":"rgb(44,160,44)"},{"description":"Female","count":827,"tested":16718,"color":"rgb(255,127,14)"}]}
