{"age":[{"age_group":"<20","count":286,"tested":2016},{"age_group":"20-29   ","count":270,"tested":2080},{"age_group":"30-39   ","count":187,"tested":1575},{"age_group":"40-49   ","count":242,"tested":1862},{"age_group":"50-59   ","count":340,"tested":2529},{"age_group":"60-69   ","count":207,"tested":1772},{"age_group":"70-79   ","count":112,"tested":1074},{"age_group":"80+","count":76,"tested":454}],"race":[{"description":"Black","count":118,"tested":599,"color":"rgb(255,127,14)"},{"description":"Asian","count":67,"tested":127,"color":"rgb(140,86,75)"},{"description":"Other","count":87,"tested":462,"color":"rgb(148,103,189)"},{"description":"White","count":611,"tested":5169,"color":"rgb(31,119,180)"},{"description":"Left Blank","count":640,"tested":6779,"color":"rgb(44,160,44)"},{"description":"Hispanic","count":97,"tested":215,"color":"rgb(214,39,40)"}],"gender":[{"description":"Female","count":736,"tested":7123,"color":"rgb(255,127,14)"},{"description":"Male","count":682,"tested":6127,"color":"rgb(31,119,180)"}]}
