{"age":[{"age_group":"<20","count":16,"tested":94},{"age_group":"20-29   ","count":19,"tested":122},{"age_group":"30-39   ","count":20,"tested":127},{"age_group":"50-59   ","count":24,"tested":111},{"age_group":"60-69   ","count":17,"tested":118}],"race":[{"description":"White","count":60,"tested":636,"color":"rgb(31,119,180)"},{"description":"Left Blank","count":17,"tested":141,"color":"rgb(44,160,44)"}],"gender":[{"description":"Male","count":46,"tested":344,"color":"rgb(31,119,180)"},{"description":"Female","count":39,"tested":474,"color":"rgb(255,127,14)"}]}
