{"age":[{"age_group":"<20","count":226,"tested":1862},{"age_group":"20-29   ","count":280,"tested":2682},{"age_group":"30-39   ","count":224,"tested":2263},{"age_group":"40-49   ","count":234,"tested":2147},{"age_group":"50-59   ","count":230,"tested":2607},{"age_group":"60-69   ","count":198,"tested":2375},{"age_group":"70-79   ","count":131,"tested":1528},{"age_group":"80+","count":110,"tested":1309}],"race":[{"description":"Hispanic","count":441,"tested":1769,"color":"rgb(214,39,40)"},{"description":"Left Blank","count":223,"tested":6414,"color":"rgb(44,160,44)"},{"description":"Asian","count":59,"tested":229,"color":"rgb(140,86,75)"},{"description":"White","count":672,"tested":7785,"color":"rgb(31,119,180)"},{"description":"Black","count":73,"tested":309,"color":"rgb(255,127,14)"},{"description":"Other","count":74,"tested":241,"color":"rgb(148,103,189)"}],"gender":[{"description":"Female","count":704,"tested":9610,"color":"rgb(255,127,14)"},{"description":"Male","count":658,"tested":6902,"color":"rgb(31,119,180)"},{"description":"Unknown/Left Blank","count":51,"tested":262,"color":"rgb(44,160,44)"}]}
