{"age":[{"age_group":"<20","count":52,"tested":320},{"age_group":"20-29   ","count":75,"tested":574},{"age_group":"30-39   ","count":56,"tested":592},{"age_group":"40-49   ","count":78,"tested":618},{"age_group":"50-59   ","count":74,"tested":670},{"age_group":"60-69   ","count":47,"tested":609},{"age_group":"70-79   ","count":22,"tested":321},{"age_group":"80+","count":13,"tested":127}],"race":[{"description":"White","count":26,"tested":298,"color":"rgb(31,119,180)"},{"description":"Left Blank","count":83,"tested":1281,"color":"rgb(44,160,44)"},{"description":"Hispanic","count":63,"tested":252,"color":"rgb(214,39,40)"},{"description":"Other","count":24,"tested":121,"color":"rgb(148,103,189)"},{"description":"Black","count":206,"tested":1837,"color":"rgb(255,127,14)"},{"description":"Asian","count":8,"tested":42,"color":"rgb(140,86,75)"}],"gender":[{"description":"Male","count":180,"tested":1551,"color":"rgb(31,119,180)"},{"description":"Female","count":218,"tested":2203,"color":"rgb(255,127,14)"},{"description":"Unknown/Left Blank","count":9,"tested":79,"color":"rgb(44,160,44)"}]}
