{"age":[{"age_group":"<20","count":189,"tested":2303},{"age_group":"20-29   ","count":177,"tested":2058},{"age_group":"30-39   ","count":141,"tested":2004},{"age_group":"40-49   ","count":148,"tested":1702},{"age_group":"50-59   ","count":202,"tested":2265},{"age_group":"60-69   ","count":110,"tested":1863},{"age_group":"70-79   ","count":58,"tested":1209},{"age_group":"80+","count":66,"tested":1645}],"race":[{"description":"Asian","count":33,"tested":197,"color":"rgb(140,86,75)"},{"description":"White","count":578,"tested":7928,"color":"rgb(31,119,180)"},{"description":"Left Blank","count":223,"tested":5728,"color":"rgb(44,160,44)"},{"description":"Hispanic","count":119,"tested":660,"color":"rgb(214,39,40)"},{"description":"Black","count":47,"tested":271,"color":"rgb(255,127,14)"},{"description":"Other","count":43,"tested":253,"color":"rgb(148,103,189)"}],"gender":[{"description":"Male","count":443,"tested":6329,"color":"rgb(31,119,180)"},{"description":"Female","count":506,"tested":8512,"color":"rgb(255,127,14)"}]}
