{"age":[{"age_group":"<20","count":192,"tested":1381},{"age_group":"20-29   ","count":183,"tested":1218},{"age_group":"30-39   ","count":160,"tested":1545},{"age_group":"40-49   ","count":169,"tested":1580},{"age_group":"50-59   ","count":189,"tested":1503},{"age_group":"60-69   ","count":125,"tested":1359},{"age_group":"70-79   ","count":100,"tested":1065},{"age_group":"80+","count":79,"tested":774}],"race":[{"description":"Black","count":64,"tested":121,"color":"rgb(255,127,14)"},{"description":"Asian","count":103,"tested":507,"color":"rgb(140,86,75)"},{"description":"Hispanic","count":139,"tested":542,"color":"rgb(214,39,40)"},{"description":"Left Blank","count":344,"tested":5102,"color":"rgb(44,160,44)"},{"description":"White","count":367,"tested":3920,"color":"rgb(31,119,180)"},{"description":"Other","count":82,"tested":219,"color":"rgb(148,103,189)"}],"gender":[{"description":"Female","count":476,"tested":5734,"color":"rgb(255,127,14)"},{"description":"Male","count":435,"tested":4544,"color":"rgb(31,119,180)"}]}
