{"age":[{"age_group":"<20","count":572,"tested":3937},{"age_group":"20-29   ","count":657,"tested":5174},{"age_group":"30-39   ","count":587,"tested":4288},{"age_group":"40-49   ","count":666,"tested":4646},{"age_group":"50-59   ","count":458,"tested":4050},{"age_group":"60-69   ","count":268,"tested":2514},{"age_group":"70-79   ","count":135,"tested":1334},{"age_group":"80+","count":131,"tested":1461}],"race":[{"description":"White","count":648,"tested":9082,"color":"rgb(31,119,180)"},{"description":"Left Blank","count":576,"tested":7696,"color":"rgb(44,160,44)"},{"description":"Hispanic","count":1746,"tested":7467,"color":"rgb(214,39,40)"},{"description":"Black","count":153,"tested":1045,"color":"rgb(255,127,14)"},{"description":"Asian","count":90,"tested":709,"color":"rgb(140,86,75)"},{"description":"Other","count":166,"tested":1255,"color":"rgb(148,103,189)"}],"gender":[{"description":"Female","count":1681,"tested":16172,"color":"rgb(255,127,14)"},{"description":"Male","count":1512,"tested":10674,"color":"rgb(31,119,180)"},{"description":"Unknown/Left Blank","count":62,"tested":571,"color":"rgb(44,160,44)"}]}
