{"age":[{"age_group":"<20","count":232,"tested":2981},{"age_group":"20-29   ","count":388,"tested":3890},{"age_group":"30-39   ","count":335,"tested":3808},{"age_group":"40-49   ","count":374,"tested":3470},{"age_group":"50-59   ","count":334,"tested":3888},{"age_group":"60-69   ","count":212,"tested":3424},{"age_group":"70-79   ","count":95,"tested":1901},{"age_group":"80+","count":75,"tested":1300}],"race":[{"description":"Black","count":70,"tested":406,"color":"rgb(255,127,14)"},{"description":"Asian","count":146,"tested":1446,"color":"rgb(140,86,75)"},{"description":"Hispanic","count":436,"tested":1778,"color":"rgb(214,39,40)"},{"description":"White","count":710,"tested":9668,"color":"rgb(31,119,180)"},{"description":"Other","count":151,"tested":947,"color":"rgb(148,103,189)"},{"description":"Left Blank","count":483,"tested":10332,"color":"rgb(44,160,44)"}],"gender":[{"description":"Female","count":974,"tested":13619,"color":"rgb(255,127,14)"},{"description":"Unknown/Left Blank","count":33,"tested":434,"color":"rgb(44,160,44)"},{"description":"Male","count":938,"tested":10616,"color":"rgb(31,119,180)"}]}
