{"lastUpdatedDate":{"year":2021,"month":5,"day":8},"county_demographics":[{"County":"Lawrence","confirmed_cases":2404,"total_tested":62726,"demographics":{"age":[{"race":[],"age_group":"<20","count":170,"tested":2463,"deaths":0},{"race":[],"age_group":"50-59   ","count":356,"tested":8427,"deaths":0},{"race":[],"age_group":"Unknown","count":0,"tested":56,"deaths":0},{"race":[],"age_group":"20-29   ","count":474,"tested":14517,"deaths":0},{"race":[],"age_group":"30-39   ","count":488,"tested":15267,"deaths":0},{"race":[],"age_group":"70-79   ","count":152,"tested":1936,"deaths":0},{"race":[],"age_group":"80+","count":98,"tested":1596,"deaths":0},{"race":[],"age_group":"40-49   ","count":408,"tested":13315,"deaths":0},{"race":[],"age_group":"60-69   ","count":257,"tested":5149,"deaths":0}],"race":[{"description":"AI/AN**","count":0,"tested":0,"deaths":0,"color":"rgb(31,119,180)"},{"description":"NH/PI*","count":0,"tested":0,"deaths":0,"color":"rgb(127,127,127)"},{"description":"Other","count":6,"tested":65,"deaths":0,"color":"rgb(148,103,189)"},{"description":"Black","count":364,"tested":1645,"deaths":0,"color":"rgb(255,127,14)"},{"description":"Asian","count":0,"tested":10,"deaths":0,"color":"rgb(140,86,75)"},{"description":"Hispanic","count":18,"tested":112,"deaths":0,"color":"rgb(214,39,40)"},{"description":"Left Blank","count":836,"tested":51939,"deaths":0,"color":"rgb(44,160,44)"},{"description":"White","count":1172,"tested":8952,"deaths":0,"color":"rgb(31,119,180)"}],"gender":[{"description":"Female","count":795,"tested":10730,"deaths":0,"color":"rgb(255,127,14)"},{"description":"Male","count":1293,"tested":40066,"deaths":0,"color":"rgb(31,119,180)"},{"description":"Unknown/Left Blank","count":313,"tested":11930,"deaths":0,"color":"rgb(44,160,44)"}]}}]}
