{"lastUpdatedDate":{"year":2021,"month":5,"day":8},"county_demographics":[{"County":"Washington","confirmed_cases":1637,"total_tested":13759,"demographics":{"age":[{"race":[],"age_group":"<20","count":229,"tested":1786,"deaths":0},{"race":[],"age_group":"20-29   ","count":209,"tested":1987,"deaths":0},{"race":[],"age_group":"60-69   ","count":248,"tested":1951,"deaths":0},{"race":[],"age_group":"50-59   ","count":261,"tested":1981,"deaths":0},{"race":[],"age_group":"80+","count":121,"tested":700,"deaths":0},{"race":[],"age_group":"Unknown","count":0,"tested":0,"deaths":0},{"race":[],"age_group":"30-39   ","count":224,"tested":2159,"deaths":0},{"race":[],"age_group":"40-49   ","count":236,"tested":2151,"deaths":0},{"race":[],"age_group":"70-79   ","count":109,"tested":1041,"deaths":0}],"race":[{"description":"White","count":1080,"tested":8752,"deaths":0,"color":"rgb(31,119,180)"},{"description":"AI/AN**","count":0,"tested":0,"deaths":0,"color":"rgb(31,119,180)"},{"description":"Left Blank","count":516,"tested":4567,"deaths":0,"color":"rgb(44,160,44)"},{"description":"Other","count":18,"tested":231,"deaths":0,"color":"rgb(148,103,189)"},{"description":"Asian","count":0,"tested":30,"deaths":0,"color":"rgb(140,86,75)"},{"description":"Hispanic","count":12,"tested":90,"deaths":0,"color":"rgb(214,39,40)"},{"description":"Black","count":0,"tested":81,"deaths":0,"color":"rgb(255,127,14)"},{"description":"NH/PI*","count":0,"tested":0,"deaths":0,"color":"rgb(127,127,127)"}],"gender":[{"description":"Female","count":883,"tested":8126,"deaths":0,"color":"rgb(255,127,14)"},{"description":"Male","count":734,"tested":4947,"deaths":0,"color":"rgb(31,119,180)"},{"description":"Unknown/Left Blank","count":20,"tested":686,"deaths":0,"color":"rgb(44,160,44)"}]}}]}
