{"lastUpdatedDate":{"year":2021,"month":5,"day":8},"county_demographics":[{"County":"Macon","confirmed_cases":10675,"total_tested":181684,"demographics":{"age":[{"race":[],"age_group":"80+","count":616,"tested":16836,"deaths":0},{"race":[],"age_group":"<20","count":1614,"tested":20683,"deaths":0},{"race":[],"age_group":"40-49   ","count":1569,"tested":25412,"deaths":0},{"race":[],"age_group":"70-79   ","count":833,"tested":14112,"deaths":0},{"race":[],"age_group":"30-39   ","count":1580,"tested":27337,"deaths":0},{"race":[],"age_group":"20-29   ","count":1649,"tested":30654,"deaths":0},{"race":[],"age_group":"50-59   ","count":1523,"tested":24598,"deaths":0},{"race":[],"age_group":"Unknown","count":0,"tested":711,"deaths":0},{"race":[],"age_group":"60-69   ","count":1288,"tested":21341,"deaths":0}],"race":[{"description":"AI/AN**","count":9,"tested":81,"deaths":0,"color":"rgb(31,119,180)"},{"description":"Black","count":1980,"tested":14905,"deaths":0,"color":"rgb(255,127,14)"},{"description":"Left Blank","count":1117,"tested":103236,"deaths":0,"color":"rgb(44,160,44)"},{"description":"NH/PI*","count":7,"tested":89,"deaths":0,"color":"rgb(127,127,127)"},{"description":"Other","count":160,"tested":2499,"deaths":0,"color":"rgb(148,103,189)"},{"description":"Hispanic","count":217,"tested":1232,"deaths":0,"color":"rgb(214,39,40)"},{"description":"White","count":7100,"tested":58871,"deaths":0,"color":"rgb(31,119,180)"},{"description":"Asian","count":82,"tested":771,"deaths":0,"color":"rgb(140,86,75)"}],"gender":[{"description":"Female","count":5814,"tested":103654,"deaths":0,"color":"rgb(255,127,14)"},{"description":"Male","count":4788,"tested":61938,"deaths":0,"color":"rgb(31,119,180)"},{"description":"Unknown/Left Blank","count":69,"tested":16092,"deaths":0,"color":"rgb(44,160,44)"}]}}]}
