{"lastUpdatedDate":{"year":2021,"month":5,"day":8},"county_demographics":[{"County":"Bureau","confirmed_cases":3691,"total_tested":46010,"demographics":{"age":[{"race":[],"age_group":"<20","count":499,"tested":5250,"deaths":0},{"race":[],"age_group":"60-69   ","count":439,"tested":6008,"deaths":0},{"race":[],"age_group":"Unknown","count":0,"tested":0,"deaths":0},{"race":[],"age_group":"80+","count":249,"tested":3397,"deaths":0},{"race":[],"age_group":"20-29   ","count":502,"tested":6737,"deaths":0},{"race":[],"age_group":"70-79   ","count":293,"tested":3113,"deaths":0},{"race":[],"age_group":"40-49   ","count":553,"tested":6597,"deaths":0},{"race":[],"age_group":"50-59   ","count":612,"tested":7869,"deaths":0},{"race":[],"age_group":"30-39   ","count":544,"tested":7037,"deaths":0}],"race":[{"description":"Hispanic","count":248,"tested":1221,"deaths":0,"color":"rgb(214,39,40)"},{"description":"Left Blank","count":1441,"tested":24589,"deaths":0,"color":"rgb(44,160,44)"},{"description":"White","count":1893,"tested":19257,"deaths":0,"color":"rgb(31,119,180)"},{"description":"Asian","count":6,"tested":191,"deaths":0,"color":"rgb(140,86,75)"},{"description":"NH/PI*","count":0,"tested":113,"deaths":0,"color":"rgb(127,127,127)"},{"description":"Other","count":83,"tested":428,"deaths":0,"color":"rgb(148,103,189)"},{"description":"AI/AN**","count":0,"tested":6,"deaths":0,"color":"rgb(31,119,180)"},{"description":"Black","count":9,"tested":205,"deaths":0,"color":"rgb(255,127,14)"}],"gender":[{"description":"Female","count":1931,"tested":27939,"deaths":0,"color":"rgb(255,127,14)"},{"description":"Male","count":1666,"tested":13769,"deaths":0,"color":"rgb(31,119,180)"},{"description":"Unknown/Left Blank","count":94,"tested":4302,"deaths":0,"color":"rgb(44,160,44)"}]}}]}
