{"lastUpdatedDate":{"year":2021,"month":5,"day":8},"county_demographics":[{"County":"Winnebago","confirmed_cases":32863,"total_tested":409581,"demographics":{"age":[{"race":[],"age_group":"80+","count":1327,"tested":31133,"deaths":0},{"race":[],"age_group":"70-79   ","count":1914,"tested":29392,"deaths":0},{"race":[],"age_group":"<20","count":5671,"tested":62536,"deaths":0},{"race":[],"age_group":"60-69   ","count":3388,"tested":46345,"deaths":0},{"race":[],"age_group":"Unknown","count":9,"tested":111,"deaths":0},{"race":[],"age_group":"40-49   ","count":4957,"tested":54326,"deaths":0},{"race":[],"age_group":"20-29   ","count":5825,"tested":68070,"deaths":0},{"race":[],"age_group":"30-39   ","count":5109,"tested":60006,"deaths":0},{"race":[],"age_group":"50-59   ","count":4661,"tested":57662,"deaths":0}],"race":[{"description":"Black","count":3921,"tested":32667,"deaths":0,"color":"rgb(255,127,14)"},{"description":"Left Blank","count":3416,"tested":181888,"deaths":0,"color":"rgb(44,160,44)"},{"description":"NH/PI*","count":21,"tested":290,"deaths":0,"color":"rgb(127,127,127)"},{"description":"Other","count":499,"tested":8726,"deaths":0,"color":"rgb(148,103,189)"},{"description":"Hispanic","count":5786,"tested":24834,"deaths":0,"color":"rgb(214,39,40)"},{"description":"AI/AN**","count":37,"tested":351,"deaths":0,"color":"rgb(31,119,180)"},{"description":"Asian","count":654,"tested":4517,"deaths":0,"color":"rgb(140,86,75)"},{"description":"White","count":18527,"tested":156308,"deaths":0,"color":"rgb(31,119,180)"}],"gender":[{"description":"Female","count":17553,"tested":241176,"deaths":0,"color":"rgb(255,127,14)"},{"description":"Male","count":15142,"tested":160942,"deaths":0,"color":"rgb(31,119,180)"},{"description":"Unknown/Left Blank","count":168,"tested":7463,"deaths":0,"color":"rgb(44,160,44)"}]}}]}
