{"age":[{"age_group":"<20","count":245,"tested":2544},{"age_group":"20-29   ","count":172,"tested":2209},{"age_group":"30-39   ","count":149,"tested":1768},{"age_group":"40-49   ","count":170,"tested":1843},{"age_group":"50-59   ","count":187,"tested":2409},{"age_group":"60-69   ","count":103,"tested":1752},{"age_group":"70-79   ","count":50,"tested":835},{"age_group":"80+","count":13,"tested":342}],"race":[{"description":"Asian","count":12,"tested":325,"color":"rgb(140,86,75)"},{"description":"Hispanic","count":94,"tested":648,"color":"rgb(214,39,40)"},{"description":"Left Blank","count":237,"tested":4609,"color":"rgb(44,160,44)"},{"description":"Other","count":17,"tested":337,"color":"rgb(148,103,189)"},{"description":"White","count":728,"tested":7685,"color":"rgb(31,119,180)"}],"gender":[]}
