{"age":[{"age_group":"<20","count":500,"tested":5847},{"age_group":"20-29   ","count":553,"tested":6790},{"age_group":"30-39   ","count":521,"tested":6773},{"age_group":"40-49   ","count":521,"tested":5380},{"age_group":"50-59   ","count":531,"tested":6715},{"age_group":"60-69   ","count":384,"tested":5558},{"age_group":"70-79   ","count":177,"tested":4343},{"age_group":"80+","count":159,"tested":5033}],"race":[{"description":"Asian","count":33,"tested":585,"color":"rgb(140,86,75)"},{"description":"Black","count":29,"tested":351,"color":"rgb(255,127,14)"},{"description":"Hispanic","count":529,"tested":3216,"color":"rgb(214,39,40)"},{"description":"Left Blank","count":837,"tested":16546,"color":"rgb(44,160,44)"},{"description":"Other","count":53,"tested":1885,"color":"rgb(148,103,189)"},{"description":"White","count":1860,"tested":23799,"color":"rgb(31,119,180)"}],"gender":[]}
