{"age":[{"age_group":"<20","count":48,"tested":728},{"age_group":"20-29   ","count":55,"tested":617},{"age_group":"30-39   ","count":39,"tested":403},{"age_group":"40-49   ","count":42,"tested":311},{"age_group":"50-59   ","count":45,"tested":428},{"age_group":"60-69   ","count":35,"tested":366},{"age_group":"70-79   ","count":14,"tested":168},{"age_group":"80+","count":7,"tested":82}],"race":[{"description":"Hispanic","count":24,"tested":125,"color":"rgb(214,39,40)"},{"description":"Left Blank","count":87,"tested":1351,"color":"rgb(44,160,44)"},{"description":"White","count":173,"tested":1584,"color":"rgb(31,119,180)"}],"gender":[]}
