{"age":[{"age_group":"<20","count":22,"tested":243},{"age_group":"20-29   ","count":17,"tested":326},{"age_group":"30-39   ","count":21,"tested":118},{"age_group":"40-49   ","count":24,"tested":147},{"age_group":"50-59   ","count":24,"tested":330},{"age_group":"60-69   ","count":14,"tested":134},{"age_group":"70-79   ","count":12,"tested":103}],"race":[{"description":"Left Blank","count":18,"tested":548,"color":"rgb(44,160,44)"},{"description":"White","count":111,"tested":852,"color":"rgb(31,119,180)"}],"gender":[]}
