{"age":[{"age_group":"<20","count":422,"tested":4891},{"age_group":"20-29   ","count":441,"tested":5689},{"age_group":"30-39   ","count":450,"tested":6078},{"age_group":"40-49   ","count":431,"tested":4913},{"age_group":"50-59   ","count":419,"tested":5659},{"age_group":"60-69   ","count":302,"tested":5725},{"age_group":"70-79   ","count":153,"tested":3341},{"age_group":"80+","count":106,"tested":2758}],"race":[{"description":"Asian","count":125,"tested":2330,"color":"rgb(140,86,75)"},{"description":"Black","count":46,"tested":691,"color":"rgb(255,127,14)"},{"description":"Hispanic","count":741,"tested":4570,"color":"rgb(214,39,40)"},{"description":"Left Blank","count":619,"tested":16529,"color":"rgb(44,160,44)"},{"description":"Other","count":147,"tested":867,"color":"rgb(148,103,189)"},{"description":"White","count":1039,"tested":13962,"color":"rgb(31,119,180)"}],"gender":[]}
