{"age":[{"age_group":"<20","count":101,"tested":1488},{"age_group":"20-29   ","count":94,"tested":911},{"age_group":"30-39   ","count":99,"tested":1012},{"age_group":"40-49   ","count":99,"tested":1131},{"age_group":"50-59   ","count":92,"tested":1128},{"age_group":"60-69   ","count":72,"tested":967},{"age_group":"70-79   ","count":62,"tested":835},{"age_group":"80+","count":15,"tested":312}],"race":[{"description":"Hispanic","count":14,"tested":99,"color":"rgb(214,39,40)"},{"description":"Left Blank","count":230,"tested":3556,"color":"rgb(44,160,44)"},{"description":"Other","count":8,"tested":130,"color":"rgb(148,103,189)"},{"description":"White","count":378,"tested":3910,"color":"rgb(31,119,180)"}],"gender":[]}
