{"age":[{"age_group":"<20","count":294,"tested":3305},{"age_group":"20-29   ","count":283,"tested":4618},{"age_group":"30-39   ","count":288,"tested":4631},{"age_group":"40-49   ","count":313,"tested":4989},{"age_group":"50-59   ","count":265,"tested":4779},{"age_group":"60-69   ","count":202,"tested":5373},{"age_group":"70-79   ","count":142,"tested":4065},{"age_group":"80+","count":96,"tested":2625}],"race":[{"description":"Asian","count":7,"tested":220,"color":"rgb(140,86,75)"},{"description":"Black","count":1225,"tested":16795,"color":"rgb(255,127,14)"},{"description":"Hispanic","count":61,"tested":952,"color":"rgb(214,39,40)"},{"description":"Left Blank","count":473,"tested":14321,"color":"rgb(44,160,44)"},{"description":"Other","count":27,"tested":496,"color":"rgb(148,103,189)"},{"description":"White","count":89,"tested":1635,"color":"rgb(31,119,180)"}],"gender":[]}
