{"age":[{"age_group":"<20","count":556,"tested":8079},{"age_group":"20-29   ","count":677,"tested":11967},{"age_group":"30-39   ","count":732,"tested":13209},{"age_group":"40-49   ","count":610,"tested":11172},{"age_group":"50-59   ","count":496,"tested":10890},{"age_group":"60-69   ","count":368,"tested":8516},{"age_group":"70-79   ","count":165,"tested":3204},{"age_group":"80+","count":84,"tested":1522}],"race":[{"description":"Asian","count":10,"tested":155,"color":"rgb(140,86,75)"},{"description":"Black","count":2319,"tested":28131,"color":"rgb(255,127,14)"},{"description":"Hispanic","count":428,"tested":2999,"color":"rgb(214,39,40)"},{"description":"Left Blank","count":750,"tested":34112,"color":"rgb(44,160,44)"},{"description":"Other","count":76,"tested":1102,"color":"rgb(148,103,189)"},{"description":"White","count":102,"tested":2027,"color":"rgb(31,119,180)"}],"gender":[]}
