{"age":[{"age_group":"<20","count":602,"tested":7703},{"age_group":"20-29   ","count":479,"tested":5966},{"age_group":"30-39   ","count":528,"tested":6187},{"age_group":"40-49   ","count":482,"tested":5721},{"age_group":"50-59   ","count":390,"tested":5061},{"age_group":"60-69   ","count":238,"tested":3480},{"age_group":"70-79   ","count":122,"tested":2216},{"age_group":"80+","count":54,"tested":2319}],"race":[{"description":"Asian","count":17,"tested":426,"color":"rgb(140,86,75)"},{"description":"Black","count":146,"tested":1600,"color":"rgb(255,127,14)"},{"description":"Hispanic","count":405,"tested":3035,"color":"rgb(214,39,40)"},{"description":"Left Blank","count":674,"tested":15449,"color":"rgb(44,160,44)"},{"description":"Other","count":77,"tested":940,"color":"rgb(148,103,189)"},{"description":"White","count":1569,"tested":17167,"color":"rgb(31,119,180)"}],"gender":[]}
