{"age":[{"age_group":"<20","count":58,"tested":585},{"age_group":"20-29   ","count":48,"tested":891},{"age_group":"30-39   ","count":52,"tested":892},{"age_group":"40-49   ","count":54,"tested":913},{"age_group":"50-59   ","count":74,"tested":1285},{"age_group":"60-69   ","count":54,"tested":1166},{"age_group":"70-79   ","count":40,"tested":867},{"age_group":"80+","count":28,"tested":506}],"race":[{"description":"Black","count":231,"tested":3446,"color":"rgb(255,127,14)"},{"description":"Left Blank","count":112,"tested":2722,"color":"rgb(44,160,44)"},{"description":"Other","count":16,"tested":180,"color":"rgb(148,103,189)"},{"description":"White","count":44,"tested":639,"color":"rgb(31,119,180)"}],"gender":[]}
