{"age":[{"age_group":"<20","count":24,"tested":504},{"age_group":"20-29   ","count":35,"tested":378},{"age_group":"30-39   ","count":20,"tested":488},{"age_group":"40-49   ","count":31,"tested":598},{"age_group":"50-59   ","count":37,"tested":715},{"age_group":"60-69   ","count":17,"tested":290}],"race":[{"description":"Left Blank","count":25,"tested":825,"color":"rgb(44,160,44)"},{"description":"Other","count":7,"tested":61,"color":"rgb(148,103,189)"},{"description":"White","count":145,"tested":2165,"color":"rgb(31,119,180)"}],"gender":[]}
