{"age":[{"age_group":"<20","count":652,"tested":18049},{"age_group":"20-29   ","count":816,"tested":12174},{"age_group":"30-39   ","count":751,"tested":12242},{"age_group":"40-49   ","count":706,"tested":10084},{"age_group":"50-59   ","count":698,"tested":10569},{"age_group":"60-69   ","count":513,"tested":10144},{"age_group":"70-79   ","count":213,"tested":5525},{"age_group":"80+","count":245,"tested":9141}],"race":[{"description":"AI/AN**","count":10,"tested":160,"color":"rgb(31,119,180)"},{"description":"Asian","count":296,"tested":5886,"color":"rgb(140,86,75)"},{"description":"Black","count":63,"tested":1227,"color":"rgb(255,127,14)"},{"description":"Hispanic","count":1610,"tested":18573,"color":"rgb(214,39,40)"},{"description":"Left Blank","count":977,"tested":40083,"color":"rgb(44,160,44)"},{"description":"Other","count":251,"tested":2370,"color":"rgb(148,103,189)"},{"description":"White","count":1382,"tested":19654,"color":"rgb(31,119,180)"}],"gender":[]}
