{"age":[{"age_group":"<20","count":42,"tested":679},{"age_group":"20-29   ","count":94,"tested":1202},{"age_group":"30-39   ","count":104,"tested":1546},{"age_group":"40-49   ","count":63,"tested":1049},{"age_group":"50-59   ","count":39,"tested":609},{"age_group":"60-69   ","count":19,"tested":553},{"age_group":"70-79   ","count":10,"tested":269}],"race":[{"description":"Asian","count":53,"tested":918,"color":"rgb(140,86,75)"},{"description":"Black","count":16,"tested":200,"color":"rgb(255,127,14)"},{"description":"Hispanic","count":37,"tested":302,"color":"rgb(214,39,40)"},{"description":"Left Blank","count":115,"tested":2867,"color":"rgb(44,160,44)"},{"description":"Other","count":17,"tested":157,"color":"rgb(148,103,189)"},{"description":"White","count":136,"tested":1534,"color":"rgb(31,119,180)"}],"gender":[]}
