{"age":[{"age_group":"<20","count":49,"tested":399},{"age_group":"20-29   ","count":47,"tested":575},{"age_group":"30-39   ","count":31,"tested":348},{"age_group":"40-49   ","count":22,"tested":253},{"age_group":"50-59   ","count":61,"tested":775},{"age_group":"60-69   ","count":38,"tested":508},{"age_group":"70-79   ","count":14,"tested":290},{"age_group":"80+","count":8,"tested":91}],"race":[{"description":"Asian","count":17,"tested":154,"color":"rgb(140,86,75)"},{"description":"Hispanic","count":15,"tested":132,"color":"rgb(214,39,40)"},{"description":"Left Blank","count":52,"tested":1272,"color":"rgb(44,160,44)"},{"description":"Other","count":6,"tested":75,"color":"rgb(148,103,189)"},{"description":"White","count":177,"tested":1545,"color":"rgb(31,119,180)"}],"gender":[]}
