{"age":[{"age_group":"<20","count":394,"tested":7254},{"age_group":"20-29   ","count":889,"tested":22040},{"age_group":"30-39   ","count":910,"tested":21189},{"age_group":"40-49   ","count":592,"tested":13944},{"age_group":"50-59   ","count":553,"tested":14374},{"age_group":"60-69   ","count":422,"tested":14417},{"age_group":"70-79   ","count":209,"tested":7880},{"age_group":"80+","count":175,"tested":5125}],"race":[{"description":"Asian","count":550,"tested":10677,"color":"rgb(140,86,75)"},{"description":"Black","count":1040,"tested":17604,"color":"rgb(255,127,14)"},{"description":"Hispanic","count":468,"tested":5070,"color":"rgb(214,39,40)"},{"description":"Left Blank","count":1229,"tested":54513,"color":"rgb(44,160,44)"},{"description":"Other","count":183,"tested":3774,"color":"rgb(148,103,189)"},{"description":"White","count":665,"tested":14398,"color":"rgb(31,119,180)"}],"gender":[]}
