{"age":[{"age_group":"<20","count":121,"tested":998},{"age_group":"20-29   ","count":213,"tested":2638},{"age_group":"30-39   ","count":181,"tested":2434},{"age_group":"40-49   ","count":133,"tested":2204},{"age_group":"50-59   ","count":152,"tested":2691},{"age_group":"60-69   ","count":137,"tested":2445},{"age_group":"70-79   ","count":87,"tested":1826},{"age_group":"80+","count":115,"tested":1953}],"race":[{"description":"Black","count":109,"tested":2482,"color":"rgb(255,127,14)"},{"description":"Hispanic","count":147,"tested":1162,"color":"rgb(214,39,40)"},{"description":"Left Blank","count":406,"tested":6666,"color":"rgb(44,160,44)"},{"description":"Other","count":17,"tested":308,"color":"rgb(148,103,189)"},{"description":"White","count":455,"tested":6468,"color":"rgb(31,119,180)"}],"gender":[]}
