{"age":[{"age_group":"<20","count":1537,"tested":14065},{"age_group":"20-29   ","count":1517,"tested":15416},{"age_group":"30-39   ","count":1327,"tested":13400},{"age_group":"40-49   ","count":1436,"tested":14060},{"age_group":"50-59   ","count":1085,"tested":11966},{"age_group":"60-69   ","count":575,"tested":7400},{"age_group":"70-79   ","count":241,"tested":4355},{"age_group":"80+","count":123,"tested":3691}],"race":[{"description":"AI/AN**","count":9,"tested":152,"color":"rgb(31,119,180)"},{"description":"Asian","count":127,"tested":2985,"color":"rgb(140,86,75)"},{"description":"Black","count":261,"tested":3436,"color":"rgb(255,127,14)"},{"description":"Hispanic","count":3510,"tested":19806,"color":"rgb(214,39,40)"},{"description":"Left Blank","count":1950,"tested":27131,"color":"rgb(44,160,44)"},{"description":"NH/PI*","count":11,"tested":291,"color":"rgb(127,127,127)"},{"description":"Other","count":287,"tested":3199,"color":"rgb(148,103,189)"},{"description":"White","count":1688,"tested":27368,"color":"rgb(31,119,180)"}],"gender":[]}
