{"age":[{"age_group":"<20","count":30,"tested":414},{"age_group":"20-29   ","count":56,"tested":589},{"age_group":"30-39   ","count":37,"tested":473},{"age_group":"40-49   ","count":36,"tested":399},{"age_group":"50-59   ","count":44,"tested":464},{"age_group":"60-69   ","count":18,"tested":372},{"age_group":"70-79   ","count":13,"tested":156},{"age_group":"80+","count":6,"tested":97}],"race":[{"description":"Left Blank","count":38,"tested":706,"color":"rgb(44,160,44)"},{"description":"Other","count":14,"tested":125,"color":"rgb(148,103,189)"},{"description":"White","count":176,"tested":1964,"color":"rgb(31,119,180)"}],"gender":[]}
