{"age":[{"age_group":"<20","count":514,"tested":5332},{"age_group":"20-29   ","count":494,"tested":5381},{"age_group":"30-39   ","count":380,"tested":4449},{"age_group":"40-49   ","count":429,"tested":4037},{"age_group":"50-59   ","count":528,"tested":5736},{"age_group":"60-69   ","count":331,"tested":4317},{"age_group":"70-79   ","count":137,"tested":2580},{"age_group":"80+","count":74,"tested":2036}],"race":[{"description":"Asian","count":19,"tested":323,"color":"rgb(140,86,75)"},{"description":"Black","count":33,"tested":372,"color":"rgb(255,127,14)"},{"description":"Hispanic","count":110,"tested":894,"color":"rgb(214,39,40)"},{"description":"Left Blank","count":1095,"tested":14899,"color":"rgb(44,160,44)"},{"description":"Other","count":74,"tested":896,"color":"rgb(148,103,189)"},{"description":"White","count":1553,"tested":16427,"color":"rgb(31,119,180)"}],"gender":[]}
