{"age":[{"age_group":"<20","count":355,"tested":3909},{"age_group":"20-29   ","count":277,"tested":3166},{"age_group":"30-39   ","count":328,"tested":3299},{"age_group":"40-49   ","count":356,"tested":3638},{"age_group":"50-59   ","count":241,"tested":2782},{"age_group":"60-69   ","count":143,"tested":2027},{"age_group":"70-79   ","count":62,"tested":1418},{"age_group":"80+","count":20,"tested":1171}],"race":[{"description":"Asian","count":11,"tested":120,"color":"rgb(140,86,75)"},{"description":"Black","count":32,"tested":411,"color":"rgb(255,127,14)"},{"description":"Hispanic","count":195,"tested":1425,"color":"rgb(214,39,40)"},{"description":"Left Blank","count":491,"tested":6554,"color":"rgb(44,160,44)"},{"description":"Other","count":70,"tested":790,"color":"rgb(148,103,189)"},{"description":"White","count":983,"tested":12092,"color":"rgb(31,119,180)"}],"gender":[]}
