{"age":[{"age_group":"<20","count":415,"tested":4213},{"age_group":"20-29   ","count":441,"tested":6864},{"age_group":"30-39   ","count":394,"tested":6939},{"age_group":"40-49   ","count":406,"tested":7600},{"age_group":"50-59   ","count":418,"tested":9532},{"age_group":"60-69   ","count":342,"tested":9391},{"age_group":"70-79   ","count":188,"tested":6446},{"age_group":"80+","count":181,"tested":7062}],"race":[{"description":"Asian","count":9,"tested":203,"color":"rgb(140,86,75)"},{"description":"Black","count":1448,"tested":20891,"color":"rgb(255,127,14)"},{"description":"Hispanic","count":149,"tested":1248,"color":"rgb(214,39,40)"},{"description":"Left Blank","count":932,"tested":32171,"color":"rgb(44,160,44)"},{"description":"Other","count":43,"tested":634,"color":"rgb(148,103,189)"},{"description":"White","count":202,"tested":3086,"color":"rgb(31,119,180)"}],"gender":[]}
