{"age":[{"age_group":"<20","count":84,"tested":868},{"age_group":"20-29   ","count":75,"tested":659},{"age_group":"30-39   ","count":58,"tested":604},{"age_group":"40-49   ","count":84,"tested":598},{"age_group":"50-59   ","count":63,"tested":518},{"age_group":"60-69   ","count":33,"tested":266},{"age_group":"70-79   ","count":12,"tested":154}],"race":[{"description":"Hispanic","count":38,"tested":189,"color":"rgb(214,39,40)"},{"description":"Left Blank","count":165,"tested":1537,"color":"rgb(44,160,44)"},{"description":"Other","count":7,"tested":71,"color":"rgb(148,103,189)"},{"description":"White","count":202,"tested":1888,"color":"rgb(31,119,180)"}],"gender":[]}
