{"age":[{"age_group":"<20","count":609,"tested":4737},{"age_group":"20-29   ","count":611,"tested":6954},{"age_group":"30-39   ","count":585,"tested":6509},{"age_group":"40-49   ","count":599,"tested":7238},{"age_group":"50-59   ","count":574,"tested":7348},{"age_group":"60-69   ","count":429,"tested":5697},{"age_group":"70-79   ","count":198,"tested":2946},{"age_group":"80+","count":121,"tested":2039}],"race":[{"description":"Asian","count":18,"tested":212,"color":"rgb(140,86,75)"},{"description":"Black","count":1147,"tested":13687,"color":"rgb(255,127,14)"},{"description":"Hispanic","count":590,"tested":3767,"color":"rgb(214,39,40)"},{"description":"Left Blank","count":1253,"tested":18888,"color":"rgb(44,160,44)"},{"description":"Other","count":113,"tested":944,"color":"rgb(148,103,189)"},{"description":"White","count":599,"tested":6018,"color":"rgb(31,119,180)"}],"gender":[]}
