{"age":[{"age_group":"<20","count":273,"tested":2103},{"age_group":"20-29   ","count":318,"tested":2682},{"age_group":"30-39   ","count":266,"tested":2267},{"age_group":"40-49   ","count":264,"tested":2053},{"age_group":"50-59   ","count":194,"tested":1713},{"age_group":"60-69   ","count":132,"tested":1452},{"age_group":"70-79   ","count":51,"tested":614},{"age_group":"80+","count":32,"tested":408}],"race":[{"description":"Black","count":71,"tested":824,"color":"rgb(255,127,14)"},{"description":"Hispanic","count":743,"tested":3902,"color":"rgb(214,39,40)"},{"description":"Left Blank","count":369,"tested":4663,"color":"rgb(44,160,44)"},{"description":"Other","count":102,"tested":1010,"color":"rgb(148,103,189)"},{"description":"White","count":237,"tested":2747,"color":"rgb(31,119,180)"}],"gender":[]}
