{"age":[{"age_group":"<20","count":481,"tested":5369},{"age_group":"20-29   ","count":545,"tested":5809},{"age_group":"30-39   ","count":432,"tested":4796},{"age_group":"40-49   ","count":443,"tested":4650},{"age_group":"50-59   ","count":455,"tested":5174},{"age_group":"60-69   ","count":287,"tested":3606},{"age_group":"70-79   ","count":182,"tested":2262},{"age_group":"80+","count":70,"tested":1564}],"race":[{"description":"Asian","count":49,"tested":397,"color":"rgb(140,86,75)"},{"description":"Black","count":121,"tested":814,"color":"rgb(255,127,14)"},{"description":"Hispanic","count":227,"tested":1379,"color":"rgb(214,39,40)"},{"description":"Left Blank","count":263,"tested":11893,"color":"rgb(44,160,44)"},{"description":"Other","count":41,"tested":455,"color":"rgb(148,103,189)"},{"description":"White","count":2190,"tested":18259,"color":"rgb(31,119,180)"}],"gender":[]}
