{"lastUpdatedDate":{"year":2021,"month":4,"day":25},"county_demographics":[{"County":"Johnson","confirmed_cases":1407,"total_tested":46801,"demographics":{"age":[{"race":[],"age_group":"<20","count":169,"tested":1638,"deaths":0},{"race":[],"age_group":"20-29   ","count":228,"tested":8689,"deaths":0},{"race":[],"age_group":"30-39   ","count":252,"tested":11754,"deaths":0},{"race":[],"age_group":"40-49   ","count":230,"tested":9564,"deaths":0},{"race":[],"age_group":"50-59   ","count":230,"tested":6445,"deaths":0},{"race":[],"age_group":"60-69   ","count":149,"tested":2997,"deaths":0},{"race":[],"age_group":"70-79   ","count":87,"tested":1360,"deaths":0},{"race":[],"age_group":"80+","count":57,"tested":1218,"deaths":0},{"race":[],"age_group":"Unknown","count":0,"tested":3136,"deaths":0}],"race":[{"description":"AI/AN**","count":0,"tested":0,"deaths":0,"color":"rgb(31,119,180)"},{"description":"Asian","count":0,"tested":87,"deaths":0,"color":"rgb(140,86,75)"},{"description":"Black","count":154,"tested":473,"deaths":0,"color":"rgb(255,127,14)"},{"description":"Hispanic","count":68,"tested":253,"deaths":0,"color":"rgb(214,39,40)"},{"description":"Left Blank","count":266,"tested":38063,"deaths":0,"color":"rgb(44,160,44)"},{"description":"NH/PI*","count":0,"tested":12,"deaths":0,"color":"rgb(127,127,127)"},{"description":"Other","count":7,"tested":95,"deaths":0,"color":"rgb(148,103,189)"},{"description":"White","count":903,"tested":7813,"deaths":0,"color":"rgb(31,119,180)"}],"gender":[{"description":"Female","count":552,"tested":7872,"deaths":0,"color":"rgb(255,127,14)"},{"description":"Male","count":795,"tested":14477,"deaths":0,"color":"rgb(31,119,180)"},{"description":"Unknown/Left Blank","count":58,"tested":24452,"deaths":0,"color":"rgb(44,160,44)"}]}}]}
