{"lastUpdatedDate":{"year":2021,"month":4,"day":25},"county_demographics":[{"County":"Iroquois","confirmed_cases":2920,"total_tested":47298,"demographics":{"age":[{"race":[],"age_group":"<20","count":473,"tested":6595,"deaths":0},{"race":[],"age_group":"20-29   ","count":419,"tested":6020,"deaths":0},{"race":[],"age_group":"30-39   ","count":374,"tested":5957,"deaths":0},{"race":[],"age_group":"40-49   ","count":385,"tested":4839,"deaths":0},{"race":[],"age_group":"50-59   ","count":438,"tested":6459,"deaths":0},{"race":[],"age_group":"60-69   ","count":393,"tested":6095,"deaths":0},{"race":[],"age_group":"70-79   ","count":253,"tested":4374,"deaths":0},{"race":[],"age_group":"80+","count":185,"tested":6950,"deaths":0},{"race":[],"age_group":"Unknown","count":0,"tested":9,"deaths":0}],"race":[{"description":"AI/AN**","count":0,"tested":11,"deaths":0,"color":"rgb(31,119,180)"},{"description":"Asian","count":0,"tested":90,"deaths":0,"color":"rgb(140,86,75)"},{"description":"Black","count":33,"tested":480,"deaths":0,"color":"rgb(255,127,14)"},{"description":"Hispanic","count":237,"tested":1335,"deaths":0,"color":"rgb(214,39,40)"},{"description":"Left Blank","count":387,"tested":15285,"deaths":0,"color":"rgb(44,160,44)"},{"description":"NH/PI*","count":0,"tested":8,"deaths":0,"color":"rgb(127,127,127)"},{"description":"Other","count":67,"tested":750,"deaths":0,"color":"rgb(148,103,189)"},{"description":"White","count":2189,"tested":29339,"deaths":0,"color":"rgb(31,119,180)"}],"gender":[{"description":"Female","count":1539,"tested":30391,"deaths":0,"color":"rgb(255,127,14)"},{"description":"Male","count":1302,"tested":16195,"deaths":0,"color":"rgb(31,119,180)"},{"description":"Unknown/Left Blank","count":79,"tested":712,"deaths":0,"color":"rgb(44,160,44)"}]}}]}
