{"lastUpdatedDate":{"year":2021,"month":4,"day":25},"county_demographics":[{"County":"Kendall","confirmed_cases":12552,"total_tested":135493,"demographics":{"age":[{"race":[],"age_group":"<20","count":2354,"tested":24068,"deaths":0},{"race":[],"age_group":"20-29   ","count":2207,"tested":22969,"deaths":0},{"race":[],"age_group":"30-39   ","count":2276,"tested":23106,"deaths":0},{"race":[],"age_group":"40-49   ","count":2404,"tested":22763,"deaths":0},{"race":[],"age_group":"50-59   ","count":1762,"tested":18795,"deaths":0},{"race":[],"age_group":"60-69   ","count":876,"tested":11676,"deaths":0},{"race":[],"age_group":"70-79   ","count":428,"tested":6851,"deaths":0},{"race":[],"age_group":"80+","count":243,"tested":5237,"deaths":0},{"race":[],"age_group":"Unknown","count":0,"tested":28,"deaths":0}],"race":[{"description":"AI/AN**","count":11,"tested":127,"deaths":0,"color":"rgb(31,119,180)"},{"description":"Asian","count":208,"tested":2576,"deaths":0,"color":"rgb(140,86,75)"},{"description":"Black","count":752,"tested":7707,"deaths":0,"color":"rgb(255,127,14)"},{"description":"Hispanic","count":2727,"tested":15446,"deaths":0,"color":"rgb(214,39,40)"},{"description":"Left Blank","count":3179,"tested":51486,"deaths":0,"color":"rgb(44,160,44)"},{"description":"NH/PI*","count":9,"tested":83,"deaths":0,"color":"rgb(127,127,127)"},{"description":"Other","count":363,"tested":4443,"deaths":0,"color":"rgb(148,103,189)"},{"description":"White","count":5298,"tested":53625,"deaths":0,"color":"rgb(31,119,180)"}],"gender":[{"description":"Female","count":6550,"tested":76648,"deaths":0,"color":"rgb(255,127,14)"},{"description":"Male","count":5950,"tested":56236,"deaths":0,"color":"rgb(31,119,180)"},{"description":"Unknown/Left Blank","count":52,"tested":2609,"deaths":0,"color":"rgb(44,160,44)"}]}}]}
