{"lastUpdatedDate":{"year":2021,"month":4,"day":25},"county_demographics":[{"County":"Illinois","confirmed_cases":1321033,"total_tested":22269555,"demographics":{"age":[{"race":[{"description":"AI/AN**","count":273,"tested":2875,"deaths":0,"color":"rgb(31,119,180)"},{"description":"Asian","count":4430,"tested":186131,"deaths":0,"color":"rgb(140,86,75)"},{"description":"Black","count":17918,"tested":217070,"deaths":8,"color":"rgb(255,127,14)"},{"description":"Hispanic","count":46206,"tested":323152,"deaths":0,"color":"rgb(214,39,40)"},{"description":"Left Blank","count":53633,"tested":928303,"deaths":0,"color":"rgb(44,160,44)"},{"description":"NH/PI*","count":164,"tested":3924,"deaths":0,"color":"rgb(127,127,127)"},{"description":"Other","count":8021,"tested":117769,"deaths":0,"color":"rgb(148,103,189)"},{"description":"White","count":78529,"tested":1116756,"deaths":0,"color":"rgb(31,119,180)"}],"age_group":"<20","count":209174,"tested":2895980,"deaths":17},{"race":[{"description":"AI/AN**","count":305,"tested":4778,"deaths":0,"color":"rgb(31,119,180)"},{"description":"Asian","count":6190,"tested":411042,"deaths":0,"color":"rgb(140,86,75)"},{"description":"Black","count":24037,"tested":346610,"deaths":29,"color":"rgb(255,127,14)"},{"description":"Hispanic","count":49824,"tested":434851,"deaths":28,"color":"rgb(214,39,40)"},{"description":"Left Blank","count":65261,"tested":1585636,"deaths":0,"color":"rgb(44,160,44)"},{"description":"NH/PI*","count":220,"tested":6894,"deaths":0,"color":"rgb(127,127,127)"},{"description":"Other","count":9039,"tested":157802,"deaths":0,"color":"rgb(148,103,189)"},{"description":"White","count":88983,"tested":1566025,"deaths":12,"color":"rgb(31,119,180)"}],"age_group":"20-29   ","count":243859,"tested":4513638,"deaths":72},{"race":[{"description":"AI/AN**","count":311,"tested":3146,"deaths":0,"color":"rgb(31,119,180)"},{"description":"Asian","count":5472,"tested":120637,"deaths":10,"color":"rgb(140,86,75)"},{"description":"Black","count":22380,"tested":264045,"deaths":78,"color":"rgb(255,127,14)"},{"description":"Hispanic","count":43222,"tested":251475,"deaths":116,"color":"rgb(214,39,40)"},{"description":"Left Blank","count":57911,"tested":1493630,"deaths":0,"color":"rgb(44,160,44)"},{"description":"NH/PI*","count":229,"tested":3866,"deaths":0,"color":"rgb(127,127,127)"},{"description":"Other","count":8149,"tested":105734,"deaths":0,"color":"rgb(148,103,189)"},{"description":"White","count":75374,"tested":994109,"deaths":36,"color":"rgb(31,119,180)"}],"age_group":"30-39   ","count":213048,"tested":3236642,"deaths":241},{"race":[{"description":"AI/AN**","count":258,"tested":2877,"deaths":0,"color":"rgb(31,119,180)"},{"description":"Asian","count":5082,"tested":80567,"deaths":24,"color":"rgb(140,86,75)"},{"description":"Black","count":20005,"tested":244946,"deaths":172,"color":"rgb(255,127,14)"},{"description":"Hispanic","count":43708,"tested":216518,"deaths":280,"color":"rgb(214,39,40)"},{"description":"Left Blank","count":53033,"tested":1306839,"deaths":6,"color":"rgb(44,160,44)"},{"description":"NH/PI*","count":209,"tested":3232,"deaths":0,"color":"rgb(127,127,127)"},{"description":"Other","count":7251,"tested":83670,"deaths":0,"color":"rgb(148,103,189)"},{"description":"White","count":72376,"tested":838195,"deaths":130,"color":"rgb(31,119,180)"}],"age_group":"40-49   ","count":201922,"tested":2776844,"deaths":615},{"race":[{"description":"AI/AN**","count":244,"tested":2884,"deaths":0,"color":"rgb(31,119,180)"},{"description":"Asian","count":4365,"tested":67119,"deaths":50,"color":"rgb(140,86,75)"},{"description":"Black","count":18752,"tested":253058,"deaths":395,"color":"rgb(255,127,14)"},{"description":"Hispanic","count":30918,"tested":165372,"deaths":553,"color":"rgb(214,39,40)"},{"description":"Left Blank","count":50532,"tested":1296027,"deaths":12,"color":"rgb(44,160,44)"},{"description":"NH/PI*","count":205,"tested":3147,"deaths":0,"color":"rgb(127,127,127)"},{"description":"Other","count":6450,"tested":76022,"deaths":0,"color":"rgb(148,103,189)"},{"description":"White","count":82277,"tested":993600,"deaths":495,"color":"rgb(31,119,180)"}],"age_group":"50-59   ","count":193743,"tested":2857229,"deaths":1514},{"race":[{"description":"AI/AN**","count":164,"tested":1846,"deaths":9,"color":"rgb(31,119,180)"},{"description":"Asian","count":3130,"tested":42310,"deaths":124,"color":"rgb(140,86,75)"},{"description":"Black","count":13892,"tested":204787,"deaths":906,"color":"rgb(255,127,14)"},{"description":"Hispanic","count":15733,"tested":92595,"deaths":844,"color":"rgb(214,39,40)"},{"description":"Left Blank","count":33841,"tested":998677,"deaths":46,"color":"rgb(44,160,44)"},{"description":"NH/PI*","count":139,"tested":1832,"deaths":0,"color":"rgb(127,127,127)"},{"description":"Other","count":4025,"tested":54514,"deaths":21,"color":"rgb(148,103,189)"},{"description":"White","count":64294,"tested":865661,"deaths":1550,"color":"rgb(31,119,180)"}],"age_group":"60-69   ","count":135218,"tested":2262222,"deaths":3504},{"race":[{"description":"AI/AN**","count":86,"tested":959,"deaths":6,"color":"rgb(31,119,180)"},{"description":"Asian","count":1704,"tested":20130,"deaths":217,"color":"rgb(140,86,75)"},{"description":"Black","count":7326,"tested":101081,"deaths":1030,"color":"rgb(255,127,14)"},{"description":"Hispanic","count":6293,"tested":38386,"deaths":818,"color":"rgb(214,39,40)"},{"description":"Left Blank","count":15507,"tested":543715,"deaths":77,"color":"rgb(44,160,44)"},{"description":"NH/PI*","count":52,"tested":687,"deaths":6,"color":"rgb(127,127,127)"},{"description":"Other","count":1741,"tested":29469,"deaths":29,"color":"rgb(148,103,189)"},{"description":"White","count":37726,"tested":559955,"deaths":3249,"color":"rgb(31,119,180)"}],"age_group":"70-79   ","count":70439,"tested":1294382,"deaths":5432},{"race":[{"description":"AI/AN**","count":43,"tested":443,"deaths":7,"color":"rgb(31,119,180)"},{"description":"Asian","count":1058,"tested":13208,"deaths":354,"color":"rgb(140,86,75)"},{"description":"Black","count":4687,"tested":58677,"deaths":1278,"color":"rgb(255,127,14)"},{"description":"Hispanic","count":3032,"tested":21178,"deaths":818,"color":"rgb(214,39,40)"},{"description":"Left Blank","count":11681,"tested":637340,"deaths":222,"color":"rgb(44,160,44)"},{"description":"NH/PI*","count":37,"tested":381,"deaths":9,"color":"rgb(127,127,127)"},{"description":"Other","count":860,"tested":17314,"deaths":45,"color":"rgb(148,103,189)"},{"description":"White","count":31763,"tested":544988,"deaths":7698,"color":"rgb(31,119,180)"}],"age_group":"80+","count":53165,"tested":1293529,"deaths":10431},{"race":[{"description":"AI/AN**","count":0,"tested":0,"deaths":0,"color":"rgb(31,119,180)"},{"description":"Asian","count":0,"tested":139,"deaths":0,"color":"rgb(140,86,75)"},{"description":"Black","count":6,"tested":809,"deaths":0,"color":"rgb(255,127,14)"},{"description":"Hispanic","count":13,"tested":573,"deaths":0,"color":"rgb(214,39,40)"},{"description":"Left Blank","count":342,"tested":48416,"deaths":0,"color":"rgb(44,160,44)"},{"description":"NH/PI*","count":0,"tested":0,"deaths":0,"color":"rgb(127,127,127)"},{"description":"Other","count":0,"tested":84,"deaths":0,"color":"rgb(148,103,189)"},{"description":"White","count":92,"tested":2591,"deaths":0,"color":"rgb(31,119,180)"}],"age_group":"Unknown","count":465,"tested":52617,"deaths":0}],"race":[{"description":"AI/AN**","count":1688,"tested":19812,"deaths":25,"color":"rgb(31,119,180)"},{"description":"Asian","count":31432,"tested":941283,"deaths":781,"color":"rgb(140,86,75)"},{"description":"Black","count":129005,"tested":1691083,"deaths":3896,"color":"rgb(255,127,14)"},{"description":"Hispanic","count":238954,"tested":1544100,"deaths":3461,"color":"rgb(214,39,40)"},{"description":"Left Blank","count":341741,"tested":8838583,"deaths":364,"color":"rgb(44,160,44)"},{"description":"NH/PI*","count":1261,"tested":23964,"deaths":22,"color":"rgb(127,127,127)"},{"description":"Other","count":45538,"tested":642378,"deaths":102,"color":"rgb(148,103,189)"},{"description":"White","count":531414,"tested":7481880,"deaths":13175,"color":"rgb(31,119,180)"}],"gender":[{"description":"Female","count":677624,"tested":11439537,"deaths":10013,"color":"rgb(255,127,14)"},{"description":"Male","count":620271,"tested":8860257,"deaths":11813,"color":"rgb(31,119,180)"},{"description":"Unknown/Left Blank","count":23138,"tested":883289,"deaths":0,"color":"rgb(44,160,44)"}]}}]}
