{"lastUpdatedDate":{"year":2021,"month":4,"day":25},"county_demographics":[{"County":"St. Clair","confirmed_cases":27390,"total_tested":380893,"demographics":{"age":[{"race":[],"age_group":"<20","count":4425,"tested":39641,"deaths":0},{"race":[],"age_group":"20-29   ","count":4264,"tested":57098,"deaths":0},{"race":[],"age_group":"30-39   ","count":4304,"tested":65899,"deaths":0},{"race":[],"age_group":"40-49   ","count":4155,"tested":59404,"deaths":0},{"race":[],"age_group":"50-59   ","count":4153,"tested":57665,"deaths":0},{"race":[],"age_group":"60-69   ","count":3215,"tested":46886,"deaths":0},{"race":[],"age_group":"70-79   ","count":1560,"tested":26122,"deaths":0},{"race":[],"age_group":"80+","count":1298,"tested":25468,"deaths":0},{"race":[],"age_group":"Unknown","count":16,"tested":2710,"deaths":0}],"race":[{"description":"AI/AN**","count":38,"tested":227,"deaths":0,"color":"rgb(31,119,180)"},{"description":"Asian","count":154,"tested":1059,"deaths":0,"color":"rgb(140,86,75)"},{"description":"Black","count":6390,"tested":47011,"deaths":0,"color":"rgb(255,127,14)"},{"description":"Hispanic","count":856,"tested":3427,"deaths":0,"color":"rgb(214,39,40)"},{"description":"Left Blank","count":9996,"tested":232808,"deaths":0,"color":"rgb(44,160,44)"},{"description":"NH/PI*","count":40,"tested":372,"deaths":0,"color":"rgb(127,127,127)"},{"description":"Other","count":475,"tested":7029,"deaths":0,"color":"rgb(148,103,189)"},{"description":"White","count":9437,"tested":88960,"deaths":0,"color":"rgb(31,119,180)"}],"gender":[{"description":"Female","count":14540,"tested":190748,"deaths":0,"color":"rgb(255,127,14)"},{"description":"Male","count":11720,"tested":152123,"deaths":0,"color":"rgb(31,119,180)"},{"description":"Unknown/Left Blank","count":1130,"tested":38022,"deaths":0,"color":"rgb(44,160,44)"}]}}]}
