{"lastUpdatedDate":{"year":2021,"month":4,"day":25},"county_demographics":[{"County":"Adams","confirmed_cases":8270,"total_tested":148665,"demographics":{"age":[{"race":[],"age_group":"<20","count":1330,"tested":18321,"deaths":0},{"race":[],"age_group":"20-29   ","count":1279,"tested":20692,"deaths":0},{"race":[],"age_group":"30-39   ","count":1147,"tested":20546,"deaths":0},{"race":[],"age_group":"40-49   ","count":1019,"tested":18162,"deaths":0},{"race":[],"age_group":"50-59   ","count":1203,"tested":22825,"deaths":0},{"race":[],"age_group":"60-69   ","count":1051,"tested":16551,"deaths":0},{"race":[],"age_group":"70-79   ","count":691,"tested":13307,"deaths":0},{"race":[],"age_group":"80+","count":547,"tested":18227,"deaths":0},{"race":[],"age_group":"Unknown","count":0,"tested":34,"deaths":0}],"race":[{"description":"AI/AN**","count":0,"tested":62,"deaths":0,"color":"rgb(31,119,180)"},{"description":"Asian","count":0,"tested":275,"deaths":0,"color":"rgb(140,86,75)"},{"description":"Black","count":130,"tested":2726,"deaths":0,"color":"rgb(255,127,14)"},{"description":"Hispanic","count":26,"tested":474,"deaths":0,"color":"rgb(214,39,40)"},{"description":"Left Blank","count":5942,"tested":102312,"deaths":0,"color":"rgb(44,160,44)"},{"description":"NH/PI*","count":0,"tested":61,"deaths":0,"color":"rgb(127,127,127)"},{"description":"Other","count":7,"tested":397,"deaths":0,"color":"rgb(148,103,189)"},{"description":"White","count":2150,"tested":42358,"deaths":0,"color":"rgb(31,119,180)"}],"gender":[{"description":"Female","count":4128,"tested":81457,"deaths":0,"color":"rgb(255,127,14)"},{"description":"Male","count":3440,"tested":53693,"deaths":0,"color":"rgb(31,119,180)"},{"description":"Unknown/Left Blank","count":702,"tested":13515,"deaths":0,"color":"rgb(44,160,44)"}]}}]}
