{"age":[{"age_group":"<20","count":8,"tested":60},{"age_group":"20-29   ","count":9,"tested":52},{"age_group":"30-39   ","count":14,"tested":52},{"age_group":"40-49   ","count":7,"tested":32},{"age_group":"50-59   ","count":14,"tested":84},{"age_group":"60-69   ","count":8,"tested":59}],"race":[{"description":"White","count":45,"tested":253,"color":"rgb(31,119,180)"},{"description":"Left Blank","count":14,"tested":117,"color":"rgb(44,160,44)"}],"gender":[{"description":"Female","count":32,"tested":198,"color":"rgb(255,127,14)"},{"description":"Male","count":28,"tested":175,"color":"rgb(31,119,180)"}]}
