{"age":[{"age_group":"<20","count":1112,"tested":5012},{"age_group":"20-29   ","count":1284,"tested":6796},{"age_group":"30-39   ","count":1068,"tested":5768},{"age_group":"40-49   ","count":1173,"tested":6295},{"age_group":"50-59   ","count":1131,"tested":6359},{"age_group":"60-69   ","count":745,"tested":2779},{"age_group":"70-79   ","count":589,"tested":1273},{"age_group":"80+","count":534,"tested":516}],"race":[{"description":"Other","count":654,"tested":1509,"color":"rgb(148,103,189)"},{"description":"Hispanic","count":1135,"tested":3658,"color":"rgb(214,39,40)"},{"description":"Asian","count":536,"tested":562,"color":"rgb(140,86,75)"},{"description":"White","count":1701,"tested":12267,"color":"rgb(31,119,180)"},{"description":"Left Blank","count":1871,"tested":14468,"color":"rgb(44,160,44)"},{"description":"Black","count":745,"tested":2256,"color":"rgb(255,127,14)"},{"description":"AI/AN**","count":500,"tested":49,"color":"rgb(31,119,180)"}],"gender":[{"description":"Male","count":2194,"tested":14674,"color":"rgb(31,119,180)"},{"description":"Unknown/Left Blank","count":518,"tested":366,"color":"rgb(44,160,44)"},{"description":"Female","count":2459,"tested":19761,"color":"rgb(255,127,14)"}]}
