{"age":[{"age_group":"<20","count":16,"tested":81},{"age_group":"20-29   ","count":15,"tested":117},{"age_group":"30-39   ","count":14,"tested":114},{"age_group":"40-49   ","count":15,"tested":90},{"age_group":"50-59   ","count":18,"tested":103},{"age_group":"60-69   ","count":14,"tested":63}],"race":[{"description":"Left Blank","count":42,"tested":291,"color":"rgb(44,160,44)"},{"description":"White","count":43,"tested":329,"color":"rgb(31,119,180)"}],"gender":[{"description":"Female","count":42,"tested":368,"color":"rgb(255,127,14)"},{"description":"Male","count":45,"tested":265,"color":"rgb(31,119,180)"}]}
