{"age":[{"age_group":"<20","count":196,"tested":1012},{"age_group":"20-29   ","count":271,"tested":1829},{"age_group":"30-39   ","count":235,"tested":1774},{"age_group":"40-49   ","count":231,"tested":1564},{"age_group":"50-59   ","count":204,"tested":1731},{"age_group":"60-69   ","count":161,"tested":1296},{"age_group":"70-79   ","count":95,"tested":559},{"age_group":"80+","count":69,"tested":403}],"race":[{"description":"Black","count":155,"tested":1115,"color":"rgb(255,127,14)"},{"description":"Asian","count":51,"tested":49,"color":"rgb(140,86,75)"},{"description":"Other","count":106,"tested":414,"color":"rgb(148,103,189)"},{"description":"Hispanic","count":219,"tested":811,"color":"rgb(214,39,40)"},{"description":"White","count":368,"tested":2500,"color":"rgb(31,119,180)"},{"description":"Left Blank","count":474,"tested":5268,"color":"rgb(44,160,44)"}],"gender":[{"description":"Female","count":679,"tested":6303,"color":"rgb(255,127,14)"},{"description":"Male","count":521,"tested":3649,"color":"rgb(31,119,180)"}]}
