{"age":[{"age_group":"<20","count":54,"tested":469},{"age_group":"20-29   ","count":94,"tested":607},{"age_group":"30-39   ","count":82,"tested":647},{"age_group":"40-49   ","count":94,"tested":631},{"age_group":"50-59   ","count":86,"tested":695},{"age_group":"60-69   ","count":61,"tested":682},{"age_group":"70-79   ","count":37,"tested":470},{"age_group":"80+","count":24,"tested":147}],"race":[{"description":"Hispanic","count":37,"tested":263,"color":"rgb(214,39,40)"},{"description":"White","count":180,"tested":1687,"color":"rgb(31,119,180)"},{"description":"Other","count":30,"tested":211,"color":"rgb(148,103,189)"},{"description":"Left Blank","count":218,"tested":2103,"color":"rgb(44,160,44)"}],"gender":[{"description":"Female","count":224,"tested":2235,"color":"rgb(255,127,14)"},{"description":"Male","count":215,"tested":2006,"color":"rgb(31,119,180)"}]}
