{"age":[{"age_group":"<20","count":316,"tested":2236},{"age_group":"20-29   ","count":293,"tested":2210},{"age_group":"30-39   ","count":312,"tested":2967},{"age_group":"40-49   ","count":352,"tested":2794},{"age_group":"50-59   ","count":263,"tested":2309},{"age_group":"60-69   ","count":222,"tested":2250},{"age_group":"70-79   ","count":111,"tested":1195},{"age_group":"80+","count":103,"tested":1730}],"race":[{"description":"Black","count":96,"tested":321,"color":"rgb(255,127,14)"},{"description":"Asian","count":82,"tested":175,"color":"rgb(140,86,75)"},{"description":"Hispanic","count":348,"tested":1618,"color":"rgb(214,39,40)"},{"description":"White","count":587,"tested":6150,"color":"rgb(31,119,180)"},{"description":"Other","count":151,"tested":830,"color":"rgb(148,103,189)"},{"description":"Left Blank","count":572,"tested":8579,"color":"rgb(44,160,44)"}],"gender":[{"description":"Female","count":811,"tested":10062,"color":"rgb(255,127,14)"},{"description":"Male","count":752,"tested":7282,"color":"rgb(31,119,180)"},{"description":"Unknown/Left Blank","count":74,"tested":351,"color":"rgb(44,160,44)"}]}
