{"age":[{"age_group":"<20","count":263,"tested":2074},{"age_group":"20-29   ","count":325,"tested":3473},{"age_group":"30-39   ","count":291,"tested":3246},{"age_group":"40-49   ","count":313,"tested":3660},{"age_group":"50-59   ","count":335,"tested":4554},{"age_group":"60-69   ","count":305,"tested":4509},{"age_group":"70-79   ","count":192,"tested":2989},{"age_group":"80+","count":180,"tested":3263}],"race":[{"description":"Left Blank","count":841,"tested":16067,"color":"rgb(44,160,44)"},{"description":"Hispanic","count":140,"tested":562,"color":"rgb(214,39,40)"},{"description":"White","count":161,"tested":1345,"color":"rgb(31,119,180)"},{"description":"Asian","count":45,"tested":81,"color":"rgb(140,86,75)"},{"description":"Black","count":869,"tested":9389,"color":"rgb(255,127,14)"},{"description":"Other","count":69,"tested":301,"color":"rgb(148,103,189)"}],"gender":[{"description":"Female","count":1081,"tested":16882,"color":"rgb(255,127,14)"},{"description":"Male","count":856,"tested":10404,"color":"rgb(31,119,180)"},{"description":"Unknown/Left Blank","count":73,"tested":516,"color":"rgb(44,160,44)"}]}
