{"age":[{"age_group":"<20","count":621,"tested":3438},{"age_group":"20-29   ","count":888,"tested":6866},{"age_group":"30-39   ","count":775,"tested":5930},{"age_group":"40-49   ","count":712,"tested":5012},{"age_group":"50-59   ","count":787,"tested":5979},{"age_group":"60-69   ","count":506,"tested":3968},{"age_group":"70-79   ","count":305,"tested":1918},{"age_group":"80+","count":259,"tested":1563}],"race":[{"description":"Other","count":247,"tested":843,"color":"rgb(148,103,189)"},{"description":"AI/AN**","count":154,"tested":19,"color":"rgb(31,119,180)"},{"description":"NH/PI*","count":156,"tested":65,"color":"rgb(127,127,127)"},{"description":"Black","count":246,"tested":819,"color":"rgb(255,127,14)"},{"description":"Asian","count":377,"tested":1916,"color":"rgb(140,86,75)"},{"description":"Left Blank","count":1732,"tested":22386,"color":"rgb(44,160,44)"},{"description":"White","count":778,"tested":4766,"color":"rgb(31,119,180)"},{"description":"Hispanic","count":1163,"tested":3879,"color":"rgb(214,39,40)"}],"gender":[{"description":"Unknown/Left Blank","count":168,"tested":966,"color":"rgb(44,160,44)"},{"description":"Female","count":2088,"tested":19780,"color":"rgb(255,127,14)"},{"description":"Male","count":1887,"tested":13947,"color":"rgb(31,119,180)"}]}
