{"age":[{"age_group":"<20","count":604,"tested":2862},{"age_group":"20-29   ","count":806,"tested":5169},{"age_group":"30-39   ","count":670,"tested":4372},{"age_group":"40-49   ","count":640,"tested":4224},{"age_group":"50-59   ","count":699,"tested":4411},{"age_group":"60-69   ","count":597,"tested":4331},{"age_group":"70-79   ","count":434,"tested":3119},{"age_group":"80+","count":361,"tested":2726}],"race":[{"description":"Black","count":295,"tested":1297,"color":"rgb(255,127,14)"},{"description":"Asian","count":290,"tested":637,"color":"rgb(140,86,75)"},{"description":"White","count":1421,"tested":11430,"color":"rgb(31,119,180)"},{"description":"Other","count":362,"tested":958,"color":"rgb(148,103,189)"},{"description":"Left Blank","count":1600,"tested":15938,"color":"rgb(44,160,44)"},{"description":"Hispanic","count":376,"tested":885,"color":"rgb(214,39,40)"}],"gender":[{"description":"Male","count":1591,"tested":12221,"color":"rgb(31,119,180)"},{"description":"Female","count":1799,"tested":18456,"color":"rgb(255,127,14)"},{"description":"Unknown/Left Blank","count":263,"tested":550,"color":"rgb(44,160,44)"}]}
