{"age":[{"age_group":"<20","count":296,"tested":2799},{"age_group":"20-29   ","count":413,"tested":5282},{"age_group":"30-39   ","count":427,"tested":5355},{"age_group":"40-49   ","count":406,"tested":5291},{"age_group":"50-59   ","count":398,"tested":5748},{"age_group":"60-69   ","count":339,"tested":5301},{"age_group":"70-79   ","count":240,"tested":2677},{"age_group":"80+","count":154,"tested":2137}],"race":[{"description":"AI/AN**","count":88,"tested":36,"color":"rgb(31,119,180)"},{"description":"NH/PI*","count":96,"tested":95,"color":"rgb(127,127,127)"},{"description":"Asian","count":368,"tested":2510,"color":"rgb(140,86,75)"},{"description":"Hispanic","count":285,"tested":1042,"color":"rgb(214,39,40)"},{"description":"Black","count":184,"tested":1208,"color":"rgb(255,127,14)"},{"description":"Left Blank","count":657,"tested":22510,"color":"rgb(44,160,44)"},{"description":"White","count":553,"tested":5043,"color":"rgb(31,119,180)"},{"description":"Other","count":442,"tested":2156,"color":"rgb(148,103,189)"}],"gender":[{"description":"Female","count":1181,"tested":20127,"color":"rgb(255,127,14)"},{"description":"Male","count":1004,"tested":13739,"color":"rgb(31,119,180)"},{"description":"Unknown/Left Blank","count":88,"tested":734,"color":"rgb(44,160,44)"}]}
