{"age":[{"age_group":"<20","count":247,"tested":876},{"age_group":"20-29   ","count":244,"tested":880},{"age_group":"30-39   ","count":235,"tested":897},{"age_group":"40-49   ","count":246,"tested":875},{"age_group":"50-59   ","count":233,"tested":862},{"age_group":"60-69   ","count":235,"tested":896},{"age_group":"70-79   ","count":227,"tested":545},{"age_group":"80+","count":234,"tested":981}],"race":[{"description":"Left Blank","count":278,"tested":1818,"color":"rgb(44,160,44)"},{"description":"White","count":355,"tested":4812,"color":"rgb(31,119,180)"}],"gender":[{"description":"Male","count":307,"tested":2491,"color":"rgb(31,119,180)"},{"description":"Female","count":332,"tested":3820,"color":"rgb(255,127,14)"}]}
