{"age":[{"age_group":"<20","count":21,"tested":104},{"age_group":"20-29   ","count":25,"tested":85},{"age_group":"30-39   ","count":22,"tested":79},{"age_group":"40-49   ","count":23,"tested":113},{"age_group":"50-59   ","count":29,"tested":139},{"age_group":"60-69   ","count":22,"tested":175},{"age_group":"70-79   ","count":17,"tested":69}],"race":[{"description":"White","count":78,"tested":618,"color":"rgb(31,119,180)"},{"description":"Left Blank","count":32,"tested":133,"color":"rgb(44,160,44)"}],"gender":[{"description":"Female","count":64,"tested":427,"color":"rgb(255,127,14)"},{"description":"Male","count":53,"tested":355,"color":"rgb(31,119,180)"}]}
