{"age":[{"age_group":"<20","count":591,"tested":4119},{"age_group":"20-29   ","count":637,"tested":4061},{"age_group":"30-39   ","count":620,"tested":4375},{"age_group":"40-49   ","count":684,"tested":4474},{"age_group":"50-59   ","count":617,"tested":4089},{"age_group":"60-69   ","count":412,"tested":2503},{"age_group":"70-79   ","count":321,"tested":1613},{"age_group":"80+","count":325,"tested":1108}],"race":[{"description":"Black","count":368,"tested":1358,"color":"rgb(255,127,14)"},{"description":"White","count":1227,"tested":10748,"color":"rgb(31,119,180)"},{"description":"Asian","count":254,"tested":494,"color":"rgb(140,86,75)"},{"description":"Other","count":283,"tested":955,"color":"rgb(148,103,189)"},{"description":"Hispanic","count":659,"tested":2441,"color":"rgb(214,39,40)"},{"description":"Left Blank","count":993,"tested":10313,"color":"rgb(44,160,44)"}],"gender":[{"description":"Female","count":1541,"tested":14941,"color":"rgb(255,127,14)"},{"description":"Male","count":1390,"tested":11155,"color":"rgb(31,119,180)"},{"description":"Unknown/Left Blank","count":221,"tested":247,"color":"rgb(44,160,44)"}]}
