{"age":[{"age_group":"<20","count":51,"tested":177},{"age_group":"20-29   ","count":51,"tested":214},{"age_group":"30-39   ","count":51,"tested":269},{"age_group":"40-49   ","count":44,"tested":205},{"age_group":"50-59   ","count":43,"tested":229},{"age_group":"60-69   ","count":41,"tested":247}],"race":[{"description":"Left Blank","count":66,"tested":539,"color":"rgb(44,160,44)"},{"description":"White","count":83,"tested":813,"color":"rgb(31,119,180)"},{"description":"Hispanic","count":42,"tested":108,"color":"rgb(214,39,40)"}],"gender":[{"description":"Female","count":90,"tested":867,"color":"rgb(255,127,14)"},{"description":"Male","count":75,"tested":614,"color":"rgb(31,119,180)"}]}
