{"age":[{"age_group":"<20","count":1264,"tested":6290},{"age_group":"20-29   ","count":1598,"tested":10420},{"age_group":"30-39   ","count":1524,"tested":10255},{"age_group":"40-49   ","count":1564,"tested":9237},{"age_group":"50-59   ","count":1258,"tested":8119},{"age_group":"60-69   ","count":837,"tested":6107},{"age_group":"70-79   ","count":512,"tested":3426},{"age_group":"80+","count":349,"tested":1767}],"race":[{"description":"Hispanic","count":3373,"tested":14919,"color":"rgb(214,39,40)"},{"description":"Left Blank","count":2127,"tested":20536,"color":"rgb(44,160,44)"},{"description":"Other","count":809,"tested":4574,"color":"rgb(148,103,189)"},{"description":"White","count":1371,"tested":12425,"color":"rgb(31,119,180)"},{"description":"Black","count":516,"tested":2496,"color":"rgb(255,127,14)"},{"description":"Asian","count":274,"tested":631,"color":"rgb(140,86,75)"}],"gender":[{"description":"Female","count":3994,"tested":30794,"color":"rgb(255,127,14)"},{"description":"Male","count":3569,"tested":23647,"color":"rgb(31,119,180)"},{"description":"Unknown/Left Blank","count":260,"tested":1201,"color":"rgb(44,160,44)"}]}
