{"age":[{"age_group":"<20","count":250,"tested":917},{"age_group":"20-29   ","count":291,"tested":3768},{"age_group":"30-39   ","count":119,"tested":963},{"age_group":"40-49   ","count":27,"tested":167},{"age_group":"50-59   ","count":21,"tested":127},{"age_group":"60-69   ","count":17,"tested":110}],"race":[{"description":"Black","count":148,"tested":343,"color":"rgb(255,127,14)"},{"description":"Hispanic","count":94,"tested":204,"color":"rgb(214,39,40)"},{"description":"Asian","count":41,"tested":170,"color":"rgb(140,86,75)"},{"description":"Other","count":33,"tested":64,"color":"rgb(148,103,189)"},{"description":"Left Blank","count":66,"tested":3243,"color":"rgb(44,160,44)"},{"description":"White","count":340,"tested":2044,"color":"rgb(31,119,180)"}],"gender":[{"description":"Male","count":492,"tested":3830,"color":"rgb(31,119,180)"},{"description":"Female","count":218,"tested":2234,"color":"rgb(255,127,14)"}]}
