{"age":[{"age_group":"<20","count":494,"tested":4435},{"age_group":"20-29   ","count":510,"tested":5357},{"age_group":"30-39   ","count":394,"tested":5637},{"age_group":"40-49   ","count":475,"tested":5316},{"age_group":"50-59   ","count":511,"tested":6263},{"age_group":"60-69   ","count":431,"tested":5295},{"age_group":"70-79   ","count":265,"tested":3163},{"age_group":"80+","count":329,"tested":4157}],"race":[{"description":"Other","count":223,"tested":1186,"color":"rgb(148,103,189)"},{"description":"Left Blank","count":1006,"tested":21918,"color":"rgb(44,160,44)"},{"description":"Black","count":125,"tested":172,"color":"rgb(255,127,14)"},{"description":"Asian","count":177,"tested":731,"color":"rgb(140,86,75)"},{"description":"White","count":1426,"tested":14570,"color":"rgb(31,119,180)"},{"description":"Hispanic","count":222,"tested":1009,"color":"rgb(214,39,40)"},{"description":"NH/PI*","count":117,"tested":40,"color":"rgb(127,127,127)"}],"gender":[{"description":"Male","count":1283,"tested":16185,"color":"rgb(31,119,180)"},{"description":"Unknown/Left Blank","count":130,"tested":466,"color":"rgb(44,160,44)"},{"description":"Female","count":1441,"tested":22989,"color":"rgb(255,127,14)"}]}
