{"age":[{"age_group":"<20","count":131,"tested":689},{"age_group":"20-29   ","count":733,"tested":9528},{"age_group":"30-39   ","count":578,"tested":8308},{"age_group":"40-49   ","count":232,"tested":2427},{"age_group":"50-59   ","count":199,"tested":1752},{"age_group":"60-69   ","count":144,"tested":1135},{"age_group":"70-79   ","count":105,"tested":448},{"age_group":"80+","count":97,"tested":181}],"race":[{"description":"Asian","count":143,"tested":1204,"color":"rgb(140,86,75)"},{"description":"Black","count":157,"tested":712,"color":"rgb(255,127,14)"},{"description":"Hispanic","count":158,"tested":540,"color":"rgb(214,39,40)"},{"description":"White","count":816,"tested":8920,"color":"rgb(31,119,180)"},{"description":"Left Blank","count":602,"tested":11964,"color":"rgb(44,160,44)"},{"description":"Other","count":163,"tested":1087,"color":"rgb(148,103,189)"}],"gender":[{"description":"Female","count":783,"tested":12770,"color":"rgb(255,127,14)"},{"description":"Male","count":876,"tested":11299,"color":"rgb(31,119,180)"},{"description":"Unknown/Left Blank","count":120,"tested":403,"color":"rgb(44,160,44)"}]}
