{"age":[{"age_group":"<20","count":147,"tested":1181},{"age_group":"20-29   ","count":111,"tested":1064},{"age_group":"30-39   ","count":110,"tested":941},{"age_group":"40-49   ","count":99,"tested":861},{"age_group":"50-59   ","count":89,"tested":967},{"age_group":"60-69   ","count":92,"tested":792},{"age_group":"70-79   ","count":45,"tested":657},{"age_group":"80+","count":52,"tested":906}],"race":[{"description":"Left Blank","count":63,"tested":1507,"color":"rgb(44,160,44)"},{"description":"Hispanic","count":97,"tested":444,"color":"rgb(214,39,40)"},{"description":"White","count":466,"tested":5209,"color":"rgb(31,119,180)"},{"description":"Other","count":35,"tested":143,"color":"rgb(148,103,189)"}],"gender":[{"description":"Female","count":332,"tested":4168,"color":"rgb(255,127,14)"},{"description":"Male","count":287,"tested":2671,"color":"rgb(31,119,180)"},{"description":"Unknown/Left Blank","count":26,"tested":533,"color":"rgb(44,160,44)"}]}
