{"age":[{"age_group":"<20","count":869,"tested":5221},{"age_group":"20-29   ","count":1012,"tested":8878},{"age_group":"30-39   ","count":935,"tested":8328},{"age_group":"40-49   ","count":917,"tested":7648},{"age_group":"50-59   ","count":850,"tested":8795},{"age_group":"60-69   ","count":562,"tested":6148},{"age_group":"70-79   ","count":413,"tested":4281},{"age_group":"80+","count":349,"tested":3404}],"race":[{"description":"AI/AN**","count":195,"tested":39,"color":"rgb(31,119,180)"},{"description":"NH/PI*","count":194,"tested":41,"color":"rgb(127,127,127)"},{"description":"Asian","count":366,"tested":2199,"color":"rgb(140,86,75)"},{"description":"Other","count":400,"tested":1815,"color":"rgb(148,103,189)"},{"description":"White","count":1008,"tested":9716,"color":"rgb(31,119,180)"},{"description":"Left Blank","count":1525,"tested":27419,"color":"rgb(44,160,44)"},{"description":"Black","count":778,"tested":5767,"color":"rgb(255,127,14)"},{"description":"Hispanic","count":1441,"tested":5727,"color":"rgb(214,39,40)"}],"gender":[{"description":"Male","count":2248,"tested":20615,"color":"rgb(31,119,180)"},{"description":"Unknown/Left Blank","count":207,"tested":687,"color":"rgb(44,160,44)"},{"description":"Female","count":2512,"tested":31421,"color":"rgb(255,127,14)"}]}
