{"age":[{"age_group":"<20","count":428,"tested":3545},{"age_group":"20-29   ","count":444,"tested":4466},{"age_group":"30-39   ","count":460,"tested":4211},{"age_group":"40-49   ","count":507,"tested":4444},{"age_group":"50-59   ","count":480,"tested":4987},{"age_group":"60-69   ","count":451,"tested":4939},{"age_group":"70-79   ","count":303,"tested":2610},{"age_group":"80+","count":309,"tested":2807}],"race":[{"description":"Left Blank","count":652,"tested":9848,"color":"rgb(44,160,44)"},{"description":"Other","count":287,"tested":1474,"color":"rgb(148,103,189)"},{"description":"White","count":1214,"tested":15223,"color":"rgb(31,119,180)"},{"description":"Asian","count":345,"tested":2974,"color":"rgb(140,86,75)"},{"description":"Hispanic","count":369,"tested":1965,"color":"rgb(214,39,40)"},{"description":"Black","count":179,"tested":439,"color":"rgb(255,127,14)"}],"gender":[{"description":"Female","count":1233,"tested":18678,"color":"rgb(255,127,14)"},{"description":"Male","count":1152,"tested":13075,"color":"rgb(31,119,180)"},{"description":"Unknown/Left Blank","count":173,"tested":265,"color":"rgb(44,160,44)"}]}
