{"age":[{"age_group":"<20","count":202,"tested":1461},{"age_group":"20-29   ","count":200,"tested":1221},{"age_group":"30-39   ","count":166,"tested":1131},{"age_group":"40-49   ","count":188,"tested":1058},{"age_group":"50-59   ","count":164,"tested":955},{"age_group":"60-69   ","count":120,"tested":688},{"age_group":"70-79   ","count":77,"tested":312},{"age_group":"80+","count":58,"tested":151}],"race":[{"description":"White","count":584,"tested":4714,"color":"rgb(31,119,180)"},{"description":"Left Blank","count":280,"tested":1777,"color":"rgb(44,160,44)"},{"description":"Other","count":78,"tested":300,"color":"rgb(148,103,189)"},{"description":"Hispanic","count":59,"tested":134,"color":"rgb(214,39,40)"}],"gender":[{"description":"Male","count":450,"tested":2856,"color":"rgb(31,119,180)"},{"description":"Female","count":463,"tested":4054,"color":"rgb(255,127,14)"}]}
