{"lastUpdatedDate":{"year":2021,"month":2,"day":15},"county_demographics":[{"County":"Wayne","confirmed_cases":1649,"total_tested":13570,"demographics":{"age":[{"race":[],"age_group":"50-59   ","count":231,"tested":1811,"deaths":0},{"race":[],"age_group":"80+","count":112,"tested":1132,"deaths":0},{"race":[],"age_group":"<20","count":272,"tested":1917,"deaths":0},{"race":[],"age_group":"60-69   ","count":250,"tested":1528,"deaths":0},{"race":[],"age_group":"Unknown","count":0,"tested":15,"deaths":0},{"race":[],"age_group":"20-29   ","count":213,"tested":2426,"deaths":0},{"race":[],"age_group":"70-79   ","count":161,"tested":933,"deaths":0},{"race":[],"age_group":"40-49   ","count":196,"tested":1637,"deaths":0},{"race":[],"age_group":"30-39   ","count":209,"tested":2171,"deaths":0}],"race":[{"description":"Left Blank","count":209,"tested":4266,"deaths":0,"color":"rgb(44,160,44)"},{"description":"White","count":1417,"tested":9070,"deaths":0,"color":"rgb(31,119,180)"},{"description":"Hispanic","count":17,"tested":149,"deaths":0,"color":"rgb(214,39,40)"},{"description":"NH/PI*","count":0,"tested":0,"deaths":0,"color":"rgb(127,127,127)"},{"description":"Other","count":0,"tested":64,"deaths":0,"color":"rgb(148,103,189)"},{"description":"Asian","count":0,"tested":0,"deaths":0,"color":"rgb(140,86,75)"},{"description":"AI/AN**","count":0,"tested":0,"deaths":0,"color":"rgb(31,119,180)"},{"description":"Black","count":0,"tested":16,"deaths":0,"color":"rgb(255,127,14)"}],"gender":[{"description":"Female","count":856,"tested":8526,"deaths":0,"color":"rgb(255,127,14)"},{"description":"Male","count":771,"tested":4379,"deaths":0,"color":"rgb(31,119,180)"},{"description":"Unknown/Left Blank","count":21,"tested":665,"deaths":0,"color":"rgb(44,160,44)"}]}}]}
