{"lastUpdatedDate":{"year":2021,"month":2,"day":15},"county_demographics":[{"County":"Henry","confirmed_cases":4274,"total_tested":55142,"demographics":{"age":[{"race":[],"age_group":"30-39   ","count":605,"tested":8159,"deaths":0},{"race":[],"age_group":"<20","count":639,"tested":6280,"deaths":0},{"race":[],"age_group":"20-29   ","count":592,"tested":7581,"deaths":0},{"race":[],"age_group":"60-69   ","count":534,"tested":6857,"deaths":0},{"race":[],"age_group":"Unknown","count":0,"tested":160,"deaths":0},{"race":[],"age_group":"40-49   ","count":646,"tested":7978,"deaths":0},{"race":[],"age_group":"50-59   ","count":679,"tested":8964,"deaths":0},{"race":[],"age_group":"70-79   ","count":289,"tested":4082,"deaths":0},{"race":[],"age_group":"80+","count":284,"tested":5081,"deaths":0}],"race":[{"description":"Black","count":59,"tested":557,"deaths":0,"color":"rgb(255,127,14)"},{"description":"Hispanic","count":181,"tested":922,"deaths":0,"color":"rgb(214,39,40)"},{"description":"AI/AN**","count":0,"tested":11,"deaths":0,"color":"rgb(31,119,180)"},{"description":"Left Blank","count":1381,"tested":31256,"deaths":0,"color":"rgb(44,160,44)"},{"description":"NH/PI*","count":0,"tested":14,"deaths":0,"color":"rgb(127,127,127)"},{"description":"Other","count":94,"tested":708,"deaths":0,"color":"rgb(148,103,189)"},{"description":"Asian","count":0,"tested":47,"deaths":0,"color":"rgb(140,86,75)"},{"description":"White","count":2552,"tested":21627,"deaths":0,"color":"rgb(31,119,180)"}],"gender":[{"description":"Female","count":2343,"tested":32870,"deaths":0,"color":"rgb(255,127,14)"},{"description":"Male","count":1890,"tested":18210,"deaths":0,"color":"rgb(31,119,180)"},{"description":"Unknown/Left Blank","count":36,"tested":4062,"deaths":0,"color":"rgb(44,160,44)"}]}}]}
