{"lastUpdatedDate":{"year":2021,"month":2,"day":15},"county_demographics":[{"County":"Chicago","confirmed_cases":240933,"total_tested":3203678,"demographics":{"age":[{"race":[],"age_group":"<20","count":30974,"tested":318839,"deaths":0},{"race":[],"age_group":"Unknown","count":10,"tested":1915,"deaths":0},{"race":[],"age_group":"80+","count":6986,"tested":117589,"deaths":0},{"race":[],"age_group":"20-29   ","count":51750,"tested":742997,"deaths":0},{"race":[],"age_group":"30-39   ","count":46915,"tested":653718,"deaths":0},{"race":[],"age_group":"40-49   ","count":38501,"tested":441169,"deaths":0},{"race":[],"age_group":"50-59   ","count":32817,"tested":413630,"deaths":0},{"race":[],"age_group":"70-79   ","count":11034,"tested":178081,"deaths":0},{"race":[],"age_group":"60-69   ","count":21946,"tested":335740,"deaths":0}],"race":[{"description":"NH/PI*","count":220,"tested":3406,"deaths":0,"color":"rgb(127,127,127)"},{"description":"Other","count":10189,"tested":118981,"deaths":0,"color":"rgb(148,103,189)"},{"description":"Black","count":40497,"tested":471640,"deaths":0,"color":"rgb(255,127,14)"},{"description":"AI/AN**","count":306,"tested":3225,"deaths":0,"color":"rgb(31,119,180)"},{"description":"Asian","count":5856,"tested":99480,"deaths":0,"color":"rgb(140,86,75)"},{"description":"Hispanic","count":82885,"tested":435401,"deaths":0,"color":"rgb(214,39,40)"},{"description":"Left Blank","count":58749,"tested":1409483,"deaths":0,"color":"rgb(44,160,44)"},{"description":"White","count":42231,"tested":662062,"deaths":0,"color":"rgb(31,119,180)"}],"gender":[{"description":"Female","count":122165,"tested":1707413,"deaths":0,"color":"rgb(255,127,14)"},{"description":"Male","count":114709,"tested":1400075,"deaths":0,"color":"rgb(31,119,180)"},{"description":"Unknown/Left Blank","count":4059,"tested":96190,"deaths":0,"color":"rgb(44,160,44)"}]}}]}
