{"lastUpdatedDate":{"year":2021,"month":2,"day":15},"county_demographics":[{"County":"McLean","confirmed_cases":14288,"total_tested":240823,"demographics":{"age":[{"race":[],"age_group":"Unknown","count":0,"tested":26,"deaths":0},{"race":[],"age_group":"20-29   ","count":4020,"tested":63413,"deaths":0},{"race":[],"age_group":"30-39   ","count":1802,"tested":31171,"deaths":0},{"race":[],"age_group":"70-79   ","count":633,"tested":11902,"deaths":0},{"race":[],"age_group":"40-49   ","count":1666,"tested":25646,"deaths":0},{"race":[],"age_group":"<20","count":2851,"tested":48805,"deaths":0},{"race":[],"age_group":"50-59   ","count":1603,"tested":25914,"deaths":0},{"race":[],"age_group":"60-69   ","count":1179,"tested":20423,"deaths":0},{"race":[],"age_group":"80+","count":534,"tested":13523,"deaths":0}],"race":[{"description":"NH/PI*","count":8,"tested":78,"deaths":0,"color":"rgb(127,127,127)"},{"description":"Other","count":196,"tested":2454,"deaths":0,"color":"rgb(148,103,189)"},{"description":"Asian","count":198,"tested":1551,"deaths":0,"color":"rgb(140,86,75)"},{"description":"Black","count":1040,"tested":7814,"deaths":0,"color":"rgb(255,127,14)"},{"description":"AI/AN**","count":0,"tested":132,"deaths":0,"color":"rgb(31,119,180)"},{"description":"White","count":7987,"tested":67672,"deaths":0,"color":"rgb(31,119,180)"},{"description":"Hispanic","count":802,"tested":2627,"deaths":0,"color":"rgb(214,39,40)"},{"description":"Left Blank","count":4048,"tested":158495,"deaths":0,"color":"rgb(44,160,44)"}],"gender":[{"description":"Female","count":7717,"tested":130396,"deaths":0,"color":"rgb(255,127,14)"},{"description":"Male","count":6454,"tested":90818,"deaths":0,"color":"rgb(31,119,180)"},{"description":"Unknown/Left Blank","count":117,"tested":19609,"deaths":0,"color":"rgb(44,160,44)"}]}}]}
