{"lastUpdatedDate":{"year":2021,"month":2,"day":15},"county_demographics":[{"County":"Pope","confirmed_cases":279,"total_tested":2436,"demographics":{"age":[{"race":[],"age_group":"50-59   ","count":38,"tested":402,"deaths":0},{"race":[],"age_group":"80+","count":17,"tested":107,"deaths":0},{"race":[],"age_group":"20-29   ","count":30,"tested":294,"deaths":0},{"race":[],"age_group":"60-69   ","count":62,"tested":438,"deaths":0},{"race":[],"age_group":"40-49   ","count":39,"tested":370,"deaths":0},{"race":[],"age_group":"70-79   ","count":28,"tested":218,"deaths":0},{"race":[],"age_group":"30-39   ","count":24,"tested":309,"deaths":0},{"race":[],"age_group":"<20","count":19,"tested":298,"deaths":0}],"race":[{"description":"Left Blank","count":107,"tested":1244,"deaths":0,"color":"rgb(44,160,44)"},{"description":"White","count":165,"tested":1154,"deaths":0,"color":"rgb(31,119,180)"},{"description":"Hispanic","count":0,"tested":0,"deaths":0,"color":"rgb(214,39,40)"},{"description":"AI/AN**","count":0,"tested":0,"deaths":0,"color":"rgb(31,119,180)"},{"description":"Black","count":0,"tested":18,"deaths":0,"color":"rgb(255,127,14)"},{"description":"NH/PI*","count":0,"tested":0,"deaths":0,"color":"rgb(127,127,127)"},{"description":"Other","count":0,"tested":17,"deaths":0,"color":"rgb(148,103,189)"}],"gender":[{"description":"Female","count":145,"tested":1339,"deaths":0,"color":"rgb(255,127,14)"},{"description":"Male","count":132,"tested":886,"deaths":0,"color":"rgb(31,119,180)"},{"description":"Unknown/Left Blank","count":0,"tested":211,"deaths":0,"color":"rgb(44,160,44)"}]}}]}
