{"age":[{"age_group":"<20","count":545,"tested":9118},{"age_group":"20-29   ","count":436,"tested":7130},{"age_group":"30-39   ","count":451,"tested":7674},{"age_group":"40-49   ","count":542,"tested":8475},{"age_group":"50-59   ","count":556,"tested":9267},{"age_group":"60-69   ","count":290,"tested":7203},{"age_group":"70-79   ","count":168,"tested":4939},{"age_group":"80+","count":163,"tested":4615}],"race":[{"description":"Asian","count":184,"tested":3116,"color":"rgb(140,86,75)"},{"description":"Black","count":43,"tested":649,"color":"rgb(255,127,14)"},{"description":"Hispanic","count":395,"tested":3966,"color":"rgb(214,39,40)"},{"description":"Left Blank","count":757,"tested":25952,"color":"rgb(44,160,44)"},{"description":"NH/PI*","count":8,"tested":90,"color":"rgb(127,127,127)"},{"description":"Other","count":254,"tested":2891,"color":"rgb(148,103,189)"},{"description":"White","count":1506,"tested":21705,"color":"rgb(31,119,180)"}],"gender":[{"description":"Female","count":1576,"tested":30597,"color":"rgb(255,127,14)"},{"description":"Male","count":1545,"tested":26274,"color":"rgb(31,119,180)"},{"description":"Unknown/Left Blank","count":30,"tested":1561,"color":"rgb(44,160,44)"}]}
