{"age":[{"age_group":"<20","count":431,"tested":13512},{"age_group":"20-29   ","count":410,"tested":10319},{"age_group":"30-39   ","count":369,"tested":10676},{"age_group":"40-49   ","count":355,"tested":10097},{"age_group":"50-59   ","count":327,"tested":10286},{"age_group":"60-69   ","count":223,"tested":7920},{"age_group":"70-79   ","count":139,"tested":5516},{"age_group":"80+","count":114,"tested":3949}],"race":[{"description":"Asian","count":61,"tested":2294,"color":"rgb(140,86,75)"},{"description":"Black","count":545,"tested":8885,"color":"rgb(255,127,14)"},{"description":"Hispanic","count":200,"tested":3416,"color":"rgb(214,39,40)"},{"description":"Left Blank","count":483,"tested":27401,"color":"rgb(44,160,44)"},{"description":"Other","count":128,"tested":3040,"color":"rgb(148,103,189)"},{"description":"White","count":946,"tested":27163,"color":"rgb(31,119,180)"}],"gender":[{"description":"Female","count":1252,"tested":40649,"color":"rgb(255,127,14)"},{"description":"Male","count":1082,"tested":30043,"color":"rgb(31,119,180)"},{"description":"Unknown/Left Blank","count":34,"tested":1606,"color":"rgb(44,160,44)"}]}
