{"age":[{"age_group":"<20","count":633,"tested":7619},{"age_group":"20-29   ","count":536,"tested":7174},{"age_group":"30-39   ","count":464,"tested":6550},{"age_group":"40-49   ","count":563,"tested":7373},{"age_group":"50-59   ","count":496,"tested":7403},{"age_group":"60-69   ","count":258,"tested":5483},{"age_group":"70-79   ","count":182,"tested":5274},{"age_group":"80+","count":152,"tested":5156}],"race":[{"description":"Asian","count":103,"tested":1735,"color":"rgb(140,86,75)"},{"description":"Black","count":209,"tested":2990,"color":"rgb(255,127,14)"},{"description":"Hispanic","count":491,"tested":4058,"color":"rgb(214,39,40)"},{"description":"Left Blank","count":858,"tested":19056,"color":"rgb(44,160,44)"},{"description":"Other","count":119,"tested":1761,"color":"rgb(148,103,189)"},{"description":"White","count":1497,"tested":22343,"color":"rgb(31,119,180)"}],"gender":[{"description":"Female","count":1696,"tested":30388,"color":"rgb(255,127,14)"},{"description":"Male","count":1577,"tested":20973,"color":"rgb(31,119,180)"},{"description":"Unknown/Left Blank","count":11,"tested":675,"color":"rgb(44,160,44)"}]}
