{"age":[{"age_group":"<20","count":636,"tested":8532},{"age_group":"20-29   ","count":566,"tested":9358},{"age_group":"30-39   ","count":492,"tested":7838},{"age_group":"40-49   ","count":505,"tested":6939},{"age_group":"50-59   ","count":547,"tested":7299},{"age_group":"60-69   ","count":222,"tested":4316},{"age_group":"70-79   ","count":135,"tested":3672},{"age_group":"80+","count":130,"tested":5347}],"race":[{"description":"Asian","count":142,"tested":2646,"color":"rgb(140,86,75)"},{"description":"Black","count":94,"tested":1018,"color":"rgb(255,127,14)"},{"description":"Hispanic","count":597,"tested":3812,"color":"rgb(214,39,40)"},{"description":"Left Blank","count":950,"tested":28969,"color":"rgb(44,160,44)"},{"description":"Other","count":80,"tested":1026,"color":"rgb(148,103,189)"},{"description":"White","count":1364,"tested":15699,"color":"rgb(31,119,180)"}],"gender":[{"description":"Female","count":1614,"tested":32508,"color":"rgb(255,127,14)"},{"description":"Male","count":1591,"tested":19998,"color":"rgb(31,119,180)"},{"description":"Unknown/Left Blank","count":30,"tested":804,"color":"rgb(44,160,44)"}]}
