{"age":[{"age_group":"<20","count":686,"tested":9589},{"age_group":"20-29   ","count":376,"tested":5922},{"age_group":"30-39   ","count":347,"tested":6042},{"age_group":"40-49   ","count":427,"tested":5621},{"age_group":"50-59   ","count":421,"tested":5961},{"age_group":"60-69   ","count":277,"tested":6029},{"age_group":"70-79   ","count":113,"tested":3895},{"age_group":"80+","count":129,"tested":5663}],"race":[{"description":"Asian","count":62,"tested":1360,"color":"rgb(140,86,75)"},{"description":"Black","count":77,"tested":850,"color":"rgb(255,127,14)"},{"description":"Hispanic","count":181,"tested":1154,"color":"rgb(214,39,40)"},{"description":"Left Blank","count":519,"tested":18493,"color":"rgb(44,160,44)"},{"description":"Other","count":55,"tested":1791,"color":"rgb(148,103,189)"},{"description":"White","count":1880,"tested":25037,"color":"rgb(31,119,180)"}],"gender":[{"description":"Female","count":1398,"tested":27460,"color":"rgb(255,127,14)"},{"description":"Male","count":1337,"tested":20600,"color":"rgb(31,119,180)"}]}
