{"age":[{"age_group":"<20","count":119,"tested":1716},{"age_group":"20-29   ","count":106,"tested":992},{"age_group":"30-39   ","count":109,"tested":1114},{"age_group":"40-49   ","count":105,"tested":1207},{"age_group":"50-59   ","count":95,"tested":1207},{"age_group":"60-69   ","count":78,"tested":1040},{"age_group":"70-79   ","count":64,"tested":877},{"age_group":"80+","count":16,"tested":338}],"race":[{"description":"Black","count":6,"tested":85,"color":"rgb(255,127,14)"},{"description":"Hispanic","count":19,"tested":127,"color":"rgb(214,39,40)"},{"description":"Left Blank","count":241,"tested":3779,"color":"rgb(44,160,44)"},{"description":"Other","count":13,"tested":147,"color":"rgb(148,103,189)"},{"description":"White","count":412,"tested":4336,"color":"rgb(31,119,180)"}],"gender":[{"description":"Female","count":359,"tested":4673,"color":"rgb(255,127,14)"},{"description":"Male","count":333,"tested":3714,"color":"rgb(31,119,180)"}]}
