{"age":[{"age_group":"<20","count":391,"tested":5848},{"age_group":"20-29   ","count":257,"tested":4647},{"age_group":"30-39   ","count":279,"tested":5390},{"age_group":"40-49   ","count":302,"tested":5968},{"age_group":"50-59   ","count":275,"tested":5957},{"age_group":"60-69   ","count":168,"tested":4317},{"age_group":"70-79   ","count":67,"tested":2347},{"age_group":"80+","count":34,"tested":3622}],"race":[{"description":"Asian","count":24,"tested":789,"color":"rgb(140,86,75)"},{"description":"Black","count":64,"tested":2400,"color":"rgb(255,127,14)"},{"description":"Hispanic","count":382,"tested":4834,"color":"rgb(214,39,40)"},{"description":"Left Blank","count":496,"tested":10402,"color":"rgb(44,160,44)"},{"description":"Other","count":99,"tested":1700,"color":"rgb(148,103,189)"},{"description":"White","count":703,"tested":17854,"color":"rgb(31,119,180)"}],"gender":[{"description":"Female","count":913,"tested":22701,"color":"rgb(255,127,14)"},{"description":"Male","count":831,"tested":14687,"color":"rgb(31,119,180)"},{"description":"Unknown/Left Blank","count":29,"tested":717,"color":"rgb(44,160,44)"}]}
