{"age":[{"age_group":"<20","count":449,"tested":15857},{"age_group":"20-29   ","count":2993,"tested":60816},{"age_group":"30-39   ","count":1490,"tested":41661},{"age_group":"40-49   ","count":540,"tested":15759},{"age_group":"50-59   ","count":414,"tested":11280},{"age_group":"60-69   ","count":209,"tested":7388},{"age_group":"70-79   ","count":126,"tested":5525},{"age_group":"80+","count":135,"tested":5016}],"race":[{"description":"AI/AN**","count":15,"tested":171,"color":"rgb(31,119,180)"},{"description":"Asian","count":184,"tested":5545,"color":"rgb(140,86,75)"},{"description":"Black","count":153,"tested":3552,"color":"rgb(255,127,14)"},{"description":"Hispanic","count":407,"tested":5274,"color":"rgb(214,39,40)"},{"description":"Left Blank","count":1932,"tested":72443,"color":"rgb(44,160,44)"},{"description":"Other","count":371,"tested":8678,"color":"rgb(148,103,189)"},{"description":"White","count":3290,"tested":67625,"color":"rgb(31,119,180)"}],"gender":[{"description":"Female","count":2856,"tested":86471,"color":"rgb(255,127,14)"},{"description":"Male","count":3242,"tested":74580,"color":"rgb(31,119,180)"},{"description":"Unknown/Left Blank","count":258,"tested":2308,"color":"rgb(44,160,44)"}]}
