{"age":[{"age_group":"<20","count":644,"tested":7330},{"age_group":"20-29   ","count":685,"tested":10201},{"age_group":"30-39   ","count":605,"tested":9319},{"age_group":"40-49   ","count":658,"tested":9412},{"age_group":"50-59   ","count":549,"tested":9999},{"age_group":"60-69   ","count":405,"tested":8846},{"age_group":"70-79   ","count":229,"tested":6240},{"age_group":"80+","count":243,"tested":8170}],"race":[{"description":"AI/AN**","count":13,"tested":202,"color":"rgb(31,119,180)"},{"description":"Asian","count":256,"tested":4314,"color":"rgb(140,86,75)"},{"description":"Black","count":50,"tested":885,"color":"rgb(255,127,14)"},{"description":"Hispanic","count":1334,"tested":9764,"color":"rgb(214,39,40)"},{"description":"Left Blank","count":1033,"tested":36697,"color":"rgb(44,160,44)"},{"description":"Other","count":211,"tested":2034,"color":"rgb(148,103,189)"},{"description":"White","count":1117,"tested":15798,"color":"rgb(31,119,180)"}],"gender":[{"description":"Female","count":2051,"tested":38091,"color":"rgb(255,127,14)"},{"description":"Male","count":1937,"tested":30302,"color":"rgb(31,119,180)"},{"description":"Unknown/Left Blank","count":31,"tested":1471,"color":"rgb(44,160,44)"}]}
