{"age":[{"age_group":"<20","count":51,"tested":592},{"age_group":"20-29   ","count":51,"tested":492},{"age_group":"30-39   ","count":32,"tested":477},{"age_group":"40-49   ","count":57,"tested":441},{"age_group":"50-59   ","count":38,"tested":330},{"age_group":"60-69   ","count":21,"tested":194},{"age_group":"70-79   ","count":8,"tested":166}],"race":[{"description":"Hispanic","count":100,"tested":519,"color":"rgb(214,39,40)"},{"description":"Left Blank","count":22,"tested":870,"color":"rgb(44,160,44)"},{"description":"White","count":137,"tested":1350,"color":"rgb(31,119,180)"}],"gender":[{"description":"Female","count":141,"tested":1720,"color":"rgb(255,127,14)"},{"description":"Male","count":121,"tested":1073,"color":"rgb(31,119,180)"}]}
