{"age":[{"age_group":"<20","count":19,"tested":355},{"age_group":"20-29   ","count":17,"tested":332},{"age_group":"30-39   ","count":23,"tested":268},{"age_group":"40-49   ","count":16,"tested":247},{"age_group":"50-59   ","count":14,"tested":184},{"age_group":"60-69   ","count":12,"tested":157},{"age_group":"70-79   ","count":8,"tested":102}],"race":[{"description":"Black","count":17,"tested":244,"color":"rgb(255,127,14)"},{"description":"Left Blank","count":41,"tested":666,"color":"rgb(44,160,44)"},{"description":"White","count":45,"tested":663,"color":"rgb(31,119,180)"}],"gender":[{"description":"Female","count":74,"tested":1001,"color":"rgb(255,127,14)"},{"description":"Male","count":39,"tested":681,"color":"rgb(31,119,180)"}]}
