{"age":[{"age_group":"<20","count":951,"tested":19149},{"age_group":"20-29   ","count":967,"tested":12873},{"age_group":"30-39   ","count":922,"tested":13277},{"age_group":"40-49   ","count":955,"tested":12035},{"age_group":"50-59   ","count":859,"tested":12586},{"age_group":"60-69   ","count":588,"tested":10129},{"age_group":"70-79   ","count":284,"tested":5556},{"age_group":"80+","count":171,"tested":3821}],"race":[{"description":"AI/AN**","count":15,"tested":253,"color":"rgb(31,119,180)"},{"description":"Asian","count":432,"tested":8224,"color":"rgb(140,86,75)"},{"description":"Black","count":126,"tested":1835,"color":"rgb(255,127,14)"},{"description":"Hispanic","count":993,"tested":7015,"color":"rgb(214,39,40)"},{"description":"Left Blank","count":1115,"tested":29724,"color":"rgb(44,160,44)"},{"description":"NH/PI*","count":11,"tested":138,"color":"rgb(127,127,127)"},{"description":"Other","count":345,"tested":3508,"color":"rgb(148,103,189)"},{"description":"White","count":2662,"tested":38744,"color":"rgb(31,119,180)"}],"gender":[{"description":"Female","count":2875,"tested":48999,"color":"rgb(255,127,14)"},{"description":"Male","count":2796,"tested":39664,"color":"rgb(31,119,180)"},{"description":"Unknown/Left Blank","count":28,"tested":778,"color":"rgb(44,160,44)"}]}
