{"age":[{"age_group":"<20","count":1795,"tested":15244},{"age_group":"20-29   ","count":1955,"tested":18489},{"age_group":"30-39   ","count":1655,"tested":13765},{"age_group":"40-49   ","count":1761,"tested":12764},{"age_group":"50-59   ","count":1295,"tested":11896},{"age_group":"60-69   ","count":691,"tested":9827},{"age_group":"70-79   ","count":331,"tested":7856},{"age_group":"80+","count":166,"tested":5231}],"race":[{"description":"AI/AN**","count":8,"tested":158,"color":"rgb(31,119,180)"},{"description":"Asian","count":46,"tested":758,"color":"rgb(140,86,75)"},{"description":"Black","count":399,"tested":4642,"color":"rgb(255,127,14)"},{"description":"Hispanic","count":6118,"tested":33495,"color":"rgb(214,39,40)"},{"description":"Left Blank","count":1979,"tested":41741,"color":"rgb(44,160,44)"},{"description":"Other","count":282,"tested":3695,"color":"rgb(148,103,189)"},{"description":"White","count":812,"tested":10555,"color":"rgb(31,119,180)"}],"gender":[{"description":"Female","count":4948,"tested":53750,"color":"rgb(255,127,14)"},{"description":"Male","count":4677,"tested":40558,"color":"rgb(31,119,180)"},{"description":"Unknown/Left Blank","count":25,"tested":772,"color":"rgb(44,160,44)"}]}
