{"age":[{"age_group":"<20","count":555,"tested":7764},{"age_group":"20-29   ","count":626,"tested":8425},{"age_group":"30-39   ","count":520,"tested":7093},{"age_group":"40-49   ","count":482,"tested":5893},{"age_group":"50-59   ","count":458,"tested":6952},{"age_group":"60-69   ","count":308,"tested":5126},{"age_group":"70-79   ","count":163,"tested":2365},{"age_group":"80+","count":99,"tested":2221}],"race":[{"description":"AI/AN**","count":8,"tested":146,"color":"rgb(31,119,180)"},{"description":"Asian","count":64,"tested":975,"color":"rgb(140,86,75)"},{"description":"Black","count":209,"tested":2016,"color":"rgb(255,127,14)"},{"description":"Hispanic","count":279,"tested":2148,"color":"rgb(214,39,40)"},{"description":"Left Blank","count":296,"tested":18072,"color":"rgb(44,160,44)"},{"description":"Other","count":33,"tested":739,"color":"rgb(148,103,189)"},{"description":"White","count":2321,"tested":21529,"color":"rgb(31,119,180)"}],"gender":[{"description":"Female","count":1744,"tested":27990,"color":"rgb(255,127,14)"},{"description":"Male","count":1460,"tested":17244,"color":"rgb(31,119,180)"},{"description":"Unknown/Left Blank","count":7,"tested":608,"color":"rgb(44,160,44)"}]}
