{"age":[{"age_group":"<20","count":496,"tested":4512},{"age_group":"20-29   ","count":557,"tested":4944},{"age_group":"30-39   ","count":518,"tested":4981},{"age_group":"40-49   ","count":525,"tested":4176},{"age_group":"50-59   ","count":446,"tested":4096},{"age_group":"60-69   ","count":238,"tested":2964},{"age_group":"70-79   ","count":119,"tested":1315},{"age_group":"80+","count":70,"tested":641}],"race":[{"description":"AI/AN**","count":57,"tested":212,"color":"rgb(31,119,180)"},{"description":"Black","count":371,"tested":4804,"color":"rgb(255,127,14)"},{"description":"Hispanic","count":1237,"tested":6731,"color":"rgb(214,39,40)"},{"description":"Left Blank","count":746,"tested":9169,"color":"rgb(44,160,44)"},{"description":"Other","count":163,"tested":2056,"color":"rgb(148,103,189)"},{"description":"White","count":389,"tested":4570,"color":"rgb(31,119,180)"}],"gender":[{"description":"Female","count":1529,"tested":15450,"color":"rgb(255,127,14)"},{"description":"Male","count":1424,"tested":11929,"color":"rgb(31,119,180)"},{"description":"Unknown/Left Blank","count":16,"tested":258,"color":"rgb(44,160,44)"}]}
