{"age":[{"age_group":"<20","count":244,"tested":3267},{"age_group":"20-29   ","count":329,"tested":3888},{"age_group":"30-39   ","count":241,"tested":3521},{"age_group":"40-49   ","count":230,"tested":2645},{"age_group":"50-59   ","count":293,"tested":3666},{"age_group":"60-69   ","count":180,"tested":2873},{"age_group":"70-79   ","count":87,"tested":1548},{"age_group":"80+","count":41,"tested":812}],"race":[{"description":"Asian","count":41,"tested":717,"color":"rgb(140,86,75)"},{"description":"Black","count":63,"tested":607,"color":"rgb(255,127,14)"},{"description":"Hispanic","count":245,"tested":1808,"color":"rgb(214,39,40)"},{"description":"Left Blank","count":448,"tested":8389,"color":"rgb(44,160,44)"},{"description":"Other","count":34,"tested":443,"color":"rgb(148,103,189)"},{"description":"White","count":812,"tested":10233,"color":"rgb(31,119,180)"}],"gender":[{"description":"Female","count":850,"tested":12426,"color":"rgb(255,127,14)"},{"description":"Male","count":794,"tested":9616,"color":"rgb(31,119,180)"}]}
