{"age":[{"age_group":"<20","count":472,"tested":7143},{"age_group":"20-29   ","count":458,"tested":6505},{"age_group":"30-39   ","count":369,"tested":5868},{"age_group":"40-49   ","count":420,"tested":6180},{"age_group":"50-59   ","count":517,"tested":7833},{"age_group":"60-69   ","count":328,"tested":6602},{"age_group":"70-79   ","count":164,"tested":4126},{"age_group":"80+","count":149,"tested":7136}],"race":[{"description":"Asian","count":28,"tested":586,"color":"rgb(140,86,75)"},{"description":"Black","count":22,"tested":445,"color":"rgb(255,127,14)"},{"description":"Hispanic","count":118,"tested":1165,"color":"rgb(214,39,40)"},{"description":"Left Blank","count":871,"tested":27045,"color":"rgb(44,160,44)"},{"description":"Other","count":96,"tested":1198,"color":"rgb(148,103,189)"},{"description":"White","count":1735,"tested":20925,"color":"rgb(31,119,180)"}],"gender":[{"description":"Female","count":1497,"tested":30425,"color":"rgb(255,127,14)"},{"description":"Male","count":1342,"tested":19570,"color":"rgb(31,119,180)"},{"description":"Unknown/Left Blank","count":38,"tested":1411,"color":"rgb(44,160,44)"}]}
