{"age":[{"age_group":"20-29   ","count":10,"tested":139},{"age_group":"30-39   ","count":10,"tested":259},{"age_group":"40-49   ","count":10,"tested":234},{"age_group":"50-59   ","count":7,"tested":236},{"age_group":"60-69   ","count":7,"tested":138}],"race":[{"description":"Left Blank","count":13,"tested":316,"color":"rgb(44,160,44)"},{"description":"White","count":33,"tested":826,"color":"rgb(31,119,180)"}],"gender":[{"description":"Female","count":28,"tested":872,"color":"rgb(255,127,14)"},{"description":"Male","count":22,"tested":446,"color":"rgb(31,119,180)"}]}
