{"age":[{"age_group":"<20","count":438,"tested":4074},{"age_group":"20-29   ","count":489,"tested":5145},{"age_group":"30-39   ","count":473,"tested":5607},{"age_group":"40-49   ","count":426,"tested":5474},{"age_group":"50-59   ","count":450,"tested":5788},{"age_group":"60-69   ","count":302,"tested":4467},{"age_group":"70-79   ","count":155,"tested":2378},{"age_group":"80+","count":65,"tested":1070}],"race":[{"description":"Asian","count":9,"tested":389,"color":"rgb(140,86,75)"},{"description":"Black","count":1314,"tested":15292,"color":"rgb(255,127,14)"},{"description":"Hispanic","count":545,"tested":3166,"color":"rgb(214,39,40)"},{"description":"Left Blank","count":670,"tested":12209,"color":"rgb(44,160,44)"},{"description":"Other","count":88,"tested":929,"color":"rgb(148,103,189)"},{"description":"White","count":167,"tested":1913,"color":"rgb(31,119,180)"}],"gender":[{"description":"Female","count":1518,"tested":20215,"color":"rgb(255,127,14)"},{"description":"Male","count":1268,"tested":13204,"color":"rgb(31,119,180)"},{"description":"Unknown/Left Blank","count":12,"tested":594,"color":"rgb(44,160,44)"}]}
