{"age":[{"age_group":"<20","count":169,"tested":1822},{"age_group":"20-29   ","count":150,"tested":3479},{"age_group":"30-39   ","count":121,"tested":2653},{"age_group":"40-49   ","count":144,"tested":2699},{"age_group":"50-59   ","count":167,"tested":3455},{"age_group":"60-69   ","count":111,"tested":2972},{"age_group":"70-79   ","count":75,"tested":2292},{"age_group":"80+","count":70,"tested":3387}],"race":[{"description":"Black","count":23,"tested":578,"color":"rgb(255,127,14)"},{"description":"Hispanic","count":82,"tested":554,"color":"rgb(214,39,40)"},{"description":"Left Blank","count":264,"tested":15085,"color":"rgb(44,160,44)"},{"description":"Other","count":11,"tested":246,"color":"rgb(148,103,189)"},{"description":"White","count":626,"tested":6204,"color":"rgb(31,119,180)"}],"gender":[{"description":"Female","count":564,"tested":15590,"color":"rgb(255,127,14)"},{"description":"Male","count":441,"tested":6714,"color":"rgb(31,119,180)"}]}
