{"age":[{"age_group":"<20","count":140,"tested":1379},{"age_group":"20-29   ","count":170,"tested":1889},{"age_group":"30-39   ","count":168,"tested":2300},{"age_group":"40-49   ","count":175,"tested":2239},{"age_group":"50-59   ","count":179,"tested":2264},{"age_group":"60-69   ","count":117,"tested":1953},{"age_group":"70-79   ","count":61,"tested":1081},{"age_group":"80+","count":24,"tested":370}],"race":[{"description":"Asian","count":14,"tested":128,"color":"rgb(140,86,75)"},{"description":"Black","count":563,"tested":6258,"color":"rgb(255,127,14)"},{"description":"Hispanic","count":163,"tested":1009,"color":"rgb(214,39,40)"},{"description":"Left Blank","count":190,"tested":4708,"color":"rgb(44,160,44)"},{"description":"Other","count":37,"tested":384,"color":"rgb(148,103,189)"},{"description":"White","count":64,"tested":981,"color":"rgb(31,119,180)"}],"gender":[{"description":"Female","count":554,"tested":7581,"color":"rgb(255,127,14)"},{"description":"Male","count":471,"tested":5480,"color":"rgb(31,119,180)"},{"description":"Unknown/Left Blank","count":10,"tested":417,"color":"rgb(44,160,44)"}]}
