{"age":[{"age_group":"<20","count":48,"tested":575},{"age_group":"20-29   ","count":36,"tested":498},{"age_group":"30-39   ","count":33,"tested":525},{"age_group":"40-49   ","count":52,"tested":489},{"age_group":"50-59   ","count":35,"tested":465},{"age_group":"60-69   ","count":40,"tested":560},{"age_group":"70-79   ","count":28,"tested":284},{"age_group":"80+","count":6,"tested":170}],"race":[{"description":"Asian","count":6,"tested":76,"color":"rgb(140,86,75)"},{"description":"Hispanic","count":25,"tested":104,"color":"rgb(214,39,40)"},{"description":"Left Blank","count":55,"tested":1780,"color":"rgb(44,160,44)"},{"description":"Other","count":15,"tested":88,"color":"rgb(148,103,189)"},{"description":"White","count":173,"tested":1484,"color":"rgb(31,119,180)"}],"gender":[{"description":"Female","count":139,"tested":1877,"color":"rgb(255,127,14)"},{"description":"Male","count":138,"tested":1572,"color":"rgb(31,119,180)"}]}
