{"age":[{"age_group":"<20","count":89,"tested":902},{"age_group":"20-29   ","count":81,"tested":855},{"age_group":"30-39   ","count":78,"tested":685},{"age_group":"40-49   ","count":87,"tested":755},{"age_group":"50-59   ","count":70,"tested":888},{"age_group":"60-69   ","count":60,"tested":636},{"age_group":"70-79   ","count":27,"tested":380},{"age_group":"80+","count":11,"tested":208}],"race":[{"description":"Hispanic","count":22,"tested":155,"color":"rgb(214,39,40)"},{"description":"Left Blank","count":83,"tested":1328,"color":"rgb(44,160,44)"},{"description":"Other","count":13,"tested":179,"color":"rgb(148,103,189)"},{"description":"White","count":382,"tested":3600,"color":"rgb(31,119,180)"}],"gender":[{"description":"Female","count":261,"tested":2901,"color":"rgb(255,127,14)"},{"description":"Male","count":242,"tested":2317,"color":"rgb(31,119,180)"}]}
