{"age":[{"age_group":"<20","count":1054,"tested":13717},{"age_group":"20-29   ","count":1098,"tested":12840},{"age_group":"30-39   ","count":873,"tested":10412},{"age_group":"40-49   ","count":965,"tested":11194},{"age_group":"50-59   ","count":857,"tested":10775},{"age_group":"60-69   ","count":403,"tested":5898},{"age_group":"70-79   ","count":205,"tested":3483},{"age_group":"80+","count":110,"tested":2134}],"race":[{"description":"AI/AN**","count":8,"tested":150,"color":"rgb(31,119,180)"},{"description":"Asian","count":216,"tested":2933,"color":"rgb(140,86,75)"},{"description":"Black","count":551,"tested":6888,"color":"rgb(255,127,14)"},{"description":"Hispanic","count":1622,"tested":12279,"color":"rgb(214,39,40)"},{"description":"Left Blank","count":1481,"tested":26464,"color":"rgb(44,160,44)"},{"description":"NH/PI*","count":6,"tested":101,"color":"rgb(127,127,127)"},{"description":"Other","count":229,"tested":2874,"color":"rgb(148,103,189)"},{"description":"White","count":1453,"tested":18777,"color":"rgb(31,119,180)"}],"gender":[{"description":"Female","count":2933,"tested":39025,"color":"rgb(255,127,14)"},{"description":"Male","count":2604,"tested":30234,"color":"rgb(31,119,180)"},{"description":"Unknown/Left Blank","count":29,"tested":1207,"color":"rgb(44,160,44)"}]}
