{"age":[{"age_group":"<20","count":161,"tested":1500},{"age_group":"20-29   ","count":159,"tested":1777},{"age_group":"30-39   ","count":124,"tested":1617},{"age_group":"40-49   ","count":138,"tested":1702},{"age_group":"50-59   ","count":147,"tested":2086},{"age_group":"60-69   ","count":84,"tested":1658},{"age_group":"70-79   ","count":38,"tested":534},{"age_group":"80+","count":10,"tested":212}],"race":[{"description":"Asian","count":10,"tested":139,"color":"rgb(140,86,75)"},{"description":"Hispanic","count":154,"tested":847,"color":"rgb(214,39,40)"},{"description":"Left Blank","count":275,"tested":4767,"color":"rgb(44,160,44)"},{"description":"Other","count":16,"tested":242,"color":"rgb(148,103,189)"},{"description":"White","count":401,"tested":4957,"color":"rgb(31,119,180)"}],"gender":[{"description":"Female","count":445,"tested":6058,"color":"rgb(255,127,14)"},{"description":"Male","count":413,"tested":4861,"color":"rgb(31,119,180)"}]}
