{"age":[{"age_group":"<20","count":266,"tested":3217},{"age_group":"20-29   ","count":224,"tested":2403},{"age_group":"30-39   ","count":217,"tested":2190},{"age_group":"40-49   ","count":231,"tested":2215},{"age_group":"50-59   ","count":180,"tested":1988},{"age_group":"60-69   ","count":120,"tested":1403},{"age_group":"70-79   ","count":47,"tested":702},{"age_group":"80+","count":20,"tested":349}],"race":[{"description":"Black","count":6,"tested":113,"color":"rgb(255,127,14)"},{"description":"Hispanic","count":38,"tested":343,"color":"rgb(214,39,40)"},{"description":"Left Blank","count":264,"tested":2968,"color":"rgb(44,160,44)"},{"description":"Other","count":76,"tested":653,"color":"rgb(148,103,189)"},{"description":"White","count":921,"tested":10364,"color":"rgb(31,119,180)"}],"gender":[{"description":"Female","count":651,"tested":8205,"color":"rgb(255,127,14)"},{"description":"Male","count":652,"tested":6079,"color":"rgb(31,119,180)"}]}
