{"age":[{"age_group":"<20","count":978,"tested":10946},{"age_group":"20-29   ","count":1202,"tested":16032},{"age_group":"30-39   ","count":1075,"tested":12614},{"age_group":"40-49   ","count":1029,"tested":12063},{"age_group":"50-59   ","count":886,"tested":12961},{"age_group":"60-69   ","count":634,"tested":11488},{"age_group":"70-79   ","count":311,"tested":6652},{"age_group":"80+","count":234,"tested":5018}],"race":[{"description":"AI/AN**","count":7,"tested":85,"color":"rgb(31,119,180)"},{"description":"Asian","count":155,"tested":2951,"color":"rgb(140,86,75)"},{"description":"Black","count":393,"tested":5611,"color":"rgb(255,127,14)"},{"description":"Hispanic","count":2464,"tested":15509,"color":"rgb(214,39,40)"},{"description":"Left Blank","count":1726,"tested":38855,"color":"rgb(44,160,44)"},{"description":"Other","count":139,"tested":2761,"color":"rgb(148,103,189)"},{"description":"White","count":1464,"tested":21951,"color":"rgb(31,119,180)"}],"gender":[{"description":"Female","count":3369,"tested":50799,"color":"rgb(255,127,14)"},{"description":"Male","count":2921,"tested":35960,"color":"rgb(31,119,180)"},{"description":"Unknown/Left Blank","count":60,"tested":1049,"color":"rgb(44,160,44)"}]}
