{"age":[{"age_group":"<20","count":771,"tested":12517},{"age_group":"20-29   ","count":909,"tested":20762},{"age_group":"30-39   ","count":962,"tested":25144},{"age_group":"40-49   ","count":805,"tested":22020},{"age_group":"50-59   ","count":701,"tested":23963},{"age_group":"60-69   ","count":524,"tested":20748},{"age_group":"70-79   ","count":262,"tested":8324},{"age_group":"80+","count":203,"tested":4592}],"race":[{"description":"Asian","count":12,"tested":175,"color":"rgb(140,86,75)"},{"description":"Black","count":3299,"tested":38140,"color":"rgb(255,127,14)"},{"description":"Hispanic","count":565,"tested":4070,"color":"rgb(214,39,40)"},{"description":"Left Blank","count":984,"tested":81882,"color":"rgb(44,160,44)"},{"description":"Other","count":133,"tested":10268,"color":"rgb(148,103,189)"},{"description":"White","count":140,"tested":3482,"color":"rgb(31,119,180)"}],"gender":[{"description":"Female","count":2829,"tested":70150,"color":"rgb(255,127,14)"},{"description":"Male","count":2246,"tested":65487,"color":"rgb(31,119,180)"},{"description":"Unknown/Left Blank","count":63,"tested":2490,"color":"rgb(44,160,44)"}]}
