{"lastUpdatedDate":{"year":2021,"month":7,"day":14},"county_demographics":[{"County":"Shelby","confirmed_cases":2332,"total_tested":30557,"demographics":{"age":[{"race":[],"age_group":"<20","count":331,"tested":4077,"deaths":0},{"race":[],"age_group":"20-29   ","count":331,"tested":4267,"deaths":0},{"race":[],"age_group":"30-39   ","count":299,"tested":4141,"deaths":0},{"race":[],"age_group":"40-49   ","count":299,"tested":3980,"deaths":0},{"race":[],"age_group":"50-59   ","count":366,"tested":4755,"deaths":0},{"race":[],"age_group":"60-69   ","count":337,"tested":3500,"deaths":0},{"race":[],"age_group":"70-79   ","count":232,"tested":2735,"deaths":0},{"race":[],"age_group":"80+","count":137,"tested":3096,"deaths":0},{"race":[],"age_group":"Unknown","count":0,"tested":6,"deaths":0}],"race":[{"description":"AI/AN**","count":0,"tested":10,"deaths":0,"color":"rgb(31,119,180)"},{"description":"Asian","count":0,"tested":66,"deaths":0,"color":"rgb(140,86,75)"},{"description":"Black","count":8,"tested":96,"deaths":0,"color":"rgb(255,127,14)"},{"description":"Hispanic","count":15,"tested":117,"deaths":0,"color":"rgb(214,39,40)"},{"description":"Left Blank","count":225,"tested":11645,"deaths":0,"color":"rgb(44,160,44)"},{"description":"NH/PI*","count":0,"tested":6,"deaths":0,"color":"rgb(127,127,127)"},{"description":"Other","count":11,"tested":550,"deaths":0,"color":"rgb(148,103,189)"},{"description":"White","count":2064,"tested":18067,"deaths":0,"color":"rgb(31,119,180)"}],"gender":[{"description":"Female","count":1296,"tested":18780,"deaths":0,"color":"rgb(255,127,14)"},{"description":"Male","count":991,"tested":10686,"deaths":0,"color":"rgb(31,119,180)"},{"description":"Unknown/Left Blank","count":40,"tested":1091,"deaths":0,"color":"rgb(44,160,44)"}]}}]}
