{"lastUpdatedDate":{"year":2021,"month":7,"day":14},"county_demographics":[{"County":"Carroll","confirmed_cases":1788,"total_tested":23077,"demographics":{"age":[{"race":[],"age_group":"<20","count":235,"tested":2260,"deaths":0},{"race":[],"age_group":"20-29   ","count":213,"tested":2796,"deaths":0},{"race":[],"age_group":"30-39   ","count":354,"tested":4060,"deaths":0},{"race":[],"age_group":"40-49   ","count":271,"tested":3388,"deaths":0},{"race":[],"age_group":"50-59   ","count":259,"tested":3284,"deaths":0},{"race":[],"age_group":"60-69   ","count":203,"tested":2757,"deaths":0},{"race":[],"age_group":"70-79   ","count":133,"tested":1725,"deaths":0},{"race":[],"age_group":"80+","count":111,"tested":2805,"deaths":0},{"race":[],"age_group":"Unknown","count":0,"tested":0,"deaths":0}],"race":[{"description":"AI/AN**","count":7,"tested":10,"deaths":0,"color":"rgb(31,119,180)"},{"description":"Asian","count":0,"tested":114,"deaths":0,"color":"rgb(140,86,75)"},{"description":"Black","count":89,"tested":113,"deaths":0,"color":"rgb(255,127,14)"},{"description":"Hispanic","count":32,"tested":118,"deaths":0,"color":"rgb(214,39,40)"},{"description":"Left Blank","count":648,"tested":13350,"deaths":0,"color":"rgb(44,160,44)"},{"description":"NH/PI*","count":0,"tested":0,"deaths":0,"color":"rgb(127,127,127)"},{"description":"Other","count":17,"tested":190,"deaths":0,"color":"rgb(148,103,189)"},{"description":"White","count":986,"tested":9180,"deaths":0,"color":"rgb(31,119,180)"}],"gender":[{"description":"Female","count":819,"tested":12071,"deaths":0,"color":"rgb(255,127,14)"},{"description":"Male","count":962,"tested":10425,"deaths":0,"color":"rgb(31,119,180)"},{"description":"Unknown/Left Blank","count":6,"tested":581,"deaths":0,"color":"rgb(44,160,44)"}]}}]}
