{"lastUpdatedDate":{"year":2021,"month":7,"day":14},"county_demographics":[{"County":"Jo Daviess","confirmed_cases":1830,"total_tested":23063,"demographics":{"age":[{"race":[],"age_group":"<20","count":309,"tested":3101,"deaths":0},{"race":[],"age_group":"20-29   ","count":245,"tested":2789,"deaths":0},{"race":[],"age_group":"30-39   ","count":209,"tested":2650,"deaths":0},{"race":[],"age_group":"40-49   ","count":234,"tested":2477,"deaths":0},{"race":[],"age_group":"50-59   ","count":304,"tested":3453,"deaths":0},{"race":[],"age_group":"60-69   ","count":256,"tested":3709,"deaths":0},{"race":[],"age_group":"70-79   ","count":157,"tested":2208,"deaths":0},{"race":[],"age_group":"80+","count":113,"tested":2671,"deaths":0},{"race":[],"age_group":"Unknown","count":0,"tested":0,"deaths":0}],"race":[{"description":"AI/AN**","count":0,"tested":15,"deaths":0,"color":"rgb(31,119,180)"},{"description":"Asian","count":0,"tested":43,"deaths":0,"color":"rgb(140,86,75)"},{"description":"Black","count":0,"tested":149,"deaths":0,"color":"rgb(255,127,14)"},{"description":"Hispanic","count":47,"tested":314,"deaths":0,"color":"rgb(214,39,40)"},{"description":"Left Blank","count":553,"tested":9517,"deaths":0,"color":"rgb(44,160,44)"},{"description":"NH/PI*","count":0,"tested":0,"deaths":0,"color":"rgb(127,127,127)"},{"description":"Other","count":12,"tested":199,"deaths":0,"color":"rgb(148,103,189)"},{"description":"White","count":1204,"tested":12823,"deaths":0,"color":"rgb(31,119,180)"}],"gender":[{"description":"Female","count":942,"tested":14540,"deaths":0,"color":"rgb(255,127,14)"},{"description":"Male","count":847,"tested":7995,"deaths":0,"color":"rgb(31,119,180)"},{"description":"Unknown/Left Blank","count":41,"tested":528,"deaths":0,"color":"rgb(44,160,44)"}]}}]}
