{"lastUpdatedDate":{"year":2021,"month":7,"day":14},"county_demographics":[{"County":"Rock Island","confirmed_cases":15279,"total_tested":231193,"demographics":{"age":[{"race":[],"age_group":"<20","count":2200,"tested":28481,"deaths":0},{"race":[],"age_group":"20-29   ","count":2577,"tested":33567,"deaths":0},{"race":[],"age_group":"30-39   ","count":2422,"tested":35841,"deaths":0},{"race":[],"age_group":"40-49   ","count":2257,"tested":33667,"deaths":0},{"race":[],"age_group":"50-59   ","count":2147,"tested":31934,"deaths":0},{"race":[],"age_group":"60-69   ","count":1804,"tested":28867,"deaths":0},{"race":[],"age_group":"70-79   ","count":1019,"tested":18157,"deaths":0},{"race":[],"age_group":"80+","count":853,"tested":19040,"deaths":0},{"race":[],"age_group":"Unknown","count":0,"tested":1639,"deaths":0}],"race":[{"description":"AI/AN**","count":11,"tested":96,"deaths":0,"color":"rgb(31,119,180)"},{"description":"Asian","count":176,"tested":1473,"deaths":0,"color":"rgb(140,86,75)"},{"description":"Black","count":1115,"tested":13782,"deaths":0,"color":"rgb(255,127,14)"},{"description":"Hispanic","count":1397,"tested":9453,"deaths":0,"color":"rgb(214,39,40)"},{"description":"Left Blank","count":6427,"tested":122807,"deaths":0,"color":"rgb(44,160,44)"},{"description":"NH/PI*","count":13,"tested":98,"deaths":0,"color":"rgb(127,127,127)"},{"description":"Other","count":404,"tested":7603,"deaths":0,"color":"rgb(148,103,189)"},{"description":"White","count":5735,"tested":75881,"deaths":0,"color":"rgb(31,119,180)"}],"gender":[{"description":"Female","count":8041,"tested":122095,"deaths":0,"color":"rgb(255,127,14)"},{"description":"Male","count":7179,"tested":94983,"deaths":0,"color":"rgb(31,119,180)"},{"description":"Unknown/Left Blank","count":59,"tested":14115,"deaths":0,"color":"rgb(44,160,44)"}]}}]}
