{"lastUpdatedDate":{"year":2020,"month":12,"day":8},"county_demographics":[{"County":"Lawrence","confirmed_cases":1294,"total_tested":12042,"demographics":{"age":[{"race":[],"age_group":"<20","count":109,"tested":1408,"deaths":0},{"race":[],"age_group":"20-29   ","count":217,"tested":2073,"deaths":0},{"race":[],"age_group":"30-39   ","count":231,"tested":1999,"deaths":0},{"race":[],"age_group":"40-49   ","count":214,"tested":1717,"deaths":0},{"race":[],"age_group":"50-59   ","count":173,"tested":1668,"deaths":0},{"race":[],"age_group":"60-69   ","count":159,"tested":1220,"deaths":0},{"race":[],"age_group":"70-79   ","count":108,"tested":914,"deaths":0},{"race":[],"age_group":"80+","count":83,"tested":1040,"deaths":0},{"race":[],"age_group":"Unknown","count":0,"tested":0,"deaths":0}],"race":[{"description":"AI/AN**","count":0,"tested":0,"deaths":0,"color":"rgb(31,119,180)"},{"description":"Asian","count":0,"tested":9,"deaths":0,"color":"rgb(140,86,75)"},{"description":"Black","count":259,"tested":1310,"deaths":0,"color":"rgb(255,127,14)"},{"description":"Hispanic","count":8,"tested":78,"deaths":0,"color":"rgb(214,39,40)"},{"description":"Left Blank","count":253,"tested":5542,"deaths":0,"color":"rgb(44,160,44)"},{"description":"NH/PI*","count":0,"tested":0,"deaths":0,"color":"rgb(127,127,127)"},{"description":"Other","count":0,"tested":55,"deaths":0,"color":"rgb(148,103,189)"},{"description":"White","count":761,"tested":5045,"deaths":0,"color":"rgb(31,119,180)"}],"gender":[{"description":"Female","count":548,"tested":6105,"deaths":0,"color":"rgb(255,127,14)"},{"description":"Male","count":705,"tested":4647,"deaths":0,"color":"rgb(31,119,180)"},{"description":"Unknown/Left Blank","count":39,"tested":1290,"deaths":0,"color":"rgb(44,160,44)"}]}}]}
