{"lastUpdatedDate":{"year":2020,"month":12,"day":8},"county_demographics":[{"County":"DeKalb","confirmed_cases":5604,"total_tested":70870,"demographics":{"age":[{"race":[],"age_group":"<20","count":921,"tested":11600,"deaths":0},{"race":[],"age_group":"20-29   ","count":1331,"tested":16249,"deaths":0},{"race":[],"age_group":"30-39   ","count":805,"tested":9366,"deaths":0},{"race":[],"age_group":"40-49   ","count":827,"tested":7663,"deaths":0},{"race":[],"age_group":"50-59   ","count":736,"tested":8337,"deaths":0},{"race":[],"age_group":"60-69   ","count":473,"tested":7083,"deaths":0},{"race":[],"age_group":"70-79   ","count":255,"tested":4850,"deaths":0},{"race":[],"age_group":"80+","count":246,"tested":5702,"deaths":0},{"race":[],"age_group":"Unknown","count":0,"tested":20,"deaths":0}],"race":[{"description":"AI/AN**","count":0,"tested":32,"deaths":0,"color":"rgb(31,119,180)"},{"description":"Asian","count":64,"tested":820,"deaths":0,"color":"rgb(140,86,75)"},{"description":"Black","count":402,"tested":4751,"deaths":0,"color":"rgb(255,127,14)"},{"description":"Hispanic","count":972,"tested":4512,"deaths":0,"color":"rgb(214,39,40)"},{"description":"Left Blank","count":1494,"tested":32414,"deaths":0,"color":"rgb(44,160,44)"},{"description":"NH/PI*","count":0,"tested":28,"deaths":0,"color":"rgb(127,127,127)"},{"description":"Other","count":70,"tested":854,"deaths":0,"color":"rgb(148,103,189)"},{"description":"White","count":2592,"tested":27459,"deaths":0,"color":"rgb(31,119,180)"}],"gender":[{"description":"Female","count":2965,"tested":42233,"deaths":0,"color":"rgb(255,127,14)"},{"description":"Male","count":2616,"tested":27697,"deaths":0,"color":"rgb(31,119,180)"},{"description":"Unknown/Left Blank","count":22,"tested":940,"deaths":0,"color":"rgb(44,160,44)"}]}}]}
