{"lastUpdatedDate":{"year":2020,"month":12,"day":8},"county_demographics":[{"County":"Warren","confirmed_cases":1218,"total_tested":9199,"demographics":{"age":[{"race":[],"age_group":"<20","count":130,"tested":982,"deaths":0},{"race":[],"age_group":"20-29   ","count":187,"tested":1785,"deaths":0},{"race":[],"age_group":"30-39   ","count":191,"tested":1479,"deaths":0},{"race":[],"age_group":"40-49   ","count":213,"tested":1363,"deaths":0},{"race":[],"age_group":"50-59   ","count":191,"tested":1340,"deaths":0},{"race":[],"age_group":"60-69   ","count":149,"tested":1152,"deaths":0},{"race":[],"age_group":"70-79   ","count":88,"tested":692,"deaths":0},{"race":[],"age_group":"80+","count":69,"tested":406,"deaths":0}],"race":[{"description":"AI/AN**","count":0,"tested":0,"deaths":0,"color":"rgb(31,119,180)"},{"description":"Asian","count":18,"tested":23,"deaths":0,"color":"rgb(140,86,75)"},{"description":"Black","count":20,"tested":96,"deaths":0,"color":"rgb(255,127,14)"},{"description":"Hispanic","count":100,"tested":260,"deaths":0,"color":"rgb(214,39,40)"},{"description":"Left Blank","count":428,"tested":4589,"deaths":0,"color":"rgb(44,160,44)"},{"description":"NH/PI*","count":0,"tested":0,"deaths":0,"color":"rgb(127,127,127)"},{"description":"Other","count":13,"tested":145,"deaths":0,"color":"rgb(148,103,189)"},{"description":"White","count":631,"tested":4078,"deaths":0,"color":"rgb(31,119,180)"}],"gender":[{"description":"Female","count":613,"tested":4717,"deaths":0,"color":"rgb(255,127,14)"},{"description":"Male","count":554,"tested":3687,"deaths":0,"color":"rgb(31,119,180)"},{"description":"Unknown/Left Blank","count":48,"tested":795,"deaths":0,"color":"rgb(44,160,44)"}]}}]}
