{"lastUpdatedDate":{"year":2020,"month":12,"day":8},"county_demographics":[{"County":"Johnson","confirmed_cases":810,"total_tested":7027,"demographics":{"age":[{"race":[],"age_group":"<20","count":82,"tested":809,"deaths":0},{"race":[],"age_group":"20-29   ","count":136,"tested":982,"deaths":0},{"race":[],"age_group":"30-39   ","count":133,"tested":1061,"deaths":0},{"race":[],"age_group":"40-49   ","count":132,"tested":982,"deaths":0},{"race":[],"age_group":"50-59   ","count":125,"tested":1039,"deaths":0},{"race":[],"age_group":"60-69   ","count":82,"tested":916,"deaths":0},{"race":[],"age_group":"70-79   ","count":61,"tested":612,"deaths":0},{"race":[],"age_group":"80+","count":42,"tested":625,"deaths":0},{"race":[],"age_group":"Unknown","count":0,"tested":0,"deaths":0}],"race":[{"description":"AI/AN**","count":0,"tested":0,"deaths":0,"color":"rgb(31,119,180)"},{"description":"Asian","count":0,"tested":42,"deaths":0,"color":"rgb(140,86,75)"},{"description":"Black","count":82,"tested":235,"deaths":0,"color":"rgb(255,127,14)"},{"description":"Hispanic","count":52,"tested":159,"deaths":0,"color":"rgb(214,39,40)"},{"description":"Left Blank","count":157,"tested":2468,"deaths":0,"color":"rgb(44,160,44)"},{"description":"NH/PI*","count":0,"tested":0,"deaths":0,"color":"rgb(127,127,127)"},{"description":"Other","count":0,"tested":67,"deaths":0,"color":"rgb(148,103,189)"},{"description":"White","count":511,"tested":4053,"deaths":0,"color":"rgb(31,119,180)"}],"gender":[{"description":"Female","count":316,"tested":3715,"deaths":0,"color":"rgb(255,127,14)"},{"description":"Male","count":470,"tested":2823,"deaths":0,"color":"rgb(31,119,180)"},{"description":"Unknown/Left Blank","count":24,"tested":489,"deaths":0,"color":"rgb(44,160,44)"}]}}]}
