{"lastUpdatedDate":{"year":2020,"month":12,"day":8},"county_demographics":[{"County":"Knox","confirmed_cases":3189,"total_tested":38230,"demographics":{"age":[{"race":[],"age_group":"<20","count":410,"tested":5041,"deaths":0},{"race":[],"age_group":"20-29   ","count":473,"tested":7132,"deaths":0},{"race":[],"age_group":"30-39   ","count":451,"tested":5240,"deaths":0},{"race":[],"age_group":"40-49   ","count":481,"tested":5009,"deaths":0},{"race":[],"age_group":"50-59   ","count":469,"tested":5528,"deaths":0},{"race":[],"age_group":"60-69   ","count":391,"tested":4654,"deaths":0},{"race":[],"age_group":"70-79   ","count":273,"tested":3128,"deaths":0},{"race":[],"age_group":"80+","count":241,"tested":2497,"deaths":0},{"race":[],"age_group":"Unknown","count":0,"tested":0,"deaths":0}],"race":[{"description":"AI/AN**","count":0,"tested":15,"deaths":0,"color":"rgb(31,119,180)"},{"description":"Asian","count":0,"tested":333,"deaths":0,"color":"rgb(140,86,75)"},{"description":"Black","count":195,"tested":1356,"deaths":0,"color":"rgb(255,127,14)"},{"description":"Hispanic","count":90,"tested":693,"deaths":0,"color":"rgb(214,39,40)"},{"description":"Left Blank","count":1459,"tested":22266,"deaths":0,"color":"rgb(44,160,44)"},{"description":"NH/PI*","count":0,"tested":26,"deaths":0,"color":"rgb(127,127,127)"},{"description":"Other","count":33,"tested":542,"deaths":0,"color":"rgb(148,103,189)"},{"description":"White","count":1405,"tested":12999,"deaths":0,"color":"rgb(31,119,180)"}],"gender":[{"description":"Female","count":1675,"tested":21014,"deaths":0,"color":"rgb(255,127,14)"},{"description":"Male","count":1325,"tested":14260,"deaths":0,"color":"rgb(31,119,180)"},{"description":"Unknown/Left Blank","count":189,"tested":2956,"deaths":0,"color":"rgb(44,160,44)"}]}}]}
