{"lastUpdatedDate":{"year":2020,"month":12,"day":8},"county_demographics":[{"County":"Woodford","confirmed_cases":2092,"total_tested":30261,"demographics":{"age":[{"race":[],"age_group":"<20","count":369,"tested":5264,"deaths":0},{"race":[],"age_group":"20-29   ","count":314,"tested":3848,"deaths":0},{"race":[],"age_group":"30-39   ","count":286,"tested":3981,"deaths":0},{"race":[],"age_group":"40-49   ","count":297,"tested":3790,"deaths":0},{"race":[],"age_group":"50-59   ","count":328,"tested":4069,"deaths":0},{"race":[],"age_group":"60-69   ","count":252,"tested":3594,"deaths":0},{"race":[],"age_group":"70-79   ","count":129,"tested":2234,"deaths":0},{"race":[],"age_group":"80+","count":117,"tested":3465,"deaths":0},{"race":[],"age_group":"Unknown","count":0,"tested":16,"deaths":0}],"race":[{"description":"AI/AN**","count":0,"tested":15,"deaths":0,"color":"rgb(31,119,180)"},{"description":"Asian","count":0,"tested":64,"deaths":0,"color":"rgb(140,86,75)"},{"description":"Black","count":0,"tested":120,"deaths":0,"color":"rgb(255,127,14)"},{"description":"Hispanic","count":6,"tested":86,"deaths":0,"color":"rgb(214,39,40)"},{"description":"Left Blank","count":1065,"tested":16818,"deaths":0,"color":"rgb(44,160,44)"},{"description":"NH/PI*","count":0,"tested":0,"deaths":0,"color":"rgb(127,127,127)"},{"description":"Other","count":35,"tested":564,"deaths":0,"color":"rgb(148,103,189)"},{"description":"White","count":975,"tested":12592,"deaths":0,"color":"rgb(31,119,180)"}],"gender":[{"description":"Female","count":1070,"tested":18237,"deaths":0,"color":"rgb(255,127,14)"},{"description":"Male","count":964,"tested":11178,"deaths":0,"color":"rgb(31,119,180)"},{"description":"Unknown/Left Blank","count":57,"tested":846,"deaths":0,"color":"rgb(44,160,44)"}]}}]}
