{"lastUpdatedDate":{"year":2020,"month":12,"day":8},"county_demographics":[{"County":"Menard","confirmed_cases":559,"total_tested":9728,"demographics":{"age":[{"race":[],"age_group":"<20","count":70,"tested":1440,"deaths":0},{"race":[],"age_group":"20-29   ","count":76,"tested":1269,"deaths":0},{"race":[],"age_group":"30-39   ","count":81,"tested":1409,"deaths":0},{"race":[],"age_group":"40-49   ","count":73,"tested":1261,"deaths":0},{"race":[],"age_group":"50-59   ","count":111,"tested":1499,"deaths":0},{"race":[],"age_group":"60-69   ","count":57,"tested":1267,"deaths":0},{"race":[],"age_group":"70-79   ","count":38,"tested":889,"deaths":0},{"race":[],"age_group":"80+","count":36,"tested":693,"deaths":0},{"race":[],"age_group":"Unknown","count":0,"tested":0,"deaths":0}],"race":[{"description":"AI/AN**","count":0,"tested":7,"deaths":0,"color":"rgb(31,119,180)"},{"description":"Asian","count":0,"tested":0,"deaths":0,"color":"rgb(140,86,75)"},{"description":"Black","count":0,"tested":40,"deaths":0,"color":"rgb(255,127,14)"},{"description":"Hispanic","count":0,"tested":45,"deaths":0,"color":"rgb(214,39,40)"},{"description":"Left Blank","count":319,"tested":4382,"deaths":0,"color":"rgb(44,160,44)"},{"description":"NH/PI*","count":0,"tested":0,"deaths":0,"color":"rgb(127,127,127)"},{"description":"Other","count":0,"tested":89,"deaths":0,"color":"rgb(148,103,189)"},{"description":"White","count":235,"tested":5159,"deaths":0,"color":"rgb(31,119,180)"}],"gender":[{"description":"Female","count":272,"tested":5800,"deaths":0,"color":"rgb(255,127,14)"},{"description":"Male","count":230,"tested":3786,"deaths":0,"color":"rgb(31,119,180)"},{"description":"Unknown/Left Blank","count":57,"tested":142,"deaths":0,"color":"rgb(44,160,44)"}]}}]}
