{"lastUpdatedDate":{"year":2020,"month":12,"day":8},"county_demographics":[{"County":"Bond","confirmed_cases":1228,"total_tested":13193,"demographics":{"age":[{"race":[],"age_group":"<20","count":178,"tested":1396,"deaths":0},{"race":[],"age_group":"20-29   ","count":211,"tested":1842,"deaths":0},{"race":[],"age_group":"30-39   ","count":194,"tested":2138,"deaths":0},{"race":[],"age_group":"40-49   ","count":182,"tested":1953,"deaths":0},{"race":[],"age_group":"50-59   ","count":182,"tested":1774,"deaths":0},{"race":[],"age_group":"60-69   ","count":160,"tested":1729,"deaths":0},{"race":[],"age_group":"70-79   ","count":71,"tested":1222,"deaths":0},{"race":[],"age_group":"80+","count":50,"tested":1129,"deaths":0},{"race":[],"age_group":"Unknown","count":0,"tested":10,"deaths":0}],"race":[{"description":"AI/AN**","count":0,"tested":0,"deaths":0,"color":"rgb(31,119,180)"},{"description":"Asian","count":0,"tested":21,"deaths":0,"color":"rgb(140,86,75)"},{"description":"Black","count":14,"tested":102,"deaths":0,"color":"rgb(255,127,14)"},{"description":"Hispanic","count":0,"tested":40,"deaths":0,"color":"rgb(214,39,40)"},{"description":"Left Blank","count":720,"tested":8373,"deaths":0,"color":"rgb(44,160,44)"},{"description":"NH/PI*","count":0,"tested":0,"deaths":0,"color":"rgb(127,127,127)"},{"description":"Other","count":20,"tested":167,"deaths":0,"color":"rgb(148,103,189)"},{"description":"White","count":461,"tested":4484,"deaths":0,"color":"rgb(31,119,180)"}],"gender":[{"description":"Female","count":559,"tested":6839,"deaths":0,"color":"rgb(255,127,14)"},{"description":"Male","count":641,"tested":5992,"deaths":0,"color":"rgb(31,119,180)"},{"description":"Unknown/Left Blank","count":28,"tested":362,"deaths":0,"color":"rgb(44,160,44)"}]}}]}
