{"lastUpdatedDate":{"year":2020,"month":12,"day":8},"county_demographics":[{"County":"Henderson","confirmed_cases":342,"total_tested":3720,"demographics":{"age":[{"race":[],"age_group":"<20","count":24,"tested":461,"deaths":0},{"race":[],"age_group":"20-29   ","count":45,"tested":417,"deaths":0},{"race":[],"age_group":"30-39   ","count":36,"tested":529,"deaths":0},{"race":[],"age_group":"40-49   ","count":48,"tested":501,"deaths":0},{"race":[],"age_group":"50-59   ","count":57,"tested":519,"deaths":0},{"race":[],"age_group":"60-69   ","count":62,"tested":467,"deaths":0},{"race":[],"age_group":"70-79   ","count":24,"tested":366,"deaths":0},{"race":[],"age_group":"80+","count":34,"tested":460,"deaths":0}],"race":[{"description":"AI/AN**","count":0,"tested":0,"deaths":0,"color":"rgb(31,119,180)"},{"description":"Hispanic","count":0,"tested":12,"deaths":0,"color":"rgb(214,39,40)"},{"description":"Left Blank","count":121,"tested":1374,"deaths":0,"color":"rgb(44,160,44)"},{"description":"Other","count":0,"tested":20,"deaths":0,"color":"rgb(148,103,189)"},{"description":"White","count":217,"tested":2310,"deaths":0,"color":"rgb(31,119,180)"}],"gender":[{"description":"Female","count":192,"tested":2493,"deaths":0,"color":"rgb(255,127,14)"},{"description":"Male","count":138,"tested":1086,"deaths":0,"color":"rgb(31,119,180)"},{"description":"Unknown/Left Blank","count":10,"tested":141,"deaths":0,"color":"rgb(44,160,44)"}]}}]}
