{"lastUpdatedDate":{"year":2020,"month":12,"day":15},"county_demographics":[{"County":"Carroll","confirmed_cases":1230,"total_tested":12397,"demographics":{"age":[{"race":[],"age_group":"<20","count":140,"tested":1150,"deaths":0},{"race":[],"age_group":"20-29   ","count":141,"tested":1544,"deaths":0},{"race":[],"age_group":"30-39   ","count":249,"tested":2401,"deaths":0},{"race":[],"age_group":"40-49   ","count":197,"tested":1789,"deaths":0},{"race":[],"age_group":"50-59   ","count":163,"tested":1526,"deaths":0},{"race":[],"age_group":"60-69   ","count":130,"tested":1535,"deaths":0},{"race":[],"age_group":"70-79   ","count":101,"tested":938,"deaths":0},{"race":[],"age_group":"80+","count":94,"tested":1512,"deaths":0},{"race":[],"age_group":"Unknown","count":0,"tested":0,"deaths":0}],"race":[{"description":"AI/AN**","count":0,"tested":0,"deaths":0,"color":"rgb(31,119,180)"},{"description":"Asian","count":0,"tested":45,"deaths":0,"color":"rgb(140,86,75)"},{"description":"Black","count":48,"tested":80,"deaths":0,"color":"rgb(255,127,14)"},{"description":"Hispanic","count":15,"tested":25,"deaths":0,"color":"rgb(214,39,40)"},{"description":"Left Blank","count":555,"tested":8512,"deaths":0,"color":"rgb(44,160,44)"},{"description":"NH/PI*","count":0,"tested":0,"deaths":0,"color":"rgb(127,127,127)"},{"description":"Other","count":11,"tested":86,"deaths":0,"color":"rgb(148,103,189)"},{"description":"White","count":593,"tested":3642,"deaths":0,"color":"rgb(31,119,180)"}],"gender":[{"description":"Female","count":553,"tested":6206,"deaths":0,"color":"rgb(255,127,14)"},{"description":"Male","count":671,"tested":6109,"deaths":0,"color":"rgb(31,119,180)"},{"description":"Unknown/Left Blank","count":6,"tested":82,"deaths":0,"color":"rgb(44,160,44)"}]}}]}
