{"lastUpdatedDate":{"year":2020,"month":12,"day":15},"county_demographics":[{"County":"Woodford","confirmed_cases":2358,"total_tested":33466,"demographics":{"age":[{"race":[],"age_group":"<20","count":412,"tested":5728,"deaths":0},{"race":[],"age_group":"20-29   ","count":341,"tested":4258,"deaths":0},{"race":[],"age_group":"30-39   ","count":324,"tested":4392,"deaths":0},{"race":[],"age_group":"40-49   ","count":330,"tested":4184,"deaths":0},{"race":[],"age_group":"50-59   ","count":363,"tested":4481,"deaths":0},{"race":[],"age_group":"60-69   ","count":287,"tested":3949,"deaths":0},{"race":[],"age_group":"70-79   ","count":150,"tested":2458,"deaths":0},{"race":[],"age_group":"80+","count":151,"tested":3999,"deaths":0},{"race":[],"age_group":"Unknown","count":0,"tested":17,"deaths":0}],"race":[{"description":"AI/AN**","count":0,"tested":20,"deaths":0,"color":"rgb(31,119,180)"},{"description":"Asian","count":0,"tested":81,"deaths":0,"color":"rgb(140,86,75)"},{"description":"Black","count":0,"tested":149,"deaths":0,"color":"rgb(255,127,14)"},{"description":"Hispanic","count":7,"tested":102,"deaths":0,"color":"rgb(214,39,40)"},{"description":"Left Blank","count":1135,"tested":18086,"deaths":0,"color":"rgb(44,160,44)"},{"description":"NH/PI*","count":0,"tested":0,"deaths":0,"color":"rgb(127,127,127)"},{"description":"Other","count":42,"tested":641,"deaths":0,"color":"rgb(148,103,189)"},{"description":"White","count":1158,"tested":14384,"deaths":0,"color":"rgb(31,119,180)"}],"gender":[{"description":"Female","count":1223,"tested":20226,"deaths":0,"color":"rgb(255,127,14)"},{"description":"Male","count":1076,"tested":12122,"deaths":0,"color":"rgb(31,119,180)"},{"description":"Unknown/Left Blank","count":59,"tested":1118,"deaths":0,"color":"rgb(44,160,44)"}]}}]}
