{"lastUpdatedDate":{"year":2020,"month":12,"day":15},"county_demographics":[{"County":"Washington","confirmed_cases":1019,"total_tested":7091,"demographics":{"age":[{"race":[],"age_group":"<20","count":121,"tested":978,"deaths":0},{"race":[],"age_group":"20-29   ","count":137,"tested":966,"deaths":0},{"race":[],"age_group":"30-39   ","count":146,"tested":1094,"deaths":0},{"race":[],"age_group":"40-49   ","count":141,"tested":962,"deaths":0},{"race":[],"age_group":"50-59   ","count":160,"tested":983,"deaths":0},{"race":[],"age_group":"60-69   ","count":154,"tested":1080,"deaths":0},{"race":[],"age_group":"70-79   ","count":71,"tested":620,"deaths":0},{"race":[],"age_group":"80+","count":89,"tested":406,"deaths":0},{"race":[],"age_group":"Unknown","count":0,"tested":0,"deaths":0}],"race":[{"description":"AI/AN**","count":0,"tested":0,"deaths":0,"color":"rgb(31,119,180)"},{"description":"Asian","count":0,"tested":16,"deaths":0,"color":"rgb(140,86,75)"},{"description":"Black","count":0,"tested":34,"deaths":0,"color":"rgb(255,127,14)"},{"description":"Hispanic","count":11,"tested":56,"deaths":0,"color":"rgb(214,39,40)"},{"description":"Left Blank","count":334,"tested":2086,"deaths":0,"color":"rgb(44,160,44)"},{"description":"NH/PI*","count":0,"tested":0,"deaths":0,"color":"rgb(127,127,127)"},{"description":"Other","count":12,"tested":163,"deaths":0,"color":"rgb(148,103,189)"},{"description":"White","count":658,"tested":4729,"deaths":0,"color":"rgb(31,119,180)"}],"gender":[{"description":"Female","count":548,"tested":4223,"deaths":0,"color":"rgb(255,127,14)"},{"description":"Male","count":460,"tested":2723,"deaths":0,"color":"rgb(31,119,180)"},{"description":"Unknown/Left Blank","count":9,"tested":145,"deaths":0,"color":"rgb(44,160,44)"}]}}]}
