{"lastUpdatedDate":{"year":2020,"month":12,"day":15},"county_demographics":[{"County":"Clinton","confirmed_cases":3979,"total_tested":32725,"demographics":{"age":[{"race":[],"age_group":"<20","count":558,"tested":4166,"deaths":0},{"race":[],"age_group":"20-29   ","count":596,"tested":5088,"deaths":0},{"race":[],"age_group":"30-39   ","count":588,"tested":4725,"deaths":0},{"race":[],"age_group":"40-49   ","count":534,"tested":4301,"deaths":0},{"race":[],"age_group":"50-59   ","count":611,"tested":5146,"deaths":0},{"race":[],"age_group":"60-69   ","count":530,"tested":4411,"deaths":0},{"race":[],"age_group":"70-79   ","count":270,"tested":2306,"deaths":0},{"race":[],"age_group":"80+","count":284,"tested":2547,"deaths":0},{"race":[],"age_group":"Unknown","count":8,"tested":35,"deaths":0}],"race":[{"description":"AI/AN**","count":0,"tested":10,"deaths":0,"color":"rgb(31,119,180)"},{"description":"Asian","count":0,"tested":47,"deaths":0,"color":"rgb(140,86,75)"},{"description":"Black","count":67,"tested":821,"deaths":0,"color":"rgb(255,127,14)"},{"description":"Hispanic","count":52,"tested":230,"deaths":0,"color":"rgb(214,39,40)"},{"description":"Left Blank","count":1705,"tested":15293,"deaths":0,"color":"rgb(44,160,44)"},{"description":"NH/PI*","count":0,"tested":7,"deaths":0,"color":"rgb(127,127,127)"},{"description":"Other","count":92,"tested":566,"deaths":0,"color":"rgb(148,103,189)"},{"description":"White","count":2058,"tested":15751,"deaths":0,"color":"rgb(31,119,180)"}],"gender":[{"description":"Female","count":2125,"tested":19153,"deaths":0,"color":"rgb(255,127,14)"},{"description":"Male","count":1780,"tested":12835,"deaths":0,"color":"rgb(31,119,180)"},{"description":"Unknown/Left Blank","count":74,"tested":737,"deaths":0,"color":"rgb(44,160,44)"}]}}]}
