{"lastUpdatedDate":{"year":2020,"month":12,"day":15},"county_demographics":[{"County":"Saline","confirmed_cases":1405,"total_tested":16254,"demographics":{"age":[{"race":[],"age_group":"<20","count":192,"tested":2106,"deaths":0},{"race":[],"age_group":"20-29   ","count":205,"tested":2182,"deaths":0},{"race":[],"age_group":"30-39   ","count":210,"tested":2175,"deaths":0},{"race":[],"age_group":"40-49   ","count":175,"tested":1952,"deaths":0},{"race":[],"age_group":"50-59   ","count":199,"tested":2229,"deaths":0},{"race":[],"age_group":"60-69   ","count":178,"tested":2038,"deaths":0},{"race":[],"age_group":"70-79   ","count":138,"tested":1812,"deaths":0},{"race":[],"age_group":"80+","count":89,"tested":1758,"deaths":0},{"race":[],"age_group":"Unknown","count":0,"tested":0,"deaths":0}],"race":[{"description":"AI/AN**","count":0,"tested":0,"deaths":0,"color":"rgb(31,119,180)"},{"description":"Asian","count":0,"tested":27,"deaths":0,"color":"rgb(140,86,75)"},{"description":"Black","count":51,"tested":495,"deaths":0,"color":"rgb(255,127,14)"},{"description":"Hispanic","count":8,"tested":68,"deaths":0,"color":"rgb(214,39,40)"},{"description":"Left Blank","count":428,"tested":7754,"deaths":0,"color":"rgb(44,160,44)"},{"description":"NH/PI*","count":0,"tested":0,"deaths":0,"color":"rgb(127,127,127)"},{"description":"Other","count":10,"tested":122,"deaths":0,"color":"rgb(148,103,189)"},{"description":"White","count":904,"tested":7783,"deaths":0,"color":"rgb(31,119,180)"}],"gender":[{"description":"Female","count":758,"tested":9774,"deaths":0,"color":"rgb(255,127,14)"},{"description":"Male","count":614,"tested":5668,"deaths":0,"color":"rgb(31,119,180)"},{"description":"Unknown/Left Blank","count":28,"tested":812,"deaths":0,"color":"rgb(44,160,44)"}]}}]}
