{"lastUpdatedDate":{"year":2020,"month":12,"day":15},"county_demographics":[{"County":"LaSalle","confirmed_cases":7542,"total_tested":77564,"demographics":{"age":[{"race":[],"age_group":"<20","count":885,"tested":8046,"deaths":0},{"race":[],"age_group":"20-29   ","count":1285,"tested":11672,"deaths":0},{"race":[],"age_group":"30-39   ","count":1095,"tested":11097,"deaths":0},{"race":[],"age_group":"40-49   ","count":1091,"tested":10481,"deaths":0},{"race":[],"age_group":"50-59   ","count":1181,"tested":11224,"deaths":0},{"race":[],"age_group":"60-69   ","count":904,"tested":9563,"deaths":0},{"race":[],"age_group":"70-79   ","count":522,"tested":5969,"deaths":0},{"race":[],"age_group":"80+","count":578,"tested":9407,"deaths":0},{"race":[],"age_group":"Unknown","count":0,"tested":105,"deaths":0}],"race":[{"description":"AI/AN**","count":0,"tested":36,"deaths":0,"color":"rgb(31,119,180)"},{"description":"Asian","count":15,"tested":274,"deaths":0,"color":"rgb(140,86,75)"},{"description":"Black","count":91,"tested":855,"deaths":0,"color":"rgb(255,127,14)"},{"description":"Hispanic","count":578,"tested":2947,"deaths":0,"color":"rgb(214,39,40)"},{"description":"Left Blank","count":2030,"tested":28219,"deaths":0,"color":"rgb(44,160,44)"},{"description":"NH/PI*","count":0,"tested":104,"deaths":0,"color":"rgb(127,127,127)"},{"description":"Other","count":332,"tested":2165,"deaths":0,"color":"rgb(148,103,189)"},{"description":"White","count":4484,"tested":42964,"deaths":0,"color":"rgb(31,119,180)"}],"gender":[{"description":"Female","count":3981,"tested":43964,"deaths":0,"color":"rgb(255,127,14)"},{"description":"Male","count":3417,"tested":29051,"deaths":0,"color":"rgb(31,119,180)"},{"description":"Unknown/Left Blank","count":144,"tested":4549,"deaths":0,"color":"rgb(44,160,44)"}]}}]}
