{"lastUpdatedDate":{"year":2020,"month":12,"day":15},"county_demographics":[{"County":"Menard","confirmed_cases":630,"total_tested":10671,"demographics":{"age":[{"race":[],"age_group":"<20","count":81,"tested":1550,"deaths":0},{"race":[],"age_group":"20-29   ","count":87,"tested":1420,"deaths":0},{"race":[],"age_group":"30-39   ","count":91,"tested":1560,"deaths":0},{"race":[],"age_group":"40-49   ","count":80,"tested":1373,"deaths":0},{"race":[],"age_group":"50-59   ","count":121,"tested":1638,"deaths":0},{"race":[],"age_group":"60-69   ","count":65,"tested":1380,"deaths":0},{"race":[],"age_group":"70-79   ","count":45,"tested":962,"deaths":0},{"race":[],"age_group":"80+","count":45,"tested":787,"deaths":0},{"race":[],"age_group":"Unknown","count":0,"tested":0,"deaths":0}],"race":[{"description":"AI/AN**","count":0,"tested":7,"deaths":0,"color":"rgb(31,119,180)"},{"description":"Asian","count":0,"tested":0,"deaths":0,"color":"rgb(140,86,75)"},{"description":"Black","count":0,"tested":47,"deaths":0,"color":"rgb(255,127,14)"},{"description":"Hispanic","count":0,"tested":47,"deaths":0,"color":"rgb(214,39,40)"},{"description":"Left Blank","count":357,"tested":4824,"deaths":0,"color":"rgb(44,160,44)"},{"description":"NH/PI*","count":0,"tested":0,"deaths":0,"color":"rgb(127,127,127)"},{"description":"Other","count":0,"tested":92,"deaths":0,"color":"rgb(148,103,189)"},{"description":"White","count":266,"tested":5648,"deaths":0,"color":"rgb(31,119,180)"}],"gender":[{"description":"Female","count":296,"tested":6281,"deaths":0,"color":"rgb(255,127,14)"},{"description":"Male","count":260,"tested":4063,"deaths":0,"color":"rgb(31,119,180)"},{"description":"Unknown/Left Blank","count":74,"tested":327,"deaths":0,"color":"rgb(44,160,44)"}]}}]}
