{"lastUpdatedDate":{"year":2020,"month":12,"day":15},"county_demographics":[{"County":"Jo Daviess","confirmed_cases":1258,"total_tested":13595,"demographics":{"age":[{"race":[],"age_group":"<20","count":211,"tested":1834,"deaths":0},{"race":[],"age_group":"20-29   ","count":177,"tested":1490,"deaths":0},{"race":[],"age_group":"30-39   ","count":139,"tested":1442,"deaths":0},{"race":[],"age_group":"40-49   ","count":162,"tested":1492,"deaths":0},{"race":[],"age_group":"50-59   ","count":194,"tested":1863,"deaths":0},{"race":[],"age_group":"60-69   ","count":184,"tested":2236,"deaths":0},{"race":[],"age_group":"70-79   ","count":103,"tested":1429,"deaths":0},{"race":[],"age_group":"80+","count":77,"tested":1804,"deaths":0},{"race":[],"age_group":"Unknown","count":0,"tested":0,"deaths":0}],"race":[{"description":"AI/AN**","count":0,"tested":7,"deaths":0,"color":"rgb(31,119,180)"},{"description":"Asian","count":0,"tested":17,"deaths":0,"color":"rgb(140,86,75)"},{"description":"Black","count":0,"tested":54,"deaths":0,"color":"rgb(255,127,14)"},{"description":"Hispanic","count":34,"tested":164,"deaths":0,"color":"rgb(214,39,40)"},{"description":"Left Blank","count":450,"tested":7161,"deaths":0,"color":"rgb(44,160,44)"},{"description":"NH/PI*","count":0,"tested":0,"deaths":0,"color":"rgb(127,127,127)"},{"description":"Other","count":0,"tested":111,"deaths":0,"color":"rgb(148,103,189)"},{"description":"White","count":764,"tested":6078,"deaths":0,"color":"rgb(31,119,180)"}],"gender":[{"description":"Female","count":635,"tested":8315,"deaths":0,"color":"rgb(255,127,14)"},{"description":"Male","count":580,"tested":4832,"deaths":0,"color":"rgb(31,119,180)"},{"description":"Unknown/Left Blank","count":43,"tested":448,"deaths":0,"color":"rgb(44,160,44)"}]}}]}
