{"age":[{"age_group":"<20","count":15,"tested":172},{"age_group":"20-29   ","count":10,"tested":115},{"age_group":"30-39   ","count":6,"tested":112},{"age_group":"40-49   ","count":16,"tested":117},{"age_group":"50-59   ","count":9,"tested":114},{"age_group":"60-69   ","count":15,"tested":196},{"age_group":"70-79   ","count":7,"tested":101}],"race":[{"description":"Left Blank","count":18,"tested":289,"color":"rgb(44,160,44)"},{"description":"White","count":38,"tested":552,"color":"rgb(31,119,180)"},{"description":"Hispanic","count":18,"tested":93,"color":"rgb(214,39,40)"}],"gender":[{"description":"Male","count":41,"tested":419,"color":"rgb(31,119,180)"},{"description":"Female","count":37,"tested":543,"color":"rgb(255,127,14)"}]}
