{"age":[{"age_group":"<20","count":51,"tested":602},{"age_group":"20-29   ","count":87,"tested":717},{"age_group":"30-39   ","count":77,"tested":836},{"age_group":"40-49   ","count":90,"tested":750},{"age_group":"50-59   ","count":84,"tested":842},{"age_group":"60-69   ","count":47,"tested":817},{"age_group":"70-79   ","count":29,"tested":567},{"age_group":"80+","count":9,"tested":181}],"race":[{"description":"Hispanic","count":31,"tested":351,"color":"rgb(214,39,40)"},{"description":"White","count":199,"tested":2113,"color":"rgb(31,119,180)"},{"description":"Other","count":17,"tested":272,"color":"rgb(148,103,189)"},{"description":"Left Blank","count":219,"tested":2464,"color":"rgb(44,160,44)"}],"gender":[{"description":"Female","count":243,"tested":2718,"color":"rgb(255,127,14)"},{"description":"Male","count":228,"tested":2439,"color":"rgb(31,119,180)"}]}
