{"age":[{"age_group":"<20","count":385,"tested":3483},{"age_group":"20-29   ","count":536,"tested":5065},{"age_group":"30-39   ","count":478,"tested":5020},{"age_group":"40-49   ","count":411,"tested":3746},{"age_group":"50-59   ","count":406,"tested":4211},{"age_group":"60-69   ","count":277,"tested":3590},{"age_group":"70-79   ","count":138,"tested":2163},{"age_group":"80+","count":68,"tested":1890}],"race":[{"description":"Left Blank","count":613,"tested":14105,"color":"rgb(44,160,44)"},{"description":"Hispanic","count":643,"tested":2319,"color":"rgb(214,39,40)"},{"description":"White","count":1058,"tested":9366,"color":"rgb(31,119,180)"},{"description":"Asian","count":151,"tested":1056,"color":"rgb(140,86,75)"},{"description":"Black","count":121,"tested":1094,"color":"rgb(255,127,14)"},{"description":"Other","count":111,"tested":1201,"color":"rgb(148,103,189)"}],"gender":[{"description":"Female","count":1381,"tested":16331,"color":"rgb(255,127,14)"},{"description":"Male","count":1310,"tested":12601,"color":"rgb(31,119,180)"}]}
