{"age":[{"age_group":"<20","count":188,"tested":1876},{"age_group":"20-29   ","count":179,"tested":1547},{"age_group":"30-39   ","count":162,"tested":1411},{"age_group":"40-49   ","count":170,"tested":1417},{"age_group":"50-59   ","count":145,"tested":1258},{"age_group":"60-69   ","count":93,"tested":869},{"age_group":"70-79   ","count":39,"tested":398},{"age_group":"80+","count":16,"tested":194}],"race":[{"description":"White","count":673,"tested":6174,"color":"rgb(31,119,180)"},{"description":"Left Blank","count":242,"tested":2180,"color":"rgb(44,160,44)"},{"description":"Other","count":55,"tested":372,"color":"rgb(148,103,189)"},{"description":"Hispanic","count":19,"tested":168,"color":"rgb(214,39,40)"}],"gender":[{"description":"Male","count":489,"tested":3649,"color":"rgb(31,119,180)"},{"description":"Female","count":498,"tested":5180,"color":"rgb(255,127,14)"}]}
