{"age":[{"age_group":"<20","count":12,"tested":150},{"age_group":"20-29   ","count":18,"tested":98},{"age_group":"30-39   ","count":16,"tested":87},{"age_group":"40-49   ","count":7,"tested":102},{"age_group":"50-59   ","count":13,"tested":113},{"age_group":"60-69   ","count":14,"tested":102},{"age_group":"70-79   ","count":6,"tested":46}],"race":[{"description":"Left Blank","count":25,"tested":200,"color":"rgb(44,160,44)"},{"description":"White","count":58,"tested":496,"color":"rgb(31,119,180)"}],"gender":[{"description":"Male","count":44,"tested":270,"color":"rgb(31,119,180)"},{"description":"Female","count":42,"tested":446,"color":"rgb(255,127,14)"}]}
