{"age":[{"age_group":"<20","count":244,"tested":6193},{"age_group":"20-29   ","count":498,"tested":28160},{"age_group":"30-39   ","count":412,"tested":10773},{"age_group":"40-49   ","count":288,"tested":6359},{"age_group":"50-59   ","count":262,"tested":6591},{"age_group":"60-69   ","count":151,"tested":5071},{"age_group":"70-79   ","count":94,"tested":2805},{"age_group":"80+","count":72,"tested":1514}],"race":[{"description":"Asian","count":47,"tested":5192,"color":"rgb(140,86,75)"},{"description":"White","count":239,"tested":20809,"color":"rgb(31,119,180)"},{"description":"Black","count":1102,"tested":18375,"color":"rgb(255,127,14)"},{"description":"Other","count":50,"tested":1126,"color":"rgb(148,103,189)"},{"description":"Left Blank","count":495,"tested":18214,"color":"rgb(44,160,44)"},{"description":"Hispanic","count":83,"tested":3556,"color":"rgb(214,39,40)"}],"gender":[{"description":"Male","count":906,"tested":28152,"color":"rgb(31,119,180)"},{"description":"Unknown/Left Blank","count":23,"tested":1017,"color":"rgb(44,160,44)"},{"description":"Female","count":1092,"tested":38308,"color":"rgb(255,127,14)"}]}
