{"age":[{"age_group":"<20","count":23,"tested":286},{"age_group":"20-29   ","count":18,"tested":213},{"age_group":"30-39   ","count":21,"tested":285},{"age_group":"40-49   ","count":24,"tested":172},{"age_group":"50-59   ","count":17,"tested":275},{"age_group":"60-69   ","count":18,"tested":217},{"age_group":"70-79   ","count":16,"tested":99},{"age_group":"80+","count":11,"tested":53}],"race":[{"description":"Left Blank","count":46,"tested":458,"color":"rgb(44,160,44)"},{"description":"White","count":100,"tested":1110,"color":"rgb(31,119,180)"}],"gender":[{"description":"Female","count":76,"tested":1067,"color":"rgb(255,127,14)"},{"description":"Male","count":71,"tested":488,"color":"rgb(31,119,180)"}]}
