{"age":[{"age_group":"<20","count":92,"tested":530},{"age_group":"20-29   ","count":175,"tested":1760},{"age_group":"30-39   ","count":146,"tested":1550},{"age_group":"40-49   ","count":111,"tested":1535},{"age_group":"50-59   ","count":129,"tested":1848},{"age_group":"60-69   ","count":122,"tested":1731},{"age_group":"70-79   ","count":76,"tested":1263},{"age_group":"80+","count":102,"tested":1424}],"race":[{"description":"White","count":355,"tested":4732,"color":"rgb(31,119,180)"},{"description":"Left Blank","count":386,"tested":4131,"color":"rgb(44,160,44)"},{"description":"Other","count":14,"tested":195,"color":"rgb(148,103,189)"},{"description":"Hispanic","count":119,"tested":701,"color":"rgb(214,39,40)"},{"description":"Black","count":73,"tested":1816,"color":"rgb(255,127,14)"}],"gender":[{"description":"Male","count":423,"tested":3999,"color":"rgb(31,119,180)"},{"description":"Unknown/Left Blank","count":10,"tested":266,"color":"rgb(44,160,44)"},{"description":"Female","count":520,"tested":7376,"color":"rgb(255,127,14)"}]}
