{"age":[{"age_group":"<20","count":247,"tested":2008},{"age_group":"20-29   ","count":206,"tested":2272},{"age_group":"30-39   ","count":189,"tested":2122},{"age_group":"40-49   ","count":218,"tested":1744},{"age_group":"50-59   ","count":182,"tested":2039},{"age_group":"60-69   ","count":125,"tested":1720},{"age_group":"70-79   ","count":41,"tested":742},{"age_group":"80+","count":18,"tested":357}],"race":[{"description":"Black","count":22,"tested":265,"color":"rgb(255,127,14)"},{"description":"Asian","count":32,"tested":314,"color":"rgb(140,86,75)"},{"description":"White","count":532,"tested":5321,"color":"rgb(31,119,180)"},{"description":"Other","count":33,"tested":338,"color":"rgb(148,103,189)"},{"description":"Hispanic","count":398,"tested":1489,"color":"rgb(214,39,40)"},{"description":"Left Blank","count":207,"tested":5248,"color":"rgb(44,160,44)"}],"gender":[{"description":"Female","count":622,"tested":7226,"color":"rgb(255,127,14)"},{"description":"Male","count":602,"tested":5689,"color":"rgb(31,119,180)"}]}
