{"age":[{"age_group":"<20","count":490,"tested":3626},{"age_group":"20-29   ","count":573,"tested":6488},{"age_group":"30-39   ","count":480,"tested":5737},{"age_group":"40-49   ","count":570,"tested":6022},{"age_group":"50-59   ","count":463,"tested":6193},{"age_group":"60-69   ","count":342,"tested":5697},{"age_group":"70-79   ","count":206,"tested":3937},{"age_group":"80+","count":222,"tested":5345}],"race":[{"description":"Black","count":33,"tested":445,"color":"rgb(255,127,14)"},{"description":"Asian","count":204,"tested":2061,"color":"rgb(140,86,75)"},{"description":"Hispanic","count":1128,"tested":5875,"color":"rgb(214,39,40)"},{"description":"White","count":859,"tested":8889,"color":"rgb(31,119,180)"},{"description":"Other","count":173,"tested":1275,"color":"rgb(148,103,189)"},{"description":"Left Blank","count":935,"tested":24608,"color":"rgb(44,160,44)"},{"description":"AI/AN**","count":9,"tested":84,"color":"rgb(31,119,180)"}],"gender":[{"description":"Male","count":1609,"tested":16875,"color":"rgb(31,119,180)"},{"description":"Unknown/Left Blank","count":23,"tested":1176,"color":"rgb(44,160,44)"},{"description":"Female","count":1714,"tested":25313,"color":"rgb(255,127,14)"}]}
