{"age":[{"age_group":"20-29   ","count":7,"tested":101},{"age_group":"30-39   ","count":12,"tested":149},{"age_group":"40-49   ","count":11,"tested":64},{"age_group":"50-59   ","count":18,"tested":138},{"age_group":"60-69   ","count":8,"tested":125}],"race":[{"description":"Left Blank","count":8,"tested":153,"color":"rgb(44,160,44)"},{"description":"White","count":55,"tested":547,"color":"rgb(31,119,180)"}],"gender":[{"description":"Female","count":34,"tested":466,"color":"rgb(255,127,14)"},{"description":"Male","count":30,"tested":262,"color":"rgb(31,119,180)"}]}
