{"age":[{"age_group":"<20","count":442,"tested":2517},{"age_group":"20-29   ","count":600,"tested":4801},{"age_group":"30-39   ","count":521,"tested":3730},{"age_group":"40-49   ","count":474,"tested":3884},{"age_group":"50-59   ","count":410,"tested":3971},{"age_group":"60-69   ","count":310,"tested":3314},{"age_group":"70-79   ","count":152,"tested":2269},{"age_group":"80+","count":86,"tested":1790}],"race":[{"description":"White","count":872,"tested":7242,"color":"rgb(31,119,180)"},{"description":"Left Blank","count":859,"tested":12478,"color":"rgb(44,160,44)"},{"description":"Hispanic","count":1010,"tested":4347,"color":"rgb(214,39,40)"},{"description":"Other","count":129,"tested":1083,"color":"rgb(148,103,189)"},{"description":"Asian","count":60,"tested":369,"color":"rgb(140,86,75)"},{"description":"Black","count":60,"tested":721,"color":"rgb(255,127,14)"}],"gender":[{"description":"Unknown/Left Blank","count":27,"tested":334,"color":"rgb(44,160,44)"},{"description":"Female","count":1573,"tested":14995,"color":"rgb(255,127,14)"},{"description":"Male","count":1395,"tested":10954,"color":"rgb(31,119,180)"}]}
