{"age":[{"age_group":"<20","count":497,"tested":4363},{"age_group":"20-29   ","count":519,"tested":4719},{"age_group":"30-39   ","count":539,"tested":4662},{"age_group":"40-49   ","count":536,"tested":4652},{"age_group":"50-59   ","count":349,"tested":3498},{"age_group":"60-69   ","count":186,"tested":2063},{"age_group":"70-79   ","count":98,"tested":1149},{"age_group":"80+","count":31,"tested":553}],"race":[{"description":"Hispanic","count":1039,"tested":5256,"color":"rgb(214,39,40)"},{"description":"Asian","count":39,"tested":427,"color":"rgb(140,86,75)"},{"description":"White","count":819,"tested":8294,"color":"rgb(31,119,180)"},{"description":"Black","count":170,"tested":1506,"color":"rgb(255,127,14)"},{"description":"Other","count":74,"tested":961,"color":"rgb(148,103,189)"},{"description":"Left Blank","count":608,"tested":9182,"color":"rgb(44,160,44)"}],"gender":[{"description":"Female","count":1428,"tested":14352,"color":"rgb(255,127,14)"},{"description":"Male","count":1320,"tested":11093,"color":"rgb(31,119,180)"},{"description":"Unknown/Left Blank","count":7,"tested":218,"color":"rgb(44,160,44)"}]}
