{"age":[{"age_group":"<20","count":227,"tested":5322},{"age_group":"20-29   ","count":551,"tested":16307},{"age_group":"30-39   ","count":545,"tested":12423},{"age_group":"40-49   ","count":335,"tested":7525},{"age_group":"50-59   ","count":374,"tested":8019},{"age_group":"60-69   ","count":259,"tested":6548},{"age_group":"70-79   ","count":144,"tested":3297},{"age_group":"80+","count":62,"tested":1225}],"race":[{"description":"Black","count":222,"tested":4124,"color":"rgb(255,127,14)"},{"description":"Asian","count":143,"tested":2192,"color":"rgb(140,86,75)"},{"description":"White","count":743,"tested":16444,"color":"rgb(31,119,180)"},{"description":"Other","count":158,"tested":1970,"color":"rgb(148,103,189)"},{"description":"Hispanic","count":436,"tested":3328,"color":"rgb(214,39,40)"},{"description":"Left Blank","count":791,"tested":32559,"color":"rgb(44,160,44)"}],"gender":[{"description":"Male","count":1292,"tested":26082,"color":"rgb(31,119,180)"},{"description":"Female","count":1161,"tested":32828,"color":"rgb(255,127,14)"},{"description":"Unknown/Left Blank","count":44,"tested":1813,"color":"rgb(44,160,44)"}]}
