{"age":[{"age_group":"<20","count":821,"tested":5104},{"age_group":"20-29   ","count":880,"tested":7735},{"age_group":"30-39   ","count":808,"tested":7041},{"age_group":"40-49   ","count":877,"tested":7075},{"age_group":"50-59   ","count":720,"tested":7010},{"age_group":"60-69   ","count":432,"tested":5464},{"age_group":"70-79   ","count":193,"tested":2166},{"age_group":"80+","count":156,"tested":1783}],"race":[{"description":"Hispanic","count":2011,"tested":9439,"color":"rgb(214,39,40)"},{"description":"Asian","count":8,"tested":162,"color":"rgb(140,86,75)"},{"description":"Black","count":955,"tested":10888,"color":"rgb(255,127,14)"},{"description":"White","count":290,"tested":3161,"color":"rgb(31,119,180)"},{"description":"Other","count":154,"tested":1393,"color":"rgb(148,103,189)"},{"description":"Left Blank","count":1460,"tested":18184,"color":"rgb(44,160,44)"},{"description":"AI/AN**","count":10,"tested":28,"color":"rgb(31,119,180)"}],"gender":[{"description":"Female","count":2555,"tested":24851,"color":"rgb(255,127,14)"},{"description":"Male","count":2269,"tested":17534,"color":"rgb(31,119,180)"},{"description":"Unknown/Left Blank","count":64,"tested":1007,"color":"rgb(44,160,44)"}]}
