{"age":[{"age_group":"<20","count":50,"tested":426},{"age_group":"20-29   ","count":41,"tested":244},{"age_group":"30-39   ","count":33,"tested":266},{"age_group":"40-49   ","count":43,"tested":331},{"age_group":"50-59   ","count":47,"tested":384},{"age_group":"60-69   ","count":45,"tested":297},{"age_group":"70-79   ","count":23,"tested":119},{"age_group":"80+","count":7,"tested":82}],"race":[{"description":"Hispanic","count":13,"tested":50,"color":"rgb(214,39,40)"},{"description":"Left Blank","count":125,"tested":791,"color":"rgb(44,160,44)"},{"description":"White","count":151,"tested":1278,"color":"rgb(31,119,180)"}],"gender":[{"description":"Female","count":132,"tested":1456,"color":"rgb(255,127,14)"},{"description":"Male","count":138,"tested":650,"color":"rgb(31,119,180)"},{"description":"Unknown/Left Blank","count":19,"tested":43,"color":"rgb(44,160,44)"}]}
