{"age":[{"age_group":"<20","count":230,"tested":1879},{"age_group":"20-29   ","count":267,"tested":2199},{"age_group":"30-39   ","count":262,"tested":2318},{"age_group":"40-49   ","count":268,"tested":1955},{"age_group":"50-59   ","count":203,"tested":1482},{"age_group":"60-69   ","count":110,"tested":1128},{"age_group":"70-79   ","count":36,"tested":541},{"age_group":"80+","count":21,"tested":224}],"race":[{"description":"Left Blank","count":306,"tested":4066,"color":"rgb(44,160,44)"},{"description":"Asian","count":9,"tested":87,"color":"rgb(140,86,75)"},{"description":"White","count":474,"tested":4269,"color":"rgb(31,119,180)"},{"description":"Other","count":27,"tested":375,"color":"rgb(148,103,189)"},{"description":"Black","count":56,"tested":647,"color":"rgb(255,127,14)"},{"description":"Hispanic","count":525,"tested":2264,"color":"rgb(214,39,40)"}],"gender":[{"description":"Male","count":664,"tested":4861,"color":"rgb(31,119,180)"},{"description":"Female","count":727,"tested":6627,"color":"rgb(255,127,14)"}]}
