{"age":[{"age_group":"<20","count":1045,"tested":12153},{"age_group":"20-29   ","count":1572,"tested":24207},{"age_group":"30-39   ","count":1717,"tested":30388},{"age_group":"40-49   ","count":1309,"tested":17493},{"age_group":"50-59   ","count":938,"tested":11559},{"age_group":"60-69   ","count":571,"tested":7334},{"age_group":"70-79   ","count":268,"tested":3556},{"age_group":"80+","count":172,"tested":2661}],"race":[{"description":"AI/AN**","count":19,"tested":105,"color":"rgb(31,119,180)"},{"description":"NH/PI*","count":14,"tested":163,"color":"rgb(127,127,127)"},{"description":"Black","count":166,"tested":2618,"color":"rgb(255,127,14)"},{"description":"Asian","count":193,"tested":3542,"color":"rgb(140,86,75)"},{"description":"Hispanic","count":3251,"tested":19126,"color":"rgb(214,39,40)"},{"description":"White","count":1870,"tested":35972,"color":"rgb(31,119,180)"},{"description":"Other","count":413,"tested":5601,"color":"rgb(148,103,189)"},{"description":"Left Blank","count":1666,"tested":42254,"color":"rgb(44,160,44)"}],"gender":[{"description":"Female","count":3635,"tested":57997,"color":"rgb(255,127,14)"},{"description":"Male","count":3777,"tested":48575,"color":"rgb(31,119,180)"},{"description":"Unknown/Left Blank","count":180,"tested":2809,"color":"rgb(44,160,44)"}]}
