{"age":[{"age_group":"<20","count":480,"tested":3834},{"age_group":"20-29   ","count":663,"tested":6549},{"age_group":"30-39   ","count":526,"tested":5473},{"age_group":"40-49   ","count":526,"tested":5336},{"age_group":"50-59   ","count":568,"tested":5493},{"age_group":"60-69   ","count":430,"tested":5377},{"age_group":"70-79   ","count":256,"tested":3916},{"age_group":"80+","count":167,"tested":3474}],"race":[{"description":"Black","count":97,"tested":2029,"color":"rgb(255,127,14)"},{"description":"Asian","count":63,"tested":876,"color":"rgb(140,86,75)"},{"description":"White","count":1593,"tested":14952,"color":"rgb(31,119,180)"},{"description":"Other","count":153,"tested":1292,"color":"rgb(148,103,189)"},{"description":"Left Blank","count":1526,"tested":19024,"color":"rgb(44,160,44)"},{"description":"Hispanic","count":180,"tested":1196,"color":"rgb(214,39,40)"}],"gender":[{"description":"Male","count":1678,"tested":15418,"color":"rgb(31,119,180)"},{"description":"Female","count":1908,"tested":23395,"color":"rgb(255,127,14)"},{"description":"Unknown/Left Blank","count":32,"tested":653,"color":"rgb(44,160,44)"}]}
