{"age":[{"age_group":"<20","count":377,"tested":3050},{"age_group":"20-29   ","count":413,"tested":3523},{"age_group":"30-39   ","count":289,"tested":2955},{"age_group":"40-49   ","count":338,"tested":2528},{"age_group":"50-59   ","count":440,"tested":3860},{"age_group":"60-69   ","count":261,"tested":2789},{"age_group":"70-79   ","count":113,"tested":1536},{"age_group":"80+","count":61,"tested":945}],"race":[{"description":"Hispanic","count":88,"tested":500,"color":"rgb(214,39,40)"},{"description":"Left Blank","count":925,"tested":10091,"color":"rgb(44,160,44)"},{"description":"White","count":1174,"tested":9653,"color":"rgb(31,119,180)"},{"description":"Black","count":26,"tested":204,"color":"rgb(255,127,14)"},{"description":"Asian","count":14,"tested":180,"color":"rgb(140,86,75)"},{"description":"Other","count":61,"tested":531,"color":"rgb(148,103,189)"}],"gender":[{"description":"Unknown/Left Blank","count":42,"tested":380,"color":"rgb(44,160,44)"},{"description":"Male","count":1129,"tested":9562,"color":"rgb(31,119,180)"},{"description":"Female","count":1121,"tested":11246,"color":"rgb(255,127,14)"}]}
