{"age":[{"age_group":"<20","count":104,"tested":752},{"age_group":"20-29   ","count":129,"tested":1137},{"age_group":"30-39   ","count":87,"tested":1008},{"age_group":"40-49   ","count":99,"tested":1128},{"age_group":"50-59   ","count":121,"tested":1312},{"age_group":"60-69   ","count":56,"tested":1007},{"age_group":"70-79   ","count":32,"tested":346},{"age_group":"80+","count":6,"tested":151}],"race":[{"description":"Other","count":13,"tested":130,"color":"rgb(148,103,189)"},{"description":"Left Blank","count":233,"tested":3194,"color":"rgb(44,160,44)"},{"description":"White","count":263,"tested":2864,"color":"rgb(31,119,180)"},{"description":"Asian","count":6,"tested":85,"color":"rgb(140,86,75)"},{"description":"Hispanic","count":115,"tested":508,"color":"rgb(214,39,40)"}],"gender":[{"description":"Female","count":336,"tested":3768,"color":"rgb(255,127,14)"},{"description":"Male","count":293,"tested":2996,"color":"rgb(31,119,180)"}]}
