{"age":[{"age_group":"<20","count":40,"tested":254},{"age_group":"20-29   ","count":41,"tested":348},{"age_group":"30-39   ","count":27,"tested":223},{"age_group":"40-49   ","count":19,"tested":176},{"age_group":"50-59   ","count":48,"tested":490},{"age_group":"60-69   ","count":37,"tested":354},{"age_group":"70-79   ","count":12,"tested":225},{"age_group":"80+","count":7,"tested":67}],"race":[{"description":"Other","count":6,"tested":61,"color":"rgb(148,103,189)"},{"description":"Left Blank","count":59,"tested":883,"color":"rgb(44,160,44)"},{"description":"White","count":137,"tested":1009,"color":"rgb(31,119,180)"},{"description":"Asian","count":16,"tested":97,"color":"rgb(140,86,75)"},{"description":"Hispanic","count":11,"tested":70,"color":"rgb(214,39,40)"}],"gender":[{"description":"Male","count":121,"tested":1035,"color":"rgb(31,119,180)"},{"description":"Female","count":109,"tested":1072,"color":"rgb(255,127,14)"}]}
