{"age":[{"age_group":"<20","count":271,"tested":2281},{"age_group":"20-29   ","count":260,"tested":2625},{"age_group":"30-39   ","count":269,"tested":2252},{"age_group":"40-49   ","count":303,"tested":2696},{"age_group":"50-59   ","count":304,"tested":3012},{"age_group":"60-69   ","count":208,"tested":2309},{"age_group":"70-79   ","count":108,"tested":1089},{"age_group":"80+","count":24,"tested":477}],"race":[{"description":"Hispanic","count":104,"tested":658,"color":"rgb(214,39,40)"},{"description":"White","count":694,"tested":7616,"color":"rgb(31,119,180)"},{"description":"Left Blank","count":788,"tested":7192,"color":"rgb(44,160,44)"},{"description":"Other","count":125,"tested":859,"color":"rgb(148,103,189)"},{"description":"Black","count":20,"tested":189,"color":"rgb(255,127,14)"},{"description":"Asian","count":13,"tested":206,"color":"rgb(140,86,75)"}],"gender":[{"description":"Female","count":889,"tested":9210,"color":"rgb(255,127,14)"},{"description":"Male","count":837,"tested":7388,"color":"rgb(31,119,180)"},{"description":"Unknown/Left Blank","count":21,"tested":148,"color":"rgb(44,160,44)"}]}
