{"age":[{"age_group":"<20","count":353,"tested":3837},{"age_group":"20-29   ","count":351,"tested":4114},{"age_group":"30-39   ","count":299,"tested":4144},{"age_group":"40-49   ","count":271,"tested":3304},{"age_group":"50-59   ","count":296,"tested":4225},{"age_group":"60-69   ","count":255,"tested":4118},{"age_group":"70-79   ","count":93,"tested":2396},{"age_group":"80+","count":85,"tested":3099}],"race":[{"description":"Hispanic","count":149,"tested":617,"color":"rgb(214,39,40)"},{"description":"Asian","count":59,"tested":586,"color":"rgb(140,86,75)"},{"description":"Left Blank","count":564,"tested":16043,"color":"rgb(44,160,44)"},{"description":"White","count":1107,"tested":10607,"color":"rgb(31,119,180)"},{"description":"Black","count":61,"tested":599,"color":"rgb(255,127,14)"},{"description":"Other","count":61,"tested":803,"color":"rgb(148,103,189)"}],"gender":[{"description":"Unknown/Left Blank","count":35,"tested":413,"color":"rgb(44,160,44)"},{"description":"Male","count":957,"tested":12482,"color":"rgb(31,119,180)"},{"description":"Female","count":1011,"tested":16375,"color":"rgb(255,127,14)"}]}
