{"age":[{"age_group":"<20","count":304,"tested":2929},{"age_group":"20-29   ","count":312,"tested":3297},{"age_group":"30-39   ","count":250,"tested":2447},{"age_group":"40-49   ","count":286,"tested":2921},{"age_group":"50-59   ","count":335,"tested":3498},{"age_group":"60-69   ","count":268,"tested":3172},{"age_group":"70-79   ","count":213,"tested":1706},{"age_group":"80+","count":225,"tested":1675}],"race":[{"description":"Hispanic","count":192,"tested":725,"color":"rgb(214,39,40)"},{"description":"Left Blank","count":429,"tested":8701,"color":"rgb(44,160,44)"},{"description":"White","count":789,"tested":10493,"color":"rgb(31,119,180)"},{"description":"Other","count":194,"tested":769,"color":"rgb(148,103,189)"},{"description":"Black","count":150,"tested":324,"color":"rgb(255,127,14)"},{"description":"Asian","count":165,"tested":556,"color":"rgb(140,86,75)"}],"gender":[{"description":"Female","count":698,"tested":11182,"color":"rgb(255,127,14)"},{"description":"Male","count":661,"tested":9248,"color":"rgb(31,119,180)"},{"description":"Unknown/Left Blank","count":149,"tested":1220,"color":"rgb(44,160,44)"}]}
