{"age":[{"age_group":"<20","count":1043,"tested":5918},{"age_group":"20-29   ","count":1172,"tested":7622},{"age_group":"30-39   ","count":1045,"tested":6427},{"age_group":"40-49   ","count":1128,"tested":6931},{"age_group":"50-59   ","count":883,"tested":6018},{"age_group":"60-69   ","count":562,"tested":3596},{"age_group":"70-79   ","count":349,"tested":2022},{"age_group":"80+","count":290,"tested":2133}],"race":[{"description":"White","count":1065,"tested":12530,"color":"rgb(31,119,180)"},{"description":"Left Blank","count":1473,"tested":13657,"color":"rgb(44,160,44)"},{"description":"Hispanic","count":2527,"tested":9907,"color":"rgb(214,39,40)"},{"description":"AI/AN**","count":201,"tested":40,"color":"rgb(31,119,180)"},{"description":"NH/PI*","count":202,"tested":152,"color":"rgb(127,127,127)"},{"description":"Black","count":337,"tested":1470,"color":"rgb(255,127,14)"},{"description":"Asian","count":275,"tested":1138,"color":"rgb(140,86,75)"},{"description":"Other","count":394,"tested":1787,"color":"rgb(148,103,189)"}],"gender":[{"description":"Male","count":2504,"tested":15742,"color":"rgb(31,119,180)"},{"description":"Female","count":2780,"tested":24303,"color":"rgb(255,127,14)"},{"description":"Unknown/Left Blank","count":215,"tested":636,"color":"rgb(44,160,44)"}]}
