{"age":[{"age_group":"<20","count":505,"tested":4498},{"age_group":"20-29   ","count":665,"tested":7107},{"age_group":"30-39   ","count":622,"tested":7034},{"age_group":"40-49   ","count":541,"tested":6788},{"age_group":"50-59   ","count":520,"tested":7107},{"age_group":"60-69   ","count":425,"tested":6314},{"age_group":"70-79   ","count":196,"tested":3039},{"age_group":"80+","count":167,"tested":2028}],"race":[{"description":"Hispanic","count":667,"tested":2704,"color":"rgb(214,39,40)"},{"description":"Asian","count":317,"tested":1831,"color":"rgb(140,86,75)"},{"description":"Left Blank","count":898,"tested":25422,"color":"rgb(44,160,44)"},{"description":"White","count":912,"tested":8466,"color":"rgb(31,119,180)"},{"description":"Black","count":392,"tested":3056,"color":"rgb(255,127,14)"},{"description":"Other","count":369,"tested":2340,"color":"rgb(148,103,189)"},{"description":"AI/AN**","count":46,"tested":58,"color":"rgb(31,119,180)"}],"gender":[{"description":"Unknown/Left Blank","count":59,"tested":2244,"color":"rgb(44,160,44)"},{"description":"Male","count":1657,"tested":18319,"color":"rgb(31,119,180)"},{"description":"Female","count":1735,"tested":23371,"color":"rgb(255,127,14)"}]}
