{"age":[{"age_group":"<20","count":432,"tested":2426},{"age_group":"20-29   ","count":532,"tested":4456},{"age_group":"30-39   ","count":418,"tested":3907},{"age_group":"40-49   ","count":519,"tested":4008},{"age_group":"50-59   ","count":427,"tested":4198},{"age_group":"60-69   ","count":327,"tested":3755},{"age_group":"70-79   ","count":199,"tested":2527},{"age_group":"80+","count":230,"tested":3639}],"race":[{"description":"Black","count":79,"tested":253,"color":"rgb(255,127,14)"},{"description":"Asian","count":185,"tested":1232,"color":"rgb(140,86,75)"},{"description":"Hispanic","count":958,"tested":4199,"color":"rgb(214,39,40)"},{"description":"White","count":684,"tested":5980,"color":"rgb(31,119,180)"},{"description":"Other","count":194,"tested":931,"color":"rgb(148,103,189)"},{"description":"Left Blank","count":863,"tested":16199,"color":"rgb(44,160,44)"},{"description":"AI/AN**","count":63,"tested":51,"color":"rgb(31,119,180)"}],"gender":[{"description":"Male","count":1316,"tested":11199,"color":"rgb(31,119,180)"},{"description":"Unknown/Left Blank","count":74,"tested":848,"color":"rgb(44,160,44)"},{"description":"Female","count":1424,"tested":16881,"color":"rgb(255,127,14)"}]}
