{"age":[{"age_group":"<20","count":219,"tested":1837},{"age_group":"20-29   ","count":266,"tested":2972},{"age_group":"30-39   ","count":251,"tested":2762},{"age_group":"40-49   ","count":259,"tested":3106},{"age_group":"50-59   ","count":290,"tested":3895},{"age_group":"60-69   ","count":263,"tested":3880},{"age_group":"70-79   ","count":158,"tested":2558},{"age_group":"80+","count":154,"tested":2729}],"race":[{"description":"Left Blank","count":710,"tested":13380,"color":"rgb(44,160,44)"},{"description":"Hispanic","count":112,"tested":489,"color":"rgb(214,39,40)"},{"description":"Black","count":786,"tested":8314,"color":"rgb(255,127,14)"},{"description":"White","count":122,"tested":1190,"color":"rgb(31,119,180)"},{"description":"Other","count":52,"tested":262,"color":"rgb(148,103,189)"}],"gender":[{"description":"Female","count":951,"tested":14319,"color":"rgb(255,127,14)"},{"description":"Male","count":744,"tested":8975,"color":"rgb(31,119,180)"},{"description":"Unknown/Left Blank","count":46,"tested":455,"color":"rgb(44,160,44)"}]}
