{"age":[{"age_group":"<20","count":1931,"tested":10187},{"age_group":"20-29   ","count":2372,"tested":15543},{"age_group":"30-39   ","count":2248,"tested":13375},{"age_group":"40-49   ","count":2174,"tested":11619},{"age_group":"50-59   ","count":1795,"tested":10247},{"age_group":"60-69   ","count":1073,"tested":6959},{"age_group":"70-79   ","count":598,"tested":3209},{"age_group":"80+","count":323,"tested":1240}],"race":[{"description":"AI/AN**","count":189,"tested":57,"color":"rgb(31,119,180)"},{"description":"NH/PI*","count":186,"tested":61,"color":"rgb(127,127,127)"},{"description":"White","count":801,"tested":5413,"color":"rgb(31,119,180)"},{"description":"Left Blank","count":2166,"tested":21911,"color":"rgb(44,160,44)"},{"description":"Asian","count":233,"tested":523,"color":"rgb(140,86,75)"},{"description":"Other","count":557,"tested":3151,"color":"rgb(148,103,189)"},{"description":"Black","count":752,"tested":4917,"color":"rgb(255,127,14)"},{"description":"Hispanic","count":7630,"tested":36382,"color":"rgb(214,39,40)"}],"gender":[{"description":"Unknown/Left Blank","count":225,"tested":745,"color":"rgb(44,160,44)"},{"description":"Male","count":5609,"tested":32571,"color":"rgb(31,119,180)"},{"description":"Female","count":5780,"tested":39099,"color":"rgb(255,127,14)"}]}
