{"age":[{"age_group":"<20","count":2474,"tested":12685},{"age_group":"20-29   ","count":2942,"tested":18874},{"age_group":"30-39   ","count":2561,"tested":13840},{"age_group":"40-49   ","count":2621,"tested":13158},{"age_group":"50-59   ","count":1986,"tested":10306},{"age_group":"60-69   ","count":1168,"tested":7056},{"age_group":"70-79   ","count":510,"tested":3037},{"age_group":"80+","count":302,"tested":1340}],"race":[{"description":"Hispanic","count":8170,"tested":33089,"color":"rgb(214,39,40)"},{"description":"Asian","count":166,"tested":209,"color":"rgb(140,86,75)"},{"description":"Black","count":921,"tested":7004,"color":"rgb(255,127,14)"},{"description":"White","count":772,"tested":5990,"color":"rgb(31,119,180)"},{"description":"Left Blank","count":3530,"tested":30068,"color":"rgb(44,160,44)"},{"description":"Other","count":676,"tested":3773,"color":"rgb(148,103,189)"},{"description":"AI/AN**","count":173,"tested":153,"color":"rgb(31,119,180)"},{"description":"NH/PI*","count":156,"tested":45,"color":"rgb(127,127,127)"}],"gender":[{"description":"Female","count":7045,"tested":44512,"color":"rgb(255,127,14)"},{"description":"Male","count":6540,"tested":35135,"color":"rgb(31,119,180)"},{"description":"Unknown/Left Blank","count":234,"tested":684,"color":"rgb(44,160,44)"}]}
