{"age":[{"age_group":"<20","count":175,"tested":1517},{"age_group":"20-29   ","count":182,"tested":2166},{"age_group":"30-39   ","count":214,"tested":2257},{"age_group":"40-49   ","count":241,"tested":2393},{"age_group":"50-59   ","count":205,"tested":2600},{"age_group":"60-69   ","count":166,"tested":2350},{"age_group":"70-79   ","count":125,"tested":1495},{"age_group":"80+","count":114,"tested":910}],"race":[{"description":"Black","count":395,"tested":4023,"color":"rgb(255,127,14)"},{"description":"Asian","count":45,"tested":76,"color":"rgb(140,86,75)"},{"description":"Hispanic","count":84,"tested":355,"color":"rgb(214,39,40)"},{"description":"Other","count":60,"tested":285,"color":"rgb(148,103,189)"},{"description":"Left Blank","count":507,"tested":7530,"color":"rgb(44,160,44)"},{"description":"White","count":253,"tested":3384,"color":"rgb(31,119,180)"}],"gender":[{"description":"Male","count":531,"tested":6227,"color":"rgb(31,119,180)"},{"description":"Unknown/Left Blank","count":51,"tested":308,"color":"rgb(44,160,44)"},{"description":"Female","count":650,"tested":9159,"color":"rgb(255,127,14)"}]}
