{"age":[{"age_group":"<20","count":138,"tested":1742},{"age_group":"20-29   ","count":1021,"tested":15000},{"age_group":"30-39   ","count":535,"tested":9217},{"age_group":"40-49   ","count":248,"tested":3209},{"age_group":"50-59   ","count":232,"tested":3597},{"age_group":"60-69   ","count":202,"tested":3695},{"age_group":"70-79   ","count":186,"tested":3565},{"age_group":"80+","count":132,"tested":2532}],"race":[{"description":"Hispanic","count":165,"tested":654,"color":"rgb(214,39,40)"},{"description":"Asian","count":104,"tested":962,"color":"rgb(140,86,75)"},{"description":"Left Blank","count":803,"tested":22619,"color":"rgb(44,160,44)"},{"description":"White","count":985,"tested":13702,"color":"rgb(31,119,180)"},{"description":"Other","count":150,"tested":1386,"color":"rgb(148,103,189)"},{"description":"Black","count":356,"tested":3199,"color":"rgb(255,127,14)"}],"gender":[{"description":"Unknown/Left Blank","count":82,"tested":785,"color":"rgb(44,160,44)"},{"description":"Male","count":1063,"tested":17540,"color":"rgb(31,119,180)"},{"description":"Female","count":1229,"tested":24238,"color":"rgb(255,127,14)"}]}
