{"age":[{"age_group":"<20","count":736,"tested":3531},{"age_group":"20-29   ","count":926,"tested":6009},{"age_group":"30-39   ","count":954,"tested":5633},{"age_group":"40-49   ","count":873,"tested":5026},{"age_group":"50-59   ","count":808,"tested":5669},{"age_group":"60-69   ","count":634,"tested":4826},{"age_group":"70-79   ","count":498,"tested":3209},{"age_group":"80+","count":457,"tested":3758}],"race":[{"description":"Hispanic","count":1203,"tested":3993,"color":"rgb(214,39,40)"},{"description":"Left Blank","count":1438,"tested":15906,"color":"rgb(44,160,44)"},{"description":"White","count":1290,"tested":11390,"color":"rgb(31,119,180)"},{"description":"Black","count":637,"tested":3802,"color":"rgb(255,127,14)"},{"description":"Asian","count":307,"tested":271,"color":"rgb(140,86,75)"},{"description":"Other","count":438,"tested":2170,"color":"rgb(148,103,189)"},{"description":"AI/AN**","count":299,"tested":123,"color":"rgb(31,119,180)"}],"gender":[{"description":"Female","count":2250,"tested":22055,"color":"rgb(255,127,14)"},{"description":"Male","count":1972,"tested":15232,"color":"rgb(31,119,180)"},{"description":"Unknown/Left Blank","count":299,"tested":379,"color":"rgb(44,160,44)"}]}
