{"age":[{"age_group":"<20","count":490,"tested":4155},{"age_group":"20-29   ","count":781,"tested":6906},{"age_group":"30-39   ","count":781,"tested":8503},{"age_group":"40-49   ","count":679,"tested":6345},{"age_group":"50-59   ","count":683,"tested":5798},{"age_group":"60-69   ","count":473,"tested":4762},{"age_group":"70-79   ","count":273,"tested":2506},{"age_group":"80+","count":248,"tested":1770}],"race":[{"description":"NH/PI*","count":94,"tested":153,"color":"rgb(127,127,127)"},{"description":"AI/AN**","count":84,"tested":36,"color":"rgb(31,119,180)"},{"description":"Other","count":298,"tested":2135,"color":"rgb(148,103,189)"},{"description":"White","count":1315,"tested":13779,"color":"rgb(31,119,180)"},{"description":"Left Blank","count":839,"tested":14091,"color":"rgb(44,160,44)"},{"description":"Hispanic","count":1279,"tested":7537,"color":"rgb(214,39,40)"},{"description":"Asian","count":369,"tested":2431,"color":"rgb(140,86,75)"},{"description":"Black","count":130,"tested":589,"color":"rgb(255,127,14)"}],"gender":[{"description":"Male","count":1991,"tested":18173,"color":"rgb(31,119,180)"},{"description":"Unknown/Left Blank","count":90,"tested":838,"color":"rgb(44,160,44)"},{"description":"Female","count":1962,"tested":21740,"color":"rgb(255,127,14)"}]}
