{"age":[{"age_group":"<20","count":36,"tested":159},{"age_group":"20-29   ","count":35,"tested":187},{"age_group":"30-39   ","count":35,"tested":212},{"age_group":"40-49   ","count":30,"tested":163},{"age_group":"50-59   ","count":27,"tested":173},{"age_group":"60-69   ","count":28,"tested":212}],"race":[{"description":"Left Blank","count":48,"tested":403,"color":"rgb(44,160,44)"},{"description":"White","count":64,"tested":703,"color":"rgb(31,119,180)"},{"description":"Hispanic","count":28,"tested":101,"color":"rgb(214,39,40)"}],"gender":[{"description":"Female","count":69,"tested":709,"color":"rgb(255,127,14)"},{"description":"Male","count":58,"tested":521,"color":"rgb(31,119,180)"}]}
