{"age":[{"age_group":"<20","count":777,"tested":3479},{"age_group":"20-29   ","count":864,"tested":4492},{"age_group":"30-39   ","count":770,"tested":3598},{"age_group":"40-49   ","count":836,"tested":3806},{"age_group":"50-59   ","count":670,"tested":3066},{"age_group":"60-69   ","count":448,"tested":1973},{"age_group":"70-79   ","count":295,"tested":825},{"age_group":"80+","count":237,"tested":346}],"race":[{"description":"Hispanic","count":1578,"tested":4556,"color":"rgb(214,39,40)"},{"description":"Left Blank","count":1332,"tested":10731,"color":"rgb(44,160,44)"},{"description":"Asian","count":250,"tested":463,"color":"rgb(140,86,75)"},{"description":"White","count":754,"tested":4672,"color":"rgb(31,119,180)"},{"description":"Black","count":287,"tested":626,"color":"rgb(255,127,14)"},{"description":"Other","count":271,"tested":512,"color":"rgb(148,103,189)"}],"gender":[{"description":"Female","count":1846,"tested":12187,"color":"rgb(255,127,14)"},{"description":"Male","count":1770,"tested":9096,"color":"rgb(31,119,180)"},{"description":"Unknown/Left Blank","count":226,"tested":308,"color":"rgb(44,160,44)"}]}
