{"age":[{"age_group":"<20","count":55,"tested":881},{"age_group":"20-29   ","count":79,"tested":2092},{"age_group":"30-39   ","count":58,"tested":1423},{"age_group":"40-49   ","count":74,"tested":1883},{"age_group":"50-59   ","count":90,"tested":2140},{"age_group":"60-69   ","count":66,"tested":1708},{"age_group":"70-79   ","count":72,"tested":1351},{"age_group":"80+","count":110,"tested":2601}],"race":[{"description":"White","count":261,"tested":3935,"color":"rgb(31,119,180)"},{"description":"Asian","count":36,"tested":918,"color":"rgb(140,86,75)"},{"description":"Hispanic","count":38,"tested":918,"color":"rgb(214,39,40)"},{"description":"Other","count":47,"tested":361,"color":"rgb(148,103,189)"},{"description":"Left Blank","count":157,"tested":7461,"color":"rgb(44,160,44)"}],"gender":[{"description":"Female","count":265,"tested":8723,"color":"rgb(255,127,14)"},{"description":"Male","count":214,"tested":4945,"color":"rgb(31,119,180)"}]}
