{"age":[{"age_group":"<20","count":216,"tested":2186},{"age_group":"20-29   ","count":207,"tested":2319},{"age_group":"30-39   ","count":184,"tested":1718},{"age_group":"40-49   ","count":196,"tested":2202},{"age_group":"50-59   ","count":232,"tested":2404},{"age_group":"60-69   ","count":101,"tested":1497},{"age_group":"70-79   ","count":69,"tested":730},{"age_group":"80+","count":43,"tested":311}],"race":[{"description":"Other","count":60,"tested":555,"color":"rgb(148,103,189)"},{"description":"Left Blank","count":254,"tested":4599,"color":"rgb(44,160,44)"},{"description":"Black","count":122,"tested":1007,"color":"rgb(255,127,14)"},{"description":"Asian","count":130,"tested":1113,"color":"rgb(140,86,75)"},{"description":"White","count":413,"tested":5088,"color":"rgb(31,119,180)"},{"description":"Hispanic","count":198,"tested":993,"color":"rgb(214,39,40)"}],"gender":[{"description":"Female","count":554,"tested":7534,"color":"rgb(255,127,14)"},{"description":"Male","count":484,"tested":5760,"color":"rgb(31,119,180)"}]}
