{"age":[{"age_group":"<20","count":711,"tested":3782},{"age_group":"20-29   ","count":965,"tested":7203},{"age_group":"30-39   ","count":870,"tested":5424},{"age_group":"40-49   ","count":897,"tested":5437},{"age_group":"50-59   ","count":807,"tested":5759},{"age_group":"60-69   ","count":639,"tested":4876},{"age_group":"70-79   ","count":436,"tested":2873},{"age_group":"80+","count":403,"tested":2489}],"race":[{"description":"Asian","count":340,"tested":1066,"color":"rgb(140,86,75)"},{"description":"White","count":923,"tested":8152,"color":"rgb(31,119,180)"},{"description":"Left Blank","count":1609,"tested":19573,"color":"rgb(44,160,44)"},{"description":"Hispanic","count":1604,"tested":6064,"color":"rgb(214,39,40)"},{"description":"Black","count":411,"tested":1984,"color":"rgb(255,127,14)"},{"description":"Other","count":336,"tested":962,"color":"rgb(148,103,189)"}],"gender":[{"description":"Male","count":1939,"tested":15261,"color":"rgb(31,119,180)"},{"description":"Unknown/Left Blank","count":283,"tested":585,"color":"rgb(44,160,44)"},{"description":"Female","count":2251,"tested":22010,"color":"rgb(255,127,14)"}]}
