{"age":[{"age_group":"<20","count":289,"tested":2336},{"age_group":"20-29   ","count":370,"tested":2369},{"age_group":"30-39   ","count":336,"tested":2197},{"age_group":"40-49   ","count":327,"tested":1959},{"age_group":"50-59   ","count":347,"tested":1912},{"age_group":"60-69   ","count":286,"tested":1807},{"age_group":"70-79   ","count":180,"tested":951},{"age_group":"80+","count":230,"tested":1196}],"race":[{"description":"Asian","count":91,"tested":48,"color":"rgb(140,86,75)"},{"description":"Black","count":146,"tested":718,"color":"rgb(255,127,14)"},{"description":"Other","count":232,"tested":661,"color":"rgb(148,103,189)"},{"description":"Hispanic","count":233,"tested":788,"color":"rgb(214,39,40)"},{"description":"Left Blank","count":456,"tested":5774,"color":"rgb(44,160,44)"},{"description":"White","count":1040,"tested":6734,"color":"rgb(31,119,180)"}],"gender":[{"description":"Female","count":1032,"tested":8703,"color":"rgb(255,127,14)"},{"description":"Male","count":782,"tested":5134,"color":"rgb(31,119,180)"},{"description":"Unknown/Left Blank","count":136,"tested":892,"color":"rgb(44,160,44)"}]}
