{"age":[{"age_group":"<20","count":31,"tested":191},{"age_group":"20-29   ","count":25,"tested":209},{"age_group":"30-39   ","count":23,"tested":232},{"age_group":"40-49   ","count":37,"tested":152},{"age_group":"50-59   ","count":28,"tested":238},{"age_group":"60-69   ","count":29,"tested":245},{"age_group":"70-79   ","count":18,"tested":112}],"race":[{"description":"Left Blank","count":27,"tested":307,"color":"rgb(44,160,44)"},{"description":"White","count":111,"tested":1050,"color":"rgb(31,119,180)"}],"gender":[{"description":"Female","count":83,"tested":939,"color":"rgb(255,127,14)"},{"description":"Male","count":60,"tested":464,"color":"rgb(31,119,180)"}]}
