{"age":[{"age_group":"<20","count":106,"tested":460},{"age_group":"20-29   ","count":143,"tested":916},{"age_group":"30-39   ","count":125,"tested":820},{"age_group":"40-49   ","count":106,"tested":675},{"age_group":"50-59   ","count":124,"tested":821},{"age_group":"60-69   ","count":88,"tested":828},{"age_group":"70-79   ","count":59,"tested":308},{"age_group":"80+","count":41,"tested":161}],"race":[{"description":"Other","count":67,"tested":233,"color":"rgb(148,103,189)"},{"description":"Black","count":35,"tested":138,"color":"rgb(255,127,14)"},{"description":"Asian","count":40,"tested":85,"color":"rgb(140,86,75)"},{"description":"Left Blank","count":316,"tested":2449,"color":"rgb(44,160,44)"},{"description":"White","count":194,"tested":1757,"color":"rgb(31,119,180)"},{"description":"Hispanic","count":82,"tested":311,"color":"rgb(214,39,40)"}],"gender":[{"description":"Female","count":349,"tested":2788,"color":"rgb(255,127,14)"},{"description":"Male","count":274,"tested":2128,"color":"rgb(31,119,180)"}]}
