{"age":[{"age_group":"<20","count":20,"tested":100},{"age_group":"20-29   ","count":13,"tested":66},{"age_group":"30-39   ","count":19,"tested":134},{"age_group":"40-49   ","count":16,"tested":101},{"age_group":"50-59   ","count":18,"tested":101},{"age_group":"60-69   ","count":22,"tested":92},{"age_group":"70-79   ","count":16,"tested":51}],"race":[{"description":"Left Blank","count":38,"tested":235,"color":"rgb(44,160,44)"},{"description":"White","count":67,"tested":383,"color":"rgb(31,119,180)"}],"gender":[{"description":"Female","count":55,"tested":347,"color":"rgb(255,127,14)"},{"description":"Male","count":55,"tested":297,"color":"rgb(31,119,180)"}]}
