{"age":[{"age_group":"<20","count":288,"tested":4702},{"age_group":"20-29   ","count":1621,"tested":28326},{"age_group":"30-39   ","count":842,"tested":18440},{"age_group":"40-49   ","count":375,"tested":6433},{"age_group":"50-59   ","count":338,"tested":4560},{"age_group":"60-69   ","count":233,"tested":3067},{"age_group":"70-79   ","count":193,"tested":2548},{"age_group":"80+","count":206,"tested":2385}],"race":[{"description":"Hispanic","count":325,"tested":1525,"color":"rgb(214,39,40)"},{"description":"Asian","count":181,"tested":1473,"color":"rgb(140,86,75)"},{"description":"White","count":1567,"tested":22389,"color":"rgb(31,119,180)"},{"description":"Left Blank","count":1384,"tested":41543,"color":"rgb(44,160,44)"},{"description":"Black","count":180,"tested":1115,"color":"rgb(255,127,14)"},{"description":"AI/AN**","count":116,"tested":50,"color":"rgb(31,119,180)"},{"description":"Other","count":232,"tested":2352,"color":"rgb(148,103,189)"}],"gender":[{"description":"Unknown/Left Blank","count":150,"tested":912,"color":"rgb(44,160,44)"},{"description":"Male","count":1740,"tested":31481,"color":"rgb(31,119,180)"},{"description":"Female","count":1666,"tested":38077,"color":"rgb(255,127,14)"}]}
