{"age":[{"age_group":"<20","count":282,"tested":2472},{"age_group":"20-29   ","count":321,"tested":3446},{"age_group":"30-39   ","count":308,"tested":3043},{"age_group":"40-49   ","count":287,"tested":3137},{"age_group":"50-59   ","count":322,"tested":3528},{"age_group":"60-69   ","count":272,"tested":3799},{"age_group":"70-79   ","count":218,"tested":3515},{"age_group":"80+","count":215,"tested":4821}],"race":[{"description":"Other","count":164,"tested":1536,"color":"rgb(148,103,189)"},{"description":"Left Blank","count":687,"tested":13314,"color":"rgb(44,160,44)"},{"description":"Black","count":169,"tested":1938,"color":"rgb(255,127,14)"},{"description":"Asian","count":144,"tested":1088,"color":"rgb(140,86,75)"},{"description":"White","count":799,"tested":9233,"color":"rgb(31,119,180)"},{"description":"Hispanic","count":142,"tested":605,"color":"rgb(214,39,40)"}],"gender":[{"description":"Female","count":1018,"tested":16608,"color":"rgb(255,127,14)"},{"description":"Male","count":854,"tested":10709,"color":"rgb(31,119,180)"},{"description":"Unknown/Left Blank","count":68,"tested":451,"color":"rgb(44,160,44)"}]}
