{"age":[{"age_group":"<20","count":381,"tested":2005},{"age_group":"20-29   ","count":366,"tested":1871},{"age_group":"30-39   ","count":352,"tested":2326},{"age_group":"40-49   ","count":383,"tested":2435},{"age_group":"50-59   ","count":384,"tested":2235},{"age_group":"60-69   ","count":284,"tested":1950},{"age_group":"70-79   ","count":239,"tested":1441},{"age_group":"80+","count":211,"tested":961}],"race":[{"description":"Black","count":172,"tested":200,"color":"rgb(255,127,14)"},{"description":"Asian","count":255,"tested":866,"color":"rgb(140,86,75)"},{"description":"Hispanic","count":308,"tested":837,"color":"rgb(214,39,40)"},{"description":"Left Blank","count":683,"tested":7283,"color":"rgb(44,160,44)"},{"description":"White","count":683,"tested":5704,"color":"rgb(31,119,180)"},{"description":"Other","count":199,"tested":314,"color":"rgb(148,103,189)"}],"gender":[{"description":"Female","count":894,"tested":8413,"color":"rgb(255,127,14)"},{"description":"Male","count":812,"tested":6623,"color":"rgb(31,119,180)"},{"description":"Unknown/Left Blank","count":155,"tested":193,"color":"rgb(44,160,44)"}]}
