{"age":[{"age_group":"<20","count":355,"tested":1598},{"age_group":"20-29   ","count":393,"tested":1874},{"age_group":"30-39   ","count":363,"tested":1534},{"age_group":"40-49   ","count":345,"tested":1447},{"age_group":"50-59   ","count":389,"tested":1871},{"age_group":"60-69   ","count":315,"tested":1481},{"age_group":"70-79   ","count":263,"tested":1063},{"age_group":"80+","count":246,"tested":1308}],"race":[{"description":"Hispanic","count":242,"tested":340,"color":"rgb(214,39,40)"},{"description":"Left Blank","count":652,"tested":4422,"color":"rgb(44,160,44)"},{"description":"White","count":878,"tested":6553,"color":"rgb(31,119,180)"},{"description":"Black","count":174,"tested":114,"color":"rgb(255,127,14)"},{"description":"Other","count":229,"tested":695,"color":"rgb(148,103,189)"}],"gender":[{"description":"Female","count":850,"tested":7111,"color":"rgb(255,127,14)"},{"description":"Male","count":821,"tested":4901,"color":"rgb(31,119,180)"},{"description":"Unknown/Left Blank","count":180,"tested":164,"color":"rgb(44,160,44)"}]}
