{"age":[{"age_group":"<20","count":169,"tested":1591},{"age_group":"20-29   ","count":149,"tested":2198},{"age_group":"30-39   ","count":129,"tested":1962},{"age_group":"40-49   ","count":157,"tested":2096},{"age_group":"50-59   ","count":131,"tested":2341},{"age_group":"60-69   ","count":104,"tested":2371},{"age_group":"70-79   ","count":64,"tested":1725},{"age_group":"80+","count":84,"tested":3285}],"race":[{"description":"White","count":349,"tested":5541,"color":"rgb(31,119,180)"},{"description":"Hispanic","count":92,"tested":632,"color":"rgb(214,39,40)"},{"description":"Black","count":56,"tested":584,"color":"rgb(255,127,14)"},{"description":"Other","count":75,"tested":376,"color":"rgb(148,103,189)"},{"description":"Left Blank","count":290,"tested":10302,"color":"rgb(44,160,44)"}],"gender":[{"description":"Unknown/Left Blank","count":46,"tested":366,"color":"rgb(44,160,44)"},{"description":"Male","count":355,"tested":6652,"color":"rgb(31,119,180)"},{"description":"Female","count":386,"tested":10557,"color":"rgb(255,127,14)"}]}
