{"age":[{"age_group":"20-29   ","count":12,"tested":105},{"age_group":"40-49   ","count":12,"tested":163},{"age_group":"50-59   ","count":12,"tested":97},{"age_group":"60-69   ","count":12,"tested":96}],"race":[{"description":"Hispanic","count":15,"tested":42,"color":"rgb(214,39,40)"},{"description":"White","count":26,"tested":513,"color":"rgb(31,119,180)"}],"gender":[{"description":"Male","count":23,"tested":300,"color":"rgb(31,119,180)"},{"description":"Female","count":22,"tested":410,"color":"rgb(255,127,14)"}]}
