{"age":[{"age_group":"<20","count":250,"tested":722},{"age_group":"20-29   ","count":283,"tested":3013},{"age_group":"30-39   ","count":108,"tested":790},{"age_group":"40-49   ","count":22,"tested":149},{"age_group":"50-59   ","count":17,"tested":114},{"age_group":"60-69   ","count":14,"tested":93}],"race":[{"description":"Black","count":141,"tested":297,"color":"rgb(255,127,14)"},{"description":"Hispanic","count":88,"tested":174,"color":"rgb(214,39,40)"},{"description":"Other","count":26,"tested":62,"color":"rgb(148,103,189)"},{"description":"Left Blank","count":64,"tested":2653,"color":"rgb(44,160,44)"},{"description":"White","count":334,"tested":1557,"color":"rgb(31,119,180)"},{"description":"Asian","count":39,"tested":150,"color":"rgb(140,86,75)"}],"gender":[{"description":"Male","count":481,"tested":3057,"color":"rgb(31,119,180)"},{"description":"Female","count":206,"tested":1832,"color":"rgb(255,127,14)"}]}
