{"age":[{"age_group":"<20","count":1363,"tested":8032},{"age_group":"20-29   ","count":1722,"tested":12188},{"age_group":"30-39   ","count":1687,"tested":10557},{"age_group":"40-49   ","count":1744,"tested":9296},{"age_group":"50-59   ","count":1360,"tested":8091},{"age_group":"60-69   ","count":832,"tested":6521},{"age_group":"70-79   ","count":440,"tested":3096},{"age_group":"80+","count":227,"tested":1113}],"race":[{"description":"Black","count":1164,"tested":9242,"color":"rgb(255,127,14)"},{"description":"Asian","count":87,"tested":142,"color":"rgb(140,86,75)"},{"description":"Other","count":392,"tested":2487,"color":"rgb(148,103,189)"},{"description":"Hispanic","count":5320,"tested":21380,"color":"rgb(214,39,40)"},{"description":"Left Blank","count":1893,"tested":22053,"color":"rgb(44,160,44)"},{"description":"White","count":355,"tested":3581,"color":"rgb(31,119,180)"}],"gender":[{"description":"Unknown/Left Blank","count":174,"tested":1036,"color":"rgb(44,160,44)"},{"description":"Female","count":4524,"tested":31347,"color":"rgb(255,127,14)"},{"description":"Male","count":4282,"tested":26542,"color":"rgb(31,119,180)"}]}
