{"age":[{"age_group":"<20","count":99,"tested":594},{"age_group":"20-29   ","count":126,"tested":844},{"age_group":"30-39   ","count":91,"tested":544},{"age_group":"40-49   ","count":115,"tested":571},{"age_group":"50-59   ","count":115,"tested":734},{"age_group":"60-69   ","count":115,"tested":990},{"age_group":"70-79   ","count":82,"tested":890},{"age_group":"80+","count":83,"tested":1351}],"race":[{"description":"White","count":272,"tested":2421,"color":"rgb(31,119,180)"},{"description":"Other","count":48,"tested":184,"color":"rgb(148,103,189)"},{"description":"Left Blank","count":313,"tested":3647,"color":"rgb(44,160,44)"},{"description":"Hispanic","count":50,"tested":166,"color":"rgb(214,39,40)"},{"description":"Asian","count":39,"tested":66,"color":"rgb(140,86,75)"}],"gender":[{"description":"Female","count":346,"tested":3859,"color":"rgb(255,127,14)"},{"description":"Unknown/Left Blank","count":39,"tested":35,"color":"rgb(44,160,44)"},{"description":"Male","count":276,"tested":2624,"color":"rgb(31,119,180)"}]}
