{"age":[{"age_group":"<20","count":938,"tested":7308},{"age_group":"20-29   ","count":1100,"tested":9918},{"age_group":"30-39   ","count":977,"tested":8682},{"age_group":"40-49   ","count":1002,"tested":8434},{"age_group":"50-59   ","count":907,"tested":8526},{"age_group":"60-69   ","count":639,"tested":7556},{"age_group":"70-79   ","count":360,"tested":4723},{"age_group":"80+","count":221,"tested":2766}],"race":[{"description":"Left Blank","count":1617,"tested":20934,"color":"rgb(44,160,44)"},{"description":"White","count":562,"tested":4780,"color":"rgb(31,119,180)"},{"description":"Other","count":172,"tested":1284,"color":"rgb(148,103,189)"},{"description":"Asian","count":67,"tested":81,"color":"rgb(140,86,75)"},{"description":"Hispanic","count":2044,"tested":12185,"color":"rgb(214,39,40)"},{"description":"Black","count":1579,"tested":18561,"color":"rgb(255,127,14)"}],"gender":[{"description":"Male","count":2716,"tested":24088,"color":"rgb(31,119,180)"},{"description":"Unknown/Left Blank","count":74,"tested":672,"color":"rgb(44,160,44)"},{"description":"Female","count":3109,"tested":33180,"color":"rgb(255,127,14)"}]}
