{"lastUpdatedDate":{"year":2021,"month":9,"day":24},"county_demographics":[{"County":"Coles","confirmed_cases":7404,"total_tested":119532,"demographics":{"age":[{"race":[],"age_group":"<20","count":1527,"tested":21586,"deaths":0},{"race":[],"age_group":"20-29   ","count":1466,"tested":25912,"deaths":0},{"race":[],"age_group":"30-39   ","count":969,"tested":14798,"deaths":0},{"race":[],"age_group":"40-49   ","count":893,"tested":11990,"deaths":0},{"race":[],"age_group":"50-59   ","count":897,"tested":13870,"deaths":0},{"race":[],"age_group":"60-69   ","count":794,"tested":13057,"deaths":0},{"race":[],"age_group":"70-79   ","count":489,"tested":9395,"deaths":0},{"race":[],"age_group":"80+","count":369,"tested":8845,"deaths":0},{"race":[],"age_group":"Unknown","count":0,"tested":79,"deaths":0}],"race":[{"description":"AI/AN**","count":0,"tested":47,"deaths":0,"color":"rgb(31,119,180)"},{"description":"Asian","count":29,"tested":686,"deaths":0,"color":"rgb(140,86,75)"},{"description":"Black","count":262,"tested":6556,"deaths":0,"color":"rgb(255,127,14)"},{"description":"Hispanic","count":157,"tested":2191,"deaths":0,"color":"rgb(214,39,40)"},{"description":"Left Blank","count":884,"tested":19576,"deaths":0,"color":"rgb(44,160,44)"},{"description":"NH/PI*","count":0,"tested":72,"deaths":0,"color":"rgb(127,127,127)"},{"description":"Other","count":127,"tested":2440,"deaths":0,"color":"rgb(148,103,189)"},{"description":"White","count":5940,"tested":87964,"deaths":0,"color":"rgb(31,119,180)"}],"gender":[{"description":"Female","count":3945,"tested":70313,"deaths":0,"color":"rgb(255,127,14)"},{"description":"Male","count":3392,"tested":48145,"deaths":0,"color":"rgb(31,119,180)"},{"description":"Unknown/Left Blank","count":67,"tested":1074,"deaths":0,"color":"rgb(44,160,44)"}]}}]}
