{"lastUpdatedDate":{"year":2021,"month":9,"day":24},"county_demographics":[{"County":"Fayette","confirmed_cases":4034,"total_tested":48555,"demographics":{"age":[{"race":[],"age_group":"<20","count":680,"tested":5741,"deaths":0},{"race":[],"age_group":"20-29   ","count":595,"tested":7702,"deaths":0},{"race":[],"age_group":"30-39   ","count":602,"tested":9029,"deaths":0},{"race":[],"age_group":"40-49   ","count":599,"tested":8854,"deaths":0},{"race":[],"age_group":"50-59   ","count":603,"tested":6967,"deaths":0},{"race":[],"age_group":"60-69   ","count":495,"tested":4928,"deaths":0},{"race":[],"age_group":"70-79   ","count":294,"tested":2673,"deaths":0},{"race":[],"age_group":"80+","count":162,"tested":2185,"deaths":0},{"race":[],"age_group":"Unknown","count":0,"tested":476,"deaths":0}],"race":[{"description":"AI/AN**","count":0,"tested":7,"deaths":0,"color":"rgb(31,119,180)"},{"description":"Asian","count":7,"tested":21,"deaths":0,"color":"rgb(140,86,75)"},{"description":"Black","count":169,"tested":470,"deaths":0,"color":"rgb(255,127,14)"},{"description":"Hispanic","count":45,"tested":140,"deaths":0,"color":"rgb(214,39,40)"},{"description":"Left Blank","count":1102,"tested":29370,"deaths":0,"color":"rgb(44,160,44)"},{"description":"NH/PI*","count":0,"tested":13,"deaths":0,"color":"rgb(127,127,127)"},{"description":"Other","count":87,"tested":1346,"deaths":0,"color":"rgb(148,103,189)"},{"description":"White","count":2614,"tested":17188,"deaths":0,"color":"rgb(31,119,180)"}],"gender":[{"description":"Female","count":1920,"tested":23450,"deaths":0,"color":"rgb(255,127,14)"},{"description":"Male","count":2072,"tested":19602,"deaths":0,"color":"rgb(31,119,180)"},{"description":"Unknown/Left Blank","count":42,"tested":5503,"deaths":0,"color":"rgb(44,160,44)"}]}}]}
