{"lastUpdatedDate":{"year":2021,"month":9,"day":24},"county_demographics":[{"County":"Logan","confirmed_cases":4784,"total_tested":122112,"demographics":{"age":[{"race":[],"age_group":"<20","count":721,"tested":11824,"deaths":0},{"race":[],"age_group":"20-29   ","count":771,"tested":21633,"deaths":0},{"race":[],"age_group":"30-39   ","count":878,"tested":26061,"deaths":0},{"race":[],"age_group":"40-49   ","count":702,"tested":19403,"deaths":0},{"race":[],"age_group":"50-59   ","count":636,"tested":15940,"deaths":0},{"race":[],"age_group":"60-69   ","count":513,"tested":10236,"deaths":0},{"race":[],"age_group":"70-79   ","count":304,"tested":5862,"deaths":0},{"race":[],"age_group":"80+","count":257,"tested":8424,"deaths":0},{"race":[],"age_group":"Unknown","count":0,"tested":2729,"deaths":0}],"race":[{"description":"AI/AN**","count":0,"tested":25,"deaths":0,"color":"rgb(31,119,180)"},{"description":"Asian","count":15,"tested":134,"deaths":0,"color":"rgb(140,86,75)"},{"description":"Black","count":377,"tested":2097,"deaths":0,"color":"rgb(255,127,14)"},{"description":"Hispanic","count":117,"tested":703,"deaths":0,"color":"rgb(214,39,40)"},{"description":"Left Blank","count":566,"tested":78776,"deaths":0,"color":"rgb(44,160,44)"},{"description":"NH/PI*","count":0,"tested":108,"deaths":0,"color":"rgb(127,127,127)"},{"description":"Other","count":38,"tested":960,"deaths":0,"color":"rgb(148,103,189)"},{"description":"White","count":3661,"tested":39309,"deaths":0,"color":"rgb(31,119,180)"}],"gender":[{"description":"Female","count":2573,"tested":68381,"deaths":0,"color":"rgb(255,127,14)"},{"description":"Male","count":2028,"tested":33727,"deaths":0,"color":"rgb(31,119,180)"},{"description":"Unknown/Left Blank","count":178,"tested":20004,"deaths":0,"color":"rgb(44,160,44)"}]}}]}
