{"lastUpdatedDate":{"year":2021,"month":9,"day":24},"county_demographics":[{"County":"Saline","confirmed_cases":4140,"total_tested":58723,"demographics":{"age":[{"race":[],"age_group":"<20","count":863,"tested":7927,"deaths":0},{"race":[],"age_group":"20-29   ","count":606,"tested":8636,"deaths":0},{"race":[],"age_group":"30-39   ","count":580,"tested":8069,"deaths":0},{"race":[],"age_group":"40-49   ","count":541,"tested":7870,"deaths":0},{"race":[],"age_group":"50-59   ","count":547,"tested":8054,"deaths":0},{"race":[],"age_group":"60-69   ","count":452,"tested":6860,"deaths":0},{"race":[],"age_group":"70-79   ","count":327,"tested":5585,"deaths":0},{"race":[],"age_group":"80+","count":224,"tested":5720,"deaths":0},{"race":[],"age_group":"Unknown","count":0,"tested":0,"deaths":0}],"race":[{"description":"AI/AN**","count":0,"tested":27,"deaths":0,"color":"rgb(31,119,180)"},{"description":"Asian","count":8,"tested":82,"deaths":0,"color":"rgb(140,86,75)"},{"description":"Black","count":122,"tested":1484,"deaths":0,"color":"rgb(255,127,14)"},{"description":"Hispanic","count":25,"tested":213,"deaths":0,"color":"rgb(214,39,40)"},{"description":"Left Blank","count":1391,"tested":30056,"deaths":0,"color":"rgb(44,160,44)"},{"description":"NH/PI*","count":0,"tested":35,"deaths":0,"color":"rgb(127,127,127)"},{"description":"Other","count":28,"tested":383,"deaths":0,"color":"rgb(148,103,189)"},{"description":"White","count":2558,"tested":26443,"deaths":0,"color":"rgb(31,119,180)"}],"gender":[{"description":"Female","count":2208,"tested":33938,"deaths":0,"color":"rgb(255,127,14)"},{"description":"Male","count":1877,"tested":22419,"deaths":0,"color":"rgb(31,119,180)"},{"description":"Unknown/Left Blank","count":53,"tested":2366,"deaths":0,"color":"rgb(44,160,44)"}]}}]}
