{"lastUpdatedDate":{"year":2021,"month":9,"day":24},"county_demographics":[{"County":"Washington","confirmed_cases":2066,"total_tested":19584,"demographics":{"age":[{"race":[],"age_group":"<20","count":356,"tested":2581,"deaths":0},{"race":[],"age_group":"20-29   ","count":250,"tested":2849,"deaths":0},{"race":[],"age_group":"30-39   ","count":303,"tested":3046,"deaths":0},{"race":[],"age_group":"40-49   ","count":300,"tested":3026,"deaths":0},{"race":[],"age_group":"50-59   ","count":297,"tested":2747,"deaths":0},{"race":[],"age_group":"60-69   ","count":298,"tested":2711,"deaths":0},{"race":[],"age_group":"70-79   ","count":130,"tested":1370,"deaths":0},{"race":[],"age_group":"80+","count":132,"tested":1251,"deaths":0},{"race":[],"age_group":"Unknown","count":0,"tested":0,"deaths":0}],"race":[{"description":"AI/AN**","count":0,"tested":8,"deaths":0,"color":"rgb(31,119,180)"},{"description":"Asian","count":0,"tested":52,"deaths":0,"color":"rgb(140,86,75)"},{"description":"Black","count":7,"tested":130,"deaths":0,"color":"rgb(255,127,14)"},{"description":"Hispanic","count":13,"tested":116,"deaths":0,"color":"rgb(214,39,40)"},{"description":"Left Blank","count":688,"tested":6649,"deaths":0,"color":"rgb(44,160,44)"},{"description":"NH/PI*","count":0,"tested":0,"deaths":0,"color":"rgb(127,127,127)"},{"description":"Other","count":19,"tested":278,"deaths":0,"color":"rgb(148,103,189)"},{"description":"White","count":1329,"tested":12347,"deaths":0,"color":"rgb(31,119,180)"}],"gender":[{"description":"Female","count":1127,"tested":11767,"deaths":0,"color":"rgb(255,127,14)"},{"description":"Male","count":919,"tested":7007,"deaths":0,"color":"rgb(31,119,180)"},{"description":"Unknown/Left Blank","count":20,"tested":810,"deaths":0,"color":"rgb(44,160,44)"}]}}]}
