{"lastUpdatedDate":{"year":2021,"month":9,"day":24},"county_demographics":[{"County":"DuPage","confirmed_cases":104268,"total_tested":1773307,"demographics":{"age":[{"race":[],"age_group":"<20","count":20083,"tested":285421,"deaths":0},{"race":[],"age_group":"20-29   ","count":17817,"tested":275936,"deaths":0},{"race":[],"age_group":"30-39   ","count":16041,"tested":249335,"deaths":0},{"race":[],"age_group":"40-49   ","count":15530,"tested":222688,"deaths":0},{"race":[],"age_group":"50-59   ","count":15674,"tested":249324,"deaths":0},{"race":[],"age_group":"60-69   ","count":10396,"tested":213024,"deaths":0},{"race":[],"age_group":"70-79   ","count":4825,"tested":125910,"deaths":0},{"race":[],"age_group":"80+","count":3898,"tested":150274,"deaths":0},{"race":[],"age_group":"Unknown","count":0,"tested":1395,"deaths":0}],"race":[{"description":"AI/AN**","count":171,"tested":3000,"deaths":0,"color":"rgb(31,119,180)"},{"description":"Asian","count":6914,"tested":105870,"deaths":0,"color":"rgb(140,86,75)"},{"description":"Black","count":4744,"tested":59949,"deaths":0,"color":"rgb(255,127,14)"},{"description":"Hispanic","count":18310,"tested":108176,"deaths":0,"color":"rgb(214,39,40)"},{"description":"Left Blank","count":17923,"tested":815805,"deaths":0,"color":"rgb(44,160,44)"},{"description":"NH/PI*","count":127,"tested":1555,"deaths":0,"color":"rgb(127,127,127)"},{"description":"Other","count":3391,"tested":57489,"deaths":0,"color":"rgb(148,103,189)"},{"description":"White","count":52688,"tested":621463,"deaths":0,"color":"rgb(31,119,180)"}],"gender":[{"description":"Female","count":53157,"tested":994938,"deaths":0,"color":"rgb(255,127,14)"},{"description":"Male","count":50580,"tested":746816,"deaths":0,"color":"rgb(31,119,180)"},{"description":"Unknown/Left Blank","count":531,"tested":31553,"deaths":0,"color":"rgb(44,160,44)"}]}}]}
