{"lastUpdatedDate":{"year":2021,"month":9,"day":24},"county_demographics":[{"County":"Fulton","confirmed_cases":4915,"total_tested":119512,"demographics":{"age":[{"race":[],"age_group":"<20","count":1043,"tested":11938,"deaths":0},{"race":[],"age_group":"20-29   ","count":776,"tested":20317,"deaths":0},{"race":[],"age_group":"30-39   ","count":666,"tested":21833,"deaths":0},{"race":[],"age_group":"40-49   ","count":715,"tested":18374,"deaths":0},{"race":[],"age_group":"50-59   ","count":618,"tested":17129,"deaths":0},{"race":[],"age_group":"60-69   ","count":523,"tested":11770,"deaths":0},{"race":[],"age_group":"70-79   ","count":324,"tested":6605,"deaths":0},{"race":[],"age_group":"80+","count":245,"tested":7368,"deaths":0},{"race":[],"age_group":"Unknown","count":0,"tested":4178,"deaths":0}],"race":[{"description":"AI/AN**","count":0,"tested":35,"deaths":0,"color":"rgb(31,119,180)"},{"description":"Asian","count":0,"tested":51,"deaths":0,"color":"rgb(140,86,75)"},{"description":"Black","count":107,"tested":865,"deaths":0,"color":"rgb(255,127,14)"},{"description":"Hispanic","count":55,"tested":304,"deaths":0,"color":"rgb(214,39,40)"},{"description":"Left Blank","count":2800,"tested":82294,"deaths":0,"color":"rgb(44,160,44)"},{"description":"NH/PI*","count":0,"tested":0,"deaths":0,"color":"rgb(127,127,127)"},{"description":"Other","count":54,"tested":2328,"deaths":0,"color":"rgb(148,103,189)"},{"description":"White","count":1884,"tested":33630,"deaths":0,"color":"rgb(31,119,180)"}],"gender":[{"description":"Female","count":2500,"tested":55806,"deaths":0,"color":"rgb(255,127,14)"},{"description":"Male","count":2352,"tested":49519,"deaths":0,"color":"rgb(31,119,180)"},{"description":"Unknown/Left Blank","count":62,"tested":14187,"deaths":0,"color":"rgb(44,160,44)"}]}}]}
