{"lastUpdatedDate":{"year":2021,"month":9,"day":24},"county_demographics":[{"County":"Gallatin","confirmed_cases":755,"total_tested":6679,"demographics":{"age":[{"race":[],"age_group":"<20","count":149,"tested":1269,"deaths":0},{"race":[],"age_group":"20-29   ","count":107,"tested":954,"deaths":0},{"race":[],"age_group":"30-39   ","count":99,"tested":1013,"deaths":0},{"race":[],"age_group":"40-49   ","count":101,"tested":871,"deaths":0},{"race":[],"age_group":"50-59   ","count":97,"tested":986,"deaths":0},{"race":[],"age_group":"60-69   ","count":87,"tested":736,"deaths":0},{"race":[],"age_group":"70-79   ","count":71,"tested":599,"deaths":0},{"race":[],"age_group":"80+","count":35,"tested":248,"deaths":0},{"race":[],"age_group":"Unknown","count":0,"tested":0,"deaths":0}],"race":[{"description":"AI/AN**","count":0,"tested":0,"deaths":0,"color":"rgb(31,119,180)"},{"description":"Asian","count":0,"tested":0,"deaths":0,"color":"rgb(140,86,75)"},{"description":"Black","count":0,"tested":36,"deaths":0,"color":"rgb(255,127,14)"},{"description":"Hispanic","count":10,"tested":41,"deaths":0,"color":"rgb(214,39,40)"},{"description":"Left Blank","count":235,"tested":3225,"deaths":0,"color":"rgb(44,160,44)"},{"description":"NH/PI*","count":0,"tested":0,"deaths":0,"color":"rgb(127,127,127)"},{"description":"Other","count":0,"tested":31,"deaths":0,"color":"rgb(148,103,189)"},{"description":"White","count":500,"tested":3336,"deaths":0,"color":"rgb(31,119,180)"}],"gender":[{"description":"Female","count":402,"tested":4328,"deaths":0,"color":"rgb(255,127,14)"},{"description":"Male","count":343,"tested":2193,"deaths":0,"color":"rgb(31,119,180)"},{"description":"Unknown/Left Blank","count":10,"tested":158,"deaths":0,"color":"rgb(44,160,44)"}]}}]}
