{"age":[{"age_group":"<20","count":205,"tested":1280},{"age_group":"20-29   ","count":246,"tested":1997},{"age_group":"30-39   ","count":282,"tested":2055},{"age_group":"40-49   ","count":246,"tested":1558},{"age_group":"50-59   ","count":190,"tested":1501},{"age_group":"60-69   ","count":161,"tested":1414},{"age_group":"70-79   ","count":55,"tested":600},{"age_group":"80+","count":26,"tested":415}],"race":[{"description":"Left Blank","count":275,"tested":3493,"color":"rgb(44,160,44)"},{"description":"White","count":516,"tested":3844,"color":"rgb(31,119,180)"},{"description":"Asian","count":56,"tested":459,"color":"rgb(140,86,75)"},{"description":"Hispanic","count":482,"tested":2414,"color":"rgb(214,39,40)"},{"description":"Other","count":59,"tested":471,"color":"rgb(148,103,189)"},{"description":"Black","count":16,"tested":115,"color":"rgb(255,127,14)"}],"gender":[{"description":"Female","count":715,"tested":5780,"color":"rgb(255,127,14)"},{"description":"Male","count":687,"tested":4926,"color":"rgb(31,119,180)"},{"description":"Unknown/Left Blank","count":9,"tested":117,"color":"rgb(44,160,44)"}]}
