{"age":[{"age_group":"<20","count":192,"tested":3245},{"age_group":"20-29   ","count":116,"tested":2115},{"age_group":"30-39   ","count":75,"tested":1486},{"age_group":"40-49   ","count":111,"tested":2284},{"age_group":"50-59   ","count":131,"tested":2170},{"age_group":"60-69   ","count":89,"tested":1848},{"age_group":"70-79   ","count":37,"tested":998},{"age_group":"80+","count":10,"tested":367}],"race":[{"description":"Hispanic","count":42,"tested":594,"color":"rgb(214,39,40)"},{"description":"Asian","count":14,"tested":546,"color":"rgb(140,86,75)"},{"description":"White","count":400,"tested":7156,"color":"rgb(31,119,180)"},{"description":"Left Blank","count":211,"tested":4707,"color":"rgb(44,160,44)"},{"description":"Other","count":46,"tested":642,"color":"rgb(148,103,189)"},{"description":"Black","count":48,"tested":854,"color":"rgb(255,127,14)"}],"gender":[{"description":"Female","count":355,"tested":7686,"color":"rgb(255,127,14)"},{"description":"Male","count":401,"tested":6581,"color":"rgb(31,119,180)"}]}
