{"age":[{"age_group":"<20","count":117,"tested":1231},{"age_group":"20-29   ","count":73,"tested":1190},{"age_group":"30-39   ","count":62,"tested":1165},{"age_group":"40-49   ","count":81,"tested":1108},{"age_group":"50-59   ","count":61,"tested":1138},{"age_group":"60-69   ","count":58,"tested":1106},{"age_group":"70-79   ","count":38,"tested":735},{"age_group":"80+","count":56,"tested":1249}],"race":[{"description":"Left Blank","count":82,"tested":2192,"color":"rgb(44,160,44)"},{"description":"White","count":438,"tested":6457,"color":"rgb(31,119,180)"},{"description":"Hispanic","count":12,"tested":92,"color":"rgb(214,39,40)"}],"gender":[{"description":"Male","count":231,"tested":3392,"color":"rgb(31,119,180)"},{"description":"Female","count":306,"tested":5026,"color":"rgb(255,127,14)"}]}
