{"age":[{"age_group":"<20","count":37,"tested":557},{"age_group":"20-29   ","count":20,"tested":286},{"age_group":"30-39   ","count":14,"tested":190},{"age_group":"40-49   ","count":23,"tested":294},{"age_group":"50-59   ","count":20,"tested":268},{"age_group":"60-69   ","count":24,"tested":307},{"age_group":"70-79   ","count":13,"tested":259}],"race":[{"description":"Left Blank","count":26,"tested":533,"color":"rgb(44,160,44)"},{"description":"White","count":124,"tested":1663,"color":"rgb(31,119,180)"}],"gender":[{"description":"Male","count":75,"tested":961,"color":"rgb(31,119,180)"},{"description":"Female","count":74,"tested":1321,"color":"rgb(255,127,14)"}]}
