{"age":[{"age_group":"<20","count":60,"tested":471},{"age_group":"20-29   ","count":47,"tested":483},{"age_group":"30-39   ","count":49,"tested":539},{"age_group":"40-49   ","count":52,"tested":417},{"age_group":"50-59   ","count":46,"tested":681},{"age_group":"60-69   ","count":44,"tested":534},{"age_group":"70-79   ","count":18,"tested":192},{"age_group":"80+","count":10,"tested":124}],"race":[{"description":"Left Blank","count":74,"tested":1309,"color":"rgb(44,160,44)"},{"description":"White","count":226,"tested":1901,"color":"rgb(31,119,180)"},{"description":"Hispanic","count":15,"tested":139,"color":"rgb(214,39,40)"}],"gender":[{"description":"Male","count":151,"tested":1380,"color":"rgb(31,119,180)"},{"description":"Female","count":174,"tested":2001,"color":"rgb(255,127,14)"}]}
