{"age":[{"age_group":"<20","count":298,"tested":2067},{"age_group":"20-29   ","count":410,"tested":4884},{"age_group":"30-39   ","count":389,"tested":4926},{"age_group":"40-49   ","count":344,"tested":4811},{"age_group":"50-59   ","count":289,"tested":4373},{"age_group":"60-69   ","count":170,"tested":2929},{"age_group":"70-79   ","count":85,"tested":1361},{"age_group":"80+","count":43,"tested":562}],"race":[{"description":"AI/AN**","count":17,"tested":60,"color":"rgb(31,119,180)"},{"description":"Other","count":70,"tested":1168,"color":"rgb(148,103,189)"},{"description":"Asian","count":6,"tested":126,"color":"rgb(140,86,75)"},{"description":"Black","count":269,"tested":3170,"color":"rgb(255,127,14)"},{"description":"Hispanic","count":617,"tested":2639,"color":"rgb(214,39,40)"},{"description":"Left Blank","count":611,"tested":13540,"color":"rgb(44,160,44)"},{"description":"White","count":437,"tested":5201,"color":"rgb(31,119,180)"}],"gender":[{"description":"Unknown/Left Blank","count":20,"tested":3174,"color":"rgb(44,160,44)"},{"description":"Male","count":973,"tested":10502,"color":"rgb(31,119,180)"},{"description":"Female","count":1035,"tested":12241,"color":"rgb(255,127,14)"}]}
