{"age":[{"age_group":"<20","count":187,"tested":1296},{"age_group":"20-29   ","count":192,"tested":1762},{"age_group":"30-39   ","count":227,"tested":1920},{"age_group":"40-49   ","count":155,"tested":1433},{"age_group":"50-59   ","count":171,"tested":1697},{"age_group":"60-69   ","count":150,"tested":1396},{"age_group":"70-79   ","count":36,"tested":602},{"age_group":"80+","count":26,"tested":428}],"race":[{"description":"Other","count":48,"tested":536,"color":"rgb(148,103,189)"},{"description":"Left Blank","count":212,"tested":2819,"color":"rgb(44,160,44)"},{"description":"White","count":500,"tested":4492,"color":"rgb(31,119,180)"},{"description":"Black","count":18,"tested":144,"color":"rgb(255,127,14)"},{"description":"Asian","count":21,"tested":194,"color":"rgb(140,86,75)"},{"description":"Hispanic","count":343,"tested":2323,"color":"rgb(214,39,40)"}],"gender":[{"description":"Male","count":554,"tested":4730,"color":"rgb(31,119,180)"},{"description":"Female","count":589,"tested":5678,"color":"rgb(255,127,14)"}]}
