{"age":[{"age_group":"<20","count":144,"tested":1331},{"age_group":"20-29   ","count":104,"tested":2030},{"age_group":"30-39   ","count":72,"tested":1455},{"age_group":"40-49   ","count":87,"tested":2152},{"age_group":"50-59   ","count":120,"tested":1823},{"age_group":"60-69   ","count":127,"tested":2184},{"age_group":"70-79   ","count":144,"tested":2353},{"age_group":"80+","count":133,"tested":2212}],"race":[{"description":"Black","count":12,"tested":169,"color":"rgb(255,127,14)"},{"description":"Hispanic","count":50,"tested":242,"color":"rgb(214,39,40)"},{"description":"Asian","count":127,"tested":1243,"color":"rgb(140,86,75)"},{"description":"White","count":488,"tested":4624,"color":"rgb(31,119,180)"},{"description":"Other","count":51,"tested":716,"color":"rgb(148,103,189)"},{"description":"Left Blank","count":202,"tested":8501,"color":"rgb(44,160,44)"}],"gender":[{"description":"Male","count":440,"tested":6480,"color":"rgb(31,119,180)"},{"description":"Female","count":483,"tested":8976,"color":"rgb(255,127,14)"}]}
