{"age":[{"age_group":"<20","count":82,"tested":1747},{"age_group":"20-29   ","count":90,"tested":3216},{"age_group":"30-39   ","count":50,"tested":1979},{"age_group":"40-49   ","count":74,"tested":2777},{"age_group":"50-59   ","count":98,"tested":3155},{"age_group":"60-69   ","count":60,"tested":2573},{"age_group":"70-79   ","count":57,"tested":2159},{"age_group":"80+","count":102,"tested":4995}],"race":[{"description":"White","count":355,"tested":6354,"color":"rgb(31,119,180)"},{"description":"Asian","count":27,"tested":1305,"color":"rgb(140,86,75)"},{"description":"Hispanic","count":22,"tested":1065,"color":"rgb(214,39,40)"},{"description":"Black","count":6,"tested":556,"color":"rgb(255,127,14)"},{"description":"Left Blank","count":163,"tested":12797,"color":"rgb(44,160,44)"},{"description":"Other","count":39,"tested":533,"color":"rgb(148,103,189)"}],"gender":[{"description":"Female","count":321,"tested":13805,"color":"rgb(255,127,14)"},{"description":"Male","count":285,"tested":8029,"color":"rgb(31,119,180)"}]}
