{"age":[{"age_group":"<20","count":59,"tested":635},{"age_group":"20-29   ","count":50,"tested":523},{"age_group":"30-39   ","count":61,"tested":573},{"age_group":"40-49   ","count":42,"tested":416},{"age_group":"50-59   ","count":65,"tested":570},{"age_group":"60-69   ","count":48,"tested":555},{"age_group":"70-79   ","count":23,"tested":314},{"age_group":"80+","count":12,"tested":168}],"race":[{"description":"White","count":311,"tested":2374,"color":"rgb(31,119,180)"},{"description":"Left Blank","count":26,"tested":1225,"color":"rgb(44,160,44)"},{"description":"Hispanic","count":12,"tested":64,"color":"rgb(214,39,40)"}],"gender":[{"description":"Male","count":183,"tested":1471,"color":"rgb(31,119,180)"},{"description":"Female","count":177,"tested":2223,"color":"rgb(255,127,14)"}]}
