{"age":[{"age_group":"<20","count":40,"tested":440},{"age_group":"20-29   ","count":47,"tested":392},{"age_group":"30-39   ","count":30,"tested":266},{"age_group":"40-49   ","count":40,"tested":368},{"age_group":"50-59   ","count":51,"tested":553},{"age_group":"60-69   ","count":47,"tested":506},{"age_group":"70-79   ","count":15,"tested":279},{"age_group":"80+","count":10,"tested":112}],"race":[{"description":"Hispanic","count":18,"tested":73,"color":"rgb(214,39,40)"},{"description":"White","count":207,"tested":1453,"color":"rgb(31,119,180)"},{"description":"Left Blank","count":36,"tested":1183,"color":"rgb(44,160,44)"},{"description":"Black","count":9,"tested":82,"color":"rgb(255,127,14)"}],"gender":[{"description":"Female","count":144,"tested":1571,"color":"rgb(255,127,14)"},{"description":"Male","count":135,"tested":1332,"color":"rgb(31,119,180)"}]}
