{"age":[{"age_group":"<20","count":169,"tested":1734},{"age_group":"20-29   ","count":149,"tested":1914},{"age_group":"30-39   ","count":166,"tested":1725},{"age_group":"40-49   ","count":119,"tested":1603},{"age_group":"50-59   ","count":190,"tested":2129},{"age_group":"60-69   ","count":172,"tested":2127},{"age_group":"70-79   ","count":76,"tested":1093},{"age_group":"80+","count":43,"tested":618}],"race":[{"description":"Hispanic","count":113,"tested":413,"color":"rgb(214,39,40)"},{"description":"Left Blank","count":162,"tested":5920,"color":"rgb(44,160,44)"},{"description":"White","count":725,"tested":5828,"color":"rgb(31,119,180)"},{"description":"Black","count":16,"tested":182,"color":"rgb(255,127,14)"},{"description":"Asian","count":43,"tested":312,"color":"rgb(140,86,75)"},{"description":"Other","count":25,"tested":246,"color":"rgb(148,103,189)"}],"gender":[{"description":"Female","count":550,"tested":7223,"color":"rgb(255,127,14)"},{"description":"Male","count":530,"tested":5548,"color":"rgb(31,119,180)"}]}
