{"age":[{"age_group":"<20","count":306,"tested":2966},{"age_group":"20-29   ","count":395,"tested":5423},{"age_group":"30-39   ","count":366,"tested":5370},{"age_group":"40-49   ","count":296,"tested":4734},{"age_group":"50-59   ","count":288,"tested":5132},{"age_group":"60-69   ","count":199,"tested":4936},{"age_group":"70-79   ","count":127,"tested":2997},{"age_group":"80+","count":153,"tested":3645}],"race":[{"description":"Asian","count":146,"tested":2077,"color":"rgb(140,86,75)"},{"description":"Hispanic","count":314,"tested":1423,"color":"rgb(214,39,40)"},{"description":"Black","count":143,"tested":1737,"color":"rgb(255,127,14)"},{"description":"Other","count":59,"tested":924,"color":"rgb(148,103,189)"},{"description":"Left Blank","count":494,"tested":19668,"color":"rgb(44,160,44)"},{"description":"White","count":968,"tested":9340,"color":"rgb(31,119,180)"},{"description":"NH/PI*","count":6,"tested":25,"color":"rgb(127,127,127)"}],"gender":[{"description":"Female","count":1126,"tested":21604,"color":"rgb(255,127,14)"},{"description":"Male","count":989,"tested":12977,"color":"rgb(31,119,180)"},{"description":"Unknown/Left Blank","count":15,"tested":642,"color":"rgb(44,160,44)"}]}
