{"age":[{"age_group":"<20","count":135,"tested":1082},{"age_group":"20-29   ","count":122,"tested":1111},{"age_group":"30-39   ","count":106,"tested":1025},{"age_group":"40-49   ","count":121,"tested":899},{"age_group":"50-59   ","count":111,"tested":1103},{"age_group":"60-69   ","count":82,"tested":720},{"age_group":"70-79   ","count":27,"tested":431},{"age_group":"80+","count":13,"tested":235}],"race":[{"description":"Black","count":7,"tested":56,"color":"rgb(255,127,14)"},{"description":"Hispanic","count":111,"tested":382,"color":"rgb(214,39,40)"},{"description":"Left Blank","count":205,"tested":2855,"color":"rgb(44,160,44)"},{"description":"Other","count":6,"tested":62,"color":"rgb(148,103,189)"},{"description":"White","count":386,"tested":3226,"color":"rgb(31,119,180)"}],"gender":[{"description":"Male","count":346,"tested":2654,"color":"rgb(31,119,180)"},{"description":"Female","count":372,"tested":3916,"color":"rgb(255,127,14)"}]}
