{"age":[{"age_group":"<20","count":617,"tested":13581},{"age_group":"20-29   ","count":526,"tested":13837},{"age_group":"30-39   ","count":385,"tested":5947},{"age_group":"40-49   ","count":447,"tested":5742},{"age_group":"50-59   ","count":466,"tested":6874},{"age_group":"60-69   ","count":237,"tested":5863},{"age_group":"70-79   ","count":130,"tested":3363},{"age_group":"80+","count":79,"tested":2225}],"race":[{"description":"White","count":1739,"tested":25277,"color":"rgb(31,119,180)"},{"description":"Left Blank","count":552,"tested":23778,"color":"rgb(44,160,44)"},{"description":"Hispanic","count":208,"tested":2135,"color":"rgb(214,39,40)"},{"description":"Other","count":87,"tested":1607,"color":"rgb(148,103,189)"},{"description":"AI/AN**","count":8,"tested":80,"color":"rgb(31,119,180)"},{"description":"Black","count":128,"tested":1615,"color":"rgb(255,127,14)"},{"description":"Asian","count":164,"tested":2978,"color":"rgb(140,86,75)"}],"gender":[{"description":"Female","count":1458,"tested":29557,"color":"rgb(255,127,14)"},{"description":"Male","count":1417,"tested":27634,"color":"rgb(31,119,180)"},{"description":"Unknown/Left Blank","count":13,"tested":308,"color":"rgb(44,160,44)"}]}
