{"age":[{"age_group":"<20","count":118,"tested":843},{"age_group":"20-29   ","count":134,"tested":1240},{"age_group":"30-39   ","count":96,"tested":1109},{"age_group":"40-49   ","count":101,"tested":1223},{"age_group":"50-59   ","count":128,"tested":1441},{"age_group":"60-69   ","count":61,"tested":1113},{"age_group":"70-79   ","count":33,"tested":375},{"age_group":"80+","count":6,"tested":162}],"race":[{"description":"Left Blank","count":241,"tested":3438,"color":"rgb(44,160,44)"},{"description":"Other","count":13,"tested":153,"color":"rgb(148,103,189)"},{"description":"White","count":287,"tested":3202,"color":"rgb(31,119,180)"},{"description":"Asian","count":6,"tested":91,"color":"rgb(140,86,75)"},{"description":"Hispanic","count":125,"tested":548,"color":"rgb(214,39,40)"}],"gender":[{"description":"Female","count":354,"tested":4097,"color":"rgb(255,127,14)"},{"description":"Male","count":317,"tested":3308,"color":"rgb(31,119,180)"}]}
