{"age":[{"age_group":"<20","count":924,"tested":6427},{"age_group":"20-29   ","count":1301,"tested":10966},{"age_group":"30-39   ","count":1096,"tested":8648},{"age_group":"40-49   ","count":1109,"tested":7700},{"age_group":"50-59   ","count":951,"tested":7984},{"age_group":"60-69   ","count":504,"tested":5008},{"age_group":"70-79   ","count":204,"tested":2334},{"age_group":"80+","count":128,"tested":1816}],"race":[{"description":"Left Blank","count":1760,"tested":24654,"color":"rgb(44,160,44)"},{"description":"Hispanic","count":3079,"tested":11466,"color":"rgb(214,39,40)"},{"description":"Other","count":147,"tested":1534,"color":"rgb(148,103,189)"},{"description":"Black","count":215,"tested":2192,"color":"rgb(255,127,14)"},{"description":"Asian","count":150,"tested":2444,"color":"rgb(140,86,75)"},{"description":"NH/PI*","count":22,"tested":29,"color":"rgb(127,127,127)"},{"description":"White","count":839,"tested":8560,"color":"rgb(31,119,180)"}],"gender":[{"description":"Female","count":3250,"tested":29889,"color":"rgb(255,127,14)"},{"description":"Male","count":2913,"tested":20364,"color":"rgb(31,119,180)"},{"description":"Unknown/Left Blank","count":54,"tested":644,"color":"rgb(44,160,44)"}]}
