{"age":[{"age_group":"<20","count":329,"tested":2917},{"age_group":"20-29   ","count":305,"tested":2887},{"age_group":"30-39   ","count":373,"tested":4092},{"age_group":"40-49   ","count":332,"tested":3294},{"age_group":"50-59   ","count":249,"tested":2934},{"age_group":"60-69   ","count":176,"tested":2139},{"age_group":"70-79   ","count":59,"tested":1129},{"age_group":"80+","count":28,"tested":431}],"race":[{"description":"Left Blank","count":509,"tested":7830,"color":"rgb(44,160,44)"},{"description":"Other","count":35,"tested":329,"color":"rgb(148,103,189)"},{"description":"Black","count":50,"tested":473,"color":"rgb(255,127,14)"},{"description":"Hispanic","count":276,"tested":1511,"color":"rgb(214,39,40)"},{"description":"White","count":904,"tested":8900,"color":"rgb(31,119,180)"},{"description":"Asian","count":73,"tested":742,"color":"rgb(140,86,75)"}],"gender":[{"description":"Female","count":948,"tested":11177,"color":"rgb(255,127,14)"},{"description":"Male","count":892,"tested":8412,"color":"rgb(31,119,180)"}]}
