{"age":[{"age_group":"<20","count":188,"tested":1675},{"age_group":"20-29   ","count":145,"tested":1689},{"age_group":"30-39   ","count":122,"tested":1314},{"age_group":"40-49   ","count":137,"tested":1428},{"age_group":"50-59   ","count":162,"tested":1871},{"age_group":"60-69   ","count":85,"tested":1348},{"age_group":"70-79   ","count":41,"tested":638},{"age_group":"80+","count":12,"tested":273}],"race":[{"description":"Asian","count":9,"tested":226,"color":"rgb(140,86,75)"},{"description":"Other","count":12,"tested":220,"color":"rgb(148,103,189)"},{"description":"Hispanic","count":81,"tested":429,"color":"rgb(214,39,40)"},{"description":"Left Blank","count":209,"tested":3762,"color":"rgb(44,160,44)"},{"description":"White","count":580,"tested":5532,"color":"rgb(31,119,180)"}],"gender":[{"description":"Female","count":458,"tested":5821,"color":"rgb(255,127,14)"},{"description":"Male","count":431,"tested":4312,"color":"rgb(31,119,180)"}]}
