{"age":[{"age_group":"<20","count":234,"tested":2463},{"age_group":"20-29   ","count":132,"tested":1571},{"age_group":"30-39   ","count":94,"tested":1159},{"age_group":"40-49   ","count":139,"tested":1431},{"age_group":"50-59   ","count":157,"tested":1807},{"age_group":"60-69   ","count":75,"tested":1281},{"age_group":"70-79   ","count":18,"tested":634},{"age_group":"80+","count":49,"tested":755}],"race":[{"description":"Other","count":19,"tested":376,"color":"rgb(148,103,189)"},{"description":"Left Blank","count":207,"tested":5666,"color":"rgb(44,160,44)"},{"description":"Hispanic","count":36,"tested":214,"color":"rgb(214,39,40)"},{"description":"White","count":562,"tested":4254,"color":"rgb(31,119,180)"},{"description":"Asian","count":46,"tested":412,"color":"rgb(140,86,75)"},{"description":"Black","count":27,"tested":177,"color":"rgb(255,127,14)"}],"gender":[{"description":"Male","count":444,"tested":4651,"color":"rgb(31,119,180)"},{"description":"Female","count":437,"tested":6252,"color":"rgb(255,127,14)"}]}
