{"age":[{"age_group":"<20","count":129,"tested":1418},{"age_group":"20-29   ","count":160,"tested":2826},{"age_group":"30-39   ","count":204,"tested":3303},{"age_group":"40-49   ","count":211,"tested":3964},{"age_group":"50-59   ","count":201,"tested":5194},{"age_group":"60-69   ","count":130,"tested":3641},{"age_group":"70-79   ","count":62,"tested":1643},{"age_group":"80+","count":28,"tested":690}],"race":[{"description":"White","count":43,"tested":803,"color":"rgb(31,119,180)"},{"description":"Left Blank","count":382,"tested":13352,"color":"rgb(44,160,44)"},{"description":"Hispanic","count":31,"tested":185,"color":"rgb(214,39,40)"},{"description":"Black","count":639,"tested":7986,"color":"rgb(255,127,14)"},{"description":"Asian","count":7,"tested":77,"color":"rgb(140,86,75)"},{"description":"Other","count":19,"tested":254,"color":"rgb(148,103,189)"}],"gender":[{"description":"Male","count":441,"tested":9899,"color":"rgb(31,119,180)"},{"description":"Female","count":679,"tested":12511,"color":"rgb(255,127,14)"}]}
