{"age":[{"age_group":"<20","count":236,"tested":2279},{"age_group":"20-29   ","count":216,"tested":1829},{"age_group":"30-39   ","count":195,"tested":1779},{"age_group":"40-49   ","count":238,"tested":1932},{"age_group":"50-59   ","count":251,"tested":1832},{"age_group":"60-69   ","count":216,"tested":1572},{"age_group":"70-79   ","count":122,"tested":762},{"age_group":"80+","count":53,"tested":355}],"race":[{"description":"Left Blank","count":252,"tested":3401,"color":"rgb(44,160,44)"},{"description":"Hispanic","count":118,"tested":660,"color":"rgb(214,39,40)"},{"description":"White","count":1036,"tested":7283,"color":"rgb(31,119,180)"},{"description":"Black","count":40,"tested":497,"color":"rgb(255,127,14)"},{"description":"Other","count":77,"tested":445,"color":"rgb(148,103,189)"}],"gender":[{"description":"Female","count":813,"tested":6890,"color":"rgb(255,127,14)"},{"description":"Male","count":696,"tested":4801,"color":"rgb(31,119,180)"},{"description":"Unknown/Left Blank","count":21,"tested":650,"color":"rgb(44,160,44)"}]}
