{"age":[{"age_group":"<20","count":13,"tested":166},{"age_group":"20-29   ","count":9,"tested":171},{"age_group":"40-49   ","count":10,"tested":257},{"age_group":"50-59   ","count":7,"tested":156},{"age_group":"60-69   ","count":6,"tested":160}],"race":[{"description":"Hispanic","count":9,"tested":44,"color":"rgb(214,39,40)"},{"description":"White","count":39,"tested":849,"color":"rgb(31,119,180)"}],"gender":[{"description":"Female","count":27,"tested":643,"color":"rgb(255,127,14)"},{"description":"Male","count":27,"tested":458,"color":"rgb(31,119,180)"}]}
