{"age":[{"age_group":"<20","count":160,"tested":2754},{"age_group":"20-29   ","count":487,"tested":11064},{"age_group":"30-39   ","count":517,"tested":9285},{"age_group":"40-49   ","count":262,"tested":3864},{"age_group":"50-59   ","count":268,"tested":2539},{"age_group":"60-69   ","count":197,"tested":1715},{"age_group":"70-79   ","count":85,"tested":624},{"age_group":"80+","count":58,"tested":239}],"race":[{"description":"Asian","count":129,"tested":3512,"color":"rgb(140,86,75)"},{"description":"Black","count":398,"tested":3600,"color":"rgb(255,127,14)"},{"description":"Hispanic","count":205,"tested":1697,"color":"rgb(214,39,40)"},{"description":"White","count":585,"tested":9603,"color":"rgb(31,119,180)"},{"description":"Other","count":142,"tested":2101,"color":"rgb(148,103,189)"},{"description":"Left Blank","count":489,"tested":11491,"color":"rgb(44,160,44)"}],"gender":[{"description":"Female","count":761,"tested":15753,"color":"rgb(255,127,14)"},{"description":"Male","count":943,"tested":14398,"color":"rgb(31,119,180)"},{"description":"Unknown/Left Blank","count":120,"tested":1941,"color":"rgb(44,160,44)"}]}
