{"age":[{"age_group":"<20","count":84,"tested":418},{"age_group":"20-29   ","count":103,"tested":564},{"age_group":"30-39   ","count":100,"tested":514},{"age_group":"40-49   ","count":90,"tested":480},{"age_group":"50-59   ","count":107,"tested":1018},{"age_group":"60-69   ","count":89,"tested":698},{"age_group":"70-79   ","count":84,"tested":380},{"age_group":"80+","count":71,"tested":937}],"race":[{"description":"Left Blank","count":125,"tested":1214,"color":"rgb(44,160,44)"},{"description":"Other","count":71,"tested":148,"color":"rgb(148,103,189)"},{"description":"White","count":248,"tested":3438,"color":"rgb(31,119,180)"},{"description":"Hispanic","count":62,"tested":83,"color":"rgb(214,39,40)"}],"gender":[{"description":"Male","count":177,"tested":1693,"color":"rgb(31,119,180)"},{"description":"Female","count":217,"tested":3217,"color":"rgb(255,127,14)"}]}
