{"age":[{"age_group":"<20","count":196,"tested":1409},{"age_group":"20-29   ","count":257,"tested":2636},{"age_group":"30-39   ","count":275,"tested":3224},{"age_group":"40-49   ","count":254,"tested":2805},{"age_group":"50-59   ","count":261,"tested":3368},{"age_group":"60-69   ","count":219,"tested":3534},{"age_group":"70-79   ","count":138,"tested":2714},{"age_group":"80+","count":124,"tested":3275}],"race":[{"description":"White","count":460,"tested":4653,"color":"rgb(31,119,180)"},{"description":"Other","count":245,"tested":1395,"color":"rgb(148,103,189)"},{"description":"Left Blank","count":434,"tested":13814,"color":"rgb(44,160,44)"},{"description":"Asian","count":251,"tested":2105,"color":"rgb(140,86,75)"},{"description":"Black","count":74,"tested":217,"color":"rgb(255,127,14)"},{"description":"Hispanic","count":150,"tested":665,"color":"rgb(214,39,40)"},{"description":"AI/AN**","count":60,"tested":55,"color":"rgb(31,119,180)"}],"gender":[{"description":"Male","count":706,"tested":9304,"color":"rgb(31,119,180)"},{"description":"Female","count":740,"tested":13341,"color":"rgb(255,127,14)"}]}
