{"age":[{"age_group":"<20","count":13,"tested":76},{"age_group":"20-29   ","count":12,"tested":118},{"age_group":"30-39   ","count":12,"tested":97},{"age_group":"50-59   ","count":11,"tested":94}],"race":[{"description":"White","count":23,"tested":162,"color":"rgb(31,119,180)"},{"description":"Left Blank","count":26,"tested":467,"color":"rgb(44,160,44)"},{"description":"Hispanic","count":11,"tested":48,"color":"rgb(214,39,40)"}],"gender":[{"description":"Female","count":30,"tested":240,"color":"rgb(255,127,14)"},{"description":"Male","count":20,"tested":213,"color":"rgb(31,119,180)"}]}
