{"age":[{"age_group":"<20","count":21,"tested":86},{"age_group":"20-29   ","count":20,"tested":64},{"age_group":"30-39   ","count":21,"tested":64},{"age_group":"40-49   ","count":19,"tested":99},{"age_group":"50-59   ","count":26,"tested":112},{"age_group":"60-69   ","count":21,"tested":147},{"age_group":"70-79   ","count":17,"tested":60}],"race":[{"description":"White","count":65,"tested":497,"color":"rgb(31,119,180)"},{"description":"Left Blank","count":31,"tested":121,"color":"rgb(44,160,44)"}],"gender":[{"description":"Female","count":59,"tested":345,"color":"rgb(255,127,14)"},{"description":"Male","count":45,"tested":302,"color":"rgb(31,119,180)"}]}
