{"age":[{"age_group":"<20","count":24,"tested":214},{"age_group":"20-29   ","count":32,"tested":246},{"age_group":"30-39   ","count":19,"tested":188},{"age_group":"40-49   ","count":36,"tested":249},{"age_group":"50-59   ","count":39,"tested":352},{"age_group":"60-69   ","count":20,"tested":268},{"age_group":"70-79   ","count":14,"tested":190},{"age_group":"80+","count":11,"tested":104}],"race":[{"description":"Hispanic","count":10,"tested":48,"color":"rgb(214,39,40)"},{"description":"Left Blank","count":51,"tested":414,"color":"rgb(44,160,44)"},{"description":"White","count":117,"tested":1297,"color":"rgb(31,119,180)"},{"description":"Other","count":8,"tested":42,"color":"rgb(148,103,189)"}],"gender":[{"description":"Female","count":95,"tested":1045,"color":"rgb(255,127,14)"},{"description":"Male","count":86,"tested":742,"color":"rgb(31,119,180)"}]}
