{"age":[{"age_group":"<20","count":15,"tested":188},{"age_group":"20-29   ","count":46,"tested":625},{"age_group":"30-39   ","count":36,"tested":535},{"age_group":"40-49   ","count":18,"tested":307},{"age_group":"50-59   ","count":18,"tested":301},{"age_group":"60-69   ","count":9,"tested":205}],"race":[{"description":"Black","count":24,"tested":287,"color":"rgb(255,127,14)"},{"description":"Asian","count":11,"tested":91,"color":"rgb(140,86,75)"},{"description":"Hispanic","count":15,"tested":111,"color":"rgb(214,39,40)"},{"description":"Left Blank","count":44,"tested":971,"color":"rgb(44,160,44)"},{"description":"Other","count":11,"tested":152,"color":"rgb(148,103,189)"},{"description":"White","count":40,"tested":775,"color":"rgb(31,119,180)"}],"gender":[{"description":"Female","count":73,"tested":1292,"color":"rgb(255,127,14)"},{"description":"Male","count":61,"tested":1034,"color":"rgb(31,119,180)"}]}
