{"age":[{"age_group":"<20","count":296,"tested":1712},{"age_group":"20-29   ","count":363,"tested":2970},{"age_group":"30-39   ","count":304,"tested":2541},{"age_group":"40-49   ","count":328,"tested":2464},{"age_group":"50-59   ","count":282,"tested":2811},{"age_group":"60-69   ","count":178,"tested":2162},{"age_group":"70-79   ","count":117,"tested":1214},{"age_group":"80+","count":79,"tested":528}],"race":[{"description":"Hispanic","count":359,"tested":1442,"color":"rgb(214,39,40)"},{"description":"AI/AN**","count":31,"tested":43,"color":"rgb(31,119,180)"},{"description":"Left Blank","count":780,"tested":6878,"color":"rgb(44,160,44)"},{"description":"Asian","count":35,"tested":62,"color":"rgb(140,86,75)"},{"description":"White","count":52,"tested":493,"color":"rgb(31,119,180)"},{"description":"Black","count":602,"tested":7155,"color":"rgb(255,127,14)"},{"description":"Other","count":66,"tested":335,"color":"rgb(148,103,189)"}],"gender":[{"description":"Female","count":912,"tested":8908,"color":"rgb(255,127,14)"},{"description":"Male","count":866,"tested":7245,"color":"rgb(31,119,180)"},{"description":"Unknown/Left Blank","count":59,"tested":256,"color":"rgb(44,160,44)"}]}
