{"age":[{"age_group":"<20","count":316,"tested":1459},{"age_group":"20-29   ","count":354,"tested":1696},{"age_group":"30-39   ","count":322,"tested":1400},{"age_group":"40-49   ","count":305,"tested":1302},{"age_group":"50-59   ","count":339,"tested":1682},{"age_group":"60-69   ","count":269,"tested":1323},{"age_group":"70-79   ","count":229,"tested":958},{"age_group":"80+","count":219,"tested":1202}],"race":[{"description":"Hispanic","count":203,"tested":287,"color":"rgb(214,39,40)"},{"description":"Left Blank","count":598,"tested":4203,"color":"rgb(44,160,44)"},{"description":"White","count":800,"tested":5778,"color":"rgb(31,119,180)"},{"description":"Black","count":145,"tested":101,"color":"rgb(255,127,14)"},{"description":"Other","count":199,"tested":613,"color":"rgb(148,103,189)"}],"gender":[{"description":"Female","count":785,"tested":6422,"color":"rgb(255,127,14)"},{"description":"Male","count":739,"tested":4478,"color":"rgb(31,119,180)"},{"description":"Unknown/Left Blank","count":151,"tested":122,"color":"rgb(44,160,44)"}]}
