{"age":[{"age_group":"<20","count":234,"tested":2232},{"age_group":"20-29   ","count":266,"tested":3896},{"age_group":"30-39   ","count":358,"tested":5033},{"age_group":"40-49   ","count":303,"tested":4536},{"age_group":"50-59   ","count":248,"tested":4582},{"age_group":"60-69   ","count":214,"tested":4519},{"age_group":"70-79   ","count":123,"tested":2682},{"age_group":"80+","count":79,"tested":1493}],"race":[{"description":"Left Blank","count":424,"tested":11227,"color":"rgb(44,160,44)"},{"description":"Other","count":44,"tested":512,"color":"rgb(148,103,189)"},{"description":"White","count":57,"tested":968,"color":"rgb(31,119,180)"},{"description":"Black","count":1172,"tested":15550,"color":"rgb(255,127,14)"},{"description":"Hispanic","count":65,"tested":525,"color":"rgb(214,39,40)"},{"description":"Asian","count":31,"tested":160,"color":"rgb(140,86,75)"}],"gender":[{"description":"Male","count":755,"tested":11532,"color":"rgb(31,119,180)"},{"description":"Unknown/Left Blank","count":43,"tested":1244,"color":"rgb(44,160,44)"},{"description":"Female","count":952,"tested":16218,"color":"rgb(255,127,14)"}]}
