{"age":[{"age_group":"<20","count":62,"tested":594},{"age_group":"20-29   ","count":75,"tested":961},{"age_group":"30-39   ","count":78,"tested":1001},{"age_group":"40-49   ","count":82,"tested":1192},{"age_group":"50-59   ","count":81,"tested":1128},{"age_group":"60-69   ","count":51,"tested":943},{"age_group":"70-79   ","count":40,"tested":809},{"age_group":"80+","count":52,"tested":880}],"race":[{"description":"White","count":117,"tested":1001,"color":"rgb(31,119,180)"},{"description":"Black","count":16,"tested":114,"color":"rgb(255,127,14)"},{"description":"Other","count":30,"tested":213,"color":"rgb(148,103,189)"},{"description":"Hispanic","count":234,"tested":1500,"color":"rgb(214,39,40)"},{"description":"Left Blank","count":97,"tested":4541,"color":"rgb(44,160,44)"}],"gender":[{"description":"Male","count":220,"tested":2974,"color":"rgb(31,119,180)"},{"description":"Female","count":249,"tested":4393,"color":"rgb(255,127,14)"}]}
