{"age":[{"age_group":"<20","count":24,"tested":272},{"age_group":"20-29   ","count":20,"tested":387},{"age_group":"30-39   ","count":21,"tested":206},{"age_group":"40-49   ","count":24,"tested":311},{"age_group":"50-59   ","count":44,"tested":324},{"age_group":"60-69   ","count":28,"tested":462},{"age_group":"70-79   ","count":23,"tested":218},{"age_group":"80+","count":25,"tested":583}],"race":[{"description":"Left Blank","count":68,"tested":2135,"color":"rgb(44,160,44)"},{"description":"White","count":108,"tested":600,"color":"rgb(31,119,180)"}],"gender":[{"description":"Female","count":106,"tested":1924,"color":"rgb(255,127,14)"},{"description":"Male","count":72,"tested":808,"color":"rgb(31,119,180)"}]}
