{"age":[{"age_group":"<20","count":114,"tested":602},{"age_group":"20-29   ","count":94,"tested":1191},{"age_group":"30-39   ","count":78,"tested":922},{"age_group":"40-49   ","count":100,"tested":1218},{"age_group":"50-59   ","count":118,"tested":1016},{"age_group":"60-69   ","count":126,"tested":1375},{"age_group":"70-79   ","count":138,"tested":1467},{"age_group":"80+","count":141,"tested":1283}],"race":[{"description":"Black","count":45,"tested":94,"color":"rgb(255,127,14)"},{"description":"Asian","count":98,"tested":583,"color":"rgb(140,86,75)"},{"description":"Hispanic","count":61,"tested":130,"color":"rgb(214,39,40)"},{"description":"Other","count":69,"tested":457,"color":"rgb(148,103,189)"},{"description":"White","count":290,"tested":2569,"color":"rgb(31,119,180)"},{"description":"Left Blank","count":274,"tested":5218,"color":"rgb(44,160,44)"}],"gender":[{"description":"Male","count":321,"tested":3822,"color":"rgb(31,119,180)"},{"description":"Female","count":372,"tested":5226,"color":"rgb(255,127,14)"}]}
