{"age":[{"age_group":"<20","count":260,"tested":3762},{"age_group":"20-29   ","count":164,"tested":2375},{"age_group":"30-39   ","count":112,"tested":1769},{"age_group":"40-49   ","count":167,"tested":2725},{"age_group":"50-59   ","count":187,"tested":3185},{"age_group":"60-69   ","count":118,"tested":2229},{"age_group":"70-79   ","count":89,"tested":1334},{"age_group":"80+","count":92,"tested":914}],"race":[{"description":"Left Blank","count":272,"tested":7338,"color":"rgb(44,160,44)"},{"description":"Other","count":138,"tested":1432,"color":"rgb(148,103,189)"},{"description":"Asian","count":60,"tested":604,"color":"rgb(140,86,75)"},{"description":"Black","count":48,"tested":112,"color":"rgb(255,127,14)"},{"description":"Hispanic","count":71,"tested":285,"color":"rgb(214,39,40)"},{"description":"White","count":527,"tested":8495,"color":"rgb(31,119,180)"}],"gender":[{"description":"Female","count":480,"tested":9959,"color":"rgb(255,127,14)"},{"description":"Male","count":492,"tested":8253,"color":"rgb(31,119,180)"}]}
