{"age":[{"age_group":"<20","count":30,"tested":228},{"age_group":"20-29   ","count":231,"tested":3574},{"age_group":"30-39   ","count":205,"tested":3550},{"age_group":"40-49   ","count":56,"tested":801},{"age_group":"50-59   ","count":37,"tested":445},{"age_group":"60-69   ","count":37,"tested":255}],"race":[{"description":"White","count":198,"tested":2634,"color":"rgb(31,119,180)"},{"description":"Asian","count":50,"tested":812,"color":"rgb(140,86,75)"},{"description":"Black","count":38,"tested":283,"color":"rgb(255,127,14)"},{"description":"Other","count":51,"tested":528,"color":"rgb(148,103,189)"},{"description":"Left Blank","count":220,"tested":4438,"color":"rgb(44,160,44)"},{"description":"Hispanic","count":40,"tested":264,"color":"rgb(214,39,40)"}],"gender":[{"description":"Unknown/Left Blank","count":24,"tested":87,"color":"rgb(44,160,44)"},{"description":"Female","count":239,"tested":4617,"color":"rgb(255,127,14)"},{"description":"Male","count":281,"tested":4277,"color":"rgb(31,119,180)"}]}
