{"age":[{"age_group":"<20","count":191,"tested":1215},{"age_group":"20-29   ","count":183,"tested":950},{"age_group":"30-39   ","count":158,"tested":892},{"age_group":"40-49   ","count":168,"tested":831},{"age_group":"50-59   ","count":152,"tested":760},{"age_group":"60-69   ","count":114,"tested":541},{"age_group":"70-79   ","count":78,"tested":255},{"age_group":"80+","count":63,"tested":109}],"race":[{"description":"White","count":482,"tested":3673,"color":"rgb(31,119,180)"},{"description":"Left Blank","count":259,"tested":1473,"color":"rgb(44,160,44)"},{"description":"Other","count":82,"tested":252,"color":"rgb(148,103,189)"},{"description":"Hispanic","count":66,"tested":111,"color":"rgb(214,39,40)"}],"gender":[{"description":"Male","count":388,"tested":2347,"color":"rgb(31,119,180)"},{"description":"Female","count":392,"tested":3183,"color":"rgb(255,127,14)"}]}
