{"age":[{"age_group":"<20","count":654,"tested":4204},{"age_group":"20-29   ","count":790,"tested":7175},{"age_group":"30-39   ","count":726,"tested":6748},{"age_group":"40-49   ","count":713,"tested":6265},{"age_group":"50-59   ","count":640,"tested":6972},{"age_group":"60-69   ","count":408,"tested":4942},{"age_group":"70-79   ","count":292,"tested":3422},{"age_group":"80+","count":234,"tested":2393}],"race":[{"description":"AI/AN**","count":105,"tested":34,"color":"rgb(31,119,180)"},{"description":"NH/PI*","count":105,"tested":37,"color":"rgb(127,127,127)"},{"description":"Asian","count":236,"tested":1651,"color":"rgb(140,86,75)"},{"description":"Other","count":276,"tested":1457,"color":"rgb(148,103,189)"},{"description":"White","count":723,"tested":7805,"color":"rgb(31,119,180)"},{"description":"Left Blank","count":1338,"tested":21753,"color":"rgb(44,160,44)"},{"description":"Black","count":548,"tested":4565,"color":"rgb(255,127,14)"},{"description":"Hispanic","count":1126,"tested":4836,"color":"rgb(214,39,40)"}],"gender":[{"description":"Male","count":1814,"tested":16725,"color":"rgb(31,119,180)"},{"description":"Unknown/Left Blank","count":115,"tested":571,"color":"rgb(44,160,44)"},{"description":"Female","count":2033,"tested":24842,"color":"rgb(255,127,14)"}]}
