{"age":[{"age_group":"<20","count":774,"tested":3733},{"age_group":"20-29   ","count":1131,"tested":6610},{"age_group":"30-39   ","count":942,"tested":5336},{"age_group":"40-49   ","count":1010,"tested":4692},{"age_group":"50-59   ","count":872,"tested":4789},{"age_group":"60-69   ","count":542,"tested":3031},{"age_group":"70-79   ","count":335,"tested":1392},{"age_group":"80+","count":285,"tested":1098}],"race":[{"description":"Left Blank","count":1661,"tested":16243,"color":"rgb(44,160,44)"},{"description":"Hispanic","count":2246,"tested":6472,"color":"rgb(214,39,40)"},{"description":"Other","count":295,"tested":965,"color":"rgb(148,103,189)"},{"description":"Asian","count":263,"tested":1071,"color":"rgb(140,86,75)"},{"description":"Black","count":319,"tested":1164,"color":"rgb(255,127,14)"},{"description":"White","count":693,"tested":4756,"color":"rgb(31,119,180)"},{"description":"NH/PI*","count":216,"tested":17,"color":"rgb(127,127,127)"}],"gender":[{"description":"Female","count":2453,"tested":17811,"color":"rgb(255,127,14)"},{"description":"Male","count":2243,"tested":12441,"color":"rgb(31,119,180)"},{"description":"Unknown/Left Blank","count":220,"tested":442,"color":"rgb(44,160,44)"}]}
