{"age":[{"age_group":"<20","count":447,"tested":4141},{"age_group":"20-29   ","count":618,"tested":6607},{"age_group":"30-39   ","count":558,"tested":6493},{"age_group":"40-49   ","count":489,"tested":6224},{"age_group":"50-59   ","count":476,"tested":6614},{"age_group":"60-69   ","count":387,"tested":5922},{"age_group":"70-79   ","count":176,"tested":2873},{"age_group":"80+","count":149,"tested":1829}],"race":[{"description":"Hispanic","count":617,"tested":2560,"color":"rgb(214,39,40)"},{"description":"Asian","count":276,"tested":1702,"color":"rgb(140,86,75)"},{"description":"Left Blank","count":818,"tested":23325,"color":"rgb(44,160,44)"},{"description":"White","count":829,"tested":7936,"color":"rgb(31,119,180)"},{"description":"Black","count":361,"tested":2877,"color":"rgb(255,127,14)"},{"description":"AI/AN**","count":35,"tested":51,"color":"rgb(31,119,180)"},{"description":"Other","count":336,"tested":2215,"color":"rgb(148,103,189)"}],"gender":[{"description":"Unknown/Left Blank","count":47,"tested":2064,"color":"rgb(44,160,44)"},{"description":"Male","count":1522,"tested":17078,"color":"rgb(31,119,180)"},{"description":"Female","count":1596,"tested":21580,"color":"rgb(255,127,14)"}]}
