{"age":[{"age_group":"<20","count":130,"tested":784},{"age_group":"20-29   ","count":203,"tested":1440},{"age_group":"30-39   ","count":206,"tested":1416},{"age_group":"40-49   ","count":152,"tested":1105},{"age_group":"50-59   ","count":192,"tested":1309},{"age_group":"60-69   ","count":134,"tested":1227},{"age_group":"70-79   ","count":71,"tested":817},{"age_group":"80+","count":57,"tested":942}],"race":[{"description":"Other","count":49,"tested":275,"color":"rgb(148,103,189)"},{"description":"White","count":404,"tested":2653,"color":"rgb(31,119,180)"},{"description":"Asian","count":32,"tested":159,"color":"rgb(140,86,75)"},{"description":"Black","count":24,"tested":119,"color":"rgb(255,127,14)"},{"description":"Left Blank","count":322,"tested":4850,"color":"rgb(44,160,44)"},{"description":"Hispanic","count":295,"tested":981,"color":"rgb(214,39,40)"}],"gender":[{"description":"Female","count":553,"tested":4931,"color":"rgb(255,127,14)"},{"description":"Male","count":537,"tested":3996,"color":"rgb(31,119,180)"}]}
