{"age":[{"age_group":"<20","count":367,"tested":2589},{"age_group":"20-29   ","count":431,"tested":3143},{"age_group":"30-39   ","count":366,"tested":2515},{"age_group":"40-49   ","count":357,"tested":2612},{"age_group":"50-59   ","count":441,"tested":3200},{"age_group":"60-69   ","count":287,"tested":2102},{"age_group":"70-79   ","count":199,"tested":1081},{"age_group":"80+","count":177,"tested":1430}],"race":[{"description":"Other","count":237,"tested":835,"color":"rgb(148,103,189)"},{"description":"Left Blank","count":619,"tested":6346,"color":"rgb(44,160,44)"},{"description":"White","count":851,"tested":9197,"color":"rgb(31,119,180)"},{"description":"Hispanic","count":332,"tested":1171,"color":"rgb(214,39,40)"},{"description":"Asian","count":166,"tested":462,"color":"rgb(140,86,75)"},{"description":"Black","count":157,"tested":562,"color":"rgb(255,127,14)"},{"description":"NH/PI*","count":134,"tested":82,"color":"rgb(127,127,127)"}],"gender":[{"description":"Female","count":899,"tested":10678,"color":"rgb(255,127,14)"},{"description":"Male","count":953,"tested":7801,"color":"rgb(31,119,180)"}]}
