{"age":[{"age_group":"20-29   ","count":19,"tested":132},{"age_group":"50-59   ","count":25,"tested":113},{"age_group":"60-69   ","count":18,"tested":104}],"race":[{"description":"White","count":34,"tested":379,"color":"rgb(31,119,180)"},{"description":"Hispanic","count":17,"tested":33,"color":"rgb(214,39,40)"},{"description":"Left Blank","count":27,"tested":256,"color":"rgb(44,160,44)"}],"gender":[{"description":"Male","count":38,"tested":334,"color":"rgb(31,119,180)"},{"description":"Female","count":33,"tested":371,"color":"rgb(255,127,14)"}]}
