{"age":[{"age_group":"<20","count":318,"tested":2944},{"age_group":"20-29   ","count":337,"tested":2625},{"age_group":"30-39   ","count":328,"tested":2745},{"age_group":"40-49   ","count":319,"tested":2517},{"age_group":"50-59   ","count":288,"tested":2264},{"age_group":"60-69   ","count":212,"tested":1705},{"age_group":"70-79   ","count":145,"tested":1086},{"age_group":"80+","count":102,"tested":1337}],"race":[{"description":"Other","count":98,"tested":347,"color":"rgb(148,103,189)"},{"description":"Left Blank","count":528,"tested":8333,"color":"rgb(44,160,44)"},{"description":"Hispanic","count":291,"tested":1101,"color":"rgb(214,39,40)"},{"description":"White","count":766,"tested":6774,"color":"rgb(31,119,180)"},{"description":"Asian","count":85,"tested":131,"color":"rgb(140,86,75)"},{"description":"Black","count":132,"tested":532,"color":"rgb(255,127,14)"}],"gender":[{"description":"Male","count":763,"tested":6719,"color":"rgb(31,119,180)"},{"description":"Female","count":846,"tested":9840,"color":"rgb(255,127,14)"}]}
