{"age":[{"age_group":"<20","count":122,"tested":1275},{"age_group":"20-29   ","count":97,"tested":826},{"age_group":"30-39   ","count":70,"tested":648},{"age_group":"40-49   ","count":96,"tested":790},{"age_group":"50-59   ","count":93,"tested":1094},{"age_group":"60-69   ","count":55,"tested":771},{"age_group":"70-79   ","count":25,"tested":416},{"age_group":"80+","count":53,"tested":465}],"race":[{"description":"Other","count":26,"tested":205,"color":"rgb(148,103,189)"},{"description":"Left Blank","count":208,"tested":3352,"color":"rgb(44,160,44)"},{"description":"Hispanic","count":29,"tested":110,"color":"rgb(214,39,40)"},{"description":"Asian","count":37,"tested":211,"color":"rgb(140,86,75)"},{"description":"White","count":249,"tested":2304,"color":"rgb(31,119,180)"},{"description":"Black","count":33,"tested":104,"color":"rgb(255,127,14)"}],"gender":[{"description":"Male","count":249,"tested":2599,"color":"rgb(31,119,180)"},{"description":"Female","count":276,"tested":3605,"color":"rgb(255,127,14)"}]}
