{"age":[{"age_group":"<20","count":105,"tested":549},{"age_group":"20-29   ","count":148,"tested":855},{"age_group":"30-39   ","count":116,"tested":635},{"age_group":"40-49   ","count":105,"tested":523},{"age_group":"50-59   ","count":90,"tested":554},{"age_group":"60-69   ","count":59,"tested":352},{"age_group":"70-79   ","count":34,"tested":179},{"age_group":"80+","count":21,"tested":77}],"race":[{"description":"White","count":75,"tested":541,"color":"rgb(31,119,180)"},{"description":"Left Blank","count":289,"tested":2034,"color":"rgb(44,160,44)"},{"description":"Other","count":35,"tested":103,"color":"rgb(148,103,189)"},{"description":"Hispanic","count":180,"tested":745,"color":"rgb(214,39,40)"},{"description":"Black","count":51,"tested":281,"color":"rgb(255,127,14)"}],"gender":[{"description":"Male","count":287,"tested":1660,"color":"rgb(31,119,180)"},{"description":"Female","count":300,"tested":2037,"color":"rgb(255,127,14)"}]}
