{"age":[{"age_group":"<20","count":57,"tested":438},{"age_group":"20-29   ","count":101,"tested":732},{"age_group":"30-39   ","count":70,"tested":642},{"age_group":"40-49   ","count":92,"tested":824},{"age_group":"50-59   ","count":92,"tested":945},{"age_group":"60-69   ","count":81,"tested":823},{"age_group":"70-79   ","count":46,"tested":456},{"age_group":"80+","count":23,"tested":235}],"race":[{"description":"Other","count":26,"tested":133,"color":"rgb(148,103,189)"},{"description":"Black","count":73,"tested":635,"color":"rgb(255,127,14)"},{"description":"White","count":219,"tested":2175,"color":"rgb(31,119,180)"},{"description":"Left Blank","count":154,"tested":1871,"color":"rgb(44,160,44)"},{"description":"Hispanic","count":49,"tested":204,"color":"rgb(214,39,40)"}],"gender":[{"description":"Female","count":254,"tested":2950,"color":"rgb(255,127,14)"},{"description":"Male","count":234,"tested":2094,"color":"rgb(31,119,180)"}]}
