{"age":[{"age_group":"<20","count":104,"tested":1063},{"age_group":"20-29   ","count":132,"tested":1223},{"age_group":"30-39   ","count":101,"tested":1307},{"age_group":"40-49   ","count":130,"tested":1319},{"age_group":"50-59   ","count":132,"tested":1439},{"age_group":"60-69   ","count":82,"tested":1147},{"age_group":"70-79   ","count":50,"tested":617},{"age_group":"80+","count":27,"tested":171}],"race":[{"description":"Hispanic","count":45,"tested":256,"color":"rgb(214,39,40)"},{"description":"Left Blank","count":283,"tested":4296,"color":"rgb(44,160,44)"},{"description":"Black","count":26,"tested":123,"color":"rgb(255,127,14)"},{"description":"White","count":244,"tested":2430,"color":"rgb(31,119,180)"},{"description":"Asian","count":89,"tested":939,"color":"rgb(140,86,75)"},{"description":"Other","count":39,"tested":215,"color":"rgb(148,103,189)"}],"gender":[{"description":"Female","count":338,"tested":4511,"color":"rgb(255,127,14)"},{"description":"Male","count":335,"tested":3673,"color":"rgb(31,119,180)"}]}
