{"age":[{"age_group":"<20","count":31,"tested":178},{"age_group":"20-29   ","count":24,"tested":183},{"age_group":"30-39   ","count":23,"tested":213},{"age_group":"40-49   ","count":36,"tested":141},{"age_group":"50-59   ","count":26,"tested":210},{"age_group":"60-69   ","count":29,"tested":222},{"age_group":"70-79   ","count":17,"tested":104}],"race":[{"description":"Left Blank","count":26,"tested":238,"color":"rgb(44,160,44)"},{"description":"White","count":107,"tested":989,"color":"rgb(31,119,180)"}],"gender":[{"description":"Female","count":80,"tested":855,"color":"rgb(255,127,14)"},{"description":"Male","count":58,"tested":424,"color":"rgb(31,119,180)"}]}
