{"age":[{"age_group":"<20","count":129,"tested":1176},{"age_group":"20-29   ","count":127,"tested":1135},{"age_group":"30-39   ","count":108,"tested":1314},{"age_group":"40-49   ","count":111,"tested":1059},{"age_group":"50-59   ","count":130,"tested":1368},{"age_group":"60-69   ","count":67,"tested":1385},{"age_group":"70-79   ","count":49,"tested":601},{"age_group":"80+","count":48,"tested":449}],"race":[{"description":"Hispanic","count":17,"tested":161,"color":"rgb(214,39,40)"},{"description":"White","count":456,"tested":5195,"color":"rgb(31,119,180)"},{"description":"Left Blank","count":287,"tested":2926,"color":"rgb(44,160,44)"},{"description":"Other","count":12,"tested":123,"color":"rgb(148,103,189)"}],"gender":[{"description":"Male","count":348,"tested":2975,"color":"rgb(31,119,180)"},{"description":"Female","count":423,"tested":5309,"color":"rgb(255,127,14)"}]}
