{"age":[{"age_group":"<20","count":46,"tested":530},{"age_group":"20-29   ","count":41,"tested":360},{"age_group":"30-39   ","count":38,"tested":322},{"age_group":"40-49   ","count":50,"tested":372},{"age_group":"50-59   ","count":49,"tested":456},{"age_group":"60-69   ","count":35,"tested":377},{"age_group":"70-79   ","count":10,"tested":183},{"age_group":"80+","count":11,"tested":79}],"race":[{"description":"White","count":182,"tested":1349,"color":"rgb(31,119,180)"},{"description":"Left Blank","count":92,"tested":1269,"color":"rgb(44,160,44)"}],"gender":[{"description":"Male","count":131,"tested":1034,"color":"rgb(31,119,180)"},{"description":"Female","count":146,"tested":1597,"color":"rgb(255,127,14)"}]}
