{"age":[{"age_group":"<20","count":257,"tested":2024},{"age_group":"20-29   ","count":307,"tested":3750},{"age_group":"30-39   ","count":312,"tested":3346},{"age_group":"40-49   ","count":251,"tested":2871},{"age_group":"50-59   ","count":309,"tested":3450},{"age_group":"60-69   ","count":235,"tested":3412},{"age_group":"70-79   ","count":149,"tested":2024},{"age_group":"80+","count":85,"tested":1124}],"race":[{"description":"Hispanic","count":142,"tested":892,"color":"rgb(214,39,40)"},{"description":"Asian","count":35,"tested":300,"color":"rgb(140,86,75)"},{"description":"Black","count":65,"tested":624,"color":"rgb(255,127,14)"},{"description":"White","count":792,"tested":6291,"color":"rgb(31,119,180)"},{"description":"Left Blank","count":760,"tested":13125,"color":"rgb(44,160,44)"},{"description":"Other","count":106,"tested":760,"color":"rgb(148,103,189)"}],"gender":[{"description":"Unknown/Left Blank","count":26,"tested":325,"color":"rgb(44,160,44)"},{"description":"Male","count":888,"tested":8455,"color":"rgb(31,119,180)"},{"description":"Female","count":991,"tested":13232,"color":"rgb(255,127,14)"}]}
