{"age":[{"age_group":"<20","count":429,"tested":5534},{"age_group":"20-29   ","count":419,"tested":5181},{"age_group":"30-39   ","count":362,"tested":5272},{"age_group":"40-49   ","count":312,"tested":4235},{"age_group":"50-59   ","count":341,"tested":5211},{"age_group":"60-69   ","count":284,"tested":5200},{"age_group":"70-79   ","count":106,"tested":3133},{"age_group":"80+","count":88,"tested":3960}],"race":[{"description":"Hispanic","count":192,"tested":925,"color":"rgb(214,39,40)"},{"description":"Asian","count":85,"tested":921,"color":"rgb(140,86,75)"},{"description":"Left Blank","count":563,"tested":19568,"color":"rgb(44,160,44)"},{"description":"White","count":1346,"tested":14379,"color":"rgb(31,119,180)"},{"description":"Black","count":85,"tested":857,"color":"rgb(255,127,14)"},{"description":"Other","count":66,"tested":1080,"color":"rgb(148,103,189)"}],"gender":[{"description":"Unknown/Left Blank","count":33,"tested":456,"color":"rgb(44,160,44)"},{"description":"Male","count":1118,"tested":16274,"color":"rgb(31,119,180)"},{"description":"Female","count":1190,"tested":21030,"color":"rgb(255,127,14)"}]}
