{"age":[{"age_group":"<20","count":14,"tested":187},{"age_group":"20-29   ","count":26,"tested":241},{"age_group":"30-39   ","count":14,"tested":230},{"age_group":"40-49   ","count":12,"tested":133},{"age_group":"50-59   ","count":33,"tested":221},{"age_group":"60-69   ","count":19,"tested":181},{"age_group":"70-79   ","count":9,"tested":131}],"race":[{"description":"White","count":82,"tested":816,"color":"rgb(31,119,180)"},{"description":"Hispanic","count":18,"tested":58,"color":"rgb(214,39,40)"},{"description":"Left Blank","count":29,"tested":480,"color":"rgb(44,160,44)"}],"gender":[{"description":"Male","count":65,"tested":667,"color":"rgb(31,119,180)"},{"description":"Female","count":64,"tested":724,"color":"rgb(255,127,14)"}]}
