{"age":[{"age_group":"<20","count":803,"tested":6779},{"age_group":"20-29   ","count":1052,"tested":11747},{"age_group":"30-39   ","count":1041,"tested":11588},{"age_group":"40-49   ","count":941,"tested":10392},{"age_group":"50-59   ","count":818,"tested":11248},{"age_group":"60-69   ","count":518,"tested":9246},{"age_group":"70-79   ","count":295,"tested":6400},{"age_group":"80+","count":247,"tested":6797}],"race":[{"description":"Left Blank","count":1366,"tested":32715,"color":"rgb(44,160,44)"},{"description":"White","count":1868,"tested":21463,"color":"rgb(31,119,180)"},{"description":"Hispanic","count":1507,"tested":7906,"color":"rgb(214,39,40)"},{"description":"Black","count":602,"tested":7475,"color":"rgb(255,127,14)"},{"description":"Asian","count":70,"tested":675,"color":"rgb(140,86,75)"},{"description":"Other","count":265,"tested":3769,"color":"rgb(148,103,189)"},{"description":"AI/AN**","count":32,"tested":179,"color":"rgb(31,119,180)"}],"gender":[{"description":"Female","count":3031,"tested":42509,"color":"rgb(255,127,14)"},{"description":"Male","count":2647,"tested":30009,"color":"rgb(31,119,180)"},{"description":"Unknown/Left Blank","count":37,"tested":1688,"color":"rgb(44,160,44)"}]}
