{"age":[{"age_group":"<20","count":2470,"tested":17173},{"age_group":"20-29   ","count":2892,"tested":24891},{"age_group":"30-39   ","count":2723,"tested":21671},{"age_group":"40-49   ","count":2556,"tested":18615},{"age_group":"50-59   ","count":2062,"tested":17229},{"age_group":"60-69   ","count":1157,"tested":12497},{"age_group":"70-79   ","count":552,"tested":5786},{"age_group":"80+","count":203,"tested":2157}],"race":[{"description":"AI/AN**","count":10,"tested":114,"color":"rgb(31,119,180)"},{"description":"NH/PI*","count":7,"tested":101,"color":"rgb(127,127,127)"},{"description":"Left Blank","count":2466,"tested":36723,"color":"rgb(44,160,44)"},{"description":"White","count":786,"tested":10054,"color":"rgb(31,119,180)"},{"description":"Asian","count":72,"tested":952,"color":"rgb(140,86,75)"},{"description":"Other","count":526,"tested":5704,"color":"rgb(148,103,189)"},{"description":"Black","count":882,"tested":10047,"color":"rgb(255,127,14)"},{"description":"Hispanic","count":9866,"tested":56513,"color":"rgb(214,39,40)"}],"gender":[{"description":"Unknown/Left Blank","count":85,"tested":1135,"color":"rgb(44,160,44)"},{"description":"Male","count":7104,"tested":54294,"color":"rgb(31,119,180)"},{"description":"Female","count":7426,"tested":64779,"color":"rgb(255,127,14)"}]}
