{"age":[{"age_group":"<20","count":187,"tested":1805},{"age_group":"20-29   ","count":169,"tested":1942},{"age_group":"30-39   ","count":208,"tested":1878},{"age_group":"40-49   ","count":180,"tested":1693},{"age_group":"50-59   ","count":205,"tested":1778},{"age_group":"60-69   ","count":133,"tested":1657},{"age_group":"70-79   ","count":60,"tested":1057},{"age_group":"80+","count":39,"tested":808}],"race":[{"description":"White","count":662,"tested":6662,"color":"rgb(31,119,180)"},{"description":"Hispanic","count":226,"tested":988,"color":"rgb(214,39,40)"},{"description":"Left Blank","count":265,"tested":4586,"color":"rgb(44,160,44)"},{"description":"Other","count":16,"tested":218,"color":"rgb(148,103,189)"}],"gender":[{"description":"Female","count":626,"tested":7469,"color":"rgb(255,127,14)"},{"description":"Male","count":551,"tested":5005,"color":"rgb(31,119,180)"}]}
