{"age":[{"age_group":"<20","count":197,"tested":1475},{"age_group":"20-29   ","count":269,"tested":2876},{"age_group":"30-39   ","count":233,"tested":2640},{"age_group":"40-49   ","count":211,"tested":2310},{"age_group":"50-59   ","count":196,"tested":2587},{"age_group":"60-69   ","count":157,"tested":2153},{"age_group":"70-79   ","count":64,"tested":1188},{"age_group":"80+","count":39,"tested":497}],"race":[{"description":"White","count":517,"tested":4732,"color":"rgb(31,119,180)"},{"description":"Asian","count":27,"tested":373,"color":"rgb(140,86,75)"},{"description":"Hispanic","count":159,"tested":877,"color":"rgb(214,39,40)"},{"description":"Left Blank","count":533,"tested":8601,"color":"rgb(44,160,44)"},{"description":"Other","count":88,"tested":752,"color":"rgb(148,103,189)"},{"description":"Black","count":41,"tested":374,"color":"rgb(255,127,14)"}],"gender":[{"description":"Male","count":669,"tested":6602,"color":"rgb(31,119,180)"},{"description":"Female","count":693,"tested":8461,"color":"rgb(255,127,14)"}]}
