{"age":[{"age_group":"<20","count":194,"tested":1956},{"age_group":"20-29   ","count":155,"tested":1510},{"age_group":"30-39   ","count":146,"tested":1801},{"age_group":"40-49   ","count":150,"tested":1533},{"age_group":"50-59   ","count":155,"tested":1810},{"age_group":"60-69   ","count":99,"tested":1126},{"age_group":"70-79   ","count":69,"tested":979},{"age_group":"80+","count":61,"tested":1020}],"race":[{"description":"White","count":543,"tested":4610,"color":"rgb(31,119,180)"},{"description":"Left Blank","count":453,"tested":6733,"color":"rgb(44,160,44)"},{"description":"Hispanic","count":29,"tested":157,"color":"rgb(214,39,40)"}],"gender":[{"description":"Female","count":543,"tested":5805,"color":"rgb(255,127,14)"},{"description":"Male","count":463,"tested":3643,"color":"rgb(31,119,180)"},{"description":"Unknown/Left Blank","count":36,"tested":2295,"color":"rgb(44,160,44)"}]}
