{"age":[{"age_group":"<20","count":298,"tested":3402},{"age_group":"20-29   ","count":429,"tested":5504},{"age_group":"30-39   ","count":436,"tested":5859},{"age_group":"40-49   ","count":331,"tested":4565},{"age_group":"50-59   ","count":367,"tested":5701},{"age_group":"60-69   ","count":307,"tested":5062},{"age_group":"70-79   ","count":145,"tested":2282},{"age_group":"80+","count":96,"tested":1702}],"race":[{"description":"Left Blank","count":551,"tested":11302,"color":"rgb(44,160,44)"},{"description":"Other","count":28,"tested":477,"color":"rgb(148,103,189)"},{"description":"Black","count":1642,"tested":20635,"color":"rgb(255,127,14)"},{"description":"White","count":34,"tested":660,"color":"rgb(31,119,180)"},{"description":"Hispanic","count":145,"tested":881,"color":"rgb(214,39,40)"}],"gender":[{"description":"Male","count":1041,"tested":14842,"color":"rgb(31,119,180)"},{"description":"Unknown/Left Blank","count":16,"tested":786,"color":"rgb(44,160,44)"},{"description":"Female","count":1352,"tested":18463,"color":"rgb(255,127,14)"}]}
