{"age":[{"age_group":"<20","count":197,"tested":2063},{"age_group":"20-29   ","count":223,"tested":2186},{"age_group":"30-39   ","count":215,"tested":2034},{"age_group":"40-49   ","count":186,"tested":1743},{"age_group":"50-59   ","count":211,"tested":2121},{"age_group":"60-69   ","count":150,"tested":1929},{"age_group":"70-79   ","count":89,"tested":1412},{"age_group":"80+","count":60,"tested":1354}],"race":[{"description":"White","count":842,"tested":7840,"color":"rgb(31,119,180)"},{"description":"Other","count":25,"tested":320,"color":"rgb(148,103,189)"},{"description":"Left Blank","count":265,"tested":5358,"color":"rgb(44,160,44)"},{"description":"Hispanic","count":183,"tested":1143,"color":"rgb(214,39,40)"},{"description":"Asian","count":7,"tested":50,"color":"rgb(140,86,75)"},{"description":"Black","count":8,"tested":105,"color":"rgb(255,127,14)"}],"gender":[{"description":"Male","count":626,"tested":5753,"color":"rgb(31,119,180)"},{"description":"Female","count":698,"tested":8684,"color":"rgb(255,127,14)"}]}
