{"age":[{"age_group":"<20","count":15,"tested":603},{"age_group":"20-29   ","count":133,"tested":3259},{"age_group":"30-39   ","count":83,"tested":2442},{"age_group":"40-49   ","count":36,"tested":1089},{"age_group":"50-59   ","count":31,"tested":951},{"age_group":"60-69   ","count":21,"tested":718},{"age_group":"70-79   ","count":11,"tested":380}],"race":[{"description":"Black","count":33,"tested":836,"color":"rgb(255,127,14)"},{"description":"Hispanic","count":28,"tested":422,"color":"rgb(214,39,40)"},{"description":"Asian","count":20,"tested":941,"color":"rgb(140,86,75)"},{"description":"Left Blank","count":122,"tested":4815,"color":"rgb(44,160,44)"},{"description":"Other","count":14,"tested":423,"color":"rgb(148,103,189)"},{"description":"White","count":117,"tested":2184,"color":"rgb(31,119,180)"}],"gender":[{"description":"Male","count":203,"tested":5605,"color":"rgb(31,119,180)"},{"description":"Female","count":128,"tested":3849,"color":"rgb(255,127,14)"}]}
