{"age":[{"age_group":"<20","count":113,"tested":943},{"age_group":"20-29   ","count":147,"tested":1484},{"age_group":"30-39   ","count":154,"tested":1755},{"age_group":"40-49   ","count":156,"tested":1758},{"age_group":"50-59   ","count":156,"tested":1802},{"age_group":"60-69   ","count":109,"tested":1523},{"age_group":"70-79   ","count":50,"tested":872},{"age_group":"80+","count":20,"tested":286}],"race":[{"description":"Hispanic","count":151,"tested":786,"color":"rgb(214,39,40)"},{"description":"White","count":57,"tested":783,"color":"rgb(31,119,180)"},{"description":"Left Blank","count":174,"tested":3674,"color":"rgb(44,160,44)"},{"description":"Asian","count":14,"tested":101,"color":"rgb(140,86,75)"},{"description":"Black","count":469,"tested":4793,"color":"rgb(255,127,14)"},{"description":"Other","count":37,"tested":284,"color":"rgb(148,103,189)"}],"gender":[{"description":"Unknown/Left Blank","count":14,"tested":404,"color":"rgb(44,160,44)"},{"description":"Male","count":406,"tested":4149,"color":"rgb(31,119,180)"},{"description":"Female","count":485,"tested":5872,"color":"rgb(255,127,14)"}]}
