{"age":[{"age_group":"<20","count":10,"tested":192},{"age_group":"20-29   ","count":13,"tested":268},{"age_group":"30-39   ","count":15,"tested":202},{"age_group":"40-49   ","count":11,"tested":200},{"age_group":"50-59   ","count":12,"tested":140},{"age_group":"60-69   ","count":11,"tested":149},{"age_group":"70-79   ","count":8,"tested":79}],"race":[{"description":"White","count":29,"tested":494,"color":"rgb(31,119,180)"},{"description":"Left Blank","count":41,"tested":541,"color":"rgb(44,160,44)"},{"description":"Black","count":8,"tested":147,"color":"rgb(255,127,14)"}],"gender":[{"description":"Female","count":51,"tested":758,"color":"rgb(255,127,14)"},{"description":"Male","count":33,"tested":503,"color":"rgb(31,119,180)"}]}
