{"age":[{"age_group":"<20","count":228,"tested":2300},{"age_group":"20-29   ","count":205,"tested":1877},{"age_group":"30-39   ","count":247,"tested":2338},{"age_group":"40-49   ","count":228,"tested":1926},{"age_group":"50-59   ","count":177,"tested":1816},{"age_group":"60-69   ","count":99,"tested":1141},{"age_group":"70-79   ","count":48,"tested":641},{"age_group":"80+","count":12,"tested":224}],"race":[{"description":"Left Blank","count":396,"tested":4725,"color":"rgb(44,160,44)"},{"description":"Other","count":27,"tested":284,"color":"rgb(148,103,189)"},{"description":"White","count":722,"tested":6537,"color":"rgb(31,119,180)"},{"description":"Black","count":18,"tested":232,"color":"rgb(255,127,14)"},{"description":"Hispanic","count":77,"tested":433,"color":"rgb(214,39,40)"}],"gender":[{"description":"Male","count":602,"tested":5589,"color":"rgb(31,119,180)"},{"description":"Female","count":634,"tested":6521,"color":"rgb(255,127,14)"}]}
