{"age":[{"age_group":"<20","count":870,"tested":9753},{"age_group":"20-29   ","count":492,"tested":7538},{"age_group":"30-39   ","count":484,"tested":7355},{"age_group":"40-49   ","count":481,"tested":6443},{"age_group":"50-59   ","count":540,"tested":7528},{"age_group":"60-69   ","count":326,"tested":5816},{"age_group":"70-79   ","count":153,"tested":3067},{"age_group":"80+","count":117,"tested":3424}],"race":[{"description":"Black","count":79,"tested":814,"color":"rgb(255,127,14)"},{"description":"Asian","count":189,"tested":1500,"color":"rgb(140,86,75)"},{"description":"Hispanic","count":268,"tested":1545,"color":"rgb(214,39,40)"},{"description":"Other","count":101,"tested":1354,"color":"rgb(148,103,189)"},{"description":"Left Blank","count":622,"tested":24414,"color":"rgb(44,160,44)"},{"description":"White","count":2192,"tested":21225,"color":"rgb(31,119,180)"},{"description":"NH/PI*","count":6,"tested":35,"color":"rgb(127,127,127)"},{"description":"AI/AN**","count":6,"tested":47,"color":"rgb(31,119,180)"}],"gender":[{"description":"Male","count":1708,"tested":22531,"color":"rgb(31,119,180)"},{"description":"Unknown/Left Blank","count":23,"tested":618,"color":"rgb(44,160,44)"},{"description":"Female","count":1732,"tested":27785,"color":"rgb(255,127,14)"}]}
