{"age":[{"age_group":"<20","count":324,"tested":2416},{"age_group":"20-29   ","count":373,"tested":4600},{"age_group":"30-39   ","count":355,"tested":3891},{"age_group":"40-49   ","count":331,"tested":4065},{"age_group":"50-59   ","count":300,"tested":4375},{"age_group":"60-69   ","count":207,"tested":5147},{"age_group":"70-79   ","count":89,"tested":2646},{"age_group":"80+","count":45,"tested":1731}],"race":[{"description":"Hispanic","count":412,"tested":2581,"color":"rgb(214,39,40)"},{"description":"White","count":600,"tested":6064,"color":"rgb(31,119,180)"},{"description":"Asian","count":12,"tested":171,"color":"rgb(140,86,75)"},{"description":"Black","count":163,"tested":1976,"color":"rgb(255,127,14)"},{"description":"Other","count":45,"tested":566,"color":"rgb(148,103,189)"},{"description":"Left Blank","count":789,"tested":17460,"color":"rgb(44,160,44)"}],"gender":[{"description":"Female","count":1109,"tested":16307,"color":"rgb(255,127,14)"},{"description":"Male","count":905,"tested":12220,"color":"rgb(31,119,180)"},{"description":"Unknown/Left Blank","count":10,"tested":348,"color":"rgb(44,160,44)"}]}
