{"age":[{"age_group":"<20","count":183,"tested":1532},{"age_group":"20-29   ","count":286,"tested":2800},{"age_group":"30-39   ","count":222,"tested":2624},{"age_group":"40-49   ","count":197,"tested":2274},{"age_group":"50-59   ","count":150,"tested":2309},{"age_group":"60-69   ","count":150,"tested":2397},{"age_group":"70-79   ","count":77,"tested":2643},{"age_group":"80+","count":75,"tested":2805}],"race":[{"description":"Asian","count":26,"tested":398,"color":"rgb(140,86,75)"},{"description":"White","count":467,"tested":6335,"color":"rgb(31,119,180)"},{"description":"Black","count":117,"tested":3355,"color":"rgb(255,127,14)"},{"description":"Other","count":88,"tested":676,"color":"rgb(148,103,189)"},{"description":"Hispanic","count":147,"tested":1270,"color":"rgb(214,39,40)"},{"description":"Left Blank","count":490,"tested":7277,"color":"rgb(44,160,44)"}],"gender":[{"description":"Male","count":630,"tested":7721,"color":"rgb(31,119,180)"},{"description":"Female","count":699,"tested":11231,"color":"rgb(255,127,14)"},{"description":"Unknown/Left Blank","count":11,"tested":435,"color":"rgb(44,160,44)"}]}
