{"age":[{"age_group":"<20","count":491,"tested":5956},{"age_group":"20-29   ","count":538,"tested":7057},{"age_group":"30-39   ","count":596,"tested":7019},{"age_group":"40-49   ","count":494,"tested":6201},{"age_group":"50-59   ","count":451,"tested":6345},{"age_group":"60-69   ","count":298,"tested":5608},{"age_group":"70-79   ","count":109,"tested":2624},{"age_group":"80+","count":38,"tested":1812}],"race":[{"description":"Other","count":109,"tested":1553,"color":"rgb(148,103,189)"},{"description":"AI/AN**","count":10,"tested":47,"color":"rgb(31,119,180)"},{"description":"NH/PI*","count":6,"tested":46,"color":"rgb(127,127,127)"},{"description":"Black","count":268,"tested":2635,"color":"rgb(255,127,14)"},{"description":"Asian","count":202,"tested":2367,"color":"rgb(140,86,75)"},{"description":"White","count":1306,"tested":13651,"color":"rgb(31,119,180)"},{"description":"Left Blank","count":608,"tested":19838,"color":"rgb(44,160,44)"},{"description":"Hispanic","count":506,"tested":2502,"color":"rgb(214,39,40)"}],"gender":[{"description":"Female","count":1547,"tested":24536,"color":"rgb(255,127,14)"},{"description":"Male","count":1446,"tested":17568,"color":"rgb(31,119,180)"},{"description":"Unknown/Left Blank","count":22,"tested":535,"color":"rgb(44,160,44)"}]}
