{"age":[{"age_group":"<20","count":12,"tested":135},{"age_group":"20-29   ","count":8,"tested":75},{"age_group":"30-39   ","count":10,"tested":80},{"age_group":"40-49   ","count":7,"tested":108},{"age_group":"60-69   ","count":7,"tested":87},{"age_group":"70-79   ","count":6,"tested":26}],"race":[{"description":"White","count":36,"tested":426,"color":"rgb(31,119,180)"},{"description":"Left Blank","count":13,"tested":147,"color":"rgb(44,160,44)"}],"gender":[{"description":"Female","count":30,"tested":435,"color":"rgb(255,127,14)"},{"description":"Male","count":26,"tested":155,"color":"rgb(31,119,180)"}]}
