{"age":[{"age_group":"<20","count":48,"tested":1447},{"age_group":"20-29   ","count":457,"tested":12057},{"age_group":"30-39   ","count":287,"tested":7156},{"age_group":"40-49   ","count":87,"tested":2587},{"age_group":"50-59   ","count":86,"tested":2644},{"age_group":"60-69   ","count":63,"tested":2041},{"age_group":"70-79   ","count":46,"tested":1398},{"age_group":"80+","count":26,"tested":995}],"race":[{"description":"White","count":448,"tested":8633,"color":"rgb(31,119,180)"},{"description":"Black","count":99,"tested":2021,"color":"rgb(255,127,14)"},{"description":"Asian","count":96,"tested":4167,"color":"rgb(140,86,75)"},{"description":"Other","count":64,"tested":1515,"color":"rgb(148,103,189)"},{"description":"Left Blank","count":301,"tested":12930,"color":"rgb(44,160,44)"},{"description":"Hispanic","count":89,"tested":943,"color":"rgb(214,39,40)"}],"gender":[{"description":"Male","count":585,"tested":15199,"color":"rgb(31,119,180)"},{"description":"Female","count":495,"tested":14448,"color":"rgb(255,127,14)"},{"description":"Unknown/Left Blank","count":20,"tested":692,"color":"rgb(44,160,44)"}]}
