{"age":[{"age_group":"<20","count":52,"tested":643},{"age_group":"20-29   ","count":53,"tested":547},{"age_group":"30-39   ","count":60,"tested":487},{"age_group":"40-49   ","count":39,"tested":265},{"age_group":"50-59   ","count":43,"tested":350},{"age_group":"60-69   ","count":30,"tested":328},{"age_group":"70-79   ","count":11,"tested":153},{"age_group":"80+","count":12,"tested":101}],"race":[{"description":"Other","count":16,"tested":96,"color":"rgb(148,103,189)"},{"description":"Hispanic","count":11,"tested":52,"color":"rgb(214,39,40)"},{"description":"Left Blank","count":71,"tested":949,"color":"rgb(44,160,44)"},{"description":"White","count":200,"tested":1739,"color":"rgb(31,119,180)"}],"gender":[{"description":"Female","count":166,"tested":1591,"color":"rgb(255,127,14)"},{"description":"Male","count":133,"tested":1195,"color":"rgb(31,119,180)"}]}
