{"age":[{"age_group":"<20","count":46,"tested":324},{"age_group":"20-29   ","count":43,"tested":420},{"age_group":"30-39   ","count":30,"tested":285},{"age_group":"40-49   ","count":21,"tested":221},{"age_group":"50-59   ","count":56,"tested":608},{"age_group":"60-69   ","count":37,"tested":427},{"age_group":"70-79   ","count":12,"tested":253},{"age_group":"80+","count":7,"tested":74}],"race":[{"description":"Other","count":6,"tested":71,"color":"rgb(148,103,189)"},{"description":"Left Blank","count":51,"tested":1008,"color":"rgb(44,160,44)"},{"description":"White","count":164,"tested":1275,"color":"rgb(31,119,180)"},{"description":"Asian","count":16,"tested":116,"color":"rgb(140,86,75)"},{"description":"Hispanic","count":13,"tested":110,"color":"rgb(214,39,40)"}],"gender":[{"description":"Male","count":134,"tested":1322,"color":"rgb(31,119,180)"},{"description":"Female","count":117,"tested":1251,"color":"rgb(255,127,14)"}]}
