{"age":[{"age_group":"<20","count":51,"tested":653},{"age_group":"20-29   ","count":38,"tested":576},{"age_group":"30-39   ","count":32,"tested":624},{"age_group":"40-49   ","count":52,"tested":502},{"age_group":"50-59   ","count":36,"tested":743},{"age_group":"60-69   ","count":42,"tested":669},{"age_group":"70-79   ","count":29,"tested":457},{"age_group":"80+","count":19,"tested":295}],"race":[{"description":"Hispanic","count":64,"tested":342,"color":"rgb(214,39,40)"},{"description":"White","count":166,"tested":2165,"color":"rgb(31,119,180)"},{"description":"Left Blank","count":56,"tested":1915,"color":"rgb(44,160,44)"},{"description":"Other","count":10,"tested":64,"color":"rgb(148,103,189)"}],"gender":[{"description":"Female","count":170,"tested":2996,"color":"rgb(255,127,14)"},{"description":"Male","count":116,"tested":1385,"color":"rgb(31,119,180)"}]}
