{"age":[{"age_group":"<20","count":814,"tested":16062},{"age_group":"20-29   ","count":677,"tested":9833},{"age_group":"30-39   ","count":565,"tested":10393},{"age_group":"40-49   ","count":595,"tested":9429},{"age_group":"50-59   ","count":617,"tested":10332},{"age_group":"60-69   ","count":413,"tested":8781},{"age_group":"70-79   ","count":219,"tested":5053},{"age_group":"80+","count":184,"tested":6659}],"race":[{"description":"Black","count":65,"tested":1519,"color":"rgb(255,127,14)"},{"description":"Asian","count":174,"tested":3774,"color":"rgb(140,86,75)"},{"description":"White","count":2430,"tested":40992,"color":"rgb(31,119,180)"},{"description":"Other","count":149,"tested":1950,"color":"rgb(148,103,189)"},{"description":"Left Blank","count":859,"tested":24413,"color":"rgb(44,160,44)"},{"description":"AI/AN**","count":7,"tested":27,"color":"rgb(31,119,180)"},{"description":"Hispanic","count":399,"tested":3951,"color":"rgb(214,39,40)"}],"gender":[{"description":"Female","count":2029,"tested":41181,"color":"rgb(255,127,14)"},{"description":"Male","count":2011,"tested":33369,"color":"rgb(31,119,180)"},{"description":"Unknown/Left Blank","count":45,"tested":2160,"color":"rgb(44,160,44)"}]}
