{"age":[{"age_group":"<20","count":774,"tested":6719},{"age_group":"20-29   ","count":879,"tested":15898},{"age_group":"30-39   ","count":930,"tested":17688},{"age_group":"40-49   ","count":797,"tested":16808},{"age_group":"50-59   ","count":710,"tested":17539},{"age_group":"60-69   ","count":555,"tested":14225},{"age_group":"70-79   ","count":285,"tested":6707},{"age_group":"80+","count":246,"tested":5637}],"race":[{"description":"Black","count":1232,"tested":30447,"color":"rgb(255,127,14)"},{"description":"Hispanic","count":778,"tested":4758,"color":"rgb(214,39,40)"},{"description":"Asian","count":10,"tested":617,"color":"rgb(140,86,75)"},{"description":"White","count":1972,"tested":42109,"color":"rgb(31,119,180)"},{"description":"Other","count":103,"tested":2807,"color":"rgb(148,103,189)"},{"description":"Left Blank","count":1079,"tested":20299,"color":"rgb(44,160,44)"}],"gender":[{"description":"Unknown/Left Blank","count":19,"tested":1143,"color":"rgb(44,160,44)"},{"description":"Male","count":2426,"tested":37536,"color":"rgb(31,119,180)"},{"description":"Female","count":2732,"tested":62602,"color":"rgb(255,127,14)"}]}
