{"age":[{"age_group":"<20","count":566,"tested":6796},{"age_group":"20-29   ","count":456,"tested":6284},{"age_group":"30-39   ","count":339,"tested":5508},{"age_group":"40-49   ","count":331,"tested":4685},{"age_group":"50-59   ","count":363,"tested":5112},{"age_group":"60-69   ","count":250,"tested":5105},{"age_group":"70-79   ","count":118,"tested":2776},{"age_group":"80+","count":53,"tested":2439}],"race":[{"description":"Other","count":55,"tested":1177,"color":"rgb(148,103,189)"},{"description":"Asian","count":103,"tested":1100,"color":"rgb(140,86,75)"},{"description":"Black","count":82,"tested":902,"color":"rgb(255,127,14)"},{"description":"Left Blank","count":379,"tested":18124,"color":"rgb(44,160,44)"},{"description":"White","count":1717,"tested":16432,"color":"rgb(31,119,180)"},{"description":"Hispanic","count":137,"tested":942,"color":"rgb(214,39,40)"}],"gender":[{"description":"Female","count":1291,"tested":21760,"color":"rgb(255,127,14)"},{"description":"Male","count":1174,"tested":16663,"color":"rgb(31,119,180)"},{"description":"Unknown/Left Blank","count":11,"tested":289,"color":"rgb(44,160,44)"}]}
