{"age":[{"age_group":"<20","count":305,"tested":2727},{"age_group":"20-29   ","count":389,"tested":4743},{"age_group":"30-39   ","count":377,"tested":5028},{"age_group":"40-49   ","count":329,"tested":4261},{"age_group":"50-59   ","count":307,"tested":4730},{"age_group":"60-69   ","count":238,"tested":3697},{"age_group":"70-79   ","count":97,"tested":1544},{"age_group":"80+","count":44,"tested":579}],"race":[{"description":"White","count":35,"tested":424,"color":"rgb(31,119,180)"},{"description":"Other","count":33,"tested":393,"color":"rgb(148,103,189)"},{"description":"Left Blank","count":578,"tested":10836,"color":"rgb(44,160,44)"},{"description":"Black","count":1344,"tested":15173,"color":"rgb(255,127,14)"},{"description":"Hispanic","count":90,"tested":415,"color":"rgb(214,39,40)"}],"gender":[{"description":"Female","count":1241,"tested":17032,"color":"rgb(255,127,14)"},{"description":"Unknown/Left Blank","count":19,"tested":509,"color":"rgb(44,160,44)"},{"description":"Male","count":826,"tested":9775,"color":"rgb(31,119,180)"}]}
