{"age":[{"age_group":"<20","count":296,"tested":3238},{"age_group":"20-29   ","count":257,"tested":2777},{"age_group":"30-39   ","count":237,"tested":2334},{"age_group":"40-49   ","count":282,"tested":2738},{"age_group":"50-59   ","count":249,"tested":2796},{"age_group":"60-69   ","count":157,"tested":1893},{"age_group":"70-79   ","count":64,"tested":1115},{"age_group":"80+","count":24,"tested":522}],"race":[{"description":"Asian","count":10,"tested":135,"color":"rgb(140,86,75)"},{"description":"Black","count":8,"tested":246,"color":"rgb(255,127,14)"},{"description":"Hispanic","count":112,"tested":846,"color":"rgb(214,39,40)"},{"description":"Left Blank","count":461,"tested":4872,"color":"rgb(44,160,44)"},{"description":"Other","count":36,"tested":553,"color":"rgb(148,103,189)"},{"description":"White","count":938,"tested":10731,"color":"rgb(31,119,180)"}],"gender":[]}
