{"age":[{"age_group":"<20","count":332,"tested":2491},{"age_group":"20-29   ","count":368,"tested":3451},{"age_group":"30-39   ","count":346,"tested":2682},{"age_group":"40-49   ","count":276,"tested":2093},{"age_group":"50-59   ","count":279,"tested":2235},{"age_group":"60-69   ","count":201,"tested":1932},{"age_group":"70-79   ","count":107,"tested":821},{"age_group":"80+","count":55,"tested":1339}],"race":[{"description":"Black","count":14,"tested":344,"color":"rgb(255,127,14)"},{"description":"Hispanic","count":419,"tested":1430,"color":"rgb(214,39,40)"},{"description":"Left Blank","count":834,"tested":9163,"color":"rgb(44,160,44)"},{"description":"Other","count":33,"tested":261,"color":"rgb(148,103,189)"},{"description":"White","count":668,"tested":5781,"color":"rgb(31,119,180)"}],"gender":[]}
