{"age":[{"age_group":"<20","count":690,"tested":7649},{"age_group":"20-29   ","count":664,"tested":8783},{"age_group":"30-39   ","count":685,"tested":8068},{"age_group":"40-49   ","count":547,"tested":7450},{"age_group":"50-59   ","count":480,"tested":7482},{"age_group":"60-69   ","count":397,"tested":6766},{"age_group":"70-79   ","count":261,"tested":4645},{"age_group":"80+","count":153,"tested":4451}],"race":[{"description":"Asian","count":137,"tested":835,"color":"rgb(140,86,75)"},{"description":"Black","count":446,"tested":4075,"color":"rgb(255,127,14)"},{"description":"Hispanic","count":1014,"tested":4477,"color":"rgb(214,39,40)"},{"description":"Left Blank","count":385,"tested":29264,"color":"rgb(44,160,44)"},{"description":"Other","count":83,"tested":979,"color":"rgb(148,103,189)"},{"description":"White","count":1809,"tested":15633,"color":"rgb(31,119,180)"}],"gender":[]}
