{"age":[{"age_group":"<20","count":923,"tested":11760},{"age_group":"20-29   ","count":517,"tested":8548},{"age_group":"30-39   ","count":514,"tested":8520},{"age_group":"40-49   ","count":516,"tested":7316},{"age_group":"50-59   ","count":568,"tested":8428},{"age_group":"60-69   ","count":350,"tested":6713},{"age_group":"70-79   ","count":168,"tested":3550},{"age_group":"80+","count":121,"tested":3743}],"race":[{"description":"AI/AN**","count":8,"tested":71,"color":"rgb(31,119,180)"},{"description":"Asian","count":204,"tested":1985,"color":"rgb(140,86,75)"},{"description":"Black","count":83,"tested":981,"color":"rgb(255,127,14)"},{"description":"Hispanic","count":298,"tested":1903,"color":"rgb(214,39,40)"},{"description":"Left Blank","count":583,"tested":26395,"color":"rgb(44,160,44)"},{"description":"NH/PI*","count":6,"tested":42,"color":"rgb(127,127,127)"},{"description":"Other","count":103,"tested":1645,"color":"rgb(148,103,189)"},{"description":"White","count":2392,"tested":25566,"color":"rgb(31,119,180)"}],"gender":[]}
