{"age":[{"age_group":"<20","count":667,"tested":7228},{"age_group":"20-29   ","count":712,"tested":9678},{"age_group":"30-39   ","count":633,"tested":9631},{"age_group":"40-49   ","count":630,"tested":8967},{"age_group":"50-59   ","count":524,"tested":9054},{"age_group":"60-69   ","count":331,"tested":7776},{"age_group":"70-79   ","count":160,"tested":3427},{"age_group":"80+","count":133,"tested":2110}],"race":[{"description":"Asian","count":44,"tested":960,"color":"rgb(140,86,75)"},{"description":"Black","count":641,"tested":8481,"color":"rgb(255,127,14)"},{"description":"Hispanic","count":1487,"tested":10393,"color":"rgb(214,39,40)"},{"description":"Left Blank","count":860,"tested":27886,"color":"rgb(44,160,44)"},{"description":"NH/PI*","count":9,"tested":86,"color":"rgb(127,127,127)"},{"description":"Other","count":105,"tested":1300,"color":"rgb(148,103,189)"},{"description":"White","count":641,"tested":8694,"color":"rgb(31,119,180)"}],"gender":[]}
