{"age":[{"age_group":"<20","count":59,"tested":730},{"age_group":"20-29   ","count":55,"tested":598},{"age_group":"30-39   ","count":67,"tested":568},{"age_group":"40-49   ","count":45,"tested":306},{"age_group":"50-59   ","count":46,"tested":391},{"age_group":"60-69   ","count":34,"tested":385},{"age_group":"70-79   ","count":13,"tested":170},{"age_group":"80+","count":13,"tested":114}],"race":[{"description":"Hispanic","count":11,"tested":70,"color":"rgb(214,39,40)"},{"description":"Left Blank","count":76,"tested":1024,"color":"rgb(44,160,44)"},{"description":"Other","count":18,"tested":115,"color":"rgb(148,103,189)"},{"description":"White","count":224,"tested":2012,"color":"rgb(31,119,180)"}],"gender":[]}
