{"age":[{"age_group":"<20","count":13,"tested":251},{"age_group":"20-29   ","count":17,"tested":340},{"age_group":"30-39   ","count":19,"tested":305},{"age_group":"40-49   ","count":10,"tested":182},{"age_group":"50-59   ","count":15,"tested":246},{"age_group":"60-69   ","count":19,"tested":336},{"age_group":"70-79   ","count":15,"tested":229},{"age_group":"80+","count":29,"tested":337}],"race":[{"description":"Left Blank","count":40,"tested":1053,"color":"rgb(44,160,44)"},{"description":"White","count":92,"tested":1131,"color":"rgb(31,119,180)"}],"gender":[]}
