{"age":[{"age_group":"<20","count":33,"tested":325},{"age_group":"20-29   ","count":40,"tested":541},{"age_group":"30-39   ","count":59,"tested":469},{"age_group":"40-49   ","count":47,"tested":425},{"age_group":"50-59   ","count":43,"tested":529},{"age_group":"60-69   ","count":38,"tested":574},{"age_group":"70-79   ","count":11,"tested":212},{"age_group":"80+","count":8,"tested":190}],"race":[{"description":"Black","count":46,"tested":573,"color":"rgb(255,127,14)"},{"description":"Hispanic","count":45,"tested":254,"color":"rgb(214,39,40)"},{"description":"Left Blank","count":89,"tested":1398,"color":"rgb(44,160,44)"},{"description":"White","count":94,"tested":966,"color":"rgb(31,119,180)"}],"gender":[]}
