{"age":[{"age_group":"<20","count":67,"tested":1670},{"age_group":"20-29   ","count":24,"tested":539},{"age_group":"30-39   ","count":11,"tested":341},{"age_group":"40-49   ","count":28,"tested":660},{"age_group":"50-59   ","count":38,"tested":735},{"age_group":"60-69   ","count":15,"tested":367}],"race":[{"description":"Left Blank","count":46,"tested":1624,"color":"rgb(44,160,44)"},{"description":"Other","count":17,"tested":389,"color":"rgb(148,103,189)"},{"description":"White","count":116,"tested":2411,"color":"rgb(31,119,180)"}],"gender":[]}
