{"age":[{"age_group":"<20","count":39,"tested":500},{"age_group":"20-29   ","count":21,"tested":688},{"age_group":"30-39   ","count":26,"tested":408},{"age_group":"40-49   ","count":31,"tested":611},{"age_group":"50-59   ","count":52,"tested":799},{"age_group":"60-69   ","count":32,"tested":799},{"age_group":"70-79   ","count":26,"tested":348},{"age_group":"80+","count":23,"tested":1040}],"race":[{"description":"Left Blank","count":93,"tested":3892,"color":"rgb(44,160,44)"},{"description":"White","count":151,"tested":1254,"color":"rgb(31,119,180)"}],"gender":[]}
