{"age":[{"age_group":"<20","count":144,"tested":4317},{"age_group":"20-29   ","count":698,"tested":16266},{"age_group":"30-39   ","count":624,"tested":17872},{"age_group":"40-49   ","count":260,"tested":7351},{"age_group":"50-59   ","count":194,"tested":5710},{"age_group":"60-69   ","count":127,"tested":4267},{"age_group":"70-79   ","count":46,"tested":1900},{"age_group":"80+","count":33,"tested":782}],"race":[{"description":"Asian","count":130,"tested":5606,"color":"rgb(140,86,75)"},{"description":"Black","count":247,"tested":5051,"color":"rgb(255,127,14)"},{"description":"Hispanic","count":130,"tested":2158,"color":"rgb(214,39,40)"},{"description":"Left Blank","count":816,"tested":26466,"color":"rgb(44,160,44)"},{"description":"Other","count":115,"tested":2808,"color":"rgb(148,103,189)"},{"description":"White","count":679,"tested":16272,"color":"rgb(31,119,180)"}],"gender":[]}
