{"age":[{"age_group":"<20","count":40,"tested":603},{"age_group":"20-29   ","count":27,"tested":443},{"age_group":"30-39   ","count":35,"tested":380},{"age_group":"40-49   ","count":40,"tested":320},{"age_group":"50-59   ","count":45,"tested":620},{"age_group":"60-69   ","count":40,"tested":435},{"age_group":"70-79   ","count":21,"tested":268},{"age_group":"80+","count":46,"tested":236}],"race":[{"description":"Hispanic","count":9,"tested":46,"color":"rgb(214,39,40)"},{"description":"Left Blank","count":15,"tested":1226,"color":"rgb(44,160,44)"},{"description":"White","count":264,"tested":1948,"color":"rgb(31,119,180)"}],"gender":[]}
