{"age":[{"age_group":"<20","count":76,"tested":1979},{"age_group":"20-29   ","count":42,"tested":954},{"age_group":"30-39   ","count":38,"tested":964},{"age_group":"40-49   ","count":56,"tested":1356},{"age_group":"50-59   ","count":48,"tested":913},{"age_group":"60-69   ","count":27,"tested":1013},{"age_group":"70-79   ","count":10,"tested":568},{"age_group":"80+","count":9,"tested":253}],"race":[{"description":"Asian","count":10,"tested":275,"color":"rgb(140,86,75)"},{"description":"Black","count":32,"tested":505,"color":"rgb(255,127,14)"},{"description":"Hispanic","count":22,"tested":282,"color":"rgb(214,39,40)"},{"description":"Left Blank","count":86,"tested":3007,"color":"rgb(44,160,44)"},{"description":"Other","count":24,"tested":519,"color":"rgb(148,103,189)"},{"description":"White","count":132,"tested":3414,"color":"rgb(31,119,180)"}],"gender":[]}
