{"age":[{"age_group":"<20","count":331,"tested":3110},{"age_group":"20-29   ","count":256,"tested":3268},{"age_group":"30-39   ","count":262,"tested":3145},{"age_group":"40-49   ","count":272,"tested":2473},{"age_group":"50-59   ","count":216,"tested":2853},{"age_group":"60-69   ","count":148,"tested":2358},{"age_group":"70-79   ","count":49,"tested":1043},{"age_group":"80+","count":23,"tested":483}],"race":[{"description":"Asian","count":44,"tested":559,"color":"rgb(140,86,75)"},{"description":"Black","count":42,"tested":494,"color":"rgb(255,127,14)"},{"description":"Hispanic","count":485,"tested":2215,"color":"rgb(214,39,40)"},{"description":"Left Blank","count":185,"tested":6702,"color":"rgb(44,160,44)"},{"description":"Other","count":38,"tested":520,"color":"rgb(148,103,189)"},{"description":"White","count":759,"tested":8195,"color":"rgb(31,119,180)"}],"gender":[]}
