{"age":[{"age_group":"<20","count":655,"tested":8123},{"age_group":"20-29   ","count":740,"tested":8275},{"age_group":"30-39   ","count":615,"tested":7595},{"age_group":"40-49   ","count":602,"tested":6393},{"age_group":"50-59   ","count":603,"tested":7567},{"age_group":"60-69   ","count":384,"tested":6550},{"age_group":"70-79   ","count":144,"tested":3571},{"age_group":"80+","count":103,"tested":2597}],"race":[{"description":"Asian","count":124,"tested":2607,"color":"rgb(140,86,75)"},{"description":"Black","count":47,"tested":881,"color":"rgb(255,127,14)"},{"description":"Hispanic","count":1317,"tested":8157,"color":"rgb(214,39,40)"},{"description":"Left Blank","count":922,"tested":16556,"color":"rgb(44,160,44)"},{"description":"NH/PI*","count":6,"tested":101,"color":"rgb(127,127,127)"},{"description":"Other","count":205,"tested":1833,"color":"rgb(148,103,189)"},{"description":"White","count":1223,"tested":20446,"color":"rgb(31,119,180)"}],"gender":[]}
