{"age":[{"age_group":"<20","count":353,"tested":4415},{"age_group":"20-29   ","count":403,"tested":6426},{"age_group":"30-39   ","count":374,"tested":6843},{"age_group":"40-49   ","count":408,"tested":6520},{"age_group":"50-59   ","count":421,"tested":7536},{"age_group":"60-69   ","count":411,"tested":7592},{"age_group":"70-79   ","count":250,"tested":5098},{"age_group":"80+","count":208,"tested":4701}],"race":[{"description":"AI/AN**","count":8,"tested":64,"color":"rgb(31,119,180)"},{"description":"Asian","count":243,"tested":2647,"color":"rgb(140,86,75)"},{"description":"Black","count":97,"tested":1044,"color":"rgb(255,127,14)"},{"description":"Hispanic","count":337,"tested":1717,"color":"rgb(214,39,40)"},{"description":"Left Blank","count":492,"tested":29422,"color":"rgb(44,160,44)"},{"description":"Other","count":88,"tested":1164,"color":"rgb(148,103,189)"},{"description":"White","count":1559,"tested":13038,"color":"rgb(31,119,180)"}],"gender":[]}
