{"age":[{"age_group":"<20","count":202,"tested":2074},{"age_group":"20-29   ","count":176,"tested":2203},{"age_group":"30-39   ","count":222,"tested":2097},{"age_group":"40-49   ","count":191,"tested":1927},{"age_group":"50-59   ","count":215,"tested":2084},{"age_group":"60-69   ","count":137,"tested":1894},{"age_group":"70-79   ","count":61,"tested":1202},{"age_group":"80+","count":42,"tested":899}],"race":[{"description":"Asian","count":6,"tested":86,"color":"rgb(140,86,75)"},{"description":"Hispanic","count":237,"tested":1192,"color":"rgb(214,39,40)"},{"description":"Left Blank","count":276,"tested":5006,"color":"rgb(44,160,44)"},{"description":"Other","count":17,"tested":248,"color":"rgb(148,103,189)"},{"description":"White","count":702,"tested":7730,"color":"rgb(31,119,180)"}],"gender":[]}
