{"lastUpdatedDate":{"year":2020,"month":12,"day":5},"county_demographics":[{"County":"Boone","confirmed_cases":4160,"total_tested":33746,"demographics":{"age":[{"race":[],"age_group":"<20","count":696,"tested":5303,"deaths":0},{"race":[],"age_group":"20-29   ","count":772,"tested":5548,"deaths":0},{"race":[],"age_group":"30-39   ","count":611,"tested":4684,"deaths":0},{"race":[],"age_group":"40-49   ","count":723,"tested":5154,"deaths":0},{"race":[],"age_group":"50-59   ","count":626,"tested":4933,"deaths":0},{"race":[],"age_group":"60-69   ","count":377,"tested":3637,"deaths":0},{"race":[],"age_group":"70-79   ","count":222,"tested":2434,"deaths":0},{"race":[],"age_group":"80+","count":131,"tested":2042,"deaths":0},{"race":[],"age_group":"Unknown","count":0,"tested":11,"deaths":0}],"race":[{"description":"AI/AN**","count":6,"tested":18,"deaths":0,"color":"rgb(31,119,180)"},{"description":"Asian","count":28,"tested":219,"deaths":0,"color":"rgb(140,86,75)"},{"description":"Black","count":61,"tested":463,"deaths":0,"color":"rgb(255,127,14)"},{"description":"Hispanic","count":1511,"tested":3681,"deaths":0,"color":"rgb(214,39,40)"},{"description":"Left Blank","count":630,"tested":17222,"deaths":0,"color":"rgb(44,160,44)"},{"description":"NH/PI*","count":0,"tested":6,"deaths":0,"color":"rgb(127,127,127)"},{"description":"Other","count":56,"tested":405,"deaths":0,"color":"rgb(148,103,189)"},{"description":"White","count":1861,"tested":11732,"deaths":0,"color":"rgb(31,119,180)"}],"gender":[{"description":"Female","count":2188,"tested":19508,"deaths":0,"color":"rgb(255,127,14)"},{"description":"Male","count":1963,"tested":13582,"deaths":0,"color":"rgb(31,119,180)"},{"description":"Unknown/Left Blank","count":8,"tested":656,"deaths":0,"color":"rgb(44,160,44)"}]}}]}
