{"lastUpdatedDate":{"year":2020,"month":12,"day":5},"county_demographics":[{"County":"McDonough","confirmed_cases":1669,"total_tested":21400,"demographics":{"age":[{"race":[],"age_group":"<20","count":280,"tested":2819,"deaths":0},{"race":[],"age_group":"20-29   ","count":556,"tested":4115,"deaths":0},{"race":[],"age_group":"30-39   ","count":173,"tested":2895,"deaths":0},{"race":[],"age_group":"40-49   ","count":148,"tested":2213,"deaths":0},{"race":[],"age_group":"50-59   ","count":141,"tested":2530,"deaths":0},{"race":[],"age_group":"60-69   ","count":154,"tested":2467,"deaths":0},{"race":[],"age_group":"70-79   ","count":105,"tested":1910,"deaths":0},{"race":[],"age_group":"80+","count":107,"tested":2448,"deaths":0},{"race":[],"age_group":"Unknown","count":0,"tested":0,"deaths":0}],"race":[{"description":"AI/AN**","count":0,"tested":8,"deaths":0,"color":"rgb(31,119,180)"},{"description":"Asian","count":21,"tested":93,"deaths":0,"color":"rgb(140,86,75)"},{"description":"Black","count":141,"tested":664,"deaths":0,"color":"rgb(255,127,14)"},{"description":"Hispanic","count":85,"tested":184,"deaths":0,"color":"rgb(214,39,40)"},{"description":"Left Blank","count":223,"tested":7756,"deaths":0,"color":"rgb(44,160,44)"},{"description":"NH/PI*","count":0,"tested":19,"deaths":0,"color":"rgb(127,127,127)"},{"description":"Other","count":19,"tested":179,"deaths":0,"color":"rgb(148,103,189)"},{"description":"White","count":1175,"tested":12497,"deaths":0,"color":"rgb(31,119,180)"}],"gender":[{"description":"Female","count":898,"tested":13362,"deaths":0,"color":"rgb(255,127,14)"},{"description":"Male","count":745,"tested":7458,"deaths":0,"color":"rgb(31,119,180)"},{"description":"Unknown/Left Blank","count":26,"tested":580,"deaths":0,"color":"rgb(44,160,44)"}]}}]}
