{"lastUpdatedDate":{"year":2020,"month":12,"day":5},"county_demographics":[{"County":"Iroquois","confirmed_cases":1882,"total_tested":23589,"demographics":{"age":[{"race":[],"age_group":"<20","count":265,"tested":2971,"deaths":0},{"race":[],"age_group":"20-29   ","count":277,"tested":3040,"deaths":0},{"race":[],"age_group":"30-39   ","count":251,"tested":2980,"deaths":0},{"race":[],"age_group":"40-49   ","count":253,"tested":2555,"deaths":0},{"race":[],"age_group":"50-59   ","count":295,"tested":3318,"deaths":0},{"race":[],"age_group":"60-69   ","count":248,"tested":3143,"deaths":0},{"race":[],"age_group":"70-79   ","count":155,"tested":2411,"deaths":0},{"race":[],"age_group":"80+","count":133,"tested":3168,"deaths":0},{"race":[],"age_group":"Unknown","count":0,"tested":0,"deaths":0}],"race":[{"description":"AI/AN**","count":0,"tested":7,"deaths":0,"color":"rgb(31,119,180)"},{"description":"Asian","count":0,"tested":36,"deaths":0,"color":"rgb(140,86,75)"},{"description":"Black","count":16,"tested":209,"deaths":0,"color":"rgb(255,127,14)"},{"description":"Hispanic","count":176,"tested":747,"deaths":0,"color":"rgb(214,39,40)"},{"description":"Left Blank","count":281,"tested":5670,"deaths":0,"color":"rgb(44,160,44)"},{"description":"NH/PI*","count":0,"tested":0,"deaths":0,"color":"rgb(127,127,127)"},{"description":"Other","count":43,"tested":460,"deaths":0,"color":"rgb(148,103,189)"},{"description":"White","count":1356,"tested":16455,"deaths":0,"color":"rgb(31,119,180)"}],"gender":[{"description":"Female","count":1013,"tested":14934,"deaths":0,"color":"rgb(255,127,14)"},{"description":"Male","count":791,"tested":8342,"deaths":0,"color":"rgb(31,119,180)"},{"description":"Unknown/Left Blank","count":78,"tested":313,"deaths":0,"color":"rgb(44,160,44)"}]}}]}
