{"lastUpdatedDate":{"year":2021,"month":3,"day":29},"county_demographics":[{"County":"Pulaski","confirmed_cases":673,"total_tested":5931,"demographics":{"age":[{"race":[],"age_group":"<20","count":91,"tested":578,"deaths":0},{"race":[],"age_group":"20-29   ","count":118,"tested":1001,"deaths":0},{"race":[],"age_group":"30-39   ","count":112,"tested":1201,"deaths":0},{"race":[],"age_group":"40-49   ","count":123,"tested":1141,"deaths":0},{"race":[],"age_group":"50-59   ","count":79,"tested":1031,"deaths":0},{"race":[],"age_group":"60-69   ","count":83,"tested":619,"deaths":0},{"race":[],"age_group":"70-79   ","count":36,"tested":247,"deaths":0},{"race":[],"age_group":"80+","count":17,"tested":113,"deaths":0}],"race":[{"description":"AI/AN**","count":0,"tested":0,"deaths":0,"color":"rgb(31,119,180)"},{"description":"Asian","count":0,"tested":9,"deaths":0,"color":"rgb(140,86,75)"},{"description":"Black","count":105,"tested":1148,"deaths":0,"color":"rgb(255,127,14)"},{"description":"Hispanic","count":98,"tested":622,"deaths":0,"color":"rgb(214,39,40)"},{"description":"Left Blank","count":150,"tested":1791,"deaths":0,"color":"rgb(44,160,44)"},{"description":"NH/PI*","count":0,"tested":0,"deaths":0,"color":"rgb(127,127,127)"},{"description":"Other","count":0,"tested":93,"deaths":0,"color":"rgb(148,103,189)"},{"description":"White","count":316,"tested":2266,"deaths":0,"color":"rgb(31,119,180)"}],"gender":[{"description":"Female","count":307,"tested":2906,"deaths":0,"color":"rgb(255,127,14)"},{"description":"Male","count":336,"tested":2526,"deaths":0,"color":"rgb(31,119,180)"},{"description":"Unknown/Left Blank","count":30,"tested":499,"deaths":0,"color":"rgb(44,160,44)"}]}}]}
