{"lastUpdatedDate":{"year":2021,"month":3,"day":29},"county_demographics":[{"County":"Jersey","confirmed_cases":2554,"total_tested":28928,"demographics":{"age":[{"race":[],"age_group":"<20","count":382,"tested":3255,"deaths":0},{"race":[],"age_group":"20-29   ","count":330,"tested":4557,"deaths":0},{"race":[],"age_group":"30-39   ","count":321,"tested":3798,"deaths":0},{"race":[],"age_group":"40-49   ","count":327,"tested":4206,"deaths":0},{"race":[],"age_group":"50-59   ","count":385,"tested":4251,"deaths":0},{"race":[],"age_group":"60-69   ","count":348,"tested":3321,"deaths":0},{"race":[],"age_group":"70-79   ","count":228,"tested":2122,"deaths":0},{"race":[],"age_group":"80+","count":197,"tested":3406,"deaths":0},{"race":[],"age_group":"Unknown","count":36,"tested":12,"deaths":0}],"race":[{"description":"AI/AN**","count":0,"tested":9,"deaths":0,"color":"rgb(31,119,180)"},{"description":"Asian","count":0,"tested":16,"deaths":0,"color":"rgb(140,86,75)"},{"description":"Black","count":12,"tested":343,"deaths":0,"color":"rgb(255,127,14)"},{"description":"Hispanic","count":0,"tested":83,"deaths":0,"color":"rgb(214,39,40)"},{"description":"Left Blank","count":475,"tested":9278,"deaths":0,"color":"rgb(44,160,44)"},{"description":"NH/PI*","count":0,"tested":0,"deaths":0,"color":"rgb(127,127,127)"},{"description":"Other","count":29,"tested":379,"deaths":0,"color":"rgb(148,103,189)"},{"description":"White","count":2023,"tested":18818,"deaths":0,"color":"rgb(31,119,180)"}],"gender":[{"description":"Female","count":1415,"tested":19147,"deaths":0,"color":"rgb(255,127,14)"},{"description":"Male","count":1124,"tested":9640,"deaths":0,"color":"rgb(31,119,180)"},{"description":"Unknown/Left Blank","count":12,"tested":141,"deaths":0,"color":"rgb(44,160,44)"}]}}]}
