{"lastUpdatedDate":{"year":2021,"month":3,"day":29},"county_demographics":[{"County":"Franklin","confirmed_cases":4260,"total_tested":46763,"demographics":{"age":[{"race":[],"age_group":"<20","count":590,"tested":5120,"deaths":0},{"race":[],"age_group":"20-29   ","count":620,"tested":6568,"deaths":0},{"race":[],"age_group":"30-39   ","count":534,"tested":6430,"deaths":0},{"race":[],"age_group":"40-49   ","count":609,"tested":6476,"deaths":0},{"race":[],"age_group":"50-59   ","count":690,"tested":7203,"deaths":0},{"race":[],"age_group":"60-69   ","count":562,"tested":5714,"deaths":0},{"race":[],"age_group":"70-79   ","count":410,"tested":4524,"deaths":0},{"race":[],"age_group":"80+","count":244,"tested":4710,"deaths":0},{"race":[],"age_group":"Unknown","count":0,"tested":18,"deaths":0}],"race":[{"description":"AI/AN**","count":0,"tested":8,"deaths":0,"color":"rgb(31,119,180)"},{"description":"Asian","count":0,"tested":36,"deaths":0,"color":"rgb(140,86,75)"},{"description":"Black","count":15,"tested":192,"deaths":0,"color":"rgb(255,127,14)"},{"description":"Hispanic","count":34,"tested":296,"deaths":0,"color":"rgb(214,39,40)"},{"description":"Left Blank","count":1182,"tested":17196,"deaths":0,"color":"rgb(44,160,44)"},{"description":"NH/PI*","count":0,"tested":0,"deaths":0,"color":"rgb(127,127,127)"},{"description":"Other","count":25,"tested":369,"deaths":0,"color":"rgb(148,103,189)"},{"description":"White","count":2996,"tested":28665,"deaths":0,"color":"rgb(31,119,180)"}],"gender":[{"description":"Female","count":2290,"tested":26860,"deaths":0,"color":"rgb(255,127,14)"},{"description":"Male","count":1852,"tested":15670,"deaths":0,"color":"rgb(31,119,180)"},{"description":"Unknown/Left Blank","count":117,"tested":4233,"deaths":0,"color":"rgb(44,160,44)"}]}}]}
