{"lastUpdatedDate":{"year":2021,"month":3,"day":29},"county_demographics":[{"County":"Pike","confirmed_cases":1734,"total_tested":17240,"demographics":{"age":[{"race":[],"age_group":"<20","count":243,"tested":2186,"deaths":0},{"race":[],"age_group":"20-29   ","count":252,"tested":2861,"deaths":0},{"race":[],"age_group":"30-39   ","count":232,"tested":2496,"deaths":0},{"race":[],"age_group":"40-49   ","count":225,"tested":2226,"deaths":0},{"race":[],"age_group":"50-59   ","count":247,"tested":2538,"deaths":0},{"race":[],"age_group":"60-69   ","count":250,"tested":1987,"deaths":0},{"race":[],"age_group":"70-79   ","count":135,"tested":1200,"deaths":0},{"race":[],"age_group":"80+","count":142,"tested":1745,"deaths":0},{"race":[],"age_group":"Unknown","count":0,"tested":0,"deaths":0}],"race":[{"description":"AI/AN**","count":0,"tested":0,"deaths":0,"color":"rgb(31,119,180)"},{"description":"Asian","count":0,"tested":10,"deaths":0,"color":"rgb(140,86,75)"},{"description":"Black","count":6,"tested":23,"deaths":0,"color":"rgb(255,127,14)"},{"description":"Hispanic","count":12,"tested":54,"deaths":0,"color":"rgb(214,39,40)"},{"description":"Left Blank","count":322,"tested":11814,"deaths":0,"color":"rgb(44,160,44)"},{"description":"NH/PI*","count":0,"tested":6,"deaths":0,"color":"rgb(127,127,127)"},{"description":"Other","count":0,"tested":50,"deaths":0,"color":"rgb(148,103,189)"},{"description":"White","count":1387,"tested":5283,"deaths":0,"color":"rgb(31,119,180)"}],"gender":[{"description":"Female","count":974,"tested":10374,"deaths":0,"color":"rgb(255,127,14)"},{"description":"Male","count":721,"tested":5245,"deaths":0,"color":"rgb(31,119,180)"},{"description":"Unknown/Left Blank","count":39,"tested":1621,"deaths":0,"color":"rgb(44,160,44)"}]}}]}
