{"lastUpdatedDate":{"year":2021,"month":3,"day":29},"county_demographics":[{"County":"Carroll","confirmed_cases":1630,"total_tested":18952,"demographics":{"age":[{"race":[],"age_group":"<20","count":194,"tested":1697,"deaths":0},{"race":[],"age_group":"20-29   ","count":192,"tested":2307,"deaths":0},{"race":[],"age_group":"30-39   ","count":335,"tested":3479,"deaths":0},{"race":[],"age_group":"40-49   ","count":249,"tested":2734,"deaths":0},{"race":[],"age_group":"50-59   ","count":234,"tested":2593,"deaths":0},{"race":[],"age_group":"60-69   ","count":185,"tested":2322,"deaths":0},{"race":[],"age_group":"70-79   ","count":125,"tested":1411,"deaths":0},{"race":[],"age_group":"80+","count":108,"tested":2407,"deaths":0},{"race":[],"age_group":"Unknown","count":0,"tested":0,"deaths":0}],"race":[{"description":"AI/AN**","count":7,"tested":8,"deaths":0,"color":"rgb(31,119,180)"},{"description":"Asian","count":0,"tested":77,"deaths":0,"color":"rgb(140,86,75)"},{"description":"Black","count":88,"tested":102,"deaths":0,"color":"rgb(255,127,14)"},{"description":"Hispanic","count":28,"tested":83,"deaths":0,"color":"rgb(214,39,40)"},{"description":"Left Blank","count":611,"tested":11503,"deaths":0,"color":"rgb(44,160,44)"},{"description":"NH/PI*","count":0,"tested":0,"deaths":0,"color":"rgb(127,127,127)"},{"description":"Other","count":14,"tested":148,"deaths":0,"color":"rgb(148,103,189)"},{"description":"White","count":873,"tested":7029,"deaths":0,"color":"rgb(31,119,180)"}],"gender":[{"description":"Female","count":741,"tested":9789,"deaths":0,"color":"rgb(255,127,14)"},{"description":"Male","count":882,"tested":8683,"deaths":0,"color":"rgb(31,119,180)"},{"description":"Unknown/Left Blank","count":6,"tested":480,"deaths":0,"color":"rgb(44,160,44)"}]}}]}
