{"lastUpdatedDate":{"year":2021,"month":3,"day":29},"county_demographics":[{"County":"Lee","confirmed_cases":3690,"total_tested":77227,"demographics":{"age":[{"race":[],"age_group":"<20","count":464,"tested":3979,"deaths":0},{"race":[],"age_group":"20-29   ","count":608,"tested":12381,"deaths":0},{"race":[],"age_group":"30-39   ","count":530,"tested":16329,"deaths":0},{"race":[],"age_group":"40-49   ","count":584,"tested":15806,"deaths":0},{"race":[],"age_group":"50-59   ","count":610,"tested":11961,"deaths":0},{"race":[],"age_group":"60-69   ","count":450,"tested":7441,"deaths":0},{"race":[],"age_group":"70-79   ","count":237,"tested":3075,"deaths":0},{"race":[],"age_group":"80+","count":191,"tested":3971,"deaths":0},{"race":[],"age_group":"Unknown","count":15,"tested":2284,"deaths":0}],"race":[{"description":"AI/AN**","count":0,"tested":10,"deaths":0,"color":"rgb(31,119,180)"},{"description":"Asian","count":17,"tested":149,"deaths":0,"color":"rgb(140,86,75)"},{"description":"Black","count":147,"tested":1251,"deaths":0,"color":"rgb(255,127,14)"},{"description":"Hispanic","count":93,"tested":660,"deaths":0,"color":"rgb(214,39,40)"},{"description":"Left Blank","count":1208,"tested":56589,"deaths":0,"color":"rgb(44,160,44)"},{"description":"NH/PI*","count":0,"tested":0,"deaths":0,"color":"rgb(127,127,127)"},{"description":"Other","count":87,"tested":600,"deaths":0,"color":"rgb(148,103,189)"},{"description":"White","count":2134,"tested":17964,"deaths":0,"color":"rgb(31,119,180)"}],"gender":[{"description":"Female","count":1669,"tested":17932,"deaths":0,"color":"rgb(255,127,14)"},{"description":"Male","count":1886,"tested":31296,"deaths":0,"color":"rgb(31,119,180)"},{"description":"Unknown/Left Blank","count":131,"tested":27999,"deaths":0,"color":"rgb(44,160,44)"}]}}]}
