{"lastUpdatedDate":{"year":2021,"month":3,"day":29},"county_demographics":[{"County":"Whiteside","confirmed_cases":6263,"total_tested":63725,"demographics":{"age":[{"race":[],"age_group":"<20","count":881,"tested":9712,"deaths":0},{"race":[],"age_group":"20-29   ","count":930,"tested":9834,"deaths":0},{"race":[],"age_group":"30-39   ","count":912,"tested":9930,"deaths":0},{"race":[],"age_group":"40-49   ","count":892,"tested":8869,"deaths":0},{"race":[],"age_group":"50-59   ","count":1004,"tested":9582,"deaths":0},{"race":[],"age_group":"60-69   ","count":785,"tested":7622,"deaths":0},{"race":[],"age_group":"70-79   ","count":437,"tested":3980,"deaths":0},{"race":[],"age_group":"80+","count":417,"tested":4180,"deaths":0},{"race":[],"age_group":"Unknown","count":0,"tested":16,"deaths":0}],"race":[{"description":"AI/AN**","count":0,"tested":26,"deaths":0,"color":"rgb(31,119,180)"},{"description":"Asian","count":14,"tested":117,"deaths":0,"color":"rgb(140,86,75)"},{"description":"Black","count":142,"tested":1647,"deaths":0,"color":"rgb(255,127,14)"},{"description":"Hispanic","count":377,"tested":2173,"deaths":0,"color":"rgb(214,39,40)"},{"description":"Left Blank","count":1437,"tested":29465,"deaths":0,"color":"rgb(44,160,44)"},{"description":"NH/PI*","count":0,"tested":10,"deaths":0,"color":"rgb(127,127,127)"},{"description":"Other","count":303,"tested":1713,"deaths":0,"color":"rgb(148,103,189)"},{"description":"White","count":3980,"tested":28574,"deaths":0,"color":"rgb(31,119,180)"}],"gender":[{"description":"Female","count":3361,"tested":37829,"deaths":0,"color":"rgb(255,127,14)"},{"description":"Male","count":2792,"tested":22017,"deaths":0,"color":"rgb(31,119,180)"},{"description":"Unknown/Left Blank","count":109,"tested":3879,"deaths":0,"color":"rgb(44,160,44)"}]}}]}
