{"lastUpdatedDate":{"year":2021,"month":5,"day":1},"county_demographics":[{"County":"Wayne","confirmed_cases":1754,"total_tested":17103,"demographics":{"age":[{"race":[],"age_group":"<20","count":294,"tested":2403,"deaths":0},{"race":[],"age_group":"20-29   ","count":218,"tested":2967,"deaths":0},{"race":[],"age_group":"30-39   ","count":234,"tested":2889,"deaths":0},{"race":[],"age_group":"40-49   ","count":208,"tested":2130,"deaths":0},{"race":[],"age_group":"50-59   ","count":243,"tested":2311,"deaths":0},{"race":[],"age_group":"60-69   ","count":265,"tested":1875,"deaths":0},{"race":[],"age_group":"70-79   ","count":169,"tested":1165,"deaths":0},{"race":[],"age_group":"80+","count":117,"tested":1348,"deaths":0},{"race":[],"age_group":"Unknown","count":0,"tested":15,"deaths":0}],"race":[{"description":"AI/AN**","count":0,"tested":0,"deaths":0,"color":"rgb(31,119,180)"},{"description":"Asian","count":0,"tested":0,"deaths":0,"color":"rgb(140,86,75)"},{"description":"Black","count":0,"tested":20,"deaths":0,"color":"rgb(255,127,14)"},{"description":"Hispanic","count":17,"tested":178,"deaths":0,"color":"rgb(214,39,40)"},{"description":"Left Blank","count":229,"tested":5970,"deaths":0,"color":"rgb(44,160,44)"},{"description":"NH/PI*","count":0,"tested":0,"deaths":0,"color":"rgb(127,127,127)"},{"description":"Other","count":0,"tested":75,"deaths":0,"color":"rgb(148,103,189)"},{"description":"White","count":1500,"tested":10853,"deaths":0,"color":"rgb(31,119,180)"}],"gender":[{"description":"Female","count":908,"tested":10348,"deaths":0,"color":"rgb(255,127,14)"},{"description":"Male","count":826,"tested":5688,"deaths":0,"color":"rgb(31,119,180)"},{"description":"Unknown/Left Blank","count":19,"tested":1067,"deaths":0,"color":"rgb(44,160,44)"}]}}]}
