{"lastUpdatedDate":{"year":2021,"month":5,"day":1},"county_demographics":[{"County":"Calhoun","confirmed_cases":515,"total_tested":5959,"demographics":{"age":[{"race":[],"age_group":"<20","count":103,"tested":952,"deaths":0},{"race":[],"age_group":"20-29   ","count":75,"tested":770,"deaths":0},{"race":[],"age_group":"30-39   ","count":77,"tested":904,"deaths":0},{"race":[],"age_group":"40-49   ","count":63,"tested":665,"deaths":0},{"race":[],"age_group":"50-59   ","count":62,"tested":842,"deaths":0},{"race":[],"age_group":"60-69   ","count":77,"tested":631,"deaths":0},{"race":[],"age_group":"70-79   ","count":34,"tested":497,"deaths":0},{"race":[],"age_group":"80+","count":24,"tested":696,"deaths":0},{"race":[],"age_group":"Unknown","count":0,"tested":0,"deaths":0}],"race":[{"description":"AI/AN**","count":0,"tested":0,"deaths":0,"color":"rgb(31,119,180)"},{"description":"Asian","count":0,"tested":0,"deaths":0,"color":"rgb(140,86,75)"},{"description":"Black","count":0,"tested":26,"deaths":0,"color":"rgb(255,127,14)"},{"description":"Hispanic","count":0,"tested":0,"deaths":0,"color":"rgb(214,39,40)"},{"description":"Left Blank","count":77,"tested":1346,"deaths":0,"color":"rgb(44,160,44)"},{"description":"Other","count":0,"tested":36,"deaths":0,"color":"rgb(148,103,189)"},{"description":"White","count":428,"tested":4542,"deaths":0,"color":"rgb(31,119,180)"}],"gender":[{"description":"Female","count":270,"tested":3784,"deaths":0,"color":"rgb(255,127,14)"},{"description":"Male","count":242,"tested":2093,"deaths":0,"color":"rgb(31,119,180)"},{"description":"Unknown/Left Blank","count":0,"tested":82,"deaths":0,"color":"rgb(44,160,44)"}]}}]}
