{"lastUpdatedDate":{"year":2021,"month":5,"day":1},"county_demographics":[{"County":"Knox","confirmed_cases":5461,"total_tested":109513,"demographics":{"age":[{"race":[],"age_group":"<20","count":698,"tested":11689,"deaths":0},{"race":[],"age_group":"20-29   ","count":834,"tested":22080,"deaths":0},{"race":[],"age_group":"30-39   ","count":804,"tested":17942,"deaths":0},{"race":[],"age_group":"40-49   ","count":810,"tested":16641,"deaths":0},{"race":[],"age_group":"50-59   ","count":799,"tested":15051,"deaths":0},{"race":[],"age_group":"60-69   ","count":678,"tested":10735,"deaths":0},{"race":[],"age_group":"70-79   ","count":448,"tested":6169,"deaths":0},{"race":[],"age_group":"80+","count":387,"tested":6176,"deaths":0},{"race":[],"age_group":"Unknown","count":0,"tested":3030,"deaths":0}],"race":[{"description":"AI/AN**","count":0,"tested":54,"deaths":0,"color":"rgb(31,119,180)"},{"description":"Asian","count":18,"tested":969,"deaths":0,"color":"rgb(140,86,75)"},{"description":"Black","count":470,"tested":3325,"deaths":0,"color":"rgb(255,127,14)"},{"description":"Hispanic","count":240,"tested":2086,"deaths":0,"color":"rgb(214,39,40)"},{"description":"Left Blank","count":984,"tested":69317,"deaths":0,"color":"rgb(44,160,44)"},{"description":"NH/PI*","count":0,"tested":62,"deaths":0,"color":"rgb(127,127,127)"},{"description":"Other","count":64,"tested":1077,"deaths":0,"color":"rgb(148,103,189)"},{"description":"White","count":3677,"tested":32623,"deaths":0,"color":"rgb(31,119,180)"}],"gender":[{"description":"Female","count":2798,"tested":46872,"deaths":0,"color":"rgb(255,127,14)"},{"description":"Male","count":2465,"tested":43346,"deaths":0,"color":"rgb(31,119,180)"},{"description":"Unknown/Left Blank","count":198,"tested":19295,"deaths":0,"color":"rgb(44,160,44)"}]}}]}
