{"lastUpdatedDate":{"year":2021,"month":5,"day":1},"county_demographics":[{"County":"Richland","confirmed_cases":1732,"total_tested":26135,"demographics":{"age":[{"race":[],"age_group":"<20","count":246,"tested":3685,"deaths":0},{"race":[],"age_group":"20-29   ","count":228,"tested":3795,"deaths":0},{"race":[],"age_group":"30-39   ","count":233,"tested":3946,"deaths":0},{"race":[],"age_group":"40-49   ","count":237,"tested":3655,"deaths":0},{"race":[],"age_group":"50-59   ","count":251,"tested":3608,"deaths":0},{"race":[],"age_group":"60-69   ","count":220,"tested":3032,"deaths":0},{"race":[],"age_group":"70-79   ","count":155,"tested":2004,"deaths":0},{"race":[],"age_group":"80+","count":162,"tested":2403,"deaths":0},{"race":[],"age_group":"Unknown","count":0,"tested":7,"deaths":0}],"race":[{"description":"AI/AN**","count":0,"tested":0,"deaths":0,"color":"rgb(31,119,180)"},{"description":"Asian","count":6,"tested":74,"deaths":0,"color":"rgb(140,86,75)"},{"description":"Black","count":14,"tested":159,"deaths":0,"color":"rgb(255,127,14)"},{"description":"Hispanic","count":10,"tested":140,"deaths":0,"color":"rgb(214,39,40)"},{"description":"Left Blank","count":171,"tested":7916,"deaths":0,"color":"rgb(44,160,44)"},{"description":"NH/PI*","count":0,"tested":32,"deaths":0,"color":"rgb(127,127,127)"},{"description":"Other","count":7,"tested":176,"deaths":0,"color":"rgb(148,103,189)"},{"description":"White","count":1521,"tested":17634,"deaths":0,"color":"rgb(31,119,180)"}],"gender":[{"description":"Female","count":968,"tested":15127,"deaths":0,"color":"rgb(255,127,14)"},{"description":"Male","count":751,"tested":8723,"deaths":0,"color":"rgb(31,119,180)"},{"description":"Unknown/Left Blank","count":9,"tested":2285,"deaths":0,"color":"rgb(44,160,44)"}]}}]}
