{"lastUpdatedDate":{"year":2021,"month":5,"day":1},"county_demographics":[{"County":"Will","confirmed_cases":74000,"total_tested":929890,"demographics":{"age":[{"race":[],"age_group":"<20","count":12159,"tested":113687,"deaths":0},{"race":[],"age_group":"20-29   ","count":13166,"tested":154601,"deaths":0},{"race":[],"age_group":"30-39   ","count":11275,"tested":141918,"deaths":0},{"race":[],"age_group":"40-49   ","count":12601,"tested":145885,"deaths":0},{"race":[],"age_group":"50-59   ","count":12386,"tested":151414,"deaths":0},{"race":[],"age_group":"60-69   ","count":6883,"tested":103344,"deaths":0},{"race":[],"age_group":"70-79   ","count":3354,"tested":60981,"deaths":0},{"race":[],"age_group":"80+","count":2146,"tested":55731,"deaths":0},{"race":[],"age_group":"Unknown","count":29,"tested":2329,"deaths":0}],"race":[{"description":"AI/AN**","count":215,"tested":1389,"deaths":0,"color":"rgb(31,119,180)"},{"description":"Asian","count":1668,"tested":24384,"deaths":0,"color":"rgb(140,86,75)"},{"description":"Black","count":6360,"tested":73353,"deaths":0,"color":"rgb(255,127,14)"},{"description":"Hispanic","count":11470,"tested":62769,"deaths":0,"color":"rgb(214,39,40)"},{"description":"Left Blank","count":23120,"tested":436793,"deaths":0,"color":"rgb(44,160,44)"},{"description":"NH/PI*","count":61,"tested":698,"deaths":0,"color":"rgb(127,127,127)"},{"description":"Other","count":2550,"tested":31588,"deaths":0,"color":"rgb(148,103,189)"},{"description":"White","count":28556,"tested":298916,"deaths":0,"color":"rgb(31,119,180)"}],"gender":[{"description":"Female","count":37769,"tested":488743,"deaths":0,"color":"rgb(255,127,14)"},{"description":"Male","count":35266,"tested":390209,"deaths":0,"color":"rgb(31,119,180)"},{"description":"Unknown/Left Blank","count":965,"tested":50938,"deaths":0,"color":"rgb(44,160,44)"}]}}]}
