{"lastUpdatedDate":{"year":2021,"month":5,"day":1},"county_demographics":[{"County":"Menard","confirmed_cases":1207,"total_tested":19832,"demographics":{"age":[{"race":[],"age_group":"<20","count":190,"tested":3020,"deaths":0},{"race":[],"age_group":"20-29   ","count":171,"tested":2726,"deaths":0},{"race":[],"age_group":"30-39   ","count":153,"tested":3071,"deaths":0},{"race":[],"age_group":"40-49   ","count":171,"tested":2723,"deaths":0},{"race":[],"age_group":"50-59   ","count":214,"tested":2813,"deaths":0},{"race":[],"age_group":"60-69   ","count":128,"tested":2224,"deaths":0},{"race":[],"age_group":"70-79   ","count":88,"tested":1637,"deaths":0},{"race":[],"age_group":"80+","count":92,"tested":1617,"deaths":0},{"race":[],"age_group":"Unknown","count":0,"tested":0,"deaths":0}],"race":[{"description":"AI/AN**","count":0,"tested":21,"deaths":0,"color":"rgb(31,119,180)"},{"description":"Asian","count":0,"tested":17,"deaths":0,"color":"rgb(140,86,75)"},{"description":"Black","count":0,"tested":103,"deaths":0,"color":"rgb(255,127,14)"},{"description":"Hispanic","count":6,"tested":112,"deaths":0,"color":"rgb(214,39,40)"},{"description":"Left Blank","count":543,"tested":7548,"deaths":0,"color":"rgb(44,160,44)"},{"description":"NH/PI*","count":0,"tested":0,"deaths":0,"color":"rgb(127,127,127)"},{"description":"Other","count":0,"tested":174,"deaths":0,"color":"rgb(148,103,189)"},{"description":"White","count":643,"tested":11853,"deaths":0,"color":"rgb(31,119,180)"}],"gender":[{"description":"Female","count":559,"tested":11474,"deaths":0,"color":"rgb(255,127,14)"},{"description":"Male","count":494,"tested":7500,"deaths":0,"color":"rgb(31,119,180)"},{"description":"Unknown/Left Blank","count":154,"tested":858,"deaths":0,"color":"rgb(44,160,44)"}]}}]}
