{"lastUpdatedDate":{"year":2021,"month":5,"day":1},"county_demographics":[{"County":"St. Clair","confirmed_cases":27583,"total_tested":388420,"demographics":{"age":[{"race":[],"age_group":"<20","count":4486,"tested":40473,"deaths":0},{"race":[],"age_group":"20-29   ","count":4306,"tested":58149,"deaths":0},{"race":[],"age_group":"30-39   ","count":4338,"tested":67284,"deaths":0},{"race":[],"age_group":"40-49   ","count":4178,"tested":60603,"deaths":0},{"race":[],"age_group":"50-59   ","count":4171,"tested":58769,"deaths":0},{"race":[],"age_group":"60-69   ","count":3225,"tested":47798,"deaths":0},{"race":[],"age_group":"70-79   ","count":1566,"tested":26660,"deaths":0},{"race":[],"age_group":"80+","count":1297,"tested":25974,"deaths":0},{"race":[],"age_group":"Unknown","count":16,"tested":2710,"deaths":0}],"race":[{"description":"AI/AN**","count":38,"tested":232,"deaths":0,"color":"rgb(31,119,180)"},{"description":"Asian","count":155,"tested":1098,"deaths":0,"color":"rgb(140,86,75)"},{"description":"Black","count":6471,"tested":48068,"deaths":0,"color":"rgb(255,127,14)"},{"description":"Hispanic","count":860,"tested":3480,"deaths":0,"color":"rgb(214,39,40)"},{"description":"Left Blank","count":10037,"tested":236747,"deaths":0,"color":"rgb(44,160,44)"},{"description":"NH/PI*","count":40,"tested":384,"deaths":0,"color":"rgb(127,127,127)"},{"description":"Other","count":478,"tested":7546,"deaths":0,"color":"rgb(148,103,189)"},{"description":"White","count":9500,"tested":90865,"deaths":0,"color":"rgb(31,119,180)"}],"gender":[{"description":"Female","count":14648,"tested":194000,"deaths":0,"color":"rgb(255,127,14)"},{"description":"Male","count":11801,"tested":156196,"deaths":0,"color":"rgb(31,119,180)"},{"description":"Unknown/Left Blank","count":1134,"tested":38224,"deaths":0,"color":"rgb(44,160,44)"}]}}]}
