{"lastUpdatedDate":{"year":2021,"month":5,"day":1},"county_demographics":[{"County":"Livingston","confirmed_cases":4731,"total_tested":105562,"demographics":{"age":[{"race":[],"age_group":"<20","count":689,"tested":9184,"deaths":0},{"race":[],"age_group":"20-29   ","count":715,"tested":14805,"deaths":0},{"race":[],"age_group":"30-39   ","count":780,"tested":18840,"deaths":0},{"race":[],"age_group":"40-49   ","count":694,"tested":16505,"deaths":0},{"race":[],"age_group":"50-59   ","count":688,"tested":16752,"deaths":0},{"race":[],"age_group":"60-69   ","count":544,"tested":10926,"deaths":0},{"race":[],"age_group":"70-79   ","count":300,"tested":5615,"deaths":0},{"race":[],"age_group":"80+","count":316,"tested":9896,"deaths":0},{"race":[],"age_group":"Unknown","count":0,"tested":3039,"deaths":0}],"race":[{"description":"AI/AN**","count":0,"tested":35,"deaths":0,"color":"rgb(31,119,180)"},{"description":"Asian","count":6,"tested":124,"deaths":0,"color":"rgb(140,86,75)"},{"description":"Black","count":122,"tested":1246,"deaths":0,"color":"rgb(255,127,14)"},{"description":"Hispanic","count":129,"tested":1281,"deaths":0,"color":"rgb(214,39,40)"},{"description":"Left Blank","count":1074,"tested":63652,"deaths":0,"color":"rgb(44,160,44)"},{"description":"NH/PI*","count":0,"tested":20,"deaths":0,"color":"rgb(127,127,127)"},{"description":"Other","count":109,"tested":1176,"deaths":0,"color":"rgb(148,103,189)"},{"description":"White","count":3284,"tested":38028,"deaths":0,"color":"rgb(31,119,180)"}],"gender":[{"description":"Female","count":2369,"tested":46958,"deaths":0,"color":"rgb(255,127,14)"},{"description":"Male","count":2280,"tested":40037,"deaths":0,"color":"rgb(31,119,180)"},{"description":"Unknown/Left Blank","count":82,"tested":18567,"deaths":0,"color":"rgb(44,160,44)"}]}}]}
