{"lastUpdatedDate":{"year":2021,"month":5,"day":1},"county_demographics":[{"County":"Christian","confirmed_cases":3601,"total_tested":53467,"demographics":{"age":[{"race":[],"age_group":"<20","count":387,"tested":4937,"deaths":0},{"race":[],"age_group":"20-29   ","count":548,"tested":8426,"deaths":0},{"race":[],"age_group":"30-39   ","count":515,"tested":8823,"deaths":0},{"race":[],"age_group":"40-49   ","count":580,"tested":8537,"deaths":0},{"race":[],"age_group":"50-59   ","count":604,"tested":8333,"deaths":0},{"race":[],"age_group":"60-69   ","count":434,"tested":6128,"deaths":0},{"race":[],"age_group":"70-79   ","count":279,"tested":3751,"deaths":0},{"race":[],"age_group":"80+","count":254,"tested":3919,"deaths":0},{"race":[],"age_group":"Unknown","count":0,"tested":613,"deaths":0}],"race":[{"description":"AI/AN**","count":0,"tested":35,"deaths":0,"color":"rgb(31,119,180)"},{"description":"Asian","count":0,"tested":89,"deaths":0,"color":"rgb(140,86,75)"},{"description":"Black","count":70,"tested":230,"deaths":0,"color":"rgb(255,127,14)"},{"description":"Hispanic","count":65,"tested":187,"deaths":0,"color":"rgb(214,39,40)"},{"description":"Left Blank","count":1583,"tested":29551,"deaths":0,"color":"rgb(44,160,44)"},{"description":"NH/PI*","count":0,"tested":15,"deaths":0,"color":"rgb(127,127,127)"},{"description":"Other","count":39,"tested":568,"deaths":0,"color":"rgb(148,103,189)"},{"description":"White","count":1834,"tested":22792,"deaths":0,"color":"rgb(31,119,180)"}],"gender":[{"description":"Female","count":1629,"tested":25334,"deaths":0,"color":"rgb(255,127,14)"},{"description":"Male","count":1707,"tested":17573,"deaths":0,"color":"rgb(31,119,180)"},{"description":"Unknown/Left Blank","count":265,"tested":10560,"deaths":0,"color":"rgb(44,160,44)"}]}}]}
