{"lastUpdatedDate":{"year":2021,"month":1,"day":6},"county_demographics":[{"County":"Kankakee","confirmed_cases":10938,"total_tested":141636,"demographics":{"age":[{"race":[],"age_group":"<20","count":1563,"tested":12394,"deaths":0},{"race":[],"age_group":"20-29   ","count":1925,"tested":20761,"deaths":0},{"race":[],"age_group":"30-39   ","count":1634,"tested":20349,"deaths":0},{"race":[],"age_group":"40-49   ","count":1661,"tested":20326,"deaths":0},{"race":[],"age_group":"50-59   ","count":1697,"tested":23283,"deaths":0},{"race":[],"age_group":"60-69   ","count":1211,"tested":19407,"deaths":0},{"race":[],"age_group":"70-79   ","count":731,"tested":12795,"deaths":0},{"race":[],"age_group":"80+","count":513,"tested":12295,"deaths":0},{"race":[],"age_group":"Unknown","count":0,"tested":26,"deaths":0}],"race":[{"description":"AI/AN**","count":0,"tested":55,"deaths":0,"color":"rgb(31,119,180)"},{"description":"Asian","count":37,"tested":744,"deaths":0,"color":"rgb(140,86,75)"},{"description":"Black","count":1391,"tested":22344,"deaths":0,"color":"rgb(255,127,14)"},{"description":"Hispanic","count":1051,"tested":5174,"deaths":0,"color":"rgb(214,39,40)"},{"description":"Left Blank","count":2584,"tested":34773,"deaths":0,"color":"rgb(44,160,44)"},{"description":"NH/PI*","count":0,"tested":120,"deaths":0,"color":"rgb(127,127,127)"},{"description":"Other","count":285,"tested":4090,"deaths":0,"color":"rgb(148,103,189)"},{"description":"White","count":5579,"tested":74336,"deaths":0,"color":"rgb(31,119,180)"}],"gender":[{"description":"Female","count":5881,"tested":82955,"deaths":0,"color":"rgb(255,127,14)"},{"description":"Male","count":5020,"tested":55730,"deaths":0,"color":"rgb(31,119,180)"},{"description":"Unknown/Left Blank","count":35,"tested":2951,"deaths":0,"color":"rgb(44,160,44)"}]}}]}
