{"lastUpdatedDate":{"year":2021,"month":1,"day":6},"county_demographics":[{"County":"De Witt","confirmed_cases":997,"total_tested":12463,"demographics":{"age":[{"race":[],"age_group":"<20","count":154,"tested":2000,"deaths":0},{"race":[],"age_group":"20-29   ","count":132,"tested":1944,"deaths":0},{"race":[],"age_group":"30-39   ","count":131,"tested":1680,"deaths":0},{"race":[],"age_group":"40-49   ","count":115,"tested":1607,"deaths":0},{"race":[],"age_group":"50-59   ","count":150,"tested":1803,"deaths":0},{"race":[],"age_group":"60-69   ","count":129,"tested":1529,"deaths":0},{"race":[],"age_group":"70-79   ","count":105,"tested":1033,"deaths":0},{"race":[],"age_group":"80+","count":79,"tested":866,"deaths":0},{"race":[],"age_group":"Unknown","count":0,"tested":0,"deaths":0}],"race":[{"description":"AI/AN**","count":0,"tested":7,"deaths":0,"color":"rgb(31,119,180)"},{"description":"Asian","count":0,"tested":21,"deaths":0,"color":"rgb(140,86,75)"},{"description":"Black","count":0,"tested":66,"deaths":0,"color":"rgb(255,127,14)"},{"description":"Hispanic","count":13,"tested":75,"deaths":0,"color":"rgb(214,39,40)"},{"description":"Left Blank","count":286,"tested":6073,"deaths":0,"color":"rgb(44,160,44)"},{"description":"NH/PI*","count":0,"tested":7,"deaths":0,"color":"rgb(127,127,127)"},{"description":"Other","count":7,"tested":155,"deaths":0,"color":"rgb(148,103,189)"},{"description":"White","count":681,"tested":6059,"deaths":0,"color":"rgb(31,119,180)"}],"gender":[{"description":"Female","count":543,"tested":7654,"deaths":0,"color":"rgb(255,127,14)"},{"description":"Male","count":441,"tested":4586,"deaths":0,"color":"rgb(31,119,180)"},{"description":"Unknown/Left Blank","count":13,"tested":223,"deaths":0,"color":"rgb(44,160,44)"}]}}]}
