{"lastUpdatedDate":{"year":2021,"month":1,"day":6},"county_demographics":[{"County":"Kendall","confirmed_cases":8843,"total_tested":83605,"demographics":{"age":[{"race":[],"age_group":"<20","count":1482,"tested":13667,"deaths":0},{"race":[],"age_group":"20-29   ","count":1588,"tested":13833,"deaths":0},{"race":[],"age_group":"30-39   ","count":1613,"tested":14515,"deaths":0},{"race":[],"age_group":"40-49   ","count":1705,"tested":14366,"deaths":0},{"race":[],"age_group":"50-59   ","count":1274,"tested":11768,"deaths":0},{"race":[],"age_group":"60-69   ","count":664,"tested":7586,"deaths":0},{"race":[],"age_group":"70-79   ","count":327,"tested":4475,"deaths":0},{"race":[],"age_group":"80+","count":183,"tested":3372,"deaths":0},{"race":[],"age_group":"Unknown","count":0,"tested":23,"deaths":0}],"race":[{"description":"AI/AN**","count":8,"tested":60,"deaths":0,"color":"rgb(31,119,180)"},{"description":"Asian","count":128,"tested":1386,"deaths":0,"color":"rgb(140,86,75)"},{"description":"Black","count":503,"tested":4269,"deaths":0,"color":"rgb(255,127,14)"},{"description":"Hispanic","count":2008,"tested":9342,"deaths":0,"color":"rgb(214,39,40)"},{"description":"Left Blank","count":2549,"tested":34335,"deaths":0,"color":"rgb(44,160,44)"},{"description":"NH/PI*","count":6,"tested":47,"deaths":0,"color":"rgb(127,127,127)"},{"description":"Other","count":232,"tested":2715,"deaths":0,"color":"rgb(148,103,189)"},{"description":"White","count":3405,"tested":31451,"deaths":0,"color":"rgb(31,119,180)"}],"gender":[{"description":"Female","count":4687,"tested":48053,"deaths":0,"color":"rgb(255,127,14)"},{"description":"Male","count":4126,"tested":34280,"deaths":0,"color":"rgb(31,119,180)"},{"description":"Unknown/Left Blank","count":30,"tested":1272,"deaths":0,"color":"rgb(44,160,44)"}]}}]}
