{"lastUpdatedDate":{"year":2021,"month":1,"day":6},"county_demographics":[{"County":"Fulton","confirmed_cases":2440,"total_tested":42253,"demographics":{"age":[{"race":[],"age_group":"<20","count":392,"tested":4508,"deaths":0},{"race":[],"age_group":"20-29   ","count":395,"tested":5695,"deaths":0},{"race":[],"age_group":"30-39   ","count":316,"tested":5946,"deaths":0},{"race":[],"age_group":"40-49   ","count":379,"tested":5861,"deaths":0},{"race":[],"age_group":"50-59   ","count":325,"tested":6383,"deaths":0},{"race":[],"age_group":"60-69   ","count":277,"tested":4788,"deaths":0},{"race":[],"age_group":"70-79   ","count":171,"tested":2810,"deaths":0},{"race":[],"age_group":"80+","count":146,"tested":3279,"deaths":0},{"race":[],"age_group":"Unknown","count":26,"tested":2983,"deaths":0}],"race":[{"description":"AI/AN**","count":0,"tested":13,"deaths":0,"color":"rgb(31,119,180)"},{"description":"Asian","count":0,"tested":13,"deaths":0,"color":"rgb(140,86,75)"},{"description":"Black","count":83,"tested":467,"deaths":0,"color":"rgb(255,127,14)"},{"description":"Hispanic","count":34,"tested":145,"deaths":0,"color":"rgb(214,39,40)"},{"description":"Left Blank","count":1736,"tested":33174,"deaths":0,"color":"rgb(44,160,44)"},{"description":"NH/PI*","count":0,"tested":0,"deaths":0,"color":"rgb(127,127,127)"},{"description":"Other","count":17,"tested":155,"deaths":0,"color":"rgb(148,103,189)"},{"description":"White","count":559,"tested":8284,"deaths":0,"color":"rgb(31,119,180)"}],"gender":[{"description":"Female","count":1224,"tested":24305,"deaths":0,"color":"rgb(255,127,14)"},{"description":"Male","count":1127,"tested":13919,"deaths":0,"color":"rgb(31,119,180)"},{"description":"Unknown/Left Blank","count":89,"tested":4029,"deaths":0,"color":"rgb(44,160,44)"}]}}]}
