{"lastUpdatedDate":{"year":2021,"month":1,"day":6},"county_demographics":[{"County":"Cook","confirmed_cases":195346,"total_tested":2366252,"demographics":{"age":[{"race":[],"age_group":"<20","count":27449,"tested":240649,"deaths":0},{"race":[],"age_group":"20-29   ","count":34864,"tested":394981,"deaths":0},{"race":[],"age_group":"30-39   ","count":30767,"tested":340837,"deaths":0},{"race":[],"age_group":"40-49   ","count":31043,"tested":327182,"deaths":0},{"race":[],"age_group":"50-59   ","count":30181,"tested":366653,"deaths":0},{"race":[],"age_group":"60-69   ","count":21598,"tested":316504,"deaths":0},{"race":[],"age_group":"70-79   ","count":10796,"tested":186262,"deaths":0},{"race":[],"age_group":"80+","count":8606,"tested":191373,"deaths":0},{"race":[],"age_group":"Unknown","count":37,"tested":1811,"deaths":0}],"race":[{"description":"AI/AN**","count":322,"tested":2128,"deaths":0,"color":"rgb(31,119,180)"},{"description":"Asian","count":6311,"tested":79006,"deaths":0,"color":"rgb(140,86,75)"},{"description":"Black","count":18950,"tested":215264,"deaths":0,"color":"rgb(255,127,14)"},{"description":"Hispanic","count":38316,"tested":192280,"deaths":0,"color":"rgb(214,39,40)"},{"description":"Left Blank","count":68447,"tested":1187280,"deaths":0,"color":"rgb(44,160,44)"},{"description":"NH/PI*","count":281,"tested":3173,"deaths":0,"color":"rgb(127,127,127)"},{"description":"Other","count":10635,"tested":89938,"deaths":0,"color":"rgb(148,103,189)"},{"description":"White","count":52084,"tested":597183,"deaths":0,"color":"rgb(31,119,180)"}],"gender":[{"description":"Female","count":101819,"tested":1340644,"deaths":0,"color":"rgb(255,127,14)"},{"description":"Male","count":91607,"tested":966419,"deaths":0,"color":"rgb(31,119,180)"},{"description":"Unknown/Left Blank","count":1920,"tested":59189,"deaths":0,"color":"rgb(44,160,44)"}]}}]}
