{"lastUpdatedDate":{"year":2021,"month":1,"day":6},"county_demographics":[{"County":"Jasper","confirmed_cases":957,"total_tested":7701,"demographics":{"age":[{"race":[],"age_group":"<20","count":143,"tested":1012,"deaths":0},{"race":[],"age_group":"20-29   ","count":102,"tested":885,"deaths":0},{"race":[],"age_group":"30-39   ","count":121,"tested":855,"deaths":0},{"race":[],"age_group":"40-49   ","count":130,"tested":1055,"deaths":0},{"race":[],"age_group":"50-59   ","count":150,"tested":1146,"deaths":0},{"race":[],"age_group":"60-69   ","count":147,"tested":916,"deaths":0},{"race":[],"age_group":"70-79   ","count":83,"tested":675,"deaths":0},{"race":[],"age_group":"80+","count":81,"tested":1155,"deaths":0},{"race":[],"age_group":"Unknown","count":0,"tested":0,"deaths":0}],"race":[{"description":"AI/AN**","count":0,"tested":0,"deaths":0,"color":"rgb(31,119,180)"},{"description":"Asian","count":0,"tested":0,"deaths":0,"color":"rgb(140,86,75)"},{"description":"Black","count":0,"tested":14,"deaths":0,"color":"rgb(255,127,14)"},{"description":"Hispanic","count":0,"tested":53,"deaths":0,"color":"rgb(214,39,40)"},{"description":"Left Blank","count":281,"tested":1438,"deaths":0,"color":"rgb(44,160,44)"},{"description":"Other","count":0,"tested":279,"deaths":0,"color":"rgb(148,103,189)"},{"description":"White","count":664,"tested":5914,"deaths":0,"color":"rgb(31,119,180)"}],"gender":[{"description":"Female","count":528,"tested":4928,"deaths":0,"color":"rgb(255,127,14)"},{"description":"Male","count":406,"tested":2528,"deaths":0,"color":"rgb(31,119,180)"},{"description":"Unknown/Left Blank","count":23,"tested":245,"deaths":0,"color":"rgb(44,160,44)"}]}}]}
