{"lastUpdatedDate":{"year":2021,"month":1,"day":6},"county_demographics":[{"County":"Mason","confirmed_cases":1085,"total_tested":13683,"demographics":{"age":[{"race":[],"age_group":"<20","count":172,"tested":2078,"deaths":0},{"race":[],"age_group":"20-29   ","count":108,"tested":1815,"deaths":0},{"race":[],"age_group":"30-39   ","count":154,"tested":2065,"deaths":0},{"race":[],"age_group":"40-49   ","count":153,"tested":2112,"deaths":0},{"race":[],"age_group":"50-59   ","count":156,"tested":1976,"deaths":0},{"race":[],"age_group":"60-69   ","count":142,"tested":1555,"deaths":0},{"race":[],"age_group":"70-79   ","count":106,"tested":1016,"deaths":0},{"race":[],"age_group":"80+","count":87,"tested":1066,"deaths":0},{"race":[],"age_group":"Unknown","count":0,"tested":0,"deaths":0}],"race":[{"description":"AI/AN**","count":0,"tested":0,"deaths":0,"color":"rgb(31,119,180)"},{"description":"Asian","count":0,"tested":12,"deaths":0,"color":"rgb(140,86,75)"},{"description":"Black","count":0,"tested":32,"deaths":0,"color":"rgb(255,127,14)"},{"description":"Hispanic","count":7,"tested":24,"deaths":0,"color":"rgb(214,39,40)"},{"description":"Left Blank","count":411,"tested":5517,"deaths":0,"color":"rgb(44,160,44)"},{"description":"Other","count":7,"tested":98,"deaths":0,"color":"rgb(148,103,189)"},{"description":"White","count":656,"tested":7997,"deaths":0,"color":"rgb(31,119,180)"}],"gender":[{"description":"Female","count":613,"tested":8401,"deaths":0,"color":"rgb(255,127,14)"},{"description":"Male","count":430,"tested":4625,"deaths":0,"color":"rgb(31,119,180)"},{"description":"Unknown/Left Blank","count":42,"tested":657,"deaths":0,"color":"rgb(44,160,44)"}]}}]}
