{"lastUpdatedDate":{"year":2021,"month":1,"day":6},"county_demographics":[{"County":"Warren","confirmed_cases":1529,"total_tested":11177,"demographics":{"age":[{"race":[],"age_group":"<20","count":161,"tested":1183,"deaths":0},{"race":[],"age_group":"20-29   ","count":223,"tested":2117,"deaths":0},{"race":[],"age_group":"30-39   ","count":247,"tested":1782,"deaths":0},{"race":[],"age_group":"40-49   ","count":270,"tested":1707,"deaths":0},{"race":[],"age_group":"50-59   ","count":237,"tested":1610,"deaths":0},{"race":[],"age_group":"60-69   ","count":182,"tested":1467,"deaths":0},{"race":[],"age_group":"70-79   ","count":114,"tested":817,"deaths":0},{"race":[],"age_group":"80+","count":95,"tested":494,"deaths":0}],"race":[{"description":"AI/AN**","count":0,"tested":0,"deaths":0,"color":"rgb(31,119,180)"},{"description":"Asian","count":18,"tested":26,"deaths":0,"color":"rgb(140,86,75)"},{"description":"Black","count":21,"tested":135,"deaths":0,"color":"rgb(255,127,14)"},{"description":"Hispanic","count":128,"tested":337,"deaths":0,"color":"rgb(214,39,40)"},{"description":"Left Blank","count":503,"tested":5344,"deaths":0,"color":"rgb(44,160,44)"},{"description":"NH/PI*","count":0,"tested":0,"deaths":0,"color":"rgb(127,127,127)"},{"description":"Other","count":13,"tested":156,"deaths":0,"color":"rgb(148,103,189)"},{"description":"White","count":838,"tested":5170,"deaths":0,"color":"rgb(31,119,180)"}],"gender":[{"description":"Female","count":789,"tested":5838,"deaths":0,"color":"rgb(255,127,14)"},{"description":"Male","count":685,"tested":4430,"deaths":0,"color":"rgb(31,119,180)"},{"description":"Unknown/Left Blank","count":51,"tested":909,"deaths":0,"color":"rgb(44,160,44)"}]}}]}
