{"lastUpdatedDate":{"year":2021,"month":7,"day":6},"county_demographics":[{"County":"Fulton","confirmed_cases":4057,"total_tested":94304,"demographics":{"age":[{"race":[],"age_group":"<20","count":790,"tested":9614,"deaths":0},{"race":[],"age_group":"20-29   ","count":662,"tested":14594,"deaths":0},{"race":[],"age_group":"30-39   ","count":550,"tested":16146,"deaths":0},{"race":[],"age_group":"40-49   ","count":617,"tested":14348,"deaths":0},{"race":[],"age_group":"50-59   ","count":527,"tested":14114,"deaths":0},{"race":[],"age_group":"60-69   ","count":451,"tested":9762,"deaths":0},{"race":[],"age_group":"70-79   ","count":257,"tested":5479,"deaths":0},{"race":[],"age_group":"80+","count":194,"tested":6070,"deaths":0},{"race":[],"age_group":"Unknown","count":0,"tested":4177,"deaths":0}],"race":[{"description":"AI/AN**","count":0,"tested":26,"deaths":0,"color":"rgb(31,119,180)"},{"description":"Asian","count":0,"tested":41,"deaths":0,"color":"rgb(140,86,75)"},{"description":"Black","count":99,"tested":738,"deaths":0,"color":"rgb(255,127,14)"},{"description":"Hispanic","count":50,"tested":245,"deaths":0,"color":"rgb(214,39,40)"},{"description":"Left Blank","count":2693,"tested":67474,"deaths":0,"color":"rgb(44,160,44)"},{"description":"NH/PI*","count":0,"tested":0,"deaths":0,"color":"rgb(127,127,127)"},{"description":"Other","count":42,"tested":1730,"deaths":0,"color":"rgb(148,103,189)"},{"description":"White","count":1164,"tested":24045,"deaths":0,"color":"rgb(31,119,180)"}],"gender":[{"description":"Female","count":1986,"tested":46596,"deaths":0,"color":"rgb(255,127,14)"},{"description":"Male","count":1929,"tested":33845,"deaths":0,"color":"rgb(31,119,180)"},{"description":"Unknown/Left Blank","count":142,"tested":13863,"deaths":0,"color":"rgb(44,160,44)"}]}}]}
