{"lastUpdatedDate":{"year":2021,"month":7,"day":6},"county_demographics":[{"County":"Mercer","confirmed_cases":1500,"total_tested":19614,"demographics":{"age":[{"race":[],"age_group":"<20","count":245,"tested":3589,"deaths":0},{"race":[],"age_group":"20-29   ","count":191,"tested":2261,"deaths":0},{"race":[],"age_group":"30-39   ","count":196,"tested":2392,"deaths":0},{"race":[],"age_group":"40-49   ","count":239,"tested":2281,"deaths":0},{"race":[],"age_group":"50-59   ","count":231,"tested":2792,"deaths":0},{"race":[],"age_group":"60-69   ","count":191,"tested":2358,"deaths":0},{"race":[],"age_group":"70-79   ","count":107,"tested":1830,"deaths":0},{"race":[],"age_group":"80+","count":99,"tested":2097,"deaths":0},{"race":[],"age_group":"Unknown","count":0,"tested":14,"deaths":0}],"race":[{"description":"AI/AN**","count":0,"tested":0,"deaths":0,"color":"rgb(31,119,180)"},{"description":"Asian","count":0,"tested":9,"deaths":0,"color":"rgb(140,86,75)"},{"description":"Black","count":7,"tested":27,"deaths":0,"color":"rgb(255,127,14)"},{"description":"Hispanic","count":22,"tested":120,"deaths":0,"color":"rgb(214,39,40)"},{"description":"Left Blank","count":384,"tested":8216,"deaths":0,"color":"rgb(44,160,44)"},{"description":"NH/PI*","count":0,"tested":0,"deaths":0,"color":"rgb(127,127,127)"},{"description":"Other","count":13,"tested":251,"deaths":0,"color":"rgb(148,103,189)"},{"description":"White","count":1068,"tested":10984,"deaths":0,"color":"rgb(31,119,180)"}],"gender":[{"description":"Female","count":812,"tested":11416,"deaths":0,"color":"rgb(255,127,14)"},{"description":"Male","count":679,"tested":7671,"deaths":0,"color":"rgb(31,119,180)"},{"description":"Unknown/Left Blank","count":0,"tested":527,"deaths":0,"color":"rgb(44,160,44)"}]}}]}
