{"lastUpdatedDate":{"year":2021,"month":7,"day":6},"county_demographics":[{"County":"Logan","confirmed_cases":4010,"total_tested":102632,"demographics":{"age":[{"race":[],"age_group":"<20","count":528,"tested":8902,"deaths":0},{"race":[],"age_group":"20-29   ","count":630,"tested":17746,"deaths":0},{"race":[],"age_group":"30-39   ","count":769,"tested":22214,"deaths":0},{"race":[],"age_group":"40-49   ","count":610,"tested":16814,"deaths":0},{"race":[],"age_group":"50-59   ","count":553,"tested":13874,"deaths":0},{"race":[],"age_group":"60-69   ","count":430,"tested":8897,"deaths":0},{"race":[],"age_group":"70-79   ","count":256,"tested":4856,"deaths":0},{"race":[],"age_group":"80+","count":232,"tested":6601,"deaths":0},{"race":[],"age_group":"Unknown","count":0,"tested":2728,"deaths":0}],"race":[{"description":"AI/AN**","count":0,"tested":22,"deaths":0,"color":"rgb(31,119,180)"},{"description":"Asian","count":14,"tested":90,"deaths":0,"color":"rgb(140,86,75)"},{"description":"Black","count":369,"tested":1656,"deaths":0,"color":"rgb(255,127,14)"},{"description":"Hispanic","count":109,"tested":525,"deaths":0,"color":"rgb(214,39,40)"},{"description":"Left Blank","count":530,"tested":69583,"deaths":0,"color":"rgb(44,160,44)"},{"description":"NH/PI*","count":0,"tested":78,"deaths":0,"color":"rgb(127,127,127)"},{"description":"Other","count":26,"tested":735,"deaths":0,"color":"rgb(148,103,189)"},{"description":"White","count":2952,"tested":29943,"deaths":0,"color":"rgb(31,119,180)"}],"gender":[{"description":"Female","count":2138,"tested":57086,"deaths":0,"color":"rgb(255,127,14)"},{"description":"Male","count":1670,"tested":25942,"deaths":0,"color":"rgb(31,119,180)"},{"description":"Unknown/Left Blank","count":197,"tested":19604,"deaths":0,"color":"rgb(44,160,44)"}]}}]}
