{"lastUpdatedDate":{"year":2021,"month":7,"day":6},"county_demographics":[{"County":"Edwards","confirmed_cases":584,"total_tested":5001,"demographics":{"age":[{"race":[],"age_group":"<20","count":82,"tested":899,"deaths":0},{"race":[],"age_group":"20-29   ","count":69,"tested":701,"deaths":0},{"race":[],"age_group":"30-39   ","count":68,"tested":642,"deaths":0},{"race":[],"age_group":"40-49   ","count":88,"tested":768,"deaths":0},{"race":[],"age_group":"50-59   ","count":92,"tested":806,"deaths":0},{"race":[],"age_group":"60-69   ","count":83,"tested":617,"deaths":0},{"race":[],"age_group":"70-79   ","count":70,"tested":356,"deaths":0},{"race":[],"age_group":"80+","count":30,"tested":211,"deaths":0},{"race":[],"age_group":"Unknown","count":0,"tested":0,"deaths":0}],"race":[{"description":"Asian","count":0,"tested":6,"deaths":0,"color":"rgb(140,86,75)"},{"description":"Black","count":0,"tested":10,"deaths":0,"color":"rgb(255,127,14)"},{"description":"Hispanic","count":0,"tested":10,"deaths":0,"color":"rgb(214,39,40)"},{"description":"Left Blank","count":55,"tested":1164,"deaths":0,"color":"rgb(44,160,44)"},{"description":"NH/PI*","count":0,"tested":0,"deaths":0,"color":"rgb(127,127,127)"},{"description":"Other","count":0,"tested":11,"deaths":0,"color":"rgb(148,103,189)"},{"description":"White","count":525,"tested":3799,"deaths":0,"color":"rgb(31,119,180)"}],"gender":[{"description":"Female","count":311,"tested":3235,"deaths":0,"color":"rgb(255,127,14)"},{"description":"Male","count":266,"tested":1552,"deaths":0,"color":"rgb(31,119,180)"},{"description":"Unknown/Left Blank","count":7,"tested":214,"deaths":0,"color":"rgb(44,160,44)"}]}}]}
