{"lastUpdatedDate":{"year":2021,"month":7,"day":6},"county_demographics":[{"County":"Clark","confirmed_cases":1866,"total_tested":19028,"demographics":{"age":[{"race":[],"age_group":"<20","count":353,"tested":3079,"deaths":0},{"race":[],"age_group":"20-29   ","count":249,"tested":2191,"deaths":0},{"race":[],"age_group":"30-39   ","count":271,"tested":2869,"deaths":0},{"race":[],"age_group":"40-49   ","count":241,"tested":2334,"deaths":0},{"race":[],"age_group":"50-59   ","count":260,"tested":2590,"deaths":0},{"race":[],"age_group":"60-69   ","count":213,"tested":2414,"deaths":0},{"race":[],"age_group":"70-79   ","count":126,"tested":1476,"deaths":0},{"race":[],"age_group":"80+","count":153,"tested":2052,"deaths":0},{"race":[],"age_group":"Unknown","count":0,"tested":23,"deaths":0}],"race":[{"description":"AI/AN**","count":0,"tested":0,"deaths":0,"color":"rgb(31,119,180)"},{"description":"Asian","count":0,"tested":13,"deaths":0,"color":"rgb(140,86,75)"},{"description":"Black","count":0,"tested":40,"deaths":0,"color":"rgb(255,127,14)"},{"description":"Hispanic","count":9,"tested":49,"deaths":0,"color":"rgb(214,39,40)"},{"description":"Left Blank","count":347,"tested":7854,"deaths":0,"color":"rgb(44,160,44)"},{"description":"Other","count":8,"tested":280,"deaths":0,"color":"rgb(148,103,189)"},{"description":"White","count":1492,"tested":10788,"deaths":0,"color":"rgb(31,119,180)"}],"gender":[{"description":"Female","count":880,"tested":11812,"deaths":0,"color":"rgb(255,127,14)"},{"description":"Male","count":616,"tested":6381,"deaths":0,"color":"rgb(31,119,180)"},{"description":"Unknown/Left Blank","count":370,"tested":835,"deaths":0,"color":"rgb(44,160,44)"}]}}]}
