{"lastUpdatedDate":{"year":2021,"month":7,"day":6},"county_demographics":[{"County":"Whiteside","confirmed_cases":7210,"total_tested":83445,"demographics":{"age":[{"race":[],"age_group":"<20","count":1099,"tested":12961,"deaths":0},{"race":[],"age_group":"20-29   ","count":1091,"tested":12819,"deaths":0},{"race":[],"age_group":"30-39   ","count":1056,"tested":13078,"deaths":0},{"race":[],"age_group":"40-49   ","count":1012,"tested":11537,"deaths":0},{"race":[],"age_group":"50-59   ","count":1145,"tested":12460,"deaths":0},{"race":[],"age_group":"60-69   ","count":894,"tested":9777,"deaths":0},{"race":[],"age_group":"70-79   ","count":481,"tested":5124,"deaths":0},{"race":[],"age_group":"80+","count":430,"tested":5531,"deaths":0},{"race":[],"age_group":"Unknown","count":0,"tested":158,"deaths":0}],"race":[{"description":"AI/AN**","count":0,"tested":45,"deaths":0,"color":"rgb(31,119,180)"},{"description":"Asian","count":14,"tested":266,"deaths":0,"color":"rgb(140,86,75)"},{"description":"Black","count":161,"tested":1924,"deaths":0,"color":"rgb(255,127,14)"},{"description":"Hispanic","count":444,"tested":3181,"deaths":0,"color":"rgb(214,39,40)"},{"description":"Left Blank","count":1820,"tested":39063,"deaths":0,"color":"rgb(44,160,44)"},{"description":"NH/PI*","count":0,"tested":14,"deaths":0,"color":"rgb(127,127,127)"},{"description":"Other","count":348,"tested":2107,"deaths":0,"color":"rgb(148,103,189)"},{"description":"White","count":4409,"tested":36845,"deaths":0,"color":"rgb(31,119,180)"}],"gender":[{"description":"Female","count":3813,"tested":49518,"deaths":0,"color":"rgb(255,127,14)"},{"description":"Male","count":3225,"tested":29262,"deaths":0,"color":"rgb(31,119,180)"},{"description":"Unknown/Left Blank","count":171,"tested":4665,"deaths":0,"color":"rgb(44,160,44)"}]}}]}
