{"lastUpdatedDate":{"year":2021,"month":7,"day":6},"county_demographics":[{"County":"Hamilton","confirmed_cases":849,"total_tested":9476,"demographics":{"age":[{"race":[],"age_group":"<20","count":98,"tested":1091,"deaths":0},{"race":[],"age_group":"20-29   ","count":112,"tested":1261,"deaths":0},{"race":[],"age_group":"30-39   ","count":131,"tested":1287,"deaths":0},{"race":[],"age_group":"40-49   ","count":115,"tested":1667,"deaths":0},{"race":[],"age_group":"50-59   ","count":136,"tested":1642,"deaths":0},{"race":[],"age_group":"60-69   ","count":104,"tested":1132,"deaths":0},{"race":[],"age_group":"70-79   ","count":63,"tested":680,"deaths":0},{"race":[],"age_group":"80+","count":63,"tested":713,"deaths":0},{"race":[],"age_group":"Unknown","count":0,"tested":0,"deaths":0}],"race":[{"description":"AI/AN**","count":0,"tested":0,"deaths":0,"color":"rgb(31,119,180)"},{"description":"Asian","count":0,"tested":8,"deaths":0,"color":"rgb(140,86,75)"},{"description":"Black","count":0,"tested":28,"deaths":0,"color":"rgb(255,127,14)"},{"description":"Hispanic","count":8,"tested":79,"deaths":0,"color":"rgb(214,39,40)"},{"description":"Left Blank","count":259,"tested":4102,"deaths":0,"color":"rgb(44,160,44)"},{"description":"NH/PI*","count":0,"tested":0,"deaths":0,"color":"rgb(127,127,127)"},{"description":"Other","count":0,"tested":101,"deaths":0,"color":"rgb(148,103,189)"},{"description":"White","count":576,"tested":5154,"deaths":0,"color":"rgb(31,119,180)"}],"gender":[{"description":"Female","count":461,"tested":5605,"deaths":0,"color":"rgb(255,127,14)"},{"description":"Male","count":349,"tested":2892,"deaths":0,"color":"rgb(31,119,180)"},{"description":"Unknown/Left Blank","count":39,"tested":979,"deaths":0,"color":"rgb(44,160,44)"}]}}]}
