{"lastUpdatedDate":{"year":2021,"month":7,"day":6},"county_demographics":[{"County":"Massac","confirmed_cases":1369,"total_tested":13575,"demographics":{"age":[{"race":[],"age_group":"<20","count":194,"tested":1449,"deaths":0},{"race":[],"age_group":"20-29   ","count":181,"tested":1827,"deaths":0},{"race":[],"age_group":"30-39   ","count":167,"tested":1574,"deaths":0},{"race":[],"age_group":"40-49   ","count":180,"tested":2065,"deaths":0},{"race":[],"age_group":"50-59   ","count":230,"tested":2009,"deaths":0},{"race":[],"age_group":"60-69   ","count":167,"tested":1610,"deaths":0},{"race":[],"age_group":"70-79   ","count":131,"tested":1305,"deaths":0},{"race":[],"age_group":"80+","count":116,"tested":1734,"deaths":0},{"race":[],"age_group":"Unknown","count":0,"tested":0,"deaths":0}],"race":[{"description":"AI/AN**","count":0,"tested":8,"deaths":0,"color":"rgb(31,119,180)"},{"description":"Asian","count":0,"tested":13,"deaths":0,"color":"rgb(140,86,75)"},{"description":"Black","count":31,"tested":355,"deaths":0,"color":"rgb(255,127,14)"},{"description":"Hispanic","count":9,"tested":52,"deaths":0,"color":"rgb(214,39,40)"},{"description":"Left Blank","count":640,"tested":7710,"deaths":0,"color":"rgb(44,160,44)"},{"description":"NH/PI*","count":0,"tested":0,"deaths":0,"color":"rgb(127,127,127)"},{"description":"Other","count":0,"tested":61,"deaths":0,"color":"rgb(148,103,189)"},{"description":"White","count":678,"tested":5375,"deaths":0,"color":"rgb(31,119,180)"}],"gender":[{"description":"Female","count":721,"tested":8022,"deaths":0,"color":"rgb(255,127,14)"},{"description":"Male","count":617,"tested":4859,"deaths":0,"color":"rgb(31,119,180)"},{"description":"Unknown/Left Blank","count":31,"tested":694,"deaths":0,"color":"rgb(44,160,44)"}]}}]}
