{"age":[{"age_group":"<20","count":277,"tested":2694},{"age_group":"20-29   ","count":238,"tested":2142},{"age_group":"30-39   ","count":213,"tested":2101},{"age_group":"40-49   ","count":258,"tested":2256},{"age_group":"50-59   ","count":269,"tested":2116},{"age_group":"60-69   ","count":235,"tested":1777},{"age_group":"70-79   ","count":129,"tested":887},{"age_group":"80+","count":55,"tested":411}],"race":[{"description":"Left Blank","count":310,"tested":4275,"color":"rgb(44,160,44)"},{"description":"Hispanic","count":133,"tested":816,"color":"rgb(214,39,40)"},{"description":"White","count":1098,"tested":8186,"color":"rgb(31,119,180)"},{"description":"Black","count":43,"tested":530,"color":"rgb(255,127,14)"},{"description":"Other","count":85,"tested":512,"color":"rgb(148,103,189)"}],"gender":[{"description":"Female","count":884,"tested":8014,"color":"rgb(255,127,14)"},{"description":"Male","count":765,"tested":5608,"color":"rgb(31,119,180)"},{"description":"Unknown/Left Blank","count":28,"tested":763,"color":"rgb(44,160,44)"}]}
