{"age":[{"age_group":"<20","count":342,"tested":3480},{"age_group":"20-29   ","count":407,"tested":3926},{"age_group":"30-39   ","count":337,"tested":3304},{"age_group":"40-49   ","count":339,"tested":2921},{"age_group":"50-59   ","count":452,"tested":3991},{"age_group":"60-69   ","count":334,"tested":3968},{"age_group":"70-79   ","count":136,"tested":2198},{"age_group":"80+","count":87,"tested":5081}],"race":[{"description":"Other","count":95,"tested":765,"color":"rgb(148,103,189)"},{"description":"Left Blank","count":777,"tested":12528,"color":"rgb(44,160,44)"},{"description":"Hispanic","count":106,"tested":583,"color":"rgb(214,39,40)"},{"description":"White","count":1409,"tested":14496,"color":"rgb(31,119,180)"},{"description":"Asian","count":26,"tested":311,"color":"rgb(140,86,75)"},{"description":"Black","count":20,"tested":174,"color":"rgb(255,127,14)"}],"gender":[{"description":"Male","count":1202,"tested":11745,"color":"rgb(31,119,180)"},{"description":"Unknown/Left Blank","count":17,"tested":893,"color":"rgb(44,160,44)"},{"description":"Female","count":1216,"tested":16238,"color":"rgb(255,127,14)"}]}
