{"age":[{"age_group":"<20","count":205,"tested":1943},{"age_group":"20-29   ","count":163,"tested":1937},{"age_group":"30-39   ","count":133,"tested":1471},{"age_group":"40-49   ","count":149,"tested":1595},{"age_group":"50-59   ","count":172,"tested":2070},{"age_group":"60-69   ","count":96,"tested":1490},{"age_group":"70-79   ","count":45,"tested":693},{"age_group":"80+","count":13,"tested":296}],"race":[{"description":"Asian","count":9,"tested":279,"color":"rgb(140,86,75)"},{"description":"Other","count":14,"tested":273,"color":"rgb(148,103,189)"},{"description":"Hispanic","count":89,"tested":515,"color":"rgb(214,39,40)"},{"description":"Left Blank","count":218,"tested":4063,"color":"rgb(44,160,44)"},{"description":"White","count":645,"tested":6285,"color":"rgb(31,119,180)"}],"gender":[{"description":"Female","count":504,"tested":6533,"color":"rgb(255,127,14)"},{"description":"Male","count":468,"tested":4853,"color":"rgb(31,119,180)"}]}
