{"age":[{"age_group":"<20","count":22,"tested":345},{"age_group":"20-29   ","count":36,"tested":298},{"age_group":"30-39   ","count":30,"tested":334},{"age_group":"40-49   ","count":24,"tested":253},{"age_group":"50-59   ","count":33,"tested":295},{"age_group":"60-69   ","count":13,"tested":147},{"age_group":"70-79   ","count":10,"tested":102}],"race":[{"description":"Left Blank","count":30,"tested":512,"color":"rgb(44,160,44)"},{"description":"Other","count":19,"tested":131,"color":"rgb(148,103,189)"},{"description":"White","count":123,"tested":1122,"color":"rgb(31,119,180)"}],"gender":[{"description":"Male","count":88,"tested":762,"color":"rgb(31,119,180)"},{"description":"Female","count":85,"tested":1011,"color":"rgb(255,127,14)"}]}
