{"age":[{"age_group":"<20","count":48,"tested":1425},{"age_group":"20-29   ","count":457,"tested":11868},{"age_group":"30-39   ","count":285,"tested":7024},{"age_group":"40-49   ","count":86,"tested":2528},{"age_group":"50-59   ","count":86,"tested":2592},{"age_group":"60-69   ","count":62,"tested":2005},{"age_group":"70-79   ","count":45,"tested":1369},{"age_group":"80+","count":26,"tested":989}],"race":[{"description":"White","count":444,"tested":8452,"color":"rgb(31,119,180)"},{"description":"Black","count":98,"tested":1987,"color":"rgb(255,127,14)"},{"description":"Asian","count":96,"tested":4069,"color":"rgb(140,86,75)"},{"description":"Other","count":64,"tested":1482,"color":"rgb(148,103,189)"},{"description":"Left Blank","count":301,"tested":12779,"color":"rgb(44,160,44)"},{"description":"Hispanic","count":89,"tested":921,"color":"rgb(214,39,40)"}],"gender":[{"description":"Male","count":582,"tested":14911,"color":"rgb(31,119,180)"},{"description":"Female","count":493,"tested":14213,"color":"rgb(255,127,14)"},{"description":"Unknown/Left Blank","count":20,"tested":690,"color":"rgb(44,160,44)"}]}
