{"age":[{"age_group":"<20","count":415,"tested":3811},{"age_group":"20-29   ","count":506,"tested":4617},{"age_group":"30-39   ","count":459,"tested":4605},{"age_group":"40-49   ","count":455,"tested":4632},{"age_group":"50-59   ","count":448,"tested":5021},{"age_group":"60-69   ","count":374,"tested":4546},{"age_group":"70-79   ","count":203,"tested":2655},{"age_group":"80+","count":225,"tested":5559}],"race":[{"description":"Other","count":113,"tested":1204,"color":"rgb(148,103,189)"},{"description":"NH/PI*","count":7,"tested":156,"color":"rgb(127,127,127)"},{"description":"Black","count":28,"tested":227,"color":"rgb(255,127,14)"},{"description":"Asian","count":125,"tested":1912,"color":"rgb(140,86,75)"},{"description":"Left Blank","count":532,"tested":11754,"color":"rgb(44,160,44)"},{"description":"White","count":1803,"tested":17047,"color":"rgb(31,119,180)"},{"description":"Hispanic","count":476,"tested":3132,"color":"rgb(214,39,40)"}],"gender":[{"description":"Female","count":1568,"tested":21103,"color":"rgb(255,127,14)"},{"description":"Male","count":1501,"tested":13875,"color":"rgb(31,119,180)"},{"description":"Unknown/Left Blank","count":18,"tested":478,"color":"rgb(44,160,44)"}]}
