{"age":[{"age_group":"<20","count":66,"tested":560},{"age_group":"20-29   ","count":54,"tested":531},{"age_group":"30-39   ","count":53,"tested":608},{"age_group":"40-49   ","count":58,"tested":458},{"age_group":"50-59   ","count":46,"tested":750},{"age_group":"60-69   ","count":45,"tested":568},{"age_group":"70-79   ","count":19,"tested":204},{"age_group":"80+","count":10,"tested":131}],"race":[{"description":"Left Blank","count":76,"tested":1382,"color":"rgb(44,160,44)"},{"description":"White","count":248,"tested":2139,"color":"rgb(31,119,180)"},{"description":"Hispanic","count":16,"tested":174,"color":"rgb(214,39,40)"}],"gender":[{"description":"Male","count":163,"tested":1535,"color":"rgb(31,119,180)"},{"description":"Female","count":187,"tested":2206,"color":"rgb(255,127,14)"}]}
