{"age":[{"age_group":"<20","count":80,"tested":943},{"age_group":"20-29   ","count":89,"tested":1199},{"age_group":"30-39   ","count":75,"tested":1260},{"age_group":"40-49   ","count":75,"tested":1087},{"age_group":"50-59   ","count":100,"tested":1378},{"age_group":"60-69   ","count":84,"tested":1242},{"age_group":"70-79   ","count":75,"tested":858},{"age_group":"80+","count":55,"tested":886}],"race":[{"description":"Left Blank","count":44,"tested":1203,"color":"rgb(44,160,44)"},{"description":"Other","count":8,"tested":132,"color":"rgb(148,103,189)"},{"description":"White","count":543,"tested":7141,"color":"rgb(31,119,180)"},{"description":"Hispanic","count":27,"tested":188,"color":"rgb(214,39,40)"},{"description":"Black","count":10,"tested":169,"color":"rgb(255,127,14)"}],"gender":[{"description":"Female","count":357,"tested":5464,"color":"rgb(255,127,14)"},{"description":"Male","count":265,"tested":3300,"color":"rgb(31,119,180)"}]}
