{"age":[{"age_group":"<20","count":27,"tested":323},{"age_group":"20-29   ","count":27,"tested":302},{"age_group":"30-39   ","count":23,"tested":291},{"age_group":"40-49   ","count":24,"tested":225},{"age_group":"50-59   ","count":11,"tested":185},{"age_group":"60-69   ","count":11,"tested":184},{"age_group":"80+","count":6,"tested":65}],"race":[{"description":"Left Blank","count":30,"tested":523,"color":"rgb(44,160,44)"},{"description":"Hispanic","count":17,"tested":95,"color":"rgb(214,39,40)"},{"description":"White","count":79,"tested":979,"color":"rgb(31,119,180)"}],"gender":[{"description":"Male","count":63,"tested":682,"color":"rgb(31,119,180)"},{"description":"Female","count":71,"tested":958,"color":"rgb(255,127,14)"}]}
