{"age":[{"age_group":"<20","count":137,"tested":1469},{"age_group":"20-29   ","count":79,"tested":866},{"age_group":"30-39   ","count":109,"tested":816},{"age_group":"40-49   ","count":109,"tested":830},{"age_group":"50-59   ","count":116,"tested":1149},{"age_group":"60-69   ","count":69,"tested":860},{"age_group":"70-79   ","count":29,"tested":490},{"age_group":"80+","count":34,"tested":474}],"race":[{"description":"Left Blank","count":60,"tested":2307,"color":"rgb(44,160,44)"},{"description":"Black","count":10,"tested":87,"color":"rgb(255,127,14)"},{"description":"White","count":587,"tested":4281,"color":"rgb(31,119,180)"},{"description":"Hispanic","count":22,"tested":154,"color":"rgb(214,39,40)"}],"gender":[{"description":"Male","count":316,"tested":3081,"color":"rgb(31,119,180)"},{"description":"Female","count":366,"tested":3770,"color":"rgb(255,127,14)"}]}
