{"age":[{"age_group":"<20","count":17,"tested":176},{"age_group":"20-29   ","count":19,"tested":117},{"age_group":"30-39   ","count":16,"tested":107},{"age_group":"40-49   ","count":9,"tested":118},{"age_group":"50-59   ","count":15,"tested":149},{"age_group":"60-69   ","count":14,"tested":114},{"age_group":"70-79   ","count":7,"tested":54}],"race":[{"description":"Left Blank","count":27,"tested":207,"color":"rgb(44,160,44)"},{"description":"White","count":68,"tested":627,"color":"rgb(31,119,180)"}],"gender":[{"description":"Male","count":48,"tested":310,"color":"rgb(31,119,180)"},{"description":"Female","count":50,"tested":547,"color":"rgb(255,127,14)"}]}
