{"age":[{"age_group":"<20","count":49,"tested":431},{"age_group":"20-29   ","count":44,"tested":724},{"age_group":"30-39   ","count":44,"tested":701},{"age_group":"40-49   ","count":48,"tested":705},{"age_group":"50-59   ","count":66,"tested":1044},{"age_group":"60-69   ","count":50,"tested":971},{"age_group":"70-79   ","count":35,"tested":737},{"age_group":"80+","count":28,"tested":422}],"race":[{"description":"Left Blank","count":103,"tested":2288,"color":"rgb(44,160,44)"},{"description":"Other","count":15,"tested":140,"color":"rgb(148,103,189)"},{"description":"White","count":43,"tested":522,"color":"rgb(31,119,180)"},{"description":"Black","count":198,"tested":2697,"color":"rgb(255,127,14)"}],"gender":[{"description":"Female","count":197,"tested":3375,"color":"rgb(255,127,14)"},{"description":"Male","count":164,"tested":2276,"color":"rgb(31,119,180)"}]}
