{"age":[{"age_group":"<20","count":783,"tested":16743},{"age_group":"20-29   ","count":1401,"tested":26747},{"age_group":"30-39   ","count":607,"tested":8370},{"age_group":"40-49   ","count":489,"tested":5533},{"age_group":"50-59   ","count":410,"tested":6154},{"age_group":"60-69   ","count":277,"tested":5016},{"age_group":"70-79   ","count":167,"tested":3793},{"age_group":"80+","count":201,"tested":7071}],"race":[{"description":"Other","count":51,"tested":810,"color":"rgb(148,103,189)"},{"description":"Left Blank","count":978,"tested":33840,"color":"rgb(44,160,44)"},{"description":"Black","count":618,"tested":9876,"color":"rgb(255,127,14)"},{"description":"Hispanic","count":791,"tested":5685,"color":"rgb(214,39,40)"},{"description":"White","count":1821,"tested":27458,"color":"rgb(31,119,180)"},{"description":"Asian","count":72,"tested":1666,"color":"rgb(140,86,75)"}],"gender":[{"description":"Female","count":2328,"tested":49658,"color":"rgb(255,127,14)"},{"description":"Male","count":1997,"tested":29430,"color":"rgb(31,119,180)"},{"description":"Unknown/Left Blank","count":10,"tested":348,"color":"rgb(44,160,44)"}]}
