{"age":[{"age_group":"<20","count":39,"tested":483},{"age_group":"20-29   ","count":87,"tested":957},{"age_group":"30-39   ","count":93,"tested":1159},{"age_group":"40-49   ","count":58,"tested":812},{"age_group":"50-59   ","count":36,"tested":503},{"age_group":"60-69   ","count":18,"tested":460},{"age_group":"70-79   ","count":10,"tested":208}],"race":[{"description":"Asian","count":49,"tested":620,"color":"rgb(140,86,75)"},{"description":"Hispanic","count":33,"tested":234,"color":"rgb(214,39,40)"},{"description":"Black","count":14,"tested":149,"color":"rgb(255,127,14)"},{"description":"White","count":121,"tested":1199,"color":"rgb(31,119,180)"},{"description":"Left Blank","count":111,"tested":2303,"color":"rgb(44,160,44)"},{"description":"Other","count":16,"tested":141,"color":"rgb(148,103,189)"}],"gender":[{"description":"Male","count":175,"tested":2151,"color":"rgb(31,119,180)"},{"description":"Female","count":166,"tested":2476,"color":"rgb(255,127,14)"}]}
