{"age":[{"age_group":"<20","count":219,"tested":2927},{"age_group":"20-29   ","count":273,"tested":2934},{"age_group":"30-39   ","count":259,"tested":2615},{"age_group":"40-49   ","count":261,"tested":2826},{"age_group":"50-59   ","count":233,"tested":3026},{"age_group":"60-69   ","count":170,"tested":3142},{"age_group":"70-79   ","count":71,"tested":1815},{"age_group":"80+","count":44,"tested":1380}],"race":[{"description":"Black","count":329,"tested":3868,"color":"rgb(255,127,14)"},{"description":"Asian","count":29,"tested":199,"color":"rgb(140,86,75)"},{"description":"White","count":140,"tested":1401,"color":"rgb(31,119,180)"},{"description":"Hispanic","count":323,"tested":2340,"color":"rgb(214,39,40)"},{"description":"Other","count":42,"tested":533,"color":"rgb(148,103,189)"},{"description":"Left Blank","count":667,"tested":12354,"color":"rgb(44,160,44)"}],"gender":[{"description":"Female","count":792,"tested":11139,"color":"rgb(255,127,14)"},{"description":"Male","count":727,"tested":8985,"color":"rgb(31,119,180)"},{"description":"Unknown/Left Blank","count":11,"tested":578,"color":"rgb(44,160,44)"}]}
