{"age":[{"age_group":"<20","count":638,"tested":5418},{"age_group":"20-29   ","count":741,"tested":8157},{"age_group":"30-39   ","count":551,"tested":6943},{"age_group":"40-49   ","count":527,"tested":7530},{"age_group":"50-59   ","count":549,"tested":8347},{"age_group":"60-69   ","count":364,"tested":6384},{"age_group":"70-79   ","count":205,"tested":3806},{"age_group":"80+","count":116,"tested":2895}],"race":[{"description":"Left Blank","count":935,"tested":14574,"color":"rgb(44,160,44)"},{"description":"Other","count":137,"tested":1546,"color":"rgb(148,103,189)"},{"description":"Hispanic","count":171,"tested":1218,"color":"rgb(214,39,40)"},{"description":"Asian","count":26,"tested":585,"color":"rgb(140,86,75)"},{"description":"White","count":2110,"tested":26927,"color":"rgb(31,119,180)"},{"description":"Black","count":311,"tested":4525,"color":"rgb(255,127,14)"}],"gender":[{"description":"Male","count":1728,"tested":19106,"color":"rgb(31,119,180)"},{"description":"Female","count":1958,"tested":30029,"color":"rgb(255,127,14)"}]}
