{"lastUpdatedDate":{"year":2021,"month":2,"day":6},"county_demographics":[{"County":"Menard","confirmed_cases":993,"total_tested":14750,"demographics":{"age":[{"race":[],"age_group":"<20","count":143,"tested":2154,"deaths":0},{"race":[],"age_group":"20-29   ","count":139,"tested":2021,"deaths":0},{"race":[],"age_group":"30-39   ","count":133,"tested":2256,"deaths":0},{"race":[],"age_group":"40-49   ","count":144,"tested":1958,"deaths":0},{"race":[],"age_group":"50-59   ","count":175,"tested":2228,"deaths":0},{"race":[],"age_group":"60-69   ","count":103,"tested":1804,"deaths":0},{"race":[],"age_group":"70-79   ","count":75,"tested":1253,"deaths":0},{"race":[],"age_group":"80+","count":81,"tested":1075,"deaths":0},{"race":[],"age_group":"Unknown","count":0,"tested":0,"deaths":0}],"race":[{"description":"AI/AN**","count":0,"tested":9,"deaths":0,"color":"rgb(31,119,180)"},{"description":"Asian","count":0,"tested":10,"deaths":0,"color":"rgb(140,86,75)"},{"description":"Black","count":0,"tested":61,"deaths":0,"color":"rgb(255,127,14)"},{"description":"Hispanic","count":6,"tested":79,"deaths":0,"color":"rgb(214,39,40)"},{"description":"Left Blank","count":489,"tested":6339,"deaths":0,"color":"rgb(44,160,44)"},{"description":"NH/PI*","count":0,"tested":0,"deaths":0,"color":"rgb(127,127,127)"},{"description":"Other","count":0,"tested":136,"deaths":0,"color":"rgb(148,103,189)"},{"description":"White","count":488,"tested":8114,"deaths":0,"color":"rgb(31,119,180)"}],"gender":[{"description":"Female","count":469,"tested":8644,"deaths":0,"color":"rgb(255,127,14)"},{"description":"Male","count":394,"tested":5421,"deaths":0,"color":"rgb(31,119,180)"},{"description":"Unknown/Left Blank","count":130,"tested":685,"deaths":0,"color":"rgb(44,160,44)"}]}}]}
