{"lastUpdatedDate":{"year":2021,"month":2,"day":6},"county_demographics":[{"County":"Ford","confirmed_cases":1476,"total_tested":22326,"demographics":{"age":[{"race":[],"age_group":"<20","count":283,"tested":3280,"deaths":0},{"race":[],"age_group":"20-29   ","count":216,"tested":3384,"deaths":0},{"race":[],"age_group":"30-39   ","count":198,"tested":3107,"deaths":0},{"race":[],"age_group":"40-49   ","count":167,"tested":2728,"deaths":0},{"race":[],"age_group":"50-59   ","count":174,"tested":2872,"deaths":0},{"race":[],"age_group":"60-69   ","count":170,"tested":2815,"deaths":0},{"race":[],"age_group":"70-79   ","count":104,"tested":1628,"deaths":0},{"race":[],"age_group":"80+","count":164,"tested":2504,"deaths":0},{"race":[],"age_group":"Unknown","count":0,"tested":8,"deaths":0}],"race":[{"description":"AI/AN**","count":0,"tested":10,"deaths":0,"color":"rgb(31,119,180)"},{"description":"Asian","count":0,"tested":61,"deaths":0,"color":"rgb(140,86,75)"},{"description":"Black","count":0,"tested":139,"deaths":0,"color":"rgb(255,127,14)"},{"description":"Hispanic","count":40,"tested":286,"deaths":0,"color":"rgb(214,39,40)"},{"description":"Left Blank","count":237,"tested":6845,"deaths":0,"color":"rgb(44,160,44)"},{"description":"NH/PI*","count":0,"tested":10,"deaths":0,"color":"rgb(127,127,127)"},{"description":"Other","count":22,"tested":278,"deaths":0,"color":"rgb(148,103,189)"},{"description":"White","count":1162,"tested":14697,"deaths":0,"color":"rgb(31,119,180)"}],"gender":[{"description":"Female","count":807,"tested":13902,"deaths":0,"color":"rgb(255,127,14)"},{"description":"Male","count":635,"tested":7648,"deaths":0,"color":"rgb(31,119,180)"},{"description":"Unknown/Left Blank","count":34,"tested":776,"deaths":0,"color":"rgb(44,160,44)"}]}}]}
