{"lastUpdatedDate":{"year":2021,"month":2,"day":6},"county_demographics":[{"County":"Pulaski","confirmed_cases":655,"total_tested":4958,"demographics":{"age":[{"race":[],"age_group":"<20","count":89,"tested":519,"deaths":0},{"race":[],"age_group":"20-29   ","count":115,"tested":863,"deaths":0},{"race":[],"age_group":"30-39   ","count":110,"tested":988,"deaths":0},{"race":[],"age_group":"40-49   ","count":119,"tested":910,"deaths":0},{"race":[],"age_group":"50-59   ","count":74,"tested":805,"deaths":0},{"race":[],"age_group":"60-69   ","count":81,"tested":564,"deaths":0},{"race":[],"age_group":"70-79   ","count":34,"tested":204,"deaths":0},{"race":[],"age_group":"80+","count":17,"tested":105,"deaths":0}],"race":[{"description":"AI/AN**","count":0,"tested":0,"deaths":0,"color":"rgb(31,119,180)"},{"description":"Asian","count":0,"tested":7,"deaths":0,"color":"rgb(140,86,75)"},{"description":"Black","count":95,"tested":896,"deaths":0,"color":"rgb(255,127,14)"},{"description":"Hispanic","count":98,"tested":555,"deaths":0,"color":"rgb(214,39,40)"},{"description":"Left Blank","count":155,"tested":1528,"deaths":0,"color":"rgb(44,160,44)"},{"description":"NH/PI*","count":0,"tested":0,"deaths":0,"color":"rgb(127,127,127)"},{"description":"Other","count":0,"tested":65,"deaths":0,"color":"rgb(148,103,189)"},{"description":"White","count":304,"tested":1905,"deaths":0,"color":"rgb(31,119,180)"}],"gender":[{"description":"Female","count":297,"tested":2404,"deaths":0,"color":"rgb(255,127,14)"},{"description":"Male","count":326,"tested":2168,"deaths":0,"color":"rgb(31,119,180)"},{"description":"Unknown/Left Blank","count":32,"tested":386,"deaths":0,"color":"rgb(44,160,44)"}]}}]}
