{"lastUpdatedDate":{"year":2021,"month":2,"day":6},"county_demographics":[{"County":"Lawrence","confirmed_cases":2250,"total_tested":27594,"demographics":{"age":[{"race":[],"age_group":"<20","count":149,"tested":2077,"deaths":0},{"race":[],"age_group":"20-29   ","count":439,"tested":5765,"deaths":0},{"race":[],"age_group":"30-39   ","count":448,"tested":5777,"deaths":0},{"race":[],"age_group":"40-49   ","count":385,"tested":5129,"deaths":0},{"race":[],"age_group":"50-59   ","count":338,"tested":3672,"deaths":0},{"race":[],"age_group":"60-69   ","count":245,"tested":2432,"deaths":0},{"race":[],"age_group":"70-79   ","count":147,"tested":1325,"deaths":0},{"race":[],"age_group":"80+","count":98,"tested":1362,"deaths":0},{"race":[],"age_group":"Unknown","count":0,"tested":55,"deaths":0}],"race":[{"description":"AI/AN**","count":0,"tested":0,"deaths":0,"color":"rgb(31,119,180)"},{"description":"Asian","count":0,"tested":10,"deaths":0,"color":"rgb(140,86,75)"},{"description":"Black","count":362,"tested":1587,"deaths":0,"color":"rgb(255,127,14)"},{"description":"Hispanic","count":18,"tested":98,"deaths":0,"color":"rgb(214,39,40)"},{"description":"Left Blank","count":768,"tested":18438,"deaths":0,"color":"rgb(44,160,44)"},{"description":"NH/PI*","count":0,"tested":0,"deaths":0,"color":"rgb(127,127,127)"},{"description":"Other","count":6,"tested":62,"deaths":0,"color":"rgb(148,103,189)"},{"description":"White","count":1088,"tested":7396,"deaths":0,"color":"rgb(31,119,180)"}],"gender":[{"description":"Female","count":743,"tested":9098,"deaths":0,"color":"rgb(255,127,14)"},{"description":"Male","count":1204,"tested":11487,"deaths":0,"color":"rgb(31,119,180)"},{"description":"Unknown/Left Blank","count":300,"tested":7009,"deaths":0,"color":"rgb(44,160,44)"}]}}]}
