{"lastUpdatedDate":{"year":2021,"month":2,"day":6},"county_demographics":[{"County":"Bureau","confirmed_cases":3174,"total_tested":33250,"demographics":{"age":[{"race":[],"age_group":"<20","count":376,"tested":3523,"deaths":0},{"race":[],"age_group":"20-29   ","count":432,"tested":4734,"deaths":0},{"race":[],"age_group":"30-39   ","count":465,"tested":4965,"deaths":0},{"race":[],"age_group":"40-49   ","count":474,"tested":4679,"deaths":0},{"race":[],"age_group":"50-59   ","count":534,"tested":5531,"deaths":0},{"race":[],"age_group":"60-69   ","count":387,"tested":4617,"deaths":0},{"race":[],"age_group":"70-79   ","count":264,"tested":2408,"deaths":0},{"race":[],"age_group":"80+","count":242,"tested":2791,"deaths":0},{"race":[],"age_group":"Unknown","count":0,"tested":0,"deaths":0}],"race":[{"description":"AI/AN**","count":0,"tested":0,"deaths":0,"color":"rgb(31,119,180)"},{"description":"Asian","count":6,"tested":98,"deaths":0,"color":"rgb(140,86,75)"},{"description":"Black","count":7,"tested":146,"deaths":0,"color":"rgb(255,127,14)"},{"description":"Hispanic","count":234,"tested":847,"deaths":0,"color":"rgb(214,39,40)"},{"description":"Left Blank","count":1293,"tested":18341,"deaths":0,"color":"rgb(44,160,44)"},{"description":"NH/PI*","count":0,"tested":56,"deaths":0,"color":"rgb(127,127,127)"},{"description":"Other","count":65,"tested":299,"deaths":0,"color":"rgb(148,103,189)"},{"description":"White","count":1563,"tested":13461,"deaths":0,"color":"rgb(31,119,180)"}],"gender":[{"description":"Female","count":1694,"tested":20904,"deaths":0,"color":"rgb(255,127,14)"},{"description":"Male","count":1429,"tested":10305,"deaths":0,"color":"rgb(31,119,180)"},{"description":"Unknown/Left Blank","count":51,"tested":2041,"deaths":0,"color":"rgb(44,160,44)"}]}}]}
