{"lastUpdatedDate":{"year":2021,"month":2,"day":6},"county_demographics":[{"County":"Moultrie","confirmed_cases":1454,"total_tested":18847,"demographics":{"age":[{"race":[],"age_group":"<20","count":230,"tested":2850,"deaths":0},{"race":[],"age_group":"20-29   ","count":169,"tested":2869,"deaths":0},{"race":[],"age_group":"30-39   ","count":171,"tested":2551,"deaths":0},{"race":[],"age_group":"40-49   ","count":157,"tested":2520,"deaths":0},{"race":[],"age_group":"50-59   ","count":234,"tested":2711,"deaths":0},{"race":[],"age_group":"60-69   ","count":222,"tested":2355,"deaths":0},{"race":[],"age_group":"70-79   ","count":139,"tested":1505,"deaths":0},{"race":[],"age_group":"80+","count":132,"tested":1470,"deaths":0},{"race":[],"age_group":"Unknown","count":0,"tested":16,"deaths":0}],"race":[{"description":"AI/AN**","count":0,"tested":0,"deaths":0,"color":"rgb(31,119,180)"},{"description":"Asian","count":0,"tested":40,"deaths":0,"color":"rgb(140,86,75)"},{"description":"Black","count":14,"tested":179,"deaths":0,"color":"rgb(255,127,14)"},{"description":"Hispanic","count":10,"tested":79,"deaths":0,"color":"rgb(214,39,40)"},{"description":"Left Blank","count":386,"tested":6058,"deaths":0,"color":"rgb(44,160,44)"},{"description":"NH/PI*","count":0,"tested":17,"deaths":0,"color":"rgb(127,127,127)"},{"description":"Other","count":12,"tested":350,"deaths":0,"color":"rgb(148,103,189)"},{"description":"White","count":1030,"tested":12123,"deaths":0,"color":"rgb(31,119,180)"}],"gender":[{"description":"Female","count":758,"tested":12397,"deaths":0,"color":"rgb(255,127,14)"},{"description":"Male","count":668,"tested":5985,"deaths":0,"color":"rgb(31,119,180)"},{"description":"Unknown/Left Blank","count":28,"tested":465,"deaths":0,"color":"rgb(44,160,44)"}]}}]}
