{"age":[{"age_group":"<20","count":464,"tested":8912},{"age_group":"20-29   ","count":1549,"tested":31436},{"age_group":"30-39   ","count":1523,"tested":37443},{"age_group":"40-49   ","count":665,"tested":13294},{"age_group":"50-59   ","count":458,"tested":8625},{"age_group":"60-69   ","count":297,"tested":5833},{"age_group":"70-79   ","count":175,"tested":3123},{"age_group":"80+","count":142,"tested":2462}],"race":[{"description":"Asian","count":81,"tested":3434,"color":"rgb(140,86,75)"},{"description":"Black","count":270,"tested":4524,"color":"rgb(255,127,14)"},{"description":"Hispanic","count":1204,"tested":11501,"color":"rgb(214,39,40)"},{"description":"Left Blank","count":1697,"tested":48160,"color":"rgb(44,160,44)"},{"description":"Other","count":262,"tested":5439,"color":"rgb(148,103,189)"},{"description":"White","count":1753,"tested":38137,"color":"rgb(31,119,180)"}],"gender":[]}
