{"age":[{"age_group":"<20","count":463,"tested":6573},{"age_group":"20-29   ","count":397,"tested":5928},{"age_group":"30-39   ","count":405,"tested":6284},{"age_group":"40-49   ","count":471,"tested":6919},{"age_group":"50-59   ","count":506,"tested":7744},{"age_group":"60-69   ","count":275,"tested":6036},{"age_group":"70-79   ","count":151,"tested":4142},{"age_group":"80+","count":159,"tested":3933}],"race":[{"description":"Asian","count":171,"tested":2395,"color":"rgb(140,86,75)"},{"description":"Black","count":33,"tested":546,"color":"rgb(255,127,14)"},{"description":"Hispanic","count":361,"tested":3197,"color":"rgb(214,39,40)"},{"description":"Left Blank","count":693,"tested":21587,"color":"rgb(44,160,44)"},{"description":"NH/PI*","count":8,"tested":80,"color":"rgb(127,127,127)"},{"description":"Other","count":234,"tested":2332,"color":"rgb(148,103,189)"},{"description":"White","count":1324,"tested":17382,"color":"rgb(31,119,180)"}],"gender":[]}
