{"age":[{"age_group":"<20","count":356,"tested":6179},{"age_group":"20-29   ","count":819,"tested":19649},{"age_group":"30-39   ","count":831,"tested":18725},{"age_group":"40-49   ","count":559,"tested":12400},{"age_group":"50-59   ","count":532,"tested":12952},{"age_group":"60-69   ","count":412,"tested":12950},{"age_group":"70-79   ","count":196,"tested":7044},{"age_group":"80+","count":167,"tested":4557}],"race":[{"description":"Asian","count":527,"tested":9333,"color":"rgb(140,86,75)"},{"description":"Black","count":964,"tested":15766,"color":"rgb(255,127,14)"},{"description":"Hispanic","count":444,"tested":4535,"color":"rgb(214,39,40)"},{"description":"Left Blank","count":1126,"tested":48288,"color":"rgb(44,160,44)"},{"description":"Other","count":178,"tested":3493,"color":"rgb(148,103,189)"},{"description":"White","count":625,"tested":12882,"color":"rgb(31,119,180)"}],"gender":[]}
