{"age":[{"age_group":"<20","count":296,"tested":3950},{"age_group":"20-29   ","count":293,"tested":3841},{"age_group":"30-39   ","count":258,"tested":2979},{"age_group":"40-49   ","count":273,"tested":2936},{"age_group":"50-59   ","count":265,"tested":3651},{"age_group":"60-69   ","count":233,"tested":3367},{"age_group":"70-79   ","count":145,"tested":2792},{"age_group":"80+","count":140,"tested":6532}],"race":[{"description":"Asian","count":66,"tested":593,"color":"rgb(140,86,75)"},{"description":"Black","count":194,"tested":1484,"color":"rgb(255,127,14)"},{"description":"Hispanic","count":235,"tested":1082,"color":"rgb(214,39,40)"},{"description":"Left Blank","count":197,"tested":11196,"color":"rgb(44,160,44)"},{"description":"Other","count":18,"tested":872,"color":"rgb(148,103,189)"},{"description":"White","count":1190,"tested":14801,"color":"rgb(31,119,180)"}],"gender":[]}
