{"age":[{"age_group":"<20","count":20,"tested":223},{"age_group":"20-29   ","count":13,"tested":166},{"age_group":"30-39   ","count":7,"tested":140},{"age_group":"40-49   ","count":21,"tested":148},{"age_group":"50-59   ","count":12,"tested":158},{"age_group":"60-69   ","count":18,"tested":249},{"age_group":"70-79   ","count":7,"tested":126}],"race":[{"description":"Hispanic","count":22,"tested":124,"color":"rgb(214,39,40)"},{"description":"Left Blank","count":21,"tested":350,"color":"rgb(44,160,44)"},{"description":"White","count":52,"tested":747,"color":"rgb(31,119,180)"}],"gender":[]}
