{"age":[{"age_group":"<20","count":18,"tested":125},{"age_group":"20-29   ","count":7,"tested":104},{"age_group":"30-39   ","count":12,"tested":60},{"age_group":"40-49   ","count":14,"tested":75},{"age_group":"50-59   ","count":8,"tested":121},{"age_group":"60-69   ","count":6,"tested":90},{"age_group":"70-79   ","count":8,"tested":103}],"race":[{"description":"Left Blank","count":6,"tested":214,"color":"rgb(44,160,44)"},{"description":"White","count":67,"tested":429,"color":"rgb(31,119,180)"}],"gender":[]}
