{"age":[{"age_group":"<20","count":200,"tested":2194},{"age_group":"20-29   ","count":226,"tested":2288},{"age_group":"30-39   ","count":219,"tested":2166},{"age_group":"40-49   ","count":186,"tested":1837},{"age_group":"50-59   ","count":215,"tested":2224},{"age_group":"60-69   ","count":153,"tested":2030},{"age_group":"70-79   ","count":91,"tested":1470},{"age_group":"80+","count":61,"tested":1392}],"race":[{"description":"Asian","count":7,"tested":54,"color":"rgb(140,86,75)"},{"description":"Black","count":8,"tested":114,"color":"rgb(255,127,14)"},{"description":"Hispanic","count":184,"tested":1213,"color":"rgb(214,39,40)"},{"description":"Left Blank","count":268,"tested":5534,"color":"rgb(44,160,44)"},{"description":"Other","count":26,"tested":343,"color":"rgb(148,103,189)"},{"description":"White","count":857,"tested":8317,"color":"rgb(31,119,180)"}],"gender":[]}
