{"age":[{"age_group":"<20","count":55,"tested":471},{"age_group":"20-29   ","count":28,"tested":274},{"age_group":"30-39   ","count":39,"tested":343},{"age_group":"40-49   ","count":47,"tested":428},{"age_group":"50-59   ","count":37,"tested":436},{"age_group":"60-69   ","count":37,"tested":464},{"age_group":"70-79   ","count":24,"tested":288},{"age_group":"80+","count":7,"tested":141}],"race":[{"description":"Left Blank","count":66,"tested":885,"color":"rgb(44,160,44)"},{"description":"White","count":200,"tested":1879,"color":"rgb(31,119,180)"}],"gender":[]}
