{"age":[{"age_group":"<20","count":326,"tested":3441},{"age_group":"20-29   ","count":256,"tested":2807},{"age_group":"30-39   ","count":308,"tested":2975},{"age_group":"40-49   ","count":335,"tested":3267},{"age_group":"50-59   ","count":220,"tested":2499},{"age_group":"60-69   ","count":132,"tested":1825},{"age_group":"70-79   ","count":57,"tested":1285},{"age_group":"80+","count":17,"tested":1076}],"race":[{"description":"Asian","count":8,"tested":98,"color":"rgb(140,86,75)"},{"description":"Black","count":28,"tested":349,"color":"rgb(255,127,14)"},{"description":"Hispanic","count":187,"tested":1277,"color":"rgb(214,39,40)"},{"description":"Left Blank","count":470,"tested":6100,"color":"rgb(44,160,44)"},{"description":"Other","count":64,"tested":707,"color":"rgb(148,103,189)"},{"description":"White","count":894,"tested":10629,"color":"rgb(31,119,180)"}],"gender":[]}
