{"age":[{"age_group":"<20","count":1037,"tested":10065},{"age_group":"20-29   ","count":1081,"tested":11542},{"age_group":"30-39   ","count":873,"tested":9905},{"age_group":"40-49   ","count":1020,"tested":10695},{"age_group":"50-59   ","count":925,"tested":10492},{"age_group":"60-69   ","count":343,"tested":4521},{"age_group":"70-79   ","count":118,"tested":2221},{"age_group":"80+","count":52,"tested":840}],"race":[{"description":"AI/AN**","count":9,"tested":92,"color":"rgb(31,119,180)"},{"description":"Asian","count":67,"tested":1165,"color":"rgb(140,86,75)"},{"description":"Black","count":401,"tested":4526,"color":"rgb(255,127,14)"},{"description":"Hispanic","count":1039,"tested":7096,"color":"rgb(214,39,40)"},{"description":"Left Blank","count":1678,"tested":22524,"color":"rgb(44,160,44)"},{"description":"Other","count":210,"tested":2424,"color":"rgb(148,103,189)"},{"description":"White","count":2043,"tested":22376,"color":"rgb(31,119,180)"}],"gender":[]}
