{"age":[{"age_group":"<20","count":272,"tested":3430},{"age_group":"20-29   ","count":179,"tested":4178},{"age_group":"30-39   ","count":143,"tested":3578},{"age_group":"40-49   ","count":213,"tested":4003},{"age_group":"50-59   ","count":184,"tested":4578},{"age_group":"60-69   ","count":112,"tested":4258},{"age_group":"70-79   ","count":49,"tested":2968},{"age_group":"80+","count":89,"tested":4754}],"race":[{"description":"Asian","count":6,"tested":261,"color":"rgb(140,86,75)"},{"description":"Black","count":40,"tested":1152,"color":"rgb(255,127,14)"},{"description":"Hispanic","count":105,"tested":1379,"color":"rgb(214,39,40)"},{"description":"Left Blank","count":401,"tested":17589,"color":"rgb(44,160,44)"},{"description":"Other","count":54,"tested":673,"color":"rgb(148,103,189)"},{"description":"White","count":635,"tested":10629,"color":"rgb(31,119,180)"}],"gender":[]}
