{"age":[{"age_group":"<20","count":101,"tested":928},{"age_group":"20-29   ","count":179,"tested":1692},{"age_group":"30-39   ","count":188,"tested":1832},{"age_group":"40-49   ","count":182,"tested":2070},{"age_group":"50-59   ","count":253,"tested":2607},{"age_group":"60-69   ","count":160,"tested":1969},{"age_group":"70-79   ","count":58,"tested":1123},{"age_group":"80+","count":17,"tested":562}],"race":[{"description":"Hispanic","count":58,"tested":303,"color":"rgb(214,39,40)"},{"description":"White","count":192,"tested":1804,"color":"rgb(31,119,180)"},{"description":"Black","count":494,"tested":5055,"color":"rgb(255,127,14)"},{"description":"Other","count":28,"tested":247,"color":"rgb(148,103,189)"},{"description":"Left Blank","count":343,"tested":5309,"color":"rgb(44,160,44)"}],"gender":[{"description":"Female","count":605,"tested":7428,"color":"rgb(255,127,14)"},{"description":"Male","count":495,"tested":5007,"color":"rgb(31,119,180)"},{"description":"Unknown/Left Blank","count":13,"tested":365,"color":"rgb(44,160,44)"}]}
