{"age":[{"age_group":"<20","count":47,"tested":425},{"age_group":"20-29   ","count":78,"tested":791},{"age_group":"30-39   ","count":71,"tested":601},{"age_group":"40-49   ","count":69,"tested":592},{"age_group":"50-59   ","count":70,"tested":602},{"age_group":"60-69   ","count":59,"tested":572},{"age_group":"70-79   ","count":32,"tested":308},{"age_group":"80+","count":13,"tested":143}],"race":[{"description":"Left Blank","count":140,"tested":1506,"color":"rgb(44,160,44)"},{"description":"Other","count":18,"tested":140,"color":"rgb(148,103,189)"},{"description":"White","count":121,"tested":1372,"color":"rgb(31,119,180)"},{"description":"Black","count":80,"tested":698,"color":"rgb(255,127,14)"},{"description":"Hispanic","count":61,"tested":286,"color":"rgb(214,39,40)"}],"gender":[{"description":"Male","count":180,"tested":1680,"color":"rgb(31,119,180)"},{"description":"Female","count":222,"tested":2321,"color":"rgb(255,127,14)"}]}
