{"age":[{"age_group":"<20","count":23,"tested":245},{"age_group":"20-29   ","count":33,"tested":258},{"age_group":"30-39   ","count":23,"tested":248},{"age_group":"40-49   ","count":20,"tested":166},{"age_group":"50-59   ","count":35,"tested":254},{"age_group":"60-69   ","count":29,"tested":215},{"age_group":"70-79   ","count":10,"tested":186},{"age_group":"80+","count":9,"tested":193}],"race":[{"description":"White","count":135,"tested":1144,"color":"rgb(31,119,180)"},{"description":"Left Blank","count":37,"tested":580,"color":"rgb(44,160,44)"}],"gender":[{"description":"Female","count":90,"tested":1072,"color":"rgb(255,127,14)"},{"description":"Male","count":85,"tested":659,"color":"rgb(31,119,180)"}]}
