{"age":[{"age_group":"<20","count":28,"tested":328},{"age_group":"20-29   ","count":67,"tested":548},{"age_group":"30-39   ","count":39,"tested":474},{"age_group":"40-49   ","count":62,"tested":630},{"age_group":"50-59   ","count":52,"tested":725},{"age_group":"60-69   ","count":46,"tested":681},{"age_group":"70-79   ","count":27,"tested":381},{"age_group":"80+","count":8,"tested":203}],"race":[{"description":"Other","count":9,"tested":89,"color":"rgb(148,103,189)"},{"description":"Black","count":55,"tested":519,"color":"rgb(255,127,14)"},{"description":"White","count":129,"tested":1707,"color":"rgb(31,119,180)"},{"description":"Left Blank","count":95,"tested":1449,"color":"rgb(44,160,44)"},{"description":"Hispanic","count":32,"tested":147,"color":"rgb(214,39,40)"}],"gender":[{"description":"Female","count":156,"tested":2261,"color":"rgb(255,127,14)"},{"description":"Male","count":158,"tested":1664,"color":"rgb(31,119,180)"}]}
