{"age":[{"age_group":"<20","count":257,"tested":2278},{"age_group":"20-29   ","count":350,"tested":3772},{"age_group":"30-39   ","count":311,"tested":3185},{"age_group":"40-49   ","count":336,"tested":2572},{"age_group":"50-59   ","count":310,"tested":3425},{"age_group":"60-69   ","count":227,"tested":2616},{"age_group":"70-79   ","count":114,"tested":1343},{"age_group":"80+","count":119,"tested":1391}],"race":[{"description":"Hispanic","count":356,"tested":1272,"color":"rgb(214,39,40)"},{"description":"Left Blank","count":592,"tested":10276,"color":"rgb(44,160,44)"},{"description":"White","count":649,"tested":6351,"color":"rgb(31,119,180)"},{"description":"Asian","count":184,"tested":1230,"color":"rgb(140,86,75)"},{"description":"Black","count":104,"tested":820,"color":"rgb(255,127,14)"},{"description":"Other","count":83,"tested":597,"color":"rgb(148,103,189)"}],"gender":[{"description":"Female","count":955,"tested":11746,"color":"rgb(255,127,14)"},{"description":"Unknown/Left Blank","count":34,"tested":270,"color":"rgb(44,160,44)"},{"description":"Male","count":910,"tested":8568,"color":"rgb(31,119,180)"}]}
