{"age":[{"age_group":"20-29   ","count":14,"tested":141},{"age_group":"30-39   ","count":15,"tested":102},{"age_group":"40-49   ","count":12,"tested":117},{"age_group":"50-59   ","count":15,"tested":149},{"age_group":"60-69   ","count":7,"tested":99},{"age_group":"70-79   ","count":6,"tested":61}],"race":[{"description":"White","count":50,"tested":499,"color":"rgb(31,119,180)"},{"description":"Left Blank","count":17,"tested":234,"color":"rgb(44,160,44)"}],"gender":[{"description":"Male","count":39,"tested":367,"color":"rgb(31,119,180)"},{"description":"Female","count":36,"tested":444,"color":"rgb(255,127,14)"}]}
