{"age":[{"age_group":"<20","count":182,"tested":1438},{"age_group":"20-29   ","count":275,"tested":2518},{"age_group":"30-39   ","count":250,"tested":2758},{"age_group":"40-49   ","count":224,"tested":2178},{"age_group":"50-59   ","count":222,"tested":2120},{"age_group":"60-69   ","count":126,"tested":1767},{"age_group":"70-79   ","count":67,"tested":932},{"age_group":"80+","count":58,"tested":820}],"race":[{"description":"NH/PI*","count":15,"tested":35,"color":"rgb(127,127,127)"},{"description":"Left Blank","count":513,"tested":8861,"color":"rgb(44,160,44)"},{"description":"AI/AN**","count":23,"tested":10,"color":"rgb(31,119,180)"},{"description":"Hispanic","count":327,"tested":1237,"color":"rgb(214,39,40)"},{"description":"Other","count":55,"tested":372,"color":"rgb(148,103,189)"},{"description":"White","count":297,"tested":2583,"color":"rgb(31,119,180)"},{"description":"Asian","count":121,"tested":990,"color":"rgb(140,86,75)"},{"description":"Black","count":53,"tested":454,"color":"rgb(255,127,14)"}],"gender":[{"description":"Female","count":685,"tested":8183,"color":"rgb(255,127,14)"},{"description":"Male","count":653,"tested":5860,"color":"rgb(31,119,180)"},{"description":"Unknown/Left Blank","count":21,"tested":499,"color":"rgb(44,160,44)"}]}
