{"age":[{"age_group":"<20","count":332,"tested":1948},{"age_group":"20-29   ","count":503,"tested":3409},{"age_group":"30-39   ","count":474,"tested":2802},{"age_group":"40-49   ","count":453,"tested":2537},{"age_group":"50-59   ","count":360,"tested":2660},{"age_group":"60-69   ","count":281,"tested":2232},{"age_group":"70-79   ","count":129,"tested":1232},{"age_group":"80+","count":103,"tested":971}],"race":[{"description":"White","count":533,"tested":4253,"color":"rgb(31,119,180)"},{"description":"Left Blank","count":608,"tested":8509,"color":"rgb(44,160,44)"},{"description":"Other","count":137,"tested":830,"color":"rgb(148,103,189)"},{"description":"Black","count":76,"tested":385,"color":"rgb(255,127,14)"},{"description":"Hispanic","count":1086,"tested":3319,"color":"rgb(214,39,40)"},{"description":"Asian","count":111,"tested":463,"color":"rgb(140,86,75)"}],"gender":[{"description":"Female","count":1197,"tested":9757,"color":"rgb(255,127,14)"},{"description":"Male","count":1188,"tested":7862,"color":"rgb(31,119,180)"}]}
