{"age":[{"age_group":"<20","count":96,"tested":969},{"age_group":"20-29   ","count":120,"tested":995},{"age_group":"30-39   ","count":58,"tested":779},{"age_group":"40-49   ","count":116,"tested":978},{"age_group":"50-59   ","count":110,"tested":1323},{"age_group":"60-69   ","count":66,"tested":1365},{"age_group":"70-79   ","count":48,"tested":1855},{"age_group":"80+","count":79,"tested":2720}],"race":[{"description":"Asian","count":14,"tested":42,"color":"rgb(140,86,75)"},{"description":"Left Blank","count":182,"tested":1776,"color":"rgb(44,160,44)"},{"description":"White","count":418,"tested":8375,"color":"rgb(31,119,180)"},{"description":"Hispanic","count":25,"tested":200,"color":"rgb(214,39,40)"},{"description":"Black","count":23,"tested":378,"color":"rgb(255,127,14)"},{"description":"Other","count":17,"tested":210,"color":"rgb(148,103,189)"}],"gender":[{"description":"Female","count":338,"tested":4477,"color":"rgb(255,127,14)"},{"description":"Male","count":311,"tested":4586,"color":"rgb(31,119,180)"}]}
