{"age":[{"age_group":"<20","count":13,"tested":264},{"age_group":"20-29   ","count":57,"tested":1073},{"age_group":"30-39   ","count":43,"tested":976},{"age_group":"40-49   ","count":21,"tested":460},{"age_group":"50-59   ","count":13,"tested":448},{"age_group":"60-69   ","count":9,"tested":337},{"age_group":"70-79   ","count":9,"tested":206}],"race":[{"description":"Left Blank","count":62,"tested":2258,"color":"rgb(44,160,44)"},{"description":"White","count":44,"tested":764,"color":"rgb(31,119,180)"},{"description":"Black","count":19,"tested":434,"color":"rgb(255,127,14)"},{"description":"Hispanic","count":19,"tested":103,"color":"rgb(214,39,40)"},{"description":"Asian","count":11,"tested":191,"color":"rgb(140,86,75)"}],"gender":[{"description":"Male","count":83,"tested":2269,"color":"rgb(31,119,180)"},{"description":"Female","count":67,"tested":1558,"color":"rgb(255,127,14)"}]}
