{"age":[{"age_group":"<20","count":280,"tested":2915},{"age_group":"20-29   ","count":498,"tested":5045},{"age_group":"30-39   ","count":488,"tested":5986},{"age_group":"40-49   ","count":405,"tested":4505},{"age_group":"50-59   ","count":390,"tested":4159},{"age_group":"60-69   ","count":270,"tested":3509},{"age_group":"70-79   ","count":142,"tested":1882},{"age_group":"80+","count":139,"tested":1319}],"race":[{"description":"Other","count":175,"tested":1585,"color":"rgb(148,103,189)"},{"description":"White","count":803,"tested":10034,"color":"rgb(31,119,180)"},{"description":"Left Blank","count":484,"tested":10139,"color":"rgb(44,160,44)"},{"description":"Hispanic","count":821,"tested":5358,"color":"rgb(214,39,40)"},{"description":"Asian","count":202,"tested":1649,"color":"rgb(140,86,75)"},{"description":"Black","count":62,"tested":397,"color":"rgb(255,127,14)"},{"description":"NH/PI*","count":38,"tested":135,"color":"rgb(127,127,127)"},{"description":"AI/AN**","count":27,"tested":26,"color":"rgb(31,119,180)"}],"gender":[{"description":"Male","count":1243,"tested":13060,"color":"rgb(31,119,180)"},{"description":"Unknown/Left Blank","count":28,"tested":528,"color":"rgb(44,160,44)"},{"description":"Female","count":1251,"tested":15735,"color":"rgb(255,127,14)"}]}
