{"age":[{"age_group":"<20","count":124,"tested":1510},{"age_group":"20-29   ","count":137,"tested":1508},{"age_group":"30-39   ","count":118,"tested":1193},{"age_group":"40-49   ","count":140,"tested":1137},{"age_group":"50-59   ","count":136,"tested":1401},{"age_group":"60-69   ","count":121,"tested":1375},{"age_group":"70-79   ","count":84,"tested":1124},{"age_group":"80+","count":52,"tested":1525}],"race":[{"description":"Other","count":16,"tested":175,"color":"rgb(148,103,189)"},{"description":"Hispanic","count":116,"tested":468,"color":"rgb(214,39,40)"},{"description":"White","count":450,"tested":5089,"color":"rgb(31,119,180)"},{"description":"Left Blank","count":199,"tested":4212,"color":"rgb(44,160,44)"},{"description":"Asian","count":32,"tested":234,"color":"rgb(140,86,75)"},{"description":"Black","count":84,"tested":590,"color":"rgb(255,127,14)"}],"gender":[{"description":"Female","count":468,"tested":6211,"color":"rgb(255,127,14)"},{"description":"Male","count":397,"tested":4227,"color":"rgb(31,119,180)"}]}
