{"age":[{"age_group":"<20","count":17,"tested":176},{"age_group":"20-29   ","count":19,"tested":189},{"age_group":"30-39   ","count":16,"tested":142},{"age_group":"40-49   ","count":26,"tested":187},{"age_group":"50-59   ","count":26,"tested":278},{"age_group":"60-69   ","count":12,"tested":221},{"age_group":"70-79   ","count":9,"tested":140},{"age_group":"80+","count":7,"tested":83}],"race":[{"description":"White","count":82,"tested":1034,"color":"rgb(31,119,180)"},{"description":"Left Blank","count":37,"tested":312,"color":"rgb(44,160,44)"}],"gender":[{"description":"Female","count":62,"tested":815,"color":"rgb(255,127,14)"},{"description":"Male","count":63,"tested":585,"color":"rgb(31,119,180)"}]}
