{"age":[{"age_group":"<20","count":40,"tested":294},{"age_group":"20-29   ","count":97,"tested":873},{"age_group":"30-39   ","count":71,"tested":858},{"age_group":"40-49   ","count":93,"tested":948},{"age_group":"50-59   ","count":70,"tested":891},{"age_group":"60-69   ","count":51,"tested":989},{"age_group":"70-79   ","count":22,"tested":611},{"age_group":"80+","count":22,"tested":516}],"race":[{"description":"Black","count":133,"tested":1289,"color":"rgb(255,127,14)"},{"description":"White","count":49,"tested":568,"color":"rgb(31,119,180)"},{"description":"Asian","count":12,"tested":55,"color":"rgb(140,86,75)"},{"description":"Hispanic","count":150,"tested":657,"color":"rgb(214,39,40)"},{"description":"Left Blank","count":103,"tested":3218,"color":"rgb(44,160,44)"},{"description":"Other","count":15,"tested":205,"color":"rgb(148,103,189)"}],"gender":[{"description":"Female","count":231,"tested":3107,"color":"rgb(255,127,14)"},{"description":"Male","count":214,"tested":2462,"color":"rgb(31,119,180)"},{"description":"Unknown/Left Blank","count":11,"tested":424,"color":"rgb(44,160,44)"}]}
