{"age":[{"age_group":"30-39   ","count":10,"tested":44},{"age_group":"40-49   ","count":6,"tested":54},{"age_group":"50-59   ","count":8,"tested":47},{"age_group":"60-69   ","count":7,"tested":36}],"race":[{"description":"White","count":26,"tested":117,"color":"rgb(31,119,180)"},{"description":"Left Blank","count":13,"tested":172,"color":"rgb(44,160,44)"}],"gender":[{"description":"Male","count":19,"tested":138,"color":"rgb(31,119,180)"},{"description":"Female","count":21,"tested":154,"color":"rgb(255,127,14)"}]}
