{"age":[{"age_group":"<20","count":130,"tested":1292},{"age_group":"20-29   ","count":175,"tested":1629},{"age_group":"30-39   ","count":165,"tested":1584},{"age_group":"40-49   ","count":155,"tested":1503},{"age_group":"50-59   ","count":162,"tested":1488},{"age_group":"60-69   ","count":94,"tested":1515},{"age_group":"70-79   ","count":35,"tested":714},{"age_group":"80+","count":41,"tested":667}],"race":[{"description":"White","count":562,"tested":5680,"color":"rgb(31,119,180)"},{"description":"Left Blank","count":267,"tested":3907,"color":"rgb(44,160,44)"},{"description":"Hispanic","count":25,"tested":141,"color":"rgb(214,39,40)"},{"description":"Other","count":37,"tested":173,"color":"rgb(148,103,189)"},{"description":"Black","count":44,"tested":441,"color":"rgb(255,127,14)"},{"description":"Asian","count":12,"tested":49,"color":"rgb(140,86,75)"}],"gender":[{"description":"Male","count":501,"tested":4138,"color":"rgb(31,119,180)"},{"description":"Unknown/Left Blank","count":21,"tested":956,"color":"rgb(44,160,44)"},{"description":"Female","count":410,"tested":5298,"color":"rgb(255,127,14)"}]}
