{"age":[{"age_group":"<20","count":17,"tested":109},{"age_group":"20-29   ","count":18,"tested":202},{"age_group":"30-39   ","count":24,"tested":183},{"age_group":"40-49   ","count":21,"tested":197},{"age_group":"50-59   ","count":19,"tested":208},{"age_group":"60-69   ","count":15,"tested":231}],"race":[{"description":"Hispanic","count":22,"tested":113,"color":"rgb(214,39,40)"},{"description":"Black","count":15,"tested":166,"color":"rgb(255,127,14)"},{"description":"White","count":49,"tested":467,"color":"rgb(31,119,180)"},{"description":"Left Blank","count":34,"tested":558,"color":"rgb(44,160,44)"}],"gender":[{"description":"Female","count":59,"tested":685,"color":"rgb(255,127,14)"},{"description":"Male","count":63,"tested":629,"color":"rgb(31,119,180)"}]}
