{"age":[{"age_group":"<20","count":61,"tested":418},{"age_group":"20-29   ","count":61,"tested":961},{"age_group":"30-39   ","count":48,"tested":798},{"age_group":"40-49   ","count":62,"tested":1065},{"age_group":"50-59   ","count":59,"tested":784},{"age_group":"60-69   ","count":70,"tested":1092},{"age_group":"70-79   ","count":83,"tested":1214},{"age_group":"80+","count":110,"tested":1134}],"race":[{"description":"Black","count":29,"tested":68,"color":"rgb(255,127,14)"},{"description":"Asian","count":56,"tested":411,"color":"rgb(140,86,75)"},{"description":"Hispanic","count":39,"tested":107,"color":"rgb(214,39,40)"},{"description":"White","count":199,"tested":2022,"color":"rgb(31,119,180)"},{"description":"Other","count":44,"tested":353,"color":"rgb(148,103,189)"},{"description":"Left Blank","count":145,"tested":4488,"color":"rgb(44,160,44)"}],"gender":[{"description":"Male","count":191,"tested":3073,"color":"rgb(31,119,180)"},{"description":"Female","count":237,"tested":4368,"color":"rgb(255,127,14)"}]}
