{"age":[{"age_group":"<20","count":66,"tested":542},{"age_group":"20-29   ","count":100,"tested":862},{"age_group":"30-39   ","count":97,"tested":898},{"age_group":"40-49   ","count":89,"tested":717},{"age_group":"50-59   ","count":64,"tested":807},{"age_group":"60-69   ","count":73,"tested":689},{"age_group":"70-79   ","count":19,"tested":338},{"age_group":"80+","count":17,"tested":263}],"race":[{"description":"Other","count":22,"tested":233,"color":"rgb(148,103,189)"},{"description":"Left Blank","count":119,"tested":1480,"color":"rgb(44,160,44)"},{"description":"White","count":197,"tested":2177,"color":"rgb(31,119,180)"},{"description":"Black","count":17,"tested":58,"color":"rgb(255,127,14)"},{"description":"Hispanic","count":144,"tested":1080,"color":"rgb(214,39,40)"},{"description":"Asian","count":12,"tested":72,"color":"rgb(140,86,75)"}],"gender":[{"description":"Male","count":234,"tested":2291,"color":"rgb(31,119,180)"},{"description":"Female","count":255,"tested":2738,"color":"rgb(255,127,14)"}]}
