{"age":[{"age_group":"<20","count":19,"tested":212},{"age_group":"20-29   ","count":21,"tested":168},{"age_group":"30-39   ","count":15,"tested":142},{"age_group":"40-49   ","count":22,"tested":119},{"age_group":"50-59   ","count":17,"tested":208},{"age_group":"60-69   ","count":11,"tested":92}],"race":[{"description":"Left Blank","count":22,"tested":348,"color":"rgb(44,160,44)"},{"description":"White","count":66,"tested":648,"color":"rgb(31,119,180)"}],"gender":[{"description":"Female","count":42,"tested":684,"color":"rgb(255,127,14)"},{"description":"Male","count":50,"tested":326,"color":"rgb(31,119,180)"}]}
