{"age":[{"age_group":"<20","count":186,"tested":1441},{"age_group":"20-29   ","count":237,"tested":2042},{"age_group":"30-39   ","count":233,"tested":2088},{"age_group":"40-49   ","count":226,"tested":1934},{"age_group":"50-59   ","count":198,"tested":1750},{"age_group":"60-69   ","count":108,"tested":1349},{"age_group":"70-79   ","count":43,"tested":786},{"age_group":"80+","count":27,"tested":482}],"race":[{"description":"Left Blank","count":409,"tested":4623,"color":"rgb(44,160,44)"},{"description":"Other","count":46,"tested":531,"color":"rgb(148,103,189)"},{"description":"Asian","count":39,"tested":173,"color":"rgb(140,86,75)"},{"description":"Black","count":130,"tested":981,"color":"rgb(255,127,14)"},{"description":"Hispanic","count":238,"tested":1069,"color":"rgb(214,39,40)"},{"description":"White","count":361,"tested":4478,"color":"rgb(31,119,180)"},{"description":"AI/AN**","count":21,"tested":14,"color":"rgb(31,119,180)"}],"gender":[{"description":"Female","count":630,"tested":6804,"color":"rgb(255,127,14)"},{"description":"Male","count":529,"tested":4926,"color":"rgb(31,119,180)"},{"description":"Unknown/Left Blank","count":29,"tested":148,"color":"rgb(44,160,44)"}]}
