{"lastUpdatedDate":{"year":2020,"month":12,"day":7},"county_demographics":[{"County":"Perry","confirmed_cases":1276,"total_tested":12934,"demographics":{"age":[{"race":[],"age_group":"<20","count":166,"tested":1547,"deaths":0},{"race":[],"age_group":"20-29   ","count":171,"tested":1855,"deaths":0},{"race":[],"age_group":"30-39   ","count":182,"tested":1715,"deaths":0},{"race":[],"age_group":"40-49   ","count":163,"tested":1743,"deaths":0},{"race":[],"age_group":"50-59   ","count":190,"tested":1779,"deaths":0},{"race":[],"age_group":"60-69   ","count":152,"tested":1568,"deaths":0},{"race":[],"age_group":"70-79   ","count":97,"tested":1278,"deaths":0},{"race":[],"age_group":"80+","count":138,"tested":1445,"deaths":0},{"race":[],"age_group":"Unknown","count":0,"tested":0,"deaths":0}],"race":[{"description":"AI/AN**","count":0,"tested":0,"deaths":0,"color":"rgb(31,119,180)"},{"description":"Asian","count":0,"tested":21,"deaths":0,"color":"rgb(140,86,75)"},{"description":"Black","count":25,"tested":280,"deaths":0,"color":"rgb(255,127,14)"},{"description":"Hispanic","count":16,"tested":93,"deaths":0,"color":"rgb(214,39,40)"},{"description":"Left Blank","count":273,"tested":4915,"deaths":0,"color":"rgb(44,160,44)"},{"description":"NH/PI*","count":0,"tested":0,"deaths":0,"color":"rgb(127,127,127)"},{"description":"Other","count":9,"tested":118,"deaths":0,"color":"rgb(148,103,189)"},{"description":"White","count":943,"tested":7502,"deaths":0,"color":"rgb(31,119,180)"}],"gender":[{"description":"Female","count":728,"tested":7698,"deaths":0,"color":"rgb(255,127,14)"},{"description":"Male","count":519,"tested":4465,"deaths":0,"color":"rgb(31,119,180)"},{"description":"Unknown/Left Blank","count":29,"tested":771,"deaths":0,"color":"rgb(44,160,44)"}]}}]}
