{"lastUpdatedDate":{"year":2020,"month":12,"day":7},"county_demographics":[{"County":"McLean","confirmed_cases":9394,"total_tested":156086,"demographics":{"age":[{"race":[],"age_group":"<20","count":1830,"tested":30186,"deaths":0},{"race":[],"age_group":"20-29   ","count":3063,"tested":42060,"deaths":0},{"race":[],"age_group":"30-39   ","count":1123,"tested":20447,"deaths":0},{"race":[],"age_group":"40-49   ","count":1059,"tested":17092,"deaths":0},{"race":[],"age_group":"50-59   ","count":1000,"tested":16964,"deaths":0},{"race":[],"age_group":"60-69   ","count":692,"tested":13623,"deaths":0},{"race":[],"age_group":"70-79   ","count":375,"tested":7970,"deaths":0},{"race":[],"age_group":"80+","count":250,"tested":7722,"deaths":0},{"race":[],"age_group":"Unknown","count":0,"tested":22,"deaths":0}],"race":[{"description":"AI/AN**","count":0,"tested":59,"deaths":0,"color":"rgb(31,119,180)"},{"description":"Asian","count":74,"tested":636,"deaths":0,"color":"rgb(140,86,75)"},{"description":"Black","count":514,"tested":3489,"deaths":0,"color":"rgb(255,127,14)"},{"description":"Hispanic","count":354,"tested":977,"deaths":0,"color":"rgb(214,39,40)"},{"description":"Left Blank","count":4616,"tested":118230,"deaths":0,"color":"rgb(44,160,44)"},{"description":"NH/PI*","count":0,"tested":27,"deaths":0,"color":"rgb(127,127,127)"},{"description":"Other","count":106,"tested":1381,"deaths":0,"color":"rgb(148,103,189)"},{"description":"White","count":3721,"tested":31287,"deaths":0,"color":"rgb(31,119,180)"}],"gender":[{"description":"Female","count":4858,"tested":81370,"deaths":0,"color":"rgb(255,127,14)"},{"description":"Male","count":4179,"tested":58283,"deaths":0,"color":"rgb(31,119,180)"},{"description":"Unknown/Left Blank","count":357,"tested":16433,"deaths":0,"color":"rgb(44,160,44)"}]}}]}
