{"lastUpdatedDate":{"year":2020,"month":12,"day":7},"county_demographics":[{"County":"White","confirmed_cases":712,"total_tested":11886,"demographics":{"age":[{"race":[],"age_group":"<20","count":83,"tested":1228,"deaths":0},{"race":[],"age_group":"20-29   ","count":89,"tested":1648,"deaths":0},{"race":[],"age_group":"30-39   ","count":87,"tested":1517,"deaths":0},{"race":[],"age_group":"40-49   ","count":88,"tested":1458,"deaths":0},{"race":[],"age_group":"50-59   ","count":102,"tested":1385,"deaths":0},{"race":[],"age_group":"60-69   ","count":117,"tested":1398,"deaths":0},{"race":[],"age_group":"70-79   ","count":71,"tested":1001,"deaths":0},{"race":[],"age_group":"80+","count":51,"tested":2245,"deaths":0},{"race":[],"age_group":"Unknown","count":0,"tested":6,"deaths":0}],"race":[{"description":"Asian","count":0,"tested":14,"deaths":0,"color":"rgb(140,86,75)"},{"description":"Black","count":0,"tested":7,"deaths":0,"color":"rgb(255,127,14)"},{"description":"Hispanic","count":0,"tested":16,"deaths":0,"color":"rgb(214,39,40)"},{"description":"Left Blank","count":225,"tested":8238,"deaths":0,"color":"rgb(44,160,44)"},{"description":"NH/PI*","count":0,"tested":0,"deaths":0,"color":"rgb(127,127,127)"},{"description":"Other","count":0,"tested":46,"deaths":0,"color":"rgb(148,103,189)"},{"description":"White","count":474,"tested":3563,"deaths":0,"color":"rgb(31,119,180)"}],"gender":[{"description":"Female","count":371,"tested":8660,"deaths":0,"color":"rgb(255,127,14)"},{"description":"Male","count":282,"tested":2837,"deaths":0,"color":"rgb(31,119,180)"},{"description":"Unknown/Left Blank","count":59,"tested":389,"deaths":0,"color":"rgb(44,160,44)"}]}}]}
