{"lastUpdatedDate":{"year":2020,"month":12,"day":7},"county_demographics":[{"County":"Henderson","confirmed_cases":330,"total_tested":3656,"demographics":{"age":[{"race":[],"age_group":"<20","count":25,"tested":458,"deaths":0},{"race":[],"age_group":"20-29   ","count":44,"tested":411,"deaths":0},{"race":[],"age_group":"30-39   ","count":35,"tested":514,"deaths":0},{"race":[],"age_group":"40-49   ","count":45,"tested":491,"deaths":0},{"race":[],"age_group":"50-59   ","count":56,"tested":507,"deaths":0},{"race":[],"age_group":"60-69   ","count":62,"tested":464,"deaths":0},{"race":[],"age_group":"70-79   ","count":23,"tested":358,"deaths":0},{"race":[],"age_group":"80+","count":29,"tested":453,"deaths":0}],"race":[{"description":"AI/AN**","count":0,"tested":0,"deaths":0,"color":"rgb(31,119,180)"},{"description":"Hispanic","count":0,"tested":12,"deaths":0,"color":"rgb(214,39,40)"},{"description":"Left Blank","count":120,"tested":1369,"deaths":0,"color":"rgb(44,160,44)"},{"description":"Other","count":0,"tested":20,"deaths":0,"color":"rgb(148,103,189)"},{"description":"White","count":206,"tested":2251,"deaths":0,"color":"rgb(31,119,180)"}],"gender":[{"description":"Female","count":185,"tested":2444,"deaths":0,"color":"rgb(255,127,14)"},{"description":"Male","count":133,"tested":1071,"deaths":0,"color":"rgb(31,119,180)"},{"description":"Unknown/Left Blank","count":10,"tested":141,"deaths":0,"color":"rgb(44,160,44)"}]}}]}
