{"lastUpdatedDate":{"year":2020,"month":12,"day":7},"county_demographics":[{"County":"Cass","confirmed_cases":1122,"total_tested":9599,"demographics":{"age":[{"race":[],"age_group":"<20","count":175,"tested":1510,"deaths":0},{"race":[],"age_group":"20-29   ","count":206,"tested":1503,"deaths":0},{"race":[],"age_group":"30-39   ","count":187,"tested":1398,"deaths":0},{"race":[],"age_group":"40-49   ","count":145,"tested":1221,"deaths":0},{"race":[],"age_group":"50-59   ","count":149,"tested":1341,"deaths":0},{"race":[],"age_group":"60-69   ","count":112,"tested":1094,"deaths":0},{"race":[],"age_group":"70-79   ","count":70,"tested":739,"deaths":0},{"race":[],"age_group":"80+","count":78,"tested":791,"deaths":0},{"race":[],"age_group":"Unknown","count":0,"tested":0,"deaths":0}],"race":[{"description":"AI/AN**","count":0,"tested":8,"deaths":0,"color":"rgb(31,119,180)"},{"description":"Asian","count":6,"tested":25,"deaths":0,"color":"rgb(140,86,75)"},{"description":"Black","count":41,"tested":299,"deaths":0,"color":"rgb(255,127,14)"},{"description":"Hispanic","count":332,"tested":1329,"deaths":0,"color":"rgb(214,39,40)"},{"description":"Left Blank","count":158,"tested":2837,"deaths":0,"color":"rgb(44,160,44)"},{"description":"NH/PI*","count":0,"tested":0,"deaths":0,"color":"rgb(127,127,127)"},{"description":"Other","count":0,"tested":137,"deaths":0,"color":"rgb(148,103,189)"},{"description":"White","count":574,"tested":4959,"deaths":0,"color":"rgb(31,119,180)"}],"gender":[{"description":"Female","count":611,"tested":5756,"deaths":0,"color":"rgb(255,127,14)"},{"description":"Male","count":469,"tested":3618,"deaths":0,"color":"rgb(31,119,180)"},{"description":"Unknown/Left Blank","count":42,"tested":225,"deaths":0,"color":"rgb(44,160,44)"}]}}]}
