{"lastUpdatedDate":{"year":2020,"month":12,"day":7},"county_demographics":[{"County":"Montgomery","confirmed_cases":1325,"total_tested":26286,"demographics":{"age":[{"race":[],"age_group":"<20","count":139,"tested":2677,"deaths":0},{"race":[],"age_group":"20-29   ","count":185,"tested":3504,"deaths":0},{"race":[],"age_group":"30-39   ","count":223,"tested":3500,"deaths":0},{"race":[],"age_group":"40-49   ","count":198,"tested":3080,"deaths":0},{"race":[],"age_group":"50-59   ","count":212,"tested":3847,"deaths":0},{"race":[],"age_group":"60-69   ","count":188,"tested":3928,"deaths":0},{"race":[],"age_group":"70-79   ","count":92,"tested":2354,"deaths":0},{"race":[],"age_group":"80+","count":78,"tested":3386,"deaths":0},{"race":[],"age_group":"Unknown","count":0,"tested":10,"deaths":0}],"race":[{"description":"AI/AN**","count":0,"tested":0,"deaths":0,"color":"rgb(31,119,180)"},{"description":"Asian","count":0,"tested":31,"deaths":0,"color":"rgb(140,86,75)"},{"description":"Black","count":33,"tested":471,"deaths":0,"color":"rgb(255,127,14)"},{"description":"Hispanic","count":0,"tested":72,"deaths":0,"color":"rgb(214,39,40)"},{"description":"Left Blank","count":694,"tested":14808,"deaths":0,"color":"rgb(44,160,44)"},{"description":"NH/PI*","count":0,"tested":13,"deaths":0,"color":"rgb(127,127,127)"},{"description":"Other","count":12,"tested":172,"deaths":0,"color":"rgb(148,103,189)"},{"description":"White","count":576,"tested":10719,"deaths":0,"color":"rgb(31,119,180)"}],"gender":[{"description":"Female","count":621,"tested":15740,"deaths":0,"color":"rgb(255,127,14)"},{"description":"Male","count":664,"tested":9941,"deaths":0,"color":"rgb(31,119,180)"},{"description":"Unknown/Left Blank","count":38,"tested":605,"deaths":0,"color":"rgb(44,160,44)"}]}}]}
