{"lastUpdatedDate":{"year":2020,"month":12,"day":7},"county_demographics":[{"County":"Madison","confirmed_cases":16348,"total_tested":158362,"demographics":{"age":[{"race":[],"age_group":"<20","count":2294,"tested":19623,"deaths":0},{"race":[],"age_group":"20-29   ","count":2898,"tested":25683,"deaths":0},{"race":[],"age_group":"30-39   ","count":2519,"tested":23777,"deaths":0},{"race":[],"age_group":"40-49   ","count":2331,"tested":20509,"deaths":0},{"race":[],"age_group":"50-59   ","count":2427,"tested":21846,"deaths":0},{"race":[],"age_group":"60-69   ","count":1928,"tested":19824,"deaths":0},{"race":[],"age_group":"70-79   ","count":1105,"tested":12364,"deaths":0},{"race":[],"age_group":"80+","count":843,"tested":14514,"deaths":0},{"race":[],"age_group":"Unknown","count":0,"tested":222,"deaths":0}],"race":[{"description":"AI/AN**","count":10,"tested":80,"deaths":0,"color":"rgb(31,119,180)"},{"description":"Asian","count":50,"tested":443,"deaths":0,"color":"rgb(140,86,75)"},{"description":"Black","count":1067,"tested":6756,"deaths":0,"color":"rgb(255,127,14)"},{"description":"Hispanic","count":336,"tested":1547,"deaths":0,"color":"rgb(214,39,40)"},{"description":"Left Blank","count":5908,"tested":77611,"deaths":0,"color":"rgb(44,160,44)"},{"description":"NH/PI*","count":0,"tested":59,"deaths":0,"color":"rgb(127,127,127)"},{"description":"Other","count":777,"tested":7863,"deaths":0,"color":"rgb(148,103,189)"},{"description":"White","count":8190,"tested":64003,"deaths":0,"color":"rgb(31,119,180)"}],"gender":[{"description":"Female","count":8754,"tested":94952,"deaths":0,"color":"rgb(255,127,14)"},{"description":"Male","count":7081,"tested":59735,"deaths":0,"color":"rgb(31,119,180)"},{"description":"Unknown/Left Blank","count":513,"tested":3675,"deaths":0,"color":"rgb(44,160,44)"}]}}]}
