{"lastUpdatedDate":{"year":2020,"month":12,"day":7},"county_demographics":[{"County":"Union","confirmed_cases":1320,"total_tested":15314,"demographics":{"age":[{"race":[],"age_group":"<20","count":156,"tested":1425,"deaths":0},{"race":[],"age_group":"20-29   ","count":211,"tested":2248,"deaths":0},{"race":[],"age_group":"30-39   ","count":183,"tested":2240,"deaths":0},{"race":[],"age_group":"40-49   ","count":190,"tested":2247,"deaths":0},{"race":[],"age_group":"50-59   ","count":215,"tested":2561,"deaths":0},{"race":[],"age_group":"60-69   ","count":160,"tested":1968,"deaths":0},{"race":[],"age_group":"70-79   ","count":112,"tested":1227,"deaths":0},{"race":[],"age_group":"80+","count":77,"tested":1393,"deaths":0},{"race":[],"age_group":"Unknown","count":0,"tested":0,"deaths":0}],"race":[{"description":"AI/AN**","count":0,"tested":0,"deaths":0,"color":"rgb(31,119,180)"},{"description":"Asian","count":0,"tested":33,"deaths":0,"color":"rgb(140,86,75)"},{"description":"Black","count":49,"tested":453,"deaths":0,"color":"rgb(255,127,14)"},{"description":"Hispanic","count":71,"tested":356,"deaths":0,"color":"rgb(214,39,40)"},{"description":"Left Blank","count":187,"tested":4004,"deaths":0,"color":"rgb(44,160,44)"},{"description":"NH/PI*","count":0,"tested":17,"deaths":0,"color":"rgb(127,127,127)"},{"description":"Other","count":7,"tested":109,"deaths":0,"color":"rgb(148,103,189)"},{"description":"White","count":999,"tested":10341,"deaths":0,"color":"rgb(31,119,180)"}],"gender":[{"description":"Female","count":639,"tested":8164,"deaths":0,"color":"rgb(255,127,14)"},{"description":"Male","count":631,"tested":6372,"deaths":0,"color":"rgb(31,119,180)"},{"description":"Unknown/Left Blank","count":50,"tested":778,"deaths":0,"color":"rgb(44,160,44)"}]}}]}
