{"age":[{"age_group":"<20","count":507,"tested":5523},{"age_group":"20-29   ","count":743,"tested":9587},{"age_group":"30-39   ","count":765,"tested":9929},{"age_group":"40-49   ","count":756,"tested":10724},{"age_group":"50-59   ","count":772,"tested":13017},{"age_group":"60-69   ","count":586,"tested":10832},{"age_group":"70-79   ","count":339,"tested":5545},{"age_group":"80+","count":218,"tested":3174}],"race":[{"description":"Hispanic","count":129,"tested":841,"color":"rgb(214,39,40)"},{"description":"White","count":81,"tested":812,"color":"rgb(31,119,180)"},{"description":"Asian","count":8,"tested":68,"color":"rgb(140,86,75)"},{"description":"Black","count":3059,"tested":36119,"color":"rgb(255,127,14)"},{"description":"Left Blank","count":1276,"tested":29318,"color":"rgb(44,160,44)"},{"description":"Other","count":127,"tested":1049,"color":"rgb(148,103,189)"},{"description":"AI/AN**","count":7,"tested":39,"color":"rgb(31,119,180)"}],"gender":[{"description":"Female","count":2671,"tested":38544,"color":"rgb(255,127,14)"},{"description":"Unknown/Left Blank","count":55,"tested":1742,"color":"rgb(44,160,44)"},{"description":"Male","count":1961,"tested":28064,"color":"rgb(31,119,180)"}]}
