{"age":[{"age_group":"<20","count":50,"tested":428},{"age_group":"20-29   ","count":41,"tested":248},{"age_group":"30-39   ","count":33,"tested":267},{"age_group":"40-49   ","count":43,"tested":333},{"age_group":"50-59   ","count":47,"tested":388},{"age_group":"60-69   ","count":45,"tested":299},{"age_group":"70-79   ","count":23,"tested":120},{"age_group":"80+","count":7,"tested":82}],"race":[{"description":"Hispanic","count":13,"tested":50,"color":"rgb(214,39,40)"},{"description":"Left Blank","count":125,"tested":791,"color":"rgb(44,160,44)"},{"description":"White","count":151,"tested":1294,"color":"rgb(31,119,180)"}],"gender":[{"description":"Female","count":132,"tested":1468,"color":"rgb(255,127,14)"},{"description":"Male","count":138,"tested":654,"color":"rgb(31,119,180)"},{"description":"Unknown/Left Blank","count":19,"tested":43,"color":"rgb(44,160,44)"}]}
