{"age":[{"age_group":"<20","count":100,"tested":1013},{"age_group":"20-29   ","count":211,"tested":2329},{"age_group":"30-39   ","count":180,"tested":2350},{"age_group":"40-49   ","count":143,"tested":1606},{"age_group":"50-59   ","count":116,"tested":1437},{"age_group":"60-69   ","count":66,"tested":1101},{"age_group":"70-79   ","count":29,"tested":447},{"age_group":"80+","count":29,"tested":428}],"race":[{"description":"Left Blank","count":345,"tested":5527,"color":"rgb(44,160,44)"},{"description":"Other","count":53,"tested":308,"color":"rgb(148,103,189)"},{"description":"Hispanic","count":112,"tested":666,"color":"rgb(214,39,40)"},{"description":"White","count":230,"tested":2373,"color":"rgb(31,119,180)"},{"description":"Asian","count":97,"tested":1354,"color":"rgb(140,86,75)"},{"description":"Black","count":33,"tested":428,"color":"rgb(255,127,14)"}],"gender":[{"description":"Male","count":419,"tested":4667,"color":"rgb(31,119,180)"},{"description":"Female","count":450,"tested":5952,"color":"rgb(255,127,14)"}]}
