{"age":[{"age_group":"<20","count":34,"tested":382},{"age_group":"20-29   ","count":23,"tested":276},{"age_group":"30-39   ","count":23,"tested":264},{"age_group":"40-49   ","count":34,"tested":233},{"age_group":"50-59   ","count":40,"tested":388},{"age_group":"60-69   ","count":31,"tested":297},{"age_group":"70-79   ","count":19,"tested":182},{"age_group":"80+","count":43,"tested":141}],"race":[{"description":"White","count":218,"tested":1317,"color":"rgb(31,119,180)"},{"description":"Left Blank","count":16,"tested":750,"color":"rgb(44,160,44)"},{"description":"Hispanic","count":7,"tested":35,"color":"rgb(214,39,40)"}],"gender":[{"description":"Male","count":109,"tested":832,"color":"rgb(31,119,180)"},{"description":"Female","count":138,"tested":1310,"color":"rgb(255,127,14)"}]}
