{"age":[{"age_group":"<20","count":359,"tested":39491},{"age_group":"20-29   ","count":613,"tested":31171},{"age_group":"30-39   ","count":588,"tested":12345},{"age_group":"40-49   ","count":414,"tested":8605},{"age_group":"50-59   ","count":406,"tested":8642},{"age_group":"60-69   ","count":287,"tested":6547},{"age_group":"70-79   ","count":135,"tested":3071},{"age_group":"80+","count":108,"tested":2485}],"race":[{"description":"Hispanic","count":95,"tested":8370,"color":"rgb(214,39,40)"},{"description":"Left Blank","count":772,"tested":30114,"color":"rgb(44,160,44)"},{"description":"Black","count":1779,"tested":26777,"color":"rgb(255,127,14)"},{"description":"White","count":182,"tested":31548,"color":"rgb(31,119,180)"},{"description":"Asian","count":40,"tested":14328,"color":"rgb(140,86,75)"},{"description":"Other","count":37,"tested":737,"color":"rgb(148,103,189)"}],"gender":[{"description":"Unknown/Left Blank","count":29,"tested":2545,"color":"rgb(44,160,44)"},{"description":"Female","count":1633,"tested":58551,"color":"rgb(255,127,14)"},{"description":"Male","count":1248,"tested":51271,"color":"rgb(31,119,180)"}]}
