{"age":[{"age_group":"<20","count":207,"tested":1844},{"age_group":"20-29   ","count":298,"tested":3423},{"age_group":"30-39   ","count":278,"tested":3076},{"age_group":"40-49   ","count":343,"tested":4072},{"age_group":"50-59   ","count":294,"tested":4107},{"age_group":"60-69   ","count":184,"tested":3261},{"age_group":"70-79   ","count":108,"tested":1877},{"age_group":"80+","count":81,"tested":1072}],"race":[{"description":"Asian","count":11,"tested":130,"color":"rgb(140,86,75)"},{"description":"Black","count":925,"tested":10141,"color":"rgb(255,127,14)"},{"description":"White","count":142,"tested":1933,"color":"rgb(31,119,180)"},{"description":"Hispanic","count":83,"tested":473,"color":"rgb(214,39,40)"},{"description":"Other","count":31,"tested":459,"color":"rgb(148,103,189)"},{"description":"Left Blank","count":597,"tested":9522,"color":"rgb(44,160,44)"}],"gender":[{"description":"Female","count":992,"tested":13401,"color":"rgb(255,127,14)"},{"description":"Male","count":765,"tested":8457,"color":"rgb(31,119,180)"},{"description":"Unknown/Left Blank","count":36,"tested":874,"color":"rgb(44,160,44)"}]}
