{"age":[{"age_group":"<20","count":164,"tested":1249},{"age_group":"20-29   ","count":212,"tested":1744},{"age_group":"30-39   ","count":229,"tested":1639},{"age_group":"40-49   ","count":189,"tested":1697},{"age_group":"50-59   ","count":138,"tested":1502},{"age_group":"60-69   ","count":124,"tested":1350},{"age_group":"70-79   ","count":52,"tested":651},{"age_group":"80+","count":30,"tested":296}],"race":[{"description":"Black","count":19,"tested":266,"color":"rgb(255,127,14)"},{"description":"Hispanic","count":427,"tested":2180,"color":"rgb(214,39,40)"},{"description":"White","count":332,"tested":3065,"color":"rgb(31,119,180)"},{"description":"Other","count":91,"tested":681,"color":"rgb(148,103,189)"},{"description":"Left Blank","count":262,"tested":3834,"color":"rgb(44,160,44)"},{"description":"Asian","count":7,"tested":92,"color":"rgb(140,86,75)"}],"gender":[{"description":"Male","count":564,"tested":4412,"color":"rgb(31,119,180)"},{"description":"Female","count":570,"tested":5560,"color":"rgb(255,127,14)"}]}
