{"age":[{"age_group":"<20","count":166,"tested":1223},{"age_group":"20-29   ","count":297,"tested":2218},{"age_group":"30-39   ","count":264,"tested":1950},{"age_group":"40-49   ","count":198,"tested":1632},{"age_group":"50-59   ","count":262,"tested":1947},{"age_group":"60-69   ","count":189,"tested":1915},{"age_group":"70-79   ","count":90,"tested":1318},{"age_group":"80+","count":70,"tested":1831}],"race":[{"description":"Other","count":53,"tested":388,"color":"rgb(148,103,189)"},{"description":"Black","count":28,"tested":187,"color":"rgb(255,127,14)"},{"description":"Asian","count":58,"tested":296,"color":"rgb(140,86,75)"},{"description":"White","count":674,"tested":3986,"color":"rgb(31,119,180)"},{"description":"Left Blank","count":308,"tested":7790,"color":"rgb(44,160,44)"},{"description":"Hispanic","count":412,"tested":1381,"color":"rgb(214,39,40)"}],"gender":[{"description":"Female","count":783,"tested":7839,"color":"rgb(255,127,14)"},{"description":"Male","count":745,"tested":6050,"color":"rgb(31,119,180)"}]}
