{"age":[{"age_group":"<20","count":409,"tested":3447},{"age_group":"20-29   ","count":600,"tested":5032},{"age_group":"30-39   ","count":415,"tested":4211},{"age_group":"40-49   ","count":471,"tested":4768},{"age_group":"50-59   ","count":472,"tested":5573},{"age_group":"60-69   ","count":278,"tested":4379},{"age_group":"70-79   ","count":153,"tested":2942},{"age_group":"80+","count":125,"tested":3190}],"race":[{"description":"Left Blank","count":872,"tested":18340,"color":"rgb(44,160,44)"},{"description":"White","count":578,"tested":6229,"color":"rgb(31,119,180)"},{"description":"Asian","count":40,"tested":456,"color":"rgb(140,86,75)"},{"description":"Other","count":119,"tested":1258,"color":"rgb(148,103,189)"},{"description":"Hispanic","count":1259,"tested":6582,"color":"rgb(214,39,40)"},{"description":"Black","count":49,"tested":654,"color":"rgb(255,127,14)"}],"gender":[{"description":"Male","count":1392,"tested":13218,"color":"rgb(31,119,180)"},{"description":"Unknown/Left Blank","count":14,"tested":198,"color":"rgb(44,160,44)"},{"description":"Female","count":1517,"tested":20145,"color":"rgb(255,127,14)"}]}
