{"age":[{"age_group":"<20","count":2934,"tested":16840},{"age_group":"20-29   ","count":3367,"tested":25155},{"age_group":"30-39   ","count":2849,"tested":18463},{"age_group":"40-49   ","count":2953,"tested":17545},{"age_group":"50-59   ","count":2192,"tested":13954},{"age_group":"60-69   ","count":1271,"tested":9535},{"age_group":"70-79   ","count":462,"tested":4315},{"age_group":"80+","count":187,"tested":1992}],"race":[{"description":"Hispanic","count":10042,"tested":44069,"color":"rgb(214,39,40)"},{"description":"Asian","count":20,"tested":314,"color":"rgb(140,86,75)"},{"description":"Black","count":1023,"tested":10189,"color":"rgb(255,127,14)"},{"description":"White","count":764,"tested":8212,"color":"rgb(31,119,180)"},{"description":"Left Blank","count":3684,"tested":39571,"color":"rgb(44,160,44)"},{"description":"Other","count":644,"tested":5193,"color":"rgb(148,103,189)"},{"description":"AI/AN**","count":29,"tested":221,"color":"rgb(31,119,180)"},{"description":"NH/PI*","count":9,"tested":70,"color":"rgb(127,127,127)"}],"gender":[{"description":"Female","count":8349,"tested":60143,"color":"rgb(255,127,14)"},{"description":"Male","count":7759,"tested":46600,"color":"rgb(31,119,180)"},{"description":"Unknown/Left Blank","count":107,"tested":1096,"color":"rgb(44,160,44)"}]}
