{"age":[{"age_group":"<20","count":41,"tested":309},{"age_group":"20-29   ","count":33,"tested":401},{"age_group":"30-39   ","count":31,"tested":358},{"age_group":"40-49   ","count":41,"tested":411},{"age_group":"50-59   ","count":49,"tested":516},{"age_group":"60-69   ","count":34,"tested":427},{"age_group":"70-79   ","count":18,"tested":252}],"race":[{"description":"White","count":162,"tested":1139,"color":"rgb(31,119,180)"},{"description":"Left Blank","count":84,"tested":1699,"color":"rgb(44,160,44)"}],"gender":[{"description":"Male","count":110,"tested":1055,"color":"rgb(31,119,180)"},{"description":"Female","count":142,"tested":1790,"color":"rgb(255,127,14)"}]}
