{"age":[{"age_group":"<20","count":18,"tested":256},{"age_group":"20-29   ","count":31,"tested":223},{"age_group":"30-39   ","count":27,"tested":278},{"age_group":"40-49   ","count":21,"tested":196},{"age_group":"50-59   ","count":32,"tested":248},{"age_group":"60-69   ","count":8,"tested":124}],"race":[{"description":"Left Blank","count":29,"tested":441,"color":"rgb(44,160,44)"},{"description":"Other","count":19,"tested":96,"color":"rgb(148,103,189)"},{"description":"White","count":99,"tested":863,"color":"rgb(31,119,180)"}],"gender":[{"description":"Male","count":78,"tested":592,"color":"rgb(31,119,180)"},{"description":"Female","count":70,"tested":806,"color":"rgb(255,127,14)"}]}
