{"age":[{"age_group":"<20","count":36,"tested":512},{"age_group":"20-29   ","count":19,"tested":270},{"age_group":"30-39   ","count":13,"tested":184},{"age_group":"40-49   ","count":23,"tested":277},{"age_group":"50-59   ","count":18,"tested":254},{"age_group":"60-69   ","count":23,"tested":285},{"age_group":"70-79   ","count":13,"tested":238}],"race":[{"description":"Left Blank","count":26,"tested":506,"color":"rgb(44,160,44)"},{"description":"White","count":118,"tested":1553,"color":"rgb(31,119,180)"}],"gender":[{"description":"Male","count":70,"tested":891,"color":"rgb(31,119,180)"},{"description":"Female","count":73,"tested":1245,"color":"rgb(255,127,14)"}]}
