{"age":[{"age_group":"<20","count":98,"tested":1511},{"age_group":"20-29   ","count":607,"tested":10604},{"age_group":"30-39   ","count":568,"tested":11605},{"age_group":"40-49   ","count":184,"tested":2991},{"age_group":"50-59   ","count":130,"tested":1794},{"age_group":"60-69   ","count":99,"tested":1234},{"age_group":"70-79   ","count":57,"tested":693},{"age_group":"80+","count":45,"tested":303}],"race":[{"description":"Black","count":139,"tested":1671,"color":"rgb(255,127,14)"},{"description":"Asian","count":32,"tested":1085,"color":"rgb(140,86,75)"},{"description":"Hispanic","count":348,"tested":2558,"color":"rgb(214,39,40)"},{"description":"White","count":609,"tested":10145,"color":"rgb(31,119,180)"},{"description":"Other","count":96,"tested":1600,"color":"rgb(148,103,189)"},{"description":"Left Blank","count":559,"tested":13634,"color":"rgb(44,160,44)"}],"gender":[{"description":"Female","count":838,"tested":15935,"color":"rgb(255,127,14)"},{"description":"Male","count":868,"tested":14280,"color":"rgb(31,119,180)"},{"description":"Unknown/Left Blank","count":82,"tested":528,"color":"rgb(44,160,44)"}]}
