{"age":[{"age_group":"<20","count":745,"tested":5487},{"age_group":"20-29   ","count":718,"tested":5945},{"age_group":"30-39   ","count":603,"tested":4935},{"age_group":"40-49   ","count":675,"tested":4957},{"age_group":"50-59   ","count":612,"tested":5072},{"age_group":"60-69   ","count":375,"tested":3832},{"age_group":"70-79   ","count":222,"tested":2882},{"age_group":"80+","count":150,"tested":3183}],"race":[{"description":"Other","count":55,"tested":439,"color":"rgb(148,103,189)"},{"description":"Left Blank","count":335,"tested":19355,"color":"rgb(44,160,44)"},{"description":"Hispanic","count":1743,"tested":3795,"color":"rgb(214,39,40)"},{"description":"White","count":1859,"tested":11975,"color":"rgb(31,119,180)"},{"description":"Asian","count":28,"tested":152,"color":"rgb(140,86,75)"},{"description":"Black","count":74,"tested":559,"color":"rgb(255,127,14)"}],"gender":[{"description":"Male","count":1905,"tested":13848,"color":"rgb(31,119,180)"},{"description":"Unknown/Left Blank","count":7,"tested":629,"color":"rgb(44,160,44)"},{"description":"Female","count":2189,"tested":21825,"color":"rgb(255,127,14)"}]}
