{"age":[{"age_group":"<20","count":665,"tested":4881},{"age_group":"20-29   ","count":731,"tested":7584},{"age_group":"30-39   ","count":639,"tested":6417},{"age_group":"40-49   ","count":652,"tested":5211},{"age_group":"50-59   ","count":646,"tested":6700},{"age_group":"60-69   ","count":472,"tested":5302},{"age_group":"70-79   ","count":194,"tested":2519},{"age_group":"80+","count":178,"tested":2680}],"race":[{"description":"Hispanic","count":763,"tested":2557,"color":"rgb(214,39,40)"},{"description":"Left Blank","count":867,"tested":19630,"color":"rgb(44,160,44)"},{"description":"White","count":1737,"tested":13072,"color":"rgb(31,119,180)"},{"description":"Asian","count":457,"tested":3165,"color":"rgb(140,86,75)"},{"description":"Black","count":186,"tested":1542,"color":"rgb(255,127,14)"},{"description":"NH/PI*","count":9,"tested":34,"color":"rgb(127,127,127)"},{"description":"Other","count":153,"tested":1259,"color":"rgb(148,103,189)"}],"gender":[{"description":"Male","count":2011,"tested":17212,"color":"rgb(31,119,180)"},{"description":"Unknown/Left Blank","count":22,"tested":582,"color":"rgb(44,160,44)"},{"description":"Female","count":2144,"tested":23505,"color":"rgb(255,127,14)"}]}
