{"age":[{"age_group":"<20","count":144,"tested":1115},{"age_group":"20-29   ","count":239,"tested":2158},{"age_group":"30-39   ","count":191,"tested":2092},{"age_group":"40-49   ","count":166,"tested":1815},{"age_group":"50-59   ","count":131,"tested":1884},{"age_group":"60-69   ","count":137,"tested":1909},{"age_group":"70-79   ","count":72,"tested":2052},{"age_group":"80+","count":71,"tested":2201}],"race":[{"description":"Hispanic","count":115,"tested":935,"color":"rgb(214,39,40)"},{"description":"Left Blank","count":463,"tested":6285,"color":"rgb(44,160,44)"},{"description":"Other","count":67,"tested":536,"color":"rgb(148,103,189)"},{"description":"Black","count":105,"tested":2492,"color":"rgb(255,127,14)"},{"description":"White","count":379,"tested":4761,"color":"rgb(31,119,180)"},{"description":"Asian","count":18,"tested":156,"color":"rgb(140,86,75)"}],"gender":[{"description":"Male","count":539,"tested":6035,"color":"rgb(31,119,180)"},{"description":"Female","count":602,"tested":8790,"color":"rgb(255,127,14)"},{"description":"Unknown/Left Blank","count":10,"tested":404,"color":"rgb(44,160,44)"}]}
