{"age":[{"age_group":"<20","count":339,"tested":4362},{"age_group":"20-29   ","count":389,"tested":4822},{"age_group":"30-39   ","count":347,"tested":4704},{"age_group":"40-49   ","count":317,"tested":4010},{"age_group":"50-59   ","count":343,"tested":5359},{"age_group":"60-69   ","count":250,"tested":4321},{"age_group":"70-79   ","count":119,"tested":3106},{"age_group":"80+","count":152,"tested":6155}],"race":[{"description":"Hispanic","count":271,"tested":1841,"color":"rgb(214,39,40)"},{"description":"Left Blank","count":504,"tested":15157,"color":"rgb(44,160,44)"},{"description":"Other","count":87,"tested":782,"color":"rgb(148,103,189)"},{"description":"White","count":1237,"tested":16737,"color":"rgb(31,119,180)"},{"description":"Asian","count":108,"tested":1756,"color":"rgb(140,86,75)"},{"description":"Black","count":48,"tested":536,"color":"rgb(255,127,14)"}],"gender":[{"description":"Unknown/Left Blank","count":11,"tested":1543,"color":"rgb(44,160,44)"},{"description":"Male","count":1073,"tested":14972,"color":"rgb(31,119,180)"},{"description":"Female","count":1172,"tested":20332,"color":"rgb(255,127,14)"}]}
