{"age":[{"age_group":"<20","count":153,"tested":1827},{"age_group":"20-29   ","count":158,"tested":1986},{"age_group":"30-39   ","count":142,"tested":2082},{"age_group":"40-49   ","count":154,"tested":2188},{"age_group":"50-59   ","count":174,"tested":2304},{"age_group":"60-69   ","count":115,"tested":1742},{"age_group":"70-79   ","count":47,"tested":843},{"age_group":"80+","count":16,"tested":270}],"race":[{"description":"Hispanic","count":47,"tested":419,"color":"rgb(214,39,40)"},{"description":"Left Blank","count":346,"tested":6588,"color":"rgb(44,160,44)"},{"description":"Asian","count":119,"tested":1648,"color":"rgb(140,86,75)"},{"description":"White","count":382,"tested":4007,"color":"rgb(31,119,180)"},{"description":"Black","count":23,"tested":246,"color":"rgb(255,127,14)"},{"description":"Other","count":35,"tested":302,"color":"rgb(148,103,189)"}],"gender":[{"description":"Female","count":477,"tested":7214,"color":"rgb(255,127,14)"},{"description":"Male","count":480,"tested":5887,"color":"rgb(31,119,180)"}]}
