{"age":[{"age_group":"<20","count":77,"tested":543},{"age_group":"20-29   ","count":88,"tested":619},{"age_group":"30-39   ","count":50,"tested":556},{"age_group":"40-49   ","count":76,"tested":526},{"age_group":"50-59   ","count":99,"tested":824},{"age_group":"60-69   ","count":76,"tested":674},{"age_group":"70-79   ","count":28,"tested":421},{"age_group":"80+","count":17,"tested":189}],"race":[{"description":"Left Blank","count":60,"tested":1823,"color":"rgb(44,160,44)"},{"description":"Other","count":7,"tested":68,"color":"rgb(148,103,189)"},{"description":"White","count":358,"tested":2127,"color":"rgb(31,119,180)"},{"description":"Black","count":17,"tested":91,"color":"rgb(255,127,14)"},{"description":"Hispanic","count":58,"tested":197,"color":"rgb(214,39,40)"},{"description":"Asian","count":10,"tested":45,"color":"rgb(140,86,75)"}],"gender":[{"description":"Male","count":242,"tested":1829,"color":"rgb(31,119,180)"},{"description":"Female","count":267,"tested":2440,"color":"rgb(255,127,14)"}]}
