{"age":[{"age_group":"<20","count":112,"tested":999},{"age_group":"20-29   ","count":136,"tested":1565},{"age_group":"30-39   ","count":131,"tested":1485},{"age_group":"40-49   ","count":131,"tested":1419},{"age_group":"50-59   ","count":139,"tested":1710},{"age_group":"60-69   ","count":97,"tested":1329},{"age_group":"70-79   ","count":44,"tested":958},{"age_group":"80+","count":32,"tested":802}],"race":[{"description":"Left Blank","count":266,"tested":4527,"color":"rgb(44,160,44)"},{"description":"Other","count":28,"tested":214,"color":"rgb(148,103,189)"},{"description":"White","count":382,"tested":4585,"color":"rgb(31,119,180)"},{"description":"Hispanic","count":116,"tested":608,"color":"rgb(214,39,40)"},{"description":"Black","count":18,"tested":161,"color":"rgb(255,127,14)"},{"description":"Asian","count":9,"tested":118,"color":"rgb(140,86,75)"}],"gender":[{"description":"Female","count":413,"tested":6178,"color":"rgb(255,127,14)"},{"description":"Male","count":404,"tested":4009,"color":"rgb(31,119,180)"}]}
