{"age":[{"age_group":"<20","count":236,"tested":2414},{"age_group":"20-29   ","count":138,"tested":1399},{"age_group":"30-39   ","count":131,"tested":1505},{"age_group":"40-49   ","count":226,"tested":1921},{"age_group":"50-59   ","count":178,"tested":1597},{"age_group":"60-69   ","count":118,"tested":1340},{"age_group":"70-79   ","count":69,"tested":1043},{"age_group":"80+","count":33,"tested":832}],"race":[{"description":"Other","count":20,"tested":177,"color":"rgb(148,103,189)"},{"description":"Black","count":9,"tested":109,"color":"rgb(255,127,14)"},{"description":"White","count":943,"tested":7155,"color":"rgb(31,119,180)"},{"description":"Asian","count":10,"tested":62,"color":"rgb(140,86,75)"},{"description":"Hispanic","count":46,"tested":207,"color":"rgb(214,39,40)"},{"description":"Left Blank","count":101,"tested":4318,"color":"rgb(44,160,44)"}],"gender":[{"description":"Male","count":534,"tested":4841,"color":"rgb(31,119,180)"},{"description":"Female","count":593,"tested":7098,"color":"rgb(255,127,14)"}]}
