{"age":[{"age_group":"<20","count":1210,"tested":7560},{"age_group":"20-29   ","count":1532,"tested":12453},{"age_group":"30-39   ","count":1435,"tested":12237},{"age_group":"40-49   ","count":1483,"tested":11014},{"age_group":"50-59   ","count":1166,"tested":9727},{"age_group":"60-69   ","count":675,"tested":7430},{"age_group":"70-79   ","count":342,"tested":4204},{"age_group":"80+","count":146,"tested":2139}],"race":[{"description":"Hispanic","count":3679,"tested":17628,"color":"rgb(214,39,40)"},{"description":"Left Blank","count":2000,"tested":25016,"color":"rgb(44,160,44)"},{"description":"Other","count":617,"tested":5410,"color":"rgb(148,103,189)"},{"description":"White","count":1274,"tested":14756,"color":"rgb(31,119,180)"},{"description":"Black","count":340,"tested":3113,"color":"rgb(255,127,14)"},{"description":"Asian","count":77,"tested":781,"color":"rgb(140,86,75)"}],"gender":[{"description":"Male","count":3741,"tested":28285,"color":"rgb(31,119,180)"},{"description":"Female","count":4186,"tested":36920,"color":"rgb(255,127,14)"},{"description":"Unknown/Left Blank","count":64,"tested":1580,"color":"rgb(44,160,44)"}]}
