{"age":[{"age_group":"<20","count":934,"tested":7451},{"age_group":"20-29   ","count":1727,"tested":27083},{"age_group":"30-39   ","count":1507,"tested":21950},{"age_group":"40-49   ","count":1195,"tested":12942},{"age_group":"50-59   ","count":987,"tested":9995},{"age_group":"60-69   ","count":650,"tested":7773},{"age_group":"70-79   ","count":326,"tested":3590},{"age_group":"80+","count":166,"tested":1988}],"race":[{"description":"Other","count":291,"tested":4405,"color":"rgb(148,103,189)"},{"description":"Left Blank","count":1170,"tested":27814,"color":"rgb(44,160,44)"},{"description":"Hispanic","count":4224,"tested":27404,"color":"rgb(214,39,40)"},{"description":"White","count":835,"tested":17163,"color":"rgb(31,119,180)"},{"description":"Asian","count":185,"tested":3755,"color":"rgb(140,86,75)"},{"description":"Black","count":775,"tested":12031,"color":"rgb(255,127,14)"},{"description":"AI/AN**","count":8,"tested":169,"color":"rgb(31,119,180)"}],"gender":[{"description":"Unknown/Left Blank","count":80,"tested":3496,"color":"rgb(44,160,44)"},{"description":"Male","count":3881,"tested":44837,"color":"rgb(31,119,180)"},{"description":"Female","count":3531,"tested":44467,"color":"rgb(255,127,14)"}]}
