{"age":[{"age_group":"<20","count":452,"tested":4233},{"age_group":"20-29   ","count":437,"tested":6534},{"age_group":"30-39   ","count":376,"tested":5325},{"age_group":"40-49   ","count":395,"tested":4748},{"age_group":"50-59   ","count":460,"tested":5039},{"age_group":"60-69   ","count":182,"tested":3050},{"age_group":"70-79   ","count":106,"tested":2580},{"age_group":"80+","count":116,"tested":3894}],"race":[{"description":"Black","count":62,"tested":578,"color":"rgb(255,127,14)"},{"description":"Asian","count":124,"tested":1336,"color":"rgb(140,86,75)"},{"description":"Other","count":59,"tested":538,"color":"rgb(148,103,189)"},{"description":"Hispanic","count":450,"tested":2084,"color":"rgb(214,39,40)"},{"description":"Left Blank","count":815,"tested":22022,"color":"rgb(44,160,44)"},{"description":"White","count":1011,"tested":8764,"color":"rgb(31,119,180)"}],"gender":[{"description":"Unknown/Left Blank","count":60,"tested":710,"color":"rgb(44,160,44)"},{"description":"Female","count":1242,"tested":21961,"color":"rgb(255,127,14)"},{"description":"Male","count":1224,"tested":12739,"color":"rgb(31,119,180)"}]}
