{"age":[{"age_group":"<20","count":34,"tested":229},{"age_group":"20-29   ","count":28,"tested":296},{"age_group":"30-39   ","count":29,"tested":293},{"age_group":"40-49   ","count":18,"tested":123},{"age_group":"50-59   ","count":22,"tested":207},{"age_group":"60-69   ","count":26,"tested":254},{"age_group":"70-79   ","count":14,"tested":244},{"age_group":"80+","count":9,"tested":188}],"race":[{"description":"White","count":150,"tested":1402,"color":"rgb(31,119,180)"},{"description":"Hispanic","count":6,"tested":34,"color":"rgb(214,39,40)"},{"description":"Other","count":6,"tested":41,"color":"rgb(148,103,189)"},{"description":"Left Blank","count":16,"tested":345,"color":"rgb(44,160,44)"}],"gender":[{"description":"Female","count":90,"tested":1097,"color":"rgb(255,127,14)"},{"description":"Male","count":87,"tested":725,"color":"rgb(31,119,180)"}]}
