{"age":[{"age_group":"<20","count":443,"tested":3950},{"age_group":"20-29   ","count":634,"tested":5021},{"age_group":"30-39   ","count":576,"tested":4796},{"age_group":"40-49   ","count":555,"tested":4580},{"age_group":"50-59   ","count":580,"tested":5004},{"age_group":"60-69   ","count":291,"tested":3150},{"age_group":"70-79   ","count":153,"tested":1764},{"age_group":"80+","count":59,"tested":778}],"race":[{"description":"AI/AN**","count":11,"tested":53,"color":"rgb(31,119,180)"},{"description":"Asian","count":16,"tested":197,"color":"rgb(140,86,75)"},{"description":"Hispanic","count":290,"tested":1280,"color":"rgb(214,39,40)"},{"description":"Black","count":124,"tested":852,"color":"rgb(255,127,14)"},{"description":"Left Blank","count":1102,"tested":13030,"color":"rgb(44,160,44)"},{"description":"Other","count":99,"tested":1059,"color":"rgb(148,103,189)"},{"description":"White","count":1649,"tested":12557,"color":"rgb(31,119,180)"}],"gender":[{"description":"Female","count":1598,"tested":15867,"color":"rgb(255,127,14)"},{"description":"Male","count":1652,"tested":12571,"color":"rgb(31,119,180)"},{"description":"Unknown/Left Blank","count":41,"tested":609,"color":"rgb(44,160,44)"}]}
