{"age":[{"age_group":"<20","count":60,"tested":819},{"age_group":"20-29   ","count":87,"tested":982},{"age_group":"30-39   ","count":78,"tested":1023},{"age_group":"40-49   ","count":58,"tested":1055},{"age_group":"50-59   ","count":95,"tested":2331},{"age_group":"60-69   ","count":58,"tested":1427},{"age_group":"70-79   ","count":40,"tested":642},{"age_group":"80+","count":45,"tested":1897}],"race":[{"description":"Other","count":30,"tested":242,"color":"rgb(148,103,189)"},{"description":"Left Blank","count":84,"tested":2217,"color":"rgb(44,160,44)"},{"description":"White","count":390,"tested":7241,"color":"rgb(31,119,180)"},{"description":"Hispanic","count":13,"tested":156,"color":"rgb(214,39,40)"}],"gender":[{"description":"Male","count":220,"tested":3470,"color":"rgb(31,119,180)"},{"description":"Female","count":296,"tested":6278,"color":"rgb(255,127,14)"}]}
