{"age":[{"age_group":"<20","count":1587,"tested":10545},{"age_group":"20-29   ","count":1940,"tested":16204},{"age_group":"30-39   ","count":1853,"tested":14235},{"age_group":"40-49   ","count":1924,"tested":12703},{"age_group":"50-59   ","count":1496,"tested":11415},{"age_group":"60-69   ","count":889,"tested":9517},{"age_group":"70-79   ","count":438,"tested":4598},{"age_group":"80+","count":181,"tested":1612}],"race":[{"description":"Black","count":1320,"tested":13611,"color":"rgb(255,127,14)"},{"description":"Asian","count":9,"tested":234,"color":"rgb(140,86,75)"},{"description":"Other","count":363,"tested":3303,"color":"rgb(148,103,189)"},{"description":"AI/AN**","count":7,"tested":44,"color":"rgb(31,119,180)"},{"description":"Hispanic","count":6180,"tested":26925,"color":"rgb(214,39,40)"},{"description":"Left Blank","count":2097,"tested":31687,"color":"rgb(44,160,44)"},{"description":"White","count":329,"tested":5038,"color":"rgb(31,119,180)"}],"gender":[{"description":"Unknown/Left Blank","count":118,"tested":1452,"color":"rgb(44,160,44)"},{"description":"Female","count":5271,"tested":42870,"color":"rgb(255,127,14)"},{"description":"Male","count":4919,"tested":36541,"color":"rgb(31,119,180)"}]}
