{"age":[{"age_group":"<20","count":387,"tested":3499},{"age_group":"20-29   ","count":537,"tested":5088},{"age_group":"30-39   ","count":480,"tested":5042},{"age_group":"40-49   ","count":411,"tested":3765},{"age_group":"50-59   ","count":406,"tested":4236},{"age_group":"60-69   ","count":277,"tested":3602},{"age_group":"70-79   ","count":138,"tested":2182},{"age_group":"80+","count":68,"tested":1906}],"race":[{"description":"Left Blank","count":617,"tested":14170,"color":"rgb(44,160,44)"},{"description":"Hispanic","count":644,"tested":2327,"color":"rgb(214,39,40)"},{"description":"Asian","count":151,"tested":1068,"color":"rgb(140,86,75)"},{"description":"White","count":1058,"tested":9415,"color":"rgb(31,119,180)"},{"description":"Black","count":121,"tested":1098,"color":"rgb(255,127,14)"},{"description":"Other","count":111,"tested":1215,"color":"rgb(148,103,189)"}],"gender":[{"description":"Female","count":1384,"tested":16428,"color":"rgb(255,127,14)"},{"description":"Male","count":1312,"tested":12654,"color":"rgb(31,119,180)"}]}
