{"age":[{"age_group":"<20","count":21,"tested":199},{"age_group":"20-29   ","count":21,"tested":247},{"age_group":"30-39   ","count":13,"tested":220},{"age_group":"40-49   ","count":21,"tested":298},{"age_group":"50-59   ","count":12,"tested":210},{"age_group":"60-69   ","count":21,"tested":118},{"age_group":"70-79   ","count":19,"tested":106},{"age_group":"80+","count":49,"tested":336}],"race":[{"description":"White","count":115,"tested":1024,"color":"rgb(31,119,180)"},{"description":"Left Blank","count":55,"tested":687,"color":"rgb(44,160,44)"}],"gender":[{"description":"Male","count":71,"tested":661,"color":"rgb(31,119,180)"},{"description":"Female","count":104,"tested":1039,"color":"rgb(255,127,14)"}]}
