{"age":[{"age_group":"<20","count":593,"tested":12312},{"age_group":"20-29   ","count":1114,"tested":19829},{"age_group":"30-39   ","count":495,"tested":6612},{"age_group":"40-49   ","count":417,"tested":4509},{"age_group":"50-59   ","count":359,"tested":5112},{"age_group":"60-69   ","count":249,"tested":4196},{"age_group":"70-79   ","count":159,"tested":3244},{"age_group":"80+","count":192,"tested":5706}],"race":[{"description":"Other","count":45,"tested":613,"color":"rgb(148,103,189)"},{"description":"Left Blank","count":825,"tested":29835,"color":"rgb(44,160,44)"},{"description":"Black","count":470,"tested":6572,"color":"rgb(255,127,14)"},{"description":"Hispanic","count":705,"tested":4098,"color":"rgb(214,39,40)"},{"description":"White","count":1470,"tested":19411,"color":"rgb(31,119,180)"},{"description":"Asian","count":61,"tested":949,"color":"rgb(140,86,75)"}],"gender":[{"description":"Female","count":1900,"tested":38425,"color":"rgb(255,127,14)"},{"description":"Male","count":1669,"tested":22803,"color":"rgb(31,119,180)"},{"description":"Unknown/Left Blank","count":9,"tested":301,"color":"rgb(44,160,44)"}]}
