{"age":[{"age_group":"<20","count":529,"tested":3225},{"age_group":"20-29   ","count":677,"tested":4830},{"age_group":"30-39   ","count":624,"tested":4098},{"age_group":"40-49   ","count":607,"tested":3664},{"age_group":"50-59   ","count":485,"tested":3294},{"age_group":"60-69   ","count":293,"tested":2860},{"age_group":"70-79   ","count":133,"tested":2119},{"age_group":"80+","count":79,"tested":2114}],"race":[{"description":"Other","count":177,"tested":1350,"color":"rgb(148,103,189)"},{"description":"Left Blank","count":977,"tested":11209,"color":"rgb(44,160,44)"},{"description":"White","count":613,"tested":5667,"color":"rgb(31,119,180)"},{"description":"Black","count":99,"tested":987,"color":"rgb(255,127,14)"},{"description":"Asian","count":15,"tested":194,"color":"rgb(140,86,75)"},{"description":"Hispanic","count":1543,"tested":6817,"color":"rgb(214,39,40)"}],"gender":[{"description":"Female","count":1716,"tested":14523,"color":"rgb(255,127,14)"},{"description":"Male","count":1684,"tested":11349,"color":"rgb(31,119,180)"},{"description":"Unknown/Left Blank","count":28,"tested":378,"color":"rgb(44,160,44)"}]}
