{"age":[{"age_group":"<20","count":1164,"tested":7413},{"age_group":"20-29   ","count":1284,"tested":10541},{"age_group":"30-39   ","count":1342,"tested":10333},{"age_group":"40-49   ","count":1381,"tested":9498},{"age_group":"50-59   ","count":1008,"tested":8451},{"age_group":"60-69   ","count":649,"tested":6167},{"age_group":"70-79   ","count":323,"tested":3106},{"age_group":"80+","count":186,"tested":1967}],"race":[{"description":"Other","count":402,"tested":3422,"color":"rgb(148,103,189)"},{"description":"White","count":1768,"tested":15895,"color":"rgb(31,119,180)"},{"description":"Asian","count":30,"tested":265,"color":"rgb(140,86,75)"},{"description":"Black","count":172,"tested":1541,"color":"rgb(255,127,14)"},{"description":"Left Blank","count":1758,"tested":19237,"color":"rgb(44,160,44)"},{"description":"Hispanic","count":3194,"tested":17049,"color":"rgb(214,39,40)"},{"description":"AI/AN**","count":8,"tested":58,"color":"rgb(31,119,180)"}],"gender":[{"description":"Male","count":3564,"tested":25948,"color":"rgb(31,119,180)"},{"description":"Female","count":3712,"tested":30552,"color":"rgb(255,127,14)"},{"description":"Unknown/Left Blank","count":61,"tested":989,"color":"rgb(44,160,44)"}]}
