{"age":[{"age_group":"<20","count":498,"tested":4394},{"age_group":"20-29   ","count":520,"tested":4740},{"age_group":"30-39   ","count":539,"tested":4682},{"age_group":"40-49   ","count":537,"tested":4674},{"age_group":"50-59   ","count":351,"tested":3519},{"age_group":"60-69   ","count":186,"tested":2072},{"age_group":"70-79   ","count":98,"tested":1150},{"age_group":"80+","count":31,"tested":555}],"race":[{"description":"Hispanic","count":1039,"tested":5279,"color":"rgb(214,39,40)"},{"description":"Asian","count":39,"tested":429,"color":"rgb(140,86,75)"},{"description":"White","count":823,"tested":8342,"color":"rgb(31,119,180)"},{"description":"Black","count":170,"tested":1512,"color":"rgb(255,127,14)"},{"description":"Other","count":75,"tested":969,"color":"rgb(148,103,189)"},{"description":"Left Blank","count":608,"tested":9222,"color":"rgb(44,160,44)"}],"gender":[{"description":"Female","count":1431,"tested":14430,"color":"rgb(255,127,14)"},{"description":"Male","count":1322,"tested":11141,"color":"rgb(31,119,180)"},{"description":"Unknown/Left Blank","count":7,"tested":219,"color":"rgb(44,160,44)"}]}
