{"age":[{"age_group":"<20","count":106,"tested":597},{"age_group":"20-29   ","count":148,"tested":878},{"age_group":"30-39   ","count":118,"tested":729},{"age_group":"40-49   ","count":125,"tested":516},{"age_group":"50-59   ","count":83,"tested":547},{"age_group":"60-69   ","count":60,"tested":363},{"age_group":"70-79   ","count":25,"tested":134},{"age_group":"80+","count":8,"tested":55}],"race":[{"description":"Black","count":16,"tested":86,"color":"rgb(255,127,14)"},{"description":"Other","count":42,"tested":274,"color":"rgb(148,103,189)"},{"description":"Hispanic","count":335,"tested":1329,"color":"rgb(214,39,40)"},{"description":"Left Blank","count":193,"tested":1526,"color":"rgb(44,160,44)"},{"description":"White","count":79,"tested":571,"color":"rgb(31,119,180)"}],"gender":[{"description":"Female","count":333,"tested":2019,"color":"rgb(255,127,14)"},{"description":"Male","count":333,"tested":1746,"color":"rgb(31,119,180)"}]}
