{"age":[{"age_group":"<20","count":415,"tested":4264},{"age_group":"20-29   ","count":162,"tested":2662},{"age_group":"30-39   ","count":98,"tested":2192},{"age_group":"40-49   ","count":190,"tested":2973},{"age_group":"50-59   ","count":282,"tested":3822},{"age_group":"60-69   ","count":179,"tested":2944},{"age_group":"70-79   ","count":95,"tested":2143},{"age_group":"80+","count":98,"tested":2140}],"race":[{"description":"Hispanic","count":58,"tested":413,"color":"rgb(214,39,40)"},{"description":"Left Blank","count":394,"tested":11990,"color":"rgb(44,160,44)"},{"description":"Asian","count":50,"tested":834,"color":"rgb(140,86,75)"},{"description":"White","count":939,"tested":8647,"color":"rgb(31,119,180)"},{"description":"Black","count":23,"tested":428,"color":"rgb(255,127,14)"},{"description":"Other","count":54,"tested":807,"color":"rgb(148,103,189)"}],"gender":[{"description":"Male","count":725,"tested":9930,"color":"rgb(31,119,180)"},{"description":"Female","count":767,"tested":13016,"color":"rgb(255,127,14)"},{"description":"Unknown/Left Blank","count":27,"tested":196,"color":"rgb(44,160,44)"}]}
