{"age":[{"age_group":"<20","count":502,"tested":5071},{"age_group":"20-29   ","count":594,"tested":5358},{"age_group":"30-39   ","count":614,"tested":5952},{"age_group":"40-49   ","count":585,"tested":5600},{"age_group":"50-59   ","count":550,"tested":5978},{"age_group":"60-69   ","count":322,"tested":4124},{"age_group":"70-79   ","count":147,"tested":2072},{"age_group":"80+","count":87,"tested":2496}],"race":[{"description":"Left Blank","count":1573,"tested":17716,"color":"rgb(44,160,44)"},{"description":"Other","count":210,"tested":1627,"color":"rgb(148,103,189)"},{"description":"Hispanic","count":134,"tested":1229,"color":"rgb(214,39,40)"},{"description":"Asian","count":17,"tested":106,"color":"rgb(140,86,75)"},{"description":"White","count":1339,"tested":14385,"color":"rgb(31,119,180)"},{"description":"Black","count":126,"tested":1577,"color":"rgb(255,127,14)"}],"gender":[{"description":"Unknown/Left Blank","count":31,"tested":1245,"color":"rgb(44,160,44)"},{"description":"Male","count":1735,"tested":16495,"color":"rgb(31,119,180)"},{"description":"Female","count":1635,"tested":18919,"color":"rgb(255,127,14)"}]}
