{"age":[{"age_group":"20-29   ","count":24,"tested":718},{"age_group":"30-39   ","count":22,"tested":704},{"age_group":"40-49   ","count":14,"tested":288},{"age_group":"50-59   ","count":9,"tested":304}],"race":[{"description":"White","count":26,"tested":879,"color":"rgb(31,119,180)"},{"description":"Asian","count":7,"tested":382,"color":"rgb(140,86,75)"},{"description":"Black","count":8,"tested":162,"color":"rgb(255,127,14)"},{"description":"Other","count":6,"tested":124,"color":"rgb(148,103,189)"},{"description":"Left Blank","count":24,"tested":824,"color":"rgb(44,160,44)"},{"description":"Hispanic","count":8,"tested":120,"color":"rgb(214,39,40)"}],"gender":[{"description":"Male","count":44,"tested":1501,"color":"rgb(31,119,180)"},{"description":"Female","count":35,"tested":974,"color":"rgb(255,127,14)"}]}
