{"age":[{"age_group":"<20","count":341,"tested":7177},{"age_group":"20-29   ","count":351,"tested":7767},{"age_group":"30-39   ","count":299,"tested":7481},{"age_group":"40-49   ","count":296,"tested":7299},{"age_group":"50-59   ","count":284,"tested":7296},{"age_group":"60-69   ","count":195,"tested":5670},{"age_group":"70-79   ","count":127,"tested":4123},{"age_group":"80+","count":105,"tested":3221}],"race":[{"description":"Other","count":108,"tested":2260,"color":"rgb(148,103,189)"},{"description":"Left Blank","count":401,"tested":19294,"color":"rgb(44,160,44)"},{"description":"Black","count":453,"tested":5996,"color":"rgb(255,127,14)"},{"description":"Asian","count":47,"tested":1483,"color":"rgb(140,86,75)"},{"description":"Hispanic","count":173,"tested":2086,"color":"rgb(214,39,40)"},{"description":"White","count":813,"tested":18875,"color":"rgb(31,119,180)"}],"gender":[{"description":"Male","count":924,"tested":20325,"color":"rgb(31,119,180)"},{"description":"Unknown/Left Blank","count":38,"tested":1384,"color":"rgb(44,160,44)"},{"description":"Female","count":1036,"tested":28345,"color":"rgb(255,127,14)"}]}
