{"age":[{"age_group":"<20","count":40,"tested":306},{"age_group":"20-29   ","count":34,"tested":337},{"age_group":"30-39   ","count":21,"tested":281},{"age_group":"40-49   ","count":18,"tested":241},{"age_group":"50-59   ","count":29,"tested":428},{"age_group":"60-69   ","count":35,"tested":455},{"age_group":"70-79   ","count":18,"tested":272},{"age_group":"80+","count":6,"tested":98}],"race":[{"description":"Left Blank","count":14,"tested":328,"color":"rgb(44,160,44)"},{"description":"Hispanic","count":7,"tested":55,"color":"rgb(214,39,40)"},{"description":"White","count":168,"tested":1957,"color":"rgb(31,119,180)"},{"description":"Black","count":8,"tested":35,"color":"rgb(255,127,14)"}],"gender":[{"description":"Female","count":101,"tested":1556,"color":"rgb(255,127,14)"},{"description":"Male","count":98,"tested":829,"color":"rgb(31,119,180)"}]}
