{"age":[{"age_group":"<20","count":6,"tested":64},{"age_group":"20-29   ","count":8,"tested":114},{"age_group":"30-39   ","count":12,"tested":160},{"age_group":"40-49   ","count":11,"tested":66},{"age_group":"50-59   ","count":20,"tested":150},{"age_group":"60-69   ","count":9,"tested":136}],"race":[{"description":"Left Blank","count":8,"tested":180,"color":"rgb(44,160,44)"},{"description":"White","count":60,"tested":581,"color":"rgb(31,119,180)"}],"gender":[{"description":"Female","count":35,"tested":503,"color":"rgb(255,127,14)"},{"description":"Male","count":34,"tested":287,"color":"rgb(31,119,180)"}]}
