{"age":[{"age_group":"<20","count":143,"tested":1930},{"age_group":"20-29   ","count":98,"tested":1620},{"age_group":"30-39   ","count":102,"tested":1567},{"age_group":"40-49   ","count":69,"tested":1083},{"age_group":"50-59   ","count":81,"tested":1386},{"age_group":"60-69   ","count":83,"tested":1217},{"age_group":"70-79   ","count":48,"tested":742},{"age_group":"80+","count":72,"tested":789}],"race":[{"description":"Left Blank","count":94,"tested":2238,"color":"rgb(44,160,44)"},{"description":"Other","count":10,"tested":166,"color":"rgb(148,103,189)"},{"description":"White","count":558,"tested":7618,"color":"rgb(31,119,180)"},{"description":"Black","count":8,"tested":122,"color":"rgb(255,127,14)"},{"description":"Hispanic","count":23,"tested":165,"color":"rgb(214,39,40)"}],"gender":[{"description":"Female","count":366,"tested":6501,"color":"rgb(255,127,14)"},{"description":"Male","count":317,"tested":3776,"color":"rgb(31,119,180)"}]}
