{"age":[{"age_group":"<20","count":581,"tested":5228},{"age_group":"20-29   ","count":589,"tested":5477},{"age_group":"30-39   ","count":597,"tested":5367},{"age_group":"40-49   ","count":591,"tested":5381},{"age_group":"50-59   ","count":379,"tested":3973},{"age_group":"60-69   ","count":194,"tested":2324},{"age_group":"70-79   ","count":100,"tested":1280},{"age_group":"80+","count":34,"tested":606}],"race":[{"description":"Hispanic","count":1146,"tested":6198,"color":"rgb(214,39,40)"},{"description":"Asian","count":47,"tested":543,"color":"rgb(140,86,75)"},{"description":"White","count":918,"tested":9619,"color":"rgb(31,119,180)"},{"description":"Black","count":200,"tested":1789,"color":"rgb(255,127,14)"},{"description":"Left Blank","count":666,"tested":10341,"color":"rgb(44,160,44)"},{"description":"Other","count":81,"tested":1097,"color":"rgb(148,103,189)"},{"description":"AI/AN**","count":6,"tested":34,"color":"rgb(31,119,180)"}],"gender":[{"description":"Female","count":1572,"tested":16474,"color":"rgb(255,127,14)"},{"description":"Male","count":1486,"tested":12910,"color":"rgb(31,119,180)"},{"description":"Unknown/Left Blank","count":7,"tested":256,"color":"rgb(44,160,44)"}]}
