{"age":[{"age_group":"<20","count":530,"tested":4278},{"age_group":"20-29   ","count":611,"tested":7425},{"age_group":"30-39   ","count":518,"tested":6574},{"age_group":"40-49   ","count":599,"tested":6741},{"age_group":"50-59   ","count":496,"tested":7045},{"age_group":"60-69   ","count":364,"tested":6380},{"age_group":"70-79   ","count":218,"tested":4476},{"age_group":"80+","count":228,"tested":5877}],"race":[{"description":"AI/AN**","count":10,"tested":106,"color":"rgb(31,119,180)"},{"description":"Black","count":37,"tested":563,"color":"rgb(255,127,14)"},{"description":"Asian","count":224,"tested":2439,"color":"rgb(140,86,75)"},{"description":"Hispanic","count":1214,"tested":6933,"color":"rgb(214,39,40)"},{"description":"White","count":935,"tested":10588,"color":"rgb(31,119,180)"},{"description":"Left Blank","count":953,"tested":26925,"color":"rgb(44,160,44)"},{"description":"Other","count":187,"tested":1425,"color":"rgb(148,103,189)"}],"gender":[{"description":"Female","count":1823,"tested":28481,"color":"rgb(255,127,14)"},{"description":"Male","count":1716,"tested":19378,"color":"rgb(31,119,180)"},{"description":"Unknown/Left Blank","count":25,"tested":1270,"color":"rgb(44,160,44)"}]}
