{"age":[{"age_group":"<20","count":369,"tested":2864},{"age_group":"20-29   ","count":467,"tested":4466},{"age_group":"30-39   ","count":488,"tested":4294},{"age_group":"40-49   ","count":464,"tested":4184},{"age_group":"50-59   ","count":365,"tested":3833},{"age_group":"60-69   ","count":234,"tested":3137},{"age_group":"70-79   ","count":130,"tested":1795},{"age_group":"80+","count":63,"tested":882}],"race":[{"description":"Hispanic","count":661,"tested":3280,"color":"rgb(214,39,40)"},{"description":"White","count":161,"tested":1529,"color":"rgb(31,119,180)"},{"description":"Left Blank","count":580,"tested":8198,"color":"rgb(44,160,44)"},{"description":"Black","count":1055,"tested":10975,"color":"rgb(255,127,14)"},{"description":"Other","count":117,"tested":1295,"color":"rgb(148,103,189)"}],"gender":[{"description":"Male","count":1171,"tested":10713,"color":"rgb(31,119,180)"},{"description":"Unknown/Left Blank","count":50,"tested":630,"color":"rgb(44,160,44)"},{"description":"Female","count":1359,"tested":14120,"color":"rgb(255,127,14)"}]}
