{"age":[{"age_group":"<20","count":488,"tested":5673},{"age_group":"20-29   ","count":618,"tested":8310},{"age_group":"30-39   ","count":462,"tested":6805},{"age_group":"40-49   ","count":434,"tested":6207},{"age_group":"50-59   ","count":553,"tested":8194},{"age_group":"60-69   ","count":328,"tested":6422},{"age_group":"70-79   ","count":128,"tested":2714},{"age_group":"80+","count":131,"tested":2305}],"race":[{"description":"Left Blank","count":661,"tested":14437,"color":"rgb(44,160,44)"},{"description":"Other","count":230,"tested":1927,"color":"rgb(148,103,189)"},{"description":"White","count":1191,"tested":18931,"color":"rgb(31,119,180)"},{"description":"Asian","count":142,"tested":2995,"color":"rgb(140,86,75)"},{"description":"Hispanic","count":670,"tested":4946,"color":"rgb(214,39,40)"},{"description":"Black","count":225,"tested":3114,"color":"rgb(255,127,14)"},{"description":"NH/PI*","count":17,"tested":240,"color":"rgb(127,127,127)"}],"gender":[{"description":"Male","count":1460,"tested":19784,"color":"rgb(31,119,180)"},{"description":"Unknown/Left Blank","count":51,"tested":530,"color":"rgb(44,160,44)"},{"description":"Female","count":1631,"tested":26323,"color":"rgb(255,127,14)"}]}
