{"age":[{"age_group":"<20","count":301,"tested":2843},{"age_group":"20-29   ","count":287,"tested":3044},{"age_group":"30-39   ","count":295,"tested":2606},{"age_group":"40-49   ","count":340,"tested":3135},{"age_group":"50-59   ","count":336,"tested":3426},{"age_group":"60-69   ","count":219,"tested":2644},{"age_group":"70-79   ","count":116,"tested":1255},{"age_group":"80+","count":31,"tested":560}],"race":[{"description":"Hispanic","count":123,"tested":805,"color":"rgb(214,39,40)"},{"description":"White","count":785,"tested":9006,"color":"rgb(31,119,180)"},{"description":"Left Blank","count":843,"tested":8196,"color":"rgb(44,160,44)"},{"description":"Other","count":135,"tested":993,"color":"rgb(148,103,189)"},{"description":"Black","count":22,"tested":229,"color":"rgb(255,127,14)"},{"description":"Asian","count":13,"tested":249,"color":"rgb(140,86,75)"}],"gender":[{"description":"Female","count":981,"tested":10752,"color":"rgb(255,127,14)"},{"description":"Male","count":924,"tested":8601,"color":"rgb(31,119,180)"},{"description":"Unknown/Left Blank","count":20,"tested":165,"color":"rgb(44,160,44)"}]}
