{"age":[{"age_group":"<20","count":23,"tested":284},{"age_group":"20-29   ","count":12,"tested":191},{"age_group":"30-39   ","count":16,"tested":167},{"age_group":"40-49   ","count":9,"tested":376},{"age_group":"50-59   ","count":11,"tested":222},{"age_group":"60-69   ","count":20,"tested":273},{"age_group":"70-79   ","count":8,"tested":156},{"age_group":"80+","count":12,"tested":138}],"race":[{"description":"White","count":95,"tested":1472,"color":"rgb(31,119,180)"},{"description":"Left Blank","count":14,"tested":251,"color":"rgb(44,160,44)"}],"gender":[{"description":"Female","count":62,"tested":1207,"color":"rgb(255,127,14)"},{"description":"Male","count":46,"tested":596,"color":"rgb(31,119,180)"}]}
