{"age":[{"age_group":"<20","count":212,"tested":1827},{"age_group":"20-29   ","count":233,"tested":2754},{"age_group":"30-39   ","count":251,"tested":3096},{"age_group":"40-49   ","count":250,"tested":2904},{"age_group":"50-59   ","count":283,"tested":3696},{"age_group":"60-69   ","count":222,"tested":3696},{"age_group":"70-79   ","count":133,"tested":2280},{"age_group":"80+","count":56,"tested":1494}],"race":[{"description":"Other","count":95,"tested":876,"color":"rgb(148,103,189)"},{"description":"Black","count":231,"tested":2740,"color":"rgb(255,127,14)"},{"description":"Asian","count":40,"tested":535,"color":"rgb(140,86,75)"},{"description":"White","count":507,"tested":6592,"color":"rgb(31,119,180)"},{"description":"Left Blank","count":467,"tested":9102,"color":"rgb(44,160,44)"},{"description":"Hispanic","count":298,"tested":1879,"color":"rgb(214,39,40)"}],"gender":[{"description":"Female","count":837,"tested":12560,"color":"rgb(255,127,14)"},{"description":"Male","count":791,"tested":8929,"color":"rgb(31,119,180)"},{"description":"Unknown/Left Blank","count":12,"tested":264,"color":"rgb(44,160,44)"}]}
