{"age":[{"age_group":"<20","count":30,"tested":241},{"age_group":"20-29   ","count":36,"tested":421},{"age_group":"30-39   ","count":50,"tested":393},{"age_group":"40-49   ","count":43,"tested":347},{"age_group":"50-59   ","count":39,"tested":419},{"age_group":"60-69   ","count":34,"tested":469},{"age_group":"70-79   ","count":10,"tested":166},{"age_group":"80+","count":8,"tested":157}],"race":[{"description":"Hispanic","count":39,"tested":204,"color":"rgb(214,39,40)"},{"description":"Black","count":42,"tested":424,"color":"rgb(255,127,14)"},{"description":"Left Blank","count":86,"tested":1171,"color":"rgb(44,160,44)"},{"description":"White","count":78,"tested":763,"color":"rgb(31,119,180)"}],"gender":[{"description":"Female","count":120,"tested":1405,"color":"rgb(255,127,14)"},{"description":"Male","count":129,"tested":1172,"color":"rgb(31,119,180)"}]}
