{"age":[{"age_group":"<20","count":15,"tested":105},{"age_group":"20-29   ","count":21,"tested":180},{"age_group":"30-39   ","count":11,"tested":97},{"age_group":"40-49   ","count":12,"tested":106},{"age_group":"50-59   ","count":15,"tested":201},{"age_group":"60-69   ","count":7,"tested":85},{"age_group":"70-79   ","count":7,"tested":69}],"race":[{"description":"White","count":56,"tested":569,"color":"rgb(31,119,180)"},{"description":"Left Blank","count":22,"tested":252,"color":"rgb(44,160,44)"}],"gender":[{"description":"Male","count":35,"tested":296,"color":"rgb(31,119,180)"},{"description":"Female","count":51,"tested":575,"color":"rgb(255,127,14)"}]}
