{"age":[{"age_group":"<20","count":795,"tested":9961},{"age_group":"20-29   ","count":573,"tested":8419},{"age_group":"30-39   ","count":329,"tested":5571},{"age_group":"40-49   ","count":527,"tested":7130},{"age_group":"50-59   ","count":654,"tested":8875},{"age_group":"60-69   ","count":260,"tested":4741},{"age_group":"70-79   ","count":112,"tested":2581},{"age_group":"80+","count":38,"tested":1805}],"race":[{"description":"Black","count":116,"tested":1754,"color":"rgb(255,127,14)"},{"description":"Asian","count":344,"tested":5685,"color":"rgb(140,86,75)"},{"description":"Other","count":115,"tested":2167,"color":"rgb(148,103,189)"},{"description":"AI/AN**","count":10,"tested":106,"color":"rgb(31,119,180)"},{"description":"White","count":1419,"tested":16844,"color":"rgb(31,119,180)"},{"description":"Left Blank","count":1145,"tested":21197,"color":"rgb(44,160,44)"},{"description":"Hispanic","count":139,"tested":1293,"color":"rgb(214,39,40)"}],"gender":[{"description":"Female","count":1657,"tested":26908,"color":"rgb(255,127,14)"},{"description":"Male","count":1600,"tested":21860,"color":"rgb(31,119,180)"},{"description":"Unknown/Left Blank","count":32,"tested":325,"color":"rgb(44,160,44)"}]}
