{"age":[{"age_group":"<20","count":10,"tested":145},{"age_group":"20-29   ","count":6,"tested":48},{"age_group":"30-39   ","count":13,"tested":95},{"age_group":"40-49   ","count":9,"tested":51},{"age_group":"50-59   ","count":13,"tested":99},{"age_group":"60-69   ","count":6,"tested":54},{"age_group":"70-79   ","count":6,"tested":41}],"race":[{"description":"White","count":56,"tested":324,"color":"rgb(31,119,180)"},{"description":"Left Blank","count":7,"tested":203,"color":"rgb(44,160,44)"}],"gender":[{"description":"Female","count":32,"tested":345,"color":"rgb(255,127,14)"},{"description":"Male","count":33,"tested":197,"color":"rgb(31,119,180)"}]}
