{"age":[{"age_group":"<20","count":142,"tested":1469},{"age_group":"20-29   ","count":149,"tested":1541},{"age_group":"30-39   ","count":120,"tested":1649},{"age_group":"40-49   ","count":156,"tested":1744},{"age_group":"50-59   ","count":118,"tested":2222},{"age_group":"60-69   ","count":86,"tested":1413},{"age_group":"70-79   ","count":58,"tested":696},{"age_group":"80+","count":20,"tested":232}],"race":[{"description":"White","count":294,"tested":3547,"color":"rgb(31,119,180)"},{"description":"Left Blank","count":212,"tested":3542,"color":"rgb(44,160,44)"},{"description":"Hispanic","count":168,"tested":1227,"color":"rgb(214,39,40)"},{"description":"Other","count":50,"tested":487,"color":"rgb(148,103,189)"},{"description":"Black","count":73,"tested":1165,"color":"rgb(255,127,14)"},{"description":"Asian","count":50,"tested":885,"color":"rgb(140,86,75)"}],"gender":[{"description":"Male","count":410,"tested":4757,"color":"rgb(31,119,180)"},{"description":"Female","count":432,"tested":6125,"color":"rgb(255,127,14)"}]}
