{"age":[{"age_group":"<20","count":47,"tested":1296},{"age_group":"20-29   ","count":443,"tested":10914},{"age_group":"30-39   ","count":278,"tested":6507},{"age_group":"40-49   ","count":86,"tested":2293},{"age_group":"50-59   ","count":84,"tested":2313},{"age_group":"60-69   ","count":60,"tested":1759},{"age_group":"70-79   ","count":42,"tested":1192},{"age_group":"80+","count":25,"tested":807}],"race":[{"description":"White","count":434,"tested":7800,"color":"rgb(31,119,180)"},{"description":"Black","count":91,"tested":1831,"color":"rgb(255,127,14)"},{"description":"Asian","count":93,"tested":3584,"color":"rgb(140,86,75)"},{"description":"Other","count":62,"tested":1359,"color":"rgb(148,103,189)"},{"description":"Left Blank","count":295,"tested":11597,"color":"rgb(44,160,44)"},{"description":"Hispanic","count":87,"tested":816,"color":"rgb(214,39,40)"}],"gender":[{"description":"Female","count":477,"tested":13030,"color":"rgb(255,127,14)"},{"description":"Male","count":568,"tested":13429,"color":"rgb(31,119,180)"},{"description":"Unknown/Left Blank","count":20,"tested":635,"color":"rgb(44,160,44)"}]}
