{"age":[{"age_group":"<20","count":414,"tested":4864},{"age_group":"20-29   ","count":339,"tested":3286},{"age_group":"30-39   ","count":310,"tested":3197},{"age_group":"40-49   ","count":345,"tested":3251},{"age_group":"50-59   ","count":347,"tested":3038},{"age_group":"60-69   ","count":240,"tested":2436},{"age_group":"70-79   ","count":105,"tested":1341},{"age_group":"80+","count":35,"tested":974}],"race":[{"description":"Asian","count":31,"tested":238,"color":"rgb(140,86,75)"},{"description":"Left Blank","count":186,"tested":7819,"color":"rgb(44,160,44)"},{"description":"White","count":1719,"tested":12836,"color":"rgb(31,119,180)"},{"description":"Black","count":43,"tested":386,"color":"rgb(255,127,14)"},{"description":"Other","count":22,"tested":404,"color":"rgb(148,103,189)"},{"description":"Hispanic","count":131,"tested":676,"color":"rgb(214,39,40)"}],"gender":[{"description":"Male","count":1013,"tested":9800,"color":"rgb(31,119,180)"},{"description":"Female","count":1119,"tested":12451,"color":"rgb(255,127,14)"}]}
