{"age":[{"age_group":"<20","count":1325,"tested":8694},{"age_group":"20-29   ","count":1635,"tested":13932},{"age_group":"30-39   ","count":1543,"tested":13709},{"age_group":"40-49   ","count":1560,"tested":12251},{"age_group":"50-59   ","count":1240,"tested":10860},{"age_group":"60-69   ","count":706,"tested":8253},{"age_group":"70-79   ","count":354,"tested":4785},{"age_group":"80+","count":152,"tested":2429}],"race":[{"description":"Hispanic","count":3986,"tested":19794,"color":"rgb(214,39,40)"},{"description":"Left Blank","count":2058,"tested":28030,"color":"rgb(44,160,44)"},{"description":"Other","count":647,"tested":5947,"color":"rgb(148,103,189)"},{"description":"White","count":1356,"tested":16521,"color":"rgb(31,119,180)"},{"description":"Asian","count":83,"tested":924,"color":"rgb(140,86,75)"},{"description":"Black","count":382,"tested":3623,"color":"rgb(255,127,14)"}],"gender":[{"description":"Female","count":4445,"tested":41328,"color":"rgb(255,127,14)"},{"description":"Male","count":4008,"tested":31806,"color":"rgb(31,119,180)"},{"description":"Unknown/Left Blank","count":64,"tested":1801,"color":"rgb(44,160,44)"}]}
