{"age":[{"age_group":"<20","count":261,"tested":2396},{"age_group":"20-29   ","count":354,"tested":4240},{"age_group":"30-39   ","count":347,"tested":4524},{"age_group":"40-49   ","count":296,"tested":3801},{"age_group":"50-59   ","count":289,"tested":4283},{"age_group":"60-69   ","count":228,"tested":3359},{"age_group":"70-79   ","count":89,"tested":1404},{"age_group":"80+","count":43,"tested":539}],"race":[{"description":"White","count":35,"tested":376,"color":"rgb(31,119,180)"},{"description":"Left Blank","count":571,"tested":9908,"color":"rgb(44,160,44)"},{"description":"Other","count":30,"tested":360,"color":"rgb(148,103,189)"},{"description":"Black","count":1182,"tested":13488,"color":"rgb(255,127,14)"},{"description":"Hispanic","count":83,"tested":354,"color":"rgb(214,39,40)"}],"gender":[{"description":"Female","count":1132,"tested":15280,"color":"rgb(255,127,14)"},{"description":"Unknown/Left Blank","count":22,"tested":488,"color":"rgb(44,160,44)"},{"description":"Male","count":753,"tested":8785,"color":"rgb(31,119,180)"}]}
