{"age":[{"age_group":"<20","count":92,"tested":788},{"age_group":"20-29   ","count":93,"tested":971},{"age_group":"30-39   ","count":89,"tested":988},{"age_group":"40-49   ","count":77,"tested":792},{"age_group":"50-59   ","count":52,"tested":623},{"age_group":"60-69   ","count":24,"tested":397},{"age_group":"70-79   ","count":8,"tested":162}],"race":[{"description":"White","count":194,"tested":1881,"color":"rgb(31,119,180)"},{"description":"Left Blank","count":104,"tested":2019,"color":"rgb(44,160,44)"},{"description":"Other","count":7,"tested":114,"color":"rgb(148,103,189)"},{"description":"Black","count":34,"tested":236,"color":"rgb(255,127,14)"},{"description":"Hispanic","count":96,"tested":452,"color":"rgb(214,39,40)"}],"gender":[{"description":"Female","count":231,"tested":2761,"color":"rgb(255,127,14)"},{"description":"Male","count":207,"tested":1928,"color":"rgb(31,119,180)"}]}
