{"age":[{"age_group":"<20","count":83,"tested":2018},{"age_group":"20-29   ","count":774,"tested":17449},{"age_group":"30-39   ","count":536,"tested":12750},{"age_group":"40-49   ","count":205,"tested":4980},{"age_group":"50-59   ","count":220,"tested":5273},{"age_group":"60-69   ","count":176,"tested":4749},{"age_group":"70-79   ","count":118,"tested":3584},{"age_group":"80+","count":121,"tested":3395}],"race":[{"description":"NH/PI*","count":8,"tested":36,"color":"rgb(127,127,127)"},{"description":"Black","count":87,"tested":1798,"color":"rgb(255,127,14)"},{"description":"Asian","count":180,"tested":5580,"color":"rgb(140,86,75)"},{"description":"Other","count":207,"tested":2920,"color":"rgb(148,103,189)"},{"description":"Hispanic","count":136,"tested":1476,"color":"rgb(214,39,40)"},{"description":"White","count":1157,"tested":22386,"color":"rgb(31,119,180)"},{"description":"Left Blank","count":457,"tested":19902,"color":"rgb(44,160,44)"}],"gender":[{"description":"Female","count":1143,"tested":29043,"color":"rgb(255,127,14)"},{"description":"Male","count":1042,"tested":24355,"color":"rgb(31,119,180)"},{"description":"Unknown/Left Blank","count":48,"tested":803,"color":"rgb(44,160,44)"}]}
