{"age":[{"age_group":"<20","count":356,"tested":3488},{"age_group":"20-29   ","count":550,"tested":5122},{"age_group":"30-39   ","count":656,"tested":6049},{"age_group":"40-49   ","count":512,"tested":4997},{"age_group":"50-59   ","count":459,"tested":5044},{"age_group":"60-69   ","count":318,"tested":3971},{"age_group":"70-79   ","count":128,"tested":1754},{"age_group":"80+","count":89,"tested":1365}],"race":[{"description":"Black","count":44,"tested":392,"color":"rgb(255,127,14)"},{"description":"Hispanic","count":395,"tested":3147,"color":"rgb(214,39,40)"},{"description":"White","count":1615,"tested":14032,"color":"rgb(31,119,180)"},{"description":"Asian","count":199,"tested":1766,"color":"rgb(140,86,75)"},{"description":"Left Blank","count":613,"tested":10902,"color":"rgb(44,160,44)"},{"description":"Other","count":191,"tested":1448,"color":"rgb(148,103,189)"},{"description":"NH/PI*","count":6,"tested":71,"color":"rgb(127,127,127)"}],"gender":[{"description":"Female","count":1483,"tested":16814,"color":"rgb(255,127,14)"},{"description":"Male","count":1553,"tested":14387,"color":"rgb(31,119,180)"},{"description":"Unknown/Left Blank","count":32,"tested":592,"color":"rgb(44,160,44)"}]}
