{"age":[{"age_group":"<20","count":257,"tested":2681},{"age_group":"20-29   ","count":142,"tested":1510},{"age_group":"30-39   ","count":141,"tested":1636},{"age_group":"40-49   ","count":246,"tested":2101},{"age_group":"50-59   ","count":193,"tested":1754},{"age_group":"60-69   ","count":125,"tested":1432},{"age_group":"70-79   ","count":69,"tested":1100},{"age_group":"80+","count":33,"tested":869}],"race":[{"description":"Other","count":16,"tested":197,"color":"rgb(148,103,189)"},{"description":"Black","count":10,"tested":116,"color":"rgb(255,127,14)"},{"description":"White","count":1024,"tested":7892,"color":"rgb(31,119,180)"},{"description":"Asian","count":10,"tested":69,"color":"rgb(140,86,75)"},{"description":"Hispanic","count":52,"tested":231,"color":"rgb(214,39,40)"},{"description":"Left Blank","count":93,"tested":4541,"color":"rgb(44,160,44)"}],"gender":[{"description":"Male","count":577,"tested":5271,"color":"rgb(31,119,180)"},{"description":"Female","count":627,"tested":7689,"color":"rgb(255,127,14)"}]}
