{"age":[{"age_group":"<20","count":478,"tested":5293},{"age_group":"20-29   ","count":356,"tested":4832},{"age_group":"30-39   ","count":321,"tested":4568},{"age_group":"40-49   ","count":305,"tested":3705},{"age_group":"50-59   ","count":415,"tested":4791},{"age_group":"60-69   ","count":246,"tested":3799},{"age_group":"70-79   ","count":79,"tested":2239},{"age_group":"80+","count":88,"tested":2974}],"race":[{"description":"Left Blank","count":407,"tested":11643,"color":"rgb(44,160,44)"},{"description":"White","count":1497,"tested":17068,"color":"rgb(31,119,180)"},{"description":"Asian","count":62,"tested":555,"color":"rgb(140,86,75)"},{"description":"Hispanic","count":205,"tested":1469,"color":"rgb(214,39,40)"},{"description":"Black","count":45,"tested":662,"color":"rgb(255,127,14)"},{"description":"Other","count":68,"tested":804,"color":"rgb(148,103,189)"}],"gender":[{"description":"Male","count":1092,"tested":13790,"color":"rgb(31,119,180)"},{"description":"Unknown/Left Blank","count":14,"tested":425,"color":"rgb(44,160,44)"},{"description":"Female","count":1183,"tested":18023,"color":"rgb(255,127,14)"}]}
