{"age":[{"age_group":"<20","count":418,"tested":3498},{"age_group":"20-29   ","count":350,"tested":3327},{"age_group":"30-39   ","count":337,"tested":2914},{"age_group":"40-49   ","count":318,"tested":2991},{"age_group":"50-59   ","count":303,"tested":2676},{"age_group":"60-69   ","count":210,"tested":2024},{"age_group":"70-79   ","count":99,"tested":1039},{"age_group":"80+","count":42,"tested":657}],"race":[{"description":"Left Blank","count":261,"tested":8087,"color":"rgb(44,160,44)"},{"description":"Other","count":33,"tested":336,"color":"rgb(148,103,189)"},{"description":"Hispanic","count":700,"tested":2567,"color":"rgb(214,39,40)"},{"description":"White","count":569,"tested":4406,"color":"rgb(31,119,180)"},{"description":"Black","count":507,"tested":3648,"color":"rgb(255,127,14)"}],"gender":[{"description":"Unknown/Left Blank","count":25,"tested":612,"color":"rgb(44,160,44)"},{"description":"Male","count":964,"tested":7598,"color":"rgb(31,119,180)"},{"description":"Female","count":1088,"tested":10916,"color":"rgb(255,127,14)"}]}
