{"age":[{"age_group":"<20","count":30,"tested":315},{"age_group":"20-29   ","count":28,"tested":237},{"age_group":"30-39   ","count":30,"tested":197},{"age_group":"40-49   ","count":17,"tested":211},{"age_group":"50-59   ","count":29,"tested":218},{"age_group":"60-69   ","count":21,"tested":210},{"age_group":"70-79   ","count":12,"tested":157}],"race":[{"description":"Left Blank","count":30,"tested":394,"color":"rgb(44,160,44)"},{"description":"White","count":129,"tested":1068,"color":"rgb(31,119,180)"}],"gender":[{"description":"Female","count":96,"tested":879,"color":"rgb(255,127,14)"},{"description":"Male","count":73,"tested":691,"color":"rgb(31,119,180)"}]}
