{"age":[{"age_group":"<20","count":170,"tested":1563},{"age_group":"20-29   ","count":157,"tested":1783},{"age_group":"30-39   ","count":198,"tested":1742},{"age_group":"40-49   ","count":175,"tested":1555},{"age_group":"50-59   ","count":194,"tested":1642},{"age_group":"60-69   ","count":126,"tested":1508},{"age_group":"70-79   ","count":58,"tested":986},{"age_group":"80+","count":38,"tested":763}],"race":[{"description":"Hispanic","count":216,"tested":885,"color":"rgb(214,39,40)"},{"description":"White","count":610,"tested":6002,"color":"rgb(31,119,180)"},{"description":"Left Blank","count":262,"tested":4310,"color":"rgb(44,160,44)"},{"description":"Other","count":16,"tested":201,"color":"rgb(148,103,189)"}],"gender":[{"description":"Female","count":598,"tested":6853,"color":"rgb(255,127,14)"},{"description":"Male","count":516,"tested":4553,"color":"rgb(31,119,180)"}]}
