{"age":[{"age_group":"<20","count":245,"tested":2465},{"age_group":"20-29   ","count":205,"tested":1742},{"age_group":"30-39   ","count":206,"tested":1655},{"age_group":"40-49   ","count":190,"tested":1474},{"age_group":"50-59   ","count":160,"tested":1471},{"age_group":"60-69   ","count":98,"tested":1077},{"age_group":"70-79   ","count":70,"tested":450},{"age_group":"80+","count":37,"tested":293}],"race":[{"description":"Left Blank","count":104,"tested":3772,"color":"rgb(44,160,44)"},{"description":"White","count":860,"tested":5561,"color":"rgb(31,119,180)"},{"description":"Hispanic","count":161,"tested":498,"color":"rgb(214,39,40)"},{"description":"Other","count":24,"tested":368,"color":"rgb(148,103,189)"},{"description":"Black","count":47,"tested":296,"color":"rgb(255,127,14)"},{"description":"Asian","count":16,"tested":112,"color":"rgb(140,86,75)"}],"gender":[{"description":"Male","count":557,"tested":4435,"color":"rgb(31,119,180)"},{"description":"Female","count":651,"tested":6105,"color":"rgb(255,127,14)"}]}
