{"age":[{"age_group":"<20","count":26,"tested":164},{"age_group":"20-29   ","count":23,"tested":77},{"age_group":"30-39   ","count":26,"tested":123},{"age_group":"40-49   ","count":20,"tested":74},{"age_group":"50-59   ","count":28,"tested":135},{"age_group":"60-69   ","count":28,"tested":122},{"age_group":"70-79   ","count":15,"tested":72}],"race":[{"description":"Left Blank","count":27,"tested":267,"color":"rgb(44,160,44)"},{"description":"White","count":118,"tested":495,"color":"rgb(31,119,180)"}],"gender":[{"description":"Female","count":76,"tested":408,"color":"rgb(255,127,14)"},{"description":"Male","count":71,"tested":379,"color":"rgb(31,119,180)"}]}
