{"age":[{"age_group":"<20","count":43,"tested":228},{"age_group":"20-29   ","count":59,"tested":189},{"age_group":"40-49   ","count":48,"tested":242},{"age_group":"50-59   ","count":53,"tested":331},{"age_group":"60-69   ","count":46,"tested":141}],"race":[{"description":"Other","count":39,"tested":24,"color":"rgb(148,103,189)"},{"description":"White","count":102,"tested":961,"color":"rgb(31,119,180)"},{"description":"Left Blank","count":55,"tested":423,"color":"rgb(44,160,44)"}],"gender":[{"description":"Female","count":92,"tested":941,"color":"rgb(255,127,14)"},{"description":"Male","count":72,"tested":471,"color":"rgb(31,119,180)"}]}
