{"age":[{"age_group":"<20","count":474,"tested":2492},{"age_group":"20-29   ","count":542,"tested":3877},{"age_group":"30-39   ","count":513,"tested":3451},{"age_group":"40-49   ","count":530,"tested":3897},{"age_group":"50-59   ","count":537,"tested":3878},{"age_group":"60-69   ","count":412,"tested":3123},{"age_group":"70-79   ","count":252,"tested":1674},{"age_group":"80+","count":195,"tested":983}],"race":[{"description":"Hispanic","count":477,"tested":1949,"color":"rgb(214,39,40)"},{"description":"Left Blank","count":1231,"tested":11238,"color":"rgb(44,160,44)"},{"description":"Asian","count":112,"tested":88,"color":"rgb(140,86,75)"},{"description":"White","count":524,"tested":3220,"color":"rgb(31,119,180)"},{"description":"Black","count":728,"tested":6349,"color":"rgb(255,127,14)"},{"description":"Other","count":179,"tested":515,"color":"rgb(148,103,189)"}],"gender":[{"description":"Male","count":1279,"tested":8723,"color":"rgb(31,119,180)"},{"description":"Female","count":1543,"tested":14204,"color":"rgb(255,127,14)"},{"description":"Unknown/Left Blank","count":138,"tested":470,"color":"rgb(44,160,44)"}]}
