{"age":[{"age_group":"<20","count":278,"tested":1494},{"age_group":"20-29   ","count":359,"tested":2541},{"age_group":"30-39   ","count":338,"tested":2523},{"age_group":"40-49   ","count":347,"tested":2568},{"age_group":"50-59   ","count":391,"tested":2733},{"age_group":"60-69   ","count":272,"tested":2227},{"age_group":"70-79   ","count":163,"tested":1209},{"age_group":"80+","count":87,"tested":595}],"race":[{"description":"Black","count":801,"tested":6706,"color":"rgb(255,127,14)"},{"description":"Hispanic","count":383,"tested":1474,"color":"rgb(214,39,40)"},{"description":"White","count":195,"tested":951,"color":"rgb(31,119,180)"},{"description":"Asian","count":48,"tested":62,"color":"rgb(140,86,75)"},{"description":"Left Blank","count":617,"tested":6163,"color":"rgb(44,160,44)"},{"description":"Other","count":104,"tested":525,"color":"rgb(148,103,189)"}],"gender":[{"description":"Unknown/Left Blank","count":52,"tested":320,"color":"rgb(44,160,44)"},{"description":"Male","count":914,"tested":6264,"color":"rgb(31,119,180)"},{"description":"Female","count":1065,"tested":9311,"color":"rgb(255,127,14)"}]}
