{"age":[{"age_group":"<20","count":2886,"tested":14286},{"age_group":"20-29   ","count":3321,"tested":21114},{"age_group":"30-39   ","count":2876,"tested":15467},{"age_group":"40-49   ","count":2953,"tested":14743},{"age_group":"50-59   ","count":2267,"tested":11587},{"age_group":"60-69   ","count":1398,"tested":7866},{"age_group":"70-79   ","count":657,"tested":3485},{"age_group":"80+","count":423,"tested":1591}],"race":[{"description":"Hispanic","count":9257,"tested":37203,"color":"rgb(214,39,40)"},{"description":"Asian","count":272,"tested":240,"color":"rgb(140,86,75)"},{"description":"Black","count":1142,"tested":7851,"color":"rgb(255,127,14)"},{"description":"White","count":965,"tested":6778,"color":"rgb(31,119,180)"},{"description":"Left Blank","count":3762,"tested":33609,"color":"rgb(44,160,44)"},{"description":"Other","count":843,"tested":4272,"color":"rgb(148,103,189)"},{"description":"AI/AN**","count":278,"tested":172,"color":"rgb(31,119,180)"},{"description":"NH/PI*","count":262,"tested":51,"color":"rgb(127,127,127)"}],"gender":[{"description":"Female","count":7854,"tested":50091,"color":"rgb(255,127,14)"},{"description":"Male","count":7303,"tested":39304,"color":"rgb(31,119,180)"},{"description":"Unknown/Left Blank","count":349,"tested":781,"color":"rgb(44,160,44)"}]}
