{"age":[{"age_group":"<20","count":52,"tested":224},{"age_group":"20-29   ","count":59,"tested":360},{"age_group":"30-39   ","count":52,"tested":266},{"age_group":"40-49   ","count":55,"tested":229},{"age_group":"50-59   ","count":51,"tested":324},{"age_group":"60-69   ","count":46,"tested":391},{"age_group":"70-79   ","count":38,"tested":155}],"race":[{"description":"Hispanic","count":32,"tested":42,"color":"rgb(214,39,40)"},{"description":"Left Blank","count":58,"tested":616,"color":"rgb(44,160,44)"},{"description":"White","count":153,"tested":1277,"color":"rgb(31,119,180)"},{"description":"Other","count":33,"tested":52,"color":"rgb(148,103,189)"}],"gender":[{"description":"Male","count":117,"tested":777,"color":"rgb(31,119,180)"},{"description":"Female","count":108,"tested":1075,"color":"rgb(255,127,14)"}]}
