{"age":[{"age_group":"<20","count":158,"tested":1470},{"age_group":"20-29   ","count":194,"tested":2055},{"age_group":"30-39   ","count":193,"tested":2041},{"age_group":"40-49   ","count":189,"tested":2019},{"age_group":"50-59   ","count":183,"tested":1992},{"age_group":"60-69   ","count":186,"tested":2236},{"age_group":"70-79   ","count":112,"tested":1218},{"age_group":"80+","count":101,"tested":1254}],"race":[{"description":"White","count":84,"tested":594,"color":"rgb(31,119,180)"},{"description":"Left Blank","count":453,"tested":7022,"color":"rgb(44,160,44)"},{"description":"Other","count":52,"tested":218,"color":"rgb(148,103,189)"},{"description":"Hispanic","count":58,"tested":216,"color":"rgb(214,39,40)"},{"description":"Black","count":602,"tested":6201,"color":"rgb(255,127,14)"}],"gender":[{"description":"Female","count":630,"tested":8278,"color":"rgb(255,127,14)"},{"description":"Male","count":528,"tested":5311,"color":"rgb(31,119,180)"},{"description":"Unknown/Left Blank","count":48,"tested":704,"color":"rgb(44,160,44)"}]}
