{"age":[{"age_group":"<20","count":72,"tested":285},{"age_group":"20-29   ","count":77,"tested":226},{"age_group":"30-39   ","count":68,"tested":241},{"age_group":"40-49   ","count":75,"tested":329},{"age_group":"50-59   ","count":72,"tested":307},{"age_group":"60-69   ","count":62,"tested":239},{"age_group":"70-79   ","count":55,"tested":208}],"race":[{"description":"White","count":162,"tested":1574,"color":"rgb(31,119,180)"},{"description":"Left Blank","count":67,"tested":298,"color":"rgb(44,160,44)"}],"gender":[{"description":"Female","count":116,"tested":1181,"color":"rgb(255,127,14)"},{"description":"Male","count":121,"tested":746,"color":"rgb(31,119,180)"}]}
