{"age":[{"age_group":"<20","count":484,"tested":2354},{"age_group":"20-29   ","count":615,"tested":4174},{"age_group":"30-39   ","count":508,"tested":3797},{"age_group":"40-49   ","count":482,"tested":3696},{"age_group":"50-59   ","count":470,"tested":4122},{"age_group":"60-69   ","count":307,"tested":2567},{"age_group":"70-79   ","count":174,"tested":945},{"age_group":"80+","count":135,"tested":484}],"race":[{"description":"White","count":277,"tested":2581,"color":"rgb(31,119,180)"},{"description":"Other","count":156,"tested":633,"color":"rgb(148,103,189)"},{"description":"Left Blank","count":1197,"tested":10871,"color":"rgb(44,160,44)"},{"description":"Black","count":396,"tested":4421,"color":"rgb(255,127,14)"},{"description":"Hispanic","count":885,"tested":3561,"color":"rgb(214,39,40)"},{"description":"Asian","count":91,"tested":37,"color":"rgb(140,86,75)"}],"gender":[{"description":"Female","count":1387,"tested":11006,"color":"rgb(255,127,14)"},{"description":"Male","count":1265,"tested":10899,"color":"rgb(31,119,180)"},{"description":"Unknown/Left Blank","count":98,"tested":237,"color":"rgb(44,160,44)"}]}
