{"age":[{"age_group":"<20","count":281,"tested":1893},{"age_group":"20-29   ","count":318,"tested":2416},{"age_group":"30-39   ","count":280,"tested":2240},{"age_group":"40-49   ","count":307,"tested":1972},{"age_group":"50-59   ","count":330,"tested":2431},{"age_group":"60-69   ","count":267,"tested":2586},{"age_group":"70-79   ","count":174,"tested":1679},{"age_group":"80+","count":141,"tested":928}],"race":[{"description":"Black","count":124,"tested":291,"color":"rgb(255,127,14)"},{"description":"Hispanic","count":183,"tested":474,"color":"rgb(214,39,40)"},{"description":"White","count":703,"tested":5735,"color":"rgb(31,119,180)"},{"description":"Asian","count":166,"tested":811,"color":"rgb(140,86,75)"},{"description":"Other","count":160,"tested":648,"color":"rgb(148,103,189)"},{"description":"Left Blank","count":570,"tested":8157,"color":"rgb(44,160,44)"}],"gender":[{"description":"Female","count":780,"tested":8984,"color":"rgb(255,127,14)"},{"description":"Male","count":737,"tested":7070,"color":"rgb(31,119,180)"},{"description":"Unknown/Left Blank","count":106,"tested":94,"color":"rgb(44,160,44)"}]}
