{"age":[{"age_group":"<20","count":76,"tested":197},{"age_group":"20-29   ","count":64,"tested":315},{"age_group":"30-39   ","count":64,"tested":332},{"age_group":"40-49   ","count":70,"tested":242},{"age_group":"50-59   ","count":79,"tested":409},{"age_group":"60-69   ","count":58,"tested":377},{"age_group":"70-79   ","count":50,"tested":184},{"age_group":"80+","count":45,"tested":105}],"race":[{"description":"White","count":147,"tested":1158,"color":"rgb(31,119,180)"},{"description":"Hispanic","count":54,"tested":81,"color":"rgb(214,39,40)"},{"description":"Black","count":45,"tested":53,"color":"rgb(255,127,14)"},{"description":"Left Blank","count":101,"tested":767,"color":"rgb(44,160,44)"}],"gender":[{"description":"Female","count":131,"tested":1182,"color":"rgb(255,127,14)"},{"description":"Male","count":138,"tested":960,"color":"rgb(31,119,180)"}]}
