{"age":[{"age_group":"<20","count":188,"tested":1975},{"age_group":"20-29   ","count":1182,"tested":17266},{"age_group":"30-39   ","count":635,"tested":10576},{"age_group":"40-49   ","count":302,"tested":3612},{"age_group":"50-59   ","count":294,"tested":4030},{"age_group":"60-69   ","count":257,"tested":4070},{"age_group":"70-79   ","count":240,"tested":3879},{"age_group":"80+","count":176,"tested":2811}],"race":[{"description":"Hispanic","count":222,"tested":761,"color":"rgb(214,39,40)"},{"description":"Asian","count":153,"tested":1186,"color":"rgb(140,86,75)"},{"description":"White","count":1167,"tested":16021,"color":"rgb(31,119,180)"},{"description":"Left Blank","count":892,"tested":24985,"color":"rgb(44,160,44)"},{"description":"Other","count":206,"tested":1639,"color":"rgb(148,103,189)"},{"description":"Black","count":425,"tested":3579,"color":"rgb(255,127,14)"}],"gender":[{"description":"Unknown/Left Blank","count":148,"tested":843,"color":"rgb(44,160,44)"},{"description":"Male","count":1206,"tested":19970,"color":"rgb(31,119,180)"},{"description":"Female","count":1405,"tested":27412,"color":"rgb(255,127,14)"}]}
