{"age":[{"age_group":"<20","count":370,"tested":1550},{"age_group":"20-29   ","count":455,"tested":2790},{"age_group":"30-39   ","count":432,"tested":2775},{"age_group":"40-49   ","count":413,"tested":2637},{"age_group":"50-59   ","count":342,"tested":2744},{"age_group":"60-69   ","count":270,"tested":2132},{"age_group":"70-79   ","count":198,"tested":1049},{"age_group":"80+","count":160,"tested":410}],"race":[{"description":"AI/AN**","count":143,"tested":55,"color":"rgb(31,119,180)"},{"description":"Other","count":182,"tested":873,"color":"rgb(148,103,189)"},{"description":"Black","count":332,"tested":2208,"color":"rgb(255,127,14)"},{"description":"Left Blank","count":701,"tested":7322,"color":"rgb(44,160,44)"},{"description":"White","count":438,"tested":3720,"color":"rgb(31,119,180)"},{"description":"Hispanic","count":588,"tested":1826,"color":"rgb(214,39,40)"}],"gender":[{"description":"Unknown/Left Blank","count":143,"tested":709,"color":"rgb(44,160,44)"},{"description":"Male","count":917,"tested":6354,"color":"rgb(31,119,180)"},{"description":"Female","count":950,"tested":9028,"color":"rgb(255,127,14)"}]}
