{"age":[{"age_group":"<20","count":526,"tested":5425},{"age_group":"20-29   ","count":630,"tested":7341},{"age_group":"30-39   ","count":633,"tested":7621},{"age_group":"40-49   ","count":641,"tested":8926},{"age_group":"50-59   ","count":652,"tested":9823},{"age_group":"60-69   ","count":524,"tested":9609},{"age_group":"70-79   ","count":334,"tested":5145},{"age_group":"80+","count":309,"tested":3941}],"race":[{"description":"Other","count":230,"tested":1093,"color":"rgb(148,103,189)"},{"description":"Left Blank","count":1340,"tested":32286,"color":"rgb(44,160,44)"},{"description":"Hispanic","count":181,"tested":777,"color":"rgb(214,39,40)"},{"description":"White","count":469,"tested":6169,"color":"rgb(31,119,180)"},{"description":"Black","count":1708,"tested":17348,"color":"rgb(255,127,14)"}],"gender":[{"description":"Unknown/Left Blank","count":172,"tested":3665,"color":"rgb(44,160,44)"},{"description":"Male","count":1594,"tested":22871,"color":"rgb(31,119,180)"},{"description":"Female","count":1963,"tested":31312,"color":"rgb(255,127,14)"}]}
