{"age":[{"age_group":"<20","count":857,"tested":5153},{"age_group":"20-29   ","count":1000,"tested":8757},{"age_group":"30-39   ","count":927,"tested":8215},{"age_group":"40-49   ","count":904,"tested":7538},{"age_group":"50-59   ","count":842,"tested":8659},{"age_group":"60-69   ","count":556,"tested":6072},{"age_group":"70-79   ","count":410,"tested":4235},{"age_group":"80+","count":344,"tested":3391}],"race":[{"description":"AI/AN**","count":193,"tested":39,"color":"rgb(31,119,180)"},{"description":"NH/PI*","count":192,"tested":41,"color":"rgb(127,127,127)"},{"description":"Asian","count":362,"tested":2156,"color":"rgb(140,86,75)"},{"description":"Other","count":395,"tested":1794,"color":"rgb(148,103,189)"},{"description":"Left Blank","count":1520,"tested":27107,"color":"rgb(44,160,44)"},{"description":"White","count":987,"tested":9567,"color":"rgb(31,119,180)"},{"description":"Black","count":766,"tested":5680,"color":"rgb(255,127,14)"},{"description":"Hispanic","count":1425,"tested":5656,"color":"rgb(214,39,40)"}],"gender":[{"description":"Male","count":2222,"tested":20357,"color":"rgb(31,119,180)"},{"description":"Unknown/Left Blank","count":205,"tested":680,"color":"rgb(44,160,44)"},{"description":"Female","count":2483,"tested":31003,"color":"rgb(255,127,14)"}]}
