{"age":[{"age_group":"<20","count":44,"tested":262},{"age_group":"20-29   ","count":38,"tested":240},{"age_group":"30-39   ","count":24,"tested":204},{"age_group":"40-49   ","count":24,"tested":183},{"age_group":"50-59   ","count":34,"tested":318},{"age_group":"60-69   ","count":40,"tested":328},{"age_group":"70-79   ","count":23,"tested":214},{"age_group":"80+","count":13,"tested":73}],"race":[{"description":"Left Blank","count":18,"tested":201,"color":"rgb(44,160,44)"},{"description":"Hispanic","count":13,"tested":40,"color":"rgb(214,39,40)"},{"description":"White","count":163,"tested":1514,"color":"rgb(31,119,180)"},{"description":"Black","count":14,"tested":33,"color":"rgb(255,127,14)"}],"gender":[{"description":"Female","count":104,"tested":1199,"color":"rgb(255,127,14)"},{"description":"Male","count":94,"tested":606,"color":"rgb(31,119,180)"}]}
