{"age":[{"age_group":"<20","count":94,"tested":553},{"age_group":"20-29   ","count":140,"tested":921},{"age_group":"30-39   ","count":104,"tested":771},{"age_group":"40-49   ","count":130,"tested":1041},{"age_group":"50-59   ","count":132,"tested":1152},{"age_group":"60-69   ","count":132,"tested":970},{"age_group":"70-79   ","count":73,"tested":528},{"age_group":"80+","count":54,"tested":278}],"race":[{"description":"Other","count":57,"tested":184,"color":"rgb(148,103,189)"},{"description":"Black","count":118,"tested":790,"color":"rgb(255,127,14)"},{"description":"White","count":283,"tested":2626,"color":"rgb(31,119,180)"},{"description":"Left Blank","count":204,"tested":2246,"color":"rgb(44,160,44)"},{"description":"Hispanic","count":83,"tested":255,"color":"rgb(214,39,40)"}],"gender":[{"description":"Female","count":334,"tested":3626,"color":"rgb(255,127,14)"},{"description":"Male","count":306,"tested":2527,"color":"rgb(31,119,180)"}]}
