{"age":[{"age_group":"<20","count":699,"tested":3830},{"age_group":"20-29   ","count":796,"tested":6180},{"age_group":"30-39   ","count":691,"tested":5202},{"age_group":"40-49   ","count":734,"tested":4252},{"age_group":"50-59   ","count":704,"tested":5511},{"age_group":"60-69   ","count":556,"tested":4267},{"age_group":"70-79   ","count":328,"tested":2048},{"age_group":"80+","count":305,"tested":2145}],"race":[{"description":"Hispanic","count":810,"tested":2045,"color":"rgb(214,39,40)"},{"description":"Left Blank","count":1107,"tested":16605,"color":"rgb(44,160,44)"},{"description":"White","count":1455,"tested":10207,"color":"rgb(31,119,180)"},{"description":"Asian","count":516,"tested":2314,"color":"rgb(140,86,75)"},{"description":"Black","count":305,"tested":1232,"color":"rgb(255,127,14)"},{"description":"Other","count":296,"tested":976,"color":"rgb(148,103,189)"}],"gender":[{"description":"Male","count":1869,"tested":13975,"color":"rgb(31,119,180)"},{"description":"Unknown/Left Blank","count":166,"tested":445,"color":"rgb(44,160,44)"},{"description":"Female","count":1993,"tested":19018,"color":"rgb(255,127,14)"}]}
