{"age":[{"age_group":"<20","count":10,"tested":99},{"age_group":"20-29   ","count":10,"tested":76},{"age_group":"30-39   ","count":10,"tested":46},{"age_group":"40-49   ","count":13,"tested":103},{"age_group":"50-59   ","count":10,"tested":93}],"race":[{"description":"White","count":45,"tested":388,"color":"rgb(31,119,180)"},{"description":"Left Blank","count":8,"tested":130,"color":"rgb(44,160,44)"}],"gender":[{"description":"Female","count":35,"tested":357,"color":"rgb(255,127,14)"},{"description":"Male","count":19,"tested":179,"color":"rgb(31,119,180)"}]}
