{"age":[{"age_group":"<20","count":100,"tested":975},{"age_group":"20-29   ","count":94,"tested":333},{"age_group":"30-39   ","count":99,"tested":279},{"age_group":"40-49   ","count":89,"tested":213},{"age_group":"50-59   ","count":91,"tested":214},{"age_group":"60-69   ","count":89,"tested":229},{"age_group":"70-79   ","count":83,"tested":122}],"race":[{"description":"Left Blank","count":102,"tested":1065,"color":"rgb(44,160,44)"},{"description":"Hispanic","count":114,"tested":367,"color":"rgb(214,39,40)"},{"description":"White","count":137,"tested":904,"color":"rgb(31,119,180)"}],"gender":[{"description":"Male","count":138,"tested":1224,"color":"rgb(31,119,180)"},{"description":"Female","count":142,"tested":1096,"color":"rgb(255,127,14)"}]}
