{"age":[{"age_group":"<20","count":352,"tested":1812},{"age_group":"20-29   ","count":477,"tested":5081},{"age_group":"30-39   ","count":486,"tested":5725},{"age_group":"40-49   ","count":480,"tested":6382},{"age_group":"50-59   ","count":524,"tested":7474},{"age_group":"60-69   ","count":540,"tested":7901},{"age_group":"70-79   ","count":380,"tested":4480},{"age_group":"80+","count":544,"tested":6567}],"race":[{"description":"Black","count":152,"tested":585,"color":"rgb(255,127,14)"},{"description":"White","count":1034,"tested":8406,"color":"rgb(31,119,180)"},{"description":"Asian","count":442,"tested":3284,"color":"rgb(140,86,75)"},{"description":"Hispanic","count":393,"tested":1565,"color":"rgb(214,39,40)"},{"description":"Left Blank","count":1117,"tested":29562,"color":"rgb(44,160,44)"},{"description":"Other","count":414,"tested":1887,"color":"rgb(148,103,189)"},{"description":"AI/AN**","count":114,"tested":47,"color":"rgb(31,119,180)"},{"description":"NH/PI*","count":118,"tested":113,"color":"rgb(127,127,127)"}],"gender":[{"description":"Female","count":1692,"tested":27432,"color":"rgb(255,127,14)"},{"description":"Male","count":1435,"tested":17097,"color":"rgb(31,119,180)"},{"description":"Unknown/Left Blank","count":132,"tested":920,"color":"rgb(44,160,44)"}]}
