{"age":[{"age_group":"<20","count":93,"tested":385},{"age_group":"20-29   ","count":81,"tested":399},{"age_group":"30-39   ","count":74,"tested":435},{"age_group":"40-49   ","count":83,"tested":356},{"age_group":"50-59   ","count":82,"tested":497},{"age_group":"60-69   ","count":91,"tested":486},{"age_group":"70-79   ","count":77,"tested":332},{"age_group":"80+","count":71,"tested":221}],"race":[{"description":"White","count":189,"tested":1484,"color":"rgb(31,119,180)"},{"description":"Hispanic","count":97,"tested":243,"color":"rgb(214,39,40)"},{"description":"Left Blank","count":90,"tested":1329,"color":"rgb(44,160,44)"},{"description":"Other","count":61,"tested":37,"color":"rgb(148,103,189)"}],"gender":[{"description":"Female","count":188,"tested":1974,"color":"rgb(255,127,14)"},{"description":"Male","count":145,"tested":1011,"color":"rgb(31,119,180)"}]}
