{"age":[{"age_group":"<20","count":286,"tested":1138},{"age_group":"20-29   ","count":389,"tested":2177},{"age_group":"30-39   ","count":340,"tested":2037},{"age_group":"40-49   ","count":334,"tested":1854},{"age_group":"50-59   ","count":313,"tested":1911},{"age_group":"60-69   ","count":244,"tested":2076},{"age_group":"70-79   ","count":210,"tested":1440},{"age_group":"80+","count":219,"tested":1248}],"race":[{"description":"Left Blank","count":543,"tested":6430,"color":"rgb(44,160,44)"},{"description":"Other","count":180,"tested":690,"color":"rgb(148,103,189)"},{"description":"Black","count":385,"tested":2282,"color":"rgb(255,127,14)"},{"description":"Hispanic","count":526,"tested":1570,"color":"rgb(214,39,40)"},{"description":"White","count":341,"tested":2770,"color":"rgb(31,119,180)"},{"description":"AI/AN**","count":135,"tested":73,"color":"rgb(31,119,180)"}],"gender":[{"description":"Female","count":923,"tested":8267,"color":"rgb(255,127,14)"},{"description":"Male","count":746,"tested":5341,"color":"rgb(31,119,180)"},{"description":"Unknown/Left Blank","count":116,"tested":278,"color":"rgb(44,160,44)"}]}
