{"age":[{"age_group":"<20","count":566,"tested":2669},{"age_group":"20-29   ","count":730,"tested":4092},{"age_group":"30-39   ","count":669,"tested":3464},{"age_group":"40-49   ","count":655,"tested":3067},{"age_group":"50-59   ","count":545,"tested":2750},{"age_group":"60-69   ","count":365,"tested":2377},{"age_group":"70-79   ","count":235,"tested":1870},{"age_group":"80+","count":184,"tested":1895}],"race":[{"description":"White","count":669,"tested":4681,"color":"rgb(31,119,180)"},{"description":"Other","count":277,"tested":1137,"color":"rgb(148,103,189)"},{"description":"Left Blank","count":1034,"tested":9753,"color":"rgb(44,160,44)"},{"description":"Black","count":199,"tested":805,"color":"rgb(255,127,14)"},{"description":"Hispanic","count":1420,"tested":5705,"color":"rgb(214,39,40)"},{"description":"Asian","count":124,"tested":133,"color":"rgb(140,86,75)"}],"gender":[{"description":"Female","count":1642,"tested":12351,"color":"rgb(255,127,14)"},{"description":"Male","count":1609,"tested":9595,"color":"rgb(31,119,180)"},{"description":"Unknown/Left Blank","count":139,"tested":284,"color":"rgb(44,160,44)"}]}
