{"age":[{"age_group":"<20","count":162,"tested":1586},{"age_group":"20-29   ","count":152,"tested":1983},{"age_group":"30-39   ","count":143,"tested":1327},{"age_group":"40-49   ","count":142,"tested":2326},{"age_group":"50-59   ","count":159,"tested":2217},{"age_group":"60-69   ","count":132,"tested":1862},{"age_group":"70-79   ","count":117,"tested":1222},{"age_group":"80+","count":138,"tested":1258}],"race":[{"description":"Other","count":122,"tested":546,"color":"rgb(148,103,189)"},{"description":"Left Blank","count":188,"tested":5516,"color":"rgb(44,160,44)"},{"description":"Asian","count":103,"tested":615,"color":"rgb(140,86,75)"},{"description":"Black","count":105,"tested":243,"color":"rgb(255,127,14)"},{"description":"Hispanic","count":137,"tested":943,"color":"rgb(214,39,40)"},{"description":"White","count":327,"tested":5867,"color":"rgb(31,119,180)"}],"gender":[{"description":"Female","count":337,"tested":7160,"color":"rgb(255,127,14)"},{"description":"Male","count":317,"tested":6488,"color":"rgb(31,119,180)"}]}
