{"age":[{"age_group":"<20","count":358,"tested":2195},{"age_group":"20-29   ","count":368,"tested":2732},{"age_group":"30-39   ","count":364,"tested":2952},{"age_group":"40-49   ","count":371,"tested":2898},{"age_group":"50-59   ","count":314,"tested":3206},{"age_group":"60-69   ","count":265,"tested":3226},{"age_group":"70-79   ","count":174,"tested":1728},{"age_group":"80+","count":161,"tested":1577}],"race":[{"description":"White","count":465,"tested":3890,"color":"rgb(31,119,180)"},{"description":"Other","count":209,"tested":888,"color":"rgb(148,103,189)"},{"description":"Left Blank","count":807,"tested":12504,"color":"rgb(44,160,44)"},{"description":"Hispanic","count":270,"tested":1011,"color":"rgb(214,39,40)"},{"description":"Black","count":322,"tested":2121,"color":"rgb(255,127,14)"}],"gender":[{"description":"Male","count":850,"tested":8151,"color":"rgb(31,119,180)"},{"description":"Unknown/Left Blank","count":110,"tested":196,"color":"rgb(44,160,44)"},{"description":"Female","count":925,"tested":12170,"color":"rgb(255,127,14)"}]}
