{"age":[{"age_group":"<20","count":413,"tested":2307},{"age_group":"20-29   ","count":463,"tested":3297},{"age_group":"30-39   ","count":455,"tested":3389},{"age_group":"40-49   ","count":460,"tested":3025},{"age_group":"50-59   ","count":461,"tested":3445},{"age_group":"60-69   ","count":348,"tested":3430},{"age_group":"70-79   ","count":252,"tested":1938},{"age_group":"80+","count":223,"tested":1465}],"race":[{"description":"Hispanic","count":706,"tested":2673,"color":"rgb(214,39,40)"},{"description":"Asian","count":209,"tested":1032,"color":"rgb(140,86,75)"},{"description":"Black","count":170,"tested":350,"color":"rgb(255,127,14)"},{"description":"Left Blank","count":668,"tested":9754,"color":"rgb(44,160,44)"},{"description":"White","count":811,"tested":7891,"color":"rgb(31,119,180)"},{"description":"Other","count":237,"tested":554,"color":"rgb(148,103,189)"}],"gender":[{"description":"Male","count":1128,"tested":9579,"color":"rgb(31,119,180)"},{"description":"Unknown/Left Blank","count":148,"tested":452,"color":"rgb(44,160,44)"},{"description":"Female","count":1114,"tested":12270,"color":"rgb(255,127,14)"}]}
