{"age":[{"age_group":"<20","count":21,"tested":143},{"age_group":"20-29   ","count":16,"tested":140},{"age_group":"40-49   ","count":28,"tested":144},{"age_group":"50-59   ","count":29,"tested":169},{"age_group":"60-69   ","count":15,"tested":170},{"age_group":"70-79   ","count":13,"tested":137},{"age_group":"80+","count":11,"tested":103}],"race":[{"description":"White","count":63,"tested":535,"color":"rgb(31,119,180)"},{"description":"Left Blank","count":48,"tested":553,"color":"rgb(44,160,44)"}],"gender":[{"description":"Male","count":53,"tested":423,"color":"rgb(31,119,180)"},{"description":"Female","count":59,"tested":689,"color":"rgb(255,127,14)"}]}
