{"age":[{"age_group":"<20","count":990,"tested":7595},{"age_group":"20-29   ","count":1156,"tested":10309},{"age_group":"30-39   ","count":1020,"tested":9003},{"age_group":"40-49   ","count":1046,"tested":8700},{"age_group":"50-59   ","count":956,"tested":8846},{"age_group":"60-69   ","count":680,"tested":7789},{"age_group":"70-79   ","count":389,"tested":4850},{"age_group":"80+","count":241,"tested":2861}],"race":[{"description":"Left Blank","count":1688,"tested":21512,"color":"rgb(44,160,44)"},{"description":"White","count":601,"tested":4998,"color":"rgb(31,119,180)"},{"description":"Other","count":191,"tested":1331,"color":"rgb(148,103,189)"},{"description":"Asian","count":79,"tested":86,"color":"rgb(140,86,75)"},{"description":"Hispanic","count":2146,"tested":12658,"color":"rgb(214,39,40)"},{"description":"Black","count":1643,"tested":19275,"color":"rgb(255,127,14)"},{"description":"AI/AN**","count":68,"tested":95,"color":"rgb(31,119,180)"}],"gender":[{"description":"Male","count":2838,"tested":24936,"color":"rgb(31,119,180)"},{"description":"Unknown/Left Blank","count":89,"tested":688,"color":"rgb(44,160,44)"},{"description":"Female","count":3246,"tested":34357,"color":"rgb(255,127,14)"}]}
