{"age":[{"age_group":"<20","count":18,"tested":153},{"age_group":"20-29   ","count":19,"tested":250},{"age_group":"30-39   ","count":19,"tested":295},{"age_group":"40-49   ","count":23,"tested":222},{"age_group":"50-59   ","count":23,"tested":201},{"age_group":"60-69   ","count":19,"tested":226}],"race":[{"description":"Left Blank","count":25,"tested":1094,"color":"rgb(44,160,44)"},{"description":"White","count":60,"tested":2218,"color":"rgb(31,119,180)"}],"gender":[{"description":"Male","count":38,"tested":792,"color":"rgb(31,119,180)"},{"description":"Female","count":48,"tested":2501,"color":"rgb(255,127,14)"}]}
