{"age":[{"age_group":"<20","count":97,"tested":645},{"age_group":"20-29   ","count":136,"tested":1066},{"age_group":"30-39   ","count":128,"tested":1059},{"age_group":"40-49   ","count":110,"tested":991},{"age_group":"50-59   ","count":134,"tested":1196},{"age_group":"60-69   ","count":101,"tested":983},{"age_group":"70-79   ","count":62,"tested":685},{"age_group":"80+","count":54,"tested":593}],"race":[{"description":"Left Blank","count":237,"tested":3125,"color":"rgb(44,160,44)"},{"description":"Other","count":56,"tested":153,"color":"rgb(148,103,189)"},{"description":"White","count":265,"tested":3275,"color":"rgb(31,119,180)"},{"description":"Hispanic","count":113,"tested":421,"color":"rgb(214,39,40)"},{"description":"Black","count":47,"tested":123,"color":"rgb(255,127,14)"},{"description":"Asian","count":39,"tested":89,"color":"rgb(140,86,75)"}],"gender":[{"description":"Female","count":320,"tested":4322,"color":"rgb(255,127,14)"},{"description":"Male","count":308,"tested":2846,"color":"rgb(31,119,180)"}]}
