{"age":[{"age_group":"<20","count":55,"tested":343},{"age_group":"20-29   ","count":64,"tested":391},{"age_group":"30-39   ","count":57,"tested":458},{"age_group":"40-49   ","count":49,"tested":334},{"age_group":"50-59   ","count":67,"tested":474},{"age_group":"60-69   ","count":62,"tested":397},{"age_group":"70-79   ","count":35,"tested":248}],"race":[{"description":"Hispanic","count":47,"tested":105,"color":"rgb(214,39,40)"},{"description":"White","count":137,"tested":1799,"color":"rgb(31,119,180)"},{"description":"Left Blank","count":95,"tested":1146,"color":"rgb(44,160,44)"}],"gender":[{"description":"Male","count":122,"tested":1312,"color":"rgb(31,119,180)"},{"description":"Female","count":134,"tested":1785,"color":"rgb(255,127,14)"}]}
