{"age":[{"age_group":"<20","count":44,"tested":279},{"age_group":"20-29   ","count":39,"tested":310},{"age_group":"30-39   ","count":43,"tested":258},{"age_group":"40-49   ","count":38,"tested":242},{"age_group":"50-59   ","count":60,"tested":264},{"age_group":"60-69   ","count":28,"tested":214},{"age_group":"70-79   ","count":19,"tested":80},{"age_group":"80+","count":19,"tested":59}],"race":[{"description":"Left Blank","count":108,"tested":707,"color":"rgb(44,160,44)"},{"description":"White","count":122,"tested":957,"color":"rgb(31,119,180)"}],"gender":[{"description":"Female","count":129,"tested":990,"color":"rgb(255,127,14)"},{"description":"Male","count":107,"tested":696,"color":"rgb(31,119,180)"}]}
