{"age":[{"age_group":"<20","count":241,"tested":1246},{"age_group":"20-29   ","count":300,"tested":2701},{"age_group":"30-39   ","count":276,"tested":2301},{"age_group":"40-49   ","count":263,"tested":2256},{"age_group":"50-59   ","count":243,"tested":2491},{"age_group":"60-69   ","count":186,"tested":2833},{"age_group":"70-79   ","count":102,"tested":1466},{"age_group":"80+","count":71,"tested":866}],"race":[{"description":"Hispanic","count":275,"tested":1191,"color":"rgb(214,39,40)"},{"description":"Asian","count":40,"tested":96,"color":"rgb(140,86,75)"},{"description":"White","count":360,"tested":3098,"color":"rgb(31,119,180)"},{"description":"Black","count":107,"tested":857,"color":"rgb(255,127,14)"},{"description":"Other","count":70,"tested":305,"color":"rgb(148,103,189)"},{"description":"Left Blank","count":758,"tested":10593,"color":"rgb(44,160,44)"}],"gender":[{"description":"Female","count":819,"tested":9033,"color":"rgb(255,127,14)"},{"description":"Male","count":639,"tested":6885,"color":"rgb(31,119,180)"},{"description":"Unknown/Left Blank","count":54,"tested":246,"color":"rgb(44,160,44)"}]}
