{"age":[{"age_group":"<20","count":176,"tested":1675},{"age_group":"20-29   ","count":162,"tested":2408},{"age_group":"30-39   ","count":140,"tested":2089},{"age_group":"40-49   ","count":167,"tested":2242},{"age_group":"50-59   ","count":143,"tested":2519},{"age_group":"60-69   ","count":116,"tested":2517},{"age_group":"70-79   ","count":71,"tested":1783},{"age_group":"80+","count":94,"tested":3402}],"race":[{"description":"White","count":377,"tested":5906,"color":"rgb(31,119,180)"},{"description":"Hispanic","count":101,"tested":682,"color":"rgb(214,39,40)"},{"description":"Black","count":63,"tested":664,"color":"rgb(255,127,14)"},{"description":"Other","count":81,"tested":387,"color":"rgb(148,103,189)"},{"description":"Left Blank","count":307,"tested":10834,"color":"rgb(44,160,44)"}],"gender":[{"description":"Unknown/Left Blank","count":51,"tested":370,"color":"rgb(44,160,44)"},{"description":"Male","count":382,"tested":7023,"color":"rgb(31,119,180)"},{"description":"Female","count":411,"tested":11248,"color":"rgb(255,127,14)"}]}
