{"age":[{"age_group":"<20","count":479,"tested":3176},{"age_group":"20-29   ","count":584,"tested":5023},{"age_group":"30-39   ","count":563,"tested":4414},{"age_group":"40-49   ","count":480,"tested":3295},{"age_group":"50-59   ","count":462,"tested":4188},{"age_group":"60-69   ","count":327,"tested":3283},{"age_group":"70-79   ","count":146,"tested":1398},{"age_group":"80+","count":133,"tested":873}],"race":[{"description":"Other","count":183,"tested":763,"color":"rgb(148,103,189)"},{"description":"Black","count":126,"tested":620,"color":"rgb(255,127,14)"},{"description":"Asian","count":152,"tested":1082,"color":"rgb(140,86,75)"},{"description":"White","count":888,"tested":8890,"color":"rgb(31,119,180)"},{"description":"Hispanic","count":949,"tested":3988,"color":"rgb(214,39,40)"},{"description":"Left Blank","count":746,"tested":10270,"color":"rgb(44,160,44)"}],"gender":[{"description":"Female","count":1419,"tested":14343,"color":"rgb(255,127,14)"},{"description":"Male","count":1358,"tested":11025,"color":"rgb(31,119,180)"},{"description":"Unknown/Left Blank","count":77,"tested":284,"color":"rgb(44,160,44)"}]}
