{"age":[{"age_group":"<20","count":168,"tested":795},{"age_group":"20-29   ","count":180,"tested":1037},{"age_group":"30-39   ","count":155,"tested":964},{"age_group":"40-49   ","count":138,"tested":869},{"age_group":"50-59   ","count":180,"tested":1215},{"age_group":"60-69   ","count":143,"tested":859},{"age_group":"70-79   ","count":96,"tested":513}],"race":[{"description":"Other","count":85,"tested":77,"color":"rgb(148,103,189)"},{"description":"White","count":391,"tested":3629,"color":"rgb(31,119,180)"},{"description":"Left Blank","count":263,"tested":2357,"color":"rgb(44,160,44)"},{"description":"Hispanic","count":110,"tested":276,"color":"rgb(214,39,40)"}],"gender":[{"description":"Female","count":374,"tested":3693,"color":"rgb(255,127,14)"},{"description":"Male","count":339,"tested":2696,"color":"rgb(31,119,180)"}]}
