{"age":[{"age_group":"<20","count":584,"tested":4475},{"age_group":"20-29   ","count":496,"tested":4500},{"age_group":"30-39   ","count":417,"tested":4171},{"age_group":"40-49   ","count":511,"tested":4741},{"age_group":"50-59   ","count":556,"tested":5615},{"age_group":"60-69   ","count":428,"tested":4082},{"age_group":"70-79   ","count":370,"tested":3038},{"age_group":"80+","count":425,"tested":5172}],"race":[{"description":"Black","count":215,"tested":242,"color":"rgb(255,127,14)"},{"description":"Other","count":299,"tested":844,"color":"rgb(148,103,189)"},{"description":"Left Blank","count":777,"tested":18473,"color":"rgb(44,160,44)"},{"description":"White","count":1436,"tested":13760,"color":"rgb(31,119,180)"},{"description":"Asian","count":285,"tested":1419,"color":"rgb(140,86,75)"},{"description":"Hispanic","count":366,"tested":1001,"color":"rgb(214,39,40)"}],"gender":[{"description":"Male","count":1256,"tested":13975,"color":"rgb(31,119,180)"},{"description":"Unknown/Left Blank","count":223,"tested":355,"color":"rgb(44,160,44)"},{"description":"Female","count":1303,"tested":21472,"color":"rgb(255,127,14)"}]}
