{"age":[{"age_group":"<20","count":318,"tested":1725},{"age_group":"20-29   ","count":389,"tested":3033},{"age_group":"30-39   ","count":369,"tested":2962},{"age_group":"40-49   ","count":387,"tested":2742},{"age_group":"50-59   ","count":332,"tested":2711},{"age_group":"60-69   ","count":207,"tested":2058},{"age_group":"70-79   ","count":105,"tested":973},{"age_group":"80+","count":101,"tested":1343}],"race":[{"description":"Asian","count":80,"tested":316,"color":"rgb(140,86,75)"},{"description":"NH/PI*","count":49,"tested":27,"color":"rgb(127,127,127)"},{"description":"Black","count":57,"tested":150,"color":"rgb(255,127,14)"},{"description":"Other","count":116,"tested":677,"color":"rgb(148,103,189)"},{"description":"Hispanic","count":766,"tested":3729,"color":"rgb(214,39,40)"},{"description":"Left Blank","count":527,"tested":8540,"color":"rgb(44,160,44)"},{"description":"White","count":568,"tested":4097,"color":"rgb(31,119,180)"}],"gender":[{"description":"Male","count":940,"tested":7182,"color":"rgb(31,119,180)"},{"description":"Female","count":1006,"tested":10117,"color":"rgb(255,127,14)"}]}
