{"age":[{"age_group":"<20","count":26,"tested":190},{"age_group":"20-29   ","count":25,"tested":130},{"age_group":"30-39   ","count":23,"tested":115},{"age_group":"40-49   ","count":22,"tested":87},{"age_group":"50-59   ","count":33,"tested":157},{"age_group":"60-69   ","count":21,"tested":126},{"age_group":"70-79   ","count":12,"tested":64},{"age_group":"80+","count":9,"tested":36}],"race":[{"description":"Left Blank","count":38,"tested":314,"color":"rgb(44,160,44)"},{"description":"White","count":110,"tested":572,"color":"rgb(31,119,180)"}],"gender":[{"description":"Female","count":88,"tested":535,"color":"rgb(255,127,14)"},{"description":"Male","count":63,"tested":364,"color":"rgb(31,119,180)"}]}
