{"age":[{"age_group":"<20","count":184,"tested":1543},{"age_group":"20-29   ","count":181,"tested":1103},{"age_group":"30-39   ","count":154,"tested":1083},{"age_group":"40-49   ","count":166,"tested":1036},{"age_group":"50-59   ","count":138,"tested":968},{"age_group":"60-69   ","count":87,"tested":679},{"age_group":"70-79   ","count":73,"tested":316},{"age_group":"80+","count":35,"tested":187}],"race":[{"description":"Left Blank","count":198,"tested":2628,"color":"rgb(44,160,44)"},{"description":"White","count":506,"tested":3449,"color":"rgb(31,119,180)"},{"description":"Hispanic","count":144,"tested":343,"color":"rgb(214,39,40)"},{"description":"Other","count":57,"tested":258,"color":"rgb(148,103,189)"},{"description":"Black","count":41,"tested":155,"color":"rgb(255,127,14)"},{"description":"Asian","count":35,"tested":70,"color":"rgb(140,86,75)"}],"gender":[{"description":"Unknown/Left Blank","count":27,"tested":70,"color":"rgb(44,160,44)"},{"description":"Male","count":417,"tested":2902,"color":"rgb(31,119,180)"},{"description":"Female","count":481,"tested":3943,"color":"rgb(255,127,14)"}]}
