{"age":[{"age_group":"<20","count":161,"tested":1035},{"age_group":"20-29   ","count":143,"tested":1073},{"age_group":"30-39   ","count":118,"tested":951},{"age_group":"40-49   ","count":158,"tested":962},{"age_group":"50-59   ","count":163,"tested":1277},{"age_group":"60-69   ","count":121,"tested":1066},{"age_group":"70-79   ","count":74,"tested":782},{"age_group":"80+","count":66,"tested":408}],"race":[{"description":"Left Blank","count":223,"tested":2507,"color":"rgb(44,160,44)"},{"description":"Hispanic","count":103,"tested":372,"color":"rgb(214,39,40)"},{"description":"Other","count":64,"tested":182,"color":"rgb(148,103,189)"},{"description":"White","count":420,"tested":4355,"color":"rgb(31,119,180)"}],"gender":[{"description":"Female","count":365,"tested":3948,"color":"rgb(255,127,14)"},{"description":"Male","count":361,"tested":3553,"color":"rgb(31,119,180)"}]}
