{"age":[{"age_group":"<20","count":224,"tested":1031},{"age_group":"20-29   ","count":279,"tested":2042},{"age_group":"30-39   ","count":277,"tested":1804},{"age_group":"40-49   ","count":242,"tested":1503},{"age_group":"50-59   ","count":309,"tested":1924},{"age_group":"60-69   ","count":225,"tested":1750},{"age_group":"70-79   ","count":181,"tested":1136},{"age_group":"80+","count":135,"tested":550}],"race":[{"description":"Hispanic","count":148,"tested":417,"color":"rgb(214,39,40)"},{"description":"Asian","count":84,"tested":136,"color":"rgb(140,86,75)"},{"description":"Black","count":102,"tested":303,"color":"rgb(255,127,14)"},{"description":"White","count":541,"tested":3228,"color":"rgb(31,119,180)"},{"description":"Left Blank","count":713,"tested":7217,"color":"rgb(44,160,44)"},{"description":"Other","count":148,"tested":438,"color":"rgb(148,103,189)"}],"gender":[{"description":"Unknown/Left Blank","count":85,"tested":134,"color":"rgb(44,160,44)"},{"description":"Male","count":691,"tested":4618,"color":"rgb(31,119,180)"},{"description":"Female","count":766,"tested":6997,"color":"rgb(255,127,14)"}]}
