{"age":[{"age_group":"<20","count":448,"tested":3700},{"age_group":"20-29   ","count":503,"tested":3689},{"age_group":"30-39   ","count":483,"tested":3987},{"age_group":"40-49   ","count":535,"tested":4040},{"age_group":"50-59   ","count":466,"tested":3664},{"age_group":"60-69   ","count":303,"tested":2296},{"age_group":"70-79   ","count":209,"tested":1486},{"age_group":"80+","count":223,"tested":1053}],"race":[{"description":"Black","count":261,"tested":1234,"color":"rgb(255,127,14)"},{"description":"White","count":1022,"tested":9677,"color":"rgb(31,119,180)"},{"description":"Asian","count":154,"tested":442,"color":"rgb(140,86,75)"},{"description":"Other","count":174,"tested":843,"color":"rgb(148,103,189)"},{"description":"Hispanic","count":519,"tested":2189,"color":"rgb(214,39,40)"},{"description":"Left Blank","count":815,"tested":9508,"color":"rgb(44,160,44)"}],"gender":[{"description":"Male","count":1166,"tested":10095,"color":"rgb(31,119,180)"},{"description":"Female","count":1323,"tested":13622,"color":"rgb(255,127,14)"},{"description":"Unknown/Left Blank","count":121,"tested":199,"color":"rgb(44,160,44)"}]}
