{"age":[{"age_group":"<20","count":404,"tested":2094},{"age_group":"20-29   ","count":391,"tested":1955},{"age_group":"30-39   ","count":374,"tested":2442},{"age_group":"40-49   ","count":413,"tested":2547},{"age_group":"50-59   ","count":411,"tested":2310},{"age_group":"60-69   ","count":307,"tested":2020},{"age_group":"70-79   ","count":261,"tested":1489},{"age_group":"80+","count":230,"tested":984}],"race":[{"description":"Black","count":188,"tested":215,"color":"rgb(255,127,14)"},{"description":"Asian","count":274,"tested":908,"color":"rgb(140,86,75)"},{"description":"Hispanic","count":338,"tested":873,"color":"rgb(214,39,40)"},{"description":"Left Blank","count":691,"tested":7517,"color":"rgb(44,160,44)"},{"description":"White","count":752,"tested":5983,"color":"rgb(31,119,180)"},{"description":"Other","count":218,"tested":325,"color":"rgb(148,103,189)"}],"gender":[{"description":"Female","count":944,"tested":8760,"color":"rgb(255,127,14)"},{"description":"Male","count":861,"tested":6892,"color":"rgb(31,119,180)"},{"description":"Unknown/Left Blank","count":172,"tested":194,"color":"rgb(44,160,44)"}]}
