{"age":[{"age_group":"<20","count":8,"tested":86},{"age_group":"20-29   ","count":13,"tested":139},{"age_group":"30-39   ","count":11,"tested":123},{"age_group":"40-49   ","count":10,"tested":94},{"age_group":"50-59   ","count":10,"tested":80},{"age_group":"60-69   ","count":9,"tested":99},{"age_group":"70-79   ","count":9,"tested":53}],"race":[{"description":"White","count":16,"tested":232,"color":"rgb(31,119,180)"},{"description":"Left Blank","count":37,"tested":384,"color":"rgb(44,160,44)"}],"gender":[{"description":"Female","count":37,"tested":444,"color":"rgb(255,127,14)"},{"description":"Male","count":25,"tested":257,"color":"rgb(31,119,180)"}]}
