{"age":[{"age_group":"<20","count":409,"tested":3957},{"age_group":"20-29   ","count":416,"tested":4234},{"age_group":"30-39   ","count":297,"tested":3460},{"age_group":"40-49   ","count":360,"tested":3513},{"age_group":"50-59   ","count":376,"tested":4256},{"age_group":"60-69   ","count":323,"tested":3792},{"age_group":"70-79   ","count":193,"tested":1837},{"age_group":"80+","count":171,"tested":766}],"race":[{"description":"Hispanic","count":206,"tested":702,"color":"rgb(214,39,40)"},{"description":"White","count":891,"tested":10573,"color":"rgb(31,119,180)"},{"description":"Left Blank","count":651,"tested":11240,"color":"rgb(44,160,44)"},{"description":"Other","count":155,"tested":887,"color":"rgb(148,103,189)"},{"description":"Asian","count":248,"tested":1789,"color":"rgb(140,86,75)"},{"description":"Black","count":176,"tested":578,"color":"rgb(255,127,14)"}],"gender":[{"description":"Unknown/Left Blank","count":117,"tested":297,"color":"rgb(44,160,44)"},{"description":"Male","count":927,"tested":11528,"color":"rgb(31,119,180)"},{"description":"Female","count":966,"tested":13991,"color":"rgb(255,127,14)"}]}
