{"age":[{"age_group":"<20","count":535,"tested":4730},{"age_group":"20-29   ","count":706,"tested":7452},{"age_group":"30-39   ","count":666,"tested":7446},{"age_group":"40-49   ","count":565,"tested":7199},{"age_group":"50-59   ","count":559,"tested":7523},{"age_group":"60-69   ","count":464,"tested":6676},{"age_group":"70-79   ","count":203,"tested":3217},{"age_group":"80+","count":180,"tested":2168}],"race":[{"description":"Hispanic","count":709,"tested":2813,"color":"rgb(214,39,40)"},{"description":"Asian","count":336,"tested":1926,"color":"rgb(140,86,75)"},{"description":"Left Blank","count":978,"tested":27214,"color":"rgb(44,160,44)"},{"description":"White","count":961,"tested":8785,"color":"rgb(31,119,180)"},{"description":"Black","count":406,"tested":3159,"color":"rgb(255,127,14)"},{"description":"Other","count":393,"tested":2415,"color":"rgb(148,103,189)"},{"description":"AI/AN**","count":50,"tested":61,"color":"rgb(31,119,180)"}],"gender":[{"description":"Unknown/Left Blank","count":66,"tested":2357,"color":"rgb(44,160,44)"},{"description":"Male","count":1765,"tested":19360,"color":"rgb(31,119,180)"},{"description":"Female","count":1837,"tested":24713,"color":"rgb(255,127,14)"}]}
