{"age":[{"age_group":"<20","count":164,"tested":912},{"age_group":"20-29   ","count":234,"tested":1647},{"age_group":"30-39   ","count":191,"tested":1614},{"age_group":"40-49   ","count":196,"tested":1433},{"age_group":"50-59   ","count":168,"tested":1582},{"age_group":"60-69   ","count":134,"tested":1202},{"age_group":"70-79   ","count":71,"tested":520},{"age_group":"80+","count":49,"tested":356}],"race":[{"description":"Black","count":121,"tested":996,"color":"rgb(255,127,14)"},{"description":"Asian","count":31,"tested":40,"color":"rgb(140,86,75)"},{"description":"Other","count":83,"tested":394,"color":"rgb(148,103,189)"},{"description":"Hispanic","count":184,"tested":752,"color":"rgb(214,39,40)"},{"description":"White","count":318,"tested":2289,"color":"rgb(31,119,180)"},{"description":"Left Blank","count":422,"tested":4784,"color":"rgb(44,160,44)"}],"gender":[{"description":"Female","count":612,"tested":5758,"color":"rgb(255,127,14)"},{"description":"Male","count":453,"tested":3310,"color":"rgb(31,119,180)"}]}
