{"age":[{"age_group":"<20","count":945,"tested":8906},{"age_group":"20-29   ","count":1406,"tested":18484},{"age_group":"30-39   ","count":1555,"tested":23039},{"age_group":"40-49   ","count":1232,"tested":12963},{"age_group":"50-59   ","count":927,"tested":8533},{"age_group":"60-69   ","count":627,"tested":5404},{"age_group":"70-79   ","count":365,"tested":2707},{"age_group":"80+","count":294,"tested":1912}],"race":[{"description":"AI/AN**","count":176,"tested":80,"color":"rgb(31,119,180)"},{"description":"NH/PI*","count":176,"tested":134,"color":"rgb(127,127,127)"},{"description":"Black","count":291,"tested":1928,"color":"rgb(255,127,14)"},{"description":"Asian","count":298,"tested":2481,"color":"rgb(140,86,75)"},{"description":"Hispanic","count":2833,"tested":14919,"color":"rgb(214,39,40)"},{"description":"White","count":1509,"tested":26066,"color":"rgb(31,119,180)"},{"description":"Other","count":451,"tested":3636,"color":"rgb(148,103,189)"},{"description":"Left Blank","count":1618,"tested":32728,"color":"rgb(44,160,44)"}],"gender":[{"description":"Female","count":3100,"tested":43695,"color":"rgb(255,127,14)"},{"description":"Unknown/Left Blank","count":203,"tested":1689,"color":"rgb(44,160,44)"},{"description":"Male","count":3229,"tested":36588,"color":"rgb(31,119,180)"}]}
