{"age":[{"age_group":"<20","count":46,"tested":165},{"age_group":"20-29   ","count":47,"tested":161},{"age_group":"30-39   ","count":47,"tested":173},{"age_group":"40-49   ","count":43,"tested":171},{"age_group":"50-59   ","count":42,"tested":196},{"age_group":"60-69   ","count":42,"tested":244},{"age_group":"70-79   ","count":33,"tested":113}],"race":[{"description":"White","count":117,"tested":1035,"color":"rgb(31,119,180)"},{"description":"Other","count":33,"tested":37,"color":"rgb(148,103,189)"},{"description":"Left Blank","count":46,"tested":187,"color":"rgb(44,160,44)"}],"gender":[{"description":"Female","count":95,"tested":814,"color":"rgb(255,127,14)"},{"description":"Male","count":76,"tested":462,"color":"rgb(31,119,180)"}]}
