{"age":[{"age_group":"<20","count":301,"tested":1781},{"age_group":"20-29   ","count":393,"tested":2987},{"age_group":"30-39   ","count":406,"tested":2778},{"age_group":"40-49   ","count":368,"tested":2689},{"age_group":"50-59   ","count":291,"tested":2400},{"age_group":"60-69   ","count":191,"tested":1971},{"age_group":"70-79   ","count":125,"tested":1218},{"age_group":"80+","count":70,"tested":616}],"race":[{"description":"Hispanic","count":493,"tested":2164,"color":"rgb(214,39,40)"},{"description":"Left Blank","count":518,"tested":5313,"color":"rgb(44,160,44)"},{"description":"White","count":155,"tested":995,"color":"rgb(31,119,180)"},{"description":"Other","count":115,"tested":884,"color":"rgb(148,103,189)"},{"description":"Black","count":788,"tested":7003,"color":"rgb(255,127,14)"}],"gender":[{"description":"Male","count":906,"tested":6823,"color":"rgb(31,119,180)"},{"description":"Unknown/Left Blank","count":60,"tested":316,"color":"rgb(44,160,44)"},{"description":"Female","count":1059,"tested":9307,"color":"rgb(255,127,14)"}]}
