{"lastUpdatedDate":{"year":2021,"month":6,"day":12},"county_demographics":[{"County":"Menard","confirmed_cases":1248,"total_tested":21433,"demographics":{"age":[{"race":[],"age_group":"<20","count":196,"tested":3353,"deaths":0},{"race":[],"age_group":"20-29   ","count":181,"tested":2910,"deaths":0},{"race":[],"age_group":"30-39   ","count":163,"tested":3327,"deaths":0},{"race":[],"age_group":"40-49   ","count":180,"tested":2993,"deaths":0},{"race":[],"age_group":"50-59   ","count":216,"tested":3012,"deaths":0},{"race":[],"age_group":"60-69   ","count":129,"tested":2390,"deaths":0},{"race":[],"age_group":"70-79   ","count":91,"tested":1755,"deaths":0},{"race":[],"age_group":"80+","count":92,"tested":1692,"deaths":0},{"race":[],"age_group":"Unknown","count":0,"tested":0,"deaths":0}],"race":[{"description":"AI/AN**","count":0,"tested":22,"deaths":0,"color":"rgb(31,119,180)"},{"description":"Asian","count":0,"tested":18,"deaths":0,"color":"rgb(140,86,75)"},{"description":"Black","count":0,"tested":109,"deaths":0,"color":"rgb(255,127,14)"},{"description":"Hispanic","count":6,"tested":128,"deaths":0,"color":"rgb(214,39,40)"},{"description":"Left Blank","count":556,"tested":7878,"deaths":0,"color":"rgb(44,160,44)"},{"description":"NH/PI*","count":0,"tested":0,"deaths":0,"color":"rgb(127,127,127)"},{"description":"Other","count":0,"tested":190,"deaths":0,"color":"rgb(148,103,189)"},{"description":"White","count":672,"tested":13084,"deaths":0,"color":"rgb(31,119,180)"}],"gender":[{"description":"Female","count":578,"tested":12337,"deaths":0,"color":"rgb(255,127,14)"},{"description":"Male","count":506,"tested":8208,"deaths":0,"color":"rgb(31,119,180)"},{"description":"Unknown/Left Blank","count":164,"tested":888,"deaths":0,"color":"rgb(44,160,44)"}]}}]}
