{"lastUpdatedDate":{"year":2021,"month":6,"day":12},"county_demographics":[{"County":"De Witt","confirmed_cases":1571,"total_tested":27115,"demographics":{"age":[{"race":[],"age_group":"<20","count":276,"tested":4766,"deaths":0},{"race":[],"age_group":"20-29   ","count":215,"tested":4440,"deaths":0},{"race":[],"age_group":"30-39   ","count":228,"tested":3767,"deaths":0},{"race":[],"age_group":"40-49   ","count":206,"tested":3410,"deaths":0},{"race":[],"age_group":"50-59   ","count":234,"tested":3592,"deaths":0},{"race":[],"age_group":"60-69   ","count":181,"tested":3040,"deaths":0},{"race":[],"age_group":"70-79   ","count":130,"tested":2008,"deaths":0},{"race":[],"age_group":"80+","count":101,"tested":2091,"deaths":0},{"race":[],"age_group":"Unknown","count":0,"tested":0,"deaths":0}],"race":[{"description":"AI/AN**","count":0,"tested":31,"deaths":0,"color":"rgb(31,119,180)"},{"description":"Asian","count":0,"tested":50,"deaths":0,"color":"rgb(140,86,75)"},{"description":"Black","count":8,"tested":145,"deaths":0,"color":"rgb(255,127,14)"},{"description":"Hispanic","count":37,"tested":293,"deaths":0,"color":"rgb(214,39,40)"},{"description":"Left Blank","count":334,"tested":11991,"deaths":0,"color":"rgb(44,160,44)"},{"description":"NH/PI*","count":0,"tested":9,"deaths":0,"color":"rgb(127,127,127)"},{"description":"Other","count":10,"tested":323,"deaths":0,"color":"rgb(148,103,189)"},{"description":"White","count":1170,"tested":14273,"deaths":0,"color":"rgb(31,119,180)"}],"gender":[{"description":"Female","count":835,"tested":16578,"deaths":0,"color":"rgb(255,127,14)"},{"description":"Male","count":724,"tested":10041,"deaths":0,"color":"rgb(31,119,180)"},{"description":"Unknown/Left Blank","count":12,"tested":496,"deaths":0,"color":"rgb(44,160,44)"}]}}]}
