{"lastUpdatedDate":{"year":2021,"month":6,"day":12},"county_demographics":[{"County":"Calhoun","confirmed_cases":528,"total_tested":6250,"demographics":{"age":[{"race":[],"age_group":"<20","count":107,"tested":1019,"deaths":0},{"race":[],"age_group":"20-29   ","count":78,"tested":807,"deaths":0},{"race":[],"age_group":"30-39   ","count":77,"tested":935,"deaths":0},{"race":[],"age_group":"40-49   ","count":65,"tested":712,"deaths":0},{"race":[],"age_group":"50-59   ","count":63,"tested":887,"deaths":0},{"race":[],"age_group":"60-69   ","count":79,"tested":657,"deaths":0},{"race":[],"age_group":"70-79   ","count":35,"tested":518,"deaths":0},{"race":[],"age_group":"80+","count":24,"tested":713,"deaths":0},{"race":[],"age_group":"Unknown","count":0,"tested":0,"deaths":0}],"race":[{"description":"AI/AN**","count":0,"tested":0,"deaths":0,"color":"rgb(31,119,180)"},{"description":"Asian","count":0,"tested":0,"deaths":0,"color":"rgb(140,86,75)"},{"description":"Black","count":0,"tested":27,"deaths":0,"color":"rgb(255,127,14)"},{"description":"Hispanic","count":0,"tested":0,"deaths":0,"color":"rgb(214,39,40)"},{"description":"Left Blank","count":77,"tested":1450,"deaths":0,"color":"rgb(44,160,44)"},{"description":"Other","count":0,"tested":38,"deaths":0,"color":"rgb(148,103,189)"},{"description":"White","count":441,"tested":4726,"deaths":0,"color":"rgb(31,119,180)"}],"gender":[{"description":"Female","count":279,"tested":3929,"deaths":0,"color":"rgb(255,127,14)"},{"description":"Male","count":246,"tested":2233,"deaths":0,"color":"rgb(31,119,180)"},{"description":"Unknown/Left Blank","count":0,"tested":88,"deaths":0,"color":"rgb(44,160,44)"}]}}]}
