{"lastUpdatedDate":{"year":2021,"month":6,"day":12},"county_demographics":[{"County":"Warren","confirmed_cases":1836,"total_tested":21672,"demographics":{"age":[{"race":[],"age_group":"<20","count":223,"tested":3151,"deaths":0},{"race":[],"age_group":"20-29   ","count":266,"tested":4837,"deaths":0},{"race":[],"age_group":"30-39   ","count":283,"tested":3130,"deaths":0},{"race":[],"age_group":"40-49   ","count":312,"tested":2936,"deaths":0},{"race":[],"age_group":"50-59   ","count":283,"tested":2893,"deaths":0},{"race":[],"age_group":"60-69   ","count":225,"tested":2453,"deaths":0},{"race":[],"age_group":"70-79   ","count":138,"tested":1404,"deaths":0},{"race":[],"age_group":"80+","count":106,"tested":866,"deaths":0},{"race":[],"age_group":"Unknown","count":0,"tested":0,"deaths":0}],"race":[{"description":"AI/AN**","count":0,"tested":19,"deaths":0,"color":"rgb(31,119,180)"},{"description":"Asian","count":19,"tested":78,"deaths":0,"color":"rgb(140,86,75)"},{"description":"Black","count":42,"tested":351,"deaths":0,"color":"rgb(255,127,14)"},{"description":"Hispanic","count":144,"tested":836,"deaths":0,"color":"rgb(214,39,40)"},{"description":"Left Blank","count":517,"tested":9283,"deaths":0,"color":"rgb(44,160,44)"},{"description":"NH/PI*","count":0,"tested":13,"deaths":0,"color":"rgb(127,127,127)"},{"description":"Other","count":20,"tested":310,"deaths":0,"color":"rgb(148,103,189)"},{"description":"White","count":1089,"tested":10782,"deaths":0,"color":"rgb(31,119,180)"}],"gender":[{"description":"Female","count":952,"tested":11562,"deaths":0,"color":"rgb(255,127,14)"},{"description":"Male","count":826,"tested":8857,"deaths":0,"color":"rgb(31,119,180)"},{"description":"Unknown/Left Blank","count":58,"tested":1253,"deaths":0,"color":"rgb(44,160,44)"}]}}]}
