{"lastUpdatedDate":{"year":2021,"month":6,"day":12},"county_demographics":[{"County":"Franklin","confirmed_cases":4544,"total_tested":56162,"demographics":{"age":[{"race":[],"age_group":"<20","count":635,"tested":5940,"deaths":0},{"race":[],"age_group":"20-29   ","count":672,"tested":8061,"deaths":0},{"race":[],"age_group":"30-39   ","count":587,"tested":7986,"deaths":0},{"race":[],"age_group":"40-49   ","count":662,"tested":8238,"deaths":0},{"race":[],"age_group":"50-59   ","count":725,"tested":8695,"deaths":0},{"race":[],"age_group":"60-69   ","count":588,"tested":6689,"deaths":0},{"race":[],"age_group":"70-79   ","count":426,"tested":5245,"deaths":0},{"race":[],"age_group":"80+","count":249,"tested":5289,"deaths":0},{"race":[],"age_group":"Unknown","count":0,"tested":19,"deaths":0}],"race":[{"description":"AI/AN**","count":0,"tested":11,"deaths":0,"color":"rgb(31,119,180)"},{"description":"Asian","count":0,"tested":45,"deaths":0,"color":"rgb(140,86,75)"},{"description":"Black","count":15,"tested":233,"deaths":0,"color":"rgb(255,127,14)"},{"description":"Hispanic","count":37,"tested":335,"deaths":0,"color":"rgb(214,39,40)"},{"description":"Left Blank","count":1288,"tested":21500,"deaths":0,"color":"rgb(44,160,44)"},{"description":"NH/PI*","count":0,"tested":0,"deaths":0,"color":"rgb(127,127,127)"},{"description":"Other","count":27,"tested":424,"deaths":0,"color":"rgb(148,103,189)"},{"description":"White","count":3167,"tested":33613,"deaths":0,"color":"rgb(31,119,180)"}],"gender":[{"description":"Female","count":2459,"tested":31400,"deaths":0,"color":"rgb(255,127,14)"},{"description":"Male","count":1961,"tested":19505,"deaths":0,"color":"rgb(31,119,180)"},{"description":"Unknown/Left Blank","count":123,"tested":5257,"deaths":0,"color":"rgb(44,160,44)"}]}}]}
