{"lastUpdatedDate":{"year":2021,"month":5,"day":24},"county_demographics":[{"County":"Henry","confirmed_cases":5038,"total_tested":73092,"demographics":{"age":[{"race":[],"age_group":"<20","count":810,"tested":9684,"deaths":0},{"race":[],"age_group":"20-29   ","count":691,"tested":9890,"deaths":0},{"race":[],"age_group":"30-39   ","count":731,"tested":11155,"deaths":0},{"race":[],"age_group":"40-49   ","count":757,"tested":10651,"deaths":0},{"race":[],"age_group":"50-59   ","count":778,"tested":11619,"deaths":0},{"race":[],"age_group":"60-69   ","count":639,"tested":8860,"deaths":0},{"race":[],"age_group":"70-79   ","count":325,"tested":5114,"deaths":0},{"race":[],"age_group":"80+","count":302,"tested":5956,"deaths":0},{"race":[],"age_group":"Unknown","count":0,"tested":163,"deaths":0}],"race":[{"description":"AI/AN**","count":0,"tested":32,"deaths":0,"color":"rgb(31,119,180)"},{"description":"Asian","count":0,"tested":72,"deaths":0,"color":"rgb(140,86,75)"},{"description":"Black","count":74,"tested":835,"deaths":0,"color":"rgb(255,127,14)"},{"description":"Hispanic","count":225,"tested":1332,"deaths":0,"color":"rgb(214,39,40)"},{"description":"Left Blank","count":1495,"tested":38660,"deaths":0,"color":"rgb(44,160,44)"},{"description":"NH/PI*","count":0,"tested":19,"deaths":0,"color":"rgb(127,127,127)"},{"description":"Other","count":123,"tested":1501,"deaths":0,"color":"rgb(148,103,189)"},{"description":"White","count":3111,"tested":30641,"deaths":0,"color":"rgb(31,119,180)"}],"gender":[{"description":"Female","count":2748,"tested":42679,"deaths":0,"color":"rgb(255,127,14)"},{"description":"Male","count":2243,"tested":25478,"deaths":0,"color":"rgb(31,119,180)"},{"description":"Unknown/Left Blank","count":43,"tested":4935,"deaths":0,"color":"rgb(44,160,44)"}]}}]}
