{"lastUpdatedDate":{"year":2021,"month":5,"day":24},"county_demographics":[{"County":"Randolph","confirmed_cases":4141,"total_tested":62842,"demographics":{"age":[{"race":[],"age_group":"<20","count":612,"tested":5681,"deaths":0},{"race":[],"age_group":"20-29   ","count":668,"tested":9524,"deaths":0},{"race":[],"age_group":"30-39   ","count":653,"tested":11436,"deaths":0},{"race":[],"age_group":"40-49   ","count":624,"tested":11202,"deaths":0},{"race":[],"age_group":"50-59   ","count":576,"tested":8975,"deaths":0},{"race":[],"age_group":"60-69   ","count":468,"tested":6143,"deaths":0},{"race":[],"age_group":"70-79   ","count":250,"tested":3532,"deaths":0},{"race":[],"age_group":"80+","count":285,"tested":6319,"deaths":0},{"race":[],"age_group":"Unknown","count":0,"tested":30,"deaths":0}],"race":[{"description":"AI/AN**","count":0,"tested":9,"deaths":0,"color":"rgb(31,119,180)"},{"description":"Asian","count":0,"tested":57,"deaths":0,"color":"rgb(140,86,75)"},{"description":"Black","count":214,"tested":2746,"deaths":0,"color":"rgb(255,127,14)"},{"description":"Hispanic","count":137,"tested":547,"deaths":0,"color":"rgb(214,39,40)"},{"description":"Left Blank","count":1359,"tested":28638,"deaths":0,"color":"rgb(44,160,44)"},{"description":"NH/PI*","count":0,"tested":20,"deaths":0,"color":"rgb(127,127,127)"},{"description":"Other","count":16,"tested":422,"deaths":0,"color":"rgb(148,103,189)"},{"description":"White","count":2410,"tested":30403,"deaths":0,"color":"rgb(31,119,180)"}],"gender":[{"description":"Female","count":2120,"tested":32952,"deaths":0,"color":"rgb(255,127,14)"},{"description":"Male","count":1918,"tested":24111,"deaths":0,"color":"rgb(31,119,180)"},{"description":"Unknown/Left Blank","count":103,"tested":5779,"deaths":0,"color":"rgb(44,160,44)"}]}}]}
