{"lastUpdatedDate":{"year":2021,"month":5,"day":24},"county_demographics":[{"County":"Clark","confirmed_cases":1816,"total_tested":18143,"demographics":{"age":[{"race":[],"age_group":"<20","count":342,"tested":2985,"deaths":0},{"race":[],"age_group":"20-29   ","count":247,"tested":2067,"deaths":0},{"race":[],"age_group":"30-39   ","count":263,"tested":2708,"deaths":0},{"race":[],"age_group":"40-49   ","count":228,"tested":2210,"deaths":0},{"race":[],"age_group":"50-59   ","count":250,"tested":2468,"deaths":0},{"race":[],"age_group":"60-69   ","count":210,"tested":2303,"deaths":0},{"race":[],"age_group":"70-79   ","count":125,"tested":1414,"deaths":0},{"race":[],"age_group":"80+","count":151,"tested":1967,"deaths":0},{"race":[],"age_group":"Unknown","count":0,"tested":21,"deaths":0}],"race":[{"description":"AI/AN**","count":0,"tested":0,"deaths":0,"color":"rgb(31,119,180)"},{"description":"Asian","count":0,"tested":13,"deaths":0,"color":"rgb(140,86,75)"},{"description":"Black","count":0,"tested":37,"deaths":0,"color":"rgb(255,127,14)"},{"description":"Hispanic","count":9,"tested":47,"deaths":0,"color":"rgb(214,39,40)"},{"description":"Left Blank","count":344,"tested":7613,"deaths":0,"color":"rgb(44,160,44)"},{"description":"Other","count":8,"tested":273,"deaths":0,"color":"rgb(148,103,189)"},{"description":"White","count":1445,"tested":10156,"deaths":0,"color":"rgb(31,119,180)"}],"gender":[{"description":"Female","count":846,"tested":11312,"deaths":0,"color":"rgb(255,127,14)"},{"description":"Male","count":590,"tested":6016,"deaths":0,"color":"rgb(31,119,180)"},{"description":"Unknown/Left Blank","count":380,"tested":815,"deaths":0,"color":"rgb(44,160,44)"}]}}]}
