{"lastUpdatedDate":{"year":2021,"month":5,"day":24},"county_demographics":[{"County":"Peoria","confirmed_cases":23322,"total_tested":350975,"demographics":{"age":[{"race":[],"age_group":"<20","count":4754,"tested":69163,"deaths":0},{"race":[],"age_group":"20-29   ","count":4264,"tested":59403,"deaths":0},{"race":[],"age_group":"30-39   ","count":3626,"tested":52053,"deaths":0},{"race":[],"age_group":"40-49   ","count":3257,"tested":44346,"deaths":0},{"race":[],"age_group":"50-59   ","count":3200,"tested":45117,"deaths":0},{"race":[],"age_group":"60-69   ","count":2303,"tested":37728,"deaths":0},{"race":[],"age_group":"70-79   ","count":1152,"tested":22383,"deaths":0},{"race":[],"age_group":"80+","count":765,"tested":20494,"deaths":0},{"race":[],"age_group":"Unknown","count":0,"tested":288,"deaths":0}],"race":[{"description":"AI/AN**","count":21,"tested":259,"deaths":0,"color":"rgb(31,119,180)"},{"description":"Asian","count":328,"tested":2914,"deaths":0,"color":"rgb(140,86,75)"},{"description":"Black","count":4954,"tested":31978,"deaths":0,"color":"rgb(255,127,14)"},{"description":"Hispanic","count":1356,"tested":5310,"deaths":0,"color":"rgb(214,39,40)"},{"description":"Left Blank","count":2060,"tested":186433,"deaths":0,"color":"rgb(44,160,44)"},{"description":"NH/PI*","count":16,"tested":196,"deaths":0,"color":"rgb(127,127,127)"},{"description":"Other","count":576,"tested":12413,"deaths":0,"color":"rgb(148,103,189)"},{"description":"White","count":14005,"tested":111472,"deaths":0,"color":"rgb(31,119,180)"}],"gender":[{"description":"Female","count":12491,"tested":197228,"deaths":0,"color":"rgb(255,127,14)"},{"description":"Male","count":10568,"tested":139504,"deaths":0,"color":"rgb(31,119,180)"},{"description":"Unknown/Left Blank","count":263,"tested":14243,"deaths":0,"color":"rgb(44,160,44)"}]}}]}
