{"lastUpdatedDate":{"year":2021,"month":5,"day":24},"county_demographics":[{"County":"Wabash","confirmed_cases":1349,"total_tested":14420,"demographics":{"age":[{"race":[],"age_group":"<20","count":266,"tested":2383,"deaths":0},{"race":[],"age_group":"20-29   ","count":161,"tested":2040,"deaths":0},{"race":[],"age_group":"30-39   ","count":159,"tested":1754,"deaths":0},{"race":[],"age_group":"40-49   ","count":184,"tested":1923,"deaths":0},{"race":[],"age_group":"50-59   ","count":203,"tested":2020,"deaths":0},{"race":[],"age_group":"60-69   ","count":176,"tested":1563,"deaths":0},{"race":[],"age_group":"70-79   ","count":102,"tested":829,"deaths":0},{"race":[],"age_group":"80+","count":98,"tested":1894,"deaths":0},{"race":[],"age_group":"Unknown","count":0,"tested":14,"deaths":0}],"race":[{"description":"AI/AN**","count":0,"tested":0,"deaths":0,"color":"rgb(31,119,180)"},{"description":"Asian","count":0,"tested":13,"deaths":0,"color":"rgb(140,86,75)"},{"description":"Black","count":7,"tested":71,"deaths":0,"color":"rgb(255,127,14)"},{"description":"Hispanic","count":17,"tested":60,"deaths":0,"color":"rgb(214,39,40)"},{"description":"Left Blank","count":218,"tested":6478,"deaths":0,"color":"rgb(44,160,44)"},{"description":"NH/PI*","count":0,"tested":0,"deaths":0,"color":"rgb(127,127,127)"},{"description":"Other","count":0,"tested":24,"deaths":0,"color":"rgb(148,103,189)"},{"description":"White","count":1093,"tested":7770,"deaths":0,"color":"rgb(31,119,180)"}],"gender":[{"description":"Female","count":743,"tested":9207,"deaths":0,"color":"rgb(255,127,14)"},{"description":"Male","count":583,"tested":4693,"deaths":0,"color":"rgb(31,119,180)"},{"description":"Unknown/Left Blank","count":20,"tested":520,"deaths":0,"color":"rgb(44,160,44)"}]}}]}
