{"lastUpdatedDate":{"year":2021,"month":5,"day":24},"county_demographics":[{"County":"Union","confirmed_cases":2263,"total_tested":37816,"demographics":{"age":[{"race":[],"age_group":"<20","count":325,"tested":2944,"deaths":0},{"race":[],"age_group":"20-29   ","count":353,"tested":5340,"deaths":0},{"race":[],"age_group":"30-39   ","count":328,"tested":5912,"deaths":0},{"race":[],"age_group":"40-49   ","count":311,"tested":6111,"deaths":0},{"race":[],"age_group":"50-59   ","count":345,"tested":6985,"deaths":0},{"race":[],"age_group":"60-69   ","count":293,"tested":4548,"deaths":0},{"race":[],"age_group":"70-79   ","count":188,"tested":2674,"deaths":0},{"race":[],"age_group":"80+","count":120,"tested":3297,"deaths":0},{"race":[],"age_group":"Unknown","count":0,"tested":0,"deaths":0}],"race":[{"description":"AI/AN**","count":0,"tested":15,"deaths":0,"color":"rgb(31,119,180)"},{"description":"Asian","count":0,"tested":83,"deaths":0,"color":"rgb(140,86,75)"},{"description":"Black","count":69,"tested":1257,"deaths":0,"color":"rgb(255,127,14)"},{"description":"Hispanic","count":105,"tested":681,"deaths":0,"color":"rgb(214,39,40)"},{"description":"Left Blank","count":313,"tested":11227,"deaths":0,"color":"rgb(44,160,44)"},{"description":"NH/PI*","count":0,"tested":57,"deaths":0,"color":"rgb(127,127,127)"},{"description":"Other","count":15,"tested":208,"deaths":0,"color":"rgb(148,103,189)"},{"description":"White","count":1757,"tested":24288,"deaths":0,"color":"rgb(31,119,180)"}],"gender":[{"description":"Female","count":1122,"tested":18954,"deaths":0,"color":"rgb(255,127,14)"},{"description":"Male","count":1059,"tested":16031,"deaths":0,"color":"rgb(31,119,180)"},{"description":"Unknown/Left Blank","count":82,"tested":2831,"deaths":0,"color":"rgb(44,160,44)"}]}}]}
