{"lastUpdatedDate":{"year":2021,"month":5,"day":24},"county_demographics":[{"County":"Woodford","confirmed_cases":4785,"total_tested":77236,"demographics":{"age":[{"race":[],"age_group":"<20","count":974,"tested":13621,"deaths":0},{"race":[],"age_group":"20-29   ","count":635,"tested":10036,"deaths":0},{"race":[],"age_group":"30-39   ","count":661,"tested":9468,"deaths":0},{"race":[],"age_group":"40-49   ","count":683,"tested":9450,"deaths":0},{"race":[],"age_group":"50-59   ","count":714,"tested":10104,"deaths":0},{"race":[],"age_group":"60-69   ","count":566,"tested":8496,"deaths":0},{"race":[],"age_group":"70-79   ","count":284,"tested":5519,"deaths":0},{"race":[],"age_group":"80+","count":268,"tested":10512,"deaths":0},{"race":[],"age_group":"Unknown","count":0,"tested":30,"deaths":0}],"race":[{"description":"AI/AN**","count":0,"tested":57,"deaths":0,"color":"rgb(31,119,180)"},{"description":"Asian","count":9,"tested":257,"deaths":0,"color":"rgb(140,86,75)"},{"description":"Black","count":26,"tested":597,"deaths":0,"color":"rgb(255,127,14)"},{"description":"Hispanic","count":31,"tested":448,"deaths":0,"color":"rgb(214,39,40)"},{"description":"Left Blank","count":1759,"tested":28454,"deaths":0,"color":"rgb(44,160,44)"},{"description":"NH/PI*","count":0,"tested":13,"deaths":0,"color":"rgb(127,127,127)"},{"description":"Other","count":92,"tested":2518,"deaths":0,"color":"rgb(148,103,189)"},{"description":"White","count":2860,"tested":44892,"deaths":0,"color":"rgb(31,119,180)"}],"gender":[{"description":"Female","count":2435,"tested":47713,"deaths":0,"color":"rgb(255,127,14)"},{"description":"Male","count":2265,"tested":27117,"deaths":0,"color":"rgb(31,119,180)"},{"description":"Unknown/Left Blank","count":85,"tested":2406,"deaths":0,"color":"rgb(44,160,44)"}]}}]}
