{"lastUpdatedDate":{"year":2021,"month":5,"day":24},"county_demographics":[{"County":"Calhoun","confirmed_cases":519,"total_tested":6161,"demographics":{"age":[{"race":[],"age_group":"<20","count":104,"tested":1007,"deaths":0},{"race":[],"age_group":"20-29   ","count":75,"tested":795,"deaths":0},{"race":[],"age_group":"30-39   ","count":77,"tested":928,"deaths":0},{"race":[],"age_group":"40-49   ","count":65,"tested":696,"deaths":0},{"race":[],"age_group":"50-59   ","count":62,"tested":869,"deaths":0},{"race":[],"age_group":"60-69   ","count":77,"tested":646,"deaths":0},{"race":[],"age_group":"70-79   ","count":35,"tested":512,"deaths":0},{"race":[],"age_group":"80+","count":24,"tested":706,"deaths":0},{"race":[],"age_group":"Unknown","count":0,"tested":0,"deaths":0}],"race":[{"description":"AI/AN**","count":0,"tested":0,"deaths":0,"color":"rgb(31,119,180)"},{"description":"Asian","count":0,"tested":0,"deaths":0,"color":"rgb(140,86,75)"},{"description":"Black","count":0,"tested":27,"deaths":0,"color":"rgb(255,127,14)"},{"description":"Hispanic","count":0,"tested":0,"deaths":0,"color":"rgb(214,39,40)"},{"description":"Left Blank","count":77,"tested":1417,"deaths":0,"color":"rgb(44,160,44)"},{"description":"Other","count":0,"tested":38,"deaths":0,"color":"rgb(148,103,189)"},{"description":"White","count":432,"tested":4670,"deaths":0,"color":"rgb(31,119,180)"}],"gender":[{"description":"Female","count":272,"tested":3886,"deaths":0,"color":"rgb(255,127,14)"},{"description":"Male","count":244,"tested":2188,"deaths":0,"color":"rgb(31,119,180)"},{"description":"Unknown/Left Blank","count":0,"tested":87,"deaths":0,"color":"rgb(44,160,44)"}]}}]}
