{"lastUpdatedDate":{"year":2021,"month":5,"day":24},"county_demographics":[{"County":"Saline","confirmed_cases":2580,"total_tested":38458,"demographics":{"age":[{"race":[],"age_group":"<20","count":418,"tested":4672,"deaths":0},{"race":[],"age_group":"20-29   ","count":370,"tested":5678,"deaths":0},{"race":[],"age_group":"30-39   ","count":366,"tested":5315,"deaths":0},{"race":[],"age_group":"40-49   ","count":326,"tested":5143,"deaths":0},{"race":[],"age_group":"50-59   ","count":350,"tested":5325,"deaths":0},{"race":[],"age_group":"60-69   ","count":316,"tested":4687,"deaths":0},{"race":[],"age_group":"70-79   ","count":245,"tested":3767,"deaths":0},{"race":[],"age_group":"80+","count":189,"tested":3869,"deaths":0},{"race":[],"age_group":"Unknown","count":0,"tested":0,"deaths":0}],"race":[{"description":"AI/AN**","count":0,"tested":11,"deaths":0,"color":"rgb(31,119,180)"},{"description":"Asian","count":0,"tested":56,"deaths":0,"color":"rgb(140,86,75)"},{"description":"Black","count":80,"tested":1082,"deaths":0,"color":"rgb(255,127,14)"},{"description":"Hispanic","count":20,"tested":156,"deaths":0,"color":"rgb(214,39,40)"},{"description":"Left Blank","count":801,"tested":19479,"deaths":0,"color":"rgb(44,160,44)"},{"description":"NH/PI*","count":0,"tested":14,"deaths":0,"color":"rgb(127,127,127)"},{"description":"Other","count":17,"tested":174,"deaths":0,"color":"rgb(148,103,189)"},{"description":"White","count":1652,"tested":17486,"deaths":0,"color":"rgb(31,119,180)"}],"gender":[{"description":"Female","count":1397,"tested":22219,"deaths":0,"color":"rgb(255,127,14)"},{"description":"Male","count":1135,"tested":14233,"deaths":0,"color":"rgb(31,119,180)"},{"description":"Unknown/Left Blank","count":43,"tested":2006,"deaths":0,"color":"rgb(44,160,44)"}]}}]}
