{"age":[{"age_group":"<20","count":16,"tested":142},{"age_group":"20-29   ","count":10,"tested":87},{"age_group":"30-39   ","count":7,"tested":88},{"age_group":"40-49   ","count":16,"tested":97},{"age_group":"50-59   ","count":9,"tested":97},{"age_group":"60-69   ","count":15,"tested":138},{"age_group":"70-79   ","count":8,"tested":78}],"race":[{"description":"White","count":33,"tested":395,"color":"rgb(31,119,180)"},{"description":"Left Blank","count":22,"tested":261,"color":"rgb(44,160,44)"},{"description":"Hispanic","count":19,"tested":75,"color":"rgb(214,39,40)"}],"gender":[{"description":"Male","count":38,"tested":340,"color":"rgb(31,119,180)"},{"description":"Female","count":38,"tested":411,"color":"rgb(255,127,14)"}]}
