{"age":[{"age_group":"<20","count":128,"tested":710},{"age_group":"20-29   ","count":147,"tested":651},{"age_group":"30-39   ","count":131,"tested":772},{"age_group":"40-49   ","count":134,"tested":625},{"age_group":"50-59   ","count":143,"tested":893},{"age_group":"60-69   ","count":108,"tested":773},{"age_group":"70-79   ","count":94,"tested":377},{"age_group":"80+","count":94,"tested":247}],"race":[{"description":"Hispanic","count":68,"tested":68,"color":"rgb(214,39,40)"},{"description":"White","count":354,"tested":2901,"color":"rgb(31,119,180)"},{"description":"Left Blank","count":244,"tested":1967,"color":"rgb(44,160,44)"},{"description":"Other","count":70,"tested":59,"color":"rgb(148,103,189)"}],"gender":[{"description":"Male","count":270,"tested":1842,"color":"rgb(31,119,180)"},{"description":"Female","count":347,"tested":3118,"color":"rgb(255,127,14)"}]}
