{"age":[{"age_group":"<20","count":81,"tested":448},{"age_group":"20-29   ","count":95,"tested":504},{"age_group":"30-39   ","count":56,"tested":441},{"age_group":"40-49   ","count":81,"tested":438},{"age_group":"50-59   ","count":98,"tested":678},{"age_group":"60-69   ","count":80,"tested":551},{"age_group":"70-79   ","count":35,"tested":344},{"age_group":"80+","count":26,"tested":159}],"race":[{"description":"Left Blank","count":126,"tested":1516,"color":"rgb(44,160,44)"},{"description":"Other","count":19,"tested":40,"color":"rgb(148,103,189)"},{"description":"White","count":274,"tested":1716,"color":"rgb(31,119,180)"},{"description":"Black","count":26,"tested":86,"color":"rgb(255,127,14)"},{"description":"Hispanic","count":61,"tested":168,"color":"rgb(214,39,40)"},{"description":"Asian","count":21,"tested":37,"color":"rgb(140,86,75)"}],"gender":[{"description":"Male","count":227,"tested":1490,"color":"rgb(31,119,180)"},{"description":"Female","count":251,"tested":1990,"color":"rgb(255,127,14)"}]}
