{"age":[{"age_group":"<20","count":143,"tested":1133},{"age_group":"20-29   ","count":109,"tested":1033},{"age_group":"30-39   ","count":108,"tested":911},{"age_group":"40-49   ","count":97,"tested":832},{"age_group":"50-59   ","count":89,"tested":935},{"age_group":"60-69   ","count":85,"tested":749},{"age_group":"70-79   ","count":45,"tested":630},{"age_group":"80+","count":47,"tested":838}],"race":[{"description":"Left Blank","count":58,"tested":1435,"color":"rgb(44,160,44)"},{"description":"Hispanic","count":97,"tested":433,"color":"rgb(214,39,40)"},{"description":"White","count":449,"tested":4989,"color":"rgb(31,119,180)"},{"description":"Other","count":35,"tested":139,"color":"rgb(148,103,189)"}],"gender":[{"description":"Female","count":318,"tested":3976,"color":"rgb(255,127,14)"},{"description":"Male","count":279,"tested":2560,"color":"rgb(31,119,180)"},{"description":"Unknown/Left Blank","count":26,"tested":528,"color":"rgb(44,160,44)"}]}
