{"age":[{"age_group":"<20","count":779,"tested":4125},{"age_group":"20-29   ","count":866,"tested":6202},{"age_group":"30-39   ","count":791,"tested":5489},{"age_group":"40-49   ","count":858,"tested":5544},{"age_group":"50-59   ","count":721,"tested":5524},{"age_group":"60-69   ","count":460,"tested":4179},{"age_group":"70-79   ","count":254,"tested":1654},{"age_group":"80+","count":223,"tested":1251}],"race":[{"description":"Hispanic","count":1820,"tested":7475,"color":"rgb(214,39,40)"},{"description":"Asian","count":92,"tested":104,"color":"rgb(140,86,75)"},{"description":"Black","count":888,"tested":7726,"color":"rgb(255,127,14)"},{"description":"White","count":346,"tested":2480,"color":"rgb(31,119,180)"},{"description":"Other","count":223,"tested":1117,"color":"rgb(148,103,189)"},{"description":"Left Blank","count":1409,"tested":14974,"color":"rgb(44,160,44)"}],"gender":[{"description":"Female","count":2315,"tested":19494,"color":"rgb(255,127,14)"},{"description":"Male","count":2082,"tested":13782,"color":"rgb(31,119,180)"},{"description":"Unknown/Left Blank","count":131,"tested":706,"color":"rgb(44,160,44)"}]}
