{"age":[{"age_group":"<20","count":57,"tested":329},{"age_group":"20-29   ","count":50,"tested":364},{"age_group":"30-39   ","count":47,"tested":350},{"age_group":"40-49   ","count":58,"tested":317},{"age_group":"50-59   ","count":56,"tested":482},{"age_group":"60-69   ","count":55,"tested":434},{"age_group":"70-79   ","count":32,"tested":147},{"age_group":"80+","count":27,"tested":103}],"race":[{"description":"Left Blank","count":83,"tested":1093,"color":"rgb(44,160,44)"},{"description":"White","count":164,"tested":1311,"color":"rgb(31,119,180)"},{"description":"Hispanic","count":33,"tested":78,"color":"rgb(214,39,40)"}],"gender":[{"description":"Male","count":124,"tested":1042,"color":"rgb(31,119,180)"},{"description":"Female","count":143,"tested":1451,"color":"rgb(255,127,14)"}]}
