{"age":[{"age_group":"<20","count":18,"tested":79},{"age_group":"20-29   ","count":27,"tested":152},{"age_group":"30-39   ","count":18,"tested":132},{"age_group":"40-49   ","count":20,"tested":88},{"age_group":"50-59   ","count":32,"tested":138},{"age_group":"60-69   ","count":26,"tested":136}],"race":[{"description":"White","count":53,"tested":461,"color":"rgb(31,119,180)"},{"description":"Hispanic","count":24,"tested":39,"color":"rgb(214,39,40)"},{"description":"Left Blank","count":34,"tested":307,"color":"rgb(44,160,44)"}],"gender":[{"description":"Male","count":51,"tested":404,"color":"rgb(31,119,180)"},{"description":"Female","count":48,"tested":442,"color":"rgb(255,127,14)"}]}
