{"age":[{"age_group":"<20","count":416,"tested":2668},{"age_group":"20-29   ","count":600,"tested":3940},{"age_group":"30-39   ","count":431,"tested":3301},{"age_group":"40-49   ","count":489,"tested":3821},{"age_group":"50-59   ","count":469,"tested":4299},{"age_group":"60-69   ","count":304,"tested":3512},{"age_group":"70-79   ","count":178,"tested":2387},{"age_group":"80+","count":173,"tested":2828}],"race":[{"description":"Left Blank","count":876,"tested":15282,"color":"rgb(44,160,44)"},{"description":"White","count":566,"tested":4753,"color":"rgb(31,119,180)"},{"description":"Asian","count":101,"tested":333,"color":"rgb(140,86,75)"},{"description":"Other","count":183,"tested":945,"color":"rgb(148,103,189)"},{"description":"Hispanic","count":1101,"tested":5046,"color":"rgb(214,39,40)"},{"description":"Black","count":96,"tested":379,"color":"rgb(255,127,14)"}],"gender":[{"description":"Male","count":1268,"tested":10490,"color":"rgb(31,119,180)"},{"description":"Unknown/Left Blank","count":77,"tested":152,"color":"rgb(44,160,44)"},{"description":"Female","count":1380,"tested":16127,"color":"rgb(255,127,14)"}]}
