{"age":[{"age_group":"<20","count":175,"tested":901},{"age_group":"20-29   ","count":282,"tested":1736},{"age_group":"30-39   ","count":255,"tested":1605},{"age_group":"40-49   ","count":201,"tested":1297},{"age_group":"50-59   ","count":246,"tested":1541},{"age_group":"60-69   ","count":183,"tested":1470},{"age_group":"70-79   ","count":103,"tested":974},{"age_group":"80+","count":95,"tested":1218}],"race":[{"description":"Other","count":74,"tested":314,"color":"rgb(148,103,189)"},{"description":"White","count":555,"tested":3066,"color":"rgb(31,119,180)"},{"description":"Asian","count":80,"tested":209,"color":"rgb(140,86,75)"},{"description":"Black","count":51,"tested":140,"color":"rgb(255,127,14)"},{"description":"Left Blank","count":330,"tested":5904,"color":"rgb(44,160,44)"},{"description":"Hispanic","count":387,"tested":1105,"color":"rgb(214,39,40)"}],"gender":[{"description":"Female","count":690,"tested":5926,"color":"rgb(255,127,14)"},{"description":"Male","count":663,"tested":4692,"color":"rgb(31,119,180)"}]}
