{"age":[{"age_group":"<20","count":973,"tested":6248},{"age_group":"20-29   ","count":1219,"tested":11027},{"age_group":"30-39   ","count":1149,"tested":9841},{"age_group":"40-49   ","count":1140,"tested":8792},{"age_group":"50-59   ","count":865,"tested":7123},{"age_group":"60-69   ","count":592,"tested":6380},{"age_group":"70-79   ","count":289,"tested":3616},{"age_group":"80+","count":168,"tested":2394}],"race":[{"description":"Black","count":755,"tested":7736,"color":"rgb(255,127,14)"},{"description":"Hispanic","count":3347,"tested":14218,"color":"rgb(214,39,40)"},{"description":"Asian","count":118,"tested":1097,"color":"rgb(140,86,75)"},{"description":"White","count":580,"tested":6515,"color":"rgb(31,119,180)"},{"description":"Other","count":272,"tested":1999,"color":"rgb(148,103,189)"},{"description":"Left Blank","count":1195,"tested":23840,"color":"rgb(44,160,44)"}],"gender":[{"description":"Female","count":3120,"tested":29093,"color":"rgb(255,127,14)"},{"description":"Male","count":2874,"tested":22925,"color":"rgb(31,119,180)"},{"description":"Unknown/Left Blank","count":101,"tested":3432,"color":"rgb(44,160,44)"}]}
