{"age":[{"age_group":"<20","count":548,"tested":4246},{"age_group":"20-29   ","count":464,"tested":3380},{"age_group":"30-39   ","count":422,"tested":3111},{"age_group":"40-49   ","count":441,"tested":3032},{"age_group":"50-59   ","count":492,"tested":4241},{"age_group":"60-69   ","count":378,"tested":2773},{"age_group":"70-79   ","count":293,"tested":1638},{"age_group":"80+","count":293,"tested":2417}],"race":[{"description":"Black","count":212,"tested":159,"color":"rgb(255,127,14)"},{"description":"White","count":1244,"tested":11853,"color":"rgb(31,119,180)"},{"description":"Asian","count":231,"tested":304,"color":"rgb(140,86,75)"},{"description":"Other","count":234,"tested":409,"color":"rgb(148,103,189)"},{"description":"Hispanic","count":316,"tested":708,"color":"rgb(214,39,40)"},{"description":"Left Blank","count":684,"tested":11399,"color":"rgb(44,160,44)"}],"gender":[{"description":"Unknown/Left Blank","count":213,"tested":229,"color":"rgb(44,160,44)"},{"description":"Female","count":1083,"tested":14422,"color":"rgb(255,127,14)"},{"description":"Male","count":1011,"tested":10191,"color":"rgb(31,119,180)"}]}
