{"age":[{"age_group":"<20","count":46,"tested":283},{"age_group":"20-29   ","count":54,"tested":494},{"age_group":"30-39   ","count":43,"tested":597},{"age_group":"40-49   ","count":57,"tested":564},{"age_group":"50-59   ","count":46,"tested":793},{"age_group":"60-69   ","count":37,"tested":697},{"age_group":"70-79   ","count":16,"tested":273}],"race":[{"description":"Black","count":159,"tested":1934,"color":"rgb(255,127,14)"},{"description":"White","count":11,"tested":123,"color":"rgb(31,119,180)"},{"description":"Hispanic","count":19,"tested":92,"color":"rgb(214,39,40)"},{"description":"Left Blank","count":99,"tested":1656,"color":"rgb(44,160,44)"}],"gender":[{"description":"Male","count":150,"tested":1799,"color":"rgb(31,119,180)"},{"description":"Female","count":131,"tested":2044,"color":"rgb(255,127,14)"}]}
