{"age":[{"age_group":"<20","count":352,"tested":2346},{"age_group":"20-29   ","count":322,"tested":2349},{"age_group":"30-39   ","count":291,"tested":2097},{"age_group":"40-49   ","count":286,"tested":2168},{"age_group":"50-59   ","count":274,"tested":1925},{"age_group":"60-69   ","count":195,"tested":1465},{"age_group":"70-79   ","count":98,"tested":753},{"age_group":"80+","count":61,"tested":459}],"race":[{"description":"Left Blank","count":381,"tested":5741,"color":"rgb(44,160,44)"},{"description":"Other","count":49,"tested":211,"color":"rgb(148,103,189)"},{"description":"Hispanic","count":598,"tested":1963,"color":"rgb(214,39,40)"},{"description":"White","count":376,"tested":3083,"color":"rgb(31,119,180)"},{"description":"Black","count":400,"tested":2508,"color":"rgb(255,127,14)"}],"gender":[{"description":"Unknown/Left Blank","count":52,"tested":559,"color":"rgb(44,160,44)"},{"description":"Male","count":807,"tested":5432,"color":"rgb(31,119,180)"},{"description":"Female","count":900,"tested":7571,"color":"rgb(255,127,14)"}]}
