{"age":[{"age_group":"<20","count":58,"tested":462},{"age_group":"20-29   ","count":50,"tested":405},{"age_group":"30-39   ","count":57,"tested":442},{"age_group":"40-49   ","count":44,"tested":317},{"age_group":"50-59   ","count":57,"tested":431},{"age_group":"60-69   ","count":45,"tested":436},{"age_group":"70-79   ","count":21,"tested":209},{"age_group":"80+","count":13,"tested":123}],"race":[{"description":"White","count":216,"tested":1801,"color":"rgb(31,119,180)"},{"description":"Left Blank","count":72,"tested":917,"color":"rgb(44,160,44)"},{"description":"Hispanic","count":17,"tested":54,"color":"rgb(214,39,40)"}],"gender":[{"description":"Male","count":160,"tested":1150,"color":"rgb(31,119,180)"},{"description":"Female","count":149,"tested":1618,"color":"rgb(255,127,14)"}]}
