{"age":[{"age_group":"20-29   ","count":9,"tested":73},{"age_group":"30-39   ","count":13,"tested":109},{"age_group":"40-49   ","count":13,"tested":57},{"age_group":"50-59   ","count":18,"tested":109},{"age_group":"60-69   ","count":10,"tested":96}],"race":[{"description":"Left Blank","count":9,"tested":96,"color":"rgb(44,160,44)"},{"description":"White","count":50,"tested":436,"color":"rgb(31,119,180)"}],"gender":[{"description":"Female","count":32,"tested":349,"color":"rgb(255,127,14)"},{"description":"Male","count":29,"tested":210,"color":"rgb(31,119,180)"}]}
