{"age":[{"age_group":"<20","count":91,"tested":614},{"age_group":"20-29   ","count":96,"tested":590},{"age_group":"30-39   ","count":104,"tested":598},{"age_group":"40-49   ","count":96,"tested":729},{"age_group":"50-59   ","count":86,"tested":649},{"age_group":"60-69   ","count":83,"tested":610},{"age_group":"70-79   ","count":85,"tested":559},{"age_group":"80+","count":45,"tested":197}],"race":[{"description":"White","count":213,"tested":1879,"color":"rgb(31,119,180)"},{"description":"Left Blank","count":249,"tested":2532,"color":"rgb(44,160,44)"},{"description":"Hispanic","count":43,"tested":43,"color":"rgb(214,39,40)"}],"gender":[{"description":"Male","count":234,"tested":1903,"color":"rgb(31,119,180)"},{"description":"Female","count":242,"tested":2591,"color":"rgb(255,127,14)"}]}
