{"age":[{"age_group":"<20","count":1175,"tested":6477},{"age_group":"20-29   ","count":1306,"tested":8395},{"age_group":"30-39   ","count":1177,"tested":7117},{"age_group":"40-49   ","count":1264,"tested":7778},{"age_group":"50-59   ","count":1006,"tested":6687},{"age_group":"60-69   ","count":659,"tested":4010},{"age_group":"70-79   ","count":432,"tested":2359},{"age_group":"80+","count":355,"tested":2533}],"race":[{"description":"White","count":1222,"tested":14244,"color":"rgb(31,119,180)"},{"description":"Left Blank","count":1638,"tested":15214,"color":"rgb(44,160,44)"},{"description":"Hispanic","count":2768,"tested":10806,"color":"rgb(214,39,40)"},{"description":"AI/AN**","count":262,"tested":47,"color":"rgb(31,119,180)"},{"description":"NH/PI*","count":262,"tested":160,"color":"rgb(127,127,127)"},{"description":"Black","count":413,"tested":1629,"color":"rgb(255,127,14)"},{"description":"Asian","count":337,"tested":1320,"color":"rgb(140,86,75)"},{"description":"Other","count":474,"tested":1950,"color":"rgb(148,103,189)"}],"gender":[{"description":"Male","count":2758,"tested":17368,"color":"rgb(31,119,180)"},{"description":"Female","count":3063,"tested":27324,"color":"rgb(255,127,14)"},{"description":"Unknown/Left Blank","count":280,"tested":678,"color":"rgb(44,160,44)"}]}
