{"age":[{"age_group":"<20","count":20,"tested":61},{"age_group":"20-29   ","count":23,"tested":99},{"age_group":"30-39   ","count":16,"tested":58},{"age_group":"40-49   ","count":18,"tested":67},{"age_group":"50-59   ","count":20,"tested":120},{"age_group":"70-79   ","count":16,"tested":52}],"race":[{"description":"White","count":47,"tested":340,"color":"rgb(31,119,180)"},{"description":"Left Blank","count":30,"tested":168,"color":"rgb(44,160,44)"}],"gender":[{"description":"Male","count":31,"tested":176,"color":"rgb(31,119,180)"},{"description":"Female","count":49,"tested":365,"color":"rgb(255,127,14)"}]}
