{"age":[{"age_group":"<20","count":286,"tested":1342},{"age_group":"20-29   ","count":413,"tested":2462},{"age_group":"30-39   ","count":388,"tested":2497},{"age_group":"40-49   ","count":360,"tested":1994},{"age_group":"50-59   ","count":366,"tested":2109},{"age_group":"60-69   ","count":250,"tested":1884},{"age_group":"70-79   ","count":163,"tested":1030},{"age_group":"80+","count":123,"tested":451}],"race":[{"description":"Hispanic","count":327,"tested":1136,"color":"rgb(214,39,40)"},{"description":"Black","count":270,"tested":1755,"color":"rgb(255,127,14)"},{"description":"Other","count":142,"tested":444,"color":"rgb(148,103,189)"},{"description":"White","count":452,"tested":3347,"color":"rgb(31,119,180)"},{"description":"Asian","count":100,"tested":126,"color":"rgb(140,86,75)"},{"description":"Left Blank","count":896,"tested":6938,"color":"rgb(44,160,44)"}],"gender":[{"description":"Male","count":875,"tested":5701,"color":"rgb(31,119,180)"},{"description":"Unknown/Left Blank","count":90,"tested":156,"color":"rgb(44,160,44)"},{"description":"Female","count":989,"tested":7915,"color":"rgb(255,127,14)"}]}
