{"age":[{"age_group":"<20","count":268,"tested":1569},{"age_group":"20-29   ","count":278,"tested":1908},{"age_group":"30-39   ","count":296,"tested":1685},{"age_group":"40-49   ","count":319,"tested":1903},{"age_group":"50-59   ","count":311,"tested":2190},{"age_group":"60-69   ","count":239,"tested":1679},{"age_group":"70-79   ","count":159,"tested":805},{"age_group":"80+","count":100,"tested":345}],"race":[{"description":"Hispanic","count":166,"tested":476,"color":"rgb(214,39,40)"},{"description":"White","count":564,"tested":5453,"color":"rgb(31,119,180)"},{"description":"Left Blank","count":696,"tested":5255,"color":"rgb(44,160,44)"},{"description":"Other","count":179,"tested":602,"color":"rgb(148,103,189)"},{"description":"Black","count":100,"tested":128,"color":"rgb(255,127,14)"},{"description":"Asian","count":95,"tested":151,"color":"rgb(140,86,75)"}],"gender":[{"description":"Female","count":752,"tested":6685,"color":"rgb(255,127,14)"},{"description":"Male","count":710,"tested":5280,"color":"rgb(31,119,180)"}]}
