{"age":[{"age_group":"<20","count":1017,"tested":7963},{"age_group":"20-29   ","count":1873,"tested":31374},{"age_group":"30-39   ","count":1744,"tested":32294},{"age_group":"40-49   ","count":1189,"tested":12139},{"age_group":"50-59   ","count":1066,"tested":8243},{"age_group":"60-69   ","count":776,"tested":5411},{"age_group":"70-79   ","count":511,"tested":3008},{"age_group":"80+","count":390,"tested":1472}],"race":[{"description":"Hispanic","count":3377,"tested":17824,"color":"rgb(214,39,40)"},{"description":"Left Blank","count":1988,"tested":42931,"color":"rgb(44,160,44)"},{"description":"White","count":1529,"tested":31777,"color":"rgb(31,119,180)"},{"description":"Asian","count":302,"tested":2033,"color":"rgb(140,86,75)"},{"description":"Black","count":420,"tested":2883,"color":"rgb(255,127,14)"},{"description":"Other","count":485,"tested":4292,"color":"rgb(148,103,189)"},{"description":"AI/AN**","count":234,"tested":97,"color":"rgb(31,119,180)"}],"gender":[{"description":"Unknown/Left Blank","count":307,"tested":2518,"color":"rgb(44,160,44)"},{"description":"Male","count":3479,"tested":44102,"color":"rgb(31,119,180)"},{"description":"Female","count":3645,"tested":55304,"color":"rgb(255,127,14)"}]}
