{"age":[{"age_group":"<20","count":142,"tested":1574},{"age_group":"20-29   ","count":151,"tested":1794},{"age_group":"30-39   ","count":97,"tested":1345},{"age_group":"40-49   ","count":149,"tested":1366},{"age_group":"50-59   ","count":134,"tested":1571},{"age_group":"60-69   ","count":136,"tested":2078},{"age_group":"70-79   ","count":72,"tested":1888},{"age_group":"80+","count":71,"tested":3232}],"race":[{"description":"Asian","count":8,"tested":195,"color":"rgb(140,86,75)"},{"description":"Black","count":8,"tested":93,"color":"rgb(255,127,14)"},{"description":"Hispanic","count":46,"tested":368,"color":"rgb(214,39,40)"},{"description":"Left Blank","count":397,"tested":8107,"color":"rgb(44,160,44)"},{"description":"Other","count":42,"tested":359,"color":"rgb(148,103,189)"},{"description":"White","count":449,"tested":5719,"color":"rgb(31,119,180)"}],"gender":[]}
