{"age":[{"age_group":"<20","count":348,"tested":11376},{"age_group":"20-29   ","count":292,"tested":6760},{"age_group":"30-39   ","count":259,"tested":4920},{"age_group":"40-49   ","count":345,"tested":5857},{"age_group":"50-59   ","count":324,"tested":6013},{"age_group":"60-69   ","count":151,"tested":4027},{"age_group":"70-79   ","count":91,"tested":2293},{"age_group":"80+","count":103,"tested":3356}],"race":[{"description":"AI/AN**","count":7,"tested":94,"color":"rgb(31,119,180)"},{"description":"Asian","count":172,"tested":5146,"color":"rgb(140,86,75)"},{"description":"Black","count":43,"tested":870,"color":"rgb(255,127,14)"},{"description":"Hispanic","count":339,"tested":2972,"color":"rgb(214,39,40)"},{"description":"Left Blank","count":390,"tested":16328,"color":"rgb(44,160,44)"},{"description":"Other","count":127,"tested":1538,"color":"rgb(148,103,189)"},{"description":"White","count":831,"tested":17424,"color":"rgb(31,119,180)"}],"gender":[]}
