{"age":[{"age_group":"<20","count":307,"tested":3420},{"age_group":"20-29   ","count":447,"tested":4137},{"age_group":"30-39   ","count":347,"tested":3676},{"age_group":"40-49   ","count":352,"tested":3367},{"age_group":"50-59   ","count":453,"tested":4507},{"age_group":"60-69   ","count":271,"tested":3375},{"age_group":"70-79   ","count":122,"tested":1976},{"age_group":"80+","count":35,"tested":1115}],"race":[{"description":"Asian","count":21,"tested":258,"color":"rgb(140,86,75)"},{"description":"Black","count":16,"tested":171,"color":"rgb(255,127,14)"},{"description":"Hispanic","count":223,"tested":1251,"color":"rgb(214,39,40)"},{"description":"Left Blank","count":605,"tested":8781,"color":"rgb(44,160,44)"},{"description":"Other","count":55,"tested":440,"color":"rgb(148,103,189)"},{"description":"White","count":1405,"tested":14600,"color":"rgb(31,119,180)"}],"gender":[]}
