{"age":[{"age_group":"<20","count":107,"tested":997},{"age_group":"20-29   ","count":100,"tested":1157},{"age_group":"30-39   ","count":91,"tested":1151},{"age_group":"40-49   ","count":81,"tested":962},{"age_group":"50-59   ","count":57,"tested":713},{"age_group":"60-69   ","count":25,"tested":453},{"age_group":"70-79   ","count":9,"tested":192}],"race":[{"description":"Black","count":37,"tested":301,"color":"rgb(255,127,14)"},{"description":"Hispanic","count":100,"tested":546,"color":"rgb(214,39,40)"},{"description":"Left Blank","count":110,"tested":2236,"color":"rgb(44,160,44)"},{"description":"Other","count":7,"tested":147,"color":"rgb(148,103,189)"},{"description":"White","count":216,"tested":2374,"color":"rgb(31,119,180)"}],"gender":[]}
