{"age":[{"age_group":"<20","count":30,"tested":326},{"age_group":"20-29   ","count":15,"tested":230},{"age_group":"30-39   ","count":17,"tested":187},{"age_group":"40-49   ","count":14,"tested":425},{"age_group":"50-59   ","count":14,"tested":269},{"age_group":"60-69   ","count":22,"tested":317},{"age_group":"70-79   ","count":8,"tested":194},{"age_group":"80+","count":14,"tested":163}],"race":[{"description":"Hispanic","count":6,"tested":17,"color":"rgb(214,39,40)"},{"description":"Left Blank","count":15,"tested":274,"color":"rgb(44,160,44)"},{"description":"White","count":111,"tested":1738,"color":"rgb(31,119,180)"}],"gender":[]}
