{"age":[{"age_group":"<20","count":241,"tested":2497},{"age_group":"20-29   ","count":259,"tested":3268},{"age_group":"30-39   ","count":274,"tested":3801},{"age_group":"40-49   ","count":267,"tested":3517},{"age_group":"50-59   ","count":301,"tested":4467},{"age_group":"60-69   ","count":240,"tested":4445},{"age_group":"70-79   ","count":141,"tested":2728},{"age_group":"80+","count":63,"tested":1805}],"race":[{"description":"Asian","count":41,"tested":663,"color":"rgb(140,86,75)"},{"description":"Black","count":281,"tested":3577,"color":"rgb(255,127,14)"},{"description":"Hispanic","count":317,"tested":2376,"color":"rgb(214,39,40)"},{"description":"Left Blank","count":490,"tested":10802,"color":"rgb(44,160,44)"},{"description":"Other","count":100,"tested":1027,"color":"rgb(148,103,189)"},{"description":"White","count":555,"tested":8054,"color":"rgb(31,119,180)"}],"gender":[]}
