{"age":[{"age_group":"<20","count":1347,"tested":13915},{"age_group":"20-29   ","count":1850,"tested":21958},{"age_group":"30-39   ","count":1745,"tested":24174},{"age_group":"40-49   ","count":1618,"tested":20211},{"age_group":"50-59   ","count":1280,"tested":18059},{"age_group":"60-69   ","count":863,"tested":14435},{"age_group":"70-79   ","count":361,"tested":6410},{"age_group":"80+","count":172,"tested":3131}],"race":[{"description":"AI/AN**","count":11,"tested":139,"color":"rgb(31,119,180)"},{"description":"Asian","count":229,"tested":3408,"color":"rgb(140,86,75)"},{"description":"Black","count":160,"tested":2479,"color":"rgb(255,127,14)"},{"description":"Hispanic","count":4994,"tested":34846,"color":"rgb(214,39,40)"},{"description":"Left Blank","count":1663,"tested":50015,"color":"rgb(44,160,44)"},{"description":"Other","count":461,"tested":6134,"color":"rgb(148,103,189)"},{"description":"White","count":1715,"tested":25176,"color":"rgb(31,119,180)"}],"gender":[]}
