{"age":[{"age_group":"<20","count":563,"tested":4292},{"age_group":"20-29   ","count":576,"tested":6553},{"age_group":"30-39   ","count":556,"tested":6062},{"age_group":"40-49   ","count":575,"tested":6784},{"age_group":"50-59   ","count":555,"tested":6919},{"age_group":"60-69   ","count":417,"tested":5372},{"age_group":"70-79   ","count":194,"tested":2799},{"age_group":"80+","count":119,"tested":1922}],"race":[{"description":"Asian","count":18,"tested":197,"color":"rgb(140,86,75)"},{"description":"Black","count":1052,"tested":12582,"color":"rgb(255,127,14)"},{"description":"Hispanic","count":565,"tested":3513,"color":"rgb(214,39,40)"},{"description":"Left Blank","count":1229,"tested":17960,"color":"rgb(44,160,44)"},{"description":"Other","count":106,"tested":887,"color":"rgb(148,103,189)"},{"description":"White","count":579,"tested":5620,"color":"rgb(31,119,180)"}],"gender":[]}
