{"age":[{"age_group":"<20","count":239,"tested":1975},{"age_group":"20-29   ","count":315,"tested":3274},{"age_group":"30-39   ","count":256,"tested":3336},{"age_group":"40-49   ","count":254,"tested":2960},{"age_group":"50-59   ","count":221,"tested":3306},{"age_group":"60-69   ","count":158,"tested":2568},{"age_group":"70-79   ","count":69,"tested":1078},{"age_group":"80+","count":35,"tested":803}],"race":[{"description":"Asian","count":17,"tested":262,"color":"rgb(140,86,75)"},{"description":"Black","count":193,"tested":2066,"color":"rgb(255,127,14)"},{"description":"Hispanic","count":265,"tested":1579,"color":"rgb(214,39,40)"},{"description":"Left Blank","count":504,"tested":10154,"color":"rgb(44,160,44)"},{"description":"Other","count":81,"tested":692,"color":"rgb(148,103,189)"},{"description":"White","count":482,"tested":4511,"color":"rgb(31,119,180)"}],"gender":[]}
