{"age":[{"age_group":"<20","count":42,"tested":441},{"age_group":"20-29   ","count":41,"tested":364},{"age_group":"30-39   ","count":32,"tested":374},{"age_group":"40-49   ","count":45,"tested":542},{"age_group":"50-59   ","count":34,"tested":443},{"age_group":"60-69   ","count":25,"tested":422},{"age_group":"70-79   ","count":11,"tested":301}],"race":[{"description":"Left Blank","count":22,"tested":486,"color":"rgb(44,160,44)"},{"description":"Other","count":7,"tested":66,"color":"rgb(148,103,189)"},{"description":"White","count":198,"tested":2463,"color":"rgb(31,119,180)"}],"gender":[]}
