{"age":[{"age_group":"<20","count":137,"tested":3922},{"age_group":"20-29   ","count":661,"tested":15193},{"age_group":"30-39   ","count":589,"tested":16729},{"age_group":"40-49   ","count":251,"tested":6843},{"age_group":"50-59   ","count":185,"tested":5397},{"age_group":"60-69   ","count":119,"tested":3990},{"age_group":"70-79   ","count":42,"tested":1780},{"age_group":"80+","count":30,"tested":730}],"race":[{"description":"Asian","count":120,"tested":5188,"color":"rgb(140,86,75)"},{"description":"Black","count":235,"tested":4801,"color":"rgb(255,127,14)"},{"description":"Hispanic","count":123,"tested":2030,"color":"rgb(214,39,40)"},{"description":"Left Blank","count":778,"tested":24449,"color":"rgb(44,160,44)"},{"description":"Other","count":114,"tested":2728,"color":"rgb(148,103,189)"},{"description":"White","count":635,"tested":15290,"color":"rgb(31,119,180)"}],"gender":[]}
