{"age":[{"age_group":"<20","count":976,"tested":3021},{"age_group":"20-29   ","count":950,"tested":7835},{"age_group":"30-39   ","count":390,"tested":3210},{"age_group":"40-49   ","count":302,"tested":2915},{"age_group":"50-59   ","count":237,"tested":3004},{"age_group":"60-69   ","count":160,"tested":1966},{"age_group":"70-79   ","count":69,"tested":684},{"age_group":"80+","count":44,"tested":340}],"race":[{"description":"AI/AN**","count":17,"tested":77,"color":"rgb(31,119,180)"},{"description":"Asian","count":116,"tested":1244,"color":"rgb(140,86,75)"},{"description":"Black","count":667,"tested":5305,"color":"rgb(255,127,14)"},{"description":"Hispanic","count":1053,"tested":6322,"color":"rgb(214,39,40)"},{"description":"Left Blank","count":355,"tested":5294,"color":"rgb(44,160,44)"},{"description":"NH/PI*","count":17,"tested":110,"color":"rgb(127,127,127)"},{"description":"Other","count":114,"tested":855,"color":"rgb(148,103,189)"},{"description":"White","count":789,"tested":3774,"color":"rgb(31,119,180)"}],"gender":[]}
