{"age":[{"age_group":"<20","count":943,"tested":14919},{"age_group":"20-29   ","count":1394,"tested":25043},{"age_group":"30-39   ","count":1472,"tested":28126},{"age_group":"40-49   ","count":1257,"tested":19055},{"age_group":"50-59   ","count":969,"tested":17084},{"age_group":"60-69   ","count":698,"tested":14260},{"age_group":"70-79   ","count":330,"tested":7814},{"age_group":"80+","count":212,"tested":5562}],"race":[{"description":"AI/AN**","count":21,"tested":168,"color":"rgb(31,119,180)"},{"description":"Asian","count":649,"tested":8851,"color":"rgb(140,86,75)"},{"description":"Black","count":226,"tested":5804,"color":"rgb(255,127,14)"},{"description":"Hispanic","count":2611,"tested":17832,"color":"rgb(214,39,40)"},{"description":"Left Blank","count":1534,"tested":55517,"color":"rgb(44,160,44)"},{"description":"NH/PI*","count":17,"tested":368,"color":"rgb(127,127,127)"},{"description":"Other","count":478,"tested":6448,"color":"rgb(148,103,189)"},{"description":"White","count":1739,"tested":36964,"color":"rgb(31,119,180)"}],"gender":[]}
