{"age":[{"age_group":"<20","count":286,"tested":7723},{"age_group":"20-29   ","count":1392,"tested":30904},{"age_group":"30-39   ","count":985,"tested":26575},{"age_group":"40-49   ","count":454,"tested":13311},{"age_group":"50-59   ","count":368,"tested":11577},{"age_group":"60-69   ","count":272,"tested":9276},{"age_group":"70-79   ","count":118,"tested":4738},{"age_group":"80+","count":107,"tested":3188}],"race":[{"description":"Asian","count":143,"tested":3429,"color":"rgb(140,86,75)"},{"description":"Black","count":230,"tested":5054,"color":"rgb(255,127,14)"},{"description":"Hispanic","count":408,"tested":4836,"color":"rgb(214,39,40)"},{"description":"Left Blank","count":1251,"tested":52790,"color":"rgb(44,160,44)"},{"description":"Other","count":225,"tested":4456,"color":"rgb(148,103,189)"},{"description":"White","count":1718,"tested":36618,"color":"rgb(31,119,180)"}],"gender":[]}
