{"age":[{"age_group":"<20","count":237,"tested":2597},{"age_group":"20-29   ","count":212,"tested":2045},{"age_group":"30-39   ","count":260,"tested":2575},{"age_group":"40-49   ","count":233,"tested":2107},{"age_group":"50-59   ","count":180,"tested":1988},{"age_group":"60-69   ","count":102,"tested":1258},{"age_group":"70-79   ","count":51,"tested":727},{"age_group":"80+","count":12,"tested":251}],"race":[{"description":"Black","count":19,"tested":272,"color":"rgb(255,127,14)"},{"description":"Hispanic","count":80,"tested":496,"color":"rgb(214,39,40)"},{"description":"Left Blank","count":407,"tested":5019,"color":"rgb(44,160,44)"},{"description":"Other","count":28,"tested":323,"color":"rgb(148,103,189)"},{"description":"White","count":749,"tested":7383,"color":"rgb(31,119,180)"}],"gender":[]}
