{"age":[{"age_group":"<20","count":475,"tested":6588},{"age_group":"20-29   ","count":552,"tested":7407},{"age_group":"30-39   ","count":468,"tested":6281},{"age_group":"40-49   ","count":434,"tested":5177},{"age_group":"50-59   ","count":411,"tested":6146},{"age_group":"60-69   ","count":287,"tested":4600},{"age_group":"70-79   ","count":143,"tested":2061},{"age_group":"80+","count":95,"tested":2001}],"race":[{"description":"Asian","count":54,"tested":778,"color":"rgb(140,86,75)"},{"description":"Black","count":184,"tested":1717,"color":"rgb(255,127,14)"},{"description":"Hispanic","count":255,"tested":1783,"color":"rgb(214,39,40)"},{"description":"Left Blank","count":276,"tested":16915,"color":"rgb(44,160,44)"},{"description":"Other","count":27,"tested":571,"color":"rgb(148,103,189)"},{"description":"White","count":2064,"tested":18187,"color":"rgb(31,119,180)"}],"gender":[]}
