{"age":[{"age_group":"<20","count":647,"tested":7348},{"age_group":"20-29   ","count":628,"tested":8413},{"age_group":"30-39   ","count":669,"tested":7762},{"age_group":"40-49   ","count":525,"tested":7148},{"age_group":"50-59   ","count":476,"tested":7185},{"age_group":"60-69   ","count":387,"tested":6506},{"age_group":"70-79   ","count":254,"tested":4461},{"age_group":"80+","count":152,"tested":4214}],"race":[{"description":"Asian","count":125,"tested":780,"color":"rgb(140,86,75)"},{"description":"Black","count":429,"tested":3861,"color":"rgb(255,127,14)"},{"description":"Hispanic","count":983,"tested":4262,"color":"rgb(214,39,40)"},{"description":"Left Blank","count":377,"tested":28265,"color":"rgb(44,160,44)"},{"description":"Other","count":80,"tested":936,"color":"rgb(148,103,189)"},{"description":"White","count":1741,"tested":14908,"color":"rgb(31,119,180)"}],"gender":[]}
