{"age":[{"age_group":"<20","count":630,"tested":8143},{"age_group":"20-29   ","count":540,"tested":7084},{"age_group":"30-39   ","count":451,"tested":5526},{"age_group":"40-49   ","count":463,"tested":5856},{"age_group":"50-59   ","count":572,"tested":7047},{"age_group":"60-69   ","count":271,"tested":4650},{"age_group":"70-79   ","count":120,"tested":2440},{"age_group":"80+","count":85,"tested":3156}],"race":[{"description":"Asian","count":68,"tested":1255,"color":"rgb(140,86,75)"},{"description":"Black","count":67,"tested":1398,"color":"rgb(255,127,14)"},{"description":"Hispanic","count":353,"tested":2942,"color":"rgb(214,39,40)"},{"description":"Left Blank","count":927,"tested":13734,"color":"rgb(44,160,44)"},{"description":"NH/PI*","count":6,"tested":118,"color":"rgb(127,127,127)"},{"description":"Other","count":196,"tested":1833,"color":"rgb(148,103,189)"},{"description":"White","count":1510,"tested":22524,"color":"rgb(31,119,180)"}],"gender":[]}
