{"age":[{"age_group":"<20","count":190,"tested":1971},{"age_group":"20-29   ","count":172,"tested":2118},{"age_group":"30-39   ","count":214,"tested":2008},{"age_group":"40-49   ","count":183,"tested":1843},{"age_group":"50-59   ","count":208,"tested":1985},{"age_group":"60-69   ","count":134,"tested":1813},{"age_group":"70-79   ","count":60,"tested":1153},{"age_group":"80+","count":40,"tested":857}],"race":[{"description":"Asian","count":6,"tested":83,"color":"rgb(140,86,75)"},{"description":"Hispanic","count":231,"tested":1113,"color":"rgb(214,39,40)"},{"description":"Left Blank","count":271,"tested":4872,"color":"rgb(44,160,44)"},{"description":"Other","count":16,"tested":242,"color":"rgb(148,103,189)"},{"description":"White","count":670,"tested":7331,"color":"rgb(31,119,180)"}],"gender":[]}
