{"age":[{"age_group":"<20","count":796,"tested":8665},{"age_group":"20-29   ","count":777,"tested":8435},{"age_group":"30-39   ","count":702,"tested":7928},{"age_group":"40-49   ","count":673,"tested":7273},{"age_group":"50-59   ","count":740,"tested":9163},{"age_group":"60-69   ","count":473,"tested":6560},{"age_group":"70-79   ","count":173,"tested":3590},{"age_group":"80+","count":188,"tested":3691}],"race":[{"description":"AI/AN**","count":7,"tested":90,"color":"rgb(31,119,180)"},{"description":"Asian","count":90,"tested":874,"color":"rgb(140,86,75)"},{"description":"Black","count":59,"tested":657,"color":"rgb(255,127,14)"},{"description":"Hispanic","count":652,"tested":3491,"color":"rgb(214,39,40)"},{"description":"Left Blank","count":1016,"tested":20548,"color":"rgb(44,160,44)"},{"description":"Other","count":114,"tested":1188,"color":"rgb(148,103,189)"},{"description":"White","count":2582,"tested":28372,"color":"rgb(31,119,180)"}],"gender":[]}
