{"age":[{"age_group":"<20","count":223,"tested":1761},{"age_group":"20-29   ","count":210,"tested":2261},{"age_group":"30-39   ","count":261,"tested":2393},{"age_group":"40-49   ","count":180,"tested":1808},{"age_group":"50-59   ","count":189,"tested":2189},{"age_group":"60-69   ","count":156,"tested":1741},{"age_group":"70-79   ","count":43,"tested":735},{"age_group":"80+","count":26,"tested":538}],"race":[{"description":"Asian","count":27,"tested":255,"color":"rgb(140,86,75)"},{"description":"Black","count":20,"tested":208,"color":"rgb(255,127,14)"},{"description":"Hispanic","count":401,"tested":2985,"color":"rgb(214,39,40)"},{"description":"Left Blank","count":222,"tested":3723,"color":"rgb(44,160,44)"},{"description":"Other","count":52,"tested":614,"color":"rgb(148,103,189)"},{"description":"White","count":564,"tested":5611,"color":"rgb(31,119,180)"}],"gender":[]}
