{"age":[{"age_group":"<20","count":1066,"tested":10629},{"age_group":"20-29   ","count":1893,"tested":35608},{"age_group":"30-39   ","count":1705,"tested":29611},{"age_group":"40-49   ","count":1301,"tested":17757},{"age_group":"50-59   ","count":1053,"tested":14103},{"age_group":"60-69   ","count":704,"tested":11270},{"age_group":"70-79   ","count":355,"tested":5443},{"age_group":"80+","count":175,"tested":2840}],"race":[{"description":"AI/AN**","count":9,"tested":228,"color":"rgb(31,119,180)"},{"description":"Asian","count":217,"tested":5602,"color":"rgb(140,86,75)"},{"description":"Black","count":951,"tested":17578,"color":"rgb(255,127,14)"},{"description":"Hispanic","count":4563,"tested":34527,"color":"rgb(214,39,40)"},{"description":"Left Blank","count":1261,"tested":40058,"color":"rgb(44,160,44)"},{"description":"NH/PI*","count":8,"tested":80,"color":"rgb(127,127,127)"},{"description":"Other","count":320,"tested":6059,"color":"rgb(148,103,189)"},{"description":"White","count":923,"tested":23164,"color":"rgb(31,119,180)"}],"gender":[]}
