{"age":[{"age_group":"<20","count":795,"tested":7284},{"age_group":"20-29   ","count":899,"tested":16996},{"age_group":"30-39   ","count":942,"tested":18876},{"age_group":"40-49   ","count":816,"tested":18010},{"age_group":"50-59   ","count":725,"tested":18867},{"age_group":"60-69   ","count":569,"tested":15342},{"age_group":"70-79   ","count":302,"tested":7386},{"age_group":"80+","count":247,"tested":6158}],"race":[{"description":"Asian","count":10,"tested":653,"color":"rgb(140,86,75)"},{"description":"Black","count":1263,"tested":32727,"color":"rgb(255,127,14)"},{"description":"Hispanic","count":796,"tested":5187,"color":"rgb(214,39,40)"},{"description":"Left Blank","count":1090,"tested":21709,"color":"rgb(44,160,44)"},{"description":"Other","count":106,"tested":2984,"color":"rgb(148,103,189)"},{"description":"White","count":2028,"tested":45459,"color":"rgb(31,119,180)"}],"gender":[]}
