{"age":[{"age_group":"<20","count":516,"tested":5935},{"age_group":"20-29   ","count":486,"tested":6315},{"age_group":"30-39   ","count":410,"tested":5660},{"age_group":"40-49   ","count":509,"tested":6587},{"age_group":"50-59   ","count":456,"tested":6604},{"age_group":"60-69   ","count":229,"tested":4913},{"age_group":"70-79   ","count":165,"tested":4848},{"age_group":"80+","count":144,"tested":4799}],"race":[{"description":"Asian","count":98,"tested":1467,"color":"rgb(140,86,75)"},{"description":"Black","count":184,"tested":2538,"color":"rgb(255,127,14)"},{"description":"Hispanic","count":431,"tested":3378,"color":"rgb(214,39,40)"},{"description":"Left Blank","count":796,"tested":17383,"color":"rgb(44,160,44)"},{"description":"Other","count":104,"tested":1522,"color":"rgb(148,103,189)"},{"description":"White","count":1295,"tested":19297,"color":"rgb(31,119,180)"}],"gender":[]}
