{"age":[{"age_group":"<20","count":1820,"tested":15426},{"age_group":"20-29   ","count":2150,"tested":22506},{"age_group":"30-39   ","count":2025,"tested":21172},{"age_group":"40-49   ","count":2064,"tested":18707},{"age_group":"50-59   ","count":1588,"tested":17305},{"age_group":"60-69   ","count":951,"tested":14009},{"age_group":"70-79   ","count":464,"tested":6422},{"age_group":"80+","count":199,"tested":2283}],"race":[{"description":"AI/AN**","count":7,"tested":64,"color":"rgb(31,119,180)"},{"description":"Asian","count":11,"tested":447,"color":"rgb(140,86,75)"},{"description":"Black","count":1706,"tested":23655,"color":"rgb(255,127,14)"},{"description":"Hispanic","count":6442,"tested":34323,"color":"rgb(214,39,40)"},{"description":"Left Blank","count":2354,"tested":47024,"color":"rgb(44,160,44)"},{"description":"Other","count":382,"tested":4235,"color":"rgb(148,103,189)"},{"description":"White","count":356,"tested":8101,"color":"rgb(31,119,180)"}],"gender":[]}
