{"lastUpdatedDate":{"year":2020,"month":12,"day":18},"county_demographics":[{"County":"Peoria","confirmed_cases":11934,"total_tested":179218,"demographics":{"age":[{"race":[],"age_group":"<20","count":2009,"tested":27171,"deaths":0},{"race":[],"age_group":"20-29   ","count":2360,"tested":31557,"deaths":0},{"race":[],"age_group":"30-39   ","count":1751,"tested":27137,"deaths":0},{"race":[],"age_group":"40-49   ","count":1615,"tested":23539,"deaths":0},{"race":[],"age_group":"50-59   ","count":1708,"tested":24389,"deaths":0},{"race":[],"age_group":"60-69   ","count":1292,"tested":21243,"deaths":0},{"race":[],"age_group":"70-79   ","count":708,"tested":13030,"deaths":0},{"race":[],"age_group":"80+","count":490,"tested":11120,"deaths":0},{"race":[],"age_group":"Unknown","count":0,"tested":32,"deaths":0}],"race":[{"description":"AI/AN**","count":10,"tested":78,"deaths":0,"color":"rgb(31,119,180)"},{"description":"Asian","count":129,"tested":966,"deaths":0,"color":"rgb(140,86,75)"},{"description":"Black","count":1867,"tested":11171,"deaths":0,"color":"rgb(255,127,14)"},{"description":"Hispanic","count":800,"tested":1709,"deaths":0,"color":"rgb(214,39,40)"},{"description":"Left Blank","count":2067,"tested":118387,"deaths":0,"color":"rgb(44,160,44)"},{"description":"NH/PI*","count":6,"tested":63,"deaths":0,"color":"rgb(127,127,127)"},{"description":"Other","count":309,"tested":4299,"deaths":0,"color":"rgb(148,103,189)"},{"description":"White","count":6745,"tested":42545,"deaths":0,"color":"rgb(31,119,180)"}],"gender":[{"description":"Female","count":6414,"tested":100509,"deaths":0,"color":"rgb(255,127,14)"},{"description":"Male","count":5327,"tested":70557,"deaths":0,"color":"rgb(31,119,180)"},{"description":"Unknown/Left Blank","count":191,"tested":8152,"deaths":0,"color":"rgb(44,160,44)"}]}}]}
