{"lastUpdatedDate":{"year":2020,"month":12,"day":18},"county_demographics":[{"County":"Madison","confirmed_cases":18933,"total_tested":176156,"demographics":{"age":[{"race":[],"age_group":"<20","count":2716,"tested":21686,"deaths":0},{"race":[],"age_group":"20-29   ","count":3335,"tested":28597,"deaths":0},{"race":[],"age_group":"30-39   ","count":2879,"tested":26548,"deaths":0},{"race":[],"age_group":"40-49   ","count":2710,"tested":22902,"deaths":0},{"race":[],"age_group":"50-59   ","count":2823,"tested":24471,"deaths":0},{"race":[],"age_group":"60-69   ","count":2219,"tested":22000,"deaths":0},{"race":[],"age_group":"70-79   ","count":1277,"tested":13626,"deaths":0},{"race":[],"age_group":"80+","count":970,"tested":16099,"deaths":0},{"race":[],"age_group":"Unknown","count":0,"tested":227,"deaths":0}],"race":[{"description":"AI/AN**","count":13,"tested":97,"deaths":0,"color":"rgb(31,119,180)"},{"description":"Asian","count":59,"tested":500,"deaths":0,"color":"rgb(140,86,75)"},{"description":"Black","count":1196,"tested":7703,"deaths":0,"color":"rgb(255,127,14)"},{"description":"Hispanic","count":363,"tested":1705,"deaths":0,"color":"rgb(214,39,40)"},{"description":"Left Blank","count":7013,"tested":86351,"deaths":0,"color":"rgb(44,160,44)"},{"description":"NH/PI*","count":0,"tested":64,"deaths":0,"color":"rgb(127,127,127)"},{"description":"Other","count":801,"tested":8053,"deaths":0,"color":"rgb(148,103,189)"},{"description":"White","count":9481,"tested":71683,"deaths":0,"color":"rgb(31,119,180)"}],"gender":[{"description":"Female","count":10130,"tested":106312,"deaths":0,"color":"rgb(255,127,14)"},{"description":"Male","count":8225,"tested":65818,"deaths":0,"color":"rgb(31,119,180)"},{"description":"Unknown/Left Blank","count":578,"tested":4026,"deaths":0,"color":"rgb(44,160,44)"}]}}]}
