{"lastUpdatedDate":{"year":2020,"month":12,"day":18},"county_demographics":[{"County":"Menard","confirmed_cases":659,"total_tested":10947,"demographics":{"age":[{"race":[],"age_group":"<20","count":80,"tested":1598,"deaths":0},{"race":[],"age_group":"20-29   ","count":92,"tested":1452,"deaths":0},{"race":[],"age_group":"30-39   ","count":97,"tested":1603,"deaths":0},{"race":[],"age_group":"40-49   ","count":86,"tested":1401,"deaths":0},{"race":[],"age_group":"50-59   ","count":127,"tested":1672,"deaths":0},{"race":[],"age_group":"60-69   ","count":68,"tested":1408,"deaths":0},{"race":[],"age_group":"70-79   ","count":47,"tested":986,"deaths":0},{"race":[],"age_group":"80+","count":49,"tested":826,"deaths":0},{"race":[],"age_group":"Unknown","count":0,"tested":0,"deaths":0}],"race":[{"description":"AI/AN**","count":0,"tested":7,"deaths":0,"color":"rgb(31,119,180)"},{"description":"Asian","count":0,"tested":0,"deaths":0,"color":"rgb(140,86,75)"},{"description":"Black","count":0,"tested":47,"deaths":0,"color":"rgb(255,127,14)"},{"description":"Hispanic","count":0,"tested":47,"deaths":0,"color":"rgb(214,39,40)"},{"description":"Left Blank","count":373,"tested":4942,"deaths":0,"color":"rgb(44,160,44)"},{"description":"NH/PI*","count":0,"tested":0,"deaths":0,"color":"rgb(127,127,127)"},{"description":"Other","count":0,"tested":93,"deaths":0,"color":"rgb(148,103,189)"},{"description":"White","count":278,"tested":5805,"deaths":0,"color":"rgb(31,119,180)"}],"gender":[{"description":"Female","count":311,"tested":6445,"deaths":0,"color":"rgb(255,127,14)"},{"description":"Male","count":265,"tested":4157,"deaths":0,"color":"rgb(31,119,180)"},{"description":"Unknown/Left Blank","count":83,"tested":345,"deaths":0,"color":"rgb(44,160,44)"}]}}]}
