{"lastUpdatedDate":{"year":2020,"month":12,"day":18},"county_demographics":[{"County":"Alexander","confirmed_cases":319,"total_tested":3577,"demographics":{"age":[{"race":[],"age_group":"<20","count":30,"tested":299,"deaths":0},{"race":[],"age_group":"20-29   ","count":34,"tested":489,"deaths":0},{"race":[],"age_group":"30-39   ","count":49,"tested":422,"deaths":0},{"race":[],"age_group":"40-49   ","count":44,"tested":544,"deaths":0},{"race":[],"age_group":"50-59   ","count":56,"tested":709,"deaths":0},{"race":[],"age_group":"60-69   ","count":56,"tested":640,"deaths":0},{"race":[],"age_group":"70-79   ","count":40,"tested":286,"deaths":0},{"race":[],"age_group":"80+","count":6,"tested":188,"deaths":0}],"race":[{"description":"Asian","count":0,"tested":0,"deaths":0,"color":"rgb(140,86,75)"},{"description":"Black","count":74,"tested":1006,"deaths":0,"color":"rgb(255,127,14)"},{"description":"Hispanic","count":0,"tested":13,"deaths":0,"color":"rgb(214,39,40)"},{"description":"Left Blank","count":109,"tested":1344,"deaths":0,"color":"rgb(44,160,44)"},{"description":"NH/PI*","count":0,"tested":0,"deaths":0,"color":"rgb(127,127,127)"},{"description":"Other","count":0,"tested":18,"deaths":0,"color":"rgb(148,103,189)"},{"description":"White","count":128,"tested":1192,"deaths":0,"color":"rgb(31,119,180)"}],"gender":[{"description":"Female","count":191,"tested":2220,"deaths":0,"color":"rgb(255,127,14)"},{"description":"Male","count":117,"tested":1209,"deaths":0,"color":"rgb(31,119,180)"},{"description":"Unknown/Left Blank","count":7,"tested":148,"deaths":0,"color":"rgb(44,160,44)"}]}}]}
