{"lastUpdatedDate":{"year":2021,"month":7,"day":23},"county_demographics":[{"County":"McHenry","confirmed_cases":29452,"total_tested":386859,"demographics":{"age":[{"race":[],"age_group":"<20","count":4918,"tested":55416,"deaths":0},{"race":[],"age_group":"20-29   ","count":5087,"tested":59225,"deaths":0},{"race":[],"age_group":"30-39   ","count":4504,"tested":55236,"deaths":0},{"race":[],"age_group":"40-49   ","count":4557,"tested":51634,"deaths":0},{"race":[],"age_group":"50-59   ","count":5022,"tested":61604,"deaths":0},{"race":[],"age_group":"60-69   ","count":3057,"tested":47291,"deaths":0},{"race":[],"age_group":"70-79   ","count":1342,"tested":29117,"deaths":0},{"race":[],"age_group":"80+","count":961,"tested":27259,"deaths":0},{"race":[],"age_group":"Unknown","count":0,"tested":77,"deaths":0}],"race":[{"description":"AI/AN**","count":37,"tested":491,"deaths":0,"color":"rgb(31,119,180)"},{"description":"Asian","count":515,"tested":7062,"deaths":0,"color":"rgb(140,86,75)"},{"description":"Black","count":329,"tested":4590,"deaths":0,"color":"rgb(255,127,14)"},{"description":"Hispanic","count":4733,"tested":28909,"deaths":0,"color":"rgb(214,39,40)"},{"description":"Left Blank","count":7032,"tested":142714,"deaths":0,"color":"rgb(44,160,44)"},{"description":"NH/PI*","count":29,"tested":676,"deaths":0,"color":"rgb(127,127,127)"},{"description":"Other","count":579,"tested":7392,"deaths":0,"color":"rgb(148,103,189)"},{"description":"White","count":16193,"tested":195025,"deaths":0,"color":"rgb(31,119,180)"}],"gender":[{"description":"Female","count":15033,"tested":222280,"deaths":0,"color":"rgb(255,127,14)"},{"description":"Male","count":14252,"tested":159970,"deaths":0,"color":"rgb(31,119,180)"},{"description":"Unknown/Left Blank","count":167,"tested":4609,"deaths":0,"color":"rgb(44,160,44)"}]}}]}
