{"lastUpdatedDate":{"year":2021,"month":7,"day":23},"county_demographics":[{"County":"Monroe","confirmed_cases":4478,"total_tested":47114,"demographics":{"age":[{"race":[],"age_group":"<20","count":752,"tested":7033,"deaths":0},{"race":[],"age_group":"20-29   ","count":608,"tested":5625,"deaths":0},{"race":[],"age_group":"30-39   ","count":624,"tested":5904,"deaths":0},{"race":[],"age_group":"40-49   ","count":661,"tested":5291,"deaths":0},{"race":[],"age_group":"50-59   ","count":774,"tested":6545,"deaths":0},{"race":[],"age_group":"60-69   ","count":552,"tested":5660,"deaths":0},{"race":[],"age_group":"70-79   ","count":247,"tested":3224,"deaths":0},{"race":[],"age_group":"80+","count":259,"tested":7801,"deaths":0},{"race":[],"age_group":"Unknown","count":0,"tested":31,"deaths":0}],"race":[{"description":"AI/AN**","count":0,"tested":14,"deaths":0,"color":"rgb(31,119,180)"},{"description":"Asian","count":0,"tested":98,"deaths":0,"color":"rgb(140,86,75)"},{"description":"Black","count":11,"tested":616,"deaths":0,"color":"rgb(255,127,14)"},{"description":"Hispanic","count":25,"tested":291,"deaths":0,"color":"rgb(214,39,40)"},{"description":"Left Blank","count":2351,"tested":20560,"deaths":0,"color":"rgb(44,160,44)"},{"description":"NH/PI*","count":0,"tested":0,"deaths":0,"color":"rgb(127,127,127)"},{"description":"Other","count":27,"tested":358,"deaths":0,"color":"rgb(148,103,189)"},{"description":"White","count":2056,"tested":25173,"deaths":0,"color":"rgb(31,119,180)"}],"gender":[{"description":"Female","count":2368,"tested":30272,"deaths":0,"color":"rgb(255,127,14)"},{"description":"Male","count":2080,"tested":16155,"deaths":0,"color":"rgb(31,119,180)"},{"description":"Unknown/Left Blank","count":28,"tested":687,"deaths":0,"color":"rgb(44,160,44)"}]}}]}
