{"lastUpdatedDate":{"year":2021,"month":7,"day":23},"county_demographics":[{"County":"Lee","confirmed_cases":4225,"total_tested":109021,"demographics":{"age":[{"race":[],"age_group":"<20","count":568,"tested":5304,"deaths":0},{"race":[],"age_group":"20-29   ","count":691,"tested":18032,"deaths":0},{"race":[],"age_group":"30-39   ","count":636,"tested":23859,"deaths":0},{"race":[],"age_group":"40-49   ","count":661,"tested":22727,"deaths":0},{"race":[],"age_group":"50-59   ","count":688,"tested":16994,"deaths":0},{"race":[],"age_group":"60-69   ","count":504,"tested":10155,"deaths":0},{"race":[],"age_group":"70-79   ","count":265,"tested":4181,"deaths":0},{"race":[],"age_group":"80+","count":206,"tested":5468,"deaths":0},{"race":[],"age_group":"Unknown","count":6,"tested":2301,"deaths":0}],"race":[{"description":"AI/AN**","count":0,"tested":14,"deaths":0,"color":"rgb(31,119,180)"},{"description":"Asian","count":16,"tested":210,"deaths":0,"color":"rgb(140,86,75)"},{"description":"Black","count":181,"tested":1834,"deaths":0,"color":"rgb(255,127,14)"},{"description":"Hispanic","count":138,"tested":1094,"deaths":0,"color":"rgb(214,39,40)"},{"description":"Left Blank","count":1236,"tested":81011,"deaths":0,"color":"rgb(44,160,44)"},{"description":"NH/PI*","count":0,"tested":16,"deaths":0,"color":"rgb(127,127,127)"},{"description":"Other","count":94,"tested":774,"deaths":0,"color":"rgb(148,103,189)"},{"description":"White","count":2554,"tested":24068,"deaths":0,"color":"rgb(31,119,180)"}],"gender":[{"description":"Female","count":1954,"tested":25865,"deaths":0,"color":"rgb(255,127,14)"},{"description":"Male","count":2129,"tested":52443,"deaths":0,"color":"rgb(31,119,180)"},{"description":"Unknown/Left Blank","count":138,"tested":30713,"deaths":0,"color":"rgb(44,160,44)"}]}}]}
