{"lastUpdatedDate":{"year":2021,"month":2,"day":11},"county_demographics":[{"County":"McLean","confirmed_cases":14239,"total_tested":236941,"demographics":{"age":[{"race":[],"age_group":"<20","count":2838,"tested":47688,"deaths":0},{"race":[],"age_group":"20-29   ","count":4019,"tested":62375,"deaths":0},{"race":[],"age_group":"30-39   ","count":1796,"tested":30731,"deaths":0},{"race":[],"age_group":"40-49   ","count":1662,"tested":25321,"deaths":0},{"race":[],"age_group":"50-59   ","count":1596,"tested":25557,"deaths":0},{"race":[],"age_group":"60-69   ","count":1166,"tested":20172,"deaths":0},{"race":[],"age_group":"70-79   ","count":629,"tested":11774,"deaths":0},{"race":[],"age_group":"80+","count":533,"tested":13297,"deaths":0},{"race":[],"age_group":"Unknown","count":0,"tested":26,"deaths":0}],"race":[{"description":"AI/AN**","count":0,"tested":129,"deaths":0,"color":"rgb(31,119,180)"},{"description":"Asian","count":196,"tested":1513,"deaths":0,"color":"rgb(140,86,75)"},{"description":"Black","count":1031,"tested":7648,"deaths":0,"color":"rgb(255,127,14)"},{"description":"Hispanic","count":781,"tested":2523,"deaths":0,"color":"rgb(214,39,40)"},{"description":"Left Blank","count":4092,"tested":156599,"deaths":0,"color":"rgb(44,160,44)"},{"description":"NH/PI*","count":7,"tested":75,"deaths":0,"color":"rgb(127,127,127)"},{"description":"Other","count":197,"tested":2403,"deaths":0,"color":"rgb(148,103,189)"},{"description":"White","count":7926,"tested":66051,"deaths":0,"color":"rgb(31,119,180)"}],"gender":[{"description":"Female","count":7658,"tested":128222,"deaths":0,"color":"rgb(255,127,14)"},{"description":"Male","count":6391,"tested":89250,"deaths":0,"color":"rgb(31,119,180)"},{"description":"Unknown/Left Blank","count":190,"tested":19469,"deaths":0,"color":"rgb(44,160,44)"}]}}]}
