{"lastUpdatedDate":{"year":2021,"month":2,"day":11},"county_demographics":[{"County":"Washington","confirmed_cases":1553,"total_tested":10666,"demographics":{"age":[{"race":[],"age_group":"<20","count":220,"tested":1477,"deaths":0},{"race":[],"age_group":"20-29   ","count":198,"tested":1484,"deaths":0},{"race":[],"age_group":"30-39   ","count":213,"tested":1649,"deaths":0},{"race":[],"age_group":"40-49   ","count":223,"tested":1524,"deaths":0},{"race":[],"age_group":"50-59   ","count":245,"tested":1501,"deaths":0},{"race":[],"age_group":"60-69   ","count":231,"tested":1551,"deaths":0},{"race":[],"age_group":"70-79   ","count":103,"tested":884,"deaths":0},{"race":[],"age_group":"80+","count":120,"tested":593,"deaths":0},{"race":[],"age_group":"Unknown","count":0,"tested":0,"deaths":0}],"race":[{"description":"AI/AN**","count":0,"tested":0,"deaths":0,"color":"rgb(31,119,180)"},{"description":"Asian","count":0,"tested":19,"deaths":0,"color":"rgb(140,86,75)"},{"description":"Black","count":0,"tested":63,"deaths":0,"color":"rgb(255,127,14)"},{"description":"Hispanic","count":12,"tested":77,"deaths":0,"color":"rgb(214,39,40)"},{"description":"Left Blank","count":503,"tested":3430,"deaths":0,"color":"rgb(44,160,44)"},{"description":"NH/PI*","count":0,"tested":0,"deaths":0,"color":"rgb(127,127,127)"},{"description":"Other","count":16,"tested":195,"deaths":0,"color":"rgb(148,103,189)"},{"description":"White","count":1012,"tested":6874,"deaths":0,"color":"rgb(31,119,180)"}],"gender":[{"description":"Female","count":849,"tested":6422,"deaths":0,"color":"rgb(255,127,14)"},{"description":"Male","count":684,"tested":3867,"deaths":0,"color":"rgb(31,119,180)"},{"description":"Unknown/Left Blank","count":20,"tested":377,"deaths":0,"color":"rgb(44,160,44)"}]}}]}
