{"lastUpdatedDate":{"year":2021,"month":2,"day":11},"county_demographics":[{"County":"Montgomery","confirmed_cases":3372,"total_tested":52574,"demographics":{"age":[{"race":[],"age_group":"<20","count":374,"tested":4845,"deaths":0},{"race":[],"age_group":"20-29   ","count":510,"tested":7617,"deaths":0},{"race":[],"age_group":"30-39   ","count":637,"tested":8814,"deaths":0},{"race":[],"age_group":"40-49   ","count":511,"tested":7235,"deaths":0},{"race":[],"age_group":"50-59   ","count":511,"tested":7353,"deaths":0},{"race":[],"age_group":"60-69   ","count":399,"tested":6279,"deaths":0},{"race":[],"age_group":"70-79   ","count":211,"tested":3388,"deaths":0},{"race":[],"age_group":"80+","count":215,"tested":5277,"deaths":0},{"race":[],"age_group":"Unknown","count":0,"tested":1766,"deaths":0}],"race":[{"description":"AI/AN**","count":0,"tested":9,"deaths":0,"color":"rgb(31,119,180)"},{"description":"Asian","count":0,"tested":74,"deaths":0,"color":"rgb(140,86,75)"},{"description":"Black","count":152,"tested":627,"deaths":0,"color":"rgb(255,127,14)"},{"description":"Hispanic","count":22,"tested":130,"deaths":0,"color":"rgb(214,39,40)"},{"description":"Left Blank","count":1643,"tested":33959,"deaths":0,"color":"rgb(44,160,44)"},{"description":"NH/PI*","count":0,"tested":15,"deaths":0,"color":"rgb(127,127,127)"},{"description":"Other","count":19,"tested":244,"deaths":0,"color":"rgb(148,103,189)"},{"description":"White","count":1518,"tested":17516,"deaths":0,"color":"rgb(31,119,180)"}],"gender":[{"description":"Female","count":1419,"tested":25926,"deaths":0,"color":"rgb(255,127,14)"},{"description":"Male","count":1700,"tested":16164,"deaths":0,"color":"rgb(31,119,180)"},{"description":"Unknown/Left Blank","count":248,"tested":10484,"deaths":0,"color":"rgb(44,160,44)"}]}}]}
