{"lastUpdatedDate":{"year":2021,"month":2,"day":11},"county_demographics":[{"County":"Henry","confirmed_cases":4252,"total_tested":54570,"demographics":{"age":[{"race":[],"age_group":"<20","count":632,"tested":6161,"deaths":0},{"race":[],"age_group":"20-29   ","count":588,"tested":7494,"deaths":0},{"race":[],"age_group":"30-39   ","count":600,"tested":8074,"deaths":0},{"race":[],"age_group":"40-49   ","count":642,"tested":7887,"deaths":0},{"race":[],"age_group":"50-59   ","count":676,"tested":8889,"deaths":0},{"race":[],"age_group":"60-69   ","count":535,"tested":6790,"deaths":0},{"race":[],"age_group":"70-79   ","count":289,"tested":4045,"deaths":0},{"race":[],"age_group":"80+","count":284,"tested":5070,"deaths":0},{"race":[],"age_group":"Unknown","count":0,"tested":160,"deaths":0}],"race":[{"description":"AI/AN**","count":0,"tested":11,"deaths":0,"color":"rgb(31,119,180)"},{"description":"Asian","count":0,"tested":47,"deaths":0,"color":"rgb(140,86,75)"},{"description":"Black","count":59,"tested":552,"deaths":0,"color":"rgb(255,127,14)"},{"description":"Hispanic","count":180,"tested":907,"deaths":0,"color":"rgb(214,39,40)"},{"description":"Left Blank","count":1378,"tested":30989,"deaths":0,"color":"rgb(44,160,44)"},{"description":"NH/PI*","count":0,"tested":14,"deaths":0,"color":"rgb(127,127,127)"},{"description":"Other","count":94,"tested":698,"deaths":0,"color":"rgb(148,103,189)"},{"description":"White","count":2534,"tested":21352,"deaths":0,"color":"rgb(31,119,180)"}],"gender":[{"description":"Female","count":2335,"tested":32581,"deaths":0,"color":"rgb(255,127,14)"},{"description":"Male","count":1875,"tested":18000,"deaths":0,"color":"rgb(31,119,180)"},{"description":"Unknown/Left Blank","count":37,"tested":3989,"deaths":0,"color":"rgb(44,160,44)"}]}}]}
