{"lastUpdatedDate":{"year":2021,"month":2,"day":11},"county_demographics":[{"County":"Grundy","confirmed_cases":4883,"total_tested":41697,"demographics":{"age":[{"race":[],"age_group":"<20","count":817,"tested":6622,"deaths":0},{"race":[],"age_group":"20-29   ","count":839,"tested":6833,"deaths":0},{"race":[],"age_group":"30-39   ","count":764,"tested":6031,"deaths":0},{"race":[],"age_group":"40-49   ","count":818,"tested":6048,"deaths":0},{"race":[],"age_group":"50-59   ","count":737,"tested":6080,"deaths":0},{"race":[],"age_group":"60-69   ","count":478,"tested":4406,"deaths":0},{"race":[],"age_group":"70-79   ","count":262,"tested":2798,"deaths":0},{"race":[],"age_group":"80+","count":166,"tested":2757,"deaths":0},{"race":[],"age_group":"Unknown","count":0,"tested":122,"deaths":0}],"race":[{"description":"AI/AN**","count":0,"tested":25,"deaths":0,"color":"rgb(31,119,180)"},{"description":"Asian","count":15,"tested":153,"deaths":0,"color":"rgb(140,86,75)"},{"description":"Black","count":41,"tested":478,"deaths":0,"color":"rgb(255,127,14)"},{"description":"Hispanic","count":284,"tested":1416,"deaths":0,"color":"rgb(214,39,40)"},{"description":"Left Blank","count":1362,"tested":13217,"deaths":0,"color":"rgb(44,160,44)"},{"description":"NH/PI*","count":0,"tested":10,"deaths":0,"color":"rgb(127,127,127)"},{"description":"Other","count":356,"tested":2013,"deaths":0,"color":"rgb(148,103,189)"},{"description":"White","count":2819,"tested":24385,"deaths":0,"color":"rgb(31,119,180)"}],"gender":[{"description":"Female","count":2498,"tested":24110,"deaths":0,"color":"rgb(255,127,14)"},{"description":"Male","count":2339,"tested":16481,"deaths":0,"color":"rgb(31,119,180)"},{"description":"Unknown/Left Blank","count":45,"tested":1106,"deaths":0,"color":"rgb(44,160,44)"}]}}]}
