{"lastUpdatedDate":{"year":2021,"month":2,"day":11},"county_demographics":[{"County":"Mason","confirmed_cases":1258,"total_tested":17431,"demographics":{"age":[{"race":[],"age_group":"<20","count":211,"tested":2623,"deaths":0},{"race":[],"age_group":"20-29   ","count":130,"tested":2388,"deaths":0},{"race":[],"age_group":"30-39   ","count":173,"tested":2648,"deaths":0},{"race":[],"age_group":"40-49   ","count":181,"tested":2757,"deaths":0},{"race":[],"age_group":"50-59   ","count":184,"tested":2516,"deaths":0},{"race":[],"age_group":"60-69   ","count":162,"tested":1881,"deaths":0},{"race":[],"age_group":"70-79   ","count":117,"tested":1162,"deaths":0},{"race":[],"age_group":"80+","count":92,"tested":1456,"deaths":0},{"race":[],"age_group":"Unknown","count":0,"tested":0,"deaths":0}],"race":[{"description":"AI/AN**","count":0,"tested":0,"deaths":0,"color":"rgb(31,119,180)"},{"description":"Asian","count":0,"tested":16,"deaths":0,"color":"rgb(140,86,75)"},{"description":"Black","count":0,"tested":40,"deaths":0,"color":"rgb(255,127,14)"},{"description":"Hispanic","count":8,"tested":33,"deaths":0,"color":"rgb(214,39,40)"},{"description":"Left Blank","count":429,"tested":6540,"deaths":0,"color":"rgb(44,160,44)"},{"description":"Other","count":8,"tested":148,"deaths":0,"color":"rgb(148,103,189)"},{"description":"White","count":807,"tested":10651,"deaths":0,"color":"rgb(31,119,180)"}],"gender":[{"description":"Female","count":697,"tested":10850,"deaths":0,"color":"rgb(255,127,14)"},{"description":"Male","count":513,"tested":5646,"deaths":0,"color":"rgb(31,119,180)"},{"description":"Unknown/Left Blank","count":47,"tested":935,"deaths":0,"color":"rgb(44,160,44)"}]}}]}
