{"lastUpdatedDate":{"year":2021,"month":5,"day":20},"county_demographics":[{"County":"De Witt","confirmed_cases":1531,"total_tested":25534,"demographics":{"age":[{"race":[],"age_group":"<20","count":267,"tested":4481,"deaths":0},{"race":[],"age_group":"20-29   ","count":208,"tested":4106,"deaths":0},{"race":[],"age_group":"30-39   ","count":225,"tested":3486,"deaths":0},{"race":[],"age_group":"40-49   ","count":201,"tested":3200,"deaths":0},{"race":[],"age_group":"50-59   ","count":227,"tested":3401,"deaths":0},{"race":[],"age_group":"60-69   ","count":175,"tested":2881,"deaths":0},{"race":[],"age_group":"70-79   ","count":127,"tested":1936,"deaths":0},{"race":[],"age_group":"80+","count":99,"tested":2042,"deaths":0},{"race":[],"age_group":"Unknown","count":0,"tested":0,"deaths":0}],"race":[{"description":"AI/AN**","count":0,"tested":25,"deaths":0,"color":"rgb(31,119,180)"},{"description":"Asian","count":0,"tested":48,"deaths":0,"color":"rgb(140,86,75)"},{"description":"Black","count":8,"tested":125,"deaths":0,"color":"rgb(255,127,14)"},{"description":"Hispanic","count":36,"tested":256,"deaths":0,"color":"rgb(214,39,40)"},{"description":"Left Blank","count":343,"tested":11598,"deaths":0,"color":"rgb(44,160,44)"},{"description":"NH/PI*","count":0,"tested":9,"deaths":0,"color":"rgb(127,127,127)"},{"description":"Other","count":11,"tested":309,"deaths":0,"color":"rgb(148,103,189)"},{"description":"White","count":1122,"tested":13164,"deaths":0,"color":"rgb(31,119,180)"}],"gender":[{"description":"Female","count":811,"tested":15581,"deaths":0,"color":"rgb(255,127,14)"},{"description":"Male","count":708,"tested":9460,"deaths":0,"color":"rgb(31,119,180)"},{"description":"Unknown/Left Blank","count":12,"tested":493,"deaths":0,"color":"rgb(44,160,44)"}]}}]}
