{"lastUpdatedDate":{"year":2021,"month":5,"day":20},"county_demographics":[{"County":"Stark","confirmed_cases":642,"total_tested":10039,"demographics":{"age":[{"race":[],"age_group":"<20","count":109,"tested":1519,"deaths":0},{"race":[],"age_group":"20-29   ","count":96,"tested":1629,"deaths":0},{"race":[],"age_group":"30-39   ","count":77,"tested":1143,"deaths":0},{"race":[],"age_group":"40-49   ","count":83,"tested":985,"deaths":0},{"race":[],"age_group":"50-59   ","count":111,"tested":1313,"deaths":0},{"race":[],"age_group":"60-69   ","count":66,"tested":1402,"deaths":0},{"race":[],"age_group":"70-79   ","count":49,"tested":1072,"deaths":0},{"race":[],"age_group":"80+","count":46,"tested":969,"deaths":0},{"race":[],"age_group":"Unknown","count":0,"tested":7,"deaths":0}],"race":[{"description":"AI/AN**","count":0,"tested":0,"deaths":0,"color":"rgb(31,119,180)"},{"description":"Asian","count":0,"tested":18,"deaths":0,"color":"rgb(140,86,75)"},{"description":"Black","count":0,"tested":36,"deaths":0,"color":"rgb(255,127,14)"},{"description":"Hispanic","count":0,"tested":51,"deaths":0,"color":"rgb(214,39,40)"},{"description":"Left Blank","count":200,"tested":5479,"deaths":0,"color":"rgb(44,160,44)"},{"description":"NH/PI*","count":0,"tested":0,"deaths":0,"color":"rgb(127,127,127)"},{"description":"Other","count":0,"tested":76,"deaths":0,"color":"rgb(148,103,189)"},{"description":"White","count":418,"tested":4377,"deaths":0,"color":"rgb(31,119,180)"}],"gender":[{"description":"Female","count":348,"tested":6452,"deaths":0,"color":"rgb(255,127,14)"},{"description":"Male","count":281,"tested":3318,"deaths":0,"color":"rgb(31,119,180)"},{"description":"Unknown/Left Blank","count":11,"tested":269,"deaths":0,"color":"rgb(44,160,44)"}]}}]}
