{"lastUpdatedDate":{"year":2021,"month":5,"day":20},"county_demographics":[{"County":"Lawrence","confirmed_cases":2409,"total_tested":67777,"demographics":{"age":[{"race":[],"age_group":"<20","count":171,"tested":2507,"deaths":0},{"race":[],"age_group":"20-29   ","count":474,"tested":15778,"deaths":0},{"race":[],"age_group":"30-39   ","count":489,"tested":16653,"deaths":0},{"race":[],"age_group":"40-49   ","count":410,"tested":14475,"deaths":0},{"race":[],"age_group":"50-59   ","count":357,"tested":9132,"deaths":0},{"race":[],"age_group":"60-69   ","count":256,"tested":5535,"deaths":0},{"race":[],"age_group":"70-79   ","count":152,"tested":2028,"deaths":0},{"race":[],"age_group":"80+","count":99,"tested":1613,"deaths":0},{"race":[],"age_group":"Unknown","count":0,"tested":56,"deaths":0}],"race":[{"description":"AI/AN**","count":0,"tested":0,"deaths":0,"color":"rgb(31,119,180)"},{"description":"Asian","count":0,"tested":10,"deaths":0,"color":"rgb(140,86,75)"},{"description":"Black","count":364,"tested":1651,"deaths":0,"color":"rgb(255,127,14)"},{"description":"Hispanic","count":19,"tested":114,"deaths":0,"color":"rgb(214,39,40)"},{"description":"Left Blank","count":838,"tested":56816,"deaths":0,"color":"rgb(44,160,44)"},{"description":"NH/PI*","count":0,"tested":0,"deaths":0,"color":"rgb(127,127,127)"},{"description":"Other","count":6,"tested":65,"deaths":0,"color":"rgb(148,103,189)"},{"description":"White","count":1174,"tested":9118,"deaths":0,"color":"rgb(31,119,180)"}],"gender":[{"description":"Female","count":797,"tested":10922,"deaths":0,"color":"rgb(255,127,14)"},{"description":"Male","count":1296,"tested":44824,"deaths":0,"color":"rgb(31,119,180)"},{"description":"Unknown/Left Blank","count":313,"tested":12031,"deaths":0,"color":"rgb(44,160,44)"}]}}]}
