{"lastUpdatedDate":{"year":2021,"month":5,"day":20},"county_demographics":[{"County":"Hancock","confirmed_cases":1773,"total_tested":19346,"demographics":{"age":[{"race":[],"age_group":"<20","count":276,"tested":2568,"deaths":0},{"race":[],"age_group":"20-29   ","count":226,"tested":2748,"deaths":0},{"race":[],"age_group":"30-39   ","count":228,"tested":2622,"deaths":0},{"race":[],"age_group":"40-49   ","count":217,"tested":2466,"deaths":0},{"race":[],"age_group":"50-59   ","count":273,"tested":3264,"deaths":0},{"race":[],"age_group":"60-69   ","count":268,"tested":2589,"deaths":0},{"race":[],"age_group":"70-79   ","count":173,"tested":1535,"deaths":0},{"race":[],"age_group":"80+","count":112,"tested":1552,"deaths":0},{"race":[],"age_group":"Unknown","count":0,"tested":0,"deaths":0}],"race":[{"description":"AI/AN**","count":0,"tested":9,"deaths":0,"color":"rgb(31,119,180)"},{"description":"Asian","count":0,"tested":11,"deaths":0,"color":"rgb(140,86,75)"},{"description":"Black","count":0,"tested":41,"deaths":0,"color":"rgb(255,127,14)"},{"description":"Hispanic","count":16,"tested":80,"deaths":0,"color":"rgb(214,39,40)"},{"description":"Left Blank","count":949,"tested":9615,"deaths":0,"color":"rgb(44,160,44)"},{"description":"NH/PI*","count":0,"tested":16,"deaths":0,"color":"rgb(127,127,127)"},{"description":"Other","count":18,"tested":190,"deaths":0,"color":"rgb(148,103,189)"},{"description":"White","count":775,"tested":9384,"deaths":0,"color":"rgb(31,119,180)"}],"gender":[{"description":"Female","count":936,"tested":12007,"deaths":0,"color":"rgb(255,127,14)"},{"description":"Male","count":769,"tested":6393,"deaths":0,"color":"rgb(31,119,180)"},{"description":"Unknown/Left Blank","count":68,"tested":946,"deaths":0,"color":"rgb(44,160,44)"}]}}]}
