{"lastUpdatedDate":{"year":2021,"month":5,"day":20},"county_demographics":[{"County":"Cook","confirmed_cases":266729,"total_tested":4046209,"demographics":{"age":[{"race":[],"age_group":"<20","count":42163,"tested":494096,"deaths":0},{"race":[],"age_group":"20-29   ","count":47031,"tested":685874,"deaths":0},{"race":[],"age_group":"30-39   ","count":42165,"tested":570137,"deaths":0},{"race":[],"age_group":"40-49   ","count":41852,"tested":547433,"deaths":0},{"race":[],"age_group":"50-59   ","count":40367,"tested":610725,"deaths":0},{"race":[],"age_group":"60-69   ","count":28290,"tested":521301,"deaths":0},{"race":[],"age_group":"70-79   ","count":14034,"tested":303544,"deaths":0},{"race":[],"age_group":"80+","count":10777,"tested":309184,"deaths":0},{"race":[],"age_group":"Unknown","count":50,"tested":3915,"deaths":0}],"race":[{"description":"AI/AN**","count":466,"tested":4561,"deaths":0,"color":"rgb(31,119,180)"},{"description":"Asian","count":9746,"tested":178524,"deaths":0,"color":"rgb(140,86,75)"},{"description":"Black","count":30016,"tested":411243,"deaths":0,"color":"rgb(255,127,14)"},{"description":"Hispanic","count":53602,"tested":347452,"deaths":0,"color":"rgb(214,39,40)"},{"description":"Left Blank","count":78861,"tested":1856594,"deaths":0,"color":"rgb(44,160,44)"},{"description":"NH/PI*","count":375,"tested":5815,"deaths":0,"color":"rgb(127,127,127)"},{"description":"Other","count":14085,"tested":145034,"deaths":0,"color":"rgb(148,103,189)"},{"description":"White","count":79578,"tested":1096986,"deaths":0,"color":"rgb(31,119,180)"}],"gender":[{"description":"Female","count":138368,"tested":2289094,"deaths":0,"color":"rgb(255,127,14)"},{"description":"Male","count":126010,"tested":1668509,"deaths":0,"color":"rgb(31,119,180)"},{"description":"Unknown/Left Blank","count":2351,"tested":88606,"deaths":0,"color":"rgb(44,160,44)"}]}}]}
