{"lastUpdatedDate":{"year":2021,"month":5,"day":20},"county_demographics":[{"County":"Moultrie","confirmed_cases":1616,"total_tested":25518,"demographics":{"age":[{"race":[],"age_group":"<20","count":272,"tested":3971,"deaths":0},{"race":[],"age_group":"20-29   ","count":187,"tested":3834,"deaths":0},{"race":[],"age_group":"30-39   ","count":194,"tested":3498,"deaths":0},{"race":[],"age_group":"40-49   ","count":177,"tested":3477,"deaths":0},{"race":[],"age_group":"50-59   ","count":254,"tested":3668,"deaths":0},{"race":[],"age_group":"60-69   ","count":242,"tested":3205,"deaths":0},{"race":[],"age_group":"70-79   ","count":153,"tested":1980,"deaths":0},{"race":[],"age_group":"80+","count":137,"tested":1803,"deaths":0},{"race":[],"age_group":"Unknown","count":0,"tested":82,"deaths":0}],"race":[{"description":"AI/AN**","count":0,"tested":6,"deaths":0,"color":"rgb(31,119,180)"},{"description":"Asian","count":0,"tested":47,"deaths":0,"color":"rgb(140,86,75)"},{"description":"Black","count":13,"tested":256,"deaths":0,"color":"rgb(255,127,14)"},{"description":"Hispanic","count":13,"tested":114,"deaths":0,"color":"rgb(214,39,40)"},{"description":"Left Blank","count":417,"tested":8158,"deaths":0,"color":"rgb(44,160,44)"},{"description":"NH/PI*","count":0,"tested":20,"deaths":0,"color":"rgb(127,127,127)"},{"description":"Other","count":13,"tested":378,"deaths":0,"color":"rgb(148,103,189)"},{"description":"White","count":1156,"tested":16539,"deaths":0,"color":"rgb(31,119,180)"}],"gender":[{"description":"Female","count":838,"tested":16047,"deaths":0,"color":"rgb(255,127,14)"},{"description":"Male","count":749,"tested":8398,"deaths":0,"color":"rgb(31,119,180)"},{"description":"Unknown/Left Blank","count":29,"tested":1073,"deaths":0,"color":"rgb(44,160,44)"}]}}]}
