{"lastUpdatedDate":{"year":2021,"month":5,"day":20},"county_demographics":[{"County":"Brown","confirmed_cases":721,"total_tested":27263,"demographics":{"age":[{"race":[],"age_group":"<20","count":102,"tested":907,"deaths":0},{"race":[],"age_group":"20-29   ","count":119,"tested":5625,"deaths":0},{"race":[],"age_group":"30-39   ","count":142,"tested":5962,"deaths":0},{"race":[],"age_group":"40-49   ","count":116,"tested":5515,"deaths":0},{"race":[],"age_group":"50-59   ","count":91,"tested":3346,"deaths":0},{"race":[],"age_group":"60-69   ","count":86,"tested":1878,"deaths":0},{"race":[],"age_group":"70-79   ","count":22,"tested":600,"deaths":0},{"race":[],"age_group":"80+","count":35,"tested":586,"deaths":0},{"race":[],"age_group":"Unknown","count":0,"tested":2844,"deaths":0}],"race":[{"description":"AI/AN**","count":0,"tested":0,"deaths":0,"color":"rgb(31,119,180)"},{"description":"Asian","count":0,"tested":0,"deaths":0,"color":"rgb(140,86,75)"},{"description":"Black","count":116,"tested":369,"deaths":0,"color":"rgb(255,127,14)"},{"description":"Hispanic","count":16,"tested":71,"deaths":0,"color":"rgb(214,39,40)"},{"description":"Left Blank","count":158,"tested":22633,"deaths":0,"color":"rgb(44,160,44)"},{"description":"Other","count":0,"tested":53,"deaths":0,"color":"rgb(148,103,189)"},{"description":"White","count":428,"tested":4132,"deaths":0,"color":"rgb(31,119,180)"}],"gender":[{"description":"Female","count":282,"tested":3752,"deaths":0,"color":"rgb(255,127,14)"},{"description":"Male","count":380,"tested":9547,"deaths":0,"color":"rgb(31,119,180)"},{"description":"Unknown/Left Blank","count":59,"tested":13964,"deaths":0,"color":"rgb(44,160,44)"}]}}]}
