{"age":[{"age_group":"<20","count":19,"tested":155},{"age_group":"20-29   ","count":20,"tested":172},{"age_group":"30-39   ","count":21,"tested":147},{"age_group":"40-49   ","count":24,"tested":181},{"age_group":"50-59   ","count":21,"tested":145},{"age_group":"60-69   ","count":16,"tested":165},{"age_group":"80+","count":8,"tested":44}],"race":[{"description":"White","count":78,"tested":533,"color":"rgb(31,119,180)"},{"description":"Left Blank","count":26,"tested":488,"color":"rgb(44,160,44)"},{"description":"Hispanic","count":21,"tested":48,"color":"rgb(214,39,40)"}],"gender":[{"description":"Female","count":54,"tested":575,"color":"rgb(255,127,14)"},{"description":"Male","count":69,"tested":501,"color":"rgb(31,119,180)"}]}
