{"age":[{"age_group":"<20","count":160,"tested":845},{"age_group":"20-29   ","count":203,"tested":1577},{"age_group":"30-39   ","count":206,"tested":1372},{"age_group":"40-49   ","count":173,"tested":1110},{"age_group":"50-59   ","count":225,"tested":1442},{"age_group":"60-69   ","count":159,"tested":1272},{"age_group":"70-79   ","count":132,"tested":871},{"age_group":"80+","count":95,"tested":434}],"race":[{"description":"Left Blank","count":564,"tested":5352,"color":"rgb(44,160,44)"},{"description":"Other","count":102,"tested":341,"color":"rgb(148,103,189)"},{"description":"White","count":406,"tested":2563,"color":"rgb(31,119,180)"},{"description":"Asian","count":47,"tested":104,"color":"rgb(140,86,75)"},{"description":"Hispanic","count":98,"tested":323,"color":"rgb(214,39,40)"},{"description":"Black","count":66,"tested":237,"color":"rgb(255,127,14)"}],"gender":[{"description":"Male","count":526,"tested":3547,"color":"rgb(31,119,180)"},{"description":"Unknown/Left Blank","count":51,"tested":114,"color":"rgb(44,160,44)"},{"description":"Female","count":606,"tested":5266,"color":"rgb(255,127,14)"}]}
