{"age":[{"age_group":"<20","count":268,"tested":2817},{"age_group":"20-29   ","count":355,"tested":3187},{"age_group":"30-39   ","count":285,"tested":2769},{"age_group":"40-49   ","count":275,"tested":2384},{"age_group":"50-59   ","count":279,"tested":2654},{"age_group":"60-69   ","count":205,"tested":2094},{"age_group":"70-79   ","count":119,"tested":910},{"age_group":"80+","count":78,"tested":774}],"race":[{"description":"Asian","count":60,"tested":302,"color":"rgb(140,86,75)"},{"description":"Black","count":113,"tested":649,"color":"rgb(255,127,14)"},{"description":"Hispanic","count":161,"tested":728,"color":"rgb(214,39,40)"},{"description":"White","count":915,"tested":7837,"color":"rgb(31,119,180)"},{"description":"Other","count":51,"tested":229,"color":"rgb(148,103,189)"},{"description":"Left Blank","count":490,"tested":7835,"color":"rgb(44,160,44)"}],"gender":[{"description":"Male","count":741,"tested":6953,"color":"rgb(31,119,180)"},{"description":"Unknown/Left Blank","count":46,"tested":279,"color":"rgb(44,160,44)"},{"description":"Female","count":893,"tested":10359,"color":"rgb(255,127,14)"}]}
