{"age":[{"age_group":"<20","count":97,"tested":1506},{"age_group":"20-29   ","count":70,"tested":1109},{"age_group":"30-39   ","count":40,"tested":809},{"age_group":"40-49   ","count":60,"tested":1183},{"age_group":"50-59   ","count":66,"tested":1261},{"age_group":"60-69   ","count":56,"tested":1074},{"age_group":"70-79   ","count":23,"tested":606},{"age_group":"80+","count":9,"tested":215}],"race":[{"description":"Hispanic","count":32,"tested":295,"color":"rgb(214,39,40)"},{"description":"Asian","count":9,"tested":266,"color":"rgb(140,86,75)"},{"description":"White","count":185,"tested":3827,"color":"rgb(31,119,180)"},{"description":"Left Blank","count":126,"tested":2533,"color":"rgb(44,160,44)"},{"description":"Other","count":27,"tested":365,"color":"rgb(148,103,189)"},{"description":"Black","count":36,"tested":470,"color":"rgb(255,127,14)"}],"gender":[{"description":"Female","count":188,"tested":4217,"color":"rgb(255,127,14)"},{"description":"Male","count":214,"tested":3455,"color":"rgb(31,119,180)"}]}
