{"age":[{"age_group":"<20","count":39,"tested":606},{"age_group":"20-29   ","count":22,"tested":396},{"age_group":"30-39   ","count":20,"tested":391},{"age_group":"40-49   ","count":25,"tested":563},{"age_group":"50-59   ","count":29,"tested":402},{"age_group":"60-69   ","count":12,"tested":452},{"age_group":"70-79   ","count":7,"tested":264}],"race":[{"description":"Hispanic","count":7,"tested":102,"color":"rgb(214,39,40)"},{"description":"Left Blank","count":48,"tested":1152,"color":"rgb(44,160,44)"},{"description":"Other","count":12,"tested":220,"color":"rgb(148,103,189)"},{"description":"Black","count":13,"tested":161,"color":"rgb(255,127,14)"},{"description":"Asian","count":10,"tested":94,"color":"rgb(140,86,75)"},{"description":"White","count":68,"tested":1431,"color":"rgb(31,119,180)"}],"gender":[{"description":"Female","count":79,"tested":1756,"color":"rgb(255,127,14)"},{"description":"Male","count":74,"tested":1388,"color":"rgb(31,119,180)"}]}
