{"age":[{"age_group":"<20","count":27,"tested":168},{"age_group":"20-29   ","count":28,"tested":197},{"age_group":"30-39   ","count":28,"tested":168},{"age_group":"40-49   ","count":34,"tested":159},{"age_group":"50-59   ","count":20,"tested":205},{"age_group":"60-69   ","count":19,"tested":250},{"age_group":"70-79   ","count":15,"tested":117}],"race":[{"description":"Left Blank","count":35,"tested":357,"color":"rgb(44,160,44)"},{"description":"White","count":84,"tested":876,"color":"rgb(31,119,180)"}],"gender":[{"description":"Male","count":65,"tested":527,"color":"rgb(31,119,180)"},{"description":"Female","count":63,"tested":742,"color":"rgb(255,127,14)"}]}
