{"age":[{"age_group":"<20","count":184,"tested":1659},{"age_group":"20-29   ","count":185,"tested":2041},{"age_group":"30-39   ","count":147,"tested":1706},{"age_group":"40-49   ","count":220,"tested":2113},{"age_group":"50-59   ","count":199,"tested":2426},{"age_group":"60-69   ","count":87,"tested":1351},{"age_group":"70-79   ","count":48,"tested":588},{"age_group":"80+","count":27,"tested":228}],"race":[{"description":"Other","count":70,"tested":531,"color":"rgb(148,103,189)"},{"description":"Left Blank","count":404,"tested":5605,"color":"rgb(44,160,44)"},{"description":"Black","count":135,"tested":1282,"color":"rgb(255,127,14)"},{"description":"Asian","count":90,"tested":1028,"color":"rgb(140,86,75)"},{"description":"Hispanic","count":139,"tested":780,"color":"rgb(214,39,40)"},{"description":"White","count":218,"tested":2856,"color":"rgb(31,119,180)"}],"gender":[{"description":"Female","count":510,"tested":6630,"color":"rgb(255,127,14)"},{"description":"Male","count":476,"tested":5354,"color":"rgb(31,119,180)"}]}
