{"age":[{"age_group":"<20","count":115,"tested":671},{"age_group":"20-29   ","count":134,"tested":823},{"age_group":"30-39   ","count":107,"tested":762},{"age_group":"40-49   ","count":100,"tested":720},{"age_group":"50-59   ","count":114,"tested":951},{"age_group":"60-69   ","count":103,"tested":717},{"age_group":"70-79   ","count":63,"tested":430}],"race":[{"description":"Other","count":56,"tested":56,"color":"rgb(148,103,189)"},{"description":"White","count":293,"tested":3002,"color":"rgb(31,119,180)"},{"description":"Left Blank","count":179,"tested":1849,"color":"rgb(44,160,44)"},{"description":"Hispanic","count":78,"tested":244,"color":"rgb(214,39,40)"}],"gender":[{"description":"Female","count":269,"tested":2961,"color":"rgb(255,127,14)"},{"description":"Male","count":255,"tested":2234,"color":"rgb(31,119,180)"}]}
