{"age":[{"age_group":"<20","count":28,"tested":214},{"age_group":"20-29   ","count":23,"tested":190},{"age_group":"30-39   ","count":33,"tested":196},{"age_group":"40-49   ","count":26,"tested":135},{"age_group":"50-59   ","count":28,"tested":181},{"age_group":"60-69   ","count":17,"tested":141},{"age_group":"70-79   ","count":13,"tested":71},{"age_group":"80+","count":17,"tested":61}],"race":[{"description":"Left Blank","count":44,"tested":411,"color":"rgb(44,160,44)"},{"description":"White","count":84,"tested":712,"color":"rgb(31,119,180)"},{"description":"Hispanic","count":17,"tested":17,"color":"rgb(214,39,40)"}],"gender":[{"description":"Female","count":82,"tested":682,"color":"rgb(255,127,14)"},{"description":"Male","count":60,"tested":494,"color":"rgb(31,119,180)"}]}
