{"age":[{"age_group":"<20","count":95,"tested":2054},{"age_group":"20-29   ","count":80,"tested":1580},{"age_group":"30-39   ","count":89,"tested":2032},{"age_group":"40-49   ","count":85,"tested":2323},{"age_group":"50-59   ","count":85,"tested":1931},{"age_group":"60-69   ","count":58,"tested":1208},{"age_group":"70-79   ","count":35,"tested":708},{"age_group":"80+","count":13,"tested":212}],"race":[{"description":"Black","count":128,"tested":1326,"color":"rgb(255,127,14)"},{"description":"Hispanic","count":58,"tested":535,"color":"rgb(214,39,40)"},{"description":"White","count":205,"tested":5336,"color":"rgb(31,119,180)"},{"description":"Asian","count":15,"tested":271,"color":"rgb(140,86,75)"},{"description":"Other","count":29,"tested":589,"color":"rgb(148,103,189)"},{"description":"Left Blank","count":90,"tested":3973,"color":"rgb(44,160,44)"}],"gender":[{"description":"Male","count":249,"tested":5238,"color":"rgb(31,119,180)"},{"description":"Female","count":253,"tested":6600,"color":"rgb(255,127,14)"}]}
