{"age":[{"age_group":"<20","count":588,"tested":2933},{"age_group":"20-29   ","count":674,"tested":3824},{"age_group":"30-39   ","count":579,"tested":3009},{"age_group":"40-49   ","count":632,"tested":3145},{"age_group":"50-59   ","count":504,"tested":2547},{"age_group":"60-69   ","count":319,"tested":1644},{"age_group":"70-79   ","count":176,"tested":693},{"age_group":"80+","count":137,"tested":294}],"race":[{"description":"Hispanic","count":1282,"tested":3781,"color":"rgb(214,39,40)"},{"description":"Left Blank","count":1018,"tested":8997,"color":"rgb(44,160,44)"},{"description":"Asian","count":147,"tested":376,"color":"rgb(140,86,75)"},{"description":"White","count":585,"tested":3965,"color":"rgb(31,119,180)"},{"description":"Black","count":176,"tested":515,"color":"rgb(255,127,14)"},{"description":"Other","count":170,"tested":430,"color":"rgb(148,103,189)"}],"gender":[{"description":"Female","count":1474,"tested":10181,"color":"rgb(255,127,14)"},{"description":"Male","count":1437,"tested":7637,"color":"rgb(31,119,180)"},{"description":"Unknown/Left Blank","count":128,"tested":276,"color":"rgb(44,160,44)"}]}
