{"age":[{"age_group":"<20","count":174,"tested":1532},{"age_group":"20-29   ","count":212,"tested":2420},{"age_group":"30-39   ","count":202,"tested":2230},{"age_group":"40-49   ","count":201,"tested":2481},{"age_group":"50-59   ","count":233,"tested":3150},{"age_group":"60-69   ","count":201,"tested":3152},{"age_group":"70-79   ","count":123,"tested":2057},{"age_group":"80+","count":115,"tested":2020}],"race":[{"description":"Left Blank","count":524,"tested":10369,"color":"rgb(44,160,44)"},{"description":"Hispanic","count":96,"tested":422,"color":"rgb(214,39,40)"},{"description":"Black","count":678,"tested":6973,"color":"rgb(255,127,14)"},{"description":"White","count":93,"tested":959,"color":"rgb(31,119,180)"},{"description":"Other","count":36,"tested":225,"color":"rgb(148,103,189)"}],"gender":[{"description":"Female","count":783,"tested":11371,"color":"rgb(255,127,14)"},{"description":"Male","count":606,"tested":7290,"color":"rgb(31,119,180)"},{"description":"Unknown/Left Blank","count":23,"tested":390,"color":"rgb(44,160,44)"}]}
