{"age":[{"age_group":"<20","count":333,"tested":2194},{"age_group":"20-29   ","count":446,"tested":3417},{"age_group":"30-39   ","count":374,"tested":3142},{"age_group":"40-49   ","count":367,"tested":2605},{"age_group":"50-59   ","count":387,"tested":3063},{"age_group":"60-69   ","count":257,"tested":2696},{"age_group":"70-79   ","count":120,"tested":1330},{"age_group":"80+","count":112,"tested":827}],"race":[{"description":"Hispanic","count":745,"tested":2970,"color":"rgb(214,39,40)"},{"description":"Left Blank","count":568,"tested":7555,"color":"rgb(44,160,44)"},{"description":"White","count":545,"tested":6864,"color":"rgb(31,119,180)"},{"description":"Black","count":98,"tested":239,"color":"rgb(255,127,14)"},{"description":"Asian","count":118,"tested":708,"color":"rgb(140,86,75)"},{"description":"Other","count":169,"tested":841,"color":"rgb(148,103,189)"}],"gender":[{"description":"Unknown/Left Blank","count":83,"tested":199,"color":"rgb(44,160,44)"},{"description":"Male","count":992,"tested":8371,"color":"rgb(31,119,180)"},{"description":"Female","count":946,"tested":10706,"color":"rgb(255,127,14)"}]}
