{"age":[{"age_group":"<20","count":29,"tested":254},{"age_group":"20-29   ","count":30,"tested":212},{"age_group":"30-39   ","count":25,"tested":156},{"age_group":"40-49   ","count":29,"tested":213},{"age_group":"50-59   ","count":35,"tested":299},{"age_group":"60-69   ","count":32,"tested":301},{"age_group":"70-79   ","count":13,"tested":178}],"race":[{"description":"White","count":102,"tested":843,"color":"rgb(31,119,180)"},{"description":"Left Blank","count":62,"tested":690,"color":"rgb(44,160,44)"},{"description":"Hispanic","count":15,"tested":62,"color":"rgb(214,39,40)"}],"gender":[{"description":"Female","count":97,"tested":855,"color":"rgb(255,127,14)"},{"description":"Male","count":85,"tested":811,"color":"rgb(31,119,180)"}]}
