{"age":[{"age_group":"<20","count":207,"tested":1528},{"age_group":"20-29   ","count":309,"tested":2902},{"age_group":"30-39   ","count":239,"tested":2603},{"age_group":"40-49   ","count":266,"tested":2276},{"age_group":"50-59   ","count":275,"tested":2896},{"age_group":"60-69   ","count":260,"tested":2943},{"age_group":"70-79   ","count":158,"tested":1775},{"age_group":"80+","count":162,"tested":2288}],"race":[{"description":"White","count":739,"tested":6133,"color":"rgb(31,119,180)"},{"description":"Other","count":91,"tested":430,"color":"rgb(148,103,189)"},{"description":"Left Blank","count":584,"tested":10688,"color":"rgb(44,160,44)"},{"description":"Black","count":50,"tested":227,"color":"rgb(255,127,14)"},{"description":"Asian","count":106,"tested":696,"color":"rgb(140,86,75)"},{"description":"Hispanic","count":233,"tested":1015,"color":"rgb(214,39,40)"}],"gender":[{"description":"Female","count":873,"tested":11048,"color":"rgb(255,127,14)"},{"description":"Male","count":799,"tested":7896,"color":"rgb(31,119,180)"},{"description":"Unknown/Left Blank","count":39,"tested":276,"color":"rgb(44,160,44)"}]}
