{"age":[{"age_group":"<20","count":220,"tested":3862},{"age_group":"20-29   ","count":259,"tested":5343},{"age_group":"30-39   ","count":188,"tested":2832},{"age_group":"40-49   ","count":158,"tested":2488},{"age_group":"50-59   ","count":208,"tested":3347},{"age_group":"60-69   ","count":158,"tested":3977},{"age_group":"70-79   ","count":78,"tested":2525},{"age_group":"80+","count":94,"tested":3667}],"race":[{"description":"Other","count":61,"tested":426,"color":"rgb(148,103,189)"},{"description":"Left Blank","count":521,"tested":16548,"color":"rgb(44,160,44)"},{"description":"White","count":538,"tested":9393,"color":"rgb(31,119,180)"},{"description":"Asian","count":66,"tested":549,"color":"rgb(140,86,75)"},{"description":"Hispanic","count":84,"tested":541,"color":"rgb(214,39,40)"},{"description":"Black","count":53,"tested":567,"color":"rgb(255,127,14)"}],"gender":[{"description":"Female","count":626,"tested":15478,"color":"rgb(255,127,14)"},{"description":"Unknown/Left Blank","count":26,"tested":432,"color":"rgb(44,160,44)"},{"description":"Male","count":616,"tested":12142,"color":"rgb(31,119,180)"}]}
