{"age":[{"age_group":"<20","count":510,"tested":3554},{"age_group":"20-29   ","count":700,"tested":7132},{"age_group":"30-39   ","count":614,"tested":6408},{"age_group":"40-49   ","count":620,"tested":6352},{"age_group":"50-59   ","count":555,"tested":7490},{"age_group":"60-69   ","count":422,"tested":5826},{"age_group":"70-79   ","count":247,"tested":2908},{"age_group":"80+","count":153,"tested":2103}],"race":[{"description":"Black","count":1098,"tested":12309,"color":"rgb(255,127,14)"},{"description":"AI/AN**","count":74,"tested":155,"color":"rgb(31,119,180)"},{"description":"Other","count":164,"tested":1074,"color":"rgb(148,103,189)"},{"description":"White","count":427,"tested":5072,"color":"rgb(31,119,180)"},{"description":"Left Blank","count":1344,"tested":20332,"color":"rgb(44,160,44)"},{"description":"Hispanic","count":606,"tested":2733,"color":"rgb(214,39,40)"}],"gender":[{"description":"Male","count":1591,"tested":18220,"color":"rgb(31,119,180)"},{"description":"Unknown/Left Blank","count":77,"tested":672,"color":"rgb(44,160,44)"},{"description":"Female","count":1899,"tested":22898,"color":"rgb(255,127,14)"}]}
