{"age":[{"age_group":"<20","count":224,"tested":2882},{"age_group":"20-29   ","count":193,"tested":3067},{"age_group":"30-39   ","count":165,"tested":2456},{"age_group":"40-49   ","count":172,"tested":2543},{"age_group":"50-59   ","count":216,"tested":3303},{"age_group":"60-69   ","count":167,"tested":2889},{"age_group":"70-79   ","count":134,"tested":1909},{"age_group":"80+","count":162,"tested":1972}],"race":[{"description":"Other","count":123,"tested":1154,"color":"rgb(148,103,189)"},{"description":"White","count":609,"tested":9150,"color":"rgb(31,119,180)"},{"description":"Black","count":68,"tested":121,"color":"rgb(255,127,14)"},{"description":"Asian","count":93,"tested":463,"color":"rgb(140,86,75)"},{"description":"Hispanic","count":103,"tested":383,"color":"rgb(214,39,40)"},{"description":"Left Blank","count":323,"tested":9724,"color":"rgb(44,160,44)"}],"gender":[{"description":"Female","count":589,"tested":11343,"color":"rgb(255,127,14)"},{"description":"Male","count":501,"tested":9303,"color":"rgb(31,119,180)"},{"description":"Unknown/Left Blank","count":63,"tested":380,"color":"rgb(44,160,44)"}]}
