{"age":[{"age_group":"<20","count":93,"tested":919},{"age_group":"20-29   ","count":98,"tested":799},{"age_group":"30-39   ","count":89,"tested":1012},{"age_group":"40-49   ","count":103,"tested":836},{"age_group":"50-59   ","count":101,"tested":962},{"age_group":"60-69   ","count":80,"tested":602},{"age_group":"70-79   ","count":64,"tested":700},{"age_group":"80+","count":77,"tested":898}],"race":[{"description":"Hispanic","count":39,"tested":101,"color":"rgb(214,39,40)"},{"description":"White","count":310,"tested":2069,"color":"rgb(31,119,180)"},{"description":"Left Blank","count":235,"tested":4447,"color":"rgb(44,160,44)"}],"gender":[{"description":"Female","count":302,"tested":2809,"color":"rgb(255,127,14)"},{"description":"Male","count":237,"tested":1795,"color":"rgb(31,119,180)"},{"description":"Unknown/Left Blank","count":56,"tested":2132,"color":"rgb(44,160,44)"}]}
