{"age":[{"age_group":"<20","count":9,"tested":119},{"age_group":"20-29   ","count":7,"tested":70},{"age_group":"40-49   ","count":8,"tested":69},{"age_group":"60-69   ","count":9,"tested":99},{"age_group":"70-79   ","count":7,"tested":63}],"race":[{"description":"Left Blank","count":12,"tested":210,"color":"rgb(44,160,44)"},{"description":"White","count":22,"tested":307,"color":"rgb(31,119,180)"},{"description":"Hispanic","count":13,"tested":61,"color":"rgb(214,39,40)"}],"gender":[{"description":"Male","count":25,"tested":277,"color":"rgb(31,119,180)"},{"description":"Female","count":23,"tested":318,"color":"rgb(255,127,14)"}]}
