{"age":[{"age_group":"<20","count":194,"tested":1475},{"age_group":"20-29   ","count":235,"tested":1926},{"age_group":"30-39   ","count":219,"tested":2003},{"age_group":"40-49   ","count":218,"tested":1884},{"age_group":"50-59   ","count":190,"tested":2109},{"age_group":"60-69   ","count":152,"tested":2220},{"age_group":"70-79   ","count":91,"tested":1161},{"age_group":"80+","count":90,"tested":977}],"race":[{"description":"White","count":307,"tested":2863,"color":"rgb(31,119,180)"},{"description":"Other","count":85,"tested":364,"color":"rgb(148,103,189)"},{"description":"Left Blank","count":507,"tested":8237,"color":"rgb(44,160,44)"},{"description":"Hispanic","count":157,"tested":677,"color":"rgb(214,39,40)"},{"description":"Black","count":215,"tested":1538,"color":"rgb(255,127,14)"}],"gender":[{"description":"Male","count":546,"tested":5584,"color":"rgb(31,119,180)"},{"description":"Unknown/Left Blank","count":46,"tested":144,"color":"rgb(44,160,44)"},{"description":"Female","count":612,"tested":8030,"color":"rgb(255,127,14)"}]}
