{"age":[{"age_group":"<20","count":418,"tested":5996},{"age_group":"20-29   ","count":727,"tested":9565},{"age_group":"30-39   ","count":316,"tested":3890},{"age_group":"40-49   ","count":308,"tested":2747},{"age_group":"50-59   ","count":261,"tested":3113},{"age_group":"60-69   ","count":172,"tested":2674},{"age_group":"70-79   ","count":118,"tested":1965},{"age_group":"80+","count":117,"tested":3310}],"race":[{"description":"Left Blank","count":491,"tested":14182,"color":"rgb(44,160,44)"},{"description":"Other","count":62,"tested":412,"color":"rgb(148,103,189)"},{"description":"Black","count":349,"tested":4050,"color":"rgb(255,127,14)"},{"description":"Hispanic","count":535,"tested":2618,"color":"rgb(214,39,40)"},{"description":"White","count":881,"tested":11399,"color":"rgb(31,119,180)"},{"description":"Asian","count":61,"tested":579,"color":"rgb(140,86,75)"}],"gender":[{"description":"Female","count":1193,"tested":20572,"color":"rgb(255,127,14)"},{"description":"Male","count":1069,"tested":12535,"color":"rgb(31,119,180)"},{"description":"Unknown/Left Blank","count":35,"tested":161,"color":"rgb(44,160,44)"}]}
