{"age":[{"age_group":"<20","count":113,"tested":672},{"age_group":"20-29   ","count":130,"tested":1003},{"age_group":"30-39   ","count":136,"tested":1083},{"age_group":"40-49   ","count":114,"tested":844},{"age_group":"50-59   ","count":106,"tested":943},{"age_group":"60-69   ","count":100,"tested":798},{"age_group":"70-79   ","count":25,"tested":370},{"age_group":"80+","count":25,"tested":285}],"race":[{"description":"Left Blank","count":164,"tested":1721,"color":"rgb(44,160,44)"},{"description":"Other","count":33,"tested":265,"color":"rgb(148,103,189)"},{"description":"White","count":289,"tested":2516,"color":"rgb(31,119,180)"},{"description":"Black","count":23,"tested":68,"color":"rgb(255,127,14)"},{"description":"Asian","count":17,"tested":86,"color":"rgb(140,86,75)"},{"description":"Hispanic","count":199,"tested":1326,"color":"rgb(214,39,40)"}],"gender":[{"description":"Male","count":339,"tested":2681,"color":"rgb(31,119,180)"},{"description":"Female","count":343,"tested":3222,"color":"rgb(255,127,14)"}]}
