{"age":[{"age_group":"<20","count":191,"tested":1222},{"age_group":"20-29   ","count":202,"tested":1546},{"age_group":"30-39   ","count":232,"tested":1881},{"age_group":"40-49   ","count":209,"tested":1422},{"age_group":"50-59   ","count":186,"tested":1372},{"age_group":"60-69   ","count":147,"tested":1058},{"age_group":"70-79   ","count":86,"tested":611},{"age_group":"80+","count":64,"tested":235}],"race":[{"description":"Black","count":73,"tested":173,"color":"rgb(255,127,14)"},{"description":"White","count":449,"tested":3677,"color":"rgb(31,119,180)"},{"description":"Asian","count":80,"tested":257,"color":"rgb(140,86,75)"},{"description":"Hispanic","count":170,"tested":623,"color":"rgb(214,39,40)"},{"description":"Left Blank","count":385,"tested":4460,"color":"rgb(44,160,44)"},{"description":"Other","count":60,"tested":148,"color":"rgb(148,103,189)"}],"gender":[{"description":"Female","count":512,"tested":5226,"color":"rgb(255,127,14)"},{"description":"Male","count":508,"tested":4030,"color":"rgb(31,119,180)"}]}
