{"age":[{"age_group":"<20","count":54,"tested":409},{"age_group":"20-29   ","count":91,"tested":656},{"age_group":"30-39   ","count":60,"tested":564},{"age_group":"40-49   ","count":88,"tested":751},{"age_group":"50-59   ","count":81,"tested":858},{"age_group":"60-69   ","count":73,"tested":770},{"age_group":"70-79   ","count":43,"tested":433},{"age_group":"80+","count":20,"tested":217}],"race":[{"description":"Other","count":24,"tested":120,"color":"rgb(148,103,189)"},{"description":"Black","count":71,"tested":592,"color":"rgb(255,127,14)"},{"description":"White","count":188,"tested":1986,"color":"rgb(31,119,180)"},{"description":"Left Blank","count":143,"tested":1712,"color":"rgb(44,160,44)"},{"description":"Hispanic","count":46,"tested":177,"color":"rgb(214,39,40)"}],"gender":[{"description":"Female","count":226,"tested":2681,"color":"rgb(255,127,14)"},{"description":"Male","count":215,"tested":1929,"color":"rgb(31,119,180)"}]}
