{"age":[{"age_group":"<20","count":32,"tested":340},{"age_group":"20-29   ","count":38,"tested":318},{"age_group":"30-39   ","count":41,"tested":333},{"age_group":"40-49   ","count":27,"tested":244},{"age_group":"50-59   ","count":37,"tested":344},{"age_group":"60-69   ","count":32,"tested":354},{"age_group":"70-79   ","count":11,"tested":156}],"race":[{"description":"Left Blank","count":58,"tested":624,"color":"rgb(44,160,44)"},{"description":"White","count":144,"tested":1462,"color":"rgb(31,119,180)"},{"description":"Hispanic","count":8,"tested":47,"color":"rgb(214,39,40)"}],"gender":[{"description":"Male","count":107,"tested":908,"color":"rgb(31,119,180)"},{"description":"Female","count":111,"tested":1226,"color":"rgb(255,127,14)"}]}
