{"age":[{"age_group":"<20","count":284,"tested":3118},{"age_group":"20-29   ","count":251,"tested":2661},{"age_group":"30-39   ","count":232,"tested":2255},{"age_group":"40-49   ","count":275,"tested":2652},{"age_group":"50-59   ","count":246,"tested":2704},{"age_group":"60-69   ","count":154,"tested":1822},{"age_group":"70-79   ","count":61,"tested":1074},{"age_group":"80+","count":23,"tested":496}],"race":[{"description":"Asian","count":10,"tested":131,"color":"rgb(140,86,75)"},{"description":"Black","count":8,"tested":236,"color":"rgb(255,127,14)"},{"description":"Hispanic","count":108,"tested":801,"color":"rgb(214,39,40)"},{"description":"Left Blank","count":457,"tested":4759,"color":"rgb(44,160,44)"},{"description":"Other","count":35,"tested":533,"color":"rgb(148,103,189)"},{"description":"White","count":907,"tested":10293,"color":"rgb(31,119,180)"}],"gender":[]}
