{"age":[{"age_group":"<20","count":64,"tested":487},{"age_group":"20-29   ","count":28,"tested":288},{"age_group":"30-39   ","count":41,"tested":360},{"age_group":"40-49   ","count":47,"tested":445},{"age_group":"50-59   ","count":37,"tested":445},{"age_group":"60-69   ","count":38,"tested":483},{"age_group":"70-79   ","count":25,"tested":297},{"age_group":"80+","count":7,"tested":151}],"race":[{"description":"Left Blank","count":72,"tested":914,"color":"rgb(44,160,44)"},{"description":"White","count":207,"tested":1961,"color":"rgb(31,119,180)"}],"gender":[]}
