{"age":[{"age_group":"<20","count":3272,"tested":23235},{"age_group":"20-29   ","count":3705,"tested":33514},{"age_group":"30-39   ","count":3131,"tested":25070},{"age_group":"40-49   ","count":3173,"tested":22916},{"age_group":"50-59   ","count":2360,"tested":18514},{"age_group":"60-69   ","count":1363,"tested":12786},{"age_group":"70-79   ","count":504,"tested":5815},{"age_group":"80+","count":204,"tested":2653}],"race":[{"description":"AI/AN**","count":29,"tested":261,"color":"rgb(31,119,180)"},{"description":"Asian","count":26,"tested":444,"color":"rgb(140,86,75)"},{"description":"Black","count":1313,"tested":15418,"color":"rgb(255,127,14)"},{"description":"Hispanic","count":10868,"tested":57967,"color":"rgb(214,39,40)"},{"description":"Left Blank","count":3949,"tested":53049,"color":"rgb(44,160,44)"},{"description":"NH/PI*","count":9,"tested":89,"color":"rgb(127,127,127)"},{"description":"Other","count":680,"tested":6787,"color":"rgb(148,103,189)"},{"description":"White","count":838,"tested":10532,"color":"rgb(31,119,180)"}],"gender":[]}
