{"age":[{"age_group":"<20","count":414,"tested":3861},{"age_group":"20-29   ","count":529,"tested":5646},{"age_group":"30-39   ","count":529,"tested":5581},{"age_group":"40-49   ","count":496,"tested":5432},{"age_group":"50-59   ","count":393,"tested":4987},{"age_group":"60-69   ","count":254,"tested":4155},{"age_group":"70-79   ","count":144,"tested":2339},{"age_group":"80+","count":68,"tested":1181}],"race":[{"description":"Black","count":1200,"tested":14265,"color":"rgb(255,127,14)"},{"description":"Hispanic","count":730,"tested":4238,"color":"rgb(214,39,40)"},{"description":"Left Blank","count":609,"tested":11175,"color":"rgb(44,160,44)"},{"description":"Other","count":120,"tested":1447,"color":"rgb(148,103,189)"},{"description":"White","count":160,"tested":1828,"color":"rgb(31,119,180)"}],"gender":[]}
