{"age":[{"age_group":"<20","count":241,"tested":2559},{"age_group":"20-29   ","count":261,"tested":3326},{"age_group":"30-39   ","count":275,"tested":3864},{"age_group":"40-49   ","count":272,"tested":3584},{"age_group":"50-59   ","count":303,"tested":4546},{"age_group":"60-69   ","count":243,"tested":4497},{"age_group":"70-79   ","count":143,"tested":2754},{"age_group":"80+","count":64,"tested":1823}],"race":[{"description":"Asian","count":41,"tested":674,"color":"rgb(140,86,75)"},{"description":"Black","count":285,"tested":3647,"color":"rgb(255,127,14)"},{"description":"Hispanic","count":318,"tested":2426,"color":"rgb(214,39,40)"},{"description":"Left Blank","count":494,"tested":10933,"color":"rgb(44,160,44)"},{"description":"Other","count":100,"tested":1031,"color":"rgb(148,103,189)"},{"description":"White","count":562,"tested":8211,"color":"rgb(31,119,180)"}],"gender":[]}
