{"age":[{"age_group":"<20","count":98,"tested":1447},{"age_group":"20-29   ","count":109,"tested":1360},{"age_group":"30-39   ","count":122,"tested":1506},{"age_group":"40-49   ","count":139,"tested":1400},{"age_group":"50-59   ","count":120,"tested":1658},{"age_group":"60-69   ","count":94,"tested":1010},{"age_group":"70-79   ","count":39,"tested":642},{"age_group":"80+","count":10,"tested":297}],"race":[{"description":"Hispanic","count":43,"tested":191,"color":"rgb(214,39,40)"},{"description":"Left Blank","count":235,"tested":4023,"color":"rgb(44,160,44)"},{"description":"White","count":435,"tested":4941,"color":"rgb(31,119,180)"}],"gender":[]}
