{"age":[{"age_group":"<20","count":1671,"tested":15691},{"age_group":"20-29   ","count":2028,"tested":24747},{"age_group":"30-39   ","count":1675,"tested":18891},{"age_group":"40-49   ","count":1748,"tested":17979},{"age_group":"50-59   ","count":1509,"tested":21903},{"age_group":"60-69   ","count":881,"tested":15510},{"age_group":"70-79   ","count":310,"tested":6186},{"age_group":"80+","count":163,"tested":2903}],"race":[{"description":"AI/AN**","count":13,"tested":132,"color":"rgb(31,119,180)"},{"description":"Asian","count":125,"tested":2927,"color":"rgb(140,86,75)"},{"description":"Black","count":900,"tested":13417,"color":"rgb(255,127,14)"},{"description":"Hispanic","count":6061,"tested":36685,"color":"rgb(214,39,40)"},{"description":"Left Blank","count":1861,"tested":51390,"color":"rgb(44,160,44)"},{"description":"NH/PI*","count":10,"tested":212,"color":"rgb(127,127,127)"},{"description":"Other","count":237,"tested":3211,"color":"rgb(148,103,189)"},{"description":"White","count":781,"tested":15851,"color":"rgb(31,119,180)"}],"gender":[]}
