{"age":[{"age_group":"<20","count":194,"tested":2017},{"age_group":"20-29   ","count":175,"tested":2155},{"age_group":"30-39   ","count":219,"tested":2035},{"age_group":"40-49   ","count":187,"tested":1867},{"age_group":"50-59   ","count":210,"tested":2022},{"age_group":"60-69   ","count":134,"tested":1841},{"age_group":"70-79   ","count":61,"tested":1166},{"age_group":"80+","count":40,"tested":868}],"race":[{"description":"Asian","count":6,"tested":84,"color":"rgb(140,86,75)"},{"description":"Hispanic","count":236,"tested":1144,"color":"rgb(214,39,40)"},{"description":"Left Blank","count":274,"tested":4924,"color":"rgb(44,160,44)"},{"description":"Other","count":16,"tested":242,"color":"rgb(148,103,189)"},{"description":"White","count":680,"tested":7467,"color":"rgb(31,119,180)"}],"gender":[]}
