{"age":[{"age_group":"<20","count":283,"tested":2862},{"age_group":"20-29   ","count":244,"tested":2341},{"age_group":"30-39   ","count":216,"tested":2320},{"age_group":"40-49   ","count":260,"tested":2467},{"age_group":"50-59   ","count":273,"tested":2293},{"age_group":"60-69   ","count":237,"tested":1901},{"age_group":"70-79   ","count":128,"tested":957},{"age_group":"80+","count":58,"tested":451}],"race":[{"description":"Black","count":44,"tested":538,"color":"rgb(255,127,14)"},{"description":"Hispanic","count":135,"tested":877,"color":"rgb(214,39,40)"},{"description":"Left Blank","count":318,"tested":5059,"color":"rgb(44,160,44)"},{"description":"Other","count":85,"tested":525,"color":"rgb(148,103,189)"},{"description":"White","count":1110,"tested":8526,"color":"rgb(31,119,180)"}],"gender":[]}
