{"age":[{"age_group":"<20","count":300,"tested":9643},{"age_group":"20-29   ","count":700,"tested":26058},{"age_group":"30-39   ","count":671,"tested":18376},{"age_group":"40-49   ","count":397,"tested":11613},{"age_group":"50-59   ","count":449,"tested":11942},{"age_group":"60-69   ","count":288,"tested":10110},{"age_group":"70-79   ","count":156,"tested":5029},{"age_group":"80+","count":69,"tested":1787}],"race":[{"description":"Asian","count":210,"tested":4853,"color":"rgb(140,86,75)"},{"description":"Black","count":273,"tested":7074,"color":"rgb(255,127,14)"},{"description":"Hispanic","count":529,"tested":6239,"color":"rgb(214,39,40)"},{"description":"Left Blank","count":891,"tested":43440,"color":"rgb(44,160,44)"},{"description":"Other","count":185,"tested":2939,"color":"rgb(148,103,189)"},{"description":"White","count":937,"tested":29916,"color":"rgb(31,119,180)"}],"gender":[]}
