{"age":[{"age_group":"<20","count":123,"tested":889},{"age_group":"20-29   ","count":164,"tested":1140},{"age_group":"30-39   ","count":131,"tested":965},{"age_group":"40-49   ","count":138,"tested":655},{"age_group":"50-59   ","count":89,"tested":690},{"age_group":"60-69   ","count":70,"tested":483},{"age_group":"70-79   ","count":25,"tested":165},{"age_group":"80+","count":8,"tested":74}],"race":[{"description":"Black","count":17,"tested":139,"color":"rgb(255,127,14)"},{"description":"Hispanic","count":399,"tested":1938,"color":"rgb(214,39,40)"},{"description":"Left Blank","count":201,"tested":1955,"color":"rgb(44,160,44)"},{"description":"Other","count":40,"tested":314,"color":"rgb(148,103,189)"},{"description":"White","count":82,"tested":675,"color":"rgb(31,119,180)"}],"gender":[]}
