{"age":[{"age_group":"<20","count":23,"tested":405},{"age_group":"20-29   ","count":36,"tested":338},{"age_group":"30-39   ","count":33,"tested":379},{"age_group":"40-49   ","count":25,"tested":282},{"age_group":"50-59   ","count":33,"tested":313},{"age_group":"60-69   ","count":13,"tested":180},{"age_group":"70-79   ","count":10,"tested":122}],"race":[{"description":"Left Blank","count":31,"tested":551,"color":"rgb(44,160,44)"},{"description":"Other","count":20,"tested":153,"color":"rgb(148,103,189)"},{"description":"White","count":125,"tested":1304,"color":"rgb(31,119,180)"}],"gender":[]}
