{"age":[{"age_group":"<20","count":13,"tested":245},{"age_group":"20-29   ","count":15,"tested":334},{"age_group":"30-39   ","count":19,"tested":294},{"age_group":"40-49   ","count":10,"tested":182},{"age_group":"50-59   ","count":14,"tested":235},{"age_group":"60-69   ","count":19,"tested":326},{"age_group":"70-79   ","count":15,"tested":228},{"age_group":"80+","count":29,"tested":335}],"race":[{"description":"Left Blank","count":40,"tested":1039,"color":"rgb(44,160,44)"},{"description":"White","count":89,"tested":1099,"color":"rgb(31,119,180)"}],"gender":[]}
