{"age":[{"age_group":"<20","count":16,"tested":214},{"age_group":"20-29   ","count":25,"tested":402},{"age_group":"30-39   ","count":21,"tested":221},{"age_group":"40-49   ","count":24,"tested":348},{"age_group":"50-59   ","count":15,"tested":263},{"age_group":"60-69   ","count":13,"tested":219},{"age_group":"70-79   ","count":7,"tested":92},{"age_group":"80+","count":7,"tested":83}],"race":[{"description":"Hispanic","count":10,"tested":69,"color":"rgb(214,39,40)"},{"description":"Left Blank","count":26,"tested":686,"color":"rgb(44,160,44)"},{"description":"White","count":91,"tested":1045,"color":"rgb(31,119,180)"}],"gender":[]}
