{"age":[{"age_group":"<20","count":544,"tested":6596},{"age_group":"20-29   ","count":615,"tested":6681},{"age_group":"30-39   ","count":641,"tested":7525},{"age_group":"40-49   ","count":604,"tested":6894},{"age_group":"50-59   ","count":576,"tested":7204},{"age_group":"60-69   ","count":336,"tested":4955},{"age_group":"70-79   ","count":149,"tested":2473},{"age_group":"80+","count":88,"tested":2771}],"race":[{"description":"Asian","count":17,"tested":153,"color":"rgb(140,86,75)"},{"description":"Black","count":140,"tested":2012,"color":"rgb(255,127,14)"},{"description":"Hispanic","count":143,"tested":1599,"color":"rgb(214,39,40)"},{"description":"Left Blank","count":1618,"tested":21734,"color":"rgb(44,160,44)"},{"description":"Other","count":227,"tested":2015,"color":"rgb(148,103,189)"},{"description":"White","count":1406,"tested":17570,"color":"rgb(31,119,180)"}],"gender":[]}
