{"age":[{"age_group":"<20","count":571,"tested":5832},{"age_group":"20-29   ","count":643,"tested":9031},{"age_group":"30-39   ","count":562,"tested":8156},{"age_group":"40-49   ","count":622,"tested":8288},{"age_group":"50-59   ","count":523,"tested":8984},{"age_group":"60-69   ","count":377,"tested":7802},{"age_group":"70-79   ","count":221,"tested":5448},{"age_group":"80+","count":237,"tested":6996}],"race":[{"description":"AI/AN**","count":11,"tested":173,"color":"rgb(31,119,180)"},{"description":"Asian","count":237,"tested":3574,"color":"rgb(140,86,75)"},{"description":"Black","count":40,"tested":760,"color":"rgb(255,127,14)"},{"description":"Hispanic","count":1274,"tested":8615,"color":"rgb(214,39,40)"},{"description":"Left Blank","count":971,"tested":32157,"color":"rgb(44,160,44)"},{"description":"Other","count":192,"tested":1698,"color":"rgb(148,103,189)"},{"description":"White","count":1026,"tested":13734,"color":"rgb(31,119,180)"}],"gender":[]}
