{"age":[{"age_group":"<20","count":310,"tested":5691},{"age_group":"20-29   ","count":246,"tested":3376},{"age_group":"30-39   ","count":247,"tested":3430},{"age_group":"40-49   ","count":310,"tested":3959},{"age_group":"50-59   ","count":198,"tested":3097},{"age_group":"60-69   ","count":76,"tested":1381},{"age_group":"70-79   ","count":20,"tested":636},{"age_group":"80+","count":9,"tested":200}],"race":[{"description":"Asian","count":80,"tested":1910,"color":"rgb(140,86,75)"},{"description":"Black","count":139,"tested":1519,"color":"rgb(255,127,14)"},{"description":"Hispanic","count":169,"tested":1619,"color":"rgb(214,39,40)"},{"description":"Left Blank","count":471,"tested":9264,"color":"rgb(44,160,44)"},{"description":"Other","count":63,"tested":889,"color":"rgb(148,103,189)"},{"description":"White","count":490,"tested":6493,"color":"rgb(31,119,180)"}],"gender":[]}
