{"age":[{"age_group":"<20","count":551,"tested":7247},{"age_group":"20-29   ","count":189,"tested":3364},{"age_group":"30-39   ","count":129,"tested":3026},{"age_group":"40-49   ","count":238,"tested":4022},{"age_group":"50-59   ","count":322,"tested":5033},{"age_group":"60-69   ","count":204,"tested":3906},{"age_group":"70-79   ","count":107,"tested":3007},{"age_group":"80+","count":101,"tested":2828}],"race":[{"description":"Asian","count":77,"tested":1439,"color":"rgb(140,86,75)"},{"description":"Black","count":35,"tested":744,"color":"rgb(255,127,14)"},{"description":"Hispanic","count":73,"tested":790,"color":"rgb(214,39,40)"},{"description":"Left Blank","count":388,"tested":15058,"color":"rgb(44,160,44)"},{"description":"Other","count":65,"tested":1058,"color":"rgb(148,103,189)"},{"description":"White","count":1198,"tested":13301,"color":"rgb(31,119,180)"}],"gender":[]}
