{"age":[{"age_group":"<20","count":686,"tested":11288},{"age_group":"20-29   ","count":482,"tested":8427},{"age_group":"30-39   ","count":343,"tested":6779},{"age_group":"40-49   ","count":438,"tested":7091},{"age_group":"50-59   ","count":488,"tested":8272},{"age_group":"60-69   ","count":334,"tested":6978},{"age_group":"70-79   ","count":118,"tested":3377},{"age_group":"80+","count":79,"tested":1295}],"race":[{"description":"Asian","count":237,"tested":5087,"color":"rgb(140,86,75)"},{"description":"Black","count":121,"tested":1264,"color":"rgb(255,127,14)"},{"description":"Hispanic","count":208,"tested":1958,"color":"rgb(214,39,40)"},{"description":"Left Blank","count":619,"tested":18728,"color":"rgb(44,160,44)"},{"description":"Other","count":86,"tested":1879,"color":"rgb(148,103,189)"},{"description":"White","count":1693,"tested":24430,"color":"rgb(31,119,180)"}],"gender":[]}
