{"age":[{"age_group":"<20","count":58,"tested":475},{"age_group":"20-29   ","count":48,"tested":568},{"age_group":"30-39   ","count":38,"tested":463},{"age_group":"40-49   ","count":37,"tested":436},{"age_group":"50-59   ","count":60,"tested":539},{"age_group":"60-69   ","count":46,"tested":598},{"age_group":"70-79   ","count":42,"tested":297},{"age_group":"80+","count":37,"tested":216}],"race":[{"description":"Left Blank","count":78,"tested":1852,"color":"rgb(44,160,44)"},{"description":"White","count":276,"tested":1668,"color":"rgb(31,119,180)"}],"gender":[]}
