{"age":[{"age_group":"<20","count":15,"tested":127},{"age_group":"20-29   ","count":22,"tested":215},{"age_group":"30-39   ","count":13,"tested":122},{"age_group":"40-49   ","count":13,"tested":120},{"age_group":"50-59   ","count":18,"tested":251},{"age_group":"60-69   ","count":7,"tested":100},{"age_group":"70-79   ","count":7,"tested":78}],"race":[{"description":"Left Blank","count":20,"tested":280,"color":"rgb(44,160,44)"},{"description":"Other","count":10,"tested":45,"color":"rgb(148,103,189)"},{"description":"White","count":61,"tested":716,"color":"rgb(31,119,180)"}],"gender":[]}
