{"age":[{"age_group":"<20","count":679,"tested":6053},{"age_group":"20-29   ","count":763,"tested":9027},{"age_group":"30-39   ","count":580,"tested":7715},{"age_group":"40-49   ","count":554,"tested":8268},{"age_group":"50-59   ","count":563,"tested":9217},{"age_group":"60-69   ","count":376,"tested":7117},{"age_group":"70-79   ","count":208,"tested":4317},{"age_group":"80+","count":122,"tested":3354}],"race":[{"description":"Asian","count":28,"tested":680,"color":"rgb(140,86,75)"},{"description":"Black","count":326,"tested":5188,"color":"rgb(255,127,14)"},{"description":"Hispanic","count":183,"tested":1408,"color":"rgb(214,39,40)"},{"description":"Left Blank","count":956,"tested":15314,"color":"rgb(44,160,44)"},{"description":"Other","count":138,"tested":1681,"color":"rgb(148,103,189)"},{"description":"White","count":2213,"tested":30671,"color":"rgb(31,119,180)"}],"gender":[]}
