{"age":[{"age_group":"<20","count":617,"tested":6730},{"age_group":"20-29   ","count":790,"tested":9548},{"age_group":"30-39   ","count":628,"tested":8029},{"age_group":"40-49   ","count":636,"tested":7877},{"age_group":"50-59   ","count":649,"tested":7994},{"age_group":"60-69   ","count":500,"tested":7482},{"age_group":"70-79   ","count":280,"tested":5627},{"age_group":"80+","count":189,"tested":4737}],"race":[{"description":"Asian","count":83,"tested":1686,"color":"rgb(140,86,75)"},{"description":"Black","count":138,"tested":3449,"color":"rgb(255,127,14)"},{"description":"Hispanic","count":234,"tested":2055,"color":"rgb(214,39,40)"},{"description":"Left Blank","count":1594,"tested":26347,"color":"rgb(44,160,44)"},{"description":"Other","count":187,"tested":1987,"color":"rgb(148,103,189)"},{"description":"White","count":2048,"tested":22373,"color":"rgb(31,119,180)"}],"gender":[]}
