{"age":[{"age_group":"<20","count":507,"tested":7476},{"age_group":"20-29   ","count":547,"tested":7385},{"age_group":"30-39   ","count":415,"tested":7235},{"age_group":"40-49   ","count":388,"tested":5778},{"age_group":"50-59   ","count":508,"tested":8018},{"age_group":"60-69   ","count":280,"tested":5589},{"age_group":"70-79   ","count":140,"tested":3140},{"age_group":"80+","count":87,"tested":1805}],"race":[{"description":"Asian","count":66,"tested":1667,"color":"rgb(140,86,75)"},{"description":"Black","count":105,"tested":1514,"color":"rgb(255,127,14)"},{"description":"Hispanic","count":412,"tested":3883,"color":"rgb(214,39,40)"},{"description":"Left Blank","count":672,"tested":12724,"color":"rgb(44,160,44)"},{"description":"Other","count":148,"tested":1672,"color":"rgb(148,103,189)"},{"description":"White","count":1459,"tested":24763,"color":"rgb(31,119,180)"}],"gender":[]}
