{"age":[{"age_group":"<20","count":71,"tested":1870},{"age_group":"20-29   ","count":41,"tested":926},{"age_group":"30-39   ","count":37,"tested":915},{"age_group":"40-49   ","count":55,"tested":1301},{"age_group":"50-59   ","count":45,"tested":886},{"age_group":"60-69   ","count":26,"tested":981},{"age_group":"70-79   ","count":10,"tested":548},{"age_group":"80+","count":9,"tested":237}],"race":[{"description":"Asian","count":10,"tested":265,"color":"rgb(140,86,75)"},{"description":"Black","count":29,"tested":475,"color":"rgb(255,127,14)"},{"description":"Hispanic","count":22,"tested":265,"color":"rgb(214,39,40)"},{"description":"Left Blank","count":84,"tested":2910,"color":"rgb(44,160,44)"},{"description":"Other","count":23,"tested":501,"color":"rgb(148,103,189)"},{"description":"White","count":126,"tested":3250,"color":"rgb(31,119,180)"}],"gender":[]}
