{"age":[{"age_group":"<20","count":173,"tested":2049},{"age_group":"20-29   ","count":112,"tested":2468},{"age_group":"30-39   ","count":84,"tested":1763},{"age_group":"40-49   ","count":93,"tested":2506},{"age_group":"50-59   ","count":127,"tested":2301},{"age_group":"60-69   ","count":138,"tested":2736},{"age_group":"70-79   ","count":149,"tested":3235},{"age_group":"80+","count":138,"tested":3239}],"race":[{"description":"Asian","count":143,"tested":1837,"color":"rgb(140,86,75)"},{"description":"Black","count":16,"tested":262,"color":"rgb(255,127,14)"},{"description":"Hispanic","count":55,"tested":363,"color":"rgb(214,39,40)"},{"description":"Left Blank","count":197,"tested":10629,"color":"rgb(44,160,44)"},{"description":"Other","count":53,"tested":858,"color":"rgb(148,103,189)"},{"description":"White","count":548,"tested":6275,"color":"rgb(31,119,180)"}],"gender":[]}
