{"age":[{"age_group":"<20","count":649,"tested":5383},{"age_group":"20-29   ","count":716,"tested":7306},{"age_group":"30-39   ","count":633,"tested":5504},{"age_group":"40-49   ","count":643,"tested":4944},{"age_group":"50-59   ","count":525,"tested":5355},{"age_group":"60-69   ","count":313,"tested":4056},{"age_group":"70-79   ","count":123,"tested":1838},{"age_group":"80+","count":77,"tested":1072}],"race":[{"description":"Asian","count":52,"tested":786,"color":"rgb(140,86,75)"},{"description":"Black","count":292,"tested":3784,"color":"rgb(255,127,14)"},{"description":"Hispanic","count":2066,"tested":12494,"color":"rgb(214,39,40)"},{"description":"Left Blank","count":665,"tested":10439,"color":"rgb(44,160,44)"},{"description":"Other","count":120,"tested":1238,"color":"rgb(148,103,189)"},{"description":"White","count":482,"tested":6534,"color":"rgb(31,119,180)"}],"gender":[]}
