{"age":[{"age_group":"<20","count":279,"tested":2942},{"age_group":"20-29   ","count":242,"tested":2498},{"age_group":"30-39   ","count":222,"tested":2117},{"age_group":"40-49   ","count":270,"tested":2517},{"age_group":"50-59   ","count":241,"tested":2564},{"age_group":"60-69   ","count":152,"tested":1703},{"age_group":"70-79   ","count":60,"tested":993},{"age_group":"80+","count":23,"tested":462}],"race":[{"description":"Asian","count":10,"tested":115,"color":"rgb(140,86,75)"},{"description":"Black","count":7,"tested":224,"color":"rgb(255,127,14)"},{"description":"Hispanic","count":105,"tested":745,"color":"rgb(214,39,40)"},{"description":"Left Blank","count":450,"tested":4582,"color":"rgb(44,160,44)"},{"description":"Other","count":35,"tested":505,"color":"rgb(148,103,189)"},{"description":"White","count":881,"tested":9599,"color":"rgb(31,119,180)"}],"gender":[]}
