{"age":[{"age_group":"<20","count":69,"tested":782},{"age_group":"20-29   ","count":68,"tested":587},{"age_group":"30-39   ","count":53,"tested":548},{"age_group":"40-49   ","count":75,"tested":541},{"age_group":"50-59   ","count":58,"tested":468},{"age_group":"60-69   ","count":30,"tested":247},{"age_group":"70-79   ","count":10,"tested":132}],"race":[{"description":"Hispanic","count":32,"tested":160,"color":"rgb(214,39,40)"},{"description":"Left Blank","count":146,"tested":1461,"color":"rgb(44,160,44)"},{"description":"Other","count":7,"tested":66,"color":"rgb(148,103,189)"},{"description":"White","count":181,"tested":1636,"color":"rgb(31,119,180)"}],"gender":[]}
