{"age":[{"age_group":"<20","count":535,"tested":7012},{"age_group":"20-29   ","count":645,"tested":9448},{"age_group":"30-39   ","count":489,"tested":7836},{"age_group":"40-49   ","count":451,"tested":7073},{"age_group":"50-59   ","count":574,"tested":9147},{"age_group":"60-69   ","count":338,"tested":7338},{"age_group":"70-79   ","count":129,"tested":3092},{"age_group":"80+","count":133,"tested":2644}],"race":[{"description":"Asian","count":161,"tested":3626,"color":"rgb(140,86,75)"},{"description":"Black","count":239,"tested":3689,"color":"rgb(255,127,14)"},{"description":"Hispanic","count":694,"tested":5705,"color":"rgb(214,39,40)"},{"description":"Left Blank","count":669,"tested":16095,"color":"rgb(44,160,44)"},{"description":"NH/PI*","count":17,"tested":258,"color":"rgb(127,127,127)"},{"description":"Other","count":240,"tested":2226,"color":"rgb(148,103,189)"},{"description":"White","count":1268,"tested":21943,"color":"rgb(31,119,180)"}],"gender":[]}
