{"age":[{"age_group":"<20","count":463,"tested":8825},{"age_group":"20-29   ","count":1549,"tested":31278},{"age_group":"30-39   ","count":1523,"tested":37203},{"age_group":"40-49   ","count":665,"tested":13176},{"age_group":"50-59   ","count":458,"tested":8518},{"age_group":"60-69   ","count":297,"tested":5795},{"age_group":"70-79   ","count":175,"tested":3113},{"age_group":"80+","count":142,"tested":2452}],"race":[{"description":"Asian","count":81,"tested":3415,"color":"rgb(140,86,75)"},{"description":"Black","count":270,"tested":4504,"color":"rgb(255,127,14)"},{"description":"Hispanic","count":1204,"tested":11447,"color":"rgb(214,39,40)"},{"description":"Left Blank","count":1696,"tested":47693,"color":"rgb(44,160,44)"},{"description":"Other","count":262,"tested":5415,"color":"rgb(148,103,189)"},{"description":"White","count":1753,"tested":37956,"color":"rgb(31,119,180)"}],"gender":[]}
