{"age":[{"age_group":"<20","count":463,"tested":4218},{"age_group":"20-29   ","count":394,"tested":3832},{"age_group":"30-39   ","count":365,"tested":3294},{"age_group":"40-49   ","count":349,"tested":3402},{"age_group":"50-59   ","count":321,"tested":3050},{"age_group":"60-69   ","count":227,"tested":2344},{"age_group":"70-79   ","count":101,"tested":1167},{"age_group":"80+","count":45,"tested":771}],"race":[{"description":"AI/AN**","count":7,"tested":13,"color":"rgb(31,119,180)"},{"description":"Black","count":578,"tested":4322,"color":"rgb(255,127,14)"},{"description":"Hispanic","count":749,"tested":2947,"color":"rgb(214,39,40)"},{"description":"Left Blank","count":246,"tested":9124,"color":"rgb(44,160,44)"},{"description":"Other","count":38,"tested":404,"color":"rgb(148,103,189)"},{"description":"White","count":645,"tested":5189,"color":"rgb(31,119,180)"}],"gender":[]}
