{"age":[{"age_group":"<20","count":386,"tested":4842},{"age_group":"20-29   ","count":444,"tested":8107},{"age_group":"30-39   ","count":625,"tested":10501},{"age_group":"40-49   ","count":458,"tested":9345},{"age_group":"50-59   ","count":370,"tested":8978},{"age_group":"60-69   ","count":291,"tested":8697},{"age_group":"70-79   ","count":148,"tested":4860},{"age_group":"80+","count":87,"tested":2726}],"race":[{"description":"Asian","count":20,"tested":388,"color":"rgb(140,86,75)"},{"description":"Black","count":1971,"tested":30970,"color":"rgb(255,127,14)"},{"description":"Hispanic","count":85,"tested":1122,"color":"rgb(214,39,40)"},{"description":"Left Blank","count":595,"tested":22274,"color":"rgb(44,160,44)"},{"description":"Other","count":52,"tested":1113,"color":"rgb(148,103,189)"},{"description":"White","count":83,"tested":2088,"color":"rgb(31,119,180)"}],"gender":[]}
