{"age":[{"age_group":"<20","count":434,"tested":6637},{"age_group":"20-29   ","count":432,"tested":5938},{"age_group":"30-39   ","count":414,"tested":6028},{"age_group":"40-49   ","count":378,"tested":5195},{"age_group":"50-59   ","count":398,"tested":6585},{"age_group":"60-69   ","count":280,"tested":5376},{"age_group":"70-79   ","count":131,"tested":3776},{"age_group":"80+","count":158,"tested":6823}],"race":[{"description":"Asian","count":135,"tested":2499,"color":"rgb(140,86,75)"},{"description":"Black","count":68,"tested":740,"color":"rgb(255,127,14)"},{"description":"Hispanic","count":305,"tested":2388,"color":"rgb(214,39,40)"},{"description":"Left Blank","count":547,"tested":17697,"color":"rgb(44,160,44)"},{"description":"Other","count":102,"tested":1078,"color":"rgb(148,103,189)"},{"description":"White","count":1467,"tested":21890,"color":"rgb(31,119,180)"}],"gender":[]}
