{"age":[{"age_group":"<20","count":228,"tested":2635},{"age_group":"20-29   ","count":199,"tested":2014},{"age_group":"30-39   ","count":188,"tested":1840},{"age_group":"40-49   ","count":192,"tested":1901},{"age_group":"50-59   ","count":158,"tested":1711},{"age_group":"60-69   ","count":104,"tested":1149},{"age_group":"70-79   ","count":42,"tested":562},{"age_group":"80+","count":18,"tested":277}],"race":[{"description":"Black","count":6,"tested":96,"color":"rgb(255,127,14)"},{"description":"Hispanic","count":29,"tested":263,"color":"rgb(214,39,40)"},{"description":"Left Blank","count":253,"tested":2675,"color":"rgb(44,160,44)"},{"description":"Other","count":66,"tested":545,"color":"rgb(148,103,189)"},{"description":"White","count":775,"tested":8490,"color":"rgb(31,119,180)"}],"gender":[]}
