{"age":[{"age_group":"<20","count":103,"tested":2372},{"age_group":"20-29   ","count":93,"tested":3668},{"age_group":"30-39   ","count":53,"tested":2233},{"age_group":"40-49   ","count":77,"tested":3149},{"age_group":"50-59   ","count":102,"tested":3597},{"age_group":"60-69   ","count":64,"tested":3002},{"age_group":"70-79   ","count":58,"tested":2694},{"age_group":"80+","count":107,"tested":7179}],"race":[{"description":"Asian","count":31,"tested":1583,"color":"rgb(140,86,75)"},{"description":"Black","count":6,"tested":584,"color":"rgb(255,127,14)"},{"description":"Hispanic","count":27,"tested":1164,"color":"rgb(214,39,40)"},{"description":"Left Blank","count":164,"tested":15998,"color":"rgb(44,160,44)"},{"description":"Other","count":40,"tested":619,"color":"rgb(148,103,189)"},{"description":"White","count":387,"tested":7934,"color":"rgb(31,119,180)"}],"gender":[]}
