{"age":[{"age_group":"<20","count":15,"tested":203},{"age_group":"20-29   ","count":14,"tested":132},{"age_group":"30-39   ","count":24,"tested":139},{"age_group":"40-49   ","count":20,"tested":114},{"age_group":"50-59   ","count":18,"tested":180},{"age_group":"60-69   ","count":20,"tested":117},{"age_group":"70-79   ","count":13,"tested":36}],"race":[{"description":"Left Blank","count":45,"tested":325,"color":"rgb(44,160,44)"},{"description":"White","count":76,"tested":585,"color":"rgb(31,119,180)"}],"gender":[]}
