{"age":[{"age_group":"<20","count":689,"tested":7539},{"age_group":"20-29   ","count":802,"tested":10412},{"age_group":"30-39   ","count":579,"tested":8637},{"age_group":"40-49   ","count":675,"tested":7712},{"age_group":"50-59   ","count":536,"tested":7316},{"age_group":"60-69   ","count":241,"tested":3908},{"age_group":"70-79   ","count":80,"tested":1528},{"age_group":"80+","count":42,"tested":671}],"race":[{"description":"Asian","count":258,"tested":4152,"color":"rgb(140,86,75)"},{"description":"Black","count":479,"tested":5493,"color":"rgb(255,127,14)"},{"description":"Hispanic","count":972,"tested":5860,"color":"rgb(214,39,40)"},{"description":"Left Blank","count":704,"tested":17037,"color":"rgb(44,160,44)"},{"description":"Other","count":120,"tested":2034,"color":"rgb(148,103,189)"},{"description":"White","count":1103,"tested":13029,"color":"rgb(31,119,180)"}],"gender":[]}
