{"age":[{"age_group":"<20","count":23,"tested":174},{"age_group":"20-29   ","count":18,"tested":195},{"age_group":"30-39   ","count":22,"tested":195},{"age_group":"40-49   ","count":19,"tested":114},{"age_group":"50-59   ","count":22,"tested":153},{"age_group":"60-69   ","count":16,"tested":156},{"age_group":"70-79   ","count":10,"tested":101}],"race":[{"description":"Hispanic","count":18,"tested":36,"color":"rgb(214,39,40)"},{"description":"Left Blank","count":8,"tested":508,"color":"rgb(44,160,44)"},{"description":"White","count":104,"tested":541,"color":"rgb(31,119,180)"}],"gender":[]}
