{"age":[{"age_group":"<20","count":490,"tested":5148},{"age_group":"20-29   ","count":646,"tested":8375},{"age_group":"30-39   ","count":587,"tested":7929},{"age_group":"40-49   ","count":491,"tested":6339},{"age_group":"50-59   ","count":485,"tested":6102},{"age_group":"60-69   ","count":302,"tested":4866},{"age_group":"70-79   ","count":134,"tested":2264},{"age_group":"80+","count":128,"tested":2583}],"race":[{"description":"AI/AN**","count":23,"tested":164,"color":"rgb(31,119,180)"},{"description":"Asian","count":353,"tested":4853,"color":"rgb(140,86,75)"},{"description":"Black","count":131,"tested":1389,"color":"rgb(255,127,14)"},{"description":"Hispanic","count":741,"tested":4087,"color":"rgb(214,39,40)"},{"description":"Left Blank","count":1052,"tested":22327,"color":"rgb(44,160,44)"},{"description":"NH/PI*","count":6,"tested":84,"color":"rgb(127,127,127)"},{"description":"Other","count":141,"tested":1062,"color":"rgb(148,103,189)"},{"description":"White","count":816,"tested":9663,"color":"rgb(31,119,180)"}],"gender":[]}
