{"age":[{"age_group":"<20","count":457,"tested":4462},{"age_group":"20-29   ","count":537,"tested":5272},{"age_group":"30-39   ","count":368,"tested":4347},{"age_group":"40-49   ","count":463,"tested":4781},{"age_group":"50-59   ","count":498,"tested":5203},{"age_group":"60-69   ","count":331,"tested":3689},{"age_group":"70-79   ","count":136,"tested":1783},{"age_group":"80+","count":51,"tested":784}],"race":[{"description":"Asian","count":65,"tested":1068,"color":"rgb(140,86,75)"},{"description":"Black","count":94,"tested":1193,"color":"rgb(255,127,14)"},{"description":"Hispanic","count":166,"tested":1239,"color":"rgb(214,39,40)"},{"description":"Left Blank","count":1036,"tested":13007,"color":"rgb(44,160,44)"},{"description":"Other","count":120,"tested":1288,"color":"rgb(148,103,189)"},{"description":"White","count":1355,"tested":12451,"color":"rgb(31,119,180)"}],"gender":[]}
