{"age":[{"age_group":"<20","count":263,"tested":1768},{"age_group":"20-29   ","count":308,"tested":2425},{"age_group":"30-39   ","count":260,"tested":2043},{"age_group":"40-49   ","count":257,"tested":1870},{"age_group":"50-59   ","count":192,"tested":1558},{"age_group":"60-69   ","count":127,"tested":1315},{"age_group":"70-79   ","count":47,"tested":551},{"age_group":"80+","count":31,"tested":378}],"race":[{"description":"Black","count":68,"tested":748,"color":"rgb(255,127,14)"},{"description":"Hispanic","count":717,"tested":3397,"color":"rgb(214,39,40)"},{"description":"Left Blank","count":361,"tested":4325,"color":"rgb(44,160,44)"},{"description":"Other","count":101,"tested":970,"color":"rgb(148,103,189)"},{"description":"White","count":230,"tested":2345,"color":"rgb(31,119,180)"}],"gender":[]}
