{"age":[{"age_group":"<20","count":597,"tested":6103},{"age_group":"20-29   ","count":568,"tested":7369},{"age_group":"30-39   ","count":497,"tested":6213},{"age_group":"40-49   ","count":490,"tested":5475},{"age_group":"50-59   ","count":494,"tested":7305},{"age_group":"60-69   ","count":327,"tested":6536},{"age_group":"70-79   ","count":130,"tested":3995},{"age_group":"80+","count":156,"tested":5770}],"race":[{"description":"AI/AN**","count":6,"tested":13,"color":"rgb(31,119,180)"},{"description":"Asian","count":67,"tested":837,"color":"rgb(140,86,75)"},{"description":"Black","count":35,"tested":381,"color":"rgb(255,127,14)"},{"description":"Hispanic","count":431,"tested":2381,"color":"rgb(214,39,40)"},{"description":"Left Blank","count":748,"tested":25691,"color":"rgb(44,160,44)"},{"description":"Other","count":64,"tested":735,"color":"rgb(148,103,189)"},{"description":"White","count":1908,"tested":18700,"color":"rgb(31,119,180)"}],"gender":[]}
