{"age":[{"age_group":"<20","count":784,"tested":8223},{"age_group":"20-29   ","count":766,"tested":8180},{"age_group":"30-39   ","count":692,"tested":7646},{"age_group":"40-49   ","count":666,"tested":7066},{"age_group":"50-59   ","count":732,"tested":8883},{"age_group":"60-69   ","count":466,"tested":6329},{"age_group":"70-79   ","count":167,"tested":3422},{"age_group":"80+","count":187,"tested":3597}],"race":[{"description":"AI/AN**","count":7,"tested":87,"color":"rgb(31,119,180)"},{"description":"Asian","count":85,"tested":817,"color":"rgb(140,86,75)"},{"description":"Black","count":58,"tested":629,"color":"rgb(255,127,14)"},{"description":"Hispanic","count":647,"tested":3339,"color":"rgb(214,39,40)"},{"description":"Left Blank","count":1015,"tested":20050,"color":"rgb(44,160,44)"},{"description":"Other","count":113,"tested":1160,"color":"rgb(148,103,189)"},{"description":"White","count":2533,"tested":27190,"color":"rgb(31,119,180)"}],"gender":[]}
