{"age":[{"age_group":"<20","count":37,"tested":329},{"age_group":"20-29   ","count":33,"tested":221},{"age_group":"30-39   ","count":25,"tested":169},{"age_group":"40-49   ","count":26,"tested":146},{"age_group":"50-59   ","count":36,"tested":252},{"age_group":"60-69   ","count":23,"tested":187},{"age_group":"70-79   ","count":13,"tested":122},{"age_group":"80+","count":9,"tested":56}],"race":[{"description":"Hispanic","count":6,"tested":12,"color":"rgb(214,39,40)"},{"description":"Left Blank","count":46,"tested":487,"color":"rgb(44,160,44)"},{"description":"White","count":149,"tested":963,"color":"rgb(31,119,180)"}],"gender":[]}
