{"age":[{"age_group":"<20","count":967,"tested":7401},{"age_group":"20-29   ","count":997,"tested":10906},{"age_group":"30-39   ","count":950,"tested":9952},{"age_group":"40-49   ","count":986,"tested":9825},{"age_group":"50-59   ","count":802,"tested":9571},{"age_group":"60-69   ","count":473,"tested":7575},{"age_group":"70-79   ","count":214,"tested":3032},{"age_group":"80+","count":163,"tested":2368}],"race":[{"description":"AI/AN**","count":10,"tested":39,"color":"rgb(31,119,180)"},{"description":"Asian","count":12,"tested":256,"color":"rgb(140,86,75)"},{"description":"Black","count":1242,"tested":16414,"color":"rgb(255,127,14)"},{"description":"Hispanic","count":2210,"tested":12778,"color":"rgb(214,39,40)"},{"description":"Left Blank","count":1587,"tested":24758,"color":"rgb(44,160,44)"},{"description":"Other","count":179,"tested":1929,"color":"rgb(148,103,189)"},{"description":"White","count":312,"tested":4313,"color":"rgb(31,119,180)"}],"gender":[]}
