{"age":[{"age_group":"<20","count":13,"tested":241},{"age_group":"20-29   ","count":15,"tested":332},{"age_group":"30-39   ","count":19,"tested":290},{"age_group":"40-49   ","count":10,"tested":180},{"age_group":"50-59   ","count":14,"tested":231},{"age_group":"60-69   ","count":19,"tested":323},{"age_group":"70-79   ","count":15,"tested":226},{"age_group":"80+","count":29,"tested":333}],"race":[{"description":"Left Blank","count":40,"tested":1037,"color":"rgb(44,160,44)"},{"description":"White","count":89,"tested":1078,"color":"rgb(31,119,180)"}],"gender":[]}
