{"age":[{"age_group":"<20","count":191,"tested":1976},{"age_group":"20-29   ","count":173,"tested":2127},{"age_group":"30-39   ","count":214,"tested":2013},{"age_group":"40-49   ","count":184,"tested":1850},{"age_group":"50-59   ","count":209,"tested":1995},{"age_group":"60-69   ","count":134,"tested":1818},{"age_group":"70-79   ","count":61,"tested":1156},{"age_group":"80+","count":40,"tested":861}],"race":[{"description":"Asian","count":6,"tested":83,"color":"rgb(140,86,75)"},{"description":"Hispanic","count":234,"tested":1118,"color":"rgb(214,39,40)"},{"description":"Left Blank","count":270,"tested":4881,"color":"rgb(44,160,44)"},{"description":"Other","count":16,"tested":242,"color":"rgb(148,103,189)"},{"description":"White","count":673,"tested":7364,"color":"rgb(31,119,180)"}],"gender":[]}
