{"age":[{"age_group":"<20","count":973,"tested":8882},{"age_group":"20-29   ","count":1176,"tested":16438},{"age_group":"30-39   ","count":1045,"tested":15680},{"age_group":"40-49   ","count":1066,"tested":15408},{"age_group":"50-59   ","count":955,"tested":17898},{"age_group":"60-69   ","count":646,"tested":13599},{"age_group":"70-79   ","count":313,"tested":6901},{"age_group":"80+","count":200,"tested":5464}],"race":[{"description":"AI/AN**","count":38,"tested":253,"color":"rgb(31,119,180)"},{"description":"Asian","count":15,"tested":260,"color":"rgb(140,86,75)"},{"description":"Black","count":2237,"tested":33262,"color":"rgb(255,127,14)"},{"description":"Hispanic","count":1104,"tested":6966,"color":"rgb(214,39,40)"},{"description":"Left Blank","count":1997,"tested":44564,"color":"rgb(44,160,44)"},{"description":"Other","count":207,"tested":2572,"color":"rgb(148,103,189)"},{"description":"White","count":772,"tested":12318,"color":"rgb(31,119,180)"}],"gender":[]}
