{"age":[{"age_group":"<20","count":173,"tested":1995},{"age_group":"20-29   ","count":110,"tested":2433},{"age_group":"30-39   ","count":83,"tested":1735},{"age_group":"40-49   ","count":93,"tested":2481},{"age_group":"50-59   ","count":123,"tested":2272},{"age_group":"60-69   ","count":133,"tested":2697},{"age_group":"70-79   ","count":148,"tested":3205},{"age_group":"80+","count":138,"tested":3202}],"race":[{"description":"Asian","count":142,"tested":1800,"color":"rgb(140,86,75)"},{"description":"Black","count":16,"tested":259,"color":"rgb(255,127,14)"},{"description":"Hispanic","count":54,"tested":346,"color":"rgb(214,39,40)"},{"description":"Left Blank","count":193,"tested":10531,"color":"rgb(44,160,44)"},{"description":"Other","count":53,"tested":853,"color":"rgb(148,103,189)"},{"description":"White","count":541,"tested":6159,"color":"rgb(31,119,180)"}],"gender":[]}
