{"age":[{"age_group":"<20","count":1585,"tested":14531},{"age_group":"20-29   ","count":1864,"tested":19845},{"age_group":"30-39   ","count":1978,"tested":22051},{"age_group":"40-49   ","count":1777,"tested":19736},{"age_group":"50-59   ","count":1645,"tested":18871},{"age_group":"60-69   ","count":1072,"tested":15137},{"age_group":"70-79   ","count":474,"tested":7078},{"age_group":"80+","count":271,"tested":5775}],"race":[{"description":"AI/AN**","count":15,"tested":184,"color":"rgb(31,119,180)"},{"description":"Asian","count":336,"tested":4894,"color":"rgb(140,86,75)"},{"description":"Black","count":208,"tested":3350,"color":"rgb(255,127,14)"},{"description":"Hispanic","count":4652,"tested":34067,"color":"rgb(214,39,40)"},{"description":"Left Blank","count":1604,"tested":38610,"color":"rgb(44,160,44)"},{"description":"NH/PI*","count":26,"tested":256,"color":"rgb(127,127,127)"},{"description":"Other","count":501,"tested":6491,"color":"rgb(148,103,189)"},{"description":"White","count":3324,"tested":35211,"color":"rgb(31,119,180)"}],"gender":[]}
