{"age":[{"age_group":"<20","count":219,"tested":2765},{"age_group":"20-29   ","count":221,"tested":3925},{"age_group":"30-39   ","count":180,"tested":4019},{"age_group":"40-49   ","count":189,"tested":4081},{"age_group":"50-59   ","count":232,"tested":4743},{"age_group":"60-69   ","count":236,"tested":4934},{"age_group":"70-79   ","count":193,"tested":3824},{"age_group":"80+","count":205,"tested":4019}],"race":[{"description":"Asian","count":16,"tested":993,"color":"rgb(140,86,75)"},{"description":"Black","count":49,"tested":2763,"color":"rgb(255,127,14)"},{"description":"Hispanic","count":61,"tested":843,"color":"rgb(214,39,40)"},{"description":"Left Blank","count":690,"tested":15447,"color":"rgb(44,160,44)"},{"description":"Other","count":44,"tested":687,"color":"rgb(148,103,189)"},{"description":"White","count":815,"tested":11559,"color":"rgb(31,119,180)"}],"gender":[]}
