{"age":[{"age_group":"<20","count":32,"tested":366},{"age_group":"20-29   ","count":24,"tested":389},{"age_group":"30-39   ","count":24,"tested":494},{"age_group":"40-49   ","count":34,"tested":326},{"age_group":"50-59   ","count":21,"tested":495},{"age_group":"60-69   ","count":25,"tested":543},{"age_group":"70-79   ","count":9,"tested":205}],"race":[{"description":"Left Blank","count":27,"tested":849,"color":"rgb(44,160,44)"},{"description":"White","count":135,"tested":1940,"color":"rgb(31,119,180)"}],"gender":[]}
