{"age":[{"age_group":"<20","count":541,"tested":10456},{"age_group":"20-29   ","count":249,"tested":4973},{"age_group":"30-39   ","count":168,"tested":3484},{"age_group":"40-49   ","count":213,"tested":4368},{"age_group":"50-59   ","count":263,"tested":5136},{"age_group":"60-69   ","count":138,"tested":3452},{"age_group":"70-79   ","count":69,"tested":1931},{"age_group":"80+","count":45,"tested":1058}],"race":[{"description":"Asian","count":39,"tested":865,"color":"rgb(140,86,75)"},{"description":"Black","count":12,"tested":115,"color":"rgb(255,127,14)"},{"description":"Hispanic","count":179,"tested":1404,"color":"rgb(214,39,40)"},{"description":"Left Blank","count":346,"tested":12295,"color":"rgb(44,160,44)"},{"description":"Other","count":157,"tested":2780,"color":"rgb(148,103,189)"},{"description":"White","count":951,"tested":17326,"color":"rgb(31,119,180)"}],"gender":[]}
