{"age":[{"age_group":"<20","count":103,"tested":1109},{"age_group":"20-29   ","count":140,"tested":1591},{"age_group":"30-39   ","count":102,"tested":1315},{"age_group":"40-49   ","count":133,"tested":1902},{"age_group":"50-59   ","count":148,"tested":2086},{"age_group":"60-69   ","count":141,"tested":1608},{"age_group":"70-79   ","count":52,"tested":847},{"age_group":"80+","count":32,"tested":421}],"race":[{"description":"Asian","count":9,"tested":232,"color":"rgb(140,86,75)"},{"description":"Black","count":121,"tested":1602,"color":"rgb(255,127,14)"},{"description":"Hispanic","count":66,"tested":534,"color":"rgb(214,39,40)"},{"description":"Left Blank","count":231,"tested":3442,"color":"rgb(44,160,44)"},{"description":"Other","count":25,"tested":338,"color":"rgb(148,103,189)"},{"description":"White","count":397,"tested":4703,"color":"rgb(31,119,180)"}],"gender":[]}
