{"age":[{"age_group":"<20","count":604,"tested":30530},{"age_group":"20-29   ","count":793,"tested":75749},{"age_group":"30-39   ","count":308,"tested":13962},{"age_group":"40-49   ","count":286,"tested":8296},{"age_group":"50-59   ","count":307,"tested":10328},{"age_group":"60-69   ","count":211,"tested":9430},{"age_group":"70-79   ","count":124,"tested":6561},{"age_group":"80+","count":177,"tested":13403}],"race":[{"description":"Asian","count":163,"tested":27135,"color":"rgb(140,86,75)"},{"description":"Black","count":466,"tested":11828,"color":"rgb(255,127,14)"},{"description":"Hispanic","count":360,"tested":12479,"color":"rgb(214,39,40)"},{"description":"Left Blank","count":351,"tested":43621,"color":"rgb(44,160,44)"},{"description":"Other","count":181,"tested":4319,"color":"rgb(148,103,189)"},{"description":"White","count":1281,"tested":68573,"color":"rgb(31,119,180)"}],"gender":[]}
