{"age":[{"age_group":"<20","count":205,"tested":2291},{"age_group":"20-29   ","count":227,"tested":2335},{"age_group":"30-39   ","count":222,"tested":2243},{"age_group":"40-49   ","count":188,"tested":1897},{"age_group":"50-59   ","count":219,"tested":2286},{"age_group":"60-69   ","count":153,"tested":2077},{"age_group":"70-79   ","count":91,"tested":1518},{"age_group":"80+","count":61,"tested":1420}],"race":[{"description":"Asian","count":7,"tested":54,"color":"rgb(140,86,75)"},{"description":"Black","count":8,"tested":115,"color":"rgb(255,127,14)"},{"description":"Hispanic","count":186,"tested":1244,"color":"rgb(214,39,40)"},{"description":"Left Blank","count":267,"tested":5638,"color":"rgb(44,160,44)"},{"description":"Other","count":26,"tested":364,"color":"rgb(148,103,189)"},{"description":"White","count":871,"tested":8626,"color":"rgb(31,119,180)"}],"gender":[]}
