{"age":[{"age_group":"<20","count":192,"tested":2412},{"age_group":"20-29   ","count":159,"tested":2261},{"age_group":"30-39   ","count":130,"tested":1786},{"age_group":"40-49   ","count":183,"tested":1811},{"age_group":"50-59   ","count":202,"tested":2233},{"age_group":"60-69   ","count":118,"tested":1872},{"age_group":"70-79   ","count":50,"tested":1351},{"age_group":"80+","count":28,"tested":660}],"race":[{"description":"Asian","count":8,"tested":141,"color":"rgb(140,86,75)"},{"description":"Black","count":11,"tested":178,"color":"rgb(255,127,14)"},{"description":"Hispanic","count":95,"tested":761,"color":"rgb(214,39,40)"},{"description":"Left Blank","count":211,"tested":4162,"color":"rgb(44,160,44)"},{"description":"Other","count":39,"tested":399,"color":"rgb(148,103,189)"},{"description":"White","count":695,"tested":8722,"color":"rgb(31,119,180)"}],"gender":[]}
