{"age":[{"age_group":"<20","count":902,"tested":14334},{"age_group":"20-29   ","count":610,"tested":10031},{"age_group":"30-39   ","count":357,"tested":7064},{"age_group":"40-49   ","count":562,"tested":9013},{"age_group":"50-59   ","count":695,"tested":10824},{"age_group":"60-69   ","count":272,"tested":5794},{"age_group":"70-79   ","count":119,"tested":3162},{"age_group":"80+","count":38,"tested":2075}],"race":[{"description":"AI/AN**","count":10,"tested":170,"color":"rgb(31,119,180)"},{"description":"Asian","count":368,"tested":8285,"color":"rgb(140,86,75)"},{"description":"Black","count":140,"tested":2348,"color":"rgb(255,127,14)"},{"description":"Hispanic","count":151,"tested":1720,"color":"rgb(214,39,40)"},{"description":"Left Blank","count":1178,"tested":25540,"color":"rgb(44,160,44)"},{"description":"Other","count":140,"tested":2736,"color":"rgb(148,103,189)"},{"description":"White","count":1567,"tested":21449,"color":"rgb(31,119,180)"}],"gender":[]}
