{"age":[{"age_group":"<20","count":70,"tested":817},{"age_group":"20-29   ","count":58,"tested":616},{"age_group":"30-39   ","count":74,"tested":703},{"age_group":"40-49   ","count":45,"tested":505},{"age_group":"50-59   ","count":83,"tested":709},{"age_group":"60-69   ","count":53,"tested":668},{"age_group":"70-79   ","count":28,"tested":403},{"age_group":"80+","count":13,"tested":212}],"race":[{"description":"Hispanic","count":13,"tested":76,"color":"rgb(214,39,40)"},{"description":"Left Blank","count":30,"tested":1464,"color":"rgb(44,160,44)"},{"description":"White","count":368,"tested":2958,"color":"rgb(31,119,180)"}],"gender":[]}
