{"age":[{"age_group":"<20","count":514,"tested":6873},{"age_group":"20-29   ","count":555,"tested":7783},{"age_group":"30-39   ","count":612,"tested":7810},{"age_group":"40-49   ","count":507,"tested":6834},{"age_group":"50-59   ","count":469,"tested":6997},{"age_group":"60-69   ","count":302,"tested":6118},{"age_group":"70-79   ","count":115,"tested":2915},{"age_group":"80+","count":40,"tested":1948}],"race":[{"description":"AI/AN**","count":10,"tested":74,"color":"rgb(31,119,180)"},{"description":"Asian","count":210,"tested":2800,"color":"rgb(140,86,75)"},{"description":"Black","count":280,"tested":3057,"color":"rgb(255,127,14)"},{"description":"Hispanic","count":531,"tested":2891,"color":"rgb(214,39,40)"},{"description":"Left Blank","count":593,"tested":21241,"color":"rgb(44,160,44)"},{"description":"NH/PI*","count":7,"tested":50,"color":"rgb(127,127,127)"},{"description":"Other","count":113,"tested":1701,"color":"rgb(148,103,189)"},{"description":"White","count":1370,"tested":15481,"color":"rgb(31,119,180)"}],"gender":[]}
