{"age":[{"age_group":"<20","count":260,"tested":1416},{"age_group":"20-29   ","count":331,"tested":5552},{"age_group":"30-39   ","count":150,"tested":1813},{"age_group":"40-49   ","count":24,"tested":316},{"age_group":"50-59   ","count":21,"tested":199},{"age_group":"60-69   ","count":13,"tested":178},{"age_group":"70-79   ","count":6,"tested":45}],"race":[{"description":"AI/AN**","count":6,"tested":0,"color":"rgb(31,119,180)"},{"description":"Asian","count":38,"tested":327,"color":"rgb(140,86,75)"},{"description":"Black","count":161,"tested":670,"color":"rgb(255,127,14)"},{"description":"Hispanic","count":108,"tested":415,"color":"rgb(214,39,40)"},{"description":"Left Blank","count":76,"tested":4935,"color":"rgb(44,160,44)"},{"description":"Other","count":38,"tested":119,"color":"rgb(148,103,189)"},{"description":"White","count":375,"tested":3025,"color":"rgb(31,119,180)"}],"gender":[]}
