{"age":[{"age_group":"<20","count":239,"tested":5923},{"age_group":"20-29   ","count":152,"tested":4043},{"age_group":"30-39   ","count":164,"tested":4956},{"age_group":"40-49   ","count":193,"tested":5094},{"age_group":"50-59   ","count":156,"tested":4357},{"age_group":"60-69   ","count":94,"tested":2657},{"age_group":"70-79   ","count":51,"tested":1426},{"age_group":"80+","count":13,"tested":455}],"race":[{"description":"Asian","count":25,"tested":990,"color":"rgb(140,86,75)"},{"description":"Black","count":228,"tested":3352,"color":"rgb(255,127,14)"},{"description":"Hispanic","count":98,"tested":1299,"color":"rgb(214,39,40)"},{"description":"Left Blank","count":177,"tested":9283,"color":"rgb(44,160,44)"},{"description":"Other","count":47,"tested":1376,"color":"rgb(148,103,189)"},{"description":"White","count":483,"tested":12483,"color":"rgb(31,119,180)"}],"gender":[]}
