{"age":[{"age_group":"<20","count":26,"tested":223},{"age_group":"20-29   ","count":20,"tested":142},{"age_group":"30-39   ","count":30,"tested":181},{"age_group":"40-49   ","count":17,"tested":106},{"age_group":"50-59   ","count":33,"tested":189},{"age_group":"60-69   ","count":28,"tested":200},{"age_group":"70-79   ","count":12,"tested":108}],"race":[{"description":"Left Blank","count":28,"tested":329,"color":"rgb(44,160,44)"},{"description":"White","count":137,"tested":802,"color":"rgb(31,119,180)"}],"gender":[]}
