{"age":[{"age_group":"<20","count":263,"tested":1886},{"age_group":"20-29   ","count":309,"tested":2524},{"age_group":"30-39   ","count":262,"tested":2134},{"age_group":"40-49   ","count":257,"tested":1942},{"age_group":"50-59   ","count":193,"tested":1630},{"age_group":"60-69   ","count":129,"tested":1386},{"age_group":"70-79   ","count":49,"tested":584},{"age_group":"80+","count":31,"tested":393}],"race":[{"description":"Black","count":68,"tested":780,"color":"rgb(255,127,14)"},{"description":"Hispanic","count":721,"tested":3608,"color":"rgb(214,39,40)"},{"description":"Left Blank","count":360,"tested":4457,"color":"rgb(44,160,44)"},{"description":"Other","count":101,"tested":986,"color":"rgb(148,103,189)"},{"description":"White","count":235,"tested":2515,"color":"rgb(31,119,180)"}],"gender":[]}
