{"age":[{"age_group":"<20","count":472,"tested":5378},{"age_group":"20-29   ","count":524,"tested":6444},{"age_group":"30-39   ","count":497,"tested":6431},{"age_group":"40-49   ","count":493,"tested":5063},{"age_group":"50-59   ","count":507,"tested":6312},{"age_group":"60-69   ","count":364,"tested":5176},{"age_group":"70-79   ","count":167,"tested":4128},{"age_group":"80+","count":158,"tested":4921}],"race":[{"description":"Asian","count":31,"tested":524,"color":"rgb(140,86,75)"},{"description":"Black","count":26,"tested":331,"color":"rgb(255,127,14)"},{"description":"Hispanic","count":521,"tested":3018,"color":"rgb(214,39,40)"},{"description":"Left Blank","count":810,"tested":15873,"color":"rgb(44,160,44)"},{"description":"Other","count":53,"tested":1847,"color":"rgb(148,103,189)"},{"description":"White","count":1736,"tested":22217,"color":"rgb(31,119,180)"}],"gender":[]}
