{"age":[{"age_group":"<20","count":54,"tested":693},{"age_group":"20-29   ","count":54,"tested":581},{"age_group":"30-39   ","count":60,"tested":534},{"age_group":"40-49   ","count":40,"tested":288},{"age_group":"50-59   ","count":44,"tested":374},{"age_group":"60-69   ","count":31,"tested":374},{"age_group":"70-79   ","count":12,"tested":166},{"age_group":"80+","count":12,"tested":108}],"race":[{"description":"Hispanic","count":11,"tested":64,"color":"rgb(214,39,40)"},{"description":"Left Blank","count":72,"tested":1002,"color":"rgb(44,160,44)"},{"description":"Other","count":17,"tested":106,"color":"rgb(148,103,189)"},{"description":"White","count":205,"tested":1906,"color":"rgb(31,119,180)"}],"gender":[]}
