{"lastUpdatedDate":{"year":2020,"month":12,"day":22},"county_demographics":[{"County":"Calhoun","confirmed_cases":356,"total_tested":3607,"demographics":{"age":[{"race":[],"age_group":"<20","count":62,"tested":399,"deaths":0},{"race":[],"age_group":"20-29   ","count":55,"tested":433,"deaths":0},{"race":[],"age_group":"30-39   ","count":53,"tested":514,"deaths":0},{"race":[],"age_group":"40-49   ","count":48,"tested":393,"deaths":0},{"race":[],"age_group":"50-59   ","count":45,"tested":528,"deaths":0},{"race":[],"age_group":"60-69   ","count":57,"tested":392,"deaths":0},{"race":[],"age_group":"70-79   ","count":22,"tested":360,"deaths":0},{"race":[],"age_group":"80+","count":10,"tested":587,"deaths":0},{"race":[],"age_group":"Unknown","count":0,"tested":0,"deaths":0}],"race":[{"description":"AI/AN**","count":0,"tested":0,"deaths":0,"color":"rgb(31,119,180)"},{"description":"Black","count":0,"tested":16,"deaths":0,"color":"rgb(255,127,14)"},{"description":"Hispanic","count":0,"tested":0,"deaths":0,"color":"rgb(214,39,40)"},{"description":"Left Blank","count":72,"tested":877,"deaths":0,"color":"rgb(44,160,44)"},{"description":"Other","count":0,"tested":26,"deaths":0,"color":"rgb(148,103,189)"},{"description":"White","count":277,"tested":2687,"deaths":0,"color":"rgb(31,119,180)"}],"gender":[{"description":"Female","count":195,"tested":2361,"deaths":0,"color":"rgb(255,127,14)"},{"description":"Male","count":160,"tested":1212,"deaths":0,"color":"rgb(31,119,180)"},{"description":"Unknown/Left Blank","count":0,"tested":34,"deaths":0,"color":"rgb(44,160,44)"}]}}]}
