{"lastUpdatedDate":{"year":2020,"month":12,"day":22},"county_demographics":[{"County":"Illinois","confirmed_cases":911308,"total_tested":12605743,"demographics":{"age":[{"race":[{"description":"AI/AN**","count":163,"tested":1381,"deaths":0,"color":"rgb(31,119,180)"},{"description":"Asian","count":2150,"tested":84535,"deaths":0,"color":"rgb(140,86,75)"},{"description":"Black","count":9751,"tested":113035,"deaths":6,"color":"rgb(255,127,14)"},{"description":"Hispanic","count":29951,"tested":174197,"deaths":0,"color":"rgb(214,39,40)"},{"description":"Left Blank","count":44466,"tested":547685,"deaths":0,"color":"rgb(44,160,44)"},{"description":"NH/PI*","count":94,"tested":1889,"deaths":0,"color":"rgb(127,127,127)"},{"description":"Other","count":4871,"tested":63931,"deaths":0,"color":"rgb(148,103,189)"},{"description":"White","count":40058,"tested":525284,"deaths":0,"color":"rgb(31,119,180)"}],"age_group":"<20","count":131504,"tested":1511937,"deaths":9},{"race":[{"description":"AI/AN**","count":215,"tested":2299,"deaths":0,"color":"rgb(31,119,180)"},{"description":"Asian","count":3486,"tested":200741,"deaths":0,"color":"rgb(140,86,75)"},{"description":"Black","count":15216,"tested":181989,"deaths":22,"color":"rgb(255,127,14)"},{"description":"Hispanic","count":35654,"tested":238859,"deaths":23,"color":"rgb(214,39,40)"},{"description":"Left Blank","count":55283,"tested":932143,"deaths":0,"color":"rgb(44,160,44)"},{"description":"NH/PI*","count":139,"tested":3361,"deaths":0,"color":"rgb(127,127,127)"},{"description":"Other","count":6095,"tested":93885,"deaths":0,"color":"rgb(148,103,189)"},{"description":"White","count":53539,"tested":801803,"deaths":0,"color":"rgb(31,119,180)"}],"age_group":"20-29   ","count":169631,"tested":2455080,"deaths":49},{"race":[{"description":"AI/AN**","count":193,"tested":1573,"deaths":0,"color":"rgb(31,119,180)"},{"description":"Asian","count":3112,"tested":58469,"deaths":7,"color":"rgb(140,86,75)"},{"description":"Black","count":14000,"tested":143396,"deaths":60,"color":"rgb(255,127,14)"},{"description":"Hispanic","count":30801,"tested":151286,"deaths":92,"color":"rgb(214,39,40)"},{"description":"Left Blank","count":49015,"tested":845762,"deaths":0,"color":"rgb(44,160,44)"},{"description":"NH/PI*","count":152,"tested":2101,"deaths":0,"color":"rgb(127,127,127)"},{"description":"Other","count":5507,"tested":62478,"deaths":0,"color":"rgb(148,103,189)"},{"description":"White","count":43628,"tested":543102,"deaths":18,"color":"rgb(31,119,180)"}],"age_group":"30-39   ","count":146413,"tested":1808167,"deaths":178},{"race":[{"description":"AI/AN**","count":167,"tested":1440,"deaths":0,"color":"rgb(31,119,180)"},{"description":"Asian","count":2982,"tested":39379,"deaths":15,"color":"rgb(140,86,75)"},{"description":"Black","count":13116,"tested":134109,"deaths":121,"color":"rgb(255,127,14)"},{"description":"Hispanic","count":31612,"tested":133182,"deaths":211,"color":"rgb(214,39,40)"},{"description":"Left Blank","count":45859,"tested":733037,"deaths":0,"color":"rgb(44,160,44)"},{"description":"NH/PI*","count":153,"tested":1661,"deaths":0,"color":"rgb(127,127,127)"},{"description":"Other","count":5131,"tested":49903,"deaths":0,"color":"rgb(148,103,189)"},{"description":"White","count":41881,"tested":459517,"deaths":73,"color":"rgb(31,119,180)"}],"age_group":"40-49   ","count":140901,"tested":1552228,"deaths":429},{"race":[{"description":"AI/AN**","count":148,"tested":1407,"deaths":0,"color":"rgb(31,119,180)"},{"description":"Asian","count":2662,"tested":33472,"deaths":38,"color":"rgb(140,86,75)"},{"description":"Black","count":12551,"tested":141758,"deaths":291,"color":"rgb(255,127,14)"},{"description":"Hispanic","count":22624,"tested":100917,"deaths":411,"color":"rgb(214,39,40)"},{"description":"Left Blank","count":44307,"tested":761990,"deaths":16,"color":"rgb(44,160,44)"},{"description":"NH/PI*","count":138,"tested":1690,"deaths":0,"color":"rgb(127,127,127)"},{"description":"Other","count":4609,"tested":45423,"deaths":6,"color":"rgb(148,103,189)"},{"description":"White","count":48915,"tested":552050,"deaths":305,"color":"rgb(31,119,180)"}],"age_group":"50-59   ","count":135959,"tested":1638707,"deaths":1071},{"race":[{"description":"AI/AN**","count":105,"tested":1003,"deaths":0,"color":"rgb(31,119,180)"},{"description":"Asian","count":2051,"tested":21779,"deaths":88,"color":"rgb(140,86,75)"},{"description":"Black","count":9521,"tested":117930,"deaths":678,"color":"rgb(255,127,14)"},{"description":"Hispanic","count":11375,"tested":56460,"deaths":604,"color":"rgb(214,39,40)"},{"description":"Left Blank","count":29992,"tested":622935,"deaths":48,"color":"rgb(44,160,44)"},{"description":"NH/PI*","count":106,"tested":1074,"deaths":0,"color":"rgb(127,127,127)"},{"description":"Other","count":2931,"tested":33547,"deaths":18,"color":"rgb(148,103,189)"},{"description":"White","count":39688,"tested":500432,"deaths":998,"color":"rgb(31,119,180)"}],"age_group":"60-69   ","count":95772,"tested":1355160,"deaths":2443},{"race":[{"description":"AI/AN**","count":55,"tested":553,"deaths":0,"color":"rgb(31,119,180)"},{"description":"Asian","count":1091,"tested":11027,"deaths":143,"color":"rgb(140,86,75)"},{"description":"Black","count":5294,"tested":60030,"deaths":804,"color":"rgb(255,127,14)"},{"description":"Hispanic","count":4537,"tested":23140,"deaths":591,"color":"rgb(214,39,40)"},{"description":"Left Blank","count":14381,"tested":357795,"deaths":83,"color":"rgb(44,160,44)"},{"description":"NH/PI*","count":36,"tested":390,"deaths":0,"color":"rgb(127,127,127)"},{"description":"Other","count":1319,"tested":18521,"deaths":31,"color":"rgb(148,103,189)"},{"description":"White","count":24376,"tested":334139,"deaths":2134,"color":"rgb(31,119,180)"}],"age_group":"70-79   ","count":51093,"tested":805595,"deaths":3793},{"race":[{"description":"AI/AN**","count":36,"tested":273,"deaths":7,"color":"rgb(31,119,180)"},{"description":"Asian","count":739,"tested":6793,"deaths":254,"color":"rgb(140,86,75)"},{"description":"Black","count":3415,"tested":33874,"deaths":973,"color":"rgb(255,127,14)"},{"description":"Hispanic","count":2229,"tested":11683,"deaths":600,"color":"rgb(214,39,40)"},{"description":"Left Blank","count":10937,"tested":407572,"deaths":341,"color":"rgb(44,160,44)"},{"description":"NH/PI*","count":21,"tested":190,"deaths":0,"color":"rgb(127,127,127)"},{"description":"Other","count":661,"tested":9760,"deaths":37,"color":"rgb(148,103,189)"},{"description":"White","count":21582,"tested":309484,"deaths":5226,"color":"rgb(31,119,180)"}],"age_group":"80+","count":39621,"tested":779629,"deaths":7442},{"race":[{"description":"AI/AN**","count":0,"tested":0,"deaths":0,"color":"rgb(31,119,180)"},{"description":"Asian","count":0,"tested":52,"deaths":0,"color":"rgb(140,86,75)"},{"description":"Black","count":0,"tested":192,"deaths":0,"color":"rgb(255,127,14)"},{"description":"Hispanic","count":11,"tested":276,"deaths":0,"color":"rgb(214,39,40)"},{"description":"Left Blank","count":348,"tested":7602,"deaths":0,"color":"rgb(44,160,44)"},{"description":"NH/PI*","count":0,"tested":0,"deaths":0,"color":"rgb(127,127,127)"},{"description":"Other","count":0,"tested":50,"deaths":0,"color":"rgb(148,103,189)"},{"description":"White","count":45,"tested":574,"deaths":0,"color":"rgb(31,119,180)"}],"age_group":"Unknown","count":414,"tested":8748,"deaths":0}],"race":[{"description":"AI/AN**","count":1099,"tested":9930,"deaths":19,"color":"rgb(31,119,180)"},{"description":"Asian","count":18273,"tested":456247,"deaths":547,"color":"rgb(140,86,75)"},{"description":"Black","count":82869,"tested":926313,"deaths":2955,"color":"rgb(255,127,14)"},{"description":"Hispanic","count":168797,"tested":890000,"deaths":2533,"color":"rgb(214,39,40)"},{"description":"Left Blank","count":294588,"tested":5216521,"deaths":494,"color":"rgb(44,160,44)"},{"description":"NH/PI*","count":844,"tested":12357,"deaths":14,"color":"rgb(127,127,127)"},{"description":"Other","count":31126,"tested":377498,"deaths":94,"color":"rgb(148,103,189)"},{"description":"White","count":313712,"tested":4026385,"deaths":8758,"color":"rgb(31,119,180)"}],"gender":[{"description":"Female","count":470699,"tested":6620167,"deaths":7137,"color":"rgb(255,127,14)"},{"description":"Male","count":425101,"tested":4944829,"deaths":8277,"color":"rgb(31,119,180)"},{"description":"Unknown/Left Blank","count":15508,"tested":350255,"deaths":0,"color":"rgb(44,160,44)"}]}}]}
