{"lastUpdatedDate":{"year":2020,"month":12,"day":22},"county_demographics":[{"County":"Piatt","confirmed_cases":985,"total_tested":19074,"demographics":{"age":[{"race":[],"age_group":"<20","count":154,"tested":3880,"deaths":0},{"race":[],"age_group":"20-29   ","count":139,"tested":2542,"deaths":0},{"race":[],"age_group":"30-39   ","count":152,"tested":2570,"deaths":0},{"race":[],"age_group":"40-49   ","count":154,"tested":2439,"deaths":0},{"race":[],"age_group":"50-59   ","count":148,"tested":2390,"deaths":0},{"race":[],"age_group":"60-69   ","count":134,"tested":2226,"deaths":0},{"race":[],"age_group":"70-79   ","count":62,"tested":1371,"deaths":0},{"race":[],"age_group":"80+","count":41,"tested":1654,"deaths":0},{"race":[],"age_group":"Unknown","count":0,"tested":0,"deaths":0}],"race":[{"description":"AI/AN**","count":0,"tested":34,"deaths":0,"color":"rgb(31,119,180)"},{"description":"Asian","count":0,"tested":94,"deaths":0,"color":"rgb(140,86,75)"},{"description":"Black","count":6,"tested":125,"deaths":0,"color":"rgb(255,127,14)"},{"description":"Hispanic","count":6,"tested":144,"deaths":0,"color":"rgb(214,39,40)"},{"description":"Left Blank","count":208,"tested":5193,"deaths":0,"color":"rgb(44,160,44)"},{"description":"NH/PI*","count":0,"tested":6,"deaths":0,"color":"rgb(127,127,127)"},{"description":"Other","count":19,"tested":474,"deaths":0,"color":"rgb(148,103,189)"},{"description":"White","count":742,"tested":13004,"deaths":0,"color":"rgb(31,119,180)"}],"gender":[{"description":"Female","count":521,"tested":11380,"deaths":0,"color":"rgb(255,127,14)"},{"description":"Male","count":463,"tested":7542,"deaths":0,"color":"rgb(31,119,180)"},{"description":"Unknown/Left Blank","count":0,"tested":152,"deaths":0,"color":"rgb(44,160,44)"}]}}]}
