{"lastUpdatedDate":{"year":2020,"month":12,"day":22},"county_demographics":[{"County":"Lee","confirmed_cases":2560,"total_tested":27075,"demographics":{"age":[{"race":[],"age_group":"<20","count":274,"tested":2626,"deaths":0},{"race":[],"age_group":"20-29   ","count":444,"tested":4286,"deaths":0},{"race":[],"age_group":"30-39   ","count":395,"tested":4499,"deaths":0},{"race":[],"age_group":"40-49   ","count":413,"tested":4551,"deaths":0},{"race":[],"age_group":"50-59   ","count":419,"tested":4026,"deaths":0},{"race":[],"age_group":"60-69   ","count":303,"tested":3498,"deaths":0},{"race":[],"age_group":"70-79   ","count":166,"tested":1568,"deaths":0},{"race":[],"age_group":"80+","count":144,"tested":1926,"deaths":0},{"race":[],"age_group":"Unknown","count":0,"tested":95,"deaths":0}],"race":[{"description":"AI/AN**","count":0,"tested":0,"deaths":0,"color":"rgb(31,119,180)"},{"description":"Asian","count":10,"tested":85,"deaths":0,"color":"rgb(140,86,75)"},{"description":"Black","count":104,"tested":840,"deaths":0,"color":"rgb(255,127,14)"},{"description":"Hispanic","count":56,"tested":370,"deaths":0,"color":"rgb(214,39,40)"},{"description":"Left Blank","count":840,"tested":13265,"deaths":0,"color":"rgb(44,160,44)"},{"description":"NH/PI*","count":0,"tested":0,"deaths":0,"color":"rgb(127,127,127)"},{"description":"Other","count":68,"tested":388,"deaths":0,"color":"rgb(148,103,189)"},{"description":"White","count":1477,"tested":12120,"deaths":0,"color":"rgb(31,119,180)"}],"gender":[{"description":"Female","count":1128,"tested":10933,"deaths":0,"color":"rgb(255,127,14)"},{"description":"Male","count":1354,"tested":9774,"deaths":0,"color":"rgb(31,119,180)"},{"description":"Unknown/Left Blank","count":76,"tested":6368,"deaths":0,"color":"rgb(44,160,44)"}]}}]}
