{"lastUpdatedDate":{"year":2020,"month":12,"day":22},"county_demographics":[{"County":"Jefferson","confirmed_cases":2684,"total_tested":23206,"demographics":{"age":[{"race":[],"age_group":"<20","count":299,"tested":2725,"deaths":0},{"race":[],"age_group":"20-29   ","count":380,"tested":3497,"deaths":0},{"race":[],"age_group":"30-39   ","count":376,"tested":3161,"deaths":0},{"race":[],"age_group":"40-49   ","count":367,"tested":2897,"deaths":0},{"race":[],"age_group":"50-59   ","count":391,"tested":3307,"deaths":0},{"race":[],"age_group":"60-69   ","count":341,"tested":2746,"deaths":0},{"race":[],"age_group":"70-79   ","count":260,"tested":2330,"deaths":0},{"race":[],"age_group":"80+","count":269,"tested":2523,"deaths":0},{"race":[],"age_group":"Unknown","count":0,"tested":20,"deaths":0}],"race":[{"description":"AI/AN**","count":0,"tested":9,"deaths":0,"color":"rgb(31,119,180)"},{"description":"Asian","count":8,"tested":66,"deaths":0,"color":"rgb(140,86,75)"},{"description":"Black","count":110,"tested":1105,"deaths":0,"color":"rgb(255,127,14)"},{"description":"Hispanic","count":58,"tested":380,"deaths":0,"color":"rgb(214,39,40)"},{"description":"Left Blank","count":1001,"tested":8511,"deaths":0,"color":"rgb(44,160,44)"},{"description":"NH/PI*","count":0,"tested":14,"deaths":0,"color":"rgb(127,127,127)"},{"description":"Other","count":53,"tested":426,"deaths":0,"color":"rgb(148,103,189)"},{"description":"White","count":1450,"tested":12695,"deaths":0,"color":"rgb(31,119,180)"}],"gender":[{"description":"Female","count":1453,"tested":14696,"deaths":0,"color":"rgb(255,127,14)"},{"description":"Male","count":1187,"tested":7899,"deaths":0,"color":"rgb(31,119,180)"},{"description":"Unknown/Left Blank","count":43,"tested":611,"deaths":0,"color":"rgb(44,160,44)"}]}}]}
