{"age":[{"age_group":"<20","count":215,"tested":981},{"age_group":"20-29   ","count":319,"tested":1853},{"age_group":"30-39   ","count":264,"tested":1714},{"age_group":"40-49   ","count":258,"tested":1538},{"age_group":"50-59   ","count":235,"tested":1613},{"age_group":"60-69   ","count":189,"tested":1749},{"age_group":"70-79   ","count":150,"tested":1194},{"age_group":"80+","count":160,"tested":1072}],"race":[{"description":"Left Blank","count":484,"tested":5868,"color":"rgb(44,160,44)"},{"description":"Other","count":128,"tested":611,"color":"rgb(148,103,189)"},{"description":"Black","count":299,"tested":1786,"color":"rgb(255,127,14)"},{"description":"Hispanic","count":407,"tested":1232,"color":"rgb(214,39,40)"},{"description":"White","count":247,"tested":2101,"color":"rgb(31,119,180)"},{"description":"AI/AN**","count":90,"tested":67,"color":"rgb(31,119,180)"}],"gender":[{"description":"Female","count":783,"tested":7000,"color":"rgb(255,127,14)"},{"description":"Male","count":613,"tested":4507,"color":"rgb(31,119,180)"}]}
