{"age":[{"age_group":"<20","count":25,"tested":162},{"age_group":"20-29   ","count":26,"tested":174},{"age_group":"40-49   ","count":36,"tested":175},{"age_group":"50-59   ","count":30,"tested":155},{"age_group":"60-69   ","count":33,"tested":148}],"race":[{"description":"Left Blank","count":38,"tested":443,"color":"rgb(44,160,44)"},{"description":"White","count":61,"tested":655,"color":"rgb(31,119,180)"}],"gender":[{"description":"Female","count":54,"tested":734,"color":"rgb(255,127,14)"},{"description":"Male","count":48,"tested":375,"color":"rgb(31,119,180)"}]}
