{"age":[{"age_group":"<20","count":28,"tested":385},{"age_group":"20-29   ","count":33,"tested":307},{"age_group":"30-39   ","count":23,"tested":188},{"age_group":"40-49   ","count":29,"tested":170},{"age_group":"50-59   ","count":34,"tested":234},{"age_group":"60-69   ","count":20,"tested":223},{"age_group":"70-79   ","count":11,"tested":88}],"race":[{"description":"Hispanic","count":18,"tested":65,"color":"rgb(214,39,40)"},{"description":"Left Blank","count":64,"tested":873,"color":"rgb(44,160,44)"},{"description":"White","count":94,"tested":681,"color":"rgb(31,119,180)"}],"gender":[{"description":"Male","count":80,"tested":613,"color":"rgb(31,119,180)"},{"description":"Unknown/Left Blank","count":8,"tested":23,"color":"rgb(44,160,44)"},{"description":"Female","count":89,"tested":1002,"color":"rgb(255,127,14)"}]}
