{"age":[{"age_group":"<20","count":30,"tested":236},{"age_group":"20-29   ","count":233,"tested":3615},{"age_group":"30-39   ","count":208,"tested":3610},{"age_group":"40-49   ","count":56,"tested":817},{"age_group":"50-59   ","count":39,"tested":454},{"age_group":"60-69   ","count":37,"tested":257}],"race":[{"description":"Other","count":52,"tested":536,"color":"rgb(148,103,189)"},{"description":"White","count":201,"tested":2671,"color":"rgb(31,119,180)"},{"description":"Asian","count":50,"tested":824,"color":"rgb(140,86,75)"},{"description":"Black","count":38,"tested":284,"color":"rgb(255,127,14)"},{"description":"Left Blank","count":223,"tested":4513,"color":"rgb(44,160,44)"},{"description":"Hispanic","count":40,"tested":268,"color":"rgb(214,39,40)"}],"gender":[{"description":"Unknown/Left Blank","count":24,"tested":88,"color":"rgb(44,160,44)"},{"description":"Female","count":241,"tested":4693,"color":"rgb(255,127,14)"},{"description":"Male","count":286,"tested":4338,"color":"rgb(31,119,180)"}]}
