{"age":[{"age_group":"<20","count":782,"tested":6763},{"age_group":"20-29   ","count":1517,"tested":26545},{"age_group":"30-39   ","count":1425,"tested":27324},{"age_group":"40-49   ","count":972,"tested":10255},{"age_group":"50-59   ","count":884,"tested":7016},{"age_group":"60-69   ","count":616,"tested":4633},{"age_group":"70-79   ","count":378,"tested":2545},{"age_group":"80+","count":277,"tested":1219}],"race":[{"description":"Hispanic","count":2825,"tested":15285,"color":"rgb(214,39,40)"},{"description":"Left Blank","count":1748,"tested":37350,"color":"rgb(44,160,44)"},{"description":"White","count":1167,"tested":26141,"color":"rgb(31,119,180)"},{"description":"Asian","count":200,"tested":1679,"color":"rgb(140,86,75)"},{"description":"Black","count":300,"tested":2422,"color":"rgb(255,127,14)"},{"description":"Other","count":327,"tested":3283,"color":"rgb(148,103,189)"},{"description":"AI/AN**","count":144,"tested":84,"color":"rgb(31,119,180)"}],"gender":[{"description":"Unknown/Left Blank","count":172,"tested":2139,"color":"rgb(44,160,44)"},{"description":"Male","count":2929,"tested":37342,"color":"rgb(31,119,180)"},{"description":"Female","count":3065,"tested":46837,"color":"rgb(255,127,14)"}]}
