{"age":[{"age_group":"<20","count":46,"tested":357},{"age_group":"20-29   ","count":50,"tested":347},{"age_group":"30-39   ","count":42,"tested":418},{"age_group":"40-49   ","count":38,"tested":238},{"age_group":"50-59   ","count":60,"tested":399},{"age_group":"60-69   ","count":50,"tested":340},{"age_group":"70-79   ","count":24,"tested":331},{"age_group":"80+","count":19,"tested":397}],"race":[{"description":"White","count":219,"tested":1949,"color":"rgb(31,119,180)"},{"description":"Left Blank","count":57,"tested":820,"color":"rgb(44,160,44)"}],"gender":[{"description":"Female","count":147,"tested":1767,"color":"rgb(255,127,14)"},{"description":"Male","count":133,"tested":1023,"color":"rgb(31,119,180)"}]}
