{"age":[{"age_group":"<20","count":457,"tested":2914},{"age_group":"20-29   ","count":434,"tested":5187},{"age_group":"30-39   ","count":338,"tested":4584},{"age_group":"40-49   ","count":374,"tested":3999},{"age_group":"50-59   ","count":431,"tested":3605},{"age_group":"60-69   ","count":301,"tested":2214},{"age_group":"70-79   ","count":222,"tested":1126},{"age_group":"80+","count":196,"tested":628}],"race":[{"description":"Left Blank","count":837,"tested":16682,"color":"rgb(44,160,44)"},{"description":"Other","count":171,"tested":245,"color":"rgb(148,103,189)"},{"description":"Hispanic","count":199,"tested":367,"color":"rgb(214,39,40)"},{"description":"White","count":889,"tested":6562,"color":"rgb(31,119,180)"},{"description":"Asian","count":187,"tested":268,"color":"rgb(140,86,75)"},{"description":"Black","count":168,"tested":125,"color":"rgb(255,127,14)"}],"gender":[{"description":"Unknown/Left Blank","count":225,"tested":5322,"color":"rgb(44,160,44)"},{"description":"Male","count":940,"tested":10710,"color":"rgb(31,119,180)"},{"description":"Female","count":838,"tested":8229,"color":"rgb(255,127,14)"}]}
