{"age":[{"age_group":"<20","count":189,"tested":1225},{"age_group":"20-29   ","count":181,"tested":967},{"age_group":"30-39   ","count":157,"tested":906},{"age_group":"40-49   ","count":169,"tested":843},{"age_group":"50-59   ","count":153,"tested":774},{"age_group":"60-69   ","count":115,"tested":556},{"age_group":"70-79   ","count":76,"tested":258},{"age_group":"80+","count":62,"tested":113}],"race":[{"description":"White","count":488,"tested":3737,"color":"rgb(31,119,180)"},{"description":"Left Blank","count":260,"tested":1495,"color":"rgb(44,160,44)"},{"description":"Other","count":80,"tested":254,"color":"rgb(148,103,189)"},{"description":"Hispanic","count":64,"tested":112,"color":"rgb(214,39,40)"}],"gender":[{"description":"Male","count":390,"tested":2379,"color":"rgb(31,119,180)"},{"description":"Female","count":397,"tested":3236,"color":"rgb(255,127,14)"}]}
