{"age":[{"age_group":"<20","count":114,"tested":610},{"age_group":"20-29   ","count":95,"tested":1204},{"age_group":"30-39   ","count":78,"tested":928},{"age_group":"40-49   ","count":100,"tested":1222},{"age_group":"50-59   ","count":118,"tested":1026},{"age_group":"60-69   ","count":125,"tested":1393},{"age_group":"70-79   ","count":143,"tested":1489},{"age_group":"80+","count":145,"tested":1298}],"race":[{"description":"Black","count":45,"tested":97,"color":"rgb(255,127,14)"},{"description":"Asian","count":101,"tested":597,"color":"rgb(140,86,75)"},{"description":"Hispanic","count":62,"tested":134,"color":"rgb(214,39,40)"},{"description":"Other","count":70,"tested":460,"color":"rgb(148,103,189)"},{"description":"White","count":297,"tested":2606,"color":"rgb(31,119,180)"},{"description":"Left Blank","count":271,"tested":5253,"color":"rgb(44,160,44)"}],"gender":[{"description":"Male","count":327,"tested":3866,"color":"rgb(31,119,180)"},{"description":"Female","count":375,"tested":5277,"color":"rgb(255,127,14)"}]}
