{"age":[{"age_group":"<20","count":203,"tested":1621},{"age_group":"20-29   ","count":279,"tested":3353},{"age_group":"30-39   ","count":272,"tested":3437},{"age_group":"40-49   ","count":296,"tested":3238},{"age_group":"50-59   ","count":285,"tested":3962},{"age_group":"60-69   ","count":298,"tested":3843},{"age_group":"70-79   ","count":218,"tested":2718},{"age_group":"80+","count":159,"tested":2594}],"race":[{"description":"Hispanic","count":219,"tested":745,"color":"rgb(214,39,40)"},{"description":"Left Blank","count":669,"tested":16327,"color":"rgb(44,160,44)"},{"description":"White","count":688,"tested":5859,"color":"rgb(31,119,180)"},{"description":"Black","count":77,"tested":469,"color":"rgb(255,127,14)"},{"description":"Asian","count":167,"tested":910,"color":"rgb(140,86,75)"},{"description":"Other","count":101,"tested":430,"color":"rgb(148,103,189)"}],"gender":[{"description":"Female","count":887,"tested":13958,"color":"rgb(255,127,14)"},{"description":"Male","count":856,"tested":10103,"color":"rgb(31,119,180)"},{"description":"Unknown/Left Blank","count":62,"tested":715,"color":"rgb(44,160,44)"}]}
