{"age":[{"age_group":"<20","count":252,"tested":1834},{"age_group":"20-29   ","count":331,"tested":2381},{"age_group":"30-39   ","count":291,"tested":2399},{"age_group":"40-49   ","count":323,"tested":2290},{"age_group":"50-59   ","count":320,"tested":2536},{"age_group":"60-69   ","count":218,"tested":2027},{"age_group":"70-79   ","count":123,"tested":969},{"age_group":"80+","count":82,"tested":442}],"race":[{"description":"Asian","count":113,"tested":535,"color":"rgb(140,86,75)"},{"description":"Hispanic","count":195,"tested":679,"color":"rgb(214,39,40)"},{"description":"Black","count":67,"tested":196,"color":"rgb(255,127,14)"},{"description":"Other","count":89,"tested":353,"color":"rgb(148,103,189)"},{"description":"Left Blank","count":658,"tested":8535,"color":"rgb(44,160,44)"},{"description":"White","count":717,"tested":4555,"color":"rgb(31,119,180)"}],"gender":[{"description":"Female","count":847,"tested":8174,"color":"rgb(255,127,14)"},{"description":"Male","count":793,"tested":6247,"color":"rgb(31,119,180)"},{"description":"Unknown/Left Blank","count":55,"tested":469,"color":"rgb(44,160,44)"}]}
