{"age":[{"age_group":"<20","count":395,"tested":5725},{"age_group":"20-29   ","count":1656,"tested":25900},{"age_group":"30-39   ","count":707,"tested":15526},{"age_group":"40-49   ","count":464,"tested":7221},{"age_group":"50-59   ","count":376,"tested":6761},{"age_group":"60-69   ","count":296,"tested":5583},{"age_group":"70-79   ","count":291,"tested":3960},{"age_group":"80+","count":298,"tested":3275}],"race":[{"description":"Hispanic","count":365,"tested":1645,"color":"rgb(214,39,40)"},{"description":"Left Blank","count":1347,"tested":45167,"color":"rgb(44,160,44)"},{"description":"Other","count":278,"tested":1943,"color":"rgb(148,103,189)"},{"description":"Black","count":315,"tested":2180,"color":"rgb(255,127,14)"},{"description":"Asian","count":216,"tested":1581,"color":"rgb(140,86,75)"},{"description":"White","count":1679,"tested":21396,"color":"rgb(31,119,180)"}],"gender":[{"description":"Unknown/Left Blank","count":173,"tested":1337,"color":"rgb(44,160,44)"},{"description":"Female","count":1875,"tested":42361,"color":"rgb(255,127,14)"},{"description":"Male","count":1740,"tested":30283,"color":"rgb(31,119,180)"}]}
