{"age":[{"age_group":"<20","count":569,"tested":2909},{"age_group":"20-29   ","count":545,"tested":2849},{"age_group":"30-39   ","count":446,"tested":2288},{"age_group":"40-49   ","count":555,"tested":2680},{"age_group":"50-59   ","count":673,"tested":3543},{"age_group":"60-69   ","count":465,"tested":2441},{"age_group":"70-79   ","count":312,"tested":1379},{"age_group":"80+","count":251,"tested":541}],"race":[{"description":"Black","count":306,"tested":876,"color":"rgb(255,127,14)"},{"description":"Asian","count":237,"tested":195,"color":"rgb(140,86,75)"},{"description":"Other","count":287,"tested":626,"color":"rgb(148,103,189)"},{"description":"White","count":1135,"tested":7624,"color":"rgb(31,119,180)"},{"description":"Left Blank","count":1151,"tested":8960,"color":"rgb(44,160,44)"},{"description":"Hispanic","count":278,"tested":333,"color":"rgb(214,39,40)"}],"gender":[{"description":"Female","count":1308,"tested":9938,"color":"rgb(255,127,14)"},{"description":"Male","count":1239,"tested":8524,"color":"rgb(31,119,180)"}]}
