{"age":[{"age_group":"<20","count":468,"tested":2670},{"age_group":"20-29   ","count":572,"tested":3993},{"age_group":"30-39   ","count":471,"tested":3323},{"age_group":"40-49   ","count":488,"tested":3226},{"age_group":"50-59   ","count":493,"tested":3946},{"age_group":"60-69   ","count":431,"tested":3570},{"age_group":"70-79   ","count":320,"tested":2183},{"age_group":"80+","count":291,"tested":1875}],"race":[{"description":"Hispanic","count":702,"tested":2418,"color":"rgb(214,39,40)"},{"description":"Left Blank","count":678,"tested":10919,"color":"rgb(44,160,44)"},{"description":"Asian","count":229,"tested":399,"color":"rgb(140,86,75)"},{"description":"White","count":1032,"tested":10277,"color":"rgb(31,119,180)"},{"description":"Black","count":246,"tested":399,"color":"rgb(255,127,14)"},{"description":"Other","count":238,"tested":337,"color":"rgb(148,103,189)"}],"gender":[{"description":"Female","count":1209,"tested":14213,"color":"rgb(255,127,14)"},{"description":"Male","count":1105,"tested":10213,"color":"rgb(31,119,180)"},{"description":"Unknown/Left Blank","count":210,"tested":361,"color":"rgb(44,160,44)"}]}
