{"age":[{"age_group":"<20","count":28,"tested":153},{"age_group":"20-29   ","count":30,"tested":268},{"age_group":"30-39   ","count":44,"tested":246},{"age_group":"40-49   ","count":35,"tested":247},{"age_group":"50-59   ","count":34,"tested":265},{"age_group":"60-69   ","count":27,"tested":304},{"age_group":"70-79   ","count":11,"tested":105}],"race":[{"description":"Hispanic","count":32,"tested":131,"color":"rgb(214,39,40)"},{"description":"Black","count":27,"tested":225,"color":"rgb(255,127,14)"},{"description":"Left Blank","count":73,"tested":792,"color":"rgb(44,160,44)"},{"description":"White","count":63,"tested":528,"color":"rgb(31,119,180)"}],"gender":[{"description":"Female","count":91,"tested":899,"color":"rgb(255,127,14)"},{"description":"Male","count":97,"tested":794,"color":"rgb(31,119,180)"}]}
