{"age":[{"age_group":"<20","count":121,"tested":961},{"age_group":"20-29   ","count":158,"tested":1255},{"age_group":"30-39   ","count":137,"tested":1060},{"age_group":"40-49   ","count":117,"tested":1025},{"age_group":"50-59   ","count":142,"tested":1229},{"age_group":"60-69   ","count":111,"tested":1187},{"age_group":"70-79   ","count":72,"tested":894},{"age_group":"80+","count":62,"tested":944}],"race":[{"description":"White","count":447,"tested":4207,"color":"rgb(31,119,180)"},{"description":"Other","count":37,"tested":155,"color":"rgb(148,103,189)"},{"description":"Left Blank","count":188,"tested":3452,"color":"rgb(44,160,44)"},{"description":"Hispanic","count":148,"tested":654,"color":"rgb(214,39,40)"},{"description":"Asian","count":28,"tested":32,"color":"rgb(140,86,75)"},{"description":"Black","count":29,"tested":49,"color":"rgb(255,127,14)"}],"gender":[{"description":"Male","count":361,"tested":3171,"color":"rgb(31,119,180)"},{"description":"Female","count":430,"tested":5196,"color":"rgb(255,127,14)"}]}
