{"age":[{"age_group":"<20","count":618,"tested":5463},{"age_group":"20-29   ","count":976,"tested":11697},{"age_group":"30-39   ","count":1004,"tested":14012},{"age_group":"40-49   ","count":878,"tested":9080},{"age_group":"50-59   ","count":740,"tested":7749},{"age_group":"60-69   ","count":547,"tested":6258},{"age_group":"70-79   ","count":300,"tested":3463},{"age_group":"80+","count":231,"tested":2695}],"race":[{"description":"White","count":1059,"tested":16570,"color":"rgb(31,119,180)"},{"description":"Asian","count":470,"tested":3619,"color":"rgb(140,86,75)"},{"description":"Black","count":208,"tested":2684,"color":"rgb(255,127,14)"},{"description":"Other","count":336,"tested":2900,"color":"rgb(148,103,189)"},{"description":"AI/AN**","count":87,"tested":62,"color":"rgb(31,119,180)"},{"description":"Hispanic","count":1831,"tested":8855,"color":"rgb(214,39,40)"},{"description":"NH/PI*","count":92,"tested":180,"color":"rgb(127,127,127)"},{"description":"Left Blank","count":1211,"tested":25577,"color":"rgb(44,160,44)"}],"gender":[{"description":"Female","count":2387,"tested":32116,"color":"rgb(255,127,14)"},{"description":"Male","count":2393,"tested":25757,"color":"rgb(31,119,180)"},{"description":"Unknown/Left Blank","count":139,"tested":2574,"color":"rgb(44,160,44)"}]}
