{"age":[{"age_group":"<20","count":961,"tested":5232},{"age_group":"20-29   ","count":1264,"tested":8646},{"age_group":"30-39   ","count":1224,"tested":8589},{"age_group":"40-49   ","count":1285,"tested":7742},{"age_group":"50-59   ","count":997,"tested":6850},{"age_group":"60-69   ","count":617,"tested":5070},{"age_group":"70-79   ","count":329,"tested":2832},{"age_group":"80+","count":212,"tested":1508}],"race":[{"description":"Hispanic","count":2801,"tested":12426,"color":"rgb(214,39,40)"},{"description":"Left Blank","count":1759,"tested":16832,"color":"rgb(44,160,44)"},{"description":"Other","count":608,"tested":3920,"color":"rgb(148,103,189)"},{"description":"White","count":1054,"tested":10682,"color":"rgb(31,119,180)"},{"description":"Black","count":349,"tested":2121,"color":"rgb(255,127,14)"},{"description":"Asian","count":126,"tested":457,"color":"rgb(140,86,75)"}],"gender":[{"description":"Female","count":3325,"tested":25657,"color":"rgb(255,127,14)"},{"description":"Male","count":2957,"tested":19805,"color":"rgb(31,119,180)"},{"description":"Unknown/Left Blank","count":134,"tested":1027,"color":"rgb(44,160,44)"}]}
