{"age":[{"age_group":"<20","count":82,"tested":575},{"age_group":"20-29   ","count":124,"tested":1059},{"age_group":"30-39   ","count":104,"tested":832},{"age_group":"40-49   ","count":94,"tested":751},{"age_group":"50-59   ","count":105,"tested":821},{"age_group":"60-69   ","count":87,"tested":717},{"age_group":"70-79   ","count":48,"tested":384},{"age_group":"80+","count":25,"tested":166}],"race":[{"description":"Other","count":34,"tested":198,"color":"rgb(148,103,189)"},{"description":"Left Blank","count":226,"tested":2084,"color":"rgb(44,160,44)"},{"description":"White","count":173,"tested":1664,"color":"rgb(31,119,180)"},{"description":"Black","count":107,"tested":966,"color":"rgb(255,127,14)"},{"description":"Hispanic","count":83,"tested":357,"color":"rgb(214,39,40)"}],"gender":[{"description":"Male","count":263,"tested":2186,"color":"rgb(31,119,180)"},{"description":"Female","count":314,"tested":3080,"color":"rgb(255,127,14)"}]}
