{"age":[{"age_group":"<20","count":352,"tested":3543},{"age_group":"20-29   ","count":356,"tested":3746},{"age_group":"30-39   ","count":251,"tested":3115},{"age_group":"40-49   ","count":304,"tested":3115},{"age_group":"50-59   ","count":301,"tested":3818},{"age_group":"60-69   ","count":269,"tested":3446},{"age_group":"70-79   ","count":156,"tested":1714},{"age_group":"80+","count":138,"tested":715}],"race":[{"description":"Hispanic","count":168,"tested":650,"color":"rgb(214,39,40)"},{"description":"White","count":722,"tested":9410,"color":"rgb(31,119,180)"},{"description":"Left Blank","count":620,"tested":10281,"color":"rgb(44,160,44)"},{"description":"Other","count":126,"tested":720,"color":"rgb(148,103,189)"},{"description":"Asian","count":197,"tested":1578,"color":"rgb(140,86,75)"},{"description":"Black","count":136,"tested":533,"color":"rgb(255,127,14)"}],"gender":[{"description":"Unknown/Left Blank","count":85,"tested":271,"color":"rgb(44,160,44)"},{"description":"Male","count":812,"tested":10366,"color":"rgb(31,119,180)"},{"description":"Female","count":845,"tested":12576,"color":"rgb(255,127,14)"}]}
