{"age":[{"age_group":"<20","count":137,"tested":732},{"age_group":"20-29   ","count":151,"tested":921},{"age_group":"30-39   ","count":130,"tested":859},{"age_group":"40-49   ","count":114,"tested":802},{"age_group":"50-59   ","count":146,"tested":1084},{"age_group":"60-69   ","count":118,"tested":792},{"age_group":"70-79   ","count":79,"tested":470}],"race":[{"description":"Other","count":69,"tested":60,"color":"rgb(148,103,189)"},{"description":"White","count":328,"tested":3318,"color":"rgb(31,119,180)"},{"description":"Left Blank","count":216,"tested":2102,"color":"rgb(44,160,44)"},{"description":"Hispanic","count":93,"tested":258,"color":"rgb(214,39,40)"}],"gender":[{"description":"Female","count":304,"tested":3306,"color":"rgb(255,127,14)"},{"description":"Male","count":294,"tested":2477,"color":"rgb(31,119,180)"}]}
