{"age":[{"age_group":"<20","count":47,"tested":276},{"age_group":"20-29   ","count":43,"tested":314},{"age_group":"30-39   ","count":32,"tested":306},{"age_group":"40-49   ","count":46,"tested":280},{"age_group":"50-59   ","count":44,"tested":416},{"age_group":"60-69   ","count":39,"tested":395},{"age_group":"70-79   ","count":19,"tested":126}],"race":[{"description":"Left Blank","count":77,"tested":965,"color":"rgb(44,160,44)"},{"description":"White","count":124,"tested":1132,"color":"rgb(31,119,180)"},{"description":"Hispanic","count":23,"tested":69,"color":"rgb(214,39,40)"}],"gender":[{"description":"Female","count":122,"tested":1260,"color":"rgb(255,127,14)"},{"description":"Male","count":97,"tested":910,"color":"rgb(31,119,180)"}]}
