{"age":[{"age_group":"<20","count":779,"tested":5232},{"age_group":"20-29   ","count":1440,"tested":18679},{"age_group":"30-39   ","count":1229,"tested":15201},{"age_group":"40-49   ","count":1008,"tested":8948},{"age_group":"50-59   ","count":872,"tested":6789},{"age_group":"60-69   ","count":565,"tested":5284},{"age_group":"70-79   ","count":307,"tested":2445},{"age_group":"80+","count":179,"tested":1403}],"race":[{"description":"Other","count":266,"tested":2951,"color":"rgb(148,103,189)"},{"description":"Left Blank","count":1070,"tested":19316,"color":"rgb(44,160,44)"},{"description":"Hispanic","count":3456,"tested":20212,"color":"rgb(214,39,40)"},{"description":"Asian","count":165,"tested":2376,"color":"rgb(140,86,75)"},{"description":"White","count":677,"tested":11578,"color":"rgb(31,119,180)"},{"description":"Black","count":635,"tested":7424,"color":"rgb(255,127,14)"},{"description":"AI/AN**","count":57,"tested":96,"color":"rgb(31,119,180)"}],"gender":[{"description":"Unknown/Left Blank","count":106,"tested":1955,"color":"rgb(44,160,44)"},{"description":"Male","count":3144,"tested":30755,"color":"rgb(31,119,180)"},{"description":"Female","count":2879,"tested":31290,"color":"rgb(255,127,14)"}]}
