{"age":[{"age_group":"<20","count":388,"tested":1672},{"age_group":"20-29   ","count":554,"tested":3300},{"age_group":"30-39   ","count":468,"tested":2598},{"age_group":"40-49   ","count":443,"tested":2713},{"age_group":"50-59   ","count":402,"tested":2643},{"age_group":"60-69   ","count":313,"tested":2106},{"age_group":"70-79   ","count":205,"tested":1438},{"age_group":"80+","count":149,"tested":1154}],"race":[{"description":"Hispanic","count":858,"tested":2765,"color":"rgb(214,39,40)"},{"description":"White","count":680,"tested":4780,"color":"rgb(31,119,180)"},{"description":"Left Blank","count":763,"tested":8594,"color":"rgb(44,160,44)"},{"description":"Other","count":190,"tested":752,"color":"rgb(148,103,189)"},{"description":"Asian","count":119,"tested":215,"color":"rgb(140,86,75)"},{"description":"Black","count":129,"tested":497,"color":"rgb(255,127,14)"}],"gender":[{"description":"Unknown/Left Blank","count":97,"tested":242,"color":"rgb(44,160,44)"},{"description":"Female","count":1255,"tested":10001,"color":"rgb(255,127,14)"},{"description":"Male","count":1120,"tested":7385,"color":"rgb(31,119,180)"}]}
