{"age":[{"age_group":"<20","count":58,"tested":596},{"age_group":"20-29   ","count":178,"tested":2527},{"age_group":"30-39   ","count":172,"tested":3081},{"age_group":"40-49   ","count":133,"tested":2499},{"age_group":"50-59   ","count":115,"tested":2802},{"age_group":"60-69   ","count":116,"tested":2461},{"age_group":"70-79   ","count":72,"tested":1975},{"age_group":"80+","count":60,"tested":1437}],"race":[{"description":"Left Blank","count":236,"tested":6199,"color":"rgb(44,160,44)"},{"description":"White","count":220,"tested":4386,"color":"rgb(31,119,180)"},{"description":"Hispanic","count":88,"tested":1113,"color":"rgb(214,39,40)"},{"description":"Other","count":54,"tested":607,"color":"rgb(148,103,189)"},{"description":"Black","count":252,"tested":4714,"color":"rgb(255,127,14)"},{"description":"Asian","count":31,"tested":351,"color":"rgb(140,86,75)"}],"gender":[{"description":"Unknown/Left Blank","count":22,"tested":878,"color":"rgb(44,160,44)"},{"description":"Female","count":443,"tested":9582,"color":"rgb(255,127,14)"},{"description":"Male","count":384,"tested":6927,"color":"rgb(31,119,180)"}]}
