{"age":[{"age_group":"<20","count":300,"tested":1729},{"age_group":"20-29   ","count":367,"tested":3015},{"age_group":"30-39   ","count":311,"tested":2588},{"age_group":"40-49   ","count":335,"tested":2501},{"age_group":"50-59   ","count":288,"tested":2841},{"age_group":"60-69   ","count":181,"tested":2187},{"age_group":"70-79   ","count":120,"tested":1233},{"age_group":"80+","count":80,"tested":533}],"race":[{"description":"Hispanic","count":363,"tested":1456,"color":"rgb(214,39,40)"},{"description":"AI/AN**","count":32,"tested":44,"color":"rgb(31,119,180)"},{"description":"Left Blank","count":801,"tested":6995,"color":"rgb(44,160,44)"},{"description":"Asian","count":35,"tested":62,"color":"rgb(140,86,75)"},{"description":"White","count":52,"tested":498,"color":"rgb(31,119,180)"},{"description":"Black","count":610,"tested":7244,"color":"rgb(255,127,14)"},{"description":"Other","count":67,"tested":335,"color":"rgb(148,103,189)"}],"gender":[{"description":"Female","count":930,"tested":9039,"color":"rgb(255,127,14)"},{"description":"Male","count":883,"tested":7338,"color":"rgb(31,119,180)"},{"description":"Unknown/Left Blank","count":59,"tested":258,"color":"rgb(44,160,44)"}]}
