{"age":[{"age_group":"<20","count":58,"tested":384},{"age_group":"20-29   ","count":61,"tested":451},{"age_group":"30-39   ","count":69,"tested":415},{"age_group":"40-49   ","count":68,"tested":621},{"age_group":"50-59   ","count":77,"tested":680},{"age_group":"60-69   ","count":54,"tested":614},{"age_group":"70-79   ","count":36,"tested":404},{"age_group":"80+","count":34,"tested":213}],"race":[{"description":"Left Blank","count":79,"tested":632,"color":"rgb(44,160,44)"},{"description":"White","count":195,"tested":2304,"color":"rgb(31,119,180)"},{"description":"Hispanic","count":52,"tested":182,"color":"rgb(214,39,40)"},{"description":"Other","count":22,"tested":133,"color":"rgb(148,103,189)"},{"description":"Black","count":70,"tested":526,"color":"rgb(255,127,14)"}],"gender":[{"description":"Female","count":204,"tested":2293,"color":"rgb(255,127,14)"},{"description":"Male","count":175,"tested":1465,"color":"rgb(31,119,180)"}]}
