{"age":[{"age_group":"<20","count":34,"tested":199},{"age_group":"20-29   ","count":111,"tested":372},{"age_group":"30-39   ","count":94,"tested":340},{"age_group":"40-49   ","count":82,"tested":324},{"age_group":"50-59   ","count":77,"tested":471},{"age_group":"60-69   ","count":47,"tested":326},{"age_group":"70-79   ","count":30,"tested":163},{"age_group":"80+","count":24,"tested":73}],"race":[{"description":"Left Blank","count":178,"tested":989,"color":"rgb(44,160,44)"},{"description":"White","count":164,"tested":1113,"color":"rgb(31,119,180)"},{"description":"Other","count":33,"tested":76,"color":"rgb(148,103,189)"},{"description":"Black","count":45,"tested":42,"color":"rgb(255,127,14)"}],"gender":[{"description":"Female","count":110,"tested":992,"color":"rgb(255,127,14)"},{"description":"Male","count":272,"tested":783,"color":"rgb(31,119,180)"},{"description":"Unknown/Left Blank","count":27,"tested":493,"color":"rgb(44,160,44)"}]}
