{"age":[{"age_group":"<20","count":198,"tested":1815},{"age_group":"20-29   ","count":179,"tested":2187},{"age_group":"30-39   ","count":187,"tested":2563},{"age_group":"40-49   ","count":178,"tested":2641},{"age_group":"50-59   ","count":179,"tested":2705},{"age_group":"60-69   ","count":133,"tested":2170},{"age_group":"70-79   ","count":66,"tested":1165},{"age_group":"80+","count":44,"tested":2009}],"race":[{"description":"Black","count":60,"tested":998,"color":"rgb(255,127,14)"},{"description":"Asian","count":37,"tested":266,"color":"rgb(140,86,75)"},{"description":"Hispanic","count":208,"tested":1982,"color":"rgb(214,39,40)"},{"description":"Left Blank","count":343,"tested":5201,"color":"rgb(44,160,44)"},{"description":"Other","count":85,"tested":718,"color":"rgb(148,103,189)"},{"description":"White","count":376,"tested":8070,"color":"rgb(31,119,180)"}],"gender":[{"description":"Female","count":531,"tested":10522,"color":"rgb(255,127,14)"},{"description":"Male","count":471,"tested":6403,"color":"rgb(31,119,180)"},{"description":"Unknown/Left Blank","count":33,"tested":338,"color":"rgb(44,160,44)"}]}
