{"age":[{"age_group":"20-29   ","count":20,"tested":73},{"age_group":"30-39   ","count":14,"tested":59},{"age_group":"40-49   ","count":13,"tested":66},{"age_group":"50-59   ","count":16,"tested":62},{"age_group":"60-69   ","count":14,"tested":75}],"race":[{"description":"Left Blank","count":25,"tested":161,"color":"rgb(44,160,44)"},{"description":"White","count":37,"tested":321,"color":"rgb(31,119,180)"}],"gender":[{"description":"Male","count":32,"tested":196,"color":"rgb(31,119,180)"},{"description":"Female","count":31,"tested":300,"color":"rgb(255,127,14)"}]}
