{"age":[{"age_group":"20-29   ","count":18,"tested":135},{"age_group":"50-59   ","count":24,"tested":114},{"age_group":"60-69   ","count":17,"tested":106}],"race":[{"description":"White","count":34,"tested":386,"color":"rgb(31,119,180)"},{"description":"Hispanic","count":16,"tested":33,"color":"rgb(214,39,40)"},{"description":"Left Blank","count":26,"tested":260,"color":"rgb(44,160,44)"}],"gender":[{"description":"Male","count":38,"tested":339,"color":"rgb(31,119,180)"},{"description":"Female","count":32,"tested":377,"color":"rgb(255,127,14)"}]}
