{"age":[{"age_group":"50-59   ","count":11,"tested":232},{"age_group":"60-69   ","count":13,"tested":394},{"age_group":"70-79   ","count":10,"tested":610}],"race":[{"description":"Left Blank","count":17,"tested":170,"color":"rgb(44,160,44)"},{"description":"White","count":12,"tested":147,"color":"rgb(31,119,180)"},{"description":"Black","count":16,"tested":247,"color":"rgb(255,127,14)"}],"gender":[{"description":"Male","count":32,"tested":1631,"color":"rgb(31,119,180)"},{"description":"Female","count":20,"tested":299,"color":"rgb(255,127,14)"}]}
