{"age":[{"age_group":"<20","count":281,"tested":1990},{"age_group":"20-29   ","count":318,"tested":2436},{"age_group":"30-39   ","count":255,"tested":1872},{"age_group":"40-49   ","count":231,"tested":1730},{"age_group":"50-59   ","count":198,"tested":1400},{"age_group":"60-69   ","count":122,"tested":1098},{"age_group":"70-79   ","count":65,"tested":701},{"age_group":"80+","count":55,"tested":423}],"race":[{"description":"Hispanic","count":474,"tested":1609,"color":"rgb(214,39,40)"},{"description":"White","count":275,"tested":2706,"color":"rgb(31,119,180)"},{"description":"Left Blank","count":404,"tested":5590,"color":"rgb(44,160,44)"},{"description":"Other","count":35,"tested":174,"color":"rgb(148,103,189)"},{"description":"Asian","count":63,"tested":143,"color":"rgb(140,86,75)"},{"description":"Black","count":237,"tested":1417,"color":"rgb(255,127,14)"}],"gender":[{"description":"Unknown/Left Blank","count":38,"tested":479,"color":"rgb(44,160,44)"},{"description":"Female","count":728,"tested":6573,"color":"rgb(255,127,14)"},{"description":"Male","count":669,"tested":4600,"color":"rgb(31,119,180)"}]}
