{"age":[{"age_group":"<20","count":768,"tested":3768},{"age_group":"20-29   ","count":1129,"tested":6671},{"age_group":"30-39   ","count":943,"tested":5396},{"age_group":"40-49   ","count":1009,"tested":4748},{"age_group":"50-59   ","count":873,"tested":4838},{"age_group":"60-69   ","count":537,"tested":3064},{"age_group":"70-79   ","count":330,"tested":1409},{"age_group":"80+","count":280,"tested":1101}],"race":[{"description":"Left Blank","count":1676,"tested":16430,"color":"rgb(44,160,44)"},{"description":"Hispanic","count":2255,"tested":6533,"color":"rgb(214,39,40)"},{"description":"Other","count":286,"tested":970,"color":"rgb(148,103,189)"},{"description":"Asian","count":256,"tested":1076,"color":"rgb(140,86,75)"},{"description":"Black","count":310,"tested":1176,"color":"rgb(255,127,14)"},{"description":"White","count":692,"tested":4799,"color":"rgb(31,119,180)"},{"description":"NH/PI*","count":206,"tested":17,"color":"rgb(127,127,127)"}],"gender":[{"description":"Female","count":2474,"tested":17984,"color":"rgb(255,127,14)"},{"description":"Male","count":2260,"tested":12579,"color":"rgb(31,119,180)"},{"description":"Unknown/Left Blank","count":210,"tested":445,"color":"rgb(44,160,44)"}]}
