{"age":[{"age_group":"<20","count":242,"tested":2121},{"age_group":"20-29   ","count":287,"tested":2420},{"age_group":"30-39   ","count":204,"tested":2190},{"age_group":"40-49   ","count":265,"tested":2019},{"age_group":"50-59   ","count":194,"tested":2135},{"age_group":"60-69   ","count":144,"tested":1763},{"age_group":"70-79   ","count":99,"tested":1267},{"age_group":"80+","count":67,"tested":808}],"race":[{"description":"Hispanic","count":355,"tested":1470,"color":"rgb(214,39,40)"},{"description":"White","count":355,"tested":4265,"color":"rgb(31,119,180)"},{"description":"Black","count":388,"tested":2944,"color":"rgb(255,127,14)"},{"description":"Left Blank","count":304,"tested":5789,"color":"rgb(44,160,44)"},{"description":"Other","count":44,"tested":202,"color":"rgb(148,103,189)"}],"gender":[{"description":"Female","count":759,"tested":8599,"color":"rgb(255,127,14)"},{"description":"Male","count":616,"tested":5491,"color":"rgb(31,119,180)"},{"description":"Unknown/Left Blank","count":42,"tested":634,"color":"rgb(44,160,44)"}]}
