{"age":[{"age_group":"<20","count":99,"tested":723},{"age_group":"20-29   ","count":120,"tested":1155},{"age_group":"30-39   ","count":104,"tested":951},{"age_group":"40-49   ","count":110,"tested":977},{"age_group":"50-59   ","count":139,"tested":1263},{"age_group":"60-69   ","count":102,"tested":1018},{"age_group":"70-79   ","count":86,"tested":709},{"age_group":"80+","count":84,"tested":865}],"race":[{"description":"Black","count":53,"tested":187,"color":"rgb(255,127,14)"},{"description":"Other","count":48,"tested":110,"color":"rgb(148,103,189)"},{"description":"Left Blank","count":235,"tested":4596,"color":"rgb(44,160,44)"},{"description":"White","count":310,"tested":2541,"color":"rgb(31,119,180)"},{"description":"Hispanic","count":70,"tested":198,"color":"rgb(214,39,40)"}],"gender":[{"description":"Female","count":339,"tested":4982,"color":"rgb(255,127,14)"},{"description":"Male","count":249,"tested":2476,"color":"rgb(31,119,180)"}]}
