{"age":[{"age_group":"<20","count":425,"tested":4742},{"age_group":"20-29   ","count":434,"tested":5677},{"age_group":"30-39   ","count":310,"tested":5917},{"age_group":"40-49   ","count":405,"tested":5694},{"age_group":"50-59   ","count":435,"tested":6689},{"age_group":"60-69   ","count":338,"tested":5611},{"age_group":"70-79   ","count":162,"tested":3306},{"age_group":"80+","count":234,"tested":4405}],"race":[{"description":"Other","count":129,"tested":1250,"color":"rgb(148,103,189)"},{"description":"Left Blank","count":938,"tested":23274,"color":"rgb(44,160,44)"},{"description":"Black","count":16,"tested":186,"color":"rgb(255,127,14)"},{"description":"Asian","count":73,"tested":783,"color":"rgb(140,86,75)"},{"description":"White","count":1456,"tested":15441,"color":"rgb(31,119,180)"},{"description":"Hispanic","count":122,"tested":1068,"color":"rgb(214,39,40)"},{"description":"NH/PI*","count":6,"tested":42,"color":"rgb(127,127,127)"}],"gender":[{"description":"Male","count":1288,"tested":17114,"color":"rgb(31,119,180)"},{"description":"Unknown/Left Blank","count":27,"tested":504,"color":"rgb(44,160,44)"},{"description":"Female","count":1428,"tested":24441,"color":"rgb(255,127,14)"}]}
