{"age":[{"age_group":"<20","count":604,"tested":6863},{"age_group":"20-29   ","count":554,"tested":7191},{"age_group":"30-39   ","count":436,"tested":7236},{"age_group":"40-49   ","count":476,"tested":6707},{"age_group":"50-59   ","count":490,"tested":7656},{"age_group":"60-69   ","count":364,"tested":6439},{"age_group":"70-79   ","count":191,"tested":3699},{"age_group":"80+","count":167,"tested":5248}],"race":[{"description":"Black","count":43,"tested":1061,"color":"rgb(255,127,14)"},{"description":"Asian","count":127,"tested":1888,"color":"rgb(140,86,75)"},{"description":"White","count":1896,"tested":25431,"color":"rgb(31,119,180)"},{"description":"Other","count":123,"tested":1207,"color":"rgb(148,103,189)"},{"description":"Left Blank","count":778,"tested":19109,"color":"rgb(44,160,44)"},{"description":"AI/AN**","count":6,"tested":14,"color":"rgb(31,119,180)"},{"description":"Hispanic","count":307,"tested":2436,"color":"rgb(214,39,40)"}],"gender":[{"description":"Female","count":1643,"tested":27920,"color":"rgb(255,127,14)"},{"description":"Male","count":1602,"tested":21432,"color":"rgb(31,119,180)"},{"description":"Unknown/Left Blank","count":37,"tested":1853,"color":"rgb(44,160,44)"}]}
