{"age":[{"age_group":"<20","count":624,"tested":4509},{"age_group":"20-29   ","count":818,"tested":7535},{"age_group":"30-39   ","count":767,"tested":7474},{"age_group":"40-49   ","count":790,"tested":7386},{"age_group":"50-59   ","count":708,"tested":7406},{"age_group":"60-69   ","count":518,"tested":6858},{"age_group":"70-79   ","count":270,"tested":3846},{"age_group":"80+","count":146,"tested":2187}],"race":[{"description":"Hispanic","count":1796,"tested":11013,"color":"rgb(214,39,40)"},{"description":"NH/PI*","count":8,"tested":78,"color":"rgb(127,127,127)"},{"description":"Left Blank","count":782,"tested":17201,"color":"rgb(44,160,44)"},{"description":"Other","count":214,"tested":2101,"color":"rgb(148,103,189)"},{"description":"Asian","count":87,"tested":690,"color":"rgb(140,86,75)"},{"description":"Black","count":283,"tested":2695,"color":"rgb(255,127,14)"},{"description":"White","count":1469,"tested":13410,"color":"rgb(31,119,180)"}],"gender":[{"description":"Female","count":2418,"tested":26691,"color":"rgb(255,127,14)"},{"description":"Male","count":2199,"tested":19598,"color":"rgb(31,119,180)"},{"description":"Unknown/Left Blank","count":24,"tested":924,"color":"rgb(44,160,44)"}]}
