{"age":[{"age_group":"<20","count":281,"tested":2378},{"age_group":"20-29   ","count":384,"tested":3141},{"age_group":"30-39   ","count":313,"tested":3113},{"age_group":"40-49   ","count":353,"tested":2994},{"age_group":"50-59   ","count":356,"tested":3313},{"age_group":"60-69   ","count":229,"tested":2764},{"age_group":"70-79   ","count":89,"tested":1261},{"age_group":"80+","count":39,"tested":626}],"race":[{"description":"Asian","count":103,"tested":757,"color":"rgb(140,86,75)"},{"description":"Hispanic","count":227,"tested":888,"color":"rgb(214,39,40)"},{"description":"Black","count":25,"tested":272,"color":"rgb(255,127,14)"},{"description":"Other","count":64,"tested":482,"color":"rgb(148,103,189)"},{"description":"Left Blank","count":637,"tested":11365,"color":"rgb(44,160,44)"},{"description":"White","count":983,"tested":5784,"color":"rgb(31,119,180)"}],"gender":[{"description":"Female","count":1056,"tested":10951,"color":"rgb(255,127,14)"},{"description":"Male","count":976,"tested":8132,"color":"rgb(31,119,180)"},{"description":"Unknown/Left Blank","count":12,"tested":520,"color":"rgb(44,160,44)"}]}
