{"age":[{"age_group":"<20","count":152,"tested":978},{"age_group":"20-29   ","count":274,"tested":1897},{"age_group":"30-39   ","count":248,"tested":1732},{"age_group":"40-49   ","count":180,"tested":1410},{"age_group":"50-59   ","count":241,"tested":1667},{"age_group":"60-69   ","count":167,"tested":1622},{"age_group":"70-79   ","count":77,"tested":1082},{"age_group":"80+","count":68,"tested":1465}],"race":[{"description":"Other","count":49,"tested":336,"color":"rgb(148,103,189)"},{"description":"Black","count":23,"tested":158,"color":"rgb(255,127,14)"},{"description":"Asian","count":52,"tested":233,"color":"rgb(140,86,75)"},{"description":"White","count":583,"tested":3309,"color":"rgb(31,119,180)"},{"description":"Left Blank","count":317,"tested":6631,"color":"rgb(44,160,44)"},{"description":"Hispanic","count":381,"tested":1181,"color":"rgb(214,39,40)"}],"gender":[{"description":"Female","count":712,"tested":6556,"color":"rgb(255,127,14)"},{"description":"Male","count":693,"tested":5166,"color":"rgb(31,119,180)"}]}
