{"age":[{"age_group":"<20","count":15,"tested":150},{"age_group":"20-29   ","count":9,"tested":91},{"age_group":"40-49   ","count":16,"tested":105},{"age_group":"50-59   ","count":9,"tested":103},{"age_group":"60-69   ","count":14,"tested":152},{"age_group":"70-79   ","count":7,"tested":83}],"race":[{"description":"Left Blank","count":21,"tested":270,"color":"rgb(44,160,44)"},{"description":"White","count":33,"tested":432,"color":"rgb(31,119,180)"},{"description":"Hispanic","count":18,"tested":79,"color":"rgb(214,39,40)"}],"gender":[{"description":"Male","count":39,"tested":359,"color":"rgb(31,119,180)"},{"description":"Female","count":36,"tested":446,"color":"rgb(255,127,14)"}]}
