{"age":[{"age_group":"<20","count":149,"tested":1323},{"age_group":"20-29   ","count":203,"tested":2221},{"age_group":"30-39   ","count":222,"tested":2479},{"age_group":"40-49   ","count":219,"tested":2256},{"age_group":"50-59   ","count":192,"tested":2543},{"age_group":"60-69   ","count":137,"tested":1969},{"age_group":"70-79   ","count":69,"tested":1680},{"age_group":"80+","count":88,"tested":6501}],"race":[{"description":"White","count":345,"tested":3089,"color":"rgb(31,119,180)"},{"description":"Left Blank","count":523,"tested":15263,"color":"rgb(44,160,44)"},{"description":"Other","count":42,"tested":359,"color":"rgb(148,103,189)"},{"description":"Black","count":37,"tested":363,"color":"rgb(255,127,14)"},{"description":"Asian","count":138,"tested":1132,"color":"rgb(140,86,75)"},{"description":"Hispanic","count":189,"tested":753,"color":"rgb(214,39,40)"}],"gender":[{"description":"Female","count":700,"tested":12989,"color":"rgb(255,127,14)"},{"description":"Male","count":573,"tested":7510,"color":"rgb(31,119,180)"}]}
