{"age":[{"age_group":"<20","count":435,"tested":4700},{"age_group":"20-29   ","count":311,"tested":3754},{"age_group":"30-39   ","count":244,"tested":3417},{"age_group":"40-49   ","count":298,"tested":3318},{"age_group":"50-59   ","count":364,"tested":4618},{"age_group":"60-69   ","count":202,"tested":3056},{"age_group":"70-79   ","count":106,"tested":1794},{"age_group":"80+","count":96,"tested":2677}],"race":[{"description":"Black","count":10,"tested":181,"color":"rgb(255,127,14)"},{"description":"White","count":1212,"tested":13049,"color":"rgb(31,119,180)"},{"description":"Asian","count":33,"tested":345,"color":"rgb(140,86,75)"},{"description":"Other","count":37,"tested":461,"color":"rgb(148,103,189)"},{"description":"Hispanic","count":122,"tested":771,"color":"rgb(214,39,40)"},{"description":"Left Blank","count":645,"tested":12520,"color":"rgb(44,160,44)"}],"gender":[{"description":"Unknown/Left Blank","count":12,"tested":238,"color":"rgb(44,160,44)"},{"description":"Female","count":1050,"tested":15890,"color":"rgb(255,127,14)"},{"description":"Male","count":999,"tested":11210,"color":"rgb(31,119,180)"}]}
