{"age":[{"age_group":"<20","count":313,"tested":2091},{"age_group":"20-29   ","count":405,"tested":3423},{"age_group":"30-39   ","count":427,"tested":3206},{"age_group":"40-49   ","count":383,"tested":3109},{"age_group":"50-59   ","count":306,"tested":2814},{"age_group":"60-69   ","count":190,"tested":2278},{"age_group":"70-79   ","count":110,"tested":1371},{"age_group":"80+","count":51,"tested":673}],"race":[{"description":"Hispanic","count":537,"tested":2506,"color":"rgb(214,39,40)"},{"description":"Left Blank","count":538,"tested":6156,"color":"rgb(44,160,44)"},{"description":"White","count":144,"tested":1145,"color":"rgb(31,119,180)"},{"description":"Other","count":105,"tested":1005,"color":"rgb(148,103,189)"},{"description":"Black","count":857,"tested":8054,"color":"rgb(255,127,14)"}],"gender":[{"description":"Male","count":990,"tested":7914,"color":"rgb(31,119,180)"},{"description":"Unknown/Left Blank","count":41,"tested":415,"color":"rgb(44,160,44)"},{"description":"Female","count":1154,"tested":10642,"color":"rgb(255,127,14)"}]}
