{"age":[{"age_group":"<20","count":87,"tested":705},{"age_group":"20-29   ","count":105,"tested":922},{"age_group":"30-39   ","count":100,"tested":718},{"age_group":"40-49   ","count":100,"tested":785},{"age_group":"50-59   ","count":150,"tested":1254},{"age_group":"60-69   ","count":93,"tested":791},{"age_group":"70-79   ","count":39,"tested":511},{"age_group":"80+","count":14,"tested":167}],"race":[{"description":"Hispanic","count":23,"tested":163,"color":"rgb(214,39,40)"},{"description":"White","count":373,"tested":3176,"color":"rgb(31,119,180)"},{"description":"Other","count":37,"tested":213,"color":"rgb(148,103,189)"},{"description":"Left Blank","count":252,"tested":2222,"color":"rgb(44,160,44)"}],"gender":[{"description":"Male","count":336,"tested":2637,"color":"rgb(31,119,180)"},{"description":"Female","count":348,"tested":3193,"color":"rgb(255,127,14)"}]}
