{"age":[{"age_group":"<20","count":104,"tested":2135},{"age_group":"20-29   ","count":1214,"tested":18519},{"age_group":"30-39   ","count":583,"tested":11283},{"age_group":"40-49   ","count":214,"tested":3839},{"age_group":"50-59   ","count":202,"tested":4272},{"age_group":"60-69   ","count":166,"tested":4334},{"age_group":"70-79   ","count":144,"tested":4079},{"age_group":"80+","count":81,"tested":2969}],"race":[{"description":"Hispanic","count":133,"tested":827,"color":"rgb(214,39,40)"},{"description":"Asian","count":59,"tested":1324,"color":"rgb(140,86,75)"},{"description":"Left Blank","count":883,"tested":26370,"color":"rgb(44,160,44)"},{"description":"White","count":1179,"tested":17278,"color":"rgb(31,119,180)"},{"description":"Other","count":120,"tested":1758,"color":"rgb(148,103,189)"},{"description":"Black","count":332,"tested":3819,"color":"rgb(255,127,14)"}],"gender":[{"description":"Unknown/Left Blank","count":98,"tested":881,"color":"rgb(44,160,44)"},{"description":"Male","count":1201,"tested":21410,"color":"rgb(31,119,180)"},{"description":"Female","count":1409,"tested":29145,"color":"rgb(255,127,14)"}]}
