{"age":[{"age_group":"<20","count":180,"tested":1962},{"age_group":"20-29   ","count":146,"tested":2873},{"age_group":"30-39   ","count":111,"tested":2412},{"age_group":"40-49   ","count":149,"tested":2642},{"age_group":"50-59   ","count":138,"tested":2997},{"age_group":"60-69   ","count":94,"tested":2916},{"age_group":"70-79   ","count":38,"tested":2063},{"age_group":"80+","count":70,"tested":3760}],"race":[{"description":"White","count":438,"tested":6763,"color":"rgb(31,119,180)"},{"description":"Hispanic","count":75,"tested":811,"color":"rgb(214,39,40)"},{"description":"Black","count":26,"tested":756,"color":"rgb(255,127,14)"},{"description":"Other","count":42,"tested":435,"color":"rgb(148,103,189)"},{"description":"Left Blank","count":340,"tested":12660,"color":"rgb(44,160,44)"}],"gender":[{"description":"Unknown/Left Blank","count":11,"tested":430,"color":"rgb(44,160,44)"},{"description":"Male","count":441,"tested":8117,"color":"rgb(31,119,180)"},{"description":"Female","count":474,"tested":13084,"color":"rgb(255,127,14)"}]}
