{"age":[{"age_group":"<20","count":140,"tested":1333},{"age_group":"20-29   ","count":174,"tested":2194},{"age_group":"30-39   ","count":141,"tested":2528},{"age_group":"40-49   ","count":160,"tested":2530},{"age_group":"50-59   ","count":191,"tested":2963},{"age_group":"60-69   ","count":204,"tested":3145},{"age_group":"70-79   ","count":174,"tested":2330},{"age_group":"80+","count":197,"tested":2396}],"race":[{"description":"Hispanic","count":34,"tested":472,"color":"rgb(214,39,40)"},{"description":"Black","count":45,"tested":1842,"color":"rgb(255,127,14)"},{"description":"Other","count":35,"tested":391,"color":"rgb(148,103,189)"},{"description":"White","count":605,"tested":6807,"color":"rgb(31,119,180)"},{"description":"Asian","count":14,"tested":590,"color":"rgb(140,86,75)"},{"description":"Left Blank","count":648,"tested":9311,"color":"rgb(44,160,44)"}],"gender":[{"description":"Unknown/Left Blank","count":16,"tested":298,"color":"rgb(44,160,44)"},{"description":"Male","count":618,"tested":6654,"color":"rgb(31,119,180)"},{"description":"Female","count":747,"tested":12470,"color":"rgb(255,127,14)"}]}
