{"age":[{"age_group":"<20","count":774,"tested":4534},{"age_group":"20-29   ","count":841,"tested":6809},{"age_group":"30-39   ","count":766,"tested":6023},{"age_group":"40-49   ","count":834,"tested":6055},{"age_group":"50-59   ","count":679,"tested":6000},{"age_group":"60-69   ","count":409,"tested":4552},{"age_group":"70-79   ","count":186,"tested":1797},{"age_group":"80+","count":149,"tested":1311}],"race":[{"description":"Hispanic","count":1912,"tested":8321,"color":"rgb(214,39,40)"},{"description":"Asian","count":7,"tested":121,"color":"rgb(140,86,75)"},{"description":"Black","count":886,"tested":8553,"color":"rgb(255,127,14)"},{"description":"White","count":275,"tested":2680,"color":"rgb(31,119,180)"},{"description":"Other","count":146,"tested":1214,"color":"rgb(148,103,189)"},{"description":"Left Blank","count":1403,"tested":16078,"color":"rgb(44,160,44)"},{"description":"AI/AN**","count":10,"tested":24,"color":"rgb(31,119,180)"}],"gender":[{"description":"Female","count":2421,"tested":21251,"color":"rgb(255,127,14)"},{"description":"Male","count":2165,"tested":15039,"color":"rgb(31,119,180)"},{"description":"Unknown/Left Blank","count":53,"tested":805,"color":"rgb(44,160,44)"}]}
