{"age":[{"age_group":"<20","count":264,"tested":1984},{"age_group":"20-29   ","count":262,"tested":2263},{"age_group":"30-39   ","count":313,"tested":3007},{"age_group":"40-49   ","count":285,"tested":2369},{"age_group":"50-59   ","count":221,"tested":2188},{"age_group":"60-69   ","count":147,"tested":1641},{"age_group":"70-79   ","count":54,"tested":900},{"age_group":"80+","count":26,"tested":342}],"race":[{"description":"White","count":702,"tested":6041,"color":"rgb(31,119,180)"},{"description":"Asian","count":61,"tested":508,"color":"rgb(140,86,75)"},{"description":"Hispanic","count":210,"tested":1062,"color":"rgb(214,39,40)"},{"description":"Black","count":41,"tested":307,"color":"rgb(255,127,14)"},{"description":"Left Blank","count":524,"tested":6511,"color":"rgb(44,160,44)"},{"description":"Other","count":30,"tested":238,"color":"rgb(148,103,189)"}],"gender":[{"description":"Female","count":802,"tested":8245,"color":"rgb(255,127,14)"},{"description":"Male","count":761,"tested":6303,"color":"rgb(31,119,180)"}]}
