{"age":[{"age_group":"<20","count":39,"tested":322},{"age_group":"20-29   ","count":31,"tested":349},{"age_group":"30-39   ","count":39,"tested":312},{"age_group":"40-49   ","count":32,"tested":278},{"age_group":"50-59   ","count":59,"tested":307},{"age_group":"60-69   ","count":25,"tested":248},{"age_group":"70-79   ","count":14,"tested":91},{"age_group":"80+","count":11,"tested":67}],"race":[{"description":"Left Blank","count":112,"tested":827,"color":"rgb(44,160,44)"},{"description":"White","count":132,"tested":1096,"color":"rgb(31,119,180)"}],"gender":[{"description":"Female","count":137,"tested":1165,"color":"rgb(255,127,14)"},{"description":"Male","count":113,"tested":777,"color":"rgb(31,119,180)"}]}
