{"age":[{"age_group":"<20","count":18,"tested":236},{"age_group":"20-29   ","count":17,"tested":185},{"age_group":"30-39   ","count":18,"tested":228},{"age_group":"40-49   ","count":23,"tested":145},{"age_group":"50-59   ","count":18,"tested":226},{"age_group":"60-69   ","count":16,"tested":179},{"age_group":"70-79   ","count":16,"tested":95},{"age_group":"80+","count":11,"tested":49}],"race":[{"description":"Left Blank","count":42,"tested":401,"color":"rgb(44,160,44)"},{"description":"White","count":93,"tested":915,"color":"rgb(31,119,180)"}],"gender":[{"description":"Female","count":71,"tested":878,"color":"rgb(255,127,14)"},{"description":"Male","count":65,"tested":431,"color":"rgb(31,119,180)"}]}
