{"age":[{"age_group":"<20","count":63,"tested":685},{"age_group":"20-29   ","count":81,"tested":875},{"age_group":"30-39   ","count":66,"tested":892},{"age_group":"40-49   ","count":65,"tested":825},{"age_group":"50-59   ","count":86,"tested":1008},{"age_group":"60-69   ","count":70,"tested":872},{"age_group":"70-79   ","count":68,"tested":646},{"age_group":"80+","count":53,"tested":732}],"race":[{"description":"Left Blank","count":41,"tested":888,"color":"rgb(44,160,44)"},{"description":"Other","count":8,"tested":95,"color":"rgb(148,103,189)"},{"description":"White","count":467,"tested":5299,"color":"rgb(31,119,180)"},{"description":"Hispanic","count":27,"tested":136,"color":"rgb(214,39,40)"},{"description":"Black","count":8,"tested":100,"color":"rgb(255,127,14)"}],"gender":[{"description":"Female","count":310,"tested":4048,"color":"rgb(255,127,14)"},{"description":"Male","count":229,"tested":2399,"color":"rgb(31,119,180)"},{"description":"Unknown/Left Blank","count":13,"tested":91,"color":"rgb(44,160,44)"}]}
