{"age":[{"age_group":"<20","count":1410,"tested":9149},{"age_group":"20-29   ","count":1762,"tested":15565},{"age_group":"30-39   ","count":1423,"tested":11841},{"age_group":"40-49   ","count":1549,"tested":11657},{"age_group":"50-59   ","count":1372,"tested":13814},{"age_group":"60-69   ","count":788,"tested":9686},{"age_group":"70-79   ","count":266,"tested":3920},{"age_group":"80+","count":147,"tested":1751}],"race":[{"description":"Left Blank","count":1719,"tested":32038,"color":"rgb(44,160,44)"},{"description":"AI/AN**","count":7,"tested":60,"color":"rgb(31,119,180)"},{"description":"Hispanic","count":5331,"tested":24211,"color":"rgb(214,39,40)"},{"description":"Other","count":217,"tested":2088,"color":"rgb(148,103,189)"},{"description":"NH/PI*","count":9,"tested":171,"color":"rgb(127,127,127)"},{"description":"White","count":648,"tested":9513,"color":"rgb(31,119,180)"},{"description":"Black","count":696,"tested":7789,"color":"rgb(255,127,14)"},{"description":"Asian","count":93,"tested":1522,"color":"rgb(140,86,75)"}],"gender":[{"description":"Female","count":4489,"tested":41314,"color":"rgb(255,127,14)"},{"description":"Male","count":4116,"tested":34870,"color":"rgb(31,119,180)"},{"description":"Unknown/Left Blank","count":115,"tested":1208,"color":"rgb(44,160,44)"}]}
