{"age":[{"age_group":"<20","count":344,"tested":3877},{"age_group":"20-29   ","count":259,"tested":3167},{"age_group":"30-39   ","count":212,"tested":3117},{"age_group":"40-49   ","count":241,"tested":2947},{"age_group":"50-59   ","count":288,"tested":3331},{"age_group":"60-69   ","count":196,"tested":3267},{"age_group":"70-79   ","count":86,"tested":1983},{"age_group":"80+","count":95,"tested":2981}],"race":[{"description":"Black","count":39,"tested":417,"color":"rgb(255,127,14)"},{"description":"Hispanic","count":110,"tested":446,"color":"rgb(214,39,40)"},{"description":"Asian","count":34,"tested":575,"color":"rgb(140,86,75)"},{"description":"White","count":1055,"tested":11639,"color":"rgb(31,119,180)"},{"description":"Left Blank","count":448,"tested":10815,"color":"rgb(44,160,44)"},{"description":"Other","count":34,"tested":762,"color":"rgb(148,103,189)"}],"gender":[{"description":"Female","count":875,"tested":14120,"color":"rgb(255,127,14)"},{"description":"Male","count":834,"tested":10088,"color":"rgb(31,119,180)"},{"description":"Unknown/Left Blank","count":12,"tested":467,"color":"rgb(44,160,44)"}]}
