{"age":[{"age_group":"<20","count":194,"tested":1741},{"age_group":"20-29   ","count":273,"tested":3010},{"age_group":"30-39   ","count":276,"tested":3268},{"age_group":"40-49   ","count":244,"tested":2756},{"age_group":"50-59   ","count":241,"tested":3172},{"age_group":"60-69   ","count":181,"tested":2536},{"age_group":"70-79   ","count":73,"tested":1109},{"age_group":"80+","count":38,"tested":398}],"race":[{"description":"Black","count":861,"tested":9471,"color":"rgb(255,127,14)"},{"description":"Hispanic","count":62,"tested":226,"color":"rgb(214,39,40)"},{"description":"White","count":28,"tested":271,"color":"rgb(31,119,180)"},{"description":"Other","count":26,"tested":270,"color":"rgb(148,103,189)"},{"description":"Left Blank","count":538,"tested":7725,"color":"rgb(44,160,44)"}],"gender":[{"description":"Female","count":895,"tested":11211,"color":"rgb(255,127,14)"},{"description":"Unknown/Left Blank","count":36,"tested":335,"color":"rgb(44,160,44)"},{"description":"Male","count":589,"tested":6450,"color":"rgb(31,119,180)"}]}
