{"age":[{"age_group":"<20","count":195,"tested":1791},{"age_group":"20-29   ","count":179,"tested":1276},{"age_group":"30-39   ","count":173,"tested":1262},{"age_group":"40-49   ","count":164,"tested":1161},{"age_group":"50-59   ","count":140,"tested":1101},{"age_group":"60-69   ","count":85,"tested":788},{"age_group":"70-79   ","count":63,"tested":362},{"age_group":"80+","count":28,"tested":207}],"race":[{"description":"Left Blank","count":179,"tested":2952,"color":"rgb(44,160,44)"},{"description":"White","count":630,"tested":4052,"color":"rgb(31,119,180)"},{"description":"Hispanic","count":137,"tested":376,"color":"rgb(214,39,40)"},{"description":"Other","count":36,"tested":287,"color":"rgb(148,103,189)"},{"description":"Black","count":31,"tested":191,"color":"rgb(255,127,14)"},{"description":"Asian","count":16,"tested":76,"color":"rgb(140,86,75)"}],"gender":[{"description":"Unknown/Left Blank","count":8,"tested":77,"color":"rgb(44,160,44)"},{"description":"Male","count":470,"tested":3323,"color":"rgb(31,119,180)"},{"description":"Female","count":552,"tested":4548,"color":"rgb(255,127,14)"}]}
