{"age":[{"age_group":"<20","count":198,"tested":1645},{"age_group":"20-29   ","count":302,"tested":3173},{"age_group":"30-39   ","count":309,"tested":3604},{"age_group":"40-49   ","count":293,"tested":4108},{"age_group":"50-59   ","count":375,"tested":5691},{"age_group":"60-69   ","count":244,"tested":3747},{"age_group":"70-79   ","count":98,"tested":1900},{"age_group":"80+","count":33,"tested":923}],"race":[{"description":"Other","count":43,"tested":430,"color":"rgb(148,103,189)"},{"description":"Left Blank","count":578,"tested":9147,"color":"rgb(44,160,44)"},{"description":"Hispanic","count":98,"tested":724,"color":"rgb(214,39,40)"},{"description":"White","count":313,"tested":4544,"color":"rgb(31,119,180)"},{"description":"Black","count":810,"tested":9827,"color":"rgb(255,127,14)"}],"gender":[{"description":"Female","count":1018,"tested":13873,"color":"rgb(255,127,14)"},{"description":"Male","count":809,"tested":10306,"color":"rgb(31,119,180)"},{"description":"Unknown/Left Blank","count":25,"tested":632,"color":"rgb(44,160,44)"}]}
