{"lastUpdatedDate":{"year":2021,"month":9,"day":21},"county_demographics":[{"County":"Edwards","confirmed_cases":958,"total_tested":6837,"demographics":{"age":[{"race":[],"age_group":"<20","count":166,"tested":1268,"deaths":0},{"race":[],"age_group":"20-29   ","count":113,"tested":954,"deaths":0},{"race":[],"age_group":"30-39   ","count":131,"tested":902,"deaths":0},{"race":[],"age_group":"40-49   ","count":144,"tested":1062,"deaths":0},{"race":[],"age_group":"50-59   ","count":159,"tested":1084,"deaths":0},{"race":[],"age_group":"60-69   ","count":123,"tested":829,"deaths":0},{"race":[],"age_group":"70-79   ","count":84,"tested":465,"deaths":0},{"race":[],"age_group":"80+","count":33,"tested":272,"deaths":0},{"race":[],"age_group":"Unknown","count":0,"tested":0,"deaths":0}],"race":[{"description":"Asian","count":0,"tested":8,"deaths":0,"color":"rgb(140,86,75)"},{"description":"Black","count":0,"tested":12,"deaths":0,"color":"rgb(255,127,14)"},{"description":"Hispanic","count":0,"tested":12,"deaths":0,"color":"rgb(214,39,40)"},{"description":"Left Blank","count":86,"tested":1618,"deaths":0,"color":"rgb(44,160,44)"},{"description":"NH/PI*","count":0,"tested":0,"deaths":0,"color":"rgb(127,127,127)"},{"description":"Other","count":0,"tested":16,"deaths":0,"color":"rgb(148,103,189)"},{"description":"White","count":864,"tested":5170,"deaths":0,"color":"rgb(31,119,180)"}],"gender":[{"description":"Female","count":512,"tested":4358,"deaths":0,"color":"rgb(255,127,14)"},{"description":"Male","count":439,"tested":2253,"deaths":0,"color":"rgb(31,119,180)"},{"description":"Unknown/Left Blank","count":7,"tested":226,"deaths":0,"color":"rgb(44,160,44)"}]}}]}
