{"lastUpdatedDate":{"year":2021,"month":9,"day":21},"county_demographics":[{"County":"White","confirmed_cases":2656,"total_tested":33225,"demographics":{"age":[{"race":[],"age_group":"<20","count":493,"tested":3855,"deaths":0},{"race":[],"age_group":"20-29   ","count":339,"tested":4455,"deaths":0},{"race":[],"age_group":"30-39   ","count":332,"tested":4491,"deaths":0},{"race":[],"age_group":"40-49   ","count":362,"tested":4136,"deaths":0},{"race":[],"age_group":"50-59   ","count":373,"tested":4100,"deaths":0},{"race":[],"age_group":"60-69   ","count":336,"tested":3910,"deaths":0},{"race":[],"age_group":"70-79   ","count":208,"tested":2714,"deaths":0},{"race":[],"age_group":"80+","count":213,"tested":5555,"deaths":0},{"race":[],"age_group":"Unknown","count":0,"tested":9,"deaths":0}],"race":[{"description":"AI/AN**","count":0,"tested":0,"deaths":0,"color":"rgb(31,119,180)"},{"description":"Asian","count":0,"tested":29,"deaths":0,"color":"rgb(140,86,75)"},{"description":"Black","count":0,"tested":72,"deaths":0,"color":"rgb(255,127,14)"},{"description":"Hispanic","count":13,"tested":66,"deaths":0,"color":"rgb(214,39,40)"},{"description":"Left Blank","count":922,"tested":21385,"deaths":0,"color":"rgb(44,160,44)"},{"description":"NH/PI*","count":0,"tested":0,"deaths":0,"color":"rgb(127,127,127)"},{"description":"Other","count":9,"tested":71,"deaths":0,"color":"rgb(148,103,189)"},{"description":"White","count":1703,"tested":11595,"deaths":0,"color":"rgb(31,119,180)"}],"gender":[{"description":"Female","count":1393,"tested":23876,"deaths":0,"color":"rgb(255,127,14)"},{"description":"Male","count":1040,"tested":8026,"deaths":0,"color":"rgb(31,119,180)"},{"description":"Unknown/Left Blank","count":223,"tested":1323,"deaths":0,"color":"rgb(44,160,44)"}]}}]}
