{"lastUpdatedDate":{"year":2021,"month":9,"day":21},"county_demographics":[{"County":"Macon","confirmed_cases":14412,"total_tested":250821,"demographics":{"age":[{"race":[],"age_group":"<20","count":2687,"tested":34025,"deaths":0},{"race":[],"age_group":"20-29   ","count":2280,"tested":43058,"deaths":0},{"race":[],"age_group":"30-39   ","count":2203,"tested":37980,"deaths":0},{"race":[],"age_group":"40-49   ","count":2048,"tested":34759,"deaths":0},{"race":[],"age_group":"50-59   ","count":1855,"tested":32850,"deaths":0},{"race":[],"age_group":"60-69   ","count":1582,"tested":27715,"deaths":0},{"race":[],"age_group":"70-79   ","count":1021,"tested":18500,"deaths":0},{"race":[],"age_group":"80+","count":735,"tested":21157,"deaths":0},{"race":[],"age_group":"Unknown","count":0,"tested":777,"deaths":0}],"race":[{"description":"AI/AN**","count":13,"tested":193,"deaths":0,"color":"rgb(31,119,180)"},{"description":"Asian","count":99,"tested":1242,"deaths":0,"color":"rgb(140,86,75)"},{"description":"Black","count":2890,"tested":25044,"deaths":0,"color":"rgb(255,127,14)"},{"description":"Hispanic","count":306,"tested":2391,"deaths":0,"color":"rgb(214,39,40)"},{"description":"Left Blank","count":1361,"tested":126184,"deaths":0,"color":"rgb(44,160,44)"},{"description":"NH/PI*","count":9,"tested":156,"deaths":0,"color":"rgb(127,127,127)"},{"description":"Other","count":246,"tested":3740,"deaths":0,"color":"rgb(148,103,189)"},{"description":"White","count":9483,"tested":91871,"deaths":0,"color":"rgb(31,119,180)"}],"gender":[{"description":"Female","count":7892,"tested":143784,"deaths":0,"color":"rgb(255,127,14)"},{"description":"Male","count":6439,"tested":90132,"deaths":0,"color":"rgb(31,119,180)"},{"description":"Unknown/Left Blank","count":77,"tested":16905,"deaths":0,"color":"rgb(44,160,44)"}]}}]}
