{"lastUpdatedDate":{"year":2021,"month":9,"day":21},"county_demographics":[{"County":"Clay","confirmed_cases":2388,"total_tested":25059,"demographics":{"age":[{"race":[],"age_group":"<20","count":520,"tested":5435,"deaths":0},{"race":[],"age_group":"20-29   ","count":305,"tested":3547,"deaths":0},{"race":[],"age_group":"30-39   ","count":339,"tested":3293,"deaths":0},{"race":[],"age_group":"40-49   ","count":329,"tested":2975,"deaths":0},{"race":[],"age_group":"50-59   ","count":323,"tested":3277,"deaths":0},{"race":[],"age_group":"60-69   ","count":260,"tested":2830,"deaths":0},{"race":[],"age_group":"70-79   ","count":201,"tested":2045,"deaths":0},{"race":[],"age_group":"80+","count":111,"tested":1652,"deaths":0},{"race":[],"age_group":"Unknown","count":0,"tested":0,"deaths":0}],"race":[{"description":"AI/AN**","count":0,"tested":32,"deaths":0,"color":"rgb(31,119,180)"},{"description":"Asian","count":0,"tested":61,"deaths":0,"color":"rgb(140,86,75)"},{"description":"Black","count":16,"tested":73,"deaths":0,"color":"rgb(255,127,14)"},{"description":"Hispanic","count":26,"tested":158,"deaths":0,"color":"rgb(214,39,40)"},{"description":"Left Blank","count":89,"tested":5238,"deaths":0,"color":"rgb(44,160,44)"},{"description":"NH/PI*","count":0,"tested":0,"deaths":0,"color":"rgb(127,127,127)"},{"description":"Other","count":17,"tested":324,"deaths":0,"color":"rgb(148,103,189)"},{"description":"White","count":2231,"tested":19170,"deaths":0,"color":"rgb(31,119,180)"}],"gender":[{"description":"Female","count":1302,"tested":14397,"deaths":0,"color":"rgb(255,127,14)"},{"description":"Male","count":1079,"tested":9752,"deaths":0,"color":"rgb(31,119,180)"},{"description":"Unknown/Left Blank","count":0,"tested":910,"deaths":0,"color":"rgb(44,160,44)"}]}}]}
