{"lastUpdatedDate":{"year":2021,"month":9,"day":21},"county_demographics":[{"County":"Pike","confirmed_cases":2553,"total_tested":32086,"demographics":{"age":[{"race":[],"age_group":"<20","count":437,"tested":4508,"deaths":0},{"race":[],"age_group":"20-29   ","count":348,"tested":5076,"deaths":0},{"race":[],"age_group":"30-39   ","count":367,"tested":4948,"deaths":0},{"race":[],"age_group":"40-49   ","count":315,"tested":4455,"deaths":0},{"race":[],"age_group":"50-59   ","count":374,"tested":4346,"deaths":0},{"race":[],"age_group":"60-69   ","count":328,"tested":3233,"deaths":0},{"race":[],"age_group":"70-79   ","count":195,"tested":2154,"deaths":0},{"race":[],"age_group":"80+","count":188,"tested":3364,"deaths":0},{"race":[],"age_group":"Unknown","count":0,"tested":0,"deaths":0}],"race":[{"description":"AI/AN**","count":0,"tested":0,"deaths":0,"color":"rgb(31,119,180)"},{"description":"Asian","count":0,"tested":16,"deaths":0,"color":"rgb(140,86,75)"},{"description":"Black","count":6,"tested":61,"deaths":0,"color":"rgb(255,127,14)"},{"description":"Hispanic","count":24,"tested":106,"deaths":0,"color":"rgb(214,39,40)"},{"description":"Left Blank","count":472,"tested":18578,"deaths":0,"color":"rgb(44,160,44)"},{"description":"NH/PI*","count":0,"tested":23,"deaths":0,"color":"rgb(127,127,127)"},{"description":"Other","count":0,"tested":773,"deaths":0,"color":"rgb(148,103,189)"},{"description":"White","count":2043,"tested":12526,"deaths":0,"color":"rgb(31,119,180)"}],"gender":[{"description":"Female","count":1392,"tested":18758,"deaths":0,"color":"rgb(255,127,14)"},{"description":"Male","count":1110,"tested":10890,"deaths":0,"color":"rgb(31,119,180)"},{"description":"Unknown/Left Blank","count":51,"tested":2438,"deaths":0,"color":"rgb(44,160,44)"}]}}]}
