{"lastUpdatedDate":{"year":2021,"month":9,"day":21},"county_demographics":[{"County":"Lake","confirmed_cases":76969,"total_tested":1449577,"demographics":{"age":[{"race":[],"age_group":"<20","count":15559,"tested":348288,"deaths":0},{"race":[],"age_group":"20-29   ","count":13806,"tested":210595,"deaths":0},{"race":[],"age_group":"30-39   ","count":11302,"tested":174493,"deaths":0},{"race":[],"age_group":"40-49   ","count":11822,"tested":176725,"deaths":0},{"race":[],"age_group":"50-59   ","count":11511,"tested":198813,"deaths":0},{"race":[],"age_group":"60-69   ","count":7059,"tested":156919,"deaths":0},{"race":[],"age_group":"70-79   ","count":3342,"tested":89421,"deaths":0},{"race":[],"age_group":"80+","count":2550,"tested":93827,"deaths":0},{"race":[],"age_group":"Unknown","count":18,"tested":496,"deaths":0}],"race":[{"description":"AI/AN**","count":126,"tested":2328,"deaths":0,"color":"rgb(31,119,180)"},{"description":"Asian","count":2189,"tested":61323,"deaths":0,"color":"rgb(140,86,75)"},{"description":"Black","count":4384,"tested":62795,"deaths":0,"color":"rgb(255,127,14)"},{"description":"Hispanic","count":21185,"tested":167024,"deaths":0,"color":"rgb(214,39,40)"},{"description":"Left Blank","count":18425,"tested":525517,"deaths":0,"color":"rgb(44,160,44)"},{"description":"NH/PI*","count":142,"tested":3136,"deaths":0,"color":"rgb(127,127,127)"},{"description":"Other","count":3523,"tested":49478,"deaths":0,"color":"rgb(148,103,189)"},{"description":"White","count":26995,"tested":577976,"deaths":0,"color":"rgb(31,119,180)"}],"gender":[{"description":"Female","count":38695,"tested":797555,"deaths":0,"color":"rgb(255,127,14)"},{"description":"Male","count":37663,"tested":623459,"deaths":0,"color":"rgb(31,119,180)"},{"description":"Unknown/Left Blank","count":611,"tested":28563,"deaths":0,"color":"rgb(44,160,44)"}]}}]}
