{"lastUpdatedDate":{"year":2021,"month":9,"day":21},"county_demographics":[{"County":"Kane","confirmed_cases":65762,"total_tested":892588,"demographics":{"age":[{"race":[],"age_group":"<20","count":12653,"tested":155126,"deaths":0},{"race":[],"age_group":"20-29   ","count":11878,"tested":149679,"deaths":0},{"race":[],"age_group":"30-39   ","count":10365,"tested":128246,"deaths":0},{"race":[],"age_group":"40-49   ","count":10722,"tested":118641,"deaths":0},{"race":[],"age_group":"50-59   ","count":9764,"tested":127259,"deaths":0},{"race":[],"age_group":"60-69   ","count":5753,"tested":96473,"deaths":0},{"race":[],"age_group":"70-79   ","count":2736,"tested":61292,"deaths":0},{"race":[],"age_group":"80+","count":1864,"tested":55305,"deaths":0},{"race":[],"age_group":"Unknown","count":27,"tested":567,"deaths":0}],"race":[{"description":"AI/AN**","count":75,"tested":888,"deaths":0,"color":"rgb(31,119,180)"},{"description":"Asian","count":1465,"tested":26641,"deaths":0,"color":"rgb(140,86,75)"},{"description":"Black","count":2670,"tested":37764,"deaths":0,"color":"rgb(255,127,14)"},{"description":"Hispanic","count":20840,"tested":131533,"deaths":0,"color":"rgb(214,39,40)"},{"description":"Left Blank","count":15622,"tested":372179,"deaths":0,"color":"rgb(44,160,44)"},{"description":"NH/PI*","count":52,"tested":784,"deaths":0,"color":"rgb(127,127,127)"},{"description":"Other","count":1722,"tested":23741,"deaths":0,"color":"rgb(148,103,189)"},{"description":"White","count":23316,"tested":299058,"deaths":0,"color":"rgb(31,119,180)"}],"gender":[{"description":"Female","count":33668,"tested":494316,"deaths":0,"color":"rgb(255,127,14)"},{"description":"Male","count":31727,"tested":374772,"deaths":0,"color":"rgb(31,119,180)"},{"description":"Unknown/Left Blank","count":367,"tested":23500,"deaths":0,"color":"rgb(44,160,44)"}]}}]}
