{"age":[{"age_group":"<20","count":458,"tested":5178},{"age_group":"20-29   ","count":327,"tested":3826},{"age_group":"30-39   ","count":292,"tested":3759},{"age_group":"40-49   ","count":427,"tested":5089},{"age_group":"50-59   ","count":359,"tested":5175},{"age_group":"60-69   ","count":210,"tested":4219},{"age_group":"70-79   ","count":236,"tested":5182},{"age_group":"80+","count":178,"tested":4871}],"race":[{"description":"Asian","count":62,"tested":1080,"color":"rgb(140,86,75)"},{"description":"Black","count":33,"tested":677,"color":"rgb(255,127,14)"},{"description":"Hispanic","count":223,"tested":1850,"color":"rgb(214,39,40)"},{"description":"Left Blank","count":509,"tested":12907,"color":"rgb(44,160,44)"},{"description":"Other","count":49,"tested":453,"color":"rgb(148,103,189)"},{"description":"White","count":1604,"tested":20205,"color":"rgb(31,119,180)"}],"gender":[]}
