{"age":[{"age_group":"<20","count":689,"tested":7552},{"age_group":"20-29   ","count":804,"tested":10431},{"age_group":"30-39   ","count":579,"tested":8652},{"age_group":"40-49   ","count":675,"tested":7727},{"age_group":"50-59   ","count":536,"tested":7328},{"age_group":"60-69   ","count":242,"tested":3917},{"age_group":"70-79   ","count":80,"tested":1532},{"age_group":"80+","count":42,"tested":673}],"race":[{"description":"Asian","count":259,"tested":4163,"color":"rgb(140,86,75)"},{"description":"Black","count":479,"tested":5500,"color":"rgb(255,127,14)"},{"description":"Hispanic","count":973,"tested":5872,"color":"rgb(214,39,40)"},{"description":"Left Blank","count":702,"tested":17074,"color":"rgb(44,160,44)"},{"description":"Other","count":120,"tested":2035,"color":"rgb(148,103,189)"},{"description":"White","count":1106,"tested":13050,"color":"rgb(31,119,180)"}],"gender":[]}
