{"age":[{"age_group":"<20","count":690,"tested":7158},{"age_group":"20-29   ","count":547,"tested":5843},{"age_group":"30-39   ","count":404,"tested":4687},{"age_group":"40-49   ","count":592,"tested":5767},{"age_group":"50-59   ","count":774,"tested":7024},{"age_group":"60-69   ","count":409,"tested":5030},{"age_group":"70-79   ","count":179,"tested":2832},{"age_group":"80+","count":66,"tested":1199}],"race":[{"description":"Asian","count":44,"tested":538,"color":"rgb(140,86,75)"},{"description":"Black","count":173,"tested":2194,"color":"rgb(255,127,14)"},{"description":"Hispanic","count":133,"tested":1050,"color":"rgb(214,39,40)"},{"description":"Left Blank","count":1264,"tested":15614,"color":"rgb(44,160,44)"},{"description":"Other","count":111,"tested":1323,"color":"rgb(148,103,189)"},{"description":"White","count":1932,"tested":18783,"color":"rgb(31,119,180)"}],"gender":[]}
