{"age":[{"age_group":"<20","count":578,"tested":5295},{"age_group":"20-29   ","count":629,"tested":6877},{"age_group":"30-39   ","count":590,"tested":7327},{"age_group":"40-49   ","count":581,"tested":6305},{"age_group":"50-59   ","count":448,"tested":6604},{"age_group":"60-69   ","count":330,"tested":5233},{"age_group":"70-79   ","count":199,"tested":2463},{"age_group":"80+","count":130,"tested":1342}],"race":[{"description":"Asian","count":6,"tested":56,"color":"rgb(140,86,75)"},{"description":"Black","count":1874,"tested":20953,"color":"rgb(255,127,14)"},{"description":"Hispanic","count":761,"tested":3511,"color":"rgb(214,39,40)"},{"description":"Left Blank","count":713,"tested":15040,"color":"rgb(44,160,44)"},{"description":"Other","count":71,"tested":870,"color":"rgb(148,103,189)"},{"description":"White","count":54,"tested":935,"color":"rgb(31,119,180)"}],"gender":[]}
