{"age":[{"age_group":"<20","count":349,"tested":19764},{"age_group":"20-29   ","count":263,"tested":8685},{"age_group":"30-39   ","count":96,"tested":3679},{"age_group":"40-49   ","count":195,"tested":5234},{"age_group":"50-59   ","count":234,"tested":6078},{"age_group":"60-69   ","count":147,"tested":4318},{"age_group":"70-79   ","count":79,"tested":2867},{"age_group":"80+","count":50,"tested":3624}],"race":[{"description":"Asian","count":40,"tested":2364,"color":"rgb(140,86,75)"},{"description":"Black","count":10,"tested":1022,"color":"rgb(255,127,14)"},{"description":"Hispanic","count":41,"tested":1986,"color":"rgb(214,39,40)"},{"description":"Left Blank","count":307,"tested":16199,"color":"rgb(44,160,44)"},{"description":"Other","count":99,"tested":2243,"color":"rgb(148,103,189)"},{"description":"White","count":907,"tested":30303,"color":"rgb(31,119,180)"}],"gender":[]}
