{"age":[{"age_group":"<20","count":43,"tested":422},{"age_group":"20-29   ","count":37,"tested":508},{"age_group":"30-39   ","count":34,"tested":456},{"age_group":"40-49   ","count":49,"tested":500},{"age_group":"50-59   ","count":50,"tested":611},{"age_group":"60-69   ","count":36,"tested":520},{"age_group":"70-79   ","count":21,"tested":294},{"age_group":"80+","count":7,"tested":232}],"race":[{"description":"Left Blank","count":90,"tested":1940,"color":"rgb(44,160,44)"},{"description":"White","count":180,"tested":1529,"color":"rgb(31,119,180)"}],"gender":[]}
