{"age":[{"age_group":"<20","count":217,"tested":3407},{"age_group":"20-29   ","count":145,"tested":2680},{"age_group":"30-39   ","count":103,"tested":2556},{"age_group":"40-49   ","count":164,"tested":2980},{"age_group":"50-59   ","count":150,"tested":3738},{"age_group":"60-69   ","count":107,"tested":3911},{"age_group":"70-79   ","count":83,"tested":3589},{"age_group":"80+","count":121,"tested":7194}],"race":[{"description":"Asian","count":109,"tested":2503,"color":"rgb(140,86,75)"},{"description":"Black","count":17,"tested":777,"color":"rgb(255,127,14)"},{"description":"Hispanic","count":80,"tested":1169,"color":"rgb(214,39,40)"},{"description":"Left Blank","count":234,"tested":9512,"color":"rgb(44,160,44)"},{"description":"Other","count":123,"tested":1267,"color":"rgb(148,103,189)"},{"description":"White","count":525,"tested":14746,"color":"rgb(31,119,180)"}],"gender":[]}
