{"age":[{"age_group":"<20","count":402,"tested":4556},{"age_group":"20-29   ","count":574,"tested":5888},{"age_group":"30-39   ","count":701,"tested":7077},{"age_group":"40-49   ","count":547,"tested":5828},{"age_group":"50-59   ","count":485,"tested":5828},{"age_group":"60-69   ","count":333,"tested":4554},{"age_group":"70-79   ","count":130,"tested":2094},{"age_group":"80+","count":88,"tested":1573}],"race":[{"description":"Asian","count":227,"tested":2191,"color":"rgb(140,86,75)"},{"description":"Black","count":50,"tested":485,"color":"rgb(255,127,14)"},{"description":"Hispanic","count":422,"tested":3654,"color":"rgb(214,39,40)"},{"description":"Left Blank","count":654,"tested":12868,"color":"rgb(44,160,44)"},{"description":"NH/PI*","count":6,"tested":81,"color":"rgb(127,127,127)"},{"description":"Other","count":194,"tested":1640,"color":"rgb(148,103,189)"},{"description":"White","count":1702,"tested":16433,"color":"rgb(31,119,180)"}],"gender":[]}
