{"age":[{"age_group":"<20","count":663,"tested":5790},{"age_group":"20-29   ","count":750,"tested":8664},{"age_group":"30-39   ","count":564,"tested":7398},{"age_group":"40-49   ","count":537,"tested":7963},{"age_group":"50-59   ","count":555,"tested":8837},{"age_group":"60-69   ","count":372,"tested":6790},{"age_group":"70-79   ","count":207,"tested":4077},{"age_group":"80+","count":120,"tested":3171}],"race":[{"description":"Asian","count":28,"tested":633,"color":"rgb(140,86,75)"},{"description":"Black","count":318,"tested":4920,"color":"rgb(255,127,14)"},{"description":"Hispanic","count":180,"tested":1337,"color":"rgb(214,39,40)"},{"description":"Left Blank","count":946,"tested":14993,"color":"rgb(44,160,44)"},{"description":"Other","count":138,"tested":1628,"color":"rgb(148,103,189)"},{"description":"White","count":2156,"tested":29061,"color":"rgb(31,119,180)"}],"gender":[]}
