{"age":[{"age_group":"<20","count":136,"tested":3637},{"age_group":"20-29   ","count":646,"tested":14618},{"age_group":"30-39   ","count":579,"tested":16077},{"age_group":"40-49   ","count":247,"tested":6512},{"age_group":"50-59   ","count":184,"tested":5151},{"age_group":"60-69   ","count":117,"tested":3833},{"age_group":"70-79   ","count":41,"tested":1685},{"age_group":"80+","count":30,"tested":690}],"race":[{"description":"Asian","count":118,"tested":4917,"color":"rgb(140,86,75)"},{"description":"Black","count":232,"tested":4549,"color":"rgb(255,127,14)"},{"description":"Hispanic","count":122,"tested":1921,"color":"rgb(214,39,40)"},{"description":"Left Blank","count":764,"tested":23292,"color":"rgb(44,160,44)"},{"description":"Other","count":114,"tested":2657,"color":"rgb(148,103,189)"},{"description":"White","count":621,"tested":14774,"color":"rgb(31,119,180)"}],"gender":[]}
