{"age":[{"age_group":"<20","count":225,"tested":2815},{"age_group":"20-29   ","count":260,"tested":3408},{"age_group":"30-39   ","count":300,"tested":4037},{"age_group":"40-49   ","count":277,"tested":3678},{"age_group":"50-59   ","count":252,"tested":3993},{"age_group":"60-69   ","count":164,"tested":2934},{"age_group":"70-79   ","count":89,"tested":2408},{"age_group":"80+","count":92,"tested":8623}],"race":[{"description":"AI/AN**","count":8,"tested":50,"color":"rgb(31,119,180)"},{"description":"Asian","count":196,"tested":2700,"color":"rgb(140,86,75)"},{"description":"Black","count":69,"tested":723,"color":"rgb(255,127,14)"},{"description":"Hispanic","count":233,"tested":1369,"color":"rgb(214,39,40)"},{"description":"Left Blank","count":527,"tested":19572,"color":"rgb(44,160,44)"},{"description":"Other","count":65,"tested":529,"color":"rgb(148,103,189)"},{"description":"White","count":560,"tested":7181,"color":"rgb(31,119,180)"}],"gender":[]}
