{"age":[{"age_group":"<20","count":31,"tested":460},{"age_group":"20-29   ","count":40,"tested":742},{"age_group":"30-39   ","count":35,"tested":684},{"age_group":"40-49   ","count":29,"tested":543},{"age_group":"50-59   ","count":47,"tested":1191},{"age_group":"60-69   ","count":32,"tested":679},{"age_group":"70-79   ","count":20,"tested":599},{"age_group":"80+","count":45,"tested":2047}],"race":[{"description":"Hispanic","count":6,"tested":30,"color":"rgb(214,39,40)"},{"description":"Left Blank","count":39,"tested":4172,"color":"rgb(44,160,44)"},{"description":"Other","count":10,"tested":140,"color":"rgb(148,103,189)"},{"description":"White","count":223,"tested":2570,"color":"rgb(31,119,180)"}],"gender":[]}
