{"age":[{"age_group":"<20","count":710,"tested":8641},{"age_group":"20-29   ","count":493,"tested":7530},{"age_group":"30-39   ","count":476,"tested":7861},{"age_group":"40-49   ","count":475,"tested":7755},{"age_group":"50-59   ","count":521,"tested":10987},{"age_group":"60-69   ","count":358,"tested":10023},{"age_group":"70-79   ","count":187,"tested":5980},{"age_group":"80+","count":163,"tested":5000}],"race":[{"description":"Asian","count":32,"tested":713,"color":"rgb(140,86,75)"},{"description":"Black","count":114,"tested":1596,"color":"rgb(255,127,14)"},{"description":"Hispanic","count":469,"tested":3005,"color":"rgb(214,39,40)"},{"description":"Left Blank","count":1071,"tested":35472,"color":"rgb(44,160,44)"},{"description":"Other","count":122,"tested":1532,"color":"rgb(148,103,189)"},{"description":"White","count":1568,"tested":21430,"color":"rgb(31,119,180)"}],"gender":[]}
