{"age":[{"age_group":"<20","count":336,"tested":8907},{"age_group":"20-29   ","count":621,"tested":38727},{"age_group":"30-39   ","count":521,"tested":14392},{"age_group":"40-49   ","count":350,"tested":8725},{"age_group":"50-59   ","count":302,"tested":8919},{"age_group":"60-69   ","count":177,"tested":6901},{"age_group":"70-79   ","count":103,"tested":3703},{"age_group":"80+","count":84,"tested":1952}],"race":[{"description":"Asian","count":58,"tested":7411,"color":"rgb(140,86,75)"},{"description":"Black","count":1382,"tested":24989,"color":"rgb(255,127,14)"},{"description":"Hispanic","count":92,"tested":4875,"color":"rgb(214,39,40)"},{"description":"Left Blank","count":608,"tested":24186,"color":"rgb(44,160,44)"},{"description":"Other","count":57,"tested":1518,"color":"rgb(148,103,189)"},{"description":"White","count":292,"tested":28940,"color":"rgb(31,119,180)"}],"gender":[]}
