{"age":[{"age_group":"<20","count":189,"tested":1918},{"age_group":"20-29   ","count":170,"tested":2049},{"age_group":"30-39   ","count":210,"tested":1949},{"age_group":"40-49   ","count":181,"tested":1781},{"age_group":"50-59   ","count":206,"tested":1884},{"age_group":"60-69   ","count":134,"tested":1759},{"age_group":"70-79   ","count":60,"tested":1101},{"age_group":"80+","count":40,"tested":836}],"race":[{"description":"Asian","count":6,"tested":75,"color":"rgb(140,86,75)"},{"description":"Hispanic","count":230,"tested":1057,"color":"rgb(214,39,40)"},{"description":"Left Blank","count":267,"tested":4760,"color":"rgb(44,160,44)"},{"description":"Other","count":16,"tested":234,"color":"rgb(148,103,189)"},{"description":"White","count":664,"tested":7046,"color":"rgb(31,119,180)"}],"gender":[]}
