{"age":[{"age_group":"<20","count":206,"tested":1875},{"age_group":"20-29   ","count":332,"tested":3054},{"age_group":"30-39   ","count":295,"tested":2625},{"age_group":"40-49   ","count":233,"tested":2197},{"age_group":"50-59   ","count":306,"tested":2607},{"age_group":"60-69   ","count":218,"tested":2586},{"age_group":"70-79   ","count":105,"tested":1804},{"age_group":"80+","count":84,"tested":2642}],"race":[{"description":"Asian","count":66,"tested":554,"color":"rgb(140,86,75)"},{"description":"Black","count":34,"tested":343,"color":"rgb(255,127,14)"},{"description":"Hispanic","count":460,"tested":2040,"color":"rgb(214,39,40)"},{"description":"Left Blank","count":317,"tested":10275,"color":"rgb(44,160,44)"},{"description":"Other","count":63,"tested":514,"color":"rgb(148,103,189)"},{"description":"White","count":834,"tested":5653,"color":"rgb(31,119,180)"}],"gender":[]}
