{"age":[{"age_group":"<20","count":376,"tested":11383},{"age_group":"20-29   ","count":2641,"tested":50134},{"age_group":"30-39   ","count":1258,"tested":33103},{"age_group":"40-49   ","count":468,"tested":12388},{"age_group":"50-59   ","count":369,"tested":9139},{"age_group":"60-69   ","count":187,"tested":6018},{"age_group":"70-79   ","count":113,"tested":4584},{"age_group":"80+","count":128,"tested":4424}],"race":[{"description":"AI/AN**","count":13,"tested":110,"color":"rgb(31,119,180)"},{"description":"Asian","count":153,"tested":4140,"color":"rgb(140,86,75)"},{"description":"Black","count":132,"tested":2802,"color":"rgb(255,127,14)"},{"description":"Hispanic","count":360,"tested":4003,"color":"rgb(214,39,40)"},{"description":"Left Blank","count":1725,"tested":60875,"color":"rgb(44,160,44)"},{"description":"Other","count":335,"tested":6976,"color":"rgb(148,103,189)"},{"description":"White","count":2818,"tested":52261,"color":"rgb(31,119,180)"}],"gender":[]}
