{"age":[{"age_group":"<20","count":278,"tested":3004},{"age_group":"20-29   ","count":153,"tested":1693},{"age_group":"30-39   ","count":154,"tested":1815},{"age_group":"40-49   ","count":267,"tested":2294},{"age_group":"50-59   ","count":204,"tested":1974},{"age_group":"60-69   ","count":129,"tested":1561},{"age_group":"70-79   ","count":71,"tested":1209},{"age_group":"80+","count":36,"tested":1026}],"race":[{"description":"Asian","count":10,"tested":75,"color":"rgb(140,86,75)"},{"description":"Black","count":10,"tested":127,"color":"rgb(255,127,14)"},{"description":"Hispanic","count":57,"tested":263,"color":"rgb(214,39,40)"},{"description":"Left Blank","count":95,"tested":4900,"color":"rgb(44,160,44)"},{"description":"Other","count":17,"tested":218,"color":"rgb(148,103,189)"},{"description":"White","count":1102,"tested":8952,"color":"rgb(31,119,180)"}],"gender":[]}
