{"age":[{"age_group":"<20","count":15,"tested":121},{"age_group":"20-29   ","count":21,"tested":208},{"age_group":"30-39   ","count":13,"tested":118},{"age_group":"40-49   ","count":13,"tested":116},{"age_group":"50-59   ","count":18,"tested":239},{"age_group":"60-69   ","count":7,"tested":97},{"age_group":"70-79   ","count":7,"tested":75}],"race":[{"description":"Left Blank","count":20,"tested":276,"color":"rgb(44,160,44)"},{"description":"Other","count":10,"tested":45,"color":"rgb(148,103,189)"},{"description":"White","count":60,"tested":676,"color":"rgb(31,119,180)"}],"gender":[]}
