{"age":[{"age_group":"<20","count":530,"tested":6455},{"age_group":"20-29   ","count":378,"tested":5406},{"age_group":"30-39   ","count":338,"tested":5133},{"age_group":"40-49   ","count":316,"tested":4191},{"age_group":"50-59   ","count":425,"tested":5320},{"age_group":"60-69   ","count":258,"tested":4287},{"age_group":"70-79   ","count":87,"tested":2552},{"age_group":"80+","count":101,"tested":3501}],"race":[{"description":"Asian","count":61,"tested":648,"color":"rgb(140,86,75)"},{"description":"Black","count":49,"tested":750,"color":"rgb(255,127,14)"},{"description":"Hispanic","count":215,"tested":1715,"color":"rgb(214,39,40)"},{"description":"Left Blank","count":432,"tested":13240,"color":"rgb(44,160,44)"},{"description":"Other","count":72,"tested":942,"color":"rgb(148,103,189)"},{"description":"White","count":1599,"tested":19543,"color":"rgb(31,119,180)"}],"gender":[]}
