{"age":[{"age_group":"<20","count":544,"tested":5802},{"age_group":"20-29   ","count":508,"tested":8066},{"age_group":"30-39   ","count":438,"tested":6661},{"age_group":"40-49   ","count":456,"tested":5923},{"age_group":"50-59   ","count":509,"tested":6317},{"age_group":"60-69   ","count":201,"tested":3714},{"age_group":"70-79   ","count":118,"tested":2968},{"age_group":"80+","count":120,"tested":4313}],"race":[{"description":"Asian","count":134,"tested":1963,"color":"rgb(140,86,75)"},{"description":"Black","count":75,"tested":793,"color":"rgb(255,127,14)"},{"description":"Hispanic","count":543,"tested":2966,"color":"rgb(214,39,40)"},{"description":"Left Blank","count":885,"tested":25299,"color":"rgb(44,160,44)"},{"description":"Other","count":70,"tested":739,"color":"rgb(148,103,189)"},{"description":"White","count":1182,"tested":11895,"color":"rgb(31,119,180)"}],"gender":[]}
