{"lastUpdatedDate":{"year":2021,"month":5,"day":4},"county_demographics":[{"County":"Schuyler","confirmed_cases":730,"total_tested":12986,"demographics":{"age":[{"race":[],"age_group":"<20","count":91,"tested":1074,"deaths":0},{"race":[],"age_group":"20-29   ","count":64,"tested":1318,"deaths":0},{"race":[],"age_group":"30-39   ","count":91,"tested":1743,"deaths":0},{"race":[],"age_group":"40-49   ","count":91,"tested":2254,"deaths":0},{"race":[],"age_group":"50-59   ","count":127,"tested":2824,"deaths":0},{"race":[],"age_group":"60-69   ","count":121,"tested":2239,"deaths":0},{"race":[],"age_group":"70-79   ","count":77,"tested":928,"deaths":0},{"race":[],"age_group":"80+","count":68,"tested":606,"deaths":0}],"race":[{"description":"AI/AN**","count":0,"tested":13,"deaths":0,"color":"rgb(31,119,180)"},{"description":"Asian","count":0,"tested":0,"deaths":0,"color":"rgb(140,86,75)"},{"description":"Black","count":19,"tested":282,"deaths":0,"color":"rgb(255,127,14)"},{"description":"Hispanic","count":6,"tested":94,"deaths":0,"color":"rgb(214,39,40)"},{"description":"Left Blank","count":135,"tested":2923,"deaths":0,"color":"rgb(44,160,44)"},{"description":"NH/PI*","count":0,"tested":0,"deaths":0,"color":"rgb(127,127,127)"},{"description":"Other","count":0,"tested":236,"deaths":0,"color":"rgb(148,103,189)"},{"description":"White","count":561,"tested":9433,"deaths":0,"color":"rgb(31,119,180)"}],"gender":[{"description":"Female","count":383,"tested":5260,"deaths":0,"color":"rgb(255,127,14)"},{"description":"Male","count":310,"tested":7207,"deaths":0,"color":"rgb(31,119,180)"},{"description":"Unknown/Left Blank","count":37,"tested":519,"deaths":0,"color":"rgb(44,160,44)"}]}}]}
