{"lastUpdatedDate":{"year":2021,"month":5,"day":4},"county_demographics":[{"County":"Hamilton","confirmed_cases":829,"total_tested":8514,"demographics":{"age":[{"race":[],"age_group":"<20","count":97,"tested":1000,"deaths":0},{"race":[],"age_group":"20-29   ","count":109,"tested":1119,"deaths":0},{"race":[],"age_group":"30-39   ","count":129,"tested":1157,"deaths":0},{"race":[],"age_group":"40-49   ","count":113,"tested":1469,"deaths":0},{"race":[],"age_group":"50-59   ","count":130,"tested":1438,"deaths":0},{"race":[],"age_group":"60-69   ","count":102,"tested":1024,"deaths":0},{"race":[],"age_group":"70-79   ","count":63,"tested":625,"deaths":0},{"race":[],"age_group":"80+","count":63,"tested":679,"deaths":0},{"race":[],"age_group":"Unknown","count":0,"tested":0,"deaths":0}],"race":[{"description":"AI/AN**","count":0,"tested":0,"deaths":0,"color":"rgb(31,119,180)"},{"description":"Asian","count":0,"tested":7,"deaths":0,"color":"rgb(140,86,75)"},{"description":"Black","count":0,"tested":25,"deaths":0,"color":"rgb(255,127,14)"},{"description":"Hispanic","count":8,"tested":75,"deaths":0,"color":"rgb(214,39,40)"},{"description":"Left Blank","count":272,"tested":3575,"deaths":0,"color":"rgb(44,160,44)"},{"description":"NH/PI*","count":0,"tested":0,"deaths":0,"color":"rgb(127,127,127)"},{"description":"Other","count":0,"tested":99,"deaths":0,"color":"rgb(148,103,189)"},{"description":"White","count":543,"tested":4729,"deaths":0,"color":"rgb(31,119,180)"}],"gender":[{"description":"Female","count":440,"tested":5078,"deaths":0,"color":"rgb(255,127,14)"},{"description":"Male","count":332,"tested":2611,"deaths":0,"color":"rgb(31,119,180)"},{"description":"Unknown/Left Blank","count":57,"tested":825,"deaths":0,"color":"rgb(44,160,44)"}]}}]}
