{"lastUpdatedDate":{"year":2021,"month":5,"day":4},"county_demographics":[{"County":"Marion","confirmed_cases":4447,"total_tested":89752,"demographics":{"age":[{"race":[],"age_group":"<20","count":560,"tested":6603,"deaths":0},{"race":[],"age_group":"20-29   ","count":613,"tested":15434,"deaths":0},{"race":[],"age_group":"30-39   ","count":627,"tested":18081,"deaths":0},{"race":[],"age_group":"40-49   ","count":650,"tested":15707,"deaths":0},{"race":[],"age_group":"50-59   ","count":670,"tested":12599,"deaths":0},{"race":[],"age_group":"60-69   ","count":609,"tested":9051,"deaths":0},{"race":[],"age_group":"70-79   ","count":380,"tested":5057,"deaths":0},{"race":[],"age_group":"80+","count":338,"tested":6297,"deaths":0},{"race":[],"age_group":"Unknown","count":0,"tested":923,"deaths":0}],"race":[{"description":"AI/AN**","count":8,"tested":44,"deaths":0,"color":"rgb(31,119,180)"},{"description":"Asian","count":0,"tested":127,"deaths":0,"color":"rgb(140,86,75)"},{"description":"Black","count":138,"tested":2305,"deaths":0,"color":"rgb(255,127,14)"},{"description":"Hispanic","count":39,"tested":271,"deaths":0,"color":"rgb(214,39,40)"},{"description":"Left Blank","count":880,"tested":54883,"deaths":0,"color":"rgb(44,160,44)"},{"description":"NH/PI*","count":0,"tested":13,"deaths":0,"color":"rgb(127,127,127)"},{"description":"Other","count":48,"tested":890,"deaths":0,"color":"rgb(148,103,189)"},{"description":"White","count":3325,"tested":31219,"deaths":0,"color":"rgb(31,119,180)"}],"gender":[{"description":"Female","count":2498,"tested":38247,"deaths":0,"color":"rgb(255,127,14)"},{"description":"Male","count":1906,"tested":32583,"deaths":0,"color":"rgb(31,119,180)"},{"description":"Unknown/Left Blank","count":38,"tested":18922,"deaths":0,"color":"rgb(44,160,44)"}]}}]}
