{"lastUpdatedDate":{"year":2021,"month":5,"day":4},"county_demographics":[{"County":"Macon","confirmed_cases":10575,"total_tested":178883,"demographics":{"age":[{"race":[],"age_group":"<20","count":1583,"tested":20281,"deaths":0},{"race":[],"age_group":"20-29   ","count":1637,"tested":30139,"deaths":0},{"race":[],"age_group":"30-39   ","count":1566,"tested":26875,"deaths":0},{"race":[],"age_group":"40-49   ","count":1547,"tested":24953,"deaths":0},{"race":[],"age_group":"50-59   ","count":1510,"tested":24199,"deaths":0},{"race":[],"age_group":"60-69   ","count":1284,"tested":21062,"deaths":0},{"race":[],"age_group":"70-79   ","count":831,"tested":13982,"deaths":0},{"race":[],"age_group":"80+","count":614,"tested":16681,"deaths":0},{"race":[],"age_group":"Unknown","count":0,"tested":711,"deaths":0}],"race":[{"description":"AI/AN**","count":9,"tested":77,"deaths":0,"color":"rgb(31,119,180)"},{"description":"Asian","count":82,"tested":746,"deaths":0,"color":"rgb(140,86,75)"},{"description":"Black","count":1953,"tested":14522,"deaths":0,"color":"rgb(255,127,14)"},{"description":"Hispanic","count":213,"tested":1172,"deaths":0,"color":"rgb(214,39,40)"},{"description":"Left Blank","count":1096,"tested":102199,"deaths":0,"color":"rgb(44,160,44)"},{"description":"NH/PI*","count":6,"tested":86,"deaths":0,"color":"rgb(127,127,127)"},{"description":"Other","count":158,"tested":2471,"deaths":0,"color":"rgb(148,103,189)"},{"description":"White","count":7055,"tested":57610,"deaths":0,"color":"rgb(31,119,180)"}],"gender":[{"description":"Female","count":5761,"tested":102116,"deaths":0,"color":"rgb(255,127,14)"},{"description":"Male","count":4741,"tested":60698,"deaths":0,"color":"rgb(31,119,180)"},{"description":"Unknown/Left Blank","count":69,"tested":16069,"deaths":0,"color":"rgb(44,160,44)"}]}}]}
