{"lastUpdatedDate":{"year":2020,"month":12,"day":3},"county_demographics":[{"County":"Wayne","confirmed_cases":968,"total_tested":8209,"demographics":{"age":[{"race":[],"age_group":"<20","count":165,"tested":1238,"deaths":0},{"race":[],"age_group":"20-29   ","count":118,"tested":1386,"deaths":0},{"race":[],"age_group":"30-39   ","count":116,"tested":1168,"deaths":0},{"race":[],"age_group":"40-49   ","count":118,"tested":983,"deaths":0},{"race":[],"age_group":"50-59   ","count":124,"tested":1073,"deaths":0},{"race":[],"age_group":"60-69   ","count":140,"tested":948,"deaths":0},{"race":[],"age_group":"70-79   ","count":101,"tested":630,"deaths":0},{"race":[],"age_group":"80+","count":76,"tested":769,"deaths":0},{"race":[],"age_group":"Unknown","count":0,"tested":14,"deaths":0}],"race":[{"description":"Asian","count":0,"tested":0,"deaths":0,"color":"rgb(140,86,75)"},{"description":"Black","count":0,"tested":13,"deaths":0,"color":"rgb(255,127,14)"},{"description":"Hispanic","count":14,"tested":84,"deaths":0,"color":"rgb(214,39,40)"},{"description":"Left Blank","count":129,"tested":1900,"deaths":0,"color":"rgb(44,160,44)"},{"description":"NH/PI*","count":0,"tested":0,"deaths":0,"color":"rgb(127,127,127)"},{"description":"Other","count":0,"tested":54,"deaths":0,"color":"rgb(148,103,189)"},{"description":"White","count":822,"tested":6155,"deaths":0,"color":"rgb(31,119,180)"}],"gender":[{"description":"Female","count":507,"tested":5232,"deaths":0,"color":"rgb(255,127,14)"},{"description":"Male","count":448,"tested":2716,"deaths":0,"color":"rgb(31,119,180)"},{"description":"Unknown/Left Blank","count":13,"tested":261,"deaths":0,"color":"rgb(44,160,44)"}]}}]}
