{"lastUpdatedDate":{"year":2020,"month":12,"day":3},"county_demographics":[{"County":"Clinton","confirmed_cases":3491,"total_tested":28844,"demographics":{"age":[{"race":[],"age_group":"<20","count":486,"tested":3671,"deaths":0},{"race":[],"age_group":"20-29   ","count":530,"tested":4505,"deaths":0},{"race":[],"age_group":"30-39   ","count":515,"tested":4169,"deaths":0},{"race":[],"age_group":"40-49   ","count":447,"tested":3749,"deaths":0},{"race":[],"age_group":"50-59   ","count":539,"tested":4551,"deaths":0},{"race":[],"age_group":"60-69   ","count":463,"tested":3903,"deaths":0},{"race":[],"age_group":"70-79   ","count":236,"tested":2099,"deaths":0},{"race":[],"age_group":"80+","count":268,"tested":2162,"deaths":0},{"race":[],"age_group":"Unknown","count":7,"tested":35,"deaths":0}],"race":[{"description":"AI/AN**","count":0,"tested":8,"deaths":0,"color":"rgb(31,119,180)"},{"description":"Asian","count":0,"tested":42,"deaths":0,"color":"rgb(140,86,75)"},{"description":"Black","count":56,"tested":686,"deaths":0,"color":"rgb(255,127,14)"},{"description":"Hispanic","count":50,"tested":207,"deaths":0,"color":"rgb(214,39,40)"},{"description":"Left Blank","count":1451,"tested":13252,"deaths":0,"color":"rgb(44,160,44)"},{"description":"NH/PI*","count":0,"tested":7,"deaths":0,"color":"rgb(127,127,127)"},{"description":"Other","count":86,"tested":539,"deaths":0,"color":"rgb(148,103,189)"},{"description":"White","count":1843,"tested":14103,"deaths":0,"color":"rgb(31,119,180)"}],"gender":[{"description":"Female","count":1856,"tested":16886,"deaths":0,"color":"rgb(255,127,14)"},{"description":"Male","count":1563,"tested":11295,"deaths":0,"color":"rgb(31,119,180)"},{"description":"Unknown/Left Blank","count":72,"tested":663,"deaths":0,"color":"rgb(44,160,44)"}]}}]}
