{"lastUpdatedDate":{"year":2020,"month":12,"day":3},"county_demographics":[{"County":"Washington","confirmed_cases":780,"total_tested":6243,"demographics":{"age":[{"race":[],"age_group":"<20","count":103,"tested":861,"deaths":0},{"race":[],"age_group":"20-29   ","count":101,"tested":848,"deaths":0},{"race":[],"age_group":"30-39   ","count":111,"tested":947,"deaths":0},{"race":[],"age_group":"40-49   ","count":105,"tested":843,"deaths":0},{"race":[],"age_group":"50-59   ","count":133,"tested":873,"deaths":0},{"race":[],"age_group":"60-69   ","count":112,"tested":966,"deaths":0},{"race":[],"age_group":"70-79   ","count":51,"tested":559,"deaths":0},{"race":[],"age_group":"80+","count":45,"tested":344,"deaths":0},{"race":[],"age_group":"Unknown","count":0,"tested":0,"deaths":0}],"race":[{"description":"AI/AN**","count":0,"tested":0,"deaths":0,"color":"rgb(31,119,180)"},{"description":"Asian","count":0,"tested":15,"deaths":0,"color":"rgb(140,86,75)"},{"description":"Black","count":0,"tested":29,"deaths":0,"color":"rgb(255,127,14)"},{"description":"Hispanic","count":10,"tested":52,"deaths":0,"color":"rgb(214,39,40)"},{"description":"Left Blank","count":230,"tested":1803,"deaths":0,"color":"rgb(44,160,44)"},{"description":"NH/PI*","count":0,"tested":0,"deaths":0,"color":"rgb(127,127,127)"},{"description":"Other","count":11,"tested":154,"deaths":0,"color":"rgb(148,103,189)"},{"description":"White","count":526,"tested":4184,"deaths":0,"color":"rgb(31,119,180)"}],"gender":[{"description":"Female","count":408,"tested":3677,"deaths":0,"color":"rgb(255,127,14)"},{"description":"Male","count":359,"tested":2427,"deaths":0,"color":"rgb(31,119,180)"},{"description":"Unknown/Left Blank","count":13,"tested":139,"deaths":0,"color":"rgb(44,160,44)"}]}}]}
