{"lastUpdatedDate":{"year":2020,"month":12,"day":3},"county_demographics":[{"County":"Hardin","confirmed_cases":161,"total_tested":2181,"demographics":{"age":[{"race":[],"age_group":"<20","count":14,"tested":164,"deaths":0},{"race":[],"age_group":"20-29   ","count":25,"tested":353,"deaths":0},{"race":[],"age_group":"30-39   ","count":9,"tested":331,"deaths":0},{"race":[],"age_group":"40-49   ","count":21,"tested":258,"deaths":0},{"race":[],"age_group":"50-59   ","count":27,"tested":360,"deaths":0},{"race":[],"age_group":"60-69   ","count":32,"tested":301,"deaths":0},{"race":[],"age_group":"70-79   ","count":20,"tested":235,"deaths":0},{"race":[],"age_group":"80+","count":12,"tested":176,"deaths":0},{"race":[],"age_group":"Unknown","count":0,"tested":0,"deaths":0}],"race":[{"description":"AI/AN**","count":0,"tested":0,"deaths":0,"color":"rgb(31,119,180)"},{"description":"Asian","count":0,"tested":0,"deaths":0,"color":"rgb(140,86,75)"},{"description":"Black","count":0,"tested":30,"deaths":0,"color":"rgb(255,127,14)"},{"description":"Hispanic","count":0,"tested":0,"deaths":0,"color":"rgb(214,39,40)"},{"description":"Left Blank","count":53,"tested":597,"deaths":0,"color":"rgb(44,160,44)"},{"description":"Other","count":0,"tested":7,"deaths":0,"color":"rgb(148,103,189)"},{"description":"White","count":107,"tested":1542,"deaths":0,"color":"rgb(31,119,180)"}],"gender":[{"description":"Female","count":84,"tested":1468,"deaths":0,"color":"rgb(255,127,14)"},{"description":"Male","count":75,"tested":692,"deaths":0,"color":"rgb(31,119,180)"},{"description":"Unknown/Left Blank","count":0,"tested":21,"deaths":0,"color":"rgb(44,160,44)"}]}}]}
