{"lastUpdatedDate":{"year":2020,"month":12,"day":3},"county_demographics":[{"County":"Pope","confirmed_cases":111,"total_tested":1298,"demographics":{"age":[{"race":[],"age_group":"<20","count":8,"tested":172,"deaths":0},{"race":[],"age_group":"20-29   ","count":7,"tested":130,"deaths":0},{"race":[],"age_group":"30-39   ","count":19,"tested":140,"deaths":0},{"race":[],"age_group":"40-49   ","count":17,"tested":181,"deaths":0},{"race":[],"age_group":"50-59   ","count":17,"tested":220,"deaths":0},{"race":[],"age_group":"60-69   ","count":25,"tested":257,"deaths":0},{"race":[],"age_group":"70-79   ","count":10,"tested":132,"deaths":0},{"race":[],"age_group":"80+","count":6,"tested":66,"deaths":0}],"race":[{"description":"Black","count":0,"tested":11,"deaths":0,"color":"rgb(255,127,14)"},{"description":"Hispanic","count":0,"tested":0,"deaths":0,"color":"rgb(214,39,40)"},{"description":"Left Blank","count":44,"tested":559,"deaths":0,"color":"rgb(44,160,44)"},{"description":"Other","count":0,"tested":16,"deaths":0,"color":"rgb(148,103,189)"},{"description":"White","count":62,"tested":711,"deaths":0,"color":"rgb(31,119,180)"}],"gender":[{"description":"Female","count":58,"tested":752,"deaths":0,"color":"rgb(255,127,14)"},{"description":"Male","count":51,"tested":511,"deaths":0,"color":"rgb(31,119,180)"},{"description":"Unknown/Left Blank","count":0,"tested":35,"deaths":0,"color":"rgb(44,160,44)"}]}}]}
