{"lastUpdatedDate":{"year":2020,"month":12,"day":3},"county_demographics":[{"County":"Champaign","confirmed_cases":11336,"total_tested":1101571,"demographics":{"age":[{"race":[],"age_group":"<20","count":3163,"tested":270591,"deaths":0},{"race":[],"age_group":"20-29   ","count":3546,"tested":492336,"deaths":0},{"race":[],"age_group":"30-39   ","count":1333,"tested":106164,"deaths":0},{"race":[],"age_group":"40-49   ","count":1045,"tested":81214,"deaths":0},{"race":[],"age_group":"50-59   ","count":973,"tested":74812,"deaths":0},{"race":[],"age_group":"60-69   ","count":728,"tested":47822,"deaths":0},{"race":[],"age_group":"70-79   ","count":306,"tested":17310,"deaths":0},{"race":[],"age_group":"80+","count":236,"tested":11159,"deaths":0},{"race":[],"age_group":"Unknown","count":0,"tested":163,"deaths":0}],"race":[{"description":"AI/AN**","count":0,"tested":1597,"deaths":0,"color":"rgb(31,119,180)"},{"description":"Asian","count":565,"tested":210486,"deaths":0,"color":"rgb(140,86,75)"},{"description":"Black","count":1566,"tested":83951,"deaths":0,"color":"rgb(255,127,14)"},{"description":"Hispanic","count":1388,"tested":75583,"deaths":0,"color":"rgb(214,39,40)"},{"description":"Left Blank","count":530,"tested":50962,"deaths":0,"color":"rgb(44,160,44)"},{"description":"NH/PI*","count":6,"tested":755,"deaths":0,"color":"rgb(127,127,127)"},{"description":"Other","count":333,"tested":59052,"deaths":0,"color":"rgb(148,103,189)"},{"description":"White","count":6942,"tested":619185,"deaths":0,"color":"rgb(31,119,180)"}],"gender":[{"description":"Female","count":5604,"tested":542099,"deaths":0,"color":"rgb(255,127,14)"},{"description":"Male","count":5716,"tested":557581,"deaths":0,"color":"rgb(31,119,180)"},{"description":"Unknown/Left Blank","count":12,"tested":1891,"deaths":0,"color":"rgb(44,160,44)"}]}}]}
