{"lastUpdatedDate":{"year":2020,"month":12,"day":3},"county_demographics":[{"County":"Marion","confirmed_cases":2655,"total_tested":30405,"demographics":{"age":[{"race":[],"age_group":"<20","count":318,"tested":3004,"deaths":0},{"race":[],"age_group":"20-29   ","count":367,"tested":4309,"deaths":0},{"race":[],"age_group":"30-39   ","count":358,"tested":4074,"deaths":0},{"race":[],"age_group":"40-49   ","count":358,"tested":3829,"deaths":0},{"race":[],"age_group":"50-59   ","count":413,"tested":4172,"deaths":0},{"race":[],"age_group":"60-69   ","count":389,"tested":4124,"deaths":0},{"race":[],"age_group":"70-79   ","count":248,"tested":2957,"deaths":0},{"race":[],"age_group":"80+","count":204,"tested":3925,"deaths":0},{"race":[],"age_group":"Unknown","count":0,"tested":11,"deaths":0}],"race":[{"description":"AI/AN**","count":6,"tested":21,"deaths":0,"color":"rgb(31,119,180)"},{"description":"Asian","count":0,"tested":34,"deaths":0,"color":"rgb(140,86,75)"},{"description":"Black","count":82,"tested":1060,"deaths":0,"color":"rgb(255,127,14)"},{"description":"Hispanic","count":26,"tested":141,"deaths":0,"color":"rgb(214,39,40)"},{"description":"Left Blank","count":529,"tested":12195,"deaths":0,"color":"rgb(44,160,44)"},{"description":"NH/PI*","count":0,"tested":11,"deaths":0,"color":"rgb(127,127,127)"},{"description":"Other","count":31,"tested":532,"deaths":0,"color":"rgb(148,103,189)"},{"description":"White","count":1975,"tested":16411,"deaths":0,"color":"rgb(31,119,180)"}],"gender":[{"description":"Female","count":1522,"tested":18980,"deaths":0,"color":"rgb(255,127,14)"},{"description":"Male","count":1129,"tested":9809,"deaths":0,"color":"rgb(31,119,180)"},{"description":"Unknown/Left Blank","count":0,"tested":1616,"deaths":0,"color":"rgb(44,160,44)"}]}}]}
