{"lastUpdatedDate":{"year":2020,"month":12,"day":3},"county_demographics":[{"County":"Fulton","confirmed_cases":1614,"total_tested":27484,"demographics":{"age":[{"race":[],"age_group":"<20","count":271,"tested":3449,"deaths":0},{"race":[],"age_group":"20-29   ","count":278,"tested":3836,"deaths":0},{"race":[],"age_group":"30-39   ","count":193,"tested":3966,"deaths":0},{"race":[],"age_group":"40-49   ","count":229,"tested":3985,"deaths":0},{"race":[],"age_group":"50-59   ","count":218,"tested":4358,"deaths":0},{"race":[],"age_group":"60-69   ","count":197,"tested":3489,"deaths":0},{"race":[],"age_group":"70-79   ","count":126,"tested":2151,"deaths":0},{"race":[],"age_group":"80+","count":94,"tested":2248,"deaths":0},{"race":[],"age_group":"Unknown","count":0,"tested":0,"deaths":0}],"race":[{"description":"AI/AN**","count":0,"tested":10,"deaths":0,"color":"rgb(31,119,180)"},{"description":"Asian","count":0,"tested":8,"deaths":0,"color":"rgb(140,86,75)"},{"description":"Black","count":48,"tested":329,"deaths":0,"color":"rgb(255,127,14)"},{"description":"Hispanic","count":17,"tested":90,"deaths":0,"color":"rgb(214,39,40)"},{"description":"Left Blank","count":1144,"tested":21617,"deaths":0,"color":"rgb(44,160,44)"},{"description":"NH/PI*","count":0,"tested":0,"deaths":0,"color":"rgb(127,127,127)"},{"description":"Other","count":11,"tested":100,"deaths":0,"color":"rgb(148,103,189)"},{"description":"White","count":391,"tested":5328,"deaths":0,"color":"rgb(31,119,180)"}],"gender":[{"description":"Female","count":834,"tested":16820,"deaths":0,"color":"rgb(255,127,14)"},{"description":"Male","count":753,"tested":10090,"deaths":0,"color":"rgb(31,119,180)"},{"description":"Unknown/Left Blank","count":25,"tested":574,"deaths":0,"color":"rgb(44,160,44)"}]}}]}
