{"lastUpdatedDate":{"year":2020,"month":12,"day":3},"county_demographics":[{"County":"Adams","confirmed_cases":4941,"total_tested":67538,"demographics":{"age":[{"race":[],"age_group":"<20","count":722,"tested":6983,"deaths":0},{"race":[],"age_group":"20-29   ","count":779,"tested":8523,"deaths":0},{"race":[],"age_group":"30-39   ","count":678,"tested":9209,"deaths":0},{"race":[],"age_group":"40-49   ","count":652,"tested":8536,"deaths":0},{"race":[],"age_group":"50-59   ","count":757,"tested":10577,"deaths":0},{"race":[],"age_group":"60-69   ","count":671,"tested":7996,"deaths":0},{"race":[],"age_group":"70-79   ","count":413,"tested":6698,"deaths":0},{"race":[],"age_group":"80+","count":267,"tested":8989,"deaths":0},{"race":[],"age_group":"Unknown","count":0,"tested":27,"deaths":0}],"race":[{"description":"AI/AN**","count":0,"tested":24,"deaths":0,"color":"rgb(31,119,180)"},{"description":"Asian","count":0,"tested":99,"deaths":0,"color":"rgb(140,86,75)"},{"description":"Black","count":87,"tested":662,"deaths":0,"color":"rgb(255,127,14)"},{"description":"Hispanic","count":8,"tested":171,"deaths":0,"color":"rgb(214,39,40)"},{"description":"Left Blank","count":3611,"tested":46033,"deaths":0,"color":"rgb(44,160,44)"},{"description":"NH/PI*","count":0,"tested":45,"deaths":0,"color":"rgb(127,127,127)"},{"description":"Other","count":0,"tested":108,"deaths":0,"color":"rgb(148,103,189)"},{"description":"White","count":1220,"tested":20396,"deaths":0,"color":"rgb(31,119,180)"}],"gender":[{"description":"Female","count":2518,"tested":36619,"deaths":0,"color":"rgb(255,127,14)"},{"description":"Male","count":2153,"tested":25491,"deaths":0,"color":"rgb(31,119,180)"},{"description":"Unknown/Left Blank","count":270,"tested":5428,"deaths":0,"color":"rgb(44,160,44)"}]}}]}
