{"lastUpdatedDate":{"year":2021,"month":3,"day":9},"county_demographics":[{"County":"Bond","confirmed_cases":1918,"total_tested":26778,"demographics":{"age":[{"race":[],"age_group":"<20","count":289,"tested":3662,"deaths":0},{"race":[],"age_group":"20-29   ","count":335,"tested":6040,"deaths":0},{"race":[],"age_group":"30-39   ","count":291,"tested":3951,"deaths":0},{"race":[],"age_group":"40-49   ","count":283,"tested":3478,"deaths":0},{"race":[],"age_group":"50-59   ","count":293,"tested":3150,"deaths":0},{"race":[],"age_group":"60-69   ","count":223,"tested":2822,"deaths":0},{"race":[],"age_group":"70-79   ","count":113,"tested":1799,"deaths":0},{"race":[],"age_group":"80+","count":91,"tested":1800,"deaths":0},{"race":[],"age_group":"Unknown","count":0,"tested":76,"deaths":0}],"race":[{"description":"AI/AN**","count":0,"tested":11,"deaths":0,"color":"rgb(31,119,180)"},{"description":"Asian","count":0,"tested":205,"deaths":0,"color":"rgb(140,86,75)"},{"description":"Black","count":27,"tested":746,"deaths":0,"color":"rgb(255,127,14)"},{"description":"Hispanic","count":17,"tested":557,"deaths":0,"color":"rgb(214,39,40)"},{"description":"Left Blank","count":1011,"tested":14848,"deaths":0,"color":"rgb(44,160,44)"},{"description":"NH/PI*","count":0,"tested":19,"deaths":0,"color":"rgb(127,127,127)"},{"description":"Other","count":22,"tested":232,"deaths":0,"color":"rgb(148,103,189)"},{"description":"White","count":826,"tested":10160,"deaths":0,"color":"rgb(31,119,180)"}],"gender":[{"description":"Female","count":898,"tested":13227,"deaths":0,"color":"rgb(255,127,14)"},{"description":"Male","count":985,"tested":12043,"deaths":0,"color":"rgb(31,119,180)"},{"description":"Unknown/Left Blank","count":35,"tested":1508,"deaths":0,"color":"rgb(44,160,44)"}]}}]}
