{"lastUpdatedDate":{"year":2021,"month":3,"day":9},"county_demographics":[{"County":"Alexander","confirmed_cases":453,"total_tested":5073,"demographics":{"age":[{"race":[],"age_group":"<20","count":41,"tested":387,"deaths":0},{"race":[],"age_group":"20-29   ","count":43,"tested":731,"deaths":0},{"race":[],"age_group":"30-39   ","count":72,"tested":657,"deaths":0},{"race":[],"age_group":"40-49   ","count":56,"tested":792,"deaths":0},{"race":[],"age_group":"50-59   ","count":78,"tested":1059,"deaths":0},{"race":[],"age_group":"60-69   ","count":79,"tested":897,"deaths":0},{"race":[],"age_group":"70-79   ","count":55,"tested":339,"deaths":0},{"race":[],"age_group":"80+","count":14,"tested":211,"deaths":0},{"race":[],"age_group":"Unknown","count":0,"tested":0,"deaths":0}],"race":[{"description":"Asian","count":0,"tested":0,"deaths":0,"color":"rgb(140,86,75)"},{"description":"Black","count":121,"tested":1299,"deaths":0,"color":"rgb(255,127,14)"},{"description":"Hispanic","count":0,"tested":17,"deaths":0,"color":"rgb(214,39,40)"},{"description":"Left Blank","count":135,"tested":1965,"deaths":0,"color":"rgb(44,160,44)"},{"description":"NH/PI*","count":0,"tested":0,"deaths":0,"color":"rgb(127,127,127)"},{"description":"Other","count":0,"tested":28,"deaths":0,"color":"rgb(148,103,189)"},{"description":"White","count":192,"tested":1760,"deaths":0,"color":"rgb(31,119,180)"}],"gender":[{"description":"Female","count":263,"tested":3063,"deaths":0,"color":"rgb(255,127,14)"},{"description":"Male","count":180,"tested":1657,"deaths":0,"color":"rgb(31,119,180)"},{"description":"Unknown/Left Blank","count":10,"tested":353,"deaths":0,"color":"rgb(44,160,44)"}]}}]}
