{"lastUpdatedDate":{"year":2021,"month":3,"day":9},"county_demographics":[{"County":"Pope","confirmed_cases":285,"total_tested":2667,"demographics":{"age":[{"race":[],"age_group":"<20","count":20,"tested":309,"deaths":0},{"race":[],"age_group":"20-29   ","count":32,"tested":330,"deaths":0},{"race":[],"age_group":"30-39   ","count":25,"tested":348,"deaths":0},{"race":[],"age_group":"40-49   ","count":40,"tested":413,"deaths":0},{"race":[],"age_group":"50-59   ","count":39,"tested":451,"deaths":0},{"race":[],"age_group":"60-69   ","count":62,"tested":478,"deaths":0},{"race":[],"age_group":"70-79   ","count":27,"tested":226,"deaths":0},{"race":[],"age_group":"80+","count":17,"tested":112,"deaths":0}],"race":[{"description":"AI/AN**","count":0,"tested":0,"deaths":0,"color":"rgb(31,119,180)"},{"description":"Black","count":0,"tested":20,"deaths":0,"color":"rgb(255,127,14)"},{"description":"Hispanic","count":0,"tested":0,"deaths":0,"color":"rgb(214,39,40)"},{"description":"Left Blank","count":109,"tested":1388,"deaths":0,"color":"rgb(44,160,44)"},{"description":"NH/PI*","count":0,"tested":0,"deaths":0,"color":"rgb(127,127,127)"},{"description":"Other","count":0,"tested":17,"deaths":0,"color":"rgb(148,103,189)"},{"description":"White","count":169,"tested":1239,"deaths":0,"color":"rgb(31,119,180)"}],"gender":[{"description":"Female","count":147,"tested":1432,"deaths":0,"color":"rgb(255,127,14)"},{"description":"Male","count":135,"tested":963,"deaths":0,"color":"rgb(31,119,180)"},{"description":"Unknown/Left Blank","count":0,"tested":272,"deaths":0,"color":"rgb(44,160,44)"}]}}]}
