{"lastUpdatedDate":{"year":2021,"month":3,"day":9},"county_demographics":[{"County":"Logan","confirmed_cases":3317,"total_tested":69417,"demographics":{"age":[{"race":[],"age_group":"<20","count":354,"tested":6266,"deaths":0},{"race":[],"age_group":"20-29   ","count":524,"tested":11360,"deaths":0},{"race":[],"age_group":"30-39   ","count":663,"tested":14005,"deaths":0},{"race":[],"age_group":"40-49   ","count":511,"tested":10717,"deaths":0},{"race":[],"age_group":"50-59   ","count":466,"tested":9431,"deaths":0},{"race":[],"age_group":"60-69   ","count":367,"tested":6556,"deaths":0},{"race":[],"age_group":"70-79   ","count":220,"tested":3641,"deaths":0},{"race":[],"age_group":"80+","count":210,"tested":4713,"deaths":0},{"race":[],"age_group":"Unknown","count":0,"tested":2728,"deaths":0}],"race":[{"description":"AI/AN**","count":0,"tested":20,"deaths":0,"color":"rgb(31,119,180)"},{"description":"Asian","count":14,"tested":77,"deaths":0,"color":"rgb(140,86,75)"},{"description":"Black","count":350,"tested":1212,"deaths":0,"color":"rgb(255,127,14)"},{"description":"Hispanic","count":99,"tested":319,"deaths":0,"color":"rgb(214,39,40)"},{"description":"Left Blank","count":511,"tested":47295,"deaths":0,"color":"rgb(44,160,44)"},{"description":"NH/PI*","count":0,"tested":35,"deaths":0,"color":"rgb(127,127,127)"},{"description":"Other","count":21,"tested":542,"deaths":0,"color":"rgb(148,103,189)"},{"description":"White","count":2314,"tested":19917,"deaths":0,"color":"rgb(31,119,180)"}],"gender":[{"description":"Female","count":1761,"tested":34182,"deaths":0,"color":"rgb(255,127,14)"},{"description":"Male","count":1355,"tested":16880,"deaths":0,"color":"rgb(31,119,180)"},{"description":"Unknown/Left Blank","count":201,"tested":18355,"deaths":0,"color":"rgb(44,160,44)"}]}}]}
