{"lastUpdatedDate":{"year":2021,"month":3,"day":9},"county_demographics":[{"County":"Cass","confirmed_cases":1898,"total_tested":18091,"demographics":{"age":[{"race":[],"age_group":"<20","count":350,"tested":3010,"deaths":0},{"race":[],"age_group":"20-29   ","count":320,"tested":2872,"deaths":0},{"race":[],"age_group":"30-39   ","count":302,"tested":2685,"deaths":0},{"race":[],"age_group":"40-49   ","count":269,"tested":2729,"deaths":0},{"race":[],"age_group":"50-59   ","count":250,"tested":2714,"deaths":0},{"race":[],"age_group":"60-69   ","count":196,"tested":1789,"deaths":0},{"race":[],"age_group":"70-79   ","count":113,"tested":1165,"deaths":0},{"race":[],"age_group":"80+","count":98,"tested":1124,"deaths":0},{"race":[],"age_group":"Unknown","count":0,"tested":0,"deaths":0}],"race":[{"description":"AI/AN**","count":0,"tested":14,"deaths":0,"color":"rgb(31,119,180)"},{"description":"Asian","count":11,"tested":57,"deaths":0,"color":"rgb(140,86,75)"},{"description":"Black","count":60,"tested":545,"deaths":0,"color":"rgb(255,127,14)"},{"description":"Hispanic","count":639,"tested":2542,"deaths":0,"color":"rgb(214,39,40)"},{"description":"Left Blank","count":136,"tested":4979,"deaths":0,"color":"rgb(44,160,44)"},{"description":"NH/PI*","count":0,"tested":6,"deaths":0,"color":"rgb(127,127,127)"},{"description":"Other","count":8,"tested":1150,"deaths":0,"color":"rgb(148,103,189)"},{"description":"White","count":1036,"tested":8798,"deaths":0,"color":"rgb(31,119,180)"}],"gender":[{"description":"Female","count":1013,"tested":10488,"deaths":0,"color":"rgb(255,127,14)"},{"description":"Male","count":841,"tested":6723,"deaths":0,"color":"rgb(31,119,180)"},{"description":"Unknown/Left Blank","count":44,"tested":880,"deaths":0,"color":"rgb(44,160,44)"}]}}]}
