{"lastUpdatedDate":{"year":2021,"month":3,"day":9},"county_demographics":[{"County":"Kendall","confirmed_cases":11228,"total_tested":113599,"demographics":{"age":[{"race":[],"age_group":"<20","count":2002,"tested":19212,"deaths":0},{"race":[],"age_group":"20-29   ","count":1958,"tested":19011,"deaths":0},{"race":[],"age_group":"30-39   ","count":2040,"tested":19540,"deaths":0},{"race":[],"age_group":"40-49   ","count":2162,"tested":19331,"deaths":0},{"race":[],"age_group":"50-59   ","count":1613,"tested":16018,"deaths":0},{"race":[],"age_group":"60-69   ","count":815,"tested":10066,"deaths":0},{"race":[],"age_group":"70-79   ","count":406,"tested":5910,"deaths":0},{"race":[],"age_group":"80+","count":230,"tested":4483,"deaths":0},{"race":[],"age_group":"Unknown","count":0,"tested":28,"deaths":0}],"race":[{"description":"AI/AN**","count":11,"tested":93,"deaths":0,"color":"rgb(31,119,180)"},{"description":"Asian","count":176,"tested":2039,"deaths":0,"color":"rgb(140,86,75)"},{"description":"Black","count":647,"tested":6029,"deaths":0,"color":"rgb(255,127,14)"},{"description":"Hispanic","count":2465,"tested":12558,"deaths":0,"color":"rgb(214,39,40)"},{"description":"Left Blank","count":2905,"tested":45111,"deaths":0,"color":"rgb(44,160,44)"},{"description":"NH/PI*","count":7,"tested":63,"deaths":0,"color":"rgb(127,127,127)"},{"description":"Other","count":322,"tested":3762,"deaths":0,"color":"rgb(148,103,189)"},{"description":"White","count":4694,"tested":43944,"deaths":0,"color":"rgb(31,119,180)"}],"gender":[{"description":"Female","count":5879,"tested":64730,"deaths":0,"color":"rgb(255,127,14)"},{"description":"Male","count":5301,"tested":46571,"deaths":0,"color":"rgb(31,119,180)"},{"description":"Unknown/Left Blank","count":48,"tested":2298,"deaths":0,"color":"rgb(44,160,44)"}]}}]}
