{"age":[{"age_group":"<20","count":143,"tested":1481},{"age_group":"20-29   ","count":150,"tested":1775},{"age_group":"30-39   ","count":169,"tested":1729},{"age_group":"40-49   ","count":158,"tested":1638},{"age_group":"50-59   ","count":132,"tested":1631},{"age_group":"60-69   ","count":107,"tested":1414},{"age_group":"70-79   ","count":52,"tested":582},{"age_group":"80+","count":27,"tested":355}],"race":[{"description":"Black","count":421,"tested":4874,"color":"rgb(255,127,14)"},{"description":"Hispanic","count":120,"tested":644,"color":"rgb(214,39,40)"},{"description":"White","count":32,"tested":505,"color":"rgb(31,119,180)"},{"description":"Other","count":26,"tested":202,"color":"rgb(148,103,189)"},{"description":"Left Blank","count":336,"tested":4363,"color":"rgb(44,160,44)"}],"gender":[{"description":"Male","count":408,"tested":4100,"color":"rgb(31,119,180)"},{"description":"Unknown/Left Blank","count":10,"tested":227,"color":"rgb(44,160,44)"},{"description":"Female","count":520,"tested":6284,"color":"rgb(255,127,14)"}]}
