{"age":[{"age_group":"<20","count":79,"tested":452},{"age_group":"20-29   ","count":105,"tested":975},{"age_group":"30-39   ","count":100,"tested":790},{"age_group":"40-49   ","count":103,"tested":756},{"age_group":"50-59   ","count":86,"tested":765},{"age_group":"60-69   ","count":55,"tested":631},{"age_group":"70-79   ","count":26,"tested":324},{"age_group":"80+","count":10,"tested":149}],"race":[{"description":"Left Blank","count":180,"tested":1874,"color":"rgb(44,160,44)"},{"description":"Other","count":15,"tested":176,"color":"rgb(148,103,189)"},{"description":"White","count":75,"tested":852,"color":"rgb(31,119,180)"},{"description":"Hispanic","count":202,"tested":837,"color":"rgb(214,39,40)"},{"description":"Black","count":85,"tested":1028,"color":"rgb(255,127,14)"}],"gender":[{"description":"Female","count":287,"tested":2710,"color":"rgb(255,127,14)"},{"description":"Male","count":273,"tested":2057,"color":"rgb(31,119,180)"}]}
