{"age":[{"age_group":"<20","count":252,"tested":1605},{"age_group":"20-29   ","count":383,"tested":2815},{"age_group":"30-39   ","count":352,"tested":2903},{"age_group":"40-49   ","count":328,"tested":2317},{"age_group":"50-59   ","count":324,"tested":2457},{"age_group":"60-69   ","count":197,"tested":2207},{"age_group":"70-79   ","count":93,"tested":1174},{"age_group":"80+","count":47,"tested":545}],"race":[{"description":"Black","count":235,"tested":2069,"color":"rgb(255,127,14)"},{"description":"Other","count":64,"tested":515,"color":"rgb(148,103,189)"},{"description":"White","count":467,"tested":4078,"color":"rgb(31,119,180)"},{"description":"Asian","count":26,"tested":154,"color":"rgb(140,86,75)"},{"description":"Left Blank","count":861,"tested":7702,"color":"rgb(44,160,44)"},{"description":"Hispanic","count":319,"tested":1475,"color":"rgb(214,39,40)"}],"gender":[{"description":"Male","count":909,"tested":6594,"color":"rgb(31,119,180)"},{"description":"Unknown/Left Blank","count":14,"tested":209,"color":"rgb(44,160,44)"},{"description":"Female","count":1053,"tested":9224,"color":"rgb(255,127,14)"}]}
