{"age":[{"age_group":"<20","count":430,"tested":2844},{"age_group":"20-29   ","count":649,"tested":5759},{"age_group":"30-39   ","count":560,"tested":4884},{"age_group":"40-49   ","count":467,"tested":4124},{"age_group":"50-59   ","count":527,"tested":4992},{"age_group":"60-69   ","count":399,"tested":4503},{"age_group":"70-79   ","count":210,"tested":2485},{"age_group":"80+","count":120,"tested":1661}],"race":[{"description":"Left Blank","count":1390,"tested":14849,"color":"rgb(44,160,44)"},{"description":"White","count":1479,"tested":12145,"color":"rgb(31,119,180)"},{"description":"Other","count":127,"tested":1070,"color":"rgb(148,103,189)"},{"description":"Black","count":124,"tested":1637,"color":"rgb(255,127,14)"},{"description":"Asian","count":68,"tested":558,"color":"rgb(140,86,75)"},{"description":"Hispanic","count":167,"tested":934,"color":"rgb(214,39,40)"}],"gender":[{"description":"Unknown/Left Blank","count":32,"tested":504,"color":"rgb(44,160,44)"},{"description":"Male","count":1569,"tested":12816,"color":"rgb(31,119,180)"},{"description":"Female","count":1761,"tested":17940,"color":"rgb(255,127,14)"}]}
