{"age":[{"age_group":"<20","count":803,"tested":8214},{"age_group":"20-29   ","count":530,"tested":7503},{"age_group":"30-39   ","count":463,"tested":7320},{"age_group":"40-49   ","count":653,"tested":7859},{"age_group":"50-59   ","count":650,"tested":8947},{"age_group":"60-69   ","count":361,"tested":6391},{"age_group":"70-79   ","count":187,"tested":4049},{"age_group":"80+","count":167,"tested":8370}],"race":[{"description":"Other","count":109,"tested":1533,"color":"rgb(148,103,189)"},{"description":"Left Blank","count":954,"tested":31297,"color":"rgb(44,160,44)"},{"description":"Black","count":91,"tested":572,"color":"rgb(255,127,14)"},{"description":"Asian","count":143,"tested":1297,"color":"rgb(140,86,75)"},{"description":"White","count":2182,"tested":22149,"color":"rgb(31,119,180)"},{"description":"Hispanic","count":323,"tested":1751,"color":"rgb(214,39,40)"},{"description":"AI/AN**","count":9,"tested":32,"color":"rgb(31,119,180)"}],"gender":[{"description":"Male","count":1917,"tested":23448,"color":"rgb(31,119,180)"},{"description":"Unknown/Left Blank","count":16,"tested":665,"color":"rgb(44,160,44)"},{"description":"Female","count":1881,"tested":34547,"color":"rgb(255,127,14)"}]}
