{"age":[{"age_group":"<20","count":672,"tested":4523},{"age_group":"20-29   ","count":735,"tested":6703},{"age_group":"30-39   ","count":673,"tested":5611},{"age_group":"40-49   ","count":646,"tested":5658},{"age_group":"50-59   ","count":609,"tested":6990},{"age_group":"60-69   ","count":391,"tested":5861},{"age_group":"70-79   ","count":175,"tested":2590},{"age_group":"80+","count":101,"tested":1748}],"race":[{"description":"Black","count":42,"tested":537,"color":"rgb(255,127,14)"},{"description":"Asian","count":148,"tested":1008,"color":"rgb(140,86,75)"},{"description":"Hispanic","count":1857,"tested":6183,"color":"rgb(214,39,40)"},{"description":"White","count":1008,"tested":8366,"color":"rgb(31,119,180)"},{"description":"Other","count":88,"tested":935,"color":"rgb(148,103,189)"},{"description":"Left Blank","count":853,"tested":22616,"color":"rgb(44,160,44)"}],"gender":[{"description":"Female","count":1986,"tested":21857,"color":"rgb(255,127,14)"},{"description":"Male","count":2003,"tested":17242,"color":"rgb(31,119,180)"},{"description":"Unknown/Left Blank","count":13,"tested":591,"color":"rgb(44,160,44)"}]}
