{"age":[{"age_group":"<20","count":247,"tested":2227},{"age_group":"20-29   ","count":269,"tested":2752},{"age_group":"30-39   ","count":215,"tested":2583},{"age_group":"40-49   ","count":247,"tested":2226},{"age_group":"50-59   ","count":271,"tested":2750},{"age_group":"60-69   ","count":195,"tested":2929},{"age_group":"70-79   ","count":93,"tested":1894},{"age_group":"80+","count":52,"tested":1056}],"race":[{"description":"Black","count":35,"tested":325,"color":"rgb(255,127,14)"},{"description":"Hispanic","count":118,"tested":561,"color":"rgb(214,39,40)"},{"description":"White","count":790,"tested":6601,"color":"rgb(31,119,180)"},{"description":"Asian","count":78,"tested":939,"color":"rgb(140,86,75)"},{"description":"Other","count":71,"tested":728,"color":"rgb(148,103,189)"},{"description":"Left Blank","count":494,"tested":9227,"color":"rgb(44,160,44)"}],"gender":[{"description":"Female","count":796,"tested":10194,"color":"rgb(255,127,14)"},{"description":"Male","count":778,"tested":8116,"color":"rgb(31,119,180)"},{"description":"Unknown/Left Blank","count":15,"tested":111,"color":"rgb(44,160,44)"}]}
