{"age":[{"age_group":"<20","count":255,"tested":2484},{"age_group":"20-29   ","count":201,"tested":3088},{"age_group":"30-39   ","count":209,"tested":3495},{"age_group":"40-49   ","count":225,"tested":3678},{"age_group":"50-59   ","count":218,"tested":3750},{"age_group":"60-69   ","count":135,"tested":2898},{"age_group":"70-79   ","count":52,"tested":1532},{"age_group":"80+","count":27,"tested":2714}],"race":[{"description":"Black","count":42,"tested":1494,"color":"rgb(255,127,14)"},{"description":"Asian","count":21,"tested":404,"color":"rgb(140,86,75)"},{"description":"Hispanic","count":280,"tested":2774,"color":"rgb(214,39,40)"},{"description":"Left Blank","count":405,"tested":6940,"color":"rgb(44,160,44)"},{"description":"White","count":498,"tested":11065,"color":"rgb(31,119,180)"},{"description":"Other","count":73,"tested":929,"color":"rgb(148,103,189)"}],"gender":[{"description":"Female","count":699,"tested":14407,"color":"rgb(255,127,14)"},{"description":"Male","count":616,"tested":8797,"color":"rgb(31,119,180)"},{"description":"Unknown/Left Blank","count":8,"tested":443,"color":"rgb(44,160,44)"}]}
