{"age":[{"age_group":"<20","count":15,"tested":216},{"age_group":"20-29   ","count":31,"tested":189},{"age_group":"30-39   ","count":23,"tested":240},{"age_group":"40-49   ","count":19,"tested":168},{"age_group":"50-59   ","count":31,"tested":234},{"age_group":"60-69   ","count":8,"tested":108}],"race":[{"description":"Left Blank","count":29,"tested":407,"color":"rgb(44,160,44)"},{"description":"Other","count":17,"tested":77,"color":"rgb(148,103,189)"},{"description":"White","count":91,"tested":727,"color":"rgb(31,119,180)"}],"gender":[{"description":"Male","count":73,"tested":512,"color":"rgb(31,119,180)"},{"description":"Female","count":65,"tested":701,"color":"rgb(255,127,14)"}]}
