{"age":[{"age_group":"<20","count":1007,"tested":7133},{"age_group":"20-29   ","count":1260,"tested":12630},{"age_group":"30-39   ","count":1197,"tested":11361},{"age_group":"40-49   ","count":1176,"tested":10124},{"age_group":"50-59   ","count":884,"tested":8055},{"age_group":"60-69   ","count":591,"tested":7388},{"age_group":"70-79   ","count":262,"tested":4172},{"age_group":"80+","count":122,"tested":2778}],"race":[{"description":"AI/AN**","count":6,"tested":37,"color":"rgb(31,119,180)"},{"description":"Black","count":760,"tested":8770,"color":"rgb(255,127,14)"},{"description":"Hispanic","count":3593,"tested":15991,"color":"rgb(214,39,40)"},{"description":"Asian","count":87,"tested":1299,"color":"rgb(140,86,75)"},{"description":"White","count":590,"tested":7357,"color":"rgb(31,119,180)"},{"description":"Left Blank","count":1227,"tested":27876,"color":"rgb(44,160,44)"},{"description":"Other","count":233,"tested":2320,"color":"rgb(148,103,189)"}],"gender":[{"description":"Female","count":3336,"tested":33705,"color":"rgb(255,127,14)"},{"description":"Male","count":3113,"tested":26413,"color":"rgb(31,119,180)"},{"description":"Unknown/Left Blank","count":50,"tested":3557,"color":"rgb(44,160,44)"}]}
