{"age":[{"age_group":"<20","count":984,"tested":10907},{"age_group":"20-29   ","count":1497,"tested":22253},{"age_group":"30-39   ","count":1652,"tested":27776},{"age_group":"40-49   ","count":1247,"tested":15708},{"age_group":"50-59   ","count":895,"tested":10413},{"age_group":"60-69   ","count":546,"tested":6662},{"age_group":"70-79   ","count":255,"tested":3227},{"age_group":"80+","count":168,"tested":2376}],"race":[{"description":"AI/AN**","count":19,"tested":93,"color":"rgb(31,119,180)"},{"description":"NH/PI*","count":14,"tested":157,"color":"rgb(127,127,127)"},{"description":"Black","count":152,"tested":2332,"color":"rgb(255,127,14)"},{"description":"Asian","count":182,"tested":3135,"color":"rgb(140,86,75)"},{"description":"Hispanic","count":3141,"tested":17713,"color":"rgb(214,39,40)"},{"description":"Left Blank","count":1670,"tested":38713,"color":"rgb(44,160,44)"},{"description":"Other","count":358,"tested":4847,"color":"rgb(148,103,189)"},{"description":"White","count":1708,"tested":32362,"color":"rgb(31,119,180)"}],"gender":[{"description":"Female","count":3485,"tested":52912,"color":"rgb(255,127,14)"},{"description":"Male","count":3590,"tested":44084,"color":"rgb(31,119,180)"},{"description":"Unknown/Left Blank","count":169,"tested":2356,"color":"rgb(44,160,44)"}]}
