{"age":[{"age_group":"30-39   ","count":6,"tested":415},{"age_group":"40-49   ","count":6,"tested":334},{"age_group":"50-59   ","count":15,"tested":415},{"age_group":"60-69   ","count":14,"tested":510},{"age_group":"70-79   ","count":12,"tested":633},{"age_group":"80+","count":8,"tested":130}],"race":[{"description":"Left Blank","count":16,"tested":209,"color":"rgb(44,160,44)"},{"description":"White","count":14,"tested":270,"color":"rgb(31,119,180)"},{"description":"Black","count":24,"tested":603,"color":"rgb(255,127,14)"}],"gender":[{"description":"Male","count":38,"tested":1950,"color":"rgb(31,119,180)"},{"description":"Female","count":28,"tested":740,"color":"rgb(255,127,14)"}]}
