{"age":[{"age_group":"<20","count":151,"tested":939},{"age_group":"20-29   ","count":229,"tested":1982},{"age_group":"30-39   ","count":184,"tested":1791},{"age_group":"40-49   ","count":177,"tested":1544},{"age_group":"50-59   ","count":162,"tested":1825},{"age_group":"60-69   ","count":140,"tested":1542},{"age_group":"70-79   ","count":51,"tested":805},{"age_group":"80+","count":31,"tested":348}],"race":[{"description":"White","count":382,"tested":3095,"color":"rgb(31,119,180)"},{"description":"Asian","count":21,"tested":170,"color":"rgb(140,86,75)"},{"description":"Hispanic","count":129,"tested":589,"color":"rgb(214,39,40)"},{"description":"Left Blank","count":492,"tested":6108,"color":"rgb(44,160,44)"},{"description":"Other","count":76,"tested":547,"color":"rgb(148,103,189)"},{"description":"Black","count":24,"tested":257,"color":"rgb(255,127,14)"}],"gender":[{"description":"Male","count":545,"tested":4422,"color":"rgb(31,119,180)"},{"description":"Female","count":575,"tested":5748,"color":"rgb(255,127,14)"}]}
