{"age":[{"age_group":"20-29   ","count":6,"tested":52},{"age_group":"30-39   ","count":6,"tested":44},{"age_group":"40-49   ","count":8,"tested":75},{"age_group":"50-59   ","count":6,"tested":51},{"age_group":"60-69   ","count":9,"tested":51}],"race":[{"description":"Left Blank","count":22,"tested":155,"color":"rgb(44,160,44)"},{"description":"White","count":19,"tested":185,"color":"rgb(31,119,180)"}],"gender":[{"description":"Male","count":21,"tested":158,"color":"rgb(31,119,180)"},{"description":"Female","count":21,"tested":196,"color":"rgb(255,127,14)"}]}
