{"age":[{"age_group":"<20","count":53,"tested":971},{"age_group":"20-29   ","count":36,"tested":629},{"age_group":"30-39   ","count":26,"tested":602},{"age_group":"40-49   ","count":44,"tested":864},{"age_group":"50-59   ","count":36,"tested":608},{"age_group":"60-69   ","count":23,"tested":666},{"age_group":"70-79   ","count":9,"tested":365},{"age_group":"80+","count":8,"tested":137}],"race":[{"description":"Hispanic","count":18,"tested":149,"color":"rgb(214,39,40)"},{"description":"Left Blank","count":81,"tested":2054,"color":"rgb(44,160,44)"},{"description":"Black","count":24,"tested":269,"color":"rgb(255,127,14)"},{"description":"Asian","count":9,"tested":142,"color":"rgb(140,86,75)"},{"description":"White","count":88,"tested":1937,"color":"rgb(31,119,180)"},{"description":"Other","count":15,"tested":293,"color":"rgb(148,103,189)"}],"gender":[{"description":"Female","count":117,"tested":2678,"color":"rgb(255,127,14)"},{"description":"Male","count":117,"tested":2095,"color":"rgb(31,119,180)"}]}
