{"age":[{"age_group":"<20","count":6,"tested":103},{"age_group":"20-29   ","count":11,"tested":110},{"age_group":"40-49   ","count":22,"tested":131},{"age_group":"50-59   ","count":16,"tested":120},{"age_group":"60-69   ","count":9,"tested":81},{"age_group":"70-79   ","count":6,"tested":50}],"race":[{"description":"Left Blank","count":36,"tested":426,"color":"rgb(44,160,44)"},{"description":"White","count":43,"tested":319,"color":"rgb(31,119,180)"}],"gender":[{"description":"Male","count":40,"tested":317,"color":"rgb(31,119,180)"},{"description":"Female","count":43,"tested":436,"color":"rgb(255,127,14)"}]}
