{"age":[{"age_group":"<20","count":26,"tested":244},{"age_group":"20-29   ","count":22,"tested":285},{"age_group":"30-39   ","count":21,"tested":319},{"age_group":"40-49   ","count":31,"tested":198},{"age_group":"50-59   ","count":19,"tested":330},{"age_group":"60-69   ","count":23,"tested":344},{"age_group":"70-79   ","count":8,"tested":135}],"race":[{"description":"Left Blank","count":26,"tested":536,"color":"rgb(44,160,44)"},{"description":"White","count":118,"tested":1298,"color":"rgb(31,119,180)"}],"gender":[{"description":"Female","count":86,"tested":1289,"color":"rgb(255,127,14)"},{"description":"Male","count":65,"tested":578,"color":"rgb(31,119,180)"}]}
