{"age":[{"age_group":"<20","count":125,"tested":914},{"age_group":"20-29   ","count":113,"tested":936},{"age_group":"30-39   ","count":98,"tested":890},{"age_group":"40-49   ","count":109,"tested":777},{"age_group":"50-59   ","count":101,"tested":956},{"age_group":"60-69   ","count":77,"tested":635},{"age_group":"70-79   ","count":23,"tested":383},{"age_group":"80+","count":13,"tested":216}],"race":[{"description":"Black","count":7,"tested":47,"color":"rgb(255,127,14)"},{"description":"Hispanic","count":105,"tested":313,"color":"rgb(214,39,40)"},{"description":"White","count":340,"tested":2626,"color":"rgb(31,119,180)"},{"description":"Left Blank","count":200,"tested":2655,"color":"rgb(44,160,44)"},{"description":"Other","count":6,"tested":49,"color":"rgb(148,103,189)"}],"gender":[{"description":"Male","count":323,"tested":2317,"color":"rgb(31,119,180)"},{"description":"Female","count":337,"tested":3361,"color":"rgb(255,127,14)"}]}
