{"age":[{"age_group":"<20","count":515,"tested":5271},{"age_group":"20-29   ","count":415,"tested":5563},{"age_group":"30-39   ","count":378,"tested":5647},{"age_group":"40-49   ","count":354,"tested":5426},{"age_group":"50-59   ","count":429,"tested":7591},{"age_group":"60-69   ","count":315,"tested":6874},{"age_group":"70-79   ","count":153,"tested":4179},{"age_group":"80+","count":145,"tested":3787}],"race":[{"description":"Left Blank","count":897,"tested":26233,"color":"rgb(44,160,44)"},{"description":"Other","count":106,"tested":1071,"color":"rgb(148,103,189)"},{"description":"Black","count":93,"tested":1046,"color":"rgb(255,127,14)"},{"description":"Asian","count":21,"tested":358,"color":"rgb(140,86,75)"},{"description":"White","count":1211,"tested":13658,"color":"rgb(31,119,180)"},{"description":"Hispanic","count":372,"tested":1962,"color":"rgb(214,39,40)"}],"gender":[{"description":"Female","count":1368,"tested":25030,"color":"rgb(255,127,14)"},{"description":"Male","count":1310,"tested":17900,"color":"rgb(31,119,180)"},{"description":"Unknown/Left Blank","count":26,"tested":1433,"color":"rgb(44,160,44)"}]}
