{"age":[{"age_group":"<20","count":341,"tested":2833},{"age_group":"20-29   ","count":453,"tested":3659},{"age_group":"30-39   ","count":365,"tested":3615},{"age_group":"40-49   ","count":378,"tested":3393},{"age_group":"50-59   ","count":365,"tested":3545},{"age_group":"60-69   ","count":160,"tested":1952},{"age_group":"70-79   ","count":63,"tested":1009},{"age_group":"80+","count":22,"tested":604}],"race":[{"description":"Black","count":36,"tested":390,"color":"rgb(255,127,14)"},{"description":"White","count":994,"tested":8430,"color":"rgb(31,119,180)"},{"description":"Asian","count":74,"tested":545,"color":"rgb(140,86,75)"},{"description":"Other","count":43,"tested":351,"color":"rgb(148,103,189)"},{"description":"Left Blank","count":694,"tested":9404,"color":"rgb(44,160,44)"},{"description":"Hispanic","count":301,"tested":1452,"color":"rgb(214,39,40)"}],"gender":[{"description":"Male","count":1052,"tested":8747,"color":"rgb(31,119,180)"},{"description":"Female","count":1078,"tested":11748,"color":"rgb(255,127,14)"},{"description":"Unknown/Left Blank","count":18,"tested":118,"color":"rgb(44,160,44)"}]}
