{"age":[{"age_group":"<20","count":631,"tested":4565},{"age_group":"20-29   ","count":863,"tested":7888},{"age_group":"30-39   ","count":886,"tested":7612},{"age_group":"40-49   ","count":802,"tested":6758},{"age_group":"50-59   ","count":692,"tested":7393},{"age_group":"60-69   ","count":455,"tested":6143},{"age_group":"70-79   ","count":271,"tested":4082},{"age_group":"80+","count":223,"tested":4596}],"race":[{"description":"Hispanic","count":1252,"tested":5241,"color":"rgb(214,39,40)"},{"description":"Left Blank","count":1300,"tested":20858,"color":"rgb(44,160,44)"},{"description":"White","count":1494,"tested":14693,"color":"rgb(31,119,180)"},{"description":"Black","count":476,"tested":4983,"color":"rgb(255,127,14)"},{"description":"Asian","count":53,"tested":370,"color":"rgb(140,86,75)"},{"description":"Other","count":215,"tested":2748,"color":"rgb(148,103,189)"},{"description":"AI/AN**","count":29,"tested":136,"color":"rgb(31,119,180)"}],"gender":[{"description":"Female","count":2573,"tested":28363,"color":"rgb(255,127,14)"},{"description":"Male","count":2218,"tested":19560,"color":"rgb(31,119,180)"},{"description":"Unknown/Left Blank","count":32,"tested":1122,"color":"rgb(44,160,44)"}]}
