{"age":[{"age_group":"<20","count":355,"tested":3580},{"age_group":"20-29   ","count":434,"tested":5823},{"age_group":"30-39   ","count":436,"tested":5811},{"age_group":"40-49   ","count":440,"tested":5617},{"age_group":"50-59   ","count":465,"tested":5817},{"age_group":"60-69   ","count":318,"tested":4742},{"age_group":"70-79   ","count":174,"tested":2925},{"age_group":"80+","count":126,"tested":2474}],"race":[{"description":"Other","count":91,"tested":776,"color":"rgb(148,103,189)"},{"description":"Black","count":57,"tested":797,"color":"rgb(255,127,14)"},{"description":"White","count":1045,"tested":9699,"color":"rgb(31,119,180)"},{"description":"Asian","count":229,"tested":2408,"color":"rgb(140,86,75)"},{"description":"Left Blank","count":1061,"tested":21398,"color":"rgb(44,160,44)"},{"description":"Hispanic","count":255,"tested":1629,"color":"rgb(214,39,40)"},{"description":"AI/AN**","count":9,"tested":23,"color":"rgb(31,119,180)"}],"gender":[{"description":"Male","count":1274,"tested":14027,"color":"rgb(31,119,180)"},{"description":"Unknown/Left Blank","count":11,"tested":624,"color":"rgb(44,160,44)"},{"description":"Female","count":1464,"tested":22161,"color":"rgb(255,127,14)"}]}
