{"lastUpdatedDate":{"year":2021,"month":2,"day":13},"county_demographics":[{"County":"Champaign","confirmed_cases":17369,"total_tested":1614488,"demographics":{"age":[{"race":[],"age_group":"<20","count":4692,"tested":365226,"deaths":0},{"race":[],"age_group":"Unknown","count":0,"tested":247,"deaths":0},{"race":[],"age_group":"80+","count":444,"tested":19863,"deaths":0},{"race":[],"age_group":"30-39   ","count":2135,"tested":165448,"deaths":0},{"race":[],"age_group":"20-29   ","count":5068,"tested":717069,"deaths":0},{"race":[],"age_group":"70-79   ","count":526,"tested":26312,"deaths":0},{"race":[],"age_group":"40-49   ","count":1802,"tested":126919,"deaths":0},{"race":[],"age_group":"50-59   ","count":1535,"tested":118561,"deaths":0},{"race":[],"age_group":"60-69   ","count":1165,"tested":74843,"deaths":0}],"race":[{"description":"Black","count":2578,"tested":122650,"deaths":0,"color":"rgb(255,127,14)"},{"description":"Other","count":454,"tested":76439,"deaths":0,"color":"rgb(148,103,189)"},{"description":"NH/PI*","count":8,"tested":1089,"deaths":0,"color":"rgb(127,127,127)"},{"description":"AI/AN**","count":10,"tested":2337,"deaths":0,"color":"rgb(31,119,180)"},{"description":"Left Blank","count":598,"tested":82949,"deaths":0,"color":"rgb(44,160,44)"},{"description":"White","count":10679,"tested":905822,"deaths":0,"color":"rgb(31,119,180)"},{"description":"Asian","count":930,"tested":303999,"deaths":0,"color":"rgb(140,86,75)"},{"description":"Hispanic","count":2111,"tested":119203,"deaths":0,"color":"rgb(214,39,40)"}],"gender":[{"description":"Female","count":8710,"tested":791861,"deaths":0,"color":"rgb(255,127,14)"},{"description":"Male","count":8628,"tested":818765,"deaths":0,"color":"rgb(31,119,180)"},{"description":"Unknown/Left Blank","count":31,"tested":3862,"deaths":0,"color":"rgb(44,160,44)"}]}}]}
