{"lastUpdatedDate":{"year":2021,"month":2,"day":13},"county_demographics":[{"County":"Piatt","confirmed_cases":1287,"total_tested":24974,"demographics":{"age":[{"race":[],"age_group":"Unknown","count":0,"tested":0,"deaths":0},{"race":[],"age_group":"30-39   ","count":200,"tested":3400,"deaths":0},{"race":[],"age_group":"40-49   ","count":203,"tested":3245,"deaths":0},{"race":[],"age_group":"70-79   ","count":75,"tested":1655,"deaths":0},{"race":[],"age_group":"20-29   ","count":171,"tested":3469,"deaths":0},{"race":[],"age_group":"60-69   ","count":179,"tested":2878,"deaths":0},{"race":[],"age_group":"80+","count":56,"tested":1865,"deaths":0},{"race":[],"age_group":"<20","count":222,"tested":5269,"deaths":0},{"race":[],"age_group":"50-59   ","count":180,"tested":3189,"deaths":0}],"race":[{"description":"Left Blank","count":252,"tested":7190,"deaths":0,"color":"rgb(44,160,44)"},{"description":"NH/PI*","count":0,"tested":6,"deaths":0,"color":"rgb(127,127,127)"},{"description":"Other","count":22,"tested":577,"deaths":0,"color":"rgb(148,103,189)"},{"description":"Asian","count":0,"tested":128,"deaths":0,"color":"rgb(140,86,75)"},{"description":"Black","count":10,"tested":157,"deaths":0,"color":"rgb(255,127,14)"},{"description":"Hispanic","count":7,"tested":188,"deaths":0,"color":"rgb(214,39,40)"},{"description":"White","count":990,"tested":16691,"deaths":0,"color":"rgb(31,119,180)"},{"description":"AI/AN**","count":0,"tested":37,"deaths":0,"color":"rgb(31,119,180)"}],"gender":[{"description":"Female","count":681,"tested":14927,"deaths":0,"color":"rgb(255,127,14)"},{"description":"Male","count":605,"tested":9778,"deaths":0,"color":"rgb(31,119,180)"},{"description":"Unknown/Left Blank","count":0,"tested":269,"deaths":0,"color":"rgb(44,160,44)"}]}}]}
