{"lastUpdatedDate":{"year":2021,"month":2,"day":13},"county_demographics":[{"County":"Moultrie","confirmed_cases":1471,"total_tested":19365,"demographics":{"age":[{"race":[],"age_group":"80+","count":133,"tested":1483,"deaths":0},{"race":[],"age_group":"40-49   ","count":158,"tested":2601,"deaths":0},{"race":[],"age_group":"30-39   ","count":172,"tested":2617,"deaths":0},{"race":[],"age_group":"50-59   ","count":236,"tested":2798,"deaths":0},{"race":[],"age_group":"20-29   ","count":173,"tested":2966,"deaths":0},{"race":[],"age_group":"60-69   ","count":222,"tested":2411,"deaths":0},{"race":[],"age_group":"Unknown","count":0,"tested":16,"deaths":0},{"race":[],"age_group":"<20","count":235,"tested":2934,"deaths":0},{"race":[],"age_group":"70-79   ","count":142,"tested":1539,"deaths":0}],"race":[{"description":"Left Blank","count":389,"tested":6295,"deaths":0,"color":"rgb(44,160,44)"},{"description":"NH/PI*","count":0,"tested":17,"deaths":0,"color":"rgb(127,127,127)"},{"description":"Other","count":12,"tested":352,"deaths":0,"color":"rgb(148,103,189)"},{"description":"Asian","count":0,"tested":41,"deaths":0,"color":"rgb(140,86,75)"},{"description":"Black","count":14,"tested":184,"deaths":0,"color":"rgb(255,127,14)"},{"description":"AI/AN**","count":0,"tested":0,"deaths":0,"color":"rgb(31,119,180)"},{"description":"Hispanic","count":10,"tested":84,"deaths":0,"color":"rgb(214,39,40)"},{"description":"White","count":1043,"tested":12391,"deaths":0,"color":"rgb(31,119,180)"}],"gender":[{"description":"Female","count":768,"tested":12660,"deaths":0,"color":"rgb(255,127,14)"},{"description":"Male","count":675,"tested":6151,"deaths":0,"color":"rgb(31,119,180)"},{"description":"Unknown/Left Blank","count":28,"tested":554,"deaths":0,"color":"rgb(44,160,44)"}]}}]}
