{"lastUpdatedDate":{"year":2021,"month":2,"day":13},"county_demographics":[{"County":"Lee","confirmed_cases":3281,"total_tested":54027,"demographics":{"age":[{"race":[],"age_group":"30-39   ","count":478,"tested":10426,"deaths":0},{"race":[],"age_group":"50-59   ","count":538,"tested":8133,"deaths":0},{"race":[],"age_group":"20-29   ","count":550,"tested":8479,"deaths":0},{"race":[],"age_group":"70-79   ","count":215,"tested":2326,"deaths":0},{"race":[],"age_group":"80+","count":180,"tested":3223,"deaths":0},{"race":[],"age_group":"40-49   ","count":526,"tested":10357,"deaths":0},{"race":[],"age_group":"60-69   ","count":397,"tested":5501,"deaths":0},{"race":[],"age_group":"<20","count":378,"tested":3300,"deaths":0},{"race":[],"age_group":"Unknown","count":18,"tested":2282,"deaths":0}],"race":[{"description":"Black","count":125,"tested":1033,"deaths":0,"color":"rgb(255,127,14)"},{"description":"Left Blank","count":1151,"tested":36247,"deaths":0,"color":"rgb(44,160,44)"},{"description":"NH/PI*","count":0,"tested":0,"deaths":0,"color":"rgb(127,127,127)"},{"description":"Other","count":84,"tested":532,"deaths":0,"color":"rgb(148,103,189)"},{"description":"AI/AN**","count":0,"tested":7,"deaths":0,"color":"rgb(31,119,180)"},{"description":"White","count":1825,"tested":15567,"deaths":0,"color":"rgb(31,119,180)"},{"description":"Asian","count":14,"tested":115,"deaths":0,"color":"rgb(140,86,75)"},{"description":"Hispanic","count":78,"tested":523,"deaths":0,"color":"rgb(214,39,40)"}],"gender":[{"description":"Female","count":1473,"tested":14892,"deaths":0,"color":"rgb(255,127,14)"},{"description":"Male","count":1695,"tested":14949,"deaths":0,"color":"rgb(31,119,180)"},{"description":"Unknown/Left Blank","count":109,"tested":24186,"deaths":0,"color":"rgb(44,160,44)"}]}}]}
