{"lastUpdatedDate":{"year":2021,"month":2,"day":13},"county_demographics":[{"County":"Out Of State","confirmed_cases":1,"total_tested":106536,"demographics":{"age":[{"race":[],"age_group":"<20","count":0,"tested":17596,"deaths":0},{"race":[],"age_group":"Unknown","count":0,"tested":30,"deaths":0},{"race":[],"age_group":"60-69   ","count":0,"tested":10541,"deaths":0},{"race":[],"age_group":"20-29   ","count":0,"tested":24998,"deaths":0},{"race":[],"age_group":"40-49   ","count":0,"tested":13126,"deaths":0},{"race":[],"age_group":"80+","count":0,"tested":3447,"deaths":0},{"race":[],"age_group":"30-39   ","count":0,"tested":16576,"deaths":0},{"race":[],"age_group":"50-59   ","count":0,"tested":14007,"deaths":0},{"race":[],"age_group":"70-79   ","count":0,"tested":6215,"deaths":0}],"race":[{"description":"NH/PI*","count":0,"tested":131,"deaths":0,"color":"rgb(127,127,127)"},{"description":"Other","count":0,"tested":4284,"deaths":0,"color":"rgb(148,103,189)"},{"description":"AI/AN**","count":0,"tested":96,"deaths":0,"color":"rgb(31,119,180)"},{"description":"Black","count":0,"tested":7161,"deaths":0,"color":"rgb(255,127,14)"},{"description":"Left Blank","count":0,"tested":47743,"deaths":0,"color":"rgb(44,160,44)"},{"description":"Asian","count":0,"tested":1481,"deaths":0,"color":"rgb(140,86,75)"},{"description":"Hispanic","count":0,"tested":3490,"deaths":0,"color":"rgb(214,39,40)"},{"description":"White","count":0,"tested":42150,"deaths":0,"color":"rgb(31,119,180)"}],"gender":[{"description":"Female","count":0,"tested":55724,"deaths":0,"color":"rgb(255,127,14)"},{"description":"Male","count":0,"tested":46097,"deaths":0,"color":"rgb(31,119,180)"},{"description":"Unknown/Left Blank","count":0,"tested":4715,"deaths":0,"color":"rgb(44,160,44)"}]}}]}
