{"lastUpdatedDate":{"year":2021,"month":2,"day":13},"county_demographics":[{"County":"Bureau","confirmed_cases":3214,"total_tested":34211,"demographics":{"age":[{"race":[],"age_group":"<20","count":382,"tested":3635,"deaths":0},{"race":[],"age_group":"60-69   ","count":392,"tested":4716,"deaths":0},{"race":[],"age_group":"Unknown","count":0,"tested":0,"deaths":0},{"race":[],"age_group":"80+","count":244,"tested":2813,"deaths":0},{"race":[],"age_group":"20-29   ","count":437,"tested":4880,"deaths":0},{"race":[],"age_group":"70-79   ","count":266,"tested":2454,"deaths":0},{"race":[],"age_group":"40-49   ","count":483,"tested":4838,"deaths":0},{"race":[],"age_group":"50-59   ","count":539,"tested":5743,"deaths":0},{"race":[],"age_group":"30-39   ","count":471,"tested":5130,"deaths":0}],"race":[{"description":"Hispanic","count":239,"tested":874,"deaths":0,"color":"rgb(214,39,40)"},{"description":"Left Blank","count":1302,"tested":18810,"deaths":0,"color":"rgb(44,160,44)"},{"description":"White","count":1589,"tested":13898,"deaths":0,"color":"rgb(31,119,180)"},{"description":"Asian","count":6,"tested":105,"deaths":0,"color":"rgb(140,86,75)"},{"description":"NH/PI*","count":0,"tested":60,"deaths":0,"color":"rgb(127,127,127)"},{"description":"Other","count":65,"tested":311,"deaths":0,"color":"rgb(148,103,189)"},{"description":"AI/AN**","count":0,"tested":0,"deaths":0,"color":"rgb(31,119,180)"},{"description":"Black","count":7,"tested":150,"deaths":0,"color":"rgb(255,127,14)"}],"gender":[{"description":"Female","count":1715,"tested":21373,"deaths":0,"color":"rgb(255,127,14)"},{"description":"Male","count":1448,"tested":10579,"deaths":0,"color":"rgb(31,119,180)"},{"description":"Unknown/Left Blank","count":51,"tested":2259,"deaths":0,"color":"rgb(44,160,44)"}]}}]}
