{"lastUpdatedDate":{"year":2021,"month":2,"day":13},"county_demographics":[{"County":"Will","confirmed_cases":63270,"total_tested":676744,"demographics":{"age":[{"race":[],"age_group":"<20","count":9682,"tested":78072,"deaths":0},{"race":[],"age_group":"40-49   ","count":10881,"tested":104023,"deaths":0},{"race":[],"age_group":"Unknown","count":27,"tested":2305,"deaths":0},{"race":[],"age_group":"20-29   ","count":11346,"tested":111920,"deaths":0},{"race":[],"age_group":"30-39   ","count":9657,"tested":101418,"deaths":0},{"race":[],"age_group":"70-79   ","count":3022,"tested":46853,"deaths":0},{"race":[],"age_group":"60-69   ","count":6015,"tested":77676,"deaths":0},{"race":[],"age_group":"80+","count":1965,"tested":43262,"deaths":0},{"race":[],"age_group":"50-59   ","count":10674,"tested":111215,"deaths":0}],"race":[{"description":"NH/PI*","count":50,"tested":496,"deaths":0,"color":"rgb(127,127,127)"},{"description":"Other","count":2186,"tested":24189,"deaths":0,"color":"rgb(148,103,189)"},{"description":"AI/AN**","count":204,"tested":1057,"deaths":0,"color":"rgb(31,119,180)"},{"description":"Black","count":5012,"tested":51545,"deaths":0,"color":"rgb(255,127,14)"},{"description":"Left Blank","count":22013,"tested":327097,"deaths":0,"color":"rgb(44,160,44)"},{"description":"White","count":22962,"tested":213021,"deaths":0,"color":"rgb(31,119,180)"},{"description":"Asian","count":1246,"tested":15531,"deaths":0,"color":"rgb(140,86,75)"},{"description":"Hispanic","count":9597,"tested":43808,"deaths":0,"color":"rgb(214,39,40)"}],"gender":[{"description":"Female","count":32405,"tested":368470,"deaths":0,"color":"rgb(255,127,14)"},{"description":"Male","count":30065,"tested":273116,"deaths":0,"color":"rgb(31,119,180)"},{"description":"Unknown/Left Blank","count":800,"tested":35158,"deaths":0,"color":"rgb(44,160,44)"}]}}]}
