{"lastUpdatedDate":{"year":2021,"month":2,"day":13},"county_demographics":[{"County":"DuPage","confirmed_cases":74742,"total_tested":990506,"demographics":{"age":[{"race":[],"age_group":"40-49   ","count":11363,"tested":128802,"deaths":0},{"race":[],"age_group":"80+","count":3183,"tested":97192,"deaths":0},{"race":[],"age_group":"20-29   ","count":13127,"tested":155495,"deaths":0},{"race":[],"age_group":"70-79   ","count":3804,"tested":76164,"deaths":0},{"race":[],"age_group":"<20","count":12293,"tested":115451,"deaths":0},{"race":[],"age_group":"Unknown","count":0,"tested":644,"deaths":0},{"race":[],"age_group":"30-39   ","count":11359,"tested":140212,"deaths":0},{"race":[],"age_group":"50-59   ","count":11710,"tested":148960,"deaths":0},{"race":[],"age_group":"60-69   ","count":7893,"tested":127586,"deaths":0}],"race":[{"description":"NH/PI*","count":82,"tested":682,"deaths":0,"color":"rgb(127,127,127)"},{"description":"Other","count":2575,"tested":28253,"deaths":0,"color":"rgb(148,103,189)"},{"description":"AI/AN**","count":94,"tested":673,"deaths":0,"color":"rgb(31,119,180)"},{"description":"Hispanic","count":13490,"tested":50507,"deaths":0,"color":"rgb(214,39,40)"},{"description":"Black","count":2740,"tested":28162,"deaths":0,"color":"rgb(255,127,14)"},{"description":"Left Blank","count":18477,"tested":540052,"deaths":0,"color":"rgb(44,160,44)"},{"description":"Asian","count":4487,"tested":40076,"deaths":0,"color":"rgb(140,86,75)"},{"description":"White","count":32793,"tested":302101,"deaths":0,"color":"rgb(31,119,180)"}],"gender":[{"description":"Female","count":38188,"tested":568247,"deaths":0,"color":"rgb(255,127,14)"},{"description":"Male","count":36174,"tested":401217,"deaths":0,"color":"rgb(31,119,180)"},{"description":"Unknown/Left Blank","count":380,"tested":21042,"deaths":0,"color":"rgb(44,160,44)"}]}}]}
