{"lastUpdatedDate":{"year":2021,"month":2,"day":13},"county_demographics":[{"County":"Putnam","confirmed_cases":397,"total_tested":4735,"demographics":{"age":[{"race":[],"age_group":"20-29   ","count":65,"tested":574,"deaths":0},{"race":[],"age_group":"30-39   ","count":59,"tested":824,"deaths":0},{"race":[],"age_group":"70-79   ","count":29,"tested":309,"deaths":0},{"race":[],"age_group":"40-49   ","count":49,"tested":717,"deaths":0},{"race":[],"age_group":"Unknown","count":0,"tested":0,"deaths":0},{"race":[],"age_group":"<20","count":43,"tested":504,"deaths":0},{"race":[],"age_group":"50-59   ","count":78,"tested":970,"deaths":0},{"race":[],"age_group":"60-69   ","count":57,"tested":703,"deaths":0},{"race":[],"age_group":"80+","count":11,"tested":133,"deaths":0}],"race":[{"description":"Asian","count":0,"tested":0,"deaths":0,"color":"rgb(140,86,75)"},{"description":"Black","count":0,"tested":15,"deaths":0,"color":"rgb(255,127,14)"},{"description":"NH/PI*","count":0,"tested":37,"deaths":0,"color":"rgb(127,127,127)"},{"description":"Other","count":0,"tested":41,"deaths":0,"color":"rgb(148,103,189)"},{"description":"White","count":224,"tested":2370,"deaths":0,"color":"rgb(31,119,180)"},{"description":"Hispanic","count":9,"tested":102,"deaths":0,"color":"rgb(214,39,40)"},{"description":"Left Blank","count":153,"tested":2167,"deaths":0,"color":"rgb(44,160,44)"}],"gender":[{"description":"Female","count":217,"tested":2887,"deaths":0,"color":"rgb(255,127,14)"},{"description":"Male","count":172,"tested":1396,"deaths":0,"color":"rgb(31,119,180)"},{"description":"Unknown/Left Blank","count":6,"tested":452,"deaths":0,"color":"rgb(44,160,44)"}]}}]}
