{"lastUpdatedDate":{"year":2021,"month":9,"day":16},"county_demographics":[{"County":"Union","confirmed_cases":2934,"total_tested":54915,"demographics":{"age":[{"race":[],"age_group":"<20","count":498,"tested":4354,"deaths":0},{"race":[],"age_group":"20-29   ","count":460,"tested":7605,"deaths":0},{"race":[],"age_group":"30-39   ","count":438,"tested":8316,"deaths":0},{"race":[],"age_group":"40-49   ","count":395,"tested":8658,"deaths":0},{"race":[],"age_group":"50-59   ","count":428,"tested":10115,"deaths":0},{"race":[],"age_group":"60-69   ","count":343,"tested":6596,"deaths":0},{"race":[],"age_group":"70-79   ","count":231,"tested":3991,"deaths":0},{"race":[],"age_group":"80+","count":141,"tested":5271,"deaths":0},{"race":[],"age_group":"Unknown","count":0,"tested":9,"deaths":0}],"race":[{"description":"AI/AN**","count":0,"tested":33,"deaths":0,"color":"rgb(31,119,180)"},{"description":"Asian","count":0,"tested":135,"deaths":0,"color":"rgb(140,86,75)"},{"description":"Black","count":74,"tested":1474,"deaths":0,"color":"rgb(255,127,14)"},{"description":"Hispanic","count":134,"tested":875,"deaths":0,"color":"rgb(214,39,40)"},{"description":"Left Blank","count":397,"tested":18581,"deaths":0,"color":"rgb(44,160,44)"},{"description":"NH/PI*","count":0,"tested":81,"deaths":0,"color":"rgb(127,127,127)"},{"description":"Other","count":18,"tested":298,"deaths":0,"color":"rgb(148,103,189)"},{"description":"White","count":2303,"tested":33438,"deaths":0,"color":"rgb(31,119,180)"}],"gender":[{"description":"Female","count":1485,"tested":28194,"deaths":0,"color":"rgb(255,127,14)"},{"description":"Male","count":1379,"tested":22881,"deaths":0,"color":"rgb(31,119,180)"},{"description":"Unknown/Left Blank","count":69,"tested":3840,"deaths":0,"color":"rgb(44,160,44)"}]}}]}
