{"lastUpdatedDate":{"year":2021,"month":9,"day":16},"county_demographics":[{"County":"Saline","confirmed_cases":3976,"total_tested":56525,"demographics":{"age":[{"race":[],"age_group":"<20","count":814,"tested":7417,"deaths":0},{"race":[],"age_group":"20-29   ","count":582,"tested":8323,"deaths":0},{"race":[],"age_group":"30-39   ","count":553,"tested":7774,"deaths":0},{"race":[],"age_group":"40-49   ","count":524,"tested":7578,"deaths":0},{"race":[],"age_group":"50-59   ","count":527,"tested":7778,"deaths":0},{"race":[],"age_group":"60-69   ","count":437,"tested":6645,"deaths":0},{"race":[],"age_group":"70-79   ","count":317,"tested":5431,"deaths":0},{"race":[],"age_group":"80+","count":222,"tested":5577,"deaths":0},{"race":[],"age_group":"Unknown","count":0,"tested":0,"deaths":0}],"race":[{"description":"AI/AN**","count":0,"tested":25,"deaths":0,"color":"rgb(31,119,180)"},{"description":"Asian","count":7,"tested":80,"deaths":0,"color":"rgb(140,86,75)"},{"description":"Black","count":115,"tested":1445,"deaths":0,"color":"rgb(255,127,14)"},{"description":"Hispanic","count":25,"tested":204,"deaths":0,"color":"rgb(214,39,40)"},{"description":"Left Blank","count":1344,"tested":29021,"deaths":0,"color":"rgb(44,160,44)"},{"description":"NH/PI*","count":0,"tested":35,"deaths":0,"color":"rgb(127,127,127)"},{"description":"Other","count":27,"tested":375,"deaths":0,"color":"rgb(148,103,189)"},{"description":"White","count":2450,"tested":25340,"deaths":0,"color":"rgb(31,119,180)"}],"gender":[{"description":"Female","count":2118,"tested":32627,"deaths":0,"color":"rgb(255,127,14)"},{"description":"Male","count":1806,"tested":21542,"deaths":0,"color":"rgb(31,119,180)"},{"description":"Unknown/Left Blank","count":50,"tested":2356,"deaths":0,"color":"rgb(44,160,44)"}]}}]}
