{"lastUpdatedDate":{"year":2021,"month":9,"day":16},"county_demographics":[{"County":"Pike","confirmed_cases":2506,"total_tested":31635,"demographics":{"age":[{"race":[],"age_group":"<20","count":429,"tested":4345,"deaths":0},{"race":[],"age_group":"20-29   ","count":346,"tested":5014,"deaths":0},{"race":[],"age_group":"30-39   ","count":358,"tested":4874,"deaths":0},{"race":[],"age_group":"40-49   ","count":310,"tested":4407,"deaths":0},{"race":[],"age_group":"50-59   ","count":364,"tested":4303,"deaths":0},{"race":[],"age_group":"60-69   ","count":324,"tested":3199,"deaths":0},{"race":[],"age_group":"70-79   ","count":186,"tested":2133,"deaths":0},{"race":[],"age_group":"80+","count":188,"tested":3358,"deaths":0},{"race":[],"age_group":"Unknown","count":0,"tested":0,"deaths":0}],"race":[{"description":"AI/AN**","count":0,"tested":0,"deaths":0,"color":"rgb(31,119,180)"},{"description":"Asian","count":0,"tested":16,"deaths":0,"color":"rgb(140,86,75)"},{"description":"Black","count":6,"tested":57,"deaths":0,"color":"rgb(255,127,14)"},{"description":"Hispanic","count":22,"tested":105,"deaths":0,"color":"rgb(214,39,40)"},{"description":"Left Blank","count":462,"tested":18434,"deaths":0,"color":"rgb(44,160,44)"},{"description":"NH/PI*","count":0,"tested":23,"deaths":0,"color":"rgb(127,127,127)"},{"description":"Other","count":0,"tested":771,"deaths":0,"color":"rgb(148,103,189)"},{"description":"White","count":2008,"tested":12227,"deaths":0,"color":"rgb(31,119,180)"}],"gender":[{"description":"Female","count":1368,"tested":18524,"deaths":0,"color":"rgb(255,127,14)"},{"description":"Male","count":1088,"tested":10685,"deaths":0,"color":"rgb(31,119,180)"},{"description":"Unknown/Left Blank","count":50,"tested":2426,"deaths":0,"color":"rgb(44,160,44)"}]}}]}
