{"lastUpdatedDate":{"year":2021,"month":9,"day":16},"county_demographics":[{"County":"Gallatin","confirmed_cases":725,"total_tested":6407,"demographics":{"age":[{"race":[],"age_group":"<20","count":141,"tested":1199,"deaths":0},{"race":[],"age_group":"20-29   ","count":102,"tested":914,"deaths":0},{"race":[],"age_group":"30-39   ","count":96,"tested":968,"deaths":0},{"race":[],"age_group":"40-49   ","count":96,"tested":838,"deaths":0},{"race":[],"age_group":"50-59   ","count":93,"tested":941,"deaths":0},{"race":[],"age_group":"60-69   ","count":83,"tested":717,"deaths":0},{"race":[],"age_group":"70-79   ","count":71,"tested":586,"deaths":0},{"race":[],"age_group":"80+","count":34,"tested":241,"deaths":0},{"race":[],"age_group":"Unknown","count":0,"tested":0,"deaths":0}],"race":[{"description":"AI/AN**","count":0,"tested":0,"deaths":0,"color":"rgb(31,119,180)"},{"description":"Asian","count":0,"tested":0,"deaths":0,"color":"rgb(140,86,75)"},{"description":"Black","count":0,"tested":36,"deaths":0,"color":"rgb(255,127,14)"},{"description":"Hispanic","count":10,"tested":40,"deaths":0,"color":"rgb(214,39,40)"},{"description":"Left Blank","count":224,"tested":3094,"deaths":0,"color":"rgb(44,160,44)"},{"description":"NH/PI*","count":0,"tested":0,"deaths":0,"color":"rgb(127,127,127)"},{"description":"Other","count":0,"tested":28,"deaths":0,"color":"rgb(148,103,189)"},{"description":"White","count":481,"tested":3200,"deaths":0,"color":"rgb(31,119,180)"}],"gender":[{"description":"Female","count":384,"tested":4160,"deaths":0,"color":"rgb(255,127,14)"},{"description":"Male","count":331,"tested":2093,"deaths":0,"color":"rgb(31,119,180)"},{"description":"Unknown/Left Blank","count":10,"tested":154,"deaths":0,"color":"rgb(44,160,44)"}]}}]}
