{"lastUpdatedDate":{"year":2021,"month":9,"day":16},"county_demographics":[{"County":"Shelby","confirmed_cases":2989,"total_tested":37287,"demographics":{"age":[{"race":[],"age_group":"<20","count":528,"tested":5462,"deaths":0},{"race":[],"age_group":"20-29   ","count":413,"tested":5272,"deaths":0},{"race":[],"age_group":"30-39   ","count":394,"tested":5065,"deaths":0},{"race":[],"age_group":"40-49   ","count":392,"tested":4810,"deaths":0},{"race":[],"age_group":"50-59   ","count":456,"tested":5659,"deaths":0},{"race":[],"age_group":"60-69   ","count":393,"tested":4184,"deaths":0},{"race":[],"age_group":"70-79   ","count":265,"tested":3220,"deaths":0},{"race":[],"age_group":"80+","count":148,"tested":3609,"deaths":0},{"race":[],"age_group":"Unknown","count":0,"tested":6,"deaths":0}],"race":[{"description":"AI/AN**","count":0,"tested":12,"deaths":0,"color":"rgb(31,119,180)"},{"description":"Asian","count":0,"tested":105,"deaths":0,"color":"rgb(140,86,75)"},{"description":"Black","count":8,"tested":116,"deaths":0,"color":"rgb(255,127,14)"},{"description":"Hispanic","count":16,"tested":146,"deaths":0,"color":"rgb(214,39,40)"},{"description":"Left Blank","count":258,"tested":13859,"deaths":0,"color":"rgb(44,160,44)"},{"description":"NH/PI*","count":0,"tested":12,"deaths":0,"color":"rgb(127,127,127)"},{"description":"Other","count":13,"tested":575,"deaths":0,"color":"rgb(148,103,189)"},{"description":"White","count":2682,"tested":22462,"deaths":0,"color":"rgb(31,119,180)"}],"gender":[{"description":"Female","count":1641,"tested":23063,"deaths":0,"color":"rgb(255,127,14)"},{"description":"Male","count":1305,"tested":13104,"deaths":0,"color":"rgb(31,119,180)"},{"description":"Unknown/Left Blank","count":43,"tested":1120,"deaths":0,"color":"rgb(44,160,44)"}]}}]}
