{"lastUpdatedDate":{"year":2021,"month":9,"day":16},"county_demographics":[{"County":"Stark","confirmed_cases":758,"total_tested":12779,"demographics":{"age":[{"race":[],"age_group":"<20","count":154,"tested":2047,"deaths":0},{"race":[],"age_group":"20-29   ","count":110,"tested":1982,"deaths":0},{"race":[],"age_group":"30-39   ","count":88,"tested":1475,"deaths":0},{"race":[],"age_group":"40-49   ","count":100,"tested":1301,"deaths":0},{"race":[],"age_group":"50-59   ","count":123,"tested":1641,"deaths":0},{"race":[],"age_group":"60-69   ","count":70,"tested":1728,"deaths":0},{"race":[],"age_group":"70-79   ","count":55,"tested":1358,"deaths":0},{"race":[],"age_group":"80+","count":53,"tested":1233,"deaths":0},{"race":[],"age_group":"Unknown","count":0,"tested":14,"deaths":0}],"race":[{"description":"AI/AN**","count":0,"tested":0,"deaths":0,"color":"rgb(31,119,180)"},{"description":"Asian","count":0,"tested":19,"deaths":0,"color":"rgb(140,86,75)"},{"description":"Black","count":0,"tested":62,"deaths":0,"color":"rgb(255,127,14)"},{"description":"Hispanic","count":0,"tested":79,"deaths":0,"color":"rgb(214,39,40)"},{"description":"Left Blank","count":220,"tested":6446,"deaths":0,"color":"rgb(44,160,44)"},{"description":"NH/PI*","count":0,"tested":0,"deaths":0,"color":"rgb(127,127,127)"},{"description":"Other","count":6,"tested":106,"deaths":0,"color":"rgb(148,103,189)"},{"description":"White","count":510,"tested":6065,"deaths":0,"color":"rgb(31,119,180)"}],"gender":[{"description":"Female","count":415,"tested":8387,"deaths":0,"color":"rgb(255,127,14)"},{"description":"Male","count":336,"tested":4107,"deaths":0,"color":"rgb(31,119,180)"},{"description":"Unknown/Left Blank","count":6,"tested":285,"deaths":0,"color":"rgb(44,160,44)"}]}}]}
