{"age":[{"age_group":"<20","count":365,"tested":3167},{"age_group":"20-29   ","count":504,"tested":7568},{"age_group":"30-39   ","count":518,"tested":8470},{"age_group":"40-49   ","count":489,"tested":9550},{"age_group":"50-59   ","count":528,"tested":11107},{"age_group":"60-69   ","count":536,"tested":11828},{"age_group":"70-79   ","count":334,"tested":7075},{"age_group":"80+","count":482,"tested":10698}],"race":[{"description":"NH/PI*","count":17,"tested":167,"color":"rgb(127,127,127)"},{"description":"AI/AN**","count":11,"tested":75,"color":"rgb(31,119,180)"},{"description":"Left Blank","count":1150,"tested":42127,"color":"rgb(44,160,44)"},{"description":"Other","count":379,"tested":2458,"color":"rgb(148,103,189)"},{"description":"Black","count":57,"tested":1008,"color":"rgb(255,127,14)"},{"description":"White","count":1323,"tested":14146,"color":"rgb(31,119,180)"},{"description":"Asian","count":428,"tested":6729,"color":"rgb(140,86,75)"},{"description":"Hispanic","count":393,"tested":2795,"color":"rgb(214,39,40)"}],"gender":[{"description":"Female","count":2006,"tested":41981,"color":"rgb(255,127,14)"},{"description":"Male","count":1720,"tested":26475,"color":"rgb(31,119,180)"},{"description":"Unknown/Left Blank","count":32,"tested":1049,"color":"rgb(44,160,44)"}]}
