{"age":[{"age_group":"<20","count":512,"tested":4031},{"age_group":"20-29   ","count":747,"tested":7332},{"age_group":"30-39   ","count":626,"tested":6237},{"age_group":"40-49   ","count":524,"tested":5256},{"age_group":"50-59   ","count":604,"tested":6501},{"age_group":"60-69   ","count":459,"tested":5754},{"age_group":"70-79   ","count":236,"tested":3203},{"age_group":"80+","count":127,"tested":2098}],"race":[{"description":"Left Blank","count":1448,"tested":17937,"color":"rgb(44,160,44)"},{"description":"Other","count":158,"tested":1434,"color":"rgb(148,103,189)"},{"description":"White","count":1767,"tested":16505,"color":"rgb(31,119,180)"},{"description":"Black","count":173,"tested":2247,"color":"rgb(255,127,14)"},{"description":"Hispanic","count":203,"tested":1411,"color":"rgb(214,39,40)"},{"description":"Asian","count":78,"tested":798,"color":"rgb(140,86,75)"}],"gender":[{"description":"Male","count":1794,"tested":16676,"color":"rgb(31,119,180)"},{"description":"Unknown/Left Blank","count":25,"tested":672,"color":"rgb(44,160,44)"},{"description":"Female","count":2016,"tested":23099,"color":"rgb(255,127,14)"}]}
