{"age":[{"age_group":"<20","count":496,"tested":2981},{"age_group":"20-29   ","count":658,"tested":5553},{"age_group":"30-39   ","count":566,"tested":4224},{"age_group":"40-49   ","count":499,"tested":4400},{"age_group":"50-59   ","count":445,"tested":4513},{"age_group":"60-69   ","count":330,"tested":3861},{"age_group":"70-79   ","count":162,"tested":2761},{"age_group":"80+","count":90,"tested":2154}],"race":[{"description":"White","count":951,"tested":8432,"color":"rgb(31,119,180)"},{"description":"Left Blank","count":908,"tested":14157,"color":"rgb(44,160,44)"},{"description":"Hispanic","count":1098,"tested":5211,"color":"rgb(214,39,40)"},{"description":"Other","count":144,"tested":1250,"color":"rgb(148,103,189)"},{"description":"Asian","count":68,"tested":472,"color":"rgb(140,86,75)"},{"description":"Black","count":72,"tested":864,"color":"rgb(255,127,14)"}],"gender":[{"description":"Female","count":1708,"tested":17432,"color":"rgb(255,127,14)"},{"description":"Male","count":1531,"tested":12654,"color":"rgb(31,119,180)"}]}
