{"age":[{"age_group":"<20","count":11,"tested":189},{"age_group":"20-29   ","count":10,"tested":159},{"age_group":"40-49   ","count":10,"tested":171},{"age_group":"60-69   ","count":13,"tested":202}],"race":[{"description":"Left Blank","count":10,"tested":358,"color":"rgb(44,160,44)"},{"description":"White","count":50,"tested":785,"color":"rgb(31,119,180)"}],"gender":[{"description":"Female","count":27,"tested":683,"color":"rgb(255,127,14)"},{"description":"Male","count":36,"tested":504,"color":"rgb(31,119,180)"}]}
