{"age":[{"age_group":"<20","count":94,"tested":1165},{"age_group":"20-29   ","count":102,"tested":1168},{"age_group":"30-39   ","count":115,"tested":1272},{"age_group":"40-49   ","count":123,"tested":1197},{"age_group":"50-59   ","count":107,"tested":1444},{"age_group":"60-69   ","count":91,"tested":909},{"age_group":"70-79   ","count":38,"tested":568},{"age_group":"80+","count":9,"tested":244}],"race":[{"description":"Hispanic","count":38,"tested":147,"color":"rgb(214,39,40)"},{"description":"White","count":399,"tested":4050,"color":"rgb(31,119,180)"},{"description":"Left Blank","count":229,"tested":3642,"color":"rgb(44,160,44)"}],"gender":[{"description":"Female","count":354,"tested":4614,"color":"rgb(255,127,14)"},{"description":"Male","count":323,"tested":3157,"color":"rgb(31,119,180)"}]}
