{"age":[{"age_group":"<20","count":23,"tested":302},{"age_group":"20-29   ","count":48,"tested":463},{"age_group":"30-39   ","count":32,"tested":337},{"age_group":"40-49   ","count":30,"tested":326},{"age_group":"50-59   ","count":37,"tested":364},{"age_group":"60-69   ","count":16,"tested":280},{"age_group":"70-79   ","count":13,"tested":123},{"age_group":"80+","count":6,"tested":62}],"race":[{"description":"Left Blank","count":36,"tested":568,"color":"rgb(44,160,44)"},{"description":"White","count":145,"tested":1471,"color":"rgb(31,119,180)"},{"description":"Other","count":12,"tested":96,"color":"rgb(148,103,189)"},{"description":"Black","count":6,"tested":64,"color":"rgb(255,127,14)"}],"gender":[{"description":"Male","count":104,"tested":988,"color":"rgb(31,119,180)"},{"description":"Female","count":101,"tested":1204,"color":"rgb(255,127,14)"}]}
