{"age":[{"age_group":"<20","count":1556,"tested":9477},{"age_group":"20-29   ","count":1781,"tested":14124},{"age_group":"30-39   ","count":1492,"tested":10460},{"age_group":"40-49   ","count":1620,"tested":10095},{"age_group":"50-59   ","count":1223,"tested":9447},{"age_group":"60-69   ","count":646,"tested":7629},{"age_group":"70-79   ","count":304,"tested":6107},{"age_group":"80+","count":149,"tested":4272}],"race":[{"description":"Black","count":323,"tested":3319,"color":"rgb(255,127,14)"},{"description":"Asian","count":42,"tested":382,"color":"rgb(140,86,75)"},{"description":"Other","count":260,"tested":2822,"color":"rgb(148,103,189)"},{"description":"AI/AN**","count":8,"tested":65,"color":"rgb(31,119,180)"},{"description":"White","count":692,"tested":7873,"color":"rgb(31,119,180)"},{"description":"Left Blank","count":1881,"tested":33079,"color":"rgb(44,160,44)"},{"description":"Hispanic","count":5560,"tested":24051,"color":"rgb(214,39,40)"}],"gender":[{"description":"Unknown/Left Blank","count":31,"tested":691,"color":"rgb(44,160,44)"},{"description":"Female","count":4495,"tested":40726,"color":"rgb(255,127,14)"},{"description":"Male","count":4245,"tested":30202,"color":"rgb(31,119,180)"}]}
