{"age":[{"age_group":"<20","count":319,"tested":2917},{"age_group":"20-29   ","count":325,"tested":3109},{"age_group":"30-39   ","count":303,"tested":2901},{"age_group":"40-49   ","count":397,"tested":3246},{"age_group":"50-59   ","count":333,"tested":3326},{"age_group":"60-69   ","count":175,"tested":2564},{"age_group":"70-79   ","count":139,"tested":2381},{"age_group":"80+","count":81,"tested":2756}],"race":[{"description":"Hispanic","count":219,"tested":1116,"color":"rgb(214,39,40)"},{"description":"Left Blank","count":640,"tested":9560,"color":"rgb(44,160,44)"},{"description":"Other","count":52,"tested":792,"color":"rgb(148,103,189)"},{"description":"Asian","count":21,"tested":307,"color":"rgb(140,86,75)"},{"description":"White","count":1058,"tested":10396,"color":"rgb(31,119,180)"},{"description":"Black","count":78,"tested":988,"color":"rgb(255,127,14)"}],"gender":[{"description":"Male","count":1023,"tested":9653,"color":"rgb(31,119,180)"},{"description":"Unknown/Left Blank","count":19,"tested":549,"color":"rgb(44,160,44)"},{"description":"Female","count":1030,"tested":13001,"color":"rgb(255,127,14)"}]}
