{"age":[{"age_group":"20-29   ","count":8,"tested":99},{"age_group":"30-39   ","count":10,"tested":218},{"age_group":"40-49   ","count":9,"tested":159},{"age_group":"50-59   ","count":7,"tested":193},{"age_group":"60-69   ","count":6,"tested":95}],"race":[{"description":"Left Blank","count":11,"tested":252,"color":"rgb(44,160,44)"},{"description":"White","count":29,"tested":606,"color":"rgb(31,119,180)"}],"gender":[{"description":"Male","count":19,"tested":342,"color":"rgb(31,119,180)"},{"description":"Female","count":24,"tested":637,"color":"rgb(255,127,14)"}]}
