{"age":[{"age_group":"<20","count":489,"tested":5547},{"age_group":"20-29   ","count":410,"tested":6197},{"age_group":"30-39   ","count":398,"tested":5419},{"age_group":"40-49   ","count":374,"tested":5440},{"age_group":"50-59   ","count":399,"tested":5848},{"age_group":"60-69   ","count":316,"tested":6040},{"age_group":"70-79   ","count":221,"tested":5315},{"age_group":"80+","count":213,"tested":7383}],"race":[{"description":"Other","count":155,"tested":2270,"color":"rgb(148,103,189)"},{"description":"Left Blank","count":737,"tested":20529,"color":"rgb(44,160,44)"},{"description":"Black","count":229,"tested":3661,"color":"rgb(255,127,14)"},{"description":"White","count":1350,"tested":16886,"color":"rgb(31,119,180)"},{"description":"Hispanic","count":188,"tested":1394,"color":"rgb(214,39,40)"},{"description":"Asian","count":151,"tested":2416,"color":"rgb(140,86,75)"},{"description":"AI/AN**","count":8,"tested":46,"color":"rgb(31,119,180)"}],"gender":[{"description":"Female","count":1492,"tested":28172,"color":"rgb(255,127,14)"},{"description":"Male","count":1291,"tested":18289,"color":"rgb(31,119,180)"},{"description":"Unknown/Left Blank","count":37,"tested":775,"color":"rgb(44,160,44)"}]}
