{"age":[{"age_group":"<20","count":368,"tested":4174},{"age_group":"20-29   ","count":473,"tested":4807},{"age_group":"30-39   ","count":366,"tested":3927},{"age_group":"40-49   ","count":384,"tested":3774},{"age_group":"50-59   ","count":416,"tested":4280},{"age_group":"60-69   ","count":242,"tested":2977},{"age_group":"70-79   ","count":154,"tested":1825},{"age_group":"80+","count":64,"tested":1301}],"race":[{"description":"Black","count":98,"tested":614,"color":"rgb(255,127,14)"},{"description":"Asian","count":43,"tested":335,"color":"rgb(140,86,75)"},{"description":"Other","count":34,"tested":341,"color":"rgb(148,103,189)"},{"description":"Hispanic","count":190,"tested":1074,"color":"rgb(214,39,40)"},{"description":"Left Blank","count":266,"tested":10386,"color":"rgb(44,160,44)"},{"description":"White","count":1832,"tested":14292,"color":"rgb(31,119,180)"}],"gender":[{"description":"Female","count":1315,"tested":15948,"color":"rgb(255,127,14)"},{"description":"Male","count":1146,"tested":10865,"color":"rgb(31,119,180)"}]}
