{"age":[{"age_group":"<20","count":247,"tested":1784},{"age_group":"20-29   ","count":297,"tested":3495},{"age_group":"30-39   ","count":297,"tested":3118},{"age_group":"40-49   ","count":245,"tested":2665},{"age_group":"50-59   ","count":303,"tested":3244},{"age_group":"60-69   ","count":223,"tested":3203},{"age_group":"70-79   ","count":139,"tested":1899},{"age_group":"80+","count":84,"tested":1048}],"race":[{"description":"Hispanic","count":134,"tested":773,"color":"rgb(214,39,40)"},{"description":"Asian","count":33,"tested":256,"color":"rgb(140,86,75)"},{"description":"Black","count":61,"tested":565,"color":"rgb(255,127,14)"},{"description":"White","count":741,"tested":5705,"color":"rgb(31,119,180)"},{"description":"Left Blank","count":757,"tested":12444,"color":"rgb(44,160,44)"},{"description":"Other","count":104,"tested":705,"color":"rgb(148,103,189)"}],"gender":[{"description":"Male","count":858,"tested":7814,"color":"rgb(31,119,180)"},{"description":"Unknown/Left Blank","count":22,"tested":290,"color":"rgb(44,160,44)"},{"description":"Female","count":955,"tested":12362,"color":"rgb(255,127,14)"}]}
