{"age":[{"age_group":"<20","count":816,"tested":6284},{"age_group":"20-29   ","count":762,"tested":6719},{"age_group":"30-39   ","count":641,"tested":5500},{"age_group":"40-49   ","count":712,"tested":5528},{"age_group":"50-59   ","count":673,"tested":5662},{"age_group":"60-69   ","count":395,"tested":4283},{"age_group":"70-79   ","count":227,"tested":3201},{"age_group":"80+","count":153,"tested":3531}],"race":[{"description":"Other","count":56,"tested":532,"color":"rgb(148,103,189)"},{"description":"Left Blank","count":357,"tested":21284,"color":"rgb(44,160,44)"},{"description":"White","count":2021,"tested":13754,"color":"rgb(31,119,180)"},{"description":"Hispanic","count":1814,"tested":4272,"color":"rgb(214,39,40)"},{"description":"Asian","count":32,"tested":186,"color":"rgb(140,86,75)"},{"description":"Black","count":91,"tested":651,"color":"rgb(255,127,14)"},{"description":"AI/AN**","count":7,"tested":25,"color":"rgb(31,119,180)"}],"gender":[{"description":"Male","count":2048,"tested":15549,"color":"rgb(31,119,180)"},{"description":"Unknown/Left Blank","count":7,"tested":635,"color":"rgb(44,160,44)"},{"description":"Female","count":2325,"tested":24534,"color":"rgb(255,127,14)"}]}
