{"age":[{"age_group":"<20","count":15,"tested":91},{"age_group":"20-29   ","count":12,"tested":144},{"age_group":"30-39   ","count":6,"tested":60},{"age_group":"40-49   ","count":12,"tested":92},{"age_group":"50-59   ","count":11,"tested":191}],"race":[{"description":"White","count":54,"tested":725,"color":"rgb(31,119,180)"},{"description":"Left Blank","count":8,"tested":157,"color":"rgb(44,160,44)"}],"gender":[{"description":"Female","count":33,"tested":558,"color":"rgb(255,127,14)"},{"description":"Male","count":33,"tested":352,"color":"rgb(31,119,180)"}]}
