{"age":[{"age_group":"<20","count":251,"tested":2231},{"age_group":"20-29   ","count":358,"tested":4412},{"age_group":"30-39   ","count":373,"tested":5086},{"age_group":"40-49   ","count":353,"tested":5711},{"age_group":"50-59   ","count":409,"tested":7837},{"age_group":"60-69   ","count":275,"tested":5244},{"age_group":"70-79   ","count":112,"tested":2360},{"age_group":"80+","count":37,"tested":1118}],"race":[{"description":"Other","count":50,"tested":593,"color":"rgb(148,103,189)"},{"description":"Left Blank","count":623,"tested":11349,"color":"rgb(44,160,44)"},{"description":"White","count":338,"tested":6451,"color":"rgb(31,119,180)"},{"description":"Hispanic","count":121,"tested":1006,"color":"rgb(214,39,40)"},{"description":"Black","count":1022,"tested":14420,"color":"rgb(255,127,14)"},{"description":"Asian","count":8,"tested":124,"color":"rgb(140,86,75)"}],"gender":[{"description":"Female","count":1212,"tested":18931,"color":"rgb(255,127,14)"},{"description":"Male","count":944,"tested":14268,"color":"rgb(31,119,180)"},{"description":"Unknown/Left Blank","count":12,"tested":820,"color":"rgb(44,160,44)"}]}
