{"age":[{"age_group":"<20","count":1010,"tested":8652},{"age_group":"20-29   ","count":1847,"tested":30567},{"age_group":"30-39   ","count":1629,"tested":24859},{"age_group":"40-49   ","count":1252,"tested":14718},{"age_group":"50-59   ","count":1027,"tested":11535},{"age_group":"60-69   ","count":678,"tested":9065},{"age_group":"70-79   ","count":343,"tested":4281},{"age_group":"80+","count":170,"tested":2360}],"race":[{"description":"Hispanic","count":4422,"tested":30358,"color":"rgb(214,39,40)"},{"description":"Asian","count":203,"tested":4456,"color":"rgb(140,86,75)"},{"description":"White","count":890,"tested":19683,"color":"rgb(31,119,180)"},{"description":"Black","count":877,"tested":13910,"color":"rgb(255,127,14)"},{"description":"Other","count":316,"tested":5049,"color":"rgb(148,103,189)"},{"description":"Left Blank","count":1235,"tested":32351,"color":"rgb(44,160,44)"},{"description":"AI/AN**","count":8,"tested":194,"color":"rgb(31,119,180)"}],"gender":[{"description":"Unknown/Left Blank","count":81,"tested":3953,"color":"rgb(44,160,44)"},{"description":"Male","count":4106,"tested":51291,"color":"rgb(31,119,180)"},{"description":"Female","count":3769,"tested":50826,"color":"rgb(255,127,14)"}]}
