{"age":[{"age_group":"<20","count":657,"tested":4554},{"age_group":"20-29   ","count":292,"tested":3114},{"age_group":"30-39   ","count":330,"tested":3043},{"age_group":"40-49   ","count":243,"tested":2643},{"age_group":"50-59   ","count":243,"tested":2953},{"age_group":"60-69   ","count":174,"tested":2535},{"age_group":"70-79   ","count":99,"tested":2209},{"age_group":"80+","count":141,"tested":5688}],"race":[{"description":"Asian","count":192,"tested":2241,"color":"rgb(140,86,75)"},{"description":"Black","count":19,"tested":337,"color":"rgb(255,127,14)"},{"description":"Hispanic","count":75,"tested":720,"color":"rgb(214,39,40)"},{"description":"Left Blank","count":1127,"tested":16279,"color":"rgb(44,160,44)"},{"description":"Other","count":252,"tested":1427,"color":"rgb(148,103,189)"},{"description":"White","count":505,"tested":5877,"color":"rgb(31,119,180)"},{"description":"AI/AN**","count":6,"tested":67,"color":"rgb(31,119,180)"}],"gender":[{"description":"Male","count":1091,"tested":11455,"color":"rgb(31,119,180)"},{"description":"Unknown/Left Blank","count":25,"tested":340,"color":"rgb(44,160,44)"},{"description":"Female","count":1064,"tested":15182,"color":"rgb(255,127,14)"}]}
