{"age":[{"age_group":"<20","count":526,"tested":8649},{"age_group":"20-29   ","count":225,"tested":4616},{"age_group":"30-39   ","count":127,"tested":3263},{"age_group":"40-49   ","count":241,"tested":5484},{"age_group":"50-59   ","count":274,"tested":6227},{"age_group":"60-69   ","count":118,"tested":3871},{"age_group":"70-79   ","count":78,"tested":2257},{"age_group":"80+","count":91,"tested":1700}],"race":[{"description":"Left Blank","count":373,"tested":14636,"color":"rgb(44,160,44)"},{"description":"Other","count":195,"tested":2701,"color":"rgb(148,103,189)"},{"description":"Asian","count":67,"tested":1616,"color":"rgb(140,86,75)"},{"description":"Black","count":19,"tested":229,"color":"rgb(255,127,14)"},{"description":"Hispanic","count":68,"tested":641,"color":"rgb(214,39,40)"},{"description":"White","count":956,"tested":16195,"color":"rgb(31,119,180)"}],"gender":[{"description":"Female","count":804,"tested":19134,"color":"rgb(255,127,14)"},{"description":"Male","count":865,"tested":16731,"color":"rgb(31,119,180)"},{"description":"Unknown/Left Blank","count":11,"tested":217,"color":"rgb(44,160,44)"}]}
