{"age":[{"age_group":"<20","count":70,"tested":1421},{"age_group":"20-29   ","count":35,"tested":784},{"age_group":"30-39   ","count":36,"tested":752},{"age_group":"40-49   ","count":54,"tested":1117},{"age_group":"50-59   ","count":45,"tested":754},{"age_group":"60-69   ","count":25,"tested":826},{"age_group":"70-79   ","count":10,"tested":429},{"age_group":"80+","count":8,"tested":191}],"race":[{"description":"Hispanic","count":21,"tested":194,"color":"rgb(214,39,40)"},{"description":"Left Blank","count":86,"tested":2495,"color":"rgb(44,160,44)"},{"description":"Black","count":26,"tested":349,"color":"rgb(255,127,14)"},{"description":"Asian","count":9,"tested":195,"color":"rgb(140,86,75)"},{"description":"White","count":119,"tested":2654,"color":"rgb(31,119,180)"},{"description":"Other","count":22,"tested":389,"color":"rgb(148,103,189)"}],"gender":[{"description":"Female","count":143,"tested":3394,"color":"rgb(255,127,14)"},{"description":"Male","count":139,"tested":2785,"color":"rgb(31,119,180)"}]}
