{"age":[{"age_group":"<20","count":18,"tested":166},{"age_group":"20-29   ","count":19,"tested":139},{"age_group":"30-39   ","count":16,"tested":125},{"age_group":"40-49   ","count":23,"tested":148},{"age_group":"50-59   ","count":25,"tested":181},{"age_group":"60-69   ","count":18,"tested":218},{"age_group":"70-79   ","count":11,"tested":97}],"race":[{"description":"White","count":101,"tested":875,"color":"rgb(31,119,180)"},{"description":"Left Blank","count":25,"tested":181,"color":"rgb(44,160,44)"}],"gender":[{"description":"Female","count":67,"tested":607,"color":"rgb(255,127,14)"},{"description":"Male","count":67,"tested":489,"color":"rgb(31,119,180)"}]}
