{"age":[{"age_group":"<20","count":228,"tested":2166},{"age_group":"20-29   ","count":213,"tested":1803},{"age_group":"30-39   ","count":189,"tested":1578},{"age_group":"40-49   ","count":218,"tested":1929},{"age_group":"50-59   ","count":176,"tested":1803},{"age_group":"60-69   ","count":102,"tested":1071},{"age_group":"70-79   ","count":58,"tested":548},{"age_group":"80+","count":16,"tested":244}],"race":[{"description":"Left Blank","count":108,"tested":4952,"color":"rgb(44,160,44)"},{"description":"Other","count":14,"tested":163,"color":"rgb(148,103,189)"},{"description":"Black","count":21,"tested":170,"color":"rgb(255,127,14)"},{"description":"White","count":778,"tested":4952,"color":"rgb(31,119,180)"},{"description":"Asian","count":11,"tested":114,"color":"rgb(140,86,75)"},{"description":"Hispanic","count":265,"tested":779,"color":"rgb(214,39,40)"}],"gender":[{"description":"Male","count":598,"tested":4589,"color":"rgb(31,119,180)"},{"description":"Female","count":601,"tested":6474,"color":"rgb(255,127,14)"}]}
