{"age":[{"age_group":"<20","count":532,"tested":4960},{"age_group":"20-29   ","count":616,"tested":5835},{"age_group":"30-39   ","count":468,"tested":4521},{"age_group":"40-49   ","count":498,"tested":4027},{"age_group":"50-59   ","count":370,"tested":4036},{"age_group":"60-69   ","count":289,"tested":2809},{"age_group":"70-79   ","count":150,"tested":1707},{"age_group":"80+","count":64,"tested":698}],"race":[{"description":"White","count":1301,"tested":9502,"color":"rgb(31,119,180)"},{"description":"Left Blank","count":369,"tested":12753,"color":"rgb(44,160,44)"},{"description":"Other","count":72,"tested":681,"color":"rgb(148,103,189)"},{"description":"Black","count":306,"tested":2153,"color":"rgb(255,127,14)"},{"description":"Hispanic","count":848,"tested":3096,"color":"rgb(214,39,40)"},{"description":"Asian","count":85,"tested":378,"color":"rgb(140,86,75)"}],"gender":[{"description":"Female","count":1613,"tested":16632,"color":"rgb(255,127,14)"},{"description":"Male","count":1358,"tested":11564,"color":"rgb(31,119,180)"},{"description":"Unknown/Left Blank","count":16,"tested":398,"color":"rgb(44,160,44)"}]}
