{"age":[{"age_group":"<20","count":523,"tested":5982},{"age_group":"20-29   ","count":445,"tested":5938},{"age_group":"30-39   ","count":325,"tested":5080},{"age_group":"40-49   ","count":316,"tested":4362},{"age_group":"50-59   ","count":352,"tested":4824},{"age_group":"60-69   ","count":242,"tested":4812},{"age_group":"70-79   ","count":116,"tested":2619},{"age_group":"80+","count":52,"tested":2214}],"race":[{"description":"Other","count":55,"tested":1035,"color":"rgb(148,103,189)"},{"description":"Asian","count":97,"tested":1012,"color":"rgb(140,86,75)"},{"description":"Black","count":76,"tested":815,"color":"rgb(255,127,14)"},{"description":"Left Blank","count":373,"tested":16949,"color":"rgb(44,160,44)"},{"description":"White","count":1637,"tested":15158,"color":"rgb(31,119,180)"},{"description":"Hispanic","count":130,"tested":842,"color":"rgb(214,39,40)"}],"gender":[{"description":"Female","count":1229,"tested":20174,"color":"rgb(255,127,14)"},{"description":"Male","count":1131,"tested":15410,"color":"rgb(31,119,180)"},{"description":"Unknown/Left Blank","count":11,"tested":254,"color":"rgb(44,160,44)"}]}
