{"age":[{"age_group":"<20","count":451,"tested":4038},{"age_group":"20-29   ","count":650,"tested":5736},{"age_group":"30-39   ","count":434,"tested":4785},{"age_group":"40-49   ","count":507,"tested":5326},{"age_group":"50-59   ","count":489,"tested":6283},{"age_group":"60-69   ","count":298,"tested":4823},{"age_group":"70-79   ","count":158,"tested":3136},{"age_group":"80+","count":134,"tested":3367}],"race":[{"description":"Left Blank","count":869,"tested":19795,"color":"rgb(44,160,44)"},{"description":"White","count":629,"tested":7099,"color":"rgb(31,119,180)"},{"description":"Asian","count":46,"tested":543,"color":"rgb(140,86,75)"},{"description":"Other","count":123,"tested":1422,"color":"rgb(148,103,189)"},{"description":"Hispanic","count":1388,"tested":7801,"color":"rgb(214,39,40)"},{"description":"Black","count":60,"tested":809,"color":"rgb(255,127,14)"}],"gender":[{"description":"Female","count":1609,"tested":22477,"color":"rgb(255,127,14)"},{"description":"Male","count":1495,"tested":14808,"color":"rgb(31,119,180)"},{"description":"Unknown/Left Blank","count":17,"tested":228,"color":"rgb(44,160,44)"}]}
