{"age":[{"age_group":"<20","count":186,"tested":2000},{"age_group":"20-29   ","count":229,"tested":2992},{"age_group":"30-39   ","count":217,"tested":3135},{"age_group":"40-49   ","count":189,"tested":2724},{"age_group":"50-59   ","count":172,"tested":3127},{"age_group":"60-69   ","count":126,"tested":2215},{"age_group":"70-79   ","count":93,"tested":1473},{"age_group":"80+","count":51,"tested":1260}],"race":[{"description":"Left Blank","count":327,"tested":6215,"color":"rgb(44,160,44)"},{"description":"White","count":731,"tested":10136,"color":"rgb(31,119,180)"},{"description":"Asian","count":9,"tested":73,"color":"rgb(140,86,75)"},{"description":"Hispanic","count":98,"tested":881,"color":"rgb(214,39,40)"},{"description":"Black","count":74,"tested":1228,"color":"rgb(255,127,14)"},{"description":"Other","count":24,"tested":387,"color":"rgb(148,103,189)"}],"gender":[{"description":"Female","count":723,"tested":12130,"color":"rgb(255,127,14)"},{"description":"Male","count":535,"tested":6608,"color":"rgb(31,119,180)"}]}
