{"age":[{"age_group":"20-29   ","count":8,"tested":144},{"age_group":"40-49   ","count":12,"tested":171},{"age_group":"50-59   ","count":7,"tested":140},{"age_group":"70-79   ","count":7,"tested":55}],"race":[{"description":"Left Blank","count":14,"tested":308,"color":"rgb(44,160,44)"},{"description":"White","count":25,"tested":382,"color":"rgb(31,119,180)"}],"gender":[{"description":"Female","count":23,"tested":520,"color":"rgb(255,127,14)"},{"description":"Male","count":22,"tested":211,"color":"rgb(31,119,180)"}]}
