{"age":[{"age_group":"<20","count":464,"tested":6844},{"age_group":"20-29   ","count":398,"tested":6070},{"age_group":"30-39   ","count":406,"tested":6458},{"age_group":"40-49   ","count":472,"tested":7088},{"age_group":"50-59   ","count":508,"tested":7935},{"age_group":"60-69   ","count":275,"tested":6146},{"age_group":"70-79   ","count":151,"tested":4219},{"age_group":"80+","count":159,"tested":3969}],"race":[{"description":"Asian","count":171,"tested":2483,"color":"rgb(140,86,75)"},{"description":"Black","count":33,"tested":557,"color":"rgb(255,127,14)"},{"description":"Hispanic","count":361,"tested":3257,"color":"rgb(214,39,40)"},{"description":"Left Blank","count":692,"tested":22055,"color":"rgb(44,160,44)"},{"description":"NH/PI*","count":8,"tested":82,"color":"rgb(127,127,127)"},{"description":"Other","count":234,"tested":2396,"color":"rgb(148,103,189)"},{"description":"White","count":1331,"tested":17857,"color":"rgb(31,119,180)"}],"gender":[]}
