{"age":[{"age_group":"<20","count":1143,"tested":15582},{"age_group":"20-29   ","count":2294,"tested":48072},{"age_group":"30-39   ","count":2095,"tested":52130},{"age_group":"40-49   ","count":1272,"tested":20426},{"age_group":"50-59   ","count":1041,"tested":14148},{"age_group":"60-69   ","count":682,"tested":9183},{"age_group":"70-79   ","count":345,"tested":4978},{"age_group":"80+","count":179,"tested":2353}],"race":[{"description":"AI/AN**","count":11,"tested":220,"color":"rgb(31,119,180)"},{"description":"Asian","count":124,"tested":3627,"color":"rgb(140,86,75)"},{"description":"Black","count":316,"tested":5314,"color":"rgb(255,127,14)"},{"description":"Hispanic","count":3940,"tested":28744,"color":"rgb(214,39,40)"},{"description":"Left Blank","count":2243,"tested":67836,"color":"rgb(44,160,44)"},{"description":"NH/PI*","count":6,"tested":137,"color":"rgb(127,127,127)"},{"description":"Other","count":397,"tested":8514,"color":"rgb(148,103,189)"},{"description":"White","count":2014,"tested":52521,"color":"rgb(31,119,180)"}],"gender":[]}
