{"age":[{"age_group":"<20","count":876,"tested":9494},{"age_group":"20-29   ","count":1004,"tested":11196},{"age_group":"30-39   ","count":794,"tested":8874},{"age_group":"40-49   ","count":891,"tested":9701},{"age_group":"50-59   ","count":778,"tested":9480},{"age_group":"60-69   ","count":367,"tested":5083},{"age_group":"70-79   ","count":185,"tested":3041},{"age_group":"80+","count":100,"tested":1699}],"race":[{"description":"AI/AN**","count":8,"tested":99,"color":"rgb(31,119,180)"},{"description":"Asian","count":185,"tested":2302,"color":"rgb(140,86,75)"},{"description":"Black","count":463,"tested":5544,"color":"rgb(255,127,14)"},{"description":"Hispanic","count":1477,"tested":9915,"color":"rgb(214,39,40)"},{"description":"Left Blank","count":1403,"tested":22899,"color":"rgb(44,160,44)"},{"description":"NH/PI*","count":6,"tested":89,"color":"rgb(127,127,127)"},{"description":"Other","count":212,"tested":2456,"color":"rgb(148,103,189)"},{"description":"White","count":1242,"tested":15276,"color":"rgb(31,119,180)"}],"gender":[]}
