{"age":[{"age_group":"<20","count":1344,"tested":13648},{"age_group":"20-29   ","count":1838,"tested":21762},{"age_group":"30-39   ","count":1738,"tested":23953},{"age_group":"40-49   ","count":1615,"tested":19981},{"age_group":"50-59   ","count":1275,"tested":17906},{"age_group":"60-69   ","count":863,"tested":14312},{"age_group":"70-79   ","count":360,"tested":6374},{"age_group":"80+","count":170,"tested":3114}],"race":[{"description":"AI/AN**","count":11,"tested":138,"color":"rgb(31,119,180)"},{"description":"Asian","count":227,"tested":3362,"color":"rgb(140,86,75)"},{"description":"Black","count":159,"tested":2448,"color":"rgb(255,127,14)"},{"description":"Hispanic","count":4984,"tested":34496,"color":"rgb(214,39,40)"},{"description":"Left Blank","count":1653,"tested":49543,"color":"rgb(44,160,44)"},{"description":"Other","count":460,"tested":6080,"color":"rgb(148,103,189)"},{"description":"White","count":1706,"tested":24887,"color":"rgb(31,119,180)"}],"gender":[]}
