{"age":[{"age_group":"<20","count":87,"tested":741},{"age_group":"20-29   ","count":94,"tested":1000},{"age_group":"30-39   ","count":108,"tested":1106},{"age_group":"40-49   ","count":77,"tested":792},{"age_group":"50-59   ","count":128,"tested":1199},{"age_group":"60-69   ","count":64,"tested":1036},{"age_group":"70-79   ","count":37,"tested":424},{"age_group":"80+","count":14,"tested":183}],"race":[{"description":"Asian","count":12,"tested":179,"color":"rgb(140,86,75)"},{"description":"Black","count":32,"tested":309,"color":"rgb(255,127,14)"},{"description":"Hispanic","count":83,"tested":703,"color":"rgb(214,39,40)"},{"description":"Left Blank","count":163,"tested":1995,"color":"rgb(44,160,44)"},{"description":"Other","count":24,"tested":233,"color":"rgb(148,103,189)"},{"description":"White","count":294,"tested":3050,"color":"rgb(31,119,180)"}],"gender":[]}
