{"age":[{"age_group":"<20","count":460,"tested":4728},{"age_group":"20-29   ","count":467,"tested":4865},{"age_group":"30-39   ","count":355,"tested":4027},{"age_group":"40-49   ","count":398,"tested":3602},{"age_group":"50-59   ","count":495,"tested":5246},{"age_group":"60-69   ","count":300,"tested":3862},{"age_group":"70-79   ","count":132,"tested":2323},{"age_group":"80+","count":70,"tested":1940}],"race":[{"description":"Asian","count":18,"tested":275,"color":"rgb(140,86,75)"},{"description":"Black","count":31,"tested":338,"color":"rgb(255,127,14)"},{"description":"Hispanic","count":102,"tested":787,"color":"rgb(214,39,40)"},{"description":"Left Blank","count":1027,"tested":13721,"color":"rgb(44,160,44)"},{"description":"Other","count":71,"tested":820,"color":"rgb(148,103,189)"},{"description":"White","count":1425,"tested":14600,"color":"rgb(31,119,180)"}],"gender":[]}
