{"age":[{"age_group":"<20","count":52,"tested":761},{"age_group":"20-29   ","count":38,"tested":621},{"age_group":"30-39   ","count":32,"tested":659},{"age_group":"40-49   ","count":52,"tested":566},{"age_group":"50-59   ","count":36,"tested":838},{"age_group":"60-69   ","count":42,"tested":754},{"age_group":"70-79   ","count":29,"tested":531},{"age_group":"80+","count":19,"tested":358}],"race":[{"description":"Hispanic","count":65,"tested":383,"color":"rgb(214,39,40)"},{"description":"Left Blank","count":55,"tested":1950,"color":"rgb(44,160,44)"},{"description":"Other","count":10,"tested":67,"color":"rgb(148,103,189)"},{"description":"White","count":167,"tested":2636,"color":"rgb(31,119,180)"}],"gender":[]}
