{"age":[{"age_group":"<20","count":857,"tested":8409},{"age_group":"20-29   ","count":1123,"tested":14143},{"age_group":"30-39   ","count":1003,"tested":11067},{"age_group":"40-49   ","count":978,"tested":10820},{"age_group":"50-59   ","count":851,"tested":11679},{"age_group":"60-69   ","count":593,"tested":10314},{"age_group":"70-79   ","count":288,"tested":6011},{"age_group":"80+","count":229,"tested":4775}],"race":[{"description":"Asian","count":142,"tested":2507,"color":"rgb(140,86,75)"},{"description":"Black","count":338,"tested":4659,"color":"rgb(255,127,14)"},{"description":"Hispanic","count":2323,"tested":13224,"color":"rgb(214,39,40)"},{"description":"Left Blank","count":1661,"tested":35608,"color":"rgb(44,160,44)"},{"description":"Other","count":133,"tested":2499,"color":"rgb(148,103,189)"},{"description":"White","count":1319,"tested":18619,"color":"rgb(31,119,180)"}],"gender":[]}
