{"age":[{"age_group":"<20","count":95,"tested":1104},{"age_group":"20-29   ","count":108,"tested":1254},{"age_group":"30-39   ","count":94,"tested":1016},{"age_group":"40-49   ","count":118,"tested":954},{"age_group":"50-59   ","count":121,"tested":1352},{"age_group":"60-69   ","count":58,"tested":933},{"age_group":"70-79   ","count":37,"tested":479},{"age_group":"80+","count":7,"tested":200}],"race":[{"description":"Hispanic","count":32,"tested":264,"color":"rgb(214,39,40)"},{"description":"Left Blank","count":127,"tested":1597,"color":"rgb(44,160,44)"},{"description":"Other","count":27,"tested":241,"color":"rgb(148,103,189)"},{"description":"White","count":449,"tested":5075,"color":"rgb(31,119,180)"}],"gender":[]}
