{"age":[{"age_group":"<20","count":273,"tested":2892},{"age_group":"20-29   ","count":224,"tested":2045},{"age_group":"30-39   ","count":228,"tested":1958},{"age_group":"40-49   ","count":197,"tested":1687},{"age_group":"50-59   ","count":168,"tested":1719},{"age_group":"60-69   ","count":101,"tested":1268},{"age_group":"70-79   ","count":71,"tested":532},{"age_group":"80+","count":38,"tested":341}],"race":[{"description":"Asian","count":17,"tested":129,"color":"rgb(140,86,75)"},{"description":"Black","count":53,"tested":355,"color":"rgb(255,127,14)"},{"description":"Hispanic","count":177,"tested":599,"color":"rgb(214,39,40)"},{"description":"Left Blank","count":97,"tested":4341,"color":"rgb(44,160,44)"},{"description":"Other","count":24,"tested":413,"color":"rgb(148,103,189)"},{"description":"White","count":933,"tested":6581,"color":"rgb(31,119,180)"}],"gender":[]}
