{"age":[{"age_group":"<20","count":190,"tested":2166},{"age_group":"20-29   ","count":129,"tested":2379},{"age_group":"30-39   ","count":106,"tested":1734},{"age_group":"40-49   ","count":143,"tested":2259},{"age_group":"50-59   ","count":173,"tested":2414},{"age_group":"60-69   ","count":103,"tested":2052},{"age_group":"70-79   ","count":66,"tested":1600},{"age_group":"80+","count":132,"tested":3139}],"race":[{"description":"Asian","count":19,"tested":225,"color":"rgb(140,86,75)"},{"description":"Hispanic","count":37,"tested":233,"color":"rgb(214,39,40)"},{"description":"Left Blank","count":265,"tested":9382,"color":"rgb(44,160,44)"},{"description":"Other","count":22,"tested":202,"color":"rgb(148,103,189)"},{"description":"White","count":693,"tested":7601,"color":"rgb(31,119,180)"}],"gender":[]}
