{"age":[{"age_group":"<20","count":526,"tested":6059},{"age_group":"20-29   ","count":506,"tested":5565},{"age_group":"30-39   ","count":403,"tested":5054},{"age_group":"40-49   ","count":472,"tested":5101},{"age_group":"50-59   ","count":579,"tested":6574},{"age_group":"60-69   ","count":341,"tested":5061},{"age_group":"70-79   ","count":99,"tested":2275},{"age_group":"80+","count":67,"tested":1695}],"race":[{"description":"Asian","count":107,"tested":1294,"color":"rgb(140,86,75)"},{"description":"Black","count":69,"tested":836,"color":"rgb(255,127,14)"},{"description":"Hispanic","count":324,"tested":2172,"color":"rgb(214,39,40)"},{"description":"Left Blank","count":859,"tested":14412,"color":"rgb(44,160,44)"},{"description":"NH/PI*","count":7,"tested":29,"color":"rgb(127,127,127)"},{"description":"Other","count":54,"tested":654,"color":"rgb(148,103,189)"},{"description":"White","count":1569,"tested":17917,"color":"rgb(31,119,180)"}],"gender":[]}
