{"age":[{"age_group":"<20","count":304,"tested":3372},{"age_group":"20-29   ","count":441,"tested":4094},{"age_group":"30-39   ","count":347,"tested":3640},{"age_group":"40-49   ","count":352,"tested":3332},{"age_group":"50-59   ","count":453,"tested":4464},{"age_group":"60-69   ","count":271,"tested":3329},{"age_group":"70-79   ","count":122,"tested":1950},{"age_group":"80+","count":35,"tested":1109}],"race":[{"description":"Asian","count":21,"tested":254,"color":"rgb(140,86,75)"},{"description":"Black","count":16,"tested":170,"color":"rgb(255,127,14)"},{"description":"Hispanic","count":223,"tested":1241,"color":"rgb(214,39,40)"},{"description":"Left Blank","count":603,"tested":8726,"color":"rgb(44,160,44)"},{"description":"Other","count":55,"tested":433,"color":"rgb(148,103,189)"},{"description":"White","count":1398,"tested":14395,"color":"rgb(31,119,180)"}],"gender":[]}
