{"age":[{"age_group":"<20","count":464,"tested":20678},{"age_group":"20-29   ","count":324,"tested":5786},{"age_group":"30-39   ","count":209,"tested":4777},{"age_group":"40-49   ","count":276,"tested":5639},{"age_group":"50-59   ","count":354,"tested":6945},{"age_group":"60-69   ","count":211,"tested":5580},{"age_group":"70-79   ","count":111,"tested":2996},{"age_group":"80+","count":129,"tested":3528}],"race":[{"description":"Asian","count":61,"tested":2143,"color":"rgb(140,86,75)"},{"description":"Black","count":22,"tested":721,"color":"rgb(255,127,14)"},{"description":"Hispanic","count":118,"tested":2330,"color":"rgb(214,39,40)"},{"description":"Left Blank","count":485,"tested":15069,"color":"rgb(44,160,44)"},{"description":"Other","count":106,"tested":1463,"color":"rgb(148,103,189)"},{"description":"White","count":1280,"tested":34054,"color":"rgb(31,119,180)"}],"gender":[]}
