{"age":[{"age_group":"<20","count":170,"tested":1694},{"age_group":"20-29   ","count":171,"tested":1861},{"age_group":"30-39   ","count":143,"tested":1807},{"age_group":"40-49   ","count":128,"tested":1526},{"age_group":"50-59   ","count":169,"tested":2078},{"age_group":"60-69   ","count":107,"tested":1523},{"age_group":"70-79   ","count":36,"tested":917},{"age_group":"80+","count":10,"tested":304}],"race":[{"description":"Asian","count":6,"tested":112,"color":"rgb(140,86,75)"},{"description":"Black","count":9,"tested":69,"color":"rgb(255,127,14)"},{"description":"Hispanic","count":88,"tested":618,"color":"rgb(214,39,40)"},{"description":"Left Blank","count":234,"tested":3640,"color":"rgb(44,160,44)"},{"description":"Other","count":19,"tested":191,"color":"rgb(148,103,189)"},{"description":"White","count":579,"tested":7026,"color":"rgb(31,119,180)"}],"gender":[]}
