{"age":[{"age_group":"<20","count":95,"tested":1061},{"age_group":"20-29   ","count":94,"tested":1351},{"age_group":"30-39   ","count":90,"tested":1411},{"age_group":"40-49   ","count":86,"tested":1224},{"age_group":"50-59   ","count":112,"tested":1522},{"age_group":"60-69   ","count":95,"tested":1423},{"age_group":"70-79   ","count":79,"tested":1027},{"age_group":"80+","count":55,"tested":1016}],"race":[{"description":"Black","count":11,"tested":193,"color":"rgb(255,127,14)"},{"description":"Hispanic","count":33,"tested":213,"color":"rgb(214,39,40)"},{"description":"Left Blank","count":54,"tested":1368,"color":"rgb(44,160,44)"},{"description":"Other","count":9,"tested":156,"color":"rgb(148,103,189)"},{"description":"White","count":598,"tested":8083,"color":"rgb(31,119,180)"}],"gender":[]}
