{"age":[{"age_group":"<20","count":52,"tested":447},{"age_group":"20-29   ","count":48,"tested":659},{"age_group":"30-39   ","count":28,"tested":574},{"age_group":"40-49   ","count":43,"tested":421},{"age_group":"50-59   ","count":53,"tested":627},{"age_group":"60-69   ","count":26,"tested":465},{"age_group":"70-79   ","count":17,"tested":331},{"age_group":"80+","count":6,"tested":147}],"race":[{"description":"Black","count":11,"tested":119,"color":"rgb(255,127,14)"},{"description":"Hispanic","count":10,"tested":69,"color":"rgb(214,39,40)"},{"description":"Left Blank","count":58,"tested":956,"color":"rgb(44,160,44)"},{"description":"Other","count":6,"tested":69,"color":"rgb(148,103,189)"},{"description":"White","count":188,"tested":2453,"color":"rgb(31,119,180)"}],"gender":[]}
