{"age":[{"age_group":"<20","count":808,"tested":8277},{"age_group":"20-29   ","count":1020,"tested":12105},{"age_group":"30-39   ","count":948,"tested":11828},{"age_group":"40-49   ","count":937,"tested":11945},{"age_group":"50-59   ","count":857,"tested":12305},{"age_group":"60-69   ","count":616,"tested":11246},{"age_group":"70-79   ","count":310,"tested":6244},{"age_group":"80+","count":163,"tested":3719}],"race":[{"description":"Asian","count":90,"tested":1282,"color":"rgb(140,86,75)"},{"description":"Black","count":364,"tested":4428,"color":"rgb(255,127,14)"},{"description":"Hispanic","count":2240,"tested":16833,"color":"rgb(214,39,40)"},{"description":"Left Blank","count":855,"tested":30972,"color":"rgb(44,160,44)"},{"description":"NH/PI*","count":10,"tested":105,"color":"rgb(127,127,127)"},{"description":"Other","count":238,"tested":3182,"color":"rgb(148,103,189)"},{"description":"White","count":1858,"tested":20825,"color":"rgb(31,119,180)"}],"gender":[]}
