{"age":[{"age_group":"<20","count":557,"tested":5538},{"age_group":"20-29   ","count":635,"tested":8729},{"age_group":"30-39   ","count":553,"tested":7861},{"age_group":"40-49   ","count":616,"tested":8030},{"age_group":"50-59   ","count":515,"tested":8641},{"age_group":"60-69   ","count":375,"tested":7555},{"age_group":"70-79   ","count":221,"tested":5304},{"age_group":"80+","count":237,"tested":6810}],"race":[{"description":"AI/AN**","count":11,"tested":158,"color":"rgb(31,119,180)"},{"description":"Asian","count":233,"tested":3366,"color":"rgb(140,86,75)"},{"description":"Black","count":40,"tested":737,"color":"rgb(255,127,14)"},{"description":"Hispanic","count":1258,"tested":8362,"color":"rgb(214,39,40)"},{"description":"Left Blank","count":961,"tested":31178,"color":"rgb(44,160,44)"},{"description":"Other","count":190,"tested":1649,"color":"rgb(148,103,189)"},{"description":"White","count":1011,"tested":13195,"color":"rgb(31,119,180)"}],"gender":[]}
