{"age":[{"age_group":"<20","count":598,"tested":56363},{"age_group":"20-29   ","count":797,"tested":44314},{"age_group":"30-39   ","count":747,"tested":17590},{"age_group":"40-49   ","count":515,"tested":12468},{"age_group":"50-59   ","count":481,"tested":12815},{"age_group":"60-69   ","count":330,"tested":9666},{"age_group":"70-79   ","count":156,"tested":4352},{"age_group":"80+","count":122,"tested":3484}],"race":[{"description":"AI/AN**","count":8,"tested":516,"color":"rgb(31,119,180)"},{"description":"Asian","count":73,"tested":21077,"color":"rgb(140,86,75)"},{"description":"Black","count":2282,"tested":38116,"color":"rgb(255,127,14)"},{"description":"Hispanic","count":127,"tested":12188,"color":"rgb(214,39,40)"},{"description":"Left Blank","count":943,"tested":42678,"color":"rgb(44,160,44)"},{"description":"Other","count":48,"tested":1222,"color":"rgb(148,103,189)"},{"description":"White","count":262,"tested":45139,"color":"rgb(31,119,180)"}],"gender":[]}
