{"lastUpdatedDate":{"year":2021,"month":9,"day":27},"county_demographics":[{"County":"Brown","confirmed_cases":1026,"total_tested":38105,"demographics":{"age":[{"race":[],"age_group":"<20","count":197,"tested":1494,"deaths":0},{"race":[],"age_group":"20-29   ","count":157,"tested":8758,"deaths":0},{"race":[],"age_group":"30-39   ","count":204,"tested":8823,"deaths":0},{"race":[],"age_group":"40-49   ","count":152,"tested":7725,"deaths":0},{"race":[],"age_group":"50-59   ","count":122,"tested":4430,"deaths":0},{"race":[],"age_group":"60-69   ","count":108,"tested":2462,"deaths":0},{"race":[],"age_group":"70-79   ","count":41,"tested":811,"deaths":0},{"race":[],"age_group":"80+","count":41,"tested":758,"deaths":0},{"race":[],"age_group":"Unknown","count":0,"tested":2844,"deaths":0}],"race":[{"description":"AI/AN**","count":0,"tested":0,"deaths":0,"color":"rgb(31,119,180)"},{"description":"Asian","count":0,"tested":6,"deaths":0,"color":"rgb(140,86,75)"},{"description":"Black","count":121,"tested":408,"deaths":0,"color":"rgb(255,127,14)"},{"description":"Hispanic","count":18,"tested":85,"deaths":0,"color":"rgb(214,39,40)"},{"description":"Left Blank","count":177,"tested":31114,"deaths":0,"color":"rgb(44,160,44)"},{"description":"NH/PI*","count":0,"tested":0,"deaths":0,"color":"rgb(127,127,127)"},{"description":"Other","count":8,"tested":67,"deaths":0,"color":"rgb(148,103,189)"},{"description":"White","count":693,"tested":6421,"deaths":0,"color":"rgb(31,119,180)"}],"gender":[{"description":"Female","count":431,"tested":5420,"deaths":0,"color":"rgb(255,127,14)"},{"description":"Male","count":550,"tested":18438,"deaths":0,"color":"rgb(31,119,180)"},{"description":"Unknown/Left Blank","count":45,"tested":14247,"deaths":0,"color":"rgb(44,160,44)"}]}}]}
