{"age":[{"age_group":"<20","count":20,"tested":164},{"age_group":"20-29   ","count":22,"tested":161},{"age_group":"30-39   ","count":19,"tested":184},{"age_group":"40-49   ","count":20,"tested":127},{"age_group":"50-59   ","count":12,"tested":108},{"age_group":"60-69   ","count":11,"tested":133}],"race":[{"description":"Left Blank","count":30,"tested":316,"color":"rgb(44,160,44)"},{"description":"Hispanic","count":18,"tested":61,"color":"rgb(214,39,40)"},{"description":"White","count":47,"tested":559,"color":"rgb(31,119,180)"}],"gender":[{"description":"Male","count":42,"tested":425,"color":"rgb(31,119,180)"},{"description":"Female","count":51,"tested":535,"color":"rgb(255,127,14)"}]}
