{"age":[{"age_group":"<20","count":65,"tested":417},{"age_group":"20-29   ","count":65,"tested":531},{"age_group":"30-39   ","count":74,"tested":469},{"age_group":"40-49   ","count":72,"tested":721},{"age_group":"50-59   ","count":80,"tested":789},{"age_group":"60-69   ","count":58,"tested":698},{"age_group":"70-79   ","count":39,"tested":436},{"age_group":"80+","count":35,"tested":235}],"race":[{"description":"Left Blank","count":88,"tested":776,"color":"rgb(44,160,44)"},{"description":"White","count":217,"tested":2573,"color":"rgb(31,119,180)"},{"description":"Hispanic","count":53,"tested":212,"color":"rgb(214,39,40)"},{"description":"Other","count":21,"tested":137,"color":"rgb(148,103,189)"},{"description":"Black","count":73,"tested":593,"color":"rgb(255,127,14)"}],"gender":[{"description":"Female","count":224,"tested":2646,"color":"rgb(255,127,14)"},{"description":"Male","count":192,"tested":1625,"color":"rgb(31,119,180)"}]}
