{"age":[{"age_group":"<20","count":343,"tested":2263},{"age_group":"20-29   ","count":309,"tested":2274},{"age_group":"30-39   ","count":287,"tested":2036},{"age_group":"40-49   ","count":279,"tested":2099},{"age_group":"50-59   ","count":270,"tested":1878},{"age_group":"60-69   ","count":187,"tested":1425},{"age_group":"70-79   ","count":97,"tested":733},{"age_group":"80+","count":60,"tested":448}],"race":[{"description":"Left Blank","count":402,"tested":5534,"color":"rgb(44,160,44)"},{"description":"Other","count":49,"tested":207,"color":"rgb(148,103,189)"},{"description":"Hispanic","count":578,"tested":1936,"color":"rgb(214,39,40)"},{"description":"White","count":352,"tested":3005,"color":"rgb(31,119,180)"},{"description":"Black","count":376,"tested":2418,"color":"rgb(255,127,14)"}],"gender":[{"description":"Unknown/Left Blank","count":52,"tested":554,"color":"rgb(44,160,44)"},{"description":"Male","count":778,"tested":5284,"color":"rgb(31,119,180)"},{"description":"Female","count":882,"tested":7318,"color":"rgb(255,127,14)"}]}
