{"age":[{"age_group":"<20","count":64,"tested":180},{"age_group":"20-29   ","count":52,"tested":277},{"age_group":"30-39   ","count":52,"tested":304},{"age_group":"40-49   ","count":58,"tested":216},{"age_group":"50-59   ","count":67,"tested":369},{"age_group":"60-69   ","count":48,"tested":353},{"age_group":"70-79   ","count":40,"tested":176},{"age_group":"80+","count":35,"tested":102}],"race":[{"description":"White","count":129,"tested":1041,"color":"rgb(31,119,180)"},{"description":"Hispanic","count":43,"tested":76,"color":"rgb(214,39,40)"},{"description":"Black","count":35,"tested":51,"color":"rgb(255,127,14)"},{"description":"Left Blank","count":90,"tested":712,"color":"rgb(44,160,44)"}],"gender":[{"description":"Female","count":117,"tested":1080,"color":"rgb(255,127,14)"},{"description":"Male","count":122,"tested":885,"color":"rgb(31,119,180)"}]}
