{"age":[{"age_group":"<20","count":28,"tested":194},{"age_group":"20-29   ","count":25,"tested":130},{"age_group":"30-39   ","count":22,"tested":115},{"age_group":"40-49   ","count":23,"tested":88},{"age_group":"50-59   ","count":34,"tested":158},{"age_group":"60-69   ","count":21,"tested":127},{"age_group":"70-79   ","count":12,"tested":64},{"age_group":"80+","count":9,"tested":36}],"race":[{"description":"White","count":114,"tested":578,"color":"rgb(31,119,180)"},{"description":"Left Blank","count":37,"tested":315,"color":"rgb(44,160,44)"}],"gender":[{"description":"Female","count":91,"tested":539,"color":"rgb(255,127,14)"},{"description":"Male","count":63,"tested":367,"color":"rgb(31,119,180)"}]}
