{"age":[{"age_group":"<20","count":418,"tested":4274},{"age_group":"20-29   ","count":562,"tested":4737},{"age_group":"30-39   ","count":431,"tested":4956},{"age_group":"40-49   ","count":413,"tested":4356},{"age_group":"50-59   ","count":432,"tested":4315},{"age_group":"60-69   ","count":359,"tested":4047},{"age_group":"70-79   ","count":269,"tested":3038},{"age_group":"80+","count":300,"tested":3773}],"race":[{"description":"Left Blank","count":785,"tested":17634,"color":"rgb(44,160,44)"},{"description":"Hispanic","count":456,"tested":1826,"color":"rgb(214,39,40)"},{"description":"Asian","count":119,"tested":476,"color":"rgb(140,86,75)"},{"description":"White","count":1351,"tested":11299,"color":"rgb(31,119,180)"},{"description":"Black","count":246,"tested":1686,"color":"rgb(255,127,14)"},{"description":"Other","count":106,"tested":566,"color":"rgb(148,103,189)"}],"gender":[{"description":"Female","count":1499,"tested":20016,"color":"rgb(255,127,14)"},{"description":"Male","count":1325,"tested":12881,"color":"rgb(31,119,180)"},{"description":"Unknown/Left Blank","count":75,"tested":605,"color":"rgb(44,160,44)"}]}
