{"age":[{"age_group":"<20","count":569,"tested":2966},{"age_group":"20-29   ","count":689,"tested":4566},{"age_group":"30-39   ","count":588,"tested":3793},{"age_group":"40-49   ","count":591,"tested":3672},{"age_group":"50-59   ","count":613,"tested":4532},{"age_group":"60-69   ","count":547,"tested":4130},{"age_group":"70-79   ","count":419,"tested":2502},{"age_group":"80+","count":378,"tested":2346}],"race":[{"description":"Hispanic","count":848,"tested":2686,"color":"rgb(214,39,40)"},{"description":"Left Blank","count":757,"tested":12565,"color":"rgb(44,160,44)"},{"description":"Asian","count":315,"tested":475,"color":"rgb(140,86,75)"},{"description":"White","count":1247,"tested":11907,"color":"rgb(31,119,180)"},{"description":"Black","count":328,"tested":446,"color":"rgb(255,127,14)"},{"description":"Other","count":325,"tested":386,"color":"rgb(148,103,189)"}],"gender":[{"description":"Female","count":1394,"tested":16552,"color":"rgb(255,127,14)"},{"description":"Male","count":1287,"tested":11543,"color":"rgb(31,119,180)"},{"description":"Unknown/Left Blank","count":293,"tested":413,"color":"rgb(44,160,44)"}]}
