{"age":[{"age_group":"<20","count":9,"tested":84},{"age_group":"20-29   ","count":12,"tested":79},{"age_group":"30-39   ","count":14,"tested":58},{"age_group":"40-49   ","count":11,"tested":74},{"age_group":"50-59   ","count":13,"tested":111},{"age_group":"60-69   ","count":15,"tested":59}],"race":[{"description":"White","count":55,"tested":348,"color":"rgb(31,119,180)"},{"description":"Left Blank","count":11,"tested":147,"color":"rgb(44,160,44)"}],"gender":[{"description":"Female","count":36,"tested":275,"color":"rgb(255,127,14)"},{"description":"Male","count":31,"tested":222,"color":"rgb(31,119,180)"}]}
