{"age":[{"age_group":"<20","count":28,"tested":182},{"age_group":"20-29   ","count":20,"tested":106},{"age_group":"30-39   ","count":23,"tested":106},{"age_group":"40-49   ","count":20,"tested":136},{"age_group":"50-59   ","count":27,"tested":219},{"age_group":"60-69   ","count":23,"tested":99},{"age_group":"70-79   ","count":13,"tested":72}],"race":[{"description":"White","count":51,"tested":404,"color":"rgb(31,119,180)"},{"description":"Left Blank","count":77,"tested":535,"color":"rgb(44,160,44)"}],"gender":[{"description":"Female","count":63,"tested":519,"color":"rgb(255,127,14)"},{"description":"Male","count":67,"tested":435,"color":"rgb(31,119,180)"}]}
