{"age":[{"age_group":"<20","count":21,"tested":136},{"age_group":"20-29   ","count":12,"tested":130},{"age_group":"30-39   ","count":18,"tested":70},{"age_group":"40-49   ","count":20,"tested":86},{"age_group":"50-59   ","count":20,"tested":165},{"age_group":"60-69   ","count":11,"tested":61},{"age_group":"70-79   ","count":13,"tested":58}],"race":[{"description":"White","count":76,"tested":444,"color":"rgb(31,119,180)"},{"description":"Left Blank","count":14,"tested":255,"color":"rgb(44,160,44)"}],"gender":[{"description":"Female","count":54,"tested":400,"color":"rgb(255,127,14)"},{"description":"Male","count":42,"tested":316,"color":"rgb(31,119,180)"}]}
