{"age":[{"age_group":"<20","count":72,"tested":380},{"age_group":"20-29   ","count":103,"tested":846},{"age_group":"30-39   ","count":94,"tested":635},{"age_group":"40-49   ","count":93,"tested":631},{"age_group":"50-59   ","count":80,"tested":667},{"age_group":"60-69   ","count":47,"tested":499},{"age_group":"70-79   ","count":28,"tested":283},{"age_group":"80+","count":12,"tested":136}],"race":[{"description":"Left Blank","count":168,"tested":1583,"color":"rgb(44,160,44)"},{"description":"Other","count":18,"tested":149,"color":"rgb(148,103,189)"},{"description":"White","count":73,"tested":731,"color":"rgb(31,119,180)"},{"description":"Hispanic","count":182,"tested":717,"color":"rgb(214,39,40)"},{"description":"Black","count":72,"tested":838,"color":"rgb(255,127,14)"}],"gender":[{"description":"Female","count":263,"tested":2296,"color":"rgb(255,127,14)"},{"description":"Male","count":244,"tested":1720,"color":"rgb(31,119,180)"}]}
