{"age":[{"age_group":"<20","count":340,"tested":3801},{"age_group":"20-29   ","count":284,"tested":4145},{"age_group":"30-39   ","count":247,"tested":3326},{"age_group":"40-49   ","count":281,"tested":3691},{"age_group":"50-59   ","count":327,"tested":4637},{"age_group":"60-69   ","count":259,"tested":3919},{"age_group":"70-79   ","count":216,"tested":2570},{"age_group":"80+","count":250,"tested":3634}],"race":[{"description":"Other","count":219,"tested":1601,"color":"rgb(148,103,189)"},{"description":"White","count":833,"tested":11573,"color":"rgb(31,119,180)"},{"description":"Black","count":131,"tested":170,"color":"rgb(255,127,14)"},{"description":"Asian","count":159,"tested":613,"color":"rgb(140,86,75)"},{"description":"Left Blank","count":456,"tested":15244,"color":"rgb(44,160,44)"},{"description":"Hispanic","count":176,"tested":496,"color":"rgb(214,39,40)"}],"gender":[{"description":"Female","count":813,"tested":16520,"color":"rgb(255,127,14)"},{"description":"Male","count":695,"tested":12746,"color":"rgb(31,119,180)"},{"description":"Unknown/Left Blank","count":127,"tested":463,"color":"rgb(44,160,44)"}]}
