{"age":[{"age_group":"<20","count":269,"tested":1295},{"age_group":"20-29   ","count":387,"tested":2365},{"age_group":"30-39   ","count":370,"tested":2421},{"age_group":"40-49   ","count":335,"tested":1925},{"age_group":"50-59   ","count":342,"tested":2042},{"age_group":"60-69   ","count":235,"tested":1830},{"age_group":"70-79   ","count":147,"tested":1003},{"age_group":"80+","count":110,"tested":440}],"race":[{"description":"Hispanic","count":304,"tested":1078,"color":"rgb(214,39,40)"},{"description":"White","count":423,"tested":3235,"color":"rgb(31,119,180)"},{"description":"Asian","count":86,"tested":121,"color":"rgb(140,86,75)"},{"description":"Left Blank","count":870,"tested":6757,"color":"rgb(44,160,44)"},{"description":"Black","count":247,"tested":1695,"color":"rgb(255,127,14)"},{"description":"Other","count":126,"tested":412,"color":"rgb(148,103,189)"}],"gender":[{"description":"Male","count":838,"tested":5523,"color":"rgb(31,119,180)"},{"description":"Unknown/Left Blank","count":78,"tested":149,"color":"rgb(44,160,44)"},{"description":"Female","count":944,"tested":7652,"color":"rgb(255,127,14)"}]}
