{"age":[{"age_group":"<20","count":82,"tested":586},{"age_group":"20-29   ","count":97,"tested":798},{"age_group":"30-39   ","count":81,"tested":789},{"age_group":"40-49   ","count":86,"tested":726},{"age_group":"50-59   ","count":102,"tested":892},{"age_group":"60-69   ","count":84,"tested":757},{"age_group":"70-79   ","count":90,"tested":590},{"age_group":"80+","count":77,"tested":686}],"race":[{"description":"White","count":435,"tested":4737,"color":"rgb(31,119,180)"},{"description":"Left Blank","count":58,"tested":774,"color":"rgb(44,160,44)"},{"description":"Other","count":35,"tested":88,"color":"rgb(148,103,189)"},{"description":"Hispanic","count":50,"tested":121,"color":"rgb(214,39,40)"}],"gender":[{"description":"Female","count":296,"tested":3619,"color":"rgb(255,127,14)"},{"description":"Male","count":223,"tested":2115,"color":"rgb(31,119,180)"},{"description":"Unknown/Left Blank","count":35,"tested":91,"color":"rgb(44,160,44)"}]}
