{"age":[{"age_group":"<20","count":364,"tested":1561},{"age_group":"20-29   ","count":440,"tested":2321},{"age_group":"30-39   ","count":384,"tested":2024},{"age_group":"40-49   ","count":384,"tested":1775},{"age_group":"50-59   ","count":465,"tested":2434},{"age_group":"60-69   ","count":384,"tested":2440},{"age_group":"70-79   ","count":252,"tested":1275},{"age_group":"80+","count":221,"tested":2817}],"race":[{"description":"Other","count":225,"tested":447,"color":"rgb(148,103,189)"},{"description":"Left Blank","count":788,"tested":8213,"color":"rgb(44,160,44)"},{"description":"Hispanic","count":213,"tested":254,"color":"rgb(214,39,40)"},{"description":"White","count":1015,"tested":7522,"color":"rgb(31,119,180)"},{"description":"Asian","count":165,"tested":122,"color":"rgb(140,86,75)"},{"description":"Black","count":173,"tested":90,"color":"rgb(255,127,14)"}],"gender":[{"description":"Male","count":969,"tested":6535,"color":"rgb(31,119,180)"},{"description":"Unknown/Left Blank","count":164,"tested":649,"color":"rgb(44,160,44)"},{"description":"Female","count":976,"tested":9469,"color":"rgb(255,127,14)"}]}
