{"age":[{"age_group":"<20","count":59,"tested":242},{"age_group":"20-29   ","count":71,"tested":596},{"age_group":"30-39   ","count":66,"tested":514},{"age_group":"40-49   ","count":70,"tested":515},{"age_group":"50-59   ","count":52,"tested":479},{"age_group":"60-69   ","count":53,"tested":417},{"age_group":"70-79   ","count":28,"tested":161},{"age_group":"80+","count":27,"tested":128}],"race":[{"description":"Left Blank","count":110,"tested":1175,"color":"rgb(44,160,44)"},{"description":"Other","count":36,"tested":79,"color":"rgb(148,103,189)"},{"description":"White","count":106,"tested":1270,"color":"rgb(31,119,180)"},{"description":"Hispanic","count":89,"tested":317,"color":"rgb(214,39,40)"}],"gender":[{"description":"Female","count":174,"tested":1789,"color":"rgb(255,127,14)"},{"description":"Male","count":132,"tested":1215,"color":"rgb(31,119,180)"}]}
