{"age":[{"age_group":"<20","count":578,"tested":3020},{"age_group":"20-29   ","count":652,"tested":4621},{"age_group":"30-39   ","count":603,"tested":3369},{"age_group":"40-49   ","count":599,"tested":3140},{"age_group":"50-59   ","count":522,"tested":3571},{"age_group":"60-69   ","count":352,"tested":2570},{"age_group":"70-79   ","count":200,"tested":1221},{"age_group":"80+","count":167,"tested":714}],"race":[{"description":"Black","count":299,"tested":2085,"color":"rgb(255,127,14)"},{"description":"Asian","count":144,"tested":391,"color":"rgb(140,86,75)"},{"description":"White","count":444,"tested":3869,"color":"rgb(31,119,180)"},{"description":"Other","count":208,"tested":754,"color":"rgb(148,103,189)"},{"description":"Left Blank","count":644,"tested":7281,"color":"rgb(44,160,44)"},{"description":"Hispanic","count":1716,"tested":7743,"color":"rgb(214,39,40)"}],"gender":[{"description":"Unknown/Left Blank","count":123,"tested":394,"color":"rgb(44,160,44)"},{"description":"Female","count":1588,"tested":12784,"color":"rgb(255,127,14)"},{"description":"Male","count":1427,"tested":9055,"color":"rgb(31,119,180)"}]}
