{"age":[{"age_group":"<20","count":8,"tested":55},{"age_group":"20-29   ","count":14,"tested":102},{"age_group":"30-39   ","count":9,"tested":63},{"age_group":"40-49   ","count":10,"tested":74},{"age_group":"50-59   ","count":9,"tested":113}],"race":[{"description":"White","count":37,"tested":304,"color":"rgb(31,119,180)"},{"description":"Left Blank","count":14,"tested":145,"color":"rgb(44,160,44)"}],"gender":[{"description":"Male","count":24,"tested":184,"color":"rgb(31,119,180)"},{"description":"Female","count":30,"tested":312,"color":"rgb(255,127,14)"}]}
