{"age":[{"age_group":"<20","count":204,"tested":1221},{"age_group":"20-29   ","count":199,"tested":1118},{"age_group":"30-39   ","count":193,"tested":1057},{"age_group":"40-49   ","count":202,"tested":1135},{"age_group":"50-59   ","count":231,"tested":1125},{"age_group":"60-69   ","count":203,"tested":1055},{"age_group":"70-79   ","count":144,"tested":521},{"age_group":"80+","count":89,"tested":266}],"race":[{"description":"Left Blank","count":204,"tested":1833,"color":"rgb(44,160,44)"},{"description":"Hispanic","count":119,"tested":352,"color":"rgb(214,39,40)"},{"description":"White","count":782,"tested":4593,"color":"rgb(31,119,180)"},{"description":"Black","count":86,"tested":420,"color":"rgb(255,127,14)"},{"description":"Other","count":113,"tested":292,"color":"rgb(148,103,189)"}],"gender":[{"description":"Female","count":612,"tested":4336,"color":"rgb(255,127,14)"},{"description":"Male","count":533,"tested":2943,"color":"rgb(31,119,180)"},{"description":"Unknown/Left Blank","count":60,"tested":220,"color":"rgb(44,160,44)"}]}
