{"age":[{"age_group":"<20","count":191,"tested":984},{"age_group":"20-29   ","count":274,"tested":1755},{"age_group":"30-39   ","count":225,"tested":1483},{"age_group":"40-49   ","count":214,"tested":1194},{"age_group":"50-59   ","count":249,"tested":1572},{"age_group":"60-69   ","count":193,"tested":1435},{"age_group":"70-79   ","count":149,"tested":758},{"age_group":"80+","count":117,"tested":379}],"race":[{"description":"Left Blank","count":427,"tested":4425,"color":"rgb(44,160,44)"},{"description":"White","count":460,"tested":3948,"color":"rgb(31,119,180)"},{"description":"Hispanic","count":211,"tested":584,"color":"rgb(214,39,40)"},{"description":"Other","count":111,"tested":171,"color":"rgb(148,103,189)"},{"description":"Black","count":113,"tested":190,"color":"rgb(255,127,14)"},{"description":"Asian","count":112,"tested":232,"color":"rgb(140,86,75)"}],"gender":[{"description":"Male","count":516,"tested":4203,"color":"rgb(31,119,180)"},{"description":"Female","count":564,"tested":5277,"color":"rgb(255,127,14)"}]}
