{"age":[{"age_group":"<20","count":133,"tested":1088},{"age_group":"20-29   ","count":107,"tested":998},{"age_group":"30-39   ","count":105,"tested":885},{"age_group":"40-49   ","count":91,"tested":799},{"age_group":"50-59   ","count":86,"tested":904},{"age_group":"60-69   ","count":84,"tested":718},{"age_group":"70-79   ","count":44,"tested":599},{"age_group":"80+","count":45,"tested":771}],"race":[{"description":"Left Blank","count":58,"tested":1372,"color":"rgb(44,160,44)"},{"description":"Hispanic","count":96,"tested":428,"color":"rgb(214,39,40)"},{"description":"White","count":424,"tested":4766,"color":"rgb(31,119,180)"},{"description":"Other","count":33,"tested":133,"color":"rgb(148,103,189)"}],"gender":[{"description":"Female","count":297,"tested":3789,"color":"rgb(255,127,14)"},{"description":"Male","count":272,"tested":2452,"color":"rgb(31,119,180)"},{"description":"Unknown/Left Blank","count":26,"tested":524,"color":"rgb(44,160,44)"}]}
