{"age":[{"age_group":"<20","count":213,"tested":1997},{"age_group":"20-29   ","count":313,"tested":3297},{"age_group":"30-39   ","count":310,"tested":3379},{"age_group":"40-49   ","count":256,"tested":2710},{"age_group":"50-59   ","count":269,"tested":3374},{"age_group":"60-69   ","count":230,"tested":3084},{"age_group":"70-79   ","count":117,"tested":1396},{"age_group":"80+","count":82,"tested":1002}],"race":[{"description":"Other","count":34,"tested":269,"color":"rgb(148,103,189)"},{"description":"Left Blank","count":417,"tested":7029,"color":"rgb(44,160,44)"},{"description":"Black","count":1146,"tested":12012,"color":"rgb(255,127,14)"},{"description":"Hispanic","count":121,"tested":538,"color":"rgb(214,39,40)"},{"description":"White","count":37,"tested":351,"color":"rgb(31,119,180)"}],"gender":[{"description":"Male","count":752,"tested":8729,"color":"rgb(31,119,180)"},{"description":"Unknown/Left Blank","count":22,"tested":506,"color":"rgb(44,160,44)"},{"description":"Female","count":966,"tested":11014,"color":"rgb(255,127,14)"}]}
