{"age":[{"age_group":"<20","count":1907,"tested":8937},{"age_group":"20-29   ","count":2379,"tested":14135},{"age_group":"30-39   ","count":2094,"tested":11455},{"age_group":"40-49   ","count":2120,"tested":10677},{"age_group":"50-59   ","count":1751,"tested":9000},{"age_group":"60-69   ","count":1074,"tested":6486},{"age_group":"70-79   ","count":539,"tested":2910},{"age_group":"80+","count":333,"tested":1303},{"age_group":"Unknown","count":182,"tested":44}],"race":[{"description":"Black","count":325,"tested":1368,"color":"rgb(255,127,14)"},{"description":"Asian","count":192,"tested":191,"color":"rgb(140,86,75)"},{"description":"Hispanic","count":5895,"tested":23832,"color":"rgb(214,39,40)"},{"description":"White","count":1355,"tested":8530,"color":"rgb(31,119,180)"},{"description":"Other","count":994,"tested":5630,"color":"rgb(148,103,189)"},{"description":"Left Blank","count":3095,"tested":25337,"color":"rgb(44,160,44)"},{"description":"AI/AN**","count":179,"tested":46,"color":"rgb(31,119,180)"}],"gender":[{"description":"Female","count":5673,"tested":34252,"color":"rgb(255,127,14)"},{"description":"Unknown/Left Blank","count":278,"tested":805,"color":"rgb(44,160,44)"},{"description":"Male","count":5408,"tested":29890,"color":"rgb(31,119,180)"}]}
