{"age":[{"age_group":"<20","count":470,"tested":1902},{"age_group":"20-29   ","count":639,"tested":3663},{"age_group":"30-39   ","count":548,"tested":2889},{"age_group":"40-49   ","count":514,"tested":3020},{"age_group":"50-59   ","count":466,"tested":2994},{"age_group":"60-69   ","count":381,"tested":2394},{"age_group":"70-79   ","count":253,"tested":1605},{"age_group":"80+","count":195,"tested":1263}],"race":[{"description":"White","count":793,"tested":5404,"color":"rgb(31,119,180)"},{"description":"Left Blank","count":867,"tested":9489,"color":"rgb(44,160,44)"},{"description":"Hispanic","count":982,"tested":3191,"color":"rgb(214,39,40)"},{"description":"Other","count":237,"tested":833,"color":"rgb(148,103,189)"},{"description":"Asian","count":162,"tested":237,"color":"rgb(140,86,75)"},{"description":"Black","count":168,"tested":549,"color":"rgb(255,127,14)"}],"gender":[{"description":"Unknown/Left Blank","count":136,"tested":263,"color":"rgb(44,160,44)"},{"description":"Female","count":1433,"tested":11179,"color":"rgb(255,127,14)"},{"description":"Male","count":1262,"tested":8293,"color":"rgb(31,119,180)"}]}
