{"age":[{"age_group":"<20","count":504,"tested":2976},{"age_group":"20-29   ","count":676,"tested":6429},{"age_group":"30-39   ","count":622,"tested":6003},{"age_group":"40-49   ","count":641,"tested":5270},{"age_group":"50-59   ","count":603,"tested":5483},{"age_group":"60-69   ","count":470,"tested":5146},{"age_group":"70-79   ","count":277,"tested":2676},{"age_group":"80+","count":320,"tested":4449}],"race":[{"description":"Black","count":153,"tested":488,"color":"rgb(255,127,14)"},{"description":"Asian","count":278,"tested":2220,"color":"rgb(140,86,75)"},{"description":"Hispanic","count":1271,"tested":5520,"color":"rgb(214,39,40)"},{"description":"White","count":886,"tested":7804,"color":"rgb(31,119,180)"},{"description":"Other","count":309,"tested":1329,"color":"rgb(148,103,189)"},{"description":"Left Blank","count":971,"tested":21041,"color":"rgb(44,160,44)"}],"gender":[{"description":"Unknown/Left Blank","count":140,"tested":945,"color":"rgb(44,160,44)"},{"description":"Male","count":1635,"tested":14476,"color":"rgb(31,119,180)"},{"description":"Female","count":1748,"tested":23063,"color":"rgb(255,127,14)"}]}
