{"age":[{"age_group":"<20","count":578,"tested":5552},{"age_group":"20-29   ","count":634,"tested":7410},{"age_group":"30-39   ","count":592,"tested":7848},{"age_group":"40-49   ","count":582,"tested":6784},{"age_group":"50-59   ","count":453,"tested":7099},{"age_group":"60-69   ","count":330,"tested":5564},{"age_group":"70-79   ","count":200,"tested":2595},{"age_group":"80+","count":130,"tested":1400}],"race":[{"description":"Asian","count":6,"tested":62,"color":"rgb(140,86,75)"},{"description":"Black","count":1882,"tested":21736,"color":"rgb(255,127,14)"},{"description":"Hispanic","count":763,"tested":3627,"color":"rgb(214,39,40)"},{"description":"Left Blank","count":715,"tested":16881,"color":"rgb(44,160,44)"},{"description":"Other","count":72,"tested":902,"color":"rgb(148,103,189)"},{"description":"White","count":55,"tested":958,"color":"rgb(31,119,180)"}],"gender":[]}
