{"age":[{"age_group":"<20","count":66,"tested":1717},{"age_group":"20-29   ","count":937,"tested":16934},{"age_group":"30-39   ","count":686,"tested":14049},{"age_group":"40-49   ","count":204,"tested":4570},{"age_group":"50-59   ","count":135,"tested":3382},{"age_group":"60-69   ","count":70,"tested":2079},{"age_group":"70-79   ","count":20,"tested":839},{"age_group":"80+","count":9,"tested":270}],"race":[{"description":"AI/AN**","count":7,"tested":53,"color":"rgb(31,119,180)"},{"description":"Asian","count":95,"tested":3258,"color":"rgb(140,86,75)"},{"description":"Black","count":88,"tested":1263,"color":"rgb(255,127,14)"},{"description":"Hispanic","count":103,"tested":1109,"color":"rgb(214,39,40)"},{"description":"Left Blank","count":660,"tested":19789,"color":"rgb(44,160,44)"},{"description":"Other","count":114,"tested":2038,"color":"rgb(148,103,189)"},{"description":"White","count":1056,"tested":16309,"color":"rgb(31,119,180)"}],"gender":[]}
