{"age":[{"age_group":"<20","count":23,"tested":394},{"age_group":"20-29   ","count":36,"tested":326},{"age_group":"30-39   ","count":30,"tested":366},{"age_group":"40-49   ","count":24,"tested":278},{"age_group":"50-59   ","count":33,"tested":305},{"age_group":"60-69   ","count":13,"tested":173},{"age_group":"70-79   ","count":10,"tested":116}],"race":[{"description":"Left Blank","count":30,"tested":542,"color":"rgb(44,160,44)"},{"description":"Other","count":19,"tested":145,"color":"rgb(148,103,189)"},{"description":"White","count":124,"tested":1261,"color":"rgb(31,119,180)"}],"gender":[]}
