{"age":[{"age_group":"<20","count":323,"tested":5820},{"age_group":"20-29   ","count":472,"tested":6841},{"age_group":"30-39   ","count":356,"tested":6731},{"age_group":"40-49   ","count":301,"tested":5007},{"age_group":"50-59   ","count":318,"tested":5400},{"age_group":"60-69   ","count":179,"tested":4647},{"age_group":"70-79   ","count":92,"tested":2933},{"age_group":"80+","count":100,"tested":6319}],"race":[{"description":"Asian","count":104,"tested":2409,"color":"rgb(140,86,75)"},{"description":"Black","count":143,"tested":1704,"color":"rgb(255,127,14)"},{"description":"Hispanic","count":240,"tested":1611,"color":"rgb(214,39,40)"},{"description":"Left Blank","count":328,"tested":20988,"color":"rgb(44,160,44)"},{"description":"Other","count":69,"tested":1261,"color":"rgb(148,103,189)"},{"description":"White","count":1252,"tested":15667,"color":"rgb(31,119,180)"}],"gender":[]}
