{"age":[{"age_group":"<20","count":170,"tested":4271},{"age_group":"20-29   ","count":1645,"tested":29361},{"age_group":"30-39   ","count":781,"tested":18717},{"age_group":"40-49   ","count":292,"tested":6844},{"age_group":"50-59   ","count":265,"tested":7573},{"age_group":"60-69   ","count":218,"tested":7781},{"age_group":"70-79   ","count":170,"tested":6575},{"age_group":"80+","count":93,"tested":5099}],"race":[{"description":"Asian","count":104,"tested":3033,"color":"rgb(140,86,75)"},{"description":"Black","count":469,"tested":7412,"color":"rgb(255,127,14)"},{"description":"Hispanic","count":181,"tested":1702,"color":"rgb(214,39,40)"},{"description":"Left Blank","count":1037,"tested":41210,"color":"rgb(44,160,44)"},{"description":"Other","count":179,"tested":2936,"color":"rgb(148,103,189)"},{"description":"White","count":1657,"tested":29811,"color":"rgb(31,119,180)"}],"gender":[]}
