{"age":[{"age_group":"<20","count":974,"tested":2980},{"age_group":"20-29   ","count":949,"tested":7801},{"age_group":"30-39   ","count":390,"tested":3156},{"age_group":"40-49   ","count":301,"tested":2878},{"age_group":"50-59   ","count":236,"tested":2972},{"age_group":"60-69   ","count":160,"tested":1938},{"age_group":"70-79   ","count":68,"tested":672},{"age_group":"80+","count":43,"tested":336}],"race":[{"description":"AI/AN**","count":17,"tested":76,"color":"rgb(31,119,180)"},{"description":"Asian","count":116,"tested":1243,"color":"rgb(140,86,75)"},{"description":"Black","count":665,"tested":5228,"color":"rgb(255,127,14)"},{"description":"Hispanic","count":1051,"tested":6269,"color":"rgb(214,39,40)"},{"description":"Left Blank","count":354,"tested":5224,"color":"rgb(44,160,44)"},{"description":"NH/PI*","count":17,"tested":110,"color":"rgb(127,127,127)"},{"description":"Other","count":113,"tested":846,"color":"rgb(148,103,189)"},{"description":"White","count":788,"tested":3743,"color":"rgb(31,119,180)"}],"gender":[]}
