{"age":[{"age_group":"<20","count":271,"tested":2150},{"age_group":"20-29   ","count":368,"tested":3780},{"age_group":"30-39   ","count":302,"tested":3977},{"age_group":"40-49   ","count":261,"tested":4054},{"age_group":"50-59   ","count":304,"tested":4828},{"age_group":"60-69   ","count":237,"tested":4643},{"age_group":"70-79   ","count":128,"tested":3058},{"age_group":"80+","count":94,"tested":1686}],"race":[{"description":"Asian","count":51,"tested":840,"color":"rgb(140,86,75)"},{"description":"Black","count":72,"tested":3226,"color":"rgb(255,127,14)"},{"description":"Hispanic","count":338,"tested":2348,"color":"rgb(214,39,40)"},{"description":"Left Blank","count":637,"tested":11461,"color":"rgb(44,160,44)"},{"description":"Other","count":164,"tested":1156,"color":"rgb(148,103,189)"},{"description":"White","count":696,"tested":9205,"color":"rgb(31,119,180)"}],"gender":[]}
