{"age":[{"age_group":"<20","count":314,"tested":3069},{"age_group":"20-29   ","count":385,"tested":6296},{"age_group":"30-39   ","count":350,"tested":6725},{"age_group":"40-49   ","count":341,"tested":7241},{"age_group":"50-59   ","count":391,"tested":9799},{"age_group":"60-69   ","count":314,"tested":10350},{"age_group":"70-79   ","count":139,"tested":4452},{"age_group":"80+","count":66,"tested":2669}],"race":[{"description":"Black","count":1442,"tested":17051,"color":"rgb(255,127,14)"},{"description":"Hispanic","count":93,"tested":497,"color":"rgb(214,39,40)"},{"description":"Left Blank","count":686,"tested":31726,"color":"rgb(44,160,44)"},{"description":"Other","count":32,"tested":407,"color":"rgb(148,103,189)"},{"description":"White","count":45,"tested":860,"color":"rgb(31,119,180)"}],"gender":[]}
