{"age":[{"age_group":"<20","count":672,"tested":10658},{"age_group":"20-29   ","count":473,"tested":8182},{"age_group":"30-39   ","count":333,"tested":6503},{"age_group":"40-49   ","count":429,"tested":6832},{"age_group":"50-59   ","count":476,"tested":8024},{"age_group":"60-69   ","count":324,"tested":6764},{"age_group":"70-79   ","count":113,"tested":3270},{"age_group":"80+","count":79,"tested":1259}],"race":[{"description":"Asian","count":232,"tested":4827,"color":"rgb(140,86,75)"},{"description":"Black","count":119,"tested":1190,"color":"rgb(255,127,14)"},{"description":"Hispanic","count":202,"tested":1844,"color":"rgb(214,39,40)"},{"description":"Left Blank","count":613,"tested":18256,"color":"rgb(44,160,44)"},{"description":"Other","count":84,"tested":1828,"color":"rgb(148,103,189)"},{"description":"White","count":1645,"tested":23391,"color":"rgb(31,119,180)"}],"gender":[]}
