{"age":[{"age_group":"<20","count":413,"tested":5429},{"age_group":"20-29   ","count":422,"tested":5713},{"age_group":"30-39   ","count":320,"tested":4990},{"age_group":"40-49   ","count":382,"tested":5448},{"age_group":"50-59   ","count":484,"tested":6902},{"age_group":"60-69   ","count":296,"tested":5757},{"age_group":"70-79   ","count":151,"tested":3711},{"age_group":"80+","count":139,"tested":6450}],"race":[{"description":"Asian","count":25,"tested":486,"color":"rgb(140,86,75)"},{"description":"Black","count":20,"tested":382,"color":"rgb(255,127,14)"},{"description":"Hispanic","count":105,"tested":906,"color":"rgb(214,39,40)"},{"description":"Left Blank","count":838,"tested":24333,"color":"rgb(44,160,44)"},{"description":"Other","count":88,"tested":1042,"color":"rgb(148,103,189)"},{"description":"White","count":1525,"tested":17229,"color":"rgb(31,119,180)"}],"gender":[]}
