{"age":[{"age_group":"<20","count":452,"tested":76092},{"age_group":"20-29   ","count":251,"tested":8885},{"age_group":"30-39   ","count":215,"tested":6226},{"age_group":"40-49   ","count":266,"tested":7399},{"age_group":"50-59   ","count":294,"tested":8988},{"age_group":"60-69   ","count":198,"tested":7784},{"age_group":"70-79   ","count":136,"tested":5250},{"age_group":"80+","count":173,"tested":9288}],"race":[{"description":"Asian","count":72,"tested":3915,"color":"rgb(140,86,75)"},{"description":"Black","count":29,"tested":1242,"color":"rgb(255,127,14)"},{"description":"Hispanic","count":82,"tested":5384,"color":"rgb(214,39,40)"},{"description":"Left Blank","count":461,"tested":33504,"color":"rgb(44,160,44)"},{"description":"Other","count":148,"tested":5351,"color":"rgb(148,103,189)"},{"description":"White","count":1189,"tested":80334,"color":"rgb(31,119,180)"}],"gender":[]}
