{"age":[{"age_group":"<20","count":460,"tested":5895},{"age_group":"20-29   ","count":488,"tested":5965},{"age_group":"30-39   ","count":442,"tested":6217},{"age_group":"40-49   ","count":385,"tested":5086},{"age_group":"50-59   ","count":368,"tested":5927},{"age_group":"60-69   ","count":302,"tested":4922},{"age_group":"70-79   ","count":164,"tested":3163},{"age_group":"80+","count":114,"tested":3919}],"race":[{"description":"Asian","count":22,"tested":170,"color":"rgb(140,86,75)"},{"description":"Black","count":691,"tested":5752,"color":"rgb(255,127,14)"},{"description":"Hispanic","count":460,"tested":2578,"color":"rgb(214,39,40)"},{"description":"Left Blank","count":223,"tested":16914,"color":"rgb(44,160,44)"},{"description":"Other","count":27,"tested":677,"color":"rgb(148,103,189)"},{"description":"White","count":1298,"tested":14981,"color":"rgb(31,119,180)"}],"gender":[]}
