{"age":[{"age_group":"<20","count":98,"tested":870},{"age_group":"20-29   ","count":117,"tested":1382},{"age_group":"30-39   ","count":115,"tested":1203},{"age_group":"40-49   ","count":126,"tested":1058},{"age_group":"50-59   ","count":108,"tested":1167},{"age_group":"60-69   ","count":74,"tested":1051},{"age_group":"70-79   ","count":29,"tested":460},{"age_group":"80+","count":12,"tested":221}],"race":[{"description":"Asian","count":8,"tested":129,"color":"rgb(140,86,75)"},{"description":"Black","count":129,"tested":1820,"color":"rgb(255,127,14)"},{"description":"Hispanic","count":237,"tested":1329,"color":"rgb(214,39,40)"},{"description":"Left Blank","count":193,"tested":2556,"color":"rgb(44,160,44)"},{"description":"Other","count":17,"tested":269,"color":"rgb(148,103,189)"},{"description":"White","count":93,"tested":1291,"color":"rgb(31,119,180)"}],"gender":[]}
