{"age":[{"age_group":"<20","count":380,"tested":4503},{"age_group":"20-29   ","count":402,"tested":4506},{"age_group":"30-39   ","count":367,"tested":3689},{"age_group":"40-49   ","count":354,"tested":3542},{"age_group":"50-59   ","count":371,"tested":4462},{"age_group":"60-69   ","count":260,"tested":3500},{"age_group":"70-79   ","count":164,"tested":2713},{"age_group":"80+","count":135,"tested":3826}],"race":[{"description":"Asian","count":12,"tested":152,"color":"rgb(140,86,75)"},{"description":"Black","count":27,"tested":405,"color":"rgb(255,127,14)"},{"description":"Hispanic","count":156,"tested":1005,"color":"rgb(214,39,40)"},{"description":"Left Blank","count":531,"tested":8955,"color":"rgb(44,160,44)"},{"description":"Other","count":263,"tested":2015,"color":"rgb(148,103,189)"},{"description":"White","count":1442,"tested":18315,"color":"rgb(31,119,180)"}],"gender":[]}
