{"age":[{"age_group":"<20","count":484,"tested":4777},{"age_group":"20-29   ","count":669,"tested":6449},{"age_group":"30-39   ","count":453,"tested":5467},{"age_group":"40-49   ","count":532,"tested":5911},{"age_group":"50-59   ","count":504,"tested":7055},{"age_group":"60-69   ","count":305,"tested":5460},{"age_group":"70-79   ","count":160,"tested":3542},{"age_group":"80+","count":138,"tested":3650}],"race":[{"description":"Asian","count":46,"tested":615,"color":"rgb(140,86,75)"},{"description":"Black","count":64,"tested":988,"color":"rgb(255,127,14)"},{"description":"Hispanic","count":1479,"tested":9304,"color":"rgb(214,39,40)"},{"description":"Left Blank","count":871,"tested":21660,"color":"rgb(44,160,44)"},{"description":"Other","count":125,"tested":1585,"color":"rgb(148,103,189)"},{"description":"White","count":654,"tested":8135,"color":"rgb(31,119,180)"}],"gender":[]}
