{"age":[{"age_group":"<20","count":381,"tested":11983},{"age_group":"20-29   ","count":2654,"tested":51301},{"age_group":"30-39   ","count":1268,"tested":34047},{"age_group":"40-49   ","count":469,"tested":12880},{"age_group":"50-59   ","count":371,"tested":9485},{"age_group":"60-69   ","count":187,"tested":6213},{"age_group":"70-79   ","count":114,"tested":4700},{"age_group":"80+","count":128,"tested":4511}],"race":[{"description":"AI/AN**","count":13,"tested":118,"color":"rgb(31,119,180)"},{"description":"Asian","count":155,"tested":4317,"color":"rgb(140,86,75)"},{"description":"Black","count":132,"tested":2935,"color":"rgb(255,127,14)"},{"description":"Hispanic","count":365,"tested":4200,"color":"rgb(214,39,40)"},{"description":"Left Blank","count":1728,"tested":62557,"color":"rgb(44,160,44)"},{"description":"Other","count":334,"tested":7178,"color":"rgb(148,103,189)"},{"description":"White","count":2841,"tested":53804,"color":"rgb(31,119,180)"}],"gender":[]}
