{"age":[{"age_group":"<20","count":612,"tested":8099},{"age_group":"20-29   ","count":413,"tested":5711},{"age_group":"30-39   ","count":322,"tested":5324},{"age_group":"40-49   ","count":408,"tested":4876},{"age_group":"50-59   ","count":473,"tested":6839},{"age_group":"60-69   ","count":250,"tested":4504},{"age_group":"70-79   ","count":117,"tested":2781},{"age_group":"80+","count":106,"tested":4632}],"race":[{"description":"Asian","count":43,"tested":605,"color":"rgb(140,86,75)"},{"description":"Black","count":15,"tested":348,"color":"rgb(255,127,14)"},{"description":"Hispanic","count":172,"tested":1380,"color":"rgb(214,39,40)"},{"description":"Left Blank","count":584,"tested":17068,"color":"rgb(44,160,44)"},{"description":"Other","count":58,"tested":964,"color":"rgb(148,103,189)"},{"description":"White","count":1829,"tested":22415,"color":"rgb(31,119,180)"}],"gender":[]}
