{"age":[{"age_group":"<20","count":304,"tested":5497},{"age_group":"20-29   ","count":239,"tested":3293},{"age_group":"30-39   ","count":242,"tested":3325},{"age_group":"40-49   ","count":306,"tested":3847},{"age_group":"50-59   ","count":192,"tested":2995},{"age_group":"60-69   ","count":74,"tested":1357},{"age_group":"70-79   ","count":18,"tested":623},{"age_group":"80+","count":9,"tested":198}],"race":[{"description":"Asian","count":80,"tested":1853,"color":"rgb(140,86,75)"},{"description":"Black","count":135,"tested":1453,"color":"rgb(255,127,14)"},{"description":"Hispanic","count":164,"tested":1576,"color":"rgb(214,39,40)"},{"description":"Left Blank","count":459,"tested":9014,"color":"rgb(44,160,44)"},{"description":"Other","count":61,"tested":863,"color":"rgb(148,103,189)"},{"description":"White","count":482,"tested":6308,"color":"rgb(31,119,180)"}],"gender":[]}
