{"age":[{"age_group":"<20","count":741,"tested":8131},{"age_group":"20-29   ","count":590,"tested":6558},{"age_group":"30-39   ","count":453,"tested":5334},{"age_group":"40-49   ","count":639,"tested":6532},{"age_group":"50-59   ","count":818,"tested":7759},{"age_group":"60-69   ","count":429,"tested":5550},{"age_group":"70-79   ","count":191,"tested":3242},{"age_group":"80+","count":68,"tested":1400}],"race":[{"description":"Asian","count":49,"tested":616,"color":"rgb(140,86,75)"},{"description":"Black","count":189,"tested":2577,"color":"rgb(255,127,14)"},{"description":"Hispanic","count":145,"tested":1218,"color":"rgb(214,39,40)"},{"description":"Left Blank","count":1335,"tested":17306,"color":"rgb(44,160,44)"},{"description":"Other","count":112,"tested":1472,"color":"rgb(148,103,189)"},{"description":"White","count":2095,"tested":21273,"color":"rgb(31,119,180)"}],"gender":[]}
