{"age":[{"age_group":"<20","count":349,"tested":2911},{"age_group":"20-29   ","count":410,"tested":5470},{"age_group":"30-39   ","count":366,"tested":4586},{"age_group":"40-49   ","count":350,"tested":4842},{"age_group":"50-59   ","count":320,"tested":5133},{"age_group":"60-69   ","count":227,"tested":6193},{"age_group":"70-79   ","count":93,"tested":3277},{"age_group":"80+","count":47,"tested":2217}],"race":[{"description":"Asian","count":12,"tested":220,"color":"rgb(140,86,75)"},{"description":"Black","count":191,"tested":2484,"color":"rgb(255,127,14)"},{"description":"Hispanic","count":444,"tested":3124,"color":"rgb(214,39,40)"},{"description":"Left Blank","count":810,"tested":21011,"color":"rgb(44,160,44)"},{"description":"Other","count":59,"tested":663,"color":"rgb(148,103,189)"},{"description":"White","count":642,"tested":7062,"color":"rgb(31,119,180)"}],"gender":[]}
