{"age":[{"age_group":"<20","count":311,"tested":10146},{"age_group":"20-29   ","count":735,"tested":27155},{"age_group":"30-39   ","count":708,"tested":19524},{"age_group":"40-49   ","count":412,"tested":12281},{"age_group":"50-59   ","count":468,"tested":12536},{"age_group":"60-69   ","count":299,"tested":10619},{"age_group":"70-79   ","count":158,"tested":5220},{"age_group":"80+","count":70,"tested":1871}],"race":[{"description":"Asian","count":220,"tested":5225,"color":"rgb(140,86,75)"},{"description":"Black","count":282,"tested":7424,"color":"rgb(255,127,14)"},{"description":"Hispanic","count":550,"tested":6600,"color":"rgb(214,39,40)"},{"description":"Left Blank","count":925,"tested":45208,"color":"rgb(44,160,44)"},{"description":"Other","count":192,"tested":3068,"color":"rgb(148,103,189)"},{"description":"White","count":987,"tested":31721,"color":"rgb(31,119,180)"}],"gender":[]}
