{"age":[{"age_group":"<20","count":220,"tested":1967},{"age_group":"20-29   ","count":291,"tested":3485},{"age_group":"30-39   ","count":256,"tested":3166},{"age_group":"40-49   ","count":229,"tested":2809},{"age_group":"50-59   ","count":209,"tested":3048},{"age_group":"60-69   ","count":176,"tested":2591},{"age_group":"70-79   ","count":66,"tested":1399},{"age_group":"80+","count":40,"tested":624}],"race":[{"description":"Asian","count":33,"tested":542,"color":"rgb(140,86,75)"},{"description":"Black","count":45,"tested":458,"color":"rgb(255,127,14)"},{"description":"Hispanic","count":185,"tested":1132,"color":"rgb(214,39,40)"},{"description":"Left Blank","count":543,"tested":10226,"color":"rgb(44,160,44)"},{"description":"Other","count":94,"tested":867,"color":"rgb(148,103,189)"},{"description":"White","count":586,"tested":5833,"color":"rgb(31,119,180)"}],"gender":[]}
