{"age":[{"age_group":"<20","count":613,"tested":7474},{"age_group":"20-29   ","count":773,"tested":7423},{"age_group":"30-39   ","count":698,"tested":7325},{"age_group":"40-49   ","count":676,"tested":6997},{"age_group":"50-59   ","count":705,"tested":7441},{"age_group":"60-69   ","count":349,"tested":4744},{"age_group":"70-79   ","count":173,"tested":2688},{"age_group":"80+","count":64,"tested":1234}],"race":[{"description":"AI/AN**","count":9,"tested":71,"color":"rgb(31,119,180)"},{"description":"Asian","count":20,"tested":386,"color":"rgb(140,86,75)"},{"description":"Black","count":171,"tested":1635,"color":"rgb(255,127,14)"},{"description":"Hispanic","count":368,"tested":2467,"color":"rgb(214,39,40)"},{"description":"Left Blank","count":1205,"tested":17297,"color":"rgb(44,160,44)"},{"description":"Other","count":121,"tested":1646,"color":"rgb(148,103,189)"},{"description":"White","count":2156,"tested":21803,"color":"rgb(31,119,180)"}],"gender":[]}
