{"age":[{"age_group":"<20","count":69,"tested":1043},{"age_group":"20-29   ","count":109,"tested":1029},{"age_group":"30-39   ","count":91,"tested":1207},{"age_group":"40-49   ","count":100,"tested":1062},{"age_group":"50-59   ","count":104,"tested":1205},{"age_group":"60-69   ","count":66,"tested":1138},{"age_group":"70-79   ","count":34,"tested":808},{"age_group":"80+","count":9,"tested":285}],"race":[{"description":"Asian","count":6,"tested":161,"color":"rgb(140,86,75)"},{"description":"Black","count":6,"tested":69,"color":"rgb(255,127,14)"},{"description":"Hispanic","count":42,"tested":552,"color":"rgb(214,39,40)"},{"description":"Left Blank","count":230,"tested":3374,"color":"rgb(44,160,44)"},{"description":"Other","count":20,"tested":357,"color":"rgb(148,103,189)"},{"description":"White","count":277,"tested":3262,"color":"rgb(31,119,180)"}],"gender":[]}
