{"age":[{"age_group":"<20","count":10,"tested":137},{"age_group":"20-29   ","count":7,"tested":193},{"age_group":"30-39   ","count":10,"tested":163},{"age_group":"40-49   ","count":8,"tested":113},{"age_group":"50-59   ","count":9,"tested":160},{"age_group":"60-69   ","count":10,"tested":133},{"age_group":"70-79   ","count":7,"tested":92}],"race":[{"description":"Hispanic","count":7,"tested":69,"color":"rgb(214,39,40)"},{"description":"Left Blank","count":26,"tested":612,"color":"rgb(44,160,44)"},{"description":"White","count":31,"tested":350,"color":"rgb(31,119,180)"}],"gender":[]}
