{"age":[{"age_group":"<20","count":327,"tested":2844},{"age_group":"20-29   ","count":324,"tested":4737},{"age_group":"30-39   ","count":325,"tested":4869},{"age_group":"40-49   ","count":320,"tested":5263},{"age_group":"50-59   ","count":306,"tested":5584},{"age_group":"60-69   ","count":220,"tested":5134},{"age_group":"70-79   ","count":80,"tested":1830},{"age_group":"80+","count":54,"tested":905}],"race":[{"description":"Asian","count":14,"tested":237,"color":"rgb(140,86,75)"},{"description":"Black","count":302,"tested":5311,"color":"rgb(255,127,14)"},{"description":"Hispanic","count":666,"tested":5129,"color":"rgb(214,39,40)"},{"description":"Left Blank","count":646,"tested":15278,"color":"rgb(44,160,44)"},{"description":"Other","count":55,"tested":590,"color":"rgb(148,103,189)"},{"description":"White","count":272,"tested":4578,"color":"rgb(31,119,180)"}],"gender":[]}
