{"age":[{"age_group":"<20","count":97,"tested":3255},{"age_group":"20-29   ","count":881,"tested":22410},{"age_group":"30-39   ","count":612,"tested":16906},{"age_group":"40-49   ","count":231,"tested":6793},{"age_group":"50-59   ","count":248,"tested":7216},{"age_group":"60-69   ","count":205,"tested":6383},{"age_group":"70-79   ","count":131,"tested":4897},{"age_group":"80+","count":133,"tested":4515}],"race":[{"description":"Asian","count":207,"tested":7803,"color":"rgb(140,86,75)"},{"description":"Black","count":101,"tested":2409,"color":"rgb(255,127,14)"},{"description":"Hispanic","count":157,"tested":2224,"color":"rgb(214,39,40)"},{"description":"Left Blank","count":517,"tested":25941,"color":"rgb(44,160,44)"},{"description":"NH/PI*","count":8,"tested":47,"color":"rgb(127,127,127)"},{"description":"Other","count":224,"tested":3630,"color":"rgb(148,103,189)"},{"description":"White","count":1323,"tested":30198,"color":"rgb(31,119,180)"}],"gender":[]}
