{"age":[{"age_group":"<20","count":76,"tested":849},{"age_group":"20-29   ","count":74,"tested":651},{"age_group":"30-39   ","count":58,"tested":597},{"age_group":"40-49   ","count":81,"tested":594},{"age_group":"50-59   ","count":62,"tested":513},{"age_group":"60-69   ","count":32,"tested":265},{"age_group":"70-79   ","count":11,"tested":151}],"race":[{"description":"Hispanic","count":34,"tested":180,"color":"rgb(214,39,40)"},{"description":"Left Blank","count":160,"tested":1527,"color":"rgb(44,160,44)"},{"description":"Other","count":7,"tested":70,"color":"rgb(148,103,189)"},{"description":"White","count":195,"tested":1861,"color":"rgb(31,119,180)"}],"gender":[]}
