{"age":[{"age_group":"<20","count":1252,"tested":11819},{"age_group":"20-29   ","count":1512,"tested":19184},{"age_group":"30-39   ","count":1414,"tested":17506},{"age_group":"40-49   ","count":1387,"tested":15495},{"age_group":"50-59   ","count":1001,"tested":12505},{"age_group":"60-69   ","count":678,"tested":11442},{"age_group":"70-79   ","count":301,"tested":6237},{"age_group":"80+","count":143,"tested":3995}],"race":[{"description":"AI/AN**","count":10,"tested":73,"color":"rgb(31,119,180)"},{"description":"Asian","count":115,"tested":2383,"color":"rgb(140,86,75)"},{"description":"Black","count":1042,"tested":14569,"color":"rgb(255,127,14)"},{"description":"Hispanic","count":4066,"tested":23646,"color":"rgb(214,39,40)"},{"description":"Left Blank","count":1426,"tested":42949,"color":"rgb(44,160,44)"},{"description":"Other","count":276,"tested":3480,"color":"rgb(148,103,189)"},{"description":"White","count":750,"tested":11073,"color":"rgb(31,119,180)"}],"gender":[]}
