{"age":[{"age_group":"<20","count":77,"tested":1184},{"age_group":"20-29   ","count":65,"tested":813},{"age_group":"30-39   ","count":73,"tested":868},{"age_group":"40-49   ","count":62,"tested":753},{"age_group":"50-59   ","count":88,"tested":1153},{"age_group":"60-69   ","count":64,"tested":821},{"age_group":"70-79   ","count":9,"tested":434}],"race":[{"description":"Hispanic","count":35,"tested":283,"color":"rgb(214,39,40)"},{"description":"Left Blank","count":137,"tested":2285,"color":"rgb(44,160,44)"},{"description":"Other","count":8,"tested":89,"color":"rgb(148,103,189)"},{"description":"White","count":256,"tested":3823,"color":"rgb(31,119,180)"}],"gender":[]}
