{"age":[{"age_group":"<20","count":14,"tested":119},{"age_group":"20-29   ","count":15,"tested":135},{"age_group":"30-39   ","count":10,"tested":101},{"age_group":"40-49   ","count":16,"tested":124},{"age_group":"50-59   ","count":14,"tested":159},{"age_group":"60-69   ","count":20,"tested":192},{"age_group":"70-79   ","count":9,"tested":113}],"race":[{"description":"Left Blank","count":23,"tested":315,"color":"rgb(44,160,44)"},{"description":"White","count":77,"tested":641,"color":"rgb(31,119,180)"}],"gender":[]}
