{"age":[{"age_group":"<20","count":1525,"tested":13832},{"age_group":"20-29   ","count":1508,"tested":15300},{"age_group":"30-39   ","count":1317,"tested":13290},{"age_group":"40-49   ","count":1425,"tested":13953},{"age_group":"50-59   ","count":1077,"tested":11882},{"age_group":"60-69   ","count":572,"tested":7331},{"age_group":"70-79   ","count":239,"tested":4327},{"age_group":"80+","count":123,"tested":3680}],"race":[{"description":"AI/AN**","count":9,"tested":151,"color":"rgb(31,119,180)"},{"description":"Asian","count":127,"tested":2939,"color":"rgb(140,86,75)"},{"description":"Black","count":257,"tested":3399,"color":"rgb(255,127,14)"},{"description":"Hispanic","count":3491,"tested":19599,"color":"rgb(214,39,40)"},{"description":"Left Blank","count":1930,"tested":26910,"color":"rgb(44,160,44)"},{"description":"NH/PI*","count":11,"tested":290,"color":"rgb(127,127,127)"},{"description":"Other","count":287,"tested":3186,"color":"rgb(148,103,189)"},{"description":"White","count":1676,"tested":27136,"color":"rgb(31,119,180)"}],"gender":[]}
