{"age":[{"age_group":"<20","count":124,"tested":1864},{"age_group":"20-29   ","count":102,"tested":2121},{"age_group":"30-39   ","count":106,"tested":2111},{"age_group":"40-49   ","count":120,"tested":2474},{"age_group":"50-59   ","count":107,"tested":2269},{"age_group":"60-69   ","count":56,"tested":1915},{"age_group":"70-79   ","count":33,"tested":1334},{"age_group":"80+","count":47,"tested":1443}],"race":[{"description":"Black","count":11,"tested":274,"color":"rgb(255,127,14)"},{"description":"Hispanic","count":355,"tested":3339,"color":"rgb(214,39,40)"},{"description":"Left Blank","count":119,"tested":8721,"color":"rgb(44,160,44)"},{"description":"Other","count":48,"tested":511,"color":"rgb(148,103,189)"},{"description":"White","count":157,"tested":2382,"color":"rgb(31,119,180)"}],"gender":[]}
