{"age":[{"age_group":"<20","count":1139,"tested":13101},{"age_group":"20-29   ","count":1223,"tested":16324},{"age_group":"30-39   ","count":1118,"tested":15646},{"age_group":"40-49   ","count":1040,"tested":13636},{"age_group":"50-59   ","count":917,"tested":15841},{"age_group":"60-69   ","count":538,"tested":11224},{"age_group":"70-79   ","count":299,"tested":7489},{"age_group":"80+","count":184,"tested":5713}],"race":[{"description":"AI/AN**","count":12,"tested":128,"color":"rgb(31,119,180)"},{"description":"Asian","count":320,"tested":5865,"color":"rgb(140,86,75)"},{"description":"Black","count":974,"tested":12742,"color":"rgb(255,127,14)"},{"description":"Hispanic","count":1883,"tested":12751,"color":"rgb(214,39,40)"},{"description":"Left Blank","count":1648,"tested":44190,"color":"rgb(44,160,44)"},{"description":"NH/PI*","count":8,"tested":107,"color":"rgb(127,127,127)"},{"description":"Other","count":291,"tested":3263,"color":"rgb(148,103,189)"},{"description":"White","count":1322,"tested":19952,"color":"rgb(31,119,180)"}],"gender":[]}
