{"age":[{"age_group":"<20","count":214,"tested":2453},{"age_group":"20-29   ","count":260,"tested":3693},{"age_group":"30-39   ","count":244,"tested":3733},{"age_group":"40-49   ","count":214,"tested":3292},{"age_group":"50-59   ","count":194,"tested":3836},{"age_group":"60-69   ","count":137,"tested":2759},{"age_group":"70-79   ","count":101,"tested":1842},{"age_group":"80+","count":55,"tested":1614}],"race":[{"description":"Asian","count":10,"tested":112,"color":"rgb(140,86,75)"},{"description":"Black","count":86,"tested":1659,"color":"rgb(255,127,14)"},{"description":"Hispanic","count":117,"tested":1113,"color":"rgb(214,39,40)"},{"description":"Left Blank","count":350,"tested":7026,"color":"rgb(44,160,44)"},{"description":"Other","count":31,"tested":459,"color":"rgb(148,103,189)"},{"description":"White","count":825,"tested":12843,"color":"rgb(31,119,180)"}],"gender":[]}
