{"age":[{"age_group":"<20","count":300,"tested":3327},{"age_group":"20-29   ","count":261,"tested":2841},{"age_group":"30-39   ","count":242,"tested":2368},{"age_group":"40-49   ","count":288,"tested":2772},{"age_group":"50-59   ","count":252,"tested":2841},{"age_group":"60-69   ","count":157,"tested":1915},{"age_group":"70-79   ","count":67,"tested":1138},{"age_group":"80+","count":25,"tested":531}],"race":[{"description":"Asian","count":10,"tested":138,"color":"rgb(140,86,75)"},{"description":"Black","count":9,"tested":252,"color":"rgb(255,127,14)"},{"description":"Hispanic","count":114,"tested":863,"color":"rgb(214,39,40)"},{"description":"Left Blank","count":464,"tested":4926,"color":"rgb(44,160,44)"},{"description":"Other","count":36,"tested":567,"color":"rgb(148,103,189)"},{"description":"White","count":958,"tested":10956,"color":"rgb(31,119,180)"}],"gender":[]}
