{"age":[{"age_group":"<20","count":31,"tested":263},{"age_group":"20-29   ","count":34,"tested":422},{"age_group":"30-39   ","count":30,"tested":393},{"age_group":"40-49   ","count":26,"tested":438},{"age_group":"50-59   ","count":30,"tested":587},{"age_group":"60-69   ","count":17,"tested":524},{"age_group":"70-79   ","count":11,"tested":178},{"age_group":"80+","count":9,"tested":127}],"race":[{"description":"Black","count":108,"tested":1789,"color":"rgb(255,127,14)"},{"description":"Hispanic","count":29,"tested":174,"color":"rgb(214,39,40)"},{"description":"Left Blank","count":38,"tested":576,"color":"rgb(44,160,44)"},{"description":"White","count":10,"tested":306,"color":"rgb(31,119,180)"}],"gender":[]}
