{"age":[{"age_group":"<20","count":92,"tested":964},{"age_group":"20-29   ","count":141,"tested":1877},{"age_group":"30-39   ","count":103,"tested":1942},{"age_group":"40-49   ","count":105,"tested":1738},{"age_group":"50-59   ","count":133,"tested":2404},{"age_group":"60-69   ","count":124,"tested":2424},{"age_group":"70-79   ","count":79,"tested":1367},{"age_group":"80+","count":29,"tested":636}],"race":[{"description":"Black","count":48,"tested":1342,"color":"rgb(255,127,14)"},{"description":"Hispanic","count":115,"tested":753,"color":"rgb(214,39,40)"},{"description":"Left Blank","count":194,"tested":3177,"color":"rgb(44,160,44)"},{"description":"Other","count":16,"tested":293,"color":"rgb(148,103,189)"},{"description":"White","count":430,"tested":7745,"color":"rgb(31,119,180)"}],"gender":[]}
