{"lastUpdatedDate":{"year":2020,"month":11,"day":26},"county_demographics":[{"County":"Union","confirmed_cases":1161,"total_tested":13460,"demographics":{"age":[{"race":[],"age_group":"<20","count":139,"tested":1253,"deaths":0},{"race":[],"age_group":"20-29   ","count":187,"tested":1988,"deaths":0},{"race":[],"age_group":"30-39   ","count":154,"tested":1977,"deaths":0},{"race":[],"age_group":"40-49   ","count":172,"tested":1974,"deaths":0},{"race":[],"age_group":"50-59   ","count":183,"tested":2254,"deaths":0},{"race":[],"age_group":"60-69   ","count":142,"tested":1725,"deaths":0},{"race":[],"age_group":"70-79   ","count":100,"tested":1068,"deaths":0},{"race":[],"age_group":"80+","count":72,"tested":1216,"deaths":0},{"race":[],"age_group":"Unknown","count":0,"tested":0,"deaths":0}],"race":[{"description":"AI/AN**","count":0,"tested":0,"deaths":0,"color":"rgb(31,119,180)"},{"description":"Asian","count":0,"tested":29,"deaths":0,"color":"rgb(140,86,75)"},{"description":"Black","count":45,"tested":387,"deaths":0,"color":"rgb(255,127,14)"},{"description":"Hispanic","count":69,"tested":335,"deaths":0,"color":"rgb(214,39,40)"},{"description":"Left Blank","count":170,"tested":3519,"deaths":0,"color":"rgb(44,160,44)"},{"description":"NH/PI*","count":0,"tested":16,"deaths":0,"color":"rgb(127,127,127)"},{"description":"Other","count":6,"tested":100,"deaths":0,"color":"rgb(148,103,189)"},{"description":"White","count":867,"tested":9073,"deaths":0,"color":"rgb(31,119,180)"}],"gender":[{"description":"Female","count":543,"tested":7091,"deaths":0,"color":"rgb(255,127,14)"},{"description":"Male","count":568,"tested":5616,"deaths":0,"color":"rgb(31,119,180)"},{"description":"Unknown/Left Blank","count":50,"tested":753,"deaths":0,"color":"rgb(44,160,44)"}]}}]}
