{"lastUpdatedDate":{"year":2020,"month":11,"day":26},"county_demographics":[{"County":"Clinton","confirmed_cases":3235,"total_tested":26513,"demographics":{"age":[{"race":[],"age_group":"<20","count":440,"tested":3465,"deaths":0},{"race":[],"age_group":"20-29   ","count":493,"tested":4149,"deaths":0},{"race":[],"age_group":"30-39   ","count":479,"tested":3817,"deaths":0},{"race":[],"age_group":"40-49   ","count":408,"tested":3448,"deaths":0},{"race":[],"age_group":"50-59   ","count":497,"tested":4186,"deaths":0},{"race":[],"age_group":"60-69   ","count":439,"tested":3556,"deaths":0},{"race":[],"age_group":"70-79   ","count":220,"tested":1966,"deaths":0},{"race":[],"age_group":"80+","count":252,"tested":1892,"deaths":0},{"race":[],"age_group":"Unknown","count":7,"tested":34,"deaths":0}],"race":[{"description":"AI/AN**","count":0,"tested":8,"deaths":0,"color":"rgb(31,119,180)"},{"description":"Asian","count":0,"tested":38,"deaths":0,"color":"rgb(140,86,75)"},{"description":"Black","count":53,"tested":565,"deaths":0,"color":"rgb(255,127,14)"},{"description":"Hispanic","count":46,"tested":187,"deaths":0,"color":"rgb(214,39,40)"},{"description":"Left Blank","count":1339,"tested":12251,"deaths":0,"color":"rgb(44,160,44)"},{"description":"NH/PI*","count":0,"tested":6,"deaths":0,"color":"rgb(127,127,127)"},{"description":"Other","count":83,"tested":523,"deaths":0,"color":"rgb(148,103,189)"},{"description":"White","count":1709,"tested":12935,"deaths":0,"color":"rgb(31,119,180)"}],"gender":[{"description":"Female","count":1729,"tested":15554,"deaths":0,"color":"rgb(255,127,14)"},{"description":"Male","count":1441,"tested":10354,"deaths":0,"color":"rgb(31,119,180)"},{"description":"Unknown/Left Blank","count":65,"tested":605,"deaths":0,"color":"rgb(44,160,44)"}]}}]}
