{"lastUpdatedDate":{"year":2020,"month":11,"day":26},"county_demographics":[{"County":"Moultrie","confirmed_cases":866,"total_tested":10729,"demographics":{"age":[{"race":[],"age_group":"<20","count":115,"tested":1587,"deaths":0},{"race":[],"age_group":"20-29   ","count":101,"tested":1443,"deaths":0},{"race":[],"age_group":"30-39   ","count":99,"tested":1374,"deaths":0},{"race":[],"age_group":"40-49   ","count":100,"tested":1368,"deaths":0},{"race":[],"age_group":"50-59   ","count":125,"tested":1543,"deaths":0},{"race":[],"age_group":"60-69   ","count":131,"tested":1366,"deaths":0},{"race":[],"age_group":"70-79   ","count":93,"tested":1011,"deaths":0},{"race":[],"age_group":"80+","count":85,"tested":1037,"deaths":0}],"race":[{"description":"AI/AN**","count":0,"tested":0,"deaths":0,"color":"rgb(31,119,180)"},{"description":"Asian","count":0,"tested":27,"deaths":0,"color":"rgb(140,86,75)"},{"description":"Black","count":9,"tested":88,"deaths":0,"color":"rgb(255,127,14)"},{"description":"Hispanic","count":8,"tested":44,"deaths":0,"color":"rgb(214,39,40)"},{"description":"Left Blank","count":218,"tested":3429,"deaths":0,"color":"rgb(44,160,44)"},{"description":"NH/PI*","count":0,"tested":0,"deaths":0,"color":"rgb(127,127,127)"},{"description":"Other","count":11,"tested":308,"deaths":0,"color":"rgb(148,103,189)"},{"description":"White","count":620,"tested":6828,"deaths":0,"color":"rgb(31,119,180)"}],"gender":[{"description":"Female","count":462,"tested":6879,"deaths":0,"color":"rgb(255,127,14)"},{"description":"Male","count":376,"tested":3513,"deaths":0,"color":"rgb(31,119,180)"},{"description":"Unknown/Left Blank","count":28,"tested":337,"deaths":0,"color":"rgb(44,160,44)"}]}}]}
