{"lastUpdatedDate":{"year":2020,"month":11,"day":26},"county_demographics":[{"County":"Livingston","confirmed_cases":2184,"total_tested":29008,"demographics":{"age":[{"race":[],"age_group":"<20","count":271,"tested":3439,"deaths":0},{"race":[],"age_group":"20-29   ","count":332,"tested":3801,"deaths":0},{"race":[],"age_group":"30-39   ","count":381,"tested":4159,"deaths":0},{"race":[],"age_group":"40-49   ","count":330,"tested":3166,"deaths":0},{"race":[],"age_group":"50-59   ","count":339,"tested":4232,"deaths":0},{"race":[],"age_group":"60-69   ","count":251,"tested":3437,"deaths":0},{"race":[],"age_group":"70-79   ","count":146,"tested":2197,"deaths":0},{"race":[],"age_group":"80+","count":133,"tested":4562,"deaths":0},{"race":[],"age_group":"Unknown","count":0,"tested":15,"deaths":0}],"race":[{"description":"AI/AN**","count":0,"tested":6,"deaths":0,"color":"rgb(31,119,180)"},{"description":"Asian","count":0,"tested":28,"deaths":0,"color":"rgb(140,86,75)"},{"description":"Black","count":56,"tested":358,"deaths":0,"color":"rgb(255,127,14)"},{"description":"Hispanic","count":61,"tested":343,"deaths":0,"color":"rgb(214,39,40)"},{"description":"Left Blank","count":651,"tested":14995,"deaths":0,"color":"rgb(44,160,44)"},{"description":"NH/PI*","count":0,"tested":7,"deaths":0,"color":"rgb(127,127,127)"},{"description":"Other","count":47,"tested":554,"deaths":0,"color":"rgb(148,103,189)"},{"description":"White","count":1366,"tested":12717,"deaths":0,"color":"rgb(31,119,180)"}],"gender":[{"description":"Female","count":1064,"tested":18241,"deaths":0,"color":"rgb(255,127,14)"},{"description":"Male","count":1099,"tested":9917,"deaths":0,"color":"rgb(31,119,180)"},{"description":"Unknown/Left Blank","count":21,"tested":850,"deaths":0,"color":"rgb(44,160,44)"}]}}]}
