{"lastUpdatedDate":{"year":2021,"month":7,"day":7},"county_demographics":[{"County":"Saline","confirmed_cases":2617,"total_tested":40979,"demographics":{"age":[{"race":[],"age_group":"<20","count":424,"tested":4903,"deaths":0},{"race":[],"age_group":"20-29   ","count":379,"tested":6128,"deaths":0},{"race":[],"age_group":"30-39   ","count":373,"tested":5678,"deaths":0},{"race":[],"age_group":"40-49   ","count":330,"tested":5519,"deaths":0},{"race":[],"age_group":"50-59   ","count":355,"tested":5698,"deaths":0},{"race":[],"age_group":"60-69   ","count":320,"tested":5008,"deaths":0},{"race":[],"age_group":"70-79   ","count":247,"tested":4003,"deaths":0},{"race":[],"age_group":"80+","count":189,"tested":4040,"deaths":0},{"race":[],"age_group":"Unknown","count":0,"tested":0,"deaths":0}],"race":[{"description":"AI/AN**","count":0,"tested":12,"deaths":0,"color":"rgb(31,119,180)"},{"description":"Asian","count":0,"tested":61,"deaths":0,"color":"rgb(140,86,75)"},{"description":"Black","count":80,"tested":1142,"deaths":0,"color":"rgb(255,127,14)"},{"description":"Hispanic","count":21,"tested":163,"deaths":0,"color":"rgb(214,39,40)"},{"description":"Left Blank","count":816,"tested":20736,"deaths":0,"color":"rgb(44,160,44)"},{"description":"NH/PI*","count":0,"tested":20,"deaths":0,"color":"rgb(127,127,127)"},{"description":"Other","count":17,"tested":180,"deaths":0,"color":"rgb(148,103,189)"},{"description":"White","count":1672,"tested":18665,"deaths":0,"color":"rgb(31,119,180)"}],"gender":[{"description":"Female","count":1417,"tested":23503,"deaths":0,"color":"rgb(255,127,14)"},{"description":"Male","count":1154,"tested":15348,"deaths":0,"color":"rgb(31,119,180)"},{"description":"Unknown/Left Blank","count":41,"tested":2128,"deaths":0,"color":"rgb(44,160,44)"}]}}]}
