{"lastUpdatedDate":{"year":2021,"month":7,"day":7},"county_demographics":[{"County":"Out Of State","confirmed_cases":2,"total_tested":170078,"demographics":{"age":[{"race":[],"age_group":"<20","count":0,"tested":36487,"deaths":0},{"race":[],"age_group":"20-29   ","count":0,"tested":40628,"deaths":0},{"race":[],"age_group":"30-39   ","count":0,"tested":23929,"deaths":0},{"race":[],"age_group":"40-49   ","count":0,"tested":19107,"deaths":0},{"race":[],"age_group":"50-59   ","count":0,"tested":21055,"deaths":0},{"race":[],"age_group":"60-69   ","count":0,"tested":15472,"deaths":0},{"race":[],"age_group":"70-79   ","count":0,"tested":8691,"deaths":0},{"race":[],"age_group":"80+","count":0,"tested":4664,"deaths":0},{"race":[],"age_group":"Unknown","count":0,"tested":45,"deaths":0}],"race":[{"description":"AI/AN**","count":0,"tested":265,"deaths":0,"color":"rgb(31,119,180)"},{"description":"Asian","count":0,"tested":4016,"deaths":0,"color":"rgb(140,86,75)"},{"description":"Black","count":0,"tested":13123,"deaths":0,"color":"rgb(255,127,14)"},{"description":"Hispanic","count":0,"tested":7648,"deaths":0,"color":"rgb(214,39,40)"},{"description":"Left Blank","count":0,"tested":61969,"deaths":0,"color":"rgb(44,160,44)"},{"description":"NH/PI*","count":0,"tested":323,"deaths":0,"color":"rgb(127,127,127)"},{"description":"Other","count":0,"tested":6988,"deaths":0,"color":"rgb(148,103,189)"},{"description":"White","count":0,"tested":75746,"deaths":0,"color":"rgb(31,119,180)"}],"gender":[{"description":"Female","count":0,"tested":87843,"deaths":0,"color":"rgb(255,127,14)"},{"description":"Male","count":0,"tested":76380,"deaths":0,"color":"rgb(31,119,180)"},{"description":"Unknown/Left Blank","count":0,"tested":5855,"deaths":0,"color":"rgb(44,160,44)"}]}}]}
