{"lastUpdatedDate":{"year":2021,"month":7,"day":7},"county_demographics":[{"County":"Lee","confirmed_cases":4198,"total_tested":107715,"demographics":{"age":[{"race":[],"age_group":"<20","count":560,"tested":5178,"deaths":0},{"race":[],"age_group":"20-29   ","count":688,"tested":17799,"deaths":0},{"race":[],"age_group":"30-39   ","count":628,"tested":23634,"deaths":0},{"race":[],"age_group":"40-49   ","count":659,"tested":22533,"deaths":0},{"race":[],"age_group":"50-59   ","count":685,"tested":16858,"deaths":0},{"race":[],"age_group":"60-69   ","count":501,"tested":10040,"deaths":0},{"race":[],"age_group":"70-79   ","count":266,"tested":4134,"deaths":0},{"race":[],"age_group":"80+","count":205,"tested":5238,"deaths":0},{"race":[],"age_group":"Unknown","count":6,"tested":2301,"deaths":0}],"race":[{"description":"AI/AN**","count":0,"tested":14,"deaths":0,"color":"rgb(31,119,180)"},{"description":"Asian","count":16,"tested":201,"deaths":0,"color":"rgb(140,86,75)"},{"description":"Black","count":180,"tested":1814,"deaths":0,"color":"rgb(255,127,14)"},{"description":"Hispanic","count":136,"tested":1064,"deaths":0,"color":"rgb(214,39,40)"},{"description":"Left Blank","count":1226,"tested":80478,"deaths":0,"color":"rgb(44,160,44)"},{"description":"NH/PI*","count":0,"tested":9,"deaths":0,"color":"rgb(127,127,127)"},{"description":"Other","count":94,"tested":763,"deaths":0,"color":"rgb(148,103,189)"},{"description":"White","count":2540,"tested":23372,"deaths":0,"color":"rgb(31,119,180)"}],"gender":[{"description":"Female","count":1944,"tested":25149,"deaths":0,"color":"rgb(255,127,14)"},{"description":"Male","count":2115,"tested":51916,"deaths":0,"color":"rgb(31,119,180)"},{"description":"Unknown/Left Blank","count":135,"tested":30650,"deaths":0,"color":"rgb(44,160,44)"}]}}]}
