{"lastUpdatedDate":{"year":2021,"month":7,"day":7},"county_demographics":[{"County":"Moultrie","confirmed_cases":1646,"total_tested":26789,"demographics":{"age":[{"race":[],"age_group":"<20","count":277,"tested":4171,"deaths":0},{"race":[],"age_group":"20-29   ","count":191,"tested":3982,"deaths":0},{"race":[],"age_group":"30-39   ","count":204,"tested":3659,"deaths":0},{"race":[],"age_group":"40-49   ","count":178,"tested":3654,"deaths":0},{"race":[],"age_group":"50-59   ","count":258,"tested":3831,"deaths":0},{"race":[],"age_group":"60-69   ","count":243,"tested":3404,"deaths":0},{"race":[],"age_group":"70-79   ","count":156,"tested":2101,"deaths":0},{"race":[],"age_group":"80+","count":139,"tested":1905,"deaths":0},{"race":[],"age_group":"Unknown","count":0,"tested":82,"deaths":0}],"race":[{"description":"AI/AN**","count":0,"tested":6,"deaths":0,"color":"rgb(31,119,180)"},{"description":"Asian","count":0,"tested":48,"deaths":0,"color":"rgb(140,86,75)"},{"description":"Black","count":13,"tested":265,"deaths":0,"color":"rgb(255,127,14)"},{"description":"Hispanic","count":13,"tested":120,"deaths":0,"color":"rgb(214,39,40)"},{"description":"Left Blank","count":424,"tested":8364,"deaths":0,"color":"rgb(44,160,44)"},{"description":"NH/PI*","count":0,"tested":21,"deaths":0,"color":"rgb(127,127,127)"},{"description":"Other","count":13,"tested":386,"deaths":0,"color":"rgb(148,103,189)"},{"description":"White","count":1179,"tested":17579,"deaths":0,"color":"rgb(31,119,180)"}],"gender":[{"description":"Female","count":849,"tested":16736,"deaths":0,"color":"rgb(255,127,14)"},{"description":"Male","count":770,"tested":8980,"deaths":0,"color":"rgb(31,119,180)"},{"description":"Unknown/Left Blank","count":27,"tested":1073,"deaths":0,"color":"rgb(44,160,44)"}]}}]}
