{"lastUpdatedDate":{"year":2021,"month":7,"day":7},"county_demographics":[{"County":"Christian","confirmed_cases":3848,"total_tested":60505,"demographics":{"age":[{"race":[],"age_group":"<20","count":437,"tested":5532,"deaths":0},{"race":[],"age_group":"20-29   ","count":579,"tested":9530,"deaths":0},{"race":[],"age_group":"30-39   ","count":550,"tested":10186,"deaths":0},{"race":[],"age_group":"40-49   ","count":607,"tested":9813,"deaths":0},{"race":[],"age_group":"50-59   ","count":637,"tested":9473,"deaths":0},{"race":[],"age_group":"60-69   ","count":469,"tested":6874,"deaths":0},{"race":[],"age_group":"70-79   ","count":301,"tested":4160,"deaths":0},{"race":[],"age_group":"80+","count":268,"tested":4324,"deaths":0},{"race":[],"age_group":"Unknown","count":0,"tested":613,"deaths":0}],"race":[{"description":"AI/AN**","count":0,"tested":43,"deaths":0,"color":"rgb(31,119,180)"},{"description":"Asian","count":0,"tested":95,"deaths":0,"color":"rgb(140,86,75)"},{"description":"Black","count":72,"tested":278,"deaths":0,"color":"rgb(255,127,14)"},{"description":"Hispanic","count":66,"tested":215,"deaths":0,"color":"rgb(214,39,40)"},{"description":"Left Blank","count":1679,"tested":33076,"deaths":0,"color":"rgb(44,160,44)"},{"description":"NH/PI*","count":0,"tested":19,"deaths":0,"color":"rgb(127,127,127)"},{"description":"Other","count":43,"tested":617,"deaths":0,"color":"rgb(148,103,189)"},{"description":"White","count":1976,"tested":26162,"deaths":0,"color":"rgb(31,119,180)"}],"gender":[{"description":"Female","count":1744,"tested":28356,"deaths":0,"color":"rgb(255,127,14)"},{"description":"Male","count":1803,"tested":21335,"deaths":0,"color":"rgb(31,119,180)"},{"description":"Unknown/Left Blank","count":301,"tested":10814,"deaths":0,"color":"rgb(44,160,44)"}]}}]}
