{"lastUpdatedDate":{"year":2021,"month":6,"day":9},"county_demographics":[{"County":"De Witt","confirmed_cases":1569,"total_tested":27018,"demographics":{"age":[{"race":[],"age_group":"<20","count":275,"tested":4742,"deaths":0},{"race":[],"age_group":"20-29   ","count":215,"tested":4425,"deaths":0},{"race":[],"age_group":"30-39   ","count":228,"tested":3762,"deaths":0},{"race":[],"age_group":"40-49   ","count":205,"tested":3401,"deaths":0},{"race":[],"age_group":"50-59   ","count":234,"tested":3582,"deaths":0},{"race":[],"age_group":"60-69   ","count":181,"tested":3025,"deaths":0},{"race":[],"age_group":"70-79   ","count":130,"tested":1997,"deaths":0},{"race":[],"age_group":"80+","count":100,"tested":2083,"deaths":0},{"race":[],"age_group":"Unknown","count":0,"tested":0,"deaths":0}],"race":[{"description":"AI/AN**","count":0,"tested":31,"deaths":0,"color":"rgb(31,119,180)"},{"description":"Asian","count":0,"tested":50,"deaths":0,"color":"rgb(140,86,75)"},{"description":"Black","count":8,"tested":142,"deaths":0,"color":"rgb(255,127,14)"},{"description":"Hispanic","count":37,"tested":291,"deaths":0,"color":"rgb(214,39,40)"},{"description":"Left Blank","count":335,"tested":11974,"deaths":0,"color":"rgb(44,160,44)"},{"description":"NH/PI*","count":0,"tested":9,"deaths":0,"color":"rgb(127,127,127)"},{"description":"Other","count":10,"tested":322,"deaths":0,"color":"rgb(148,103,189)"},{"description":"White","count":1167,"tested":14199,"deaths":0,"color":"rgb(31,119,180)"}],"gender":[{"description":"Female","count":834,"tested":16520,"deaths":0,"color":"rgb(255,127,14)"},{"description":"Male","count":723,"tested":10002,"deaths":0,"color":"rgb(31,119,180)"},{"description":"Unknown/Left Blank","count":12,"tested":496,"deaths":0,"color":"rgb(44,160,44)"}]}}]}
