{"lastUpdatedDate":{"year":2021,"month":6,"day":9},"county_demographics":[{"County":"Richland","confirmed_cases":1767,"total_tested":28091,"demographics":{"age":[{"race":[],"age_group":"<20","count":256,"tested":3876,"deaths":0},{"race":[],"age_group":"20-29   ","count":234,"tested":4114,"deaths":0},{"race":[],"age_group":"30-39   ","count":239,"tested":4361,"deaths":0},{"race":[],"age_group":"40-49   ","count":239,"tested":3996,"deaths":0},{"race":[],"age_group":"50-59   ","count":257,"tested":3938,"deaths":0},{"race":[],"age_group":"60-69   ","count":224,"tested":3196,"deaths":0},{"race":[],"age_group":"70-79   ","count":157,"tested":2096,"deaths":0},{"race":[],"age_group":"80+","count":161,"tested":2507,"deaths":0},{"race":[],"age_group":"Unknown","count":0,"tested":7,"deaths":0}],"race":[{"description":"AI/AN**","count":0,"tested":0,"deaths":0,"color":"rgb(31,119,180)"},{"description":"Asian","count":6,"tested":76,"deaths":0,"color":"rgb(140,86,75)"},{"description":"Black","count":14,"tested":165,"deaths":0,"color":"rgb(255,127,14)"},{"description":"Hispanic","count":10,"tested":146,"deaths":0,"color":"rgb(214,39,40)"},{"description":"Left Blank","count":173,"tested":8871,"deaths":0,"color":"rgb(44,160,44)"},{"description":"NH/PI*","count":0,"tested":32,"deaths":0,"color":"rgb(127,127,127)"},{"description":"Other","count":7,"tested":183,"deaths":0,"color":"rgb(148,103,189)"},{"description":"White","count":1554,"tested":18613,"deaths":0,"color":"rgb(31,119,180)"}],"gender":[{"description":"Female","count":989,"tested":15994,"deaths":0,"color":"rgb(255,127,14)"},{"description":"Male","count":765,"tested":9658,"deaths":0,"color":"rgb(31,119,180)"},{"description":"Unknown/Left Blank","count":9,"tested":2439,"deaths":0,"color":"rgb(44,160,44)"}]}}]}
