{"lastUpdatedDate":{"year":2021,"month":6,"day":9},"county_demographics":[{"County":"Christian","confirmed_cases":3834,"total_tested":58741,"demographics":{"age":[{"race":[],"age_group":"<20","count":437,"tested":5386,"deaths":0},{"race":[],"age_group":"20-29   ","count":575,"tested":9252,"deaths":0},{"race":[],"age_group":"30-39   ","count":548,"tested":9869,"deaths":0},{"race":[],"age_group":"40-49   ","count":604,"tested":9527,"deaths":0},{"race":[],"age_group":"50-59   ","count":634,"tested":9196,"deaths":0},{"race":[],"age_group":"60-69   ","count":468,"tested":6671,"deaths":0},{"race":[],"age_group":"70-79   ","count":300,"tested":4021,"deaths":0},{"race":[],"age_group":"80+","count":268,"tested":4206,"deaths":0},{"race":[],"age_group":"Unknown","count":0,"tested":613,"deaths":0}],"race":[{"description":"AI/AN**","count":0,"tested":42,"deaths":0,"color":"rgb(31,119,180)"},{"description":"Asian","count":0,"tested":93,"deaths":0,"color":"rgb(140,86,75)"},{"description":"Black","count":72,"tested":252,"deaths":0,"color":"rgb(255,127,14)"},{"description":"Hispanic","count":65,"tested":206,"deaths":0,"color":"rgb(214,39,40)"},{"description":"Left Blank","count":1731,"tested":32381,"deaths":0,"color":"rgb(44,160,44)"},{"description":"NH/PI*","count":0,"tested":17,"deaths":0,"color":"rgb(127,127,127)"},{"description":"Other","count":43,"tested":602,"deaths":0,"color":"rgb(148,103,189)"},{"description":"White","count":1911,"tested":25148,"deaths":0,"color":"rgb(31,119,180)"}],"gender":[{"description":"Female","count":1692,"tested":27525,"deaths":0,"color":"rgb(255,127,14)"},{"description":"Male","count":1756,"tested":20431,"deaths":0,"color":"rgb(31,119,180)"},{"description":"Unknown/Left Blank","count":386,"tested":10785,"deaths":0,"color":"rgb(44,160,44)"}]}}]}
