{"lastUpdatedDate":{"year":2021,"month":6,"day":9},"county_demographics":[{"County":"Greene","confirmed_cases":1453,"total_tested":16047,"demographics":{"age":[{"race":[],"age_group":"<20","count":172,"tested":2391,"deaths":0},{"race":[],"age_group":"20-29   ","count":198,"tested":2444,"deaths":0},{"race":[],"age_group":"30-39   ","count":203,"tested":2531,"deaths":0},{"race":[],"age_group":"40-49   ","count":193,"tested":2251,"deaths":0},{"race":[],"age_group":"50-59   ","count":246,"tested":2431,"deaths":0},{"race":[],"age_group":"60-69   ","count":183,"tested":1759,"deaths":0},{"race":[],"age_group":"70-79   ","count":139,"tested":1223,"deaths":0},{"race":[],"age_group":"80+","count":106,"tested":1016,"deaths":0},{"race":[],"age_group":"Unknown","count":10,"tested":0,"deaths":0}],"race":[{"description":"AI/AN**","count":0,"tested":0,"deaths":0,"color":"rgb(31,119,180)"},{"description":"Asian","count":0,"tested":8,"deaths":0,"color":"rgb(140,86,75)"},{"description":"Black","count":0,"tested":49,"deaths":0,"color":"rgb(255,127,14)"},{"description":"Hispanic","count":0,"tested":22,"deaths":0,"color":"rgb(214,39,40)"},{"description":"Left Blank","count":635,"tested":8355,"deaths":0,"color":"rgb(44,160,44)"},{"description":"NH/PI*","count":0,"tested":7,"deaths":0,"color":"rgb(127,127,127)"},{"description":"Other","count":8,"tested":120,"deaths":0,"color":"rgb(148,103,189)"},{"description":"White","count":807,"tested":7482,"deaths":0,"color":"rgb(31,119,180)"}],"gender":[{"description":"Female","count":743,"tested":9328,"deaths":0,"color":"rgb(255,127,14)"},{"description":"Male","count":584,"tested":5747,"deaths":0,"color":"rgb(31,119,180)"},{"description":"Unknown/Left Blank","count":126,"tested":972,"deaths":0,"color":"rgb(44,160,44)"}]}}]}
