{"lastUpdatedDate":{"year":2021,"month":6,"day":9},"county_demographics":[{"County":"Mercer","confirmed_cases":1492,"total_tested":19096,"demographics":{"age":[{"race":[],"age_group":"<20","count":244,"tested":3485,"deaths":0},{"race":[],"age_group":"20-29   ","count":191,"tested":2210,"deaths":0},{"race":[],"age_group":"30-39   ","count":192,"tested":2322,"deaths":0},{"race":[],"age_group":"40-49   ","count":238,"tested":2225,"deaths":0},{"race":[],"age_group":"50-59   ","count":231,"tested":2726,"deaths":0},{"race":[],"age_group":"60-69   ","count":190,"tested":2316,"deaths":0},{"race":[],"age_group":"70-79   ","count":106,"tested":1781,"deaths":0},{"race":[],"age_group":"80+","count":99,"tested":2017,"deaths":0},{"race":[],"age_group":"Unknown","count":0,"tested":14,"deaths":0}],"race":[{"description":"AI/AN**","count":0,"tested":0,"deaths":0,"color":"rgb(31,119,180)"},{"description":"Asian","count":0,"tested":8,"deaths":0,"color":"rgb(140,86,75)"},{"description":"Black","count":7,"tested":25,"deaths":0,"color":"rgb(255,127,14)"},{"description":"Hispanic","count":22,"tested":120,"deaths":0,"color":"rgb(214,39,40)"},{"description":"Left Blank","count":385,"tested":8124,"deaths":0,"color":"rgb(44,160,44)"},{"description":"NH/PI*","count":0,"tested":0,"deaths":0,"color":"rgb(127,127,127)"},{"description":"Other","count":13,"tested":246,"deaths":0,"color":"rgb(148,103,189)"},{"description":"White","count":1059,"tested":10566,"deaths":0,"color":"rgb(31,119,180)"}],"gender":[{"description":"Female","count":807,"tested":11131,"deaths":0,"color":"rgb(255,127,14)"},{"description":"Male","count":675,"tested":7449,"deaths":0,"color":"rgb(31,119,180)"},{"description":"Unknown/Left Blank","count":6,"tested":516,"deaths":0,"color":"rgb(44,160,44)"}]}}]}
