{"lastUpdatedDate":{"year":2021,"month":6,"day":9},"county_demographics":[{"County":"Bond","confirmed_cases":2085,"total_tested":39251,"demographics":{"age":[{"race":[],"age_group":"<20","count":340,"tested":6445,"deaths":0},{"race":[],"age_group":"20-29   ","count":376,"tested":11610,"deaths":0},{"race":[],"age_group":"30-39   ","count":304,"tested":5204,"deaths":0},{"race":[],"age_group":"40-49   ","count":309,"tested":4493,"deaths":0},{"race":[],"age_group":"50-59   ","count":312,"tested":3941,"deaths":0},{"race":[],"age_group":"60-69   ","count":232,"tested":3407,"deaths":0},{"race":[],"age_group":"70-79   ","count":118,"tested":2085,"deaths":0},{"race":[],"age_group":"80+","count":94,"tested":1934,"deaths":0},{"race":[],"age_group":"Unknown","count":0,"tested":132,"deaths":0}],"race":[{"description":"AI/AN**","count":0,"tested":29,"deaths":0,"color":"rgb(31,119,180)"},{"description":"Asian","count":0,"tested":352,"deaths":0,"color":"rgb(140,86,75)"},{"description":"Black","count":50,"tested":1914,"deaths":0,"color":"rgb(255,127,14)"},{"description":"Hispanic","count":19,"tested":1210,"deaths":0,"color":"rgb(214,39,40)"},{"description":"Left Blank","count":1037,"tested":19298,"deaths":0,"color":"rgb(44,160,44)"},{"description":"NH/PI*","count":0,"tested":46,"deaths":0,"color":"rgb(127,127,127)"},{"description":"Other","count":23,"tested":261,"deaths":0,"color":"rgb(148,103,189)"},{"description":"White","count":940,"tested":16141,"deaths":0,"color":"rgb(31,119,180)"}],"gender":[{"description":"Female","count":986,"tested":18259,"deaths":0,"color":"rgb(255,127,14)"},{"description":"Male","count":1062,"tested":18936,"deaths":0,"color":"rgb(31,119,180)"},{"description":"Unknown/Left Blank","count":37,"tested":2056,"deaths":0,"color":"rgb(44,160,44)"}]}}]}
