{"lastUpdatedDate":{"year":2021,"month":1,"day":14},"county_demographics":[{"County":"Lee","confirmed_cases":2996,"total_tested":38142,"demographics":{"age":[{"race":[],"age_group":"<20","count":338,"tested":2915,"deaths":0},{"race":[],"age_group":"20-29   ","count":497,"tested":5764,"deaths":0},{"race":[],"age_group":"30-39   ","count":448,"tested":6547,"deaths":0},{"race":[],"age_group":"40-49   ","count":481,"tested":6525,"deaths":0},{"race":[],"age_group":"50-59   ","count":494,"tested":5503,"deaths":0},{"race":[],"age_group":"60-69   ","count":364,"tested":4264,"deaths":0},{"race":[],"age_group":"70-79   ","count":178,"tested":1848,"deaths":0},{"race":[],"age_group":"80+","count":156,"tested":2507,"deaths":0},{"race":[],"age_group":"Unknown","count":39,"tested":2269,"deaths":0}],"race":[{"description":"AI/AN**","count":0,"tested":0,"deaths":0,"color":"rgb(31,119,180)"},{"description":"Asian","count":12,"tested":96,"deaths":0,"color":"rgb(140,86,75)"},{"description":"Black","count":116,"tested":916,"deaths":0,"color":"rgb(255,127,14)"},{"description":"Hispanic","count":63,"tested":431,"deaths":0,"color":"rgb(214,39,40)"},{"description":"Left Blank","count":1038,"tested":22494,"deaths":0,"color":"rgb(44,160,44)"},{"description":"NH/PI*","count":0,"tested":0,"deaths":0,"color":"rgb(127,127,127)"},{"description":"Other","count":79,"tested":480,"deaths":0,"color":"rgb(148,103,189)"},{"description":"White","count":1684,"tested":13717,"deaths":0,"color":"rgb(31,119,180)"}],"gender":[{"description":"Female","count":1329,"tested":12597,"deaths":0,"color":"rgb(255,127,14)"},{"description":"Male","count":1555,"tested":11974,"deaths":0,"color":"rgb(31,119,180)"},{"description":"Unknown/Left Blank","count":109,"tested":13571,"deaths":0,"color":"rgb(44,160,44)"}]}}]}
