{"lastUpdatedDate":{"year":2021,"month":1,"day":14},"county_demographics":[{"County":"Woodford","confirmed_cases":3094,"total_tested":43645,"demographics":{"age":[{"race":[],"age_group":"<20","count":550,"tested":7238,"deaths":0},{"race":[],"age_group":"20-29   ","count":442,"tested":5564,"deaths":0},{"race":[],"age_group":"30-39   ","count":425,"tested":5612,"deaths":0},{"race":[],"age_group":"40-49   ","count":431,"tested":5442,"deaths":0},{"race":[],"age_group":"50-59   ","count":475,"tested":5780,"deaths":0},{"race":[],"age_group":"60-69   ","count":375,"tested":4939,"deaths":0},{"race":[],"age_group":"70-79   ","count":203,"tested":3156,"deaths":0},{"race":[],"age_group":"80+","count":193,"tested":5888,"deaths":0},{"race":[],"age_group":"Unknown","count":0,"tested":26,"deaths":0}],"race":[{"description":"AI/AN**","count":0,"tested":29,"deaths":0,"color":"rgb(31,119,180)"},{"description":"Asian","count":6,"tested":112,"deaths":0,"color":"rgb(140,86,75)"},{"description":"Black","count":9,"tested":240,"deaths":0,"color":"rgb(255,127,14)"},{"description":"Hispanic","count":9,"tested":157,"deaths":0,"color":"rgb(214,39,40)"},{"description":"Left Blank","count":1393,"tested":21675,"deaths":0,"color":"rgb(44,160,44)"},{"description":"NH/PI*","count":0,"tested":7,"deaths":0,"color":"rgb(127,127,127)"},{"description":"Other","count":60,"tested":924,"deaths":0,"color":"rgb(148,103,189)"},{"description":"White","count":1608,"tested":20501,"deaths":0,"color":"rgb(31,119,180)"}],"gender":[{"description":"Female","count":1605,"tested":26683,"deaths":0,"color":"rgb(255,127,14)"},{"description":"Male","count":1419,"tested":15096,"deaths":0,"color":"rgb(31,119,180)"},{"description":"Unknown/Left Blank","count":67,"tested":1866,"deaths":0,"color":"rgb(44,160,44)"}]}}]}
