{"lastUpdatedDate":{"year":2021,"month":1,"day":14},"county_demographics":[{"County":"St. Clair","confirmed_cases":21597,"total_tested":221922,"demographics":{"age":[{"race":[],"age_group":"<20","count":3274,"tested":25340,"deaths":0},{"race":[],"age_group":"20-29   ","count":3442,"tested":31248,"deaths":0},{"race":[],"age_group":"30-39   ","count":3408,"tested":33621,"deaths":0},{"race":[],"age_group":"40-49   ","count":3248,"tested":31336,"deaths":0},{"race":[],"age_group":"50-59   ","count":3260,"tested":33569,"deaths":0},{"race":[],"age_group":"60-69   ","count":2591,"tested":29732,"deaths":0},{"race":[],"age_group":"70-79   ","count":1264,"tested":17310,"deaths":0},{"race":[],"age_group":"80+","count":1094,"tested":17092,"deaths":0},{"race":[],"age_group":"Unknown","count":16,"tested":2674,"deaths":0}],"race":[{"description":"AI/AN**","count":26,"tested":124,"deaths":0,"color":"rgb(31,119,180)"},{"description":"Asian","count":90,"tested":594,"deaths":0,"color":"rgb(140,86,75)"},{"description":"Black","count":4803,"tested":28977,"deaths":0,"color":"rgb(255,127,14)"},{"description":"Hispanic","count":614,"tested":2371,"deaths":0,"color":"rgb(214,39,40)"},{"description":"Left Blank","count":9588,"tested":128595,"deaths":0,"color":"rgb(44,160,44)"},{"description":"NH/PI*","count":23,"tested":160,"deaths":0,"color":"rgb(127,127,127)"},{"description":"Other","count":412,"tested":5199,"deaths":0,"color":"rgb(148,103,189)"},{"description":"White","count":6040,"tested":55902,"deaths":0,"color":"rgb(31,119,180)"}],"gender":[{"description":"Female","count":11564,"tested":130928,"deaths":0,"color":"rgb(255,127,14)"},{"description":"Male","count":9072,"tested":83803,"deaths":0,"color":"rgb(31,119,180)"},{"description":"Unknown/Left Blank","count":961,"tested":7191,"deaths":0,"color":"rgb(44,160,44)"}]}}]}
