{"lastUpdatedDate":{"year":2021,"month":1,"day":14},"county_demographics":[{"County":"Boone","confirmed_cases":5470,"total_tested":43515,"demographics":{"age":[{"race":[],"age_group":"<20","count":945,"tested":6609,"deaths":0},{"race":[],"age_group":"20-29   ","count":986,"tested":7031,"deaths":0},{"race":[],"age_group":"30-39   ","count":787,"tested":5860,"deaths":0},{"race":[],"age_group":"40-49   ","count":932,"tested":6380,"deaths":0},{"race":[],"age_group":"50-59   ","count":827,"tested":6308,"deaths":0},{"race":[],"age_group":"60-69   ","count":524,"tested":4678,"deaths":0},{"race":[],"age_group":"70-79   ","count":285,"tested":3324,"deaths":0},{"race":[],"age_group":"80+","count":179,"tested":3314,"deaths":0},{"race":[],"age_group":"Unknown","count":0,"tested":11,"deaths":0}],"race":[{"description":"AI/AN**","count":7,"tested":29,"deaths":0,"color":"rgb(31,119,180)"},{"description":"Asian","count":35,"tested":278,"deaths":0,"color":"rgb(140,86,75)"},{"description":"Black","count":81,"tested":588,"deaths":0,"color":"rgb(255,127,14)"},{"description":"Hispanic","count":1965,"tested":4214,"deaths":0,"color":"rgb(214,39,40)"},{"description":"Left Blank","count":599,"tested":22443,"deaths":0,"color":"rgb(44,160,44)"},{"description":"NH/PI*","count":0,"tested":7,"deaths":0,"color":"rgb(127,127,127)"},{"description":"Other","count":73,"tested":495,"deaths":0,"color":"rgb(148,103,189)"},{"description":"White","count":2700,"tested":15461,"deaths":0,"color":"rgb(31,119,180)"}],"gender":[{"description":"Female","count":2897,"tested":25695,"deaths":0,"color":"rgb(255,127,14)"},{"description":"Male","count":2563,"tested":17095,"deaths":0,"color":"rgb(31,119,180)"},{"description":"Unknown/Left Blank","count":9,"tested":725,"deaths":0,"color":"rgb(44,160,44)"}]}}]}
