{"lastUpdatedDate":{"year":2020,"month":12,"day":24},"county_demographics":[{"County":"Ogle","confirmed_cases":3888,"total_tested":36609,"demographics":{"age":[{"race":[],"age_group":"<20","count":567,"tested":5421,"deaths":0},{"race":[],"age_group":"20-29   ","count":658,"tested":5494,"deaths":0},{"race":[],"age_group":"30-39   ","count":599,"tested":5348,"deaths":0},{"race":[],"age_group":"40-49   ","count":586,"tested":4791,"deaths":0},{"race":[],"age_group":"50-59   ","count":623,"tested":5443,"deaths":0},{"race":[],"age_group":"60-69   ","count":382,"tested":4352,"deaths":0},{"race":[],"age_group":"70-79   ","count":231,"tested":2628,"deaths":0},{"race":[],"age_group":"80+","count":200,"tested":3115,"deaths":0},{"race":[],"age_group":"Unknown","count":42,"tested":17,"deaths":0}],"race":[{"description":"AI/AN**","count":0,"tested":38,"deaths":0,"color":"rgb(31,119,180)"},{"description":"Asian","count":0,"tested":43,"deaths":0,"color":"rgb(140,86,75)"},{"description":"Black","count":22,"tested":290,"deaths":0,"color":"rgb(255,127,14)"},{"description":"Hispanic","count":333,"tested":1053,"deaths":0,"color":"rgb(214,39,40)"},{"description":"Left Blank","count":1638,"tested":17705,"deaths":0,"color":"rgb(44,160,44)"},{"description":"NH/PI*","count":0,"tested":0,"deaths":0,"color":"rgb(127,127,127)"},{"description":"Other","count":61,"tested":437,"deaths":0,"color":"rgb(148,103,189)"},{"description":"White","count":1825,"tested":17040,"deaths":0,"color":"rgb(31,119,180)"}],"gender":[{"description":"Female","count":2071,"tested":21752,"deaths":0,"color":"rgb(255,127,14)"},{"description":"Male","count":1751,"tested":12248,"deaths":0,"color":"rgb(31,119,180)"},{"description":"Unknown/Left Blank","count":66,"tested":2609,"deaths":0,"color":"rgb(44,160,44)"}]}}]}
