{"lastUpdatedDate":{"year":2020,"month":12,"day":24},"county_demographics":[{"County":"Pike","confirmed_cases":1317,"total_tested":11152,"demographics":{"age":[{"race":[],"age_group":"<20","count":157,"tested":1328,"deaths":0},{"race":[],"age_group":"20-29   ","count":199,"tested":1793,"deaths":0},{"race":[],"age_group":"30-39   ","count":184,"tested":1453,"deaths":0},{"race":[],"age_group":"40-49   ","count":183,"tested":1357,"deaths":0},{"race":[],"age_group":"50-59   ","count":195,"tested":1516,"deaths":0},{"race":[],"age_group":"60-69   ","count":180,"tested":1331,"deaths":0},{"race":[],"age_group":"70-79   ","count":98,"tested":910,"deaths":0},{"race":[],"age_group":"80+","count":115,"tested":1463,"deaths":0},{"race":[],"age_group":"Unknown","count":0,"tested":0,"deaths":0}],"race":[{"description":"AI/AN**","count":0,"tested":0,"deaths":0,"color":"rgb(31,119,180)"},{"description":"Asian","count":0,"tested":7,"deaths":0,"color":"rgb(140,86,75)"},{"description":"Black","count":0,"tested":20,"deaths":0,"color":"rgb(255,127,14)"},{"description":"Hispanic","count":9,"tested":42,"deaths":0,"color":"rgb(214,39,40)"},{"description":"Left Blank","count":510,"tested":7371,"deaths":0,"color":"rgb(44,160,44)"},{"description":"NH/PI*","count":0,"tested":0,"deaths":0,"color":"rgb(127,127,127)"},{"description":"Other","count":0,"tested":14,"deaths":0,"color":"rgb(148,103,189)"},{"description":"White","count":793,"tested":3696,"deaths":0,"color":"rgb(31,119,180)"}],"gender":[{"description":"Female","count":750,"tested":7344,"deaths":0,"color":"rgb(255,127,14)"},{"description":"Male","count":521,"tested":3386,"deaths":0,"color":"rgb(31,119,180)"},{"description":"Unknown/Left Blank","count":46,"tested":422,"deaths":0,"color":"rgb(44,160,44)"}]}}]}
