{"age":[{"age_group":"<20","count":228,"tested":2167},{"age_group":"20-29   ","count":131,"tested":1212},{"age_group":"30-39   ","count":102,"tested":902},{"age_group":"40-49   ","count":133,"tested":1170},{"age_group":"50-59   ","count":167,"tested":1544},{"age_group":"60-69   ","count":90,"tested":1219},{"age_group":"70-79   ","count":64,"tested":719},{"age_group":"80+","count":48,"tested":395}],"race":[{"description":"Left Blank","count":353,"tested":4768,"color":"rgb(44,160,44)"},{"description":"Other","count":58,"tested":311,"color":"rgb(148,103,189)"},{"description":"White","count":353,"tested":4041,"color":"rgb(31,119,180)"},{"description":"Hispanic","count":48,"tested":127,"color":"rgb(214,39,40)"}],"gender":[{"description":"Male","count":374,"tested":4326,"color":"rgb(31,119,180)"},{"description":"Female","count":366,"tested":4921,"color":"rgb(255,127,14)"}]}
