{"age":[{"age_group":"<20","count":31,"tested":154},{"age_group":"20-29   ","count":38,"tested":253},{"age_group":"30-39   ","count":26,"tested":146},{"age_group":"40-49   ","count":20,"tested":116},{"age_group":"50-59   ","count":40,"tested":308},{"age_group":"60-69   ","count":34,"tested":218},{"age_group":"70-79   ","count":20,"tested":173}],"race":[{"description":"Left Blank","count":62,"tested":651,"color":"rgb(44,160,44)"},{"description":"White","count":80,"tested":618,"color":"rgb(31,119,180)"},{"description":"Asian","count":19,"tested":66,"color":"rgb(140,86,75)"},{"description":"Hispanic","count":18,"tested":39,"color":"rgb(214,39,40)"}],"gender":[{"description":"Male","count":90,"tested":683,"color":"rgb(31,119,180)"},{"description":"Female","count":77,"tested":710,"color":"rgb(255,127,14)"}]}
