{"age":[{"age_group":"<20","count":278,"tested":1518},{"age_group":"20-29   ","count":341,"tested":2625},{"age_group":"30-39   ","count":321,"tested":2551},{"age_group":"40-49   ","count":343,"tested":2361},{"age_group":"50-59   ","count":279,"tested":2316},{"age_group":"60-69   ","count":177,"tested":1779},{"age_group":"70-79   ","count":80,"tested":841},{"age_group":"80+","count":76,"tested":1118}],"race":[{"description":"Asian","count":63,"tested":279,"color":"rgb(140,86,75)"},{"description":"NH/PI*","count":36,"tested":27,"color":"rgb(127,127,127)"},{"description":"Black","count":40,"tested":138,"color":"rgb(255,127,14)"},{"description":"Other","count":102,"tested":598,"color":"rgb(148,103,189)"},{"description":"Hispanic","count":682,"tested":3323,"color":"rgb(214,39,40)"},{"description":"Left Blank","count":442,"tested":7031,"color":"rgb(44,160,44)"},{"description":"White","count":498,"tested":3705,"color":"rgb(31,119,180)"}],"gender":[{"description":"Male","count":839,"tested":6285,"color":"rgb(31,119,180)"},{"description":"Female","count":872,"tested":8609,"color":"rgb(255,127,14)"}]}
