{"age":[{"age_group":"<20","count":48,"tested":461},{"age_group":"20-29   ","count":66,"tested":535},{"age_group":"30-39   ","count":53,"tested":585},{"age_group":"40-49   ","count":50,"tested":461},{"age_group":"50-59   ","count":40,"tested":398},{"age_group":"60-69   ","count":15,"tested":252},{"age_group":"70-79   ","count":7,"tested":128}],"race":[{"description":"White","count":110,"tested":1016,"color":"rgb(31,119,180)"},{"description":"Left Blank","count":70,"tested":1377,"color":"rgb(44,160,44)"},{"description":"Black","count":17,"tested":123,"color":"rgb(255,127,14)"},{"description":"Hispanic","count":74,"tested":262,"color":"rgb(214,39,40)"}],"gender":[{"description":"Female","count":142,"tested":1680,"color":"rgb(255,127,14)"},{"description":"Male","count":131,"tested":1161,"color":"rgb(31,119,180)"}]}
