{"age":[{"age_group":"<20","count":115,"tested":2242},{"age_group":"20-29   ","count":102,"tested":1766},{"age_group":"30-39   ","count":112,"tested":2270},{"age_group":"40-49   ","count":107,"tested":2561},{"age_group":"50-59   ","count":107,"tested":2118},{"age_group":"60-69   ","count":77,"tested":1315},{"age_group":"70-79   ","count":45,"tested":764},{"age_group":"80+","count":23,"tested":231}],"race":[{"description":"Black","count":151,"tested":1463,"color":"rgb(255,127,14)"},{"description":"Hispanic","count":71,"tested":584,"color":"rgb(214,39,40)"},{"description":"White","count":248,"tested":5822,"color":"rgb(31,119,180)"},{"description":"Asian","count":25,"tested":294,"color":"rgb(140,86,75)"},{"description":"Other","count":41,"tested":649,"color":"rgb(148,103,189)"},{"description":"Left Blank","count":120,"tested":4435,"color":"rgb(44,160,44)"}],"gender":[{"description":"Male","count":296,"tested":5775,"color":"rgb(31,119,180)"},{"description":"Female","count":299,"tested":7250,"color":"rgb(255,127,14)"}]}
