{"age":[{"age_group":"<20","count":680,"tested":1418},{"age_group":"20-29   ","count":566,"tested":3545},{"age_group":"30-39   ","count":274,"tested":1492},{"age_group":"40-49   ","count":240,"tested":1384},{"age_group":"50-59   ","count":199,"tested":1418},{"age_group":"60-69   ","count":148,"tested":1014},{"age_group":"70-79   ","count":79,"tested":371},{"age_group":"80+","count":53,"tested":197}],"race":[{"description":"Asian","count":91,"tested":497,"color":"rgb(140,86,75)"},{"description":"White","count":522,"tested":1814,"color":"rgb(31,119,180)"},{"description":"Other","count":90,"tested":402,"color":"rgb(148,103,189)"},{"description":"Black","count":440,"tested":2371,"color":"rgb(255,127,14)"},{"description":"Left Blank","count":232,"tested":2576,"color":"rgb(44,160,44)"},{"description":"NH/PI*","count":37,"tested":48,"color":"rgb(127,127,127)"},{"description":"Hispanic","count":790,"tested":3121,"color":"rgb(214,39,40)"},{"description":"AI/AN**","count":37,"tested":16,"color":"rgb(31,119,180)"}],"gender":[{"description":"Unknown/Left Blank","count":43,"tested":139,"color":"rgb(44,160,44)"},{"description":"Male","count":1228,"tested":4357,"color":"rgb(31,119,180)"},{"description":"Female","count":848,"tested":6349,"color":"rgb(255,127,14)"}]}
