{"age":[{"age_group":"<20","count":83,"tested":532},{"age_group":"20-29   ","count":112,"tested":672},{"age_group":"30-39   ","count":93,"tested":534},{"age_group":"40-49   ","count":99,"tested":604},{"age_group":"50-59   ","count":125,"tested":921},{"age_group":"60-69   ","count":116,"tested":625},{"age_group":"70-79   ","count":67,"tested":408},{"age_group":"80+","count":45,"tested":124}],"race":[{"description":"Hispanic","count":52,"tested":123,"color":"rgb(214,39,40)"},{"description":"White","count":268,"tested":2416,"color":"rgb(31,119,180)"},{"description":"Other","count":61,"tested":147,"color":"rgb(148,103,189)"},{"description":"Left Blank","count":214,"tested":1671,"color":"rgb(44,160,44)"}],"gender":[{"description":"Female","count":260,"tested":2413,"color":"rgb(255,127,14)"},{"description":"Male","count":263,"tested":1986,"color":"rgb(31,119,180)"}]}
