{"age":[{"age_group":"<20","count":22,"tested":101},{"age_group":"20-29   ","count":22,"tested":139},{"age_group":"30-39   ","count":25,"tested":142},{"age_group":"40-49   ","count":22,"tested":111},{"age_group":"50-59   ","count":23,"tested":125},{"age_group":"60-69   ","count":31,"tested":126},{"age_group":"70-79   ","count":24,"tested":91},{"age_group":"80+","count":30,"tested":112}],"race":[{"description":"Left Blank","count":52,"tested":506,"color":"rgb(44,160,44)"},{"description":"White","count":54,"tested":408,"color":"rgb(31,119,180)"}],"gender":[{"description":"Male","count":47,"tested":361,"color":"rgb(31,119,180)"},{"description":"Female","count":62,"tested":583,"color":"rgb(255,127,14)"}]}
