{"age":[{"age_group":"<20","count":515,"tested":2726},{"age_group":"20-29   ","count":577,"tested":4113},{"age_group":"30-39   ","count":536,"tested":2968},{"age_group":"40-49   ","count":523,"tested":2843},{"age_group":"50-59   ","count":466,"tested":3226},{"age_group":"60-69   ","count":305,"tested":2280},{"age_group":"70-79   ","count":165,"tested":1062},{"age_group":"80+","count":134,"tested":610}],"race":[{"description":"Asian","count":115,"tested":323,"color":"rgb(140,86,75)"},{"description":"White","count":374,"tested":3460,"color":"rgb(31,119,180)"},{"description":"Black","count":256,"tested":1834,"color":"rgb(255,127,14)"},{"description":"Other","count":175,"tested":699,"color":"rgb(148,103,189)"},{"description":"Left Blank","count":601,"tested":6511,"color":"rgb(44,160,44)"},{"description":"Hispanic","count":1532,"tested":6903,"color":"rgb(214,39,40)"}],"gender":[{"description":"Unknown/Left Blank","count":96,"tested":391,"color":"rgb(44,160,44)"},{"description":"Female","count":1449,"tested":11401,"color":"rgb(255,127,14)"},{"description":"Male","count":1266,"tested":8043,"color":"rgb(31,119,180)"}]}
