{"age":[{"age_group":"<20","count":216,"tested":2310},{"age_group":"20-29   ","count":349,"tested":3472},{"age_group":"30-39   ","count":353,"tested":4231},{"age_group":"40-49   ","count":356,"tested":4511},{"age_group":"50-59   ","count":360,"tested":4503},{"age_group":"60-69   ","count":222,"tested":3180},{"age_group":"70-79   ","count":134,"tested":1772},{"age_group":"80+","count":202,"tested":3359}],"race":[{"description":"Black","count":54,"tested":192,"color":"rgb(255,127,14)"},{"description":"Asian","count":78,"tested":368,"color":"rgb(140,86,75)"},{"description":"White","count":1078,"tested":10652,"color":"rgb(31,119,180)"},{"description":"Hispanic","count":264,"tested":1673,"color":"rgb(214,39,40)"},{"description":"Other","count":139,"tested":932,"color":"rgb(148,103,189)"},{"description":"Left Blank","count":504,"tested":13471,"color":"rgb(44,160,44)"}],"gender":[{"description":"Female","count":995,"tested":15114,"color":"rgb(255,127,14)"},{"description":"Male","count":972,"tested":11529,"color":"rgb(31,119,180)"},{"description":"Unknown/Left Blank","count":50,"tested":699,"color":"rgb(44,160,44)"}]}
