{"age":[{"age_group":"<20","count":178,"tested":3915},{"age_group":"20-29   ","count":359,"tested":15552},{"age_group":"30-39   ","count":315,"tested":6842},{"age_group":"40-49   ","count":228,"tested":3990},{"age_group":"50-59   ","count":216,"tested":4242},{"age_group":"60-69   ","count":128,"tested":3392},{"age_group":"70-79   ","count":90,"tested":2051},{"age_group":"80+","count":68,"tested":1124}],"race":[{"description":"White","count":172,"tested":11350,"color":"rgb(31,119,180)"},{"description":"Asian","count":43,"tested":2789,"color":"rgb(140,86,75)"},{"description":"Black","count":818,"tested":12312,"color":"rgb(255,127,14)"},{"description":"Other","count":48,"tested":728,"color":"rgb(148,103,189)"},{"description":"Left Blank","count":402,"tested":11871,"color":"rgb(44,160,44)"},{"description":"Hispanic","count":71,"tested":1980,"color":"rgb(214,39,40)"}],"gender":[{"description":"Male","count":679,"tested":16985,"color":"rgb(31,119,180)"},{"description":"Unknown/Left Blank","count":21,"tested":626,"color":"rgb(44,160,44)"},{"description":"Female","count":822,"tested":23504,"color":"rgb(255,127,14)"}]}
