{"age":[{"age_group":"<20","count":189,"tested":1806},{"age_group":"20-29   ","count":291,"tested":2918},{"age_group":"30-39   ","count":268,"tested":3049},{"age_group":"40-49   ","count":228,"tested":2416},{"age_group":"50-59   ","count":251,"tested":3074},{"age_group":"60-69   ","count":205,"tested":2874},{"age_group":"70-79   ","count":106,"tested":1235},{"age_group":"80+","count":71,"tested":739}],"race":[{"description":"Other","count":32,"tested":247,"color":"rgb(148,103,189)"},{"description":"Left Blank","count":392,"tested":6109,"color":"rgb(44,160,44)"},{"description":"Black","count":1023,"tested":10890,"color":"rgb(255,127,14)"},{"description":"Hispanic","count":109,"tested":514,"color":"rgb(214,39,40)"},{"description":"White","count":27,"tested":312,"color":"rgb(31,119,180)"}],"gender":[{"description":"Male","count":688,"tested":7855,"color":"rgb(31,119,180)"},{"description":"Unknown/Left Blank","count":18,"tested":482,"color":"rgb(44,160,44)"},{"description":"Female","count":868,"tested":9782,"color":"rgb(255,127,14)"}]}
