{"age":[{"age_group":"<20","count":394,"tested":4504},{"age_group":"20-29   ","count":473,"tested":5870},{"age_group":"30-39   ","count":473,"tested":6093},{"age_group":"40-49   ","count":475,"tested":7205},{"age_group":"50-59   ","count":520,"tested":7926},{"age_group":"60-69   ","count":397,"tested":7846},{"age_group":"70-79   ","count":240,"tested":4378},{"age_group":"80+","count":220,"tested":3352}],"race":[{"description":"Left Blank","count":1059,"tested":25881,"color":"rgb(44,160,44)"},{"description":"Other","count":126,"tested":739,"color":"rgb(148,103,189)"},{"description":"Hispanic","count":103,"tested":662,"color":"rgb(214,39,40)"},{"description":"White","count":363,"tested":5289,"color":"rgb(31,119,180)"},{"description":"Asian","count":47,"tested":62,"color":"rgb(140,86,75)"},{"description":"Black","count":1408,"tested":14468,"color":"rgb(255,127,14)"}],"gender":[{"description":"Unknown/Left Blank","count":102,"tested":3239,"color":"rgb(44,160,44)"},{"description":"Male","count":1291,"tested":18685,"color":"rgb(31,119,180)"},{"description":"Female","count":1594,"tested":25267,"color":"rgb(255,127,14)"}]}
