{"age":[{"age_group":"<20","count":199,"tested":1417},{"age_group":"20-29   ","count":260,"tested":2668},{"age_group":"30-39   ","count":276,"tested":3266},{"age_group":"40-49   ","count":257,"tested":2837},{"age_group":"50-59   ","count":263,"tested":3400},{"age_group":"60-69   ","count":220,"tested":3565},{"age_group":"70-79   ","count":140,"tested":2737},{"age_group":"80+","count":125,"tested":3304}],"race":[{"description":"White","count":463,"tested":4684,"color":"rgb(31,119,180)"},{"description":"Other","count":247,"tested":1403,"color":"rgb(148,103,189)"},{"description":"Left Blank","count":439,"tested":13989,"color":"rgb(44,160,44)"},{"description":"Asian","count":253,"tested":2115,"color":"rgb(140,86,75)"},{"description":"Black","count":75,"tested":218,"color":"rgb(255,127,14)"},{"description":"Hispanic","count":151,"tested":669,"color":"rgb(214,39,40)"},{"description":"AI/AN**","count":61,"tested":55,"color":"rgb(31,119,180)"}],"gender":[{"description":"Male","count":710,"tested":9380,"color":"rgb(31,119,180)"},{"description":"Female","count":746,"tested":13491,"color":"rgb(255,127,14)"}]}
