{"age":[{"age_group":"<20","count":205,"tested":2497},{"age_group":"20-29   ","count":486,"tested":9334},{"age_group":"30-39   ","count":606,"tested":8580},{"age_group":"40-49   ","count":457,"tested":5234},{"age_group":"50-59   ","count":389,"tested":4728},{"age_group":"60-69   ","count":297,"tested":3722},{"age_group":"70-79   ","count":139,"tested":1678},{"age_group":"80+","count":66,"tested":726}],"race":[{"description":"Hispanic","count":362,"tested":2645,"color":"rgb(214,39,40)"},{"description":"White","count":301,"tested":5323,"color":"rgb(31,119,180)"},{"description":"Left Blank","count":740,"tested":15764,"color":"rgb(44,160,44)"},{"description":"Other","count":108,"tested":1677,"color":"rgb(148,103,189)"},{"description":"Asian","count":71,"tested":1505,"color":"rgb(140,86,75)"},{"description":"Black","count":1014,"tested":9522,"color":"rgb(255,127,14)"}],"gender":[{"description":"Unknown/Left Blank","count":65,"tested":1495,"color":"rgb(44,160,44)"},{"description":"Male","count":1291,"tested":18758,"color":"rgb(31,119,180)"},{"description":"Female","count":1179,"tested":16253,"color":"rgb(255,127,14)"}]}
