{"age":[{"age_group":"<20","count":81,"tested":304},{"age_group":"20-29   ","count":67,"tested":311},{"age_group":"30-39   ","count":66,"tested":353},{"age_group":"40-49   ","count":74,"tested":291},{"age_group":"50-59   ","count":73,"tested":395},{"age_group":"60-69   ","count":81,"tested":426},{"age_group":"70-79   ","count":67,"tested":293},{"age_group":"80+","count":64,"tested":213}],"race":[{"description":"White","count":156,"tested":1280,"color":"rgb(31,119,180)"},{"description":"Hispanic","count":84,"tested":209,"color":"rgb(214,39,40)"},{"description":"Left Blank","count":84,"tested":1051,"color":"rgb(44,160,44)"},{"description":"Other","count":54,"tested":31,"color":"rgb(148,103,189)"}],"gender":[{"description":"Female","count":158,"tested":1573,"color":"rgb(255,127,14)"},{"description":"Male","count":126,"tested":889,"color":"rgb(31,119,180)"}]}
