{"age":[{"age_group":"<20","count":554,"tested":2700},{"age_group":"20-29   ","count":734,"tested":4609},{"age_group":"30-39   ","count":663,"tested":3805},{"age_group":"40-49   ","count":664,"tested":3484},{"age_group":"50-59   ","count":568,"tested":3541},{"age_group":"60-69   ","count":428,"tested":2936},{"age_group":"70-79   ","count":216,"tested":1639},{"age_group":"80+","count":160,"tested":1455}],"race":[{"description":"Left Blank","count":1149,"tested":12246,"color":"rgb(44,160,44)"},{"description":"White","count":771,"tested":5447,"color":"rgb(31,119,180)"},{"description":"Other","count":237,"tested":1185,"color":"rgb(148,103,189)"},{"description":"Black","count":114,"tested":470,"color":"rgb(255,127,14)"},{"description":"Hispanic","count":1408,"tested":4140,"color":"rgb(214,39,40)"},{"description":"Asian","count":167,"tested":641,"color":"rgb(140,86,75)"}],"gender":[{"description":"Female","count":1784,"tested":13233,"color":"rgb(255,127,14)"},{"description":"Male","count":1787,"tested":10687,"color":"rgb(31,119,180)"},{"description":"Unknown/Left Blank","count":76,"tested":256,"color":"rgb(44,160,44)"}]}
