{"age":[{"age_group":"<20","count":37,"tested":254},{"age_group":"20-29   ","count":32,"tested":278},{"age_group":"30-39   ","count":35,"tested":234},{"age_group":"40-49   ","count":32,"tested":215},{"age_group":"50-59   ","count":52,"tested":234},{"age_group":"60-69   ","count":22,"tested":193},{"age_group":"70-79   ","count":15,"tested":66},{"age_group":"80+","count":15,"tested":53}],"race":[{"description":"Left Blank","count":93,"tested":630,"color":"rgb(44,160,44)"},{"description":"White","count":105,"tested":856,"color":"rgb(31,119,180)"}],"gender":[{"description":"Female","count":116,"tested":897,"color":"rgb(255,127,14)"},{"description":"Male","count":88,"tested":618,"color":"rgb(31,119,180)"}]}
