{"age":[{"age_group":"<20","count":27,"tested":217},{"age_group":"20-29   ","count":23,"tested":189},{"age_group":"30-39   ","count":18,"tested":160},{"age_group":"40-49   ","count":14,"tested":139},{"age_group":"50-59   ","count":25,"tested":247},{"age_group":"60-69   ","count":27,"tested":245},{"age_group":"70-79   ","count":17,"tested":176}],"race":[{"description":"Left Blank","count":12,"tested":139,"color":"rgb(44,160,44)"},{"description":"White","count":111,"tested":1209,"color":"rgb(31,119,180)"}],"gender":[{"description":"Female","count":73,"tested":931,"color":"rgb(255,127,14)"},{"description":"Male","count":58,"tested":488,"color":"rgb(31,119,180)"}]}
