{"age":[{"age_group":"<20","count":238,"tested":1202},{"age_group":"20-29   ","count":231,"tested":1230},{"age_group":"30-39   ","count":252,"tested":1303},{"age_group":"40-49   ","count":268,"tested":1395},{"age_group":"50-59   ","count":208,"tested":1054},{"age_group":"60-69   ","count":179,"tested":801},{"age_group":"70-79   ","count":136,"tested":469},{"age_group":"80+","count":111,"tested":244}],"race":[{"description":"Other","count":125,"tested":302,"color":"rgb(148,103,189)"},{"description":"Black","count":115,"tested":140,"color":"rgb(255,127,14)"},{"description":"Left Blank","count":466,"tested":3230,"color":"rgb(44,160,44)"},{"description":"White","count":446,"tested":3538,"color":"rgb(31,119,180)"},{"description":"Hispanic","count":170,"tested":449,"color":"rgb(214,39,40)"}],"gender":[{"description":"Female","count":523,"tested":4417,"color":"rgb(255,127,14)"},{"description":"Male","count":489,"tested":3194,"color":"rgb(31,119,180)"},{"description":"Unknown/Left Blank","count":111,"tested":88,"color":"rgb(44,160,44)"}]}
