{"age":[{"age_group":"<20","count":15,"tested":138},{"age_group":"30-39   ","count":18,"tested":73},{"age_group":"40-49   ","count":17,"tested":77},{"age_group":"60-69   ","count":11,"tested":88},{"age_group":"70-79   ","count":12,"tested":66}],"race":[{"description":"Left Blank","count":22,"tested":263,"color":"rgb(44,160,44)"},{"description":"White","count":55,"tested":374,"color":"rgb(31,119,180)"}],"gender":[{"description":"Female","count":46,"tested":413,"color":"rgb(255,127,14)"},{"description":"Male","count":32,"tested":228,"color":"rgb(31,119,180)"}]}
