{"age":[{"age_group":"<20","count":106,"tested":1075},{"age_group":"20-29   ","count":135,"tested":1236},{"age_group":"30-39   ","count":102,"tested":1314},{"age_group":"40-49   ","count":131,"tested":1326},{"age_group":"50-59   ","count":133,"tested":1444},{"age_group":"60-69   ","count":82,"tested":1150},{"age_group":"70-79   ","count":51,"tested":620},{"age_group":"80+","count":28,"tested":174}],"race":[{"description":"Hispanic","count":46,"tested":259,"color":"rgb(214,39,40)"},{"description":"Left Blank","count":287,"tested":4322,"color":"rgb(44,160,44)"},{"description":"Black","count":27,"tested":123,"color":"rgb(255,127,14)"},{"description":"White","count":244,"tested":2448,"color":"rgb(31,119,180)"},{"description":"Asian","count":90,"tested":945,"color":"rgb(140,86,75)"},{"description":"Other","count":40,"tested":215,"color":"rgb(148,103,189)"}],"gender":[{"description":"Female","count":341,"tested":4540,"color":"rgb(255,127,14)"},{"description":"Male","count":336,"tested":3695,"color":"rgb(31,119,180)"}]}
