{"age":[{"age_group":"<20","count":370,"tested":2613},{"age_group":"20-29   ","count":434,"tested":3157},{"age_group":"30-39   ","count":370,"tested":2531},{"age_group":"40-49   ","count":359,"tested":2630},{"age_group":"50-59   ","count":447,"tested":3226},{"age_group":"60-69   ","count":289,"tested":2129},{"age_group":"70-79   ","count":201,"tested":1092},{"age_group":"80+","count":178,"tested":1459}],"race":[{"description":"Other","count":238,"tested":841,"color":"rgb(148,103,189)"},{"description":"Left Blank","count":625,"tested":6400,"color":"rgb(44,160,44)"},{"description":"White","count":860,"tested":9284,"color":"rgb(31,119,180)"},{"description":"Hispanic","count":336,"tested":1182,"color":"rgb(214,39,40)"},{"description":"Asian","count":166,"tested":464,"color":"rgb(140,86,75)"},{"description":"Black","count":158,"tested":567,"color":"rgb(255,127,14)"},{"description":"NH/PI*","count":135,"tested":82,"color":"rgb(127,127,127)"}],"gender":[{"description":"Female","count":907,"tested":10778,"color":"rgb(255,127,14)"},{"description":"Male","count":962,"tested":7865,"color":"rgb(31,119,180)"}]}
