{"age":[{"age_group":"<20","count":82,"tested":604},{"age_group":"20-29   ","count":111,"tested":562},{"age_group":"30-39   ","count":102,"tested":633},{"age_group":"40-49   ","count":101,"tested":500},{"age_group":"50-59   ","count":110,"tested":726},{"age_group":"60-69   ","count":81,"tested":637},{"age_group":"70-79   ","count":71,"tested":347},{"age_group":"80+","count":69,"tested":225}],"race":[{"description":"Hispanic","count":48,"tested":66,"color":"rgb(214,39,40)"},{"description":"White","count":276,"tested":2452,"color":"rgb(31,119,180)"},{"description":"Left Blank","count":186,"tested":1616,"color":"rgb(44,160,44)"},{"description":"Other","count":50,"tested":52,"color":"rgb(148,103,189)"}],"gender":[{"description":"Male","count":200,"tested":1574,"color":"rgb(31,119,180)"},{"description":"Female","count":279,"tested":2610,"color":"rgb(255,127,14)"}]}
