{"age":[{"age_group":"<20","count":20,"tested":90},{"age_group":"20-29   ","count":19,"tested":64},{"age_group":"30-39   ","count":20,"tested":65},{"age_group":"40-49   ","count":19,"tested":99},{"age_group":"50-59   ","count":25,"tested":113},{"age_group":"60-69   ","count":20,"tested":147},{"age_group":"70-79   ","count":16,"tested":60}],"race":[{"description":"White","count":65,"tested":503,"color":"rgb(31,119,180)"},{"description":"Left Blank","count":30,"tested":122,"color":"rgb(44,160,44)"}],"gender":[{"description":"Female","count":59,"tested":349,"color":"rgb(255,127,14)"},{"description":"Male","count":44,"tested":306,"color":"rgb(31,119,180)"}]}
