{"age":[{"age_group":"<20","count":19,"tested":105},{"age_group":"20-29   ","count":25,"tested":196},{"age_group":"30-39   ","count":23,"tested":216},{"age_group":"40-49   ","count":19,"tested":177},{"age_group":"50-59   ","count":22,"tested":297},{"age_group":"60-69   ","count":12,"tested":245},{"age_group":"70-79   ","count":9,"tested":79},{"age_group":"80+","count":8,"tested":81}],"race":[{"description":"Hispanic","count":23,"tested":88,"color":"rgb(214,39,40)"},{"description":"Black","count":75,"tested":868,"color":"rgb(255,127,14)"},{"description":"Left Blank","count":27,"tested":262,"color":"rgb(44,160,44)"}],"gender":[{"description":"Male","count":53,"tested":468,"color":"rgb(31,119,180)"},{"description":"Female","count":78,"tested":917,"color":"rgb(255,127,14)"}]}
