{"age":[{"age_group":"<20","count":98,"tested":719},{"age_group":"20-29   ","count":119,"tested":1149},{"age_group":"30-39   ","count":103,"tested":950},{"age_group":"40-49   ","count":108,"tested":968},{"age_group":"50-59   ","count":139,"tested":1259},{"age_group":"60-69   ","count":101,"tested":1013},{"age_group":"70-79   ","count":84,"tested":705},{"age_group":"80+","count":85,"tested":864}],"race":[{"description":"Black","count":53,"tested":187,"color":"rgb(255,127,14)"},{"description":"Other","count":48,"tested":110,"color":"rgb(148,103,189)"},{"description":"Left Blank","count":236,"tested":4580,"color":"rgb(44,160,44)"},{"description":"White","count":302,"tested":2524,"color":"rgb(31,119,180)"},{"description":"Hispanic","count":70,"tested":197,"color":"rgb(214,39,40)"}],"gender":[{"description":"Female","count":334,"tested":4963,"color":"rgb(255,127,14)"},{"description":"Male","count":247,"tested":2463,"color":"rgb(31,119,180)"}]}
