{"age":[{"age_group":"<20","count":55,"tested":302},{"age_group":"20-29   ","count":42,"tested":107},{"age_group":"30-39   ","count":44,"tested":155},{"age_group":"40-49   ","count":53,"tested":196},{"age_group":"50-59   ","count":43,"tested":207},{"age_group":"60-69   ","count":51,"tested":163},{"age_group":"70-79   ","count":33,"tested":96}],"race":[{"description":"Left Blank","count":107,"tested":546,"color":"rgb(44,160,44)"},{"description":"Hispanic","count":33,"tested":36,"color":"rgb(214,39,40)"},{"description":"White","count":99,"tested":688,"color":"rgb(31,119,180)"}],"gender":[{"description":"Female","count":99,"tested":765,"color":"rgb(255,127,14)"},{"description":"Male","count":111,"tested":479,"color":"rgb(31,119,180)"},{"description":"Unknown/Left Blank","count":29,"tested":43,"color":"rgb(44,160,44)"}]}
