{"lastUpdatedDate":{"year":2021,"month":6,"day":13},"county_demographics":[{"County":"DuPage","confirmed_cases":92309,"total_tested":1428370,"demographics":{"age":[{"race":[],"age_group":"<20","count":16831,"tested":203335,"deaths":0},{"race":[],"age_group":"20-29   ","count":16024,"tested":226729,"deaths":0},{"race":[],"age_group":"30-39   ","count":14182,"tested":199677,"deaths":0},{"race":[],"age_group":"40-49   ","count":13925,"tested":181997,"deaths":0},{"race":[],"age_group":"50-59   ","count":14215,"tested":206461,"deaths":0},{"race":[],"age_group":"60-69   ","count":9314,"tested":175898,"deaths":0},{"race":[],"age_group":"70-79   ","count":4267,"tested":104219,"deaths":0},{"race":[],"age_group":"80+","count":3546,"tested":128909,"deaths":0},{"race":[],"age_group":"Unknown","count":0,"tested":1145,"deaths":0}],"race":[{"description":"AI/AN**","count":137,"tested":1625,"deaths":0,"color":"rgb(31,119,180)"},{"description":"Asian","count":6020,"tested":73795,"deaths":0,"color":"rgb(140,86,75)"},{"description":"Black","count":4034,"tested":47231,"deaths":0,"color":"rgb(255,127,14)"},{"description":"Hispanic","count":16780,"tested":83335,"deaths":0,"color":"rgb(214,39,40)"},{"description":"Left Blank","count":16941,"tested":694153,"deaths":0,"color":"rgb(44,160,44)"},{"description":"NH/PI*","count":110,"tested":1209,"deaths":0,"color":"rgb(127,127,127)"},{"description":"Other","count":2952,"tested":42850,"deaths":0,"color":"rgb(148,103,189)"},{"description":"White","count":45335,"tested":484172,"deaths":0,"color":"rgb(31,119,180)"}],"gender":[{"description":"Female","count":46912,"tested":805829,"deaths":0,"color":"rgb(255,127,14)"},{"description":"Male","count":44776,"tested":593661,"deaths":0,"color":"rgb(31,119,180)"},{"description":"Unknown/Left Blank","count":621,"tested":28880,"deaths":0,"color":"rgb(44,160,44)"}]}}]}
