{"lastUpdatedDate":{"year":2021,"month":6,"day":13},"county_demographics":[{"County":"Mason","confirmed_cases":1541,"total_tested":26209,"demographics":{"age":[{"race":[],"age_group":"<20","count":262,"tested":3889,"deaths":0},{"race":[],"age_group":"20-29   ","count":178,"tested":3893,"deaths":0},{"race":[],"age_group":"30-39   ","count":220,"tested":4047,"deaths":0},{"race":[],"age_group":"40-49   ","count":220,"tested":4346,"deaths":0},{"race":[],"age_group":"50-59   ","count":221,"tested":3837,"deaths":0},{"race":[],"age_group":"60-69   ","count":195,"tested":2632,"deaths":0},{"race":[],"age_group":"70-79   ","count":140,"tested":1503,"deaths":0},{"race":[],"age_group":"80+","count":103,"tested":2062,"deaths":0},{"race":[],"age_group":"Unknown","count":0,"tested":0,"deaths":0}],"race":[{"description":"AI/AN**","count":0,"tested":10,"deaths":0,"color":"rgb(31,119,180)"},{"description":"Asian","count":0,"tested":60,"deaths":0,"color":"rgb(140,86,75)"},{"description":"Black","count":0,"tested":47,"deaths":0,"color":"rgb(255,127,14)"},{"description":"Hispanic","count":9,"tested":62,"deaths":0,"color":"rgb(214,39,40)"},{"description":"Left Blank","count":474,"tested":8761,"deaths":0,"color":"rgb(44,160,44)"},{"description":"Other","count":8,"tested":200,"deaths":0,"color":"rgb(148,103,189)"},{"description":"White","count":1043,"tested":17069,"deaths":0,"color":"rgb(31,119,180)"}],"gender":[{"description":"Female","count":839,"tested":16729,"deaths":0,"color":"rgb(255,127,14)"},{"description":"Male","count":647,"tested":8368,"deaths":0,"color":"rgb(31,119,180)"},{"description":"Unknown/Left Blank","count":54,"tested":1112,"deaths":0,"color":"rgb(44,160,44)"}]}}]}
