{"lastUpdatedDate":{"year":2021,"month":6,"day":13},"county_demographics":[{"County":"Edwards","confirmed_cases":576,"total_tested":4891,"demographics":{"age":[{"race":[],"age_group":"<20","count":79,"tested":886,"deaths":0},{"race":[],"age_group":"20-29   ","count":69,"tested":693,"deaths":0},{"race":[],"age_group":"30-39   ","count":66,"tested":630,"deaths":0},{"race":[],"age_group":"40-49   ","count":85,"tested":746,"deaths":0},{"race":[],"age_group":"50-59   ","count":92,"tested":785,"deaths":0},{"race":[],"age_group":"60-69   ","count":83,"tested":599,"deaths":0},{"race":[],"age_group":"70-79   ","count":70,"tested":347,"deaths":0},{"race":[],"age_group":"80+","count":30,"tested":204,"deaths":0},{"race":[],"age_group":"Unknown","count":0,"tested":0,"deaths":0}],"race":[{"description":"Asian","count":0,"tested":6,"deaths":0,"color":"rgb(140,86,75)"},{"description":"Black","count":0,"tested":10,"deaths":0,"color":"rgb(255,127,14)"},{"description":"Hispanic","count":0,"tested":10,"deaths":0,"color":"rgb(214,39,40)"},{"description":"Left Blank","count":55,"tested":1142,"deaths":0,"color":"rgb(44,160,44)"},{"description":"NH/PI*","count":0,"tested":0,"deaths":0,"color":"rgb(127,127,127)"},{"description":"Other","count":0,"tested":11,"deaths":0,"color":"rgb(148,103,189)"},{"description":"White","count":517,"tested":3711,"deaths":0,"color":"rgb(31,119,180)"}],"gender":[{"description":"Female","count":306,"tested":3170,"deaths":0,"color":"rgb(255,127,14)"},{"description":"Male","count":263,"tested":1509,"deaths":0,"color":"rgb(31,119,180)"},{"description":"Unknown/Left Blank","count":7,"tested":212,"deaths":0,"color":"rgb(44,160,44)"}]}}]}
