{"lastUpdatedDate":{"year":2021,"month":6,"day":13},"county_demographics":[{"County":"DeKalb","confirmed_cases":10099,"total_tested":153621,"demographics":{"age":[{"race":[],"age_group":"<20","count":1799,"tested":28810,"deaths":0},{"race":[],"age_group":"20-29   ","count":2443,"tested":40140,"deaths":0},{"race":[],"age_group":"30-39   ","count":1518,"tested":19427,"deaths":0},{"race":[],"age_group":"40-49   ","count":1382,"tested":15402,"deaths":0},{"race":[],"age_group":"50-59   ","count":1263,"tested":16345,"deaths":0},{"race":[],"age_group":"60-69   ","count":835,"tested":12959,"deaths":0},{"race":[],"age_group":"70-79   ","count":447,"tested":8832,"deaths":0},{"race":[],"age_group":"80+","count":412,"tested":11641,"deaths":0},{"race":[],"age_group":"Unknown","count":0,"tested":65,"deaths":0}],"race":[{"description":"AI/AN**","count":6,"tested":101,"deaths":0,"color":"rgb(31,119,180)"},{"description":"Asian","count":111,"tested":2293,"deaths":0,"color":"rgb(140,86,75)"},{"description":"Black","count":765,"tested":11383,"deaths":0,"color":"rgb(255,127,14)"},{"description":"Hispanic","count":1472,"tested":9723,"deaths":0,"color":"rgb(214,39,40)"},{"description":"Left Blank","count":2337,"tested":64316,"deaths":0,"color":"rgb(44,160,44)"},{"description":"NH/PI*","count":0,"tested":85,"deaths":0,"color":"rgb(127,127,127)"},{"description":"Other","count":117,"tested":1799,"deaths":0,"color":"rgb(148,103,189)"},{"description":"White","count":5283,"tested":63921,"deaths":0,"color":"rgb(31,119,180)"}],"gender":[{"description":"Female","count":5336,"tested":93300,"deaths":0,"color":"rgb(255,127,14)"},{"description":"Male","count":4732,"tested":58415,"deaths":0,"color":"rgb(31,119,180)"},{"description":"Unknown/Left Blank","count":31,"tested":1906,"deaths":0,"color":"rgb(44,160,44)"}]}}]}
