{"age":[{"age_group":"<20","count":27,"tested":378},{"age_group":"20-29   ","count":24,"tested":271},{"age_group":"30-39   ","count":24,"tested":396},{"age_group":"40-49   ","count":26,"tested":236},{"age_group":"50-59   ","count":20,"tested":387},{"age_group":"60-69   ","count":21,"tested":286},{"age_group":"70-79   ","count":16,"tested":115},{"age_group":"80+","count":13,"tested":71}],"race":[{"description":"Left Blank","count":53,"tested":599,"color":"rgb(44,160,44)"},{"description":"White","count":115,"tested":1495,"color":"rgb(31,119,180)"}],"gender":[]}
