{"age":[{"age_group":"<20","count":134,"tested":1818},{"age_group":"20-29   ","count":247,"tested":3821},{"age_group":"30-39   ","count":243,"tested":3957},{"age_group":"40-49   ","count":160,"tested":2356},{"age_group":"50-59   ","count":134,"tested":2118},{"age_group":"60-69   ","count":79,"tested":2042},{"age_group":"70-79   ","count":34,"tested":697},{"age_group":"80+","count":30,"tested":583}],"race":[{"description":"Asian","count":131,"tested":2587,"color":"rgb(140,86,75)"},{"description":"Black","count":46,"tested":697,"color":"rgb(255,127,14)"},{"description":"Hispanic","count":130,"tested":1156,"color":"rgb(214,39,40)"},{"description":"Left Blank","count":373,"tested":8565,"color":"rgb(44,160,44)"},{"description":"Other","count":75,"tested":420,"color":"rgb(148,103,189)"},{"description":"White","count":302,"tested":3874,"color":"rgb(31,119,180)"}],"gender":[]}
