{"age":[{"age_group":"<20","count":31,"tested":300},{"age_group":"20-29   ","count":39,"tested":516},{"age_group":"30-39   ","count":57,"tested":457},{"age_group":"40-49   ","count":45,"tested":399},{"age_group":"50-59   ","count":42,"tested":507},{"age_group":"60-69   ","count":38,"tested":549},{"age_group":"70-79   ","count":11,"tested":194},{"age_group":"80+","count":8,"tested":182}],"race":[{"description":"Black","count":45,"tested":537,"color":"rgb(255,127,14)"},{"description":"Hispanic","count":44,"tested":242,"color":"rgb(214,39,40)"},{"description":"Left Blank","count":88,"tested":1332,"color":"rgb(44,160,44)"},{"description":"White","count":89,"tested":922,"color":"rgb(31,119,180)"}],"gender":[]}
