{"age":[{"age_group":"<20","count":47,"tested":553},{"age_group":"20-29   ","count":41,"tested":374},{"age_group":"30-39   ","count":38,"tested":343},{"age_group":"40-49   ","count":51,"tested":387},{"age_group":"50-59   ","count":49,"tested":469},{"age_group":"60-69   ","count":36,"tested":392},{"age_group":"70-79   ","count":11,"tested":195},{"age_group":"80+","count":11,"tested":84}],"race":[{"description":"Left Blank","count":95,"tested":1296,"color":"rgb(44,160,44)"},{"description":"White","count":183,"tested":1434,"color":"rgb(31,119,180)"}],"gender":[]}
