{"age":[{"age_group":"<20","count":611,"tested":6506},{"age_group":"20-29   ","count":780,"tested":9349},{"age_group":"30-39   ","count":620,"tested":7856},{"age_group":"40-49   ","count":630,"tested":7730},{"age_group":"50-59   ","count":642,"tested":7821},{"age_group":"60-69   ","count":492,"tested":7306},{"age_group":"70-79   ","count":277,"tested":5416},{"age_group":"80+","count":187,"tested":4565}],"race":[{"description":"Asian","count":83,"tested":1663,"color":"rgb(140,86,75)"},{"description":"Black","count":135,"tested":3410,"color":"rgb(255,127,14)"},{"description":"Hispanic","count":232,"tested":1998,"color":"rgb(214,39,40)"},{"description":"Left Blank","count":1582,"tested":25492,"color":"rgb(44,160,44)"},{"description":"Other","count":185,"tested":1957,"color":"rgb(148,103,189)"},{"description":"White","count":2017,"tested":21903,"color":"rgb(31,119,180)"}],"gender":[]}
