{"age":[{"age_group":"<20","count":460,"tested":4691},{"age_group":"20-29   ","count":540,"tested":5508},{"age_group":"30-39   ","count":369,"tested":4602},{"age_group":"40-49   ","count":463,"tested":5040},{"age_group":"50-59   ","count":500,"tested":5414},{"age_group":"60-69   ","count":331,"tested":3876},{"age_group":"70-79   ","count":137,"tested":1862},{"age_group":"80+","count":51,"tested":822}],"race":[{"description":"Asian","count":67,"tested":1174,"color":"rgb(140,86,75)"},{"description":"Black","count":95,"tested":1248,"color":"rgb(255,127,14)"},{"description":"Hispanic","count":166,"tested":1297,"color":"rgb(214,39,40)"},{"description":"Left Blank","count":1040,"tested":13617,"color":"rgb(44,160,44)"},{"description":"Other","count":120,"tested":1358,"color":"rgb(148,103,189)"},{"description":"White","count":1358,"tested":13038,"color":"rgb(31,119,180)"}],"gender":[]}
