{"age":[{"age_group":"<20","count":526,"tested":6196},{"age_group":"20-29   ","count":658,"tested":8467},{"age_group":"30-39   ","count":525,"tested":7468},{"age_group":"40-49   ","count":513,"tested":6906},{"age_group":"50-59   ","count":511,"tested":8427},{"age_group":"60-69   ","count":378,"tested":7713},{"age_group":"70-79   ","count":185,"tested":4346},{"age_group":"80+","count":140,"tested":3894}],"race":[{"description":"AI/AN**","count":9,"tested":78,"color":"rgb(31,119,180)"},{"description":"Asian","count":51,"tested":1008,"color":"rgb(140,86,75)"},{"description":"Black","count":74,"tested":1033,"color":"rgb(255,127,14)"},{"description":"Hispanic","count":901,"tested":5417,"color":"rgb(214,39,40)"},{"description":"Left Blank","count":574,"tested":19101,"color":"rgb(44,160,44)"},{"description":"Other","count":73,"tested":765,"color":"rgb(148,103,189)"},{"description":"White","count":1751,"tested":25794,"color":"rgb(31,119,180)"}],"gender":[]}
