{"age":[{"age_group":"<20","count":281,"tested":3086},{"age_group":"20-29   ","count":157,"tested":1751},{"age_group":"30-39   ","count":156,"tested":1877},{"age_group":"40-49   ","count":268,"tested":2331},{"age_group":"50-59   ","count":208,"tested":2033},{"age_group":"60-69   ","count":129,"tested":1607},{"age_group":"70-79   ","count":71,"tested":1235},{"age_group":"80+","count":36,"tested":1047}],"race":[{"description":"Asian","count":10,"tested":75,"color":"rgb(140,86,75)"},{"description":"Black","count":10,"tested":130,"color":"rgb(255,127,14)"},{"description":"Hispanic","count":57,"tested":274,"color":"rgb(214,39,40)"},{"description":"Left Blank","count":95,"tested":4989,"color":"rgb(44,160,44)"},{"description":"Other","count":17,"tested":220,"color":"rgb(148,103,189)"},{"description":"White","count":1116,"tested":9237,"color":"rgb(31,119,180)"}],"gender":[]}
