{"age":[{"age_group":"<20","count":522,"tested":7157},{"age_group":"20-29   ","count":436,"tested":7189},{"age_group":"30-39   ","count":429,"tested":6315},{"age_group":"40-49   ","count":410,"tested":6319},{"age_group":"50-59   ","count":410,"tested":6926},{"age_group":"60-69   ","count":323,"tested":7031},{"age_group":"70-79   ","count":235,"tested":6146},{"age_group":"80+","count":221,"tested":7966}],"race":[{"description":"AI/AN**","count":8,"tested":65,"color":"rgb(31,119,180)"},{"description":"Asian","count":169,"tested":3158,"color":"rgb(140,86,75)"},{"description":"Black","count":243,"tested":4255,"color":"rgb(255,127,14)"},{"description":"Hispanic","count":211,"tested":1760,"color":"rgb(214,39,40)"},{"description":"Left Blank","count":716,"tested":23294,"color":"rgb(44,160,44)"},{"description":"Other","count":158,"tested":2595,"color":"rgb(148,103,189)"},{"description":"White","count":1479,"tested":19931,"color":"rgb(31,119,180)"}],"gender":[]}
