{"age":[{"age_group":"<20","count":241,"tested":6033},{"age_group":"20-29   ","count":271,"tested":3779},{"age_group":"30-39   ","count":262,"tested":3347},{"age_group":"40-49   ","count":287,"tested":2699},{"age_group":"50-59   ","count":212,"tested":2929},{"age_group":"60-69   ","count":166,"tested":3001},{"age_group":"70-79   ","count":75,"tested":1877},{"age_group":"80+","count":61,"tested":4403}],"race":[{"description":"Asian","count":62,"tested":1191,"color":"rgb(140,86,75)"},{"description":"Black","count":20,"tested":241,"color":"rgb(255,127,14)"},{"description":"Hispanic","count":517,"tested":5537,"color":"rgb(214,39,40)"},{"description":"Left Blank","count":315,"tested":11661,"color":"rgb(44,160,44)"},{"description":"Other","count":92,"tested":773,"color":"rgb(148,103,189)"},{"description":"White","count":566,"tested":8699,"color":"rgb(31,119,180)"}],"gender":[]}
