{"age":[{"age_group":"<20","count":421,"tested":4801},{"age_group":"20-29   ","count":442,"tested":7644},{"age_group":"30-39   ","count":335,"tested":5129},{"age_group":"40-49   ","count":355,"tested":4354},{"age_group":"50-59   ","count":305,"tested":4880},{"age_group":"60-69   ","count":203,"tested":3840},{"age_group":"70-79   ","count":124,"tested":2410},{"age_group":"80+","count":67,"tested":1584}],"race":[{"description":"AI/AN**","count":6,"tested":20,"color":"rgb(31,119,180)"},{"description":"Asian","count":6,"tested":112,"color":"rgb(140,86,75)"},{"description":"Black","count":758,"tested":6235,"color":"rgb(255,127,14)"},{"description":"Hispanic","count":530,"tested":2374,"color":"rgb(214,39,40)"},{"description":"Left Blank","count":179,"tested":17070,"color":"rgb(44,160,44)"},{"description":"Other","count":34,"tested":456,"color":"rgb(148,103,189)"},{"description":"White","count":738,"tested":8374,"color":"rgb(31,119,180)"}],"gender":[]}
