{"age":[{"age_group":"<20","count":235,"tested":5841},{"age_group":"20-29   ","count":152,"tested":4027},{"age_group":"30-39   ","count":163,"tested":4925},{"age_group":"40-49   ","count":190,"tested":5061},{"age_group":"50-59   ","count":156,"tested":4337},{"age_group":"60-69   ","count":94,"tested":2642},{"age_group":"70-79   ","count":51,"tested":1421},{"age_group":"80+","count":13,"tested":452}],"race":[{"description":"Asian","count":25,"tested":979,"color":"rgb(140,86,75)"},{"description":"Black","count":228,"tested":3331,"color":"rgb(255,127,14)"},{"description":"Hispanic","count":96,"tested":1284,"color":"rgb(214,39,40)"},{"description":"Left Blank","count":173,"tested":9206,"color":"rgb(44,160,44)"},{"description":"Other","count":47,"tested":1365,"color":"rgb(148,103,189)"},{"description":"White","count":481,"tested":12413,"color":"rgb(31,119,180)"}],"gender":[]}
