{"age":[{"age_group":"<20","count":856,"tested":7765},{"age_group":"20-29   ","count":864,"tested":9368},{"age_group":"30-39   ","count":779,"tested":7640},{"age_group":"40-49   ","count":743,"tested":7561},{"age_group":"50-59   ","count":729,"tested":9363},{"age_group":"60-69   ","count":460,"tested":7650},{"age_group":"70-79   ","count":187,"tested":3574},{"age_group":"80+","count":107,"tested":2490}],"race":[{"description":"Asian","count":190,"tested":2004,"color":"rgb(140,86,75)"},{"description":"Black","count":64,"tested":1017,"color":"rgb(255,127,14)"},{"description":"Hispanic","count":2220,"tested":9958,"color":"rgb(214,39,40)"},{"description":"Left Blank","count":670,"tested":27210,"color":"rgb(44,160,44)"},{"description":"Other","count":111,"tested":1342,"color":"rgb(148,103,189)"},{"description":"White","count":1461,"tested":13751,"color":"rgb(31,119,180)"}],"gender":[]}
