{"age":[{"age_group":"<20","count":31,"tested":273},{"age_group":"20-29   ","count":32,"tested":232},{"age_group":"30-39   ","count":25,"tested":254},{"age_group":"40-49   ","count":19,"tested":267},{"age_group":"50-59   ","count":37,"tested":230},{"age_group":"60-69   ","count":14,"tested":157},{"age_group":"70-79   ","count":12,"tested":80}],"race":[{"description":"Hispanic","count":10,"tested":54,"color":"rgb(214,39,40)"},{"description":"Left Blank","count":59,"tested":737,"color":"rgb(44,160,44)"},{"description":"White","count":102,"tested":723,"color":"rgb(31,119,180)"}],"gender":[]}
