{"age":[{"age_group":"30-39   ","count":9,"tested":586},{"age_group":"40-49   ","count":9,"tested":532},{"age_group":"50-59   ","count":18,"tested":717},{"age_group":"60-69   ","count":18,"tested":734},{"age_group":"70-79   ","count":12,"tested":774},{"age_group":"80+","count":7,"tested":197}],"race":[{"description":"Black","count":30,"tested":1002,"color":"rgb(255,127,14)"},{"description":"Left Blank","count":22,"tested":585,"color":"rgb(44,160,44)"},{"description":"White","count":15,"tested":660,"color":"rgb(31,119,180)"}],"gender":[]}
