{"age":[{"age_group":"<20","count":198,"tested":2062},{"age_group":"20-29   ","count":155,"tested":1594},{"age_group":"30-39   ","count":148,"tested":1878},{"age_group":"40-49   ","count":153,"tested":1606},{"age_group":"50-59   ","count":158,"tested":1902},{"age_group":"60-69   ","count":98,"tested":1180},{"age_group":"70-79   ","count":71,"tested":1034},{"age_group":"80+","count":61,"tested":1035}],"race":[{"description":"Hispanic","count":29,"tested":165,"color":"rgb(214,39,40)"},{"description":"Left Blank","count":449,"tested":6866,"color":"rgb(44,160,44)"},{"description":"White","count":557,"tested":4991,"color":"rgb(31,119,180)"}],"gender":[]}
