{"age":[{"age_group":"<20","count":280,"tested":3032},{"age_group":"20-29   ","count":246,"tested":2594},{"age_group":"30-39   ","count":224,"tested":2200},{"age_group":"40-49   ","count":274,"tested":2606},{"age_group":"50-59   ","count":243,"tested":2649},{"age_group":"60-69   ","count":153,"tested":1781},{"age_group":"70-79   ","count":61,"tested":1055},{"age_group":"80+","count":23,"tested":490}],"race":[{"description":"Asian","count":10,"tested":121,"color":"rgb(140,86,75)"},{"description":"Black","count":7,"tested":234,"color":"rgb(255,127,14)"},{"description":"Hispanic","count":106,"tested":771,"color":"rgb(214,39,40)"},{"description":"Left Blank","count":451,"tested":4696,"color":"rgb(44,160,44)"},{"description":"Other","count":35,"tested":523,"color":"rgb(148,103,189)"},{"description":"White","count":894,"tested":10035,"color":"rgb(31,119,180)"}],"gender":[]}
