{"age":[{"age_group":"<20","count":273,"tested":2530},{"age_group":"20-29   ","count":293,"tested":2911},{"age_group":"30-39   ","count":279,"tested":2609},{"age_group":"40-49   ","count":268,"tested":2034},{"age_group":"50-59   ","count":220,"tested":1982},{"age_group":"60-69   ","count":136,"tested":1882},{"age_group":"70-79   ","count":84,"tested":1179},{"age_group":"80+","count":48,"tested":898}],"race":[{"description":"Hispanic","count":788,"tested":4208,"color":"rgb(214,39,40)"},{"description":"Left Blank","count":225,"tested":3406,"color":"rgb(44,160,44)"},{"description":"Other","count":18,"tested":185,"color":"rgb(148,103,189)"},{"description":"White","count":560,"tested":8071,"color":"rgb(31,119,180)"}],"gender":[]}
