{"age":[{"age_group":"<20","count":47,"tested":357},{"age_group":"20-29   ","count":46,"tested":529},{"age_group":"30-39   ","count":30,"tested":317},{"age_group":"40-49   ","count":20,"tested":238},{"age_group":"50-59   ","count":59,"tested":709},{"age_group":"60-69   ","count":38,"tested":449},{"age_group":"70-79   ","count":13,"tested":271},{"age_group":"80+","count":7,"tested":82}],"race":[{"description":"Asian","count":17,"tested":137,"color":"rgb(140,86,75)"},{"description":"Hispanic","count":14,"tested":124,"color":"rgb(214,39,40)"},{"description":"Left Blank","count":51,"tested":1171,"color":"rgb(44,160,44)"},{"description":"Other","count":6,"tested":75,"color":"rgb(148,103,189)"},{"description":"White","count":169,"tested":1397,"color":"rgb(31,119,180)"}],"gender":[]}
