{"age":[{"age_group":"<20","count":52,"tested":577},{"age_group":"20-29   ","count":45,"tested":488},{"age_group":"30-39   ","count":53,"tested":500},{"age_group":"40-49   ","count":44,"tested":420},{"age_group":"50-59   ","count":76,"tested":493},{"age_group":"60-69   ","count":35,"tested":372},{"age_group":"70-79   ","count":16,"tested":180},{"age_group":"80+","count":13,"tested":108}],"race":[{"description":"Left Blank","count":142,"tested":1248,"color":"rgb(44,160,44)"},{"description":"White","count":184,"tested":1801,"color":"rgb(31,119,180)"}],"gender":[]}
