{"age":[{"age_group":"<20","count":64,"tested":958},{"age_group":"20-29   ","count":108,"tested":971},{"age_group":"30-39   ","count":89,"tested":1146},{"age_group":"40-49   ","count":96,"tested":1011},{"age_group":"50-59   ","count":98,"tested":1133},{"age_group":"60-69   ","count":61,"tested":1071},{"age_group":"70-79   ","count":33,"tested":766},{"age_group":"80+","count":9,"tested":270}],"race":[{"description":"Asian","count":6,"tested":152,"color":"rgb(140,86,75)"},{"description":"Black","count":6,"tested":64,"color":"rgb(255,127,14)"},{"description":"Hispanic","count":42,"tested":513,"color":"rgb(214,39,40)"},{"description":"Left Blank","count":225,"tested":3197,"color":"rgb(44,160,44)"},{"description":"Other","count":20,"tested":350,"color":"rgb(148,103,189)"},{"description":"White","count":258,"tested":3048,"color":"rgb(31,119,180)"}],"gender":[]}
