{"age":[{"age_group":"<20","count":564,"tested":5239},{"age_group":"20-29   ","count":774,"tested":8420},{"age_group":"30-39   ","count":675,"tested":7479},{"age_group":"40-49   ","count":549,"tested":6335},{"age_group":"50-59   ","count":622,"tested":7709},{"age_group":"60-69   ","count":479,"tested":6874},{"age_group":"70-79   ","count":239,"tested":3831},{"age_group":"80+","count":130,"tested":2533}],"race":[{"description":"Asian","count":78,"tested":1070,"color":"rgb(140,86,75)"},{"description":"Black","count":203,"tested":2822,"color":"rgb(255,127,14)"},{"description":"Hispanic","count":219,"tested":1798,"color":"rgb(214,39,40)"},{"description":"Left Blank","count":1448,"tested":20861,"color":"rgb(44,160,44)"},{"description":"Other","count":180,"tested":1799,"color":"rgb(148,103,189)"},{"description":"White","count":1896,"tested":19981,"color":"rgb(31,119,180)"}],"gender":[]}
