{"age":[{"age_group":"<20","count":461,"tested":6048},{"age_group":"20-29   ","count":158,"tested":2264},{"age_group":"30-39   ","count":138,"tested":1834},{"age_group":"40-49   ","count":195,"tested":2353},{"age_group":"50-59   ","count":237,"tested":2971},{"age_group":"60-69   ","count":87,"tested":2376},{"age_group":"70-79   ","count":42,"tested":1254},{"age_group":"80+","count":19,"tested":676}],"race":[{"description":"Hispanic","count":22,"tested":358,"color":"rgb(214,39,40)"},{"description":"Left Blank","count":559,"tested":8709,"color":"rgb(44,160,44)"},{"description":"Other","count":41,"tested":673,"color":"rgb(148,103,189)"},{"description":"White","count":704,"tested":9761,"color":"rgb(31,119,180)"}],"gender":[]}
