{"age":[{"age_group":"<20","count":486,"tested":4816},{"age_group":"20-29   ","count":670,"tested":6500},{"age_group":"30-39   ","count":453,"tested":5496},{"age_group":"40-49   ","count":533,"tested":5957},{"age_group":"50-59   ","count":505,"tested":7090},{"age_group":"60-69   ","count":305,"tested":5484},{"age_group":"70-79   ","count":161,"tested":3568},{"age_group":"80+","count":138,"tested":3661}],"race":[{"description":"Asian","count":46,"tested":623,"color":"rgb(140,86,75)"},{"description":"Black","count":64,"tested":998,"color":"rgb(255,127,14)"},{"description":"Hispanic","count":1486,"tested":9413,"color":"rgb(214,39,40)"},{"description":"Left Blank","count":870,"tested":21731,"color":"rgb(44,160,44)"},{"description":"Other","count":125,"tested":1595,"color":"rgb(148,103,189)"},{"description":"White","count":654,"tested":8188,"color":"rgb(31,119,180)"}],"gender":[]}
