{"age":[{"age_group":"<20","count":422,"tested":3576},{"age_group":"20-29   ","count":477,"tested":5747},{"age_group":"30-39   ","count":469,"tested":5408},{"age_group":"40-49   ","count":473,"tested":5078},{"age_group":"50-59   ","count":387,"tested":5077},{"age_group":"60-69   ","count":231,"tested":3737},{"age_group":"70-79   ","count":95,"tested":1893},{"age_group":"80+","count":65,"tested":2764}],"race":[{"description":"Asian","count":53,"tested":701,"color":"rgb(140,86,75)"},{"description":"Black","count":25,"tested":338,"color":"rgb(255,127,14)"},{"description":"Hispanic","count":1117,"tested":6788,"color":"rgb(214,39,40)"},{"description":"Left Blank","count":581,"tested":17108,"color":"rgb(44,160,44)"},{"description":"NH/PI*","count":7,"tested":38,"color":"rgb(127,127,127)"},{"description":"Other","count":89,"tested":1156,"color":"rgb(148,103,189)"},{"description":"White","count":746,"tested":7137,"color":"rgb(31,119,180)"}],"gender":[]}
