{"age":[{"age_group":"<20","count":680,"tested":6942},{"age_group":"20-29   ","count":968,"tested":11820},{"age_group":"30-39   ","count":844,"tested":10432},{"age_group":"40-49   ","count":726,"tested":8255},{"age_group":"50-59   ","count":823,"tested":9666},{"age_group":"60-69   ","count":456,"tested":6518},{"age_group":"70-79   ","count":205,"tested":3406},{"age_group":"80+","count":141,"tested":2643}],"race":[{"description":"AI/AN**","count":19,"tested":154,"color":"rgb(31,119,180)"},{"description":"Asian","count":344,"tested":4597,"color":"rgb(140,86,75)"},{"description":"Black","count":191,"tested":1667,"color":"rgb(255,127,14)"},{"description":"Hispanic","count":1436,"tested":7040,"color":"rgb(214,39,40)"},{"description":"Left Blank","count":1655,"tested":36012,"color":"rgb(44,160,44)"},{"description":"NH/PI*","count":18,"tested":95,"color":"rgb(127,127,127)"},{"description":"Other","count":131,"tested":1310,"color":"rgb(148,103,189)"},{"description":"White","count":1049,"tested":8827,"color":"rgb(31,119,180)"}],"gender":[]}
