{"age":[{"age_group":"<20","count":239,"tested":1969},{"age_group":"20-29   ","count":315,"tested":3270},{"age_group":"30-39   ","count":256,"tested":3330},{"age_group":"40-49   ","count":254,"tested":2955},{"age_group":"50-59   ","count":221,"tested":3303},{"age_group":"60-69   ","count":158,"tested":2567},{"age_group":"70-79   ","count":69,"tested":1077},{"age_group":"80+","count":35,"tested":803}],"race":[{"description":"Asian","count":17,"tested":262,"color":"rgb(140,86,75)"},{"description":"Black","count":193,"tested":2057,"color":"rgb(255,127,14)"},{"description":"Hispanic","count":265,"tested":1575,"color":"rgb(214,39,40)"},{"description":"Left Blank","count":504,"tested":10150,"color":"rgb(44,160,44)"},{"description":"Other","count":81,"tested":691,"color":"rgb(148,103,189)"},{"description":"White","count":482,"tested":4503,"color":"rgb(31,119,180)"}],"gender":[]}
