{"age":[{"age_group":"<20","count":630,"tested":8080},{"age_group":"20-29   ","count":850,"tested":14339},{"age_group":"30-39   ","count":864,"tested":13946},{"age_group":"40-49   ","count":823,"tested":13730},{"age_group":"50-59   ","count":823,"tested":16469},{"age_group":"60-69   ","count":605,"tested":14888},{"age_group":"70-79   ","count":291,"tested":6343},{"age_group":"80+","count":195,"tested":3541}],"race":[{"description":"Asian","count":13,"tested":176,"color":"rgb(140,86,75)"},{"description":"Black","count":3762,"tested":53926,"color":"rgb(255,127,14)"},{"description":"Hispanic","count":100,"tested":928,"color":"rgb(214,39,40)"},{"description":"Left Blank","count":1040,"tested":33733,"color":"rgb(44,160,44)"},{"description":"Other","count":104,"tested":1245,"color":"rgb(148,103,189)"},{"description":"White","count":52,"tested":1096,"color":"rgb(31,119,180)"}],"gender":[]}
