{"age":[{"age_group":"<20","count":209,"tested":1766},{"age_group":"20-29   ","count":250,"tested":2355},{"age_group":"30-39   ","count":271,"tested":2230},{"age_group":"40-49   ","count":217,"tested":2211},{"age_group":"50-59   ","count":155,"tested":1928},{"age_group":"60-69   ","count":140,"tested":1774},{"age_group":"70-79   ","count":61,"tested":912},{"age_group":"80+","count":32,"tested":430}],"race":[{"description":"Asian","count":11,"tested":139,"color":"rgb(140,86,75)"},{"description":"Black","count":40,"tested":424,"color":"rgb(255,127,14)"},{"description":"Hispanic","count":513,"tested":3192,"color":"rgb(214,39,40)"},{"description":"Left Blank","count":284,"tested":4752,"color":"rgb(44,160,44)"},{"description":"Other","count":100,"tested":843,"color":"rgb(148,103,189)"},{"description":"White","count":386,"tested":4243,"color":"rgb(31,119,180)"}],"gender":[]}
