{"age":[{"age_group":"<20","count":34,"tested":577},{"age_group":"20-29   ","count":37,"tested":1010},{"age_group":"30-39   ","count":28,"tested":828},{"age_group":"40-49   ","count":30,"tested":829},{"age_group":"50-59   ","count":38,"tested":692},{"age_group":"60-69   ","count":37,"tested":746},{"age_group":"70-79   ","count":24,"tested":579},{"age_group":"80+","count":28,"tested":1376}],"race":[{"description":"White","count":141,"tested":1300,"color":"rgb(31,119,180)"},{"description":"Left Blank","count":75,"tested":5288,"color":"rgb(44,160,44)"}],"gender":[{"description":"Male","count":96,"tested":1507,"color":"rgb(31,119,180)"},{"description":"Unknown/Left Blank","count":13,"tested":92,"color":"rgb(44,160,44)"},{"description":"Female","count":117,"tested":5039,"color":"rgb(255,127,14)"}]}
