{"age":[{"age_group":"<20","count":68,"tested":1466},{"age_group":"20-29   ","count":94,"tested":1922},{"age_group":"30-39   ","count":54,"tested":1446},{"age_group":"40-49   ","count":67,"tested":1469},{"age_group":"50-59   ","count":117,"tested":2009},{"age_group":"60-69   ","count":90,"tested":1922},{"age_group":"70-79   ","count":62,"tested":1637},{"age_group":"80+","count":81,"tested":1901}],"race":[{"description":"Hispanic","count":11,"tested":87,"color":"rgb(214,39,40)"},{"description":"White","count":325,"tested":5512,"color":"rgb(31,119,180)"},{"description":"Left Blank","count":241,"tested":7387,"color":"rgb(44,160,44)"},{"description":"Black","count":24,"tested":238,"color":"rgb(255,127,14)"},{"description":"Asian","count":15,"tested":203,"color":"rgb(140,86,75)"}],"gender":[{"description":"Female","count":302,"tested":8055,"color":"rgb(255,127,14)"},{"description":"Male","count":275,"tested":5484,"color":"rgb(31,119,180)"},{"description":"Unknown/Left Blank","count":36,"tested":235,"color":"rgb(44,160,44)"}]}
