{"age":[{"age_group":"<20","count":39,"tested":474},{"age_group":"20-29   ","count":36,"tested":386},{"age_group":"30-39   ","count":39,"tested":442},{"age_group":"40-49   ","count":47,"tested":618},{"age_group":"50-59   ","count":56,"tested":539},{"age_group":"60-69   ","count":23,"tested":427},{"age_group":"70-79   ","count":34,"tested":393},{"age_group":"80+","count":57,"tested":756}],"race":[{"description":"Left Blank","count":117,"tested":1558,"color":"rgb(44,160,44)"},{"description":"White","count":153,"tested":2395,"color":"rgb(31,119,180)"}],"gender":[{"description":"Male","count":102,"tested":1654,"color":"rgb(31,119,180)"},{"description":"Unknown/Left Blank","count":51,"tested":41,"color":"rgb(44,160,44)"},{"description":"Female","count":128,"tested":2340,"color":"rgb(255,127,14)"}]}
