{"age":[{"age_group":"<20","count":7,"tested":60},{"age_group":"20-29   ","count":6,"tested":105},{"age_group":"30-39   ","count":9,"tested":105},{"age_group":"50-59   ","count":6,"tested":87},{"age_group":"60-69   ","count":7,"tested":102}],"race":[{"description":"White","count":28,"tested":532,"color":"rgb(31,119,180)"},{"description":"Left Blank","count":13,"tested":42,"color":"rgb(44,160,44)"}],"gender":[{"description":"Male","count":20,"tested":238,"color":"rgb(31,119,180)"},{"description":"Female","count":21,"tested":346,"color":"rgb(255,127,14)"}]}
