{"age":[{"age_group":"<20","count":17,"tested":264},{"age_group":"20-29   ","count":24,"tested":266},{"age_group":"30-39   ","count":16,"tested":282},{"age_group":"40-49   ","count":12,"tested":218},{"age_group":"50-59   ","count":24,"tested":302},{"age_group":"60-69   ","count":14,"tested":262},{"age_group":"80+","count":9,"tested":316}],"race":[{"description":"Left Blank","count":73,"tested":739,"color":"rgb(44,160,44)"},{"description":"White","count":32,"tested":1352,"color":"rgb(31,119,180)"}],"gender":[{"description":"Female","count":47,"tested":1276,"color":"rgb(255,127,14)"},{"description":"Unknown/Left Blank","count":30,"tested":257,"color":"rgb(44,160,44)"},{"description":"Male","count":31,"tested":570,"color":"rgb(31,119,180)"}]}
