{"age":[{"age_group":"<20","count":18,"tested":436},{"age_group":"20-29   ","count":17,"tested":699},{"age_group":"30-39   ","count":22,"tested":564},{"age_group":"40-49   ","count":7,"tested":553},{"age_group":"50-59   ","count":10,"tested":608},{"age_group":"60-69   ","count":15,"tested":480},{"age_group":"70-79   ","count":8,"tested":333}],"race":[{"description":"White","count":38,"tested":3103,"color":"rgb(31,119,180)"},{"description":"Left Blank","count":54,"tested":907,"color":"rgb(44,160,44)"}],"gender":[{"description":"Female","count":56,"tested":2660,"color":"rgb(255,127,14)"},{"description":"Male","count":29,"tested":1053,"color":"rgb(31,119,180)"},{"description":"Unknown/Left Blank","count":10,"tested":345,"color":"rgb(44,160,44)"}]}
