{"age":[{"age_group":"<20","count":12,"tested":85},{"age_group":"30-39   ","count":15,"tested":84},{"age_group":"40-49   ","count":10,"tested":22},{"age_group":"60-69   ","count":12,"tested":46},{"age_group":"70-79   ","count":13,"tested":48}],"race":[{"description":"White","count":44,"tested":334,"color":"rgb(31,119,180)"},{"description":"Left Blank","count":13,"tested":74,"color":"rgb(44,160,44)"}],"gender":[{"description":"Male","count":24,"tested":143,"color":"rgb(31,119,180)"},{"description":"Female","count":33,"tested":325,"color":"rgb(255,127,14)"}]}
