{"age":[{"age_group":"<20","count":25,"tested":379},{"age_group":"20-29   ","count":24,"tested":562},{"age_group":"30-39   ","count":20,"tested":557},{"age_group":"40-49   ","count":31,"tested":567},{"age_group":"50-59   ","count":26,"tested":616},{"age_group":"60-69   ","count":26,"tested":579},{"age_group":"70-79   ","count":16,"tested":265},{"age_group":"80+","count":22,"tested":335}],"race":[{"description":"White","count":109,"tested":1958,"color":"rgb(31,119,180)"},{"description":"Left Blank","count":72,"tested":1777,"color":"rgb(44,160,44)"}],"gender":[{"description":"Unknown/Left Blank","count":18,"tested":158,"color":"rgb(44,160,44)"},{"description":"Male","count":75,"tested":1363,"color":"rgb(31,119,180)"},{"description":"Female","count":92,"tested":2339,"color":"rgb(255,127,14)"}]}
