{"age":[{"age_group":"<20","count":9,"tested":53},{"age_group":"20-29   ","count":7,"tested":107},{"age_group":"40-49   ","count":16,"tested":119},{"age_group":"50-59   ","count":13,"tested":86},{"age_group":"60-69   ","count":15,"tested":84}],"race":[{"description":"Left Blank","count":7,"tested":203,"color":"rgb(44,160,44)"},{"description":"White","count":64,"tested":343,"color":"rgb(31,119,180)"}],"gender":[{"description":"Female","count":48,"tested":359,"color":"rgb(255,127,14)"},{"description":"Male","count":25,"tested":163,"color":"rgb(31,119,180)"}]}
