{"age":[{"age_group":"<20","count":75,"tested":645},{"age_group":"20-29   ","count":77,"tested":1016},{"age_group":"30-39   ","count":67,"tested":877},{"age_group":"40-49   ","count":72,"tested":963},{"age_group":"50-59   ","count":50,"tested":849},{"age_group":"60-69   ","count":43,"tested":823},{"age_group":"70-79   ","count":31,"tested":347},{"age_group":"80+","count":9,"tested":247}],"race":[{"description":"Other","count":12,"tested":68,"color":"rgb(148,103,189)"},{"description":"White","count":289,"tested":4074,"color":"rgb(31,119,180)"},{"description":"Left Blank","count":124,"tested":1521,"color":"rgb(44,160,44)"}],"gender":[{"description":"Female","count":240,"tested":4159,"color":"rgb(255,127,14)"},{"description":"Male","count":188,"tested":1397,"color":"rgb(31,119,180)"}]}
