{"age":[{"age_group":"<20","count":102,"tested":2300},{"age_group":"20-29   ","count":93,"tested":3633},{"age_group":"30-39   ","count":53,"tested":2202},{"age_group":"40-49   ","count":77,"tested":3129},{"age_group":"50-59   ","count":101,"tested":3546},{"age_group":"60-69   ","count":64,"tested":2964},{"age_group":"70-79   ","count":58,"tested":2664},{"age_group":"80+","count":107,"tested":7119}],"race":[{"description":"Other","count":40,"tested":609,"color":"rgb(148,103,189)"},{"description":"Left Blank","count":165,"tested":15910,"color":"rgb(44,160,44)"},{"description":"White","count":385,"tested":7744,"color":"rgb(31,119,180)"},{"description":"Asian","count":30,"tested":1545,"color":"rgb(140,86,75)"},{"description":"Hispanic","count":27,"tested":1154,"color":"rgb(214,39,40)"},{"description":"Black","count":6,"tested":583,"color":"rgb(255,127,14)"}],"gender":[{"description":"Male","count":303,"tested":9684,"color":"rgb(31,119,180)"},{"description":"Female","count":345,"tested":16742,"color":"rgb(255,127,14)"}]}
