{"age":[{"age_group":"<20","count":44,"tested":761},{"age_group":"20-29   ","count":200,"tested":10582},{"age_group":"30-39   ","count":195,"tested":10953},{"age_group":"40-49   ","count":133,"tested":6149},{"age_group":"50-59   ","count":122,"tested":3086},{"age_group":"60-69   ","count":52,"tested":1111},{"age_group":"70-79   ","count":20,"tested":311},{"age_group":"80+","count":8,"tested":136}],"race":[{"description":"Left Blank","count":401,"tested":32044,"color":"rgb(44,160,44)"},{"description":"White","count":289,"tested":2207,"color":"rgb(31,119,180)"},{"description":"Other","count":25,"tested":165,"color":"rgb(148,103,189)"},{"description":"Hispanic","count":9,"tested":71,"color":"rgb(214,39,40)"},{"description":"Black","count":48,"tested":74,"color":"rgb(255,127,14)"}],"gender":[{"description":"Female","count":190,"tested":2116,"color":"rgb(255,127,14)"},{"description":"Male","count":446,"tested":18496,"color":"rgb(31,119,180)"},{"description":"Unknown/Left Blank","count":138,"tested":13971,"color":"rgb(44,160,44)"}]}
