{"age":[{"age_group":"<20","count":448,"tested":6821},{"age_group":"20-29   ","count":543,"tested":8104},{"age_group":"30-39   ","count":525,"tested":7559},{"age_group":"40-49   ","count":499,"tested":7586},{"age_group":"50-59   ","count":508,"tested":8944},{"age_group":"60-69   ","count":444,"tested":8183},{"age_group":"70-79   ","count":223,"tested":5444},{"age_group":"80+","count":177,"tested":5633}],"race":[{"description":"Asian","count":490,"tested":5505,"color":"rgb(140,86,75)"},{"description":"Left Blank","count":884,"tested":31199,"color":"rgb(44,160,44)"},{"description":"White","count":838,"tested":12842,"color":"rgb(31,119,180)"},{"description":"Other","count":624,"tested":3962,"color":"rgb(148,103,189)"},{"description":"Black","count":195,"tested":2495,"color":"rgb(255,127,14)"},{"description":"Hispanic","count":310,"tested":2011,"color":"rgb(214,39,40)"},{"description":"NH/PI*","count":6,"tested":145,"color":"rgb(127,127,127)"},{"description":"AI/AN**","count":20,"tested":127,"color":"rgb(31,119,180)"}],"gender":[{"description":"Male","count":1620,"tested":25144,"color":"rgb(31,119,180)"},{"description":"Unknown/Left Blank","count":23,"tested":1077,"color":"rgb(44,160,44)"},{"description":"Female","count":1724,"tested":32065,"color":"rgb(255,127,14)"}]}
