{"age":[{"age_group":"<20","count":170,"tested":1758},{"age_group":"20-29   ","count":108,"tested":2280},{"age_group":"30-39   ","count":81,"tested":1640},{"age_group":"40-49   ","count":93,"tested":2357},{"age_group":"50-59   ","count":123,"tested":2136},{"age_group":"60-69   ","count":132,"tested":2508},{"age_group":"70-79   ","count":145,"tested":2825},{"age_group":"80+","count":139,"tested":2735}],"race":[{"description":"Black","count":14,"tested":204,"color":"rgb(255,127,14)"},{"description":"Hispanic","count":55,"tested":319,"color":"rgb(214,39,40)"},{"description":"Asian","count":139,"tested":1614,"color":"rgb(140,86,75)"},{"description":"White","count":527,"tested":5637,"color":"rgb(31,119,180)"},{"description":"Other","count":52,"tested":802,"color":"rgb(148,103,189)"},{"description":"Left Blank","count":203,"tested":9600,"color":"rgb(44,160,44)"}],"gender":[{"description":"Male","count":477,"tested":7604,"color":"rgb(31,119,180)"},{"description":"Female","count":505,"tested":10484,"color":"rgb(255,127,14)"}]}
