{"age":[{"age_group":"<20","count":49,"tested":565},{"age_group":"20-29   ","count":49,"tested":458},{"age_group":"30-39   ","count":44,"tested":433},{"age_group":"40-49   ","count":49,"tested":430},{"age_group":"50-59   ","count":45,"tested":525},{"age_group":"60-69   ","count":59,"tested":480},{"age_group":"70-79   ","count":34,"tested":356},{"age_group":"80+","count":17,"tested":213}],"race":[{"description":"Left Blank","count":62,"tested":1025,"color":"rgb(44,160,44)"},{"description":"White","count":274,"tested":2322,"color":"rgb(31,119,180)"}],"gender":[{"description":"Male","count":165,"tested":1319,"color":"rgb(31,119,180)"},{"description":"Female","count":181,"tested":2115,"color":"rgb(255,127,14)"}]}
