{"age":[{"age_group":"<20","count":27,"tested":337},{"age_group":"20-29   ","count":27,"tested":321},{"age_group":"30-39   ","count":23,"tested":302},{"age_group":"40-49   ","count":24,"tested":241},{"age_group":"50-59   ","count":11,"tested":197},{"age_group":"60-69   ","count":11,"tested":191},{"age_group":"80+","count":6,"tested":69}],"race":[{"description":"Left Blank","count":30,"tested":547,"color":"rgb(44,160,44)"},{"description":"Hispanic","count":17,"tested":104,"color":"rgb(214,39,40)"},{"description":"White","count":79,"tested":1034,"color":"rgb(31,119,180)"}],"gender":[{"description":"Male","count":63,"tested":707,"color":"rgb(31,119,180)"},{"description":"Female","count":71,"tested":1022,"color":"rgb(255,127,14)"}]}
