{"age":[{"age_group":"30-39   ","count":9,"tested":556},{"age_group":"40-49   ","count":8,"tested":488},{"age_group":"50-59   ","count":17,"tested":647},{"age_group":"60-69   ","count":18,"tested":679},{"age_group":"70-79   ","count":12,"tested":750},{"age_group":"80+","count":7,"tested":185}],"race":[{"description":"Left Blank","count":21,"tested":474,"color":"rgb(44,160,44)"},{"description":"White","count":15,"tested":600,"color":"rgb(31,119,180)"},{"description":"Black","count":29,"tested":916,"color":"rgb(255,127,14)"}],"gender":[{"description":"Male","count":39,"tested":2551,"color":"rgb(31,119,180)"},{"description":"Female","count":39,"tested":1182,"color":"rgb(255,127,14)"}]}
