{"age":[{"age_group":"<20","count":69,"tested":771},{"age_group":"20-29   ","count":67,"tested":575},{"age_group":"30-39   ","count":52,"tested":539},{"age_group":"40-49   ","count":75,"tested":534},{"age_group":"50-59   ","count":58,"tested":461},{"age_group":"60-69   ","count":30,"tested":242},{"age_group":"70-79   ","count":10,"tested":125}],"race":[{"description":"Hispanic","count":32,"tested":159,"color":"rgb(214,39,40)"},{"description":"White","count":178,"tested":1592,"color":"rgb(31,119,180)"},{"description":"Left Blank","count":147,"tested":1450,"color":"rgb(44,160,44)"},{"description":"Other","count":7,"tested":64,"color":"rgb(148,103,189)"}],"gender":[{"description":"Female","count":187,"tested":1886,"color":"rgb(255,127,14)"},{"description":"Male","count":178,"tested":1385,"color":"rgb(31,119,180)"}]}
