{"age":[{"age_group":"<20","count":162,"tested":1186},{"age_group":"20-29   ","count":190,"tested":1901},{"age_group":"30-39   ","count":176,"tested":1755},{"age_group":"40-49   ","count":145,"tested":1527},{"age_group":"50-59   ","count":147,"tested":1579},{"age_group":"60-69   ","count":103,"tested":1665},{"age_group":"70-79   ","count":48,"tested":598},{"age_group":"80+","count":21,"tested":311}],"race":[{"description":"Black","count":28,"tested":345,"color":"rgb(255,127,14)"},{"description":"Asian","count":27,"tested":337,"color":"rgb(140,86,75)"},{"description":"Other","count":56,"tested":456,"color":"rgb(148,103,189)"},{"description":"Left Blank","count":375,"tested":4725,"color":"rgb(44,160,44)"},{"description":"White","count":387,"tested":3858,"color":"rgb(31,119,180)"},{"description":"Hispanic","count":116,"tested":779,"color":"rgb(214,39,40)"}],"gender":[{"description":"Female","count":555,"tested":5788,"color":"rgb(255,127,14)"},{"description":"Male","count":435,"tested":4554,"color":"rgb(31,119,180)"}]}
