{"age":[{"age_group":"<20","count":27,"tested":367},{"age_group":"20-29   ","count":24,"tested":266},{"age_group":"30-39   ","count":24,"tested":382},{"age_group":"40-49   ","count":25,"tested":230},{"age_group":"50-59   ","count":20,"tested":375},{"age_group":"60-69   ","count":21,"tested":277},{"age_group":"70-79   ","count":16,"tested":110},{"age_group":"80+","count":13,"tested":69}],"race":[{"description":"Left Blank","count":53,"tested":584,"color":"rgb(44,160,44)"},{"description":"White","count":115,"tested":1447,"color":"rgb(31,119,180)"}],"gender":[{"description":"Female","count":85,"tested":1420,"color":"rgb(255,127,14)"},{"description":"Male","count":84,"tested":600,"color":"rgb(31,119,180)"}]}
