{"age":[{"age_group":"<20","count":44,"tested":586},{"age_group":"20-29   ","count":44,"tested":603},{"age_group":"30-39   ","count":39,"tested":464},{"age_group":"40-49   ","count":30,"tested":342},{"age_group":"50-59   ","count":44,"tested":723},{"age_group":"60-69   ","count":22,"tested":352},{"age_group":"70-79   ","count":10,"tested":130},{"age_group":"80+","count":11,"tested":100}],"race":[{"description":"Left Blank","count":52,"tested":907,"color":"rgb(44,160,44)"},{"description":"White","count":179,"tested":2325,"color":"rgb(31,119,180)"},{"description":"Hispanic","count":6,"tested":20,"color":"rgb(214,39,40)"}],"gender":[{"description":"Female","count":117,"tested":2265,"color":"rgb(255,127,14)"},{"description":"Male","count":125,"tested":971,"color":"rgb(31,119,180)"}]}
