{"age":[{"age_group":"<20","count":396,"tested":4079},{"age_group":"20-29   ","count":421,"tested":5106},{"age_group":"30-39   ","count":432,"tested":5322},{"age_group":"40-49   ","count":411,"tested":4460},{"age_group":"50-59   ","count":404,"tested":5158},{"age_group":"60-69   ","count":299,"tested":5260},{"age_group":"70-79   ","count":147,"tested":3073},{"age_group":"80+","count":103,"tested":2606}],"race":[{"description":"Asian","count":123,"tested":2000,"color":"rgb(140,86,75)"},{"description":"Hispanic","count":713,"tested":4109,"color":"rgb(214,39,40)"},{"description":"Black","count":44,"tested":611,"color":"rgb(255,127,14)"},{"description":"White","count":980,"tested":12293,"color":"rgb(31,119,180)"},{"description":"Left Blank","count":603,"tested":15204,"color":"rgb(44,160,44)"},{"description":"Other","count":143,"tested":764,"color":"rgb(148,103,189)"}],"gender":[{"description":"Male","count":1292,"tested":15051,"color":"rgb(31,119,180)"},{"description":"Unknown/Left Blank","count":15,"tested":589,"color":"rgb(44,160,44)"},{"description":"Female","count":1306,"tested":19435,"color":"rgb(255,127,14)"}]}
