{"age":[{"age_group":"<20","count":674,"tested":9929},{"age_group":"20-29   ","count":534,"tested":8517},{"age_group":"30-39   ","count":396,"tested":7601},{"age_group":"40-49   ","count":537,"tested":8580},{"age_group":"50-59   ","count":562,"tested":11006},{"age_group":"60-69   ","count":368,"tested":8984},{"age_group":"70-79   ","count":162,"tested":5602},{"age_group":"80+","count":181,"tested":5792}],"race":[{"description":"Hispanic","count":250,"tested":2405,"color":"rgb(214,39,40)"},{"description":"Left Blank","count":684,"tested":28586,"color":"rgb(44,160,44)"},{"description":"White","count":1766,"tested":25002,"color":"rgb(31,119,180)"},{"description":"Black","count":31,"tested":777,"color":"rgb(255,127,14)"},{"description":"NH/PI*","count":8,"tested":115,"color":"rgb(127,127,127)"},{"description":"Asian","count":267,"tested":5177,"color":"rgb(140,86,75)"},{"description":"AI/AN**","count":12,"tested":92,"color":"rgb(31,119,180)"},{"description":"Other","count":398,"tested":3871,"color":"rgb(148,103,189)"}],"gender":[{"description":"Male","count":1614,"tested":27178,"color":"rgb(31,119,180)"},{"description":"Female","count":1757,"tested":37338,"color":"rgb(255,127,14)"},{"description":"Unknown/Left Blank","count":45,"tested":1509,"color":"rgb(44,160,44)"}]}
