{"age":[{"age_group":"<20","count":585,"tested":4320},{"age_group":"20-29   ","count":737,"tested":5860},{"age_group":"30-39   ","count":679,"tested":5060},{"age_group":"40-49   ","count":657,"tested":4393},{"age_group":"50-59   ","count":520,"tested":4004},{"age_group":"60-69   ","count":319,"tested":3441},{"age_group":"70-79   ","count":140,"tested":2421},{"age_group":"80+","count":82,"tested":2313}],"race":[{"description":"White","count":649,"tested":6839,"color":"rgb(31,119,180)"},{"description":"Other","count":171,"tested":1607,"color":"rgb(148,103,189)"},{"description":"Left Blank","count":980,"tested":13006,"color":"rgb(44,160,44)"},{"description":"Black","count":117,"tested":1309,"color":"rgb(255,127,14)"},{"description":"Asian","count":19,"tested":272,"color":"rgb(140,86,75)"},{"description":"Hispanic","count":1780,"tested":8787,"color":"rgb(214,39,40)"}],"gender":[{"description":"Female","count":1863,"tested":17614,"color":"rgb(255,127,14)"},{"description":"Male","count":1819,"tested":13769,"color":"rgb(31,119,180)"},{"description":"Unknown/Left Blank","count":38,"tested":477,"color":"rgb(44,160,44)"}]}
