{"age":[{"age_group":"<20","count":403,"tested":3379},{"age_group":"20-29   ","count":479,"tested":15187},{"age_group":"30-39   ","count":451,"tested":21113},{"age_group":"40-49   ","count":464,"tested":19977},{"age_group":"50-59   ","count":472,"tested":14543},{"age_group":"60-69   ","count":351,"tested":8491},{"age_group":"70-79   ","count":164,"tested":3351},{"age_group":"80+","count":118,"tested":4373},{"age_group":"Unknown","count":13,"tested":2271}],"race":[{"description":"Hispanic","count":93,"tested":769,"color":"rgb(214,39,40)"},{"description":"White","count":1721,"tested":15903,"color":"rgb(31,119,180)"},{"description":"Left Blank","count":879,"tested":73699,"color":"rgb(44,160,44)"},{"description":"Other","count":64,"tested":525,"color":"rgb(148,103,189)"},{"description":"Black","count":145,"tested":1595,"color":"rgb(255,127,14)"},{"description":"Asian","count":13,"tested":177,"color":"rgb(140,86,75)"}],"gender":[{"description":"Male","count":1503,"tested":45775,"color":"rgb(31,119,180)"},{"description":"Unknown/Left Blank","count":124,"tested":29957,"color":"rgb(44,160,44)"},{"description":"Female","count":1288,"tested":16953,"color":"rgb(255,127,14)"}]}
