{"age":[{"age_group":"<20","count":28,"tested":203},{"age_group":"20-29   ","count":10,"tested":95},{"age_group":"30-39   ","count":13,"tested":110},{"age_group":"40-49   ","count":8,"tested":79},{"age_group":"50-59   ","count":14,"tested":185},{"age_group":"60-69   ","count":14,"tested":129},{"age_group":"70-79   ","count":8,"tested":54}],"race":[{"description":"White","count":72,"tested":525,"color":"rgb(31,119,180)"},{"description":"Left Blank","count":23,"tested":340,"color":"rgb(44,160,44)"}],"gender":[{"description":"Female","count":48,"tested":491,"color":"rgb(255,127,14)"},{"description":"Male","count":47,"tested":386,"color":"rgb(31,119,180)"}]}
