{"age":[{"age_group":"<20","count":342,"tested":3977},{"age_group":"20-29   ","count":229,"tested":4109},{"age_group":"30-39   ","count":251,"tested":4678},{"age_group":"40-49   ","count":275,"tested":5229},{"age_group":"50-59   ","count":260,"tested":5156},{"age_group":"60-69   ","count":152,"tested":3848},{"age_group":"70-79   ","count":62,"tested":2099},{"age_group":"80+","count":31,"tested":3445}],"race":[{"description":"Black","count":54,"tested":2156,"color":"rgb(255,127,14)"},{"description":"Asian","count":22,"tested":656,"color":"rgb(140,86,75)"},{"description":"Hispanic","count":352,"tested":3947,"color":"rgb(214,39,40)"},{"description":"Left Blank","count":459,"tested":8946,"color":"rgb(44,160,44)"},{"description":"White","count":633,"tested":15494,"color":"rgb(31,119,180)"},{"description":"Other","count":78,"tested":1260,"color":"rgb(148,103,189)"}],"gender":[{"description":"Female","count":827,"tested":19662,"color":"rgb(255,127,14)"},{"description":"Male","count":745,"tested":12219,"color":"rgb(31,119,180)"},{"description":"Unknown/Left Blank","count":30,"tested":669,"color":"rgb(44,160,44)"}]}
