{"age":[{"age_group":"<20","count":48,"tested":429},{"age_group":"20-29   ","count":48,"tested":631},{"age_group":"30-39   ","count":27,"tested":539},{"age_group":"40-49   ","count":43,"tested":402},{"age_group":"50-59   ","count":52,"tested":599},{"age_group":"60-69   ","count":26,"tested":440},{"age_group":"70-79   ","count":17,"tested":314},{"age_group":"80+","count":6,"tested":139}],"race":[{"description":"Other","count":6,"tested":68,"color":"rgb(148,103,189)"},{"description":"Left Blank","count":55,"tested":931,"color":"rgb(44,160,44)"},{"description":"White","count":186,"tested":2317,"color":"rgb(31,119,180)"},{"description":"Hispanic","count":10,"tested":63,"color":"rgb(214,39,40)"},{"description":"Black","count":10,"tested":109,"color":"rgb(255,127,14)"}],"gender":[{"description":"Male","count":111,"tested":1149,"color":"rgb(31,119,180)"},{"description":"Female","count":154,"tested":2323,"color":"rgb(255,127,14)"}]}
