{"age":[{"age_group":"<20","count":481,"tested":8929},{"age_group":"20-29   ","count":486,"tested":11770},{"age_group":"30-39   ","count":330,"tested":6011},{"age_group":"40-49   ","count":285,"tested":5692},{"age_group":"50-59   ","count":393,"tested":7456},{"age_group":"60-69   ","count":267,"tested":8590},{"age_group":"70-79   ","count":111,"tested":5140},{"age_group":"80+","count":137,"tested":9745}],"race":[{"description":"White","count":1659,"tested":25218,"color":"rgb(31,119,180)"},{"description":"Hispanic","count":144,"tested":1650,"color":"rgb(214,39,40)"},{"description":"Asian","count":134,"tested":1433,"color":"rgb(140,86,75)"},{"description":"Black","count":80,"tested":1303,"color":"rgb(255,127,14)"},{"description":"Other","count":79,"tested":1112,"color":"rgb(148,103,189)"},{"description":"Left Blank","count":389,"tested":33050,"color":"rgb(44,160,44)"}],"gender":[{"description":"Female","count":1233,"tested":35361,"color":"rgb(255,127,14)"},{"description":"Male","count":1245,"tested":27591,"color":"rgb(31,119,180)"}]}
