{"age":[{"age_group":"<20","count":31,"tested":316},{"age_group":"20-29   ","count":38,"tested":379},{"age_group":"30-39   ","count":37,"tested":262},{"age_group":"40-49   ","count":36,"tested":345},{"age_group":"50-59   ","count":39,"tested":306},{"age_group":"60-69   ","count":21,"tested":286},{"age_group":"70-79   ","count":7,"tested":118},{"age_group":"80+","count":8,"tested":88}],"race":[{"description":"White","count":151,"tested":1182,"color":"rgb(31,119,180)"},{"description":"Left Blank","count":39,"tested":757,"color":"rgb(44,160,44)"},{"description":"Hispanic","count":25,"tested":125,"color":"rgb(214,39,40)"}],"gender":[{"description":"Female","count":108,"tested":1133,"color":"rgb(255,127,14)"},{"description":"Male","count":109,"tested":962,"color":"rgb(31,119,180)"}]}
