{"age":[{"age_group":"<20","count":458,"tested":4594},{"age_group":"20-29   ","count":353,"tested":3435},{"age_group":"30-39   ","count":334,"tested":4425},{"age_group":"40-49   ","count":429,"tested":4669},{"age_group":"50-59   ","count":350,"tested":3929},{"age_group":"60-69   ","count":230,"tested":3298},{"age_group":"70-79   ","count":148,"tested":2400},{"age_group":"80+","count":91,"tested":1493}],"race":[{"description":"Black","count":45,"tested":472,"color":"rgb(255,127,14)"},{"description":"Asian","count":162,"tested":2117,"color":"rgb(140,86,75)"},{"description":"Hispanic","count":312,"tested":1812,"color":"rgb(214,39,40)"},{"description":"Left Blank","count":657,"tested":11515,"color":"rgb(44,160,44)"},{"description":"White","count":1122,"tested":11724,"color":"rgb(31,119,180)"},{"description":"Other","count":90,"tested":545,"color":"rgb(148,103,189)"},{"description":"NH/PI*","count":6,"tested":42,"color":"rgb(127,127,127)"}],"gender":[{"description":"Female","count":1220,"tested":15592,"color":"rgb(255,127,14)"},{"description":"Unknown/Left Blank","count":19,"tested":384,"color":"rgb(44,160,44)"},{"description":"Male","count":1156,"tested":12276,"color":"rgb(31,119,180)"}]}
