{"age":[{"age_group":"<20","count":22,"tested":373},{"age_group":"20-29   ","count":36,"tested":317},{"age_group":"30-39   ","count":30,"tested":353},{"age_group":"40-49   ","count":23,"tested":266},{"age_group":"50-59   ","count":33,"tested":300},{"age_group":"60-69   ","count":13,"tested":157},{"age_group":"70-79   ","count":10,"tested":107}],"race":[{"description":"Left Blank","count":30,"tested":527,"color":"rgb(44,160,44)"},{"description":"Other","count":19,"tested":141,"color":"rgb(148,103,189)"},{"description":"White","count":122,"tested":1191,"color":"rgb(31,119,180)"}],"gender":[{"description":"Male","count":87,"tested":807,"color":"rgb(31,119,180)"},{"description":"Female","count":85,"tested":1071,"color":"rgb(255,127,14)"}]}
