{"age":[{"age_group":"<20","count":339,"tested":10652},{"age_group":"20-29   ","count":289,"tested":6431},{"age_group":"30-39   ","count":258,"tested":4620},{"age_group":"40-49   ","count":340,"tested":5466},{"age_group":"50-59   ","count":320,"tested":5673},{"age_group":"60-69   ","count":148,"tested":3798},{"age_group":"70-79   ","count":90,"tested":2180},{"age_group":"80+","count":100,"tested":3274}],"race":[{"description":"Asian","count":171,"tested":4786,"color":"rgb(140,86,75)"},{"description":"Black","count":42,"tested":820,"color":"rgb(255,127,14)"},{"description":"Other","count":127,"tested":1443,"color":"rgb(148,103,189)"},{"description":"Left Blank","count":383,"tested":15591,"color":"rgb(44,160,44)"},{"description":"White","count":816,"tested":16328,"color":"rgb(31,119,180)"},{"description":"Hispanic","count":335,"tested":2819,"color":"rgb(214,39,40)"}],"gender":[{"description":"Female","count":962,"tested":23289,"color":"rgb(255,127,14)"},{"description":"Male","count":901,"tested":18098,"color":"rgb(31,119,180)"},{"description":"Unknown/Left Blank","count":22,"tested":739,"color":"rgb(44,160,44)"}]}
