{"age":[{"age_group":"<20","count":297,"tested":3025},{"age_group":"20-29   ","count":460,"tested":5229},{"age_group":"30-39   ","count":503,"tested":5276},{"age_group":"40-49   ","count":529,"tested":5704},{"age_group":"50-59   ","count":504,"tested":7040},{"age_group":"60-69   ","count":372,"tested":5970},{"age_group":"70-79   ","count":235,"tested":3248},{"age_group":"80+","count":154,"tested":1888}],"race":[{"description":"Hispanic","count":99,"tested":512,"color":"rgb(214,39,40)"},{"description":"Asian","count":20,"tested":57,"color":"rgb(140,86,75)"},{"description":"White","count":71,"tested":418,"color":"rgb(31,119,180)"},{"description":"Black","count":1926,"tested":21019,"color":"rgb(255,127,14)"},{"description":"Other","count":99,"tested":594,"color":"rgb(148,103,189)"},{"description":"Left Blank","count":808,"tested":14718,"color":"rgb(44,160,44)"}],"gender":[{"description":"Female","count":1675,"tested":21183,"color":"rgb(255,127,14)"},{"description":"Unknown/Left Blank","count":56,"tested":1081,"color":"rgb(44,160,44)"},{"description":"Male","count":1258,"tested":15132,"color":"rgb(31,119,180)"}]}
