{"age":[{"age_group":"<20","count":21,"tested":272},{"age_group":"20-29   ","count":34,"tested":347},{"age_group":"30-39   ","count":31,"tested":352},{"age_group":"40-49   ","count":26,"tested":393},{"age_group":"50-59   ","count":39,"tested":396},{"age_group":"60-69   ","count":21,"tested":369},{"age_group":"70-79   ","count":21,"tested":239}],"race":[{"description":"Hispanic","count":12,"tested":47,"color":"rgb(214,39,40)"},{"description":"White","count":106,"tested":1622,"color":"rgb(31,119,180)"},{"description":"Left Blank","count":50,"tested":1334,"color":"rgb(44,160,44)"},{"description":"Other","count":12,"tested":27,"color":"rgb(148,103,189)"}],"gender":[{"description":"Male","count":82,"tested":806,"color":"rgb(31,119,180)"},{"description":"Female","count":85,"tested":2215,"color":"rgb(255,127,14)"}]}
