{"age":[{"age_group":"<20","count":634,"tested":4507},{"age_group":"20-29   ","count":1229,"tested":16252},{"age_group":"30-39   ","count":1017,"tested":13318},{"age_group":"40-49   ","count":853,"tested":7854},{"age_group":"50-59   ","count":716,"tested":5967},{"age_group":"60-69   ","count":455,"tested":4757},{"age_group":"70-79   ","count":220,"tested":2090},{"age_group":"80+","count":121,"tested":1202}],"race":[{"description":"Other","count":218,"tested":2596,"color":"rgb(148,103,189)"},{"description":"Left Blank","count":823,"tested":16447,"color":"rgb(44,160,44)"},{"description":"Hispanic","count":2980,"tested":18005,"color":"rgb(214,39,40)"},{"description":"Asian","count":111,"tested":2061,"color":"rgb(140,86,75)"},{"description":"White","count":540,"tested":10217,"color":"rgb(31,119,180)"},{"description":"Black","count":516,"tested":6511,"color":"rgb(255,127,14)"}],"gender":[{"description":"Unknown/Left Blank","count":78,"tested":1627,"color":"rgb(44,160,44)"},{"description":"Male","count":2635,"tested":26939,"color":"rgb(31,119,180)"},{"description":"Female","count":2407,"tested":27399,"color":"rgb(255,127,14)"}]}
