{"age":[{"age_group":"<20","count":148,"tested":1361},{"age_group":"20-29   ","count":227,"tested":2889},{"age_group":"30-39   ","count":208,"tested":2914},{"age_group":"40-49   ","count":218,"tested":2735},{"age_group":"50-59   ","count":217,"tested":3303},{"age_group":"60-69   ","count":230,"tested":3098},{"age_group":"70-79   ","count":167,"tested":2160},{"age_group":"80+","count":131,"tested":1876}],"race":[{"description":"Hispanic","count":171,"tested":636,"color":"rgb(214,39,40)"},{"description":"Left Blank","count":497,"tested":13290,"color":"rgb(44,160,44)"},{"description":"White","count":555,"tested":4967,"color":"rgb(31,119,180)"},{"description":"Black","count":62,"tested":395,"color":"rgb(255,127,14)"},{"description":"Asian","count":123,"tested":723,"color":"rgb(140,86,75)"},{"description":"Other","count":71,"tested":304,"color":"rgb(148,103,189)"}],"gender":[{"description":"Female","count":685,"tested":11284,"color":"rgb(255,127,14)"},{"description":"Male","count":660,"tested":8396,"color":"rgb(31,119,180)"},{"description":"Unknown/Left Blank","count":51,"tested":663,"color":"rgb(44,160,44)"}]}
