{"age":[{"age_group":"<20","count":226,"tested":1395},{"age_group":"20-29   ","count":324,"tested":2216},{"age_group":"30-39   ","count":218,"tested":1606},{"age_group":"40-49   ","count":286,"tested":1961},{"age_group":"50-59   ","count":294,"tested":2141},{"age_group":"60-69   ","count":212,"tested":1678},{"age_group":"70-79   ","count":137,"tested":759},{"age_group":"80+","count":95,"tested":320}],"race":[{"description":"Black","count":102,"tested":376,"color":"rgb(255,127,14)"},{"description":"Hispanic","count":117,"tested":263,"color":"rgb(214,39,40)"},{"description":"Asian","count":95,"tested":277,"color":"rgb(140,86,75)"},{"description":"Other","count":104,"tested":385,"color":"rgb(148,103,189)"},{"description":"Left Blank","count":694,"tested":6713,"color":"rgb(44,160,44)"},{"description":"White","count":538,"tested":4044,"color":"rgb(31,119,180)"}],"gender":[{"description":"Male","count":657,"tested":5192,"color":"rgb(31,119,180)"},{"description":"Female","count":712,"tested":6780,"color":"rgb(255,127,14)"}]}
