{"age":[{"age_group":"<20","count":157,"tested":2622},{"age_group":"20-29   ","count":464,"tested":11568},{"age_group":"30-39   ","count":543,"tested":14073},{"age_group":"40-49   ","count":352,"tested":7505},{"age_group":"50-59   ","count":355,"tested":8282},{"age_group":"60-69   ","count":290,"tested":6542},{"age_group":"70-79   ","count":182,"tested":3630},{"age_group":"80+","count":161,"tested":4275}],"race":[{"description":"Asian","count":145,"tested":2241,"color":"rgb(140,86,75)"},{"description":"Hispanic","count":367,"tested":2682,"color":"rgb(214,39,40)"},{"description":"Black","count":368,"tested":5032,"color":"rgb(255,127,14)"},{"description":"White","count":759,"tested":17359,"color":"rgb(31,119,180)"},{"description":"Other","count":126,"tested":1827,"color":"rgb(148,103,189)"},{"description":"Left Blank","count":688,"tested":29276,"color":"rgb(44,160,44)"},{"description":"AI/AN**","count":27,"tested":38,"color":"rgb(31,119,180)"}],"gender":[{"description":"Female","count":1102,"tested":28463,"color":"rgb(255,127,14)"},{"description":"Male","count":1199,"tested":26454,"color":"rgb(31,119,180)"},{"description":"Unknown/Left Blank","count":98,"tested":3604,"color":"rgb(44,160,44)"}]}
