{"age":[{"age_group":"<20","count":152,"tested":989},{"age_group":"20-29   ","count":159,"tested":1021},{"age_group":"30-39   ","count":161,"tested":1068},{"age_group":"40-49   ","count":187,"tested":1119},{"age_group":"50-59   ","count":135,"tested":860},{"age_group":"60-69   ","count":116,"tested":647},{"age_group":"70-79   ","count":81,"tested":384}],"race":[{"description":"Other","count":70,"tested":256,"color":"rgb(148,103,189)"},{"description":"Black","count":61,"tested":113,"color":"rgb(255,127,14)"},{"description":"Left Blank","count":321,"tested":2635,"color":"rgb(44,160,44)"},{"description":"White","count":335,"tested":2867,"color":"rgb(31,119,180)"},{"description":"Hispanic","count":106,"tested":365,"color":"rgb(214,39,40)"}],"gender":[{"description":"Female","count":386,"tested":3582,"color":"rgb(255,127,14)"},{"description":"Male","count":344,"tested":2627,"color":"rgb(31,119,180)"},{"description":"Unknown/Left Blank","count":62,"tested":58,"color":"rgb(44,160,44)"}]}
