{"age":[{"age_group":"<20","count":13,"tested":285},{"age_group":"20-29   ","count":67,"tested":1248},{"age_group":"30-39   ","count":51,"tested":1090},{"age_group":"40-49   ","count":23,"tested":498},{"age_group":"50-59   ","count":16,"tested":488},{"age_group":"60-69   ","count":12,"tested":361},{"age_group":"70-79   ","count":11,"tested":226}],"race":[{"description":"White","count":53,"tested":885,"color":"rgb(31,119,180)"},{"description":"Left Blank","count":80,"tested":2477,"color":"rgb(44,160,44)"},{"description":"Black","count":20,"tested":464,"color":"rgb(255,127,14)"},{"description":"Hispanic","count":21,"tested":124,"color":"rgb(214,39,40)"},{"description":"Asian","count":11,"tested":223,"color":"rgb(140,86,75)"}],"gender":[{"description":"Male","count":103,"tested":2511,"color":"rgb(31,119,180)"},{"description":"Female","count":78,"tested":1750,"color":"rgb(255,127,14)"}]}
