{"age":[{"age_group":"<20","count":315,"tested":1916},{"age_group":"20-29   ","count":492,"tested":3507},{"age_group":"30-39   ","count":372,"tested":2951},{"age_group":"40-49   ","count":352,"tested":2801},{"age_group":"50-59   ","count":400,"tested":2976},{"age_group":"60-69   ","count":307,"tested":2976},{"age_group":"70-79   ","count":222,"tested":2232},{"age_group":"80+","count":167,"tested":1785}],"race":[{"description":"Other","count":158,"tested":632,"color":"rgb(148,103,189)"},{"description":"Black","count":119,"tested":515,"color":"rgb(255,127,14)"},{"description":"Asian","count":113,"tested":354,"color":"rgb(140,86,75)"},{"description":"White","count":807,"tested":7161,"color":"rgb(31,119,180)"},{"description":"Left Blank","count":1121,"tested":12007,"color":"rgb(44,160,44)"},{"description":"Hispanic","count":160,"tested":449,"color":"rgb(214,39,40)"}],"gender":[{"description":"Male","count":1010,"tested":8283,"color":"rgb(31,119,180)"},{"description":"Female","count":1159,"tested":12396,"color":"rgb(255,127,14)"},{"description":"Unknown/Left Blank","count":90,"tested":476,"color":"rgb(44,160,44)"}]}
