{"age":[{"age_group":"<20","count":184,"tested":1086},{"age_group":"20-29   ","count":223,"tested":1768},{"age_group":"30-39   ","count":222,"tested":1712},{"age_group":"40-49   ","count":221,"tested":1709},{"age_group":"50-59   ","count":171,"tested":1730},{"age_group":"60-69   ","count":120,"tested":1411},{"age_group":"70-79   ","count":80,"tested":756},{"age_group":"80+","count":46,"tested":318}],"race":[{"description":"AI/AN**","count":32,"tested":33,"color":"rgb(31,119,180)"},{"description":"Other","count":59,"tested":631,"color":"rgb(148,103,189)"},{"description":"Black","count":157,"tested":1540,"color":"rgb(255,127,14)"},{"description":"White","count":231,"tested":2591,"color":"rgb(31,119,180)"},{"description":"Left Blank","count":407,"tested":4462,"color":"rgb(44,160,44)"},{"description":"Hispanic","count":335,"tested":1192,"color":"rgb(214,39,40)"}],"gender":[{"description":"Unknown/Left Blank","count":29,"tested":91,"color":"rgb(44,160,44)"},{"description":"Male","count":537,"tested":4206,"color":"rgb(31,119,180)"},{"description":"Female","count":591,"tested":6195,"color":"rgb(255,127,14)"}]}
