{"age":[{"age_group":"<20","count":194,"tested":1081},{"age_group":"20-29   ","count":325,"tested":1929},{"age_group":"30-39   ","count":327,"tested":2066},{"age_group":"40-49   ","count":276,"tested":1717},{"age_group":"50-59   ","count":243,"tested":2112},{"age_group":"60-69   ","count":178,"tested":1674},{"age_group":"70-79   ","count":85,"tested":1316},{"age_group":"80+","count":81,"tested":1933}],"race":[{"description":"Hispanic","count":715,"tested":2396,"color":"rgb(214,39,40)"},{"description":"Left Blank","count":421,"tested":6872,"color":"rgb(44,160,44)"},{"description":"White","count":335,"tested":3380,"color":"rgb(31,119,180)"},{"description":"Black","count":56,"tested":469,"color":"rgb(255,127,14)"},{"description":"Asian","count":53,"tested":297,"color":"rgb(140,86,75)"},{"description":"Other","count":75,"tested":405,"color":"rgb(148,103,189)"}],"gender":[{"description":"Female","count":765,"tested":7945,"color":"rgb(255,127,14)"},{"description":"Male","count":779,"tested":5624,"color":"rgb(31,119,180)"}]}
