{"age":[{"age_group":"<20","count":305,"tested":2579},{"age_group":"20-29   ","count":385,"tested":3050},{"age_group":"30-39   ","count":295,"tested":2560},{"age_group":"40-49   ","count":295,"tested":2234},{"age_group":"50-59   ","count":220,"tested":2147},{"age_group":"60-69   ","count":187,"tested":1349},{"age_group":"70-79   ","count":108,"tested":927},{"age_group":"80+","count":48,"tested":379}],"race":[{"description":"Other","count":46,"tested":330,"color":"rgb(148,103,189)"},{"description":"White","count":600,"tested":5288,"color":"rgb(31,119,180)"},{"description":"Left Blank","count":431,"tested":6237,"color":"rgb(44,160,44)"},{"description":"Black","count":163,"tested":1053,"color":"rgb(255,127,14)"},{"description":"Hispanic","count":523,"tested":2088,"color":"rgb(214,39,40)"},{"description":"Asian","count":58,"tested":217,"color":"rgb(140,86,75)"}],"gender":[{"description":"Female","count":953,"tested":8707,"color":"rgb(255,127,14)"},{"description":"Male","count":810,"tested":6175,"color":"rgb(31,119,180)"},{"description":"Unknown/Left Blank","count":25,"tested":344,"color":"rgb(44,160,44)"}]}
