{"age":[{"age_group":"<20","count":54,"tested":1181},{"age_group":"20-29   ","count":334,"tested":5731},{"age_group":"30-39   ","count":344,"tested":6574},{"age_group":"40-49   ","count":148,"tested":2571},{"age_group":"50-59   ","count":131,"tested":2039},{"age_group":"60-69   ","count":91,"tested":1661},{"age_group":"70-79   ","count":43,"tested":850},{"age_group":"80+","count":33,"tested":318}],"race":[{"description":"Asian","count":83,"tested":1657,"color":"rgb(140,86,75)"},{"description":"Hispanic","count":78,"tested":659,"color":"rgb(214,39,40)"},{"description":"Black","count":121,"tested":1891,"color":"rgb(255,127,14)"},{"description":"White","count":354,"tested":6408,"color":"rgb(31,119,180)"},{"description":"Left Blank","count":423,"tested":9057,"color":"rgb(44,160,44)"},{"description":"Other","count":74,"tested":1209,"color":"rgb(148,103,189)"}],"gender":[{"description":"Female","count":460,"tested":10881,"color":"rgb(255,127,14)"},{"description":"Male","count":599,"tested":9784,"color":"rgb(31,119,180)"}]}
