{"age":[{"age_group":"<20","count":624,"tested":1250},{"age_group":"20-29   ","count":518,"tested":3175},{"age_group":"30-39   ","count":230,"tested":1261},{"age_group":"40-49   ","count":208,"tested":1199},{"age_group":"50-59   ","count":170,"tested":1201},{"age_group":"60-69   ","count":126,"tested":901},{"age_group":"70-79   ","count":64,"tested":328},{"age_group":"80+","count":37,"tested":172}],"race":[{"description":"Other","count":75,"tested":365,"color":"rgb(148,103,189)"},{"description":"Black","count":399,"tested":2071,"color":"rgb(255,127,14)"},{"description":"White","count":499,"tested":1682,"color":"rgb(31,119,180)"},{"description":"Asian","count":74,"tested":454,"color":"rgb(140,86,75)"},{"description":"Left Blank","count":180,"tested":2100,"color":"rgb(44,160,44)"},{"description":"NH/PI*","count":26,"tested":44,"color":"rgb(127,127,127)"},{"description":"Hispanic","count":698,"tested":2763,"color":"rgb(214,39,40)"},{"description":"AI/AN**","count":26,"tested":14,"color":"rgb(31,119,180)"}],"gender":[{"description":"Unknown/Left Blank","count":32,"tested":139,"color":"rgb(44,160,44)"},{"description":"Male","count":1137,"tested":3861,"color":"rgb(31,119,180)"},{"description":"Female","count":743,"tested":5493,"color":"rgb(255,127,14)"}]}
