{"age":[{"age_group":"<20","count":474,"tested":3196},{"age_group":"20-29   ","count":517,"tested":3565},{"age_group":"30-39   ","count":427,"tested":2968},{"age_group":"40-49   ","count":482,"tested":3018},{"age_group":"50-59   ","count":409,"tested":2916},{"age_group":"60-69   ","count":269,"tested":2280},{"age_group":"70-79   ","count":169,"tested":1600},{"age_group":"80+","count":117,"tested":1576}],"race":[{"description":"Hispanic","count":1148,"tested":2731,"color":"rgb(214,39,40)"},{"description":"White","count":1018,"tested":6468,"color":"rgb(31,119,180)"},{"description":"Asian","count":42,"tested":88,"color":"rgb(140,86,75)"},{"description":"Black","count":67,"tested":310,"color":"rgb(255,127,14)"},{"description":"Other","count":62,"tested":264,"color":"rgb(148,103,189)"},{"description":"Left Blank","count":471,"tested":11260,"color":"rgb(44,160,44)"}],"gender":[{"description":"Male","count":1249,"tested":8248,"color":"rgb(31,119,180)"},{"description":"Unknown/Left Blank","count":33,"tested":511,"color":"rgb(44,160,44)"},{"description":"Female","count":1457,"tested":12369,"color":"rgb(255,127,14)"}]}
