{"age":[{"age_group":"<20","count":138,"tested":1110},{"age_group":"20-29   ","count":165,"tested":1286},{"age_group":"30-39   ","count":92,"tested":1116},{"age_group":"40-49   ","count":158,"tested":1294},{"age_group":"50-59   ","count":163,"tested":1733},{"age_group":"60-69   ","count":109,"tested":1623},{"age_group":"70-79   ","count":75,"tested":2089},{"age_group":"80+","count":100,"tested":3074}],"race":[{"description":"Asian","count":30,"tested":56,"color":"rgb(140,86,75)"},{"description":"Left Blank","count":247,"tested":2251,"color":"rgb(44,160,44)"},{"description":"White","count":552,"tested":9809,"color":"rgb(31,119,180)"},{"description":"Hispanic","count":45,"tested":261,"color":"rgb(214,39,40)"},{"description":"Black","count":43,"tested":686,"color":"rgb(255,127,14)"},{"description":"Other","count":43,"tested":258,"color":"rgb(148,103,189)"}],"gender":[{"description":"Female","count":447,"tested":5764,"color":"rgb(255,127,14)"},{"description":"Male","count":431,"tested":5610,"color":"rgb(31,119,180)"}]}
