{"age":[{"age_group":"<20","count":487,"tested":2939},{"age_group":"20-29   ","count":554,"tested":4072},{"age_group":"30-39   ","count":457,"tested":3301},{"age_group":"40-49   ","count":457,"tested":3345},{"age_group":"50-59   ","count":476,"tested":3858},{"age_group":"60-69   ","count":344,"tested":3065},{"age_group":"70-79   ","count":272,"tested":2140},{"age_group":"80+","count":217,"tested":1412}],"race":[{"description":"Left Blank","count":636,"tested":7130,"color":"rgb(44,160,44)"},{"description":"Other","count":250,"tested":1019,"color":"rgb(148,103,189)"},{"description":"Hispanic","count":254,"tested":527,"color":"rgb(214,39,40)"},{"description":"White","count":1341,"tested":13455,"color":"rgb(31,119,180)"},{"description":"Asian","count":162,"tested":241,"color":"rgb(140,86,75)"},{"description":"Black","count":311,"tested":1737,"color":"rgb(255,127,14)"}],"gender":[{"description":"Male","count":1080,"tested":9735,"color":"rgb(31,119,180)"},{"description":"Female","count":1253,"tested":14349,"color":"rgb(255,127,14)"}]}
