{"age":[{"age_group":"<20","count":63,"tested":464},{"age_group":"20-29   ","count":89,"tested":584},{"age_group":"30-39   ","count":74,"tested":460},{"age_group":"40-49   ","count":83,"tested":523},{"age_group":"50-59   ","count":93,"tested":773},{"age_group":"60-69   ","count":88,"tested":538},{"age_group":"70-79   ","count":46,"tested":359},{"age_group":"80+","count":31,"tested":112}],"race":[{"description":"Hispanic","count":38,"tested":106,"color":"rgb(214,39,40)"},{"description":"White","count":232,"tested":2164,"color":"rgb(31,119,180)"},{"description":"Left Blank","count":160,"tested":1359,"color":"rgb(44,160,44)"},{"description":"Other","count":44,"tested":122,"color":"rgb(148,103,189)"}],"gender":[{"description":"Female","count":215,"tested":2085,"color":"rgb(255,127,14)"},{"description":"Male","count":213,"tested":1707,"color":"rgb(31,119,180)"}]}
