{"age":[{"age_group":"<20","count":23,"tested":308},{"age_group":"20-29   ","count":34,"tested":385},{"age_group":"30-39   ","count":20,"tested":284},{"age_group":"40-49   ","count":22,"tested":304},{"age_group":"50-59   ","count":21,"tested":315},{"age_group":"60-69   ","count":18,"tested":312},{"age_group":"70-79   ","count":16,"tested":147}],"race":[{"description":"White","count":98,"tested":1405,"color":"rgb(31,119,180)"},{"description":"Left Blank","count":36,"tested":686,"color":"rgb(44,160,44)"}],"gender":[{"description":"Female","count":86,"tested":1556,"color":"rgb(255,127,14)"},{"description":"Male","count":55,"tested":613,"color":"rgb(31,119,180)"}]}
