{"age":[{"age_group":"<20","count":222,"tested":1872},{"age_group":"20-29   ","count":286,"tested":2913},{"age_group":"30-39   ","count":288,"tested":3016},{"age_group":"40-49   ","count":259,"tested":2478},{"age_group":"50-59   ","count":246,"tested":2648},{"age_group":"60-69   ","count":185,"tested":2363},{"age_group":"70-79   ","count":87,"tested":1152},{"age_group":"80+","count":44,"tested":550}],"race":[{"description":"Other","count":71,"tested":564,"color":"rgb(148,103,189)"},{"description":"AI/AN**","count":34,"tested":17,"color":"rgb(31,119,180)"},{"description":"Black","count":124,"tested":966,"color":"rgb(255,127,14)"},{"description":"Asian","count":105,"tested":762,"color":"rgb(140,86,75)"},{"description":"White","count":458,"tested":5040,"color":"rgb(31,119,180)"},{"description":"Left Blank","count":558,"tested":8772,"color":"rgb(44,160,44)"},{"description":"Hispanic","count":235,"tested":867,"color":"rgb(214,39,40)"}],"gender":[{"description":"Female","count":750,"tested":9695,"color":"rgb(255,127,14)"},{"description":"Male","count":695,"tested":7112,"color":"rgb(31,119,180)"}]}
