{"age":[{"age_group":"<20","count":476,"tested":4857},{"age_group":"20-29   ","count":343,"tested":4301},{"age_group":"30-39   ","count":305,"tested":4473},{"age_group":"40-49   ","count":410,"tested":4794},{"age_group":"50-59   ","count":410,"tested":5207},{"age_group":"60-69   ","count":256,"tested":3888},{"age_group":"70-79   ","count":171,"tested":2583},{"age_group":"80+","count":157,"tested":4120}],"race":[{"description":"Other","count":116,"tested":865,"color":"rgb(148,103,189)"},{"description":"Left Blank","count":800,"tested":18274,"color":"rgb(44,160,44)"},{"description":"Black","count":87,"tested":366,"color":"rgb(255,127,14)"},{"description":"Asian","count":120,"tested":712,"color":"rgb(140,86,75)"},{"description":"White","count":1090,"tested":12889,"color":"rgb(31,119,180)"},{"description":"Hispanic","count":222,"tested":1088,"color":"rgb(214,39,40)"},{"description":"AI/AN**","count":49,"tested":18,"color":"rgb(31,119,180)"}],"gender":[{"description":"Male","count":1122,"tested":13918,"color":"rgb(31,119,180)"},{"description":"Unknown/Left Blank","count":55,"tested":431,"color":"rgb(44,160,44)"},{"description":"Female","count":1136,"tested":19880,"color":"rgb(255,127,14)"}]}
