{"age":[{"age_group":"<20","count":156,"tested":1546},{"age_group":"20-29   ","count":175,"tested":1604},{"age_group":"30-39   ","count":165,"tested":2129},{"age_group":"40-49   ","count":199,"tested":1985},{"age_group":"50-59   ","count":135,"tested":1595},{"age_group":"60-69   ","count":115,"tested":1664},{"age_group":"70-79   ","count":45,"tested":969},{"age_group":"80+","count":35,"tested":1575}],"race":[{"description":"Asian","count":19,"tested":105,"color":"rgb(140,86,75)"},{"description":"Black","count":38,"tested":229,"color":"rgb(255,127,14)"},{"description":"White","count":329,"tested":4506,"color":"rgb(31,119,180)"},{"description":"Hispanic","count":199,"tested":1107,"color":"rgb(214,39,40)"},{"description":"Other","count":68,"tested":574,"color":"rgb(148,103,189)"},{"description":"Left Blank","count":344,"tested":6537,"color":"rgb(44,160,44)"}],"gender":[{"description":"Female","count":496,"tested":7448,"color":"rgb(255,127,14)"},{"description":"Male","count":444,"tested":5350,"color":"rgb(31,119,180)"},{"description":"Unknown/Left Blank","count":20,"tested":273,"color":"rgb(44,160,44)"}]}
