{"age":[{"age_group":"<20","count":171,"tested":1053},{"age_group":"20-29   ","count":270,"tested":1771},{"age_group":"30-39   ","count":214,"tested":1535},{"age_group":"40-49   ","count":218,"tested":1446},{"age_group":"50-59   ","count":275,"tested":2099},{"age_group":"60-69   ","count":198,"tested":1511},{"age_group":"70-79   ","count":128,"tested":902},{"age_group":"80+","count":94,"tested":490}],"race":[{"description":"Hispanic","count":171,"tested":461,"color":"rgb(214,39,40)"},{"description":"Left Blank","count":357,"tested":3940,"color":"rgb(44,160,44)"},{"description":"Other","count":104,"tested":160,"color":"rgb(148,103,189)"},{"description":"Asian","count":83,"tested":70,"color":"rgb(140,86,75)"},{"description":"White","count":617,"tested":6069,"color":"rgb(31,119,180)"},{"description":"Black","count":83,"tested":79,"color":"rgb(255,127,14)"}],"gender":[{"description":"Female","count":584,"tested":6154,"color":"rgb(255,127,14)"},{"description":"Male","count":529,"tested":4585,"color":"rgb(31,119,180)"}]}
