{"age":[{"age_group":"<20","count":242,"tested":2965},{"age_group":"20-29   ","count":286,"tested":3439},{"age_group":"30-39   ","count":194,"tested":3861},{"age_group":"40-49   ","count":254,"tested":3463},{"age_group":"50-59   ","count":254,"tested":4010},{"age_group":"60-69   ","count":221,"tested":3535},{"age_group":"70-79   ","count":123,"tested":2323},{"age_group":"80+","count":149,"tested":2815}],"race":[{"description":"Black","count":32,"tested":125,"color":"rgb(255,127,14)"},{"description":"Asian","count":72,"tested":511,"color":"rgb(140,86,75)"},{"description":"White","count":854,"tested":10166,"color":"rgb(31,119,180)"},{"description":"Hispanic","count":104,"tested":702,"color":"rgb(214,39,40)"},{"description":"Other","count":98,"tested":834,"color":"rgb(148,103,189)"},{"description":"Left Blank","count":507,"tested":14052,"color":"rgb(44,160,44)"}],"gender":[{"description":"Male","count":757,"tested":11098,"color":"rgb(31,119,180)"},{"description":"Unknown/Left Blank","count":40,"tested":303,"color":"rgb(44,160,44)"},{"description":"Female","count":801,"tested":15026,"color":"rgb(255,127,14)"}]}
