{"age":[{"age_group":"<20","count":213,"tested":2753},{"age_group":"20-29   ","count":181,"tested":2909},{"age_group":"30-39   ","count":154,"tested":2332},{"age_group":"40-49   ","count":162,"tested":2412},{"age_group":"50-59   ","count":201,"tested":3155},{"age_group":"60-69   ","count":149,"tested":2739},{"age_group":"70-79   ","count":126,"tested":1817},{"age_group":"80+","count":155,"tested":1786}],"race":[{"description":"Other","count":113,"tested":1063,"color":"rgb(148,103,189)"},{"description":"White","count":586,"tested":8876,"color":"rgb(31,119,180)"},{"description":"Black","count":62,"tested":118,"color":"rgb(255,127,14)"},{"description":"Asian","count":86,"tested":449,"color":"rgb(140,86,75)"},{"description":"Hispanic","count":97,"tested":372,"color":"rgb(214,39,40)"},{"description":"Left Blank","count":293,"tested":8999,"color":"rgb(44,160,44)"}],"gender":[{"description":"Female","count":555,"tested":10689,"color":"rgb(255,127,14)"},{"description":"Male","count":473,"tested":8861,"color":"rgb(31,119,180)"},{"description":"Unknown/Left Blank","count":58,"tested":358,"color":"rgb(44,160,44)"}]}
