{"lastUpdatedDate":{"year":2021,"month":8,"day":5},"county_demographics":[{"County":"Douglas","confirmed_cases":2681,"total_tested":38128,"demographics":{"age":[{"race":[],"age_group":"<20","count":562,"tested":8109,"deaths":0},{"race":[],"age_group":"20-29   ","count":414,"tested":5719,"deaths":0},{"race":[],"age_group":"30-39   ","count":362,"tested":4780,"deaths":0},{"race":[],"age_group":"40-49   ","count":378,"tested":4827,"deaths":0},{"race":[],"age_group":"50-59   ","count":360,"tested":4129,"deaths":0},{"race":[],"age_group":"60-69   ","count":317,"tested":4566,"deaths":0},{"race":[],"age_group":"70-79   ","count":153,"tested":2772,"deaths":0},{"race":[],"age_group":"80+","count":130,"tested":3067,"deaths":0},{"race":[],"age_group":"Unknown","count":0,"tested":159,"deaths":0}],"race":[{"description":"AI/AN**","count":0,"tested":22,"deaths":0,"color":"rgb(31,119,180)"},{"description":"Asian","count":10,"tested":104,"deaths":0,"color":"rgb(140,86,75)"},{"description":"Black","count":8,"tested":237,"deaths":0,"color":"rgb(255,127,14)"},{"description":"Hispanic","count":315,"tested":2092,"deaths":0,"color":"rgb(214,39,40)"},{"description":"Left Blank","count":404,"tested":6363,"deaths":0,"color":"rgb(44,160,44)"},{"description":"NH/PI*","count":0,"tested":33,"deaths":0,"color":"rgb(127,127,127)"},{"description":"Other","count":73,"tested":913,"deaths":0,"color":"rgb(148,103,189)"},{"description":"White","count":1869,"tested":28364,"deaths":0,"color":"rgb(31,119,180)"}],"gender":[{"description":"Female","count":1346,"tested":22544,"deaths":0,"color":"rgb(255,127,14)"},{"description":"Male","count":1316,"tested":15312,"deaths":0,"color":"rgb(31,119,180)"},{"description":"Unknown/Left Blank","count":16,"tested":272,"deaths":0,"color":"rgb(44,160,44)"}]}}]}
