{"lastUpdatedDate":{"year":2021,"month":8,"day":5},"county_demographics":[{"County":"Montgomery","confirmed_cases":3925,"total_tested":89281,"demographics":{"age":[{"race":[],"age_group":"<20","count":501,"tested":7105,"deaths":0},{"race":[],"age_group":"20-29   ","count":591,"tested":14698,"deaths":0},{"race":[],"age_group":"30-39   ","count":724,"tested":18611,"deaths":0},{"race":[],"age_group":"40-49   ","count":583,"tested":14313,"deaths":0},{"race":[],"age_group":"50-59   ","count":587,"tested":12367,"deaths":0},{"race":[],"age_group":"60-69   ","count":478,"tested":9219,"deaths":0},{"race":[],"age_group":"70-79   ","count":224,"tested":4657,"deaths":0},{"race":[],"age_group":"80+","count":232,"tested":6545,"deaths":0},{"race":[],"age_group":"Unknown","count":0,"tested":1766,"deaths":0}],"race":[{"description":"AI/AN**","count":0,"tested":17,"deaths":0,"color":"rgb(31,119,180)"},{"description":"Asian","count":0,"tested":132,"deaths":0,"color":"rgb(140,86,75)"},{"description":"Black","count":173,"tested":850,"deaths":0,"color":"rgb(255,127,14)"},{"description":"Hispanic","count":26,"tested":195,"deaths":0,"color":"rgb(214,39,40)"},{"description":"Left Blank","count":1768,"tested":62295,"deaths":0,"color":"rgb(44,160,44)"},{"description":"NH/PI*","count":0,"tested":42,"deaths":0,"color":"rgb(127,127,127)"},{"description":"Other","count":20,"tested":390,"deaths":0,"color":"rgb(148,103,189)"},{"description":"White","count":1917,"tested":25360,"deaths":0,"color":"rgb(31,119,180)"}],"gender":[{"description":"Female","count":1710,"tested":35693,"deaths":0,"color":"rgb(255,127,14)"},{"description":"Male","count":1994,"tested":39444,"deaths":0,"color":"rgb(31,119,180)"},{"description":"Unknown/Left Blank","count":219,"tested":14144,"deaths":0,"color":"rgb(44,160,44)"}]}}]}
