{"lastUpdatedDate":{"year":2021,"month":8,"day":5},"county_demographics":[{"County":"Fulton","confirmed_cases":4166,"total_tested":97687,"demographics":{"age":[{"race":[],"age_group":"<20","count":818,"tested":9908,"deaths":0},{"race":[],"age_group":"20-29   ","count":681,"tested":15272,"deaths":0},{"race":[],"age_group":"30-39   ","count":567,"tested":16811,"deaths":0},{"race":[],"age_group":"40-49   ","count":627,"tested":14886,"deaths":0},{"race":[],"age_group":"50-59   ","count":542,"tested":14550,"deaths":0},{"race":[],"age_group":"60-69   ","count":460,"tested":10071,"deaths":0},{"race":[],"age_group":"70-79   ","count":263,"tested":5664,"deaths":0},{"race":[],"age_group":"80+","count":199,"tested":6348,"deaths":0},{"race":[],"age_group":"Unknown","count":0,"tested":4177,"deaths":0}],"race":[{"description":"AI/AN**","count":0,"tested":27,"deaths":0,"color":"rgb(31,119,180)"},{"description":"Asian","count":0,"tested":42,"deaths":0,"color":"rgb(140,86,75)"},{"description":"Black","count":100,"tested":748,"deaths":0,"color":"rgb(255,127,14)"},{"description":"Hispanic","count":50,"tested":255,"deaths":0,"color":"rgb(214,39,40)"},{"description":"Left Blank","count":2693,"tested":69227,"deaths":0,"color":"rgb(44,160,44)"},{"description":"NH/PI*","count":0,"tested":0,"deaths":0,"color":"rgb(127,127,127)"},{"description":"Other","count":43,"tested":1763,"deaths":0,"color":"rgb(148,103,189)"},{"description":"White","count":1271,"tested":25620,"deaths":0,"color":"rgb(31,119,180)"}],"gender":[{"description":"Female","count":2061,"tested":48066,"deaths":0,"color":"rgb(255,127,14)"},{"description":"Male","count":2014,"tested":35656,"deaths":0,"color":"rgb(31,119,180)"},{"description":"Unknown/Left Blank","count":91,"tested":13965,"deaths":0,"color":"rgb(44,160,44)"}]}}]}
