{"lastUpdatedDate":{"year":2021,"month":8,"day":5},"county_demographics":[{"County":"Pulaski","confirmed_cases":761,"total_tested":8260,"demographics":{"age":[{"race":[],"age_group":"<20","count":114,"tested":730,"deaths":0},{"race":[],"age_group":"20-29   ","count":143,"tested":1436,"deaths":0},{"race":[],"age_group":"30-39   ","count":122,"tested":1691,"deaths":0},{"race":[],"age_group":"40-49   ","count":135,"tested":1626,"deaths":0},{"race":[],"age_group":"50-59   ","count":85,"tested":1487,"deaths":0},{"race":[],"age_group":"60-69   ","count":100,"tested":776,"deaths":0},{"race":[],"age_group":"70-79   ","count":39,"tested":351,"deaths":0},{"race":[],"age_group":"80+","count":20,"tested":163,"deaths":0}],"race":[{"description":"AI/AN**","count":0,"tested":9,"deaths":0,"color":"rgb(31,119,180)"},{"description":"Asian","count":0,"tested":11,"deaths":0,"color":"rgb(140,86,75)"},{"description":"Black","count":131,"tested":1767,"deaths":0,"color":"rgb(255,127,14)"},{"description":"Hispanic","count":106,"tested":859,"deaths":0,"color":"rgb(214,39,40)"},{"description":"Left Blank","count":157,"tested":2362,"deaths":0,"color":"rgb(44,160,44)"},{"description":"NH/PI*","count":0,"tested":0,"deaths":0,"color":"rgb(127,127,127)"},{"description":"Other","count":0,"tested":153,"deaths":0,"color":"rgb(148,103,189)"},{"description":"White","count":357,"tested":3096,"deaths":0,"color":"rgb(31,119,180)"}],"gender":[{"description":"Female","count":353,"tested":4100,"deaths":0,"color":"rgb(255,127,14)"},{"description":"Male","count":381,"tested":3536,"deaths":0,"color":"rgb(31,119,180)"},{"description":"Unknown/Left Blank","count":27,"tested":624,"deaths":0,"color":"rgb(44,160,44)"}]}}]}
