{"lastUpdatedDate":{"year":2021,"month":8,"day":5},"county_demographics":[{"County":"Macoupin","confirmed_cases":5103,"total_tested":84685,"demographics":{"age":[{"race":[],"age_group":"<20","count":870,"tested":12822,"deaths":0},{"race":[],"age_group":"20-29   ","count":709,"tested":12397,"deaths":0},{"race":[],"age_group":"30-39   ","count":747,"tested":12143,"deaths":0},{"race":[],"age_group":"40-49   ","count":718,"tested":11276,"deaths":0},{"race":[],"age_group":"50-59   ","count":736,"tested":12391,"deaths":0},{"race":[],"age_group":"60-69   ","count":645,"tested":10645,"deaths":0},{"race":[],"age_group":"70-79   ","count":374,"tested":6088,"deaths":0},{"race":[],"age_group":"80+","count":303,"tested":6899,"deaths":0},{"race":[],"age_group":"Unknown","count":0,"tested":24,"deaths":0}],"race":[{"description":"AI/AN**","count":0,"tested":62,"deaths":0,"color":"rgb(31,119,180)"},{"description":"Asian","count":8,"tested":207,"deaths":0,"color":"rgb(140,86,75)"},{"description":"Black","count":45,"tested":951,"deaths":0,"color":"rgb(255,127,14)"},{"description":"Hispanic","count":14,"tested":344,"deaths":0,"color":"rgb(214,39,40)"},{"description":"Left Blank","count":1455,"tested":23372,"deaths":0,"color":"rgb(44,160,44)"},{"description":"NH/PI*","count":0,"tested":37,"deaths":0,"color":"rgb(127,127,127)"},{"description":"Other","count":66,"tested":877,"deaths":0,"color":"rgb(148,103,189)"},{"description":"White","count":3501,"tested":58835,"deaths":0,"color":"rgb(31,119,180)"}],"gender":[{"description":"Female","count":2719,"tested":52982,"deaths":0,"color":"rgb(255,127,14)"},{"description":"Male","count":2332,"tested":30008,"deaths":0,"color":"rgb(31,119,180)"},{"description":"Unknown/Left Blank","count":52,"tested":1695,"deaths":0,"color":"rgb(44,160,44)"}]}}]}
