{"lastUpdatedDate":{"year":2021,"month":8,"day":5},"county_demographics":[{"County":"Calhoun","confirmed_cases":551,"total_tested":6643,"demographics":{"age":[{"race":[],"age_group":"<20","count":110,"tested":1068,"deaths":0},{"race":[],"age_group":"20-29   ","count":82,"tested":865,"deaths":0},{"race":[],"age_group":"30-39   ","count":82,"tested":1003,"deaths":0},{"race":[],"age_group":"40-49   ","count":67,"tested":764,"deaths":0},{"race":[],"age_group":"50-59   ","count":64,"tested":943,"deaths":0},{"race":[],"age_group":"60-69   ","count":84,"tested":704,"deaths":0},{"race":[],"age_group":"70-79   ","count":38,"tested":552,"deaths":0},{"race":[],"age_group":"80+","count":24,"tested":742,"deaths":0},{"race":[],"age_group":"Unknown","count":0,"tested":0,"deaths":0}],"race":[{"description":"AI/AN**","count":0,"tested":0,"deaths":0,"color":"rgb(31,119,180)"},{"description":"Asian","count":0,"tested":0,"deaths":0,"color":"rgb(140,86,75)"},{"description":"Black","count":0,"tested":27,"deaths":0,"color":"rgb(255,127,14)"},{"description":"Hispanic","count":0,"tested":6,"deaths":0,"color":"rgb(214,39,40)"},{"description":"Left Blank","count":79,"tested":1517,"deaths":0,"color":"rgb(44,160,44)"},{"description":"Other","count":0,"tested":39,"deaths":0,"color":"rgb(148,103,189)"},{"description":"White","count":462,"tested":5048,"deaths":0,"color":"rgb(31,119,180)"}],"gender":[{"description":"Female","count":291,"tested":4147,"deaths":0,"color":"rgb(255,127,14)"},{"description":"Male","count":257,"tested":2402,"deaths":0,"color":"rgb(31,119,180)"},{"description":"Unknown/Left Blank","count":0,"tested":94,"deaths":0,"color":"rgb(44,160,44)"}]}}]}
