{"lastUpdatedDate":{"year":2021,"month":8,"day":5},"county_demographics":[{"County":"Woodford","confirmed_cases":4959,"total_tested":84904,"demographics":{"age":[{"race":[],"age_group":"<20","count":1011,"tested":14900,"deaths":0},{"race":[],"age_group":"20-29   ","count":654,"tested":11216,"deaths":0},{"race":[],"age_group":"30-39   ","count":680,"tested":10667,"deaths":0},{"race":[],"age_group":"40-49   ","count":705,"tested":10394,"deaths":0},{"race":[],"age_group":"50-59   ","count":743,"tested":11149,"deaths":0},{"race":[],"age_group":"60-69   ","count":583,"tested":9320,"deaths":0},{"race":[],"age_group":"70-79   ","count":299,"tested":6004,"deaths":0},{"race":[],"age_group":"80+","count":284,"tested":11224,"deaths":0},{"race":[],"age_group":"Unknown","count":0,"tested":30,"deaths":0}],"race":[{"description":"AI/AN**","count":0,"tested":59,"deaths":0,"color":"rgb(31,119,180)"},{"description":"Asian","count":10,"tested":296,"deaths":0,"color":"rgb(140,86,75)"},{"description":"Black","count":27,"tested":705,"deaths":0,"color":"rgb(255,127,14)"},{"description":"Hispanic","count":36,"tested":558,"deaths":0,"color":"rgb(214,39,40)"},{"description":"Left Blank","count":1787,"tested":29393,"deaths":0,"color":"rgb(44,160,44)"},{"description":"NH/PI*","count":0,"tested":15,"deaths":0,"color":"rgb(127,127,127)"},{"description":"Other","count":95,"tested":2830,"deaths":0,"color":"rgb(148,103,189)"},{"description":"White","count":2995,"tested":51048,"deaths":0,"color":"rgb(31,119,180)"}],"gender":[{"description":"Female","count":2547,"tested":52045,"deaths":0,"color":"rgb(255,127,14)"},{"description":"Male","count":2347,"tested":30417,"deaths":0,"color":"rgb(31,119,180)"},{"description":"Unknown/Left Blank","count":63,"tested":2442,"deaths":0,"color":"rgb(44,160,44)"}]}}]}
