{"lastUpdatedDate":{"year":2021,"month":8,"day":5},"county_demographics":[{"County":"Livingston","confirmed_cases":4991,"total_tested":125744,"demographics":{"age":[{"race":[],"age_group":"<20","count":758,"tested":10899,"deaths":0},{"race":[],"age_group":"20-29   ","count":753,"tested":17992,"deaths":0},{"race":[],"age_group":"30-39   ","count":817,"tested":23147,"deaths":0},{"race":[],"age_group":"40-49   ","count":730,"tested":20285,"deaths":0},{"race":[],"age_group":"50-59   ","count":728,"tested":19946,"deaths":0},{"race":[],"age_group":"60-69   ","count":562,"tested":12707,"deaths":0},{"race":[],"age_group":"70-79   ","count":310,"tested":6527,"deaths":0},{"race":[],"age_group":"80+","count":328,"tested":11191,"deaths":0},{"race":[],"age_group":"Unknown","count":0,"tested":3050,"deaths":0}],"race":[{"description":"AI/AN**","count":0,"tested":44,"deaths":0,"color":"rgb(31,119,180)"},{"description":"Asian","count":6,"tested":174,"deaths":0,"color":"rgb(140,86,75)"},{"description":"Black","count":131,"tested":1567,"deaths":0,"color":"rgb(255,127,14)"},{"description":"Hispanic","count":149,"tested":1772,"deaths":0,"color":"rgb(214,39,40)"},{"description":"Left Blank","count":1084,"tested":73771,"deaths":0,"color":"rgb(44,160,44)"},{"description":"NH/PI*","count":0,"tested":31,"deaths":0,"color":"rgb(127,127,127)"},{"description":"Other","count":116,"tested":1584,"deaths":0,"color":"rgb(148,103,189)"},{"description":"White","count":3497,"tested":46801,"deaths":0,"color":"rgb(31,119,180)"}],"gender":[{"description":"Female","count":2507,"tested":55255,"deaths":0,"color":"rgb(255,127,14)"},{"description":"Male","count":2422,"tested":51675,"deaths":0,"color":"rgb(31,119,180)"},{"description":"Unknown/Left Blank","count":57,"tested":18814,"deaths":0,"color":"rgb(44,160,44)"}]}}]}
