{"lastUpdatedDate":{"year":2021,"month":5,"day":9},"county_demographics":[{"County":"Woodford","confirmed_cases":4717,"total_tested":74302,"demographics":{"age":[{"race":[],"age_group":"<20","count":954,"tested":13007,"deaths":0},{"race":[],"age_group":"20-29   ","count":627,"tested":9639,"deaths":0},{"race":[],"age_group":"30-39   ","count":654,"tested":9118,"deaths":0},{"race":[],"age_group":"40-49   ","count":676,"tested":9121,"deaths":0},{"race":[],"age_group":"50-59   ","count":704,"tested":9736,"deaths":0},{"race":[],"age_group":"60-69   ","count":561,"tested":8222,"deaths":0},{"race":[],"age_group":"70-79   ","count":280,"tested":5325,"deaths":0},{"race":[],"age_group":"80+","count":261,"tested":10105,"deaths":0},{"race":[],"age_group":"Unknown","count":0,"tested":29,"deaths":0}],"race":[{"description":"AI/AN**","count":0,"tested":56,"deaths":0,"color":"rgb(31,119,180)"},{"description":"Asian","count":9,"tested":245,"deaths":0,"color":"rgb(140,86,75)"},{"description":"Black","count":23,"tested":569,"deaths":0,"color":"rgb(255,127,14)"},{"description":"Hispanic","count":30,"tested":416,"deaths":0,"color":"rgb(214,39,40)"},{"description":"Left Blank","count":1746,"tested":28020,"deaths":0,"color":"rgb(44,160,44)"},{"description":"NH/PI*","count":0,"tested":13,"deaths":0,"color":"rgb(127,127,127)"},{"description":"Other","count":90,"tested":2500,"deaths":0,"color":"rgb(148,103,189)"},{"description":"White","count":2811,"tested":42483,"deaths":0,"color":"rgb(31,119,180)"}],"gender":[{"description":"Female","count":2394,"tested":45917,"deaths":0,"color":"rgb(255,127,14)"},{"description":"Male","count":2237,"tested":25997,"deaths":0,"color":"rgb(31,119,180)"},{"description":"Unknown/Left Blank","count":86,"tested":2388,"deaths":0,"color":"rgb(44,160,44)"}]}}]}
