{"lastUpdatedDate":{"year":2021,"month":5,"day":9},"county_demographics":[{"County":"White","confirmed_cases":1693,"total_tested":23783,"demographics":{"age":[{"race":[],"age_group":"<20","count":247,"tested":2519,"deaths":0},{"race":[],"age_group":"20-29   ","count":203,"tested":3182,"deaths":0},{"race":[],"age_group":"30-39   ","count":204,"tested":3199,"deaths":0},{"race":[],"age_group":"40-49   ","count":228,"tested":3027,"deaths":0},{"race":[],"age_group":"50-59   ","count":248,"tested":2917,"deaths":0},{"race":[],"age_group":"60-69   ","count":244,"tested":2844,"deaths":0},{"race":[],"age_group":"70-79   ","count":161,"tested":2009,"deaths":0},{"race":[],"age_group":"80+","count":158,"tested":4078,"deaths":0},{"race":[],"age_group":"Unknown","count":0,"tested":8,"deaths":0}],"race":[{"description":"AI/AN**","count":0,"tested":0,"deaths":0,"color":"rgb(31,119,180)"},{"description":"Asian","count":0,"tested":23,"deaths":0,"color":"rgb(140,86,75)"},{"description":"Black","count":0,"tested":58,"deaths":0,"color":"rgb(255,127,14)"},{"description":"Hispanic","count":0,"tested":26,"deaths":0,"color":"rgb(214,39,40)"},{"description":"Left Blank","count":628,"tested":16339,"deaths":0,"color":"rgb(44,160,44)"},{"description":"NH/PI*","count":0,"tested":0,"deaths":0,"color":"rgb(127,127,127)"},{"description":"Other","count":7,"tested":62,"deaths":0,"color":"rgb(148,103,189)"},{"description":"White","count":1049,"tested":7270,"deaths":0,"color":"rgb(31,119,180)"}],"gender":[{"description":"Female","count":846,"tested":17115,"deaths":0,"color":"rgb(255,127,14)"},{"description":"Male","count":615,"tested":5400,"deaths":0,"color":"rgb(31,119,180)"},{"description":"Unknown/Left Blank","count":232,"tested":1268,"deaths":0,"color":"rgb(44,160,44)"}]}}]}
