{"lastUpdatedDate":{"year":2021,"month":5,"day":9},"county_demographics":[{"County":"Wayne","confirmed_cases":1768,"total_tested":17408,"demographics":{"age":[{"race":[],"age_group":"<20","count":295,"tested":2454,"deaths":0},{"race":[],"age_group":"20-29   ","count":218,"tested":3005,"deaths":0},{"race":[],"age_group":"30-39   ","count":237,"tested":2960,"deaths":0},{"race":[],"age_group":"40-49   ","count":211,"tested":2172,"deaths":0},{"race":[],"age_group":"50-59   ","count":249,"tested":2359,"deaths":0},{"race":[],"age_group":"60-69   ","count":266,"tested":1895,"deaths":0},{"race":[],"age_group":"70-79   ","count":169,"tested":1186,"deaths":0},{"race":[],"age_group":"80+","count":117,"tested":1362,"deaths":0},{"race":[],"age_group":"Unknown","count":0,"tested":15,"deaths":0}],"race":[{"description":"AI/AN**","count":0,"tested":0,"deaths":0,"color":"rgb(31,119,180)"},{"description":"Asian","count":0,"tested":0,"deaths":0,"color":"rgb(140,86,75)"},{"description":"Black","count":0,"tested":20,"deaths":0,"color":"rgb(255,127,14)"},{"description":"Hispanic","count":17,"tested":180,"deaths":0,"color":"rgb(214,39,40)"},{"description":"Left Blank","count":234,"tested":6086,"deaths":0,"color":"rgb(44,160,44)"},{"description":"NH/PI*","count":0,"tested":0,"deaths":0,"color":"rgb(127,127,127)"},{"description":"Other","count":0,"tested":77,"deaths":0,"color":"rgb(148,103,189)"},{"description":"White","count":1509,"tested":11036,"deaths":0,"color":"rgb(31,119,180)"}],"gender":[{"description":"Female","count":917,"tested":10502,"deaths":0,"color":"rgb(255,127,14)"},{"description":"Male","count":831,"tested":5817,"deaths":0,"color":"rgb(31,119,180)"},{"description":"Unknown/Left Blank","count":19,"tested":1089,"deaths":0,"color":"rgb(44,160,44)"}]}}]}
