{"lastUpdatedDate":{"year":2021,"month":5,"day":9},"county_demographics":[{"County":"Union","confirmed_cases":2252,"total_tested":36410,"demographics":{"age":[{"race":[],"age_group":"<20","count":320,"tested":2862,"deaths":0},{"race":[],"age_group":"20-29   ","count":350,"tested":5185,"deaths":0},{"race":[],"age_group":"30-39   ","count":328,"tested":5722,"deaths":0},{"race":[],"age_group":"40-49   ","count":312,"tested":5890,"deaths":0},{"race":[],"age_group":"50-59   ","count":345,"tested":6711,"deaths":0},{"race":[],"age_group":"60-69   ","count":291,"tested":4373,"deaths":0},{"race":[],"age_group":"70-79   ","count":186,"tested":2544,"deaths":0},{"race":[],"age_group":"80+","count":120,"tested":3118,"deaths":0},{"race":[],"age_group":"Unknown","count":0,"tested":0,"deaths":0}],"race":[{"description":"AI/AN**","count":0,"tested":9,"deaths":0,"color":"rgb(31,119,180)"},{"description":"Asian","count":0,"tested":80,"deaths":0,"color":"rgb(140,86,75)"},{"description":"Black","count":69,"tested":1241,"deaths":0,"color":"rgb(255,127,14)"},{"description":"Hispanic","count":105,"tested":664,"deaths":0,"color":"rgb(214,39,40)"},{"description":"Left Blank","count":312,"tested":10451,"deaths":0,"color":"rgb(44,160,44)"},{"description":"NH/PI*","count":0,"tested":56,"deaths":0,"color":"rgb(127,127,127)"},{"description":"Other","count":15,"tested":203,"deaths":0,"color":"rgb(148,103,189)"},{"description":"White","count":1747,"tested":23706,"deaths":0,"color":"rgb(31,119,180)"}],"gender":[{"description":"Female","count":1114,"tested":18270,"deaths":0,"color":"rgb(255,127,14)"},{"description":"Male","count":1056,"tested":15404,"deaths":0,"color":"rgb(31,119,180)"},{"description":"Unknown/Left Blank","count":82,"tested":2736,"deaths":0,"color":"rgb(44,160,44)"}]}}]}
