{"age":[{"age_group":"<20","count":493,"tested":3801},{"age_group":"20-29   ","count":586,"tested":6167},{"age_group":"30-39   ","count":572,"tested":5511},{"age_group":"40-49   ","count":591,"tested":6101},{"age_group":"50-59   ","count":511,"tested":6455},{"age_group":"60-69   ","count":348,"tested":5179},{"age_group":"70-79   ","count":175,"tested":3015},{"age_group":"80+","count":96,"tested":1953}],"race":[{"description":"Hispanic","count":522,"tested":2669,"color":"rgb(214,39,40)"},{"description":"White","count":153,"tested":1676,"color":"rgb(31,119,180)"},{"description":"Asian","count":8,"tested":33,"color":"rgb(140,86,75)"},{"description":"Black","count":1452,"tested":16221,"color":"rgb(255,127,14)"},{"description":"Other","count":80,"tested":678,"color":"rgb(148,103,189)"},{"description":"Left Blank","count":1156,"tested":16890,"color":"rgb(44,160,44)"}],"gender":[{"description":"Male","count":1409,"tested":14074,"color":"rgb(31,119,180)"},{"description":"Unknown/Left Blank","count":37,"tested":1045,"color":"rgb(44,160,44)"},{"description":"Female","count":1928,"tested":23086,"color":"rgb(255,127,14)"}]}
