{"age":[{"age_group":"<20","count":1496,"tested":10882},{"age_group":"20-29   ","count":1844,"tested":19251},{"age_group":"30-39   ","count":1513,"tested":14609},{"age_group":"40-49   ","count":1627,"tested":14312},{"age_group":"50-59   ","count":1440,"tested":17395},{"age_group":"60-69   ","count":828,"tested":12236},{"age_group":"70-79   ","count":283,"tested":4869},{"age_group":"80+","count":152,"tested":2174}],"race":[{"description":"Left Blank","count":1733,"tested":40917,"color":"rgb(44,160,44)"},{"description":"AI/AN**","count":10,"tested":74,"color":"rgb(31,119,180)"},{"description":"Hispanic","count":5664,"tested":28381,"color":"rgb(214,39,40)"},{"description":"Other","count":222,"tested":2469,"color":"rgb(148,103,189)"},{"description":"NH/PI*","count":10,"tested":185,"color":"rgb(127,127,127)"},{"description":"White","count":694,"tested":11816,"color":"rgb(31,119,180)"},{"description":"Asian","count":104,"tested":1993,"color":"rgb(140,86,75)"},{"description":"Black","count":749,"tested":9906,"color":"rgb(255,127,14)"}],"gender":[{"description":"Male","count":4342,"tested":43291,"color":"rgb(31,119,180)"},{"description":"Female","count":4726,"tested":51042,"color":"rgb(255,127,14)"},{"description":"Unknown/Left Blank","count":118,"tested":1408,"color":"rgb(44,160,44)"}]}
