{"age":[{"age_group":"<20","count":111,"tested":1203},{"age_group":"20-29   ","count":71,"tested":1155},{"age_group":"30-39   ","count":61,"tested":1148},{"age_group":"40-49   ","count":80,"tested":1089},{"age_group":"50-59   ","count":60,"tested":1108},{"age_group":"60-69   ","count":58,"tested":1095},{"age_group":"70-79   ","count":38,"tested":722},{"age_group":"80+","count":55,"tested":1241}],"race":[{"description":"Left Blank","count":82,"tested":2146,"color":"rgb(44,160,44)"},{"description":"White","count":427,"tested":6354,"color":"rgb(31,119,180)"},{"description":"Hispanic","count":11,"tested":87,"color":"rgb(214,39,40)"}],"gender":[{"description":"Male","count":224,"tested":3310,"color":"rgb(31,119,180)"},{"description":"Female","count":301,"tested":4947,"color":"rgb(255,127,14)"}]}
