{"age":[{"age_group":"<20","count":33,"tested":329},{"age_group":"20-29   ","count":43,"tested":500},{"age_group":"30-39   ","count":40,"tested":384},{"age_group":"40-49   ","count":39,"tested":325},{"age_group":"50-59   ","count":38,"tested":464},{"age_group":"60-69   ","count":23,"tested":578},{"age_group":"70-79   ","count":18,"tested":196}],"race":[{"description":"Hispanic","count":9,"tested":58,"color":"rgb(214,39,40)"},{"description":"White","count":171,"tested":1779,"color":"rgb(31,119,180)"},{"description":"Left Blank","count":44,"tested":935,"color":"rgb(44,160,44)"},{"description":"Other","count":11,"tested":62,"color":"rgb(148,103,189)"}],"gender":[{"description":"Male","count":117,"tested":1070,"color":"rgb(31,119,180)"},{"description":"Female","count":119,"tested":1474,"color":"rgb(255,127,14)"}]}
