{"age":[{"age_group":"<20","count":470,"tested":4418},{"age_group":"20-29   ","count":573,"tested":5000},{"age_group":"30-39   ","count":588,"tested":5573},{"age_group":"40-49   ","count":565,"tested":5236},{"age_group":"50-59   ","count":522,"tested":5571},{"age_group":"60-69   ","count":309,"tested":3840},{"age_group":"70-79   ","count":147,"tested":1943},{"age_group":"80+","count":85,"tested":2328}],"race":[{"description":"Other","count":194,"tested":1419,"color":"rgb(148,103,189)"},{"description":"Left Blank","count":1510,"tested":16663,"color":"rgb(44,160,44)"},{"description":"Hispanic","count":123,"tested":1104,"color":"rgb(214,39,40)"},{"description":"Asian","count":17,"tested":98,"color":"rgb(140,86,75)"},{"description":"White","count":1301,"tested":13219,"color":"rgb(31,119,180)"},{"description":"Black","count":112,"tested":1398,"color":"rgb(255,127,14)"}],"gender":[{"description":"Unknown/Left Blank","count":31,"tested":1120,"color":"rgb(44,160,44)"},{"description":"Male","count":1659,"tested":15303,"color":"rgb(31,119,180)"},{"description":"Female","count":1569,"tested":17494,"color":"rgb(255,127,14)"}]}
