{"age":[{"age_group":"<20","count":101,"tested":1018},{"age_group":"20-29   ","count":140,"tested":1328},{"age_group":"30-39   ","count":127,"tested":1154},{"age_group":"40-49   ","count":101,"tested":1200},{"age_group":"50-59   ","count":118,"tested":1504},{"age_group":"60-69   ","count":104,"tested":1195},{"age_group":"70-79   ","count":38,"tested":484},{"age_group":"80+","count":13,"tested":248}],"race":[{"description":"Black","count":9,"tested":102,"color":"rgb(255,127,14)"},{"description":"Hispanic","count":131,"tested":814,"color":"rgb(214,39,40)"},{"description":"Left Blank","count":248,"tested":2954,"color":"rgb(44,160,44)"},{"description":"Other","count":36,"tested":261,"color":"rgb(148,103,189)"},{"description":"White","count":315,"tested":3938,"color":"rgb(31,119,180)"}],"gender":[{"description":"Male","count":348,"tested":3227,"color":"rgb(31,119,180)"},{"description":"Female","count":387,"tested":4812,"color":"rgb(255,127,14)"}]}
