{"age":[{"age_group":"<20","count":78,"tested":708},{"age_group":"20-29   ","count":88,"tested":884},{"age_group":"30-39   ","count":78,"tested":892},{"age_group":"40-49   ","count":76,"tested":738},{"age_group":"50-59   ","count":48,"tested":584},{"age_group":"60-69   ","count":22,"tested":385},{"age_group":"70-79   ","count":8,"tested":154}],"race":[{"description":"Other","count":7,"tested":99,"color":"rgb(148,103,189)"},{"description":"Left Blank","count":99,"tested":1920,"color":"rgb(44,160,44)"},{"description":"White","count":173,"tested":1701,"color":"rgb(31,119,180)"},{"description":"Black","count":28,"tested":217,"color":"rgb(255,127,14)"},{"description":"Hispanic","count":91,"tested":398,"color":"rgb(214,39,40)"}],"gender":[{"description":"Female","count":211,"tested":2572,"color":"rgb(255,127,14)"},{"description":"Male","count":190,"tested":1748,"color":"rgb(31,119,180)"}]}
