{"age":[{"age_group":"<20","count":496,"tested":4116},{"age_group":"20-29   ","count":684,"tested":6990},{"age_group":"30-39   ","count":541,"tested":5796},{"age_group":"40-49   ","count":543,"tested":5684},{"age_group":"50-59   ","count":581,"tested":5803},{"age_group":"60-69   ","count":441,"tested":5657},{"age_group":"70-79   ","count":261,"tested":4070},{"age_group":"80+","count":172,"tested":3585}],"race":[{"description":"Black","count":107,"tested":2291,"color":"rgb(255,127,14)"},{"description":"Asian","count":64,"tested":960,"color":"rgb(140,86,75)"},{"description":"White","count":1660,"tested":15985,"color":"rgb(31,119,180)"},{"description":"Other","count":156,"tested":1368,"color":"rgb(148,103,189)"},{"description":"Left Blank","count":1542,"tested":19706,"color":"rgb(44,160,44)"},{"description":"Hispanic","count":186,"tested":1304,"color":"rgb(214,39,40)"}],"gender":[{"description":"Male","count":1723,"tested":16289,"color":"rgb(31,119,180)"},{"description":"Female","count":1966,"tested":24746,"color":"rgb(255,127,14)"},{"description":"Unknown/Left Blank","count":32,"tested":680,"color":"rgb(44,160,44)"}]}
