{"age":[{"age_group":"<20","count":318,"tested":3575},{"age_group":"20-29   ","count":272,"tested":3592},{"age_group":"30-39   ","count":211,"tested":2543},{"age_group":"40-49   ","count":242,"tested":3332},{"age_group":"50-59   ","count":289,"tested":3514},{"age_group":"60-69   ","count":111,"tested":2186},{"age_group":"70-79   ","count":44,"tested":998},{"age_group":"80+","count":14,"tested":429}],"race":[{"description":"Other","count":48,"tested":855,"color":"rgb(148,103,189)"},{"description":"Left Blank","count":245,"tested":6512,"color":"rgb(44,160,44)"},{"description":"Black","count":133,"tested":1537,"color":"rgb(255,127,14)"},{"description":"Hispanic","count":238,"tested":1517,"color":"rgb(214,39,40)"},{"description":"Asian","count":139,"tested":1947,"color":"rgb(140,86,75)"},{"description":"White","count":696,"tested":7767,"color":"rgb(31,119,180)"}],"gender":[{"description":"Female","count":794,"tested":11317,"color":"rgb(255,127,14)"},{"description":"Male","count":704,"tested":8709,"color":"rgb(31,119,180)"}]}
