{"age":[{"age_group":"<20","count":29,"tested":224},{"age_group":"20-29   ","count":34,"tested":220},{"age_group":"30-39   ","count":28,"tested":231},{"age_group":"40-49   ","count":20,"tested":239},{"age_group":"50-59   ","count":29,"tested":263},{"age_group":"60-69   ","count":20,"tested":414},{"age_group":"70-79   ","count":7,"tested":146}],"race":[{"description":"White","count":131,"tested":1441,"color":"rgb(31,119,180)"},{"description":"Left Blank","count":30,"tested":296,"color":"rgb(44,160,44)"},{"description":"Other","count":7,"tested":45,"color":"rgb(148,103,189)"}],"gender":[{"description":"Female","count":98,"tested":1205,"color":"rgb(255,127,14)"},{"description":"Male","count":71,"tested":610,"color":"rgb(31,119,180)"}]}
