{"age":[{"age_group":"<20","count":204,"tested":2093},{"age_group":"20-29   ","count":364,"tested":11495},{"age_group":"30-39   ","count":292,"tested":12970},{"age_group":"40-49   ","count":321,"tested":12643},{"age_group":"50-59   ","count":275,"tested":8527},{"age_group":"60-69   ","count":137,"tested":5052},{"age_group":"70-79   ","count":89,"tested":2304},{"age_group":"80+","count":67,"tested":1558}],"race":[{"description":"Black","count":213,"tested":1968,"color":"rgb(255,127,14)"},{"description":"White","count":592,"tested":7117,"color":"rgb(31,119,180)"},{"description":"Asian","count":35,"tested":346,"color":"rgb(140,86,75)"},{"description":"Other","count":57,"tested":900,"color":"rgb(148,103,189)"},{"description":"Left Blank","count":486,"tested":45079,"color":"rgb(44,160,44)"},{"description":"Hispanic","count":361,"tested":1867,"color":"rgb(214,39,40)"}],"gender":[{"description":"Unknown/Left Blank","count":38,"tested":24564,"color":"rgb(44,160,44)"},{"description":"Female","count":911,"tested":10856,"color":"rgb(255,127,14)"},{"description":"Male","count":800,"tested":21920,"color":"rgb(31,119,180)"}]}
