{"age":[{"age_group":"<20","count":1187,"tested":7780},{"age_group":"20-29   ","count":1304,"tested":10995},{"age_group":"30-39   ","count":1366,"tested":10712},{"age_group":"40-49   ","count":1402,"tested":9857},{"age_group":"50-59   ","count":1020,"tested":8763},{"age_group":"60-69   ","count":657,"tested":6400},{"age_group":"70-79   ","count":327,"tested":3234},{"age_group":"80+","count":187,"tested":2029}],"race":[{"description":"Other","count":403,"tested":3532,"color":"rgb(148,103,189)"},{"description":"White","count":1804,"tested":16610,"color":"rgb(31,119,180)"},{"description":"Asian","count":34,"tested":283,"color":"rgb(140,86,75)"},{"description":"Black","count":173,"tested":1615,"color":"rgb(255,127,14)"},{"description":"Left Blank","count":1781,"tested":19838,"color":"rgb(44,160,44)"},{"description":"Hispanic","count":3242,"tested":17824,"color":"rgb(214,39,40)"},{"description":"AI/AN**","count":8,"tested":59,"color":"rgb(31,119,180)"}],"gender":[{"description":"Male","count":3614,"tested":26954,"color":"rgb(31,119,180)"},{"description":"Female","count":3775,"tested":31755,"color":"rgb(255,127,14)"},{"description":"Unknown/Left Blank","count":61,"tested":1074,"color":"rgb(44,160,44)"}]}
