{"age":[{"age_group":"<20","count":340,"tested":4189},{"age_group":"20-29   ","count":461,"tested":5586},{"age_group":"30-39   ","count":486,"tested":6453},{"age_group":"40-49   ","count":487,"tested":6900},{"age_group":"50-59   ","count":492,"tested":6816},{"age_group":"60-69   ","count":286,"tested":5149},{"age_group":"70-79   ","count":141,"tested":3178},{"age_group":"80+","count":243,"tested":6466}],"race":[{"description":"Black","count":29,"tested":437,"color":"rgb(255,127,14)"},{"description":"White","count":1647,"tested":17864,"color":"rgb(31,119,180)"},{"description":"Asian","count":60,"tested":1110,"color":"rgb(140,86,75)"},{"description":"Hispanic","count":341,"tested":2752,"color":"rgb(214,39,40)"},{"description":"Left Blank","count":699,"tested":21049,"color":"rgb(44,160,44)"},{"description":"Other","count":156,"tested":1458,"color":"rgb(148,103,189)"}],"gender":[{"description":"Female","count":1453,"tested":25092,"color":"rgb(255,127,14)"},{"description":"Male","count":1435,"tested":17968,"color":"rgb(31,119,180)"},{"description":"Unknown/Left Blank","count":49,"tested":1683,"color":"rgb(44,160,44)"}]}
