{"age":[{"age_group":"<20","count":1169,"tested":10055},{"age_group":"20-29   ","count":1331,"tested":13927},{"age_group":"30-39   ","count":1158,"tested":12293},{"age_group":"40-49   ","count":1178,"tested":11706},{"age_group":"50-59   ","count":1081,"tested":11761},{"age_group":"60-69   ","count":772,"tested":10238},{"age_group":"70-79   ","count":394,"tested":6261},{"age_group":"80+","count":226,"tested":3745}],"race":[{"description":"White","count":650,"tested":6809,"color":"rgb(31,119,180)"},{"description":"Left Blank","count":1858,"tested":26817,"color":"rgb(44,160,44)"},{"description":"Other","count":158,"tested":1856,"color":"rgb(148,103,189)"},{"description":"Asian","count":18,"tested":154,"color":"rgb(140,86,75)"},{"description":"Hispanic","count":2566,"tested":16795,"color":"rgb(214,39,40)"},{"description":"Black","count":2041,"tested":27369,"color":"rgb(255,127,14)"},{"description":"AI/AN**","count":17,"tested":161,"color":"rgb(31,119,180)"}],"gender":[{"description":"Male","count":3352,"tested":33098,"color":"rgb(31,119,180)"},{"description":"Unknown/Left Blank","count":37,"tested":1077,"color":"rgb(44,160,44)"},{"description":"Female","count":3920,"tested":45852,"color":"rgb(255,127,14)"}]}
