{"age":[{"age_group":"<20","count":1432,"tested":8564},{"age_group":"20-29   ","count":1659,"tested":12903},{"age_group":"30-39   ","count":1412,"tested":9607},{"age_group":"40-49   ","count":1537,"tested":9299},{"age_group":"50-59   ","count":1151,"tested":8642},{"age_group":"60-69   ","count":610,"tested":7021},{"age_group":"70-79   ","count":292,"tested":5743},{"age_group":"80+","count":146,"tested":4063}],"race":[{"description":"Black","count":285,"tested":2974,"color":"rgb(255,127,14)"},{"description":"Asian","count":41,"tested":336,"color":"rgb(140,86,75)"},{"description":"Other","count":247,"tested":2602,"color":"rgb(148,103,189)"},{"description":"AI/AN**","count":7,"tested":61,"color":"rgb(31,119,180)"},{"description":"White","count":630,"tested":7203,"color":"rgb(31,119,180)"},{"description":"Left Blank","count":1835,"tested":31004,"color":"rgb(44,160,44)"},{"description":"Hispanic","count":5190,"tested":21644,"color":"rgb(214,39,40)"}],"gender":[{"description":"Unknown/Left Blank","count":31,"tested":667,"color":"rgb(44,160,44)"},{"description":"Female","count":4213,"tested":37363,"color":"rgb(255,127,14)"},{"description":"Male","count":3995,"tested":27817,"color":"rgb(31,119,180)"}]}
