{"age":[{"age_group":"<20","count":359,"tested":3361},{"age_group":"20-29   ","count":281,"tested":3770},{"age_group":"30-39   ","count":225,"tested":3061},{"age_group":"40-49   ","count":354,"tested":3938},{"age_group":"50-59   ","count":331,"tested":4376},{"age_group":"60-69   ","count":144,"tested":2390},{"age_group":"70-79   ","count":44,"tested":989},{"age_group":"80+","count":22,"tested":368}],"race":[{"description":"Black","count":243,"tested":2525,"color":"rgb(255,127,14)"},{"description":"Asian","count":182,"tested":2247,"color":"rgb(140,86,75)"},{"description":"Hispanic","count":247,"tested":1579,"color":"rgb(214,39,40)"},{"description":"White","count":481,"tested":5501,"color":"rgb(31,119,180)"},{"description":"Left Blank","count":518,"tested":9346,"color":"rgb(44,160,44)"},{"description":"Other","count":79,"tested":973,"color":"rgb(148,103,189)"},{"description":"NH/PI*","count":7,"tested":22,"color":"rgb(127,127,127)"}],"gender":[{"description":"Female","count":875,"tested":12039,"color":"rgb(255,127,14)"},{"description":"Unknown/Left Blank","count":27,"tested":297,"color":"rgb(44,160,44)"},{"description":"Male","count":858,"tested":9919,"color":"rgb(31,119,180)"}]}
