{"age":[{"age_group":"<20","count":323,"tested":3081},{"age_group":"20-29   ","count":425,"tested":3802},{"age_group":"30-39   ","count":337,"tested":3770},{"age_group":"40-49   ","count":390,"tested":3709},{"age_group":"50-59   ","count":408,"tested":4122},{"age_group":"60-69   ","count":256,"tested":3381},{"age_group":"70-79   ","count":101,"tested":1558},{"age_group":"80+","count":44,"tested":758}],"race":[{"description":"Asian","count":123,"tested":1020,"color":"rgb(140,86,75)"},{"description":"Hispanic","count":257,"tested":1104,"color":"rgb(214,39,40)"},{"description":"Black","count":33,"tested":347,"color":"rgb(255,127,14)"},{"description":"Other","count":69,"tested":613,"color":"rgb(148,103,189)"},{"description":"Left Blank","count":606,"tested":13708,"color":"rgb(44,160,44)"},{"description":"White","count":1191,"tested":7330,"color":"rgb(31,119,180)"}],"gender":[{"description":"Female","count":1168,"tested":13593,"color":"rgb(255,127,14)"},{"description":"Male","count":1101,"tested":10038,"color":"rgb(31,119,180)"},{"description":"Unknown/Left Blank","count":15,"tested":565,"color":"rgb(44,160,44)"}]}
