{"age":[{"age_group":"<20","count":26,"tested":291},{"age_group":"20-29   ","count":23,"tested":311},{"age_group":"30-39   ","count":21,"tested":390},{"age_group":"40-49   ","count":32,"tested":233},{"age_group":"50-59   ","count":20,"tested":398},{"age_group":"60-69   ","count":25,"tested":430},{"age_group":"70-79   ","count":9,"tested":161}],"race":[{"description":"Left Blank","count":27,"tested":722,"color":"rgb(44,160,44)"},{"description":"White","count":123,"tested":1469,"color":"rgb(31,119,180)"}],"gender":[{"description":"Female","count":88,"tested":1538,"color":"rgb(255,127,14)"},{"description":"Male","count":69,"tested":670,"color":"rgb(31,119,180)"}]}
