{"age":[{"age_group":"<20","count":74,"tested":599},{"age_group":"20-29   ","count":60,"tested":546},{"age_group":"30-39   ","count":60,"tested":766},{"age_group":"40-49   ","count":57,"tested":432},{"age_group":"50-59   ","count":79,"tested":716},{"age_group":"60-69   ","count":56,"tested":609},{"age_group":"70-79   ","count":20,"tested":610},{"age_group":"80+","count":13,"tested":906}],"race":[{"description":"White","count":337,"tested":3921,"color":"rgb(31,119,180)"},{"description":"Left Blank","count":71,"tested":1134,"color":"rgb(44,160,44)"}],"gender":[{"description":"Female","count":220,"tested":3314,"color":"rgb(255,127,14)"},{"description":"Male","count":197,"tested":1822,"color":"rgb(31,119,180)"}]}
