{"age":[{"age_group":"<20","count":946,"tested":7783},{"age_group":"20-29   ","count":1757,"tested":28140},{"age_group":"30-39   ","count":1538,"tested":22821},{"age_group":"40-49   ","count":1205,"tested":13430},{"age_group":"50-59   ","count":1004,"tested":10435},{"age_group":"60-69   ","count":665,"tested":8139},{"age_group":"70-79   ","count":333,"tested":3746},{"age_group":"80+","count":165,"tested":2071}],"race":[{"description":"Other","count":297,"tested":4591,"color":"rgb(148,103,189)"},{"description":"Left Blank","count":1184,"tested":29066,"color":"rgb(44,160,44)"},{"description":"Hispanic","count":4267,"tested":28290,"color":"rgb(214,39,40)"},{"description":"Asian","count":194,"tested":3942,"color":"rgb(140,86,75)"},{"description":"White","count":858,"tested":17922,"color":"rgb(31,119,180)"},{"description":"Black","count":801,"tested":12547,"color":"rgb(255,127,14)"},{"description":"AI/AN**","count":8,"tested":173,"color":"rgb(31,119,180)"}],"gender":[{"description":"Unknown/Left Blank","count":80,"tested":3646,"color":"rgb(44,160,44)"},{"description":"Male","count":3942,"tested":46706,"color":"rgb(31,119,180)"},{"description":"Female","count":3591,"tested":46241,"color":"rgb(255,127,14)"}]}
