{"age":[{"age_group":"<20","count":140,"tested":2737},{"age_group":"20-29   ","count":70,"tested":1584},{"age_group":"30-39   ","count":27,"tested":1122},{"age_group":"40-49   ","count":66,"tested":1494},{"age_group":"50-59   ","count":75,"tested":1809},{"age_group":"60-69   ","count":31,"tested":1183},{"age_group":"70-79   ","count":16,"tested":614},{"age_group":"80+","count":7,"tested":280}],"race":[{"description":"Other","count":63,"tested":1174,"color":"rgb(148,103,189)"},{"description":"Left Blank","count":103,"tested":3932,"color":"rgb(44,160,44)"},{"description":"Asian","count":7,"tested":203,"color":"rgb(140,86,75)"},{"description":"White","count":240,"tested":5301,"color":"rgb(31,119,180)"},{"description":"Hispanic","count":16,"tested":166,"color":"rgb(214,39,40)"}],"gender":[{"description":"Female","count":193,"tested":5426,"color":"rgb(255,127,14)"},{"description":"Male","count":237,"tested":5352,"color":"rgb(31,119,180)"}]}
