{"age":[{"age_group":"<20","count":894,"tested":6136},{"age_group":"20-29   ","count":1286,"tested":10615},{"age_group":"30-39   ","count":1065,"tested":8358},{"age_group":"40-49   ","count":1092,"tested":7448},{"age_group":"50-59   ","count":930,"tested":7679},{"age_group":"60-69   ","count":493,"tested":4832},{"age_group":"70-79   ","count":198,"tested":2253},{"age_group":"80+","count":127,"tested":1746}],"race":[{"description":"Left Blank","count":1735,"tested":23991,"color":"rgb(44,160,44)"},{"description":"Hispanic","count":3021,"tested":10953,"color":"rgb(214,39,40)"},{"description":"Other","count":146,"tested":1483,"color":"rgb(148,103,189)"},{"description":"Asian","count":142,"tested":2345,"color":"rgb(140,86,75)"},{"description":"Black","count":210,"tested":2095,"color":"rgb(255,127,14)"},{"description":"NH/PI*","count":22,"tested":25,"color":"rgb(127,127,127)"},{"description":"White","count":804,"tested":8176,"color":"rgb(31,119,180)"}],"gender":[{"description":"Male","count":2850,"tested":19617,"color":"rgb(31,119,180)"},{"description":"Female","count":3180,"tested":28838,"color":"rgb(255,127,14)"},{"description":"Unknown/Left Blank","count":55,"tested":626,"color":"rgb(44,160,44)"}]}
