{"age":[{"age_group":"<20","count":9,"tested":96},{"age_group":"20-29   ","count":7,"tested":145},{"age_group":"30-39   ","count":8,"tested":132},{"age_group":"50-59   ","count":8,"tested":122},{"age_group":"60-69   ","count":9,"tested":95},{"age_group":"70-79   ","count":7,"tested":82}],"race":[{"description":"White","count":26,"tested":241,"color":"rgb(31,119,180)"},{"description":"Left Blank","count":25,"tested":526,"color":"rgb(44,160,44)"},{"description":"Hispanic","count":7,"tested":58,"color":"rgb(214,39,40)"}],"gender":[{"description":"Female","count":33,"tested":318,"color":"rgb(255,127,14)"},{"description":"Male","count":22,"tested":297,"color":"rgb(31,119,180)"}]}
