{"age":[{"age_group":"<20","count":244,"tested":4153},{"age_group":"20-29   ","count":641,"tested":19954},{"age_group":"30-39   ","count":763,"tested":16468},{"age_group":"40-49   ","count":547,"tested":10432},{"age_group":"50-59   ","count":441,"tested":9286},{"age_group":"60-69   ","count":333,"tested":6589},{"age_group":"70-79   ","count":138,"tested":2940},{"age_group":"80+","count":56,"tested":1262}],"race":[{"description":"Hispanic","count":468,"tested":4290,"color":"rgb(214,39,40)"},{"description":"White","count":401,"tested":11919,"color":"rgb(31,119,180)"},{"description":"Left Blank","count":717,"tested":33306,"color":"rgb(44,160,44)"},{"description":"Other","count":117,"tested":2810,"color":"rgb(148,103,189)"},{"description":"Asian","count":78,"tested":2880,"color":"rgb(140,86,75)"},{"description":"NH/PI*","count":7,"tested":63,"color":"rgb(127,127,127)"},{"description":"Black","count":1375,"tested":15761,"color":"rgb(255,127,14)"}],"gender":[{"description":"Unknown/Left Blank","count":64,"tested":2574,"color":"rgb(44,160,44)"},{"description":"Male","count":1597,"tested":41248,"color":"rgb(31,119,180)"},{"description":"Female","count":1503,"tested":27274,"color":"rgb(255,127,14)"}]}
