{"age":[{"age_group":"<20","count":175,"tested":1621},{"age_group":"20-29   ","count":135,"tested":1335},{"age_group":"30-39   ","count":130,"tested":1604},{"age_group":"40-49   ","count":140,"tested":1352},{"age_group":"50-59   ","count":140,"tested":1577},{"age_group":"60-69   ","count":91,"tested":972},{"age_group":"70-79   ","count":63,"tested":901},{"age_group":"80+","count":59,"tested":974}],"race":[{"description":"White","count":486,"tested":3685,"color":"rgb(31,119,180)"},{"description":"Left Blank","count":410,"tested":6330,"color":"rgb(44,160,44)"},{"description":"Hispanic","count":29,"tested":131,"color":"rgb(214,39,40)"}],"gender":[{"description":"Female","count":493,"tested":4967,"color":"rgb(255,127,14)"},{"description":"Male","count":413,"tested":3100,"color":"rgb(31,119,180)"},{"description":"Unknown/Left Blank","count":35,"tested":2277,"color":"rgb(44,160,44)"}]}
