{"age":[{"age_group":"<20","count":22,"tested":282},{"age_group":"20-29   ","count":47,"tested":427},{"age_group":"30-39   ","count":28,"tested":295},{"age_group":"40-49   ","count":30,"tested":298},{"age_group":"50-59   ","count":37,"tested":328},{"age_group":"60-69   ","count":16,"tested":244},{"age_group":"70-79   ","count":13,"tested":117},{"age_group":"80+","count":6,"tested":57}],"race":[{"description":"Left Blank","count":36,"tested":520,"color":"rgb(44,160,44)"},{"description":"White","count":139,"tested":1334,"color":"rgb(31,119,180)"},{"description":"Other","count":12,"tested":91,"color":"rgb(148,103,189)"},{"description":"Black","count":6,"tested":57,"color":"rgb(255,127,14)"}],"gender":[{"description":"Male","count":100,"tested":901,"color":"rgb(31,119,180)"},{"description":"Female","count":99,"tested":1086,"color":"rgb(255,127,14)"}]}
