{"age":[{"age_group":"<20","count":61,"tested":1400},{"age_group":"20-29   ","count":41,"tested":442},{"age_group":"30-39   ","count":39,"tested":369},{"age_group":"40-49   ","count":32,"tested":281},{"age_group":"50-59   ","count":36,"tested":260},{"age_group":"60-69   ","count":30,"tested":310},{"age_group":"70-79   ","count":13,"tested":151}],"race":[{"description":"Left Blank","count":65,"tested":1329,"color":"rgb(44,160,44)"},{"description":"Hispanic","count":97,"tested":477,"color":"rgb(214,39,40)"},{"description":"Other","count":8,"tested":72,"color":"rgb(148,103,189)"},{"description":"White","count":83,"tested":1324,"color":"rgb(31,119,180)"}],"gender":[{"description":"Male","count":136,"tested":1704,"color":"rgb(31,119,180)"},{"description":"Female","count":104,"tested":1485,"color":"rgb(255,127,14)"}]}
