{"age":[{"age_group":"<20","count":475,"tested":4074},{"age_group":"20-29   ","count":680,"tested":7131},{"age_group":"30-39   ","count":721,"tested":7140},{"age_group":"40-49   ","count":714,"tested":7884},{"age_group":"50-59   ","count":721,"tested":9633},{"age_group":"60-69   ","count":553,"tested":7999},{"age_group":"70-79   ","count":351,"tested":4201},{"age_group":"80+","count":247,"tested":2422}],"race":[{"description":"Hispanic","count":174,"tested":664,"color":"rgb(214,39,40)"},{"description":"White","count":135,"tested":571,"color":"rgb(31,119,180)"},{"description":"Asian","count":70,"tested":59,"color":"rgb(140,86,75)"},{"description":"Black","count":2585,"tested":26902,"color":"rgb(255,127,14)"},{"description":"Other","count":171,"tested":806,"color":"rgb(148,103,189)"},{"description":"Left Blank","count":1195,"tested":21410,"color":"rgb(44,160,44)"},{"description":"AI/AN**","count":70,"tested":29,"color":"rgb(31,119,180)"}],"gender":[{"description":"Female","count":2305,"tested":28586,"color":"rgb(255,127,14)"},{"description":"Unknown/Left Blank","count":114,"tested":1329,"color":"rgb(44,160,44)"},{"description":"Male","count":1729,"tested":20586,"color":"rgb(31,119,180)"}]}
