{"age":[{"age_group":"<20","count":431,"tested":1961},{"age_group":"20-29   ","count":507,"tested":4281},{"age_group":"30-39   ","count":481,"tested":5018},{"age_group":"40-49   ","count":492,"tested":4897},{"age_group":"50-59   ","count":493,"tested":4056},{"age_group":"60-69   ","count":404,"tested":3176},{"age_group":"70-79   ","count":297,"tested":1349},{"age_group":"80+","count":293,"tested":2065}],"race":[{"description":"Hispanic","count":245,"tested":294,"color":"rgb(214,39,40)"},{"description":"Left Blank","count":705,"tested":18077,"color":"rgb(44,160,44)"},{"description":"White","count":1264,"tested":9356,"color":"rgb(31,119,180)"},{"description":"Other","count":264,"tested":336,"color":"rgb(148,103,189)"},{"description":"Black","count":278,"tested":790,"color":"rgb(255,127,14)"},{"description":"Asian","count":220,"tested":83,"color":"rgb(140,86,75)"}],"gender":[{"description":"Male","count":1041,"tested":8582,"color":"rgb(31,119,180)"},{"description":"Unknown/Left Blank","count":305,"tested":11954,"color":"rgb(44,160,44)"},{"description":"Female","count":997,"tested":8403,"color":"rgb(255,127,14)"}]}
