{"age":[{"age_group":"<20","count":34,"tested":325},{"age_group":"20-29   ","count":48,"tested":460},{"age_group":"30-39   ","count":41,"tested":439},{"age_group":"40-49   ","count":37,"tested":333},{"age_group":"50-59   ","count":51,"tested":692},{"age_group":"60-69   ","count":40,"tested":466},{"age_group":"70-79   ","count":29,"tested":397},{"age_group":"80+","count":58,"tested":1167}],"race":[{"description":"Hispanic","count":19,"tested":18,"color":"rgb(214,39,40)"},{"description":"White","count":195,"tested":1665,"color":"rgb(31,119,180)"},{"description":"Left Blank","count":48,"tested":2482,"color":"rgb(44,160,44)"},{"description":"Other","count":23,"tested":97,"color":"rgb(148,103,189)"}],"gender":[{"description":"Male","count":107,"tested":1169,"color":"rgb(31,119,180)"},{"description":"Female","count":152,"tested":3039,"color":"rgb(255,127,14)"}]}
