{"age":[{"age_group":"<20","count":48,"tested":744},{"age_group":"20-29   ","count":328,"tested":6547},{"age_group":"30-39   ","count":216,"tested":4116},{"age_group":"40-49   ","count":80,"tested":1358},{"age_group":"50-59   ","count":77,"tested":1454},{"age_group":"60-69   ","count":60,"tested":1166},{"age_group":"70-79   ","count":49,"tested":737},{"age_group":"80+","count":36,"tested":412}],"race":[{"description":"White","count":314,"tested":4718,"color":"rgb(31,119,180)"},{"description":"Black","count":80,"tested":1183,"color":"rgb(255,127,14)"},{"description":"Asian","count":69,"tested":1467,"color":"rgb(140,86,75)"},{"description":"Other","count":56,"tested":846,"color":"rgb(148,103,189)"},{"description":"Left Blank","count":276,"tested":7831,"color":"rgb(44,160,44)"},{"description":"Hispanic","count":65,"tested":434,"color":"rgb(214,39,40)"}],"gender":[{"description":"Male","count":426,"tested":7813,"color":"rgb(31,119,180)"},{"description":"Female","count":369,"tested":8342,"color":"rgb(255,127,14)"}]}
