{"age":[{"age_group":"<20","count":21,"tested":99},{"age_group":"20-29   ","count":16,"tested":109},{"age_group":"30-39   ","count":17,"tested":113},{"age_group":"40-49   ","count":11,"tested":79},{"age_group":"50-59   ","count":19,"tested":100},{"age_group":"60-69   ","count":15,"tested":97}],"race":[{"description":"White","count":75,"tested":297,"color":"rgb(31,119,180)"},{"description":"Left Blank","count":9,"tested":354,"color":"rgb(44,160,44)"},{"description":"Hispanic","count":15,"tested":20,"color":"rgb(214,39,40)"}],"gender":[{"description":"Male","count":43,"tested":308,"color":"rgb(31,119,180)"},{"description":"Female","count":57,"tested":375,"color":"rgb(255,127,14)"}]}
