{"age":[{"age_group":"<20","count":1936,"tested":9061},{"age_group":"20-29   ","count":2416,"tested":14348},{"age_group":"30-39   ","count":2131,"tested":11640},{"age_group":"40-49   ","count":2153,"tested":10849},{"age_group":"50-59   ","count":1781,"tested":9193},{"age_group":"60-69   ","count":1092,"tested":6644},{"age_group":"70-79   ","count":557,"tested":2966},{"age_group":"80+","count":349,"tested":1331},{"age_group":"Unknown","count":197,"tested":44}],"race":[{"description":"White","count":1372,"tested":8620,"color":"rgb(31,119,180)"},{"description":"Other","count":1017,"tested":5704,"color":"rgb(148,103,189)"},{"description":"Left Blank","count":3145,"tested":25941,"color":"rgb(44,160,44)"},{"description":"Black","count":342,"tested":1388,"color":"rgb(255,127,14)"},{"description":"Asian","count":206,"tested":194,"color":"rgb(140,86,75)"},{"description":"Hispanic","count":5962,"tested":24170,"color":"rgb(214,39,40)"},{"description":"AI/AN**","count":194,"tested":46,"color":"rgb(31,119,180)"}],"gender":[{"description":"Female","count":5741,"tested":34819,"color":"rgb(255,127,14)"},{"description":"Unknown/Left Blank","count":293,"tested":812,"color":"rgb(44,160,44)"},{"description":"Male","count":5468,"tested":30445,"color":"rgb(31,119,180)"}]}
