{"age":[{"age_group":"<20","count":46,"tested":165},{"age_group":"20-29   ","count":49,"tested":167},{"age_group":"30-39   ","count":47,"tested":178},{"age_group":"40-49   ","count":43,"tested":173},{"age_group":"50-59   ","count":44,"tested":202},{"age_group":"60-69   ","count":42,"tested":259},{"age_group":"70-79   ","count":33,"tested":116}],"race":[{"description":"White","count":117,"tested":1062,"color":"rgb(31,119,180)"},{"description":"Left Blank","count":50,"tested":198,"color":"rgb(44,160,44)"},{"description":"Other","count":33,"tested":37,"color":"rgb(148,103,189)"}],"gender":[{"description":"Female","count":97,"tested":843,"color":"rgb(255,127,14)"},{"description":"Male","count":78,"tested":471,"color":"rgb(31,119,180)"}]}
