{"age":[{"age_group":"<20","count":163,"tested":880},{"age_group":"20-29   ","count":273,"tested":1695},{"age_group":"30-39   ","count":249,"tested":1582},{"age_group":"40-49   ","count":190,"tested":1271},{"age_group":"50-59   ","count":240,"tested":1514},{"age_group":"60-69   ","count":175,"tested":1431},{"age_group":"70-79   ","count":98,"tested":941},{"age_group":"80+","count":90,"tested":1139}],"race":[{"description":"Other","count":67,"tested":304,"color":"rgb(148,103,189)"},{"description":"White","count":528,"tested":2998,"color":"rgb(31,119,180)"},{"description":"Asian","count":74,"tested":205,"color":"rgb(140,86,75)"},{"description":"Black","count":46,"tested":132,"color":"rgb(255,127,14)"},{"description":"Left Blank","count":341,"tested":5725,"color":"rgb(44,160,44)"},{"description":"Hispanic","count":367,"tested":1085,"color":"rgb(214,39,40)"}],"gender":[{"description":"Female","count":668,"tested":5742,"color":"rgb(255,127,14)"},{"description":"Male","count":647,"tested":4587,"color":"rgb(31,119,180)"}]}
