{"age":[{"age_group":"<20","count":257,"tested":1419},{"age_group":"20-29   ","count":340,"tested":2417},{"age_group":"30-39   ","count":314,"tested":2369},{"age_group":"40-49   ","count":329,"tested":2431},{"age_group":"50-59   ","count":370,"tested":2604},{"age_group":"60-69   ","count":259,"tested":2136},{"age_group":"70-79   ","count":148,"tested":1164},{"age_group":"80+","count":75,"tested":576}],"race":[{"description":"Black","count":769,"tested":6358,"color":"rgb(255,127,14)"},{"description":"Hispanic","count":362,"tested":1401,"color":"rgb(214,39,40)"},{"description":"White","count":179,"tested":904,"color":"rgb(31,119,180)"},{"description":"Asian","count":37,"tested":52,"color":"rgb(140,86,75)"},{"description":"Other","count":92,"tested":506,"color":"rgb(148,103,189)"},{"description":"Left Blank","count":588,"tested":5886,"color":"rgb(44,160,44)"}],"gender":[{"description":"Unknown/Left Blank","count":40,"tested":268,"color":"rgb(44,160,44)"},{"description":"Male","count":883,"tested":6019,"color":"rgb(31,119,180)"},{"description":"Female","count":1020,"tested":8832,"color":"rgb(255,127,14)"}]}
