{"age":[{"age_group":"<20","count":274,"tested":3295},{"age_group":"20-29   ","count":1013,"tested":17886},{"age_group":"30-39   ","count":755,"tested":14773},{"age_group":"40-49   ","count":404,"tested":6568},{"age_group":"50-59   ","count":362,"tested":5476},{"age_group":"60-69   ","count":303,"tested":4550},{"age_group":"70-79   ","count":188,"tested":2526},{"age_group":"80+","count":181,"tested":1763}],"race":[{"description":"White","count":1145,"tested":17408,"color":"rgb(31,119,180)"},{"description":"Asian","count":189,"tested":1396,"color":"rgb(140,86,75)"},{"description":"Black","count":259,"tested":1770,"color":"rgb(255,127,14)"},{"description":"Other","count":217,"tested":1993,"color":"rgb(148,103,189)"},{"description":"Left Blank","count":1081,"tested":32153,"color":"rgb(44,160,44)"},{"description":"Hispanic","count":389,"tested":2063,"color":"rgb(214,39,40)"}],"gender":[{"description":"Female","count":1334,"tested":29666,"color":"rgb(255,127,14)"},{"description":"Male","count":1518,"tested":26212,"color":"rgb(31,119,180)"},{"description":"Unknown/Left Blank","count":138,"tested":976,"color":"rgb(44,160,44)"}]}
