{"age":[{"age_group":"<20","count":506,"tested":3137},{"age_group":"20-29   ","count":511,"tested":3478},{"age_group":"30-39   ","count":535,"tested":3462},{"age_group":"40-49   ","count":538,"tested":3441},{"age_group":"50-59   ","count":375,"tested":2596},{"age_group":"60-69   ","count":255,"tested":1571},{"age_group":"70-79   ","count":192,"tested":819},{"age_group":"80+","count":132,"tested":438}],"race":[{"description":"Hispanic","count":905,"tested":3851,"color":"rgb(214,39,40)"},{"description":"Asian","count":147,"tested":290,"color":"rgb(140,86,75)"},{"description":"White","count":676,"tested":6065,"color":"rgb(31,119,180)"},{"description":"Black","count":241,"tested":1117,"color":"rgb(255,127,14)"},{"description":"Other","count":166,"tested":703,"color":"rgb(148,103,189)"},{"description":"Left Blank","count":675,"tested":6897,"color":"rgb(44,160,44)"}],"gender":[{"description":"Male","count":1111,"tested":8007,"color":"rgb(31,119,180)"},{"description":"Female","count":1240,"tested":10806,"color":"rgb(255,127,14)"}]}
