{"age":[{"age_group":"<20","count":61,"tested":359},{"age_group":"20-29   ","count":71,"tested":409},{"age_group":"30-39   ","count":62,"tested":471},{"age_group":"40-49   ","count":55,"tested":347},{"age_group":"50-59   ","count":73,"tested":504},{"age_group":"60-69   ","count":71,"tested":414},{"age_group":"70-79   ","count":40,"tested":253}],"race":[{"description":"Hispanic","count":52,"tested":107,"color":"rgb(214,39,40)"},{"description":"White","count":147,"tested":1863,"color":"rgb(31,119,180)"},{"description":"Left Blank","count":103,"tested":1187,"color":"rgb(44,160,44)"}],"gender":[{"description":"Female","count":143,"tested":1845,"color":"rgb(255,127,14)"},{"description":"Male","count":132,"tested":1361,"color":"rgb(31,119,180)"}]}
