{"age":[{"age_group":"<20","count":100,"tested":997},{"age_group":"20-29   ","count":92,"tested":1118},{"age_group":"30-39   ","count":91,"tested":908},{"age_group":"40-49   ","count":99,"tested":1238},{"age_group":"50-59   ","count":109,"tested":1601},{"age_group":"60-69   ","count":72,"tested":1231},{"age_group":"70-79   ","count":31,"tested":741},{"age_group":"80+","count":40,"tested":707}],"race":[{"description":"Other","count":17,"tested":181,"color":"rgb(148,103,189)"},{"description":"Hispanic","count":17,"tested":111,"color":"rgb(214,39,40)"},{"description":"Left Blank","count":253,"tested":4221,"color":"rgb(44,160,44)"},{"description":"White","count":93,"tested":1407,"color":"rgb(31,119,180)"},{"description":"Black","count":234,"tested":2549,"color":"rgb(255,127,14)"}],"gender":[{"description":"Male","count":292,"tested":3594,"color":"rgb(31,119,180)"},{"description":"Female","count":304,"tested":4883,"color":"rgb(255,127,14)"}]}
