{"age":[{"age_group":"<20","count":353,"tested":5122},{"age_group":"20-29   ","count":1835,"tested":30834},{"age_group":"30-39   ","count":964,"tested":19986},{"age_group":"40-49   ","count":455,"tested":6970},{"age_group":"50-59   ","count":415,"tested":4968},{"age_group":"60-69   ","count":297,"tested":3290},{"age_group":"70-79   ","count":251,"tested":2816},{"age_group":"80+","count":268,"tested":2697}],"race":[{"description":"Hispanic","count":390,"tested":1652,"color":"rgb(214,39,40)"},{"description":"Asian","count":243,"tested":1642,"color":"rgb(140,86,75)"},{"description":"White","count":1846,"tested":25409,"color":"rgb(31,119,180)"},{"description":"Left Blank","count":1493,"tested":43906,"color":"rgb(44,160,44)"},{"description":"AI/AN**","count":167,"tested":51,"color":"rgb(31,119,180)"},{"description":"Other","count":294,"tested":2807,"color":"rgb(148,103,189)"},{"description":"Black","count":243,"tested":1201,"color":"rgb(255,127,14)"}],"gender":[{"description":"Unknown/Left Blank","count":256,"tested":1106,"color":"rgb(44,160,44)"},{"description":"Male","count":1953,"tested":34270,"color":"rgb(31,119,180)"},{"description":"Female","count":1834,"tested":41316,"color":"rgb(255,127,14)"}]}
