{"age":[{"age_group":"<20","count":749,"tested":3617},{"age_group":"20-29   ","count":872,"tested":4866},{"age_group":"30-39   ","count":783,"tested":4226},{"age_group":"40-49   ","count":783,"tested":4007},{"age_group":"50-59   ","count":807,"tested":5064},{"age_group":"60-69   ","count":664,"tested":3812},{"age_group":"70-79   ","count":502,"tested":2006},{"age_group":"80+","count":519,"tested":2259}],"race":[{"description":"Hispanic","count":772,"tested":1675,"color":"rgb(214,39,40)"},{"description":"White","count":1722,"tested":13854,"color":"rgb(31,119,180)"},{"description":"Left Blank","count":1173,"tested":13148,"color":"rgb(44,160,44)"},{"description":"Asian","count":419,"tested":343,"color":"rgb(140,86,75)"},{"description":"Black","count":409,"tested":272,"color":"rgb(255,127,14)"},{"description":"Other","count":436,"tested":505,"color":"rgb(148,103,189)"}],"gender":[{"description":"Female","count":1800,"tested":16904,"color":"rgb(255,127,14)"},{"description":"Male","count":1635,"tested":12624,"color":"rgb(31,119,180)"},{"description":"Unknown/Left Blank","count":384,"tested":331,"color":"rgb(44,160,44)"}]}
