{"age":[{"age_group":"<20","count":109,"tested":684},{"age_group":"20-29   ","count":155,"tested":1244},{"age_group":"30-39   ","count":131,"tested":977},{"age_group":"40-49   ","count":120,"tested":857},{"age_group":"50-59   ","count":124,"tested":929},{"age_group":"60-69   ","count":107,"tested":782},{"age_group":"70-79   ","count":67,"tested":431},{"age_group":"80+","count":38,"tested":183}],"race":[{"description":"Other","count":50,"tested":227,"color":"rgb(148,103,189)"},{"description":"Left Blank","count":270,"tested":2382,"color":"rgb(44,160,44)"},{"description":"White","count":217,"tested":1876,"color":"rgb(31,119,180)"},{"description":"Black","count":131,"tested":1148,"color":"rgb(255,127,14)"},{"description":"Hispanic","count":104,"tested":415,"color":"rgb(214,39,40)"}],"gender":[{"description":"Male","count":313,"tested":2486,"color":"rgb(31,119,180)"},{"description":"Female","count":378,"tested":3548,"color":"rgb(255,127,14)"}]}
