{"age":[{"age_group":"<20","count":423,"tested":3401},{"age_group":"20-29   ","count":572,"tested":5438},{"age_group":"30-39   ","count":450,"tested":4209},{"age_group":"40-49   ","count":438,"tested":3999},{"age_group":"50-59   ","count":512,"tested":5266},{"age_group":"60-69   ","count":365,"tested":4202},{"age_group":"70-79   ","count":218,"tested":1920},{"age_group":"80+","count":223,"tested":1593}],"race":[{"description":"Other","count":299,"tested":1373,"color":"rgb(148,103,189)"},{"description":"Left Blank","count":620,"tested":9959,"color":"rgb(44,160,44)"},{"description":"White","count":930,"tested":11813,"color":"rgb(31,119,180)"},{"description":"Hispanic","count":618,"tested":3163,"color":"rgb(214,39,40)"},{"description":"Asian","count":213,"tested":1595,"color":"rgb(140,86,75)"},{"description":"Black","count":275,"tested":1905,"color":"rgb(255,127,14)"},{"description":"NH/PI*","count":128,"tested":194,"color":"rgb(127,127,127)"}],"gender":[{"description":"Male","count":1190,"tested":12738,"color":"rgb(31,119,180)"},{"description":"Unknown/Left Blank","count":123,"tested":369,"color":"rgb(44,160,44)"},{"description":"Female","count":1318,"tested":16925,"color":"rgb(255,127,14)"}]}
