{"age":[{"age_group":"<20","count":880,"tested":5833},{"age_group":"20-29   ","count":1602,"tested":21099},{"age_group":"30-39   ","count":1365,"tested":17138},{"age_group":"40-49   ","count":1125,"tested":10095},{"age_group":"50-59   ","count":961,"tested":7651},{"age_group":"60-69   ","count":658,"tested":5936},{"age_group":"70-79   ","count":369,"tested":2781},{"age_group":"80+","count":225,"tested":1584}],"race":[{"description":"Left Blank","count":1166,"tested":22012,"color":"rgb(44,160,44)"},{"description":"Other","count":322,"tested":3315,"color":"rgb(148,103,189)"},{"description":"Hispanic","count":3775,"tested":22281,"color":"rgb(214,39,40)"},{"description":"White","count":781,"tested":13099,"color":"rgb(31,119,180)"},{"description":"Asian","count":218,"tested":2742,"color":"rgb(140,86,75)"},{"description":"Black","count":754,"tested":8527,"color":"rgb(255,127,14)"},{"description":"AI/AN**","count":87,"tested":109,"color":"rgb(31,119,180)"}],"gender":[{"description":"Unknown/Left Blank","count":145,"tested":2463,"color":"rgb(44,160,44)"},{"description":"Male","count":3480,"tested":34694,"color":"rgb(31,119,180)"},{"description":"Female","count":3165,"tested":34979,"color":"rgb(255,127,14)"}]}
