{"age":[{"age_group":"<20","count":457,"tested":2588},{"age_group":"20-29   ","count":468,"tested":3378},{"age_group":"30-39   ","count":422,"tested":2988},{"age_group":"40-49   ","count":515,"tested":3608},{"age_group":"50-59   ","count":482,"tested":3454},{"age_group":"60-69   ","count":308,"tested":2684},{"age_group":"70-79   ","count":276,"tested":2856},{"age_group":"80+","count":250,"tested":2713}],"race":[{"description":"Left Blank","count":827,"tested":10693,"color":"rgb(44,160,44)"},{"description":"Hispanic","count":422,"tested":1588,"color":"rgb(214,39,40)"},{"description":"Other","count":232,"tested":793,"color":"rgb(148,103,189)"},{"description":"White","count":920,"tested":9396,"color":"rgb(31,119,180)"},{"description":"Asian","count":205,"tested":609,"color":"rgb(140,86,75)"},{"description":"Black","count":256,"tested":1145,"color":"rgb(255,127,14)"}],"gender":[{"description":"Unknown/Left Blank","count":167,"tested":252,"color":"rgb(44,160,44)"},{"description":"Female","count":1162,"tested":14456,"color":"rgb(255,127,14)"},{"description":"Male","count":1064,"tested":9565,"color":"rgb(31,119,180)"}]}
