{"age":[{"age_group":"<20","count":304,"tested":3127},{"age_group":"20-29   ","count":375,"tested":3709},{"age_group":"30-39   ","count":341,"tested":3674},{"age_group":"40-49   ","count":323,"tested":3143},{"age_group":"50-59   ","count":340,"tested":4042},{"age_group":"60-69   ","count":280,"tested":3343},{"age_group":"70-79   ","count":170,"tested":2370},{"age_group":"80+","count":203,"tested":4563}],"race":[{"description":"Hispanic","count":288,"tested":1383,"color":"rgb(214,39,40)"},{"description":"Left Blank","count":502,"tested":11925,"color":"rgb(44,160,44)"},{"description":"Other","count":140,"tested":638,"color":"rgb(148,103,189)"},{"description":"White","count":1003,"tested":12369,"color":"rgb(31,119,180)"},{"description":"Asian","count":156,"tested":1241,"color":"rgb(140,86,75)"},{"description":"Black","count":108,"tested":399,"color":"rgb(255,127,14)"}],"gender":[{"description":"Unknown/Left Blank","count":77,"tested":1476,"color":"rgb(44,160,44)"},{"description":"Male","count":896,"tested":11175,"color":"rgb(31,119,180)"},{"description":"Female","count":1018,"tested":15328,"color":"rgb(255,127,14)"}]}
