{"age":[{"age_group":"<20","count":472,"tested":3169},{"age_group":"20-29   ","count":595,"tested":4935},{"age_group":"30-39   ","count":644,"tested":5404},{"age_group":"40-49   ","count":520,"tested":4438},{"age_group":"50-59   ","count":511,"tested":4529},{"age_group":"60-69   ","count":397,"tested":3980},{"age_group":"70-79   ","count":236,"tested":2201},{"age_group":"80+","count":179,"tested":1657}],"race":[{"description":"Black","count":220,"tested":1450,"color":"rgb(255,127,14)"},{"description":"NH/PI*","count":63,"tested":97,"color":"rgb(127,127,127)"},{"description":"Asian","count":589,"tested":2802,"color":"rgb(140,86,75)"},{"description":"Other","count":381,"tested":2057,"color":"rgb(148,103,189)"},{"description":"AI/AN**","count":68,"tested":54,"color":"rgb(31,119,180)"},{"description":"Left Blank","count":907,"tested":15775,"color":"rgb(44,160,44)"},{"description":"White","count":678,"tested":5425,"color":"rgb(31,119,180)"},{"description":"Hispanic","count":648,"tested":2662,"color":"rgb(214,39,40)"}],"gender":[{"description":"Male","count":1554,"tested":13097,"color":"rgb(31,119,180)"},{"description":"Female","count":1620,"tested":16478,"color":"rgb(255,127,14)"},{"description":"Unknown/Left Blank","count":95,"tested":747,"color":"rgb(44,160,44)"}]}
