{"age":[{"age_group":"<20","count":442,"tested":4109},{"age_group":"20-29   ","count":461,"tested":4952},{"age_group":"30-39   ","count":354,"tested":5281},{"age_group":"40-49   ","count":428,"tested":4900},{"age_group":"50-59   ","count":453,"tested":5805},{"age_group":"60-69   ","count":387,"tested":4903},{"age_group":"70-79   ","count":234,"tested":2992},{"age_group":"80+","count":298,"tested":3872}],"race":[{"description":"Left Blank","count":905,"tested":20301,"color":"rgb(44,160,44)"},{"description":"Other","count":200,"tested":1123,"color":"rgb(148,103,189)"},{"description":"Black","count":103,"tested":162,"color":"rgb(255,127,14)"},{"description":"Asian","count":151,"tested":678,"color":"rgb(140,86,75)"},{"description":"White","count":1316,"tested":13561,"color":"rgb(31,119,180)"},{"description":"Hispanic","count":196,"tested":957,"color":"rgb(214,39,40)"},{"description":"NH/PI*","count":95,"tested":37,"color":"rgb(127,127,127)"}],"gender":[{"description":"Male","count":1175,"tested":15094,"color":"rgb(31,119,180)"},{"description":"Unknown/Left Blank","count":108,"tested":436,"color":"rgb(44,160,44)"},{"description":"Female","count":1329,"tested":21301,"color":"rgb(255,127,14)"}]}
