{"age":[{"age_group":"<20","count":145,"tested":2610},{"age_group":"20-29   ","count":122,"tested":2099},{"age_group":"30-39   ","count":140,"tested":2615},{"age_group":"40-49   ","count":138,"tested":2929},{"age_group":"50-59   ","count":139,"tested":2446},{"age_group":"60-69   ","count":95,"tested":1494},{"age_group":"70-79   ","count":60,"tested":837},{"age_group":"80+","count":32,"tested":264}],"race":[{"description":"Black","count":170,"tested":1688,"color":"rgb(255,127,14)"},{"description":"Hispanic","count":89,"tested":692,"color":"rgb(214,39,40)"},{"description":"White","count":321,"tested":6736,"color":"rgb(31,119,180)"},{"description":"Asian","count":37,"tested":357,"color":"rgb(140,86,75)"},{"description":"Other","count":53,"tested":749,"color":"rgb(148,103,189)"},{"description":"Left Blank","count":152,"tested":5049,"color":"rgb(44,160,44)"}],"gender":[{"description":"Male","count":360,"tested":6678,"color":"rgb(31,119,180)"},{"description":"Unknown/Left Blank","count":33,"tested":289,"color":"rgb(44,160,44)"},{"description":"Female","count":363,"tested":8330,"color":"rgb(255,127,14)"}]}
