{"age":[{"age_group":"<20","count":262,"tested":1641},{"age_group":"20-29   ","count":338,"tested":3139},{"age_group":"30-39   ","count":341,"tested":3883},{"age_group":"40-49   ","count":337,"tested":3409},{"age_group":"50-59   ","count":329,"tested":4015},{"age_group":"60-69   ","count":283,"tested":4233},{"age_group":"70-79   ","count":189,"tested":3209},{"age_group":"80+","count":168,"tested":3903}],"race":[{"description":"White","count":566,"tested":5374,"color":"rgb(31,119,180)"},{"description":"Left Blank","count":537,"tested":16823,"color":"rgb(44,160,44)"},{"description":"Other","count":317,"tested":1592,"color":"rgb(148,103,189)"},{"description":"Asian","count":327,"tested":2453,"color":"rgb(140,86,75)"},{"description":"Black","count":111,"tested":256,"color":"rgb(255,127,14)"},{"description":"Hispanic","count":209,"tested":798,"color":"rgb(214,39,40)"},{"description":"NH/PI*","count":86,"tested":94,"color":"rgb(127,127,127)"},{"description":"AI/AN**","count":94,"tested":62,"color":"rgb(31,119,180)"}],"gender":[{"description":"Male","count":849,"tested":11096,"color":"rgb(31,119,180)"},{"description":"Female","count":916,"tested":15991,"color":"rgb(255,127,14)"}]}
