{"age":[{"age_group":"<20","count":197,"tested":1373},{"age_group":"20-29   ","count":233,"tested":2238},{"age_group":"30-39   ","count":210,"tested":1831},{"age_group":"40-49   ","count":256,"tested":1576},{"age_group":"50-59   ","count":185,"tested":1696},{"age_group":"60-69   ","count":156,"tested":1681},{"age_group":"70-79   ","count":89,"tested":1174},{"age_group":"80+","count":89,"tested":3218}],"race":[{"description":"Other","count":109,"tested":437,"color":"rgb(148,103,189)"},{"description":"White","count":363,"tested":4094,"color":"rgb(31,119,180)"},{"description":"Asian","count":76,"tested":447,"color":"rgb(140,86,75)"},{"description":"Hispanic","count":440,"tested":1707,"color":"rgb(214,39,40)"},{"description":"Left Blank","count":291,"tested":8002,"color":"rgb(44,160,44)"},{"description":"Black","count":54,"tested":97,"color":"rgb(255,127,14)"}],"gender":[{"description":"Male","count":592,"tested":5431,"color":"rgb(31,119,180)"},{"description":"Unknown/Left Blank","count":51,"tested":547,"color":"rgb(44,160,44)"},{"description":"Female","count":572,"tested":8820,"color":"rgb(255,127,14)"}]}
