{"age":[{"age_group":"<20","count":242,"tested":1071},{"age_group":"20-29   ","count":306,"tested":2110},{"age_group":"30-39   ","count":297,"tested":1872},{"age_group":"40-49   ","count":261,"tested":1566},{"age_group":"50-59   ","count":335,"tested":2007},{"age_group":"60-69   ","count":246,"tested":1847},{"age_group":"70-79   ","count":204,"tested":1183},{"age_group":"80+","count":151,"tested":573}],"race":[{"description":"Hispanic","count":169,"tested":437,"color":"rgb(214,39,40)"},{"description":"Asian","count":101,"tested":137,"color":"rgb(140,86,75)"},{"description":"Black","count":123,"tested":320,"color":"rgb(255,127,14)"},{"description":"White","count":571,"tested":3355,"color":"rgb(31,119,180)"},{"description":"Left Blank","count":741,"tested":7526,"color":"rgb(44,160,44)"},{"description":"Other","count":167,"tested":452,"color":"rgb(148,103,189)"}],"gender":[{"description":"Unknown/Left Blank","count":102,"tested":137,"color":"rgb(44,160,44)"},{"description":"Male","count":726,"tested":4808,"color":"rgb(31,119,180)"},{"description":"Female","count":799,"tested":7293,"color":"rgb(255,127,14)"}]}
