{"lastUpdatedDate":{"year":2021,"month":5,"day":30},"county_demographics":[{"County":"Tazewell","confirmed_cases":17141,"total_tested":244229,"demographics":{"age":[{"race":[],"age_group":"<20","count":3156,"tested":40370,"deaths":0},{"race":[],"age_group":"20-29   ","count":2503,"tested":36931,"deaths":0},{"race":[],"age_group":"30-39   ","count":2526,"tested":35453,"deaths":0},{"race":[],"age_group":"40-49   ","count":2544,"tested":34059,"deaths":0},{"race":[],"age_group":"50-59   ","count":2455,"tested":32881,"deaths":0},{"race":[],"age_group":"60-69   ","count":1902,"tested":26081,"deaths":0},{"race":[],"age_group":"70-79   ","count":1138,"tested":17101,"deaths":0},{"race":[],"age_group":"80+","count":917,"tested":21328,"deaths":0},{"race":[],"age_group":"Unknown","count":0,"tested":25,"deaths":0}],"race":[{"description":"AI/AN**","count":23,"tested":133,"deaths":0,"color":"rgb(31,119,180)"},{"description":"Asian","count":116,"tested":700,"deaths":0,"color":"rgb(140,86,75)"},{"description":"Black","count":242,"tested":2476,"deaths":0,"color":"rgb(255,127,14)"},{"description":"Hispanic","count":291,"tested":1472,"deaths":0,"color":"rgb(214,39,40)"},{"description":"Left Blank","count":2318,"tested":114351,"deaths":0,"color":"rgb(44,160,44)"},{"description":"NH/PI*","count":0,"tested":73,"deaths":0,"color":"rgb(127,127,127)"},{"description":"Other","count":311,"tested":6729,"deaths":0,"color":"rgb(148,103,189)"},{"description":"White","count":13830,"tested":118295,"deaths":0,"color":"rgb(31,119,180)"}],"gender":[{"description":"Female","count":9101,"tested":144587,"deaths":0,"color":"rgb(255,127,14)"},{"description":"Male","count":7852,"tested":92604,"deaths":0,"color":"rgb(31,119,180)"},{"description":"Unknown/Left Blank","count":188,"tested":7038,"deaths":0,"color":"rgb(44,160,44)"}]}}]}
