{"lastUpdatedDate":{"year":2021,"month":5,"day":30},"county_demographics":[{"County":"Edgar","confirmed_cases":1747,"total_tested":16484,"demographics":{"age":[{"race":[],"age_group":"<20","count":284,"tested":1908,"deaths":0},{"race":[],"age_group":"20-29   ","count":218,"tested":2397,"deaths":0},{"race":[],"age_group":"30-39   ","count":225,"tested":2006,"deaths":0},{"race":[],"age_group":"40-49   ","count":251,"tested":2323,"deaths":0},{"race":[],"age_group":"50-59   ","count":231,"tested":2143,"deaths":0},{"race":[],"age_group":"60-69   ","count":228,"tested":2099,"deaths":0},{"race":[],"age_group":"70-79   ","count":162,"tested":1496,"deaths":0},{"race":[],"age_group":"80+","count":147,"tested":2061,"deaths":0},{"race":[],"age_group":"Unknown","count":0,"tested":51,"deaths":0}],"race":[{"description":"AI/AN**","count":0,"tested":0,"deaths":0,"color":"rgb(31,119,180)"},{"description":"Asian","count":0,"tested":9,"deaths":0,"color":"rgb(140,86,75)"},{"description":"Black","count":0,"tested":92,"deaths":0,"color":"rgb(255,127,14)"},{"description":"Hispanic","count":0,"tested":51,"deaths":0,"color":"rgb(214,39,40)"},{"description":"Left Blank","count":156,"tested":7439,"deaths":0,"color":"rgb(44,160,44)"},{"description":"NH/PI*","count":0,"tested":0,"deaths":0,"color":"rgb(127,127,127)"},{"description":"Other","count":0,"tested":116,"deaths":0,"color":"rgb(148,103,189)"},{"description":"White","count":1577,"tested":8769,"deaths":0,"color":"rgb(31,119,180)"}],"gender":[{"description":"Female","count":534,"tested":10260,"deaths":0,"color":"rgb(255,127,14)"},{"description":"Male","count":408,"tested":5023,"deaths":0,"color":"rgb(31,119,180)"},{"description":"Unknown/Left Blank","count":805,"tested":1201,"deaths":0,"color":"rgb(44,160,44)"}]}}]}
