{"lastUpdatedDate":{"year":2021,"month":5,"day":30},"county_demographics":[{"County":"Pulaski","confirmed_cases":695,"total_tested":6959,"demographics":{"age":[{"race":[],"age_group":"<20","count":87,"tested":624,"deaths":0},{"race":[],"age_group":"20-29   ","count":127,"tested":1169,"deaths":0},{"race":[],"age_group":"30-39   ","count":114,"tested":1408,"deaths":0},{"race":[],"age_group":"40-49   ","count":124,"tested":1386,"deaths":0},{"race":[],"age_group":"50-59   ","count":79,"tested":1264,"deaths":0},{"race":[],"age_group":"60-69   ","count":85,"tested":685,"deaths":0},{"race":[],"age_group":"70-79   ","count":39,"tested":287,"deaths":0},{"race":[],"age_group":"80+","count":19,"tested":136,"deaths":0}],"race":[{"description":"AI/AN**","count":0,"tested":6,"deaths":0,"color":"rgb(31,119,180)"},{"description":"Asian","count":0,"tested":9,"deaths":0,"color":"rgb(140,86,75)"},{"description":"Black","count":107,"tested":1383,"deaths":0,"color":"rgb(255,127,14)"},{"description":"Hispanic","count":102,"tested":740,"deaths":0,"color":"rgb(214,39,40)"},{"description":"Left Blank","count":156,"tested":2099,"deaths":0,"color":"rgb(44,160,44)"},{"description":"NH/PI*","count":0,"tested":0,"deaths":0,"color":"rgb(127,127,127)"},{"description":"Other","count":0,"tested":118,"deaths":0,"color":"rgb(148,103,189)"},{"description":"White","count":324,"tested":2602,"deaths":0,"color":"rgb(31,119,180)"}],"gender":[{"description":"Female","count":316,"tested":3370,"deaths":0,"color":"rgb(255,127,14)"},{"description":"Male","count":349,"tested":2991,"deaths":0,"color":"rgb(31,119,180)"},{"description":"Unknown/Left Blank","count":30,"tested":598,"deaths":0,"color":"rgb(44,160,44)"}]}}]}
