{"lastUpdatedDate":{"year":2021,"month":5,"day":30},"county_demographics":[{"County":"Champaign","confirmed_cases":20970,"total_tested":2466083,"demographics":{"age":[{"race":[],"age_group":"<20","count":5733,"tested":559659,"deaths":0},{"race":[],"age_group":"20-29   ","count":6171,"tested":1129490,"deaths":0},{"race":[],"age_group":"30-39   ","count":2617,"tested":243379,"deaths":0},{"race":[],"age_group":"40-49   ","count":2197,"tested":185645,"deaths":0},{"race":[],"age_group":"50-59   ","count":1817,"tested":175805,"deaths":0},{"race":[],"age_group":"60-69   ","count":1362,"tested":108396,"deaths":0},{"race":[],"age_group":"70-79   ","count":589,"tested":36827,"deaths":0},{"race":[],"age_group":"80+","count":482,"tested":26533,"deaths":0},{"race":[],"age_group":"Unknown","count":0,"tested":349,"deaths":0}],"race":[{"description":"AI/AN**","count":11,"tested":3304,"deaths":0,"color":"rgb(31,119,180)"},{"description":"Asian","count":1091,"tested":495692,"deaths":0,"color":"rgb(140,86,75)"},{"description":"Black","count":3537,"tested":187447,"deaths":0,"color":"rgb(255,127,14)"},{"description":"Hispanic","count":2389,"tested":204108,"deaths":0,"color":"rgb(214,39,40)"},{"description":"Left Blank","count":954,"tested":108508,"deaths":0,"color":"rgb(44,160,44)"},{"description":"NH/PI*","count":9,"tested":1598,"deaths":0,"color":"rgb(127,127,127)"},{"description":"Other","count":593,"tested":105157,"deaths":0,"color":"rgb(148,103,189)"},{"description":"White","count":12384,"tested":1360269,"deaths":0,"color":"rgb(31,119,180)"}],"gender":[{"description":"Female","count":10586,"tested":1195770,"deaths":0,"color":"rgb(255,127,14)"},{"description":"Male","count":10349,"tested":1264168,"deaths":0,"color":"rgb(31,119,180)"},{"description":"Unknown/Left Blank","count":35,"tested":6145,"deaths":0,"color":"rgb(44,160,44)"}]}}]}
