{"lastUpdatedDate":{"year":2021,"month":5,"day":30},"county_demographics":[{"County":"Logan","confirmed_cases":3947,"total_tested":97301,"demographics":{"age":[{"race":[],"age_group":"<20","count":517,"tested":8538,"deaths":0},{"race":[],"age_group":"20-29   ","count":624,"tested":16651,"deaths":0},{"race":[],"age_group":"30-39   ","count":756,"tested":20875,"deaths":0},{"race":[],"age_group":"40-49   ","count":604,"tested":15940,"deaths":0},{"race":[],"age_group":"50-59   ","count":548,"tested":13194,"deaths":0},{"race":[],"age_group":"60-69   ","count":423,"tested":8510,"deaths":0},{"race":[],"age_group":"70-79   ","count":253,"tested":4609,"deaths":0},{"race":[],"age_group":"80+","count":220,"tested":6256,"deaths":0},{"race":[],"age_group":"Unknown","count":0,"tested":2728,"deaths":0}],"race":[{"description":"AI/AN**","count":0,"tested":21,"deaths":0,"color":"rgb(31,119,180)"},{"description":"Asian","count":14,"tested":88,"deaths":0,"color":"rgb(140,86,75)"},{"description":"Black","count":368,"tested":1581,"deaths":0,"color":"rgb(255,127,14)"},{"description":"Hispanic","count":109,"tested":504,"deaths":0,"color":"rgb(214,39,40)"},{"description":"Left Blank","count":530,"tested":65779,"deaths":0,"color":"rgb(44,160,44)"},{"description":"NH/PI*","count":0,"tested":75,"deaths":0,"color":"rgb(127,127,127)"},{"description":"Other","count":26,"tested":704,"deaths":0,"color":"rgb(148,103,189)"},{"description":"White","count":2890,"tested":28549,"deaths":0,"color":"rgb(31,119,180)"}],"gender":[{"description":"Female","count":2091,"tested":53458,"deaths":0,"color":"rgb(255,127,14)"},{"description":"Male","count":1644,"tested":24301,"deaths":0,"color":"rgb(31,119,180)"},{"description":"Unknown/Left Blank","count":212,"tested":19542,"deaths":0,"color":"rgb(44,160,44)"}]}}]}
