{"age":[{"age_group":"<20","count":1200,"tested":10069},{"age_group":"20-29   ","count":1706,"tested":17885},{"age_group":"30-39   ","count":1604,"tested":19676},{"age_group":"40-49   ","count":1517,"tested":16321},{"age_group":"50-59   ","count":1203,"tested":14743},{"age_group":"60-69   ","count":811,"tested":11657},{"age_group":"70-79   ","count":339,"tested":5170},{"age_group":"80+","count":157,"tested":2568}],"race":[{"description":"AI/AN**","count":9,"tested":104,"color":"rgb(31,119,180)"},{"description":"White","count":1564,"tested":20308,"color":"rgb(31,119,180)"},{"description":"Left Blank","count":1528,"tested":39972,"color":"rgb(44,160,44)"},{"description":"Other","count":426,"tested":4923,"color":"rgb(148,103,189)"},{"description":"Black","count":138,"tested":1855,"color":"rgb(255,127,14)"},{"description":"Asian","count":208,"tested":2466,"color":"rgb(140,86,75)"},{"description":"Hispanic","count":4661,"tested":28379,"color":"rgb(214,39,40)"}],"gender":[{"description":"Unknown/Left Blank","count":101,"tested":2013,"color":"rgb(44,160,44)"},{"description":"Male","count":4166,"tested":44350,"color":"rgb(31,119,180)"},{"description":"Female","count":4270,"tested":51754,"color":"rgb(255,127,14)"}]}
