{"age":[{"age_group":"<20","count":901,"tested":6271},{"age_group":"20-29   ","count":1292,"tested":10795},{"age_group":"30-39   ","count":1084,"tested":8520},{"age_group":"40-49   ","count":1100,"tested":7594},{"age_group":"50-59   ","count":940,"tested":7852},{"age_group":"60-69   ","count":494,"tested":4932},{"age_group":"70-79   ","count":203,"tested":2312},{"age_group":"80+","count":128,"tested":1804}],"race":[{"description":"Left Blank","count":1744,"tested":24357,"color":"rgb(44,160,44)"},{"description":"Hispanic","count":3045,"tested":11210,"color":"rgb(214,39,40)"},{"description":"Other","count":147,"tested":1510,"color":"rgb(148,103,189)"},{"description":"Black","count":212,"tested":2149,"color":"rgb(255,127,14)"},{"description":"Asian","count":144,"tested":2414,"color":"rgb(140,86,75)"},{"description":"NH/PI*","count":22,"tested":27,"color":"rgb(127,127,127)"},{"description":"White","count":823,"tested":8412,"color":"rgb(31,119,180)"}],"gender":[{"description":"Male","count":2882,"tested":20030,"color":"rgb(31,119,180)"},{"description":"Female","count":3206,"tested":29427,"color":"rgb(255,127,14)"},{"description":"Unknown/Left Blank","count":54,"tested":637,"color":"rgb(44,160,44)"}]}
