{"age":[{"age_group":"<20","count":57,"tested":449},{"age_group":"20-29   ","count":68,"tested":985},{"age_group":"30-39   ","count":51,"tested":1494},{"age_group":"40-49   ","count":62,"tested":1581},{"age_group":"50-59   ","count":51,"tested":2257},{"age_group":"60-69   ","count":41,"tested":2257},{"age_group":"70-79   ","count":16,"tested":503},{"age_group":"80+","count":10,"tested":279}],"race":[{"description":"Other","count":6,"tested":71,"color":"rgb(148,103,189)"},{"description":"Black","count":217,"tested":6069,"color":"rgb(255,127,14)"},{"description":"White","count":8,"tested":794,"color":"rgb(31,119,180)"},{"description":"Hispanic","count":15,"tested":205,"color":"rgb(214,39,40)"},{"description":"Left Blank","count":110,"tested":2642,"color":"rgb(44,160,44)"}],"gender":[{"description":"Male","count":179,"tested":5419,"color":"rgb(31,119,180)"},{"description":"Female","count":175,"tested":4384,"color":"rgb(255,127,14)"}]}
