{"age":[{"age_group":"<20","count":838,"tested":5402},{"age_group":"20-29   ","count":901,"tested":8221},{"age_group":"30-39   ","count":837,"tested":7504},{"age_group":"40-49   ","count":894,"tested":7512},{"age_group":"50-59   ","count":740,"tested":7458},{"age_group":"60-69   ","count":438,"tested":5885},{"age_group":"70-79   ","count":201,"tested":2361},{"age_group":"80+","count":158,"tested":2004}],"race":[{"description":"Hispanic","count":2044,"tested":9995,"color":"rgb(214,39,40)"},{"description":"Asian","count":9,"tested":180,"color":"rgb(140,86,75)"},{"description":"Black","count":1015,"tested":11881,"color":"rgb(255,127,14)"},{"description":"White","count":295,"tested":3402,"color":"rgb(31,119,180)"},{"description":"Other","count":155,"tested":1479,"color":"rgb(148,103,189)"},{"description":"Left Blank","count":1480,"tested":19249,"color":"rgb(44,160,44)"},{"description":"AI/AN**","count":10,"tested":29,"color":"rgb(31,119,180)"}],"gender":[{"description":"Female","count":2611,"tested":26484,"color":"rgb(255,127,14)"},{"description":"Male","count":2333,"tested":18797,"color":"rgb(31,119,180)"},{"description":"Unknown/Left Blank","count":64,"tested":1081,"color":"rgb(44,160,44)"}]}
