{"age":[{"age_group":"<20","count":678,"tested":7940},{"age_group":"20-29   ","count":426,"tested":6672},{"age_group":"30-39   ","count":324,"tested":6662},{"age_group":"40-49   ","count":480,"tested":7424},{"age_group":"50-59   ","count":541,"tested":8587},{"age_group":"60-69   ","count":343,"tested":6210},{"age_group":"70-79   ","count":204,"tested":4700},{"age_group":"80+","count":250,"tested":8283}],"race":[{"description":"Black","count":27,"tested":387,"color":"rgb(255,127,14)"},{"description":"AI/AN**","count":7,"tested":60,"color":"rgb(31,119,180)"},{"description":"Other","count":144,"tested":1286,"color":"rgb(148,103,189)"},{"description":"Asian","count":133,"tested":2535,"color":"rgb(140,86,75)"},{"description":"Left Blank","count":826,"tested":27566,"color":"rgb(44,160,44)"},{"description":"White","count":1882,"tested":23036,"color":"rgb(31,119,180)"},{"description":"Hispanic","count":224,"tested":1567,"color":"rgb(214,39,40)"}],"gender":[{"description":"Male","count":1578,"tested":22236,"color":"rgb(31,119,180)"},{"description":"Unknown/Left Blank","count":39,"tested":981,"color":"rgb(44,160,44)"},{"description":"Female","count":1629,"tested":33274,"color":"rgb(255,127,14)"}]}
