{"age":[{"age_group":"<20","count":412,"tested":3276},{"age_group":"20-29   ","count":489,"tested":5372},{"age_group":"30-39   ","count":404,"tested":4649},{"age_group":"40-49   ","count":429,"tested":4510},{"age_group":"50-59   ","count":368,"tested":5047},{"age_group":"60-69   ","count":234,"tested":3817},{"age_group":"70-79   ","count":145,"tested":1951},{"age_group":"80+","count":84,"tested":898}],"race":[{"description":"Hispanic","count":525,"tested":2412,"color":"rgb(214,39,40)"},{"description":"AI/AN**","count":13,"tested":58,"color":"rgb(31,119,180)"},{"description":"Left Blank","count":941,"tested":10981,"color":"rgb(44,160,44)"},{"description":"Other","count":89,"tested":589,"color":"rgb(148,103,189)"},{"description":"Black","count":929,"tested":14136,"color":"rgb(255,127,14)"},{"description":"Asian","count":19,"tested":190,"color":"rgb(140,86,75)"},{"description":"White","count":49,"tested":1156,"color":"rgb(31,119,180)"}],"gender":[{"description":"Unknown/Left Blank","count":24,"tested":570,"color":"rgb(44,160,44)"},{"description":"Female","count":1340,"tested":16826,"color":"rgb(255,127,14)"},{"description":"Male","count":1201,"tested":12143,"color":"rgb(31,119,180)"}]}
