{"age":[{"age_group":"<20","count":465,"tested":5129},{"age_group":"20-29   ","count":496,"tested":8913},{"age_group":"30-39   ","count":457,"tested":8235},{"age_group":"40-49   ","count":432,"tested":8023},{"age_group":"50-59   ","count":355,"tested":7939},{"age_group":"60-69   ","count":213,"tested":6336},{"age_group":"70-79   ","count":163,"tested":5656},{"age_group":"80+","count":375,"tested":12734}],"race":[{"description":"Hispanic","count":361,"tested":2236,"color":"rgb(214,39,40)"},{"description":"Asian","count":169,"tested":3614,"color":"rgb(140,86,75)"},{"description":"White","count":1620,"tested":20652,"color":"rgb(31,119,180)"},{"description":"Left Blank","count":513,"tested":32756,"color":"rgb(44,160,44)"},{"description":"Other","count":90,"tested":1221,"color":"rgb(148,103,189)"},{"description":"Black","count":197,"tested":2411,"color":"rgb(255,127,14)"}],"gender":[{"description":"Male","count":1317,"tested":21715,"color":"rgb(31,119,180)"},{"description":"Unknown/Left Blank","count":16,"tested":993,"color":"rgb(44,160,44)"},{"description":"Female","count":1623,"tested":40267,"color":"rgb(255,127,14)"}]}
