{"age":[{"age_group":"<20","count":30,"tested":283},{"age_group":"20-29   ","count":26,"tested":227},{"age_group":"30-39   ","count":30,"tested":180},{"age_group":"40-49   ","count":17,"tested":205},{"age_group":"50-59   ","count":28,"tested":207},{"age_group":"60-69   ","count":20,"tested":201},{"age_group":"70-79   ","count":12,"tested":152}],"race":[{"description":"Left Blank","count":30,"tested":373,"color":"rgb(44,160,44)"},{"description":"White","count":125,"tested":1003,"color":"rgb(31,119,180)"}],"gender":[{"description":"Male","count":71,"tested":646,"color":"rgb(31,119,180)"},{"description":"Female","count":94,"tested":834,"color":"rgb(255,127,14)"}]}
