{"age":[{"age_group":"<20","count":78,"tested":1868},{"age_group":"20-29   ","count":754,"tested":16522},{"age_group":"30-39   ","count":523,"tested":12142},{"age_group":"40-49   ","count":191,"tested":4658},{"age_group":"50-59   ","count":209,"tested":4993},{"age_group":"60-69   ","count":173,"tested":4495},{"age_group":"70-79   ","count":118,"tested":3408},{"age_group":"80+","count":118,"tested":3090}],"race":[{"description":"NH/PI*","count":7,"tested":35,"color":"rgb(127,127,127)"},{"description":"Black","count":85,"tested":1697,"color":"rgb(255,127,14)"},{"description":"Asian","count":174,"tested":5141,"color":"rgb(140,86,75)"},{"description":"Other","count":202,"tested":2779,"color":"rgb(148,103,189)"},{"description":"White","count":1123,"tested":20889,"color":"rgb(31,119,180)"},{"description":"Left Blank","count":444,"tested":19221,"color":"rgb(44,160,44)"},{"description":"Hispanic","count":128,"tested":1317,"color":"rgb(214,39,40)"}],"gender":[{"description":"Female","count":1110,"tested":27560,"color":"rgb(255,127,14)"},{"description":"Male","count":1006,"tested":22857,"color":"rgb(31,119,180)"},{"description":"Unknown/Left Blank","count":48,"tested":762,"color":"rgb(44,160,44)"}]}
