{"age":[{"age_group":"<20","count":384,"tested":3203},{"age_group":"20-29   ","count":499,"tested":4367},{"age_group":"30-39   ","count":325,"tested":3461},{"age_group":"40-49   ","count":418,"tested":3870},{"age_group":"50-59   ","count":468,"tested":4285},{"age_group":"60-69   ","count":304,"tested":3021},{"age_group":"70-79   ","count":127,"tested":1432},{"age_group":"80+","count":48,"tested":621}],"race":[{"description":"Asian","count":52,"tested":765,"color":"rgb(140,86,75)"},{"description":"Left Blank","count":998,"tested":11134,"color":"rgb(44,160,44)"},{"description":"Other","count":106,"tested":943,"color":"rgb(148,103,189)"},{"description":"White","count":1192,"tested":9653,"color":"rgb(31,119,180)"},{"description":"Black","count":75,"tested":839,"color":"rgb(255,127,14)"},{"description":"Hispanic","count":147,"tested":878,"color":"rgb(214,39,40)"}],"gender":[{"description":"Unknown/Left Blank","count":17,"tested":392,"color":"rgb(44,160,44)"},{"description":"Male","count":1220,"tested":10617,"color":"rgb(31,119,180)"},{"description":"Female","count":1336,"tested":13253,"color":"rgb(255,127,14)"}]}
