{"age":[{"age_group":"<20","count":249,"tested":2744},{"age_group":"20-29   ","count":368,"tested":4594},{"age_group":"30-39   ","count":378,"tested":4884},{"age_group":"40-49   ","count":301,"tested":3851},{"age_group":"50-59   ","count":319,"tested":4782},{"age_group":"60-69   ","count":272,"tested":4266},{"age_group":"70-79   ","count":133,"tested":1951},{"age_group":"80+","count":88,"tested":1537}],"race":[{"description":"Other","count":26,"tested":409,"color":"rgb(148,103,189)"},{"description":"Left Blank","count":493,"tested":9696,"color":"rgb(44,160,44)"},{"description":"Black","count":1418,"tested":17146,"color":"rgb(255,127,14)"},{"description":"White","count":29,"tested":536,"color":"rgb(31,119,180)"},{"description":"Hispanic","count":134,"tested":726,"color":"rgb(214,39,40)"}],"gender":[{"description":"Male","count":919,"tested":12365,"color":"rgb(31,119,180)"},{"description":"Unknown/Left Blank","count":16,"tested":701,"color":"rgb(44,160,44)"},{"description":"Female","count":1173,"tested":15555,"color":"rgb(255,127,14)"}]}
