{"age":[{"age_group":"<20","count":18,"tested":106},{"age_group":"20-29   ","count":6,"tested":85},{"age_group":"30-39   ","count":12,"tested":56},{"age_group":"40-49   ","count":13,"tested":66},{"age_group":"50-59   ","count":8,"tested":91},{"age_group":"60-69   ","count":6,"tested":68},{"age_group":"70-79   ","count":6,"tested":77}],"race":[{"description":"Left Blank","count":6,"tested":147,"color":"rgb(44,160,44)"},{"description":"White","count":63,"tested":373,"color":"rgb(31,119,180)"}],"gender":[{"description":"Female","count":34,"tested":335,"color":"rgb(255,127,14)"},{"description":"Male","count":36,"tested":217,"color":"rgb(31,119,180)"}]}
