{"age":[{"age_group":"<20","count":408,"tested":4295},{"age_group":"20-29   ","count":490,"tested":6023},{"age_group":"30-39   ","count":535,"tested":5961},{"age_group":"40-49   ","count":441,"tested":5202},{"age_group":"50-59   ","count":407,"tested":5399},{"age_group":"60-69   ","count":286,"tested":4821},{"age_group":"70-79   ","count":101,"tested":2219},{"age_group":"80+","count":35,"tested":1589}],"race":[{"description":"Other","count":101,"tested":1233,"color":"rgb(148,103,189)"},{"description":"AI/AN**","count":10,"tested":36,"color":"rgb(31,119,180)"},{"description":"Black","count":220,"tested":2096,"color":"rgb(255,127,14)"},{"description":"Asian","count":194,"tested":1845,"color":"rgb(140,86,75)"},{"description":"White","count":1145,"tested":11013,"color":"rgb(31,119,180)"},{"description":"Left Blank","count":598,"tested":17346,"color":"rgb(44,160,44)"},{"description":"Hispanic","count":430,"tested":1915,"color":"rgb(214,39,40)"}],"gender":[{"description":"Female","count":1385,"tested":20517,"color":"rgb(255,127,14)"},{"description":"Male","count":1298,"tested":14555,"color":"rgb(31,119,180)"},{"description":"Unknown/Left Blank","count":20,"tested":450,"color":"rgb(44,160,44)"}]}
