{"age":[{"age_group":"<20","count":331,"tested":3140},{"age_group":"20-29   ","count":332,"tested":3674},{"age_group":"30-39   ","count":331,"tested":4056},{"age_group":"40-49   ","count":320,"tested":4050},{"age_group":"50-59   ","count":285,"tested":4488},{"age_group":"60-69   ","count":207,"tested":4420},{"age_group":"70-79   ","count":88,"tested":2468},{"age_group":"80+","count":76,"tested":2309}],"race":[{"description":"Asian","count":8,"tested":126,"color":"rgb(140,86,75)"},{"description":"Hispanic","count":216,"tested":1496,"color":"rgb(214,39,40)"},{"description":"Black","count":279,"tested":3124,"color":"rgb(255,127,14)"},{"description":"White","count":485,"tested":5471,"color":"rgb(31,119,180)"},{"description":"Left Blank","count":822,"tested":17032,"color":"rgb(44,160,44)"},{"description":"Other","count":156,"tested":1332,"color":"rgb(148,103,189)"}],"gender":[{"description":"Unknown/Left Blank","count":16,"tested":279,"color":"rgb(44,160,44)"},{"description":"Male","count":956,"tested":11323,"color":"rgb(31,119,180)"},{"description":"Female","count":998,"tested":17006,"color":"rgb(255,127,14)"}]}
