{"age":[{"age_group":"<20","count":423,"tested":3673},{"age_group":"20-29   ","count":621,"tested":5316},{"age_group":"30-39   ","count":428,"tested":4459},{"age_group":"40-49   ","count":483,"tested":4977},{"age_group":"50-59   ","count":478,"tested":5822},{"age_group":"60-69   ","count":292,"tested":4554},{"age_group":"70-79   ","count":157,"tested":3018},{"age_group":"80+","count":130,"tested":3253}],"race":[{"description":"Left Blank","count":867,"tested":18743,"color":"rgb(44,160,44)"},{"description":"White","count":594,"tested":6619,"color":"rgb(31,119,180)"},{"description":"Asian","count":45,"tested":505,"color":"rgb(140,86,75)"},{"description":"Other","count":122,"tested":1332,"color":"rgb(148,103,189)"},{"description":"Hispanic","count":1323,"tested":7127,"color":"rgb(214,39,40)"},{"description":"Black","count":55,"tested":723,"color":"rgb(255,127,14)"}],"gender":[{"description":"Female","count":1565,"tested":20998,"color":"rgb(255,127,14)"},{"description":"Male","count":1430,"tested":13882,"color":"rgb(31,119,180)"},{"description":"Unknown/Left Blank","count":17,"tested":211,"color":"rgb(44,160,44)"}]}
