{"age":[{"age_group":"<20","count":58,"tested":624},{"age_group":"20-29   ","count":59,"tested":477},{"age_group":"30-39   ","count":45,"tested":450},{"age_group":"40-49   ","count":65,"tested":452},{"age_group":"50-59   ","count":51,"tested":395},{"age_group":"60-69   ","count":28,"tested":210},{"age_group":"70-79   ","count":9,"tested":105},{"age_group":"80+","count":6,"tested":48}],"race":[{"description":"Hispanic","count":31,"tested":127,"color":"rgb(214,39,40)"},{"description":"White","count":152,"tested":1257,"color":"rgb(31,119,180)"},{"description":"Left Blank","count":132,"tested":1294,"color":"rgb(44,160,44)"},{"description":"Other","count":6,"tested":51,"color":"rgb(148,103,189)"}],"gender":[{"description":"Female","count":166,"tested":1569,"color":"rgb(255,127,14)"},{"description":"Male","count":156,"tested":1164,"color":"rgb(31,119,180)"}]}
