{"age":[{"age_group":"<20","count":466,"tested":6926},{"age_group":"20-29   ","count":225,"tested":4168},{"age_group":"30-39   ","count":152,"tested":2907},{"age_group":"40-49   ","count":192,"tested":3523},{"age_group":"50-59   ","count":245,"tested":4257},{"age_group":"60-69   ","count":128,"tested":2785},{"age_group":"70-79   ","count":63,"tested":1493},{"age_group":"80+","count":45,"tested":842}],"race":[{"description":"White","count":834,"tested":12837,"color":"rgb(31,119,180)"},{"description":"Hispanic","count":167,"tested":1091,"color":"rgb(214,39,40)"},{"description":"Asian","count":34,"tested":547,"color":"rgb(140,86,75)"},{"description":"Black","count":7,"tested":80,"color":"rgb(255,127,14)"},{"description":"Other","count":147,"tested":2143,"color":"rgb(148,103,189)"},{"description":"Left Blank","count":325,"tested":10153,"color":"rgb(44,160,44)"}],"gender":[{"description":"Unknown/Left Blank","count":8,"tested":160,"color":"rgb(44,160,44)"},{"description":"Male","count":804,"tested":12865,"color":"rgb(31,119,180)"},{"description":"Female","count":704,"tested":13879,"color":"rgb(255,127,14)"}]}
