{"age":[{"age_group":"<20","count":35,"tested":371},{"age_group":"20-29   ","count":40,"tested":290},{"age_group":"30-39   ","count":27,"tested":311},{"age_group":"40-49   ","count":43,"tested":451},{"age_group":"50-59   ","count":33,"tested":379},{"age_group":"60-69   ","count":24,"tested":338},{"age_group":"70-79   ","count":11,"tested":240}],"race":[{"description":"Other","count":7,"tested":50,"color":"rgb(148,103,189)"},{"description":"White","count":182,"tested":2006,"color":"rgb(31,119,180)"},{"description":"Left Blank","count":21,"tested":417,"color":"rgb(44,160,44)"}],"gender":[{"description":"Female","count":106,"tested":1520,"color":"rgb(255,127,14)"},{"description":"Male","count":108,"tested":977,"color":"rgb(31,119,180)"}]}
