{"age":[{"age_group":"<20","count":12,"tested":287},{"age_group":"20-29   ","count":32,"tested":652},{"age_group":"30-39   ","count":18,"tested":373},{"age_group":"40-49   ","count":14,"tested":341},{"age_group":"50-59   ","count":12,"tested":340},{"age_group":"60-69   ","count":10,"tested":292},{"age_group":"70-79   ","count":6,"tested":203}],"race":[{"description":"Hispanic","count":15,"tested":195,"color":"rgb(214,39,40)"},{"description":"Left Blank","count":23,"tested":988,"color":"rgb(44,160,44)"},{"description":"Other","count":7,"tested":159,"color":"rgb(148,103,189)"},{"description":"Black","count":13,"tested":257,"color":"rgb(255,127,14)"},{"description":"White","count":38,"tested":804,"color":"rgb(31,119,180)"},{"description":"Asian","count":7,"tested":187,"color":"rgb(140,86,75)"}],"gender":[{"description":"Female","count":49,"tested":1284,"color":"rgb(255,127,14)"},{"description":"Male","count":54,"tested":1265,"color":"rgb(31,119,180)"}]}
