{"age":[{"age_group":"<20","count":183,"tested":1868},{"age_group":"20-29   ","count":236,"tested":2777},{"age_group":"30-39   ","count":268,"tested":3190},{"age_group":"40-49   ","count":248,"tested":2893},{"age_group":"50-59   ","count":217,"tested":3197},{"age_group":"60-69   ","count":151,"tested":2399},{"age_group":"70-79   ","count":77,"tested":2007},{"age_group":"80+","count":91,"tested":7662}],"race":[{"description":"White","count":456,"tested":4896,"color":"rgb(31,119,180)"},{"description":"Left Blank","count":523,"tested":17491,"color":"rgb(44,160,44)"},{"description":"Other","count":52,"tested":429,"color":"rgb(148,103,189)"},{"description":"Black","count":44,"tested":513,"color":"rgb(255,127,14)"},{"description":"Asian","count":171,"tested":1764,"color":"rgb(140,86,75)"},{"description":"Hispanic","count":219,"tested":995,"color":"rgb(214,39,40)"}],"gender":[{"description":"Female","count":788,"tested":16191,"color":"rgb(255,127,14)"},{"description":"Unknown/Left Blank","count":8,"tested":533,"color":"rgb(44,160,44)"},{"description":"Male","count":675,"tested":9420,"color":"rgb(31,119,180)"}]}
