{"age":[{"age_group":"<20","count":710,"tested":5888},{"age_group":"20-29   ","count":939,"tested":9615},{"age_group":"30-39   ","count":856,"tested":9306},{"age_group":"40-49   ","count":869,"tested":9437},{"age_group":"50-59   ","count":791,"tested":9589},{"age_group":"60-69   ","count":572,"tested":8718},{"age_group":"70-79   ","count":295,"tested":4811},{"age_group":"80+","count":161,"tested":2756}],"race":[{"description":"NH/PI*","count":8,"tested":89,"color":"rgb(127,127,127)"},{"description":"Left Blank","count":806,"tested":22815,"color":"rgb(44,160,44)"},{"description":"Hispanic","count":2041,"tested":13389,"color":"rgb(214,39,40)"},{"description":"Asian","count":90,"tested":913,"color":"rgb(140,86,75)"},{"description":"Black","count":317,"tested":3478,"color":"rgb(255,127,14)"},{"description":"White","count":1701,"tested":16745,"color":"rgb(31,119,180)"},{"description":"Other","count":226,"tested":2671,"color":"rgb(148,103,189)"}],"gender":[{"description":"Female","count":2691,"tested":34073,"color":"rgb(255,127,14)"},{"description":"Male","count":2477,"tested":24992,"color":"rgb(31,119,180)"},{"description":"Unknown/Left Blank","count":25,"tested":1070,"color":"rgb(44,160,44)"}]}
