{"age":[{"age_group":"<20","count":412,"tested":4650},{"age_group":"20-29   ","count":469,"tested":6767},{"age_group":"30-39   ","count":484,"tested":6918},{"age_group":"40-49   ","count":503,"tested":6648},{"age_group":"50-59   ","count":515,"tested":6748},{"age_group":"60-69   ","count":342,"tested":5437},{"age_group":"70-79   ","count":187,"tested":3339},{"age_group":"80+","count":135,"tested":2753}],"race":[{"description":"Other","count":99,"tested":932,"color":"rgb(148,103,189)"},{"description":"Black","count":70,"tested":961,"color":"rgb(255,127,14)"},{"description":"White","count":1238,"tested":12196,"color":"rgb(31,119,180)"},{"description":"Asian","count":248,"tested":3287,"color":"rgb(140,86,75)"},{"description":"Left Blank","count":1085,"tested":23700,"color":"rgb(44,160,44)"},{"description":"Hispanic","count":296,"tested":2066,"color":"rgb(214,39,40)"},{"description":"AI/AN**","count":10,"tested":45,"color":"rgb(31,119,180)"}],"gender":[{"description":"Male","count":1433,"tested":16864,"color":"rgb(31,119,180)"},{"description":"Unknown/Left Blank","count":11,"tested":669,"color":"rgb(44,160,44)"},{"description":"Female","count":1604,"tested":25752,"color":"rgb(255,127,14)"}]}
