{"age":[{"age_group":"<20","count":2127,"tested":11667},{"age_group":"20-29   ","count":2564,"tested":18935},{"age_group":"30-39   ","count":2296,"tested":15634},{"age_group":"40-49   ","count":2283,"tested":14475},{"age_group":"50-59   ","count":1801,"tested":12835},{"age_group":"60-69   ","count":1072,"tested":9462},{"age_group":"70-79   ","count":429,"tested":4112},{"age_group":"80+","count":193,"tested":1848},{"age_group":"Unknown","count":12,"tested":49}],"race":[{"description":"AI/AN**","count":11,"tested":70,"color":"rgb(31,119,180)"},{"description":"White","count":1278,"tested":11109,"color":"rgb(31,119,180)"},{"description":"Left Blank","count":3122,"tested":36524,"color":"rgb(44,160,44)"},{"description":"Other","count":887,"tested":7521,"color":"rgb(148,103,189)"},{"description":"Black","count":206,"tested":2074,"color":"rgb(255,127,14)"},{"description":"Asian","count":29,"tested":305,"color":"rgb(140,86,75)"},{"description":"Hispanic","count":7238,"tested":31398,"color":"rgb(214,39,40)"}],"gender":[{"description":"Female","count":6478,"tested":46464,"color":"rgb(255,127,14)"},{"description":"Unknown/Left Blank","count":142,"tested":1084,"color":"rgb(44,160,44)"},{"description":"Male","count":6157,"tested":41469,"color":"rgb(31,119,180)"}]}
