{"age":[{"age_group":"<20","count":147,"tested":1564},{"age_group":"20-29   ","count":118,"tested":2035},{"age_group":"30-39   ","count":99,"tested":1438},{"age_group":"40-49   ","count":128,"tested":1903},{"age_group":"50-59   ","count":148,"tested":1983},{"age_group":"60-69   ","count":99,"tested":1725},{"age_group":"70-79   ","count":65,"tested":1402},{"age_group":"80+","count":133,"tested":2979}],"race":[{"description":"Hispanic","count":32,"tested":172,"color":"rgb(214,39,40)"},{"description":"White","count":607,"tested":6172,"color":"rgb(31,119,180)"},{"description":"Left Blank","count":256,"tested":8298,"color":"rgb(44,160,44)"},{"description":"Asian","count":16,"tested":155,"color":"rgb(140,86,75)"},{"description":"Other","count":21,"tested":150,"color":"rgb(148,103,189)"}],"gender":[{"description":"Female","count":498,"tested":9337,"color":"rgb(255,127,14)"},{"description":"Unknown/Left Blank","count":12,"tested":474,"color":"rgb(44,160,44)"},{"description":"Male","count":427,"tested":5218,"color":"rgb(31,119,180)"}]}
