{"lastUpdatedDate":{"year":2021,"month":3,"day":19},"county_demographics":[{"County":"Henderson","confirmed_cases":511,"total_tested":6552,"demographics":{"age":[{"race":[],"age_group":"<20","count":46,"tested":760,"deaths":0},{"race":[],"age_group":"20-29   ","count":58,"tested":691,"deaths":0},{"race":[],"age_group":"30-39   ","count":72,"tested":1013,"deaths":0},{"race":[],"age_group":"40-49   ","count":72,"tested":807,"deaths":0},{"race":[],"age_group":"50-59   ","count":90,"tested":943,"deaths":0},{"race":[],"age_group":"60-69   ","count":82,"tested":872,"deaths":0},{"race":[],"age_group":"70-79   ","count":35,"tested":727,"deaths":0},{"race":[],"age_group":"80+","count":44,"tested":738,"deaths":0},{"race":[],"age_group":"Unknown","count":0,"tested":0,"deaths":0}],"race":[{"description":"AI/AN**","count":0,"tested":0,"deaths":0,"color":"rgb(31,119,180)"},{"description":"Asian","count":0,"tested":0,"deaths":0,"color":"rgb(140,86,75)"},{"description":"Black","count":0,"tested":0,"deaths":0,"color":"rgb(255,127,14)"},{"description":"Hispanic","count":0,"tested":25,"deaths":0,"color":"rgb(214,39,40)"},{"description":"Left Blank","count":160,"tested":1938,"deaths":0,"color":"rgb(44,160,44)"},{"description":"Other","count":0,"tested":34,"deaths":0,"color":"rgb(148,103,189)"},{"description":"White","count":346,"tested":4549,"deaths":0,"color":"rgb(31,119,180)"}],"gender":[{"description":"Female","count":291,"tested":4527,"deaths":0,"color":"rgb(255,127,14)"},{"description":"Male","count":205,"tested":1821,"deaths":0,"color":"rgb(31,119,180)"},{"description":"Unknown/Left Blank","count":13,"tested":204,"deaths":0,"color":"rgb(44,160,44)"}]}}]}
