{"lastUpdatedDate":{"year":2021,"month":3,"day":19},"county_demographics":[{"County":"Jackson","confirmed_cases":4663,"total_tested":69422,"demographics":{"age":[{"race":[],"age_group":"<20","count":858,"tested":10489,"deaths":0},{"race":[],"age_group":"20-29   ","count":1282,"tested":17797,"deaths":0},{"race":[],"age_group":"30-39   ","count":646,"tested":10058,"deaths":0},{"race":[],"age_group":"40-49   ","count":499,"tested":8442,"deaths":0},{"race":[],"age_group":"50-59   ","count":504,"tested":7739,"deaths":0},{"race":[],"age_group":"60-69   ","count":433,"tested":6440,"deaths":0},{"race":[],"age_group":"70-79   ","count":256,"tested":4446,"deaths":0},{"race":[],"age_group":"80+","count":185,"tested":3948,"deaths":0},{"race":[],"age_group":"Unknown","count":0,"tested":63,"deaths":0}],"race":[{"description":"AI/AN**","count":0,"tested":28,"deaths":0,"color":"rgb(31,119,180)"},{"description":"Asian","count":56,"tested":573,"deaths":0,"color":"rgb(140,86,75)"},{"description":"Black","count":738,"tested":7933,"deaths":0,"color":"rgb(255,127,14)"},{"description":"Hispanic","count":317,"tested":1500,"deaths":0,"color":"rgb(214,39,40)"},{"description":"Left Blank","count":380,"tested":21399,"deaths":0,"color":"rgb(44,160,44)"},{"description":"NH/PI*","count":0,"tested":10,"deaths":0,"color":"rgb(127,127,127)"},{"description":"Other","count":67,"tested":1307,"deaths":0,"color":"rgb(148,103,189)"},{"description":"White","count":3096,"tested":36672,"deaths":0,"color":"rgb(31,119,180)"}],"gender":[{"description":"Female","count":2405,"tested":35125,"deaths":0,"color":"rgb(255,127,14)"},{"description":"Male","count":2252,"tested":26597,"deaths":0,"color":"rgb(31,119,180)"},{"description":"Unknown/Left Blank","count":6,"tested":7700,"deaths":0,"color":"rgb(44,160,44)"}]}}]}
