{"lastUpdatedDate":{"year":2021,"month":3,"day":19},"county_demographics":[{"County":"Franklin","confirmed_cases":4209,"total_tested":45411,"demographics":{"age":[{"race":[],"age_group":"<20","count":581,"tested":4983,"deaths":0},{"race":[],"age_group":"20-29   ","count":615,"tested":6370,"deaths":0},{"race":[],"age_group":"30-39   ","count":525,"tested":6199,"deaths":0},{"race":[],"age_group":"40-49   ","count":604,"tested":6238,"deaths":0},{"race":[],"age_group":"50-59   ","count":683,"tested":6971,"deaths":0},{"race":[],"age_group":"60-69   ","count":552,"tested":5559,"deaths":0},{"race":[],"age_group":"70-79   ","count":408,"tested":4421,"deaths":0},{"race":[],"age_group":"80+","count":240,"tested":4652,"deaths":0},{"race":[],"age_group":"Unknown","count":0,"tested":18,"deaths":0}],"race":[{"description":"AI/AN**","count":0,"tested":8,"deaths":0,"color":"rgb(31,119,180)"},{"description":"Asian","count":0,"tested":35,"deaths":0,"color":"rgb(140,86,75)"},{"description":"Black","count":15,"tested":180,"deaths":0,"color":"rgb(255,127,14)"},{"description":"Hispanic","count":32,"tested":284,"deaths":0,"color":"rgb(214,39,40)"},{"description":"Left Blank","count":1161,"tested":16499,"deaths":0,"color":"rgb(44,160,44)"},{"description":"Other","count":25,"tested":365,"deaths":0,"color":"rgb(148,103,189)"},{"description":"White","count":2968,"tested":28040,"deaths":0,"color":"rgb(31,119,180)"}],"gender":[{"description":"Female","count":2258,"tested":26185,"deaths":0,"color":"rgb(255,127,14)"},{"description":"Male","count":1832,"tested":15179,"deaths":0,"color":"rgb(31,119,180)"},{"description":"Unknown/Left Blank","count":118,"tested":4047,"deaths":0,"color":"rgb(44,160,44)"}]}}]}
