{"lastUpdatedDate":{"year":2021,"month":3,"day":19},"county_demographics":[{"County":"Cass","confirmed_cases":1902,"total_tested":18724,"demographics":{"age":[{"race":[],"age_group":"<20","count":351,"tested":3239,"deaths":0},{"race":[],"age_group":"20-29   ","count":319,"tested":2944,"deaths":0},{"race":[],"age_group":"30-39   ","count":304,"tested":2774,"deaths":0},{"race":[],"age_group":"40-49   ","count":268,"tested":2817,"deaths":0},{"race":[],"age_group":"50-59   ","count":253,"tested":2795,"deaths":0},{"race":[],"age_group":"60-69   ","count":196,"tested":1820,"deaths":0},{"race":[],"age_group":"70-79   ","count":113,"tested":1197,"deaths":0},{"race":[],"age_group":"80+","count":98,"tested":1135,"deaths":0},{"race":[],"age_group":"Unknown","count":0,"tested":0,"deaths":0}],"race":[{"description":"AI/AN**","count":0,"tested":14,"deaths":0,"color":"rgb(31,119,180)"},{"description":"Asian","count":11,"tested":59,"deaths":0,"color":"rgb(140,86,75)"},{"description":"Black","count":62,"tested":568,"deaths":0,"color":"rgb(255,127,14)"},{"description":"Hispanic","count":650,"tested":2648,"deaths":0,"color":"rgb(214,39,40)"},{"description":"Left Blank","count":102,"tested":5126,"deaths":0,"color":"rgb(44,160,44)"},{"description":"NH/PI*","count":0,"tested":6,"deaths":0,"color":"rgb(127,127,127)"},{"description":"Other","count":8,"tested":1174,"deaths":0,"color":"rgb(148,103,189)"},{"description":"White","count":1062,"tested":9129,"deaths":0,"color":"rgb(31,119,180)"}],"gender":[{"description":"Female","count":1018,"tested":10833,"deaths":0,"color":"rgb(255,127,14)"},{"description":"Male","count":847,"tested":6976,"deaths":0,"color":"rgb(31,119,180)"},{"description":"Unknown/Left Blank","count":37,"tested":915,"deaths":0,"color":"rgb(44,160,44)"}]}}]}
