{"lastUpdatedDate":{"year":2021,"month":3,"day":19},"county_demographics":[{"County":"Jersey","confirmed_cases":2523,"total_tested":28241,"demographics":{"age":[{"race":[],"age_group":"<20","count":378,"tested":3136,"deaths":0},{"race":[],"age_group":"20-29   ","count":327,"tested":4440,"deaths":0},{"race":[],"age_group":"30-39   ","count":316,"tested":3695,"deaths":0},{"race":[],"age_group":"40-49   ","count":323,"tested":4105,"deaths":0},{"race":[],"age_group":"50-59   ","count":375,"tested":4141,"deaths":0},{"race":[],"age_group":"60-69   ","count":343,"tested":3255,"deaths":0},{"race":[],"age_group":"70-79   ","count":227,"tested":2077,"deaths":0},{"race":[],"age_group":"80+","count":197,"tested":3380,"deaths":0},{"race":[],"age_group":"Unknown","count":37,"tested":12,"deaths":0}],"race":[{"description":"AI/AN**","count":0,"tested":9,"deaths":0,"color":"rgb(31,119,180)"},{"description":"Asian","count":0,"tested":15,"deaths":0,"color":"rgb(140,86,75)"},{"description":"Black","count":12,"tested":326,"deaths":0,"color":"rgb(255,127,14)"},{"description":"Hispanic","count":0,"tested":80,"deaths":0,"color":"rgb(214,39,40)"},{"description":"Left Blank","count":473,"tested":9213,"deaths":0,"color":"rgb(44,160,44)"},{"description":"NH/PI*","count":0,"tested":0,"deaths":0,"color":"rgb(127,127,127)"},{"description":"Other","count":29,"tested":370,"deaths":0,"color":"rgb(148,103,189)"},{"description":"White","count":1994,"tested":18226,"deaths":0,"color":"rgb(31,119,180)"}],"gender":[{"description":"Female","count":1402,"tested":18717,"deaths":0,"color":"rgb(255,127,14)"},{"description":"Male","count":1106,"tested":9385,"deaths":0,"color":"rgb(31,119,180)"},{"description":"Unknown/Left Blank","count":12,"tested":139,"deaths":0,"color":"rgb(44,160,44)"}]}}]}
