{"lastUpdatedDate":{"year":2021,"month":3,"day":19},"county_demographics":[{"County":"Perry","confirmed_cases":3095,"total_tested":41002,"demographics":{"age":[{"race":[],"age_group":"<20","count":309,"tested":2650,"deaths":0},{"race":[],"age_group":"20-29   ","count":607,"tested":9009,"deaths":0},{"race":[],"age_group":"30-39   ","count":595,"tested":7857,"deaths":0},{"race":[],"age_group":"40-49   ","count":458,"tested":6286,"deaths":0},{"race":[],"age_group":"50-59   ","count":420,"tested":5321,"deaths":0},{"race":[],"age_group":"60-69   ","count":317,"tested":3290,"deaths":0},{"race":[],"age_group":"70-79   ","count":195,"tested":2291,"deaths":0},{"race":[],"age_group":"80+","count":182,"tested":2623,"deaths":0},{"race":[],"age_group":"Unknown","count":7,"tested":1675,"deaths":0}],"race":[{"description":"AI/AN**","count":0,"tested":0,"deaths":0,"color":"rgb(31,119,180)"},{"description":"Asian","count":10,"tested":33,"deaths":0,"color":"rgb(140,86,75)"},{"description":"Black","count":143,"tested":456,"deaths":0,"color":"rgb(255,127,14)"},{"description":"Hispanic","count":42,"tested":129,"deaths":0,"color":"rgb(214,39,40)"},{"description":"Left Blank","count":1080,"tested":27605,"deaths":0,"color":"rgb(44,160,44)"},{"description":"NH/PI*","count":0,"tested":6,"deaths":0,"color":"rgb(127,127,127)"},{"description":"Other","count":17,"tested":183,"deaths":0,"color":"rgb(148,103,189)"},{"description":"White","count":1792,"tested":12588,"deaths":0,"color":"rgb(31,119,180)"}],"gender":[{"description":"Female","count":1211,"tested":14275,"deaths":0,"color":"rgb(255,127,14)"},{"description":"Male","count":1286,"tested":14176,"deaths":0,"color":"rgb(31,119,180)"},{"description":"Unknown/Left Blank","count":598,"tested":12551,"deaths":0,"color":"rgb(44,160,44)"}]}}]}
