{"lastUpdatedDate":{"year":2021,"month":3,"day":19},"county_demographics":[{"County":"Livingston","confirmed_cases":4338,"total_tested":87796,"demographics":{"age":[{"race":[],"age_group":"<20","count":581,"tested":7752,"deaths":0},{"race":[],"age_group":"20-29   ","count":660,"tested":12119,"deaths":0},{"race":[],"age_group":"30-39   ","count":722,"tested":14919,"deaths":0},{"race":[],"age_group":"40-49   ","count":641,"tested":12899,"deaths":0},{"race":[],"age_group":"50-59   ","count":646,"tested":13717,"deaths":0},{"race":[],"age_group":"60-69   ","count":504,"tested":9228,"deaths":0},{"race":[],"age_group":"70-79   ","count":283,"tested":4921,"deaths":0},{"race":[],"age_group":"80+","count":296,"tested":9206,"deaths":0},{"race":[],"age_group":"Unknown","count":0,"tested":3035,"deaths":0}],"race":[{"description":"AI/AN**","count":0,"tested":34,"deaths":0,"color":"rgb(31,119,180)"},{"description":"Asian","count":6,"tested":106,"deaths":0,"color":"rgb(140,86,75)"},{"description":"Black","count":100,"tested":1041,"deaths":0,"color":"rgb(255,127,14)"},{"description":"Hispanic","count":117,"tested":1019,"deaths":0,"color":"rgb(214,39,40)"},{"description":"Left Blank","count":1025,"tested":52451,"deaths":0,"color":"rgb(44,160,44)"},{"description":"NH/PI*","count":0,"tested":11,"deaths":0,"color":"rgb(127,127,127)"},{"description":"Other","count":104,"tested":1032,"deaths":0,"color":"rgb(148,103,189)"},{"description":"White","count":2981,"tested":32102,"deaths":0,"color":"rgb(31,119,180)"}],"gender":[{"description":"Female","count":2182,"tested":41158,"deaths":0,"color":"rgb(255,127,14)"},{"description":"Male","count":2078,"tested":28461,"deaths":0,"color":"rgb(31,119,180)"},{"description":"Unknown/Left Blank","count":78,"tested":18177,"deaths":0,"color":"rgb(44,160,44)"}]}}]}
