{"age":[{"age_group":"<20","count":112,"tested":1162},{"age_group":"20-29   ","count":99,"tested":1663},{"age_group":"30-39   ","count":89,"tested":1166},{"age_group":"40-49   ","count":116,"tested":1566},{"age_group":"50-59   ","count":137,"tested":1614},{"age_group":"60-69   ","count":94,"tested":1455},{"age_group":"70-79   ","count":61,"tested":1159},{"age_group":"80+","count":134,"tested":2611}],"race":[{"description":"Hispanic","count":29,"tested":135,"color":"rgb(214,39,40)"},{"description":"White","count":502,"tested":4721,"color":"rgb(31,119,180)"},{"description":"Left Blank","count":280,"tested":7270,"color":"rgb(44,160,44)"},{"description":"Asian","count":12,"tested":90,"color":"rgb(140,86,75)"},{"description":"Other","count":14,"tested":117,"color":"rgb(148,103,189)"}],"gender":[{"description":"Female","count":458,"tested":7722,"color":"rgb(255,127,14)"},{"description":"Unknown/Left Blank","count":9,"tested":402,"color":"rgb(44,160,44)"},{"description":"Male","count":375,"tested":4272,"color":"rgb(31,119,180)"}]}
