{"age":[{"age_group":"<20","count":175,"tested":1257},{"age_group":"20-29   ","count":162,"tested":1246},{"age_group":"30-39   ","count":196,"tested":1575},{"age_group":"40-49   ","count":181,"tested":1303},{"age_group":"50-59   ","count":134,"tested":1163},{"age_group":"60-69   ","count":80,"tested":803},{"age_group":"70-79   ","count":34,"tested":427},{"age_group":"80+","count":7,"tested":145}],"race":[{"description":"Left Blank","count":369,"tested":3556,"color":"rgb(44,160,44)"},{"description":"Other","count":27,"tested":185,"color":"rgb(148,103,189)"},{"description":"White","count":508,"tested":3782,"color":"rgb(31,119,180)"},{"description":"Black","count":7,"tested":118,"color":"rgb(255,127,14)"},{"description":"Hispanic","count":55,"tested":242,"color":"rgb(214,39,40)"}],"gender":[{"description":"Male","count":475,"tested":3546,"color":"rgb(31,119,180)"},{"description":"Female","count":488,"tested":4269,"color":"rgb(255,127,14)"}]}
