{"age":[{"age_group":"<20","count":146,"tested":1804},{"age_group":"20-29   ","count":120,"tested":1833},{"age_group":"30-39   ","count":84,"tested":1788},{"age_group":"40-49   ","count":135,"tested":2017},{"age_group":"50-59   ","count":113,"tested":2531},{"age_group":"60-69   ","count":81,"tested":2644},{"age_group":"70-79   ","count":61,"tested":2219},{"age_group":"80+","count":102,"tested":4305}],"race":[{"description":"Other","count":108,"tested":885,"color":"rgb(148,103,189)"},{"description":"Asian","count":73,"tested":1419,"color":"rgb(140,86,75)"},{"description":"Black","count":12,"tested":458,"color":"rgb(255,127,14)"},{"description":"Hispanic","count":55,"tested":712,"color":"rgb(214,39,40)"},{"description":"White","count":377,"tested":8510,"color":"rgb(31,119,180)"},{"description":"Left Blank","count":216,"tested":7086,"color":"rgb(44,160,44)"}],"gender":[{"description":"Female","count":430,"tested":9944,"color":"rgb(255,127,14)"},{"description":"Male","count":390,"tested":6882,"color":"rgb(31,119,180)"},{"description":"Unknown/Left Blank","count":22,"tested":2332,"color":"rgb(44,160,44)"}]}
