{"age":[{"age_group":"<20","count":32,"tested":368},{"age_group":"20-29   ","count":41,"tested":347},{"age_group":"30-39   ","count":34,"tested":281},{"age_group":"40-49   ","count":32,"tested":272},{"age_group":"50-59   ","count":33,"tested":365},{"age_group":"60-69   ","count":51,"tested":335},{"age_group":"70-79   ","count":31,"tested":263},{"age_group":"80+","count":14,"tested":138}],"race":[{"description":"Left Blank","count":56,"tested":734,"color":"rgb(44,160,44)"},{"description":"White","count":203,"tested":1554,"color":"rgb(31,119,180)"}],"gender":[{"description":"Male","count":123,"tested":901,"color":"rgb(31,119,180)"},{"description":"Female","count":145,"tested":1445,"color":"rgb(255,127,14)"}]}
