{"age":[{"age_group":"<20","count":482,"tested":4785},{"age_group":"20-29   ","count":701,"tested":8325},{"age_group":"30-39   ","count":729,"tested":8429},{"age_group":"40-49   ","count":725,"tested":9297},{"age_group":"50-59   ","count":727,"tested":11198},{"age_group":"60-69   ","count":564,"tested":9251},{"age_group":"70-79   ","count":324,"tested":4781},{"age_group":"80+","count":212,"tested":2741}],"race":[{"description":"Hispanic","count":126,"tested":754,"color":"rgb(214,39,40)"},{"description":"White","count":82,"tested":698,"color":"rgb(31,119,180)"},{"description":"Asian","count":8,"tested":64,"color":"rgb(140,86,75)"},{"description":"Black","count":2875,"tested":31029,"color":"rgb(255,127,14)"},{"description":"Other","count":118,"tested":924,"color":"rgb(148,103,189)"},{"description":"Left Blank","count":1249,"tested":25245,"color":"rgb(44,160,44)"},{"description":"AI/AN**","count":7,"tested":35,"color":"rgb(31,119,180)"}],"gender":[{"description":"Female","count":2537,"tested":33295,"color":"rgb(255,127,14)"},{"description":"Unknown/Left Blank","count":53,"tested":1518,"color":"rgb(44,160,44)"},{"description":"Male","count":1875,"tested":24011,"color":"rgb(31,119,180)"}]}
