{"age":[{"age_group":"<20","count":310,"tested":3320},{"age_group":"20-29   ","count":463,"tested":5513},{"age_group":"30-39   ","count":424,"tested":4833},{"age_group":"40-49   ","count":402,"tested":5268},{"age_group":"50-59   ","count":438,"tested":6043},{"age_group":"60-69   ","count":387,"tested":5505},{"age_group":"70-79   ","count":192,"tested":3428},{"age_group":"80+","count":164,"tested":3855}],"race":[{"description":"Asian","count":383,"tested":2916,"color":"rgb(140,86,75)"},{"description":"Left Blank","count":786,"tested":21464,"color":"rgb(44,160,44)"},{"description":"White","count":656,"tested":7644,"color":"rgb(31,119,180)"},{"description":"Other","count":541,"tested":2830,"color":"rgb(148,103,189)"},{"description":"Black","count":158,"tested":1561,"color":"rgb(255,127,14)"},{"description":"Hispanic","count":232,"tested":1206,"color":"rgb(214,39,40)"},{"description":"AI/AN**","count":19,"tested":70,"color":"rgb(31,119,180)"}],"gender":[{"description":"Male","count":1336,"tested":15738,"color":"rgb(31,119,180)"},{"description":"Unknown/Left Blank","count":23,"tested":789,"color":"rgb(44,160,44)"},{"description":"Female","count":1421,"tested":21247,"color":"rgb(255,127,14)"}]}
