{"age":[{"age_group":"<20","count":16,"tested":238},{"age_group":"20-29   ","count":9,"tested":119},{"age_group":"30-39   ","count":11,"tested":151},{"age_group":"40-49   ","count":9,"tested":307},{"age_group":"50-59   ","count":10,"tested":181},{"age_group":"60-69   ","count":16,"tested":221},{"age_group":"70-79   ","count":7,"tested":136},{"age_group":"80+","count":10,"tested":119}],"race":[{"description":"White","count":76,"tested":1221,"color":"rgb(31,119,180)"},{"description":"Left Blank","count":10,"tested":189,"color":"rgb(44,160,44)"}],"gender":[{"description":"Female","count":54,"tested":991,"color":"rgb(255,127,14)"},{"description":"Male","count":34,"tested":477,"color":"rgb(31,119,180)"}]}
