{"age":[{"age_group":"<20","count":349,"tested":5658},{"age_group":"20-29   ","count":334,"tested":7831},{"age_group":"30-39   ","count":268,"tested":7176},{"age_group":"40-49   ","count":337,"tested":10260},{"age_group":"50-59   ","count":373,"tested":11689},{"age_group":"60-69   ","count":327,"tested":9993},{"age_group":"70-79   ","count":246,"tested":6611},{"age_group":"80+","count":370,"tested":9887}],"race":[{"description":"Hispanic","count":98,"tested":1293,"color":"rgb(214,39,40)"},{"description":"Left Blank","count":832,"tested":42177,"color":"rgb(44,160,44)"},{"description":"Other","count":223,"tested":2491,"color":"rgb(148,103,189)"},{"description":"Asian","count":132,"tested":2760,"color":"rgb(140,86,75)"},{"description":"White","count":1276,"tested":18994,"color":"rgb(31,119,180)"},{"description":"Black","count":34,"tested":883,"color":"rgb(255,127,14)"}],"gender":[{"description":"Male","count":1218,"tested":25292,"color":"rgb(31,119,180)"},{"description":"Female","count":1368,"tested":41003,"color":"rgb(255,127,14)"},{"description":"Unknown/Left Blank","count":18,"tested":2834,"color":"rgb(44,160,44)"}]}
