{"age":[{"age_group":"<20","count":897,"tested":6724},{"age_group":"20-29   ","count":1665,"tested":23921},{"age_group":"30-39   ","count":1445,"tested":19407},{"age_group":"40-49   ","count":1161,"tested":11449},{"age_group":"50-59   ","count":961,"tested":8710},{"age_group":"60-69   ","count":624,"tested":6646},{"age_group":"70-79   ","count":322,"tested":3154},{"age_group":"80+","count":160,"tested":1774}],"race":[{"description":"Other","count":271,"tested":3804,"color":"rgb(148,103,189)"},{"description":"Left Blank","count":1156,"tested":24740,"color":"rgb(44,160,44)"},{"description":"Hispanic","count":4088,"tested":24956,"color":"rgb(214,39,40)"},{"description":"White","count":779,"tested":14943,"color":"rgb(31,119,180)"},{"description":"Asian","count":176,"tested":3148,"color":"rgb(140,86,75)"},{"description":"Black","count":753,"tested":10017,"color":"rgb(255,127,14)"},{"description":"AI/AN**","count":8,"tested":146,"color":"rgb(31,119,180)"}],"gender":[{"description":"Unknown/Left Blank","count":76,"tested":2825,"color":"rgb(44,160,44)"},{"description":"Male","count":3739,"tested":39483,"color":"rgb(31,119,180)"},{"description":"Female","count":3420,"tested":39499,"color":"rgb(255,127,14)"}]}
