{"age":[{"age_group":"30-39   ","count":6,"tested":394},{"age_group":"40-49   ","count":6,"tested":320},{"age_group":"50-59   ","count":15,"tested":399},{"age_group":"60-69   ","count":13,"tested":499},{"age_group":"70-79   ","count":12,"tested":633},{"age_group":"80+","count":8,"tested":130}],"race":[{"description":"Left Blank","count":16,"tested":208,"color":"rgb(44,160,44)"},{"description":"White","count":14,"tested":257,"color":"rgb(31,119,180)"},{"description":"Black","count":23,"tested":573,"color":"rgb(255,127,14)"}],"gender":[{"description":"Male","count":38,"tested":1922,"color":"rgb(31,119,180)"},{"description":"Female","count":27,"tested":698,"color":"rgb(255,127,14)"}]}
