{"age":[{"age_group":"<20","count":47,"tested":365},{"age_group":"20-29   ","count":41,"tested":371},{"age_group":"30-39   ","count":52,"tested":569},{"age_group":"40-49   ","count":51,"tested":455},{"age_group":"50-59   ","count":50,"tested":622},{"age_group":"60-69   ","count":45,"tested":598},{"age_group":"70-79   ","count":36,"tested":499},{"age_group":"80+","count":59,"tested":1056}],"race":[{"description":"Hispanic","count":11,"tested":53,"color":"rgb(214,39,40)"},{"description":"Left Blank","count":182,"tested":2593,"color":"rgb(44,160,44)"},{"description":"White","count":184,"tested":1821,"color":"rgb(31,119,180)"}],"gender":[{"description":"Female","count":225,"tested":3068,"color":"rgb(255,127,14)"},{"description":"Male","count":154,"tested":1427,"color":"rgb(31,119,180)"}]}
