{"age":[{"age_group":"<20","count":446,"tested":3214},{"age_group":"20-29   ","count":631,"tested":5681},{"age_group":"30-39   ","count":498,"tested":4771},{"age_group":"40-49   ","count":488,"tested":4624},{"age_group":"50-59   ","count":538,"tested":4816},{"age_group":"60-69   ","count":400,"tested":4714},{"age_group":"70-79   ","count":235,"tested":3407},{"age_group":"80+","count":155,"tested":3038}],"race":[{"description":"Black","count":90,"tested":1583,"color":"rgb(255,127,14)"},{"description":"Asian","count":61,"tested":724,"color":"rgb(140,86,75)"},{"description":"White","count":1425,"tested":12651,"color":"rgb(31,119,180)"},{"description":"Other","count":144,"tested":1071,"color":"rgb(148,103,189)"},{"description":"Left Blank","count":1506,"tested":17175,"color":"rgb(44,160,44)"},{"description":"Hispanic","count":161,"tested":985,"color":"rgb(214,39,40)"}],"gender":[{"description":"Male","count":1562,"tested":13352,"color":"rgb(31,119,180)"},{"description":"Female","count":1796,"tested":20336,"color":"rgb(255,127,14)"},{"description":"Unknown/Left Blank","count":35,"tested":590,"color":"rgb(44,160,44)"}]}
