{"age":[{"age_group":"<20","count":147,"tested":1751},{"age_group":"20-29   ","count":182,"tested":2306},{"age_group":"30-39   ","count":182,"tested":2291},{"age_group":"40-49   ","count":175,"tested":2261},{"age_group":"50-59   ","count":172,"tested":2206},{"age_group":"60-69   ","count":174,"tested":2545},{"age_group":"70-79   ","count":99,"tested":1358},{"age_group":"80+","count":88,"tested":1492}],"race":[{"description":"White","count":68,"tested":715,"color":"rgb(31,119,180)"},{"description":"Other","count":31,"tested":243,"color":"rgb(148,103,189)"},{"description":"Left Blank","count":437,"tested":7858,"color":"rgb(44,160,44)"},{"description":"Hispanic","count":41,"tested":254,"color":"rgb(214,39,40)"},{"description":"Black","count":641,"tested":7103,"color":"rgb(255,127,14)"}],"gender":[{"description":"Female","count":655,"tested":9410,"color":"rgb(255,127,14)"},{"description":"Male","count":537,"tested":5993,"color":"rgb(31,119,180)"},{"description":"Unknown/Left Blank","count":27,"tested":818,"color":"rgb(44,160,44)"}]}
