{"age":[{"age_group":"<20","count":40,"tested":462},{"age_group":"20-29   ","count":52,"tested":494},{"age_group":"30-39   ","count":48,"tested":538},{"age_group":"40-49   ","count":35,"tested":420},{"age_group":"50-59   ","count":68,"tested":637},{"age_group":"60-69   ","count":49,"tested":486},{"age_group":"70-79   ","count":8,"tested":273}],"race":[{"description":"Hispanic","count":24,"tested":121,"color":"rgb(214,39,40)"},{"description":"White","count":151,"tested":2181,"color":"rgb(31,119,180)"},{"description":"Left Blank","count":118,"tested":1397,"color":"rgb(44,160,44)"}],"gender":[{"description":"Male","count":137,"tested":1601,"color":"rgb(31,119,180)"},{"description":"Female","count":161,"tested":2160,"color":"rgb(255,127,14)"}]}
