{"age":[{"age_group":"<20","count":212,"tested":3829},{"age_group":"20-29   ","count":1074,"tested":20695},{"age_group":"30-39   ","count":749,"tested":17034},{"age_group":"40-49   ","count":357,"tested":7642},{"age_group":"50-59   ","count":304,"tested":6598},{"age_group":"60-69   ","count":228,"tested":5389},{"age_group":"70-79   ","count":104,"tested":2927},{"age_group":"80+","count":95,"tested":2051}],"race":[{"description":"White","count":1250,"tested":20744,"color":"rgb(31,119,180)"},{"description":"Asian","count":108,"tested":1675,"color":"rgb(140,86,75)"},{"description":"Black","count":186,"tested":2057,"color":"rgb(255,127,14)"},{"description":"Other","count":145,"tested":2482,"color":"rgb(148,103,189)"},{"description":"Left Blank","count":1096,"tested":36718,"color":"rgb(44,160,44)"},{"description":"Hispanic","count":333,"tested":2426,"color":"rgb(214,39,40)"}],"gender":[{"description":"Female","count":1389,"tested":34457,"color":"rgb(255,127,14)"},{"description":"Male","count":1602,"tested":30549,"color":"rgb(31,119,180)"},{"description":"Unknown/Left Blank","count":132,"tested":1177,"color":"rgb(44,160,44)"}]}
