{"age":[{"age_group":"<20","count":37,"tested":359},{"age_group":"20-29   ","count":43,"tested":307},{"age_group":"30-39   ","count":30,"tested":230},{"age_group":"40-49   ","count":39,"tested":322},{"age_group":"50-59   ","count":46,"tested":467},{"age_group":"60-69   ","count":45,"tested":419},{"age_group":"70-79   ","count":15,"tested":230},{"age_group":"80+","count":10,"tested":94}],"race":[{"description":"Hispanic","count":17,"tested":69,"color":"rgb(214,39,40)"},{"description":"White","count":182,"tested":1153,"color":"rgb(31,119,180)"},{"description":"Left Blank","count":53,"tested":1054,"color":"rgb(44,160,44)"},{"description":"Black","count":6,"tested":64,"color":"rgb(255,127,14)"}],"gender":[{"description":"Male","count":126,"tested":1135,"color":"rgb(31,119,180)"},{"description":"Female","count":138,"tested":1280,"color":"rgb(255,127,14)"}]}
