{"age":[{"age_group":"<20","count":422,"tested":3612},{"age_group":"20-29   ","count":538,"tested":4324},{"age_group":"30-39   ","count":556,"tested":4852},{"age_group":"40-49   ","count":538,"tested":4593},{"age_group":"50-59   ","count":488,"tested":4718},{"age_group":"60-69   ","count":287,"tested":3222},{"age_group":"70-79   ","count":135,"tested":1604},{"age_group":"80+","count":80,"tested":1935}],"race":[{"description":"Left Blank","count":1435,"tested":14834,"color":"rgb(44,160,44)"},{"description":"Other","count":179,"tested":1155,"color":"rgb(148,103,189)"},{"description":"Hispanic","count":109,"tested":867,"color":"rgb(214,39,40)"},{"description":"Asian","count":15,"tested":76,"color":"rgb(140,86,75)"},{"description":"White","count":1200,"tested":10830,"color":"rgb(31,119,180)"},{"description":"Black","count":104,"tested":1092,"color":"rgb(255,127,14)"}],"gender":[{"description":"Unknown/Left Blank","count":23,"tested":832,"color":"rgb(44,160,44)"},{"description":"Male","count":1544,"tested":13153,"color":"rgb(31,119,180)"},{"description":"Female","count":1477,"tested":14883,"color":"rgb(255,127,14)"}]}
