{"age":[{"age_group":"<20","count":424,"tested":2772},{"age_group":"20-29   ","count":640,"tested":5604},{"age_group":"30-39   ","count":552,"tested":4733},{"age_group":"40-49   ","count":460,"tested":4021},{"age_group":"50-59   ","count":517,"tested":4837},{"age_group":"60-69   ","count":390,"tested":4363},{"age_group":"70-79   ","count":207,"tested":2393},{"age_group":"80+","count":119,"tested":1590}],"race":[{"description":"Left Blank","count":1368,"tested":14463,"color":"rgb(44,160,44)"},{"description":"White","count":1457,"tested":11759,"color":"rgb(31,119,180)"},{"description":"Other","count":126,"tested":1040,"color":"rgb(148,103,189)"},{"description":"Black","count":120,"tested":1572,"color":"rgb(255,127,14)"},{"description":"Asian","count":66,"tested":534,"color":"rgb(140,86,75)"},{"description":"Hispanic","count":165,"tested":891,"color":"rgb(214,39,40)"}],"gender":[{"description":"Unknown/Left Blank","count":30,"tested":468,"color":"rgb(44,160,44)"},{"description":"Male","count":1551,"tested":12444,"color":"rgb(31,119,180)"},{"description":"Female","count":1728,"tested":17408,"color":"rgb(255,127,14)"}]}
