{"age":[{"age_group":"<20","count":248,"tested":2349},{"age_group":"20-29   ","count":316,"tested":3011},{"age_group":"30-39   ","count":260,"tested":2466},{"age_group":"40-49   ","count":236,"tested":2341},{"age_group":"50-59   ","count":336,"tested":3067},{"age_group":"60-69   ","count":208,"tested":2540},{"age_group":"70-79   ","count":58,"tested":1101},{"age_group":"80+","count":26,"tested":1115}],"race":[{"description":"Other","count":28,"tested":254,"color":"rgb(148,103,189)"},{"description":"Asian","count":21,"tested":198,"color":"rgb(140,86,75)"},{"description":"Left Blank","count":576,"tested":7638,"color":"rgb(44,160,44)"},{"description":"White","count":843,"tested":8962,"color":"rgb(31,119,180)"},{"description":"Hispanic","count":206,"tested":825,"color":"rgb(214,39,40)"}],"gender":[{"description":"Female","count":886,"tested":10207,"color":"rgb(255,127,14)"},{"description":"Male","count":791,"tested":7655,"color":"rgb(31,119,180)"}]}
