{"age":[{"age_group":"<20","count":613,"tested":4765},{"age_group":"20-29   ","count":723,"tested":10331},{"age_group":"30-39   ","count":750,"tested":11181},{"age_group":"40-49   ","count":658,"tested":10616},{"age_group":"50-59   ","count":619,"tested":11213},{"age_group":"60-69   ","count":479,"tested":9343},{"age_group":"70-79   ","count":259,"tested":4634},{"age_group":"80+","count":226,"tested":4292}],"race":[{"description":"Other","count":89,"tested":2046,"color":"rgb(148,103,189)"},{"description":"Left Blank","count":919,"tested":14619,"color":"rgb(44,160,44)"},{"description":"Black","count":934,"tested":18629,"color":"rgb(255,127,14)"},{"description":"Hispanic","count":696,"tested":3115,"color":"rgb(214,39,40)"},{"description":"Asian","count":7,"tested":336,"color":"rgb(140,86,75)"},{"description":"White","count":1682,"tested":27533,"color":"rgb(31,119,180)"}],"gender":[{"description":"Unknown/Left Blank","count":15,"tested":582,"color":"rgb(44,160,44)"},{"description":"Male","count":1988,"tested":24551,"color":"rgb(31,119,180)"},{"description":"Female","count":2325,"tested":41268,"color":"rgb(255,127,14)"}]}
