{"age":[{"age_group":"<20","count":221,"tested":2170},{"age_group":"20-29   ","count":133,"tested":1245},{"age_group":"30-39   ","count":123,"tested":1348},{"age_group":"40-49   ","count":211,"tested":1690},{"age_group":"50-59   ","count":173,"tested":1400},{"age_group":"60-69   ","count":111,"tested":1188},{"age_group":"70-79   ","count":66,"tested":899},{"age_group":"80+","count":34,"tested":676}],"race":[{"description":"Other","count":21,"tested":142,"color":"rgb(148,103,189)"},{"description":"Black","count":8,"tested":98,"color":"rgb(255,127,14)"},{"description":"White","count":822,"tested":6215,"color":"rgb(31,119,180)"},{"description":"Asian","count":7,"tested":55,"color":"rgb(140,86,75)"},{"description":"Hispanic","count":45,"tested":194,"color":"rgb(214,39,40)"},{"description":"Left Blank","count":169,"tested":3897,"color":"rgb(44,160,44)"}],"gender":[{"description":"Male","count":509,"tested":4321,"color":"rgb(31,119,180)"},{"description":"Female","count":560,"tested":6205,"color":"rgb(255,127,14)"}]}
