{"age":[{"age_group":"<20","count":255,"tested":1927},{"age_group":"20-29   ","count":352,"tested":2770},{"age_group":"30-39   ","count":273,"tested":2318},{"age_group":"40-49   ","count":281,"tested":2079},{"age_group":"50-59   ","count":391,"tested":2853},{"age_group":"60-69   ","count":282,"tested":2863},{"age_group":"70-79   ","count":118,"tested":1511},{"age_group":"80+","count":75,"tested":3603}],"race":[{"description":"Other","count":78,"tested":539,"color":"rgb(148,103,189)"},{"description":"Left Blank","count":726,"tested":9534,"color":"rgb(44,160,44)"},{"description":"Hispanic","count":74,"tested":324,"color":"rgb(214,39,40)"},{"description":"White","count":1117,"tested":9264,"color":"rgb(31,119,180)"},{"description":"Asian","count":12,"tested":157,"color":"rgb(140,86,75)"},{"description":"Black","count":19,"tested":104,"color":"rgb(255,127,14)"}],"gender":[{"description":"Male","count":997,"tested":7824,"color":"rgb(31,119,180)"},{"description":"Unknown/Left Blank","count":13,"tested":720,"color":"rgb(44,160,44)"},{"description":"Female","count":1017,"tested":11387,"color":"rgb(255,127,14)"}]}
