{"age":[{"age_group":"<20","count":286,"tested":2465},{"age_group":"20-29   ","count":390,"tested":3217},{"age_group":"30-39   ","count":318,"tested":3208},{"age_group":"40-49   ","count":356,"tested":3080},{"age_group":"50-59   ","count":363,"tested":3443},{"age_group":"60-69   ","count":232,"tested":2878},{"age_group":"70-79   ","count":91,"tested":1324},{"age_group":"80+","count":39,"tested":656}],"race":[{"description":"Asian","count":106,"tested":790,"color":"rgb(140,86,75)"},{"description":"Hispanic","count":232,"tested":910,"color":"rgb(214,39,40)"},{"description":"Black","count":26,"tested":277,"color":"rgb(255,127,14)"},{"description":"Other","count":64,"tested":497,"color":"rgb(148,103,189)"},{"description":"Left Blank","count":625,"tested":11797,"color":"rgb(44,160,44)"},{"description":"White","count":1017,"tested":5958,"color":"rgb(31,119,180)"}],"gender":[{"description":"Female","count":1066,"tested":11382,"color":"rgb(255,127,14)"},{"description":"Male","count":997,"tested":8378,"color":"rgb(31,119,180)"},{"description":"Unknown/Left Blank","count":12,"tested":524,"color":"rgb(44,160,44)"}]}
