{"age":[{"age_group":"<20","count":73,"tested":484},{"age_group":"20-29   ","count":87,"tested":569},{"age_group":"30-39   ","count":47,"tested":491},{"age_group":"40-49   ","count":74,"tested":481},{"age_group":"50-59   ","count":97,"tested":757},{"age_group":"60-69   ","count":74,"tested":618},{"age_group":"70-79   ","count":27,"tested":389},{"age_group":"80+","count":16,"tested":178}],"race":[{"description":"Left Blank","count":91,"tested":1675,"color":"rgb(44,160,44)"},{"description":"Other","count":7,"tested":53,"color":"rgb(148,103,189)"},{"description":"White","count":321,"tested":1928,"color":"rgb(31,119,180)"},{"description":"Black","count":14,"tested":90,"color":"rgb(255,127,14)"},{"description":"Hispanic","count":51,"tested":181,"color":"rgb(214,39,40)"},{"description":"Asian","count":10,"tested":40,"color":"rgb(140,86,75)"}],"gender":[{"description":"Male","count":238,"tested":1656,"color":"rgb(31,119,180)"},{"description":"Female","count":255,"tested":2228,"color":"rgb(255,127,14)"}]}
