{"age":[{"age_group":"<20","count":192,"tested":1272},{"age_group":"20-29   ","count":255,"tested":2576},{"age_group":"30-39   ","count":243,"tested":2288},{"age_group":"40-49   ","count":209,"tested":1951},{"age_group":"50-59   ","count":277,"tested":2407},{"age_group":"60-69   ","count":196,"tested":2302},{"age_group":"70-79   ","count":130,"tested":1404},{"age_group":"80+","count":79,"tested":702}],"race":[{"description":"Hispanic","count":107,"tested":531,"color":"rgb(214,39,40)"},{"description":"Asian","count":27,"tested":167,"color":"rgb(140,86,75)"},{"description":"Black","count":46,"tested":392,"color":"rgb(255,127,14)"},{"description":"White","count":593,"tested":3926,"color":"rgb(31,119,180)"},{"description":"Other","count":92,"tested":521,"color":"rgb(148,103,189)"},{"description":"Left Blank","count":712,"tested":9362,"color":"rgb(44,160,44)"}],"gender":[{"description":"Unknown/Left Blank","count":22,"tested":178,"color":"rgb(44,160,44)"},{"description":"Male","count":746,"tested":5710,"color":"rgb(31,119,180)"},{"description":"Female","count":813,"tested":9023,"color":"rgb(255,127,14)"}]}
