{"age":[{"age_group":"<20","count":694,"tested":4567},{"age_group":"20-29   ","count":987,"tested":8774},{"age_group":"30-39   ","count":842,"tested":9160},{"age_group":"40-49   ","count":759,"tested":7853},{"age_group":"50-59   ","count":782,"tested":8927},{"age_group":"60-69   ","count":532,"tested":8416},{"age_group":"70-79   ","count":313,"tested":4846},{"age_group":"80+","count":265,"tested":4509}],"race":[{"description":"Asian","count":61,"tested":1042,"color":"rgb(140,86,75)"},{"description":"Hispanic","count":842,"tested":4691,"color":"rgb(214,39,40)"},{"description":"Black","count":341,"tested":6904,"color":"rgb(255,127,14)"},{"description":"White","count":1518,"tested":15862,"color":"rgb(31,119,180)"},{"description":"Other","count":288,"tested":1807,"color":"rgb(148,103,189)"},{"description":"Left Blank","count":2115,"tested":26665,"color":"rgb(44,160,44)"},{"description":"NH/PI*","count":7,"tested":44,"color":"rgb(127,127,127)"}],"gender":[{"description":"Male","count":2398,"tested":22600,"color":"rgb(31,119,180)"},{"description":"Unknown/Left Blank","count":48,"tested":1063,"color":"rgb(44,160,44)"},{"description":"Female","count":2731,"tested":33402,"color":"rgb(255,127,14)"}]}
