{"age":[{"age_group":"<20","count":7,"tested":63},{"age_group":"20-29   ","count":7,"tested":79},{"age_group":"40-49   ","count":14,"tested":93},{"age_group":"50-59   ","count":10,"tested":125},{"age_group":"60-69   ","count":6,"tested":87}],"race":[{"description":"White","count":29,"tested":391,"color":"rgb(31,119,180)"},{"description":"Left Blank","count":18,"tested":241,"color":"rgb(44,160,44)"}],"gender":[{"description":"Female","count":30,"tested":382,"color":"rgb(255,127,14)"},{"description":"Male","count":20,"tested":275,"color":"rgb(31,119,180)"}]}
