{"age":[{"age_group":"<20","count":335,"tested":30619},{"age_group":"20-29   ","count":588,"tested":23861},{"age_group":"30-39   ","count":559,"tested":10444},{"age_group":"40-49   ","count":391,"tested":7355},{"age_group":"50-59   ","count":393,"tested":7491},{"age_group":"60-69   ","count":278,"tested":5662},{"age_group":"70-79   ","count":134,"tested":2706},{"age_group":"80+","count":104,"tested":2261}],"race":[{"description":"Hispanic","count":90,"tested":6253,"color":"rgb(214,39,40)"},{"description":"Left Blank","count":764,"tested":25832,"color":"rgb(44,160,44)"},{"description":"Black","count":1678,"tested":22999,"color":"rgb(255,127,14)"},{"description":"White","count":178,"tested":23745,"color":"rgb(31,119,180)"},{"description":"Asian","count":32,"tested":10566,"color":"rgb(140,86,75)"},{"description":"Other","count":34,"tested":641,"color":"rgb(148,103,189)"}],"gender":[{"description":"Unknown/Left Blank","count":29,"tested":2048,"color":"rgb(44,160,44)"},{"description":"Female","count":1551,"tested":47569,"color":"rgb(255,127,14)"},{"description":"Male","count":1202,"tested":40789,"color":"rgb(31,119,180)"}]}
