{"age":[{"age_group":"<20","count":10,"tested":157},{"age_group":"20-29   ","count":15,"tested":219},{"age_group":"40-49   ","count":14,"tested":147},{"age_group":"50-59   ","count":15,"tested":316},{"age_group":"60-69   ","count":18,"tested":200},{"age_group":"70-79   ","count":10,"tested":131}],"race":[{"description":"Left Blank","count":34,"tested":964,"color":"rgb(44,160,44)"},{"description":"White","count":61,"tested":528,"color":"rgb(31,119,180)"}],"gender":[{"description":"Female","count":54,"tested":870,"color":"rgb(255,127,14)"},{"description":"Male","count":44,"tested":620,"color":"rgb(31,119,180)"}]}
