{"age":[{"age_group":"<20","count":361,"tested":2876},{"age_group":"20-29   ","count":498,"tested":4436},{"age_group":"30-39   ","count":454,"tested":4416},{"age_group":"40-49   ","count":383,"tested":3198},{"age_group":"50-59   ","count":381,"tested":3717},{"age_group":"60-69   ","count":253,"tested":3098},{"age_group":"70-79   ","count":130,"tested":1848},{"age_group":"80+","count":68,"tested":1526}],"race":[{"description":"Left Blank","count":615,"tested":12360,"color":"rgb(44,160,44)"},{"description":"Hispanic","count":601,"tested":1967,"color":"rgb(214,39,40)"},{"description":"Asian","count":123,"tested":770,"color":"rgb(140,86,75)"},{"description":"White","count":969,"tested":8037,"color":"rgb(31,119,180)"},{"description":"Black","count":112,"tested":936,"color":"rgb(255,127,14)"},{"description":"Other","count":107,"tested":1022,"color":"rgb(148,103,189)"}],"gender":[{"description":"Female","count":1309,"tested":14035,"color":"rgb(255,127,14)"},{"description":"Male","count":1213,"tested":10880,"color":"rgb(31,119,180)"}]}
