{"age":[{"age_group":"<20","count":160,"tested":1325},{"age_group":"20-29   ","count":128,"tested":1365},{"age_group":"30-39   ","count":105,"tested":1030},{"age_group":"40-49   ","count":117,"tested":1146},{"age_group":"50-59   ","count":143,"tested":1540},{"age_group":"60-69   ","count":70,"tested":1088},{"age_group":"70-79   ","count":37,"tested":543},{"age_group":"80+","count":10,"tested":243}],"race":[{"description":"Other","count":10,"tested":147,"color":"rgb(148,103,189)"},{"description":"Asian","count":9,"tested":154,"color":"rgb(140,86,75)"},{"description":"Hispanic","count":69,"tested":290,"color":"rgb(214,39,40)"},{"description":"Left Blank","count":237,"tested":3289,"color":"rgb(44,160,44)"},{"description":"White","count":444,"tested":4356,"color":"rgb(31,119,180)"}],"gender":[{"description":"Female","count":395,"tested":4659,"color":"rgb(255,127,14)"},{"description":"Male","count":372,"tested":3526,"color":"rgb(31,119,180)"}]}
