{"age":[{"age_group":"<20","count":471,"tested":3507},{"age_group":"20-29   ","count":618,"tested":5209},{"age_group":"30-39   ","count":492,"tested":4777},{"age_group":"40-49   ","count":505,"tested":4080},{"age_group":"50-59   ","count":499,"tested":4738},{"age_group":"60-69   ","count":293,"tested":4036},{"age_group":"70-79   ","count":119,"tested":2129},{"age_group":"80+","count":92,"tested":1498}],"race":[{"description":"Hispanic","count":1119,"tested":4750,"color":"rgb(214,39,40)"},{"description":"Left Blank","count":790,"tested":11305,"color":"rgb(44,160,44)"},{"description":"White","count":885,"tested":10911,"color":"rgb(31,119,180)"},{"description":"Other","count":171,"tested":1238,"color":"rgb(148,103,189)"},{"description":"Black","count":31,"tested":382,"color":"rgb(255,127,14)"},{"description":"Asian","count":88,"tested":1260,"color":"rgb(140,86,75)"}],"gender":[{"description":"Unknown/Left Blank","count":25,"tested":258,"color":"rgb(44,160,44)"},{"description":"Male","count":1540,"tested":13045,"color":"rgb(31,119,180)"},{"description":"Female","count":1525,"tested":16674,"color":"rgb(255,127,14)"}]}
