{"age":[{"age_group":"<20","count":123,"tested":899},{"age_group":"20-29   ","count":112,"tested":916},{"age_group":"30-39   ","count":98,"tested":864},{"age_group":"40-49   ","count":109,"tested":757},{"age_group":"50-59   ","count":101,"tested":938},{"age_group":"60-69   ","count":77,"tested":625},{"age_group":"70-79   ","count":23,"tested":376},{"age_group":"80+","count":13,"tested":214}],"race":[{"description":"Black","count":7,"tested":45,"color":"rgb(255,127,14)"},{"description":"Hispanic","count":103,"tested":299,"color":"rgb(214,39,40)"},{"description":"White","count":336,"tested":2556,"color":"rgb(31,119,180)"},{"description":"Left Blank","count":204,"tested":2624,"color":"rgb(44,160,44)"},{"description":"Other","count":6,"tested":48,"color":"rgb(148,103,189)"}],"gender":[{"description":"Male","count":322,"tested":2283,"color":"rgb(31,119,180)"},{"description":"Female","count":335,"tested":3278,"color":"rgb(255,127,14)"}]}
