{"age":[{"age_group":"<20","count":73,"tested":815},{"age_group":"20-29   ","count":217,"tested":3457},{"age_group":"30-39   ","count":203,"tested":3927},{"age_group":"40-49   ","count":154,"tested":3097},{"age_group":"50-59   ","count":137,"tested":3557},{"age_group":"60-69   ","count":135,"tested":3100},{"age_group":"70-79   ","count":72,"tested":2524},{"age_group":"80+","count":52,"tested":1765}],"race":[{"description":"Left Blank","count":283,"tested":8956,"color":"rgb(44,160,44)"},{"description":"White","count":296,"tested":5448,"color":"rgb(31,119,180)"},{"description":"Hispanic","count":97,"tested":1297,"color":"rgb(214,39,40)"},{"description":"Other","count":48,"tested":759,"color":"rgb(148,103,189)"},{"description":"Black","count":297,"tested":5322,"color":"rgb(255,127,14)"},{"description":"Asian","count":21,"tested":449,"color":"rgb(140,86,75)"}],"gender":[{"description":"Unknown/Left Blank","count":13,"tested":1003,"color":"rgb(44,160,44)"},{"description":"Female","count":552,"tested":12107,"color":"rgb(255,127,14)"},{"description":"Male","count":478,"tested":9142,"color":"rgb(31,119,180)"}]}
