{"lastUpdatedDate":{"year":2020,"month":12,"day":14},"county_demographics":[{"County":"Livingston","confirmed_cases":2758,"total_tested":36405,"demographics":{"age":[{"race":[],"age_group":"<20","count":358,"tested":4129,"deaths":0},{"race":[],"age_group":"20-29   ","count":422,"tested":4906,"deaths":0},{"race":[],"age_group":"30-39   ","count":466,"tested":5228,"deaths":0},{"race":[],"age_group":"40-49   ","count":420,"tested":4033,"deaths":0},{"race":[],"age_group":"50-59   ","count":416,"tested":5344,"deaths":0},{"race":[],"age_group":"60-69   ","count":329,"tested":4323,"deaths":0},{"race":[],"age_group":"70-79   ","count":171,"tested":2722,"deaths":0},{"race":[],"age_group":"80+","count":175,"tested":5699,"deaths":0},{"race":[],"age_group":"Unknown","count":0,"tested":21,"deaths":0}],"race":[{"description":"AI/AN**","count":0,"tested":8,"deaths":0,"color":"rgb(31,119,180)"},{"description":"Asian","count":0,"tested":45,"deaths":0,"color":"rgb(140,86,75)"},{"description":"Black","count":63,"tested":498,"deaths":0,"color":"rgb(255,127,14)"},{"description":"Hispanic","count":70,"tested":479,"deaths":0,"color":"rgb(214,39,40)"},{"description":"Left Blank","count":798,"tested":18033,"deaths":0,"color":"rgb(44,160,44)"},{"description":"NH/PI*","count":0,"tested":7,"deaths":0,"color":"rgb(127,127,127)"},{"description":"Other","count":65,"tested":667,"deaths":0,"color":"rgb(148,103,189)"},{"description":"White","count":1758,"tested":16668,"deaths":0,"color":"rgb(31,119,180)"}],"gender":[{"description":"Female","count":1378,"tested":22798,"deaths":0,"color":"rgb(255,127,14)"},{"description":"Male","count":1330,"tested":12104,"deaths":0,"color":"rgb(31,119,180)"},{"description":"Unknown/Left Blank","count":50,"tested":1503,"deaths":0,"color":"rgb(44,160,44)"}]}}]}
