{"lastUpdatedDate":{"year":2020,"month":12,"day":14},"county_demographics":[{"County":"Crawford","confirmed_cases":1356,"total_tested":15424,"demographics":{"age":[{"race":[],"age_group":"<20","count":177,"tested":1667,"deaths":0},{"race":[],"age_group":"20-29   ","count":205,"tested":2063,"deaths":0},{"race":[],"age_group":"30-39   ","count":223,"tested":2945,"deaths":0},{"race":[],"age_group":"40-49   ","count":208,"tested":2402,"deaths":0},{"race":[],"age_group":"50-59   ","count":206,"tested":2011,"deaths":0},{"race":[],"age_group":"60-69   ","count":137,"tested":1277,"deaths":0},{"race":[],"age_group":"70-79   ","count":106,"tested":830,"deaths":0},{"race":[],"age_group":"80+","count":92,"tested":1045,"deaths":0},{"race":[],"age_group":"Unknown","count":0,"tested":1184,"deaths":0}],"race":[{"description":"AI/AN**","count":0,"tested":0,"deaths":0,"color":"rgb(31,119,180)"},{"description":"Asian","count":0,"tested":20,"deaths":0,"color":"rgb(140,86,75)"},{"description":"Black","count":152,"tested":344,"deaths":0,"color":"rgb(255,127,14)"},{"description":"Hispanic","count":37,"tested":66,"deaths":0,"color":"rgb(214,39,40)"},{"description":"Left Blank","count":167,"tested":7491,"deaths":0,"color":"rgb(44,160,44)"},{"description":"NH/PI*","count":0,"tested":0,"deaths":0,"color":"rgb(127,127,127)"},{"description":"Other","count":16,"tested":529,"deaths":0,"color":"rgb(148,103,189)"},{"description":"White","count":976,"tested":6973,"deaths":0,"color":"rgb(31,119,180)"}],"gender":[{"description":"Female","count":582,"tested":6489,"deaths":0,"color":"rgb(255,127,14)"},{"description":"Male","count":719,"tested":4233,"deaths":0,"color":"rgb(31,119,180)"},{"description":"Unknown/Left Blank","count":55,"tested":4702,"deaths":0,"color":"rgb(44,160,44)"}]}}]}
