{"lastUpdatedDate":{"year":2020,"month":12,"day":14},"county_demographics":[{"County":"Lake","confirmed_cases":43437,"total_tested":522296,"demographics":{"age":[{"race":[],"age_group":"<20","count":7460,"tested":63466,"deaths":0},{"race":[],"age_group":"20-29   ","count":8193,"tested":88095,"deaths":0},{"race":[],"age_group":"30-39   ","count":6444,"tested":71718,"deaths":0},{"race":[],"age_group":"40-49   ","count":6833,"tested":73791,"deaths":0},{"race":[],"age_group":"50-59   ","count":6678,"tested":83984,"deaths":0},{"race":[],"age_group":"60-69   ","count":4093,"tested":66166,"deaths":0},{"race":[],"age_group":"70-79   ","count":1989,"tested":37474,"deaths":0},{"race":[],"age_group":"80+","count":1730,"tested":37360,"deaths":0},{"race":[],"age_group":"Unknown","count":17,"tested":242,"deaths":0}],"race":[{"description":"AI/AN**","count":54,"tested":464,"deaths":0,"color":"rgb(31,119,180)"},{"description":"Asian","count":1037,"tested":15665,"deaths":0,"color":"rgb(140,86,75)"},{"description":"Black","count":2354,"tested":21717,"deaths":0,"color":"rgb(255,127,14)"},{"description":"Hispanic","count":13361,"tested":65204,"deaths":0,"color":"rgb(214,39,40)"},{"description":"Left Blank","count":11589,"tested":227941,"deaths":0,"color":"rgb(44,160,44)"},{"description":"NH/PI*","count":83,"tested":1581,"deaths":0,"color":"rgb(127,127,127)"},{"description":"Other","count":1929,"tested":18678,"deaths":0,"color":"rgb(148,103,189)"},{"description":"White","count":13027,"tested":171046,"deaths":0,"color":"rgb(31,119,180)"}],"gender":[{"description":"Female","count":21826,"tested":288410,"deaths":0,"color":"rgb(255,127,14)"},{"description":"Male","count":21090,"tested":220493,"deaths":0,"color":"rgb(31,119,180)"},{"description":"Unknown/Left Blank","count":521,"tested":13393,"deaths":0,"color":"rgb(44,160,44)"}]}}]}
