{"lastUpdatedDate":{"year":2020,"month":12,"day":14},"county_demographics":[{"County":"Jasper","confirmed_cases":792,"total_tested":6207,"demographics":{"age":[{"race":[],"age_group":"<20","count":123,"tested":833,"deaths":0},{"race":[],"age_group":"20-29   ","count":94,"tested":711,"deaths":0},{"race":[],"age_group":"30-39   ","count":100,"tested":671,"deaths":0},{"race":[],"age_group":"40-49   ","count":103,"tested":840,"deaths":0},{"race":[],"age_group":"50-59   ","count":123,"tested":903,"deaths":0},{"race":[],"age_group":"60-69   ","count":111,"tested":715,"deaths":0},{"race":[],"age_group":"70-79   ","count":70,"tested":582,"deaths":0},{"race":[],"age_group":"80+","count":68,"tested":950,"deaths":0},{"race":[],"age_group":"Unknown","count":0,"tested":0,"deaths":0}],"race":[{"description":"AI/AN**","count":0,"tested":0,"deaths":0,"color":"rgb(31,119,180)"},{"description":"Asian","count":0,"tested":0,"deaths":0,"color":"rgb(140,86,75)"},{"description":"Black","count":0,"tested":10,"deaths":0,"color":"rgb(255,127,14)"},{"description":"Hispanic","count":0,"tested":40,"deaths":0,"color":"rgb(214,39,40)"},{"description":"Left Blank","count":244,"tested":1129,"deaths":0,"color":"rgb(44,160,44)"},{"description":"Other","count":0,"tested":273,"deaths":0,"color":"rgb(148,103,189)"},{"description":"White","count":538,"tested":4752,"deaths":0,"color":"rgb(31,119,180)"}],"gender":[{"description":"Female","count":442,"tested":3993,"deaths":0,"color":"rgb(255,127,14)"},{"description":"Male","count":328,"tested":2044,"deaths":0,"color":"rgb(31,119,180)"},{"description":"Unknown/Left Blank","count":22,"tested":170,"deaths":0,"color":"rgb(44,160,44)"}]}}]}
