{"lastUpdatedDate":{"year":2020,"month":12,"day":14},"county_demographics":[{"County":"Coles","confirmed_cases":3765,"total_tested":41059,"demographics":{"age":[{"race":[],"age_group":"<20","count":630,"tested":6083,"deaths":0},{"race":[],"age_group":"20-29   ","count":818,"tested":8427,"deaths":0},{"race":[],"age_group":"30-39   ","count":475,"tested":5555,"deaths":0},{"race":[],"age_group":"40-49   ","count":426,"tested":4587,"deaths":0},{"race":[],"age_group":"50-59   ","count":453,"tested":5183,"deaths":0},{"race":[],"age_group":"60-69   ","count":431,"tested":4860,"deaths":0},{"race":[],"age_group":"70-79   ","count":284,"tested":3466,"deaths":0},{"race":[],"age_group":"80+","count":238,"tested":2888,"deaths":0},{"race":[],"age_group":"Unknown","count":0,"tested":10,"deaths":0}],"race":[{"description":"AI/AN**","count":0,"tested":17,"deaths":0,"color":"rgb(31,119,180)"},{"description":"Asian","count":16,"tested":208,"deaths":0,"color":"rgb(140,86,75)"},{"description":"Black","count":129,"tested":1613,"deaths":0,"color":"rgb(255,127,14)"},{"description":"Hispanic","count":86,"tested":531,"deaths":0,"color":"rgb(214,39,40)"},{"description":"Left Blank","count":524,"tested":7021,"deaths":0,"color":"rgb(44,160,44)"},{"description":"NH/PI*","count":0,"tested":14,"deaths":0,"color":"rgb(127,127,127)"},{"description":"Other","count":70,"tested":1647,"deaths":0,"color":"rgb(148,103,189)"},{"description":"White","count":2936,"tested":30008,"deaths":0,"color":"rgb(31,119,180)"}],"gender":[{"description":"Female","count":2031,"tested":24519,"deaths":0,"color":"rgb(255,127,14)"},{"description":"Male","count":1676,"tested":15726,"deaths":0,"color":"rgb(31,119,180)"},{"description":"Unknown/Left Blank","count":58,"tested":814,"deaths":0,"color":"rgb(44,160,44)"}]}}]}
