{"lastUpdatedDate":{"year":2020,"month":12,"day":14},"county_demographics":[{"County":"McDonough","confirmed_cases":1785,"total_tested":23087,"demographics":{"age":[{"race":[],"age_group":"<20","count":291,"tested":2986,"deaths":0},{"race":[],"age_group":"20-29   ","count":581,"tested":4462,"deaths":0},{"race":[],"age_group":"30-39   ","count":190,"tested":3159,"deaths":0},{"race":[],"age_group":"40-49   ","count":163,"tested":2416,"deaths":0},{"race":[],"age_group":"50-59   ","count":156,"tested":2745,"deaths":0},{"race":[],"age_group":"60-69   ","count":167,"tested":2688,"deaths":0},{"race":[],"age_group":"70-79   ","count":121,"tested":2029,"deaths":0},{"race":[],"age_group":"80+","count":110,"tested":2599,"deaths":0},{"race":[],"age_group":"Unknown","count":0,"tested":0,"deaths":0}],"race":[{"description":"AI/AN**","count":0,"tested":8,"deaths":0,"color":"rgb(31,119,180)"},{"description":"Asian","count":32,"tested":111,"deaths":0,"color":"rgb(140,86,75)"},{"description":"Black","count":146,"tested":737,"deaths":0,"color":"rgb(255,127,14)"},{"description":"Hispanic","count":89,"tested":210,"deaths":0,"color":"rgb(214,39,40)"},{"description":"Left Blank","count":233,"tested":8389,"deaths":0,"color":"rgb(44,160,44)"},{"description":"NH/PI*","count":0,"tested":19,"deaths":0,"color":"rgb(127,127,127)"},{"description":"Other","count":18,"tested":190,"deaths":0,"color":"rgb(148,103,189)"},{"description":"White","count":1260,"tested":13423,"deaths":0,"color":"rgb(31,119,180)"}],"gender":[{"description":"Female","count":943,"tested":14468,"deaths":0,"color":"rgb(255,127,14)"},{"description":"Male","count":817,"tested":8005,"deaths":0,"color":"rgb(31,119,180)"},{"description":"Unknown/Left Blank","count":25,"tested":614,"deaths":0,"color":"rgb(44,160,44)"}]}}]}
