{"lastUpdatedDate":{"year":2020,"month":12,"day":14},"county_demographics":[{"County":"Chicago","confirmed_cases":185883,"total_tested":2302348,"demographics":{"age":[{"race":[],"age_group":"<20","count":22915,"tested":228535,"deaths":0},{"race":[],"age_group":"20-29   ","count":39796,"tested":522280,"deaths":0},{"race":[],"age_group":"30-39   ","count":36273,"tested":468493,"deaths":0},{"race":[],"age_group":"40-49   ","count":30238,"tested":317555,"deaths":0},{"race":[],"age_group":"50-59   ","count":25764,"tested":298825,"deaths":0},{"race":[],"age_group":"60-69   ","count":17006,"tested":246090,"deaths":0},{"race":[],"age_group":"70-79   ","count":8511,"tested":133027,"deaths":0},{"race":[],"age_group":"80+","count":5374,"tested":86235,"deaths":0},{"race":[],"age_group":"Unknown","count":6,"tested":1308,"deaths":0}],"race":[{"description":"AI/AN**","count":209,"tested":2082,"deaths":0,"color":"rgb(31,119,180)"},{"description":"Asian","count":3995,"tested":65996,"deaths":0,"color":"rgb(140,86,75)"},{"description":"Black","count":31268,"tested":347861,"deaths":0,"color":"rgb(255,127,14)"},{"description":"Hispanic","count":64521,"tested":326273,"deaths":0,"color":"rgb(214,39,40)"},{"description":"Left Blank","count":47490,"tested":1020410,"deaths":0,"color":"rgb(44,160,44)"},{"description":"NH/PI*","count":184,"tested":2547,"deaths":0,"color":"rgb(127,127,127)"},{"description":"Other","count":7548,"tested":81528,"deaths":0,"color":"rgb(148,103,189)"},{"description":"White","count":30667,"tested":455651,"deaths":0,"color":"rgb(31,119,180)"}],"gender":[{"description":"Female","count":94739,"tested":1228213,"deaths":0,"color":"rgb(255,127,14)"},{"description":"Male","count":89048,"tested":1003151,"deaths":0,"color":"rgb(31,119,180)"},{"description":"Unknown/Left Blank","count":2096,"tested":70984,"deaths":0,"color":"rgb(44,160,44)"}]}}]}
