{"lastUpdatedDate":{"year":2021,"month":5,"day":5},"county_demographics":[{"County":"Kane","confirmed_cases":57682,"total_tested":666397,"demographics":{"age":[{"race":[],"age_group":"<20","count":10367,"tested":90968,"deaths":0},{"race":[],"age_group":"20-29   ","count":10639,"tested":116724,"deaths":0},{"race":[],"age_group":"30-39   ","count":9035,"tested":98145,"deaths":0},{"race":[],"age_group":"40-49   ","count":9574,"tested":93462,"deaths":0},{"race":[],"age_group":"50-59   ","count":8803,"tested":101054,"deaths":0},{"race":[],"age_group":"60-69   ","count":5155,"tested":75757,"deaths":0},{"race":[],"age_group":"70-79   ","count":2381,"tested":47120,"deaths":0},{"race":[],"age_group":"80+","count":1694,"tested":42844,"deaths":0},{"race":[],"age_group":"Unknown","count":34,"tested":323,"deaths":0}],"race":[{"description":"AI/AN**","count":57,"tested":478,"deaths":0,"color":"rgb(31,119,180)"},{"description":"Asian","count":1294,"tested":16699,"deaths":0,"color":"rgb(140,86,75)"},{"description":"Black","count":2115,"tested":25788,"deaths":0,"color":"rgb(255,127,14)"},{"description":"Hispanic","count":18653,"tested":91851,"deaths":0,"color":"rgb(214,39,40)"},{"description":"Left Blank","count":14568,"tested":300982,"deaths":0,"color":"rgb(44,160,44)"},{"description":"NH/PI*","count":43,"tested":563,"deaths":0,"color":"rgb(127,127,127)"},{"description":"Other","count":1510,"tested":16975,"deaths":0,"color":"rgb(148,103,189)"},{"description":"White","count":19442,"tested":213061,"deaths":0,"color":"rgb(31,119,180)"}],"gender":[{"description":"Female","count":29476,"tested":369171,"deaths":0,"color":"rgb(255,127,14)"},{"description":"Male","count":27711,"tested":275683,"deaths":0,"color":"rgb(31,119,180)"},{"description":"Unknown/Left Blank","count":495,"tested":21543,"deaths":0,"color":"rgb(44,160,44)"}]}}]}
