{"lastUpdatedDate":{"year":2021,"month":5,"day":5},"county_demographics":[{"County":"Out Of State","confirmed_cases":0,"total_tested":149687,"demographics":{"age":[{"race":[],"age_group":"<20","count":0,"tested":32973,"deaths":0},{"race":[],"age_group":"20-29   ","count":0,"tested":36594,"deaths":0},{"race":[],"age_group":"30-39   ","count":0,"tested":20683,"deaths":0},{"race":[],"age_group":"40-49   ","count":0,"tested":16386,"deaths":0},{"race":[],"age_group":"50-59   ","count":0,"tested":17993,"deaths":0},{"race":[],"age_group":"60-69   ","count":0,"tested":13349,"deaths":0},{"race":[],"age_group":"70-79   ","count":0,"tested":7528,"deaths":0},{"race":[],"age_group":"80+","count":0,"tested":4143,"deaths":0},{"race":[],"age_group":"Unknown","count":0,"tested":38,"deaths":0}],"race":[{"description":"AI/AN**","count":0,"tested":204,"deaths":0,"color":"rgb(31,119,180)"},{"description":"Asian","count":0,"tested":3199,"deaths":0,"color":"rgb(140,86,75)"},{"description":"Black","count":0,"tested":11071,"deaths":0,"color":"rgb(255,127,14)"},{"description":"Hispanic","count":0,"tested":6176,"deaths":0,"color":"rgb(214,39,40)"},{"description":"Left Blank","count":0,"tested":57684,"deaths":0,"color":"rgb(44,160,44)"},{"description":"NH/PI*","count":0,"tested":264,"deaths":0,"color":"rgb(127,127,127)"},{"description":"Other","count":0,"tested":5862,"deaths":0,"color":"rgb(148,103,189)"},{"description":"White","count":0,"tested":65227,"deaths":0,"color":"rgb(31,119,180)"}],"gender":[{"description":"Female","count":0,"tested":78454,"deaths":0,"color":"rgb(255,127,14)"},{"description":"Male","count":0,"tested":65828,"deaths":0,"color":"rgb(31,119,180)"},{"description":"Unknown/Left Blank","count":0,"tested":5405,"deaths":0,"color":"rgb(44,160,44)"}]}}]}
