{"lastUpdatedDate":{"year":2021,"month":5,"day":5},"county_demographics":[{"County":"Monroe","confirmed_cases":4348,"total_tested":43077,"demographics":{"age":[{"race":[],"age_group":"<20","count":722,"tested":6324,"deaths":0},{"race":[],"age_group":"20-29   ","count":590,"tested":5200,"deaths":0},{"race":[],"age_group":"30-39   ","count":611,"tested":5391,"deaths":0},{"race":[],"age_group":"40-49   ","count":639,"tested":4841,"deaths":0},{"race":[],"age_group":"50-59   ","count":751,"tested":5932,"deaths":0},{"race":[],"age_group":"60-69   ","count":535,"tested":5082,"deaths":0},{"race":[],"age_group":"70-79   ","count":241,"tested":2868,"deaths":0},{"race":[],"age_group":"80+","count":258,"tested":7408,"deaths":0},{"race":[],"age_group":"Unknown","count":0,"tested":31,"deaths":0}],"race":[{"description":"AI/AN**","count":0,"tested":12,"deaths":0,"color":"rgb(31,119,180)"},{"description":"Asian","count":0,"tested":89,"deaths":0,"color":"rgb(140,86,75)"},{"description":"Black","count":11,"tested":583,"deaths":0,"color":"rgb(255,127,14)"},{"description":"Hispanic","count":25,"tested":270,"deaths":0,"color":"rgb(214,39,40)"},{"description":"Left Blank","count":2300,"tested":18683,"deaths":0,"color":"rgb(44,160,44)"},{"description":"NH/PI*","count":0,"tested":0,"deaths":0,"color":"rgb(127,127,127)"},{"description":"Other","count":26,"tested":310,"deaths":0,"color":"rgb(148,103,189)"},{"description":"White","count":1978,"tested":23127,"deaths":0,"color":"rgb(31,119,180)"}],"gender":[{"description":"Female","count":2308,"tested":27991,"deaths":0,"color":"rgb(255,127,14)"},{"description":"Male","count":1997,"tested":14424,"deaths":0,"color":"rgb(31,119,180)"},{"description":"Unknown/Left Blank","count":41,"tested":662,"deaths":0,"color":"rgb(44,160,44)"}]}}]}
