{"lastUpdatedDate":{"year":2021,"month":5,"day":5},"county_demographics":[{"County":"De Witt","confirmed_cases":1468,"total_tested":24086,"demographics":{"age":[{"race":[],"age_group":"<20","count":254,"tested":4194,"deaths":0},{"race":[],"age_group":"20-29   ","count":195,"tested":3885,"deaths":0},{"race":[],"age_group":"30-39   ","count":214,"tested":3281,"deaths":0},{"race":[],"age_group":"40-49   ","count":191,"tested":3009,"deaths":0},{"race":[],"age_group":"50-59   ","count":220,"tested":3249,"deaths":0},{"race":[],"age_group":"60-69   ","count":168,"tested":2747,"deaths":0},{"race":[],"age_group":"70-79   ","count":126,"tested":1832,"deaths":0},{"race":[],"age_group":"80+","count":98,"tested":1888,"deaths":0},{"race":[],"age_group":"Unknown","count":0,"tested":0,"deaths":0}],"race":[{"description":"AI/AN**","count":0,"tested":22,"deaths":0,"color":"rgb(31,119,180)"},{"description":"Asian","count":0,"tested":46,"deaths":0,"color":"rgb(140,86,75)"},{"description":"Black","count":7,"tested":112,"deaths":0,"color":"rgb(255,127,14)"},{"description":"Hispanic","count":33,"tested":230,"deaths":0,"color":"rgb(214,39,40)"},{"description":"Left Blank","count":340,"tested":11301,"deaths":0,"color":"rgb(44,160,44)"},{"description":"NH/PI*","count":0,"tested":9,"deaths":0,"color":"rgb(127,127,127)"},{"description":"Other","count":10,"tested":288,"deaths":0,"color":"rgb(148,103,189)"},{"description":"White","count":1067,"tested":12078,"deaths":0,"color":"rgb(31,119,180)"}],"gender":[{"description":"Female","count":785,"tested":14744,"deaths":0,"color":"rgb(255,127,14)"},{"description":"Male","count":671,"tested":8855,"deaths":0,"color":"rgb(31,119,180)"},{"description":"Unknown/Left Blank","count":12,"tested":487,"deaths":0,"color":"rgb(44,160,44)"}]}}]}
