{"lastUpdatedDate":{"year":2021,"month":5,"day":5},"county_demographics":[{"County":"Vermilion","confirmed_cases":9408,"total_tested":146117,"demographics":{"age":[{"race":[],"age_group":"<20","count":1607,"tested":18424,"deaths":0},{"race":[],"age_group":"20-29   ","count":1473,"tested":23037,"deaths":0},{"race":[],"age_group":"30-39   ","count":1472,"tested":25289,"deaths":0},{"race":[],"age_group":"40-49   ","count":1394,"tested":21433,"deaths":0},{"race":[],"age_group":"50-59   ","count":1336,"tested":19007,"deaths":0},{"race":[],"age_group":"60-69   ","count":1095,"tested":16849,"deaths":0},{"race":[],"age_group":"70-79   ","count":632,"tested":10842,"deaths":0},{"race":[],"age_group":"80+","count":398,"tested":8999,"deaths":0},{"race":[],"age_group":"Unknown","count":0,"tested":2237,"deaths":0}],"race":[{"description":"AI/AN**","count":6,"tested":78,"deaths":0,"color":"rgb(31,119,180)"},{"description":"Asian","count":30,"tested":429,"deaths":0,"color":"rgb(140,86,75)"},{"description":"Black","count":1433,"tested":10399,"deaths":0,"color":"rgb(255,127,14)"},{"description":"Hispanic","count":553,"tested":2690,"deaths":0,"color":"rgb(214,39,40)"},{"description":"Left Blank","count":807,"tested":55658,"deaths":0,"color":"rgb(44,160,44)"},{"description":"NH/PI*","count":6,"tested":87,"deaths":0,"color":"rgb(127,127,127)"},{"description":"Other","count":440,"tested":3650,"deaths":0,"color":"rgb(148,103,189)"},{"description":"White","count":6129,"tested":73126,"deaths":0,"color":"rgb(31,119,180)"}],"gender":[{"description":"Female","count":4554,"tested":67772,"deaths":0,"color":"rgb(255,127,14)"},{"description":"Male","count":4783,"tested":61398,"deaths":0,"color":"rgb(31,119,180)"},{"description":"Unknown/Left Blank","count":71,"tested":16947,"deaths":0,"color":"rgb(44,160,44)"}]}}]}
