{"lastUpdatedDate":{"year":2021,"month":5,"day":5},"county_demographics":[{"County":"Piatt","confirmed_cases":1465,"total_tested":31797,"demographics":{"age":[{"race":[],"age_group":"<20","count":274,"tested":6907,"deaths":0},{"race":[],"age_group":"20-29   ","count":194,"tested":4463,"deaths":0},{"race":[],"age_group":"30-39   ","count":222,"tested":4221,"deaths":0},{"race":[],"age_group":"40-49   ","count":232,"tested":3984,"deaths":0},{"race":[],"age_group":"50-59   ","count":211,"tested":4050,"deaths":0},{"race":[],"age_group":"60-69   ","count":193,"tested":3615,"deaths":0},{"race":[],"age_group":"70-79   ","count":81,"tested":2117,"deaths":0},{"race":[],"age_group":"80+","count":57,"tested":2434,"deaths":0},{"race":[],"age_group":"Unknown","count":0,"tested":6,"deaths":0}],"race":[{"description":"AI/AN**","count":0,"tested":41,"deaths":0,"color":"rgb(31,119,180)"},{"description":"Asian","count":0,"tested":157,"deaths":0,"color":"rgb(140,86,75)"},{"description":"Black","count":10,"tested":179,"deaths":0,"color":"rgb(255,127,14)"},{"description":"Hispanic","count":10,"tested":264,"deaths":0,"color":"rgb(214,39,40)"},{"description":"Left Blank","count":255,"tested":8953,"deaths":0,"color":"rgb(44,160,44)"},{"description":"NH/PI*","count":0,"tested":7,"deaths":0,"color":"rgb(127,127,127)"},{"description":"Other","count":24,"tested":725,"deaths":0,"color":"rgb(148,103,189)"},{"description":"White","count":1158,"tested":21471,"deaths":0,"color":"rgb(31,119,180)"}],"gender":[{"description":"Female","count":763,"tested":18774,"deaths":0,"color":"rgb(255,127,14)"},{"description":"Male","count":701,"tested":12484,"deaths":0,"color":"rgb(31,119,180)"},{"description":"Unknown/Left Blank","count":0,"tested":539,"deaths":0,"color":"rgb(44,160,44)"}]}}]}
