{"lastUpdatedDate":{"year":2021,"month":5,"day":5},"county_demographics":[{"County":"Christian","confirmed_cases":3625,"total_tested":53992,"demographics":{"age":[{"race":[],"age_group":"<20","count":394,"tested":5022,"deaths":0},{"race":[],"age_group":"20-29   ","count":551,"tested":8512,"deaths":0},{"race":[],"age_group":"30-39   ","count":519,"tested":8911,"deaths":0},{"race":[],"age_group":"40-49   ","count":584,"tested":8627,"deaths":0},{"race":[],"age_group":"50-59   ","count":606,"tested":8407,"deaths":0},{"race":[],"age_group":"60-69   ","count":436,"tested":6182,"deaths":0},{"race":[],"age_group":"70-79   ","count":280,"tested":3784,"deaths":0},{"race":[],"age_group":"80+","count":255,"tested":3934,"deaths":0},{"race":[],"age_group":"Unknown","count":0,"tested":613,"deaths":0}],"race":[{"description":"AI/AN**","count":0,"tested":36,"deaths":0,"color":"rgb(31,119,180)"},{"description":"Asian","count":0,"tested":89,"deaths":0,"color":"rgb(140,86,75)"},{"description":"Black","count":70,"tested":234,"deaths":0,"color":"rgb(255,127,14)"},{"description":"Hispanic","count":65,"tested":188,"deaths":0,"color":"rgb(214,39,40)"},{"description":"Left Blank","count":1592,"tested":29741,"deaths":0,"color":"rgb(44,160,44)"},{"description":"NH/PI*","count":0,"tested":15,"deaths":0,"color":"rgb(127,127,127)"},{"description":"Other","count":42,"tested":576,"deaths":0,"color":"rgb(148,103,189)"},{"description":"White","count":1846,"tested":23113,"deaths":0,"color":"rgb(31,119,180)"}],"gender":[{"description":"Female","count":1638,"tested":25618,"deaths":0,"color":"rgb(255,127,14)"},{"description":"Male","count":1715,"tested":17808,"deaths":0,"color":"rgb(31,119,180)"},{"description":"Unknown/Left Blank","count":272,"tested":10566,"deaths":0,"color":"rgb(44,160,44)"}]}}]}
