{"lastUpdatedDate":{"year":2021,"month":5,"day":5},"county_demographics":[{"County":"Edwards","confirmed_cases":568,"total_tested":4514,"demographics":{"age":[{"race":[],"age_group":"<20","count":79,"tested":837,"deaths":0},{"race":[],"age_group":"20-29   ","count":68,"tested":650,"deaths":0},{"race":[],"age_group":"30-39   ","count":63,"tested":584,"deaths":0},{"race":[],"age_group":"40-49   ","count":82,"tested":676,"deaths":0},{"race":[],"age_group":"50-59   ","count":91,"tested":706,"deaths":0},{"race":[],"age_group":"60-69   ","count":83,"tested":545,"deaths":0},{"race":[],"age_group":"70-79   ","count":70,"tested":329,"deaths":0},{"race":[],"age_group":"80+","count":30,"tested":186,"deaths":0},{"race":[],"age_group":"Unknown","count":0,"tested":0,"deaths":0}],"race":[{"description":"Asian","count":0,"tested":6,"deaths":0,"color":"rgb(140,86,75)"},{"description":"Black","count":0,"tested":8,"deaths":0,"color":"rgb(255,127,14)"},{"description":"Hispanic","count":0,"tested":10,"deaths":0,"color":"rgb(214,39,40)"},{"description":"Left Blank","count":55,"tested":1053,"deaths":0,"color":"rgb(44,160,44)"},{"description":"NH/PI*","count":0,"tested":0,"deaths":0,"color":"rgb(127,127,127)"},{"description":"Other","count":0,"tested":10,"deaths":0,"color":"rgb(148,103,189)"},{"description":"White","count":509,"tested":3426,"deaths":0,"color":"rgb(31,119,180)"}],"gender":[{"description":"Female","count":301,"tested":2915,"deaths":0,"color":"rgb(255,127,14)"},{"description":"Male","count":260,"tested":1397,"deaths":0,"color":"rgb(31,119,180)"},{"description":"Unknown/Left Blank","count":7,"tested":202,"deaths":0,"color":"rgb(44,160,44)"}]}}]}
