{"lastUpdatedDate":{"year":2021,"month":5,"day":5},"county_demographics":[{"County":"Ogle","confirmed_cases":6035,"total_tested":64753,"demographics":{"age":[{"race":[],"age_group":"<20","count":1009,"tested":9246,"deaths":0},{"race":[],"age_group":"20-29   ","count":985,"tested":9870,"deaths":0},{"race":[],"age_group":"30-39   ","count":932,"tested":9480,"deaths":0},{"race":[],"age_group":"40-49   ","count":894,"tested":8337,"deaths":0},{"race":[],"age_group":"50-59   ","count":931,"tested":9585,"deaths":0},{"race":[],"age_group":"60-69   ","count":602,"tested":7898,"deaths":0},{"race":[],"age_group":"70-79   ","count":346,"tested":4210,"deaths":0},{"race":[],"age_group":"80+","count":258,"tested":6098,"deaths":0},{"race":[],"age_group":"Unknown","count":78,"tested":29,"deaths":0}],"race":[{"description":"AI/AN**","count":0,"tested":75,"deaths":0,"color":"rgb(31,119,180)"},{"description":"Asian","count":7,"tested":127,"deaths":0,"color":"rgb(140,86,75)"},{"description":"Black","count":36,"tested":608,"deaths":0,"color":"rgb(255,127,14)"},{"description":"Hispanic","count":502,"tested":1834,"deaths":0,"color":"rgb(214,39,40)"},{"description":"Left Blank","count":2385,"tested":27246,"deaths":0,"color":"rgb(44,160,44)"},{"description":"NH/PI*","count":0,"tested":0,"deaths":0,"color":"rgb(127,127,127)"},{"description":"Other","count":82,"tested":821,"deaths":0,"color":"rgb(148,103,189)"},{"description":"White","count":3015,"tested":34037,"deaths":0,"color":"rgb(31,119,180)"}],"gender":[{"description":"Female","count":3178,"tested":40843,"deaths":0,"color":"rgb(255,127,14)"},{"description":"Male","count":2782,"tested":20368,"deaths":0,"color":"rgb(31,119,180)"},{"description":"Unknown/Left Blank","count":75,"tested":3542,"deaths":0,"color":"rgb(44,160,44)"}]}}]}
