{"lastUpdatedDate":{"year":2021,"month":3,"day":12},"county_demographics":[{"County":"Macoupin","confirmed_cases":4413,"total_tested":63532,"demographics":{"age":[{"race":[],"age_group":"<20","count":706,"tested":9256,"deaths":0},{"race":[],"age_group":"20-29   ","count":592,"tested":9180,"deaths":0},{"race":[],"age_group":"30-39   ","count":657,"tested":9303,"deaths":0},{"race":[],"age_group":"40-49   ","count":624,"tested":8589,"deaths":0},{"race":[],"age_group":"50-59   ","count":637,"tested":9312,"deaths":0},{"race":[],"age_group":"60-69   ","count":576,"tested":8147,"deaths":0},{"race":[],"age_group":"70-79   ","count":339,"tested":4423,"deaths":0},{"race":[],"age_group":"80+","count":279,"tested":5299,"deaths":0},{"race":[],"age_group":"Unknown","count":0,"tested":23,"deaths":0}],"race":[{"description":"AI/AN**","count":0,"tested":36,"deaths":0,"color":"rgb(31,119,180)"},{"description":"Asian","count":0,"tested":142,"deaths":0,"color":"rgb(140,86,75)"},{"description":"Black","count":33,"tested":591,"deaths":0,"color":"rgb(255,127,14)"},{"description":"Hispanic","count":13,"tested":221,"deaths":0,"color":"rgb(214,39,40)"},{"description":"Left Blank","count":1352,"tested":16398,"deaths":0,"color":"rgb(44,160,44)"},{"description":"NH/PI*","count":0,"tested":32,"deaths":0,"color":"rgb(127,127,127)"},{"description":"Other","count":59,"tested":677,"deaths":0,"color":"rgb(148,103,189)"},{"description":"White","count":2939,"tested":45435,"deaths":0,"color":"rgb(31,119,180)"}],"gender":[{"description":"Female","count":2341,"tested":40302,"deaths":0,"color":"rgb(255,127,14)"},{"description":"Male","count":1989,"tested":21787,"deaths":0,"color":"rgb(31,119,180)"},{"description":"Unknown/Left Blank","count":83,"tested":1443,"deaths":0,"color":"rgb(44,160,44)"}]}}]}
