{"lastUpdatedDate":{"year":2021,"month":3,"day":12},"county_demographics":[{"County":"Rock Island","confirmed_cases":13303,"total_tested":169288,"demographics":{"age":[{"race":[],"age_group":"<20","count":1718,"tested":18571,"deaths":0},{"race":[],"age_group":"20-29   ","count":2221,"tested":24682,"deaths":0},{"race":[],"age_group":"30-39   ","count":2106,"tested":25972,"deaths":0},{"race":[],"age_group":"40-49   ","count":1966,"tested":24590,"deaths":0},{"race":[],"age_group":"50-59   ","count":1916,"tested":23658,"deaths":0},{"race":[],"age_group":"60-69   ","count":1650,"tested":21889,"deaths":0},{"race":[],"age_group":"70-79   ","count":930,"tested":13591,"deaths":0},{"race":[],"age_group":"80+","count":796,"tested":14719,"deaths":0},{"race":[],"age_group":"Unknown","count":0,"tested":1616,"deaths":0}],"race":[{"description":"AI/AN**","count":10,"tested":62,"deaths":0,"color":"rgb(31,119,180)"},{"description":"Asian","count":145,"tested":982,"deaths":0,"color":"rgb(140,86,75)"},{"description":"Black","count":854,"tested":9188,"deaths":0,"color":"rgb(255,127,14)"},{"description":"Hispanic","count":1205,"tested":6374,"deaths":0,"color":"rgb(214,39,40)"},{"description":"Left Blank","count":6149,"tested":96596,"deaths":0,"color":"rgb(44,160,44)"},{"description":"NH/PI*","count":0,"tested":69,"deaths":0,"color":"rgb(127,127,127)"},{"description":"Other","count":329,"tested":2997,"deaths":0,"color":"rgb(148,103,189)"},{"description":"White","count":4603,"tested":53020,"deaths":0,"color":"rgb(31,119,180)"}],"gender":[{"description":"Female","count":6952,"tested":91906,"deaths":0,"color":"rgb(255,127,14)"},{"description":"Male","count":6266,"tested":64137,"deaths":0,"color":"rgb(31,119,180)"},{"description":"Unknown/Left Blank","count":85,"tested":13245,"deaths":0,"color":"rgb(44,160,44)"}]}}]}
