{"lastUpdatedDate":{"year":2021,"month":3,"day":12},"county_demographics":[{"County":"Lake","confirmed_cases":60603,"total_tested":836642,"demographics":{"age":[{"race":[],"age_group":"<20","count":10857,"tested":116541,"deaths":0},{"race":[],"age_group":"20-29   ","count":11121,"tested":139669,"deaths":0},{"race":[],"age_group":"30-39   ","count":8842,"tested":111755,"deaths":0},{"race":[],"age_group":"40-49   ","count":9525,"tested":115200,"deaths":0},{"race":[],"age_group":"50-59   ","count":9411,"tested":132662,"deaths":0},{"race":[],"age_group":"60-69   ","count":5775,"tested":102486,"deaths":0},{"race":[],"age_group":"70-79   ","count":2781,"tested":57625,"deaths":0},{"race":[],"age_group":"80+","count":2269,"tested":60371,"deaths":0},{"race":[],"age_group":"Unknown","count":22,"tested":333,"deaths":0}],"race":[{"description":"AI/AN**","count":89,"tested":813,"deaths":0,"color":"rgb(31,119,180)"},{"description":"Asian","count":1621,"tested":29280,"deaths":0,"color":"rgb(140,86,75)"},{"description":"Black","count":3130,"tested":35162,"deaths":0,"color":"rgb(255,127,14)"},{"description":"Hispanic","count":17943,"tested":97558,"deaths":0,"color":"rgb(214,39,40)"},{"description":"Left Blank","count":14713,"tested":352412,"deaths":0,"color":"rgb(44,160,44)"},{"description":"NH/PI*","count":117,"tested":2149,"deaths":0,"color":"rgb(127,127,127)"},{"description":"Other","count":2914,"tested":29101,"deaths":0,"color":"rgb(148,103,189)"},{"description":"White","count":20076,"tested":290167,"deaths":0,"color":"rgb(31,119,180)"}],"gender":[{"description":"Female","count":30293,"tested":464564,"deaths":0,"color":"rgb(255,127,14)"},{"description":"Male","count":29469,"tested":351359,"deaths":0,"color":"rgb(31,119,180)"},{"description":"Unknown/Left Blank","count":841,"tested":20719,"deaths":0,"color":"rgb(44,160,44)"}]}}]}
