{"lastUpdatedDate":{"year":2021,"month":3,"day":12},"county_demographics":[{"County":"Marion","confirmed_cases":4294,"total_tested":71393,"demographics":{"age":[{"race":[],"age_group":"<20","count":541,"tested":5498,"deaths":0},{"race":[],"age_group":"20-29   ","count":594,"tested":11890,"deaths":0},{"race":[],"age_group":"30-39   ","count":610,"tested":13370,"deaths":0},{"race":[],"age_group":"40-49   ","count":627,"tested":11736,"deaths":0},{"race":[],"age_group":"50-59   ","count":651,"tested":9974,"deaths":0},{"race":[],"age_group":"60-69   ","count":594,"tested":7649,"deaths":0},{"race":[],"age_group":"70-79   ","count":369,"tested":4539,"deaths":0},{"race":[],"age_group":"80+","count":308,"tested":5815,"deaths":0},{"race":[],"age_group":"Unknown","count":0,"tested":922,"deaths":0}],"race":[{"description":"AI/AN**","count":7,"tested":32,"deaths":0,"color":"rgb(31,119,180)"},{"description":"Asian","count":0,"tested":102,"deaths":0,"color":"rgb(140,86,75)"},{"description":"Black","count":133,"tested":2048,"deaths":0,"color":"rgb(255,127,14)"},{"description":"Hispanic","count":38,"tested":238,"deaths":0,"color":"rgb(214,39,40)"},{"description":"Left Blank","count":814,"tested":41065,"deaths":0,"color":"rgb(44,160,44)"},{"description":"NH/PI*","count":0,"tested":13,"deaths":0,"color":"rgb(127,127,127)"},{"description":"Other","count":50,"tested":782,"deaths":0,"color":"rgb(148,103,189)"},{"description":"White","count":3243,"tested":27113,"deaths":0,"color":"rgb(31,119,180)"}],"gender":[{"description":"Female","count":2411,"tested":33547,"deaths":0,"color":"rgb(255,127,14)"},{"description":"Male","count":1853,"tested":20737,"deaths":0,"color":"rgb(31,119,180)"},{"description":"Unknown/Left Blank","count":25,"tested":17109,"deaths":0,"color":"rgb(44,160,44)"}]}}]}
