{"lastUpdatedDate":{"year":2021,"month":3,"day":12},"county_demographics":[{"County":"Livingston","confirmed_cases":4293,"total_tested":84298,"demographics":{"age":[{"race":[],"age_group":"<20","count":570,"tested":7497,"deaths":0},{"race":[],"age_group":"20-29   ","count":651,"tested":11551,"deaths":0},{"race":[],"age_group":"30-39   ","count":714,"tested":14059,"deaths":0},{"race":[],"age_group":"40-49   ","count":638,"tested":12144,"deaths":0},{"race":[],"age_group":"50-59   ","count":641,"tested":13107,"deaths":0},{"race":[],"age_group":"60-69   ","count":499,"tested":8911,"deaths":0},{"race":[],"age_group":"70-79   ","count":280,"tested":4815,"deaths":0},{"race":[],"age_group":"80+","count":295,"tested":9179,"deaths":0},{"race":[],"age_group":"Unknown","count":0,"tested":3035,"deaths":0}],"race":[{"description":"AI/AN**","count":0,"tested":33,"deaths":0,"color":"rgb(31,119,180)"},{"description":"Asian","count":6,"tested":105,"deaths":0,"color":"rgb(140,86,75)"},{"description":"Black","count":100,"tested":1017,"deaths":0,"color":"rgb(255,127,14)"},{"description":"Hispanic","count":116,"tested":974,"deaths":0,"color":"rgb(214,39,40)"},{"description":"Left Blank","count":1014,"tested":49898,"deaths":0,"color":"rgb(44,160,44)"},{"description":"NH/PI*","count":0,"tested":11,"deaths":0,"color":"rgb(127,127,127)"},{"description":"Other","count":104,"tested":1013,"deaths":0,"color":"rgb(148,103,189)"},{"description":"White","count":2948,"tested":31247,"deaths":0,"color":"rgb(31,119,180)"}],"gender":[{"description":"Female","count":2161,"tested":40303,"deaths":0,"color":"rgb(255,127,14)"},{"description":"Male","count":2059,"tested":25949,"deaths":0,"color":"rgb(31,119,180)"},{"description":"Unknown/Left Blank","count":73,"tested":18046,"deaths":0,"color":"rgb(44,160,44)"}]}}]}
