{"lastUpdatedDate":{"year":2021,"month":3,"day":12},"county_demographics":[{"County":"Hancock","confirmed_cases":1686,"total_tested":16890,"demographics":{"age":[{"race":[],"age_group":"<20","count":240,"tested":2095,"deaths":0},{"race":[],"age_group":"20-29   ","count":212,"tested":2400,"deaths":0},{"race":[],"age_group":"30-39   ","count":223,"tested":2322,"deaths":0},{"race":[],"age_group":"40-49   ","count":197,"tested":2095,"deaths":0},{"race":[],"age_group":"50-59   ","count":267,"tested":2832,"deaths":0},{"race":[],"age_group":"60-69   ","count":266,"tested":2299,"deaths":0},{"race":[],"age_group":"70-79   ","count":170,"tested":1372,"deaths":0},{"race":[],"age_group":"80+","count":111,"tested":1473,"deaths":0},{"race":[],"age_group":"Unknown","count":0,"tested":0,"deaths":0}],"race":[{"description":"AI/AN**","count":0,"tested":8,"deaths":0,"color":"rgb(31,119,180)"},{"description":"Asian","count":0,"tested":6,"deaths":0,"color":"rgb(140,86,75)"},{"description":"Black","count":0,"tested":28,"deaths":0,"color":"rgb(255,127,14)"},{"description":"Hispanic","count":16,"tested":65,"deaths":0,"color":"rgb(214,39,40)"},{"description":"Left Blank","count":928,"tested":8915,"deaths":0,"color":"rgb(44,160,44)"},{"description":"NH/PI*","count":0,"tested":13,"deaths":0,"color":"rgb(127,127,127)"},{"description":"Other","count":17,"tested":157,"deaths":0,"color":"rgb(148,103,189)"},{"description":"White","count":711,"tested":7698,"deaths":0,"color":"rgb(31,119,180)"}],"gender":[{"description":"Female","count":887,"tested":10584,"deaths":0,"color":"rgb(255,127,14)"},{"description":"Male","count":733,"tested":5483,"deaths":0,"color":"rgb(31,119,180)"},{"description":"Unknown/Left Blank","count":66,"tested":823,"deaths":0,"color":"rgb(44,160,44)"}]}}]}
