{"lastUpdatedDate":{"year":2021,"month":3,"day":12},"county_demographics":[{"County":"Perry","confirmed_cases":3088,"total_tested":39338,"demographics":{"age":[{"race":[],"age_group":"<20","count":308,"tested":2614,"deaths":0},{"race":[],"age_group":"20-29   ","count":606,"tested":8516,"deaths":0},{"race":[],"age_group":"30-39   ","count":594,"tested":7411,"deaths":0},{"race":[],"age_group":"40-49   ","count":456,"tested":5985,"deaths":0},{"race":[],"age_group":"50-59   ","count":419,"tested":5079,"deaths":0},{"race":[],"age_group":"60-69   ","count":317,"tested":3203,"deaths":0},{"race":[],"age_group":"70-79   ","count":195,"tested":2250,"deaths":0},{"race":[],"age_group":"80+","count":181,"tested":2605,"deaths":0},{"race":[],"age_group":"Unknown","count":7,"tested":1675,"deaths":0}],"race":[{"description":"AI/AN**","count":0,"tested":0,"deaths":0,"color":"rgb(31,119,180)"},{"description":"Asian","count":10,"tested":33,"deaths":0,"color":"rgb(140,86,75)"},{"description":"Black","count":143,"tested":452,"deaths":0,"color":"rgb(255,127,14)"},{"description":"Hispanic","count":42,"tested":128,"deaths":0,"color":"rgb(214,39,40)"},{"description":"Left Blank","count":1079,"tested":26133,"deaths":0,"color":"rgb(44,160,44)"},{"description":"NH/PI*","count":0,"tested":6,"deaths":0,"color":"rgb(127,127,127)"},{"description":"Other","count":17,"tested":178,"deaths":0,"color":"rgb(148,103,189)"},{"description":"White","count":1786,"tested":12406,"deaths":0,"color":"rgb(31,119,180)"}],"gender":[{"description":"Female","count":1208,"tested":14051,"deaths":0,"color":"rgb(255,127,14)"},{"description":"Male","count":1283,"tested":12983,"deaths":0,"color":"rgb(31,119,180)"},{"description":"Unknown/Left Blank","count":597,"tested":12304,"deaths":0,"color":"rgb(44,160,44)"}]}}]}
