{"lastUpdatedDate":{"year":2021,"month":3,"day":12},"county_demographics":[{"County":"Marshall","confirmed_cases":861,"total_tested":17000,"demographics":{"age":[{"race":[],"age_group":"<20","count":118,"tested":1865,"deaths":0},{"race":[],"age_group":"20-29   ","count":132,"tested":2478,"deaths":0},{"race":[],"age_group":"30-39   ","count":96,"tested":2058,"deaths":0},{"race":[],"age_group":"40-49   ","count":147,"tested":2371,"deaths":0},{"race":[],"age_group":"50-59   ","count":138,"tested":2808,"deaths":0},{"race":[],"age_group":"60-69   ","count":121,"tested":2471,"deaths":0},{"race":[],"age_group":"70-79   ","count":74,"tested":1368,"deaths":0},{"race":[],"age_group":"80+","count":30,"tested":1507,"deaths":0},{"race":[],"age_group":"Unknown","count":0,"tested":74,"deaths":0}],"race":[{"description":"AI/AN**","count":0,"tested":0,"deaths":0,"color":"rgb(31,119,180)"},{"description":"Asian","count":0,"tested":24,"deaths":0,"color":"rgb(140,86,75)"},{"description":"Black","count":0,"tested":43,"deaths":0,"color":"rgb(255,127,14)"},{"description":"Hispanic","count":0,"tested":97,"deaths":0,"color":"rgb(214,39,40)"},{"description":"Left Blank","count":326,"tested":8213,"deaths":0,"color":"rgb(44,160,44)"},{"description":"NH/PI*","count":0,"tested":0,"deaths":0,"color":"rgb(127,127,127)"},{"description":"Other","count":16,"tested":199,"deaths":0,"color":"rgb(148,103,189)"},{"description":"White","count":510,"tested":8421,"deaths":0,"color":"rgb(31,119,180)"}],"gender":[{"description":"Female","count":449,"tested":10980,"deaths":0,"color":"rgb(255,127,14)"},{"description":"Male","count":407,"tested":5629,"deaths":0,"color":"rgb(31,119,180)"},{"description":"Unknown/Left Blank","count":0,"tested":391,"deaths":0,"color":"rgb(44,160,44)"}]}}]}
