{"lastUpdatedDate":{"year":2021,"month":3,"day":12},"county_demographics":[{"County":"Macon","confirmed_cases":9646,"total_tested":150668,"demographics":{"age":[{"race":[],"age_group":"<20","count":1398,"tested":16715,"deaths":0},{"race":[],"age_group":"20-29   ","count":1461,"tested":24743,"deaths":0},{"race":[],"age_group":"30-39   ","count":1424,"tested":22069,"deaths":0},{"race":[],"age_group":"40-49   ","count":1384,"tested":20514,"deaths":0},{"race":[],"age_group":"50-59   ","count":1391,"tested":20101,"deaths":0},{"race":[],"age_group":"60-69   ","count":1194,"tested":18398,"deaths":0},{"race":[],"age_group":"70-79   ","count":798,"tested":12429,"deaths":0},{"race":[],"age_group":"80+","count":593,"tested":14989,"deaths":0},{"race":[],"age_group":"Unknown","count":0,"tested":710,"deaths":0}],"race":[{"description":"AI/AN**","count":10,"tested":43,"deaths":0,"color":"rgb(31,119,180)"},{"description":"Asian","count":74,"tested":471,"deaths":0,"color":"rgb(140,86,75)"},{"description":"Black","count":1663,"tested":10707,"deaths":0,"color":"rgb(255,127,14)"},{"description":"Hispanic","count":187,"tested":764,"deaths":0,"color":"rgb(214,39,40)"},{"description":"Left Blank","count":1130,"tested":91914,"deaths":0,"color":"rgb(44,160,44)"},{"description":"NH/PI*","count":6,"tested":69,"deaths":0,"color":"rgb(127,127,127)"},{"description":"Other","count":135,"tested":1976,"deaths":0,"color":"rgb(148,103,189)"},{"description":"White","count":6438,"tested":44724,"deaths":0,"color":"rgb(31,119,180)"}],"gender":[{"description":"Female","count":5271,"tested":87150,"deaths":0,"color":"rgb(255,127,14)"},{"description":"Male","count":4262,"tested":50314,"deaths":0,"color":"rgb(31,119,180)"},{"description":"Unknown/Left Blank","count":113,"tested":13204,"deaths":0,"color":"rgb(44,160,44)"}]}}]}
