{"age":[{"age_group":"<20","count":19,"tested":160},{"age_group":"20-29   ","count":25,"tested":187},{"age_group":"30-39   ","count":22,"tested":150},{"age_group":"40-49   ","count":25,"tested":189},{"age_group":"50-59   ","count":22,"tested":155},{"age_group":"60-69   ","count":16,"tested":174},{"age_group":"80+","count":8,"tested":44}],"race":[{"description":"White","count":83,"tested":563,"color":"rgb(31,119,180)"},{"description":"Left Blank","count":28,"tested":507,"color":"rgb(44,160,44)"},{"description":"Hispanic","count":23,"tested":50,"color":"rgb(214,39,40)"}],"gender":[{"description":"Female","count":62,"tested":607,"color":"rgb(255,127,14)"},{"description":"Male","count":70,"tested":523,"color":"rgb(31,119,180)"}]}
