{"age":[{"age_group":"<20","count":33,"tested":274},{"age_group":"20-29   ","count":34,"tested":224},{"age_group":"30-39   ","count":27,"tested":160},{"age_group":"40-49   ","count":31,"tested":237},{"age_group":"50-59   ","count":40,"tested":324},{"age_group":"60-69   ","count":38,"tested":329},{"age_group":"70-79   ","count":17,"tested":190}],"race":[{"description":"Hispanic","count":17,"tested":63,"color":"rgb(214,39,40)"},{"description":"White","count":114,"tested":885,"color":"rgb(31,119,180)"},{"description":"Left Blank","count":68,"tested":776,"color":"rgb(44,160,44)"}],"gender":[{"description":"Female","count":105,"tested":927,"color":"rgb(255,127,14)"},{"description":"Male","count":95,"tested":869,"color":"rgb(31,119,180)"}]}
