{"age":[{"age_group":"<20","count":20,"tested":245},{"age_group":"20-29   ","count":19,"tested":362},{"age_group":"30-39   ","count":20,"tested":199},{"age_group":"40-49   ","count":22,"tested":286},{"age_group":"50-59   ","count":41,"tested":303},{"age_group":"60-69   ","count":29,"tested":435},{"age_group":"70-79   ","count":20,"tested":213},{"age_group":"80+","count":23,"tested":562}],"race":[{"description":"Left Blank","count":62,"tested":2013,"color":"rgb(44,160,44)"},{"description":"White","count":105,"tested":566,"color":"rgb(31,119,180)"}],"gender":[{"description":"Female","count":102,"tested":1814,"color":"rgb(255,127,14)"},{"description":"Male","count":67,"tested":766,"color":"rgb(31,119,180)"}]}
