{"age":[{"age_group":"<20","count":139,"tested":883},{"age_group":"20-29   ","count":141,"tested":1402},{"age_group":"30-39   ","count":151,"tested":1682},{"age_group":"40-49   ","count":151,"tested":1497},{"age_group":"50-59   ","count":174,"tested":1955},{"age_group":"60-69   ","count":151,"tested":2154},{"age_group":"70-79   ","count":99,"tested":1375},{"age_group":"80+","count":52,"tested":822}],"race":[{"description":"Black","count":160,"tested":1453,"color":"rgb(255,127,14)"},{"description":"Asian","count":31,"tested":246,"color":"rgb(140,86,75)"},{"description":"Other","count":71,"tested":519,"color":"rgb(148,103,189)"},{"description":"White","count":267,"tested":3658,"color":"rgb(31,119,180)"},{"description":"Left Blank","count":335,"tested":4908,"color":"rgb(44,160,44)"},{"description":"Hispanic","count":168,"tested":968,"color":"rgb(214,39,40)"}],"gender":[{"description":"Female","count":500,"tested":6657,"color":"rgb(255,127,14)"},{"description":"Male","count":481,"tested":4988,"color":"rgb(31,119,180)"}]}
