{"age":[{"age_group":"<20","count":46,"tested":447},{"age_group":"20-29   ","count":66,"tested":513},{"age_group":"30-39   ","count":52,"tested":572},{"age_group":"40-49   ","count":48,"tested":439},{"age_group":"50-59   ","count":37,"tested":380},{"age_group":"60-69   ","count":15,"tested":243},{"age_group":"70-79   ","count":7,"tested":124}],"race":[{"description":"White","count":105,"tested":987,"color":"rgb(31,119,180)"},{"description":"Left Blank","count":69,"tested":1331,"color":"rgb(44,160,44)"},{"description":"Black","count":18,"tested":116,"color":"rgb(255,127,14)"},{"description":"Hispanic","count":72,"tested":244,"color":"rgb(214,39,40)"}],"gender":[{"description":"Female","count":139,"tested":1624,"color":"rgb(255,127,14)"},{"description":"Male","count":126,"tested":1115,"color":"rgb(31,119,180)"}]}
