{"age":[{"age_group":"<20","count":242,"tested":2077},{"age_group":"20-29   ","count":255,"tested":2387},{"age_group":"30-39   ","count":226,"tested":2539},{"age_group":"40-49   ","count":201,"tested":1948},{"age_group":"50-59   ","count":201,"tested":2484},{"age_group":"60-69   ","count":207,"tested":2510},{"age_group":"70-79   ","count":95,"tested":1475},{"age_group":"80+","count":86,"tested":1552}],"race":[{"description":"Hispanic","count":112,"tested":341,"color":"rgb(214,39,40)"},{"description":"Asian","count":74,"tested":310,"color":"rgb(140,86,75)"},{"description":"White","count":553,"tested":6060,"color":"rgb(31,119,180)"},{"description":"Left Blank","count":535,"tested":9479,"color":"rgb(44,160,44)"},{"description":"Black","count":79,"tested":367,"color":"rgb(255,127,14)"},{"description":"Other","count":75,"tested":437,"color":"rgb(148,103,189)"}],"gender":[{"description":"Unknown/Left Blank","count":52,"tested":353,"color":"rgb(44,160,44)"},{"description":"Male","count":589,"tested":7215,"color":"rgb(31,119,180)"},{"description":"Female","count":662,"tested":9435,"color":"rgb(255,127,14)"}]}
