{"age":[{"age_group":"<20","count":592,"tested":3991},{"age_group":"20-29   ","count":742,"tested":6836},{"age_group":"30-39   ","count":681,"tested":6458},{"age_group":"40-49   ","count":655,"tested":5925},{"age_group":"50-59   ","count":587,"tested":6533},{"age_group":"60-69   ","count":360,"tested":4700},{"age_group":"70-79   ","count":260,"tested":3191},{"age_group":"80+","count":202,"tested":2140}],"race":[{"description":"AI/AN**","count":77,"tested":32,"color":"rgb(31,119,180)"},{"description":"NH/PI*","count":77,"tested":36,"color":"rgb(127,127,127)"},{"description":"Asian","count":199,"tested":1568,"color":"rgb(140,86,75)"},{"description":"Other","count":240,"tested":1393,"color":"rgb(148,103,189)"},{"description":"White","count":668,"tested":7492,"color":"rgb(31,119,180)"},{"description":"Left Blank","count":1239,"tested":20236,"color":"rgb(44,160,44)"},{"description":"Black","count":506,"tested":4359,"color":"rgb(255,127,14)"},{"description":"Hispanic","count":1073,"tested":4675,"color":"rgb(214,39,40)"}],"gender":[{"description":"Male","count":1713,"tested":15931,"color":"rgb(31,119,180)"},{"description":"Unknown/Left Blank","count":87,"tested":526,"color":"rgb(44,160,44)"},{"description":"Female","count":1924,"tested":23334,"color":"rgb(255,127,14)"}]}
