{"age":[{"age_group":"<20","count":366,"tested":4284},{"age_group":"20-29   ","count":442,"tested":5568},{"age_group":"30-39   ","count":447,"tested":5756},{"age_group":"40-49   ","count":450,"tested":6831},{"age_group":"50-59   ","count":489,"tested":7531},{"age_group":"60-69   ","count":373,"tested":7457},{"age_group":"70-79   ","count":224,"tested":4198},{"age_group":"80+","count":206,"tested":3215}],"race":[{"description":"Other","count":111,"tested":681,"color":"rgb(148,103,189)"},{"description":"Left Blank","count":1000,"tested":24342,"color":"rgb(44,160,44)"},{"description":"Hispanic","count":90,"tested":636,"color":"rgb(214,39,40)"},{"description":"White","count":339,"tested":5117,"color":"rgb(31,119,180)"},{"description":"Asian","count":38,"tested":59,"color":"rgb(140,86,75)"},{"description":"Black","count":1351,"tested":13933,"color":"rgb(255,127,14)"}],"gender":[{"description":"Unknown/Left Blank","count":94,"tested":3189,"color":"rgb(44,160,44)"},{"description":"Male","count":1223,"tested":17749,"color":"rgb(31,119,180)"},{"description":"Female","count":1520,"tested":23919,"color":"rgb(255,127,14)"}]}
