{"age":[{"age_group":"<20","count":430,"tested":2103},{"age_group":"20-29   ","count":576,"tested":3300},{"age_group":"30-39   ","count":524,"tested":2819},{"age_group":"40-49   ","count":509,"tested":2481},{"age_group":"50-59   ","count":433,"tested":2247},{"age_group":"60-69   ","count":270,"tested":1913},{"age_group":"70-79   ","count":161,"tested":1446},{"age_group":"80+","count":128,"tested":1457}],"race":[{"description":"White","count":516,"tested":3863,"color":"rgb(31,119,180)"},{"description":"Other","count":191,"tested":897,"color":"rgb(148,103,189)"},{"description":"Left Blank","count":845,"tested":7743,"color":"rgb(44,160,44)"},{"description":"Black","count":139,"tested":610,"color":"rgb(255,127,14)"},{"description":"Hispanic","count":1129,"tested":4571,"color":"rgb(214,39,40)"},{"description":"Asian","count":78,"tested":108,"color":"rgb(140,86,75)"}],"gender":[{"description":"Female","count":1305,"tested":9864,"color":"rgb(255,127,14)"},{"description":"Male","count":1309,"tested":7723,"color":"rgb(31,119,180)"},{"description":"Unknown/Left Blank","count":88,"tested":217,"color":"rgb(44,160,44)"}]}
