{"age":[{"age_group":"<20","count":43,"tested":333},{"age_group":"20-29   ","count":48,"tested":331},{"age_group":"30-39   ","count":39,"tested":371},{"age_group":"40-49   ","count":39,"tested":229},{"age_group":"50-59   ","count":59,"tested":374},{"age_group":"60-69   ","count":46,"tested":318},{"age_group":"70-79   ","count":24,"tested":308},{"age_group":"80+","count":18,"tested":364}],"race":[{"description":"White","count":208,"tested":1776,"color":"rgb(31,119,180)"},{"description":"Left Blank","count":55,"tested":796,"color":"rgb(44,160,44)"}],"gender":[{"description":"Female","count":140,"tested":1627,"color":"rgb(255,127,14)"},{"description":"Male","count":127,"tested":964,"color":"rgb(31,119,180)"}]}
