{"age":[{"age_group":"<20","count":131,"tested":702},{"age_group":"20-29   ","count":146,"tested":875},{"age_group":"30-39   ","count":124,"tested":815},{"age_group":"40-49   ","count":112,"tested":763},{"age_group":"50-59   ","count":133,"tested":1018},{"age_group":"60-69   ","count":115,"tested":759},{"age_group":"70-79   ","count":77,"tested":458}],"race":[{"description":"Other","count":68,"tested":58,"color":"rgb(148,103,189)"},{"description":"White","count":308,"tested":3163,"color":"rgb(31,119,180)"},{"description":"Left Blank","count":206,"tested":1999,"color":"rgb(44,160,44)"},{"description":"Hispanic","count":90,"tested":248,"color":"rgb(214,39,40)"}],"gender":[{"description":"Female","count":290,"tested":3148,"color":"rgb(255,127,14)"},{"description":"Male","count":276,"tested":2364,"color":"rgb(31,119,180)"}]}
