{"age":[{"age_group":"<20","count":107,"tested":937},{"age_group":"20-29   ","count":145,"tested":1219},{"age_group":"30-39   ","count":118,"tested":1001},{"age_group":"40-49   ","count":104,"tested":984},{"age_group":"50-59   ","count":125,"tested":1169},{"age_group":"60-69   ","count":98,"tested":1126},{"age_group":"70-79   ","count":60,"tested":846},{"age_group":"80+","count":52,"tested":885}],"race":[{"description":"White","count":415,"tested":4052,"color":"rgb(31,119,180)"},{"description":"Other","count":27,"tested":147,"color":"rgb(148,103,189)"},{"description":"Left Blank","count":166,"tested":3250,"color":"rgb(44,160,44)"},{"description":"Hispanic","count":137,"tested":631,"color":"rgb(214,39,40)"},{"description":"Asian","count":19,"tested":32,"color":"rgb(140,86,75)"},{"description":"Black","count":20,"tested":49,"color":"rgb(255,127,14)"}],"gender":[{"description":"Male","count":336,"tested":3033,"color":"rgb(31,119,180)"},{"description":"Female","count":398,"tested":4975,"color":"rgb(255,127,14)"}]}
