{"age":[{"age_group":"<20","count":16,"tested":120},{"age_group":"20-29   ","count":8,"tested":40},{"age_group":"30-39   ","count":10,"tested":79},{"age_group":"40-49   ","count":10,"tested":58},{"age_group":"50-59   ","count":10,"tested":101},{"age_group":"60-69   ","count":12,"tested":124},{"age_group":"70-79   ","count":8,"tested":71}],"race":[{"description":"Left Blank","count":25,"tested":319,"color":"rgb(44,160,44)"},{"description":"White","count":42,"tested":270,"color":"rgb(31,119,180)"}],"gender":[{"description":"Male","count":29,"tested":247,"color":"rgb(31,119,180)"},{"description":"Female","count":36,"tested":371,"color":"rgb(255,127,14)"}]}
