{"age":[{"age_group":"<20","count":451,"tested":3738},{"age_group":"20-29   ","count":398,"tested":3722},{"age_group":"30-39   ","count":300,"tested":3064},{"age_group":"40-49   ","count":385,"tested":3457},{"age_group":"50-59   ","count":428,"tested":4441},{"age_group":"60-69   ","count":331,"tested":3959},{"age_group":"70-79   ","count":240,"tested":2617},{"age_group":"80+","count":225,"tested":2624}],"race":[{"description":"Hispanic","count":210,"tested":1047,"color":"rgb(214,39,40)"},{"description":"Asian","count":227,"tested":1224,"color":"rgb(140,86,75)"},{"description":"White","count":999,"tested":11593,"color":"rgb(31,119,180)"},{"description":"Black","count":143,"tested":266,"color":"rgb(255,127,14)"},{"description":"Left Blank","count":725,"tested":12892,"color":"rgb(44,160,44)"},{"description":"Other","count":191,"tested":533,"color":"rgb(148,103,189)"}],"gender":[{"description":"Male","count":988,"tested":11626,"color":"rgb(31,119,180)"},{"description":"Unknown/Left Blank","count":149,"tested":760,"color":"rgb(44,160,44)"},{"description":"Female","count":976,"tested":15239,"color":"rgb(255,127,14)"}]}
