{"age":[{"age_group":"<20","count":200,"tested":1711},{"age_group":"20-29   ","count":207,"tested":1773},{"age_group":"30-39   ","count":207,"tested":2338},{"age_group":"40-49   ","count":234,"tested":2194},{"age_group":"50-59   ","count":169,"tested":1780},{"age_group":"60-69   ","count":144,"tested":1843},{"age_group":"70-79   ","count":62,"tested":1038},{"age_group":"80+","count":52,"tested":1623}],"race":[{"description":"Black","count":53,"tested":250,"color":"rgb(255,127,14)"},{"description":"Asian","count":37,"tested":128,"color":"rgb(140,86,75)"},{"description":"White","count":398,"tested":4895,"color":"rgb(31,119,180)"},{"description":"Hispanic","count":224,"tested":1213,"color":"rgb(214,39,40)"},{"description":"Other","count":91,"tested":652,"color":"rgb(148,103,189)"},{"description":"Left Blank","count":416,"tested":7150,"color":"rgb(44,160,44)"}],"gender":[{"description":"Female","count":584,"tested":8153,"color":"rgb(255,127,14)"},{"description":"Male","count":523,"tested":5858,"color":"rgb(31,119,180)"},{"description":"Unknown/Left Blank","count":33,"tested":293,"color":"rgb(44,160,44)"}]}
