{"age":[{"age_group":"<20","count":223,"tested":1841},{"age_group":"20-29   ","count":207,"tested":2166},{"age_group":"30-39   ","count":162,"tested":1803},{"age_group":"40-49   ","count":249,"tested":2279},{"age_group":"50-59   ","count":222,"tested":2600},{"age_group":"60-69   ","count":107,"tested":1437},{"age_group":"70-79   ","count":58,"tested":624},{"age_group":"80+","count":37,"tested":241}],"race":[{"description":"Other","count":83,"tested":571,"color":"rgb(148,103,189)"},{"description":"Left Blank","count":441,"tested":5965,"color":"rgb(44,160,44)"},{"description":"Black","count":157,"tested":1375,"color":"rgb(255,127,14)"},{"description":"Asian","count":114,"tested":1130,"color":"rgb(140,86,75)"},{"description":"Hispanic","count":159,"tested":830,"color":"rgb(214,39,40)"},{"description":"White","count":254,"tested":3085,"color":"rgb(31,119,180)"}],"gender":[{"description":"Female","count":569,"tested":7095,"color":"rgb(255,127,14)"},{"description":"Male","count":537,"tested":5761,"color":"rgb(31,119,180)"}]}
