{"age":[{"age_group":"<20","count":215,"tested":2140},{"age_group":"20-29   ","count":249,"tested":3738},{"age_group":"30-39   ","count":343,"tested":4826},{"age_group":"40-49   ","count":288,"tested":4353},{"age_group":"50-59   ","count":228,"tested":4370},{"age_group":"60-69   ","count":195,"tested":4314},{"age_group":"70-79   ","count":108,"tested":2588},{"age_group":"80+","count":70,"tested":1442}],"race":[{"description":"Left Blank","count":389,"tested":10623,"color":"rgb(44,160,44)"},{"description":"Other","count":38,"tested":486,"color":"rgb(148,103,189)"},{"description":"White","count":48,"tested":926,"color":"rgb(31,119,180)"},{"description":"Black","count":1118,"tested":15048,"color":"rgb(255,127,14)"},{"description":"Hispanic","count":58,"tested":507,"color":"rgb(214,39,40)"},{"description":"Asian","count":25,"tested":151,"color":"rgb(140,86,75)"}],"gender":[{"description":"Male","count":711,"tested":11021,"color":"rgb(31,119,180)"},{"description":"Unknown/Left Blank","count":37,"tested":1235,"color":"rgb(44,160,44)"},{"description":"Female","count":903,"tested":15536,"color":"rgb(255,127,14)"}]}
