{"age":[{"age_group":"<20","count":33,"tested":267},{"age_group":"20-29   ","count":30,"tested":150},{"age_group":"30-39   ","count":29,"tested":119},{"age_group":"40-49   ","count":34,"tested":174},{"age_group":"50-59   ","count":29,"tested":177}],"race":[{"description":"Left Blank","count":37,"tested":241,"color":"rgb(44,160,44)"},{"description":"White","count":57,"tested":931,"color":"rgb(31,119,180)"}],"gender":[{"description":"Female","count":48,"tested":713,"color":"rgb(255,127,14)"},{"description":"Male","count":48,"tested":516,"color":"rgb(31,119,180)"}]}
