{"age":[{"age_group":"<20","count":415,"tested":3956},{"age_group":"20-29   ","count":590,"tested":6372},{"age_group":"30-39   ","count":530,"tested":6224},{"age_group":"40-49   ","count":471,"tested":5950},{"age_group":"50-59   ","count":450,"tested":6336},{"age_group":"60-69   ","count":364,"tested":5711},{"age_group":"70-79   ","count":169,"tested":2745},{"age_group":"80+","count":144,"tested":1674}],"race":[{"description":"Hispanic","count":597,"tested":2488,"color":"rgb(214,39,40)"},{"description":"Asian","count":260,"tested":1626,"color":"rgb(140,86,75)"},{"description":"Left Blank","count":770,"tested":22173,"color":"rgb(44,160,44)"},{"description":"White","count":785,"tested":7665,"color":"rgb(31,119,180)"},{"description":"Black","count":346,"tested":2791,"color":"rgb(255,127,14)"},{"description":"AI/AN**","count":31,"tested":47,"color":"rgb(31,119,180)"},{"description":"Other","count":318,"tested":2139,"color":"rgb(148,103,189)"}],"gender":[{"description":"Unknown/Left Blank","count":44,"tested":1994,"color":"rgb(44,160,44)"},{"description":"Male","count":1454,"tested":16390,"color":"rgb(31,119,180)"},{"description":"Female","count":1510,"tested":20601,"color":"rgb(255,127,14)"}]}
