{"age":[{"age_group":"<20","count":303,"tested":3285},{"age_group":"20-29   ","count":456,"tested":5883},{"age_group":"30-39   ","count":451,"tested":5478},{"age_group":"40-49   ","count":510,"tested":5656},{"age_group":"50-59   ","count":482,"tested":7268},{"age_group":"60-69   ","count":365,"tested":7110},{"age_group":"70-79   ","count":190,"tested":3449},{"age_group":"80+","count":144,"tested":1825}],"race":[{"description":"Left Blank","count":649,"tested":14264,"color":"rgb(44,160,44)"},{"description":"Other","count":65,"tested":451,"color":"rgb(148,103,189)"},{"description":"Black","count":2006,"tested":24282,"color":"rgb(255,127,14)"},{"description":"Hispanic","count":74,"tested":404,"color":"rgb(214,39,40)"},{"description":"White","count":45,"tested":404,"color":"rgb(31,119,180)"}],"gender":[{"description":"Male","count":1107,"tested":15742,"color":"rgb(31,119,180)"},{"description":"Unknown/Left Blank","count":34,"tested":572,"color":"rgb(44,160,44)"},{"description":"Female","count":1671,"tested":23656,"color":"rgb(255,127,14)"}]}
