{"age":[{"age_group":"<20","count":67,"tested":486},{"age_group":"20-29   ","count":84,"tested":653},{"age_group":"30-39   ","count":67,"tested":643},{"age_group":"40-49   ","count":64,"tested":555},{"age_group":"50-59   ","count":88,"tested":713},{"age_group":"60-69   ","count":74,"tested":624},{"age_group":"70-79   ","count":81,"tested":535},{"age_group":"80+","count":67,"tested":608}],"race":[{"description":"Other","count":36,"tested":78,"color":"rgb(148,103,189)"},{"description":"Left Blank","count":56,"tested":591,"color":"rgb(44,160,44)"},{"description":"White","count":330,"tested":3942,"color":"rgb(31,119,180)"},{"description":"Hispanic","count":50,"tested":113,"color":"rgb(214,39,40)"}],"gender":[{"description":"Female","count":231,"tested":2937,"color":"rgb(255,127,14)"},{"description":"Male","count":182,"tested":1810,"color":"rgb(31,119,180)"}]}
