{"age":[{"age_group":"<20","count":356,"tested":1900},{"age_group":"20-29   ","count":544,"tested":3968},{"age_group":"30-39   ","count":465,"tested":3399},{"age_group":"40-49   ","count":396,"tested":2760},{"age_group":"50-59   ","count":424,"tested":3299},{"age_group":"60-69   ","count":346,"tested":3117},{"age_group":"70-79   ","count":215,"tested":1710},{"age_group":"80+","count":166,"tested":1180}],"race":[{"description":"Left Blank","count":1118,"tested":10759,"color":"rgb(44,160,44)"},{"description":"Other","count":171,"tested":717,"color":"rgb(148,103,189)"},{"description":"White","count":970,"tested":7869,"color":"rgb(31,119,180)"},{"description":"Black","count":170,"tested":1097,"color":"rgb(255,127,14)"},{"description":"Hispanic","count":179,"tested":522,"color":"rgb(214,39,40)"},{"description":"Asian","count":129,"tested":335,"color":"rgb(140,86,75)"}],"gender":[{"description":"Male","count":1140,"tested":8966,"color":"rgb(31,119,180)"},{"description":"Unknown/Left Blank","count":99,"tested":304,"color":"rgb(44,160,44)"},{"description":"Female","count":1248,"tested":12067,"color":"rgb(255,127,14)"}]}
