{"age":[{"age_group":"<20","count":591,"tested":3568},{"age_group":"20-29   ","count":668,"tested":6474},{"age_group":"30-39   ","count":644,"tested":6703},{"age_group":"40-49   ","count":602,"tested":6568},{"age_group":"50-59   ","count":580,"tested":6996},{"age_group":"60-69   ","count":454,"tested":6165},{"age_group":"70-79   ","count":300,"tested":3238},{"age_group":"80+","count":285,"tested":2951}],"race":[{"description":"Other","count":165,"tested":1483,"color":"rgb(148,103,189)"},{"description":"Left Blank","count":784,"tested":8688,"color":"rgb(44,160,44)"},{"description":"Black","count":823,"tested":11559,"color":"rgb(255,127,14)"},{"description":"Hispanic","count":678,"tested":2245,"color":"rgb(214,39,40)"},{"description":"White","count":1395,"tested":18482,"color":"rgb(31,119,180)"}],"gender":[{"description":"Unknown/Left Blank","count":101,"tested":251,"color":"rgb(44,160,44)"},{"description":"Male","count":1595,"tested":16525,"color":"rgb(31,119,180)"},{"description":"Female","count":1973,"tested":25903,"color":"rgb(255,127,14)"}]}
