{"age":[{"age_group":"<20","count":545,"tested":2758},{"age_group":"20-29   ","count":518,"tested":2696},{"age_group":"30-39   ","count":425,"tested":2179},{"age_group":"40-49   ","count":529,"tested":2554},{"age_group":"50-59   ","count":636,"tested":3354},{"age_group":"60-69   ","count":446,"tested":2295},{"age_group":"70-79   ","count":297,"tested":1308},{"age_group":"80+","count":242,"tested":525}],"race":[{"description":"Black","count":293,"tested":830,"color":"rgb(255,127,14)"},{"description":"Asian","count":227,"tested":173,"color":"rgb(140,86,75)"},{"description":"Other","count":271,"tested":594,"color":"rgb(148,103,189)"},{"description":"White","count":1067,"tested":7158,"color":"rgb(31,119,180)"},{"description":"Left Blank","count":1105,"tested":8583,"color":"rgb(44,160,44)"},{"description":"Hispanic","count":269,"tested":316,"color":"rgb(214,39,40)"}],"gender":[{"description":"Female","count":1255,"tested":9443,"color":"rgb(255,127,14)"},{"description":"Male","count":1162,"tested":8072,"color":"rgb(31,119,180)"}]}
