{"age":[{"age_group":"<20","count":21,"tested":167},{"age_group":"20-29   ","count":18,"tested":108},{"age_group":"30-39   ","count":21,"tested":104},{"age_group":"40-49   ","count":18,"tested":71},{"age_group":"50-59   ","count":29,"tested":142},{"age_group":"60-69   ","count":17,"tested":107},{"age_group":"70-79   ","count":11,"tested":55},{"age_group":"80+","count":9,"tested":34}],"race":[{"description":"Left Blank","count":31,"tested":288,"color":"rgb(44,160,44)"},{"description":"White","count":90,"tested":482,"color":"rgb(31,119,180)"}],"gender":[{"description":"Female","count":73,"tested":459,"color":"rgb(255,127,14)"},{"description":"Male","count":52,"tested":323,"color":"rgb(31,119,180)"}]}
