{"age":[{"age_group":"<20","count":249,"tested":2642},{"age_group":"20-29   ","count":258,"tested":2894},{"age_group":"30-39   ","count":199,"tested":2151},{"age_group":"40-49   ","count":229,"tested":2570},{"age_group":"50-59   ","count":271,"tested":3108},{"age_group":"60-69   ","count":210,"tested":2838},{"age_group":"70-79   ","count":160,"tested":1554},{"age_group":"80+","count":174,"tested":1524}],"race":[{"description":"Hispanic","count":144,"tested":658,"color":"rgb(214,39,40)"},{"description":"Left Blank","count":349,"tested":7610,"color":"rgb(44,160,44)"},{"description":"White","count":699,"tested":9504,"color":"rgb(31,119,180)"},{"description":"Other","count":146,"tested":678,"color":"rgb(148,103,189)"},{"description":"Black","count":107,"tested":291,"color":"rgb(255,127,14)"},{"description":"Asian","count":119,"tested":466,"color":"rgb(140,86,75)"}],"gender":[{"description":"Female","count":607,"tested":9826,"color":"rgb(255,127,14)"},{"description":"Male","count":573,"tested":8243,"color":"rgb(31,119,180)"},{"description":"Unknown/Left Blank","count":105,"tested":1216,"color":"rgb(44,160,44)"}]}
