{"age":[{"age_group":"<20","count":123,"tested":929},{"age_group":"20-29   ","count":139,"tested":1334},{"age_group":"30-39   ","count":101,"tested":1181},{"age_group":"40-49   ","count":107,"tested":1308},{"age_group":"50-59   ","count":132,"tested":1560},{"age_group":"60-69   ","count":65,"tested":1195},{"age_group":"70-79   ","count":35,"tested":398},{"age_group":"80+","count":6,"tested":168}],"race":[{"description":"Left Blank","count":246,"tested":3636,"color":"rgb(44,160,44)"},{"description":"Other","count":13,"tested":169,"color":"rgb(148,103,189)"},{"description":"White","count":305,"tested":3494,"color":"rgb(31,119,180)"},{"description":"Asian","count":7,"tested":97,"color":"rgb(140,86,75)"},{"description":"Hispanic","count":132,"tested":597,"color":"rgb(214,39,40)"}],"gender":[{"description":"Female","count":366,"tested":4400,"color":"rgb(255,127,14)"},{"description":"Male","count":336,"tested":3560,"color":"rgb(31,119,180)"}]}
