{"age":[{"age_group":"<20","count":346,"tested":3378},{"age_group":"20-29   ","count":467,"tested":4673},{"age_group":"30-39   ","count":248,"tested":2828},{"age_group":"40-49   ","count":323,"tested":3385},{"age_group":"50-59   ","count":450,"tested":4511},{"age_group":"60-69   ","count":345,"tested":4031},{"age_group":"70-79   ","count":166,"tested":3170},{"age_group":"80+","count":164,"tested":5676}],"race":[{"description":"Black","count":44,"tested":535,"color":"rgb(255,127,14)"},{"description":"White","count":1254,"tested":12967,"color":"rgb(31,119,180)"},{"description":"Hispanic","count":88,"tested":728,"color":"rgb(214,39,40)"},{"description":"Asian","count":76,"tested":819,"color":"rgb(140,86,75)"},{"description":"Left Blank","count":933,"tested":15448,"color":"rgb(44,160,44)"},{"description":"Other","count":108,"tested":1127,"color":"rgb(148,103,189)"}],"gender":[{"description":"Male","count":1189,"tested":13200,"color":"rgb(31,119,180)"},{"description":"Female","count":1306,"tested":17709,"color":"rgb(255,127,14)"}]}
