{"age":[{"age_group":"<20","count":15,"tested":188},{"age_group":"20-29   ","count":14,"tested":124},{"age_group":"30-39   ","count":24,"tested":135},{"age_group":"40-49   ","count":20,"tested":108},{"age_group":"50-59   ","count":18,"tested":166},{"age_group":"60-69   ","count":20,"tested":109},{"age_group":"70-79   ","count":10,"tested":28}],"race":[{"description":"Left Blank","count":42,"tested":307,"color":"rgb(44,160,44)"},{"description":"White","count":76,"tested":540,"color":"rgb(31,119,180)"}],"gender":[{"description":"Female","count":69,"tested":501,"color":"rgb(255,127,14)"},{"description":"Male","count":53,"tested":324,"color":"rgb(31,119,180)"}]}
