{"age":[{"age_group":"<20","count":74,"tested":713},{"age_group":"20-29   ","count":75,"tested":813},{"age_group":"30-39   ","count":81,"tested":735},{"age_group":"40-49   ","count":86,"tested":1096},{"age_group":"50-59   ","count":90,"tested":1316},{"age_group":"60-69   ","count":64,"tested":1085},{"age_group":"70-79   ","count":30,"tested":575},{"age_group":"80+","count":28,"tested":348}],"race":[{"description":"Left Blank","count":114,"tested":1250,"color":"rgb(44,160,44)"},{"description":"White","count":277,"tested":3888,"color":"rgb(31,119,180)"},{"description":"Hispanic","count":49,"tested":354,"color":"rgb(214,39,40)"},{"description":"Black","count":77,"tested":945,"color":"rgb(255,127,14)"},{"description":"Other","count":11,"tested":213,"color":"rgb(148,103,189)"}],"gender":[{"description":"Female","count":292,"tested":4183,"color":"rgb(255,127,14)"},{"description":"Male","count":236,"tested":2466,"color":"rgb(31,119,180)"}]}
