{"age":[{"age_group":"<20","count":184,"tested":2066},{"age_group":"20-29   ","count":173,"tested":2356},{"age_group":"30-39   ","count":211,"tested":2362},{"age_group":"40-49   ","count":191,"tested":2304},{"age_group":"50-59   ","count":159,"tested":2331},{"age_group":"60-69   ","count":125,"tested":1831},{"age_group":"70-79   ","count":58,"tested":790},{"age_group":"80+","count":28,"tested":491}],"race":[{"description":"White","count":47,"tested":728,"color":"rgb(31,119,180)"},{"description":"Other","count":28,"tested":271,"color":"rgb(148,103,189)"},{"description":"Left Blank","count":353,"tested":5560,"color":"rgb(44,160,44)"},{"description":"Black","count":547,"tested":7005,"color":"rgb(255,127,14)"},{"description":"Hispanic","count":150,"tested":926,"color":"rgb(214,39,40)"}],"gender":[{"description":"Male","count":485,"tested":5591,"color":"rgb(31,119,180)"},{"description":"Female","count":640,"tested":8516,"color":"rgb(255,127,14)"}]}
