{"age":[{"age_group":"<20","count":430,"tested":47281},{"age_group":"20-29   ","count":242,"tested":7508},{"age_group":"30-39   ","count":209,"tested":5443},{"age_group":"40-49   ","count":254,"tested":6379},{"age_group":"50-59   ","count":288,"tested":7940},{"age_group":"60-69   ","count":193,"tested":6758},{"age_group":"70-79   ","count":131,"tested":4551},{"age_group":"80+","count":177,"tested":7882}],"race":[{"description":"Other","count":144,"tested":3998,"color":"rgb(148,103,189)"},{"description":"White","count":1150,"tested":54366,"color":"rgb(31,119,180)"},{"description":"Black","count":26,"tested":879,"color":"rgb(255,127,14)"},{"description":"Asian","count":71,"tested":2642,"color":"rgb(140,86,75)"},{"description":"Left Blank","count":450,"tested":28287,"color":"rgb(44,160,44)"},{"description":"Hispanic","count":79,"tested":3469,"color":"rgb(214,39,40)"}],"gender":[{"description":"Female","count":980,"tested":50382,"color":"rgb(255,127,14)"},{"description":"Male","count":920,"tested":42748,"color":"rgb(31,119,180)"},{"description":"Unknown/Left Blank","count":25,"tested":619,"color":"rgb(44,160,44)"}]}
