{"age":[{"age_group":"<20","count":208,"tested":2220},{"age_group":"20-29   ","count":252,"tested":3047},{"age_group":"30-39   ","count":287,"tested":3510},{"age_group":"40-49   ","count":259,"tested":3176},{"age_group":"50-59   ","count":242,"tested":3529},{"age_group":"60-69   ","count":161,"tested":2596},{"age_group":"70-79   ","count":80,"tested":2158},{"age_group":"80+","count":91,"tested":8183}],"race":[{"description":"AI/AN**","count":8,"tested":32,"color":"rgb(31,119,180)"},{"description":"White","count":517,"tested":6011,"color":"rgb(31,119,180)"},{"description":"Left Blank","count":537,"tested":18220,"color":"rgb(44,160,44)"},{"description":"Other","count":55,"tested":472,"color":"rgb(148,103,189)"},{"description":"Black","count":55,"tested":612,"color":"rgb(255,127,14)"},{"description":"Hispanic","count":223,"tested":1167,"color":"rgb(214,39,40)"},{"description":"Asian","count":184,"tested":2113,"color":"rgb(140,86,75)"}],"gender":[{"description":"Female","count":848,"tested":17752,"color":"rgb(255,127,14)"},{"description":"Unknown/Left Blank","count":8,"tested":546,"color":"rgb(44,160,44)"},{"description":"Male","count":724,"tested":10379,"color":"rgb(31,119,180)"}]}
