{"lastUpdatedDate":{"year":2021,"month":2,"day":17},"county_demographics":[{"County":"Henry","confirmed_cases":4284,"total_tested":55499,"demographics":{"age":[{"race":[],"age_group":"<20","count":639,"tested":6315,"deaths":0},{"race":[],"age_group":"20-29   ","count":594,"tested":7626,"deaths":0},{"race":[],"age_group":"30-39   ","count":607,"tested":8189,"deaths":0},{"race":[],"age_group":"40-49   ","count":647,"tested":8035,"deaths":0},{"race":[],"age_group":"50-59   ","count":679,"tested":9037,"deaths":0},{"race":[],"age_group":"60-69   ","count":538,"tested":6927,"deaths":0},{"race":[],"age_group":"70-79   ","count":290,"tested":4113,"deaths":0},{"race":[],"age_group":"80+","count":284,"tested":5097,"deaths":0},{"race":[],"age_group":"Unknown","count":0,"tested":160,"deaths":0}],"race":[{"description":"AI/AN**","count":0,"tested":12,"deaths":0,"color":"rgb(31,119,180)"},{"description":"Asian","count":0,"tested":47,"deaths":0,"color":"rgb(140,86,75)"},{"description":"Black","count":59,"tested":565,"deaths":0,"color":"rgb(255,127,14)"},{"description":"Hispanic","count":181,"tested":928,"deaths":0,"color":"rgb(214,39,40)"},{"description":"Left Blank","count":1382,"tested":31292,"deaths":0,"color":"rgb(44,160,44)"},{"description":"NH/PI*","count":0,"tested":14,"deaths":0,"color":"rgb(127,127,127)"},{"description":"Other","count":95,"tested":723,"deaths":0,"color":"rgb(148,103,189)"},{"description":"White","count":2560,"tested":21918,"deaths":0,"color":"rgb(31,119,180)"}],"gender":[{"description":"Female","count":2352,"tested":33124,"deaths":0,"color":"rgb(255,127,14)"},{"description":"Male","count":1892,"tested":18313,"deaths":0,"color":"rgb(31,119,180)"},{"description":"Unknown/Left Blank","count":35,"tested":4062,"deaths":0,"color":"rgb(44,160,44)"}]}}]}
