{"lastUpdatedDate":{"year":2021,"month":2,"day":17},"county_demographics":[{"County":"Jackson","confirmed_cases":4557,"total_tested":62077,"demographics":{"age":[{"race":[],"age_group":"<20","count":836,"tested":9561,"deaths":0},{"race":[],"age_group":"20-29   ","count":1246,"tested":15747,"deaths":0},{"race":[],"age_group":"30-39   ","count":638,"tested":8940,"deaths":0},{"race":[],"age_group":"40-49   ","count":481,"tested":7412,"deaths":0},{"race":[],"age_group":"50-59   ","count":496,"tested":6859,"deaths":0},{"race":[],"age_group":"60-69   ","count":423,"tested":5869,"deaths":0},{"race":[],"age_group":"70-79   ","count":253,"tested":4040,"deaths":0},{"race":[],"age_group":"80+","count":184,"tested":3590,"deaths":0},{"race":[],"age_group":"Unknown","count":0,"tested":59,"deaths":0}],"race":[{"description":"AI/AN**","count":0,"tested":26,"deaths":0,"color":"rgb(31,119,180)"},{"description":"Asian","count":29,"tested":506,"deaths":0,"color":"rgb(140,86,75)"},{"description":"Black","count":612,"tested":6910,"deaths":0,"color":"rgb(255,127,14)"},{"description":"Hispanic","count":260,"tested":1373,"deaths":0,"color":"rgb(214,39,40)"},{"description":"Left Blank","count":669,"tested":19047,"deaths":0,"color":"rgb(44,160,44)"},{"description":"NH/PI*","count":0,"tested":6,"deaths":0,"color":"rgb(127,127,127)"},{"description":"Other","count":76,"tested":1171,"deaths":0,"color":"rgb(148,103,189)"},{"description":"White","count":2905,"tested":33038,"deaths":0,"color":"rgb(31,119,180)"}],"gender":[{"description":"Female","count":2282,"tested":31691,"deaths":0,"color":"rgb(255,127,14)"},{"description":"Male","count":2136,"tested":23366,"deaths":0,"color":"rgb(31,119,180)"},{"description":"Unknown/Left Blank","count":135,"tested":7020,"deaths":0,"color":"rgb(44,160,44)"}]}}]}
