{"lastUpdatedDate":{"year":2021,"month":2,"day":17},"county_demographics":[{"County":"Greene","confirmed_cases":1371,"total_tested":11992,"demographics":{"age":[{"race":[],"age_group":"<20","count":153,"tested":1684,"deaths":0},{"race":[],"age_group":"20-29   ","count":183,"tested":1750,"deaths":0},{"race":[],"age_group":"30-39   ","count":190,"tested":1848,"deaths":0},{"race":[],"age_group":"40-49   ","count":181,"tested":1660,"deaths":0},{"race":[],"age_group":"50-59   ","count":240,"tested":1876,"deaths":0},{"race":[],"age_group":"60-69   ","count":168,"tested":1374,"deaths":0},{"race":[],"age_group":"70-79   ","count":137,"tested":946,"deaths":0},{"race":[],"age_group":"80+","count":107,"tested":853,"deaths":0},{"race":[],"age_group":"Unknown","count":9,"tested":0,"deaths":0}],"race":[{"description":"AI/AN**","count":0,"tested":0,"deaths":0,"color":"rgb(31,119,180)"},{"description":"Asian","count":0,"tested":7,"deaths":0,"color":"rgb(140,86,75)"},{"description":"Black","count":0,"tested":42,"deaths":0,"color":"rgb(255,127,14)"},{"description":"Hispanic","count":0,"tested":17,"deaths":0,"color":"rgb(214,39,40)"},{"description":"Left Blank","count":616,"tested":6458,"deaths":0,"color":"rgb(44,160,44)"},{"description":"NH/PI*","count":0,"tested":0,"deaths":0,"color":"rgb(127,127,127)"},{"description":"Other","count":8,"tested":86,"deaths":0,"color":"rgb(148,103,189)"},{"description":"White","count":744,"tested":5374,"deaths":0,"color":"rgb(31,119,180)"}],"gender":[{"description":"Female","count":696,"tested":7162,"deaths":0,"color":"rgb(255,127,14)"},{"description":"Male","count":549,"tested":4008,"deaths":0,"color":"rgb(31,119,180)"},{"description":"Unknown/Left Blank","count":126,"tested":822,"deaths":0,"color":"rgb(44,160,44)"}]}}]}
