{"lastUpdatedDate":{"year":2021,"month":2,"day":17},"county_demographics":[{"County":"Bureau","confirmed_cases":3233,"total_tested":34641,"demographics":{"age":[{"race":[],"age_group":"<20","count":387,"tested":3685,"deaths":0},{"race":[],"age_group":"20-29   ","count":437,"tested":4936,"deaths":0},{"race":[],"age_group":"30-39   ","count":476,"tested":5212,"deaths":0},{"race":[],"age_group":"40-49   ","count":487,"tested":4902,"deaths":0},{"race":[],"age_group":"50-59   ","count":542,"tested":5842,"deaths":0},{"race":[],"age_group":"60-69   ","count":395,"tested":4758,"deaths":0},{"race":[],"age_group":"70-79   ","count":266,"tested":2473,"deaths":0},{"race":[],"age_group":"80+","count":243,"tested":2831,"deaths":0},{"race":[],"age_group":"Unknown","count":0,"tested":0,"deaths":0}],"race":[{"description":"AI/AN**","count":0,"tested":0,"deaths":0,"color":"rgb(31,119,180)"},{"description":"Asian","count":6,"tested":107,"deaths":0,"color":"rgb(140,86,75)"},{"description":"Black","count":7,"tested":153,"deaths":0,"color":"rgb(255,127,14)"},{"description":"Hispanic","count":239,"tested":894,"deaths":0,"color":"rgb(214,39,40)"},{"description":"Left Blank","count":1307,"tested":18974,"deaths":0,"color":"rgb(44,160,44)"},{"description":"NH/PI*","count":0,"tested":60,"deaths":0,"color":"rgb(127,127,127)"},{"description":"Other","count":65,"tested":315,"deaths":0,"color":"rgb(148,103,189)"},{"description":"White","count":1603,"tested":14135,"deaths":0,"color":"rgb(31,119,180)"}],"gender":[{"description":"Female","count":1724,"tested":21604,"deaths":0,"color":"rgb(255,127,14)"},{"description":"Male","count":1459,"tested":10692,"deaths":0,"color":"rgb(31,119,180)"},{"description":"Unknown/Left Blank","count":50,"tested":2345,"deaths":0,"color":"rgb(44,160,44)"}]}}]}
