{"lastUpdatedDate":{"year":2021,"month":2,"day":17},"county_demographics":[{"County":"DuPage","confirmed_cases":75281,"total_tested":1002192,"demographics":{"age":[{"race":[],"age_group":"<20","count":12412,"tested":117118,"deaths":0},{"race":[],"age_group":"20-29   ","count":13214,"tested":157392,"deaths":0},{"race":[],"age_group":"30-39   ","count":11440,"tested":141775,"deaths":0},{"race":[],"age_group":"40-49   ","count":11438,"tested":130266,"deaths":0},{"race":[],"age_group":"50-59   ","count":11790,"tested":150611,"deaths":0},{"race":[],"age_group":"60-69   ","count":7951,"tested":129042,"deaths":0},{"race":[],"age_group":"70-79   ","count":3823,"tested":77052,"deaths":0},{"race":[],"age_group":"80+","count":3208,"tested":98290,"deaths":0},{"race":[],"age_group":"Unknown","count":0,"tested":646,"deaths":0}],"race":[{"description":"AI/AN**","count":95,"tested":680,"deaths":0,"color":"rgb(31,119,180)"},{"description":"Asian","count":4559,"tested":40729,"deaths":0,"color":"rgb(140,86,75)"},{"description":"Black","count":2789,"tested":28550,"deaths":0,"color":"rgb(255,127,14)"},{"description":"Hispanic","count":13637,"tested":51129,"deaths":0,"color":"rgb(214,39,40)"},{"description":"Left Blank","count":18197,"tested":545086,"deaths":0,"color":"rgb(44,160,44)"},{"description":"NH/PI*","count":86,"tested":695,"deaths":0,"color":"rgb(127,127,127)"},{"description":"Other","count":2590,"tested":28595,"deaths":0,"color":"rgb(148,103,189)"},{"description":"White","count":33324,"tested":306728,"deaths":0,"color":"rgb(31,119,180)"}],"gender":[{"description":"Female","count":38444,"tested":574773,"deaths":0,"color":"rgb(255,127,14)"},{"description":"Male","count":36445,"tested":406232,"deaths":0,"color":"rgb(31,119,180)"},{"description":"Unknown/Left Blank","count":392,"tested":21187,"deaths":0,"color":"rgb(44,160,44)"}]}}]}
