{"lastUpdatedDate":{"year":2021,"month":2,"day":17},"county_demographics":[{"County":"Henderson","confirmed_cases":490,"total_tested":5996,"demographics":{"age":[{"race":[],"age_group":"<20","count":48,"tested":694,"deaths":0},{"race":[],"age_group":"20-29   ","count":58,"tested":633,"deaths":0},{"race":[],"age_group":"30-39   ","count":68,"tested":923,"deaths":0},{"race":[],"age_group":"40-49   ","count":70,"tested":755,"deaths":0},{"race":[],"age_group":"50-59   ","count":90,"tested":860,"deaths":0},{"race":[],"age_group":"60-69   ","count":75,"tested":778,"deaths":0},{"race":[],"age_group":"70-79   ","count":31,"tested":657,"deaths":0},{"race":[],"age_group":"80+","count":43,"tested":695,"deaths":0},{"race":[],"age_group":"Unknown","count":0,"tested":0,"deaths":0}],"race":[{"description":"AI/AN**","count":0,"tested":0,"deaths":0,"color":"rgb(31,119,180)"},{"description":"Asian","count":0,"tested":0,"deaths":0,"color":"rgb(140,86,75)"},{"description":"Hispanic","count":0,"tested":21,"deaths":0,"color":"rgb(214,39,40)"},{"description":"Left Blank","count":162,"tested":1845,"deaths":0,"color":"rgb(44,160,44)"},{"description":"Other","count":0,"tested":27,"deaths":0,"color":"rgb(148,103,189)"},{"description":"White","count":324,"tested":4098,"deaths":0,"color":"rgb(31,119,180)"}],"gender":[{"description":"Female","count":278,"tested":4145,"deaths":0,"color":"rgb(255,127,14)"},{"description":"Male","count":197,"tested":1658,"deaths":0,"color":"rgb(31,119,180)"},{"description":"Unknown/Left Blank","count":11,"tested":193,"deaths":0,"color":"rgb(44,160,44)"}]}}]}
