{"lastUpdatedDate":{"year":2021,"month":2,"day":17},"county_demographics":[{"County":"Piatt","confirmed_cases":1290,"total_tested":25161,"demographics":{"age":[{"race":[],"age_group":"<20","count":222,"tested":5302,"deaths":0},{"race":[],"age_group":"20-29   ","count":171,"tested":3499,"deaths":0},{"race":[],"age_group":"30-39   ","count":202,"tested":3422,"deaths":0},{"race":[],"age_group":"40-49   ","count":203,"tested":3262,"deaths":0},{"race":[],"age_group":"50-59   ","count":180,"tested":3216,"deaths":0},{"race":[],"age_group":"60-69   ","count":179,"tested":2906,"deaths":0},{"race":[],"age_group":"70-79   ","count":76,"tested":1676,"deaths":0},{"race":[],"age_group":"80+","count":56,"tested":1874,"deaths":0},{"race":[],"age_group":"Unknown","count":0,"tested":0,"deaths":0}],"race":[{"description":"AI/AN**","count":0,"tested":37,"deaths":0,"color":"rgb(31,119,180)"},{"description":"Asian","count":0,"tested":129,"deaths":0,"color":"rgb(140,86,75)"},{"description":"Black","count":10,"tested":157,"deaths":0,"color":"rgb(255,127,14)"},{"description":"Hispanic","count":7,"tested":192,"deaths":0,"color":"rgb(214,39,40)"},{"description":"Left Blank","count":252,"tested":7236,"deaths":0,"color":"rgb(44,160,44)"},{"description":"NH/PI*","count":0,"tested":6,"deaths":0,"color":"rgb(127,127,127)"},{"description":"Other","count":22,"tested":579,"deaths":0,"color":"rgb(148,103,189)"},{"description":"White","count":993,"tested":16825,"deaths":0,"color":"rgb(31,119,180)"}],"gender":[{"description":"Female","count":682,"tested":15040,"deaths":0,"color":"rgb(255,127,14)"},{"description":"Male","count":607,"tested":9843,"deaths":0,"color":"rgb(31,119,180)"},{"description":"Unknown/Left Blank","count":0,"tested":278,"deaths":0,"color":"rgb(44,160,44)"}]}}]}
