{"lastUpdatedDate":{"year":2021,"month":2,"day":17},"county_demographics":[{"County":"Kankakee","confirmed_cases":12231,"total_tested":177128,"demographics":{"age":[{"race":[],"age_group":"<20","count":1774,"tested":15198,"deaths":0},{"race":[],"age_group":"20-29   ","count":2157,"tested":26151,"deaths":0},{"race":[],"age_group":"30-39   ","count":1838,"tested":25841,"deaths":0},{"race":[],"age_group":"40-49   ","count":1828,"tested":25696,"deaths":0},{"race":[],"age_group":"50-59   ","count":1887,"tested":29312,"deaths":0},{"race":[],"age_group":"60-69   ","count":1370,"tested":24097,"deaths":0},{"race":[],"age_group":"70-79   ","count":804,"tested":15538,"deaths":0},{"race":[],"age_group":"80+","count":570,"tested":15258,"deaths":0},{"race":[],"age_group":"Unknown","count":0,"tested":37,"deaths":0}],"race":[{"description":"AI/AN**","count":0,"tested":84,"deaths":0,"color":"rgb(31,119,180)"},{"description":"Asian","count":39,"tested":971,"deaths":0,"color":"rgb(140,86,75)"},{"description":"Black","count":1518,"tested":29005,"deaths":0,"color":"rgb(255,127,14)"},{"description":"Hispanic","count":1183,"tested":6464,"deaths":0,"color":"rgb(214,39,40)"},{"description":"Left Blank","count":2918,"tested":44039,"deaths":0,"color":"rgb(44,160,44)"},{"description":"NH/PI*","count":0,"tested":186,"deaths":0,"color":"rgb(127,127,127)"},{"description":"Other","count":315,"tested":4804,"deaths":0,"color":"rgb(148,103,189)"},{"description":"White","count":6243,"tested":91575,"deaths":0,"color":"rgb(31,119,180)"}],"gender":[{"description":"Female","count":6522,"tested":104347,"deaths":0,"color":"rgb(255,127,14)"},{"description":"Male","count":5671,"tested":69285,"deaths":0,"color":"rgb(31,119,180)"},{"description":"Unknown/Left Blank","count":34,"tested":3496,"deaths":0,"color":"rgb(44,160,44)"}]}}]}
