{"lastUpdatedDate":{"year":2021,"month":2,"day":17},"county_demographics":[{"County":"Whiteside","confirmed_cases":5810,"total_tested":54209,"demographics":{"age":[{"race":[],"age_group":"<20","count":803,"tested":8179,"deaths":0},{"race":[],"age_group":"20-29   ","count":860,"tested":8427,"deaths":0},{"race":[],"age_group":"30-39   ","count":841,"tested":8415,"deaths":0},{"race":[],"age_group":"40-49   ","count":800,"tested":7450,"deaths":0},{"race":[],"age_group":"50-59   ","count":954,"tested":8056,"deaths":0},{"race":[],"age_group":"60-69   ","count":732,"tested":6564,"deaths":0},{"race":[],"age_group":"70-79   ","count":406,"tested":3467,"deaths":0},{"race":[],"age_group":"80+","count":408,"tested":3636,"deaths":0},{"race":[],"age_group":"Unknown","count":0,"tested":15,"deaths":0}],"race":[{"description":"AI/AN**","count":0,"tested":15,"deaths":0,"color":"rgb(31,119,180)"},{"description":"Asian","count":14,"tested":96,"deaths":0,"color":"rgb(140,86,75)"},{"description":"Black","count":126,"tested":1541,"deaths":0,"color":"rgb(255,127,14)"},{"description":"Hispanic","count":354,"tested":1841,"deaths":0,"color":"rgb(214,39,40)"},{"description":"Left Blank","count":1318,"tested":25044,"deaths":0,"color":"rgb(44,160,44)"},{"description":"NH/PI*","count":0,"tested":10,"deaths":0,"color":"rgb(127,127,127)"},{"description":"Other","count":273,"tested":1487,"deaths":0,"color":"rgb(148,103,189)"},{"description":"White","count":3714,"tested":24175,"deaths":0,"color":"rgb(31,119,180)"}],"gender":[{"description":"Female","count":3132,"tested":32504,"deaths":0,"color":"rgb(255,127,14)"},{"description":"Male","count":2578,"tested":18649,"deaths":0,"color":"rgb(31,119,180)"},{"description":"Unknown/Left Blank","count":99,"tested":3056,"deaths":0,"color":"rgb(44,160,44)"}]}}]}
