{"lastUpdatedDate":{"year":2021,"month":2,"day":17},"county_demographics":[{"County":"De Witt","confirmed_cases":1264,"total_tested":17176,"demographics":{"age":[{"race":[],"age_group":"<20","count":220,"tested":2923,"deaths":0},{"race":[],"age_group":"20-29   ","count":165,"tested":2725,"deaths":0},{"race":[],"age_group":"30-39   ","count":177,"tested":2278,"deaths":0},{"race":[],"age_group":"40-49   ","count":148,"tested":2176,"deaths":0},{"race":[],"age_group":"50-59   ","count":179,"tested":2396,"deaths":0},{"race":[],"age_group":"60-69   ","count":157,"tested":2043,"deaths":0},{"race":[],"age_group":"70-79   ","count":122,"tested":1352,"deaths":0},{"race":[],"age_group":"80+","count":94,"tested":1282,"deaths":0},{"race":[],"age_group":"Unknown","count":0,"tested":0,"deaths":0}],"race":[{"description":"AI/AN**","count":0,"tested":9,"deaths":0,"color":"rgb(31,119,180)"},{"description":"Asian","count":0,"tested":42,"deaths":0,"color":"rgb(140,86,75)"},{"description":"Black","count":6,"tested":88,"deaths":0,"color":"rgb(255,127,14)"},{"description":"Hispanic","count":17,"tested":108,"deaths":0,"color":"rgb(214,39,40)"},{"description":"Left Blank","count":357,"tested":8611,"deaths":0,"color":"rgb(44,160,44)"},{"description":"NH/PI*","count":0,"tested":8,"deaths":0,"color":"rgb(127,127,127)"},{"description":"Other","count":8,"tested":195,"deaths":0,"color":"rgb(148,103,189)"},{"description":"White","count":868,"tested":8115,"deaths":0,"color":"rgb(31,119,180)"}],"gender":[{"description":"Female","count":674,"tested":10721,"deaths":0,"color":"rgb(255,127,14)"},{"description":"Male","count":574,"tested":6148,"deaths":0,"color":"rgb(31,119,180)"},{"description":"Unknown/Left Blank","count":16,"tested":307,"deaths":0,"color":"rgb(44,160,44)"}]}}]}
