{"lastUpdatedDate":{"year":2021,"month":2,"day":17},"county_demographics":[{"County":"Kane","confirmed_cases":49822,"total_tested":520281,"demographics":{"age":[{"race":[],"age_group":"<20","count":8463,"tested":65293,"deaths":0},{"race":[],"age_group":"20-29   ","count":9229,"tested":90699,"deaths":0},{"race":[],"age_group":"30-39   ","count":7799,"tested":77239,"deaths":0},{"race":[],"age_group":"40-49   ","count":8398,"tested":73676,"deaths":0},{"race":[],"age_group":"50-59   ","count":7661,"tested":79569,"deaths":0},{"race":[],"age_group":"60-69   ","count":4504,"tested":60103,"deaths":0},{"race":[],"age_group":"70-79   ","count":2173,"tested":38172,"deaths":0},{"race":[],"age_group":"80+","count":1561,"tested":35283,"deaths":0},{"race":[],"age_group":"Unknown","count":34,"tested":247,"deaths":0}],"race":[{"description":"AI/AN**","count":37,"tested":319,"deaths":0,"color":"rgb(31,119,180)"},{"description":"Asian","count":1126,"tested":11606,"deaths":0,"color":"rgb(140,86,75)"},{"description":"Black","count":1687,"tested":18255,"deaths":0,"color":"rgb(255,127,14)"},{"description":"Hispanic","count":15998,"tested":67268,"deaths":0,"color":"rgb(214,39,40)"},{"description":"Left Blank","count":14520,"tested":252435,"deaths":0,"color":"rgb(44,160,44)"},{"description":"NH/PI*","count":35,"tested":384,"deaths":0,"color":"rgb(127,127,127)"},{"description":"Other","count":1295,"tested":12846,"deaths":0,"color":"rgb(148,103,189)"},{"description":"White","count":15120,"tested":157168,"deaths":0,"color":"rgb(31,119,180)"}],"gender":[{"description":"Female","count":25484,"tested":288214,"deaths":0,"color":"rgb(255,127,14)"},{"description":"Male","count":23919,"tested":214121,"deaths":0,"color":"rgb(31,119,180)"},{"description":"Unknown/Left Blank","count":419,"tested":17946,"deaths":0,"color":"rgb(44,160,44)"}]}}]}
