{"lastUpdatedDate":{"year":2021,"month":2,"day":17},"county_demographics":[{"County":"Warren","confirmed_cases":1655,"total_tested":14458,"demographics":{"age":[{"race":[],"age_group":"<20","count":187,"tested":1760,"deaths":0},{"race":[],"age_group":"20-29   ","count":241,"tested":2959,"deaths":0},{"race":[],"age_group":"30-39   ","count":263,"tested":2186,"deaths":0},{"race":[],"age_group":"40-49   ","count":288,"tested":2141,"deaths":0},{"race":[],"age_group":"50-59   ","count":250,"tested":2018,"deaths":0},{"race":[],"age_group":"60-69   ","count":198,"tested":1783,"deaths":0},{"race":[],"age_group":"70-79   ","count":128,"tested":994,"deaths":0},{"race":[],"age_group":"80+","count":100,"tested":615,"deaths":0},{"race":[],"age_group":"Unknown","count":0,"tested":0,"deaths":0}],"race":[{"description":"AI/AN**","count":0,"tested":6,"deaths":0,"color":"rgb(31,119,180)"},{"description":"Asian","count":18,"tested":29,"deaths":0,"color":"rgb(140,86,75)"},{"description":"Black","count":37,"tested":192,"deaths":0,"color":"rgb(255,127,14)"},{"description":"Hispanic","count":131,"tested":400,"deaths":0,"color":"rgb(214,39,40)"},{"description":"Left Blank","count":520,"tested":7244,"deaths":0,"color":"rgb(44,160,44)"},{"description":"NH/PI*","count":0,"tested":0,"deaths":0,"color":"rgb(127,127,127)"},{"description":"Other","count":14,"tested":197,"deaths":0,"color":"rgb(148,103,189)"},{"description":"White","count":931,"tested":6386,"deaths":0,"color":"rgb(31,119,180)"}],"gender":[{"description":"Female","count":854,"tested":7616,"deaths":0,"color":"rgb(255,127,14)"},{"description":"Male","count":740,"tested":5686,"deaths":0,"color":"rgb(31,119,180)"},{"description":"Unknown/Left Blank","count":61,"tested":1156,"deaths":0,"color":"rgb(44,160,44)"}]}}]}
