{"age":[{"age_group":"<20","count":83,"tested":690},{"age_group":"20-29   ","count":98,"tested":751},{"age_group":"30-39   ","count":61,"tested":693},{"age_group":"40-49   ","count":80,"tested":613},{"age_group":"50-59   ","count":108,"tested":1004},{"age_group":"60-69   ","count":79,"tested":822},{"age_group":"70-79   ","count":30,"tested":505},{"age_group":"80+","count":17,"tested":235}],"race":[{"description":"Left Blank","count":47,"tested":2093,"color":"rgb(44,160,44)"},{"description":"Other","count":10,"tested":107,"color":"rgb(148,103,189)"},{"description":"White","count":403,"tested":2700,"color":"rgb(31,119,180)"},{"description":"Hispanic","count":62,"tested":240,"color":"rgb(214,39,40)"},{"description":"Asian","count":13,"tested":61,"color":"rgb(140,86,75)"},{"description":"Black","count":20,"tested":110,"color":"rgb(255,127,14)"}],"gender":[{"description":"Male","count":267,"tested":2255,"color":"rgb(31,119,180)"},{"description":"Female","count":287,"tested":2974,"color":"rgb(255,127,14)"}]}
