{"age":[{"age_group":"<20","count":359,"tested":4948},{"age_group":"20-29   ","count":441,"tested":8587},{"age_group":"30-39   ","count":460,"tested":8750},{"age_group":"40-49   ","count":415,"tested":8537},{"age_group":"50-59   ","count":431,"tested":9793},{"age_group":"60-69   ","count":340,"tested":8730},{"age_group":"70-79   ","count":201,"tested":4555},{"age_group":"80+","count":112,"tested":3638}],"race":[{"description":"AI/AN**","count":13,"tested":80,"color":"rgb(31,119,180)"},{"description":"NH/PI*","count":19,"tested":120,"color":"rgb(127,127,127)"},{"description":"Asian","count":411,"tested":4793,"color":"rgb(140,86,75)"},{"description":"Hispanic","count":278,"tested":1871,"color":"rgb(214,39,40)"},{"description":"Black","count":162,"tested":2027,"color":"rgb(255,127,14)"},{"description":"Left Blank","count":729,"tested":37158,"color":"rgb(44,160,44)"},{"description":"White","count":658,"tested":8327,"color":"rgb(31,119,180)"},{"description":"Other","count":489,"tested":3173,"color":"rgb(148,103,189)"}],"gender":[{"description":"Female","count":1465,"tested":33775,"color":"rgb(255,127,14)"},{"description":"Male","count":1284,"tested":22832,"color":"rgb(31,119,180)"},{"description":"Unknown/Left Blank","count":10,"tested":942,"color":"rgb(44,160,44)"}]}
