{"age":[{"age_group":"<20","count":230,"tested":7481},{"age_group":"20-29   ","count":754,"tested":26868},{"age_group":"30-39   ","count":792,"tested":19251},{"age_group":"40-49   ","count":348,"tested":7926},{"age_group":"50-59   ","count":316,"tested":4773},{"age_group":"60-69   ","count":190,"tested":3236},{"age_group":"70-79   ","count":58,"tested":1116},{"age_group":"80+","count":23,"tested":444}],"race":[{"description":"Other","count":155,"tested":4709,"color":"rgb(148,103,189)"},{"description":"Left Blank","count":689,"tested":21378,"color":"rgb(44,160,44)"},{"description":"Black","count":495,"tested":7312,"color":"rgb(255,127,14)"},{"description":"Asian","count":180,"tested":10642,"color":"rgb(140,86,75)"},{"description":"Hispanic","count":238,"tested":4338,"color":"rgb(214,39,40)"},{"description":"White","count":950,"tested":22551,"color":"rgb(31,119,180)"}],"gender":[{"description":"Female","count":1226,"tested":35263,"color":"rgb(255,127,14)"},{"description":"Male","count":1401,"tested":32692,"color":"rgb(31,119,180)"},{"description":"Unknown/Left Blank","count":85,"tested":3158,"color":"rgb(44,160,44)"}]}
