{"age":[{"age_group":"<20","count":497,"tested":6199},{"age_group":"20-29   ","count":543,"tested":7235},{"age_group":"30-39   ","count":603,"tested":7211},{"age_group":"40-49   ","count":495,"tested":6347},{"age_group":"50-59   ","count":457,"tested":6504},{"age_group":"60-69   ","count":299,"tested":5712},{"age_group":"70-79   ","count":109,"tested":2685},{"age_group":"80+","count":38,"tested":1849}],"race":[{"description":"Other","count":109,"tested":1592,"color":"rgb(148,103,189)"},{"description":"AI/AN**","count":10,"tested":50,"color":"rgb(31,119,180)"},{"description":"NH/PI*","count":6,"tested":47,"color":"rgb(127,127,127)"},{"description":"Black","count":275,"tested":2741,"color":"rgb(255,127,14)"},{"description":"Asian","count":203,"tested":2480,"color":"rgb(140,86,75)"},{"description":"White","count":1320,"tested":14077,"color":"rgb(31,119,180)"},{"description":"Left Blank","count":606,"tested":20186,"color":"rgb(44,160,44)"},{"description":"Hispanic","count":512,"tested":2586,"color":"rgb(214,39,40)"}],"gender":[{"description":"Female","count":1559,"tested":25150,"color":"rgb(255,127,14)"},{"description":"Male","count":1460,"tested":18068,"color":"rgb(31,119,180)"},{"description":"Unknown/Left Blank","count":22,"tested":541,"color":"rgb(44,160,44)"}]}
