{"age":[{"age_group":"<20","count":81,"tested":1084},{"age_group":"20-29   ","count":97,"tested":1184},{"age_group":"30-39   ","count":89,"tested":1426},{"age_group":"40-49   ","count":70,"tested":1511},{"age_group":"50-59   ","count":112,"tested":3229},{"age_group":"60-69   ","count":62,"tested":1941},{"age_group":"70-79   ","count":43,"tested":806},{"age_group":"80+","count":46,"tested":2070}],"race":[{"description":"White","count":457,"tested":9020,"color":"rgb(31,119,180)"},{"description":"Hispanic","count":18,"tested":224,"color":"rgb(214,39,40)"},{"description":"Other","count":32,"tested":282,"color":"rgb(148,103,189)"},{"description":"Left Blank","count":87,"tested":3334,"color":"rgb(44,160,44)"}],"gender":[{"description":"Male","count":259,"tested":4691,"color":"rgb(31,119,180)"},{"description":"Female","count":336,"tested":8065,"color":"rgb(255,127,14)"}]}
