{"age":[{"age_group":"<20","count":238,"tested":5560},{"age_group":"20-29   ","count":266,"tested":3564},{"age_group":"30-39   ","count":262,"tested":3160},{"age_group":"40-49   ","count":285,"tested":2516},{"age_group":"50-59   ","count":209,"tested":2740},{"age_group":"60-69   ","count":165,"tested":2814},{"age_group":"70-79   ","count":75,"tested":1720},{"age_group":"80+","count":59,"tested":4012}],"race":[{"description":"Left Blank","count":316,"tested":10925,"color":"rgb(44,160,44)"},{"description":"White","count":559,"tested":7972,"color":"rgb(31,119,180)"},{"description":"Asian","count":62,"tested":1056,"color":"rgb(140,86,75)"},{"description":"Hispanic","count":510,"tested":5195,"color":"rgb(214,39,40)"},{"description":"Other","count":90,"tested":717,"color":"rgb(148,103,189)"},{"description":"Black","count":19,"tested":215,"color":"rgb(255,127,14)"}],"gender":[{"description":"Female","count":756,"tested":14975,"color":"rgb(255,127,14)"},{"description":"Male","count":785,"tested":10394,"color":"rgb(31,119,180)"},{"description":"Unknown/Left Blank","count":18,"tested":743,"color":"rgb(44,160,44)"}]}
