{"age":[{"age_group":"<20","count":24,"tested":308},{"age_group":"20-29   ","count":11,"tested":176},{"age_group":"30-39   ","count":22,"tested":129},{"age_group":"40-49   ","count":17,"tested":150},{"age_group":"50-59   ","count":13,"tested":222},{"age_group":"60-69   ","count":13,"tested":173},{"age_group":"70-79   ","count":13,"tested":116}],"race":[{"description":"White","count":87,"tested":822,"color":"rgb(31,119,180)"},{"description":"Left Blank","count":31,"tested":484,"color":"rgb(44,160,44)"}],"gender":[{"description":"Female","count":70,"tested":887,"color":"rgb(255,127,14)"},{"description":"Male","count":50,"tested":443,"color":"rgb(31,119,180)"}]}
