{"age":[{"age_group":"<20","count":289,"tested":3810},{"age_group":"20-29   ","count":292,"tested":3721},{"age_group":"30-39   ","count":251,"tested":2886},{"age_group":"40-49   ","count":269,"tested":2849},{"age_group":"50-59   ","count":264,"tested":3559},{"age_group":"60-69   ","count":231,"tested":3257},{"age_group":"70-79   ","count":146,"tested":2668},{"age_group":"80+","count":139,"tested":6011}],"race":[{"description":"Asian","count":66,"tested":544,"color":"rgb(140,86,75)"},{"description":"White","count":1169,"tested":13852,"color":"rgb(31,119,180)"},{"description":"Left Blank","count":208,"tested":11035,"color":"rgb(44,160,44)"},{"description":"Other","count":17,"tested":861,"color":"rgb(148,103,189)"},{"description":"Hispanic","count":229,"tested":1027,"color":"rgb(214,39,40)"},{"description":"Black","count":189,"tested":1425,"color":"rgb(255,127,14)"}],"gender":[{"description":"Female","count":1039,"tested":17609,"color":"rgb(255,127,14)"},{"description":"Male","count":834,"tested":10614,"color":"rgb(31,119,180)"},{"description":"Unknown/Left Blank","count":8,"tested":542,"color":"rgb(44,160,44)"}]}
