{"age":[{"age_group":"<20","count":414,"tested":3930},{"age_group":"20-29   ","count":443,"tested":4255},{"age_group":"30-39   ","count":365,"tested":3506},{"age_group":"40-49   ","count":308,"tested":3013},{"age_group":"50-59   ","count":244,"tested":2594},{"age_group":"60-69   ","count":152,"tested":2029},{"age_group":"70-79   ","count":65,"tested":1241},{"age_group":"80+","count":43,"tested":750}],"race":[{"description":"Hispanic","count":671,"tested":2304,"color":"rgb(214,39,40)"},{"description":"White","count":571,"tested":5383,"color":"rgb(31,119,180)"},{"description":"Left Blank","count":236,"tested":9999,"color":"rgb(44,160,44)"},{"description":"Other","count":41,"tested":431,"color":"rgb(148,103,189)"},{"description":"Asian","count":81,"tested":249,"color":"rgb(140,86,75)"},{"description":"Black","count":428,"tested":2924,"color":"rgb(255,127,14)"}],"gender":[{"description":"Unknown/Left Blank","count":16,"tested":619,"color":"rgb(44,160,44)"},{"description":"Female","count":1073,"tested":12407,"color":"rgb(255,127,14)"},{"description":"Male","count":945,"tested":8297,"color":"rgb(31,119,180)"}]}
