{"age":[{"age_group":"<20","count":564,"tested":10068},{"age_group":"20-29   ","count":234,"tested":5011},{"age_group":"30-39   ","count":140,"tested":3633},{"age_group":"40-49   ","count":251,"tested":5993},{"age_group":"50-59   ","count":288,"tested":6703},{"age_group":"60-69   ","count":125,"tested":4226},{"age_group":"70-79   ","count":84,"tested":2529},{"age_group":"80+","count":92,"tested":2069}],"race":[{"description":"Other","count":203,"tested":3035,"color":"rgb(148,103,189)"},{"description":"Left Blank","count":377,"tested":16153,"color":"rgb(44,160,44)"},{"description":"Black","count":26,"tested":282,"color":"rgb(255,127,14)"},{"description":"Asian","count":72,"tested":1898,"color":"rgb(140,86,75)"},{"description":"Hispanic","count":75,"tested":732,"color":"rgb(214,39,40)"},{"description":"White","count":1022,"tested":18073,"color":"rgb(31,119,180)"}],"gender":[{"description":"Female","count":854,"tested":21197,"color":"rgb(255,127,14)"},{"description":"Male","count":908,"tested":18820,"color":"rgb(31,119,180)"},{"description":"Unknown/Left Blank","count":16,"tested":231,"color":"rgb(44,160,44)"}]}
