{"age":[{"age_group":"<20","count":454,"tested":4411},{"age_group":"20-29   ","count":462,"tested":4602},{"age_group":"30-39   ","count":351,"tested":3777},{"age_group":"40-49   ","count":396,"tested":3390},{"age_group":"50-59   ","count":491,"tested":4942},{"age_group":"60-69   ","count":297,"tested":3634},{"age_group":"70-79   ","count":128,"tested":2125},{"age_group":"80+","count":70,"tested":1848}],"race":[{"description":"Hispanic","count":102,"tested":725,"color":"rgb(214,39,40)"},{"description":"Left Blank","count":1029,"tested":13139,"color":"rgb(44,160,44)"},{"description":"White","count":1397,"tested":13521,"color":"rgb(31,119,180)"},{"description":"Black","count":31,"tested":305,"color":"rgb(255,127,14)"},{"description":"Asian","count":17,"tested":231,"color":"rgb(140,86,75)"},{"description":"Other","count":70,"tested":763,"color":"rgb(148,103,189)"}],"gender":[{"description":"Unknown/Left Blank","count":49,"tested":569,"color":"rgb(44,160,44)"},{"description":"Male","count":1317,"tested":12847,"color":"rgb(31,119,180)"},{"description":"Female","count":1284,"tested":15315,"color":"rgb(255,127,14)"}]}
