{"age":[{"age_group":"<20","count":345,"tested":3683},{"age_group":"20-29   ","count":298,"tested":3373},{"age_group":"30-39   ","count":340,"tested":4547},{"age_group":"40-49   ","count":367,"tested":4447},{"age_group":"50-59   ","count":258,"tested":3569},{"age_group":"60-69   ","count":205,"tested":3424},{"age_group":"70-79   ","count":66,"tested":1838},{"age_group":"80+","count":45,"tested":2830}],"race":[{"description":"Black","count":46,"tested":583,"color":"rgb(255,127,14)"},{"description":"Asian","count":21,"tested":426,"color":"rgb(140,86,75)"},{"description":"White","count":751,"tested":10335,"color":"rgb(31,119,180)"},{"description":"Hispanic","count":413,"tested":2867,"color":"rgb(214,39,40)"},{"description":"Other","count":93,"tested":1216,"color":"rgb(148,103,189)"},{"description":"Left Blank","count":596,"tested":12246,"color":"rgb(44,160,44)"}],"gender":[{"description":"Female","count":985,"tested":15737,"color":"rgb(255,127,14)"},{"description":"Male","count":914,"tested":11417,"color":"rgb(31,119,180)"},{"description":"Unknown/Left Blank","count":25,"tested":561,"color":"rgb(44,160,44)"}]}
