{"age":[{"age_group":"<20","count":103,"tested":936},{"age_group":"20-29   ","count":96,"tested":1090},{"age_group":"30-39   ","count":90,"tested":1080},{"age_group":"40-49   ","count":80,"tested":897},{"age_group":"50-59   ","count":56,"tested":678},{"age_group":"60-69   ","count":25,"tested":430},{"age_group":"70-79   ","count":8,"tested":176}],"race":[{"description":"White","count":209,"tested":2173,"color":"rgb(31,119,180)"},{"description":"Other","count":7,"tested":135,"color":"rgb(148,103,189)"},{"description":"Left Blank","count":108,"tested":2175,"color":"rgb(44,160,44)"},{"description":"Black","count":35,"tested":272,"color":"rgb(255,127,14)"},{"description":"Hispanic","count":99,"tested":510,"color":"rgb(214,39,40)"}],"gender":[{"description":"Female","count":243,"tested":3085,"color":"rgb(255,127,14)"},{"description":"Male","count":218,"tested":2168,"color":"rgb(31,119,180)"}]}
