{"age":[{"age_group":"<20","count":395,"tested":8666},{"age_group":"20-29   ","count":993,"tested":38657},{"age_group":"30-39   ","count":809,"tested":20487},{"age_group":"40-49   ","count":632,"tested":17174},{"age_group":"50-59   ","count":603,"tested":19386},{"age_group":"60-69   ","count":516,"tested":19341},{"age_group":"70-79   ","count":306,"tested":12217},{"age_group":"80+","count":194,"tested":5706}],"race":[{"description":"Left Blank","count":1288,"tested":87206,"color":"rgb(44,160,44)"},{"description":"NH/PI*","count":7,"tested":126,"color":"rgb(127,127,127)"},{"description":"Hispanic","count":863,"tested":7306,"color":"rgb(214,39,40)"},{"description":"Other","count":209,"tested":3529,"color":"rgb(148,103,189)"},{"description":"Black","count":786,"tested":11811,"color":"rgb(255,127,14)"},{"description":"White","count":1112,"tested":27786,"color":"rgb(31,119,180)"},{"description":"Asian","count":176,"tested":3847,"color":"rgb(140,86,75)"}],"gender":[{"description":"Unknown/Left Blank","count":92,"tested":6144,"color":"rgb(44,160,44)"},{"description":"Female","count":2190,"tested":76595,"color":"rgb(255,127,14)"},{"description":"Male","count":2166,"tested":58970,"color":"rgb(31,119,180)"}]}
