{"age":[{"age_group":"<20","count":314,"tested":5405},{"age_group":"20-29   ","count":466,"tested":6560},{"age_group":"30-39   ","count":353,"tested":6358},{"age_group":"40-49   ","count":297,"tested":4721},{"age_group":"50-59   ","count":314,"tested":5130},{"age_group":"60-69   ","count":175,"tested":4388},{"age_group":"70-79   ","count":90,"tested":2782},{"age_group":"80+","count":98,"tested":6209}],"race":[{"description":"Asian","count":103,"tested":2198,"color":"rgb(140,86,75)"},{"description":"White","count":1219,"tested":14566,"color":"rgb(31,119,180)"},{"description":"Black","count":140,"tested":1582,"color":"rgb(255,127,14)"},{"description":"Other","count":68,"tested":1174,"color":"rgb(148,103,189)"},{"description":"Left Blank","count":336,"tested":20495,"color":"rgb(44,160,44)"},{"description":"Hispanic","count":236,"tested":1494,"color":"rgb(214,39,40)"}],"gender":[{"description":"Female","count":1043,"tested":23813,"color":"rgb(255,127,14)"},{"description":"Male","count":1050,"tested":17045,"color":"rgb(31,119,180)"},{"description":"Unknown/Left Blank","count":14,"tested":711,"color":"rgb(44,160,44)"}]}
