{"age":[{"age_group":"<20","count":757,"tested":8303},{"age_group":"20-29   ","count":901,"tested":12742},{"age_group":"30-39   ","count":839,"tested":12948},{"age_group":"40-49   ","count":712,"tested":9388},{"age_group":"50-59   ","count":731,"tested":11354},{"age_group":"60-69   ","count":487,"tested":9519},{"age_group":"70-79   ","count":181,"tested":5240},{"age_group":"80+","count":184,"tested":9744}],"race":[{"description":"Left Blank","count":863,"tested":37587,"color":"rgb(44,160,44)"},{"description":"Other","count":155,"tested":2208,"color":"rgb(148,103,189)"},{"description":"White","count":2613,"tested":28769,"color":"rgb(31,119,180)"},{"description":"Hispanic","count":604,"tested":3476,"color":"rgb(214,39,40)"},{"description":"Asian","count":323,"tested":4558,"color":"rgb(140,86,75)"},{"description":"Black","count":216,"tested":2517,"color":"rgb(255,127,14)"},{"description":"NH/PI*","count":9,"tested":49,"color":"rgb(127,127,127)"},{"description":"AI/AN**","count":9,"tested":108,"color":"rgb(31,119,180)"}],"gender":[{"description":"Unknown/Left Blank","count":33,"tested":1382,"color":"rgb(44,160,44)"},{"description":"Male","count":2316,"tested":32413,"color":"rgb(31,119,180)"},{"description":"Female","count":2443,"tested":45477,"color":"rgb(255,127,14)"}]}
