{"age":[{"age_group":"<20","count":170,"tested":1582},{"age_group":"20-29   ","count":170,"tested":1775},{"age_group":"30-39   ","count":143,"tested":1717},{"age_group":"40-49   ","count":128,"tested":1449},{"age_group":"50-59   ","count":168,"tested":1984},{"age_group":"60-69   ","count":106,"tested":1408},{"age_group":"70-79   ","count":37,"tested":850},{"age_group":"80+","count":10,"tested":275}],"race":[{"description":"Other","count":19,"tested":172,"color":"rgb(148,103,189)"},{"description":"Asian","count":6,"tested":98,"color":"rgb(140,86,75)"},{"description":"Black","count":9,"tested":59,"color":"rgb(255,127,14)"},{"description":"White","count":577,"tested":6577,"color":"rgb(31,119,180)"},{"description":"Left Blank","count":235,"tested":3517,"color":"rgb(44,160,44)"},{"description":"Hispanic","count":87,"tested":575,"color":"rgb(214,39,40)"}],"gender":[{"description":"Female","count":465,"tested":6455,"color":"rgb(255,127,14)"},{"description":"Male","count":464,"tested":4551,"color":"rgb(31,119,180)"}]}
