{"age":[{"age_group":"<20","count":337,"tested":3648},{"age_group":"20-29   ","count":394,"tested":5898},{"age_group":"30-39   ","count":359,"tested":6115},{"age_group":"40-49   ","count":387,"tested":5848},{"age_group":"50-59   ","count":407,"tested":6940},{"age_group":"60-69   ","count":395,"tested":6947},{"age_group":"70-79   ","count":243,"tested":4636},{"age_group":"80+","count":200,"tested":4456}],"race":[{"description":"Hispanic","count":320,"tested":1493,"color":"rgb(214,39,40)"},{"description":"Left Blank","count":537,"tested":27432,"color":"rgb(44,160,44)"},{"description":"White","count":1456,"tested":11428,"color":"rgb(31,119,180)"},{"description":"Asian","count":224,"tested":2161,"color":"rgb(140,86,75)"},{"description":"Black","count":89,"tested":935,"color":"rgb(255,127,14)"},{"description":"AI/AN**","count":8,"tested":50,"color":"rgb(31,119,180)"},{"description":"Other","count":84,"tested":957,"color":"rgb(148,103,189)"}],"gender":[{"description":"Female","count":1387,"tested":25279,"color":"rgb(255,127,14)"},{"description":"Male","count":1325,"tested":18134,"color":"rgb(31,119,180)"}]}
