{"age":[{"age_group":"<20","count":317,"tested":2541},{"age_group":"20-29   ","count":466,"tested":3919},{"age_group":"30-39   ","count":487,"tested":4261},{"age_group":"40-49   ","count":395,"tested":3280},{"age_group":"50-59   ","count":355,"tested":4144},{"age_group":"60-69   ","count":246,"tested":3555},{"age_group":"70-79   ","count":126,"tested":3144},{"age_group":"80+","count":123,"tested":5450}],"race":[{"description":"Hispanic","count":1154,"tested":4922,"color":"rgb(214,39,40)"},{"description":"Left Blank","count":485,"tested":16410,"color":"rgb(44,160,44)"},{"description":"White","count":665,"tested":6532,"color":"rgb(31,119,180)"},{"description":"Asian","count":55,"tested":701,"color":"rgb(140,86,75)"},{"description":"Black","count":73,"tested":886,"color":"rgb(255,127,14)"},{"description":"Other","count":74,"tested":810,"color":"rgb(148,103,189)"}],"gender":[{"description":"Male","count":1215,"tested":12027,"color":"rgb(31,119,180)"},{"description":"Female","count":1292,"tested":17799,"color":"rgb(255,127,14)"}]}
