{"age":[{"age_group":"<20","count":148,"tested":1302},{"age_group":"20-29   ","count":158,"tested":2241},{"age_group":"30-39   ","count":138,"tested":2284},{"age_group":"40-49   ","count":158,"tested":2559},{"age_group":"50-59   ","count":143,"tested":3015},{"age_group":"60-69   ","count":117,"tested":2856},{"age_group":"70-79   ","count":58,"tested":1287},{"age_group":"80+","count":38,"tested":819}],"race":[{"description":"Other","count":15,"tested":196,"color":"rgb(148,103,189)"},{"description":"Black","count":494,"tested":5741,"color":"rgb(255,127,14)"},{"description":"White","count":82,"tested":1020,"color":"rgb(31,119,180)"},{"description":"Left Blank","count":295,"tested":8924,"color":"rgb(44,160,44)"},{"description":"Hispanic","count":71,"tested":434,"color":"rgb(214,39,40)"}],"gender":[{"description":"Female","count":517,"tested":9514,"color":"rgb(255,127,14)"},{"description":"Male","count":437,"tested":6426,"color":"rgb(31,119,180)"}]}
