{"age":[{"age_group":"<20","count":14,"tested":106},{"age_group":"20-29   ","count":15,"tested":117},{"age_group":"30-39   ","count":9,"tested":87},{"age_group":"40-49   ","count":14,"tested":117},{"age_group":"50-59   ","count":14,"tested":147},{"age_group":"60-69   ","count":20,"tested":173},{"age_group":"70-79   ","count":9,"tested":99}],"race":[{"description":"Left Blank","count":21,"tested":290,"color":"rgb(44,160,44)"},{"description":"White","count":74,"tested":560,"color":"rgb(31,119,180)"}],"gender":[{"description":"Male","count":49,"tested":386,"color":"rgb(31,119,180)"},{"description":"Female","count":45,"tested":495,"color":"rgb(255,127,14)"}]}
