{"age":[{"age_group":"<20","count":413,"tested":4720},{"age_group":"20-29   ","count":490,"tested":5197},{"age_group":"30-39   ","count":384,"tested":4288},{"age_group":"40-49   ","count":403,"tested":4157},{"age_group":"50-59   ","count":438,"tested":4657},{"age_group":"60-69   ","count":263,"tested":3239},{"age_group":"70-79   ","count":158,"tested":2006},{"age_group":"80+","count":66,"tested":1424}],"race":[{"description":"Black","count":103,"tested":682,"color":"rgb(255,127,14)"},{"description":"Asian","count":43,"tested":363,"color":"rgb(140,86,75)"},{"description":"Other","count":39,"tested":384,"color":"rgb(148,103,189)"},{"description":"Hispanic","count":203,"tested":1194,"color":"rgb(214,39,40)"},{"description":"White","count":1961,"tested":15940,"color":"rgb(31,119,180)"},{"description":"Left Blank","count":262,"tested":11097,"color":"rgb(44,160,44)"}],"gender":[{"description":"Female","count":1393,"tested":17578,"color":"rgb(255,127,14)"},{"description":"Male","count":1216,"tested":11848,"color":"rgb(31,119,180)"}]}
