{"age":[{"age_group":"<20","count":255,"tested":3007},{"age_group":"20-29   ","count":230,"tested":2894},{"age_group":"30-39   ","count":245,"tested":3497},{"age_group":"40-49   ","count":260,"tested":3370},{"age_group":"50-59   ","count":246,"tested":3473},{"age_group":"60-69   ","count":164,"tested":2976},{"age_group":"70-79   ","count":81,"tested":1816},{"age_group":"80+","count":51,"tested":1846}],"race":[{"description":"Asian","count":32,"tested":447,"color":"rgb(140,86,75)"},{"description":"Black","count":8,"tested":143,"color":"rgb(255,127,14)"},{"description":"Other","count":38,"tested":400,"color":"rgb(148,103,189)"},{"description":"Hispanic","count":300,"tested":1800,"color":"rgb(214,39,40)"},{"description":"Left Blank","count":494,"tested":10734,"color":"rgb(44,160,44)"},{"description":"White","count":658,"tested":9312,"color":"rgb(31,119,180)"}],"gender":[{"description":"Female","count":773,"tested":12992,"color":"rgb(255,127,14)"},{"description":"Male","count":746,"tested":9293,"color":"rgb(31,119,180)"},{"description":"Unknown/Left Blank","count":13,"tested":596,"color":"rgb(44,160,44)"}]}
