{"age":[{"age_group":"<20","count":21,"tested":146},{"age_group":"20-29   ","count":26,"tested":247},{"age_group":"30-39   ","count":20,"tested":359},{"age_group":"40-49   ","count":28,"tested":350},{"age_group":"50-59   ","count":23,"tested":504},{"age_group":"60-69   ","count":21,"tested":488}],"race":[{"description":"Black","count":85,"tested":1156,"color":"rgb(255,127,14)"},{"description":"Hispanic","count":9,"tested":54,"color":"rgb(214,39,40)"},{"description":"Left Blank","count":46,"tested":1101,"color":"rgb(44,160,44)"}],"gender":[{"description":"Female","count":68,"tested":1249,"color":"rgb(255,127,14)"},{"description":"Male","count":79,"tested":1163,"color":"rgb(31,119,180)"}]}
