{"age":[{"age_group":"<20","count":7,"tested":245},{"age_group":"20-29   ","count":37,"tested":947},{"age_group":"30-39   ","count":31,"tested":875},{"age_group":"40-49   ","count":15,"tested":433},{"age_group":"50-59   ","count":6,"tested":411},{"age_group":"60-69   ","count":6,"tested":319}],"race":[{"description":"Left Blank","count":43,"tested":2109,"color":"rgb(44,160,44)"},{"description":"White","count":27,"tested":668,"color":"rgb(31,119,180)"},{"description":"Asian","count":8,"tested":152,"color":"rgb(140,86,75)"},{"description":"Hispanic","count":14,"tested":92,"color":"rgb(214,39,40)"},{"description":"Black","count":14,"tested":408,"color":"rgb(255,127,14)"}],"gender":[{"description":"Male","count":62,"tested":2078,"color":"rgb(31,119,180)"},{"description":"Female","count":45,"tested":1412,"color":"rgb(255,127,14)"}]}
