{"age":[{"age_group":"<20","count":106,"tested":2175},{"age_group":"20-29   ","count":141,"tested":2511},{"age_group":"30-39   ","count":64,"tested":2042},{"age_group":"40-49   ","count":77,"tested":1991},{"age_group":"50-59   ","count":101,"tested":2512},{"age_group":"60-69   ","count":99,"tested":2335},{"age_group":"70-79   ","count":45,"tested":1285},{"age_group":"80+","count":49,"tested":539}],"race":[{"description":"Hispanic","count":46,"tested":398,"color":"rgb(214,39,40)"},{"description":"White","count":311,"tested":6142,"color":"rgb(31,119,180)"},{"description":"Left Blank","count":211,"tested":6994,"color":"rgb(44,160,44)"},{"description":"Other","count":21,"tested":468,"color":"rgb(148,103,189)"},{"description":"Asian","count":60,"tested":1002,"color":"rgb(140,86,75)"},{"description":"Black","count":32,"tested":359,"color":"rgb(255,127,14)"}],"gender":[{"description":"Unknown/Left Blank","count":6,"tested":221,"color":"rgb(44,160,44)"},{"description":"Male","count":332,"tested":6863,"color":"rgb(31,119,180)"},{"description":"Female","count":344,"tested":8306,"color":"rgb(255,127,14)"}]}
