{"age":[{"age_group":"<20","count":196,"tested":2382},{"age_group":"20-29   ","count":296,"tested":3880},{"age_group":"30-39   ","count":332,"tested":3930},{"age_group":"40-49   ","count":340,"tested":4276},{"age_group":"50-59   ","count":349,"tested":5177},{"age_group":"60-69   ","count":272,"tested":4679},{"age_group":"70-79   ","count":220,"tested":3264},{"age_group":"80+","count":134,"tested":1949}],"race":[{"description":"Left Blank","count":403,"tested":10492,"color":"rgb(44,160,44)"},{"description":"White","count":27,"tested":417,"color":"rgb(31,119,180)"},{"description":"Other","count":65,"tested":357,"color":"rgb(148,103,189)"},{"description":"Black","count":1519,"tested":17609,"color":"rgb(255,127,14)"},{"description":"Hispanic","count":116,"tested":588,"color":"rgb(214,39,40)"}],"gender":[{"description":"Male","count":906,"tested":11986,"color":"rgb(31,119,180)"},{"description":"Unknown/Left Blank","count":25,"tested":940,"color":"rgb(44,160,44)"},{"description":"Female","count":1208,"tested":16620,"color":"rgb(255,127,14)"}]}
