{"age":[{"age_group":"<20","count":15,"tested":291},{"age_group":"20-29   ","count":10,"tested":190},{"age_group":"30-39   ","count":17,"tested":341},{"age_group":"40-49   ","count":20,"tested":263},{"age_group":"50-59   ","count":17,"tested":246},{"age_group":"70-79   ","count":6,"tested":159}],"race":[{"description":"White","count":24,"tested":654,"color":"rgb(31,119,180)"},{"description":"Left Blank","count":64,"tested":1075,"color":"rgb(44,160,44)"}],"gender":[{"description":"Male","count":46,"tested":752,"color":"rgb(31,119,180)"},{"description":"Female","count":47,"tested":1003,"color":"rgb(255,127,14)"}]}
