{"age":[{"age_group":"<20","count":161,"tested":1562},{"age_group":"20-29   ","count":247,"tested":2429},{"age_group":"30-39   ","count":242,"tested":2432},{"age_group":"40-49   ","count":257,"tested":2687},{"age_group":"50-59   ","count":224,"tested":2950},{"age_group":"60-69   ","count":166,"tested":2507},{"age_group":"70-79   ","count":70,"tested":1647},{"age_group":"80+","count":48,"tested":1051}],"race":[{"description":"White","count":59,"tested":856,"color":"rgb(31,119,180)"},{"description":"Hispanic","count":243,"tested":1300,"color":"rgb(214,39,40)"},{"description":"Black","count":655,"tested":7653,"color":"rgb(255,127,14)"},{"description":"Left Blank","count":413,"tested":7121,"color":"rgb(44,160,44)"},{"description":"Other","count":41,"tested":313,"color":"rgb(148,103,189)"}],"gender":[{"description":"Male","count":586,"tested":6616,"color":"rgb(31,119,180)"},{"description":"Unknown/Left Blank","count":12,"tested":379,"color":"rgb(44,160,44)"},{"description":"Female","count":818,"tested":10283,"color":"rgb(255,127,14)"}]}
