{"age":[{"age_group":"<20","count":75,"tested":1243},{"age_group":"20-29   ","count":118,"tested":1113},{"age_group":"30-39   ","count":114,"tested":1048},{"age_group":"40-49   ","count":107,"tested":884},{"age_group":"50-59   ","count":118,"tested":950},{"age_group":"60-69   ","count":67,"tested":917},{"age_group":"70-79   ","count":39,"tested":572},{"age_group":"80+","count":53,"tested":773}],"race":[{"description":"Black","count":43,"tested":570,"color":"rgb(255,127,14)"},{"description":"Other","count":34,"tested":257,"color":"rgb(148,103,189)"},{"description":"Hispanic","count":82,"tested":396,"color":"rgb(214,39,40)"},{"description":"White","count":374,"tested":3507,"color":"rgb(31,119,180)"},{"description":"Left Blank","count":155,"tested":2741,"color":"rgb(44,160,44)"}],"gender":[{"description":"Female","count":360,"tested":4343,"color":"rgb(255,127,14)"},{"description":"Male","count":288,"tested":2788,"color":"rgb(31,119,180)"},{"description":"Unknown/Left Blank","count":43,"tested":371,"color":"rgb(44,160,44)"}]}
