{"age":[{"age_group":"<20","count":128,"tested":2193},{"age_group":"20-29   ","count":174,"tested":2600},{"age_group":"30-39   ","count":89,"tested":2496},{"age_group":"40-49   ","count":120,"tested":2532},{"age_group":"50-59   ","count":144,"tested":3023},{"age_group":"60-69   ","count":114,"tested":2662},{"age_group":"70-79   ","count":62,"tested":1848},{"age_group":"80+","count":106,"tested":2030}],"race":[{"description":"Asian","count":32,"tested":369,"color":"rgb(140,86,75)"},{"description":"Hispanic","count":46,"tested":533,"color":"rgb(214,39,40)"},{"description":"White","count":528,"tested":7867,"color":"rgb(31,119,180)"},{"description":"Left Blank","count":275,"tested":9830,"color":"rgb(44,160,44)"},{"description":"Other","count":48,"tested":663,"color":"rgb(148,103,189)"}],"gender":[{"description":"Male","count":453,"tested":8060,"color":"rgb(31,119,180)"},{"description":"Unknown/Left Blank","count":13,"tested":212,"color":"rgb(44,160,44)"},{"description":"Female","count":471,"tested":11120,"color":"rgb(255,127,14)"}]}
