{"age":[{"age_group":"<20","count":75,"tested":2852},{"age_group":"20-29   ","count":117,"tested":3845},{"age_group":"30-39   ","count":77,"tested":2096},{"age_group":"40-49   ","count":64,"tested":1843},{"age_group":"50-59   ","count":90,"tested":2490},{"age_group":"60-69   ","count":81,"tested":2946},{"age_group":"70-79   ","count":31,"tested":1939},{"age_group":"80+","count":42,"tested":2742}],"race":[{"description":"White","count":283,"tested":7256,"color":"rgb(31,119,180)"},{"description":"Asian","count":33,"tested":391,"color":"rgb(140,86,75)"},{"description":"Hispanic","count":43,"tested":400,"color":"rgb(214,39,40)"},{"description":"Black","count":25,"tested":449,"color":"rgb(255,127,14)"},{"description":"Other","count":30,"tested":326,"color":"rgb(148,103,189)"},{"description":"Left Blank","count":161,"tested":11920,"color":"rgb(44,160,44)"}],"gender":[{"description":"Male","count":269,"tested":8960,"color":"rgb(31,119,180)"},{"description":"Unknown/Left Blank","count":7,"tested":413,"color":"rgb(44,160,44)"},{"description":"Female","count":301,"tested":11390,"color":"rgb(255,127,14)"}]}
