{"age":[{"age_group":"<20","count":67,"tested":881},{"age_group":"20-29   ","count":145,"tested":1574},{"age_group":"30-39   ","count":128,"tested":1731},{"age_group":"40-49   ","count":118,"tested":1424},{"age_group":"50-59   ","count":117,"tested":1708},{"age_group":"60-69   ","count":89,"tested":1440},{"age_group":"70-79   ","count":34,"tested":651},{"age_group":"80+","count":17,"tested":231}],"race":[{"description":"Black","count":469,"tested":5473,"color":"rgb(255,127,14)"},{"description":"Hispanic","count":33,"tested":137,"color":"rgb(214,39,40)"},{"description":"White","count":17,"tested":144,"color":"rgb(31,119,180)"},{"description":"Left Blank","count":179,"tested":3723,"color":"rgb(44,160,44)"},{"description":"Other","count":16,"tested":147,"color":"rgb(148,103,189)"}],"gender":[{"description":"Female","count":411,"tested":5919,"color":"rgb(255,127,14)"},{"description":"Unknown/Left Blank","count":8,"tested":207,"color":"rgb(44,160,44)"},{"description":"Male","count":296,"tested":3517,"color":"rgb(31,119,180)"}]}
