{"age":[{"age_group":"<20","count":8,"tested":471},{"age_group":"20-29   ","count":11,"tested":481},{"age_group":"30-39   ","count":11,"tested":402},{"age_group":"40-49   ","count":6,"tested":324},{"age_group":"50-59   ","count":7,"tested":395},{"age_group":"60-69   ","count":17,"tested":322},{"age_group":"70-79   ","count":10,"tested":203},{"age_group":"80+","count":15,"tested":176}],"race":[{"description":"Left Blank","count":10,"tested":414,"color":"rgb(44,160,44)"},{"description":"White","count":69,"tested":2192,"color":"rgb(31,119,180)"}],"gender":[{"description":"Male","count":33,"tested":1072,"color":"rgb(31,119,180)"},{"description":"Female","count":50,"tested":1667,"color":"rgb(255,127,14)"}]}
