{"age":[{"age_group":"<20","count":37,"tested":316},{"age_group":"20-29   ","count":77,"tested":575},{"age_group":"30-39   ","count":52,"tested":397},{"age_group":"40-49   ","count":51,"tested":342},{"age_group":"50-59   ","count":35,"tested":347},{"age_group":"60-69   ","count":26,"tested":254},{"age_group":"70-79   ","count":10,"tested":126}],"race":[{"description":"Other","count":17,"tested":76,"color":"rgb(148,103,189)"},{"description":"Hispanic","count":109,"tested":520,"color":"rgb(214,39,40)"},{"description":"White","count":41,"tested":401,"color":"rgb(31,119,180)"},{"description":"Left Blank","count":104,"tested":1221,"color":"rgb(44,160,44)"},{"description":"Black","count":20,"tested":184,"color":"rgb(255,127,14)"}],"gender":[{"description":"Male","count":143,"tested":1083,"color":"rgb(31,119,180)"},{"description":"Female","count":148,"tested":1307,"color":"rgb(255,127,14)"}]}
