{"age":[{"age_group":"<20","count":29,"tested":346},{"age_group":"20-29   ","count":22,"tested":333},{"age_group":"30-39   ","count":15,"tested":307},{"age_group":"40-49   ","count":23,"tested":309},{"age_group":"50-59   ","count":18,"tested":381},{"age_group":"60-69   ","count":20,"tested":596},{"age_group":"70-79   ","count":13,"tested":485},{"age_group":"80+","count":23,"tested":487}],"race":[{"description":"White","count":76,"tested":1310,"color":"rgb(31,119,180)"},{"description":"Left Blank","count":81,"tested":1855,"color":"rgb(44,160,44)"},{"description":"Hispanic","count":6,"tested":47,"color":"rgb(214,39,40)"}],"gender":[{"description":"Male","count":69,"tested":1182,"color":"rgb(31,119,180)"},{"description":"Female","count":88,"tested":1900,"color":"rgb(255,127,14)"},{"description":"Unknown/Left Blank","count":6,"tested":167,"color":"rgb(44,160,44)"}]}
