{"age":[{"age_group":"<20","count":125,"tested":1329},{"age_group":"20-29   ","count":236,"tested":2131},{"age_group":"30-39   ","count":190,"tested":1843},{"age_group":"40-49   ","count":206,"tested":2231},{"age_group":"50-59   ","count":199,"tested":2483},{"age_group":"60-69   ","count":117,"tested":2305},{"age_group":"70-79   ","count":46,"tested":1671},{"age_group":"80+","count":40,"tested":2090}],"race":[{"description":"Left Blank","count":319,"tested":9345,"color":"rgb(44,160,44)"},{"description":"White","count":223,"tested":3056,"color":"rgb(31,119,180)"},{"description":"Asian","count":13,"tested":187,"color":"rgb(140,86,75)"},{"description":"Other","count":50,"tested":521,"color":"rgb(148,103,189)"},{"description":"Hispanic","count":542,"tested":2732,"color":"rgb(214,39,40)"},{"description":"Black","count":10,"tested":217,"color":"rgb(255,127,14)"}],"gender":[{"description":"Female","count":579,"tested":9649,"color":"rgb(255,127,14)"},{"description":"Male","count":569,"tested":6330,"color":"rgb(31,119,180)"},{"description":"Unknown/Left Blank","count":11,"tested":104,"color":"rgb(44,160,44)"}]}
