{"age":[{"age_group":"<20","count":77,"tested":1121},{"age_group":"20-29   ","count":85,"tested":1508},{"age_group":"30-39   ","count":67,"tested":1282},{"age_group":"40-49   ","count":110,"tested":1577},{"age_group":"50-59   ","count":99,"tested":1766},{"age_group":"60-69   ","count":39,"tested":1066},{"age_group":"70-79   ","count":14,"tested":480}],"race":[{"description":"Hispanic","count":66,"tested":565,"color":"rgb(214,39,40)"},{"description":"White","count":108,"tested":2131,"color":"rgb(31,119,180)"},{"description":"Black","count":68,"tested":979,"color":"rgb(255,127,14)"},{"description":"Asian","count":42,"tested":710,"color":"rgb(140,86,75)"},{"description":"Left Blank","count":179,"tested":4202,"color":"rgb(44,160,44)"},{"description":"Other","count":29,"tested":384,"color":"rgb(148,103,189)"}],"gender":[{"description":"Female","count":257,"tested":4872,"color":"rgb(255,127,14)"},{"description":"Male","count":238,"tested":4008,"color":"rgb(31,119,180)"}]}
