{"age":[{"age_group":"<20","count":65,"tested":804},{"age_group":"20-29   ","count":91,"tested":913},{"age_group":"30-39   ","count":80,"tested":950},{"age_group":"40-49   ","count":84,"tested":883},{"age_group":"50-59   ","count":68,"tested":677},{"age_group":"60-69   ","count":37,"tested":525},{"age_group":"70-79   ","count":9,"tested":273}],"race":[{"description":"Left Blank","count":66,"tested":1793,"color":"rgb(44,160,44)"},{"description":"White","count":122,"tested":1798,"color":"rgb(31,119,180)"},{"description":"Other","count":6,"tested":162,"color":"rgb(148,103,189)"},{"description":"Black","count":24,"tested":269,"color":"rgb(255,127,14)"},{"description":"Hispanic","count":215,"tested":1060,"color":"rgb(214,39,40)"}],"gender":[{"description":"Male","count":207,"tested":2151,"color":"rgb(31,119,180)"},{"description":"Female","count":228,"tested":2934,"color":"rgb(255,127,14)"}]}
