{"age":[{"age_group":"<20","count":227,"tested":2468},{"age_group":"20-29   ","count":255,"tested":2835},{"age_group":"30-39   ","count":258,"tested":2647},{"age_group":"40-49   ","count":202,"tested":2365},{"age_group":"50-59   ","count":193,"tested":2294},{"age_group":"60-69   ","count":169,"tested":1874},{"age_group":"70-79   ","count":112,"tested":1270},{"age_group":"80+","count":61,"tested":921}],"race":[{"description":"Hispanic","count":448,"tested":1958,"color":"rgb(214,39,40)"},{"description":"Black","count":150,"tested":1235,"color":"rgb(255,127,14)"},{"description":"Other","count":28,"tested":308,"color":"rgb(148,103,189)"},{"description":"Left Blank","count":201,"tested":7685,"color":"rgb(44,160,44)"},{"description":"Asian","count":51,"tested":289,"color":"rgb(140,86,75)"},{"description":"White","count":599,"tested":5198,"color":"rgb(31,119,180)"}],"gender":[{"description":"Male","count":678,"tested":6352,"color":"rgb(31,119,180)"},{"description":"Unknown/Left Blank","count":8,"tested":531,"color":"rgb(44,160,44)"},{"description":"Female","count":791,"tested":9801,"color":"rgb(255,127,14)"}]}
