{"age":[{"age_group":"<20","count":106,"tested":952},{"age_group":"20-29   ","count":122,"tested":1009},{"age_group":"30-39   ","count":112,"tested":880},{"age_group":"40-49   ","count":117,"tested":822},{"age_group":"50-59   ","count":85,"tested":696},{"age_group":"60-69   ","count":39,"tested":657},{"age_group":"70-79   ","count":30,"tested":479},{"age_group":"80+","count":11,"tested":293}],"race":[{"description":"White","count":161,"tested":2516,"color":"rgb(31,119,180)"},{"description":"Hispanic","count":393,"tested":1795,"color":"rgb(214,39,40)"},{"description":"Other","count":7,"tested":66,"color":"rgb(148,103,189)"},{"description":"Left Blank","count":55,"tested":1370,"color":"rgb(44,160,44)"}],"gender":[{"description":"Male","count":296,"tested":2370,"color":"rgb(31,119,180)"},{"description":"Female","count":323,"tested":3370,"color":"rgb(255,127,14)"}]}
