{"age":[{"age_group":"<20","count":10,"tested":134},{"age_group":"20-29   ","count":20,"tested":157},{"age_group":"30-39   ","count":9,"tested":136},{"age_group":"40-49   ","count":11,"tested":124},{"age_group":"50-59   ","count":10,"tested":95}],"race":[{"description":"Left Blank","count":7,"tested":272,"color":"rgb(44,160,44)"},{"description":"Hispanic","count":25,"tested":135,"color":"rgb(214,39,40)"},{"description":"White","count":34,"tested":351,"color":"rgb(31,119,180)"}],"gender":[{"description":"Female","count":33,"tested":441,"color":"rgb(255,127,14)"},{"description":"Male","count":34,"tested":328,"color":"rgb(31,119,180)"}]}
