{"age":[{"age_group":"<20","count":79,"tested":1853},{"age_group":"20-29   ","count":140,"tested":2143},{"age_group":"30-39   ","count":108,"tested":2127},{"age_group":"40-49   ","count":119,"tested":1921},{"age_group":"50-59   ","count":104,"tested":2345},{"age_group":"60-69   ","count":79,"tested":2080},{"age_group":"70-79   ","count":38,"tested":1538},{"age_group":"80+","count":45,"tested":2483}],"race":[{"description":"Left Blank","count":212,"tested":8316,"color":"rgb(44,160,44)"},{"description":"Hispanic","count":98,"tested":689,"color":"rgb(214,39,40)"},{"description":"Other","count":29,"tested":314,"color":"rgb(148,103,189)"},{"description":"Black","count":25,"tested":240,"color":"rgb(255,127,14)"},{"description":"White","count":318,"tested":6387,"color":"rgb(31,119,180)"},{"description":"Asian","count":29,"tested":538,"color":"rgb(140,86,75)"}],"gender":[{"description":"Female","count":386,"tested":8745,"color":"rgb(255,127,14)"},{"description":"Male","count":323,"tested":6517,"color":"rgb(31,119,180)"}]}
