{"lastUpdatedDate":{"year":2021,"month":9,"day":2},"county_demographics":[{"County":"Whiteside","confirmed_cases":7574,"total_tested":91192,"demographics":{"age":[{"race":[],"age_group":"<20","count":1207,"tested":14403,"deaths":0},{"race":[],"age_group":"20-29   ","count":1148,"tested":13965,"deaths":0},{"race":[],"age_group":"30-39   ","count":1112,"tested":14152,"deaths":0},{"race":[],"age_group":"40-49   ","count":1069,"tested":12426,"deaths":0},{"race":[],"age_group":"50-59   ","count":1189,"tested":13363,"deaths":0},{"race":[],"age_group":"60-69   ","count":916,"tested":10637,"deaths":0},{"race":[],"age_group":"70-79   ","count":492,"tested":5775,"deaths":0},{"race":[],"age_group":"80+","count":439,"tested":6294,"deaths":0},{"race":[],"age_group":"Unknown","count":0,"tested":177,"deaths":0}],"race":[{"description":"AI/AN**","count":0,"tested":50,"deaths":0,"color":"rgb(31,119,180)"},{"description":"Asian","count":15,"tested":291,"deaths":0,"color":"rgb(140,86,75)"},{"description":"Black","count":164,"tested":1988,"deaths":0,"color":"rgb(255,127,14)"},{"description":"Hispanic","count":472,"tested":3563,"deaths":0,"color":"rgb(214,39,40)"},{"description":"Left Blank","count":1965,"tested":43488,"deaths":0,"color":"rgb(44,160,44)"},{"description":"NH/PI*","count":0,"tested":17,"deaths":0,"color":"rgb(127,127,127)"},{"description":"Other","count":350,"tested":2148,"deaths":0,"color":"rgb(148,103,189)"},{"description":"White","count":4592,"tested":39647,"deaths":0,"color":"rgb(31,119,180)"}],"gender":[{"description":"Female","count":4043,"tested":54182,"deaths":0,"color":"rgb(255,127,14)"},{"description":"Male","count":3423,"tested":32260,"deaths":0,"color":"rgb(31,119,180)"},{"description":"Unknown/Left Blank","count":108,"tested":4750,"deaths":0,"color":"rgb(44,160,44)"}]}}]}
