{"lastUpdatedDate":{"year":2021,"month":9,"day":2},"county_demographics":[{"County":"Johnson","confirmed_cases":1955,"total_tested":60917,"demographics":{"age":[{"race":[],"age_group":"<20","count":303,"tested":2548,"deaths":0},{"race":[],"age_group":"20-29   ","count":300,"tested":11380,"deaths":0},{"race":[],"age_group":"30-39   ","count":349,"tested":15480,"deaths":0},{"race":[],"age_group":"40-49   ","count":303,"tested":12712,"deaths":0},{"race":[],"age_group":"50-59   ","count":307,"tested":8505,"deaths":0},{"race":[],"age_group":"60-69   ","count":193,"tested":3898,"deaths":0},{"race":[],"age_group":"70-79   ","count":125,"tested":1806,"deaths":0},{"race":[],"age_group":"80+","count":74,"tested":1451,"deaths":0},{"race":[],"age_group":"Unknown","count":0,"tested":3137,"deaths":0}],"race":[{"description":"AI/AN**","count":0,"tested":9,"deaths":0,"color":"rgb(31,119,180)"},{"description":"Asian","count":0,"tested":129,"deaths":0,"color":"rgb(140,86,75)"},{"description":"Black","count":157,"tested":673,"deaths":0,"color":"rgb(255,127,14)"},{"description":"Hispanic","count":72,"tested":336,"deaths":0,"color":"rgb(214,39,40)"},{"description":"Left Blank","count":415,"tested":48134,"deaths":0,"color":"rgb(44,160,44)"},{"description":"NH/PI*","count":0,"tested":47,"deaths":0,"color":"rgb(127,127,127)"},{"description":"Other","count":11,"tested":118,"deaths":0,"color":"rgb(148,103,189)"},{"description":"White","count":1287,"tested":11471,"deaths":0,"color":"rgb(31,119,180)"}],"gender":[{"description":"Female","count":801,"tested":11252,"deaths":0,"color":"rgb(255,127,14)"},{"description":"Male","count":1077,"tested":23466,"deaths":0,"color":"rgb(31,119,180)"},{"description":"Unknown/Left Blank","count":77,"tested":26199,"deaths":0,"color":"rgb(44,160,44)"}]}}]}
