{"lastUpdatedDate":{"year":2021,"month":9,"day":2},"county_demographics":[{"County":"Jersey","confirmed_cases":3088,"total_tested":40251,"demographics":{"age":[{"race":[],"age_group":"<20","count":500,"tested":4944,"deaths":0},{"race":[],"age_group":"20-29   ","count":421,"tested":6348,"deaths":0},{"race":[],"age_group":"30-39   ","count":399,"tested":5458,"deaths":0},{"race":[],"age_group":"40-49   ","count":403,"tested":5882,"deaths":0},{"race":[],"age_group":"50-59   ","count":459,"tested":6084,"deaths":0},{"race":[],"age_group":"60-69   ","count":406,"tested":4690,"deaths":0},{"race":[],"age_group":"70-79   ","count":266,"tested":2795,"deaths":0},{"race":[],"age_group":"80+","count":219,"tested":4037,"deaths":0},{"race":[],"age_group":"Unknown","count":15,"tested":13,"deaths":0}],"race":[{"description":"AI/AN**","count":0,"tested":11,"deaths":0,"color":"rgb(31,119,180)"},{"description":"Asian","count":0,"tested":37,"deaths":0,"color":"rgb(140,86,75)"},{"description":"Black","count":14,"tested":1117,"deaths":0,"color":"rgb(255,127,14)"},{"description":"Hispanic","count":7,"tested":175,"deaths":0,"color":"rgb(214,39,40)"},{"description":"Left Blank","count":526,"tested":10858,"deaths":0,"color":"rgb(44,160,44)"},{"description":"NH/PI*","count":0,"tested":6,"deaths":0,"color":"rgb(127,127,127)"},{"description":"Other","count":37,"tested":643,"deaths":0,"color":"rgb(148,103,189)"},{"description":"White","count":2493,"tested":27404,"deaths":0,"color":"rgb(31,119,180)"}],"gender":[{"description":"Female","count":1682,"tested":25758,"deaths":0,"color":"rgb(255,127,14)"},{"description":"Male","count":1394,"tested":14195,"deaths":0,"color":"rgb(31,119,180)"},{"description":"Unknown/Left Blank","count":7,"tested":298,"deaths":0,"color":"rgb(44,160,44)"}]}}]}
