{"lastUpdatedDate":{"year":2021,"month":9,"day":2},"county_demographics":[{"County":"Fulton","confirmed_cases":4535,"total_tested":110171,"demographics":{"age":[{"race":[],"age_group":"<20","count":911,"tested":10787,"deaths":0},{"race":[],"age_group":"20-29   ","count":737,"tested":18214,"deaths":0},{"race":[],"age_group":"30-39   ","count":625,"tested":19870,"deaths":0},{"race":[],"age_group":"40-49   ","count":659,"tested":16972,"deaths":0},{"race":[],"age_group":"50-59   ","count":577,"tested":16034,"deaths":0},{"race":[],"age_group":"60-69   ","count":490,"tested":10982,"deaths":0},{"race":[],"age_group":"70-79   ","count":302,"tested":6157,"deaths":0},{"race":[],"age_group":"80+","count":230,"tested":6977,"deaths":0},{"race":[],"age_group":"Unknown","count":0,"tested":4178,"deaths":0}],"race":[{"description":"AI/AN**","count":0,"tested":28,"deaths":0,"color":"rgb(31,119,180)"},{"description":"Asian","count":0,"tested":44,"deaths":0,"color":"rgb(140,86,75)"},{"description":"Black","count":104,"tested":803,"deaths":0,"color":"rgb(255,127,14)"},{"description":"Hispanic","count":53,"tested":283,"deaths":0,"color":"rgb(214,39,40)"},{"description":"Left Blank","count":2762,"tested":77833,"deaths":0,"color":"rgb(44,160,44)"},{"description":"NH/PI*","count":0,"tested":0,"deaths":0,"color":"rgb(127,127,127)"},{"description":"Other","count":48,"tested":1964,"deaths":0,"color":"rgb(148,103,189)"},{"description":"White","count":1556,"tested":29211,"deaths":0,"color":"rgb(31,119,180)"}],"gender":[{"description":"Female","count":2281,"tested":51958,"deaths":0,"color":"rgb(255,127,14)"},{"description":"Male","count":2193,"tested":44060,"deaths":0,"color":"rgb(31,119,180)"},{"description":"Unknown/Left Blank","count":61,"tested":14153,"deaths":0,"color":"rgb(44,160,44)"}]}}]}
