{"lastUpdatedDate":{"year":2021,"month":9,"day":2},"county_demographics":[{"County":"Douglas","confirmed_cases":2880,"total_tested":41382,"demographics":{"age":[{"race":[],"age_group":"<20","count":602,"tested":8841,"deaths":0},{"race":[],"age_group":"20-29   ","count":453,"tested":6172,"deaths":0},{"race":[],"age_group":"30-39   ","count":397,"tested":5212,"deaths":0},{"race":[],"age_group":"40-49   ","count":406,"tested":5152,"deaths":0},{"race":[],"age_group":"50-59   ","count":379,"tested":4452,"deaths":0},{"race":[],"age_group":"60-69   ","count":337,"tested":4986,"deaths":0},{"race":[],"age_group":"70-79   ","count":163,"tested":3089,"deaths":0},{"race":[],"age_group":"80+","count":143,"tested":3310,"deaths":0},{"race":[],"age_group":"Unknown","count":0,"tested":168,"deaths":0}],"race":[{"description":"AI/AN**","count":0,"tested":23,"deaths":0,"color":"rgb(31,119,180)"},{"description":"Asian","count":11,"tested":114,"deaths":0,"color":"rgb(140,86,75)"},{"description":"Black","count":8,"tested":256,"deaths":0,"color":"rgb(255,127,14)"},{"description":"Hispanic","count":322,"tested":2334,"deaths":0,"color":"rgb(214,39,40)"},{"description":"Left Blank","count":423,"tested":6664,"deaths":0,"color":"rgb(44,160,44)"},{"description":"NH/PI*","count":0,"tested":36,"deaths":0,"color":"rgb(127,127,127)"},{"description":"Other","count":80,"tested":991,"deaths":0,"color":"rgb(148,103,189)"},{"description":"White","count":2034,"tested":30964,"deaths":0,"color":"rgb(31,119,180)"}],"gender":[{"description":"Female","count":1447,"tested":24562,"deaths":0,"color":"rgb(255,127,14)"},{"description":"Male","count":1411,"tested":16536,"deaths":0,"color":"rgb(31,119,180)"},{"description":"Unknown/Left Blank","count":19,"tested":284,"deaths":0,"color":"rgb(44,160,44)"}]}}]}
