{"lastUpdatedDate":{"year":2021,"month":9,"day":2},"county_demographics":[{"County":"De Witt","confirmed_cases":1818,"total_tested":32109,"demographics":{"age":[{"race":[],"age_group":"<20","count":357,"tested":5793,"deaths":0},{"race":[],"age_group":"20-29   ","count":247,"tested":5266,"deaths":0},{"race":[],"age_group":"30-39   ","count":264,"tested":4579,"deaths":0},{"race":[],"age_group":"40-49   ","count":238,"tested":4130,"deaths":0},{"race":[],"age_group":"50-59   ","count":261,"tested":4172,"deaths":0},{"race":[],"age_group":"60-69   ","count":208,"tested":3512,"deaths":0},{"race":[],"age_group":"70-79   ","count":140,"tested":2271,"deaths":0},{"race":[],"age_group":"80+","count":103,"tested":2384,"deaths":0},{"race":[],"age_group":"Unknown","count":0,"tested":0,"deaths":0}],"race":[{"description":"AI/AN**","count":0,"tested":52,"deaths":0,"color":"rgb(31,119,180)"},{"description":"Asian","count":0,"tested":57,"deaths":0,"color":"rgb(140,86,75)"},{"description":"Black","count":8,"tested":207,"deaths":0,"color":"rgb(255,127,14)"},{"description":"Hispanic","count":39,"tested":412,"deaths":0,"color":"rgb(214,39,40)"},{"description":"Left Blank","count":364,"tested":12881,"deaths":0,"color":"rgb(44,160,44)"},{"description":"NH/PI*","count":0,"tested":10,"deaths":0,"color":"rgb(127,127,127)"},{"description":"Other","count":12,"tested":383,"deaths":0,"color":"rgb(148,103,189)"},{"description":"White","count":1381,"tested":18107,"deaths":0,"color":"rgb(31,119,180)"}],"gender":[{"description":"Female","count":962,"tested":19165,"deaths":0,"color":"rgb(255,127,14)"},{"description":"Male","count":847,"tested":12390,"deaths":0,"color":"rgb(31,119,180)"},{"description":"Unknown/Left Blank","count":8,"tested":554,"deaths":0,"color":"rgb(44,160,44)"}]}}]}
