{"lastUpdatedDate":{"year":2021,"month":9,"day":2},"county_demographics":[{"County":"Monroe","confirmed_cases":4887,"total_tested":50879,"demographics":{"age":[{"race":[],"age_group":"<20","count":874,"tested":8024,"deaths":0},{"race":[],"age_group":"20-29   ","count":656,"tested":6216,"deaths":0},{"race":[],"age_group":"30-39   ","count":684,"tested":6427,"deaths":0},{"race":[],"age_group":"40-49   ","count":710,"tested":5747,"deaths":0},{"race":[],"age_group":"50-59   ","count":832,"tested":7033,"deaths":0},{"race":[],"age_group":"60-69   ","count":597,"tested":6085,"deaths":0},{"race":[],"age_group":"70-79   ","count":265,"tested":3382,"deaths":0},{"race":[],"age_group":"80+","count":268,"tested":7934,"deaths":0},{"race":[],"age_group":"Unknown","count":0,"tested":31,"deaths":0}],"race":[{"description":"AI/AN**","count":0,"tested":16,"deaths":0,"color":"rgb(31,119,180)"},{"description":"Asian","count":0,"tested":102,"deaths":0,"color":"rgb(140,86,75)"},{"description":"Black","count":12,"tested":647,"deaths":0,"color":"rgb(255,127,14)"},{"description":"Hispanic","count":25,"tested":309,"deaths":0,"color":"rgb(214,39,40)"},{"description":"Left Blank","count":2530,"tested":22160,"deaths":0,"color":"rgb(44,160,44)"},{"description":"NH/PI*","count":0,"tested":0,"deaths":0,"color":"rgb(127,127,127)"},{"description":"Other","count":33,"tested":438,"deaths":0,"color":"rgb(148,103,189)"},{"description":"White","count":2279,"tested":27202,"deaths":0,"color":"rgb(31,119,180)"}],"gender":[{"description":"Female","count":2574,"tested":32479,"deaths":0,"color":"rgb(255,127,14)"},{"description":"Male","count":2294,"tested":17701,"deaths":0,"color":"rgb(31,119,180)"},{"description":"Unknown/Left Blank","count":18,"tested":699,"deaths":0,"color":"rgb(44,160,44)"}]}}]}
