{"lastUpdatedDate":{"year":2021,"month":6,"day":14},"county_demographics":[{"County":"Stephenson","confirmed_cases":4815,"total_tested":64808,"demographics":{"age":[{"race":[],"age_group":"<20","count":769,"tested":8086,"deaths":0},{"race":[],"age_group":"20-29   ","count":710,"tested":8979,"deaths":0},{"race":[],"age_group":"30-39   ","count":710,"tested":8595,"deaths":0},{"race":[],"age_group":"40-49   ","count":615,"tested":6718,"deaths":0},{"race":[],"age_group":"50-59   ","count":769,"tested":9477,"deaths":0},{"race":[],"age_group":"60-69   ","count":610,"tested":8377,"deaths":0},{"race":[],"age_group":"70-79   ","count":330,"tested":5645,"deaths":0},{"race":[],"age_group":"80+","count":302,"tested":8914,"deaths":0},{"race":[],"age_group":"Unknown","count":0,"tested":17,"deaths":0}],"race":[{"description":"AI/AN**","count":0,"tested":46,"deaths":0,"color":"rgb(31,119,180)"},{"description":"Asian","count":24,"tested":193,"deaths":0,"color":"rgb(140,86,75)"},{"description":"Black","count":315,"tested":3269,"deaths":0,"color":"rgb(255,127,14)"},{"description":"Hispanic","count":148,"tested":873,"deaths":0,"color":"rgb(214,39,40)"},{"description":"Left Blank","count":1047,"tested":26963,"deaths":0,"color":"rgb(44,160,44)"},{"description":"NH/PI*","count":0,"tested":23,"deaths":0,"color":"rgb(127,127,127)"},{"description":"Other","count":49,"tested":962,"deaths":0,"color":"rgb(148,103,189)"},{"description":"White","count":3216,"tested":32479,"deaths":0,"color":"rgb(31,119,180)"}],"gender":[{"description":"Female","count":2615,"tested":42525,"deaths":0,"color":"rgb(255,127,14)"},{"description":"Male","count":2157,"tested":21223,"deaths":0,"color":"rgb(31,119,180)"},{"description":"Unknown/Left Blank","count":39,"tested":1060,"deaths":0,"color":"rgb(44,160,44)"}]}}]}
