{"lastUpdatedDate":{"year":2021,"month":6,"day":14},"county_demographics":[{"County":"Bond","confirmed_cases":2088,"total_tested":39391,"demographics":{"age":[{"race":[],"age_group":"<20","count":341,"tested":6459,"deaths":0},{"race":[],"age_group":"20-29   ","count":377,"tested":11637,"deaths":0},{"race":[],"age_group":"30-39   ","count":304,"tested":5229,"deaths":0},{"race":[],"age_group":"40-49   ","count":309,"tested":4517,"deaths":0},{"race":[],"age_group":"50-59   ","count":313,"tested":3955,"deaths":0},{"race":[],"age_group":"60-69   ","count":232,"tested":3426,"deaths":0},{"race":[],"age_group":"70-79   ","count":118,"tested":2099,"deaths":0},{"race":[],"age_group":"80+","count":94,"tested":1937,"deaths":0},{"race":[],"age_group":"Unknown","count":0,"tested":132,"deaths":0}],"race":[{"description":"AI/AN**","count":0,"tested":29,"deaths":0,"color":"rgb(31,119,180)"},{"description":"Asian","count":0,"tested":352,"deaths":0,"color":"rgb(140,86,75)"},{"description":"Black","count":50,"tested":1916,"deaths":0,"color":"rgb(255,127,14)"},{"description":"Hispanic","count":19,"tested":1210,"deaths":0,"color":"rgb(214,39,40)"},{"description":"Left Blank","count":1038,"tested":19381,"deaths":0,"color":"rgb(44,160,44)"},{"description":"NH/PI*","count":0,"tested":46,"deaths":0,"color":"rgb(127,127,127)"},{"description":"Other","count":23,"tested":261,"deaths":0,"color":"rgb(148,103,189)"},{"description":"White","count":942,"tested":16196,"deaths":0,"color":"rgb(31,119,180)"}],"gender":[{"description":"Female","count":988,"tested":18342,"deaths":0,"color":"rgb(255,127,14)"},{"description":"Male","count":1063,"tested":18990,"deaths":0,"color":"rgb(31,119,180)"},{"description":"Unknown/Left Blank","count":37,"tested":2059,"deaths":0,"color":"rgb(44,160,44)"}]}}]}
