{"lastUpdatedDate":{"year":2021,"month":6,"day":14},"county_demographics":[{"County":"Jo Daviess","confirmed_cases":1826,"total_tested":22345,"demographics":{"age":[{"race":[],"age_group":"<20","count":308,"tested":3012,"deaths":0},{"race":[],"age_group":"20-29   ","count":245,"tested":2702,"deaths":0},{"race":[],"age_group":"30-39   ","count":210,"tested":2580,"deaths":0},{"race":[],"age_group":"40-49   ","count":234,"tested":2417,"deaths":0},{"race":[],"age_group":"50-59   ","count":302,"tested":3371,"deaths":0},{"race":[],"age_group":"60-69   ","count":256,"tested":3620,"deaths":0},{"race":[],"age_group":"70-79   ","count":157,"tested":2109,"deaths":0},{"race":[],"age_group":"80+","count":111,"tested":2529,"deaths":0},{"race":[],"age_group":"Unknown","count":0,"tested":0,"deaths":0}],"race":[{"description":"AI/AN**","count":0,"tested":14,"deaths":0,"color":"rgb(31,119,180)"},{"description":"Asian","count":0,"tested":39,"deaths":0,"color":"rgb(140,86,75)"},{"description":"Black","count":0,"tested":135,"deaths":0,"color":"rgb(255,127,14)"},{"description":"Hispanic","count":47,"tested":306,"deaths":0,"color":"rgb(214,39,40)"},{"description":"Left Blank","count":557,"tested":9443,"deaths":0,"color":"rgb(44,160,44)"},{"description":"NH/PI*","count":0,"tested":0,"deaths":0,"color":"rgb(127,127,127)"},{"description":"Other","count":12,"tested":191,"deaths":0,"color":"rgb(148,103,189)"},{"description":"White","count":1196,"tested":12214,"deaths":0,"color":"rgb(31,119,180)"}],"gender":[{"description":"Female","count":934,"tested":14064,"deaths":0,"color":"rgb(255,127,14)"},{"description":"Male","count":844,"tested":7756,"deaths":0,"color":"rgb(31,119,180)"},{"description":"Unknown/Left Blank","count":48,"tested":525,"deaths":0,"color":"rgb(44,160,44)"}]}}]}
