{"lastUpdatedDate":{"year":2021,"month":6,"day":14},"county_demographics":[{"County":"Lake","confirmed_cases":68311,"total_tested":1187841,"demographics":{"age":[{"race":[],"age_group":"<20","count":12984,"tested":262516,"deaths":0},{"race":[],"age_group":"20-29   ","count":12495,"tested":178880,"deaths":0},{"race":[],"age_group":"30-39   ","count":10016,"tested":144263,"deaths":0},{"race":[],"age_group":"40-49   ","count":10669,"tested":148268,"deaths":0},{"race":[],"age_group":"50-59   ","count":10458,"tested":168527,"deaths":0},{"race":[],"age_group":"60-69   ","count":6335,"tested":131108,"deaths":0},{"race":[],"age_group":"70-79   ","count":2961,"tested":74339,"deaths":0},{"race":[],"age_group":"80+","count":2374,"tested":79531,"deaths":0},{"race":[],"age_group":"Unknown","count":19,"tested":409,"deaths":0}],"race":[{"description":"AI/AN**","count":105,"tested":1447,"deaths":0,"color":"rgb(31,119,180)"},{"description":"Asian","count":1939,"tested":46855,"deaths":0,"color":"rgb(140,86,75)"},{"description":"Black","count":3757,"tested":49846,"deaths":0,"color":"rgb(255,127,14)"},{"description":"Hispanic","count":19631,"tested":134268,"deaths":0,"color":"rgb(214,39,40)"},{"description":"Left Blank","count":16203,"tested":444814,"deaths":0,"color":"rgb(44,160,44)"},{"description":"NH/PI*","count":134,"tested":2746,"deaths":0,"color":"rgb(127,127,127)"},{"description":"Other","count":3193,"tested":39870,"deaths":0,"color":"rgb(148,103,189)"},{"description":"White","count":23349,"tested":467995,"deaths":0,"color":"rgb(31,119,180)"}],"gender":[{"description":"Female","count":34120,"tested":654283,"deaths":0,"color":"rgb(255,127,14)"},{"description":"Male","count":33335,"tested":507228,"deaths":0,"color":"rgb(31,119,180)"},{"description":"Unknown/Left Blank","count":856,"tested":26330,"deaths":0,"color":"rgb(44,160,44)"}]}}]}
