{"age":[{"age_group":"<20","count":57,"tested":639},{"age_group":"20-29   ","count":55,"tested":504},{"age_group":"30-39   ","count":44,"tested":467},{"age_group":"40-49   ","count":57,"tested":502},{"age_group":"50-59   ","count":48,"tested":596},{"age_group":"60-69   ","count":63,"tested":531},{"age_group":"70-79   ","count":38,"tested":391},{"age_group":"80+","count":17,"tested":228}],"race":[{"description":"Left Blank","count":67,"tested":1159,"color":"rgb(44,160,44)"},{"description":"White","count":302,"tested":2567,"color":"rgb(31,119,180)"}],"gender":[]}
