{"age":[{"age_group":"<20","count":944,"tested":12013},{"age_group":"20-29   ","count":523,"tested":8666},{"age_group":"30-39   ","count":528,"tested":8689},{"age_group":"40-49   ","count":523,"tested":7424},{"age_group":"50-59   ","count":575,"tested":8554},{"age_group":"60-69   ","count":357,"tested":6839},{"age_group":"70-79   ","count":174,"tested":3607},{"age_group":"80+","count":121,"tested":3791}],"race":[{"description":"AI/AN**","count":8,"tested":76,"color":"rgb(31,119,180)"},{"description":"Asian","count":208,"tested":2042,"color":"rgb(140,86,75)"},{"description":"Black","count":88,"tested":1001,"color":"rgb(255,127,14)"},{"description":"Hispanic","count":300,"tested":1949,"color":"rgb(214,39,40)"},{"description":"Left Blank","count":589,"tested":26666,"color":"rgb(44,160,44)"},{"description":"NH/PI*","count":6,"tested":42,"color":"rgb(127,127,127)"},{"description":"Other","count":108,"tested":1679,"color":"rgb(148,103,189)"},{"description":"White","count":2438,"tested":26138,"color":"rgb(31,119,180)"}],"gender":[]}
