{"age":[{"age_group":"<20","count":716,"tested":5973},{"age_group":"20-29   ","count":330,"tested":4177},{"age_group":"30-39   ","count":352,"tested":3942},{"age_group":"40-49   ","count":273,"tested":3461},{"age_group":"50-59   ","count":272,"tested":3908},{"age_group":"60-69   ","count":193,"tested":3316},{"age_group":"70-79   ","count":105,"tested":2843},{"age_group":"80+","count":156,"tested":6411}],"race":[{"description":"AI/AN**","count":7,"tested":105,"color":"rgb(31,119,180)"},{"description":"Asian","count":232,"tested":3592,"color":"rgb(140,86,75)"},{"description":"Black","count":19,"tested":537,"color":"rgb(255,127,14)"},{"description":"Hispanic","count":90,"tested":1087,"color":"rgb(214,39,40)"},{"description":"Left Blank","count":1154,"tested":18581,"color":"rgb(44,160,44)"},{"description":"Other","count":283,"tested":1893,"color":"rgb(148,103,189)"},{"description":"White","count":609,"tested":8453,"color":"rgb(31,119,180)"}],"gender":[]}
