{"age":[{"age_group":"<20","count":33,"tested":278},{"age_group":"20-29   ","count":38,"tested":308},{"age_group":"30-39   ","count":33,"tested":322},{"age_group":"40-49   ","count":23,"tested":307},{"age_group":"50-59   ","count":36,"tested":374},{"age_group":"60-69   ","count":22,"tested":569},{"age_group":"70-79   ","count":7,"tested":203}],"race":[{"description":"Left Blank","count":33,"tested":344,"color":"rgb(44,160,44)"},{"description":"Other","count":8,"tested":56,"color":"rgb(148,103,189)"},{"description":"White","count":151,"tested":2031,"color":"rgb(31,119,180)"}],"gender":[]}
