{"age":[{"age_group":"<20","count":123,"tested":1240},{"age_group":"20-29   ","count":153,"tested":1708},{"age_group":"30-39   ","count":109,"tested":1410},{"age_group":"40-49   ","count":146,"tested":2028},{"age_group":"50-59   ","count":163,"tested":2222},{"age_group":"60-69   ","count":149,"tested":1688},{"age_group":"70-79   ","count":55,"tested":897},{"age_group":"80+","count":33,"tested":439}],"race":[{"description":"Asian","count":10,"tested":249,"color":"rgb(140,86,75)"},{"description":"Black","count":134,"tested":1740,"color":"rgb(255,127,14)"},{"description":"Hispanic","count":71,"tested":591,"color":"rgb(214,39,40)"},{"description":"Left Blank","count":248,"tested":3642,"color":"rgb(44,160,44)"},{"description":"Other","count":27,"tested":357,"color":"rgb(148,103,189)"},{"description":"White","count":439,"tested":5021,"color":"rgb(31,119,180)"}],"gender":[]}
