{"age":[{"age_group":"<20","count":392,"tested":3196},{"age_group":"20-29   ","count":494,"tested":7182},{"age_group":"30-39   ","count":466,"tested":7062},{"age_group":"40-49   ","count":396,"tested":6832},{"age_group":"50-59   ","count":325,"tested":6040},{"age_group":"60-69   ","count":186,"tested":3968},{"age_group":"70-79   ","count":97,"tested":1801},{"age_group":"80+","count":54,"tested":880}],"race":[{"description":"AI/AN**","count":18,"tested":68,"color":"rgb(31,119,180)"},{"description":"Asian","count":8,"tested":168,"color":"rgb(140,86,75)"},{"description":"Black","count":383,"tested":4877,"color":"rgb(255,127,14)"},{"description":"Hispanic","count":724,"tested":3973,"color":"rgb(214,39,40)"},{"description":"Left Blank","count":680,"tested":19043,"color":"rgb(44,160,44)"},{"description":"Other","count":85,"tested":1568,"color":"rgb(148,103,189)"},{"description":"White","count":510,"tested":7249,"color":"rgb(31,119,180)"}],"gender":[]}
