{"age":[{"age_group":"<20","count":766,"tested":13040},{"age_group":"20-29   ","count":654,"tested":8276},{"age_group":"30-39   ","count":657,"tested":8156},{"age_group":"40-49   ","count":723,"tested":8332},{"age_group":"50-59   ","count":639,"tested":7809},{"age_group":"60-69   ","count":296,"tested":4593},{"age_group":"70-79   ","count":158,"tested":2919},{"age_group":"80+","count":140,"tested":2545}],"race":[{"description":"Asian","count":92,"tested":1218,"color":"rgb(140,86,75)"},{"description":"Black","count":267,"tested":3338,"color":"rgb(255,127,14)"},{"description":"Hispanic","count":675,"tested":5352,"color":"rgb(214,39,40)"},{"description":"Left Blank","count":1047,"tested":21017,"color":"rgb(44,160,44)"},{"description":"Other","count":127,"tested":1697,"color":"rgb(148,103,189)"},{"description":"White","count":1821,"tested":22963,"color":"rgb(31,119,180)"}],"gender":[]}
