{"age":[{"age_group":"<20","count":287,"tested":3701},{"age_group":"20-29   ","count":251,"tested":3233},{"age_group":"30-39   ","count":268,"tested":3954},{"age_group":"40-49   ","count":273,"tested":3741},{"age_group":"50-59   ","count":256,"tested":3921},{"age_group":"60-69   ","count":184,"tested":3421},{"age_group":"70-79   ","count":89,"tested":2155},{"age_group":"80+","count":54,"tested":2248}],"race":[{"description":"Asian","count":32,"tested":528,"color":"rgb(140,86,75)"},{"description":"Black","count":9,"tested":171,"color":"rgb(255,127,14)"},{"description":"Hispanic","count":321,"tested":2040,"color":"rgb(214,39,40)"},{"description":"Left Blank","count":520,"tested":12158,"color":"rgb(44,160,44)"},{"description":"Other","count":39,"tested":463,"color":"rgb(148,103,189)"},{"description":"White","count":739,"tested":10967,"color":"rgb(31,119,180)"}],"gender":[]}
