{"age":[{"age_group":"<20","count":739,"tested":12186},{"age_group":"20-29   ","count":498,"tested":8909},{"age_group":"30-39   ","count":370,"tested":7241},{"age_group":"40-49   ","count":466,"tested":7520},{"age_group":"50-59   ","count":517,"tested":8704},{"age_group":"60-69   ","count":351,"tested":7388},{"age_group":"70-79   ","count":127,"tested":3572},{"age_group":"80+","count":87,"tested":1379}],"race":[{"description":"Asian","count":258,"tested":5526,"color":"rgb(140,86,75)"},{"description":"Black","count":125,"tested":1336,"color":"rgb(255,127,14)"},{"description":"Hispanic","count":223,"tested":2124,"color":"rgb(214,39,40)"},{"description":"Left Blank","count":633,"tested":19507,"color":"rgb(44,160,44)"},{"description":"Other","count":91,"tested":1982,"color":"rgb(148,103,189)"},{"description":"White","count":1820,"tested":26250,"color":"rgb(31,119,180)"}],"gender":[]}
