{"age":[{"age_group":"<20","count":595,"tested":6328},{"age_group":"20-29   ","count":666,"tested":9539},{"age_group":"30-39   ","count":580,"tested":8695},{"age_group":"40-49   ","count":636,"tested":8773},{"age_group":"50-59   ","count":533,"tested":9456},{"age_group":"60-69   ","count":388,"tested":8280},{"age_group":"70-79   ","count":225,"tested":5808},{"age_group":"80+","count":240,"tested":7549}],"race":[{"description":"AI/AN**","count":13,"tested":190,"color":"rgb(31,119,180)"},{"description":"Asian","count":245,"tested":3930,"color":"rgb(140,86,75)"},{"description":"Black","count":46,"tested":812,"color":"rgb(255,127,14)"},{"description":"Hispanic","count":1297,"tested":9135,"color":"rgb(214,39,40)"},{"description":"Left Blank","count":998,"tested":34200,"color":"rgb(44,160,44)"},{"description":"Other","count":196,"tested":1756,"color":"rgb(148,103,189)"},{"description":"White","count":1063,"tested":14578,"color":"rgb(31,119,180)"}],"gender":[]}
