{"age":[{"age_group":"<20","count":600,"tested":4698},{"age_group":"20-29   ","count":607,"tested":6928},{"age_group":"30-39   ","count":584,"tested":6474},{"age_group":"40-49   ","count":597,"tested":7205},{"age_group":"50-59   ","count":571,"tested":7314},{"age_group":"60-69   ","count":424,"tested":5671},{"age_group":"70-79   ","count":196,"tested":2935},{"age_group":"80+","count":121,"tested":2038}],"race":[{"description":"Asian","count":18,"tested":210,"color":"rgb(140,86,75)"},{"description":"Black","count":1135,"tested":13606,"color":"rgb(255,127,14)"},{"description":"Hispanic","count":586,"tested":3741,"color":"rgb(214,39,40)"},{"description":"Left Blank","count":1248,"tested":18832,"color":"rgb(44,160,44)"},{"description":"Other","count":112,"tested":940,"color":"rgb(148,103,189)"},{"description":"White","count":595,"tested":5983,"color":"rgb(31,119,180)"}],"gender":[]}
