{"age":[{"age_group":"<20","count":742,"tested":8160},{"age_group":"20-29   ","count":593,"tested":6573},{"age_group":"30-39   ","count":454,"tested":5345},{"age_group":"40-49   ","count":640,"tested":6547},{"age_group":"50-59   ","count":819,"tested":7781},{"age_group":"60-69   ","count":436,"tested":5575},{"age_group":"70-79   ","count":191,"tested":3260},{"age_group":"80+","count":68,"tested":1402}],"race":[{"description":"Asian","count":49,"tested":617,"color":"rgb(140,86,75)"},{"description":"Black","count":189,"tested":2595,"color":"rgb(255,127,14)"},{"description":"Hispanic","count":145,"tested":1223,"color":"rgb(214,39,40)"},{"description":"Left Blank","count":1338,"tested":17328,"color":"rgb(44,160,44)"},{"description":"Other","count":112,"tested":1473,"color":"rgb(148,103,189)"},{"description":"White","count":2106,"tested":21363,"color":"rgb(31,119,180)"}],"gender":[]}
