{"age":[{"age_group":"<20","count":616,"tested":6499},{"age_group":"20-29   ","count":705,"tested":7173},{"age_group":"30-39   ","count":545,"tested":5636},{"age_group":"40-49   ","count":545,"tested":4997},{"age_group":"50-59   ","count":413,"tested":4945},{"age_group":"60-69   ","count":329,"tested":3516},{"age_group":"70-79   ","count":173,"tested":2143},{"age_group":"80+","count":78,"tested":893}],"race":[{"description":"Asian","count":95,"tested":524,"color":"rgb(140,86,75)"},{"description":"Black","count":392,"tested":2853,"color":"rgb(255,127,14)"},{"description":"Hispanic","count":943,"tested":3876,"color":"rgb(214,39,40)"},{"description":"Left Blank","count":346,"tested":15414,"color":"rgb(44,160,44)"},{"description":"Other","count":80,"tested":843,"color":"rgb(148,103,189)"},{"description":"White","count":1542,"tested":12244,"color":"rgb(31,119,180)"}],"gender":[]}
