{"age":[{"age_group":"<20","count":105,"tested":1726},{"age_group":"20-29   ","count":277,"tested":5757},{"age_group":"30-39   ","count":294,"tested":6255},{"age_group":"40-49   ","count":193,"tested":4820},{"age_group":"50-59   ","count":178,"tested":5826},{"age_group":"60-69   ","count":163,"tested":5416},{"age_group":"70-79   ","count":91,"tested":4230},{"age_group":"80+","count":52,"tested":2875}],"race":[{"description":"Asian","count":29,"tested":917,"color":"rgb(140,86,75)"},{"description":"Black","count":409,"tested":7478,"color":"rgb(255,127,14)"},{"description":"Hispanic","count":143,"tested":1873,"color":"rgb(214,39,40)"},{"description":"Left Blank","count":302,"tested":16666,"color":"rgb(44,160,44)"},{"description":"Other","count":60,"tested":1147,"color":"rgb(148,103,189)"},{"description":"White","count":410,"tested":8802,"color":"rgb(31,119,180)"}],"gender":[]}
