{"age":[{"age_group":"<20","count":443,"tested":10174},{"age_group":"20-29   ","count":1051,"tested":41788},{"age_group":"30-39   ","count":868,"tested":23487},{"age_group":"40-49   ","count":658,"tested":19644},{"age_group":"50-59   ","count":637,"tested":22090},{"age_group":"60-69   ","count":528,"tested":22105},{"age_group":"70-79   ","count":314,"tested":14316},{"age_group":"80+","count":198,"tested":6971}],"race":[{"description":"Asian","count":191,"tested":4761,"color":"rgb(140,86,75)"},{"description":"Black","count":838,"tested":13871,"color":"rgb(255,127,14)"},{"description":"Hispanic","count":910,"tested":8818,"color":"rgb(214,39,40)"},{"description":"Left Blank","count":1337,"tested":96291,"color":"rgb(44,160,44)"},{"description":"NH/PI*","count":7,"tested":129,"color":"rgb(127,127,127)"},{"description":"Other","count":224,"tested":4060,"color":"rgb(148,103,189)"},{"description":"White","count":1182,"tested":32571,"color":"rgb(31,119,180)"}],"gender":[]}
