{"age":[{"age_group":"<20","count":561,"tested":7924},{"age_group":"20-29   ","count":538,"tested":8896},{"age_group":"30-39   ","count":584,"tested":9861},{"age_group":"40-49   ","count":590,"tested":9228},{"age_group":"50-59   ","count":580,"tested":8838},{"age_group":"60-69   ","count":398,"tested":7615},{"age_group":"70-79   ","count":211,"tested":4577},{"age_group":"80+","count":143,"tested":3731}],"race":[{"description":"AI/AN**","count":11,"tested":137,"color":"rgb(31,119,180)"},{"description":"Asian","count":301,"tested":5778,"color":"rgb(140,86,75)"},{"description":"Black","count":94,"tested":1413,"color":"rgb(255,127,14)"},{"description":"Hispanic","count":362,"tested":3100,"color":"rgb(214,39,40)"},{"description":"Left Blank","count":1082,"tested":30189,"color":"rgb(44,160,44)"},{"description":"Other","count":126,"tested":1237,"color":"rgb(148,103,189)"},{"description":"White","count":1628,"tested":18717,"color":"rgb(31,119,180)"}],"gender":[]}
