{"age":[{"age_group":"<20","count":412,"tested":4181},{"age_group":"20-29   ","count":439,"tested":6827},{"age_group":"30-39   ","count":395,"tested":6902},{"age_group":"40-49   ","count":405,"tested":7571},{"age_group":"50-59   ","count":415,"tested":9489},{"age_group":"60-69   ","count":340,"tested":9348},{"age_group":"70-79   ","count":187,"tested":6422},{"age_group":"80+","count":179,"tested":7042}],"race":[{"description":"Asian","count":9,"tested":201,"color":"rgb(140,86,75)"},{"description":"Black","count":1441,"tested":20772,"color":"rgb(255,127,14)"},{"description":"Hispanic","count":149,"tested":1244,"color":"rgb(214,39,40)"},{"description":"Left Blank","count":930,"tested":32054,"color":"rgb(44,160,44)"},{"description":"Other","count":43,"tested":631,"color":"rgb(148,103,189)"},{"description":"White","count":198,"tested":3065,"color":"rgb(31,119,180)"}],"gender":[]}
