{"age":[{"age_group":"<20","count":1740,"tested":16556},{"age_group":"20-29   ","count":2086,"tested":25741},{"age_group":"30-39   ","count":1714,"tested":19686},{"age_group":"40-49   ","count":1780,"tested":18582},{"age_group":"50-59   ","count":1541,"tested":22616},{"age_group":"60-69   ","count":896,"tested":16076},{"age_group":"70-79   ","count":319,"tested":6389},{"age_group":"80+","count":163,"tested":2996}],"race":[{"description":"AI/AN**","count":13,"tested":148,"color":"rgb(31,119,180)"},{"description":"Asian","count":134,"tested":3081,"color":"rgb(140,86,75)"},{"description":"Black","count":956,"tested":14097,"color":"rgb(255,127,14)"},{"description":"Hispanic","count":6182,"tested":38287,"color":"rgb(214,39,40)"},{"description":"Left Blank","count":1892,"tested":53107,"color":"rgb(44,160,44)"},{"description":"NH/PI*","count":11,"tested":217,"color":"rgb(127,127,127)"},{"description":"Other","count":240,"tested":3279,"color":"rgb(148,103,189)"},{"description":"White","count":814,"tested":16441,"color":"rgb(31,119,180)"}],"gender":[]}
