{"age":[{"age_group":"<20","count":44,"tested":505},{"age_group":"20-29   ","count":34,"tested":453},{"age_group":"30-39   ","count":32,"tested":490},{"age_group":"40-49   ","count":49,"tested":451},{"age_group":"50-59   ","count":29,"tested":438},{"age_group":"60-69   ","count":39,"tested":530},{"age_group":"70-79   ","count":26,"tested":248},{"age_group":"80+","count":6,"tested":149}],"race":[{"description":"Hispanic","count":24,"tested":94,"color":"rgb(214,39,40)"},{"description":"Left Blank","count":55,"tested":1662,"color":"rgb(44,160,44)"},{"description":"Other","count":14,"tested":78,"color":"rgb(148,103,189)"},{"description":"White","count":157,"tested":1336,"color":"rgb(31,119,180)"}],"gender":[]}
