{"age":[{"age_group":"<20","count":275,"tested":2711},{"age_group":"20-29   ","count":304,"tested":3073},{"age_group":"30-39   ","count":293,"tested":2777},{"age_group":"40-49   ","count":272,"tested":2145},{"age_group":"50-59   ","count":227,"tested":2099},{"age_group":"60-69   ","count":141,"tested":2010},{"age_group":"70-79   ","count":86,"tested":1241},{"age_group":"80+","count":50,"tested":925}],"race":[{"description":"Hispanic","count":799,"tested":4441,"color":"rgb(214,39,40)"},{"description":"Left Blank","count":229,"tested":3540,"color":"rgb(44,160,44)"},{"description":"Other","count":19,"tested":190,"color":"rgb(148,103,189)"},{"description":"White","count":590,"tested":8638,"color":"rgb(31,119,180)"}],"gender":[]}
