{"age":[{"age_group":"<20","count":27,"tested":226},{"age_group":"20-29   ","count":21,"tested":153},{"age_group":"30-39   ","count":30,"tested":184},{"age_group":"40-49   ","count":18,"tested":117},{"age_group":"50-59   ","count":33,"tested":196},{"age_group":"60-69   ","count":28,"tested":206},{"age_group":"70-79   ","count":12,"tested":111}],"race":[{"description":"Left Blank","count":27,"tested":332,"color":"rgb(44,160,44)"},{"description":"White","count":140,"tested":838,"color":"rgb(31,119,180)"}],"gender":[]}
