{"age":[{"age_group":"<20","count":147,"tested":1393},{"age_group":"20-29   ","count":201,"tested":2380},{"age_group":"30-39   ","count":161,"tested":1796},{"age_group":"40-49   ","count":146,"tested":1589},{"age_group":"50-59   ","count":159,"tested":1721},{"age_group":"60-69   ","count":113,"tested":1373},{"age_group":"70-79   ","count":54,"tested":783},{"age_group":"80+","count":15,"tested":364}],"race":[{"description":"Black","count":187,"tested":2495,"color":"rgb(255,127,14)"},{"description":"Hispanic","count":131,"tested":916,"color":"rgb(214,39,40)"},{"description":"Left Blank","count":301,"tested":3851,"color":"rgb(44,160,44)"},{"description":"Other","count":28,"tested":383,"color":"rgb(148,103,189)"},{"description":"White","count":345,"tested":3660,"color":"rgb(31,119,180)"}],"gender":[]}
