{"age":[{"age_group":"<20","count":510,"tested":21690},{"age_group":"20-29   ","count":342,"tested":6196},{"age_group":"30-39   ","count":227,"tested":5206},{"age_group":"40-49   ","count":299,"tested":6103},{"age_group":"50-59   ","count":375,"tested":7495},{"age_group":"60-69   ","count":222,"tested":6021},{"age_group":"70-79   ","count":122,"tested":3317},{"age_group":"80+","count":137,"tested":3941}],"race":[{"description":"Asian","count":64,"tested":2350,"color":"rgb(140,86,75)"},{"description":"Black","count":23,"tested":779,"color":"rgb(255,127,14)"},{"description":"Hispanic","count":125,"tested":2485,"color":"rgb(214,39,40)"},{"description":"Left Blank","count":504,"tested":15907,"color":"rgb(44,160,44)"},{"description":"Other","count":114,"tested":1572,"color":"rgb(148,103,189)"},{"description":"White","count":1398,"tested":36721,"color":"rgb(31,119,180)"}],"gender":[]}
