{"lastUpdatedDate":{"year":2021,"month":5,"day":18},"county_demographics":[{"County":"Randolph","confirmed_cases":4137,"total_tested":61665,"demographics":{"age":[{"race":[],"age_group":"<20","count":610,"tested":5610,"deaths":0},{"race":[],"age_group":"20-29   ","count":669,"tested":9310,"deaths":0},{"race":[],"age_group":"30-39   ","count":652,"tested":11130,"deaths":0},{"race":[],"age_group":"40-49   ","count":625,"tested":10934,"deaths":0},{"race":[],"age_group":"50-59   ","count":574,"tested":8806,"deaths":0},{"race":[],"age_group":"60-69   ","count":467,"tested":6057,"deaths":0},{"race":[],"age_group":"70-79   ","count":250,"tested":3494,"deaths":0},{"race":[],"age_group":"80+","count":285,"tested":6294,"deaths":0},{"race":[],"age_group":"Unknown","count":0,"tested":30,"deaths":0}],"race":[{"description":"AI/AN**","count":0,"tested":7,"deaths":0,"color":"rgb(31,119,180)"},{"description":"Asian","count":0,"tested":56,"deaths":0,"color":"rgb(140,86,75)"},{"description":"Black","count":213,"tested":2641,"deaths":0,"color":"rgb(255,127,14)"},{"description":"Hispanic","count":137,"tested":533,"deaths":0,"color":"rgb(214,39,40)"},{"description":"Left Blank","count":1359,"tested":28009,"deaths":0,"color":"rgb(44,160,44)"},{"description":"NH/PI*","count":0,"tested":20,"deaths":0,"color":"rgb(127,127,127)"},{"description":"Other","count":14,"tested":407,"deaths":0,"color":"rgb(148,103,189)"},{"description":"White","count":2409,"tested":29992,"deaths":0,"color":"rgb(31,119,180)"}],"gender":[{"description":"Female","count":2121,"tested":32512,"deaths":0,"color":"rgb(255,127,14)"},{"description":"Male","count":1913,"tested":23459,"deaths":0,"color":"rgb(31,119,180)"},{"description":"Unknown/Left Blank","count":103,"tested":5694,"deaths":0,"color":"rgb(44,160,44)"}]}}]}
