{"lastUpdatedDate":{"year":2021,"month":5,"day":18},"county_demographics":[{"County":"Woodford","confirmed_cases":4764,"total_tested":76154,"demographics":{"age":[{"race":[],"age_group":"<20","count":968,"tested":13375,"deaths":0},{"race":[],"age_group":"20-29   ","count":632,"tested":9886,"deaths":0},{"race":[],"age_group":"30-39   ","count":660,"tested":9322,"deaths":0},{"race":[],"age_group":"40-49   ","count":680,"tested":9313,"deaths":0},{"race":[],"age_group":"50-59   ","count":711,"tested":9960,"deaths":0},{"race":[],"age_group":"60-69   ","count":565,"tested":8400,"deaths":0},{"race":[],"age_group":"70-79   ","count":283,"tested":5452,"deaths":0},{"race":[],"age_group":"80+","count":265,"tested":10416,"deaths":0},{"race":[],"age_group":"Unknown","count":0,"tested":30,"deaths":0}],"race":[{"description":"AI/AN**","count":0,"tested":57,"deaths":0,"color":"rgb(31,119,180)"},{"description":"Asian","count":9,"tested":253,"deaths":0,"color":"rgb(140,86,75)"},{"description":"Black","count":26,"tested":587,"deaths":0,"color":"rgb(255,127,14)"},{"description":"Hispanic","count":31,"tested":438,"deaths":0,"color":"rgb(214,39,40)"},{"description":"Left Blank","count":1751,"tested":28269,"deaths":0,"color":"rgb(44,160,44)"},{"description":"NH/PI*","count":0,"tested":13,"deaths":0,"color":"rgb(127,127,127)"},{"description":"Other","count":92,"tested":2515,"deaths":0,"color":"rgb(148,103,189)"},{"description":"White","count":2847,"tested":44022,"deaths":0,"color":"rgb(31,119,180)"}],"gender":[{"description":"Female","count":2420,"tested":47057,"deaths":0,"color":"rgb(255,127,14)"},{"description":"Male","count":2259,"tested":26695,"deaths":0,"color":"rgb(31,119,180)"},{"description":"Unknown/Left Blank","count":85,"tested":2402,"deaths":0,"color":"rgb(44,160,44)"}]}}]}
