{"lastUpdatedDate":{"year":2021,"month":5,"day":18},"county_demographics":[{"County":"Henry","confirmed_cases":5017,"total_tested":71861,"demographics":{"age":[{"race":[],"age_group":"<20","count":807,"tested":9501,"deaths":0},{"race":[],"age_group":"20-29   ","count":686,"tested":9765,"deaths":0},{"race":[],"age_group":"30-39   ","count":724,"tested":10962,"deaths":0},{"race":[],"age_group":"40-49   ","count":757,"tested":10474,"deaths":0},{"race":[],"age_group":"50-59   ","count":777,"tested":11432,"deaths":0},{"race":[],"age_group":"60-69   ","count":636,"tested":8683,"deaths":0},{"race":[],"age_group":"70-79   ","count":323,"tested":5007,"deaths":0},{"race":[],"age_group":"80+","count":302,"tested":5874,"deaths":0},{"race":[],"age_group":"Unknown","count":0,"tested":163,"deaths":0}],"race":[{"description":"AI/AN**","count":0,"tested":32,"deaths":0,"color":"rgb(31,119,180)"},{"description":"Asian","count":0,"tested":71,"deaths":0,"color":"rgb(140,86,75)"},{"description":"Black","count":73,"tested":822,"deaths":0,"color":"rgb(255,127,14)"},{"description":"Hispanic","count":224,"tested":1318,"deaths":0,"color":"rgb(214,39,40)"},{"description":"Left Blank","count":1491,"tested":38182,"deaths":0,"color":"rgb(44,160,44)"},{"description":"NH/PI*","count":0,"tested":19,"deaths":0,"color":"rgb(127,127,127)"},{"description":"Other","count":123,"tested":1261,"deaths":0,"color":"rgb(148,103,189)"},{"description":"White","count":3096,"tested":30156,"deaths":0,"color":"rgb(31,119,180)"}],"gender":[{"description":"Female","count":2738,"tested":41960,"deaths":0,"color":"rgb(255,127,14)"},{"description":"Male","count":2233,"tested":24976,"deaths":0,"color":"rgb(31,119,180)"},{"description":"Unknown/Left Blank","count":42,"tested":4925,"deaths":0,"color":"rgb(44,160,44)"}]}}]}
