{"lastUpdatedDate":{"year":2021,"month":5,"day":18},"county_demographics":[{"County":"Lawrence","confirmed_cases":2408,"total_tested":67722,"demographics":{"age":[{"race":[],"age_group":"<20","count":170,"tested":2497,"deaths":0},{"race":[],"age_group":"20-29   ","count":474,"tested":15772,"deaths":0},{"race":[],"age_group":"30-39   ","count":489,"tested":16642,"deaths":0},{"race":[],"age_group":"40-49   ","count":410,"tested":14464,"deaths":0},{"race":[],"age_group":"50-59   ","count":357,"tested":9127,"deaths":0},{"race":[],"age_group":"60-69   ","count":256,"tested":5530,"deaths":0},{"race":[],"age_group":"70-79   ","count":152,"tested":2022,"deaths":0},{"race":[],"age_group":"80+","count":99,"tested":1612,"deaths":0},{"race":[],"age_group":"Unknown","count":0,"tested":56,"deaths":0}],"race":[{"description":"AI/AN**","count":0,"tested":0,"deaths":0,"color":"rgb(31,119,180)"},{"description":"Asian","count":0,"tested":10,"deaths":0,"color":"rgb(140,86,75)"},{"description":"Black","count":364,"tested":1651,"deaths":0,"color":"rgb(255,127,14)"},{"description":"Hispanic","count":18,"tested":113,"deaths":0,"color":"rgb(214,39,40)"},{"description":"Left Blank","count":838,"tested":56803,"deaths":0,"color":"rgb(44,160,44)"},{"description":"NH/PI*","count":0,"tested":0,"deaths":0,"color":"rgb(127,127,127)"},{"description":"Other","count":6,"tested":65,"deaths":0,"color":"rgb(148,103,189)"},{"description":"White","count":1174,"tested":9077,"deaths":0,"color":"rgb(31,119,180)"}],"gender":[{"description":"Female","count":796,"tested":10891,"deaths":0,"color":"rgb(255,127,14)"},{"description":"Male","count":1296,"tested":44803,"deaths":0,"color":"rgb(31,119,180)"},{"description":"Unknown/Left Blank","count":313,"tested":12028,"deaths":0,"color":"rgb(44,160,44)"}]}}]}
