{"lastUpdatedDate":{"year":2021,"month":5,"day":18},"county_demographics":[{"County":"Morgan","confirmed_cases":3908,"total_tested":64522,"demographics":{"age":[{"race":[],"age_group":"<20","count":502,"tested":6646,"deaths":0},{"race":[],"age_group":"20-29   ","count":660,"tested":11480,"deaths":0},{"race":[],"age_group":"30-39   ","count":582,"tested":10232,"deaths":0},{"race":[],"age_group":"40-49   ","count":594,"tested":8821,"deaths":0},{"race":[],"age_group":"50-59   ","count":625,"tested":8798,"deaths":0},{"race":[],"age_group":"60-69   ","count":435,"tested":7015,"deaths":0},{"race":[],"age_group":"70-79   ","count":271,"tested":4754,"deaths":0},{"race":[],"age_group":"80+","count":239,"tested":5880,"deaths":0},{"race":[],"age_group":"Unknown","count":0,"tested":896,"deaths":0}],"race":[{"description":"AI/AN**","count":0,"tested":20,"deaths":0,"color":"rgb(31,119,180)"},{"description":"Asian","count":9,"tested":296,"deaths":0,"color":"rgb(140,86,75)"},{"description":"Black","count":324,"tested":2324,"deaths":0,"color":"rgb(255,127,14)"},{"description":"Hispanic","count":62,"tested":423,"deaths":0,"color":"rgb(214,39,40)"},{"description":"Left Blank","count":1869,"tested":34227,"deaths":0,"color":"rgb(44,160,44)"},{"description":"NH/PI*","count":0,"tested":31,"deaths":0,"color":"rgb(127,127,127)"},{"description":"Other","count":32,"tested":722,"deaths":0,"color":"rgb(148,103,189)"},{"description":"White","count":1606,"tested":26479,"deaths":0,"color":"rgb(31,119,180)"}],"gender":[{"description":"Female","count":1596,"tested":34483,"deaths":0,"color":"rgb(255,127,14)"},{"description":"Male","count":1781,"tested":23351,"deaths":0,"color":"rgb(31,119,180)"},{"description":"Unknown/Left Blank","count":531,"tested":6688,"deaths":0,"color":"rgb(44,160,44)"}]}}]}
