{"lastUpdatedDate":{"year":2021,"month":5,"day":18},"county_demographics":[{"County":"Effingham","confirmed_cases":4732,"total_tested":46315,"demographics":{"age":[{"race":[],"age_group":"<20","count":724,"tested":6174,"deaths":0},{"race":[],"age_group":"20-29   ","count":686,"tested":6225,"deaths":0},{"race":[],"age_group":"30-39   ","count":675,"tested":6046,"deaths":0},{"race":[],"age_group":"40-49   ","count":626,"tested":5068,"deaths":0},{"race":[],"age_group":"50-59   ","count":722,"tested":6149,"deaths":0},{"race":[],"age_group":"60-69   ","count":660,"tested":6534,"deaths":0},{"race":[],"age_group":"70-79   ","count":365,"tested":4940,"deaths":0},{"race":[],"age_group":"80+","count":272,"tested":5153,"deaths":0},{"race":[],"age_group":"Unknown","count":0,"tested":26,"deaths":0}],"race":[{"description":"AI/AN**","count":0,"tested":8,"deaths":0,"color":"rgb(31,119,180)"},{"description":"Asian","count":8,"tested":70,"deaths":0,"color":"rgb(140,86,75)"},{"description":"Black","count":0,"tested":152,"deaths":0,"color":"rgb(255,127,14)"},{"description":"Hispanic","count":39,"tested":196,"deaths":0,"color":"rgb(214,39,40)"},{"description":"Left Blank","count":2352,"tested":21939,"deaths":0,"color":"rgb(44,160,44)"},{"description":"NH/PI*","count":0,"tested":11,"deaths":0,"color":"rgb(127,127,127)"},{"description":"Other","count":115,"tested":2082,"deaths":0,"color":"rgb(148,103,189)"},{"description":"White","count":2207,"tested":21857,"deaths":0,"color":"rgb(31,119,180)"}],"gender":[{"description":"Female","count":2495,"tested":28308,"deaths":0,"color":"rgb(255,127,14)"},{"description":"Male","count":2003,"tested":16987,"deaths":0,"color":"rgb(31,119,180)"},{"description":"Unknown/Left Blank","count":234,"tested":1020,"deaths":0,"color":"rgb(44,160,44)"}]}}]}
