{"lastUpdatedDate":{"year":2021,"month":5,"day":18},"county_demographics":[{"County":"Knox","confirmed_cases":5580,"total_tested":115043,"demographics":{"age":[{"race":[],"age_group":"<20","count":724,"tested":12487,"deaths":0},{"race":[],"age_group":"20-29   ","count":859,"tested":23324,"deaths":0},{"race":[],"age_group":"30-39   ","count":822,"tested":18771,"deaths":0},{"race":[],"age_group":"40-49   ","count":830,"tested":17464,"deaths":0},{"race":[],"age_group":"50-59   ","count":812,"tested":15677,"deaths":0},{"race":[],"age_group":"60-69   ","count":689,"tested":11237,"deaths":0},{"race":[],"age_group":"70-79   ","count":451,"tested":6532,"deaths":0},{"race":[],"age_group":"80+","count":390,"tested":6521,"deaths":0},{"race":[],"age_group":"Unknown","count":0,"tested":3030,"deaths":0}],"race":[{"description":"AI/AN**","count":0,"tested":58,"deaths":0,"color":"rgb(31,119,180)"},{"description":"Asian","count":19,"tested":1079,"deaths":0,"color":"rgb(140,86,75)"},{"description":"Black","count":490,"tested":3588,"deaths":0,"color":"rgb(255,127,14)"},{"description":"Hispanic","count":255,"tested":2275,"deaths":0,"color":"rgb(214,39,40)"},{"description":"Left Blank","count":960,"tested":71420,"deaths":0,"color":"rgb(44,160,44)"},{"description":"NH/PI*","count":0,"tested":72,"deaths":0,"color":"rgb(127,127,127)"},{"description":"Other","count":68,"tested":1552,"deaths":0,"color":"rgb(148,103,189)"},{"description":"White","count":3780,"tested":34999,"deaths":0,"color":"rgb(31,119,180)"}],"gender":[{"description":"Female","count":2868,"tested":49553,"deaths":0,"color":"rgb(255,127,14)"},{"description":"Male","count":2526,"tested":46050,"deaths":0,"color":"rgb(31,119,180)"},{"description":"Unknown/Left Blank","count":186,"tested":19440,"deaths":0,"color":"rgb(44,160,44)"}]}}]}
