{"lastUpdatedDate":{"year":2021,"month":5,"day":18},"county_demographics":[{"County":"Cook","confirmed_cases":266036,"total_tested":4020228,"demographics":{"age":[{"race":[],"age_group":"<20","count":41983,"tested":487820,"deaths":0},{"race":[],"age_group":"20-29   ","count":46933,"tested":682450,"deaths":0},{"race":[],"age_group":"30-39   ","count":42057,"tested":566839,"deaths":0},{"race":[],"age_group":"40-49   ","count":41742,"tested":544372,"deaths":0},{"race":[],"age_group":"50-59   ","count":40275,"tested":607455,"deaths":0},{"race":[],"age_group":"60-69   ","count":28239,"tested":518359,"deaths":0},{"race":[],"age_group":"70-79   ","count":14004,"tested":301700,"deaths":0},{"race":[],"age_group":"80+","count":10753,"tested":307319,"deaths":0},{"race":[],"age_group":"Unknown","count":50,"tested":3914,"deaths":0}],"race":[{"description":"AI/AN**","count":461,"tested":4500,"deaths":0,"color":"rgb(31,119,180)"},{"description":"Asian","count":9724,"tested":176919,"deaths":0,"color":"rgb(140,86,75)"},{"description":"Black","count":29876,"tested":408223,"deaths":0,"color":"rgb(255,127,14)"},{"description":"Hispanic","count":53446,"tested":344159,"deaths":0,"color":"rgb(214,39,40)"},{"description":"Left Blank","count":78763,"tested":1847312,"deaths":0,"color":"rgb(44,160,44)"},{"description":"NH/PI*","count":375,"tested":5777,"deaths":0,"color":"rgb(127,127,127)"},{"description":"Other","count":14051,"tested":144211,"deaths":0,"color":"rgb(148,103,189)"},{"description":"White","count":79340,"tested":1089127,"deaths":0,"color":"rgb(31,119,180)"}],"gender":[{"description":"Female","count":138000,"tested":2274484,"deaths":0,"color":"rgb(255,127,14)"},{"description":"Male","count":125698,"tested":1657392,"deaths":0,"color":"rgb(31,119,180)"},{"description":"Unknown/Left Blank","count":2338,"tested":88352,"deaths":0,"color":"rgb(44,160,44)"}]}}]}
