{"lastUpdatedDate":{"year":2021,"month":5,"day":18},"county_demographics":[{"County":"Franklin","confirmed_cases":4464,"total_tested":53487,"demographics":{"age":[{"race":[],"age_group":"<20","count":623,"tested":5745,"deaths":0},{"race":[],"age_group":"20-29   ","count":652,"tested":7635,"deaths":0},{"race":[],"age_group":"30-39   ","count":570,"tested":7531,"deaths":0},{"race":[],"age_group":"40-49   ","count":649,"tested":7773,"deaths":0},{"race":[],"age_group":"50-59   ","count":716,"tested":8265,"deaths":0},{"race":[],"age_group":"60-69   ","count":580,"tested":6401,"deaths":0},{"race":[],"age_group":"70-79   ","count":424,"tested":5048,"deaths":0},{"race":[],"age_group":"80+","count":249,"tested":5070,"deaths":0},{"race":[],"age_group":"Unknown","count":0,"tested":19,"deaths":0}],"race":[{"description":"AI/AN**","count":0,"tested":10,"deaths":0,"color":"rgb(31,119,180)"},{"description":"Asian","count":0,"tested":43,"deaths":0,"color":"rgb(140,86,75)"},{"description":"Black","count":15,"tested":229,"deaths":0,"color":"rgb(255,127,14)"},{"description":"Hispanic","count":34,"tested":323,"deaths":0,"color":"rgb(214,39,40)"},{"description":"Left Blank","count":1254,"tested":20281,"deaths":0,"color":"rgb(44,160,44)"},{"description":"NH/PI*","count":0,"tested":0,"deaths":0,"color":"rgb(127,127,127)"},{"description":"Other","count":26,"tested":410,"deaths":0,"color":"rgb(148,103,189)"},{"description":"White","count":3125,"tested":32190,"deaths":0,"color":"rgb(31,119,180)"}],"gender":[{"description":"Female","count":2406,"tested":30082,"deaths":0,"color":"rgb(255,127,14)"},{"description":"Male","count":1934,"tested":18417,"deaths":0,"color":"rgb(31,119,180)"},{"description":"Unknown/Left Blank","count":123,"tested":4988,"deaths":0,"color":"rgb(44,160,44)"}]}}]}
