{"lastUpdatedDate":{"year":2021,"month":5,"day":18},"county_demographics":[{"County":"Scott","confirmed_cases":479,"total_tested":9031,"demographics":{"age":[{"race":[],"age_group":"<20","count":83,"tested":1186,"deaths":0},{"race":[],"age_group":"20-29   ","count":70,"tested":1381,"deaths":0},{"race":[],"age_group":"30-39   ","count":54,"tested":1406,"deaths":0},{"race":[],"age_group":"40-49   ","count":65,"tested":1053,"deaths":0},{"race":[],"age_group":"50-59   ","count":88,"tested":1446,"deaths":0},{"race":[],"age_group":"60-69   ","count":64,"tested":1093,"deaths":0},{"race":[],"age_group":"70-79   ","count":34,"tested":655,"deaths":0},{"race":[],"age_group":"80+","count":21,"tested":811,"deaths":0}],"race":[{"description":"Asian","count":0,"tested":8,"deaths":0,"color":"rgb(140,86,75)"},{"description":"Black","count":0,"tested":44,"deaths":0,"color":"rgb(255,127,14)"},{"description":"Hispanic","count":0,"tested":26,"deaths":0,"color":"rgb(214,39,40)"},{"description":"Left Blank","count":187,"tested":2818,"deaths":0,"color":"rgb(44,160,44)"},{"description":"NH/PI*","count":0,"tested":0,"deaths":0,"color":"rgb(127,127,127)"},{"description":"Other","count":0,"tested":54,"deaths":0,"color":"rgb(148,103,189)"},{"description":"White","count":289,"tested":6080,"deaths":0,"color":"rgb(31,119,180)"}],"gender":[{"description":"Female","count":211,"tested":5718,"deaths":0,"color":"rgb(255,127,14)"},{"description":"Male","count":186,"tested":2654,"deaths":0,"color":"rgb(31,119,180)"},{"description":"Unknown/Left Blank","count":80,"tested":659,"deaths":0,"color":"rgb(44,160,44)"}]}}]}
