{"lastUpdatedDate":{"year":2021,"month":9,"day":29},"county_demographics":[{"County":"Lawrence","confirmed_cases":3114,"total_tested":86615,"demographics":{"age":[{"race":[],"age_group":"<20","count":392,"tested":4450,"deaths":0},{"race":[],"age_group":"20-29   ","count":564,"tested":20406,"deaths":0},{"race":[],"age_group":"30-39   ","count":593,"tested":21077,"deaths":0},{"race":[],"age_group":"40-49   ","count":503,"tested":17897,"deaths":0},{"race":[],"age_group":"50-59   ","count":436,"tested":11268,"deaths":0},{"race":[],"age_group":"60-69   ","count":316,"tested":6792,"deaths":0},{"race":[],"age_group":"70-79   ","count":192,"tested":2630,"deaths":0},{"race":[],"age_group":"80+","count":118,"tested":2039,"deaths":0},{"race":[],"age_group":"Unknown","count":0,"tested":56,"deaths":0}],"race":[{"description":"AI/AN**","count":0,"tested":0,"deaths":0,"color":"rgb(31,119,180)"},{"description":"Asian","count":0,"tested":16,"deaths":0,"color":"rgb(140,86,75)"},{"description":"Black","count":403,"tested":1789,"deaths":0,"color":"rgb(255,127,14)"},{"description":"Hispanic","count":35,"tested":159,"deaths":0,"color":"rgb(214,39,40)"},{"description":"Left Blank","count":819,"tested":70107,"deaths":0,"color":"rgb(44,160,44)"},{"description":"NH/PI*","count":0,"tested":0,"deaths":0,"color":"rgb(127,127,127)"},{"description":"Other","count":7,"tested":81,"deaths":0,"color":"rgb(148,103,189)"},{"description":"White","count":1841,"tested":14456,"deaths":0,"color":"rgb(31,119,180)"}],"gender":[{"description":"Female","count":1178,"tested":15798,"deaths":0,"color":"rgb(255,127,14)"},{"description":"Male","count":1689,"tested":58380,"deaths":0,"color":"rgb(31,119,180)"},{"description":"Unknown/Left Blank","count":244,"tested":12437,"deaths":0,"color":"rgb(44,160,44)"}]}}]}
