{"lastUpdatedDate":{"year":2021,"month":9,"day":29},"county_demographics":[{"County":"Washington","confirmed_cases":2080,"total_tested":19811,"demographics":{"age":[{"race":[],"age_group":"<20","count":359,"tested":2608,"deaths":0},{"race":[],"age_group":"20-29   ","count":250,"tested":2903,"deaths":0},{"race":[],"age_group":"30-39   ","count":305,"tested":3092,"deaths":0},{"race":[],"age_group":"40-49   ","count":302,"tested":3049,"deaths":0},{"race":[],"age_group":"50-59   ","count":300,"tested":2779,"deaths":0},{"race":[],"age_group":"60-69   ","count":302,"tested":2731,"deaths":0},{"race":[],"age_group":"70-79   ","count":130,"tested":1385,"deaths":0},{"race":[],"age_group":"80+","count":132,"tested":1261,"deaths":0},{"race":[],"age_group":"Unknown","count":0,"tested":0,"deaths":0}],"race":[{"description":"AI/AN**","count":0,"tested":8,"deaths":0,"color":"rgb(31,119,180)"},{"description":"Asian","count":0,"tested":52,"deaths":0,"color":"rgb(140,86,75)"},{"description":"Black","count":7,"tested":131,"deaths":0,"color":"rgb(255,127,14)"},{"description":"Hispanic","count":13,"tested":116,"deaths":0,"color":"rgb(214,39,40)"},{"description":"Left Blank","count":690,"tested":6726,"deaths":0,"color":"rgb(44,160,44)"},{"description":"NH/PI*","count":0,"tested":0,"deaths":0,"color":"rgb(127,127,127)"},{"description":"Other","count":19,"tested":280,"deaths":0,"color":"rgb(148,103,189)"},{"description":"White","count":1341,"tested":12494,"deaths":0,"color":"rgb(31,119,180)"}],"gender":[{"description":"Female","count":1134,"tested":11904,"deaths":0,"color":"rgb(255,127,14)"},{"description":"Male","count":924,"tested":7088,"deaths":0,"color":"rgb(31,119,180)"},{"description":"Unknown/Left Blank","count":22,"tested":819,"deaths":0,"color":"rgb(44,160,44)"}]}}]}
