{"lastUpdatedDate":{"year":2021,"month":9,"day":29},"county_demographics":[{"County":"Bond","confirmed_cases":2472,"total_tested":46606,"demographics":{"age":[{"race":[],"age_group":"<20","count":465,"tested":8140,"deaths":0},{"race":[],"age_group":"20-29   ","count":429,"tested":13089,"deaths":0},{"race":[],"age_group":"30-39   ","count":364,"tested":6522,"deaths":0},{"race":[],"age_group":"40-49   ","count":361,"tested":5452,"deaths":0},{"race":[],"age_group":"50-59   ","count":357,"tested":4628,"deaths":0},{"race":[],"age_group":"60-69   ","count":269,"tested":4000,"deaths":0},{"race":[],"age_group":"70-79   ","count":130,"tested":2427,"deaths":0},{"race":[],"age_group":"80+","count":97,"tested":2214,"deaths":0},{"race":[],"age_group":"Unknown","count":0,"tested":134,"deaths":0}],"race":[{"description":"AI/AN**","count":0,"tested":31,"deaths":0,"color":"rgb(31,119,180)"},{"description":"Asian","count":0,"tested":375,"deaths":0,"color":"rgb(140,86,75)"},{"description":"Black","count":57,"tested":2139,"deaths":0,"color":"rgb(255,127,14)"},{"description":"Hispanic","count":18,"tested":1351,"deaths":0,"color":"rgb(214,39,40)"},{"description":"Left Blank","count":1140,"tested":22834,"deaths":0,"color":"rgb(44,160,44)"},{"description":"NH/PI*","count":0,"tested":61,"deaths":0,"color":"rgb(127,127,127)"},{"description":"Other","count":33,"tested":305,"deaths":0,"color":"rgb(148,103,189)"},{"description":"White","count":1211,"tested":19510,"deaths":0,"color":"rgb(31,119,180)"}],"gender":[{"description":"Female","count":1180,"tested":22212,"deaths":0,"color":"rgb(255,127,14)"},{"description":"Male","count":1259,"tested":22226,"deaths":0,"color":"rgb(31,119,180)"},{"description":"Unknown/Left Blank","count":33,"tested":2168,"deaths":0,"color":"rgb(44,160,44)"}]}}]}
