{"lastUpdatedDate":{"year":2021,"month":9,"day":29},"county_demographics":[{"County":"De Witt","confirmed_cases":1988,"total_tested":35742,"demographics":{"age":[{"race":[],"age_group":"<20","count":399,"tested":6718,"deaths":0},{"race":[],"age_group":"20-29   ","count":267,"tested":5859,"deaths":0},{"race":[],"age_group":"30-39   ","count":287,"tested":5076,"deaths":0},{"race":[],"age_group":"40-49   ","count":266,"tested":4556,"deaths":0},{"race":[],"age_group":"50-59   ","count":288,"tested":4611,"deaths":0},{"race":[],"age_group":"60-69   ","count":224,"tested":3805,"deaths":0},{"race":[],"age_group":"70-79   ","count":149,"tested":2485,"deaths":0},{"race":[],"age_group":"80+","count":108,"tested":2630,"deaths":0},{"race":[],"age_group":"Unknown","count":0,"tested":0,"deaths":0}],"race":[{"description":"AI/AN**","count":0,"tested":58,"deaths":0,"color":"rgb(31,119,180)"},{"description":"Asian","count":0,"tested":67,"deaths":0,"color":"rgb(140,86,75)"},{"description":"Black","count":10,"tested":330,"deaths":0,"color":"rgb(255,127,14)"},{"description":"Hispanic","count":42,"tested":484,"deaths":0,"color":"rgb(214,39,40)"},{"description":"Left Blank","count":374,"tested":13992,"deaths":0,"color":"rgb(44,160,44)"},{"description":"NH/PI*","count":0,"tested":11,"deaths":0,"color":"rgb(127,127,127)"},{"description":"Other","count":14,"tested":441,"deaths":0,"color":"rgb(148,103,189)"},{"description":"White","count":1533,"tested":20359,"deaths":0,"color":"rgb(31,119,180)"}],"gender":[{"description":"Female","count":1049,"tested":21194,"deaths":0,"color":"rgb(255,127,14)"},{"description":"Male","count":927,"tested":13965,"deaths":0,"color":"rgb(31,119,180)"},{"description":"Unknown/Left Blank","count":7,"tested":583,"deaths":0,"color":"rgb(44,160,44)"}]}}]}
