{"lastUpdatedDate":{"year":2021,"month":9,"day":29},"county_demographics":[{"County":"Lee","confirmed_cases":4631,"total_tested":121005,"demographics":{"age":[{"race":[],"age_group":"<20","count":664,"tested":7301,"deaths":0},{"race":[],"age_group":"20-29   ","count":751,"tested":20404,"deaths":0},{"race":[],"age_group":"30-39   ","count":699,"tested":26121,"deaths":0},{"race":[],"age_group":"40-49   ","count":722,"tested":24510,"deaths":0},{"race":[],"age_group":"50-59   ","count":739,"tested":18309,"deaths":0},{"race":[],"age_group":"60-69   ","count":550,"tested":10963,"deaths":0},{"race":[],"age_group":"70-79   ","count":282,"tested":4721,"deaths":0},{"race":[],"age_group":"80+","count":218,"tested":6333,"deaths":0},{"race":[],"age_group":"Unknown","count":6,"tested":2343,"deaths":0}],"race":[{"description":"AI/AN**","count":0,"tested":23,"deaths":0,"color":"rgb(31,119,180)"},{"description":"Asian","count":17,"tested":261,"deaths":0,"color":"rgb(140,86,75)"},{"description":"Black","count":194,"tested":2069,"deaths":0,"color":"rgb(255,127,14)"},{"description":"Hispanic","count":158,"tested":1424,"deaths":0,"color":"rgb(214,39,40)"},{"description":"Left Blank","count":1332,"tested":87209,"deaths":0,"color":"rgb(44,160,44)"},{"description":"NH/PI*","count":0,"tested":25,"deaths":0,"color":"rgb(127,127,127)"},{"description":"Other","count":97,"tested":856,"deaths":0,"color":"rgb(148,103,189)"},{"description":"White","count":2825,"tested":29138,"deaths":0,"color":"rgb(31,119,180)"}],"gender":[{"description":"Female","count":2141,"tested":31270,"deaths":0,"color":"rgb(255,127,14)"},{"description":"Male","count":2292,"tested":58578,"deaths":0,"color":"rgb(31,119,180)"},{"description":"Unknown/Left Blank","count":195,"tested":31157,"deaths":0,"color":"rgb(44,160,44)"}]}}]}
