{"lastUpdatedDate":{"year":2021,"month":9,"day":29},"county_demographics":[{"County":"Unassigned","confirmed_cases":201,"total_tested":197985,"demographics":{"age":[{"race":[],"age_group":"<20","count":48,"tested":23607,"deaths":0},{"race":[],"age_group":"20-29   ","count":40,"tested":38655,"deaths":0},{"race":[],"age_group":"30-39   ","count":41,"tested":29959,"deaths":0},{"race":[],"age_group":"40-49   ","count":17,"tested":27769,"deaths":0},{"race":[],"age_group":"50-59   ","count":25,"tested":27956,"deaths":0},{"race":[],"age_group":"60-69   ","count":6,"tested":23248,"deaths":0},{"race":[],"age_group":"70-79   ","count":7,"tested":13020,"deaths":0},{"race":[],"age_group":"80+","count":6,"tested":12796,"deaths":0},{"race":[],"age_group":"Unknown","count":0,"tested":975,"deaths":0}],"race":[{"description":"AI/AN**","count":0,"tested":166,"deaths":0,"color":"rgb(31,119,180)"},{"description":"Asian","count":0,"tested":4791,"deaths":0,"color":"rgb(140,86,75)"},{"description":"Black","count":0,"tested":16899,"deaths":0,"color":"rgb(255,127,14)"},{"description":"Hispanic","count":0,"tested":9924,"deaths":0,"color":"rgb(214,39,40)"},{"description":"Left Blank","count":111,"tested":106964,"deaths":0,"color":"rgb(44,160,44)"},{"description":"NH/PI*","count":0,"tested":81,"deaths":0,"color":"rgb(127,127,127)"},{"description":"Other","count":0,"tested":2238,"deaths":0,"color":"rgb(148,103,189)"},{"description":"White","count":75,"tested":56922,"deaths":0,"color":"rgb(31,119,180)"}],"gender":[{"description":"Female","count":88,"tested":105772,"deaths":0,"color":"rgb(255,127,14)"},{"description":"Male","count":101,"tested":83439,"deaths":0,"color":"rgb(31,119,180)"},{"description":"Unknown/Left Blank","count":10,"tested":8774,"deaths":0,"color":"rgb(44,160,44)"}]}}]}
