{"lastUpdatedDate":{"year":2021,"month":9,"day":29},"county_demographics":[{"County":"Gallatin","confirmed_cases":766,"total_tested":6833,"demographics":{"age":[{"race":[],"age_group":"<20","count":150,"tested":1298,"deaths":0},{"race":[],"age_group":"20-29   ","count":109,"tested":982,"deaths":0},{"race":[],"age_group":"30-39   ","count":99,"tested":1037,"deaths":0},{"race":[],"age_group":"40-49   ","count":103,"tested":895,"deaths":0},{"race":[],"age_group":"50-59   ","count":98,"tested":1008,"deaths":0},{"race":[],"age_group":"60-69   ","count":89,"tested":749,"deaths":0},{"race":[],"age_group":"70-79   ","count":71,"tested":609,"deaths":0},{"race":[],"age_group":"80+","count":35,"tested":252,"deaths":0},{"race":[],"age_group":"Unknown","count":0,"tested":0,"deaths":0}],"race":[{"description":"AI/AN**","count":0,"tested":0,"deaths":0,"color":"rgb(31,119,180)"},{"description":"Asian","count":0,"tested":0,"deaths":0,"color":"rgb(140,86,75)"},{"description":"Black","count":0,"tested":36,"deaths":0,"color":"rgb(255,127,14)"},{"description":"Hispanic","count":10,"tested":41,"deaths":0,"color":"rgb(214,39,40)"},{"description":"Left Blank","count":232,"tested":3279,"deaths":0,"color":"rgb(44,160,44)"},{"description":"NH/PI*","count":0,"tested":0,"deaths":0,"color":"rgb(127,127,127)"},{"description":"Other","count":0,"tested":31,"deaths":0,"color":"rgb(148,103,189)"},{"description":"White","count":514,"tested":3436,"deaths":0,"color":"rgb(31,119,180)"}],"gender":[{"description":"Female","count":406,"tested":4440,"deaths":0,"color":"rgb(255,127,14)"},{"description":"Male","count":350,"tested":2234,"deaths":0,"color":"rgb(31,119,180)"},{"description":"Unknown/Left Blank","count":10,"tested":159,"deaths":0,"color":"rgb(44,160,44)"}]}}]}
