{"lastUpdatedDate":{"year":2021,"month":9,"day":29},"county_demographics":[{"County":"Iroquois","confirmed_cases":4035,"total_tested":68642,"demographics":{"age":[{"race":[],"age_group":"<20","count":722,"tested":10285,"deaths":0},{"race":[],"age_group":"20-29   ","count":559,"tested":8515,"deaths":0},{"race":[],"age_group":"30-39   ","count":541,"tested":8592,"deaths":0},{"race":[],"age_group":"40-49   ","count":527,"tested":7011,"deaths":0},{"race":[],"age_group":"50-59   ","count":600,"tested":9220,"deaths":0},{"race":[],"age_group":"60-69   ","count":513,"tested":8529,"deaths":0},{"race":[],"age_group":"70-79   ","count":335,"tested":6336,"deaths":0},{"race":[],"age_group":"80+","count":238,"tested":10118,"deaths":0},{"race":[],"age_group":"Unknown","count":0,"tested":36,"deaths":0}],"race":[{"description":"AI/AN**","count":0,"tested":20,"deaths":0,"color":"rgb(31,119,180)"},{"description":"Asian","count":0,"tested":143,"deaths":0,"color":"rgb(140,86,75)"},{"description":"Black","count":45,"tested":920,"deaths":0,"color":"rgb(255,127,14)"},{"description":"Hispanic","count":300,"tested":2160,"deaths":0,"color":"rgb(214,39,40)"},{"description":"Left Blank","count":496,"tested":20587,"deaths":0,"color":"rgb(44,160,44)"},{"description":"NH/PI*","count":0,"tested":19,"deaths":0,"color":"rgb(127,127,127)"},{"description":"Other","count":81,"tested":1002,"deaths":0,"color":"rgb(148,103,189)"},{"description":"White","count":3100,"tested":43791,"deaths":0,"color":"rgb(31,119,180)"}],"gender":[{"description":"Female","count":2184,"tested":44208,"deaths":0,"color":"rgb(255,127,14)"},{"description":"Male","count":1802,"tested":23664,"deaths":0,"color":"rgb(31,119,180)"},{"description":"Unknown/Left Blank","count":49,"tested":770,"deaths":0,"color":"rgb(44,160,44)"}]}}]}
