{"lastUpdatedDate":{"year":2021,"month":4,"day":4},"county_demographics":[{"County":"Piatt","confirmed_cases":1395,"total_tested":29082,"demographics":{"age":[{"race":[],"age_group":"Unknown","count":0,"tested":0,"deaths":0},{"race":[],"age_group":"30-39   ","count":213,"tested":3904,"deaths":0},{"race":[],"age_group":"40-49   ","count":222,"tested":3715,"deaths":0},{"race":[],"age_group":"70-79   ","count":81,"tested":1937,"deaths":0},{"race":[],"age_group":"20-29   ","count":180,"tested":4097,"deaths":0},{"race":[],"age_group":"60-69   ","count":185,"tested":3343,"deaths":0},{"race":[],"age_group":"80+","count":57,"tested":2096,"deaths":0},{"race":[],"age_group":"<20","count":258,"tested":6236,"deaths":0},{"race":[],"age_group":"50-59   ","count":198,"tested":3750,"deaths":0}],"race":[{"description":"Left Blank","count":249,"tested":8351,"deaths":0,"color":"rgb(44,160,44)"},{"description":"NH/PI*","count":0,"tested":6,"deaths":0,"color":"rgb(127,127,127)"},{"description":"Other","count":24,"tested":642,"deaths":0,"color":"rgb(148,103,189)"},{"description":"Asian","count":0,"tested":146,"deaths":0,"color":"rgb(140,86,75)"},{"description":"Black","count":10,"tested":168,"deaths":0,"color":"rgb(255,127,14)"},{"description":"Hispanic","count":8,"tested":238,"deaths":0,"color":"rgb(214,39,40)"},{"description":"White","count":1098,"tested":19491,"deaths":0,"color":"rgb(31,119,180)"},{"description":"AI/AN**","count":0,"tested":40,"deaths":0,"color":"rgb(31,119,180)"}],"gender":[{"description":"Female","count":726,"tested":17117,"deaths":0,"color":"rgb(255,127,14)"},{"description":"Male","count":667,"tested":11489,"deaths":0,"color":"rgb(31,119,180)"},{"description":"Unknown/Left Blank","count":0,"tested":476,"deaths":0,"color":"rgb(44,160,44)"}]}}]}
