{"lastUpdatedDate":{"year":2021,"month":4,"day":4},"county_demographics":[{"County":"Williamson","confirmed_cases":7080,"total_tested":94596,"demographics":{"age":[{"race":[],"age_group":"20-29   ","count":1083,"tested":13120,"deaths":0},{"race":[],"age_group":"60-69   ","count":764,"tested":10965,"deaths":0},{"race":[],"age_group":"30-39   ","count":1136,"tested":14917,"deaths":0},{"race":[],"age_group":"40-49   ","count":1082,"tested":13960,"deaths":0},{"race":[],"age_group":"80+","count":355,"tested":7889,"deaths":0},{"race":[],"age_group":"50-59   ","count":996,"tested":14279,"deaths":0},{"race":[],"age_group":"70-79   ","count":549,"tested":8926,"deaths":0},{"race":[],"age_group":"<20","count":1114,"tested":10507,"deaths":0},{"race":[],"age_group":"Unknown","count":0,"tested":33,"deaths":0}],"race":[{"description":"Asian","count":19,"tested":313,"deaths":0,"color":"rgb(140,86,75)"},{"description":"Hispanic","count":84,"tested":784,"deaths":0,"color":"rgb(214,39,40)"},{"description":"White","count":5309,"tested":52713,"deaths":0,"color":"rgb(31,119,180)"},{"description":"Left Blank","count":1370,"tested":36902,"deaths":0,"color":"rgb(44,160,44)"},{"description":"NH/PI*","count":0,"tested":46,"deaths":0,"color":"rgb(127,127,127)"},{"description":"Other","count":60,"tested":1068,"deaths":0,"color":"rgb(148,103,189)"},{"description":"Black","count":232,"tested":2739,"deaths":0,"color":"rgb(255,127,14)"},{"description":"AI/AN**","count":0,"tested":31,"deaths":0,"color":"rgb(31,119,180)"}],"gender":[{"description":"Female","count":3635,"tested":50797,"deaths":0,"color":"rgb(255,127,14)"},{"description":"Male","count":3100,"tested":35484,"deaths":0,"color":"rgb(31,119,180)"},{"description":"Unknown/Left Blank","count":344,"tested":8315,"deaths":0,"color":"rgb(44,160,44)"}]}}]}
