{"lastUpdatedDate":{"year":2021,"month":4,"day":4},"county_demographics":[{"County":"Logan","confirmed_cases":3503,"total_tested":78386,"demographics":{"age":[{"race":[],"age_group":"30-39   ","count":691,"tested":16324,"deaths":0},{"race":[],"age_group":"50-59   ","count":494,"tested":10635,"deaths":0},{"race":[],"age_group":"60-69   ","count":383,"tested":7142,"deaths":0},{"race":[],"age_group":"80+","count":216,"tested":5111,"deaths":0},{"race":[],"age_group":"70-79   ","count":225,"tested":3904,"deaths":0},{"race":[],"age_group":"40-49   ","count":538,"tested":12379,"deaths":0},{"race":[],"age_group":"<20","count":400,"tested":6968,"deaths":0},{"race":[],"age_group":"Unknown","count":0,"tested":2728,"deaths":0},{"race":[],"age_group":"20-29   ","count":554,"tested":13195,"deaths":0}],"race":[{"description":"NH/PI*","count":0,"tested":46,"deaths":0,"color":"rgb(127,127,127)"},{"description":"Other","count":23,"tested":597,"deaths":0,"color":"rgb(148,103,189)"},{"description":"Black","count":357,"tested":1331,"deaths":0,"color":"rgb(255,127,14)"},{"description":"Left Blank","count":510,"tested":53496,"deaths":0,"color":"rgb(44,160,44)"},{"description":"Asian","count":14,"tested":81,"deaths":0,"color":"rgb(140,86,75)"},{"description":"Hispanic","count":100,"tested":370,"deaths":0,"color":"rgb(214,39,40)"},{"description":"AI/AN**","count":0,"tested":20,"deaths":0,"color":"rgb(31,119,180)"},{"description":"White","count":2490,"tested":22445,"deaths":0,"color":"rgb(31,119,180)"}],"gender":[{"description":"Female","count":1859,"tested":40618,"deaths":0,"color":"rgb(255,127,14)"},{"description":"Male","count":1436,"tested":18775,"deaths":0,"color":"rgb(31,119,180)"},{"description":"Unknown/Left Blank","count":208,"tested":18993,"deaths":0,"color":"rgb(44,160,44)"}]}}]}
