{"lastUpdatedDate":{"year":2021,"month":4,"day":4},"county_demographics":[{"County":"Effingham","confirmed_cases":4590,"total_tested":41394,"demographics":{"age":[{"race":[],"age_group":"40-49   ","count":603,"tested":4480,"deaths":0},{"race":[],"age_group":"70-79   ","count":359,"tested":4399,"deaths":0},{"race":[],"age_group":"80+","count":267,"tested":4741,"deaths":0},{"race":[],"age_group":"20-29   ","count":665,"tested":5577,"deaths":0},{"race":[],"age_group":"60-69   ","count":638,"tested":5841,"deaths":0},{"race":[],"age_group":"Unknown","count":0,"tested":23,"deaths":0},{"race":[],"age_group":"<20","count":701,"tested":5560,"deaths":0},{"race":[],"age_group":"50-59   ","count":698,"tested":5439,"deaths":0},{"race":[],"age_group":"30-39   ","count":657,"tested":5334,"deaths":0}],"race":[{"description":"Asian","count":8,"tested":53,"deaths":0,"color":"rgb(140,86,75)"},{"description":"White","count":2093,"tested":19152,"deaths":0,"color":"rgb(31,119,180)"},{"description":"NH/PI*","count":0,"tested":9,"deaths":0,"color":"rgb(127,127,127)"},{"description":"Other","count":114,"tested":2064,"deaths":0,"color":"rgb(148,103,189)"},{"description":"Left Blank","count":2329,"tested":19815,"deaths":0,"color":"rgb(44,160,44)"},{"description":"Black","count":0,"tested":124,"deaths":0,"color":"rgb(255,127,14)"},{"description":"Hispanic","count":38,"tested":169,"deaths":0,"color":"rgb(214,39,40)"},{"description":"AI/AN**","count":0,"tested":8,"deaths":0,"color":"rgb(31,119,180)"}],"gender":[{"description":"Female","count":2417,"tested":25407,"deaths":0,"color":"rgb(255,127,14)"},{"description":"Male","count":1940,"tested":15079,"deaths":0,"color":"rgb(31,119,180)"},{"description":"Unknown/Left Blank","count":233,"tested":908,"deaths":0,"color":"rgb(44,160,44)"}]}}]}
