{"lastUpdatedDate":{"year":2021,"month":4,"day":4},"county_demographics":[{"County":"Wayne","confirmed_cases":1710,"total_tested":15864,"demographics":{"age":[{"race":[],"age_group":"50-59   ","count":237,"tested":2120,"deaths":0},{"race":[],"age_group":"80+","count":115,"tested":1296,"deaths":0},{"race":[],"age_group":"<20","count":289,"tested":2207,"deaths":0},{"race":[],"age_group":"60-69   ","count":259,"tested":1761,"deaths":0},{"race":[],"age_group":"Unknown","count":0,"tested":15,"deaths":0},{"race":[],"age_group":"20-29   ","count":216,"tested":2806,"deaths":0},{"race":[],"age_group":"70-79   ","count":164,"tested":1092,"deaths":0},{"race":[],"age_group":"40-49   ","count":200,"tested":1930,"deaths":0},{"race":[],"age_group":"30-39   ","count":224,"tested":2637,"deaths":0}],"race":[{"description":"Left Blank","count":227,"tested":5442,"deaths":0,"color":"rgb(44,160,44)"},{"description":"White","count":1459,"tested":10160,"deaths":0,"color":"rgb(31,119,180)"},{"description":"Hispanic","count":17,"tested":172,"deaths":0,"color":"rgb(214,39,40)"},{"description":"NH/PI*","count":0,"tested":0,"deaths":0,"color":"rgb(127,127,127)"},{"description":"Other","count":0,"tested":68,"deaths":0,"color":"rgb(148,103,189)"},{"description":"Asian","count":0,"tested":0,"deaths":0,"color":"rgb(140,86,75)"},{"description":"AI/AN**","count":0,"tested":0,"deaths":0,"color":"rgb(31,119,180)"},{"description":"Black","count":0,"tested":17,"deaths":0,"color":"rgb(255,127,14)"}],"gender":[{"description":"Female","count":888,"tested":9752,"deaths":0,"color":"rgb(255,127,14)"},{"description":"Male","count":802,"tested":5168,"deaths":0,"color":"rgb(31,119,180)"},{"description":"Unknown/Left Blank","count":19,"tested":944,"deaths":0,"color":"rgb(44,160,44)"}]}}]}
