{"lastUpdatedDate":{"year":2021,"month":4,"day":4},"county_demographics":[{"County":"Jo Daviess","confirmed_cases":1696,"total_tested":19917,"demographics":{"age":[{"race":[],"age_group":"30-39   ","count":193,"tested":2226,"deaths":0},{"race":[],"age_group":"50-59   ","count":276,"tested":2957,"deaths":0},{"race":[],"age_group":"60-69   ","count":240,"tested":3226,"deaths":0},{"race":[],"age_group":"80+","count":107,"tested":2420,"deaths":0},{"race":[],"age_group":"40-49   ","count":222,"tested":2178,"deaths":0},{"race":[],"age_group":"<20","count":269,"tested":2628,"deaths":0},{"race":[],"age_group":"Unknown","count":0,"tested":0,"deaths":0},{"race":[],"age_group":"20-29   ","count":231,"tested":2365,"deaths":0},{"race":[],"age_group":"70-79   ","count":153,"tested":1912,"deaths":0}],"race":[{"description":"Asian","count":0,"tested":34,"deaths":0,"color":"rgb(140,86,75)"},{"description":"Hispanic","count":42,"tested":248,"deaths":0,"color":"rgb(214,39,40)"},{"description":"Left Blank","count":530,"tested":9089,"deaths":0,"color":"rgb(44,160,44)"},{"description":"White","count":1104,"tested":10254,"deaths":0,"color":"rgb(31,119,180)"},{"description":"AI/AN**","count":0,"tested":12,"deaths":0,"color":"rgb(31,119,180)"},{"description":"NH/PI*","count":0,"tested":0,"deaths":0,"color":"rgb(127,127,127)"},{"description":"Other","count":10,"tested":162,"deaths":0,"color":"rgb(148,103,189)"},{"description":"Black","count":0,"tested":115,"deaths":0,"color":"rgb(255,127,14)"}],"gender":[{"description":"Female","count":855,"tested":12503,"deaths":0,"color":"rgb(255,127,14)"},{"description":"Male","count":791,"tested":6910,"deaths":0,"color":"rgb(31,119,180)"},{"description":"Unknown/Left Blank","count":50,"tested":504,"deaths":0,"color":"rgb(44,160,44)"}]}}]}
