{"lastUpdatedDate":{"year":2021,"month":5,"day":29},"county_demographics":[{"County":"McDonough","confirmed_cases":2893,"total_tested":55449,"demographics":{"age":[{"race":[],"age_group":"<20","count":552,"tested":8745,"deaths":0},{"race":[],"age_group":"Unknown","count":0,"tested":8,"deaths":0},{"race":[],"age_group":"60-69   ","count":278,"tested":5597,"deaths":0},{"race":[],"age_group":"80+","count":150,"tested":4377,"deaths":0},{"race":[],"age_group":"40-49   ","count":322,"tested":5890,"deaths":0},{"race":[],"age_group":"30-39   ","count":341,"tested":7521,"deaths":0},{"race":[],"age_group":"50-59   ","count":292,"tested":6043,"deaths":0},{"race":[],"age_group":"70-79   ","count":181,"tested":3596,"deaths":0},{"race":[],"age_group":"20-29   ","count":776,"tested":13672,"deaths":0}],"race":[{"description":"AI/AN**","count":0,"tested":87,"deaths":0,"color":"rgb(31,119,180)"},{"description":"Black","count":210,"tested":3549,"deaths":0,"color":"rgb(255,127,14)"},{"description":"Left Blank","count":294,"tested":15918,"deaths":0,"color":"rgb(44,160,44)"},{"description":"NH/PI*","count":0,"tested":47,"deaths":0,"color":"rgb(127,127,127)"},{"description":"Other","count":22,"tested":717,"deaths":0,"color":"rgb(148,103,189)"},{"description":"Asian","count":43,"tested":484,"deaths":0,"color":"rgb(140,86,75)"},{"description":"Hispanic","count":103,"tested":1215,"deaths":0,"color":"rgb(214,39,40)"},{"description":"White","count":2203,"tested":33432,"deaths":0,"color":"rgb(31,119,180)"}],"gender":[{"description":"Female","count":1520,"tested":33149,"deaths":0,"color":"rgb(255,127,14)"},{"description":"Male","count":1330,"tested":21010,"deaths":0,"color":"rgb(31,119,180)"},{"description":"Unknown/Left Blank","count":43,"tested":1290,"deaths":0,"color":"rgb(44,160,44)"}]}}]}
