{"lastUpdatedDate":{"year":2021,"month":5,"day":29},"county_demographics":[{"County":"Champaign","confirmed_cases":20959,"total_tested":2464441,"demographics":{"age":[{"race":[],"age_group":"<20","count":5731,"tested":559448,"deaths":0},{"race":[],"age_group":"Unknown","count":0,"tested":348,"deaths":0},{"race":[],"age_group":"80+","count":481,"tested":26509,"deaths":0},{"race":[],"age_group":"30-39   ","count":2614,"tested":243113,"deaths":0},{"race":[],"age_group":"20-29   ","count":6169,"tested":1128871,"deaths":0},{"race":[],"age_group":"70-79   ","count":589,"tested":36775,"deaths":0},{"race":[],"age_group":"40-49   ","count":2197,"tested":185488,"deaths":0},{"race":[],"age_group":"50-59   ","count":1814,"tested":175627,"deaths":0},{"race":[],"age_group":"60-69   ","count":1362,"tested":108262,"deaths":0}],"race":[{"description":"Black","count":3537,"tested":187300,"deaths":0,"color":"rgb(255,127,14)"},{"description":"Other","count":592,"tested":105086,"deaths":0,"color":"rgb(148,103,189)"},{"description":"AI/AN**","count":11,"tested":3301,"deaths":0,"color":"rgb(31,119,180)"},{"description":"NH/PI*","count":9,"tested":1597,"deaths":0,"color":"rgb(127,127,127)"},{"description":"Left Blank","count":948,"tested":108313,"deaths":0,"color":"rgb(44,160,44)"},{"description":"White","count":12380,"tested":1359506,"deaths":0,"color":"rgb(31,119,180)"},{"description":"Asian","count":1091,"tested":495328,"deaths":0,"color":"rgb(140,86,75)"},{"description":"Hispanic","count":2389,"tested":204010,"deaths":0,"color":"rgb(214,39,40)"}],"gender":[{"description":"Female","count":10582,"tested":1195038,"deaths":0,"color":"rgb(255,127,14)"},{"description":"Male","count":10342,"tested":1263265,"deaths":0,"color":"rgb(31,119,180)"},{"description":"Unknown/Left Blank","count":35,"tested":6138,"deaths":0,"color":"rgb(44,160,44)"}]}}]}
