{"lastUpdatedDate":{"year":2021,"month":5,"day":29},"county_demographics":[{"County":"White","confirmed_cases":1701,"total_tested":24295,"demographics":{"age":[{"race":[],"age_group":"<20","count":245,"tested":2591,"deaths":0},{"race":[],"age_group":"40-49   ","count":228,"tested":3096,"deaths":0},{"race":[],"age_group":"50-59   ","count":251,"tested":2992,"deaths":0},{"race":[],"age_group":"Unknown","count":0,"tested":8,"deaths":0},{"race":[],"age_group":"80+","count":160,"tested":4105,"deaths":0},{"race":[],"age_group":"20-29   ","count":205,"tested":3263,"deaths":0},{"race":[],"age_group":"30-39   ","count":206,"tested":3272,"deaths":0},{"race":[],"age_group":"70-79   ","count":162,"tested":2053,"deaths":0},{"race":[],"age_group":"60-69   ","count":244,"tested":2915,"deaths":0}],"race":[{"description":"NH/PI*","count":0,"tested":0,"deaths":0,"color":"rgb(127,127,127)"},{"description":"Other","count":7,"tested":62,"deaths":0,"color":"rgb(148,103,189)"},{"description":"Black","count":0,"tested":59,"deaths":0,"color":"rgb(255,127,14)"},{"description":"AI/AN**","count":0,"tested":0,"deaths":0,"color":"rgb(31,119,180)"},{"description":"Left Blank","count":631,"tested":16584,"deaths":0,"color":"rgb(44,160,44)"},{"description":"White","count":1054,"tested":7534,"deaths":0,"color":"rgb(31,119,180)"},{"description":"Asian","count":0,"tested":23,"deaths":0,"color":"rgb(140,86,75)"},{"description":"Hispanic","count":0,"tested":28,"deaths":0,"color":"rgb(214,39,40)"}],"gender":[{"description":"Female","count":849,"tested":17477,"deaths":0,"color":"rgb(255,127,14)"},{"description":"Male","count":620,"tested":5542,"deaths":0,"color":"rgb(31,119,180)"},{"description":"Unknown/Left Blank","count":232,"tested":1276,"deaths":0,"color":"rgb(44,160,44)"}]}}]}
