{"lastUpdatedDate":{"year":2021,"month":5,"day":29},"county_demographics":[{"County":"Unassigned","confirmed_cases":85,"total_tested":134137,"demographics":{"age":[{"race":[],"age_group":"60-69   ","count":11,"tested":16149,"deaths":0},{"race":[],"age_group":"Unknown","count":0,"tested":663,"deaths":0},{"race":[],"age_group":"80+","count":0,"tested":9918,"deaths":0},{"race":[],"age_group":"30-39   ","count":15,"tested":21064,"deaths":0},{"race":[],"age_group":"<20","count":11,"tested":14429,"deaths":0},{"race":[],"age_group":"40-49   ","count":9,"tested":20066,"deaths":0},{"race":[],"age_group":"50-59   ","count":8,"tested":20095,"deaths":0},{"race":[],"age_group":"70-79   ","count":0,"tested":9505,"deaths":0},{"race":[],"age_group":"20-29   ","count":16,"tested":22248,"deaths":0}],"race":[{"description":"AI/AN**","count":0,"tested":138,"deaths":0,"color":"rgb(31,119,180)"},{"description":"Hispanic","count":0,"tested":5710,"deaths":0,"color":"rgb(214,39,40)"},{"description":"White","count":36,"tested":34856,"deaths":0,"color":"rgb(31,119,180)"},{"description":"Left Blank","count":45,"tested":78711,"deaths":0,"color":"rgb(44,160,44)"},{"description":"NH/PI*","count":0,"tested":51,"deaths":0,"color":"rgb(127,127,127)"},{"description":"Other","count":0,"tested":1643,"deaths":0,"color":"rgb(148,103,189)"},{"description":"Asian","count":0,"tested":3045,"deaths":0,"color":"rgb(140,86,75)"},{"description":"Black","count":0,"tested":9983,"deaths":0,"color":"rgb(255,127,14)"}],"gender":[{"description":"Female","count":33,"tested":71658,"deaths":0,"color":"rgb(255,127,14)"},{"description":"Male","count":43,"tested":55134,"deaths":0,"color":"rgb(31,119,180)"},{"description":"Unknown/Left Blank","count":7,"tested":7345,"deaths":0,"color":"rgb(44,160,44)"}]}}]}
