{"lastUpdatedDate":{"year":2021,"month":5,"day":29},"county_demographics":[{"County":"McHenry","confirmed_cases":29016,"total_tested":358004,"demographics":{"age":[{"race":[],"age_group":"<20","count":4818,"tested":50319,"deaths":0},{"race":[],"age_group":"Unknown","count":0,"tested":76,"deaths":0},{"race":[],"age_group":"30-39   ","count":4417,"tested":51043,"deaths":0},{"race":[],"age_group":"40-49   ","count":4515,"tested":48100,"deaths":0},{"race":[],"age_group":"50-59   ","count":4954,"tested":57251,"deaths":0},{"race":[],"age_group":"70-79   ","count":1324,"tested":26727,"deaths":0},{"race":[],"age_group":"80+","count":957,"tested":25583,"deaths":0},{"race":[],"age_group":"20-29   ","count":5009,"tested":55186,"deaths":0},{"race":[],"age_group":"60-69   ","count":3017,"tested":43719,"deaths":0}],"race":[{"description":"Black","count":326,"tested":4222,"deaths":0,"color":"rgb(255,127,14)"},{"description":"AI/AN**","count":37,"tested":431,"deaths":0,"color":"rgb(31,119,180)"},{"description":"NH/PI*","count":29,"tested":531,"deaths":0,"color":"rgb(127,127,127)"},{"description":"Other","count":579,"tested":6674,"deaths":0,"color":"rgb(148,103,189)"},{"description":"Left Blank","count":7038,"tested":134261,"deaths":0,"color":"rgb(44,160,44)"},{"description":"Asian","count":504,"tested":6324,"deaths":0,"color":"rgb(140,86,75)"},{"description":"Hispanic","count":4662,"tested":26260,"deaths":0,"color":"rgb(214,39,40)"},{"description":"White","count":15836,"tested":179301,"deaths":0,"color":"rgb(31,119,180)"}],"gender":[{"description":"Female","count":14768,"tested":206280,"deaths":0,"color":"rgb(255,127,14)"},{"description":"Male","count":14050,"tested":147247,"deaths":0,"color":"rgb(31,119,180)"},{"description":"Unknown/Left Blank","count":198,"tested":4477,"deaths":0,"color":"rgb(44,160,44)"}]}}]}
