{"lastUpdatedDate":{"year":2021,"month":5,"day":29},"county_demographics":[{"County":"Jo Daviess","confirmed_cases":1825,"total_tested":22090,"demographics":{"age":[{"race":[],"age_group":"30-39   ","count":211,"tested":2555,"deaths":0},{"race":[],"age_group":"50-59   ","count":301,"tested":3333,"deaths":0},{"race":[],"age_group":"60-69   ","count":255,"tested":3576,"deaths":0},{"race":[],"age_group":"80+","count":111,"tested":2504,"deaths":0},{"race":[],"age_group":"40-49   ","count":233,"tested":2387,"deaths":0},{"race":[],"age_group":"<20","count":307,"tested":2993,"deaths":0},{"race":[],"age_group":"Unknown","count":0,"tested":0,"deaths":0},{"race":[],"age_group":"20-29   ","count":245,"tested":2662,"deaths":0},{"race":[],"age_group":"70-79   ","count":157,"tested":2075,"deaths":0}],"race":[{"description":"Asian","count":0,"tested":39,"deaths":0,"color":"rgb(140,86,75)"},{"description":"Hispanic","count":47,"tested":303,"deaths":0,"color":"rgb(214,39,40)"},{"description":"Left Blank","count":556,"tested":9392,"deaths":0,"color":"rgb(44,160,44)"},{"description":"White","count":1196,"tested":12020,"deaths":0,"color":"rgb(31,119,180)"},{"description":"AI/AN**","count":0,"tested":14,"deaths":0,"color":"rgb(31,119,180)"},{"description":"NH/PI*","count":0,"tested":0,"deaths":0,"color":"rgb(127,127,127)"},{"description":"Other","count":12,"tested":187,"deaths":0,"color":"rgb(148,103,189)"},{"description":"Black","count":0,"tested":132,"deaths":0,"color":"rgb(255,127,14)"}],"gender":[{"description":"Female","count":934,"tested":13919,"deaths":0,"color":"rgb(255,127,14)"},{"description":"Male","count":843,"tested":7647,"deaths":0,"color":"rgb(31,119,180)"},{"description":"Unknown/Left Blank","count":48,"tested":524,"deaths":0,"color":"rgb(44,160,44)"}]}}]}
