{"lastUpdatedDate":{"year":2021,"month":5,"day":29},"county_demographics":[{"County":"Cass","confirmed_cases":2015,"total_tested":22366,"demographics":{"age":[{"race":[],"age_group":"30-39   ","count":316,"tested":3255,"deaths":0},{"race":[],"age_group":"20-29   ","count":335,"tested":3426,"deaths":0},{"race":[],"age_group":"60-69   ","count":203,"tested":2087,"deaths":0},{"race":[],"age_group":"40-49   ","count":291,"tested":3492,"deaths":0},{"race":[],"age_group":"80+","count":101,"tested":1269,"deaths":0},{"race":[],"age_group":"50-59   ","count":265,"tested":3303,"deaths":0},{"race":[],"age_group":"70-79   ","count":120,"tested":1456,"deaths":0},{"race":[],"age_group":"<20","count":384,"tested":4075,"deaths":0},{"race":[],"age_group":"Unknown","count":0,"tested":0,"deaths":0}],"race":[{"description":"Asian","count":14,"tested":73,"deaths":0,"color":"rgb(140,86,75)"},{"description":"Hispanic","count":707,"tested":3096,"deaths":0,"color":"rgb(214,39,40)"},{"description":"White","count":1171,"tested":10982,"deaths":0,"color":"rgb(31,119,180)"},{"description":"Left Blank","count":48,"tested":6180,"deaths":0,"color":"rgb(44,160,44)"},{"description":"AI/AN**","count":0,"tested":20,"deaths":0,"color":"rgb(31,119,180)"},{"description":"Black","count":61,"tested":673,"deaths":0,"color":"rgb(255,127,14)"},{"description":"NH/PI*","count":0,"tested":18,"deaths":0,"color":"rgb(127,127,127)"},{"description":"Other","count":6,"tested":1324,"deaths":0,"color":"rgb(148,103,189)"}],"gender":[{"description":"Female","count":1091,"tested":12852,"deaths":0,"color":"rgb(255,127,14)"},{"description":"Male","count":916,"tested":8488,"deaths":0,"color":"rgb(31,119,180)"},{"description":"Unknown/Left Blank","count":7,"tested":1026,"deaths":0,"color":"rgb(44,160,44)"}]}}]}
