{"lastUpdatedDate":{"year":2021,"month":5,"day":29},"county_demographics":[{"County":"Boone","confirmed_cases":6787,"total_tested":66061,"demographics":{"age":[{"race":[],"age_group":"60-69   ","count":634,"tested":7024,"deaths":0},{"race":[],"age_group":"50-59   ","count":1045,"tested":9510,"deaths":0},{"race":[],"age_group":"20-29   ","count":1169,"tested":10608,"deaths":0},{"race":[],"age_group":"80+","count":198,"tested":4757,"deaths":0},{"race":[],"age_group":"40-49   ","count":1144,"tested":9373,"deaths":0},{"race":[],"age_group":"30-39   ","count":983,"tested":8760,"deaths":0},{"race":[],"age_group":"70-79   ","count":340,"tested":4863,"deaths":0},{"race":[],"age_group":"<20","count":1273,"tested":11152,"deaths":0},{"race":[],"age_group":"Unknown","count":0,"tested":14,"deaths":0}],"race":[{"description":"Left Blank","count":574,"tested":31935,"deaths":0,"color":"rgb(44,160,44)"},{"description":"Asian","count":54,"tested":486,"deaths":0,"color":"rgb(140,86,75)"},{"description":"Hispanic","count":2293,"tested":6302,"deaths":0,"color":"rgb(214,39,40)"},{"description":"White","count":3644,"tested":25326,"deaths":0,"color":"rgb(31,119,180)"},{"description":"NH/PI*","count":0,"tested":23,"deaths":0,"color":"rgb(127,127,127)"},{"description":"Other","count":81,"tested":952,"deaths":0,"color":"rgb(148,103,189)"},{"description":"Black","count":123,"tested":987,"deaths":0,"color":"rgb(255,127,14)"},{"description":"AI/AN**","count":10,"tested":50,"deaths":0,"color":"rgb(31,119,180)"}],"gender":[{"description":"Female","count":3570,"tested":39392,"deaths":0,"color":"rgb(255,127,14)"},{"description":"Male","count":3209,"tested":25864,"deaths":0,"color":"rgb(31,119,180)"},{"description":"Unknown/Left Blank","count":7,"tested":805,"deaths":0,"color":"rgb(44,160,44)"}]}}]}
