{"lastUpdatedDate":{"year":2021,"month":5,"day":29},"county_demographics":[{"County":"Knox","confirmed_cases":5613,"total_tested":118219,"demographics":{"age":[{"race":[],"age_group":"40-49   ","count":833,"tested":17860,"deaths":0},{"race":[],"age_group":"20-29   ","count":868,"tested":24098,"deaths":0},{"race":[],"age_group":"80+","count":390,"tested":6725,"deaths":0},{"race":[],"age_group":"<20","count":730,"tested":12938,"deaths":0},{"race":[],"age_group":"Unknown","count":0,"tested":3030,"deaths":0},{"race":[],"age_group":"30-39   ","count":831,"tested":19218,"deaths":0},{"race":[],"age_group":"50-59   ","count":812,"tested":16067,"deaths":0},{"race":[],"age_group":"70-79   ","count":454,"tested":6724,"deaths":0},{"race":[],"age_group":"60-69   ","count":692,"tested":11559,"deaths":0}],"race":[{"description":"NH/PI*","count":0,"tested":77,"deaths":0,"color":"rgb(127,127,127)"},{"description":"White","count":3798,"tested":36414,"deaths":0,"color":"rgb(31,119,180)"},{"description":"Asian","count":19,"tested":1166,"deaths":0,"color":"rgb(140,86,75)"},{"description":"Black","count":491,"tested":3721,"deaths":0,"color":"rgb(255,127,14)"},{"description":"Other","count":68,"tested":1605,"deaths":0,"color":"rgb(148,103,189)"},{"description":"AI/AN**","count":0,"tested":64,"deaths":0,"color":"rgb(31,119,180)"},{"description":"Hispanic","count":257,"tested":2378,"deaths":0,"color":"rgb(214,39,40)"},{"description":"Left Blank","count":972,"tested":72794,"deaths":0,"color":"rgb(44,160,44)"}],"gender":[{"description":"Female","count":2883,"tested":51343,"deaths":0,"color":"rgb(255,127,14)"},{"description":"Male","count":2542,"tested":47351,"deaths":0,"color":"rgb(31,119,180)"},{"description":"Unknown/Left Blank","count":188,"tested":19525,"deaths":0,"color":"rgb(44,160,44)"}]}}]}
