{"age":[{"age_group":"<20","count":35,"tested":263},{"age_group":"20-29   ","count":35,"tested":489},{"age_group":"30-39   ","count":32,"tested":409},{"age_group":"40-49   ","count":43,"tested":473},{"age_group":"50-59   ","count":54,"tested":704},{"age_group":"60-69   ","count":53,"tested":711},{"age_group":"70-79   ","count":38,"tested":546},{"age_group":"80+","count":28,"tested":301}],"race":[{"description":"Left Blank","count":93,"tested":1676,"color":"rgb(44,160,44)"},{"description":"Other","count":16,"tested":89,"color":"rgb(148,103,189)"},{"description":"White","count":30,"tested":348,"color":"rgb(31,119,180)"},{"description":"Black","count":152,"tested":1733,"color":"rgb(255,127,14)"}],"gender":[{"description":"Female","count":156,"tested":2298,"color":"rgb(255,127,14)"},{"description":"Male","count":122,"tested":1556,"color":"rgb(31,119,180)"}]}
