{"age":[{"age_group":"<20","count":127,"tested":553},{"age_group":"20-29   ","count":154,"tested":795},{"age_group":"30-39   ","count":147,"tested":708},{"age_group":"40-49   ","count":135,"tested":745},{"age_group":"50-59   ","count":156,"tested":1632},{"age_group":"60-69   ","count":134,"tested":1062},{"age_group":"70-79   ","count":124,"tested":514},{"age_group":"80+","count":111,"tested":1496}],"race":[{"description":"Other","count":109,"tested":187,"color":"rgb(148,103,189)"},{"description":"Left Blank","count":173,"tested":1560,"color":"rgb(44,160,44)"},{"description":"White","count":337,"tested":5399,"color":"rgb(31,119,180)"},{"description":"Hispanic","count":99,"tested":121,"color":"rgb(214,39,40)"}],"gender":[{"description":"Male","count":241,"tested":2500,"color":"rgb(31,119,180)"},{"description":"Female","count":290,"tested":4743,"color":"rgb(255,127,14)"}]}
