{"age":[{"age_group":"<20","count":126,"tested":727},{"age_group":"20-29   ","count":174,"tested":1326},{"age_group":"30-39   ","count":150,"tested":1034},{"age_group":"40-49   ","count":140,"tested":915},{"age_group":"50-59   ","count":142,"tested":986},{"age_group":"60-69   ","count":125,"tested":814},{"age_group":"70-79   ","count":81,"tested":451},{"age_group":"80+","count":52,"tested":191}],"race":[{"description":"White","count":245,"tested":1979,"color":"rgb(31,119,180)"},{"description":"Other","count":64,"tested":235,"color":"rgb(148,103,189)"},{"description":"Left Blank","count":288,"tested":2507,"color":"rgb(44,160,44)"},{"description":"Black","count":149,"tested":1232,"color":"rgb(255,127,14)"},{"description":"Hispanic","count":122,"tested":445,"color":"rgb(214,39,40)"}],"gender":[{"description":"Male","count":341,"tested":2611,"color":"rgb(31,119,180)"},{"description":"Unknown/Left Blank","count":46,"tested":62,"color":"rgb(44,160,44)"},{"description":"Female","count":403,"tested":3771,"color":"rgb(255,127,14)"}]}
