{"age":[{"age_group":"<20","count":40,"tested":606},{"age_group":"20-29   ","count":28,"tested":332},{"age_group":"30-39   ","count":19,"tested":187},{"age_group":"40-49   ","count":26,"tested":283},{"age_group":"50-59   ","count":37,"tested":404},{"age_group":"60-69   ","count":22,"tested":217}],"race":[{"description":"Left Blank","count":40,"tested":870,"color":"rgb(44,160,44)"},{"description":"Other","count":19,"tested":184,"color":"rgb(148,103,189)"},{"description":"White","count":78,"tested":1072,"color":"rgb(31,119,180)"}],"gender":[{"description":"Male","count":59,"tested":1042,"color":"rgb(31,119,180)"},{"description":"Female","count":71,"tested":1144,"color":"rgb(255,127,14)"}]}
