{"age":[{"age_group":"<20","count":134,"tested":894},{"age_group":"20-29   ","count":163,"tested":1516},{"age_group":"30-39   ","count":142,"tested":1272},{"age_group":"40-49   ","count":145,"tested":1280},{"age_group":"50-59   ","count":174,"tested":1640},{"age_group":"60-69   ","count":139,"tested":1329},{"age_group":"70-79   ","count":120,"tested":961},{"age_group":"80+","count":110,"tested":1269}],"race":[{"description":"Black","count":75,"tested":219,"color":"rgb(255,127,14)"},{"description":"Other","count":69,"tested":131,"color":"rgb(148,103,189)"},{"description":"Left Blank","count":287,"tested":6502,"color":"rgb(44,160,44)"},{"description":"White","count":403,"tested":3018,"color":"rgb(31,119,180)"},{"description":"Hispanic","count":102,"tested":259,"color":"rgb(214,39,40)"}],"gender":[{"description":"Female","count":422,"tested":6714,"color":"rgb(255,127,14)"},{"description":"Male","count":322,"tested":3191,"color":"rgb(31,119,180)"}]}
