{"age":[{"age_group":"<20","count":534,"tested":3251},{"age_group":"20-29   ","count":662,"tested":3987},{"age_group":"30-39   ","count":668,"tested":4450},{"age_group":"40-49   ","count":650,"tested":4272},{"age_group":"50-59   ","count":610,"tested":4309},{"age_group":"60-69   ","count":435,"tested":2939},{"age_group":"70-79   ","count":297,"tested":1462},{"age_group":"80+","count":247,"tested":1717}],"race":[{"description":"Left Blank","count":1483,"tested":13786,"color":"rgb(44,160,44)"},{"description":"Other","count":323,"tested":1006,"color":"rgb(148,103,189)"},{"description":"Hispanic","count":275,"tested":788,"color":"rgb(214,39,40)"},{"description":"White","count":1215,"tested":9757,"color":"rgb(31,119,180)"},{"description":"Asian","count":189,"tested":71,"color":"rgb(140,86,75)"},{"description":"Black","count":266,"tested":976,"color":"rgb(255,127,14)"}],"gender":[{"description":"Unknown/Left Blank","count":186,"tested":718,"color":"rgb(44,160,44)"},{"description":"Male","count":1550,"tested":12115,"color":"rgb(31,119,180)"},{"description":"Female","count":1492,"tested":13562,"color":"rgb(255,127,14)"}]}
