{"age":[{"age_group":"<20","count":220,"tested":1374},{"age_group":"20-29   ","count":216,"tested":1221},{"age_group":"30-39   ","count":210,"tested":1161},{"age_group":"40-49   ","count":221,"tested":1260},{"age_group":"50-59   ","count":255,"tested":1236},{"age_group":"60-69   ","count":223,"tested":1137},{"age_group":"70-79   ","count":159,"tested":558},{"age_group":"80+","count":105,"tested":279}],"race":[{"description":"Left Blank","count":228,"tested":2016,"color":"rgb(44,160,44)"},{"description":"Hispanic","count":134,"tested":412,"color":"rgb(214,39,40)"},{"description":"White","count":824,"tested":5043,"color":"rgb(31,119,180)"},{"description":"Black","count":98,"tested":433,"color":"rgb(255,127,14)"},{"description":"Other","count":128,"tested":310,"color":"rgb(148,103,189)"}],"gender":[{"description":"Female","count":650,"tested":4751,"color":"rgb(255,127,14)"},{"description":"Male","count":565,"tested":3206,"color":"rgb(31,119,180)"},{"description":"Unknown/Left Blank","count":72,"tested":270,"color":"rgb(44,160,44)"}]}
