{"age":[{"age_group":"<20","count":55,"tested":283},{"age_group":"20-29   ","count":53,"tested":380},{"age_group":"30-39   ","count":35,"tested":325},{"age_group":"40-49   ","count":47,"tested":258},{"age_group":"50-59   ","count":60,"tested":410},{"age_group":"60-69   ","count":36,"tested":303},{"age_group":"70-79   ","count":30,"tested":210}],"race":[{"description":"Left Blank","count":56,"tested":529,"color":"rgb(44,160,44)"},{"description":"White","count":162,"tested":1575,"color":"rgb(31,119,180)"},{"description":"Hispanic","count":25,"tested":42,"color":"rgb(214,39,40)"},{"description":"Black","count":25,"tested":68,"color":"rgb(255,127,14)"}],"gender":[{"description":"Male","count":107,"tested":777,"color":"rgb(31,119,180)"},{"description":"Female","count":133,"tested":1479,"color":"rgb(255,127,14)"}]}
