{"age":[{"age_group":"<20","count":614,"tested":3388},{"age_group":"20-29   ","count":883,"tested":6778},{"age_group":"30-39   ","count":769,"tested":5875},{"age_group":"40-49   ","count":707,"tested":4958},{"age_group":"50-59   ","count":780,"tested":5902},{"age_group":"60-69   ","count":503,"tested":3916},{"age_group":"70-79   ","count":302,"tested":1901},{"age_group":"80+","count":257,"tested":1550}],"race":[{"description":"Other","count":244,"tested":833,"color":"rgb(148,103,189)"},{"description":"AI/AN**","count":152,"tested":19,"color":"rgb(31,119,180)"},{"description":"NH/PI*","count":154,"tested":65,"color":"rgb(127,127,127)"},{"description":"Black","count":240,"tested":804,"color":"rgb(255,127,14)"},{"description":"Asian","count":369,"tested":1893,"color":"rgb(140,86,75)"},{"description":"Left Blank","count":1725,"tested":22126,"color":"rgb(44,160,44)"},{"description":"White","count":769,"tested":4709,"color":"rgb(31,119,180)"},{"description":"Hispanic","count":1162,"tested":3838,"color":"rgb(214,39,40)"}],"gender":[{"description":"Unknown/Left Blank","count":166,"tested":961,"color":"rgb(44,160,44)"},{"description":"Female","count":2076,"tested":19544,"color":"rgb(255,127,14)"},{"description":"Male","count":1873,"tested":13782,"color":"rgb(31,119,180)"}]}
