{"age":[{"age_group":"<20","count":151,"tested":555},{"age_group":"20-29   ","count":191,"tested":1080},{"age_group":"30-39   ","count":175,"tested":980},{"age_group":"40-49   ","count":146,"tested":805},{"age_group":"50-59   ","count":168,"tested":946},{"age_group":"60-69   ","count":131,"tested":967},{"age_group":"70-79   ","count":99,"tested":361},{"age_group":"80+","count":77,"tested":182}],"race":[{"description":"Black","count":73,"tested":157,"color":"rgb(255,127,14)"},{"description":"Asian","count":75,"tested":111,"color":"rgb(140,86,75)"},{"description":"Other","count":103,"tested":269,"color":"rgb(148,103,189)"},{"description":"Left Blank","count":375,"tested":2798,"color":"rgb(44,160,44)"},{"description":"White","count":262,"tested":2146,"color":"rgb(31,119,180)"},{"description":"Hispanic","count":123,"tested":379,"color":"rgb(214,39,40)"}],"gender":[{"description":"Female","count":427,"tested":3294,"color":"rgb(255,127,14)"},{"description":"Male","count":338,"tested":2495,"color":"rgb(31,119,180)"}]}
