{"age":[{"age_group":"<20","count":29,"tested":118},{"age_group":"20-29   ","count":28,"tested":175},{"age_group":"30-39   ","count":30,"tested":170},{"age_group":"40-49   ","count":25,"tested":122},{"age_group":"50-59   ","count":26,"tested":138},{"age_group":"60-69   ","count":33,"tested":151},{"age_group":"70-79   ","count":30,"tested":105},{"age_group":"80+","count":35,"tested":119}],"race":[{"description":"Left Blank","count":50,"tested":556,"color":"rgb(44,160,44)"},{"description":"White","count":73,"tested":501,"color":"rgb(31,119,180)"}],"gender":[{"description":"Male","count":55,"tested":420,"color":"rgb(31,119,180)"},{"description":"Female","count":73,"tested":675,"color":"rgb(255,127,14)"}]}
