{"age":[{"age_group":"<20","count":133,"tested":665},{"age_group":"20-29   ","count":150,"tested":865},{"age_group":"30-39   ","count":141,"tested":665},{"age_group":"40-49   ","count":144,"tested":739},{"age_group":"50-59   ","count":178,"tested":1148},{"age_group":"60-69   ","count":144,"tested":749},{"age_group":"70-79   ","count":97,"tested":484},{"age_group":"80+","count":73,"tested":155}],"race":[{"description":"Hispanic","count":79,"tested":156,"color":"rgb(214,39,40)"},{"description":"White","count":361,"tested":2951,"color":"rgb(31,119,180)"},{"description":"Other","count":97,"tested":209,"color":"rgb(148,103,189)"},{"description":"Left Blank","count":280,"tested":2084,"color":"rgb(44,160,44)"}],"gender":[{"description":"Male","count":343,"tested":2453,"color":"rgb(31,119,180)"},{"description":"Female","count":356,"tested":2994,"color":"rgb(255,127,14)"}]}
