{"age":[{"age_group":"<20","count":610,"tested":3464},{"age_group":"20-29   ","count":265,"tested":2169},{"age_group":"30-39   ","count":302,"tested":2226},{"age_group":"40-49   ","count":217,"tested":1800},{"age_group":"50-59   ","count":217,"tested":1940},{"age_group":"60-69   ","count":165,"tested":1824},{"age_group":"70-79   ","count":99,"tested":1656},{"age_group":"80+","count":147,"tested":4887}],"race":[{"description":"Left Blank","count":1106,"tested":13531,"color":"rgb(44,160,44)"},{"description":"Other","count":229,"tested":1063,"color":"rgb(148,103,189)"},{"description":"White","count":377,"tested":3589,"color":"rgb(31,119,180)"},{"description":"Asian","count":152,"tested":1118,"color":"rgb(140,86,75)"},{"description":"Black","count":35,"tested":166,"color":"rgb(255,127,14)"},{"description":"Hispanic","count":76,"tested":438,"color":"rgb(214,39,40)"}],"gender":[{"description":"Male","count":949,"tested":8445,"color":"rgb(31,119,180)"},{"description":"Unknown/Left Blank","count":40,"tested":291,"color":"rgb(44,160,44)"},{"description":"Female","count":939,"tested":11240,"color":"rgb(255,127,14)"}]}
