{"age":[{"age_group":"<20","count":474,"tested":3654},{"age_group":"20-29   ","count":683,"tested":5359},{"age_group":"30-39   ","count":565,"tested":4491},{"age_group":"40-49   ","count":548,"tested":4500},{"age_group":"50-59   ","count":535,"tested":4570},{"age_group":"60-69   ","count":510,"tested":4922},{"age_group":"70-79   ","count":350,"tested":3173},{"age_group":"80+","count":340,"tested":5840}],"race":[{"description":"Other","count":209,"tested":626,"color":"rgb(148,103,189)"},{"description":"Black","count":442,"tested":3577,"color":"rgb(255,127,14)"},{"description":"White","count":860,"tested":9573,"color":"rgb(31,119,180)"},{"description":"Asian","count":193,"tested":233,"color":"rgb(140,86,75)"},{"description":"Left Blank","count":1683,"tested":21492,"color":"rgb(44,160,44)"},{"description":"Hispanic","count":320,"tested":1017,"color":"rgb(214,39,40)"}],"gender":[{"description":"Female","count":1674,"tested":22414,"color":"rgb(255,127,14)"},{"description":"Male","count":1424,"tested":13386,"color":"rgb(31,119,180)"},{"description":"Unknown/Left Blank","count":167,"tested":743,"color":"rgb(44,160,44)"}]}
