{"age":[{"age_group":"<20","count":127,"tested":662},{"age_group":"20-29   ","count":175,"tested":1031},{"age_group":"30-39   ","count":141,"tested":757},{"age_group":"40-49   ","count":128,"tested":637},{"age_group":"50-59   ","count":104,"tested":680},{"age_group":"60-69   ","count":74,"tested":423},{"age_group":"70-79   ","count":42,"tested":207},{"age_group":"80+","count":29,"tested":98}],"race":[{"description":"White","count":88,"tested":659,"color":"rgb(31,119,180)"},{"description":"Left Blank","count":308,"tested":2341,"color":"rgb(44,160,44)"},{"description":"Other","count":47,"tested":129,"color":"rgb(148,103,189)"},{"description":"Hispanic","count":244,"tested":980,"color":"rgb(214,39,40)"},{"description":"Black","count":61,"tested":359,"color":"rgb(255,127,14)"}],"gender":[{"description":"Male","count":338,"tested":1983,"color":"rgb(31,119,180)"},{"description":"Female","count":343,"tested":2484,"color":"rgb(255,127,14)"}]}
