{"age":[{"age_group":"<20","count":110,"tested":909},{"age_group":"20-29   ","count":73,"tested":558},{"age_group":"30-39   ","count":108,"tested":568},{"age_group":"40-49   ","count":101,"tested":587},{"age_group":"50-59   ","count":112,"tested":822},{"age_group":"60-69   ","count":68,"tested":587},{"age_group":"70-79   ","count":43,"tested":343},{"age_group":"80+","count":48,"tested":300}],"race":[{"description":"Left Blank","count":147,"tested":1580,"color":"rgb(44,160,44)"},{"description":"White","count":376,"tested":2867,"color":"rgb(31,119,180)"},{"description":"Hispanic","count":36,"tested":108,"color":"rgb(214,39,40)"}],"gender":[{"description":"Male","count":262,"tested":2049,"color":"rgb(31,119,180)"},{"description":"Female","count":287,"tested":2536,"color":"rgb(255,127,14)"}]}
