{"age":[{"age_group":"<20","count":695,"tested":6448},{"age_group":"20-29   ","count":674,"tested":6820},{"age_group":"30-39   ","count":547,"tested":6822},{"age_group":"40-49   ","count":603,"tested":6379},{"age_group":"50-59   ","count":601,"tested":7293},{"age_group":"60-69   ","count":491,"tested":6078},{"age_group":"70-79   ","count":332,"tested":3539},{"age_group":"80+","count":303,"tested":5021}],"race":[{"description":"Black","count":199,"tested":1020,"color":"rgb(255,127,14)"},{"description":"Asian","count":280,"tested":1731,"color":"rgb(140,86,75)"},{"description":"White","count":1842,"tested":23978,"color":"rgb(31,119,180)"},{"description":"Other","count":273,"tested":1148,"color":"rgb(148,103,189)"},{"description":"Left Blank","count":873,"tested":18297,"color":"rgb(44,160,44)"},{"description":"Hispanic","count":452,"tested":2325,"color":"rgb(214,39,40)"}],"gender":[{"description":"Female","count":1645,"tested":26424,"color":"rgb(255,127,14)"},{"description":"Male","count":1607,"tested":20315,"color":"rgb(31,119,180)"},{"description":"Unknown/Left Blank","count":189,"tested":1827,"color":"rgb(44,160,44)"}]}
