{"age":[{"age_group":"<20","count":323,"tested":1372},{"age_group":"20-29   ","count":327,"tested":1375},{"age_group":"30-39   ","count":293,"tested":1294},{"age_group":"40-49   ","count":331,"tested":1352},{"age_group":"50-59   ","count":316,"tested":1470},{"age_group":"60-69   ","count":262,"tested":999},{"age_group":"70-79   ","count":201,"tested":564},{"age_group":"80+","count":178,"tested":270}],"race":[{"description":"Other","count":180,"tested":276,"color":"rgb(148,103,189)"},{"description":"Left Blank","count":515,"tested":3082,"color":"rgb(44,160,44)"},{"description":"White","count":662,"tested":4838,"color":"rgb(31,119,180)"},{"description":"Hispanic","count":219,"tested":351,"color":"rgb(214,39,40)"},{"description":"Black","count":167,"tested":91,"color":"rgb(255,127,14)"}],"gender":[{"description":"Female","count":640,"tested":4719,"color":"rgb(255,127,14)"},{"description":"Unknown/Left Blank","count":167,"tested":60,"color":"rgb(44,160,44)"},{"description":"Male","count":619,"tested":3917,"color":"rgb(31,119,180)"}]}
