{"age":[{"age_group":"<20","count":671,"tested":4967},{"age_group":"20-29   ","count":616,"tested":4857},{"age_group":"30-39   ","count":497,"tested":3836},{"age_group":"40-49   ","count":593,"tested":4403},{"age_group":"50-59   ","count":670,"tested":5740},{"age_group":"60-69   ","count":535,"tested":4977},{"age_group":"70-79   ","count":432,"tested":3183},{"age_group":"80+","count":403,"tested":3347}],"race":[{"description":"Hispanic","count":365,"tested":1198,"color":"rgb(214,39,40)"},{"description":"Asian","count":404,"tested":1571,"color":"rgb(140,86,75)"},{"description":"White","count":1401,"tested":15061,"color":"rgb(31,119,180)"},{"description":"Black","count":292,"tested":324,"color":"rgb(255,127,14)"},{"description":"Other","count":356,"tested":724,"color":"rgb(148,103,189)"},{"description":"Left Blank","count":1042,"tested":16357,"color":"rgb(44,160,44)"}],"gender":[{"description":"Male","count":1377,"tested":15025,"color":"rgb(31,119,180)"},{"description":"Unknown/Left Blank","count":295,"tested":847,"color":"rgb(44,160,44)"},{"description":"Female","count":1365,"tested":19442,"color":"rgb(255,127,14)"}]}
