{"age":[{"age_group":"<20","count":729,"tested":3991},{"age_group":"20-29   ","count":804,"tested":6010},{"age_group":"30-39   ","count":754,"tested":4993},{"age_group":"40-49   ","count":736,"tested":5066},{"age_group":"50-59   ","count":685,"tested":6116},{"age_group":"60-69   ","count":491,"tested":5123},{"age_group":"70-79   ","count":298,"tested":2299},{"age_group":"80+","count":229,"tested":1570}],"race":[{"description":"Black","count":176,"tested":462,"color":"rgb(255,127,14)"},{"description":"Asian","count":273,"tested":856,"color":"rgb(140,86,75)"},{"description":"Hispanic","count":1800,"tested":5409,"color":"rgb(214,39,40)"},{"description":"White","count":995,"tested":7341,"color":"rgb(31,119,180)"},{"description":"Left Blank","count":980,"tested":20247,"color":"rgb(44,160,44)"},{"description":"Other","count":220,"tested":816,"color":"rgb(148,103,189)"}],"gender":[{"description":"Female","count":1929,"tested":19365,"color":"rgb(255,127,14)"},{"description":"Male","count":1961,"tested":15248,"color":"rgb(31,119,180)"},{"description":"Unknown/Left Blank","count":146,"tested":559,"color":"rgb(44,160,44)"}]}
