{"age":[{"age_group":"<20","count":525,"tested":2433},{"age_group":"20-29   ","count":609,"tested":3578},{"age_group":"30-39   ","count":591,"tested":3657},{"age_group":"40-49   ","count":583,"tested":2938},{"age_group":"50-59   ","count":625,"tested":3555},{"age_group":"60-69   ","count":543,"tested":3143},{"age_group":"70-79   ","count":409,"tested":2381},{"age_group":"80+","count":407,"tested":2470}],"race":[{"description":"Black","count":292,"tested":174,"color":"rgb(255,127,14)"},{"description":"Asian","count":301,"tested":176,"color":"rgb(140,86,75)"},{"description":"White","count":1261,"tested":11406,"color":"rgb(31,119,180)"},{"description":"Other","count":317,"tested":305,"color":"rgb(148,103,189)"},{"description":"Left Blank","count":965,"tested":10428,"color":"rgb(44,160,44)"},{"description":"Hispanic","count":595,"tested":1632,"color":"rgb(214,39,40)"}],"gender":[{"description":"Female","count":1325,"tested":13857,"color":"rgb(255,127,14)"},{"description":"Male","count":1284,"tested":9814,"color":"rgb(31,119,180)"},{"description":"Unknown/Left Blank","count":288,"tested":487,"color":"rgb(44,160,44)"}]}
