{"age":[{"age_group":"<20","count":819,"tested":4279},{"age_group":"20-29   ","count":906,"tested":6441},{"age_group":"30-39   ","count":825,"tested":5683},{"age_group":"40-49   ","count":894,"tested":5736},{"age_group":"50-59   ","count":749,"tested":5691},{"age_group":"60-69   ","count":482,"tested":4298},{"age_group":"70-79   ","count":274,"tested":1705},{"age_group":"80+","count":241,"tested":1274}],"race":[{"description":"Hispanic","count":1895,"tested":7800,"color":"rgb(214,39,40)"},{"description":"Asian","count":108,"tested":108,"color":"rgb(140,86,75)"},{"description":"Black","count":914,"tested":8016,"color":"rgb(255,127,14)"},{"description":"White","count":363,"tested":2542,"color":"rgb(31,119,180)"},{"description":"Left Blank","count":1463,"tested":15384,"color":"rgb(44,160,44)"},{"description":"Other","count":241,"tested":1159,"color":"rgb(148,103,189)"}],"gender":[{"description":"Female","count":2390,"tested":20138,"color":"rgb(255,127,14)"},{"description":"Male","count":2146,"tested":14244,"color":"rgb(31,119,180)"},{"description":"Unknown/Left Blank","count":150,"tested":739,"color":"rgb(44,160,44)"}]}
