{"age":[{"age_group":"<20","count":19,"tested":125},{"age_group":"20-29   ","count":27,"tested":239},{"age_group":"30-39   ","count":24,"tested":243},{"age_group":"40-49   ","count":21,"tested":226},{"age_group":"50-59   ","count":23,"tested":338},{"age_group":"60-69   ","count":16,"tested":309},{"age_group":"70-79   ","count":10,"tested":83},{"age_group":"80+","count":9,"tested":81}],"race":[{"description":"Hispanic","count":24,"tested":104,"color":"rgb(214,39,40)"},{"description":"Black","count":80,"tested":1000,"color":"rgb(255,127,14)"},{"description":"Left Blank","count":28,"tested":330,"color":"rgb(44,160,44)"}],"gender":[{"description":"Male","count":56,"tested":540,"color":"rgb(31,119,180)"},{"description":"Female","count":81,"tested":1091,"color":"rgb(255,127,14)"}]}
