{"age":[{"age_group":"<20","count":336,"tested":2887},{"age_group":"20-29   ","count":466,"tested":4276},{"age_group":"30-39   ","count":469,"tested":4979},{"age_group":"40-49   ","count":489,"tested":5379},{"age_group":"50-59   ","count":501,"tested":5339},{"age_group":"60-69   ","count":320,"tested":3817},{"age_group":"70-79   ","count":212,"tested":2265},{"age_group":"80+","count":311,"tested":4614}],"race":[{"description":"Black","count":112,"tested":248,"color":"rgb(255,127,14)"},{"description":"Asian","count":135,"tested":560,"color":"rgb(140,86,75)"},{"description":"White","count":1408,"tested":13056,"color":"rgb(31,119,180)"},{"description":"Hispanic","count":360,"tested":2071,"color":"rgb(214,39,40)"},{"description":"Other","count":221,"tested":1117,"color":"rgb(148,103,189)"},{"description":"Left Blank","count":687,"tested":16448,"color":"rgb(44,160,44)"}],"gender":[{"description":"Female","count":1304,"tested":18878,"color":"rgb(255,127,14)"},{"description":"Male","count":1251,"tested":13913,"color":"rgb(31,119,180)"},{"description":"Unknown/Left Blank","count":110,"tested":769,"color":"rgb(44,160,44)"}]}
