{"age":[{"age_group":"<20","count":45,"tested":414},{"age_group":"20-29   ","count":58,"tested":556},{"age_group":"30-39   ","count":54,"tested":577},{"age_group":"40-49   ","count":53,"tested":643},{"age_group":"50-59   ","count":60,"tested":640},{"age_group":"60-69   ","count":39,"tested":607},{"age_group":"70-79   ","count":41,"tested":385},{"age_group":"80+","count":33,"tested":1218}],"race":[{"description":"Hispanic","count":29,"tested":62,"color":"rgb(214,39,40)"},{"description":"White","count":164,"tested":3308,"color":"rgb(31,119,180)"},{"description":"Left Blank","count":82,"tested":1621,"color":"rgb(44,160,44)"},{"description":"Other","count":28,"tested":31,"color":"rgb(148,103,189)"}],"gender":[{"description":"Female","count":133,"tested":3804,"color":"rgb(255,127,14)"},{"description":"Male","count":126,"tested":1171,"color":"rgb(31,119,180)"}]}
