{"age":[{"age_group":"<20","count":448,"tested":3632},{"age_group":"20-29   ","count":632,"tested":6437},{"age_group":"30-39   ","count":660,"tested":7255},{"age_group":"40-49   ","count":588,"tested":6593},{"age_group":"50-59   ","count":529,"tested":6694},{"age_group":"60-69   ","count":426,"tested":6368},{"age_group":"70-79   ","count":242,"tested":2869},{"age_group":"80+","count":196,"tested":1602}],"race":[{"description":"Black","count":2118,"tested":17775,"color":"rgb(255,127,14)"},{"description":"Hispanic","count":493,"tested":2132,"color":"rgb(214,39,40)"},{"description":"White","count":139,"tested":1068,"color":"rgb(31,119,180)"},{"description":"Asian","count":46,"tested":79,"color":"rgb(140,86,75)"},{"description":"Other","count":115,"tested":854,"color":"rgb(148,103,189)"},{"description":"Left Blank","count":730,"tested":19540,"color":"rgb(44,160,44)"}],"gender":[{"description":"Female","count":1835,"tested":22820,"color":"rgb(255,127,14)"},{"description":"Male","count":1550,"tested":17235,"color":"rgb(31,119,180)"},{"description":"Unknown/Left Blank","count":142,"tested":1423,"color":"rgb(44,160,44)"}]}
