{"age":[{"age_group":"<20","count":313,"tested":2216},{"age_group":"20-29   ","count":291,"tested":2189},{"age_group":"30-39   ","count":309,"tested":2944},{"age_group":"40-49   ","count":351,"tested":2764},{"age_group":"50-59   ","count":259,"tested":2278},{"age_group":"60-69   ","count":217,"tested":2221},{"age_group":"70-79   ","count":108,"tested":1185},{"age_group":"80+","count":101,"tested":1727}],"race":[{"description":"Black","count":94,"tested":319,"color":"rgb(255,127,14)"},{"description":"Asian","count":80,"tested":174,"color":"rgb(140,86,75)"},{"description":"Hispanic","count":345,"tested":1594,"color":"rgb(214,39,40)"},{"description":"White","count":580,"tested":6090,"color":"rgb(31,119,180)"},{"description":"Other","count":149,"tested":821,"color":"rgb(148,103,189)"},{"description":"Left Blank","count":569,"tested":8508,"color":"rgb(44,160,44)"}],"gender":[{"description":"Female","count":806,"tested":9955,"color":"rgb(255,127,14)"},{"description":"Male","count":746,"tested":7228,"color":"rgb(31,119,180)"},{"description":"Unknown/Left Blank","count":72,"tested":345,"color":"rgb(44,160,44)"}]}
