{"age":[{"age_group":"<20","count":2898,"tested":14316},{"age_group":"20-29   ","count":3319,"tested":21169},{"age_group":"30-39   ","count":2880,"tested":15507},{"age_group":"40-49   ","count":2971,"tested":14781},{"age_group":"50-59   ","count":2268,"tested":11621},{"age_group":"60-69   ","count":1396,"tested":7883},{"age_group":"70-79   ","count":652,"tested":3515},{"age_group":"80+","count":420,"tested":1631}],"race":[{"description":"Hispanic","count":9300,"tested":37251,"color":"rgb(214,39,40)"},{"description":"Asian","count":267,"tested":241,"color":"rgb(140,86,75)"},{"description":"Black","count":1140,"tested":7875,"color":"rgb(255,127,14)"},{"description":"White","count":963,"tested":6805,"color":"rgb(31,119,180)"},{"description":"Left Blank","count":3762,"tested":33778,"color":"rgb(44,160,44)"},{"description":"Other","count":840,"tested":4286,"color":"rgb(148,103,189)"},{"description":"AI/AN**","count":275,"tested":173,"color":"rgb(31,119,180)"},{"description":"NH/PI*","count":257,"tested":51,"color":"rgb(127,127,127)"}],"gender":[{"description":"Female","count":7881,"tested":50269,"color":"rgb(255,127,14)"},{"description":"Male","count":7329,"tested":39406,"color":"rgb(31,119,180)"},{"description":"Unknown/Left Blank","count":344,"tested":785,"color":"rgb(44,160,44)"}]}
