{"age":[{"age_group":"<20","count":23,"tested":314},{"age_group":"20-29   ","count":20,"tested":216},{"age_group":"30-39   ","count":18,"tested":219},{"age_group":"40-49   ","count":29,"tested":195},{"age_group":"50-59   ","count":36,"tested":306},{"age_group":"60-69   ","count":25,"tested":236},{"age_group":"70-79   ","count":15,"tested":139},{"age_group":"80+","count":23,"tested":93}],"race":[{"description":"White","count":158,"tested":1099,"color":"rgb(31,119,180)"},{"description":"Left Blank","count":20,"tested":532,"color":"rgb(44,160,44)"}],"gender":[{"description":"Male","count":89,"tested":678,"color":"rgb(31,119,180)"},{"description":"Female","count":100,"tested":1012,"color":"rgb(255,127,14)"}]}
