{"age":[{"age_group":"<20","count":246,"tested":1750},{"age_group":"20-29   ","count":339,"tested":2592},{"age_group":"30-39   ","count":263,"tested":2191},{"age_group":"40-49   ","count":262,"tested":1956},{"age_group":"50-59   ","count":375,"tested":2691},{"age_group":"60-69   ","count":269,"tested":2683},{"age_group":"70-79   ","count":116,"tested":1439},{"age_group":"80+","count":69,"tested":3332}],"race":[{"description":"Other","count":74,"tested":507,"color":"rgb(148,103,189)"},{"description":"Left Blank","count":735,"tested":9008,"color":"rgb(44,160,44)"},{"description":"Hispanic","count":67,"tested":304,"color":"rgb(214,39,40)"},{"description":"White","count":1034,"tested":8569,"color":"rgb(31,119,180)"},{"description":"Asian","count":9,"tested":145,"color":"rgb(140,86,75)"},{"description":"Black","count":19,"tested":100,"color":"rgb(255,127,14)"}],"gender":[{"description":"Male","count":954,"tested":7307,"color":"rgb(31,119,180)"},{"description":"Unknown/Left Blank","count":13,"tested":691,"color":"rgb(44,160,44)"},{"description":"Female","count":972,"tested":10642,"color":"rgb(255,127,14)"}]}
