{"age":[{"age_group":"<20","count":428,"tested":3660},{"age_group":"20-29   ","count":391,"tested":7014},{"age_group":"30-39   ","count":258,"tested":6199},{"age_group":"40-49   ","count":315,"tested":5266},{"age_group":"50-59   ","count":405,"tested":4626},{"age_group":"60-69   ","count":197,"tested":2800},{"age_group":"70-79   ","count":92,"tested":1331},{"age_group":"80+","count":53,"tested":722}],"race":[{"description":"Left Blank","count":926,"tested":22098,"color":"rgb(44,160,44)"},{"description":"Other","count":33,"tested":339,"color":"rgb(148,103,189)"},{"description":"Hispanic","count":69,"tested":494,"color":"rgb(214,39,40)"},{"description":"White","count":1033,"tested":8173,"color":"rgb(31,119,180)"},{"description":"Asian","count":47,"tested":340,"color":"rgb(140,86,75)"},{"description":"Black","count":28,"tested":157,"color":"rgb(255,127,14)"}],"gender":[{"description":"Unknown/Left Blank","count":33,"tested":8009,"color":"rgb(44,160,44)"},{"description":"Male","count":1178,"tested":13383,"color":"rgb(31,119,180)"},{"description":"Female","count":928,"tested":10230,"color":"rgb(255,127,14)"}]}
