{"age":[{"age_group":"<20","count":375,"tested":2950},{"age_group":"20-29   ","count":564,"tested":4065},{"age_group":"30-39   ","count":511,"tested":3845},{"age_group":"40-49   ","count":491,"tested":3640},{"age_group":"50-59   ","count":519,"tested":3950},{"age_group":"60-69   ","count":243,"tested":2542},{"age_group":"70-79   ","count":134,"tested":1460},{"age_group":"80+","count":49,"tested":634}],"race":[{"description":"Asian","count":14,"tested":148,"color":"rgb(140,86,75)"},{"description":"Hispanic","count":240,"tested":962,"color":"rgb(214,39,40)"},{"description":"Black","count":109,"tested":647,"color":"rgb(255,127,14)"},{"description":"Other","count":92,"tested":832,"color":"rgb(148,103,189)"},{"description":"Left Blank","count":1100,"tested":11027,"color":"rgb(44,160,44)"},{"description":"White","count":1320,"tested":9411,"color":"rgb(31,119,180)"},{"description":"AI/AN**","count":11,"tested":48,"color":"rgb(31,119,180)"}],"gender":[{"description":"Female","count":1397,"tested":12832,"color":"rgb(255,127,14)"},{"description":"Male","count":1457,"tested":9933,"color":"rgb(31,119,180)"},{"description":"Unknown/Left Blank","count":32,"tested":325,"color":"rgb(44,160,44)"}]}
