{"age":[{"age_group":"<20","count":42,"tested":206},{"age_group":"20-29   ","count":36,"tested":329},{"age_group":"30-39   ","count":31,"tested":346},{"age_group":"40-49   ","count":40,"tested":250},{"age_group":"50-59   ","count":49,"tested":428},{"age_group":"60-69   ","count":24,"tested":387},{"age_group":"70-79   ","count":13,"tested":189},{"age_group":"80+","count":6,"tested":107}],"race":[{"description":"White","count":145,"tested":1201,"color":"rgb(31,119,180)"},{"description":"Hispanic","count":17,"tested":85,"color":"rgb(214,39,40)"},{"description":"Black","count":6,"tested":58,"color":"rgb(255,127,14)"},{"description":"Left Blank","count":70,"tested":792,"color":"rgb(44,160,44)"}],"gender":[{"description":"Female","count":117,"tested":1229,"color":"rgb(255,127,14)"},{"description":"Male","count":122,"tested":989,"color":"rgb(31,119,180)"}]}
