{"age":[{"age_group":"<20","count":17,"tested":180},{"age_group":"20-29   ","count":20,"tested":186},{"age_group":"30-39   ","count":18,"tested":205},{"age_group":"40-49   ","count":16,"tested":144},{"age_group":"50-59   ","count":7,"tested":124},{"age_group":"60-69   ","count":7,"tested":141}],"race":[{"description":"Left Blank","count":26,"tested":364,"color":"rgb(44,160,44)"},{"description":"Hispanic","count":14,"tested":66,"color":"rgb(214,39,40)"},{"description":"White","count":50,"tested":611,"color":"rgb(31,119,180)"}],"gender":[{"description":"Male","count":42,"tested":470,"color":"rgb(31,119,180)"},{"description":"Female","count":52,"tested":600,"color":"rgb(255,127,14)"}]}
