{"age":[{"age_group":"<20","count":110,"tested":566},{"age_group":"20-29   ","count":138,"tested":1112},{"age_group":"30-39   ","count":129,"tested":1024},{"age_group":"40-49   ","count":96,"tested":840},{"age_group":"50-59   ","count":115,"tested":976},{"age_group":"60-69   ","count":74,"tested":998},{"age_group":"70-79   ","count":39,"tested":371},{"age_group":"80+","count":16,"tested":189}],"race":[{"description":"Black","count":19,"tested":166,"color":"rgb(255,127,14)"},{"description":"Asian","count":16,"tested":119,"color":"rgb(140,86,75)"},{"description":"Other","count":43,"tested":274,"color":"rgb(148,103,189)"},{"description":"Left Blank","count":325,"tested":2885,"color":"rgb(44,160,44)"},{"description":"White","count":240,"tested":2218,"color":"rgb(31,119,180)"},{"description":"Hispanic","count":71,"tested":398,"color":"rgb(214,39,40)"}],"gender":[{"description":"Female","count":405,"tested":3404,"color":"rgb(255,127,14)"},{"description":"Male","count":311,"tested":2579,"color":"rgb(31,119,180)"}]}
