{"age":[{"age_group":"<20","count":111,"tested":928},{"age_group":"20-29   ","count":131,"tested":1157},{"age_group":"30-39   ","count":108,"tested":1277},{"age_group":"40-49   ","count":127,"tested":1201},{"age_group":"50-59   ","count":101,"tested":1640},{"age_group":"60-69   ","count":81,"tested":1041},{"age_group":"70-79   ","count":48,"tested":521},{"age_group":"80+","count":16,"tested":174}],"race":[{"description":"White","count":237,"tested":2526,"color":"rgb(31,119,180)"},{"description":"Left Blank","count":193,"tested":2699,"color":"rgb(44,160,44)"},{"description":"Hispanic","count":147,"tested":909,"color":"rgb(214,39,40)"},{"description":"Other","count":45,"tested":370,"color":"rgb(148,103,189)"},{"description":"Black","count":58,"tested":784,"color":"rgb(255,127,14)"},{"description":"Asian","count":42,"tested":559,"color":"rgb(140,86,75)"}],"gender":[{"description":"Male","count":344,"tested":3468,"color":"rgb(31,119,180)"},{"description":"Female","count":372,"tested":4397,"color":"rgb(255,127,14)"}]}
