{"age":[{"age_group":"<20","count":585,"tested":4184},{"age_group":"20-29   ","count":815,"tested":7070},{"age_group":"30-39   ","count":838,"tested":6777},{"age_group":"40-49   ","count":750,"tested":6000},{"age_group":"50-59   ","count":651,"tested":6615},{"age_group":"60-69   ","count":437,"tested":5552},{"age_group":"70-79   ","count":254,"tested":3676},{"age_group":"80+","count":215,"tested":4191}],"race":[{"description":"Hispanic","count":1174,"tested":4768,"color":"rgb(214,39,40)"},{"description":"Left Blank","count":1279,"tested":18437,"color":"rgb(44,160,44)"},{"description":"White","count":1360,"tested":13339,"color":"rgb(31,119,180)"},{"description":"Black","count":457,"tested":4531,"color":"rgb(255,127,14)"},{"description":"Asian","count":49,"tested":332,"color":"rgb(140,86,75)"},{"description":"Other","count":197,"tested":2524,"color":"rgb(148,103,189)"},{"description":"AI/AN**","count":27,"tested":130,"color":"rgb(31,119,180)"}],"gender":[{"description":"Female","count":2424,"tested":25625,"color":"rgb(255,127,14)"},{"description":"Male","count":2088,"tested":17698,"color":"rgb(31,119,180)"},{"description":"Unknown/Left Blank","count":33,"tested":750,"color":"rgb(44,160,44)"}]}
