{"age":[{"age_group":"<20","count":82,"tested":423},{"age_group":"20-29   ","count":162,"tested":1384},{"age_group":"30-39   ","count":136,"tested":1279},{"age_group":"40-49   ","count":102,"tested":1220},{"age_group":"50-59   ","count":120,"tested":1503},{"age_group":"60-69   ","count":116,"tested":1436},{"age_group":"70-79   ","count":69,"tested":987},{"age_group":"80+","count":94,"tested":1157}],"race":[{"description":"White","count":327,"tested":3880,"color":"rgb(31,119,180)"},{"description":"Left Blank","count":367,"tested":3330,"color":"rgb(44,160,44)"},{"description":"Other","count":13,"tested":156,"color":"rgb(148,103,189)"},{"description":"Hispanic","count":107,"tested":544,"color":"rgb(214,39,40)"},{"description":"Black","count":62,"tested":1427,"color":"rgb(255,127,14)"}],"gender":[{"description":"Male","count":386,"tested":3235,"color":"rgb(31,119,180)"},{"description":"Unknown/Left Blank","count":12,"tested":208,"color":"rgb(44,160,44)"},{"description":"Female","count":483,"tested":5946,"color":"rgb(255,127,14)"}]}
