{"age":[{"age_group":"<20","count":11,"tested":384},{"age_group":"20-29   ","count":102,"tested":1877},{"age_group":"30-39   ","count":69,"tested":1518},{"age_group":"40-49   ","count":25,"tested":666},{"age_group":"50-59   ","count":21,"tested":636},{"age_group":"60-69   ","count":13,"tested":481},{"age_group":"70-79   ","count":12,"tested":280}],"race":[{"description":"White","count":82,"tested":1326,"color":"rgb(31,119,180)"},{"description":"Left Blank","count":104,"tested":3234,"color":"rgb(44,160,44)"},{"description":"Other","count":7,"tested":224,"color":"rgb(148,103,189)"},{"description":"Black","count":25,"tested":584,"color":"rgb(255,127,14)"},{"description":"Hispanic","count":26,"tested":196,"color":"rgb(214,39,40)"},{"description":"Asian","count":13,"tested":413,"color":"rgb(140,86,75)"}],"gender":[{"description":"Male","count":149,"tested":3447,"color":"rgb(31,119,180)"},{"description":"Female","count":105,"tested":2462,"color":"rgb(255,127,14)"}]}
