{"age":[{"age_group":"<20","count":287,"tested":2142},{"age_group":"20-29   ","count":415,"tested":4051},{"age_group":"30-39   ","count":328,"tested":3717},{"age_group":"40-49   ","count":379,"tested":3301},{"age_group":"50-59   ","count":374,"tested":4058},{"age_group":"60-69   ","count":338,"tested":3937},{"age_group":"70-79   ","count":177,"tested":2416},{"age_group":"80+","count":167,"tested":3269}],"race":[{"description":"Left Blank","count":861,"tested":14844,"color":"rgb(44,160,44)"},{"description":"Other","count":89,"tested":635,"color":"rgb(148,103,189)"},{"description":"White","count":1082,"tested":8531,"color":"rgb(31,119,180)"},{"description":"Black","count":25,"tested":337,"color":"rgb(255,127,14)"},{"description":"Asian","count":124,"tested":1131,"color":"rgb(140,86,75)"},{"description":"Hispanic","count":276,"tested":1385,"color":"rgb(214,39,40)"},{"description":"NH/PI*","count":6,"tested":35,"color":"rgb(127,127,127)"}],"gender":[{"description":"Female","count":1275,"tested":15542,"color":"rgb(255,127,14)"},{"description":"Male","count":1180,"tested":10944,"color":"rgb(31,119,180)"},{"description":"Unknown/Left Blank","count":10,"tested":424,"color":"rgb(44,160,44)"}]}
