{"age":[{"age_group":"<20","count":13,"tested":200},{"age_group":"20-29   ","count":28,"tested":173},{"age_group":"30-39   ","count":21,"tested":207},{"age_group":"40-49   ","count":18,"tested":141},{"age_group":"50-59   ","count":28,"tested":216},{"age_group":"60-69   ","count":7,"tested":98}],"race":[{"description":"Left Blank","count":29,"tested":376,"color":"rgb(44,160,44)"},{"description":"Other","count":12,"tested":65,"color":"rgb(148,103,189)"},{"description":"White","count":81,"tested":636,"color":"rgb(31,119,180)"}],"gender":[{"description":"Male","count":66,"tested":455,"color":"rgb(31,119,180)"},{"description":"Female","count":57,"tested":628,"color":"rgb(255,127,14)"}]}
