{"age":[{"age_group":"<20","count":31,"tested":208},{"age_group":"20-29   ","count":36,"tested":302},{"age_group":"30-39   ","count":24,"tested":180},{"age_group":"40-49   ","count":18,"tested":154},{"age_group":"50-59   ","count":43,"tested":387},{"age_group":"60-69   ","count":31,"tested":284},{"age_group":"70-79   ","count":12,"tested":200}],"race":[{"description":"Left Blank","count":67,"tested":784,"color":"rgb(44,160,44)"},{"description":"White","count":107,"tested":804,"color":"rgb(31,119,180)"},{"description":"Asian","count":12,"tested":78,"color":"rgb(140,86,75)"},{"description":"Hispanic","count":8,"tested":52,"color":"rgb(214,39,40)"}],"gender":[{"description":"Male","count":105,"tested":850,"color":"rgb(31,119,180)"},{"description":"Female","count":95,"tested":899,"color":"rgb(255,127,14)"}]}
