{"age":[{"age_group":"<20","count":412,"tested":5367},{"age_group":"20-29   ","count":480,"tested":7429},{"age_group":"30-39   ","count":461,"tested":7609},{"age_group":"40-49   ","count":349,"tested":6550},{"age_group":"50-59   ","count":332,"tested":7091},{"age_group":"60-69   ","count":233,"tested":6776},{"age_group":"70-79   ","count":143,"tested":4158},{"age_group":"80+","count":167,"tested":4957}],"race":[{"description":"Asian","count":187,"tested":3311,"color":"rgb(140,86,75)"},{"description":"Black","count":206,"tested":2666,"color":"rgb(255,127,14)"},{"description":"Hispanic","count":373,"tested":2359,"color":"rgb(214,39,40)"},{"description":"Left Blank","count":482,"tested":26147,"color":"rgb(44,160,44)"},{"description":"NH/PI*","count":6,"tested":42,"color":"rgb(127,127,127)"},{"description":"Other","count":70,"tested":1346,"color":"rgb(148,103,189)"},{"description":"White","count":1253,"tested":14069,"color":"rgb(31,119,180)"}],"gender":[{"description":"Female","count":1338,"tested":30362,"color":"rgb(255,127,14)"},{"description":"Male","count":1228,"tested":18872,"color":"rgb(31,119,180)"}]}
