{"age":[{"age_group":"<20","count":673,"tested":7010},{"age_group":"20-29   ","count":744,"tested":7572},{"age_group":"30-39   ","count":577,"tested":5924},{"age_group":"40-49   ","count":567,"tested":5200},{"age_group":"50-59   ","count":428,"tested":5182},{"age_group":"60-69   ","count":335,"tested":3653},{"age_group":"70-79   ","count":180,"tested":2257},{"age_group":"80+","count":81,"tested":926}],"race":[{"description":"Asian","count":94,"tested":558,"color":"rgb(140,86,75)"},{"description":"Black","count":438,"tested":3088,"color":"rgb(255,127,14)"},{"description":"Hispanic","count":969,"tested":4123,"color":"rgb(214,39,40)"},{"description":"Left Blank","count":375,"tested":16033,"color":"rgb(44,160,44)"},{"description":"Other","count":82,"tested":876,"color":"rgb(148,103,189)"},{"description":"White","count":1617,"tested":12994,"color":"rgb(31,119,180)"}],"gender":[{"description":"Female","count":1926,"tested":21985,"color":"rgb(255,127,14)"},{"description":"Male","count":1645,"tested":15312,"color":"rgb(31,119,180)"},{"description":"Unknown/Left Blank","count":14,"tested":428,"color":"rgb(44,160,44)"}]}
