{"age":[{"age_group":"<20","count":15,"tested":132},{"age_group":"20-29   ","count":26,"tested":209},{"age_group":"30-39   ","count":12,"tested":136},{"age_group":"40-49   ","count":12,"tested":177},{"age_group":"50-59   ","count":16,"tested":275},{"age_group":"60-69   ","count":10,"tested":144}],"race":[{"description":"Left Blank","count":24,"tested":406,"color":"rgb(44,160,44)"},{"description":"White","count":70,"tested":639,"color":"rgb(31,119,180)"}],"gender":[{"description":"Female","count":48,"tested":675,"color":"rgb(255,127,14)"},{"description":"Male","count":48,"tested":387,"color":"rgb(31,119,180)"}]}
