{"age":[{"age_group":"<20","count":1123,"tested":18312},{"age_group":"20-29   ","count":1556,"tested":28249},{"age_group":"30-39   ","count":1661,"tested":32470},{"age_group":"40-49   ","count":1387,"tested":21890},{"age_group":"50-59   ","count":1070,"tested":19414},{"age_group":"60-69   ","count":738,"tested":15956},{"age_group":"70-79   ","count":359,"tested":8741},{"age_group":"80+","count":222,"tested":6169}],"race":[{"description":"AI/AN**","count":23,"tested":221,"color":"rgb(31,119,180)"},{"description":"Asian","count":692,"tested":10418,"color":"rgb(140,86,75)"},{"description":"Black","count":251,"tested":6746,"color":"rgb(255,127,14)"},{"description":"Hispanic","count":2710,"tested":20249,"color":"rgb(214,39,40)"},{"description":"Left Blank","count":1984,"tested":62660,"color":"rgb(44,160,44)"},{"description":"NH/PI*","count":18,"tested":395,"color":"rgb(127,127,127)"},{"description":"Other","count":507,"tested":7213,"color":"rgb(148,103,189)"},{"description":"White","count":1931,"tested":43416,"color":"rgb(31,119,180)"}],"gender":[{"description":"Female","count":3975,"tested":79372,"color":"rgb(255,127,14)"},{"description":"Male","count":4031,"tested":67582,"color":"rgb(31,119,180)"},{"description":"Unknown/Left Blank","count":110,"tested":4364,"color":"rgb(44,160,44)"}]}
