{"age":[{"age_group":"<20","count":27,"tested":376},{"age_group":"20-29   ","count":32,"tested":465},{"age_group":"30-39   ","count":25,"tested":269},{"age_group":"40-49   ","count":30,"tested":320},{"age_group":"50-59   ","count":24,"tested":384},{"age_group":"60-69   ","count":21,"tested":279},{"age_group":"70-79   ","count":11,"tested":161}],"race":[{"description":"Left Blank","count":25,"tested":557,"color":"rgb(44,160,44)"},{"description":"White","count":140,"tested":1630,"color":"rgb(31,119,180)"}],"gender":[{"description":"Female","count":94,"tested":1255,"color":"rgb(255,127,14)"},{"description":"Male","count":80,"tested":1000,"color":"rgb(31,119,180)"}]}
