{"age":[{"age_group":"<20","count":735,"tested":6556},{"age_group":"20-29   ","count":342,"tested":4504},{"age_group":"30-39   ","count":359,"tested":4212},{"age_group":"40-49   ","count":280,"tested":3704},{"age_group":"50-59   ","count":280,"tested":4163},{"age_group":"60-69   ","count":196,"tested":3567},{"age_group":"70-79   ","count":110,"tested":2988},{"age_group":"80+","count":156,"tested":6486}],"race":[{"description":"AI/AN**","count":7,"tested":116,"color":"rgb(31,119,180)"},{"description":"Asian","count":244,"tested":3956,"color":"rgb(140,86,75)"},{"description":"Black","count":19,"tested":563,"color":"rgb(255,127,14)"},{"description":"Hispanic","count":91,"tested":1170,"color":"rgb(214,39,40)"},{"description":"Left Blank","count":1173,"tested":19540,"color":"rgb(44,160,44)"},{"description":"Other","count":288,"tested":2008,"color":"rgb(148,103,189)"},{"description":"White","count":633,"tested":9045,"color":"rgb(31,119,180)"}],"gender":[{"description":"Female","count":1210,"tested":20338,"color":"rgb(255,127,14)"},{"description":"Male","count":1226,"tested":15711,"color":"rgb(31,119,180)"},{"description":"Unknown/Left Blank","count":23,"tested":386,"color":"rgb(44,160,44)"}]}
