{"age":[{"age_group":"<20","count":81,"tested":632},{"age_group":"20-29   ","count":51,"tested":610},{"age_group":"30-39   ","count":68,"tested":1009},{"age_group":"40-49   ","count":57,"tested":816},{"age_group":"50-59   ","count":68,"tested":970},{"age_group":"60-69   ","count":58,"tested":996},{"age_group":"70-79   ","count":42,"tested":931},{"age_group":"80+","count":61,"tested":1834}],"race":[{"description":"Hispanic","count":13,"tested":96,"color":"rgb(214,39,40)"},{"description":"Left Blank","count":197,"tested":3395,"color":"rgb(44,160,44)"},{"description":"White","count":270,"tested":4127,"color":"rgb(31,119,180)"}],"gender":[{"description":"Female","count":283,"tested":5193,"color":"rgb(255,127,14)"},{"description":"Male","count":202,"tested":2542,"color":"rgb(31,119,180)"}]}
