{"age":[{"age_group":"<20","count":549,"tested":8354},{"age_group":"20-29   ","count":354,"tested":4501},{"age_group":"30-39   ","count":337,"tested":4472},{"age_group":"40-49   ","count":479,"tested":5983},{"age_group":"50-59   ","count":408,"tested":5965},{"age_group":"60-69   ","count":236,"tested":4920},{"age_group":"70-79   ","count":289,"tested":6140},{"age_group":"80+","count":203,"tested":5903}],"race":[{"description":"Asian","count":70,"tested":1413,"color":"rgb(140,86,75)"},{"description":"Black","count":38,"tested":839,"color":"rgb(255,127,14)"},{"description":"Hispanic","count":244,"tested":2456,"color":"rgb(214,39,40)"},{"description":"Left Blank","count":559,"tested":15520,"color":"rgb(44,160,44)"},{"description":"Other","count":53,"tested":521,"color":"rgb(148,103,189)"},{"description":"White","count":1884,"tested":25321,"color":"rgb(31,119,180)"}],"gender":[{"description":"Female","count":1472,"tested":26307,"color":"rgb(255,127,14)"},{"description":"Male","count":1372,"tested":19255,"color":"rgb(31,119,180)"}]}
