{"age":[{"age_group":"<20","count":697,"tested":22375},{"age_group":"20-29   ","count":830,"tested":12744},{"age_group":"30-39   ","count":770,"tested":12886},{"age_group":"40-49   ","count":715,"tested":10544},{"age_group":"50-59   ","count":705,"tested":11072},{"age_group":"60-69   ","count":526,"tested":10653},{"age_group":"70-79   ","count":220,"tested":5884},{"age_group":"80+","count":247,"tested":9768}],"race":[{"description":"AI/AN**","count":11,"tested":165,"color":"rgb(31,119,180)"},{"description":"Asian","count":308,"tested":6316,"color":"rgb(140,86,75)"},{"description":"Black","count":67,"tested":1339,"color":"rgb(255,127,14)"},{"description":"Hispanic","count":1645,"tested":21497,"color":"rgb(214,39,40)"},{"description":"Left Blank","count":991,"tested":42993,"color":"rgb(44,160,44)"},{"description":"Other","count":254,"tested":2454,"color":"rgb(148,103,189)"},{"description":"White","count":1429,"tested":21185,"color":"rgb(31,119,180)"}],"gender":[{"description":"Female","count":2408,"tested":56178,"color":"rgb(255,127,14)"},{"description":"Male","count":2276,"tested":38351,"color":"rgb(31,119,180)"},{"description":"Unknown/Left Blank","count":26,"tested":1500,"color":"rgb(44,160,44)"}]}
