{"age":[{"age_group":"<20","count":355,"tested":3928},{"age_group":"20-29   ","count":269,"tested":3057},{"age_group":"30-39   ","count":263,"tested":2567},{"age_group":"40-49   ","count":301,"tested":2934},{"age_group":"50-59   ","count":263,"tested":3014},{"age_group":"60-69   ","count":164,"tested":2021},{"age_group":"70-79   ","count":72,"tested":1195},{"age_group":"80+","count":28,"tested":573}],"race":[{"description":"Asian","count":11,"tested":148,"color":"rgb(140,86,75)"},{"description":"Black","count":9,"tested":281,"color":"rgb(255,127,14)"},{"description":"Hispanic","count":123,"tested":998,"color":"rgb(214,39,40)"},{"description":"Left Blank","count":481,"tested":5234,"color":"rgb(44,160,44)"},{"description":"Other","count":38,"tested":608,"color":"rgb(148,103,189)"},{"description":"White","count":1052,"tested":11983,"color":"rgb(31,119,180)"}],"gender":[{"description":"Female","count":876,"tested":10312,"color":"rgb(255,127,14)"},{"description":"Male","count":832,"tested":8777,"color":"rgb(31,119,180)"}]}
