{"age":[{"age_group":"<20","count":494,"tested":6905},{"age_group":"20-29   ","count":517,"tested":6086},{"age_group":"30-39   ","count":476,"tested":5959},{"age_group":"40-49   ","count":415,"tested":5092},{"age_group":"50-59   ","count":418,"tested":5211},{"age_group":"60-69   ","count":358,"tested":4812},{"age_group":"70-79   ","count":179,"tested":2740},{"age_group":"80+","count":199,"tested":3775}],"race":[{"description":"Asian","count":12,"tested":223,"color":"rgb(140,86,75)"},{"description":"Black","count":106,"tested":1193,"color":"rgb(255,127,14)"},{"description":"Hispanic","count":300,"tested":2466,"color":"rgb(214,39,40)"},{"description":"Left Blank","count":704,"tested":19573,"color":"rgb(44,160,44)"},{"description":"Other","count":228,"tested":1249,"color":"rgb(148,103,189)"},{"description":"White","count":1705,"tested":16009,"color":"rgb(31,119,180)"}],"gender":[{"description":"Female","count":1655,"tested":24177,"color":"rgb(255,127,14)"},{"description":"Male","count":1349,"tested":14108,"color":"rgb(31,119,180)"},{"description":"Unknown/Left Blank","count":53,"tested":2462,"color":"rgb(44,160,44)"}]}
