{"age":[{"age_group":"<20","count":678,"tested":9631},{"age_group":"20-29   ","count":756,"tested":10338},{"age_group":"30-39   ","count":592,"tested":10188},{"age_group":"40-49   ","count":542,"tested":8979},{"age_group":"50-59   ","count":523,"tested":9168},{"age_group":"60-69   ","count":438,"tested":8632},{"age_group":"70-79   ","count":285,"tested":6706},{"age_group":"80+","count":331,"tested":8869}],"race":[{"description":"AI/AN**","count":6,"tested":47,"color":"rgb(31,119,180)"},{"description":"Asian","count":116,"tested":1662,"color":"rgb(140,86,75)"},{"description":"Black","count":426,"tested":4007,"color":"rgb(255,127,14)"},{"description":"Hispanic","count":614,"tested":3396,"color":"rgb(214,39,40)"},{"description":"Left Blank","count":431,"tested":38353,"color":"rgb(44,160,44)"},{"description":"Other","count":71,"tested":1726,"color":"rgb(148,103,189)"},{"description":"White","count":2478,"tested":23476,"color":"rgb(31,119,180)"}],"gender":[{"description":"Female","count":2210,"tested":44324,"color":"rgb(255,127,14)"},{"description":"Male","count":1925,"tested":26694,"color":"rgb(31,119,180)"},{"description":"Unknown/Left Blank","count":11,"tested":1673,"color":"rgb(44,160,44)"}]}
