{"age":[{"age_group":"<20","count":32,"tested":419},{"age_group":"20-29   ","count":30,"tested":448},{"age_group":"30-39   ","count":32,"tested":695},{"age_group":"40-49   ","count":34,"tested":486},{"age_group":"50-59   ","count":31,"tested":437},{"age_group":"60-69   ","count":28,"tested":308},{"age_group":"70-79   ","count":11,"tested":156}],"race":[{"description":"Left Blank","count":38,"tested":999,"color":"rgb(44,160,44)"},{"description":"White","count":152,"tested":1890,"color":"rgb(31,119,180)"}],"gender":[{"description":"Female","count":108,"tested":1866,"color":"rgb(255,127,14)"},{"description":"Male","count":96,"tested":1106,"color":"rgb(31,119,180)"}]}
