{"age":[{"age_group":"<20","count":440,"tested":5111},{"age_group":"20-29   ","count":407,"tested":5137},{"age_group":"30-39   ","count":407,"tested":5833},{"age_group":"40-49   ","count":373,"tested":5841},{"age_group":"50-59   ","count":342,"tested":6529},{"age_group":"60-69   ","count":244,"tested":6257},{"age_group":"70-79   ","count":105,"tested":3695},{"age_group":"80+","count":86,"tested":3634}],"race":[{"description":"Asian","count":13,"tested":218,"color":"rgb(140,86,75)"},{"description":"Black","count":385,"tested":5082,"color":"rgb(255,127,14)"},{"description":"Hispanic","count":293,"tested":2364,"color":"rgb(214,39,40)"},{"description":"Left Blank","count":910,"tested":24440,"color":"rgb(44,160,44)"},{"description":"Other","count":175,"tested":1869,"color":"rgb(148,103,189)"},{"description":"White","count":624,"tested":8016,"color":"rgb(31,119,180)"}],"gender":[{"description":"Female","count":1241,"tested":25104,"color":"rgb(255,127,14)"},{"description":"Male","count":1153,"tested":16551,"color":"rgb(31,119,180)"}]}
