{"age":[{"age_group":"<20","count":1291,"tested":13367},{"age_group":"20-29   ","count":1182,"tested":13313},{"age_group":"30-39   ","count":980,"tested":11662},{"age_group":"40-49   ","count":1158,"tested":12506},{"age_group":"50-59   ","count":1035,"tested":12193},{"age_group":"60-69   ","count":379,"tested":5272},{"age_group":"70-79   ","count":138,"tested":2675},{"age_group":"80+","count":57,"tested":981}],"race":[{"description":"AI/AN**","count":9,"tested":101,"color":"rgb(31,119,180)"},{"description":"Asian","count":76,"tested":1472,"color":"rgb(140,86,75)"},{"description":"Black","count":474,"tested":5615,"color":"rgb(255,127,14)"},{"description":"Hispanic","count":1180,"tested":8691,"color":"rgb(214,39,40)"},{"description":"Left Blank","count":1817,"tested":25745,"color":"rgb(44,160,44)"},{"description":"Other","count":238,"tested":2808,"color":"rgb(148,103,189)"},{"description":"White","count":2423,"tested":27402,"color":"rgb(31,119,180)"}],"gender":[{"description":"Female","count":3255,"tested":39860,"color":"rgb(255,127,14)"},{"description":"Male","count":2943,"tested":31069,"color":"rgb(31,119,180)"},{"description":"Unknown/Left Blank","count":22,"tested":1043,"color":"rgb(44,160,44)"}]}
