{"age":[{"age_group":"<20","count":17,"tested":771},{"age_group":"20-29   ","count":18,"tested":899},{"age_group":"30-39   ","count":17,"tested":925},{"age_group":"40-49   ","count":18,"tested":651},{"age_group":"50-59   ","count":24,"tested":858},{"age_group":"60-69   ","count":15,"tested":765},{"age_group":"70-79   ","count":10,"tested":977},{"age_group":"80+","count":27,"tested":4522}],"race":[{"description":"Left Blank","count":24,"tested":5116,"color":"rgb(44,160,44)"},{"description":"White","count":118,"tested":5099,"color":"rgb(31,119,180)"}],"gender":[{"description":"Female","count":88,"tested":7953,"color":"rgb(255,127,14)"},{"description":"Male","count":57,"tested":2388,"color":"rgb(31,119,180)"}]}
