{"age":[{"age_group":"<20","count":866,"tested":14594},{"age_group":"20-29   ","count":681,"tested":8796},{"age_group":"30-39   ","count":701,"tested":8749},{"age_group":"40-49   ","count":766,"tested":8944},{"age_group":"50-59   ","count":669,"tested":8291},{"age_group":"60-69   ","count":305,"tested":4835},{"age_group":"70-79   ","count":165,"tested":3047},{"age_group":"80+","count":144,"tested":2630}],"race":[{"description":"Asian","count":100,"tested":1383,"color":"rgb(140,86,75)"},{"description":"Black","count":280,"tested":3607,"color":"rgb(255,127,14)"},{"description":"Hispanic","count":711,"tested":5825,"color":"rgb(214,39,40)"},{"description":"Left Blank","count":1101,"tested":22060,"color":"rgb(44,160,44)"},{"description":"Other","count":131,"tested":1816,"color":"rgb(148,103,189)"},{"description":"White","count":1969,"tested":25100,"color":"rgb(31,119,180)"}],"gender":[{"description":"Female","count":2228,"tested":32647,"color":"rgb(255,127,14)"},{"description":"Male","count":2052,"tested":26145,"color":"rgb(31,119,180)"},{"description":"Unknown/Left Blank","count":17,"tested":1095,"color":"rgb(44,160,44)"}]}
