{"age":[{"age_group":"<20","count":56,"tested":774},{"age_group":"20-29   ","count":29,"tested":379},{"age_group":"30-39   ","count":26,"tested":274},{"age_group":"40-49   ","count":32,"tested":375},{"age_group":"50-59   ","count":25,"tested":358},{"age_group":"60-69   ","count":34,"tested":430},{"age_group":"70-79   ","count":16,"tested":350}],"race":[{"description":"Left Blank","count":33,"tested":653,"color":"rgb(44,160,44)"},{"description":"White","count":182,"tested":2342,"color":"rgb(31,119,180)"}],"gender":[{"description":"Female","count":105,"tested":1758,"color":"rgb(255,127,14)"},{"description":"Male","count":114,"tested":1354,"color":"rgb(31,119,180)"}]}
