{"age":[{"age_group":"<20","count":31,"tested":446},{"age_group":"20-29   ","count":19,"tested":177},{"age_group":"30-39   ","count":24,"tested":273},{"age_group":"40-49   ","count":26,"tested":284},{"age_group":"50-59   ","count":35,"tested":327},{"age_group":"60-69   ","count":28,"tested":204},{"age_group":"70-79   ","count":13,"tested":137}],"race":[{"description":"Left Blank","count":80,"tested":848,"color":"rgb(44,160,44)"},{"description":"White","count":97,"tested":1027,"color":"rgb(31,119,180)"}],"gender":[{"description":"Female","count":83,"tested":1021,"color":"rgb(255,127,14)"},{"description":"Male","count":98,"tested":879,"color":"rgb(31,119,180)"}]}
