{"age":[{"age_group":"<20","count":15,"tested":415},{"age_group":"20-29   ","count":43,"tested":1072},{"age_group":"30-39   ","count":17,"tested":711},{"age_group":"40-49   ","count":16,"tested":655},{"age_group":"50-59   ","count":15,"tested":648},{"age_group":"60-69   ","count":10,"tested":611},{"age_group":"70-79   ","count":9,"tested":316}],"race":[{"description":"Asian","count":10,"tested":359,"color":"rgb(140,86,75)"},{"description":"Black","count":16,"tested":467,"color":"rgb(255,127,14)"},{"description":"Hispanic","count":15,"tested":387,"color":"rgb(214,39,40)"},{"description":"Left Blank","count":31,"tested":1665,"color":"rgb(44,160,44)"},{"description":"Other","count":7,"tested":268,"color":"rgb(148,103,189)"},{"description":"White","count":46,"tested":1402,"color":"rgb(31,119,180)"}],"gender":[{"description":"Female","count":61,"tested":2267,"color":"rgb(255,127,14)"},{"description":"Male","count":63,"tested":2157,"color":"rgb(31,119,180)"}]}
