{"age":[{"age_group":"<20","count":266,"tested":9673},{"age_group":"20-29   ","count":871,"tested":32858},{"age_group":"30-39   ","count":889,"tested":23723},{"age_group":"40-49   ","count":385,"tested":9840},{"age_group":"50-59   ","count":336,"tested":6204},{"age_group":"60-69   ","count":198,"tested":4229},{"age_group":"70-79   ","count":64,"tested":1465},{"age_group":"80+","count":25,"tested":607}],"race":[{"description":"Asian","count":224,"tested":13951,"color":"rgb(140,86,75)"},{"description":"Black","count":531,"tested":8820,"color":"rgb(255,127,14)"},{"description":"Hispanic","count":254,"tested":5365,"color":"rgb(214,39,40)"},{"description":"Left Blank","count":783,"tested":27138,"color":"rgb(44,160,44)"},{"description":"Other","count":169,"tested":5563,"color":"rgb(148,103,189)"},{"description":"White","count":1067,"tested":27563,"color":"rgb(31,119,180)"}],"gender":[{"description":"Female","count":1401,"tested":43772,"color":"rgb(255,127,14)"},{"description":"Male","count":1564,"tested":41058,"color":"rgb(31,119,180)"},{"description":"Unknown/Left Blank","count":69,"tested":3787,"color":"rgb(44,160,44)"}]}
