{"age":[{"age_group":"<20","count":446,"tested":6027},{"age_group":"20-29   ","count":517,"tested":9851},{"age_group":"30-39   ","count":570,"tested":12923},{"age_group":"40-49   ","count":486,"tested":12659},{"age_group":"50-59   ","count":423,"tested":9489},{"age_group":"60-69   ","count":305,"tested":6336},{"age_group":"70-79   ","count":184,"tested":3338},{"age_group":"80+","count":155,"tested":2918}],"race":[{"description":"Asian","count":42,"tested":404,"color":"rgb(140,86,75)"},{"description":"Black","count":344,"tested":2897,"color":"rgb(255,127,14)"},{"description":"Hispanic","count":398,"tested":2525,"color":"rgb(214,39,40)"},{"description":"Left Blank","count":1114,"tested":44465,"color":"rgb(44,160,44)"},{"description":"Other","count":90,"tested":1112,"color":"rgb(148,103,189)"},{"description":"White","count":1092,"tested":13635,"color":"rgb(31,119,180)"}],"gender":[{"description":"Female","count":1455,"tested":23417,"color":"rgb(255,127,14)"},{"description":"Male","count":1620,"tested":31357,"color":"rgb(31,119,180)"},{"description":"Unknown/Left Blank","count":11,"tested":10308,"color":"rgb(44,160,44)"}]}
