{"age":[{"age_group":"<20","count":58,"tested":460},{"age_group":"20-29   ","count":42,"tested":451},{"age_group":"30-39   ","count":33,"tested":400},{"age_group":"40-49   ","count":31,"tested":344},{"age_group":"50-59   ","count":48,"tested":601},{"age_group":"60-69   ","count":52,"tested":590},{"age_group":"70-79   ","count":27,"tested":358},{"age_group":"80+","count":13,"tested":166}],"race":[{"description":"Black","count":9,"tested":40,"color":"rgb(255,127,14)"},{"description":"Hispanic","count":7,"tested":69,"color":"rgb(214,39,40)"},{"description":"Left Blank","count":21,"tested":437,"color":"rgb(44,160,44)"},{"description":"White","count":263,"tested":2767,"color":"rgb(31,119,180)"}],"gender":[{"description":"Female","count":163,"tested":2160,"color":"rgb(255,127,14)"},{"description":"Male","count":141,"tested":1176,"color":"rgb(31,119,180)"}]}
