{"age":[{"age_group":"<20","count":542,"tested":4932},{"age_group":"20-29   ","count":444,"tested":4437},{"age_group":"30-39   ","count":410,"tested":3762},{"age_group":"40-49   ","count":378,"tested":3919},{"age_group":"50-59   ","count":364,"tested":3518},{"age_group":"60-69   ","count":242,"tested":2700},{"age_group":"70-79   ","count":108,"tested":1303},{"age_group":"80+","count":50,"tested":895}],"race":[{"description":"AI/AN**","count":8,"tested":22,"color":"rgb(31,119,180)"},{"description":"Black","count":663,"tested":5230,"color":"rgb(255,127,14)"},{"description":"Hispanic","count":793,"tested":3394,"color":"rgb(214,39,40)"},{"description":"Left Blank","count":259,"tested":10120,"color":"rgb(44,160,44)"},{"description":"Other","count":43,"tested":472,"color":"rgb(148,103,189)"},{"description":"White","count":769,"tested":6136,"color":"rgb(31,119,180)"}],"gender":[{"description":"Female","count":1325,"tested":14690,"color":"rgb(255,127,14)"},{"description":"Male","count":1190,"tested":10147,"color":"rgb(31,119,180)"},{"description":"Unknown/Left Blank","count":23,"tested":629,"color":"rgb(44,160,44)"}]}
