{"age":[{"age_group":"<20","count":924,"tested":12352},{"age_group":"20-29   ","count":1186,"tested":14951},{"age_group":"30-39   ","count":1175,"tested":18422},{"age_group":"40-49   ","count":1035,"tested":13932},{"age_group":"50-59   ","count":945,"tested":12748},{"age_group":"60-69   ","count":646,"tested":10903},{"age_group":"70-79   ","count":308,"tested":5718},{"age_group":"80+","count":216,"tested":4395}],"race":[{"description":"AI/AN**","count":12,"tested":139,"color":"rgb(31,119,180)"},{"description":"Asian","count":521,"tested":6533,"color":"rgb(140,86,75)"},{"description":"Black","count":90,"tested":1513,"color":"rgb(255,127,14)"},{"description":"Hispanic","count":1944,"tested":15939,"color":"rgb(214,39,40)"},{"description":"Left Blank","count":1261,"tested":33126,"color":"rgb(44,160,44)"},{"description":"NH/PI*","count":26,"tested":270,"color":"rgb(127,127,127)"},{"description":"Other","count":383,"tested":4957,"color":"rgb(148,103,189)"},{"description":"White","count":2198,"tested":30967,"color":"rgb(31,119,180)"}],"gender":[{"description":"Female","count":3184,"tested":50664,"color":"rgb(255,127,14)"},{"description":"Male","count":3199,"tested":41116,"color":"rgb(31,119,180)"},{"description":"Unknown/Left Blank","count":52,"tested":1664,"color":"rgb(44,160,44)"}]}
