{"age":[{"age_group":"<20","count":125,"tested":1129},{"age_group":"20-29   ","count":153,"tested":1996},{"age_group":"30-39   ","count":114,"tested":2074},{"age_group":"40-49   ","count":109,"tested":1827},{"age_group":"50-59   ","count":141,"tested":2527},{"age_group":"60-69   ","count":131,"tested":2537},{"age_group":"70-79   ","count":83,"tested":1424},{"age_group":"80+","count":29,"tested":660}],"race":[{"description":"Black","count":49,"tested":1377,"color":"rgb(255,127,14)"},{"description":"Hispanic","count":124,"tested":811,"color":"rgb(214,39,40)"},{"description":"Left Blank","count":203,"tested":3542,"color":"rgb(44,160,44)"},{"description":"Other","count":20,"tested":316,"color":"rgb(148,103,189)"},{"description":"White","count":485,"tested":8082,"color":"rgb(31,119,180)"}],"gender":[{"description":"Female","count":421,"tested":8222,"color":"rgb(255,127,14)"},{"description":"Male","count":458,"tested":5836,"color":"rgb(31,119,180)"}]}
