{"age":[{"age_group":"<20","count":241,"tested":3146},{"age_group":"20-29   ","count":329,"tested":3847},{"age_group":"30-39   ","count":240,"tested":3466},{"age_group":"40-49   ","count":227,"tested":2620},{"age_group":"50-59   ","count":293,"tested":3629},{"age_group":"60-69   ","count":178,"tested":2841},{"age_group":"70-79   ","count":86,"tested":1534},{"age_group":"80+","count":40,"tested":801}],"race":[{"description":"Asian","count":41,"tested":705,"color":"rgb(140,86,75)"},{"description":"Black","count":63,"tested":597,"color":"rgb(255,127,14)"},{"description":"Hispanic","count":244,"tested":1778,"color":"rgb(214,39,40)"},{"description":"Left Blank","count":446,"tested":8298,"color":"rgb(44,160,44)"},{"description":"Other","count":33,"tested":435,"color":"rgb(148,103,189)"},{"description":"White","count":805,"tested":10051,"color":"rgb(31,119,180)"}],"gender":[{"description":"Female","count":843,"tested":12248,"color":"rgb(255,127,14)"},{"description":"Male","count":790,"tested":9459,"color":"rgb(31,119,180)"}]}
