{"age":[{"age_group":"<20","count":19,"tested":248},{"age_group":"20-29   ","count":29,"tested":307},{"age_group":"30-39   ","count":18,"tested":287},{"age_group":"40-49   ","count":13,"tested":158},{"age_group":"50-59   ","count":38,"tested":256},{"age_group":"60-69   ","count":21,"tested":213},{"age_group":"70-79   ","count":10,"tested":147}],"race":[{"description":"Hispanic","count":20,"tested":82,"color":"rgb(214,39,40)"},{"description":"Left Blank","count":37,"tested":581,"color":"rgb(44,160,44)"},{"description":"White","count":92,"tested":983,"color":"rgb(31,119,180)"}],"gender":[{"description":"Female","count":75,"tested":880,"color":"rgb(255,127,14)"},{"description":"Male","count":73,"tested":820,"color":"rgb(31,119,180)"}]}
