{"age":[{"age_group":"<20","count":11,"tested":219},{"age_group":"20-29   ","count":14,"tested":134},{"age_group":"30-39   ","count":13,"tested":140},{"age_group":"40-49   ","count":22,"tested":136},{"age_group":"50-59   ","count":21,"tested":176},{"age_group":"60-69   ","count":18,"tested":154},{"age_group":"70-79   ","count":10,"tested":106}],"race":[{"description":"White","count":69,"tested":760,"color":"rgb(31,119,180)"},{"description":"Left Blank","count":18,"tested":304,"color":"rgb(44,160,44)"}],"gender":[{"description":"Male","count":38,"tested":442,"color":"rgb(31,119,180)"},{"description":"Female","count":52,"tested":660,"color":"rgb(255,127,14)"}]}
