{"age":[{"age_group":"<20","count":33,"tested":373},{"age_group":"20-29   ","count":51,"tested":430},{"age_group":"30-39   ","count":38,"tested":484},{"age_group":"40-49   ","count":36,"tested":357},{"age_group":"50-59   ","count":31,"tested":309},{"age_group":"60-69   ","count":14,"tested":208}],"race":[{"description":"White","count":86,"tested":870,"color":"rgb(31,119,180)"},{"description":"Left Blank","count":41,"tested":1080,"color":"rgb(44,160,44)"},{"description":"Black","count":19,"tested":97,"color":"rgb(255,127,14)"},{"description":"Hispanic","count":58,"tested":194,"color":"rgb(214,39,40)"}],"gender":[{"description":"Male","count":100,"tested":919,"color":"rgb(31,119,180)"},{"description":"Female","count":103,"tested":1370,"color":"rgb(255,127,14)"}]}
