{"age":[{"age_group":"<20","count":92,"tested":1269},{"age_group":"20-29   ","count":722,"tested":10074},{"age_group":"30-39   ","count":387,"tested":6269},{"age_group":"40-49   ","count":165,"tested":2239},{"age_group":"50-59   ","count":149,"tested":2639},{"age_group":"60-69   ","count":128,"tested":2813},{"age_group":"70-79   ","count":115,"tested":2776},{"age_group":"80+","count":82,"tested":2005}],"race":[{"description":"Hispanic","count":113,"tested":499,"color":"rgb(214,39,40)"},{"description":"Asian","count":69,"tested":646,"color":"rgb(140,86,75)"},{"description":"Left Blank","count":541,"tested":15669,"color":"rgb(44,160,44)"},{"description":"White","count":681,"tested":9767,"color":"rgb(31,119,180)"},{"description":"Other","count":104,"tested":937,"color":"rgb(148,103,189)"},{"description":"Black","count":249,"tested":2544,"color":"rgb(255,127,14)"}],"gender":[{"description":"Unknown/Left Blank","count":48,"tested":534,"color":"rgb(44,160,44)"},{"description":"Male","count":734,"tested":12411,"color":"rgb(31,119,180)"},{"description":"Female","count":853,"tested":17144,"color":"rgb(255,127,14)"}]}
