{"age":[{"age_group":"<20","count":152,"tested":1626},{"age_group":"20-29   ","count":185,"tested":1856},{"age_group":"30-39   ","count":150,"tested":2007},{"age_group":"40-49   ","count":126,"tested":1506},{"age_group":"50-59   ","count":140,"tested":1897},{"age_group":"60-69   ","count":137,"tested":1984},{"age_group":"70-79   ","count":53,"tested":1271},{"age_group":"80+","count":55,"tested":1337}],"race":[{"description":"Hispanic","count":77,"tested":254,"color":"rgb(214,39,40)"},{"description":"Asian","count":43,"tested":234,"color":"rgb(140,86,75)"},{"description":"Left Blank","count":346,"tested":7540,"color":"rgb(44,160,44)"},{"description":"White","count":384,"tested":4864,"color":"rgb(31,119,180)"},{"description":"Black","count":51,"tested":290,"color":"rgb(255,127,14)"},{"description":"Other","count":48,"tested":324,"color":"rgb(148,103,189)"}],"gender":[{"description":"Unknown/Left Blank","count":31,"tested":253,"color":"rgb(44,160,44)"},{"description":"Male","count":401,"tested":5776,"color":"rgb(31,119,180)"},{"description":"Female","count":446,"tested":7484,"color":"rgb(255,127,14)"}]}
