{"age":[{"age_group":"<20","count":373,"tested":2452},{"age_group":"20-29   ","count":607,"tested":4928},{"age_group":"30-39   ","count":507,"tested":5104},{"age_group":"40-49   ","count":479,"tested":4359},{"age_group":"50-59   ","count":520,"tested":5123},{"age_group":"60-69   ","count":346,"tested":4939},{"age_group":"70-79   ","count":221,"tested":2856},{"age_group":"80+","count":224,"tested":2601}],"race":[{"description":"Asian","count":71,"tested":554,"color":"rgb(140,86,75)"},{"description":"Hispanic","count":476,"tested":2353,"color":"rgb(214,39,40)"},{"description":"Black","count":257,"tested":4258,"color":"rgb(255,127,14)"},{"description":"White","count":845,"tested":9405,"color":"rgb(31,119,180)"},{"description":"Left Blank","count":1343,"tested":14817,"color":"rgb(44,160,44)"},{"description":"Other","count":196,"tested":929,"color":"rgb(148,103,189)"}],"gender":[{"description":"Male","count":1423,"tested":13183,"color":"rgb(31,119,180)"},{"description":"Unknown/Left Blank","count":69,"tested":721,"color":"rgb(44,160,44)"},{"description":"Female","count":1582,"tested":18468,"color":"rgb(255,127,14)"}]}
