{"age":[{"age_group":"<20","count":120,"tested":1303},{"age_group":"20-29   ","count":303,"tested":5458},{"age_group":"30-39   ","count":300,"tested":5908},{"age_group":"40-49   ","count":187,"tested":3546},{"age_group":"50-59   ","count":233,"tested":3859},{"age_group":"60-69   ","count":162,"tested":2928},{"age_group":"70-79   ","count":87,"tested":1583},{"age_group":"80+","count":54,"tested":675}],"race":[{"description":"Hispanic","count":276,"tested":1517,"color":"rgb(214,39,40)"},{"description":"Left Blank","count":356,"tested":13777,"color":"rgb(44,160,44)"},{"description":"Other","count":110,"tested":1021,"color":"rgb(148,103,189)"},{"description":"Black","count":151,"tested":1504,"color":"rgb(255,127,14)"},{"description":"Asian","count":83,"tested":861,"color":"rgb(140,86,75)"},{"description":"White","count":428,"tested":6549,"color":"rgb(31,119,180)"}],"gender":[{"description":"Female","count":596,"tested":13128,"color":"rgb(255,127,14)"},{"description":"Male","count":724,"tested":11075,"color":"rgb(31,119,180)"},{"description":"Unknown/Left Blank","count":26,"tested":1084,"color":"rgb(44,160,44)"}]}
