{"age":[{"age_group":"<20","count":7,"tested":90},{"age_group":"30-39   ","count":12,"tested":111},{"age_group":"50-59   ","count":8,"tested":117},{"age_group":"60-69   ","count":10,"tested":103}],"race":[{"description":"White","count":30,"tested":428,"color":"rgb(31,119,180)"},{"description":"Left Blank","count":10,"tested":254,"color":"rgb(44,160,44)"}],"gender":[{"description":"Female","count":22,"tested":408,"color":"rgb(255,127,14)"},{"description":"Male","count":20,"tested":297,"color":"rgb(31,119,180)"}]}
