{"age":[{"age_group":"<20","count":155,"tested":1355},{"age_group":"20-29   ","count":165,"tested":1701},{"age_group":"30-39   ","count":142,"tested":1677},{"age_group":"40-49   ","count":147,"tested":1522},{"age_group":"50-59   ","count":154,"tested":1603},{"age_group":"60-69   ","count":89,"tested":1244},{"age_group":"70-79   ","count":61,"tested":953},{"age_group":"80+","count":37,"tested":479}],"race":[{"description":"White","count":511,"tested":5057,"color":"rgb(31,119,180)"},{"description":"Left Blank","count":208,"tested":4644,"color":"rgb(44,160,44)"},{"description":"Hispanic","count":99,"tested":417,"color":"rgb(214,39,40)"},{"description":"Asian","count":33,"tested":93,"color":"rgb(140,86,75)"},{"description":"Black","count":42,"tested":202,"color":"rgb(255,127,14)"},{"description":"Other","count":24,"tested":107,"color":"rgb(148,103,189)"}],"gender":[{"description":"Male","count":412,"tested":4469,"color":"rgb(31,119,180)"},{"description":"Female","count":440,"tested":6022,"color":"rgb(255,127,14)"}]}
