{"age":[{"age_group":"<20","count":529,"tested":4044},{"age_group":"20-29   ","count":1063,"tested":14663},{"age_group":"30-39   ","count":886,"tested":12094},{"age_group":"40-49   ","count":741,"tested":7160},{"age_group":"50-59   ","count":622,"tested":5458},{"age_group":"60-69   ","count":390,"tested":4440},{"age_group":"70-79   ","count":186,"tested":1959},{"age_group":"80+","count":94,"tested":1130}],"race":[{"description":"Left Blank","count":650,"tested":14881,"color":"rgb(44,160,44)"},{"description":"Other","count":171,"tested":2305,"color":"rgb(148,103,189)"},{"description":"Hispanic","count":2642,"tested":16448,"color":"rgb(214,39,40)"},{"description":"Asian","count":85,"tested":1858,"color":"rgb(140,86,75)"},{"description":"White","count":464,"tested":9327,"color":"rgb(31,119,180)"},{"description":"Black","count":462,"tested":6026,"color":"rgb(255,127,14)"}],"gender":[{"description":"Unknown/Left Blank","count":65,"tested":1508,"color":"rgb(44,160,44)"},{"description":"Male","count":2317,"tested":24589,"color":"rgb(31,119,180)"},{"description":"Female","count":2054,"tested":24869,"color":"rgb(255,127,14)"}]}
