{"age":[{"age_group":"<20","count":271,"tested":3051},{"age_group":"20-29   ","count":329,"tested":3892},{"age_group":"30-39   ","count":225,"tested":3767},{"age_group":"40-49   ","count":226,"tested":3313},{"age_group":"50-59   ","count":260,"tested":4707},{"age_group":"60-69   ","count":200,"tested":3997},{"age_group":"70-79   ","count":118,"tested":2432},{"age_group":"80+","count":117,"tested":2656}],"race":[{"description":"Left Blank","count":469,"tested":11212,"color":"rgb(44,160,44)"},{"description":"White","count":741,"tested":12071,"color":"rgb(31,119,180)"},{"description":"Other","count":80,"tested":447,"color":"rgb(148,103,189)"},{"description":"Asian","count":108,"tested":1821,"color":"rgb(140,86,75)"},{"description":"Black","count":65,"tested":410,"color":"rgb(255,127,14)"},{"description":"Hispanic","count":211,"tested":1807,"color":"rgb(214,39,40)"}],"gender":[{"description":"Female","count":799,"tested":16096,"color":"rgb(255,127,14)"},{"description":"Unknown/Left Blank","count":47,"tested":1350,"color":"rgb(44,160,44)"},{"description":"Male","count":735,"tested":10380,"color":"rgb(31,119,180)"}]}
