{"age":[{"age_group":"<20","count":22,"tested":144},{"age_group":"20-29   ","count":15,"tested":122},{"age_group":"30-39   ","count":14,"tested":152},{"age_group":"40-49   ","count":22,"tested":100},{"age_group":"50-59   ","count":14,"tested":147},{"age_group":"60-69   ","count":17,"tested":164}],"race":[{"description":"Other","count":9,"tested":24,"color":"rgb(148,103,189)"},{"description":"Left Blank","count":14,"tested":155,"color":"rgb(44,160,44)"},{"description":"White","count":75,"tested":737,"color":"rgb(31,119,180)"}],"gender":[{"description":"Female","count":55,"tested":609,"color":"rgb(255,127,14)"},{"description":"Male","count":42,"tested":326,"color":"rgb(31,119,180)"}]}
