{"age":[{"age_group":"<20","count":162,"tested":1650},{"age_group":"20-29   ","count":93,"tested":954},{"age_group":"30-39   ","count":70,"tested":715},{"age_group":"40-49   ","count":88,"tested":875},{"age_group":"50-59   ","count":102,"tested":1169},{"age_group":"60-69   ","count":58,"tested":964},{"age_group":"70-79   ","count":34,"tested":583},{"age_group":"80+","count":30,"tested":343}],"race":[{"description":"Other","count":36,"tested":243,"color":"rgb(148,103,189)"},{"description":"Left Blank","count":238,"tested":3612,"color":"rgb(44,160,44)"},{"description":"White","count":248,"tested":3248,"color":"rgb(31,119,180)"},{"description":"Hispanic","count":30,"tested":91,"color":"rgb(214,39,40)"}],"gender":[{"description":"Male","count":257,"tested":3378,"color":"rgb(31,119,180)"},{"description":"Female","count":254,"tested":3815,"color":"rgb(255,127,14)"}]}
