{"age":[{"age_group":"<20","count":112,"tested":851},{"age_group":"20-29   ","count":100,"tested":728},{"age_group":"30-39   ","count":104,"tested":650},{"age_group":"40-49   ","count":101,"tested":651},{"age_group":"50-59   ","count":132,"tested":728},{"age_group":"60-69   ","count":110,"tested":667},{"age_group":"70-79   ","count":61,"tested":368},{"age_group":"80+","count":24,"tested":177}],"race":[{"description":"Left Blank","count":108,"tested":1224,"color":"rgb(44,160,44)"},{"description":"Hispanic","count":53,"tested":205,"color":"rgb(214,39,40)"},{"description":"White","count":480,"tested":2821,"color":"rgb(31,119,180)"},{"description":"Black","count":34,"tested":367,"color":"rgb(255,127,14)"},{"description":"Other","count":51,"tested":199,"color":"rgb(148,103,189)"}],"gender":[{"description":"Female","count":383,"tested":2806,"color":"rgb(255,127,14)"},{"description":"Male","count":326,"tested":1946,"color":"rgb(31,119,180)"}]}
