{"age":[{"age_group":"<20","count":167,"tested":965},{"age_group":"20-29   ","count":216,"tested":1579},{"age_group":"30-39   ","count":177,"tested":1393},{"age_group":"40-49   ","count":179,"tested":1187},{"age_group":"50-59   ","count":204,"tested":1551},{"age_group":"60-69   ","count":169,"tested":1673},{"age_group":"70-79   ","count":92,"tested":854},{"age_group":"80+","count":74,"tested":1524}],"race":[{"description":"Other","count":77,"tested":260,"color":"rgb(148,103,189)"},{"description":"Left Blank","count":451,"tested":6030,"color":"rgb(44,160,44)"},{"description":"Black","count":50,"tested":60,"color":"rgb(255,127,14)"},{"description":"Hispanic","count":57,"tested":135,"color":"rgb(214,39,40)"},{"description":"White","count":530,"tested":4174,"color":"rgb(31,119,180)"}],"gender":[{"description":"Male","count":508,"tested":4107,"color":"rgb(31,119,180)"},{"description":"Female","count":549,"tested":6032,"color":"rgb(255,127,14)"}]}
