{"age":[{"age_group":"<20","count":204,"tested":2513},{"age_group":"20-29   ","count":221,"tested":2576},{"age_group":"30-39   ","count":140,"tested":2202},{"age_group":"40-49   ","count":137,"tested":1864},{"age_group":"50-59   ","count":155,"tested":2200},{"age_group":"60-69   ","count":119,"tested":2329},{"age_group":"70-79   ","count":72,"tested":1392},{"age_group":"80+","count":34,"tested":958}],"race":[{"description":"Other","count":36,"tested":304,"color":"rgb(148,103,189)"},{"description":"Black","count":49,"tested":347,"color":"rgb(255,127,14)"},{"description":"Asian","count":51,"tested":401,"color":"rgb(140,86,75)"},{"description":"Left Blank","count":316,"tested":8439,"color":"rgb(44,160,44)"},{"description":"White","count":527,"tested":6221,"color":"rgb(31,119,180)"},{"description":"Hispanic","count":66,"tested":313,"color":"rgb(214,39,40)"}],"gender":[{"description":"Unknown/Left Blank","count":24,"tested":144,"color":"rgb(44,160,44)"},{"description":"Female","count":511,"tested":9054,"color":"rgb(255,127,14)"},{"description":"Male","count":457,"tested":6839,"color":"rgb(31,119,180)"}]}
