{"age":[{"age_group":"<20","count":85,"tested":1029},{"age_group":"20-29   ","count":84,"tested":1274},{"age_group":"30-39   ","count":70,"tested":852},{"age_group":"40-49   ","count":75,"tested":1573},{"age_group":"50-59   ","count":95,"tested":1488},{"age_group":"60-69   ","count":68,"tested":1226},{"age_group":"70-79   ","count":65,"tested":783},{"age_group":"80+","count":91,"tested":739}],"race":[{"description":"Other","count":61,"tested":354,"color":"rgb(148,103,189)"},{"description":"Left Blank","count":88,"tested":3198,"color":"rgb(44,160,44)"},{"description":"Asian","count":58,"tested":367,"color":"rgb(140,86,75)"},{"description":"Black","count":56,"tested":160,"color":"rgb(255,127,14)"},{"description":"Hispanic","count":71,"tested":746,"color":"rgb(214,39,40)"},{"description":"White","count":220,"tested":4091,"color":"rgb(31,119,180)"}],"gender":[{"description":"Female","count":205,"tested":4610,"color":"rgb(255,127,14)"},{"description":"Male","count":192,"tested":4224,"color":"rgb(31,119,180)"}]}
