{"age":[{"age_group":"<20","count":15,"tested":129},{"age_group":"20-29   ","count":12,"tested":154},{"age_group":"30-39   ","count":16,"tested":136},{"age_group":"40-49   ","count":21,"tested":124},{"age_group":"50-59   ","count":10,"tested":178},{"age_group":"60-69   ","count":11,"tested":211}],"race":[{"description":"Left Blank","count":23,"tested":283,"color":"rgb(44,160,44)"},{"description":"White","count":48,"tested":723,"color":"rgb(31,119,180)"}],"gender":[{"description":"Male","count":41,"tested":443,"color":"rgb(31,119,180)"},{"description":"Female","count":38,"tested":595,"color":"rgb(255,127,14)"}]}
