{"age":[{"age_group":"<20","count":174,"tested":1753},{"age_group":"20-29   ","count":215,"tested":2306},{"age_group":"30-39   ","count":182,"tested":2035},{"age_group":"40-49   ","count":169,"tested":2174},{"age_group":"50-59   ","count":203,"tested":2501},{"age_group":"60-69   ","count":171,"tested":2771},{"age_group":"70-79   ","count":119,"tested":2615},{"age_group":"80+","count":131,"tested":3547}],"race":[{"description":"Left Blank","count":426,"tested":9734,"color":"rgb(44,160,44)"},{"description":"Other","count":92,"tested":1040,"color":"rgb(148,103,189)"},{"description":"Black","count":86,"tested":1174,"color":"rgb(255,127,14)"},{"description":"White","count":531,"tested":6511,"color":"rgb(31,119,180)"},{"description":"Asian","count":91,"tested":760,"color":"rgb(140,86,75)"},{"description":"Hispanic","count":86,"tested":445,"color":"rgb(214,39,40)"}],"gender":[{"description":"Female","count":650,"tested":11528,"color":"rgb(255,127,14)"},{"description":"Male","count":559,"tested":7832,"color":"rgb(31,119,180)"},{"description":"Unknown/Left Blank","count":35,"tested":347,"color":"rgb(44,160,44)"}]}
