{"age":[{"age_group":"<20","count":88,"tested":1059},{"age_group":"20-29   ","count":113,"tested":1521},{"age_group":"30-39   ","count":121,"tested":1502},{"age_group":"40-49   ","count":140,"tested":1610},{"age_group":"50-59   ","count":132,"tested":1856},{"age_group":"60-69   ","count":87,"tested":1712},{"age_group":"70-79   ","count":70,"tested":1162},{"age_group":"80+","count":74,"tested":709}],"race":[{"description":"Black","count":287,"tested":2922,"color":"rgb(255,127,14)"},{"description":"Hispanic","count":47,"tested":260,"color":"rgb(214,39,40)"},{"description":"Other","count":24,"tested":220,"color":"rgb(148,103,189)"},{"description":"Left Blank","count":277,"tested":5046,"color":"rgb(44,160,44)"},{"description":"White","count":163,"tested":2602,"color":"rgb(31,119,180)"}],"gender":[{"description":"Male","count":341,"tested":4521,"color":"rgb(31,119,180)"},{"description":"Female","count":437,"tested":6362,"color":"rgb(255,127,14)"}]}
