{"age":[{"age_group":"<20","count":13,"tested":90},{"age_group":"20-29   ","count":13,"tested":227},{"age_group":"30-39   ","count":11,"tested":158},{"age_group":"40-49   ","count":13,"tested":98},{"age_group":"50-59   ","count":7,"tested":134}],"race":[{"description":"White","count":10,"tested":224,"color":"rgb(31,119,180)"},{"description":"Left Blank","count":24,"tested":330,"color":"rgb(44,160,44)"},{"description":"Other","count":7,"tested":42,"color":"rgb(148,103,189)"},{"description":"Black","count":13,"tested":161,"color":"rgb(255,127,14)"},{"description":"Hispanic","count":8,"tested":95,"color":"rgb(214,39,40)"}],"gender":[{"description":"Male","count":28,"tested":481,"color":"rgb(31,119,180)"},{"description":"Female","count":32,"tested":402,"color":"rgb(255,127,14)"}]}
