{"age":[{"age_group":"<20","count":41,"tested":227},{"age_group":"20-29   ","count":41,"tested":164},{"age_group":"30-39   ","count":43,"tested":124},{"age_group":"40-49   ","count":45,"tested":99},{"age_group":"50-59   ","count":41,"tested":85},{"age_group":"60-69   ","count":44,"tested":119}],"race":[{"description":"Hispanic","count":61,"tested":191,"color":"rgb(214,39,40)"},{"description":"White","count":56,"tested":502,"color":"rgb(31,119,180)"}],"gender":[{"description":"Male","count":60,"tested":452,"color":"rgb(31,119,180)"},{"description":"Female","count":63,"tested":488,"color":"rgb(255,127,14)"}]}
