{"age":[{"age_group":"<20","count":141,"tested":702},{"age_group":"20-29   ","count":203,"tested":1110},{"age_group":"30-39   ","count":163,"tested":893},{"age_group":"40-49   ","count":163,"tested":821},{"age_group":"50-59   ","count":103,"tested":667},{"age_group":"60-69   ","count":70,"tested":566},{"age_group":"70-79   ","count":33,"tested":267},{"age_group":"80+","count":27,"tested":193}],"race":[{"description":"Hispanic","count":413,"tested":1398,"color":"rgb(214,39,40)"},{"description":"Black","count":38,"tested":313,"color":"rgb(255,127,14)"},{"description":"Left Blank","count":218,"tested":1953,"color":"rgb(44,160,44)"},{"description":"White","count":124,"tested":1074,"color":"rgb(31,119,180)"},{"description":"Other","count":76,"tested":442,"color":"rgb(148,103,189)"}],"gender":[{"description":"Male","count":396,"tested":2284,"color":"rgb(31,119,180)"},{"description":"Female","count":445,"tested":2901,"color":"rgb(255,127,14)"}]}
