{"age":[{"age_group":"<20","count":63,"tested":432},{"age_group":"20-29   ","count":103,"tested":973},{"age_group":"30-39   ","count":80,"tested":891},{"age_group":"40-49   ","count":75,"tested":793},{"age_group":"50-59   ","count":62,"tested":895},{"age_group":"60-69   ","count":55,"tested":807},{"age_group":"70-79   ","count":21,"tested":452},{"age_group":"80+","count":13,"tested":191}],"race":[{"description":"Other","count":39,"tested":307,"color":"rgb(148,103,189)"},{"description":"White","count":165,"tested":1569,"color":"rgb(31,119,180)"},{"description":"Asian","count":15,"tested":75,"color":"rgb(140,86,75)"},{"description":"Hispanic","count":44,"tested":258,"color":"rgb(214,39,40)"},{"description":"Left Blank","count":202,"tested":3065,"color":"rgb(44,160,44)"},{"description":"Black","count":7,"tested":156,"color":"rgb(255,127,14)"}],"gender":[{"description":"Female","count":242,"tested":2735,"color":"rgb(255,127,14)"},{"description":"Male","count":228,"tested":2185,"color":"rgb(31,119,180)"}]}
