{"age":[{"age_group":"<20","count":86,"tested":1538},{"age_group":"20-29   ","count":176,"tested":2324},{"age_group":"30-39   ","count":162,"tested":2912},{"age_group":"40-49   ","count":137,"tested":3030},{"age_group":"50-59   ","count":181,"tested":3107},{"age_group":"60-69   ","count":93,"tested":2258},{"age_group":"70-79   ","count":58,"tested":1216},{"age_group":"80+","count":102,"tested":2048}],"race":[{"description":"Black","count":12,"tested":140,"color":"rgb(255,127,14)"},{"description":"White","count":582,"tested":7489,"color":"rgb(31,119,180)"},{"description":"Asian","count":20,"tested":225,"color":"rgb(140,86,75)"},{"description":"Hispanic","count":114,"tested":1053,"color":"rgb(214,39,40)"},{"description":"Other","count":48,"tested":675,"color":"rgb(148,103,189)"},{"description":"Left Blank","count":216,"tested":8808,"color":"rgb(44,160,44)"}],"gender":[{"description":"Female","count":506,"tested":9997,"color":"rgb(255,127,14)"},{"description":"Male","count":481,"tested":7953,"color":"rgb(31,119,180)"},{"description":"Unknown/Left Blank","count":8,"tested":487,"color":"rgb(44,160,44)"}]}
