{"age":[{"age_group":"<20","count":96,"tested":759},{"age_group":"20-29   ","count":141,"tested":1374},{"age_group":"30-39   ","count":105,"tested":1192},{"age_group":"40-49   ","count":106,"tested":1024},{"age_group":"50-59   ","count":118,"tested":1304},{"age_group":"60-69   ","count":92,"tested":1454},{"age_group":"70-79   ","count":44,"tested":744},{"age_group":"80+","count":23,"tested":1243}],"race":[{"description":"Other","count":30,"tested":225,"color":"rgb(148,103,189)"},{"description":"Left Blank","count":304,"tested":5241,"color":"rgb(44,160,44)"},{"description":"Black","count":14,"tested":51,"color":"rgb(255,127,14)"},{"description":"Hispanic","count":17,"tested":109,"color":"rgb(214,39,40)"},{"description":"White","count":355,"tested":3406,"color":"rgb(31,119,180)"}],"gender":[{"description":"Male","count":360,"tested":3486,"color":"rgb(31,119,180)"},{"description":"Female","count":362,"tested":5071,"color":"rgb(255,127,14)"}]}
