{"age":[{"age_group":"<20","count":58,"tested":690},{"age_group":"20-29   ","count":127,"tested":1367},{"age_group":"30-39   ","count":103,"tested":988},{"age_group":"40-49   ","count":115,"tested":1211},{"age_group":"50-59   ","count":102,"tested":1147},{"age_group":"60-69   ","count":47,"tested":871},{"age_group":"70-79   ","count":28,"tested":869},{"age_group":"80+","count":25,"tested":660}],"race":[{"description":"Other","count":15,"tested":416,"color":"rgb(148,103,189)"},{"description":"Black","count":105,"tested":821,"color":"rgb(255,127,14)"},{"description":"White","count":157,"tested":2818,"color":"rgb(31,119,180)"},{"description":"Asian","count":19,"tested":131,"color":"rgb(140,86,75)"},{"description":"Left Blank","count":181,"tested":2884,"color":"rgb(44,160,44)"},{"description":"Hispanic","count":127,"tested":719,"color":"rgb(214,39,40)"}],"gender":[{"description":"Female","count":304,"tested":4481,"color":"rgb(255,127,14)"},{"description":"Male","count":296,"tested":3245,"color":"rgb(31,119,180)"}]}
