{"age":[{"age_group":"20-29   ","count":11,"tested":115},{"age_group":"30-39   ","count":10,"tested":80},{"age_group":"40-49   ","count":7,"tested":89},{"age_group":"50-59   ","count":8,"tested":118}],"race":[{"description":"White","count":29,"tested":382,"color":"rgb(31,119,180)"},{"description":"Left Blank","count":11,"tested":195,"color":"rgb(44,160,44)"}],"gender":[{"description":"Male","count":26,"tested":303,"color":"rgb(31,119,180)"},{"description":"Female","count":18,"tested":340,"color":"rgb(255,127,14)"}]}
