{"age":[{"age_group":"<20","count":40,"tested":572},{"age_group":"20-29   ","count":43,"tested":635},{"age_group":"30-39   ","count":41,"tested":480},{"age_group":"40-49   ","count":44,"tested":742},{"age_group":"50-59   ","count":50,"tested":969},{"age_group":"60-69   ","count":34,"tested":770},{"age_group":"70-79   ","count":13,"tested":465},{"age_group":"80+","count":17,"tested":280}],"race":[{"description":"White","count":47,"tested":930,"color":"rgb(31,119,180)"},{"description":"Left Blank","count":87,"tested":2099,"color":"rgb(44,160,44)"},{"description":"Black","count":137,"tested":1654,"color":"rgb(255,127,14)"}],"gender":[{"description":"Male","count":142,"tested":2140,"color":"rgb(31,119,180)"},{"description":"Female","count":140,"tested":2740,"color":"rgb(255,127,14)"}]}
