{"age":[{"age_group":"<20","count":33,"tested":1086},{"age_group":"20-29   ","count":482,"tested":8410},{"age_group":"30-39   ","count":234,"tested":5355},{"age_group":"40-49   ","count":97,"tested":1918},{"age_group":"50-59   ","count":88,"tested":2306},{"age_group":"60-69   ","count":70,"tested":2428},{"age_group":"70-79   ","count":55,"tested":2351},{"age_group":"80+","count":34,"tested":1687}],"race":[{"description":"Hispanic","count":56,"tested":427,"color":"rgb(214,39,40)"},{"description":"White","count":475,"tested":8305,"color":"rgb(31,119,180)"},{"description":"Left Blank","count":323,"tested":13214,"color":"rgb(44,160,44)"},{"description":"Asian","count":20,"tested":542,"color":"rgb(140,86,75)"},{"description":"Black","count":174,"tested":2302,"color":"rgb(255,127,14)"},{"description":"Other","count":44,"tested":734,"color":"rgb(148,103,189)"}],"gender":[{"description":"Unknown/Left Blank","count":7,"tested":507,"color":"rgb(44,160,44)"},{"description":"Male","count":503,"tested":10521,"color":"rgb(31,119,180)"},{"description":"Female","count":583,"tested":14518,"color":"rgb(255,127,14)"}]}
