{"age":[{"age_group":"<20","count":157,"tested":1338},{"age_group":"20-29   ","count":191,"tested":1677},{"age_group":"30-39   ","count":132,"tested":1245},{"age_group":"40-49   ","count":128,"tested":1211},{"age_group":"50-59   ","count":107,"tested":973},{"age_group":"60-69   ","count":60,"tested":734},{"age_group":"70-79   ","count":26,"tested":457},{"age_group":"80+","count":27,"tested":291}],"race":[{"description":"Hispanic","count":336,"tested":1203,"color":"rgb(214,39,40)"},{"description":"White","count":147,"tested":1792,"color":"rgb(31,119,180)"},{"description":"Left Blank","count":136,"tested":3757,"color":"rgb(44,160,44)"},{"description":"Other","count":14,"tested":131,"color":"rgb(148,103,189)"},{"description":"Asian","count":33,"tested":96,"color":"rgb(140,86,75)"},{"description":"Black","count":161,"tested":938,"color":"rgb(255,127,14)"}],"gender":[{"description":"Unknown/Left Blank","count":6,"tested":336,"color":"rgb(44,160,44)"},{"description":"Female","count":443,"tested":4438,"color":"rgb(255,127,14)"},{"description":"Male","count":379,"tested":3154,"color":"rgb(31,119,180)"}]}
