{"age":[{"age_group":"<20","count":113,"tested":1151},{"age_group":"20-29   ","count":274,"tested":2790},{"age_group":"30-39   ","count":193,"tested":2319},{"age_group":"40-49   ","count":135,"tested":1852},{"age_group":"50-59   ","count":175,"tested":2271},{"age_group":"60-69   ","count":133,"tested":2268},{"age_group":"70-79   ","count":67,"tested":1321},{"age_group":"80+","count":31,"tested":838}],"race":[{"description":"Left Blank","count":513,"tested":7643,"color":"rgb(44,160,44)"},{"description":"Other","count":48,"tested":496,"color":"rgb(148,103,189)"},{"description":"White","count":425,"tested":5316,"color":"rgb(31,119,180)"},{"description":"Black","count":53,"tested":806,"color":"rgb(255,127,14)"},{"description":"Asian","count":24,"tested":196,"color":"rgb(140,86,75)"},{"description":"Hispanic","count":54,"tested":331,"color":"rgb(214,39,40)"}],"gender":[{"description":"Male","count":544,"tested":6257,"color":"rgb(31,119,180)"},{"description":"Unknown/Left Blank","count":6,"tested":245,"color":"rgb(44,160,44)"},{"description":"Female","count":571,"tested":8312,"color":"rgb(255,127,14)"}]}
