{"age":[{"age_group":"<20","count":8,"tested":137},{"age_group":"20-29   ","count":31,"tested":398},{"age_group":"30-39   ","count":18,"tested":347},{"age_group":"40-49   ","count":11,"tested":217},{"age_group":"50-59   ","count":8,"tested":220}],"race":[{"description":"Left Blank","count":24,"tested":640,"color":"rgb(44,160,44)"},{"description":"White","count":26,"tested":566,"color":"rgb(31,119,180)"},{"description":"Black","count":12,"tested":210,"color":"rgb(255,127,14)"},{"description":"Asian","count":6,"tested":51,"color":"rgb(140,86,75)"},{"description":"Hispanic","count":9,"tested":88,"color":"rgb(214,39,40)"}],"gender":[{"description":"Male","count":36,"tested":718,"color":"rgb(31,119,180)"},{"description":"Female","count":45,"tested":903,"color":"rgb(255,127,14)"}]}
