{"age":[{"age_group":"<20","count":39,"tested":587},{"age_group":"20-29   ","count":70,"tested":964},{"age_group":"30-39   ","count":44,"tested":1143},{"age_group":"40-49   ","count":62,"tested":1118},{"age_group":"50-59   ","count":69,"tested":1393},{"age_group":"60-69   ","count":89,"tested":1527},{"age_group":"70-79   ","count":92,"tested":1196},{"age_group":"80+","count":126,"tested":1076}],"race":[{"description":"Hispanic","count":16,"tested":164,"color":"rgb(214,39,40)"},{"description":"Left Blank","count":295,"tested":4951,"color":"rgb(44,160,44)"},{"description":"White","count":235,"tested":2936,"color":"rgb(31,119,180)"},{"description":"Black","count":25,"tested":642,"color":"rgb(255,127,14)"},{"description":"Other","count":15,"tested":202,"color":"rgb(148,103,189)"}],"gender":[{"description":"Male","count":269,"tested":3214,"color":"rgb(31,119,180)"},{"description":"Female","count":321,"tested":5599,"color":"rgb(255,127,14)"}]}
