{"age":[{"age_group":"<20","count":55,"tested":438},{"age_group":"20-29   ","count":115,"tested":1105},{"age_group":"30-39   ","count":82,"tested":1126},{"age_group":"40-49   ","count":77,"tested":949},{"age_group":"50-59   ","count":64,"tested":1015},{"age_group":"60-69   ","count":67,"tested":896},{"age_group":"70-79   ","count":41,"tested":576},{"age_group":"80+","count":35,"tested":552}],"race":[{"description":"Hispanic","count":38,"tested":314,"color":"rgb(214,39,40)"},{"description":"Left Blank","count":236,"tested":3846,"color":"rgb(44,160,44)"},{"description":"Other","count":33,"tested":250,"color":"rgb(148,103,189)"},{"description":"Asian","count":8,"tested":65,"color":"rgb(140,86,75)"},{"description":"White","count":164,"tested":1584,"color":"rgb(31,119,180)"},{"description":"Black","count":54,"tested":583,"color":"rgb(255,127,14)"}],"gender":[{"description":"Male","count":254,"tested":2612,"color":"rgb(31,119,180)"},{"description":"Female","count":277,"tested":3775,"color":"rgb(255,127,14)"}]}
