{"age":[{"age_group":"<20","count":111,"tested":2473},{"age_group":"20-29   ","count":83,"tested":1625},{"age_group":"30-39   ","count":41,"tested":1195},{"age_group":"40-49   ","count":67,"tested":1753},{"age_group":"50-59   ","count":83,"tested":2131},{"age_group":"60-69   ","count":36,"tested":1567},{"age_group":"70-79   ","count":28,"tested":981},{"age_group":"80+","count":36,"tested":622}],"race":[{"description":"Left Blank","count":109,"tested":4588,"color":"rgb(44,160,44)"},{"description":"Other","count":40,"tested":912,"color":"rgb(148,103,189)"},{"description":"Asian","count":10,"tested":406,"color":"rgb(140,86,75)"},{"description":"Black","count":8,"tested":77,"color":"rgb(255,127,14)"},{"description":"White","count":293,"tested":6131,"color":"rgb(31,119,180)"},{"description":"Hispanic","count":24,"tested":207,"color":"rgb(214,39,40)"}],"gender":[{"description":"Female","count":255,"tested":6720,"color":"rgb(255,127,14)"},{"description":"Male","count":229,"tested":5560,"color":"rgb(31,119,180)"}]}
