{"age":[{"age_group":"<20","count":126,"tested":1012},{"age_group":"20-29   ","count":198,"tested":1486},{"age_group":"30-39   ","count":169,"tested":1323},{"age_group":"40-49   ","count":180,"tested":1284},{"age_group":"50-59   ","count":157,"tested":1226},{"age_group":"60-69   ","count":84,"tested":897},{"age_group":"70-79   ","count":31,"tested":375},{"age_group":"80+","count":22,"tested":188}],"race":[{"description":"Hispanic","count":441,"tested":1586,"color":"rgb(214,39,40)"},{"description":"White","count":78,"tested":1118,"color":"rgb(31,119,180)"},{"description":"Black","count":94,"tested":1209,"color":"rgb(255,127,14)"},{"description":"Other","count":57,"tested":646,"color":"rgb(148,103,189)"},{"description":"Left Blank","count":277,"tested":3161,"color":"rgb(44,160,44)"},{"description":"AI/AN**","count":18,"tested":65,"color":"rgb(31,119,180)"}],"gender":[{"description":"Male","count":458,"tested":3308,"color":"rgb(31,119,180)"},{"description":"Unknown/Left Blank","count":10,"tested":113,"color":"rgb(44,160,44)"},{"description":"Female","count":499,"tested":4372,"color":"rgb(255,127,14)"}]}
