{"age":[{"age_group":"<20","count":374,"tested":5376},{"age_group":"20-29   ","count":691,"tested":11317},{"age_group":"30-39   ","count":687,"tested":13973},{"age_group":"40-49   ","count":561,"tested":7918},{"age_group":"50-59   ","count":421,"tested":5394},{"age_group":"60-69   ","count":221,"tested":3476},{"age_group":"70-79   ","count":110,"tested":1873},{"age_group":"80+","count":77,"tested":1462}],"race":[{"description":"White","count":681,"tested":16337,"color":"rgb(31,119,180)"},{"description":"Other","count":130,"tested":2031,"color":"rgb(148,103,189)"},{"description":"Left Blank","count":631,"tested":20140,"color":"rgb(44,160,44)"},{"description":"Black","count":70,"tested":1295,"color":"rgb(255,127,14)"},{"description":"Asian","count":67,"tested":1471,"color":"rgb(140,86,75)"},{"description":"Hispanic","count":1546,"tested":9368,"color":"rgb(214,39,40)"},{"description":"AI/AN**","count":8,"tested":54,"color":"rgb(31,119,180)"},{"description":"NH/PI*","count":9,"tested":111,"color":"rgb(127,127,127)"}],"gender":[{"description":"Female","count":1513,"tested":27439,"color":"rgb(255,127,14)"},{"description":"Male","count":1610,"tested":22242,"color":"rgb(31,119,180)"},{"description":"Unknown/Left Blank","count":19,"tested":1126,"color":"rgb(44,160,44)"}]}
