{"age":[{"age_group":"<20","count":34,"tested":869},{"age_group":"20-29   ","count":36,"tested":1107},{"age_group":"30-39   ","count":23,"tested":738},{"age_group":"40-49   ","count":26,"tested":1327},{"age_group":"50-59   ","count":40,"tested":1286},{"age_group":"60-69   ","count":24,"tested":1089},{"age_group":"70-79   ","count":22,"tested":682},{"age_group":"80+","count":47,"tested":590}],"race":[{"description":"Other","count":14,"tested":294,"color":"rgb(148,103,189)"},{"description":"Left Blank","count":32,"tested":2765,"color":"rgb(44,160,44)"},{"description":"Asian","count":19,"tested":276,"color":"rgb(140,86,75)"},{"description":"Black","count":14,"tested":127,"color":"rgb(255,127,14)"},{"description":"Hispanic","count":24,"tested":647,"color":"rgb(214,39,40)"},{"description":"White","count":148,"tested":3531,"color":"rgb(31,119,180)"}],"gender":[{"description":"Female","count":136,"tested":3967,"color":"rgb(255,127,14)"},{"description":"Male","count":115,"tested":3591,"color":"rgb(31,119,180)"}]}
