{"age":[{"age_group":"<20","count":23,"tested":280},{"age_group":"20-29   ","count":26,"tested":323},{"age_group":"30-39   ","count":13,"tested":300},{"age_group":"40-49   ","count":26,"tested":266},{"age_group":"50-59   ","count":38,"tested":462},{"age_group":"60-69   ","count":26,"tested":361},{"age_group":"70-79   ","count":9,"tested":206}],"race":[{"description":"Hispanic","count":9,"tested":56,"color":"rgb(214,39,40)"},{"description":"White","count":97,"tested":1426,"color":"rgb(31,119,180)"},{"description":"Left Blank","count":55,"tested":710,"color":"rgb(44,160,44)"}],"gender":[{"description":"Female","count":85,"tested":1255,"color":"rgb(255,127,14)"},{"description":"Male","count":80,"tested":1023,"color":"rgb(31,119,180)"}]}
