{"age":[{"age_group":"<20","count":97,"tested":1478},{"age_group":"20-29   ","count":71,"tested":1062},{"age_group":"30-39   ","count":32,"tested":770},{"age_group":"40-49   ","count":35,"tested":946},{"age_group":"50-59   ","count":89,"tested":1465},{"age_group":"60-69   ","count":74,"tested":1248},{"age_group":"70-79   ","count":60,"tested":1061},{"age_group":"80+","count":57,"tested":859}],"race":[{"description":"White","count":305,"tested":3475,"color":"rgb(31,119,180)"},{"description":"Asian","count":20,"tested":295,"color":"rgb(140,86,75)"},{"description":"Black","count":12,"tested":143,"color":"rgb(255,127,14)"},{"description":"Other","count":17,"tested":330,"color":"rgb(148,103,189)"},{"description":"Hispanic","count":26,"tested":117,"color":"rgb(214,39,40)"},{"description":"Left Blank","count":134,"tested":4520,"color":"rgb(44,160,44)"}],"gender":[{"description":"Female","count":265,"tested":4905,"color":"rgb(255,127,14)"},{"description":"Male","count":248,"tested":3926,"color":"rgb(31,119,180)"}]}
