{"age":[{"age_group":"<20","count":105,"tested":949},{"age_group":"20-29   ","count":160,"tested":1629},{"age_group":"30-39   ","count":80,"tested":995},{"age_group":"40-49   ","count":101,"tested":1074},{"age_group":"50-59   ","count":147,"tested":1569},{"age_group":"60-69   ","count":107,"tested":1433},{"age_group":"70-79   ","count":60,"tested":1196},{"age_group":"80+","count":56,"tested":1901}],"race":[{"description":"Other","count":39,"tested":366,"color":"rgb(148,103,189)"},{"description":"Left Blank","count":362,"tested":6192,"color":"rgb(44,160,44)"},{"description":"Black","count":18,"tested":154,"color":"rgb(255,127,14)"},{"description":"Hispanic","count":17,"tested":164,"color":"rgb(214,39,40)"},{"description":"White","count":358,"tested":3669,"color":"rgb(31,119,180)"},{"description":"Asian","count":18,"tested":197,"color":"rgb(140,86,75)"}],"gender":[{"description":"Male","count":392,"tested":4546,"color":"rgb(31,119,180)"},{"description":"Female","count":422,"tested":6053,"color":"rgb(255,127,14)"}]}
