{"age":[{"age_group":"<20","count":95,"tested":1743},{"age_group":"20-29   ","count":86,"tested":1971},{"age_group":"30-39   ","count":47,"tested":1457},{"age_group":"40-49   ","count":70,"tested":1630},{"age_group":"50-59   ","count":84,"tested":2131},{"age_group":"60-69   ","count":70,"tested":1932},{"age_group":"70-79   ","count":38,"tested":1186},{"age_group":"80+","count":63,"tested":1124}],"race":[{"description":"Hispanic","count":34,"tested":425,"color":"rgb(214,39,40)"},{"description":"Left Blank","count":97,"tested":4628,"color":"rgb(44,160,44)"},{"description":"White","count":368,"tested":7051,"color":"rgb(31,119,180)"},{"description":"Other","count":35,"tested":524,"color":"rgb(148,103,189)"},{"description":"Black","count":10,"tested":178,"color":"rgb(255,127,14)"},{"description":"Asian","count":9,"tested":296,"color":"rgb(140,86,75)"}],"gender":[{"description":"Female","count":275,"tested":6615,"color":"rgb(255,127,14)"},{"description":"Male","count":268,"tested":5694,"color":"rgb(31,119,180)"},{"description":"Unknown/Left Blank","count":10,"tested":866,"color":"rgb(44,160,44)"}]}
