{"age":[{"age_group":"<20","count":174,"tested":3480},{"age_group":"20-29   ","count":226,"tested":3844},{"age_group":"30-39   ","count":142,"tested":3795},{"age_group":"40-49   ","count":155,"tested":3595},{"age_group":"50-59   ","count":156,"tested":4274},{"age_group":"60-69   ","count":105,"tested":3658},{"age_group":"70-79   ","count":67,"tested":2277},{"age_group":"80+","count":71,"tested":3604}],"race":[{"description":"Asian","count":38,"tested":913,"color":"rgb(140,86,75)"},{"description":"White","count":561,"tested":13113,"color":"rgb(31,119,180)"},{"description":"Black","count":15,"tested":645,"color":"rgb(255,127,14)"},{"description":"Other","count":36,"tested":589,"color":"rgb(148,103,189)"},{"description":"Hispanic","count":129,"tested":1193,"color":"rgb(214,39,40)"},{"description":"Left Blank","count":315,"tested":12192,"color":"rgb(44,160,44)"}],"gender":[{"description":"Male","count":532,"tested":11637,"color":"rgb(31,119,180)"},{"description":"Female","count":538,"tested":15383,"color":"rgb(255,127,14)"},{"description":"Unknown/Left Blank","count":26,"tested":1668,"color":"rgb(44,160,44)"}]}
