{"age":[{"age_group":"<20","count":144,"tested":2036},{"age_group":"20-29   ","count":171,"tested":2198},{"age_group":"30-39   ","count":151,"tested":2231},{"age_group":"40-49   ","count":133,"tested":1934},{"age_group":"50-59   ","count":125,"tested":2244},{"age_group":"60-69   ","count":126,"tested":1871},{"age_group":"70-79   ","count":73,"tested":1231},{"age_group":"80+","count":55,"tested":1511}],"race":[{"description":"Black","count":222,"tested":2009,"color":"rgb(255,127,14)"},{"description":"Asian","count":6,"tested":50,"color":"rgb(140,86,75)"},{"description":"Other","count":10,"tested":157,"color":"rgb(148,103,189)"},{"description":"White","count":412,"tested":5268,"color":"rgb(31,119,180)"},{"description":"Left Blank","count":139,"tested":6697,"color":"rgb(44,160,44)"},{"description":"Hispanic","count":189,"tested":1078,"color":"rgb(214,39,40)"}],"gender":[{"description":"Female","count":536,"tested":8953,"color":"rgb(255,127,14)"},{"description":"Male","count":437,"tested":5876,"color":"rgb(31,119,180)"}]}
