{"age":[{"age_group":"<20","count":628,"tested":6480},{"age_group":"20-29   ","count":747,"tested":8950},{"age_group":"30-39   ","count":699,"tested":8131},{"age_group":"40-49   ","count":568,"tested":5923},{"age_group":"50-59   ","count":540,"tested":7400},{"age_group":"60-69   ","count":366,"tested":5740},{"age_group":"70-79   ","count":119,"tested":2545},{"age_group":"80+","count":91,"tested":1491}],"race":[{"description":"Asian","count":148,"tested":2514,"color":"rgb(140,86,75)"},{"description":"Black","count":110,"tested":1413,"color":"rgb(255,127,14)"},{"description":"Hispanic","count":1238,"tested":7592,"color":"rgb(214,39,40)"},{"description":"Left Blank","count":844,"tested":17015,"color":"rgb(44,160,44)"},{"description":"Other","count":155,"tested":1250,"color":"rgb(148,103,189)"},{"description":"White","count":1258,"tested":16749,"color":"rgb(31,119,180)"}],"gender":[]}
