{"age":[{"age_group":"<20","count":167,"tested":2325},{"age_group":"20-29   ","count":111,"tested":1961},{"age_group":"30-39   ","count":116,"tested":1885},{"age_group":"40-49   ","count":85,"tested":1361},{"age_group":"50-59   ","count":96,"tested":1711},{"age_group":"60-69   ","count":89,"tested":1458},{"age_group":"70-79   ","count":53,"tested":929},{"age_group":"80+","count":73,"tested":1126}],"race":[{"description":"Black","count":9,"tested":160,"color":"rgb(255,127,14)"},{"description":"Hispanic","count":29,"tested":199,"color":"rgb(214,39,40)"},{"description":"Left Blank","count":101,"tested":2406,"color":"rgb(44,160,44)"},{"description":"Other","count":11,"tested":192,"color":"rgb(148,103,189)"},{"description":"White","count":637,"tested":9754,"color":"rgb(31,119,180)"}],"gender":[]}
