{"age":[{"age_group":"<20","count":68,"tested":809},{"age_group":"20-29   ","count":58,"tested":610},{"age_group":"30-39   ","count":74,"tested":697},{"age_group":"40-49   ","count":45,"tested":498},{"age_group":"50-59   ","count":82,"tested":701},{"age_group":"60-69   ","count":53,"tested":664},{"age_group":"70-79   ","count":28,"tested":397},{"age_group":"80+","count":13,"tested":206}],"race":[{"description":"Hispanic","count":13,"tested":75,"color":"rgb(214,39,40)"},{"description":"Left Blank","count":30,"tested":1453,"color":"rgb(44,160,44)"},{"description":"White","count":365,"tested":2922,"color":"rgb(31,119,180)"}],"gender":[]}
