{"age":[{"age_group":"<20","count":692,"tested":7816},{"age_group":"20-29   ","count":810,"tested":10692},{"age_group":"30-39   ","count":581,"tested":8899},{"age_group":"40-49   ","count":676,"tested":7896},{"age_group":"50-59   ","count":537,"tested":7489},{"age_group":"60-69   ","count":243,"tested":4012},{"age_group":"70-79   ","count":81,"tested":1563},{"age_group":"80+","count":41,"tested":683}],"race":[{"description":"Asian","count":260,"tested":4326,"color":"rgb(140,86,75)"},{"description":"Black","count":483,"tested":5656,"color":"rgb(255,127,14)"},{"description":"Hispanic","count":978,"tested":6018,"color":"rgb(214,39,40)"},{"description":"Left Blank","count":695,"tested":17456,"color":"rgb(44,160,44)"},{"description":"Other","count":121,"tested":2079,"color":"rgb(148,103,189)"},{"description":"White","count":1116,"tested":13390,"color":"rgb(31,119,180)"}],"gender":[]}
