{"age":[{"age_group":"<20","count":405,"tested":4770},{"age_group":"20-29   ","count":577,"tested":6087},{"age_group":"30-39   ","count":701,"tested":7337},{"age_group":"40-49   ","count":552,"tested":6039},{"age_group":"50-59   ","count":487,"tested":5996},{"age_group":"60-69   ","count":334,"tested":4659},{"age_group":"70-79   ","count":130,"tested":2139},{"age_group":"80+","count":88,"tested":1612}],"race":[{"description":"Asian","count":228,"tested":2320,"color":"rgb(140,86,75)"},{"description":"Black","count":53,"tested":514,"color":"rgb(255,127,14)"},{"description":"Hispanic","count":425,"tested":3751,"color":"rgb(214,39,40)"},{"description":"Left Blank","count":658,"tested":13443,"color":"rgb(44,160,44)"},{"description":"NH/PI*","count":6,"tested":84,"color":"rgb(127,127,127)"},{"description":"Other","count":194,"tested":1666,"color":"rgb(148,103,189)"},{"description":"White","count":1705,"tested":16809,"color":"rgb(31,119,180)"}],"gender":[]}
