{"age":[{"age_group":"<20","count":359,"tested":6353},{"age_group":"20-29   ","count":823,"tested":20004},{"age_group":"30-39   ","count":833,"tested":19138},{"age_group":"40-49   ","count":560,"tested":12683},{"age_group":"50-59   ","count":533,"tested":13201},{"age_group":"60-69   ","count":414,"tested":13201},{"age_group":"70-79   ","count":196,"tested":7168},{"age_group":"80+","count":167,"tested":4639}],"race":[{"description":"Asian","count":527,"tested":9613,"color":"rgb(140,86,75)"},{"description":"Black","count":970,"tested":16139,"color":"rgb(255,127,14)"},{"description":"Hispanic","count":445,"tested":4627,"color":"rgb(214,39,40)"},{"description":"Left Blank","count":1128,"tested":49166,"color":"rgb(44,160,44)"},{"description":"Other","count":180,"tested":3559,"color":"rgb(148,103,189)"},{"description":"White","count":627,"tested":13116,"color":"rgb(31,119,180)"}],"gender":[]}
