{"age":[{"age_group":"<20","count":203,"tested":2304},{"age_group":"20-29   ","count":220,"tested":4631},{"age_group":"30-39   ","count":187,"tested":4105},{"age_group":"40-49   ","count":204,"tested":4568},{"age_group":"50-59   ","count":279,"tested":4891},{"age_group":"60-69   ","count":234,"tested":5229},{"age_group":"70-79   ","count":134,"tested":3692},{"age_group":"80+","count":154,"tested":6631}],"race":[{"description":"Black","count":367,"tested":8439,"color":"rgb(255,127,14)"},{"description":"Hispanic","count":131,"tested":911,"color":"rgb(214,39,40)"},{"description":"Left Blank","count":545,"tested":15835,"color":"rgb(44,160,44)"},{"description":"Other","count":42,"tested":644,"color":"rgb(148,103,189)"},{"description":"White","count":521,"tested":10039,"color":"rgb(31,119,180)"}],"gender":[]}
