{"age":[{"age_group":"<20","count":426,"tested":6703},{"age_group":"20-29   ","count":514,"tested":7172},{"age_group":"30-39   ","count":533,"tested":8186},{"age_group":"40-49   ","count":552,"tested":8511},{"age_group":"50-59   ","count":548,"tested":8406},{"age_group":"60-69   ","count":319,"tested":6546},{"age_group":"70-79   ","count":157,"tested":4011},{"age_group":"80+","count":251,"tested":7689}],"race":[{"description":"Asian","count":68,"tested":1462,"color":"rgb(140,86,75)"},{"description":"Black","count":30,"tested":581,"color":"rgb(255,127,14)"},{"description":"Hispanic","count":378,"tested":3559,"color":"rgb(214,39,40)"},{"description":"Left Blank","count":796,"tested":26308,"color":"rgb(44,160,44)"},{"description":"NH/PI*","count":6,"tested":60,"color":"rgb(127,127,127)"},{"description":"Other","count":173,"tested":1898,"color":"rgb(148,103,189)"},{"description":"White","count":1844,"tested":23314,"color":"rgb(31,119,180)"}],"gender":[]}
