{"age":[{"age_group":"<20","count":542,"tested":3702},{"age_group":"20-29   ","count":694,"tested":6438},{"age_group":"30-39   ","count":601,"tested":4886},{"age_group":"40-49   ","count":509,"tested":5025},{"age_group":"50-59   ","count":473,"tested":5146},{"age_group":"60-69   ","count":345,"tested":4474},{"age_group":"70-79   ","count":169,"tested":3164},{"age_group":"80+","count":95,"tested":2460}],"race":[{"description":"Asian","count":74,"tested":723,"color":"rgb(140,86,75)"},{"description":"Black","count":76,"tested":1029,"color":"rgb(255,127,14)"},{"description":"Hispanic","count":1142,"tested":6328,"color":"rgb(214,39,40)"},{"description":"Left Blank","count":946,"tested":15762,"color":"rgb(44,160,44)"},{"description":"Other","count":156,"tested":1465,"color":"rgb(148,103,189)"},{"description":"White","count":1028,"tested":9913,"color":"rgb(31,119,180)"}],"gender":[]}
