{"age":[{"age_group":"<20","count":459,"tested":5901},{"age_group":"20-29   ","count":157,"tested":2241},{"age_group":"30-39   ","count":137,"tested":1820},{"age_group":"40-49   ","count":194,"tested":2311},{"age_group":"50-59   ","count":236,"tested":2936},{"age_group":"60-69   ","count":87,"tested":2357},{"age_group":"70-79   ","count":42,"tested":1230},{"age_group":"80+","count":19,"tested":670}],"race":[{"description":"Hispanic","count":22,"tested":350,"color":"rgb(214,39,40)"},{"description":"Left Blank","count":557,"tested":8608,"color":"rgb(44,160,44)"},{"description":"Other","count":41,"tested":668,"color":"rgb(148,103,189)"},{"description":"White","count":700,"tested":9570,"color":"rgb(31,119,180)"}],"gender":[]}
