{"age":[{"age_group":"<20","count":339,"tested":4163},{"age_group":"20-29   ","count":323,"tested":3986},{"age_group":"30-39   ","count":272,"tested":4039},{"age_group":"40-49   ","count":308,"tested":3406},{"age_group":"50-59   ","count":338,"tested":4172},{"age_group":"60-69   ","count":252,"tested":4433},{"age_group":"70-79   ","count":110,"tested":2845},{"age_group":"80+","count":57,"tested":1538}],"race":[{"description":"Asian","count":102,"tested":1914,"color":"rgb(140,86,75)"},{"description":"Black","count":57,"tested":565,"color":"rgb(255,127,14)"},{"description":"Hispanic","count":168,"tested":1114,"color":"rgb(214,39,40)"},{"description":"Left Blank","count":517,"tested":12849,"color":"rgb(44,160,44)"},{"description":"Other","count":86,"tested":1060,"color":"rgb(148,103,189)"},{"description":"White","count":1065,"tested":11003,"color":"rgb(31,119,180)"}],"gender":[]}
