{"age":[{"age_group":"<20","count":135,"tested":1249},{"age_group":"20-29   ","count":187,"tested":2211},{"age_group":"30-39   ","count":155,"tested":1677},{"age_group":"40-49   ","count":141,"tested":1507},{"age_group":"50-59   ","count":151,"tested":1611},{"age_group":"60-69   ","count":107,"tested":1274},{"age_group":"70-79   ","count":50,"tested":739},{"age_group":"80+","count":15,"tested":342}],"race":[{"description":"Black","count":179,"tested":2310,"color":"rgb(255,127,14)"},{"description":"Hispanic","count":124,"tested":851,"color":"rgb(214,39,40)"},{"description":"Left Blank","count":295,"tested":3617,"color":"rgb(44,160,44)"},{"description":"Other","count":28,"tested":360,"color":"rgb(148,103,189)"},{"description":"White","count":311,"tested":3382,"color":"rgb(31,119,180)"}],"gender":[]}
