{"age":[{"age_group":"<20","count":221,"tested":2966},{"age_group":"20-29   ","count":232,"tested":3846},{"age_group":"30-39   ","count":248,"tested":3984},{"age_group":"40-49   ","count":239,"tested":3860},{"age_group":"50-59   ","count":211,"tested":3824},{"age_group":"60-69   ","count":198,"tested":4298},{"age_group":"70-79   ","count":111,"tested":2245},{"age_group":"80+","count":90,"tested":2191}],"race":[{"description":"Black","count":909,"tested":13131,"color":"rgb(255,127,14)"},{"description":"Hispanic","count":58,"tested":584,"color":"rgb(214,39,40)"},{"description":"Left Blank","count":456,"tested":11372,"color":"rgb(44,160,44)"},{"description":"Other","count":40,"tested":449,"color":"rgb(148,103,189)"},{"description":"White","count":85,"tested":1681,"color":"rgb(31,119,180)"}],"gender":[]}
