{"age":[{"age_group":"<20","count":719,"tested":18836},{"age_group":"20-29   ","count":572,"tested":17265},{"age_group":"30-39   ","count":424,"tested":7471},{"age_group":"40-49   ","count":488,"tested":7221},{"age_group":"50-59   ","count":500,"tested":8338},{"age_group":"60-69   ","count":268,"tested":7116},{"age_group":"70-79   ","count":134,"tested":4183},{"age_group":"80+","count":91,"tested":2740}],"race":[{"description":"AI/AN**","count":8,"tested":113,"color":"rgb(31,119,180)"},{"description":"Asian","count":205,"tested":4461,"color":"rgb(140,86,75)"},{"description":"Black","count":147,"tested":2317,"color":"rgb(255,127,14)"},{"description":"Hispanic","count":247,"tested":3208,"color":"rgb(214,39,40)"},{"description":"Left Blank","count":520,"tested":26716,"color":"rgb(44,160,44)"},{"description":"Other","count":83,"tested":2126,"color":"rgb(148,103,189)"},{"description":"White","count":1983,"tested":34275,"color":"rgb(31,119,180)"}],"gender":[]}
