{"age":[{"age_group":"<20","count":390,"tested":4326},{"age_group":"20-29   ","count":374,"tested":4493},{"age_group":"30-39   ","count":375,"tested":5092},{"age_group":"40-49   ","count":347,"tested":5041},{"age_group":"50-59   ","count":311,"tested":5656},{"age_group":"60-69   ","count":223,"tested":5458},{"age_group":"70-79   ","count":97,"tested":3211},{"age_group":"80+","count":84,"tested":3077}],"race":[{"description":"Asian","count":11,"tested":177,"color":"rgb(140,86,75)"},{"description":"Black","count":347,"tested":4254,"color":"rgb(255,127,14)"},{"description":"Hispanic","count":262,"tested":2042,"color":"rgb(214,39,40)"},{"description":"Left Blank","count":849,"tested":21110,"color":"rgb(44,160,44)"},{"description":"Other","count":173,"tested":1741,"color":"rgb(148,103,189)"},{"description":"White","count":555,"tested":6987,"color":"rgb(31,119,180)"}],"gender":[]}
