{"age":[{"age_group":"<20","count":171,"tested":1895},{"age_group":"20-29   ","count":201,"tested":3583},{"age_group":"30-39   ","count":233,"tested":4327},{"age_group":"40-49   ","count":243,"tested":5288},{"age_group":"50-59   ","count":217,"tested":6635},{"age_group":"60-69   ","count":147,"tested":4818},{"age_group":"70-79   ","count":69,"tested":2059},{"age_group":"80+","count":29,"tested":862}],"race":[{"description":"Asian","count":8,"tested":96,"color":"rgb(140,86,75)"},{"description":"Black","count":788,"tested":10303,"color":"rgb(255,127,14)"},{"description":"Hispanic","count":37,"tested":244,"color":"rgb(214,39,40)"},{"description":"Left Blank","count":404,"tested":17459,"color":"rgb(44,160,44)"},{"description":"Other","count":19,"tested":339,"color":"rgb(148,103,189)"},{"description":"White","count":50,"tested":999,"color":"rgb(31,119,180)"}],"gender":[]}
