{"age":[{"age_group":"<20","count":64,"tested":945},{"age_group":"20-29   ","count":108,"tested":963},{"age_group":"30-39   ","count":88,"tested":1130},{"age_group":"40-49   ","count":96,"tested":999},{"age_group":"50-59   ","count":95,"tested":1120},{"age_group":"60-69   ","count":60,"tested":1054},{"age_group":"70-79   ","count":33,"tested":757},{"age_group":"80+","count":9,"tested":266}],"race":[{"description":"Asian","count":6,"tested":150,"color":"rgb(140,86,75)"},{"description":"Black","count":6,"tested":63,"color":"rgb(255,127,14)"},{"description":"Hispanic","count":38,"tested":504,"color":"rgb(214,39,40)"},{"description":"Left Blank","count":225,"tested":3161,"color":"rgb(44,160,44)"},{"description":"Other","count":20,"tested":345,"color":"rgb(148,103,189)"},{"description":"White","count":257,"tested":3009,"color":"rgb(31,119,180)"}],"gender":[]}
