{"age":[{"age_group":"<20","count":347,"tested":4118},{"age_group":"20-29   ","count":372,"tested":4299},{"age_group":"30-39   ","count":320,"tested":4366},{"age_group":"40-49   ","count":325,"tested":3930},{"age_group":"50-59   ","count":312,"tested":3731},{"age_group":"60-69   ","count":195,"tested":2848},{"age_group":"70-79   ","count":111,"tested":1969},{"age_group":"80+","count":72,"tested":1236}],"race":[{"description":"Asian","count":28,"tested":335,"color":"rgb(140,86,75)"},{"description":"Black","count":62,"tested":530,"color":"rgb(255,127,14)"},{"description":"Hispanic","count":172,"tested":1234,"color":"rgb(214,39,40)"},{"description":"Left Blank","count":494,"tested":10442,"color":"rgb(44,160,44)"},{"description":"Other","count":24,"tested":268,"color":"rgb(148,103,189)"},{"description":"White","count":1270,"tested":13650,"color":"rgb(31,119,180)"}],"gender":[]}
