{"age":[{"age_group":"<20","count":170,"tested":4230},{"age_group":"20-29   ","count":1639,"tested":29211},{"age_group":"30-39   ","count":780,"tested":18588},{"age_group":"40-49   ","count":292,"tested":6769},{"age_group":"50-59   ","count":265,"tested":7465},{"age_group":"60-69   ","count":218,"tested":7683},{"age_group":"70-79   ","count":170,"tested":6496},{"age_group":"80+","count":93,"tested":5018}],"race":[{"description":"Asian","count":103,"tested":3003,"color":"rgb(140,86,75)"},{"description":"Black","count":469,"tested":7312,"color":"rgb(255,127,14)"},{"description":"Hispanic","count":181,"tested":1688,"color":"rgb(214,39,40)"},{"description":"Left Blank","count":1033,"tested":40819,"color":"rgb(44,160,44)"},{"description":"Other","count":179,"tested":2913,"color":"rgb(148,103,189)"},{"description":"White","count":1655,"tested":29608,"color":"rgb(31,119,180)"}],"gender":[]}
