{"age":[{"age_group":"<20","count":627,"tested":16405},{"age_group":"20-29   ","count":774,"tested":11270},{"age_group":"30-39   ","count":720,"tested":11196},{"age_group":"40-49   ","count":679,"tested":9435},{"age_group":"50-59   ","count":676,"tested":9820},{"age_group":"60-69   ","count":496,"tested":9323},{"age_group":"70-79   ","count":196,"tested":5005},{"age_group":"80+","count":239,"tested":8450}],"race":[{"description":"AI/AN**","count":10,"tested":129,"color":"rgb(31,119,180)"},{"description":"Asian","count":272,"tested":5254,"color":"rgb(140,86,75)"},{"description":"Black","count":60,"tested":1093,"color":"rgb(255,127,14)"},{"description":"Hispanic","count":1583,"tested":17268,"color":"rgb(214,39,40)"},{"description":"Left Blank","count":950,"tested":37236,"color":"rgb(44,160,44)"},{"description":"Other","count":245,"tested":2215,"color":"rgb(148,103,189)"},{"description":"White","count":1282,"tested":17738,"color":"rgb(31,119,180)"}],"gender":[]}
