{"age":[{"age_group":"<20","count":189,"tested":1945},{"age_group":"20-29   ","count":172,"tested":2087},{"age_group":"30-39   ","count":212,"tested":1985},{"age_group":"40-49   ","count":181,"tested":1815},{"age_group":"50-59   ","count":207,"tested":1942},{"age_group":"60-69   ","count":134,"tested":1792},{"age_group":"70-79   ","count":60,"tested":1135},{"age_group":"80+","count":40,"tested":848}],"race":[{"description":"Asian","count":6,"tested":80,"color":"rgb(140,86,75)"},{"description":"Hispanic","count":230,"tested":1088,"color":"rgb(214,39,40)"},{"description":"Left Blank","count":268,"tested":4827,"color":"rgb(44,160,44)"},{"description":"Other","count":16,"tested":238,"color":"rgb(148,103,189)"},{"description":"White","count":668,"tested":7209,"color":"rgb(31,119,180)"}],"gender":[]}
