{"age":[{"age_group":"<20","count":525,"tested":6039},{"age_group":"20-29   ","count":507,"tested":5554},{"age_group":"30-39   ","count":403,"tested":5044},{"age_group":"40-49   ","count":472,"tested":5078},{"age_group":"50-59   ","count":579,"tested":6559},{"age_group":"60-69   ","count":341,"tested":5036},{"age_group":"70-79   ","count":99,"tested":2260},{"age_group":"80+","count":67,"tested":1690}],"race":[{"description":"Asian","count":107,"tested":1289,"color":"rgb(140,86,75)"},{"description":"Black","count":69,"tested":835,"color":"rgb(255,127,14)"},{"description":"Hispanic","count":324,"tested":2165,"color":"rgb(214,39,40)"},{"description":"Left Blank","count":859,"tested":14378,"color":"rgb(44,160,44)"},{"description":"NH/PI*","count":7,"tested":29,"color":"rgb(127,127,127)"},{"description":"Other","count":54,"tested":653,"color":"rgb(148,103,189)"},{"description":"White","count":1569,"tested":17841,"color":"rgb(31,119,180)"}],"gender":[]}
