{"age":[{"age_group":"<20","count":812,"tested":17675},{"age_group":"20-29   ","count":1460,"tested":28346},{"age_group":"30-39   ","count":624,"tested":9272},{"age_group":"40-49   ","count":505,"tested":6121},{"age_group":"50-59   ","count":414,"tested":6719},{"age_group":"60-69   ","count":285,"tested":5596},{"age_group":"70-79   ","count":173,"tested":4150},{"age_group":"80+","count":203,"tested":7909}],"race":[{"description":"Asian","count":73,"tested":1767,"color":"rgb(140,86,75)"},{"description":"Black","count":653,"tested":10484,"color":"rgb(255,127,14)"},{"description":"Hispanic","count":815,"tested":6121,"color":"rgb(214,39,40)"},{"description":"Left Blank","count":1006,"tested":35825,"color":"rgb(44,160,44)"},{"description":"Other","count":53,"tested":858,"color":"rgb(148,103,189)"},{"description":"White","count":1872,"tested":30630,"color":"rgb(31,119,180)"}],"gender":[]}
