{"age":[{"age_group":"<20","count":684,"tested":5316},{"age_group":"20-29   ","count":313,"tested":3657},{"age_group":"30-39   ","count":337,"tested":3483},{"age_group":"40-49   ","count":259,"tested":3118},{"age_group":"50-59   ","count":260,"tested":3548},{"age_group":"60-69   ","count":187,"tested":3001},{"age_group":"70-79   ","count":101,"tested":2644},{"age_group":"80+","count":147,"tested":6282}],"race":[{"description":"AI/AN**","count":7,"tested":89,"color":"rgb(31,119,180)"},{"description":"Asian","count":219,"tested":3017,"color":"rgb(140,86,75)"},{"description":"Black","count":19,"tested":466,"color":"rgb(255,127,14)"},{"description":"Hispanic","count":80,"tested":927,"color":"rgb(214,39,40)"},{"description":"Left Blank","count":1140,"tested":17612,"color":"rgb(44,160,44)"},{"description":"Other","count":266,"tested":1709,"color":"rgb(148,103,189)"},{"description":"White","count":554,"tested":7447,"color":"rgb(31,119,180)"}],"gender":[]}
