{"age":[{"age_group":"<20","count":52,"tested":573},{"age_group":"20-29   ","count":45,"tested":480},{"age_group":"30-39   ","count":52,"tested":494},{"age_group":"40-49   ","count":44,"tested":417},{"age_group":"50-59   ","count":76,"tested":488},{"age_group":"60-69   ","count":35,"tested":366},{"age_group":"70-79   ","count":16,"tested":177},{"age_group":"80+","count":13,"tested":107}],"race":[{"description":"Left Blank","count":142,"tested":1243,"color":"rgb(44,160,44)"},{"description":"White","count":183,"tested":1772,"color":"rgb(31,119,180)"}],"gender":[]}
