{"age":[{"age_group":"<20","count":40,"tested":558},{"age_group":"20-29   ","count":27,"tested":420},{"age_group":"30-39   ","count":35,"tested":354},{"age_group":"40-49   ","count":39,"tested":301},{"age_group":"50-59   ","count":45,"tested":569},{"age_group":"60-69   ","count":35,"tested":393},{"age_group":"70-79   ","count":21,"tested":237},{"age_group":"80+","count":46,"tested":161}],"race":[{"description":"Hispanic","count":9,"tested":44,"color":"rgb(214,39,40)"},{"description":"Left Blank","count":16,"tested":1014,"color":"rgb(44,160,44)"},{"description":"White","count":257,"tested":1853,"color":"rgb(31,119,180)"}],"gender":[]}
