{"age":[{"age_group":"<20","count":142,"tested":2028},{"age_group":"20-29   ","count":117,"tested":1975},{"age_group":"30-39   ","count":112,"tested":1633},{"age_group":"40-49   ","count":156,"tested":2230},{"age_group":"50-59   ","count":135,"tested":2693},{"age_group":"60-69   ","count":93,"tested":1922},{"age_group":"70-79   ","count":36,"tested":1178},{"age_group":"80+","count":41,"tested":1165}],"race":[{"description":"Black","count":382,"tested":4987,"color":"rgb(255,127,14)"},{"description":"Hispanic","count":24,"tested":248,"color":"rgb(214,39,40)"},{"description":"Left Blank","count":272,"tested":6684,"color":"rgb(44,160,44)"},{"description":"Other","count":16,"tested":357,"color":"rgb(148,103,189)"},{"description":"White","count":132,"tested":2427,"color":"rgb(31,119,180)"}],"gender":[]}
