{"age":[{"age_group":"<20","count":500,"tested":8300},{"age_group":"20-29   ","count":989,"tested":27402},{"age_group":"30-39   ","count":1085,"tested":32406},{"age_group":"40-49   ","count":723,"tested":19018},{"age_group":"50-59   ","count":635,"tested":20399},{"age_group":"60-69   ","count":470,"tested":14561},{"age_group":"70-79   ","count":307,"tested":7272},{"age_group":"80+","count":265,"tested":8447}],"race":[{"description":"AI/AN**","count":7,"tested":112,"color":"rgb(31,119,180)"},{"description":"Asian","count":327,"tested":6135,"color":"rgb(140,86,75)"},{"description":"Black","count":633,"tested":11809,"color":"rgb(255,127,14)"},{"description":"Hispanic","count":736,"tested":6660,"color":"rgb(214,39,40)"},{"description":"Left Blank","count":1413,"tested":68456,"color":"rgb(44,160,44)"},{"description":"Other","count":268,"tested":5039,"color":"rgb(148,103,189)"},{"description":"White","count":1584,"tested":39941,"color":"rgb(31,119,180)"}],"gender":[]}
