{"age":[{"age_group":"<20","count":463,"tested":4307},{"age_group":"20-29   ","count":395,"tested":3928},{"age_group":"30-39   ","count":369,"tested":3353},{"age_group":"40-49   ","count":351,"tested":3468},{"age_group":"50-59   ","count":325,"tested":3117},{"age_group":"60-69   ","count":228,"tested":2399},{"age_group":"70-79   ","count":101,"tested":1193},{"age_group":"80+","count":45,"tested":790}],"race":[{"description":"AI/AN**","count":7,"tested":14,"color":"rgb(31,119,180)"},{"description":"Black","count":582,"tested":4471,"color":"rgb(255,127,14)"},{"description":"Hispanic","count":750,"tested":2995,"color":"rgb(214,39,40)"},{"description":"Left Blank","count":243,"tested":9264,"color":"rgb(44,160,44)"},{"description":"Other","count":39,"tested":406,"color":"rgb(148,103,189)"},{"description":"White","count":654,"tested":5325,"color":"rgb(31,119,180)"}],"gender":[]}
