{"lastUpdatedDate":{"year":2020,"month":11,"day":21},"county_demographics":[{"County":"Massac","confirmed_cases":443,"total_tested":4792,"demographics":{"age":[{"age_group":"<20","count":67,"tested":642},{"age_group":"20-29   ","count":56,"tested":566},{"age_group":"30-39   ","count":62,"tested":480},{"age_group":"40-49   ","count":56,"tested":653},{"age_group":"50-59   ","count":80,"tested":755},{"age_group":"60-69   ","count":57,"tested":719},{"age_group":"70-79   ","count":31,"tested":512},{"age_group":"80+","count":21,"tested":464},{"age_group":"Unknown","count":0,"tested":0}],"race":[{"description":"AI/AN**","count":0,"tested":0,"color":"rgb(31,119,180)"},{"description":"Asian","count":0,"tested":0,"color":"rgb(140,86,75)"},{"description":"Black","count":14,"tested":126,"color":"rgb(255,127,14)"},{"description":"Hispanic","count":0,"tested":23,"color":"rgb(214,39,40)"},{"description":"Left Blank","count":189,"tested":2538,"color":"rgb(44,160,44)"},{"description":"Other","count":0,"tested":28,"color":"rgb(148,103,189)"},{"description":"White","count":232,"tested":2070,"color":"rgb(31,119,180)"}],"gender":[{"description":"Female","count":226,"tested":2802,"color":"rgb(255,127,14)"},{"description":"Male","count":199,"tested":1883,"color":"rgb(31,119,180)"},{"description":"Unknown/Left Blank","count":16,"tested":107,"color":"rgb(44,160,44)"}]}}]}
