{"lastUpdatedDate":{"year":2020,"month":11,"day":21},"county_demographics":[{"County":"Carroll","confirmed_cases":966,"total_tested":9846,"demographics":{"age":[{"age_group":"<20","count":92,"tested":875},{"age_group":"20-29   ","count":114,"tested":1193},{"age_group":"30-39   ","count":211,"tested":2000},{"age_group":"40-49   ","count":158,"tested":1467},{"age_group":"50-59   ","count":133,"tested":1175},{"age_group":"60-69   ","count":101,"tested":1156},{"age_group":"70-79   ","count":72,"tested":743},{"age_group":"80+","count":78,"tested":1235},{"age_group":"Unknown","count":0,"tested":0}],"race":[{"description":"AI/AN**","count":0,"tested":0,"color":"rgb(31,119,180)"},{"description":"Asian","count":0,"tested":32,"color":"rgb(140,86,75)"},{"description":"Black","count":32,"tested":76,"color":"rgb(255,127,14)"},{"description":"Hispanic","count":13,"tested":18,"color":"rgb(214,39,40)"},{"description":"Left Blank","count":450,"tested":6877,"color":"rgb(44,160,44)"},{"description":"NH/PI*","count":0,"tested":0,"color":"rgb(127,127,127)"},{"description":"Other","count":9,"tested":68,"color":"rgb(148,103,189)"},{"description":"White","count":451,"tested":2769,"color":"rgb(31,119,180)"}],"gender":[{"description":"Female","count":412,"tested":4662,"color":"rgb(255,127,14)"},{"description":"Male","count":542,"tested":5140,"color":"rgb(31,119,180)"},{"description":"Unknown/Left Blank","count":0,"tested":44,"color":"rgb(44,160,44)"}]}}]}
