{"lastUpdatedDate":{"year":2020,"month":11,"day":21},"county_demographics":[{"County":"Pulaski","confirmed_cases":370,"total_tested":2769,"demographics":{"age":[{"age_group":"<20","count":47,"tested":285},{"age_group":"20-29   ","count":76,"tested":485},{"age_group":"30-39   ","count":66,"tested":561},{"age_group":"40-49   ","count":69,"tested":490},{"age_group":"50-59   ","count":45,"tested":416},{"age_group":"60-69   ","count":43,"tested":358},{"age_group":"70-79   ","count":11,"tested":120},{"age_group":"80+","count":10,"tested":54}],"race":[{"description":"Asian","count":0,"tested":6,"color":"rgb(140,86,75)"},{"description":"Black","count":54,"tested":452,"color":"rgb(255,127,14)"},{"description":"Hispanic","count":83,"tested":325,"color":"rgb(214,39,40)"},{"description":"Left Blank","count":96,"tested":975,"color":"rgb(44,160,44)"},{"description":"NH/PI*","count":0,"tested":0,"color":"rgb(127,127,127)"},{"description":"Other","count":0,"tested":32,"color":"rgb(148,103,189)"},{"description":"White","count":131,"tested":979,"color":"rgb(31,119,180)"}],"gender":[{"description":"Female","count":150,"tested":1262,"color":"rgb(255,127,14)"},{"description":"Male","count":191,"tested":1258,"color":"rgb(31,119,180)"},{"description":"Unknown/Left Blank","count":26,"tested":249,"color":"rgb(44,160,44)"}]}}]}
