{"lastUpdatedDate":{"year":2020,"month":11,"day":21},"county_demographics":[{"County":"Clay","confirmed_cases":715,"total_tested":6539,"demographics":{"age":[{"age_group":"<20","count":91,"tested":1085},{"age_group":"20-29   ","count":90,"tested":932},{"age_group":"30-39   ","count":81,"tested":809},{"age_group":"40-49   ","count":101,"tested":745},{"age_group":"50-59   ","count":106,"tested":921},{"age_group":"60-69   ","count":110,"tested":929},{"age_group":"70-79   ","count":85,"tested":628},{"age_group":"80+","count":49,"tested":488},{"age_group":"Unknown","count":0,"tested":0}],"race":[{"description":"AI/AN**","count":0,"tested":0,"color":"rgb(31,119,180)"},{"description":"Asian","count":0,"tested":17,"color":"rgb(140,86,75)"},{"description":"Black","count":0,"tested":20,"color":"rgb(255,127,14)"},{"description":"Hispanic","count":0,"tested":26,"color":"rgb(214,39,40)"},{"description":"Left Blank","count":94,"tested":1646,"color":"rgb(44,160,44)"},{"description":"NH/PI*","count":0,"tested":0,"color":"rgb(127,127,127)"},{"description":"Other","count":6,"tested":176,"color":"rgb(148,103,189)"},{"description":"White","count":608,"tested":4647,"color":"rgb(31,119,180)"}],"gender":[{"description":"Female","count":375,"tested":3919,"color":"rgb(255,127,14)"},{"description":"Male","count":335,"tested":2537,"color":"rgb(31,119,180)"},{"description":"Unknown/Left Blank","count":0,"tested":83,"color":"rgb(44,160,44)"}]}}]}
