{"lastUpdatedDate":{"year":2020,"month":11,"day":21},"county_demographics":[{"County":"Saline","confirmed_cases":1013,"total_tested":11860,"demographics":{"age":[{"age_group":"<20","count":132,"tested":1635},{"age_group":"20-29   ","count":138,"tested":1571},{"age_group":"30-39   ","count":158,"tested":1597},{"age_group":"40-49   ","count":128,"tested":1440},{"age_group":"50-59   ","count":141,"tested":1649},{"age_group":"60-69   ","count":127,"tested":1558},{"age_group":"70-79   ","count":111,"tested":1335},{"age_group":"80+","count":67,"tested":1073},{"age_group":"Unknown","count":0,"tested":0}],"race":[{"description":"AI/AN**","count":0,"tested":0,"color":"rgb(31,119,180)"},{"description":"Asian","count":0,"tested":18,"color":"rgb(140,86,75)"},{"description":"Black","count":35,"tested":376,"color":"rgb(255,127,14)"},{"description":"Hispanic","count":0,"tested":54,"color":"rgb(214,39,40)"},{"description":"Left Blank","count":313,"tested":5157,"color":"rgb(44,160,44)"},{"description":"NH/PI*","count":0,"tested":0,"color":"rgb(127,127,127)"},{"description":"Other","count":8,"tested":100,"color":"rgb(148,103,189)"},{"description":"White","count":650,"tested":6151,"color":"rgb(31,119,180)"}],"gender":[{"description":"Female","count":552,"tested":6882,"color":"rgb(255,127,14)"},{"description":"Male","count":433,"tested":4180,"color":"rgb(31,119,180)"},{"description":"Unknown/Left Blank","count":25,"tested":798,"color":"rgb(44,160,44)"}]}}]}
