{"lastUpdatedDate":{"year":2020,"month":11,"day":21},"county_demographics":[{"County":"Vermilion","confirmed_cases":3335,"total_tested":49055,"demographics":{"age":[{"age_group":"<20","count":580,"tested":7675},{"age_group":"20-29   ","count":501,"tested":6911},{"age_group":"30-39   ","count":457,"tested":6496},{"age_group":"40-49   ","count":444,"tested":6140},{"age_group":"50-59   ","count":480,"tested":6739},{"age_group":"60-69   ","count":409,"tested":6920},{"age_group":"70-79   ","count":293,"tested":4821},{"age_group":"80+","count":168,"tested":3324},{"age_group":"Unknown","count":0,"tested":29}],"race":[{"description":"AI/AN**","count":0,"tested":34,"color":"rgb(31,119,180)"},{"description":"Asian","count":10,"tested":169,"color":"rgb(140,86,75)"},{"description":"Black","count":453,"tested":4806,"color":"rgb(255,127,14)"},{"description":"Hispanic","count":139,"tested":1188,"color":"rgb(214,39,40)"},{"description":"Left Blank","count":380,"tested":8297,"color":"rgb(44,160,44)"},{"description":"NH/PI*","count":0,"tested":39,"color":"rgb(127,127,127)"},{"description":"Other","count":144,"tested":1549,"color":"rgb(148,103,189)"},{"description":"White","count":2197,"tested":32973,"color":"rgb(31,119,180)"}],"gender":[{"description":"Female","count":1765,"tested":27632,"color":"rgb(255,127,14)"},{"description":"Male","count":1551,"tested":20640,"color":"rgb(31,119,180)"},{"description":"Unknown/Left Blank","count":19,"tested":783,"color":"rgb(44,160,44)"}]}}]}
