{"lastUpdatedDate":{"year":2020,"month":11,"day":8},"county_demographics":[{"County":"Randolph","confirmed_cases":1557,"total_tested":17909,"demographics":{"age":[{"age_group":"<20","count":0,"tested":2135},{"age_group":"20-29   ","count":0,"tested":2829},{"age_group":"30-39   ","count":0,"tested":2466},{"age_group":"40-49   ","count":0,"tested":2387},{"age_group":"50-59   ","count":0,"tested":2413},{"age_group":"60-69   ","count":0,"tested":1991},{"age_group":"70-79   ","count":0,"tested":1334},{"age_group":"80+","count":0,"tested":2335},{"age_group":"Unknown","count":0,"tested":19}],"race":[{"description":"AI/AN**","count":0,"tested":0,"color":"rgb(31,119,180)"},{"description":"Asian","count":0,"tested":8,"color":"rgb(140,86,75)"},{"description":"Black","count":0,"tested":436,"color":"rgb(255,127,14)"},{"description":"Hispanic","count":0,"tested":196,"color":"rgb(214,39,40)"},{"description":"Left Blank","count":0,"tested":7941,"color":"rgb(44,160,44)"},{"description":"NH/PI*","count":0,"tested":0,"color":"rgb(127,127,127)"},{"description":"Other","count":0,"tested":145,"color":"rgb(148,103,189)"},{"description":"White","count":0,"tested":9181,"color":"rgb(31,119,180)"}],"gender":[{"description":"Female","count":0,"tested":10884,"color":"rgb(255,127,14)"},{"description":"Male","count":0,"tested":6126,"color":"rgb(31,119,180)"},{"description":"Unknown/Left Blank","count":0,"tested":899,"color":"rgb(44,160,44)"}]}}]}
