{"lastUpdatedDate":{"year":2020,"month":11,"day":8},"county_demographics":[{"County":"Union","confirmed_cases":878,"total_tested":10099,"demographics":{"age":[{"age_group":"<20","count":0,"tested":965},{"age_group":"20-29   ","count":0,"tested":1501},{"age_group":"30-39   ","count":0,"tested":1470},{"age_group":"40-49   ","count":0,"tested":1486},{"age_group":"50-59   ","count":0,"tested":1674},{"age_group":"60-69   ","count":0,"tested":1259},{"age_group":"70-79   ","count":0,"tested":802},{"age_group":"80+","count":0,"tested":937},{"age_group":"Unknown","count":0,"tested":0}],"race":[{"description":"Asian","count":0,"tested":20,"color":"rgb(140,86,75)"},{"description":"Black","count":0,"tested":273,"color":"rgb(255,127,14)"},{"description":"Hispanic","count":0,"tested":286,"color":"rgb(214,39,40)"},{"description":"Left Blank","count":0,"tested":2506,"color":"rgb(44,160,44)"},{"description":"NH/PI*","count":0,"tested":10,"color":"rgb(127,127,127)"},{"description":"Other","count":0,"tested":76,"color":"rgb(148,103,189)"},{"description":"White","count":0,"tested":6928,"color":"rgb(31,119,180)"}],"gender":[{"description":"Female","count":0,"tested":5213,"color":"rgb(255,127,14)"},{"description":"Male","count":0,"tested":4181,"color":"rgb(31,119,180)"},{"description":"Unknown/Left Blank","count":0,"tested":705,"color":"rgb(44,160,44)"}]}}]}
