{"lastUpdatedDate":{"year":2020,"month":11,"day":8},"county_demographics":[{"County":"Montgomery","confirmed_cases":780,"total_tested":19487,"demographics":{"age":[{"age_group":"<20","count":0,"tested":1985},{"age_group":"20-29   ","count":0,"tested":2587},{"age_group":"30-39   ","count":0,"tested":2555},{"age_group":"40-49   ","count":0,"tested":2251},{"age_group":"50-59   ","count":0,"tested":2886},{"age_group":"60-69   ","count":0,"tested":2976},{"age_group":"70-79   ","count":0,"tested":1829},{"age_group":"80+","count":0,"tested":2409},{"age_group":"Unknown","count":0,"tested":9}],"race":[{"description":"AI/AN**","count":0,"tested":0,"color":"rgb(31,119,180)"},{"description":"Asian","count":0,"tested":17,"color":"rgb(140,86,75)"},{"description":"Black","count":0,"tested":371,"color":"rgb(255,127,14)"},{"description":"Hispanic","count":0,"tested":56,"color":"rgb(214,39,40)"},{"description":"Left Blank","count":0,"tested":10923,"color":"rgb(44,160,44)"},{"description":"NH/PI*","count":0,"tested":10,"color":"rgb(127,127,127)"},{"description":"Other","count":0,"tested":149,"color":"rgb(148,103,189)"},{"description":"White","count":0,"tested":7961,"color":"rgb(31,119,180)"}],"gender":[{"description":"Female","count":0,"tested":11437,"color":"rgb(255,127,14)"},{"description":"Male","count":0,"tested":7626,"color":"rgb(31,119,180)"},{"description":"Unknown/Left Blank","count":0,"tested":424,"color":"rgb(44,160,44)"}]}}]}
