{"lastUpdatedDate":{"year":2020,"month":11,"day":8},"county_demographics":[{"County":"Richland","confirmed_cases":416,"total_tested":8706,"demographics":{"age":[{"age_group":"<20","count":0,"tested":1438},{"age_group":"20-29   ","count":0,"tested":1135},{"age_group":"30-39   ","count":0,"tested":1036},{"age_group":"40-49   ","count":0,"tested":1005},{"age_group":"50-59   ","count":0,"tested":1119},{"age_group":"60-69   ","count":0,"tested":1127},{"age_group":"70-79   ","count":0,"tested":796},{"age_group":"80+","count":0,"tested":1049},{"age_group":"Unknown","count":0,"tested":0}],"race":[{"description":"Asian","count":0,"tested":30,"color":"rgb(140,86,75)"},{"description":"Black","count":0,"tested":63,"color":"rgb(255,127,14)"},{"description":"Hispanic","count":0,"tested":58,"color":"rgb(214,39,40)"},{"description":"Left Blank","count":0,"tested":1602,"color":"rgb(44,160,44)"},{"description":"NH/PI*","count":0,"tested":12,"color":"rgb(127,127,127)"},{"description":"Other","count":0,"tested":97,"color":"rgb(148,103,189)"},{"description":"White","count":0,"tested":6844,"color":"rgb(31,119,180)"}],"gender":[{"description":"Female","count":0,"tested":5566,"color":"rgb(255,127,14)"},{"description":"Male","count":0,"tested":3097,"color":"rgb(31,119,180)"},{"description":"Unknown/Left Blank","count":0,"tested":43,"color":"rgb(44,160,44)"}]}}]}
