{"lastUpdatedDate":{"year":2020,"month":11,"day":8},"county_demographics":[{"County":"Menard","confirmed_cases":234,"total_tested":6773,"demographics":{"age":[{"age_group":"<20","count":0,"tested":1008},{"age_group":"20-29   ","count":0,"tested":872},{"age_group":"30-39   ","count":0,"tested":1001},{"age_group":"40-49   ","count":0,"tested":886},{"age_group":"50-59   ","count":0,"tested":1101},{"age_group":"60-69   ","count":0,"tested":944},{"age_group":"70-79   ","count":0,"tested":647},{"age_group":"80+","count":0,"tested":313},{"age_group":"Unknown","count":0,"tested":0}],"race":[{"description":"AI/AN**","count":0,"tested":6,"color":"rgb(31,119,180)"},{"description":"Asian","count":0,"tested":0,"color":"rgb(140,86,75)"},{"description":"Black","count":0,"tested":29,"color":"rgb(255,127,14)"},{"description":"Hispanic","count":0,"tested":31,"color":"rgb(214,39,40)"},{"description":"Left Blank","count":0,"tested":2998,"color":"rgb(44,160,44)"},{"description":"NH/PI*","count":0,"tested":0,"color":"rgb(127,127,127)"},{"description":"Other","count":0,"tested":65,"color":"rgb(148,103,189)"},{"description":"White","count":0,"tested":3638,"color":"rgb(31,119,180)"}],"gender":[{"description":"Female","count":0,"tested":3917,"color":"rgb(255,127,14)"},{"description":"Male","count":0,"tested":2723,"color":"rgb(31,119,180)"},{"description":"Unknown/Left Blank","count":0,"tested":133,"color":"rgb(44,160,44)"}]}}]}
