{"lastUpdatedDate":{"year":2020,"month":11,"day":8},"county_demographics":[{"County":"Greene","confirmed_cases":495,"total_tested":5580,"demographics":{"age":[{"age_group":"<20","count":0,"tested":735},{"age_group":"20-29   ","count":0,"tested":702},{"age_group":"30-39   ","count":0,"tested":784},{"age_group":"40-49   ","count":0,"tested":661},{"age_group":"50-59   ","count":0,"tested":872},{"age_group":"60-69   ","count":0,"tested":699},{"age_group":"70-79   ","count":0,"tested":543},{"age_group":"80+","count":0,"tested":583},{"age_group":"Unknown","count":0,"tested":0}],"race":[{"description":"AI/AN**","count":0,"tested":0,"color":"rgb(31,119,180)"},{"description":"Asian","count":0,"tested":7,"color":"rgb(140,86,75)"},{"description":"Black","count":0,"tested":22,"color":"rgb(255,127,14)"},{"description":"Hispanic","count":0,"tested":12,"color":"rgb(214,39,40)"},{"description":"Left Blank","count":0,"tested":3292,"color":"rgb(44,160,44)"},{"description":"NH/PI*","count":0,"tested":0,"color":"rgb(127,127,127)"},{"description":"Other","count":0,"tested":45,"color":"rgb(148,103,189)"},{"description":"White","count":0,"tested":2200,"color":"rgb(31,119,180)"}],"gender":[{"description":"Female","count":0,"tested":3209,"color":"rgb(255,127,14)"},{"description":"Male","count":0,"tested":1829,"color":"rgb(31,119,180)"},{"description":"Unknown/Left Blank","count":0,"tested":542,"color":"rgb(44,160,44)"}]}}]}
