{"lastUpdatedDate":{"year":2020,"month":11,"day":8},"county_demographics":[{"County":"Champaign","confirmed_cases":7866,"total_tested":887971,"demographics":{"age":[{"age_group":"<20","count":0,"tested":227154},{"age_group":"20-29   ","count":0,"tested":396788},{"age_group":"30-39   ","count":0,"tested":82719},{"age_group":"40-49   ","count":0,"tested":63380},{"age_group":"50-59   ","count":0,"tested":58118},{"age_group":"60-69   ","count":0,"tested":37333},{"age_group":"70-79   ","count":0,"tested":13805},{"age_group":"80+","count":0,"tested":8529},{"age_group":"Unknown","count":0,"tested":145}],"race":[{"description":"AI/AN**","count":0,"tested":1351,"color":"rgb(31,119,180)"},{"description":"Asian","count":0,"tested":171664,"color":"rgb(140,86,75)"},{"description":"Black","count":0,"tested":68633,"color":"rgb(255,127,14)"},{"description":"Hispanic","count":0,"tested":56525,"color":"rgb(214,39,40)"},{"description":"Left Blank","count":0,"tested":33634,"color":"rgb(44,160,44)"},{"description":"NH/PI*","count":0,"tested":634,"color":"rgb(127,127,127)"},{"description":"Other","count":0,"tested":52235,"color":"rgb(148,103,189)"},{"description":"White","count":0,"tested":503295,"color":"rgb(31,119,180)"}],"gender":[{"description":"Female","count":0,"tested":437783,"color":"rgb(255,127,14)"},{"description":"Male","count":0,"tested":448758,"color":"rgb(31,119,180)"},{"description":"Unknown/Left Blank","count":0,"tested":1430,"color":"rgb(44,160,44)"}]}}]}
