{"lastUpdatedDate":{"year":2020,"month":11,"day":8},"county_demographics":[{"County":"Illinois","confirmed_cases":487987,"total_tested":8404304,"demographics":{"age":[{"age_group":"<20","count":0,"tested":1019976},{"age_group":"20-29   ","count":0,"tested":1643701},{"age_group":"30-39   ","count":0,"tested":1174705},{"age_group":"40-49   ","count":0,"tested":1006308},{"age_group":"50-59   ","count":0,"tested":1076649},{"age_group":"60-69   ","count":0,"tested":917649},{"age_group":"70-79   ","count":0,"tested":562493},{"age_group":"80+","count":0,"tested":507130},{"age_group":"Unknown","count":0,"tested":5828}],"race":[{"description":"AI/AN**","count":0,"tested":6554,"color":"rgb(31,119,180)"},{"description":"Asian","count":0,"tested":312555,"color":"rgb(140,86,75)"},{"description":"Black","count":0,"tested":651363,"color":"rgb(255,127,14)"},{"description":"Hispanic","count":0,"tested":604093,"color":"rgb(214,39,40)"},{"description":"Left Blank","count":0,"tested":3365757,"color":"rgb(44,160,44)"},{"description":"NH/PI*","count":0,"tested":9193,"color":"rgb(127,127,127)"},{"description":"Other","count":0,"tested":264989,"color":"rgb(148,103,189)"},{"description":"White","count":0,"tested":2699935,"color":"rgb(31,119,180)"}],"gender":[{"description":"Female","count":0,"tested":4345168,"color":"rgb(255,127,14)"},{"description":"Male","count":0,"tested":3327158,"color":"rgb(31,119,180)"},{"description":"Unknown/Left Blank","count":0,"tested":242113,"color":"rgb(44,160,44)"}]}}]}
