{"lastUpdatedDate":{"year":2021,"month":3,"day":31},"county_demographics":[{"County":"Cumberland","confirmed_cases":1266,"total_tested":11551,"demographics":{"age":[{"race":[],"age_group":"<20","count":199,"tested":1654,"deaths":0},{"race":[],"age_group":"20-29   ","count":176,"tested":1568,"deaths":0},{"race":[],"age_group":"30-39   ","count":163,"tested":1555,"deaths":0},{"race":[],"age_group":"40-49   ","count":164,"tested":1709,"deaths":0},{"race":[],"age_group":"50-59   ","count":195,"tested":1507,"deaths":0},{"race":[],"age_group":"60-69   ","count":163,"tested":1476,"deaths":0},{"race":[],"age_group":"70-79   ","count":98,"tested":829,"deaths":0},{"race":[],"age_group":"80+","count":108,"tested":1252,"deaths":0},{"race":[],"age_group":"Unknown","count":0,"tested":0,"deaths":0}],"race":[{"description":"AI/AN**","count":0,"tested":0,"deaths":0,"color":"rgb(31,119,180)"},{"description":"Asian","count":0,"tested":11,"deaths":0,"color":"rgb(140,86,75)"},{"description":"Black","count":0,"tested":28,"deaths":0,"color":"rgb(255,127,14)"},{"description":"Hispanic","count":0,"tested":55,"deaths":0,"color":"rgb(214,39,40)"},{"description":"Left Blank","count":289,"tested":2380,"deaths":0,"color":"rgb(44,160,44)"},{"description":"NH/PI*","count":0,"tested":0,"deaths":0,"color":"rgb(127,127,127)"},{"description":"Other","count":17,"tested":343,"deaths":0,"color":"rgb(148,103,189)"},{"description":"White","count":952,"tested":8730,"deaths":0,"color":"rgb(31,119,180)"}],"gender":[{"description":"Female","count":658,"tested":7311,"deaths":0,"color":"rgb(255,127,14)"},{"description":"Male","count":593,"tested":4011,"deaths":0,"color":"rgb(31,119,180)"},{"description":"Unknown/Left Blank","count":15,"tested":229,"deaths":0,"color":"rgb(44,160,44)"}]}}]}
