{"lastUpdatedDate":{"year":2021,"month":3,"day":31},"county_demographics":[{"County":"Marshall","confirmed_cases":919,"total_tested":18311,"demographics":{"age":[{"race":[],"age_group":"<20","count":140,"tested":2093,"deaths":0},{"race":[],"age_group":"20-29   ","count":140,"tested":2643,"deaths":0},{"race":[],"age_group":"30-39   ","count":107,"tested":2208,"deaths":0},{"race":[],"age_group":"40-49   ","count":155,"tested":2514,"deaths":0},{"race":[],"age_group":"50-59   ","count":142,"tested":2996,"deaths":0},{"race":[],"age_group":"60-69   ","count":125,"tested":2619,"deaths":0},{"race":[],"age_group":"70-79   ","count":75,"tested":1469,"deaths":0},{"race":[],"age_group":"80+","count":30,"tested":1694,"deaths":0},{"race":[],"age_group":"Unknown","count":0,"tested":75,"deaths":0}],"race":[{"description":"AI/AN**","count":0,"tested":0,"deaths":0,"color":"rgb(31,119,180)"},{"description":"Asian","count":0,"tested":24,"deaths":0,"color":"rgb(140,86,75)"},{"description":"Black","count":0,"tested":48,"deaths":0,"color":"rgb(255,127,14)"},{"description":"Hispanic","count":0,"tested":103,"deaths":0,"color":"rgb(214,39,40)"},{"description":"Left Blank","count":332,"tested":8585,"deaths":0,"color":"rgb(44,160,44)"},{"description":"NH/PI*","count":0,"tested":0,"deaths":0,"color":"rgb(127,127,127)"},{"description":"Other","count":18,"tested":219,"deaths":0,"color":"rgb(148,103,189)"},{"description":"White","count":557,"tested":9329,"deaths":0,"color":"rgb(31,119,180)"}],"gender":[{"description":"Female","count":482,"tested":11825,"deaths":0,"color":"rgb(255,127,14)"},{"description":"Male","count":431,"tested":6084,"deaths":0,"color":"rgb(31,119,180)"},{"description":"Unknown/Left Blank","count":6,"tested":402,"deaths":0,"color":"rgb(44,160,44)"}]}}]}
