{"lastUpdatedDate":{"year":2021,"month":3,"day":31},"county_demographics":[{"County":"Whiteside","confirmed_cases":6314,"total_tested":64285,"demographics":{"age":[{"race":[],"age_group":"<20","count":886,"tested":9783,"deaths":0},{"race":[],"age_group":"20-29   ","count":938,"tested":9924,"deaths":0},{"race":[],"age_group":"30-39   ","count":919,"tested":10029,"deaths":0},{"race":[],"age_group":"40-49   ","count":902,"tested":8960,"deaths":0},{"race":[],"age_group":"50-59   ","count":1016,"tested":9678,"deaths":0},{"race":[],"age_group":"60-69   ","count":791,"tested":7671,"deaths":0},{"race":[],"age_group":"70-79   ","count":438,"tested":4005,"deaths":0},{"race":[],"age_group":"80+","count":419,"tested":4219,"deaths":0},{"race":[],"age_group":"Unknown","count":0,"tested":16,"deaths":0}],"race":[{"description":"AI/AN**","count":0,"tested":26,"deaths":0,"color":"rgb(31,119,180)"},{"description":"Asian","count":14,"tested":117,"deaths":0,"color":"rgb(140,86,75)"},{"description":"Black","count":143,"tested":1659,"deaths":0,"color":"rgb(255,127,14)"},{"description":"Hispanic","count":377,"tested":2195,"deaths":0,"color":"rgb(214,39,40)"},{"description":"Left Blank","count":1457,"tested":29593,"deaths":0,"color":"rgb(44,160,44)"},{"description":"NH/PI*","count":0,"tested":10,"deaths":0,"color":"rgb(127,127,127)"},{"description":"Other","count":305,"tested":1728,"deaths":0,"color":"rgb(148,103,189)"},{"description":"White","count":4008,"tested":28957,"deaths":0,"color":"rgb(31,119,180)"}],"gender":[{"description":"Female","count":3385,"tested":38175,"deaths":0,"color":"rgb(255,127,14)"},{"description":"Male","count":2810,"tested":22199,"deaths":0,"color":"rgb(31,119,180)"},{"description":"Unknown/Left Blank","count":118,"tested":3911,"deaths":0,"color":"rgb(44,160,44)"}]}}]}
