{"lastUpdatedDate":{"year":2021,"month":3,"day":31},"county_demographics":[{"County":"Winnebago","confirmed_cases":29299,"total_tested":355321,"demographics":{"age":[{"race":[],"age_group":"<20","count":4776,"tested":52803,"deaths":0},{"race":[],"age_group":"20-29   ","count":5190,"tested":58461,"deaths":0},{"race":[],"age_group":"30-39   ","count":4491,"tested":52106,"deaths":0},{"race":[],"age_group":"40-49   ","count":4430,"tested":47495,"deaths":0},{"race":[],"age_group":"50-59   ","count":4206,"tested":50414,"deaths":0},{"race":[],"age_group":"60-69   ","count":3112,"tested":40918,"deaths":0},{"race":[],"age_group":"70-79   ","count":1812,"tested":25965,"deaths":0},{"race":[],"age_group":"80+","count":1271,"tested":27085,"deaths":0},{"race":[],"age_group":"Unknown","count":10,"tested":74,"deaths":0}],"race":[{"description":"AI/AN**","count":32,"tested":288,"deaths":0,"color":"rgb(31,119,180)"},{"description":"Asian","count":595,"tested":3820,"deaths":0,"color":"rgb(140,86,75)"},{"description":"Black","count":3143,"tested":27389,"deaths":0,"color":"rgb(255,127,14)"},{"description":"Hispanic","count":5293,"tested":21658,"deaths":0,"color":"rgb(214,39,40)"},{"description":"Left Blank","count":3175,"tested":160172,"deaths":0,"color":"rgb(44,160,44)"},{"description":"NH/PI*","count":19,"tested":221,"deaths":0,"color":"rgb(127,127,127)"},{"description":"Other","count":447,"tested":7297,"deaths":0,"color":"rgb(148,103,189)"},{"description":"White","count":16593,"tested":134476,"deaths":0,"color":"rgb(31,119,180)"}],"gender":[{"description":"Female","count":15682,"tested":208797,"deaths":0,"color":"rgb(255,127,14)"},{"description":"Male","count":13460,"tested":139462,"deaths":0,"color":"rgb(31,119,180)"},{"description":"Unknown/Left Blank","count":157,"tested":7062,"deaths":0,"color":"rgb(44,160,44)"}]}}]}
