{"lastUpdatedDate":{"year":2021,"month":3,"day":31},"county_demographics":[{"County":"Richland","confirmed_cases":1682,"total_tested":23544,"demographics":{"age":[{"race":[],"age_group":"<20","count":238,"tested":3440,"deaths":0},{"race":[],"age_group":"20-29   ","count":221,"tested":3390,"deaths":0},{"race":[],"age_group":"30-39   ","count":228,"tested":3443,"deaths":0},{"race":[],"age_group":"40-49   ","count":228,"tested":3247,"deaths":0},{"race":[],"age_group":"50-59   ","count":241,"tested":3193,"deaths":0},{"race":[],"age_group":"60-69   ","count":214,"tested":2736,"deaths":0},{"race":[],"age_group":"70-79   ","count":151,"tested":1841,"deaths":0},{"race":[],"age_group":"80+","count":161,"tested":2247,"deaths":0},{"race":[],"age_group":"Unknown","count":0,"tested":7,"deaths":0}],"race":[{"description":"AI/AN**","count":0,"tested":0,"deaths":0,"color":"rgb(31,119,180)"},{"description":"Asian","count":6,"tested":70,"deaths":0,"color":"rgb(140,86,75)"},{"description":"Black","count":14,"tested":150,"deaths":0,"color":"rgb(255,127,14)"},{"description":"Hispanic","count":10,"tested":130,"deaths":0,"color":"rgb(214,39,40)"},{"description":"Left Blank","count":168,"tested":6912,"deaths":0,"color":"rgb(44,160,44)"},{"description":"NH/PI*","count":0,"tested":32,"deaths":0,"color":"rgb(127,127,127)"},{"description":"Other","count":7,"tested":169,"deaths":0,"color":"rgb(148,103,189)"},{"description":"White","count":1474,"tested":16078,"deaths":0,"color":"rgb(31,119,180)"}],"gender":[{"description":"Female","count":942,"tested":13885,"deaths":0,"color":"rgb(255,127,14)"},{"description":"Male","count":726,"tested":7753,"deaths":0,"color":"rgb(31,119,180)"},{"description":"Unknown/Left Blank","count":10,"tested":1906,"deaths":0,"color":"rgb(44,160,44)"}]}}]}
