{"age":[{"age_group":"<20","count":127,"tested":782},{"age_group":"20-29   ","count":158,"tested":1475},{"age_group":"30-39   ","count":148,"tested":1363},{"age_group":"40-49   ","count":123,"tested":1167},{"age_group":"50-59   ","count":135,"tested":1249},{"age_group":"60-69   ","count":86,"tested":1313},{"age_group":"70-79   ","count":42,"tested":464},{"age_group":"80+","count":19,"tested":245}],"race":[{"description":"Black","count":23,"tested":235,"color":"rgb(255,127,14)"},{"description":"Asian","count":19,"tested":183,"color":"rgb(140,86,75)"},{"description":"Other","count":49,"tested":347,"color":"rgb(148,103,189)"},{"description":"Left Blank","count":352,"tested":3733,"color":"rgb(44,160,44)"},{"description":"White","count":301,"tested":2984,"color":"rgb(31,119,180)"},{"description":"Hispanic","count":91,"tested":555,"color":"rgb(214,39,40)"}],"gender":[{"description":"Female","count":471,"tested":4442,"color":"rgb(255,127,14)"},{"description":"Male","count":366,"tested":3468,"color":"rgb(31,119,180)"}]}
