{"age":[{"age_group":"<20","count":464,"tested":3124},{"age_group":"20-29   ","count":512,"tested":5073},{"age_group":"30-39   ","count":480,"tested":4526},{"age_group":"40-49   ","count":503,"tested":5159},{"age_group":"50-59   ","count":500,"tested":5177},{"age_group":"60-69   ","count":378,"tested":4083},{"age_group":"70-79   ","count":178,"tested":2188},{"age_group":"80+","count":107,"tested":1372}],"race":[{"description":"Asian","count":16,"tested":118,"color":"rgb(140,86,75)"},{"description":"White","count":521,"tested":4306,"color":"rgb(31,119,180)"},{"description":"Black","count":815,"tested":8845,"color":"rgb(255,127,14)"},{"description":"Other","count":92,"tested":650,"color":"rgb(148,103,189)"},{"description":"Left Blank","count":1188,"tested":14287,"color":"rgb(44,160,44)"},{"description":"Hispanic","count":484,"tested":2556,"color":"rgb(214,39,40)"}],"gender":[{"description":"Female","count":1699,"tested":18898,"color":"rgb(255,127,14)"},{"description":"Male","count":1401,"tested":11154,"color":"rgb(31,119,180)"},{"description":"Unknown/Left Blank","count":22,"tested":769,"color":"rgb(44,160,44)"}]}
