{"age":[{"age_group":"20-29   ","count":49,"tested":1609},{"age_group":"30-39   ","count":95,"tested":1990},{"age_group":"40-49   ","count":86,"tested":1970},{"age_group":"50-59   ","count":72,"tested":1410},{"age_group":"60-69   ","count":56,"tested":780},{"age_group":"70-79   ","count":10,"tested":143}],"race":[{"description":"Black","count":207,"tested":1754,"color":"rgb(255,127,14)"},{"description":"Hispanic","count":51,"tested":229,"color":"rgb(214,39,40)"},{"description":"Left Blank","count":59,"tested":6218,"color":"rgb(44,160,44)"},{"description":"White","count":55,"tested":640,"color":"rgb(31,119,180)"}],"gender":[{"description":"Male","count":340,"tested":4639,"color":"rgb(31,119,180)"},{"description":"Unknown/Left Blank","count":8,"tested":4125,"color":"rgb(44,160,44)"},{"description":"Female","count":28,"tested":380,"color":"rgb(255,127,14)"}]}
