{"age":[{"age_group":"<20","count":595,"tested":5086},{"age_group":"20-29   ","count":555,"tested":5017},{"age_group":"30-39   ","count":534,"tested":5367},{"age_group":"40-49   ","count":566,"tested":4817},{"age_group":"50-59   ","count":597,"tested":5516},{"age_group":"60-69   ","count":322,"tested":3914},{"age_group":"70-79   ","count":124,"tested":1999},{"age_group":"80+","count":48,"tested":1465}],"race":[{"description":"Other","count":51,"tested":766,"color":"rgb(148,103,189)"},{"description":"Black","count":43,"tested":350,"color":"rgb(255,127,14)"},{"description":"White","count":1961,"tested":16385,"color":"rgb(31,119,180)"},{"description":"Asian","count":23,"tested":243,"color":"rgb(140,86,75)"},{"description":"Left Blank","count":1153,"tested":14644,"color":"rgb(44,160,44)"},{"description":"Hispanic","count":106,"tested":762,"color":"rgb(214,39,40)"}],"gender":[{"description":"Unknown/Left Blank","count":32,"tested":416,"color":"rgb(44,160,44)"},{"description":"Male","count":1644,"tested":14833,"color":"rgb(31,119,180)"},{"description":"Female","count":1665,"tested":17938,"color":"rgb(255,127,14)"}]}
