{"age":[{"age_group":"<20","count":962,"tested":10639},{"age_group":"20-29   ","count":588,"tested":8840},{"age_group":"30-39   ","count":519,"tested":8524},{"age_group":"40-49   ","count":739,"tested":9278},{"age_group":"50-59   ","count":739,"tested":10450},{"age_group":"60-69   ","count":395,"tested":7371},{"age_group":"70-79   ","count":193,"tested":4556},{"age_group":"80+","count":176,"tested":9388}],"race":[{"description":"AI/AN**","count":10,"tested":39,"color":"rgb(31,119,180)"},{"description":"Other","count":113,"tested":1939,"color":"rgb(148,103,189)"},{"description":"Left Blank","count":961,"tested":34730,"color":"rgb(44,160,44)"},{"description":"Black","count":96,"tested":750,"color":"rgb(255,127,14)"},{"description":"Asian","count":158,"tested":1672,"color":"rgb(140,86,75)"},{"description":"White","count":2592,"tested":27680,"color":"rgb(31,119,180)"},{"description":"Hispanic","count":377,"tested":2207,"color":"rgb(214,39,40)"}],"gender":[{"description":"Male","count":2164,"tested":28013,"color":"rgb(31,119,180)"},{"description":"Unknown/Left Blank","count":43,"tested":796,"color":"rgb(44,160,44)"},{"description":"Female","count":2104,"tested":40245,"color":"rgb(255,127,14)"}]}
