{"age":[{"age_group":"<20","count":454,"tested":4241},{"age_group":"20-29   ","count":652,"tested":5312},{"age_group":"30-39   ","count":593,"tested":5086},{"age_group":"40-49   ","count":569,"tested":4855},{"age_group":"50-59   ","count":600,"tested":5253},{"age_group":"60-69   ","count":303,"tested":3320},{"age_group":"70-79   ","count":156,"tested":1843},{"age_group":"80+","count":60,"tested":818}],"race":[{"description":"AI/AN**","count":11,"tested":53,"color":"rgb(31,119,180)"},{"description":"Asian","count":16,"tested":213,"color":"rgb(140,86,75)"},{"description":"Hispanic","count":293,"tested":1383,"color":"rgb(214,39,40)"},{"description":"Black","count":132,"tested":950,"color":"rgb(255,127,14)"},{"description":"Left Blank","count":1116,"tested":13480,"color":"rgb(44,160,44)"},{"description":"Other","count":103,"tested":1137,"color":"rgb(148,103,189)"},{"description":"White","count":1716,"tested":13496,"color":"rgb(31,119,180)"}],"gender":[{"description":"Female","count":1637,"tested":16708,"color":"rgb(255,127,14)"},{"description":"Male","count":1709,"tested":13376,"color":"rgb(31,119,180)"},{"description":"Unknown/Left Blank","count":41,"tested":648,"color":"rgb(44,160,44)"}]}
