{"age":[{"age_group":"<20","count":23,"tested":142},{"age_group":"20-29   ","count":16,"tested":163},{"age_group":"30-39   ","count":19,"tested":152},{"age_group":"40-49   ","count":14,"tested":99},{"age_group":"50-59   ","count":20,"tested":131},{"age_group":"60-69   ","count":16,"tested":128},{"age_group":"70-79   ","count":9,"tested":80}],"race":[{"description":"White","count":96,"tested":418,"color":"rgb(31,119,180)"},{"description":"Left Blank","count":7,"tested":451,"color":"rgb(44,160,44)"},{"description":"Hispanic","count":15,"tested":27,"color":"rgb(214,39,40)"}],"gender":[{"description":"Male","count":53,"tested":414,"color":"rgb(31,119,180)"},{"description":"Female","count":69,"tested":515,"color":"rgb(255,127,14)"}]}
