{"age":[{"age_group":"<20","count":302,"tested":3287},{"age_group":"20-29   ","count":338,"tested":5252},{"age_group":"30-39   ","count":247,"tested":3667},{"age_group":"40-49   ","count":294,"tested":3276},{"age_group":"50-59   ","count":237,"tested":3663},{"age_group":"60-69   ","count":163,"tested":2884},{"age_group":"70-79   ","count":109,"tested":1945},{"age_group":"80+","count":61,"tested":1245}],"race":[{"description":"AI/AN**","count":6,"tested":18,"color":"rgb(31,119,180)"},{"description":"Hispanic","count":441,"tested":1862,"color":"rgb(214,39,40)"},{"description":"Asian","count":6,"tested":62,"color":"rgb(140,86,75)"},{"description":"White","count":572,"tested":6327,"color":"rgb(31,119,180)"},{"description":"Black","count":532,"tested":4501,"color":"rgb(255,127,14)"},{"description":"Other","count":27,"tested":346,"color":"rgb(148,103,189)"},{"description":"Left Blank","count":166,"tested":12102,"color":"rgb(44,160,44)"}],"gender":[{"description":"Female","count":968,"tested":13504,"color":"rgb(255,127,14)"},{"description":"Male","count":764,"tested":11012,"color":"rgb(31,119,180)"},{"description":"Unknown/Left Blank","count":19,"tested":705,"color":"rgb(44,160,44)"}]}
