{"age":[{"age_group":"<20","count":195,"tested":5862},{"age_group":"20-29   ","count":679,"tested":21307},{"age_group":"30-39   ","count":709,"tested":15879},{"age_group":"40-49   ","count":318,"tested":6571},{"age_group":"50-59   ","count":297,"tested":3910},{"age_group":"60-69   ","count":181,"tested":2664},{"age_group":"70-79   ","count":55,"tested":902},{"age_group":"80+","count":20,"tested":348}],"race":[{"description":"Black","count":442,"tested":6022,"color":"rgb(255,127,14)"},{"description":"Asian","count":153,"tested":7564,"color":"rgb(140,86,75)"},{"description":"Hispanic","count":221,"tested":3321,"color":"rgb(214,39,40)"},{"description":"White","count":877,"tested":18052,"color":"rgb(31,119,180)"},{"description":"Other","count":140,"tested":3794,"color":"rgb(148,103,189)"},{"description":"Left Blank","count":618,"tested":18558,"color":"rgb(44,160,44)"}],"gender":[{"description":"Female","count":1067,"tested":28419,"color":"rgb(255,127,14)"},{"description":"Male","count":1262,"tested":26093,"color":"rgb(31,119,180)"},{"description":"Unknown/Left Blank","count":126,"tested":2945,"color":"rgb(44,160,44)"}]}
