{"age":[{"age_group":"<20","count":218,"tested":1993},{"age_group":"20-29   ","count":334,"tested":3970},{"age_group":"30-39   ","count":342,"tested":4566},{"age_group":"40-49   ","count":324,"tested":5148},{"age_group":"50-59   ","count":395,"tested":7053},{"age_group":"60-69   ","count":258,"tested":4655},{"age_group":"70-79   ","count":110,"tested":2208},{"age_group":"80+","count":36,"tested":1064}],"race":[{"description":"Other","count":48,"tested":543,"color":"rgb(148,103,189)"},{"description":"Left Blank","count":592,"tested":10626,"color":"rgb(44,160,44)"},{"description":"Hispanic","count":112,"tested":889,"color":"rgb(214,39,40)"},{"description":"White","count":328,"tested":5700,"color":"rgb(31,119,180)"},{"description":"Black","count":924,"tested":12742,"color":"rgb(255,127,14)"},{"description":"Asian","count":7,"tested":107,"color":"rgb(140,86,75)"}],"gender":[{"description":"Female","count":1118,"tested":17095,"color":"rgb(255,127,14)"},{"description":"Male","count":883,"tested":12794,"color":"rgb(31,119,180)"},{"description":"Unknown/Left Blank","count":16,"tested":788,"color":"rgb(44,160,44)"}]}
