{"age":[{"age_group":"<20","count":246,"tested":2152},{"age_group":"20-29   ","count":391,"tested":3300},{"age_group":"30-39   ","count":311,"tested":2882},{"age_group":"40-49   ","count":304,"tested":2638},{"age_group":"50-59   ","count":409,"tested":3678},{"age_group":"60-69   ","count":244,"tested":2646},{"age_group":"70-79   ","count":111,"tested":1505},{"age_group":"80+","count":35,"tested":929}],"race":[{"description":"Hispanic","count":195,"tested":870,"color":"rgb(214,39,40)"},{"description":"Left Blank","count":550,"tested":7302,"color":"rgb(44,160,44)"},{"description":"Other","count":55,"tested":307,"color":"rgb(148,103,189)"},{"description":"Asian","count":17,"tested":172,"color":"rgb(140,86,75)"},{"description":"White","count":1217,"tested":10911,"color":"rgb(31,119,180)"},{"description":"Black","count":11,"tested":125,"color":"rgb(255,127,14)"}],"gender":[{"description":"Female","count":1028,"tested":11275,"color":"rgb(255,127,14)"},{"description":"Male","count":1013,"tested":8330,"color":"rgb(31,119,180)"}]}
