{"age":[{"age_group":"20-29   ","count":10,"tested":127},{"age_group":"30-39   ","count":9,"tested":160},{"age_group":"50-59   ","count":17,"tested":256},{"age_group":"60-69   ","count":13,"tested":142}],"race":[{"description":"Left Blank","count":6,"tested":436,"color":"rgb(44,160,44)"},{"description":"White","count":64,"tested":615,"color":"rgb(31,119,180)"}],"gender":[{"description":"Male","count":36,"tested":260,"color":"rgb(31,119,180)"},{"description":"Female","count":35,"tested":755,"color":"rgb(255,127,14)"}]}
