{"age":[{"age_group":"<20","count":769,"tested":6272},{"age_group":"20-29   ","count":996,"tested":12730},{"age_group":"30-39   ","count":880,"tested":11874},{"age_group":"40-49   ","count":927,"tested":11705},{"age_group":"50-59   ","count":830,"tested":13891},{"age_group":"60-69   ","count":572,"tested":10678},{"age_group":"70-79   ","count":292,"tested":5638},{"age_group":"80+","count":184,"tested":4481}],"race":[{"description":"Black","count":1713,"tested":23855,"color":"rgb(255,127,14)"},{"description":"Asian","count":13,"tested":181,"color":"rgb(140,86,75)"},{"description":"AI/AN**","count":37,"tested":228,"color":"rgb(31,119,180)"},{"description":"Other","count":184,"tested":2194,"color":"rgb(148,103,189)"},{"description":"White","count":667,"tested":9197,"color":"rgb(31,119,180)"},{"description":"Left Blank","count":1902,"tested":36524,"color":"rgb(44,160,44)"},{"description":"Hispanic","count":933,"tested":5042,"color":"rgb(214,39,40)"}],"gender":[{"description":"Male","count":2430,"tested":32447,"color":"rgb(31,119,180)"},{"description":"Unknown/Left Blank","count":45,"tested":1183,"color":"rgb(44,160,44)"},{"description":"Female","count":2976,"tested":43666,"color":"rgb(255,127,14)"}]}
