{"age":[{"age_group":"<20","count":182,"tested":1212},{"age_group":"20-29   ","count":188,"tested":1686},{"age_group":"30-39   ","count":222,"tested":1848},{"age_group":"40-49   ","count":151,"tested":1391},{"age_group":"50-59   ","count":169,"tested":1632},{"age_group":"60-69   ","count":146,"tested":1361},{"age_group":"70-79   ","count":35,"tested":591},{"age_group":"80+","count":24,"tested":417}],"race":[{"description":"White","count":481,"tested":4315,"color":"rgb(31,119,180)"},{"description":"Other","count":48,"tested":524,"color":"rgb(148,103,189)"},{"description":"Left Blank","count":214,"tested":2731,"color":"rgb(44,160,44)"},{"description":"Black","count":17,"tested":131,"color":"rgb(255,127,14)"},{"description":"Asian","count":21,"tested":186,"color":"rgb(140,86,75)"},{"description":"Hispanic","count":334,"tested":2226,"color":"rgb(214,39,40)"}],"gender":[{"description":"Male","count":537,"tested":4543,"color":"rgb(31,119,180)"},{"description":"Female","count":579,"tested":5478,"color":"rgb(255,127,14)"}]}
