{"age":[{"age_group":"<20","count":49,"tested":650},{"age_group":"20-29   ","count":55,"tested":601},{"age_group":"30-39   ","count":57,"tested":626},{"age_group":"40-49   ","count":42,"tested":524},{"age_group":"50-59   ","count":77,"tested":804},{"age_group":"60-69   ","count":54,"tested":593},{"age_group":"70-79   ","count":8,"tested":312}],"race":[{"description":"Hispanic","count":27,"tested":170,"color":"rgb(214,39,40)"},{"description":"White","count":187,"tested":2648,"color":"rgb(31,119,180)"},{"description":"Left Blank","count":119,"tested":1669,"color":"rgb(44,160,44)"}],"gender":[{"description":"Male","count":159,"tested":2001,"color":"rgb(31,119,180)"},{"description":"Female","count":183,"tested":2562,"color":"rgb(255,127,14)"}]}
