{"age":[{"age_group":"<20","count":152,"tested":2052},{"age_group":"20-29   ","count":201,"tested":2894},{"age_group":"30-39   ","count":196,"tested":2903},{"age_group":"40-49   ","count":191,"tested":2833},{"age_group":"50-59   ","count":185,"tested":2823},{"age_group":"60-69   ","count":183,"tested":3288},{"age_group":"70-79   ","count":105,"tested":1713},{"age_group":"80+","count":89,"tested":1817}],"race":[{"description":"Hispanic","count":50,"tested":379,"color":"rgb(214,39,40)"},{"description":"Black","count":710,"tested":9353,"color":"rgb(255,127,14)"},{"description":"White","count":76,"tested":1094,"color":"rgb(31,119,180)"},{"description":"Other","count":34,"tested":300,"color":"rgb(148,103,189)"},{"description":"Left Blank","count":431,"tested":9189,"color":"rgb(44,160,44)"}],"gender":[{"description":"Female","count":713,"tested":11870,"color":"rgb(255,127,14)"},{"description":"Male","count":568,"tested":7626,"color":"rgb(31,119,180)"},{"description":"Unknown/Left Blank","count":21,"tested":881,"color":"rgb(44,160,44)"}]}
