{"age":[{"age_group":"<20","count":2263,"tested":14239},{"age_group":"20-29   ","count":2693,"tested":21482},{"age_group":"30-39   ","count":2562,"tested":18617},{"age_group":"40-49   ","count":2412,"tested":16102},{"age_group":"50-59   ","count":1973,"tested":14652},{"age_group":"60-69   ","count":1106,"tested":10377},{"age_group":"70-79   ","count":526,"tested":4782},{"age_group":"80+","count":186,"tested":1792}],"race":[{"description":"AI/AN**","count":10,"tested":87,"color":"rgb(31,119,180)"},{"description":"NH/PI*","count":7,"tested":86,"color":"rgb(127,127,127)"},{"description":"White","count":737,"tested":8409,"color":"rgb(31,119,180)"},{"description":"Left Blank","count":2317,"tested":30725,"color":"rgb(44,160,44)"},{"description":"Asian","count":65,"tested":792,"color":"rgb(140,86,75)"},{"description":"Other","count":502,"tested":4874,"color":"rgb(148,103,189)"},{"description":"Black","count":761,"tested":8015,"color":"rgb(255,127,14)"},{"description":"Hispanic","count":9322,"tested":49228,"color":"rgb(214,39,40)"}],"gender":[{"description":"Unknown/Left Blank","count":82,"tested":1024,"color":"rgb(44,160,44)"},{"description":"Male","count":6655,"tested":46113,"color":"rgb(31,119,180)"},{"description":"Female","count":6984,"tested":55079,"color":"rgb(255,127,14)"}]}
