{"age":[{"age_group":"<20","count":98,"tested":735},{"age_group":"20-29   ","count":136,"tested":1271},{"age_group":"30-39   ","count":130,"tested":1410},{"age_group":"40-49   ","count":132,"tested":1449},{"age_group":"50-59   ","count":141,"tested":1513},{"age_group":"60-69   ","count":103,"tested":1281},{"age_group":"70-79   ","count":48,"tested":740},{"age_group":"80+","count":18,"tested":238}],"race":[{"description":"Hispanic","count":137,"tested":659,"color":"rgb(214,39,40)"},{"description":"White","count":53,"tested":634,"color":"rgb(31,119,180)"},{"description":"Left Blank","count":162,"tested":3150,"color":"rgb(44,160,44)"},{"description":"Asian","count":13,"tested":87,"color":"rgb(140,86,75)"},{"description":"Black","count":401,"tested":3858,"color":"rgb(255,127,14)"},{"description":"Other","count":37,"tested":248,"color":"rgb(148,103,189)"}],"gender":[{"description":"Unknown/Left Blank","count":14,"tested":342,"color":"rgb(44,160,44)"},{"description":"Male","count":368,"tested":3405,"color":"rgb(31,119,180)"},{"description":"Female","count":424,"tested":4892,"color":"rgb(255,127,14)"}]}
