{"age":[{"age_group":"<20","count":281,"tested":5049},{"age_group":"20-29   ","count":882,"tested":22205},{"age_group":"30-39   ","count":949,"tested":26111},{"age_group":"40-49   ","count":637,"tested":14911},{"age_group":"50-59   ","count":580,"tested":15942},{"age_group":"60-69   ","count":448,"tested":11558},{"age_group":"70-79   ","count":295,"tested":5796},{"age_group":"80+","count":258,"tested":6686}],"race":[{"description":"Asian","count":292,"tested":4429,"color":"rgb(140,86,75)"},{"description":"Hispanic","count":546,"tested":4779,"color":"rgb(214,39,40)"},{"description":"Black","count":547,"tested":8748,"color":"rgb(255,127,14)"},{"description":"White","count":1417,"tested":31316,"color":"rgb(31,119,180)"},{"description":"Other","count":225,"tested":3872,"color":"rgb(148,103,189)"},{"description":"Left Blank","count":1290,"tested":55141,"color":"rgb(44,160,44)"},{"description":"AI/AN**","count":7,"tested":63,"color":"rgb(31,119,180)"}],"gender":[{"description":"Female","count":1954,"tested":53294,"color":"rgb(255,127,14)"},{"description":"Male","count":2168,"tested":50266,"color":"rgb(31,119,180)"},{"description":"Unknown/Left Blank","count":208,"tested":4904,"color":"rgb(44,160,44)"}]}
