{"age":[{"age_group":"<20","count":22,"tested":210},{"age_group":"20-29   ","count":26,"tested":180},{"age_group":"30-39   ","count":19,"tested":176},{"age_group":"40-49   ","count":16,"tested":196},{"age_group":"50-59   ","count":33,"tested":184},{"age_group":"60-69   ","count":12,"tested":127},{"age_group":"70-79   ","count":11,"tested":66}],"race":[{"description":"Left Blank","count":57,"tested":568,"color":"rgb(44,160,44)"},{"description":"White","count":82,"tested":553,"color":"rgb(31,119,180)"}],"gender":[{"description":"Male","count":74,"tested":446,"color":"rgb(31,119,180)"},{"description":"Female","count":69,"tested":705,"color":"rgb(255,127,14)"}]}
