{"age":[{"age_group":"<20","count":174,"tested":1632},{"age_group":"20-29   ","count":144,"tested":1772},{"age_group":"30-39   ","count":112,"tested":1405},{"age_group":"40-49   ","count":162,"tested":1439},{"age_group":"50-59   ","count":180,"tested":1778},{"age_group":"60-69   ","count":103,"tested":1488},{"age_group":"70-79   ","count":41,"tested":1054},{"age_group":"80+","count":26,"tested":526}],"race":[{"description":"Left Blank","count":205,"tested":3371,"color":"rgb(44,160,44)"},{"description":"Hispanic","count":85,"tested":551,"color":"rgb(214,39,40)"},{"description":"Other","count":34,"tested":295,"color":"rgb(148,103,189)"},{"description":"White","count":597,"tested":6640,"color":"rgb(31,119,180)"},{"description":"Black","count":10,"tested":129,"color":"rgb(255,127,14)"},{"description":"Asian","count":8,"tested":97,"color":"rgb(140,86,75)"}],"gender":[{"description":"Female","count":464,"tested":5818,"color":"rgb(255,127,14)"},{"description":"Male","count":474,"tested":5183,"color":"rgb(31,119,180)"}]}
