{"age":[{"age_group":"<20","count":217,"tested":2248},{"age_group":"20-29   ","count":196,"tested":1611},{"age_group":"30-39   ","count":193,"tested":1564},{"age_group":"40-49   ","count":176,"tested":1372},{"age_group":"50-59   ","count":151,"tested":1360},{"age_group":"60-69   ","count":91,"tested":991},{"age_group":"70-79   ","count":69,"tested":423},{"age_group":"80+","count":35,"tested":257}],"race":[{"description":"Left Blank","count":92,"tested":3576,"color":"rgb(44,160,44)"},{"description":"White","count":804,"tested":5078,"color":"rgb(31,119,180)"},{"description":"Hispanic","count":155,"tested":454,"color":"rgb(214,39,40)"},{"description":"Other","count":23,"tested":345,"color":"rgb(148,103,189)"},{"description":"Black","count":40,"tested":257,"color":"rgb(255,127,14)"},{"description":"Asian","count":16,"tested":98,"color":"rgb(140,86,75)"}],"gender":[{"description":"Male","count":516,"tested":4109,"color":"rgb(31,119,180)"},{"description":"Female","count":610,"tested":5633,"color":"rgb(255,127,14)"}]}
