{"age":[{"age_group":"<20","count":324,"tested":2689},{"age_group":"20-29   ","count":463,"tested":6967},{"age_group":"30-39   ","count":493,"tested":7789},{"age_group":"40-49   ","count":453,"tested":8750},{"age_group":"50-59   ","count":511,"tested":10132},{"age_group":"60-69   ","count":510,"tested":10810},{"age_group":"70-79   ","count":322,"tested":6415},{"age_group":"80+","count":470,"tested":9595}],"race":[{"description":"NH/PI*","count":16,"tested":155,"color":"rgb(127,127,127)"},{"description":"AI/AN**","count":10,"tested":64,"color":"rgb(31,119,180)"},{"description":"Left Blank","count":1117,"tested":39001,"color":"rgb(44,160,44)"},{"description":"Other","count":361,"tested":2277,"color":"rgb(148,103,189)"},{"description":"Black","count":54,"tested":904,"color":"rgb(255,127,14)"},{"description":"White","count":1210,"tested":12457,"color":"rgb(31,119,180)"},{"description":"Asian","count":408,"tested":5891,"color":"rgb(140,86,75)"},{"description":"Hispanic","count":372,"tested":2436,"color":"rgb(214,39,40)"}],"gender":[{"description":"Female","count":1901,"tested":38202,"color":"rgb(255,127,14)"},{"description":"Male","count":1615,"tested":23959,"color":"rgb(31,119,180)"},{"description":"Unknown/Left Blank","count":32,"tested":1024,"color":"rgb(44,160,44)"}]}
