{"age":[{"age_group":"<20","count":149,"tested":1431},{"age_group":"20-29   ","count":134,"tested":1647},{"age_group":"30-39   ","count":191,"tested":1622},{"age_group":"40-49   ","count":161,"tested":1446},{"age_group":"50-59   ","count":177,"tested":1536},{"age_group":"60-69   ","count":119,"tested":1406},{"age_group":"70-79   ","count":58,"tested":944},{"age_group":"80+","count":38,"tested":735}],"race":[{"description":"White","count":551,"tested":5523,"color":"rgb(31,119,180)"},{"description":"Hispanic","count":202,"tested":811,"color":"rgb(214,39,40)"},{"description":"Left Blank","count":246,"tested":4120,"color":"rgb(44,160,44)"},{"description":"Other","count":16,"tested":182,"color":"rgb(148,103,189)"}],"gender":[{"description":"Female","count":553,"tested":6433,"color":"rgb(255,127,14)"},{"description":"Male","count":472,"tested":4208,"color":"rgb(31,119,180)"}]}
