{"age":[{"age_group":"<20","count":221,"tested":2187},{"age_group":"20-29   ","count":219,"tested":2464},{"age_group":"30-39   ","count":212,"tested":2914},{"age_group":"40-49   ","count":240,"tested":2876},{"age_group":"50-59   ","count":216,"tested":2949},{"age_group":"60-69   ","count":147,"tested":2448},{"age_group":"70-79   ","count":78,"tested":1422},{"age_group":"80+","count":51,"tested":1492}],"race":[{"description":"Asian","count":31,"tested":346,"color":"rgb(140,86,75)"},{"description":"Black","count":7,"tested":119,"color":"rgb(255,127,14)"},{"description":"Other","count":32,"tested":318,"color":"rgb(148,103,189)"},{"description":"Hispanic","count":274,"tested":1433,"color":"rgb(214,39,40)"},{"description":"Left Blank","count":461,"tested":9155,"color":"rgb(44,160,44)"},{"description":"White","count":578,"tested":7346,"color":"rgb(31,119,180)"}],"gender":[{"description":"Female","count":702,"tested":10758,"color":"rgb(255,127,14)"},{"description":"Male","count":669,"tested":7561,"color":"rgb(31,119,180)"},{"description":"Unknown/Left Blank","count":13,"tested":435,"color":"rgb(44,160,44)"}]}
