{"age":[{"age_group":"<20","count":416,"tested":3951},{"age_group":"20-29   ","count":420,"tested":4899},{"age_group":"30-39   ","count":360,"tested":4341},{"age_group":"40-49   ","count":455,"tested":5137},{"age_group":"50-59   ","count":412,"tested":5038},{"age_group":"60-69   ","count":206,"tested":3772},{"age_group":"70-79   ","count":154,"tested":3810},{"age_group":"80+","count":132,"tested":3788}],"race":[{"description":"Left Blank","count":744,"tested":14333,"color":"rgb(44,160,44)"},{"description":"Hispanic","count":364,"tested":2387,"color":"rgb(214,39,40)"},{"description":"Other","count":89,"tested":1109,"color":"rgb(148,103,189)"},{"description":"Asian","count":77,"tested":989,"color":"rgb(140,86,75)"},{"description":"White","count":1132,"tested":14144,"color":"rgb(31,119,180)"},{"description":"Black","count":142,"tested":1716,"color":"rgb(255,127,14)"}],"gender":[{"description":"Unknown/Left Blank","count":17,"tested":536,"color":"rgb(44,160,44)"},{"description":"Female","count":1332,"tested":20715,"color":"rgb(255,127,14)"},{"description":"Male","count":1206,"tested":13489,"color":"rgb(31,119,180)"}]}
