{"age":[{"age_group":"<20","count":418,"tested":3413},{"age_group":"20-29   ","count":553,"tested":6058},{"age_group":"30-39   ","count":532,"tested":5960},{"age_group":"40-49   ","count":446,"tested":4915},{"age_group":"50-59   ","count":448,"tested":4779},{"age_group":"60-69   ","count":279,"tested":3906},{"age_group":"70-79   ","count":126,"tested":1871},{"age_group":"80+","count":121,"tested":2261}],"race":[{"description":"Hispanic","count":648,"tested":3022,"color":"rgb(214,39,40)"},{"description":"AI/AN**","count":18,"tested":24,"color":"rgb(31,119,180)"},{"description":"Left Blank","count":1054,"tested":18458,"color":"rgb(44,160,44)"},{"description":"NH/PI*","count":6,"tested":66,"color":"rgb(127,127,127)"},{"description":"Other","count":121,"tested":843,"color":"rgb(148,103,189)"},{"description":"White","count":670,"tested":6530,"color":"rgb(31,119,180)"},{"description":"Asian","count":302,"tested":3221,"color":"rgb(140,86,75)"},{"description":"Black","count":104,"tested":1017,"color":"rgb(255,127,14)"}],"gender":[{"description":"Male","count":1421,"tested":13951,"color":"rgb(31,119,180)"},{"description":"Female","count":1477,"tested":18597,"color":"rgb(255,127,14)"},{"description":"Unknown/Left Blank","count":25,"tested":633,"color":"rgb(44,160,44)"}]}
