{"age":[{"age_group":"<20","count":294,"tested":2793},{"age_group":"20-29   ","count":376,"tested":5159},{"age_group":"30-39   ","count":354,"tested":5110},{"age_group":"40-49   ","count":290,"tested":4530},{"age_group":"50-59   ","count":273,"tested":4882},{"age_group":"60-69   ","count":197,"tested":4734},{"age_group":"70-79   ","count":126,"tested":2869},{"age_group":"80+","count":153,"tested":3505}],"race":[{"description":"Asian","count":139,"tested":1928,"color":"rgb(140,86,75)"},{"description":"Hispanic","count":303,"tested":1351,"color":"rgb(214,39,40)"},{"description":"Black","count":139,"tested":1666,"color":"rgb(255,127,14)"},{"description":"Other","count":59,"tested":885,"color":"rgb(148,103,189)"},{"description":"Left Blank","count":489,"tested":18841,"color":"rgb(44,160,44)"},{"description":"White","count":928,"tested":8882,"color":"rgb(31,119,180)"},{"description":"NH/PI*","count":6,"tested":21,"color":"rgb(127,127,127)"}],"gender":[{"description":"Female","count":1094,"tested":20625,"color":"rgb(255,127,14)"},{"description":"Unknown/Left Blank","count":17,"tested":618,"color":"rgb(44,160,44)"},{"description":"Male","count":952,"tested":12359,"color":"rgb(31,119,180)"}]}
