{"age":[{"age_group":"<20","count":236,"tested":5228},{"age_group":"20-29   ","count":289,"tested":3531},{"age_group":"30-39   ","count":273,"tested":3176},{"age_group":"40-49   ","count":278,"tested":3425},{"age_group":"50-59   ","count":245,"tested":3598},{"age_group":"60-69   ","count":180,"tested":3731},{"age_group":"70-79   ","count":78,"tested":2205},{"age_group":"80+","count":46,"tested":1644}],"race":[{"description":"Asian","count":30,"tested":290,"color":"rgb(140,86,75)"},{"description":"Black","count":373,"tested":5716,"color":"rgb(255,127,14)"},{"description":"Hispanic","count":351,"tested":3800,"color":"rgb(214,39,40)"},{"description":"Left Blank","count":679,"tested":14249,"color":"rgb(44,160,44)"},{"description":"Other","count":43,"tested":620,"color":"rgb(148,103,189)"},{"description":"White","count":148,"tested":1873,"color":"rgb(31,119,180)"}],"gender":[{"description":"Female","count":848,"tested":14318,"color":"rgb(255,127,14)"},{"description":"Male","count":770,"tested":11659,"color":"rgb(31,119,180)"},{"description":"Unknown/Left Blank","count":7,"tested":601,"color":"rgb(44,160,44)"}]}
