{"age":[{"age_group":"<20","count":80,"tested":737},{"age_group":"20-29   ","count":50,"tested":563},{"age_group":"30-39   ","count":67,"tested":573},{"age_group":"40-49   ","count":50,"tested":487},{"age_group":"50-59   ","count":83,"tested":568},{"age_group":"60-69   ","count":37,"tested":419},{"age_group":"70-79   ","count":17,"tested":208},{"age_group":"80+","count":15,"tested":122}],"race":[{"description":"Hispanic","count":9,"tested":49,"color":"rgb(214,39,40)"},{"description":"Left Blank","count":163,"tested":1372,"color":"rgb(44,160,44)"},{"description":"White","count":224,"tested":2186,"color":"rgb(31,119,180)"}],"gender":[{"description":"Female","count":213,"tested":2199,"color":"rgb(255,127,14)"},{"description":"Male","count":185,"tested":1419,"color":"rgb(31,119,180)"}]}
