{"age":[{"age_group":"<20","count":435,"tested":5547},{"age_group":"20-29   ","count":377,"tested":4425},{"age_group":"30-39   ","count":372,"tested":4190},{"age_group":"40-49   ","count":468,"tested":4498},{"age_group":"50-59   ","count":390,"tested":4721},{"age_group":"60-69   ","count":216,"tested":3549},{"age_group":"70-79   ","count":167,"tested":3362},{"age_group":"80+","count":90,"tested":3562}],"race":[{"description":"AI/AN**","count":9,"tested":31,"color":"rgb(31,119,180)"},{"description":"Asian","count":28,"tested":460,"color":"rgb(140,86,75)"},{"description":"Black","count":116,"tested":1649,"color":"rgb(255,127,14)"},{"description":"Hispanic","count":280,"tested":1899,"color":"rgb(214,39,40)"},{"description":"Left Blank","count":725,"tested":13176,"color":"rgb(44,160,44)"},{"description":"Other","count":62,"tested":1103,"color":"rgb(148,103,189)"},{"description":"White","count":1292,"tested":15345,"color":"rgb(31,119,180)"}],"gender":[{"description":"Female","count":1256,"tested":18945,"color":"rgb(255,127,14)"},{"description":"Male","count":1252,"tested":14215,"color":"rgb(31,119,180)"}]}
