{"age":[{"age_group":"<20","count":155,"tested":1853},{"age_group":"20-29   ","count":88,"tested":1046},{"age_group":"30-39   ","count":130,"tested":1044},{"age_group":"40-49   ","count":116,"tested":1032},{"age_group":"50-59   ","count":130,"tested":1381},{"age_group":"60-69   ","count":81,"tested":1042},{"age_group":"70-79   ","count":35,"tested":617},{"age_group":"80+","count":37,"tested":592}],"race":[{"description":"Black","count":14,"tested":109,"color":"rgb(255,127,14)"},{"description":"Hispanic","count":22,"tested":185,"color":"rgb(214,39,40)"},{"description":"Left Blank","count":56,"tested":2701,"color":"rgb(44,160,44)"},{"description":"Other","count":8,"tested":135,"color":"rgb(148,103,189)"},{"description":"White","count":670,"tested":5422,"color":"rgb(31,119,180)"}],"gender":[{"description":"Female","count":409,"tested":4711,"color":"rgb(255,127,14)"},{"description":"Male","count":362,"tested":3790,"color":"rgb(31,119,180)"}]}
