{"age":[{"age_group":"<20","count":188,"tested":1701},{"age_group":"20-29   ","count":214,"tested":2363},{"age_group":"30-39   ","count":213,"tested":2246},{"age_group":"40-49   ","count":168,"tested":1857},{"age_group":"50-59   ","count":168,"tested":1907},{"age_group":"60-69   ","count":115,"tested":1979},{"age_group":"70-79   ","count":54,"tested":749},{"age_group":"80+","count":26,"tested":393}],"race":[{"description":"Asian","count":29,"tested":457,"color":"rgb(140,86,75)"},{"description":"Black","count":40,"tested":451,"color":"rgb(255,127,14)"},{"description":"Hispanic","count":126,"tested":1060,"color":"rgb(214,39,40)"},{"description":"Left Blank","count":404,"tested":5733,"color":"rgb(44,160,44)"},{"description":"Other","count":64,"tested":569,"color":"rgb(148,103,189)"},{"description":"White","count":480,"tested":4892,"color":"rgb(31,119,180)"}],"gender":[{"description":"Female","count":635,"tested":7215,"color":"rgb(255,127,14)"},{"description":"Male","count":510,"tested":5783,"color":"rgb(31,119,180)"}]}
