{"age":[{"age_group":"<20","count":716,"tested":10328},{"age_group":"20-29   ","count":789,"tested":8974},{"age_group":"30-39   ","count":660,"tested":8388},{"age_group":"40-49   ","count":634,"tested":7002},{"age_group":"50-59   ","count":636,"tested":8153},{"age_group":"60-69   ","count":408,"tested":7162},{"age_group":"70-79   ","count":163,"tested":3994},{"age_group":"80+","count":106,"tested":2966}],"race":[{"description":"Asian","count":129,"tested":2988,"color":"rgb(140,86,75)"},{"description":"Black","count":48,"tested":987,"color":"rgb(255,127,14)"},{"description":"Hispanic","count":1367,"tested":9178,"color":"rgb(214,39,40)"},{"description":"Left Blank","count":1028,"tested":18626,"color":"rgb(44,160,44)"},{"description":"NH/PI*","count":6,"tested":105,"color":"rgb(127,127,127)"},{"description":"Other","count":224,"tested":2287,"color":"rgb(148,103,189)"},{"description":"White","count":1305,"tested":22673,"color":"rgb(31,119,180)"}],"gender":[{"description":"Female","count":2032,"tested":31361,"color":"rgb(255,127,14)"},{"description":"Male","count":2064,"tested":25147,"color":"rgb(31,119,180)"},{"description":"Unknown/Left Blank","count":17,"tested":462,"color":"rgb(44,160,44)"}]}
