{"age":[{"age_group":"<20","count":767,"tested":9363},{"age_group":"20-29   ","count":859,"tested":10130},{"age_group":"30-39   ","count":682,"tested":8417},{"age_group":"40-49   ","count":641,"tested":8201},{"age_group":"50-59   ","count":566,"tested":8454},{"age_group":"60-69   ","count":503,"tested":9339},{"age_group":"70-79   ","count":265,"tested":6153},{"age_group":"80+","count":251,"tested":8990}],"race":[{"description":"Asian","count":97,"tested":604,"color":"rgb(140,86,75)"},{"description":"Black","count":644,"tested":8326,"color":"rgb(255,127,14)"},{"description":"Hispanic","count":362,"tested":2714,"color":"rgb(214,39,40)"},{"description":"Left Blank","count":1803,"tested":32875,"color":"rgb(44,160,44)"},{"description":"Other","count":134,"tested":4648,"color":"rgb(148,103,189)"},{"description":"White","count":1486,"tested":19936,"color":"rgb(31,119,180)"}],"gender":[{"description":"Female","count":2422,"tested":42627,"color":"rgb(255,127,14)"},{"description":"Male","count":2100,"tested":25591,"color":"rgb(31,119,180)"},{"description":"Unknown/Left Blank","count":12,"tested":952,"color":"rgb(44,160,44)"}]}
