{"age":[{"age_group":"<20","count":838,"tested":17354},{"age_group":"20-29   ","count":543,"tested":9331},{"age_group":"30-39   ","count":362,"tested":7351},{"age_group":"40-49   ","count":581,"tested":8513},{"age_group":"50-59   ","count":705,"tested":11433},{"age_group":"60-69   ","count":448,"tested":9311},{"age_group":"70-79   ","count":248,"tested":5932},{"age_group":"80+","count":200,"tested":5732}],"race":[{"description":"AI/AN**","count":12,"tested":107,"color":"rgb(31,119,180)"},{"description":"Asian","count":216,"tested":5122,"color":"rgb(140,86,75)"},{"description":"Black","count":28,"tested":686,"color":"rgb(255,127,14)"},{"description":"Hispanic","count":144,"tested":2328,"color":"rgb(214,39,40)"},{"description":"Left Blank","count":1207,"tested":29269,"color":"rgb(44,160,44)"},{"description":"Other","count":146,"tested":1907,"color":"rgb(148,103,189)"},{"description":"White","count":2170,"tested":35469,"color":"rgb(31,119,180)"}],"gender":[{"description":"Female","count":1938,"tested":40006,"color":"rgb(255,127,14)"},{"description":"Male","count":1959,"tested":33809,"color":"rgb(31,119,180)"},{"description":"Unknown/Left Blank","count":28,"tested":1153,"color":"rgb(44,160,44)"}]}
