{"age":[{"age_group":"<20","count":29,"tested":872},{"age_group":"20-29   ","count":435,"tested":9714},{"age_group":"30-39   ","count":390,"tested":9053},{"age_group":"40-49   ","count":73,"tested":2327},{"age_group":"50-59   ","count":43,"tested":1400},{"age_group":"60-69   ","count":32,"tested":697}],"race":[{"description":"Asian","count":93,"tested":3353,"color":"rgb(140,86,75)"},{"description":"Black","count":51,"tested":821,"color":"rgb(255,127,14)"},{"description":"Hispanic","count":50,"tested":842,"color":"rgb(214,39,40)"},{"description":"Left Blank","count":362,"tested":9811,"color":"rgb(44,160,44)"},{"description":"Other","count":51,"tested":1366,"color":"rgb(148,103,189)"},{"description":"White","count":396,"tested":8129,"color":"rgb(31,119,180)"}],"gender":[{"description":"Female","count":454,"tested":12128,"color":"rgb(255,127,14)"},{"description":"Male","count":534,"tested":11899,"color":"rgb(31,119,180)"},{"description":"Unknown/Left Blank","count":17,"tested":364,"color":"rgb(44,160,44)"}]}
