{"age":[{"age_group":"<20","count":61,"tested":701},{"age_group":"20-29   ","count":65,"tested":720},{"age_group":"30-39   ","count":60,"tested":606},{"age_group":"40-49   ","count":55,"tested":508},{"age_group":"50-59   ","count":48,"tested":705},{"age_group":"60-69   ","count":35,"tested":920},{"age_group":"70-79   ","count":21,"tested":311}],"race":[{"description":"Hispanic","count":19,"tested":118,"color":"rgb(214,39,40)"},{"description":"Left Blank","count":64,"tested":1468,"color":"rgb(44,160,44)"},{"description":"Other","count":14,"tested":105,"color":"rgb(148,103,189)"},{"description":"White","count":251,"tested":2868,"color":"rgb(31,119,180)"}],"gender":[{"description":"Female","count":177,"tested":2348,"color":"rgb(255,127,14)"},{"description":"Male","count":172,"tested":1874,"color":"rgb(31,119,180)"}]}
