{"age":[{"age_group":"<20","count":412,"tested":5369},{"age_group":"20-29   ","count":431,"tested":6968},{"age_group":"30-39   ","count":406,"tested":7420},{"age_group":"40-49   ","count":433,"tested":7121},{"age_group":"50-59   ","count":438,"tested":8021},{"age_group":"60-69   ","count":440,"tested":8132},{"age_group":"70-79   ","count":258,"tested":5502},{"age_group":"80+","count":212,"tested":4910}],"race":[{"description":"AI/AN**","count":10,"tested":76,"color":"rgb(31,119,180)"},{"description":"Asian","count":270,"tested":3174,"color":"rgb(140,86,75)"},{"description":"Black","count":101,"tested":1125,"color":"rgb(255,127,14)"},{"description":"Hispanic","count":352,"tested":1933,"color":"rgb(214,39,40)"},{"description":"Left Blank","count":515,"tested":31249,"color":"rgb(44,160,44)"},{"description":"Other","count":97,"tested":1424,"color":"rgb(148,103,189)"},{"description":"White","count":1681,"tested":14426,"color":"rgb(31,119,180)"}],"gender":[{"description":"Female","count":1550,"tested":29981,"color":"rgb(255,127,14)"},{"description":"Male","count":1469,"tested":22294,"color":"rgb(31,119,180)"},{"description":"Unknown/Left Blank","count":11,"tested":1180,"color":"rgb(44,160,44)"}]}
