{"age":[{"age_group":"<20","count":573,"tested":6285},{"age_group":"20-29   ","count":717,"tested":7404},{"age_group":"30-39   ","count":503,"tested":6197},{"age_group":"40-49   ","count":562,"tested":6533},{"age_group":"50-59   ","count":544,"tested":7784},{"age_group":"60-69   ","count":330,"tested":6058},{"age_group":"70-79   ","count":170,"tested":3854},{"age_group":"80+","count":150,"tested":3946}],"race":[{"description":"Asian","count":49,"tested":732,"color":"rgb(140,86,75)"},{"description":"Black","count":65,"tested":1136,"color":"rgb(255,127,14)"},{"description":"Hispanic","count":1647,"tested":11248,"color":"rgb(214,39,40)"},{"description":"Left Blank","count":933,"tested":23932,"color":"rgb(44,160,44)"},{"description":"Other","count":134,"tested":1804,"color":"rgb(148,103,189)"},{"description":"White","count":715,"tested":9173,"color":"rgb(31,119,180)"}],"gender":[{"description":"Female","count":1828,"tested":28651,"color":"rgb(255,127,14)"},{"description":"Male","count":1707,"tested":19149,"color":"rgb(31,119,180)"},{"description":"Unknown/Left Blank","count":14,"tested":286,"color":"rgb(44,160,44)"}]}
