{"age":[{"age_group":"<20","count":715,"tested":9822},{"age_group":"20-29   ","count":448,"tested":6534},{"age_group":"30-39   ","count":368,"tested":6266},{"age_group":"40-49   ","count":461,"tested":5736},{"age_group":"50-59   ","count":515,"tested":7792},{"age_group":"60-69   ","count":286,"tested":5182},{"age_group":"70-79   ","count":126,"tested":3183},{"age_group":"80+","count":112,"tested":5137}],"race":[{"description":"Asian","count":53,"tested":754,"color":"rgb(140,86,75)"},{"description":"Black","count":17,"tested":479,"color":"rgb(255,127,14)"},{"description":"Hispanic","count":185,"tested":1688,"color":"rgb(214,39,40)"},{"description":"Left Blank","count":636,"tested":19047,"color":"rgb(44,160,44)"},{"description":"Other","count":73,"tested":1227,"color":"rgb(148,103,189)"},{"description":"White","count":2066,"tested":26512,"color":"rgb(31,119,180)"}],"gender":[{"description":"Female","count":1541,"tested":28531,"color":"rgb(255,127,14)"},{"description":"Male","count":1475,"tested":20851,"color":"rgb(31,119,180)"},{"description":"Unknown/Left Blank","count":18,"tested":352,"color":"rgb(44,160,44)"}]}
