{"age":[{"age_group":"<20","count":153,"tested":3070},{"age_group":"20-29   ","count":274,"tested":4595},{"age_group":"30-39   ","count":263,"tested":4805},{"age_group":"40-49   ","count":169,"tested":2879},{"age_group":"50-59   ","count":143,"tested":2611},{"age_group":"60-69   ","count":92,"tested":2644},{"age_group":"70-79   ","count":39,"tested":895},{"age_group":"80+","count":30,"tested":648}],"race":[{"description":"Asian","count":145,"tested":3591,"color":"rgb(140,86,75)"},{"description":"Black","count":60,"tested":899,"color":"rgb(255,127,14)"},{"description":"Hispanic","count":142,"tested":1379,"color":"rgb(214,39,40)"},{"description":"Left Blank","count":388,"tested":10865,"color":"rgb(44,160,44)"},{"description":"Other","count":78,"tested":566,"color":"rgb(148,103,189)"},{"description":"White","count":345,"tested":4728,"color":"rgb(31,119,180)"}],"gender":[{"description":"Female","count":591,"tested":11547,"color":"rgb(255,127,14)"},{"description":"Male","count":567,"tested":10261,"color":"rgb(31,119,180)"}]}
