{"age":[{"age_group":"<20","count":196,"tested":6556},{"age_group":"20-29   ","count":94,"tested":2213},{"age_group":"30-39   ","count":35,"tested":1667},{"age_group":"40-49   ","count":88,"tested":2239},{"age_group":"50-59   ","count":95,"tested":2672},{"age_group":"60-69   ","count":38,"tested":1816},{"age_group":"70-79   ","count":18,"tested":967},{"age_group":"80+","count":8,"tested":420}],"race":[{"description":"Asian","count":10,"tested":429,"color":"rgb(140,86,75)"},{"description":"Hispanic","count":19,"tested":340,"color":"rgb(214,39,40)"},{"description":"Left Blank","count":131,"tested":5654,"color":"rgb(44,160,44)"},{"description":"Other","count":76,"tested":1790,"color":"rgb(148,103,189)"},{"description":"White","count":333,"tested":10250,"color":"rgb(31,119,180)"}],"gender":[{"description":"Female","count":256,"tested":9231,"color":"rgb(255,127,14)"},{"description":"Male","count":315,"tested":9241,"color":"rgb(31,119,180)"}]}
