{"age":[{"age_group":"<20","count":696,"tested":9034},{"age_group":"20-29   ","count":506,"tested":6423},{"age_group":"30-39   ","count":575,"tested":6860},{"age_group":"40-49   ","count":513,"tested":6209},{"age_group":"50-59   ","count":417,"tested":5432},{"age_group":"60-69   ","count":250,"tested":3721},{"age_group":"70-79   ","count":130,"tested":2353},{"age_group":"80+","count":58,"tested":2447}],"race":[{"description":"Asian","count":20,"tested":473,"color":"rgb(140,86,75)"},{"description":"Black","count":164,"tested":1811,"color":"rgb(255,127,14)"},{"description":"Hispanic","count":435,"tested":3329,"color":"rgb(214,39,40)"},{"description":"Left Blank","count":692,"tested":16134,"color":"rgb(44,160,44)"},{"description":"Other","count":88,"tested":1273,"color":"rgb(148,103,189)"},{"description":"White","count":1738,"tested":19415,"color":"rgb(31,119,180)"}],"gender":[{"description":"Female","count":1662,"tested":24253,"color":"rgb(255,127,14)"},{"description":"Male","count":1476,"tested":17126,"color":"rgb(31,119,180)"}]}
