{"age":[{"age_group":"<20","count":366,"tested":3829},{"age_group":"20-29   ","count":501,"tested":4760},{"age_group":"30-39   ","count":517,"tested":5354},{"age_group":"40-49   ","count":423,"tested":3943},{"age_group":"50-59   ","count":381,"tested":4781},{"age_group":"60-69   ","count":258,"tested":4128},{"age_group":"70-79   ","count":139,"tested":3377},{"age_group":"80+","count":125,"tested":5708}],"race":[{"description":"Asian","count":58,"tested":871,"color":"rgb(140,86,75)"},{"description":"Black","count":83,"tested":1093,"color":"rgb(255,127,14)"},{"description":"Hispanic","count":1234,"tested":6244,"color":"rgb(214,39,40)"},{"description":"Left Blank","count":466,"tested":18586,"color":"rgb(44,160,44)"},{"description":"Other","count":81,"tested":1109,"color":"rgb(148,103,189)"},{"description":"White","count":779,"tested":7930,"color":"rgb(31,119,180)"}],"gender":[{"description":"Female","count":1391,"tested":20776,"color":"rgb(255,127,14)"},{"description":"Male","count":1312,"tested":14623,"color":"rgb(31,119,180)"}]}
