{"age":[{"age_group":"<20","count":1320,"tested":14347},{"age_group":"20-29   ","count":1574,"tested":20473},{"age_group":"30-39   ","count":1466,"tested":18848},{"age_group":"40-49   ","count":1427,"tested":16587},{"age_group":"50-59   ","count":1026,"tested":13420},{"age_group":"60-69   ","count":696,"tested":12288},{"age_group":"70-79   ","count":309,"tested":6662},{"age_group":"80+","count":147,"tested":4270}],"race":[{"description":"AI/AN**","count":12,"tested":101,"color":"rgb(31,119,180)"},{"description":"Asian","count":119,"tested":2597,"color":"rgb(140,86,75)"},{"description":"Black","count":1106,"tested":15616,"color":"rgb(255,127,14)"},{"description":"Hispanic","count":4148,"tested":25930,"color":"rgb(214,39,40)"},{"description":"Left Blank","count":1503,"tested":46826,"color":"rgb(44,160,44)"},{"description":"Other","count":282,"tested":3865,"color":"rgb(148,103,189)"},{"description":"White","count":792,"tested":11945,"color":"rgb(31,119,180)"}],"gender":[{"description":"Female","count":4130,"tested":56745,"color":"rgb(255,127,14)"},{"description":"Male","count":3791,"tested":45334,"color":"rgb(31,119,180)"},{"description":"Unknown/Left Blank","count":44,"tested":4858,"color":"rgb(44,160,44)"}]}
