{"age":[{"age_group":"<20","count":253,"tested":2425},{"age_group":"20-29   ","count":305,"tested":3835},{"age_group":"30-39   ","count":269,"tested":3457},{"age_group":"40-49   ","count":243,"tested":3039},{"age_group":"50-59   ","count":220,"tested":3290},{"age_group":"60-69   ","count":180,"tested":2795},{"age_group":"70-79   ","count":67,"tested":1487},{"age_group":"80+","count":41,"tested":679}],"race":[{"description":"Asian","count":36,"tested":626,"color":"rgb(140,86,75)"},{"description":"Black","count":47,"tested":502,"color":"rgb(255,127,14)"},{"description":"Hispanic","count":205,"tested":1300,"color":"rgb(214,39,40)"},{"description":"Left Blank","count":558,"tested":11165,"color":"rgb(44,160,44)"},{"description":"Other","count":96,"tested":947,"color":"rgb(148,103,189)"},{"description":"White","count":632,"tested":6430,"color":"rgb(31,119,180)"}],"gender":[{"description":"Female","count":811,"tested":11395,"color":"rgb(255,127,14)"},{"description":"Male","count":761,"tested":8929,"color":"rgb(31,119,180)"},{"description":"Unknown/Left Blank","count":6,"tested":688,"color":"rgb(44,160,44)"}]}
