{"age":[{"age_group":"<20","count":693,"tested":10174},{"age_group":"20-29   ","count":629,"tested":12627},{"age_group":"30-39   ","count":609,"tested":12273},{"age_group":"40-49   ","count":533,"tested":11321},{"age_group":"50-59   ","count":448,"tested":11060},{"age_group":"60-69   ","count":275,"tested":8883},{"age_group":"70-79   ","count":199,"tested":7344},{"age_group":"80+","count":434,"tested":14890}],"race":[{"description":"Asian","count":254,"tested":6493,"color":"rgb(140,86,75)"},{"description":"Black","count":312,"tested":4310,"color":"rgb(255,127,14)"},{"description":"Hispanic","count":462,"tested":3897,"color":"rgb(214,39,40)"},{"description":"Left Blank","count":475,"tested":40474,"color":"rgb(44,160,44)"},{"description":"Other","count":118,"tested":2084,"color":"rgb(148,103,189)"},{"description":"White","count":2191,"tested":31090,"color":"rgb(31,119,180)"}],"gender":[{"description":"Female","count":2062,"tested":54994,"color":"rgb(255,127,14)"},{"description":"Male","count":1742,"tested":32442,"color":"rgb(31,119,180)"},{"description":"Unknown/Left Blank","count":16,"tested":1147,"color":"rgb(44,160,44)"}]}
