{"age":[{"age_group":"<20","count":1612,"tested":16725},{"age_group":"20-29   ","count":1702,"tested":21504},{"age_group":"30-39   ","count":1474,"tested":19467},{"age_group":"40-49   ","count":1427,"tested":18023},{"age_group":"50-59   ","count":1280,"tested":17695},{"age_group":"60-69   ","count":923,"tested":15187},{"age_group":"70-79   ","count":455,"tested":8948},{"age_group":"80+","count":268,"tested":5433}],"race":[{"description":"AI/AN**","count":18,"tested":319,"color":"rgb(31,119,180)"},{"description":"Asian","count":22,"tested":340,"color":"rgb(140,86,75)"},{"description":"Black","count":2924,"tested":43972,"color":"rgb(255,127,14)"},{"description":"Hispanic","count":2969,"tested":23923,"color":"rgb(214,39,40)"},{"description":"Left Blank","count":2258,"tested":42191,"color":"rgb(44,160,44)"},{"description":"Other","count":192,"tested":3013,"color":"rgb(148,103,189)"},{"description":"White","count":756,"tested":9188,"color":"rgb(31,119,180)"}],"gender":[{"description":"Female","count":4973,"tested":70092,"color":"rgb(255,127,14)"},{"description":"Male","count":4138,"tested":51376,"color":"rgb(31,119,180)"},{"description":"Unknown/Left Blank","count":30,"tested":1569,"color":"rgb(44,160,44)"}]}
