{"age":[{"age_group":"<20","count":1008,"tested":11155},{"age_group":"20-29   ","count":1189,"tested":15226},{"age_group":"30-39   ","count":1181,"tested":15230},{"age_group":"40-49   ","count":1055,"tested":13484},{"age_group":"50-59   ","count":903,"tested":14728},{"age_group":"60-69   ","count":576,"tested":12396},{"age_group":"70-79   ","count":328,"tested":8612},{"age_group":"80+","count":271,"tested":8779}],"race":[{"description":"AI/AN**","count":32,"tested":215,"color":"rgb(31,119,180)"},{"description":"Asian","count":79,"tested":931,"color":"rgb(140,86,75)"},{"description":"Black","count":762,"tested":10503,"color":"rgb(255,127,14)"},{"description":"Hispanic","count":1704,"tested":11146,"color":"rgb(214,39,40)"},{"description":"Left Blank","count":1526,"tested":43516,"color":"rgb(44,160,44)"},{"description":"Other","count":272,"tested":4835,"color":"rgb(148,103,189)"},{"description":"White","count":2129,"tested":28229,"color":"rgb(31,119,180)"}],"gender":[{"description":"Female","count":3444,"tested":57074,"color":"rgb(255,127,14)"},{"description":"Male","count":3046,"tested":40758,"color":"rgb(31,119,180)"},{"description":"Unknown/Left Blank","count":21,"tested":1787,"color":"rgb(44,160,44)"}]}
