{"age":[{"age_group":"<20","count":40,"tested":440},{"age_group":"20-29   ","count":30,"tested":457},{"age_group":"30-39   ","count":33,"tested":701},{"age_group":"40-49   ","count":34,"tested":490},{"age_group":"50-59   ","count":31,"tested":448},{"age_group":"60-69   ","count":28,"tested":311},{"age_group":"70-79   ","count":11,"tested":162}],"race":[{"description":"Left Blank","count":38,"tested":1007,"color":"rgb(44,160,44)"},{"description":"White","count":161,"tested":1940,"color":"rgb(31,119,180)"}],"gender":[{"description":"Female","count":114,"tested":1902,"color":"rgb(255,127,14)"},{"description":"Male","count":99,"tested":1129,"color":"rgb(31,119,180)"}]}
