{"age":[{"age_group":"<20","count":35,"tested":487},{"age_group":"20-29   ","count":29,"tested":310},{"age_group":"30-39   ","count":26,"tested":445},{"age_group":"40-49   ","count":29,"tested":273},{"age_group":"50-59   ","count":28,"tested":433},{"age_group":"60-69   ","count":22,"tested":327},{"age_group":"70-79   ","count":18,"tested":122},{"age_group":"80+","count":13,"tested":76}],"race":[{"description":"Left Blank","count":61,"tested":640,"color":"rgb(44,160,44)"},{"description":"White","count":135,"tested":1775,"color":"rgb(31,119,180)"}],"gender":[{"description":"Female","count":103,"tested":1672,"color":"rgb(255,127,14)"},{"description":"Male","count":95,"tested":745,"color":"rgb(31,119,180)"}]}
