{"age":[{"age_group":"<20","count":31,"tested":448},{"age_group":"20-29   ","count":16,"tested":259},{"age_group":"30-39   ","count":30,"tested":293},{"age_group":"40-49   ","count":18,"tested":303},{"age_group":"50-59   ","count":29,"tested":282},{"age_group":"60-69   ","count":36,"tested":327},{"age_group":"70-79   ","count":9,"tested":175}],"race":[{"description":"Left Blank","count":39,"tested":677,"color":"rgb(44,160,44)"},{"description":"White","count":122,"tested":1303,"color":"rgb(31,119,180)"}],"gender":[{"description":"Female","count":82,"tested":1221,"color":"rgb(255,127,14)"},{"description":"Male","count":89,"tested":916,"color":"rgb(31,119,180)"}]}
