{"age":[{"age_group":"<20","count":10,"tested":106},{"age_group":"20-29   ","count":11,"tested":138},{"age_group":"30-39   ","count":19,"tested":211},{"age_group":"40-49   ","count":12,"tested":83},{"age_group":"50-59   ","count":27,"tested":193},{"age_group":"60-69   ","count":11,"tested":179},{"age_group":"70-79   ","count":6,"tested":83}],"race":[{"description":"Left Blank","count":10,"tested":224,"color":"rgb(44,160,44)"},{"description":"White","count":85,"tested":800,"color":"rgb(31,119,180)"}],"gender":[{"description":"Female","count":51,"tested":660,"color":"rgb(255,127,14)"},{"description":"Male","count":47,"tested":405,"color":"rgb(31,119,180)"}]}
