{"age":[{"age_group":"<20","count":43,"tested":392},{"age_group":"20-29   ","count":41,"tested":391},{"age_group":"30-39   ","count":34,"tested":512},{"age_group":"40-49   ","count":33,"tested":427},{"age_group":"50-59   ","count":33,"tested":422},{"age_group":"60-69   ","count":21,"tested":506},{"age_group":"70-79   ","count":8,"tested":217}],"race":[{"description":"Hispanic","count":26,"tested":223,"color":"rgb(214,39,40)"},{"description":"Left Blank","count":47,"tested":866,"color":"rgb(44,160,44)"},{"description":"White","count":131,"tested":1800,"color":"rgb(31,119,180)"}],"gender":[{"description":"Female","count":127,"tested":1760,"color":"rgb(255,127,14)"},{"description":"Male","count":88,"tested":1163,"color":"rgb(31,119,180)"}]}
