{"age":[{"age_group":"<20","count":691,"tested":9677},{"age_group":"20-29   ","count":378,"tested":5938},{"age_group":"30-39   ","count":350,"tested":6074},{"age_group":"40-49   ","count":427,"tested":5659},{"age_group":"50-59   ","count":422,"tested":6002},{"age_group":"60-69   ","count":278,"tested":6056},{"age_group":"70-79   ","count":114,"tested":3919},{"age_group":"80+","count":129,"tested":5670}],"race":[{"description":"Asian","count":62,"tested":1369,"color":"rgb(140,86,75)"},{"description":"Black","count":77,"tested":856,"color":"rgb(255,127,14)"},{"description":"Hispanic","count":181,"tested":1163,"color":"rgb(214,39,40)"},{"description":"Left Blank","count":524,"tested":18556,"color":"rgb(44,160,44)"},{"description":"Other","count":55,"tested":1799,"color":"rgb(148,103,189)"},{"description":"White","count":1888,"tested":25215,"color":"rgb(31,119,180)"}],"gender":[{"description":"Female","count":1405,"tested":27613,"color":"rgb(255,127,14)"},{"description":"Male","count":1343,"tested":20716,"color":"rgb(31,119,180)"}]}
