{"age":[{"age_group":"<20","count":64,"tested":783},{"age_group":"20-29   ","count":43,"tested":759},{"age_group":"30-39   ","count":43,"tested":530},{"age_group":"40-49   ","count":42,"tested":451},{"age_group":"50-59   ","count":56,"tested":732},{"age_group":"60-69   ","count":26,"tested":468},{"age_group":"80+","count":9,"tested":149}],"race":[{"description":"Hispanic","count":20,"tested":159,"color":"rgb(214,39,40)"},{"description":"Left Blank","count":60,"tested":1329,"color":"rgb(44,160,44)"},{"description":"White","count":201,"tested":2435,"color":"rgb(31,119,180)"}],"gender":[{"description":"Female","count":155,"tested":2285,"color":"rgb(255,127,14)"},{"description":"Male","count":132,"tested":1613,"color":"rgb(31,119,180)"}]}
