{"age":[{"age_group":"<20","count":98,"tested":910},{"age_group":"20-29   ","count":96,"tested":1756},{"age_group":"30-39   ","count":81,"tested":2484},{"age_group":"40-49   ","count":84,"tested":2568},{"age_group":"50-59   ","count":73,"tested":3669},{"age_group":"60-69   ","count":54,"tested":3615},{"age_group":"70-79   ","count":24,"tested":822},{"age_group":"80+","count":12,"tested":401}],"race":[{"description":"Black","count":342,"tested":10098,"color":"rgb(255,127,14)"},{"description":"Hispanic","count":27,"tested":357,"color":"rgb(214,39,40)"},{"description":"Left Blank","count":129,"tested":4230,"color":"rgb(44,160,44)"},{"description":"Other","count":9,"tested":135,"color":"rgb(148,103,189)"},{"description":"White","count":15,"tested":1340,"color":"rgb(31,119,180)"}],"gender":[{"description":"Female","count":270,"tested":7068,"color":"rgb(255,127,14)"},{"description":"Male","count":250,"tested":9136,"color":"rgb(31,119,180)"}]}
