{"age":[{"age_group":"<20","count":382,"tested":13660},{"age_group":"20-29   ","count":560,"tested":31837},{"age_group":"30-39   ","count":249,"tested":8235},{"age_group":"40-49   ","count":247,"tested":5871},{"age_group":"50-59   ","count":243,"tested":7440},{"age_group":"60-69   ","count":183,"tested":6776},{"age_group":"70-79   ","count":115,"tested":4857},{"age_group":"80+","count":160,"tested":11727}],"race":[{"description":"Hispanic","count":283,"tested":5125,"color":"rgb(214,39,40)"},{"description":"Left Blank","count":294,"tested":33527,"color":"rgb(44,160,44)"},{"description":"White","count":927,"tested":32880,"color":"rgb(31,119,180)"},{"description":"Asian","count":117,"tested":10044,"color":"rgb(140,86,75)"},{"description":"Black","count":366,"tested":5868,"color":"rgb(255,127,14)"},{"description":"Other","count":147,"tested":2836,"color":"rgb(148,103,189)"}],"gender":[{"description":"Male","count":1056,"tested":38507,"color":"rgb(31,119,180)"},{"description":"Female","count":1062,"tested":50719,"color":"rgb(255,127,14)"},{"description":"Unknown/Left Blank","count":21,"tested":1207,"color":"rgb(44,160,44)"}]}
