{"age":[{"age_group":"<20","count":71,"tested":1557},{"age_group":"20-29   ","count":651,"tested":14026},{"age_group":"30-39   ","count":461,"tested":10609},{"age_group":"40-49   ","count":164,"tested":3923},{"age_group":"50-59   ","count":187,"tested":4338},{"age_group":"60-69   ","count":161,"tested":4043},{"age_group":"70-79   ","count":113,"tested":3075},{"age_group":"80+","count":110,"tested":2707}],"race":[{"description":"NH/PI*","count":7,"tested":33,"color":"rgb(127,127,127)"},{"description":"Black","count":69,"tested":1456,"color":"rgb(255,127,14)"},{"description":"Asian","count":130,"tested":4074,"color":"rgb(140,86,75)"},{"description":"Other","count":162,"tested":2422,"color":"rgb(148,103,189)"},{"description":"Hispanic","count":112,"tested":937,"color":"rgb(214,39,40)"},{"description":"White","count":924,"tested":17680,"color":"rgb(31,119,180)"},{"description":"Left Blank","count":513,"tested":17596,"color":"rgb(44,160,44)"}],"gender":[{"description":"Female","count":993,"tested":24132,"color":"rgb(255,127,14)"},{"description":"Male","count":879,"tested":19481,"color":"rgb(31,119,180)"},{"description":"Unknown/Left Blank","count":46,"tested":668,"color":"rgb(44,160,44)"}]}
