{"age":[{"age_group":"<20","count":828,"tested":8586},{"age_group":"20-29   ","count":540,"tested":7863},{"age_group":"30-39   ","count":478,"tested":7667},{"age_group":"40-49   ","count":667,"tested":8199},{"age_group":"50-59   ","count":666,"tested":9346},{"age_group":"60-69   ","count":372,"tested":6673},{"age_group":"70-79   ","count":189,"tested":4200},{"age_group":"80+","count":172,"tested":8763}],"race":[{"description":"AI/AN**","count":9,"tested":33,"color":"rgb(31,119,180)"},{"description":"Other","count":106,"tested":1636,"color":"rgb(148,103,189)"},{"description":"Left Blank","count":939,"tested":32253,"color":"rgb(44,160,44)"},{"description":"Black","count":93,"tested":609,"color":"rgb(255,127,14)"},{"description":"Asian","count":145,"tested":1394,"color":"rgb(140,86,75)"},{"description":"White","count":2279,"tested":23496,"color":"rgb(31,119,180)"},{"description":"Hispanic","count":338,"tested":1851,"color":"rgb(214,39,40)"}],"gender":[{"description":"Male","count":1962,"tested":24539,"color":"rgb(31,119,180)"},{"description":"Unknown/Left Blank","count":29,"tested":704,"color":"rgb(44,160,44)"},{"description":"Female","count":1921,"tested":36061,"color":"rgb(255,127,14)"}]}
