{"age":[{"age_group":"<20","count":184,"tested":2126},{"age_group":"20-29   ","count":172,"tested":2219},{"age_group":"30-39   ","count":178,"tested":2214},{"age_group":"40-49   ","count":241,"tested":2622},{"age_group":"50-59   ","count":145,"tested":1954},{"age_group":"60-69   ","count":62,"tested":925},{"age_group":"70-79   ","count":16,"tested":424},{"age_group":"80+","count":8,"tested":138}],"race":[{"description":"Hispanic","count":121,"tested":965,"color":"rgb(214,39,40)"},{"description":"White","count":327,"tested":3829,"color":"rgb(31,119,180)"},{"description":"Asian","count":63,"tested":1067,"color":"rgb(140,86,75)"},{"description":"Black","count":87,"tested":901,"color":"rgb(255,127,14)"},{"description":"Other","count":42,"tested":570,"color":"rgb(148,103,189)"},{"description":"Left Blank","count":364,"tested":5250,"color":"rgb(44,160,44)"}],"gender":[{"description":"Male","count":477,"tested":5457,"color":"rgb(31,119,180)"},{"description":"Female","count":526,"tested":7085,"color":"rgb(255,127,14)"}]}
