{"age":[{"age_group":"<20","count":1117,"tested":9253},{"age_group":"20-29   ","count":1275,"tested":12752},{"age_group":"30-39   ","count":1108,"tested":11217},{"age_group":"40-49   ","count":1136,"tested":10756},{"age_group":"50-59   ","count":1044,"tested":10797},{"age_group":"60-69   ","count":742,"tested":9384},{"age_group":"70-79   ","count":386,"tested":5794},{"age_group":"80+","count":221,"tested":3439}],"race":[{"description":"Left Blank","count":1822,"tested":25277,"color":"rgb(44,160,44)"},{"description":"Other","count":148,"tested":1665,"color":"rgb(148,103,189)"},{"description":"White","count":627,"tested":6269,"color":"rgb(31,119,180)"},{"description":"Asian","count":18,"tested":122,"color":"rgb(140,86,75)"},{"description":"Hispanic","count":2473,"tested":15488,"color":"rgb(214,39,40)"},{"description":"Black","count":1928,"tested":24426,"color":"rgb(255,127,14)"},{"description":"AI/AN**","count":12,"tested":133,"color":"rgb(31,119,180)"}],"gender":[{"description":"Male","count":3240,"tested":30433,"color":"rgb(31,119,180)"},{"description":"Unknown/Left Blank","count":36,"tested":972,"color":"rgb(44,160,44)"},{"description":"Female","count":3753,"tested":42026,"color":"rgb(255,127,14)"}]}
