{"age":[{"age_group":"<20","count":418,"tested":3632},{"age_group":"20-29   ","count":615,"tested":4683},{"age_group":"30-39   ","count":558,"tested":4479},{"age_group":"40-49   ","count":534,"tested":4259},{"age_group":"50-59   ","count":562,"tested":4645},{"age_group":"60-69   ","count":274,"tested":2951},{"age_group":"70-79   ","count":144,"tested":1670},{"age_group":"80+","count":56,"tested":728}],"race":[{"description":"AI/AN**","count":11,"tested":50,"color":"rgb(31,119,180)"},{"description":"Asian","count":15,"tested":183,"color":"rgb(140,86,75)"},{"description":"Hispanic","count":274,"tested":1177,"color":"rgb(214,39,40)"},{"description":"Black","count":122,"tested":777,"color":"rgb(255,127,14)"},{"description":"Left Blank","count":1099,"tested":12479,"color":"rgb(44,160,44)"},{"description":"Other","count":99,"tested":967,"color":"rgb(148,103,189)"},{"description":"White","count":1541,"tested":11400,"color":"rgb(31,119,180)"}],"gender":[{"description":"Female","count":1540,"tested":14839,"color":"rgb(255,127,14)"},{"description":"Male","count":1588,"tested":11664,"color":"rgb(31,119,180)"},{"description":"Unknown/Left Blank","count":33,"tested":548,"color":"rgb(44,160,44)"}]}
