{"age":[{"age_group":"<20","count":682,"tested":5261},{"age_group":"20-29   ","count":937,"tested":9927},{"age_group":"30-39   ","count":834,"tested":7577},{"age_group":"40-49   ","count":846,"tested":7575},{"age_group":"50-59   ","count":736,"tested":8026},{"age_group":"60-69   ","count":534,"tested":6666},{"age_group":"70-79   ","count":257,"tested":3922},{"age_group":"80+","count":200,"tested":3457}],"race":[{"description":"Asian","count":128,"tested":1574,"color":"rgb(140,86,75)"},{"description":"White","count":1035,"tested":11459,"color":"rgb(31,119,180)"},{"description":"Left Blank","count":1543,"tested":26252,"color":"rgb(44,160,44)"},{"description":"Hispanic","count":1962,"tested":8557,"color":"rgb(214,39,40)"},{"description":"Black","count":244,"tested":2851,"color":"rgb(255,127,14)"},{"description":"Other","count":112,"tested":1656,"color":"rgb(148,103,189)"}],"gender":[{"description":"Male","count":2286,"tested":20714,"color":"rgb(31,119,180)"},{"description":"Unknown/Left Blank","count":62,"tested":843,"color":"rgb(44,160,44)"},{"description":"Female","count":2680,"tested":30871,"color":"rgb(255,127,14)"}]}
