{"age":[{"age_group":"20-29   ","count":19,"tested":482},{"age_group":"30-39   ","count":14,"tested":509},{"age_group":"40-49   ","count":13,"tested":201},{"age_group":"50-59   ","count":6,"tested":238}],"race":[{"description":"Asian","count":6,"tested":247,"color":"rgb(140,86,75)"},{"description":"White","count":15,"tested":624,"color":"rgb(31,119,180)"},{"description":"Other","count":6,"tested":92,"color":"rgb(148,103,189)"},{"description":"Left Blank","count":29,"tested":648,"color":"rgb(44,160,44)"}],"gender":[{"description":"Male","count":37,"tested":1049,"color":"rgb(31,119,180)"},{"description":"Female","count":27,"tested":742,"color":"rgb(255,127,14)"}]}
