{"age":[{"age_group":"<20","count":85,"tested":486},{"age_group":"20-29   ","count":173,"tested":1658},{"age_group":"30-39   ","count":141,"tested":1472},{"age_group":"40-49   ","count":109,"tested":1441},{"age_group":"50-59   ","count":129,"tested":1758},{"age_group":"60-69   ","count":120,"tested":1647},{"age_group":"70-79   ","count":71,"tested":1212},{"age_group":"80+","count":101,"tested":1397}],"race":[{"description":"White","count":346,"tested":4535,"color":"rgb(31,119,180)"},{"description":"Other","count":15,"tested":180,"color":"rgb(148,103,189)"},{"description":"Left Blank","count":379,"tested":3875,"color":"rgb(44,160,44)"},{"description":"Hispanic","count":116,"tested":663,"color":"rgb(214,39,40)"},{"description":"Black","count":68,"tested":1754,"color":"rgb(255,127,14)"}],"gender":[{"description":"Unknown/Left Blank","count":10,"tested":252,"color":"rgb(44,160,44)"},{"description":"Male","count":410,"tested":3787,"color":"rgb(31,119,180)"},{"description":"Female","count":509,"tested":7032,"color":"rgb(255,127,14)"}]}
