{"age":[{"age_group":"<20","count":17,"tested":267},{"age_group":"20-29   ","count":59,"tested":1008},{"age_group":"30-39   ","count":41,"tested":808},{"age_group":"40-49   ","count":22,"tested":471},{"age_group":"50-59   ","count":18,"tested":447},{"age_group":"60-69   ","count":10,"tested":277},{"age_group":"70-79   ","count":7,"tested":233}],"race":[{"description":"Black","count":30,"tested":446,"color":"rgb(255,127,14)"},{"description":"Asian","count":12,"tested":143,"color":"rgb(140,86,75)"},{"description":"Hispanic","count":20,"tested":156,"color":"rgb(214,39,40)"},{"description":"Left Blank","count":41,"tested":1495,"color":"rgb(44,160,44)"},{"description":"Other","count":11,"tested":216,"color":"rgb(148,103,189)"},{"description":"White","count":62,"tested":1125,"color":"rgb(31,119,180)"}],"gender":[{"description":"Female","count":90,"tested":1916,"color":"rgb(255,127,14)"},{"description":"Male","count":86,"tested":1486,"color":"rgb(31,119,180)"}]}
