{"age":[{"age_group":"<20","count":448,"tested":2747},{"age_group":"20-29   ","count":593,"tested":4835},{"age_group":"30-39   ","count":480,"tested":4393},{"age_group":"40-49   ","count":435,"tested":4287},{"age_group":"50-59   ","count":432,"tested":4903},{"age_group":"60-69   ","count":251,"tested":3023},{"age_group":"70-79   ","count":104,"tested":1231},{"age_group":"80+","count":55,"tested":695}],"race":[{"description":"White","count":235,"tested":3134,"color":"rgb(31,119,180)"},{"description":"Other","count":83,"tested":962,"color":"rgb(148,103,189)"},{"description":"Left Blank","count":1159,"tested":12176,"color":"rgb(44,160,44)"},{"description":"Black","count":363,"tested":5455,"color":"rgb(255,127,14)"},{"description":"Hispanic","count":949,"tested":4294,"color":"rgb(214,39,40)"},{"description":"Asian","count":6,"tested":48,"color":"rgb(140,86,75)"}],"gender":[{"description":"Female","count":1454,"tested":13020,"color":"rgb(255,127,14)"},{"description":"Unknown/Left Blank","count":13,"tested":303,"color":"rgb(44,160,44)"},{"description":"Male","count":1331,"tested":12796,"color":"rgb(31,119,180)"}]}
