{"age":[{"age_group":"<20","count":177,"tested":1039},{"age_group":"20-29   ","count":229,"tested":1713},{"age_group":"30-39   ","count":256,"tested":1744},{"age_group":"40-49   ","count":222,"tested":1362},{"age_group":"50-59   ","count":161,"tested":1283},{"age_group":"60-69   ","count":140,"tested":1214},{"age_group":"70-79   ","count":51,"tested":533},{"age_group":"80+","count":25,"tested":373}],"race":[{"description":"Left Blank","count":257,"tested":3082,"color":"rgb(44,160,44)"},{"description":"White","count":460,"tested":3242,"color":"rgb(31,119,180)"},{"description":"Asian","count":45,"tested":346,"color":"rgb(140,86,75)"},{"description":"Hispanic","count":424,"tested":2061,"color":"rgb(214,39,40)"},{"description":"Other","count":54,"tested":415,"color":"rgb(148,103,189)"},{"description":"Black","count":14,"tested":93,"color":"rgb(255,127,14)"}],"gender":[{"description":"Female","count":630,"tested":4968,"color":"rgb(255,127,14)"},{"description":"Male","count":624,"tested":4200,"color":"rgb(31,119,180)"}]}
