{"age":[{"age_group":"<20","count":48,"tested":821},{"age_group":"20-29   ","count":21,"tested":406},{"age_group":"30-39   ","count":8,"tested":223},{"age_group":"40-49   ","count":19,"tested":378},{"age_group":"50-59   ","count":37,"tested":514},{"age_group":"60-69   ","count":13,"tested":252}],"race":[{"description":"Other","count":10,"tested":227,"color":"rgb(148,103,189)"},{"description":"Left Blank","count":43,"tested":1040,"color":"rgb(44,160,44)"},{"description":"White","count":92,"tested":1404,"color":"rgb(31,119,180)"}],"gender":[{"description":"Male","count":77,"tested":1330,"color":"rgb(31,119,180)"},{"description":"Female","count":75,"tested":1438,"color":"rgb(255,127,14)"}]}
