{"age":[{"age_group":"<20","count":38,"tested":283},{"age_group":"20-29   ","count":45,"tested":506},{"age_group":"30-39   ","count":37,"tested":447},{"age_group":"40-49   ","count":39,"tested":324},{"age_group":"50-59   ","count":49,"tested":530},{"age_group":"60-69   ","count":37,"tested":385},{"age_group":"70-79   ","count":21,"tested":279},{"age_group":"80+","count":8,"tested":134}],"race":[{"description":"Other","count":6,"tested":48,"color":"rgb(148,103,189)"},{"description":"White","count":128,"tested":1703,"color":"rgb(31,119,180)"},{"description":"Left Blank","count":121,"tested":1017,"color":"rgb(44,160,44)"},{"description":"Hispanic","count":16,"tested":83,"color":"rgb(214,39,40)"}],"gender":[{"description":"Female","count":146,"tested":1668,"color":"rgb(255,127,14)"},{"description":"Male","count":125,"tested":1203,"color":"rgb(31,119,180)"}]}
