{"age":[{"age_group":"<20","count":447,"tested":4582},{"age_group":"20-29   ","count":385,"tested":4025},{"age_group":"30-39   ","count":414,"tested":4153},{"age_group":"40-49   ","count":383,"tested":3823},{"age_group":"50-59   ","count":332,"tested":3476},{"age_group":"60-69   ","count":196,"tested":2423},{"age_group":"70-79   ","count":95,"tested":1576},{"age_group":"80+","count":48,"tested":1905}],"race":[{"description":"Other","count":61,"tested":566,"color":"rgb(148,103,189)"},{"description":"Left Blank","count":594,"tested":12309,"color":"rgb(44,160,44)"},{"description":"Hispanic","count":328,"tested":1654,"color":"rgb(214,39,40)"},{"description":"White","count":1199,"tested":10366,"color":"rgb(31,119,180)"},{"description":"Black","count":99,"tested":821,"color":"rgb(255,127,14)"},{"description":"Asian","count":15,"tested":231,"color":"rgb(140,86,75)"}],"gender":[{"description":"Male","count":1088,"tested":9849,"color":"rgb(31,119,180)"},{"description":"Unknown/Left Blank","count":7,"tested":1002,"color":"rgb(44,160,44)"},{"description":"Female","count":1207,"tested":15126,"color":"rgb(255,127,14)"}]}
