{"age":[{"age_group":"<20","count":356,"tested":3260},{"age_group":"20-29   ","count":277,"tested":2925},{"age_group":"30-39   ","count":244,"tested":2707},{"age_group":"40-49   ","count":362,"tested":3783},{"age_group":"50-59   ","count":306,"tested":3913},{"age_group":"60-69   ","count":181,"tested":3240},{"age_group":"70-79   ","count":213,"tested":3883},{"age_group":"80+","count":159,"tested":3431}],"race":[{"description":"Black","count":28,"tested":468,"color":"rgb(255,127,14)"},{"description":"Asian","count":45,"tested":659,"color":"rgb(140,86,75)"},{"description":"Other","count":41,"tested":330,"color":"rgb(148,103,189)"},{"description":"Left Blank","count":579,"tested":10187,"color":"rgb(44,160,44)"},{"description":"White","count":1225,"tested":14186,"color":"rgb(31,119,180)"},{"description":"Hispanic","count":174,"tested":1230,"color":"rgb(214,39,40)"}],"gender":[{"description":"Female","count":1090,"tested":15589,"color":"rgb(255,127,14)"},{"description":"Male","count":996,"tested":11141,"color":"rgb(31,119,180)"},{"description":"Unknown/Left Blank","count":13,"tested":414,"color":"rgb(44,160,44)"}]}
