{"age":[{"age_group":"<20","count":223,"tested":1853},{"age_group":"20-29   ","count":370,"tested":3006},{"age_group":"30-39   ","count":299,"tested":2631},{"age_group":"40-49   ","count":289,"tested":2406},{"age_group":"50-59   ","count":376,"tested":3389},{"age_group":"60-69   ","count":235,"tested":2400},{"age_group":"70-79   ","count":107,"tested":1373},{"age_group":"80+","count":35,"tested":842}],"race":[{"description":"Hispanic","count":180,"tested":790,"color":"rgb(214,39,40)"},{"description":"Left Blank","count":619,"tested":6805,"color":"rgb(44,160,44)"},{"description":"Other","count":47,"tested":270,"color":"rgb(148,103,189)"},{"description":"Asian","count":13,"tested":148,"color":"rgb(140,86,75)"},{"description":"White","count":1059,"tested":9734,"color":"rgb(31,119,180)"},{"description":"Black","count":10,"tested":115,"color":"rgb(255,127,14)"}],"gender":[{"description":"Female","count":976,"tested":10242,"color":"rgb(255,127,14)"},{"description":"Male","count":948,"tested":7542,"color":"rgb(31,119,180)"}]}
