{"age":[{"age_group":"<20","count":9,"tested":162},{"age_group":"20-29   ","count":15,"tested":232},{"age_group":"40-49   ","count":14,"tested":151},{"age_group":"50-59   ","count":15,"tested":337},{"age_group":"60-69   ","count":18,"tested":217},{"age_group":"70-79   ","count":12,"tested":140}],"race":[{"description":"Left Blank","count":29,"tested":980,"color":"rgb(44,160,44)"},{"description":"White","count":68,"tested":592,"color":"rgb(31,119,180)"}],"gender":[{"description":"Female","count":54,"tested":916,"color":"rgb(255,127,14)"},{"description":"Male","count":46,"tested":651,"color":"rgb(31,119,180)"}]}
