{"age":[{"age_group":"<20","count":9,"tested":127},{"age_group":"20-29   ","count":18,"tested":289},{"age_group":"30-39   ","count":15,"tested":165},{"age_group":"40-49   ","count":20,"tested":241},{"age_group":"50-59   ","count":12,"tested":186},{"age_group":"60-69   ","count":10,"tested":173},{"age_group":"70-79   ","count":7,"tested":71},{"age_group":"80+","count":7,"tested":53}],"race":[{"description":"White","count":67,"tested":697,"color":"rgb(31,119,180)"},{"description":"Hispanic","count":8,"tested":51,"color":"rgb(214,39,40)"},{"description":"Left Blank","count":22,"tested":535,"color":"rgb(44,160,44)"}],"gender":[{"description":"Female","count":41,"tested":776,"color":"rgb(255,127,14)"},{"description":"Male","count":57,"tested":524,"color":"rgb(31,119,180)"}]}
