{"age":[{"age_group":"<20","count":420,"tested":4551},{"age_group":"20-29   ","count":384,"tested":4885},{"age_group":"30-39   ","count":266,"tested":4119},{"age_group":"40-49   ","count":269,"tested":3550},{"age_group":"50-59   ","count":301,"tested":4031},{"age_group":"60-69   ","count":217,"tested":4147},{"age_group":"70-79   ","count":99,"tested":2253},{"age_group":"80+","count":50,"tested":1916}],"race":[{"description":"Other","count":42,"tested":727,"color":"rgb(148,103,189)"},{"description":"Asian","count":73,"tested":770,"color":"rgb(140,86,75)"},{"description":"Black","count":62,"tested":644,"color":"rgb(255,127,14)"},{"description":"Left Blank","count":460,"tested":15044,"color":"rgb(44,160,44)"},{"description":"White","count":1255,"tested":11651,"color":"rgb(31,119,180)"},{"description":"Hispanic","count":111,"tested":599,"color":"rgb(214,39,40)"}],"gender":[{"description":"Female","count":1031,"tested":16767,"color":"rgb(255,127,14)"},{"description":"Male","count":965,"tested":12477,"color":"rgb(31,119,180)"},{"description":"Unknown/Left Blank","count":10,"tested":213,"color":"rgb(44,160,44)"}]}
