{"age":[{"age_group":"<20","count":12,"tested":144},{"age_group":"20-29   ","count":18,"tested":94},{"age_group":"30-39   ","count":16,"tested":83},{"age_group":"40-49   ","count":7,"tested":96},{"age_group":"50-59   ","count":12,"tested":99},{"age_group":"60-69   ","count":13,"tested":98},{"age_group":"70-79   ","count":6,"tested":44}],"race":[{"description":"Left Blank","count":25,"tested":195,"color":"rgb(44,160,44)"},{"description":"White","count":56,"tested":459,"color":"rgb(31,119,180)"}],"gender":[{"description":"Male","count":42,"tested":261,"color":"rgb(31,119,180)"},{"description":"Female","count":42,"tested":413,"color":"rgb(255,127,14)"}]}
