{"age":[{"age_group":"<20","count":182,"tested":1715},{"age_group":"20-29   ","count":177,"tested":1407},{"age_group":"30-39   ","count":148,"tested":1311},{"age_group":"40-49   ","count":167,"tested":1291},{"age_group":"50-59   ","count":141,"tested":1131},{"age_group":"60-69   ","count":89,"tested":787},{"age_group":"70-79   ","count":40,"tested":361},{"age_group":"80+","count":16,"tested":181}],"race":[{"description":"White","count":644,"tested":5588,"color":"rgb(31,119,180)"},{"description":"Left Blank","count":242,"tested":2034,"color":"rgb(44,160,44)"},{"description":"Other","count":53,"tested":343,"color":"rgb(148,103,189)"},{"description":"Hispanic","count":19,"tested":155,"color":"rgb(214,39,40)"}],"gender":[{"description":"Male","count":473,"tested":3341,"color":"rgb(31,119,180)"},{"description":"Female","count":483,"tested":4725,"color":"rgb(255,127,14)"}]}
