{"age":[{"age_group":"<20","count":138,"tested":1021},{"age_group":"20-29   ","count":234,"tested":2018},{"age_group":"30-39   ","count":187,"tested":1963},{"age_group":"40-49   ","count":160,"tested":1704},{"age_group":"50-59   ","count":125,"tested":1753},{"age_group":"60-69   ","count":131,"tested":1733},{"age_group":"70-79   ","count":72,"tested":1830},{"age_group":"80+","count":69,"tested":1930}],"race":[{"description":"Hispanic","count":112,"tested":852,"color":"rgb(214,39,40)"},{"description":"Left Blank","count":455,"tested":6023,"color":"rgb(44,160,44)"},{"description":"Other","count":66,"tested":500,"color":"rgb(148,103,189)"},{"description":"Black","count":101,"tested":2159,"color":"rgb(255,127,14)"},{"description":"White","count":365,"tested":4231,"color":"rgb(31,119,180)"},{"description":"Asian","count":14,"tested":136,"color":"rgb(140,86,75)"}],"gender":[{"description":"Male","count":522,"tested":5522,"color":"rgb(31,119,180)"},{"description":"Female","count":582,"tested":8047,"color":"rgb(255,127,14)"},{"description":"Unknown/Left Blank","count":12,"tested":386,"color":"rgb(44,160,44)"}]}
