{"age":[{"age_group":"<20","count":254,"tested":1647},{"age_group":"20-29   ","count":386,"tested":2861},{"age_group":"30-39   ","count":358,"tested":2964},{"age_group":"40-49   ","count":332,"tested":2363},{"age_group":"50-59   ","count":325,"tested":2514},{"age_group":"60-69   ","count":197,"tested":2254},{"age_group":"70-79   ","count":94,"tested":1199},{"age_group":"80+","count":47,"tested":558}],"race":[{"description":"Black","count":235,"tested":2122,"color":"rgb(255,127,14)"},{"description":"Other","count":65,"tested":525,"color":"rgb(148,103,189)"},{"description":"White","count":474,"tested":4182,"color":"rgb(31,119,180)"},{"description":"Asian","count":26,"tested":158,"color":"rgb(140,86,75)"},{"description":"Left Blank","count":860,"tested":7824,"color":"rgb(44,160,44)"},{"description":"Hispanic","count":329,"tested":1519,"color":"rgb(214,39,40)"}],"gender":[{"description":"Male","count":918,"tested":6735,"color":"rgb(31,119,180)"},{"description":"Unknown/Left Blank","count":14,"tested":221,"color":"rgb(44,160,44)"},{"description":"Female","count":1061,"tested":9408,"color":"rgb(255,127,14)"}]}
