{"age":[{"age_group":"<20","count":1551,"tested":9917},{"age_group":"20-29   ","count":1912,"tested":15209},{"age_group":"30-39   ","count":1825,"tested":13248},{"age_group":"40-49   ","count":1891,"tested":11722},{"age_group":"50-59   ","count":1473,"tested":10459},{"age_group":"60-69   ","count":873,"tested":8658},{"age_group":"70-79   ","count":434,"tested":4209},{"age_group":"80+","count":180,"tested":1482}],"race":[{"description":"Black","count":1282,"tested":12042,"color":"rgb(255,127,14)"},{"description":"Asian","count":10,"tested":201,"color":"rgb(140,86,75)"},{"description":"Other","count":353,"tested":3102,"color":"rgb(148,103,189)"},{"description":"AI/AN**","count":7,"tested":37,"color":"rgb(31,119,180)"},{"description":"Hispanic","count":6080,"tested":25700,"color":"rgb(214,39,40)"},{"description":"Left Blank","count":2077,"tested":29380,"color":"rgb(44,160,44)"},{"description":"White","count":327,"tested":4459,"color":"rgb(31,119,180)"}],"gender":[{"description":"Unknown/Left Blank","count":115,"tested":1333,"color":"rgb(44,160,44)"},{"description":"Female","count":5183,"tested":39885,"color":"rgb(255,127,14)"},{"description":"Male","count":4841,"tested":33720,"color":"rgb(31,119,180)"}]}
