{"age":[{"age_group":"<20","count":67,"tested":708},{"age_group":"20-29   ","count":96,"tested":851},{"age_group":"30-39   ","count":77,"tested":667},{"age_group":"40-49   ","count":102,"tested":639},{"age_group":"50-59   ","count":104,"tested":899},{"age_group":"60-69   ","count":42,"tested":625},{"age_group":"70-79   ","count":31,"tested":319},{"age_group":"80+","count":6,"tested":141}],"race":[{"description":"Other","count":24,"tested":142,"color":"rgb(148,103,189)"},{"description":"Left Blank","count":120,"tested":1181,"color":"rgb(44,160,44)"},{"description":"Hispanic","count":26,"tested":163,"color":"rgb(214,39,40)"},{"description":"White","count":353,"tested":3278,"color":"rgb(31,119,180)"}],"gender":[{"description":"Female","count":255,"tested":2689,"color":"rgb(255,127,14)"},{"description":"Male","count":270,"tested":2080,"color":"rgb(31,119,180)"}]}
