{"age":[{"age_group":"<20","count":38,"tested":277},{"age_group":"20-29   ","count":45,"tested":498},{"age_group":"30-39   ","count":36,"tested":442},{"age_group":"40-49   ","count":39,"tested":320},{"age_group":"50-59   ","count":49,"tested":516},{"age_group":"60-69   ","count":36,"tested":376},{"age_group":"70-79   ","count":20,"tested":274},{"age_group":"80+","count":8,"tested":130}],"race":[{"description":"Other","count":6,"tested":48,"color":"rgb(148,103,189)"},{"description":"White","count":127,"tested":1670,"color":"rgb(31,119,180)"},{"description":"Left Blank","count":119,"tested":997,"color":"rgb(44,160,44)"},{"description":"Hispanic","count":16,"tested":82,"color":"rgb(214,39,40)"}],"gender":[{"description":"Female","count":144,"tested":1631,"color":"rgb(255,127,14)"},{"description":"Male","count":124,"tested":1185,"color":"rgb(31,119,180)"}]}
