{"age":[{"age_group":"<20","count":349,"tested":4407},{"age_group":"20-29   ","count":457,"tested":5238},{"age_group":"30-39   ","count":377,"tested":4443},{"age_group":"40-49   ","count":352,"tested":3713},{"age_group":"50-59   ","count":354,"tested":4305},{"age_group":"60-69   ","count":240,"tested":3238},{"age_group":"70-79   ","count":130,"tested":1429},{"age_group":"80+","count":83,"tested":1430}],"race":[{"description":"Hispanic","count":206,"tested":1095,"color":"rgb(214,39,40)"},{"description":"Black","count":126,"tested":1136,"color":"rgb(255,127,14)"},{"description":"Asian","count":46,"tested":544,"color":"rgb(140,86,75)"},{"description":"White","count":1597,"tested":11737,"color":"rgb(31,119,180)"},{"description":"Other","count":23,"tested":345,"color":"rgb(148,103,189)"},{"description":"Left Blank","count":343,"tested":13175,"color":"rgb(44,160,44)"}],"gender":[{"description":"Male","count":1054,"tested":10752,"color":"rgb(31,119,180)"},{"description":"Unknown/Left Blank","count":12,"tested":485,"color":"rgb(44,160,44)"},{"description":"Female","count":1277,"tested":16968,"color":"rgb(255,127,14)"}]}
