{"age":[{"age_group":"<20","count":340,"tested":13473},{"age_group":"20-29   ","count":547,"tested":31613},{"age_group":"30-39   ","count":245,"tested":8085},{"age_group":"40-49   ","count":243,"tested":5704},{"age_group":"50-59   ","count":243,"tested":7236},{"age_group":"60-69   ","count":182,"tested":6586},{"age_group":"70-79   ","count":115,"tested":4769},{"age_group":"80+","count":159,"tested":11616}],"race":[{"description":"Hispanic","count":279,"tested":5076,"color":"rgb(214,39,40)"},{"description":"Left Blank","count":291,"tested":32919,"color":"rgb(44,160,44)"},{"description":"White","count":896,"tested":32439,"color":"rgb(31,119,180)"},{"description":"Asian","count":104,"tested":9980,"color":"rgb(140,86,75)"},{"description":"Black","count":355,"tested":5763,"color":"rgb(255,127,14)"},{"description":"Other","count":144,"tested":2782,"color":"rgb(148,103,189)"}],"gender":[{"description":"Male","count":1008,"tested":37911,"color":"rgb(31,119,180)"},{"description":"Female","count":1040,"tested":50011,"color":"rgb(255,127,14)"},{"description":"Unknown/Left Blank","count":26,"tested":1190,"color":"rgb(44,160,44)"}]}
