{"age":[{"age_group":"<20","count":152,"tested":961},{"age_group":"20-29   ","count":230,"tested":2033},{"age_group":"30-39   ","count":186,"tested":1828},{"age_group":"40-49   ","count":181,"tested":1591},{"age_group":"50-59   ","count":163,"tested":1860},{"age_group":"60-69   ","count":140,"tested":1566},{"age_group":"70-79   ","count":53,"tested":826},{"age_group":"80+","count":31,"tested":355}],"race":[{"description":"White","count":389,"tested":3186,"color":"rgb(31,119,180)"},{"description":"Asian","count":21,"tested":175,"color":"rgb(140,86,75)"},{"description":"Hispanic","count":130,"tested":596,"color":"rgb(214,39,40)"},{"description":"Left Blank","count":492,"tested":6226,"color":"rgb(44,160,44)"},{"description":"Other","count":79,"tested":564,"color":"rgb(148,103,189)"},{"description":"Black","count":24,"tested":263,"color":"rgb(255,127,14)"}],"gender":[{"description":"Male","count":553,"tested":4532,"color":"rgb(31,119,180)"},{"description":"Female","count":578,"tested":5877,"color":"rgb(255,127,14)"}]}
