{"age":[{"age_group":"<20","count":13,"tested":100},{"age_group":"30-39   ","count":12,"tested":85},{"age_group":"40-49   ","count":13,"tested":83},{"age_group":"50-59   ","count":22,"tested":96},{"age_group":"60-69   ","count":10,"tested":128}],"race":[{"description":"Left Blank","count":34,"tested":297,"color":"rgb(44,160,44)"},{"description":"White","count":46,"tested":325,"color":"rgb(31,119,180)"}],"gender":[{"description":"Female","count":42,"tested":448,"color":"rgb(255,127,14)"},{"description":"Male","count":39,"tested":187,"color":"rgb(31,119,180)"}]}
