{"age":[{"age_group":"<20","count":230,"tested":1656},{"age_group":"20-29   ","count":263,"tested":1967},{"age_group":"30-39   ","count":237,"tested":1807},{"age_group":"40-49   ","count":242,"tested":1509},{"age_group":"50-59   ","count":186,"tested":1386},{"age_group":"60-69   ","count":113,"tested":1316},{"age_group":"70-79   ","count":74,"tested":844},{"age_group":"80+","count":46,"tested":571}],"race":[{"description":"White","count":421,"tested":5188,"color":"rgb(31,119,180)"},{"description":"Hispanic","count":718,"tested":2984,"color":"rgb(214,39,40)"},{"description":"Other","count":16,"tested":132,"color":"rgb(148,103,189)"},{"description":"Left Blank","count":229,"tested":2655,"color":"rgb(44,160,44)"}],"gender":[{"description":"Male","count":661,"tested":4448,"color":"rgb(31,119,180)"},{"description":"Female","count":727,"tested":6549,"color":"rgb(255,127,14)"}]}
