{"age":[{"age_group":"<20","count":194,"tested":1718},{"age_group":"20-29   ","count":230,"tested":2773},{"age_group":"30-39   ","count":222,"tested":2286},{"age_group":"40-49   ","count":255,"tested":1893},{"age_group":"50-59   ","count":175,"tested":2068},{"age_group":"60-69   ","count":139,"tested":2088},{"age_group":"70-79   ","count":62,"tested":1372},{"age_group":"80+","count":54,"tested":3523}],"race":[{"description":"Other","count":76,"tested":536,"color":"rgb(148,103,189)"},{"description":"White","count":442,"tested":5250,"color":"rgb(31,119,180)"},{"description":"Asian","count":41,"tested":595,"color":"rgb(140,86,75)"},{"description":"Hispanic","count":448,"tested":2092,"color":"rgb(214,39,40)"},{"description":"Left Blank","count":304,"tested":9106,"color":"rgb(44,160,44)"},{"description":"Black","count":18,"tested":151,"color":"rgb(255,127,14)"}],"gender":[{"description":"Male","count":664,"tested":6560,"color":"rgb(31,119,180)"},{"description":"Unknown/Left Blank","count":15,"tested":672,"color":"rgb(44,160,44)"},{"description":"Female","count":652,"tested":10515,"color":"rgb(255,127,14)"}]}
