{"age":[{"age_group":"<20","count":777,"tested":5978},{"age_group":"20-29   ","count":917,"tested":10194},{"age_group":"30-39   ","count":855,"tested":9574},{"age_group":"40-49   ","count":813,"tested":8693},{"age_group":"50-59   ","count":743,"tested":10179},{"age_group":"60-69   ","count":424,"tested":7128},{"age_group":"70-79   ","count":256,"tested":4933},{"age_group":"80+","count":180,"tested":4006}],"race":[{"description":"Asian","count":218,"tested":2787,"color":"rgb(140,86,75)"},{"description":"Other","count":226,"tested":2042,"color":"rgb(148,103,189)"},{"description":"Left Blank","count":1424,"tested":31315,"color":"rgb(44,160,44)"},{"description":"White","count":981,"tested":11211,"color":"rgb(31,119,180)"},{"description":"Black","count":676,"tested":6712,"color":"rgb(255,127,14)"},{"description":"Hispanic","count":1427,"tested":6548,"color":"rgb(214,39,40)"},{"description":"AI/AN**","count":7,"tested":42,"color":"rgb(31,119,180)"},{"description":"NH/PI*","count":6,"tested":50,"color":"rgb(127,127,127)"}],"gender":[{"description":"Male","count":2322,"tested":23680,"color":"rgb(31,119,180)"},{"description":"Unknown/Left Blank","count":29,"tested":874,"color":"rgb(44,160,44)"},{"description":"Female","count":2614,"tested":36153,"color":"rgb(255,127,14)"}]}
