{"age":[{"age_group":"<20","count":439,"tested":3788},{"age_group":"20-29   ","count":550,"tested":4529},{"age_group":"30-39   ","count":566,"tested":5041},{"age_group":"40-49   ","count":550,"tested":4783},{"age_group":"50-59   ","count":503,"tested":4960},{"age_group":"60-69   ","count":297,"tested":3406},{"age_group":"70-79   ","count":138,"tested":1712},{"age_group":"80+","count":83,"tested":2075}],"race":[{"description":"Left Blank","count":1472,"tested":15328,"color":"rgb(44,160,44)"},{"description":"Other","count":187,"tested":1245,"color":"rgb(148,103,189)"},{"description":"Hispanic","count":113,"tested":932,"color":"rgb(214,39,40)"},{"description":"Asian","count":16,"tested":78,"color":"rgb(140,86,75)"},{"description":"White","count":1228,"tested":11526,"color":"rgb(31,119,180)"},{"description":"Black","count":108,"tested":1179,"color":"rgb(255,127,14)"}],"gender":[{"description":"Unknown/Left Blank","count":29,"tested":916,"color":"rgb(44,160,44)"},{"description":"Male","count":1588,"tested":13738,"color":"rgb(31,119,180)"},{"description":"Female","count":1509,"tested":15648,"color":"rgb(255,127,14)"}]}
