{"age":[{"age_group":"<20","count":181,"tested":4640},{"age_group":"20-29   ","count":607,"tested":17241},{"age_group":"30-39   ","count":641,"tested":13677},{"age_group":"40-49   ","count":302,"tested":5611},{"age_group":"50-59   ","count":282,"tested":3457},{"age_group":"60-69   ","count":179,"tested":2356},{"age_group":"70-79   ","count":53,"tested":804},{"age_group":"80+","count":20,"tested":302}],"race":[{"description":"Asian","count":129,"tested":5633,"color":"rgb(140,86,75)"},{"description":"Black","count":416,"tested":5228,"color":"rgb(255,127,14)"},{"description":"Hispanic","count":213,"tested":2686,"color":"rgb(214,39,40)"},{"description":"White","count":766,"tested":14771,"color":"rgb(31,119,180)"},{"description":"Other","count":129,"tested":3067,"color":"rgb(148,103,189)"},{"description":"Left Blank","count":610,"tested":16596,"color":"rgb(44,160,44)"}],"gender":[{"description":"Female","count":988,"tested":23661,"color":"rgb(255,127,14)"},{"description":"Male","count":1155,"tested":21681,"color":"rgb(31,119,180)"},{"description":"Unknown/Left Blank","count":123,"tested":2758,"color":"rgb(44,160,44)"}]}
