{"age":[{"age_group":"<20","count":654,"tested":3810},{"age_group":"20-29   ","count":857,"tested":6288},{"age_group":"30-39   ","count":774,"tested":5238},{"age_group":"40-49   ","count":765,"tested":4750},{"age_group":"50-59   ","count":668,"tested":4932},{"age_group":"60-69   ","count":462,"tested":3938},{"age_group":"70-79   ","count":192,"tested":2227},{"age_group":"80+","count":114,"tested":1865}],"race":[{"description":"Black","count":80,"tested":644,"color":"rgb(255,127,14)"},{"description":"Hispanic","count":1896,"tested":5238,"color":"rgb(214,39,40)"},{"description":"Asian","count":177,"tested":949,"color":"rgb(140,86,75)"},{"description":"White","count":1155,"tested":7485,"color":"rgb(31,119,180)"},{"description":"Left Blank","count":969,"tested":17011,"color":"rgb(44,160,44)"},{"description":"Other","count":200,"tested":1657,"color":"rgb(148,103,189)"}],"gender":[{"description":"Female","count":2249,"tested":18053,"color":"rgb(255,127,14)"},{"description":"Unknown/Left Blank","count":24,"tested":404,"color":"rgb(44,160,44)"},{"description":"Male","count":2214,"tested":14598,"color":"rgb(31,119,180)"}]}
