{"age":[{"age_group":"<20","count":257,"tested":2053},{"age_group":"20-29   ","count":224,"tested":1964},{"age_group":"30-39   ","count":267,"tested":2018},{"age_group":"40-49   ","count":287,"tested":2132},{"age_group":"50-59   ","count":182,"tested":1659},{"age_group":"60-69   ","count":117,"tested":1257},{"age_group":"70-79   ","count":53,"tested":880},{"age_group":"80+","count":17,"tested":679}],"race":[{"description":"Other","count":53,"tested":461,"color":"rgb(148,103,189)"},{"description":"Black","count":24,"tested":208,"color":"rgb(255,127,14)"},{"description":"Left Blank","count":447,"tested":4552,"color":"rgb(44,160,44)"},{"description":"White","count":727,"tested":6576,"color":"rgb(31,119,180)"},{"description":"Hispanic","count":147,"tested":777,"color":"rgb(214,39,40)"}],"gender":[{"description":"Female","count":733,"tested":7263,"color":"rgb(255,127,14)"},{"description":"Male","count":661,"tested":4949,"color":"rgb(31,119,180)"},{"description":"Unknown/Left Blank","count":10,"tested":431,"color":"rgb(44,160,44)"}]}
