{"age":[{"age_group":"<20","count":199,"tested":1694},{"age_group":"20-29   ","count":288,"tested":3166},{"age_group":"30-39   ","count":267,"tested":2795},{"age_group":"40-49   ","count":331,"tested":3675},{"age_group":"50-59   ","count":281,"tested":3808},{"age_group":"60-69   ","count":181,"tested":3054},{"age_group":"70-79   ","count":103,"tested":1738},{"age_group":"80+","count":77,"tested":1015}],"race":[{"description":"Black","count":883,"tested":9206,"color":"rgb(255,127,14)"},{"description":"Asian","count":10,"tested":113,"color":"rgb(140,86,75)"},{"description":"White","count":136,"tested":1765,"color":"rgb(31,119,180)"},{"description":"Hispanic","count":77,"tested":415,"color":"rgb(214,39,40)"},{"description":"Other","count":31,"tested":417,"color":"rgb(148,103,189)"},{"description":"Left Blank","count":586,"tested":8963,"color":"rgb(44,160,44)"}],"gender":[{"description":"Female","count":955,"tested":12349,"color":"rgb(255,127,14)"},{"description":"Male","count":737,"tested":7806,"color":"rgb(31,119,180)"},{"description":"Unknown/Left Blank","count":35,"tested":790,"color":"rgb(44,160,44)"}]}
