{"age":[{"age_group":"<20","count":9,"tested":156},{"age_group":"20-29   ","count":10,"tested":143},{"age_group":"40-49   ","count":9,"tested":152},{"age_group":"60-69   ","count":11,"tested":164}],"race":[{"description":"Left Blank","count":10,"tested":297,"color":"rgb(44,160,44)"},{"description":"White","count":44,"tested":674,"color":"rgb(31,119,180)"}],"gender":[{"description":"Female","count":25,"tested":581,"color":"rgb(255,127,14)"},{"description":"Male","count":32,"tested":426,"color":"rgb(31,119,180)"}]}
