{"age":[{"age_group":"<20","count":185,"tested":1722},{"age_group":"20-29   ","count":346,"tested":8007},{"age_group":"30-39   ","count":276,"tested":8218},{"age_group":"40-49   ","count":301,"tested":7921},{"age_group":"50-59   ","count":263,"tested":5585},{"age_group":"60-69   ","count":132,"tested":3414},{"age_group":"70-79   ","count":81,"tested":1843},{"age_group":"80+","count":67,"tested":1435}],"race":[{"description":"Black","count":202,"tested":1687,"color":"rgb(255,127,14)"},{"description":"White","count":551,"tested":6160,"color":"rgb(31,119,180)"},{"description":"Asian","count":35,"tested":301,"color":"rgb(140,86,75)"},{"description":"Other","count":52,"tested":796,"color":"rgb(148,103,189)"},{"description":"Left Blank","count":470,"tested":28237,"color":"rgb(44,160,44)"},{"description":"Hispanic","count":337,"tested":1611,"color":"rgb(214,39,40)"}],"gender":[{"description":"Unknown/Left Blank","count":36,"tested":18841,"color":"rgb(44,160,44)"},{"description":"Female","count":859,"tested":9589,"color":"rgb(255,127,14)"},{"description":"Male","count":756,"tested":10412,"color":"rgb(31,119,180)"}]}
