{"age":[{"age_group":"<20","count":256,"tested":1599},{"age_group":"20-29   ","count":315,"tested":3415},{"age_group":"30-39   ","count":297,"tested":2900},{"age_group":"40-49   ","count":275,"tested":2954},{"age_group":"50-59   ","count":262,"tested":3123},{"age_group":"60-69   ","count":181,"tested":3428},{"age_group":"70-79   ","count":81,"tested":1688},{"age_group":"80+","count":42,"tested":985}],"race":[{"description":"Hispanic","count":333,"tested":1722,"color":"rgb(214,39,40)"},{"description":"White","count":460,"tested":4148,"color":"rgb(31,119,180)"},{"description":"Asian","count":7,"tested":122,"color":"rgb(140,86,75)"},{"description":"Black","count":100,"tested":1227,"color":"rgb(255,127,14)"},{"description":"Other","count":38,"tested":393,"color":"rgb(148,103,189)"},{"description":"Left Blank","count":768,"tested":12444,"color":"rgb(44,160,44)"}],"gender":[{"description":"Female","count":939,"tested":11423,"color":"rgb(255,127,14)"},{"description":"Male","count":752,"tested":8401,"color":"rgb(31,119,180)"},{"description":"Unknown/Left Blank","count":18,"tested":272,"color":"rgb(44,160,44)"}]}
