{"age":[{"age_group":"<20","count":639,"tested":7546},{"age_group":"20-29   ","count":580,"tested":7737},{"age_group":"30-39   ","count":466,"tested":7847},{"age_group":"40-49   ","count":493,"tested":7214},{"age_group":"50-59   ","count":518,"tested":8146},{"age_group":"60-69   ","count":373,"tested":6907},{"age_group":"70-79   ","count":204,"tested":3969},{"age_group":"80+","count":172,"tested":5530}],"race":[{"description":"Black","count":46,"tested":1120,"color":"rgb(255,127,14)"},{"description":"Asian","count":135,"tested":2073,"color":"rgb(140,86,75)"},{"description":"White","count":2013,"tested":27627,"color":"rgb(31,119,180)"},{"description":"Other","count":127,"tested":1284,"color":"rgb(148,103,189)"},{"description":"Left Blank","count":790,"tested":20229,"color":"rgb(44,160,44)"},{"description":"AI/AN**","count":6,"tested":14,"color":"rgb(31,119,180)"},{"description":"Hispanic","count":326,"tested":2653,"color":"rgb(214,39,40)"}],"gender":[{"description":"Female","count":1731,"tested":30029,"color":"rgb(255,127,14)"},{"description":"Male","count":1678,"tested":23135,"color":"rgb(31,119,180)"},{"description":"Unknown/Left Blank","count":36,"tested":1899,"color":"rgb(44,160,44)"}]}
