{"age":[{"age_group":"<20","count":257,"tested":2325},{"age_group":"20-29   ","count":317,"tested":4115},{"age_group":"30-39   ","count":278,"tested":4006},{"age_group":"40-49   ","count":297,"tested":4401},{"age_group":"50-59   ","count":333,"tested":5564},{"age_group":"60-69   ","count":287,"tested":5469},{"age_group":"70-79   ","count":174,"tested":3644},{"age_group":"80+","count":156,"tested":4046}],"race":[{"description":"Left Blank","count":842,"tested":19467,"color":"rgb(44,160,44)"},{"description":"Hispanic","count":120,"tested":677,"color":"rgb(214,39,40)"},{"description":"Asian","count":9,"tested":106,"color":"rgb(140,86,75)"},{"description":"White","count":146,"tested":1727,"color":"rgb(31,119,180)"},{"description":"Black","count":948,"tested":11389,"color":"rgb(255,127,14)"},{"description":"Other","count":34,"tested":339,"color":"rgb(148,103,189)"}],"gender":[{"description":"Female","count":1155,"tested":20735,"color":"rgb(255,127,14)"},{"description":"Male","count":912,"tested":12403,"color":"rgb(31,119,180)"},{"description":"Unknown/Left Blank","count":34,"tested":638,"color":"rgb(44,160,44)"}]}
