{"age":[{"age_group":"<20","count":234,"tested":1844},{"age_group":"20-29   ","count":195,"tested":2098},{"age_group":"30-39   ","count":180,"tested":1969},{"age_group":"40-49   ","count":213,"tested":1624},{"age_group":"50-59   ","count":179,"tested":1912},{"age_group":"60-69   ","count":116,"tested":1600},{"age_group":"70-79   ","count":39,"tested":696},{"age_group":"80+","count":19,"tested":333}],"race":[{"description":"Black","count":21,"tested":243,"color":"rgb(255,127,14)"},{"description":"Asian","count":28,"tested":281,"color":"rgb(140,86,75)"},{"description":"White","count":495,"tested":4839,"color":"rgb(31,119,180)"},{"description":"Other","count":31,"tested":304,"color":"rgb(148,103,189)"},{"description":"Hispanic","count":381,"tested":1390,"color":"rgb(214,39,40)"},{"description":"Left Blank","count":217,"tested":4990,"color":"rgb(44,160,44)"}],"gender":[{"description":"Female","count":596,"tested":6718,"color":"rgb(255,127,14)"},{"description":"Male","count":578,"tested":5277,"color":"rgb(31,119,180)"}]}
