{"age":[{"age_group":"<20","count":11,"tested":140},{"age_group":"20-29   ","count":12,"tested":221},{"age_group":"30-39   ","count":16,"tested":206},{"age_group":"40-49   ","count":9,"tested":140},{"age_group":"50-59   ","count":10,"tested":152},{"age_group":"60-69   ","count":19,"tested":182},{"age_group":"70-79   ","count":15,"tested":111},{"age_group":"80+","count":28,"tested":123}],"race":[{"description":"Left Blank","count":45,"tested":647,"color":"rgb(44,160,44)"},{"description":"White","count":70,"tested":586,"color":"rgb(31,119,180)"}],"gender":[{"description":"Male","count":49,"tested":472,"color":"rgb(31,119,180)"},{"description":"Female","count":71,"tested":800,"color":"rgb(255,127,14)"}]}
