{"age":[{"age_group":"<20","count":401,"tested":3761},{"age_group":"20-29   ","count":288,"tested":3082},{"age_group":"30-39   ","count":228,"tested":2554},{"age_group":"40-49   ","count":437,"tested":3957},{"age_group":"50-59   ","count":320,"tested":3726},{"age_group":"60-69   ","count":122,"tested":1662},{"age_group":"70-79   ","count":60,"tested":1131},{"age_group":"80+","count":50,"tested":1362}],"race":[{"description":"NH/PI*","count":7,"tested":28,"color":"rgb(127,127,127)"},{"description":"Black","count":88,"tested":936,"color":"rgb(255,127,14)"},{"description":"Hispanic","count":174,"tested":1058,"color":"rgb(214,39,40)"},{"description":"Asian","count":75,"tested":1025,"color":"rgb(140,86,75)"},{"description":"White","count":795,"tested":7539,"color":"rgb(31,119,180)"},{"description":"Left Blank","count":698,"tested":9781,"color":"rgb(44,160,44)"},{"description":"Other","count":69,"tested":864,"color":"rgb(148,103,189)"}],"gender":[{"description":"Female","count":977,"tested":11754,"color":"rgb(255,127,14)"},{"description":"Unknown/Left Blank","count":12,"tested":202,"color":"rgb(44,160,44)"},{"description":"Male","count":917,"tested":9280,"color":"rgb(31,119,180)"}]}
