{"age":[{"age_group":"<20","count":97,"tested":855},{"age_group":"20-29   ","count":152,"tested":1564},{"age_group":"30-39   ","count":129,"tested":1210},{"age_group":"40-49   ","count":117,"tested":1072},{"age_group":"50-59   ","count":128,"tested":1164},{"age_group":"60-69   ","count":96,"tested":928},{"age_group":"70-79   ","count":49,"tested":527},{"age_group":"80+","count":13,"tested":226}],"race":[{"description":"White","count":251,"tested":2326,"color":"rgb(31,119,180)"},{"description":"Left Blank","count":275,"tested":2845,"color":"rgb(44,160,44)"},{"description":"Other","count":24,"tested":278,"color":"rgb(148,103,189)"},{"description":"Black","count":128,"tested":1499,"color":"rgb(255,127,14)"},{"description":"Hispanic","count":101,"tested":542,"color":"rgb(214,39,40)"}],"gender":[{"description":"Male","count":350,"tested":3020,"color":"rgb(31,119,180)"},{"description":"Unknown/Left Blank","count":8,"tested":102,"color":"rgb(44,160,44)"},{"description":"Female","count":423,"tested":4425,"color":"rgb(255,127,14)"}]}
