{"age":[{"age_group":"<20","count":642,"tested":4973},{"age_group":"20-29   ","count":859,"tested":8368},{"age_group":"30-39   ","count":797,"tested":8163},{"age_group":"40-49   ","count":820,"tested":8200},{"age_group":"50-59   ","count":749,"tested":8307},{"age_group":"60-69   ","count":548,"tested":7678},{"age_group":"70-79   ","count":281,"tested":4270},{"age_group":"80+","count":156,"tested":2452}],"race":[{"description":"Hispanic","count":1881,"tested":11921,"color":"rgb(214,39,40)"},{"description":"NH/PI*","count":8,"tested":81,"color":"rgb(127,127,127)"},{"description":"Left Blank","count":792,"tested":19557,"color":"rgb(44,160,44)"},{"description":"Asian","count":87,"tested":782,"color":"rgb(140,86,75)"},{"description":"Black","count":294,"tested":2995,"color":"rgb(255,127,14)"},{"description":"White","count":1570,"tested":14729,"color":"rgb(31,119,180)"},{"description":"Other","count":218,"tested":2334,"color":"rgb(148,103,189)"}],"gender":[{"description":"Female","count":2525,"tested":29742,"color":"rgb(255,127,14)"},{"description":"Male","count":2303,"tested":21694,"color":"rgb(31,119,180)"},{"description":"Unknown/Left Blank","count":24,"tested":988,"color":"rgb(44,160,44)"}]}
