{"age":[{"age_group":"<20","count":17,"tested":223},{"age_group":"20-29   ","count":8,"tested":97},{"age_group":"30-39   ","count":19,"tested":102},{"age_group":"40-49   ","count":16,"tested":103},{"age_group":"50-59   ","count":7,"tested":156},{"age_group":"60-69   ","count":12,"tested":138},{"age_group":"70-79   ","count":13,"tested":88}],"race":[{"description":"Left Blank","count":27,"tested":362,"color":"rgb(44,160,44)"},{"description":"White","count":70,"tested":575,"color":"rgb(31,119,180)"}],"gender":[{"description":"Female","count":60,"tested":625,"color":"rgb(255,127,14)"},{"description":"Male","count":38,"tested":319,"color":"rgb(31,119,180)"}]}
