{"age":[{"age_group":"<20","count":110,"tested":1097},{"age_group":"20-29   ","count":70,"tested":1054},{"age_group":"30-39   ","count":60,"tested":1065},{"age_group":"40-49   ","count":80,"tested":1007},{"age_group":"50-59   ","count":56,"tested":1012},{"age_group":"60-69   ","count":57,"tested":1037},{"age_group":"70-79   ","count":33,"tested":649},{"age_group":"80+","count":53,"tested":1157}],"race":[{"description":"Left Blank","count":83,"tested":2037,"color":"rgb(44,160,44)"},{"description":"White","count":414,"tested":5816,"color":"rgb(31,119,180)"},{"description":"Hispanic","count":10,"tested":85,"color":"rgb(214,39,40)"}],"gender":[{"description":"Female","count":294,"tested":4580,"color":"rgb(255,127,14)"},{"description":"Male","count":216,"tested":2994,"color":"rgb(31,119,180)"}]}
