{"age":[{"age_group":"<20","count":520,"tested":3066},{"age_group":"20-29   ","count":668,"tested":4670},{"age_group":"30-39   ","count":611,"tested":3952},{"age_group":"40-49   ","count":605,"tested":3531},{"age_group":"50-59   ","count":482,"tested":3166},{"age_group":"60-69   ","count":288,"tested":2747},{"age_group":"70-79   ","count":133,"tested":2049},{"age_group":"80+","count":79,"tested":2063}],"race":[{"description":"Left Blank","count":970,"tested":10940,"color":"rgb(44,160,44)"},{"description":"Other","count":177,"tested":1294,"color":"rgb(148,103,189)"},{"description":"White","count":610,"tested":5378,"color":"rgb(31,119,180)"},{"description":"Black","count":95,"tested":925,"color":"rgb(255,127,14)"},{"description":"Asian","count":14,"tested":177,"color":"rgb(140,86,75)"},{"description":"Hispanic","count":1517,"tested":6554,"color":"rgb(214,39,40)"}],"gender":[{"description":"Female","count":1692,"tested":14008,"color":"rgb(255,127,14)"},{"description":"Male","count":1666,"tested":10927,"color":"rgb(31,119,180)"},{"description":"Unknown/Left Blank","count":29,"tested":355,"color":"rgb(44,160,44)"}]}
