{"age":[{"age_group":"<20","count":159,"tested":1586},{"age_group":"20-29   ","count":187,"tested":2520},{"age_group":"30-39   ","count":146,"tested":2848},{"age_group":"40-49   ","count":166,"tested":2857},{"age_group":"50-59   ","count":198,"tested":3315},{"age_group":"60-69   ","count":210,"tested":3548},{"age_group":"70-79   ","count":177,"tested":2596},{"age_group":"80+","count":200,"tested":2727}],"race":[{"description":"Hispanic","count":41,"tested":547,"color":"rgb(214,39,40)"},{"description":"Black","count":48,"tested":2055,"color":"rgb(255,127,14)"},{"description":"Other","count":40,"tested":476,"color":"rgb(148,103,189)"},{"description":"White","count":639,"tested":7620,"color":"rgb(31,119,180)"},{"description":"Asian","count":14,"tested":674,"color":"rgb(140,86,75)"},{"description":"Left Blank","count":661,"tested":10618,"color":"rgb(44,160,44)"}],"gender":[{"description":"Unknown/Left Blank","count":14,"tested":322,"color":"rgb(44,160,44)"},{"description":"Male","count":651,"tested":7524,"color":"rgb(31,119,180)"},{"description":"Female","count":778,"tested":14154,"color":"rgb(255,127,14)"}]}
