{"age":[{"age_group":"<20","count":331,"tested":4091},{"age_group":"20-29   ","count":380,"tested":4562},{"age_group":"30-39   ","count":338,"tested":4484},{"age_group":"40-49   ","count":311,"tested":3812},{"age_group":"50-59   ","count":334,"tested":5112},{"age_group":"60-69   ","count":242,"tested":4105},{"age_group":"70-79   ","count":116,"tested":2959},{"age_group":"80+","count":150,"tested":6007}],"race":[{"description":"Hispanic","count":266,"tested":1724,"color":"rgb(214,39,40)"},{"description":"Left Blank","count":496,"tested":14715,"color":"rgb(44,160,44)"},{"description":"Other","count":84,"tested":747,"color":"rgb(148,103,189)"},{"description":"White","count":1204,"tested":15776,"color":"rgb(31,119,180)"},{"description":"Asian","count":106,"tested":1643,"color":"rgb(140,86,75)"},{"description":"Black","count":45,"tested":497,"color":"rgb(255,127,14)"}],"gender":[{"description":"Unknown/Left Blank","count":11,"tested":1527,"color":"rgb(44,160,44)"},{"description":"Male","count":1042,"tested":14176,"color":"rgb(31,119,180)"},{"description":"Female","count":1149,"tested":19437,"color":"rgb(255,127,14)"}]}
