{"age":[{"age_group":"<20","count":441,"tested":3016},{"age_group":"20-29   ","count":660,"tested":6034},{"age_group":"30-39   ","count":568,"tested":5099},{"age_group":"40-49   ","count":476,"tested":4287},{"age_group":"50-59   ","count":533,"tested":5242},{"age_group":"60-69   ","count":409,"tested":4732},{"age_group":"70-79   ","count":214,"tested":2630},{"age_group":"80+","count":120,"tested":1749}],"race":[{"description":"Left Blank","count":1402,"tested":15432,"color":"rgb(44,160,44)"},{"description":"White","count":1516,"tested":12838,"color":"rgb(31,119,180)"},{"description":"Other","count":127,"tested":1127,"color":"rgb(148,103,189)"},{"description":"Black","count":131,"tested":1741,"color":"rgb(255,127,14)"},{"description":"Asian","count":70,"tested":598,"color":"rgb(140,86,75)"},{"description":"Hispanic","count":168,"tested":995,"color":"rgb(214,39,40)"}],"gender":[{"description":"Unknown/Left Blank","count":29,"tested":538,"color":"rgb(44,160,44)"},{"description":"Male","count":1600,"tested":13449,"color":"rgb(31,119,180)"},{"description":"Female","count":1792,"tested":18815,"color":"rgb(255,127,14)"}]}
