{"age":[{"age_group":"<20","count":259,"tested":1988},{"age_group":"20-29   ","count":270,"tested":3259},{"age_group":"30-39   ","count":267,"tested":3241},{"age_group":"40-49   ","count":284,"tested":3661},{"age_group":"50-59   ","count":283,"tested":3780},{"age_group":"60-69   ","count":198,"tested":3578},{"age_group":"70-79   ","count":77,"tested":1286},{"age_group":"80+","count":48,"tested":640}],"race":[{"description":"Black","count":209,"tested":3117,"color":"rgb(255,127,14)"},{"description":"Left Blank","count":578,"tested":10875,"color":"rgb(44,160,44)"},{"description":"Asian","count":13,"tested":199,"color":"rgb(140,86,75)"},{"description":"White","count":242,"tested":3075,"color":"rgb(31,119,180)"},{"description":"Hispanic","count":596,"tested":3750,"color":"rgb(214,39,40)"},{"description":"Other","count":47,"tested":388,"color":"rgb(148,103,189)"}],"gender":[{"description":"Male","count":782,"tested":8940,"color":"rgb(31,119,180)"},{"description":"Unknown/Left Blank","count":29,"tested":479,"color":"rgb(44,160,44)"},{"description":"Female","count":875,"tested":12025,"color":"rgb(255,127,14)"}]}
