{"age":[{"age_group":"<20","count":165,"tested":2427},{"age_group":"20-29   ","count":98,"tested":1814},{"age_group":"30-39   ","count":70,"tested":1310},{"age_group":"40-49   ","count":94,"tested":1878},{"age_group":"50-59   ","count":116,"tested":1891},{"age_group":"60-69   ","count":88,"tested":1641},{"age_group":"70-79   ","count":35,"tested":890},{"age_group":"80+","count":11,"tested":317}],"race":[{"description":"Hispanic","count":42,"tested":503,"color":"rgb(214,39,40)"},{"description":"Asian","count":9,"tested":429,"color":"rgb(140,86,75)"},{"description":"White","count":335,"tested":5892,"color":"rgb(31,119,180)"},{"description":"Left Blank","count":205,"tested":4092,"color":"rgb(44,160,44)"},{"description":"Other","count":43,"tested":557,"color":"rgb(148,103,189)"},{"description":"Black","count":43,"tested":686,"color":"rgb(255,127,14)"}],"gender":[{"description":"Female","count":323,"tested":6533,"color":"rgb(255,127,14)"},{"description":"Male","count":351,"tested":5449,"color":"rgb(31,119,180)"}]}
