{"age":[{"age_group":"<20","count":251,"tested":2356},{"age_group":"20-29   ","count":276,"tested":2873},{"age_group":"30-39   ","count":223,"tested":2740},{"age_group":"40-49   ","count":251,"tested":2321},{"age_group":"50-59   ","count":281,"tested":2913},{"age_group":"60-69   ","count":203,"tested":3093},{"age_group":"70-79   ","count":99,"tested":1971},{"age_group":"80+","count":52,"tested":1102}],"race":[{"description":"Black","count":35,"tested":334,"color":"rgb(255,127,14)"},{"description":"Hispanic","count":122,"tested":599,"color":"rgb(214,39,40)"},{"description":"White","count":814,"tested":7002,"color":"rgb(31,119,180)"},{"description":"Asian","count":79,"tested":1019,"color":"rgb(140,86,75)"},{"description":"Other","count":73,"tested":763,"color":"rgb(148,103,189)"},{"description":"Left Blank","count":510,"tested":9614,"color":"rgb(44,160,44)"}],"gender":[{"description":"Female","count":819,"tested":10689,"color":"rgb(255,127,14)"},{"description":"Unknown/Left Blank","count":20,"tested":116,"color":"rgb(44,160,44)"},{"description":"Male","count":797,"tested":8568,"color":"rgb(31,119,180)"}]}
