{"age":[{"age_group":"<20","count":1150,"tested":7056},{"age_group":"20-29   ","count":1261,"tested":10076},{"age_group":"30-39   ","count":1315,"tested":9875},{"age_group":"40-49   ","count":1359,"tested":9118},{"age_group":"50-59   ","count":995,"tested":8041},{"age_group":"60-69   ","count":640,"tested":5858},{"age_group":"70-79   ","count":315,"tested":2947},{"age_group":"80+","count":184,"tested":1884}],"race":[{"description":"Other","count":394,"tested":3261,"color":"rgb(148,103,189)"},{"description":"Asian","count":30,"tested":249,"color":"rgb(140,86,75)"},{"description":"White","count":1721,"tested":15028,"color":"rgb(31,119,180)"},{"description":"Black","count":169,"tested":1459,"color":"rgb(255,127,14)"},{"description":"Left Blank","count":1755,"tested":18527,"color":"rgb(44,160,44)"},{"description":"Hispanic","count":3137,"tested":16272,"color":"rgb(214,39,40)"},{"description":"AI/AN**","count":8,"tested":51,"color":"rgb(31,119,180)"}],"gender":[{"description":"Male","count":3511,"tested":24710,"color":"rgb(31,119,180)"},{"description":"Female","count":3649,"tested":29271,"color":"rgb(255,127,14)"},{"description":"Unknown/Left Blank","count":59,"tested":887,"color":"rgb(44,160,44)"}]}
