{"age":[{"age_group":"<20","count":659,"tested":3933},{"age_group":"20-29   ","count":869,"tested":6439},{"age_group":"30-39   ","count":782,"tested":5378},{"age_group":"40-49   ","count":768,"tested":4842},{"age_group":"50-59   ","count":674,"tested":5065},{"age_group":"60-69   ","count":468,"tested":4027},{"age_group":"70-79   ","count":194,"tested":2291},{"age_group":"80+","count":116,"tested":1899}],"race":[{"description":"Black","count":84,"tested":670,"color":"rgb(255,127,14)"},{"description":"Hispanic","count":1909,"tested":5345,"color":"rgb(214,39,40)"},{"description":"Asian","count":179,"tested":979,"color":"rgb(140,86,75)"},{"description":"White","count":1169,"tested":7711,"color":"rgb(31,119,180)"},{"description":"Left Blank","count":980,"tested":17406,"color":"rgb(44,160,44)"},{"description":"Other","count":200,"tested":1699,"color":"rgb(148,103,189)"}],"gender":[{"description":"Female","count":2271,"tested":18508,"color":"rgb(255,127,14)"},{"description":"Unknown/Left Blank","count":25,"tested":414,"color":"rgb(44,160,44)"},{"description":"Male","count":2235,"tested":14959,"color":"rgb(31,119,180)"}]}
