{"age":[{"age_group":"<20","count":29,"tested":217},{"age_group":"20-29   ","count":30,"tested":357},{"age_group":"30-39   ","count":48,"tested":360},{"age_group":"40-49   ","count":41,"tested":316},{"age_group":"50-59   ","count":32,"tested":339},{"age_group":"60-69   ","count":32,"tested":405},{"age_group":"70-79   ","count":9,"tested":134},{"age_group":"80+","count":8,"tested":144}],"race":[{"description":"Hispanic","count":37,"tested":175,"color":"rgb(214,39,40)"},{"description":"Black","count":37,"tested":342,"color":"rgb(255,127,14)"},{"description":"Left Blank","count":80,"tested":1060,"color":"rgb(44,160,44)"},{"description":"White","count":70,"tested":655,"color":"rgb(31,119,180)"}],"gender":[{"description":"Female","count":109,"tested":1231,"color":"rgb(255,127,14)"},{"description":"Male","count":118,"tested":1010,"color":"rgb(31,119,180)"}]}
