{"age":[{"age_group":"<20","count":141,"tested":1335},{"age_group":"20-29   ","count":97,"tested":1179},{"age_group":"30-39   ","count":102,"tested":1060},{"age_group":"40-49   ","count":84,"tested":973},{"age_group":"50-59   ","count":75,"tested":1091},{"age_group":"60-69   ","count":84,"tested":903},{"age_group":"70-79   ","count":30,"tested":765},{"age_group":"80+","count":36,"tested":1063}],"race":[{"description":"Left Blank","count":40,"tested":1705,"color":"rgb(44,160,44)"},{"description":"Hispanic","count":81,"tested":500,"color":"rgb(214,39,40)"},{"description":"White","count":502,"tested":5909,"color":"rgb(31,119,180)"},{"description":"Other","count":21,"tested":172,"color":"rgb(148,103,189)"}],"gender":[{"description":"Female","count":346,"tested":4780,"color":"rgb(255,127,14)"},{"description":"Male","count":296,"tested":3030,"color":"rgb(31,119,180)"},{"description":"Unknown/Left Blank","count":7,"tested":562,"color":"rgb(44,160,44)"}]}
