{"age":[{"age_group":"<20","count":477,"tested":3350},{"age_group":"20-29   ","count":566,"tested":6162},{"age_group":"30-39   ","count":469,"tested":5466},{"age_group":"40-49   ","count":564,"tested":5737},{"age_group":"50-59   ","count":453,"tested":5818},{"age_group":"60-69   ","count":340,"tested":5482},{"age_group":"70-79   ","count":205,"tested":3840},{"age_group":"80+","count":220,"tested":5288}],"race":[{"description":"Black","count":33,"tested":415,"color":"rgb(255,127,14)"},{"description":"Asian","count":194,"tested":1885,"color":"rgb(140,86,75)"},{"description":"Hispanic","count":1110,"tested":5579,"color":"rgb(214,39,40)"},{"description":"White","count":842,"tested":8317,"color":"rgb(31,119,180)"},{"description":"Other","count":167,"tested":1206,"color":"rgb(148,103,189)"},{"description":"Left Blank","count":935,"tested":23865,"color":"rgb(44,160,44)"},{"description":"AI/AN**","count":9,"tested":76,"color":"rgb(31,119,180)"}],"gender":[{"description":"Male","count":1587,"tested":16053,"color":"rgb(31,119,180)"},{"description":"Unknown/Left Blank","count":23,"tested":1146,"color":"rgb(44,160,44)"},{"description":"Female","count":1684,"tested":24263,"color":"rgb(255,127,14)"}]}
