{"age":[{"age_group":"<20","count":331,"tested":3556},{"age_group":"20-29   ","count":344,"tested":3859},{"age_group":"30-39   ","count":285,"tested":3912},{"age_group":"40-49   ","count":249,"tested":3081},{"age_group":"50-59   ","count":283,"tested":4007},{"age_group":"60-69   ","count":247,"tested":3899},{"age_group":"70-79   ","count":90,"tested":2281},{"age_group":"80+","count":83,"tested":2987}],"race":[{"description":"Hispanic","count":145,"tested":562,"color":"rgb(214,39,40)"},{"description":"Asian","count":57,"tested":530,"color":"rgb(140,86,75)"},{"description":"Left Blank","count":567,"tested":15363,"color":"rgb(44,160,44)"},{"description":"White","count":1023,"tested":9830,"color":"rgb(31,119,180)"},{"description":"Black","count":58,"tested":569,"color":"rgb(255,127,14)"},{"description":"Other","count":60,"tested":747,"color":"rgb(148,103,189)"}],"gender":[{"description":"Unknown/Left Blank","count":24,"tested":408,"color":"rgb(44,160,44)"},{"description":"Male","count":911,"tested":11721,"color":"rgb(31,119,180)"},{"description":"Female","count":977,"tested":15486,"color":"rgb(255,127,14)"}]}
