{"age":[{"age_group":"<20","count":274,"tested":2305},{"age_group":"20-29   ","count":371,"tested":8054},{"age_group":"30-39   ","count":345,"tested":10712},{"age_group":"40-49   ","count":369,"tested":10366},{"age_group":"50-59   ","count":369,"tested":7706},{"age_group":"60-69   ","count":276,"tested":4925},{"age_group":"70-79   ","count":129,"tested":1941},{"age_group":"80+","count":102,"tested":2818},{"age_group":"Unknown","count":17,"tested":2264}],"race":[{"description":"Hispanic","count":53,"tested":405,"color":"rgb(214,39,40)"},{"description":"White","count":1211,"tested":11082,"color":"rgb(31,119,180)"},{"description":"Left Blank","count":804,"tested":38125,"color":"rgb(44,160,44)"},{"description":"Other","count":58,"tested":397,"color":"rgb(148,103,189)"},{"description":"Black","count":115,"tested":964,"color":"rgb(255,127,14)"},{"description":"Asian","count":11,"tested":111,"color":"rgb(140,86,75)"}],"gender":[{"description":"Male","count":1186,"tested":15192,"color":"rgb(31,119,180)"},{"description":"Unknown/Left Blank","count":111,"tested":25247,"color":"rgb(44,160,44)"},{"description":"Female","count":955,"tested":10652,"color":"rgb(255,127,14)"}]}
