{"age":[{"age_group":"<20","count":370,"tested":2892},{"age_group":"20-29   ","count":326,"tested":2811},{"age_group":"30-39   ","count":295,"tested":2487},{"age_group":"40-49   ","count":290,"tested":2574},{"age_group":"50-59   ","count":273,"tested":2289},{"age_group":"60-69   ","count":191,"tested":1750},{"age_group":"70-79   ","count":87,"tested":907},{"age_group":"80+","count":41,"tested":559}],"race":[{"description":"Left Blank","count":302,"tested":6991,"color":"rgb(44,160,44)"},{"description":"Other","count":27,"tested":270,"color":"rgb(148,103,189)"},{"description":"Hispanic","count":650,"tested":2224,"color":"rgb(214,39,40)"},{"description":"White","count":463,"tested":3715,"color":"rgb(31,119,180)"},{"description":"Black","count":425,"tested":3001,"color":"rgb(255,127,14)"}],"gender":[{"description":"Unknown/Left Blank","count":26,"tested":596,"color":"rgb(44,160,44)"},{"description":"Male","count":881,"tested":6448,"color":"rgb(31,119,180)"},{"description":"Female","count":966,"tested":9225,"color":"rgb(255,127,14)"}]}
