{"age":[{"age_group":"<20","count":122,"tested":1289},{"age_group":"20-29   ","count":106,"tested":1832},{"age_group":"30-39   ","count":92,"tested":1288},{"age_group":"40-49   ","count":119,"tested":1737},{"age_group":"50-59   ","count":141,"tested":1781},{"age_group":"60-69   ","count":96,"tested":1593},{"age_group":"70-79   ","count":63,"tested":1296},{"age_group":"80+","count":133,"tested":2872}],"race":[{"description":"Hispanic","count":30,"tested":146,"color":"rgb(214,39,40)"},{"description":"White","count":536,"tested":5378,"color":"rgb(31,119,180)"},{"description":"Left Blank","count":275,"tested":7851,"color":"rgb(44,160,44)"},{"description":"Asian","count":12,"tested":108,"color":"rgb(140,86,75)"},{"description":"Other","count":14,"tested":128,"color":"rgb(148,103,189)"}],"gender":[{"description":"Female","count":470,"tested":8553,"color":"rgb(255,127,14)"},{"description":"Unknown/Left Blank","count":9,"tested":439,"color":"rgb(44,160,44)"},{"description":"Male","count":393,"tested":4696,"color":"rgb(31,119,180)"}]}
