{"age":[{"age_group":"<20","count":404,"tested":4518},{"age_group":"20-29   ","count":281,"tested":3570},{"age_group":"30-39   ","count":231,"tested":3471},{"age_group":"40-49   ","count":274,"tested":3322},{"age_group":"50-59   ","count":311,"tested":3699},{"age_group":"60-69   ","count":203,"tested":3670},{"age_group":"70-79   ","count":93,"tested":2322},{"age_group":"80+","count":105,"tested":3733}],"race":[{"description":"Black","count":49,"tested":492,"color":"rgb(255,127,14)"},{"description":"Hispanic","count":118,"tested":532,"color":"rgb(214,39,40)"},{"description":"Asian","count":34,"tested":719,"color":"rgb(140,86,75)"},{"description":"White","count":1215,"tested":13860,"color":"rgb(31,119,180)"},{"description":"Other","count":41,"tested":875,"color":"rgb(148,103,189)"},{"description":"Left Blank","count":444,"tested":11811,"color":"rgb(44,160,44)"}],"gender":[{"description":"Female","count":956,"tested":16283,"color":"rgb(255,127,14)"},{"description":"Male","count":913,"tested":11542,"color":"rgb(31,119,180)"},{"description":"Unknown/Left Blank","count":33,"tested":486,"color":"rgb(44,160,44)"}]}
