{"age":[{"age_group":"<20","count":190,"tested":1959},{"age_group":"20-29   ","count":276,"tested":2828},{"age_group":"30-39   ","count":228,"tested":2616},{"age_group":"40-49   ","count":238,"tested":2624},{"age_group":"50-59   ","count":248,"tested":3334},{"age_group":"60-69   ","count":157,"tested":2552},{"age_group":"70-79   ","count":83,"tested":1483},{"age_group":"80+","count":75,"tested":1159}],"race":[{"description":"White","count":633,"tested":8066,"color":"rgb(31,119,180)"},{"description":"Left Blank","count":392,"tested":6732,"color":"rgb(44,160,44)"},{"description":"Hispanic","count":316,"tested":1977,"color":"rgb(214,39,40)"},{"description":"Other","count":49,"tested":527,"color":"rgb(148,103,189)"},{"description":"Black","count":62,"tested":853,"color":"rgb(255,127,14)"},{"description":"Asian","count":46,"tested":482,"color":"rgb(140,86,75)"}],"gender":[{"description":"Female","count":765,"tested":10584,"color":"rgb(255,127,14)"},{"description":"Male","count":721,"tested":7823,"color":"rgb(31,119,180)"}]}
