{"age":[{"age_group":"<20","count":546,"tested":4105},{"age_group":"20-29   ","count":834,"tested":8104},{"age_group":"30-39   ","count":717,"tested":6982},{"age_group":"40-49   ","count":625,"tested":5823},{"age_group":"50-59   ","count":716,"tested":6933},{"age_group":"60-69   ","count":396,"tested":4583},{"age_group":"70-79   ","count":183,"tested":2149},{"age_group":"80+","count":130,"tested":1730}],"race":[{"description":"Other","count":113,"tested":971,"color":"rgb(148,103,189)"},{"description":"AI/AN**","count":13,"tested":23,"color":"rgb(31,119,180)"},{"description":"NH/PI*","count":18,"tested":69,"color":"rgb(127,127,127)"},{"description":"Black","count":128,"tested":1019,"color":"rgb(255,127,14)"},{"description":"Asian","count":276,"tested":2354,"color":"rgb(140,86,75)"},{"description":"Hispanic","count":1161,"tested":4516,"color":"rgb(214,39,40)"},{"description":"Left Blank","count":1703,"tested":25734,"color":"rgb(44,160,44)"},{"description":"White","count":735,"tested":5742,"color":"rgb(31,119,180)"}],"gender":[{"description":"Unknown/Left Blank","count":30,"tested":1047,"color":"rgb(44,160,44)"},{"description":"Female","count":2152,"tested":23043,"color":"rgb(255,127,14)"},{"description":"Male","count":1965,"tested":16338,"color":"rgb(31,119,180)"}]}
