{"age":[{"age_group":"<20","count":10,"tested":147},{"age_group":"20-29   ","count":10,"tested":139},{"age_group":"40-49   ","count":10,"tested":224},{"age_group":"50-59   ","count":7,"tested":130},{"age_group":"60-69   ","count":6,"tested":135}],"race":[{"description":"Hispanic","count":9,"tested":43,"color":"rgb(214,39,40)"},{"description":"White","count":38,"tested":719,"color":"rgb(31,119,180)"}],"gender":[{"description":"Female","count":28,"tested":549,"color":"rgb(255,127,14)"},{"description":"Male","count":24,"tested":394,"color":"rgb(31,119,180)"}]}
