{"age":[{"age_group":"<20","count":475,"tested":4306},{"age_group":"20-29   ","count":467,"tested":5653},{"age_group":"30-39   ","count":418,"tested":4788},{"age_group":"40-49   ","count":417,"tested":4151},{"age_group":"50-59   ","count":421,"tested":5750},{"age_group":"60-69   ","count":284,"tested":5238},{"age_group":"70-79   ","count":106,"tested":3155},{"age_group":"80+","count":131,"tested":4570}],"race":[{"description":"Black","count":29,"tested":294,"color":"rgb(255,127,14)"},{"description":"Hispanic","count":345,"tested":1720,"color":"rgb(214,39,40)"},{"description":"White","count":1459,"tested":13959,"color":"rgb(31,119,180)"},{"description":"Asian","count":54,"tested":605,"color":"rgb(140,86,75)"},{"description":"Other","count":54,"tested":492,"color":"rgb(148,103,189)"},{"description":"Left Blank","count":776,"tested":20505,"color":"rgb(44,160,44)"},{"description":"AI/AN**","count":6,"tested":7,"color":"rgb(31,119,180)"}],"gender":[{"description":"Female","count":1397,"tested":21907,"color":"rgb(255,127,14)"},{"description":"Male","count":1296,"tested":15069,"color":"rgb(31,119,180)"},{"description":"Unknown/Left Blank","count":34,"tested":646,"color":"rgb(44,160,44)"}]}
