{"age":[{"age_group":"<20","count":287,"tested":2113},{"age_group":"20-29   ","count":299,"tested":2461},{"age_group":"30-39   ","count":272,"tested":2295},{"age_group":"40-49   ","count":363,"tested":2650},{"age_group":"50-59   ","count":300,"tested":2628},{"age_group":"60-69   ","count":160,"tested":2115},{"age_group":"70-79   ","count":136,"tested":2020},{"age_group":"80+","count":77,"tested":2493}],"race":[{"description":"Hispanic","count":199,"tested":865,"color":"rgb(214,39,40)"},{"description":"Left Blank","count":606,"tested":7956,"color":"rgb(44,160,44)"},{"description":"Other","count":50,"tested":638,"color":"rgb(148,103,189)"},{"description":"White","count":955,"tested":8329,"color":"rgb(31,119,180)"},{"description":"Asian","count":17,"tested":232,"color":"rgb(140,86,75)"},{"description":"Black","count":63,"tested":717,"color":"rgb(255,127,14)"}],"gender":[{"description":"Male","count":950,"tested":7740,"color":"rgb(31,119,180)"},{"description":"Unknown/Left Blank","count":18,"tested":411,"color":"rgb(44,160,44)"},{"description":"Female","count":926,"tested":10626,"color":"rgb(255,127,14)"}]}
