{"age":[{"age_group":"<20","count":170,"tested":1442},{"age_group":"20-29   ","count":135,"tested":1478},{"age_group":"30-39   ","count":112,"tested":1130},{"age_group":"40-49   ","count":123,"tested":1250},{"age_group":"50-59   ","count":150,"tested":1662},{"age_group":"60-69   ","count":74,"tested":1182},{"age_group":"70-79   ","count":37,"tested":571},{"age_group":"80+","count":11,"tested":251}],"race":[{"description":"Other","count":11,"tested":170,"color":"rgb(148,103,189)"},{"description":"Asian","count":9,"tested":181,"color":"rgb(140,86,75)"},{"description":"Hispanic","count":75,"tested":335,"color":"rgb(214,39,40)"},{"description":"Left Blank","count":234,"tested":3455,"color":"rgb(44,160,44)"},{"description":"White","count":482,"tested":4771,"color":"rgb(31,119,180)"}],"gender":[{"description":"Female","count":418,"tested":5087,"color":"rgb(255,127,14)"},{"description":"Male","count":391,"tested":3782,"color":"rgb(31,119,180)"}]}
