{"age":[{"age_group":"<20","count":120,"tested":668},{"age_group":"20-29   ","count":143,"tested":1289},{"age_group":"30-39   ","count":141,"tested":1201},{"age_group":"40-49   ","count":111,"tested":1018},{"age_group":"50-59   ","count":121,"tested":1111},{"age_group":"60-69   ","count":81,"tested":1171},{"age_group":"70-79   ","count":40,"tested":415},{"age_group":"80+","count":18,"tested":225}],"race":[{"description":"Black","count":21,"tested":203,"color":"rgb(255,127,14)"},{"description":"Asian","count":16,"tested":142,"color":"rgb(140,86,75)"},{"description":"Other","count":44,"tested":312,"color":"rgb(148,103,189)"},{"description":"Left Blank","count":339,"tested":3334,"color":"rgb(44,160,44)"},{"description":"White","count":267,"tested":2607,"color":"rgb(31,119,180)"},{"description":"Hispanic","count":85,"tested":481,"color":"rgb(214,39,40)"}],"gender":[{"description":"Female","count":438,"tested":3947,"color":"rgb(255,127,14)"},{"description":"Male","count":336,"tested":3031,"color":"rgb(31,119,180)"}]}
