{"age":[{"age_group":"<20","count":209,"tested":724},{"age_group":"20-29   ","count":211,"tested":759},{"age_group":"30-39   ","count":206,"tested":785},{"age_group":"40-49   ","count":216,"tested":741},{"age_group":"50-59   ","count":204,"tested":724},{"age_group":"60-69   ","count":202,"tested":759},{"age_group":"70-79   ","count":198,"tested":466},{"age_group":"80+","count":204,"tested":742}],"race":[{"description":"Left Blank","count":241,"tested":1635,"color":"rgb(44,160,44)"},{"description":"White","count":311,"tested":3907,"color":"rgb(31,119,180)"}],"gender":[{"description":"Male","count":263,"tested":2096,"color":"rgb(31,119,180)"},{"description":"Female","count":293,"tested":3108,"color":"rgb(255,127,14)"}]}
