{"age":[{"age_group":"<20","count":415,"tested":2131},{"age_group":"20-29   ","count":533,"tested":3740},{"age_group":"30-39   ","count":444,"tested":3406},{"age_group":"40-49   ","count":414,"tested":3300},{"age_group":"50-59   ","count":403,"tested":3688},{"age_group":"60-69   ","count":266,"tested":2320},{"age_group":"70-79   ","count":137,"tested":850},{"age_group":"80+","count":102,"tested":440}],"race":[{"description":"White","count":219,"tested":2237,"color":"rgb(31,119,180)"},{"description":"Left Blank","count":1099,"tested":10059,"color":"rgb(44,160,44)"},{"description":"Other","count":113,"tested":556,"color":"rgb(148,103,189)"},{"description":"Black","count":338,"tested":3857,"color":"rgb(255,127,14)"},{"description":"Hispanic","count":782,"tested":3104,"color":"rgb(214,39,40)"}],"gender":[{"description":"Female","count":1243,"tested":9846,"color":"rgb(255,127,14)"},{"description":"Unknown/Left Blank","count":62,"tested":221,"color":"rgb(44,160,44)"},{"description":"Male","count":1144,"tested":9810,"color":"rgb(31,119,180)"}]}
