{"age":[{"age_group":"<20","count":284,"tested":2648},{"age_group":"20-29   ","count":187,"tested":1876},{"age_group":"30-39   ","count":145,"tested":1511},{"age_group":"40-49   ","count":193,"tested":1998},{"age_group":"50-59   ","count":261,"tested":2658},{"age_group":"60-69   ","count":207,"tested":2140},{"age_group":"70-79   ","count":151,"tested":1593},{"age_group":"80+","count":160,"tested":1472}],"race":[{"description":"White","count":622,"tested":5757,"color":"rgb(31,119,180)"},{"description":"Asian","count":100,"tested":514,"color":"rgb(140,86,75)"},{"description":"Black","count":89,"tested":269,"color":"rgb(255,127,14)"},{"description":"Other","count":112,"tested":553,"color":"rgb(148,103,189)"},{"description":"Hispanic","count":117,"tested":231,"color":"rgb(214,39,40)"},{"description":"Left Blank","count":399,"tested":8560,"color":"rgb(44,160,44)"}],"gender":[{"description":"Male","count":552,"tested":6793,"color":"rgb(31,119,180)"},{"description":"Female","count":587,"tested":8995,"color":"rgb(255,127,14)"}]}
