{"age":[{"age_group":"<20","count":80,"tested":582},{"age_group":"20-29   ","count":88,"tested":559},{"age_group":"30-39   ","count":87,"tested":547},{"age_group":"40-49   ","count":85,"tested":684},{"age_group":"50-59   ","count":70,"tested":597},{"age_group":"60-69   ","count":71,"tested":569},{"age_group":"70-79   ","count":73,"tested":532},{"age_group":"80+","count":39,"tested":188}],"race":[{"description":"White","count":168,"tested":1703,"color":"rgb(31,119,180)"},{"description":"Left Blank","count":241,"tested":2434,"color":"rgb(44,160,44)"}],"gender":[{"description":"Male","count":203,"tested":1799,"color":"rgb(31,119,180)"},{"description":"Female","count":216,"tested":2413,"color":"rgb(255,127,14)"}]}
