{"age":[{"age_group":"<20","count":208,"tested":1004},{"age_group":"20-29   ","count":278,"tested":1501},{"age_group":"30-39   ","count":220,"tested":1234},{"age_group":"40-49   ","count":221,"tested":1123},{"age_group":"50-59   ","count":161,"tested":920},{"age_group":"60-69   ","count":115,"tested":792},{"age_group":"70-79   ","count":55,"tested":326},{"age_group":"80+","count":47,"tested":247}],"race":[{"description":"Black","count":68,"tested":413,"color":"rgb(255,127,14)"},{"description":"Hispanic","count":527,"tested":1923,"color":"rgb(214,39,40)"},{"description":"Left Blank","count":338,"tested":2726,"color":"rgb(44,160,44)"},{"description":"White","count":183,"tested":1412,"color":"rgb(31,119,180)"},{"description":"Other","count":118,"tested":615,"color":"rgb(148,103,189)"}],"gender":[{"description":"Male","count":560,"tested":3135,"color":"rgb(31,119,180)"},{"description":"Female","count":611,"tested":3973,"color":"rgb(255,127,14)"}]}
