{"age":[{"age_group":"<20","count":32,"tested":167},{"age_group":"20-29   ","count":32,"tested":284},{"age_group":"30-39   ","count":48,"tested":267},{"age_group":"40-49   ","count":42,"tested":256},{"age_group":"50-59   ","count":36,"tested":273},{"age_group":"60-69   ","count":32,"tested":320},{"age_group":"70-79   ","count":14,"tested":112},{"age_group":"80+","count":13,"tested":125}],"race":[{"description":"Hispanic","count":35,"tested":142,"color":"rgb(214,39,40)"},{"description":"Black","count":32,"tested":242,"color":"rgb(255,127,14)"},{"description":"Left Blank","count":83,"tested":840,"color":"rgb(44,160,44)"},{"description":"White","count":67,"tested":544,"color":"rgb(31,119,180)"}],"gender":[{"description":"Female","count":100,"tested":948,"color":"rgb(255,127,14)"},{"description":"Male","count":105,"tested":838,"color":"rgb(31,119,180)"}]}
