{"age":[{"age_group":"<20","count":178,"tested":1521},{"age_group":"20-29   ","count":175,"tested":1080},{"age_group":"30-39   ","count":148,"tested":1059},{"age_group":"40-49   ","count":156,"tested":1006},{"age_group":"50-59   ","count":131,"tested":943},{"age_group":"60-69   ","count":83,"tested":655},{"age_group":"70-79   ","count":70,"tested":306},{"age_group":"80+","count":34,"tested":182}],"race":[{"description":"Left Blank","count":212,"tested":2567,"color":"rgb(44,160,44)"},{"description":"White","count":469,"tested":3359,"color":"rgb(31,119,180)"},{"description":"Hispanic","count":134,"tested":336,"color":"rgb(214,39,40)"},{"description":"Other","count":56,"tested":257,"color":"rgb(148,103,189)"},{"description":"Black","count":38,"tested":151,"color":"rgb(255,127,14)"},{"description":"Asian","count":33,"tested":70,"color":"rgb(140,86,75)"}],"gender":[{"description":"Unknown/Left Blank","count":25,"tested":69,"color":"rgb(44,160,44)"},{"description":"Male","count":402,"tested":2835,"color":"rgb(31,119,180)"},{"description":"Female","count":465,"tested":3848,"color":"rgb(255,127,14)"}]}
