{"age":[{"age_group":"<20","count":238,"tested":1032},{"age_group":"20-29   ","count":343,"tested":1968},{"age_group":"30-39   ","count":296,"tested":1830},{"age_group":"40-49   ","count":285,"tested":1642},{"age_group":"50-59   ","count":262,"tested":1703},{"age_group":"60-69   ","count":211,"tested":1816},{"age_group":"70-79   ","count":176,"tested":1232},{"age_group":"80+","count":185,"tested":1093}],"race":[{"description":"Left Blank","count":509,"tested":6043,"color":"rgb(44,160,44)"},{"description":"Other","count":147,"tested":635,"color":"rgb(148,103,189)"},{"description":"Black","count":328,"tested":1927,"color":"rgb(255,127,14)"},{"description":"Hispanic","count":455,"tested":1337,"color":"rgb(214,39,40)"},{"description":"White","count":281,"tested":2251,"color":"rgb(31,119,180)"},{"description":"AI/AN**","count":107,"tested":67,"color":"rgb(31,119,180)"}],"gender":[{"description":"Female","count":835,"tested":7355,"color":"rgb(255,127,14)"},{"description":"Male","count":665,"tested":4744,"color":"rgb(31,119,180)"}]}
