{"age":[{"age_group":"<20","count":267,"tested":2072},{"age_group":"20-29   ","count":247,"tested":2454},{"age_group":"30-39   ","count":193,"tested":2031},{"age_group":"40-49   ","count":299,"tested":2633},{"age_group":"50-59   ","count":284,"tested":2975},{"age_group":"60-69   ","count":135,"tested":1599},{"age_group":"70-79   ","count":81,"tested":694},{"age_group":"80+","count":56,"tested":271}],"race":[{"description":"Asian","count":154,"tested":1324,"color":"rgb(140,86,75)"},{"description":"Black","count":197,"tested":1564,"color":"rgb(255,127,14)"},{"description":"Hispanic","count":201,"tested":958,"color":"rgb(214,39,40)"},{"description":"White","count":314,"tested":3470,"color":"rgb(31,119,180)"},{"description":"Left Blank","count":495,"tested":6705,"color":"rgb(44,160,44)"},{"description":"Other","count":109,"tested":661,"color":"rgb(148,103,189)"}],"gender":[{"description":"Female","count":657,"tested":8074,"color":"rgb(255,127,14)"},{"description":"Male","count":642,"tested":6497,"color":"rgb(31,119,180)"}]}
