{"age":[{"age_group":"<20","count":92,"tested":628},{"age_group":"20-29   ","count":136,"tested":1146},{"age_group":"30-39   ","count":110,"tested":904},{"age_group":"40-49   ","count":103,"tested":800},{"age_group":"50-59   ","count":115,"tested":883},{"age_group":"60-69   ","count":94,"tested":748},{"age_group":"70-79   ","count":56,"tested":412},{"age_group":"80+","count":30,"tested":174}],"race":[{"description":"Left Blank","count":242,"tested":2234,"color":"rgb(44,160,44)"},{"description":"Other","count":38,"tested":210,"color":"rgb(148,103,189)"},{"description":"White","count":194,"tested":1773,"color":"rgb(31,119,180)"},{"description":"Black","count":118,"tested":1058,"color":"rgb(255,127,14)"},{"description":"Hispanic","count":89,"tested":384,"color":"rgb(214,39,40)"}],"gender":[{"description":"Male","count":280,"tested":2334,"color":"rgb(31,119,180)"},{"description":"Female","count":344,"tested":3316,"color":"rgb(255,127,14)"}]}
