{"age":[{"age_group":"<20","count":307,"tested":2390},{"age_group":"20-29   ","count":407,"tested":3857},{"age_group":"30-39   ","count":420,"tested":3875},{"age_group":"40-49   ","count":372,"tested":3313},{"age_group":"50-59   ","count":343,"tested":3435},{"age_group":"60-69   ","count":264,"tested":3069},{"age_group":"70-79   ","count":136,"tested":1480},{"age_group":"80+","count":86,"tested":995}],"race":[{"description":"Other","count":128,"tested":769,"color":"rgb(148,103,189)"},{"description":"AI/AN**","count":71,"tested":23,"color":"rgb(31,119,180)"},{"description":"Black","count":201,"tested":1234,"color":"rgb(255,127,14)"},{"description":"Asian","count":176,"tested":1038,"color":"rgb(140,86,75)"},{"description":"White","count":710,"tested":6552,"color":"rgb(31,119,180)"},{"description":"Left Blank","count":644,"tested":11658,"color":"rgb(44,160,44)"},{"description":"Hispanic","count":338,"tested":1130,"color":"rgb(214,39,40)"}],"gender":[{"description":"Female","count":1011,"tested":12981,"color":"rgb(255,127,14)"},{"description":"Male","count":948,"tested":9210,"color":"rgb(31,119,180)"}]}
