{"age":[{"age_group":"<20","count":325,"tested":2795},{"age_group":"20-29   ","count":482,"tested":4060},{"age_group":"30-39   ","count":363,"tested":3765},{"age_group":"40-49   ","count":329,"tested":2885},{"age_group":"50-59   ","count":401,"tested":4028},{"age_group":"60-69   ","count":292,"tested":2879},{"age_group":"70-79   ","count":202,"tested":1613},{"age_group":"80+","count":171,"tested":957}],"race":[{"description":"Black","count":175,"tested":609,"color":"rgb(255,127,14)"},{"description":"Hispanic","count":379,"tested":1739,"color":"rgb(214,39,40)"},{"description":"Asian","count":147,"tested":602,"color":"rgb(140,86,75)"},{"description":"White","count":855,"tested":11410,"color":"rgb(31,119,180)"},{"description":"Other","count":216,"tested":979,"color":"rgb(148,103,189)"},{"description":"Left Blank","count":563,"tested":7545,"color":"rgb(44,160,44)"}],"gender":[{"description":"Male","count":948,"tested":10014,"color":"rgb(31,119,180)"},{"description":"Unknown/Left Blank","count":128,"tested":209,"color":"rgb(44,160,44)"},{"description":"Female","count":925,"tested":12760,"color":"rgb(255,127,14)"}]}
