{"age":[{"age_group":"<20","count":60,"tested":169},{"age_group":"20-29   ","count":45,"tested":259},{"age_group":"30-39   ","count":48,"tested":288},{"age_group":"40-49   ","count":53,"tested":207},{"age_group":"50-59   ","count":62,"tested":352},{"age_group":"60-69   ","count":45,"tested":334},{"age_group":"70-79   ","count":37,"tested":164},{"age_group":"80+","count":32,"tested":95}],"race":[{"description":"White","count":118,"tested":974,"color":"rgb(31,119,180)"},{"description":"Hispanic","count":40,"tested":73,"color":"rgb(214,39,40)"},{"description":"Left Blank","count":86,"tested":684,"color":"rgb(44,160,44)"}],"gender":[{"description":"Female","count":109,"tested":1018,"color":"rgb(255,127,14)"},{"description":"Male","count":115,"tested":843,"color":"rgb(31,119,180)"}]}
