{"age":[{"age_group":"<20","count":889,"tested":5804},{"age_group":"20-29   ","count":1147,"tested":10232},{"age_group":"30-39   ","count":1070,"tested":9136},{"age_group":"40-49   ","count":1061,"tested":8137},{"age_group":"50-59   ","count":811,"tested":6635},{"age_group":"60-69   ","count":555,"tested":5950},{"age_group":"70-79   ","count":275,"tested":3374},{"age_group":"80+","count":160,"tested":2249}],"race":[{"description":"Black","count":709,"tested":7307,"color":"rgb(255,127,14)"},{"description":"Hispanic","count":3085,"tested":13316,"color":"rgb(214,39,40)"},{"description":"Asian","count":106,"tested":1029,"color":"rgb(140,86,75)"},{"description":"White","count":539,"tested":6070,"color":"rgb(31,119,180)"},{"description":"Other","count":252,"tested":1849,"color":"rgb(148,103,189)"},{"description":"Left Blank","count":1164,"tested":21932,"color":"rgb(44,160,44)"}],"gender":[{"description":"Female","count":2924,"tested":26877,"color":"rgb(255,127,14)"},{"description":"Male","count":2693,"tested":21270,"color":"rgb(31,119,180)"},{"description":"Unknown/Left Blank","count":86,"tested":3399,"color":"rgb(44,160,44)"}]}
