{"age":[{"age_group":"<20","count":59,"tested":224},{"age_group":"20-29   ","count":70,"tested":560},{"age_group":"30-39   ","count":63,"tested":476},{"age_group":"40-49   ","count":65,"tested":474},{"age_group":"50-59   ","count":52,"tested":453},{"age_group":"60-69   ","count":52,"tested":393},{"age_group":"70-79   ","count":29,"tested":144},{"age_group":"80+","count":27,"tested":123}],"race":[{"description":"White","count":101,"tested":1181,"color":"rgb(31,119,180)"},{"description":"Hispanic","count":88,"tested":295,"color":"rgb(214,39,40)"},{"description":"Left Blank","count":104,"tested":1105,"color":"rgb(44,160,44)"},{"description":"Other","count":35,"tested":72,"color":"rgb(148,103,189)"}],"gender":[{"description":"Female","count":166,"tested":1662,"color":"rgb(255,127,14)"},{"description":"Male","count":125,"tested":1140,"color":"rgb(31,119,180)"}]}
