{"age":[{"age_group":"<20","count":156,"tested":1159},{"age_group":"20-29   ","count":141,"tested":938},{"age_group":"30-39   ","count":131,"tested":1187},{"age_group":"40-49   ","count":142,"tested":1003},{"age_group":"50-59   ","count":139,"tested":1149},{"age_group":"60-69   ","count":108,"tested":696},{"age_group":"70-79   ","count":85,"tested":764},{"age_group":"80+","count":93,"tested":922}],"race":[{"description":"White","count":401,"tested":2510,"color":"rgb(31,119,180)"},{"description":"Left Blank","count":338,"tested":5065,"color":"rgb(44,160,44)"},{"description":"Hispanic","count":57,"tested":111,"color":"rgb(214,39,40)"}],"gender":[{"description":"Female","count":405,"tested":3450,"color":"rgb(255,127,14)"},{"description":"Male","count":335,"tested":2204,"color":"rgb(31,119,180)"},{"description":"Unknown/Left Blank","count":70,"tested":2172,"color":"rgb(44,160,44)"}]}
