{"age":[{"age_group":"<20","count":489,"tested":3436},{"age_group":"20-29   ","count":628,"tested":5402},{"age_group":"30-39   ","count":544,"tested":5013},{"age_group":"40-49   ","count":542,"tested":4176},{"age_group":"50-59   ","count":658,"tested":5847},{"age_group":"60-69   ","count":442,"tested":3960},{"age_group":"70-79   ","count":225,"tested":2205},{"age_group":"80+","count":192,"tested":2674}],"race":[{"description":"NH/PI*","count":119,"tested":50,"color":"rgb(127,127,127)"},{"description":"Other","count":197,"tested":700,"color":"rgb(148,103,189)"},{"description":"Left Blank","count":1100,"tested":19296,"color":"rgb(44,160,44)"},{"description":"Hispanic","count":400,"tested":1244,"color":"rgb(214,39,40)"},{"description":"White","count":1289,"tested":9157,"color":"rgb(31,119,180)"},{"description":"Black","count":154,"tested":442,"color":"rgb(255,127,14)"},{"description":"Asian","count":345,"tested":1819,"color":"rgb(140,86,75)"}],"gender":[{"description":"Female","count":1543,"tested":18915,"color":"rgb(255,127,14)"},{"description":"Male","count":1493,"tested":13102,"color":"rgb(31,119,180)"},{"description":"Unknown/Left Blank","count":124,"tested":708,"color":"rgb(44,160,44)"}]}
