{"age":[{"age_group":"<20","count":309,"tested":2966},{"age_group":"20-29   ","count":322,"tested":3344},{"age_group":"30-39   ","count":257,"tested":2472},{"age_group":"40-49   ","count":293,"tested":2952},{"age_group":"50-59   ","count":344,"tested":3536},{"age_group":"60-69   ","count":279,"tested":3199},{"age_group":"70-79   ","count":221,"tested":1718},{"age_group":"80+","count":232,"tested":1685}],"race":[{"description":"Hispanic","count":199,"tested":734,"color":"rgb(214,39,40)"},{"description":"Left Blank","count":436,"tested":8759,"color":"rgb(44,160,44)"},{"description":"White","count":804,"tested":10626,"color":"rgb(31,119,180)"},{"description":"Other","count":205,"tested":783,"color":"rgb(148,103,189)"},{"description":"Black","count":156,"tested":328,"color":"rgb(255,127,14)"},{"description":"Asian","count":171,"tested":565,"color":"rgb(140,86,75)"}],"gender":[{"description":"Female","count":713,"tested":11307,"color":"rgb(255,127,14)"},{"description":"Male","count":674,"tested":9350,"color":"rgb(31,119,180)"},{"description":"Unknown/Left Blank","count":155,"tested":1220,"color":"rgb(44,160,44)"}]}
