{"age":[{"age_group":"<20","count":602,"tested":2487},{"age_group":"20-29   ","count":750,"tested":3419},{"age_group":"30-39   ","count":717,"tested":3313},{"age_group":"40-49   ","count":669,"tested":3057},{"age_group":"50-59   ","count":693,"tested":3383},{"age_group":"60-69   ","count":507,"tested":2179},{"age_group":"70-79   ","count":416,"tested":1257},{"age_group":"80+","count":356,"tested":557}],"race":[{"description":"Asian","count":331,"tested":120,"color":"rgb(140,86,75)"},{"description":"Hispanic","count":503,"tested":773,"color":"rgb(214,39,40)"},{"description":"Black","count":406,"tested":539,"color":"rgb(255,127,14)"},{"description":"Left Blank","count":1199,"tested":9697,"color":"rgb(44,160,44)"},{"description":"Other","count":396,"tested":701,"color":"rgb(148,103,189)"},{"description":"White","count":1224,"tested":7769,"color":"rgb(31,119,180)"},{"description":"AI/AN**","count":330,"tested":44,"color":"rgb(31,119,180)"}],"gender":[{"description":"Female","count":1368,"tested":10958,"color":"rgb(255,127,14)"},{"description":"Male","count":1394,"tested":8529,"color":"rgb(31,119,180)"},{"description":"Unknown/Left Blank","count":343,"tested":169,"color":"rgb(44,160,44)"}]}
