{"age":[{"age_group":"<20","count":176,"tested":1535},{"age_group":"20-29   ","count":185,"tested":2194},{"age_group":"30-39   ","count":217,"tested":2286},{"age_group":"40-49   ","count":244,"tested":2412},{"age_group":"50-59   ","count":212,"tested":2627},{"age_group":"60-69   ","count":170,"tested":2373},{"age_group":"70-79   ","count":126,"tested":1506},{"age_group":"80+","count":115,"tested":914}],"race":[{"description":"Black","count":398,"tested":4072,"color":"rgb(255,127,14)"},{"description":"Asian","count":46,"tested":76,"color":"rgb(140,86,75)"},{"description":"Hispanic","count":87,"tested":357,"color":"rgb(214,39,40)"},{"description":"Other","count":62,"tested":288,"color":"rgb(148,103,189)"},{"description":"Left Blank","count":514,"tested":7603,"color":"rgb(44,160,44)"},{"description":"White","count":258,"tested":3415,"color":"rgb(31,119,180)"}],"gender":[{"description":"Male","count":538,"tested":6292,"color":"rgb(31,119,180)"},{"description":"Unknown/Left Blank","count":52,"tested":308,"color":"rgb(44,160,44)"},{"description":"Female","count":660,"tested":9253,"color":"rgb(255,127,14)"}]}
