{"age":[{"age_group":"<20","count":440,"tested":2833},{"age_group":"20-29   ","count":611,"tested":6093},{"age_group":"30-39   ","count":545,"tested":5663},{"age_group":"40-49   ","count":587,"tested":4989},{"age_group":"50-59   ","count":548,"tested":5176},{"age_group":"60-69   ","count":417,"tested":4859},{"age_group":"70-79   ","count":228,"tested":2506},{"age_group":"80+","count":281,"tested":3963}],"race":[{"description":"Black","count":118,"tested":467,"color":"rgb(255,127,14)"},{"description":"Asian","count":228,"tested":2079,"color":"rgb(140,86,75)"},{"description":"Hispanic","count":1172,"tested":5191,"color":"rgb(214,39,40)"},{"description":"White","count":800,"tested":7389,"color":"rgb(31,119,180)"},{"description":"Other","count":262,"tested":1269,"color":"rgb(148,103,189)"},{"description":"Left Blank","count":901,"tested":19647,"color":"rgb(44,160,44)"}],"gender":[{"description":"Unknown/Left Blank","count":106,"tested":929,"color":"rgb(44,160,44)"},{"description":"Male","count":1517,"tested":13660,"color":"rgb(31,119,180)"},{"description":"Female","count":1614,"tested":21532,"color":"rgb(255,127,14)"}]}
