{"age":[{"age_group":"<20","count":686,"tested":5896},{"age_group":"20-29   ","count":1051,"tested":12647},{"age_group":"30-39   ","count":1093,"tested":15301},{"age_group":"40-49   ","count":974,"tested":9935},{"age_group":"50-59   ","count":813,"tested":8455},{"age_group":"60-69   ","count":610,"tested":6889},{"age_group":"70-79   ","count":348,"tested":3794},{"age_group":"80+","count":267,"tested":2936}],"race":[{"description":"White","count":1188,"tested":18260,"color":"rgb(31,119,180)"},{"description":"Asian","count":540,"tested":3929,"color":"rgb(140,86,75)"},{"description":"Black","count":242,"tested":2895,"color":"rgb(255,127,14)"},{"description":"Other","count":388,"tested":3123,"color":"rgb(148,103,189)"},{"description":"AI/AN**","count":114,"tested":64,"color":"rgb(31,119,180)"},{"description":"Hispanic","count":1995,"tested":9423,"color":"rgb(214,39,40)"},{"description":"NH/PI*","count":117,"tested":195,"color":"rgb(127,127,127)"},{"description":"Left Blank","count":1258,"tested":27998,"color":"rgb(44,160,44)"}],"gender":[{"description":"Female","count":2604,"tested":35127,"color":"rgb(255,127,14)"},{"description":"Male","count":2567,"tested":28155,"color":"rgb(31,119,180)"},{"description":"Unknown/Left Blank","count":166,"tested":2605,"color":"rgb(44,160,44)"}]}
