{"age":[{"age_group":"<20","count":49,"tested":198},{"age_group":"20-29   ","count":59,"tested":384},{"age_group":"30-39   ","count":50,"tested":319},{"age_group":"40-49   ","count":51,"tested":259},{"age_group":"50-59   ","count":58,"tested":425},{"age_group":"60-69   ","count":50,"tested":303},{"age_group":"70-79   ","count":41,"tested":219},{"age_group":"80+","count":32,"tested":102}],"race":[{"description":"White","count":115,"tested":1295,"color":"rgb(31,119,180)"},{"description":"Left Blank","count":111,"tested":783,"color":"rgb(44,160,44)"},{"description":"Hispanic","count":35,"tested":75,"color":"rgb(214,39,40)"}],"gender":[{"description":"Female","count":132,"tested":1246,"color":"rgb(255,127,14)"},{"description":"Male","count":108,"tested":946,"color":"rgb(31,119,180)"}]}
