{"age":[{"age_group":"<20","count":325,"tested":1730},{"age_group":"20-29   ","count":446,"tested":2774},{"age_group":"30-39   ","count":303,"tested":1722},{"age_group":"40-49   ","count":345,"tested":1933},{"age_group":"50-59   ","count":430,"tested":2650},{"age_group":"60-69   ","count":377,"tested":2384},{"age_group":"70-79   ","count":254,"tested":1910},{"age_group":"80+","count":253,"tested":2925}],"race":[{"description":"Black","count":163,"tested":273,"color":"rgb(255,127,14)"},{"description":"Hispanic","count":179,"tested":346,"color":"rgb(214,39,40)"},{"description":"White","count":869,"tested":6588,"color":"rgb(31,119,180)"},{"description":"Asian","count":184,"tested":362,"color":"rgb(140,86,75)"},{"description":"Left Blank","count":841,"tested":9842,"color":"rgb(44,160,44)"},{"description":"Other","count":214,"tested":606,"color":"rgb(148,103,189)"}],"gender":[{"description":"Male","count":899,"tested":7537,"color":"rgb(31,119,180)"},{"description":"Female","count":995,"tested":9986,"color":"rgb(255,127,14)"}]}
