{"age":[{"age_group":"<20","count":292,"tested":2414},{"age_group":"20-29   ","count":300,"tested":2765},{"age_group":"30-39   ","count":272,"tested":2916},{"age_group":"40-49   ","count":245,"tested":2267},{"age_group":"50-59   ","count":255,"tested":2930},{"age_group":"60-69   ","count":253,"tested":2879},{"age_group":"70-79   ","count":128,"tested":1715},{"age_group":"80+","count":126,"tested":2031}],"race":[{"description":"Hispanic","count":152,"tested":393,"color":"rgb(214,39,40)"},{"description":"Asian","count":104,"tested":364,"color":"rgb(140,86,75)"},{"description":"Left Blank","count":558,"tested":11207,"color":"rgb(44,160,44)"},{"description":"White","count":712,"tested":7029,"color":"rgb(31,119,180)"},{"description":"Black","count":108,"tested":420,"color":"rgb(255,127,14)"},{"description":"Other","count":103,"tested":525,"color":"rgb(148,103,189)"}],"gender":[{"description":"Unknown/Left Blank","count":77,"tested":359,"color":"rgb(44,160,44)"},{"description":"Male","count":689,"tested":8445,"color":"rgb(31,119,180)"},{"description":"Female","count":775,"tested":11145,"color":"rgb(255,127,14)"}]}
