{"age":[{"age_group":"<20","count":184,"tested":1311},{"age_group":"20-29   ","count":268,"tested":2396},{"age_group":"30-39   ","count":243,"tested":2071},{"age_group":"40-49   ","count":298,"tested":2736},{"age_group":"50-59   ","count":262,"tested":2934},{"age_group":"60-69   ","count":171,"tested":2395},{"age_group":"70-79   ","count":117,"tested":1380},{"age_group":"80+","count":100,"tested":838}],"race":[{"description":"Asian","count":36,"tested":81,"color":"rgb(140,86,75)"},{"description":"Black","count":728,"tested":6929,"color":"rgb(255,127,14)"},{"description":"Hispanic","count":92,"tested":326,"color":"rgb(214,39,40)"},{"description":"White","count":134,"tested":1334,"color":"rgb(31,119,180)"},{"description":"Other","count":52,"tested":292,"color":"rgb(148,103,189)"},{"description":"Left Blank","count":539,"tested":7047,"color":"rgb(44,160,44)"}],"gender":[{"description":"Female","count":814,"tested":9530,"color":"rgb(255,127,14)"},{"description":"Male","count":625,"tested":5991,"color":"rgb(31,119,180)"},{"description":"Unknown/Left Blank","count":59,"tested":540,"color":"rgb(44,160,44)"}]}
