{"age":[{"age_group":"<20","count":328,"tested":2298},{"age_group":"20-29   ","count":458,"tested":3609},{"age_group":"30-39   ","count":428,"tested":3572},{"age_group":"40-49   ","count":349,"tested":2589},{"age_group":"50-59   ","count":356,"tested":3042},{"age_group":"60-69   ","count":259,"tested":2523},{"age_group":"70-79   ","count":160,"tested":1518},{"age_group":"80+","count":106,"tested":1304}],"race":[{"description":"Left Blank","count":682,"tested":10133,"color":"rgb(44,160,44)"},{"description":"Hispanic","count":504,"tested":1650,"color":"rgb(214,39,40)"},{"description":"White","count":743,"tested":6531,"color":"rgb(31,119,180)"},{"description":"Asian","count":128,"tested":580,"color":"rgb(140,86,75)"},{"description":"Black","count":133,"tested":726,"color":"rgb(255,127,14)"},{"description":"Other","count":153,"tested":813,"color":"rgb(148,103,189)"}],"gender":[{"description":"Female","count":1118,"tested":11412,"color":"rgb(255,127,14)"},{"description":"Male","count":1022,"tested":8891,"color":"rgb(31,119,180)"}]}
