{"age":[{"age_group":"<20","count":546,"tested":2697},{"age_group":"20-29   ","count":639,"tested":4649},{"age_group":"30-39   ","count":603,"tested":4063},{"age_group":"40-49   ","count":564,"tested":3870},{"age_group":"50-59   ","count":481,"tested":3452},{"age_group":"60-69   ","count":365,"tested":2657},{"age_group":"70-79   ","count":195,"tested":1437},{"age_group":"80+","count":92,"tested":659}],"race":[{"description":"Other","count":196,"tested":1010,"color":"rgb(148,103,189)"},{"description":"Left Blank","count":992,"tested":12445,"color":"rgb(44,160,44)"},{"description":"Black","count":146,"tested":813,"color":"rgb(255,127,14)"},{"description":"Asian","count":402,"tested":2169,"color":"rgb(140,86,75)"},{"description":"White","count":573,"tested":3884,"color":"rgb(31,119,180)"},{"description":"Hispanic","count":1045,"tested":3097,"color":"rgb(214,39,40)"}],"gender":[{"description":"Male","count":1524,"tested":10149,"color":"rgb(31,119,180)"},{"description":"Unknown/Left Blank","count":71,"tested":277,"color":"rgb(44,160,44)"},{"description":"Female","count":1575,"tested":13073,"color":"rgb(255,127,14)"}]}
