{"age":[{"age_group":"<20","count":104,"tested":1046},{"age_group":"20-29   ","count":502,"tested":7814},{"age_group":"30-39   ","count":454,"tested":8528},{"age_group":"40-49   ","count":176,"tested":2234},{"age_group":"50-59   ","count":130,"tested":1336},{"age_group":"60-69   ","count":120,"tested":973},{"age_group":"70-79   ","count":88,"tested":523},{"age_group":"80+","count":80,"tested":234}],"race":[{"description":"Black","count":140,"tested":1292,"color":"rgb(255,127,14)"},{"description":"Asian","count":65,"tested":648,"color":"rgb(140,86,75)"},{"description":"Hispanic","count":318,"tested":1962,"color":"rgb(214,39,40)"},{"description":"White","count":442,"tested":6879,"color":"rgb(31,119,180)"},{"description":"Other","count":99,"tested":1040,"color":"rgb(148,103,189)"},{"description":"Left Blank","count":501,"tested":10830,"color":"rgb(44,160,44)"}],"gender":[{"description":"Female","count":686,"tested":11943,"color":"rgb(255,127,14)"},{"description":"Male","count":688,"tested":10420,"color":"rgb(31,119,180)"},{"description":"Unknown/Left Blank","count":65,"tested":331,"color":"rgb(44,160,44)"}]}
