{"age":[{"age_group":"<20","count":285,"tested":3065},{"age_group":"20-29   ","count":604,"tested":10006},{"age_group":"30-39   ","count":605,"tested":9742},{"age_group":"40-49   ","count":428,"tested":6362},{"age_group":"50-59   ","count":377,"tested":6883},{"age_group":"60-69   ","count":343,"tested":7278},{"age_group":"70-79   ","count":209,"tested":4176},{"age_group":"80+","count":174,"tested":2652}],"race":[{"description":"Black","count":652,"tested":8150,"color":"rgb(255,127,14)"},{"description":"Hispanic","count":380,"tested":2381,"color":"rgb(214,39,40)"},{"description":"White","count":476,"tested":6760,"color":"rgb(31,119,180)"},{"description":"Other","count":187,"tested":1756,"color":"rgb(148,103,189)"},{"description":"Left Blank","count":835,"tested":26208,"color":"rgb(44,160,44)"},{"description":"Asian","count":375,"tested":4828,"color":"rgb(140,86,75)"}],"gender":[{"description":"Female","count":1328,"tested":25891,"color":"rgb(255,127,14)"},{"description":"Unknown/Left Blank","count":91,"tested":1613,"color":"rgb(44,160,44)"},{"description":"Male","count":1316,"tested":22676,"color":"rgb(31,119,180)"}]}
