{"age":[{"age_group":"<20","count":153,"tested":967},{"age_group":"20-29   ","count":206,"tested":1318},{"age_group":"30-39   ","count":210,"tested":1256},{"age_group":"40-49   ","count":178,"tested":1249},{"age_group":"50-59   ","count":126,"tested":1094},{"age_group":"60-69   ","count":122,"tested":989},{"age_group":"70-79   ","count":62,"tested":485},{"age_group":"80+","count":45,"tested":238}],"race":[{"description":"Black","count":36,"tested":181,"color":"rgb(255,127,14)"},{"description":"Hispanic","count":348,"tested":1607,"color":"rgb(214,39,40)"},{"description":"White","count":286,"tested":2250,"color":"rgb(31,119,180)"},{"description":"Other","count":99,"tested":487,"color":"rgb(148,103,189)"},{"description":"Left Blank","count":266,"tested":3001,"color":"rgb(44,160,44)"},{"description":"Asian","count":27,"tested":63,"color":"rgb(140,86,75)"}],"gender":[{"description":"Male","count":492,"tested":3340,"color":"rgb(31,119,180)"},{"description":"Female","count":488,"tested":4150,"color":"rgb(255,127,14)"}]}
