{"age":[{"age_group":"<20","count":571,"tested":3167},{"age_group":"20-29   ","count":244,"tested":1930},{"age_group":"30-39   ","count":283,"tested":1984},{"age_group":"40-49   ","count":196,"tested":1563},{"age_group":"50-59   ","count":195,"tested":1698},{"age_group":"60-69   ","count":152,"tested":1672},{"age_group":"70-79   ","count":88,"tested":1503},{"age_group":"80+","count":132,"tested":4575}],"race":[{"description":"Left Blank","count":1079,"tested":12258,"color":"rgb(44,160,44)"},{"description":"Other","count":189,"tested":980,"color":"rgb(148,103,189)"},{"description":"White","count":314,"tested":3250,"color":"rgb(31,119,180)"},{"description":"Asian","count":141,"tested":1007,"color":"rgb(140,86,75)"},{"description":"Black","count":31,"tested":143,"color":"rgb(255,127,14)"},{"description":"Hispanic","count":66,"tested":392,"color":"rgb(214,39,40)"}],"gender":[{"description":"Unknown/Left Blank","count":36,"tested":261,"color":"rgb(44,160,44)"},{"description":"Male","count":881,"tested":7641,"color":"rgb(31,119,180)"},{"description":"Female","count":865,"tested":10196,"color":"rgb(255,127,14)"}]}
