{"age":[{"age_group":"<20","count":1045,"tested":12694},{"age_group":"20-29   ","count":1215,"tested":16063},{"age_group":"30-39   ","count":1202,"tested":16023},{"age_group":"40-49   ","count":1080,"tested":14188},{"age_group":"50-59   ","count":924,"tested":15331},{"age_group":"60-69   ","count":588,"tested":12951},{"age_group":"70-79   ","count":331,"tested":8958},{"age_group":"80+","count":273,"tested":9057}],"race":[{"description":"AI/AN**","count":32,"tested":238,"color":"rgb(31,119,180)"},{"description":"Asian","count":81,"tested":984,"color":"rgb(140,86,75)"},{"description":"Black","count":777,"tested":11190,"color":"rgb(255,127,14)"},{"description":"Hispanic","count":1732,"tested":11954,"color":"rgb(214,39,40)"},{"description":"Left Blank","count":1544,"tested":45465,"color":"rgb(44,160,44)"},{"description":"Other","count":289,"tested":5232,"color":"rgb(148,103,189)"},{"description":"White","count":2196,"tested":29808,"color":"rgb(31,119,180)"}],"gender":[{"description":"Female","count":3515,"tested":60313,"color":"rgb(255,127,14)"},{"description":"Male","count":3122,"tested":43132,"color":"rgb(31,119,180)"},{"description":"Unknown/Left Blank","count":21,"tested":1829,"color":"rgb(44,160,44)"}]}
