{"age":[{"age_group":"<20","count":802,"tested":9997},{"age_group":"20-29   ","count":872,"tested":10615},{"age_group":"30-39   ","count":696,"tested":8837},{"age_group":"40-49   ","count":658,"tested":8622},{"age_group":"50-59   ","count":577,"tested":8782},{"age_group":"60-69   ","count":510,"tested":9683},{"age_group":"70-79   ","count":272,"tested":6333},{"age_group":"80+","count":253,"tested":9202}],"race":[{"description":"Asian","count":99,"tested":660,"color":"rgb(140,86,75)"},{"description":"Black","count":662,"tested":8906,"color":"rgb(255,127,14)"},{"description":"Hispanic","count":374,"tested":2916,"color":"rgb(214,39,40)"},{"description":"Left Blank","count":1817,"tested":33422,"color":"rgb(44,160,44)"},{"description":"Other","count":139,"tested":4872,"color":"rgb(148,103,189)"},{"description":"White","count":1541,"tested":21333,"color":"rgb(31,119,180)"}],"gender":[{"description":"Female","count":2486,"tested":44595,"color":"rgb(255,127,14)"},{"description":"Male","count":2140,"tested":26639,"color":"rgb(31,119,180)"},{"description":"Unknown/Left Blank","count":14,"tested":960,"color":"rgb(44,160,44)"}]}
