{"age":[{"age_group":"20-29   ","count":10,"tested":148},{"age_group":"30-39   ","count":10,"tested":267},{"age_group":"40-49   ","count":10,"tested":252},{"age_group":"50-59   ","count":8,"tested":251},{"age_group":"60-69   ","count":7,"tested":143}],"race":[{"description":"Left Blank","count":12,"tested":324,"color":"rgb(44,160,44)"},{"description":"White","count":35,"tested":863,"color":"rgb(31,119,180)"}],"gender":[{"description":"Female","count":28,"tested":915,"color":"rgb(255,127,14)"},{"description":"Male","count":23,"tested":469,"color":"rgb(31,119,180)"}]}
