{"age":[{"age_group":"<20","count":189,"tested":1921},{"age_group":"20-29   ","count":166,"tested":1678},{"age_group":"30-39   ","count":140,"tested":1513},{"age_group":"40-49   ","count":151,"tested":1357},{"age_group":"50-59   ","count":136,"tested":1514},{"age_group":"60-69   ","count":94,"tested":996},{"age_group":"70-79   ","count":36,"tested":582},{"age_group":"80+","count":16,"tested":332}],"race":[{"description":"Black","count":8,"tested":74,"color":"rgb(255,127,14)"},{"description":"Hispanic","count":126,"tested":623,"color":"rgb(214,39,40)"},{"description":"Left Blank","count":246,"tested":3635,"color":"rgb(44,160,44)"},{"description":"Other","count":6,"tested":108,"color":"rgb(148,103,189)"},{"description":"White","count":538,"tested":5403,"color":"rgb(31,119,180)"}],"gender":[{"description":"Female","count":476,"tested":5880,"color":"rgb(255,127,14)"},{"description":"Male","count":452,"tested":3965,"color":"rgb(31,119,180)"}]}
