{"age":[{"age_group":"<20","count":21,"tested":331},{"age_group":"20-29   ","count":30,"tested":339},{"age_group":"30-39   ","count":18,"tested":312},{"age_group":"40-49   ","count":13,"tested":175},{"age_group":"50-59   ","count":38,"tested":271},{"age_group":"60-69   ","count":22,"tested":233},{"age_group":"70-79   ","count":10,"tested":151}],"race":[{"description":"Hispanic","count":20,"tested":92,"color":"rgb(214,39,40)"},{"description":"Left Blank","count":37,"tested":627,"color":"rgb(44,160,44)"},{"description":"White","count":96,"tested":1118,"color":"rgb(31,119,180)"}],"gender":[{"description":"Female","count":76,"tested":993,"color":"rgb(255,127,14)"},{"description":"Male","count":77,"tested":907,"color":"rgb(31,119,180)"}]}
