{"age":[{"age_group":"<20","count":458,"tested":5999},{"age_group":"20-29   ","count":353,"tested":4521},{"age_group":"30-39   ","count":400,"tested":4068},{"age_group":"40-49   ","count":420,"tested":4576},{"age_group":"50-59   ","count":429,"tested":5003},{"age_group":"60-69   ","count":262,"tested":3847},{"age_group":"70-79   ","count":140,"tested":1894},{"age_group":"80+","count":39,"tested":862}],"race":[{"description":"Asian","count":17,"tested":398,"color":"rgb(140,86,75)"},{"description":"Black","count":42,"tested":411,"color":"rgb(255,127,14)"},{"description":"Hispanic","count":151,"tested":1294,"color":"rgb(214,39,40)"},{"description":"Left Blank","count":1125,"tested":12921,"color":"rgb(44,160,44)"},{"description":"Other","count":158,"tested":1491,"color":"rgb(148,103,189)"},{"description":"White","count":1003,"tested":14188,"color":"rgb(31,119,180)"}],"gender":[{"description":"Female","count":1294,"tested":17034,"color":"rgb(255,127,14)"},{"description":"Male","count":1192,"tested":13512,"color":"rgb(31,119,180)"},{"description":"Unknown/Left Blank","count":15,"tested":229,"color":"rgb(44,160,44)"}]}
