{"age":[{"age_group":"<20","count":294,"tested":10169},{"age_group":"20-29   ","count":182,"tested":4768},{"age_group":"30-39   ","count":204,"tested":6036},{"age_group":"40-49   ","count":213,"tested":6096},{"age_group":"50-59   ","count":166,"tested":5147},{"age_group":"60-69   ","count":105,"tested":3176},{"age_group":"70-79   ","count":55,"tested":1664},{"age_group":"80+","count":16,"tested":527}],"race":[{"description":"Asian","count":30,"tested":1283,"color":"rgb(140,86,75)"},{"description":"Black","count":260,"tested":4330,"color":"rgb(255,127,14)"},{"description":"Hispanic","count":111,"tested":1976,"color":"rgb(214,39,40)"},{"description":"Left Blank","count":220,"tested":11541,"color":"rgb(44,160,44)"},{"description":"Other","count":56,"tested":1640,"color":"rgb(148,103,189)"},{"description":"White","count":554,"tested":16642,"color":"rgb(31,119,180)"}],"gender":[{"description":"Female","count":600,"tested":19957,"color":"rgb(255,127,14)"},{"description":"Male","count":626,"tested":16821,"color":"rgb(31,119,180)"}]}
