{"age":[{"age_group":"<20","count":698,"tested":16249},{"age_group":"20-29   ","count":720,"tested":11721},{"age_group":"30-39   ","count":588,"tested":9897},{"age_group":"40-49   ","count":518,"tested":9128},{"age_group":"50-59   ","count":665,"tested":11624},{"age_group":"60-69   ","count":408,"tested":9409},{"age_group":"70-79   ","count":153,"tested":4080},{"age_group":"80+","count":149,"tested":3348}],"race":[{"description":"AI/AN**","count":8,"tested":184,"color":"rgb(31,119,180)"},{"description":"Asian","count":188,"tested":5860,"color":"rgb(140,86,75)"},{"description":"Black","count":305,"tested":5637,"color":"rgb(255,127,14)"},{"description":"Hispanic","count":772,"tested":8818,"color":"rgb(214,39,40)"},{"description":"Left Blank","count":795,"tested":20231,"color":"rgb(44,160,44)"},{"description":"NH/PI*","count":17,"tested":296,"color":"rgb(127,127,127)"},{"description":"Other","count":274,"tested":3003,"color":"rgb(148,103,189)"},{"description":"White","count":1540,"tested":31448,"color":"rgb(31,119,180)"}],"gender":[{"description":"Female","count":2039,"tested":42563,"color":"rgb(255,127,14)"},{"description":"Male","count":1823,"tested":32171,"color":"rgb(31,119,180)"},{"description":"Unknown/Left Blank","count":37,"tested":743,"color":"rgb(44,160,44)"}]}
