{"age":[{"age_group":"<20","count":723,"tested":9875},{"age_group":"20-29   ","count":520,"tested":6791},{"age_group":"30-39   ","count":592,"tested":7335},{"age_group":"40-49   ","count":530,"tested":6633},{"age_group":"50-59   ","count":429,"tested":5713},{"age_group":"60-69   ","count":257,"tested":3898},{"age_group":"70-79   ","count":143,"tested":2444},{"age_group":"80+","count":66,"tested":2527}],"race":[{"description":"Asian","count":21,"tested":519,"color":"rgb(140,86,75)"},{"description":"Black","count":168,"tested":1944,"color":"rgb(255,127,14)"},{"description":"Hispanic","count":447,"tested":3519,"color":"rgb(214,39,40)"},{"description":"Left Blank","count":706,"tested":16692,"color":"rgb(44,160,44)"},{"description":"Other","count":96,"tested":1498,"color":"rgb(148,103,189)"},{"description":"White","count":1814,"tested":20992,"color":"rgb(31,119,180)"}],"gender":[{"description":"Female","count":1727,"tested":25849,"color":"rgb(255,127,14)"},{"description":"Male","count":1523,"tested":18208,"color":"rgb(31,119,180)"},{"description":"Unknown/Left Blank","count":10,"tested":1173,"color":"rgb(44,160,44)"}]}
