{"age":[{"age_group":"<20","count":282,"tested":4482},{"age_group":"20-29   ","count":174,"tested":2797},{"age_group":"30-39   ","count":168,"tested":2404},{"age_group":"40-49   ","count":220,"tested":2296},{"age_group":"50-59   ","count":234,"tested":2804},{"age_group":"60-69   ","count":137,"tested":2307},{"age_group":"70-79   ","count":62,"tested":1604},{"age_group":"80+","count":31,"tested":778}],"race":[{"description":"Asian","count":8,"tested":190,"color":"rgb(140,86,75)"},{"description":"Black","count":11,"tested":242,"color":"rgb(255,127,14)"},{"description":"Hispanic","count":113,"tested":1081,"color":"rgb(214,39,40)"},{"description":"Left Blank","count":254,"tested":5267,"color":"rgb(44,160,44)"},{"description":"Other","count":43,"tested":533,"color":"rgb(148,103,189)"},{"description":"White","count":876,"tested":12131,"color":"rgb(31,119,180)"}],"gender":[{"description":"Female","count":654,"tested":10221,"color":"rgb(255,127,14)"},{"description":"Male","count":647,"tested":9106,"color":"rgb(31,119,180)"}]}
