{"age":[{"age_group":"<20","count":970,"tested":14502},{"age_group":"20-29   ","count":1052,"tested":17475},{"age_group":"30-39   ","count":987,"tested":17687},{"age_group":"40-49   ","count":832,"tested":12662},{"age_group":"50-59   ","count":855,"tested":14795},{"age_group":"60-69   ","count":554,"tested":12376},{"age_group":"70-79   ","count":223,"tested":7146},{"age_group":"80+","count":213,"tested":12492}],"race":[{"description":"AI/AN**","count":9,"tested":214,"color":"rgb(31,119,180)"},{"description":"Asian","count":386,"tested":7743,"color":"rgb(140,86,75)"},{"description":"Black","count":287,"tested":3581,"color":"rgb(255,127,14)"},{"description":"Hispanic","count":688,"tested":5326,"color":"rgb(214,39,40)"},{"description":"Left Blank","count":914,"tested":46995,"color":"rgb(44,160,44)"},{"description":"NH/PI*","count":10,"tested":68,"color":"rgb(127,127,127)"},{"description":"Other","count":186,"tested":3516,"color":"rgb(148,103,189)"},{"description":"White","count":3206,"tested":41731,"color":"rgb(31,119,180)"}],"gender":[{"description":"Female","count":2909,"tested":62101,"color":"rgb(255,127,14)"},{"description":"Male","count":2749,"tested":45431,"color":"rgb(31,119,180)"},{"description":"Unknown/Left Blank","count":28,"tested":1642,"color":"rgb(44,160,44)"}]}
