{"age":[{"age_group":"<20","count":1984,"tested":23131},{"age_group":"20-29   ","count":2222,"tested":28288},{"age_group":"30-39   ","count":1842,"tested":21946},{"age_group":"40-49   ","count":1872,"tested":20258},{"age_group":"50-59   ","count":1605,"tested":24267},{"age_group":"60-69   ","count":932,"tested":17348},{"age_group":"70-79   ","count":343,"tested":6859},{"age_group":"80+","count":165,"tested":3217}],"race":[{"description":"AI/AN**","count":13,"tested":351,"color":"rgb(31,119,180)"},{"description":"Asian","count":151,"tested":3903,"color":"rgb(140,86,75)"},{"description":"Black","count":1061,"tested":15908,"color":"rgb(255,127,14)"},{"description":"Hispanic","count":6491,"tested":44699,"color":"rgb(214,39,40)"},{"description":"Left Blank","count":2065,"tested":57385,"color":"rgb(44,160,44)"},{"description":"NH/PI*","count":11,"tested":224,"color":"rgb(127,127,127)"},{"description":"Other","count":289,"tested":4319,"color":"rgb(148,103,189)"},{"description":"White","count":887,"tested":18540,"color":"rgb(31,119,180)"}],"gender":[{"description":"Female","count":5662,"tested":78290,"color":"rgb(255,127,14)"},{"description":"Male","count":5219,"tested":65355,"color":"rgb(31,119,180)"},{"description":"Unknown/Left Blank","count":87,"tested":1684,"color":"rgb(44,160,44)"}]}
