{"age":[{"age_group":"<20","count":492,"tested":10251},{"age_group":"20-29   ","count":585,"tested":10849},{"age_group":"30-39   ","count":606,"tested":11906},{"age_group":"40-49   ","count":573,"tested":13179},{"age_group":"50-59   ","count":597,"tested":15500},{"age_group":"60-69   ","count":601,"tested":16507},{"age_group":"70-79   ","count":366,"tested":10389},{"age_group":"80+","count":522,"tested":14629}],"race":[{"description":"AI/AN**","count":14,"tested":326,"color":"rgb(31,119,180)"},{"description":"Asian","count":488,"tested":11038,"color":"rgb(140,86,75)"},{"description":"Black","count":80,"tested":1599,"color":"rgb(255,127,14)"},{"description":"Hispanic","count":457,"tested":5402,"color":"rgb(214,39,40)"},{"description":"Left Blank","count":1237,"tested":57885,"color":"rgb(44,160,44)"},{"description":"NH/PI*","count":20,"tested":252,"color":"rgb(127,127,127)"},{"description":"Other","count":419,"tested":3523,"color":"rgb(148,103,189)"},{"description":"White","count":1629,"tested":23230,"color":"rgb(31,119,180)"}],"gender":[{"description":"Female","count":2308,"tested":60685,"color":"rgb(255,127,14)"},{"description":"Male","count":2010,"tested":41360,"color":"rgb(31,119,180)"},{"description":"Unknown/Left Blank","count":26,"tested":1210,"color":"rgb(44,160,44)"}]}
