{"age":[{"age_group":"<20","count":1343,"tested":16544},{"age_group":"20-29   ","count":1588,"tested":21439},{"age_group":"30-39   ","count":1493,"tested":19916},{"age_group":"40-49   ","count":1436,"tested":17428},{"age_group":"50-59   ","count":1034,"tested":14023},{"age_group":"60-69   ","count":701,"tested":12626},{"age_group":"70-79   ","count":312,"tested":6808},{"age_group":"80+","count":147,"tested":4350}],"race":[{"description":"AI/AN**","count":11,"tested":132,"color":"rgb(31,119,180)"},{"description":"Asian","count":120,"tested":2767,"color":"rgb(140,86,75)"},{"description":"Black","count":1130,"tested":16328,"color":"rgb(255,127,14)"},{"description":"Hispanic","count":4182,"tested":27709,"color":"rgb(214,39,40)"},{"description":"Left Blank","count":1519,"tested":49199,"color":"rgb(44,160,44)"},{"description":"Other","count":284,"tested":4333,"color":"rgb(148,103,189)"},{"description":"White","count":805,"tested":12648,"color":"rgb(31,119,180)"}],"gender":[{"description":"Female","count":4178,"tested":60152,"color":"rgb(255,127,14)"},{"description":"Male","count":3831,"tested":48109,"color":"rgb(31,119,180)"},{"description":"Unknown/Left Blank","count":45,"tested":4915,"color":"rgb(44,160,44)"}]}
