{"age":[{"age_group":"<20","count":278,"tested":3451},{"age_group":"20-29   ","count":230,"tested":2586},{"age_group":"30-39   ","count":225,"tested":2311},{"age_group":"40-49   ","count":238,"tested":2358},{"age_group":"50-59   ","count":182,"tested":2084},{"age_group":"60-69   ","count":123,"tested":1453},{"age_group":"70-79   ","count":51,"tested":753},{"age_group":"80+","count":21,"tested":368}],"race":[{"description":"Black","count":6,"tested":117,"color":"rgb(255,127,14)"},{"description":"Hispanic","count":40,"tested":377,"color":"rgb(214,39,40)"},{"description":"Left Blank","count":267,"tested":3109,"color":"rgb(44,160,44)"},{"description":"Other","count":82,"tested":699,"color":"rgb(148,103,189)"},{"description":"White","count":953,"tested":11036,"color":"rgb(31,119,180)"}],"gender":[{"description":"Female","count":675,"tested":8723,"color":"rgb(255,127,14)"},{"description":"Male","count":670,"tested":6448,"color":"rgb(31,119,180)"}]}
