{"age":[{"age_group":"<20","count":333,"tested":3568},{"age_group":"20-29   ","count":351,"tested":4856},{"age_group":"30-39   ","count":367,"tested":4440},{"age_group":"40-49   ","count":306,"tested":3873},{"age_group":"50-59   ","count":340,"tested":4260},{"age_group":"60-69   ","count":249,"tested":4164},{"age_group":"70-79   ","count":169,"tested":2526},{"age_group":"80+","count":92,"tested":1384}],"race":[{"description":"Asian","count":47,"tested":651,"color":"rgb(140,86,75)"},{"description":"Black","count":84,"tested":916,"color":"rgb(255,127,14)"},{"description":"Hispanic","count":167,"tested":1302,"color":"rgb(214,39,40)"},{"description":"Left Blank","count":804,"tested":15845,"color":"rgb(44,160,44)"},{"description":"Other","count":121,"tested":1061,"color":"rgb(148,103,189)"},{"description":"White","count":978,"tested":9259,"color":"rgb(31,119,180)"}],"gender":[{"description":"Female","count":1138,"tested":17240,"color":"rgb(255,127,14)"},{"description":"Male","count":1044,"tested":11470,"color":"rgb(31,119,180)"},{"description":"Unknown/Left Blank","count":25,"tested":373,"color":"rgb(44,160,44)"}]}
