{"age":[{"age_group":"<20","count":428,"tested":7380},{"age_group":"20-29   ","count":449,"tested":5232},{"age_group":"30-39   ","count":375,"tested":4627},{"age_group":"40-49   ","count":399,"tested":4099},{"age_group":"50-59   ","count":508,"tested":5202},{"age_group":"60-69   ","count":374,"tested":5166},{"age_group":"70-79   ","count":151,"tested":2961},{"age_group":"80+","count":93,"tested":5919}],"race":[{"description":"Asian","count":32,"tested":569,"color":"rgb(140,86,75)"},{"description":"Black","count":22,"tested":306,"color":"rgb(255,127,14)"},{"description":"Hispanic","count":124,"tested":1193,"color":"rgb(214,39,40)"},{"description":"Left Blank","count":854,"tested":15846,"color":"rgb(44,160,44)"},{"description":"Other","count":114,"tested":1198,"color":"rgb(148,103,189)"},{"description":"White","count":1628,"tested":21425,"color":"rgb(31,119,180)"}],"gender":[{"description":"Female","count":1399,"tested":22564,"color":"rgb(255,127,14)"},{"description":"Male","count":1360,"tested":17073,"color":"rgb(31,119,180)"},{"description":"Unknown/Left Blank","count":18,"tested":956,"color":"rgb(44,160,44)"}]}
