{"age":[{"age_group":"<20","count":127,"tested":1870},{"age_group":"20-29   ","count":109,"tested":1061},{"age_group":"30-39   ","count":113,"tested":1194},{"age_group":"40-49   ","count":106,"tested":1270},{"age_group":"50-59   ","count":99,"tested":1252},{"age_group":"60-69   ","count":80,"tested":1074},{"age_group":"70-79   ","count":66,"tested":914},{"age_group":"80+","count":17,"tested":349}],"race":[{"description":"Black","count":7,"tested":93,"color":"rgb(255,127,14)"},{"description":"Hispanic","count":19,"tested":140,"color":"rgb(214,39,40)"},{"description":"Left Blank","count":247,"tested":3881,"color":"rgb(44,160,44)"},{"description":"Other","count":14,"tested":162,"color":"rgb(148,103,189)"},{"description":"White","count":429,"tested":4686,"color":"rgb(31,119,180)"}],"gender":[{"description":"Female","count":373,"tested":4992,"color":"rgb(255,127,14)"},{"description":"Male","count":344,"tested":3882,"color":"rgb(31,119,180)"}]}
