{"age":[{"age_group":"<20","count":253,"tested":7997},{"age_group":"20-29   ","count":162,"tested":3281},{"age_group":"30-39   ","count":117,"tested":3210},{"age_group":"40-49   ","count":182,"tested":3720},{"age_group":"50-59   ","count":181,"tested":4519},{"age_group":"60-69   ","count":126,"tested":4671},{"age_group":"70-79   ","count":89,"tested":4317},{"age_group":"80+","count":130,"tested":8301}],"race":[{"description":"Asian","count":124,"tested":4300,"color":"rgb(140,86,75)"},{"description":"Black","count":17,"tested":930,"color":"rgb(255,127,14)"},{"description":"Hispanic","count":92,"tested":1632,"color":"rgb(214,39,40)"},{"description":"Left Blank","count":263,"tested":10954,"color":"rgb(44,160,44)"},{"description":"Other","count":136,"tested":1798,"color":"rgb(148,103,189)"},{"description":"White","count":606,"tested":20287,"color":"rgb(31,119,180)"}],"gender":[{"description":"Female","count":626,"tested":21610,"color":"rgb(255,127,14)"},{"description":"Male","count":596,"tested":16004,"color":"rgb(31,119,180)"},{"description":"Unknown/Left Blank","count":18,"tested":2431,"color":"rgb(44,160,44)"}]}
