{"age":[{"age_group":"<20","count":1455,"tested":26174},{"age_group":"20-29   ","count":1598,"tested":22254},{"age_group":"30-39   ","count":1198,"tested":16474},{"age_group":"40-49   ","count":1255,"tested":16350},{"age_group":"50-59   ","count":1032,"tested":16170},{"age_group":"60-69   ","count":621,"tested":12831},{"age_group":"70-79   ","count":306,"tested":6499},{"age_group":"80+","count":205,"tested":5797}],"race":[{"description":"AI/AN**","count":11,"tested":126,"color":"rgb(31,119,180)"},{"description":"Asian","count":155,"tested":4176,"color":"rgb(140,86,75)"},{"description":"Black","count":615,"tested":12036,"color":"rgb(255,127,14)"},{"description":"Hispanic","count":3442,"tested":27334,"color":"rgb(214,39,40)"},{"description":"Left Blank","count":1524,"tested":39769,"color":"rgb(44,160,44)"},{"description":"NH/PI*","count":8,"tested":96,"color":"rgb(127,127,127)"},{"description":"Other","count":279,"tested":4962,"color":"rgb(148,103,189)"},{"description":"White","count":1638,"tested":34074,"color":"rgb(31,119,180)"}],"gender":[{"description":"Female","count":3953,"tested":67619,"color":"rgb(255,127,14)"},{"description":"Male","count":3690,"tested":53607,"color":"rgb(31,119,180)"},{"description":"Unknown/Left Blank","count":29,"tested":1347,"color":"rgb(44,160,44)"}]}
