{"age":[{"age_group":"<20","count":85,"tested":1407},{"age_group":"20-29   ","count":94,"tested":1220},{"age_group":"30-39   ","count":71,"tested":1021},{"age_group":"40-49   ","count":77,"tested":1042},{"age_group":"50-59   ","count":60,"tested":1054},{"age_group":"60-69   ","count":53,"tested":1001},{"age_group":"70-79   ","count":18,"tested":410},{"age_group":"80+","count":13,"tested":299}],"race":[{"description":"Hispanic","count":121,"tested":1118,"color":"rgb(214,39,40)"},{"description":"Left Blank","count":126,"tested":2150,"color":"rgb(44,160,44)"},{"description":"Other","count":16,"tested":179,"color":"rgb(148,103,189)"},{"description":"White","count":197,"tested":3475,"color":"rgb(31,119,180)"}],"gender":[{"description":"Female","count":268,"tested":4255,"color":"rgb(255,127,14)"},{"description":"Male","count":201,"tested":3099,"color":"rgb(31,119,180)"}]}
