{"age":[{"age_group":"<20","count":10,"tested":119},{"age_group":"20-29   ","count":12,"tested":144},{"age_group":"30-39   ","count":20,"tested":221},{"age_group":"40-49   ","count":12,"tested":89},{"age_group":"50-59   ","count":27,"tested":198},{"age_group":"60-69   ","count":11,"tested":182},{"age_group":"70-79   ","count":7,"tested":89}],"race":[{"description":"Left Blank","count":10,"tested":232,"color":"rgb(44,160,44)"},{"description":"White","count":88,"tested":848,"color":"rgb(31,119,180)"}],"gender":[{"description":"Female","count":52,"tested":693,"color":"rgb(255,127,14)"},{"description":"Male","count":49,"tested":428,"color":"rgb(31,119,180)"}]}
