{"age":[{"age_group":"<20","count":84,"tested":1708},{"age_group":"20-29   ","count":69,"tested":918},{"age_group":"30-39   ","count":80,"tested":1040},{"age_group":"40-49   ","count":67,"tested":858},{"age_group":"50-59   ","count":95,"tested":1291},{"age_group":"60-69   ","count":68,"tested":922},{"age_group":"70-79   ","count":9,"tested":480},{"age_group":"80+","count":8,"tested":641}],"race":[{"description":"Hispanic","count":39,"tested":359,"color":"rgb(214,39,40)"},{"description":"Left Blank","count":140,"tested":2585,"color":"rgb(44,160,44)"},{"description":"Other","count":12,"tested":138,"color":"rgb(148,103,189)"},{"description":"White","count":282,"tested":4548,"color":"rgb(31,119,180)"}],"gender":[{"description":"Female","count":247,"tested":4178,"color":"rgb(255,127,14)"},{"description":"Male","count":231,"tested":3554,"color":"rgb(31,119,180)"}]}
