{"age":[{"age_group":"<20","count":388,"tested":4752},{"age_group":"20-29   ","count":506,"tested":5021},{"age_group":"30-39   ","count":524,"tested":5671},{"age_group":"40-49   ","count":430,"tested":4120},{"age_group":"50-59   ","count":386,"tested":4940},{"age_group":"60-69   ","count":263,"tested":4254},{"age_group":"70-79   ","count":141,"tested":3429},{"age_group":"80+","count":126,"tested":5776}],"race":[{"description":"Asian","count":59,"tested":953,"color":"rgb(140,86,75)"},{"description":"Black","count":86,"tested":1168,"color":"rgb(255,127,14)"},{"description":"Hispanic","count":1253,"tested":6829,"color":"rgb(214,39,40)"},{"description":"Left Blank","count":473,"tested":19041,"color":"rgb(44,160,44)"},{"description":"Other","count":80,"tested":1349,"color":"rgb(148,103,189)"},{"description":"White","count":804,"tested":8567,"color":"rgb(31,119,180)"}],"gender":[{"description":"Female","count":1416,"tested":21930,"color":"rgb(255,127,14)"},{"description":"Male","count":1341,"tested":15532,"color":"rgb(31,119,180)"}]}
