{"age":[{"age_group":"<20","count":21,"tested":123},{"age_group":"20-29   ","count":15,"tested":89},{"age_group":"30-39   ","count":21,"tested":174},{"age_group":"40-49   ","count":18,"tested":145},{"age_group":"50-59   ","count":20,"tested":160},{"age_group":"60-69   ","count":26,"tested":126},{"age_group":"70-79   ","count":13,"tested":69},{"age_group":"80+","count":6,"tested":29}],"race":[{"description":"Left Blank","count":34,"tested":329,"color":"rgb(44,160,44)"},{"description":"White","count":95,"tested":534,"color":"rgb(31,119,180)"},{"description":"Black","count":7,"tested":38,"color":"rgb(255,127,14)"}],"gender":[{"description":"Male","count":64,"tested":375,"color":"rgb(31,119,180)"},{"description":"Female","count":73,"tested":457,"color":"rgb(255,127,14)"}]}
