{"age":[{"age_group":"<20","count":677,"tested":5209},{"age_group":"20-29   ","count":935,"tested":9816},{"age_group":"30-39   ","count":831,"tested":7496},{"age_group":"40-49   ","count":842,"tested":7483},{"age_group":"50-59   ","count":734,"tested":7937},{"age_group":"60-69   ","count":528,"tested":6601},{"age_group":"70-79   ","count":257,"tested":3894},{"age_group":"80+","count":200,"tested":3446}],"race":[{"description":"Asian","count":127,"tested":1554,"color":"rgb(140,86,75)"},{"description":"White","count":1020,"tested":11301,"color":"rgb(31,119,180)"},{"description":"Left Blank","count":1545,"tested":26047,"color":"rgb(44,160,44)"},{"description":"Hispanic","count":1954,"tested":8485,"color":"rgb(214,39,40)"},{"description":"Black","count":243,"tested":2811,"color":"rgb(255,127,14)"},{"description":"Other","count":113,"tested":1623,"color":"rgb(148,103,189)"}],"gender":[{"description":"Male","count":2274,"tested":20477,"color":"rgb(31,119,180)"},{"description":"Unknown/Left Blank","count":62,"tested":833,"color":"rgb(44,160,44)"},{"description":"Female","count":2670,"tested":30589,"color":"rgb(255,127,14)"}]}
