{"age":[{"age_group":"<20","count":30,"tested":295},{"age_group":"20-29   ","count":33,"tested":552},{"age_group":"30-39   ","count":27,"tested":485},{"age_group":"40-49   ","count":42,"tested":538},{"age_group":"50-59   ","count":56,"tested":802},{"age_group":"60-69   ","count":48,"tested":795},{"age_group":"70-79   ","count":35,"tested":619},{"age_group":"80+","count":24,"tested":343}],"race":[{"description":"Left Blank","count":91,"tested":1868,"color":"rgb(44,160,44)"},{"description":"Other","count":10,"tested":103,"color":"rgb(148,103,189)"},{"description":"White","count":32,"tested":412,"color":"rgb(31,119,180)"},{"description":"Black","count":159,"tested":1989,"color":"rgb(255,127,14)"}],"gender":[{"description":"Female","count":161,"tested":2611,"color":"rgb(255,127,14)"},{"description":"Male","count":130,"tested":1758,"color":"rgb(31,119,180)"}]}
