{"age":[{"age_group":"<20","count":265,"tested":2709},{"age_group":"20-29   ","count":302,"tested":3191},{"age_group":"30-39   ","count":259,"tested":3177},{"age_group":"40-49   ","count":271,"tested":2902},{"age_group":"50-59   ","count":266,"tested":2781},{"age_group":"60-69   ","count":176,"tested":2242},{"age_group":"70-79   ","count":105,"tested":1537},{"age_group":"80+","count":69,"tested":836}],"race":[{"description":"Left Blank","count":468,"tested":8784,"color":"rgb(44,160,44)"},{"description":"White","count":996,"tested":8976,"color":"rgb(31,119,180)"},{"description":"Hispanic","count":149,"tested":827,"color":"rgb(214,39,40)"},{"description":"Other","count":19,"tested":177,"color":"rgb(148,103,189)"},{"description":"Asian","count":26,"tested":206,"color":"rgb(140,86,75)"},{"description":"Black","count":51,"tested":377,"color":"rgb(255,127,14)"}],"gender":[{"description":"Male","count":821,"tested":7826,"color":"rgb(31,119,180)"},{"description":"Female","count":887,"tested":11355,"color":"rgb(255,127,14)"}]}
