{"age":[{"age_group":"<20","count":26,"tested":256},{"age_group":"20-29   ","count":23,"tested":295},{"age_group":"30-39   ","count":21,"tested":334},{"age_group":"40-49   ","count":31,"tested":204},{"age_group":"50-59   ","count":19,"tested":348},{"age_group":"60-69   ","count":24,"tested":365},{"age_group":"70-79   ","count":9,"tested":143}],"race":[{"description":"Left Blank","count":27,"tested":577,"color":"rgb(44,160,44)"},{"description":"White","count":120,"tested":1345,"color":"rgb(31,119,180)"}],"gender":[{"description":"Female","count":88,"tested":1350,"color":"rgb(255,127,14)"},{"description":"Male","count":66,"tested":603,"color":"rgb(31,119,180)"}]}
