{"age":[{"age_group":"<20","count":498,"tested":5008},{"age_group":"20-29   ","count":516,"tested":4954},{"age_group":"30-39   ","count":489,"tested":5150},{"age_group":"40-49   ","count":558,"tested":5257},{"age_group":"50-59   ","count":506,"tested":4881},{"age_group":"60-69   ","count":243,"tested":2952},{"age_group":"70-79   ","count":133,"tested":1883},{"age_group":"80+","count":126,"tested":1404}],"race":[{"description":"Black","count":178,"tested":1693,"color":"rgb(255,127,14)"},{"description":"White","count":1326,"tested":12980,"color":"rgb(31,119,180)"},{"description":"Asian","count":64,"tested":611,"color":"rgb(140,86,75)"},{"description":"Other","count":100,"tested":1103,"color":"rgb(148,103,189)"},{"description":"Hispanic","count":525,"tested":2905,"color":"rgb(214,39,40)"},{"description":"Left Blank","count":873,"tested":12155,"color":"rgb(44,160,44)"}],"gender":[{"description":"Male","count":1447,"tested":13350,"color":"rgb(31,119,180)"},{"description":"Female","count":1604,"tested":17771,"color":"rgb(255,127,14)"},{"description":"Unknown/Left Blank","count":18,"tested":369,"color":"rgb(44,160,44)"}]}
