{"age":[{"age_group":"20-29   ","count":48,"tested":1199},{"age_group":"30-39   ","count":95,"tested":1605},{"age_group":"40-49   ","count":85,"tested":1593},{"age_group":"50-59   ","count":71,"tested":1180},{"age_group":"60-69   ","count":55,"tested":659},{"age_group":"70-79   ","count":10,"tested":126}],"race":[{"description":"Black","count":204,"tested":1622,"color":"rgb(255,127,14)"},{"description":"Left Blank","count":58,"tested":4879,"color":"rgb(44,160,44)"},{"description":"White","count":56,"tested":593,"color":"rgb(31,119,180)"},{"description":"Hispanic","count":52,"tested":208,"color":"rgb(214,39,40)"}],"gender":[{"description":"Male","count":339,"tested":3491,"color":"rgb(31,119,180)"},{"description":"Unknown/Left Blank","count":8,"tested":3768,"color":"rgb(44,160,44)"},{"description":"Female","count":26,"tested":319,"color":"rgb(255,127,14)"}]}
