{"age":[{"age_group":"<20","count":1113,"tested":9170},{"age_group":"20-29   ","count":1266,"tested":12610},{"age_group":"30-39   ","count":1101,"tested":11105},{"age_group":"40-49   ","count":1131,"tested":10668},{"age_group":"50-59   ","count":1040,"tested":10681},{"age_group":"60-69   ","count":737,"tested":9294},{"age_group":"70-79   ","count":385,"tested":5748},{"age_group":"80+","count":221,"tested":3401}],"race":[{"description":"White","count":623,"tested":6207,"color":"rgb(31,119,180)"},{"description":"Left Blank","count":1814,"tested":25075,"color":"rgb(44,160,44)"},{"description":"Other","count":150,"tested":1648,"color":"rgb(148,103,189)"},{"description":"Asian","count":18,"tested":120,"color":"rgb(140,86,75)"},{"description":"Hispanic","count":2461,"tested":15351,"color":"rgb(214,39,40)"},{"description":"Black","count":1915,"tested":24135,"color":"rgb(255,127,14)"},{"description":"AI/AN**","count":12,"tested":130,"color":"rgb(31,119,180)"}],"gender":[{"description":"Male","count":3225,"tested":30135,"color":"rgb(31,119,180)"},{"description":"Unknown/Left Blank","count":36,"tested":963,"color":"rgb(44,160,44)"},{"description":"Female","count":3733,"tested":41617,"color":"rgb(255,127,14)"}]}
