{"age":[{"age_group":"<20","count":281,"tested":3089},{"age_group":"20-29   ","count":234,"tested":3179},{"age_group":"30-39   ","count":198,"tested":2285},{"age_group":"40-49   ","count":228,"tested":2963},{"age_group":"50-59   ","count":266,"tested":3135},{"age_group":"60-69   ","count":100,"tested":1962},{"age_group":"70-79   ","count":44,"tested":921},{"age_group":"80+","count":13,"tested":395}],"race":[{"description":"Other","count":42,"tested":765,"color":"rgb(148,103,189)"},{"description":"Left Blank","count":255,"tested":5955,"color":"rgb(44,160,44)"},{"description":"Black","count":122,"tested":1350,"color":"rgb(255,127,14)"},{"description":"Hispanic","count":220,"tested":1359,"color":"rgb(214,39,40)"},{"description":"Asian","count":133,"tested":1646,"color":"rgb(140,86,75)"},{"description":"White","count":590,"tested":6833,"color":"rgb(31,119,180)"}],"gender":[{"description":"Female","count":722,"tested":10102,"color":"rgb(255,127,14)"},{"description":"Male","count":642,"tested":7708,"color":"rgb(31,119,180)"}]}
