{"age":[{"age_group":"<20","count":17,"tested":114},{"age_group":"20-29   ","count":8,"tested":70},{"age_group":"30-39   ","count":8,"tested":84},{"age_group":"50-59   ","count":13,"tested":143},{"age_group":"60-69   ","count":10,"tested":91},{"age_group":"70-79   ","count":6,"tested":43}],"race":[{"description":"White","count":53,"tested":360,"color":"rgb(31,119,180)"},{"description":"Left Blank","count":13,"tested":250,"color":"rgb(44,160,44)"}],"gender":[{"description":"Female","count":33,"tested":336,"color":"rgb(255,127,14)"},{"description":"Male","count":33,"tested":283,"color":"rgb(31,119,180)"}]}
