{"age":[{"age_group":"<20","count":255,"tested":1957},{"age_group":"20-29   ","count":269,"tested":3200},{"age_group":"30-39   ","count":264,"tested":3170},{"age_group":"40-49   ","count":283,"tested":3576},{"age_group":"50-59   ","count":282,"tested":3685},{"age_group":"60-69   ","count":198,"tested":3498},{"age_group":"70-79   ","count":77,"tested":1248},{"age_group":"80+","count":48,"tested":623}],"race":[{"description":"Black","count":207,"tested":3014,"color":"rgb(255,127,14)"},{"description":"Left Blank","count":574,"tested":10635,"color":"rgb(44,160,44)"},{"description":"Asian","count":13,"tested":197,"color":"rgb(140,86,75)"},{"description":"White","count":240,"tested":3003,"color":"rgb(31,119,180)"},{"description":"Hispanic","count":594,"tested":3702,"color":"rgb(214,39,40)"},{"description":"Other","count":47,"tested":379,"color":"rgb(148,103,189)"}],"gender":[{"description":"Male","count":775,"tested":8759,"color":"rgb(31,119,180)"},{"description":"Unknown/Left Blank","count":29,"tested":475,"color":"rgb(44,160,44)"},{"description":"Female","count":872,"tested":11734,"color":"rgb(255,127,14)"}]}
