{"age":[{"age_group":"<20","count":15,"tested":221},{"age_group":"20-29   ","count":31,"tested":197},{"age_group":"30-39   ","count":24,"tested":253},{"age_group":"40-49   ","count":19,"tested":176},{"age_group":"50-59   ","count":31,"tested":237},{"age_group":"60-69   ","count":8,"tested":111}],"race":[{"description":"Left Blank","count":29,"tested":417,"color":"rgb(44,160,44)"},{"description":"Other","count":18,"tested":81,"color":"rgb(148,103,189)"},{"description":"White","count":91,"tested":756,"color":"rgb(31,119,180)"}],"gender":[{"description":"Male","count":74,"tested":530,"color":"rgb(31,119,180)"},{"description":"Female","count":65,"tested":723,"color":"rgb(255,127,14)"}]}
