{"age":[{"age_group":"<20","count":163,"tested":1418},{"age_group":"20-29   ","count":246,"tested":2283},{"age_group":"30-39   ","count":184,"tested":2091},{"age_group":"40-49   ","count":177,"tested":1667},{"age_group":"50-59   ","count":215,"tested":2238},{"age_group":"60-69   ","count":139,"tested":1824},{"age_group":"70-79   ","count":75,"tested":926},{"age_group":"80+","count":33,"tested":471}],"race":[{"description":"Left Blank","count":388,"tested":5441,"color":"rgb(44,160,44)"},{"description":"White","count":560,"tested":5751,"color":"rgb(31,119,180)"},{"description":"Hispanic","count":176,"tested":861,"color":"rgb(214,39,40)"},{"description":"Black","count":41,"tested":273,"color":"rgb(255,127,14)"},{"description":"Asian","count":37,"tested":324,"color":"rgb(140,86,75)"},{"description":"Other","count":28,"tested":253,"color":"rgb(148,103,189)"}],"gender":[{"description":"Male","count":602,"tested":5503,"color":"rgb(31,119,180)"},{"description":"Female","count":623,"tested":7300,"color":"rgb(255,127,14)"}]}
