{"age":[{"age_group":"<20","count":656,"tested":3881},{"age_group":"20-29   ","count":860,"tested":6353},{"age_group":"30-39   ","count":778,"tested":5301},{"age_group":"40-49   ","count":765,"tested":4803},{"age_group":"50-59   ","count":669,"tested":4997},{"age_group":"60-69   ","count":466,"tested":3977},{"age_group":"70-79   ","count":194,"tested":2267},{"age_group":"80+","count":116,"tested":1883}],"race":[{"description":"Black","count":81,"tested":653,"color":"rgb(255,127,14)"},{"description":"Hispanic","count":1903,"tested":5294,"color":"rgb(214,39,40)"},{"description":"Asian","count":177,"tested":964,"color":"rgb(140,86,75)"},{"description":"White","count":1161,"tested":7596,"color":"rgb(31,119,180)"},{"description":"Left Blank","count":973,"tested":17217,"color":"rgb(44,160,44)"},{"description":"Other","count":200,"tested":1674,"color":"rgb(148,103,189)"}],"gender":[{"description":"Female","count":2260,"tested":18284,"color":"rgb(255,127,14)"},{"description":"Unknown/Left Blank","count":25,"tested":408,"color":"rgb(44,160,44)"},{"description":"Male","count":2220,"tested":14777,"color":"rgb(31,119,180)"}]}
