{"age":[{"age_group":"<20","count":359,"tested":5480},{"age_group":"20-29   ","count":1284,"tested":24639},{"age_group":"30-39   ","count":1297,"tested":28335},{"age_group":"40-49   ","count":542,"tested":9363},{"age_group":"50-59   ","count":395,"tested":5893},{"age_group":"60-69   ","count":261,"tested":3851},{"age_group":"70-79   ","count":150,"tested":2030},{"age_group":"80+","count":138,"tested":1399}],"race":[{"description":"Asian","count":66,"tested":2229,"color":"rgb(140,86,75)"},{"description":"Left Blank","count":1489,"tested":37376,"color":"rgb(44,160,44)"},{"description":"White","count":1391,"tested":27421,"color":"rgb(31,119,180)"},{"description":"Hispanic","count":1052,"tested":7483,"color":"rgb(214,39,40)"},{"description":"Other","count":191,"tested":3571,"color":"rgb(148,103,189)"},{"description":"Black","count":232,"tested":2980,"color":"rgb(255,127,14)"}],"gender":[{"description":"Female","count":2178,"tested":43360,"color":"rgb(255,127,14)"},{"description":"Unknown/Left Blank","count":141,"tested":1729,"color":"rgb(44,160,44)"},{"description":"Male","count":2108,"tested":36073,"color":"rgb(31,119,180)"}]}
