{"age":[{"age_group":"<20","count":83,"tested":820},{"age_group":"20-29   ","count":90,"tested":984},{"age_group":"30-39   ","count":98,"tested":1014},{"age_group":"40-49   ","count":112,"tested":976},{"age_group":"50-59   ","count":97,"tested":1208},{"age_group":"60-69   ","count":79,"tested":750},{"age_group":"70-79   ","count":33,"tested":479},{"age_group":"80+","count":8,"tested":186}],"race":[{"description":"Hispanic","count":37,"tested":112,"color":"rgb(214,39,40)"},{"description":"White","count":332,"tested":3055,"color":"rgb(31,119,180)"},{"description":"Left Blank","count":218,"tested":3153,"color":"rgb(44,160,44)"}],"gender":[{"description":"Female","count":320,"tested":3767,"color":"rgb(255,127,14)"},{"description":"Male","count":278,"tested":2494,"color":"rgb(31,119,180)"}]}
