{"age":[{"age_group":"<20","count":379,"tested":3863},{"age_group":"20-29   ","count":412,"tested":4794},{"age_group":"30-39   ","count":392,"tested":4403},{"age_group":"40-49   ","count":320,"tested":3505},{"age_group":"50-59   ","count":425,"tested":4739},{"age_group":"60-69   ","count":356,"tested":4466},{"age_group":"70-79   ","count":198,"tested":2852},{"age_group":"80+","count":220,"tested":5423}],"race":[{"description":"Hispanic","count":116,"tested":533,"color":"rgb(214,39,40)"},{"description":"Asian","count":16,"tested":105,"color":"rgb(140,86,75)"},{"description":"Left Blank","count":667,"tested":15031,"color":"rgb(44,160,44)"},{"description":"White","count":1634,"tested":15782,"color":"rgb(31,119,180)"},{"description":"Other","count":36,"tested":514,"color":"rgb(148,103,189)"},{"description":"Black","count":229,"tested":2069,"color":"rgb(255,127,14)"}],"gender":[{"description":"Female","count":1490,"tested":22637,"color":"rgb(255,127,14)"},{"description":"Male","count":1181,"tested":10659,"color":"rgb(31,119,180)"},{"description":"Unknown/Left Blank","count":31,"tested":761,"color":"rgb(44,160,44)"}]}
