{"age":[{"age_group":"<20","count":114,"tested":1177},{"age_group":"20-29   ","count":148,"tested":2310},{"age_group":"30-39   ","count":182,"tested":2651},{"age_group":"40-49   ","count":193,"tested":3217},{"age_group":"50-59   ","count":181,"tested":4254},{"age_group":"60-69   ","count":122,"tested":2979},{"age_group":"70-79   ","count":58,"tested":1422},{"age_group":"80+","count":25,"tested":565}],"race":[{"description":"Left Blank","count":365,"tested":10955,"color":"rgb(44,160,44)"},{"description":"White","count":38,"tested":677,"color":"rgb(31,119,180)"},{"description":"Hispanic","count":31,"tested":157,"color":"rgb(214,39,40)"},{"description":"Black","count":562,"tested":6504,"color":"rgb(255,127,14)"},{"description":"Asian","count":7,"tested":56,"color":"rgb(140,86,75)"},{"description":"Other","count":16,"tested":208,"color":"rgb(148,103,189)"}],"gender":[{"description":"Male","count":404,"tested":8073,"color":"rgb(31,119,180)"},{"description":"Female","count":611,"tested":10263,"color":"rgb(255,127,14)"},{"description":"Unknown/Left Blank","count":8,"tested":245,"color":"rgb(44,160,44)"}]}
