{"age":[{"age_group":"<20","count":318,"tested":2447},{"age_group":"20-29   ","count":448,"tested":3558},{"age_group":"30-39   ","count":379,"tested":3460},{"age_group":"40-49   ","count":380,"tested":3443},{"age_group":"50-59   ","count":390,"tested":3855},{"age_group":"60-69   ","count":330,"tested":3490},{"age_group":"70-79   ","count":179,"tested":2050},{"age_group":"80+","count":201,"tested":3989}],"race":[{"description":"Other","count":97,"tested":930,"color":"rgb(148,103,189)"},{"description":"NH/PI*","count":6,"tested":129,"color":"rgb(127,127,127)"},{"description":"Black","count":25,"tested":154,"color":"rgb(255,127,14)"},{"description":"Asian","count":112,"tested":1186,"color":"rgb(140,86,75)"},{"description":"Left Blank","count":482,"tested":9487,"color":"rgb(44,160,44)"},{"description":"White","count":1493,"tested":12002,"color":"rgb(31,119,180)"},{"description":"Hispanic","count":409,"tested":2397,"color":"rgb(214,39,40)"}],"gender":[{"description":"Unknown/Left Blank","count":16,"tested":411,"color":"rgb(44,160,44)"},{"description":"Female","count":1327,"tested":15510,"color":"rgb(255,127,14)"},{"description":"Male","count":1284,"tested":10381,"color":"rgb(31,119,180)"}]}
