{"age":[{"age_group":"<20","count":37,"tested":380},{"age_group":"20-29   ","count":44,"tested":325},{"age_group":"30-39   ","count":30,"tested":242},{"age_group":"40-49   ","count":39,"tested":338},{"age_group":"50-59   ","count":49,"tested":494},{"age_group":"60-69   ","count":45,"tested":443},{"age_group":"70-79   ","count":15,"tested":242},{"age_group":"80+","count":10,"tested":99}],"race":[{"description":"Hispanic","count":18,"tested":69,"color":"rgb(214,39,40)"},{"description":"White","count":191,"tested":1218,"color":"rgb(31,119,180)"},{"description":"Left Blank","count":44,"tested":1097,"color":"rgb(44,160,44)"},{"description":"Black","count":7,"tested":71,"color":"rgb(255,127,14)"}],"gender":[{"description":"Male","count":129,"tested":1189,"color":"rgb(31,119,180)"},{"description":"Female","count":139,"tested":1361,"color":"rgb(255,127,14)"}]}
