{"age":[{"age_group":"<20","count":262,"tested":3199},{"age_group":"20-29   ","count":379,"tested":6369},{"age_group":"30-39   ","count":385,"tested":6363},{"age_group":"40-49   ","count":359,"tested":6416},{"age_group":"50-59   ","count":349,"tested":6955},{"age_group":"60-69   ","count":290,"tested":6160},{"age_group":"70-79   ","count":177,"tested":3099},{"age_group":"80+","count":87,"tested":2478}],"race":[{"description":"AI/AN**","count":10,"tested":39,"color":"rgb(31,119,180)"},{"description":"NH/PI*","count":17,"tested":101,"color":"rgb(127,127,127)"},{"description":"Asian","count":340,"tested":3021,"color":"rgb(140,86,75)"},{"description":"Hispanic","count":238,"tested":1220,"color":"rgb(214,39,40)"},{"description":"Black","count":115,"tested":1404,"color":"rgb(255,127,14)"},{"description":"Left Blank","count":632,"tested":27024,"color":"rgb(44,160,44)"},{"description":"White","count":529,"tested":5823,"color":"rgb(31,119,180)"},{"description":"Other","count":407,"tested":2417,"color":"rgb(148,103,189)"}],"gender":[{"description":"Female","count":1224,"tested":24081,"color":"rgb(255,127,14)"},{"description":"Male","count":1053,"tested":16153,"color":"rgb(31,119,180)"},{"description":"Unknown/Left Blank","count":11,"tested":815,"color":"rgb(44,160,44)"}]}
