{"age":[{"age_group":"<20","count":32,"tested":328},{"age_group":"20-29   ","count":39,"tested":255},{"age_group":"30-39   ","count":24,"tested":282},{"age_group":"40-49   ","count":40,"tested":398},{"age_group":"50-59   ","count":32,"tested":349},{"age_group":"60-69   ","count":24,"tested":298},{"age_group":"70-79   ","count":11,"tested":217}],"race":[{"description":"White","count":174,"tested":1797,"color":"rgb(31,119,180)"},{"description":"Left Blank","count":19,"tested":372,"color":"rgb(44,160,44)"}],"gender":[{"description":"Female","count":100,"tested":1371,"color":"rgb(255,127,14)"},{"description":"Male","count":102,"tested":862,"color":"rgb(31,119,180)"}]}
