{"age":[{"age_group":"<20","count":32,"tested":284},{"age_group":"20-29   ","count":46,"tested":306},{"age_group":"30-39   ","count":26,"tested":297},{"age_group":"40-49   ","count":42,"tested":292},{"age_group":"50-59   ","count":30,"tested":207},{"age_group":"60-69   ","count":19,"tested":127},{"age_group":"70-79   ","count":6,"tested":96}],"race":[{"description":"White","count":97,"tested":709,"color":"rgb(31,119,180)"},{"description":"Left Blank","count":21,"tested":617,"color":"rgb(44,160,44)"},{"description":"Hispanic","count":86,"tested":294,"color":"rgb(214,39,40)"}],"gender":[{"description":"Male","count":98,"tested":639,"color":"rgb(31,119,180)"},{"description":"Female","count":107,"tested":1008,"color":"rgb(255,127,14)"}]}
