{"age":[{"age_group":"<20","count":527,"tested":4103},{"age_group":"20-29   ","count":619,"tested":6146},{"age_group":"30-39   ","count":672,"tested":6858},{"age_group":"40-49   ","count":530,"tested":5732},{"age_group":"50-59   ","count":513,"tested":5739},{"age_group":"60-69   ","count":384,"tested":5253},{"age_group":"70-79   ","count":215,"tested":2910},{"age_group":"80+","count":139,"tested":2267}],"race":[{"description":"Left Blank","count":978,"tested":20928,"color":"rgb(44,160,44)"},{"description":"White","count":727,"tested":6622,"color":"rgb(31,119,180)"},{"description":"Hispanic","count":676,"tested":3248,"color":"rgb(214,39,40)"},{"description":"Other","count":374,"tested":2417,"color":"rgb(148,103,189)"},{"description":"AI/AN**","count":13,"tested":62,"color":"rgb(31,119,180)"},{"description":"Black","count":182,"tested":1805,"color":"rgb(255,127,14)"},{"description":"NH/PI*","count":8,"tested":132,"color":"rgb(127,127,127)"},{"description":"Asian","count":641,"tested":3805,"color":"rgb(140,86,75)"}],"gender":[{"description":"Male","count":1740,"tested":16767,"color":"rgb(31,119,180)"},{"description":"Female","count":1808,"tested":21287,"color":"rgb(255,127,14)"},{"description":"Unknown/Left Blank","count":51,"tested":965,"color":"rgb(44,160,44)"}]}
