{"age":[{"age_group":"<20","count":202,"tested":1238},{"age_group":"20-29   ","count":311,"tested":2613},{"age_group":"30-39   ","count":241,"tested":2587},{"age_group":"40-49   ","count":215,"tested":2650},{"age_group":"50-59   ","count":252,"tested":3213},{"age_group":"60-69   ","count":214,"tested":2972},{"age_group":"70-79   ","count":113,"tested":1956},{"age_group":"80+","count":85,"tested":1202}],"race":[{"description":"Black","count":56,"tested":1745,"color":"rgb(255,127,14)"},{"description":"Asian","count":27,"tested":240,"color":"rgb(140,86,75)"},{"description":"White","count":549,"tested":5584,"color":"rgb(31,119,180)"},{"description":"Hispanic","count":259,"tested":1370,"color":"rgb(214,39,40)"},{"description":"Other","count":130,"tested":793,"color":"rgb(148,103,189)"},{"description":"Left Blank","count":607,"tested":8704,"color":"rgb(44,160,44)"}],"gender":[{"description":"Male","count":762,"tested":8486,"color":"rgb(31,119,180)"},{"description":"Unknown/Left Blank","count":10,"tested":158,"color":"rgb(44,160,44)"},{"description":"Female","count":861,"tested":9821,"color":"rgb(255,127,14)"}]}
