{"age":[{"age_group":"<20","count":190,"tested":2178},{"age_group":"20-29   ","count":155,"tested":3186},{"age_group":"30-39   ","count":116,"tested":2638},{"age_group":"40-49   ","count":155,"tested":2883},{"age_group":"50-59   ","count":149,"tested":3321},{"age_group":"60-69   ","count":98,"tested":3175},{"age_group":"70-79   ","count":39,"tested":2225},{"age_group":"80+","count":76,"tested":4007}],"race":[{"description":"White","count":470,"tested":7462,"color":"rgb(31,119,180)"},{"description":"Hispanic","count":83,"tested":918,"color":"rgb(214,39,40)"},{"description":"Black","count":28,"tested":847,"color":"rgb(255,127,14)"},{"description":"Other","count":43,"tested":472,"color":"rgb(148,103,189)"},{"description":"Left Blank","count":349,"tested":13690,"color":"rgb(44,160,44)"}],"gender":[{"description":"Unknown/Left Blank","count":11,"tested":498,"color":"rgb(44,160,44)"},{"description":"Male","count":464,"tested":8803,"color":"rgb(31,119,180)"},{"description":"Female","count":503,"tested":14318,"color":"rgb(255,127,14)"}]}
