{"age":[{"age_group":"<20","count":23,"tested":288},{"age_group":"20-29   ","count":30,"tested":390},{"age_group":"30-39   ","count":21,"tested":229},{"age_group":"40-49   ","count":22,"tested":266},{"age_group":"50-59   ","count":23,"tested":319},{"age_group":"60-69   ","count":19,"tested":238},{"age_group":"70-79   ","count":11,"tested":125}],"race":[{"description":"White","count":123,"tested":1319,"color":"rgb(31,119,180)"},{"description":"Left Blank","count":23,"tested":486,"color":"rgb(44,160,44)"}],"gender":[{"description":"Male","count":70,"tested":839,"color":"rgb(31,119,180)"},{"description":"Female","count":83,"tested":1013,"color":"rgb(255,127,14)"}]}
