{"age":[{"age_group":"<20","count":657,"tested":5679},{"age_group":"20-29   ","count":752,"tested":8508},{"age_group":"30-39   ","count":561,"tested":7254},{"age_group":"40-49   ","count":533,"tested":7812},{"age_group":"50-59   ","count":550,"tested":8650},{"age_group":"60-69   ","count":370,"tested":6638},{"age_group":"70-79   ","count":205,"tested":3958},{"age_group":"80+","count":116,"tested":3026}],"race":[{"description":"Left Blank","count":941,"tested":14820,"color":"rgb(44,160,44)"},{"description":"Other","count":139,"tested":1600,"color":"rgb(148,103,189)"},{"description":"Hispanic","count":179,"tested":1300,"color":"rgb(214,39,40)"},{"description":"Asian","count":28,"tested":616,"color":"rgb(140,86,75)"},{"description":"White","count":2139,"tested":28277,"color":"rgb(31,119,180)"},{"description":"Black","count":316,"tested":4797,"color":"rgb(255,127,14)"}],"gender":[{"description":"Male","count":1754,"tested":19860,"color":"rgb(31,119,180)"},{"description":"Female","count":1984,"tested":31307,"color":"rgb(255,127,14)"}]}
