{"age":[{"age_group":"<20","count":206,"tested":1833},{"age_group":"20-29   ","count":332,"tested":3007},{"age_group":"30-39   ","count":295,"tested":2569},{"age_group":"40-49   ","count":233,"tested":2147},{"age_group":"50-59   ","count":306,"tested":2547},{"age_group":"60-69   ","count":218,"tested":2510},{"age_group":"70-79   ","count":104,"tested":1754},{"age_group":"80+","count":84,"tested":2581}],"race":[{"description":"Other","count":63,"tested":505,"color":"rgb(148,103,189)"},{"description":"Black","count":34,"tested":338,"color":"rgb(255,127,14)"},{"description":"Asian","count":66,"tested":533,"color":"rgb(140,86,75)"},{"description":"White","count":833,"tested":5531,"color":"rgb(31,119,180)"},{"description":"Left Blank","count":319,"tested":10053,"color":"rgb(44,160,44)"},{"description":"Hispanic","count":458,"tested":1977,"color":"rgb(214,39,40)"}],"gender":[{"description":"Female","count":899,"tested":10741,"color":"rgb(255,127,14)"},{"description":"Male","count":870,"tested":8010,"color":"rgb(31,119,180)"}]}
