{"age":[{"age_group":"<20","count":271,"tested":2813},{"age_group":"20-29   ","count":222,"tested":1992},{"age_group":"30-39   ","count":224,"tested":1886},{"age_group":"40-49   ","count":196,"tested":1631},{"age_group":"50-59   ","count":168,"tested":1657},{"age_group":"60-69   ","count":100,"tested":1228},{"age_group":"70-79   ","count":70,"tested":503},{"age_group":"80+","count":38,"tested":332}],"race":[{"description":"Hispanic","count":175,"tested":573,"color":"rgb(214,39,40)"},{"description":"Left Blank","count":97,"tested":4237,"color":"rgb(44,160,44)"},{"description":"White","count":924,"tested":6332,"color":"rgb(31,119,180)"},{"description":"Other","count":24,"tested":407,"color":"rgb(148,103,189)"},{"description":"Black","count":53,"tested":345,"color":"rgb(255,127,14)"},{"description":"Asian","count":17,"tested":126,"color":"rgb(140,86,75)"}],"gender":[{"description":"Male","count":598,"tested":4945,"color":"rgb(31,119,180)"},{"description":"Female","count":687,"tested":7007,"color":"rgb(255,127,14)"}]}
