{"age":[{"age_group":"<20","count":215,"tested":3209},{"age_group":"20-29   ","count":145,"tested":2637},{"age_group":"30-39   ","count":103,"tested":2507},{"age_group":"40-49   ","count":164,"tested":2916},{"age_group":"50-59   ","count":150,"tested":3682},{"age_group":"60-69   ","count":107,"tested":3845},{"age_group":"70-79   ","count":83,"tested":3541},{"age_group":"80+","count":120,"tested":7157}],"race":[{"description":"Other","count":123,"tested":1226,"color":"rgb(148,103,189)"},{"description":"Asian","count":108,"tested":2428,"color":"rgb(140,86,75)"},{"description":"Black","count":17,"tested":774,"color":"rgb(255,127,14)"},{"description":"White","count":522,"tested":14453,"color":"rgb(31,119,180)"},{"description":"Left Blank","count":236,"tested":9379,"color":"rgb(44,160,44)"},{"description":"Hispanic","count":79,"tested":1157,"color":"rgb(214,39,40)"}],"gender":[{"description":"Unknown/Left Blank","count":21,"tested":2361,"color":"rgb(44,160,44)"},{"description":"Female","count":561,"tested":16114,"color":"rgb(255,127,14)"},{"description":"Male","count":505,"tested":11042,"color":"rgb(31,119,180)"}]}
