{"age":[{"age_group":"<20","count":373,"tested":8497},{"age_group":"20-29   ","count":364,"tested":8598},{"age_group":"30-39   ","count":316,"tested":8464},{"age_group":"40-49   ","count":312,"tested":8193},{"age_group":"50-59   ","count":290,"tested":8290},{"age_group":"60-69   ","count":202,"tested":6362},{"age_group":"70-79   ","count":132,"tested":4571},{"age_group":"80+","count":110,"tested":3486}],"race":[{"description":"Left Blank","count":419,"tested":21449,"color":"rgb(44,160,44)"},{"description":"Other","count":111,"tested":2521,"color":"rgb(148,103,189)"},{"description":"Black","count":487,"tested":6913,"color":"rgb(255,127,14)"},{"description":"Asian","count":50,"tested":1797,"color":"rgb(140,86,75)"},{"description":"Hispanic","count":186,"tested":2472,"color":"rgb(214,39,40)"},{"description":"White","count":843,"tested":21265,"color":"rgb(31,119,180)"}],"gender":[{"description":"Male","count":960,"tested":23017,"color":"rgb(31,119,180)"},{"description":"Unknown/Left Blank","count":39,"tested":1483,"color":"rgb(44,160,44)"},{"description":"Female","count":1100,"tested":31984,"color":"rgb(255,127,14)"}]}
