{"age":[{"age_group":"<20","count":948,"tested":8235},{"age_group":"20-29   ","count":1157,"tested":15514},{"age_group":"30-39   ","count":1022,"tested":14764},{"age_group":"40-49   ","count":1049,"tested":14509},{"age_group":"50-59   ","count":938,"tested":16982},{"age_group":"60-69   ","count":630,"tested":12971},{"age_group":"70-79   ","count":310,"tested":6617},{"age_group":"80+","count":194,"tested":5347}],"race":[{"description":"Black","count":2157,"tested":30853,"color":"rgb(255,127,14)"},{"description":"Asian","count":15,"tested":241,"color":"rgb(140,86,75)"},{"description":"AI/AN**","count":38,"tested":247,"color":"rgb(31,119,180)"},{"description":"Other","count":205,"tested":2496,"color":"rgb(148,103,189)"},{"description":"White","count":761,"tested":11667,"color":"rgb(31,119,180)"},{"description":"Left Blank","count":1989,"tested":42931,"color":"rgb(44,160,44)"},{"description":"Hispanic","count":1079,"tested":6433,"color":"rgb(214,39,40)"}],"gender":[{"description":"Male","count":2790,"tested":39574,"color":"rgb(31,119,180)"},{"description":"Unknown/Left Blank","count":38,"tested":1503,"color":"rgb(44,160,44)"},{"description":"Female","count":3421,"tested":53890,"color":"rgb(255,127,14)"}]}
