{"age":[{"age_group":"<20","count":166,"tested":3827},{"age_group":"20-29   ","count":1630,"tested":28123},{"age_group":"30-39   ","count":769,"tested":17564},{"age_group":"40-49   ","count":290,"tested":6256},{"age_group":"50-59   ","count":263,"tested":6847},{"age_group":"60-69   ","count":214,"tested":7113},{"age_group":"70-79   ","count":166,"tested":6163},{"age_group":"80+","count":93,"tested":4723}],"race":[{"description":"Asian","count":99,"tested":2762,"color":"rgb(140,86,75)"},{"description":"Left Blank","count":1025,"tested":38609,"color":"rgb(44,160,44)"},{"description":"White","count":1642,"tested":28154,"color":"rgb(31,119,180)"},{"description":"Hispanic","count":178,"tested":1541,"color":"rgb(214,39,40)"},{"description":"Other","count":179,"tested":2803,"color":"rgb(148,103,189)"},{"description":"Black","count":462,"tested":6641,"color":"rgb(255,127,14)"}],"gender":[{"description":"Unknown/Left Blank","count":126,"tested":1283,"color":"rgb(44,160,44)"},{"description":"Male","count":1618,"tested":34590,"color":"rgb(31,119,180)"},{"description":"Female","count":1847,"tested":44753,"color":"rgb(255,127,14)"}]}
