{"age":[{"age_group":"<20","count":360,"tested":3508},{"age_group":"20-29   ","count":407,"tested":5959},{"age_group":"30-39   ","count":362,"tested":6054},{"age_group":"40-49   ","count":380,"tested":6726},{"age_group":"50-59   ","count":400,"tested":8401},{"age_group":"60-69   ","count":329,"tested":8367},{"age_group":"70-79   ","count":185,"tested":5769},{"age_group":"80+","count":175,"tested":6415}],"race":[{"description":"Left Blank","count":901,"tested":29415,"color":"rgb(44,160,44)"},{"description":"Hispanic","count":147,"tested":1081,"color":"rgb(214,39,40)"},{"description":"White","count":183,"tested":2635,"color":"rgb(31,119,180)"},{"description":"Asian","count":9,"tested":175,"color":"rgb(140,86,75)"},{"description":"Black","count":1315,"tested":17500,"color":"rgb(255,127,14)"},{"description":"Other","count":41,"tested":544,"color":"rgb(148,103,189)"}],"gender":[{"description":"Female","count":1444,"tested":31831,"color":"rgb(255,127,14)"},{"description":"Male","count":1140,"tested":18780,"color":"rgb(31,119,180)"},{"description":"Unknown/Left Blank","count":14,"tested":853,"color":"rgb(44,160,44)"}]}
