{"age":[{"age_group":"<20","count":574,"tested":15044},{"age_group":"20-29   ","count":2735,"tested":50641},{"age_group":"30-39   ","count":1106,"tested":31834},{"age_group":"40-49   ","count":521,"tested":15355},{"age_group":"50-59   ","count":391,"tested":14256},{"age_group":"60-69   ","count":250,"tested":11653},{"age_group":"70-79   ","count":197,"tested":8472},{"age_group":"80+","count":191,"tested":7369}],"race":[{"description":"Left Blank","count":1641,"tested":75889,"color":"rgb(44,160,44)"},{"description":"Hispanic","count":334,"tested":3999,"color":"rgb(214,39,40)"},{"description":"Other","count":394,"tested":8030,"color":"rgb(148,103,189)"},{"description":"Black","count":272,"tested":5029,"color":"rgb(255,127,14)"},{"description":"White","count":3167,"tested":57395,"color":"rgb(31,119,180)"},{"description":"Asian","count":144,"tested":4214,"color":"rgb(140,86,75)"}],"gender":[{"description":"Unknown/Left Blank","count":366,"tested":2404,"color":"rgb(44,160,44)"},{"description":"Female","count":2869,"tested":86031,"color":"rgb(255,127,14)"},{"description":"Male","count":2730,"tested":66243,"color":"rgb(31,119,180)"}]}
