{"age":[{"age_group":"<20","count":711,"tested":17941},{"age_group":"20-29   ","count":572,"tested":16918},{"age_group":"30-39   ","count":422,"tested":7095},{"age_group":"40-49   ","count":485,"tested":6824},{"age_group":"50-59   ","count":497,"tested":7952},{"age_group":"60-69   ","count":262,"tested":6777},{"age_group":"70-79   ","count":132,"tested":3979},{"age_group":"80+","count":89,"tested":2634}],"race":[{"description":"Left Blank","count":530,"tested":26029,"color":"rgb(44,160,44)"},{"description":"White","count":1951,"tested":32641,"color":"rgb(31,119,180)"},{"description":"Hispanic","count":246,"tested":3075,"color":"rgb(214,39,40)"},{"description":"Other","count":85,"tested":2023,"color":"rgb(148,103,189)"},{"description":"AI/AN**","count":8,"tested":103,"color":"rgb(31,119,180)"},{"description":"Black","count":146,"tested":2192,"color":"rgb(255,127,14)"},{"description":"Asian","count":201,"tested":4104,"color":"rgb(140,86,75)"}],"gender":[{"description":"Female","count":1599,"tested":35747,"color":"rgb(255,127,14)"},{"description":"Male","count":1559,"tested":34095,"color":"rgb(31,119,180)"},{"description":"Unknown/Left Blank","count":13,"tested":374,"color":"rgb(44,160,44)"}]}
