{"age":[{"age_group":"<20","count":200,"tested":2129},{"age_group":"20-29   ","count":224,"tested":2234},{"age_group":"30-39   ","count":217,"tested":2118},{"age_group":"40-49   ","count":186,"tested":1799},{"age_group":"50-59   ","count":212,"tested":2171},{"age_group":"60-69   ","count":151,"tested":1993},{"age_group":"70-79   ","count":90,"tested":1440},{"age_group":"80+","count":60,"tested":1377}],"race":[{"description":"White","count":849,"tested":8107,"color":"rgb(31,119,180)"},{"description":"Other","count":25,"tested":334,"color":"rgb(148,103,189)"},{"description":"Left Blank","count":267,"tested":5448,"color":"rgb(44,160,44)"},{"description":"Hispanic","count":183,"tested":1183,"color":"rgb(214,39,40)"},{"description":"Asian","count":7,"tested":51,"color":"rgb(140,86,75)"},{"description":"Black","count":8,"tested":112,"color":"rgb(255,127,14)"}],"gender":[{"description":"Male","count":629,"tested":5926,"color":"rgb(31,119,180)"},{"description":"Female","count":703,"tested":8924,"color":"rgb(255,127,14)"}]}
