{"age":[{"age_group":"<20","count":258,"tested":3051},{"age_group":"20-29   ","count":231,"tested":2906},{"age_group":"30-39   ","count":245,"tested":3530},{"age_group":"40-49   ","count":263,"tested":3389},{"age_group":"50-59   ","count":246,"tested":3500},{"age_group":"60-69   ","count":165,"tested":2996},{"age_group":"70-79   ","count":82,"tested":1839},{"age_group":"80+","count":51,"tested":1858}],"race":[{"description":"Asian","count":32,"tested":451,"color":"rgb(140,86,75)"},{"description":"Black","count":8,"tested":149,"color":"rgb(255,127,14)"},{"description":"Other","count":38,"tested":411,"color":"rgb(148,103,189)"},{"description":"Hispanic","count":306,"tested":1817,"color":"rgb(214,39,40)"},{"description":"Left Blank","count":494,"tested":10812,"color":"rgb(44,160,44)"},{"description":"White","count":661,"tested":9385,"color":"rgb(31,119,180)"}],"gender":[{"description":"Female","count":777,"tested":13094,"color":"rgb(255,127,14)"},{"description":"Male","count":751,"tested":9380,"color":"rgb(31,119,180)"},{"description":"Unknown/Left Blank","count":13,"tested":597,"color":"rgb(44,160,44)"}]}
