{"age":[{"age_group":"<20","count":1332,"tested":12632},{"age_group":"20-29   ","count":1829,"tested":20811},{"age_group":"30-39   ","count":1726,"tested":22876},{"age_group":"40-49   ","count":1602,"tested":19092},{"age_group":"50-59   ","count":1271,"tested":17137},{"age_group":"60-69   ","count":858,"tested":13725},{"age_group":"70-79   ","count":356,"tested":6072},{"age_group":"80+","count":169,"tested":2995}],"race":[{"description":"AI/AN**","count":11,"tested":129,"color":"rgb(31,119,180)"},{"description":"White","count":1694,"tested":23820,"color":"rgb(31,119,180)"},{"description":"Left Blank","count":1643,"tested":46928,"color":"rgb(44,160,44)"},{"description":"Other","count":457,"tested":5831,"color":"rgb(148,103,189)"},{"description":"Black","count":158,"tested":2314,"color":"rgb(255,127,14)"},{"description":"Asian","count":226,"tested":3142,"color":"rgb(140,86,75)"},{"description":"Hispanic","count":4951,"tested":33082,"color":"rgb(214,39,40)"}],"gender":[{"description":"Male","count":4482,"tested":52188,"color":"rgb(31,119,180)"},{"description":"Unknown/Left Blank","count":100,"tested":2369,"color":"rgb(44,160,44)"},{"description":"Female","count":4561,"tested":60820,"color":"rgb(255,127,14)"}]}
