{"age":[{"age_group":"<20","count":27,"tested":226},{"age_group":"20-29   ","count":34,"tested":372},{"age_group":"30-39   ","count":27,"tested":347},{"age_group":"40-49   ","count":23,"tested":375},{"age_group":"50-59   ","count":27,"tested":530},{"age_group":"60-69   ","count":17,"tested":470},{"age_group":"70-79   ","count":10,"tested":135},{"age_group":"80+","count":9,"tested":114}],"race":[{"description":"Hispanic","count":28,"tested":154,"color":"rgb(214,39,40)"},{"description":"Black","count":102,"tested":1542,"color":"rgb(255,127,14)"},{"description":"Left Blank","count":34,"tested":527,"color":"rgb(44,160,44)"},{"description":"White","count":7,"tested":270,"color":"rgb(31,119,180)"}],"gender":[{"description":"Male","count":75,"tested":865,"color":"rgb(31,119,180)"},{"description":"Female","count":99,"tested":1677,"color":"rgb(255,127,14)"}]}
