{"age":[{"age_group":"<20","count":149,"tested":1315},{"age_group":"20-29   ","count":158,"tested":2260},{"age_group":"30-39   ","count":138,"tested":2303},{"age_group":"40-49   ","count":159,"tested":2574},{"age_group":"50-59   ","count":143,"tested":3023},{"age_group":"60-69   ","count":117,"tested":2866},{"age_group":"70-79   ","count":58,"tested":1295},{"age_group":"80+","count":38,"tested":825}],"race":[{"description":"Other","count":15,"tested":203,"color":"rgb(148,103,189)"},{"description":"Black","count":496,"tested":5786,"color":"rgb(255,127,14)"},{"description":"White","count":82,"tested":1028,"color":"rgb(31,119,180)"},{"description":"Left Blank","count":295,"tested":8952,"color":"rgb(44,160,44)"},{"description":"Hispanic","count":71,"tested":443,"color":"rgb(214,39,40)"}],"gender":[{"description":"Female","count":517,"tested":9573,"color":"rgb(255,127,14)"},{"description":"Male","count":439,"tested":6465,"color":"rgb(31,119,180)"}]}
