{"age":[{"age_group":"<20","count":411,"tested":4310},{"age_group":"20-29   ","count":506,"tested":6116},{"age_group":"30-39   ","count":427,"tested":5964},{"age_group":"40-49   ","count":509,"tested":5347},{"age_group":"50-59   ","count":489,"tested":6230},{"age_group":"60-69   ","count":416,"tested":5677},{"age_group":"70-79   ","count":219,"tested":3297},{"age_group":"80+","count":200,"tested":4023}],"race":[{"description":"Other","count":136,"tested":996,"color":"rgb(148,103,189)"},{"description":"Left Blank","count":900,"tested":21041,"color":"rgb(44,160,44)"},{"description":"White","count":1551,"tested":13629,"color":"rgb(31,119,180)"},{"description":"Black","count":43,"tested":595,"color":"rgb(255,127,14)"},{"description":"Asian","count":180,"tested":2345,"color":"rgb(140,86,75)"},{"description":"Hispanic","count":355,"tested":2276,"color":"rgb(214,39,40)"},{"description":"NH/PI*","count":6,"tested":58,"color":"rgb(127,127,127)"}],"gender":[{"description":"Female","count":1610,"tested":23222,"color":"rgb(255,127,14)"},{"description":"Unknown/Left Blank","count":25,"tested":652,"color":"rgb(44,160,44)"},{"description":"Male","count":1542,"tested":17116,"color":"rgb(31,119,180)"}]}
