{"age":[{"age_group":"<20","count":809,"tested":17304},{"age_group":"20-29   ","count":1446,"tested":27733},{"age_group":"30-39   ","count":617,"tested":8911},{"age_group":"40-49   ","count":495,"tested":5888},{"age_group":"50-59   ","count":412,"tested":6536},{"age_group":"60-69   ","count":281,"tested":5382},{"age_group":"70-79   ","count":171,"tested":4061},{"age_group":"80+","count":201,"tested":7822}],"race":[{"description":"Other","count":53,"tested":834,"color":"rgb(148,103,189)"},{"description":"Left Blank","count":996,"tested":35372,"color":"rgb(44,160,44)"},{"description":"Black","count":637,"tested":10210,"color":"rgb(255,127,14)"},{"description":"Hispanic","count":807,"tested":5924,"color":"rgb(214,39,40)"},{"description":"White","count":1863,"tested":29486,"color":"rgb(31,119,180)"},{"description":"Asian","count":72,"tested":1715,"color":"rgb(140,86,75)"}],"gender":[{"description":"Female","count":2367,"tested":52646,"color":"rgb(255,127,14)"},{"description":"Male","count":2054,"tested":30640,"color":"rgb(31,119,180)"},{"description":"Unknown/Left Blank","count":11,"tested":360,"color":"rgb(44,160,44)"}]}
