{"lastUpdatedDate":{"year":2021,"month":6,"day":24},"county_demographics":[{"County":"Cumberland","confirmed_cases":1303,"total_tested":13792,"demographics":{"age":[{"race":[],"age_group":"<20","count":201,"tested":2002,"deaths":0},{"race":[],"age_group":"20-29   ","count":179,"tested":1850,"deaths":0},{"race":[],"age_group":"30-39   ","count":172,"tested":1841,"deaths":0},{"race":[],"age_group":"40-49   ","count":171,"tested":2019,"deaths":0},{"race":[],"age_group":"50-59   ","count":200,"tested":1794,"deaths":0},{"race":[],"age_group":"60-69   ","count":169,"tested":1816,"deaths":0},{"race":[],"age_group":"70-79   ","count":101,"tested":1037,"deaths":0},{"race":[],"age_group":"80+","count":110,"tested":1430,"deaths":0},{"race":[],"age_group":"Unknown","count":0,"tested":0,"deaths":0}],"race":[{"description":"AI/AN**","count":0,"tested":0,"deaths":0,"color":"rgb(31,119,180)"},{"description":"Asian","count":0,"tested":11,"deaths":0,"color":"rgb(140,86,75)"},{"description":"Black","count":0,"tested":35,"deaths":0,"color":"rgb(255,127,14)"},{"description":"Hispanic","count":0,"tested":70,"deaths":0,"color":"rgb(214,39,40)"},{"description":"Left Blank","count":290,"tested":2732,"deaths":0,"color":"rgb(44,160,44)"},{"description":"NH/PI*","count":0,"tested":0,"deaths":0,"color":"rgb(127,127,127)"},{"description":"Other","count":18,"tested":375,"deaths":0,"color":"rgb(148,103,189)"},{"description":"White","count":987,"tested":10564,"deaths":0,"color":"rgb(31,119,180)"}],"gender":[{"description":"Female","count":678,"tested":8662,"deaths":0,"color":"rgb(255,127,14)"},{"description":"Male","count":610,"tested":4877,"deaths":0,"color":"rgb(31,119,180)"},{"description":"Unknown/Left Blank","count":15,"tested":253,"deaths":0,"color":"rgb(44,160,44)"}]}}]}
