{"lastUpdatedDate":{"year":2021,"month":6,"day":24},"county_demographics":[{"County":"Mercer","confirmed_cases":1497,"total_tested":19417,"demographics":{"age":[{"race":[],"age_group":"<20","count":245,"tested":3553,"deaths":0},{"race":[],"age_group":"20-29   ","count":191,"tested":2245,"deaths":0},{"race":[],"age_group":"30-39   ","count":193,"tested":2370,"deaths":0},{"race":[],"age_group":"40-49   ","count":239,"tested":2267,"deaths":0},{"race":[],"age_group":"50-59   ","count":231,"tested":2770,"deaths":0},{"race":[],"age_group":"60-69   ","count":191,"tested":2343,"deaths":0},{"race":[],"age_group":"70-79   ","count":107,"tested":1809,"deaths":0},{"race":[],"age_group":"80+","count":99,"tested":2046,"deaths":0},{"race":[],"age_group":"Unknown","count":0,"tested":14,"deaths":0}],"race":[{"description":"AI/AN**","count":0,"tested":0,"deaths":0,"color":"rgb(31,119,180)"},{"description":"Asian","count":0,"tested":9,"deaths":0,"color":"rgb(140,86,75)"},{"description":"Black","count":7,"tested":27,"deaths":0,"color":"rgb(255,127,14)"},{"description":"Hispanic","count":22,"tested":120,"deaths":0,"color":"rgb(214,39,40)"},{"description":"Left Blank","count":385,"tested":8180,"deaths":0,"color":"rgb(44,160,44)"},{"description":"NH/PI*","count":0,"tested":0,"deaths":0,"color":"rgb(127,127,127)"},{"description":"Other","count":13,"tested":250,"deaths":0,"color":"rgb(148,103,189)"},{"description":"White","count":1064,"tested":10824,"deaths":0,"color":"rgb(31,119,180)"}],"gender":[{"description":"Female","count":810,"tested":11291,"deaths":0,"color":"rgb(255,127,14)"},{"description":"Male","count":677,"tested":7605,"deaths":0,"color":"rgb(31,119,180)"},{"description":"Unknown/Left Blank","count":6,"tested":521,"deaths":0,"color":"rgb(44,160,44)"}]}}]}
