{"lastUpdatedDate":{"year":2021,"month":6,"day":24},"county_demographics":[{"County":"Saline","confirmed_cases":2606,"total_tested":40388,"demographics":{"age":[{"race":[],"age_group":"<20","count":421,"tested":4840,"deaths":0},{"race":[],"age_group":"20-29   ","count":376,"tested":6021,"deaths":0},{"race":[],"age_group":"30-39   ","count":370,"tested":5617,"deaths":0},{"race":[],"age_group":"40-49   ","count":330,"tested":5441,"deaths":0},{"race":[],"age_group":"50-59   ","count":355,"tested":5611,"deaths":0},{"race":[],"age_group":"60-69   ","count":319,"tested":4931,"deaths":0},{"race":[],"age_group":"70-79   ","count":246,"tested":3942,"deaths":0},{"race":[],"age_group":"80+","count":189,"tested":3983,"deaths":0},{"race":[],"age_group":"Unknown","count":0,"tested":0,"deaths":0}],"race":[{"description":"AI/AN**","count":0,"tested":11,"deaths":0,"color":"rgb(31,119,180)"},{"description":"Asian","count":0,"tested":58,"deaths":0,"color":"rgb(140,86,75)"},{"description":"Black","count":80,"tested":1134,"deaths":0,"color":"rgb(255,127,14)"},{"description":"Hispanic","count":21,"tested":160,"deaths":0,"color":"rgb(214,39,40)"},{"description":"Left Blank","count":813,"tested":20462,"deaths":0,"color":"rgb(44,160,44)"},{"description":"NH/PI*","count":0,"tested":19,"deaths":0,"color":"rgb(127,127,127)"},{"description":"Other","count":17,"tested":179,"deaths":0,"color":"rgb(148,103,189)"},{"description":"White","count":1665,"tested":18365,"deaths":0,"color":"rgb(31,119,180)"}],"gender":[{"description":"Female","count":1411,"tested":23181,"deaths":0,"color":"rgb(255,127,14)"},{"description":"Male","count":1149,"tested":15084,"deaths":0,"color":"rgb(31,119,180)"},{"description":"Unknown/Left Blank","count":41,"tested":2123,"deaths":0,"color":"rgb(44,160,44)"}]}}]}
