{"lastUpdatedDate":{"year":2021,"month":6,"day":24},"county_demographics":[{"County":"Lake","confirmed_cases":68406,"total_tested":1204267,"demographics":{"age":[{"race":[],"age_group":"<20","count":13014,"tested":267673,"deaths":0},{"race":[],"age_group":"20-29   ","count":12505,"tested":181055,"deaths":0},{"race":[],"age_group":"30-39   ","count":10024,"tested":146183,"deaths":0},{"race":[],"age_group":"40-49   ","count":10682,"tested":150098,"deaths":0},{"race":[],"age_group":"50-59   ","count":10474,"tested":170437,"deaths":0},{"race":[],"age_group":"60-69   ","count":6347,"tested":132834,"deaths":0},{"race":[],"age_group":"70-79   ","count":2968,"tested":75336,"deaths":0},{"race":[],"age_group":"80+","count":2374,"tested":80241,"deaths":0},{"race":[],"age_group":"Unknown","count":18,"tested":410,"deaths":0}],"race":[{"description":"AI/AN**","count":105,"tested":1505,"deaths":0,"color":"rgb(31,119,180)"},{"description":"Asian","count":1944,"tested":47716,"deaths":0,"color":"rgb(140,86,75)"},{"description":"Black","count":3762,"tested":50690,"deaths":0,"color":"rgb(255,127,14)"},{"description":"Hispanic","count":19654,"tested":136104,"deaths":0,"color":"rgb(214,39,40)"},{"description":"Left Blank","count":16188,"tested":450144,"deaths":0,"color":"rgb(44,160,44)"},{"description":"NH/PI*","count":135,"tested":2775,"deaths":0,"color":"rgb(127,127,127)"},{"description":"Other","count":3197,"tested":40602,"deaths":0,"color":"rgb(148,103,189)"},{"description":"White","count":23421,"tested":474731,"deaths":0,"color":"rgb(31,119,180)"}],"gender":[{"description":"Female","count":34177,"tested":663252,"deaths":0,"color":"rgb(255,127,14)"},{"description":"Male","count":33406,"tested":514459,"deaths":0,"color":"rgb(31,119,180)"},{"description":"Unknown/Left Blank","count":823,"tested":26556,"deaths":0,"color":"rgb(44,160,44)"}]}}]}
