{"lastUpdatedDate":{"year":2021,"month":6,"day":24},"county_demographics":[{"County":"Marion","confirmed_cases":4518,"total_tested":101435,"demographics":{"age":[{"race":[],"age_group":"<20","count":572,"tested":7139,"deaths":0},{"race":[],"age_group":"20-29   ","count":628,"tested":17652,"deaths":0},{"race":[],"age_group":"30-39   ","count":637,"tested":20960,"deaths":0},{"race":[],"age_group":"40-49   ","count":658,"tested":18147,"deaths":0},{"race":[],"age_group":"50-59   ","count":679,"tested":14302,"deaths":0},{"race":[],"age_group":"60-69   ","count":618,"tested":10056,"deaths":0},{"race":[],"age_group":"70-79   ","count":386,"tested":5508,"deaths":0},{"race":[],"age_group":"80+","count":340,"tested":6748,"deaths":0},{"race":[],"age_group":"Unknown","count":0,"tested":923,"deaths":0}],"race":[{"description":"AI/AN**","count":8,"tested":55,"deaths":0,"color":"rgb(31,119,180)"},{"description":"Asian","count":0,"tested":138,"deaths":0,"color":"rgb(140,86,75)"},{"description":"Black","count":142,"tested":2633,"deaths":0,"color":"rgb(255,127,14)"},{"description":"Hispanic","count":40,"tested":315,"deaths":0,"color":"rgb(214,39,40)"},{"description":"Left Blank","count":889,"tested":61844,"deaths":0,"color":"rgb(44,160,44)"},{"description":"NH/PI*","count":0,"tested":15,"deaths":0,"color":"rgb(127,127,127)"},{"description":"Other","count":49,"tested":982,"deaths":0,"color":"rgb(148,103,189)"},{"description":"White","count":3381,"tested":35453,"deaths":0,"color":"rgb(31,119,180)"}],"gender":[{"description":"Female","count":2534,"tested":42372,"deaths":0,"color":"rgb(255,127,14)"},{"description":"Male","count":1941,"tested":39484,"deaths":0,"color":"rgb(31,119,180)"},{"description":"Unknown/Left Blank","count":39,"tested":19579,"deaths":0,"color":"rgb(44,160,44)"}]}}]}
