{"lastUpdatedDate":{"year":2021,"month":6,"day":24},"county_demographics":[{"County":"Madison","confirmed_cases":31004,"total_tested":342482,"demographics":{"age":[{"race":[],"age_group":"<20","count":4967,"tested":46935,"deaths":0},{"race":[],"age_group":"20-29   ","count":5366,"tested":58299,"deaths":0},{"race":[],"age_group":"30-39   ","count":4838,"tested":51531,"deaths":0},{"race":[],"age_group":"40-49   ","count":4397,"tested":44280,"deaths":0},{"race":[],"age_group":"50-59   ","count":4526,"tested":47562,"deaths":0},{"race":[],"age_group":"60-69   ","count":3503,"tested":41261,"deaths":0},{"race":[],"age_group":"70-79   ","count":1944,"tested":24869,"deaths":0},{"race":[],"age_group":"80+","count":1444,"tested":27486,"deaths":0},{"race":[],"age_group":"Unknown","count":18,"tested":259,"deaths":0}],"race":[{"description":"AI/AN**","count":29,"tested":270,"deaths":0,"color":"rgb(31,119,180)"},{"description":"Asian","count":139,"tested":1325,"deaths":0,"color":"rgb(140,86,75)"},{"description":"Black","count":2398,"tested":21000,"deaths":0,"color":"rgb(255,127,14)"},{"description":"Hispanic","count":752,"tested":3706,"deaths":0,"color":"rgb(214,39,40)"},{"description":"Left Blank","count":7503,"tested":152683,"deaths":0,"color":"rgb(44,160,44)"},{"description":"NH/PI*","count":15,"tested":163,"deaths":0,"color":"rgb(127,127,127)"},{"description":"Other","count":1009,"tested":11003,"deaths":0,"color":"rgb(148,103,189)"},{"description":"White","count":19152,"tested":152332,"deaths":0,"color":"rgb(31,119,180)"}],"gender":[{"description":"Female","count":16524,"tested":207659,"deaths":0,"color":"rgb(255,127,14)"},{"description":"Male","count":13993,"tested":128564,"deaths":0,"color":"rgb(31,119,180)"},{"description":"Unknown/Left Blank","count":487,"tested":6259,"deaths":0,"color":"rgb(44,160,44)"}]}}]}
