{"lastUpdatedDate":{"year":2021,"month":6,"day":24},"county_demographics":[{"County":"Warren","confirmed_cases":1846,"total_tested":21960,"demographics":{"age":[{"race":[],"age_group":"<20","count":225,"tested":3199,"deaths":0},{"race":[],"age_group":"20-29   ","count":267,"tested":4884,"deaths":0},{"race":[],"age_group":"30-39   ","count":285,"tested":3171,"deaths":0},{"race":[],"age_group":"40-49   ","count":312,"tested":2975,"deaths":0},{"race":[],"age_group":"50-59   ","count":283,"tested":2938,"deaths":0},{"race":[],"age_group":"60-69   ","count":225,"tested":2485,"deaths":0},{"race":[],"age_group":"70-79   ","count":142,"tested":1422,"deaths":0},{"race":[],"age_group":"80+","count":107,"tested":884,"deaths":0},{"race":[],"age_group":"Unknown","count":0,"tested":0,"deaths":0}],"race":[{"description":"AI/AN**","count":0,"tested":19,"deaths":0,"color":"rgb(31,119,180)"},{"description":"Asian","count":19,"tested":79,"deaths":0,"color":"rgb(140,86,75)"},{"description":"Black","count":43,"tested":360,"deaths":0,"color":"rgb(255,127,14)"},{"description":"Hispanic","count":145,"tested":859,"deaths":0,"color":"rgb(214,39,40)"},{"description":"Left Blank","count":515,"tested":9369,"deaths":0,"color":"rgb(44,160,44)"},{"description":"NH/PI*","count":0,"tested":13,"deaths":0,"color":"rgb(127,127,127)"},{"description":"Other","count":19,"tested":312,"deaths":0,"color":"rgb(148,103,189)"},{"description":"White","count":1100,"tested":10949,"deaths":0,"color":"rgb(31,119,180)"}],"gender":[{"description":"Female","count":959,"tested":11729,"deaths":0,"color":"rgb(255,127,14)"},{"description":"Male","count":835,"tested":8969,"deaths":0,"color":"rgb(31,119,180)"},{"description":"Unknown/Left Blank","count":52,"tested":1262,"deaths":0,"color":"rgb(44,160,44)"}]}}]}
