{"lastUpdatedDate":{"year":2021,"month":6,"day":24},"county_demographics":[{"County":"Henry","confirmed_cases":5081,"total_tested":75772,"demographics":{"age":[{"race":[],"age_group":"<20","count":813,"tested":10145,"deaths":0},{"race":[],"age_group":"20-29   ","count":698,"tested":10288,"deaths":0},{"race":[],"age_group":"30-39   ","count":740,"tested":11588,"deaths":0},{"race":[],"age_group":"40-49   ","count":767,"tested":11023,"deaths":0},{"race":[],"age_group":"50-59   ","count":789,"tested":11997,"deaths":0},{"race":[],"age_group":"60-69   ","count":645,"tested":9120,"deaths":0},{"race":[],"age_group":"70-79   ","count":326,"tested":5288,"deaths":0},{"race":[],"age_group":"80+","count":303,"tested":6160,"deaths":0},{"race":[],"age_group":"Unknown","count":0,"tested":163,"deaths":0}],"race":[{"description":"AI/AN**","count":0,"tested":33,"deaths":0,"color":"rgb(31,119,180)"},{"description":"Asian","count":0,"tested":79,"deaths":0,"color":"rgb(140,86,75)"},{"description":"Black","count":77,"tested":873,"deaths":0,"color":"rgb(255,127,14)"},{"description":"Hispanic","count":224,"tested":1403,"deaths":0,"color":"rgb(214,39,40)"},{"description":"Left Blank","count":1496,"tested":39623,"deaths":0,"color":"rgb(44,160,44)"},{"description":"NH/PI*","count":0,"tested":19,"deaths":0,"color":"rgb(127,127,127)"},{"description":"Other","count":125,"tested":1553,"deaths":0,"color":"rgb(148,103,189)"},{"description":"White","count":3149,"tested":32189,"deaths":0,"color":"rgb(31,119,180)"}],"gender":[{"description":"Female","count":2773,"tested":44176,"deaths":0,"color":"rgb(255,127,14)"},{"description":"Male","count":2262,"tested":26588,"deaths":0,"color":"rgb(31,119,180)"},{"description":"Unknown/Left Blank","count":42,"tested":5008,"deaths":0,"color":"rgb(44,160,44)"}]}}]}
