{"age":[{"age_group":"<20","count":319,"tested":3623},{"age_group":"20-29   ","count":224,"tested":3884},{"age_group":"30-39   ","count":244,"tested":4433},{"age_group":"40-49   ","count":264,"tested":4921},{"age_group":"50-59   ","count":254,"tested":4845},{"age_group":"60-69   ","count":150,"tested":3615},{"age_group":"70-79   ","count":55,"tested":1961},{"age_group":"80+","count":29,"tested":3196}],"race":[{"description":"Black","count":53,"tested":1993,"color":"rgb(255,127,14)"},{"description":"Asian","count":22,"tested":593,"color":"rgb(140,86,75)"},{"description":"Hispanic","count":339,"tested":3652,"color":"rgb(214,39,40)"},{"description":"Left Blank","count":442,"tested":8564,"color":"rgb(44,160,44)"},{"description":"White","count":601,"tested":14418,"color":"rgb(31,119,180)"},{"description":"Other","count":79,"tested":1184,"color":"rgb(148,103,189)"}],"gender":[{"description":"Female","count":804,"tested":18425,"color":"rgb(255,127,14)"},{"description":"Male","count":719,"tested":11412,"color":"rgb(31,119,180)"},{"description":"Unknown/Left Blank","count":17,"tested":650,"color":"rgb(44,160,44)"}]}
