{"age":[{"age_group":"<20","count":289,"tested":2908},{"age_group":"20-29   ","count":430,"tested":3741},{"age_group":"30-39   ","count":340,"tested":3274},{"age_group":"40-49   ","count":342,"tested":3027},{"age_group":"50-59   ","count":442,"tested":4127},{"age_group":"60-69   ","count":263,"tested":2999},{"age_group":"70-79   ","count":117,"tested":1709},{"age_group":"80+","count":35,"tested":1014}],"race":[{"description":"Hispanic","count":216,"tested":1089,"color":"rgb(214,39,40)"},{"description":"Left Blank","count":597,"tested":8172,"color":"rgb(44,160,44)"},{"description":"Other","count":54,"tested":362,"color":"rgb(148,103,189)"},{"description":"Asian","count":21,"tested":214,"color":"rgb(140,86,75)"},{"description":"White","count":1348,"tested":12766,"color":"rgb(31,119,180)"},{"description":"Black","count":14,"tested":141,"color":"rgb(255,127,14)"}],"gender":[{"description":"Female","count":1130,"tested":12961,"color":"rgb(255,127,14)"},{"description":"Male","count":1117,"tested":9689,"color":"rgb(31,119,180)"}]}
