{"age":[{"age_group":"<20","count":15,"tested":185},{"age_group":"20-29   ","count":21,"tested":363},{"age_group":"30-39   ","count":18,"tested":189},{"age_group":"40-49   ","count":23,"tested":310},{"age_group":"50-59   ","count":13,"tested":235},{"age_group":"60-69   ","count":13,"tested":199},{"age_group":"70-79   ","count":7,"tested":79},{"age_group":"80+","count":7,"tested":72}],"race":[{"description":"White","count":82,"tested":895,"color":"rgb(31,119,180)"},{"description":"Hispanic","count":10,"tested":62,"color":"rgb(214,39,40)"},{"description":"Left Blank","count":24,"tested":637,"color":"rgb(44,160,44)"}],"gender":[{"description":"Female","count":50,"tested":971,"color":"rgb(255,127,14)"},{"description":"Male","count":67,"tested":655,"color":"rgb(31,119,180)"}]}
