{"age":[{"age_group":"<20","count":50,"tested":445},{"age_group":"20-29   ","count":40,"tested":590},{"age_group":"30-39   ","count":34,"tested":379},{"age_group":"40-49   ","count":35,"tested":377},{"age_group":"50-59   ","count":50,"tested":589},{"age_group":"60-69   ","count":25,"tested":387},{"age_group":"80+","count":9,"tested":115}],"race":[{"description":"White","count":167,"tested":1711,"color":"rgb(31,119,180)"},{"description":"Left Blank","count":56,"tested":1100,"color":"rgb(44,160,44)"},{"description":"Hispanic","count":19,"tested":115,"color":"rgb(214,39,40)"}],"gender":[{"description":"Female","count":129,"tested":1644,"color":"rgb(255,127,14)"},{"description":"Male","count":118,"tested":1226,"color":"rgb(31,119,180)"}]}
