{"age":[{"age_group":"<20","count":585,"tested":6201},{"age_group":"20-29   ","count":706,"tested":7148},{"age_group":"30-39   ","count":576,"tested":6444},{"age_group":"40-49   ","count":575,"tested":5555},{"age_group":"50-59   ","count":580,"tested":6545},{"age_group":"60-69   ","count":362,"tested":5637},{"age_group":"70-79   ","count":135,"tested":2982},{"age_group":"80+","count":97,"tested":2126}],"race":[{"description":"Hispanic","count":1258,"tested":6812,"color":"rgb(214,39,40)"},{"description":"Left Blank","count":875,"tested":14496,"color":"rgb(44,160,44)"},{"description":"White","count":1116,"tested":16789,"color":"rgb(31,119,180)"},{"description":"Other","count":200,"tested":1562,"color":"rgb(148,103,189)"},{"description":"NH/PI*","count":6,"tested":93,"color":"rgb(127,127,127)"},{"description":"Black","count":43,"tested":669,"color":"rgb(255,127,14)"},{"description":"Asian","count":116,"tested":2132,"color":"rgb(140,86,75)"}],"gender":[{"description":"Unknown/Left Blank","count":28,"tested":370,"color":"rgb(44,160,44)"},{"description":"Male","count":1816,"tested":18621,"color":"rgb(31,119,180)"},{"description":"Female","count":1773,"tested":23650,"color":"rgb(255,127,14)"}]}
