{"age":[{"age_group":"<20","count":757,"tested":6492},{"age_group":"20-29   ","count":867,"tested":15358},{"age_group":"30-39   ","count":913,"tested":17030},{"age_group":"40-49   ","count":788,"tested":16148},{"age_group":"50-59   ","count":701,"tested":16903},{"age_group":"60-69   ","count":551,"tested":13794},{"age_group":"70-79   ","count":282,"tested":6473},{"age_group":"80+","count":245,"tested":5447}],"race":[{"description":"Black","count":1195,"tested":29218,"color":"rgb(255,127,14)"},{"description":"Hispanic","count":775,"tested":4600,"color":"rgb(214,39,40)"},{"description":"Asian","count":10,"tested":588,"color":"rgb(140,86,75)"},{"description":"White","count":1948,"tested":40595,"color":"rgb(31,119,180)"},{"description":"Other","count":102,"tested":2739,"color":"rgb(148,103,189)"},{"description":"Left Blank","count":1072,"tested":19735,"color":"rgb(44,160,44)"}],"gender":[{"description":"Unknown/Left Blank","count":19,"tested":1084,"color":"rgb(44,160,44)"},{"description":"Male","count":2387,"tested":36228,"color":"rgb(31,119,180)"},{"description":"Female","count":2699,"tested":60393,"color":"rgb(255,127,14)"}]}
