{"age":[{"age_group":"<20","count":158,"tested":1024},{"age_group":"20-29   ","count":188,"tested":1782},{"age_group":"30-39   ","count":174,"tested":1640},{"age_group":"40-49   ","count":138,"tested":1430},{"age_group":"50-59   ","count":145,"tested":1476},{"age_group":"60-69   ","count":100,"tested":1543},{"age_group":"70-79   ","count":47,"tested":554},{"age_group":"80+","count":21,"tested":280}],"race":[{"description":"Black","count":28,"tested":303,"color":"rgb(255,127,14)"},{"description":"Asian","count":25,"tested":277,"color":"rgb(140,86,75)"},{"description":"Other","count":56,"tested":417,"color":"rgb(148,103,189)"},{"description":"Left Blank","count":385,"tested":4421,"color":"rgb(44,160,44)"},{"description":"White","count":364,"tested":3575,"color":"rgb(31,119,180)"},{"description":"Hispanic","count":110,"tested":716,"color":"rgb(214,39,40)"}],"gender":[{"description":"Female","count":547,"tested":5349,"color":"rgb(255,127,14)"},{"description":"Male","count":422,"tested":4210,"color":"rgb(31,119,180)"}]}
