{"age":[{"age_group":"<20","count":12,"tested":60},{"age_group":"30-39   ","count":8,"tested":92},{"age_group":"40-49   ","count":7,"tested":73}],"race":[{"description":"Hispanic","count":6,"tested":35,"color":"rgb(214,39,40)"},{"description":"White","count":22,"tested":224,"color":"rgb(31,119,180)"},{"description":"Left Blank","count":13,"tested":259,"color":"rgb(44,160,44)"}],"gender":[{"description":"Male","count":21,"tested":163,"color":"rgb(31,119,180)"},{"description":"Female","count":21,"tested":370,"color":"rgb(255,127,14)"}]}
