{"age":[{"age_group":"<20","count":276,"tested":2686},{"age_group":"20-29   ","count":238,"tested":2280},{"age_group":"30-39   ","count":212,"tested":1951},{"age_group":"40-49   ","count":267,"tested":2285},{"age_group":"50-59   ","count":238,"tested":2341},{"age_group":"60-69   ","count":151,"tested":1546},{"age_group":"70-79   ","count":57,"tested":871},{"age_group":"80+","count":22,"tested":404}],"race":[{"description":"Other","count":35,"tested":450,"color":"rgb(148,103,189)"},{"description":"Left Blank","count":448,"tested":4314,"color":"rgb(44,160,44)"},{"description":"Hispanic","count":99,"tested":684,"color":"rgb(214,39,40)"},{"description":"White","count":861,"tested":8599,"color":"rgb(31,119,180)"},{"description":"Asian","count":10,"tested":95,"color":"rgb(140,86,75)"},{"description":"Black","count":7,"tested":200,"color":"rgb(255,127,14)"}],"gender":[{"description":"Female","count":750,"tested":7626,"color":"rgb(255,127,14)"},{"description":"Unknown/Left Blank","count":11,"tested":169,"color":"rgb(44,160,44)"},{"description":"Male","count":700,"tested":6569,"color":"rgb(31,119,180)"}]}
