{"age":[{"age_group":"<20","count":792,"tested":6460},{"age_group":"20-29   ","count":1038,"tested":11322},{"age_group":"30-39   ","count":1028,"tested":11095},{"age_group":"40-49   ","count":929,"tested":9956},{"age_group":"50-59   ","count":813,"tested":10815},{"age_group":"60-69   ","count":515,"tested":8848},{"age_group":"70-79   ","count":291,"tested":6121},{"age_group":"80+","count":243,"tested":6501}],"race":[{"description":"Left Blank","count":1343,"tested":31319,"color":"rgb(44,160,44)"},{"description":"White","count":1848,"tested":20580,"color":"rgb(31,119,180)"},{"description":"Hispanic","count":1493,"tested":7590,"color":"rgb(214,39,40)"},{"description":"Black","count":598,"tested":7155,"color":"rgb(255,127,14)"},{"description":"Asian","count":66,"tested":635,"color":"rgb(140,86,75)"},{"description":"Other","count":265,"tested":3652,"color":"rgb(148,103,189)"},{"description":"AI/AN**","count":31,"tested":174,"color":"rgb(31,119,180)"}],"gender":[{"description":"Female","count":2993,"tested":40748,"color":"rgb(255,127,14)"},{"description":"Male","count":2619,"tested":28729,"color":"rgb(31,119,180)"},{"description":"Unknown/Left Blank","count":37,"tested":1650,"color":"rgb(44,160,44)"}]}
