{"age":[{"age_group":"<20","count":21,"tested":239},{"age_group":"20-29   ","count":25,"tested":192},{"age_group":"50-59   ","count":22,"tested":272},{"age_group":"60-69   ","count":13,"tested":202}],"race":[{"description":"White","count":72,"tested":716,"color":"rgb(31,119,180)"},{"description":"Left Blank","count":40,"tested":859,"color":"rgb(44,160,44)"}],"gender":[{"description":"Male","count":60,"tested":535,"color":"rgb(31,119,180)"},{"description":"Female","count":60,"tested":1027,"color":"rgb(255,127,14)"}]}
