{"age":[{"age_group":"<20","count":416,"tested":5230},{"age_group":"20-29   ","count":410,"tested":5038},{"age_group":"30-39   ","count":357,"tested":5116},{"age_group":"40-49   ","count":306,"tested":4104},{"age_group":"50-59   ","count":339,"tested":5058},{"age_group":"60-69   ","count":283,"tested":5026},{"age_group":"70-79   ","count":104,"tested":2981},{"age_group":"80+","count":88,"tested":3795}],"race":[{"description":"Hispanic","count":185,"tested":859,"color":"rgb(214,39,40)"},{"description":"Asian","count":85,"tested":870,"color":"rgb(140,86,75)"},{"description":"Left Blank","count":554,"tested":18960,"color":"rgb(44,160,44)"},{"description":"White","count":1326,"tested":13816,"color":"rgb(31,119,180)"},{"description":"Black","count":82,"tested":805,"color":"rgb(255,127,14)"},{"description":"Other","count":67,"tested":1042,"color":"rgb(148,103,189)"}],"gender":[{"description":"Unknown/Left Blank","count":32,"tested":453,"color":"rgb(44,160,44)"},{"description":"Male","count":1107,"tested":15673,"color":"rgb(31,119,180)"},{"description":"Female","count":1164,"tested":20256,"color":"rgb(255,127,14)"}]}
