{"age":[{"age_group":"<20","count":106,"tested":932},{"age_group":"20-29   ","count":144,"tested":1212},{"age_group":"30-39   ","count":116,"tested":998},{"age_group":"40-49   ","count":102,"tested":978},{"age_group":"50-59   ","count":122,"tested":1159},{"age_group":"60-69   ","count":97,"tested":1122},{"age_group":"70-79   ","count":60,"tested":842},{"age_group":"80+","count":52,"tested":884}],"race":[{"description":"White","count":410,"tested":4034,"color":"rgb(31,119,180)"},{"description":"Other","count":27,"tested":147,"color":"rgb(148,103,189)"},{"description":"Left Blank","count":161,"tested":3235,"color":"rgb(44,160,44)"},{"description":"Hispanic","count":137,"tested":624,"color":"rgb(214,39,40)"},{"description":"Asian","count":19,"tested":32,"color":"rgb(140,86,75)"},{"description":"Black","count":20,"tested":49,"color":"rgb(255,127,14)"}],"gender":[{"description":"Male","count":331,"tested":3016,"color":"rgb(31,119,180)"},{"description":"Female","count":393,"tested":4952,"color":"rgb(255,127,14)"}]}
