{"age":[{"age_group":"<20","count":238,"tested":1264},{"age_group":"20-29   ","count":279,"tested":2028},{"age_group":"30-39   ","count":273,"tested":1981},{"age_group":"40-49   ","count":265,"tested":1930},{"age_group":"50-59   ","count":206,"tested":2008},{"age_group":"60-69   ","count":154,"tested":1613},{"age_group":"70-79   ","count":100,"tested":839},{"age_group":"80+","count":69,"tested":339}],"race":[{"description":"AI/AN**","count":51,"tested":46,"color":"rgb(31,119,180)"},{"description":"Other","count":87,"tested":712,"color":"rgb(148,103,189)"},{"description":"Black","count":196,"tested":1687,"color":"rgb(255,127,14)"},{"description":"White","count":276,"tested":2846,"color":"rgb(31,119,180)"},{"description":"Left Blank","count":498,"tested":5322,"color":"rgb(44,160,44)"},{"description":"Hispanic","count":393,"tested":1337,"color":"rgb(214,39,40)"}],"gender":[{"description":"Unknown/Left Blank","count":47,"tested":95,"color":"rgb(44,160,44)"},{"description":"Male","count":651,"tested":4868,"color":"rgb(31,119,180)"},{"description":"Female","count":686,"tested":7041,"color":"rgb(255,127,14)"}]}
