{"age":[{"age_group":"<20","count":125,"tested":834},{"age_group":"20-29   ","count":174,"tested":1150},{"age_group":"30-39   ","count":177,"tested":1100},{"age_group":"40-49   ","count":150,"tested":1048},{"age_group":"50-59   ","count":110,"tested":966},{"age_group":"60-69   ","count":98,"tested":882},{"age_group":"70-79   ","count":49,"tested":440},{"age_group":"80+","count":36,"tested":218}],"race":[{"description":"Black","count":26,"tested":161,"color":"rgb(255,127,14)"},{"description":"Hispanic","count":299,"tested":1391,"color":"rgb(214,39,40)"},{"description":"White","count":238,"tested":1991,"color":"rgb(31,119,180)"},{"description":"Left Blank","count":230,"tested":2594,"color":"rgb(44,160,44)"},{"description":"Other","count":80,"tested":436,"color":"rgb(148,103,189)"},{"description":"Asian","count":20,"tested":59,"color":"rgb(140,86,75)"}],"gender":[{"description":"Male","count":418,"tested":2929,"color":"rgb(31,119,180)"},{"description":"Female","count":422,"tested":3626,"color":"rgb(255,127,14)"}]}
