{"age":[{"age_group":"<20","count":72,"tested":445},{"age_group":"20-29   ","count":73,"tested":243},{"age_group":"30-39   ","count":78,"tested":192},{"age_group":"40-49   ","count":68,"tested":138},{"age_group":"50-59   ","count":69,"tested":135},{"age_group":"60-69   ","count":68,"tested":158},{"age_group":"70-79   ","count":63,"tested":96}],"race":[{"description":"Hispanic","count":92,"tested":263,"color":"rgb(214,39,40)"},{"description":"Left Blank","count":76,"tested":429,"color":"rgb(44,160,44)"},{"description":"White","count":99,"tested":696,"color":"rgb(31,119,180)"}],"gender":[{"description":"Male","count":103,"tested":720,"color":"rgb(31,119,180)"},{"description":"Female","count":107,"tested":713,"color":"rgb(255,127,14)"}]}
