{"age":[{"age_group":"20-29   ","count":37,"tested":163},{"age_group":"40-49   ","count":34,"tested":105},{"age_group":"50-59   ","count":35,"tested":224},{"age_group":"60-69   ","count":34,"tested":138},{"age_group":"70-79   ","count":33,"tested":114}],"race":[{"description":"Left Blank","count":60,"tested":753,"color":"rgb(44,160,44)"},{"description":"White","count":40,"tested":334,"color":"rgb(31,119,180)"}],"gender":[{"description":"Female","count":50,"tested":624,"color":"rgb(255,127,14)"},{"description":"Male","count":52,"tested":476,"color":"rgb(31,119,180)"}]}
