{"age":[{"age_group":"<20","count":269,"tested":3581},{"age_group":"20-29   ","count":922,"tested":16733},{"age_group":"30-39   ","count":904,"tested":19141},{"age_group":"40-49   ","count":432,"tested":6391},{"age_group":"50-59   ","count":323,"tested":3968},{"age_group":"60-69   ","count":243,"tested":2662},{"age_group":"70-79   ","count":182,"tested":1435},{"age_group":"80+","count":168,"tested":965}],"race":[{"description":"Asian","count":93,"tested":1396,"color":"rgb(140,86,75)"},{"description":"Left Blank","count":1071,"tested":26774,"color":"rgb(44,160,44)"},{"description":"White","count":935,"tested":17458,"color":"rgb(31,119,180)"},{"description":"Hispanic","count":821,"tested":5072,"color":"rgb(214,39,40)"},{"description":"Other","count":178,"tested":2041,"color":"rgb(148,103,189)"},{"description":"Black","count":228,"tested":2056,"color":"rgb(255,127,14)"}],"gender":[{"description":"Female","count":1580,"tested":29631,"color":"rgb(255,127,14)"},{"description":"Unknown/Left Blank","count":77,"tested":1083,"color":"rgb(44,160,44)"},{"description":"Male","count":1502,"tested":24174,"color":"rgb(31,119,180)"}]}
