{"age":[{"age_group":"<20","count":264,"tested":2937},{"age_group":"20-29   ","count":200,"tested":2311},{"age_group":"30-39   ","count":151,"tested":1560},{"age_group":"40-49   ","count":184,"tested":1811},{"age_group":"50-59   ","count":210,"tested":2364},{"age_group":"60-69   ","count":147,"tested":1688},{"age_group":"70-79   ","count":104,"tested":975},{"age_group":"80+","count":91,"tested":552}],"race":[{"description":"White","count":499,"tested":6748,"color":"rgb(31,119,180)"},{"description":"Asian","count":77,"tested":206,"color":"rgb(140,86,75)"},{"description":"Hispanic","count":179,"tested":590,"color":"rgb(214,39,40)"},{"description":"Left Blank","count":249,"tested":5611,"color":"rgb(44,160,44)"},{"description":"Other","count":144,"tested":986,"color":"rgb(148,103,189)"}],"gender":[{"description":"Male","count":508,"tested":6813,"color":"rgb(31,119,180)"},{"description":"Unknown/Left Blank","count":72,"tested":78,"color":"rgb(44,160,44)"},{"description":"Female","count":441,"tested":7309,"color":"rgb(255,127,14)"}]}
