{"age":[{"age_group":"<20","count":65,"tested":1329},{"age_group":"20-29   ","count":382,"tested":6390},{"age_group":"30-39   ","count":379,"tested":7275},{"age_group":"40-49   ","count":165,"tested":2860},{"age_group":"50-59   ","count":143,"tested":2225},{"age_group":"60-69   ","count":99,"tested":1798},{"age_group":"70-79   ","count":49,"tested":914},{"age_group":"80+","count":36,"tested":338}],"race":[{"description":"Asian","count":93,"tested":1838,"color":"rgb(140,86,75)"},{"description":"Hispanic","count":87,"tested":716,"color":"rgb(214,39,40)"},{"description":"Black","count":138,"tested":2078,"color":"rgb(255,127,14)"},{"description":"White","count":385,"tested":6985,"color":"rgb(31,119,180)"},{"description":"Left Blank","count":474,"tested":10123,"color":"rgb(44,160,44)"},{"description":"Other","count":90,"tested":1343,"color":"rgb(148,103,189)"}],"gender":[{"description":"Female","count":506,"tested":11999,"color":"rgb(255,127,14)"},{"description":"Male","count":674,"tested":10828,"color":"rgb(31,119,180)"},{"description":"Unknown/Left Blank","count":28,"tested":311,"color":"rgb(44,160,44)"}]}
