{"age":[{"age_group":"<20","count":115,"tested":1217},{"age_group":"20-29   ","count":95,"tested":783},{"age_group":"30-39   ","count":66,"tested":623},{"age_group":"40-49   ","count":89,"tested":750},{"age_group":"50-59   ","count":88,"tested":1033},{"age_group":"60-69   ","count":53,"tested":731},{"age_group":"70-79   ","count":23,"tested":401},{"age_group":"80+","count":51,"tested":437}],"race":[{"description":"Other","count":24,"tested":199,"color":"rgb(148,103,189)"},{"description":"Left Blank","count":202,"tested":3150,"color":"rgb(44,160,44)"},{"description":"White","count":234,"tested":2216,"color":"rgb(31,119,180)"},{"description":"Asian","count":36,"tested":206,"color":"rgb(140,86,75)"},{"description":"Hispanic","count":27,"tested":105,"color":"rgb(214,39,40)"},{"description":"Black","count":30,"tested":100,"color":"rgb(255,127,14)"}],"gender":[{"description":"Male","count":238,"tested":2476,"color":"rgb(31,119,180)"},{"description":"Female","count":262,"tested":3423,"color":"rgb(255,127,14)"}]}
