{"age":[{"age_group":"<20","count":12,"tested":158},{"age_group":"20-29   ","count":26,"tested":204},{"age_group":"30-39   ","count":24,"tested":129},{"age_group":"40-49   ","count":23,"tested":155},{"age_group":"50-59   ","count":23,"tested":188},{"age_group":"60-69   ","count":12,"tested":127},{"age_group":"70-79   ","count":12,"tested":75}],"race":[{"description":"White","count":79,"tested":666,"color":"rgb(31,119,180)"},{"description":"Left Blank","count":28,"tested":297,"color":"rgb(44,160,44)"},{"description":"Other","count":11,"tested":55,"color":"rgb(148,103,189)"}],"gender":[{"description":"Male","count":63,"tested":480,"color":"rgb(31,119,180)"},{"description":"Female","count":57,"tested":577,"color":"rgb(255,127,14)"}]}
