{"age":[{"age_group":"<20","count":72,"tested":562},{"age_group":"20-29   ","count":101,"tested":531},{"age_group":"30-39   ","count":91,"tested":586},{"age_group":"40-49   ","count":93,"tested":470},{"age_group":"50-59   ","count":102,"tested":681},{"age_group":"60-69   ","count":73,"tested":593},{"age_group":"70-79   ","count":58,"tested":323},{"age_group":"80+","count":63,"tested":214}],"race":[{"description":"Hispanic","count":44,"tested":64,"color":"rgb(214,39,40)"},{"description":"White","count":244,"tested":2283,"color":"rgb(31,119,180)"},{"description":"Left Blank","count":170,"tested":1517,"color":"rgb(44,160,44)"},{"description":"Other","count":45,"tested":50,"color":"rgb(148,103,189)"}],"gender":[{"description":"Male","count":178,"tested":1486,"color":"rgb(31,119,180)"},{"description":"Female","count":252,"tested":2436,"color":"rgb(255,127,14)"}]}
