{"age":[{"age_group":"<20","count":123,"tested":924},{"age_group":"20-29   ","count":120,"tested":948},{"age_group":"30-39   ","count":154,"tested":989},{"age_group":"40-49   ","count":137,"tested":852},{"age_group":"50-59   ","count":143,"tested":924},{"age_group":"60-69   ","count":91,"tested":796},{"age_group":"70-79   ","count":70,"tested":542},{"age_group":"80+","count":60,"tested":333}],"race":[{"description":"White","count":328,"tested":3358,"color":"rgb(31,119,180)"},{"description":"Hispanic","count":157,"tested":531,"color":"rgb(214,39,40)"},{"description":"Left Blank","count":229,"tested":2257,"color":"rgb(44,160,44)"},{"description":"Other","count":43,"tested":100,"color":"rgb(148,103,189)"}],"gender":[{"description":"Male","count":325,"tested":2614,"color":"rgb(31,119,180)"},{"description":"Female","count":368,"tested":3616,"color":"rgb(255,127,14)"}]}
