{"age":[{"age_group":"<20","count":99,"tested":709},{"age_group":"20-29   ","count":110,"tested":836},{"age_group":"30-39   ","count":105,"tested":950},{"age_group":"40-49   ","count":126,"tested":890},{"age_group":"50-59   ","count":91,"tested":1183},{"age_group":"60-69   ","count":98,"tested":796},{"age_group":"70-79   ","count":62,"tested":418},{"age_group":"80+","count":31,"tested":146}],"race":[{"description":"Hispanic","count":134,"tested":719,"color":"rgb(214,39,40)"},{"description":"White","count":192,"tested":1959,"color":"rgb(31,119,180)"},{"description":"Left Blank","count":168,"tested":1919,"color":"rgb(44,160,44)"},{"description":"Other","count":57,"tested":296,"color":"rgb(148,103,189)"},{"description":"Black","count":74,"tested":561,"color":"rgb(255,127,14)"},{"description":"Asian","count":48,"tested":399,"color":"rgb(140,86,75)"}],"gender":[{"description":"Male","count":282,"tested":2617,"color":"rgb(31,119,180)"},{"description":"Female","count":295,"tested":3246,"color":"rgb(255,127,14)"}]}
