{"age":[{"age_group":"<20","count":40,"tested":197},{"age_group":"20-29   ","count":59,"tested":472},{"age_group":"30-39   ","count":52,"tested":413},{"age_group":"40-49   ","count":49,"tested":386},{"age_group":"50-59   ","count":40,"tested":404},{"age_group":"60-69   ","count":45,"tested":353},{"age_group":"70-79   ","count":21,"tested":127},{"age_group":"80+","count":20,"tested":102}],"race":[{"description":"White","count":82,"tested":1017,"color":"rgb(31,119,180)"},{"description":"Hispanic","count":65,"tested":233,"color":"rgb(214,39,40)"},{"description":"Other","count":26,"tested":61,"color":"rgb(148,103,189)"},{"description":"Left Blank","count":93,"tested":988,"color":"rgb(44,160,44)"}],"gender":[{"description":"Female","count":138,"tested":1418,"color":"rgb(255,127,14)"},{"description":"Male","count":104,"tested":994,"color":"rgb(31,119,180)"}]}
