{"age":[{"age_group":"<20","count":454,"tested":6363},{"age_group":"20-29   ","count":791,"tested":10252},{"age_group":"30-39   ","count":359,"tested":4117},{"age_group":"40-49   ","count":335,"tested":2862},{"age_group":"50-59   ","count":278,"tested":3254},{"age_group":"60-69   ","count":194,"tested":2802},{"age_group":"70-79   ","count":132,"tested":2095},{"age_group":"80+","count":134,"tested":3573}],"race":[{"description":"Left Blank","count":588,"tested":15025,"color":"rgb(44,160,44)"},{"description":"Other","count":71,"tested":436,"color":"rgb(148,103,189)"},{"description":"Black","count":380,"tested":4316,"color":"rgb(255,127,14)"},{"description":"Hispanic","count":566,"tested":2798,"color":"rgb(214,39,40)"},{"description":"White","count":930,"tested":12092,"color":"rgb(31,119,180)"},{"description":"Asian","count":70,"tested":630,"color":"rgb(140,86,75)"}],"gender":[{"description":"Female","count":1306,"tested":21868,"color":"rgb(255,127,14)"},{"description":"Male","count":1152,"tested":13291,"color":"rgb(31,119,180)"},{"description":"Unknown/Left Blank","count":44,"tested":168,"color":"rgb(44,160,44)"}]}
