{"age":[{"age_group":"<20","count":542,"tested":3045},{"age_group":"20-29   ","count":625,"tested":3906},{"age_group":"30-39   ","count":572,"tested":3415},{"age_group":"40-49   ","count":558,"tested":3265},{"age_group":"50-59   ","count":585,"tested":4115},{"age_group":"60-69   ","count":458,"tested":3192},{"age_group":"70-79   ","count":324,"tested":1636},{"age_group":"80+","count":328,"tested":1830}],"race":[{"description":"Hispanic","count":549,"tested":1330,"color":"rgb(214,39,40)"},{"description":"White","count":1274,"tested":11221,"color":"rgb(31,119,180)"},{"description":"Left Blank","count":909,"tested":10936,"color":"rgb(44,160,44)"},{"description":"Asian","count":266,"tested":243,"color":"rgb(140,86,75)"},{"description":"Black","count":256,"tested":216,"color":"rgb(255,127,14)"},{"description":"Other","count":278,"tested":406,"color":"rgb(148,103,189)"}],"gender":[{"description":"Female","count":1379,"tested":13816,"color":"rgb(255,127,14)"},{"description":"Male","count":1236,"tested":10324,"color":"rgb(31,119,180)"},{"description":"Unknown/Left Blank","count":237,"tested":266,"color":"rgb(44,160,44)"}]}
