{"age":[{"age_group":"<20","count":426,"tested":2500},{"age_group":"20-29   ","count":524,"tested":3630},{"age_group":"30-39   ","count":431,"tested":3042},{"age_group":"40-49   ","count":444,"tested":2919},{"age_group":"50-59   ","count":449,"tested":3537},{"age_group":"60-69   ","count":387,"tested":3177},{"age_group":"70-79   ","count":288,"tested":1963},{"age_group":"80+","count":262,"tested":1599}],"race":[{"description":"Hispanic","count":656,"tested":2312,"color":"rgb(214,39,40)"},{"description":"Left Blank","count":596,"tested":9365,"color":"rgb(44,160,44)"},{"description":"Asian","count":204,"tested":369,"color":"rgb(140,86,75)"},{"description":"White","count":959,"tested":9589,"color":"rgb(31,119,180)"},{"description":"Black","count":222,"tested":378,"color":"rgb(255,127,14)"},{"description":"Other","count":213,"tested":318,"color":"rgb(148,103,189)"}],"gender":[{"description":"Female","count":1110,"tested":12766,"color":"rgb(255,127,14)"},{"description":"Male","count":1025,"tested":9293,"color":"rgb(31,119,180)"},{"description":"Unknown/Left Blank","count":186,"tested":309,"color":"rgb(44,160,44)"}]}
