{"age":[{"age_group":"<20","count":442,"tested":4114},{"age_group":"20-29   ","count":407,"tested":4096},{"age_group":"30-39   ","count":245,"tested":2684},{"age_group":"40-49   ","count":337,"tested":3497},{"age_group":"50-59   ","count":401,"tested":4557},{"age_group":"60-69   ","count":216,"tested":2603},{"age_group":"70-79   ","count":133,"tested":1448},{"age_group":"80+","count":103,"tested":915}],"race":[{"description":"Other","count":120,"tested":779,"color":"rgb(148,103,189)"},{"description":"Black","count":123,"tested":780,"color":"rgb(255,127,14)"},{"description":"Asian","count":190,"tested":2258,"color":"rgb(140,86,75)"},{"description":"White","count":677,"tested":8152,"color":"rgb(31,119,180)"},{"description":"Left Blank","count":885,"tested":11339,"color":"rgb(44,160,44)"},{"description":"Hispanic","count":136,"tested":548,"color":"rgb(214,39,40)"}],"gender":[{"description":"Female","count":929,"tested":13256,"color":"rgb(255,127,14)"},{"description":"Male","count":887,"tested":10521,"color":"rgb(31,119,180)"},{"description":"Unknown/Left Blank","count":93,"tested":142,"color":"rgb(44,160,44)"}]}
