{"age":[{"age_group":"<20","count":159,"tested":1179},{"age_group":"20-29   ","count":185,"tested":1667},{"age_group":"30-39   ","count":108,"tested":1635},{"age_group":"40-49   ","count":173,"tested":1727},{"age_group":"50-59   ","count":176,"tested":2223},{"age_group":"60-69   ","count":131,"tested":1934},{"age_group":"70-79   ","count":86,"tested":2374},{"age_group":"80+","count":110,"tested":3550}],"race":[{"description":"Asian","count":36,"tested":67,"color":"rgb(140,86,75)"},{"description":"White","count":597,"tested":11296,"color":"rgb(31,119,180)"},{"description":"Left Blank","count":291,"tested":3011,"color":"rgb(44,160,44)"},{"description":"Hispanic","count":52,"tested":352,"color":"rgb(214,39,40)"},{"description":"Black","count":49,"tested":1256,"color":"rgb(255,127,14)"},{"description":"Other","count":51,"tested":302,"color":"rgb(148,103,189)"}],"gender":[{"description":"Female","count":498,"tested":7510,"color":"rgb(255,127,14)"},{"description":"Male","count":471,"tested":6793,"color":"rgb(31,119,180)"}]}
