{"age":[{"age_group":"<20","count":282,"tested":1309},{"age_group":"20-29   ","count":307,"tested":1418},{"age_group":"30-39   ","count":288,"tested":1322},{"age_group":"40-49   ","count":297,"tested":1165},{"age_group":"50-59   ","count":251,"tested":1013},{"age_group":"60-69   ","count":201,"tested":930},{"age_group":"70-79   ","count":166,"tested":614},{"age_group":"80+","count":144,"tested":415}],"race":[{"description":"White","count":368,"tested":3602,"color":"rgb(31,119,180)"},{"description":"Hispanic","count":640,"tested":2421,"color":"rgb(214,39,40)"},{"description":"Other","count":133,"tested":96,"color":"rgb(148,103,189)"},{"description":"Left Blank","count":301,"tested":2006,"color":"rgb(44,160,44)"}],"gender":[{"description":"Male","count":575,"tested":3338,"color":"rgb(31,119,180)"},{"description":"Female","count":626,"tested":4799,"color":"rgb(255,127,14)"}]}
