{"lastUpdatedDate":{"year":2021,"month":6,"day":21},"county_demographics":[{"County":"Will","confirmed_cases":76963,"total_tested":1066920,"demographics":{"age":[{"race":[],"age_group":"<20","count":12960,"tested":138666,"deaths":0},{"race":[],"age_group":"20-29   ","count":13688,"tested":174281,"deaths":0},{"race":[],"age_group":"30-39   ","count":11732,"tested":162475,"deaths":0},{"race":[],"age_group":"40-49   ","count":13053,"tested":166126,"deaths":0},{"race":[],"age_group":"50-59   ","count":12775,"tested":171894,"deaths":0},{"race":[],"age_group":"60-69   ","count":7082,"tested":117850,"deaths":0},{"race":[],"age_group":"70-79   ","count":3437,"tested":69911,"deaths":0},{"race":[],"age_group":"80+","count":2208,"tested":63374,"deaths":0},{"race":[],"age_group":"Unknown","count":27,"tested":2343,"deaths":0}],"race":[{"description":"AI/AN**","count":225,"tested":1665,"deaths":0,"color":"rgb(31,119,180)"},{"description":"Asian","count":1758,"tested":30148,"deaths":0,"color":"rgb(140,86,75)"},{"description":"Black","count":6795,"tested":86781,"deaths":0,"color":"rgb(255,127,14)"},{"description":"Hispanic","count":11999,"tested":74092,"deaths":0,"color":"rgb(214,39,40)"},{"description":"Left Blank","count":23580,"tested":492414,"deaths":0,"color":"rgb(44,160,44)"},{"description":"NH/PI*","count":62,"tested":806,"deaths":0,"color":"rgb(127,127,127)"},{"description":"Other","count":2643,"tested":36125,"deaths":0,"color":"rgb(148,103,189)"},{"description":"White","count":29901,"tested":344889,"deaths":0,"color":"rgb(31,119,180)"}],"gender":[{"description":"Female","count":39300,"tested":558406,"deaths":0,"color":"rgb(255,127,14)"},{"description":"Male","count":36725,"tested":453337,"deaths":0,"color":"rgb(31,119,180)"},{"description":"Unknown/Left Blank","count":938,"tested":55177,"deaths":0,"color":"rgb(44,160,44)"}]}}]}
