{"lastUpdatedDate":{"year":2021,"month":6,"day":21},"county_demographics":[{"County":"Cass","confirmed_cases":2035,"total_tested":23025,"demographics":{"age":[{"race":[],"age_group":"<20","count":389,"tested":4163,"deaths":0},{"race":[],"age_group":"20-29   ","count":340,"tested":3500,"deaths":0},{"race":[],"age_group":"30-39   ","count":320,"tested":3349,"deaths":0},{"race":[],"age_group":"40-49   ","count":294,"tested":3629,"deaths":0},{"race":[],"age_group":"50-59   ","count":266,"tested":3402,"deaths":0},{"race":[],"age_group":"60-69   ","count":205,"tested":2151,"deaths":0},{"race":[],"age_group":"70-79   ","count":120,"tested":1519,"deaths":0},{"race":[],"age_group":"80+","count":101,"tested":1309,"deaths":0},{"race":[],"age_group":"Unknown","count":0,"tested":0,"deaths":0}],"race":[{"description":"AI/AN**","count":0,"tested":21,"deaths":0,"color":"rgb(31,119,180)"},{"description":"Asian","count":14,"tested":74,"deaths":0,"color":"rgb(140,86,75)"},{"description":"Black","count":61,"tested":693,"deaths":0,"color":"rgb(255,127,14)"},{"description":"Hispanic","count":713,"tested":3177,"deaths":0,"color":"rgb(214,39,40)"},{"description":"Left Blank","count":49,"tested":6325,"deaths":0,"color":"rgb(44,160,44)"},{"description":"NH/PI*","count":0,"tested":19,"deaths":0,"color":"rgb(127,127,127)"},{"description":"Other","count":6,"tested":1333,"deaths":0,"color":"rgb(148,103,189)"},{"description":"White","count":1183,"tested":11383,"deaths":0,"color":"rgb(31,119,180)"}],"gender":[{"description":"Female","count":1102,"tested":13212,"deaths":0,"color":"rgb(255,127,14)"},{"description":"Male","count":925,"tested":8778,"deaths":0,"color":"rgb(31,119,180)"},{"description":"Unknown/Left Blank","count":7,"tested":1035,"deaths":0,"color":"rgb(44,160,44)"}]}}]}
