{"lastUpdatedDate":{"year":2021,"month":6,"day":21},"county_demographics":[{"County":"Gallatin","confirmed_cases":470,"total_tested":4761,"demographics":{"age":[{"race":[],"age_group":"<20","count":60,"tested":828,"deaths":0},{"race":[],"age_group":"20-29   ","count":72,"tested":717,"deaths":0},{"race":[],"age_group":"30-39   ","count":61,"tested":735,"deaths":0},{"race":[],"age_group":"40-49   ","count":66,"tested":615,"deaths":0},{"race":[],"age_group":"50-59   ","count":62,"tested":711,"deaths":0},{"race":[],"age_group":"60-69   ","count":60,"tested":548,"deaths":0},{"race":[],"age_group":"70-79   ","count":58,"tested":450,"deaths":0},{"race":[],"age_group":"80+","count":22,"tested":154,"deaths":0},{"race":[],"age_group":"Unknown","count":0,"tested":0,"deaths":0}],"race":[{"description":"AI/AN**","count":0,"tested":0,"deaths":0,"color":"rgb(31,119,180)"},{"description":"Asian","count":0,"tested":0,"deaths":0,"color":"rgb(140,86,75)"},{"description":"Black","count":0,"tested":33,"deaths":0,"color":"rgb(255,127,14)"},{"description":"Hispanic","count":9,"tested":36,"deaths":0,"color":"rgb(214,39,40)"},{"description":"Left Blank","count":104,"tested":2213,"deaths":0,"color":"rgb(44,160,44)"},{"description":"NH/PI*","count":0,"tested":0,"deaths":0,"color":"rgb(127,127,127)"},{"description":"Other","count":0,"tested":26,"deaths":0,"color":"rgb(148,103,189)"},{"description":"White","count":350,"tested":2448,"deaths":0,"color":"rgb(31,119,180)"}],"gender":[{"description":"Female","count":251,"tested":3126,"deaths":0,"color":"rgb(255,127,14)"},{"description":"Male","count":206,"tested":1484,"deaths":0,"color":"rgb(31,119,180)"},{"description":"Unknown/Left Blank","count":11,"tested":151,"deaths":0,"color":"rgb(44,160,44)"}]}}]}
