{"lastUpdatedDate":{"year":2021,"month":6,"day":21},"county_demographics":[{"County":"Kane","confirmed_cases":59457,"total_tested":734561,"demographics":{"age":[{"race":[],"age_group":"<20","count":10832,"tested":105105,"deaths":0},{"race":[],"age_group":"20-29   ","count":10941,"tested":127138,"deaths":0},{"race":[],"age_group":"30-39   ","count":9335,"tested":107726,"deaths":0},{"race":[],"age_group":"40-49   ","count":9843,"tested":101706,"deaths":0},{"race":[],"age_group":"50-59   ","count":9025,"tested":109953,"deaths":0},{"race":[],"age_group":"60-69   ","count":5276,"tested":82994,"deaths":0},{"race":[],"age_group":"70-79   ","count":2445,"tested":52084,"deaths":0},{"race":[],"age_group":"80+","count":1738,"tested":47505,"deaths":0},{"race":[],"age_group":"Unknown","count":22,"tested":350,"deaths":0}],"race":[{"description":"AI/AN**","count":62,"tested":565,"deaths":0,"color":"rgb(31,119,180)"},{"description":"Asian","count":1328,"tested":19472,"deaths":0,"color":"rgb(140,86,75)"},{"description":"Black","count":2301,"tested":29704,"deaths":0,"color":"rgb(255,127,14)"},{"description":"Hispanic","count":19260,"tested":103914,"deaths":0,"color":"rgb(214,39,40)"},{"description":"Left Blank","count":14707,"tested":323448,"deaths":0,"color":"rgb(44,160,44)"},{"description":"NH/PI*","count":45,"tested":642,"deaths":0,"color":"rgb(127,127,127)"},{"description":"Other","count":1547,"tested":18892,"deaths":0,"color":"rgb(148,103,189)"},{"description":"White","count":20207,"tested":237924,"deaths":0,"color":"rgb(31,119,180)"}],"gender":[{"description":"Female","count":30394,"tested":407431,"deaths":0,"color":"rgb(255,127,14)"},{"description":"Male","count":28594,"tested":304757,"deaths":0,"color":"rgb(31,119,180)"},{"description":"Unknown/Left Blank","count":469,"tested":22373,"deaths":0,"color":"rgb(44,160,44)"}]}}]}
