{"lastUpdatedDate":{"year":2021,"month":8,"day":30},"county_demographics":[{"County":"Menard","confirmed_cases":1445,"total_tested":24134,"demographics":{"age":[{"race":[],"age_group":"<20","count":241,"tested":4012,"deaths":0},{"race":[],"age_group":"20-29   ","count":217,"tested":3260,"deaths":0},{"race":[],"age_group":"30-39   ","count":185,"tested":3689,"deaths":0},{"race":[],"age_group":"40-49   ","count":211,"tested":3344,"deaths":0},{"race":[],"age_group":"50-59   ","count":242,"tested":3356,"deaths":0},{"race":[],"age_group":"60-69   ","count":150,"tested":2683,"deaths":0},{"race":[],"age_group":"70-79   ","count":100,"tested":1949,"deaths":0},{"race":[],"age_group":"80+","count":99,"tested":1840,"deaths":0},{"race":[],"age_group":"Unknown","count":0,"tested":0,"deaths":0}],"race":[{"description":"AI/AN**","count":0,"tested":27,"deaths":0,"color":"rgb(31,119,180)"},{"description":"Asian","count":0,"tested":23,"deaths":0,"color":"rgb(140,86,75)"},{"description":"Black","count":0,"tested":136,"deaths":0,"color":"rgb(255,127,14)"},{"description":"Hispanic","count":8,"tested":154,"deaths":0,"color":"rgb(214,39,40)"},{"description":"Left Blank","count":510,"tested":8289,"deaths":0,"color":"rgb(44,160,44)"},{"description":"NH/PI*","count":0,"tested":0,"deaths":0,"color":"rgb(127,127,127)"},{"description":"Other","count":0,"tested":226,"deaths":0,"color":"rgb(148,103,189)"},{"description":"White","count":905,"tested":15275,"deaths":0,"color":"rgb(31,119,180)"}],"gender":[{"description":"Female","count":730,"tested":13889,"deaths":0,"color":"rgb(255,127,14)"},{"description":"Male","count":630,"tested":9314,"deaths":0,"color":"rgb(31,119,180)"},{"description":"Unknown/Left Blank","count":85,"tested":931,"deaths":0,"color":"rgb(44,160,44)"}]}}]}
