{"lastUpdatedDate":{"year":2021,"month":8,"day":30},"county_demographics":[{"County":"Edgar","confirmed_cases":1988,"total_tested":19625,"demographics":{"age":[{"race":[],"age_group":"<20","count":323,"tested":2138,"deaths":0},{"race":[],"age_group":"20-29   ","count":257,"tested":2892,"deaths":0},{"race":[],"age_group":"30-39   ","count":253,"tested":2363,"deaths":0},{"race":[],"age_group":"40-49   ","count":289,"tested":2745,"deaths":0},{"race":[],"age_group":"50-59   ","count":261,"tested":2464,"deaths":0},{"race":[],"age_group":"60-69   ","count":264,"tested":2537,"deaths":0},{"race":[],"age_group":"70-79   ","count":180,"tested":1818,"deaths":0},{"race":[],"age_group":"80+","count":161,"tested":2588,"deaths":0},{"race":[],"age_group":"Unknown","count":0,"tested":80,"deaths":0}],"race":[{"description":"AI/AN**","count":0,"tested":0,"deaths":0,"color":"rgb(31,119,180)"},{"description":"Asian","count":0,"tested":10,"deaths":0,"color":"rgb(140,86,75)"},{"description":"Black","count":0,"tested":133,"deaths":0,"color":"rgb(255,127,14)"},{"description":"Hispanic","count":0,"tested":71,"deaths":0,"color":"rgb(214,39,40)"},{"description":"Left Blank","count":171,"tested":8072,"deaths":0,"color":"rgb(44,160,44)"},{"description":"NH/PI*","count":0,"tested":0,"deaths":0,"color":"rgb(127,127,127)"},{"description":"Other","count":0,"tested":123,"deaths":0,"color":"rgb(148,103,189)"},{"description":"White","count":1802,"tested":11208,"deaths":0,"color":"rgb(31,119,180)"}],"gender":[{"description":"Female","count":737,"tested":12325,"deaths":0,"color":"rgb(255,127,14)"},{"description":"Male","count":574,"tested":6086,"deaths":0,"color":"rgb(31,119,180)"},{"description":"Unknown/Left Blank","count":677,"tested":1214,"deaths":0,"color":"rgb(44,160,44)"}]}}]}
