{"lastUpdatedDate":{"year":2021,"month":8,"day":30},"county_demographics":[{"County":"DuPage","confirmed_cases":99315,"total_tested":1635981,"demographics":{"age":[{"race":[],"age_group":"<20","count":18526,"tested":246715,"deaths":0},{"race":[],"age_group":"20-29   ","count":17131,"tested":257846,"deaths":0},{"race":[],"age_group":"30-39   ","count":15272,"tested":230677,"deaths":0},{"race":[],"age_group":"40-49   ","count":14909,"tested":207337,"deaths":0},{"race":[],"age_group":"50-59   ","count":15100,"tested":233277,"deaths":0},{"race":[],"age_group":"60-69   ","count":9975,"tested":199399,"deaths":0},{"race":[],"age_group":"70-79   ","count":4606,"tested":117725,"deaths":0},{"race":[],"age_group":"80+","count":3792,"tested":141635,"deaths":0},{"race":[],"age_group":"Unknown","count":0,"tested":1370,"deaths":0}],"race":[{"description":"AI/AN**","count":157,"tested":2518,"deaths":0,"color":"rgb(31,119,180)"},{"description":"Asian","count":6532,"tested":93133,"deaths":0,"color":"rgb(140,86,75)"},{"description":"Black","count":4484,"tested":55479,"deaths":0,"color":"rgb(255,127,14)"},{"description":"Hispanic","count":17697,"tested":98793,"deaths":0,"color":"rgb(214,39,40)"},{"description":"Left Blank","count":17220,"tested":766936,"deaths":0,"color":"rgb(44,160,44)"},{"description":"NH/PI*","count":122,"tested":1430,"deaths":0,"color":"rgb(127,127,127)"},{"description":"Other","count":3182,"tested":48872,"deaths":0,"color":"rgb(148,103,189)"},{"description":"White","count":49921,"tested":568820,"deaths":0,"color":"rgb(31,119,180)"}],"gender":[{"description":"Female","count":50587,"tested":919004,"deaths":0,"color":"rgb(255,127,14)"},{"description":"Male","count":48214,"tested":686395,"deaths":0,"color":"rgb(31,119,180)"},{"description":"Unknown/Left Blank","count":514,"tested":30582,"deaths":0,"color":"rgb(44,160,44)"}]}}]}
