{"lastUpdatedDate":{"year":2021,"month":8,"day":30},"county_demographics":[{"County":"Union","confirmed_cases":2788,"total_tested":51847,"demographics":{"age":[{"race":[],"age_group":"<20","count":447,"tested":3887,"deaths":0},{"race":[],"age_group":"20-29   ","count":439,"tested":7232,"deaths":0},{"race":[],"age_group":"30-39   ","count":414,"tested":7940,"deaths":0},{"race":[],"age_group":"40-49   ","count":378,"tested":8232,"deaths":0},{"race":[],"age_group":"50-59   ","count":420,"tested":9570,"deaths":0},{"race":[],"age_group":"60-69   ","count":327,"tested":6246,"deaths":0},{"race":[],"age_group":"70-79   ","count":227,"tested":3756,"deaths":0},{"race":[],"age_group":"80+","count":136,"tested":4977,"deaths":0},{"race":[],"age_group":"Unknown","count":0,"tested":7,"deaths":0}],"race":[{"description":"AI/AN**","count":0,"tested":30,"deaths":0,"color":"rgb(31,119,180)"},{"description":"Asian","count":0,"tested":123,"deaths":0,"color":"rgb(140,86,75)"},{"description":"Black","count":74,"tested":1435,"deaths":0,"color":"rgb(255,127,14)"},{"description":"Hispanic","count":127,"tested":834,"deaths":0,"color":"rgb(214,39,40)"},{"description":"Left Blank","count":377,"tested":17345,"deaths":0,"color":"rgb(44,160,44)"},{"description":"NH/PI*","count":0,"tested":80,"deaths":0,"color":"rgb(127,127,127)"},{"description":"Other","count":18,"tested":283,"deaths":0,"color":"rgb(148,103,189)"},{"description":"White","count":2185,"tested":31717,"deaths":0,"color":"rgb(31,119,180)"}],"gender":[{"description":"Female","count":1410,"tested":26500,"deaths":0,"color":"rgb(255,127,14)"},{"description":"Male","count":1312,"tested":21639,"deaths":0,"color":"rgb(31,119,180)"},{"description":"Unknown/Left Blank","count":66,"tested":3708,"deaths":0,"color":"rgb(44,160,44)"}]}}]}
