{"lastUpdatedDate":{"year":2021,"month":8,"day":30},"county_demographics":[{"County":"Henry","confirmed_cases":5613,"total_tested":84007,"demographics":{"age":[{"race":[],"age_group":"<20","count":986,"tested":11866,"deaths":0},{"race":[],"age_group":"20-29   ","count":776,"tested":11396,"deaths":0},{"race":[],"age_group":"30-39   ","count":826,"tested":12789,"deaths":0},{"race":[],"age_group":"40-49   ","count":842,"tested":12009,"deaths":0},{"race":[],"age_group":"50-59   ","count":849,"tested":13018,"deaths":0},{"race":[],"age_group":"60-69   ","count":675,"tested":9911,"deaths":0},{"race":[],"age_group":"70-79   ","count":344,"tested":5811,"deaths":0},{"race":[],"age_group":"80+","count":315,"tested":7041,"deaths":0},{"race":[],"age_group":"Unknown","count":0,"tested":166,"deaths":0}],"race":[{"description":"AI/AN**","count":0,"tested":33,"deaths":0,"color":"rgb(31,119,180)"},{"description":"Asian","count":0,"tested":95,"deaths":0,"color":"rgb(140,86,75)"},{"description":"Black","count":84,"tested":979,"deaths":0,"color":"rgb(255,127,14)"},{"description":"Hispanic","count":246,"tested":1616,"deaths":0,"color":"rgb(214,39,40)"},{"description":"Left Blank","count":1570,"tested":42665,"deaths":0,"color":"rgb(44,160,44)"},{"description":"NH/PI*","count":0,"tested":20,"deaths":0,"color":"rgb(127,127,127)"},{"description":"Other","count":136,"tested":1690,"deaths":0,"color":"rgb(148,103,189)"},{"description":"White","count":3567,"tested":36909,"deaths":0,"color":"rgb(31,119,180)"}],"gender":[{"description":"Female","count":3059,"tested":48759,"deaths":0,"color":"rgb(255,127,14)"},{"description":"Male","count":2503,"tested":29549,"deaths":0,"color":"rgb(31,119,180)"},{"description":"Unknown/Left Blank","count":51,"tested":5699,"deaths":0,"color":"rgb(44,160,44)"}]}}]}
