{"lastUpdatedDate":{"year":2021,"month":8,"day":30},"county_demographics":[{"County":"Kane","confirmed_cases":63236,"total_tested":826118,"demographics":{"age":[{"race":[],"age_group":"<20","count":11856,"tested":127715,"deaths":0},{"race":[],"age_group":"20-29   ","count":11539,"tested":141509,"deaths":0},{"race":[],"age_group":"30-39   ","count":9960,"tested":120496,"deaths":0},{"race":[],"age_group":"40-49   ","count":10375,"tested":112379,"deaths":0},{"race":[],"age_group":"50-59   ","count":9509,"tested":120847,"deaths":0},{"race":[],"age_group":"60-69   ","count":5539,"tested":91727,"deaths":0},{"race":[],"age_group":"70-79   ","count":2627,"tested":58170,"deaths":0},{"race":[],"age_group":"80+","count":1805,"tested":52758,"deaths":0},{"race":[],"age_group":"Unknown","count":26,"tested":517,"deaths":0}],"race":[{"description":"AI/AN**","count":69,"tested":732,"deaths":0,"color":"rgb(31,119,180)"},{"description":"Asian","count":1402,"tested":22941,"deaths":0,"color":"rgb(140,86,75)"},{"description":"Black","count":2516,"tested":34502,"deaths":0,"color":"rgb(255,127,14)"},{"description":"Hispanic","count":20208,"tested":119712,"deaths":0,"color":"rgb(214,39,40)"},{"description":"Left Blank","count":15211,"tested":353493,"deaths":0,"color":"rgb(44,160,44)"},{"description":"NH/PI*","count":50,"tested":727,"deaths":0,"color":"rgb(127,127,127)"},{"description":"Other","count":1637,"tested":20791,"deaths":0,"color":"rgb(148,103,189)"},{"description":"White","count":22143,"tested":273220,"deaths":0,"color":"rgb(31,119,180)"}],"gender":[{"description":"Female","count":32361,"tested":458212,"deaths":0,"color":"rgb(255,127,14)"},{"description":"Male","count":30528,"tested":344876,"deaths":0,"color":"rgb(31,119,180)"},{"description":"Unknown/Left Blank","count":347,"tested":23030,"deaths":0,"color":"rgb(44,160,44)"}]}}]}
