{"lastUpdatedDate":{"year":2021,"month":8,"day":30},"county_demographics":[{"County":"Boone","confirmed_cases":7272,"total_tested":74624,"demographics":{"age":[{"race":[],"age_group":"<20","count":1416,"tested":12798,"deaths":0},{"race":[],"age_group":"20-29   ","count":1234,"tested":12015,"deaths":0},{"race":[],"age_group":"30-39   ","count":1058,"tested":9914,"deaths":0},{"race":[],"age_group":"40-49   ","count":1212,"tested":10510,"deaths":0},{"race":[],"age_group":"50-59   ","count":1103,"tested":10675,"deaths":0},{"race":[],"age_group":"60-69   ","count":677,"tested":7892,"deaths":0},{"race":[],"age_group":"70-79   ","count":366,"tested":5551,"deaths":0},{"race":[],"age_group":"80+","count":205,"tested":5253,"deaths":0},{"race":[],"age_group":"Unknown","count":0,"tested":16,"deaths":0}],"race":[{"description":"AI/AN**","count":10,"tested":75,"deaths":0,"color":"rgb(31,119,180)"},{"description":"Asian","count":57,"tested":557,"deaths":0,"color":"rgb(140,86,75)"},{"description":"Black","count":138,"tested":1176,"deaths":0,"color":"rgb(255,127,14)"},{"description":"Hispanic","count":2364,"tested":7381,"deaths":0,"color":"rgb(214,39,40)"},{"description":"Left Blank","count":618,"tested":34585,"deaths":0,"color":"rgb(44,160,44)"},{"description":"NH/PI*","count":0,"tested":26,"deaths":0,"color":"rgb(127,127,127)"},{"description":"Other","count":84,"tested":1106,"deaths":0,"color":"rgb(148,103,189)"},{"description":"White","count":3992,"tested":29718,"deaths":0,"color":"rgb(31,119,180)"}],"gender":[{"description":"Female","count":3841,"tested":44589,"deaths":0,"color":"rgb(255,127,14)"},{"description":"Male","count":3425,"tested":29219,"deaths":0,"color":"rgb(31,119,180)"},{"description":"Unknown/Left Blank","count":0,"tested":816,"deaths":0,"color":"rgb(44,160,44)"}]}}]}
