{"lastUpdatedDate":{"year":2021,"month":8,"day":30},"county_demographics":[{"County":"Wayne","confirmed_cases":2335,"total_tested":23061,"demographics":{"age":[{"race":[],"age_group":"<20","count":409,"tested":3497,"deaths":0},{"race":[],"age_group":"20-29   ","count":296,"tested":3831,"deaths":0},{"race":[],"age_group":"30-39   ","count":332,"tested":4013,"deaths":0},{"race":[],"age_group":"40-49   ","count":292,"tested":2916,"deaths":0},{"race":[],"age_group":"50-59   ","count":324,"tested":3133,"deaths":0},{"race":[],"age_group":"60-69   ","count":340,"tested":2444,"deaths":0},{"race":[],"age_group":"70-79   ","count":205,"tested":1564,"deaths":0},{"race":[],"age_group":"80+","count":131,"tested":1648,"deaths":0},{"race":[],"age_group":"Unknown","count":0,"tested":15,"deaths":0}],"race":[{"description":"AI/AN**","count":0,"tested":0,"deaths":0,"color":"rgb(31,119,180)"},{"description":"Asian","count":0,"tested":7,"deaths":0,"color":"rgb(140,86,75)"},{"description":"Black","count":7,"tested":59,"deaths":0,"color":"rgb(255,127,14)"},{"description":"Hispanic","count":21,"tested":237,"deaths":0,"color":"rgb(214,39,40)"},{"description":"Left Blank","count":323,"tested":8151,"deaths":0,"color":"rgb(44,160,44)"},{"description":"NH/PI*","count":0,"tested":0,"deaths":0,"color":"rgb(127,127,127)"},{"description":"Other","count":7,"tested":230,"deaths":0,"color":"rgb(148,103,189)"},{"description":"White","count":1969,"tested":14372,"deaths":0,"color":"rgb(31,119,180)"}],"gender":[{"description":"Female","count":1211,"tested":13745,"deaths":0,"color":"rgb(255,127,14)"},{"description":"Male","count":1107,"tested":8124,"deaths":0,"color":"rgb(31,119,180)"},{"description":"Unknown/Left Blank","count":16,"tested":1192,"deaths":0,"color":"rgb(44,160,44)"}]}}]}
