{"lastUpdatedDate":{"year":2021,"month":8,"day":30},"county_demographics":[{"County":"Hancock","confirmed_cases":2278,"total_tested":23303,"demographics":{"age":[{"race":[],"age_group":"<20","count":403,"tested":3318,"deaths":0},{"race":[],"age_group":"20-29   ","count":306,"tested":3371,"deaths":0},{"race":[],"age_group":"30-39   ","count":298,"tested":3113,"deaths":0},{"race":[],"age_group":"40-49   ","count":294,"tested":2999,"deaths":0},{"race":[],"age_group":"50-59   ","count":333,"tested":3910,"deaths":0},{"race":[],"age_group":"60-69   ","count":318,"tested":3078,"deaths":0},{"race":[],"age_group":"70-79   ","count":200,"tested":1825,"deaths":0},{"race":[],"age_group":"80+","count":126,"tested":1687,"deaths":0},{"race":[],"age_group":"Unknown","count":0,"tested":0,"deaths":0}],"race":[{"description":"AI/AN**","count":0,"tested":15,"deaths":0,"color":"rgb(31,119,180)"},{"description":"Asian","count":0,"tested":15,"deaths":0,"color":"rgb(140,86,75)"},{"description":"Black","count":9,"tested":62,"deaths":0,"color":"rgb(255,127,14)"},{"description":"Hispanic","count":18,"tested":107,"deaths":0,"color":"rgb(214,39,40)"},{"description":"Left Blank","count":1031,"tested":10193,"deaths":0,"color":"rgb(44,160,44)"},{"description":"NH/PI*","count":0,"tested":18,"deaths":0,"color":"rgb(127,127,127)"},{"description":"Other","count":32,"tested":244,"deaths":0,"color":"rgb(148,103,189)"},{"description":"White","count":1174,"tested":12649,"deaths":0,"color":"rgb(31,119,180)"}],"gender":[{"description":"Female","count":1199,"tested":14370,"deaths":0,"color":"rgb(255,127,14)"},{"description":"Male","count":1020,"tested":7844,"deaths":0,"color":"rgb(31,119,180)"},{"description":"Unknown/Left Blank","count":59,"tested":1089,"deaths":0,"color":"rgb(44,160,44)"}]}}]}
