{"lastUpdatedDate":{"year":2021,"month":8,"day":30},"county_demographics":[{"County":"Clay","confirmed_cases":1979,"total_tested":20955,"demographics":{"age":[{"race":[],"age_group":"<20","count":355,"tested":3981,"deaths":0},{"race":[],"age_group":"20-29   ","count":254,"tested":3052,"deaths":0},{"race":[],"age_group":"30-39   ","count":277,"tested":2849,"deaths":0},{"race":[],"age_group":"40-49   ","count":290,"tested":2499,"deaths":0},{"race":[],"age_group":"50-59   ","count":281,"tested":2870,"deaths":0},{"race":[],"age_group":"60-69   ","count":236,"tested":2517,"deaths":0},{"race":[],"age_group":"70-79   ","count":185,"tested":1797,"deaths":0},{"race":[],"age_group":"80+","count":101,"tested":1385,"deaths":0},{"race":[],"age_group":"Unknown","count":0,"tested":0,"deaths":0}],"race":[{"description":"AI/AN**","count":0,"tested":30,"deaths":0,"color":"rgb(31,119,180)"},{"description":"Asian","count":0,"tested":50,"deaths":0,"color":"rgb(140,86,75)"},{"description":"Black","count":10,"tested":63,"deaths":0,"color":"rgb(255,127,14)"},{"description":"Hispanic","count":13,"tested":115,"deaths":0,"color":"rgb(214,39,40)"},{"description":"Left Blank","count":76,"tested":4375,"deaths":0,"color":"rgb(44,160,44)"},{"description":"NH/PI*","count":0,"tested":0,"deaths":0,"color":"rgb(127,127,127)"},{"description":"Other","count":9,"tested":287,"deaths":0,"color":"rgb(148,103,189)"},{"description":"White","count":1857,"tested":16033,"deaths":0,"color":"rgb(31,119,180)"}],"gender":[{"description":"Female","count":1073,"tested":11996,"deaths":0,"color":"rgb(255,127,14)"},{"description":"Male","count":903,"tested":8195,"deaths":0,"color":"rgb(31,119,180)"},{"description":"Unknown/Left Blank","count":0,"tested":764,"deaths":0,"color":"rgb(44,160,44)"}]}}]}
