{"lastUpdatedDate":{"year":2021,"month":4,"day":23},"county_demographics":[{"County":"Putnam","confirmed_cases":454,"total_tested":6224,"demographics":{"age":[{"race":[],"age_group":"<20","count":57,"tested":683,"deaths":0},{"race":[],"age_group":"20-29   ","count":72,"tested":721,"deaths":0},{"race":[],"age_group":"30-39   ","count":65,"tested":1067,"deaths":0},{"race":[],"age_group":"40-49   ","count":60,"tested":986,"deaths":0},{"race":[],"age_group":"50-59   ","count":87,"tested":1334,"deaths":0},{"race":[],"age_group":"60-69   ","count":66,"tested":901,"deaths":0},{"race":[],"age_group":"70-79   ","count":30,"tested":369,"deaths":0},{"race":[],"age_group":"80+","count":11,"tested":162,"deaths":0},{"race":[],"age_group":"Unknown","count":0,"tested":0,"deaths":0}],"race":[{"description":"Asian","count":0,"tested":0,"deaths":0,"color":"rgb(140,86,75)"},{"description":"Black","count":0,"tested":17,"deaths":0,"color":"rgb(255,127,14)"},{"description":"Hispanic","count":14,"tested":149,"deaths":0,"color":"rgb(214,39,40)"},{"description":"Left Blank","count":179,"tested":2878,"deaths":0,"color":"rgb(44,160,44)"},{"description":"NH/PI*","count":0,"tested":51,"deaths":0,"color":"rgb(127,127,127)"},{"description":"Other","count":0,"tested":53,"deaths":0,"color":"rgb(148,103,189)"},{"description":"White","count":250,"tested":3073,"deaths":0,"color":"rgb(31,119,180)"}],"gender":[{"description":"Female","count":245,"tested":3673,"deaths":0,"color":"rgb(255,127,14)"},{"description":"Male","count":192,"tested":1690,"deaths":0,"color":"rgb(31,119,180)"},{"description":"Unknown/Left Blank","count":12,"tested":861,"deaths":0,"color":"rgb(44,160,44)"}]}}]}
