{"lastUpdatedDate":{"year":2021,"month":4,"day":23},"county_demographics":[{"County":"Crawford","confirmed_cases":2095,"total_tested":34428,"demographics":{"age":[{"race":[],"age_group":"<20","count":298,"tested":3418,"deaths":0},{"race":[],"age_group":"20-29   ","count":304,"tested":4685,"deaths":0},{"race":[],"age_group":"30-39   ","count":326,"tested":6978,"deaths":0},{"race":[],"age_group":"40-49   ","count":287,"tested":5970,"deaths":0},{"race":[],"age_group":"50-59   ","count":307,"tested":5040,"deaths":0},{"race":[],"age_group":"60-69   ","count":241,"tested":2913,"deaths":0},{"race":[],"age_group":"70-79   ","count":198,"tested":1659,"deaths":0},{"race":[],"age_group":"80+","count":133,"tested":1535,"deaths":0},{"race":[],"age_group":"Unknown","count":0,"tested":2230,"deaths":0}],"race":[{"description":"AI/AN**","count":0,"tested":0,"deaths":0,"color":"rgb(31,119,180)"},{"description":"Asian","count":0,"tested":39,"deaths":0,"color":"rgb(140,86,75)"},{"description":"Black","count":157,"tested":466,"deaths":0,"color":"rgb(255,127,14)"},{"description":"Hispanic","count":38,"tested":129,"deaths":0,"color":"rgb(214,39,40)"},{"description":"Left Blank","count":203,"tested":19176,"deaths":0,"color":"rgb(44,160,44)"},{"description":"NH/PI*","count":0,"tested":0,"deaths":0,"color":"rgb(127,127,127)"},{"description":"Other","count":18,"tested":557,"deaths":0,"color":"rgb(148,103,189)"},{"description":"White","count":1664,"tested":14058,"deaths":0,"color":"rgb(31,119,180)"}],"gender":[{"description":"Female","count":990,"tested":12068,"deaths":0,"color":"rgb(255,127,14)"},{"description":"Male","count":1049,"tested":10735,"deaths":0,"color":"rgb(31,119,180)"},{"description":"Unknown/Left Blank","count":56,"tested":11625,"deaths":0,"color":"rgb(44,160,44)"}]}}]}
