{"lastUpdatedDate":{"year":2021,"month":4,"day":23},"county_demographics":[{"County":"Fulton","confirmed_cases":3702,"total_tested":80633,"demographics":{"age":[{"race":[],"age_group":"<20","count":707,"tested":8560,"deaths":0},{"race":[],"age_group":"20-29   ","count":611,"tested":12338,"deaths":0},{"race":[],"age_group":"30-39   ","count":507,"tested":13462,"deaths":0},{"race":[],"age_group":"40-49   ","count":570,"tested":12179,"deaths":0},{"race":[],"age_group":"50-59   ","count":487,"tested":12134,"deaths":0},{"race":[],"age_group":"60-69   ","count":402,"tested":8148,"deaths":0},{"race":[],"age_group":"70-79   ","count":223,"tested":4516,"deaths":0},{"race":[],"age_group":"80+","count":174,"tested":5119,"deaths":0},{"race":[],"age_group":"Unknown","count":0,"tested":4177,"deaths":0}],"race":[{"description":"AI/AN**","count":0,"tested":21,"deaths":0,"color":"rgb(31,119,180)"},{"description":"Asian","count":0,"tested":29,"deaths":0,"color":"rgb(140,86,75)"},{"description":"Black","count":97,"tested":676,"deaths":0,"color":"rgb(255,127,14)"},{"description":"Hispanic","count":49,"tested":213,"deaths":0,"color":"rgb(214,39,40)"},{"description":"Left Blank","count":2567,"tested":61663,"deaths":0,"color":"rgb(44,160,44)"},{"description":"NH/PI*","count":0,"tested":0,"deaths":0,"color":"rgb(127,127,127)"},{"description":"Other","count":29,"tested":358,"deaths":0,"color":"rgb(148,103,189)"},{"description":"White","count":953,"tested":17670,"deaths":0,"color":"rgb(31,119,180)"}],"gender":[{"description":"Female","count":1807,"tested":40399,"deaths":0,"color":"rgb(255,127,14)"},{"description":"Male","count":1777,"tested":26786,"deaths":0,"color":"rgb(31,119,180)"},{"description":"Unknown/Left Blank","count":117,"tested":13448,"deaths":0,"color":"rgb(44,160,44)"}]}}]}
