{"lastUpdatedDate":{"year":2021,"month":4,"day":23},"county_demographics":[{"County":"Whiteside","confirmed_cases":6954,"total_tested":71965,"demographics":{"age":[{"race":[],"age_group":"<20","count":1046,"tested":11078,"deaths":0},{"race":[],"age_group":"20-29   ","count":1052,"tested":11096,"deaths":0},{"race":[],"age_group":"30-39   ","count":1015,"tested":11234,"deaths":0},{"race":[],"age_group":"40-49   ","count":982,"tested":10041,"deaths":0},{"race":[],"age_group":"50-59   ","count":1103,"tested":10873,"deaths":0},{"race":[],"age_group":"60-69   ","count":864,"tested":8543,"deaths":0},{"race":[],"age_group":"70-79   ","count":464,"tested":4414,"deaths":0},{"race":[],"age_group":"80+","count":423,"tested":4638,"deaths":0},{"race":[],"age_group":"Unknown","count":0,"tested":48,"deaths":0}],"race":[{"description":"AI/AN**","count":0,"tested":33,"deaths":0,"color":"rgb(31,119,180)"},{"description":"Asian","count":14,"tested":192,"deaths":0,"color":"rgb(140,86,75)"},{"description":"Black","count":155,"tested":1771,"deaths":0,"color":"rgb(255,127,14)"},{"description":"Hispanic","count":422,"tested":2582,"deaths":0,"color":"rgb(214,39,40)"},{"description":"Left Blank","count":1723,"tested":32869,"deaths":0,"color":"rgb(44,160,44)"},{"description":"NH/PI*","count":0,"tested":10,"deaths":0,"color":"rgb(127,127,127)"},{"description":"Other","count":334,"tested":1943,"deaths":0,"color":"rgb(148,103,189)"},{"description":"White","count":4294,"tested":32565,"deaths":0,"color":"rgb(31,119,180)"}],"gender":[{"description":"Female","count":3690,"tested":42812,"deaths":0,"color":"rgb(255,127,14)"},{"description":"Male","count":3104,"tested":24909,"deaths":0,"color":"rgb(31,119,180)"},{"description":"Unknown/Left Blank","count":159,"tested":4244,"deaths":0,"color":"rgb(44,160,44)"}]}}]}
