{"lastUpdatedDate":{"year":2021,"month":4,"day":23},"county_demographics":[{"County":"Piatt","confirmed_cases":1425,"total_tested":30821,"demographics":{"age":[{"race":[],"age_group":"<20","count":267,"tested":6657,"deaths":0},{"race":[],"age_group":"20-29   ","count":186,"tested":4320,"deaths":0},{"race":[],"age_group":"30-39   ","count":217,"tested":4111,"deaths":0},{"race":[],"age_group":"40-49   ","count":225,"tested":3874,"deaths":0},{"race":[],"age_group":"50-59   ","count":205,"tested":3934,"deaths":0},{"race":[],"age_group":"60-69   ","count":186,"tested":3499,"deaths":0},{"race":[],"age_group":"70-79   ","count":81,"tested":2057,"deaths":0},{"race":[],"age_group":"80+","count":57,"tested":2364,"deaths":0},{"race":[],"age_group":"Unknown","count":0,"tested":0,"deaths":0}],"race":[{"description":"AI/AN**","count":0,"tested":41,"deaths":0,"color":"rgb(31,119,180)"},{"description":"Asian","count":0,"tested":151,"deaths":0,"color":"rgb(140,86,75)"},{"description":"Black","count":10,"tested":175,"deaths":0,"color":"rgb(255,127,14)"},{"description":"Hispanic","count":10,"tested":256,"deaths":0,"color":"rgb(214,39,40)"},{"description":"Left Blank","count":251,"tested":8733,"deaths":0,"color":"rgb(44,160,44)"},{"description":"NH/PI*","count":0,"tested":6,"deaths":0,"color":"rgb(127,127,127)"},{"description":"Other","count":24,"tested":673,"deaths":0,"color":"rgb(148,103,189)"},{"description":"White","count":1124,"tested":20786,"deaths":0,"color":"rgb(31,119,180)"}],"gender":[{"description":"Female","count":744,"tested":18206,"deaths":0,"color":"rgb(255,127,14)"},{"description":"Male","count":680,"tested":12093,"deaths":0,"color":"rgb(31,119,180)"},{"description":"Unknown/Left Blank","count":0,"tested":522,"deaths":0,"color":"rgb(44,160,44)"}]}}]}
