{"lastUpdatedDate":{"year":2021,"month":4,"day":23},"county_demographics":[{"County":"Logan","confirmed_cases":3683,"total_tested":85762,"demographics":{"age":[{"race":[],"age_group":"<20","count":452,"tested":7760,"deaths":0},{"race":[],"age_group":"20-29   ","count":587,"tested":14593,"deaths":0},{"race":[],"age_group":"30-39   ","count":720,"tested":17940,"deaths":0},{"race":[],"age_group":"40-49   ","count":566,"tested":13674,"deaths":0},{"race":[],"age_group":"50-59   ","count":514,"tested":11557,"deaths":0},{"race":[],"age_group":"60-69   ","count":391,"tested":7651,"deaths":0},{"race":[],"age_group":"70-79   ","count":234,"tested":4204,"deaths":0},{"race":[],"age_group":"80+","count":217,"tested":5655,"deaths":0},{"race":[],"age_group":"Unknown","count":0,"tested":2728,"deaths":0}],"race":[{"description":"AI/AN**","count":0,"tested":21,"deaths":0,"color":"rgb(31,119,180)"},{"description":"Asian","count":14,"tested":84,"deaths":0,"color":"rgb(140,86,75)"},{"description":"Black","count":362,"tested":1464,"deaths":0,"color":"rgb(255,127,14)"},{"description":"Hispanic","count":105,"tested":455,"deaths":0,"color":"rgb(214,39,40)"},{"description":"Left Blank","count":517,"tested":57732,"deaths":0,"color":"rgb(44,160,44)"},{"description":"NH/PI*","count":0,"tested":58,"deaths":0,"color":"rgb(127,127,127)"},{"description":"Other","count":25,"tested":648,"deaths":0,"color":"rgb(148,103,189)"},{"description":"White","count":2650,"tested":25300,"deaths":0,"color":"rgb(31,119,180)"}],"gender":[{"description":"Female","count":1953,"tested":45322,"deaths":0,"color":"rgb(255,127,14)"},{"description":"Male","count":1519,"tested":21163,"deaths":0,"color":"rgb(31,119,180)"},{"description":"Unknown/Left Blank","count":211,"tested":19277,"deaths":0,"color":"rgb(44,160,44)"}]}}]}
