{"age":[{"age_group":"<20","count":83,"tested":1290},{"age_group":"20-29   ","count":565,"tested":9215},{"age_group":"30-39   ","count":514,"tested":10035},{"age_group":"40-49   ","count":169,"tested":2606},{"age_group":"50-59   ","count":118,"tested":1594},{"age_group":"60-69   ","count":89,"tested":1110},{"age_group":"70-79   ","count":52,"tested":605},{"age_group":"80+","count":42,"tested":269}],"race":[{"description":"Black","count":126,"tested":1483,"color":"rgb(255,127,14)"},{"description":"Asian","count":31,"tested":845,"color":"rgb(140,86,75)"},{"description":"Hispanic","count":322,"tested":2292,"color":"rgb(214,39,40)"},{"description":"White","count":535,"tested":8483,"color":"rgb(31,119,180)"},{"description":"Other","count":78,"tested":1333,"color":"rgb(148,103,189)"},{"description":"Left Blank","count":535,"tested":12249,"color":"rgb(44,160,44)"}],"gender":[{"description":"Female","count":770,"tested":13985,"color":"rgb(255,127,14)"},{"description":"Male","count":791,"tested":12331,"color":"rgb(31,119,180)"},{"description":"Unknown/Left Blank","count":71,"tested":414,"color":"rgb(44,160,44)"}]}
