{"age":[{"age_group":"<20","count":98,"tested":754},{"age_group":"20-29   ","count":115,"tested":1050},{"age_group":"30-39   ","count":78,"tested":689},{"age_group":"40-49   ","count":116,"tested":710},{"age_group":"50-59   ","count":108,"tested":876},{"age_group":"60-69   ","count":108,"tested":1247},{"age_group":"70-79   ","count":62,"tested":1145},{"age_group":"80+","count":64,"tested":2022}],"race":[{"description":"White","count":318,"tested":2934,"color":"rgb(31,119,180)"},{"description":"Other","count":25,"tested":223,"color":"rgb(148,103,189)"},{"description":"Left Blank","count":367,"tested":5021,"color":"rgb(44,160,44)"},{"description":"Black","count":7,"tested":38,"color":"rgb(255,127,14)"},{"description":"Hispanic","count":25,"tested":194,"color":"rgb(214,39,40)"},{"description":"Asian","count":6,"tested":79,"color":"rgb(140,86,75)"}],"gender":[{"description":"Female","count":410,"tested":5134,"color":"rgb(255,127,14)"},{"description":"Male","count":331,"tested":3315,"color":"rgb(31,119,180)"}]}
