{"age":[{"age_group":"<20","count":302,"tested":3135},{"age_group":"20-29   ","count":323,"tested":3419},{"age_group":"30-39   ","count":261,"tested":3520},{"age_group":"40-49   ","count":231,"tested":2755},{"age_group":"50-59   ","count":253,"tested":3560},{"age_group":"60-69   ","count":236,"tested":3470},{"age_group":"70-79   ","count":82,"tested":2075},{"age_group":"80+","count":82,"tested":2636}],"race":[{"description":"Hispanic","count":127,"tested":488,"color":"rgb(214,39,40)"},{"description":"Asian","count":52,"tested":464,"color":"rgb(140,86,75)"},{"description":"Left Blank","count":547,"tested":13812,"color":"rgb(44,160,44)"},{"description":"White","count":931,"tested":8635,"color":"rgb(31,119,180)"},{"description":"Black","count":55,"tested":517,"color":"rgb(255,127,14)"},{"description":"Other","count":56,"tested":674,"color":"rgb(148,103,189)"}],"gender":[{"description":"Unknown/Left Blank","count":12,"tested":392,"color":"rgb(44,160,44)"},{"description":"Male","count":833,"tested":10395,"color":"rgb(31,119,180)"},{"description":"Female","count":925,"tested":13816,"color":"rgb(255,127,14)"}]}
