{"age":[{"age_group":"<20","count":327,"tested":4023},{"age_group":"20-29   ","count":434,"tested":4827},{"age_group":"30-39   ","count":364,"tested":4123},{"age_group":"40-49   ","count":338,"tested":3468},{"age_group":"50-59   ","count":347,"tested":4001},{"age_group":"60-69   ","count":234,"tested":3015},{"age_group":"70-79   ","count":124,"tested":1338},{"age_group":"80+","count":80,"tested":1285}],"race":[{"description":"Hispanic","count":190,"tested":998,"color":"rgb(214,39,40)"},{"description":"Black","count":113,"tested":980,"color":"rgb(255,127,14)"},{"description":"Asian","count":41,"tested":407,"color":"rgb(140,86,75)"},{"description":"White","count":1397,"tested":10977,"color":"rgb(31,119,180)"},{"description":"Other","count":20,"tested":306,"color":"rgb(148,103,189)"},{"description":"Left Blank","count":487,"tested":12318,"color":"rgb(44,160,44)"}],"gender":[{"description":"Male","count":1014,"tested":10010,"color":"rgb(31,119,180)"},{"description":"Unknown/Left Blank","count":11,"tested":446,"color":"rgb(44,160,44)"},{"description":"Female","count":1224,"tested":15626,"color":"rgb(255,127,14)"}]}
