{"age":[{"age_group":"<20","count":340,"tested":5010},{"age_group":"20-29   ","count":1231,"tested":23012},{"age_group":"30-39   ","count":1240,"tested":26287},{"age_group":"40-49   ","count":519,"tested":8614},{"age_group":"50-59   ","count":375,"tested":5368},{"age_group":"60-69   ","count":257,"tested":3463},{"age_group":"70-79   ","count":148,"tested":1865},{"age_group":"80+","count":136,"tested":1294}],"race":[{"description":"Asian","count":62,"tested":1990,"color":"rgb(140,86,75)"},{"description":"Left Blank","count":1431,"tested":35023,"color":"rgb(44,160,44)"},{"description":"White","count":1314,"tested":25083,"color":"rgb(31,119,180)"},{"description":"Hispanic","count":1030,"tested":6842,"color":"rgb(214,39,40)"},{"description":"Other","count":181,"tested":3223,"color":"rgb(148,103,189)"},{"description":"Black","count":224,"tested":2681,"color":"rgb(255,127,14)"}],"gender":[{"description":"Female","count":2113,"tested":40247,"color":"rgb(255,127,14)"},{"description":"Unknown/Left Blank","count":119,"tested":1520,"color":"rgb(44,160,44)"},{"description":"Male","count":2016,"tested":33175,"color":"rgb(31,119,180)"}]}
