{"age":[{"age_group":"<20","count":39,"tested":445},{"age_group":"20-29   ","count":51,"tested":479},{"age_group":"30-39   ","count":47,"tested":526},{"age_group":"40-49   ","count":35,"tested":408},{"age_group":"50-59   ","count":62,"tested":617},{"age_group":"60-69   ","count":48,"tested":470},{"age_group":"70-79   ","count":8,"tested":270}],"race":[{"description":"Hispanic","count":23,"tested":117,"color":"rgb(214,39,40)"},{"description":"White","count":145,"tested":2126,"color":"rgb(31,119,180)"},{"description":"Left Blank","count":116,"tested":1363,"color":"rgb(44,160,44)"}],"gender":[{"description":"Male","count":132,"tested":1558,"color":"rgb(31,119,180)"},{"description":"Female","count":156,"tested":2106,"color":"rgb(255,127,14)"}]}
