{"age":[{"age_group":"20-29   ","count":7,"tested":75},{"age_group":"40-49   ","count":14,"tested":93},{"age_group":"50-59   ","count":10,"tested":121},{"age_group":"60-69   ","count":6,"tested":85}],"race":[{"description":"White","count":29,"tested":387,"color":"rgb(31,119,180)"},{"description":"Left Blank","count":18,"tested":235,"color":"rgb(44,160,44)"}],"gender":[{"description":"Female","count":29,"tested":376,"color":"rgb(255,127,14)"},{"description":"Male","count":20,"tested":269,"color":"rgb(31,119,180)"}]}
