{"age":[{"age_group":"<20","count":38,"tested":274},{"age_group":"20-29   ","count":33,"tested":259},{"age_group":"30-39   ","count":19,"tested":223},{"age_group":"40-49   ","count":17,"tested":198},{"age_group":"50-59   ","count":27,"tested":340},{"age_group":"60-69   ","count":35,"tested":361},{"age_group":"70-79   ","count":17,"tested":229},{"age_group":"80+","count":6,"tested":76}],"race":[{"description":"Left Blank","count":13,"tested":223,"color":"rgb(44,160,44)"},{"description":"Hispanic","count":7,"tested":43,"color":"rgb(214,39,40)"},{"description":"White","count":160,"tested":1626,"color":"rgb(31,119,180)"},{"description":"Black","count":8,"tested":33,"color":"rgb(255,127,14)"}],"gender":[{"description":"Female","count":99,"tested":1286,"color":"rgb(255,127,14)"},{"description":"Male","count":91,"tested":654,"color":"rgb(31,119,180)"}]}
