{"age":[{"age_group":"<20","count":23,"tested":359},{"age_group":"20-29   ","count":17,"tested":519},{"age_group":"30-39   ","count":21,"tested":274},{"age_group":"40-49   ","count":24,"tested":442},{"age_group":"50-59   ","count":42,"tested":480},{"age_group":"60-69   ","count":27,"tested":609},{"age_group":"70-79   ","count":24,"tested":264},{"age_group":"80+","count":23,"tested":809}],"race":[{"description":"Left Blank","count":76,"tested":2934,"color":"rgb(44,160,44)"},{"description":"White","count":121,"tested":787,"color":"rgb(31,119,180)"}],"gender":[{"description":"Male","count":84,"tested":1082,"color":"rgb(31,119,180)"},{"description":"Female","count":115,"tested":2586,"color":"rgb(255,127,14)"}]}
