{"age":[{"age_group":"<20","count":226,"tested":1713},{"age_group":"20-29   ","count":191,"tested":1934},{"age_group":"30-39   ","count":174,"tested":1843},{"age_group":"40-49   ","count":207,"tested":1496},{"age_group":"50-59   ","count":175,"tested":1804},{"age_group":"60-69   ","count":114,"tested":1486},{"age_group":"70-79   ","count":38,"tested":661},{"age_group":"80+","count":19,"tested":323}],"race":[{"description":"Black","count":18,"tested":224,"color":"rgb(255,127,14)"},{"description":"Asian","count":27,"tested":257,"color":"rgb(140,86,75)"},{"description":"White","count":469,"tested":4478,"color":"rgb(31,119,180)"},{"description":"Other","count":31,"tested":281,"color":"rgb(148,103,189)"},{"description":"Hispanic","count":369,"tested":1290,"color":"rgb(214,39,40)"},{"description":"Left Blank","count":228,"tested":4705,"color":"rgb(44,160,44)"}],"gender":[{"description":"Female","count":581,"tested":6275,"color":"rgb(255,127,14)"},{"description":"Male","count":563,"tested":4913,"color":"rgb(31,119,180)"}]}
