{"age":[{"age_group":"<20","count":316,"tested":3773},{"age_group":"20-29   ","count":303,"tested":4712},{"age_group":"30-39   ","count":335,"tested":4467},{"age_group":"40-49   ","count":380,"tested":4729},{"age_group":"50-59   ","count":359,"tested":5288},{"age_group":"60-69   ","count":324,"tested":5259},{"age_group":"70-79   ","count":150,"tested":2802},{"age_group":"80+","count":164,"tested":3027}],"race":[{"description":"Other","count":133,"tested":1530,"color":"rgb(148,103,189)"},{"description":"Left Blank","count":540,"tested":10419,"color":"rgb(44,160,44)"},{"description":"White","count":1199,"tested":16272,"color":"rgb(31,119,180)"},{"description":"Asian","count":202,"tested":3205,"color":"rgb(140,86,75)"},{"description":"Hispanic","count":230,"tested":2056,"color":"rgb(214,39,40)"},{"description":"Black","count":19,"tested":482,"color":"rgb(255,127,14)"}],"gender":[{"description":"Female","count":1197,"tested":19853,"color":"rgb(255,127,14)"},{"description":"Male","count":1122,"tested":13931,"color":"rgb(31,119,180)"},{"description":"Unknown/Left Blank","count":13,"tested":282,"color":"rgb(44,160,44)"}]}
