{"age":[{"age_group":"<20","count":1086,"tested":8658},{"age_group":"20-29   ","count":1239,"tested":11819},{"age_group":"30-39   ","count":1077,"tested":10314},{"age_group":"40-49   ","count":1114,"tested":9969},{"age_group":"50-59   ","count":1022,"tested":9996},{"age_group":"60-69   ","count":711,"tested":8729},{"age_group":"70-79   ","count":375,"tested":5425},{"age_group":"80+","count":214,"tested":3173}],"race":[{"description":"White","count":617,"tested":5799,"color":"rgb(31,119,180)"},{"description":"Left Blank","count":1789,"tested":23825,"color":"rgb(44,160,44)"},{"description":"Other","count":145,"tested":1522,"color":"rgb(148,103,189)"},{"description":"Asian","count":18,"tested":106,"color":"rgb(140,86,75)"},{"description":"Hispanic","count":2410,"tested":14452,"color":"rgb(214,39,40)"},{"description":"Black","count":1846,"tested":22265,"color":"rgb(255,127,14)"},{"description":"AI/AN**","count":12,"tested":109,"color":"rgb(31,119,180)"}],"gender":[{"description":"Male","count":3154,"tested":28251,"color":"rgb(31,119,180)"},{"description":"Unknown/Left Blank","count":36,"tested":842,"color":"rgb(44,160,44)"},{"description":"Female","count":3648,"tested":39023,"color":"rgb(255,127,14)"}]}
