{"age":[{"age_group":"<20","count":10,"tested":94},{"age_group":"30-39   ","count":11,"tested":68},{"age_group":"40-49   ","count":8,"tested":42},{"age_group":"50-59   ","count":10,"tested":65}],"race":[{"description":"White","count":43,"tested":214,"color":"rgb(31,119,180)"},{"description":"Left Blank","count":6,"tested":154,"color":"rgb(44,160,44)"}],"gender":[{"description":"Female","count":25,"tested":232,"color":"rgb(255,127,14)"},{"description":"Male","count":26,"tested":150,"color":"rgb(31,119,180)"}]}
