{"age":[{"age_group":"<20","count":270,"tested":2403},{"age_group":"20-29   ","count":366,"tested":4562},{"age_group":"30-39   ","count":407,"tested":5055},{"age_group":"40-49   ","count":381,"tested":4973},{"age_group":"50-59   ","count":303,"tested":4317},{"age_group":"60-69   ","count":220,"tested":3466},{"age_group":"70-79   ","count":124,"tested":2140},{"age_group":"80+","count":93,"tested":2033}],"race":[{"description":"Left Blank","count":1014,"tested":20679,"color":"rgb(44,160,44)"},{"description":"White","count":575,"tested":6753,"color":"rgb(31,119,180)"},{"description":"Hispanic","count":258,"tested":1178,"color":"rgb(214,39,40)"},{"description":"Other","count":51,"tested":427,"color":"rgb(148,103,189)"},{"description":"Black","count":233,"tested":1234,"color":"rgb(255,127,14)"},{"description":"Asian","count":32,"tested":196,"color":"rgb(140,86,75)"}],"gender":[{"description":"Unknown/Left Blank","count":18,"tested":7510,"color":"rgb(44,160,44)"},{"description":"Female","count":974,"tested":13920,"color":"rgb(255,127,14)"},{"description":"Male","count":1172,"tested":9060,"color":"rgb(31,119,180)"}]}
