{"age":[{"age_group":"<20","count":11,"tested":74},{"age_group":"20-29   ","count":15,"tested":125},{"age_group":"30-39   ","count":10,"tested":76},{"age_group":"40-49   ","count":11,"tested":89},{"age_group":"50-59   ","count":11,"tested":143}],"race":[{"description":"White","count":50,"tested":380,"color":"rgb(31,119,180)"},{"description":"Left Blank","count":13,"tested":166,"color":"rgb(44,160,44)"}],"gender":[{"description":"Male","count":29,"tested":218,"color":"rgb(31,119,180)"},{"description":"Female","count":36,"tested":365,"color":"rgb(255,127,14)"}]}
