{"age":[{"age_group":"<20","count":122,"tested":881},{"age_group":"20-29   ","count":111,"tested":894},{"age_group":"30-39   ","count":96,"tested":839},{"age_group":"40-49   ","count":108,"tested":747},{"age_group":"50-59   ","count":101,"tested":913},{"age_group":"60-69   ","count":77,"tested":620},{"age_group":"70-79   ","count":22,"tested":371},{"age_group":"80+","count":13,"tested":211}],"race":[{"description":"Black","count":7,"tested":43,"color":"rgb(255,127,14)"},{"description":"Hispanic","count":102,"tested":294,"color":"rgb(214,39,40)"},{"description":"White","count":329,"tested":2494,"color":"rgb(31,119,180)"},{"description":"Left Blank","count":205,"tested":2580,"color":"rgb(44,160,44)"},{"description":"Other","count":6,"tested":48,"color":"rgb(148,103,189)"}],"gender":[{"description":"Male","count":320,"tested":2252,"color":"rgb(31,119,180)"},{"description":"Female","count":330,"tested":3196,"color":"rgb(255,127,14)"}]}
