{"age":[{"age_group":"<20","count":293,"tested":2165},{"age_group":"20-29   ","count":427,"tested":3264},{"age_group":"30-39   ","count":359,"tested":3168},{"age_group":"40-49   ","count":360,"tested":3146},{"age_group":"50-59   ","count":373,"tested":3520},{"age_group":"60-69   ","count":315,"tested":3187},{"age_group":"70-79   ","count":175,"tested":1899},{"age_group":"80+","count":200,"tested":3456}],"race":[{"description":"NH/PI*","count":6,"tested":119,"color":"rgb(127,127,127)"},{"description":"Black","count":25,"tested":128,"color":"rgb(255,127,14)"},{"description":"Asian","count":108,"tested":1011,"color":"rgb(140,86,75)"},{"description":"Other","count":95,"tested":849,"color":"rgb(148,103,189)"},{"description":"Left Blank","count":468,"tested":8900,"color":"rgb(44,160,44)"},{"description":"White","count":1414,"tested":10602,"color":"rgb(31,119,180)"},{"description":"Hispanic","count":385,"tested":2189,"color":"rgb(214,39,40)"}],"gender":[{"description":"Unknown/Left Blank","count":9,"tested":377,"color":"rgb(44,160,44)"},{"description":"Female","count":1264,"tested":13949,"color":"rgb(255,127,14)"},{"description":"Male","count":1231,"tested":9488,"color":"rgb(31,119,180)"}]}
