{"age":[{"age_group":"<20","count":475,"tested":3942},{"age_group":"20-29   ","count":602,"tested":6054},{"age_group":"30-39   ","count":441,"tested":5115},{"age_group":"40-49   ","count":445,"tested":5406},{"age_group":"50-59   ","count":477,"tested":6111},{"age_group":"60-69   ","count":308,"tested":4708},{"age_group":"70-79   ","count":184,"tested":2924},{"age_group":"80+","count":109,"tested":2288}],"race":[{"description":"Left Blank","count":819,"tested":11938,"color":"rgb(44,160,44)"},{"description":"Other","count":116,"tested":1244,"color":"rgb(148,103,189)"},{"description":"Hispanic","count":132,"tested":762,"color":"rgb(214,39,40)"},{"description":"Asian","count":16,"tested":396,"color":"rgb(140,86,75)"},{"description":"White","count":1715,"tested":19292,"color":"rgb(31,119,180)"},{"description":"Black","count":244,"tested":2868,"color":"rgb(255,127,14)"}],"gender":[{"description":"Male","count":1412,"tested":14126,"color":"rgb(31,119,180)"},{"description":"Unknown/Left Blank","count":8,"tested":193,"color":"rgb(44,160,44)"},{"description":"Female","count":1623,"tested":22233,"color":"rgb(255,127,14)"}]}
