{"age":[{"age_group":"<20","count":571,"tested":5876},{"age_group":"20-29   ","count":734,"tested":7111},{"age_group":"30-39   ","count":667,"tested":6911},{"age_group":"40-49   ","count":710,"tested":6414},{"age_group":"50-59   ","count":655,"tested":7074},{"age_group":"60-69   ","count":458,"tested":5694},{"age_group":"70-79   ","count":205,"tested":3043},{"age_group":"80+","count":125,"tested":2060}],"race":[{"description":"AI/AN**","count":8,"tested":75,"color":"rgb(31,119,180)"},{"description":"NH/PI*","count":8,"tested":81,"color":"rgb(127,127,127)"},{"description":"Asian","count":323,"tested":3383,"color":"rgb(140,86,75)"},{"description":"Black","count":87,"tested":826,"color":"rgb(255,127,14)"},{"description":"Hispanic","count":760,"tested":3354,"color":"rgb(214,39,40)"},{"description":"White","count":1753,"tested":18222,"color":"rgb(31,119,180)"},{"description":"Left Blank","count":941,"tested":16498,"color":"rgb(44,160,44)"},{"description":"Other","count":247,"tested":1755,"color":"rgb(148,103,189)"}],"gender":[{"description":"Female","count":2065,"tested":24563,"color":"rgb(255,127,14)"},{"description":"Unknown/Left Blank","count":24,"tested":583,"color":"rgb(44,160,44)"},{"description":"Male","count":2038,"tested":19048,"color":"rgb(31,119,180)"}]}
