{"age":[{"age_group":"<20","count":243,"tested":5820},{"age_group":"20-29   ","count":1972,"tested":34814},{"age_group":"30-39   ","count":966,"tested":22446},{"age_group":"40-49   ","count":359,"tested":7865},{"age_group":"50-59   ","count":282,"tested":5697},{"age_group":"60-69   ","count":152,"tested":3755},{"age_group":"70-79   ","count":105,"tested":3179},{"age_group":"80+","count":118,"tested":3193}],"race":[{"description":"Hispanic","count":269,"tested":1957,"color":"rgb(214,39,40)"},{"description":"Asian","count":103,"tested":1989,"color":"rgb(140,86,75)"},{"description":"White","count":1998,"tested":30211,"color":"rgb(31,119,180)"},{"description":"Left Blank","count":1530,"tested":47642,"color":"rgb(44,160,44)"},{"description":"Black","count":99,"tested":1391,"color":"rgb(255,127,14)"},{"description":"AI/AN**","count":10,"tested":60,"color":"rgb(31,119,180)"},{"description":"Other","count":185,"tested":3498,"color":"rgb(148,103,189)"}],"gender":[{"description":"Unknown/Left Blank","count":270,"tested":1321,"color":"rgb(44,160,44)"},{"description":"Male","count":2050,"tested":38888,"color":"rgb(31,119,180)"},{"description":"Female","count":1877,"tested":46569,"color":"rgb(255,127,14)"}]}
