{"age":[{"age_group":"<20","count":156,"tested":1123},{"age_group":"20-29   ","count":207,"tested":1536},{"age_group":"30-39   ","count":216,"tested":1448},{"age_group":"40-49   ","count":181,"tested":1508},{"age_group":"50-59   ","count":131,"tested":1314},{"age_group":"60-69   ","count":120,"tested":1164},{"age_group":"70-79   ","count":50,"tested":558},{"age_group":"80+","count":29,"tested":264}],"race":[{"description":"Black","count":18,"tested":225,"color":"rgb(255,127,14)"},{"description":"Hispanic","count":397,"tested":1920,"color":"rgb(214,39,40)"},{"description":"Other","count":93,"tested":571,"color":"rgb(148,103,189)"},{"description":"White","count":308,"tested":2620,"color":"rgb(31,119,180)"},{"description":"Left Blank","count":267,"tested":3493,"color":"rgb(44,160,44)"},{"description":"Asian","count":7,"tested":77,"color":"rgb(140,86,75)"}],"gender":[{"description":"Male","count":539,"tested":3898,"color":"rgb(31,119,180)"},{"description":"Female","count":546,"tested":4886,"color":"rgb(255,127,14)"}]}
