{"age":[{"age_group":"<20","count":39,"tested":439},{"age_group":"20-29   ","count":41,"tested":382},{"age_group":"30-39   ","count":27,"tested":234},{"age_group":"40-49   ","count":35,"tested":216},{"age_group":"50-59   ","count":40,"tested":288},{"age_group":"60-69   ","count":27,"tested":269},{"age_group":"70-79   ","count":13,"tested":116},{"age_group":"80+","count":7,"tested":56}],"race":[{"description":"Hispanic","count":19,"tested":72,"color":"rgb(214,39,40)"},{"description":"Left Blank","count":84,"tested":1055,"color":"rgb(44,160,44)"},{"description":"White","count":125,"tested":850,"color":"rgb(31,119,180)"}],"gender":[{"description":"Male","count":101,"tested":730,"color":"rgb(31,119,180)"},{"description":"Unknown/Left Blank","count":7,"tested":29,"color":"rgb(44,160,44)"},{"description":"Female","count":121,"tested":1241,"color":"rgb(255,127,14)"}]}
