{"age":[{"age_group":"<20","count":98,"tested":1170},{"age_group":"20-29   ","count":96,"tested":1256},{"age_group":"30-39   ","count":92,"tested":1010},{"age_group":"40-49   ","count":114,"tested":1398},{"age_group":"50-59   ","count":113,"tested":1811},{"age_group":"60-69   ","count":72,"tested":1342},{"age_group":"70-79   ","count":29,"tested":811},{"age_group":"80+","count":36,"tested":805}],"race":[{"description":"Other","count":12,"tested":212,"color":"rgb(148,103,189)"},{"description":"Hispanic","count":18,"tested":143,"color":"rgb(214,39,40)"},{"description":"Left Blank","count":252,"tested":4703,"color":"rgb(44,160,44)"},{"description":"White","count":101,"tested":1582,"color":"rgb(31,119,180)"},{"description":"Black","count":265,"tested":2883,"color":"rgb(255,127,14)"}],"gender":[{"description":"Male","count":314,"tested":4014,"color":"rgb(31,119,180)"},{"description":"Female","count":332,"tested":5505,"color":"rgb(255,127,14)"}]}
