{"age":[{"age_group":"<20","count":14,"tested":269},{"age_group":"20-29   ","count":33,"tested":204},{"age_group":"30-39   ","count":16,"tested":279},{"age_group":"40-49   ","count":24,"tested":274},{"age_group":"50-59   ","count":27,"tested":367},{"age_group":"60-69   ","count":14,"tested":158}],"race":[{"description":"Other","count":7,"tested":26,"color":"rgb(148,103,189)"},{"description":"White","count":112,"tested":1084,"color":"rgb(31,119,180)"},{"description":"Left Blank","count":22,"tested":473,"color":"rgb(44,160,44)"}],"gender":[{"description":"Female","count":82,"tested":1044,"color":"rgb(255,127,14)"},{"description":"Male","count":60,"tested":534,"color":"rgb(31,119,180)"}]}
