{"age":[{"age_group":"<20","count":48,"tested":324},{"age_group":"20-29   ","count":54,"tested":643},{"age_group":"30-39   ","count":42,"tested":872},{"age_group":"40-49   ","count":56,"tested":879},{"age_group":"50-59   ","count":49,"tested":1217},{"age_group":"60-69   ","count":36,"tested":1135},{"age_group":"70-79   ","count":13,"tested":335}],"race":[{"description":"Black","count":176,"tested":3049,"color":"rgb(255,127,14)"},{"description":"White","count":8,"tested":313,"color":"rgb(31,119,180)"},{"description":"Hispanic","count":15,"tested":121,"color":"rgb(214,39,40)"},{"description":"Left Blank","count":102,"tested":2046,"color":"rgb(44,160,44)"}],"gender":[{"description":"Female","count":147,"tested":2747,"color":"rgb(255,127,14)"},{"description":"Male","count":155,"tested":2826,"color":"rgb(31,119,180)"}]}
