{"age":[{"age_group":"20-29   ","count":48,"tested":865},{"age_group":"30-39   ","count":93,"tested":1177},{"age_group":"40-49   ","count":84,"tested":1149},{"age_group":"50-59   ","count":70,"tested":936},{"age_group":"60-69   ","count":54,"tested":539},{"age_group":"70-79   ","count":9,"tested":120}],"race":[{"description":"Black","count":201,"tested":1560,"color":"rgb(255,127,14)"},{"description":"Left Blank","count":57,"tested":3388,"color":"rgb(44,160,44)"},{"description":"White","count":55,"tested":571,"color":"rgb(31,119,180)"},{"description":"Hispanic","count":50,"tested":200,"color":"rgb(214,39,40)"}],"gender":[{"description":"Unknown/Left Blank","count":8,"tested":2835,"color":"rgb(44,160,44)"},{"description":"Male","count":336,"tested":2854,"color":"rgb(31,119,180)"},{"description":"Female","count":22,"tested":290,"color":"rgb(255,127,14)"}]}
