{"age":[{"age_group":"<20","count":143,"tested":1210},{"age_group":"20-29   ","count":128,"tested":1376},{"age_group":"30-39   ","count":179,"tested":1391},{"age_group":"40-49   ","count":148,"tested":1201},{"age_group":"50-59   ","count":164,"tested":1296},{"age_group":"60-69   ","count":106,"tested":1184},{"age_group":"70-79   ","count":53,"tested":834},{"age_group":"80+","count":37,"tested":658}],"race":[{"description":"White","count":467,"tested":4574,"color":"rgb(31,119,180)"},{"description":"Hispanic","count":188,"tested":700,"color":"rgb(214,39,40)"},{"description":"Left Blank","count":280,"tested":3644,"color":"rgb(44,160,44)"},{"description":"Other","count":14,"tested":139,"color":"rgb(148,103,189)"}],"gender":[{"description":"Female","count":514,"tested":5461,"color":"rgb(255,127,14)"},{"description":"Male","count":443,"tested":3592,"color":"rgb(31,119,180)"}]}
