{"age":[{"age_group":"<20","count":239,"tested":2119},{"age_group":"20-29   ","count":304,"tested":4195},{"age_group":"30-39   ","count":289,"tested":4370},{"age_group":"40-49   ","count":331,"tested":4206},{"age_group":"50-59   ","count":327,"tested":5111},{"age_group":"60-69   ","count":339,"tested":5107},{"age_group":"70-79   ","count":218,"tested":3579},{"age_group":"80+","count":169,"tested":3503}],"race":[{"description":"Left Blank","count":627,"tested":21280,"color":"rgb(44,160,44)"},{"description":"White","count":1014,"tested":7493,"color":"rgb(31,119,180)"},{"description":"Hispanic","count":262,"tested":959,"color":"rgb(214,39,40)"},{"description":"Asian","count":174,"tested":1223,"color":"rgb(140,86,75)"},{"description":"Black","count":56,"tested":611,"color":"rgb(255,127,14)"},{"description":"AI/AN**","count":6,"tested":18,"color":"rgb(31,119,180)"},{"description":"Other","count":74,"tested":588,"color":"rgb(148,103,189)"}],"gender":[{"description":"Female","count":1127,"tested":18363,"color":"rgb(255,127,14)"},{"description":"Male","count":1079,"tested":13018,"color":"rgb(31,119,180)"},{"description":"Unknown/Left Blank","count":10,"tested":819,"color":"rgb(44,160,44)"}]}
