{"age":[{"age_group":"<20","count":16,"tested":195},{"age_group":"20-29   ","count":8,"tested":93},{"age_group":"30-39   ","count":18,"tested":91},{"age_group":"40-49   ","count":16,"tested":95},{"age_group":"50-59   ","count":6,"tested":137},{"age_group":"60-69   ","count":12,"tested":119},{"age_group":"70-79   ","count":13,"tested":79}],"race":[{"description":"Left Blank","count":28,"tested":329,"color":"rgb(44,160,44)"},{"description":"White","count":66,"tested":508,"color":"rgb(31,119,180)"}],"gender":[{"description":"Female","count":57,"tested":554,"color":"rgb(255,127,14)"},{"description":"Male","count":38,"tested":289,"color":"rgb(31,119,180)"}]}
