{"age":[{"age_group":"<20","count":18,"tested":136},{"age_group":"20-29   ","count":25,"tested":264},{"age_group":"30-39   ","count":23,"tested":255},{"age_group":"40-49   ","count":20,"tested":240},{"age_group":"50-59   ","count":21,"tested":354},{"age_group":"60-69   ","count":14,"tested":339},{"age_group":"70-79   ","count":9,"tested":86},{"age_group":"80+","count":7,"tested":83}],"race":[{"description":"Hispanic","count":22,"tested":113,"color":"rgb(214,39,40)"},{"description":"Black","count":78,"tested":1053,"color":"rgb(255,127,14)"},{"description":"Left Blank","count":29,"tested":363,"color":"rgb(44,160,44)"}],"gender":[{"description":"Male","count":56,"tested":574,"color":"rgb(31,119,180)"},{"description":"Female","count":81,"tested":1168,"color":"rgb(255,127,14)"}]}
