{"lastUpdatedDate":{"year":2021,"month":9,"day":1},"county_demographics":[{"County":"Will","confirmed_cases":83684,"total_tested":1225140,"demographics":{"age":[{"race":[],"age_group":"<20","count":14644,"tested":170157,"deaths":0},{"race":[],"age_group":"20-29   ","count":14722,"tested":197969,"deaths":0},{"race":[],"age_group":"30-39   ","count":12816,"tested":185787,"deaths":0},{"race":[],"age_group":"40-49   ","count":14105,"tested":188103,"deaths":0},{"race":[],"age_group":"50-59   ","count":13728,"tested":194431,"deaths":0},{"race":[],"age_group":"60-69   ","count":7610,"tested":134135,"deaths":0},{"race":[],"age_group":"70-79   ","count":3715,"tested":80472,"deaths":0},{"race":[],"age_group":"80+","count":2316,"tested":71738,"deaths":0},{"race":[],"age_group":"Unknown","count":27,"tested":2348,"deaths":0}],"race":[{"description":"AI/AN**","count":238,"tested":1951,"deaths":0,"color":"rgb(31,119,180)"},{"description":"Asian","count":1936,"tested":37645,"deaths":0,"color":"rgb(140,86,75)"},{"description":"Black","count":7676,"tested":102288,"deaths":0,"color":"rgb(255,127,14)"},{"description":"Hispanic","count":12971,"tested":88735,"deaths":0,"color":"rgb(214,39,40)"},{"description":"Left Blank","count":24774,"tested":548155,"deaths":0,"color":"rgb(44,160,44)"},{"description":"NH/PI*","count":69,"tested":930,"deaths":0,"color":"rgb(127,127,127)"},{"description":"Other","count":2832,"tested":41156,"deaths":0,"color":"rgb(148,103,189)"},{"description":"White","count":33188,"tested":404280,"deaths":0,"color":"rgb(31,119,180)"}],"gender":[{"description":"Female","count":42810,"tested":642200,"deaths":0,"color":"rgb(255,127,14)"},{"description":"Male","count":40098,"tested":525725,"deaths":0,"color":"rgb(31,119,180)"},{"description":"Unknown/Left Blank","count":776,"tested":57215,"deaths":0,"color":"rgb(44,160,44)"}]}}]}
