{"lastUpdatedDate":{"year":2021,"month":9,"day":1},"county_demographics":[{"County":"DuPage","confirmed_cases":99854,"total_tested":1645286,"demographics":{"age":[{"race":[],"age_group":"<20","count":18679,"tested":249063,"deaths":0},{"race":[],"age_group":"20-29   ","count":17210,"tested":259126,"deaths":0},{"race":[],"age_group":"30-39   ","count":15360,"tested":231947,"deaths":0},{"race":[],"age_group":"40-49   ","count":14977,"tested":208411,"deaths":0},{"race":[],"age_group":"50-59   ","count":15164,"tested":234456,"deaths":0},{"race":[],"age_group":"60-69   ","count":10026,"tested":200499,"deaths":0},{"race":[],"age_group":"70-79   ","count":4624,"tested":118351,"deaths":0},{"race":[],"age_group":"80+","count":3810,"tested":142060,"deaths":0},{"race":[],"age_group":"Unknown","count":0,"tested":1373,"deaths":0}],"race":[{"description":"AI/AN**","count":157,"tested":2528,"deaths":0,"color":"rgb(31,119,180)"},{"description":"Asian","count":6562,"tested":94039,"deaths":0,"color":"rgb(140,86,75)"},{"description":"Black","count":4515,"tested":55904,"deaths":0,"color":"rgb(255,127,14)"},{"description":"Hispanic","count":17754,"tested":99513,"deaths":0,"color":"rgb(214,39,40)"},{"description":"Left Blank","count":17377,"tested":769892,"deaths":0,"color":"rgb(44,160,44)"},{"description":"NH/PI*","count":123,"tested":1443,"deaths":0,"color":"rgb(127,127,127)"},{"description":"Other","count":3188,"tested":49183,"deaths":0,"color":"rgb(148,103,189)"},{"description":"White","count":50178,"tested":572784,"deaths":0,"color":"rgb(31,119,180)"}],"gender":[{"description":"Female","count":50875,"tested":924060,"deaths":0,"color":"rgb(255,127,14)"},{"description":"Male","count":48459,"tested":690603,"deaths":0,"color":"rgb(31,119,180)"},{"description":"Unknown/Left Blank","count":520,"tested":30623,"deaths":0,"color":"rgb(44,160,44)"}]}}]}
