{"lastUpdatedDate":{"year":2021,"month":9,"day":1},"county_demographics":[{"County":"Hardin","confirmed_cases":520,"total_tested":7797,"demographics":{"age":[{"race":[],"age_group":"<20","count":95,"tested":721,"deaths":0},{"race":[],"age_group":"20-29   ","count":66,"tested":1306,"deaths":0},{"race":[],"age_group":"30-39   ","count":55,"tested":1165,"deaths":0},{"race":[],"age_group":"40-49   ","count":69,"tested":1180,"deaths":0},{"race":[],"age_group":"50-59   ","count":69,"tested":1306,"deaths":0},{"race":[],"age_group":"60-69   ","count":75,"tested":976,"deaths":0},{"race":[],"age_group":"70-79   ","count":56,"tested":670,"deaths":0},{"race":[],"age_group":"80+","count":31,"tested":469,"deaths":0},{"race":[],"age_group":"Unknown","count":0,"tested":0,"deaths":0}],"race":[{"description":"AI/AN**","count":0,"tested":0,"deaths":0,"color":"rgb(31,119,180)"},{"description":"Asian","count":0,"tested":17,"deaths":0,"color":"rgb(140,86,75)"},{"description":"Black","count":0,"tested":104,"deaths":0,"color":"rgb(255,127,14)"},{"description":"Hispanic","count":0,"tested":23,"deaths":0,"color":"rgb(214,39,40)"},{"description":"Left Blank","count":138,"tested":2459,"deaths":0,"color":"rgb(44,160,44)"},{"description":"Other","count":0,"tested":21,"deaths":0,"color":"rgb(148,103,189)"},{"description":"White","count":371,"tested":5170,"deaths":0,"color":"rgb(31,119,180)"}],"gender":[{"description":"Female","count":303,"tested":4903,"deaths":0,"color":"rgb(255,127,14)"},{"description":"Male","count":216,"tested":2618,"deaths":0,"color":"rgb(31,119,180)"},{"description":"Unknown/Left Blank","count":0,"tested":276,"deaths":0,"color":"rgb(44,160,44)"}]}}]}
