{"lastUpdatedDate":{"year":2021,"month":9,"day":1},"county_demographics":[{"County":"Massac","confirmed_cases":1756,"total_tested":16402,"demographics":{"age":[{"race":[],"age_group":"<20","count":312,"tested":1919,"deaths":0},{"race":[],"age_group":"20-29   ","count":236,"tested":2246,"deaths":0},{"race":[],"age_group":"30-39   ","count":217,"tested":1976,"deaths":0},{"race":[],"age_group":"40-49   ","count":221,"tested":2517,"deaths":0},{"race":[],"age_group":"50-59   ","count":274,"tested":2391,"deaths":0},{"race":[],"age_group":"60-69   ","count":212,"tested":1868,"deaths":0},{"race":[],"age_group":"70-79   ","count":158,"tested":1507,"deaths":0},{"race":[],"age_group":"80+","count":122,"tested":1976,"deaths":0},{"race":[],"age_group":"Unknown","count":0,"tested":0,"deaths":0}],"race":[{"description":"AI/AN**","count":0,"tested":12,"deaths":0,"color":"rgb(31,119,180)"},{"description":"Asian","count":0,"tested":13,"deaths":0,"color":"rgb(140,86,75)"},{"description":"Black","count":42,"tested":459,"deaths":0,"color":"rgb(255,127,14)"},{"description":"Hispanic","count":9,"tested":71,"deaths":0,"color":"rgb(214,39,40)"},{"description":"Left Blank","count":815,"tested":9215,"deaths":0,"color":"rgb(44,160,44)"},{"description":"NH/PI*","count":0,"tested":0,"deaths":0,"color":"rgb(127,127,127)"},{"description":"Other","count":0,"tested":78,"deaths":0,"color":"rgb(148,103,189)"},{"description":"White","count":879,"tested":6551,"deaths":0,"color":"rgb(31,119,180)"}],"gender":[{"description":"Female","count":933,"tested":9749,"deaths":0,"color":"rgb(255,127,14)"},{"description":"Male","count":797,"tested":5922,"deaths":0,"color":"rgb(31,119,180)"},{"description":"Unknown/Left Blank","count":26,"tested":731,"deaths":0,"color":"rgb(44,160,44)"}]}}]}
