{"lastUpdatedDate":{"year":2021,"month":9,"day":1},"county_demographics":[{"County":"Scott","confirmed_cases":663,"total_tested":11465,"demographics":{"age":[{"race":[],"age_group":"<20","count":116,"tested":1450,"deaths":0},{"race":[],"age_group":"20-29   ","count":91,"tested":1655,"deaths":0},{"race":[],"age_group":"30-39   ","count":79,"tested":1747,"deaths":0},{"race":[],"age_group":"40-49   ","count":94,"tested":1393,"deaths":0},{"race":[],"age_group":"50-59   ","count":117,"tested":1811,"deaths":0},{"race":[],"age_group":"60-69   ","count":86,"tested":1371,"deaths":0},{"race":[],"age_group":"70-79   ","count":45,"tested":819,"deaths":0},{"race":[],"age_group":"80+","count":35,"tested":1219,"deaths":0}],"race":[{"description":"AI/AN**","count":0,"tested":0,"deaths":0,"color":"rgb(31,119,180)"},{"description":"Asian","count":0,"tested":15,"deaths":0,"color":"rgb(140,86,75)"},{"description":"Black","count":0,"tested":64,"deaths":0,"color":"rgb(255,127,14)"},{"description":"Hispanic","count":0,"tested":32,"deaths":0,"color":"rgb(214,39,40)"},{"description":"Left Blank","count":229,"tested":3155,"deaths":0,"color":"rgb(44,160,44)"},{"description":"NH/PI*","count":0,"tested":0,"deaths":0,"color":"rgb(127,127,127)"},{"description":"Other","count":0,"tested":87,"deaths":0,"color":"rgb(148,103,189)"},{"description":"White","count":429,"tested":8110,"deaths":0,"color":"rgb(31,119,180)"}],"gender":[{"description":"Female","count":308,"tested":7308,"deaths":0,"color":"rgb(255,127,14)"},{"description":"Male","count":275,"tested":3461,"deaths":0,"color":"rgb(31,119,180)"},{"description":"Unknown/Left Blank","count":80,"tested":696,"deaths":0,"color":"rgb(44,160,44)"}]}}]}
