{"lastUpdatedDate":{"year":2021,"month":9,"day":1},"county_demographics":[{"County":"McLean","confirmed_cases":20665,"total_tested":440089,"demographics":{"age":[{"race":[],"age_group":"<20","count":4582,"tested":92448,"deaths":0},{"race":[],"age_group":"20-29   ","count":5432,"tested":115846,"deaths":0},{"race":[],"age_group":"30-39   ","count":2787,"tested":63501,"deaths":0},{"race":[],"age_group":"40-49   ","count":2526,"tested":48989,"deaths":0},{"race":[],"age_group":"50-59   ","count":2297,"tested":48513,"deaths":0},{"race":[],"age_group":"60-69   ","count":1602,"tested":32735,"deaths":0},{"race":[],"age_group":"70-79   ","count":818,"tested":18015,"deaths":0},{"race":[],"age_group":"80+","count":621,"tested":20012,"deaths":0},{"race":[],"age_group":"Unknown","count":0,"tested":30,"deaths":0}],"race":[{"description":"AI/AN**","count":14,"tested":553,"deaths":0,"color":"rgb(31,119,180)"},{"description":"Asian","count":338,"tested":9613,"deaths":0,"color":"rgb(140,86,75)"},{"description":"Black","count":1830,"tested":24612,"deaths":0,"color":"rgb(255,127,14)"},{"description":"Hispanic","count":1309,"tested":15827,"deaths":0,"color":"rgb(214,39,40)"},{"description":"Left Blank","count":4476,"tested":208725,"deaths":0,"color":"rgb(44,160,44)"},{"description":"NH/PI*","count":14,"tested":281,"deaths":0,"color":"rgb(127,127,127)"},{"description":"Other","count":380,"tested":5892,"deaths":0,"color":"rgb(148,103,189)"},{"description":"White","count":12296,"tested":174586,"deaths":0,"color":"rgb(31,119,180)"}],"gender":[{"description":"Female","count":11008,"tested":223426,"deaths":0,"color":"rgb(255,127,14)"},{"description":"Male","count":9648,"tested":195124,"deaths":0,"color":"rgb(31,119,180)"},{"description":"Unknown/Left Blank","count":8,"tested":21539,"deaths":0,"color":"rgb(44,160,44)"}]}}]}
