{"lastUpdatedDate":{"year":2021,"month":9,"day":1},"county_demographics":[{"County":"Franklin","confirmed_cases":6114,"total_tested":70452,"demographics":{"age":[{"race":[],"age_group":"<20","count":1032,"tested":8072,"deaths":0},{"race":[],"age_group":"20-29   ","count":944,"tested":10223,"deaths":0},{"race":[],"age_group":"30-39   ","count":809,"tested":9913,"deaths":0},{"race":[],"age_group":"40-49   ","count":856,"tested":10092,"deaths":0},{"race":[],"age_group":"50-59   ","count":931,"tested":10662,"deaths":0},{"race":[],"age_group":"60-69   ","count":746,"tested":8371,"deaths":0},{"race":[],"age_group":"70-79   ","count":507,"tested":6493,"deaths":0},{"race":[],"age_group":"80+","count":289,"tested":6607,"deaths":0},{"race":[],"age_group":"Unknown","count":0,"tested":19,"deaths":0}],"race":[{"description":"AI/AN**","count":0,"tested":20,"deaths":0,"color":"rgb(31,119,180)"},{"description":"Asian","count":0,"tested":60,"deaths":0,"color":"rgb(140,86,75)"},{"description":"Black","count":18,"tested":328,"deaths":0,"color":"rgb(255,127,14)"},{"description":"Hispanic","count":44,"tested":450,"deaths":0,"color":"rgb(214,39,40)"},{"description":"Left Blank","count":1947,"tested":26200,"deaths":0,"color":"rgb(44,160,44)"},{"description":"NH/PI*","count":0,"tested":9,"deaths":0,"color":"rgb(127,127,127)"},{"description":"Other","count":37,"tested":869,"deaths":0,"color":"rgb(148,103,189)"},{"description":"White","count":4053,"tested":42516,"deaths":0,"color":"rgb(31,119,180)"}],"gender":[{"description":"Female","count":3247,"tested":39936,"deaths":0,"color":"rgb(255,127,14)"},{"description":"Male","count":2729,"tested":25110,"deaths":0,"color":"rgb(31,119,180)"},{"description":"Unknown/Left Blank","count":136,"tested":5406,"deaths":0,"color":"rgb(44,160,44)"}]}}]}
