{"lastUpdatedDate":{"year":2021,"month":9,"day":1},"county_demographics":[{"County":"Iroquois","confirmed_cases":3656,"total_tested":62669,"demographics":{"age":[{"race":[],"age_group":"<20","count":623,"tested":9102,"deaths":0},{"race":[],"age_group":"20-29   ","count":517,"tested":7816,"deaths":0},{"race":[],"age_group":"30-39   ","count":481,"tested":7823,"deaths":0},{"race":[],"age_group":"40-49   ","count":485,"tested":6421,"deaths":0},{"race":[],"age_group":"50-59   ","count":549,"tested":8481,"deaths":0},{"race":[],"age_group":"60-69   ","count":480,"tested":7900,"deaths":0},{"race":[],"age_group":"70-79   ","count":310,"tested":5821,"deaths":0},{"race":[],"age_group":"80+","count":211,"tested":9273,"deaths":0},{"race":[],"age_group":"Unknown","count":0,"tested":32,"deaths":0}],"race":[{"description":"AI/AN**","count":0,"tested":17,"deaths":0,"color":"rgb(31,119,180)"},{"description":"Asian","count":0,"tested":127,"deaths":0,"color":"rgb(140,86,75)"},{"description":"Black","count":40,"tested":823,"deaths":0,"color":"rgb(255,127,14)"},{"description":"Hispanic","count":276,"tested":1948,"deaths":0,"color":"rgb(214,39,40)"},{"description":"Left Blank","count":455,"tested":18895,"deaths":0,"color":"rgb(44,160,44)"},{"description":"NH/PI*","count":0,"tested":18,"deaths":0,"color":"rgb(127,127,127)"},{"description":"Other","count":76,"tested":949,"deaths":0,"color":"rgb(148,103,189)"},{"description":"White","count":2796,"tested":39892,"deaths":0,"color":"rgb(31,119,180)"}],"gender":[{"description":"Female","count":1973,"tested":40368,"deaths":0,"color":"rgb(255,127,14)"},{"description":"Male","count":1634,"tested":21562,"deaths":0,"color":"rgb(31,119,180)"},{"description":"Unknown/Left Blank","count":49,"tested":739,"deaths":0,"color":"rgb(44,160,44)"}]}}]}
