{"lastUpdatedDate":{"year":2021,"month":9,"day":1},"county_demographics":[{"County":"Madison","confirmed_cases":36060,"total_tested":402082,"demographics":{"age":[{"race":[],"age_group":"<20","count":6296,"tested":58095,"deaths":0},{"race":[],"age_group":"20-29   ","count":6199,"tested":67645,"deaths":0},{"race":[],"age_group":"30-39   ","count":5786,"tested":60587,"deaths":0},{"race":[],"age_group":"40-49   ","count":5085,"tested":51898,"deaths":0},{"race":[],"age_group":"50-59   ","count":5071,"tested":55149,"deaths":0},{"race":[],"age_group":"60-69   ","count":3891,"tested":47602,"deaths":0},{"race":[],"age_group":"70-79   ","count":2165,"tested":28791,"deaths":0},{"race":[],"age_group":"80+","count":1549,"tested":32052,"deaths":0},{"race":[],"age_group":"Unknown","count":17,"tested":263,"deaths":0}],"race":[{"description":"AI/AN**","count":34,"tested":372,"deaths":0,"color":"rgb(31,119,180)"},{"description":"Asian","count":161,"tested":1674,"deaths":0,"color":"rgb(140,86,75)"},{"description":"Black","count":3135,"tested":27149,"deaths":0,"color":"rgb(255,127,14)"},{"description":"Hispanic","count":874,"tested":4511,"deaths":0,"color":"rgb(214,39,40)"},{"description":"Left Blank","count":8455,"tested":171237,"deaths":0,"color":"rgb(44,160,44)"},{"description":"NH/PI*","count":19,"tested":212,"deaths":0,"color":"rgb(127,127,127)"},{"description":"Other","count":1090,"tested":11876,"deaths":0,"color":"rgb(148,103,189)"},{"description":"White","count":22282,"tested":185051,"deaths":0,"color":"rgb(31,119,180)"}],"gender":[{"description":"Female","count":19326,"tested":243954,"deaths":0,"color":"rgb(255,127,14)"},{"description":"Male","count":16464,"tested":151542,"deaths":0,"color":"rgb(31,119,180)"},{"description":"Unknown/Left Blank","count":270,"tested":6586,"deaths":0,"color":"rgb(44,160,44)"}]}}]}
