{"lastUpdatedDate":{"year":2020,"month":12,"day":25},"county_demographics":[{"County":"Menard","confirmed_cases":702,"total_tested":11568,"demographics":{"age":[{"race":[],"age_group":"<20","count":85,"tested":1646,"deaths":0},{"race":[],"age_group":"20-29   ","count":98,"tested":1552,"deaths":0},{"race":[],"age_group":"30-39   ","count":103,"tested":1722,"deaths":0},{"race":[],"age_group":"40-49   ","count":91,"tested":1503,"deaths":0},{"race":[],"age_group":"50-59   ","count":130,"tested":1763,"deaths":0},{"race":[],"age_group":"60-69   ","count":70,"tested":1481,"deaths":0},{"race":[],"age_group":"70-79   ","count":54,"tested":1021,"deaths":0},{"race":[],"age_group":"80+","count":62,"tested":879,"deaths":0},{"race":[],"age_group":"Unknown","count":0,"tested":0,"deaths":0}],"race":[{"description":"AI/AN**","count":0,"tested":7,"deaths":0,"color":"rgb(31,119,180)"},{"description":"Asian","count":0,"tested":0,"deaths":0,"color":"rgb(140,86,75)"},{"description":"Black","count":0,"tested":53,"deaths":0,"color":"rgb(255,127,14)"},{"description":"Hispanic","count":0,"tested":55,"deaths":0,"color":"rgb(214,39,40)"},{"description":"Left Blank","count":387,"tested":5190,"deaths":0,"color":"rgb(44,160,44)"},{"description":"NH/PI*","count":0,"tested":0,"deaths":0,"color":"rgb(127,127,127)"},{"description":"Other","count":0,"tested":99,"deaths":0,"color":"rgb(148,103,189)"},{"description":"White","count":306,"tested":6157,"deaths":0,"color":"rgb(31,119,180)"}],"gender":[{"description":"Female","count":334,"tested":6817,"deaths":0,"color":"rgb(255,127,14)"},{"description":"Male","count":282,"tested":4312,"deaths":0,"color":"rgb(31,119,180)"},{"description":"Unknown/Left Blank","count":86,"tested":439,"deaths":0,"color":"rgb(44,160,44)"}]}}]}
