{"lastUpdatedDate":{"year":2020,"month":12,"day":25},"county_demographics":[{"County":"Clay","confirmed_cases":1170,"total_tested":9716,"demographics":{"age":[{"race":[],"age_group":"<20","count":154,"tested":1604,"deaths":0},{"race":[],"age_group":"20-29   ","count":147,"tested":1416,"deaths":0},{"race":[],"age_group":"30-39   ","count":158,"tested":1250,"deaths":0},{"race":[],"age_group":"40-49   ","count":164,"tested":1124,"deaths":0},{"race":[],"age_group":"50-59   ","count":180,"tested":1360,"deaths":0},{"race":[],"age_group":"60-69   ","count":158,"tested":1312,"deaths":0},{"race":[],"age_group":"70-79   ","count":132,"tested":913,"deaths":0},{"race":[],"age_group":"80+","count":76,"tested":734,"deaths":0},{"race":[],"age_group":"Unknown","count":0,"tested":0,"deaths":0}],"race":[{"description":"AI/AN**","count":0,"tested":6,"deaths":0,"color":"rgb(31,119,180)"},{"description":"Asian","count":0,"tested":28,"deaths":0,"color":"rgb(140,86,75)"},{"description":"Black","count":7,"tested":39,"deaths":0,"color":"rgb(255,127,14)"},{"description":"Hispanic","count":0,"tested":37,"deaths":0,"color":"rgb(214,39,40)"},{"description":"Left Blank","count":129,"tested":2003,"deaths":0,"color":"rgb(44,160,44)"},{"description":"NH/PI*","count":0,"tested":0,"deaths":0,"color":"rgb(127,127,127)"},{"description":"Other","count":6,"tested":195,"deaths":0,"color":"rgb(148,103,189)"},{"description":"White","count":1021,"tested":7406,"deaths":0,"color":"rgb(31,119,180)"}],"gender":[{"description":"Female","count":625,"tested":5843,"deaths":0,"color":"rgb(255,127,14)"},{"description":"Male","count":537,"tested":3713,"deaths":0,"color":"rgb(31,119,180)"},{"description":"Unknown/Left Blank","count":0,"tested":160,"deaths":0,"color":"rgb(44,160,44)"}]}}]}
