{"lastUpdatedDate":{"year":2020,"month":12,"day":25},"county_demographics":[{"County":"Fayette","confirmed_cases":2571,"total_tested":17162,"demographics":{"age":[{"race":[],"age_group":"<20","count":290,"tested":2069,"deaths":0},{"race":[],"age_group":"20-29   ","count":377,"tested":2516,"deaths":0},{"race":[],"age_group":"30-39   ","count":369,"tested":2461,"deaths":0},{"race":[],"age_group":"40-49   ","count":387,"tested":2532,"deaths":0},{"race":[],"age_group":"50-59   ","count":387,"tested":2482,"deaths":0},{"race":[],"age_group":"60-69   ","count":323,"tested":2256,"deaths":0},{"race":[],"age_group":"70-79   ","count":210,"tested":1334,"deaths":0},{"race":[],"age_group":"80+","count":128,"tested":1252,"deaths":0},{"race":[],"age_group":"Unknown","count":100,"tested":260,"deaths":0}],"race":[{"description":"AI/AN**","count":0,"tested":0,"deaths":0,"color":"rgb(31,119,180)"},{"description":"Asian","count":6,"tested":10,"deaths":0,"color":"rgb(140,86,75)"},{"description":"Black","count":111,"tested":354,"deaths":0,"color":"rgb(255,127,14)"},{"description":"Hispanic","count":21,"tested":80,"deaths":0,"color":"rgb(214,39,40)"},{"description":"Left Blank","count":865,"tested":8880,"deaths":0,"color":"rgb(44,160,44)"},{"description":"NH/PI*","count":0,"tested":0,"deaths":0,"color":"rgb(127,127,127)"},{"description":"Other","count":55,"tested":1224,"deaths":0,"color":"rgb(148,103,189)"},{"description":"White","count":1507,"tested":6606,"deaths":0,"color":"rgb(31,119,180)"}],"gender":[{"description":"Female","count":1156,"tested":9882,"deaths":0,"color":"rgb(255,127,14)"},{"description":"Male","count":1348,"tested":6016,"deaths":0,"color":"rgb(31,119,180)"},{"description":"Unknown/Left Blank","count":67,"tested":1264,"deaths":0,"color":"rgb(44,160,44)"}]}}]}
