{"lastUpdatedDate":{"year":2020,"month":12,"day":25},"county_demographics":[{"County":"Jasper","confirmed_cases":870,"total_tested":7080,"demographics":{"age":[{"race":[],"age_group":"<20","count":134,"tested":940,"deaths":0},{"race":[],"age_group":"20-29   ","count":96,"tested":802,"deaths":0},{"race":[],"age_group":"30-39   ","count":108,"tested":791,"deaths":0},{"race":[],"age_group":"40-49   ","count":111,"tested":961,"deaths":0},{"race":[],"age_group":"50-59   ","count":140,"tested":1042,"deaths":0},{"race":[],"age_group":"60-69   ","count":128,"tested":826,"deaths":0},{"race":[],"age_group":"70-79   ","count":78,"tested":642,"deaths":0},{"race":[],"age_group":"80+","count":75,"tested":1074,"deaths":0},{"race":[],"age_group":"Unknown","count":0,"tested":0,"deaths":0}],"race":[{"description":"AI/AN**","count":0,"tested":0,"deaths":0,"color":"rgb(31,119,180)"},{"description":"Asian","count":0,"tested":0,"deaths":0,"color":"rgb(140,86,75)"},{"description":"Black","count":0,"tested":13,"deaths":0,"color":"rgb(255,127,14)"},{"description":"Hispanic","count":0,"tested":49,"deaths":0,"color":"rgb(214,39,40)"},{"description":"Left Blank","count":265,"tested":1319,"deaths":0,"color":"rgb(44,160,44)"},{"description":"Other","count":0,"tested":275,"deaths":0,"color":"rgb(148,103,189)"},{"description":"White","count":594,"tested":5421,"deaths":0,"color":"rgb(31,119,180)"}],"gender":[{"description":"Female","count":479,"tested":4527,"deaths":0,"color":"rgb(255,127,14)"},{"description":"Male","count":367,"tested":2329,"deaths":0,"color":"rgb(31,119,180)"},{"description":"Unknown/Left Blank","count":24,"tested":224,"deaths":0,"color":"rgb(44,160,44)"}]}}]}
