{"lastUpdatedDate":{"year":2021,"month":1,"day":5},"county_demographics":[{"County":"McLean","confirmed_cases":12036,"total_tested":191070,"demographics":{"age":[{"race":[],"age_group":"<20","count":2309,"tested":35627,"deaths":0},{"race":[],"age_group":"20-29   ","count":3515,"tested":50000,"deaths":0},{"race":[],"age_group":"30-39   ","count":1512,"tested":25469,"deaths":0},{"race":[],"age_group":"40-49   ","count":1411,"tested":21046,"deaths":0},{"race":[],"age_group":"50-59   ","count":1341,"tested":21205,"deaths":0},{"race":[],"age_group":"60-69   ","count":970,"tested":16930,"deaths":0},{"race":[],"age_group":"70-79   ","count":527,"tested":9937,"deaths":0},{"race":[],"age_group":"80+","count":449,"tested":10832,"deaths":0},{"race":[],"age_group":"Unknown","count":0,"tested":24,"deaths":0}],"race":[{"description":"AI/AN**","count":0,"tested":91,"deaths":0,"color":"rgb(31,119,180)"},{"description":"Asian","count":133,"tested":938,"deaths":0,"color":"rgb(140,86,75)"},{"description":"Black","count":736,"tested":5147,"deaths":0,"color":"rgb(255,127,14)"},{"description":"Hispanic","count":542,"tested":1592,"deaths":0,"color":"rgb(214,39,40)"},{"description":"Left Blank","count":4783,"tested":136043,"deaths":0,"color":"rgb(44,160,44)"},{"description":"NH/PI*","count":0,"tested":38,"deaths":0,"color":"rgb(127,127,127)"},{"description":"Other","count":153,"tested":1811,"deaths":0,"color":"rgb(148,103,189)"},{"description":"White","count":5677,"tested":45410,"deaths":0,"color":"rgb(31,119,180)"}],"gender":[{"description":"Female","count":6425,"tested":101619,"deaths":0,"color":"rgb(255,127,14)"},{"description":"Male","count":5388,"tested":71170,"deaths":0,"color":"rgb(31,119,180)"},{"description":"Unknown/Left Blank","count":223,"tested":18281,"deaths":0,"color":"rgb(44,160,44)"}]}}]}
