{"lastUpdatedDate":{"year":2021,"month":1,"day":5},"county_demographics":[{"County":"Wabash","confirmed_cases":1083,"total_tested":8976,"demographics":{"age":[{"race":[],"age_group":"<20","count":199,"tested":1442,"deaths":0},{"race":[],"age_group":"20-29   ","count":128,"tested":1312,"deaths":0},{"race":[],"age_group":"30-39   ","count":131,"tested":1060,"deaths":0},{"race":[],"age_group":"40-49   ","count":147,"tested":1079,"deaths":0},{"race":[],"age_group":"50-59   ","count":148,"tested":1095,"deaths":0},{"race":[],"age_group":"60-69   ","count":154,"tested":963,"deaths":0},{"race":[],"age_group":"70-79   ","count":86,"tested":549,"deaths":0},{"race":[],"age_group":"80+","count":90,"tested":1466,"deaths":0},{"race":[],"age_group":"Unknown","count":0,"tested":10,"deaths":0}],"race":[{"description":"AI/AN**","count":0,"tested":0,"deaths":0,"color":"rgb(31,119,180)"},{"description":"Asian","count":0,"tested":0,"deaths":0,"color":"rgb(140,86,75)"},{"description":"Black","count":7,"tested":20,"deaths":0,"color":"rgb(255,127,14)"},{"description":"Hispanic","count":15,"tested":14,"deaths":0,"color":"rgb(214,39,40)"},{"description":"Left Blank","count":194,"tested":4538,"deaths":0,"color":"rgb(44,160,44)"},{"description":"NH/PI*","count":0,"tested":0,"deaths":0,"color":"rgb(127,127,127)"},{"description":"Other","count":0,"tested":8,"deaths":0,"color":"rgb(148,103,189)"},{"description":"White","count":859,"tested":4389,"deaths":0,"color":"rgb(31,119,180)"}],"gender":[{"description":"Female","count":615,"tested":5925,"deaths":0,"color":"rgb(255,127,14)"},{"description":"Male","count":448,"tested":2823,"deaths":0,"color":"rgb(31,119,180)"},{"description":"Unknown/Left Blank","count":18,"tested":228,"deaths":0,"color":"rgb(44,160,44)"}]}}]}
