{"lastUpdatedDate":{"year":2021,"month":1,"day":5},"county_demographics":[{"County":"Winnebago","confirmed_cases":24625,"total_tested":249320,"demographics":{"age":[{"race":[],"age_group":"<20","count":3915,"tested":37573,"deaths":0},{"race":[],"age_group":"20-29   ","count":4411,"tested":39987,"deaths":0},{"race":[],"age_group":"30-39   ","count":3752,"tested":36955,"deaths":0},{"race":[],"age_group":"40-49   ","count":3752,"tested":33949,"deaths":0},{"race":[],"age_group":"50-59   ","count":3600,"tested":35510,"deaths":0},{"race":[],"age_group":"60-69   ","count":2620,"tested":28809,"deaths":0},{"race":[],"age_group":"70-79   ","count":1557,"tested":18696,"deaths":0},{"race":[],"age_group":"80+","count":1010,"tested":17807,"deaths":0},{"race":[],"age_group":"Unknown","count":6,"tested":34,"deaths":0}],"race":[{"description":"AI/AN**","count":16,"tested":109,"deaths":0,"color":"rgb(31,119,180)"},{"description":"Asian","count":423,"tested":2494,"deaths":0,"color":"rgb(140,86,75)"},{"description":"Black","count":2372,"tested":18288,"deaths":0,"color":"rgb(255,127,14)"},{"description":"Hispanic","count":4282,"tested":17116,"deaths":0,"color":"rgb(214,39,40)"},{"description":"Left Blank","count":6038,"tested":112736,"deaths":0,"color":"rgb(44,160,44)"},{"description":"NH/PI*","count":11,"tested":77,"deaths":0,"color":"rgb(127,127,127)"},{"description":"Other","count":421,"tested":4213,"deaths":0,"color":"rgb(148,103,189)"},{"description":"White","count":11060,"tested":94287,"deaths":0,"color":"rgb(31,119,180)"}],"gender":[{"description":"Female","count":13129,"tested":146135,"deaths":0,"color":"rgb(255,127,14)"},{"description":"Male","count":11317,"tested":97649,"deaths":0,"color":"rgb(31,119,180)"},{"description":"Unknown/Left Blank","count":176,"tested":5536,"deaths":0,"color":"rgb(44,160,44)"}]}}]}
