{"age":[{"age_group":"<20","count":488,"tested":2284},{"age_group":"20-29   ","count":526,"tested":3196},{"age_group":"30-39   ","count":454,"tested":2668},{"age_group":"40-49   ","count":510,"tested":2715},{"age_group":"50-59   ","count":583,"tested":3559},{"age_group":"60-69   ","count":437,"tested":2782},{"age_group":"70-79   ","count":281,"tested":1353},{"age_group":"80+","count":249,"tested":1090}],"race":[{"description":"Hispanic","count":379,"tested":912,"color":"rgb(214,39,40)"},{"description":"Asian","count":278,"tested":517,"color":"rgb(140,86,75)"},{"description":"Black","count":242,"tested":408,"color":"rgb(255,127,14)"},{"description":"Left Blank","count":890,"tested":9379,"color":"rgb(44,160,44)"},{"description":"Other","count":239,"tested":306,"color":"rgb(148,103,189)"},{"description":"White","count":1076,"tested":8083,"color":"rgb(31,119,180)"},{"description":"NH/PI*","count":214,"tested":16,"color":"rgb(127,127,127)"}],"gender":[{"description":"Male","count":1114,"tested":8464,"color":"rgb(31,119,180)"},{"description":"Unknown/Left Blank","count":214,"tested":214,"color":"rgb(44,160,44)"},{"description":"Female","count":1160,"tested":10973,"color":"rgb(255,127,14)"}]}
