{"age":[{"age_group":"<20","count":357,"tested":3525},{"age_group":"20-29   ","count":455,"tested":4204},{"age_group":"30-39   ","count":380,"tested":3638},{"age_group":"40-49   ","count":365,"tested":3067},{"age_group":"50-59   ","count":371,"tested":3473},{"age_group":"60-69   ","count":275,"tested":2681},{"age_group":"70-79   ","count":169,"tested":1188},{"age_group":"80+","count":133,"tested":1132}],"race":[{"description":"Hispanic","count":226,"tested":881,"color":"rgb(214,39,40)"},{"description":"Black","count":161,"tested":850,"color":"rgb(255,127,14)"},{"description":"Asian","count":92,"tested":350,"color":"rgb(140,86,75)"},{"description":"White","count":1249,"tested":9646,"color":"rgb(31,119,180)"},{"description":"Other","count":78,"tested":275,"color":"rgb(148,103,189)"},{"description":"Left Blank","count":579,"tested":10875,"color":"rgb(44,160,44)"}],"gender":[{"description":"Male","count":963,"tested":8846,"color":"rgb(31,119,180)"},{"description":"Unknown/Left Blank","count":70,"tested":405,"color":"rgb(44,160,44)"},{"description":"Female","count":1173,"tested":13659,"color":"rgb(255,127,14)"}]}
