{"age":[{"age_group":"<20","count":224,"tested":2504},{"age_group":"20-29   ","count":359,"tested":4012},{"age_group":"30-39   ","count":283,"tested":3672},{"age_group":"40-49   ","count":245,"tested":2633},{"age_group":"50-59   ","count":254,"tested":3106},{"age_group":"60-69   ","count":172,"tested":2745},{"age_group":"70-79   ","count":122,"tested":1644},{"age_group":"80+","count":133,"tested":3348}],"race":[{"description":"Asian","count":112,"tested":956,"color":"rgb(140,86,75)"},{"description":"White","count":730,"tested":7701,"color":"rgb(31,119,180)"},{"description":"Black","count":133,"tested":736,"color":"rgb(255,127,14)"},{"description":"Other","count":107,"tested":657,"color":"rgb(148,103,189)"},{"description":"Left Blank","count":404,"tested":12888,"color":"rgb(44,160,44)"},{"description":"Hispanic","count":202,"tested":711,"color":"rgb(214,39,40)"}],"gender":[{"description":"Female","count":768,"tested":13773,"color":"rgb(255,127,14)"},{"description":"Male","count":714,"tested":9569,"color":"rgb(31,119,180)"}]}
