{"age":[{"age_group":"<20","count":1003,"tested":7886},{"age_group":"20-29   ","count":1843,"tested":31109},{"age_group":"30-39   ","count":1721,"tested":32012},{"age_group":"40-49   ","count":1174,"tested":12018},{"age_group":"50-59   ","count":1059,"tested":8163},{"age_group":"60-69   ","count":770,"tested":5347},{"age_group":"70-79   ","count":503,"tested":2984},{"age_group":"80+","count":384,"tested":1446}],"race":[{"description":"Hispanic","count":3326,"tested":17639,"color":"rgb(214,39,40)"},{"description":"Left Blank","count":1991,"tested":42589,"color":"rgb(44,160,44)"},{"description":"White","count":1496,"tested":31460,"color":"rgb(31,119,180)"},{"description":"Asian","count":296,"tested":2020,"color":"rgb(140,86,75)"},{"description":"Black","count":411,"tested":2855,"color":"rgb(255,127,14)"},{"description":"Other","count":483,"tested":4239,"color":"rgb(148,103,189)"},{"description":"AI/AN**","count":229,"tested":97,"color":"rgb(31,119,180)"}],"gender":[{"description":"Unknown/Left Blank","count":297,"tested":2473,"color":"rgb(44,160,44)"},{"description":"Male","count":3444,"tested":43726,"color":"rgb(31,119,180)"},{"description":"Female","count":3606,"tested":54786,"color":"rgb(255,127,14)"}]}
