{"age":[{"age_group":"<20","count":1153,"tested":5949},{"age_group":"20-29   ","count":1482,"tested":9902},{"age_group":"30-39   ","count":1421,"tested":9772},{"age_group":"40-49   ","count":1461,"tested":8772},{"age_group":"50-59   ","count":1165,"tested":7708},{"age_group":"60-69   ","count":754,"tested":5788},{"age_group":"70-79   ","count":443,"tested":3258},{"age_group":"80+","count":286,"tested":1695}],"race":[{"description":"Hispanic","count":3203,"tested":14114,"color":"rgb(214,39,40)"},{"description":"Left Blank","count":2017,"tested":19410,"color":"rgb(44,160,44)"},{"description":"Other","count":717,"tested":4377,"color":"rgb(148,103,189)"},{"description":"White","count":1270,"tested":11955,"color":"rgb(31,119,180)"},{"description":"Black","count":437,"tested":2376,"color":"rgb(255,127,14)"},{"description":"Asian","count":209,"tested":577,"color":"rgb(140,86,75)"}],"gender":[{"description":"Male","count":3395,"tested":22510,"color":"rgb(31,119,180)"},{"description":"Female","count":3800,"tested":29218,"color":"rgb(255,127,14)"},{"description":"Unknown/Left Blank","count":197,"tested":1137,"color":"rgb(44,160,44)"}]}
