{"age":[{"age_group":"<20","count":21,"tested":204},{"age_group":"20-29   ","count":19,"tested":162},{"age_group":"30-39   ","count":22,"tested":203},{"age_group":"40-49   ","count":26,"tested":134},{"age_group":"50-59   ","count":22,"tested":193},{"age_group":"60-69   ","count":17,"tested":168},{"age_group":"70-79   ","count":21,"tested":82},{"age_group":"80+","count":16,"tested":47}],"race":[{"description":"Left Blank","count":37,"tested":354,"color":"rgb(44,160,44)"},{"description":"White","count":89,"tested":816,"color":"rgb(31,119,180)"}],"gender":[{"description":"Female","count":66,"tested":775,"color":"rgb(255,127,14)"},{"description":"Male","count":60,"tested":394,"color":"rgb(31,119,180)"}]}
