{"age":[{"age_group":"<20","count":262,"tested":1654},{"age_group":"20-29   ","count":338,"tested":3162},{"age_group":"30-39   ","count":341,"tested":3907},{"age_group":"40-49   ","count":341,"tested":3435},{"age_group":"50-59   ","count":331,"tested":4040},{"age_group":"60-69   ","count":284,"tested":4269},{"age_group":"70-79   ","count":190,"tested":3225},{"age_group":"80+","count":168,"tested":3917}],"race":[{"description":"White","count":568,"tested":5427,"color":"rgb(31,119,180)"},{"description":"Left Blank","count":538,"tested":16899,"color":"rgb(44,160,44)"},{"description":"Other","count":320,"tested":1604,"color":"rgb(148,103,189)"},{"description":"Asian","count":327,"tested":2475,"color":"rgb(140,86,75)"},{"description":"Black","count":112,"tested":258,"color":"rgb(255,127,14)"},{"description":"Hispanic","count":210,"tested":810,"color":"rgb(214,39,40)"},{"description":"NH/PI*","count":86,"tested":94,"color":"rgb(127,127,127)"},{"description":"AI/AN**","count":94,"tested":62,"color":"rgb(31,119,180)"}],"gender":[{"description":"Male","count":852,"tested":11175,"color":"rgb(31,119,180)"},{"description":"Female","count":921,"tested":16087,"color":"rgb(255,127,14)"}]}
