{"age":[{"age_group":"<20","count":323,"tested":1516},{"age_group":"20-29   ","count":306,"tested":1515},{"age_group":"30-39   ","count":337,"tested":1581},{"age_group":"40-49   ","count":343,"tested":1675},{"age_group":"50-59   ","count":285,"tested":1303},{"age_group":"60-69   ","count":242,"tested":990},{"age_group":"70-79   ","count":196,"tested":640},{"age_group":"80+","count":163,"tested":426}],"race":[{"description":"Other","count":182,"tested":371,"color":"rgb(148,103,189)"},{"description":"Black","count":168,"tested":167,"color":"rgb(255,127,14)"},{"description":"Left Blank","count":544,"tested":3756,"color":"rgb(44,160,44)"},{"description":"White","count":603,"tested":4724,"color":"rgb(31,119,180)"},{"description":"Hispanic","count":243,"tested":578,"color":"rgb(214,39,40)"}],"gender":[{"description":"Female","count":664,"tested":5559,"color":"rgb(255,127,14)"},{"description":"Male","count":614,"tested":3882,"color":"rgb(31,119,180)"},{"description":"Unknown/Left Blank","count":162,"tested":206,"color":"rgb(44,160,44)"}]}
