{"age":[{"age_group":"<20","count":246,"tested":1371},{"age_group":"20-29   ","count":271,"tested":1744},{"age_group":"30-39   ","count":259,"tested":2208},{"age_group":"40-49   ","count":277,"tested":2054},{"age_group":"50-59   ","count":265,"tested":2058},{"age_group":"60-69   ","count":200,"tested":1695},{"age_group":"70-79   ","count":164,"tested":983},{"age_group":"80+","count":145,"tested":1032}],"race":[{"description":"Asian","count":125,"tested":204,"color":"rgb(140,86,75)"},{"description":"Black","count":107,"tested":85,"color":"rgb(255,127,14)"},{"description":"Other","count":123,"tested":247,"color":"rgb(148,103,189)"},{"description":"Left Blank","count":463,"tested":6735,"color":"rgb(44,160,44)"},{"description":"White","count":494,"tested":4854,"color":"rgb(31,119,180)"},{"description":"Hispanic","count":312,"tested":994,"color":"rgb(214,39,40)"}],"gender":[{"description":"Female","count":633,"tested":7683,"color":"rgb(255,127,14)"},{"description":"Male","count":583,"tested":5318,"color":"rgb(31,119,180)"}]}
