{"age":[{"age_group":"<20","count":315,"tested":2766},{"age_group":"20-29   ","count":465,"tested":4796},{"age_group":"30-39   ","count":416,"tested":4203},{"age_group":"40-49   ","count":406,"tested":4434},{"age_group":"50-59   ","count":446,"tested":5184},{"age_group":"60-69   ","count":406,"tested":4750},{"age_group":"70-79   ","count":217,"tested":2932},{"age_group":"80+","count":200,"tested":3297}],"race":[{"description":"Asian","count":379,"tested":2510,"color":"rgb(140,86,75)"},{"description":"Left Blank","count":749,"tested":18113,"color":"rgb(44,160,44)"},{"description":"White","count":608,"tested":6601,"color":"rgb(31,119,180)"},{"description":"Other","count":549,"tested":2577,"color":"rgb(148,103,189)"},{"description":"Black","count":195,"tested":1374,"color":"rgb(255,127,14)"},{"description":"Hispanic","count":261,"tested":1052,"color":"rgb(214,39,40)"},{"description":"AI/AN**","count":72,"tested":64,"color":"rgb(31,119,180)"}],"gender":[{"description":"Male","count":1208,"tested":13578,"color":"rgb(31,119,180)"},{"description":"Unknown/Left Blank","count":73,"tested":659,"color":"rgb(44,160,44)"},{"description":"Female","count":1325,"tested":18134,"color":"rgb(255,127,14)"}]}
