{"age":[{"age_group":"<20","count":279,"tested":2403},{"age_group":"20-29   ","count":298,"tested":3925},{"age_group":"30-39   ","count":279,"tested":2707},{"age_group":"40-49   ","count":318,"tested":3280},{"age_group":"50-59   ","count":313,"tested":3119},{"age_group":"60-69   ","count":216,"tested":2272},{"age_group":"70-79   ","count":169,"tested":1285},{"age_group":"80+","count":171,"tested":2370}],"race":[{"description":"Asian","count":203,"tested":1633,"color":"rgb(140,86,75)"},{"description":"Black","count":133,"tested":368,"color":"rgb(255,127,14)"},{"description":"Other","count":182,"tested":911,"color":"rgb(148,103,189)"},{"description":"Left Blank","count":391,"tested":10312,"color":"rgb(44,160,44)"},{"description":"White","count":582,"tested":6753,"color":"rgb(31,119,180)"},{"description":"Hispanic","count":337,"tested":1202,"color":"rgb(214,39,40)"}],"gender":[{"description":"Female","count":731,"tested":11881,"color":"rgb(255,127,14)"},{"description":"Male","count":678,"tested":8927,"color":"rgb(31,119,180)"},{"description":"Unknown/Left Blank","count":114,"tested":562,"color":"rgb(44,160,44)"}]}
