{"age":[{"age_group":"<20","count":339,"tested":2814},{"age_group":"20-29   ","count":330,"tested":3365},{"age_group":"30-39   ","count":360,"tested":3796},{"age_group":"40-49   ","count":415,"tested":4134},{"age_group":"50-59   ","count":407,"tested":4393},{"age_group":"60-69   ","count":271,"tested":3455},{"age_group":"70-79   ","count":185,"tested":2405},{"age_group":"80+","count":193,"tested":2217}],"race":[{"description":"Other","count":226,"tested":1377,"color":"rgb(148,103,189)"},{"description":"NH/PI*","count":76,"tested":38,"color":"rgb(127,127,127)"},{"description":"Black","count":91,"tested":319,"color":"rgb(255,127,14)"},{"description":"Asian","count":192,"tested":1156,"color":"rgb(140,86,75)"},{"description":"Left Blank","count":553,"tested":12171,"color":"rgb(44,160,44)"},{"description":"White","count":967,"tested":9718,"color":"rgb(31,119,180)"},{"description":"Hispanic","count":325,"tested":1787,"color":"rgb(214,39,40)"}],"gender":[{"description":"Female","count":1037,"tested":14002,"color":"rgb(255,127,14)"},{"description":"Male","count":1009,"tested":11837,"color":"rgb(31,119,180)"},{"description":"Unknown/Left Blank","count":109,"tested":747,"color":"rgb(44,160,44)"}]}
