{"age":[{"age_group":"<20","count":64,"tested":308},{"age_group":"20-29   ","count":63,"tested":262},{"age_group":"30-39   ","count":59,"tested":239},{"age_group":"40-49   ","count":62,"tested":213},{"age_group":"50-59   ","count":63,"tested":289},{"age_group":"60-69   ","count":59,"tested":242},{"age_group":"70-79   ","count":39,"tested":119},{"age_group":"80+","count":42,"tested":50}],"race":[{"description":"White","count":145,"tested":744,"color":"rgb(31,119,180)"},{"description":"Left Blank","count":108,"tested":940,"color":"rgb(44,160,44)"}],"gender":[{"description":"Male","count":124,"tested":645,"color":"rgb(31,119,180)"},{"description":"Female","count":135,"tested":1060,"color":"rgb(255,127,14)"}]}
