{"age":[{"age_group":"<20","count":234,"tested":805},{"age_group":"20-29   ","count":233,"tested":827},{"age_group":"30-39   ","count":225,"tested":842},{"age_group":"40-49   ","count":236,"tested":822},{"age_group":"50-59   ","count":223,"tested":801},{"age_group":"60-69   ","count":222,"tested":827},{"age_group":"70-79   ","count":216,"tested":511},{"age_group":"80+","count":223,"tested":925}],"race":[{"description":"Left Blank","count":268,"tested":1723,"color":"rgb(44,160,44)"},{"description":"White","count":337,"tested":4463,"color":"rgb(31,119,180)"}],"gender":[{"description":"Male","count":291,"tested":2300,"color":"rgb(31,119,180)"},{"description":"Female","count":319,"tested":3562,"color":"rgb(255,127,14)"}]}
