{"age":[{"age_group":"<20","count":395,"tested":3779},{"age_group":"20-29   ","count":390,"tested":4048},{"age_group":"30-39   ","count":283,"tested":3466},{"age_group":"40-49   ","count":298,"tested":2930},{"age_group":"50-59   ","count":328,"tested":3418},{"age_group":"60-69   ","count":240,"tested":3540},{"age_group":"70-79   ","count":144,"tested":1993},{"age_group":"80+","count":97,"tested":1704}],"race":[{"description":"Other","count":91,"tested":539,"color":"rgb(148,103,189)"},{"description":"Black","count":108,"tested":513,"color":"rgb(255,127,14)"},{"description":"Asian","count":114,"tested":629,"color":"rgb(140,86,75)"},{"description":"Left Blank","count":544,"tested":13126,"color":"rgb(44,160,44)"},{"description":"White","count":1063,"tested":9545,"color":"rgb(31,119,180)"},{"description":"Hispanic","count":145,"tested":511,"color":"rgb(214,39,40)"}],"gender":[{"description":"Female","count":964,"tested":14161,"color":"rgb(255,127,14)"},{"description":"Male","count":881,"tested":10536,"color":"rgb(31,119,180)"},{"description":"Unknown/Left Blank","count":60,"tested":184,"color":"rgb(44,160,44)"}]}
