{"age":[{"age_group":"<20","count":53,"tested":425},{"age_group":"20-29   ","count":61,"tested":555},{"age_group":"30-39   ","count":46,"tested":444},{"age_group":"40-49   ","count":56,"tested":508},{"age_group":"50-59   ","count":37,"tested":472},{"age_group":"60-69   ","count":37,"tested":460},{"age_group":"70-79   ","count":32,"tested":198}],"race":[{"description":"Other","count":21,"tested":41,"color":"rgb(148,103,189)"},{"description":"White","count":173,"tested":2218,"color":"rgb(31,119,180)"},{"description":"Left Blank","count":68,"tested":866,"color":"rgb(44,160,44)"}],"gender":[{"description":"Female","count":136,"tested":2282,"color":"rgb(255,127,14)"},{"description":"Male","count":114,"tested":856,"color":"rgb(31,119,180)"}]}
