{"age":[{"age_group":"<20","count":509,"tested":3168},{"age_group":"20-29   ","count":511,"tested":3512},{"age_group":"30-39   ","count":541,"tested":3491},{"age_group":"40-49   ","count":545,"tested":3481},{"age_group":"50-59   ","count":379,"tested":2628},{"age_group":"60-69   ","count":256,"tested":1583},{"age_group":"70-79   ","count":191,"tested":830},{"age_group":"80+","count":133,"tested":445}],"race":[{"description":"Hispanic","count":914,"tested":3891,"color":"rgb(214,39,40)"},{"description":"Asian","count":147,"tested":292,"color":"rgb(140,86,75)"},{"description":"White","count":685,"tested":6126,"color":"rgb(31,119,180)"},{"description":"Black","count":243,"tested":1128,"color":"rgb(255,127,14)"},{"description":"Other","count":166,"tested":711,"color":"rgb(148,103,189)"},{"description":"Left Blank","count":678,"tested":6971,"color":"rgb(44,160,44)"}],"gender":[{"description":"Male","count":1126,"tested":8099,"color":"rgb(31,119,180)"},{"description":"Female","count":1252,"tested":10906,"color":"rgb(255,127,14)"}]}
