{"age":[{"age_group":"<20","count":19,"tested":61},{"age_group":"20-29   ","count":22,"tested":98},{"age_group":"30-39   ","count":14,"tested":57},{"age_group":"40-49   ","count":18,"tested":65},{"age_group":"50-59   ","count":18,"tested":117},{"age_group":"70-79   ","count":14,"tested":52}],"race":[{"description":"White","count":44,"tested":335,"color":"rgb(31,119,180)"},{"description":"Left Blank","count":29,"tested":166,"color":"rgb(44,160,44)"}],"gender":[{"description":"Male","count":29,"tested":175,"color":"rgb(31,119,180)"},{"description":"Female","count":47,"tested":359,"color":"rgb(255,127,14)"}]}
