{"age":[{"age_group":"<20","count":59,"tested":370},{"age_group":"20-29   ","count":70,"tested":352},{"age_group":"30-39   ","count":68,"tested":323},{"age_group":"40-49   ","count":88,"tested":346},{"age_group":"50-59   ","count":73,"tested":511},{"age_group":"60-69   ","count":59,"tested":316},{"age_group":"70-79   ","count":41,"tested":196},{"age_group":"80+","count":38,"tested":107}],"race":[{"description":"Other","count":37,"tested":82,"color":"rgb(148,103,189)"},{"description":"Hispanic","count":42,"tested":70,"color":"rgb(214,39,40)"},{"description":"Left Blank","count":83,"tested":802,"color":"rgb(44,160,44)"},{"description":"White","count":212,"tested":1551,"color":"rgb(31,119,180)"}],"gender":[{"description":"Female","count":166,"tested":1436,"color":"rgb(255,127,14)"},{"description":"Male","count":150,"tested":1039,"color":"rgb(31,119,180)"}]}
