{"age":[{"age_group":"<20","count":331,"tested":2664},{"age_group":"20-29   ","count":363,"tested":3032},{"age_group":"30-39   ","count":315,"tested":3145},{"age_group":"40-49   ","count":280,"tested":2448},{"age_group":"50-59   ","count":296,"tested":3148},{"age_group":"60-69   ","count":293,"tested":3111},{"age_group":"70-79   ","count":156,"tested":1853},{"age_group":"80+","count":161,"tested":2278}],"race":[{"description":"Hispanic","count":182,"tested":426,"color":"rgb(214,39,40)"},{"description":"Asian","count":131,"tested":391,"color":"rgb(140,86,75)"},{"description":"Left Blank","count":593,"tested":12219,"color":"rgb(44,160,44)"},{"description":"White","count":851,"tested":7623,"color":"rgb(31,119,180)"},{"description":"Black","count":129,"tested":448,"color":"rgb(255,127,14)"},{"description":"Other","count":135,"tested":592,"color":"rgb(148,103,189)"}],"gender":[{"description":"Unknown/Left Blank","count":96,"tested":368,"color":"rgb(44,160,44)"},{"description":"Male","count":796,"tested":9151,"color":"rgb(31,119,180)"},{"description":"Female","count":873,"tested":12193,"color":"rgb(255,127,14)"}]}
