{"age":[{"age_group":"<20","count":41,"tested":217},{"age_group":"20-29   ","count":55,"tested":177},{"age_group":"40-49   ","count":46,"tested":227},{"age_group":"50-59   ","count":52,"tested":312},{"age_group":"60-69   ","count":45,"tested":135}],"race":[{"description":"Other","count":38,"tested":24,"color":"rgb(148,103,189)"},{"description":"White","count":96,"tested":906,"color":"rgb(31,119,180)"},{"description":"Left Blank","count":53,"tested":406,"color":"rgb(44,160,44)"}],"gender":[{"description":"Male","count":71,"tested":451,"color":"rgb(31,119,180)"},{"description":"Female","count":85,"tested":889,"color":"rgb(255,127,14)"}]}
