{"lastUpdatedDate":{"year":2021,"month":1,"day":27},"county_demographics":[{"County":"Edwards","confirmed_cases":487,"total_tested":3233,"demographics":{"age":[{"race":[],"age_group":"30-39   ","count":55,"tested":413,"deaths":0},{"race":[],"age_group":"20-29   ","count":59,"tested":497,"deaths":0},{"race":[],"age_group":"70-79   ","count":64,"tested":249,"deaths":0},{"race":[],"age_group":"50-59   ","count":76,"tested":480,"deaths":0},{"race":[],"age_group":"60-69   ","count":72,"tested":367,"deaths":0},{"race":[],"age_group":"Unknown","count":0,"tested":0,"deaths":0},{"race":[],"age_group":"80+","count":27,"tested":139,"deaths":0},{"race":[],"age_group":"<20","count":68,"tested":642,"deaths":0},{"race":[],"age_group":"40-49   ","count":64,"tested":445,"deaths":0}],"race":[{"description":"Asian","count":0,"tested":0,"deaths":0,"color":"rgb(140,86,75)"},{"description":"Black","count":0,"tested":6,"deaths":0,"color":"rgb(255,127,14)"},{"description":"Hispanic","count":0,"tested":7,"deaths":0,"color":"rgb(214,39,40)"},{"description":"Left Blank","count":38,"tested":710,"deaths":0,"color":"rgb(44,160,44)"},{"description":"Other","count":0,"tested":7,"deaths":0,"color":"rgb(148,103,189)"},{"description":"White","count":441,"tested":2499,"deaths":0,"color":"rgb(31,119,180)"}],"gender":[{"description":"Female","count":259,"tested":2108,"deaths":0,"color":"rgb(255,127,14)"},{"description":"Male","count":223,"tested":1006,"deaths":0,"color":"rgb(31,119,180)"},{"description":"Unknown/Left Blank","count":0,"tested":119,"deaths":0,"color":"rgb(44,160,44)"}]}}]}
