{"lastUpdatedDate":{"year":2021,"month":1,"day":27},"county_demographics":[{"County":"Iroquois","confirmed_cases":2659,"total_tested":35482,"demographics":{"age":[{"race":[],"age_group":"20-29   ","count":388,"tested":4483,"deaths":0},{"race":[],"age_group":"30-39   ","count":343,"tested":4458,"deaths":0},{"race":[],"age_group":"50-59   ","count":402,"tested":4912,"deaths":0},{"race":[],"age_group":"40-49   ","count":357,"tested":3815,"deaths":0},{"race":[],"age_group":"80+","count":170,"tested":5191,"deaths":0},{"race":[],"age_group":"Unknown","count":0,"tested":0,"deaths":0},{"race":[],"age_group":"60-69   ","count":354,"tested":4550,"deaths":0},{"race":[],"age_group":"<20","count":412,"tested":4666,"deaths":0},{"race":[],"age_group":"70-79   ","count":233,"tested":3403,"deaths":0}],"race":[{"description":"AI/AN**","count":0,"tested":9,"deaths":0,"color":"rgb(31,119,180)"},{"description":"Asian","count":0,"tested":54,"deaths":0,"color":"rgb(140,86,75)"},{"description":"Black","count":27,"tested":294,"deaths":0,"color":"rgb(255,127,14)"},{"description":"Hispanic","count":222,"tested":1036,"deaths":0,"color":"rgb(214,39,40)"},{"description":"Left Blank","count":353,"tested":10849,"deaths":0,"color":"rgb(44,160,44)"},{"description":"NH/PI*","count":0,"tested":6,"deaths":0,"color":"rgb(127,127,127)"},{"description":"Other","count":64,"tested":598,"deaths":0,"color":"rgb(148,103,189)"},{"description":"White","count":1986,"tested":22636,"deaths":0,"color":"rgb(31,119,180)"}],"gender":[{"description":"Female","count":1407,"tested":22887,"deaths":0,"color":"rgb(255,127,14)"},{"description":"Male","count":1170,"tested":11996,"deaths":0,"color":"rgb(31,119,180)"},{"description":"Unknown/Left Blank","count":82,"tested":599,"deaths":0,"color":"rgb(44,160,44)"}]}}]}
