{"lastUpdatedDate":{"year":2021,"month":1,"day":27},"county_demographics":[{"County":"Fulton","confirmed_cases":2656,"total_tested":55643,"demographics":{"age":[{"race":[],"age_group":"<20","count":436,"tested":5087,"deaths":0},{"race":[],"age_group":"Unknown","count":0,"tested":4177,"deaths":0},{"race":[],"age_group":"30-39   ","count":364,"tested":8795,"deaths":0},{"race":[],"age_group":"40-49   ","count":409,"tested":8190,"deaths":0},{"race":[],"age_group":"70-79   ","count":187,"tested":3283,"deaths":0},{"race":[],"age_group":"20-29   ","count":427,"tested":8270,"deaths":0},{"race":[],"age_group":"60-69   ","count":302,"tested":5806,"deaths":0},{"race":[],"age_group":"80+","count":158,"tested":3756,"deaths":0},{"race":[],"age_group":"50-59   ","count":353,"tested":8279,"deaths":0}],"race":[{"description":"AI/AN**","count":0,"tested":13,"deaths":0,"color":"rgb(31,119,180)"},{"description":"Asian","count":0,"tested":21,"deaths":0,"color":"rgb(140,86,75)"},{"description":"Black","count":93,"tested":519,"deaths":0,"color":"rgb(255,127,14)"},{"description":"Hispanic","count":41,"tested":151,"deaths":0,"color":"rgb(214,39,40)"},{"description":"Left Blank","count":1852,"tested":44263,"deaths":0,"color":"rgb(44,160,44)"},{"description":"NH/PI*","count":0,"tested":0,"deaths":0,"color":"rgb(127,127,127)"},{"description":"Other","count":20,"tested":222,"deaths":0,"color":"rgb(148,103,189)"},{"description":"White","count":645,"tested":10452,"deaths":0,"color":"rgb(31,119,180)"}],"gender":[{"description":"Female","count":1331,"tested":28025,"deaths":0,"color":"rgb(255,127,14)"},{"description":"Male","count":1251,"tested":16666,"deaths":0,"color":"rgb(31,119,180)"},{"description":"Unknown/Left Blank","count":73,"tested":10952,"deaths":0,"color":"rgb(44,160,44)"}]}}]}
