{"lastUpdatedDate":{"year":2021,"month":1,"day":27},"county_demographics":[{"County":"Vermilion","confirmed_cases":7897,"total_tested":93192,"demographics":{"age":[{"race":[],"age_group":"70-79   ","count":558,"tested":7558,"deaths":0},{"race":[],"age_group":"40-49   ","count":1192,"tested":12764,"deaths":0},{"race":[],"age_group":"80+","count":363,"tested":6029,"deaths":0},{"race":[],"age_group":"<20","count":1250,"tested":12686,"deaths":0},{"race":[],"age_group":"60-69   ","count":928,"tested":11413,"deaths":0},{"race":[],"age_group":"Unknown","count":0,"tested":2224,"deaths":0},{"race":[],"age_group":"50-59   ","count":1116,"tested":12238,"deaths":0},{"race":[],"age_group":"20-29   ","count":1237,"tested":13893,"deaths":0},{"race":[],"age_group":"30-39   ","count":1252,"tested":14387,"deaths":0}],"race":[{"description":"AI/AN**","count":0,"tested":52,"deaths":0,"color":"rgb(31,119,180)"},{"description":"Asian","count":28,"tested":282,"deaths":0,"color":"rgb(140,86,75)"},{"description":"Black","count":1069,"tested":7340,"deaths":0,"color":"rgb(255,127,14)"},{"description":"Hispanic","count":421,"tested":2006,"deaths":0,"color":"rgb(214,39,40)"},{"description":"Left Blank","count":964,"tested":28118,"deaths":0,"color":"rgb(44,160,44)"},{"description":"NH/PI*","count":0,"tested":55,"deaths":0,"color":"rgb(127,127,127)"},{"description":"Other","count":354,"tested":2564,"deaths":0,"color":"rgb(148,103,189)"},{"description":"White","count":5052,"tested":52775,"deaths":0,"color":"rgb(31,119,180)"}],"gender":[{"description":"Female","count":3769,"tested":47267,"deaths":0,"color":"rgb(255,127,14)"},{"description":"Male","count":3808,"tested":34368,"deaths":0,"color":"rgb(31,119,180)"},{"description":"Unknown/Left Blank","count":320,"tested":11557,"deaths":0,"color":"rgb(44,160,44)"}]}}]}
