{"lastUpdatedDate":{"year":2021,"month":1,"day":27},"county_demographics":[{"County":"Randolph","confirmed_cases":3826,"total_tested":38716,"demographics":{"age":[{"race":[],"age_group":"Unknown","count":0,"tested":29,"deaths":0},{"race":[],"age_group":"20-29   ","count":615,"tested":5825,"deaths":0},{"race":[],"age_group":"30-39   ","count":604,"tested":6022,"deaths":0},{"race":[],"age_group":"70-79   ","count":235,"tested":2548,"deaths":0},{"race":[],"age_group":"50-59   ","count":531,"tested":5428,"deaths":0},{"race":[],"age_group":"40-49   ","count":584,"tested":5784,"deaths":0},{"race":[],"age_group":"60-69   ","count":424,"tested":4146,"deaths":0},{"race":[],"age_group":"80+","count":269,"tested":4698,"deaths":0},{"race":[],"age_group":"<20","count":556,"tested":4236,"deaths":0}],"race":[{"description":"AI/AN**","count":0,"tested":0,"deaths":0,"color":"rgb(31,119,180)"},{"description":"Asian","count":0,"tested":31,"deaths":0,"color":"rgb(140,86,75)"},{"description":"Black","count":194,"tested":1399,"deaths":0,"color":"rgb(255,127,14)"},{"description":"Hispanic","count":132,"tested":331,"deaths":0,"color":"rgb(214,39,40)"},{"description":"Left Blank","count":1323,"tested":16466,"deaths":0,"color":"rgb(44,160,44)"},{"description":"NH/PI*","count":0,"tested":0,"deaths":0,"color":"rgb(127,127,127)"},{"description":"Other","count":12,"tested":276,"deaths":0,"color":"rgb(148,103,189)"},{"description":"White","count":2158,"tested":20209,"deaths":0,"color":"rgb(31,119,180)"}],"gender":[{"description":"Female","count":1955,"tested":23055,"deaths":0,"color":"rgb(255,127,14)"},{"description":"Male","count":1778,"tested":13458,"deaths":0,"color":"rgb(31,119,180)"},{"description":"Unknown/Left Blank","count":93,"tested":2203,"deaths":0,"color":"rgb(44,160,44)"}]}}]}
