{"age":[{"age_group":"<20","count":568,"tested":10980},{"age_group":"20-29   ","count":234,"tested":5235},{"age_group":"30-39   ","count":142,"tested":3893},{"age_group":"40-49   ","count":256,"tested":6322},{"age_group":"50-59   ","count":288,"tested":6970},{"age_group":"60-69   ","count":124,"tested":4455},{"age_group":"70-79   ","count":85,"tested":2749},{"age_group":"80+","count":92,"tested":2301}],"race":[{"description":"Asian","count":72,"tested":2076,"color":"rgb(140,86,75)"},{"description":"Black","count":26,"tested":307,"color":"rgb(255,127,14)"},{"description":"Hispanic","count":77,"tested":818,"color":"rgb(214,39,40)"},{"description":"Left Blank","count":373,"tested":17073,"color":"rgb(44,160,44)"},{"description":"Other","count":205,"tested":3266,"color":"rgb(148,103,189)"},{"description":"White","count":1033,"tested":19297,"color":"rgb(31,119,180)"}],"gender":[]}
