{"age":[{"age_group":"<20","count":53,"tested":420},{"age_group":"20-29   ","count":54,"tested":646},{"age_group":"30-39   ","count":50,"tested":596},{"age_group":"40-49   ","count":48,"tested":449},{"age_group":"50-59   ","count":65,"tested":820},{"age_group":"60-69   ","count":34,"tested":687},{"age_group":"70-79   ","count":18,"tested":313},{"age_group":"80+","count":11,"tested":207}],"race":[{"description":"Black","count":9,"tested":96,"color":"rgb(255,127,14)"},{"description":"Hispanic","count":29,"tested":170,"color":"rgb(214,39,40)"},{"description":"Left Blank","count":75,"tested":1293,"color":"rgb(44,160,44)"},{"description":"White","count":216,"tested":2398,"color":"rgb(31,119,180)"}],"gender":[]}
