{"age":[{"age_group":"<20","count":711,"tested":8375},{"age_group":"20-29   ","count":934,"tested":14041},{"age_group":"30-39   ","count":977,"tested":14855},{"age_group":"40-49   ","count":925,"tested":15449},{"age_group":"50-59   ","count":922,"tested":18759},{"age_group":"60-69   ","count":669,"tested":15816},{"age_group":"70-79   ","count":388,"tested":7766},{"age_group":"80+","count":254,"tested":4378}],"race":[{"description":"AI/AN**","count":9,"tested":56,"color":"rgb(31,119,180)"},{"description":"Asian","count":8,"tested":108,"color":"rgb(140,86,75)"},{"description":"Black","count":3882,"tested":51820,"color":"rgb(255,127,14)"},{"description":"Hispanic","count":149,"tested":1166,"color":"rgb(214,39,40)"},{"description":"Left Blank","count":1485,"tested":43398,"color":"rgb(44,160,44)"},{"description":"Other","count":148,"tested":1526,"color":"rgb(148,103,189)"},{"description":"White","count":99,"tested":1238,"color":"rgb(31,119,180)"}],"gender":[]}
