{"age":[{"age_group":"<20","count":116,"tested":1706},{"age_group":"20-29   ","count":99,"tested":1989},{"age_group":"30-39   ","count":105,"tested":2015},{"age_group":"40-49   ","count":117,"tested":2355},{"age_group":"50-59   ","count":104,"tested":2146},{"age_group":"60-69   ","count":54,"tested":1822},{"age_group":"70-79   ","count":33,"tested":1300},{"age_group":"80+","count":47,"tested":1417}],"race":[{"description":"Black","count":11,"tested":254,"color":"rgb(255,127,14)"},{"description":"Hispanic","count":353,"tested":3114,"color":"rgb(214,39,40)"},{"description":"Left Blank","count":115,"tested":8518,"color":"rgb(44,160,44)"},{"description":"Other","count":45,"tested":464,"color":"rgb(148,103,189)"},{"description":"White","count":147,"tested":2128,"color":"rgb(31,119,180)"}],"gender":[]}
