{"age":[{"age_group":"<20","count":1195,"tested":10583},{"age_group":"20-29   ","count":1457,"tested":17614},{"age_group":"30-39   ","count":1354,"tested":15972},{"age_group":"40-49   ","count":1347,"tested":14218},{"age_group":"50-59   ","count":983,"tested":11367},{"age_group":"60-69   ","count":665,"tested":10533},{"age_group":"70-79   ","count":298,"tested":5817},{"age_group":"80+","count":139,"tested":3772}],"race":[{"description":"AI/AN**","count":10,"tested":63,"color":"rgb(31,119,180)"},{"description":"Asian","count":105,"tested":2070,"color":"rgb(140,86,75)"},{"description":"Black","count":991,"tested":13254,"color":"rgb(255,127,14)"},{"description":"Hispanic","count":3992,"tested":22026,"color":"rgb(214,39,40)"},{"description":"Left Blank","count":1363,"tested":38929,"color":"rgb(44,160,44)"},{"description":"Other","count":272,"tested":3275,"color":"rgb(148,103,189)"},{"description":"White","count":702,"tested":10252,"color":"rgb(31,119,180)"}],"gender":[]}
