{"age":[{"age_group":"<20","count":344,"tested":3682},{"age_group":"20-29   ","count":342,"tested":3667},{"age_group":"30-39   ","count":321,"tested":3481},{"age_group":"40-49   ","count":418,"tested":3784},{"age_group":"50-59   ","count":344,"tested":3885},{"age_group":"60-69   ","count":183,"tested":2994},{"age_group":"70-79   ","count":143,"tested":2800},{"age_group":"80+","count":82,"tested":3072}],"race":[{"description":"Asian","count":27,"tested":366,"color":"rgb(140,86,75)"},{"description":"Black","count":92,"tested":1264,"color":"rgb(255,127,14)"},{"description":"Hispanic","count":228,"tested":1372,"color":"rgb(214,39,40)"},{"description":"Left Blank","count":653,"tested":11030,"color":"rgb(44,160,44)"},{"description":"Other","count":52,"tested":930,"color":"rgb(148,103,189)"},{"description":"White","count":1121,"tested":12353,"color":"rgb(31,119,180)"}],"gender":[]}
