{"age":[{"age_group":"<20","count":484,"tested":4737},{"age_group":"20-29   ","count":669,"tested":6392},{"age_group":"30-39   ","count":453,"tested":5414},{"age_group":"40-49   ","count":532,"tested":5864},{"age_group":"50-59   ","count":504,"tested":7001},{"age_group":"60-69   ","count":305,"tested":5409},{"age_group":"70-79   ","count":159,"tested":3491},{"age_group":"80+","count":138,"tested":3635}],"race":[{"description":"Asian","count":46,"tested":602,"color":"rgb(140,86,75)"},{"description":"Black","count":64,"tested":965,"color":"rgb(255,127,14)"},{"description":"Hispanic","count":1479,"tested":9180,"color":"rgb(214,39,40)"},{"description":"Left Blank","count":870,"tested":21566,"color":"rgb(44,160,44)"},{"description":"Other","count":125,"tested":1577,"color":"rgb(148,103,189)"},{"description":"White","count":654,"tested":8029,"color":"rgb(31,119,180)"}],"gender":[]}
