{"age":[{"age_group":"<20","count":279,"tested":2985},{"age_group":"20-29   ","count":244,"tested":2530},{"age_group":"30-39   ","count":222,"tested":2152},{"age_group":"40-49   ","count":271,"tested":2561},{"age_group":"50-59   ","count":241,"tested":2611},{"age_group":"60-69   ","count":152,"tested":1741},{"age_group":"70-79   ","count":60,"tested":1028},{"age_group":"80+","count":23,"tested":479}],"race":[{"description":"Asian","count":10,"tested":118,"color":"rgb(140,86,75)"},{"description":"Black","count":7,"tested":231,"color":"rgb(255,127,14)"},{"description":"Hispanic","count":105,"tested":754,"color":"rgb(214,39,40)"},{"description":"Left Blank","count":449,"tested":4630,"color":"rgb(44,160,44)"},{"description":"Other","count":35,"tested":514,"color":"rgb(148,103,189)"},{"description":"White","count":885,"tested":9814,"color":"rgb(31,119,180)"}],"gender":[]}
