{"age":[{"age_group":"<20","count":82,"tested":1115},{"age_group":"20-29   ","count":98,"tested":1231},{"age_group":"30-39   ","count":89,"tested":1477},{"age_group":"40-49   ","count":70,"tested":1565},{"age_group":"50-59   ","count":113,"tested":3299},{"age_group":"60-69   ","count":62,"tested":1979},{"age_group":"70-79   ","count":43,"tested":843},{"age_group":"80+","count":46,"tested":2100}],"race":[{"description":"Hispanic","count":18,"tested":234,"color":"rgb(214,39,40)"},{"description":"Left Blank","count":87,"tested":3401,"color":"rgb(44,160,44)"},{"description":"Other","count":32,"tested":300,"color":"rgb(148,103,189)"},{"description":"White","count":460,"tested":9272,"color":"rgb(31,119,180)"}],"gender":[]}
