{"age":[{"age_group":"<20","count":588,"tested":4481},{"age_group":"20-29   ","count":740,"tested":6039},{"age_group":"30-39   ","count":680,"tested":5263},{"age_group":"40-49   ","count":659,"tested":4498},{"age_group":"50-59   ","count":523,"tested":4126},{"age_group":"60-69   ","count":318,"tested":3592},{"age_group":"70-79   ","count":140,"tested":2497},{"age_group":"80+","count":82,"tested":2353}],"race":[{"description":"Asian","count":19,"tested":278,"color":"rgb(140,86,75)"},{"description":"Black","count":118,"tested":1360,"color":"rgb(255,127,14)"},{"description":"Hispanic","count":1786,"tested":9140,"color":"rgb(214,39,40)"},{"description":"Left Blank","count":982,"tested":13425,"color":"rgb(44,160,44)"},{"description":"Other","count":171,"tested":1639,"color":"rgb(148,103,189)"},{"description":"White","count":650,"tested":7015,"color":"rgb(31,119,180)"}],"gender":[]}
