{"age":[{"age_group":"<20","count":7,"tested":142},{"age_group":"20-29   ","count":69,"tested":1933},{"age_group":"30-39   ","count":131,"tested":2317},{"age_group":"40-49   ","count":110,"tested":2314},{"age_group":"50-59   ","count":89,"tested":1710},{"age_group":"60-69   ","count":66,"tested":1011},{"age_group":"70-79   ","count":11,"tested":193}],"race":[{"description":"Black","count":230,"tested":2206,"color":"rgb(255,127,14)"},{"description":"Hispanic","count":56,"tested":285,"color":"rgb(214,39,40)"},{"description":"Left Blank","count":99,"tested":7077,"color":"rgb(44,160,44)"},{"description":"White","count":94,"tested":796,"color":"rgb(31,119,180)"}],"gender":[]}
