{"age":[{"age_group":"<20","count":322,"tested":2360},{"age_group":"20-29   ","count":361,"tested":3262},{"age_group":"30-39   ","count":341,"tested":2545},{"age_group":"40-49   ","count":267,"tested":1963},{"age_group":"50-59   ","count":274,"tested":2084},{"age_group":"60-69   ","count":191,"tested":1819},{"age_group":"70-79   ","count":105,"tested":791},{"age_group":"80+","count":52,"tested":1314}],"race":[{"description":"Black","count":12,"tested":329,"color":"rgb(255,127,14)"},{"description":"Hispanic","count":409,"tested":1292,"color":"rgb(214,39,40)"},{"description":"Left Blank","count":830,"tested":8908,"color":"rgb(44,160,44)"},{"description":"Other","count":32,"tested":245,"color":"rgb(148,103,189)"},{"description":"White","count":634,"tested":5317,"color":"rgb(31,119,180)"}],"gender":[]}
