{"age":[{"age_group":"<20","count":20,"tested":187},{"age_group":"20-29   ","count":10,"tested":130},{"age_group":"30-39   ","count":19,"tested":134},{"age_group":"40-49   ","count":16,"tested":138},{"age_group":"50-59   ","count":25,"tested":143},{"age_group":"60-69   ","count":10,"tested":129},{"age_group":"70-79   ","count":6,"tested":95}],"race":[{"description":"Left Blank","count":17,"tested":271,"color":"rgb(44,160,44)"},{"description":"White","count":89,"tested":667,"color":"rgb(31,119,180)"}],"gender":[]}
