{"age":[{"age_group":"<20","count":22,"tested":386},{"age_group":"20-29   ","count":36,"tested":324},{"age_group":"30-39   ","count":30,"tested":364},{"age_group":"40-49   ","count":24,"tested":274},{"age_group":"50-59   ","count":33,"tested":303},{"age_group":"60-69   ","count":13,"tested":170},{"age_group":"70-79   ","count":10,"tested":115}],"race":[{"description":"Left Blank","count":30,"tested":539,"color":"rgb(44,160,44)"},{"description":"Other","count":19,"tested":145,"color":"rgb(148,103,189)"},{"description":"White","count":123,"tested":1240,"color":"rgb(31,119,180)"}],"gender":[]}
