{"age":[{"age_group":"<20","count":88,"tested":875},{"age_group":"20-29   ","count":131,"tested":1750},{"age_group":"30-39   ","count":96,"tested":1815},{"age_group":"40-49   ","count":100,"tested":1605},{"age_group":"50-59   ","count":130,"tested":2248},{"age_group":"60-69   ","count":124,"tested":2272},{"age_group":"70-79   ","count":75,"tested":1307},{"age_group":"80+","count":29,"tested":596}],"race":[{"description":"Black","count":44,"tested":1286,"color":"rgb(255,127,14)"},{"description":"Hispanic","count":112,"tested":701,"color":"rgb(214,39,40)"},{"description":"Left Blank","count":189,"tested":2871,"color":"rgb(44,160,44)"},{"description":"Other","count":15,"tested":270,"color":"rgb(148,103,189)"},{"description":"White","count":410,"tested":7305,"color":"rgb(31,119,180)"}],"gender":[]}
