{"age":[{"age_group":"<20","count":3225,"tested":22235},{"age_group":"20-29   ","count":3662,"tested":32000},{"age_group":"30-39   ","count":3095,"tested":23740},{"age_group":"40-49   ","count":3152,"tested":21692},{"age_group":"50-59   ","count":2348,"tested":17601},{"age_group":"60-69   ","count":1353,"tested":12326},{"age_group":"70-79   ","count":500,"tested":5618},{"age_group":"80+","count":202,"tested":2560}],"race":[{"description":"AI/AN**","count":28,"tested":259,"color":"rgb(31,119,180)"},{"description":"Asian","count":26,"tested":423,"color":"rgb(140,86,75)"},{"description":"Black","count":1280,"tested":14702,"color":"rgb(255,127,14)"},{"description":"Hispanic","count":10779,"tested":56185,"color":"rgb(214,39,40)"},{"description":"Left Blank","count":3908,"tested":49380,"color":"rgb(44,160,44)"},{"description":"NH/PI*","count":9,"tested":88,"color":"rgb(127,127,127)"},{"description":"Other","count":676,"tested":6537,"color":"rgb(148,103,189)"},{"description":"White","count":831,"tested":10241,"color":"rgb(31,119,180)"}],"gender":[]}
