{"age":[{"age_group":"<20","count":135,"tested":1238},{"age_group":"20-29   ","count":188,"tested":2193},{"age_group":"30-39   ","count":155,"tested":1670},{"age_group":"40-49   ","count":141,"tested":1498},{"age_group":"50-59   ","count":152,"tested":1596},{"age_group":"60-69   ","count":107,"tested":1265},{"age_group":"70-79   ","count":50,"tested":733},{"age_group":"80+","count":15,"tested":339}],"race":[{"description":"Black","count":179,"tested":2289,"color":"rgb(255,127,14)"},{"description":"Hispanic","count":124,"tested":838,"color":"rgb(214,39,40)"},{"description":"Left Blank","count":297,"tested":3598,"color":"rgb(44,160,44)"},{"description":"Other","count":28,"tested":357,"color":"rgb(148,103,189)"},{"description":"White","count":311,"tested":3360,"color":"rgb(31,119,180)"}],"gender":[]}
