{"lastUpdatedDate":{"year":2021,"month":7,"day":15},"county_demographics":[{"County":"Kendall","confirmed_cases":13378,"total_tested":166167,"demographics":{"age":[{"race":[],"age_group":"<20","count":2600,"tested":34825,"deaths":0},{"race":[],"age_group":"20-29   ","count":2328,"tested":26969,"deaths":0},{"race":[],"age_group":"30-39   ","count":2427,"tested":27267,"deaths":0},{"race":[],"age_group":"40-49   ","count":2534,"tested":27124,"deaths":0},{"race":[],"age_group":"50-59   ","count":1853,"tested":22098,"deaths":0},{"race":[],"age_group":"60-69   ","count":925,"tested":13710,"deaths":0},{"race":[],"age_group":"70-79   ","count":456,"tested":8043,"deaths":0},{"race":[],"age_group":"80+","count":255,"tested":6103,"deaths":0},{"race":[],"age_group":"Unknown","count":0,"tested":28,"deaths":0}],"race":[{"description":"AI/AN**","count":11,"tested":152,"deaths":0,"color":"rgb(31,119,180)"},{"description":"Asian","count":217,"tested":3293,"deaths":0,"color":"rgb(140,86,75)"},{"description":"Black","count":836,"tested":9807,"deaths":0,"color":"rgb(255,127,14)"},{"description":"Hispanic","count":2877,"tested":19127,"deaths":0,"color":"rgb(214,39,40)"},{"description":"Left Blank","count":3331,"tested":62970,"deaths":0,"color":"rgb(44,160,44)"},{"description":"NH/PI*","count":9,"tested":104,"deaths":0,"color":"rgb(127,127,127)"},{"description":"Other","count":392,"tested":5227,"deaths":0,"color":"rgb(148,103,189)"},{"description":"White","count":5700,"tested":65487,"deaths":0,"color":"rgb(31,119,180)"}],"gender":[{"description":"Female","count":6958,"tested":92752,"deaths":0,"color":"rgb(255,127,14)"},{"description":"Male","count":6368,"tested":69667,"deaths":0,"color":"rgb(31,119,180)"},{"description":"Unknown/Left Blank","count":52,"tested":3748,"deaths":0,"color":"rgb(44,160,44)"}]}}]}
