{"lastUpdatedDate":{"year":2021,"month":7,"day":15},"county_demographics":[{"County":"Moultrie","confirmed_cases":1652,"total_tested":27287,"demographics":{"age":[{"race":[],"age_group":"<20","count":278,"tested":4226,"deaths":0},{"race":[],"age_group":"20-29   ","count":192,"tested":4016,"deaths":0},{"race":[],"age_group":"30-39   ","count":204,"tested":3716,"deaths":0},{"race":[],"age_group":"40-49   ","count":178,"tested":3720,"deaths":0},{"race":[],"age_group":"50-59   ","count":259,"tested":3877,"deaths":0},{"race":[],"age_group":"60-69   ","count":245,"tested":3482,"deaths":0},{"race":[],"age_group":"70-79   ","count":157,"tested":2166,"deaths":0},{"race":[],"age_group":"80+","count":139,"tested":1994,"deaths":0},{"race":[],"age_group":"Unknown","count":0,"tested":90,"deaths":0}],"race":[{"description":"AI/AN**","count":0,"tested":6,"deaths":0,"color":"rgb(31,119,180)"},{"description":"Asian","count":0,"tested":48,"deaths":0,"color":"rgb(140,86,75)"},{"description":"Black","count":13,"tested":266,"deaths":0,"color":"rgb(255,127,14)"},{"description":"Hispanic","count":13,"tested":126,"deaths":0,"color":"rgb(214,39,40)"},{"description":"Left Blank","count":424,"tested":8558,"deaths":0,"color":"rgb(44,160,44)"},{"description":"NH/PI*","count":0,"tested":21,"deaths":0,"color":"rgb(127,127,127)"},{"description":"Other","count":13,"tested":389,"deaths":0,"color":"rgb(148,103,189)"},{"description":"White","count":1185,"tested":17873,"deaths":0,"color":"rgb(31,119,180)"}],"gender":[{"description":"Female","count":853,"tested":17067,"deaths":0,"color":"rgb(255,127,14)"},{"description":"Male","count":774,"tested":9147,"deaths":0,"color":"rgb(31,119,180)"},{"description":"Unknown/Left Blank","count":25,"tested":1073,"deaths":0,"color":"rgb(44,160,44)"}]}}]}
