{"lastUpdatedDate":{"year":2021,"month":7,"day":15},"county_demographics":[{"County":"Fulton","confirmed_cases":4066,"total_tested":95204,"demographics":{"age":[{"race":[],"age_group":"<20","count":793,"tested":9676,"deaths":0},{"race":[],"age_group":"20-29   ","count":664,"tested":14812,"deaths":0},{"race":[],"age_group":"30-39   ","count":551,"tested":16349,"deaths":0},{"race":[],"age_group":"40-49   ","count":617,"tested":14507,"deaths":0},{"race":[],"age_group":"50-59   ","count":529,"tested":14220,"deaths":0},{"race":[],"age_group":"60-69   ","count":452,"tested":9845,"deaths":0},{"race":[],"age_group":"70-79   ","count":257,"tested":5512,"deaths":0},{"race":[],"age_group":"80+","count":194,"tested":6106,"deaths":0},{"race":[],"age_group":"Unknown","count":0,"tested":4177,"deaths":0}],"race":[{"description":"AI/AN**","count":0,"tested":26,"deaths":0,"color":"rgb(31,119,180)"},{"description":"Asian","count":0,"tested":41,"deaths":0,"color":"rgb(140,86,75)"},{"description":"Black","count":100,"tested":743,"deaths":0,"color":"rgb(255,127,14)"},{"description":"Hispanic","count":50,"tested":250,"deaths":0,"color":"rgb(214,39,40)"},{"description":"Left Blank","count":2694,"tested":67983,"deaths":0,"color":"rgb(44,160,44)"},{"description":"NH/PI*","count":0,"tested":0,"deaths":0,"color":"rgb(127,127,127)"},{"description":"Other","count":42,"tested":1740,"deaths":0,"color":"rgb(148,103,189)"},{"description":"White","count":1171,"tested":24416,"deaths":0,"color":"rgb(31,119,180)"}],"gender":[{"description":"Female","count":1992,"tested":46868,"deaths":0,"color":"rgb(255,127,14)"},{"description":"Male","count":1932,"tested":34386,"deaths":0,"color":"rgb(31,119,180)"},{"description":"Unknown/Left Blank","count":142,"tested":13950,"deaths":0,"color":"rgb(44,160,44)"}]}}]}
