{"lastUpdatedDate":{"year":2021,"month":7,"day":15},"county_demographics":[{"County":"Saline","confirmed_cases":2641,"total_tested":41507,"demographics":{"age":[{"race":[],"age_group":"<20","count":431,"tested":4954,"deaths":0},{"race":[],"age_group":"20-29   ","count":381,"tested":6233,"deaths":0},{"race":[],"age_group":"30-39   ","count":373,"tested":5758,"deaths":0},{"race":[],"age_group":"40-49   ","count":335,"tested":5603,"deaths":0},{"race":[],"age_group":"50-59   ","count":360,"tested":5772,"deaths":0},{"race":[],"age_group":"60-69   ","count":322,"tested":5071,"deaths":0},{"race":[],"age_group":"70-79   ","count":250,"tested":4043,"deaths":0},{"race":[],"age_group":"80+","count":189,"tested":4071,"deaths":0},{"race":[],"age_group":"Unknown","count":0,"tested":0,"deaths":0}],"race":[{"description":"AI/AN**","count":0,"tested":12,"deaths":0,"color":"rgb(31,119,180)"},{"description":"Asian","count":0,"tested":62,"deaths":0,"color":"rgb(140,86,75)"},{"description":"Black","count":80,"tested":1152,"deaths":0,"color":"rgb(255,127,14)"},{"description":"Hispanic","count":21,"tested":165,"deaths":0,"color":"rgb(214,39,40)"},{"description":"Left Blank","count":824,"tested":21012,"deaths":0,"color":"rgb(44,160,44)"},{"description":"NH/PI*","count":0,"tested":20,"deaths":0,"color":"rgb(127,127,127)"},{"description":"Other","count":17,"tested":182,"deaths":0,"color":"rgb(148,103,189)"},{"description":"White","count":1688,"tested":18902,"deaths":0,"color":"rgb(31,119,180)"}],"gender":[{"description":"Female","count":1434,"tested":23826,"deaths":0,"color":"rgb(255,127,14)"},{"description":"Male","count":1162,"tested":15539,"deaths":0,"color":"rgb(31,119,180)"},{"description":"Unknown/Left Blank","count":41,"tested":2142,"deaths":0,"color":"rgb(44,160,44)"}]}}]}
