{"age":[{"age_group":"<20","count":537,"tested":6286},{"age_group":"20-29   ","count":514,"tested":5702},{"age_group":"30-39   ","count":418,"tested":5254},{"age_group":"40-49   ","count":476,"tested":5229},{"age_group":"50-59   ","count":589,"tested":6726},{"age_group":"60-69   ","count":350,"tested":5200},{"age_group":"70-79   ","count":101,"tested":2330},{"age_group":"80+","count":67,"tested":1728}],"race":[{"description":"Asian","count":110,"tested":1388,"color":"rgb(140,86,75)"},{"description":"Black","count":69,"tested":858,"color":"rgb(255,127,14)"},{"description":"Hispanic","count":331,"tested":2256,"color":"rgb(214,39,40)"},{"description":"Left Blank","count":870,"tested":14732,"color":"rgb(44,160,44)"},{"description":"NH/PI*","count":7,"tested":30,"color":"rgb(127,127,127)"},{"description":"Other","count":54,"tested":666,"color":"rgb(148,103,189)"},{"description":"White","count":1607,"tested":18452,"color":"rgb(31,119,180)"}],"gender":[]}
