{"age":[{"age_group":"<20","count":698,"tested":11542},{"age_group":"20-29   ","count":553,"tested":9363},{"age_group":"30-39   ","count":415,"tested":8488},{"age_group":"40-49   ","count":547,"tested":9343},{"age_group":"50-59   ","count":577,"tested":11992},{"age_group":"60-69   ","count":377,"tested":9714},{"age_group":"70-79   ","count":166,"tested":6273},{"age_group":"80+","count":183,"tested":6344}],"race":[{"description":"AI/AN**","count":12,"tested":118,"color":"rgb(31,119,180)"},{"description":"Asian","count":273,"tested":5762,"color":"rgb(140,86,75)"},{"description":"Black","count":31,"tested":846,"color":"rgb(255,127,14)"},{"description":"Hispanic","count":253,"tested":2609,"color":"rgb(214,39,40)"},{"description":"Left Blank","count":701,"tested":31177,"color":"rgb(44,160,44)"},{"description":"NH/PI*","count":8,"tested":129,"color":"rgb(127,127,127)"},{"description":"Other","count":409,"tested":4290,"color":"rgb(148,103,189)"},{"description":"White","count":1830,"tested":28142,"color":"rgb(31,119,180)"}],"gender":[]}
