{"age":[{"age_group":"<20","count":324,"tested":3036},{"age_group":"20-29   ","count":247,"tested":3181},{"age_group":"30-39   ","count":253,"tested":3051},{"age_group":"40-49   ","count":265,"tested":2413},{"age_group":"50-59   ","count":212,"tested":2791},{"age_group":"60-69   ","count":148,"tested":2307},{"age_group":"70-79   ","count":47,"tested":1012},{"age_group":"80+","count":23,"tested":473}],"race":[{"description":"Asian","count":43,"tested":535,"color":"rgb(140,86,75)"},{"description":"Black","count":41,"tested":476,"color":"rgb(255,127,14)"},{"description":"Hispanic","count":474,"tested":2167,"color":"rgb(214,39,40)"},{"description":"Left Blank","count":183,"tested":6592,"color":"rgb(44,160,44)"},{"description":"Other","count":37,"tested":507,"color":"rgb(148,103,189)"},{"description":"White","count":737,"tested":7942,"color":"rgb(31,119,180)"}],"gender":[]}
