{"age":[{"age_group":"<20","count":94,"tested":3008},{"age_group":"20-29   ","count":839,"tested":21229},{"age_group":"30-39   ","count":585,"tested":15986},{"age_group":"40-49   ","count":220,"tested":6396},{"age_group":"50-59   ","count":243,"tested":6795},{"age_group":"60-69   ","count":195,"tested":6044},{"age_group":"70-79   ","count":126,"tested":4639},{"age_group":"80+","count":128,"tested":4346}],"race":[{"description":"Asian","count":196,"tested":7365,"color":"rgb(140,86,75)"},{"description":"Black","count":98,"tested":2324,"color":"rgb(255,127,14)"},{"description":"Hispanic","count":149,"tested":2067,"color":"rgb(214,39,40)"},{"description":"Left Blank","count":486,"tested":24432,"color":"rgb(44,160,44)"},{"description":"NH/PI*","count":8,"tested":44,"color":"rgb(127,127,127)"},{"description":"Other","count":223,"tested":3560,"color":"rgb(148,103,189)"},{"description":"White","count":1269,"tested":28532,"color":"rgb(31,119,180)"}],"gender":[]}
