{"age":[{"age_group":"<20","count":333,"tested":2765},{"age_group":"20-29   ","count":392,"tested":5210},{"age_group":"30-39   ","count":363,"tested":4372},{"age_group":"40-49   ","count":339,"tested":4611},{"age_group":"50-59   ","count":308,"tested":4922},{"age_group":"60-69   ","count":214,"tested":5852},{"age_group":"70-79   ","count":91,"tested":3048},{"age_group":"80+","count":47,"tested":2036}],"race":[{"description":"Asian","count":12,"tested":210,"color":"rgb(140,86,75)"},{"description":"Black","count":181,"tested":2327,"color":"rgb(255,127,14)"},{"description":"Hispanic","count":436,"tested":2976,"color":"rgb(214,39,40)"},{"description":"Left Blank","count":791,"tested":19814,"color":"rgb(44,160,44)"},{"description":"Other","count":46,"tested":639,"color":"rgb(148,103,189)"},{"description":"White","count":618,"tested":6791,"color":"rgb(31,119,180)"}],"gender":[]}
