{"age":[{"age_group":"<20","count":616,"tested":56762},{"age_group":"20-29   ","count":819,"tested":44900},{"age_group":"30-39   ","count":785,"tested":18218},{"age_group":"40-49   ","count":533,"tested":12934},{"age_group":"50-59   ","count":488,"tested":13279},{"age_group":"60-69   ","count":340,"tested":10000},{"age_group":"70-79   ","count":159,"tested":4499},{"age_group":"80+","count":128,"tested":3804}],"race":[{"description":"AI/AN**","count":8,"tested":518,"color":"rgb(31,119,180)"},{"description":"Asian","count":74,"tested":21194,"color":"rgb(140,86,75)"},{"description":"Black","count":2369,"tested":39641,"color":"rgb(255,127,14)"},{"description":"Hispanic","count":131,"tested":12248,"color":"rgb(214,39,40)"},{"description":"Left Blank","count":963,"tested":43749,"color":"rgb(44,160,44)"},{"description":"Other","count":51,"tested":1289,"color":"rgb(148,103,189)"},{"description":"White","count":269,"tested":45641,"color":"rgb(31,119,180)"}],"gender":[]}
