{"age":[{"age_group":"<20","count":143,"tested":1640},{"age_group":"20-29   ","count":158,"tested":1877},{"age_group":"30-39   ","count":98,"tested":1393},{"age_group":"40-49   ","count":153,"tested":1423},{"age_group":"50-59   ","count":136,"tested":1612},{"age_group":"60-69   ","count":140,"tested":2148},{"age_group":"70-79   ","count":75,"tested":1971},{"age_group":"80+","count":72,"tested":3434}],"race":[{"description":"Asian","count":8,"tested":198,"color":"rgb(140,86,75)"},{"description":"Black","count":8,"tested":96,"color":"rgb(255,127,14)"},{"description":"Hispanic","count":46,"tested":386,"color":"rgb(214,39,40)"},{"description":"Left Blank","count":401,"tested":8422,"color":"rgb(44,160,44)"},{"description":"Other","count":42,"tested":373,"color":"rgb(148,103,189)"},{"description":"White","count":468,"tested":6016,"color":"rgb(31,119,180)"}],"gender":[]}
