{"age":[{"age_group":"<20","count":23,"tested":323},{"age_group":"20-29   ","count":30,"tested":427},{"age_group":"30-39   ","count":22,"tested":244},{"age_group":"40-49   ","count":22,"tested":290},{"age_group":"50-59   ","count":23,"tested":346},{"age_group":"60-69   ","count":19,"tested":254},{"age_group":"70-79   ","count":11,"tested":141}],"race":[{"description":"Left Blank","count":23,"tested":517,"color":"rgb(44,160,44)"},{"description":"White","count":124,"tested":1454,"color":"rgb(31,119,180)"}],"gender":[]}
