{"age":[{"age_group":"<20","count":242,"tested":2581},{"age_group":"20-29   ","count":263,"tested":3350},{"age_group":"30-39   ","count":279,"tested":3894},{"age_group":"40-49   ","count":273,"tested":3614},{"age_group":"50-59   ","count":304,"tested":4575},{"age_group":"60-69   ","count":243,"tested":4522},{"age_group":"70-79   ","count":143,"tested":2767},{"age_group":"80+","count":64,"tested":1827}],"race":[{"description":"Asian","count":41,"tested":678,"color":"rgb(140,86,75)"},{"description":"Black","count":291,"tested":3681,"color":"rgb(255,127,14)"},{"description":"Hispanic","count":319,"tested":2448,"color":"rgb(214,39,40)"},{"description":"Left Blank","count":494,"tested":10995,"color":"rgb(44,160,44)"},{"description":"Other","count":100,"tested":1037,"color":"rgb(148,103,189)"},{"description":"White","count":564,"tested":8259,"color":"rgb(31,119,180)"}],"gender":[]}
