{"age":[{"age_group":"<20","count":41,"tested":466},{"age_group":"20-29   ","count":33,"tested":432},{"age_group":"30-39   ","count":30,"tested":479},{"age_group":"40-49   ","count":48,"tested":433},{"age_group":"50-59   ","count":29,"tested":418},{"age_group":"60-69   ","count":37,"tested":512},{"age_group":"70-79   ","count":25,"tested":228},{"age_group":"80+","count":6,"tested":142}],"race":[{"description":"Hispanic","count":24,"tested":91,"color":"rgb(214,39,40)"},{"description":"Left Blank","count":53,"tested":1604,"color":"rgb(44,160,44)"},{"description":"Other","count":13,"tested":75,"color":"rgb(148,103,189)"},{"description":"White","count":150,"tested":1255,"color":"rgb(31,119,180)"}],"gender":[]}
