{"age":[{"age_group":"<20","count":804,"tested":7123},{"age_group":"20-29   ","count":1006,"tested":9085},{"age_group":"30-39   ","count":936,"tested":7940},{"age_group":"40-49   ","count":890,"tested":6831},{"age_group":"50-59   ","count":771,"tested":7123},{"age_group":"60-69   ","count":536,"tested":5741},{"age_group":"70-79   ","count":218,"tested":3256},{"age_group":"80+","count":135,"tested":2433}],"race":[{"description":"AI/AN**","count":7,"tested":82,"color":"rgb(31,119,180)"},{"description":"Asian","count":227,"tested":1756,"color":"rgb(140,86,75)"},{"description":"Black","count":120,"tested":1159,"color":"rgb(255,127,14)"},{"description":"Hispanic","count":2241,"tested":8375,"color":"rgb(214,39,40)"},{"description":"Left Blank","count":955,"tested":23705,"color":"rgb(44,160,44)"},{"description":"NH/PI*","count":6,"tested":71,"color":"rgb(127,127,127)"},{"description":"Other","count":214,"tested":2370,"color":"rgb(148,103,189)"},{"description":"White","count":1526,"tested":12024,"color":"rgb(31,119,180)"}],"gender":[]}
