{"age":[{"age_group":"<20","count":393,"tested":4683},{"age_group":"20-29   ","count":415,"tested":4690},{"age_group":"30-39   ","count":376,"tested":3838},{"age_group":"40-49   ","count":362,"tested":3671},{"age_group":"50-59   ","count":377,"tested":4633},{"age_group":"60-69   ","count":264,"tested":3669},{"age_group":"70-79   ","count":164,"tested":2837},{"age_group":"80+","count":136,"tested":4019}],"race":[{"description":"Asian","count":12,"tested":158,"color":"rgb(140,86,75)"},{"description":"Black","count":28,"tested":414,"color":"rgb(255,127,14)"},{"description":"Hispanic","count":159,"tested":1054,"color":"rgb(214,39,40)"},{"description":"Left Blank","count":534,"tested":9147,"color":"rgb(44,160,44)"},{"description":"Other","count":275,"tested":2139,"color":"rgb(148,103,189)"},{"description":"White","count":1477,"tested":19229,"color":"rgb(31,119,180)"}],"gender":[]}
