{"age":[{"age_group":"<20","count":981,"tested":15619},{"age_group":"20-29   ","count":1427,"tested":25767},{"age_group":"30-39   ","count":1503,"tested":28982},{"age_group":"40-49   ","count":1280,"tested":19636},{"age_group":"50-59   ","count":988,"tested":17560},{"age_group":"60-69   ","count":705,"tested":14559},{"age_group":"70-79   ","count":339,"tested":7970},{"age_group":"80+","count":214,"tested":5641}],"race":[{"description":"AI/AN**","count":20,"tested":177,"color":"rgb(31,119,180)"},{"description":"Asian","count":656,"tested":9092,"color":"rgb(140,86,75)"},{"description":"Black","count":231,"tested":5975,"color":"rgb(255,127,14)"},{"description":"Hispanic","count":2641,"tested":18293,"color":"rgb(214,39,40)"},{"description":"Left Blank","count":1602,"tested":57069,"color":"rgb(44,160,44)"},{"description":"NH/PI*","count":17,"tested":374,"color":"rgb(127,127,127)"},{"description":"Other","count":489,"tested":6604,"color":"rgb(148,103,189)"},{"description":"White","count":1781,"tested":38239,"color":"rgb(31,119,180)"}],"gender":[]}
