{"age":[{"age_group":"<20","count":21,"tested":231},{"age_group":"20-29   ","count":15,"tested":185},{"age_group":"30-39   ","count":7,"tested":146},{"age_group":"40-49   ","count":22,"tested":157},{"age_group":"50-59   ","count":12,"tested":163},{"age_group":"60-69   ","count":17,"tested":254},{"age_group":"70-79   ","count":8,"tested":131}],"race":[{"description":"Hispanic","count":22,"tested":139,"color":"rgb(214,39,40)"},{"description":"Left Blank","count":21,"tested":360,"color":"rgb(44,160,44)"},{"description":"White","count":56,"tested":778,"color":"rgb(31,119,180)"}],"gender":[]}
