{"age":[{"age_group":"<20","count":240,"tested":8405},{"age_group":"20-29   ","count":786,"tested":29671},{"age_group":"30-39   ","count":819,"tested":21308},{"age_group":"40-49   ","count":360,"tested":8864},{"age_group":"50-59   ","count":324,"tested":5513},{"age_group":"60-69   ","count":193,"tested":3701},{"age_group":"70-79   ","count":58,"tested":1295},{"age_group":"80+","count":23,"tested":538}],"race":[{"description":"Asian","count":182,"tested":12136,"color":"rgb(140,86,75)"},{"description":"Black","count":513,"tested":8045,"color":"rgb(255,127,14)"},{"description":"Hispanic","count":245,"tested":4793,"color":"rgb(214,39,40)"},{"description":"Left Blank","count":720,"tested":24308,"color":"rgb(44,160,44)"},{"description":"Other","count":160,"tested":5110,"color":"rgb(148,103,189)"},{"description":"White","count":978,"tested":24717,"color":"rgb(31,119,180)"}],"gender":[]}
