{"age":[{"age_group":"<20","count":464,"tested":8730},{"age_group":"20-29   ","count":560,"tested":9053},{"age_group":"30-39   ","count":541,"tested":8603},{"age_group":"40-49   ","count":513,"tested":8441},{"age_group":"50-59   ","count":522,"tested":9815},{"age_group":"60-69   ","count":450,"tested":9187},{"age_group":"70-79   ","count":225,"tested":6143},{"age_group":"80+","count":180,"tested":6068}],"race":[{"description":"AI/AN**","count":20,"tested":202,"color":"rgb(31,119,180)"},{"description":"Asian","count":502,"tested":6591,"color":"rgb(140,86,75)"},{"description":"Black","count":202,"tested":2858,"color":"rgb(255,127,14)"},{"description":"Hispanic","count":319,"tested":2318,"color":"rgb(214,39,40)"},{"description":"Left Blank","count":887,"tested":34465,"color":"rgb(44,160,44)"},{"description":"NH/PI*","count":6,"tested":168,"color":"rgb(127,127,127)"},{"description":"Other","count":645,"tested":4521,"color":"rgb(148,103,189)"},{"description":"White","count":874,"tested":14930,"color":"rgb(31,119,180)"}],"gender":[]}
