{"age":[{"age_group":"<20","count":56,"tested":547},{"age_group":"20-29   ","count":44,"tested":845},{"age_group":"30-39   ","count":50,"tested":837},{"age_group":"40-49   ","count":51,"tested":867},{"age_group":"50-59   ","count":71,"tested":1227},{"age_group":"60-69   ","count":52,"tested":1104},{"age_group":"70-79   ","count":37,"tested":831},{"age_group":"80+","count":28,"tested":481}],"race":[{"description":"Black","count":218,"tested":3257,"color":"rgb(255,127,14)"},{"description":"Left Blank","count":107,"tested":2591,"color":"rgb(44,160,44)"},{"description":"Other","count":16,"tested":174,"color":"rgb(148,103,189)"},{"description":"White","count":43,"tested":605,"color":"rgb(31,119,180)"}],"gender":[]}
