{"age":[{"age_group":"<20","count":228,"tested":1816},{"age_group":"20-29   ","count":215,"tested":2312},{"age_group":"30-39   ","count":266,"tested":2460},{"age_group":"40-49   ","count":183,"tested":1860},{"age_group":"50-59   ","count":193,"tested":2243},{"age_group":"60-69   ","count":157,"tested":1778},{"age_group":"70-79   ","count":43,"tested":747},{"age_group":"80+","count":26,"tested":548}],"race":[{"description":"Asian","count":27,"tested":260,"color":"rgb(140,86,75)"},{"description":"Black","count":20,"tested":214,"color":"rgb(255,127,14)"},{"description":"Hispanic","count":402,"tested":3058,"color":"rgb(214,39,40)"},{"description":"Left Blank","count":226,"tested":3814,"color":"rgb(44,160,44)"},{"description":"Other","count":53,"tested":627,"color":"rgb(148,103,189)"},{"description":"White","count":581,"tested":5761,"color":"rgb(31,119,180)"}],"gender":[]}
