{"age":[{"age_group":"<20","count":26,"tested":467},{"age_group":"20-29   ","count":73,"tested":1606},{"age_group":"30-39   ","count":53,"tested":1426},{"age_group":"40-49   ","count":32,"tested":743},{"age_group":"50-59   ","count":21,"tested":645},{"age_group":"60-69   ","count":11,"tested":418},{"age_group":"70-79   ","count":7,"tested":345}],"race":[{"description":"Asian","count":14,"tested":358,"color":"rgb(140,86,75)"},{"description":"Black","count":46,"tested":801,"color":"rgb(255,127,14)"},{"description":"Hispanic","count":21,"tested":262,"color":"rgb(214,39,40)"},{"description":"Left Blank","count":50,"tested":2157,"color":"rgb(44,160,44)"},{"description":"Other","count":17,"tested":325,"color":"rgb(148,103,189)"},{"description":"White","count":77,"tested":1850,"color":"rgb(31,119,180)"}],"gender":[]}
