{"lastUpdatedDate":{"year":2020,"month":12,"day":16},"county_demographics":[{"County":"Clay","confirmed_cases":1110,"total_tested":9107,"demographics":{"age":[{"race":[],"age_group":"40-49   ","count":155,"tested":1049,"deaths":0},{"race":[],"age_group":"20-29   ","count":135,"tested":1311,"deaths":0},{"race":[],"age_group":"70-79   ","count":124,"tested":862,"deaths":0},{"race":[],"age_group":"<20","count":150,"tested":1516,"deaths":0},{"race":[],"age_group":"Unknown","count":0,"tested":0,"deaths":0},{"race":[],"age_group":"50-59   ","count":175,"tested":1270,"deaths":0},{"race":[],"age_group":"60-69   ","count":154,"tested":1241,"deaths":0},{"race":[],"age_group":"80+","count":72,"tested":711,"deaths":0},{"race":[],"age_group":"30-39   ","count":144,"tested":1144,"deaths":0}],"race":[{"description":"AI/AN**","count":0,"tested":6,"deaths":0,"color":"rgb(31,119,180)"},{"description":"Asian","count":0,"tested":28,"deaths":0,"color":"rgb(140,86,75)"},{"description":"Black","count":0,"tested":38,"deaths":0,"color":"rgb(255,127,14)"},{"description":"Hispanic","count":0,"tested":36,"deaths":0,"color":"rgb(214,39,40)"},{"description":"Left Blank","count":128,"tested":1887,"deaths":0,"color":"rgb(44,160,44)"},{"description":"NH/PI*","count":0,"tested":0,"deaths":0,"color":"rgb(127,127,127)"},{"description":"Other","count":6,"tested":190,"deaths":0,"color":"rgb(148,103,189)"},{"description":"White","count":965,"tested":6920,"deaths":0,"color":"rgb(31,119,180)"}],"gender":[{"description":"Female","count":589,"tested":5477,"deaths":0,"color":"rgb(255,127,14)"},{"description":"Male","count":514,"tested":3513,"deaths":0,"color":"rgb(31,119,180)"},{"description":"Unknown/Left Blank","count":0,"tested":117,"deaths":0,"color":"rgb(44,160,44)"}]}}]}
