{"lastUpdatedDate":{"year":2020,"month":12,"day":16},"county_demographics":[{"County":"Pope","confirmed_cases":155,"total_tested":1526,"demographics":{"age":[{"race":[],"age_group":"40-49   ","count":25,"tested":215,"deaths":0},{"race":[],"age_group":"70-79   ","count":16,"tested":151,"deaths":0},{"race":[],"age_group":"30-39   ","count":19,"tested":168,"deaths":0},{"race":[],"age_group":"<20","count":10,"tested":191,"deaths":0},{"race":[],"age_group":"50-59   ","count":25,"tested":270,"deaths":0},{"race":[],"age_group":"80+","count":10,"tested":75,"deaths":0},{"race":[],"age_group":"20-29   ","count":11,"tested":158,"deaths":0},{"race":[],"age_group":"60-69   ","count":30,"tested":298,"deaths":0}],"race":[{"description":"Black","count":0,"tested":14,"deaths":0,"color":"rgb(255,127,14)"},{"description":"Hispanic","count":0,"tested":0,"deaths":0,"color":"rgb(214,39,40)"},{"description":"Left Blank","count":69,"tested":701,"deaths":0,"color":"rgb(44,160,44)"},{"description":"NH/PI*","count":0,"tested":0,"deaths":0,"color":"rgb(127,127,127)"},{"description":"Other","count":0,"tested":16,"deaths":0,"color":"rgb(148,103,189)"},{"description":"White","count":81,"tested":794,"deaths":0,"color":"rgb(31,119,180)"}],"gender":[{"description":"Female","count":83,"tested":895,"deaths":0,"color":"rgb(255,127,14)"},{"description":"Male","count":62,"tested":595,"deaths":0,"color":"rgb(31,119,180)"},{"description":"Unknown/Left Blank","count":0,"tested":36,"deaths":0,"color":"rgb(44,160,44)"}]}}]}
