{"lastUpdatedDate":{"year":2020,"month":12,"day":16},"county_demographics":[{"County":"Illinois","confirmed_cases":870600,"total_tested":12055288,"demographics":{"age":[{"race":[{"description":"AI/AN**","count":148,"tested":1321,"deaths":0,"color":"rgb(31,119,180)"},{"description":"Asian","count":2021,"tested":83114,"deaths":0,"color":"rgb(140,86,75)"},{"description":"Black","count":9333,"tested":109538,"deaths":6,"color":"rgb(255,127,14)"},{"description":"Hispanic","count":28595,"tested":168790,"deaths":0,"color":"rgb(214,39,40)"},{"description":"Left Blank","count":42751,"tested":524240,"deaths":0,"color":"rgb(44,160,44)"},{"description":"NH/PI*","count":91,"tested":1870,"deaths":0,"color":"rgb(127,127,127)"},{"description":"Other","count":4651,"tested":61467,"deaths":0,"color":"rgb(148,103,189)"},{"description":"White","count":37951,"tested":508535,"deaths":0,"color":"rgb(31,119,180)"}],"age_group":"<20","count":125541,"tested":1458875,"deaths":9},{"race":[{"description":"AI/AN**","count":200,"tested":2190,"deaths":0,"color":"rgb(31,119,180)"},{"description":"Asian","count":3321,"tested":194217,"deaths":0,"color":"rgb(140,86,75)"},{"description":"Black","count":14640,"tested":174888,"deaths":21,"color":"rgb(255,127,14)"},{"description":"Hispanic","count":34340,"tested":230073,"deaths":23,"color":"rgb(214,39,40)"},{"description":"Left Blank","count":53257,"tested":889327,"deaths":0,"color":"rgb(44,160,44)"},{"description":"NH/PI*","count":139,"tested":3280,"deaths":0,"color":"rgb(127,127,127)"},{"description":"Other","count":5843,"tested":90531,"deaths":0,"color":"rgb(148,103,189)"},{"description":"White","count":51067,"tested":770244,"deaths":0,"color":"rgb(31,119,180)"}],"age_group":"20-29   ","count":162809,"tested":2354750,"deaths":48},{"race":[{"description":"AI/AN**","count":182,"tested":1505,"deaths":0,"color":"rgb(31,119,180)"},{"description":"Asian","count":2957,"tested":55744,"deaths":7,"color":"rgb(140,86,75)"},{"description":"Black","count":13478,"tested":137433,"deaths":60,"color":"rgb(255,127,14)"},{"description":"Hispanic","count":29746,"tested":145612,"deaths":92,"color":"rgb(214,39,40)"},{"description":"Left Blank","count":46870,"tested":803901,"deaths":0,"color":"rgb(44,160,44)"},{"description":"NH/PI*","count":151,"tested":2016,"deaths":0,"color":"rgb(127,127,127)"},{"description":"Other","count":5250,"tested":59871,"deaths":0,"color":"rgb(148,103,189)"},{"description":"White","count":41222,"tested":517505,"deaths":17,"color":"rgb(31,119,180)"}],"age_group":"30-39   ","count":139859,"tested":1723587,"deaths":177},{"race":[{"description":"AI/AN**","count":157,"tested":1366,"deaths":0,"color":"rgb(31,119,180)"},{"description":"Asian","count":2850,"tested":37459,"deaths":14,"color":"rgb(140,86,75)"},{"description":"Black","count":12608,"tested":128711,"deaths":119,"color":"rgb(255,127,14)"},{"description":"Hispanic","count":30447,"tested":128168,"deaths":204,"color":"rgb(214,39,40)"},{"description":"Left Blank","count":43859,"tested":697131,"deaths":0,"color":"rgb(44,160,44)"},{"description":"NH/PI*","count":148,"tested":1582,"deaths":0,"color":"rgb(127,127,127)"},{"description":"Other","count":4898,"tested":47760,"deaths":0,"color":"rgb(148,103,189)"},{"description":"White","count":39597,"tested":438303,"deaths":70,"color":"rgb(31,119,180)"}],"age_group":"40-49   ","count":134564,"tested":1480480,"deaths":415},{"race":[{"description":"AI/AN**","count":145,"tested":1338,"deaths":0,"color":"rgb(31,119,180)"},{"description":"Asian","count":2509,"tested":31811,"deaths":35,"color":"rgb(140,86,75)"},{"description":"Black","count":12074,"tested":136191,"deaths":281,"color":"rgb(255,127,14)"},{"description":"Hispanic","count":21763,"tested":97002,"deaths":396,"color":"rgb(214,39,40)"},{"description":"Left Blank","count":42505,"tested":726484,"deaths":16,"color":"rgb(44,160,44)"},{"description":"NH/PI*","count":123,"tested":1608,"deaths":0,"color":"rgb(127,127,127)"},{"description":"Other","count":4401,"tested":43500,"deaths":6,"color":"rgb(148,103,189)"},{"description":"White","count":46316,"tested":527105,"deaths":293,"color":"rgb(31,119,180)"}],"age_group":"50-59   ","count":129843,"tested":1565039,"deaths":1031},{"race":[{"description":"AI/AN**","count":96,"tested":954,"deaths":0,"color":"rgb(31,119,180)"},{"description":"Asian","count":1949,"tested":20784,"deaths":83,"color":"rgb(140,86,75)"},{"description":"Black","count":9137,"tested":113617,"deaths":654,"color":"rgb(255,127,14)"},{"description":"Hispanic","count":10925,"tested":54247,"deaths":584,"color":"rgb(214,39,40)"},{"description":"Left Blank","count":28692,"tested":595160,"deaths":45,"color":"rgb(44,160,44)"},{"description":"NH/PI*","count":93,"tested":1019,"deaths":0,"color":"rgb(127,127,127)"},{"description":"Other","count":2822,"tested":32265,"deaths":19,"color":"rgb(148,103,189)"},{"description":"White","count":37587,"tested":479226,"deaths":945,"color":"rgb(31,119,180)"}],"age_group":"60-69   ","count":91309,"tested":1297272,"deaths":2338},{"race":[{"description":"AI/AN**","count":53,"tested":518,"deaths":0,"color":"rgb(31,119,180)"},{"description":"Asian","count":1023,"tested":10553,"deaths":138,"color":"rgb(140,86,75)"},{"description":"Black","count":5114,"tested":58022,"deaths":770,"color":"rgb(255,127,14)"},{"description":"Hispanic","count":4369,"tested":22236,"deaths":560,"color":"rgb(214,39,40)"},{"description":"Left Blank","count":13780,"tested":342818,"deaths":85,"color":"rgb(44,160,44)"},{"description":"NH/PI*","count":34,"tested":382,"deaths":0,"color":"rgb(127,127,127)"},{"description":"Other","count":1246,"tested":17885,"deaths":25,"color":"rgb(148,103,189)"},{"description":"White","count":23042,"tested":320844,"deaths":2011,"color":"rgb(31,119,180)"}],"age_group":"70-79   ","count":48664,"tested":773258,"deaths":3596},{"race":[{"description":"AI/AN**","count":36,"tested":266,"deaths":7,"color":"rgb(31,119,180)"},{"description":"Asian","count":697,"tested":6423,"deaths":241,"color":"rgb(140,86,75)"},{"description":"Black","count":3276,"tested":32480,"deaths":946,"color":"rgb(255,127,14)"},{"description":"Hispanic","count":2121,"tested":11235,"deaths":580,"color":"rgb(214,39,40)"},{"description":"Left Blank","count":10430,"tested":386535,"deaths":325,"color":"rgb(44,160,44)"},{"description":"NH/PI*","count":20,"tested":178,"deaths":0,"color":"rgb(127,127,127)"},{"description":"Other","count":643,"tested":9415,"deaths":37,"color":"rgb(148,103,189)"},{"description":"White","count":20411,"tested":294278,"deaths":4902,"color":"rgb(31,119,180)"}],"age_group":"80+","count":37635,"tested":740810,"deaths":7041},{"race":[{"description":"AI/AN**","count":0,"tested":0,"deaths":0,"color":"rgb(31,119,180)"},{"description":"Asian","count":0,"tested":52,"deaths":0,"color":"rgb(140,86,75)"},{"description":"Black","count":0,"tested":186,"deaths":0,"color":"rgb(255,127,14)"},{"description":"Hispanic","count":11,"tested":272,"deaths":0,"color":"rgb(214,39,40)"},{"description":"Left Blank","count":313,"tested":7344,"deaths":0,"color":"rgb(44,160,44)"},{"description":"NH/PI*","count":0,"tested":0,"deaths":0,"color":"rgb(127,127,127)"},{"description":"Other","count":0,"tested":48,"deaths":0,"color":"rgb(148,103,189)"},{"description":"White","count":42,"tested":572,"deaths":0,"color":"rgb(31,119,180)"}],"age_group":"Unknown","count":376,"tested":8476,"deaths":0}],"race":[{"description":"AI/AN**","count":1029,"tested":9459,"deaths":18,"color":"rgb(31,119,180)"},{"description":"Asian","count":17327,"tested":440157,"deaths":520,"color":"rgb(140,86,75)"},{"description":"Black","count":79665,"tested":891066,"deaths":2857,"color":"rgb(255,127,14)"},{"description":"Hispanic","count":162320,"tested":857635,"deaths":2440,"color":"rgb(214,39,40)"},{"description":"Left Blank","count":282457,"tested":4972940,"deaths":477,"color":"rgb(44,160,44)"},{"description":"NH/PI*","count":811,"tested":11936,"deaths":13,"color":"rgb(127,127,127)"},{"description":"Other","count":29756,"tested":362742,"deaths":88,"color":"rgb(148,103,189)"},{"description":"White","count":297235,"tested":3856612,"deaths":8242,"color":"rgb(31,119,180)"}],"gender":[{"description":"Female","count":450081,"tested":6329240,"deaths":6793,"color":"rgb(255,127,14)"},{"description":"Male","count":406587,"tested":4742445,"deaths":7862,"color":"rgb(31,119,180)"},{"description":"Unknown/Left Blank","count":13932,"tested":330862,"deaths":0,"color":"rgb(44,160,44)"}]}}]}
