{"lastUpdatedDate":{"year":2020,"month":12,"day":16},"county_demographics":[{"County":"Grundy","confirmed_cases":3488,"total_tested":27618,"demographics":{"age":[{"race":[],"age_group":"40-49   ","count":589,"tested":4025,"deaths":0},{"race":[],"age_group":"50-59   ","count":527,"tested":4112,"deaths":0},{"race":[],"age_group":"70-79   ","count":179,"tested":1776,"deaths":0},{"race":[],"age_group":"<20","count":560,"tested":4493,"deaths":0},{"race":[],"age_group":"Unknown","count":0,"tested":0,"deaths":0},{"race":[],"age_group":"20-29   ","count":622,"tested":4495,"deaths":0},{"race":[],"age_group":"60-69   ","count":330,"tested":2969,"deaths":0},{"race":[],"age_group":"80+","count":123,"tested":1644,"deaths":0},{"race":[],"age_group":"30-39   ","count":556,"tested":4104,"deaths":0}],"race":[{"description":"AI/AN**","count":0,"tested":15,"deaths":0,"color":"rgb(31,119,180)"},{"description":"Asian","count":0,"tested":70,"deaths":0,"color":"rgb(140,86,75)"},{"description":"Black","count":28,"tested":305,"deaths":0,"color":"rgb(255,127,14)"},{"description":"Hispanic","count":170,"tested":864,"deaths":0,"color":"rgb(214,39,40)"},{"description":"Left Blank","count":1195,"tested":9977,"deaths":0,"color":"rgb(44,160,44)"},{"description":"NH/PI*","count":0,"tested":8,"deaths":0,"color":"rgb(127,127,127)"},{"description":"Other","count":225,"tested":1321,"deaths":0,"color":"rgb(148,103,189)"},{"description":"White","count":1862,"tested":15058,"deaths":0,"color":"rgb(31,119,180)"}],"gender":[{"description":"Female","count":1768,"tested":15870,"deaths":0,"color":"rgb(255,127,14)"},{"description":"Male","count":1681,"tested":11475,"deaths":0,"color":"rgb(31,119,180)"},{"description":"Unknown/Left Blank","count":38,"tested":273,"deaths":0,"color":"rgb(44,160,44)"}]}}]}
