{"lastUpdatedDate":{"year":2020,"month":12,"day":16},"county_demographics":[{"County":"Kane","confirmed_cases":37747,"total_tested":369647,"demographics":{"age":[{"race":[],"age_group":"30-39   ","count":5998,"tested":54259,"deaths":0},{"race":[],"age_group":"80+","count":1192,"tested":25291,"deaths":0},{"race":[],"age_group":"40-49   ","count":6371,"tested":51864,"deaths":0},{"race":[],"age_group":"70-79   ","count":1599,"tested":28360,"deaths":0},{"race":[],"age_group":"<20","count":6168,"tested":46190,"deaths":0},{"race":[],"age_group":"20-29   ","count":7143,"tested":63791,"deaths":0},{"race":[],"age_group":"60-69   ","count":3398,"tested":43472,"deaths":0},{"race":[],"age_group":"Unknown","count":30,"tested":100,"deaths":0},{"race":[],"age_group":"50-59   ","count":5848,"tested":56320,"deaths":0}],"race":[{"description":"AI/AN**","count":25,"tested":177,"deaths":0,"color":"rgb(31,119,180)"},{"description":"Asian","count":755,"tested":7227,"deaths":0,"color":"rgb(140,86,75)"},{"description":"Black","count":1224,"tested":12321,"deaths":0,"color":"rgb(255,127,14)"},{"description":"Hispanic","count":11836,"tested":47418,"deaths":0,"color":"rgb(214,39,40)"},{"description":"Left Blank","count":12910,"tested":185280,"deaths":0,"color":"rgb(44,160,44)"},{"description":"NH/PI*","count":22,"tested":221,"deaths":0,"color":"rgb(127,127,127)"},{"description":"Other","count":886,"tested":8819,"deaths":0,"color":"rgb(148,103,189)"},{"description":"White","count":10087,"tested":108184,"deaths":0,"color":"rgb(31,119,180)"}],"gender":[{"description":"Female","count":19295,"tested":203511,"deaths":0,"color":"rgb(255,127,14)"},{"description":"Male","count":18057,"tested":154999,"deaths":0,"color":"rgb(31,119,180)"},{"description":"Unknown/Left Blank","count":395,"tested":11137,"deaths":0,"color":"rgb(44,160,44)"}]}}]}
