{"lastUpdatedDate":{"year":2021,"month":1,"day":28},"county_demographics":[{"County":"Winnebago","confirmed_cases":27024,"total_tested":285232,"demographics":{"age":[{"race":[],"age_group":"<20","count":4301,"tested":42466,"deaths":0},{"race":[],"age_group":"20-29   ","count":4821,"tested":45865,"deaths":0},{"race":[],"age_group":"30-39   ","count":4129,"tested":42000,"deaths":0},{"race":[],"age_group":"40-49   ","count":4107,"tested":38716,"deaths":0},{"race":[],"age_group":"50-59   ","count":3921,"tested":40618,"deaths":0},{"race":[],"age_group":"60-69   ","count":2871,"tested":33020,"deaths":0},{"race":[],"age_group":"70-79   ","count":1682,"tested":21201,"deaths":0},{"race":[],"age_group":"80+","count":1180,"tested":21304,"deaths":0},{"race":[],"age_group":"Unknown","count":11,"tested":42,"deaths":0}],"race":[{"description":"AI/AN**","count":23,"tested":166,"deaths":0,"color":"rgb(31,119,180)"},{"description":"Asian","count":471,"tested":2822,"deaths":0,"color":"rgb(140,86,75)"},{"description":"Black","count":2662,"tested":21171,"deaths":0,"color":"rgb(255,127,14)"},{"description":"Hispanic","count":4675,"tested":18581,"deaths":0,"color":"rgb(214,39,40)"},{"description":"Left Blank","count":5895,"tested":129796,"deaths":0,"color":"rgb(44,160,44)"},{"description":"NH/PI*","count":12,"tested":117,"deaths":0,"color":"rgb(127,127,127)"},{"description":"Other","count":442,"tested":5199,"deaths":0,"color":"rgb(148,103,189)"},{"description":"White","count":12842,"tested":107380,"deaths":0,"color":"rgb(31,119,180)"}],"gender":[{"description":"Female","count":14443,"tested":168076,"deaths":0,"color":"rgb(255,127,14)"},{"description":"Male","count":12403,"tested":110989,"deaths":0,"color":"rgb(31,119,180)"},{"description":"Unknown/Left Blank","count":175,"tested":6167,"deaths":0,"color":"rgb(44,160,44)"}]}}]}
