{"lastUpdatedDate":{"year":2021,"month":1,"day":28},"county_demographics":[{"County":"St. Clair","confirmed_cases":23408,"total_tested":251062,"demographics":{"age":[{"race":[],"age_group":"<20","count":3613,"tested":27922,"deaths":0},{"race":[],"age_group":"20-29   ","count":3652,"tested":36281,"deaths":0},{"race":[],"age_group":"30-39   ","count":3694,"tested":39454,"deaths":0},{"race":[],"age_group":"40-49   ","count":3539,"tested":36306,"deaths":0},{"race":[],"age_group":"50-59   ","count":3540,"tested":37870,"deaths":0},{"race":[],"age_group":"60-69   ","count":2797,"tested":32876,"deaths":0},{"race":[],"age_group":"70-79   ","count":1375,"tested":18979,"deaths":0},{"race":[],"age_group":"80+","count":1182,"tested":18691,"deaths":0},{"race":[],"age_group":"Unknown","count":16,"tested":2683,"deaths":0}],"race":[{"description":"AI/AN**","count":30,"tested":140,"deaths":0,"color":"rgb(31,119,180)"},{"description":"Asian","count":104,"tested":657,"deaths":0,"color":"rgb(140,86,75)"},{"description":"Black","count":5201,"tested":31839,"deaths":0,"color":"rgb(255,127,14)"},{"description":"Hispanic","count":678,"tested":2573,"deaths":0,"color":"rgb(214,39,40)"},{"description":"Left Blank","count":10117,"tested":148927,"deaths":0,"color":"rgb(44,160,44)"},{"description":"NH/PI*","count":25,"tested":193,"deaths":0,"color":"rgb(127,127,127)"},{"description":"Other","count":427,"tested":5431,"deaths":0,"color":"rgb(148,103,189)"},{"description":"White","count":6823,"tested":61302,"deaths":0,"color":"rgb(31,119,180)"}],"gender":[{"description":"Female","count":12516,"tested":142755,"deaths":0,"color":"rgb(255,127,14)"},{"description":"Male","count":9871,"tested":92479,"deaths":0,"color":"rgb(31,119,180)"},{"description":"Unknown/Left Blank","count":1021,"tested":15828,"deaths":0,"color":"rgb(44,160,44)"}]}}]}
