{"lastUpdatedDate":{"year":2021,"month":1,"day":28},"county_demographics":[{"County":"Douglas","confirmed_cases":2092,"total_tested":23291,"demographics":{"age":[{"race":[],"age_group":"<20","count":409,"tested":4636,"deaths":0},{"race":[],"age_group":"20-29   ","count":308,"tested":3540,"deaths":0},{"race":[],"age_group":"30-39   ","count":291,"tested":2953,"deaths":0},{"race":[],"age_group":"40-49   ","count":302,"tested":3100,"deaths":0},{"race":[],"age_group":"50-59   ","count":294,"tested":2584,"deaths":0},{"race":[],"age_group":"60-69   ","count":252,"tested":2990,"deaths":0},{"race":[],"age_group":"70-79   ","count":117,"tested":1688,"deaths":0},{"race":[],"age_group":"80+","count":119,"tested":1792,"deaths":0},{"race":[],"age_group":"Unknown","count":0,"tested":8,"deaths":0}],"race":[{"description":"AI/AN**","count":0,"tested":12,"deaths":0,"color":"rgb(31,119,180)"},{"description":"Asian","count":9,"tested":72,"deaths":0,"color":"rgb(140,86,75)"},{"description":"Black","count":6,"tested":138,"deaths":0,"color":"rgb(255,127,14)"},{"description":"Hispanic","count":278,"tested":1273,"deaths":0,"color":"rgb(214,39,40)"},{"description":"Left Blank","count":362,"tested":4477,"deaths":0,"color":"rgb(44,160,44)"},{"description":"NH/PI*","count":0,"tested":23,"deaths":0,"color":"rgb(127,127,127)"},{"description":"Other","count":61,"tested":615,"deaths":0,"color":"rgb(148,103,189)"},{"description":"White","count":1371,"tested":16681,"deaths":0,"color":"rgb(31,119,180)"}],"gender":[{"description":"Female","count":1047,"tested":13720,"deaths":0,"color":"rgb(255,127,14)"},{"description":"Male","count":1027,"tested":9419,"deaths":0,"color":"rgb(31,119,180)"},{"description":"Unknown/Left Blank","count":15,"tested":152,"deaths":0,"color":"rgb(44,160,44)"}]}}]}
