{"lastUpdatedDate":{"year":2021,"month":1,"day":28},"county_demographics":[{"County":"Cass","confirmed_cases":1820,"total_tested":15190,"demographics":{"age":[{"race":[],"age_group":"<20","count":338,"tested":2457,"deaths":0},{"race":[],"age_group":"20-29   ","count":311,"tested":2441,"deaths":0},{"race":[],"age_group":"30-39   ","count":289,"tested":2262,"deaths":0},{"race":[],"age_group":"40-49   ","count":259,"tested":2189,"deaths":0},{"race":[],"age_group":"50-59   ","count":236,"tested":2209,"deaths":0},{"race":[],"age_group":"60-69   ","count":188,"tested":1574,"deaths":0},{"race":[],"age_group":"70-79   ","count":102,"tested":1033,"deaths":0},{"race":[],"age_group":"80+","count":97,"tested":1022,"deaths":0},{"race":[],"age_group":"Unknown","count":0,"tested":0,"deaths":0}],"race":[{"description":"AI/AN**","count":0,"tested":14,"deaths":0,"color":"rgb(31,119,180)"},{"description":"Asian","count":10,"tested":34,"deaths":0,"color":"rgb(140,86,75)"},{"description":"Black","count":58,"tested":447,"deaths":0,"color":"rgb(255,127,14)"},{"description":"Hispanic","count":614,"tested":2207,"deaths":0,"color":"rgb(214,39,40)"},{"description":"Left Blank","count":181,"tested":4160,"deaths":0,"color":"rgb(44,160,44)"},{"description":"NH/PI*","count":0,"tested":0,"deaths":0,"color":"rgb(127,127,127)"},{"description":"Other","count":11,"tested":731,"deaths":0,"color":"rgb(148,103,189)"},{"description":"White","count":939,"tested":7592,"deaths":0,"color":"rgb(31,119,180)"}],"gender":[{"description":"Female","count":965,"tested":8922,"deaths":0,"color":"rgb(255,127,14)"},{"description":"Male","count":786,"tested":5672,"deaths":0,"color":"rgb(31,119,180)"},{"description":"Unknown/Left Blank","count":69,"tested":596,"deaths":0,"color":"rgb(44,160,44)"}]}}]}
