{"lastUpdatedDate":{"year":2021,"month":1,"day":28},"county_demographics":[{"County":"Vermilion","confirmed_cases":7928,"total_tested":93629,"demographics":{"age":[{"race":[],"age_group":"<20","count":1252,"tested":12763,"deaths":0},{"race":[],"age_group":"20-29   ","count":1239,"tested":13946,"deaths":0},{"race":[],"age_group":"30-39   ","count":1253,"tested":14427,"deaths":0},{"race":[],"age_group":"40-49   ","count":1198,"tested":12809,"deaths":0},{"race":[],"age_group":"50-59   ","count":1123,"tested":12294,"deaths":0},{"race":[],"age_group":"60-69   ","count":936,"tested":11465,"deaths":0},{"race":[],"age_group":"70-79   ","count":562,"tested":7614,"deaths":0},{"race":[],"age_group":"80+","count":364,"tested":6087,"deaths":0},{"race":[],"age_group":"Unknown","count":0,"tested":2224,"deaths":0}],"race":[{"description":"AI/AN**","count":0,"tested":52,"deaths":0,"color":"rgb(31,119,180)"},{"description":"Asian","count":28,"tested":283,"deaths":0,"color":"rgb(140,86,75)"},{"description":"Black","count":1071,"tested":7387,"deaths":0,"color":"rgb(255,127,14)"},{"description":"Hispanic","count":421,"tested":2015,"deaths":0,"color":"rgb(214,39,40)"},{"description":"Left Blank","count":969,"tested":28140,"deaths":0,"color":"rgb(44,160,44)"},{"description":"NH/PI*","count":0,"tested":55,"deaths":0,"color":"rgb(127,127,127)"},{"description":"Other","count":356,"tested":2580,"deaths":0,"color":"rgb(148,103,189)"},{"description":"White","count":5074,"tested":53117,"deaths":0,"color":"rgb(31,119,180)"}],"gender":[{"description":"Female","count":3785,"tested":47506,"deaths":0,"color":"rgb(255,127,14)"},{"description":"Male","count":3823,"tested":34565,"deaths":0,"color":"rgb(31,119,180)"},{"description":"Unknown/Left Blank","count":320,"tested":11558,"deaths":0,"color":"rgb(44,160,44)"}]}}]}
