{"lastUpdatedDate":{"year":2021,"month":1,"day":28},"county_demographics":[{"County":"Rock Island","confirmed_cases":12327,"total_tested":141822,"demographics":{"age":[{"race":[],"age_group":"<20","count":1569,"tested":15554,"deaths":0},{"race":[],"age_group":"20-29   ","count":2071,"tested":20756,"deaths":0},{"race":[],"age_group":"30-39   ","count":1951,"tested":20559,"deaths":0},{"race":[],"age_group":"40-49   ","count":1802,"tested":19283,"deaths":0},{"race":[],"age_group":"50-59   ","count":1769,"tested":19543,"deaths":0},{"race":[],"age_group":"60-69   ","count":1534,"tested":18795,"deaths":0},{"race":[],"age_group":"70-79   ","count":861,"tested":12049,"deaths":0},{"race":[],"age_group":"80+","count":770,"tested":13669,"deaths":0},{"race":[],"age_group":"Unknown","count":0,"tested":1614,"deaths":0}],"race":[{"description":"AI/AN**","count":8,"tested":53,"deaths":0,"color":"rgb(31,119,180)"},{"description":"Asian","count":117,"tested":774,"deaths":0,"color":"rgb(140,86,75)"},{"description":"Black","count":773,"tested":7647,"deaths":0,"color":"rgb(255,127,14)"},{"description":"Hispanic","count":1040,"tested":5340,"deaths":0,"color":"rgb(214,39,40)"},{"description":"Left Blank","count":6187,"tested":80932,"deaths":0,"color":"rgb(44,160,44)"},{"description":"NH/PI*","count":0,"tested":61,"deaths":0,"color":"rgb(127,127,127)"},{"description":"Other","count":286,"tested":2531,"deaths":0,"color":"rgb(148,103,189)"},{"description":"White","count":3905,"tested":44484,"deaths":0,"color":"rgb(31,119,180)"}],"gender":[{"description":"Female","count":6485,"tested":81744,"deaths":0,"color":"rgb(255,127,14)"},{"description":"Male","count":5759,"tested":52248,"deaths":0,"color":"rgb(31,119,180)"},{"description":"Unknown/Left Blank","count":83,"tested":7830,"deaths":0,"color":"rgb(44,160,44)"}]}}]}
