{"lastUpdatedDate":{"year":2021,"month":1,"day":28},"county_demographics":[{"County":"Adams","confirmed_cases":7646,"total_tested":110637,"demographics":{"age":[{"race":[],"age_group":"<20","count":1164,"tested":12816,"deaths":0},{"race":[],"age_group":"20-29   ","count":1164,"tested":14559,"deaths":0},{"race":[],"age_group":"30-39   ","count":1071,"tested":15484,"deaths":0},{"race":[],"age_group":"40-49   ","count":939,"tested":13729,"deaths":0},{"race":[],"age_group":"50-59   ","count":1117,"tested":17011,"deaths":0},{"race":[],"age_group":"60-69   ","count":992,"tested":12631,"deaths":0},{"race":[],"age_group":"70-79   ","count":661,"tested":10199,"deaths":0},{"race":[],"age_group":"80+","count":535,"tested":14176,"deaths":0},{"race":[],"age_group":"Unknown","count":0,"tested":32,"deaths":0}],"race":[{"description":"AI/AN**","count":0,"tested":41,"deaths":0,"color":"rgb(31,119,180)"},{"description":"Asian","count":0,"tested":187,"deaths":0,"color":"rgb(140,86,75)"},{"description":"Black","count":110,"tested":1186,"deaths":0,"color":"rgb(255,127,14)"},{"description":"Hispanic","count":18,"tested":255,"deaths":0,"color":"rgb(214,39,40)"},{"description":"Left Blank","count":5740,"tested":79825,"deaths":0,"color":"rgb(44,160,44)"},{"description":"NH/PI*","count":0,"tested":55,"deaths":0,"color":"rgb(127,127,127)"},{"description":"Other","count":0,"tested":173,"deaths":0,"color":"rgb(148,103,189)"},{"description":"White","count":1765,"tested":28915,"deaths":0,"color":"rgb(31,119,180)"}],"gender":[{"description":"Female","count":3791,"tested":60009,"deaths":0,"color":"rgb(255,127,14)"},{"description":"Male","count":3162,"tested":39461,"deaths":0,"color":"rgb(31,119,180)"},{"description":"Unknown/Left Blank","count":693,"tested":11167,"deaths":0,"color":"rgb(44,160,44)"}]}}]}
