{"age":[{"age_group":"<20","count":68,"tested":2096},{"age_group":"20-29   ","count":46,"tested":551},{"age_group":"30-39   ","count":39,"tested":506},{"age_group":"40-49   ","count":33,"tested":340},{"age_group":"50-59   ","count":37,"tested":307},{"age_group":"60-69   ","count":31,"tested":376},{"age_group":"70-79   ","count":14,"tested":186}],"race":[{"description":"Hispanic","count":108,"tested":617,"color":"rgb(214,39,40)"},{"description":"Left Blank","count":62,"tested":1458,"color":"rgb(44,160,44)"},{"description":"Other","count":8,"tested":103,"color":"rgb(148,103,189)"},{"description":"White","count":89,"tested":2052,"color":"rgb(31,119,180)"}],"gender":[]}
