{"age":[{"age_group":"<20","count":167,"tested":2298},{"age_group":"20-29   ","count":111,"tested":1950},{"age_group":"30-39   ","count":116,"tested":1871},{"age_group":"40-49   ","count":85,"tested":1347},{"age_group":"50-59   ","count":96,"tested":1699},{"age_group":"60-69   ","count":89,"tested":1442},{"age_group":"70-79   ","count":53,"tested":913},{"age_group":"80+","count":73,"tested":1109}],"race":[{"description":"Black","count":9,"tested":158,"color":"rgb(255,127,14)"},{"description":"Hispanic","count":29,"tested":199,"color":"rgb(214,39,40)"},{"description":"Left Blank","count":104,"tested":2401,"color":"rgb(44,160,44)"},{"description":"Other","count":11,"tested":192,"color":"rgb(148,103,189)"},{"description":"White","count":634,"tested":9634,"color":"rgb(31,119,180)"}],"gender":[]}
