{"age":[{"age_group":"<20","count":183,"tested":6787},{"age_group":"20-29   ","count":103,"tested":3061},{"age_group":"30-39   ","count":92,"tested":2156},{"age_group":"40-49   ","count":98,"tested":3289},{"age_group":"50-59   ","count":116,"tested":3136},{"age_group":"60-69   ","count":63,"tested":2790},{"age_group":"70-79   ","count":45,"tested":2132},{"age_group":"80+","count":64,"tested":2779}],"race":[{"description":"Asian","count":30,"tested":1314,"color":"rgb(140,86,75)"},{"description":"Black","count":34,"tested":542,"color":"rgb(255,127,14)"},{"description":"Hispanic","count":84,"tested":2020,"color":"rgb(214,39,40)"},{"description":"Left Blank","count":160,"tested":8366,"color":"rgb(44,160,44)"},{"description":"Other","count":53,"tested":926,"color":"rgb(148,103,189)"},{"description":"White","count":401,"tested":12880,"color":"rgb(31,119,180)"}],"gender":[]}
