{"age":[{"age_group":"<20","count":203,"tested":2380},{"age_group":"20-29   ","count":299,"tested":3226},{"age_group":"30-39   ","count":219,"tested":2926},{"age_group":"40-49   ","count":208,"tested":2251},{"age_group":"50-59   ","count":273,"tested":3136},{"age_group":"60-69   ","count":168,"tested":2469},{"age_group":"70-79   ","count":85,"tested":1307},{"age_group":"80+","count":37,"tested":696}],"race":[{"description":"Asian","count":37,"tested":511,"color":"rgb(140,86,75)"},{"description":"Black","count":51,"tested":472,"color":"rgb(255,127,14)"},{"description":"Hispanic","count":221,"tested":1462,"color":"rgb(214,39,40)"},{"description":"Left Blank","count":419,"tested":6937,"color":"rgb(44,160,44)"},{"description":"Other","count":32,"tested":393,"color":"rgb(148,103,189)"},{"description":"White","count":730,"tested":8597,"color":"rgb(31,119,180)"}],"gender":[]}
