{"age":[{"age_group":"<20","count":570,"tested":7546},{"age_group":"20-29   ","count":549,"tested":10684},{"age_group":"30-39   ","count":531,"tested":10004},{"age_group":"40-49   ","count":471,"tested":9519},{"age_group":"50-59   ","count":404,"tested":9472},{"age_group":"60-69   ","count":252,"tested":7475},{"age_group":"70-79   ","count":185,"tested":6524},{"age_group":"80+","count":428,"tested":13970}],"race":[{"description":"Asian","count":223,"tested":4897,"color":"rgb(140,86,75)"},{"description":"Black","count":261,"tested":3330,"color":"rgb(255,127,14)"},{"description":"Hispanic","count":417,"tested":2970,"color":"rgb(214,39,40)"},{"description":"Left Blank","count":435,"tested":36594,"color":"rgb(44,160,44)"},{"description":"Other","count":105,"tested":1609,"color":"rgb(148,103,189)"},{"description":"White","count":1942,"tested":25640,"color":"rgb(31,119,180)"}],"gender":[]}
