{"age":[{"age_group":"<20","count":291,"tested":9043},{"age_group":"20-29   ","count":676,"tested":25016},{"age_group":"30-39   ","count":654,"tested":17338},{"age_group":"40-49   ","count":384,"tested":10965},{"age_group":"50-59   ","count":435,"tested":11356},{"age_group":"60-69   ","count":283,"tested":9674},{"age_group":"70-79   ","count":153,"tested":4820},{"age_group":"80+","count":68,"tested":1713}],"race":[{"description":"Asian","count":208,"tested":4455,"color":"rgb(140,86,75)"},{"description":"Black","count":268,"tested":6724,"color":"rgb(255,127,14)"},{"description":"Hispanic","count":517,"tested":5870,"color":"rgb(214,39,40)"},{"description":"Left Blank","count":864,"tested":41603,"color":"rgb(44,160,44)"},{"description":"Other","count":180,"tested":2798,"color":"rgb(148,103,189)"},{"description":"White","count":903,"tested":28385,"color":"rgb(31,119,180)"}],"gender":[]}
