{"age":[{"age_group":"<20","count":239,"tested":5880},{"age_group":"20-29   ","count":269,"tested":3668},{"age_group":"30-39   ","count":263,"tested":3264},{"age_group":"40-49   ","count":284,"tested":2605},{"age_group":"50-59   ","count":209,"tested":2832},{"age_group":"60-69   ","count":164,"tested":2910},{"age_group":"70-79   ","count":75,"tested":1802},{"age_group":"80+","count":61,"tested":4169}],"race":[{"description":"Asian","count":62,"tested":1120,"color":"rgb(140,86,75)"},{"description":"Black","count":20,"tested":229,"color":"rgb(255,127,14)"},{"description":"Hispanic","count":512,"tested":5434,"color":"rgb(214,39,40)"},{"description":"Left Blank","count":315,"tested":11288,"color":"rgb(44,160,44)"},{"description":"Other","count":91,"tested":741,"color":"rgb(148,103,189)"},{"description":"White","count":561,"tested":8311,"color":"rgb(31,119,180)"}],"gender":[]}
