{"age":[{"age_group":"<20","count":346,"tested":3888},{"age_group":"20-29   ","count":299,"tested":3492},{"age_group":"30-39   ","count":340,"tested":4727},{"age_group":"40-49   ","count":372,"tested":4674},{"age_group":"50-59   ","count":259,"tested":3713},{"age_group":"60-69   ","count":206,"tested":3577},{"age_group":"70-79   ","count":66,"tested":1891},{"age_group":"80+","count":44,"tested":2866}],"race":[{"description":"Asian","count":21,"tested":443,"color":"rgb(140,86,75)"},{"description":"Black","count":46,"tested":622,"color":"rgb(255,127,14)"},{"description":"Hispanic","count":417,"tested":3048,"color":"rgb(214,39,40)"},{"description":"Left Blank","count":595,"tested":12600,"color":"rgb(44,160,44)"},{"description":"Other","count":93,"tested":1270,"color":"rgb(148,103,189)"},{"description":"White","count":756,"tested":10804,"color":"rgb(31,119,180)"}],"gender":[]}
