{"age":[{"age_group":"<20","count":279,"tested":2960},{"age_group":"20-29   ","count":242,"tested":2511},{"age_group":"30-39   ","count":222,"tested":2137},{"age_group":"40-49   ","count":271,"tested":2533},{"age_group":"50-59   ","count":241,"tested":2588},{"age_group":"60-69   ","count":152,"tested":1721},{"age_group":"70-79   ","count":60,"tested":1013},{"age_group":"80+","count":23,"tested":472}],"race":[{"description":"Asian","count":10,"tested":116,"color":"rgb(140,86,75)"},{"description":"Black","count":7,"tested":227,"color":"rgb(255,127,14)"},{"description":"Hispanic","count":105,"tested":749,"color":"rgb(214,39,40)"},{"description":"Left Blank","count":450,"tested":4601,"color":"rgb(44,160,44)"},{"description":"Other","count":35,"tested":508,"color":"rgb(148,103,189)"},{"description":"White","count":882,"tested":9708,"color":"rgb(31,119,180)"}],"gender":[]}
