{"age":[{"age_group":"<20","count":561,"tested":12186},{"age_group":"20-29   ","count":417,"tested":11584},{"age_group":"30-39   ","count":339,"tested":10731},{"age_group":"40-49   ","count":455,"tested":15555},{"age_group":"50-59   ","count":461,"tested":17023},{"age_group":"60-69   ","count":373,"tested":14685},{"age_group":"70-79   ","count":281,"tested":9725},{"age_group":"80+","count":418,"tested":14333}],"race":[{"description":"Asian","count":195,"tested":5179,"color":"rgb(140,86,75)"},{"description":"Black","count":44,"tested":1534,"color":"rgb(255,127,14)"},{"description":"Hispanic","count":129,"tested":2162,"color":"rgb(214,39,40)"},{"description":"Left Blank","count":887,"tested":60792,"color":"rgb(44,160,44)"},{"description":"Other","count":287,"tested":3762,"color":"rgb(148,103,189)"},{"description":"White","count":1751,"tested":31509,"color":"rgb(31,119,180)"}],"gender":[]}
