{"age":[{"age_group":"<20","count":70,"tested":549},{"age_group":"20-29   ","count":86,"tested":1024},{"age_group":"30-39   ","count":68,"tested":862},{"age_group":"40-49   ","count":75,"tested":918},{"age_group":"50-59   ","count":55,"tested":866},{"age_group":"60-69   ","count":49,"tested":843},{"age_group":"70-79   ","count":17,"tested":344},{"age_group":"80+","count":11,"tested":253}],"race":[{"description":"Hispanic","count":112,"tested":652,"color":"rgb(214,39,40)"},{"description":"Left Blank","count":120,"tested":1837,"color":"rgb(44,160,44)"},{"description":"Other","count":16,"tested":134,"color":"rgb(148,103,189)"},{"description":"White","count":173,"tested":2619,"color":"rgb(31,119,180)"}],"gender":[]}
