{"age":[{"age_group":"<20","count":413,"tested":4594},{"age_group":"20-29   ","count":507,"tested":6317},{"age_group":"30-39   ","count":432,"tested":6191},{"age_group":"40-49   ","count":510,"tested":5541},{"age_group":"50-59   ","count":492,"tested":6414},{"age_group":"60-69   ","count":418,"tested":5866},{"age_group":"70-79   ","count":219,"tested":3410},{"age_group":"80+","count":200,"tested":4084}],"race":[{"description":"Asian","count":181,"tested":2462,"color":"rgb(140,86,75)"},{"description":"Black","count":44,"tested":614,"color":"rgb(255,127,14)"},{"description":"Hispanic","count":356,"tested":2358,"color":"rgb(214,39,40)"},{"description":"Left Blank","count":901,"tested":21831,"color":"rgb(44,160,44)"},{"description":"NH/PI*","count":6,"tested":61,"color":"rgb(127,127,127)"},{"description":"Other","count":136,"tested":1026,"color":"rgb(148,103,189)"},{"description":"White","count":1561,"tested":14038,"color":"rgb(31,119,180)"}],"gender":[]}
