{"age":[{"age_group":"<20","count":663,"tested":5815},{"age_group":"20-29   ","count":750,"tested":8702},{"age_group":"30-39   ","count":564,"tested":7439},{"age_group":"40-49   ","count":538,"tested":8004},{"age_group":"50-59   ","count":556,"tested":8895},{"age_group":"60-69   ","count":373,"tested":6825},{"age_group":"70-79   ","count":207,"tested":4109},{"age_group":"80+","count":120,"tested":3196}],"race":[{"description":"Asian","count":28,"tested":638,"color":"rgb(140,86,75)"},{"description":"Black","count":319,"tested":4959,"color":"rgb(255,127,14)"},{"description":"Hispanic","count":180,"tested":1347,"color":"rgb(214,39,40)"},{"description":"Left Blank","count":945,"tested":15015,"color":"rgb(44,160,44)"},{"description":"Other","count":137,"tested":1636,"color":"rgb(148,103,189)"},{"description":"White","count":2160,"tested":29271,"color":"rgb(31,119,180)"}],"gender":[]}
