{"age":[{"age_group":"<20","count":575,"tested":15999},{"age_group":"20-29   ","count":2738,"tested":51702},{"age_group":"30-39   ","count":1114,"tested":32711},{"age_group":"40-49   ","count":521,"tested":15871},{"age_group":"50-59   ","count":392,"tested":14703},{"age_group":"60-69   ","count":251,"tested":11993},{"age_group":"70-79   ","count":197,"tested":8706},{"age_group":"80+","count":191,"tested":7574}],"race":[{"description":"Asian","count":144,"tested":4375,"color":"rgb(140,86,75)"},{"description":"Black","count":272,"tested":5167,"color":"rgb(255,127,14)"},{"description":"Hispanic","count":334,"tested":4156,"color":"rgb(214,39,40)"},{"description":"Left Blank","count":1638,"tested":78168,"color":"rgb(44,160,44)"},{"description":"Other","count":396,"tested":8245,"color":"rgb(148,103,189)"},{"description":"White","count":3182,"tested":59078,"color":"rgb(31,119,180)"}],"gender":[]}
