{"age":[{"age_group":"<20","count":95,"tested":1485},{"age_group":"20-29   ","count":259,"tested":5367},{"age_group":"30-39   ","count":271,"tested":5768},{"age_group":"40-49   ","count":183,"tested":4504},{"age_group":"50-59   ","count":167,"tested":5530},{"age_group":"60-69   ","count":154,"tested":5083},{"age_group":"70-79   ","count":88,"tested":4067},{"age_group":"80+","count":51,"tested":2794}],"race":[{"description":"Asian","count":25,"tested":837,"color":"rgb(140,86,75)"},{"description":"Black","count":382,"tested":6979,"color":"rgb(255,127,14)"},{"description":"Hispanic","count":136,"tested":1738,"color":"rgb(214,39,40)"},{"description":"Left Blank","count":295,"tested":15836,"color":"rgb(44,160,44)"},{"description":"Other","count":55,"tested":1079,"color":"rgb(148,103,189)"},{"description":"White","count":375,"tested":8110,"color":"rgb(31,119,180)"}],"gender":[]}
