{"age":[{"age_group":"<20","count":625,"tested":6330},{"age_group":"20-29   ","count":672,"tested":8831},{"age_group":"30-39   ","count":607,"tested":8874},{"age_group":"40-49   ","count":615,"tested":8408},{"age_group":"50-59   ","count":502,"tested":8461},{"age_group":"60-69   ","count":323,"tested":7344},{"age_group":"70-79   ","count":154,"tested":3200},{"age_group":"80+","count":130,"tested":1866}],"race":[{"description":"Asian","count":40,"tested":830,"color":"rgb(140,86,75)"},{"description":"Black","count":579,"tested":7426,"color":"rgb(255,127,14)"},{"description":"Hispanic","count":1445,"tested":9227,"color":"rgb(214,39,40)"},{"description":"Left Blank","count":846,"tested":26819,"color":"rgb(44,160,44)"},{"description":"NH/PI*","count":9,"tested":84,"color":"rgb(127,127,127)"},{"description":"Other","count":101,"tested":1231,"color":"rgb(148,103,189)"},{"description":"White","count":606,"tested":7645,"color":"rgb(31,119,180)"}],"gender":[]}
