{"age":[{"age_group":"<20","count":524,"tested":5911},{"age_group":"20-29   ","count":508,"tested":5498},{"age_group":"30-39   ","count":401,"tested":4974},{"age_group":"40-49   ","count":471,"tested":5010},{"age_group":"50-59   ","count":578,"tested":6505},{"age_group":"60-69   ","count":340,"tested":4962},{"age_group":"70-79   ","count":99,"tested":2238},{"age_group":"80+","count":67,"tested":1675}],"race":[{"description":"Asian","count":107,"tested":1251,"color":"rgb(140,86,75)"},{"description":"Black","count":69,"tested":828,"color":"rgb(255,127,14)"},{"description":"Hispanic","count":323,"tested":2136,"color":"rgb(214,39,40)"},{"description":"Left Blank","count":859,"tested":14253,"color":"rgb(44,160,44)"},{"description":"NH/PI*","count":7,"tested":29,"color":"rgb(127,127,127)"},{"description":"Other","count":55,"tested":649,"color":"rgb(148,103,189)"},{"description":"White","count":1564,"tested":17557,"color":"rgb(31,119,180)"}],"gender":[]}
