{"age":[{"age_group":"<20","count":1054,"tested":11141},{"age_group":"20-29   ","count":1166,"tested":14791},{"age_group":"30-39   ","count":1055,"tested":14008},{"age_group":"40-49   ","count":983,"tested":12360},{"age_group":"50-59   ","count":881,"tested":14502},{"age_group":"60-69   ","count":514,"tested":10267},{"age_group":"70-79   ","count":286,"tested":6864},{"age_group":"80+","count":181,"tested":5226}],"race":[{"description":"AI/AN**","count":12,"tested":99,"color":"rgb(31,119,180)"},{"description":"Asian","count":298,"tested":4983,"color":"rgb(140,86,75)"},{"description":"Black","count":905,"tested":11177,"color":"rgb(255,127,14)"},{"description":"Hispanic","count":1785,"tested":11032,"color":"rgb(214,39,40)"},{"description":"Left Blank","count":1601,"tested":41234,"color":"rgb(44,160,44)"},{"description":"NH/PI*","count":6,"tested":93,"color":"rgb(127,127,127)"},{"description":"Other","count":271,"tested":2942,"color":"rgb(148,103,189)"},{"description":"White","count":1242,"tested":17623,"color":"rgb(31,119,180)"}],"gender":[]}
