{"age":[{"age_group":"<20","count":41,"tested":581},{"age_group":"20-29   ","count":29,"tested":304},{"age_group":"30-39   ","count":29,"tested":274},{"age_group":"40-49   ","count":29,"tested":347},{"age_group":"50-59   ","count":31,"tested":327},{"age_group":"60-69   ","count":15,"tested":282},{"age_group":"70-79   ","count":9,"tested":223},{"age_group":"80+","count":8,"tested":139}],"race":[{"description":"Left Blank","count":8,"tested":269,"color":"rgb(44,160,44)"},{"description":"White","count":174,"tested":2022,"color":"rgb(31,119,180)"}],"gender":[{"description":"Female","count":101,"tested":1278,"color":"rgb(255,127,14)"},{"description":"Male","count":90,"tested":1138,"color":"rgb(31,119,180)"}]}
