{"age":[{"age_group":"<20","count":15,"tested":151},{"age_group":"20-29   ","count":18,"tested":144},{"age_group":"30-39   ","count":22,"tested":89},{"age_group":"40-49   ","count":16,"tested":111},{"age_group":"50-59   ","count":19,"tested":170},{"age_group":"60-69   ","count":16,"tested":112}],"race":[{"description":"White","count":92,"tested":601,"color":"rgb(31,119,180)"},{"description":"Left Blank","count":19,"tested":246,"color":"rgb(44,160,44)"}],"gender":[{"description":"Female","count":61,"tested":468,"color":"rgb(255,127,14)"},{"description":"Male","count":51,"tested":388,"color":"rgb(31,119,180)"}]}
