{"age":[{"age_group":"<20","count":165,"tested":1695},{"age_group":"20-29   ","count":193,"tested":3241},{"age_group":"30-39   ","count":225,"tested":3871},{"age_group":"40-49   ","count":238,"tested":4638},{"age_group":"50-59   ","count":211,"tested":5909},{"age_group":"60-69   ","count":143,"tested":4172},{"age_group":"70-79   ","count":64,"tested":1825},{"age_group":"80+","count":29,"tested":767}],"race":[{"description":"Left Blank","count":404,"tested":15233,"color":"rgb(44,160,44)"},{"description":"White","count":48,"tested":922,"color":"rgb(31,119,180)"},{"description":"Hispanic","count":35,"tested":214,"color":"rgb(214,39,40)"},{"description":"Black","count":749,"tested":9333,"color":"rgb(255,127,14)"},{"description":"Asian","count":8,"tested":89,"color":"rgb(140,86,75)"},{"description":"Other","count":20,"tested":301,"color":"rgb(148,103,189)"}],"gender":[{"description":"Male","count":494,"tested":11324,"color":"rgb(31,119,180)"},{"description":"Female","count":771,"tested":14495,"color":"rgb(255,127,14)"}]}
