{"age":[{"age_group":"<20","count":548,"tested":3632},{"age_group":"20-29   ","count":660,"tested":6072},{"age_group":"30-39   ","count":550,"tested":5571},{"age_group":"40-49   ","count":497,"tested":5423},{"age_group":"50-59   ","count":468,"tested":6127},{"age_group":"60-69   ","count":286,"tested":3930},{"age_group":"70-79   ","count":116,"tested":1540},{"age_group":"80+","count":60,"tested":885}],"race":[{"description":"White","count":278,"tested":4185,"color":"rgb(31,119,180)"},{"description":"Other","count":84,"tested":1170,"color":"rgb(148,103,189)"},{"description":"Left Blank","count":1204,"tested":14192,"color":"rgb(44,160,44)"},{"description":"Black","count":484,"tested":7734,"color":"rgb(255,127,14)"},{"description":"Hispanic","count":1126,"tested":5775,"color":"rgb(214,39,40)"},{"description":"Asian","count":6,"tested":67,"color":"rgb(140,86,75)"}],"gender":[{"description":"Female","count":1691,"tested":16621,"color":"rgb(255,127,14)"},{"description":"Unknown/Left Blank","count":8,"tested":441,"color":"rgb(44,160,44)"},{"description":"Male","count":1486,"tested":16124,"color":"rgb(31,119,180)"}]}
