{"age":[{"age_group":"<20","count":43,"tested":577},{"age_group":"20-29   ","count":44,"tested":583},{"age_group":"30-39   ","count":39,"tested":458},{"age_group":"40-49   ","count":30,"tested":333},{"age_group":"50-59   ","count":43,"tested":704},{"age_group":"60-69   ","count":22,"tested":342},{"age_group":"70-79   ","count":10,"tested":121},{"age_group":"80+","count":11,"tested":96}],"race":[{"description":"Left Blank","count":52,"tested":875,"color":"rgb(44,160,44)"},{"description":"White","count":179,"tested":2271,"color":"rgb(31,119,180)"},{"description":"Hispanic","count":6,"tested":20,"color":"rgb(214,39,40)"}],"gender":[{"description":"Female","count":117,"tested":2208,"color":"rgb(255,127,14)"},{"description":"Male","count":125,"tested":944,"color":"rgb(31,119,180)"}]}
