{"age":[{"age_group":"<20","count":46,"tested":324},{"age_group":"20-29   ","count":43,"tested":416},{"age_group":"30-39   ","count":31,"tested":284},{"age_group":"40-49   ","count":21,"tested":221},{"age_group":"50-59   ","count":56,"tested":607},{"age_group":"60-69   ","count":37,"tested":426},{"age_group":"70-79   ","count":12,"tested":250},{"age_group":"80+","count":7,"tested":74}],"race":[{"description":"Other","count":6,"tested":71,"color":"rgb(148,103,189)"},{"description":"Left Blank","count":51,"tested":1005,"color":"rgb(44,160,44)"},{"description":"White","count":164,"tested":1271,"color":"rgb(31,119,180)"},{"description":"Asian","count":16,"tested":114,"color":"rgb(140,86,75)"},{"description":"Hispanic","count":14,"tested":110,"color":"rgb(214,39,40)"}],"gender":[{"description":"Male","count":135,"tested":1317,"color":"rgb(31,119,180)"},{"description":"Female","count":117,"tested":1246,"color":"rgb(255,127,14)"}]}
