{"age":[{"age_group":"<20","count":15,"tested":98},{"age_group":"20-29   ","count":13,"tested":160},{"age_group":"30-39   ","count":6,"tested":63},{"age_group":"40-49   ","count":12,"tested":102},{"age_group":"50-59   ","count":11,"tested":207}],"race":[{"description":"White","count":55,"tested":783,"color":"rgb(31,119,180)"},{"description":"Left Blank","count":8,"tested":185,"color":"rgb(44,160,44)"}],"gender":[{"description":"Female","count":33,"tested":610,"color":"rgb(255,127,14)"},{"description":"Male","count":34,"tested":388,"color":"rgb(31,119,180)"}]}
