{"age":[{"age_group":"<20","count":638,"tested":6559},{"age_group":"20-29   ","count":795,"tested":10898},{"age_group":"30-39   ","count":874,"tested":12670},{"age_group":"40-49   ","count":738,"tested":11291},{"age_group":"50-59   ","count":649,"tested":11726},{"age_group":"60-69   ","count":481,"tested":10388},{"age_group":"70-79   ","count":251,"tested":4555},{"age_group":"80+","count":188,"tested":2588}],"race":[{"description":"Black","count":2938,"tested":29026,"color":"rgb(255,127,14)"},{"description":"Hispanic","count":547,"tested":3261,"color":"rgb(214,39,40)"},{"description":"Asian","count":9,"tested":130,"color":"rgb(140,86,75)"},{"description":"White","count":128,"tested":2585,"color":"rgb(31,119,180)"},{"description":"Left Blank","count":884,"tested":34176,"color":"rgb(44,160,44)"},{"description":"Other","count":105,"tested":1475,"color":"rgb(148,103,189)"}],"gender":[{"description":"Female","count":2479,"tested":38684,"color":"rgb(255,127,14)"},{"description":"Male","count":2019,"tested":29778,"color":"rgb(31,119,180)"},{"description":"Unknown/Left Blank","count":117,"tested":2252,"color":"rgb(44,160,44)"}]}
