{"age":[{"age_group":"<20","count":419,"tested":5970},{"age_group":"20-29   ","count":431,"tested":5675},{"age_group":"30-39   ","count":409,"tested":5715},{"age_group":"40-49   ","count":372,"tested":4885},{"age_group":"50-59   ","count":395,"tested":6299},{"age_group":"60-69   ","count":277,"tested":5118},{"age_group":"70-79   ","count":129,"tested":3590},{"age_group":"80+","count":158,"tested":6717}],"race":[{"description":"Hispanic","count":305,"tested":2263,"color":"rgb(214,39,40)"},{"description":"Left Blank","count":545,"tested":17008,"color":"rgb(44,160,44)"},{"description":"Other","count":101,"tested":981,"color":"rgb(148,103,189)"},{"description":"White","count":1440,"tested":20673,"color":"rgb(31,119,180)"},{"description":"Asian","count":134,"tested":2301,"color":"rgb(140,86,75)"},{"description":"Black","count":64,"tested":696,"color":"rgb(255,127,14)"}],"gender":[{"description":"Unknown/Left Blank","count":21,"tested":1626,"color":"rgb(44,160,44)"},{"description":"Male","count":1249,"tested":18166,"color":"rgb(31,119,180)"},{"description":"Female","count":1320,"tested":24185,"color":"rgb(255,127,14)"}]}
