{"age":[{"age_group":"<20","count":72,"tested":603},{"age_group":"20-29   ","count":84,"tested":1362},{"age_group":"30-39   ","count":64,"tested":2065},{"age_group":"40-49   ","count":70,"tested":2163},{"age_group":"50-59   ","count":58,"tested":3104},{"age_group":"60-69   ","count":47,"tested":3129},{"age_group":"70-79   ","count":19,"tested":664},{"age_group":"80+","count":10,"tested":318}],"race":[{"description":"Black","count":275,"tested":8495,"color":"rgb(255,127,14)"},{"description":"White","count":14,"tested":1184,"color":"rgb(31,119,180)"},{"description":"Hispanic","count":19,"tested":272,"color":"rgb(214,39,40)"},{"description":"Left Blank","count":111,"tested":3331,"color":"rgb(44,160,44)"}],"gender":[{"description":"Female","count":213,"tested":5801,"color":"rgb(255,127,14)"},{"description":"Male","count":209,"tested":7615,"color":"rgb(31,119,180)"}]}
