{"age":[{"age_group":"<20","count":1604,"tested":10331},{"age_group":"20-29   ","count":1820,"tested":14988},{"age_group":"30-39   ","count":1530,"tested":11084},{"age_group":"40-49   ","count":1657,"tested":10668},{"age_group":"50-59   ","count":1246,"tested":9928},{"age_group":"60-69   ","count":664,"tested":8024},{"age_group":"70-79   ","count":310,"tested":6323},{"age_group":"80+","count":159,"tested":4370}],"race":[{"description":"Black","count":340,"tested":3597,"color":"rgb(255,127,14)"},{"description":"Asian","count":42,"tested":422,"color":"rgb(140,86,75)"},{"description":"Other","count":267,"tested":2932,"color":"rgb(148,103,189)"},{"description":"AI/AN**","count":8,"tested":74,"color":"rgb(31,119,180)"},{"description":"White","count":716,"tested":8346,"color":"rgb(31,119,180)"},{"description":"Left Blank","count":1901,"tested":34401,"color":"rgb(44,160,44)"},{"description":"Hispanic","count":5711,"tested":25923,"color":"rgb(214,39,40)"}],"gender":[{"description":"Unknown/Left Blank","count":32,"tested":720,"color":"rgb(44,160,44)"},{"description":"Female","count":4612,"tested":43087,"color":"rgb(255,127,14)"},{"description":"Male","count":4346,"tested":31917,"color":"rgb(31,119,180)"}]}
