{"age":[{"age_group":"<20","count":13,"tested":153},{"age_group":"20-29   ","count":9,"tested":113},{"age_group":"30-39   ","count":7,"tested":79},{"age_group":"50-59   ","count":10,"tested":140},{"age_group":"60-69   ","count":7,"tested":141}],"race":[{"description":"White","count":38,"tested":353,"color":"rgb(31,119,180)"},{"description":"Other","count":6,"tested":53,"color":"rgb(148,103,189)"}],"gender":[{"description":"Male","count":28,"tested":354,"color":"rgb(31,119,180)"},{"description":"Female","count":23,"tested":398,"color":"rgb(255,127,14)"}]}
