{"age":[{"age_group":"<20","count":390,"tested":3848},{"age_group":"20-29   ","count":415,"tested":4952},{"age_group":"30-39   ","count":430,"tested":5135},{"age_group":"40-49   ","count":410,"tested":4360},{"age_group":"50-59   ","count":401,"tested":5023},{"age_group":"60-69   ","count":293,"tested":5105},{"age_group":"70-79   ","count":147,"tested":3005},{"age_group":"80+","count":103,"tested":2565}],"race":[{"description":"Asian","count":122,"tested":1929,"color":"rgb(140,86,75)"},{"description":"Hispanic","count":705,"tested":3968,"color":"rgb(214,39,40)"},{"description":"Black","count":45,"tested":596,"color":"rgb(255,127,14)"},{"description":"White","count":970,"tested":11880,"color":"rgb(31,119,180)"},{"description":"Left Blank","count":602,"tested":14800,"color":"rgb(44,160,44)"},{"description":"Other","count":138,"tested":743,"color":"rgb(148,103,189)"}],"gender":[{"description":"Male","count":1276,"tested":14521,"color":"rgb(31,119,180)"},{"description":"Unknown/Left Blank","count":15,"tested":586,"color":"rgb(44,160,44)"},{"description":"Female","count":1298,"tested":18897,"color":"rgb(255,127,14)"}]}
