{"age":[{"age_group":"<20","count":772,"tested":6673},{"age_group":"20-29   ","count":879,"tested":15807},{"age_group":"30-39   ","count":929,"tested":17583},{"age_group":"40-49   ","count":796,"tested":16706},{"age_group":"50-59   ","count":709,"tested":17430},{"age_group":"60-69   ","count":554,"tested":14134},{"age_group":"70-79   ","count":284,"tested":6656},{"age_group":"80+","count":246,"tested":5615}],"race":[{"description":"Black","count":1229,"tested":30229,"color":"rgb(255,127,14)"},{"description":"Hispanic","count":777,"tested":4725,"color":"rgb(214,39,40)"},{"description":"Asian","count":10,"tested":613,"color":"rgb(140,86,75)"},{"description":"White","count":1969,"tested":41827,"color":"rgb(31,119,180)"},{"description":"Other","count":103,"tested":2795,"color":"rgb(148,103,189)"},{"description":"Left Blank","count":1079,"tested":20232,"color":"rgb(44,160,44)"}],"gender":[{"description":"Unknown/Left Blank","count":19,"tested":1137,"color":"rgb(44,160,44)"},{"description":"Male","count":2421,"tested":37300,"color":"rgb(31,119,180)"},{"description":"Female","count":2730,"tested":62227,"color":"rgb(255,127,14)"}]}
