{"age":[{"age_group":"<20","count":281,"tested":6433},{"age_group":"20-29   ","count":1362,"tested":28400},{"age_group":"30-39   ","count":957,"tested":23885},{"age_group":"40-49   ","count":444,"tested":11549},{"age_group":"50-59   ","count":365,"tested":10028},{"age_group":"60-69   ","count":270,"tested":8135},{"age_group":"70-79   ","count":115,"tested":4237},{"age_group":"80+","count":104,"tested":2954}],"race":[{"description":"White","count":1674,"tested":32349,"color":"rgb(31,119,180)"},{"description":"Black","count":226,"tested":3837,"color":"rgb(255,127,14)"},{"description":"Asian","count":140,"tested":2878,"color":"rgb(140,86,75)"},{"description":"Other","count":217,"tested":3931,"color":"rgb(148,103,189)"},{"description":"Hispanic","count":403,"tested":4027,"color":"rgb(214,39,40)"},{"description":"Left Blank","count":1230,"tested":48510,"color":"rgb(44,160,44)"}],"gender":[{"description":"Female","count":1727,"tested":48738,"color":"rgb(255,127,14)"},{"description":"Male","count":2017,"tested":45119,"color":"rgb(31,119,180)"},{"description":"Unknown/Left Blank","count":154,"tested":1790,"color":"rgb(44,160,44)"}]}
