{"age":[{"age_group":"<20","count":257,"tested":1213},{"age_group":"20-29   ","count":327,"tested":5185},{"age_group":"30-39   ","count":147,"tested":1614},{"age_group":"40-49   ","count":24,"tested":278},{"age_group":"50-59   ","count":21,"tested":174},{"age_group":"60-69   ","count":13,"tested":160}],"race":[{"description":"Black","count":159,"tested":564,"color":"rgb(255,127,14)"},{"description":"Hispanic","count":104,"tested":360,"color":"rgb(214,39,40)"},{"description":"Asian","count":38,"tested":307,"color":"rgb(140,86,75)"},{"description":"Other","count":38,"tested":96,"color":"rgb(148,103,189)"},{"description":"Left Blank","count":75,"tested":4495,"color":"rgb(44,160,44)"},{"description":"White","count":372,"tested":2827,"color":"rgb(31,119,180)"}],"gender":[{"description":"Male","count":541,"tested":5304,"color":"rgb(31,119,180)"},{"description":"Female","count":251,"tested":3343,"color":"rgb(255,127,14)"}]}
