{"age":[{"age_group":"<20","count":805,"tested":7837},{"age_group":"20-29   ","count":1178,"tested":14377},{"age_group":"30-39   ","count":1140,"tested":14486},{"age_group":"40-49   ","count":918,"tested":12580},{"age_group":"50-59   ","count":1057,"tested":15389},{"age_group":"60-69   ","count":853,"tested":13993},{"age_group":"70-79   ","count":384,"tested":6231},{"age_group":"80+","count":299,"tested":5211}],"race":[{"description":"Black","count":174,"tested":2561,"color":"rgb(255,127,14)"},{"description":"Asian","count":947,"tested":10986,"color":"rgb(140,86,75)"},{"description":"White","count":2330,"tested":24926,"color":"rgb(31,119,180)"},{"description":"Other","count":582,"tested":3758,"color":"rgb(148,103,189)"},{"description":"Hispanic","count":974,"tested":6855,"color":"rgb(214,39,40)"},{"description":"AI/AN**","count":35,"tested":335,"color":"rgb(31,119,180)"},{"description":"Left Blank","count":1567,"tested":40439,"color":"rgb(44,160,44)"},{"description":"NH/PI*","count":25,"tested":277,"color":"rgb(127,127,127)"}],"gender":[{"description":"Unknown/Left Blank","count":51,"tested":1239,"color":"rgb(44,160,44)"},{"description":"Female","count":3353,"tested":52765,"color":"rgb(255,127,14)"},{"description":"Male","count":3230,"tested":36133,"color":"rgb(31,119,180)"}]}
