{"age":[{"age_group":"<20","count":551,"tested":4886},{"age_group":"20-29   ","count":630,"tested":8070},{"age_group":"30-39   ","count":547,"tested":7191},{"age_group":"40-49   ","count":611,"tested":7360},{"age_group":"50-59   ","count":511,"tested":7774},{"age_group":"60-69   ","count":369,"tested":6937},{"age_group":"70-79   ","count":222,"tested":4857},{"age_group":"80+","count":233,"tested":6441}],"race":[{"description":"White","count":990,"tested":11715,"color":"rgb(31,119,180)"},{"description":"Other","count":188,"tested":1514,"color":"rgb(148,103,189)"},{"description":"Left Blank","count":966,"tested":29192,"color":"rgb(44,160,44)"},{"description":"Black","count":40,"tested":643,"color":"rgb(255,127,14)"},{"description":"Asian","count":228,"tested":2821,"color":"rgb(140,86,75)"},{"description":"Hispanic","count":1247,"tested":7682,"color":"rgb(214,39,40)"},{"description":"AI/AN**","count":11,"tested":127,"color":"rgb(31,119,180)"}],"gender":[{"description":"Female","count":1873,"tested":30700,"color":"rgb(255,127,14)"},{"description":"Male","count":1771,"tested":21834,"color":"rgb(31,119,180)"},{"description":"Unknown/Left Blank","count":30,"tested":1316,"color":"rgb(44,160,44)"}]}
