{"age":[{"age_group":"<20","count":62,"tested":1841},{"age_group":"20-29   ","count":42,"tested":503},{"age_group":"30-39   ","count":39,"tested":449},{"age_group":"40-49   ","count":31,"tested":313},{"age_group":"50-59   ","count":36,"tested":287},{"age_group":"60-69   ","count":30,"tested":347},{"age_group":"70-79   ","count":14,"tested":172}],"race":[{"description":"Left Blank","count":65,"tested":1418,"color":"rgb(44,160,44)"},{"description":"Hispanic","count":97,"tested":557,"color":"rgb(214,39,40)"},{"description":"Other","count":8,"tested":91,"color":"rgb(148,103,189)"},{"description":"White","count":85,"tested":1753,"color":"rgb(31,119,180)"}],"gender":[{"description":"Male","count":137,"tested":2221,"color":"rgb(31,119,180)"},{"description":"Female","count":105,"tested":1675,"color":"rgb(255,127,14)"}]}
