{"age":[{"age_group":"<20","count":690,"tested":9929},{"age_group":"20-29   ","count":489,"tested":7299},{"age_group":"30-39   ","count":317,"tested":5624},{"age_group":"40-49   ","count":514,"tested":6705},{"age_group":"50-59   ","count":622,"tested":8732},{"age_group":"60-69   ","count":382,"tested":7304},{"age_group":"70-79   ","count":211,"tested":4578},{"age_group":"80+","count":177,"tested":4405}],"race":[{"description":"Hispanic","count":127,"tested":1714,"color":"rgb(214,39,40)"},{"description":"Asian","count":176,"tested":2906,"color":"rgb(140,86,75)"},{"description":"White","count":1826,"tested":25561,"color":"rgb(31,119,180)"},{"description":"Black","count":25,"tested":495,"color":"rgb(255,127,14)"},{"description":"Left Blank","count":1106,"tested":22582,"color":"rgb(44,160,44)"},{"description":"Other","count":130,"tested":1201,"color":"rgb(148,103,189)"},{"description":"AI/AN**","count":10,"tested":70,"color":"rgb(31,119,180)"}],"gender":[{"description":"Male","count":1706,"tested":24022,"color":"rgb(31,119,180)"},{"description":"Unknown/Left Blank","count":34,"tested":1027,"color":"rgb(44,160,44)"},{"description":"Female","count":1662,"tested":29533,"color":"rgb(255,127,14)"}]}
