{"age":[{"age_group":"<20","count":792,"tested":16862},{"age_group":"20-29   ","count":1415,"tested":26975},{"age_group":"30-39   ","count":614,"tested":8491},{"age_group":"40-49   ","count":491,"tested":5605},{"age_group":"50-59   ","count":411,"tested":6215},{"age_group":"60-69   ","count":279,"tested":5080},{"age_group":"70-79   ","count":167,"tested":3818},{"age_group":"80+","count":201,"tested":7157}],"race":[{"description":"Left Blank","count":991,"tested":34178,"color":"rgb(44,160,44)"},{"description":"Other","count":51,"tested":813,"color":"rgb(148,103,189)"},{"description":"Black","count":623,"tested":9942,"color":"rgb(255,127,14)"},{"description":"Hispanic","count":794,"tested":5724,"color":"rgb(214,39,40)"},{"description":"White","count":1835,"tested":27775,"color":"rgb(31,119,180)"},{"description":"Asian","count":72,"tested":1678,"color":"rgb(140,86,75)"}],"gender":[{"description":"Female","count":2343,"tested":50171,"color":"rgb(255,127,14)"},{"description":"Male","count":2017,"tested":29690,"color":"rgb(31,119,180)"},{"description":"Unknown/Left Blank","count":10,"tested":351,"color":"rgb(44,160,44)"}]}
