{"age":[{"age_group":"<20","count":315,"tested":2442},{"age_group":"20-29   ","count":461,"tested":3816},{"age_group":"30-39   ","count":480,"tested":4124},{"age_group":"40-49   ","count":395,"tested":3193},{"age_group":"50-59   ","count":352,"tested":4056},{"age_group":"60-69   ","count":242,"tested":3441},{"age_group":"70-79   ","count":126,"tested":3052},{"age_group":"80+","count":123,"tested":5300}],"race":[{"description":"Hispanic","count":1144,"tested":4717,"color":"rgb(214,39,40)"},{"description":"Left Blank","count":485,"tested":16046,"color":"rgb(44,160,44)"},{"description":"White","count":656,"tested":6328,"color":"rgb(31,119,180)"},{"description":"Asian","count":55,"tested":673,"color":"rgb(140,86,75)"},{"description":"Black","count":73,"tested":850,"color":"rgb(255,127,14)"},{"description":"Other","count":73,"tested":781,"color":"rgb(148,103,189)"}],"gender":[{"description":"Female","count":1277,"tested":17293,"color":"rgb(255,127,14)"},{"description":"Male","count":1208,"tested":11666,"color":"rgb(31,119,180)"}]}
