{"age":[{"age_group":"<20","count":340,"tested":2554},{"age_group":"20-29   ","count":449,"tested":3935},{"age_group":"30-39   ","count":425,"tested":4106},{"age_group":"40-49   ","count":377,"tested":3296},{"age_group":"50-59   ","count":365,"tested":3396},{"age_group":"60-69   ","count":239,"tested":3025},{"age_group":"70-79   ","count":109,"tested":1621},{"age_group":"80+","count":53,"tested":751}],"race":[{"description":"Other","count":80,"tested":753,"color":"rgb(148,103,189)"},{"description":"Black","count":307,"tested":3222,"color":"rgb(255,127,14)"},{"description":"White","count":624,"tested":6037,"color":"rgb(31,119,180)"},{"description":"Asian","count":30,"tested":243,"color":"rgb(140,86,75)"},{"description":"Left Blank","count":890,"tested":10065,"color":"rgb(44,160,44)"},{"description":"Hispanic","count":421,"tested":2312,"color":"rgb(214,39,40)"}],"gender":[{"description":"Male","count":1082,"tested":9417,"color":"rgb(31,119,180)"},{"description":"Unknown/Left Blank","count":17,"tested":345,"color":"rgb(44,160,44)"},{"description":"Female","count":1258,"tested":12928,"color":"rgb(255,127,14)"}]}
