{"age":[{"age_group":"<20","count":259,"tested":1839},{"age_group":"20-29   ","count":361,"tested":3444},{"age_group":"30-39   ","count":295,"tested":3532},{"age_group":"40-49   ","count":251,"tested":3639},{"age_group":"50-59   ","count":297,"tested":4352},{"age_group":"60-69   ","count":229,"tested":4109},{"age_group":"70-79   ","count":126,"tested":2761},{"age_group":"80+","count":94,"tested":1596}],"race":[{"description":"Black","count":67,"tested":2793,"color":"rgb(255,127,14)"},{"description":"Asian","count":45,"tested":596,"color":"rgb(140,86,75)"},{"description":"White","count":673,"tested":8200,"color":"rgb(31,119,180)"},{"description":"Hispanic","count":327,"tested":2078,"color":"rgb(214,39,40)"},{"description":"Other","count":158,"tested":1053,"color":"rgb(148,103,189)"},{"description":"Left Blank","count":636,"tested":10623,"color":"rgb(44,160,44)"}],"gender":[{"description":"Male","count":899,"tested":12036,"color":"rgb(31,119,180)"},{"description":"Unknown/Left Blank","count":11,"tested":208,"color":"rgb(44,160,44)"},{"description":"Female","count":1002,"tested":13144,"color":"rgb(255,127,14)"}]}
