{"lastUpdatedDate":{"year":2021,"month":9,"day":30},"county_demographics":[{"County":"Saline","confirmed_cases":4207,"total_tested":60499,"demographics":{"age":[{"race":[],"age_group":"<20","count":884,"tested":8338,"deaths":0},{"race":[],"age_group":"20-29   ","count":611,"tested":8901,"deaths":0},{"race":[],"age_group":"30-39   ","count":587,"tested":8325,"deaths":0},{"race":[],"age_group":"40-49   ","count":545,"tested":8128,"deaths":0},{"race":[],"age_group":"50-59   ","count":559,"tested":8258,"deaths":0},{"race":[],"age_group":"60-69   ","count":462,"tested":7041,"deaths":0},{"race":[],"age_group":"70-79   ","count":331,"tested":5691,"deaths":0},{"race":[],"age_group":"80+","count":228,"tested":5815,"deaths":0},{"race":[],"age_group":"Unknown","count":0,"tested":0,"deaths":0}],"race":[{"description":"AI/AN**","count":0,"tested":29,"deaths":0,"color":"rgb(31,119,180)"},{"description":"Asian","count":8,"tested":87,"deaths":0,"color":"rgb(140,86,75)"},{"description":"Black","count":125,"tested":1533,"deaths":0,"color":"rgb(255,127,14)"},{"description":"Hispanic","count":25,"tested":220,"deaths":0,"color":"rgb(214,39,40)"},{"description":"Left Blank","count":1407,"tested":30864,"deaths":0,"color":"rgb(44,160,44)"},{"description":"NH/PI*","count":0,"tested":35,"deaths":0,"color":"rgb(127,127,127)"},{"description":"Other","count":28,"tested":387,"deaths":0,"color":"rgb(148,103,189)"},{"description":"White","count":2605,"tested":27344,"deaths":0,"color":"rgb(31,119,180)"}],"gender":[{"description":"Female","count":2238,"tested":35012,"deaths":0,"color":"rgb(255,127,14)"},{"description":"Male","count":1914,"tested":23112,"deaths":0,"color":"rgb(31,119,180)"},{"description":"Unknown/Left Blank","count":53,"tested":2375,"deaths":0,"color":"rgb(44,160,44)"}]}}]}
