{"lastUpdatedDate":{"year":2021,"month":9,"day":30},"county_demographics":[{"County":"Randolph","confirmed_cases":5405,"total_tested":85107,"demographics":{"age":[{"race":[],"age_group":"<20","count":981,"tested":8411,"deaths":0},{"race":[],"age_group":"20-29   ","count":848,"tested":13183,"deaths":0},{"race":[],"age_group":"30-39   ","count":853,"tested":15771,"deaths":0},{"race":[],"age_group":"40-49   ","count":781,"tested":15118,"deaths":0},{"race":[],"age_group":"50-59   ","count":703,"tested":11924,"deaths":0},{"race":[],"age_group":"60-69   ","count":593,"tested":8098,"deaths":0},{"race":[],"age_group":"70-79   ","count":325,"tested":4648,"deaths":0},{"race":[],"age_group":"80+","count":321,"tested":7923,"deaths":0},{"race":[],"age_group":"Unknown","count":0,"tested":31,"deaths":0}],"race":[{"description":"AI/AN**","count":0,"tested":19,"deaths":0,"color":"rgb(31,119,180)"},{"description":"Asian","count":0,"tested":71,"deaths":0,"color":"rgb(140,86,75)"},{"description":"Black","count":273,"tested":4037,"deaths":0,"color":"rgb(255,127,14)"},{"description":"Hispanic","count":147,"tested":749,"deaths":0,"color":"rgb(214,39,40)"},{"description":"Left Blank","count":1558,"tested":37113,"deaths":0,"color":"rgb(44,160,44)"},{"description":"NH/PI*","count":0,"tested":38,"deaths":0,"color":"rgb(127,127,127)"},{"description":"Other","count":38,"tested":668,"deaths":0,"color":"rgb(148,103,189)"},{"description":"White","count":3378,"tested":42412,"deaths":0,"color":"rgb(31,119,180)"}],"gender":[{"description":"Female","count":2781,"tested":43818,"deaths":0,"color":"rgb(255,127,14)"},{"description":"Male","count":2548,"tested":34320,"deaths":0,"color":"rgb(31,119,180)"},{"description":"Unknown/Left Blank","count":74,"tested":6969,"deaths":0,"color":"rgb(44,160,44)"}]}}]}
