{"lastUpdatedDate":{"year":2021,"month":9,"day":30},"county_demographics":[{"County":"Piatt","confirmed_cases":1949,"total_tested":42335,"demographics":{"age":[{"race":[],"age_group":"<20","count":432,"tested":9794,"deaths":0},{"race":[],"age_group":"20-29   ","count":257,"tested":5894,"deaths":0},{"race":[],"age_group":"30-39   ","count":301,"tested":5519,"deaths":0},{"race":[],"age_group":"40-49   ","count":292,"tested":5094,"deaths":0},{"race":[],"age_group":"50-59   ","count":272,"tested":5283,"deaths":0},{"race":[],"age_group":"60-69   ","count":230,"tested":4792,"deaths":0},{"race":[],"age_group":"70-79   ","count":101,"tested":2906,"deaths":0},{"race":[],"age_group":"80+","count":64,"tested":3044,"deaths":0},{"race":[],"age_group":"Unknown","count":0,"tested":9,"deaths":0}],"race":[{"description":"AI/AN**","count":0,"tested":48,"deaths":0,"color":"rgb(31,119,180)"},{"description":"Asian","count":0,"tested":216,"deaths":0,"color":"rgb(140,86,75)"},{"description":"Black","count":13,"tested":254,"deaths":0,"color":"rgb(255,127,14)"},{"description":"Hispanic","count":12,"tested":342,"deaths":0,"color":"rgb(214,39,40)"},{"description":"Left Blank","count":301,"tested":11847,"deaths":0,"color":"rgb(44,160,44)"},{"description":"NH/PI*","count":0,"tested":13,"deaths":0,"color":"rgb(127,127,127)"},{"description":"Other","count":35,"tested":1008,"deaths":0,"color":"rgb(148,103,189)"},{"description":"White","count":1580,"tested":28607,"deaths":0,"color":"rgb(31,119,180)"}],"gender":[{"description":"Female","count":1019,"tested":24730,"deaths":0,"color":"rgb(255,127,14)"},{"description":"Male","count":926,"tested":16912,"deaths":0,"color":"rgb(31,119,180)"},{"description":"Unknown/Left Blank","count":0,"tested":693,"deaths":0,"color":"rgb(44,160,44)"}]}}]}
