{"lastUpdatedDate":{"year":2021,"month":9,"day":30},"county_demographics":[{"County":"Knox","confirmed_cases":6869,"total_tested":147241,"demographics":{"age":[{"race":[],"age_group":"<20","count":1089,"tested":17740,"deaths":0},{"race":[],"age_group":"20-29   ","count":1061,"tested":29358,"deaths":0},{"race":[],"age_group":"30-39   ","count":1003,"tested":24118,"deaths":0},{"race":[],"age_group":"40-49   ","count":1021,"tested":21949,"deaths":0},{"race":[],"age_group":"50-59   ","count":952,"tested":19629,"deaths":0},{"race":[],"age_group":"60-69   ","count":796,"tested":14247,"deaths":0},{"race":[],"age_group":"70-79   ","count":518,"tested":8337,"deaths":0},{"race":[],"age_group":"80+","count":426,"tested":8833,"deaths":0},{"race":[],"age_group":"Unknown","count":0,"tested":3030,"deaths":0}],"race":[{"description":"AI/AN**","count":0,"tested":79,"deaths":0,"color":"rgb(31,119,180)"},{"description":"Asian","count":23,"tested":1302,"deaths":0,"color":"rgb(140,86,75)"},{"description":"Black","count":602,"tested":5353,"deaths":0,"color":"rgb(255,127,14)"},{"description":"Hispanic","count":331,"tested":3230,"deaths":0,"color":"rgb(214,39,40)"},{"description":"Left Blank","count":1036,"tested":85026,"deaths":0,"color":"rgb(44,160,44)"},{"description":"NH/PI*","count":0,"tested":106,"deaths":0,"color":"rgb(127,127,127)"},{"description":"Other","count":100,"tested":1944,"deaths":0,"color":"rgb(148,103,189)"},{"description":"White","count":4766,"tested":50201,"deaths":0,"color":"rgb(31,119,180)"}],"gender":[{"description":"Female","count":3564,"tested":66368,"deaths":0,"color":"rgb(255,127,14)"},{"description":"Male","count":3197,"tested":60891,"deaths":0,"color":"rgb(31,119,180)"},{"description":"Unknown/Left Blank","count":108,"tested":19982,"deaths":0,"color":"rgb(44,160,44)"}]}}]}
