{"lastUpdatedDate":{"year":2021,"month":8,"day":12},"county_demographics":[{"County":"Mercer","confirmed_cases":1551,"total_tested":20471,"demographics":{"age":[{"race":[],"age_group":"<20","count":258,"tested":3788,"deaths":0},{"race":[],"age_group":"20-29   ","count":198,"tested":2367,"deaths":0},{"race":[],"age_group":"30-39   ","count":205,"tested":2493,"deaths":0},{"race":[],"age_group":"40-49   ","count":245,"tested":2394,"deaths":0},{"race":[],"age_group":"50-59   ","count":241,"tested":2918,"deaths":0},{"race":[],"age_group":"60-69   ","count":194,"tested":2424,"deaths":0},{"race":[],"age_group":"70-79   ","count":109,"tested":1893,"deaths":0},{"race":[],"age_group":"80+","count":100,"tested":2180,"deaths":0},{"race":[],"age_group":"Unknown","count":0,"tested":14,"deaths":0}],"race":[{"description":"AI/AN**","count":0,"tested":0,"deaths":0,"color":"rgb(31,119,180)"},{"description":"Asian","count":0,"tested":11,"deaths":0,"color":"rgb(140,86,75)"},{"description":"Black","count":7,"tested":27,"deaths":0,"color":"rgb(255,127,14)"},{"description":"Hispanic","count":22,"tested":131,"deaths":0,"color":"rgb(214,39,40)"},{"description":"Left Blank","count":389,"tested":8382,"deaths":0,"color":"rgb(44,160,44)"},{"description":"NH/PI*","count":0,"tested":6,"deaths":0,"color":"rgb(127,127,127)"},{"description":"Other","count":13,"tested":261,"deaths":0,"color":"rgb(148,103,189)"},{"description":"White","count":1112,"tested":11651,"deaths":0,"color":"rgb(31,119,180)"}],"gender":[{"description":"Female","count":840,"tested":11936,"deaths":0,"color":"rgb(255,127,14)"},{"description":"Male","count":701,"tested":8002,"deaths":0,"color":"rgb(31,119,180)"},{"description":"Unknown/Left Blank","count":0,"tested":533,"deaths":0,"color":"rgb(44,160,44)"}]}}]}
