{"lastUpdatedDate":{"year":2021,"month":8,"day":12},"county_demographics":[{"County":"Mason","confirmed_cases":1709,"total_tested":28635,"demographics":{"age":[{"race":[],"age_group":"<20","count":312,"tested":4220,"deaths":0},{"race":[],"age_group":"20-29   ","count":209,"tested":4257,"deaths":0},{"race":[],"age_group":"30-39   ","count":246,"tested":4425,"deaths":0},{"race":[],"age_group":"40-49   ","count":240,"tested":4738,"deaths":0},{"race":[],"age_group":"50-59   ","count":236,"tested":4213,"deaths":0},{"race":[],"age_group":"60-69   ","count":209,"tested":2876,"deaths":0},{"race":[],"age_group":"70-79   ","count":150,"tested":1636,"deaths":0},{"race":[],"age_group":"80+","count":105,"tested":2270,"deaths":0},{"race":[],"age_group":"Unknown","count":0,"tested":0,"deaths":0}],"race":[{"description":"AI/AN**","count":0,"tested":10,"deaths":0,"color":"rgb(31,119,180)"},{"description":"Asian","count":0,"tested":71,"deaths":0,"color":"rgb(140,86,75)"},{"description":"Black","count":0,"tested":53,"deaths":0,"color":"rgb(255,127,14)"},{"description":"Hispanic","count":10,"tested":74,"deaths":0,"color":"rgb(214,39,40)"},{"description":"Left Blank","count":477,"tested":9150,"deaths":0,"color":"rgb(44,160,44)"},{"description":"Other","count":9,"tested":219,"deaths":0,"color":"rgb(148,103,189)"},{"description":"White","count":1206,"tested":19058,"deaths":0,"color":"rgb(31,119,180)"}],"gender":[{"description":"Female","count":946,"tested":18324,"deaths":0,"color":"rgb(255,127,14)"},{"description":"Male","count":726,"tested":9189,"deaths":0,"color":"rgb(31,119,180)"},{"description":"Unknown/Left Blank","count":37,"tested":1122,"deaths":0,"color":"rgb(44,160,44)"}]}}]}
