{"lastUpdatedDate":{"year":2021,"month":8,"day":12},"county_demographics":[{"County":"Williamson","confirmed_cases":8941,"total_tested":129320,"demographics":{"age":[{"race":[],"age_group":"<20","count":1590,"tested":14464,"deaths":0},{"race":[],"age_group":"20-29   ","count":1403,"tested":18167,"deaths":0},{"race":[],"age_group":"30-39   ","count":1400,"tested":20465,"deaths":0},{"race":[],"age_group":"40-49   ","count":1375,"tested":19198,"deaths":0},{"race":[],"age_group":"50-59   ","count":1216,"tested":19246,"deaths":0},{"race":[],"age_group":"60-69   ","count":936,"tested":15032,"deaths":0},{"race":[],"age_group":"70-79   ","count":625,"tested":12051,"deaths":0},{"race":[],"age_group":"80+","count":395,"tested":10661,"deaths":0},{"race":[],"age_group":"Unknown","count":0,"tested":36,"deaths":0}],"race":[{"description":"AI/AN**","count":0,"tested":42,"deaths":0,"color":"rgb(31,119,180)"},{"description":"Asian","count":28,"tested":500,"deaths":0,"color":"rgb(140,86,75)"},{"description":"Black","count":335,"tested":3977,"deaths":0,"color":"rgb(255,127,14)"},{"description":"Hispanic","count":108,"tested":1126,"deaths":0,"color":"rgb(214,39,40)"},{"description":"Left Blank","count":1802,"tested":49790,"deaths":0,"color":"rgb(44,160,44)"},{"description":"NH/PI*","count":0,"tested":64,"deaths":0,"color":"rgb(127,127,127)"},{"description":"Other","count":70,"tested":1347,"deaths":0,"color":"rgb(148,103,189)"},{"description":"White","count":6591,"tested":72474,"deaths":0,"color":"rgb(31,119,180)"}],"gender":[{"description":"Female","count":4594,"tested":69482,"deaths":0,"color":"rgb(255,127,14)"},{"description":"Male","count":3954,"tested":50129,"deaths":0,"color":"rgb(31,119,180)"},{"description":"Unknown/Left Blank","count":392,"tested":9709,"deaths":0,"color":"rgb(44,160,44)"}]}}]}
