{"lastUpdatedDate":{"year":2021,"month":8,"day":12},"county_demographics":[{"County":"Pike","confirmed_cases":2173,"total_tested":26016,"demographics":{"age":[{"race":[],"age_group":"<20","count":328,"tested":3089,"deaths":0},{"race":[],"age_group":"20-29   ","count":311,"tested":4303,"deaths":0},{"race":[],"age_group":"30-39   ","count":313,"tested":4105,"deaths":0},{"race":[],"age_group":"40-49   ","count":267,"tested":3634,"deaths":0},{"race":[],"age_group":"50-59   ","count":323,"tested":3707,"deaths":0},{"race":[],"age_group":"60-69   ","count":284,"tested":2742,"deaths":0},{"race":[],"age_group":"70-79   ","count":172,"tested":1767,"deaths":0},{"race":[],"age_group":"80+","count":174,"tested":2667,"deaths":0},{"race":[],"age_group":"Unknown","count":0,"tested":0,"deaths":0}],"race":[{"description":"AI/AN**","count":0,"tested":0,"deaths":0,"color":"rgb(31,119,180)"},{"description":"Asian","count":0,"tested":13,"deaths":0,"color":"rgb(140,86,75)"},{"description":"Black","count":6,"tested":42,"deaths":0,"color":"rgb(255,127,14)"},{"description":"Hispanic","count":13,"tested":82,"deaths":0,"color":"rgb(214,39,40)"},{"description":"Left Blank","count":407,"tested":16737,"deaths":0,"color":"rgb(44,160,44)"},{"description":"NH/PI*","count":0,"tested":16,"deaths":0,"color":"rgb(127,127,127)"},{"description":"Other","count":0,"tested":483,"deaths":0,"color":"rgb(148,103,189)"},{"description":"White","count":1737,"tested":8641,"deaths":0,"color":"rgb(31,119,180)"}],"gender":[{"description":"Female","count":1215,"tested":15227,"deaths":0,"color":"rgb(255,127,14)"},{"description":"Male","count":915,"tested":8593,"deaths":0,"color":"rgb(31,119,180)"},{"description":"Unknown/Left Blank","count":43,"tested":2196,"deaths":0,"color":"rgb(44,160,44)"}]}}]}
