{"lastUpdatedDate":{"year":2021,"month":8,"day":12},"county_demographics":[{"County":"Gallatin","confirmed_cases":544,"total_tested":5322,"demographics":{"age":[{"race":[],"age_group":"<20","count":84,"tested":917,"deaths":0},{"race":[],"age_group":"20-29   ","count":79,"tested":782,"deaths":0},{"race":[],"age_group":"30-39   ","count":75,"tested":820,"deaths":0},{"race":[],"age_group":"40-49   ","count":78,"tested":716,"deaths":0},{"race":[],"age_group":"50-59   ","count":69,"tested":795,"deaths":0},{"race":[],"age_group":"60-69   ","count":63,"tested":604,"deaths":0},{"race":[],"age_group":"70-79   ","count":59,"tested":501,"deaths":0},{"race":[],"age_group":"80+","count":23,"tested":184,"deaths":0},{"race":[],"age_group":"Unknown","count":0,"tested":0,"deaths":0}],"race":[{"description":"AI/AN**","count":0,"tested":0,"deaths":0,"color":"rgb(31,119,180)"},{"description":"Asian","count":0,"tested":0,"deaths":0,"color":"rgb(140,86,75)"},{"description":"Black","count":0,"tested":33,"deaths":0,"color":"rgb(255,127,14)"},{"description":"Hispanic","count":10,"tested":37,"deaths":0,"color":"rgb(214,39,40)"},{"description":"Left Blank","count":143,"tested":2531,"deaths":0,"color":"rgb(44,160,44)"},{"description":"NH/PI*","count":0,"tested":0,"deaths":0,"color":"rgb(127,127,127)"},{"description":"Other","count":0,"tested":27,"deaths":0,"color":"rgb(148,103,189)"},{"description":"White","count":379,"tested":2688,"deaths":0,"color":"rgb(31,119,180)"}],"gender":[{"description":"Female","count":294,"tested":3502,"deaths":0,"color":"rgb(255,127,14)"},{"description":"Male","count":235,"tested":1669,"deaths":0,"color":"rgb(31,119,180)"},{"description":"Unknown/Left Blank","count":10,"tested":151,"deaths":0,"color":"rgb(44,160,44)"}]}}]}
