{"lastUpdatedDate":{"year":2021,"month":8,"day":12},"county_demographics":[{"County":"Lawrence","confirmed_cases":2534,"total_tested":78419,"demographics":{"age":[{"race":[],"age_group":"<20","count":193,"tested":2804,"deaths":0},{"race":[],"age_group":"20-29   ","count":492,"tested":18655,"deaths":0},{"race":[],"age_group":"30-39   ","count":508,"tested":19499,"deaths":0},{"race":[],"age_group":"40-49   ","count":434,"tested":16670,"deaths":0},{"race":[],"age_group":"50-59   ","count":375,"tested":10455,"deaths":0},{"race":[],"age_group":"60-69   ","count":269,"tested":6236,"deaths":0},{"race":[],"age_group":"70-79   ","count":160,"tested":2283,"deaths":0},{"race":[],"age_group":"80+","count":103,"tested":1761,"deaths":0},{"race":[],"age_group":"Unknown","count":0,"tested":56,"deaths":0}],"race":[{"description":"AI/AN**","count":0,"tested":0,"deaths":0,"color":"rgb(31,119,180)"},{"description":"Asian","count":0,"tested":10,"deaths":0,"color":"rgb(140,86,75)"},{"description":"Black","count":385,"tested":1743,"deaths":0,"color":"rgb(255,127,14)"},{"description":"Hispanic","count":25,"tested":144,"deaths":0,"color":"rgb(214,39,40)"},{"description":"Left Blank","count":814,"tested":65930,"deaths":0,"color":"rgb(44,160,44)"},{"description":"NH/PI*","count":0,"tested":0,"deaths":0,"color":"rgb(127,127,127)"},{"description":"Other","count":7,"tested":73,"deaths":0,"color":"rgb(148,103,189)"},{"description":"White","count":1295,"tested":10513,"deaths":0,"color":"rgb(31,119,180)"}],"gender":[{"description":"Female","count":880,"tested":12453,"deaths":0,"color":"rgb(255,127,14)"},{"description":"Male","count":1388,"tested":53692,"deaths":0,"color":"rgb(31,119,180)"},{"description":"Unknown/Left Blank","count":264,"tested":12274,"deaths":0,"color":"rgb(44,160,44)"}]}}]}
