{"lastUpdatedDate":{"year":2021,"month":8,"day":12},"county_demographics":[{"County":"Whiteside","confirmed_cases":7339,"total_tested":87031,"demographics":{"age":[{"race":[],"age_group":"<20","count":1136,"tested":13342,"deaths":0},{"race":[],"age_group":"20-29   ","count":1105,"tested":13363,"deaths":0},{"race":[],"age_group":"30-39   ","count":1080,"tested":13601,"deaths":0},{"race":[],"age_group":"40-49   ","count":1031,"tested":11962,"deaths":0},{"race":[],"age_group":"50-59   ","count":1167,"tested":12924,"deaths":0},{"race":[],"age_group":"60-69   ","count":902,"tested":10228,"deaths":0},{"race":[],"age_group":"70-79   ","count":482,"tested":5460,"deaths":0},{"race":[],"age_group":"80+","count":434,"tested":5982,"deaths":0},{"race":[],"age_group":"Unknown","count":0,"tested":169,"deaths":0}],"race":[{"description":"AI/AN**","count":0,"tested":49,"deaths":0,"color":"rgb(31,119,180)"},{"description":"Asian","count":14,"tested":279,"deaths":0,"color":"rgb(140,86,75)"},{"description":"Black","count":161,"tested":1959,"deaths":0,"color":"rgb(255,127,14)"},{"description":"Hispanic","count":458,"tested":3328,"deaths":0,"color":"rgb(214,39,40)"},{"description":"Left Blank","count":1843,"tested":41128,"deaths":0,"color":"rgb(44,160,44)"},{"description":"NH/PI*","count":0,"tested":15,"deaths":0,"color":"rgb(127,127,127)"},{"description":"Other","count":350,"tested":2125,"deaths":0,"color":"rgb(148,103,189)"},{"description":"White","count":4498,"tested":38148,"deaths":0,"color":"rgb(31,119,180)"}],"gender":[{"description":"Female","count":3908,"tested":51744,"deaths":0,"color":"rgb(255,127,14)"},{"description":"Male","count":3299,"tested":30589,"deaths":0,"color":"rgb(31,119,180)"},{"description":"Unknown/Left Blank","count":129,"tested":4698,"deaths":0,"color":"rgb(44,160,44)"}]}}]}
