{"age":[{"age_group":"<20","count":49,"tested":600},{"age_group":"20-29   ","count":37,"tested":555},{"age_group":"30-39   ","count":29,"tested":590},{"age_group":"40-49   ","count":51,"tested":462},{"age_group":"50-59   ","count":36,"tested":708},{"age_group":"60-69   ","count":42,"tested":614},{"age_group":"70-79   ","count":29,"tested":426},{"age_group":"80+","count":19,"tested":257}],"race":[{"description":"Hispanic","count":59,"tested":317,"color":"rgb(214,39,40)"},{"description":"White","count":164,"tested":1983,"color":"rgb(31,119,180)"},{"description":"Left Blank","count":56,"tested":1824,"color":"rgb(44,160,44)"},{"description":"Other","count":10,"tested":60,"color":"rgb(148,103,189)"}],"gender":[{"description":"Female","count":165,"tested":2778,"color":"rgb(255,127,14)"},{"description":"Male","count":114,"tested":1296,"color":"rgb(31,119,180)"}]}
