{"age":[{"age_group":"<20","count":224,"tested":4172},{"age_group":"20-29   ","count":258,"tested":3312},{"age_group":"30-39   ","count":248,"tested":2921},{"age_group":"40-49   ","count":282,"tested":2349},{"age_group":"50-59   ","count":200,"tested":2544},{"age_group":"60-69   ","count":159,"tested":2558},{"age_group":"70-79   ","count":71,"tested":1591},{"age_group":"80+","count":59,"tested":3864}],"race":[{"description":"Left Blank","count":315,"tested":10332,"color":"rgb(44,160,44)"},{"description":"White","count":534,"tested":7104,"color":"rgb(31,119,180)"},{"description":"Asian","count":61,"tested":912,"color":"rgb(140,86,75)"},{"description":"Hispanic","count":485,"tested":4127,"color":"rgb(214,39,40)"},{"description":"Other","count":85,"tested":651,"color":"rgb(148,103,189)"},{"description":"Black","count":18,"tested":186,"color":"rgb(255,127,14)"}],"gender":[{"description":"Female","count":728,"tested":13547,"color":"rgb(255,127,14)"},{"description":"Male","count":758,"tested":9066,"color":"rgb(31,119,180)"},{"description":"Unknown/Left Blank","count":15,"tested":724,"color":"rgb(44,160,44)"}]}
