{"age":[{"age_group":"<20","count":735,"tested":9204},{"age_group":"20-29   ","count":450,"tested":7051},{"age_group":"30-39   ","count":350,"tested":7109},{"age_group":"40-49   ","count":506,"tested":8000},{"age_group":"50-59   ","count":568,"tested":9175},{"age_group":"60-69   ","count":354,"tested":6643},{"age_group":"70-79   ","count":210,"tested":4985},{"age_group":"80+","count":253,"tested":8563}],"race":[{"description":"Black","count":40,"tested":454,"color":"rgb(255,127,14)"},{"description":"AI/AN**","count":7,"tested":79,"color":"rgb(31,119,180)"},{"description":"Other","count":152,"tested":1396,"color":"rgb(148,103,189)"},{"description":"Asian","count":142,"tested":2794,"color":"rgb(140,86,75)"},{"description":"Left Blank","count":861,"tested":28965,"color":"rgb(44,160,44)"},{"description":"White","count":1983,"tested":25269,"color":"rgb(31,119,180)"},{"description":"Hispanic","count":238,"tested":1731,"color":"rgb(214,39,40)"}],"gender":[{"description":"Male","count":1671,"tested":24134,"color":"rgb(31,119,180)"},{"description":"Unknown/Left Blank","count":39,"tested":1007,"color":"rgb(44,160,44)"},{"description":"Female","count":1716,"tested":35602,"color":"rgb(255,127,14)"}]}
