{"age":[{"age_group":"<20","count":10,"tested":282},{"age_group":"20-29   ","count":10,"tested":440},{"age_group":"30-39   ","count":11,"tested":515},{"age_group":"40-49   ","count":16,"tested":359},{"age_group":"50-59   ","count":18,"tested":332},{"age_group":"60-69   ","count":14,"tested":413},{"age_group":"70-79   ","count":7,"tested":668},{"age_group":"80+","count":12,"tested":2883}],"race":[{"description":"Left Blank","count":18,"tested":2887,"color":"rgb(44,160,44)"},{"description":"White","count":76,"tested":2981,"color":"rgb(31,119,180)"}],"gender":[{"description":"Female","count":55,"tested":4465,"color":"rgb(255,127,14)"},{"description":"Male","count":41,"tested":1388,"color":"rgb(31,119,180)"}]}
