{"age":[{"age_group":"<20","count":67,"tested":959},{"age_group":"20-29   ","count":91,"tested":1090},{"age_group":"30-39   ","count":83,"tested":1242},{"age_group":"40-49   ","count":63,"tested":1285},{"age_group":"50-59   ","count":99,"tested":2804},{"age_group":"60-69   ","count":60,"tested":1688},{"age_group":"70-79   ","count":42,"tested":704},{"age_group":"80+","count":45,"tested":1922}],"race":[{"description":"Left Blank","count":85,"tested":2820,"color":"rgb(44,160,44)"},{"description":"Other","count":32,"tested":261,"color":"rgb(148,103,189)"},{"description":"Hispanic","count":13,"tested":188,"color":"rgb(214,39,40)"},{"description":"White","count":415,"tested":8069,"color":"rgb(31,119,180)"}],"gender":[{"description":"Male","count":233,"tested":4072,"color":"rgb(31,119,180)"},{"description":"Female","count":312,"tested":7149,"color":"rgb(255,127,14)"}]}
