{"age":[{"age_group":"<20","count":572,"tested":10999},{"age_group":"20-29   ","count":731,"tested":9971},{"age_group":"30-39   ","count":679,"tested":9675},{"age_group":"40-49   ","count":648,"tested":8274},{"age_group":"50-59   ","count":649,"tested":8754},{"age_group":"60-69   ","count":474,"tested":8121},{"age_group":"70-79   ","count":190,"tested":4164},{"age_group":"80+","count":232,"tested":7375}],"race":[{"description":"Black","count":56,"tested":874,"color":"rgb(255,127,14)"},{"description":"Asian","count":250,"tested":4172,"color":"rgb(140,86,75)"},{"description":"Hispanic","count":1498,"tested":13350,"color":"rgb(214,39,40)"},{"description":"Left Blank","count":934,"tested":32617,"color":"rgb(44,160,44)"},{"description":"White","count":1194,"tested":14357,"color":"rgb(31,119,180)"},{"description":"Other","count":229,"tested":1906,"color":"rgb(148,103,189)"},{"description":"AI/AN**","count":9,"tested":89,"color":"rgb(31,119,180)"}],"gender":[{"description":"Male","count":2008,"tested":26011,"color":"rgb(31,119,180)"},{"description":"Unknown/Left Blank","count":29,"tested":1262,"color":"rgb(44,160,44)"},{"description":"Female","count":2138,"tested":40155,"color":"rgb(255,127,14)"}]}
