{"age":[{"age_group":"<20","count":467,"tested":5279},{"age_group":"20-29   ","count":495,"tested":7315},{"age_group":"30-39   ","count":510,"tested":7493},{"age_group":"40-49   ","count":531,"tested":7173},{"age_group":"50-59   ","count":542,"tested":7262},{"age_group":"60-69   ","count":364,"tested":5799},{"age_group":"70-79   ","count":193,"tested":3565},{"age_group":"80+","count":138,"tested":2930}],"race":[{"description":"Other","count":106,"tested":1000,"color":"rgb(148,103,189)"},{"description":"Black","count":78,"tested":1088,"color":"rgb(255,127,14)"},{"description":"White","count":1364,"tested":13657,"color":"rgb(31,119,180)"},{"description":"Asian","count":264,"tested":3785,"color":"rgb(140,86,75)"},{"description":"Left Blank","count":1089,"tested":24819,"color":"rgb(44,160,44)"},{"description":"Hispanic","count":327,"tested":2320,"color":"rgb(214,39,40)"},{"description":"AI/AN**","count":11,"tested":66,"color":"rgb(31,119,180)"}],"gender":[{"description":"Male","count":1516,"tested":18310,"color":"rgb(31,119,180)"},{"description":"Unknown/Left Blank","count":12,"tested":690,"color":"rgb(44,160,44)"},{"description":"Female","count":1713,"tested":27841,"color":"rgb(255,127,14)"}]}
