{"age":[{"age_group":"<20","count":44,"tested":488},{"age_group":"20-29   ","count":49,"tested":423},{"age_group":"30-39   ","count":38,"tested":378},{"age_group":"40-49   ","count":42,"tested":368},{"age_group":"50-59   ","count":44,"tested":479},{"age_group":"60-69   ","count":58,"tested":444},{"age_group":"70-79   ","count":34,"tested":323},{"age_group":"80+","count":16,"tested":190}],"race":[{"description":"Left Blank","count":58,"tested":900,"color":"rgb(44,160,44)"},{"description":"White","count":257,"tested":2096,"color":"rgb(31,119,180)"}],"gender":[{"description":"Male","count":155,"tested":1173,"color":"rgb(31,119,180)"},{"description":"Female","count":170,"tested":1894,"color":"rgb(255,127,14)"}]}
