{"age":[{"age_group":"<20","count":1146,"tested":8864},{"age_group":"20-29   ","count":1391,"tested":15592},{"age_group":"30-39   ","count":1312,"tested":14059},{"age_group":"40-49   ","count":1299,"tested":12574},{"age_group":"50-59   ","count":946,"tested":9903},{"age_group":"60-69   ","count":649,"tested":9136},{"age_group":"70-79   ","count":292,"tested":5080},{"age_group":"80+","count":139,"tested":3386}],"race":[{"description":"AI/AN**","count":9,"tested":51,"color":"rgb(31,119,180)"},{"description":"Left Blank","count":1323,"tested":34165,"color":"rgb(44,160,44)"},{"description":"Other","count":271,"tested":2919,"color":"rgb(148,103,189)"},{"description":"Black","count":919,"tested":11284,"color":"rgb(255,127,14)"},{"description":"Hispanic","count":3863,"tested":19377,"color":"rgb(214,39,40)"},{"description":"Asian","count":105,"tested":1733,"color":"rgb(140,86,75)"},{"description":"White","count":681,"tested":9066,"color":"rgb(31,119,180)"}],"gender":[{"description":"Female","count":3687,"tested":41677,"color":"rgb(255,127,14)"},{"description":"Male","count":3429,"tested":32647,"color":"rgb(31,119,180)"},{"description":"Unknown/Left Blank","count":58,"tested":4307,"color":"rgb(44,160,44)"}]}
