{"age":[{"age_group":"<20","count":874,"tested":6527},{"age_group":"20-29   ","count":905,"tested":7137},{"age_group":"30-39   ","count":777,"tested":6052},{"age_group":"40-49   ","count":901,"tested":6058},{"age_group":"50-59   ","count":673,"tested":5205},{"age_group":"60-69   ","count":323,"tested":3311},{"age_group":"70-79   ","count":114,"tested":1345},{"age_group":"80+","count":43,"tested":566}],"race":[{"description":"Hispanic","count":2095,"tested":8346,"color":"rgb(214,39,40)"},{"description":"AI/AN**","count":6,"tested":47,"color":"rgb(31,119,180)"},{"description":"Left Blank","count":1311,"tested":15861,"color":"rgb(44,160,44)"},{"description":"White","count":896,"tested":8900,"color":"rgb(31,119,180)"},{"description":"Asian","count":72,"tested":1017,"color":"rgb(140,86,75)"},{"description":"Black","count":133,"tested":1197,"color":"rgb(255,127,14)"},{"description":"Other","count":96,"tested":806,"color":"rgb(148,103,189)"}],"gender":[{"description":"Female","count":2361,"tested":20733,"color":"rgb(255,127,14)"},{"description":"Male","count":2219,"tested":14958,"color":"rgb(31,119,180)"},{"description":"Unknown/Left Blank","count":30,"tested":518,"color":"rgb(44,160,44)"}]}
