{"age":[{"age_group":"<20","count":244,"tested":1698},{"age_group":"20-29   ","count":364,"tested":3089},{"age_group":"30-39   ","count":307,"tested":2991},{"age_group":"40-49   ","count":288,"tested":2782},{"age_group":"50-59   ","count":267,"tested":2809},{"age_group":"60-69   ","count":170,"tested":2951},{"age_group":"70-79   ","count":125,"tested":1938},{"age_group":"80+","count":154,"tested":1568}],"race":[{"description":"Black","count":372,"tested":3712,"color":"rgb(255,127,14)"},{"description":"Hispanic","count":578,"tested":2477,"color":"rgb(214,39,40)"},{"description":"White","count":373,"tested":4507,"color":"rgb(31,119,180)"},{"description":"Left Blank","count":476,"tested":7986,"color":"rgb(44,160,44)"},{"description":"Other","count":86,"tested":950,"color":"rgb(148,103,189)"},{"description":"AI/AN**","count":26,"tested":83,"color":"rgb(31,119,180)"}],"gender":[{"description":"Female","count":1062,"tested":11528,"color":"rgb(255,127,14)"},{"description":"Male","count":851,"tested":7775,"color":"rgb(31,119,180)"}]}
