{"age":[{"age_group":"<20","count":52,"tested":333},{"age_group":"20-29   ","count":50,"tested":548},{"age_group":"30-39   ","count":48,"tested":514},{"age_group":"40-49   ","count":48,"tested":375},{"age_group":"50-59   ","count":63,"tested":672},{"age_group":"60-69   ","count":32,"tested":567},{"age_group":"70-79   ","count":18,"tested":265},{"age_group":"80+","count":11,"tested":159}],"race":[{"description":"White","count":208,"tested":1950,"color":"rgb(31,119,180)"},{"description":"Hispanic","count":28,"tested":144,"color":"rgb(214,39,40)"},{"description":"Black","count":8,"tested":80,"color":"rgb(255,127,14)"},{"description":"Left Blank","count":74,"tested":1107,"color":"rgb(44,160,44)"}],"gender":[{"description":"Female","count":159,"tested":1880,"color":"rgb(255,127,14)"},{"description":"Male","count":162,"tested":1495,"color":"rgb(31,119,180)"}]}
