{"age":[{"age_group":"<20","count":142,"tested":1513},{"age_group":"20-29   ","count":150,"tested":1562},{"age_group":"30-39   ","count":122,"tested":1676},{"age_group":"40-49   ","count":156,"tested":1777},{"age_group":"50-59   ","count":119,"tested":2260},{"age_group":"60-69   ","count":86,"tested":1439},{"age_group":"70-79   ","count":59,"tested":709},{"age_group":"80+","count":20,"tested":234}],"race":[{"description":"Left Blank","count":212,"tested":3595,"color":"rgb(44,160,44)"},{"description":"White","count":298,"tested":3610,"color":"rgb(31,119,180)"},{"description":"Hispanic","count":168,"tested":1250,"color":"rgb(214,39,40)"},{"description":"Other","count":51,"tested":497,"color":"rgb(148,103,189)"},{"description":"Black","count":73,"tested":1187,"color":"rgb(255,127,14)"},{"description":"Asian","count":50,"tested":916,"color":"rgb(140,86,75)"}],"gender":[{"description":"Male","count":411,"tested":4846,"color":"rgb(31,119,180)"},{"description":"Female","count":437,"tested":6238,"color":"rgb(255,127,14)"}]}
