{"age":[{"age_group":"<20","count":223,"tested":1972},{"age_group":"20-29   ","count":225,"tested":2968},{"age_group":"30-39   ","count":144,"tested":2871},{"age_group":"40-49   ","count":211,"tested":3157},{"age_group":"50-59   ","count":240,"tested":4238},{"age_group":"60-69   ","count":165,"tested":3535},{"age_group":"70-79   ","count":96,"tested":4910},{"age_group":"80+","count":110,"tested":7344}],"race":[{"description":"Asian","count":14,"tested":112,"color":"rgb(140,86,75)"},{"description":"White","count":885,"tested":21008,"color":"rgb(31,119,180)"},{"description":"Left Blank","count":395,"tested":6673,"color":"rgb(44,160,44)"},{"description":"Hispanic","count":45,"tested":607,"color":"rgb(214,39,40)"},{"description":"Black","count":34,"tested":2079,"color":"rgb(255,127,14)"},{"description":"Other","count":40,"tested":492,"color":"rgb(148,103,189)"}],"gender":[{"description":"Male","count":664,"tested":15522,"color":"rgb(31,119,180)"},{"description":"Female","count":744,"tested":13106,"color":"rgb(255,127,14)"}]}
