{"age":[{"age_group":"<20","count":37,"tested":581},{"age_group":"20-29   ","count":20,"tested":297},{"age_group":"30-39   ","count":14,"tested":194},{"age_group":"40-49   ","count":23,"tested":297},{"age_group":"50-59   ","count":21,"tested":278},{"age_group":"60-69   ","count":24,"tested":319},{"age_group":"70-79   ","count":13,"tested":268}],"race":[{"description":"Left Blank","count":27,"tested":550,"color":"rgb(44,160,44)"},{"description":"White","count":124,"tested":1726,"color":"rgb(31,119,180)"}],"gender":[{"description":"Male","count":75,"tested":998,"color":"rgb(31,119,180)"},{"description":"Female","count":75,"tested":1367,"color":"rgb(255,127,14)"}]}
