{"age":[{"age_group":"<20","count":428,"tested":4172},{"age_group":"20-29   ","count":487,"tested":5573},{"age_group":"30-39   ","count":474,"tested":5534},{"age_group":"40-49   ","count":464,"tested":4346},{"age_group":"50-59   ","count":472,"tested":5326},{"age_group":"60-69   ","count":356,"tested":4390},{"age_group":"70-79   ","count":160,"tested":3558},{"age_group":"80+","count":156,"tested":4072}],"race":[{"description":"Black","count":22,"tested":274,"color":"rgb(255,127,14)"},{"description":"Asian","count":30,"tested":394,"color":"rgb(140,86,75)"},{"description":"White","count":1602,"tested":18313,"color":"rgb(31,119,180)"},{"description":"Other","count":51,"tested":1142,"color":"rgb(148,103,189)"},{"description":"Left Blank","count":808,"tested":14368,"color":"rgb(44,160,44)"},{"description":"Hispanic","count":479,"tested":2454,"color":"rgb(214,39,40)"}],"gender":[{"description":"Female","count":1515,"tested":21635,"color":"rgb(255,127,14)"},{"description":"Male","count":1462,"tested":14547,"color":"rgb(31,119,180)"},{"description":"Unknown/Left Blank","count":20,"tested":806,"color":"rgb(44,160,44)"}]}
