{"age":[{"age_group":"<20","count":501,"tested":5474},{"age_group":"20-29   ","count":363,"tested":4914},{"age_group":"30-39   ","count":323,"tested":4642},{"age_group":"40-49   ","count":308,"tested":3770},{"age_group":"50-59   ","count":416,"tested":4862},{"age_group":"60-69   ","count":249,"tested":3858},{"age_group":"70-79   ","count":80,"tested":2279},{"age_group":"80+","count":88,"tested":2998}],"race":[{"description":"Left Blank","count":418,"tested":11846,"color":"rgb(44,160,44)"},{"description":"White","count":1523,"tested":17387,"color":"rgb(31,119,180)"},{"description":"Asian","count":62,"tested":567,"color":"rgb(140,86,75)"},{"description":"Hispanic","count":206,"tested":1504,"color":"rgb(214,39,40)"},{"description":"Black","count":46,"tested":673,"color":"rgb(255,127,14)"},{"description":"Other","count":69,"tested":819,"color":"rgb(148,103,189)"}],"gender":[{"description":"Male","count":1109,"tested":14071,"color":"rgb(31,119,180)"},{"description":"Unknown/Left Blank","count":15,"tested":432,"color":"rgb(44,160,44)"},{"description":"Female","count":1205,"tested":18331,"color":"rgb(255,127,14)"}]}
