{"age":[{"age_group":"<20","count":31,"tested":285},{"age_group":"20-29   ","count":38,"tested":345},{"age_group":"30-39   ","count":36,"tested":237},{"age_group":"40-49   ","count":36,"tested":328},{"age_group":"50-59   ","count":36,"tested":276},{"age_group":"60-69   ","count":21,"tested":268},{"age_group":"70-79   ","count":7,"tested":109},{"age_group":"80+","count":8,"tested":78}],"race":[{"description":"White","count":148,"tested":1074,"color":"rgb(31,119,180)"},{"description":"Left Blank","count":38,"tested":709,"color":"rgb(44,160,44)"},{"description":"Hispanic","count":25,"tested":108,"color":"rgb(214,39,40)"}],"gender":[{"description":"Female","count":106,"tested":1036,"color":"rgb(255,127,14)"},{"description":"Male","count":107,"tested":885,"color":"rgb(31,119,180)"}]}
