{"age":[{"age_group":"<20","count":143,"tested":1527},{"age_group":"20-29   ","count":180,"tested":2994},{"age_group":"30-39   ","count":217,"tested":3564},{"age_group":"40-49   ","count":223,"tested":4222},{"age_group":"50-59   ","count":207,"tested":5507},{"age_group":"60-69   ","count":134,"tested":3852},{"age_group":"70-79   ","count":62,"tested":1714},{"age_group":"80+","count":29,"tested":717}],"race":[{"description":"White","count":45,"tested":846,"color":"rgb(31,119,180)"},{"description":"Left Blank","count":396,"tested":14112,"color":"rgb(44,160,44)"},{"description":"Hispanic","count":32,"tested":197,"color":"rgb(214,39,40)"},{"description":"Black","count":690,"tested":8558,"color":"rgb(255,127,14)"},{"description":"Asian","count":8,"tested":86,"color":"rgb(140,86,75)"},{"description":"Other","count":20,"tested":275,"color":"rgb(148,103,189)"}],"gender":[{"description":"Male","count":462,"tested":10503,"color":"rgb(31,119,180)"},{"description":"Female","count":728,"tested":13311,"color":"rgb(255,127,14)"}]}
