{"age":[{"age_group":"<20","count":202,"tested":2179},{"age_group":"20-29   ","count":245,"tested":3005},{"age_group":"30-39   ","count":286,"tested":3471},{"age_group":"40-49   ","count":256,"tested":3127},{"age_group":"50-59   ","count":238,"tested":3487},{"age_group":"60-69   ","count":160,"tested":2572},{"age_group":"70-79   ","count":80,"tested":2142},{"age_group":"80+","count":91,"tested":8168}],"race":[{"description":"AI/AN**","count":8,"tested":29,"color":"rgb(31,119,180)"},{"description":"White","count":506,"tested":5933,"color":"rgb(31,119,180)"},{"description":"Left Blank","count":528,"tested":18110,"color":"rgb(44,160,44)"},{"description":"Other","count":55,"tested":468,"color":"rgb(148,103,189)"},{"description":"Black","count":55,"tested":601,"color":"rgb(255,127,14)"},{"description":"Hispanic","count":223,"tested":1153,"color":"rgb(214,39,40)"},{"description":"Asian","count":182,"tested":2066,"color":"rgb(140,86,75)"}],"gender":[{"description":"Female","count":837,"tested":17599,"color":"rgb(255,127,14)"},{"description":"Unknown/Left Blank","count":8,"tested":545,"color":"rgb(44,160,44)"},{"description":"Male","count":713,"tested":10265,"color":"rgb(31,119,180)"}]}
