{"age":[{"age_group":"<20","count":643,"tested":6740},{"age_group":"20-29   ","count":765,"tested":10728},{"age_group":"30-39   ","count":836,"tested":10531},{"age_group":"40-49   ","count":850,"tested":10848},{"age_group":"50-59   ","count":813,"tested":12157},{"age_group":"60-69   ","count":592,"tested":9907},{"age_group":"70-79   ","count":408,"tested":6467},{"age_group":"80+","count":266,"tested":4151}],"race":[{"description":"White","count":83,"tested":1354,"color":"rgb(31,119,180)"},{"description":"Left Blank","count":1116,"tested":24639,"color":"rgb(44,160,44)"},{"description":"Other","count":122,"tested":1014,"color":"rgb(148,103,189)"},{"description":"Black","count":3588,"tested":42799,"color":"rgb(255,127,14)"},{"description":"Hispanic","count":251,"tested":1574,"color":"rgb(214,39,40)"}],"gender":[{"description":"Male","count":2208,"tested":28751,"color":"rgb(31,119,180)"},{"description":"Unknown/Left Blank","count":45,"tested":1979,"color":"rgb(44,160,44)"},{"description":"Female","count":2920,"tested":40833,"color":"rgb(255,127,14)"}]}
