{"age":[{"age_group":"<20","count":193,"tested":1983},{"age_group":"20-29   ","count":173,"tested":2135},{"age_group":"30-39   ","count":214,"tested":2014},{"age_group":"40-49   ","count":184,"tested":1852},{"age_group":"50-59   ","count":210,"tested":1998},{"age_group":"60-69   ","count":134,"tested":1823},{"age_group":"70-79   ","count":61,"tested":1157},{"age_group":"80+","count":40,"tested":862}],"race":[{"description":"Asian","count":6,"tested":83,"color":"rgb(140,86,75)"},{"description":"Hispanic","count":234,"tested":1123,"color":"rgb(214,39,40)"},{"description":"Left Blank","count":273,"tested":4887,"color":"rgb(44,160,44)"},{"description":"Other","count":16,"tested":242,"color":"rgb(148,103,189)"},{"description":"White","count":673,"tested":7381,"color":"rgb(31,119,180)"}],"gender":[]}
