{"age":[{"age_group":"<20","count":277,"tested":3390},{"age_group":"20-29   ","count":246,"tested":4655},{"age_group":"30-39   ","count":292,"tested":5092},{"age_group":"40-49   ","count":315,"tested":5349},{"age_group":"50-59   ","count":257,"tested":5811},{"age_group":"60-69   ","count":213,"tested":5682},{"age_group":"70-79   ","count":113,"tested":3880},{"age_group":"80+","count":96,"tested":2732}],"race":[{"description":"Asian","count":12,"tested":218,"color":"rgb(140,86,75)"},{"description":"Black","count":647,"tested":11633,"color":"rgb(255,127,14)"},{"description":"Hispanic","count":99,"tested":915,"color":"rgb(214,39,40)"},{"description":"Left Blank","count":599,"tested":15471,"color":"rgb(44,160,44)"},{"description":"Other","count":47,"tested":669,"color":"rgb(148,103,189)"},{"description":"White","count":403,"tested":7654,"color":"rgb(31,119,180)"}],"gender":[]}
