{"age":[{"age_group":"<20","count":47,"tested":685},{"age_group":"20-29   ","count":52,"tested":572},{"age_group":"30-39   ","count":34,"tested":373},{"age_group":"40-49   ","count":42,"tested":301},{"age_group":"50-59   ","count":44,"tested":407},{"age_group":"60-69   ","count":32,"tested":351},{"age_group":"70-79   ","count":14,"tested":160},{"age_group":"80+","count":7,"tested":78}],"race":[{"description":"Hispanic","count":24,"tested":116,"color":"rgb(214,39,40)"},{"description":"Left Blank","count":85,"tested":1324,"color":"rgb(44,160,44)"},{"description":"White","count":162,"tested":1448,"color":"rgb(31,119,180)"}],"gender":[]}
