{"age":[{"age_group":"<20","count":528,"tested":6267},{"age_group":"20-29   ","count":663,"tested":8548},{"age_group":"30-39   ","count":525,"tested":7531},{"age_group":"40-49   ","count":513,"tested":6952},{"age_group":"50-59   ","count":511,"tested":8497},{"age_group":"60-69   ","count":379,"tested":7774},{"age_group":"70-79   ","count":185,"tested":4387},{"age_group":"80+","count":140,"tested":3918}],"race":[{"description":"AI/AN**","count":9,"tested":78,"color":"rgb(31,119,180)"},{"description":"Asian","count":51,"tested":1017,"color":"rgb(140,86,75)"},{"description":"Black","count":75,"tested":1048,"color":"rgb(255,127,14)"},{"description":"Hispanic","count":902,"tested":5472,"color":"rgb(214,39,40)"},{"description":"Left Blank","count":575,"tested":19186,"color":"rgb(44,160,44)"},{"description":"Other","count":73,"tested":765,"color":"rgb(148,103,189)"},{"description":"White","count":1756,"tested":26084,"color":"rgb(31,119,180)"}],"gender":[]}
