{"age":[{"age_group":"<20","count":541,"tested":10474},{"age_group":"20-29   ","count":249,"tested":4979},{"age_group":"30-39   ","count":168,"tested":3489},{"age_group":"40-49   ","count":213,"tested":4373},{"age_group":"50-59   ","count":263,"tested":5139},{"age_group":"60-69   ","count":139,"tested":3459},{"age_group":"70-79   ","count":69,"tested":1934},{"age_group":"80+","count":45,"tested":1063}],"race":[{"description":"Asian","count":39,"tested":866,"color":"rgb(140,86,75)"},{"description":"Black","count":12,"tested":116,"color":"rgb(255,127,14)"},{"description":"Hispanic","count":179,"tested":1405,"color":"rgb(214,39,40)"},{"description":"Left Blank","count":346,"tested":12307,"color":"rgb(44,160,44)"},{"description":"Other","count":157,"tested":2783,"color":"rgb(148,103,189)"},{"description":"White","count":952,"tested":17360,"color":"rgb(31,119,180)"}],"gender":[]}
