{"age":[{"age_group":"<20","count":316,"tested":3167},{"age_group":"20-29   ","count":404,"tested":5288},{"age_group":"30-39   ","count":397,"tested":5721},{"age_group":"40-49   ","count":341,"tested":4794},{"age_group":"50-59   ","count":316,"tested":5212},{"age_group":"60-69   ","count":246,"tested":4176},{"age_group":"70-79   ","count":97,"tested":1765},{"age_group":"80+","count":45,"tested":666}],"race":[{"description":"Black","count":1409,"tested":17271,"color":"rgb(255,127,14)"},{"description":"Hispanic","count":90,"tested":487,"color":"rgb(214,39,40)"},{"description":"Left Blank","count":584,"tested":12004,"color":"rgb(44,160,44)"},{"description":"Other","count":33,"tested":444,"color":"rgb(148,103,189)"},{"description":"White","count":38,"tested":501,"color":"rgb(31,119,180)"}],"gender":[]}
