{"age":[{"age_group":"<20","count":255,"tested":3411},{"age_group":"20-29   ","count":144,"tested":1898},{"age_group":"30-39   ","count":108,"tested":1478},{"age_group":"40-49   ","count":151,"tested":1826},{"age_group":"50-59   ","count":169,"tested":2229},{"age_group":"60-69   ","count":79,"tested":1618},{"age_group":"70-79   ","count":20,"tested":822},{"age_group":"80+","count":56,"tested":924}],"race":[{"description":"Asian","count":48,"tested":540,"color":"rgb(140,86,75)"},{"description":"Black","count":28,"tested":268,"color":"rgb(255,127,14)"},{"description":"Hispanic","count":40,"tested":289,"color":"rgb(214,39,40)"},{"description":"Left Blank","count":189,"tested":7018,"color":"rgb(44,160,44)"},{"description":"Other","count":19,"tested":463,"color":"rgb(148,103,189)"},{"description":"White","count":657,"tested":5624,"color":"rgb(31,119,180)"}],"gender":[]}
