{"age":[{"age_group":"<20","count":34,"tested":473},{"age_group":"20-29   ","count":51,"tested":474},{"age_group":"30-39   ","count":36,"tested":393},{"age_group":"40-49   ","count":49,"tested":473},{"age_group":"50-59   ","count":63,"tested":701},{"age_group":"60-69   ","count":35,"tested":515},{"age_group":"70-79   ","count":23,"tested":385},{"age_group":"80+","count":13,"tested":185}],"race":[{"description":"Hispanic","count":17,"tested":116,"color":"rgb(214,39,40)"},{"description":"Left Blank","count":74,"tested":741,"color":"rgb(44,160,44)"},{"description":"Other","count":8,"tested":77,"color":"rgb(148,103,189)"},{"description":"White","count":203,"tested":2643,"color":"rgb(31,119,180)"}],"gender":[]}
