{"age":[{"age_group":"<20","count":132,"tested":1264},{"age_group":"20-29   ","count":128,"tested":1208},{"age_group":"30-39   ","count":108,"tested":1398},{"age_group":"40-49   ","count":115,"tested":1126},{"age_group":"50-59   ","count":132,"tested":1413},{"age_group":"60-69   ","count":69,"tested":1475},{"age_group":"70-79   ","count":49,"tested":640},{"age_group":"80+","count":48,"tested":474}],"race":[{"description":"Hispanic","count":18,"tested":177,"color":"rgb(214,39,40)"},{"description":"Left Blank","count":286,"tested":3071,"color":"rgb(44,160,44)"},{"description":"Other","count":12,"tested":133,"color":"rgb(148,103,189)"},{"description":"White","count":461,"tested":5531,"color":"rgb(31,119,180)"}],"gender":[]}
