{"age":[{"age_group":"<20","count":680,"tested":10965},{"age_group":"20-29   ","count":478,"tested":8299},{"age_group":"30-39   ","count":339,"tested":6681},{"age_group":"40-49   ","count":433,"tested":6971},{"age_group":"50-59   ","count":481,"tested":8174},{"age_group":"60-69   ","count":329,"tested":6885},{"age_group":"70-79   ","count":114,"tested":3333},{"age_group":"80+","count":79,"tested":1278}],"race":[{"description":"Asian","count":235,"tested":4987,"color":"rgb(140,86,75)"},{"description":"Black","count":121,"tested":1242,"color":"rgb(255,127,14)"},{"description":"Hispanic","count":204,"tested":1907,"color":"rgb(214,39,40)"},{"description":"Left Blank","count":616,"tested":18501,"color":"rgb(44,160,44)"},{"description":"Other","count":85,"tested":1862,"color":"rgb(148,103,189)"},{"description":"White","count":1668,"tested":23928,"color":"rgb(31,119,180)"}],"gender":[]}
