{"age":[{"age_group":"<20","count":35,"tested":479},{"age_group":"20-29   ","count":29,"tested":270},{"age_group":"30-39   ","count":30,"tested":280},{"age_group":"40-49   ","count":17,"tested":234},{"age_group":"50-59   ","count":31,"tested":292},{"age_group":"60-69   ","count":22,"tested":238},{"age_group":"70-79   ","count":14,"tested":191}],"race":[{"description":"Left Blank","count":32,"tested":524,"color":"rgb(44,160,44)"},{"description":"White","count":137,"tested":1369,"color":"rgb(31,119,180)"}],"gender":[]}
