{"age":[{"age_group":"<20","count":21,"tested":230},{"age_group":"20-29   ","count":17,"tested":304},{"age_group":"30-39   ","count":21,"tested":107},{"age_group":"40-49   ","count":21,"tested":131},{"age_group":"50-59   ","count":24,"tested":315},{"age_group":"60-69   ","count":13,"tested":124},{"age_group":"70-79   ","count":12,"tested":99}],"race":[{"description":"Left Blank","count":17,"tested":513,"color":"rgb(44,160,44)"},{"description":"White","count":107,"tested":795,"color":"rgb(31,119,180)"}],"gender":[]}
