{"age":[{"age_group":"<20","count":570,"tested":3989},{"age_group":"20-29   ","count":673,"tested":6590},{"age_group":"30-39   ","count":560,"tested":6082},{"age_group":"40-49   ","count":512,"tested":5888},{"age_group":"50-59   ","count":473,"tested":6639},{"age_group":"60-69   ","count":293,"tested":4328},{"age_group":"70-79   ","count":119,"tested":1710},{"age_group":"80+","count":61,"tested":1013}],"race":[{"description":"Asian","count":6,"tested":74,"color":"rgb(140,86,75)"},{"description":"Black","count":513,"tested":8652,"color":"rgb(255,127,14)"},{"description":"Hispanic","count":1160,"tested":6396,"color":"rgb(214,39,40)"},{"description":"Left Blank","count":1196,"tested":15175,"color":"rgb(44,160,44)"},{"description":"Other","count":86,"tested":1248,"color":"rgb(148,103,189)"},{"description":"White","count":297,"tested":4629,"color":"rgb(31,119,180)"}],"gender":[]}
