{"age":[{"age_group":"<20","count":23,"tested":402},{"age_group":"20-29   ","count":36,"tested":333},{"age_group":"30-39   ","count":32,"tested":374},{"age_group":"40-49   ","count":24,"tested":280},{"age_group":"50-59   ","count":33,"tested":311},{"age_group":"60-69   ","count":13,"tested":176},{"age_group":"70-79   ","count":10,"tested":120}],"race":[{"description":"Left Blank","count":30,"tested":545,"color":"rgb(44,160,44)"},{"description":"Other","count":20,"tested":150,"color":"rgb(148,103,189)"},{"description":"White","count":125,"tested":1292,"color":"rgb(31,119,180)"}],"gender":[]}
