{"age":[{"age_group":"<20","count":207,"tested":1960},{"age_group":"20-29   ","count":334,"tested":3161},{"age_group":"30-39   ","count":298,"tested":2764},{"age_group":"40-49   ","count":234,"tested":2303},{"age_group":"50-59   ","count":308,"tested":2733},{"age_group":"60-69   ","count":216,"tested":2745},{"age_group":"70-79   ","count":105,"tested":1902},{"age_group":"80+","count":85,"tested":2806}],"race":[{"description":"Asian","count":67,"tested":621,"color":"rgb(140,86,75)"},{"description":"Black","count":34,"tested":351,"color":"rgb(255,127,14)"},{"description":"Hispanic","count":464,"tested":2122,"color":"rgb(214,39,40)"},{"description":"Left Blank","count":306,"tested":10810,"color":"rgb(44,160,44)"},{"description":"Other","count":63,"tested":533,"color":"rgb(148,103,189)"},{"description":"White","count":848,"tested":5922,"color":"rgb(31,119,180)"}],"gender":[]}
