{"age":[{"age_group":"<20","count":515,"tested":6887},{"age_group":"20-29   ","count":555,"tested":7791},{"age_group":"30-39   ","count":612,"tested":7816},{"age_group":"40-49   ","count":508,"tested":6846},{"age_group":"50-59   ","count":469,"tested":7005},{"age_group":"60-69   ","count":302,"tested":6122},{"age_group":"70-79   ","count":115,"tested":2919},{"age_group":"80+","count":40,"tested":1951}],"race":[{"description":"AI/AN**","count":10,"tested":74,"color":"rgb(31,119,180)"},{"description":"Asian","count":210,"tested":2804,"color":"rgb(140,86,75)"},{"description":"Black","count":280,"tested":3062,"color":"rgb(255,127,14)"},{"description":"Hispanic","count":531,"tested":2900,"color":"rgb(214,39,40)"},{"description":"Left Blank","count":593,"tested":21254,"color":"rgb(44,160,44)"},{"description":"NH/PI*","count":7,"tested":50,"color":"rgb(127,127,127)"},{"description":"Other","count":113,"tested":1702,"color":"rgb(148,103,189)"},{"description":"White","count":1372,"tested":15508,"color":"rgb(31,119,180)"}],"gender":[]}
