{"age":[{"age_group":"<20","count":465,"tested":5403},{"age_group":"20-29   ","count":331,"tested":3993},{"age_group":"30-39   ","count":297,"tested":3938},{"age_group":"40-49   ","count":435,"tested":5297},{"age_group":"50-59   ","count":362,"tested":5357},{"age_group":"60-69   ","count":214,"tested":4392},{"age_group":"70-79   ","count":241,"tested":5430},{"age_group":"80+","count":181,"tested":5263}],"race":[{"description":"Asian","count":65,"tested":1148,"color":"rgb(140,86,75)"},{"description":"Black","count":34,"tested":706,"color":"rgb(255,127,14)"},{"description":"Hispanic","count":225,"tested":1953,"color":"rgb(214,39,40)"},{"description":"Left Blank","count":514,"tested":13453,"color":"rgb(44,160,44)"},{"description":"Other","count":49,"tested":464,"color":"rgb(148,103,189)"},{"description":"White","count":1632,"tested":21217,"color":"rgb(31,119,180)"}],"gender":[]}
