{"age":[{"age_group":"<20","count":12,"tested":223},{"age_group":"20-29   ","count":17,"tested":202},{"age_group":"30-39   ","count":17,"tested":259},{"age_group":"50-59   ","count":15,"tested":248},{"age_group":"60-69   ","count":15,"tested":302},{"age_group":"70-79   ","count":16,"tested":180},{"age_group":"80+","count":36,"tested":308}],"race":[{"description":"Left Blank","count":23,"tested":526,"color":"rgb(44,160,44)"},{"description":"White","count":101,"tested":1266,"color":"rgb(31,119,180)"}],"gender":[]}
