{"age":[{"age_group":"<20","count":573,"tested":13622},{"age_group":"20-29   ","count":423,"tested":11969},{"age_group":"30-39   ","count":351,"tested":11138},{"age_group":"40-49   ","count":459,"tested":16025},{"age_group":"50-59   ","count":474,"tested":17489},{"age_group":"60-69   ","count":379,"tested":15109},{"age_group":"70-79   ","count":284,"tested":10136},{"age_group":"80+","count":419,"tested":14629}],"race":[{"description":"Asian","count":196,"tested":5575,"color":"rgb(140,86,75)"},{"description":"Black","count":44,"tested":1576,"color":"rgb(255,127,14)"},{"description":"Hispanic","count":133,"tested":2282,"color":"rgb(214,39,40)"},{"description":"Left Blank","count":896,"tested":62273,"color":"rgb(44,160,44)"},{"description":"Other","count":292,"tested":3950,"color":"rgb(148,103,189)"},{"description":"White","count":1788,"tested":33547,"color":"rgb(31,119,180)"}],"gender":[]}
