{"age":[{"age_group":"<20","count":141,"tested":1563},{"age_group":"20-29   ","count":158,"tested":2097},{"age_group":"30-39   ","count":149,"tested":1918},{"age_group":"40-49   ","count":149,"tested":1868},{"age_group":"50-59   ","count":160,"tested":2233},{"age_group":"60-69   ","count":114,"tested":1764},{"age_group":"70-79   ","count":50,"tested":1270},{"age_group":"80+","count":32,"tested":978}],"race":[{"description":"Asian","count":10,"tested":197,"color":"rgb(140,86,75)"},{"description":"Black","count":23,"tested":219,"color":"rgb(255,127,14)"},{"description":"Hispanic","count":130,"tested":877,"color":"rgb(214,39,40)"},{"description":"Left Blank","count":303,"tested":5570,"color":"rgb(44,160,44)"},{"description":"Other","count":31,"tested":308,"color":"rgb(148,103,189)"},{"description":"White","count":454,"tested":6443,"color":"rgb(31,119,180)"}],"gender":[]}
