{"age":[{"age_group":"<20","count":436,"tested":5597},{"age_group":"20-29   ","count":488,"tested":5404},{"age_group":"30-39   ","count":457,"tested":5361},{"age_group":"40-49   ","count":392,"tested":4615},{"age_group":"50-59   ","count":404,"tested":4660},{"age_group":"60-69   ","count":347,"tested":4261},{"age_group":"70-79   ","count":170,"tested":2291},{"age_group":"80+","count":196,"tested":3075}],"race":[{"description":"Asian","count":11,"tested":195,"color":"rgb(140,86,75)"},{"description":"Black","count":103,"tested":1144,"color":"rgb(255,127,14)"},{"description":"Hispanic","count":274,"tested":2024,"color":"rgb(214,39,40)"},{"description":"Left Blank","count":637,"tested":16372,"color":"rgb(44,160,44)"},{"description":"Other","count":226,"tested":1222,"color":"rgb(148,103,189)"},{"description":"White","count":1638,"tested":14430,"color":"rgb(31,119,180)"}],"gender":[]}
