{"lastUpdatedDate":{"year":2021,"month":6,"day":11},"county_demographics":[{"County":"Winnebago","confirmed_cases":34022,"total_tested":443065,"demographics":{"age":[{"race":[],"age_group":"<20","count":6010,"tested":69121,"deaths":0},{"race":[],"age_group":"20-29   ","count":6038,"tested":73304,"deaths":0},{"race":[],"age_group":"30-39   ","count":5307,"tested":64709,"deaths":0},{"race":[],"age_group":"40-49   ","count":5088,"tested":58320,"deaths":0},{"race":[],"age_group":"50-59   ","count":4785,"tested":62075,"deaths":0},{"race":[],"age_group":"60-69   ","count":3491,"tested":49967,"deaths":0},{"race":[],"age_group":"70-79   ","count":1943,"tested":31751,"deaths":0},{"race":[],"age_group":"80+","count":1349,"tested":33653,"deaths":0},{"race":[],"age_group":"Unknown","count":8,"tested":165,"deaths":0}],"race":[{"description":"AI/AN**","count":38,"tested":406,"deaths":0,"color":"rgb(31,119,180)"},{"description":"Asian","count":673,"tested":5084,"deaths":0,"color":"rgb(140,86,75)"},{"description":"Black","count":4208,"tested":36019,"deaths":0,"color":"rgb(255,127,14)"},{"description":"Hispanic","count":6008,"tested":27032,"deaths":0,"color":"rgb(214,39,40)"},{"description":"Left Blank","count":3275,"tested":194440,"deaths":0,"color":"rgb(44,160,44)"},{"description":"NH/PI*","count":21,"tested":310,"deaths":0,"color":"rgb(127,127,127)"},{"description":"Other","count":529,"tested":9622,"deaths":0,"color":"rgb(148,103,189)"},{"description":"White","count":19268,"tested":170152,"deaths":0,"color":"rgb(31,119,180)"}],"gender":[{"description":"Female","count":18173,"tested":261044,"deaths":0,"color":"rgb(255,127,14)"},{"description":"Male","count":15687,"tested":174320,"deaths":0,"color":"rgb(31,119,180)"},{"description":"Unknown/Left Blank","count":162,"tested":7701,"deaths":0,"color":"rgb(44,160,44)"}]}}]}
