{"lastUpdatedDate":{"year":2021,"month":6,"day":11},"county_demographics":[{"County":"Alexander","confirmed_cases":473,"total_tested":6247,"demographics":{"age":[{"race":[],"age_group":"<20","count":43,"tested":436,"deaths":0},{"race":[],"age_group":"20-29   ","count":47,"tested":890,"deaths":0},{"race":[],"age_group":"30-39   ","count":74,"tested":848,"deaths":0},{"race":[],"age_group":"40-49   ","count":57,"tested":1016,"deaths":0},{"race":[],"age_group":"50-59   ","count":80,"tested":1394,"deaths":0},{"race":[],"age_group":"60-69   ","count":80,"tested":1069,"deaths":0},{"race":[],"age_group":"70-79   ","count":57,"tested":371,"deaths":0},{"race":[],"age_group":"80+","count":17,"tested":223,"deaths":0},{"race":[],"age_group":"Unknown","count":0,"tested":0,"deaths":0}],"race":[{"description":"AI/AN**","count":0,"tested":0,"deaths":0,"color":"rgb(31,119,180)"},{"description":"Asian","count":0,"tested":0,"deaths":0,"color":"rgb(140,86,75)"},{"description":"Black","count":127,"tested":1520,"deaths":0,"color":"rgb(255,127,14)"},{"description":"Hispanic","count":0,"tested":21,"deaths":0,"color":"rgb(214,39,40)"},{"description":"Left Blank","count":138,"tested":2479,"deaths":0,"color":"rgb(44,160,44)"},{"description":"NH/PI*","count":0,"tested":0,"deaths":0,"color":"rgb(127,127,127)"},{"description":"Other","count":0,"tested":36,"deaths":0,"color":"rgb(148,103,189)"},{"description":"White","count":203,"tested":2185,"deaths":0,"color":"rgb(31,119,180)"}],"gender":[{"description":"Female","count":277,"tested":3660,"deaths":0,"color":"rgb(255,127,14)"},{"description":"Male","count":187,"tested":2044,"deaths":0,"color":"rgb(31,119,180)"},{"description":"Unknown/Left Blank","count":9,"tested":543,"deaths":0,"color":"rgb(44,160,44)"}]}}]}
