{"lastUpdatedDate":{"year":2021,"month":6,"day":11},"county_demographics":[{"County":"White","confirmed_cases":1702,"total_tested":24618,"demographics":{"age":[{"race":[],"age_group":"<20","count":245,"tested":2639,"deaths":0},{"race":[],"age_group":"20-29   ","count":206,"tested":3329,"deaths":0},{"race":[],"age_group":"30-39   ","count":206,"tested":3331,"deaths":0},{"race":[],"age_group":"40-49   ","count":228,"tested":3143,"deaths":0},{"race":[],"age_group":"50-59   ","count":251,"tested":3042,"deaths":0},{"race":[],"age_group":"60-69   ","count":244,"tested":2939,"deaths":0},{"race":[],"age_group":"70-79   ","count":162,"tested":2072,"deaths":0},{"race":[],"age_group":"80+","count":160,"tested":4115,"deaths":0},{"race":[],"age_group":"Unknown","count":0,"tested":8,"deaths":0}],"race":[{"description":"AI/AN**","count":0,"tested":0,"deaths":0,"color":"rgb(31,119,180)"},{"description":"Asian","count":0,"tested":25,"deaths":0,"color":"rgb(140,86,75)"},{"description":"Black","count":0,"tested":60,"deaths":0,"color":"rgb(255,127,14)"},{"description":"Hispanic","count":0,"tested":30,"deaths":0,"color":"rgb(214,39,40)"},{"description":"Left Blank","count":631,"tested":16740,"deaths":0,"color":"rgb(44,160,44)"},{"description":"NH/PI*","count":0,"tested":0,"deaths":0,"color":"rgb(127,127,127)"},{"description":"Other","count":7,"tested":63,"deaths":0,"color":"rgb(148,103,189)"},{"description":"White","count":1055,"tested":7695,"deaths":0,"color":"rgb(31,119,180)"}],"gender":[{"description":"Female","count":849,"tested":17743,"deaths":0,"color":"rgb(255,127,14)"},{"description":"Male","count":621,"tested":5597,"deaths":0,"color":"rgb(31,119,180)"},{"description":"Unknown/Left Blank","count":232,"tested":1278,"deaths":0,"color":"rgb(44,160,44)"}]}}]}
