{"lastUpdatedDate":{"year":2021,"month":6,"day":11},"county_demographics":[{"County":"Marion","confirmed_cases":4509,"total_tested":100161,"demographics":{"age":[{"race":[],"age_group":"<20","count":570,"tested":7069,"deaths":0},{"race":[],"age_group":"20-29   ","count":627,"tested":17366,"deaths":0},{"race":[],"age_group":"30-39   ","count":636,"tested":20636,"deaths":0},{"race":[],"age_group":"40-49   ","count":656,"tested":17920,"deaths":0},{"race":[],"age_group":"50-59   ","count":678,"tested":14164,"deaths":0},{"race":[],"age_group":"60-69   ","count":617,"tested":9956,"deaths":0},{"race":[],"age_group":"70-79   ","count":386,"tested":5435,"deaths":0},{"race":[],"age_group":"80+","count":339,"tested":6692,"deaths":0},{"race":[],"age_group":"Unknown","count":0,"tested":923,"deaths":0}],"race":[{"description":"AI/AN**","count":8,"tested":53,"deaths":0,"color":"rgb(31,119,180)"},{"description":"Asian","count":0,"tested":138,"deaths":0,"color":"rgb(140,86,75)"},{"description":"Black","count":142,"tested":2603,"deaths":0,"color":"rgb(255,127,14)"},{"description":"Hispanic","count":40,"tested":308,"deaths":0,"color":"rgb(214,39,40)"},{"description":"Left Blank","count":890,"tested":61188,"deaths":0,"color":"rgb(44,160,44)"},{"description":"NH/PI*","count":0,"tested":15,"deaths":0,"color":"rgb(127,127,127)"},{"description":"Other","count":49,"tested":978,"deaths":0,"color":"rgb(148,103,189)"},{"description":"White","count":3371,"tested":34878,"deaths":0,"color":"rgb(31,119,180)"}],"gender":[{"description":"Female","count":2528,"tested":41900,"deaths":0,"color":"rgb(255,127,14)"},{"description":"Male","count":1937,"tested":38736,"deaths":0,"color":"rgb(31,119,180)"},{"description":"Unknown/Left Blank","count":39,"tested":19525,"deaths":0,"color":"rgb(44,160,44)"}]}}]}
