{"lastUpdatedDate":{"year":2021,"month":6,"day":11},"county_demographics":[{"County":"Wayne","confirmed_cases":1804,"total_tested":18580,"demographics":{"age":[{"race":[],"age_group":"<20","count":301,"tested":2590,"deaths":0},{"race":[],"age_group":"20-29   ","count":222,"tested":3169,"deaths":0},{"race":[],"age_group":"30-39   ","count":244,"tested":3228,"deaths":0},{"race":[],"age_group":"40-49   ","count":219,"tested":2357,"deaths":0},{"race":[],"age_group":"50-59   ","count":255,"tested":2548,"deaths":0},{"race":[],"age_group":"60-69   ","count":271,"tested":1996,"deaths":0},{"race":[],"age_group":"70-79   ","count":170,"tested":1270,"deaths":0},{"race":[],"age_group":"80+","count":117,"tested":1407,"deaths":0},{"race":[],"age_group":"Unknown","count":0,"tested":15,"deaths":0}],"race":[{"description":"AI/AN**","count":0,"tested":0,"deaths":0,"color":"rgb(31,119,180)"},{"description":"Asian","count":0,"tested":0,"deaths":0,"color":"rgb(140,86,75)"},{"description":"Black","count":0,"tested":23,"deaths":0,"color":"rgb(255,127,14)"},{"description":"Hispanic","count":17,"tested":194,"deaths":0,"color":"rgb(214,39,40)"},{"description":"Left Blank","count":237,"tested":6588,"deaths":0,"color":"rgb(44,160,44)"},{"description":"NH/PI*","count":0,"tested":0,"deaths":0,"color":"rgb(127,127,127)"},{"description":"Other","count":0,"tested":85,"deaths":0,"color":"rgb(148,103,189)"},{"description":"White","count":1541,"tested":11681,"deaths":0,"color":"rgb(31,119,180)"}],"gender":[{"description":"Female","count":933,"tested":11085,"deaths":0,"color":"rgb(255,127,14)"},{"description":"Male","count":850,"tested":6344,"deaths":0,"color":"rgb(31,119,180)"},{"description":"Unknown/Left Blank","count":19,"tested":1151,"deaths":0,"color":"rgb(44,160,44)"}]}}]}
