{"lastUpdatedDate":{"year":2021,"month":2,"day":14},"county_demographics":[{"County":"Williamson","confirmed_cases":6693,"total_tested":81763,"demographics":{"age":[{"race":[],"age_group":"20-29   ","count":1028,"tested":11284,"deaths":0},{"race":[],"age_group":"60-69   ","count":710,"tested":9569,"deaths":0},{"race":[],"age_group":"30-39   ","count":1066,"tested":12725,"deaths":0},{"race":[],"age_group":"40-49   ","count":1018,"tested":11760,"deaths":0},{"race":[],"age_group":"80+","count":347,"tested":7008,"deaths":0},{"race":[],"age_group":"50-59   ","count":934,"tested":12223,"deaths":0},{"race":[],"age_group":"70-79   ","count":525,"tested":7948,"deaths":0},{"race":[],"age_group":"<20","count":1064,"tested":9216,"deaths":0},{"race":[],"age_group":"Unknown","count":0,"tested":30,"deaths":0}],"race":[{"description":"Asian","count":17,"tested":250,"deaths":0,"color":"rgb(140,86,75)"},{"description":"Hispanic","count":76,"tested":659,"deaths":0,"color":"rgb(214,39,40)"},{"description":"White","count":5027,"tested":45474,"deaths":0,"color":"rgb(31,119,180)"},{"description":"Left Blank","count":1291,"tested":32060,"deaths":0,"color":"rgb(44,160,44)"},{"description":"NH/PI*","count":0,"tested":39,"deaths":0,"color":"rgb(127,127,127)"},{"description":"Other","count":58,"tested":964,"deaths":0,"color":"rgb(148,103,189)"},{"description":"Black","count":218,"tested":2293,"deaths":0,"color":"rgb(255,127,14)"},{"description":"AI/AN**","count":0,"tested":24,"deaths":0,"color":"rgb(31,119,180)"}],"gender":[{"description":"Female","count":3430,"tested":44295,"deaths":0,"color":"rgb(255,127,14)"},{"description":"Male","count":2910,"tested":30299,"deaths":0,"color":"rgb(31,119,180)"},{"description":"Unknown/Left Blank","count":353,"tested":7169,"deaths":0,"color":"rgb(44,160,44)"}]}}]}
