{"lastUpdatedDate":{"year":2021,"month":2,"day":14},"county_demographics":[{"County":"Massac","confirmed_cases":1230,"total_tested":9500,"demographics":{"age":[{"race":[],"age_group":"20-29   ","count":168,"tested":1262,"deaths":0},{"race":[],"age_group":"30-39   ","count":153,"tested":1039,"deaths":0},{"race":[],"age_group":"80+","count":105,"tested":1131,"deaths":0},{"race":[],"age_group":"50-59   ","count":196,"tested":1426,"deaths":0},{"race":[],"age_group":"70-79   ","count":114,"tested":981,"deaths":0},{"race":[],"age_group":"60-69   ","count":147,"tested":1209,"deaths":0},{"race":[],"age_group":"<20","count":175,"tested":1132,"deaths":0},{"race":[],"age_group":"40-49   ","count":160,"tested":1319,"deaths":0},{"race":[],"age_group":"Unknown","count":0,"tested":0,"deaths":0}],"race":[{"description":"Black","count":27,"tested":220,"deaths":0,"color":"rgb(255,127,14)"},{"description":"Asian","count":0,"tested":9,"deaths":0,"color":"rgb(140,86,75)"},{"description":"Hispanic","count":6,"tested":45,"deaths":0,"color":"rgb(214,39,40)"},{"description":"White","count":589,"tested":3743,"deaths":0,"color":"rgb(31,119,180)"},{"description":"Left Blank","count":601,"tested":5431,"deaths":0,"color":"rgb(44,160,44)"},{"description":"Other","count":0,"tested":46,"deaths":0,"color":"rgb(148,103,189)"},{"description":"NH/PI*","count":0,"tested":0,"deaths":0,"color":"rgb(127,127,127)"},{"description":"AI/AN**","count":0,"tested":0,"deaths":0,"color":"rgb(31,119,180)"}],"gender":[{"description":"Female","count":647,"tested":5711,"deaths":0,"color":"rgb(255,127,14)"},{"description":"Male","count":551,"tested":3427,"deaths":0,"color":"rgb(31,119,180)"},{"description":"Unknown/Left Blank","count":30,"tested":362,"deaths":0,"color":"rgb(44,160,44)"}]}}]}
