{"lastUpdatedDate":{"year":2021,"month":2,"day":14},"county_demographics":[{"County":"Edgar","confirmed_cases":1527,"total_tested":12386,"demographics":{"age":[{"race":[],"age_group":"70-79   ","count":147,"tested":1165,"deaths":0},{"race":[],"age_group":"20-29   ","count":189,"tested":1803,"deaths":0},{"race":[],"age_group":"60-69   ","count":202,"tested":1599,"deaths":0},{"race":[],"age_group":"80+","count":138,"tested":1613,"deaths":0},{"race":[],"age_group":"40-49   ","count":216,"tested":1619,"deaths":0},{"race":[],"age_group":"<20","count":243,"tested":1448,"deaths":0},{"race":[],"age_group":"30-39   ","count":196,"tested":1516,"deaths":0},{"race":[],"age_group":"50-59   ","count":195,"tested":1575,"deaths":0},{"race":[],"age_group":"Unknown","count":0,"tested":48,"deaths":0}],"race":[{"description":"AI/AN**","count":0,"tested":0,"deaths":0,"color":"rgb(31,119,180)"},{"description":"Hispanic","count":0,"tested":33,"deaths":0,"color":"rgb(214,39,40)"},{"description":"NH/PI*","count":0,"tested":0,"deaths":0,"color":"rgb(127,127,127)"},{"description":"White","count":1365,"tested":6206,"deaths":0,"color":"rgb(31,119,180)"},{"description":"Left Blank","count":149,"tested":5988,"deaths":0,"color":"rgb(44,160,44)"},{"description":"Asian","count":0,"tested":0,"deaths":0,"color":"rgb(140,86,75)"},{"description":"Other","count":0,"tested":89,"deaths":0,"color":"rgb(148,103,189)"},{"description":"Black","count":0,"tested":60,"deaths":0,"color":"rgb(255,127,14)"}],"gender":[{"description":"Female","count":477,"tested":7725,"deaths":0,"color":"rgb(255,127,14)"},{"description":"Male","count":368,"tested":3604,"deaths":0,"color":"rgb(31,119,180)"},{"description":"Unknown/Left Blank","count":682,"tested":1057,"deaths":0,"color":"rgb(44,160,44)"}]}}]}
