{"lastUpdatedDate":{"year":2021,"month":2,"day":14},"county_demographics":[{"County":"Jefferson","confirmed_cases":3890,"total_tested":40346,"demographics":{"age":[{"race":[],"age_group":"30-39   ","count":574,"tested":6872,"deaths":0},{"race":[],"age_group":"80+","count":313,"tested":3318,"deaths":0},{"race":[],"age_group":"40-49   ","count":549,"tested":6375,"deaths":0},{"race":[],"age_group":"70-79   ","count":356,"tested":3216,"deaths":0},{"race":[],"age_group":"<20","count":442,"tested":3608,"deaths":0},{"race":[],"age_group":"50-59   ","count":617,"tested":6154,"deaths":0},{"race":[],"age_group":"Unknown","count":0,"tested":466,"deaths":0},{"race":[],"age_group":"20-29   ","count":526,"tested":5993,"deaths":0},{"race":[],"age_group":"60-69   ","count":511,"tested":4344,"deaths":0}],"race":[{"description":"NH/PI*","count":0,"tested":23,"deaths":0,"color":"rgb(127,127,127)"},{"description":"White","count":2027,"tested":17528,"deaths":0,"color":"rgb(31,119,180)"},{"description":"Asian","count":17,"tested":108,"deaths":0,"color":"rgb(140,86,75)"},{"description":"Left Blank","count":1546,"tested":20130,"deaths":0,"color":"rgb(44,160,44)"},{"description":"Other","count":63,"tested":513,"deaths":0,"color":"rgb(148,103,189)"},{"description":"Black","count":150,"tested":1520,"deaths":0,"color":"rgb(255,127,14)"},{"description":"Hispanic","count":80,"tested":507,"deaths":0,"color":"rgb(214,39,40)"},{"description":"AI/AN**","count":0,"tested":17,"deaths":0,"color":"rgb(31,119,180)"}],"gender":[{"description":"Female","count":1950,"tested":19707,"deaths":0,"color":"rgb(255,127,14)"},{"description":"Male","count":1695,"tested":10941,"deaths":0,"color":"rgb(31,119,180)"},{"description":"Unknown/Left Blank","count":244,"tested":9698,"deaths":0,"color":"rgb(44,160,44)"}]}}]}
