{"lastUpdatedDate":{"year":2020,"month":12,"day":20},"county_demographics":[{"County":"Pike","confirmed_cases":1271,"total_tested":10850,"demographics":{"age":[{"race":[],"age_group":"<20","count":155,"tested":1296,"deaths":0},{"race":[],"age_group":"20-29   ","count":193,"tested":1742,"deaths":0},{"race":[],"age_group":"30-39   ","count":178,"tested":1409,"deaths":0},{"race":[],"age_group":"40-49   ","count":180,"tested":1321,"deaths":0},{"race":[],"age_group":"50-59   ","count":187,"tested":1463,"deaths":0},{"race":[],"age_group":"60-69   ","count":173,"tested":1290,"deaths":0},{"race":[],"age_group":"70-79   ","count":94,"tested":885,"deaths":0},{"race":[],"age_group":"80+","count":106,"tested":1443,"deaths":0},{"race":[],"age_group":"Unknown","count":0,"tested":0,"deaths":0}],"race":[{"description":"AI/AN**","count":0,"tested":0,"deaths":0,"color":"rgb(31,119,180)"},{"description":"Asian","count":0,"tested":7,"deaths":0,"color":"rgb(140,86,75)"},{"description":"Black","count":0,"tested":20,"deaths":0,"color":"rgb(255,127,14)"},{"description":"Hispanic","count":9,"tested":42,"deaths":0,"color":"rgb(214,39,40)"},{"description":"Left Blank","count":498,"tested":7136,"deaths":0,"color":"rgb(44,160,44)"},{"description":"NH/PI*","count":0,"tested":0,"deaths":0,"color":"rgb(127,127,127)"},{"description":"Other","count":0,"tested":14,"deaths":0,"color":"rgb(148,103,189)"},{"description":"White","count":760,"tested":3629,"deaths":0,"color":"rgb(31,119,180)"}],"gender":[{"description":"Female","count":719,"tested":7151,"deaths":0,"color":"rgb(255,127,14)"},{"description":"Male","count":505,"tested":3316,"deaths":0,"color":"rgb(31,119,180)"},{"description":"Unknown/Left Blank","count":47,"tested":383,"deaths":0,"color":"rgb(44,160,44)"}]}}]}
