{"lastUpdatedDate":{"year":2020,"month":12,"day":20},"county_demographics":[{"County":"Shelby","confirmed_cases":1690,"total_tested":14530,"demographics":{"age":[{"race":[],"age_group":"<20","count":224,"tested":2025,"deaths":0},{"race":[],"age_group":"20-29   ","count":263,"tested":2133,"deaths":0},{"race":[],"age_group":"30-39   ","count":214,"tested":1831,"deaths":0},{"race":[],"age_group":"40-49   ","count":199,"tested":1695,"deaths":0},{"race":[],"age_group":"50-59   ","count":260,"tested":2110,"deaths":0},{"race":[],"age_group":"60-69   ","count":243,"tested":1784,"deaths":0},{"race":[],"age_group":"70-79   ","count":177,"tested":1378,"deaths":0},{"race":[],"age_group":"80+","count":104,"tested":1568,"deaths":0},{"race":[],"age_group":"Unknown","count":0,"tested":6,"deaths":0}],"race":[{"description":"AI/AN**","count":0,"tested":0,"deaths":0,"color":"rgb(31,119,180)"},{"description":"Asian","count":0,"tested":26,"deaths":0,"color":"rgb(140,86,75)"},{"description":"Black","count":7,"tested":35,"deaths":0,"color":"rgb(255,127,14)"},{"description":"Hispanic","count":11,"tested":50,"deaths":0,"color":"rgb(214,39,40)"},{"description":"Left Blank","count":207,"tested":4617,"deaths":0,"color":"rgb(44,160,44)"},{"description":"NH/PI*","count":0,"tested":0,"deaths":0,"color":"rgb(127,127,127)"},{"description":"Other","count":8,"tested":479,"deaths":0,"color":"rgb(148,103,189)"},{"description":"White","count":1452,"tested":9314,"deaths":0,"color":"rgb(31,119,180)"}],"gender":[{"description":"Female","count":970,"tested":9214,"deaths":0,"color":"rgb(255,127,14)"},{"description":"Male","count":684,"tested":4969,"deaths":0,"color":"rgb(31,119,180)"},{"description":"Unknown/Left Blank","count":36,"tested":347,"deaths":0,"color":"rgb(44,160,44)"}]}}]}
