{"lastUpdatedDate":{"year":2020,"month":12,"day":20},"county_demographics":[{"County":"Sangamon","confirmed_cases":12569,"total_tested":223154,"demographics":{"age":[{"race":[],"age_group":"<20","count":1770,"tested":25676,"deaths":0},{"race":[],"age_group":"20-29   ","count":2165,"tested":37757,"deaths":0},{"race":[],"age_group":"30-39   ","count":1868,"tested":33518,"deaths":0},{"race":[],"age_group":"40-49   ","count":1762,"tested":30118,"deaths":0},{"race":[],"age_group":"50-59   ","count":1917,"tested":33833,"deaths":0},{"race":[],"age_group":"60-69   ","count":1512,"tested":29427,"deaths":0},{"race":[],"age_group":"70-79   ","count":894,"tested":18698,"deaths":0},{"race":[],"age_group":"80+","count":681,"tested":14048,"deaths":0},{"race":[],"age_group":"Unknown","count":0,"tested":79,"deaths":0}],"race":[{"description":"AI/AN**","count":0,"tested":179,"deaths":0,"color":"rgb(31,119,180)"},{"description":"Asian","count":79,"tested":2074,"deaths":0,"color":"rgb(140,86,75)"},{"description":"Black","count":1356,"tested":15607,"deaths":0,"color":"rgb(255,127,14)"},{"description":"Hispanic","count":135,"tested":1620,"deaths":0,"color":"rgb(214,39,40)"},{"description":"Left Blank","count":6045,"tested":104189,"deaths":0,"color":"rgb(44,160,44)"},{"description":"NH/PI*","count":24,"tested":1807,"deaths":0,"color":"rgb(127,127,127)"},{"description":"Other","count":133,"tested":4399,"deaths":0,"color":"rgb(148,103,189)"},{"description":"White","count":4790,"tested":93279,"deaths":0,"color":"rgb(31,119,180)"}],"gender":[{"description":"Female","count":6453,"tested":130458,"deaths":0,"color":"rgb(255,127,14)"},{"description":"Male","count":5235,"tested":87858,"deaths":0,"color":"rgb(31,119,180)"},{"description":"Unknown/Left Blank","count":881,"tested":4838,"deaths":0,"color":"rgb(44,160,44)"}]}}]}
