{"lastUpdatedDate":{"year":2020,"month":12,"day":20},"county_demographics":[{"County":"Perry","confirmed_cases":1806,"total_tested":15488,"demographics":{"age":[{"race":[],"age_group":"<20","count":202,"tested":1763,"deaths":0},{"race":[],"age_group":"20-29   ","count":300,"tested":2390,"deaths":0},{"race":[],"age_group":"30-39   ","count":294,"tested":2156,"deaths":0},{"race":[],"age_group":"40-49   ","count":250,"tested":2131,"deaths":0},{"race":[],"age_group":"50-59   ","count":259,"tested":2125,"deaths":0},{"race":[],"age_group":"60-69   ","count":212,"tested":1805,"deaths":0},{"race":[],"age_group":"70-79   ","count":132,"tested":1460,"deaths":0},{"race":[],"age_group":"80+","count":146,"tested":1642,"deaths":0},{"race":[],"age_group":"Unknown","count":0,"tested":16,"deaths":0}],"race":[{"description":"AI/AN**","count":0,"tested":0,"deaths":0,"color":"rgb(31,119,180)"},{"description":"Asian","count":6,"tested":25,"deaths":0,"color":"rgb(140,86,75)"},{"description":"Black","count":51,"tested":353,"deaths":0,"color":"rgb(255,127,14)"},{"description":"Hispanic","count":16,"tested":99,"deaths":0,"color":"rgb(214,39,40)"},{"description":"Left Blank","count":536,"tested":6370,"deaths":0,"color":"rgb(44,160,44)"},{"description":"NH/PI*","count":0,"tested":0,"deaths":0,"color":"rgb(127,127,127)"},{"description":"Other","count":12,"tested":136,"deaths":0,"color":"rgb(148,103,189)"},{"description":"White","count":1177,"tested":8499,"deaths":0,"color":"rgb(31,119,180)"}],"gender":[{"description":"Female","count":876,"tested":8879,"deaths":0,"color":"rgb(255,127,14)"},{"description":"Male","count":688,"tested":5132,"deaths":0,"color":"rgb(31,119,180)"},{"description":"Unknown/Left Blank","count":242,"tested":1477,"deaths":0,"color":"rgb(44,160,44)"}]}}]}
