{"lastUpdatedDate":{"year":2020,"month":12,"day":20},"county_demographics":[{"County":"Scott","confirmed_cases":292,"total_tested":4946,"demographics":{"age":[{"race":[],"age_group":"<20","count":36,"tested":635,"deaths":0},{"race":[],"age_group":"20-29   ","count":47,"tested":619,"deaths":0},{"race":[],"age_group":"30-39   ","count":38,"tested":764,"deaths":0},{"race":[],"age_group":"40-49   ","count":39,"tested":551,"deaths":0},{"race":[],"age_group":"50-59   ","count":64,"tested":767,"deaths":0},{"race":[],"age_group":"60-69   ","count":37,"tested":664,"deaths":0},{"race":[],"age_group":"70-79   ","count":14,"tested":404,"deaths":0},{"race":[],"age_group":"80+","count":17,"tested":542,"deaths":0}],"race":[{"description":"Asian","count":0,"tested":0,"deaths":0,"color":"rgb(140,86,75)"},{"description":"Black","count":0,"tested":12,"deaths":0,"color":"rgb(255,127,14)"},{"description":"Hispanic","count":0,"tested":10,"deaths":0,"color":"rgb(214,39,40)"},{"description":"Left Blank","count":134,"tested":1646,"deaths":0,"color":"rgb(44,160,44)"},{"description":"Other","count":0,"tested":20,"deaths":0,"color":"rgb(148,103,189)"},{"description":"White","count":153,"tested":3253,"deaths":0,"color":"rgb(31,119,180)"}],"gender":[{"description":"Female","count":134,"tested":3165,"deaths":0,"color":"rgb(255,127,14)"},{"description":"Male","count":101,"tested":1358,"deaths":0,"color":"rgb(31,119,180)"},{"description":"Unknown/Left Blank","count":55,"tested":423,"deaths":0,"color":"rgb(44,160,44)"}]}}]}
