{"lastUpdatedDate":{"year":2020,"month":12,"day":20},"county_demographics":[{"County":"Effingham","confirmed_cases":3607,"total_tested":25741,"demographics":{"age":[{"race":[],"age_group":"<20","count":567,"tested":3407,"deaths":0},{"race":[],"age_group":"20-29   ","count":519,"tested":3336,"deaths":0},{"race":[],"age_group":"30-39   ","count":523,"tested":3190,"deaths":0},{"race":[],"age_group":"40-49   ","count":453,"tested":2737,"deaths":0},{"race":[],"age_group":"50-59   ","count":551,"tested":3467,"deaths":0},{"race":[],"age_group":"60-69   ","count":488,"tested":3734,"deaths":0},{"race":[],"age_group":"70-79   ","count":286,"tested":2860,"deaths":0},{"race":[],"age_group":"80+","count":218,"tested":2996,"deaths":0},{"race":[],"age_group":"Unknown","count":0,"tested":14,"deaths":0}],"race":[{"description":"AI/AN**","count":0,"tested":0,"deaths":0,"color":"rgb(31,119,180)"},{"description":"Asian","count":0,"tested":30,"deaths":0,"color":"rgb(140,86,75)"},{"description":"Black","count":0,"tested":77,"deaths":0,"color":"rgb(255,127,14)"},{"description":"Hispanic","count":25,"tested":96,"deaths":0,"color":"rgb(214,39,40)"},{"description":"Left Blank","count":1945,"tested":11629,"deaths":0,"color":"rgb(44,160,44)"},{"description":"NH/PI*","count":0,"tested":0,"deaths":0,"color":"rgb(127,127,127)"},{"description":"Other","count":112,"tested":2030,"deaths":0,"color":"rgb(148,103,189)"},{"description":"White","count":1515,"tested":11871,"deaths":0,"color":"rgb(31,119,180)"}],"gender":[{"description":"Female","count":1874,"tested":15911,"deaths":0,"color":"rgb(255,127,14)"},{"description":"Male","count":1481,"tested":9409,"deaths":0,"color":"rgb(31,119,180)"},{"description":"Unknown/Left Blank","count":252,"tested":421,"deaths":0,"color":"rgb(44,160,44)"}]}}]}
