{"lastUpdatedDate":{"year":2020,"month":12,"day":20},"county_demographics":[{"County":"Pulaski","confirmed_cases":527,"total_tested":3603,"demographics":{"age":[{"race":[],"age_group":"<20","count":67,"tested":360,"deaths":0},{"race":[],"age_group":"20-29   ","count":95,"tested":623,"deaths":0},{"race":[],"age_group":"30-39   ","count":83,"tested":724,"deaths":0},{"race":[],"age_group":"40-49   ","count":99,"tested":653,"deaths":0},{"race":[],"age_group":"50-59   ","count":65,"tested":554,"deaths":0},{"race":[],"age_group":"60-69   ","count":60,"tested":453,"deaths":0},{"race":[],"age_group":"70-79   ","count":25,"tested":158,"deaths":0},{"race":[],"age_group":"80+","count":14,"tested":78,"deaths":0}],"race":[{"description":"Asian","count":0,"tested":7,"deaths":0,"color":"rgb(140,86,75)"},{"description":"Black","count":67,"tested":618,"deaths":0,"color":"rgb(255,127,14)"},{"description":"Hispanic","count":92,"tested":391,"deaths":0,"color":"rgb(214,39,40)"},{"description":"Left Blank","count":135,"tested":1182,"deaths":0,"color":"rgb(44,160,44)"},{"description":"NH/PI*","count":0,"tested":0,"deaths":0,"color":"rgb(127,127,127)"},{"description":"Other","count":0,"tested":41,"deaths":0,"color":"rgb(148,103,189)"},{"description":"White","count":228,"tested":1364,"deaths":0,"color":"rgb(31,119,180)"}],"gender":[{"description":"Female","count":233,"tested":1730,"deaths":0,"color":"rgb(255,127,14)"},{"description":"Male","count":264,"tested":1623,"deaths":0,"color":"rgb(31,119,180)"},{"description":"Unknown/Left Blank","count":30,"tested":250,"deaths":0,"color":"rgb(44,160,44)"}]}}]}
