{"lastUpdatedDate":{"year":2020,"month":12,"day":20},"county_demographics":[{"County":"McDonough","confirmed_cases":1886,"total_tested":24553,"demographics":{"age":[{"race":[],"age_group":"<20","count":312,"tested":3151,"deaths":0},{"race":[],"age_group":"20-29   ","count":587,"tested":4754,"deaths":0},{"race":[],"age_group":"30-39   ","count":209,"tested":3389,"deaths":0},{"race":[],"age_group":"40-49   ","count":180,"tested":2602,"deaths":0},{"race":[],"age_group":"50-59   ","count":169,"tested":2958,"deaths":0},{"race":[],"age_group":"60-69   ","count":181,"tested":2850,"deaths":0},{"race":[],"age_group":"70-79   ","count":129,"tested":2115,"deaths":0},{"race":[],"age_group":"80+","count":117,"tested":2731,"deaths":0},{"race":[],"age_group":"Unknown","count":0,"tested":0,"deaths":0}],"race":[{"description":"AI/AN**","count":0,"tested":8,"deaths":0,"color":"rgb(31,119,180)"},{"description":"Asian","count":29,"tested":136,"deaths":0,"color":"rgb(140,86,75)"},{"description":"Black","count":146,"tested":791,"deaths":0,"color":"rgb(255,127,14)"},{"description":"Hispanic","count":89,"tested":245,"deaths":0,"color":"rgb(214,39,40)"},{"description":"Left Blank","count":248,"tested":8902,"deaths":0,"color":"rgb(44,160,44)"},{"description":"NH/PI*","count":0,"tested":20,"deaths":0,"color":"rgb(127,127,127)"},{"description":"Other","count":19,"tested":200,"deaths":0,"color":"rgb(148,103,189)"},{"description":"White","count":1345,"tested":14251,"deaths":0,"color":"rgb(31,119,180)"}],"gender":[{"description":"Female","count":1000,"tested":15441,"deaths":0,"color":"rgb(255,127,14)"},{"description":"Male","count":858,"tested":8473,"deaths":0,"color":"rgb(31,119,180)"},{"description":"Unknown/Left Blank","count":28,"tested":639,"deaths":0,"color":"rgb(44,160,44)"}]}}]}
