{"lastUpdatedDate":{"year":2020,"month":12,"day":20},"county_demographics":[{"County":"Logan","confirmed_cases":2515,"total_tested":38686,"demographics":{"age":[{"race":[],"age_group":"<20","count":232,"tested":4262,"deaths":0},{"race":[],"age_group":"20-29   ","count":409,"tested":6039,"deaths":0},{"race":[],"age_group":"30-39   ","count":500,"tested":6568,"deaths":0},{"race":[],"age_group":"40-49   ","count":405,"tested":5491,"deaths":0},{"race":[],"age_group":"50-59   ","count":364,"tested":5595,"deaths":0},{"race":[],"age_group":"60-69   ","count":288,"tested":4535,"deaths":0},{"race":[],"age_group":"70-79   ","count":166,"tested":2769,"deaths":0},{"race":[],"age_group":"80+","count":150,"tested":3405,"deaths":0},{"race":[],"age_group":"Unknown","count":0,"tested":22,"deaths":0}],"race":[{"description":"AI/AN**","count":0,"tested":7,"deaths":0,"color":"rgb(31,119,180)"},{"description":"Asian","count":0,"tested":39,"deaths":0,"color":"rgb(140,86,75)"},{"description":"Black","count":289,"tested":886,"deaths":0,"color":"rgb(255,127,14)"},{"description":"Hispanic","count":73,"tested":242,"deaths":0,"color":"rgb(214,39,40)"},{"description":"Left Blank","count":456,"tested":23511,"deaths":0,"color":"rgb(44,160,44)"},{"description":"NH/PI*","count":0,"tested":11,"deaths":0,"color":"rgb(127,127,127)"},{"description":"Other","count":18,"tested":407,"deaths":0,"color":"rgb(148,103,189)"},{"description":"White","count":1668,"tested":13583,"deaths":0,"color":"rgb(31,119,180)"}],"gender":[{"description":"Female","count":1305,"tested":21634,"deaths":0,"color":"rgb(255,127,14)"},{"description":"Male","count":1061,"tested":11222,"deaths":0,"color":"rgb(31,119,180)"},{"description":"Unknown/Left Blank","count":144,"tested":5830,"deaths":0,"color":"rgb(44,160,44)"}]}}]}
