{"lastUpdatedDate":{"year":2021,"month":5,"day":26},"county_demographics":[{"County":"Sangamon","confirmed_cases":18958,"total_tested":394677,"demographics":{"age":[{"race":[],"age_group":"<20","count":3132,"tested":51845,"deaths":0},{"race":[],"age_group":"20-29   ","count":3224,"tested":72834,"deaths":0},{"race":[],"age_group":"30-39   ","count":2841,"tested":61660,"deaths":0},{"race":[],"age_group":"40-49   ","count":2660,"tested":54158,"deaths":0},{"race":[],"age_group":"50-59   ","count":2824,"tested":57138,"deaths":0},{"race":[],"age_group":"60-69   ","count":2117,"tested":46776,"deaths":0},{"race":[],"age_group":"70-79   ","count":1246,"tested":28390,"deaths":0},{"race":[],"age_group":"80+","count":914,"tested":21789,"deaths":0},{"race":[],"age_group":"Unknown","count":0,"tested":87,"deaths":0}],"race":[{"description":"AI/AN**","count":8,"tested":388,"deaths":0,"color":"rgb(31,119,180)"},{"description":"Asian","count":152,"tested":4792,"deaths":0,"color":"rgb(140,86,75)"},{"description":"Black","count":2123,"tested":31839,"deaths":0,"color":"rgb(255,127,14)"},{"description":"Hispanic","count":229,"tested":3809,"deaths":0,"color":"rgb(214,39,40)"},{"description":"Left Blank","count":7795,"tested":155609,"deaths":0,"color":"rgb(44,160,44)"},{"description":"NH/PI*","count":33,"tested":4432,"deaths":0,"color":"rgb(127,127,127)"},{"description":"Other","count":260,"tested":9464,"deaths":0,"color":"rgb(148,103,189)"},{"description":"White","count":8355,"tested":184344,"deaths":0,"color":"rgb(31,119,180)"}],"gender":[{"description":"Female","count":9311,"tested":225040,"deaths":0,"color":"rgb(255,127,14)"},{"description":"Male","count":7860,"tested":160765,"deaths":0,"color":"rgb(31,119,180)"},{"description":"Unknown/Left Blank","count":1787,"tested":8872,"deaths":0,"color":"rgb(44,160,44)"}]}}]}
