{"lastUpdatedDate":{"year":2021,"month":5,"day":26},"county_demographics":[{"County":"Union","confirmed_cases":2264,"total_tested":38155,"demographics":{"age":[{"race":[],"age_group":"<20","count":325,"tested":2963,"deaths":0},{"race":[],"age_group":"20-29   ","count":353,"tested":5373,"deaths":0},{"race":[],"age_group":"30-39   ","count":328,"tested":5953,"deaths":0},{"race":[],"age_group":"40-49   ","count":313,"tested":6161,"deaths":0},{"race":[],"age_group":"50-59   ","count":344,"tested":7047,"deaths":0},{"race":[],"age_group":"60-69   ","count":293,"tested":4608,"deaths":0},{"race":[],"age_group":"70-79   ","count":188,"tested":2715,"deaths":0},{"race":[],"age_group":"80+","count":120,"tested":3330,"deaths":0},{"race":[],"age_group":"Unknown","count":0,"tested":0,"deaths":0}],"race":[{"description":"AI/AN**","count":0,"tested":16,"deaths":0,"color":"rgb(31,119,180)"},{"description":"Asian","count":0,"tested":83,"deaths":0,"color":"rgb(140,86,75)"},{"description":"Black","count":69,"tested":1259,"deaths":0,"color":"rgb(255,127,14)"},{"description":"Hispanic","count":106,"tested":681,"deaths":0,"color":"rgb(214,39,40)"},{"description":"Left Blank","count":314,"tested":11433,"deaths":0,"color":"rgb(44,160,44)"},{"description":"NH/PI*","count":0,"tested":59,"deaths":0,"color":"rgb(127,127,127)"},{"description":"Other","count":15,"tested":208,"deaths":0,"color":"rgb(148,103,189)"},{"description":"White","count":1756,"tested":24416,"deaths":0,"color":"rgb(31,119,180)"}],"gender":[{"description":"Female","count":1123,"tested":19152,"deaths":0,"color":"rgb(255,127,14)"},{"description":"Male","count":1059,"tested":16155,"deaths":0,"color":"rgb(31,119,180)"},{"description":"Unknown/Left Blank","count":82,"tested":2848,"deaths":0,"color":"rgb(44,160,44)"}]}}]}
