{"lastUpdatedDate":{"year":2021,"month":5,"day":26},"county_demographics":[{"County":"Rock Island","confirmed_cases":15169,"total_tested":218971,"demographics":{"age":[{"race":[],"age_group":"<20","count":2172,"tested":26282,"deaths":0},{"race":[],"age_group":"20-29   ","count":2557,"tested":31681,"deaths":0},{"race":[],"age_group":"30-39   ","count":2408,"tested":33780,"deaths":0},{"race":[],"age_group":"40-49   ","count":2238,"tested":31877,"deaths":0},{"race":[],"age_group":"50-59   ","count":2131,"tested":30344,"deaths":0},{"race":[],"age_group":"60-69   ","count":1800,"tested":27591,"deaths":0},{"race":[],"age_group":"70-79   ","count":1011,"tested":17381,"deaths":0},{"race":[],"age_group":"80+","count":852,"tested":18407,"deaths":0},{"race":[],"age_group":"Unknown","count":0,"tested":1628,"deaths":0}],"race":[{"description":"AI/AN**","count":11,"tested":87,"deaths":0,"color":"rgb(31,119,180)"},{"description":"Asian","count":173,"tested":1350,"deaths":0,"color":"rgb(140,86,75)"},{"description":"Black","count":1095,"tested":12395,"deaths":0,"color":"rgb(255,127,14)"},{"description":"Hispanic","count":1379,"tested":8685,"deaths":0,"color":"rgb(214,39,40)"},{"description":"Left Blank","count":6442,"tested":118524,"deaths":0,"color":"rgb(44,160,44)"},{"description":"NH/PI*","count":13,"tested":93,"deaths":0,"color":"rgb(127,127,127)"},{"description":"Other","count":401,"tested":7151,"deaths":0,"color":"rgb(148,103,189)"},{"description":"White","count":5654,"tested":70686,"deaths":0,"color":"rgb(31,119,180)"}],"gender":[{"description":"Female","count":7960,"tested":115882,"deaths":0,"color":"rgb(255,127,14)"},{"description":"Male","count":7129,"tested":89018,"deaths":0,"color":"rgb(31,119,180)"},{"description":"Unknown/Left Blank","count":80,"tested":14071,"deaths":0,"color":"rgb(44,160,44)"}]}}]}
