{"lastUpdatedDate":{"year":2021,"month":5,"day":26},"county_demographics":[{"County":"Bond","confirmed_cases":2077,"total_tested":38804,"demographics":{"age":[{"race":[],"age_group":"<20","count":338,"tested":6417,"deaths":0},{"race":[],"age_group":"20-29   ","count":375,"tested":11529,"deaths":0},{"race":[],"age_group":"30-39   ","count":303,"tested":5098,"deaths":0},{"race":[],"age_group":"40-49   ","count":308,"tested":4421,"deaths":0},{"race":[],"age_group":"50-59   ","count":312,"tested":3895,"deaths":0},{"race":[],"age_group":"60-69   ","count":230,"tested":3355,"deaths":0},{"race":[],"age_group":"70-79   ","count":117,"tested":2047,"deaths":0},{"race":[],"age_group":"80+","count":94,"tested":1910,"deaths":0},{"race":[],"age_group":"Unknown","count":0,"tested":132,"deaths":0}],"race":[{"description":"AI/AN**","count":0,"tested":29,"deaths":0,"color":"rgb(31,119,180)"},{"description":"Asian","count":0,"tested":351,"deaths":0,"color":"rgb(140,86,75)"},{"description":"Black","count":49,"tested":1911,"deaths":0,"color":"rgb(255,127,14)"},{"description":"Hispanic","count":19,"tested":1209,"deaths":0,"color":"rgb(214,39,40)"},{"description":"Left Blank","count":1035,"tested":19023,"deaths":0,"color":"rgb(44,160,44)"},{"description":"NH/PI*","count":0,"tested":46,"deaths":0,"color":"rgb(127,127,127)"},{"description":"Other","count":23,"tested":258,"deaths":0,"color":"rgb(148,103,189)"},{"description":"White","count":935,"tested":15977,"deaths":0,"color":"rgb(31,119,180)"}],"gender":[{"description":"Female","count":980,"tested":18050,"deaths":0,"color":"rgb(255,127,14)"},{"description":"Male","count":1060,"tested":18711,"deaths":0,"color":"rgb(31,119,180)"},{"description":"Unknown/Left Blank","count":37,"tested":2043,"deaths":0,"color":"rgb(44,160,44)"}]}}]}
