{"lastUpdatedDate":{"year":2021,"month":5,"day":26},"county_demographics":[{"County":"DuPage","confirmed_cases":91623,"total_tested":1384451,"demographics":{"age":[{"race":[],"age_group":"<20","count":16656,"tested":193755,"deaths":0},{"race":[],"age_group":"20-29   ","count":15900,"tested":220612,"deaths":0},{"race":[],"age_group":"30-39   ","count":14081,"tested":193466,"deaths":0},{"race":[],"age_group":"40-49   ","count":13844,"tested":176773,"deaths":0},{"race":[],"age_group":"50-59   ","count":14130,"tested":200947,"deaths":0},{"race":[],"age_group":"60-69   ","count":9243,"tested":170856,"deaths":0},{"race":[],"age_group":"70-79   ","count":4246,"tested":101083,"deaths":0},{"race":[],"age_group":"80+","count":3517,"tested":125903,"deaths":0},{"race":[],"age_group":"Unknown","count":6,"tested":1056,"deaths":0}],"race":[{"description":"AI/AN**","count":138,"tested":1445,"deaths":0,"color":"rgb(31,119,180)"},{"description":"Asian","count":5946,"tested":69654,"deaths":0,"color":"rgb(140,86,75)"},{"description":"Black","count":3930,"tested":45111,"deaths":0,"color":"rgb(255,127,14)"},{"description":"Hispanic","count":16595,"tested":79580,"deaths":0,"color":"rgb(214,39,40)"},{"description":"Left Blank","count":17408,"tested":679924,"deaths":0,"color":"rgb(44,160,44)"},{"description":"NH/PI*","count":107,"tested":1143,"deaths":0,"color":"rgb(127,127,127)"},{"description":"Other","count":2944,"tested":41348,"deaths":0,"color":"rgb(148,103,189)"},{"description":"White","count":44555,"tested":466246,"deaths":0,"color":"rgb(31,119,180)"}],"gender":[{"description":"Female","count":46513,"tested":781864,"deaths":0,"color":"rgb(255,127,14)"},{"description":"Male","count":44471,"tested":574007,"deaths":0,"color":"rgb(31,119,180)"},{"description":"Unknown/Left Blank","count":639,"tested":28580,"deaths":0,"color":"rgb(44,160,44)"}]}}]}
