{"age":[{"age_group":"<20","count":280,"tested":2152},{"age_group":"20-29   ","count":269,"tested":2385},{"age_group":"30-39   ","count":317,"tested":3235},{"age_group":"40-49   ","count":291,"tested":2594},{"age_group":"50-59   ","count":226,"tested":2360},{"age_group":"60-69   ","count":152,"tested":1748},{"age_group":"70-79   ","count":57,"tested":942},{"age_group":"80+","count":27,"tested":362}],"race":[{"description":"White","count":740,"tested":6671,"color":"rgb(31,119,180)"},{"description":"Asian","count":63,"tested":552,"color":"rgb(140,86,75)"},{"description":"Hispanic","count":219,"tested":1137,"color":"rgb(214,39,40)"},{"description":"Black","count":43,"tested":337,"color":"rgb(255,127,14)"},{"description":"Left Blank","count":520,"tested":6794,"color":"rgb(44,160,44)"},{"description":"Other","count":30,"tested":257,"color":"rgb(148,103,189)"}],"gender":[{"description":"Female","count":826,"tested":8861,"color":"rgb(255,127,14)"},{"description":"Male","count":783,"tested":6758,"color":"rgb(31,119,180)"}]}
