{"age":[{"age_group":"<20","count":19,"tested":178},{"age_group":"20-29   ","count":24,"tested":262},{"age_group":"30-39   ","count":17,"tested":153},{"age_group":"40-49   ","count":18,"tested":167},{"age_group":"50-59   ","count":13,"tested":197},{"age_group":"60-69   ","count":15,"tested":169},{"age_group":"70-79   ","count":10,"tested":82}],"race":[{"description":"White","count":90,"tested":836,"color":"rgb(31,119,180)"},{"description":"Left Blank","count":23,"tested":348,"color":"rgb(44,160,44)"}],"gender":[{"description":"Male","count":59,"tested":534,"color":"rgb(31,119,180)"},{"description":"Female","count":60,"tested":676,"color":"rgb(255,127,14)"}]}
