{"age":[{"age_group":"<20","count":439,"tested":4031},{"age_group":"20-29   ","count":634,"tested":7212},{"age_group":"30-39   ","count":673,"tested":8257},{"age_group":"40-49   ","count":581,"tested":7450},{"age_group":"50-59   ","count":538,"tested":7559},{"age_group":"60-69   ","count":414,"tested":6999},{"age_group":"70-79   ","count":218,"tested":3081},{"age_group":"80+","count":167,"tested":1688}],"race":[{"description":"Black","count":2241,"tested":19655,"color":"rgb(255,127,14)"},{"description":"Hispanic","count":490,"tested":2341,"color":"rgb(214,39,40)"},{"description":"Asian","count":7,"tested":90,"color":"rgb(140,86,75)"},{"description":"White","count":104,"tested":1201,"color":"rgb(31,119,180)"},{"description":"Left Blank","count":731,"tested":22046,"color":"rgb(44,160,44)"},{"description":"Other","count":89,"tested":937,"color":"rgb(148,103,189)"}],"gender":[{"description":"Female","count":1942,"tested":25712,"color":"rgb(255,127,14)"},{"description":"Male","count":1617,"tested":19073,"color":"rgb(31,119,180)"},{"description":"Unknown/Left Blank","count":106,"tested":1522,"color":"rgb(44,160,44)"}]}
