{"age":[{"age_group":"<20","count":29,"tested":206},{"age_group":"20-29   ","count":30,"tested":334},{"age_group":"30-39   ","count":48,"tested":339},{"age_group":"40-49   ","count":41,"tested":307},{"age_group":"50-59   ","count":31,"tested":322},{"age_group":"60-69   ","count":31,"tested":382},{"age_group":"70-79   ","count":8,"tested":125},{"age_group":"80+","count":8,"tested":141}],"race":[{"description":"Hispanic","count":37,"tested":166,"color":"rgb(214,39,40)"},{"description":"Black","count":36,"tested":315,"color":"rgb(255,127,14)"},{"description":"Left Blank","count":79,"tested":1016,"color":"rgb(44,160,44)"},{"description":"White","count":69,"tested":620,"color":"rgb(31,119,180)"}],"gender":[{"description":"Female","count":107,"tested":1157,"color":"rgb(255,127,14)"},{"description":"Male","count":117,"tested":971,"color":"rgb(31,119,180)"}]}
