{"age":[{"age_group":"<20","count":30,"tested":340},{"age_group":"20-29   ","count":22,"tested":243},{"age_group":"30-39   ","count":20,"tested":231},{"age_group":"40-49   ","count":31,"tested":207},{"age_group":"50-59   ","count":40,"tested":338},{"age_group":"60-69   ","count":30,"tested":272},{"age_group":"70-79   ","count":19,"tested":158},{"age_group":"80+","count":43,"tested":139}],"race":[{"description":"White","count":206,"tested":1164,"color":"rgb(31,119,180)"},{"description":"Left Blank","count":16,"tested":678,"color":"rgb(44,160,44)"},{"description":"Hispanic","count":7,"tested":33,"color":"rgb(214,39,40)"}],"gender":[{"description":"Male","count":101,"tested":749,"color":"rgb(31,119,180)"},{"description":"Female","count":134,"tested":1158,"color":"rgb(255,127,14)"}]}
