{"age":[{"age_group":"<20","count":197,"tested":1650},{"age_group":"20-29   ","count":284,"tested":3064},{"age_group":"30-39   ","count":265,"tested":2705},{"age_group":"40-49   ","count":328,"tested":3538},{"age_group":"50-59   ","count":280,"tested":3700},{"age_group":"60-69   ","count":181,"tested":2967},{"age_group":"70-79   ","count":102,"tested":1697},{"age_group":"80+","count":77,"tested":1001}],"race":[{"description":"Asian","count":10,"tested":109,"color":"rgb(140,86,75)"},{"description":"Black","count":871,"tested":8904,"color":"rgb(255,127,14)"},{"description":"White","count":134,"tested":1701,"color":"rgb(31,119,180)"},{"description":"Hispanic","count":77,"tested":405,"color":"rgb(214,39,40)"},{"description":"Other","count":30,"tested":400,"color":"rgb(148,103,189)"},{"description":"Left Blank","count":588,"tested":8740,"color":"rgb(44,160,44)"}],"gender":[{"description":"Female","count":947,"tested":11991,"color":"rgb(255,127,14)"},{"description":"Male","count":732,"tested":7574,"color":"rgb(31,119,180)"},{"description":"Unknown/Left Blank","count":35,"tested":757,"color":"rgb(44,160,44)"}]}
