{"age":[{"age_group":"<20","count":159,"tested":1571},{"age_group":"20-29   ","count":197,"tested":2405},{"age_group":"30-39   ","count":197,"tested":2569},{"age_group":"40-49   ","count":166,"tested":2170},{"age_group":"50-59   ","count":158,"tested":2507},{"age_group":"60-69   ","count":109,"tested":1753},{"age_group":"70-79   ","count":89,"tested":1144},{"age_group":"80+","count":46,"tested":998}],"race":[{"description":"Left Blank","count":294,"tested":4982,"color":"rgb(44,160,44)"},{"description":"White","count":640,"tested":8177,"color":"rgb(31,119,180)"},{"description":"Hispanic","count":91,"tested":679,"color":"rgb(214,39,40)"},{"description":"Black","count":66,"tested":907,"color":"rgb(255,127,14)"},{"description":"Other","count":24,"tested":327,"color":"rgb(148,103,189)"}],"gender":[{"description":"Female","count":642,"tested":9717,"color":"rgb(255,127,14)"},{"description":"Male","count":475,"tested":5249,"color":"rgb(31,119,180)"}]}
