{"age":[{"age_group":"<20","count":8,"tested":122},{"age_group":"20-29   ","count":18,"tested":271},{"age_group":"30-39   ","count":15,"tested":159},{"age_group":"40-49   ","count":19,"tested":225},{"age_group":"50-59   ","count":12,"tested":181},{"age_group":"60-69   ","count":10,"tested":163},{"age_group":"80+","count":6,"tested":53}],"race":[{"description":"White","count":62,"tested":659,"color":"rgb(31,119,180)"},{"description":"Hispanic","count":8,"tested":47,"color":"rgb(214,39,40)"},{"description":"Left Blank","count":22,"tested":515,"color":"rgb(44,160,44)"}],"gender":[{"description":"Female","count":38,"tested":737,"color":"rgb(255,127,14)"},{"description":"Male","count":55,"tested":499,"color":"rgb(31,119,180)"}]}
