{"age":[{"age_group":"<20","count":345,"tested":3196},{"age_group":"20-29   ","count":436,"tested":4961},{"age_group":"30-39   ","count":457,"tested":4951},{"age_group":"40-49   ","count":391,"tested":4251},{"age_group":"50-59   ","count":359,"tested":4412},{"age_group":"60-69   ","count":249,"tested":3961},{"age_group":"70-79   ","count":94,"tested":1864},{"age_group":"80+","count":35,"tested":1297}],"race":[{"description":"Other","count":95,"tested":1004,"color":"rgb(148,103,189)"},{"description":"AI/AN**","count":10,"tested":30,"color":"rgb(31,119,180)"},{"description":"Black","count":183,"tested":1629,"color":"rgb(255,127,14)"},{"description":"Asian","count":155,"tested":1399,"color":"rgb(140,86,75)"},{"description":"White","count":940,"tested":8489,"color":"rgb(31,119,180)"},{"description":"Left Blank","count":605,"tested":14858,"color":"rgb(44,160,44)"},{"description":"Hispanic","count":373,"tested":1467,"color":"rgb(214,39,40)"}],"gender":[{"description":"Female","count":1223,"tested":16828,"color":"rgb(255,127,14)"},{"description":"Male","count":1134,"tested":11735,"color":"rgb(31,119,180)"},{"description":"Unknown/Left Blank","count":9,"tested":342,"color":"rgb(44,160,44)"}]}
