{"age":[{"age_group":"<20","count":671,"tested":4055},{"age_group":"20-29   ","count":825,"tested":7150},{"age_group":"30-39   ","count":726,"tested":5889},{"age_group":"40-49   ","count":724,"tested":5189},{"age_group":"50-59   ","count":676,"tested":5551},{"age_group":"60-69   ","count":405,"tested":3778},{"age_group":"70-79   ","count":143,"tested":1616},{"age_group":"80+","count":72,"tested":905}],"race":[{"description":"NH/PI*","count":13,"tested":57,"color":"rgb(127,127,127)"},{"description":"Left Blank","count":1349,"tested":19980,"color":"rgb(44,160,44)"},{"description":"AI/AN**","count":9,"tested":16,"color":"rgb(31,119,180)"},{"description":"Hispanic","count":1479,"tested":4589,"color":"rgb(214,39,40)"},{"description":"Other","count":182,"tested":1161,"color":"rgb(148,103,189)"},{"description":"White","count":655,"tested":4922,"color":"rgb(31,119,180)"},{"description":"Asian","count":390,"tested":2228,"color":"rgb(140,86,75)"},{"description":"Black","count":165,"tested":1192,"color":"rgb(255,127,14)"}],"gender":[{"description":"Male","count":2038,"tested":13981,"color":"rgb(31,119,180)"},{"description":"Female","count":2164,"tested":19256,"color":"rgb(255,127,14)"},{"description":"Unknown/Left Blank","count":40,"tested":908,"color":"rgb(44,160,44)"}]}
