{"age":[{"age_group":"<20","count":255,"tested":1553},{"age_group":"20-29   ","count":314,"tested":3297},{"age_group":"30-39   ","count":295,"tested":2805},{"age_group":"40-49   ","count":272,"tested":2830},{"age_group":"50-59   ","count":256,"tested":2991},{"age_group":"60-69   ","count":180,"tested":3295},{"age_group":"70-79   ","count":81,"tested":1634},{"age_group":"80+","count":41,"tested":941}],"race":[{"description":"Hispanic","count":328,"tested":1657,"color":"rgb(214,39,40)"},{"description":"White","count":446,"tested":3978,"color":"rgb(31,119,180)"},{"description":"Asian","count":7,"tested":122,"color":"rgb(140,86,75)"},{"description":"Black","count":98,"tested":1153,"color":"rgb(255,127,14)"},{"description":"Other","count":39,"tested":374,"color":"rgb(148,103,189)"},{"description":"Left Blank","count":773,"tested":12030,"color":"rgb(44,160,44)"}],"gender":[{"description":"Female","count":933,"tested":10981,"color":"rgb(255,127,14)"},{"description":"Male","count":743,"tested":8101,"color":"rgb(31,119,180)"},{"description":"Unknown/Left Blank","count":18,"tested":268,"color":"rgb(44,160,44)"}]}
