{"age":[{"age_group":"<20","count":167,"tested":1019},{"age_group":"20-29   ","count":170,"tested":1436},{"age_group":"30-39   ","count":209,"tested":1608},{"age_group":"40-49   ","count":147,"tested":1209},{"age_group":"50-59   ","count":161,"tested":1400},{"age_group":"60-69   ","count":133,"tested":1173},{"age_group":"70-79   ","count":28,"tested":494},{"age_group":"80+","count":23,"tested":372}],"race":[{"description":"White","count":438,"tested":3629,"color":"rgb(31,119,180)"},{"description":"Left Blank","count":211,"tested":2409,"color":"rgb(44,160,44)"},{"description":"Other","count":40,"tested":429,"color":"rgb(148,103,189)"},{"description":"Black","count":16,"tested":100,"color":"rgb(255,127,14)"},{"description":"Asian","count":20,"tested":156,"color":"rgb(140,86,75)"},{"description":"Hispanic","count":310,"tested":1964,"color":"rgb(214,39,40)"}],"gender":[{"description":"Male","count":493,"tested":3862,"color":"rgb(31,119,180)"},{"description":"Female","count":544,"tested":4744,"color":"rgb(255,127,14)"}]}
