{"age":[{"age_group":"<20","count":80,"tested":527},{"age_group":"20-29   ","count":93,"tested":692},{"age_group":"30-39   ","count":66,"tested":655},{"age_group":"40-49   ","count":87,"tested":590},{"age_group":"50-59   ","count":109,"tested":934},{"age_group":"60-69   ","count":68,"tested":633},{"age_group":"70-79   ","count":33,"tested":353},{"age_group":"80+","count":14,"tested":160}],"race":[{"description":"Other","count":7,"tested":117,"color":"rgb(148,103,189)"},{"description":"Left Blank","count":199,"tested":1573,"color":"rgb(44,160,44)"},{"description":"Hispanic","count":32,"tested":119,"color":"rgb(214,39,40)"},{"description":"White","count":308,"tested":2674,"color":"rgb(31,119,180)"}],"gender":[{"description":"Female","count":292,"tested":2584,"color":"rgb(255,127,14)"},{"description":"Male","count":256,"tested":1926,"color":"rgb(31,119,180)"}]}
