{"age":[{"age_group":"<20","count":224,"tested":1631},{"age_group":"20-29   ","count":204,"tested":1575},{"age_group":"30-39   ","count":186,"tested":1452},{"age_group":"40-49   ","count":226,"tested":1605},{"age_group":"50-59   ","count":192,"tested":1662},{"age_group":"60-69   ","count":129,"tested":1107},{"age_group":"70-79   ","count":49,"tested":629},{"age_group":"80+","count":22,"tested":293}],"race":[{"description":"Other","count":29,"tested":320,"color":"rgb(148,103,189)"},{"description":"Left Blank","count":407,"tested":3383,"color":"rgb(44,160,44)"},{"description":"Hispanic","count":82,"tested":408,"color":"rgb(214,39,40)"},{"description":"White","count":702,"tested":5676,"color":"rgb(31,119,180)"},{"description":"Black","count":6,"tested":101,"color":"rgb(255,127,14)"}],"gender":[{"description":"Female","count":636,"tested":5355,"color":"rgb(255,127,14)"},{"description":"Unknown/Left Blank","count":7,"tested":110,"color":"rgb(44,160,44)"},{"description":"Male","count":589,"tested":4489,"color":"rgb(31,119,180)"}]}
