{"age":[{"age_group":"<20","count":518,"tested":5769},{"age_group":"20-29   ","count":383,"tested":5370},{"age_group":"30-39   ","count":262,"tested":4175},{"age_group":"40-49   ","count":406,"tested":4861},{"age_group":"50-59   ","count":492,"tested":6406},{"age_group":"60-69   ","count":309,"tested":5438},{"age_group":"70-79   ","count":180,"tested":3472},{"age_group":"80+","count":149,"tested":3497}],"race":[{"description":"Hispanic","count":99,"tested":1290,"color":"rgb(214,39,40)"},{"description":"Asian","count":142,"tested":1773,"color":"rgb(140,86,75)"},{"description":"White","count":1374,"tested":16994,"color":"rgb(31,119,180)"},{"description":"Black","count":21,"tested":357,"color":"rgb(255,127,14)"},{"description":"Left Blank","count":968,"tested":17699,"color":"rgb(44,160,44)"},{"description":"Other","count":90,"tested":798,"color":"rgb(148,103,189)"}],"gender":[{"description":"Male","count":1334,"tested":16673,"color":"rgb(31,119,180)"},{"description":"Unknown/Left Blank","count":33,"tested":866,"color":"rgb(44,160,44)"},{"description":"Female","count":1332,"tested":21454,"color":"rgb(255,127,14)"}]}
