{"age":[{"age_group":"<20","count":24,"tested":373},{"age_group":"20-29   ","count":17,"tested":535},{"age_group":"30-39   ","count":21,"tested":289},{"age_group":"40-49   ","count":25,"tested":457},{"age_group":"50-59   ","count":44,"tested":502},{"age_group":"60-69   ","count":27,"tested":633},{"age_group":"70-79   ","count":24,"tested":271},{"age_group":"80+","count":23,"tested":847}],"race":[{"description":"Left Blank","count":78,"tested":3059,"color":"rgb(44,160,44)"},{"description":"White","count":123,"tested":813,"color":"rgb(31,119,180)"}],"gender":[{"description":"Male","count":85,"tested":1125,"color":"rgb(31,119,180)"},{"description":"Female","count":118,"tested":2682,"color":"rgb(255,127,14)"}]}
