{"age":[{"age_group":"<20","count":372,"tested":3954},{"age_group":"20-29   ","count":437,"tested":7345},{"age_group":"30-39   ","count":387,"tested":6884},{"age_group":"40-49   ","count":377,"tested":6603},{"age_group":"50-59   ","count":317,"tested":6618},{"age_group":"60-69   ","count":196,"tested":5291},{"age_group":"70-79   ","count":154,"tested":4842},{"age_group":"80+","count":351,"tested":11377}],"race":[{"description":"Hispanic","count":303,"tested":1787,"color":"rgb(214,39,40)"},{"description":"Asian","count":138,"tested":2742,"color":"rgb(140,86,75)"},{"description":"White","count":1355,"tested":16802,"color":"rgb(31,119,180)"},{"description":"Left Blank","count":552,"tested":28617,"color":"rgb(44,160,44)"},{"description":"Other","count":77,"tested":994,"color":"rgb(148,103,189)"},{"description":"Black","count":162,"tested":1928,"color":"rgb(255,127,14)"}],"gender":[{"description":"Unknown/Left Blank","count":12,"tested":904,"color":"rgb(44,160,44)"},{"description":"Male","count":1148,"tested":17844,"color":"rgb(31,119,180)"},{"description":"Female","count":1431,"tested":34175,"color":"rgb(255,127,14)"}]}
