{"age":[{"age_group":"<20","count":459,"tested":3259},{"age_group":"20-29   ","count":559,"tested":5204},{"age_group":"30-39   ","count":541,"tested":4758},{"age_group":"40-49   ","count":555,"tested":5236},{"age_group":"50-59   ","count":482,"tested":5557},{"age_group":"60-69   ","count":329,"tested":4478},{"age_group":"70-79   ","count":168,"tested":2678},{"age_group":"80+","count":93,"tested":1720}],"race":[{"description":"Hispanic","count":488,"tested":2296,"color":"rgb(214,39,40)"},{"description":"White","count":143,"tested":1424,"color":"rgb(31,119,180)"},{"description":"Asian","count":8,"tested":30,"color":"rgb(140,86,75)"},{"description":"Black","count":1303,"tested":13455,"color":"rgb(255,127,14)"},{"description":"Other","count":79,"tested":579,"color":"rgb(148,103,189)"},{"description":"Left Blank","count":1163,"tested":15092,"color":"rgb(44,160,44)"}],"gender":[{"description":"Male","count":1310,"tested":12165,"color":"rgb(31,119,180)"},{"description":"Unknown/Left Blank","count":55,"tested":843,"color":"rgb(44,160,44)"},{"description":"Female","count":1822,"tested":19903,"color":"rgb(255,127,14)"}]}
