{"age":[{"age_group":"<20","count":67,"tested":608},{"age_group":"20-29   ","count":83,"tested":731},{"age_group":"30-39   ","count":74,"tested":766},{"age_group":"40-49   ","count":67,"tested":629},{"age_group":"50-59   ","count":45,"tested":521},{"age_group":"60-69   ","count":21,"tested":336},{"age_group":"70-79   ","count":7,"tested":144}],"race":[{"description":"Left Blank","count":96,"tested":1736,"color":"rgb(44,160,44)"},{"description":"White","count":154,"tested":1403,"color":"rgb(31,119,180)"},{"description":"Black","count":26,"tested":188,"color":"rgb(255,127,14)"},{"description":"Hispanic","count":84,"tested":343,"color":"rgb(214,39,40)"}],"gender":[{"description":"Female","count":193,"tested":2220,"color":"rgb(255,127,14)"},{"description":"Male","count":174,"tested":1520,"color":"rgb(31,119,180)"}]}
