{"age":[{"age_group":"<20","count":40,"tested":731},{"age_group":"20-29   ","count":20,"tested":388},{"age_group":"30-39   ","count":8,"tested":207},{"age_group":"40-49   ","count":19,"tested":334},{"age_group":"50-59   ","count":33,"tested":466},{"age_group":"60-69   ","count":13,"tested":240}],"race":[{"description":"Other","count":9,"tested":205,"color":"rgb(148,103,189)"},{"description":"Left Blank","count":38,"tested":973,"color":"rgb(44,160,44)"},{"description":"White","count":85,"tested":1277,"color":"rgb(31,119,180)"}],"gender":[{"description":"Male","count":66,"tested":1221,"color":"rgb(31,119,180)"},{"description":"Female","count":73,"tested":1317,"color":"rgb(255,127,14)"}]}
