{"age":[{"age_group":"<20","count":10,"tested":159},{"age_group":"20-29   ","count":7,"tested":56},{"age_group":"30-39   ","count":15,"tested":109},{"age_group":"40-49   ","count":10,"tested":58},{"age_group":"50-59   ","count":13,"tested":110},{"age_group":"60-69   ","count":7,"tested":60},{"age_group":"70-79   ","count":7,"tested":48}],"race":[{"description":"Left Blank","count":7,"tested":221,"color":"rgb(44,160,44)"},{"description":"White","count":63,"tested":376,"color":"rgb(31,119,180)"}],"gender":[]}
