{"age":[{"age_group":"<20","count":192,"tested":1791},{"age_group":"20-29   ","count":297,"tested":3164},{"age_group":"30-39   ","count":233,"tested":3026},{"age_group":"40-49   ","count":199,"tested":2628},{"age_group":"50-59   ","count":154,"tested":2655},{"age_group":"60-69   ","count":154,"tested":2656},{"age_group":"70-79   ","count":80,"tested":2799},{"age_group":"80+","count":75,"tested":2872}],"race":[{"description":"Asian","count":27,"tested":602,"color":"rgb(140,86,75)"},{"description":"Black","count":118,"tested":3568,"color":"rgb(255,127,14)"},{"description":"Hispanic","count":155,"tested":1423,"color":"rgb(214,39,40)"},{"description":"Left Blank","count":490,"tested":8036,"color":"rgb(44,160,44)"},{"description":"Other","count":92,"tested":779,"color":"rgb(148,103,189)"},{"description":"White","count":497,"tested":7091,"color":"rgb(31,119,180)"}],"gender":[]}
