{"age":[{"age_group":"<20","count":41,"tested":441},{"age_group":"20-29   ","count":48,"tested":434},{"age_group":"30-39   ","count":29,"tested":433},{"age_group":"40-49   ","count":52,"tested":395},{"age_group":"50-59   ","count":35,"tested":289},{"age_group":"60-69   ","count":21,"tested":174},{"age_group":"70-79   ","count":8,"tested":148}],"race":[{"description":"Hispanic","count":91,"tested":413,"color":"rgb(214,39,40)"},{"description":"Left Blank","count":20,"tested":809,"color":"rgb(44,160,44)"},{"description":"White","count":123,"tested":1126,"color":"rgb(31,119,180)"}],"gender":[]}
