{"age":[{"age_group":"<20","count":30,"tested":295},{"age_group":"20-29   ","count":26,"tested":329},{"age_group":"30-39   ","count":21,"tested":325},{"age_group":"40-49   ","count":30,"tested":403},{"age_group":"50-59   ","count":13,"tested":276},{"age_group":"60-69   ","count":24,"tested":153},{"age_group":"70-79   ","count":19,"tested":133},{"age_group":"80+","count":51,"tested":404}],"race":[{"description":"Left Blank","count":63,"tested":1007,"color":"rgb(44,160,44)"},{"description":"White","count":143,"tested":1284,"color":"rgb(31,119,180)"}],"gender":[]}
