{"age":[{"age_group":"<20","count":796,"tested":12152},{"age_group":"20-29   ","count":477,"tested":8052},{"age_group":"30-39   ","count":379,"tested":8299},{"age_group":"40-49   ","count":541,"tested":9367},{"age_group":"50-59   ","count":587,"tested":10723},{"age_group":"60-69   ","count":373,"tested":7836},{"age_group":"70-79   ","count":215,"tested":5822},{"age_group":"80+","count":257,"tested":9514}],"race":[{"description":"AI/AN**","count":8,"tested":142,"color":"rgb(31,119,180)"},{"description":"Asian","count":152,"tested":3642,"color":"rgb(140,86,75)"},{"description":"Black","count":41,"tested":550,"color":"rgb(255,127,14)"},{"description":"Hispanic","count":254,"tested":2157,"color":"rgb(214,39,40)"},{"description":"Left Blank","count":899,"tested":33023,"color":"rgb(44,160,44)"},{"description":"Other","count":163,"tested":1719,"color":"rgb(148,103,189)"},{"description":"White","count":2104,"tested":30490,"color":"rgb(31,119,180)"}],"gender":[]}
