{"age":[{"age_group":"<20","count":613,"tested":6614},{"age_group":"20-29   ","count":781,"tested":9440},{"age_group":"30-39   ","count":622,"tested":7947},{"age_group":"40-49   ","count":631,"tested":7794},{"age_group":"50-59   ","count":644,"tested":7915},{"age_group":"60-69   ","count":498,"tested":7410},{"age_group":"70-79   ","count":277,"tested":5542},{"age_group":"80+","count":189,"tested":4680}],"race":[{"description":"Asian","count":83,"tested":1674,"color":"rgb(140,86,75)"},{"description":"Black","count":136,"tested":3431,"color":"rgb(255,127,14)"},{"description":"Hispanic","count":232,"tested":2026,"color":"rgb(214,39,40)"},{"description":"Left Blank","count":1588,"tested":25977,"color":"rgb(44,160,44)"},{"description":"Other","count":186,"tested":1979,"color":"rgb(148,103,189)"},{"description":"White","count":2025,"tested":22128,"color":"rgb(31,119,180)"}],"gender":[]}
