{"age":[{"age_group":"<20","count":392,"tested":4442},{"age_group":"20-29   ","count":378,"tested":4623},{"age_group":"30-39   ","count":377,"tested":5239},{"age_group":"40-49   ","count":348,"tested":5218},{"age_group":"50-59   ","count":313,"tested":5837},{"age_group":"60-69   ","count":227,"tested":5651},{"age_group":"70-79   ","count":97,"tested":3365},{"age_group":"80+","count":84,"tested":3251}],"race":[{"description":"Asian","count":11,"tested":185,"color":"rgb(140,86,75)"},{"description":"Black","count":352,"tested":4413,"color":"rgb(255,127,14)"},{"description":"Hispanic","count":263,"tested":2088,"color":"rgb(214,39,40)"},{"description":"Left Blank","count":854,"tested":21991,"color":"rgb(44,160,44)"},{"description":"Other","count":173,"tested":1771,"color":"rgb(148,103,189)"},{"description":"White","count":559,"tested":7134,"color":"rgb(31,119,180)"}],"gender":[]}
