{"age":[{"age_group":"<20","count":472,"tested":5046},{"age_group":"20-29   ","count":363,"tested":3655},{"age_group":"30-39   ","count":351,"tested":4814},{"age_group":"40-49   ","count":439,"tested":4960},{"age_group":"50-59   ","count":359,"tested":4200},{"age_group":"60-69   ","count":234,"tested":3526},{"age_group":"70-79   ","count":155,"tested":2562},{"age_group":"80+","count":92,"tested":1570}],"race":[{"description":"Asian","count":169,"tested":2360,"color":"rgb(140,86,75)"},{"description":"Black","count":47,"tested":501,"color":"rgb(255,127,14)"},{"description":"Hispanic","count":315,"tested":1962,"color":"rgb(214,39,40)"},{"description":"Left Blank","count":675,"tested":12220,"color":"rgb(44,160,44)"},{"description":"NH/PI*","count":6,"tested":47,"color":"rgb(127,127,127)"},{"description":"Other","count":90,"tested":587,"color":"rgb(148,103,189)"},{"description":"White","count":1164,"tested":12640,"color":"rgb(31,119,180)"}],"gender":[]}
