{"age":[{"age_group":"<20","count":586,"tested":5709},{"age_group":"20-29   ","count":637,"tested":7671},{"age_group":"30-39   ","count":598,"tested":8083},{"age_group":"40-49   ","count":588,"tested":7000},{"age_group":"50-59   ","count":453,"tested":7314},{"age_group":"60-69   ","count":331,"tested":5704},{"age_group":"70-79   ","count":200,"tested":2664},{"age_group":"80+","count":132,"tested":1416}],"race":[{"description":"Asian","count":6,"tested":67,"color":"rgb(140,86,75)"},{"description":"Black","count":1897,"tested":22280,"color":"rgb(255,127,14)"},{"description":"Hispanic","count":764,"tested":3687,"color":"rgb(214,39,40)"},{"description":"Left Blank","count":721,"tested":17544,"color":"rgb(44,160,44)"},{"description":"Other","count":75,"tested":921,"color":"rgb(148,103,189)"},{"description":"White","count":56,"tested":975,"color":"rgb(31,119,180)"}],"gender":[]}
