{"age":[{"age_group":"<20","count":82,"tested":1133},{"age_group":"20-29   ","count":99,"tested":1265},{"age_group":"30-39   ","count":89,"tested":1523},{"age_group":"40-49   ","count":71,"tested":1601},{"age_group":"50-59   ","count":113,"tested":3340},{"age_group":"60-69   ","count":62,"tested":2006},{"age_group":"70-79   ","count":44,"tested":857},{"age_group":"80+","count":47,"tested":2125}],"race":[{"description":"Hispanic","count":18,"tested":239,"color":"rgb(214,39,40)"},{"description":"Left Blank","count":86,"tested":3478,"color":"rgb(44,160,44)"},{"description":"Other","count":32,"tested":310,"color":"rgb(148,103,189)"},{"description":"White","count":465,"tested":9414,"color":"rgb(31,119,180)"}],"gender":[]}
