{"age":[{"age_group":"<20","count":59,"tested":484},{"age_group":"20-29   ","count":28,"tested":285},{"age_group":"30-39   ","count":39,"tested":356},{"age_group":"40-49   ","count":47,"tested":441},{"age_group":"50-59   ","count":37,"tested":445},{"age_group":"60-69   ","count":38,"tested":478},{"age_group":"70-79   ","count":25,"tested":296},{"age_group":"80+","count":7,"tested":151}],"race":[{"description":"Left Blank","count":67,"tested":905,"color":"rgb(44,160,44)"},{"description":"White","count":205,"tested":1950,"color":"rgb(31,119,180)"}],"gender":[]}
