{"age":[{"age_group":"<20","count":459,"tested":8460},{"age_group":"20-29   ","count":555,"tested":8871},{"age_group":"30-39   ","count":536,"tested":8423},{"age_group":"40-49   ","count":504,"tested":8260},{"age_group":"50-59   ","count":518,"tested":9631},{"age_group":"60-69   ","count":447,"tested":9024},{"age_group":"70-79   ","count":224,"tested":6048},{"age_group":"80+","count":178,"tested":6034}],"race":[{"description":"AI/AN**","count":20,"tested":192,"color":"rgb(31,119,180)"},{"description":"Asian","count":500,"tested":6425,"color":"rgb(140,86,75)"},{"description":"Black","count":199,"tested":2786,"color":"rgb(255,127,14)"},{"description":"Hispanic","count":317,"tested":2264,"color":"rgb(214,39,40)"},{"description":"Left Blank","count":886,"tested":33971,"color":"rgb(44,160,44)"},{"description":"NH/PI*","count":6,"tested":165,"color":"rgb(127,127,127)"},{"description":"Other","count":637,"tested":4434,"color":"rgb(148,103,189)"},{"description":"White","count":856,"tested":14527,"color":"rgb(31,119,180)"}],"gender":[]}
