{"age":[{"age_group":"<20","count":137,"tested":4003},{"age_group":"20-29   ","count":664,"tested":15336},{"age_group":"30-39   ","count":592,"tested":16882},{"age_group":"40-49   ","count":251,"tested":6931},{"age_group":"50-59   ","count":185,"tested":5453},{"age_group":"60-69   ","count":119,"tested":4042},{"age_group":"70-79   ","count":42,"tested":1803},{"age_group":"80+","count":31,"tested":741}],"race":[{"description":"Asian","count":120,"tested":5248,"color":"rgb(140,86,75)"},{"description":"Black","count":237,"tested":4851,"color":"rgb(255,127,14)"},{"description":"Hispanic","count":124,"tested":2047,"color":"rgb(214,39,40)"},{"description":"Left Blank","count":780,"tested":24763,"color":"rgb(44,160,44)"},{"description":"Other","count":114,"tested":2739,"color":"rgb(148,103,189)"},{"description":"White","count":637,"tested":15445,"color":"rgb(31,119,180)"}],"gender":[]}
