{"age":[{"age_group":"<20","count":568,"tested":5320},{"age_group":"20-29   ","count":777,"tested":8493},{"age_group":"30-39   ","count":680,"tested":7576},{"age_group":"40-49   ","count":555,"tested":6415},{"age_group":"50-59   ","count":625,"tested":7789},{"age_group":"60-69   ","count":483,"tested":6942},{"age_group":"70-79   ","count":239,"tested":3868},{"age_group":"80+","count":131,"tested":2559}],"race":[{"description":"Asian","count":79,"tested":1082,"color":"rgb(140,86,75)"},{"description":"Black","count":205,"tested":2853,"color":"rgb(255,127,14)"},{"description":"Hispanic","count":222,"tested":1819,"color":"rgb(214,39,40)"},{"description":"Left Blank","count":1455,"tested":21076,"color":"rgb(44,160,44)"},{"description":"Other","count":180,"tested":1817,"color":"rgb(148,103,189)"},{"description":"White","count":1909,"tested":20223,"color":"rgb(31,119,180)"}],"gender":[]}
