{"age":[{"age_group":"<20","count":355,"tested":2943},{"age_group":"20-29   ","count":461,"tested":4336},{"age_group":"30-39   ","count":441,"tested":4673},{"age_group":"40-49   ","count":384,"tested":3700},{"age_group":"50-59   ","count":372,"tested":3742},{"age_group":"60-69   ","count":242,"tested":3395},{"age_group":"70-79   ","count":112,"tested":1810},{"age_group":"80+","count":54,"tested":855}],"race":[{"description":"Asian","count":31,"tested":285,"color":"rgb(140,86,75)"},{"description":"Black","count":327,"tested":3797,"color":"rgb(255,127,14)"},{"description":"Hispanic","count":442,"tested":2714,"color":"rgb(214,39,40)"},{"description":"Left Blank","count":887,"tested":10882,"color":"rgb(44,160,44)"},{"description":"Other","count":81,"tested":845,"color":"rgb(148,103,189)"},{"description":"White","count":648,"tested":6871,"color":"rgb(31,119,180)"}],"gender":[]}
