{"age":[{"age_group":"<20","count":144,"tested":2092},{"age_group":"20-29   ","count":119,"tested":2018},{"age_group":"30-39   ","count":114,"tested":1684},{"age_group":"40-49   ","count":158,"tested":2291},{"age_group":"50-59   ","count":136,"tested":2741},{"age_group":"60-69   ","count":93,"tested":1963},{"age_group":"70-79   ","count":36,"tested":1209},{"age_group":"80+","count":41,"tested":1174}],"race":[{"description":"Black","count":388,"tested":5141,"color":"rgb(255,127,14)"},{"description":"Hispanic","count":24,"tested":256,"color":"rgb(214,39,40)"},{"description":"Left Blank","count":274,"tested":6798,"color":"rgb(44,160,44)"},{"description":"Other","count":16,"tested":363,"color":"rgb(148,103,189)"},{"description":"White","count":133,"tested":2492,"color":"rgb(31,119,180)"}],"gender":[]}
