{"age":[{"age_group":"<20","count":356,"tested":2908},{"age_group":"20-29   ","count":468,"tested":6846},{"age_group":"30-39   ","count":445,"tested":6766},{"age_group":"40-49   ","count":370,"tested":6578},{"age_group":"50-59   ","count":313,"tested":5802},{"age_group":"60-69   ","count":178,"tested":3785},{"age_group":"70-79   ","count":89,"tested":1692},{"age_group":"80+","count":50,"tested":804}],"race":[{"description":"AI/AN**","count":18,"tested":68,"color":"rgb(31,119,180)"},{"description":"Asian","count":8,"tested":165,"color":"rgb(140,86,75)"},{"description":"Black","count":350,"tested":4525,"color":"rgb(255,127,14)"},{"description":"Hispanic","count":677,"tested":3639,"color":"rgb(214,39,40)"},{"description":"Left Blank","count":654,"tested":18480,"color":"rgb(44,160,44)"},{"description":"Other","count":79,"tested":1484,"color":"rgb(148,103,189)"},{"description":"White","count":481,"tested":6806,"color":"rgb(31,119,180)"}],"gender":[]}
