{"age":[{"age_group":"<20","count":466,"tested":4391},{"age_group":"20-29   ","count":398,"tested":4002},{"age_group":"30-39   ","count":376,"tested":3414},{"age_group":"40-49   ","count":351,"tested":3541},{"age_group":"50-59   ","count":326,"tested":3172},{"age_group":"60-69   ","count":228,"tested":2461},{"age_group":"70-79   ","count":103,"tested":1218},{"age_group":"80+","count":45,"tested":801}],"race":[{"description":"AI/AN**","count":7,"tested":15,"color":"rgb(31,119,180)"},{"description":"Black","count":592,"tested":4581,"color":"rgb(255,127,14)"},{"description":"Hispanic","count":750,"tested":3055,"color":"rgb(214,39,40)"},{"description":"Left Blank","count":242,"tested":9393,"color":"rgb(44,160,44)"},{"description":"Other","count":39,"tested":420,"color":"rgb(148,103,189)"},{"description":"White","count":661,"tested":5455,"color":"rgb(31,119,180)"}],"gender":[]}
