{"age":[{"age_group":"<20","count":120,"tested":1756},{"age_group":"20-29   ","count":158,"tested":1881},{"age_group":"30-39   ","count":145,"tested":1482},{"age_group":"40-49   ","count":117,"tested":1544},{"age_group":"50-59   ","count":133,"tested":1924},{"age_group":"60-69   ","count":114,"tested":1524},{"age_group":"70-79   ","count":41,"tested":615},{"age_group":"80+","count":14,"tested":320}],"race":[{"description":"Black","count":12,"tested":157,"color":"rgb(255,127,14)"},{"description":"Hispanic","count":148,"tested":1049,"color":"rgb(214,39,40)"},{"description":"Left Blank","count":275,"tested":4111,"color":"rgb(44,160,44)"},{"description":"Other","count":37,"tested":325,"color":"rgb(148,103,189)"},{"description":"White","count":366,"tested":5286,"color":"rgb(31,119,180)"}],"gender":[]}
