{"age":[{"age_group":"<20","count":1652,"tested":11837},{"age_group":"20-29   ","count":1852,"tested":16371},{"age_group":"30-39   ","count":1549,"tested":12121},{"age_group":"40-49   ","count":1694,"tested":11514},{"age_group":"50-59   ","count":1258,"tested":10681},{"age_group":"60-69   ","count":667,"tested":8623},{"age_group":"70-79   ","count":321,"tested":6780},{"age_group":"80+","count":160,"tested":4575}],"race":[{"description":"AI/AN**","count":8,"tested":95,"color":"rgb(31,119,180)"},{"description":"Asian","count":44,"tested":528,"color":"rgb(140,86,75)"},{"description":"Black","count":361,"tested":4044,"color":"rgb(255,127,14)"},{"description":"Hispanic","count":5830,"tested":28860,"color":"rgb(214,39,40)"},{"description":"Left Blank","count":1904,"tested":36600,"color":"rgb(44,160,44)"},{"description":"Other","count":265,"tested":3133,"color":"rgb(148,103,189)"},{"description":"White","count":736,"tested":9218,"color":"rgb(31,119,180)"}],"gender":[]}
