{"age":[{"age_group":"<20","count":1439,"tested":12845},{"age_group":"20-29   ","count":1451,"tested":14468},{"age_group":"30-39   ","count":1276,"tested":12589},{"age_group":"40-49   ","count":1368,"tested":13275},{"age_group":"50-59   ","count":1035,"tested":11357},{"age_group":"60-69   ","count":556,"tested":6968},{"age_group":"70-79   ","count":235,"tested":4169},{"age_group":"80+","count":122,"tested":3633}],"race":[{"description":"AI/AN**","count":9,"tested":135,"color":"rgb(31,119,180)"},{"description":"Asian","count":121,"tested":2771,"color":"rgb(140,86,75)"},{"description":"Black","count":241,"tested":3181,"color":"rgb(255,127,14)"},{"description":"Hispanic","count":3417,"tested":18485,"color":"rgb(214,39,40)"},{"description":"Left Blank","count":1846,"tested":25635,"color":"rgb(44,160,44)"},{"description":"NH/PI*","count":11,"tested":281,"color":"rgb(127,127,127)"},{"description":"Other","count":277,"tested":3092,"color":"rgb(148,103,189)"},{"description":"White","count":1563,"tested":25739,"color":"rgb(31,119,180)"}],"gender":[]}
