{"age":[{"age_group":"<20","count":850,"tested":12053},{"age_group":"20-29   ","count":916,"tested":14393},{"age_group":"30-39   ","count":876,"tested":14184},{"age_group":"40-49   ","count":727,"tested":13419},{"age_group":"50-59   ","count":693,"tested":13513},{"age_group":"60-69   ","count":538,"tested":11381},{"age_group":"70-79   ","count":225,"tested":5251},{"age_group":"80+","count":166,"tested":3283}],"race":[{"description":"AI/AN**","count":10,"tested":223,"color":"rgb(31,119,180)"},{"description":"Asian","count":458,"tested":6085,"color":"rgb(140,86,75)"},{"description":"Black","count":510,"tested":7024,"color":"rgb(255,127,14)"},{"description":"Hispanic","count":958,"tested":5799,"color":"rgb(214,39,40)"},{"description":"Left Blank","count":1288,"tested":47211,"color":"rgb(44,160,44)"},{"description":"NH/PI*","count":6,"tested":121,"color":"rgb(127,127,127)"},{"description":"Other","count":478,"tested":4102,"color":"rgb(148,103,189)"},{"description":"White","count":1283,"tested":16939,"color":"rgb(31,119,180)"}],"gender":[]}
