{"age":[{"age_group":"<20","count":149,"tested":1044},{"age_group":"20-29   ","count":198,"tested":1581},{"age_group":"30-39   ","count":153,"tested":1202},{"age_group":"40-49   ","count":125,"tested":1028},{"age_group":"50-59   ","count":106,"tested":1147},{"age_group":"60-69   ","count":73,"tested":714},{"age_group":"70-79   ","count":23,"tested":367},{"age_group":"80+","count":11,"tested":179}],"race":[{"description":"Black","count":66,"tested":880,"color":"rgb(255,127,14)"},{"description":"Hispanic","count":336,"tested":1760,"color":"rgb(214,39,40)"},{"description":"Left Blank","count":302,"tested":3172,"color":"rgb(44,160,44)"},{"description":"Other","count":34,"tested":200,"color":"rgb(148,103,189)"},{"description":"White","count":96,"tested":1213,"color":"rgb(31,119,180)"}],"gender":[]}
