{"age":[{"age_group":"<20","count":565,"tested":7142},{"age_group":"20-29   ","count":457,"tested":5632},{"age_group":"30-39   ","count":493,"tested":5815},{"age_group":"40-49   ","count":460,"tested":5366},{"age_group":"50-59   ","count":370,"tested":4791},{"age_group":"60-69   ","count":218,"tested":3295},{"age_group":"70-79   ","count":115,"tested":2091},{"age_group":"80+","count":52,"tested":2223}],"race":[{"description":"Asian","count":16,"tested":392,"color":"rgb(140,86,75)"},{"description":"Black","count":138,"tested":1474,"color":"rgb(255,127,14)"},{"description":"Hispanic","count":387,"tested":2779,"color":"rgb(214,39,40)"},{"description":"Left Blank","count":647,"tested":14863,"color":"rgb(44,160,44)"},{"description":"Other","count":71,"tested":865,"color":"rgb(148,103,189)"},{"description":"White","count":1465,"tested":15952,"color":"rgb(31,119,180)"}],"gender":[]}
