{"lastUpdatedDate":{"year":2021,"month":7,"day":20},"county_demographics":[{"County":"Washington","confirmed_cases":1673,"total_tested":15456,"demographics":{"age":[{"race":[],"age_group":"<20","count":235,"tested":1975,"deaths":0},{"race":[],"age_group":"20-29   ","count":213,"tested":2274,"deaths":0},{"race":[],"age_group":"30-39   ","count":234,"tested":2481,"deaths":0},{"race":[],"age_group":"40-49   ","count":240,"tested":2461,"deaths":0},{"race":[],"age_group":"50-59   ","count":267,"tested":2217,"deaths":0},{"race":[],"age_group":"60-69   ","count":253,"tested":2166,"deaths":0},{"race":[],"age_group":"70-79   ","count":109,"tested":1134,"deaths":0},{"race":[],"age_group":"80+","count":122,"tested":745,"deaths":0},{"race":[],"age_group":"Unknown","count":0,"tested":0,"deaths":0}],"race":[{"description":"AI/AN**","count":0,"tested":0,"deaths":0,"color":"rgb(31,119,180)"},{"description":"Asian","count":0,"tested":38,"deaths":0,"color":"rgb(140,86,75)"},{"description":"Black","count":0,"tested":91,"deaths":0,"color":"rgb(255,127,14)"},{"description":"Hispanic","count":12,"tested":106,"deaths":0,"color":"rgb(214,39,40)"},{"description":"Left Blank","count":526,"tested":5175,"deaths":0,"color":"rgb(44,160,44)"},{"description":"NH/PI*","count":0,"tested":0,"deaths":0,"color":"rgb(127,127,127)"},{"description":"Other","count":18,"tested":245,"deaths":0,"color":"rgb(148,103,189)"},{"description":"White","count":1105,"tested":9793,"deaths":0,"color":"rgb(31,119,180)"}],"gender":[{"description":"Female","count":903,"tested":9061,"deaths":0,"color":"rgb(255,127,14)"},{"description":"Male","count":755,"tested":5612,"deaths":0,"color":"rgb(31,119,180)"},{"description":"Unknown/Left Blank","count":12,"tested":783,"deaths":0,"color":"rgb(44,160,44)"}]}}]}
