{"lastUpdatedDate":{"year":2021,"month":7,"day":20},"county_demographics":[{"County":"Saline","confirmed_cases":2659,"total_tested":41770,"demographics":{"age":[{"race":[],"age_group":"<20","count":434,"tested":4977,"deaths":0},{"race":[],"age_group":"20-29   ","count":382,"tested":6254,"deaths":0},{"race":[],"age_group":"30-39   ","count":375,"tested":5789,"deaths":0},{"race":[],"age_group":"40-49   ","count":341,"tested":5648,"deaths":0},{"race":[],"age_group":"50-59   ","count":362,"tested":5819,"deaths":0},{"race":[],"age_group":"60-69   ","count":325,"tested":5109,"deaths":0},{"race":[],"age_group":"70-79   ","count":250,"tested":4073,"deaths":0},{"race":[],"age_group":"80+","count":190,"tested":4099,"deaths":0},{"race":[],"age_group":"Unknown","count":0,"tested":0,"deaths":0}],"race":[{"description":"AI/AN**","count":0,"tested":12,"deaths":0,"color":"rgb(31,119,180)"},{"description":"Asian","count":0,"tested":62,"deaths":0,"color":"rgb(140,86,75)"},{"description":"Black","count":80,"tested":1153,"deaths":0,"color":"rgb(255,127,14)"},{"description":"Hispanic","count":21,"tested":165,"deaths":0,"color":"rgb(214,39,40)"},{"description":"Left Blank","count":831,"tested":21149,"deaths":0,"color":"rgb(44,160,44)"},{"description":"NH/PI*","count":0,"tested":20,"deaths":0,"color":"rgb(127,127,127)"},{"description":"Other","count":17,"tested":182,"deaths":0,"color":"rgb(148,103,189)"},{"description":"White","count":1699,"tested":19027,"deaths":0,"color":"rgb(31,119,180)"}],"gender":[{"description":"Female","count":1447,"tested":23977,"deaths":0,"color":"rgb(255,127,14)"},{"description":"Male","count":1167,"tested":15649,"deaths":0,"color":"rgb(31,119,180)"},{"description":"Unknown/Left Blank","count":41,"tested":2144,"deaths":0,"color":"rgb(44,160,44)"}]}}]}
