{"lastUpdatedDate":{"year":2021,"month":7,"day":20},"county_demographics":[{"County":"Fulton","confirmed_cases":4085,"total_tested":95447,"demographics":{"age":[{"race":[],"age_group":"<20","count":803,"tested":9724,"deaths":0},{"race":[],"age_group":"20-29   ","count":668,"tested":14848,"deaths":0},{"race":[],"age_group":"30-39   ","count":551,"tested":16390,"deaths":0},{"race":[],"age_group":"40-49   ","count":618,"tested":14533,"deaths":0},{"race":[],"age_group":"50-59   ","count":531,"tested":14259,"deaths":0},{"race":[],"age_group":"60-69   ","count":453,"tested":9870,"deaths":0},{"race":[],"age_group":"70-79   ","count":257,"tested":5529,"deaths":0},{"race":[],"age_group":"80+","count":195,"tested":6117,"deaths":0},{"race":[],"age_group":"Unknown","count":0,"tested":4177,"deaths":0}],"race":[{"description":"AI/AN**","count":0,"tested":26,"deaths":0,"color":"rgb(31,119,180)"},{"description":"Asian","count":0,"tested":41,"deaths":0,"color":"rgb(140,86,75)"},{"description":"Black","count":100,"tested":743,"deaths":0,"color":"rgb(255,127,14)"},{"description":"Hispanic","count":50,"tested":250,"deaths":0,"color":"rgb(214,39,40)"},{"description":"Left Blank","count":2704,"tested":68067,"deaths":0,"color":"rgb(44,160,44)"},{"description":"NH/PI*","count":0,"tested":0,"deaths":0,"color":"rgb(127,127,127)"},{"description":"Other","count":42,"tested":1747,"deaths":0,"color":"rgb(148,103,189)"},{"description":"White","count":1180,"tested":24568,"deaths":0,"color":"rgb(31,119,180)"}],"gender":[{"description":"Female","count":2000,"tested":46994,"deaths":0,"color":"rgb(255,127,14)"},{"description":"Male","count":1944,"tested":34500,"deaths":0,"color":"rgb(31,119,180)"},{"description":"Unknown/Left Blank","count":141,"tested":13953,"deaths":0,"color":"rgb(44,160,44)"}]}}]}
