{"lastUpdatedDate":{"year":2021,"month":7,"day":20},"county_demographics":[{"County":"Franklin","confirmed_cases":4714,"total_tested":59191,"demographics":{"age":[{"race":[],"age_group":"<20","count":666,"tested":6217,"deaths":0},{"race":[],"age_group":"20-29   ","count":695,"tested":8454,"deaths":0},{"race":[],"age_group":"30-39   ","count":613,"tested":8407,"deaths":0},{"race":[],"age_group":"40-49   ","count":681,"tested":8678,"deaths":0},{"race":[],"age_group":"50-59   ","count":747,"tested":9146,"deaths":0},{"race":[],"age_group":"60-69   ","count":618,"tested":7136,"deaths":0},{"race":[],"age_group":"70-79   ","count":440,"tested":5579,"deaths":0},{"race":[],"age_group":"80+","count":254,"tested":5555,"deaths":0},{"race":[],"age_group":"Unknown","count":0,"tested":19,"deaths":0}],"race":[{"description":"AI/AN**","count":0,"tested":12,"deaths":0,"color":"rgb(31,119,180)"},{"description":"Asian","count":0,"tested":49,"deaths":0,"color":"rgb(140,86,75)"},{"description":"Black","count":15,"tested":253,"deaths":0,"color":"rgb(255,127,14)"},{"description":"Hispanic","count":37,"tested":358,"deaths":0,"color":"rgb(214,39,40)"},{"description":"Left Blank","count":1343,"tested":22345,"deaths":0,"color":"rgb(44,160,44)"},{"description":"NH/PI*","count":0,"tested":0,"deaths":0,"color":"rgb(127,127,127)"},{"description":"Other","count":29,"tested":448,"deaths":0,"color":"rgb(148,103,189)"},{"description":"White","count":3280,"tested":35723,"deaths":0,"color":"rgb(31,119,180)"}],"gender":[{"description":"Female","count":2545,"tested":33078,"deaths":0,"color":"rgb(255,127,14)"},{"description":"Male","count":2053,"tested":20804,"deaths":0,"color":"rgb(31,119,180)"},{"description":"Unknown/Left Blank","count":115,"tested":5309,"deaths":0,"color":"rgb(44,160,44)"}]}}]}
