{"lastUpdatedDate":{"year":2021,"month":7,"day":19},"county_demographics":[{"County":"McDonough","confirmed_cases":3009,"total_tested":58191,"demographics":{"age":[{"race":[],"age_group":"<20","count":575,"tested":9086,"deaths":0},{"race":[],"age_group":"20-29   ","count":798,"tested":14086,"deaths":0},{"race":[],"age_group":"30-39   ","count":360,"tested":8029,"deaths":0},{"race":[],"age_group":"40-49   ","count":336,"tested":6281,"deaths":0},{"race":[],"age_group":"50-59   ","count":305,"tested":6397,"deaths":0},{"race":[],"age_group":"60-69   ","count":293,"tested":5871,"deaths":0},{"race":[],"age_group":"70-79   ","count":186,"tested":3814,"deaths":0},{"race":[],"age_group":"80+","count":155,"tested":4619,"deaths":0},{"race":[],"age_group":"Unknown","count":0,"tested":8,"deaths":0}],"race":[{"description":"AI/AN**","count":0,"tested":88,"deaths":0,"color":"rgb(31,119,180)"},{"description":"Asian","count":43,"tested":520,"deaths":0,"color":"rgb(140,86,75)"},{"description":"Black","count":218,"tested":3746,"deaths":0,"color":"rgb(255,127,14)"},{"description":"Hispanic","count":111,"tested":1253,"deaths":0,"color":"rgb(214,39,40)"},{"description":"Left Blank","count":293,"tested":16163,"deaths":0,"color":"rgb(44,160,44)"},{"description":"NH/PI*","count":0,"tested":47,"deaths":0,"color":"rgb(127,127,127)"},{"description":"Other","count":26,"tested":743,"deaths":0,"color":"rgb(148,103,189)"},{"description":"White","count":2300,"tested":35631,"deaths":0,"color":"rgb(31,119,180)"}],"gender":[{"description":"Female","count":1589,"tested":34819,"deaths":0,"color":"rgb(255,127,14)"},{"description":"Male","count":1388,"tested":22057,"deaths":0,"color":"rgb(31,119,180)"},{"description":"Unknown/Left Blank","count":32,"tested":1315,"deaths":0,"color":"rgb(44,160,44)"}]}}]}
