{"lastUpdatedDate":{"year":2021,"month":7,"day":19},"county_demographics":[{"County":"Piatt","confirmed_cases":1546,"total_tested":35091,"demographics":{"age":[{"race":[],"age_group":"<20","count":305,"tested":7585,"deaths":0},{"race":[],"age_group":"20-29   ","count":199,"tested":4955,"deaths":0},{"race":[],"age_group":"30-39   ","count":234,"tested":4537,"deaths":0},{"race":[],"age_group":"40-49   ","count":240,"tested":4319,"deaths":0},{"race":[],"age_group":"50-59   ","count":223,"tested":4505,"deaths":0},{"race":[],"age_group":"60-69   ","count":204,"tested":4074,"deaths":0},{"race":[],"age_group":"70-79   ","count":83,"tested":2404,"deaths":0},{"race":[],"age_group":"80+","count":58,"tested":2706,"deaths":0},{"race":[],"age_group":"Unknown","count":0,"tested":6,"deaths":0}],"race":[{"description":"AI/AN**","count":0,"tested":42,"deaths":0,"color":"rgb(31,119,180)"},{"description":"Asian","count":0,"tested":171,"deaths":0,"color":"rgb(140,86,75)"},{"description":"Black","count":11,"tested":204,"deaths":0,"color":"rgb(255,127,14)"},{"description":"Hispanic","count":10,"tested":288,"deaths":0,"color":"rgb(214,39,40)"},{"description":"Left Blank","count":257,"tested":9687,"deaths":0,"color":"rgb(44,160,44)"},{"description":"NH/PI*","count":0,"tested":9,"deaths":0,"color":"rgb(127,127,127)"},{"description":"Other","count":31,"tested":810,"deaths":0,"color":"rgb(148,103,189)"},{"description":"White","count":1233,"tested":23880,"deaths":0,"color":"rgb(31,119,180)"}],"gender":[{"description":"Female","count":803,"tested":20595,"deaths":0,"color":"rgb(255,127,14)"},{"description":"Male","count":743,"tested":13920,"deaths":0,"color":"rgb(31,119,180)"},{"description":"Unknown/Left Blank","count":0,"tested":576,"deaths":0,"color":"rgb(44,160,44)"}]}}]}
