{"lastUpdatedDate":{"year":2021,"month":7,"day":19},"county_demographics":[{"County":"Douglas","confirmed_cases":2618,"total_tested":37026,"demographics":{"age":[{"race":[],"age_group":"<20","count":540,"tested":7797,"deaths":0},{"race":[],"age_group":"20-29   ","count":402,"tested":5563,"deaths":0},{"race":[],"age_group":"30-39   ","count":355,"tested":4648,"deaths":0},{"race":[],"age_group":"40-49   ","count":368,"tested":4720,"deaths":0},{"race":[],"age_group":"50-59   ","count":354,"tested":4005,"deaths":0},{"race":[],"age_group":"60-69   ","count":317,"tested":4464,"deaths":0},{"race":[],"age_group":"70-79   ","count":149,"tested":2691,"deaths":0},{"race":[],"age_group":"80+","count":128,"tested":2982,"deaths":0},{"race":[],"age_group":"Unknown","count":0,"tested":156,"deaths":0}],"race":[{"description":"AI/AN**","count":0,"tested":19,"deaths":0,"color":"rgb(31,119,180)"},{"description":"Asian","count":10,"tested":103,"deaths":0,"color":"rgb(140,86,75)"},{"description":"Black","count":8,"tested":234,"deaths":0,"color":"rgb(255,127,14)"},{"description":"Hispanic","count":313,"tested":2030,"deaths":0,"color":"rgb(214,39,40)"},{"description":"Left Blank","count":398,"tested":6244,"deaths":0,"color":"rgb(44,160,44)"},{"description":"NH/PI*","count":0,"tested":32,"deaths":0,"color":"rgb(127,127,127)"},{"description":"Other","count":72,"tested":896,"deaths":0,"color":"rgb(148,103,189)"},{"description":"White","count":1815,"tested":27468,"deaths":0,"color":"rgb(31,119,180)"}],"gender":[{"description":"Female","count":1314,"tested":21884,"deaths":0,"color":"rgb(255,127,14)"},{"description":"Male","count":1285,"tested":14874,"deaths":0,"color":"rgb(31,119,180)"},{"description":"Unknown/Left Blank","count":16,"tested":268,"deaths":0,"color":"rgb(44,160,44)"}]}}]}
