{"lastUpdatedDate":{"year":2021,"month":7,"day":19},"county_demographics":[{"County":"Lake","confirmed_cases":68816,"total_tested":1240441,"demographics":{"age":[{"race":[],"age_group":"<20","count":13130,"tested":277437,"deaths":0},{"race":[],"age_group":"20-29   ","count":12583,"tested":185851,"deaths":0},{"race":[],"age_group":"30-39   ","count":10079,"tested":150778,"deaths":0},{"race":[],"age_group":"40-49   ","count":10743,"tested":154410,"deaths":0},{"race":[],"age_group":"50-59   ","count":10526,"tested":175032,"deaths":0},{"race":[],"age_group":"60-69   ","count":6373,"tested":136701,"deaths":0},{"race":[],"age_group":"70-79   ","count":2980,"tested":77676,"deaths":0},{"race":[],"age_group":"80+","count":2384,"tested":82141,"deaths":0},{"race":[],"age_group":"Unknown","count":18,"tested":415,"deaths":0}],"race":[{"description":"AI/AN**","count":106,"tested":1634,"deaths":0,"color":"rgb(31,119,180)"},{"description":"Asian","count":1960,"tested":49816,"deaths":0,"color":"rgb(140,86,75)"},{"description":"Black","count":3794,"tested":52826,"deaths":0,"color":"rgb(255,127,14)"},{"description":"Hispanic","count":19747,"tested":139961,"deaths":0,"color":"rgb(214,39,40)"},{"description":"Left Blank","count":16220,"tested":460560,"deaths":0,"color":"rgb(44,160,44)"},{"description":"NH/PI*","count":136,"tested":2826,"deaths":0,"color":"rgb(127,127,127)"},{"description":"Other","count":3206,"tested":41999,"deaths":0,"color":"rgb(148,103,189)"},{"description":"White","count":23647,"tested":490819,"deaths":0,"color":"rgb(31,119,180)"}],"gender":[{"description":"Female","count":34417,"tested":683318,"deaths":0,"color":"rgb(255,127,14)"},{"description":"Male","count":33635,"tested":530389,"deaths":0,"color":"rgb(31,119,180)"},{"description":"Unknown/Left Blank","count":764,"tested":26734,"deaths":0,"color":"rgb(44,160,44)"}]}}]}
