{"lastUpdatedDate":{"year":2021,"month":7,"day":19},"county_demographics":[{"County":"Pulaski","confirmed_cases":716,"total_tested":7714,"demographics":{"age":[{"race":[],"age_group":"<20","count":99,"tested":670,"deaths":0},{"race":[],"age_group":"20-29   ","count":134,"tested":1316,"deaths":0},{"race":[],"age_group":"30-39   ","count":116,"tested":1579,"deaths":0},{"race":[],"age_group":"40-49   ","count":124,"tested":1530,"deaths":0},{"race":[],"age_group":"50-59   ","count":84,"tested":1398,"deaths":0},{"race":[],"age_group":"60-69   ","count":88,"tested":733,"deaths":0},{"race":[],"age_group":"70-79   ","count":40,"tested":330,"deaths":0},{"race":[],"age_group":"80+","count":20,"tested":158,"deaths":0}],"race":[{"description":"AI/AN**","count":0,"tested":7,"deaths":0,"color":"rgb(31,119,180)"},{"description":"Asian","count":0,"tested":11,"deaths":0,"color":"rgb(140,86,75)"},{"description":"Black","count":112,"tested":1597,"deaths":0,"color":"rgb(255,127,14)"},{"description":"Hispanic","count":105,"tested":828,"deaths":0,"color":"rgb(214,39,40)"},{"description":"Left Blank","count":156,"tested":2245,"deaths":0,"color":"rgb(44,160,44)"},{"description":"NH/PI*","count":0,"tested":0,"deaths":0,"color":"rgb(127,127,127)"},{"description":"Other","count":0,"tested":136,"deaths":0,"color":"rgb(148,103,189)"},{"description":"White","count":337,"tested":2888,"deaths":0,"color":"rgb(31,119,180)"}],"gender":[{"description":"Female","count":328,"tested":3774,"deaths":0,"color":"rgb(255,127,14)"},{"description":"Male","count":359,"tested":3321,"deaths":0,"color":"rgb(31,119,180)"},{"description":"Unknown/Left Blank","count":29,"tested":619,"deaths":0,"color":"rgb(44,160,44)"}]}}]}
