{"lastUpdatedDate":{"year":2021,"month":7,"day":19},"county_demographics":[{"County":"Winnebago","confirmed_cases":34433,"total_tested":463893,"demographics":{"age":[{"race":[],"age_group":"<20","count":6099,"tested":72265,"deaths":0},{"race":[],"age_group":"20-29   ","count":6133,"tested":76710,"deaths":0},{"race":[],"age_group":"30-39   ","count":5378,"tested":67774,"deaths":0},{"race":[],"age_group":"40-49   ","count":5150,"tested":60898,"deaths":0},{"race":[],"age_group":"50-59   ","count":4828,"tested":64967,"deaths":0},{"race":[],"age_group":"60-69   ","count":3527,"tested":52456,"deaths":0},{"race":[],"age_group":"70-79   ","count":1957,"tested":33263,"deaths":0},{"race":[],"age_group":"80+","count":1352,"tested":35391,"deaths":0},{"race":[],"age_group":"Unknown","count":8,"tested":169,"deaths":0}],"race":[{"description":"AI/AN**","count":40,"tested":446,"deaths":0,"color":"rgb(31,119,180)"},{"description":"Asian","count":679,"tested":5664,"deaths":0,"color":"rgb(140,86,75)"},{"description":"Black","count":4320,"tested":38633,"deaths":0,"color":"rgb(255,127,14)"},{"description":"Hispanic","count":6064,"tested":28448,"deaths":0,"color":"rgb(214,39,40)"},{"description":"Left Blank","count":3206,"tested":200713,"deaths":0,"color":"rgb(44,160,44)"},{"description":"NH/PI*","count":21,"tested":348,"deaths":0,"color":"rgb(127,127,127)"},{"description":"Other","count":539,"tested":10028,"deaths":0,"color":"rgb(148,103,189)"},{"description":"White","count":19562,"tested":179613,"deaths":0,"color":"rgb(31,119,180)"}],"gender":[{"description":"Female","count":18422,"tested":273001,"deaths":0,"color":"rgb(255,127,14)"},{"description":"Male","count":15872,"tested":183118,"deaths":0,"color":"rgb(31,119,180)"},{"description":"Unknown/Left Blank","count":139,"tested":7774,"deaths":0,"color":"rgb(44,160,44)"}]}}]}
