{"lastUpdatedDate":{"year":2021,"month":7,"day":19},"county_demographics":[{"County":"Alexander","confirmed_cases":479,"total_tested":6574,"demographics":{"age":[{"race":[],"age_group":"<20","count":42,"tested":451,"deaths":0},{"race":[],"age_group":"20-29   ","count":47,"tested":938,"deaths":0},{"race":[],"age_group":"30-39   ","count":76,"tested":916,"deaths":0},{"race":[],"age_group":"40-49   ","count":55,"tested":1078,"deaths":0},{"race":[],"age_group":"50-59   ","count":81,"tested":1452,"deaths":0},{"race":[],"age_group":"60-69   ","count":86,"tested":1117,"deaths":0},{"race":[],"age_group":"70-79   ","count":57,"tested":385,"deaths":0},{"race":[],"age_group":"80+","count":16,"tested":237,"deaths":0},{"race":[],"age_group":"Unknown","count":0,"tested":0,"deaths":0}],"race":[{"description":"AI/AN**","count":0,"tested":0,"deaths":0,"color":"rgb(31,119,180)"},{"description":"Asian","count":0,"tested":0,"deaths":0,"color":"rgb(140,86,75)"},{"description":"Black","count":130,"tested":1619,"deaths":0,"color":"rgb(255,127,14)"},{"description":"Hispanic","count":0,"tested":21,"deaths":0,"color":"rgb(214,39,40)"},{"description":"Left Blank","count":137,"tested":2558,"deaths":0,"color":"rgb(44,160,44)"},{"description":"NH/PI*","count":0,"tested":0,"deaths":0,"color":"rgb(127,127,127)"},{"description":"Other","count":0,"tested":36,"deaths":0,"color":"rgb(148,103,189)"},{"description":"White","count":207,"tested":2334,"deaths":0,"color":"rgb(31,119,180)"}],"gender":[{"description":"Female","count":282,"tested":3860,"deaths":0,"color":"rgb(255,127,14)"},{"description":"Male","count":189,"tested":2163,"deaths":0,"color":"rgb(31,119,180)"},{"description":"Unknown/Left Blank","count":8,"tested":551,"deaths":0,"color":"rgb(44,160,44)"}]}}]}
