{"lastUpdatedDate":{"year":2021,"month":5,"day":7},"county_demographics":[{"County":"Kankakee","confirmed_cases":14040,"total_tested":232313,"demographics":{"age":[{"race":[],"age_group":"<20","count":2164,"tested":19478,"deaths":0},{"race":[],"age_group":"20-29   ","count":2484,"tested":34381,"deaths":0},{"race":[],"age_group":"30-39   ","count":2156,"tested":34427,"deaths":0},{"race":[],"age_group":"40-49   ","count":2105,"tested":34520,"deaths":0},{"race":[],"age_group":"50-59   ","count":2113,"tested":39135,"deaths":0},{"race":[],"age_group":"60-69   ","count":1543,"tested":31775,"deaths":0},{"race":[],"age_group":"70-79   ","count":864,"tested":19823,"deaths":0},{"race":[],"age_group":"80+","count":608,"tested":18701,"deaths":0},{"race":[],"age_group":"Unknown","count":0,"tested":73,"deaths":0}],"race":[{"description":"AI/AN**","count":0,"tested":111,"deaths":0,"color":"rgb(31,119,180)"},{"description":"Asian","count":63,"tested":1426,"deaths":0,"color":"rgb(140,86,75)"},{"description":"Black","count":1851,"tested":41156,"deaths":0,"color":"rgb(255,127,14)"},{"description":"Hispanic","count":1310,"tested":8809,"deaths":0,"color":"rgb(214,39,40)"},{"description":"Left Blank","count":3269,"tested":54606,"deaths":0,"color":"rgb(44,160,44)"},{"description":"NH/PI*","count":0,"tested":311,"deaths":0,"color":"rgb(127,127,127)"},{"description":"Other","count":364,"tested":5999,"deaths":0,"color":"rgb(148,103,189)"},{"description":"White","count":7171,"tested":119895,"deaths":0,"color":"rgb(31,119,180)"}],"gender":[{"description":"Female","count":7440,"tested":136421,"deaths":0,"color":"rgb(255,127,14)"},{"description":"Male","count":6555,"tested":91479,"deaths":0,"color":"rgb(31,119,180)"},{"description":"Unknown/Left Blank","count":45,"tested":4413,"deaths":0,"color":"rgb(44,160,44)"}]}}]}
