{"lastUpdatedDate":{"year":2021,"month":5,"day":7},"county_demographics":[{"County":"Unassigned","confirmed_cases":102,"total_tested":128837,"demographics":{"age":[{"race":[],"age_group":"<20","count":14,"tested":14028,"deaths":0},{"race":[],"age_group":"20-29   ","count":16,"tested":21428,"deaths":0},{"race":[],"age_group":"30-39   ","count":14,"tested":20250,"deaths":0},{"race":[],"age_group":"40-49   ","count":9,"tested":19213,"deaths":0},{"race":[],"age_group":"50-59   ","count":12,"tested":19108,"deaths":0},{"race":[],"age_group":"60-69   ","count":10,"tested":15247,"deaths":0},{"race":[],"age_group":"70-79   ","count":6,"tested":9141,"deaths":0},{"race":[],"age_group":"80+","count":7,"tested":9760,"deaths":0},{"race":[],"age_group":"Unknown","count":0,"tested":662,"deaths":0}],"race":[{"description":"AI/AN**","count":0,"tested":131,"deaths":0,"color":"rgb(31,119,180)"},{"description":"Asian","count":0,"tested":2870,"deaths":0,"color":"rgb(140,86,75)"},{"description":"Black","count":0,"tested":9438,"deaths":0,"color":"rgb(255,127,14)"},{"description":"Hispanic","count":0,"tested":5493,"deaths":0,"color":"rgb(214,39,40)"},{"description":"Left Blank","count":55,"tested":75497,"deaths":0,"color":"rgb(44,160,44)"},{"description":"NH/PI*","count":0,"tested":50,"deaths":0,"color":"rgb(127,127,127)"},{"description":"Other","count":0,"tested":1597,"deaths":0,"color":"rgb(148,103,189)"},{"description":"White","count":42,"tested":33761,"deaths":0,"color":"rgb(31,119,180)"}],"gender":[{"description":"Female","count":34,"tested":68785,"deaths":0,"color":"rgb(255,127,14)"},{"description":"Male","count":54,"tested":52814,"deaths":0,"color":"rgb(31,119,180)"},{"description":"Unknown/Left Blank","count":12,"tested":7238,"deaths":0,"color":"rgb(44,160,44)"}]}}]}
