{"lastUpdatedDate":{"year":2021,"month":5,"day":7},"county_demographics":[{"County":"Randolph","confirmed_cases":4126,"total_tested":59777,"demographics":{"age":[{"race":[],"age_group":"<20","count":612,"tested":5500,"deaths":0},{"race":[],"age_group":"20-29   ","count":667,"tested":9051,"deaths":0},{"race":[],"age_group":"30-39   ","count":648,"tested":10664,"deaths":0},{"race":[],"age_group":"40-49   ","count":623,"tested":10472,"deaths":0},{"race":[],"age_group":"50-59   ","count":574,"tested":8541,"deaths":0},{"race":[],"age_group":"60-69   ","count":467,"tested":5891,"deaths":0},{"race":[],"age_group":"70-79   ","count":250,"tested":3418,"deaths":0},{"race":[],"age_group":"80+","count":285,"tested":6210,"deaths":0},{"race":[],"age_group":"Unknown","count":0,"tested":30,"deaths":0}],"race":[{"description":"AI/AN**","count":0,"tested":6,"deaths":0,"color":"rgb(31,119,180)"},{"description":"Asian","count":0,"tested":55,"deaths":0,"color":"rgb(140,86,75)"},{"description":"Black","count":212,"tested":2547,"deaths":0,"color":"rgb(255,127,14)"},{"description":"Hispanic","count":137,"tested":517,"deaths":0,"color":"rgb(214,39,40)"},{"description":"Left Blank","count":1359,"tested":26997,"deaths":0,"color":"rgb(44,160,44)"},{"description":"NH/PI*","count":0,"tested":19,"deaths":0,"color":"rgb(127,127,127)"},{"description":"Other","count":14,"tested":391,"deaths":0,"color":"rgb(148,103,189)"},{"description":"White","count":2400,"tested":29245,"deaths":0,"color":"rgb(31,119,180)"}],"gender":[{"description":"Female","count":2111,"tested":31752,"deaths":0,"color":"rgb(255,127,14)"},{"description":"Male","count":1912,"tested":22470,"deaths":0,"color":"rgb(31,119,180)"},{"description":"Unknown/Left Blank","count":103,"tested":5555,"deaths":0,"color":"rgb(44,160,44)"}]}}]}
