{"lastUpdatedDate":{"year":2021,"month":5,"day":7},"county_demographics":[{"County":"Carroll","confirmed_cases":1742,"total_tested":21432,"demographics":{"age":[{"race":[],"age_group":"<20","count":224,"tested":1988,"deaths":0},{"race":[],"age_group":"20-29   ","count":204,"tested":2614,"deaths":0},{"race":[],"age_group":"30-39   ","count":348,"tested":3849,"deaths":0},{"race":[],"age_group":"40-49   ","count":267,"tested":3106,"deaths":0},{"race":[],"age_group":"50-59   ","count":255,"tested":3008,"deaths":0},{"race":[],"age_group":"60-69   ","count":198,"tested":2575,"deaths":0},{"race":[],"age_group":"70-79   ","count":128,"tested":1600,"deaths":0},{"race":[],"age_group":"80+","count":110,"tested":2690,"deaths":0},{"race":[],"age_group":"Unknown","count":0,"tested":0,"deaths":0}],"race":[{"description":"AI/AN**","count":7,"tested":8,"deaths":0,"color":"rgb(31,119,180)"},{"description":"Asian","count":0,"tested":91,"deaths":0,"color":"rgb(140,86,75)"},{"description":"Black","count":89,"tested":107,"deaths":0,"color":"rgb(255,127,14)"},{"description":"Hispanic","count":31,"tested":100,"deaths":0,"color":"rgb(214,39,40)"},{"description":"Left Blank","count":627,"tested":12556,"deaths":0,"color":"rgb(44,160,44)"},{"description":"NH/PI*","count":0,"tested":0,"deaths":0,"color":"rgb(127,127,127)"},{"description":"Other","count":17,"tested":175,"deaths":0,"color":"rgb(148,103,189)"},{"description":"White","count":962,"tested":8393,"deaths":0,"color":"rgb(31,119,180)"}],"gender":[{"description":"Female","count":801,"tested":11273,"deaths":0,"color":"rgb(255,127,14)"},{"description":"Male","count":934,"tested":9614,"deaths":0,"color":"rgb(31,119,180)"},{"description":"Unknown/Left Blank","count":6,"tested":545,"deaths":0,"color":"rgb(44,160,44)"}]}}]}
