{"lastUpdatedDate":{"year":2021,"month":5,"day":7},"county_demographics":[{"County":"Lee","confirmed_cases":4128,"total_tested":94094,"demographics":{"age":[{"race":[],"age_group":"<20","count":542,"tested":4706,"deaths":0},{"race":[],"age_group":"20-29   ","count":677,"tested":15244,"deaths":0},{"race":[],"age_group":"30-39   ","count":612,"tested":20185,"deaths":0},{"race":[],"age_group":"40-49   ","count":648,"tested":19441,"deaths":0},{"race":[],"age_group":"50-59   ","count":673,"tested":14667,"deaths":0},{"race":[],"age_group":"60-69   ","count":495,"tested":8935,"deaths":0},{"race":[],"age_group":"70-79   ","count":262,"tested":3666,"deaths":0},{"race":[],"age_group":"80+","count":203,"tested":4960,"deaths":0},{"race":[],"age_group":"Unknown","count":15,"tested":2290,"deaths":0}],"race":[{"description":"AI/AN**","count":0,"tested":13,"deaths":0,"color":"rgb(31,119,180)"},{"description":"Asian","count":17,"tested":172,"deaths":0,"color":"rgb(140,86,75)"},{"description":"Black","count":160,"tested":1572,"deaths":0,"color":"rgb(255,127,14)"},{"description":"Hispanic","count":121,"tested":869,"deaths":0,"color":"rgb(214,39,40)"},{"description":"Left Blank","count":1265,"tested":69590,"deaths":0,"color":"rgb(44,160,44)"},{"description":"NH/PI*","count":0,"tested":7,"deaths":0,"color":"rgb(127,127,127)"},{"description":"Other","count":92,"tested":694,"deaths":0,"color":"rgb(148,103,189)"},{"description":"White","count":2467,"tested":21177,"deaths":0,"color":"rgb(31,119,180)"}],"gender":[{"description":"Female","count":1901,"tested":22367,"deaths":0,"color":"rgb(255,127,14)"},{"description":"Male","count":2087,"tested":41935,"deaths":0,"color":"rgb(31,119,180)"},{"description":"Unknown/Left Blank","count":136,"tested":29792,"deaths":0,"color":"rgb(44,160,44)"}]}}]}
