{"lastUpdatedDate":{"year":2021,"month":9,"day":7},"county_demographics":[{"County":"Kane","confirmed_cases":64255,"total_tested":849787,"demographics":{"age":[{"race":[],"age_group":"30-39   ","count":10124,"tested":123283,"deaths":0},{"race":[],"age_group":"80+","count":1835,"tested":53894,"deaths":0},{"race":[],"age_group":"40-49   ","count":10518,"tested":114662,"deaths":0},{"race":[],"age_group":"70-79   ","count":2670,"tested":59447,"deaths":0},{"race":[],"age_group":"<20","count":12180,"tested":136674,"deaths":0},{"race":[],"age_group":"20-29   ","count":11661,"tested":144502,"deaths":0},{"race":[],"age_group":"60-69   ","count":5619,"tested":93562,"deaths":0},{"race":[],"age_group":"Unknown","count":26,"tested":557,"deaths":0},{"race":[],"age_group":"50-59   ","count":9622,"tested":123206,"deaths":0}],"race":[{"description":"AI/AN**","count":70,"tested":761,"deaths":0,"color":"rgb(31,119,180)"},{"description":"Asian","count":1430,"tested":24354,"deaths":0,"color":"rgb(140,86,75)"},{"description":"Black","count":2578,"tested":35691,"deaths":0,"color":"rgb(255,127,14)"},{"description":"Hispanic","count":20466,"tested":123691,"deaths":0,"color":"rgb(214,39,40)"},{"description":"Left Blank","count":15412,"tested":360740,"deaths":0,"color":"rgb(44,160,44)"},{"description":"NH/PI*","count":51,"tested":745,"deaths":0,"color":"rgb(127,127,127)"},{"description":"Other","count":1651,"tested":21534,"deaths":0,"color":"rgb(148,103,189)"},{"description":"White","count":22597,"tested":282271,"deaths":0,"color":"rgb(31,119,180)"}],"gender":[{"description":"Female","count":32876,"tested":471004,"deaths":0,"color":"rgb(255,127,14)"},{"description":"Male","count":31021,"tested":355545,"deaths":0,"color":"rgb(31,119,180)"},{"description":"Unknown/Left Blank","count":358,"tested":23238,"deaths":0,"color":"rgb(44,160,44)"}]}}]}
