{"lastUpdatedDate":{"year":2021,"month":9,"day":7},"county_demographics":[{"County":"Menard","confirmed_cases":1490,"total_tested":24941,"demographics":{"age":[{"race":[],"age_group":"<20","count":263,"tested":4349,"deaths":0},{"race":[],"age_group":"Unknown","count":0,"tested":0,"deaths":0},{"race":[],"age_group":"50-59   ","count":245,"tested":3419,"deaths":0},{"race":[],"age_group":"70-79   ","count":102,"tested":1978,"deaths":0},{"race":[],"age_group":"60-69   ","count":156,"tested":2738,"deaths":0},{"race":[],"age_group":"40-49   ","count":214,"tested":3457,"deaths":0},{"race":[],"age_group":"80+","count":99,"tested":1859,"deaths":0},{"race":[],"age_group":"30-39   ","count":190,"tested":3797,"deaths":0},{"race":[],"age_group":"20-29   ","count":221,"tested":3343,"deaths":0}],"race":[{"description":"AI/AN**","count":0,"tested":28,"deaths":0,"color":"rgb(31,119,180)"},{"description":"Asian","count":0,"tested":24,"deaths":0,"color":"rgb(140,86,75)"},{"description":"Black","count":0,"tested":140,"deaths":0,"color":"rgb(255,127,14)"},{"description":"Hispanic","count":9,"tested":157,"deaths":0,"color":"rgb(214,39,40)"},{"description":"Left Blank","count":515,"tested":8444,"deaths":0,"color":"rgb(44,160,44)"},{"description":"NH/PI*","count":0,"tested":0,"deaths":0,"color":"rgb(127,127,127)"},{"description":"Other","count":0,"tested":241,"deaths":0,"color":"rgb(148,103,189)"},{"description":"White","count":941,"tested":15903,"deaths":0,"color":"rgb(31,119,180)"}],"gender":[{"description":"Female","count":749,"tested":14344,"deaths":0,"color":"rgb(255,127,14)"},{"description":"Male","count":653,"tested":9663,"deaths":0,"color":"rgb(31,119,180)"},{"description":"Unknown/Left Blank","count":88,"tested":934,"deaths":0,"color":"rgb(44,160,44)"}]}}]}
