{"lastUpdatedDate":{"year":2021,"month":9,"day":7},"county_demographics":[{"County":"Bureau","confirmed_cases":4136,"total_tested":58759,"demographics":{"age":[{"race":[],"age_group":"<20","count":603,"tested":7049,"deaths":0},{"race":[],"age_group":"60-69   ","count":487,"tested":7322,"deaths":0},{"race":[],"age_group":"Unknown","count":0,"tested":0,"deaths":0},{"race":[],"age_group":"80+","count":261,"tested":4697,"deaths":0},{"race":[],"age_group":"20-29   ","count":585,"tested":8489,"deaths":0},{"race":[],"age_group":"70-79   ","count":306,"tested":3992,"deaths":0},{"race":[],"age_group":"40-49   ","count":617,"tested":8224,"deaths":0},{"race":[],"age_group":"50-59   ","count":673,"tested":9846,"deaths":0},{"race":[],"age_group":"30-39   ","count":604,"tested":9137,"deaths":0}],"race":[{"description":"AI/AN**","count":0,"tested":12,"deaths":0,"color":"rgb(31,119,180)"},{"description":"Asian","count":7,"tested":307,"deaths":0,"color":"rgb(140,86,75)"},{"description":"Black","count":22,"tested":273,"deaths":0,"color":"rgb(255,127,14)"},{"description":"Hispanic","count":277,"tested":1733,"deaths":0,"color":"rgb(214,39,40)"},{"description":"Left Blank","count":1558,"tested":30324,"deaths":0,"color":"rgb(44,160,44)"},{"description":"NH/PI*","count":0,"tested":167,"deaths":0,"color":"rgb(127,127,127)"},{"description":"Other","count":96,"tested":528,"deaths":0,"color":"rgb(148,103,189)"},{"description":"White","count":2170,"tested":25415,"deaths":0,"color":"rgb(31,119,180)"}],"gender":[{"description":"Female","count":2157,"tested":35300,"deaths":0,"color":"rgb(255,127,14)"},{"description":"Male","count":1901,"tested":17215,"deaths":0,"color":"rgb(31,119,180)"},{"description":"Unknown/Left Blank","count":78,"tested":6244,"deaths":0,"color":"rgb(44,160,44)"}]}}]}
