{"lastUpdatedDate":{"year":2021,"month":9,"day":7},"county_demographics":[{"County":"Bond","confirmed_cases":2353,"total_tested":43714,"demographics":{"age":[{"race":[],"age_group":"30-39   ","count":345,"tested":6099,"deaths":0},{"race":[],"age_group":"40-49   ","count":349,"tested":5137,"deaths":0},{"race":[],"age_group":"80+","count":97,"tested":2185,"deaths":0},{"race":[],"age_group":"20-29   ","count":408,"tested":12384,"deaths":0},{"race":[],"age_group":"70-79   ","count":128,"tested":2341,"deaths":0},{"race":[],"age_group":"<20","count":423,"tested":7216,"deaths":0},{"race":[],"age_group":"50-59   ","count":343,"tested":4405,"deaths":0},{"race":[],"age_group":"60-69   ","count":260,"tested":3814,"deaths":0},{"race":[],"age_group":"Unknown","count":0,"tested":133,"deaths":0}],"race":[{"description":"AI/AN**","count":0,"tested":31,"deaths":0,"color":"rgb(31,119,180)"},{"description":"Asian","count":0,"tested":360,"deaths":0,"color":"rgb(140,86,75)"},{"description":"Black","count":55,"tested":2010,"deaths":0,"color":"rgb(255,127,14)"},{"description":"Hispanic","count":18,"tested":1272,"deaths":0,"color":"rgb(214,39,40)"},{"description":"Left Blank","count":1111,"tested":21592,"deaths":0,"color":"rgb(44,160,44)"},{"description":"NH/PI*","count":0,"tested":52,"deaths":0,"color":"rgb(127,127,127)"},{"description":"Other","count":31,"tested":293,"deaths":0,"color":"rgb(148,103,189)"},{"description":"White","count":1125,"tested":18104,"deaths":0,"color":"rgb(31,119,180)"}],"gender":[{"description":"Female","count":1127,"tested":20724,"deaths":0,"color":"rgb(255,127,14)"},{"description":"Male","count":1194,"tested":20885,"deaths":0,"color":"rgb(31,119,180)"},{"description":"Unknown/Left Blank","count":32,"tested":2105,"deaths":0,"color":"rgb(44,160,44)"}]}}]}
