{"lastUpdatedDate":{"year":2021,"month":9,"day":7},"county_demographics":[{"County":"Illinois","confirmed_cases":1550375,"total_tested":29481168,"demographics":{"age":[{"race":[{"description":"AI/AN**","count":363,"tested":5530,"deaths":0,"color":"rgb(31,119,180)"},{"description":"Asian","count":5721,"tested":261423,"deaths":0,"color":"rgb(140,86,75)"},{"description":"Black","count":26641,"tested":334247,"deaths":12,"color":"rgb(255,127,14)"},{"description":"Hispanic","count":54457,"tested":480561,"deaths":6,"color":"rgb(214,39,40)"},{"description":"Left Blank","count":63746,"tested":1299356,"deaths":0,"color":"rgb(44,160,44)"},{"description":"NH/PI*","count":225,"tested":5466,"deaths":0,"color":"rgb(127,127,127)"},{"description":"Other","count":10151,"tested":172153,"deaths":0,"color":"rgb(148,103,189)"},{"description":"White","count":106938,"tested":1649881,"deaths":6,"color":"rgb(31,119,180)"}],"age_group":"<20","count":268242,"tested":4208617,"deaths":24},{"race":[{"description":"AI/AN**","count":359,"tested":7549,"deaths":0,"color":"rgb(31,119,180)"},{"description":"Asian","count":7210,"tested":519674,"deaths":0,"color":"rgb(140,86,75)"},{"description":"Black","count":31272,"tested":475115,"deaths":33,"color":"rgb(255,127,14)"},{"description":"Hispanic","count":55598,"tested":564380,"deaths":37,"color":"rgb(214,39,40)"},{"description":"Left Blank","count":71645,"tested":2004514,"deaths":0,"color":"rgb(44,160,44)"},{"description":"NH/PI*","count":272,"tested":8176,"deaths":0,"color":"rgb(127,127,127)"},{"description":"Other","count":10052,"tested":196258,"deaths":0,"color":"rgb(148,103,189)"},{"description":"White","count":107360,"tested":2008230,"deaths":16,"color":"rgb(31,119,180)"}],"age_group":"20-29   ","count":283768,"tested":5783896,"deaths":89},{"race":[{"description":"AI/AN**","count":357,"tested":5482,"deaths":0,"color":"rgb(31,119,180)"},{"description":"Asian","count":6414,"tested":178369,"deaths":10,"color":"rgb(140,86,75)"},{"description":"Black","count":28884,"tested":379355,"deaths":106,"color":"rgb(255,127,14)"},{"description":"Hispanic","count":48250,"tested":338499,"deaths":129,"color":"rgb(214,39,40)"},{"description":"Left Blank","count":64331,"tested":1949257,"deaths":0,"color":"rgb(44,160,44)"},{"description":"NH/PI*","count":277,"tested":5048,"deaths":0,"color":"rgb(127,127,127)"},{"description":"Other","count":9216,"tested":138452,"deaths":0,"color":"rgb(148,103,189)"},{"description":"White","count":94041,"tested":1359739,"deaths":57,"color":"rgb(31,119,180)"}],"age_group":"30-39   ","count":251770,"tested":4354201,"deaths":303},{"race":[{"description":"AI/AN**","count":312,"tested":4676,"deaths":0,"color":"rgb(31,119,180)"},{"description":"Asian","count":5825,"tested":119200,"deaths":26,"color":"rgb(140,86,75)"},{"description":"Black","count":24598,"tested":343301,"deaths":216,"color":"rgb(255,127,14)"},{"description":"Hispanic","count":47700,"tested":284060,"deaths":315,"color":"rgb(214,39,40)"},{"description":"Left Blank","count":57838,"tested":1691040,"deaths":8,"color":"rgb(44,160,44)"},{"description":"NH/PI*","count":244,"tested":4429,"deaths":0,"color":"rgb(127,127,127)"},{"description":"Other","count":8068,"tested":109042,"deaths":0,"color":"rgb(148,103,189)"},{"description":"White","count":88910,"tested":1140812,"deaths":175,"color":"rgb(31,119,180)"}],"age_group":"40-49   ","count":233495,"tested":3696560,"deaths":743},{"race":[{"description":"AI/AN**","count":294,"tested":4486,"deaths":0,"color":"rgb(31,119,180)"},{"description":"Asian","count":4899,"tested":98015,"deaths":58,"color":"rgb(140,86,75)"},{"description":"Black","count":22358,"tested":349060,"deaths":500,"color":"rgb(255,127,14)"},{"description":"Hispanic","count":33286,"tested":216656,"deaths":612,"color":"rgb(214,39,40)"},{"description":"Left Blank","count":53924,"tested":1649088,"deaths":16,"color":"rgb(44,160,44)"},{"description":"NH/PI*","count":226,"tested":4231,"deaths":0,"color":"rgb(127,127,127)"},{"description":"Other","count":7074,"tested":99249,"deaths":6,"color":"rgb(148,103,189)"},{"description":"White","count":98256,"tested":1334365,"deaths":643,"color":"rgb(31,119,180)"}],"age_group":"50-59   ","count":220317,"tested":3755150,"deaths":1839},{"race":[{"description":"AI/AN**","count":190,"tested":2854,"deaths":11,"color":"rgb(31,119,180)"},{"description":"Asian","count":3496,"tested":62938,"deaths":132,"color":"rgb(140,86,75)"},{"description":"Black","count":16138,"tested":280376,"deaths":1040,"color":"rgb(255,127,14)"},{"description":"Hispanic","count":16886,"tested":124419,"deaths":912,"color":"rgb(214,39,40)"},{"description":"Left Blank","count":35943,"tested":1264112,"deaths":41,"color":"rgb(44,160,44)"},{"description":"NH/PI*","count":148,"tested":2306,"deaths":6,"color":"rgb(127,127,127)"},{"description":"Other","count":4380,"tested":73383,"deaths":22,"color":"rgb(148,103,189)"},{"description":"White","count":76585,"tested":1169428,"deaths":1834,"color":"rgb(31,119,180)"}],"age_group":"60-69   ","count":153766,"tested":2979816,"deaths":3998},{"race":[{"description":"AI/AN**","count":107,"tested":1493,"deaths":6,"color":"rgb(31,119,180)"},{"description":"Asian","count":1898,"tested":29601,"deaths":235,"color":"rgb(140,86,75)"},{"description":"Black","count":8308,"tested":137586,"deaths":1153,"color":"rgb(255,127,14)"},{"description":"Hispanic","count":6834,"tested":54209,"deaths":868,"color":"rgb(214,39,40)"},{"description":"Left Blank","count":16360,"tested":683873,"deaths":51,"color":"rgb(44,160,44)"},{"description":"NH/PI*","count":59,"tested":964,"deaths":8,"color":"rgb(127,127,127)"},{"description":"Other","count":1942,"tested":41028,"deaths":33,"color":"rgb(148,103,189)"},{"description":"White","count":44605,"tested":769082,"deaths":3627,"color":"rgb(31,119,180)"}],"age_group":"70-79   ","count":80118,"tested":1717836,"deaths":5981},{"race":[{"description":"AI/AN**","count":46,"tested":641,"deaths":7,"color":"rgb(31,119,180)"},{"description":"Asian","count":1149,"tested":17988,"deaths":375,"color":"rgb(140,86,75)"},{"description":"Black","count":5201,"tested":79507,"deaths":1409,"color":"rgb(255,127,14)"},{"description":"Hispanic","count":3283,"tested":29887,"deaths":870,"color":"rgb(214,39,40)"},{"description":"Left Blank","count":11649,"tested":783554,"deaths":110,"color":"rgb(44,160,44)"},{"description":"NH/PI*","count":39,"tested":578,"deaths":9,"color":"rgb(127,127,127)"},{"description":"Other","count":963,"tested":26058,"deaths":46,"color":"rgb(148,103,189)"},{"description":"White","count":36237,"tested":744366,"deaths":8330,"color":"rgb(31,119,180)"}],"age_group":"80+","count":58574,"tested":1682579,"deaths":11156},{"race":[{"description":"AI/AN**","count":0,"tested":17,"deaths":0,"color":"rgb(31,119,180)"},{"description":"Asian","count":0,"tested":197,"deaths":0,"color":"rgb(140,86,75)"},{"description":"Black","count":0,"tested":1274,"deaths":0,"color":"rgb(255,127,14)"},{"description":"Hispanic","count":11,"tested":689,"deaths":0,"color":"rgb(214,39,40)"},{"description":"Left Blank","count":243,"tested":50302,"deaths":0,"color":"rgb(44,160,44)"},{"description":"NH/PI*","count":0,"tested":0,"deaths":0,"color":"rgb(127,127,127)"},{"description":"Other","count":0,"tested":117,"deaths":0,"color":"rgb(148,103,189)"},{"description":"White","count":55,"tested":4046,"deaths":0,"color":"rgb(31,119,180)"}],"age_group":"Unknown","count":325,"tested":56643,"deaths":0}],"race":[{"description":"AI/AN**","count":2031,"tested":32728,"deaths":27,"color":"rgb(31,119,180)"},{"description":"Asian","count":36613,"tested":1287405,"deaths":838,"color":"rgb(140,86,75)"},{"description":"Black","count":163406,"tested":2379821,"deaths":4469,"color":"rgb(255,127,14)"},{"description":"Hispanic","count":266309,"tested":2093360,"deaths":3749,"color":"rgb(214,39,40)"},{"description":"Left Blank","count":375679,"tested":11375096,"deaths":227,"color":"rgb(44,160,44)"},{"description":"NH/PI*","count":1500,"tested":31199,"deaths":26,"color":"rgb(127,127,127)"},{"description":"Other","count":51850,"tested":855740,"deaths":109,"color":"rgb(148,103,189)"},{"description":"White","count":652987,"tested":10179949,"deaths":14688,"color":"rgb(31,119,180)"}],"gender":[{"description":"Female","count":800238,"tested":15186551,"deaths":11053,"color":"rgb(255,127,14)"},{"description":"Male","count":731955,"tested":12051282,"deaths":13080,"color":"rgb(31,119,180)"},{"description":"Unknown/Left Blank","count":18182,"tested":997465,"deaths":0,"color":"rgb(44,160,44)"}]}}]}
