{"lastUpdatedDate":{"year":2021,"month":4,"day":28},"county_demographics":[{"County":"Jefferson","confirmed_cases":4205,"total_tested":55024,"demographics":{"age":[{"race":[],"age_group":"<20","count":484,"tested":4306,"deaths":0},{"race":[],"age_group":"20-29   ","count":567,"tested":8107,"deaths":0},{"race":[],"age_group":"30-39   ","count":612,"tested":10106,"deaths":0},{"race":[],"age_group":"40-49   ","count":610,"tested":9708,"deaths":0},{"race":[],"age_group":"50-59   ","count":668,"tested":8764,"deaths":0},{"race":[],"age_group":"60-69   ","count":544,"tested":5727,"deaths":0},{"race":[],"age_group":"70-79   ","count":389,"tested":3929,"deaths":0},{"race":[],"age_group":"80+","count":329,"tested":3911,"deaths":0},{"race":[],"age_group":"Unknown","count":0,"tested":466,"deaths":0}],"race":[{"description":"AI/AN**","count":0,"tested":20,"deaths":0,"color":"rgb(31,119,180)"},{"description":"Asian","count":17,"tested":129,"deaths":0,"color":"rgb(140,86,75)"},{"description":"Black","count":169,"tested":1916,"deaths":0,"color":"rgb(255,127,14)"},{"description":"Hispanic","count":87,"tested":596,"deaths":0,"color":"rgb(214,39,40)"},{"description":"Left Blank","count":1670,"tested":29962,"deaths":0,"color":"rgb(44,160,44)"},{"description":"NH/PI*","count":0,"tested":28,"deaths":0,"color":"rgb(127,127,127)"},{"description":"Other","count":67,"tested":1093,"deaths":0,"color":"rgb(148,103,189)"},{"description":"White","count":2189,"tested":21280,"deaths":0,"color":"rgb(31,119,180)"}],"gender":[{"description":"Female","count":2077,"tested":23841,"deaths":0,"color":"rgb(255,127,14)"},{"description":"Male","count":1812,"tested":19004,"deaths":0,"color":"rgb(31,119,180)"},{"description":"Unknown/Left Blank","count":315,"tested":12179,"deaths":0,"color":"rgb(44,160,44)"}]}}]}
