{"lastUpdatedDate":{"year":2021,"month":4,"day":28},"county_demographics":[{"County":"Cass","confirmed_cases":1960,"total_tested":20860,"demographics":{"age":[{"race":[],"age_group":"<20","count":362,"tested":3742,"deaths":0},{"race":[],"age_group":"20-29   ","count":328,"tested":3258,"deaths":0},{"race":[],"age_group":"30-39   ","count":310,"tested":3030,"deaths":0},{"race":[],"age_group":"40-49   ","count":281,"tested":3183,"deaths":0},{"race":[],"age_group":"50-59   ","count":259,"tested":3093,"deaths":0},{"race":[],"age_group":"60-69   ","count":200,"tested":1980,"deaths":0},{"race":[],"age_group":"70-79   ","count":119,"tested":1349,"deaths":0},{"race":[],"age_group":"80+","count":101,"tested":1222,"deaths":0},{"race":[],"age_group":"Unknown","count":0,"tested":0,"deaths":0}],"race":[{"description":"AI/AN**","count":0,"tested":15,"deaths":0,"color":"rgb(31,119,180)"},{"description":"Asian","count":14,"tested":69,"deaths":0,"color":"rgb(140,86,75)"},{"description":"Black","count":60,"tested":625,"deaths":0,"color":"rgb(255,127,14)"},{"description":"Hispanic","count":682,"tested":2890,"deaths":0,"color":"rgb(214,39,40)"},{"description":"Left Blank","count":50,"tested":5743,"deaths":0,"color":"rgb(44,160,44)"},{"description":"NH/PI*","count":0,"tested":12,"deaths":0,"color":"rgb(127,127,127)"},{"description":"Other","count":6,"tested":1265,"deaths":0,"color":"rgb(148,103,189)"},{"description":"White","count":1141,"tested":10241,"deaths":0,"color":"rgb(31,119,180)"}],"gender":[{"description":"Female","count":1061,"tested":12040,"deaths":0,"color":"rgb(255,127,14)"},{"description":"Male","count":891,"tested":7842,"deaths":0,"color":"rgb(31,119,180)"},{"description":"Unknown/Left Blank","count":7,"tested":978,"deaths":0,"color":"rgb(44,160,44)"}]}}]}
