{"lastUpdatedDate":{"year":2021,"month":4,"day":28},"county_demographics":[{"County":"McHenry","confirmed_cases":27777,"total_tested":326697,"demographics":{"age":[{"race":[],"age_group":"<20","count":4488,"tested":43341,"deaths":0},{"race":[],"age_group":"20-29   ","count":4824,"tested":50941,"deaths":0},{"race":[],"age_group":"30-39   ","count":4224,"tested":46778,"deaths":0},{"race":[],"age_group":"40-49   ","count":4332,"tested":44388,"deaths":0},{"race":[],"age_group":"50-59   ","count":4755,"tested":52856,"deaths":0},{"race":[],"age_group":"60-69   ","count":2916,"tested":40317,"deaths":0},{"race":[],"age_group":"70-79   ","count":1289,"tested":24522,"deaths":0},{"race":[],"age_group":"80+","count":944,"tested":23481,"deaths":0},{"race":[],"age_group":"Unknown","count":0,"tested":73,"deaths":0}],"race":[{"description":"AI/AN**","count":34,"tested":382,"deaths":0,"color":"rgb(31,119,180)"},{"description":"Asian","count":479,"tested":5511,"deaths":0,"color":"rgb(140,86,75)"},{"description":"Black","count":299,"tested":3747,"deaths":0,"color":"rgb(255,127,14)"},{"description":"Hispanic","count":4450,"tested":23303,"deaths":0,"color":"rgb(214,39,40)"},{"description":"Left Blank","count":6893,"tested":124972,"deaths":0,"color":"rgb(44,160,44)"},{"description":"NH/PI*","count":28,"tested":405,"deaths":0,"color":"rgb(127,127,127)"},{"description":"Other","count":558,"tested":5826,"deaths":0,"color":"rgb(148,103,189)"},{"description":"White","count":15031,"tested":162551,"deaths":0,"color":"rgb(31,119,180)"}],"gender":[{"description":"Female","count":14173,"tested":188631,"deaths":0,"color":"rgb(255,127,14)"},{"description":"Male","count":13414,"tested":133916,"deaths":0,"color":"rgb(31,119,180)"},{"description":"Unknown/Left Blank","count":190,"tested":4150,"deaths":0,"color":"rgb(44,160,44)"}]}}]}
