{"lastUpdatedDate":{"year":2021,"month":4,"day":28},"county_demographics":[{"County":"Warren","confirmed_cases":1763,"total_tested":19699,"demographics":{"age":[{"race":[],"age_group":"<20","count":215,"tested":2800,"deaths":0},{"race":[],"age_group":"20-29   ","count":253,"tested":4469,"deaths":0},{"race":[],"age_group":"30-39   ","count":274,"tested":2839,"deaths":0},{"race":[],"age_group":"40-49   ","count":302,"tested":2709,"deaths":0},{"race":[],"age_group":"50-59   ","count":271,"tested":2609,"deaths":0},{"race":[],"age_group":"60-69   ","count":214,"tested":2236,"deaths":0},{"race":[],"age_group":"70-79   ","count":133,"tested":1261,"deaths":0},{"race":[],"age_group":"80+","count":101,"tested":774,"deaths":0},{"race":[],"age_group":"Unknown","count":0,"tested":0,"deaths":0}],"race":[{"description":"AI/AN**","count":0,"tested":14,"deaths":0,"color":"rgb(31,119,180)"},{"description":"Asian","count":18,"tested":66,"deaths":0,"color":"rgb(140,86,75)"},{"description":"Black","count":40,"tested":311,"deaths":0,"color":"rgb(255,127,14)"},{"description":"Hispanic","count":139,"tested":708,"deaths":0,"color":"rgb(214,39,40)"},{"description":"Left Blank","count":511,"tested":8764,"deaths":0,"color":"rgb(44,160,44)"},{"description":"NH/PI*","count":0,"tested":9,"deaths":0,"color":"rgb(127,127,127)"},{"description":"Other","count":18,"tested":282,"deaths":0,"color":"rgb(148,103,189)"},{"description":"White","count":1032,"tested":9545,"deaths":0,"color":"rgb(31,119,180)"}],"gender":[{"description":"Female","count":914,"tested":10565,"deaths":0,"color":"rgb(255,127,14)"},{"description":"Male","count":789,"tested":7904,"deaths":0,"color":"rgb(31,119,180)"},{"description":"Unknown/Left Blank","count":60,"tested":1230,"deaths":0,"color":"rgb(44,160,44)"}]}}]}
