{"age":[{"age_group":"<20","count":333,"tested":1837},{"age_group":"20-29   ","count":382,"tested":2582},{"age_group":"30-39   ","count":304,"tested":2089},{"age_group":"40-49   ","count":342,"tested":2141},{"age_group":"50-59   ","count":405,"tested":2792},{"age_group":"60-69   ","count":296,"tested":2177},{"age_group":"70-79   ","count":166,"tested":1138},{"age_group":"80+","count":141,"tested":930}],"race":[{"description":"Hispanic","count":254,"tested":712,"color":"rgb(214,39,40)"},{"description":"Asian","count":168,"tested":395,"color":"rgb(140,86,75)"},{"description":"Black","count":133,"tested":300,"color":"rgb(255,127,14)"},{"description":"Other","count":134,"tested":226,"color":"rgb(148,103,189)"},{"description":"Left Blank","count":670,"tested":7658,"color":"rgb(44,160,44)"},{"description":"White","count":778,"tested":6362,"color":"rgb(31,119,180)"},{"description":"NH/PI*","count":118,"tested":13,"color":"rgb(127,127,127)"}],"gender":[{"description":"Male","count":846,"tested":6785,"color":"rgb(31,119,180)"},{"description":"Female","count":847,"tested":8726,"color":"rgb(255,127,14)"}]}
