{"age":[{"age_group":"<20","count":155,"tested":1174},{"age_group":"20-29   ","count":184,"tested":1578},{"age_group":"30-39   ","count":107,"tested":1514},{"age_group":"40-49   ","count":172,"tested":1674},{"age_group":"50-59   ","count":173,"tested":2166},{"age_group":"60-69   ","count":128,"tested":1903},{"age_group":"70-79   ","count":86,"tested":2358},{"age_group":"80+","count":110,"tested":3527}],"race":[{"description":"Asian","count":36,"tested":65,"color":"rgb(140,86,75)"},{"description":"Left Blank","count":287,"tested":2978,"color":"rgb(44,160,44)"},{"description":"White","count":589,"tested":11056,"color":"rgb(31,119,180)"},{"description":"Hispanic","count":52,"tested":336,"color":"rgb(214,39,40)"},{"description":"Black","count":49,"tested":1160,"color":"rgb(255,127,14)"},{"description":"Other","count":50,"tested":294,"color":"rgb(148,103,189)"}],"gender":[{"description":"Female","count":492,"tested":7205,"color":"rgb(255,127,14)"},{"description":"Male","count":464,"tested":6705,"color":"rgb(31,119,180)"}]}
