{"age":[{"age_group":"<20","count":18,"tested":91},{"age_group":"20-29   ","count":11,"tested":53},{"age_group":"30-39   ","count":14,"tested":103},{"age_group":"40-49   ","count":14,"tested":70},{"age_group":"50-59   ","count":17,"tested":73},{"age_group":"60-69   ","count":20,"tested":80},{"age_group":"70-79   ","count":13,"tested":43}],"race":[{"description":"Left Blank","count":33,"tested":157,"color":"rgb(44,160,44)"},{"description":"White","count":59,"tested":325,"color":"rgb(31,119,180)"}],"gender":[{"description":"Female","count":48,"tested":280,"color":"rgb(255,127,14)"},{"description":"Male","count":49,"tested":246,"color":"rgb(31,119,180)"}]}
