{"age":[{"age_group":"<20","count":65,"tested":897},{"age_group":"20-29   ","count":488,"tested":8738},{"age_group":"30-39   ","count":347,"tested":7207},{"age_group":"40-49   ","count":141,"tested":2578},{"age_group":"50-59   ","count":144,"tested":3000},{"age_group":"60-69   ","count":135,"tested":2995},{"age_group":"70-79   ","count":98,"tested":2343},{"age_group":"80+","count":94,"tested":2115}],"race":[{"description":"NH/PI*","count":27,"tested":25,"color":"rgb(127,127,127)"},{"description":"Black","count":71,"tested":1035,"color":"rgb(255,127,14)"},{"description":"Asian","count":103,"tested":2245,"color":"rgb(140,86,75)"},{"description":"Other","count":118,"tested":1609,"color":"rgb(148,103,189)"},{"description":"White","count":627,"tested":11654,"color":"rgb(31,119,180)"},{"description":"Left Blank","count":448,"tested":12820,"color":"rgb(44,160,44)"},{"description":"Hispanic","count":96,"tested":442,"color":"rgb(214,39,40)"}],"gender":[{"description":"Female","count":741,"tested":16944,"color":"rgb(255,127,14)"},{"description":"Male","count":636,"tested":12496,"color":"rgb(31,119,180)"},{"description":"Unknown/Left Blank","count":30,"tested":436,"color":"rgb(44,160,44)"}]}
