{"age":[{"age_group":"<20","count":387,"tested":3905},{"age_group":"20-29   ","count":577,"tested":6296},{"age_group":"30-39   ","count":507,"tested":6141},{"age_group":"40-49   ","count":454,"tested":5879},{"age_group":"50-59   ","count":428,"tested":6254},{"age_group":"60-69   ","count":348,"tested":5670},{"age_group":"70-79   ","count":161,"tested":2729},{"age_group":"80+","count":135,"tested":1660}],"race":[{"description":"Hispanic","count":577,"tested":2450,"color":"rgb(214,39,40)"},{"description":"Asian","count":241,"tested":1596,"color":"rgb(140,86,75)"},{"description":"Left Blank","count":733,"tested":21937,"color":"rgb(44,160,44)"},{"description":"White","count":764,"tested":7591,"color":"rgb(31,119,180)"},{"description":"Black","count":335,"tested":2756,"color":"rgb(255,127,14)"},{"description":"AI/AN**","count":24,"tested":45,"color":"rgb(31,119,180)"},{"description":"Other","count":304,"tested":2120,"color":"rgb(148,103,189)"}],"gender":[{"description":"Unknown/Left Blank","count":36,"tested":1985,"color":"rgb(44,160,44)"},{"description":"Male","count":1410,"tested":16215,"color":"rgb(31,119,180)"},{"description":"Female","count":1461,"tested":20351,"color":"rgb(255,127,14)"}]}
