{"age":[{"age_group":"<20","count":123,"tested":918},{"age_group":"20-29   ","count":119,"tested":940},{"age_group":"30-39   ","count":153,"tested":981},{"age_group":"40-49   ","count":135,"tested":847},{"age_group":"50-59   ","count":142,"tested":920},{"age_group":"60-69   ","count":91,"tested":791},{"age_group":"70-79   ","count":70,"tested":537},{"age_group":"80+","count":60,"tested":332}],"race":[{"description":"White","count":326,"tested":3334,"color":"rgb(31,119,180)"},{"description":"Hispanic","count":157,"tested":528,"color":"rgb(214,39,40)"},{"description":"Left Blank","count":226,"tested":2243,"color":"rgb(44,160,44)"},{"description":"Other","count":43,"tested":100,"color":"rgb(148,103,189)"}],"gender":[{"description":"Male","count":323,"tested":2598,"color":"rgb(31,119,180)"},{"description":"Female","count":365,"tested":3591,"color":"rgb(255,127,14)"}]}
