{"age":[{"age_group":"<20","count":576,"tested":3532},{"age_group":"20-29   ","count":615,"tested":3902},{"age_group":"30-39   ","count":504,"tested":3281},{"age_group":"40-49   ","count":567,"tested":3355},{"age_group":"50-59   ","count":487,"tested":3248},{"age_group":"60-69   ","count":316,"tested":2464},{"age_group":"70-79   ","count":222,"tested":1759},{"age_group":"80+","count":160,"tested":1732}],"race":[{"description":"Other","count":102,"tested":272,"color":"rgb(148,103,189)"},{"description":"Left Blank","count":461,"tested":12736,"color":"rgb(44,160,44)"},{"description":"Hispanic","count":1338,"tested":2859,"color":"rgb(214,39,40)"},{"description":"White","count":1229,"tested":6985,"color":"rgb(31,119,180)"},{"description":"Asian","count":80,"tested":95,"color":"rgb(140,86,75)"},{"description":"Black","count":109,"tested":328,"color":"rgb(255,127,14)"}],"gender":[{"description":"Male","count":1440,"tested":9141,"color":"rgb(31,119,180)"},{"description":"Unknown/Left Blank","count":68,"tested":524,"color":"rgb(44,160,44)"},{"description":"Female","count":1634,"tested":13617,"color":"rgb(255,127,14)"}]}
