{"age":[{"age_group":"<20","count":331,"tested":3665},{"age_group":"20-29   ","count":460,"tested":3832},{"age_group":"30-39   ","count":353,"tested":3859},{"age_group":"40-49   ","count":335,"tested":3367},{"age_group":"50-59   ","count":344,"tested":3328},{"age_group":"60-69   ","count":273,"tested":3285},{"age_group":"70-79   ","count":190,"tested":2453},{"age_group":"80+","count":225,"tested":2715}],"race":[{"description":"Left Blank","count":704,"tested":13675,"color":"rgb(44,160,44)"},{"description":"Hispanic","count":367,"tested":1616,"color":"rgb(214,39,40)"},{"description":"Asian","count":83,"tested":397,"color":"rgb(140,86,75)"},{"description":"White","count":1041,"tested":9205,"color":"rgb(31,119,180)"},{"description":"Black","count":179,"tested":1207,"color":"rgb(255,127,14)"},{"description":"Other","count":71,"tested":395,"color":"rgb(148,103,189)"}],"gender":[{"description":"Female","count":1222,"tested":15312,"color":"rgb(255,127,14)"},{"description":"Male","count":1089,"tested":10873,"color":"rgb(31,119,180)"},{"description":"Unknown/Left Blank","count":45,"tested":324,"color":"rgb(44,160,44)"}]}
