{"age":[{"age_group":"<20","count":149,"tested":1154},{"age_group":"20-29   ","count":238,"tested":2073},{"age_group":"30-39   ","count":216,"tested":1782},{"age_group":"40-49   ","count":265,"tested":2351},{"age_group":"50-59   ","count":226,"tested":2521},{"age_group":"60-69   ","count":147,"tested":2124},{"age_group":"70-79   ","count":94,"tested":1243},{"age_group":"80+","count":85,"tested":739}],"race":[{"description":"Black","count":656,"tested":6045,"color":"rgb(255,127,14)"},{"description":"Asian","count":24,"tested":77,"color":"rgb(140,86,75)"},{"description":"White","count":110,"tested":1137,"color":"rgb(31,119,180)"},{"description":"Hispanic","count":77,"tested":288,"color":"rgb(214,39,40)"},{"description":"Other","count":33,"tested":253,"color":"rgb(148,103,189)"},{"description":"Left Blank","count":482,"tested":6138,"color":"rgb(44,160,44)"}],"gender":[{"description":"Female","count":737,"tested":8289,"color":"rgb(255,127,14)"},{"description":"Male","count":552,"tested":5202,"color":"rgb(31,119,180)"},{"description":"Unknown/Left Blank","count":46,"tested":496,"color":"rgb(44,160,44)"}]}
