{"age":[{"age_group":"<20","count":357,"tested":3399},{"age_group":"20-29   ","count":487,"tested":5327},{"age_group":"30-39   ","count":527,"tested":5329},{"age_group":"40-49   ","count":540,"tested":5736},{"age_group":"50-59   ","count":537,"tested":6684},{"age_group":"60-69   ","count":409,"tested":5734},{"age_group":"70-79   ","count":311,"tested":3976},{"age_group":"80+","count":193,"tested":2436}],"race":[{"description":"White","count":56,"tested":568,"color":"rgb(31,119,180)"},{"description":"Left Blank","count":759,"tested":14071,"color":"rgb(44,160,44)"},{"description":"Other","count":103,"tested":498,"color":"rgb(148,103,189)"},{"description":"Black","count":2202,"tested":22559,"color":"rgb(255,127,14)"},{"description":"Hispanic","count":183,"tested":831,"color":"rgb(214,39,40)"}],"gender":[{"description":"Male","count":1405,"tested":15524,"color":"rgb(31,119,180)"},{"description":"Unknown/Left Blank","count":44,"tested":1099,"color":"rgb(44,160,44)"},{"description":"Female","count":1832,"tested":22007,"color":"rgb(255,127,14)"}]}
