{"age":[{"age_group":"<20","count":140,"tested":1209},{"age_group":"20-29   ","count":204,"tested":2594},{"age_group":"30-39   ","count":189,"tested":2496},{"age_group":"40-49   ","count":185,"tested":2774},{"age_group":"50-59   ","count":243,"tested":3991},{"age_group":"60-69   ","count":189,"tested":4130},{"age_group":"70-79   ","count":92,"tested":1834},{"age_group":"80+","count":58,"tested":1113}],"race":[{"description":"Black","count":693,"tested":7228,"color":"rgb(255,127,14)"},{"description":"Hispanic","count":64,"tested":206,"color":"rgb(214,39,40)"},{"description":"White","count":36,"tested":293,"color":"rgb(31,119,180)"},{"description":"Other","count":24,"tested":172,"color":"rgb(148,103,189)"},{"description":"Left Blank","count":456,"tested":12225,"color":"rgb(44,160,44)"}],"gender":[{"description":"Female","count":707,"tested":11639,"color":"rgb(255,127,14)"},{"description":"Male","count":525,"tested":8129,"color":"rgb(31,119,180)"},{"description":"Unknown/Left Blank","count":23,"tested":380,"color":"rgb(44,160,44)"}]}
