{"age":[{"age_group":"<20","count":7,"tested":47},{"age_group":"20-29   ","count":15,"tested":82},{"age_group":"40-49   ","count":7,"tested":57},{"age_group":"50-59   ","count":7,"tested":83},{"age_group":"60-69   ","count":7,"tested":58}],"race":[{"description":"White","count":31,"tested":228,"color":"rgb(31,119,180)"},{"description":"Left Blank","count":13,"tested":125,"color":"rgb(44,160,44)"}],"gender":[{"description":"Male","count":20,"tested":146,"color":"rgb(31,119,180)"},{"description":"Female","count":26,"tested":255,"color":"rgb(255,127,14)"}]}
