{"age":[{"age_group":"<20","count":53,"tested":232},{"age_group":"20-29   ","count":56,"tested":179},{"age_group":"30-39   ","count":48,"tested":183},{"age_group":"40-49   ","count":56,"tested":260},{"age_group":"50-59   ","count":50,"tested":234},{"age_group":"60-69   ","count":44,"tested":166}],"race":[{"description":"Left Blank","count":46,"tested":184,"color":"rgb(44,160,44)"},{"description":"White","count":135,"tested":1266,"color":"rgb(31,119,180)"}],"gender":[{"description":"Female","count":95,"tested":889,"color":"rgb(255,127,14)"},{"description":"Male","count":93,"tested":604,"color":"rgb(31,119,180)"}]}
