{"age":[{"age_group":"<20","count":235,"tested":1258},{"age_group":"20-29   ","count":276,"tested":2016},{"age_group":"30-39   ","count":271,"tested":1965},{"age_group":"40-49   ","count":260,"tested":1915},{"age_group":"50-59   ","count":202,"tested":1986},{"age_group":"60-69   ","count":151,"tested":1600},{"age_group":"70-79   ","count":97,"tested":836},{"age_group":"80+","count":66,"tested":339}],"race":[{"description":"AI/AN**","count":49,"tested":46,"color":"rgb(31,119,180)"},{"description":"Other","count":85,"tested":708,"color":"rgb(148,103,189)"},{"description":"Black","count":191,"tested":1676,"color":"rgb(255,127,14)"},{"description":"White","count":271,"tested":2828,"color":"rgb(31,119,180)"},{"description":"Left Blank","count":494,"tested":5278,"color":"rgb(44,160,44)"},{"description":"Hispanic","count":390,"tested":1329,"color":"rgb(214,39,40)"}],"gender":[{"description":"Unknown/Left Blank","count":45,"tested":93,"color":"rgb(44,160,44)"},{"description":"Male","count":646,"tested":4837,"color":"rgb(31,119,180)"},{"description":"Female","count":677,"tested":6987,"color":"rgb(255,127,14)"}]}
