{"age":[{"age_group":"<20","count":22,"tested":146},{"age_group":"20-29   ","count":26,"tested":253},{"age_group":"30-39   ","count":36,"tested":223},{"age_group":"40-49   ","count":28,"tested":237},{"age_group":"50-59   ","count":27,"tested":250},{"age_group":"60-69   ","count":22,"tested":285},{"age_group":"70-79   ","count":7,"tested":103}],"race":[{"description":"Hispanic","count":25,"tested":121,"color":"rgb(214,39,40)"},{"description":"Black","count":22,"tested":207,"color":"rgb(255,127,14)"},{"description":"White","count":57,"tested":510,"color":"rgb(31,119,180)"},{"description":"Left Blank","count":60,"tested":744,"color":"rgb(44,160,44)"}],"gender":[{"description":"Female","count":79,"tested":841,"color":"rgb(255,127,14)"},{"description":"Male","count":88,"tested":756,"color":"rgb(31,119,180)"}]}
