{"age":[{"age_group":"<20","count":204,"tested":1051},{"age_group":"20-29   ","count":316,"tested":1978},{"age_group":"30-39   ","count":289,"tested":1994},{"age_group":"40-49   ","count":263,"tested":1606},{"age_group":"50-59   ","count":256,"tested":1724},{"age_group":"60-69   ","count":168,"tested":1467},{"age_group":"70-79   ","count":103,"tested":844},{"age_group":"80+","count":71,"tested":375}],"race":[{"description":"Hispanic","count":221,"tested":829,"color":"rgb(214,39,40)"},{"description":"White","count":313,"tested":2590,"color":"rgb(31,119,180)"},{"description":"Asian","count":53,"tested":95,"color":"rgb(140,86,75)"},{"description":"Left Blank","count":730,"tested":5816,"color":"rgb(44,160,44)"},{"description":"Black","count":191,"tested":1380,"color":"rgb(255,127,14)"},{"description":"Other","count":83,"tested":312,"color":"rgb(148,103,189)"}],"gender":[{"description":"Male","count":672,"tested":4597,"color":"rgb(31,119,180)"},{"description":"Unknown/Left Blank","count":45,"tested":111,"color":"rgb(44,160,44)"},{"description":"Female","count":768,"tested":6334,"color":"rgb(255,127,14)"}]}
