{"age":[{"age_group":"<20","count":113,"tested":1043},{"age_group":"20-29   ","count":144,"tested":1015},{"age_group":"30-39   ","count":122,"tested":908},{"age_group":"40-49   ","count":136,"tested":1158},{"age_group":"50-59   ","count":112,"tested":1000},{"age_group":"60-69   ","count":63,"tested":603},{"age_group":"70-79   ","count":51,"tested":315},{"age_group":"80+","count":23,"tested":136}],"race":[{"description":"Other","count":25,"tested":72,"color":"rgb(148,103,189)"},{"description":"Left Blank","count":109,"tested":2810,"color":"rgb(44,160,44)"},{"description":"Black","count":25,"tested":101,"color":"rgb(255,127,14)"},{"description":"White","count":391,"tested":2647,"color":"rgb(31,119,180)"},{"description":"Hispanic","count":165,"tested":472,"color":"rgb(214,39,40)"}],"gender":[{"description":"Male","count":333,"tested":2541,"color":"rgb(31,119,180)"},{"description":"Female","count":346,"tested":3581,"color":"rgb(255,127,14)"}]}
