{"age":[{"age_group":"<20","count":116,"tested":1505},{"age_group":"20-29   ","count":904,"tested":12804},{"age_group":"30-39   ","count":474,"tested":7841},{"age_group":"40-49   ","count":216,"tested":2800},{"age_group":"50-59   ","count":198,"tested":3194},{"age_group":"60-69   ","count":174,"tested":3312},{"age_group":"70-79   ","count":151,"tested":3257},{"age_group":"80+","count":110,"tested":2334}],"race":[{"description":"Hispanic","count":144,"tested":591,"color":"rgb(214,39,40)"},{"description":"Asian","count":87,"tested":803,"color":"rgb(140,86,75)"},{"description":"White","count":847,"tested":11811,"color":"rgb(31,119,180)"},{"description":"Left Blank","count":728,"tested":19718,"color":"rgb(44,160,44)"},{"description":"Other","count":125,"tested":1183,"color":"rgb(148,103,189)"},{"description":"Black","count":306,"tested":2914,"color":"rgb(255,127,14)"}],"gender":[{"description":"Unknown/Left Blank","count":63,"tested":728,"color":"rgb(44,160,44)"},{"description":"Male","count":930,"tested":15195,"color":"rgb(31,119,180)"},{"description":"Female","count":1090,"tested":21129,"color":"rgb(255,127,14)"}]}
