{"age":[{"age_group":"<20","count":704,"tested":4876},{"age_group":"20-29   ","count":1355,"tested":17569},{"age_group":"30-39   ","count":1131,"tested":14299},{"age_group":"40-49   ","count":944,"tested":8473},{"age_group":"50-59   ","count":806,"tested":6405},{"age_group":"60-69   ","count":515,"tested":5042},{"age_group":"70-79   ","count":270,"tested":2266},{"age_group":"80+","count":151,"tested":1317}],"race":[{"description":"Other","count":243,"tested":2796,"color":"rgb(148,103,189)"},{"description":"Left Blank","count":975,"tested":18116,"color":"rgb(44,160,44)"},{"description":"Hispanic","count":3230,"tested":19071,"color":"rgb(214,39,40)"},{"description":"Asian","count":136,"tested":2184,"color":"rgb(140,86,75)"},{"description":"White","count":625,"tested":10940,"color":"rgb(31,119,180)"},{"description":"Black","count":586,"tested":7024,"color":"rgb(255,127,14)"},{"description":"AI/AN**","count":42,"tested":91,"color":"rgb(31,119,180)"}],"gender":[{"description":"Unknown/Left Blank","count":93,"tested":1816,"color":"rgb(44,160,44)"},{"description":"Male","count":2924,"tested":28952,"color":"rgb(31,119,180)"},{"description":"Female","count":2679,"tested":29498,"color":"rgb(255,127,14)"}]}
