{"age":[{"age_group":"<20","count":15,"tested":179},{"age_group":"20-29   ","count":44,"tested":591},{"age_group":"30-39   ","count":34,"tested":502},{"age_group":"40-49   ","count":17,"tested":287},{"age_group":"50-59   ","count":17,"tested":284}],"race":[{"description":"Left Blank","count":42,"tested":903,"color":"rgb(44,160,44)"},{"description":"Other","count":10,"tested":140,"color":"rgb(148,103,189)"},{"description":"White","count":39,"tested":746,"color":"rgb(31,119,180)"},{"description":"Black","count":22,"tested":272,"color":"rgb(255,127,14)"},{"description":"Asian","count":11,"tested":85,"color":"rgb(140,86,75)"},{"description":"Hispanic","count":14,"tested":108,"color":"rgb(214,39,40)"}],"gender":[{"description":"Female","count":68,"tested":1223,"color":"rgb(255,127,14)"},{"description":"Male","count":59,"tested":982,"color":"rgb(31,119,180)"}]}
