{"age":[{"age_group":"40-49   ","count":13,"tested":287},{"age_group":"50-59   ","count":17,"tested":293},{"age_group":"60-69   ","count":11,"tested":305}],"race":[{"description":"Black","count":31,"tested":700,"color":"rgb(255,127,14)"},{"description":"Hispanic","count":6,"tested":54,"color":"rgb(214,39,40)"},{"description":"White","count":7,"tested":240,"color":"rgb(31,119,180)"}],"gender":[{"description":"Female","count":32,"tested":966,"color":"rgb(255,127,14)"},{"description":"Male","count":22,"tested":575,"color":"rgb(31,119,180)"}]}
