{"age":[{"age_group":"<20","count":583,"tested":8365},{"age_group":"20-29   ","count":699,"tested":12267},{"age_group":"30-39   ","count":755,"tested":13496},{"age_group":"40-49   ","count":620,"tested":11402},{"age_group":"50-59   ","count":508,"tested":11097},{"age_group":"60-69   ","count":372,"tested":8676},{"age_group":"70-79   ","count":166,"tested":3253},{"age_group":"80+","count":86,"tested":1536}],"race":[{"description":"Asian","count":11,"tested":158,"color":"rgb(140,86,75)"},{"description":"Black","count":2367,"tested":28928,"color":"rgb(255,127,14)"},{"description":"Hispanic","count":430,"tested":3060,"color":"rgb(214,39,40)"},{"description":"Left Blank","count":794,"tested":34685,"color":"rgb(44,160,44)"},{"description":"Other","count":79,"tested":1126,"color":"rgb(148,103,189)"},{"description":"White","count":105,"tested":2101,"color":"rgb(31,119,180)"}],"gender":[{"description":"Female","count":2158,"tested":35457,"color":"rgb(255,127,14)"},{"description":"Male","count":1606,"tested":32122,"color":"rgb(31,119,180)"},{"description":"Unknown/Left Blank","count":25,"tested":2536,"color":"rgb(44,160,44)"}]}
