{"age":[{"age_group":"<20","count":10,"tested":290},{"age_group":"20-29   ","count":12,"tested":186},{"age_group":"30-39   ","count":14,"tested":267},{"age_group":"40-49   ","count":8,"tested":204},{"age_group":"50-59   ","count":19,"tested":344},{"age_group":"60-69   ","count":15,"tested":185},{"age_group":"70-79   ","count":8,"tested":69}],"race":[{"description":"Left Blank","count":6,"tested":560,"color":"rgb(44,160,44)"},{"description":"White","count":83,"tested":977,"color":"rgb(31,119,180)"}],"gender":[{"description":"Female","count":48,"tested":1086,"color":"rgb(255,127,14)"},{"description":"Male","count":42,"tested":441,"color":"rgb(31,119,180)"}]}
