{"age":[{"age_group":"<20","count":508,"tested":5650},{"age_group":"20-29   ","count":554,"tested":5940},{"age_group":"30-39   ","count":450,"tested":4952},{"age_group":"40-49   ","count":452,"tested":4747},{"age_group":"50-59   ","count":461,"tested":5304},{"age_group":"60-69   ","count":294,"tested":3680},{"age_group":"70-79   ","count":184,"tested":2311},{"age_group":"80+","count":71,"tested":1612}],"race":[{"description":"Asian","count":49,"tested":416,"color":"rgb(140,86,75)"},{"description":"Black","count":124,"tested":848,"color":"rgb(255,127,14)"},{"description":"Hispanic","count":241,"tested":1436,"color":"rgb(214,39,40)"},{"description":"Left Blank","count":270,"tested":12083,"color":"rgb(44,160,44)"},{"description":"Other","count":43,"tested":474,"color":"rgb(148,103,189)"},{"description":"White","count":2243,"tested":18905,"color":"rgb(31,119,180)"}],"gender":[{"description":"Female","count":1584,"tested":20218,"color":"rgb(255,127,14)"},{"description":"Male","count":1387,"tested":13701,"color":"rgb(31,119,180)"}]}
