{"age":[{"age_group":"<20","count":47,"tested":621},{"age_group":"20-29   ","count":42,"tested":405},{"age_group":"30-39   ","count":39,"tested":376},{"age_group":"40-49   ","count":55,"tested":418},{"age_group":"50-59   ","count":54,"tested":503},{"age_group":"60-69   ","count":38,"tested":422},{"age_group":"70-79   ","count":12,"tested":210},{"age_group":"80+","count":15,"tested":93}],"race":[{"description":"Left Blank","count":97,"tested":1357,"color":"rgb(44,160,44)"},{"description":"White","count":198,"tested":1618,"color":"rgb(31,119,180)"}],"gender":[{"description":"Female","count":159,"tested":1812,"color":"rgb(255,127,14)"},{"description":"Male","count":141,"tested":1185,"color":"rgb(31,119,180)"}]}
