{"age":[{"age_group":"<20","count":395,"tested":5120},{"age_group":"20-29   ","count":350,"tested":4492},{"age_group":"30-39   ","count":302,"tested":4589},{"age_group":"40-49   ","count":344,"tested":3820},{"age_group":"50-59   ","count":350,"tested":4668},{"age_group":"60-69   ","count":273,"tested":4941},{"age_group":"70-79   ","count":121,"tested":3157},{"age_group":"80+","count":59,"tested":1678}],"race":[{"description":"Asian","count":117,"tested":2300,"color":"rgb(140,86,75)"},{"description":"Black","count":63,"tested":672,"color":"rgb(255,127,14)"},{"description":"Hispanic","count":181,"tested":1346,"color":"rgb(214,39,40)"},{"description":"Left Blank","count":550,"tested":14284,"color":"rgb(44,160,44)"},{"description":"Other","count":95,"tested":1188,"color":"rgb(148,103,189)"},{"description":"White","count":1184,"tested":12575,"color":"rgb(31,119,180)"}],"gender":[{"description":"Female","count":1088,"tested":17600,"color":"rgb(255,127,14)"},{"description":"Male","count":1083,"tested":14591,"color":"rgb(31,119,180)"},{"description":"Unknown/Left Blank","count":23,"tested":279,"color":"rgb(44,160,44)"}]}
