{"age":[{"age_group":"<20","count":269,"tested":1590},{"age_group":"20-29   ","count":335,"tested":5774},{"age_group":"30-39   ","count":159,"tested":1974},{"age_group":"40-49   ","count":26,"tested":340},{"age_group":"50-59   ","count":21,"tested":229},{"age_group":"60-69   ","count":14,"tested":193},{"age_group":"70-79   ","count":6,"tested":49}],"race":[{"description":"AI/AN**","count":6,"tested":6,"color":"rgb(31,119,180)"},{"description":"Asian","count":40,"tested":345,"color":"rgb(140,86,75)"},{"description":"Black","count":165,"tested":761,"color":"rgb(255,127,14)"},{"description":"Hispanic","count":109,"tested":448,"color":"rgb(214,39,40)"},{"description":"Left Blank","count":83,"tested":5199,"color":"rgb(44,160,44)"},{"description":"Other","count":38,"tested":129,"color":"rgb(148,103,189)"},{"description":"White","count":386,"tested":3226,"color":"rgb(31,119,180)"}],"gender":[{"description":"Female","count":266,"tested":3957,"color":"rgb(255,127,14)"},{"description":"Male","count":564,"tested":6179,"color":"rgb(31,119,180)"}]}
