{"age":[{"age_group":"<20","count":301,"tested":3190},{"age_group":"20-29   ","count":251,"tested":2558},{"age_group":"30-39   ","count":227,"tested":2488},{"age_group":"40-49   ","count":273,"tested":2636},{"age_group":"50-59   ","count":286,"tested":2436},{"age_group":"60-69   ","count":241,"tested":2034},{"age_group":"70-79   ","count":130,"tested":1051},{"age_group":"80+","count":59,"tested":476}],"race":[{"description":"Black","count":45,"tested":550,"color":"rgb(255,127,14)"},{"description":"Hispanic","count":141,"tested":944,"color":"rgb(214,39,40)"},{"description":"Left Blank","count":348,"tested":5803,"color":"rgb(44,160,44)"},{"description":"Other","count":87,"tested":534,"color":"rgb(148,103,189)"},{"description":"White","count":1140,"tested":8970,"color":"rgb(31,119,180)"}],"gender":[{"description":"Female","count":933,"tested":9323,"color":"rgb(255,127,14)"},{"description":"Male","count":819,"tested":6706,"color":"rgb(31,119,180)"},{"description":"Unknown/Left Blank","count":17,"tested":843,"color":"rgb(44,160,44)"}]}
