{"age":[{"age_group":"<20","count":469,"tested":5248},{"age_group":"20-29   ","count":470,"tested":8146},{"age_group":"30-39   ","count":367,"tested":5567},{"age_group":"40-49   ","count":382,"tested":4720},{"age_group":"50-59   ","count":326,"tested":5291},{"age_group":"60-69   ","count":224,"tested":4160},{"age_group":"70-79   ","count":134,"tested":2608},{"age_group":"80+","count":73,"tested":1737}],"race":[{"description":"Asian","count":7,"tested":130,"color":"rgb(140,86,75)"},{"description":"Black","count":830,"tested":6952,"color":"rgb(255,127,14)"},{"description":"Hispanic","count":543,"tested":2595,"color":"rgb(214,39,40)"},{"description":"Left Blank","count":210,"tested":18017,"color":"rgb(44,160,44)"},{"description":"Other","count":37,"tested":503,"color":"rgb(148,103,189)"},{"description":"White","count":811,"tested":9257,"color":"rgb(31,119,180)"}],"gender":[{"description":"Female","count":1370,"tested":19713,"color":"rgb(255,127,14)"},{"description":"Male","count":1058,"tested":17025,"color":"rgb(31,119,180)"},{"description":"Unknown/Left Blank","count":17,"tested":742,"color":"rgb(44,160,44)"}]}
