{"age":[{"age_group":"<20","count":598,"tested":8620},{"age_group":"20-29   ","count":546,"tested":9217},{"age_group":"30-39   ","count":601,"tested":10313},{"age_group":"40-49   ","count":607,"tested":9636},{"age_group":"50-59   ","count":588,"tested":9131},{"age_group":"60-69   ","count":406,"tested":7918},{"age_group":"70-79   ","count":218,"tested":4735},{"age_group":"80+","count":146,"tested":3802}],"race":[{"description":"AI/AN**","count":13,"tested":144,"color":"rgb(31,119,180)"},{"description":"Asian","count":310,"tested":6182,"color":"rgb(140,86,75)"},{"description":"Black","count":97,"tested":1450,"color":"rgb(255,127,14)"},{"description":"Hispanic","count":365,"tested":3235,"color":"rgb(214,39,40)"},{"description":"Left Blank","count":1100,"tested":31412,"color":"rgb(44,160,44)"},{"description":"Other","count":128,"tested":1263,"color":"rgb(148,103,189)"},{"description":"White","count":1696,"tested":19586,"color":"rgb(31,119,180)"}],"gender":[{"description":"Female","count":1947,"tested":36576,"color":"rgb(255,127,14)"},{"description":"Male","count":1750,"tested":26046,"color":"rgb(31,119,180)"},{"description":"Unknown/Left Blank","count":14,"tested":777,"color":"rgb(44,160,44)"}]}
