{"age":[{"age_group":"<20","count":81,"tested":710},{"age_group":"20-29   ","count":79,"tested":1126},{"age_group":"30-39   ","count":75,"tested":994},{"age_group":"40-49   ","count":75,"tested":1047},{"age_group":"50-59   ","count":56,"tested":934},{"age_group":"60-69   ","count":51,"tested":908},{"age_group":"70-79   ","count":33,"tested":397},{"age_group":"80+","count":10,"tested":259}],"race":[{"description":"Left Blank","count":139,"tested":1779,"color":"rgb(44,160,44)"},{"description":"Other","count":12,"tested":72,"color":"rgb(148,103,189)"},{"description":"White","count":308,"tested":4410,"color":"rgb(31,119,180)"}],"gender":[{"description":"Female","count":257,"tested":4545,"color":"rgb(255,127,14)"},{"description":"Male","count":203,"tested":1607,"color":"rgb(31,119,180)"}]}
