{"age":[{"age_group":"20-29   ","count":29,"tested":1153},{"age_group":"30-39   ","count":25,"tested":1118},{"age_group":"40-49   ","count":15,"tested":522},{"age_group":"50-59   ","count":10,"tested":480}],"race":[{"description":"Asian","count":9,"tested":661,"color":"rgb(140,86,75)"},{"description":"Black","count":9,"tested":265,"color":"rgb(255,127,14)"},{"description":"Hispanic","count":10,"tested":204,"color":"rgb(214,39,40)"},{"description":"Left Blank","count":25,"tested":1415,"color":"rgb(44,160,44)"},{"description":"Other","count":7,"tested":207,"color":"rgb(148,103,189)"},{"description":"White","count":30,"tested":1303,"color":"rgb(31,119,180)"}],"gender":[{"description":"Female","count":42,"tested":1552,"color":"rgb(255,127,14)"},{"description":"Male","count":48,"tested":2474,"color":"rgb(31,119,180)"}]}
