{"age":[{"age_group":"<20","count":1148,"tested":12550},{"age_group":"20-29   ","count":2044,"tested":39354},{"age_group":"30-39   ","count":1818,"tested":33047},{"age_group":"40-49   ","count":1364,"tested":19633},{"age_group":"50-59   ","count":1085,"tested":15564},{"age_group":"60-69   ","count":728,"tested":12518},{"age_group":"70-79   ","count":363,"tested":6013},{"age_group":"80+","count":181,"tested":3097}],"race":[{"description":"AI/AN**","count":10,"tested":238,"color":"rgb(31,119,180)"},{"description":"Asian","count":238,"tested":6360,"color":"rgb(140,86,75)"},{"description":"Black","count":1023,"tested":19705,"color":"rgb(255,127,14)"},{"description":"Hispanic","count":4748,"tested":38245,"color":"rgb(214,39,40)"},{"description":"Left Blank","count":1359,"tested":45234,"color":"rgb(44,160,44)"},{"description":"NH/PI*","count":8,"tested":86,"color":"rgb(127,127,127)"},{"description":"Other","count":333,"tested":6495,"color":"rgb(148,103,189)"},{"description":"White","count":1012,"tested":25450,"color":"rgb(31,119,180)"}],"gender":[{"description":"Female","count":4163,"tested":67972,"color":"rgb(255,127,14)"},{"description":"Male","count":4507,"tested":69367,"color":"rgb(31,119,180)"},{"description":"Unknown/Left Blank","count":61,"tested":4474,"color":"rgb(44,160,44)"}]}
