{"age":[{"age_group":"<20","count":1523,"tested":12581},{"age_group":"20-29   ","count":1831,"tested":17817},{"age_group":"30-39   ","count":1732,"tested":17955},{"age_group":"40-49   ","count":1698,"tested":15656},{"age_group":"50-59   ","count":1329,"tested":14040},{"age_group":"60-69   ","count":747,"tested":10775},{"age_group":"70-79   ","count":372,"tested":6378},{"age_group":"80+","count":174,"tested":3181}],"race":[{"description":"Asian","count":91,"tested":1305,"color":"rgb(140,86,75)"},{"description":"Black","count":474,"tested":5233,"color":"rgb(255,127,14)"},{"description":"Hispanic","count":4527,"tested":27461,"color":"rgb(214,39,40)"},{"description":"Left Blank","count":2135,"tested":36692,"color":"rgb(44,160,44)"},{"description":"Other","count":672,"tested":6764,"color":"rgb(148,103,189)"},{"description":"White","count":1499,"tested":20808,"color":"rgb(31,119,180)"}],"gender":[{"description":"Female","count":4924,"tested":54218,"color":"rgb(255,127,14)"},{"description":"Male","count":4424,"tested":42095,"color":"rgb(31,119,180)"},{"description":"Unknown/Left Blank","count":59,"tested":2100,"color":"rgb(44,160,44)"}]}
