{"age":[{"age_group":"<20","count":67,"tested":692},{"age_group":"20-29   ","count":55,"tested":517},{"age_group":"30-39   ","count":48,"tested":488},{"age_group":"40-49   ","count":58,"tested":523},{"age_group":"50-59   ","count":50,"tested":622},{"age_group":"60-69   ","count":66,"tested":555},{"age_group":"70-79   ","count":41,"tested":408},{"age_group":"80+","count":19,"tested":233}],"race":[{"description":"Left Blank","count":69,"tested":1191,"color":"rgb(44,160,44)"},{"description":"White","count":323,"tested":2709,"color":"rgb(31,119,180)"}],"gender":[{"description":"Female","count":211,"tested":2472,"color":"rgb(255,127,14)"},{"description":"Male","count":193,"tested":1538,"color":"rgb(31,119,180)"}]}
