{"age":[{"age_group":"<20","count":494,"tested":8451},{"age_group":"20-29   ","count":459,"tested":7033},{"age_group":"30-39   ","count":462,"tested":7350},{"age_group":"40-49   ","count":420,"tested":6229},{"age_group":"50-59   ","count":429,"tested":7632},{"age_group":"60-69   ","count":298,"tested":6186},{"age_group":"70-79   ","count":139,"tested":4232},{"age_group":"80+","count":165,"tested":7272}],"race":[{"description":"Asian","count":143,"tested":2961,"color":"rgb(140,86,75)"},{"description":"Black","count":74,"tested":874,"color":"rgb(255,127,14)"},{"description":"Hispanic","count":327,"tested":2751,"color":"rgb(214,39,40)"},{"description":"Left Blank","count":593,"tested":21155,"color":"rgb(44,160,44)"},{"description":"Other","count":111,"tested":1272,"color":"rgb(148,103,189)"},{"description":"White","count":1616,"tested":25283,"color":"rgb(31,119,180)"}],"gender":[{"description":"Female","count":1461,"tested":29857,"color":"rgb(255,127,14)"},{"description":"Male","count":1381,"tested":22861,"color":"rgb(31,119,180)"},{"description":"Unknown/Left Blank","count":24,"tested":1677,"color":"rgb(44,160,44)"}]}
