{"age":[{"age_group":"<20","count":222,"tested":1974},{"age_group":"20-29   ","count":137,"tested":1804},{"age_group":"30-39   ","count":131,"tested":1540},{"age_group":"40-49   ","count":114,"tested":1372},{"age_group":"50-59   ","count":100,"tested":1585},{"age_group":"60-69   ","count":110,"tested":1304},{"age_group":"70-79   ","count":45,"tested":1219},{"age_group":"80+","count":49,"tested":1501}],"race":[{"description":"Black","count":8,"tested":144,"color":"rgb(255,127,14)"},{"description":"Hispanic","count":109,"tested":771,"color":"rgb(214,39,40)"},{"description":"Left Blank","count":50,"tested":2443,"color":"rgb(44,160,44)"},{"description":"Other","count":30,"tested":239,"color":"rgb(148,103,189)"},{"description":"White","count":710,"tested":8685,"color":"rgb(31,119,180)"}],"gender":[{"description":"Female","count":496,"tested":7002,"color":"rgb(255,127,14)"},{"description":"Male","count":406,"tested":4700,"color":"rgb(31,119,180)"},{"description":"Unknown/Left Blank","count":6,"tested":602,"color":"rgb(44,160,44)"}]}
