{"age":[{"age_group":"<20","count":937,"tested":10156},{"age_group":"20-29   ","count":1178,"tested":15564},{"age_group":"30-39   ","count":1054,"tested":12217},{"age_group":"40-49   ","count":1013,"tested":11776},{"age_group":"50-59   ","count":877,"tested":12686},{"age_group":"60-69   ","count":622,"tested":11295},{"age_group":"70-79   ","count":302,"tested":6523},{"age_group":"80+","count":233,"tested":4972}],"race":[{"description":"AI/AN**","count":6,"tested":67,"color":"rgb(31,119,180)"},{"description":"Asian","count":148,"tested":2838,"color":"rgb(140,86,75)"},{"description":"Black","count":381,"tested":5392,"color":"rgb(255,127,14)"},{"description":"Hispanic","count":2417,"tested":14919,"color":"rgb(214,39,40)"},{"description":"Left Blank","count":1701,"tested":38127,"color":"rgb(44,160,44)"},{"description":"Other","count":135,"tested":2599,"color":"rgb(148,103,189)"},{"description":"White","count":1427,"tested":21197,"color":"rgb(31,119,180)"}],"gender":[{"description":"Female","count":3297,"tested":49371,"color":"rgb(255,127,14)"},{"description":"Male","count":2860,"tested":34810,"color":"rgb(31,119,180)"},{"description":"Unknown/Left Blank","count":60,"tested":1040,"color":"rgb(44,160,44)"}]}
