{"age":[{"age_group":"<20","count":755,"tested":8314},{"age_group":"20-29   ","count":743,"tested":10235},{"age_group":"30-39   ","count":668,"tested":10199},{"age_group":"40-49   ","count":658,"tested":9391},{"age_group":"50-59   ","count":557,"tested":9492},{"age_group":"60-69   ","count":345,"tested":8099},{"age_group":"70-79   ","count":166,"tested":3540},{"age_group":"80+","count":138,"tested":2235}],"race":[{"description":"Asian","count":48,"tested":1148,"color":"rgb(140,86,75)"},{"description":"Black","count":689,"tested":9110,"color":"rgb(255,127,14)"},{"description":"Hispanic","count":1552,"tested":11246,"color":"rgb(214,39,40)"},{"description":"Left Blank","count":926,"tested":29060,"color":"rgb(44,160,44)"},{"description":"NH/PI*","count":9,"tested":87,"color":"rgb(127,127,127)"},{"description":"Other","count":106,"tested":1349,"color":"rgb(148,103,189)"},{"description":"White","count":697,"tested":9399,"color":"rgb(31,119,180)"}],"gender":[{"description":"Female","count":2130,"tested":37732,"color":"rgb(255,127,14)"},{"description":"Male","count":1843,"tested":23328,"color":"rgb(31,119,180)"},{"description":"Unknown/Left Blank","count":58,"tested":462,"color":"rgb(44,160,44)"}]}
