{"age":[{"age_group":"<20","count":232,"tested":2307},{"age_group":"20-29   ","count":367,"tested":3479},{"age_group":"30-39   ","count":319,"tested":3097},{"age_group":"40-49   ","count":250,"tested":2528},{"age_group":"50-59   ","count":318,"tested":3023},{"age_group":"60-69   ","count":232,"tested":3075},{"age_group":"70-79   ","count":112,"tested":2115},{"age_group":"80+","count":92,"tested":3300}],"race":[{"description":"Asian","count":68,"tested":707,"color":"rgb(140,86,75)"},{"description":"Black","count":36,"tested":391,"color":"rgb(255,127,14)"},{"description":"Hispanic","count":482,"tested":2385,"color":"rgb(214,39,40)"},{"description":"Left Blank","count":327,"tested":12254,"color":"rgb(44,160,44)"},{"description":"Other","count":67,"tested":574,"color":"rgb(148,103,189)"},{"description":"White","count":936,"tested":6591,"color":"rgb(31,119,180)"}],"gender":[{"description":"Female","count":979,"tested":13184,"color":"rgb(255,127,14)"},{"description":"Male","count":936,"tested":9536,"color":"rgb(31,119,180)"}]}
