{"age":[{"age_group":"<20","count":1133,"tested":10506},{"age_group":"20-29   ","count":1472,"tested":14767},{"age_group":"30-39   ","count":1273,"tested":11725},{"age_group":"40-49   ","count":1231,"tested":10006},{"age_group":"50-59   ","count":1035,"tested":10340},{"age_group":"60-69   ","count":562,"tested":6731},{"age_group":"70-79   ","count":229,"tested":3228},{"age_group":"80+","count":137,"tested":2633}],"race":[{"description":"Asian","count":173,"tested":3404,"color":"rgb(140,86,75)"},{"description":"Black","count":314,"tested":3387,"color":"rgb(255,127,14)"},{"description":"Hispanic","count":3484,"tested":17002,"color":"rgb(214,39,40)"},{"description":"Left Blank","count":1880,"tested":31970,"color":"rgb(44,160,44)"},{"description":"NH/PI*","count":23,"tested":42,"color":"rgb(127,127,127)"},{"description":"Other","count":167,"tested":1951,"color":"rgb(148,103,189)"},{"description":"White","count":1027,"tested":12147,"color":"rgb(31,119,180)"}],"gender":[{"description":"Female","count":3705,"tested":41027,"color":"rgb(255,127,14)"},{"description":"Male","count":3336,"tested":28153,"color":"rgb(31,119,180)"},{"description":"Unknown/Left Blank","count":31,"tested":770,"color":"rgb(44,160,44)"}]}
