{"age":[{"age_group":"<20","count":645,"tested":9290},{"age_group":"20-29   ","count":694,"tested":10865},{"age_group":"30-39   ","count":560,"tested":9074},{"age_group":"40-49   ","count":506,"tested":8283},{"age_group":"50-59   ","count":640,"tested":10578},{"age_group":"60-69   ","count":389,"tested":8591},{"age_group":"70-79   ","count":145,"tested":3763},{"age_group":"80+","count":137,"tested":3135}],"race":[{"description":"Asian","count":179,"tested":4480,"color":"rgb(140,86,75)"},{"description":"Black","count":286,"tested":4424,"color":"rgb(255,127,14)"},{"description":"Hispanic","count":752,"tested":6841,"color":"rgb(214,39,40)"},{"description":"Left Blank","count":761,"tested":18846,"color":"rgb(44,160,44)"},{"description":"NH/PI*","count":17,"tested":281,"color":"rgb(127,127,127)"},{"description":"Other","count":261,"tested":2588,"color":"rgb(148,103,189)"},{"description":"White","count":1455,"tested":26060,"color":"rgb(31,119,180)"}],"gender":[{"description":"Female","count":1950,"tested":36073,"color":"rgb(255,127,14)"},{"description":"Male","count":1737,"tested":26840,"color":"rgb(31,119,180)"},{"description":"Unknown/Left Blank","count":30,"tested":684,"color":"rgb(44,160,44)"}]}
