{"age":[{"age_group":"<20","count":920,"tested":21194},{"age_group":"20-29   ","count":737,"tested":11834},{"age_group":"30-39   ","count":614,"tested":12747},{"age_group":"40-49   ","count":652,"tested":11408},{"age_group":"50-59   ","count":679,"tested":12686},{"age_group":"60-69   ","count":449,"tested":10764},{"age_group":"70-79   ","count":241,"tested":6371},{"age_group":"80+","count":198,"tested":8132}],"race":[{"description":"AI/AN**","count":7,"tested":112,"color":"rgb(31,119,180)"},{"description":"Asian","count":197,"tested":5291,"color":"rgb(140,86,75)"},{"description":"Black","count":79,"tested":1854,"color":"rgb(255,127,14)"},{"description":"Hispanic","count":427,"tested":4981,"color":"rgb(214,39,40)"},{"description":"Left Blank","count":885,"tested":28161,"color":"rgb(44,160,44)"},{"description":"Other","count":169,"tested":2459,"color":"rgb(148,103,189)"},{"description":"White","count":2724,"tested":52349,"color":"rgb(31,119,180)"}],"gender":[{"description":"Female","count":2248,"tested":51481,"color":"rgb(255,127,14)"},{"description":"Male","count":2222,"tested":41511,"color":"rgb(31,119,180)"},{"description":"Unknown/Left Blank","count":20,"tested":2314,"color":"rgb(44,160,44)"}]}
