{"age":[{"age_group":"<20","count":583,"tested":7497},{"age_group":"20-29   ","count":529,"tested":6132},{"age_group":"30-39   ","count":444,"tested":5724},{"age_group":"40-49   ","count":500,"tested":5666},{"age_group":"50-59   ","count":623,"tested":7239},{"age_group":"60-69   ","count":374,"tested":5621},{"age_group":"70-79   ","count":112,"tested":2524},{"age_group":"80+","count":75,"tested":1830}],"race":[{"description":"Asian","count":114,"tested":1608,"color":"rgb(140,86,75)"},{"description":"Black","count":74,"tested":935,"color":"rgb(255,127,14)"},{"description":"Hispanic","count":352,"tested":2535,"color":"rgb(214,39,40)"},{"description":"Left Blank","count":900,"tested":16229,"color":"rgb(44,160,44)"},{"description":"NH/PI*","count":7,"tested":32,"color":"rgb(127,127,127)"},{"description":"Other","count":54,"tested":696,"color":"rgb(148,103,189)"},{"description":"White","count":1734,"tested":20122,"color":"rgb(31,119,180)"}],"gender":[{"description":"Female","count":1643,"tested":23869,"color":"rgb(255,127,14)"},{"description":"Male","count":1583,"tested":17877,"color":"rgb(31,119,180)"},{"description":"Unknown/Left Blank","count":14,"tested":497,"color":"rgb(44,160,44)"}]}
