{"age":[{"age_group":"<20","count":14,"tested":245},{"age_group":"20-29   ","count":9,"tested":144},{"age_group":"30-39   ","count":8,"tested":97},{"age_group":"50-59   ","count":10,"tested":169},{"age_group":"60-69   ","count":7,"tested":179}],"race":[{"description":"Left Blank","count":6,"tested":398,"color":"rgb(44,160,44)"},{"description":"Other","count":7,"tested":66,"color":"rgb(148,103,189)"},{"description":"White","count":39,"tested":500,"color":"rgb(31,119,180)"}],"gender":[{"description":"Female","count":25,"tested":514,"color":"rgb(255,127,14)"},{"description":"Male","count":29,"tested":475,"color":"rgb(31,119,180)"}]}
