{"age":[{"age_group":"<20","count":869,"tested":10197},{"age_group":"20-29   ","count":940,"tested":16040},{"age_group":"30-39   ","count":1014,"tested":16083},{"age_group":"40-49   ","count":1019,"tested":16172},{"age_group":"50-59   ","count":947,"tested":17465},{"age_group":"60-69   ","count":697,"tested":14073},{"age_group":"70-79   ","count":453,"tested":8675},{"age_group":"80+","count":303,"tested":5722}],"race":[{"description":"AI/AN**","count":7,"tested":80,"color":"rgb(31,119,180)"},{"description":"Black","count":4351,"tested":58255,"color":"rgb(255,127,14)"},{"description":"Hispanic","count":275,"tested":2103,"color":"rgb(214,39,40)"},{"description":"Left Blank","count":1366,"tested":40262,"color":"rgb(44,160,44)"},{"description":"Other","count":142,"tested":1536,"color":"rgb(148,103,189)"},{"description":"White","count":92,"tested":1989,"color":"rgb(31,119,180)"}],"gender":[{"description":"Female","count":3543,"tested":58841,"color":"rgb(255,127,14)"},{"description":"Male","count":2669,"tested":43330,"color":"rgb(31,119,180)"},{"description":"Unknown/Left Blank","count":30,"tested":2303,"color":"rgb(44,160,44)"}]}
