{"lastUpdatedDate":{"year":2021,"month":9,"day":8},"county_demographics":[{"County":"Woodford","confirmed_cases":5399,"total_tested":91656,"demographics":{"age":[{"race":[],"age_group":"<20","count":1144,"tested":16621,"deaths":0},{"race":[],"age_group":"20-29   ","count":707,"tested":12215,"deaths":0},{"race":[],"age_group":"30-39   ","count":742,"tested":11556,"deaths":0},{"race":[],"age_group":"40-49   ","count":752,"tested":11164,"deaths":0},{"race":[],"age_group":"50-59   ","count":790,"tested":11853,"deaths":0},{"race":[],"age_group":"60-69   ","count":633,"tested":9895,"deaths":0},{"race":[],"age_group":"70-79   ","count":332,"tested":6440,"deaths":0},{"race":[],"age_group":"80+","count":299,"tested":11882,"deaths":0},{"race":[],"age_group":"Unknown","count":0,"tested":30,"deaths":0}],"race":[{"description":"AI/AN**","count":0,"tested":61,"deaths":0,"color":"rgb(31,119,180)"},{"description":"Asian","count":10,"tested":315,"deaths":0,"color":"rgb(140,86,75)"},{"description":"Black","count":29,"tested":830,"deaths":0,"color":"rgb(255,127,14)"},{"description":"Hispanic","count":38,"tested":628,"deaths":0,"color":"rgb(214,39,40)"},{"description":"Left Blank","count":1882,"tested":30491,"deaths":0,"color":"rgb(44,160,44)"},{"description":"NH/PI*","count":0,"tested":16,"deaths":0,"color":"rgb(127,127,127)"},{"description":"Other","count":108,"tested":3008,"deaths":0,"color":"rgb(148,103,189)"},{"description":"White","count":3323,"tested":56307,"deaths":0,"color":"rgb(31,119,180)"}],"gender":[{"description":"Female","count":2760,"tested":55769,"deaths":0,"color":"rgb(255,127,14)"},{"description":"Male","count":2571,"tested":33401,"deaths":0,"color":"rgb(31,119,180)"},{"description":"Unknown/Left Blank","count":64,"tested":2486,"deaths":0,"color":"rgb(44,160,44)"}]}}]}
