{"lastUpdatedDate":{"year":2021,"month":9,"day":8},"county_demographics":[{"County":"Perry","confirmed_cases":3969,"total_tested":72802,"demographics":{"age":[{"race":[],"age_group":"<20","count":506,"tested":4107,"deaths":0},{"race":[],"age_group":"20-29   ","count":738,"tested":17233,"deaths":0},{"race":[],"age_group":"30-39   ","count":731,"tested":15852,"deaths":0},{"race":[],"age_group":"40-49   ","count":598,"tested":11794,"deaths":0},{"race":[],"age_group":"50-59   ","count":535,"tested":9481,"deaths":0},{"race":[],"age_group":"60-69   ","count":404,"tested":5540,"deaths":0},{"race":[],"age_group":"70-79   ","count":248,"tested":3446,"deaths":0},{"race":[],"age_group":"80+","count":203,"tested":3671,"deaths":0},{"race":[],"age_group":"Unknown","count":6,"tested":1678,"deaths":0}],"race":[{"description":"AI/AN**","count":0,"tested":0,"deaths":0,"color":"rgb(31,119,180)"},{"description":"Asian","count":12,"tested":47,"deaths":0,"color":"rgb(140,86,75)"},{"description":"Black","count":254,"tested":602,"deaths":0,"color":"rgb(255,127,14)"},{"description":"Hispanic","count":57,"tested":171,"deaths":0,"color":"rgb(214,39,40)"},{"description":"Left Blank","count":1132,"tested":53543,"deaths":0,"color":"rgb(44,160,44)"},{"description":"NH/PI*","count":0,"tested":12,"deaths":0,"color":"rgb(127,127,127)"},{"description":"Other","count":29,"tested":252,"deaths":0,"color":"rgb(148,103,189)"},{"description":"White","count":2481,"tested":18170,"deaths":0,"color":"rgb(31,119,180)"}],"gender":[{"description":"Female","count":1697,"tested":22464,"deaths":0,"color":"rgb(255,127,14)"},{"description":"Male","count":1944,"tested":31916,"deaths":0,"color":"rgb(31,119,180)"},{"description":"Unknown/Left Blank","count":328,"tested":18422,"deaths":0,"color":"rgb(44,160,44)"}]}}]}
