{"lastUpdatedDate":{"year":2021,"month":9,"day":8},"county_demographics":[{"County":"Putnam","confirmed_cases":528,"total_tested":8641,"demographics":{"age":[{"race":[],"age_group":"<20","count":80,"tested":1061,"deaths":0},{"race":[],"age_group":"20-29   ","count":81,"tested":928,"deaths":0},{"race":[],"age_group":"30-39   ","count":73,"tested":1423,"deaths":0},{"race":[],"age_group":"40-49   ","count":69,"tested":1363,"deaths":0},{"race":[],"age_group":"50-59   ","count":99,"tested":1870,"deaths":0},{"race":[],"age_group":"60-69   ","count":73,"tested":1249,"deaths":0},{"race":[],"age_group":"70-79   ","count":34,"tested":490,"deaths":0},{"race":[],"age_group":"80+","count":11,"tested":256,"deaths":0},{"race":[],"age_group":"Unknown","count":0,"tested":0,"deaths":0}],"race":[{"description":"AI/AN**","count":0,"tested":0,"deaths":0,"color":"rgb(31,119,180)"},{"description":"Asian","count":0,"tested":8,"deaths":0,"color":"rgb(140,86,75)"},{"description":"Black","count":0,"tested":25,"deaths":0,"color":"rgb(255,127,14)"},{"description":"Hispanic","count":14,"tested":209,"deaths":0,"color":"rgb(214,39,40)"},{"description":"Left Blank","count":204,"tested":4116,"deaths":0,"color":"rgb(44,160,44)"},{"description":"NH/PI*","count":0,"tested":93,"deaths":0,"color":"rgb(127,127,127)"},{"description":"Other","count":0,"tested":72,"deaths":0,"color":"rgb(148,103,189)"},{"description":"White","count":296,"tested":4117,"deaths":0,"color":"rgb(31,119,180)"}],"gender":[{"description":"Female","count":283,"tested":4889,"deaths":0,"color":"rgb(255,127,14)"},{"description":"Male","count":226,"tested":2175,"deaths":0,"color":"rgb(31,119,180)"},{"description":"Unknown/Left Blank","count":19,"tested":1577,"deaths":0,"color":"rgb(44,160,44)"}]}}]}
