{"lastUpdatedDate":{"year":2021,"month":9,"day":8},"county_demographics":[{"County":"Ford","confirmed_cases":2272,"total_tested":39535,"demographics":{"age":[{"race":[],"age_group":"<20","count":487,"tested":6317,"deaths":0},{"race":[],"age_group":"20-29   ","count":314,"tested":5558,"deaths":0},{"race":[],"age_group":"30-39   ","count":303,"tested":5271,"deaths":0},{"race":[],"age_group":"40-49   ","count":275,"tested":4715,"deaths":0},{"race":[],"age_group":"50-59   ","count":265,"tested":5066,"deaths":0},{"race":[],"age_group":"60-69   ","count":256,"tested":4849,"deaths":0},{"race":[],"age_group":"70-79   ","count":153,"tested":2976,"deaths":0},{"race":[],"age_group":"80+","count":219,"tested":4770,"deaths":0},{"race":[],"age_group":"Unknown","count":0,"tested":13,"deaths":0}],"race":[{"description":"AI/AN**","count":0,"tested":21,"deaths":0,"color":"rgb(31,119,180)"},{"description":"Asian","count":0,"tested":111,"deaths":0,"color":"rgb(140,86,75)"},{"description":"Black","count":13,"tested":375,"deaths":0,"color":"rgb(255,127,14)"},{"description":"Hispanic","count":75,"tested":642,"deaths":0,"color":"rgb(214,39,40)"},{"description":"Left Blank","count":279,"tested":9272,"deaths":0,"color":"rgb(44,160,44)"},{"description":"NH/PI*","count":0,"tested":32,"deaths":0,"color":"rgb(127,127,127)"},{"description":"Other","count":40,"tested":515,"deaths":0,"color":"rgb(148,103,189)"},{"description":"White","count":1856,"tested":28567,"deaths":0,"color":"rgb(31,119,180)"}],"gender":[{"description":"Female","count":1237,"tested":24708,"deaths":0,"color":"rgb(255,127,14)"},{"description":"Male","count":1018,"tested":13953,"deaths":0,"color":"rgb(31,119,180)"},{"description":"Unknown/Left Blank","count":17,"tested":874,"deaths":0,"color":"rgb(44,160,44)"}]}}]}
