{"lastUpdatedDate":{"year":2021,"month":9,"day":8},"county_demographics":[{"County":"Wabash","confirmed_cases":1870,"total_tested":20053,"demographics":{"age":[{"race":[],"age_group":"<20","count":395,"tested":3351,"deaths":0},{"race":[],"age_group":"20-29   ","count":233,"tested":2825,"deaths":0},{"race":[],"age_group":"30-39   ","count":244,"tested":2542,"deaths":0},{"race":[],"age_group":"40-49   ","count":255,"tested":2648,"deaths":0},{"race":[],"age_group":"50-59   ","count":270,"tested":2778,"deaths":0},{"race":[],"age_group":"60-69   ","count":233,"tested":2206,"deaths":0},{"race":[],"age_group":"70-79   ","count":129,"tested":1170,"deaths":0},{"race":[],"age_group":"80+","count":111,"tested":2498,"deaths":0},{"race":[],"age_group":"Unknown","count":0,"tested":35,"deaths":0}],"race":[{"description":"AI/AN**","count":0,"tested":0,"deaths":0,"color":"rgb(31,119,180)"},{"description":"Asian","count":0,"tested":13,"deaths":0,"color":"rgb(140,86,75)"},{"description":"Black","count":8,"tested":100,"deaths":0,"color":"rgb(255,127,14)"},{"description":"Hispanic","count":18,"tested":77,"deaths":0,"color":"rgb(214,39,40)"},{"description":"Left Blank","count":241,"tested":8171,"deaths":0,"color":"rgb(44,160,44)"},{"description":"NH/PI*","count":0,"tested":0,"deaths":0,"color":"rgb(127,127,127)"},{"description":"Other","count":0,"tested":40,"deaths":0,"color":"rgb(148,103,189)"},{"description":"White","count":1582,"tested":11647,"deaths":0,"color":"rgb(31,119,180)"}],"gender":[{"description":"Female","count":1009,"tested":12874,"deaths":0,"color":"rgb(255,127,14)"},{"description":"Male","count":841,"tested":6609,"deaths":0,"color":"rgb(31,119,180)"},{"description":"Unknown/Left Blank","count":20,"tested":570,"deaths":0,"color":"rgb(44,160,44)"}]}}]}
