{"lastUpdatedDate":{"year":2021,"month":9,"day":8},"county_demographics":[{"County":"Kane","confirmed_cases":64350,"total_tested":851857,"demographics":{"age":[{"race":[],"age_group":"<20","count":12215,"tested":137446,"deaths":0},{"race":[],"age_group":"20-29   ","count":11673,"tested":144769,"deaths":0},{"race":[],"age_group":"30-39   ","count":10135,"tested":123532,"deaths":0},{"race":[],"age_group":"40-49   ","count":10536,"tested":114860,"deaths":0},{"race":[],"age_group":"50-59   ","count":9634,"tested":123427,"deaths":0},{"race":[],"age_group":"60-69   ","count":5622,"tested":93741,"deaths":0},{"race":[],"age_group":"70-79   ","count":2673,"tested":59553,"deaths":0},{"race":[],"age_group":"80+","count":1836,"tested":53971,"deaths":0},{"race":[],"age_group":"Unknown","count":26,"tested":558,"deaths":0}],"race":[{"description":"AI/AN**","count":70,"tested":765,"deaths":0,"color":"rgb(31,119,180)"},{"description":"Asian","count":1429,"tested":24400,"deaths":0,"color":"rgb(140,86,75)"},{"description":"Black","count":2591,"tested":35833,"deaths":0,"color":"rgb(255,127,14)"},{"description":"Hispanic","count":20483,"tested":124104,"deaths":0,"color":"rgb(214,39,40)"},{"description":"Left Blank","count":15441,"tested":361353,"deaths":0,"color":"rgb(44,160,44)"},{"description":"NH/PI*","count":51,"tested":748,"deaths":0,"color":"rgb(127,127,127)"},{"description":"Other","count":1655,"tested":21582,"deaths":0,"color":"rgb(148,103,189)"},{"description":"White","count":22630,"tested":283072,"deaths":0,"color":"rgb(31,119,180)"}],"gender":[{"description":"Female","count":32924,"tested":472090,"deaths":0,"color":"rgb(255,127,14)"},{"description":"Male","count":31062,"tested":356495,"deaths":0,"color":"rgb(31,119,180)"},{"description":"Unknown/Left Blank","count":364,"tested":23272,"deaths":0,"color":"rgb(44,160,44)"}]}}]}
