{"lastUpdatedDate":{"year":2021,"month":9,"day":8},"county_demographics":[{"County":"Jefferson","confirmed_cases":5704,"total_tested":72696,"demographics":{"age":[{"race":[],"age_group":"<20","count":828,"tested":6365,"deaths":0},{"race":[],"age_group":"20-29   ","count":817,"tested":11190,"deaths":0},{"race":[],"age_group":"30-39   ","count":848,"tested":13043,"deaths":0},{"race":[],"age_group":"40-49   ","count":820,"tested":12497,"deaths":0},{"race":[],"age_group":"50-59   ","count":852,"tested":11100,"deaths":0},{"race":[],"age_group":"60-69   ","count":708,"tested":7408,"deaths":0},{"race":[],"age_group":"70-79   ","count":464,"tested":5029,"deaths":0},{"race":[],"age_group":"80+","count":365,"tested":5598,"deaths":0},{"race":[],"age_group":"Unknown","count":0,"tested":466,"deaths":0}],"race":[{"description":"AI/AN**","count":0,"tested":35,"deaths":0,"color":"rgb(31,119,180)"},{"description":"Asian","count":17,"tested":191,"deaths":0,"color":"rgb(140,86,75)"},{"description":"Black","count":270,"tested":2894,"deaths":0,"color":"rgb(255,127,14)"},{"description":"Hispanic","count":115,"tested":776,"deaths":0,"color":"rgb(214,39,40)"},{"description":"Left Blank","count":2261,"tested":37602,"deaths":0,"color":"rgb(44,160,44)"},{"description":"NH/PI*","count":0,"tested":33,"deaths":0,"color":"rgb(127,127,127)"},{"description":"Other","count":83,"tested":1825,"deaths":0,"color":"rgb(148,103,189)"},{"description":"White","count":2951,"tested":29340,"deaths":0,"color":"rgb(31,119,180)"}],"gender":[{"description":"Female","count":2819,"tested":33455,"deaths":0,"color":"rgb(255,127,14)"},{"description":"Male","count":2619,"tested":26369,"deaths":0,"color":"rgb(31,119,180)"},{"description":"Unknown/Left Blank","count":265,"tested":12872,"deaths":0,"color":"rgb(44,160,44)"}]}}]}
