{"age":[{"age_group":"<20","count":27,"tested":152},{"age_group":"20-29   ","count":22,"tested":179},{"age_group":"30-39   ","count":24,"tested":181},{"age_group":"40-49   ","count":32,"tested":171},{"age_group":"50-59   ","count":19,"tested":154},{"age_group":"60-69   ","count":27,"tested":205},{"age_group":"70-79   ","count":20,"tested":102}],"race":[{"description":"Left Blank","count":50,"tested":684,"color":"rgb(44,160,44)"},{"description":"White","count":67,"tested":472,"color":"rgb(31,119,180)"}],"gender":[{"description":"Female","count":61,"tested":642,"color":"rgb(255,127,14)"},{"description":"Male","count":64,"tested":550,"color":"rgb(31,119,180)"}]}
