{"age":[{"age_group":"50-59   ","count":8,"tested":198},{"age_group":"60-69   ","count":8,"tested":374},{"age_group":"70-79   ","count":10,"tested":596}],"race":[{"description":"Left Blank","count":11,"tested":148,"color":"rgb(44,160,44)"},{"description":"White","count":7,"tested":117,"color":"rgb(31,119,180)"},{"description":"Black","count":13,"tested":190,"color":"rgb(255,127,14)"}],"gender":[{"description":"Male","count":28,"tested":1554,"color":"rgb(31,119,180)"},{"description":"Female","count":12,"tested":219,"color":"rgb(255,127,14)"}]}
