{"age":[{"age_group":"<20","count":210,"tested":1728},{"age_group":"20-29   ","count":355,"tested":2691},{"age_group":"30-39   ","count":259,"tested":2273},{"age_group":"40-49   ","count":289,"tested":2669},{"age_group":"50-59   ","count":280,"tested":3000},{"age_group":"60-69   ","count":160,"tested":2733},{"age_group":"70-79   ","count":79,"tested":1992},{"age_group":"80+","count":77,"tested":2442}],"race":[{"description":"Left Blank","count":493,"tested":11215,"color":"rgb(44,160,44)"},{"description":"White","count":337,"tested":3632,"color":"rgb(31,119,180)"},{"description":"Asian","count":34,"tested":235,"color":"rgb(140,86,75)"},{"description":"Other","count":75,"tested":617,"color":"rgb(148,103,189)"},{"description":"Hispanic","count":717,"tested":3531,"color":"rgb(214,39,40)"},{"description":"Black","count":28,"tested":273,"color":"rgb(255,127,14)"}],"gender":[{"description":"Female","count":835,"tested":11677,"color":"rgb(255,127,14)"},{"description":"Male","count":797,"tested":7735,"color":"rgb(31,119,180)"},{"description":"Unknown/Left Blank","count":22,"tested":117,"color":"rgb(44,160,44)"}]}
