{"age":[{"age_group":"<20","count":24,"tested":325},{"age_group":"20-29   ","count":36,"tested":258},{"age_group":"30-39   ","count":30,"tested":236},{"age_group":"40-49   ","count":28,"tested":229},{"age_group":"50-59   ","count":31,"tested":219},{"age_group":"60-69   ","count":16,"tested":109}],"race":[{"description":"Hispanic","count":19,"tested":76,"color":"rgb(214,39,40)"},{"description":"White","count":80,"tested":652,"color":"rgb(31,119,180)"},{"description":"Left Blank","count":58,"tested":665,"color":"rgb(44,160,44)"}],"gender":[{"description":"Female","count":81,"tested":831,"color":"rgb(255,127,14)"},{"description":"Male","count":77,"tested":592,"color":"rgb(31,119,180)"}]}
