{"age":[{"age_group":"<20","count":58,"tested":370},{"age_group":"20-29   ","count":67,"tested":421},{"age_group":"30-39   ","count":45,"tested":384},{"age_group":"40-49   ","count":55,"tested":356},{"age_group":"50-59   ","count":83,"tested":555},{"age_group":"60-69   ","count":54,"tested":423},{"age_group":"70-79   ","count":28,"tested":242},{"age_group":"80+","count":22,"tested":106}],"race":[{"description":"Hispanic","count":34,"tested":73,"color":"rgb(214,39,40)"},{"description":"White","count":180,"tested":1752,"color":"rgb(31,119,180)"},{"description":"Left Blank","count":121,"tested":912,"color":"rgb(44,160,44)"},{"description":"Other","count":20,"tested":83,"color":"rgb(148,103,189)"}],"gender":[{"description":"Female","count":171,"tested":1586,"color":"rgb(255,127,14)"},{"description":"Male","count":154,"tested":1258,"color":"rgb(31,119,180)"}]}
