{"age":[{"age_group":"<20","count":40,"tested":238},{"age_group":"20-29   ","count":30,"tested":249},{"age_group":"30-39   ","count":23,"tested":252},{"age_group":"40-49   ","count":28,"tested":232},{"age_group":"50-59   ","count":30,"tested":338},{"age_group":"60-69   ","count":27,"tested":339},{"age_group":"70-79   ","count":13,"tested":103}],"race":[{"description":"Left Blank","count":52,"tested":748,"color":"rgb(44,160,44)"},{"description":"White","count":98,"tested":997,"color":"rgb(31,119,180)"},{"description":"Hispanic","count":17,"tested":60,"color":"rgb(214,39,40)"}],"gender":[{"description":"Female","count":96,"tested":1035,"color":"rgb(255,127,14)"},{"description":"Male","count":67,"tested":770,"color":"rgb(31,119,180)"}]}
