{"age":[{"age_group":"<20","count":54,"tested":338},{"age_group":"20-29   ","count":115,"tested":949},{"age_group":"30-39   ","count":86,"tested":915},{"age_group":"40-49   ","count":110,"tested":1001},{"age_group":"50-59   ","count":77,"tested":944},{"age_group":"60-69   ","count":64,"tested":1045},{"age_group":"70-79   ","count":24,"tested":632},{"age_group":"80+","count":23,"tested":529}],"race":[{"description":"Black","count":148,"tested":1385,"color":"rgb(255,127,14)"},{"description":"White","count":58,"tested":604,"color":"rgb(31,119,180)"},{"description":"Asian","count":14,"tested":64,"color":"rgb(140,86,75)"},{"description":"Hispanic","count":169,"tested":699,"color":"rgb(214,39,40)"},{"description":"Left Blank","count":140,"tested":3400,"color":"rgb(44,160,44)"},{"description":"Other","count":18,"tested":213,"color":"rgb(148,103,189)"}],"gender":[{"description":"Female","count":272,"tested":3329,"color":"rgb(255,127,14)"},{"description":"Male","count":254,"tested":2607,"color":"rgb(31,119,180)"},{"description":"Unknown/Left Blank","count":12,"tested":430,"color":"rgb(44,160,44)"}]}
