{"age":[{"age_group":"<20","count":96,"tested":1103},{"age_group":"20-29   ","count":106,"tested":1242},{"age_group":"30-39   ","count":96,"tested":1240},{"age_group":"40-49   ","count":142,"tested":1520},{"age_group":"50-59   ","count":86,"tested":1105},{"age_group":"60-69   ","count":39,"tested":516},{"age_group":"70-79   ","count":21,"tested":247}],"race":[{"description":"White","count":140,"tested":2035,"color":"rgb(31,119,180)"},{"description":"Asian","count":50,"tested":536,"color":"rgb(140,86,75)"},{"description":"Hispanic","count":87,"tested":556,"color":"rgb(214,39,40)"},{"description":"Black","count":57,"tested":496,"color":"rgb(255,127,14)"},{"description":"Other","count":35,"tested":289,"color":"rgb(148,103,189)"},{"description":"Left Blank","count":208,"tested":3121,"color":"rgb(44,160,44)"}],"gender":[{"description":"Male","count":245,"tested":3077,"color":"rgb(31,119,180)"},{"description":"Female","count":285,"tested":3951,"color":"rgb(255,127,14)"}]}
