{"age":[{"age_group":"<20","count":337,"tested":3056},{"age_group":"20-29   ","count":371,"tested":3409},{"age_group":"30-39   ","count":371,"tested":3175},{"age_group":"40-49   ","count":291,"tested":2852},{"age_group":"50-59   ","count":282,"tested":2816},{"age_group":"60-69   ","count":235,"tested":2302},{"age_group":"70-79   ","count":182,"tested":1639},{"age_group":"80+","count":115,"tested":1227}],"race":[{"description":"Other","count":56,"tested":373,"color":"rgb(148,103,189)"},{"description":"Black","count":194,"tested":1493,"color":"rgb(255,127,14)"},{"description":"Left Blank","count":444,"tested":9476,"color":"rgb(44,160,44)"},{"description":"Asian","count":83,"tested":357,"color":"rgb(140,86,75)"},{"description":"White","count":787,"tested":6392,"color":"rgb(31,119,180)"},{"description":"Hispanic","count":586,"tested":2381,"color":"rgb(214,39,40)"}],"gender":[{"description":"Unknown/Left Blank","count":25,"tested":563,"color":"rgb(44,160,44)"},{"description":"Male","count":960,"tested":7805,"color":"rgb(31,119,180)"},{"description":"Female","count":1114,"tested":12118,"color":"rgb(255,127,14)"}]}
