{"age":[{"age_group":"<20","count":37,"tested":129},{"age_group":"20-29   ","count":28,"tested":197},{"age_group":"30-39   ","count":27,"tested":212},{"age_group":"40-49   ","count":33,"tested":152},{"age_group":"50-59   ","count":40,"tested":251},{"age_group":"60-69   ","count":27,"tested":245}],"race":[{"description":"Hispanic","count":21,"tested":48,"color":"rgb(214,39,40)"},{"description":"White","count":79,"tested":732,"color":"rgb(31,119,180)"},{"description":"Left Blank","count":57,"tested":501,"color":"rgb(44,160,44)"}],"gender":[{"description":"Female","count":75,"tested":750,"color":"rgb(255,127,14)"},{"description":"Male","count":73,"tested":629,"color":"rgb(31,119,180)"}]}
