{"age":[{"age_group":"<20","count":17,"tested":262},{"age_group":"20-29   ","count":27,"tested":326},{"age_group":"30-39   ","count":27,"tested":334},{"age_group":"40-49   ","count":21,"tested":371},{"age_group":"50-59   ","count":31,"tested":372},{"age_group":"60-69   ","count":15,"tested":350},{"age_group":"70-79   ","count":17,"tested":231}],"race":[{"description":"Hispanic","count":8,"tested":47,"color":"rgb(214,39,40)"},{"description":"White","count":95,"tested":1482,"color":"rgb(31,119,180)"},{"description":"Left Blank","count":43,"tested":1315,"color":"rgb(44,160,44)"},{"description":"Other","count":8,"tested":25,"color":"rgb(148,103,189)"}],"gender":[{"description":"Male","count":74,"tested":772,"color":"rgb(31,119,180)"},{"description":"Female","count":75,"tested":2088,"color":"rgb(255,127,14)"}]}
