{"age":[{"age_group":"<20","count":289,"tested":2012},{"age_group":"20-29   ","count":389,"tested":3089},{"age_group":"30-39   ","count":325,"tested":2839},{"age_group":"40-49   ","count":308,"tested":2337},{"age_group":"50-59   ","count":337,"tested":2775},{"age_group":"60-69   ","count":214,"tested":2446},{"age_group":"70-79   ","count":97,"tested":1219},{"age_group":"80+","count":89,"tested":709}],"race":[{"description":"Hispanic","count":697,"tested":2809,"color":"rgb(214,39,40)"},{"description":"Left Blank","count":435,"tested":6441,"color":"rgb(44,160,44)"},{"description":"White","count":473,"tested":6459,"color":"rgb(31,119,180)"},{"description":"Black","count":83,"tested":226,"color":"rgb(255,127,14)"},{"description":"Asian","count":98,"tested":627,"color":"rgb(140,86,75)"},{"description":"Other","count":139,"tested":773,"color":"rgb(148,103,189)"}],"gender":[{"description":"Unknown/Left Blank","count":68,"tested":194,"color":"rgb(44,160,44)"},{"description":"Male","count":861,"tested":7571,"color":"rgb(31,119,180)"},{"description":"Female","count":819,"tested":9663,"color":"rgb(255,127,14)"}]}
