{"age":[{"age_group":"<20","count":224,"tested":2572},{"age_group":"20-29   ","count":301,"tested":2885},{"age_group":"30-39   ","count":251,"tested":2525},{"age_group":"40-49   ","count":236,"tested":2149},{"age_group":"50-59   ","count":241,"tested":2387},{"age_group":"60-69   ","count":182,"tested":1935},{"age_group":"70-79   ","count":99,"tested":854},{"age_group":"80+","count":61,"tested":716}],"race":[{"description":"Black","count":101,"tested":625,"color":"rgb(255,127,14)"},{"description":"Asian","count":48,"tested":285,"color":"rgb(140,86,75)"},{"description":"Hispanic","count":147,"tested":698,"color":"rgb(214,39,40)"},{"description":"White","count":842,"tested":7409,"color":"rgb(31,119,180)"},{"description":"Other","count":38,"tested":217,"color":"rgb(148,103,189)"},{"description":"Left Blank","count":367,"tested":6781,"color":"rgb(44,160,44)"}],"gender":[{"description":"Unknown/Left Blank","count":33,"tested":259,"color":"rgb(44,160,44)"},{"description":"Male","count":654,"tested":6370,"color":"rgb(31,119,180)"},{"description":"Female","count":779,"tested":9396,"color":"rgb(255,127,14)"}]}
