{"age":[{"age_group":"20-29   ","count":16,"tested":150},{"age_group":"30-39   ","count":16,"tested":176},{"age_group":"40-49   ","count":21,"tested":132},{"age_group":"50-59   ","count":17,"tested":137},{"age_group":"60-69   ","count":17,"tested":129}],"race":[{"description":"Left Blank","count":18,"tested":306,"color":"rgb(44,160,44)"},{"description":"White","count":46,"tested":1447,"color":"rgb(31,119,180)"}],"gender":[{"description":"Male","count":29,"tested":425,"color":"rgb(31,119,180)"},{"description":"Female","count":36,"tested":1319,"color":"rgb(255,127,14)"}]}
