{"age":[{"age_group":"<20","count":15,"tested":144},{"age_group":"20-29   ","count":35,"tested":382},{"age_group":"30-39   ","count":40,"tested":444},{"age_group":"40-49   ","count":27,"tested":337},{"age_group":"50-59   ","count":16,"tested":209},{"age_group":"60-69   ","count":12,"tested":203}],"race":[{"description":"Asian","count":16,"tested":145,"color":"rgb(140,86,75)"},{"description":"Hispanic","count":14,"tested":74,"color":"rgb(214,39,40)"},{"description":"White","count":47,"tested":453,"color":"rgb(31,119,180)"},{"description":"Left Blank","count":62,"tested":1103,"color":"rgb(44,160,44)"}],"gender":[{"description":"Male","count":66,"tested":803,"color":"rgb(31,119,180)"},{"description":"Female","count":76,"tested":1050,"color":"rgb(255,127,14)"}]}
