{"age":[{"age_group":"<20","count":621,"tested":1202},{"age_group":"20-29   ","count":512,"tested":3057},{"age_group":"30-39   ","count":225,"tested":1215},{"age_group":"40-49   ","count":206,"tested":1158},{"age_group":"50-59   ","count":166,"tested":1158},{"age_group":"60-69   ","count":125,"tested":877},{"age_group":"70-79   ","count":63,"tested":317},{"age_group":"80+","count":39,"tested":172}],"race":[{"description":"Other","count":77,"tested":354,"color":"rgb(148,103,189)"},{"description":"Black","count":395,"tested":2029,"color":"rgb(255,127,14)"},{"description":"White","count":502,"tested":1649,"color":"rgb(31,119,180)"},{"description":"Asian","count":74,"tested":435,"color":"rgb(140,86,75)"},{"description":"Left Blank","count":158,"tested":1929,"color":"rgb(44,160,44)"},{"description":"NH/PI*","count":28,"tested":44,"color":"rgb(127,127,127)"},{"description":"Hispanic","count":695,"tested":2708,"color":"rgb(214,39,40)"},{"description":"AI/AN**","count":28,"tested":14,"color":"rgb(31,119,180)"}],"gender":[{"description":"Unknown/Left Blank","count":34,"tested":139,"color":"rgb(44,160,44)"},{"description":"Male","count":1120,"tested":3736,"color":"rgb(31,119,180)"},{"description":"Female","count":728,"tested":5287,"color":"rgb(255,127,14)"}]}
