{"age":[{"age_group":"<20","count":271,"tested":2906},{"age_group":"20-29   ","count":433,"tested":5028},{"age_group":"30-39   ","count":477,"tested":5055},{"age_group":"40-49   ","count":510,"tested":5489},{"age_group":"50-59   ","count":481,"tested":6848},{"age_group":"60-69   ","count":355,"tested":5851},{"age_group":"70-79   ","count":226,"tested":3182},{"age_group":"80+","count":142,"tested":1827}],"race":[{"description":"Hispanic","count":95,"tested":494,"color":"rgb(214,39,40)"},{"description":"Asian","count":17,"tested":56,"color":"rgb(140,86,75)"},{"description":"White","count":68,"tested":401,"color":"rgb(31,119,180)"},{"description":"Black","count":1839,"tested":20404,"color":"rgb(255,127,14)"},{"description":"Other","count":97,"tested":574,"color":"rgb(148,103,189)"},{"description":"Left Blank","count":754,"tested":14195,"color":"rgb(44,160,44)"}],"gender":[{"description":"Female","count":1586,"tested":20444,"color":"rgb(255,127,14)"},{"description":"Unknown/Left Blank","count":53,"tested":1068,"color":"rgb(44,160,44)"},{"description":"Male","count":1206,"tested":14690,"color":"rgb(31,119,180)"}]}
