{"age":[{"age_group":"<20","count":66,"tested":488},{"age_group":"20-29   ","count":66,"tested":821},{"age_group":"30-39   ","count":61,"tested":770},{"age_group":"40-49   ","count":77,"tested":1029},{"age_group":"50-59   ","count":83,"tested":1148},{"age_group":"60-69   ","count":67,"tested":1109},{"age_group":"70-79   ","count":34,"tested":541},{"age_group":"80+","count":23,"tested":341}],"race":[{"description":"Other","count":11,"tested":83,"color":"rgb(148,103,189)"},{"description":"Black","count":215,"tested":2368,"color":"rgb(255,127,14)"},{"description":"White","count":46,"tested":552,"color":"rgb(31,119,180)"},{"description":"Left Blank","count":169,"tested":3042,"color":"rgb(44,160,44)"},{"description":"Hispanic","count":32,"tested":179,"color":"rgb(214,39,40)"}],"gender":[{"description":"Male","count":223,"tested":2389,"color":"rgb(31,119,180)"},{"description":"Female","count":247,"tested":3669,"color":"rgb(255,127,14)"}]}
