{"age":[{"age_group":"<20","count":65,"tested":780},{"age_group":"20-29   ","count":375,"tested":5635},{"age_group":"30-39   ","count":331,"tested":6316},{"age_group":"40-49   ","count":118,"tested":1726},{"age_group":"50-59   ","count":84,"tested":1054},{"age_group":"60-69   ","count":83,"tested":798},{"age_group":"70-79   ","count":56,"tested":396},{"age_group":"80+","count":51,"tested":177}],"race":[{"description":"Black","count":98,"tested":1021,"color":"rgb(255,127,14)"},{"description":"Asian","count":46,"tested":510,"color":"rgb(140,86,75)"},{"description":"Hispanic","count":229,"tested":1556,"color":"rgb(214,39,40)"},{"description":"White","count":322,"tested":5141,"color":"rgb(31,119,180)"},{"description":"Other","count":67,"tested":732,"color":"rgb(148,103,189)"},{"description":"Left Blank","count":348,"tested":7893,"color":"rgb(44,160,44)"}],"gender":[{"description":"Female","count":488,"tested":8988,"color":"rgb(255,127,14)"},{"description":"Male","count":504,"tested":7655,"color":"rgb(31,119,180)"},{"description":"Unknown/Left Blank","count":42,"tested":245,"color":"rgb(44,160,44)"}]}
