{"age":[{"age_group":"<20","count":121,"tested":1132},{"age_group":"20-29   ","count":179,"tested":1568},{"age_group":"30-39   ","count":146,"tested":1419},{"age_group":"40-49   ","count":144,"tested":1483},{"age_group":"50-59   ","count":150,"tested":1848},{"age_group":"60-69   ","count":97,"tested":1451},{"age_group":"70-79   ","count":61,"tested":808},{"age_group":"80+","count":74,"tested":541}],"race":[{"description":"Hispanic","count":187,"tested":975,"color":"rgb(214,39,40)"},{"description":"White","count":346,"tested":4563,"color":"rgb(31,119,180)"},{"description":"Left Blank","count":264,"tested":3831,"color":"rgb(44,160,44)"},{"description":"Other","count":39,"tested":262,"color":"rgb(148,103,189)"},{"description":"Asian","count":38,"tested":232,"color":"rgb(140,86,75)"},{"description":"Black","count":58,"tested":383,"color":"rgb(255,127,14)"}],"gender":[{"description":"Female","count":453,"tested":5679,"color":"rgb(255,127,14)"},{"description":"Male","count":395,"tested":4445,"color":"rgb(31,119,180)"}]}
