{"age":[{"age_group":"<20","count":9,"tested":146},{"age_group":"30-39   ","count":9,"tested":126},{"age_group":"40-49   ","count":12,"tested":90},{"age_group":"50-59   ","count":12,"tested":133},{"age_group":"60-69   ","count":8,"tested":119},{"age_group":"70-79   ","count":9,"tested":56}],"race":[{"description":"Left Blank","count":16,"tested":260,"color":"rgb(44,160,44)"},{"description":"White","count":50,"tested":536,"color":"rgb(31,119,180)"}],"gender":[{"description":"Female","count":30,"tested":509,"color":"rgb(255,127,14)"},{"description":"Male","count":36,"tested":291,"color":"rgb(31,119,180)"}]}
