{"age":[{"age_group":"<20","count":300,"tested":2562},{"age_group":"20-29   ","count":447,"tested":4789},{"age_group":"30-39   ","count":389,"tested":5071},{"age_group":"40-49   ","count":299,"tested":3745},{"age_group":"50-59   ","count":358,"tested":4729},{"age_group":"60-69   ","count":236,"tested":3865},{"age_group":"70-79   ","count":117,"tested":2305},{"age_group":"80+","count":123,"tested":3425}],"race":[{"description":"Left Blank","count":724,"tested":17211,"color":"rgb(44,160,44)"},{"description":"Other","count":104,"tested":716,"color":"rgb(148,103,189)"},{"description":"White","count":856,"tested":9677,"color":"rgb(31,119,180)"},{"description":"Hispanic","count":275,"tested":1076,"color":"rgb(214,39,40)"},{"description":"Asian","count":114,"tested":1008,"color":"rgb(140,86,75)"},{"description":"Black","count":123,"tested":797,"color":"rgb(255,127,14)"},{"description":"NH/PI*","count":39,"tested":12,"color":"rgb(127,127,127)"}],"gender":[{"description":"Female","count":1076,"tested":17728,"color":"rgb(255,127,14)"},{"description":"Unknown/Left Blank","count":59,"tested":663,"color":"rgb(44,160,44)"},{"description":"Male","count":969,"tested":12130,"color":"rgb(31,119,180)"}]}
