{"lastUpdatedDate":{"year":2021,"month":9,"day":10},"county_demographics":[{"County":"Clark","confirmed_cases":2327,"total_tested":23134,"demographics":{"age":[{"race":[],"age_group":"<20","count":492,"tested":3979,"deaths":0},{"race":[],"age_group":"20-29   ","count":323,"tested":2841,"deaths":0},{"race":[],"age_group":"30-39   ","count":327,"tested":3553,"deaths":0},{"race":[],"age_group":"40-49   ","count":298,"tested":2771,"deaths":0},{"race":[],"age_group":"50-59   ","count":318,"tested":3097,"deaths":0},{"race":[],"age_group":"60-69   ","count":256,"tested":2827,"deaths":0},{"race":[],"age_group":"70-79   ","count":146,"tested":1749,"deaths":0},{"race":[],"age_group":"80+","count":167,"tested":2286,"deaths":0},{"race":[],"age_group":"Unknown","count":0,"tested":31,"deaths":0}],"race":[{"description":"AI/AN**","count":0,"tested":7,"deaths":0,"color":"rgb(31,119,180)"},{"description":"Asian","count":0,"tested":19,"deaths":0,"color":"rgb(140,86,75)"},{"description":"Black","count":0,"tested":58,"deaths":0,"color":"rgb(255,127,14)"},{"description":"Hispanic","count":9,"tested":55,"deaths":0,"color":"rgb(214,39,40)"},{"description":"Left Blank","count":404,"tested":9089,"deaths":0,"color":"rgb(44,160,44)"},{"description":"NH/PI*","count":0,"tested":0,"deaths":0,"color":"rgb(127,127,127)"},{"description":"Other","count":9,"tested":303,"deaths":0,"color":"rgb(148,103,189)"},{"description":"White","count":1889,"tested":13601,"deaths":0,"color":"rgb(31,119,180)"}],"gender":[{"description":"Female","count":1100,"tested":14432,"deaths":0,"color":"rgb(255,127,14)"},{"description":"Male","count":809,"tested":7833,"deaths":0,"color":"rgb(31,119,180)"},{"description":"Unknown/Left Blank","count":418,"tested":869,"deaths":0,"color":"rgb(44,160,44)"}]}}]}
