{"lastUpdatedDate":{"year":2021,"month":9,"day":10},"county_demographics":[{"County":"Woodford","confirmed_cases":5439,"total_tested":92297,"demographics":{"age":[{"race":[],"age_group":"<20","count":1163,"tested":16825,"deaths":0},{"race":[],"age_group":"20-29   ","count":713,"tested":12302,"deaths":0},{"race":[],"age_group":"30-39   ","count":745,"tested":11645,"deaths":0},{"race":[],"age_group":"40-49   ","count":755,"tested":11232,"deaths":0},{"race":[],"age_group":"50-59   ","count":793,"tested":11925,"deaths":0},{"race":[],"age_group":"60-69   ","count":635,"tested":9933,"deaths":0},{"race":[],"age_group":"70-79   ","count":334,"tested":6467,"deaths":0},{"race":[],"age_group":"80+","count":301,"tested":11938,"deaths":0},{"race":[],"age_group":"Unknown","count":0,"tested":30,"deaths":0}],"race":[{"description":"AI/AN**","count":0,"tested":61,"deaths":0,"color":"rgb(31,119,180)"},{"description":"Asian","count":11,"tested":318,"deaths":0,"color":"rgb(140,86,75)"},{"description":"Black","count":29,"tested":841,"deaths":0,"color":"rgb(255,127,14)"},{"description":"Hispanic","count":38,"tested":638,"deaths":0,"color":"rgb(214,39,40)"},{"description":"Left Blank","count":1887,"tested":30605,"deaths":0,"color":"rgb(44,160,44)"},{"description":"NH/PI*","count":0,"tested":16,"deaths":0,"color":"rgb(127,127,127)"},{"description":"Other","count":108,"tested":3020,"deaths":0,"color":"rgb(148,103,189)"},{"description":"White","count":3357,"tested":56798,"deaths":0,"color":"rgb(31,119,180)"}],"gender":[{"description":"Female","count":2778,"tested":56133,"deaths":0,"color":"rgb(255,127,14)"},{"description":"Male","count":2593,"tested":33672,"deaths":0,"color":"rgb(31,119,180)"},{"description":"Unknown/Left Blank","count":64,"tested":2492,"deaths":0,"color":"rgb(44,160,44)"}]}}]}
