{"lastUpdatedDate":{"year":2021,"month":9,"day":10},"county_demographics":[{"County":"Macon","confirmed_cases":13779,"total_tested":239024,"demographics":{"age":[{"race":[],"age_group":"<20","count":2496,"tested":31274,"deaths":0},{"race":[],"age_group":"20-29   ","count":2183,"tested":40909,"deaths":0},{"race":[],"age_group":"30-39   ","count":2101,"tested":36293,"deaths":0},{"race":[],"age_group":"40-49   ","count":1971,"tested":33360,"deaths":0},{"race":[],"age_group":"50-59   ","count":1805,"tested":31626,"deaths":0},{"race":[],"age_group":"60-69   ","count":1534,"tested":26736,"deaths":0},{"race":[],"age_group":"70-79   ","count":986,"tested":17774,"deaths":0},{"race":[],"age_group":"80+","count":702,"tested":20306,"deaths":0},{"race":[],"age_group":"Unknown","count":0,"tested":746,"deaths":0}],"race":[{"description":"AI/AN**","count":11,"tested":172,"deaths":0,"color":"rgb(31,119,180)"},{"description":"Asian","count":94,"tested":1156,"deaths":0,"color":"rgb(140,86,75)"},{"description":"Black","count":2742,"tested":23533,"deaths":0,"color":"rgb(255,127,14)"},{"description":"Hispanic","count":277,"tested":2194,"deaths":0,"color":"rgb(214,39,40)"},{"description":"Left Blank","count":1409,"tested":122461,"deaths":0,"color":"rgb(44,160,44)"},{"description":"NH/PI*","count":8,"tested":139,"deaths":0,"color":"rgb(127,127,127)"},{"description":"Other","count":221,"tested":3506,"deaths":0,"color":"rgb(148,103,189)"},{"description":"White","count":9014,"tested":85863,"deaths":0,"color":"rgb(31,119,180)"}],"gender":[{"description":"Female","count":7515,"tested":136631,"deaths":0,"color":"rgb(255,127,14)"},{"description":"Male","count":6174,"tested":85679,"deaths":0,"color":"rgb(31,119,180)"},{"description":"Unknown/Left Blank","count":90,"tested":16714,"deaths":0,"color":"rgb(44,160,44)"}]}}]}
