{"lastUpdatedDate":{"year":2021,"month":9,"day":10},"county_demographics":[{"County":"Boone","confirmed_cases":7469,"total_tested":76831,"demographics":{"age":[{"race":[],"age_group":"<20","count":1484,"tested":13512,"deaths":0},{"race":[],"age_group":"20-29   ","count":1264,"tested":12361,"deaths":0},{"race":[],"age_group":"30-39   ","count":1095,"tested":10190,"deaths":0},{"race":[],"age_group":"40-49   ","count":1233,"tested":10741,"deaths":0},{"race":[],"age_group":"50-59   ","count":1124,"tested":10945,"deaths":0},{"race":[],"age_group":"60-69   ","count":688,"tested":8054,"deaths":0},{"race":[],"age_group":"70-79   ","count":371,"tested":5663,"deaths":0},{"race":[],"age_group":"80+","count":209,"tested":5349,"deaths":0},{"race":[],"age_group":"Unknown","count":0,"tested":16,"deaths":0}],"race":[{"description":"AI/AN**","count":10,"tested":78,"deaths":0,"color":"rgb(31,119,180)"},{"description":"Asian","count":56,"tested":573,"deaths":0,"color":"rgb(140,86,75)"},{"description":"Black","count":140,"tested":1223,"deaths":0,"color":"rgb(255,127,14)"},{"description":"Hispanic","count":2392,"tested":7722,"deaths":0,"color":"rgb(214,39,40)"},{"description":"Left Blank","count":686,"tested":35143,"deaths":0,"color":"rgb(44,160,44)"},{"description":"NH/PI*","count":0,"tested":27,"deaths":0,"color":"rgb(127,127,127)"},{"description":"Other","count":87,"tested":1149,"deaths":0,"color":"rgb(148,103,189)"},{"description":"White","count":4088,"tested":30916,"deaths":0,"color":"rgb(31,119,180)"}],"gender":[{"description":"Female","count":3936,"tested":45808,"deaths":0,"color":"rgb(255,127,14)"},{"description":"Male","count":3526,"tested":30199,"deaths":0,"color":"rgb(31,119,180)"},{"description":"Unknown/Left Blank","count":0,"tested":824,"deaths":0,"color":"rgb(44,160,44)"}]}}]}
