{"lastUpdatedDate":{"year":2021,"month":9,"day":10},"county_demographics":[{"County":"Adams","confirmed_cases":12327,"total_tested":221713,"demographics":{"age":[{"race":[],"age_group":"<20","count":2505,"tested":28467,"deaths":0},{"race":[],"age_group":"20-29   ","count":1853,"tested":28794,"deaths":0},{"race":[],"age_group":"30-39   ","count":1807,"tested":29914,"deaths":0},{"race":[],"age_group":"40-49   ","count":1531,"tested":26247,"deaths":0},{"race":[],"age_group":"50-59   ","count":1681,"tested":33136,"deaths":0},{"race":[],"age_group":"60-69   ","count":1390,"tested":23801,"deaths":0},{"race":[],"age_group":"70-79   ","count":911,"tested":21320,"deaths":0},{"race":[],"age_group":"80+","count":648,"tested":29998,"deaths":0},{"race":[],"age_group":"Unknown","count":0,"tested":36,"deaths":0}],"race":[{"description":"AI/AN**","count":0,"tested":133,"deaths":0,"color":"rgb(31,119,180)"},{"description":"Asian","count":29,"tested":426,"deaths":0,"color":"rgb(140,86,75)"},{"description":"Black","count":326,"tested":4649,"deaths":0,"color":"rgb(255,127,14)"},{"description":"Hispanic","count":89,"tested":878,"deaths":0,"color":"rgb(214,39,40)"},{"description":"Left Blank","count":6785,"tested":138528,"deaths":0,"color":"rgb(44,160,44)"},{"description":"NH/PI*","count":0,"tested":109,"deaths":0,"color":"rgb(127,127,127)"},{"description":"Other","count":56,"tested":789,"deaths":0,"color":"rgb(148,103,189)"},{"description":"White","count":5027,"tested":76201,"deaths":0,"color":"rgb(31,119,180)"}],"gender":[{"description":"Female","count":6252,"tested":120566,"deaths":0,"color":"rgb(255,127,14)"},{"description":"Male","count":5374,"tested":81235,"deaths":0,"color":"rgb(31,119,180)"},{"description":"Unknown/Left Blank","count":701,"tested":19912,"deaths":0,"color":"rgb(44,160,44)"}]}}]}
