{"lastUpdatedDate":{"year":2021,"month":9,"day":10},"county_demographics":[{"County":"Effingham","confirmed_cases":5628,"total_tested":57320,"demographics":{"age":[{"race":[],"age_group":"<20","count":979,"tested":7944,"deaths":0},{"race":[],"age_group":"20-29   ","count":819,"tested":7777,"deaths":0},{"race":[],"age_group":"30-39   ","count":847,"tested":7591,"deaths":0},{"race":[],"age_group":"40-49   ","count":718,"tested":6204,"deaths":0},{"race":[],"age_group":"50-59   ","count":813,"tested":7444,"deaths":0},{"race":[],"age_group":"60-69   ","count":746,"tested":7841,"deaths":0},{"race":[],"age_group":"70-79   ","count":410,"tested":5972,"deaths":0},{"race":[],"age_group":"80+","count":296,"tested":6514,"deaths":0},{"race":[],"age_group":"Unknown","count":0,"tested":33,"deaths":0}],"race":[{"description":"AI/AN**","count":0,"tested":8,"deaths":0,"color":"rgb(31,119,180)"},{"description":"Asian","count":9,"tested":94,"deaths":0,"color":"rgb(140,86,75)"},{"description":"Black","count":10,"tested":226,"deaths":0,"color":"rgb(255,127,14)"},{"description":"Hispanic","count":56,"tested":290,"deaths":0,"color":"rgb(214,39,40)"},{"description":"Left Blank","count":2404,"tested":25217,"deaths":0,"color":"rgb(44,160,44)"},{"description":"NH/PI*","count":0,"tested":13,"deaths":0,"color":"rgb(127,127,127)"},{"description":"Other","count":115,"tested":2131,"deaths":0,"color":"rgb(148,103,189)"},{"description":"White","count":3024,"tested":29341,"deaths":0,"color":"rgb(31,119,180)"}],"gender":[{"description":"Female","count":3045,"tested":35100,"deaths":0,"color":"rgb(255,127,14)"},{"description":"Male","count":2468,"tested":21075,"deaths":0,"color":"rgb(31,119,180)"},{"description":"Unknown/Left Blank","count":115,"tested":1145,"deaths":0,"color":"rgb(44,160,44)"}]}}]}
