{"age":[{"age_group":"<20","count":75,"tested":1971},{"age_group":"20-29   ","count":42,"tested":951},{"age_group":"30-39   ","count":38,"tested":958},{"age_group":"40-49   ","count":56,"tested":1351},{"age_group":"50-59   ","count":47,"tested":911},{"age_group":"60-69   ","count":27,"tested":1009},{"age_group":"70-79   ","count":10,"tested":564},{"age_group":"80+","count":9,"tested":250}],"race":[{"description":"Asian","count":10,"tested":275,"color":"rgb(140,86,75)"},{"description":"Black","count":31,"tested":501,"color":"rgb(255,127,14)"},{"description":"Hispanic","count":22,"tested":280,"color":"rgb(214,39,40)"},{"description":"Left Blank","count":86,"tested":2994,"color":"rgb(44,160,44)"},{"description":"Other","count":23,"tested":516,"color":"rgb(148,103,189)"},{"description":"White","count":132,"tested":3401,"color":"rgb(31,119,180)"}],"gender":[]}
