{"age":[{"age_group":"<20","count":371,"tested":4062},{"age_group":"20-29   ","count":357,"tested":3971},{"age_group":"30-39   ","count":346,"tested":3788},{"age_group":"40-49   ","count":437,"tested":4073},{"age_group":"50-59   ","count":367,"tested":4225},{"age_group":"60-69   ","count":200,"tested":3233},{"age_group":"70-79   ","count":155,"tested":3040},{"age_group":"80+","count":87,"tested":3349}],"race":[{"description":"AI/AN**","count":9,"tested":24,"color":"rgb(31,119,180)"},{"description":"Asian","count":28,"tested":403,"color":"rgb(140,86,75)"},{"description":"Black","count":103,"tested":1413,"color":"rgb(255,127,14)"},{"description":"Hispanic","count":245,"tested":1537,"color":"rgb(214,39,40)"},{"description":"Left Blank","count":683,"tested":11899,"color":"rgb(44,160,44)"},{"description":"Other","count":55,"tested":976,"color":"rgb(148,103,189)"},{"description":"White","count":1196,"tested":13447,"color":"rgb(31,119,180)"}],"gender":[]}
