{"age":[{"age_group":"<20","count":272,"tested":3684},{"age_group":"20-29   ","count":144,"tested":1982},{"age_group":"30-39   ","count":113,"tested":1549},{"age_group":"40-49   ","count":161,"tested":1920},{"age_group":"50-59   ","count":175,"tested":2318},{"age_group":"60-69   ","count":82,"tested":1698},{"age_group":"70-79   ","count":21,"tested":849},{"age_group":"80+","count":57,"tested":944}],"race":[{"description":"Asian","count":50,"tested":577,"color":"rgb(140,86,75)"},{"description":"Black","count":33,"tested":287,"color":"rgb(255,127,14)"},{"description":"Hispanic","count":41,"tested":311,"color":"rgb(214,39,40)"},{"description":"Left Blank","count":200,"tested":7301,"color":"rgb(44,160,44)"},{"description":"Other","count":20,"tested":479,"color":"rgb(148,103,189)"},{"description":"White","count":680,"tested":5983,"color":"rgb(31,119,180)"}],"gender":[]}
