{"age":[{"age_group":"<20","count":291,"tested":3650},{"age_group":"20-29   ","count":257,"tested":4856},{"age_group":"30-39   ","count":299,"tested":5320},{"age_group":"40-49   ","count":326,"tested":5603},{"age_group":"50-59   ","count":263,"tested":6052},{"age_group":"60-69   ","count":216,"tested":5940},{"age_group":"70-79   ","count":115,"tested":4050},{"age_group":"80+","count":96,"tested":2846}],"race":[{"description":"Asian","count":13,"tested":222,"color":"rgb(140,86,75)"},{"description":"Black","count":676,"tested":12200,"color":"rgb(255,127,14)"},{"description":"Hispanic","count":102,"tested":962,"color":"rgb(214,39,40)"},{"description":"Left Blank","count":607,"tested":16203,"color":"rgb(44,160,44)"},{"description":"Other","count":48,"tested":692,"color":"rgb(148,103,189)"},{"description":"White","count":415,"tested":8017,"color":"rgb(31,119,180)"}],"gender":[]}
