{"age":[{"age_group":"<20","count":1627,"tested":15293},{"age_group":"20-29   ","count":1894,"tested":20540},{"age_group":"30-39   ","count":2022,"tested":22867},{"age_group":"40-49   ","count":1811,"tested":20502},{"age_group":"50-59   ","count":1667,"tested":19485},{"age_group":"60-69   ","count":1088,"tested":15656},{"age_group":"70-79   ","count":482,"tested":7331},{"age_group":"80+","count":272,"tested":5939}],"race":[{"description":"AI/AN**","count":17,"tested":197,"color":"rgb(31,119,180)"},{"description":"Asian","count":346,"tested":5136,"color":"rgb(140,86,75)"},{"description":"Black","count":211,"tested":3570,"color":"rgb(255,127,14)"},{"description":"Hispanic","count":4728,"tested":35241,"color":"rgb(214,39,40)"},{"description":"Left Blank","count":1645,"tested":40015,"color":"rgb(44,160,44)"},{"description":"NH/PI*","count":27,"tested":267,"color":"rgb(127,127,127)"},{"description":"Other","count":507,"tested":6646,"color":"rgb(148,103,189)"},{"description":"White","count":3382,"tested":36581,"color":"rgb(31,119,180)"}],"gender":[]}
