{"age":[{"age_group":"<20","count":530,"tested":5654},{"age_group":"20-29   ","count":572,"tested":5533},{"age_group":"30-39   ","count":498,"tested":5678},{"age_group":"40-49   ","count":487,"tested":5196},{"age_group":"50-59   ","count":463,"tested":5509},{"age_group":"60-69   ","count":201,"tested":3096},{"age_group":"70-79   ","count":73,"tested":1710},{"age_group":"80+","count":33,"tested":1202}],"race":[{"description":"Asian","count":100,"tested":1093,"color":"rgb(140,86,75)"},{"description":"Black","count":57,"tested":720,"color":"rgb(255,127,14)"},{"description":"Hispanic","count":420,"tested":2640,"color":"rgb(214,39,40)"},{"description":"Left Blank","count":747,"tested":13853,"color":"rgb(44,160,44)"},{"description":"Other","count":60,"tested":608,"color":"rgb(148,103,189)"},{"description":"White","count":1466,"tested":14553,"color":"rgb(31,119,180)"}],"gender":[]}
