{"age":[{"age_group":"<20","count":17,"tested":213},{"age_group":"20-29   ","count":14,"tested":139},{"age_group":"30-39   ","count":25,"tested":144},{"age_group":"40-49   ","count":21,"tested":119},{"age_group":"50-59   ","count":18,"tested":182},{"age_group":"60-69   ","count":20,"tested":121},{"age_group":"70-79   ","count":14,"tested":39}],"race":[{"description":"Left Blank","count":44,"tested":333,"color":"rgb(44,160,44)"},{"description":"White","count":82,"tested":616,"color":"rgb(31,119,180)"}],"gender":[]}
