{"age":[{"age_group":"<20","count":591,"tested":4585},{"age_group":"20-29   ","count":597,"tested":6803},{"age_group":"30-39   ","count":575,"tested":6338},{"age_group":"40-49   ","count":592,"tested":7073},{"age_group":"50-59   ","count":563,"tested":7163},{"age_group":"60-69   ","count":421,"tested":5546},{"age_group":"70-79   ","count":195,"tested":2853},{"age_group":"80+","count":121,"tested":1959}],"race":[{"description":"Asian","count":18,"tested":204,"color":"rgb(140,86,75)"},{"description":"Black","count":1113,"tested":13256,"color":"rgb(255,127,14)"},{"description":"Hispanic","count":579,"tested":3656,"color":"rgb(214,39,40)"},{"description":"Left Blank","count":1241,"tested":18486,"color":"rgb(44,160,44)"},{"description":"Other","count":111,"tested":923,"color":"rgb(148,103,189)"},{"description":"White","count":587,"tested":5850,"color":"rgb(31,119,180)"}],"gender":[]}
