{"age":[{"age_group":"<20","count":54,"tested":781},{"age_group":"20-29   ","count":61,"tested":1141},{"age_group":"30-39   ","count":63,"tested":1012},{"age_group":"40-49   ","count":49,"tested":1173},{"age_group":"50-59   ","count":55,"tested":1298},{"age_group":"60-69   ","count":31,"tested":1219},{"age_group":"70-79   ","count":36,"tested":843},{"age_group":"80+","count":40,"tested":2852}],"race":[{"description":"Hispanic","count":11,"tested":175,"color":"rgb(214,39,40)"},{"description":"Left Blank","count":113,"tested":2296,"color":"rgb(44,160,44)"},{"description":"Other","count":7,"tested":51,"color":"rgb(148,103,189)"},{"description":"White","count":258,"tested":7655,"color":"rgb(31,119,180)"}],"gender":[]}
