{"age":[{"age_group":"<20","count":31,"tested":491},{"age_group":"20-29   ","count":47,"tested":787},{"age_group":"30-39   ","count":37,"tested":722},{"age_group":"40-49   ","count":31,"tested":587},{"age_group":"50-59   ","count":50,"tested":1260},{"age_group":"60-69   ","count":33,"tested":707},{"age_group":"70-79   ","count":23,"tested":628},{"age_group":"80+","count":46,"tested":2071}],"race":[{"description":"Hispanic","count":6,"tested":33,"color":"rgb(214,39,40)"},{"description":"Left Blank","count":42,"tested":4230,"color":"rgb(44,160,44)"},{"description":"Other","count":10,"tested":145,"color":"rgb(148,103,189)"},{"description":"White","count":238,"tested":2808,"color":"rgb(31,119,180)"}],"gender":[]}
