{"age":[{"age_group":"<20","count":667,"tested":8642},{"age_group":"20-29   ","count":557,"tested":7449},{"age_group":"30-39   ","count":474,"tested":5823},{"age_group":"40-49   ","count":487,"tested":6137},{"age_group":"50-59   ","count":587,"tested":7338},{"age_group":"60-69   ","count":287,"tested":4872},{"age_group":"70-79   ","count":121,"tested":2522},{"age_group":"80+","count":85,"tested":3197}],"race":[{"description":"Asian","count":69,"tested":1334,"color":"rgb(140,86,75)"},{"description":"Black","count":69,"tested":1456,"color":"rgb(255,127,14)"},{"description":"Hispanic","count":369,"tested":3119,"color":"rgb(214,39,40)"},{"description":"Left Blank","count":966,"tested":14304,"color":"rgb(44,160,44)"},{"description":"NH/PI*","count":6,"tested":124,"color":"rgb(127,127,127)"},{"description":"Other","count":201,"tested":1923,"color":"rgb(148,103,189)"},{"description":"White","count":1580,"tested":23580,"color":"rgb(31,119,180)"}],"gender":[]}
