{"age":[{"age_group":"<20","count":695,"tested":7363},{"age_group":"20-29   ","count":989,"tested":12404},{"age_group":"30-39   ","count":869,"tested":11044},{"age_group":"40-49   ","count":740,"tested":8634},{"age_group":"50-59   ","count":833,"tested":10090},{"age_group":"60-69   ","count":464,"tested":6785},{"age_group":"70-79   ","count":210,"tested":3583},{"age_group":"80+","count":141,"tested":2707}],"race":[{"description":"AI/AN**","count":22,"tested":178,"color":"rgb(31,119,180)"},{"description":"Asian","count":348,"tested":5027,"color":"rgb(140,86,75)"},{"description":"Black","count":198,"tested":1795,"color":"rgb(255,127,14)"},{"description":"Hispanic","count":1453,"tested":7353,"color":"rgb(214,39,40)"},{"description":"Left Blank","count":1675,"tested":37474,"color":"rgb(44,160,44)"},{"description":"NH/PI*","count":18,"tested":96,"color":"rgb(127,127,127)"},{"description":"Other","count":131,"tested":1344,"color":"rgb(148,103,189)"},{"description":"White","count":1096,"tested":9363,"color":"rgb(31,119,180)"}],"gender":[]}
