{"age":[{"age_group":"<20","count":564,"tested":9649},{"age_group":"20-29   ","count":1049,"tested":29487},{"age_group":"30-39   ","count":1161,"tested":35016},{"age_group":"40-49   ","count":747,"tested":20361},{"age_group":"50-59   ","count":655,"tested":21683},{"age_group":"60-69   ","count":481,"tested":15486},{"age_group":"70-79   ","count":308,"tested":7689},{"age_group":"80+","count":266,"tested":8873}],"race":[{"description":"AI/AN**","count":7,"tested":129,"color":"rgb(31,119,180)"},{"description":"Asian","count":331,"tested":6747,"color":"rgb(140,86,75)"},{"description":"Black","count":657,"tested":12691,"color":"rgb(255,127,14)"},{"description":"Hispanic","count":765,"tested":7256,"color":"rgb(214,39,40)"},{"description":"Left Blank","count":1508,"tested":72812,"color":"rgb(44,160,44)"},{"description":"Other","count":278,"tested":5506,"color":"rgb(148,103,189)"},{"description":"White","count":1679,"tested":43487,"color":"rgb(31,119,180)"}],"gender":[]}
