{"age":[{"age_group":"<20","count":197,"tested":2362},{"age_group":"20-29   ","count":224,"tested":2856},{"age_group":"30-39   ","count":211,"tested":2647},{"age_group":"40-49   ","count":194,"tested":2312},{"age_group":"50-59   ","count":183,"tested":3187},{"age_group":"60-69   ","count":157,"tested":2874},{"age_group":"70-79   ","count":78,"tested":1788},{"age_group":"80+","count":58,"tested":1168}],"race":[{"description":"Asian","count":67,"tested":912,"color":"rgb(140,86,75)"},{"description":"Black","count":25,"tested":262,"color":"rgb(255,127,14)"},{"description":"Hispanic","count":174,"tested":1138,"color":"rgb(214,39,40)"},{"description":"Left Blank","count":231,"tested":9877,"color":"rgb(44,160,44)"},{"description":"Other","count":46,"tested":363,"color":"rgb(148,103,189)"},{"description":"White","count":757,"tested":6628,"color":"rgb(31,119,180)"}],"gender":[]}
