{"age":[{"age_group":"<20","count":332,"tested":3348},{"age_group":"20-29   ","count":426,"tested":5498},{"age_group":"30-39   ","count":412,"tested":5951},{"age_group":"40-49   ","count":346,"tested":4979},{"age_group":"50-59   ","count":333,"tested":5418},{"age_group":"60-69   ","count":251,"tested":4318},{"age_group":"70-79   ","count":99,"tested":1841},{"age_group":"80+","count":45,"tested":684}],"race":[{"description":"Black","count":1478,"tested":17994,"color":"rgb(255,127,14)"},{"description":"Hispanic","count":92,"tested":522,"color":"rgb(214,39,40)"},{"description":"Left Blank","count":589,"tested":12411,"color":"rgb(44,160,44)"},{"description":"Other","count":35,"tested":460,"color":"rgb(148,103,189)"},{"description":"White","count":42,"tested":564,"color":"rgb(31,119,180)"}],"gender":[]}
