{"age":[{"age_group":"<20","count":177,"tested":2505},{"age_group":"20-29   ","count":118,"tested":2136},{"age_group":"30-39   ","count":121,"tested":2049},{"age_group":"40-49   ","count":94,"tested":1507},{"age_group":"50-59   ","count":101,"tested":1860},{"age_group":"60-69   ","count":93,"tested":1600},{"age_group":"70-79   ","count":54,"tested":1060},{"age_group":"80+","count":76,"tested":1338}],"race":[{"description":"Black","count":9,"tested":186,"color":"rgb(255,127,14)"},{"description":"Hispanic","count":29,"tested":223,"color":"rgb(214,39,40)"},{"description":"Left Blank","count":101,"tested":2522,"color":"rgb(44,160,44)"},{"description":"Other","count":12,"tested":210,"color":"rgb(148,103,189)"},{"description":"White","count":680,"tested":10864,"color":"rgb(31,119,180)"}],"gender":[]}
