{"age":[{"age_group":"<20","count":498,"tested":6193},{"age_group":"20-29   ","count":515,"tested":6242},{"age_group":"30-39   ","count":468,"tested":6532},{"age_group":"40-49   ","count":402,"tested":5384},{"age_group":"50-59   ","count":376,"tested":6201},{"age_group":"60-69   ","count":309,"tested":5178},{"age_group":"70-79   ","count":172,"tested":3353},{"age_group":"80+","count":116,"tested":4119}],"race":[{"description":"Asian","count":23,"tested":181,"color":"rgb(140,86,75)"},{"description":"Black","count":745,"tested":6157,"color":"rgb(255,127,14)"},{"description":"Hispanic","count":478,"tested":2721,"color":"rgb(214,39,40)"},{"description":"Left Blank","count":226,"tested":17586,"color":"rgb(44,160,44)"},{"description":"Other","count":32,"tested":707,"color":"rgb(148,103,189)"},{"description":"White","count":1348,"tested":15825,"color":"rgb(31,119,180)"}],"gender":[]}
