{"age":[{"age_group":"<20","count":868,"tested":10251},{"age_group":"20-29   ","count":1269,"tested":16836},{"age_group":"30-39   ","count":1213,"tested":17319},{"age_group":"40-49   ","count":960,"tested":14601},{"age_group":"50-59   ","count":1086,"tested":17556},{"age_group":"60-69   ","count":893,"tested":16093},{"age_group":"70-79   ","count":394,"tested":7313},{"age_group":"80+","count":306,"tested":5925}],"race":[{"description":"AI/AN**","count":37,"tested":530,"color":"rgb(31,119,180)"},{"description":"Asian","count":992,"tested":13735,"color":"rgb(140,86,75)"},{"description":"Black","count":193,"tested":3159,"color":"rgb(255,127,14)"},{"description":"Hispanic","count":1045,"tested":8204,"color":"rgb(214,39,40)"},{"description":"Left Blank","count":1598,"tested":45799,"color":"rgb(44,160,44)"},{"description":"NH/PI*","count":25,"tested":316,"color":"rgb(127,127,127)"},{"description":"Other","count":594,"tested":4318,"color":"rgb(148,103,189)"},{"description":"White","count":2505,"tested":29867,"color":"rgb(31,119,180)"}],"gender":[]}
