{"age":[{"age_group":"<20","count":678,"tested":5911},{"age_group":"20-29   ","count":741,"tested":7901},{"age_group":"30-39   ","count":661,"tested":5990},{"age_group":"40-49   ","count":661,"tested":5280},{"age_group":"50-59   ","count":533,"tested":5704},{"age_group":"60-69   ","count":319,"tested":4343},{"age_group":"70-79   ","count":124,"tested":1975},{"age_group":"80+","count":80,"tested":1127}],"race":[{"description":"Asian","count":54,"tested":850,"color":"rgb(140,86,75)"},{"description":"Black","count":310,"tested":4129,"color":"rgb(255,127,14)"},{"description":"Hispanic","count":2132,"tested":13507,"color":"rgb(214,39,40)"},{"description":"Left Blank","count":678,"tested":11119,"color":"rgb(44,160,44)"},{"description":"Other","count":119,"tested":1311,"color":"rgb(148,103,189)"},{"description":"White","count":502,"tested":7125,"color":"rgb(31,119,180)"}],"gender":[]}
