{"age":[{"age_group":"<20","count":293,"tested":3218},{"age_group":"20-29   ","count":257,"tested":2762},{"age_group":"30-39   ","count":237,"tested":2320},{"age_group":"40-49   ","count":281,"tested":2724},{"age_group":"50-59   ","count":248,"tested":2777},{"age_group":"60-69   ","count":157,"tested":1885},{"age_group":"70-79   ","count":63,"tested":1103},{"age_group":"80+","count":24,"tested":515}],"race":[{"description":"Asian","count":10,"tested":135,"color":"rgb(140,86,75)"},{"description":"Black","count":8,"tested":242,"color":"rgb(255,127,14)"},{"description":"Hispanic","count":112,"tested":842,"color":"rgb(214,39,40)"},{"description":"Left Blank","count":460,"tested":4857,"color":"rgb(44,160,44)"},{"description":"Other","count":36,"tested":544,"color":"rgb(148,103,189)"},{"description":"White","count":933,"tested":10654,"color":"rgb(31,119,180)"}],"gender":[]}
