{"age":[{"age_group":"<20","count":652,"tested":8085},{"age_group":"20-29   ","count":738,"tested":8250},{"age_group":"30-39   ","count":612,"tested":7555},{"age_group":"40-49   ","count":601,"tested":6373},{"age_group":"50-59   ","count":602,"tested":7546},{"age_group":"60-69   ","count":384,"tested":6523},{"age_group":"70-79   ","count":144,"tested":3560},{"age_group":"80+","count":103,"tested":2588}],"race":[{"description":"Asian","count":124,"tested":2596,"color":"rgb(140,86,75)"},{"description":"Black","count":47,"tested":875,"color":"rgb(255,127,14)"},{"description":"Hispanic","count":1316,"tested":8126,"color":"rgb(214,39,40)"},{"description":"Left Blank","count":919,"tested":16503,"color":"rgb(44,160,44)"},{"description":"NH/PI*","count":6,"tested":101,"color":"rgb(127,127,127)"},{"description":"Other","count":205,"tested":1827,"color":"rgb(148,103,189)"},{"description":"White","count":1217,"tested":20362,"color":"rgb(31,119,180)"}],"gender":[]}
