{"age":[{"age_group":"<20","count":26,"tested":494},{"age_group":"20-29   ","count":73,"tested":1648},{"age_group":"30-39   ","count":55,"tested":1485},{"age_group":"40-49   ","count":32,"tested":759},{"age_group":"50-59   ","count":21,"tested":663},{"age_group":"60-69   ","count":11,"tested":439},{"age_group":"70-79   ","count":7,"tested":354}],"race":[{"description":"Asian","count":14,"tested":368,"color":"rgb(140,86,75)"},{"description":"Black","count":46,"tested":826,"color":"rgb(255,127,14)"},{"description":"Hispanic","count":22,"tested":277,"color":"rgb(214,39,40)"},{"description":"Left Blank","count":50,"tested":2233,"color":"rgb(44,160,44)"},{"description":"Other","count":17,"tested":328,"color":"rgb(148,103,189)"},{"description":"White","count":79,"tested":1917,"color":"rgb(31,119,180)"}],"gender":[]}
