{"age":[{"age_group":"<20","count":331,"tested":3104},{"age_group":"20-29   ","count":255,"tested":3250},{"age_group":"30-39   ","count":261,"tested":3132},{"age_group":"40-49   ","count":272,"tested":2466},{"age_group":"50-59   ","count":216,"tested":2841},{"age_group":"60-69   ","count":148,"tested":2352},{"age_group":"70-79   ","count":48,"tested":1036},{"age_group":"80+","count":23,"tested":482}],"race":[{"description":"Asian","count":44,"tested":557,"color":"rgb(140,86,75)"},{"description":"Black","count":42,"tested":489,"color":"rgb(255,127,14)"},{"description":"Hispanic","count":484,"tested":2208,"color":"rgb(214,39,40)"},{"description":"Left Blank","count":184,"tested":6686,"color":"rgb(44,160,44)"},{"description":"Other","count":38,"tested":518,"color":"rgb(148,103,189)"},{"description":"White","count":758,"tested":8157,"color":"rgb(31,119,180)"}],"gender":[]}
