{"lastUpdatedDate":{"year":2021,"month":3,"day":14},"county_demographics":[{"County":"Schuyler","confirmed_cases":683,"total_tested":10916,"demographics":{"age":[{"race":[],"age_group":"<20","count":72,"tested":852,"deaths":0},{"race":[],"age_group":"20-29   ","count":60,"tested":1071,"deaths":0},{"race":[],"age_group":"30-39   ","count":85,"tested":1419,"deaths":0},{"race":[],"age_group":"40-49   ","count":88,"tested":1877,"deaths":0},{"race":[],"age_group":"50-59   ","count":123,"tested":2390,"deaths":0},{"race":[],"age_group":"60-69   ","count":113,"tested":1950,"deaths":0},{"race":[],"age_group":"70-79   ","count":77,"tested":797,"deaths":0},{"race":[],"age_group":"80+","count":65,"tested":560,"deaths":0}],"race":[{"description":"AI/AN**","count":0,"tested":13,"deaths":0,"color":"rgb(31,119,180)"},{"description":"Asian","count":0,"tested":0,"deaths":0,"color":"rgb(140,86,75)"},{"description":"Black","count":18,"tested":260,"deaths":0,"color":"rgb(255,127,14)"},{"description":"Hispanic","count":6,"tested":77,"deaths":0,"color":"rgb(214,39,40)"},{"description":"Left Blank","count":134,"tested":2438,"deaths":0,"color":"rgb(44,160,44)"},{"description":"NH/PI*","count":0,"tested":0,"deaths":0,"color":"rgb(127,127,127)"},{"description":"Other","count":0,"tested":213,"deaths":0,"color":"rgb(148,103,189)"},{"description":"White","count":517,"tested":7913,"deaths":0,"color":"rgb(31,119,180)"}],"gender":[{"description":"Female","count":358,"tested":4381,"deaths":0,"color":"rgb(255,127,14)"},{"description":"Male","count":289,"tested":6050,"deaths":0,"color":"rgb(31,119,180)"},{"description":"Unknown/Left Blank","count":36,"tested":485,"deaths":0,"color":"rgb(44,160,44)"}]}}]}
