{"lastUpdatedDate":{"year":2021,"month":3,"day":14},"county_demographics":[{"County":"Johnson","confirmed_cases":1362,"total_tested":37980,"demographics":{"age":[{"race":[],"age_group":"<20","count":164,"tested":1470,"deaths":0},{"race":[],"age_group":"20-29   ","count":219,"tested":6862,"deaths":0},{"race":[],"age_group":"30-39   ","count":245,"tested":9187,"deaths":0},{"race":[],"age_group":"40-49   ","count":223,"tested":7504,"deaths":0},{"race":[],"age_group":"50-59   ","count":223,"tested":5051,"deaths":0},{"race":[],"age_group":"60-69   ","count":143,"tested":2485,"deaths":0},{"race":[],"age_group":"70-79   ","count":86,"tested":1187,"deaths":0},{"race":[],"age_group":"80+","count":54,"tested":1098,"deaths":0},{"race":[],"age_group":"Unknown","count":0,"tested":3136,"deaths":0}],"race":[{"description":"AI/AN**","count":0,"tested":0,"deaths":0,"color":"rgb(31,119,180)"},{"description":"Asian","count":0,"tested":76,"deaths":0,"color":"rgb(140,86,75)"},{"description":"Black","count":152,"tested":442,"deaths":0,"color":"rgb(255,127,14)"},{"description":"Hispanic","count":68,"tested":240,"deaths":0,"color":"rgb(214,39,40)"},{"description":"Left Blank","count":255,"tested":30115,"deaths":0,"color":"rgb(44,160,44)"},{"description":"NH/PI*","count":0,"tested":10,"deaths":0,"color":"rgb(127,127,127)"},{"description":"Other","count":7,"tested":89,"deaths":0,"color":"rgb(148,103,189)"},{"description":"White","count":871,"tested":7006,"deaths":0,"color":"rgb(31,119,180)"}],"gender":[{"description":"Female","count":529,"tested":6898,"deaths":0,"color":"rgb(255,127,14)"},{"description":"Male","count":776,"tested":8723,"deaths":0,"color":"rgb(31,119,180)"},{"description":"Unknown/Left Blank","count":55,"tested":22359,"deaths":0,"color":"rgb(44,160,44)"}]}}]}
