{"lastUpdatedDate":{"year":2021,"month":3,"day":14},"county_demographics":[{"County":"Piatt","confirmed_cases":1367,"total_tested":27441,"demographics":{"age":[{"race":[],"age_group":"<20","count":248,"tested":5857,"deaths":0},{"race":[],"age_group":"20-29   ","count":181,"tested":3866,"deaths":0},{"race":[],"age_group":"30-39   ","count":208,"tested":3720,"deaths":0},{"race":[],"age_group":"40-49   ","count":212,"tested":3526,"deaths":0},{"race":[],"age_group":"50-59   ","count":194,"tested":3539,"deaths":0},{"race":[],"age_group":"60-69   ","count":184,"tested":3168,"deaths":0},{"race":[],"age_group":"70-79   ","count":81,"tested":1816,"deaths":0},{"race":[],"age_group":"80+","count":57,"tested":1945,"deaths":0},{"race":[],"age_group":"Unknown","count":0,"tested":0,"deaths":0}],"race":[{"description":"AI/AN**","count":0,"tested":38,"deaths":0,"color":"rgb(31,119,180)"},{"description":"Asian","count":0,"tested":141,"deaths":0,"color":"rgb(140,86,75)"},{"description":"Black","count":10,"tested":162,"deaths":0,"color":"rgb(255,127,14)"},{"description":"Hispanic","count":7,"tested":218,"deaths":0,"color":"rgb(214,39,40)"},{"description":"Left Blank","count":255,"tested":7983,"deaths":0,"color":"rgb(44,160,44)"},{"description":"NH/PI*","count":0,"tested":6,"deaths":0,"color":"rgb(127,127,127)"},{"description":"Other","count":23,"tested":610,"deaths":0,"color":"rgb(148,103,189)"},{"description":"White","count":1066,"tested":18283,"deaths":0,"color":"rgb(31,119,180)"}],"gender":[{"description":"Female","count":713,"tested":16214,"deaths":0,"color":"rgb(255,127,14)"},{"description":"Male","count":653,"tested":10821,"deaths":0,"color":"rgb(31,119,180)"},{"description":"Unknown/Left Blank","count":0,"tested":406,"deaths":0,"color":"rgb(44,160,44)"}]}}]}
