{"lastUpdatedDate":{"year":2021,"month":3,"day":14},"county_demographics":[{"County":"Logan","confirmed_cases":3331,"total_tested":71995,"demographics":{"age":[{"race":[],"age_group":"<20","count":359,"tested":6400,"deaths":0},{"race":[],"age_group":"20-29   ","count":526,"tested":11873,"deaths":0},{"race":[],"age_group":"30-39   ","count":664,"tested":14682,"deaths":0},{"race":[],"age_group":"40-49   ","count":513,"tested":11210,"deaths":0},{"race":[],"age_group":"50-59   ","count":468,"tested":9787,"deaths":0},{"race":[],"age_group":"60-69   ","count":370,"tested":6742,"deaths":0},{"race":[],"age_group":"70-79   ","count":219,"tested":3728,"deaths":0},{"race":[],"age_group":"80+","count":210,"tested":4845,"deaths":0},{"race":[],"age_group":"Unknown","count":0,"tested":2728,"deaths":0}],"race":[{"description":"AI/AN**","count":0,"tested":20,"deaths":0,"color":"rgb(31,119,180)"},{"description":"Asian","count":14,"tested":77,"deaths":0,"color":"rgb(140,86,75)"},{"description":"Black","count":349,"tested":1242,"deaths":0,"color":"rgb(255,127,14)"},{"description":"Hispanic","count":99,"tested":333,"deaths":0,"color":"rgb(214,39,40)"},{"description":"Left Blank","count":511,"tested":49210,"deaths":0,"color":"rgb(44,160,44)"},{"description":"NH/PI*","count":0,"tested":37,"deaths":0,"color":"rgb(127,127,127)"},{"description":"Other","count":22,"tested":556,"deaths":0,"color":"rgb(148,103,189)"},{"description":"White","count":2327,"tested":20520,"deaths":0,"color":"rgb(31,119,180)"}],"gender":[{"description":"Female","count":1768,"tested":36079,"deaths":0,"color":"rgb(255,127,14)"},{"description":"Male","count":1362,"tested":17339,"deaths":0,"color":"rgb(31,119,180)"},{"description":"Unknown/Left Blank","count":201,"tested":18577,"deaths":0,"color":"rgb(44,160,44)"}]}}]}
