{"lastUpdatedDate":{"year":2021,"month":3,"day":14},"county_demographics":[{"County":"DuPage","confirmed_cases":78889,"total_tested":1096194,"demographics":{"age":[{"race":[],"age_group":"<20","count":13259,"tested":132120,"deaths":0},{"race":[],"age_group":"20-29   ","count":13769,"tested":174156,"deaths":0},{"race":[],"age_group":"30-39   ","count":11994,"tested":154143,"deaths":0},{"race":[],"age_group":"40-49   ","count":11981,"tested":141964,"deaths":0},{"race":[],"age_group":"50-59   ","count":12347,"tested":163754,"deaths":0},{"race":[],"age_group":"60-69   ","count":8305,"tested":140076,"deaths":0},{"race":[],"age_group":"70-79   ","count":3938,"tested":83143,"deaths":0},{"race":[],"age_group":"80+","count":3290,"tested":106053,"deaths":0},{"race":[],"age_group":"Unknown","count":6,"tested":785,"deaths":0}],"race":[{"description":"AI/AN**","count":99,"tested":790,"deaths":0,"color":"rgb(31,119,180)"},{"description":"Asian","count":4914,"tested":46667,"deaths":0,"color":"rgb(140,86,75)"},{"description":"Black","count":2975,"tested":31981,"deaths":0,"color":"rgb(255,127,14)"},{"description":"Hispanic","count":14281,"tested":56625,"deaths":0,"color":"rgb(214,39,40)"},{"description":"Left Blank","count":17649,"tested":583861,"deaths":0,"color":"rgb(44,160,44)"},{"description":"NH/PI*","count":89,"tested":791,"deaths":0,"color":"rgb(127,127,127)"},{"description":"Other","count":2683,"tested":31707,"deaths":0,"color":"rgb(148,103,189)"},{"description":"White","count":36196,"tested":343772,"deaths":0,"color":"rgb(31,119,180)"}],"gender":[{"description":"Female","count":40131,"tested":626410,"deaths":0,"color":"rgb(255,127,14)"},{"description":"Male","count":38145,"tested":446762,"deaths":0,"color":"rgb(31,119,180)"},{"description":"Unknown/Left Blank","count":613,"tested":23022,"deaths":0,"color":"rgb(44,160,44)"}]}}]}
