{"lastUpdatedDate":{"year":2021,"month":3,"day":14},"county_demographics":[{"County":"Calhoun","confirmed_cases":485,"total_tested":5215,"demographics":{"age":[{"race":[],"age_group":"<20","count":91,"tested":727,"deaths":0},{"race":[],"age_group":"20-29   ","count":72,"tested":663,"deaths":0},{"race":[],"age_group":"30-39   ","count":75,"tested":806,"deaths":0},{"race":[],"age_group":"40-49   ","count":62,"tested":569,"deaths":0},{"race":[],"age_group":"50-59   ","count":58,"tested":768,"deaths":0},{"race":[],"age_group":"60-69   ","count":73,"tested":565,"deaths":0},{"race":[],"age_group":"70-79   ","count":33,"tested":457,"deaths":0},{"race":[],"age_group":"80+","count":21,"tested":658,"deaths":0},{"race":[],"age_group":"Unknown","count":0,"tested":0,"deaths":0}],"race":[{"description":"AI/AN**","count":0,"tested":0,"deaths":0,"color":"rgb(31,119,180)"},{"description":"Black","count":0,"tested":23,"deaths":0,"color":"rgb(255,127,14)"},{"description":"Hispanic","count":0,"tested":0,"deaths":0,"color":"rgb(214,39,40)"},{"description":"Left Blank","count":76,"tested":1214,"deaths":0,"color":"rgb(44,160,44)"},{"description":"Other","count":0,"tested":33,"deaths":0,"color":"rgb(148,103,189)"},{"description":"White","count":399,"tested":3939,"deaths":0,"color":"rgb(31,119,180)"}],"gender":[{"description":"Female","count":257,"tested":3337,"deaths":0,"color":"rgb(255,127,14)"},{"description":"Male","count":226,"tested":1807,"deaths":0,"color":"rgb(31,119,180)"},{"description":"Unknown/Left Blank","count":0,"tested":71,"deaths":0,"color":"rgb(44,160,44)"}]}}]}
