{"age":[{"age_group":"<20","count":78,"tested":1021},{"age_group":"20-29   ","count":99,"tested":2391},{"age_group":"30-39   ","count":71,"tested":1563},{"age_group":"40-49   ","count":89,"tested":2098},{"age_group":"50-59   ","count":108,"tested":2409},{"age_group":"60-69   ","count":80,"tested":1900},{"age_group":"70-79   ","count":86,"tested":1508},{"age_group":"80+","count":125,"tested":2885}],"race":[{"description":"White","count":302,"tested":4384,"color":"rgb(31,119,180)"},{"description":"Asian","count":47,"tested":978,"color":"rgb(140,86,75)"},{"description":"Hispanic","count":49,"tested":959,"color":"rgb(214,39,40)"},{"description":"Other","count":65,"tested":410,"color":"rgb(148,103,189)"},{"description":"Left Blank","count":176,"tested":8554,"color":"rgb(44,160,44)"}],"gender":[{"description":"Female","count":302,"tested":9767,"color":"rgb(255,127,14)"},{"description":"Male","count":246,"tested":5588,"color":"rgb(31,119,180)"}]}
