{"age":[{"age_group":"<20","count":36,"tested":129},{"age_group":"20-29   ","count":35,"tested":174},{"age_group":"30-39   ","count":29,"tested":151},{"age_group":"40-49   ","count":32,"tested":192},{"age_group":"50-59   ","count":28,"tested":136},{"age_group":"60-69   ","count":36,"tested":103},{"age_group":"70-79   ","count":33,"tested":84},{"age_group":"80+","count":48,"tested":139}],"race":[{"description":"White","count":94,"tested":670,"color":"rgb(31,119,180)"},{"description":"Left Blank","count":69,"tested":410,"color":"rgb(44,160,44)"}],"gender":[{"description":"Male","count":76,"tested":418,"color":"rgb(31,119,180)"},{"description":"Female","count":93,"tested":668,"color":"rgb(255,127,14)"}]}
