{"age":[{"age_group":"<20","count":281,"tested":2993},{"age_group":"20-29   ","count":607,"tested":11991},{"age_group":"30-39   ","count":742,"tested":10754},{"age_group":"40-49   ","count":554,"tested":6642},{"age_group":"50-59   ","count":478,"tested":5967},{"age_group":"60-69   ","count":375,"tested":4615},{"age_group":"70-79   ","count":189,"tested":2200},{"age_group":"80+","count":116,"tested":899}],"race":[{"description":"Hispanic","count":466,"tested":3167,"color":"rgb(214,39,40)"},{"description":"White","count":391,"tested":7124,"color":"rgb(31,119,180)"},{"description":"Left Blank","count":832,"tested":20527,"color":"rgb(44,160,44)"},{"description":"Other","count":170,"tested":2000,"color":"rgb(148,103,189)"},{"description":"Asian","count":129,"tested":1845,"color":"rgb(140,86,75)"},{"description":"NH/PI*","count":74,"tested":39,"color":"rgb(127,127,127)"},{"description":"Black","count":1213,"tested":11318,"color":"rgb(255,127,14)"}],"gender":[{"description":"Unknown/Left Blank","count":119,"tested":1709,"color":"rgb(44,160,44)"},{"description":"Male","count":1492,"tested":24700,"color":"rgb(31,119,180)"},{"description":"Female","count":1396,"tested":19660,"color":"rgb(255,127,14)"}]}
