{"age":[{"age_group":"<20","count":383,"tested":3741},{"age_group":"20-29   ","count":479,"tested":4497},{"age_group":"30-39   ","count":415,"tested":3853},{"age_group":"40-49   ","count":393,"tested":3254},{"age_group":"50-59   ","count":391,"tested":3703},{"age_group":"60-69   ","count":296,"tested":2803},{"age_group":"70-79   ","count":188,"tested":1242},{"age_group":"80+","count":152,"tested":1174}],"race":[{"description":"Hispanic","count":251,"tested":931,"color":"rgb(214,39,40)"},{"description":"Black","count":178,"tested":899,"color":"rgb(255,127,14)"},{"description":"Asian","count":109,"tested":362,"color":"rgb(140,86,75)"},{"description":"White","count":1317,"tested":10202,"color":"rgb(31,119,180)"},{"description":"Other","count":95,"tested":282,"color":"rgb(148,103,189)"},{"description":"Left Blank","count":593,"tested":11529,"color":"rgb(44,160,44)"}],"gender":[{"description":"Male","count":1007,"tested":9354,"color":"rgb(31,119,180)"},{"description":"Unknown/Left Blank","count":87,"tested":417,"color":"rgb(44,160,44)"},{"description":"Female","count":1219,"tested":14498,"color":"rgb(255,127,14)"}]}
