{"age":[{"age_group":"<20","count":626,"tested":2996},{"age_group":"20-29   ","count":708,"tested":5087},{"age_group":"30-39   ","count":686,"tested":4453},{"age_group":"40-49   ","count":642,"tested":4264},{"age_group":"50-59   ","count":549,"tested":3824},{"age_group":"60-69   ","count":415,"tested":2913},{"age_group":"70-79   ","count":232,"tested":1550},{"age_group":"80+","count":119,"tested":713}],"race":[{"description":"Other","count":230,"tested":1114,"color":"rgb(148,103,189)"},{"description":"Left Blank","count":968,"tested":13538,"color":"rgb(44,160,44)"},{"description":"Black","count":188,"tested":902,"color":"rgb(255,127,14)"},{"description":"Asian","count":488,"tested":2505,"color":"rgb(140,86,75)"},{"description":"White","count":695,"tested":4294,"color":"rgb(31,119,180)"},{"description":"Hispanic","count":1225,"tested":3373,"color":"rgb(214,39,40)"}],"gender":[{"description":"Male","count":1671,"tested":11124,"color":"rgb(31,119,180)"},{"description":"Unknown/Left Blank","count":97,"tested":288,"color":"rgb(44,160,44)"},{"description":"Female","count":1764,"tested":14403,"color":"rgb(255,127,14)"}]}
