{"age":[{"age_group":"<20","count":40,"tested":412},{"age_group":"20-29   ","count":41,"tested":350},{"age_group":"30-39   ","count":28,"tested":213},{"age_group":"40-49   ","count":36,"tested":192},{"age_group":"50-59   ","count":40,"tested":266},{"age_group":"60-69   ","count":28,"tested":246},{"age_group":"70-79   ","count":17,"tested":107}],"race":[{"description":"Hispanic","count":21,"tested":69,"color":"rgb(214,39,40)"},{"description":"Left Blank","count":85,"tested":975,"color":"rgb(44,160,44)"},{"description":"White","count":110,"tested":771,"color":"rgb(31,119,180)"}],"gender":[{"description":"Male","count":96,"tested":681,"color":"rgb(31,119,180)"},{"description":"Unknown/Left Blank","count":11,"tested":26,"color":"rgb(44,160,44)"},{"description":"Female","count":110,"tested":1129,"color":"rgb(255,127,14)"}]}
