{"age":[{"age_group":"<20","count":240,"tested":1110},{"age_group":"20-29   ","count":292,"tested":1643},{"age_group":"30-39   ","count":247,"tested":1346},{"age_group":"40-49   ","count":245,"tested":1224},{"age_group":"50-59   ","count":182,"tested":1003},{"age_group":"60-69   ","count":125,"tested":861},{"age_group":"70-79   ","count":68,"tested":357},{"age_group":"80+","count":57,"tested":263}],"race":[{"description":"Black","count":79,"tested":444,"color":"rgb(255,127,14)"},{"description":"Hispanic","count":574,"tested":2150,"color":"rgb(214,39,40)"},{"description":"Left Blank","count":363,"tested":2946,"color":"rgb(44,160,44)"},{"description":"White","count":211,"tested":1529,"color":"rgb(31,119,180)"},{"description":"Other","count":134,"tested":672,"color":"rgb(148,103,189)"}],"gender":[{"description":"Male","count":614,"tested":3414,"color":"rgb(31,119,180)"},{"description":"Female","count":660,"tested":4349,"color":"rgb(255,127,14)"}]}
