{"age":[{"age_group":"<20","count":335,"tested":2859},{"age_group":"20-29   ","count":482,"tested":4970},{"age_group":"30-39   ","count":438,"tested":4347},{"age_group":"40-49   ","count":431,"tested":4638},{"age_group":"50-59   ","count":467,"tested":5389},{"age_group":"60-69   ","count":423,"tested":4919},{"age_group":"70-79   ","count":235,"tested":3044},{"age_group":"80+","count":213,"tested":3405}],"race":[{"description":"Asian","count":402,"tested":2610,"color":"rgb(140,86,75)"},{"description":"Left Blank","count":773,"tested":18829,"color":"rgb(44,160,44)"},{"description":"White","count":638,"tested":6832,"color":"rgb(31,119,180)"},{"description":"Other","count":573,"tested":2652,"color":"rgb(148,103,189)"},{"description":"Black","count":209,"tested":1424,"color":"rgb(255,127,14)"},{"description":"Hispanic","count":277,"tested":1087,"color":"rgb(214,39,40)"},{"description":"AI/AN**","count":83,"tested":65,"color":"rgb(31,119,180)"}],"gender":[{"description":"Male","count":1251,"tested":14073,"color":"rgb(31,119,180)"},{"description":"Unknown/Left Blank","count":85,"tested":670,"color":"rgb(44,160,44)"},{"description":"Female","count":1368,"tested":18837,"color":"rgb(255,127,14)"}]}
