{"age":[{"age_group":"<20","count":902,"tested":4019},{"age_group":"20-29   ","count":1085,"tested":6738},{"age_group":"30-39   ","count":1120,"tested":6416},{"age_group":"40-49   ","count":1032,"tested":5657},{"age_group":"50-59   ","count":953,"tested":6302},{"age_group":"60-69   ","count":777,"tested":5309},{"age_group":"70-79   ","count":621,"tested":3499},{"age_group":"80+","count":580,"tested":4034}],"race":[{"description":"Hispanic","count":1405,"tested":4568,"color":"rgb(214,39,40)"},{"description":"Left Blank","count":1570,"tested":17425,"color":"rgb(44,160,44)"},{"description":"White","count":1530,"tested":12788,"color":"rgb(31,119,180)"},{"description":"Black","count":793,"tested":4319,"color":"rgb(255,127,14)"},{"description":"Asian","count":422,"tested":317,"color":"rgb(140,86,75)"},{"description":"Other","count":565,"tested":2426,"color":"rgb(148,103,189)"},{"description":"AI/AN**","count":405,"tested":127,"color":"rgb(31,119,180)"}],"gender":[{"description":"Female","count":2536,"tested":24496,"color":"rgb(255,127,14)"},{"description":"Male","count":2229,"tested":16918,"color":"rgb(31,119,180)"},{"description":"Unknown/Left Blank","count":410,"tested":568,"color":"rgb(44,160,44)"}]}
