{"age":[{"age_group":"<20","count":459,"tested":2379},{"age_group":"20-29   ","count":571,"tested":3197},{"age_group":"30-39   ","count":476,"tested":3037},{"age_group":"40-49   ","count":503,"tested":2896},{"age_group":"50-59   ","count":497,"tested":3035},{"age_group":"60-69   ","count":323,"tested":1669},{"age_group":"70-79   ","count":247,"tested":894},{"age_group":"80+","count":216,"tested":504}],"race":[{"description":"Black","count":224,"tested":316,"color":"rgb(255,127,14)"},{"description":"Asian","count":255,"tested":450,"color":"rgb(140,86,75)"},{"description":"White","count":959,"tested":6978,"color":"rgb(31,119,180)"},{"description":"Other","count":237,"tested":290,"color":"rgb(148,103,189)"},{"description":"Left Blank","count":770,"tested":8338,"color":"rgb(44,160,44)"},{"description":"Hispanic","count":443,"tested":1210,"color":"rgb(214,39,40)"}],"gender":[{"description":"Male","count":1033,"tested":7579,"color":"rgb(31,119,180)"},{"description":"Female","count":1059,"tested":9935,"color":"rgb(255,127,14)"},{"description":"Unknown/Left Blank","count":205,"tested":100,"color":"rgb(44,160,44)"}]}
