{"age":[{"age_group":"<20","count":35,"tested":255},{"age_group":"20-29   ","count":35,"tested":483},{"age_group":"30-39   ","count":32,"tested":408},{"age_group":"40-49   ","count":43,"tested":471},{"age_group":"50-59   ","count":54,"tested":699},{"age_group":"60-69   ","count":53,"tested":708},{"age_group":"70-79   ","count":37,"tested":540},{"age_group":"80+","count":28,"tested":300}],"race":[{"description":"Left Blank","count":93,"tested":1663,"color":"rgb(44,160,44)"},{"description":"Other","count":16,"tested":89,"color":"rgb(148,103,189)"},{"description":"White","count":30,"tested":341,"color":"rgb(31,119,180)"},{"description":"Black","count":151,"tested":1721,"color":"rgb(255,127,14)"}],"gender":[{"description":"Female","count":156,"tested":2278,"color":"rgb(255,127,14)"},{"description":"Male","count":121,"tested":1544,"color":"rgb(31,119,180)"}]}
