{"age":[{"age_group":"<20","count":39,"tested":601},{"age_group":"20-29   ","count":28,"tested":329},{"age_group":"30-39   ","count":19,"tested":186},{"age_group":"40-49   ","count":26,"tested":282},{"age_group":"50-59   ","count":37,"tested":399},{"age_group":"60-69   ","count":22,"tested":217}],"race":[{"description":"Other","count":19,"tested":183,"color":"rgb(148,103,189)"},{"description":"Left Blank","count":39,"tested":860,"color":"rgb(44,160,44)"},{"description":"White","count":78,"tested":1068,"color":"rgb(31,119,180)"}],"gender":[{"description":"Male","count":59,"tested":1034,"color":"rgb(31,119,180)"},{"description":"Female","count":70,"tested":1135,"color":"rgb(255,127,14)"}]}
