{"age":[{"age_group":"<20","count":524,"tested":3530},{"age_group":"20-29   ","count":703,"tested":5961},{"age_group":"30-39   ","count":516,"tested":4824},{"age_group":"40-49   ","count":618,"tested":4473},{"age_group":"50-59   ","count":495,"tested":4200},{"age_group":"60-69   ","count":320,"tested":2382},{"age_group":"70-79   ","count":205,"tested":993},{"age_group":"80+","count":172,"tested":425}],"race":[{"description":"Other","count":226,"tested":1243,"color":"rgb(148,103,189)"},{"description":"Left Blank","count":794,"tested":10769,"color":"rgb(44,160,44)"},{"description":"White","count":765,"tested":7112,"color":"rgb(31,119,180)"},{"description":"Asian","count":293,"tested":1809,"color":"rgb(140,86,75)"},{"description":"Hispanic","count":763,"tested":3141,"color":"rgb(214,39,40)"},{"description":"Black","count":425,"tested":2667,"color":"rgb(255,127,14)"}],"gender":[{"description":"Female","count":1421,"tested":15151,"color":"rgb(255,127,14)"},{"description":"Male","count":1278,"tested":11434,"color":"rgb(31,119,180)"},{"description":"Unknown/Left Blank","count":149,"tested":207,"color":"rgb(44,160,44)"}]}
