{"age":[{"age_group":"<20","count":50,"tested":286},{"age_group":"20-29   ","count":293,"tested":4597},{"age_group":"30-39   ","count":264,"tested":4503},{"age_group":"40-49   ","count":79,"tested":975},{"age_group":"50-59   ","count":61,"tested":562},{"age_group":"60-69   ","count":54,"tested":303}],"race":[{"description":"White","count":251,"tested":3382,"color":"rgb(31,119,180)"},{"description":"Asian","count":80,"tested":1070,"color":"rgb(140,86,75)"},{"description":"Black","count":59,"tested":342,"color":"rgb(255,127,14)"},{"description":"Other","count":73,"tested":665,"color":"rgb(148,103,189)"},{"description":"Left Blank","count":273,"tested":5565,"color":"rgb(44,160,44)"},{"description":"Hispanic","count":66,"tested":325,"color":"rgb(214,39,40)"}],"gender":[{"description":"Unknown/Left Blank","count":49,"tested":110,"color":"rgb(44,160,44)"},{"description":"Female","count":302,"tested":5811,"color":"rgb(255,127,14)"},{"description":"Male","count":345,"tested":5455,"color":"rgb(31,119,180)"}]}
