{"age":[{"age_group":"<20","count":305,"tested":1386},{"age_group":"20-29   ","count":430,"tested":2514},{"age_group":"30-39   ","count":410,"tested":2564},{"age_group":"40-49   ","count":378,"tested":2052},{"age_group":"50-59   ","count":377,"tested":2155},{"age_group":"60-69   ","count":269,"tested":1931},{"age_group":"70-79   ","count":178,"tested":1041},{"age_group":"80+","count":138,"tested":460}],"race":[{"description":"Hispanic","count":345,"tested":1184,"color":"rgb(214,39,40)"},{"description":"White","count":476,"tested":3447,"color":"rgb(31,119,180)"},{"description":"Asian","count":116,"tested":133,"color":"rgb(140,86,75)"},{"description":"Left Blank","count":912,"tested":7059,"color":"rgb(44,160,44)"},{"description":"Black","count":289,"tested":1806,"color":"rgb(255,127,14)"},{"description":"Other","count":157,"tested":451,"color":"rgb(148,103,189)"}],"gender":[{"description":"Male","count":902,"tested":5841,"color":"rgb(31,119,180)"},{"description":"Unknown/Left Blank","count":104,"tested":162,"color":"rgb(44,160,44)"},{"description":"Female","count":1014,"tested":8103,"color":"rgb(255,127,14)"}]}
