{"age":[{"age_group":"<20","count":133,"tested":658},{"age_group":"20-29   ","count":151,"tested":856},{"age_group":"30-39   ","count":142,"tested":659},{"age_group":"40-49   ","count":144,"tested":733},{"age_group":"50-59   ","count":178,"tested":1137},{"age_group":"60-69   ","count":145,"tested":744},{"age_group":"70-79   ","count":98,"tested":481},{"age_group":"80+","count":74,"tested":153}],"race":[{"description":"Hispanic","count":80,"tested":152,"color":"rgb(214,39,40)"},{"description":"White","count":361,"tested":2928,"color":"rgb(31,119,180)"},{"description":"Other","count":98,"tested":209,"color":"rgb(148,103,189)"},{"description":"Left Blank","count":279,"tested":2063,"color":"rgb(44,160,44)"}],"gender":[{"description":"Male","count":342,"tested":2434,"color":"rgb(31,119,180)"},{"description":"Female","count":356,"tested":2964,"color":"rgb(255,127,14)"}]}
