{"age":[{"age_group":"<20","count":452,"tested":3582},{"age_group":"20-29   ","count":607,"tested":5740},{"age_group":"30-39   ","count":481,"tested":4444},{"age_group":"40-49   ","count":470,"tested":4222},{"age_group":"50-59   ","count":542,"tested":5568},{"age_group":"60-69   ","count":396,"tested":4454},{"age_group":"70-79   ","count":238,"tested":2002},{"age_group":"80+","count":241,"tested":1678}],"race":[{"description":"Other","count":321,"tested":1433,"color":"rgb(148,103,189)"},{"description":"Left Blank","count":649,"tested":10410,"color":"rgb(44,160,44)"},{"description":"White","count":990,"tested":12505,"color":"rgb(31,119,180)"},{"description":"Hispanic","count":653,"tested":3341,"color":"rgb(214,39,40)"},{"description":"Asian","count":235,"tested":1729,"color":"rgb(140,86,75)"},{"description":"Black","count":300,"tested":2049,"color":"rgb(255,127,14)"},{"description":"NH/PI*","count":145,"tested":197,"color":"rgb(127,127,127)"}],"gender":[{"description":"Female","count":1393,"tested":17871,"color":"rgb(255,127,14)"},{"description":"Male","count":1244,"tested":13443,"color":"rgb(31,119,180)"},{"description":"Unknown/Left Blank","count":140,"tested":380,"color":"rgb(44,160,44)"}]}
