{"age":[{"age_group":"<20","count":22,"tested":104},{"age_group":"20-29   ","count":15,"tested":79},{"age_group":"30-39   ","count":20,"tested":155},{"age_group":"40-49   ","count":21,"tested":117},{"age_group":"50-59   ","count":19,"tested":119},{"age_group":"60-69   ","count":24,"tested":98},{"age_group":"70-79   ","count":17,"tested":53}],"race":[{"description":"Left Blank","count":38,"tested":274,"color":"rgb(44,160,44)"},{"description":"White","count":76,"tested":430,"color":"rgb(31,119,180)"}],"gender":[{"description":"Male","count":58,"tested":321,"color":"rgb(31,119,180)"},{"description":"Female","count":61,"tested":388,"color":"rgb(255,127,14)"}]}
