{"age":[{"age_group":"<20","count":37,"tested":189},{"age_group":"20-29   ","count":35,"tested":303},{"age_group":"30-39   ","count":52,"tested":300},{"age_group":"40-49   ","count":46,"tested":281},{"age_group":"50-59   ","count":37,"tested":293},{"age_group":"60-69   ","count":36,"tested":352},{"age_group":"70-79   ","count":16,"tested":119},{"age_group":"80+","count":14,"tested":132}],"race":[{"description":"Hispanic","count":40,"tested":153,"color":"rgb(214,39,40)"},{"description":"Black","count":38,"tested":277,"color":"rgb(255,127,14)"},{"description":"Left Blank","count":87,"tested":918,"color":"rgb(44,160,44)"},{"description":"White","count":72,"tested":582,"color":"rgb(31,119,180)"}],"gender":[{"description":"Female","count":108,"tested":1044,"color":"rgb(255,127,14)"},{"description":"Male","count":115,"tested":904,"color":"rgb(31,119,180)"}]}
