{"age":[{"age_group":"<20","count":159,"tested":1639},{"age_group":"20-29   ","count":137,"tested":1675},{"age_group":"30-39   ","count":112,"tested":1653},{"age_group":"40-49   ","count":153,"tested":1861},{"age_group":"50-59   ","count":139,"tested":2347},{"age_group":"60-69   ","count":112,"tested":2409},{"age_group":"70-79   ","count":90,"tested":1956},{"age_group":"80+","count":131,"tested":3797}],"race":[{"description":"Other","count":133,"tested":833,"color":"rgb(148,103,189)"},{"description":"Asian","count":96,"tested":1221,"color":"rgb(140,86,75)"},{"description":"Black","count":46,"tested":403,"color":"rgb(255,127,14)"},{"description":"Hispanic","count":84,"tested":648,"color":"rgb(214,39,40)"},{"description":"White","count":372,"tested":7479,"color":"rgb(31,119,180)"},{"description":"Left Blank","count":233,"tested":6687,"color":"rgb(44,160,44)"}],"gender":[{"description":"Female","count":423,"tested":8900,"color":"rgb(255,127,14)"},{"description":"Male","count":388,"tested":6129,"color":"rgb(31,119,180)"},{"description":"Unknown/Left Blank","count":52,"tested":2325,"color":"rgb(44,160,44)"}]}
