{"age":[{"age_group":"<20","count":39,"tested":209},{"age_group":"20-29   ","count":39,"tested":276},{"age_group":"30-39   ","count":36,"tested":272},{"age_group":"40-49   ","count":44,"tested":245},{"age_group":"50-59   ","count":33,"tested":245},{"age_group":"60-69   ","count":42,"tested":302},{"age_group":"70-79   ","count":33,"tested":149}],"race":[{"description":"Hispanic","count":25,"tested":37,"color":"rgb(214,39,40)"},{"description":"Left Blank","count":55,"tested":998,"color":"rgb(44,160,44)"},{"description":"Other","count":25,"tested":43,"color":"rgb(148,103,189)"},{"description":"White","count":119,"tested":674,"color":"rgb(31,119,180)"}],"gender":[{"description":"Female","count":100,"tested":935,"color":"rgb(255,127,14)"},{"description":"Male","count":100,"tested":806,"color":"rgb(31,119,180)"}]}
