{"age":[{"age_group":"<20","count":49,"tested":140},{"age_group":"20-29   ","count":51,"tested":206},{"age_group":"40-49   ","count":51,"tested":131},{"age_group":"50-59   ","count":50,"tested":282},{"age_group":"60-69   ","count":50,"tested":174},{"age_group":"70-79   ","count":48,"tested":128}],"race":[{"description":"Left Blank","count":77,"tested":899,"color":"rgb(44,160,44)"},{"description":"White","count":61,"tested":462,"color":"rgb(31,119,180)"}],"gender":[{"description":"Female","count":70,"tested":795,"color":"rgb(255,127,14)"},{"description":"Male","count":69,"tested":567,"color":"rgb(31,119,180)"}]}
