{"age":[{"age_group":"<20","count":491,"tested":3439},{"age_group":"20-29   ","count":579,"tested":6333},{"age_group":"30-39   ","count":522,"tested":6010},{"age_group":"40-49   ","count":497,"tested":5633},{"age_group":"50-59   ","count":469,"tested":5670},{"age_group":"60-69   ","count":360,"tested":4633},{"age_group":"70-79   ","count":323,"tested":4066},{"age_group":"80+","count":494,"tested":9477}],"race":[{"description":"Hispanic","count":438,"tested":1537,"color":"rgb(214,39,40)"},{"description":"Asian","count":286,"tested":2299,"color":"rgb(140,86,75)"},{"description":"White","count":1277,"tested":14653,"color":"rgb(31,119,180)"},{"description":"Left Blank","count":741,"tested":24173,"color":"rgb(44,160,44)"},{"description":"Other","count":263,"tested":881,"color":"rgb(148,103,189)"},{"description":"Black","count":334,"tested":1678,"color":"rgb(255,127,14)"}],"gender":[{"description":"Unknown/Left Blank","count":206,"tested":819,"color":"rgb(44,160,44)"},{"description":"Male","count":1144,"tested":15381,"color":"rgb(31,119,180)"},{"description":"Female","count":1405,"tested":29070,"color":"rgb(255,127,14)"}]}
