{"age":[{"age_group":"<20","count":517,"tested":2013},{"age_group":"20-29   ","count":601,"tested":2718},{"age_group":"30-39   ","count":472,"tested":2249},{"age_group":"40-49   ","count":519,"tested":1876},{"age_group":"50-59   ","count":577,"tested":2998},{"age_group":"60-69   ","count":469,"tested":2122},{"age_group":"70-79   ","count":357,"tested":1186},{"age_group":"80+","count":317,"tested":659}],"race":[{"description":"Hispanic","count":322,"tested":349,"color":"rgb(214,39,40)"},{"description":"Left Blank","count":1013,"tested":7833,"color":"rgb(44,160,44)"},{"description":"White","count":1086,"tested":6970,"color":"rgb(31,119,180)"},{"description":"Black","count":279,"tested":140,"color":"rgb(255,127,14)"},{"description":"Asian","count":276,"tested":133,"color":"rgb(140,86,75)"},{"description":"Other","count":318,"tested":380,"color":"rgb(148,103,189)"}],"gender":[{"description":"Unknown/Left Blank","count":283,"tested":196,"color":"rgb(44,160,44)"},{"description":"Male","count":1106,"tested":7155,"color":"rgb(31,119,180)"},{"description":"Female","count":1105,"tested":8472,"color":"rgb(255,127,14)"}]}
