{"age":[{"age_group":"<20","count":21,"tested":84},{"age_group":"20-29   ","count":30,"tested":153},{"age_group":"30-39   ","count":22,"tested":140},{"age_group":"40-49   ","count":23,"tested":88},{"age_group":"50-59   ","count":35,"tested":139},{"age_group":"60-69   ","count":30,"tested":142}],"race":[{"description":"White","count":57,"tested":476,"color":"rgb(31,119,180)"},{"description":"Hispanic","count":27,"tested":39,"color":"rgb(214,39,40)"},{"description":"Left Blank","count":38,"tested":318,"color":"rgb(44,160,44)"}],"gender":[{"description":"Male","count":54,"tested":419,"color":"rgb(31,119,180)"},{"description":"Female","count":53,"tested":454,"color":"rgb(255,127,14)"}]}
