{"age":[{"age_group":"<20","count":208,"tested":1247},{"age_group":"20-29   ","count":242,"tested":2013},{"age_group":"30-39   ","count":215,"tested":2349},{"age_group":"40-49   ","count":227,"tested":2342},{"age_group":"50-59   ","count":260,"tested":2755},{"age_group":"60-69   ","count":273,"tested":2920},{"age_group":"70-79   ","count":240,"tested":2175},{"age_group":"80+","count":271,"tested":2157}],"race":[{"description":"Hispanic","count":116,"tested":434,"color":"rgb(214,39,40)"},{"description":"Black","count":127,"tested":1697,"color":"rgb(255,127,14)"},{"description":"Other","count":121,"tested":364,"color":"rgb(148,103,189)"},{"description":"White","count":609,"tested":6256,"color":"rgb(31,119,180)"},{"description":"Asian","count":97,"tested":518,"color":"rgb(140,86,75)"},{"description":"Left Blank","count":690,"tested":8686,"color":"rgb(44,160,44)"}],"gender":[{"description":"Unknown/Left Blank","count":100,"tested":279,"color":"rgb(44,160,44)"},{"description":"Male","count":638,"tested":6165,"color":"rgb(31,119,180)"},{"description":"Female","count":758,"tested":11517,"color":"rgb(255,127,14)"}]}
