{"age":[{"age_group":"<20","count":333,"tested":4831},{"age_group":"20-29   ","count":359,"tested":6543},{"age_group":"30-39   ","count":273,"tested":3742},{"age_group":"40-49   ","count":260,"tested":3429},{"age_group":"50-59   ","count":310,"tested":4549},{"age_group":"60-69   ","count":246,"tested":5665},{"age_group":"70-79   ","count":126,"tested":3581},{"age_group":"80+","count":152,"tested":5581}],"race":[{"description":"White","count":972,"tested":12201,"color":"rgb(31,119,180)"},{"description":"Asian","count":123,"tested":712,"color":"rgb(140,86,75)"},{"description":"Hispanic","count":142,"tested":706,"color":"rgb(214,39,40)"},{"description":"Black","count":94,"tested":692,"color":"rgb(255,127,14)"},{"description":"Other","count":105,"tested":606,"color":"rgb(148,103,189)"},{"description":"Left Blank","count":531,"tested":22982,"color":"rgb(44,160,44)"}],"gender":[{"description":"Female","count":893,"tested":21337,"color":"rgb(255,127,14)"},{"description":"Unknown/Left Blank","count":52,"tested":591,"color":"rgb(44,160,44)"},{"description":"Male","count":889,"tested":16005,"color":"rgb(31,119,180)"}]}
