{"age":[{"age_group":"<20","count":189,"tested":999},{"age_group":"20-29   ","count":266,"tested":1790},{"age_group":"30-39   ","count":232,"tested":1753},{"age_group":"40-49   ","count":223,"tested":1544},{"age_group":"50-59   ","count":200,"tested":1706},{"age_group":"60-69   ","count":155,"tested":1280},{"age_group":"70-79   ","count":90,"tested":544},{"age_group":"80+","count":66,"tested":368}],"race":[{"description":"Black","count":152,"tested":1103,"color":"rgb(255,127,14)"},{"description":"Asian","count":48,"tested":49,"color":"rgb(140,86,75)"},{"description":"Other","count":100,"tested":408,"color":"rgb(148,103,189)"},{"description":"Hispanic","count":214,"tested":801,"color":"rgb(214,39,40)"},{"description":"White","count":361,"tested":2468,"color":"rgb(31,119,180)"},{"description":"Left Blank","count":463,"tested":5144,"color":"rgb(44,160,44)"}],"gender":[{"description":"Female","count":670,"tested":6180,"color":"rgb(255,127,14)"},{"description":"Male","count":507,"tested":3589,"color":"rgb(31,119,180)"}]}
