{"age":[{"age_group":"<20","count":22,"tested":214},{"age_group":"20-29   ","count":57,"tested":749},{"age_group":"30-39   ","count":41,"tested":640},{"age_group":"40-49   ","count":23,"tested":374},{"age_group":"50-59   ","count":25,"tested":360},{"age_group":"60-69   ","count":13,"tested":232},{"age_group":"70-79   ","count":13,"tested":198}],"race":[{"description":"Black","count":30,"tested":352,"color":"rgb(255,127,14)"},{"description":"Asian","count":17,"tested":113,"color":"rgb(140,86,75)"},{"description":"Hispanic","count":21,"tested":132,"color":"rgb(214,39,40)"},{"description":"Left Blank","count":49,"tested":1153,"color":"rgb(44,160,44)"},{"description":"Other","count":15,"tested":177,"color":"rgb(148,103,189)"},{"description":"White","count":57,"tested":894,"color":"rgb(31,119,180)"}],"gender":[{"description":"Female","count":85,"tested":1531,"color":"rgb(255,127,14)"},{"description":"Male","count":77,"tested":1199,"color":"rgb(31,119,180)"}]}
