{"age":[{"age_group":"<20","count":769,"tested":4711},{"age_group":"20-29   ","count":981,"tested":9451},{"age_group":"30-39   ","count":892,"tested":8699},{"age_group":"40-49   ","count":913,"tested":8622},{"age_group":"50-59   ","count":832,"tested":10141},{"age_group":"60-69   ","count":627,"tested":7853},{"age_group":"70-79   ","count":397,"tested":4152},{"age_group":"80+","count":304,"tested":3298}],"race":[{"description":"Black","count":1487,"tested":16528,"color":"rgb(255,127,14)"},{"description":"Asian","count":157,"tested":105,"color":"rgb(140,86,75)"},{"description":"AI/AN**","count":181,"tested":192,"color":"rgb(31,119,180)"},{"description":"Other","count":304,"tested":1368,"color":"rgb(148,103,189)"},{"description":"White","count":677,"tested":6642,"color":"rgb(31,119,180)"},{"description":"Left Blank","count":1895,"tested":28414,"color":"rgb(44,160,44)"},{"description":"Hispanic","count":863,"tested":3656,"color":"rgb(214,39,40)"}],"gender":[{"description":"Male","count":2172,"tested":24316,"color":"rgb(31,119,180)"},{"description":"Unknown/Left Blank","count":197,"tested":833,"color":"rgb(44,160,44)"},{"description":"Female","count":2602,"tested":31797,"color":"rgb(255,127,14)"}]}
