{"age":[{"age_group":"<20","count":110,"tested":470},{"age_group":"20-29   ","count":142,"tested":744},{"age_group":"30-39   ","count":114,"tested":600},{"age_group":"40-49   ","count":123,"tested":428},{"age_group":"50-59   ","count":83,"tested":449},{"age_group":"60-69   ","count":63,"tested":281},{"age_group":"70-79   ","count":36,"tested":118},{"age_group":"80+","count":18,"tested":51}],"race":[{"description":"Black","count":26,"tested":78,"color":"rgb(255,127,14)"},{"description":"Other","count":51,"tested":213,"color":"rgb(148,103,189)"},{"description":"Hispanic","count":297,"tested":1064,"color":"rgb(214,39,40)"},{"description":"Left Blank","count":194,"tested":1279,"color":"rgb(44,160,44)"},{"description":"White","count":83,"tested":480,"color":"rgb(31,119,180)"}],"gender":[{"description":"Female","count":312,"tested":1658,"color":"rgb(255,127,14)"},{"description":"Male","count":308,"tested":1451,"color":"rgb(31,119,180)"}]}
