{"age":[{"age_group":"<20","count":13,"tested":66},{"age_group":"20-29   ","count":14,"tested":54},{"age_group":"30-39   ","count":14,"tested":62},{"age_group":"40-49   ","count":15,"tested":76},{"age_group":"50-59   ","count":16,"tested":82},{"age_group":"60-69   ","count":20,"tested":125},{"age_group":"70-79   ","count":12,"tested":67}],"race":[{"description":"Left Blank","count":24,"tested":211,"color":"rgb(44,160,44)"},{"description":"White","count":56,"tested":326,"color":"rgb(31,119,180)"}],"gender":[{"description":"Male","count":43,"tested":250,"color":"rgb(31,119,180)"},{"description":"Female","count":35,"tested":304,"color":"rgb(255,127,14)"}]}
