{"age":[{"age_group":"<20","count":46,"tested":219},{"age_group":"20-29   ","count":37,"tested":297},{"age_group":"30-39   ","count":35,"tested":243},{"age_group":"40-49   ","count":41,"tested":266},{"age_group":"50-59   ","count":41,"tested":329},{"age_group":"60-69   ","count":30,"tested":265},{"age_group":"80+","count":22,"tested":78}],"race":[{"description":"White","count":113,"tested":963,"color":"rgb(31,119,180)"},{"description":"Left Blank","count":58,"tested":724,"color":"rgb(44,160,44)"},{"description":"Hispanic","count":26,"tested":68,"color":"rgb(214,39,40)"}],"gender":[{"description":"Female","count":96,"tested":1017,"color":"rgb(255,127,14)"},{"description":"Male","count":89,"tested":723,"color":"rgb(31,119,180)"}]}
