{"age":[{"age_group":"<20","count":394,"tested":3479},{"age_group":"20-29   ","count":498,"tested":4736},{"age_group":"30-39   ","count":536,"tested":4947},{"age_group":"40-49   ","count":455,"tested":4496},{"age_group":"50-59   ","count":401,"tested":4171},{"age_group":"60-69   ","count":291,"tested":3145},{"age_group":"70-79   ","count":159,"tested":1328},{"age_group":"80+","count":103,"tested":581}],"race":[{"description":"Left Blank","count":596,"tested":9754,"color":"rgb(44,160,44)"},{"description":"White","count":106,"tested":1016,"color":"rgb(31,119,180)"},{"description":"Hispanic","count":372,"tested":1666,"color":"rgb(214,39,40)"},{"description":"Other","count":87,"tested":612,"color":"rgb(148,103,189)"},{"description":"Asian","count":42,"tested":77,"color":"rgb(140,86,75)"},{"description":"Black","count":1564,"tested":13731,"color":"rgb(255,127,14)"}],"gender":[{"description":"Male","count":1113,"tested":11340,"color":"rgb(31,119,180)"},{"description":"Female","count":1492,"tested":14490,"color":"rgb(255,127,14)"},{"description":"Unknown/Left Blank","count":62,"tested":1063,"color":"rgb(44,160,44)"}]}
