{"age":[{"age_group":"<20","count":37,"tested":578},{"age_group":"20-29   ","count":27,"tested":316},{"age_group":"30-39   ","count":17,"tested":183},{"age_group":"40-49   ","count":24,"tested":274},{"age_group":"50-59   ","count":34,"tested":386},{"age_group":"60-69   ","count":19,"tested":205}],"race":[{"description":"Other","count":17,"tested":179,"color":"rgb(148,103,189)"},{"description":"Left Blank","count":35,"tested":825,"color":"rgb(44,160,44)"},{"description":"White","count":77,"tested":1034,"color":"rgb(31,119,180)"}],"gender":[{"description":"Male","count":56,"tested":994,"color":"rgb(31,119,180)"},{"description":"Female","count":68,"tested":1101,"color":"rgb(255,127,14)"}]}
