{"age":[{"age_group":"<20","count":485,"tested":4227},{"age_group":"20-29   ","count":613,"tested":6628},{"age_group":"30-39   ","count":674,"tested":6602},{"age_group":"40-49   ","count":694,"tested":7014},{"age_group":"50-59   ","count":685,"tested":8032},{"age_group":"60-69   ","count":533,"tested":6733},{"age_group":"70-79   ","count":404,"tested":4616},{"age_group":"80+","count":271,"tested":2880}],"race":[{"description":"White","count":115,"tested":784,"color":"rgb(31,119,180)"},{"description":"Left Blank","count":949,"tested":16742,"color":"rgb(44,160,44)"},{"description":"Other","count":157,"tested":646,"color":"rgb(148,103,189)"},{"description":"Black","count":2695,"tested":27439,"color":"rgb(255,127,14)"},{"description":"Hispanic","count":259,"tested":1019,"color":"rgb(214,39,40)"}],"gender":[{"description":"Male","count":1737,"tested":18678,"color":"rgb(31,119,180)"},{"description":"Unknown/Left Blank","count":91,"tested":1219,"color":"rgb(44,160,44)"},{"description":"Female","count":2241,"tested":26845,"color":"rgb(255,127,14)"}]}
