{"age":[{"age_group":"<20","count":178,"tested":1089},{"age_group":"20-29   ","count":161,"tested":1136},{"age_group":"30-39   ","count":139,"tested":998},{"age_group":"40-49   ","count":174,"tested":1005},{"age_group":"50-59   ","count":176,"tested":1322},{"age_group":"60-69   ","count":137,"tested":1115},{"age_group":"70-79   ","count":91,"tested":821},{"age_group":"80+","count":81,"tested":424}],"race":[{"description":"Left Blank","count":248,"tested":2614,"color":"rgb(44,160,44)"},{"description":"Hispanic","count":114,"tested":385,"color":"rgb(214,39,40)"},{"description":"Other","count":78,"tested":196,"color":"rgb(148,103,189)"},{"description":"White","count":453,"tested":4569,"color":"rgb(31,119,180)"}],"gender":[{"description":"Female","count":394,"tested":4150,"color":"rgb(255,127,14)"},{"description":"Male","count":393,"tested":3706,"color":"rgb(31,119,180)"}]}
