{"age":[{"age_group":"<20","count":152,"tested":876},{"age_group":"20-29   ","count":165,"tested":1233},{"age_group":"30-39   ","count":195,"tested":1433},{"age_group":"40-49   ","count":148,"tested":1063},{"age_group":"50-59   ","count":156,"tested":1231},{"age_group":"60-69   ","count":130,"tested":1013},{"age_group":"70-79   ","count":38,"tested":452},{"age_group":"80+","count":34,"tested":338}],"race":[{"description":"Other","count":52,"tested":368,"color":"rgb(148,103,189)"},{"description":"Left Blank","count":211,"tested":2142,"color":"rgb(44,160,44)"},{"description":"White","count":394,"tested":3181,"color":"rgb(31,119,180)"},{"description":"Black","count":29,"tested":85,"color":"rgb(255,127,14)"},{"description":"Asian","count":31,"tested":129,"color":"rgb(140,86,75)"},{"description":"Hispanic","count":271,"tested":1718,"color":"rgb(214,39,40)"}],"gender":[{"description":"Male","count":450,"tested":3398,"color":"rgb(31,119,180)"},{"description":"Female","count":483,"tested":4140,"color":"rgb(255,127,14)"}]}
