{"age":[{"age_group":"<20","count":638,"tested":4786},{"age_group":"20-29   ","count":580,"tested":4669},{"age_group":"30-39   ","count":458,"tested":3725},{"age_group":"40-49   ","count":552,"tested":4250},{"age_group":"50-59   ","count":632,"tested":5535},{"age_group":"60-69   ","count":500,"tested":4819},{"age_group":"70-79   ","count":397,"tested":3078},{"age_group":"80+","count":372,"tested":3280}],"race":[{"description":"Hispanic","count":334,"tested":1173,"color":"rgb(214,39,40)"},{"description":"Asian","count":374,"tested":1524,"color":"rgb(140,86,75)"},{"description":"White","count":1356,"tested":14485,"color":"rgb(31,119,180)"},{"description":"Black","count":262,"tested":318,"color":"rgb(255,127,14)"},{"description":"Left Blank","count":982,"tested":15869,"color":"rgb(44,160,44)"},{"description":"Other","count":324,"tested":697,"color":"rgb(148,103,189)"}],"gender":[{"description":"Male","count":1320,"tested":14505,"color":"rgb(31,119,180)"},{"description":"Unknown/Left Blank","count":266,"tested":836,"color":"rgb(44,160,44)"},{"description":"Female","count":1313,"tested":18804,"color":"rgb(255,127,14)"}]}
