{"age":[{"age_group":"<20","count":530,"tested":3484},{"age_group":"20-29   ","count":550,"tested":4486},{"age_group":"30-39   ","count":511,"tested":3805},{"age_group":"40-49   ","count":485,"tested":3377},{"age_group":"50-59   ","count":498,"tested":4665},{"age_group":"60-69   ","count":401,"tested":4368},{"age_group":"70-79   ","count":245,"tested":2691},{"age_group":"80+","count":256,"tested":3751}],"race":[{"description":"Black","count":184,"tested":243,"color":"rgb(255,127,14)"},{"description":"Hispanic","count":437,"tested":1367,"color":"rgb(214,39,40)"},{"description":"White","count":1292,"tested":11383,"color":"rgb(31,119,180)"},{"description":"Asian","count":200,"tested":493,"color":"rgb(140,86,75)"},{"description":"Other","count":203,"tested":390,"color":"rgb(148,103,189)"},{"description":"Left Blank","count":836,"tested":16724,"color":"rgb(44,160,44)"}],"gender":[{"description":"Female","count":1279,"tested":17771,"color":"rgb(255,127,14)"},{"description":"Male","count":1224,"tested":12347,"color":"rgb(31,119,180)"},{"description":"Unknown/Left Blank","count":177,"tested":520,"color":"rgb(44,160,44)"}]}
