{"age":[{"age_group":"<20","count":173,"tested":775},{"age_group":"20-29   ","count":242,"tested":1645},{"age_group":"30-39   ","count":211,"tested":1516},{"age_group":"40-49   ","count":203,"tested":1298},{"age_group":"50-59   ","count":182,"tested":1510},{"age_group":"60-69   ","count":170,"tested":1316},{"age_group":"70-79   ","count":95,"tested":706},{"age_group":"80+","count":76,"tested":299}],"race":[{"description":"White","count":364,"tested":2615,"color":"rgb(31,119,180)"},{"description":"Asian","count":67,"tested":137,"color":"rgb(140,86,75)"},{"description":"Hispanic","count":146,"tested":488,"color":"rgb(214,39,40)"},{"description":"Left Blank","count":489,"tested":5124,"color":"rgb(44,160,44)"},{"description":"Other","count":121,"tested":475,"color":"rgb(148,103,189)"},{"description":"Black","count":66,"tested":218,"color":"rgb(255,127,14)"}],"gender":[{"description":"Male","count":519,"tested":3729,"color":"rgb(31,119,180)"},{"description":"Female","count":535,"tested":4775,"color":"rgb(255,127,14)"}]}
