{"age":[{"age_group":"<20","count":295,"tested":1978},{"age_group":"20-29   ","count":447,"tested":3463},{"age_group":"30-39   ","count":514,"tested":4048},{"age_group":"40-49   ","count":429,"tested":3454},{"age_group":"50-59   ","count":407,"tested":3533},{"age_group":"60-69   ","count":310,"tested":2789},{"age_group":"70-79   ","count":152,"tested":1275},{"age_group":"80+","count":117,"tested":1017}],"race":[{"description":"Black","count":83,"tested":270,"color":"rgb(255,127,14)"},{"description":"Hispanic","count":357,"tested":2183,"color":"rgb(214,39,40)"},{"description":"Asian","count":180,"tested":984,"color":"rgb(140,86,75)"},{"description":"White","count":1243,"tested":9362,"color":"rgb(31,119,180)"},{"description":"Other","count":193,"tested":979,"color":"rgb(148,103,189)"},{"description":"Left Blank","count":507,"tested":7709,"color":"rgb(44,160,44)"}],"gender":[{"description":"Female","count":1140,"tested":11180,"color":"rgb(255,127,14)"},{"description":"Male","count":1221,"tested":9979,"color":"rgb(31,119,180)"},{"description":"Unknown/Left Blank","count":60,"tested":399,"color":"rgb(44,160,44)"}]}
