{"age":[{"age_group":"<20","count":492,"tested":2297},{"age_group":"20-29   ","count":529,"tested":3213},{"age_group":"30-39   ","count":461,"tested":2687},{"age_group":"40-49   ","count":514,"tested":2724},{"age_group":"50-59   ","count":588,"tested":3587},{"age_group":"60-69   ","count":439,"tested":2805},{"age_group":"70-79   ","count":286,"tested":1358},{"age_group":"80+","count":253,"tested":1091}],"race":[{"description":"Hispanic","count":382,"tested":918,"color":"rgb(214,39,40)"},{"description":"Asian","count":283,"tested":525,"color":"rgb(140,86,75)"},{"description":"Black","count":246,"tested":411,"color":"rgb(255,127,14)"},{"description":"Left Blank","count":893,"tested":9421,"color":"rgb(44,160,44)"},{"description":"Other","count":243,"tested":308,"color":"rgb(148,103,189)"},{"description":"White","count":1083,"tested":8137,"color":"rgb(31,119,180)"},{"description":"NH/PI*","count":218,"tested":16,"color":"rgb(127,127,127)"}],"gender":[{"description":"Male","count":1117,"tested":8511,"color":"rgb(31,119,180)"},{"description":"Unknown/Left Blank","count":218,"tested":216,"color":"rgb(44,160,44)"},{"description":"Female","count":1167,"tested":11039,"color":"rgb(255,127,14)"}]}
