{"age":[{"age_group":"<20","count":40,"tested":332},{"age_group":"20-29   ","count":42,"tested":301},{"age_group":"30-39   ","count":40,"tested":248},{"age_group":"40-49   ","count":36,"tested":240},{"age_group":"50-59   ","count":38,"tested":318},{"age_group":"60-69   ","count":47,"tested":287},{"age_group":"70-79   ","count":36,"tested":233},{"age_group":"80+","count":19,"tested":120}],"race":[{"description":"Left Blank","count":60,"tested":636,"color":"rgb(44,160,44)"},{"description":"White","count":182,"tested":1375,"color":"rgb(31,119,180)"}],"gender":[{"description":"Male","count":116,"tested":793,"color":"rgb(31,119,180)"},{"description":"Female","count":134,"tested":1263,"color":"rgb(255,127,14)"}]}
