{"age":[{"age_group":"<20","count":34,"tested":189},{"age_group":"20-29   ","count":35,"tested":216},{"age_group":"30-39   ","count":32,"tested":272},{"age_group":"40-49   ","count":46,"tested":214},{"age_group":"50-59   ","count":41,"tested":192},{"age_group":"60-69   ","count":40,"tested":178}],"race":[{"description":"Left Blank","count":46,"tested":554,"color":"rgb(44,160,44)"},{"description":"White","count":81,"tested":802,"color":"rgb(31,119,180)"}],"gender":[{"description":"Female","count":69,"tested":917,"color":"rgb(255,127,14)"},{"description":"Male","count":61,"tested":438,"color":"rgb(31,119,180)"}]}
