{"age":[{"age_group":"<20","count":61,"tested":373},{"age_group":"20-29   ","count":70,"tested":357},{"age_group":"30-39   ","count":69,"tested":327},{"age_group":"40-49   ","count":88,"tested":347},{"age_group":"50-59   ","count":74,"tested":515},{"age_group":"60-69   ","count":59,"tested":318},{"age_group":"70-79   ","count":41,"tested":198},{"age_group":"80+","count":38,"tested":107}],"race":[{"description":"Other","count":37,"tested":83,"color":"rgb(148,103,189)"},{"description":"Hispanic","count":42,"tested":71,"color":"rgb(214,39,40)"},{"description":"Left Blank","count":86,"tested":806,"color":"rgb(44,160,44)"},{"description":"White","count":213,"tested":1566,"color":"rgb(31,119,180)"}],"gender":[{"description":"Female","count":168,"tested":1448,"color":"rgb(255,127,14)"},{"description":"Male","count":152,"tested":1048,"color":"rgb(31,119,180)"}]}
