{"age":[{"age_group":"<20","count":315,"tested":2260},{"age_group":"20-29   ","count":273,"tested":2653},{"age_group":"30-39   ","count":220,"tested":2172},{"age_group":"40-49   ","count":335,"tested":2840},{"age_group":"50-59   ","count":325,"tested":3225},{"age_group":"60-69   ","count":158,"tested":1723},{"age_group":"70-79   ","count":96,"tested":737},{"age_group":"80+","count":73,"tested":290}],"race":[{"description":"Asian","count":184,"tested":1452,"color":"rgb(140,86,75)"},{"description":"Black","count":231,"tested":1704,"color":"rgb(255,127,14)"},{"description":"Hispanic","count":225,"tested":1030,"color":"rgb(214,39,40)"},{"description":"White","count":371,"tested":3760,"color":"rgb(31,119,180)"},{"description":"Left Blank","count":540,"tested":7187,"color":"rgb(44,160,44)"},{"description":"Other","count":125,"tested":713,"color":"rgb(148,103,189)"}],"gender":[{"description":"Female","count":735,"tested":8719,"color":"rgb(255,127,14)"},{"description":"Unknown/Left Blank","count":68,"tested":180,"color":"rgb(44,160,44)"},{"description":"Male","count":712,"tested":7003,"color":"rgb(31,119,180)"}]}
