{"age":[{"age_group":"<20","count":406,"tested":3932},{"age_group":"20-29   ","count":584,"tested":7128},{"age_group":"30-39   ","count":587,"tested":6665},{"age_group":"40-49   ","count":622,"tested":6828},{"age_group":"50-59   ","count":622,"tested":8703},{"age_group":"60-69   ","count":469,"tested":8337},{"age_group":"70-79   ","count":259,"tested":3884},{"age_group":"80+","count":199,"tested":2066}],"race":[{"description":"Other","count":109,"tested":544,"color":"rgb(148,103,189)"},{"description":"Left Blank","count":822,"tested":17318,"color":"rgb(44,160,44)"},{"description":"Asian","count":52,"tested":61,"color":"rgb(140,86,75)"},{"description":"Black","count":2478,"tested":28532,"color":"rgb(255,127,14)"},{"description":"Hispanic","count":108,"tested":480,"color":"rgb(214,39,40)"},{"description":"White","count":81,"tested":503,"color":"rgb(31,119,180)"}],"gender":[{"description":"Male","count":1394,"tested":18741,"color":"rgb(31,119,180)"},{"description":"Unknown/Left Blank","count":66,"tested":698,"color":"rgb(44,160,44)"},{"description":"Female","count":2059,"tested":28121,"color":"rgb(255,127,14)"}]}
