{"age":[{"age_group":"<20","count":294,"tested":2131},{"age_group":"20-29   ","count":271,"tested":2113},{"age_group":"30-39   ","count":286,"tested":2845},{"age_group":"40-49   ","count":324,"tested":2673},{"age_group":"50-59   ","count":240,"tested":2187},{"age_group":"60-69   ","count":201,"tested":2159},{"age_group":"70-79   ","count":95,"tested":1153},{"age_group":"80+","count":86,"tested":1710}],"race":[{"description":"Black","count":80,"tested":302,"color":"rgb(255,127,14)"},{"description":"Asian","count":66,"tested":165,"color":"rgb(140,86,75)"},{"description":"Hispanic","count":318,"tested":1533,"color":"rgb(214,39,40)"},{"description":"White","count":546,"tested":5857,"color":"rgb(31,119,180)"},{"description":"Other","count":135,"tested":796,"color":"rgb(148,103,189)"},{"description":"Left Blank","count":548,"tested":8300,"color":"rgb(44,160,44)"}],"gender":[{"description":"Female","count":775,"tested":9647,"color":"rgb(255,127,14)"},{"description":"Male","count":709,"tested":7002,"color":"rgb(31,119,180)"},{"description":"Unknown/Left Blank","count":58,"tested":326,"color":"rgb(44,160,44)"}]}
