{"age":[{"age_group":"<20","count":50,"tested":218},{"age_group":"20-29   ","count":56,"tested":344},{"age_group":"30-39   ","count":51,"tested":249},{"age_group":"40-49   ","count":55,"tested":219},{"age_group":"50-59   ","count":48,"tested":313},{"age_group":"60-69   ","count":43,"tested":369},{"age_group":"70-79   ","count":37,"tested":153}],"race":[{"description":"Hispanic","count":31,"tested":42,"color":"rgb(214,39,40)"},{"description":"White","count":147,"tested":1235,"color":"rgb(31,119,180)"},{"description":"Left Blank","count":57,"tested":574,"color":"rgb(44,160,44)"},{"description":"Other","count":31,"tested":51,"color":"rgb(148,103,189)"}],"gender":[{"description":"Male","count":114,"tested":742,"color":"rgb(31,119,180)"},{"description":"Female","count":103,"tested":1044,"color":"rgb(255,127,14)"}]}
