{"age":[{"age_group":"<20","count":107,"tested":746},{"age_group":"20-29   ","count":92,"tested":757},{"age_group":"30-39   ","count":86,"tested":689},{"age_group":"40-49   ","count":92,"tested":680},{"age_group":"50-59   ","count":94,"tested":857},{"age_group":"60-69   ","count":91,"tested":1207},{"age_group":"70-79   ","count":78,"tested":869},{"age_group":"80+","count":83,"tested":1600}],"race":[{"description":"White","count":255,"tested":3218,"color":"rgb(31,119,180)"},{"description":"Left Blank","count":198,"tested":4024,"color":"rgb(44,160,44)"},{"description":"Hispanic","count":58,"tested":97,"color":"rgb(214,39,40)"}],"gender":[{"description":"Male","count":214,"tested":2483,"color":"rgb(31,119,180)"},{"description":"Female","count":240,"tested":4601,"color":"rgb(255,127,14)"},{"description":"Unknown/Left Blank","count":59,"tested":326,"color":"rgb(44,160,44)"}]}
