{"lastUpdatedDate":{"year":2020,"month":11,"day":5},"county_demographics":[{"County":"Alexander","confirmed_cases":160,"total_tested":2572,"demographics":{"age":[{"age_group":"<20","count":15,"tested":200},{"age_group":"20-29   ","count":17,"tested":359},{"age_group":"30-39   ","count":28,"tested":250},{"age_group":"40-49   ","count":17,"tested":355},{"age_group":"50-59   ","count":31,"tested":566},{"age_group":"60-69   ","count":25,"tested":457},{"age_group":"70-79   ","count":24,"tested":222},{"age_group":"80+","count":0,"tested":163}],"race":[{"description":"Asian","count":0,"tested":0,"color":"rgb(140,86,75)"},{"description":"Black","count":43,"tested":790,"color":"rgb(255,127,14)"},{"description":"Hispanic","count":0,"tested":6,"color":"rgb(214,39,40)"},{"description":"Left Blank","count":54,"tested":982,"color":"rgb(44,160,44)"},{"description":"Other","count":0,"tested":13,"color":"rgb(148,103,189)"},{"description":"White","count":61,"tested":778,"color":"rgb(31,119,180)"}],"gender":[{"description":"Female","count":102,"tested":1577,"color":"rgb(255,127,14)"},{"description":"Male","count":53,"tested":863,"color":"rgb(31,119,180)"},{"description":"Unknown/Left Blank","count":0,"tested":132,"color":"rgb(44,160,44)"}]}}]}
