{"lastUpdatedDate":{"year":2020,"month":11,"day":5},"county_demographics":[{"County":"Jefferson","confirmed_cases":1092,"total_tested":14806,"demographics":{"age":[{"age_group":"<20","count":115,"tested":1673},{"age_group":"20-29   ","count":143,"tested":2246},{"age_group":"30-39   ","count":120,"tested":1890},{"age_group":"40-49   ","count":124,"tested":1766},{"age_group":"50-59   ","count":144,"tested":2092},{"age_group":"60-69   ","count":153,"tested":1870},{"age_group":"70-79   ","count":131,"tested":1589},{"age_group":"80+","count":162,"tested":1660},{"age_group":"Unknown","count":0,"tested":20}],"race":[{"description":"AI/AN**","count":0,"tested":0,"color":"rgb(31,119,180)"},{"description":"Asian","count":0,"tested":40,"color":"rgb(140,86,75)"},{"description":"Black","count":30,"tested":691,"color":"rgb(255,127,14)"},{"description":"Hispanic","count":28,"tested":272,"color":"rgb(214,39,40)"},{"description":"Left Blank","count":375,"tested":5202,"color":"rgb(44,160,44)"},{"description":"NH/PI*","count":0,"tested":0,"color":"rgb(127,127,127)"},{"description":"Other","count":25,"tested":276,"color":"rgb(148,103,189)"},{"description":"White","count":629,"tested":8317,"color":"rgb(31,119,180)"}],"gender":[{"description":"Female","count":611,"tested":9109,"color":"rgb(255,127,14)"},{"description":"Male","count":443,"tested":5125,"color":"rgb(31,119,180)"},{"description":"Unknown/Left Blank","count":38,"tested":572,"color":"rgb(44,160,44)"}]}}]}
