{"lastUpdatedDate":{"year":2020,"month":11,"day":5},"county_demographics":[{"County":"Lawrence","confirmed_cases":403,"total_tested":7536,"demographics":{"age":[{"age_group":"<20","count":51,"tested":1019},{"age_group":"20-29   ","count":61,"tested":1224},{"age_group":"30-39   ","count":55,"tested":1132},{"age_group":"40-49   ","count":49,"tested":977},{"age_group":"50-59   ","count":55,"tested":979},{"age_group":"60-69   ","count":49,"tested":762},{"age_group":"70-79   ","count":45,"tested":672},{"age_group":"80+","count":38,"tested":768},{"age_group":"Unknown","count":0,"tested":0}],"race":[{"description":"AI/AN**","count":0,"tested":0,"color":"rgb(31,119,180)"},{"description":"Asian","count":0,"tested":0,"color":"rgb(140,86,75)"},{"description":"Black","count":8,"tested":334,"color":"rgb(255,127,14)"},{"description":"Hispanic","count":0,"tested":33,"color":"rgb(214,39,40)"},{"description":"Left Blank","count":98,"tested":4155,"color":"rgb(44,160,44)"},{"description":"Other","count":0,"tested":45,"color":"rgb(148,103,189)"},{"description":"White","count":293,"tested":2965,"color":"rgb(31,119,180)"}],"gender":[{"description":"Female","count":231,"tested":4277,"color":"rgb(255,127,14)"},{"description":"Male","count":155,"tested":2420,"color":"rgb(31,119,180)"},{"description":"Unknown/Left Blank","count":17,"tested":839,"color":"rgb(44,160,44)"}]}}]}
