{"lastUpdatedDate":{"year":2020,"month":11,"day":5},"county_demographics":[{"County":"Crawford","confirmed_cases":700,"total_tested":6421,"demographics":{"age":[{"age_group":"<20","count":77,"tested":934},{"age_group":"20-29   ","count":107,"tested":947},{"age_group":"30-39   ","count":142,"tested":998},{"age_group":"40-49   ","count":117,"tested":806},{"age_group":"50-59   ","count":129,"tested":879},{"age_group":"60-69   ","count":65,"tested":680},{"age_group":"70-79   ","count":49,"tested":514},{"age_group":"80+","count":14,"tested":661},{"age_group":"Unknown","count":0,"tested":0}],"race":[{"description":"AI/AN**","count":0,"tested":0,"color":"rgb(31,119,180)"},{"description":"Asian","count":0,"tested":12,"color":"rgb(140,86,75)"},{"description":"Black","count":151,"tested":313,"color":"rgb(255,127,14)"},{"description":"Hispanic","count":36,"tested":59,"color":"rgb(214,39,40)"},{"description":"Left Blank","count":100,"tested":1746,"color":"rgb(44,160,44)"},{"description":"NH/PI*","count":0,"tested":0,"color":"rgb(127,127,127)"},{"description":"Other","count":13,"tested":456,"color":"rgb(148,103,189)"},{"description":"White","count":398,"tested":3835,"color":"rgb(31,119,180)"}],"gender":[{"description":"Female","count":196,"tested":3860,"color":"rgb(255,127,14)"},{"description":"Male","count":495,"tested":2488,"color":"rgb(31,119,180)"},{"description":"Unknown/Left Blank","count":9,"tested":73,"color":"rgb(44,160,44)"}]}}]}
