{"lastUpdatedDate":{"year":2020,"month":11,"day":5},"county_demographics":[{"County":"LaSalle","confirmed_cases":3136,"total_tested":44238,"demographics":{"age":[{"age_group":"<20","count":370,"tested":4775},{"age_group":"20-29   ","count":533,"tested":6512},{"age_group":"30-39   ","count":409,"tested":6112},{"age_group":"40-49   ","count":459,"tested":5826},{"age_group":"50-59   ","count":476,"tested":6547},{"age_group":"60-69   ","count":393,"tested":5625},{"age_group":"70-79   ","count":233,"tested":3637},{"age_group":"80+","count":262,"tested":5100},{"age_group":"Unknown","count":0,"tested":104}],"race":[{"description":"AI/AN**","count":0,"tested":21,"color":"rgb(31,119,180)"},{"description":"Asian","count":7,"tested":118,"color":"rgb(140,86,75)"},{"description":"Black","count":49,"tested":476,"color":"rgb(255,127,14)"},{"description":"Hispanic","count":291,"tested":1709,"color":"rgb(214,39,40)"},{"description":"Left Blank","count":657,"tested":15024,"color":"rgb(44,160,44)"},{"description":"NH/PI*","count":0,"tested":61,"color":"rgb(127,127,127)"},{"description":"Other","count":137,"tested":1184,"color":"rgb(148,103,189)"},{"description":"White","count":1995,"tested":25645,"color":"rgb(31,119,180)"}],"gender":[{"description":"Female","count":1681,"tested":24446,"color":"rgb(255,127,14)"},{"description":"Male","count":1365,"tested":17602,"color":"rgb(31,119,180)"},{"description":"Unknown/Left Blank","count":90,"tested":2190,"color":"rgb(44,160,44)"}]}}]}
