{"lastUpdatedDate":{"year":2020,"month":11,"day":5},"county_demographics":[{"County":"De Witt","confirmed_cases":327,"total_tested":6715,"demographics":{"age":[{"age_group":"<20","count":43,"tested":1127},{"age_group":"20-29   ","count":44,"tested":994},{"age_group":"30-39   ","count":32,"tested":896},{"age_group":"40-49   ","count":29,"tested":802},{"age_group":"50-59   ","count":48,"tested":944},{"age_group":"60-69   ","count":34,"tested":859},{"age_group":"70-79   ","count":47,"tested":628},{"age_group":"80+","count":50,"tested":464},{"age_group":"Unknown","count":0,"tested":0}],"race":[{"description":"AI/AN**","count":0,"tested":0,"color":"rgb(31,119,180)"},{"description":"Asian","count":0,"tested":10,"color":"rgb(140,86,75)"},{"description":"Black","count":0,"tested":43,"color":"rgb(255,127,14)"},{"description":"Hispanic","count":0,"tested":41,"color":"rgb(214,39,40)"},{"description":"Left Blank","count":73,"tested":3153,"color":"rgb(44,160,44)"},{"description":"NH/PI*","count":0,"tested":0,"color":"rgb(127,127,127)"},{"description":"Other","count":0,"tested":111,"color":"rgb(148,103,189)"},{"description":"White","count":243,"tested":3351,"color":"rgb(31,119,180)"}],"gender":[{"description":"Female","count":187,"tested":3946,"color":"rgb(255,127,14)"},{"description":"Male","count":137,"tested":2571,"color":"rgb(31,119,180)"},{"description":"Unknown/Left Blank","count":0,"tested":198,"color":"rgb(44,160,44)"}]}}]}
