{"lastUpdatedDate":{"year":2020,"month":11,"day":5},"county_demographics":[{"County":"Williamson","confirmed_cases":2226,"total_tested":34714,"demographics":{"age":[{"age_group":"<20","count":325,"tested":3549},{"age_group":"20-29   ","count":343,"tested":4807},{"age_group":"30-39   ","count":344,"tested":5380},{"age_group":"40-49   ","count":314,"tested":4870},{"age_group":"50-59   ","count":333,"tested":5185},{"age_group":"60-69   ","count":233,"tested":4419},{"age_group":"70-79   ","count":191,"tested":3649},{"age_group":"80+","count":143,"tested":2839},{"age_group":"Unknown","count":0,"tested":16}],"race":[{"description":"AI/AN**","count":0,"tested":9,"color":"rgb(31,119,180)"},{"description":"Asian","count":8,"tested":91,"color":"rgb(140,86,75)"},{"description":"Black","count":61,"tested":997,"color":"rgb(255,127,14)"},{"description":"Hispanic","count":25,"tested":284,"color":"rgb(214,39,40)"},{"description":"Left Blank","count":498,"tested":13156,"color":"rgb(44,160,44)"},{"description":"NH/PI*","count":0,"tested":17,"color":"rgb(127,127,127)"},{"description":"Other","count":18,"tested":499,"color":"rgb(148,103,189)"},{"description":"White","count":1615,"tested":19661,"color":"rgb(31,119,180)"}],"gender":[{"description":"Female","count":1147,"tested":17072,"color":"rgb(255,127,14)"},{"description":"Male","count":862,"tested":12506,"color":"rgb(31,119,180)"},{"description":"Unknown/Left Blank","count":217,"tested":5136,"color":"rgb(44,160,44)"}]}}]}
