{"lastUpdatedDate":{"year":2020,"month":11,"day":5},"county_demographics":[{"County":"DeKalb","confirmed_cases":3027,"total_tested":51009,"demographics":{"age":[{"age_group":"<20","count":516,"tested":8363},{"age_group":"20-29   ","count":813,"tested":11667},{"age_group":"30-39   ","count":423,"tested":6683},{"age_group":"40-49   ","count":439,"tested":5481},{"age_group":"50-59   ","count":386,"tested":6100},{"age_group":"60-69   ","count":212,"tested":5187},{"age_group":"70-79   ","count":123,"tested":3504},{"age_group":"80+","count":115,"tested":4008},{"age_group":"Unknown","count":0,"tested":16}],"race":[{"description":"AI/AN**","count":0,"tested":24,"color":"rgb(31,119,180)"},{"description":"Asian","count":40,"tested":548,"color":"rgb(140,86,75)"},{"description":"Black","count":299,"tested":3464,"color":"rgb(255,127,14)"},{"description":"Hispanic","count":655,"tested":3194,"color":"rgb(214,39,40)"},{"description":"Left Blank","count":420,"tested":22569,"color":"rgb(44,160,44)"},{"description":"NH/PI*","count":0,"tested":15,"color":"rgb(127,127,127)"},{"description":"Other","count":36,"tested":638,"color":"rgb(148,103,189)"},{"description":"White","count":1573,"tested":20557,"color":"rgb(31,119,180)"}],"gender":[{"description":"Female","count":1602,"tested":30227,"color":"rgb(255,127,14)"},{"description":"Male","count":1422,"tested":19924,"color":"rgb(31,119,180)"},{"description":"Unknown/Left Blank","count":0,"tested":858,"color":"rgb(44,160,44)"}]}}]}
