{"lastUpdatedDate":{"year":2021,"month":3,"day":4},"county_demographics":[{"County":"Ford","confirmed_cases":1593,"total_tested":24861,"demographics":{"age":[{"race":[],"age_group":"<20","count":316,"tested":3727,"deaths":0},{"race":[],"age_group":"20-29   ","count":230,"tested":3720,"deaths":0},{"race":[],"age_group":"30-39   ","count":216,"tested":3434,"deaths":0},{"race":[],"age_group":"40-49   ","count":186,"tested":3019,"deaths":0},{"race":[],"age_group":"50-59   ","count":189,"tested":3189,"deaths":0},{"race":[],"age_group":"60-69   ","count":178,"tested":3127,"deaths":0},{"race":[],"age_group":"70-79   ","count":106,"tested":1832,"deaths":0},{"race":[],"age_group":"80+","count":172,"tested":2805,"deaths":0},{"race":[],"age_group":"Unknown","count":0,"tested":8,"deaths":0}],"race":[{"description":"AI/AN**","count":0,"tested":10,"deaths":0,"color":"rgb(31,119,180)"},{"description":"Asian","count":0,"tested":67,"deaths":0,"color":"rgb(140,86,75)"},{"description":"Black","count":6,"tested":168,"deaths":0,"color":"rgb(255,127,14)"},{"description":"Hispanic","count":43,"tested":328,"deaths":0,"color":"rgb(214,39,40)"},{"description":"Left Blank","count":236,"tested":7267,"deaths":0,"color":"rgb(44,160,44)"},{"description":"NH/PI*","count":0,"tested":14,"deaths":0,"color":"rgb(127,127,127)"},{"description":"Other","count":25,"tested":302,"deaths":0,"color":"rgb(148,103,189)"},{"description":"White","count":1272,"tested":16705,"deaths":0,"color":"rgb(31,119,180)"}],"gender":[{"description":"Female","count":873,"tested":15483,"deaths":0,"color":"rgb(255,127,14)"},{"description":"Male","count":693,"tested":8571,"deaths":0,"color":"rgb(31,119,180)"},{"description":"Unknown/Left Blank","count":27,"tested":807,"deaths":0,"color":"rgb(44,160,44)"}]}}]}
