{"lastUpdatedDate":{"year":2021,"month":3,"day":4},"county_demographics":[{"County":"Saline","confirmed_cases":2324,"total_tested":29172,"demographics":{"age":[{"race":[],"age_group":"<20","count":363,"tested":3448,"deaths":0},{"race":[],"age_group":"20-29   ","count":337,"tested":4158,"deaths":0},{"race":[],"age_group":"30-39   ","count":328,"tested":3913,"deaths":0},{"race":[],"age_group":"40-49   ","count":294,"tested":3672,"deaths":0},{"race":[],"age_group":"50-59   ","count":304,"tested":3968,"deaths":0},{"race":[],"age_group":"60-69   ","count":294,"tested":3606,"deaths":0},{"race":[],"age_group":"70-79   ","count":229,"tested":3052,"deaths":0},{"race":[],"age_group":"80+","count":175,"tested":3353,"deaths":0},{"race":[],"age_group":"Unknown","count":0,"tested":0,"deaths":0}],"race":[{"description":"AI/AN**","count":0,"tested":8,"deaths":0,"color":"rgb(31,119,180)"},{"description":"Asian","count":0,"tested":42,"deaths":0,"color":"rgb(140,86,75)"},{"description":"Black","count":72,"tested":839,"deaths":0,"color":"rgb(255,127,14)"},{"description":"Hispanic","count":19,"tested":127,"deaths":0,"color":"rgb(214,39,40)"},{"description":"Left Blank","count":679,"tested":14536,"deaths":0,"color":"rgb(44,160,44)"},{"description":"NH/PI*","count":0,"tested":9,"deaths":0,"color":"rgb(127,127,127)"},{"description":"Other","count":11,"tested":148,"deaths":0,"color":"rgb(148,103,189)"},{"description":"White","count":1537,"tested":13463,"deaths":0,"color":"rgb(31,119,180)"}],"gender":[{"description":"Female","count":1256,"tested":17405,"deaths":0,"color":"rgb(255,127,14)"},{"description":"Male","count":1022,"tested":10339,"deaths":0,"color":"rgb(31,119,180)"},{"description":"Unknown/Left Blank","count":46,"tested":1428,"deaths":0,"color":"rgb(44,160,44)"}]}}]}
