{"lastUpdatedDate":{"year":2021,"month":3,"day":4},"county_demographics":[{"County":"Clinton","confirmed_cases":5579,"total_tested":55090,"demographics":{"age":[{"race":[],"age_group":"<20","count":837,"tested":7032,"deaths":0},{"race":[],"age_group":"20-29   ","count":857,"tested":8817,"deaths":0},{"race":[],"age_group":"30-39   ","count":875,"tested":8374,"deaths":0},{"race":[],"age_group":"40-49   ","count":737,"tested":7513,"deaths":0},{"race":[],"age_group":"50-59   ","count":866,"tested":8506,"deaths":0},{"race":[],"age_group":"60-69   ","count":703,"tested":6769,"deaths":0},{"race":[],"age_group":"70-79   ","count":342,"tested":3443,"deaths":0},{"race":[],"age_group":"80+","count":349,"tested":4481,"deaths":0},{"race":[],"age_group":"Unknown","count":13,"tested":155,"deaths":0}],"race":[{"description":"AI/AN**","count":6,"tested":14,"deaths":0,"color":"rgb(31,119,180)"},{"description":"Asian","count":0,"tested":77,"deaths":0,"color":"rgb(140,86,75)"},{"description":"Black","count":100,"tested":1303,"deaths":0,"color":"rgb(255,127,14)"},{"description":"Hispanic","count":64,"tested":320,"deaths":0,"color":"rgb(214,39,40)"},{"description":"Left Blank","count":2433,"tested":27800,"deaths":0,"color":"rgb(44,160,44)"},{"description":"NH/PI*","count":0,"tested":22,"deaths":0,"color":"rgb(127,127,127)"},{"description":"Other","count":114,"tested":712,"deaths":0,"color":"rgb(148,103,189)"},{"description":"White","count":2848,"tested":24842,"deaths":0,"color":"rgb(31,119,180)"}],"gender":[{"description":"Female","count":2900,"tested":31108,"deaths":0,"color":"rgb(255,127,14)"},{"description":"Male","count":2542,"tested":21258,"deaths":0,"color":"rgb(31,119,180)"},{"description":"Unknown/Left Blank","count":137,"tested":2724,"deaths":0,"color":"rgb(44,160,44)"}]}}]}
