{"lastUpdatedDate":{"year":2021,"month":3,"day":4},"county_demographics":[{"County":"Massac","confirmed_cases":1280,"total_tested":10402,"demographics":{"age":[{"race":[],"age_group":"<20","count":179,"tested":1178,"deaths":0},{"race":[],"age_group":"20-29   ","count":173,"tested":1367,"deaths":0},{"race":[],"age_group":"30-39   ","count":157,"tested":1130,"deaths":0},{"race":[],"age_group":"40-49   ","count":168,"tested":1463,"deaths":0},{"race":[],"age_group":"50-59   ","count":208,"tested":1541,"deaths":0},{"race":[],"age_group":"60-69   ","count":152,"tested":1300,"deaths":0},{"race":[],"age_group":"70-79   ","count":121,"tested":1088,"deaths":0},{"race":[],"age_group":"80+","count":109,"tested":1334,"deaths":0},{"race":[],"age_group":"Unknown","count":0,"tested":0,"deaths":0}],"race":[{"description":"AI/AN**","count":0,"tested":0,"deaths":0,"color":"rgb(31,119,180)"},{"description":"Asian","count":0,"tested":9,"deaths":0,"color":"rgb(140,86,75)"},{"description":"Black","count":28,"tested":259,"deaths":0,"color":"rgb(255,127,14)"},{"description":"Hispanic","count":6,"tested":47,"deaths":0,"color":"rgb(214,39,40)"},{"description":"Left Blank","count":615,"tested":5843,"deaths":0,"color":"rgb(44,160,44)"},{"description":"NH/PI*","count":0,"tested":0,"deaths":0,"color":"rgb(127,127,127)"},{"description":"Other","count":0,"tested":51,"deaths":0,"color":"rgb(148,103,189)"},{"description":"White","count":623,"tested":4187,"deaths":0,"color":"rgb(31,119,180)"}],"gender":[{"description":"Female","count":672,"tested":6260,"deaths":0,"color":"rgb(255,127,14)"},{"description":"Male","count":576,"tested":3724,"deaths":0,"color":"rgb(31,119,180)"},{"description":"Unknown/Left Blank","count":28,"tested":418,"deaths":0,"color":"rgb(44,160,44)"}]}}]}
