{"lastUpdatedDate":{"year":2021,"month":3,"day":4},"county_demographics":[{"County":"Calhoun","confirmed_cases":482,"total_tested":5088,"demographics":{"age":[{"race":[],"age_group":"<20","count":90,"tested":691,"deaths":0},{"race":[],"age_group":"20-29   ","count":71,"tested":642,"deaths":0},{"race":[],"age_group":"30-39   ","count":74,"tested":793,"deaths":0},{"race":[],"age_group":"40-49   ","count":62,"tested":555,"deaths":0},{"race":[],"age_group":"50-59   ","count":58,"tested":751,"deaths":0},{"race":[],"age_group":"60-69   ","count":73,"tested":546,"deaths":0},{"race":[],"age_group":"70-79   ","count":33,"tested":453,"deaths":0},{"race":[],"age_group":"80+","count":21,"tested":655,"deaths":0},{"race":[],"age_group":"Unknown","count":0,"tested":0,"deaths":0}],"race":[{"description":"AI/AN**","count":0,"tested":0,"deaths":0,"color":"rgb(31,119,180)"},{"description":"Black","count":0,"tested":23,"deaths":0,"color":"rgb(255,127,14)"},{"description":"Hispanic","count":0,"tested":0,"deaths":0,"color":"rgb(214,39,40)"},{"description":"Left Blank","count":77,"tested":1197,"deaths":0,"color":"rgb(44,160,44)"},{"description":"Other","count":0,"tested":32,"deaths":0,"color":"rgb(148,103,189)"},{"description":"White","count":395,"tested":3831,"deaths":0,"color":"rgb(31,119,180)"}],"gender":[{"description":"Female","count":257,"tested":3266,"deaths":0,"color":"rgb(255,127,14)"},{"description":"Male","count":223,"tested":1754,"deaths":0,"color":"rgb(31,119,180)"},{"description":"Unknown/Left Blank","count":0,"tested":68,"deaths":0,"color":"rgb(44,160,44)"}]}}]}
