{"lastUpdatedDate":{"year":2021,"month":3,"day":4},"county_demographics":[{"County":"Ogle","confirmed_cases":5051,"total_tested":51270,"demographics":{"age":[{"race":[],"age_group":"<20","count":792,"tested":7407,"deaths":0},{"race":[],"age_group":"20-29   ","count":817,"tested":7807,"deaths":0},{"race":[],"age_group":"30-39   ","count":782,"tested":7540,"deaths":0},{"race":[],"age_group":"40-49   ","count":749,"tested":6665,"deaths":0},{"race":[],"age_group":"50-59   ","count":790,"tested":7641,"deaths":0},{"race":[],"age_group":"60-69   ","count":518,"tested":6332,"deaths":0},{"race":[],"age_group":"70-79   ","count":300,"tested":3410,"deaths":0},{"race":[],"age_group":"80+","count":243,"tested":4441,"deaths":0},{"race":[],"age_group":"Unknown","count":60,"tested":27,"deaths":0}],"race":[{"description":"AI/AN**","count":0,"tested":45,"deaths":0,"color":"rgb(31,119,180)"},{"description":"Asian","count":7,"tested":73,"deaths":0,"color":"rgb(140,86,75)"},{"description":"Black","count":27,"tested":493,"deaths":0,"color":"rgb(255,127,14)"},{"description":"Hispanic","count":450,"tested":1449,"deaths":0,"color":"rgb(214,39,40)"},{"description":"Left Blank","count":2053,"tested":23276,"deaths":0,"color":"rgb(44,160,44)"},{"description":"NH/PI*","count":0,"tested":0,"deaths":0,"color":"rgb(127,127,127)"},{"description":"Other","count":73,"tested":643,"deaths":0,"color":"rgb(148,103,189)"},{"description":"White","count":2436,"tested":25287,"deaths":0,"color":"rgb(31,119,180)"}],"gender":[{"description":"Female","count":2657,"tested":31720,"deaths":0,"color":"rgb(255,127,14)"},{"description":"Male","count":2326,"tested":16390,"deaths":0,"color":"rgb(31,119,180)"},{"description":"Unknown/Left Blank","count":68,"tested":3160,"deaths":0,"color":"rgb(44,160,44)"}]}}]}
