{"lastUpdatedDate":{"year":2021,"month":3,"day":4},"county_demographics":[{"County":"Champaign","confirmed_cases":18222,"total_tested":1796542,"demographics":{"age":[{"race":[],"age_group":"<20","count":4899,"tested":411081,"deaths":0},{"race":[],"age_group":"20-29   ","count":5440,"tested":806038,"deaths":0},{"race":[],"age_group":"30-39   ","count":2209,"tested":180933,"deaths":0},{"race":[],"age_group":"40-49   ","count":1877,"tested":138228,"deaths":0},{"race":[],"age_group":"50-59   ","count":1588,"tested":129404,"deaths":0},{"race":[],"age_group":"60-69   ","count":1218,"tested":81102,"deaths":0},{"race":[],"age_group":"70-79   ","count":532,"tested":28172,"deaths":0},{"race":[],"age_group":"80+","count":457,"tested":21324,"deaths":0},{"race":[],"age_group":"Unknown","count":0,"tested":260,"deaths":0}],"race":[{"description":"AI/AN**","count":11,"tested":2526,"deaths":0,"color":"rgb(31,119,180)"},{"description":"Asian","count":1007,"tested":345329,"deaths":0,"color":"rgb(140,86,75)"},{"description":"Black","count":2663,"tested":135468,"deaths":0,"color":"rgb(255,127,14)"},{"description":"Hispanic","count":2187,"tested":137492,"deaths":0,"color":"rgb(214,39,40)"},{"description":"Left Blank","count":666,"tested":87571,"deaths":0,"color":"rgb(44,160,44)"},{"description":"NH/PI*","count":9,"tested":1194,"deaths":0,"color":"rgb(127,127,127)"},{"description":"Other","count":489,"tested":82279,"deaths":0,"color":"rgb(148,103,189)"},{"description":"White","count":11188,"tested":1004683,"deaths":0,"color":"rgb(31,119,180)"}],"gender":[{"description":"Female","count":9096,"tested":878447,"deaths":0,"color":"rgb(255,127,14)"},{"description":"Male","count":9091,"tested":913722,"deaths":0,"color":"rgb(31,119,180)"},{"description":"Unknown/Left Blank","count":35,"tested":4373,"deaths":0,"color":"rgb(44,160,44)"}]}}]}
